2011.09.09 03:00:01.200,1.06282,1.06297,2.06,1.50
2011.09.09 03:00:01.323,1.06287,1.06301,1.50,1.50
2011.09.09 03:00:06.420,1.06287,1.06299,3.00,1.50
2011.09.09 03:00:06.761,1.06283,1.06299,1.68,1.50
2011.09.09 03:00:13.491,1.06283,1.06296,1.76,1.88
2011.09.09 03:00:14.293,1.06281,1.06297,1.65,3.75
2011.09.09 03:00:14.533,1.0628,1.06297,4.08,3.00
2011.09.09 03:00:15.110,1.0628,1.06293,1.08,1.50
2011.09.09 03:00:18.334,1.06278,1.06293,1.68,2.03
2011.09.09 03:00:18.453,1.06278,1.0629,1.68,1.28
2011.09.09 03:00:18.576,1.06277,1.06289,1.68,1.13
2011.09.09 03:00:19.205,1.06276,1.06287,3.75,1.50
2011.09.09 03:00:19.330,1.06271,1.06288,2.43,2.63
2011.09.09 03:00:23.935,1.06272,1.06289,1.50,3.00
2011.09.09 03:00:26.510,1.06272,1.06285,1.50,1.13
2011.09.09 03:00:27.121,1.06271,1.06281,1.68,1.50
2011.09.09 03:00:27.483,1.06258,1.06273,1.83,4.50
2011.09.09 03:00:27.834,1.06256,1.06271,1.68,4.50
2011.09.09 03:00:29.912,1.06255,1.06271,1.68,3.75
2011.09.09 03:00:31.086,1.06255,1.0627,1.68,2.25
2011.09.09 03:00:32.052,1.06254,1.0627,2.43,1.50
2011.09.09 03:00:33.215,1.06258,1.06271,1.50,3.00
2011.09.09 03:00:33.557,1.06258,1.06273,1.50,2.25
2011.09.09 03:00:34.233,1.06258,1.06273,1.50,1.50
2011.09.09 03:00:38.506,1.06262,1.06274,1.50,1.50
2011.09.09 03:00:38.626,1.06262,1.06275,1.50,2.25
2011.09.09 03:00:41.557,1.06262,1.06276,1.50,1.50
2011.09.09 03:00:41.781,1.06264,1.06278,1.50,1.50
2011.09.09 03:00:42.356,1.06264,1.06279,1.50,2.25
2011.09.09 03:00:54.732,1.06262,1.06278,2.43,1.50
2011.09.09 03:00:54.853,1.06262,1.06278,2.43,1.50
2011.09.09 03:00:56.361,1.06262,1.06278,2.43,1.50
2011.09.09 03:00:56.604,1.06268,1.06279,1.50,1.50
2011.09.09 03:01:01.667,1.06266,1.06279,3.75,2.25
2011.09.09 03:01:02.437,1.06262,1.06278,2.43,1.50
2011.09.09 03:01:02.574,1.06259,1.06274,1.68,4.50
2011.09.09 03:01:03.383,1.06258,1.06273,1.95,3.00
2011.09.09 03:01:13.225,1.06258,1.06272,1.50,1.50
2011.09.09 03:01:24.652,1.06258,1.06272,1.88,1.50
2011.09.09 03:01:24.775,1.06261,1.06274,4.13,1.50
2011.09.09 03:01:24.897,1.06261,1.06274,3.75,1.50
2011.09.09 03:01:26.733,1.06261,1.06275,3.00,2.25
2011.09.09 03:01:28.169,1.06261,1.06275,3.00,2.25
2011.09.09 03:01:56.961,1.06256,1.0627,1.50,1.50
2011.09.09 03:01:57.325,1.06261,1.0627,2.25,1.50
2011.09.09 03:01:57.802,1.06257,1.0627,2.10,1.50
2011.09.09 03:01:58.392,1.06257,1.0627,2.10,1.50
2011.09.09 03:02:01.784,1.0626,1.0627,3.75,1.50
2011.09.09 03:02:02.693,1.0626,1.0627,2.25,2.25
2011.09.09 03:02:02.925,1.06256,1.0627,1.50,1.50
2011.09.09 03:02:03.162,1.06256,1.0627,1.50,2.25
2011.09.09 03:02:03.724,1.06256,1.0627,2.25,1.50
2011.09.09 03:02:10.693,1.06257,1.0627,3.00,1.50
2011.09.09 03:02:21.152,1.0626,1.0627,3.75,1.50
2011.09.09 03:02:21.893,1.0626,1.0627,3.75,1.50
2011.09.09 03:02:28.116,1.06257,1.0627,2.25,1.50
2011.09.09 03:02:28.468,1.06257,1.06269,1.50,1.50
2011.09.09 03:02:28.712,1.06252,1.06268,1.68,1.50
2011.09.09 03:02:30.846,1.06254,1.06269,1.50,2.25
2011.09.09 03:02:36.222,1.06253,1.06268,1.50,1.50
2011.09.09 03:02:36.994,1.06253,1.06268,1.50,1.50
2011.09.09 03:02:40.055,1.06254,1.06268,1.50,1.50
2011.09.09 03:02:40.767,1.06253,1.06268,1.50,1.50
2011.09.09 03:02:49.975,1.06256,1.06269,1.50,1.50
2011.09.09 03:02:50.544,1.06257,1.0627,4.50,1.50
2011.09.09 03:02:51.258,1.06257,1.06268,3.00,1.35
2011.09.09 03:02:51.506,1.0625,1.06263,1.07,1.13
2011.09.09 03:02:52.175,1.06246,1.06259,1.82,2.10
2011.09.09 03:02:52.298,1.06244,1.06259,2.25,2.85
2011.09.09 03:02:57.502,1.06246,1.06259,1.50,1.50
2011.09.09 03:02:57.852,1.06247,1.06259,3.75,2.25
2011.09.09 03:02:59.374,1.06247,1.06257,3.00,1.50
2011.09.09 03:02:59.618,1.06241,1.06253,1.07,3.00
2011.09.09 03:02:59.985,1.06237,1.06249,3.32,1.50
2011.09.09 03:03:00.767,1.06236,1.06249,1.07,1.50
2011.09.09 03:03:01.672,1.06234,1.06249,1.50,2.25
2011.09.09 03:03:02.245,1.06234,1.06249,1.50,2.25
2011.09.09 03:03:03.773,1.06234,1.06247,1.50,1.50
2011.09.09 03:03:08.222,1.06234,1.06247,1.50,1.50
2011.09.09 03:03:08.561,1.06234,1.06249,1.50,1.50
2011.09.09 03:03:10.345,1.06238,1.06251,1.50,2.25
2011.09.09 03:03:10.928,1.06238,1.06251,1.50,2.25
2011.09.09 03:03:13.407,1.06231,1.06243,1.88,1.50
2011.09.09 03:03:13.991,1.06231,1.06243,1.13,1.50
2011.09.09 03:03:15.928,1.06232,1.06243,1.50,1.50
2011.09.09 03:03:16.176,1.06231,1.06244,1.88,2.25
2011.09.09 03:03:16.758,1.06227,1.06238,5.00,1.35
2011.09.09 03:03:17.122,1.06224,1.06238,1.07,1.50
2011.09.09 03:03:17.701,1.06225,1.06238,1.50,1.50
2011.09.09 03:03:18.852,1.06223,1.06238,1.50,1.50
2011.09.09 03:03:19.526,1.06223,1.06238,1.50,2.63
2011.09.09 03:03:19.648,1.06222,1.06237,1.50,2.25
2011.09.09 03:03:20.016,1.06218,1.06232,1.07,3.00
2011.09.09 03:03:20.253,1.06217,1.06229,3.75,1.88
2011.09.09 03:03:20.375,1.06213,1.06227,2.25,1.50
2011.09.09 03:03:26.283,1.06213,1.06225,1.50,1.50
2011.09.09 03:03:26.852,1.06211,1.06225,2.25,1.50
2011.09.09 03:03:45.650,1.06216,1.06225,1.50,1.50
2011.09.09 03:03:46.567,1.06211,1.06225,4.50,2.25
2011.09.09 03:03:51.996,1.06209,1.06223,1.07,1.50
2011.09.09 03:03:52.355,1.06212,1.06226,2.25,2.25
2011.09.09 03:03:53.193,1.06212,1.06227,2.25,1.50
2011.09.09 03:03:55.582,1.06212,1.06227,2.25,1.50
2011.09.09 03:03:55.705,1.06212,1.06224,1.50,1.50
2011.09.09 03:03:56.273,1.06209,1.06223,1.50,3.00
2011.09.09 03:03:59.660,1.06211,1.06223,1.50,3.00
2011.09.09 03:04:00.233,1.06213,1.06226,1.50,1.50
2011.09.09 03:04:07.170,1.06213,1.06226,1.50,1.50
2011.09.09 03:04:08.349,1.06213,1.06226,1.50,1.50
2011.09.09 03:04:08.891,1.06217,1.06227,1.50,1.50
2011.09.09 03:04:09.026,1.06214,1.06228,3.38,1.50
2011.09.09 03:04:09.603,1.06213,1.06227,1.50,1.50
2011.09.09 03:04:16.942,1.06213,1.06227,1.50,2.25
2011.09.09 03:04:17.064,1.06211,1.06224,1.07,2.25
2011.09.09 03:04:18.936,1.06213,1.06227,1.50,2.25
2011.09.09 03:04:19.163,1.06213,1.06227,1.50,1.50
2011.09.09 03:04:19.283,1.06213,1.06227,1.50,1.50
2011.09.09 03:04:19.732,1.06211,1.06227,5.57,1.50
2011.09.09 03:04:19.852,1.06213,1.06227,1.50,1.50
2011.09.09 03:04:20.093,1.06211,1.06227,5.57,1.50
2011.09.09 03:04:20.435,1.06211,1.06222,3.32,1.50
2011.09.09 03:04:20.557,1.06211,1.06222,3.32,1.50
2011.09.09 03:04:20.676,1.06206,1.0622,2.00,1.50
2011.09.09 03:04:20.797,1.06207,1.06222,1.82,1.50
2011.09.09 03:04:21.157,1.06204,1.06219,1.25,1.50
2011.09.09 03:04:22.058,1.06203,1.06219,1.68,2.25
2011.09.09 03:04:22.662,1.06203,1.06219,1.68,2.25
2011.09.09 03:04:23.225,1.06208,1.06221,1.50,2.25
2011.09.09 03:04:23.344,1.06208,1.06221,1.50,2.25
2011.09.09 03:04:23.912,1.06208,1.06223,2.25,2.25
2011.09.09 03:04:24.254,1.06212,1.06223,1.50,1.50
2011.09.09 03:04:24.373,1.06213,1.06226,1.50,1.50
2011.09.09 03:04:24.602,1.06213,1.06228,1.50,2.25
2011.09.09 03:04:25.162,1.06212,1.06228,1.50,2.25
2011.09.09 03:04:25.393,1.06212,1.06228,2.25,1.50
2011.09.09 03:04:26.193,1.06216,1.0623,1.50,1.50
2011.09.09 03:04:26.855,1.06219,1.06233,1.68,2.25
2011.09.09 03:04:27.854,1.06219,1.06233,1.68,2.25
2011.09.09 03:04:54.204,1.06219,1.06233,1.68,1.88
2011.09.09 03:04:55.095,1.06219,1.06233,1.68,1.88
2011.09.09 03:04:59.253,1.06219,1.06233,1.68,1.88
2011.09.09 03:05:01.217,1.06218,1.06232,2.43,1.50
2011.09.09 03:05:03.193,1.06218,1.06232,1.50,2.25
2011.09.09 03:05:03.709,1.06218,1.06232,1.50,2.25
2011.09.09 03:05:03.832,1.06218,1.06232,1.50,2.25
2011.09.09 03:05:04.731,1.06218,1.06232,1.50,2.25
2011.09.09 03:05:06.622,1.06217,1.06232,4.50,2.25
2011.09.09 03:05:08.974,1.06217,1.06232,4.50,2.25
2011.09.09 03:05:09.868,1.06217,1.06232,4.50,2.25
2011.09.09 03:05:14.843,1.06218,1.06232,1.50,2.25
2011.09.09 03:05:15.182,1.06218,1.06232,1.50,1.50
2011.09.09 03:05:17.326,1.06218,1.06232,1.50,1.50
2011.09.09 03:05:24.871,1.06218,1.06232,1.50,1.50
2011.09.09 03:05:26.662,1.06218,1.06232,1.50,1.50
2011.09.09 03:05:32.300,1.06217,1.06233,4.68,2.25
2011.09.09 03:05:37.390,1.06217,1.06233,4.68,2.25
2011.09.09 03:05:44.954,1.06219,1.06233,1.50,2.25
2011.09.09 03:05:45.632,1.06219,1.06233,1.50,2.25
2011.09.09 03:05:51.107,1.06219,1.06233,1.50,2.25
2011.09.09 03:05:51.671,1.0622,1.06233,1.68,1.50
2011.09.09 03:05:57.392,1.0622,1.06233,1.68,1.50
2011.09.09 03:06:01.136,1.06219,1.06233,2.43,2.25
2011.09.09 03:06:01.743,1.06219,1.06232,1.68,1.50
2011.09.09 03:06:02.300,1.06219,1.06232,1.68,1.50
2011.09.09 03:06:04.034,1.06219,1.06233,1.68,1.50
2011.09.09 03:06:12.602,1.06218,1.06232,1.68,2.10
2011.09.09 03:06:13.502,1.06218,1.06229,1.50,1.50
2011.09.09 03:06:13.848,1.06212,1.06227,1.25,2.63
2011.09.09 03:06:14.205,1.06212,1.06226,1.50,2.25
2011.09.09 03:06:14.784,1.06211,1.06223,1.50,1.50
2011.09.09 03:06:16.524,1.06211,1.06224,3.75,1.50
2011.09.09 03:06:16.645,1.06211,1.06225,3.75,1.50
2011.09.09 03:06:16.884,1.06212,1.06224,1.50,1.50
2011.09.09 03:06:18.405,1.06212,1.06226,1.50,1.50
2011.09.09 03:06:18.972,1.06211,1.06225,1.50,1.50
2011.09.09 03:06:19.531,1.06211,1.06226,1.50,1.50
2011.09.09 03:06:20.861,1.06211,1.06226,1.88,1.50
2011.09.09 03:06:21.456,1.06212,1.06227,1.82,1.50
2011.09.09 03:06:21.803,1.06211,1.06226,1.50,1.50
2011.09.09 03:06:22.034,1.06212,1.06227,2.25,1.50
2011.09.09 03:06:22.156,1.06213,1.06227,1.50,1.50
2011.09.09 03:06:24.703,1.06211,1.06226,2.25,2.25
2011.09.09 03:06:24.823,1.06211,1.06226,1.50,2.25
2011.09.09 03:06:25.454,1.06211,1.06225,3.75,1.50
2011.09.09 03:06:25.818,1.06208,1.06223,2.43,2.25
2011.09.09 03:06:26.762,1.06208,1.06223,2.43,1.50
2011.09.09 03:06:27.766,1.06211,1.06226,1.50,2.85
2011.09.09 03:06:27.886,1.06212,1.06226,1.50,2.10
2011.09.09 03:06:28.113,1.06212,1.06226,1.50,1.50
2011.09.09 03:06:28.343,1.06212,1.06226,1.50,1.50
2011.09.09 03:06:28.682,1.06212,1.06226,1.50,1.50
2011.09.09 03:06:29.267,1.06212,1.06226,1.50,1.50
2011.09.09 03:06:32.143,1.0621,1.06224,2.43,1.50
2011.09.09 03:06:32.613,1.06208,1.06223,1.68,1.50
2011.09.09 03:06:34.226,1.06208,1.06223,1.88,1.50
2011.09.09 03:06:34.815,1.06211,1.06226,1.50,1.50
2011.09.09 03:06:35.392,1.06211,1.06226,1.50,1.50
2011.09.09 03:06:36.683,1.06216,1.06226,1.50,1.50
2011.09.09 03:06:37.273,1.06217,1.06229,4.50,1.50
2011.09.09 03:06:37.616,1.06217,1.06229,4.50,1.50
2011.09.09 03:06:38.283,1.06217,1.06229,4.50,1.50
2011.09.09 03:06:39.791,1.06217,1.06224,3.00,1.50
2011.09.09 03:06:40.035,1.0621,1.06224,2.00,5.25
2011.09.09 03:06:40.154,1.0621,1.06222,1.25,2.25
2011.09.09 03:06:40.395,1.06206,1.06219,1.68,3.00
2011.09.09 03:06:40.743,1.06203,1.06219,2.43,4.50
2011.09.09 03:06:40.864,1.06202,1.06219,1.68,4.50
2011.09.09 03:06:41.338,1.06201,1.06219,3.93,3.75
2011.09.09 03:06:41.572,1.06201,1.06219,3.93,3.75
2011.09.09 03:06:43.135,1.06201,1.06218,3.18,1.35
2011.09.09 03:06:43.475,1.062,1.06214,2.43,2.25
2011.09.09 03:06:44.149,1.06199,1.06213,2.43,3.00
2011.09.09 03:06:44.520,1.06201,1.06215,3.75,1.35
2011.09.09 03:06:44.755,1.06201,1.06215,1.50,1.35
2011.09.09 03:06:45.102,1.06201,1.06215,4.50,1.13
2011.09.09 03:06:45.347,1.06196,1.06211,2.38,3.75
2011.09.09 03:06:45.582,1.06195,1.06208,1.68,1.50
2011.09.09 03:06:46.175,1.06194,1.0621,2.43,1.50
2011.09.09 03:06:47.021,1.06196,1.0621,1.68,1.50
2011.09.09 03:06:47.166,1.06198,1.06212,1.50,2.25
2011.09.09 03:06:47.404,1.06198,1.06212,1.50,2.25
2011.09.09 03:06:47.982,1.06199,1.06213,1.68,4.50
2011.09.09 03:06:48.562,1.06201,1.06213,1.50,3.75
2011.09.09 03:06:49.475,1.06202,1.06213,1.50,3.00
2011.09.09 03:06:49.835,1.06202,1.06217,1.68,1.50
2011.09.09 03:06:56.271,1.06202,1.06217,1.68,1.50
2011.09.09 03:06:56.506,1.06201,1.06214,2.43,2.25
2011.09.09 03:06:57.104,1.06201,1.06214,1.68,3.75
2011.09.09 03:06:57.342,1.06202,1.06217,1.68,2.10
2011.09.09 03:06:58.347,1.06199,1.06214,1.68,3.75
2011.09.09 03:06:58.483,1.06203,1.06217,1.50,1.35
2011.09.09 03:06:59.067,1.06202,1.06217,1.68,2.10
2011.09.09 03:07:03.854,1.06202,1.06217,1.68,2.10
2011.09.09 03:07:04.563,1.06203,1.06217,1.50,1.35
2011.09.09 03:07:04.682,1.06202,1.06217,1.68,2.10
2011.09.09 03:07:05.024,1.06202,1.06217,1.68,2.10
2011.09.09 03:07:05.254,1.06204,1.06217,1.50,1.35
2011.09.09 03:07:06.676,1.06202,1.06217,2.43,2.10
2011.09.09 03:07:07.343,1.06202,1.06217,2.43,2.10
2011.09.09 03:07:07.465,1.062,1.06214,3.93,1.50
2011.09.09 03:07:07.822,1.062,1.06214,2.43,5.25
2011.09.09 03:07:07.943,1.062,1.06214,2.43,4.50
2011.09.09 03:07:08.063,1.06202,1.06217,1.68,2.10
2011.09.09 03:07:08.624,1.06202,1.06217,1.68,2.10
2011.09.09 03:07:09.883,1.06201,1.06217,3.93,2.85
2011.09.09 03:07:10.514,1.06201,1.06214,2.43,3.75
2011.09.09 03:07:10.880,1.06194,1.06208,2.43,1.50
2011.09.09 03:07:11.010,1.06193,1.06208,1.68,1.50
2011.09.09 03:07:11.373,1.06193,1.06208,2.43,2.25
2011.09.09 03:07:17.365,1.06193,1.06208,1.68,1.50
2011.09.09 03:07:21.288,1.06197,1.06209,3.00,1.50
2011.09.09 03:07:21.514,1.06196,1.06209,1.50,1.50
2011.09.09 03:07:22.231,1.06192,1.06208,1.68,1.50
2011.09.09 03:07:37.802,1.06193,1.06208,1.68,1.50
2011.09.09 03:07:39.948,1.06197,1.06211,1.50,4.50
2011.09.09 03:07:41.743,1.06198,1.06212,2.25,1.50
2011.09.09 03:07:43.026,1.06198,1.06212,2.25,1.50
2011.09.09 03:07:43.581,1.06198,1.06212,2.57,1.50
2011.09.09 03:07:44.251,1.062,1.06212,1.50,1.50
2011.09.09 03:07:44.811,1.062,1.06213,1.50,3.00
2011.09.09 03:07:46.166,1.06201,1.06216,1.50,1.50
2011.09.09 03:07:46.763,1.06203,1.06218,1.50,2.25
2011.09.09 03:07:47.482,1.06202,1.06218,1.50,3.00
2011.09.09 03:07:47.606,1.06204,1.06218,1.50,1.50
2011.09.09 03:07:47.723,1.06204,1.06218,1.50,1.50
2011.09.09 03:07:48.088,1.06206,1.06219,1.50,2.25
2011.09.09 03:07:53.173,1.06207,1.06222,2.25,3.00
2011.09.09 03:07:58.294,1.06211,1.06222,1.50,2.25
2011.09.09 03:07:58.535,1.06211,1.06225,1.50,2.25
2011.09.09 03:07:58.773,1.06209,1.06225,1.50,2.25
2011.09.09 03:08:00.688,1.06204,1.0622,1.68,1.50
2011.09.09 03:08:00.816,1.06203,1.06219,1.68,1.50
2011.09.09 03:08:01.163,1.06201,1.06218,4.68,1.50
2011.09.09 03:08:01.515,1.06206,1.06218,3.00,2.25
2011.09.09 03:08:02.091,1.06207,1.0622,1.50,2.25
2011.09.09 03:08:03.532,1.06207,1.06218,1.50,1.50
2011.09.09 03:08:03.777,1.06203,1.06218,1.68,2.25
2011.09.09 03:08:03.894,1.06201,1.06216,3.93,1.50
2011.09.09 03:08:04.014,1.06201,1.06216,3.18,2.25
2011.09.09 03:08:04.462,1.06201,1.06216,3.93,1.50
2011.09.09 03:08:04.583,1.06202,1.06216,1.50,1.50
2011.09.09 03:08:05.531,1.06203,1.06218,1.50,3.00
2011.09.09 03:08:10.583,1.06202,1.06216,1.50,1.50
2011.09.09 03:08:11.637,1.06202,1.06216,1.50,1.50
2011.09.09 03:08:12.512,1.06203,1.06218,1.50,2.25
2011.09.09 03:08:17.575,1.06204,1.06219,1.13,1.50
2011.09.09 03:08:17.913,1.06207,1.06219,1.50,1.50
2011.09.09 03:08:18.264,1.06207,1.06223,1.50,1.50
2011.09.09 03:08:18.383,1.06208,1.06224,1.50,2.25
2011.09.09 03:08:18.963,1.06208,1.06224,1.50,2.25
2011.09.09 03:08:27.471,1.06209,1.06224,1.50,1.50
2011.09.09 03:08:32.532,1.06208,1.06224,1.50,3.00
2011.09.09 03:08:33.092,1.06208,1.06224,1.50,2.25
2011.09.09 03:08:34.111,1.06208,1.06224,1.50,2.25
2011.09.09 03:08:34.671,1.06208,1.06224,1.50,3.00
2011.09.09 03:08:35.767,1.06207,1.0622,1.31,1.50
2011.09.09 03:08:36.006,1.06202,1.06219,1.68,3.00
2011.09.09 03:08:36.125,1.06201,1.06219,6.18,3.00
2011.09.09 03:08:42.072,1.06201,1.06215,4.68,1.50
2011.09.09 03:08:42.428,1.06197,1.06211,4.50,1.50
2011.09.09 03:08:43.828,1.06197,1.06211,4.50,1.50
2011.09.09 03:08:44.414,1.06202,1.06213,1.50,1.50
2011.09.09 03:08:45.301,1.06204,1.06217,1.50,1.50
2011.09.09 03:08:45.430,1.06212,1.06224,1.50,1.50
2011.09.09 03:08:57.994,1.06217,1.06226,3.75,1.50
2011.09.09 03:08:58.239,1.06219,1.0623,1.50,1.50
2011.09.09 03:08:58.476,1.06217,1.0623,4.50,1.50
2011.09.09 03:08:59.032,1.06217,1.06231,4.50,2.25
2011.09.09 03:08:59.602,1.06217,1.06231,3.75,3.00
2011.09.09 03:08:59.845,1.06219,1.06231,1.50,2.25
2011.09.09 03:09:00.074,1.06217,1.06232,4.50,2.25
2011.09.09 03:09:30.463,1.06217,1.0623,3.00,1.50
2011.09.09 03:09:30.830,1.06214,1.06226,1.13,1.50
2011.09.09 03:09:31.406,1.0621,1.06224,3.18,1.50
2011.09.09 03:09:31.521,1.0621,1.0622,2.43,1.50
2011.09.09 03:09:31.998,1.0621,1.06224,1.50,1.50
2011.09.09 03:09:32.246,1.0621,1.06224,3.75,1.50
2011.09.09 03:09:34.979,1.0621,1.06225,3.75,1.50
2011.09.09 03:09:36.542,1.06211,1.06226,1.68,1.50
2011.09.09 03:09:36.667,1.06217,1.06226,1.16,1.50
2011.09.09 03:09:37.026,1.06221,1.06233,2.43,4.50
2011.09.09 03:09:37.143,1.06222,1.06236,1.31,1.50
2011.09.09 03:09:37.263,1.06223,1.06239,1.68,2.25
2011.09.09 03:09:38.218,1.06223,1.06239,1.68,2.25
2011.09.09 03:09:39.281,1.06226,1.06241,1.50,2.25
2011.09.09 03:09:39.409,1.06227,1.06241,1.50,1.50
2011.09.09 03:09:40.082,1.06226,1.06241,1.50,1.50
2011.09.09 03:09:40.702,1.06226,1.06242,2.25,2.10
2011.09.09 03:09:41.236,1.06227,1.06242,1.50,2.10
2011.09.09 03:09:42.574,1.06226,1.06241,1.50,1.50
2011.09.09 03:09:47.332,1.06227,1.06242,1.68,2.25
2011.09.09 03:09:48.351,1.06227,1.06242,1.68,1.50
2011.09.09 03:09:49.082,1.06226,1.06242,2.43,1.50
2011.09.09 03:09:49.664,1.06225,1.06242,1.68,3.00
2011.09.09 03:09:51.423,1.06222,1.06237,2.43,1.50
2011.09.09 03:09:52.172,1.06222,1.06237,2.43,1.50
2011.09.09 03:09:53.472,1.06222,1.06237,2.43,1.50
2011.09.09 03:09:54.773,1.06222,1.06237,1.68,2.10
2011.09.09 03:09:54.912,1.06217,1.06231,1.68,1.50
2011.09.09 03:10:08.905,1.06218,1.06233,1.68,1.50
2011.09.09 03:10:09.030,1.06219,1.06235,2.81,2.25
2011.09.09 03:10:09.615,1.06222,1.06237,1.68,3.75
2011.09.09 03:10:09.737,1.06222,1.06237,1.68,3.75
2011.09.09 03:10:14.735,1.06222,1.06237,1.68,3.75
2011.09.09 03:10:15.084,1.06217,1.06223,1.07,1.50
2011.09.09 03:10:15.206,1.06212,1.06221,2.75,3.00
2011.09.09 03:10:15.323,1.06212,1.06223,1.68,1.50
2011.09.09 03:10:15.443,1.06212,1.06227,2.43,3.00
2011.09.09 03:10:16.025,1.06212,1.06227,3.18,3.00
2011.09.09 03:10:16.593,1.06212,1.06227,3.18,3.00
2011.09.09 03:10:25.742,1.06213,1.06227,1.68,3.00
2011.09.09 03:10:25.868,1.06213,1.06227,1.68,3.75
2011.09.09 03:10:26.343,1.06211,1.06225,1.50,1.50
2011.09.09 03:10:33.928,1.06212,1.06227,3.00,2.25
2011.09.09 03:10:34.062,1.06217,1.06229,1.50,1.50
2011.09.09 03:10:34.632,1.06215,1.06229,1.50,1.50
2011.09.09 03:10:35.742,1.06217,1.06229,1.50,1.50
2011.09.09 03:10:51.004,1.0622,1.06231,1.50,1.50
2011.09.09 03:10:51.245,1.0622,1.06234,1.50,2.25
2011.09.09 03:10:57.543,1.0622,1.06234,1.50,2.25
2011.09.09 03:11:00.631,1.0622,1.06234,1.50,2.25
2011.09.09 03:11:00.754,1.06217,1.06232,1.68,1.50
2011.09.09 03:11:01.332,1.06215,1.06229,1.50,1.50
2011.09.09 03:11:03.052,1.06217,1.0623,1.50,1.50
2011.09.09 03:11:03.175,1.06218,1.0623,1.50,1.50
2011.09.09 03:11:03.414,1.06218,1.06232,1.50,1.50
2011.09.09 03:11:04.138,1.0622,1.06234,1.50,1.50
2011.09.09 03:11:14.974,1.06217,1.06232,2.85,3.00
2011.09.09 03:11:15.217,1.06217,1.06232,1.50,3.75
2011.09.09 03:11:15.782,1.06215,1.06231,1.68,1.50
2011.09.09 03:11:21.216,1.06217,1.06232,2.28,3.75
2011.09.09 03:11:56.354,1.06218,1.06232,1.63,3.75
2011.09.09 03:11:56.695,1.06221,1.06232,1.13,4.50
2011.09.09 03:11:56.817,1.06221,1.06237,2.06,4.35
2011.09.09 03:11:57.287,1.06227,1.06237,1.50,3.00
2011.09.09 03:11:57.413,1.06227,1.06239,1.50,1.50
2011.09.09 03:12:00.525,1.06226,1.06238,1.68,3.00
2011.09.09 03:12:00.643,1.06225,1.06238,1.68,3.00
2011.09.09 03:12:00.762,1.06225,1.06238,1.68,3.00
2011.09.09 03:12:01.341,1.06225,1.06238,1.68,3.00
2011.09.09 03:12:02.350,1.06225,1.06238,1.68,3.00
2011.09.09 03:12:03.543,1.06225,1.06238,1.68,3.00
2011.09.09 03:12:03.784,1.06222,1.06238,1.68,3.00
2011.09.09 03:12:11.830,1.06221,1.06235,1.68,1.50
2011.09.09 03:12:12.413,1.06222,1.06236,1.68,1.50
2011.09.09 03:12:12.642,1.06221,1.06234,1.68,1.50
2011.09.09 03:12:13.203,1.06221,1.06235,2.43,1.50
2011.09.09 03:12:13.773,1.06221,1.06235,2.43,1.50
2011.09.09 03:12:14.737,1.06223,1.06238,1.63,3.00
2011.09.09 03:12:21.018,1.06222,1.06238,2.00,3.00
2011.09.09 03:12:21.385,1.06223,1.06237,1.68,1.50
2011.09.09 03:12:21.505,1.06222,1.06237,2.43,1.50
2011.09.09 03:12:21.843,1.06221,1.06235,1.83,1.50
2011.09.09 03:12:23.217,1.06221,1.06237,2.21,1.50
2011.09.09 03:12:23.459,1.06226,1.06237,1.50,1.50
2011.09.09 03:12:24.004,1.06227,1.0624,1.50,1.50
2011.09.09 03:12:28.262,1.06227,1.06241,1.50,3.75
2011.09.09 03:12:28.394,1.06223,1.06238,1.23,3.00
2011.09.09 03:12:28.939,1.06223,1.06238,1.23,3.00
2011.09.09 03:12:29.549,1.06222,1.06238,1.68,3.00
2011.09.09 03:12:29.797,1.0622,1.06235,1.68,1.50
2011.09.09 03:12:31.562,1.0622,1.06235,1.68,1.50
2011.09.09 03:12:32.122,1.06221,1.06237,1.68,2.25
2011.09.09 03:12:34.877,1.0622,1.06234,2.43,1.50
2011.09.09 03:12:35.443,1.0622,1.06234,2.43,1.50
2011.09.09 03:12:36.012,1.06221,1.06236,1.68,1.50
2011.09.09 03:12:38.424,1.0622,1.06235,2.43,1.50
2011.09.09 03:12:40.985,1.06222,1.06237,2.06,1.50
2011.09.09 03:12:41.552,1.06223,1.06238,2.00,3.00
2011.09.09 03:12:41.894,1.06221,1.06236,1.68,1.50
2011.09.09 03:12:42.014,1.06221,1.06236,1.68,1.50
2011.09.09 03:12:42.992,1.06225,1.06237,1.50,1.50
2011.09.09 03:12:43.464,1.06225,1.06237,1.50,1.50
2011.09.09 03:12:43.704,1.06222,1.06237,2.00,1.50
2011.09.09 03:12:44.313,1.06222,1.06237,2.00,1.50
2011.09.09 03:12:46.509,1.06223,1.06238,2.43,3.75
2011.09.09 03:12:47.164,1.06226,1.06239,2.25,1.50
2011.09.09 03:12:48.503,1.06226,1.06241,2.25,2.25
2011.09.09 03:12:53.160,1.06227,1.06242,1.50,3.75
2011.09.09 03:12:53.836,1.06227,1.06241,2.25,1.50
2011.09.09 03:12:58.107,1.06227,1.06241,2.25,1.50
2011.09.09 03:12:59.111,1.06227,1.06241,2.25,1.50
2011.09.09 03:13:13.113,1.06227,1.06241,2.25,1.50
2011.09.09 03:13:13.235,1.06226,1.06241,2.25,1.50
2011.09.09 03:13:14.234,1.06226,1.06239,1.50,3.00
2011.09.09 03:13:14.468,1.06219,1.06234,2.00,1.50
2011.09.09 03:13:14.707,1.06216,1.06232,4.25,3.00
2011.09.09 03:13:15.465,1.06217,1.06232,1.68,3.75
2011.09.09 03:13:16.144,1.06217,1.06232,1.68,3.75
2011.09.09 03:13:17.487,1.06218,1.06232,3.18,3.75
2011.09.09 03:13:31.221,1.0622,1.06236,1.50,2.25
2011.09.09 03:13:34.964,1.06221,1.06236,2.25,2.25
2011.09.09 03:13:35.600,1.06221,1.06236,2.25,2.25
2011.09.09 03:13:37.061,1.06221,1.06236,1.50,3.00
2011.09.09 03:13:44.881,1.06221,1.06236,2.25,1.50
2011.09.09 03:13:45.187,1.06218,1.06229,2.43,1.50
2011.09.09 03:13:45.307,1.06218,1.06228,1.68,1.50
2011.09.09 03:13:45.548,1.06213,1.06228,1.82,1.50
2011.09.09 03:13:45.664,1.06213,1.06228,1.50,1.50
2011.09.09 03:13:45.784,1.06213,1.06229,1.68,3.75
2011.09.09 03:13:46.777,1.06213,1.06229,1.68,3.75
2011.09.09 03:13:47.460,1.06212,1.06224,1.68,1.50
2011.09.09 03:13:47.828,1.06215,1.06228,1.13,2.25
2011.09.09 03:13:47.946,1.06216,1.06228,1.07,2.25
2011.09.09 03:13:48.069,1.06216,1.0623,1.50,1.50
2011.09.09 03:13:48.195,1.06216,1.06232,1.50,2.71
2011.09.09 03:13:48.535,1.06216,1.06234,2.43,2.25
2011.09.09 03:13:50.833,1.06216,1.06234,1.68,2.25
2011.09.09 03:13:51.429,1.06218,1.0623,1.50,2.58
2011.09.09 03:13:51.563,1.06219,1.06232,1.50,3.00
2011.09.09 03:13:51.804,1.06222,1.06235,1.50,1.50
2011.09.09 03:13:59.053,1.0622,1.06234,1.50,1.50
2011.09.09 03:13:59.287,1.06217,1.06234,3.50,5.25
2011.09.09 03:13:59.854,1.06217,1.06233,3.18,2.25
2011.09.09 03:14:02.751,1.06223,1.06234,2.25,4.50
2011.09.09 03:14:02.888,1.06222,1.06237,1.50,1.50
2011.09.09 03:14:03.403,1.0622,1.06236,1.68,1.50
2011.09.09 03:14:03.974,1.06221,1.06235,1.50,2.25
2011.09.09 03:14:04.094,1.06221,1.06235,1.50,2.25
2011.09.09 03:14:04.672,1.06221,1.06235,1.50,2.25
2011.09.09 03:14:07.063,1.06221,1.06235,1.50,2.25
2011.09.09 03:14:09.462,1.06221,1.06235,1.50,2.25
2011.09.09 03:14:12.317,1.0622,1.06234,1.50,1.13
2011.09.09 03:14:13.138,1.06215,1.06227,1.07,1.50
2011.09.09 03:14:13.256,1.06213,1.06229,1.68,1.50
2011.09.09 03:14:15.083,1.06213,1.06229,1.68,1.50
2011.09.09 03:14:15.825,1.06213,1.06228,1.68,1.50
2011.09.09 03:14:15.952,1.06213,1.06224,1.50,1.50
2011.09.09 03:14:16.306,1.06209,1.06221,1.68,2.25
2011.09.09 03:14:17.117,1.06211,1.06224,1.50,1.50
2011.09.09 03:14:17.235,1.06211,1.06227,1.50,1.50
2011.09.09 03:14:17.353,1.06212,1.06227,1.50,1.50
2011.09.09 03:14:18.025,1.06216,1.0623,2.25,2.25
2011.09.09 03:14:18.147,1.06216,1.0623,3.00,1.50
2011.09.09 03:14:18.267,1.06216,1.0623,3.00,2.25
2011.09.09 03:14:18.495,1.06212,1.06228,1.68,4.50
2011.09.09 03:14:18.723,1.06212,1.06228,1.68,4.50
2011.09.09 03:14:18.964,1.06212,1.06228,1.68,4.50
2011.09.09 03:14:19.743,1.06212,1.06228,1.68,4.50
2011.09.09 03:14:20.303,1.06212,1.06228,1.68,4.50
2011.09.09 03:14:22.263,1.06212,1.06228,1.68,4.50
2011.09.09 03:14:23.918,1.06212,1.06227,1.68,1.13
2011.09.09 03:14:25.395,1.06212,1.06227,1.68,2.78
2011.09.09 03:14:25.942,1.06212,1.06226,1.68,1.50
2011.09.09 03:14:26.509,1.06212,1.06228,1.68,4.50
2011.09.09 03:14:27.290,1.06212,1.06227,1.68,2.40
2011.09.09 03:14:27.971,1.06212,1.06228,1.68,6.00
2011.09.09 03:14:29.764,1.06209,1.06222,1.68,3.00
2011.09.09 03:14:31.587,1.06209,1.0622,1.68,1.13
2011.09.09 03:14:31.952,1.06203,1.0621,1.68,1.13
2011.09.09 03:14:32.084,1.06195,1.06205,2.43,1.50
2011.09.09 03:14:32.665,1.06187,1.06204,3.18,3.75
2011.09.09 03:14:33.267,1.06189,1.06204,1.68,5.25
2011.09.09 03:14:34.069,1.06189,1.06203,1.68,3.00
2011.09.09 03:14:34.653,1.06189,1.06203,1.68,2.25
2011.09.09 03:14:35.923,1.06189,1.06203,1.68,2.25
2011.09.09 03:14:37.771,1.06188,1.06204,1.68,4.50
2011.09.09 03:14:38.923,1.06192,1.06204,1.50,3.75
2011.09.09 03:14:39.286,1.06197,1.06209,2.25,2.25
2011.09.09 03:14:39.406,1.06197,1.06209,1.50,3.00
2011.09.09 03:14:39.646,1.06192,1.06207,1.07,1.50
2011.09.09 03:14:40.245,1.0619,1.06206,1.68,1.50
2011.09.09 03:14:44.037,1.0619,1.06206,1.68,2.25
2011.09.09 03:14:44.490,1.06189,1.06204,1.68,1.50
2011.09.09 03:14:44.736,1.06187,1.06203,2.43,1.50
2011.09.09 03:14:45.359,1.06187,1.06203,2.43,1.50
2011.09.09 03:14:49.419,1.06187,1.06203,2.43,1.50
2011.09.09 03:14:49.553,1.06188,1.06202,1.68,1.50
2011.09.09 03:14:49.679,1.06186,1.062,2.25,1.50
2011.09.09 03:14:50.434,1.06183,1.06197,1.35,1.50
2011.09.09 03:14:50.815,1.06181,1.06198,1.68,2.25
2011.09.09 03:14:54.409,1.06182,1.06198,1.50,2.25
2011.09.09 03:14:54.760,1.06186,1.06198,1.50,1.50
2011.09.09 03:14:55.248,1.06185,1.06199,1.82,3.75
2011.09.09 03:14:55.488,1.06183,1.06199,1.25,3.75
2011.09.09 03:14:55.959,1.06181,1.06199,2.06,3.75
2011.09.09 03:14:56.200,1.06181,1.06193,1.07,1.50
2011.09.09 03:14:56.331,1.06181,1.06194,1.50,2.25
2011.09.09 03:14:56.460,1.06181,1.06195,1.82,1.50
2011.09.09 03:14:57.168,1.06179,1.06193,1.50,1.50
2011.09.09 03:14:58.125,1.06179,1.06193,1.50,1.50
2011.09.09 03:14:58.712,1.06181,1.06193,1.50,1.50
2011.09.09 03:15:00.735,1.06178,1.06193,1.68,1.50
2011.09.09 03:15:01.331,1.06178,1.06192,2.43,1.50
2011.09.09 03:15:01.821,1.06175,1.06188,1.07,2.63
2011.09.09 03:15:02.190,1.06172,1.06185,1.50,1.50
2011.09.09 03:15:02.970,1.06172,1.06184,1.50,1.50
2011.09.09 03:15:03.124,1.06173,1.06185,1.50,1.50
2011.09.09 03:15:04.026,1.06174,1.06185,1.50,1.50
2011.09.09 03:15:04.377,1.06173,1.06185,1.88,1.50
2011.09.09 03:15:05.268,1.06173,1.06185,1.88,1.50
2011.09.09 03:15:10.027,1.06172,1.06185,1.50,1.50
2011.09.09 03:15:11.052,1.06169,1.06181,1.07,3.00
2011.09.09 03:15:11.639,1.06169,1.06181,1.50,3.00
2011.09.09 03:15:12.556,1.06168,1.06181,2.25,3.00
2011.09.09 03:15:13.242,1.06168,1.06181,2.25,3.00
2011.09.09 03:15:14.376,1.06167,1.06181,2.25,4.50
2011.09.09 03:15:15.325,1.06162,1.06178,1.68,2.25
2011.09.09 03:15:16.316,1.06163,1.06178,1.50,2.25
2011.09.09 03:15:16.671,1.06161,1.06171,2.43,2.25
2011.09.09 03:15:16.916,1.06162,1.06177,1.50,2.10
2011.09.09 03:15:17.157,1.06163,1.06177,1.50,1.35
2011.09.09 03:15:17.510,1.06162,1.06177,1.88,2.10
2011.09.09 03:15:17.758,1.06165,1.06177,1.50,1.35
2011.09.09 03:15:17.987,1.06166,1.0618,1.50,1.50
2011.09.09 03:15:25.006,1.06167,1.06181,2.25,3.00
2011.09.09 03:15:25.467,1.06166,1.0618,1.82,1.50
2011.09.09 03:15:25.819,1.06167,1.06177,1.50,2.25
2011.09.09 03:15:25.934,1.06167,1.06181,1.50,3.00
2011.09.09 03:15:26.516,1.06167,1.06181,1.82,2.25
2011.09.09 03:15:27.928,1.06167,1.06179,1.50,1.50
2011.09.09 03:15:28.056,1.06167,1.06181,2.57,3.00
2011.09.09 03:15:35.594,1.06167,1.06181,2.25,3.00
2011.09.09 03:15:36.461,1.06164,1.06178,1.68,3.00
2011.09.09 03:15:38.496,1.06164,1.06178,1.68,3.75
2011.09.09 03:15:39.075,1.06164,1.06178,1.50,3.00
2011.09.09 03:15:40.252,1.06164,1.06178,2.43,2.25
2011.09.09 03:15:40.491,1.06164,1.06175,1.68,1.50
2011.09.09 03:15:40.859,1.06164,1.06177,1.50,1.50
2011.09.09 03:15:40.981,1.06166,1.06178,1.50,2.25
2011.09.09 03:15:41.112,1.06167,1.06181,1.68,3.75
2011.09.09 03:15:42.825,1.06169,1.06181,1.50,2.25
2011.09.09 03:15:43.789,1.06167,1.06181,2.75,3.00
2011.09.09 03:15:43.920,1.06177,1.06188,1.50,2.25
2011.09.09 03:15:44.288,1.06178,1.06191,1.82,3.75
2011.09.09 03:15:44.768,1.06177,1.06191,1.50,5.25
2011.09.09 03:15:44.888,1.06177,1.06188,1.07,3.00
2011.09.09 03:15:45.128,1.06178,1.06191,1.50,1.50
2011.09.09 03:15:45.716,1.06178,1.06191,1.50,1.50
2011.09.09 03:15:46.914,1.06177,1.06187,2.25,2.25
2011.09.09 03:15:47.498,1.06175,1.06187,1.25,3.00
2011.09.09 03:15:48.066,1.06178,1.06192,1.50,3.75
2011.09.09 03:15:48.186,1.06178,1.06192,1.50,3.75
2011.09.09 03:15:51.657,1.06178,1.06192,1.50,3.75
2011.09.09 03:15:51.779,1.06176,1.06188,1.50,1.50
2011.09.09 03:15:52.685,1.06176,1.06188,1.50,3.00
2011.09.09 03:15:52.810,1.06177,1.06188,1.88,2.25
2011.09.09 03:15:52.939,1.06177,1.06192,1.88,3.00
2011.09.09 03:15:53.757,1.06176,1.0619,1.07,1.50
2011.09.09 03:15:54.502,1.06174,1.06188,2.00,1.50
2011.09.09 03:15:54.636,1.06172,1.06187,1.68,3.00
2011.09.09 03:15:56.076,1.06172,1.06187,1.68,3.00
2011.09.09 03:15:56.317,1.06172,1.06187,1.68,3.00
2011.09.09 03:15:56.556,1.06176,1.06188,1.50,1.50
2011.09.09 03:15:57.313,1.06177,1.06189,1.50,1.50
2011.09.09 03:15:57.680,1.06172,1.06188,2.00,4.50
2011.09.09 03:15:58.047,1.06171,1.06186,2.43,1.50
2011.09.09 03:15:59.496,1.06171,1.06185,2.28,1.50
2011.09.09 03:16:00.065,1.06173,1.06187,1.50,1.50
2011.09.09 03:16:00.779,1.06177,1.06187,1.13,1.50
2011.09.09 03:16:00.897,1.06173,1.06186,1.88,1.50
2011.09.09 03:16:01.256,1.06176,1.06185,1.13,1.50
2011.09.09 03:16:01.981,1.06176,1.06185,1.13,1.50
2011.09.09 03:16:03.298,1.06176,1.06186,1.13,1.50
2011.09.09 03:16:05.014,1.06176,1.06187,1.13,4.50
2011.09.09 03:16:09.206,1.06182,1.06189,1.13,3.00
2011.09.09 03:16:09.435,1.06182,1.06191,1.13,1.50
2011.09.09 03:16:10.106,1.06182,1.06192,1.13,1.50
2011.09.09 03:16:10.815,1.06182,1.06191,1.13,1.50
2011.09.09 03:16:11.378,1.06182,1.06192,1.13,1.50
2011.09.09 03:16:12.119,1.06182,1.06193,1.13,1.50
2011.09.09 03:16:17.637,1.06182,1.06192,1.13,1.50
2011.09.09 03:16:17.770,1.06178,1.06193,1.50,2.25
2011.09.09 03:16:24.533,1.06178,1.06193,1.50,2.25
2011.09.09 03:16:30.113,1.06178,1.06193,1.50,2.25
2011.09.09 03:16:32.739,1.06175,1.06189,1.63,1.61
2011.09.09 03:16:33.098,1.06172,1.06186,1.85,1.50
2011.09.09 03:16:33.216,1.06174,1.06187,1.13,3.00
2011.09.09 03:16:33.336,1.06175,1.0619,1.31,2.25
2011.09.09 03:16:33.565,1.06176,1.06193,2.60,1.50
2011.09.09 03:16:35.285,1.06177,1.06192,1.25,1.50
2011.09.09 03:16:36.690,1.06176,1.06192,1.25,2.36
2011.09.09 03:16:37.313,1.06171,1.06181,2.12,2.25
2011.09.09 03:16:37.442,1.06168,1.06181,3.75,2.25
2011.09.09 03:16:37.948,1.06173,1.06181,1.35,2.25
2011.09.09 03:16:38.176,1.06173,1.06186,1.53,1.50
2011.09.09 03:16:38.296,1.06173,1.06188,1.53,3.00
2011.09.09 03:16:38.527,1.06173,1.06188,1.53,2.25
2011.09.09 03:16:39.096,1.06175,1.06191,1.68,1.50
2011.09.09 03:16:39.342,1.06174,1.06188,1.68,2.25
2011.09.09 03:16:39.584,1.06174,1.06188,1.68,2.25
2011.09.09 03:16:40.166,1.06172,1.06188,1.25,3.75
2011.09.09 03:16:41.797,1.06173,1.06188,1.25,3.00
2011.09.09 03:16:42.307,1.06172,1.06188,2.00,3.00
2011.09.09 03:16:43.785,1.06172,1.06188,1.25,3.00
2011.09.09 03:16:44.126,1.06169,1.06183,1.13,1.50
2011.09.09 03:16:44.490,1.06166,1.06172,1.80,3.75
2011.09.09 03:16:44.606,1.06162,1.06172,1.15,3.00
2011.09.09 03:16:44.836,1.06161,1.06172,1.95,3.75
2011.09.09 03:16:45.398,1.06158,1.06172,3.45,3.75
2011.09.09 03:16:45.535,1.06158,1.06172,3.00,4.50
2011.09.09 03:16:47.044,1.06158,1.06172,2.25,4.50
2011.09.09 03:16:47.515,1.06159,1.06172,1.50,3.75
2011.09.09 03:16:51.719,1.06161,1.06172,3.38,3.75
2011.09.09 03:16:51.836,1.06164,1.06172,1.50,3.00
2011.09.09 03:16:51.957,1.06164,1.06178,1.50,3.00
2011.09.09 03:16:52.079,1.06164,1.06178,1.50,2.25
2011.09.09 03:16:52.318,1.06166,1.06181,1.50,1.50
2011.09.09 03:16:52.546,1.06165,1.06182,2.43,1.50
2011.09.09 03:16:53.164,1.06166,1.06182,1.68,1.50
2011.09.09 03:16:53.751,1.06166,1.06183,1.68,2.25
2011.09.09 03:16:56.790,1.0617,1.06185,1.50,2.25
2011.09.09 03:16:57.018,1.06171,1.06186,1.50,2.25
2011.09.09 03:16:59.269,1.06167,1.06185,3.13,2.25
2011.09.09 03:16:59.390,1.06168,1.06181,1.68,2.25
2011.09.09 03:17:00.926,1.06168,1.06181,1.68,3.00
2011.09.09 03:17:01.169,1.06166,1.06178,1.68,2.25
2011.09.09 03:17:01.744,1.06165,1.06178,1.68,2.25
2011.09.09 03:17:06.193,1.06166,1.06181,1.63,1.35
2011.09.09 03:17:06.322,1.06168,1.06182,1.50,3.75
2011.09.09 03:17:08.226,1.06169,1.06182,1.50,3.00
2011.09.09 03:17:11.692,1.06172,1.06182,1.50,3.00
2011.09.09 03:17:11.937,1.06174,1.06186,1.50,3.00
2011.09.09 03:17:12.494,1.06174,1.06186,1.50,3.00
2011.09.09 03:17:14.578,1.0617,1.06181,2.00,2.25
2011.09.09 03:17:21.253,1.0617,1.06181,1.13,3.00
2011.09.09 03:17:21.727,1.06172,1.06183,2.20,3.00
2011.09.09 03:17:21.849,1.06172,1.06186,2.20,1.35
2011.09.09 03:17:22.198,1.06174,1.06188,1.07,1.50
2011.09.09 03:17:22.425,1.06174,1.0619,1.50,3.75
2011.09.09 03:17:22.925,1.06174,1.0619,1.88,3.00
2011.09.09 03:17:23.277,1.06174,1.0619,1.88,3.75
2011.09.09 03:17:23.864,1.06173,1.0619,1.68,3.75
2011.09.09 03:17:26.774,1.06174,1.0619,1.50,3.00
2011.09.09 03:17:44.925,1.06182,1.0619,1.50,3.00
2011.09.09 03:17:45.292,1.06187,1.06197,3.00,4.19
2011.09.09 03:17:45.421,1.06188,1.06197,1.50,3.44
2011.09.09 03:17:45.672,1.06197,1.06206,3.00,1.50
2011.09.09 03:17:45.921,1.06195,1.06209,1.50,3.00
2011.09.09 03:17:46.169,1.06195,1.06209,1.50,3.00
2011.09.09 03:17:46.397,1.06194,1.06209,1.13,3.75
2011.09.09 03:17:46.985,1.06193,1.06209,1.68,4.50
2011.09.09 03:17:47.822,1.06194,1.06209,1.68,3.75
2011.09.09 03:17:48.177,1.06191,1.06208,1.68,2.10
2011.09.09 03:17:48.756,1.06189,1.06203,1.68,3.75
2011.09.09 03:17:49.315,1.06188,1.06203,2.25,4.50
2011.09.09 03:17:49.776,1.06186,1.062,2.43,2.25
2011.09.09 03:17:50.114,1.06185,1.062,1.68,2.25
2011.09.09 03:17:50.676,1.06186,1.062,1.50,2.25
2011.09.09 03:17:51.937,1.06187,1.06203,1.68,1.50
2011.09.09 03:17:52.062,1.06187,1.06204,1.68,2.25
2011.09.09 03:17:52.813,1.06191,1.06205,1.50,1.50
2011.09.09 03:17:54.659,1.06191,1.06207,1.50,1.50
2011.09.09 03:17:54.900,1.06191,1.06208,2.81,2.25
2011.09.09 03:17:55.016,1.06193,1.06209,1.13,3.75
2011.09.09 03:17:55.595,1.06194,1.06209,1.50,3.75
2011.09.09 03:17:56.618,1.06197,1.06211,4.50,1.50
2011.09.09 03:18:01.706,1.06197,1.0621,3.75,1.50
2011.09.09 03:18:01.946,1.06193,1.06209,1.68,1.35
2011.09.09 03:18:02.526,1.06193,1.0621,1.68,4.35
2011.09.09 03:18:05.176,1.06193,1.0621,2.43,3.75
2011.09.09 03:18:05.302,1.06196,1.0621,1.50,3.00
2011.09.09 03:18:05.425,1.06196,1.06212,3.75,3.00
2011.09.09 03:18:05.545,1.06196,1.06212,5.25,3.00
2011.09.09 03:18:08.514,1.06196,1.0621,5.25,1.50
2011.09.09 03:18:11.907,1.06197,1.0621,1.50,1.50
2011.09.09 03:18:19.213,1.06197,1.06212,1.50,2.25
2011.09.09 03:18:27.186,1.06201,1.06212,1.50,1.50
2011.09.09 03:18:27.549,1.06207,1.06219,1.50,2.25
2011.09.09 03:18:27.906,1.06204,1.06219,1.68,3.75
2011.09.09 03:18:28.575,1.06203,1.06219,2.43,3.75
2011.09.09 03:18:33.515,1.06204,1.06219,2.00,3.75
2011.09.09 03:18:33.759,1.06205,1.06219,1.68,2.25
2011.09.09 03:18:34.581,1.06207,1.06222,1.68,2.25
2011.09.09 03:18:39.697,1.06208,1.06223,1.13,1.50
2011.09.09 03:18:40.429,1.06212,1.06228,1.68,1.50
2011.09.09 03:18:42.548,1.06212,1.06228,1.68,1.50
2011.09.09 03:18:42.792,1.06214,1.06229,1.50,3.75
2011.09.09 03:18:43.039,1.06216,1.06233,2.75,4.50
2011.09.09 03:18:43.665,1.0622,1.06233,1.35,3.75
2011.09.09 03:18:43.797,1.06221,1.06237,1.31,1.50
2011.09.09 03:18:44.414,1.0622,1.06235,1.68,1.50
2011.09.09 03:18:44.542,1.06219,1.06233,1.68,3.00
2011.09.09 03:18:44.671,1.06218,1.06233,1.68,3.86
2011.09.09 03:18:45.037,1.06214,1.0623,2.43,3.75
2011.09.09 03:18:45.595,1.06214,1.0623,2.43,3.75
2011.09.09 03:18:47.255,1.06215,1.0623,2.28,3.00
2011.09.09 03:18:48.367,1.06216,1.06233,2.43,2.25
2011.09.09 03:18:58.666,1.06216,1.06232,1.68,1.50
2011.09.09 03:18:59.027,1.06215,1.06229,1.68,1.50
2011.09.09 03:18:59.587,1.06214,1.06229,1.68,1.50
2011.09.09 03:19:06.465,1.06215,1.0623,1.68,3.75
2011.09.09 03:19:06.696,1.06218,1.06232,1.68,1.50
2011.09.09 03:19:06.927,1.06218,1.06233,2.43,1.50
2011.09.09 03:19:07.275,1.06218,1.06236,2.43,1.50
2011.09.09 03:19:07.794,1.06218,1.06236,2.43,2.25
2011.09.09 03:19:11.635,1.06221,1.06236,1.68,2.25
2011.09.09 03:19:17.300,1.0622,1.06235,1.13,1.50
2011.09.09 03:19:17.660,1.06213,1.06228,2.60,1.50
2011.09.09 03:19:17.890,1.06213,1.06228,1.53,2.25
2011.09.09 03:19:18.235,1.06211,1.06226,1.68,1.50
2011.09.09 03:19:18.576,1.0621,1.06226,3.18,1.50
2011.09.09 03:19:21.836,1.06209,1.06226,1.68,2.25
2011.09.09 03:19:22.380,1.06208,1.06224,3.18,1.50
2011.09.09 03:19:22.617,1.06208,1.06224,1.50,1.50
2011.09.09 03:19:23.417,1.06208,1.06224,1.50,1.50
2011.09.09 03:19:23.540,1.06208,1.06224,2.25,1.50
2011.09.09 03:19:24.095,1.06208,1.06224,2.25,1.50
2011.09.09 03:19:26.325,1.06207,1.06221,1.68,1.50
2011.09.09 03:19:26.695,1.06208,1.06224,1.50,1.50
2011.09.09 03:19:26.819,1.06209,1.06224,1.50,1.50
2011.09.09 03:19:31.143,1.06209,1.06223,1.35,1.50
2011.09.09 03:19:31.502,1.06206,1.0622,1.68,1.50
2011.09.09 03:19:31.748,1.06199,1.06217,2.00,3.00
2011.09.09 03:19:32.096,1.06199,1.06216,1.68,1.50
2011.09.09 03:19:32.325,1.06198,1.06214,2.43,1.50
2011.09.09 03:19:33.137,1.06199,1.06215,1.68,1.50
2011.09.09 03:19:38.707,1.06198,1.06214,1.68,1.50
2011.09.09 03:19:38.828,1.06197,1.06211,1.68,1.50
2011.09.09 03:19:38.949,1.06194,1.06207,1.68,2.25
2011.09.09 03:19:39.187,1.06192,1.06207,2.75,2.25
2011.09.09 03:19:49.336,1.06193,1.06207,1.68,3.00
2011.09.09 03:19:52.276,1.06193,1.06207,1.68,3.00
2011.09.09 03:19:52.991,1.06192,1.06207,1.68,3.00
2011.09.09 03:19:53.756,1.06196,1.06207,1.50,2.25
2011.09.09 03:19:53.986,1.06196,1.0621,1.50,1.50
2011.09.09 03:20:07.276,1.06187,1.06202,3.18,3.00
2011.09.09 03:20:07.974,1.06187,1.06202,1.50,3.00
2011.09.09 03:20:08.967,1.06187,1.06202,2.43,2.25
2011.09.09 03:20:09.316,1.06189,1.06202,1.68,2.25
2011.09.09 03:20:09.656,1.0619,1.06206,1.50,2.25
2011.09.09 03:20:12.095,1.06193,1.06208,1.68,4.50
2011.09.09 03:20:13.346,1.06193,1.06208,1.68,3.00
2011.09.09 03:20:14.007,1.06191,1.06205,2.06,1.13
2011.09.09 03:20:14.368,1.06189,1.06202,2.81,3.00
2011.09.09 03:20:15.245,1.06189,1.06202,2.06,2.25
2011.09.09 03:20:18.172,1.06188,1.06205,2.28,1.50
2011.09.09 03:20:18.785,1.0619,1.06205,1.68,1.50
2011.09.09 03:20:19.582,1.06191,1.06205,1.13,1.50
2011.09.09 03:20:20.205,1.06191,1.06205,1.13,1.50
2011.09.09 03:20:20.765,1.0619,1.06205,1.68,1.50
2011.09.09 03:20:24.265,1.06188,1.06205,1.68,2.25
2011.09.09 03:20:31.557,1.06188,1.06202,1.50,2.25
2011.09.09 03:20:32.253,1.06185,1.06202,2.43,4.50
2011.09.09 03:20:34.357,1.06184,1.06197,1.68,2.25
2011.09.09 03:20:34.476,1.06182,1.06197,1.68,3.00
2011.09.09 03:20:34.599,1.06181,1.06197,1.25,3.75
2011.09.09 03:20:35.069,1.06179,1.06196,1.68,1.50
2011.09.09 03:20:39.914,1.06179,1.06196,2.43,2.25
2011.09.09 03:20:42.657,1.0618,1.06195,1.50,1.50
2011.09.09 03:20:50.981,1.0618,1.06195,1.50,1.50
2011.09.09 03:20:51.833,1.0618,1.06195,1.50,2.25
2011.09.09 03:20:53.505,1.0618,1.06195,1.50,1.50
2011.09.09 03:20:56.976,1.06182,1.06195,1.50,1.50
2011.09.09 03:20:57.097,1.06182,1.06197,2.25,3.75
2011.09.09 03:20:57.215,1.06182,1.06197,3.18,3.00
2011.09.09 03:21:00.406,1.06183,1.06197,1.68,2.25
2011.09.09 03:21:00.749,1.06182,1.06197,1.68,3.00
2011.09.09 03:21:00.996,1.06177,1.06192,3.18,2.25
2011.09.09 03:21:09.906,1.06179,1.06192,1.07,2.25
2011.09.09 03:21:10.464,1.06179,1.06193,1.07,3.75
2011.09.09 03:21:13.471,1.06182,1.06193,1.35,3.75
2011.09.09 03:21:13.601,1.06183,1.06195,1.13,1.50
2011.09.09 03:21:13.724,1.06185,1.06199,3.75,4.50
2011.09.09 03:21:13.853,1.0619,1.06199,3.00,1.50
2011.09.09 03:21:14.100,1.0619,1.06205,3.00,1.50
2011.09.09 03:21:14.217,1.06191,1.06205,1.50,1.50
2011.09.09 03:21:14.798,1.06191,1.06206,1.50,2.25
2011.09.09 03:21:16.719,1.0619,1.06204,3.00,2.25
2011.09.09 03:21:17.066,1.06187,1.06203,3.75,5.25
2011.09.09 03:21:23.267,1.06187,1.06202,3.75,1.35
2011.09.09 03:21:23.857,1.06183,1.06199,1.98,2.25
2011.09.09 03:21:26.311,1.06185,1.06199,1.50,2.25
2011.09.09 03:21:36.408,1.06187,1.06201,1.58,3.75
2011.09.09 03:21:36.996,1.0619,1.06201,1.13,2.25
2011.09.09 03:21:38.679,1.06194,1.06201,1.50,2.25
2011.09.09 03:21:38.919,1.06196,1.06208,2.25,2.25
2011.09.09 03:21:39.279,1.06191,1.06207,1.68,1.50
2011.09.09 03:21:39.398,1.06191,1.06206,1.68,1.50
2011.09.09 03:21:39.975,1.06191,1.06207,1.68,1.50
2011.09.09 03:21:44.331,1.06192,1.06207,1.68,1.50
2011.09.09 03:21:45.438,1.06191,1.06207,2.38,2.25
2011.09.09 03:21:46.006,1.06191,1.06207,1.68,2.25
2011.09.09 03:21:46.869,1.0619,1.06207,2.06,2.25
2011.09.09 03:21:47.003,1.0619,1.06205,1.68,1.50
2011.09.09 03:22:00.063,1.06188,1.06204,1.68,1.50
2011.09.09 03:22:01.032,1.06188,1.06202,1.68,3.75
2011.09.09 03:22:05.977,1.06188,1.06202,1.68,4.50
2011.09.09 03:22:06.757,1.06187,1.06198,1.68,2.25
2011.09.09 03:22:06.890,1.06188,1.06202,1.68,4.50
2011.09.09 03:22:19.118,1.06188,1.06202,2.43,3.75
2011.09.09 03:22:19.695,1.06189,1.06204,2.25,1.50
2011.09.09 03:22:29.905,1.06189,1.06203,1.50,1.50
2011.09.09 03:22:30.977,1.06189,1.06203,1.50,1.50
2011.09.09 03:22:32.226,1.06193,1.06207,1.45,1.50
2011.09.09 03:22:33.029,1.06192,1.06204,1.63,2.25
2011.09.09 03:22:33.271,1.06189,1.06201,1.25,2.25
2011.09.09 03:22:33.856,1.06187,1.06201,3.13,2.25
2011.09.09 03:22:36.209,1.06188,1.06201,1.08,2.25
2011.09.09 03:22:49.288,1.06191,1.06201,1.07,2.25
2011.09.09 03:22:50.977,1.06189,1.06201,2.53,2.25
2011.09.09 03:22:53.756,1.06191,1.06201,1.50,2.25
2011.09.09 03:22:53.880,1.06191,1.06203,2.63,1.50
2011.09.09 03:22:54.002,1.06194,1.06205,1.50,2.25
2011.09.09 03:22:54.248,1.06196,1.06208,1.50,1.50
2011.09.09 03:22:59.165,1.06195,1.06208,1.50,1.50
2011.09.09 03:23:00.505,1.06195,1.06208,1.50,1.50
2011.09.09 03:23:00.752,1.0619,1.06203,1.28,2.25
2011.09.09 03:23:00.881,1.06189,1.06201,1.13,2.25
2011.09.09 03:23:01.239,1.06186,1.062,1.50,1.50
2011.09.09 03:23:01.361,1.06181,1.06197,3.93,1.50
2011.09.09 03:23:01.479,1.06183,1.06198,1.68,5.25
2011.09.09 03:23:02.143,1.06181,1.06197,2.38,1.50
2011.09.09 03:23:04.960,1.06187,1.06198,1.50,4.50
2011.09.09 03:23:05.319,1.06189,1.06201,1.88,2.93
2011.09.09 03:23:05.562,1.06191,1.06203,1.82,1.88
2011.09.09 03:23:05.931,1.06193,1.06207,1.07,3.00
2011.09.09 03:23:06.841,1.06195,1.06207,1.13,2.25
2011.09.09 03:23:07.098,1.06203,1.06217,1.50,3.75
2011.09.09 03:23:07.224,1.06205,1.06219,1.07,1.50
2011.09.09 03:23:07.467,1.06207,1.06221,1.50,1.50
2011.09.09 03:23:08.046,1.06208,1.06222,1.50,2.25
2011.09.09 03:23:13.166,1.06207,1.06221,1.68,2.25
2011.09.09 03:23:22.572,1.06207,1.06221,1.68,2.25
2011.09.09 03:23:23.059,1.06204,1.06219,1.68,3.75
2011.09.09 03:23:48.475,1.06205,1.06219,1.13,3.75
2011.09.09 03:23:48.948,1.06211,1.06222,1.13,1.50
2011.09.09 03:23:49.454,1.06211,1.06224,1.13,3.75
2011.09.09 03:23:50.227,1.0621,1.06224,1.13,4.50
2011.09.09 03:23:51.003,1.06211,1.06224,1.13,4.50
2011.09.09 03:24:17.571,1.0621,1.06224,1.28,4.50
2011.09.09 03:24:17.809,1.0621,1.06224,1.63,4.50
2011.09.09 03:24:19.365,1.06211,1.06224,1.68,3.75
2011.09.09 03:24:19.611,1.06212,1.06224,2.00,1.50
2011.09.09 03:24:19.730,1.06214,1.06229,1.68,3.00
2011.09.09 03:24:19.850,1.06214,1.06229,1.68,2.25
2011.09.09 03:24:21.031,1.06217,1.06229,1.50,2.25
2011.09.09 03:24:21.152,1.06217,1.06233,3.13,1.50
2011.09.09 03:24:21.401,1.06221,1.06236,2.25,2.25
2011.09.09 03:24:21.520,1.06223,1.06236,1.50,1.50
2011.09.09 03:24:22.560,1.06223,1.06239,1.50,2.25
2011.09.09 03:24:23.219,1.06222,1.06237,1.68,1.50
2011.09.09 03:24:25.077,1.06221,1.06237,2.81,1.50
2011.09.09 03:24:27.649,1.06221,1.06236,2.43,1.50
2011.09.09 03:24:28.530,1.06221,1.06236,2.43,1.88
2011.09.09 03:24:28.884,1.06219,1.06234,1.68,1.88
2011.09.09 03:24:29.010,1.06218,1.06232,2.53,1.50
2011.09.09 03:24:30.407,1.06219,1.06233,1.68,1.13
2011.09.09 03:24:30.756,1.06219,1.06235,2.43,2.25
2011.09.09 03:24:31.514,1.06219,1.06235,1.68,2.25
2011.09.09 03:24:33.958,1.06222,1.06236,2.25,1.50
2011.09.09 03:24:34.427,1.0622,1.06234,1.68,1.50
2011.09.09 03:24:35.001,1.0622,1.06233,1.68,1.50
2011.09.09 03:24:35.227,1.06218,1.06233,1.68,2.25
2011.09.09 03:24:35.347,1.06217,1.06233,3.03,2.25
2011.09.09 03:24:36.167,1.06218,1.06233,1.68,1.50
2011.09.09 03:24:36.851,1.06219,1.06234,1.50,3.38
2011.09.09 03:24:36.983,1.06218,1.06233,1.68,3.75
2011.09.09 03:24:37.997,1.06219,1.06233,1.50,3.38
2011.09.09 03:24:38.243,1.06217,1.06234,3.41,3.00
2011.09.09 03:24:38.836,1.06217,1.06233,3.78,1.88
2011.09.09 03:24:39.417,1.06217,1.06233,3.18,1.50
2011.09.09 03:24:39.648,1.06217,1.06233,3.18,1.50
2011.09.09 03:24:39.768,1.06219,1.06234,1.50,3.00
2011.09.09 03:24:40.493,1.0622,1.06233,2.25,1.50
2011.09.09 03:24:40.629,1.06222,1.06234,2.10,1.50
2011.09.09 03:24:40.870,1.06222,1.06239,3.35,3.75
2011.09.09 03:24:41.228,1.0623,1.06242,1.50,1.50
2011.09.09 03:24:41.350,1.0623,1.06246,1.50,1.50
2011.09.09 03:24:41.949,1.06229,1.06245,3.93,1.50
2011.09.09 03:24:43.526,1.06229,1.06245,6.03,1.50
2011.09.09 03:24:46.447,1.06229,1.06244,4.53,1.50
2011.09.09 03:24:46.929,1.06233,1.06244,1.35,3.75
2011.09.09 03:24:47.050,1.06236,1.06244,1.50,3.75
2011.09.09 03:24:47.167,1.06237,1.06247,3.00,1.50
2011.09.09 03:24:47.289,1.06237,1.06249,3.00,1.50
2011.09.09 03:25:01.156,1.06238,1.0625,1.50,1.50
2011.09.09 03:25:01.277,1.06238,1.06251,1.50,1.88
2011.09.09 03:25:01.523,1.06238,1.06253,1.50,3.75
2011.09.09 03:25:01.649,1.06237,1.06253,4.53,3.75
2011.09.09 03:25:01.767,1.0624,1.06254,3.75,1.50
2011.09.09 03:25:03.548,1.0624,1.06254,3.00,2.25
2011.09.09 03:25:05.548,1.0624,1.06254,3.00,2.25
2011.09.09 03:25:06.229,1.0624,1.06254,2.25,2.25
2011.09.09 03:25:06.456,1.06238,1.06254,2.43,4.50
2011.09.09 03:25:06.698,1.06238,1.06252,1.50,1.50
2011.09.09 03:25:08.498,1.06238,1.06248,1.50,1.50
2011.09.09 03:25:08.730,1.06234,1.06248,1.68,1.50
2011.09.09 03:25:08.973,1.06232,1.06247,1.50,1.50
2011.09.09 03:25:09.716,1.06231,1.06245,1.68,1.50
2011.09.09 03:25:11.521,1.0623,1.06243,2.43,1.50
2011.09.09 03:25:11.868,1.06227,1.0624,2.43,1.50
2011.09.09 03:25:12.339,1.06227,1.06239,2.43,1.50
2011.09.09 03:25:13.009,1.06221,1.06229,1.07,3.00
2011.09.09 03:25:13.140,1.06213,1.06228,1.07,1.50
2011.09.09 03:25:13.258,1.06212,1.06228,1.68,1.50
2011.09.09 03:25:13.828,1.06211,1.06228,2.06,1.50
2011.09.09 03:25:29.430,1.06211,1.06227,2.81,1.50
2011.09.09 03:25:29.673,1.06215,1.06229,1.50,4.50
2011.09.09 03:25:29.921,1.06217,1.06231,1.50,1.13
2011.09.09 03:25:31.021,1.06221,1.06235,1.50,2.25
2011.09.09 03:25:31.388,1.06222,1.06238,1.07,1.50
2011.09.09 03:25:31.507,1.06223,1.06239,1.50,3.00
2011.09.09 03:25:31.625,1.06223,1.06239,1.82,3.00
2011.09.09 03:25:31.855,1.06223,1.06239,1.82,3.00
2011.09.09 03:25:32.210,1.06227,1.06242,1.50,1.50
2011.09.09 03:25:32.448,1.06229,1.06244,3.75,2.25
2011.09.09 03:25:32.920,1.06227,1.06244,1.68,3.00
2011.09.09 03:25:33.146,1.06226,1.06243,2.43,1.50
2011.09.09 03:25:33.717,1.06226,1.06242,2.43,1.50
2011.09.09 03:25:34.380,1.06226,1.06242,1.68,1.50
2011.09.09 03:25:35.276,1.06225,1.06238,1.68,1.50
2011.09.09 03:25:35.859,1.06224,1.06238,1.68,1.50
2011.09.09 03:25:36.218,1.06223,1.06237,1.50,1.50
2011.09.09 03:25:36.459,1.0622,1.06235,3.75,2.25
2011.09.09 03:25:36.579,1.06217,1.06234,2.43,2.25
2011.09.09 03:25:36.698,1.06216,1.06232,3.18,1.50
2011.09.09 03:25:38.615,1.06217,1.06232,1.68,1.50
2011.09.09 03:25:39.732,1.06219,1.06236,1.68,2.25
2011.09.09 03:25:41.565,1.0622,1.06234,3.00,1.50
2011.09.09 03:25:41.919,1.06227,1.06239,3.75,1.50
2011.09.09 03:25:42.662,1.06227,1.0624,3.75,1.50
2011.09.09 03:25:43.232,1.06227,1.0624,3.75,2.25
2011.09.09 03:25:43.597,1.06227,1.06237,2.25,1.50
2011.09.09 03:25:43.717,1.06221,1.06235,2.00,1.50
2011.09.09 03:25:43.836,1.0622,1.06235,3.00,1.50
2011.09.09 03:25:44.067,1.0622,1.06233,2.43,1.50
2011.09.09 03:25:44.636,1.0622,1.06235,2.43,1.50
2011.09.09 03:25:55.928,1.06219,1.06234,3.18,1.50
2011.09.09 03:25:56.409,1.06214,1.06229,1.68,4.50
2011.09.09 03:25:56.648,1.06212,1.06228,1.68,1.50
2011.09.09 03:25:57.226,1.06211,1.06226,1.68,1.50
2011.09.09 03:25:59.256,1.0621,1.06226,5.43,1.50
2011.09.09 03:26:07.065,1.0621,1.06226,4.50,2.25
2011.09.09 03:26:09.205,1.0621,1.06225,3.00,1.50
2011.09.09 03:26:09.679,1.06211,1.06225,1.50,1.50
2011.09.09 03:26:17.290,1.06208,1.06223,2.43,1.50
2011.09.09 03:26:17.643,1.0621,1.06224,3.00,1.50
2011.09.09 03:26:17.896,1.06211,1.06227,2.06,2.25
2011.09.09 03:26:18.023,1.06211,1.06229,1.68,5.25
2011.09.09 03:26:18.515,1.06212,1.06228,1.68,1.50
2011.09.09 03:26:18.760,1.06211,1.06226,1.50,1.50
2011.09.09 03:26:21.785,1.06211,1.06225,1.50,1.50
2011.09.09 03:26:22.756,1.06211,1.06227,2.43,1.50
2011.09.09 03:26:23.107,1.06212,1.06229,1.68,4.50
2011.09.09 03:26:25.336,1.06213,1.06229,2.43,3.75
2011.09.09 03:26:27.207,1.06213,1.06229,1.68,3.75
2011.09.09 03:26:28.109,1.06213,1.06229,1.68,3.75
2011.09.09 03:26:28.340,1.06214,1.06229,1.68,3.75
2011.09.09 03:26:28.791,1.06219,1.06232,3.00,3.00
2011.09.09 03:26:28.912,1.06219,1.06233,3.00,1.50
2011.09.09 03:26:29.485,1.06219,1.06234,3.00,2.25
2011.09.09 03:26:33.645,1.06219,1.06233,2.25,2.25
2011.09.09 03:26:34.207,1.06217,1.06232,1.68,1.50
2011.09.09 03:26:34.705,1.06217,1.06233,1.68,3.00
2011.09.09 03:26:46.337,1.06218,1.06233,1.63,2.25
2011.09.09 03:26:47.764,1.06218,1.06233,1.63,2.25
2011.09.09 03:26:49.568,1.06218,1.06233,1.63,2.25
2011.09.09 03:27:26.260,1.0622,1.06234,1.50,1.50
2011.09.09 03:27:28.150,1.06221,1.06235,1.50,2.25
2011.09.09 03:27:28.390,1.06222,1.06238,2.25,3.00
2011.09.09 03:27:28.892,1.06222,1.06238,2.25,3.00
2011.09.09 03:27:31.616,1.06222,1.06237,1.68,2.10
2011.09.09 03:27:32.197,1.0622,1.06236,2.43,2.25
2011.09.09 03:27:39.077,1.0622,1.06236,1.68,2.25
2011.09.09 03:27:41.916,1.0622,1.06236,1.68,2.25
2011.09.09 03:27:44.506,1.06222,1.06236,1.50,2.25
2011.09.09 03:27:44.859,1.06228,1.06241,4.31,1.50
2011.09.09 03:27:45.098,1.06231,1.06244,1.13,4.50
2011.09.09 03:27:45.222,1.06235,1.06244,1.35,4.50
2011.09.09 03:27:45.473,1.06242,1.06249,1.68,1.50
2011.09.09 03:27:45.602,1.06242,1.06252,1.68,2.25
2011.09.09 03:27:45.850,1.06242,1.06258,2.25,1.50
2011.09.09 03:27:53.745,1.06242,1.06258,2.20,2.25
2011.09.09 03:27:54.312,1.06242,1.06258,1.50,2.25
2011.09.09 03:27:54.838,1.06242,1.06258,1.50,2.25
2011.09.09 03:27:55.179,1.06238,1.06251,1.25,1.50
2011.09.09 03:27:55.968,1.0624,1.06255,1.50,1.50
2011.09.09 03:27:56.102,1.0624,1.06253,1.50,1.50
2011.09.09 03:27:56.231,1.06237,1.06253,3.18,2.25
2011.09.09 03:27:56.356,1.06237,1.06253,3.18,2.25
2011.09.09 03:28:03.068,1.06238,1.06253,1.68,2.25
2011.09.09 03:28:04.947,1.06238,1.06253,2.00,1.50
2011.09.09 03:28:05.507,1.06238,1.06253,1.68,1.50
2011.09.09 03:28:10.375,1.06238,1.06253,1.68,1.50
2011.09.09 03:28:10.956,1.06238,1.06253,1.68,3.11
2011.09.09 03:28:11.079,1.06234,1.06249,1.68,3.00
2011.09.09 03:28:11.704,1.06237,1.06253,4.50,5.85
2011.09.09 03:28:13.741,1.06239,1.06253,2.25,3.60
2011.09.09 03:28:14.331,1.06241,1.06255,1.50,1.50
2011.09.09 03:28:15.356,1.06241,1.06256,1.68,1.50
2011.09.09 03:28:15.477,1.0624,1.06253,3.18,2.10
2011.09.09 03:28:41.826,1.06241,1.06255,2.43,1.35
2011.09.09 03:28:49.947,1.06242,1.06257,1.50,2.25
2011.09.09 03:28:50.190,1.06243,1.06258,1.68,1.50
2011.09.09 03:28:50.311,1.06243,1.06254,1.68,3.75
2011.09.09 03:29:07.191,1.0624,1.06254,1.68,3.75
2011.09.09 03:29:07.429,1.06247,1.06259,1.50,5.25
2011.09.09 03:29:07.910,1.06246,1.06258,2.25,2.25
2011.09.09 03:29:08.570,1.06243,1.06258,1.68,2.25
2011.09.09 03:29:09.037,1.06242,1.06254,1.25,3.00
2011.09.09 03:29:09.376,1.06241,1.06254,2.06,4.50
2011.09.09 03:29:13.509,1.06243,1.06254,1.68,3.00
2011.09.09 03:29:13.751,1.06244,1.06258,1.50,1.50
2011.09.09 03:29:25.458,1.06238,1.06253,1.68,3.00
2011.09.09 03:29:26.049,1.06237,1.06253,5.43,4.35
2011.09.09 03:30:00.255,1.06238,1.06252,1.68,1.13
2011.09.09 03:30:01.077,1.06237,1.06251,4.68,2.63
2011.09.09 03:30:01.431,1.06231,1.06243,2.06,1.50
2011.09.09 03:30:01.546,1.06231,1.06243,1.31,1.50
2011.09.09 03:30:01.789,1.06232,1.06244,1.50,3.00
2011.09.09 03:30:01.909,1.06232,1.06248,1.50,3.00
2011.09.09 03:30:02.868,1.06231,1.06246,2.43,1.50
2011.09.09 03:30:03.233,1.06222,1.06237,1.50,2.63
2011.09.09 03:30:03.587,1.06218,1.06233,2.00,3.00
2011.09.09 03:30:03.953,1.06214,1.06228,1.68,1.50
2011.09.09 03:30:04.202,1.06213,1.06228,1.50,2.10
2011.09.09 03:30:04.758,1.06211,1.06228,2.43,4.73
2011.09.09 03:30:08.477,1.06213,1.06228,1.50,3.60
2011.09.09 03:30:08.602,1.06213,1.06228,1.50,3.00
2011.09.09 03:30:08.853,1.06217,1.06232,1.50,1.50
2011.09.09 03:30:08.983,1.06218,1.06234,1.50,3.00
2011.09.09 03:30:13.526,1.06217,1.06234,2.25,3.00
2011.09.09 03:30:14.813,1.06217,1.06234,2.25,3.00
2011.09.09 03:30:15.731,1.06217,1.06234,2.43,3.00
2011.09.09 03:30:18.147,1.06223,1.06235,1.88,1.50
2011.09.09 03:30:18.283,1.06237,1.06245,1.50,1.50
2011.09.09 03:30:18.408,1.06237,1.06251,1.50,2.25
2011.09.09 03:30:18.647,1.06238,1.06251,1.50,1.50
2011.09.09 03:30:19.131,1.06237,1.06252,4.68,2.25
2011.09.09 03:30:19.491,1.06237,1.06249,3.18,1.50
2011.09.09 03:30:19.608,1.06233,1.06249,2.43,1.50
2011.09.09 03:30:20.168,1.06233,1.0625,2.43,2.25
2011.09.09 03:30:22.150,1.06233,1.06248,2.43,1.23
2011.09.09 03:30:22.274,1.06233,1.06243,1.50,1.50
2011.09.09 03:30:22.401,1.06227,1.06243,3.93,1.50
2011.09.09 03:30:22.981,1.06228,1.06243,1.68,1.50
2011.09.09 03:30:23.218,1.06227,1.0624,1.68,1.50
2011.09.09 03:30:23.460,1.06226,1.06238,1.68,1.50
2011.09.09 03:30:24.692,1.06223,1.06238,1.50,2.10
2011.09.09 03:30:24.939,1.06218,1.06234,3.13,2.25
2011.09.09 03:30:25.178,1.06221,1.06234,1.13,2.25
2011.09.09 03:30:25.873,1.06221,1.06238,4.88,2.85
2011.09.09 03:30:27.036,1.06221,1.06237,4.50,1.50
2011.09.09 03:30:27.278,1.06221,1.06235,2.25,1.50
2011.09.09 03:30:27.399,1.06218,1.06234,2.43,2.25
2011.09.09 03:30:27.986,1.06218,1.06234,1.68,3.00
2011.09.09 03:30:29.406,1.06218,1.06234,1.68,3.00
2011.09.09 03:30:29.527,1.06217,1.06231,2.43,1.50
2011.09.09 03:30:30.822,1.06214,1.06229,1.68,2.25
2011.09.09 03:30:31.289,1.06213,1.06228,2.43,1.50
2011.09.09 03:30:31.770,1.06212,1.06227,1.68,1.50
2011.09.09 03:30:32.247,1.06211,1.06225,3.93,1.50
2011.09.09 03:30:34.467,1.06211,1.06223,2.25,2.25
2011.09.09 03:30:34.586,1.06207,1.06223,3.18,2.25
2011.09.09 03:30:35.199,1.06208,1.06223,1.50,3.00
2011.09.09 03:30:36.017,1.06207,1.06221,2.43,1.13
2011.09.09 03:30:36.469,1.06207,1.06221,1.68,1.88
2011.09.09 03:30:36.707,1.06203,1.06218,2.25,1.50
2011.09.09 03:30:39.538,1.06202,1.06218,1.68,2.25
2011.09.09 03:30:40.097,1.06202,1.06218,1.68,2.25
2011.09.09 03:30:41.620,1.06202,1.06218,1.68,2.25
2011.09.09 03:30:45.246,1.06202,1.06218,1.68,2.25
2011.09.09 03:30:45.694,1.06202,1.06218,1.68,3.00
2011.09.09 03:30:50.012,1.06201,1.06214,3.18,2.25
2011.09.09 03:30:52.800,1.062,1.06212,1.31,1.35
2011.09.09 03:30:52.925,1.06198,1.06211,1.07,3.75
2011.09.09 03:30:53.054,1.06193,1.06209,1.68,2.10
2011.09.09 03:30:53.183,1.06192,1.06208,1.68,1.35
2011.09.09 03:30:53.428,1.06191,1.06205,1.50,1.50
2011.09.09 03:30:54.027,1.06191,1.06207,2.25,2.25
2011.09.09 03:30:56.435,1.06191,1.06205,1.50,1.50
2011.09.09 03:30:56.803,1.06188,1.062,1.50,3.00
2011.09.09 03:30:56.934,1.06185,1.06199,1.50,1.50
2011.09.09 03:30:57.901,1.06182,1.06199,1.68,2.25
2011.09.09 03:30:59.040,1.06183,1.06198,1.68,1.50
2011.09.09 03:30:59.636,1.06182,1.06198,1.68,1.50
2011.09.09 03:31:02.377,1.06182,1.06198,1.68,1.50
2011.09.09 03:31:03.571,1.06182,1.06197,1.53,1.50
2011.09.09 03:31:04.547,1.06182,1.06198,1.53,2.25
2011.09.09 03:31:04.900,1.06182,1.06199,2.28,3.00
2011.09.09 03:31:05.456,1.06182,1.06198,1.53,1.50
2011.09.09 03:31:08.506,1.06182,1.06198,1.53,2.25
2011.09.09 03:31:08.970,1.06181,1.06194,3.75,1.50
2011.09.09 03:31:11.979,1.06176,1.06193,4.68,1.50
2011.09.09 03:31:12.096,1.06176,1.06193,4.68,2.25
2011.09.09 03:31:12.438,1.06184,1.06193,1.68,3.00
2011.09.09 03:31:13.291,1.06187,1.06199,2.25,5.10
2011.09.09 03:31:13.414,1.06181,1.06195,3.00,1.50
2011.09.09 03:31:14.239,1.06181,1.06192,2.25,1.50
2011.09.09 03:31:14.481,1.06176,1.06193,5.43,2.25
2011.09.09 03:31:15.061,1.06177,1.06192,1.68,1.50
2011.09.09 03:31:16.826,1.06181,1.06192,3.00,1.50
2011.09.09 03:31:19.576,1.06181,1.06193,3.00,1.50
2011.09.09 03:31:20.156,1.06181,1.06193,3.00,1.50
2011.09.09 03:31:20.718,1.06181,1.06193,3.00,1.50
2011.09.09 03:31:24.554,1.06181,1.06193,1.88,1.50
2011.09.09 03:31:25.220,1.06186,1.06199,5.25,1.88
2011.09.09 03:31:26.570,1.06186,1.062,4.82,3.38
2011.09.09 03:31:29.784,1.06186,1.062,5.25,2.63
2011.09.09 03:31:30.031,1.06188,1.06203,2.10,3.00
2011.09.09 03:31:30.270,1.06187,1.06202,1.50,1.50
2011.09.09 03:31:30.510,1.06184,1.06198,1.25,1.50
2011.09.09 03:31:31.086,1.06183,1.06199,1.68,3.00
2011.09.09 03:31:31.888,1.06187,1.06199,1.31,1.50
2011.09.09 03:31:32.248,1.06191,1.06203,1.13,1.50
2011.09.09 03:31:32.492,1.06192,1.06205,2.25,2.25
2011.09.09 03:31:32.620,1.06193,1.06208,1.68,2.25
2011.09.09 03:31:32.737,1.06195,1.06208,1.50,1.50
2011.09.09 03:31:33.453,1.06197,1.06213,1.68,3.75
2011.09.09 03:31:34.427,1.06197,1.06213,1.68,3.75
2011.09.09 03:31:35.758,1.06197,1.06213,2.43,3.00
2011.09.09 03:31:42.155,1.06197,1.06212,1.68,1.88
2011.09.09 03:31:42.501,1.06196,1.0621,2.43,1.50
2011.09.09 03:31:43.258,1.06192,1.06209,2.43,2.25
2011.09.09 03:31:44.467,1.06192,1.06209,2.43,2.25
2011.09.09 03:31:45.029,1.06193,1.06208,2.43,1.50
2011.09.09 03:31:48.164,1.06191,1.06209,3.18,3.00
2011.09.09 03:31:48.795,1.06191,1.06207,2.43,1.50
2011.09.09 03:31:48.925,1.0619,1.06205,3.93,1.50
2011.09.09 03:31:51.756,1.0619,1.06205,3.93,1.50
2011.09.09 03:31:52.115,1.06185,1.06197,2.06,1.50
2011.09.09 03:31:52.487,1.0618,1.06193,4.23,2.48
2011.09.09 03:31:53.115,1.06176,1.0619,1.68,1.50
2011.09.09 03:31:53.686,1.06174,1.06189,2.43,1.50
2011.09.09 03:31:54.157,1.06172,1.06188,3.18,2.85
2011.09.09 03:31:54.497,1.06172,1.06188,2.43,4.35
2011.09.09 03:31:58.256,1.06172,1.06188,2.43,3.00
2011.09.09 03:31:58.487,1.06174,1.06189,1.68,3.00
2011.09.09 03:31:58.947,1.06171,1.06183,2.06,1.50
2011.09.09 03:31:59.517,1.0617,1.06183,1.31,1.50
2011.09.09 03:32:05.575,1.06172,1.06187,1.50,1.50
2011.09.09 03:32:05.696,1.06172,1.06188,1.50,3.00
2011.09.09 03:32:06.266,1.06173,1.06188,1.50,1.50
2011.09.09 03:32:19.027,1.06174,1.06189,1.68,2.25
2011.09.09 03:32:23.774,1.06177,1.06189,1.13,2.25
2011.09.09 03:32:24.528,1.06182,1.06198,2.25,1.50
2011.09.09 03:32:38.215,1.06183,1.06199,3.88,1.50
2011.09.09 03:32:39.002,1.06187,1.06202,2.43,2.25
2011.09.09 03:32:40.188,1.0619,1.06202,1.13,1.50
2011.09.09 03:32:40.556,1.06192,1.06207,1.50,2.25
2011.09.09 03:32:40.681,1.06192,1.06209,1.50,2.25
2011.09.09 03:32:41.276,1.06193,1.06209,1.50,2.25
2011.09.09 03:32:42.935,1.06193,1.06209,1.50,1.50
2011.09.09 03:32:43.514,1.06193,1.06209,1.50,2.25
2011.09.09 03:32:44.207,1.06194,1.06209,1.50,2.25
2011.09.09 03:32:45.025,1.06194,1.06209,1.50,2.85
2011.09.09 03:32:47.876,1.06193,1.06209,1.50,2.25
2011.09.09 03:32:50.316,1.06193,1.06209,1.50,1.50
2011.09.09 03:32:59.835,1.06194,1.06209,2.25,1.50
2011.09.09 03:33:01.585,1.06196,1.0621,1.50,1.50
2011.09.09 03:33:01.826,1.06198,1.06212,1.50,1.50
2011.09.09 03:33:02.819,1.06197,1.06211,1.50,1.50
2011.09.09 03:33:03.399,1.06197,1.06211,1.50,2.25
2011.09.09 03:33:06.555,1.06198,1.06212,1.50,2.25
2011.09.09 03:33:07.022,1.062,1.06214,1.50,2.25
2011.09.09 03:33:07.605,1.06197,1.06213,4.68,2.25
2011.09.09 03:33:09.142,1.06197,1.06213,4.68,2.25
2011.09.09 03:33:09.995,1.06198,1.0621,1.68,1.50
2011.09.09 03:33:10.137,1.06189,1.06206,2.43,3.00
2011.09.09 03:33:10.485,1.06188,1.06203,1.68,1.50
2011.09.09 03:33:10.828,1.06188,1.06203,1.68,1.50
2011.09.09 03:33:15.306,1.0619,1.06205,1.50,2.25
2011.09.09 03:33:17.604,1.06188,1.06205,1.68,2.25
2011.09.09 03:33:18.492,1.06191,1.06206,1.50,2.85
2011.09.09 03:33:18.737,1.06194,1.06209,1.50,3.00
2011.09.09 03:33:19.876,1.06193,1.06209,1.50,2.25
2011.09.09 03:33:32.086,1.06193,1.06209,1.50,1.50
2011.09.09 03:33:32.448,1.06201,1.06213,3.00,1.13
2011.09.09 03:33:33.005,1.06201,1.06214,3.00,1.50
2011.09.09 03:33:34.039,1.06201,1.06215,3.00,1.50
2011.09.09 03:33:37.786,1.06201,1.06214,2.25,2.25
2011.09.09 03:33:37.906,1.06198,1.06212,1.68,1.50
2011.09.09 03:33:38.704,1.06198,1.06213,2.43,2.25
2011.09.09 03:33:42.482,1.06197,1.06211,3.93,1.13
2011.09.09 03:33:42.726,1.06192,1.06208,2.43,2.25
2011.09.09 03:33:42.845,1.06192,1.06208,2.25,2.85
2011.09.09 03:33:43.879,1.06192,1.06207,1.50,2.25
2011.09.09 03:33:45.910,1.06192,1.06207,1.50,1.50
2011.09.09 03:33:46.378,1.06194,1.06207,1.50,1.50
2011.09.09 03:33:47.224,1.06194,1.06208,1.50,1.50
2011.09.09 03:33:47.794,1.06194,1.06208,1.50,1.50
2011.09.09 03:33:48.026,1.06196,1.06212,2.43,2.25
2011.09.09 03:33:48.151,1.06198,1.06214,1.50,2.25
2011.09.09 03:33:48.749,1.06202,1.06215,1.50,3.00
2011.09.09 03:33:51.585,1.06202,1.06215,1.50,2.25
2011.09.09 03:33:51.829,1.06202,1.06216,2.25,1.50
2011.09.09 03:33:52.177,1.06201,1.06213,1.13,1.50
2011.09.09 03:33:52.734,1.062,1.06213,1.31,1.50
2011.09.09 03:33:54.407,1.06201,1.06213,1.31,1.50
2011.09.09 03:33:56.284,1.062,1.06213,1.31,1.50
2011.09.09 03:33:56.843,1.06201,1.06213,1.31,1.50
2011.09.09 03:33:57.308,1.06204,1.06214,1.13,1.50
2011.09.09 03:33:57.427,1.06205,1.06218,1.50,2.25
2011.09.09 03:33:57.548,1.06205,1.0622,1.50,2.25
2011.09.09 03:33:58.882,1.06204,1.06219,2.43,1.50
2011.09.09 03:33:59.836,1.06204,1.06219,1.68,1.50
2011.09.09 03:34:00.407,1.06203,1.06219,1.50,2.25
2011.09.09 03:34:00.994,1.06204,1.06219,1.50,2.25
2011.09.09 03:34:01.225,1.06204,1.06219,1.50,2.25
2011.09.09 03:34:01.835,1.06204,1.06219,1.50,2.25
2011.09.09 03:34:17.478,1.06203,1.06216,1.50,1.50
2011.09.09 03:34:17.602,1.06201,1.06216,1.31,1.50
2011.09.09 03:34:17.727,1.06201,1.06214,1.31,1.50
2011.09.09 03:34:27.697,1.062,1.06212,1.68,1.13
2011.09.09 03:34:27.939,1.06198,1.06211,1.50,1.13
2011.09.09 03:34:28.594,1.06194,1.06209,1.50,2.25
2011.09.09 03:34:29.164,1.06194,1.06208,1.50,2.25
2011.09.09 03:34:36.978,1.06196,1.06208,1.50,1.50
2011.09.09 03:34:37.224,1.06202,1.06213,1.50,1.50
2011.09.09 03:34:37.468,1.06203,1.06214,2.25,1.50
2011.09.09 03:34:38.203,1.06204,1.06218,1.50,1.50
2011.09.09 03:34:42.063,1.06204,1.06218,1.50,1.50
2011.09.09 03:34:50.001,1.06209,1.06222,1.50,1.50
2011.09.09 03:34:50.118,1.06209,1.06224,1.50,2.25
2011.09.09 03:34:51.604,1.06208,1.06224,1.50,3.00
2011.09.09 03:34:54.778,1.06213,1.06224,3.00,1.50
2011.09.09 03:34:54.896,1.06213,1.06226,3.00,1.13
2011.09.09 03:34:55.418,1.06214,1.06227,1.50,2.25
2011.09.09 03:34:56.645,1.06213,1.06229,3.00,3.00
2011.09.09 03:34:57.876,1.06213,1.06224,3.00,1.50
2011.09.09 03:34:58.115,1.06209,1.06224,3.18,1.50
2011.09.09 03:34:58.576,1.06209,1.06223,3.18,1.50
2011.09.09 03:35:07.893,1.06209,1.06223,3.18,1.50
2011.09.09 03:35:26.733,1.06209,1.06223,3.18,1.50
2011.09.09 03:35:41.546,1.06209,1.06223,3.00,2.25
2011.09.09 03:35:41.667,1.06209,1.06223,3.00,2.25
2011.09.09 03:35:44.598,1.06209,1.06223,3.18,1.50
2011.09.09 03:35:47.231,1.06214,1.06224,1.50,1.50
2011.09.09 03:35:47.356,1.06214,1.06229,1.50,1.50
2011.09.09 03:35:47.968,1.06215,1.0623,1.50,2.25
2011.09.09 03:35:48.221,1.06215,1.06232,2.43,2.25
2011.09.09 03:35:48.586,1.06215,1.06231,2.43,1.50
2011.09.09 03:36:01.239,1.06216,1.0623,1.50,1.35
2011.09.09 03:36:01.586,1.06218,1.06233,1.50,2.25
2011.09.09 03:36:02.168,1.06221,1.06233,1.13,1.50
2011.09.09 03:36:02.299,1.06221,1.06237,2.63,2.25
2011.09.09 03:36:02.895,1.06223,1.06238,1.50,2.25
2011.09.09 03:36:04.940,1.06221,1.06237,1.50,2.25
2011.09.09 03:36:05.168,1.06219,1.06233,1.13,1.50
2011.09.09 03:36:15.322,1.06217,1.06233,5.43,4.50
2011.09.09 03:36:15.556,1.06217,1.06226,3.93,1.50
2011.09.09 03:36:15.798,1.06209,1.06222,1.07,2.10
2011.09.09 03:36:16.038,1.06206,1.0622,1.68,3.00
2011.09.09 03:36:16.618,1.06206,1.0622,1.50,3.00
2011.09.09 03:36:29.306,1.06202,1.06218,2.43,3.00
2011.09.09 03:36:29.887,1.06203,1.06218,1.50,1.50
2011.09.09 03:36:31.535,1.06203,1.06218,1.50,2.25
2011.09.09 03:36:34.258,1.06203,1.06218,1.50,1.50
2011.09.09 03:36:34.497,1.06203,1.06218,1.68,1.50
2011.09.09 03:36:40.004,1.06205,1.06218,1.50,1.50
2011.09.09 03:36:43.924,1.06208,1.06221,1.50,1.50
2011.09.09 03:36:44.048,1.06209,1.06222,1.50,1.50
2011.09.09 03:36:46.616,1.06209,1.06222,1.50,1.50
2011.09.09 03:36:47.184,1.06209,1.06223,1.68,1.50
2011.09.09 03:36:57.406,1.06208,1.06223,1.68,1.50
2011.09.09 03:37:12.826,1.06207,1.06223,5.43,1.50
2011.09.09 03:37:26.408,1.06207,1.06223,5.25,3.00
2011.09.09 03:37:26.856,1.06207,1.06223,5.25,3.00
2011.09.09 03:37:28.326,1.06207,1.06223,5.25,3.00
2011.09.09 03:37:46.884,1.0621,1.06222,1.50,1.50
2011.09.09 03:37:47.466,1.06211,1.06224,3.00,1.50
2011.09.09 03:37:53.373,1.06211,1.06224,3.00,1.50
2011.09.09 03:37:53.975,1.06211,1.06225,3.15,1.50
2011.09.09 03:37:55.944,1.06211,1.06225,3.15,1.50
2011.09.09 03:37:57.206,1.06211,1.06225,3.15,1.50
2011.09.09 03:38:01.675,1.06211,1.06225,3.15,1.50
2011.09.09 03:38:02.725,1.06211,1.06225,3.15,1.50
2011.09.09 03:38:04.655,1.06211,1.06224,3.15,1.50
2011.09.09 03:38:04.778,1.06211,1.06223,2.25,1.50
2011.09.09 03:38:04.895,1.06207,1.06223,2.43,1.50
2011.09.09 03:38:05.494,1.06208,1.06223,1.50,2.25
2011.09.09 03:38:13.136,1.0621,1.06223,1.50,1.50
2011.09.09 03:38:13.707,1.0621,1.06224,3.75,1.50
2011.09.09 03:38:17.905,1.06211,1.06225,1.50,1.50
2011.09.09 03:38:23.668,1.06211,1.06224,1.50,1.88
2011.09.09 03:38:23.908,1.06207,1.06222,2.43,1.13
2011.09.09 03:38:24.027,1.06207,1.06222,1.68,1.88
2011.09.09 03:38:25.826,1.06208,1.06222,1.50,1.50
2011.09.09 03:38:25.947,1.06208,1.06222,2.25,1.50
2011.09.09 03:38:26.525,1.06208,1.06222,1.50,1.50
2011.09.09 03:38:26.646,1.06208,1.06224,1.50,3.00
2011.09.09 03:38:26.768,1.06209,1.06224,1.50,2.25
2011.09.09 03:38:27.923,1.0621,1.06223,2.25,1.13
2011.09.09 03:38:28.049,1.06208,1.06223,2.25,1.13
2011.09.09 03:38:35.647,1.06207,1.06221,4.50,1.88
2011.09.09 03:38:35.889,1.06203,1.06219,1.25,2.25
2011.09.09 03:38:36.238,1.06202,1.06217,2.25,1.50
2011.09.09 03:38:51.077,1.06201,1.06216,4.68,1.50
2011.09.09 03:38:54.225,1.06201,1.06215,3.75,1.50
2011.09.09 03:39:02.664,1.06201,1.06214,3.75,1.50
2011.09.09 03:39:03.235,1.06201,1.06215,1.50,1.50
2011.09.09 03:39:13.966,1.062,1.06214,3.00,1.50
2011.09.09 03:39:14.646,1.062,1.06214,2.25,2.25
2011.09.09 03:39:14.787,1.06192,1.06208,1.25,2.85
2011.09.09 03:39:15.345,1.06194,1.06208,1.07,2.85
2011.09.09 03:39:39.313,1.06194,1.06208,1.07,2.25
2011.09.09 03:39:40.474,1.06193,1.06208,1.82,1.50
2011.09.09 03:39:54.128,1.06192,1.06205,1.50,1.13
2011.09.09 03:39:54.374,1.06187,1.06202,2.43,1.13
2011.09.09 03:39:54.500,1.06187,1.06202,1.68,1.88
2011.09.09 03:39:54.741,1.06182,1.06199,2.00,1.50
2011.09.09 03:39:54.978,1.06182,1.06198,1.50,2.25
2011.09.09 03:39:55.648,1.06181,1.06196,2.43,1.50
2011.09.09 03:39:56.379,1.06182,1.06198,1.50,2.25
2011.09.09 03:40:02.937,1.06181,1.06198,2.43,2.25
2011.09.09 03:40:03.951,1.0618,1.06193,4.68,1.23
2011.09.09 03:40:04.311,1.06175,1.06189,2.00,1.35
2011.09.09 03:40:04.893,1.06174,1.06189,2.25,3.60
2011.09.09 03:40:05.695,1.06173,1.06189,1.07,3.60
2011.09.09 03:40:05.926,1.06174,1.06189,1.50,2.85
2011.09.09 03:40:06.158,1.06173,1.06189,1.50,2.85
2011.09.09 03:40:07.565,1.06173,1.06189,1.50,1.50
2011.09.09 03:40:35.560,1.06173,1.06189,2.43,1.50
2011.09.09 03:40:36.145,1.06172,1.06188,1.68,2.25
2011.09.09 03:40:36.936,1.06172,1.06188,2.06,1.50
2011.09.09 03:40:37.298,1.06175,1.0619,1.68,2.25
2011.09.09 03:40:38.206,1.06177,1.06191,2.25,1.50
2011.09.09 03:40:38.558,1.06181,1.06195,1.50,2.25
2011.09.09 03:40:39.250,1.06181,1.06197,1.50,2.25
2011.09.09 03:40:40.458,1.06181,1.06197,2.25,2.25
2011.09.09 03:40:41.113,1.06181,1.06196,2.25,1.50
2011.09.09 03:40:43.582,1.06181,1.06195,1.68,1.50
2011.09.09 03:40:43.711,1.06181,1.06194,1.63,2.25
2011.09.09 03:40:44.292,1.06183,1.06194,1.50,1.50
2011.09.09 03:40:44.425,1.06184,1.06199,1.31,1.50
2011.09.09 03:40:47.908,1.06184,1.06199,1.63,1.50
2011.09.09 03:40:48.464,1.06183,1.062,2.75,2.25
2011.09.09 03:40:50.021,1.06191,1.06202,1.50,2.25
2011.09.09 03:40:50.269,1.06191,1.06205,4.50,1.50
2011.09.09 03:40:50.865,1.06191,1.06205,3.75,2.25
2011.09.09 03:41:15.677,1.06191,1.06205,4.50,1.50
2011.09.09 03:41:15.799,1.06192,1.06207,2.10,1.50
2011.09.09 03:41:15.921,1.06196,1.06209,1.50,2.25
2011.09.09 03:41:16.649,1.06197,1.06211,3.75,2.25
2011.09.09 03:41:19.048,1.06198,1.06212,1.50,3.00
2011.09.09 03:41:32.409,1.06197,1.06212,4.50,3.75
2011.09.09 03:41:32.656,1.06195,1.0621,1.50,2.25
2011.09.09 03:41:32.780,1.06192,1.06208,1.68,1.50
2011.09.09 03:41:32.900,1.06191,1.06208,4.68,2.25
2011.09.09 03:41:33.778,1.06192,1.06208,1.50,2.25
2011.09.09 03:41:36.915,1.06193,1.06208,1.50,1.50
2011.09.09 03:41:37.159,1.06193,1.06209,2.25,2.25
2011.09.09 03:41:37.278,1.06196,1.06211,1.50,1.50
2011.09.09 03:41:38.168,1.06197,1.06212,3.75,1.50
2011.09.09 03:41:42.725,1.06197,1.06213,4.50,3.75
2011.09.09 03:41:43.590,1.06197,1.06212,5.43,1.50
2011.09.09 03:41:46.917,1.06199,1.06213,1.50,3.00
2011.09.09 03:41:47.271,1.06201,1.06215,2.25,1.50
2011.09.09 03:41:56.580,1.06204,1.06217,1.50,1.50
2011.09.09 03:41:56.696,1.06204,1.06219,1.50,2.25
2011.09.09 03:41:56.818,1.06204,1.06219,1.50,1.50
2011.09.09 03:41:57.616,1.06204,1.06219,1.50,2.25
2011.09.09 03:41:59.850,1.06203,1.06219,1.50,2.25
2011.09.09 03:42:04.647,1.06204,1.06219,1.50,2.25
2011.09.09 03:42:09.420,1.06202,1.06219,2.43,2.25
2011.09.09 03:42:09.768,1.06202,1.06219,1.68,2.25
2011.09.09 03:42:10.530,1.06202,1.06217,2.25,2.25
2011.09.09 03:42:19.976,1.06202,1.06219,4.50,2.25
2011.09.09 03:42:54.486,1.06204,1.06219,1.50,1.50
2011.09.09 03:42:58.540,1.06204,1.06219,1.50,1.50
2011.09.09 03:43:47.959,1.06208,1.06218,3.00,1.61
2011.09.09 03:43:48.197,1.062,1.06215,1.31,3.00
2011.09.09 03:43:48.786,1.062,1.06215,1.31,3.00
2011.09.09 03:44:05.230,1.06199,1.06213,3.93,1.50
2011.09.09 03:44:05.738,1.06202,1.06214,3.00,1.50
2011.09.09 03:44:05.867,1.06198,1.06213,3.75,1.50
2011.09.09 03:44:05.989,1.06198,1.06213,3.75,1.50
2011.09.09 03:44:06.827,1.06198,1.06213,3.75,1.50
2011.09.09 03:44:07.397,1.06198,1.06213,3.75,1.50
2011.09.09 03:44:08.781,1.06198,1.06213,3.75,1.50
2011.09.09 03:44:11.555,1.06198,1.06213,3.75,1.50
2011.09.09 03:44:13.630,1.06198,1.06213,3.75,1.50
2011.09.09 03:44:14.967,1.06198,1.06213,3.75,1.50
2011.09.09 03:44:15.715,1.06198,1.06213,3.75,1.50
2011.09.09 03:44:17.769,1.06198,1.06213,3.75,1.50
2011.09.09 03:44:18.227,1.06203,1.06214,2.25,1.50
2011.09.09 03:44:18.763,1.06203,1.06215,2.25,1.50
2011.09.09 03:44:19.131,1.06208,1.06218,2.25,1.50
2011.09.09 03:44:19.261,1.06208,1.06219,2.25,1.50
2011.09.09 03:44:19.738,1.06202,1.06218,4.63,1.50
2011.09.09 03:44:20.856,1.06202,1.06219,5.38,2.25
2011.09.09 03:44:21.998,1.06202,1.06218,4.25,2.25
2011.09.09 03:44:23.828,1.06202,1.06218,5.00,2.25
2011.09.09 03:44:26.144,1.06204,1.06218,1.68,1.50
2011.09.09 03:44:26.791,1.06209,1.0622,2.25,2.25
2011.09.09 03:44:29.918,1.06203,1.06218,3.50,1.50
2011.09.09 03:44:30.365,1.06203,1.06218,3.18,1.50
2011.09.09 03:44:32.407,1.06203,1.06218,3.18,2.25
2011.09.09 03:44:39.237,1.06206,1.06218,1.50,1.50
2011.09.09 03:44:39.577,1.06209,1.0622,2.25,1.50
2011.09.09 03:44:41.042,1.06203,1.06218,3.18,1.50
2011.09.09 03:44:41.158,1.06203,1.06218,3.18,1.50
2011.09.09 03:44:43.515,1.06203,1.06218,3.18,2.25
2011.09.09 03:44:51.350,1.06203,1.06218,3.18,3.00
2011.09.09 03:44:51.472,1.06203,1.06216,3.18,1.13
2011.09.09 03:44:51.841,1.06199,1.06213,3.00,1.50
2011.09.09 03:44:51.963,1.06199,1.06213,2.25,1.50
2011.09.09 03:44:52.621,1.06199,1.06213,2.25,1.50
2011.09.09 03:44:59.048,1.06199,1.06213,2.25,2.25
2011.09.09 03:45:00.814,1.06199,1.06213,2.25,2.25
2011.09.09 03:45:01.517,1.06199,1.06212,2.25,1.50
2011.09.09 03:45:02.550,1.06199,1.06212,2.25,1.50
2011.09.09 03:45:02.898,1.06196,1.06212,4.68,1.50
2011.09.09 03:45:04.018,1.06196,1.06212,4.68,1.50
2011.09.09 03:45:20.110,1.06196,1.06212,4.68,3.00
2011.09.09 03:45:33.367,1.06198,1.06212,1.45,3.00
2011.09.09 03:45:37.587,1.06196,1.06212,5.00,2.25
2011.09.09 03:45:38.265,1.06196,1.06212,5.43,2.25
2011.09.09 03:45:38.831,1.06196,1.06212,5.00,3.00
2011.09.09 03:45:42.527,1.06196,1.06212,5.81,2.25
2011.09.09 03:45:43.445,1.06198,1.06212,1.50,2.25
2011.09.09 03:45:50.710,1.06193,1.06202,1.68,1.50
2011.09.09 03:45:50.832,1.06192,1.06202,2.00,1.50
2011.09.09 03:45:51.081,1.06192,1.06206,1.50,1.50
2011.09.09 03:45:51.199,1.06191,1.06206,3.93,2.25
2011.09.09 03:45:51.545,1.06191,1.06204,3.18,1.50
2011.09.09 03:45:52.109,1.06191,1.06204,3.00,1.50
2011.09.09 03:45:54.039,1.06191,1.06204,3.00,1.50
2011.09.09 03:45:55.210,1.06191,1.06204,3.00,1.50
2011.09.09 03:45:55.331,1.06191,1.06204,3.00,1.50
2011.09.09 03:45:55.896,1.06191,1.06204,3.00,1.50
2011.09.09 03:45:58.457,1.06191,1.06204,3.00,1.50
2011.09.09 03:46:00.815,1.06191,1.06204,3.00,1.50
2011.09.09 03:46:01.157,1.06192,1.06206,2.25,1.50
2011.09.09 03:46:01.725,1.06191,1.06204,3.00,1.50
2011.09.09 03:46:02.287,1.06191,1.06204,3.00,1.50
2011.09.09 03:46:18.677,1.06202,1.06211,1.13,2.10
2011.09.09 03:46:18.797,1.06207,1.06211,1.50,2.25
2011.09.09 03:46:19.043,1.06201,1.0621,3.38,1.50
2011.09.09 03:46:19.291,1.06202,1.06217,1.50,2.25
2011.09.09 03:46:19.411,1.06201,1.06215,3.38,1.50
2011.09.09 03:46:19.990,1.06199,1.06212,1.13,1.50
2011.09.09 03:46:20.347,1.06197,1.06213,3.75,2.25
2011.09.09 03:46:20.915,1.06197,1.06212,3.75,1.50
2011.09.09 03:46:21.589,1.06198,1.06213,1.50,1.50
2011.09.09 03:46:22.188,1.06202,1.06213,1.88,1.50
2011.09.09 03:46:22.320,1.06207,1.06216,3.00,1.50
2011.09.09 03:46:22.441,1.06202,1.06216,1.68,1.50
2011.09.09 03:46:22.559,1.06201,1.06215,1.50,1.50
2011.09.09 03:46:22.680,1.062,1.06214,2.25,1.50
2011.09.09 03:46:22.804,1.06196,1.06212,3.56,1.50
2011.09.09 03:46:23.043,1.06197,1.06213,3.18,1.50
2011.09.09 03:46:23.638,1.06201,1.06213,3.00,1.50
2011.09.09 03:46:25.337,1.06201,1.06214,3.00,1.50
2011.09.09 03:46:26.706,1.06197,1.06213,2.43,1.50
2011.09.09 03:46:28.187,1.06197,1.06211,2.43,2.85
2011.09.09 03:46:28.428,1.06192,1.06203,1.68,2.25
2011.09.09 03:46:28.777,1.06191,1.06206,3.00,1.50
2011.09.09 03:46:28.900,1.06191,1.06207,3.75,2.25
2011.09.09 03:46:31.208,1.06191,1.06207,3.93,2.25
2011.09.09 03:46:31.546,1.06191,1.06206,3.18,1.50
2011.09.09 03:46:31.666,1.06191,1.06206,3.18,1.50
2011.09.09 03:46:32.246,1.06188,1.06202,1.68,1.50
2011.09.09 03:46:33.576,1.06188,1.06202,1.68,1.50
2011.09.09 03:46:52.889,1.06187,1.06201,4.68,1.13
2011.09.09 03:46:53.012,1.06187,1.06197,2.25,1.13
2011.09.09 03:46:53.144,1.06182,1.06193,1.25,1.13
2011.09.09 03:46:53.743,1.06181,1.06193,2.43,1.13
2011.09.09 03:46:53.881,1.06177,1.06191,3.75,1.50
2011.09.09 03:46:54.444,1.06177,1.06188,2.25,1.50
2011.09.09 03:46:54.689,1.06173,1.06186,2.48,2.63
2011.09.09 03:46:54.810,1.06172,1.06186,2.25,2.63
2011.09.09 03:46:54.928,1.0617,1.06186,3.93,3.00
2011.09.09 03:46:55.168,1.06169,1.06184,1.50,1.50
2011.09.09 03:46:55.736,1.06168,1.06184,1.50,1.50
2011.09.09 03:46:56.236,1.06169,1.06184,1.50,1.50
2011.09.09 03:47:05.420,1.06171,1.06184,3.75,1.50
2011.09.09 03:47:05.657,1.06169,1.06184,1.50,2.25
2011.09.09 03:47:07.058,1.06167,1.06183,3.18,1.50
2011.09.09 03:47:07.176,1.06168,1.06184,1.50,2.25
2011.09.09 03:47:07.920,1.0617,1.06184,1.50,2.25
2011.09.09 03:47:08.486,1.06171,1.06186,1.50,2.25
2011.09.09 03:47:10.426,1.06171,1.06184,1.50,1.50
2011.09.09 03:47:10.659,1.06167,1.06184,2.43,3.75
2011.09.09 03:47:12.343,1.06167,1.06182,1.68,1.50
2011.09.09 03:47:12.906,1.06167,1.06183,1.68,2.25
2011.09.09 03:47:17.724,1.06168,1.0618,1.50,1.50
2011.09.09 03:47:18.090,1.06163,1.06178,1.68,1.50
2011.09.09 03:47:21.009,1.06161,1.06174,3.18,1.50
2011.09.09 03:47:21.491,1.06158,1.06173,3.18,1.50
2011.09.09 03:47:23.598,1.0616,1.06173,1.31,1.50
2011.09.09 03:47:27.669,1.06162,1.06176,1.50,1.50
2011.09.09 03:47:27.906,1.06162,1.06179,1.50,3.75
2011.09.09 03:47:28.028,1.06164,1.06179,1.50,3.00
2011.09.09 03:47:30.263,1.06166,1.0618,2.80,1.50
2011.09.09 03:47:30.631,1.06172,1.06185,2.66,4.19
2011.09.09 03:47:30.871,1.06177,1.0619,1.50,2.25
2011.09.09 03:47:30.991,1.06178,1.06193,1.50,2.25
2011.09.09 03:47:37.522,1.06179,1.06193,1.50,2.25
2011.09.09 03:47:41.318,1.06178,1.06193,1.50,2.25
2011.09.09 03:47:41.876,1.06178,1.06193,1.50,3.00
2011.09.09 03:47:42.554,1.06177,1.06193,2.43,3.75
2011.09.09 03:47:43.116,1.06177,1.06192,2.25,1.50
2011.09.09 03:47:43.372,1.06172,1.06188,2.43,1.50
2011.09.09 03:47:43.969,1.06172,1.06188,1.68,1.50
2011.09.09 03:47:51.308,1.06172,1.06188,2.43,1.50
2011.09.09 03:47:53.765,1.06172,1.06188,1.50,2.25
2011.09.09 03:47:55.127,1.06171,1.06188,4.68,2.25
2011.09.09 03:47:56.043,1.06171,1.06188,4.68,2.25
2011.09.09 03:47:56.616,1.06172,1.06189,3.35,2.25
2011.09.09 03:47:56.957,1.06176,1.0619,1.50,1.50
2011.09.09 03:47:57.078,1.06177,1.06192,1.68,1.50
2011.09.09 03:47:57.649,1.06179,1.06193,1.50,3.00
2011.09.09 03:48:07.966,1.06178,1.06193,1.50,2.25
2011.09.09 03:48:20.652,1.06181,1.06193,1.50,2.25
2011.09.09 03:48:21.013,1.06197,1.06201,2.25,1.50
2011.09.09 03:48:21.138,1.06192,1.06203,1.50,1.50
2011.09.09 03:48:21.259,1.06189,1.06203,1.07,2.25
2011.09.09 03:48:21.380,1.06189,1.06202,1.07,1.50
2011.09.09 03:48:21.619,1.06186,1.06202,2.66,2.25
2011.09.09 03:48:21.739,1.06188,1.06201,1.50,1.50
2011.09.09 03:48:21.978,1.06191,1.06204,3.75,1.50
2011.09.09 03:48:22.326,1.06191,1.06206,3.75,2.25
2011.09.09 03:48:23.439,1.06191,1.06207,3.93,1.50
2011.09.09 03:48:24.456,1.06191,1.06207,4.68,1.50
2011.09.09 03:48:24.801,1.06195,1.06208,1.50,2.25
2011.09.09 03:48:25.555,1.06197,1.06209,1.50,1.50
2011.09.09 03:48:25.679,1.06198,1.06212,1.50,3.00
2011.09.09 03:48:27.927,1.06198,1.06212,1.50,2.25
2011.09.09 03:48:28.278,1.06194,1.0621,1.68,3.75
2011.09.09 03:48:28.728,1.06196,1.0621,1.68,3.00
2011.09.09 03:48:28.848,1.06197,1.0621,1.68,2.25
2011.09.09 03:48:28.969,1.06197,1.06213,2.43,2.25
2011.09.09 03:48:29.416,1.06197,1.06213,1.68,2.25
2011.09.09 03:48:29.996,1.06194,1.06209,2.28,1.50
2011.09.09 03:48:40.326,1.06194,1.06209,1.68,2.25
2011.09.09 03:48:41.546,1.06191,1.06208,5.43,1.50
2011.09.09 03:48:42.007,1.06191,1.06206,4.68,1.50
2011.09.09 03:48:44.184,1.062,1.06209,2.25,3.00
2011.09.09 03:48:44.417,1.06207,1.06215,1.50,4.19
2011.09.09 03:48:45.034,1.06203,1.06216,1.88,3.00
2011.09.09 03:48:45.277,1.06203,1.06218,2.43,1.50
2011.09.09 03:48:51.891,1.06202,1.06218,1.68,1.50
2011.09.09 03:48:56.569,1.06211,1.06218,1.13,1.50
2011.09.09 03:48:56.933,1.06208,1.06222,1.07,2.25
2011.09.09 03:48:57.182,1.06207,1.0622,3.00,2.25
2011.09.09 03:48:57.766,1.06204,1.06219,2.43,2.25
2011.09.09 03:48:58.564,1.06204,1.06219,2.43,1.50
2011.09.09 03:49:04.450,1.06206,1.0622,1.68,1.50
2011.09.09 03:49:04.569,1.06207,1.06223,2.25,3.75
2011.09.09 03:49:04.688,1.06207,1.06222,4.50,1.50
2011.09.09 03:49:05.039,1.06207,1.06222,4.50,2.25
2011.09.09 03:49:08.602,1.06208,1.06222,1.88,3.00
2011.09.09 03:49:09.497,1.06211,1.06223,1.13,1.50
2011.09.09 03:49:13.954,1.06214,1.06223,1.88,1.50
2011.09.09 03:49:14.860,1.06227,1.06237,1.50,1.50
2011.09.09 03:49:14.996,1.06226,1.06239,1.50,1.77
2011.09.09 03:49:15.122,1.06222,1.06236,2.43,1.02
2011.09.09 03:49:39.358,1.06228,1.06236,2.28,1.50
2011.09.09 03:49:39.721,1.06236,1.06243,3.00,1.50
2011.09.09 03:49:39.841,1.06236,1.06242,2.25,1.50
2011.09.09 03:49:39.961,1.06231,1.06247,1.50,2.10
2011.09.09 03:49:46.008,1.06241,1.06247,1.35,1.50
2011.09.09 03:49:46.135,1.06242,1.06253,3.75,3.00
2011.09.09 03:49:53.856,1.06242,1.06257,1.50,1.50
2011.09.09 03:49:59.414,1.06242,1.06258,1.50,3.75
2011.09.09 03:50:01.788,1.06242,1.06258,1.50,2.25
2011.09.09 03:50:02.151,1.06247,1.06261,3.00,3.00
2011.09.09 03:50:02.390,1.06247,1.06261,3.75,2.25
2011.09.09 03:50:02.619,1.06247,1.06261,4.50,2.25
2011.09.09 03:50:03.221,1.06248,1.06261,1.50,1.50
2011.09.09 03:50:04.299,1.06248,1.06261,2.20,1.50
2011.09.09 03:50:04.659,1.06252,1.06265,1.45,1.50
2011.09.09 03:50:05.134,1.06255,1.06268,1.13,1.35
2011.09.09 03:50:05.263,1.06258,1.0627,1.07,2.25
2011.09.09 03:50:05.380,1.06259,1.06273,1.50,6.75
2011.09.09 03:50:05.950,1.06259,1.06273,1.13,4.50
2011.09.09 03:50:06.637,1.06257,1.06272,4.68,1.50
2011.09.09 03:50:09.157,1.06257,1.06272,4.68,1.50
2011.09.09 03:50:09.642,1.06262,1.06272,1.88,2.63
2011.09.09 03:50:09.881,1.06267,1.06273,3.75,1.50
2011.09.09 03:50:10.002,1.06267,1.06276,3.00,1.50
2011.09.09 03:50:10.118,1.06262,1.06276,1.50,1.50
2011.09.09 03:50:10.239,1.0626,1.06276,4.45,1.50
2011.09.09 03:50:10.473,1.0626,1.06276,3.75,1.50
2011.09.09 03:50:11.994,1.0626,1.06273,2.25,1.50
2011.09.09 03:50:12.239,1.06257,1.06273,4.68,4.50
2011.09.09 03:50:12.689,1.06258,1.06272,2.25,1.50
2011.09.09 03:50:13.052,1.06261,1.06277,1.88,1.50
2011.09.09 03:50:13.290,1.06261,1.06277,2.63,1.50
2011.09.09 03:50:13.742,1.06263,1.06277,2.10,1.50
2011.09.09 03:50:14.102,1.06266,1.06281,3.32,2.25
2011.09.09 03:50:14.223,1.06266,1.06278,3.00,1.50
2011.09.09 03:50:14.459,1.06261,1.06276,4.68,1.50
2011.09.09 03:50:14.580,1.06261,1.06276,3.93,1.50
2011.09.09 03:50:15.234,1.06261,1.06276,3.00,1.50
2011.09.09 03:50:15.882,1.06272,1.06278,2.25,2.25
2011.09.09 03:50:16.244,1.0628,1.06287,2.25,3.79
2011.09.09 03:50:16.378,1.06275,1.06289,2.43,1.62
2011.09.09 03:50:16.505,1.06277,1.06289,1.50,1.62
2011.09.09 03:50:16.754,1.06272,1.06288,3.78,1.62
2011.09.09 03:50:16.882,1.06272,1.06288,2.43,1.62
2011.09.09 03:50:18.902,1.06272,1.06288,1.68,3.04
2011.09.09 03:50:19.459,1.06274,1.06288,1.50,1.54
2011.09.09 03:50:19.810,1.06274,1.06289,1.68,5.29
2011.09.09 03:50:19.931,1.06273,1.06287,1.68,1.50
2011.09.09 03:50:20.293,1.06271,1.06283,1.68,3.75
2011.09.09 03:50:20.421,1.06268,1.06283,2.81,3.75
2011.09.09 03:50:20.654,1.06267,1.06282,5.36,1.50
2011.09.09 03:50:20.782,1.06267,1.0628,2.36,3.00
2011.09.09 03:50:22.720,1.06268,1.0628,2.18,2.25
2011.09.09 03:50:22.960,1.06268,1.06283,2.59,3.00
2011.09.09 03:50:23.600,1.06268,1.06282,2.09,1.50
2011.09.09 03:50:26.745,1.06271,1.06284,1.68,4.13
2011.09.09 03:50:26.878,1.06272,1.06289,3.03,5.29
2011.09.09 03:50:27.220,1.06272,1.06288,1.53,4.17
2011.09.09 03:50:27.808,1.0627,1.06283,3.00,2.25
2011.09.09 03:50:31.969,1.06266,1.06279,1.07,1.50
2011.09.09 03:50:32.216,1.06261,1.06278,3.56,1.13
2011.09.09 03:50:32.466,1.06261,1.06276,1.68,1.50
2011.09.09 03:50:32.711,1.06259,1.06274,3.93,2.25
2011.09.09 03:50:32.832,1.06258,1.06274,1.68,1.50
2011.09.09 03:50:32.951,1.06257,1.06273,2.43,2.25
2011.09.09 03:50:33.537,1.06257,1.06273,2.25,3.00
2011.09.09 03:50:35.648,1.06257,1.06273,2.25,2.25
2011.09.09 03:50:38.778,1.06258,1.06273,1.50,2.25
2011.09.09 03:50:39.898,1.06257,1.06273,2.25,3.38
2011.09.09 03:50:44.989,1.06258,1.06272,1.50,1.13
2011.09.09 03:50:45.108,1.0626,1.06273,3.00,2.63
2011.09.09 03:50:45.677,1.0626,1.06273,3.00,1.50
2011.09.09 03:50:48.678,1.0626,1.06273,3.00,1.50
2011.09.09 03:50:49.331,1.0626,1.06274,3.00,3.00
2011.09.09 03:50:54.286,1.0626,1.06273,3.00,1.50
2011.09.09 03:50:55.295,1.06261,1.06276,1.88,2.25
2011.09.09 03:50:58.159,1.06266,1.06276,1.13,1.50
2011.09.09 03:50:58.404,1.06272,1.06282,3.00,2.25
2011.09.09 03:50:58.654,1.06269,1.06278,1.50,1.50
2011.09.09 03:50:58.783,1.06265,1.06278,2.25,1.50
2011.09.09 03:50:58.902,1.06263,1.06278,1.53,1.50
2011.09.09 03:51:01.602,1.06262,1.06278,1.68,2.25
2011.09.09 03:51:27.666,1.06262,1.06278,1.68,2.25
2011.09.09 03:51:28.559,1.06262,1.06278,1.68,2.25
2011.09.09 03:51:45.118,1.06259,1.06275,1.68,1.50
2011.09.09 03:51:45.689,1.06261,1.06276,1.68,1.50
2011.09.09 03:51:46.268,1.06262,1.06277,1.50,1.50
2011.09.09 03:51:50.773,1.06261,1.06276,2.06,1.50
2011.09.09 03:51:53.959,1.06261,1.06273,1.31,1.50
2011.09.09 03:51:54.199,1.06258,1.06272,2.06,1.50
2011.09.09 03:51:54.319,1.06258,1.06272,1.50,2.25
2011.09.09 03:51:54.981,1.06258,1.06272,1.50,2.25
2011.09.09 03:51:55.876,1.06258,1.06272,1.50,2.25
2011.09.09 03:51:56.469,1.06253,1.06268,2.43,1.50
2011.09.09 03:51:57.039,1.06253,1.06269,2.43,3.75
2011.09.09 03:51:58.183,1.06253,1.06268,2.43,1.61
2011.09.09 03:51:58.542,1.06251,1.06263,1.68,3.00
2011.09.09 03:52:02.659,1.06251,1.06263,1.68,3.75
2011.09.09 03:52:02.779,1.0625,1.06262,1.68,1.50
2011.09.09 03:52:05.769,1.06251,1.06267,1.68,2.25
2011.09.09 03:52:06.000,1.06252,1.06267,1.68,2.25
2011.09.09 03:52:07.469,1.0625,1.06264,2.06,1.50
2011.09.09 03:52:09.063,1.06251,1.06267,2.43,2.25
2011.09.09 03:52:10.669,1.06254,1.06268,1.50,1.50
2011.09.09 03:52:11.019,1.06257,1.06269,1.50,2.25
2011.09.09 03:52:13.105,1.06256,1.06268,1.50,2.25
2011.09.09 03:52:13.788,1.06252,1.06267,1.50,1.50
2011.09.09 03:52:14.836,1.06252,1.06267,1.50,1.50
2011.09.09 03:52:15.191,1.06247,1.06263,4.85,5.25
2011.09.09 03:52:17.998,1.06248,1.06262,2.00,1.50
2011.09.09 03:52:18.122,1.06248,1.06262,2.00,1.50
2011.09.09 03:52:18.461,1.0625,1.06263,1.50,2.25
2011.09.09 03:52:18.700,1.06251,1.06266,1.50,2.25
2011.09.09 03:52:19.277,1.0625,1.06265,2.25,1.50
2011.09.09 03:52:20.398,1.0625,1.06264,1.50,1.50
2011.09.09 03:52:20.741,1.06247,1.06263,2.28,1.50
2011.09.09 03:52:27.218,1.06247,1.06263,2.28,2.25
2011.09.09 03:52:30.030,1.06248,1.06263,1.50,1.50
2011.09.09 03:52:31.731,1.06247,1.06263,3.18,2.25
2011.09.09 03:52:31.848,1.06247,1.06261,2.43,3.00
2011.09.09 03:52:32.078,1.06247,1.06261,2.43,3.00
2011.09.09 03:52:37.055,1.06247,1.06261,2.43,2.25
2011.09.09 03:52:37.617,1.06247,1.06261,1.68,3.75
2011.09.09 03:52:37.850,1.06247,1.06261,2.28,3.75
2011.09.09 03:52:38.209,1.06248,1.06264,1.50,1.50
2011.09.09 03:52:41.138,1.0625,1.06264,1.13,1.50
2011.09.09 03:52:41.489,1.06251,1.06267,1.50,3.00
2011.09.09 03:52:42.277,1.06251,1.06266,1.50,1.50
2011.09.09 03:52:42.859,1.06251,1.06266,2.25,1.50
2011.09.09 03:52:45.448,1.06251,1.06266,1.50,1.50
2011.09.09 03:52:51.460,1.0625,1.06265,1.13,1.50
2011.09.09 03:52:52.138,1.06248,1.06261,1.68,1.50
2011.09.09 03:52:52.263,1.06247,1.06261,2.43,3.75
2011.09.09 03:52:52.839,1.06252,1.06264,1.50,1.50
2011.09.09 03:52:53.418,1.06248,1.06263,1.68,1.50
2011.09.09 03:52:56.479,1.06247,1.06263,3.93,2.25
2011.09.09 03:52:56.600,1.06248,1.06262,1.68,1.50
2011.09.09 03:52:56.963,1.06255,1.06267,1.50,3.00
2011.09.09 03:52:57.081,1.06252,1.06267,1.50,3.75
2011.09.09 03:52:57.658,1.0625,1.06266,2.06,2.25
2011.09.09 03:52:58.257,1.0625,1.06264,1.31,1.50
2011.09.09 03:52:59.709,1.06248,1.06264,1.68,1.50
2011.09.09 03:53:03.919,1.06252,1.06265,1.13,1.50
2011.09.09 03:53:04.400,1.06252,1.06267,1.50,3.00
2011.09.09 03:53:07.588,1.06248,1.06263,1.68,1.50
2011.09.09 03:53:08.711,1.06247,1.06262,3.78,3.75
2011.09.09 03:53:16.488,1.06247,1.06262,1.50,3.75
2011.09.09 03:53:16.829,1.06246,1.0626,2.43,1.50
2011.09.09 03:53:22.164,1.06247,1.0626,1.68,1.50
2011.09.09 03:53:22.289,1.06247,1.06262,1.68,4.50
2011.09.09 03:53:22.518,1.06247,1.06262,1.68,3.75
2011.09.09 03:53:22.882,1.06249,1.06262,1.82,2.25
2011.09.09 03:53:23.243,1.06252,1.06267,1.07,3.75
2011.09.09 03:53:33.761,1.06251,1.06266,2.81,1.50
2011.09.09 03:53:35.967,1.06251,1.06267,2.43,3.75
2011.09.09 03:53:38.477,1.06251,1.06265,1.68,1.50
2011.09.09 03:53:41.632,1.06251,1.06267,2.43,3.75
2011.09.09 03:53:43.428,1.06248,1.06261,1.50,1.50
2011.09.09 03:53:43.781,1.06249,1.06263,1.88,1.50
2011.09.09 03:53:44.118,1.06249,1.06264,1.68,1.50
2011.09.09 03:53:44.681,1.06249,1.06263,1.68,1.50
2011.09.09 03:53:44.910,1.06249,1.06263,1.68,1.50
2011.09.09 03:53:47.240,1.06248,1.06261,1.53,1.50
2011.09.09 03:53:47.798,1.06247,1.06262,3.18,3.00
2011.09.09 03:53:48.774,1.0624,1.06254,1.53,1.50
2011.09.09 03:53:49.350,1.0624,1.06253,1.53,1.50
2011.09.09 03:53:50.141,1.0624,1.06253,1.53,1.50
2011.09.09 03:53:50.698,1.06239,1.06252,1.68,1.50
2011.09.09 03:54:00.422,1.06238,1.06253,1.68,1.50
2011.09.09 03:54:00.666,1.06239,1.06254,2.43,2.25
2011.09.09 03:54:00.791,1.06239,1.06253,2.25,2.25
2011.09.09 03:54:01.352,1.06237,1.06252,1.31,1.50
2011.09.09 03:54:01.581,1.06237,1.06252,1.31,1.50
2011.09.09 03:54:01.813,1.06245,1.06255,1.50,2.63
2011.09.09 03:54:02.162,1.06245,1.06256,1.50,1.13
2011.09.09 03:54:03.316,1.06245,1.06256,1.50,1.88
2011.09.09 03:54:05.493,1.06244,1.06254,1.35,1.50
2011.09.09 03:54:05.610,1.0624,1.06253,1.07,1.50
2011.09.09 03:54:06.209,1.06238,1.06253,2.28,1.50
2011.09.09 03:54:12.288,1.06237,1.06253,3.18,3.00
2011.09.09 03:54:12.518,1.06237,1.06252,2.43,3.00
2011.09.09 03:54:17.277,1.06235,1.06248,1.68,1.50
2011.09.09 03:54:17.640,1.0623,1.06244,2.43,1.50
2011.09.09 03:54:18.623,1.06229,1.06242,1.31,1.50
2011.09.09 03:54:19.947,1.06228,1.06242,2.81,1.50
2011.09.09 03:54:20.304,1.06225,1.06233,2.06,1.50
2011.09.09 03:54:20.556,1.06222,1.06232,1.25,3.00
2011.09.09 03:54:20.803,1.0622,1.06234,2.81,1.50
2011.09.09 03:54:20.919,1.06221,1.06236,1.68,1.50
2011.09.09 03:54:21.477,1.06221,1.06236,1.68,1.50
2011.09.09 03:54:23.381,1.0622,1.06235,1.31,1.50
2011.09.09 03:54:30.559,1.06232,1.06239,1.35,1.50
2011.09.09 03:54:30.806,1.0623,1.06241,1.13,4.50
2011.09.09 03:54:30.938,1.06227,1.06241,1.68,5.25
2011.09.09 03:54:31.064,1.06229,1.06241,1.50,2.25
2011.09.09 03:54:31.553,1.06227,1.06242,1.68,1.50
2011.09.09 03:54:31.669,1.06228,1.06242,1.68,1.50
2011.09.09 03:54:59.034,1.06232,1.06245,1.50,1.50
2011.09.09 03:54:59.274,1.06235,1.06247,1.25,2.25
2011.09.09 03:55:00.318,1.06236,1.06247,1.07,2.25
2011.09.09 03:55:00.449,1.06237,1.06251,1.50,3.75
2011.09.09 03:55:00.572,1.06233,1.06248,3.18,2.25
2011.09.09 03:55:00.813,1.06233,1.06248,2.43,2.25
2011.09.09 03:55:01.057,1.06236,1.0625,2.25,1.50
2011.09.09 03:55:01.630,1.06236,1.0625,3.70,1.50
2011.09.09 03:55:04.912,1.06236,1.0625,3.00,2.25
2011.09.09 03:55:07.931,1.06236,1.0625,3.32,1.50
2011.09.09 03:55:12.652,1.06237,1.0625,1.50,1.50
2011.09.09 03:55:13.016,1.06249,1.0626,1.68,2.25
2011.09.09 03:55:13.143,1.0625,1.06262,2.06,1.96
2011.09.09 03:55:13.265,1.06252,1.06267,1.68,2.25
2011.09.09 03:55:13.397,1.06254,1.06267,1.50,2.25
2011.09.09 03:55:13.524,1.06254,1.06268,1.68,1.54
2011.09.09 03:55:14.074,1.06256,1.06268,1.68,1.54
2011.09.09 03:55:15.261,1.06254,1.06268,2.25,1.61
2011.09.09 03:55:15.385,1.06252,1.06262,1.68,1.50
2011.09.09 03:55:15.513,1.06251,1.06263,1.68,3.00
2011.09.09 03:55:15.631,1.06251,1.06264,1.68,1.50
2011.09.09 03:55:18.121,1.0625,1.06264,2.43,1.50
2011.09.09 03:55:22.853,1.0625,1.06263,1.68,1.50
2011.09.09 03:55:23.728,1.06248,1.06262,1.68,1.50
2011.09.09 03:55:31.797,1.06248,1.06262,1.68,1.50
2011.09.09 03:55:37.727,1.06247,1.06262,1.68,2.25
2011.09.09 03:55:37.848,1.06247,1.06262,1.68,2.25
2011.09.09 03:55:45.957,1.06247,1.06262,1.68,2.25
2011.09.09 03:55:54.340,1.06248,1.06263,2.43,3.00
2011.09.09 03:55:55.199,1.06256,1.06264,1.50,1.50
2011.09.09 03:55:55.333,1.06247,1.06261,3.60,1.50
2011.09.09 03:56:02.485,1.06245,1.06255,1.31,1.50
2011.09.09 03:56:02.856,1.06241,1.06255,1.07,2.25
2011.09.09 03:56:02.983,1.06237,1.06253,3.00,1.50
2011.09.09 03:56:03.561,1.06237,1.06254,2.25,3.00
2011.09.09 03:56:04.132,1.06237,1.06253,2.25,2.25
2011.09.09 03:56:05.689,1.06237,1.06252,1.50,1.50
2011.09.09 03:56:06.331,1.06233,1.06249,1.50,1.50
2011.09.09 03:56:08.069,1.06232,1.06248,2.25,1.50
2011.09.09 03:56:09.271,1.06236,1.0625,1.50,3.75
2011.09.09 03:56:09.610,1.06237,1.06252,1.50,1.50
2011.09.09 03:56:11.659,1.06237,1.06252,1.50,1.50
2011.09.09 03:56:12.839,1.06237,1.06253,1.50,6.38
2011.09.09 03:56:13.397,1.06237,1.06253,2.25,3.75
2011.09.09 03:56:18.959,1.06238,1.06253,2.10,3.75
2011.09.09 03:56:19.310,1.06247,1.06256,1.50,2.63
2011.09.09 03:56:19.841,1.06247,1.06256,2.25,1.50
2011.09.09 03:56:19.967,1.06247,1.06258,1.50,1.88
2011.09.09 03:56:24.439,1.06247,1.06259,2.25,1.50
2011.09.09 03:56:24.672,1.06248,1.06261,1.50,2.25
2011.09.09 03:56:25.020,1.06247,1.06261,2.25,1.50
2011.09.09 03:56:25.480,1.06246,1.06258,1.50,1.50
2011.09.09 03:56:26.173,1.06238,1.06254,4.75,1.50
2011.09.09 03:56:26.293,1.06238,1.06253,1.50,3.00
2011.09.09 03:56:26.848,1.06238,1.06253,1.50,3.00
2011.09.09 03:56:29.291,1.06241,1.06255,1.50,1.50
2011.09.09 03:56:29.868,1.06238,1.06254,1.50,1.50
2011.09.09 03:56:31.264,1.06235,1.06243,2.63,2.25
2011.09.09 03:56:31.504,1.06232,1.06243,1.25,2.25
2011.09.09 03:56:32.062,1.06232,1.06246,1.82,2.63
2011.09.09 03:56:32.188,1.06232,1.06248,1.50,1.50
2011.09.09 03:56:33.109,1.06231,1.06248,1.50,2.85
2011.09.09 03:56:34.788,1.0623,1.06246,1.50,1.50
2011.09.09 03:56:54.922,1.06229,1.06244,1.35,2.25
2011.09.09 03:56:55.156,1.06228,1.06242,1.50,1.50
2011.09.09 03:56:55.394,1.06224,1.06239,1.68,3.00
2011.09.09 03:56:56.443,1.06222,1.06239,2.43,7.50
2011.09.09 03:56:57.192,1.06222,1.06238,2.43,1.50
2011.09.09 03:56:57.410,1.0622,1.06235,1.68,1.50
2011.09.09 03:56:57.990,1.06222,1.06237,1.68,2.63
2011.09.09 03:56:58.338,1.0622,1.06235,1.68,1.50
2011.09.09 03:56:58.909,1.0622,1.06235,1.68,1.50
2011.09.09 03:56:59.501,1.0622,1.06235,1.68,1.50
2011.09.09 03:57:03.437,1.06222,1.06237,1.68,1.50
2011.09.09 03:57:03.777,1.0622,1.06236,2.43,1.50
2011.09.09 03:57:10.928,1.06221,1.06236,1.31,1.50
2011.09.09 03:57:11.051,1.06223,1.06237,2.10,2.25
2011.09.09 03:57:11.863,1.06226,1.06239,2.25,2.25
2011.09.09 03:57:12.505,1.06226,1.06238,2.25,1.50
2011.09.09 03:57:13.862,1.06226,1.06238,1.50,2.25
2011.09.09 03:57:13.980,1.06221,1.06238,2.43,1.50
2011.09.09 03:57:14.212,1.0622,1.06237,3.03,1.50
2011.09.09 03:57:14.788,1.0622,1.06237,3.78,2.25
2011.09.09 03:57:15.368,1.06221,1.06237,1.68,1.50
2011.09.09 03:57:16.093,1.06221,1.06237,1.68,2.25
2011.09.09 03:57:16.433,1.06218,1.06228,1.68,1.98
2011.09.09 03:57:16.674,1.06212,1.06223,2.15,1.50
2011.09.09 03:57:16.804,1.06212,1.06224,1.63,2.25
2011.09.09 03:57:17.139,1.06212,1.06228,2.43,3.00
2011.09.09 03:57:19.208,1.06213,1.06228,2.28,1.50
2011.09.09 03:57:19.575,1.0622,1.06229,1.13,1.50
2011.09.09 03:57:20.196,1.06221,1.06234,1.50,1.50
2011.09.09 03:57:20.328,1.06224,1.06238,1.50,1.50
2011.09.09 03:57:21.402,1.06224,1.06239,2.43,3.75
2011.09.09 03:57:21.990,1.06225,1.06239,1.68,3.75
2011.09.09 03:57:25.598,1.06225,1.06239,1.68,3.75
2011.09.09 03:57:26.160,1.06225,1.06239,1.68,3.75
2011.09.09 03:57:26.740,1.06225,1.06239,1.68,3.75
2011.09.09 03:57:27.297,1.06225,1.06239,1.68,3.75
2011.09.09 03:57:28.272,1.06225,1.06239,1.68,3.75
2011.09.09 03:57:29.015,1.06225,1.06239,1.68,3.75
2011.09.09 03:57:29.684,1.06225,1.06239,1.68,3.00
2011.09.09 03:57:43.588,1.06225,1.06239,1.68,3.75
2011.09.09 03:57:44.377,1.06225,1.06239,1.68,3.75
2011.09.09 03:57:46.547,1.06225,1.06239,1.68,3.75
2011.09.09 03:57:49.460,1.06225,1.06239,1.68,3.75
2011.09.09 03:57:50.123,1.06225,1.06239,1.68,3.75
2011.09.09 03:57:52.278,1.06225,1.06239,1.68,3.75
2011.09.09 03:57:52.852,1.06225,1.06239,1.68,3.75
2011.09.09 03:57:53.902,1.06225,1.06239,1.68,3.75
2011.09.09 03:57:54.479,1.06225,1.06239,1.68,3.75
2011.09.09 03:57:55.981,1.06226,1.06239,1.68,2.25
2011.09.09 03:57:56.101,1.06228,1.06242,2.25,2.25
2011.09.09 03:57:56.668,1.06228,1.06242,2.25,1.50
2011.09.09 03:57:56.909,1.06228,1.06242,2.25,2.25
2011.09.09 03:58:05.943,1.06228,1.06241,1.50,2.63
2011.09.09 03:58:06.065,1.06227,1.06235,2.25,2.25
2011.09.09 03:58:06.193,1.06221,1.06233,2.48,1.50
2011.09.09 03:58:06.434,1.06219,1.06233,1.68,1.50
2011.09.09 03:58:06.672,1.06219,1.06233,1.50,1.88
2011.09.09 03:58:07.021,1.06217,1.0623,1.68,3.00
2011.09.09 03:58:33.298,1.06215,1.06229,1.68,1.50
2011.09.09 03:58:33.768,1.06212,1.06228,1.50,4.73
2011.09.09 03:58:55.800,1.06213,1.06227,1.50,1.71
2011.09.09 03:58:56.031,1.06215,1.0623,1.68,5.25
2011.09.09 03:59:03.740,1.06213,1.06228,1.68,1.50
2011.09.09 03:59:03.985,1.06213,1.06224,1.68,1.23
2011.09.09 03:59:04.234,1.06208,1.06219,1.68,2.25
2011.09.09 03:59:04.355,1.06207,1.06222,2.43,1.69
2011.09.09 03:59:04.839,1.0621,1.06224,1.50,1.69
2011.09.09 03:59:05.740,1.06209,1.06223,2.43,1.69
2011.09.09 03:59:06.318,1.06207,1.06223,3.18,2.44
2011.09.09 03:59:07.108,1.06208,1.06224,1.68,3.19
2011.09.09 03:59:07.231,1.06209,1.06224,1.68,2.25
2011.09.09 03:59:09.156,1.06217,1.06229,1.50,2.25
2011.09.09 03:59:09.513,1.06215,1.06229,2.25,3.75
2011.09.09 03:59:22.470,1.06214,1.06229,1.68,4.50
2011.09.09 03:59:22.592,1.06212,1.06226,1.50,1.50
2011.09.09 03:59:23.072,1.06207,1.06223,3.50,1.50
2011.09.09 03:59:23.298,1.06209,1.06225,1.68,2.25
2011.09.09 03:59:26.148,1.06211,1.06225,2.25,1.50
2011.09.09 03:59:26.599,1.06211,1.06225,2.25,1.50
2011.09.09 03:59:28.273,1.06211,1.06225,1.50,1.50
2011.09.09 03:59:39.707,1.06211,1.06225,2.25,1.50
2011.09.09 03:59:40.310,1.06209,1.06224,1.50,2.25
2011.09.09 03:59:42.842,1.06209,1.06224,1.50,2.63
2011.09.09 03:59:43.420,1.0621,1.06224,3.00,2.25
2011.09.09 03:59:44.012,1.06208,1.06223,1.50,3.75
2011.09.09 03:59:44.682,1.06207,1.06223,3.93,3.75
2011.09.09 03:59:45.472,1.06214,1.06223,1.50,3.00
2011.09.09 03:59:45.595,1.06214,1.06223,1.50,2.25
2011.09.09 03:59:45.722,1.06213,1.06229,1.50,5.25
2011.09.09 03:59:45.845,1.06216,1.06228,1.50,1.50
2011.09.09 03:59:46.417,1.06211,1.06223,1.68,3.00
2011.09.09 03:59:46.781,1.06208,1.06223,2.25,3.75
2011.09.09 03:59:56.477,1.06207,1.06223,5.00,4.50
2011.09.09 03:59:58.070,1.06209,1.06223,1.31,3.00
2011.09.09 03:59:58.421,1.06214,1.06229,1.50,2.25
2011.09.09 03:59:59.429,1.06215,1.06229,1.50,1.50
2011.09.09 03:59:59.770,1.06217,1.06231,2.25,1.50
