2011.09.15 10:00:00.314,1.02623,1.02638,2.67,2.25
2011.09.15 10:00:00.945,1.02624,1.02638,1.50,1.50
2011.09.15 10:00:04.694,1.02624,1.02638,1.50,1.50
2011.09.15 10:00:05.975,1.02624,1.02638,1.50,1.50
2011.09.15 10:00:10.052,1.02626,1.0264,2.25,1.13
2011.09.15 10:00:10.643,1.02627,1.0264,1.50,1.13
2011.09.15 10:00:11.203,1.02627,1.0264,1.50,1.13
2011.09.15 10:00:11.564,1.02625,1.02639,1.92,1.13
2011.09.15 10:00:12.166,1.02625,1.02639,2.29,1.13
2011.09.15 10:00:12.694,1.02628,1.02642,1.50,4.88
2011.09.15 10:00:13.435,1.02629,1.02642,1.50,2.63
2011.09.15 10:00:14.045,1.02632,1.02642,3.75,1.13
2011.09.15 10:00:15.218,1.02633,1.02645,1.50,1.50
2011.09.15 10:00:15.349,1.02634,1.02647,1.50,2.25
2011.09.15 10:00:15.486,1.02634,1.02647,2.33,1.50
2011.09.15 10:00:15.737,1.02637,1.02652,2.25,1.50
2011.09.15 10:00:15.866,1.02638,1.02653,3.00,2.40
2011.09.15 10:00:16.467,1.02638,1.02651,3.00,1.50
2011.09.15 10:00:16.595,1.02636,1.02651,1.54,2.25
2011.09.15 10:00:17.192,1.02636,1.02651,1.54,2.25
2011.09.15 10:00:21.149,1.02638,1.02652,4.50,2.25
2011.09.15 10:00:21.767,1.0264,1.02652,1.50,1.50
2011.09.15 10:00:22.017,1.02642,1.02654,1.35,1.65
2011.09.15 10:00:22.387,1.02649,1.02661,1.50,1.05
2011.09.15 10:00:22.640,1.02653,1.02665,3.00,2.25
2011.09.15 10:00:22.768,1.02653,1.0267,3.60,1.50
2011.09.15 10:00:22.895,1.02653,1.0267,4.35,4.50
2011.09.15 10:00:23.777,1.02651,1.02666,1.50,1.50
2011.09.15 10:00:24.266,1.02655,1.02667,1.50,4.50
2011.09.15 10:00:24.875,1.02655,1.0267,1.54,3.00
2011.09.15 10:00:26.078,1.02658,1.02672,3.00,3.00
2011.09.15 10:00:26.207,1.02658,1.02672,3.00,2.25
2011.09.15 10:00:26.812,1.02658,1.02672,2.25,1.50
2011.09.15 10:00:28.679,1.02659,1.02672,1.50,1.50
2011.09.15 10:00:29.214,1.02667,1.02676,2.48,2.25
2011.09.15 10:00:29.352,1.02675,1.02688,1.50,1.50
2011.09.15 10:00:29.601,1.02674,1.02689,2.29,3.00
2011.09.15 10:00:29.970,1.02674,1.02689,2.29,1.50
2011.09.15 10:00:30.336,1.02678,1.02692,3.83,3.00
2011.09.15 10:00:30.703,1.02677,1.0269,1.54,1.35
2011.09.15 10:00:32.184,1.02675,1.02688,1.54,1.50
2011.09.15 10:00:33.141,1.02675,1.02688,2.25,2.25
2011.09.15 10:00:34.034,1.02674,1.02688,1.50,2.25
2011.09.15 10:00:34.406,1.02673,1.02685,1.50,2.25
2011.09.15 10:00:35.254,1.02677,1.02685,2.25,1.50
2011.09.15 10:00:35.618,1.02673,1.02685,1.50,1.50
2011.09.15 10:00:36.363,1.02672,1.02685,5.25,2.25
2011.09.15 10:00:36.965,1.02673,1.02685,1.50,1.50
2011.09.15 10:00:37.565,1.02673,1.02686,1.50,1.50
2011.09.15 10:00:38.156,1.02673,1.02686,2.25,1.50
2011.09.15 10:00:38.763,1.02673,1.02686,2.10,1.50
2011.09.15 10:00:39.364,1.02674,1.02688,1.50,2.25
2011.09.15 10:00:39.965,1.02673,1.02688,2.11,1.50
2011.09.15 10:00:40.083,1.02674,1.02688,1.58,1.50
2011.09.15 10:00:40.324,1.02674,1.02688,1.58,1.50
2011.09.15 10:00:40.446,1.02674,1.02689,2.63,2.25
2011.09.15 10:00:41.012,1.02678,1.02692,3.75,1.58
2011.09.15 10:00:41.375,1.02678,1.02687,3.00,1.50
2011.09.15 10:00:41.734,1.02675,1.02687,1.50,3.90
2011.09.15 10:00:42.322,1.02673,1.02686,2.25,1.65
2011.09.15 10:00:43.532,1.02673,1.02686,1.50,1.58
2011.09.15 10:00:44.614,1.02673,1.02687,1.50,2.25
2011.09.15 10:00:45.506,1.02673,1.02687,1.50,1.50
2011.09.15 10:00:46.213,1.02673,1.02687,1.50,2.25
2011.09.15 10:00:46.572,1.02673,1.02686,2.25,1.50
2011.09.15 10:00:47.143,1.02673,1.02686,1.50,1.50
2011.09.15 10:00:49.840,1.02673,1.02686,1.50,1.50
2011.09.15 10:00:50.783,1.02673,1.02686,2.25,1.50
2011.09.15 10:00:51.016,1.02675,1.02687,1.50,1.50
2011.09.15 10:00:51.264,1.02677,1.02686,1.50,1.50
2011.09.15 10:00:51.503,1.02673,1.02686,1.50,1.50
2011.09.15 10:00:52.228,1.02673,1.02686,1.50,1.50
2011.09.15 10:00:53.725,1.02673,1.02687,1.50,2.25
2011.09.15 10:00:55.113,1.02673,1.02687,1.50,3.00
2011.09.15 10:00:55.985,1.02673,1.02685,2.25,1.50
2011.09.15 10:00:56.586,1.02673,1.02685,1.50,1.50
2011.09.15 10:00:57.195,1.02673,1.02685,1.50,1.50
2011.09.15 10:00:58.093,1.02672,1.02686,2.25,3.75
2011.09.15 10:00:58.216,1.0267,1.02684,2.25,2.25
2011.09.15 10:00:58.346,1.0267,1.02684,1.50,2.25
2011.09.15 10:00:59.723,1.0267,1.02684,1.50,1.50
2011.09.15 10:01:00.082,1.02673,1.02684,1.50,1.50
2011.09.15 10:01:01.046,1.0267,1.02683,1.50,1.50
2011.09.15 10:01:01.173,1.02668,1.02683,1.54,2.25
2011.09.15 10:01:03.494,1.02667,1.02682,3.04,1.13
2011.09.15 10:01:04.000,1.02667,1.0268,1.54,2.10
2011.09.15 10:01:04.134,1.02665,1.02678,1.80,1.50
2011.09.15 10:01:04.501,1.02662,1.02676,1.88,2.33
2011.09.15 10:01:06.136,1.02662,1.02676,3.38,2.33
2011.09.15 10:01:06.494,1.02666,1.02677,3.00,2.25
2011.09.15 10:01:06.616,1.02663,1.02677,1.50,2.25
2011.09.15 10:01:08.749,1.02662,1.0267,1.92,2.10
2011.09.15 10:01:08.880,1.0266,1.02667,2.25,2.25
2011.09.15 10:01:09.017,1.02656,1.02662,3.00,1.50
2011.09.15 10:01:09.151,1.0265,1.02659,3.57,1.13
2011.09.15 10:01:09.277,1.0265,1.02659,3.00,1.50
2011.09.15 10:01:09.534,1.02645,1.02657,1.12,1.13
2011.09.15 10:01:09.661,1.02645,1.02657,1.50,1.50
2011.09.15 10:01:09.907,1.02643,1.02658,2.40,2.25
2011.09.15 10:01:10.415,1.02647,1.0266,1.65,1.50
2011.09.15 10:01:11.014,1.02647,1.0266,1.50,1.50
2011.09.15 10:01:11.137,1.02647,1.0266,1.50,1.50
2011.09.15 10:01:13.016,1.02655,1.0266,1.50,1.50
2011.09.15 10:01:13.263,1.02656,1.02665,3.00,1.50
2011.09.15 10:01:13.866,1.02656,1.02668,3.00,1.88
2011.09.15 10:01:16.791,1.02656,1.02668,3.08,1.88
2011.09.15 10:01:17.040,1.02661,1.02672,1.24,1.50
2011.09.15 10:01:17.166,1.02662,1.02674,2.33,1.50
2011.09.15 10:01:17.287,1.02665,1.02676,1.54,2.25
2011.09.15 10:01:17.534,1.02665,1.02678,3.72,1.50
2011.09.15 10:01:17.777,1.02668,1.02679,1.13,1.50
2011.09.15 10:01:18.023,1.02671,1.02681,3.00,1.50
2011.09.15 10:01:18.265,1.02671,1.02682,2.25,2.25
2011.09.15 10:01:18.385,1.02667,1.02682,1.39,2.25
2011.09.15 10:01:20.734,1.02667,1.02682,3.27,1.50
2011.09.15 10:01:24.343,1.02671,1.02684,1.73,1.13
2011.09.15 10:01:29.127,1.02673,1.02683,1.47,1.13
2011.09.15 10:01:29.256,1.02676,1.02688,1.58,1.58
2011.09.15 10:01:29.388,1.02676,1.02688,1.58,1.58
2011.09.15 10:01:30.236,1.02677,1.02688,1.88,1.50
2011.09.15 10:01:30.487,1.02681,1.0269,3.00,1.13
2011.09.15 10:01:30.856,1.02675,1.02689,1.62,2.25
2011.09.15 10:01:31.743,1.02674,1.02688,2.82,1.50
2011.09.15 10:01:32.345,1.02676,1.02689,1.47,1.50
2011.09.15 10:01:32.948,1.02677,1.02689,1.13,1.50
2011.09.15 10:01:33.434,1.0268,1.02689,3.00,2.25
2011.09.15 10:01:33.557,1.0268,1.02689,2.25,1.50
2011.09.15 10:01:34.114,1.02676,1.02687,1.54,2.25
2011.09.15 10:01:34.255,1.02673,1.02683,2.14,1.50
2011.09.15 10:01:35.205,1.02673,1.02686,3.12,1.50
2011.09.15 10:01:35.324,1.02673,1.02687,3.04,1.50
2011.09.15 10:01:35.912,1.02673,1.02687,3.04,1.50
2011.09.15 10:01:36.032,1.02673,1.02687,3.04,1.50
2011.09.15 10:01:36.274,1.02673,1.02687,2.97,1.50
2011.09.15 10:01:37.140,1.02673,1.02688,4.62,2.25
2011.09.15 10:01:37.748,1.02673,1.02688,1.54,3.00
2011.09.15 10:01:39.569,1.02673,1.02688,1.69,3.00
2011.09.15 10:01:43.152,1.02672,1.02688,3.57,2.25
2011.09.15 10:01:46.405,1.02672,1.02683,1.54,1.13
2011.09.15 10:01:46.538,1.02671,1.02683,2.52,1.50
2011.09.15 10:01:49.723,1.02671,1.02683,2.52,1.88
2011.09.15 10:01:50.391,1.02671,1.02683,2.52,1.88
2011.09.15 10:01:55.915,1.02671,1.02684,2.89,1.13
2011.09.15 10:01:57.682,1.02671,1.02683,2.14,1.13
2011.09.15 10:02:00.387,1.02674,1.02687,1.35,1.50
2011.09.15 10:02:00.518,1.02676,1.02689,1.58,2.25
2011.09.15 10:02:00.763,1.02678,1.02691,1.35,1.88
2011.09.15 10:02:01.356,1.02681,1.02693,3.00,1.50
2011.09.15 10:02:03.333,1.02681,1.02691,3.00,1.13
2011.09.15 10:02:05.923,1.02681,1.02691,3.00,1.13
2011.09.15 10:02:06.522,1.02681,1.0269,3.00,1.13
2011.09.15 10:02:07.126,1.02675,1.02687,2.19,1.50
2011.09.15 10:02:07.245,1.02675,1.02687,1.51,1.50
2011.09.15 10:02:07.603,1.02673,1.02687,1.77,1.50
2011.09.15 10:02:07.722,1.02673,1.02687,2.52,1.50
2011.09.15 10:02:08.345,1.02673,1.02687,2.29,1.77
2011.09.15 10:02:09.160,1.02673,1.02687,1.54,1.50
2011.09.15 10:02:09.512,1.02673,1.02686,1.54,1.02
2011.09.15 10:02:11.128,1.02672,1.02683,1.54,1.02
2011.09.15 10:02:11.260,1.02672,1.02684,1.54,1.02
2011.09.15 10:02:11.387,1.02672,1.02686,1.54,1.02
2011.09.15 10:02:11.511,1.02672,1.02687,1.54,2.25
2011.09.15 10:02:11.875,1.02673,1.02687,1.54,3.00
2011.09.15 10:02:12.472,1.02672,1.02684,1.54,1.88
2011.09.15 10:02:14.405,1.02673,1.02687,1.62,2.25
2011.09.15 10:02:15.394,1.02673,1.02687,2.29,3.00
2011.09.15 10:02:16.106,1.02673,1.02687,1.62,1.50
2011.09.15 10:02:17.063,1.02673,1.02683,1.54,1.13
2011.09.15 10:02:19.295,1.02671,1.02686,3.72,1.88
2011.09.15 10:02:19.418,1.02672,1.02687,1.69,2.25
2011.09.15 10:02:19.824,1.02672,1.02687,1.69,1.50
2011.09.15 10:02:19.956,1.02673,1.02688,4.24,1.50
2011.09.15 10:02:21.772,1.02676,1.02689,1.35,2.25
2011.09.15 10:02:22.405,1.02674,1.02689,2.14,2.25
2011.09.15 10:02:22.984,1.02673,1.02689,4.32,1.50
2011.09.15 10:02:24.513,1.02672,1.02684,1.24,1.50
2011.09.15 10:02:24.759,1.02669,1.02684,3.04,1.50
2011.09.15 10:02:25.461,1.02669,1.02684,2.37,1.50
2011.09.15 10:02:26.307,1.02668,1.02683,2.29,1.50
2011.09.15 10:02:26.682,1.02666,1.02675,1.54,1.50
2011.09.15 10:02:26.811,1.02665,1.02675,3.00,1.50
2011.09.15 10:02:26.938,1.02665,1.02677,3.00,1.50
2011.09.15 10:02:27.067,1.02665,1.02674,2.25,2.25
2011.09.15 10:02:27.315,1.02657,1.02668,1.92,1.50
2011.09.15 10:02:27.872,1.02656,1.0267,1.32,4.50
2011.09.15 10:02:28.011,1.0266,1.0267,2.25,1.50
2011.09.15 10:02:28.138,1.02656,1.02671,5.29,1.88
2011.09.15 10:02:28.267,1.02656,1.0267,3.04,2.25
2011.09.15 10:02:29.238,1.02654,1.02668,1.39,1.50
2011.09.15 10:02:29.366,1.02653,1.02668,2.29,2.25
2011.09.15 10:02:29.496,1.02651,1.02667,4.92,1.50
2011.09.15 10:02:34.933,1.02651,1.02663,2.67,1.50
2011.09.15 10:02:35.052,1.02651,1.02662,2.67,2.10
2011.09.15 10:02:35.294,1.02648,1.02663,1.62,2.85
2011.09.15 10:02:36.006,1.0265,1.02664,3.12,1.50
2011.09.15 10:02:36.253,1.02652,1.02667,1.54,2.85
2011.09.15 10:02:38.461,1.02653,1.02667,1.62,1.35
2011.09.15 10:02:39.056,1.02652,1.02667,3.12,2.10
2011.09.15 10:02:39.414,1.02655,1.02667,1.58,1.35
2011.09.15 10:02:39.535,1.02657,1.02669,1.58,1.50
2011.09.15 10:02:40.007,1.0266,1.02669,2.25,1.50
2011.09.15 10:02:40.148,1.02657,1.02671,2.29,1.73
2011.09.15 10:02:40.754,1.02658,1.02672,1.54,2.85
2011.09.15 10:02:41.755,1.02658,1.02672,1.54,2.10
2011.09.15 10:02:43.667,1.02658,1.02668,1.54,2.10
2011.09.15 10:02:44.035,1.02657,1.02671,1.62,2.10
2011.09.15 10:02:51.123,1.02661,1.02675,3.00,2.25
2011.09.15 10:02:51.715,1.02661,1.02676,3.75,4.35
2011.09.15 10:02:52.066,1.02662,1.02676,1.73,3.60
2011.09.15 10:02:52.863,1.02662,1.02677,2.44,4.35
2011.09.15 10:02:53.617,1.02662,1.02677,2.44,5.10
2011.09.15 10:02:53.863,1.02662,1.02677,1.77,5.10
2011.09.15 10:02:54.441,1.02662,1.02677,1.62,5.10
2011.09.15 10:02:55.481,1.02662,1.02677,1.62,5.10
2011.09.15 10:02:57.145,1.02662,1.02677,2.52,3.60
2011.09.15 10:02:58.333,1.02662,1.02677,2.52,3.60
2011.09.15 10:02:59.001,1.02662,1.02677,2.52,3.60
2011.09.15 10:02:59.672,1.02662,1.02677,2.29,3.60
2011.09.15 10:03:01.130,1.02662,1.02677,2.82,3.60
2011.09.15 10:03:01.497,1.02671,1.02678,3.00,1.50
2011.09.15 10:03:01.744,1.02671,1.02684,3.00,3.75
2011.09.15 10:03:02.812,1.02671,1.02682,3.00,1.13
2011.09.15 10:03:03.300,1.02671,1.02677,2.25,2.10
2011.09.15 10:03:03.437,1.02663,1.02677,2.07,2.85
2011.09.15 10:03:03.565,1.02663,1.02677,2.07,2.10
2011.09.15 10:03:03.684,1.02663,1.02679,2.29,1.50
2011.09.15 10:03:04.283,1.02663,1.02678,1.54,1.50
2011.09.15 10:03:04.632,1.02663,1.02676,1.54,1.50
2011.09.15 10:03:04.997,1.02663,1.02676,1.54,1.50
2011.09.15 10:03:05.604,1.02661,1.02675,1.13,1.50
2011.09.15 10:03:08.742,1.02661,1.02675,1.13,1.50
2011.09.15 10:03:11.231,1.02661,1.02676,1.88,4.43
2011.09.15 10:03:12.174,1.02661,1.02676,1.13,4.43
2011.09.15 10:03:12.772,1.02661,1.02676,1.13,4.35
2011.09.15 10:03:13.406,1.02662,1.02676,1.50,4.35
2011.09.15 10:03:14.703,1.02663,1.02673,1.50,2.10
2011.09.15 10:03:14.945,1.02658,1.02672,2.07,2.10
2011.09.15 10:03:15.064,1.02657,1.0267,1.54,1.50
2011.09.15 10:03:15.310,1.02657,1.02671,1.54,3.60
2011.09.15 10:03:15.868,1.02661,1.02673,3.00,2.25
2011.09.15 10:03:16.236,1.02661,1.0267,3.00,2.10
2011.09.15 10:03:16.364,1.02657,1.0267,1.54,3.60
2011.09.15 10:03:16.487,1.02658,1.02672,1.17,1.50
2011.09.15 10:03:16.616,1.0266,1.02673,3.00,2.25
2011.09.15 10:03:17.095,1.0266,1.02675,4.54,1.50
2011.09.15 10:03:18.392,1.0266,1.02674,3.04,2.25
2011.09.15 10:03:26.964,1.0266,1.02672,2.29,1.13
2011.09.15 10:03:27.093,1.02657,1.02669,1.54,1.50
2011.09.15 10:03:27.452,1.02651,1.02665,1.88,1.50
2011.09.15 10:03:27.816,1.02651,1.02662,2.63,1.50
2011.09.15 10:03:28.415,1.02652,1.02663,1.13,2.25
2011.09.15 10:03:28.992,1.02652,1.02663,1.13,1.50
2011.09.15 10:03:32.004,1.02652,1.02665,1.13,1.50
2011.09.15 10:03:33.779,1.02653,1.02665,1.13,1.50
2011.09.15 10:03:35.186,1.02652,1.02665,2.63,1.50
2011.09.15 10:03:37.956,1.02651,1.02665,2.63,1.50
2011.09.15 10:03:38.194,1.02646,1.02663,1.54,1.50
2011.09.15 10:03:39.837,1.02647,1.02663,3.04,2.85
2011.09.15 10:03:40.203,1.02645,1.0266,1.62,3.75
2011.09.15 10:03:40.565,1.0265,1.02663,3.00,2.25
2011.09.15 10:03:42.338,1.02648,1.02662,1.54,1.50
2011.09.15 10:03:42.472,1.02648,1.02663,1.54,1.50
2011.09.15 10:03:43.078,1.02647,1.02662,3.20,1.50
2011.09.15 10:03:43.210,1.02647,1.02662,2.29,3.00
2011.09.15 10:03:43.582,1.02651,1.02662,1.50,1.50
2011.09.15 10:03:43.709,1.0265,1.02664,2.41,3.75
2011.09.15 10:03:43.958,1.02651,1.02665,1.50,1.50
2011.09.15 10:03:44.086,1.0265,1.02665,1.50,2.25
2011.09.15 10:03:45.506,1.02652,1.02667,2.25,3.00
2011.09.15 10:03:46.684,1.02657,1.02669,1.13,1.50
2011.09.15 10:03:47.176,1.0266,1.02676,4.77,1.50
2011.09.15 10:03:47.653,1.0266,1.02677,5.14,2.25
2011.09.15 10:03:51.227,1.0266,1.02674,3.00,2.25
2011.09.15 10:03:51.732,1.02659,1.02673,1.62,1.50
2011.09.15 10:03:51.975,1.02657,1.02673,2.82,2.25
2011.09.15 10:03:52.645,1.02658,1.02673,1.62,2.25
2011.09.15 10:03:53.183,1.02658,1.02672,1.54,1.13
2011.09.15 10:03:53.425,1.02655,1.0267,2.89,3.00
2011.09.15 10:03:53.786,1.02654,1.02669,1.92,2.33
2011.09.15 10:03:56.039,1.02652,1.02667,1.92,2.25
2011.09.15 10:03:56.165,1.02652,1.02666,1.88,1.50
2011.09.15 10:03:58.198,1.02653,1.02667,1.50,3.00
2011.09.15 10:03:58.684,1.02655,1.02668,1.50,1.50
2011.09.15 10:03:59.044,1.02658,1.0267,1.50,1.50
2011.09.15 10:03:59.515,1.02655,1.0267,2.45,3.75
2011.09.15 10:04:00.495,1.02655,1.02667,2.67,1.50
2011.09.15 10:04:01.093,1.02653,1.02666,2.89,1.50
2011.09.15 10:04:01.453,1.02653,1.02666,1.39,1.58
2011.09.15 10:04:02.152,1.02652,1.02666,2.67,1.58
2011.09.15 10:04:02.754,1.02652,1.02666,1.13,2.48
2011.09.15 10:04:03.514,1.02651,1.02665,1.13,1.73
2011.09.15 10:04:03.971,1.02651,1.02665,1.13,1.65
2011.09.15 10:04:04.983,1.0265,1.02666,4.17,1.58
2011.09.15 10:04:05.921,1.02653,1.02667,1.35,2.25
2011.09.15 10:04:06.491,1.02653,1.02666,1.35,1.50
2011.09.15 10:04:07.051,1.02652,1.02667,1.50,2.33
2011.09.15 10:04:08.641,1.02652,1.02666,3.00,1.58
2011.09.15 10:04:08.883,1.02653,1.02667,1.50,2.25
2011.09.15 10:04:09.460,1.02652,1.02667,4.39,2.40
2011.09.15 10:04:10.065,1.02652,1.02666,3.04,1.58
2011.09.15 10:04:12.655,1.02653,1.02665,1.50,1.50
2011.09.15 10:04:13.016,1.0266,1.0267,1.50,1.50
2011.09.15 10:04:13.258,1.02658,1.0267,2.25,1.50
2011.09.15 10:04:13.502,1.02658,1.02669,2.25,1.50
2011.09.15 10:04:13.866,1.02653,1.02664,1.50,1.50
2011.09.15 10:04:14.500,1.02653,1.02665,1.50,1.50
2011.09.15 10:04:15.444,1.02653,1.02665,1.50,1.50
2011.09.15 10:04:16.023,1.02654,1.02665,1.50,1.50
2011.09.15 10:04:16.841,1.02653,1.02665,1.50,1.50
2011.09.15 10:04:17.413,1.02653,1.02664,1.50,1.50
2011.09.15 10:04:17.534,1.02649,1.02663,1.35,1.50
2011.09.15 10:04:17.654,1.02649,1.02664,1.35,2.25
2011.09.15 10:04:17.774,1.02652,1.02664,3.00,2.25
2011.09.15 10:04:18.369,1.02652,1.02664,3.00,1.50
2011.09.15 10:04:30.813,1.02652,1.02666,3.00,1.50
2011.09.15 10:04:34.593,1.02652,1.02666,3.00,2.25
2011.09.15 10:04:35.269,1.02652,1.02666,3.00,1.50
2011.09.15 10:04:35.786,1.02652,1.02666,3.00,2.25
2011.09.15 10:04:36.482,1.02652,1.02666,3.00,1.50
2011.09.15 10:04:37.040,1.02652,1.02666,3.00,2.25
2011.09.15 10:04:37.612,1.02652,1.02666,3.00,1.50
2011.09.15 10:04:37.738,1.02652,1.02663,2.25,2.63
2011.09.15 10:04:38.738,1.02652,1.02664,3.00,1.50
2011.09.15 10:04:39.335,1.02652,1.02665,3.00,1.50
2011.09.15 10:04:46.022,1.02652,1.02664,2.25,1.50
2011.09.15 10:04:46.659,1.02648,1.02663,4.54,1.50
2011.09.15 10:04:46.795,1.02648,1.02663,3.79,2.25
2011.09.15 10:04:49.152,1.02648,1.02662,3.75,1.13
2011.09.15 10:04:53.468,1.02648,1.02658,2.25,1.13
2011.09.15 10:04:53.720,1.02642,1.02655,1.50,2.63
2011.09.15 10:04:53.853,1.02639,1.02654,1.13,1.50
2011.09.15 10:04:53.980,1.02638,1.02651,1.54,1.35
2011.09.15 10:04:54.469,1.02632,1.02647,4.50,1.13
2011.09.15 10:04:54.602,1.02632,1.02647,3.75,3.00
2011.09.15 10:04:55.593,1.0263,1.02644,1.50,1.88
2011.09.15 10:04:55.719,1.02628,1.02642,1.50,2.25
2011.09.15 10:04:56.575,1.02628,1.02642,3.00,1.50
2011.09.15 10:04:57.292,1.02628,1.02642,3.00,1.88
2011.09.15 10:04:58.572,1.02628,1.02642,3.00,1.50
2011.09.15 10:05:01.243,1.02628,1.02642,3.00,3.75
2011.09.15 10:05:01.726,1.02629,1.02643,1.50,1.50
2011.09.15 10:05:02.087,1.02633,1.02647,3.60,3.75
2011.09.15 10:05:02.213,1.02633,1.02647,3.60,1.50
2011.09.15 10:05:02.985,1.02633,1.02648,4.35,2.25
2011.09.15 10:05:04.977,1.02633,1.02647,3.64,1.50
2011.09.15 10:05:07.215,1.02633,1.02648,4.39,1.50
2011.09.15 10:05:10.302,1.02633,1.02649,5.97,2.63
2011.09.15 10:05:10.429,1.02633,1.02649,5.97,1.50
2011.09.15 10:05:11.019,1.02638,1.02652,1.50,4.50
2011.09.15 10:05:11.632,1.02637,1.02652,5.29,2.25
2011.09.15 10:05:16.173,1.02638,1.02652,1.50,2.25
2011.09.15 10:05:16.774,1.02643,1.02656,2.25,3.00
2011.09.15 10:05:18.952,1.02643,1.02657,2.33,2.25
2011.09.15 10:05:19.676,1.02642,1.02657,1.40,2.25
2011.09.15 10:05:23.244,1.02642,1.02657,1.54,2.25
2011.09.15 10:05:25.203,1.02642,1.02657,2.14,2.25
2011.09.15 10:05:34.285,1.02646,1.02658,1.35,1.50
2011.09.15 10:05:34.905,1.02647,1.02661,2.79,1.88
2011.09.15 10:05:35.037,1.0265,1.02662,3.54,1.13
2011.09.15 10:05:35.264,1.0265,1.02662,2.79,1.88
2011.09.15 10:05:35.384,1.02648,1.02662,2.82,1.88
2011.09.15 10:05:35.983,1.02648,1.02662,2.82,1.88
2011.09.15 10:05:36.682,1.02648,1.02662,2.29,1.88
2011.09.15 10:05:37.665,1.02648,1.02662,2.29,1.88
2011.09.15 10:05:38.501,1.02648,1.02662,2.29,1.88
2011.09.15 10:05:38.972,1.02648,1.02662,3.42,1.50
2011.09.15 10:05:39.093,1.02648,1.02662,2.25,2.25
2011.09.15 10:05:39.219,1.02648,1.02662,3.16,2.25
2011.09.15 10:05:39.825,1.02652,1.02666,2.41,4.35
2011.09.15 10:05:40.342,1.02652,1.02666,2.25,2.10
2011.09.15 10:05:42.093,1.02652,1.02667,3.16,1.50
2011.09.15 10:05:42.214,1.02653,1.02668,1.54,1.50
2011.09.15 10:05:42.576,1.02662,1.02672,1.50,2.25
2011.09.15 10:05:43.175,1.02657,1.02673,3.04,1.50
2011.09.15 10:05:43.853,1.02657,1.02673,3.64,2.25
2011.09.15 10:05:44.585,1.0266,1.02675,3.00,2.25
2011.09.15 10:05:45.771,1.0266,1.02674,3.00,2.25
2011.09.15 10:05:49.274,1.0266,1.02674,4.50,1.50
2011.09.15 10:05:49.870,1.02663,1.02677,2.10,2.25
2011.09.15 10:05:50.003,1.02664,1.02677,1.89,1.50
2011.09.15 10:05:50.134,1.02665,1.02678,1.13,1.50
2011.09.15 10:05:50.375,1.02666,1.0268,2.25,1.50
2011.09.15 10:05:52.240,1.0267,1.02684,3.00,3.00
2011.09.15 10:05:52.364,1.0267,1.02684,3.00,3.00
2011.09.15 10:05:52.843,1.02672,1.02687,2.04,2.33
2011.09.15 10:05:53.684,1.02672,1.02687,1.50,3.75
2011.09.15 10:05:54.614,1.02672,1.02687,1.50,3.75
2011.09.15 10:06:01.512,1.02672,1.02684,1.50,1.50
2011.09.15 10:06:02.084,1.0267,1.02682,3.00,1.50
2011.09.15 10:06:02.605,1.02668,1.02682,1.54,1.50
2011.09.15 10:06:02.748,1.0267,1.02683,3.00,1.50
2011.09.15 10:06:03.235,1.0267,1.02683,2.25,2.25
2011.09.15 10:06:03.354,1.0267,1.02683,2.25,2.25
2011.09.15 10:06:03.714,1.02667,1.02682,2.29,1.50
2011.09.15 10:06:04.304,1.02667,1.02681,1.50,1.50
2011.09.15 10:06:04.655,1.02666,1.02677,2.29,1.50
2011.09.15 10:06:04.776,1.02663,1.02677,2.29,1.50
2011.09.15 10:06:05.019,1.02661,1.02676,1.88,1.50
2011.09.15 10:06:05.592,1.0266,1.02672,2.67,1.50
2011.09.15 10:06:05.721,1.0266,1.02671,2.67,1.50
2011.09.15 10:06:05.845,1.02654,1.02669,3.57,1.50
2011.09.15 10:06:06.090,1.02657,1.0267,1.50,2.25
2011.09.15 10:06:06.339,1.02656,1.02671,1.54,1.50
2011.09.15 10:06:06.825,1.02661,1.02673,3.75,1.50
2011.09.15 10:06:08.215,1.02661,1.02676,3.75,2.25
2011.09.15 10:06:08.684,1.02661,1.02675,3.00,1.50
2011.09.15 10:06:09.214,1.02662,1.02673,1.50,1.50
2011.09.15 10:06:09.334,1.02662,1.02676,1.50,2.63
2011.09.15 10:06:09.932,1.02661,1.02677,2.25,2.25
2011.09.15 10:06:10.765,1.0266,1.02676,3.79,2.85
2011.09.15 10:06:15.235,1.02662,1.02677,2.25,1.50
2011.09.15 10:06:15.797,1.02662,1.02678,3.00,2.25
2011.09.15 10:06:17.961,1.02662,1.02677,1.50,1.50
2011.09.15 10:06:20.517,1.02665,1.02677,1.73,1.50
2011.09.15 10:06:20.763,1.02667,1.02683,2.29,4.13
2011.09.15 10:06:21.001,1.02667,1.02683,2.29,2.63
2011.09.15 10:06:21.583,1.02668,1.02683,1.50,1.88
2011.09.15 10:06:29.756,1.02668,1.02683,1.50,1.13
2011.09.15 10:06:29.996,1.02667,1.02682,1.54,3.00
2011.09.15 10:06:30.134,1.02664,1.02677,1.88,1.50
2011.09.15 10:06:30.799,1.02664,1.02677,1.13,3.00
2011.09.15 10:06:31.060,1.02665,1.02679,1.13,1.50
2011.09.15 10:06:31.428,1.02671,1.02684,1.50,3.00
2011.09.15 10:06:31.675,1.0267,1.02683,3.00,2.25
2011.09.15 10:06:31.914,1.02668,1.02683,1.54,2.25
2011.09.15 10:06:32.927,1.02669,1.02683,1.50,1.50
2011.09.15 10:06:33.522,1.02671,1.02684,3.00,1.50
2011.09.15 10:06:34.345,1.02671,1.02683,3.00,1.50
2011.09.15 10:06:36.158,1.02671,1.02683,2.25,1.50
2011.09.15 10:06:36.530,1.02693,1.02701,1.35,7.21
2011.09.15 10:06:36.661,1.02696,1.02703,1.50,1.65
2011.09.15 10:06:36.788,1.02693,1.02707,3.00,3.39
2011.09.15 10:06:36.918,1.02693,1.02707,2.40,3.39
2011.09.15 10:06:37.406,1.02693,1.02707,1.69,1.88
2011.09.15 10:06:38.156,1.02692,1.02706,2.07,1.50
2011.09.15 10:06:38.278,1.02693,1.02707,2.40,1.50
2011.09.15 10:06:39.926,1.02693,1.02707,2.25,1.50
2011.09.15 10:06:40.060,1.02691,1.02706,2.59,1.13
2011.09.15 10:06:40.429,1.02693,1.02707,2.25,1.50
2011.09.15 10:06:40.955,1.02692,1.02706,1.05,1.50
2011.09.15 10:06:42.477,1.02694,1.02706,1.50,1.50
2011.09.15 10:06:42.724,1.02695,1.02709,3.00,2.25
2011.09.15 10:06:42.963,1.02695,1.02707,3.00,1.50
2011.09.15 10:06:43.087,1.02691,1.02706,1.32,1.50
2011.09.15 10:06:43.219,1.02695,1.02707,1.50,1.50
2011.09.15 10:06:43.583,1.02691,1.02706,3.04,1.50
2011.09.15 10:06:43.705,1.02691,1.02707,3.04,3.00
2011.09.15 10:06:44.756,1.02691,1.02706,3.00,3.38
2011.09.15 10:06:45.363,1.02691,1.02704,3.00,2.25
2011.09.15 10:06:45.965,1.02693,1.02704,1.35,1.50
2011.09.15 10:06:46.838,1.02695,1.02704,3.00,1.50
2011.09.15 10:06:46.982,1.02691,1.02703,1.13,1.50
2011.09.15 10:06:47.228,1.0269,1.02703,2.25,3.00
2011.09.15 10:06:47.358,1.02687,1.02701,2.10,1.50
2011.09.15 10:06:47.964,1.02687,1.02701,1.35,2.63
2011.09.15 10:06:48.085,1.02685,1.02699,3.04,1.50
2011.09.15 10:06:49.507,1.02688,1.02699,2.10,1.13
2011.09.15 10:06:50.245,1.0269,1.02702,2.25,1.50
2011.09.15 10:06:50.367,1.02687,1.02702,1.92,3.00
2011.09.15 10:06:52.300,1.02695,1.02707,3.00,1.50
2011.09.15 10:06:52.430,1.02695,1.02707,3.00,1.50
2011.09.15 10:06:55.742,1.02695,1.02709,3.00,2.25
2011.09.15 10:06:55.864,1.02695,1.02709,3.00,3.00
2011.09.15 10:06:56.432,1.02695,1.02709,3.00,2.25
2011.09.15 10:06:58.041,1.02696,1.02709,1.58,1.50
2011.09.15 10:06:58.404,1.02706,1.02716,3.00,1.50
2011.09.15 10:06:58.755,1.02703,1.02717,2.41,2.25
2011.09.15 10:07:00.573,1.02703,1.02716,1.35,1.50
2011.09.15 10:07:00.815,1.02702,1.02716,2.07,1.50
2011.09.15 10:07:00.934,1.02703,1.02716,1.13,2.25
2011.09.15 10:07:01.521,1.02704,1.02717,4.66,2.25
2011.09.15 10:07:02.225,1.02704,1.02714,2.25,1.50
2011.09.15 10:07:02.822,1.027,1.02715,1.92,3.38
2011.09.15 10:07:04.655,1.02702,1.02715,1.13,3.00
2011.09.15 10:07:04.776,1.02705,1.02715,1.50,1.13
2011.09.15 10:07:05.023,1.02705,1.02717,3.00,2.25
2011.09.15 10:07:05.268,1.02705,1.02715,2.25,1.50
2011.09.15 10:07:05.397,1.02702,1.02715,1.54,1.50
2011.09.15 10:07:06.924,1.02702,1.02715,1.77,1.50
2011.09.15 10:07:07.684,1.02705,1.02717,3.00,1.50
2011.09.15 10:07:13.595,1.02705,1.02713,3.00,1.50
2011.09.15 10:07:13.836,1.02705,1.02717,3.75,1.50
2011.09.15 10:07:18.629,1.02705,1.02714,2.25,1.50
2011.09.15 10:07:18.759,1.02703,1.02715,1.50,2.25
2011.09.15 10:07:19.956,1.02706,1.02715,1.50,1.50
2011.09.15 10:07:20.555,1.02705,1.02718,3.75,2.25
2011.09.15 10:07:22.388,1.02707,1.02718,1.50,1.50
2011.09.15 10:07:22.521,1.02715,1.02723,1.35,1.50
2011.09.15 10:07:22.766,1.02715,1.02727,4.35,1.50
2011.09.15 10:07:25.104,1.02715,1.02727,4.35,1.50
2011.09.15 10:07:25.649,1.02715,1.02727,3.00,2.40
2011.09.15 10:07:25.778,1.02712,1.02724,1.50,1.50
2011.09.15 10:07:26.025,1.02709,1.02723,2.07,2.25
2011.09.15 10:07:26.264,1.02709,1.02723,1.50,3.00
2011.09.15 10:07:27.322,1.02707,1.02723,1.92,3.00
2011.09.15 10:07:27.447,1.02707,1.02723,2.67,3.00
2011.09.15 10:07:27.574,1.02707,1.02722,1.54,3.00
2011.09.15 10:07:27.936,1.02707,1.02721,1.54,1.50
2011.09.15 10:07:28.657,1.02703,1.02718,1.62,2.25
2011.09.15 10:07:28.784,1.02702,1.02718,3.72,2.25
2011.09.15 10:07:29.487,1.02703,1.02719,1.58,5.25
2011.09.15 10:07:29.988,1.02707,1.02719,1.50,3.75
2011.09.15 10:07:33.120,1.02707,1.02722,1.50,3.00
2011.09.15 10:07:34.391,1.02707,1.02722,1.50,3.00
2011.09.15 10:07:36.944,1.02705,1.02718,3.42,1.50
2011.09.15 10:07:37.186,1.02705,1.0272,2.07,5.10
2011.09.15 10:07:37.664,1.02707,1.02721,1.50,1.35
2011.09.15 10:07:39.321,1.02707,1.0272,3.38,1.35
2011.09.15 10:07:39.895,1.02707,1.0272,3.42,1.35
2011.09.15 10:07:40.014,1.02707,1.02722,3.42,1.05
2011.09.15 10:07:40.483,1.02707,1.02719,2.67,3.00
2011.09.15 10:07:41.088,1.02707,1.02719,2.67,2.25
2011.09.15 10:07:41.221,1.02707,1.02722,3.42,1.50
2011.09.15 10:07:41.821,1.02705,1.02718,1.62,1.50
2011.09.15 10:07:42.187,1.02701,1.0271,1.29,1.35
2011.09.15 10:07:42.437,1.02698,1.0271,1.50,1.35
2011.09.15 10:07:43.012,1.02697,1.0271,1.50,1.35
2011.09.15 10:07:43.472,1.02697,1.0271,1.88,1.35
2011.09.15 10:07:43.945,1.02697,1.02711,3.38,2.10
2011.09.15 10:07:44.516,1.02697,1.02711,3.38,1.50
2011.09.15 10:07:45.341,1.02698,1.02711,1.50,1.50
2011.09.15 10:07:46.132,1.02698,1.02711,1.50,1.50
2011.09.15 10:07:48.014,1.02697,1.02706,2.63,1.35
2011.09.15 10:07:48.604,1.02692,1.02707,2.29,3.00
2011.09.15 10:07:49.392,1.02693,1.02707,1.50,3.00
2011.09.15 10:07:49.962,1.02692,1.02707,2.29,3.00
2011.09.15 10:07:53.298,1.02697,1.02709,1.50,1.50
2011.09.15 10:07:53.425,1.02697,1.02709,1.50,1.50
2011.09.15 10:07:55.073,1.02697,1.02711,4.20,1.50
2011.09.15 10:07:55.314,1.02698,1.02713,2.22,2.10
2011.09.15 10:07:56.892,1.02698,1.02713,2.45,2.10
2011.09.15 10:07:57.496,1.02702,1.02714,1.50,2.25
2011.09.15 10:07:57.616,1.02703,1.02718,1.50,2.25
2011.09.15 10:07:57.738,1.02703,1.02719,3.87,3.75
2011.09.15 10:07:58.106,1.02708,1.02722,1.50,2.25
2011.09.15 10:07:58.702,1.02708,1.02722,2.41,1.50
2011.09.15 10:07:59.497,1.02708,1.02721,1.50,2.10
2011.09.15 10:08:00.092,1.02708,1.0272,1.54,1.35
2011.09.15 10:08:00.453,1.02708,1.02722,1.54,2.25
2011.09.15 10:08:01.023,1.02707,1.02722,1.54,1.50
2011.09.15 10:08:03.748,1.02709,1.02723,2.25,2.25
2011.09.15 10:08:04.256,1.02709,1.02723,2.29,1.50
2011.09.15 10:08:05.441,1.02715,1.02725,1.50,2.25
2011.09.15 10:08:05.803,1.02716,1.0273,1.17,2.25
2011.09.15 10:08:07.585,1.02716,1.02731,1.70,2.10
2011.09.15 10:08:07.705,1.02719,1.02731,1.29,2.10
2011.09.15 10:08:08.299,1.02718,1.02731,1.32,1.35
2011.09.15 10:08:10.151,1.02717,1.02731,1.54,1.73
2011.09.15 10:08:10.503,1.02717,1.02729,2.07,2.25
2011.09.15 10:08:10.744,1.02716,1.02728,1.17,1.50
2011.09.15 10:08:10.863,1.02715,1.02728,2.63,1.50
2011.09.15 10:08:11.106,1.02712,1.02728,4.02,1.50
2011.09.15 10:08:12.172,1.02713,1.02728,1.40,1.50
2011.09.15 10:08:12.761,1.02717,1.02729,1.13,1.50
2011.09.15 10:08:18.011,1.02718,1.02732,1.50,3.38
2011.09.15 10:08:18.132,1.02718,1.02732,1.54,1.88
2011.09.15 10:08:18.803,1.02718,1.02732,2.07,1.50
2011.09.15 10:08:20.172,1.02718,1.02732,2.07,1.50
2011.09.15 10:08:20.977,1.02722,1.02735,2.25,1.50
2011.09.15 10:08:21.105,1.02722,1.02737,2.63,1.50
2011.09.15 10:08:21.346,1.02727,1.02737,1.50,1.05
2011.09.15 10:08:23.065,1.02727,1.02741,1.50,1.50
2011.09.15 10:08:23.305,1.02728,1.02742,1.88,1.50
2011.09.15 10:08:23.908,1.02729,1.02742,1.13,1.50
2011.09.15 10:08:24.854,1.02729,1.02742,1.66,1.50
2011.09.15 10:08:25.371,1.02735,1.02743,1.54,1.50
2011.09.15 10:08:25.505,1.02736,1.02748,2.63,1.29
2011.09.15 10:08:27.234,1.02736,1.02749,2.63,1.50
2011.09.15 10:08:30.969,1.02736,1.02744,1.92,1.50
2011.09.15 10:08:31.102,1.02734,1.02744,2.25,1.50
2011.09.15 10:08:31.342,1.02729,1.02744,2.07,3.75
2011.09.15 10:08:31.466,1.02729,1.02744,1.54,3.75
2011.09.15 10:08:33.228,1.0273,1.02744,1.54,3.00
2011.09.15 10:08:33.831,1.02733,1.02747,1.54,2.25
2011.09.15 10:08:38.390,1.02731,1.02744,2.45,1.50
2011.09.15 10:08:38.755,1.02732,1.02742,1.54,2.10
2011.09.15 10:08:38.873,1.02732,1.02746,1.54,2.85
2011.09.15 10:08:39.491,1.02732,1.02745,1.54,3.00
2011.09.15 10:08:39.617,1.02732,1.02746,2.29,2.85
2011.09.15 10:08:40.201,1.02732,1.02746,2.29,2.85
2011.09.15 10:08:41.593,1.02731,1.02746,1.92,3.96
2011.09.15 10:08:41.956,1.02729,1.02743,1.54,2.85
2011.09.15 10:08:42.077,1.02733,1.02746,1.50,2.82
2011.09.15 10:08:42.598,1.0273,1.02742,3.04,2.85
2011.09.15 10:08:42.735,1.02732,1.02746,1.50,1.50
2011.09.15 10:08:43.336,1.02732,1.02747,1.54,2.85
2011.09.15 10:08:44.778,1.02731,1.02743,1.54,3.60
2011.09.15 10:08:47.412,1.02731,1.02743,1.92,2.10
2011.09.15 10:08:47.537,1.02734,1.02745,1.50,2.25
2011.09.15 10:08:47.668,1.02735,1.02748,3.00,1.50
2011.09.15 10:08:48.039,1.02733,1.02747,1.17,2.10
2011.09.15 10:08:48.884,1.02732,1.02747,4.17,2.85
2011.09.15 10:08:49.939,1.02732,1.02745,3.38,1.50
2011.09.15 10:08:50.545,1.02732,1.02745,1.50,1.50
2011.09.15 10:08:53.774,1.02736,1.0275,1.50,5.85
2011.09.15 10:09:01.153,1.02738,1.02751,1.50,1.35
2011.09.15 10:09:03.234,1.02738,1.02751,1.50,3.60
2011.09.15 10:09:03.706,1.02735,1.02747,4.17,2.10
2011.09.15 10:09:03.841,1.02735,1.02746,2.25,1.13
2011.09.15 10:09:03.967,1.02733,1.02746,1.88,2.63
2011.09.15 10:09:04.100,1.02732,1.02743,1.54,1.35
2011.09.15 10:09:04.344,1.02729,1.02743,1.54,1.35
2011.09.15 10:09:04.939,1.02729,1.02743,1.54,1.35
2011.09.15 10:09:07.968,1.02729,1.02744,1.54,3.75
2011.09.15 10:09:08.579,1.02732,1.02746,1.50,3.60
2011.09.15 10:09:09.481,1.02728,1.02738,3.42,1.35
2011.09.15 10:09:10.085,1.02725,1.02738,1.92,1.35
2011.09.15 10:09:13.097,1.02726,1.02742,1.54,5.10
2011.09.15 10:09:13.224,1.02727,1.02742,1.54,3.60
2011.09.15 10:09:13.464,1.02727,1.02738,1.54,2.85
2011.09.15 10:09:14.546,1.02727,1.0274,1.54,2.25
2011.09.15 10:09:15.079,1.02727,1.02741,2.29,1.35
2011.09.15 10:09:15.735,1.02727,1.02741,2.29,1.35
2011.09.15 10:09:17.796,1.02727,1.0274,2.29,2.10
2011.09.15 10:09:18.858,1.02726,1.0274,1.92,2.85
2011.09.15 10:09:19.466,1.02725,1.02737,2.29,2.10
2011.09.15 10:09:19.945,1.02723,1.02737,1.92,2.85
2011.09.15 10:09:20.523,1.02723,1.02737,1.17,2.85
2011.09.15 10:09:20.864,1.02723,1.02737,1.17,3.23
2011.09.15 10:09:21.673,1.02723,1.02734,1.13,1.50
2011.09.15 10:09:21.794,1.02719,1.02733,1.92,2.85
2011.09.15 10:09:23.619,1.02719,1.02733,1.54,3.23
2011.09.15 10:09:23.747,1.02718,1.02728,2.29,2.85
2011.09.15 10:09:23.997,1.02715,1.02728,3.42,2.85
2011.09.15 10:09:29.185,1.02715,1.0273,1.54,3.75
2011.09.15 10:09:29.307,1.02715,1.0273,2.29,4.50
2011.09.15 10:09:31.778,1.02715,1.02728,3.75,2.85
2011.09.15 10:09:34.266,1.02714,1.02728,2.37,1.35
2011.09.15 10:09:34.947,1.02716,1.02728,2.29,1.35
2011.09.15 10:09:35.534,1.02716,1.02728,2.29,1.35
2011.09.15 10:09:36.133,1.02716,1.02728,2.29,1.35
2011.09.15 10:09:36.855,1.02716,1.02728,1.54,1.73
2011.09.15 10:09:37.577,1.02715,1.02728,1.50,1.35
2011.09.15 10:09:37.757,1.02716,1.02728,2.25,1.35
2011.09.15 10:09:37.885,1.02718,1.0273,1.50,2.10
2011.09.15 10:09:38.004,1.02718,1.02732,1.50,1.13
2011.09.15 10:09:38.597,1.02718,1.02732,1.50,1.13
2011.09.15 10:09:38.845,1.0272,1.02733,3.00,1.50
2011.09.15 10:09:40.074,1.02721,1.02736,2.25,1.73
2011.09.15 10:09:40.201,1.02722,1.02737,3.04,1.35
2011.09.15 10:09:40.833,1.02722,1.02737,3.04,1.35
2011.09.15 10:09:41.320,1.02724,1.02738,2.25,1.35
2011.09.15 10:09:41.684,1.02726,1.02739,1.54,2.25
2011.09.15 10:09:42.291,1.02727,1.02741,1.54,1.73
2011.09.15 10:09:42.659,1.02725,1.02737,1.92,2.10
2011.09.15 10:09:43.216,1.02723,1.02736,3.04,1.50
2011.09.15 10:09:43.341,1.02722,1.02736,4.92,1.35
2011.09.15 10:09:43.470,1.02722,1.02733,3.42,2.85
2011.09.15 10:09:44.076,1.02719,1.02733,1.54,2.85
2011.09.15 10:09:45.264,1.02717,1.02733,3.04,3.60
2011.09.15 10:09:45.507,1.02717,1.0273,2.25,2.10
2011.09.15 10:09:45.635,1.02717,1.02727,1.29,1.35
2011.09.15 10:09:46.464,1.02716,1.02727,1.50,1.35
2011.09.15 10:09:47.794,1.02714,1.02726,1.54,2.10
2011.09.15 10:09:48.267,1.02714,1.02723,1.50,1.35
2011.09.15 10:09:48.395,1.02711,1.02723,1.32,1.35
2011.09.15 10:09:49.786,1.02711,1.02723,1.50,2.10
2011.09.15 10:09:50.265,1.02713,1.02724,1.50,3.75
2011.09.15 10:09:50.976,1.02713,1.02724,1.50,1.50
2011.09.15 10:09:51.095,1.02713,1.02724,1.50,1.50
2011.09.15 10:09:51.694,1.02713,1.02727,1.50,2.25
2011.09.15 10:09:52.055,1.02716,1.02727,1.50,1.50
2011.09.15 10:09:52.780,1.02714,1.02724,4.13,1.35
2011.09.15 10:09:52.907,1.02712,1.02724,2.79,1.35
2011.09.15 10:09:53.036,1.02712,1.02722,1.29,1.35
2011.09.15 10:09:53.274,1.02713,1.02725,1.50,1.50
2011.09.15 10:09:53.394,1.02714,1.02726,1.50,1.35
2011.09.15 10:09:53.636,1.02715,1.02728,3.75,1.50
2011.09.15 10:09:53.757,1.02715,1.02727,3.00,1.35
2011.09.15 10:09:54.836,1.02715,1.02727,2.63,2.10
2011.09.15 10:09:55.074,1.02713,1.02727,2.63,2.10
2011.09.15 10:09:57.584,1.02714,1.02727,1.50,2.10
2011.09.15 10:09:58.168,1.02713,1.02727,2.25,2.10
2011.09.15 10:09:58.304,1.02711,1.02723,1.50,1.35
2011.09.15 10:09:58.969,1.02709,1.02722,1.88,1.50
2011.09.15 10:09:59.992,1.0271,1.02722,2.25,1.50
2011.09.15 10:10:00.572,1.0271,1.02722,1.50,1.50
2011.09.15 10:10:02.254,1.0271,1.02722,1.50,3.60
2011.09.15 10:10:03.762,1.0271,1.02722,1.50,1.50
2011.09.15 10:10:04.353,1.0271,1.02722,1.50,2.10
2011.09.15 10:10:09.222,1.02708,1.02716,1.29,2.10
2011.09.15 10:10:09.589,1.02698,1.02711,2.04,2.10
2011.09.15 10:10:09.719,1.02697,1.02707,2.40,1.73
2011.09.15 10:10:10.085,1.02695,1.02704,2.41,1.50
2011.09.15 10:10:10.203,1.02693,1.02704,1.50,1.50
2011.09.15 10:10:10.325,1.02693,1.02704,1.50,2.63
2011.09.15 10:10:11.678,1.02693,1.02703,1.50,1.50
2011.09.15 10:10:11.929,1.02692,1.02706,4.13,2.25
2011.09.15 10:10:12.523,1.02693,1.02706,1.50,2.25
2011.09.15 10:10:12.765,1.02694,1.02706,3.75,2.25
2011.09.15 10:10:13.123,1.02697,1.02706,1.50,1.50
2011.09.15 10:10:13.242,1.02697,1.02706,1.50,1.50
2011.09.15 10:10:14.504,1.02697,1.02708,1.50,2.25
2011.09.15 10:10:15.092,1.02697,1.02708,1.50,2.25
2011.09.15 10:10:16.091,1.02697,1.02708,1.50,2.25
2011.09.15 10:10:16.672,1.02697,1.02708,1.50,2.63
2011.09.15 10:10:19.882,1.02697,1.0271,1.50,1.50
2011.09.15 10:10:20.484,1.02697,1.0271,1.50,1.50
2011.09.15 10:10:21.995,1.02697,1.0271,1.50,1.50
2011.09.15 10:10:23.144,1.02697,1.0271,1.50,1.50
2011.09.15 10:10:23.790,1.02697,1.0271,1.50,1.50
2011.09.15 10:10:24.385,1.02697,1.02708,1.50,2.25
2011.09.15 10:10:25.093,1.02697,1.02706,1.50,1.50
2011.09.15 10:10:25.662,1.02697,1.02706,1.50,1.50
2011.09.15 10:10:26.234,1.02697,1.02708,1.50,1.50
2011.09.15 10:10:31.162,1.02698,1.02711,1.88,1.13
2011.09.15 10:10:31.292,1.027,1.02712,1.50,1.88
2011.09.15 10:10:31.420,1.02702,1.02714,1.50,2.63
2011.09.15 10:10:31.906,1.02702,1.02716,2.63,1.50
2011.09.15 10:10:32.147,1.02705,1.02716,1.50,1.50
2011.09.15 10:10:32.394,1.02707,1.02719,1.50,2.10
2011.09.15 10:10:33.556,1.02712,1.02725,1.50,1.50
2011.09.15 10:10:33.919,1.02706,1.02712,1.54,1.50
2011.09.15 10:10:34.169,1.02704,1.02717,1.54,1.50
2011.09.15 10:10:34.415,1.02703,1.02716,2.25,2.85
2011.09.15 10:10:37.393,1.02704,1.02717,1.50,2.25
2011.09.15 10:10:37.515,1.02707,1.02717,1.50,1.50
2011.09.15 10:10:37.634,1.02707,1.02718,1.50,1.50
2011.09.15 10:10:37.757,1.02705,1.02718,5.04,1.50
2011.09.15 10:10:38.226,1.02706,1.02716,1.13,1.50
2011.09.15 10:10:38.347,1.02702,1.02713,2.04,1.35
2011.09.15 10:10:38.467,1.02702,1.02715,2.79,3.00
2011.09.15 10:10:38.823,1.02702,1.02716,2.25,2.25
2011.09.15 10:10:40.773,1.02703,1.02716,1.50,1.50
2011.09.15 10:10:43.835,1.02701,1.02714,1.50,2.25
2011.09.15 10:10:43.968,1.02698,1.02713,1.65,4.73
2011.09.15 10:10:44.096,1.027,1.02713,1.50,1.50
2011.09.15 10:10:46.924,1.02699,1.02713,4.50,1.50
2011.09.15 10:10:47.896,1.02695,1.02708,1.50,1.13
2011.09.15 10:10:48.015,1.02694,1.02707,1.65,1.50
2011.09.15 10:10:48.501,1.02695,1.02706,1.69,1.50
2011.09.15 10:10:48.749,1.02697,1.02707,2.25,1.88
2011.09.15 10:10:48.880,1.027,1.02708,1.50,1.88
2011.09.15 10:10:49.411,1.027,1.02713,2.25,1.50
2011.09.15 10:10:49.765,1.02702,1.02713,1.50,1.50
2011.09.15 10:10:50.680,1.02707,1.02714,2.10,1.50
2011.09.15 10:10:50.929,1.02713,1.0272,1.50,3.00
2011.09.15 10:10:51.534,1.02713,1.02724,1.50,1.50
2011.09.15 10:10:51.656,1.02713,1.02726,1.50,1.50
2011.09.15 10:10:52.017,1.0271,1.0272,3.00,1.13
2011.09.15 10:10:52.147,1.02706,1.02718,1.13,1.13
2011.09.15 10:10:52.275,1.02705,1.02717,1.29,1.88
2011.09.15 10:10:52.818,1.02703,1.02715,1.50,2.25
2011.09.15 10:10:53.621,1.02702,1.02713,2.63,1.50
2011.09.15 10:10:53.747,1.027,1.02713,3.00,1.50
2011.09.15 10:10:54.360,1.02701,1.02714,2.25,1.50
2011.09.15 10:10:54.486,1.02702,1.02715,2.25,1.50
2011.09.15 10:10:55.434,1.02702,1.02714,1.50,1.50
2011.09.15 10:10:56.236,1.027,1.02713,1.50,1.50
2011.09.15 10:10:56.895,1.02701,1.02713,1.50,1.50
2011.09.15 10:10:57.496,1.02701,1.02713,1.50,1.50
2011.09.15 10:10:57.617,1.02698,1.02712,2.04,2.07
2011.09.15 10:10:57.867,1.02698,1.02712,1.63,2.07
2011.09.15 10:10:58.102,1.02698,1.0271,1.50,1.50
2011.09.15 10:10:59.611,1.02696,1.02708,1.60,1.50
2011.09.15 10:10:59.862,1.02694,1.02708,1.50,1.50
2011.09.15 10:11:01.228,1.02693,1.02707,1.69,1.50
2011.09.15 10:11:01.477,1.02692,1.02705,2.40,2.25
2011.09.15 10:11:01.968,1.0269,1.02703,4.80,1.50
2011.09.15 10:11:02.687,1.0269,1.02702,1.65,1.50
2011.09.15 10:11:03.443,1.02684,1.02695,2.78,1.50
2011.09.15 10:11:03.570,1.02684,1.02694,1.13,1.50
2011.09.15 10:11:03.816,1.02683,1.02694,1.88,2.25
2011.09.15 10:11:03.934,1.02683,1.02694,1.88,2.25
2011.09.15 10:11:04.757,1.02679,1.02691,4.65,1.50
2011.09.15 10:11:04.885,1.02679,1.02691,1.50,1.50
2011.09.15 10:11:05.486,1.02679,1.0269,1.50,1.50
2011.09.15 10:11:06.751,1.02675,1.02688,1.92,1.50
2011.09.15 10:11:07.006,1.02673,1.02685,2.31,1.50
2011.09.15 10:11:07.487,1.02676,1.02689,1.50,1.50
2011.09.15 10:11:08.193,1.02677,1.02691,2.10,2.63
2011.09.15 10:11:08.653,1.02682,1.02691,1.50,2.25
2011.09.15 10:11:08.894,1.02682,1.02691,1.50,1.50
2011.09.15 10:11:10.944,1.02679,1.02692,4.13,2.25
2011.09.15 10:11:11.184,1.02679,1.02692,1.13,2.63
2011.09.15 10:11:12.672,1.02679,1.02692,1.88,2.25
2011.09.15 10:11:13.293,1.02675,1.02685,2.10,2.25
2011.09.15 10:11:13.416,1.02676,1.02688,1.50,1.50
2011.09.15 10:11:14.011,1.02678,1.02689,1.50,1.50
2011.09.15 10:11:14.904,1.02678,1.0269,1.50,1.13
2011.09.15 10:11:16.293,1.02678,1.0269,1.50,1.13
2011.09.15 10:11:16.415,1.02678,1.02689,1.50,1.88
2011.09.15 10:11:16.656,1.02671,1.02681,1.50,1.50
2011.09.15 10:11:17.160,1.02675,1.02687,1.35,1.50
2011.09.15 10:11:17.295,1.02677,1.02689,1.50,1.50
2011.09.15 10:11:17.417,1.02677,1.0269,2.25,1.50
2011.09.15 10:11:17.905,1.02675,1.02686,2.10,1.50
2011.09.15 10:11:18.269,1.02677,1.02685,1.50,3.00
2011.09.15 10:11:18.396,1.02677,1.02689,1.50,2.63
2011.09.15 10:11:19.947,1.02676,1.02689,2.10,1.13
2011.09.15 10:11:20.188,1.02672,1.02682,2.13,1.50
2011.09.15 10:11:20.321,1.02676,1.02684,1.35,3.00
2011.09.15 10:11:20.448,1.02677,1.02688,2.25,1.13
2011.09.15 10:11:21.453,1.02678,1.02687,1.50,1.35
2011.09.15 10:11:21.819,1.02676,1.02684,1.35,3.00
2011.09.15 10:11:21.949,1.02677,1.02688,1.50,1.88
2011.09.15 10:11:22.077,1.02677,1.0269,1.50,2.25
2011.09.15 10:11:23.142,1.02676,1.0269,2.10,1.50
2011.09.15 10:11:23.508,1.02672,1.02684,3.00,3.75
2011.09.15 10:11:23.953,1.02674,1.02686,1.50,3.75
2011.09.15 10:11:24.088,1.0267,1.02684,1.54,3.75
2011.09.15 10:11:24.222,1.02673,1.02684,1.50,1.50
2011.09.15 10:11:24.705,1.02673,1.02681,1.50,1.50
2011.09.15 10:11:25.067,1.02673,1.02683,1.50,1.50
2011.09.15 10:11:25.196,1.02673,1.02687,2.25,3.38
2011.09.15 10:11:25.315,1.02673,1.02686,2.25,1.50
2011.09.15 10:11:26.122,1.02673,1.02687,2.25,3.00
2011.09.15 10:11:26.606,1.0267,1.02684,1.54,3.00
2011.09.15 10:11:27.766,1.02676,1.02688,1.50,1.50
2011.09.15 10:11:28.002,1.02673,1.02688,2.25,1.50
2011.09.15 10:11:28.124,1.02672,1.02688,2.25,2.25
2011.09.15 10:11:28.248,1.02671,1.02684,1.39,1.50
2011.09.15 10:11:28.738,1.02672,1.02685,2.10,3.00
2011.09.15 10:11:29.106,1.02675,1.02688,2.25,1.50
2011.09.15 10:11:30.358,1.02672,1.02685,1.32,3.00
2011.09.15 10:11:30.607,1.02676,1.02688,1.13,1.50
2011.09.15 10:11:31.196,1.02676,1.02688,1.50,1.50
2011.09.15 10:11:31.316,1.02675,1.02688,1.50,1.50
2011.09.15 10:11:31.439,1.02676,1.02688,1.50,1.50
2011.09.15 10:11:31.926,1.02675,1.02687,1.50,1.50
2011.09.15 10:11:32.052,1.02671,1.02685,1.40,2.10
2011.09.15 10:11:32.176,1.0267,1.02684,2.04,3.00
2011.09.15 10:11:33.750,1.02677,1.02691,1.13,2.44
2011.09.15 10:11:33.878,1.02701,1.02707,1.13,1.50
2011.09.15 10:11:34.012,1.02717,1.02722,2.25,1.50
2011.09.15 10:11:34.141,1.02721,1.02728,1.50,1.50
2011.09.15 10:11:34.270,1.02725,1.02738,2.85,3.00
2011.09.15 10:11:34.400,1.02726,1.02731,2.48,1.50
2011.09.15 10:11:34.530,1.02734,1.02744,1.50,1.13
2011.09.15 10:11:34.989,1.02735,1.02747,1.50,1.50
2011.09.15 10:11:35.604,1.02734,1.02748,1.50,2.25
2011.09.15 10:11:37.453,1.02734,1.02748,1.50,1.50
2011.09.15 10:11:38.134,1.02735,1.02747,1.50,1.88
2011.09.15 10:11:38.734,1.02736,1.02748,1.50,1.50
2011.09.15 10:11:39.576,1.02736,1.02748,1.13,1.50
2011.09.15 10:11:39.943,1.0274,1.0275,2.25,2.25
2011.09.15 10:11:40.549,1.02744,1.02756,1.50,1.50
2011.09.15 10:11:42.236,1.02746,1.02756,2.25,1.50
2011.09.15 10:11:42.978,1.02761,1.02773,2.25,1.50
2011.09.15 10:11:43.124,1.02771,1.02782,3.23,1.65
2011.09.15 10:11:43.249,1.02774,1.02784,1.13,1.14
2011.09.15 10:11:43.498,1.02775,1.02787,1.13,1.50
2011.09.15 10:11:44.118,1.02774,1.02787,1.50,1.50
2011.09.15 10:11:44.715,1.02774,1.02787,1.50,1.50
2011.09.15 10:11:45.075,1.02774,1.02787,1.65,1.50
2011.09.15 10:11:45.643,1.02774,1.02788,1.65,1.50
2011.09.15 10:11:46.013,1.02787,1.02794,1.50,2.25
2011.09.15 10:11:46.260,1.02782,1.02795,1.88,1.88
2011.09.15 10:11:47.100,1.02781,1.02792,2.63,1.88
2011.09.15 10:11:47.362,1.02781,1.02792,2.25,1.88
2011.09.15 10:11:47.489,1.02779,1.02792,1.50,2.25
2011.09.15 10:11:47.861,1.02776,1.02788,3.04,1.62
2011.09.15 10:11:48.464,1.02774,1.02789,1.65,2.25
2011.09.15 10:11:48.584,1.02772,1.02789,2.94,3.00
2011.09.15 10:11:49.583,1.02772,1.02789,2.40,3.00
2011.09.15 10:11:50.154,1.02772,1.02789,2.40,3.00
2011.09.15 10:11:52.114,1.02772,1.02789,1.65,2.25
2011.09.15 10:11:52.719,1.02772,1.02788,1.65,1.50
2011.09.15 10:11:52.844,1.02772,1.02788,1.65,1.50
2011.09.15 10:11:55.576,1.02775,1.02789,1.58,1.50
2011.09.15 10:11:57.195,1.02775,1.02787,2.25,1.50
2011.09.15 10:11:57.794,1.02775,1.02787,3.00,1.50
2011.09.15 10:11:58.625,1.02775,1.02787,2.25,1.50
2011.09.15 10:12:00.140,1.02763,1.02775,1.47,3.00
2011.09.15 10:12:00.508,1.02766,1.0278,1.50,5.25
2011.09.15 10:12:01.113,1.02764,1.02778,2.44,1.50
2011.09.15 10:12:02.252,1.02764,1.02778,2.44,1.50
2011.09.15 10:12:03.198,1.02763,1.02777,2.48,2.25
2011.09.15 10:12:04.542,1.02763,1.02775,2.48,1.50
2011.09.15 10:12:05.366,1.02765,1.02775,2.63,1.50
2011.09.15 10:12:05.494,1.0277,1.02778,1.50,1.50
2011.09.15 10:12:05.980,1.02772,1.02783,2.25,1.13
2011.09.15 10:12:06.590,1.02772,1.02785,2.25,1.50
2011.09.15 10:12:08.799,1.02773,1.02785,1.50,1.50
2011.09.15 10:12:09.050,1.02773,1.02787,1.50,3.00
2011.09.15 10:12:09.178,1.02772,1.02788,2.25,5.63
2011.09.15 10:12:09.424,1.02772,1.02787,1.50,3.75
2011.09.15 10:12:11.939,1.02772,1.02785,1.50,1.13
2011.09.15 10:12:12.305,1.02771,1.02782,3.00,2.25
2011.09.15 10:12:15.197,1.02772,1.02785,1.50,1.50
2011.09.15 10:12:15.675,1.02771,1.02784,3.00,1.50
2011.09.15 10:12:15.917,1.02768,1.02783,3.45,2.25
2011.09.15 10:12:16.517,1.0277,1.02782,1.50,1.13
2011.09.15 10:12:17.062,1.02766,1.0278,1.54,3.75
2011.09.15 10:12:17.205,1.02764,1.02776,3.38,1.50
2011.09.15 10:12:17.665,1.02765,1.02776,1.13,1.50
2011.09.15 10:12:18.031,1.02775,1.02784,1.50,1.50
2011.09.15 10:12:18.155,1.02775,1.02784,4.50,1.50
2011.09.15 10:12:18.396,1.02777,1.02789,2.25,1.50
2011.09.15 10:12:18.516,1.02778,1.02791,2.25,1.88
2011.09.15 10:12:18.751,1.02778,1.02791,2.25,1.50
2011.09.15 10:12:21.194,1.02777,1.02786,1.50,1.50
2011.09.15 10:12:21.561,1.02768,1.02779,2.62,1.13
2011.09.15 10:12:21.814,1.02764,1.02775,2.63,2.25
2011.09.15 10:12:22.059,1.02764,1.02775,2.63,1.88
2011.09.15 10:12:22.687,1.02761,1.02773,3.38,1.50
2011.09.15 10:12:22.809,1.02759,1.02772,1.29,1.88
2011.09.15 10:12:22.943,1.02759,1.02772,2.04,1.88
2011.09.15 10:12:23.314,1.02758,1.02771,1.50,1.50
2011.09.15 10:12:23.436,1.02761,1.0277,1.50,2.25
2011.09.15 10:12:23.561,1.02761,1.02771,3.00,1.13
2011.09.15 10:12:23.685,1.02761,1.02773,2.25,2.63
2011.09.15 10:12:24.656,1.02758,1.02772,1.50,1.13
2011.09.15 10:12:24.786,1.02758,1.02772,1.50,1.13
2011.09.15 10:12:25.025,1.02758,1.02772,1.50,1.13
2011.09.15 10:12:25.625,1.02758,1.02773,1.50,3.38
2011.09.15 10:12:25.986,1.02758,1.0277,1.50,1.50
2011.09.15 10:12:26.582,1.02758,1.02768,1.50,1.50
2011.09.15 10:12:28.394,1.0276,1.02772,1.50,1.50
2011.09.15 10:12:28.514,1.02761,1.02772,1.50,1.50
2011.09.15 10:12:28.635,1.02763,1.02774,1.50,1.50
2011.09.15 10:12:28.874,1.02763,1.02777,3.00,2.25
2011.09.15 10:12:30.414,1.02763,1.02777,2.25,2.63
2011.09.15 10:12:30.544,1.02763,1.02775,2.25,1.13
2011.09.15 10:12:31.027,1.02763,1.02775,2.25,1.50
2011.09.15 10:12:31.278,1.02765,1.02776,1.50,1.50
2011.09.15 10:12:31.648,1.02765,1.02776,1.50,1.50
2011.09.15 10:12:34.505,1.02764,1.02775,1.50,1.50
2011.09.15 10:12:34.746,1.0276,1.02772,3.00,1.50
2011.09.15 10:12:35.254,1.02758,1.02767,1.50,1.50
2011.09.15 10:12:35.618,1.02758,1.0277,2.25,1.50
2011.09.15 10:12:35.986,1.02761,1.02772,2.25,2.63
2011.09.15 10:12:36.104,1.02758,1.02772,2.25,2.63
2011.09.15 10:12:36.345,1.02759,1.02772,1.50,2.63
2011.09.15 10:12:36.944,1.0276,1.02772,1.50,2.63
2011.09.15 10:12:44.928,1.0276,1.02772,1.50,2.25
2011.09.15 10:12:45.305,1.02756,1.02767,2.25,4.13
2011.09.15 10:12:45.869,1.02756,1.02764,2.25,3.00
2011.09.15 10:12:46.032,1.02747,1.02756,1.88,1.50
2011.09.15 10:12:46.644,1.02744,1.02757,1.88,1.62
2011.09.15 10:12:46.768,1.02744,1.02755,1.88,3.12
2011.09.15 10:12:47.375,1.02744,1.02755,1.88,3.12
2011.09.15 10:12:47.851,1.02743,1.02754,2.63,2.37
2011.09.15 10:12:48.227,1.02746,1.02755,2.63,1.50
2011.09.15 10:12:48.484,1.02737,1.02749,1.29,2.10
2011.09.15 10:12:48.608,1.02738,1.02747,1.29,1.88
2011.09.15 10:12:48.733,1.02734,1.02747,3.16,1.50
2011.09.15 10:12:49.335,1.02734,1.02747,2.63,1.50
2011.09.15 10:12:49.939,1.02734,1.02747,2.63,1.50
2011.09.15 10:12:50.515,1.02733,1.02747,1.50,1.50
2011.09.15 10:12:51.686,1.02733,1.02745,2.70,1.50
2011.09.15 10:12:51.809,1.0273,1.02745,1.02,2.25
2011.09.15 10:12:51.941,1.02732,1.02746,1.58,4.50
2011.09.15 10:12:52.944,1.02732,1.02746,1.58,1.50
2011.09.15 10:12:53.093,1.02736,1.02746,1.50,1.50
2011.09.15 10:12:53.700,1.02736,1.02743,1.88,2.25
2011.09.15 10:12:53.832,1.02731,1.02743,2.79,2.63
2011.09.15 10:12:54.199,1.02727,1.02741,2.10,1.50
2011.09.15 10:12:54.558,1.02731,1.02743,1.50,1.50
2011.09.15 10:12:55.196,1.02732,1.02743,1.50,1.50
2011.09.15 10:12:55.722,1.02732,1.02743,1.50,1.50
2011.09.15 10:12:56.326,1.0273,1.02742,2.25,1.50
2011.09.15 10:12:56.926,1.0273,1.02743,1.50,1.88
2011.09.15 10:12:58.325,1.02728,1.02743,2.25,3.00
2011.09.15 10:12:58.914,1.0273,1.02743,1.50,3.00
2011.09.15 10:13:01.521,1.02736,1.02743,1.50,1.50
2011.09.15 10:13:02.127,1.02735,1.02743,4.88,1.50
2011.09.15 10:13:02.742,1.0273,1.02744,4.29,1.88
2011.09.15 10:13:03.309,1.02732,1.02742,2.25,1.50
2011.09.15 10:13:03.904,1.02732,1.02745,2.25,1.88
2011.09.15 10:13:04.506,1.02732,1.02745,2.25,1.88
2011.09.15 10:13:05.684,1.02735,1.02745,2.25,1.50
2011.09.15 10:13:06.053,1.02736,1.02745,1.50,1.50
2011.09.15 10:13:06.403,1.02736,1.02748,1.50,1.50
2011.09.15 10:13:06.993,1.02738,1.02749,1.50,1.50
2011.09.15 10:13:07.933,1.02739,1.02749,2.25,1.50
2011.09.15 10:13:08.177,1.02748,1.0276,1.13,2.64
2011.09.15 10:13:08.684,1.0275,1.02762,1.50,2.63
2011.09.15 10:13:08.807,1.02751,1.02762,3.00,1.88
2011.09.15 10:13:10.127,1.02758,1.02767,1.35,2.63
2011.09.15 10:13:10.258,1.02758,1.02767,1.35,2.25
2011.09.15 10:13:11.054,1.02763,1.02773,2.25,2.25
2011.09.15 10:13:11.199,1.02763,1.02771,1.50,1.50
2011.09.15 10:13:11.330,1.02763,1.02775,2.25,1.50
2011.09.15 10:13:11.577,1.02763,1.02777,2.85,3.00
2011.09.15 10:13:12.187,1.02763,1.02777,2.85,2.25
2011.09.15 10:13:13.151,1.02766,1.02777,1.50,2.25
2011.09.15 10:13:13.528,1.02772,1.02782,1.50,1.50
2011.09.15 10:13:13.654,1.02772,1.02782,1.50,1.50
2011.09.15 10:13:14.256,1.0277,1.02782,3.00,2.25
2011.09.15 10:13:14.376,1.02768,1.02781,1.50,1.88
2011.09.15 10:13:14.497,1.02769,1.02781,1.50,1.88
2011.09.15 10:13:15.091,1.02767,1.02779,1.50,1.50
2011.09.15 10:13:15.535,1.02765,1.02776,1.50,1.13
2011.09.15 10:13:15.907,1.02764,1.02776,3.38,1.50
2011.09.15 10:13:17.447,1.02763,1.02775,1.50,1.50
2011.09.15 10:13:17.687,1.02763,1.02777,1.50,2.63
2011.09.15 10:13:18.448,1.02764,1.02777,1.50,2.63
2011.09.15 10:13:18.592,1.0276,1.02772,1.50,1.50
2011.09.15 10:13:19.194,1.02762,1.02773,1.50,1.88
2011.09.15 10:13:20.029,1.0276,1.02772,3.75,1.50
2011.09.15 10:13:20.925,1.02766,1.02775,3.75,1.50
2011.09.15 10:13:21.047,1.02766,1.02775,3.00,1.50
2011.09.15 10:13:21.414,1.02764,1.02775,1.50,1.50
2011.09.15 10:13:22.355,1.02761,1.02774,1.13,2.25
2011.09.15 10:13:22.954,1.02759,1.02772,1.50,1.50
2011.09.15 10:13:26.274,1.02761,1.02773,1.88,1.13
2011.09.15 10:13:27.398,1.0276,1.02771,1.13,1.50
2011.09.15 10:13:28.686,1.02759,1.02771,2.25,1.95
2011.09.15 10:13:29.729,1.02753,1.02766,1.58,3.00
2011.09.15 10:13:29.978,1.02756,1.02766,1.13,3.00
2011.09.15 10:13:30.345,1.02756,1.02768,1.88,1.50
2011.09.15 10:13:34.608,1.02756,1.02768,1.50,1.50
2011.09.15 10:13:35.514,1.02759,1.02768,1.13,1.50
2011.09.15 10:13:35.634,1.02757,1.02768,1.50,1.50
2011.09.15 10:13:36.728,1.02758,1.02768,1.13,1.50
2011.09.15 10:13:43.454,1.02758,1.02771,1.50,1.50
2011.09.15 10:13:44.023,1.02758,1.02771,1.50,1.50
2011.09.15 10:13:45.336,1.02756,1.02769,2.25,1.50
2011.09.15 10:13:47.894,1.02755,1.02769,1.13,2.25
2011.09.15 10:13:48.014,1.02753,1.02765,1.88,1.50
2011.09.15 10:13:48.380,1.02753,1.02767,2.25,1.50
2011.09.15 10:13:51.675,1.02754,1.02766,1.50,1.50
2011.09.15 10:13:52.270,1.02754,1.02765,1.50,2.25
2011.09.15 10:13:52.396,1.02754,1.02767,1.50,1.50
2011.09.15 10:13:54.906,1.02756,1.02767,1.50,1.50
2011.09.15 10:13:55.406,1.02755,1.02767,1.50,1.50
2011.09.15 10:13:55.992,1.02753,1.02767,1.88,2.25
2011.09.15 10:13:56.838,1.02753,1.02767,3.06,1.50
2011.09.15 10:13:57.206,1.02753,1.02766,2.25,1.50
2011.09.15 10:13:57.702,1.02752,1.02764,1.50,1.50
2011.09.15 10:13:57.836,1.02753,1.02765,2.63,1.50
2011.09.15 10:13:58.080,1.02753,1.02765,2.25,1.13
2011.09.15 10:13:58.674,1.02753,1.02764,1.50,1.50
2011.09.15 10:13:59.155,1.0275,1.02762,1.50,1.50
2011.09.15 10:13:59.997,1.0275,1.02762,1.50,1.50
2011.09.15 10:14:00.645,1.02748,1.02762,2.25,1.88
2011.09.15 10:14:02.362,1.02748,1.02761,2.25,1.50
2011.09.15 10:14:02.610,1.02745,1.02755,2.25,2.85
2011.09.15 10:14:02.738,1.02739,1.02751,3.15,1.50
2011.09.15 10:14:02.990,1.02737,1.0275,2.25,1.35
2011.09.15 10:14:03.568,1.02735,1.02747,1.50,2.63
2011.09.15 10:14:05.987,1.02734,1.02745,1.50,1.50
2011.09.15 10:14:07.726,1.02734,1.02747,1.50,2.25
2011.09.15 10:14:09.446,1.02732,1.02744,2.10,1.13
2011.09.15 10:14:09.811,1.02723,1.02735,1.35,3.75
2011.09.15 10:14:09.937,1.02723,1.02735,1.35,3.00
2011.09.15 10:14:10.297,1.02724,1.02737,1.50,1.50
2011.09.15 10:14:11.074,1.02725,1.02738,2.25,1.50
2011.09.15 10:14:21.933,1.02725,1.02736,1.50,1.50
2011.09.15 10:14:22.058,1.02724,1.02736,1.50,3.75
2011.09.15 10:14:22.184,1.02721,1.02736,1.54,3.75
2011.09.15 10:14:24.093,1.0272,1.02734,1.50,1.50
2011.09.15 10:14:28.013,1.02723,1.02738,1.50,2.63
2011.09.15 10:14:28.373,1.02723,1.02738,1.50,2.33
2011.09.15 10:14:29.062,1.02723,1.02738,1.50,3.08
2011.09.15 10:14:29.571,1.02723,1.02738,1.50,3.08
2011.09.15 10:14:30.152,1.02723,1.02738,1.50,3.00
2011.09.15 10:14:32.161,1.02723,1.02738,2.25,3.00
2011.09.15 10:14:33.072,1.02723,1.02738,2.25,3.00
2011.09.15 10:14:33.769,1.02723,1.02736,2.25,1.50
2011.09.15 10:14:33.895,1.02723,1.02736,2.25,2.25
2011.09.15 10:14:34.140,1.02721,1.02732,3.00,1.35
2011.09.15 10:14:35.295,1.0272,1.0273,1.50,2.10
2011.09.15 10:14:35.542,1.02718,1.0273,1.50,4.35
2011.09.15 10:14:35.669,1.02718,1.02727,2.25,1.50
2011.09.15 10:14:36.037,1.02716,1.02723,1.50,3.60
2011.09.15 10:14:36.157,1.02715,1.02723,1.13,4.35
2011.09.15 10:14:36.277,1.02712,1.02723,2.63,1.80
2011.09.15 10:14:36.634,1.0271,1.02721,2.25,2.10
2011.09.15 10:14:36.755,1.02708,1.02717,2.25,2.10
2011.09.15 10:14:37.276,1.02708,1.02717,2.25,2.10
2011.09.15 10:14:37.408,1.02704,1.02717,1.13,3.23
2011.09.15 10:14:38.376,1.02703,1.02716,2.25,3.98
2011.09.15 10:14:39.087,1.02703,1.02716,1.50,3.60
2011.09.15 10:14:42.434,1.02703,1.02716,2.25,1.50
2011.09.15 10:14:42.795,1.027,1.02712,1.50,2.10
2011.09.15 10:14:43.736,1.02702,1.02716,1.50,3.75
2011.09.15 10:14:44.308,1.02704,1.02717,1.50,4.73
2011.09.15 10:14:44.447,1.02704,1.02717,1.50,4.35
2011.09.15 10:14:45.406,1.02703,1.02717,3.00,7.73
2011.09.15 10:14:45.768,1.02703,1.02715,2.25,1.50
2011.09.15 10:14:46.133,1.02701,1.02713,1.50,3.60
2011.09.15 10:14:46.254,1.027,1.02712,1.50,1.35
2011.09.15 10:14:47.862,1.02699,1.02711,2.25,1.35
2011.09.15 10:14:48.123,1.02695,1.02705,1.50,1.50
2011.09.15 10:14:48.245,1.02693,1.02705,1.50,2.25
2011.09.15 10:14:48.728,1.02692,1.02703,3.38,1.13
2011.09.15 10:14:49.220,1.02698,1.02709,1.88,2.25
2011.09.15 10:14:50.072,1.02703,1.02716,2.25,1.50
2011.09.15 10:14:51.064,1.02703,1.02716,2.25,2.63
2011.09.15 10:14:51.653,1.02703,1.02716,2.25,1.50
2011.09.15 10:14:53.262,1.02703,1.02716,1.50,2.25
2011.09.15 10:14:54.199,1.02703,1.02716,1.50,1.50
2011.09.15 10:14:54.914,1.02703,1.02716,1.50,1.50
2011.09.15 10:14:56.144,1.02703,1.02717,2.25,5.85
2011.09.15 10:14:56.765,1.02703,1.02717,2.25,5.85
2011.09.15 10:14:57.009,1.02705,1.02717,3.75,1.50
2011.09.15 10:14:57.375,1.02708,1.0272,2.25,4.35
2011.09.15 10:14:58.403,1.02708,1.0272,2.25,4.35
2011.09.15 10:14:58.885,1.02708,1.0272,2.25,3.60
2011.09.15 10:15:00.374,1.02708,1.0272,2.25,3.60
2011.09.15 10:15:00.932,1.02708,1.0272,1.50,3.60
2011.09.15 10:15:01.503,1.02708,1.0272,1.50,3.60
2011.09.15 10:15:03.147,1.02705,1.02717,3.00,2.85
2011.09.15 10:15:03.287,1.02704,1.02716,1.50,1.35
2011.09.15 10:15:03.884,1.02704,1.02717,1.50,1.35
2011.09.15 10:15:05.187,1.02706,1.02719,1.50,1.50
2011.09.15 10:15:05.545,1.02708,1.02721,2.25,2.85
2011.09.15 10:15:06.146,1.02708,1.02721,2.25,3.60
2011.09.15 10:15:11.988,1.02708,1.02721,3.00,2.85
2011.09.15 10:15:12.924,1.02708,1.02721,3.00,2.85
2011.09.15 10:15:13.517,1.02708,1.02721,3.00,2.85
2011.09.15 10:15:13.872,1.02708,1.02721,1.50,2.85
2011.09.15 10:15:16.923,1.02706,1.02716,1.50,2.10
2011.09.15 10:15:17.046,1.02703,1.02716,5.29,2.10
2011.09.15 10:15:17.801,1.02703,1.02716,4.13,2.10
2011.09.15 10:15:17.933,1.02703,1.02716,1.13,2.10
2011.09.15 10:15:18.934,1.02702,1.02713,3.42,1.35
2011.09.15 10:15:19.527,1.02702,1.02716,1.50,1.50
2011.09.15 10:15:20.113,1.02702,1.02717,1.50,4.35
2011.09.15 10:15:22.001,1.02698,1.02703,1.29,1.13
2011.09.15 10:15:22.135,1.02689,1.027,1.50,2.10
2011.09.15 10:15:22.733,1.02688,1.02702,2.25,3.60
2011.09.15 10:15:22.853,1.02688,1.02702,2.25,3.60
2011.09.15 10:15:26.257,1.02692,1.02702,1.50,2.25
2011.09.15 10:15:26.386,1.02693,1.02707,1.13,5.10
2011.09.15 10:15:26.505,1.02693,1.02707,1.13,2.10
2011.09.15 10:15:27.095,1.02693,1.02707,2.63,1.35
2011.09.15 10:15:27.448,1.02694,1.02708,2.31,3.60
2011.09.15 10:15:27.578,1.02695,1.0271,1.13,3.00
2011.09.15 10:15:27.706,1.02697,1.02708,1.50,2.10
2011.09.15 10:15:27.944,1.02694,1.02708,2.25,2.85
2011.09.15 10:15:31.177,1.02693,1.02704,1.54,1.62
2011.09.15 10:15:31.537,1.02685,1.02695,1.87,3.00
2011.09.15 10:15:32.118,1.02687,1.027,1.50,4.35
2011.09.15 10:15:32.254,1.02687,1.027,1.50,3.60
2011.09.15 10:15:32.498,1.02685,1.02697,3.00,2.85
2011.09.15 10:15:32.747,1.02684,1.02697,1.15,4.35
2011.09.15 10:15:33.343,1.02683,1.02697,1.71,3.60
2011.09.15 10:15:34.045,1.02683,1.02697,1.50,2.85
2011.09.15 10:15:34.644,1.02683,1.02697,1.71,2.85
2011.09.15 10:15:35.540,1.02683,1.02697,2.46,3.60
2011.09.15 10:15:35.907,1.02684,1.02697,1.71,2.85
2011.09.15 10:15:37.383,1.02684,1.02697,1.71,3.23
2011.09.15 10:15:37.511,1.02683,1.02696,1.50,3.04
2011.09.15 10:15:37.757,1.02681,1.02692,1.54,2.85
2011.09.15 10:15:37.888,1.0268,1.02692,3.04,2.85
2011.09.15 10:15:38.248,1.02678,1.02692,1.54,3.23
2011.09.15 10:15:39.266,1.02678,1.02692,2.29,2.85
2011.09.15 10:15:39.506,1.02678,1.02693,2.29,1.73
2011.09.15 10:15:39.976,1.02681,1.02694,1.50,1.50
2011.09.15 10:15:40.326,1.02682,1.02696,2.25,3.60
2011.09.15 10:15:40.908,1.02682,1.02696,3.00,3.60
2011.09.15 10:15:41.155,1.02683,1.02697,1.50,1.35
2011.09.15 10:15:44.276,1.02684,1.02696,1.50,2.10
2011.09.15 10:15:44.745,1.02681,1.02696,3.04,2.10
2011.09.15 10:15:45.624,1.02682,1.02696,1.54,2.10
2011.09.15 10:15:46.206,1.02682,1.02696,1.54,2.10
2011.09.15 10:15:50.657,1.02683,1.02696,1.50,2.10
2011.09.15 10:15:51.593,1.02683,1.02696,1.50,2.10
2011.09.15 10:15:52.514,1.02683,1.02696,1.56,2.10
2011.09.15 10:15:55.647,1.02683,1.02696,1.50,2.10
2011.09.15 10:15:56.453,1.02682,1.02696,2.29,2.85
2011.09.15 10:15:56.975,1.02678,1.0269,1.50,2.10
2011.09.15 10:15:57.587,1.02677,1.0269,1.54,2.85
2011.09.15 10:15:58.189,1.02677,1.0269,1.54,2.85
2011.09.15 10:15:58.560,1.02675,1.02686,1.50,2.85
2011.09.15 10:15:59.376,1.02675,1.02685,1.50,1.50
2011.09.15 10:15:59.739,1.02671,1.02681,1.54,1.35
2011.09.15 10:16:00.345,1.0267,1.02681,1.54,1.35
2011.09.15 10:16:00.473,1.02665,1.02671,1.66,2.85
2011.09.15 10:16:00.727,1.02662,1.02671,1.87,2.85
2011.09.15 10:16:01.238,1.02662,1.02674,1.50,4.88
2011.09.15 10:16:01.377,1.02662,1.02676,2.25,1.50
2011.09.15 10:16:01.986,1.02662,1.02676,1.50,2.25
2011.09.15 10:16:02.350,1.0266,1.02674,1.88,1.50
2011.09.15 10:16:02.478,1.0266,1.02673,1.29,2.25
2011.09.15 10:16:02.605,1.0266,1.0267,1.29,2.10
2011.09.15 10:16:02.970,1.02654,1.0266,1.88,2.10
2011.09.15 10:16:03.215,1.02651,1.02663,1.29,1.50
2011.09.15 10:16:03.714,1.02646,1.02659,1.97,1.50
2011.09.15 10:16:03.851,1.02645,1.02657,1.50,2.10
2011.09.15 10:16:04.456,1.02645,1.02657,3.00,2.25
2011.09.15 10:16:04.698,1.02644,1.02656,1.88,2.10
2011.09.15 10:16:04.952,1.02645,1.0266,3.75,3.60
2011.09.15 10:16:05.078,1.02646,1.0266,1.66,2.85
2011.09.15 10:16:05.836,1.02656,1.02667,1.13,2.63
2011.09.15 10:16:05.974,1.0266,1.0267,1.50,1.88
2011.09.15 10:16:06.219,1.02663,1.02675,2.63,1.50
2011.09.15 10:16:06.823,1.02663,1.02677,2.25,4.35
2011.09.15 10:16:07.307,1.02664,1.02678,2.25,1.50
2011.09.15 10:16:07.437,1.02668,1.02678,1.50,1.50
2011.09.15 10:16:07.690,1.02666,1.02678,3.00,1.50
2011.09.15 10:16:08.441,1.02666,1.02673,2.25,2.85
2011.09.15 10:16:08.577,1.02662,1.02668,1.13,1.50
2011.09.15 10:16:08.697,1.02656,1.02667,4.13,2.85
2011.09.15 10:16:08.817,1.02654,1.02667,1.66,3.60
2011.09.15 10:16:09.058,1.02654,1.02661,1.29,2.10
2011.09.15 10:16:09.186,1.02652,1.02661,1.29,2.10
2011.09.15 10:16:09.543,1.0265,1.02661,1.50,2.10
2011.09.15 10:16:10.236,1.02652,1.02666,1.50,4.50
2011.09.15 10:16:10.357,1.02655,1.02668,3.00,1.50
2011.09.15 10:16:10.606,1.02652,1.02666,3.38,2.85
2011.09.15 10:16:10.844,1.02652,1.02666,1.50,3.60
2011.09.15 10:16:14.079,1.02656,1.02667,1.50,1.50
2011.09.15 10:16:15.031,1.02656,1.02669,1.50,1.50
2011.09.15 10:16:15.757,1.02656,1.0267,2.25,2.85
2011.09.15 10:16:16.002,1.02658,1.02674,2.63,2.25
2011.09.15 10:16:16.134,1.02662,1.02676,1.50,3.60
2011.09.15 10:16:16.382,1.02667,1.02676,1.13,2.10
2011.09.15 10:16:16.511,1.0267,1.0268,1.13,3.75
2011.09.15 10:16:16.644,1.02672,1.0268,2.25,3.00
2011.09.15 10:16:17.272,1.02682,1.0269,1.13,4.50
2011.09.15 10:16:17.421,1.02684,1.0269,1.72,1.50
2011.09.15 10:16:17.555,1.02685,1.02692,1.50,1.13
2011.09.15 10:16:17.797,1.02685,1.02692,1.56,1.13
2011.09.15 10:16:18.744,1.02685,1.02696,1.50,2.10
2011.09.15 10:16:18.991,1.02687,1.02701,1.50,5.63
2011.09.15 10:16:19.618,1.02689,1.02701,1.54,2.63
2011.09.15 10:16:20.343,1.02692,1.02706,2.29,2.93
2011.09.15 10:16:21.045,1.02692,1.02706,2.29,2.85
2011.09.15 10:16:21.614,1.02692,1.02706,2.29,2.93
2011.09.15 10:16:22.553,1.02692,1.02706,2.29,2.85
2011.09.15 10:16:23.592,1.02692,1.02706,2.29,2.93
2011.09.15 10:16:24.165,1.02692,1.02706,3.04,2.93
2011.09.15 10:16:25.233,1.02692,1.02706,3.04,2.93
2011.09.15 10:16:26.293,1.02694,1.02706,1.54,2.10
2011.09.15 10:16:26.655,1.02697,1.02706,1.50,2.10
2011.09.15 10:16:27.893,1.02698,1.02706,1.54,2.10
2011.09.15 10:16:30.289,1.02702,1.02712,1.50,2.10
2011.09.15 10:16:30.655,1.027,1.02712,2.35,2.10
2011.09.15 10:16:31.015,1.027,1.02712,2.35,2.10
2011.09.15 10:16:32.723,1.027,1.02712,2.35,2.10
2011.09.15 10:16:34.752,1.027,1.02712,2.35,2.10
2011.09.15 10:16:37.317,1.02699,1.02713,2.35,1.35
2011.09.15 10:16:39.255,1.02699,1.02713,1.54,2.10
2011.09.15 10:16:39.498,1.02698,1.02707,1.54,1.35
2011.09.15 10:16:40.480,1.02696,1.02707,2.29,1.35
2011.09.15 10:16:41.205,1.02697,1.02707,1.50,1.35
2011.09.15 10:16:43.642,1.02698,1.02707,1.50,1.35
2011.09.15 10:16:48.252,1.02697,1.02707,1.50,1.35
2011.09.15 10:16:48.832,1.02697,1.02706,1.50,2.10
2011.09.15 10:16:51.109,1.02698,1.02707,1.50,1.35
2011.09.15 10:16:51.360,1.02704,1.02713,1.54,3.23
2011.09.15 10:16:51.489,1.02705,1.02713,2.31,1.88
2011.09.15 10:16:51.623,1.02708,1.02719,1.50,2.63
2011.09.15 10:16:51.747,1.02709,1.0272,1.50,1.88
2011.09.15 10:16:52.105,1.02712,1.02725,1.50,1.50
2011.09.15 10:16:52.229,1.02712,1.02726,2.29,1.50
2011.09.15 10:16:52.837,1.02711,1.02725,3.04,1.69
2011.09.15 10:16:53.795,1.02712,1.02726,2.29,1.50
2011.09.15 10:16:54.495,1.0271,1.0272,2.29,2.10
2011.09.15 10:16:54.963,1.02709,1.0272,1.54,2.10
2011.09.15 10:16:56.729,1.02707,1.0272,2.29,2.85
2011.09.15 10:16:57.222,1.02707,1.0272,2.25,2.85
2011.09.15 10:17:00.043,1.02708,1.02721,2.29,2.25
2011.09.15 10:17:00.583,1.02708,1.02722,1.54,1.50
2011.09.15 10:17:00.721,1.02709,1.02723,2.29,2.85
2011.09.15 10:17:01.436,1.0271,1.02723,1.54,2.85
2011.09.15 10:17:03.847,1.0271,1.02726,4.54,2.10
2011.09.15 10:17:05.126,1.02712,1.02726,2.35,1.35
2011.09.15 10:17:05.251,1.02714,1.02726,1.50,1.35
2011.09.15 10:17:05.614,1.02717,1.02727,1.50,2.10
2011.09.15 10:17:06.718,1.02714,1.02726,2.29,2.10
2011.09.15 10:17:07.427,1.02714,1.02726,2.29,2.85
2011.09.15 10:17:07.787,1.0271,1.0272,2.07,2.10
2011.09.15 10:17:07.906,1.02709,1.0272,2.29,2.10
2011.09.15 10:17:11.024,1.02711,1.02722,1.58,1.35
2011.09.15 10:17:11.508,1.02712,1.02726,1.58,3.75
2011.09.15 10:17:11.995,1.02712,1.02722,1.50,1.35
2011.09.15 10:17:12.234,1.02712,1.02727,2.25,3.60
2011.09.15 10:17:12.705,1.02713,1.02727,2.25,2.85
2011.09.15 10:17:13.299,1.02713,1.02727,1.54,2.10
2011.09.15 10:17:13.903,1.02712,1.02727,3.04,2.85
2011.09.15 10:17:15.803,1.02712,1.02727,3.00,2.85
2011.09.15 10:17:16.154,1.02712,1.02727,2.25,3.60
2011.09.15 10:17:22.584,1.02713,1.02727,1.50,3.75
2011.09.15 10:17:23.253,1.02713,1.02727,1.50,2.25
2011.09.15 10:17:24.514,1.02715,1.02727,1.50,2.10
2011.09.15 10:17:28.773,1.02714,1.02727,1.50,2.10
2011.09.15 10:17:31.710,1.02714,1.02727,1.50,2.10
2011.09.15 10:17:34.883,1.02714,1.02727,1.50,2.10
2011.09.15 10:17:36.974,1.02712,1.02727,2.29,2.10
2011.09.15 10:17:37.652,1.02712,1.02727,2.25,3.60
2011.09.15 10:17:40.123,1.02712,1.02727,2.25,5.10
2011.09.15 10:17:40.700,1.02712,1.02727,2.25,4.35
2011.09.15 10:17:42.085,1.02711,1.02726,3.75,2.63
2011.09.15 10:17:42.447,1.02705,1.02714,1.92,2.10
2011.09.15 10:17:42.582,1.02702,1.02713,3.03,1.35
2011.09.15 10:17:42.705,1.02702,1.02711,1.50,2.85
2011.09.15 10:17:42.826,1.02701,1.02711,2.04,2.85
2011.09.15 10:17:43.063,1.027,1.02711,1.32,2.85
2011.09.15 10:17:44.356,1.02699,1.02711,3.04,2.85
2011.09.15 10:17:44.714,1.02702,1.02712,1.50,1.50
2011.09.15 10:17:44.959,1.02702,1.02716,1.54,2.85
2011.09.15 10:17:45.555,1.02703,1.02716,3.00,1.35
2011.09.15 10:17:47.327,1.02703,1.02716,2.29,1.35
2011.09.15 10:17:47.796,1.02703,1.02711,1.54,2.10
2011.09.15 10:17:47.925,1.02701,1.0271,2.29,1.35
2011.09.15 10:17:52.672,1.027,1.0271,1.54,1.35
2011.09.15 10:17:53.353,1.02697,1.02711,2.29,2.85
2011.09.15 10:17:55.021,1.02696,1.0271,3.79,1.35
2011.09.15 10:17:55.146,1.02693,1.02709,5.07,1.50
2011.09.15 10:17:58.152,1.02694,1.02707,1.50,1.35
2011.09.15 10:17:59.973,1.02693,1.02707,1.50,1.35
2011.09.15 10:18:00.093,1.02692,1.02707,1.92,2.10
2011.09.15 10:18:00.928,1.02693,1.02707,1.50,3.00
2011.09.15 10:18:01.525,1.02692,1.02706,1.13,1.50
2011.09.15 10:18:02.477,1.02692,1.02705,1.13,1.13
2011.09.15 10:18:02.847,1.02688,1.02701,1.50,2.10
2011.09.15 10:18:03.454,1.02687,1.02702,1.50,3.00
2011.09.15 10:18:05.833,1.02688,1.02702,1.50,3.00
2011.09.15 10:18:05.959,1.0269,1.02702,1.50,2.25
2011.09.15 10:18:06.204,1.02691,1.02704,3.00,2.25
2011.09.15 10:18:06.688,1.02692,1.02705,1.50,1.50
2011.09.15 10:18:06.935,1.02695,1.02708,2.25,1.50
2011.09.15 10:18:07.553,1.02701,1.02713,2.25,1.50
2011.09.15 10:18:08.153,1.02701,1.02714,3.00,1.50
2011.09.15 10:18:10.136,1.02701,1.02714,3.00,3.00
2011.09.15 10:18:10.376,1.02698,1.02711,1.13,1.50
2011.09.15 10:18:10.496,1.02694,1.02709,3.54,2.25
2011.09.15 10:18:11.094,1.02694,1.02708,1.50,2.25
2011.09.15 10:18:12.898,1.02693,1.02708,3.00,1.50
2011.09.15 10:18:13.504,1.02693,1.02708,3.38,1.50
2011.09.15 10:18:13.870,1.027,1.02713,1.50,3.75
2011.09.15 10:18:14.117,1.02702,1.02717,2.67,2.25
2011.09.15 10:18:14.249,1.02704,1.02718,1.50,1.50
2011.09.15 10:18:14.785,1.02707,1.02722,1.50,2.25
2011.09.15 10:18:15.148,1.02708,1.02723,1.50,2.25
2011.09.15 10:18:15.277,1.02709,1.02724,2.63,3.00
2011.09.15 10:18:15.645,1.02712,1.02726,1.50,4.13
2011.09.15 10:18:15.883,1.02712,1.02726,1.50,1.50
2011.09.15 10:18:16.951,1.0271,1.02726,3.79,2.25
2011.09.15 10:18:17.572,1.0271,1.02726,3.79,2.25
2011.09.15 10:18:20.151,1.0271,1.02726,3.04,2.25
2011.09.15 10:18:21.592,1.0271,1.02723,3.04,1.50
2011.09.15 10:18:22.344,1.02701,1.02713,2.25,2.25
2011.09.15 10:18:22.471,1.02699,1.02713,1.50,2.25
2011.09.15 10:18:22.960,1.027,1.02713,1.50,1.50
2011.09.15 10:18:23.568,1.027,1.02715,3.75,1.50
2011.09.15 10:18:28.978,1.02702,1.02716,1.50,1.50
2011.09.15 10:18:29.108,1.02703,1.02717,2.63,3.00
2011.09.15 10:18:29.240,1.02707,1.02719,2.10,1.50
2011.09.15 10:18:29.486,1.02707,1.02722,2.85,1.50
2011.09.15 10:18:30.081,1.02708,1.02723,1.50,3.00
2011.09.15 10:18:30.781,1.02708,1.02723,1.50,3.00
2011.09.15 10:18:32.038,1.02707,1.02721,2.10,3.75
2011.09.15 10:18:32.172,1.02703,1.02718,2.04,1.50
2011.09.15 10:18:32.295,1.02702,1.02717,3.20,2.10
2011.09.15 10:18:33.022,1.02703,1.02717,2.14,2.25
2011.09.15 10:18:33.758,1.02704,1.02719,1.88,1.50
2011.09.15 10:18:33.889,1.02707,1.0272,1.50,1.50
2011.09.15 10:18:34.455,1.02705,1.02719,1.54,1.50
2011.09.15 10:18:36.999,1.02706,1.0272,1.50,3.75
2011.09.15 10:18:37.772,1.02712,1.02724,2.26,1.50
2011.09.15 10:18:37.898,1.02713,1.02725,2.04,3.00
2011.09.15 10:18:38.026,1.02714,1.02728,1.66,3.00
2011.09.15 10:18:38.150,1.02714,1.02729,2.82,2.25
2011.09.15 10:18:40.123,1.02712,1.02728,2.29,1.50
2011.09.15 10:18:40.613,1.02712,1.02727,1.50,1.35
2011.09.15 10:18:41.205,1.02711,1.02728,4.35,3.00
2011.09.15 10:18:46.257,1.02711,1.02725,3.00,2.85
2011.09.15 10:18:46.857,1.02708,1.02722,2.79,2.25
2011.09.15 10:18:47.432,1.02708,1.02722,2.25,2.25
2011.09.15 10:18:48.114,1.02708,1.02722,2.25,2.25
2011.09.15 10:18:48.718,1.02708,1.02722,1.50,2.25
2011.09.15 10:18:50.474,1.02708,1.02722,2.63,2.25
2011.09.15 10:18:50.713,1.02712,1.02725,1.13,3.00
2011.09.15 10:18:51.293,1.02713,1.02725,1.13,2.25
2011.09.15 10:18:52.223,1.02712,1.02725,1.88,1.50
2011.09.15 10:18:52.467,1.02712,1.02726,2.63,2.25
2011.09.15 10:18:52.713,1.02712,1.02726,2.63,1.50
2011.09.15 10:18:55.158,1.02714,1.02728,2.25,3.60
2011.09.15 10:18:55.523,1.0272,1.02733,1.50,1.50
2011.09.15 10:18:56.695,1.02719,1.02733,1.50,2.25
2011.09.15 10:18:58.377,1.02716,1.0273,1.99,3.00
2011.09.15 10:18:58.973,1.02717,1.0273,1.13,3.00
2011.09.15 10:18:59.444,1.02715,1.0273,1.54,3.00
2011.09.15 10:18:59.785,1.02716,1.0273,1.54,3.00
2011.09.15 10:19:00.363,1.02716,1.0273,1.54,3.00
2011.09.15 10:19:02.290,1.02716,1.02731,1.54,1.50
2011.09.15 10:19:02.761,1.02716,1.02731,1.54,1.50
2011.09.15 10:19:03.226,1.02716,1.02731,1.54,1.50
2011.09.15 10:19:03.585,1.02716,1.02732,1.54,6.23
2011.09.15 10:19:04.175,1.02716,1.02732,1.54,5.48
2011.09.15 10:19:07.041,1.02716,1.02732,1.54,6.23
2011.09.15 10:19:09.426,1.02719,1.02733,1.50,2.25
2011.09.15 10:19:09.787,1.02723,1.02735,3.00,1.50
2011.09.15 10:19:09.909,1.02724,1.02738,1.50,1.50
2011.09.15 10:19:10.039,1.02725,1.02739,2.25,1.50
2011.09.15 10:19:10.406,1.02725,1.02739,2.29,1.50
2011.09.15 10:19:14.141,1.02725,1.0274,2.29,1.35
2011.09.15 10:19:14.713,1.02725,1.02741,1.50,1.88
2011.09.15 10:19:15.346,1.02725,1.02741,1.50,1.88
2011.09.15 10:19:15.923,1.02725,1.0274,1.50,3.00
2011.09.15 10:19:16.737,1.02723,1.02738,3.79,2.85
2011.09.15 10:19:17.468,1.02721,1.02736,1.92,1.13
2011.09.15 10:19:17.845,1.02716,1.0273,2.29,1.50
2011.09.15 10:19:18.208,1.02717,1.02732,1.54,3.75
2011.09.15 10:19:18.457,1.02716,1.02729,1.54,1.50
2011.09.15 10:19:20.947,1.02716,1.0273,1.50,2.10
2011.09.15 10:19:23.595,1.02718,1.0273,1.50,1.50
2011.09.15 10:19:23.713,1.02718,1.0273,1.50,1.50
2011.09.15 10:19:24.297,1.0272,1.0273,1.50,1.50
2011.09.15 10:19:24.669,1.02718,1.02732,3.60,1.50
2011.09.15 10:19:24.798,1.02722,1.02733,1.50,1.50
2011.09.15 10:19:25.392,1.02723,1.02734,2.25,2.25
2011.09.15 10:19:27.343,1.0272,1.02733,1.13,2.25
2011.09.15 10:19:27.586,1.02717,1.02733,2.85,2.25
2011.09.15 10:19:27.943,1.02717,1.02732,2.10,1.50
2011.09.15 10:19:28.783,1.02718,1.02732,1.35,1.50
2011.09.15 10:19:29.265,1.02721,1.02733,1.50,1.50
2011.09.15 10:19:29.856,1.02722,1.02733,2.25,2.25
2011.09.15 10:19:29.975,1.02719,1.02733,1.50,2.25
2011.09.15 10:19:30.574,1.02718,1.02733,2.63,3.00
2011.09.15 10:19:31.855,1.02723,1.02734,2.25,2.25
2011.09.15 10:19:36.403,1.02723,1.02733,2.25,1.50
2011.09.15 10:19:36.525,1.02717,1.02733,5.25,2.85
2011.09.15 10:19:36.762,1.02717,1.02729,3.75,1.50
2011.09.15 10:19:48.293,1.02717,1.02727,1.50,2.25
2011.09.15 10:19:48.669,1.0271,1.02722,1.29,1.50
2011.09.15 10:19:49.273,1.02709,1.02722,1.50,3.00
2011.09.15 10:19:51.965,1.0271,1.02722,1.50,1.88
2011.09.15 10:19:52.330,1.02712,1.02721,2.25,3.00
2011.09.15 10:19:52.459,1.02707,1.02719,2.25,1.50
2011.09.15 10:19:52.586,1.02705,1.02718,2.04,2.25
2011.09.15 10:19:52.958,1.02703,1.02716,3.38,2.25
2011.09.15 10:19:53.511,1.02703,1.02716,3.38,3.00
2011.09.15 10:19:53.874,1.02697,1.02712,4.54,1.50
2011.09.15 10:19:54.104,1.02698,1.02712,1.50,1.50
2011.09.15 10:19:54.913,1.02697,1.02711,4.50,1.50
2011.09.15 10:19:55.275,1.02697,1.02707,3.75,1.50
2011.09.15 10:19:55.528,1.02692,1.02705,6.16,2.25
2011.09.15 10:19:56.033,1.02692,1.02704,4.88,1.50
2011.09.15 10:19:56.166,1.02689,1.02702,3.38,2.25
2011.09.15 10:19:56.287,1.02689,1.02702,2.63,1.50
2011.09.15 10:19:56.417,1.02693,1.02703,2.25,2.25
2011.09.15 10:19:56.903,1.02693,1.02701,2.25,1.50
2011.09.15 10:19:57.271,1.02685,1.02697,1.29,1.50
2011.09.15 10:19:58.122,1.02687,1.027,1.88,2.25
2011.09.15 10:19:58.252,1.02692,1.02705,3.75,1.50
2011.09.15 10:19:58.854,1.02694,1.02706,1.50,2.25
2011.09.15 10:19:58.976,1.02694,1.02707,1.50,2.25
2011.09.15 10:19:59.693,1.02694,1.02707,1.50,1.50
2011.09.15 10:20:00.544,1.02694,1.02706,2.41,1.50
2011.09.15 10:20:01.145,1.02694,1.02707,2.04,2.25
2011.09.15 10:20:01.714,1.02694,1.02706,1.50,1.50
2011.09.15 10:20:02.312,1.02694,1.02706,1.50,1.50
2011.09.15 10:20:02.963,1.02694,1.02706,1.50,1.50
2011.09.15 10:20:03.663,1.02694,1.02707,1.50,2.25
2011.09.15 10:20:04.003,1.02694,1.02707,1.50,2.25
2011.09.15 10:20:05.176,1.02694,1.02706,1.50,1.50
2011.09.15 10:20:05.789,1.02693,1.02704,1.50,1.50
2011.09.15 10:20:06.276,1.02692,1.02702,2.25,2.63
2011.09.15 10:20:06.638,1.02686,1.02694,2.25,1.50
2011.09.15 10:20:06.896,1.02686,1.02694,3.00,3.00
2011.09.15 10:20:07.016,1.02688,1.02694,2.25,3.00
2011.09.15 10:20:07.136,1.02682,1.02694,1.50,2.25
2011.09.15 10:20:07.607,1.02682,1.02695,1.50,1.50
2011.09.15 10:20:08.107,1.02682,1.02695,3.75,1.50
2011.09.15 10:20:08.714,1.02682,1.02695,3.75,1.50
2011.09.15 10:20:09.295,1.02682,1.02695,3.75,1.50
2011.09.15 10:20:10.416,1.02682,1.02694,3.00,1.50
2011.09.15 10:20:10.541,1.0268,1.02693,1.54,1.50
2011.09.15 10:20:10.784,1.0268,1.02691,1.54,1.50
2011.09.15 10:20:10.909,1.0268,1.02692,2.29,1.50
2011.09.15 10:20:11.626,1.0268,1.02692,3.04,1.50
2011.09.15 10:20:11.745,1.02683,1.02694,2.25,1.50
2011.09.15 10:20:11.866,1.02683,1.02696,3.00,2.25
2011.09.15 10:20:12.404,1.02683,1.02696,3.00,1.50
2011.09.15 10:20:12.535,1.02684,1.02697,1.50,1.50
2011.09.15 10:20:13.715,1.02684,1.02696,1.50,1.50
2011.09.15 10:20:14.422,1.02684,1.02697,1.50,1.50
2011.09.15 10:20:16.346,1.02686,1.02697,1.50,1.50
2011.09.15 10:20:16.589,1.02687,1.027,2.85,2.25
2011.09.15 10:20:16.719,1.02692,1.02702,2.85,3.75
2011.09.15 10:20:16.849,1.02694,1.02702,1.35,2.25
2011.09.15 10:20:16.985,1.02698,1.02707,1.73,1.50
2011.09.15 10:20:17.710,1.02702,1.02716,3.00,2.25
2011.09.15 10:20:18.075,1.02702,1.02715,3.75,1.50
2011.09.15 10:20:19.243,1.02702,1.02716,3.75,1.50
2011.09.15 10:20:20.319,1.02702,1.02716,3.00,2.25
2011.09.15 10:20:20.809,1.02702,1.02714,3.00,1.13
2011.09.15 10:20:21.414,1.02699,1.02712,1.88,1.88
2011.09.15 10:20:21.537,1.02696,1.02711,1.29,3.00
2011.09.15 10:20:21.898,1.02691,1.02699,1.29,1.50
2011.09.15 10:20:22.026,1.02688,1.02698,1.29,1.50
2011.09.15 10:20:22.558,1.02686,1.02698,1.50,2.25
2011.09.15 10:20:22.684,1.02685,1.02697,1.50,1.50
2011.09.15 10:20:23.246,1.02687,1.02697,2.10,1.50
2011.09.15 10:20:23.489,1.02688,1.027,1.50,1.50
2011.09.15 10:20:23.735,1.02691,1.02705,3.00,3.00
2011.09.15 10:20:26.323,1.0269,1.02704,1.54,3.75
2011.09.15 10:20:26.687,1.02691,1.02702,1.54,1.50
2011.09.15 10:20:27.293,1.02693,1.02707,2.29,2.25
2011.09.15 10:20:28.063,1.02693,1.02705,2.29,1.50
2011.09.15 10:20:28.425,1.02687,1.027,1.50,2.25
2011.09.15 10:20:29.548,1.0269,1.027,3.60,1.50
2011.09.15 10:20:30.038,1.02687,1.02701,3.00,1.50
2011.09.15 10:20:30.877,1.02686,1.027,1.54,1.50
2011.09.15 10:20:31.010,1.02684,1.02697,3.04,1.50
2011.09.15 10:20:31.136,1.02683,1.02697,3.42,3.00
2011.09.15 10:20:32.054,1.02683,1.02697,1.54,3.00
2011.09.15 10:20:33.124,1.02683,1.02697,1.54,3.00
2011.09.15 10:20:33.813,1.02683,1.02697,3.79,2.25
2011.09.15 10:20:34.173,1.02688,1.027,1.50,3.00
2011.09.15 10:20:34.754,1.02688,1.027,1.50,2.25
2011.09.15 10:20:36.394,1.02688,1.02699,1.50,1.50
2011.09.15 10:20:38.624,1.02688,1.027,1.50,1.50
2011.09.15 10:20:39.706,1.02688,1.02699,1.50,1.50
2011.09.15 10:20:40.618,1.02684,1.02698,1.50,2.25
2011.09.15 10:20:41.212,1.02683,1.02697,1.92,1.50
2011.09.15 10:20:41.774,1.02683,1.02697,1.92,1.50
2011.09.15 10:20:44.123,1.02683,1.02697,1.54,1.50
2011.09.15 10:20:44.483,1.02685,1.02698,1.50,2.25
2011.09.15 10:20:45.992,1.02683,1.02697,1.39,1.50
2011.09.15 10:20:46.712,1.02684,1.02697,1.35,1.50
2011.09.15 10:20:54.741,1.02683,1.02697,1.39,1.50
2011.09.15 10:20:55.624,1.02682,1.02698,3.04,3.00
2011.09.15 10:20:56.281,1.02682,1.02698,3.04,3.00
2011.09.15 10:20:56.875,1.02682,1.02696,2.29,1.50
2011.09.15 10:20:58.497,1.02682,1.02693,1.54,1.50
2011.09.15 10:20:58.854,1.02677,1.02691,4.17,1.50
2011.09.15 10:20:58.974,1.02677,1.02691,3.64,1.50
2011.09.15 10:20:59.737,1.02681,1.02693,1.50,1.50
2011.09.15 10:21:00.314,1.02682,1.02696,1.54,1.50
2011.09.15 10:21:00.892,1.02682,1.02696,2.29,1.50
2011.09.15 10:21:01.497,1.02682,1.02696,2.29,1.50
2011.09.15 10:21:02.948,1.02682,1.02696,1.54,1.50
2011.09.15 10:21:03.413,1.02682,1.02696,2.29,1.50
2011.09.15 10:21:03.641,1.02682,1.02696,2.29,1.50
2011.09.15 10:21:04.422,1.02682,1.02696,2.29,1.50
2011.09.15 10:21:04.768,1.02682,1.02696,2.29,1.50
2011.09.15 10:21:05.001,1.02682,1.02696,2.29,1.50
2011.09.15 10:21:05.571,1.02682,1.02696,2.29,1.50
2011.09.15 10:21:06.157,1.02682,1.02696,2.29,1.50
2011.09.15 10:21:07.190,1.02682,1.02695,1.54,1.50
2011.09.15 10:21:09.953,1.02682,1.02695,2.29,1.50
2011.09.15 10:21:10.668,1.02683,1.02697,1.73,2.25
2011.09.15 10:21:11.945,1.02683,1.02697,1.35,2.25
2011.09.15 10:21:12.409,1.02682,1.02697,1.92,2.25
2011.09.15 10:21:13.416,1.02682,1.02696,1.54,1.50
2011.09.15 10:21:13.777,1.02682,1.02695,1.54,2.25
2011.09.15 10:21:14.145,1.02678,1.0269,2.29,1.50
2011.09.15 10:21:14.265,1.02678,1.0269,2.29,1.50
2011.09.15 10:21:14.738,1.02677,1.0269,1.54,1.50
2011.09.15 10:21:15.111,1.02675,1.02685,2.82,1.50
2011.09.15 10:21:15.235,1.02673,1.02685,2.04,1.50
2011.09.15 10:21:15.358,1.02673,1.02685,2.63,2.25
2011.09.15 10:21:15.787,1.02674,1.02685,1.50,2.25
2011.09.15 10:21:15.928,1.02673,1.02685,1.88,1.50
2011.09.15 10:21:16.990,1.0267,1.02684,3.42,3.00
2011.09.15 10:21:17.238,1.02667,1.02682,3.42,1.50
2011.09.15 10:21:17.608,1.02671,1.02683,1.50,1.50
2011.09.15 10:21:17.739,1.02671,1.02684,2.25,2.10
2011.09.15 10:21:17.869,1.0267,1.02682,2.25,2.25
2011.09.15 10:21:17.996,1.02667,1.02682,2.07,2.25
2011.09.15 10:21:22.956,1.02665,1.0268,3.04,2.25
2011.09.15 10:21:23.316,1.02663,1.02675,1.17,1.50
2011.09.15 10:21:24.969,1.02662,1.02674,1.50,1.50
2011.09.15 10:21:27.355,1.02662,1.02676,1.50,3.00
2011.09.15 10:21:32.855,1.02663,1.02675,1.54,1.50
2011.09.15 10:21:33.212,1.02663,1.02676,1.92,2.25
2011.09.15 10:21:33.813,1.02668,1.02678,1.50,1.50
2011.09.15 10:21:34.403,1.02673,1.0268,2.10,1.50
2011.09.15 10:21:34.652,1.02674,1.02687,3.38,2.33
2011.09.15 10:21:35.157,1.02672,1.02685,2.45,1.50
2011.09.15 10:21:35.752,1.02672,1.02685,3.04,1.50
2011.09.15 10:21:38.614,1.02672,1.02685,2.67,1.50
2011.09.15 10:21:40.764,1.02672,1.02685,1.54,2.25
2011.09.15 10:21:50.387,1.02672,1.02685,1.54,2.25
2011.09.15 10:21:51.150,1.0267,1.02682,1.54,2.25
2011.09.15 10:21:51.281,1.02668,1.02679,1.50,1.50
2011.09.15 10:21:51.874,1.02667,1.02679,1.50,1.50
2011.09.15 10:21:53.040,1.02667,1.02681,2.10,2.25
2011.09.15 10:21:53.686,1.02672,1.02682,1.50,3.00
2011.09.15 10:21:53.817,1.02673,1.02686,1.17,1.50
2011.09.15 10:21:54.059,1.02677,1.02686,2.10,1.50
2011.09.15 10:21:54.426,1.0268,1.0269,1.50,1.50
2011.09.15 10:21:54.784,1.02679,1.02688,2.29,1.50
2011.09.15 10:21:54.909,1.02674,1.02685,1.13,1.50
2011.09.15 10:21:55.036,1.02673,1.02685,1.32,1.50
2011.09.15 10:21:58.203,1.02672,1.02686,2.52,1.50
2011.09.15 10:21:58.763,1.02672,1.02686,2.52,1.50
2011.09.15 10:21:59.333,1.02672,1.02687,2.52,1.50
2011.09.15 10:21:59.453,1.02674,1.02687,3.00,1.50
2011.09.15 10:22:00.031,1.02677,1.02689,1.50,1.50
2011.09.15 10:22:00.154,1.02674,1.02687,3.00,1.50
2011.09.15 10:22:00.505,1.02673,1.02687,1.54,2.25
2011.09.15 10:22:01.794,1.02673,1.02687,1.54,1.50
2011.09.15 10:22:01.917,1.02677,1.02689,1.13,3.75
2011.09.15 10:22:02.035,1.0268,1.02691,3.00,1.50
2011.09.15 10:22:02.623,1.02681,1.02691,1.50,1.50
2011.09.15 10:22:05.126,1.02685,1.02692,2.25,2.25
2011.09.15 10:22:05.485,1.02685,1.02696,3.75,1.50
2011.09.15 10:22:05.726,1.02685,1.02696,3.00,1.50
2011.09.15 10:22:05.847,1.02682,1.02695,1.88,1.50
2011.09.15 10:22:06.324,1.02681,1.02693,1.13,1.50
2011.09.15 10:22:09.519,1.02679,1.02691,2.63,1.50
2011.09.15 10:22:10.163,1.02677,1.02691,2.10,1.50
2011.09.15 10:22:10.288,1.02677,1.02691,1.50,2.25
2011.09.15 10:22:11.002,1.02677,1.02691,1.50,2.25
2011.09.15 10:22:11.371,1.02671,1.02682,1.66,1.50
2011.09.15 10:22:11.616,1.02672,1.02681,1.13,1.50
2011.09.15 10:22:11.735,1.02673,1.0268,1.50,1.50
2011.09.15 10:22:12.094,1.02673,1.02681,1.50,1.50
2011.09.15 10:22:13.474,1.02672,1.02683,1.50,1.50
2011.09.15 10:22:22.408,1.02671,1.02683,1.50,1.50
2011.09.15 10:22:22.949,1.02671,1.02681,1.50,1.50
2011.09.15 10:22:23.091,1.02665,1.02675,2.25,1.50
2011.09.15 10:22:23.221,1.02665,1.02675,2.25,2.25
2011.09.15 10:22:23.350,1.02661,1.02673,1.05,1.50
2011.09.15 10:22:23.850,1.02657,1.02671,2.04,1.50
2011.09.15 10:22:23.980,1.02657,1.02671,2.79,2.25
2011.09.15 10:22:24.919,1.02658,1.02671,1.35,2.25
2011.09.15 10:22:25.527,1.02657,1.02671,1.50,2.25
2011.09.15 10:22:26.944,1.02654,1.02669,2.25,2.25
2011.09.15 10:22:27.068,1.02652,1.02667,2.82,1.50
2011.09.15 10:22:27.437,1.02652,1.02664,1.50,1.50
2011.09.15 10:22:27.986,1.02651,1.02664,1.88,1.50
2011.09.15 10:22:31.298,1.02653,1.02665,1.13,2.25
2011.09.15 10:22:31.429,1.02653,1.02667,1.88,1.50
2011.09.15 10:22:32.034,1.02657,1.02669,1.50,1.50
2011.09.15 10:22:32.975,1.02655,1.02668,3.16,1.50
2011.09.15 10:22:33.341,1.02654,1.02668,3.64,2.25
2011.09.15 10:22:33.589,1.02653,1.02667,2.67,1.50
2011.09.15 10:22:36.697,1.02652,1.02665,2.29,1.50
2011.09.15 10:22:36.824,1.02652,1.02665,2.29,1.50
2011.09.15 10:22:37.192,1.02663,1.02672,3.38,1.50
2011.09.15 10:22:37.320,1.02663,1.02672,2.25,1.50
2011.09.15 10:22:37.454,1.02659,1.02666,2.79,1.50
2011.09.15 10:22:38.044,1.0266,1.02666,1.88,1.50
2011.09.15 10:22:38.766,1.02661,1.02669,1.13,1.50
2011.09.15 10:22:38.962,1.02661,1.0267,1.13,2.25
2011.09.15 10:22:39.447,1.02661,1.02672,1.13,1.50
2011.09.15 10:22:39.684,1.0266,1.02671,1.88,1.50
2011.09.15 10:22:39.807,1.02658,1.02671,1.13,1.50
2011.09.15 10:22:40.167,1.02657,1.02669,1.13,1.65
2011.09.15 10:22:43.266,1.02658,1.02672,1.73,2.55
2011.09.15 10:22:43.503,1.02658,1.02671,1.73,1.05
2011.09.15 10:22:44.523,1.02658,1.02671,1.73,1.05
2011.09.15 10:22:48.117,1.02658,1.02669,1.35,1.65
2011.09.15 10:22:49.623,1.02656,1.02668,1.50,1.50
2011.09.15 10:22:50.227,1.02656,1.02667,1.50,1.50
2011.09.15 10:23:05.017,1.02653,1.02666,3.00,1.50
2011.09.15 10:23:05.382,1.02652,1.02663,1.13,1.50
2011.09.15 10:23:05.977,1.0265,1.02664,1.50,1.50
2011.09.15 10:23:09.284,1.02652,1.02665,2.89,1.50
2011.09.15 10:23:09.402,1.02652,1.02666,3.42,1.50
2011.09.15 10:23:10.491,1.02652,1.02666,1.77,1.50
2011.09.15 10:23:11.092,1.02652,1.02665,1.39,1.50
2011.09.15 10:23:12.473,1.02652,1.02665,1.39,1.50
2011.09.15 10:23:14.788,1.02655,1.02665,1.50,1.50
2011.09.15 10:23:23.026,1.02652,1.02665,3.79,1.50
2011.09.15 10:23:23.610,1.0265,1.02665,1.92,2.25
2011.09.15 10:23:25.526,1.02652,1.02665,1.35,1.50
2011.09.15 10:23:33.696,1.02653,1.02665,2.85,1.50
2011.09.15 10:23:33.821,1.02653,1.02666,3.23,1.50
2011.09.15 10:23:35.204,1.02655,1.02668,1.88,1.50
2011.09.15 10:23:36.446,1.02654,1.02667,2.79,1.50
2011.09.15 10:23:37.050,1.02653,1.02667,2.14,2.25
2011.09.15 10:23:37.417,1.02653,1.02665,1.39,1.50
2011.09.15 10:23:37.885,1.02652,1.02663,1.50,2.25
2011.09.15 10:23:38.009,1.02649,1.02663,2.67,3.00
2011.09.15 10:23:38.933,1.02648,1.02663,2.14,3.00
2011.09.15 10:23:39.073,1.02647,1.02662,1.54,1.50
2011.09.15 10:23:39.438,1.02647,1.02659,1.92,1.50
2011.09.15 10:23:40.044,1.02647,1.02662,2.67,1.50
2011.09.15 10:23:40.527,1.02649,1.02663,2.14,1.50
2011.09.15 10:23:43.932,1.0265,1.02665,1.54,2.25
2011.09.15 10:23:44.296,1.02653,1.02664,3.38,2.10
2011.09.15 10:23:44.422,1.02653,1.02662,2.85,1.50
2011.09.15 10:23:44.545,1.02653,1.02665,3.60,2.25
2011.09.15 10:23:45.068,1.02653,1.02662,2.85,1.50
2011.09.15 10:23:45.204,1.02644,1.02658,1.17,3.75
2011.09.15 10:23:45.447,1.02647,1.02657,1.88,1.50
2011.09.15 10:23:46.023,1.02647,1.02658,1.13,1.50
2011.09.15 10:23:46.749,1.02647,1.0266,1.13,2.25
2011.09.15 10:23:47.227,1.02643,1.02656,2.89,1.50
2011.09.15 10:23:49.271,1.02646,1.02657,1.13,3.00
2011.09.15 10:23:49.397,1.02647,1.02659,1.13,3.00
2011.09.15 10:23:56.027,1.02646,1.02662,2.67,3.00
2011.09.15 10:23:56.487,1.02648,1.02662,1.13,2.25
2011.09.15 10:24:01.726,1.02648,1.0266,1.13,1.50
2011.09.15 10:24:05.394,1.02648,1.0266,1.50,1.50
2011.09.15 10:24:05.873,1.02647,1.02657,1.13,1.50
2011.09.15 10:24:11.459,1.02643,1.02657,5.29,2.25
2011.09.15 10:24:11.826,1.02643,1.02654,1.50,2.25
2011.09.15 10:24:12.534,1.02643,1.02654,1.50,1.50
2011.09.15 10:24:20.518,1.0264,1.02654,1.50,2.25
2011.09.15 10:24:20.646,1.02638,1.02652,2.30,1.50
2011.09.15 10:24:20.985,1.0264,1.02653,1.50,3.75
2011.09.15 10:24:21.227,1.02642,1.02656,2.26,1.50
2011.09.15 10:24:21.824,1.02642,1.02656,2.26,1.50
2011.09.15 10:24:22.395,1.02642,1.02656,2.26,1.50
2011.09.15 10:24:22.972,1.02642,1.02657,2.14,1.50
2011.09.15 10:24:25.766,1.02644,1.02658,1.54,1.50
2011.09.15 10:24:26.243,1.02644,1.02658,1.32,4.50
2011.09.15 10:24:26.724,1.02643,1.02657,1.54,1.50
2011.09.15 10:24:27.387,1.02647,1.02659,1.50,2.25
2011.09.15 10:24:29.887,1.02645,1.02657,1.54,1.50
2011.09.15 10:24:50.394,1.02645,1.0266,2.04,1.50
2011.09.15 10:25:00.192,1.02644,1.02658,1.92,1.50
2011.09.15 10:25:00.313,1.02644,1.02658,1.17,4.50
2011.09.15 10:25:01.786,1.02643,1.02658,4.55,4.50
2011.09.15 10:25:02.363,1.02643,1.02658,3.80,3.75
2011.09.15 10:25:06.414,1.02643,1.02658,2.14,4.50
2011.09.15 10:25:07.167,1.02642,1.02656,1.50,2.25
2011.09.15 10:25:07.657,1.02642,1.02656,1.50,2.25
2011.09.15 10:25:08.222,1.02642,1.02656,1.50,2.25
2011.09.15 10:25:08.834,1.02642,1.02656,1.50,2.25
2011.09.15 10:25:17.695,1.0264,1.02655,1.17,2.25
2011.09.15 10:25:18.053,1.02637,1.02652,1.54,3.75
2011.09.15 10:25:18.644,1.02636,1.02652,1.50,3.75
2011.09.15 10:25:18.993,1.02635,1.0265,1.54,1.50
2011.09.15 10:25:20.868,1.02635,1.02648,1.50,1.50
2011.09.15 10:25:22.333,1.02636,1.02649,1.50,1.50
2011.09.15 10:25:23.815,1.02635,1.02648,1.50,1.50
2011.09.15 10:25:26.532,1.02636,1.02649,1.50,1.50
2011.09.15 10:25:27.104,1.02637,1.0265,1.50,1.50
2011.09.15 10:25:27.912,1.02637,1.0265,1.50,1.50
2011.09.15 10:25:29.243,1.02637,1.0265,1.50,1.50
2011.09.15 10:25:29.846,1.02637,1.02652,2.10,5.25
2011.09.15 10:25:34.313,1.02637,1.02652,1.50,4.50
2011.09.15 10:25:35.907,1.02636,1.0265,1.50,1.50
2011.09.15 10:25:39.064,1.02637,1.0265,1.50,1.50
2011.09.15 10:25:39.648,1.02637,1.0265,1.50,1.50
2011.09.15 10:25:39.883,1.02637,1.02652,1.50,3.75
2011.09.15 10:25:40.565,1.02637,1.02652,2.10,3.75
2011.09.15 10:25:43.913,1.02637,1.0265,1.51,1.50
2011.09.15 10:25:44.143,1.02635,1.02648,1.54,3.00
2011.09.15 10:25:44.744,1.02637,1.02648,1.50,3.75
2011.09.15 10:25:44.864,1.02636,1.02648,1.50,1.50
2011.09.15 10:25:46.759,1.02633,1.02647,1.92,1.50
2011.09.15 10:25:46.889,1.02633,1.02647,1.70,1.50
2011.09.15 10:25:51.748,1.02633,1.02647,1.54,2.25
2011.09.15 10:25:52.353,1.02633,1.02647,1.50,3.00
2011.09.15 10:25:54.144,1.02633,1.02647,1.50,3.00
2011.09.15 10:25:54.853,1.02632,1.02646,1.13,1.50
2011.09.15 10:25:59.208,1.02631,1.02644,1.92,2.25
2011.09.15 10:25:59.335,1.02629,1.02644,1.35,2.25
2011.09.15 10:25:59.915,1.02627,1.02643,3.20,3.75
2011.09.15 10:26:02.603,1.02628,1.02643,1.54,3.75
2011.09.15 10:26:03.433,1.02627,1.02643,3.42,3.75
2011.09.15 10:26:03.907,1.02627,1.02642,2.29,2.25
2011.09.15 10:26:08.796,1.02626,1.0264,1.54,1.50
2011.09.15 10:26:10.163,1.02627,1.02642,1.50,3.00
2011.09.15 10:26:16.946,1.02626,1.02639,2.14,1.62
2011.09.15 10:26:17.067,1.02623,1.02633,1.66,1.35
2011.09.15 10:26:17.434,1.02623,1.02637,1.50,3.60
2011.09.15 10:26:17.556,1.02625,1.02637,1.50,2.25
2011.09.15 10:26:17.675,1.02625,1.02638,1.50,1.50
2011.09.15 10:26:17.914,1.02624,1.02638,3.04,1.50
2011.09.15 10:26:18.503,1.02622,1.02636,1.54,1.35
2011.09.15 10:26:19.213,1.02623,1.02636,1.50,1.35
2011.09.15 10:26:19.959,1.02621,1.02636,3.42,1.35
2011.09.15 10:26:20.205,1.02622,1.02637,1.88,1.50
2011.09.15 10:26:20.326,1.02625,1.02638,1.50,1.50
2011.09.15 10:26:20.892,1.02625,1.0264,3.75,2.25
2011.09.15 10:26:24.391,1.02625,1.02637,1.50,1.50
2011.09.15 10:26:27.912,1.02625,1.0264,1.50,2.85
2011.09.15 10:26:38.894,1.02625,1.0264,2.25,1.50
2011.09.15 10:26:39.472,1.02625,1.0264,1.50,4.35
2011.09.15 10:26:41.324,1.02626,1.0264,1.13,2.25
2011.09.15 10:26:41.925,1.02627,1.02642,1.92,4.35
2011.09.15 10:26:42.650,1.02628,1.02643,4.17,3.00
2011.09.15 10:26:42.899,1.02627,1.02642,1.54,2.10
2011.09.15 10:26:43.500,1.02628,1.02642,2.25,1.50
2011.09.15 10:26:43.636,1.02629,1.02644,1.50,3.00
2011.09.15 10:26:47.276,1.02633,1.02644,2.63,1.50
2011.09.15 10:26:47.394,1.02632,1.02646,2.63,2.25
2011.09.15 10:26:48.115,1.02633,1.02647,4.88,1.68
2011.09.15 10:26:51.440,1.02633,1.02649,4.54,2.44
2011.09.15 10:26:52.375,1.02637,1.02649,1.13,1.50
2011.09.15 10:26:52.616,1.02636,1.02649,1.50,1.50
2011.09.15 10:26:53.205,1.02637,1.0265,1.54,2.85
2011.09.15 10:26:53.433,1.02637,1.02652,2.29,4.35
2011.09.15 10:26:59.141,1.02639,1.02652,2.25,2.25
2011.09.15 10:26:59.511,1.02641,1.02655,2.89,2.63
2011.09.15 10:27:00.094,1.02641,1.02656,2.29,2.25
2011.09.15 10:27:01.045,1.02642,1.02657,1.92,2.01
2011.09.15 10:27:08.755,1.02645,1.02658,1.50,3.83
2011.09.15 10:27:08.999,1.02647,1.02659,1.35,1.50
2011.09.15 10:27:09.129,1.02647,1.02662,2.10,5.25
2011.09.15 10:27:09.736,1.02648,1.02662,1.50,3.00
2011.09.15 10:27:10.316,1.02646,1.02662,2.29,4.50
2011.09.15 10:27:12.836,1.02648,1.02662,2.10,3.00
2011.09.15 10:27:13.874,1.02646,1.02662,2.29,4.50
2011.09.15 10:27:14.554,1.02647,1.02661,1.54,1.50
2011.09.15 10:27:15.122,1.02646,1.02661,2.29,1.50
2011.09.15 10:27:18.397,1.02648,1.02662,1.50,3.75
2011.09.15 10:27:18.532,1.02653,1.02662,1.35,2.25
2011.09.15 10:27:18.787,1.02654,1.02667,1.73,1.50
2011.09.15 10:27:19.148,1.02658,1.02671,4.73,1.50
2011.09.15 10:27:19.399,1.02658,1.02671,3.60,1.50
2011.09.15 10:27:19.528,1.02657,1.02672,1.17,1.50
2011.09.15 10:27:19.656,1.02655,1.02668,1.54,1.50
2011.09.15 10:27:20.823,1.02655,1.02671,1.54,1.50
2011.09.15 10:27:22.509,1.02659,1.02672,1.35,2.25
2011.09.15 10:27:22.864,1.02659,1.02672,2.10,1.50
2011.09.15 10:27:34.320,1.02663,1.02675,2.25,1.50
2011.09.15 10:27:34.450,1.02665,1.02675,2.25,1.50
2011.09.15 10:27:34.582,1.02663,1.02675,1.50,1.50
2011.09.15 10:27:37.141,1.02664,1.02676,3.75,2.25
2011.09.15 10:27:37.267,1.02664,1.02675,3.00,1.50
2011.09.15 10:27:37.505,1.02661,1.02674,1.13,1.50
2011.09.15 10:27:40.732,1.02662,1.02675,3.60,2.25
2011.09.15 10:27:40.979,1.02665,1.02678,1.50,1.50
2011.09.15 10:27:43.179,1.02657,1.02672,1.50,3.00
2011.09.15 10:27:43.297,1.02658,1.02672,1.88,1.50
2011.09.15 10:27:43.656,1.02659,1.02671,3.00,1.50
2011.09.15 10:27:43.775,1.0266,1.02673,1.35,2.25
2011.09.15 10:27:44.004,1.0266,1.02673,1.35,1.50
2011.09.15 10:27:44.124,1.0266,1.02673,1.35,2.25
2011.09.15 10:27:44.244,1.02659,1.02672,2.25,1.50
2011.09.15 10:27:44.367,1.02659,1.02672,1.50,1.50
2011.09.15 10:27:46.465,1.0266,1.02672,3.75,1.50
2011.09.15 10:27:49.114,1.0266,1.02675,4.92,2.25
2011.09.15 10:27:51.349,1.02667,1.02677,1.29,3.00
2011.09.15 10:27:51.482,1.02667,1.02679,2.04,1.50
2011.09.15 10:27:51.965,1.02666,1.02679,1.13,1.50
2011.09.15 10:27:52.325,1.02663,1.02678,3.01,1.50
2011.09.15 10:27:53.048,1.02663,1.02677,1.54,2.25
2011.09.15 10:28:07.617,1.02663,1.02677,2.45,1.50
2011.09.15 10:28:08.293,1.02663,1.02677,2.45,1.50
2011.09.15 10:28:08.852,1.02663,1.02678,3.20,1.50
2011.09.15 10:28:09.512,1.02663,1.02678,3.20,1.50
2011.09.15 10:28:10.043,1.02663,1.02678,3.20,1.50
2011.09.15 10:28:11.084,1.02663,1.02678,3.95,1.50
2011.09.15 10:28:11.733,1.02663,1.02678,3.95,1.50
2011.09.15 10:28:12.391,1.02663,1.02678,3.95,1.50
2011.09.15 10:28:14.347,1.02663,1.02678,3.95,2.25
2011.09.15 10:28:15.541,1.02663,1.02678,3.20,1.50
2011.09.15 10:28:16.105,1.02663,1.02678,3.20,1.50
2011.09.15 10:28:17.006,1.02663,1.02678,3.95,2.25
2011.09.15 10:28:18.611,1.02663,1.02678,3.95,2.25
2011.09.15 10:28:19.315,1.02663,1.02678,3.20,2.25
2011.09.15 10:28:19.932,1.02663,1.02678,2.82,2.25
2011.09.15 10:28:22.244,1.02663,1.02677,3.20,1.50
2011.09.15 10:28:26.549,1.02663,1.02677,2.45,3.00
2011.09.15 10:28:26.690,1.02667,1.02678,2.04,1.50
2011.09.15 10:28:26.818,1.02667,1.02681,2.63,1.50
2011.09.15 10:28:27.071,1.02667,1.02681,3.16,1.50
2011.09.15 10:28:27.442,1.02676,1.02689,2.04,1.88
2011.09.15 10:28:27.810,1.0268,1.0269,3.75,1.50
2011.09.15 10:28:28.619,1.0268,1.0269,3.00,1.50
2011.09.15 10:28:29.227,1.0268,1.02691,3.75,1.50
2011.09.15 10:28:29.812,1.0268,1.02694,3.75,2.25
2011.09.15 10:28:34.833,1.02681,1.02694,1.50,2.25
2011.09.15 10:28:36.573,1.02681,1.02694,1.50,2.25
2011.09.15 10:28:37.607,1.02682,1.02694,1.50,1.50
2011.09.15 10:28:37.864,1.02682,1.02697,4.14,2.25
2011.09.15 10:28:38.813,1.02683,1.02698,2.45,1.50
2011.09.15 10:28:39.512,1.02683,1.02698,2.45,1.50
2011.09.15 10:28:40.083,1.02683,1.02697,1.70,1.50
2011.09.15 10:28:41.023,1.02683,1.02697,1.70,1.50
2011.09.15 10:28:41.603,1.02683,1.02697,1.70,1.50
2011.09.15 10:28:42.150,1.02682,1.02697,3.95,1.50
2011.09.15 10:28:44.007,1.02682,1.02696,1.92,2.22
2011.09.15 10:28:44.366,1.02682,1.02695,2.67,2.25
2011.09.15 10:28:45.986,1.02682,1.02695,1.17,2.25
2011.09.15 10:28:46.224,1.02681,1.02695,1.54,4.50
2011.09.15 10:28:52.090,1.02681,1.02695,1.54,4.50
2011.09.15 10:28:58.006,1.02679,1.02693,1.54,1.50
2011.09.15 10:28:58.491,1.02677,1.02692,1.54,1.50
2011.09.15 10:29:02.002,1.02677,1.02692,1.54,2.25
2011.09.15 10:29:04.934,1.02676,1.02689,4.54,1.50
2011.09.15 10:29:09.349,1.02674,1.02683,1.32,2.10
2011.09.15 10:29:09.481,1.02668,1.02682,1.32,1.88
2011.09.15 10:29:10.447,1.02667,1.0268,3.79,2.63
2011.09.15 10:29:10.807,1.02667,1.02678,3.79,1.50
2011.09.15 10:29:10.924,1.02667,1.0268,3.79,1.50
2011.09.15 10:29:13.198,1.02669,1.02682,1.50,1.50
2011.09.15 10:29:13.564,1.02673,1.02684,2.25,2.25
2011.09.15 10:29:18.486,1.02673,1.02686,3.00,2.25
2011.09.15 10:29:18.604,1.02673,1.02684,3.00,1.50
2011.09.15 10:29:19.206,1.02667,1.02682,5.14,2.25
2011.09.15 10:29:32.694,1.02668,1.02682,1.35,1.50
2011.09.15 10:29:33.788,1.02672,1.02684,1.73,1.50
2011.09.15 10:29:34.025,1.02672,1.02686,1.89,1.67
2011.09.15 10:29:34.615,1.02672,1.02686,2.14,1.50
2011.09.15 10:29:37.842,1.02672,1.02682,1.54,1.50
2011.09.15 10:29:37.970,1.02671,1.02682,3.00,2.25
2011.09.15 10:29:38.219,1.02667,1.02682,1.70,3.00
2011.09.15 10:29:38.464,1.02667,1.0268,1.54,1.50
2011.09.15 10:29:39.870,1.02667,1.02682,1.54,3.00
2011.09.15 10:29:43.450,1.02667,1.02681,1.54,1.50
2011.09.15 10:29:43.578,1.02668,1.02682,1.39,3.00
2011.09.15 10:29:46.230,1.02668,1.02682,2.14,3.00
2011.09.15 10:29:46.600,1.0267,1.02685,1.54,2.25
2011.09.15 10:29:47.207,1.0267,1.02682,3.04,1.50
2011.09.15 10:29:51.397,1.02672,1.02685,1.50,2.25
2011.09.15 10:29:51.636,1.02672,1.02687,1.50,2.25
2011.09.15 10:30:10.812,1.02673,1.02686,3.00,2.25
2011.09.15 10:30:11.054,1.02673,1.02688,3.75,3.00
2011.09.15 10:30:11.632,1.02673,1.02688,3.75,1.50
2011.09.15 10:30:28.250,1.02678,1.02693,2.07,1.50
2011.09.15 10:30:28.377,1.02679,1.02695,1.88,4.50
2011.09.15 10:30:29.444,1.02678,1.02695,2.29,3.00
2011.09.15 10:30:30.888,1.02686,1.02697,1.50,3.00
2011.09.15 10:30:31.247,1.02699,1.02708,1.50,1.88
2011.09.15 10:30:31.371,1.027,1.02711,2.63,3.00
2011.09.15 10:30:31.503,1.02704,1.02714,1.39,1.50
2011.09.15 10:30:31.634,1.02708,1.02714,2.25,1.50
2011.09.15 10:30:31.881,1.02705,1.02716,2.25,1.88
2011.09.15 10:30:32.007,1.02704,1.02718,2.25,2.07
2011.09.15 10:30:32.621,1.02704,1.02718,1.50,1.13
2011.09.15 10:30:34.174,1.02704,1.02719,3.04,3.57
2011.09.15 10:30:34.536,1.02708,1.0272,4.50,1.69
2011.09.15 10:30:35.113,1.02708,1.0272,3.75,1.69
2011.09.15 10:30:38.374,1.02708,1.02722,4.50,2.82
2011.09.15 10:30:38.937,1.02708,1.02722,4.50,3.16
2011.09.15 10:30:39.527,1.02707,1.02721,1.50,1.25
2011.09.15 10:30:41.274,1.02709,1.02722,1.50,2.25
2011.09.15 10:30:41.986,1.02709,1.02722,1.50,1.88
2011.09.15 10:30:42.458,1.02709,1.02722,1.50,1.88
2011.09.15 10:30:42.706,1.02707,1.02722,1.54,2.37
2011.09.15 10:30:42.945,1.02708,1.02721,1.54,1.62
2011.09.15 10:30:43.184,1.02706,1.0272,1.54,1.50
2011.09.15 10:30:44.472,1.02712,1.02722,1.35,5.00
2011.09.15 10:30:44.723,1.02718,1.02727,1.50,3.00
2011.09.15 10:30:44.847,1.02716,1.02727,1.50,2.25
2011.09.15 10:30:45.089,1.02718,1.02733,1.50,2.25
2011.09.15 10:30:45.216,1.02717,1.02733,5.25,3.00
2011.09.15 10:30:45.457,1.02717,1.02732,3.75,2.10
2011.09.15 10:30:45.575,1.02716,1.02728,1.54,1.50
2011.09.15 10:30:46.216,1.02723,1.02734,1.50,1.50
2011.09.15 10:30:46.346,1.02723,1.02735,1.50,1.50
2011.09.15 10:30:46.935,1.02723,1.02735,1.50,1.50
2011.09.15 10:30:47.853,1.02723,1.02735,2.25,1.55
2011.09.15 10:30:48.094,1.02723,1.02734,2.25,1.55
2011.09.15 10:30:48.564,1.02723,1.02735,1.54,1.50
2011.09.15 10:30:49.171,1.02723,1.02736,2.29,1.50
2011.09.15 10:30:49.725,1.02724,1.02737,1.50,1.50
2011.09.15 10:30:49.871,1.02728,1.02742,4.54,1.50
2011.09.15 10:30:49.999,1.02729,1.02741,1.54,1.35
2011.09.15 10:30:50.973,1.02728,1.02742,1.54,3.87
2011.09.15 10:30:51.574,1.02729,1.02743,1.54,1.50
2011.09.15 10:30:52.104,1.0273,1.02743,1.17,1.50
2011.09.15 10:30:52.241,1.02734,1.02745,2.67,1.13
2011.09.15 10:30:52.372,1.02735,1.02748,1.54,1.88
2011.09.15 10:30:54.760,1.02734,1.02748,2.29,1.50
2011.09.15 10:30:54.885,1.02734,1.02748,2.29,1.50
2011.09.15 10:30:55.475,1.02734,1.02748,1.54,2.25
2011.09.15 10:30:56.177,1.02733,1.02747,3.79,1.62
2011.09.15 10:30:56.298,1.02732,1.02742,1.54,1.50
2011.09.15 10:30:56.883,1.02733,1.02745,3.75,1.50
2011.09.15 10:30:57.018,1.02733,1.02746,3.00,1.50
2011.09.15 10:30:57.275,1.02733,1.02746,2.25,1.47
2011.09.15 10:30:57.527,1.02733,1.02748,3.00,3.50
2011.09.15 10:30:57.769,1.02733,1.02746,3.75,1.35
2011.09.15 10:30:58.025,1.02729,1.02743,3.04,1.50
2011.09.15 10:30:59.694,1.02729,1.02743,2.25,1.50
2011.09.15 10:31:00.263,1.02729,1.02743,1.50,1.50
2011.09.15 10:31:00.496,1.02735,1.02745,1.50,1.88
2011.09.15 10:31:00.618,1.02737,1.02748,3.75,4.58
2011.09.15 10:31:01.218,1.02737,1.02747,3.00,1.58
2011.09.15 10:31:01.466,1.02734,1.02748,1.50,3.08
2011.09.15 10:31:01.709,1.02731,1.02745,2.29,1.50
2011.09.15 10:31:01.837,1.02733,1.02745,3.00,1.50
2011.09.15 10:31:02.867,1.02733,1.02745,4.50,1.50
2011.09.15 10:31:03.467,1.02733,1.02747,4.50,3.08
2011.09.15 10:31:04.055,1.02733,1.02747,5.25,3.08
2011.09.15 10:31:04.655,1.02733,1.02747,4.50,3.11
2011.09.15 10:31:05.290,1.02733,1.02745,3.75,1.50
2011.09.15 10:31:05.993,1.02733,1.02745,3.75,1.50
2011.09.15 10:31:07.705,1.02733,1.02747,3.75,1.61
2011.09.15 10:31:08.886,1.02733,1.02748,4.50,2.70
2011.09.15 10:31:09.985,1.02733,1.02748,5.29,2.70
2011.09.15 10:31:10.568,1.02733,1.02748,4.54,2.79
2011.09.15 10:31:11.165,1.02733,1.02748,4.54,2.79
2011.09.15 10:31:12.030,1.02733,1.02748,5.29,2.79
2011.09.15 10:31:12.772,1.02733,1.02748,4.54,2.79
2011.09.15 10:31:14.695,1.02733,1.02748,4.50,2.70
2011.09.15 10:31:15.505,1.02733,1.02748,4.50,2.73
2011.09.15 10:31:16.264,1.02733,1.02747,3.75,1.67
2011.09.15 10:31:16.834,1.02733,1.02747,3.75,2.42
2011.09.15 10:31:17.403,1.02733,1.02747,3.75,2.42
2011.09.15 10:31:18.413,1.02733,1.02747,4.50,3.02
2011.09.15 10:31:22.514,1.02733,1.02748,3.79,3.11
2011.09.15 10:31:23.413,1.02733,1.02748,4.54,3.11
2011.09.15 10:31:23.963,1.02733,1.02748,2.29,3.11
2011.09.15 10:31:26.175,1.02732,1.02748,1.54,3.86
2011.09.15 10:31:26.415,1.02731,1.02746,5.14,1.69
2011.09.15 10:31:27.014,1.02731,1.02744,1.50,2.25
2011.09.15 10:31:27.954,1.02728,1.02744,2.29,2.25
2011.09.15 10:31:28.543,1.02728,1.02743,1.54,2.25
2011.09.15 10:31:29.123,1.02724,1.02743,1.54,3.60
2011.09.15 10:31:29.250,1.02725,1.02737,2.25,2.25
2011.09.15 10:31:29.380,1.02722,1.02737,2.79,1.50
2011.09.15 10:31:29.973,1.02722,1.02737,2.25,1.50
2011.09.15 10:31:32.609,1.02723,1.02738,1.50,1.50
2011.09.15 10:31:32.976,1.02727,1.02739,1.50,1.50
2011.09.15 10:31:33.337,1.02727,1.0274,1.50,1.50
2011.09.15 10:31:33.914,1.02727,1.02742,1.50,2.25
2011.09.15 10:31:35.812,1.02728,1.02742,2.41,1.50
2011.09.15 10:31:37.082,1.02728,1.02742,2.41,1.50
2011.09.15 10:31:37.798,1.02733,1.02748,1.17,2.63
2011.09.15 10:31:38.385,1.02735,1.02748,1.54,1.13
2011.09.15 10:31:46.084,1.02735,1.02748,1.58,1.13
2011.09.15 10:31:46.333,1.02741,1.02751,1.50,3.00
2011.09.15 10:31:46.859,1.02742,1.02751,1.50,2.25
2011.09.15 10:31:47.013,1.02748,1.02762,1.50,1.50
2011.09.15 10:31:47.145,1.02748,1.02763,1.50,2.25
2011.09.15 10:31:47.395,1.02749,1.02764,1.50,1.50
2011.09.15 10:31:47.759,1.02754,1.02767,1.50,2.63
2011.09.15 10:31:48.778,1.02752,1.02767,2.25,1.88
2011.09.15 10:31:48.911,1.0275,1.02764,5.29,1.13
2011.09.15 10:31:49.041,1.0275,1.02763,3.79,1.73
2011.09.15 10:31:49.170,1.02747,1.02762,3.04,2.85
2011.09.15 10:31:49.302,1.02747,1.02762,1.54,3.72
2011.09.15 10:31:49.900,1.02745,1.02759,1.54,1.50
2011.09.15 10:31:50.267,1.02748,1.0276,1.50,1.50
2011.09.15 10:31:50.992,1.02749,1.02763,2.25,1.88
2011.09.15 10:31:51.240,1.02751,1.02765,3.75,1.50
2011.09.15 10:31:51.608,1.02752,1.02767,1.50,2.25
2011.09.15 10:31:51.971,1.02755,1.02768,1.50,1.13
2011.09.15 10:31:52.216,1.02757,1.0277,1.50,3.00
2011.09.15 10:31:52.338,1.02757,1.0277,1.50,3.75
2011.09.15 10:31:52.587,1.02754,1.02768,1.54,1.50
2011.09.15 10:31:53.476,1.02755,1.0277,1.54,1.50
2011.09.15 10:31:53.598,1.02757,1.02771,1.50,1.58
2011.09.15 10:31:53.957,1.02755,1.0277,3.79,1.58
2011.09.15 10:31:54.665,1.02754,1.0277,1.54,2.25
2011.09.15 10:31:58.924,1.02753,1.02768,1.50,1.50
2011.09.15 10:32:00.499,1.02751,1.02762,1.54,1.62
2011.09.15 10:32:00.751,1.02747,1.0276,1.50,3.00
2011.09.15 10:32:01.492,1.02744,1.02757,1.50,1.50
2011.09.15 10:32:01.619,1.02744,1.02753,1.50,1.20
2011.09.15 10:32:01.986,1.0274,1.02753,1.50,3.53
2011.09.15 10:32:02.106,1.02739,1.02753,1.50,4.28
2011.09.15 10:32:02.678,1.02738,1.02752,1.13,1.58
2011.09.15 10:32:02.915,1.02738,1.02753,1.13,4.50
2011.09.15 10:32:03.035,1.02737,1.02752,3.42,2.63
2011.09.15 10:32:03.971,1.02744,1.02751,1.50,1.50
2011.09.15 10:32:04.099,1.02744,1.02753,1.50,2.25
2011.09.15 10:32:04.228,1.02745,1.02754,2.25,2.10
2011.09.15 10:32:04.836,1.02744,1.02758,1.50,2.25
2011.09.15 10:32:05.446,1.02744,1.02758,2.25,1.50
2011.09.15 10:32:05.925,1.02744,1.02757,1.50,1.50
2011.09.15 10:32:06.286,1.02742,1.02755,1.50,3.00
2011.09.15 10:32:08.036,1.02743,1.02755,1.50,2.25
2011.09.15 10:32:08.470,1.02743,1.02755,1.50,2.25
2011.09.15 10:32:08.727,1.02748,1.0276,1.50,1.50
2011.09.15 10:32:09.315,1.02745,1.02759,1.50,2.63
2011.09.15 10:32:09.903,1.02743,1.02758,2.25,1.50
2011.09.15 10:32:12.575,1.02741,1.02754,3.00,1.88
2011.09.15 10:32:13.070,1.02735,1.02747,1.29,1.50
2011.09.15 10:32:13.199,1.02733,1.02747,2.25,3.75
2011.09.15 10:32:13.330,1.02733,1.02747,1.50,2.63
2011.09.15 10:32:13.696,1.02728,1.02741,2.29,3.12
2011.09.15 10:32:14.668,1.02729,1.02738,1.50,1.50
2011.09.15 10:32:15.152,1.02727,1.02738,1.54,2.25
2011.09.15 10:32:16.177,1.02728,1.02738,1.54,2.85
2011.09.15 10:32:16.422,1.02725,1.02733,1.50,1.50
2011.09.15 10:32:16.551,1.02725,1.02738,1.50,3.00
2011.09.15 10:32:17.877,1.02726,1.02739,1.50,3.00
2011.09.15 10:32:18.010,1.02727,1.02737,1.50,1.50
2011.09.15 10:32:18.136,1.02725,1.02737,3.00,1.50
2011.09.15 10:32:18.739,1.02725,1.02737,1.50,2.25
2011.09.15 10:32:19.348,1.02725,1.02737,1.50,2.25
2011.09.15 10:32:19.982,1.02725,1.02737,3.64,2.25
2011.09.15 10:32:20.116,1.02728,1.02742,1.54,1.50
2011.09.15 10:32:20.237,1.02726,1.02738,2.29,1.50
2011.09.15 10:32:20.599,1.02727,1.02737,1.54,1.50
2011.09.15 10:32:21.306,1.02726,1.02737,1.50,1.50
2011.09.15 10:32:21.545,1.02726,1.02741,1.50,5.25
2011.09.15 10:32:22.626,1.02725,1.02739,1.50,2.10
2011.09.15 10:32:23.226,1.0272,1.02736,2.29,4.62
2011.09.15 10:32:23.754,1.02719,1.02733,1.50,2.25
2011.09.15 10:32:25.170,1.0272,1.02733,2.25,1.50
2011.09.15 10:32:25.659,1.02722,1.02736,3.75,1.88
2011.09.15 10:32:26.243,1.02722,1.02736,3.00,2.25
2011.09.15 10:32:26.836,1.02722,1.02735,3.00,1.50
2011.09.15 10:32:30.429,1.02723,1.02736,1.50,4.13
2011.09.15 10:32:30.793,1.02722,1.02736,3.75,1.50
2011.09.15 10:32:32.144,1.02722,1.02736,3.00,2.25
2011.09.15 10:32:32.878,1.02723,1.02736,1.50,1.50
2011.09.15 10:32:33.474,1.02723,1.02737,2.29,1.50
2011.09.15 10:32:41.126,1.02727,1.0274,1.50,2.63
2011.09.15 10:32:41.491,1.0273,1.02742,1.50,1.13
2011.09.15 10:32:41.620,1.0273,1.02744,2.25,1.50
2011.09.15 10:32:45.646,1.02736,1.02748,1.50,2.63
2011.09.15 10:32:53.208,1.02734,1.02747,1.54,1.47
2011.09.15 10:32:53.567,1.02732,1.02746,1.58,1.13
2011.09.15 10:32:54.166,1.02732,1.02746,1.50,1.13
2011.09.15 10:32:54.287,1.02733,1.02746,3.00,1.13
2011.09.15 10:32:54.647,1.02733,1.02748,3.00,1.50
2011.09.15 10:32:55.756,1.02733,1.02748,2.25,1.50
2011.09.15 10:32:55.875,1.02733,1.02748,2.25,1.88
2011.09.15 10:32:56.594,1.02734,1.02746,1.50,1.13
2011.09.15 10:32:56.858,1.02737,1.0275,3.75,1.50
2011.09.15 10:32:57.216,1.02737,1.0275,3.00,1.50
2011.09.15 10:32:57.700,1.02738,1.02753,1.50,3.00
2011.09.15 10:32:58.283,1.02737,1.02752,1.50,1.50
2011.09.15 10:32:59.853,1.02737,1.02751,1.50,1.50
2011.09.15 10:33:00.219,1.02734,1.0275,1.54,3.00
2011.09.15 10:33:00.912,1.02736,1.02751,1.50,2.25
2011.09.15 10:33:01.402,1.02738,1.02752,2.25,3.75
2011.09.15 10:33:01.529,1.02738,1.02752,2.29,3.00
2011.09.15 10:33:03.238,1.02739,1.02753,1.50,1.50
2011.09.15 10:33:03.601,1.02737,1.02751,1.54,1.62
2011.09.15 10:33:03.859,1.02734,1.02748,2.29,1.50
2011.09.15 10:33:03.987,1.02733,1.02748,1.50,1.50
2011.09.15 10:33:04.233,1.02732,1.02745,4.50,2.25
2011.09.15 10:33:04.600,1.02723,1.02739,6.19,1.88
2011.09.15 10:33:05.175,1.02723,1.02738,5.82,2.10
2011.09.15 10:33:05.747,1.02726,1.02738,1.50,2.25
2011.09.15 10:33:06.343,1.02728,1.02739,3.75,1.50
2011.09.15 10:33:06.710,1.02728,1.02741,3.75,2.25
2011.09.15 10:33:06.836,1.02729,1.02741,1.50,1.50
2011.09.15 10:33:06.960,1.02729,1.02743,1.50,2.25
2011.09.15 10:33:10.938,1.02731,1.02744,2.25,1.88
2011.09.15 10:33:11.178,1.02733,1.02746,3.00,1.50
2011.09.15 10:33:11.305,1.02733,1.02747,3.00,1.50
2011.09.15 10:33:12.837,1.02733,1.02747,3.75,1.50
2011.09.15 10:33:13.338,1.02735,1.02749,1.50,1.88
2011.09.15 10:33:13.475,1.02738,1.0275,1.50,1.50
2011.09.15 10:33:14.947,1.02734,1.02748,1.54,1.47
2011.09.15 10:33:15.071,1.02732,1.02747,4.54,3.12
2011.09.15 10:33:15.198,1.02732,1.02747,2.29,2.75
2011.09.15 10:33:15.319,1.02733,1.02748,1.50,2.00
2011.09.15 10:33:15.924,1.02732,1.02748,4.50,3.98
2011.09.15 10:33:16.697,1.0273,1.02745,1.50,2.25
2011.09.15 10:33:17.296,1.02731,1.02745,1.50,2.25
2011.09.15 10:33:17.882,1.02731,1.02745,1.50,2.25
2011.09.15 10:33:18.669,1.02731,1.02745,2.25,2.25
2011.09.15 10:33:19.040,1.02738,1.0275,3.42,3.75
2011.09.15 10:33:19.171,1.02742,1.02754,1.50,1.50
2011.09.15 10:33:19.786,1.02743,1.02757,3.00,3.75
2011.09.15 10:33:20.396,1.02743,1.02757,3.75,2.25
2011.09.15 10:33:20.515,1.02743,1.02757,3.75,3.00
2011.09.15 10:33:20.997,1.02743,1.02757,5.10,3.38
2011.09.15 10:33:21.361,1.02741,1.02756,2.07,1.50
2011.09.15 10:33:21.960,1.02741,1.02756,1.54,2.25
2011.09.15 10:33:24.796,1.02741,1.02756,2.82,2.25
2011.09.15 10:33:25.039,1.02748,1.02757,1.50,3.75
2011.09.15 10:33:26.078,1.02752,1.02764,3.00,2.25
2011.09.15 10:33:26.319,1.02749,1.02762,2.25,1.35
2011.09.15 10:33:26.450,1.02749,1.02762,2.25,1.35
2011.09.15 10:33:27.951,1.02748,1.02762,4.50,1.50
2011.09.15 10:33:28.080,1.02753,1.02763,3.00,1.50
2011.09.15 10:33:28.207,1.02753,1.02766,3.00,3.00
2011.09.15 10:33:28.808,1.02753,1.02765,2.25,1.50
2011.09.15 10:33:29.296,1.02748,1.02763,2.29,3.75
2011.09.15 10:33:30.220,1.02749,1.02765,2.37,3.00
2011.09.15 10:33:30.347,1.02752,1.02765,3.75,3.97
2011.09.15 10:33:31.211,1.02752,1.02766,3.75,1.50
2011.09.15 10:33:31.815,1.02752,1.02766,3.75,1.50
2011.09.15 10:33:34.132,1.02752,1.02766,3.00,1.50
2011.09.15 10:33:34.907,1.02752,1.02766,3.00,2.63
2011.09.15 10:33:35.280,1.02747,1.02759,4.54,2.25
2011.09.15 10:33:35.535,1.02743,1.02755,1.50,1.50
2011.09.15 10:33:35.668,1.02742,1.02754,3.75,2.25
2011.09.15 10:33:36.028,1.02735,1.02749,1.62,2.10
2011.09.15 10:33:37.264,1.02733,1.02748,3.75,2.25
2011.09.15 10:33:37.954,1.02733,1.02748,3.75,2.25
2011.09.15 10:33:38.524,1.02733,1.02747,3.00,1.50
2011.09.15 10:33:42.093,1.02733,1.02747,3.00,1.50
2011.09.15 10:33:42.225,1.02733,1.02746,3.00,1.50
2011.09.15 10:33:42.827,1.02733,1.02747,1.50,2.25
2011.09.15 10:33:43.583,1.02733,1.02747,1.50,2.25
2011.09.15 10:33:43.705,1.02733,1.02747,1.50,2.25
2011.09.15 10:33:44.274,1.02734,1.02747,1.50,1.50
2011.09.15 10:33:45.634,1.02734,1.02747,1.50,1.50
2011.09.15 10:33:46.215,1.02734,1.02747,1.50,1.50
2011.09.15 10:33:50.043,1.02734,1.02747,1.50,1.50
2011.09.15 10:33:50.896,1.02733,1.02747,2.25,1.50
2011.09.15 10:34:00.594,1.02734,1.02748,1.50,2.25
2011.09.15 10:34:00.947,1.02734,1.02749,2.25,1.50
2011.09.15 10:34:04.786,1.02734,1.02748,2.25,1.50
2011.09.15 10:34:10.089,1.02734,1.02748,1.50,1.50
2011.09.15 10:34:10.343,1.02737,1.02751,1.50,1.62
2011.09.15 10:34:11.263,1.02737,1.0275,1.50,1.35
2011.09.15 10:34:11.867,1.02734,1.0275,2.37,2.10
2011.09.15 10:34:12.455,1.02734,1.02748,1.50,1.50
2011.09.15 10:34:13.177,1.02733,1.02747,2.25,1.50
2011.09.15 10:34:14.931,1.02733,1.02741,2.25,2.10
2011.09.15 10:34:15.298,1.0273,1.02741,1.54,2.10
2011.09.15 10:34:17.321,1.0273,1.02741,1.54,2.10
2011.09.15 10:34:22.165,1.0273,1.02743,1.54,1.35
2011.09.15 10:34:27.504,1.02731,1.02742,1.50,2.10
2011.09.15 10:34:28.684,1.02729,1.02744,2.29,2.85
2011.09.15 10:34:28.807,1.02733,1.02744,1.09,2.48
2011.09.15 10:34:29.049,1.02736,1.02747,1.50,2.48
2011.09.15 10:34:29.180,1.02737,1.02747,1.65,2.48
2011.09.15 10:34:29.309,1.02738,1.02751,2.40,2.10
2011.09.15 10:34:29.438,1.02739,1.02752,1.58,1.50
2011.09.15 10:34:29.557,1.02739,1.02753,2.33,2.25
2011.09.15 10:34:29.920,1.02745,1.02756,1.99,1.73
2011.09.15 10:34:30.772,1.02748,1.02762,2.29,3.38
2011.09.15 10:34:30.901,1.02748,1.02762,2.29,3.38
2011.09.15 10:34:31.150,1.02748,1.02762,2.29,3.38
2011.09.15 10:34:31.762,1.0275,1.02762,1.50,1.13
2011.09.15 10:34:33.395,1.02748,1.02763,3.04,4.35
2011.09.15 10:34:33.516,1.02748,1.02762,1.54,1.73
2011.09.15 10:34:34.204,1.02748,1.02762,1.54,1.35
2011.09.15 10:34:34.796,1.02748,1.02762,1.54,1.35
2011.09.15 10:34:34.919,1.02748,1.02762,1.62,1.73
2011.09.15 10:34:35.593,1.02748,1.02762,1.62,1.73
2011.09.15 10:34:35.945,1.02758,1.02763,2.25,1.50
2011.09.15 10:34:36.427,1.02759,1.02772,1.50,2.10
2011.09.15 10:34:37.014,1.02759,1.02772,1.54,2.10
2011.09.15 10:34:37.598,1.02759,1.0277,1.54,2.10
2011.09.15 10:34:43.197,1.02758,1.0277,4.62,2.10
2011.09.15 10:34:43.776,1.02758,1.02766,2.33,2.10
2011.09.15 10:34:44.365,1.02755,1.02766,3.04,2.10
2011.09.15 10:34:44.943,1.02757,1.0277,2.29,1.35
2011.09.15 10:34:45.065,1.02757,1.02772,3.04,3.60
2011.09.15 10:34:45.185,1.02759,1.02772,1.54,2.10
2011.09.15 10:34:45.885,1.02759,1.02772,1.54,2.10
2011.09.15 10:34:50.773,1.02761,1.02775,1.54,2.85
2011.09.15 10:34:50.900,1.02763,1.02776,4.55,2.85
2011.09.15 10:34:51.270,1.02769,1.02782,1.50,1.35
2011.09.15 10:34:51.875,1.0277,1.02782,1.50,1.35
2011.09.15 10:34:51.997,1.0277,1.02782,1.50,1.35
2011.09.15 10:35:00.082,1.02769,1.02782,1.54,1.35
2011.09.15 10:35:03.496,1.02769,1.02782,1.54,1.35
2011.09.15 10:35:04.464,1.02769,1.02782,1.54,1.35
2011.09.15 10:35:06.378,1.0277,1.02782,1.54,1.35
2011.09.15 10:35:06.502,1.02772,1.02786,2.25,2.00
2011.09.15 10:35:06.869,1.02778,1.0279,3.00,1.50
2011.09.15 10:35:06.999,1.02778,1.02792,3.00,1.35
2011.09.15 10:35:07.616,1.0278,1.02795,1.50,1.50
2011.09.15 10:35:09.174,1.02782,1.02796,3.00,3.08
2011.09.15 10:35:10.474,1.02782,1.02792,2.25,1.35
2011.09.15 10:35:10.599,1.02778,1.02792,3.04,1.35
2011.09.15 10:35:12.404,1.02778,1.02792,1.54,1.35
2011.09.15 10:35:12.525,1.02778,1.02791,1.54,2.18
2011.09.15 10:35:12.888,1.02775,1.02788,1.54,2.85
2011.09.15 10:35:14.683,1.02774,1.02788,1.50,2.85
2011.09.15 10:35:20.943,1.02775,1.02788,1.50,2.85
2011.09.15 10:35:21.299,1.02773,1.02783,3.00,1.35
2011.09.15 10:35:21.547,1.02773,1.02787,2.25,2.48
2011.09.15 10:35:21.674,1.02773,1.02787,3.00,1.35
2011.09.15 10:35:22.257,1.02775,1.02788,1.50,1.73
2011.09.15 10:35:22.380,1.02774,1.02788,1.54,1.73
2011.09.15 10:35:22.988,1.02775,1.02788,1.50,1.73
2011.09.15 10:35:26.373,1.02775,1.02788,1.50,1.73
2011.09.15 10:35:26.954,1.02775,1.02788,1.50,1.73
2011.09.15 10:35:27.748,1.02775,1.02788,1.88,1.73
2011.09.15 10:35:27.986,1.02776,1.02788,1.50,1.73
2011.09.15 10:35:28.601,1.02776,1.02788,1.50,1.73
2011.09.15 10:35:32.034,1.02776,1.02788,1.50,1.35
2011.09.15 10:35:34.384,1.02776,1.02788,1.50,1.35
2011.09.15 10:35:34.509,1.02783,1.02792,2.25,3.00
2011.09.15 10:35:34.758,1.02783,1.02793,2.25,1.13
2011.09.15 10:35:35.205,1.02783,1.0279,2.25,2.10
2011.09.15 10:35:35.328,1.02778,1.0279,2.25,4.74
2011.09.15 10:35:35.448,1.02778,1.02786,2.25,1.50
2011.09.15 10:35:35.687,1.02771,1.02782,1.29,1.35
2011.09.15 10:35:36.264,1.02769,1.02782,2.29,1.35
2011.09.15 10:35:37.280,1.02769,1.02782,2.29,1.35
2011.09.15 10:35:39.413,1.0277,1.02783,1.50,1.73
2011.09.15 10:35:39.536,1.0277,1.02783,1.50,1.13
2011.09.15 10:35:42.309,1.02778,1.02791,1.50,1.50
2011.09.15 10:35:42.800,1.02783,1.02793,2.25,1.50
2011.09.15 10:35:42.929,1.02783,1.02795,3.00,1.13
2011.09.15 10:35:43.527,1.02783,1.02796,2.25,1.58
2011.09.15 10:35:44.121,1.02783,1.02796,2.25,1.58
2011.09.15 10:35:44.996,1.02783,1.02794,2.25,2.85
2011.09.15 10:35:45.116,1.0278,1.02793,1.54,1.35
2011.09.15 10:35:45.683,1.02781,1.02793,1.54,1.35
2011.09.15 10:35:47.629,1.02783,1.02796,3.00,2.48
2011.09.15 10:35:48.227,1.02783,1.02796,3.75,2.10
2011.09.15 10:35:49.264,1.02783,1.02796,3.75,2.10
2011.09.15 10:35:49.843,1.02783,1.02796,3.75,2.10
2011.09.15 10:35:51.401,1.02783,1.02796,3.00,2.85
2011.09.15 10:35:52.467,1.02783,1.02793,2.25,1.35
2011.09.15 10:35:53.064,1.02779,1.02793,2.29,2.10
2011.09.15 10:35:53.295,1.02779,1.02793,1.54,2.10
2011.09.15 10:35:58.780,1.02778,1.02788,1.54,1.35
2011.09.15 10:35:59.266,1.02774,1.02788,1.54,1.35
2011.09.15 10:35:59.896,1.02775,1.02788,1.54,1.35
2011.09.15 10:36:00.023,1.02773,1.02786,3.79,1.50
2011.09.15 10:36:00.271,1.02771,1.02783,2.29,1.35
2011.09.15 10:36:00.400,1.02768,1.0278,4.92,2.10
2011.09.15 10:36:00.916,1.0277,1.02783,2.25,1.50
2011.09.15 10:36:03.232,1.02772,1.02786,2.63,3.98
2011.09.15 10:36:03.358,1.02774,1.02787,1.54,2.75
2011.09.15 10:36:03.850,1.02775,1.02787,1.95,2.00
2011.09.15 10:36:04.098,1.02777,1.02791,4.54,1.35
2011.09.15 10:36:04.218,1.02777,1.02791,4.54,1.35
2011.09.15 10:36:06.536,1.02777,1.02791,5.29,1.35
2011.09.15 10:36:07.028,1.0278,1.02794,2.25,1.50
2011.09.15 10:36:08.228,1.02782,1.02795,2.45,1.35
2011.09.15 10:36:09.150,1.02782,1.02795,1.92,1.35
2011.09.15 10:36:09.758,1.02782,1.02796,2.29,1.50
2011.09.15 10:36:09.875,1.02782,1.02797,3.04,1.88
2011.09.15 10:36:10.358,1.02782,1.02797,2.29,2.25
2011.09.15 10:36:10.834,1.02782,1.02795,2.25,3.38
2011.09.15 10:36:11.514,1.0278,1.02795,1.50,5.63
2011.09.15 10:36:15.710,1.02778,1.02786,1.54,1.35
2011.09.15 10:36:16.725,1.0278,1.0279,1.50,3.60
2011.09.15 10:36:17.095,1.02774,1.02788,1.54,2.25
2011.09.15 10:36:17.983,1.02774,1.02787,1.54,2.63
2011.09.15 10:36:20.373,1.02776,1.0279,1.50,2.25
2011.09.15 10:36:21.506,1.02776,1.0279,2.25,1.50
2011.09.15 10:36:22.910,1.02774,1.02788,1.50,1.88
2011.09.15 10:36:23.384,1.02773,1.02787,2.29,2.63
2011.09.15 10:36:23.869,1.02773,1.02786,1.50,1.88
2011.09.15 10:36:24.358,1.02775,1.02788,1.50,1.88
2011.09.15 10:36:24.833,1.02777,1.02788,1.50,1.88
2011.09.15 10:36:25.195,1.02777,1.02792,5.25,2.25
2011.09.15 10:36:25.831,1.02777,1.0279,3.00,1.88
2011.09.15 10:36:31.730,1.02775,1.0279,1.54,3.00
2011.09.15 10:36:32.110,1.0277,1.02786,1.54,3.38
2011.09.15 10:36:32.693,1.02773,1.02787,3.00,4.13
2011.09.15 10:36:33.499,1.02773,1.02787,3.75,3.00
2011.09.15 10:36:33.626,1.02773,1.02789,5.29,1.50
2011.09.15 10:36:35.196,1.02773,1.02787,3.75,2.22
2011.09.15 10:36:35.555,1.02771,1.02785,2.29,1.50
2011.09.15 10:36:36.406,1.02771,1.02782,2.29,1.25
2011.09.15 10:36:36.891,1.02766,1.02778,1.29,1.50
2011.09.15 10:36:37.018,1.02762,1.02778,4.86,1.50
2011.09.15 10:36:37.136,1.02765,1.02778,1.50,1.13
2011.09.15 10:36:37.497,1.02767,1.02778,1.50,1.13
2011.09.15 10:36:38.365,1.02772,1.0278,1.36,1.13
2011.09.15 10:36:38.734,1.02787,1.02792,3.00,1.50
2011.09.15 10:36:39.336,1.02788,1.02798,2.25,2.10
2011.09.15 10:36:39.458,1.02788,1.02798,2.25,1.35
2011.09.15 10:36:40.405,1.02788,1.02798,2.25,2.60
2011.09.15 10:36:40.916,1.02782,1.02794,1.50,1.50
2011.09.15 10:36:41.036,1.0278,1.02794,1.50,1.50
2011.09.15 10:36:42.415,1.02782,1.02796,2.25,2.60
2011.09.15 10:36:43.015,1.02782,1.02797,3.79,2.25
2011.09.15 10:36:43.488,1.02781,1.02797,1.54,3.72
2011.09.15 10:36:44.015,1.0278,1.02793,3.04,1.50
2011.09.15 10:36:51.030,1.0278,1.02793,3.04,3.00
2011.09.15 10:36:51.169,1.02777,1.02789,4.99,2.10
2011.09.15 10:36:51.305,1.02775,1.02784,1.29,1.35
2011.09.15 10:36:51.435,1.0277,1.02782,1.58,2.10
2011.09.15 10:36:51.565,1.02767,1.02778,3.00,1.35
2011.09.15 10:36:51.692,1.02765,1.02778,2.07,1.35
2011.09.15 10:36:53.639,1.02765,1.02778,1.50,2.10
2011.09.15 10:36:53.886,1.02765,1.02778,1.50,2.10
2011.09.15 10:36:54.367,1.02767,1.02778,1.50,1.50
2011.09.15 10:37:00.376,1.02766,1.02778,1.50,1.50
2011.09.15 10:37:06.968,1.02767,1.0278,2.25,1.50
2011.09.15 10:37:07.086,1.02767,1.02781,4.50,2.25
2011.09.15 10:37:07.668,1.02768,1.02782,1.50,2.25
2011.09.15 10:37:08.020,1.02767,1.0278,3.75,1.35
2011.09.15 10:37:08.270,1.02765,1.02781,1.50,2.25
2011.09.15 10:37:13.176,1.0277,1.02781,1.50,2.25
2011.09.15 10:37:13.543,1.02777,1.0279,2.63,1.89
2011.09.15 10:37:14.144,1.02777,1.02791,3.00,2.10
2011.09.15 10:37:15.427,1.02778,1.02791,1.54,2.10
2011.09.15 10:37:15.895,1.02777,1.02792,3.75,2.85
2011.09.15 10:37:16.257,1.02777,1.02792,3.75,3.45
2011.09.15 10:37:18.994,1.02781,1.02791,1.50,2.25
2011.09.15 10:37:19.239,1.02783,1.02793,2.25,3.60
2011.09.15 10:37:19.364,1.02779,1.02793,1.92,3.60
2011.09.15 10:37:19.604,1.02779,1.02792,1.54,2.10
2011.09.15 10:37:19.725,1.02779,1.02793,1.54,3.00
2011.09.15 10:37:20.305,1.02779,1.02793,1.50,2.25
2011.09.15 10:37:20.552,1.02779,1.02793,1.50,1.50
2011.09.15 10:37:21.487,1.02782,1.02796,1.50,1.13
2011.09.15 10:37:21.732,1.02785,1.02796,1.50,1.13
2011.09.15 10:37:21.860,1.02787,1.02798,1.50,1.50
2011.09.15 10:37:22.462,1.02788,1.02798,3.00,1.50
2011.09.15 10:37:24.369,1.02788,1.02802,3.91,3.75
2011.09.15 10:37:24.501,1.02788,1.02802,3.91,3.75
2011.09.15 10:37:24.626,1.02788,1.02802,3.91,3.75
2011.09.15 10:37:25.215,1.02788,1.02802,3.00,4.50
2011.09.15 10:37:29.306,1.02788,1.02802,3.75,4.13
2011.09.15 10:37:30.757,1.02788,1.02802,3.75,2.25
2011.09.15 10:37:31.469,1.02788,1.02802,4.13,3.00
2011.09.15 10:37:31.722,1.02788,1.02802,4.50,2.25
2011.09.15 10:37:31.847,1.02788,1.02802,5.41,2.25
2011.09.15 10:37:32.212,1.02797,1.02806,1.88,2.18
2011.09.15 10:37:32.577,1.02802,1.02816,4.29,2.25
2011.09.15 10:37:32.697,1.02802,1.02816,3.75,2.25
2011.09.15 10:37:33.493,1.02802,1.02818,5.25,1.50
2011.09.15 10:37:33.633,1.02797,1.02802,1.66,1.35
2011.09.15 10:37:33.763,1.02792,1.02802,1.28,2.10
2011.09.15 10:37:33.893,1.02791,1.02802,1.65,2.18
2011.09.15 10:37:34.134,1.02788,1.02802,3.54,2.18
2011.09.15 10:37:34.822,1.02788,1.02801,3.00,2.40
2011.09.15 10:37:37.093,1.02788,1.02801,3.00,2.48
2011.09.15 10:37:38.761,1.02782,1.02794,3.75,1.65
2011.09.15 10:37:39.128,1.02783,1.02797,3.00,1.35
2011.09.15 10:37:39.786,1.02783,1.02797,3.75,1.73
2011.09.15 10:37:42.595,1.02779,1.02795,3.04,2.00
2011.09.15 10:37:44.456,1.02779,1.02794,3.04,1.28
2011.09.15 10:37:45.996,1.0278,1.02794,1.54,2.63
2011.09.15 10:37:48.636,1.02782,1.02795,1.50,1.50
2011.09.15 10:37:48.997,1.02788,1.02801,2.25,1.50
2011.09.15 10:37:49.237,1.02789,1.02803,2.25,1.50
2011.09.15 10:37:49.596,1.02793,1.02804,3.00,1.58
2011.09.15 10:37:49.961,1.02788,1.028,2.25,2.78
2011.09.15 10:37:50.208,1.02788,1.02801,2.25,2.63
2011.09.15 10:37:50.325,1.02788,1.02803,2.25,4.20
2011.09.15 10:37:50.796,1.02788,1.02803,2.25,2.70
2011.09.15 10:37:51.294,1.02788,1.02796,2.25,1.50
2011.09.15 10:37:51.658,1.02788,1.02794,2.25,1.50
2011.09.15 10:37:51.780,1.02788,1.02798,2.25,1.13
2011.09.15 10:37:51.915,1.02783,1.02797,2.63,3.45
2011.09.15 10:37:52.161,1.02783,1.02795,3.38,1.28
2011.09.15 10:37:52.407,1.0278,1.02794,1.54,2.25
2011.09.15 10:37:52.532,1.02782,1.02794,1.54,1.50
2011.09.15 10:37:52.899,1.02782,1.02796,3.79,1.28
2011.09.15 10:37:53.030,1.02785,1.02797,1.50,1.65
2011.09.15 10:37:53.449,1.02787,1.02797,3.00,1.65
2011.09.15 10:37:53.696,1.02787,1.02799,3.75,1.50
2011.09.15 10:37:54.295,1.02784,1.02798,1.17,1.50
2011.09.15 10:37:54.538,1.02784,1.02798,1.17,1.50
2011.09.15 10:37:56.205,1.02783,1.02797,2.25,1.58
2011.09.15 10:37:56.329,1.02787,1.02798,1.50,1.58
2011.09.15 10:37:56.700,1.02782,1.02798,4.92,2.25
2011.09.15 10:38:00.044,1.02782,1.02798,4.92,2.40
2011.09.15 10:38:00.604,1.02782,1.02798,4.54,2.40
2011.09.15 10:38:00.728,1.02787,1.02798,1.50,3.23
2011.09.15 10:38:01.086,1.02787,1.028,3.75,1.58
2011.09.15 10:38:02.359,1.02793,1.02805,3.00,3.08
2011.09.15 10:38:02.610,1.02789,1.02804,2.79,1.58
2011.09.15 10:38:02.741,1.02792,1.02806,3.00,3.75
2011.09.15 10:38:03.326,1.02792,1.02806,3.00,3.94
2011.09.15 10:38:06.369,1.02788,1.02803,1.54,1.58
2011.09.15 10:38:06.500,1.02788,1.02801,1.54,1.62
2011.09.15 10:38:06.747,1.02786,1.02801,1.54,1.62
2011.09.15 10:38:09.437,1.02788,1.02802,1.50,2.25
2011.09.15 10:38:10.035,1.02788,1.02803,2.25,2.25
2011.09.15 10:38:12.911,1.02802,1.0281,6.42,1.88
2011.09.15 10:38:13.518,1.02806,1.02821,1.50,2.25
2011.09.15 10:38:13.635,1.02807,1.02822,1.50,3.00
2011.09.15 10:38:13.998,1.02807,1.02823,7.32,1.50
2011.09.15 10:38:14.456,1.02807,1.02823,2.29,2.25
2011.09.15 10:38:15.422,1.02806,1.02821,2.29,1.35
2011.09.15 10:38:15.806,1.02821,1.02828,1.35,1.50
2011.09.15 10:38:16.052,1.02826,1.02835,2.25,1.88
2011.09.15 10:38:16.297,1.02826,1.0284,2.10,3.00
2011.09.15 10:38:16.898,1.02826,1.02841,1.54,2.37
2011.09.15 10:38:17.024,1.02833,1.02841,3.00,1.50
2011.09.15 10:38:17.389,1.02835,1.02845,3.00,1.58
2011.09.15 10:38:17.630,1.02839,1.02848,2.25,1.50
2011.09.15 10:38:18.835,1.02832,1.02847,3.75,1.73
2011.09.15 10:38:20.366,1.02832,1.02847,3.75,3.23
2011.09.15 10:38:20.845,1.02832,1.02847,3.75,3.83
2011.09.15 10:38:20.966,1.02832,1.02847,3.00,4.65
2011.09.15 10:38:21.572,1.02832,1.02847,3.00,4.65
2011.09.15 10:38:22.556,1.02832,1.02847,3.00,4.65
2011.09.15 10:38:23.463,1.02832,1.02847,3.00,4.58
2011.09.15 10:38:24.558,1.02832,1.02845,3.00,1.50
2011.09.15 10:38:25.155,1.02828,1.02843,6.04,3.00
2011.09.15 10:38:25.396,1.02828,1.02843,4.54,2.37
2011.09.15 10:38:25.642,1.02827,1.02841,1.50,3.38
2011.09.15 10:38:26.244,1.02826,1.02838,1.50,1.50
2011.09.15 10:38:28.467,1.02822,1.02835,3.79,1.88
2011.09.15 10:38:28.710,1.02818,1.02832,6.04,1.50
2011.09.15 10:38:28.838,1.02818,1.02832,5.29,1.58
2011.09.15 10:38:29.674,1.02818,1.0283,3.00,1.13
2011.09.15 10:38:30.376,1.02818,1.0283,2.25,2.33
2011.09.15 10:38:30.496,1.02814,1.0283,2.67,3.68
2011.09.15 10:38:31.099,1.02814,1.02822,1.50,1.43
2011.09.15 10:38:31.346,1.02807,1.02822,4.50,1.43
2011.09.15 10:38:31.935,1.02807,1.02822,4.50,2.93
2011.09.15 10:38:32.886,1.02807,1.02822,1.50,1.85
2011.09.15 10:38:33.247,1.02805,1.0282,1.54,1.62
2011.09.15 10:38:33.608,1.02803,1.02818,4.65,2.25
2011.09.15 10:38:34.086,1.02803,1.02817,3.75,3.08
2011.09.15 10:38:34.869,1.02803,1.02816,3.00,2.33
2011.09.15 10:38:35.237,1.02803,1.02815,1.50,3.00
2011.09.15 10:38:35.601,1.02803,1.02816,1.13,1.58
2011.09.15 10:38:37.666,1.02802,1.02814,2.25,1.50
2011.09.15 10:38:37.796,1.02798,1.02815,4.77,1.58
2011.09.15 10:38:38.161,1.02802,1.02817,4.50,1.65
2011.09.15 10:38:38.887,1.02803,1.02818,1.50,2.70
2011.09.15 10:38:39.498,1.02807,1.02822,3.75,2.48
2011.09.15 10:38:40.117,1.02807,1.02823,5.25,2.40
2011.09.15 10:38:40.236,1.02807,1.02823,5.29,2.33
2011.09.15 10:38:40.477,1.02813,1.02823,3.00,1.58
2011.09.15 10:38:41.076,1.02813,1.02825,3.00,2.40
2011.09.15 10:38:43.696,1.02809,1.02822,1.54,1.50
2011.09.15 10:38:44.344,1.02808,1.02822,1.50,1.50
2011.09.15 10:38:49.294,1.02808,1.02823,1.50,1.50
2011.09.15 10:38:50.574,1.02808,1.02824,1.50,2.25
2011.09.15 10:38:50.695,1.02813,1.02824,1.13,1.50
2011.09.15 10:38:50.818,1.02818,1.02827,3.00,1.67
2011.09.15 10:38:51.647,1.02812,1.02828,4.54,2.25
2011.09.15 10:38:52.093,1.02812,1.02828,4.54,3.00
2011.09.15 10:38:52.982,1.02812,1.02823,3.00,1.35
2011.09.15 10:38:53.106,1.02809,1.02823,1.50,2.85
2011.09.15 10:38:54.515,1.02807,1.02823,5.25,2.85
2011.09.15 10:38:56.573,1.02807,1.02821,5.25,1.50
2011.09.15 10:38:56.929,1.02802,1.02815,2.26,1.13
2011.09.15 10:38:57.290,1.02807,1.0282,3.75,1.35
2011.09.15 10:38:57.853,1.02807,1.0282,3.00,1.43
2011.09.15 10:38:59.965,1.02807,1.0282,3.00,1.58
2011.09.15 10:39:01.554,1.02807,1.0282,3.00,1.73
2011.09.15 10:39:02.166,1.02807,1.0282,3.00,1.65
2011.09.15 10:39:03.078,1.02807,1.02813,2.25,1.13
2011.09.15 10:39:03.200,1.02799,1.02813,1.32,2.25
2011.09.15 10:39:03.332,1.02797,1.02811,5.29,1.88
2011.09.15 10:39:03.576,1.02797,1.02813,5.29,2.70
2011.09.15 10:39:03.818,1.02803,1.02813,3.00,1.95
2011.09.15 10:39:04.056,1.02798,1.02812,3.00,1.50
2011.09.15 10:39:04.177,1.02798,1.02812,3.00,1.25
2011.09.15 10:39:04.542,1.02794,1.02809,1.54,1.50
2011.09.15 10:39:05.108,1.02793,1.02809,4.54,3.75
2011.09.15 10:39:05.483,1.02803,1.02811,1.73,1.50
2011.09.15 10:39:05.608,1.02807,1.02816,3.00,1.62
2011.09.15 10:39:05.725,1.02807,1.02817,3.00,1.50
2011.09.15 10:39:07.032,1.02804,1.02817,1.58,2.25
2011.09.15 10:39:07.662,1.02803,1.02819,3.60,1.50
2011.09.15 10:39:07.797,1.02806,1.02819,3.00,1.50
2011.09.15 10:39:07.923,1.02806,1.02817,2.25,1.50
2011.09.15 10:39:08.049,1.02802,1.02817,3.57,1.50
2011.09.15 10:39:08.297,1.02802,1.02817,1.54,3.00
2011.09.15 10:39:08.659,1.028,1.02813,3.79,1.50
2011.09.15 10:39:13.469,1.02801,1.02815,1.62,1.50
2011.09.15 10:39:13.611,1.02806,1.02818,1.50,2.25
2011.09.15 10:39:14.449,1.02807,1.0282,1.50,1.50
2011.09.15 10:39:18.395,1.02809,1.0282,1.13,2.10
2011.09.15 10:39:18.761,1.02815,1.02826,3.00,3.00
2011.09.15 10:39:18.887,1.02813,1.02826,1.50,1.50
2011.09.15 10:39:19.490,1.02811,1.02826,3.00,2.85
2011.09.15 10:39:19.742,1.02813,1.02826,2.41,2.10
2011.09.15 10:39:19.991,1.02813,1.02826,1.50,5.97
2011.09.15 10:39:20.552,1.0281,1.02825,1.50,1.62
2011.09.15 10:39:20.676,1.02811,1.02824,3.00,2.25
2011.09.15 10:39:21.269,1.02811,1.02826,3.00,4.35
2011.09.15 10:39:21.866,1.02813,1.02826,1.50,2.10
2011.09.15 10:39:22.108,1.02812,1.02825,1.50,1.50
2011.09.15 10:39:22.568,1.02815,1.02825,3.00,1.50
2011.09.15 10:39:22.684,1.02815,1.02829,3.00,1.50
2011.09.15 10:39:24.887,1.02816,1.0283,1.50,3.60
2011.09.15 10:39:26.616,1.02816,1.0283,1.50,4.35
2011.09.15 10:39:28.767,1.02815,1.02827,3.00,1.35
2011.09.15 10:39:28.886,1.02813,1.02828,1.17,3.60
2011.09.15 10:39:29.009,1.02812,1.02823,1.17,2.85
2011.09.15 10:39:29.140,1.0281,1.02823,1.50,2.85
2011.09.15 10:39:29.266,1.02808,1.02823,1.54,4.35
2011.09.15 10:39:29.736,1.02809,1.02823,1.54,2.85
2011.09.15 10:39:29.857,1.02811,1.02825,1.50,4.88
2011.09.15 10:39:30.220,1.02811,1.02823,3.75,1.35
2011.09.15 10:39:30.350,1.02808,1.02823,1.54,2.97
2011.09.15 10:39:30.967,1.02808,1.02823,2.29,2.97
2011.09.15 10:39:31.095,1.0281,1.02825,3.75,3.38
2011.09.15 10:39:31.220,1.02809,1.02822,1.54,1.35
2011.09.15 10:39:31.825,1.02808,1.02822,3.04,1.35
2011.09.15 10:39:32.418,1.02809,1.02822,1.54,1.35
2011.09.15 10:39:32.542,1.02811,1.02825,1.50,2.75
2011.09.15 10:39:32.667,1.02812,1.02825,5.25,2.63
2011.09.15 10:39:32.789,1.02815,1.02828,3.75,1.50
2011.09.15 10:39:32.916,1.02815,1.02828,3.75,1.50
2011.09.15 10:39:33.394,1.02816,1.0283,1.50,1.35
2011.09.15 10:39:34.415,1.02817,1.0283,1.54,1.35
2011.09.15 10:39:35.169,1.02816,1.0283,2.29,1.35
2011.09.15 10:39:35.311,1.02815,1.02823,1.32,1.35
2011.09.15 10:39:35.560,1.02812,1.02824,1.29,2.25
2011.09.15 10:39:35.807,1.02811,1.02825,1.50,1.13
2011.09.15 10:39:36.739,1.02815,1.02825,1.50,1.13
2011.09.15 10:39:37.108,1.02816,1.02829,3.00,2.85
2011.09.15 10:39:46.497,1.0282,1.02832,1.50,2.85
2011.09.15 10:39:49.156,1.02821,1.02832,2.25,2.85
2011.09.15 10:39:49.278,1.02818,1.02831,1.54,2.85
2011.09.15 10:39:51.385,1.02818,1.02831,2.29,1.50
2011.09.15 10:39:51.510,1.02823,1.02836,2.25,5.75
2011.09.15 10:39:51.879,1.02826,1.02832,2.25,2.10
2011.09.15 10:39:51.995,1.02822,1.02832,1.50,2.10
2011.09.15 10:39:55.006,1.02816,1.02826,3.00,2.10
2011.09.15 10:39:58.545,1.02812,1.02826,1.54,3.60
2011.09.15 10:39:58.666,1.02811,1.02826,1.54,5.85
2011.09.15 10:39:58.788,1.0281,1.02824,3.00,2.25
2011.09.15 10:39:58.909,1.02807,1.02819,2.07,1.50
2011.09.15 10:39:59.276,1.02803,1.02817,2.29,3.60
2011.09.15 10:40:00.461,1.02803,1.02817,2.25,3.60
2011.09.15 10:40:01.924,1.02804,1.02817,1.50,1.50
2011.09.15 10:40:02.287,1.02805,1.0282,4.54,3.00
2011.09.15 10:40:03.676,1.02805,1.02819,3.79,1.50
2011.09.15 10:40:04.270,1.02805,1.02817,3.04,2.85
2011.09.15 10:40:04.400,1.02802,1.02815,1.50,1.13
2011.09.15 10:40:05.091,1.02798,1.0281,1.54,2.10
2011.09.15 10:40:05.934,1.02798,1.02812,1.17,1.88
2011.09.15 10:40:06.297,1.02797,1.02811,3.04,2.10
2011.09.15 10:40:06.418,1.02799,1.02811,2.29,2.10
2011.09.15 10:40:06.539,1.02801,1.02815,3.00,2.25
2011.09.15 10:40:06.789,1.02802,1.02815,2.25,1.88
2011.09.15 10:40:07.280,1.02802,1.02815,3.00,1.88
2011.09.15 10:40:10.263,1.02802,1.02817,3.04,2.10
2011.09.15 10:40:14.188,1.02801,1.02815,4.54,1.62
2011.09.15 10:40:14.547,1.02799,1.02811,1.36,2.10
2011.09.15 10:40:15.127,1.02798,1.02811,1.13,2.10
2011.09.15 10:40:15.752,1.02797,1.02811,2.07,2.10
2011.09.15 10:40:16.286,1.02797,1.02811,1.92,2.10
2011.09.15 10:40:16.990,1.02797,1.02811,2.15,2.10
2011.09.15 10:40:17.622,1.02797,1.02811,1.62,2.48
2011.09.15 10:40:17.978,1.02797,1.02808,1.50,1.13
2011.09.15 10:40:18.337,1.02791,1.02805,1.92,1.50
2011.09.15 10:40:18.459,1.0279,1.02801,3.54,2.10
2011.09.15 10:40:19.064,1.02787,1.02801,3.04,2.10
2011.09.15 10:40:19.418,1.02787,1.02801,2.29,2.10
2011.09.15 10:40:20.237,1.02787,1.02801,2.29,2.10
2011.09.15 10:40:21.099,1.02786,1.028,1.50,2.85
2011.09.15 10:40:22.038,1.02787,1.028,1.50,5.85
2011.09.15 10:40:27.897,1.02785,1.028,4.50,4.35
2011.09.15 10:40:32.230,1.02785,1.02798,2.25,2.25
2011.09.15 10:40:32.645,1.02781,1.02798,3.19,2.25
2011.09.15 10:40:33.249,1.02782,1.02796,1.69,2.10
2011.09.15 10:40:36.308,1.02782,1.02796,1.50,2.10
2011.09.15 10:40:37.009,1.02782,1.02796,1.50,2.10
2011.09.15 10:40:37.833,1.02783,1.02796,1.50,2.10
2011.09.15 10:40:38.393,1.02782,1.02796,2.79,2.10
2011.09.15 10:40:40.415,1.02782,1.02796,2.25,2.18
2011.09.15 10:40:40.537,1.02782,1.02796,2.25,2.10
2011.09.15 10:40:49.992,1.02783,1.02796,1.50,2.10
2011.09.15 10:40:58.838,1.02783,1.02797,1.50,2.85
2011.09.15 10:41:01.995,1.02782,1.02792,1.50,2.10
2011.09.15 10:41:02.595,1.02782,1.02796,1.50,5.97
2011.09.15 10:41:02.633,1.02783,1.02795,1.50,1.88
2011.09.15 10:41:03.237,1.02783,1.02796,2.25,2.10
2011.09.15 10:41:04.074,1.02783,1.02796,2.25,2.18
2011.09.15 10:41:04.669,1.02783,1.02796,2.25,2.10
2011.09.15 10:41:28.666,1.02783,1.02798,1.50,4.13
2011.09.15 10:41:29.034,1.02787,1.02799,2.04,1.50
2011.09.15 10:41:29.278,1.0279,1.02803,3.00,1.50
2011.09.15 10:41:29.877,1.0279,1.02805,4.50,3.38
2011.09.15 10:41:30.416,1.02792,1.02808,3.04,6.23
2011.09.15 10:41:38.473,1.02795,1.0281,3.79,2.93
2011.09.15 10:41:38.999,1.02793,1.02808,2.04,3.68
2011.09.15 10:41:39.375,1.02791,1.02806,3.75,2.33
2011.09.15 10:41:41.169,1.02791,1.02804,3.00,1.62
2011.09.15 10:41:41.527,1.02787,1.02796,1.50,3.12
2011.09.15 10:41:42.275,1.02786,1.02798,3.00,1.50
2011.09.15 10:41:42.405,1.02787,1.02801,2.25,1.50
2011.09.15 10:41:42.760,1.0279,1.02801,3.75,1.50
2011.09.15 10:41:43.025,1.02793,1.02807,1.54,2.18
2011.09.15 10:41:43.156,1.02795,1.02807,1.88,1.35
2011.09.15 10:41:43.531,1.02807,1.02817,1.50,1.50
2011.09.15 10:41:43.783,1.02808,1.0282,1.50,1.35
2011.09.15 10:41:44.150,1.02808,1.02821,1.50,1.35
2011.09.15 10:41:46.048,1.0281,1.02822,2.25,3.75
2011.09.15 10:41:46.287,1.02811,1.02826,3.00,2.25
2011.09.15 10:41:46.888,1.02811,1.02827,3.04,3.98
2011.09.15 10:41:47.475,1.02812,1.02827,1.54,1.73
2011.09.15 10:41:49.458,1.02812,1.02827,1.54,2.60
2011.09.15 10:41:49.816,1.02811,1.02826,3.04,2.25
2011.09.15 10:41:50.759,1.02809,1.02823,1.54,2.10
2011.09.15 10:41:51.007,1.02807,1.02822,1.50,2.10
2011.09.15 10:41:51.467,1.02806,1.02821,2.29,2.25
2011.09.15 10:41:52.068,1.02803,1.02819,1.54,2.10
2011.09.15 10:41:53.706,1.02807,1.0282,1.50,2.25
2011.09.15 10:41:54.304,1.02806,1.02821,3.00,1.50
2011.09.15 10:41:55.673,1.02813,1.02821,2.10,1.50
2011.09.15 10:41:56.043,1.02816,1.02822,1.13,1.50
2011.09.15 10:41:56.174,1.02817,1.02827,1.54,1.50
2011.09.15 10:41:56.673,1.02817,1.02833,3.04,1.58
2011.09.15 10:41:58.066,1.02817,1.02833,3.04,1.50
2011.09.15 10:41:59.756,1.02817,1.02833,2.29,2.25
2011.09.15 10:41:59.893,1.02827,1.0284,1.50,2.25
2011.09.15 10:42:00.020,1.02827,1.02842,1.50,3.00
2011.09.15 10:42:00.510,1.02829,1.02843,1.50,1.50
2011.09.15 10:42:00.876,1.02831,1.02841,3.00,1.50
2011.09.15 10:42:01.477,1.02831,1.02844,3.00,3.15
2011.09.15 10:42:03.296,1.02831,1.02844,3.00,2.33
2011.09.15 10:42:03.635,1.02831,1.02844,3.00,1.65
2011.09.15 10:42:03.866,1.02831,1.02844,3.04,1.50
2011.09.15 10:42:04.455,1.02831,1.02847,3.79,4.50
2011.09.15 10:42:05.716,1.02835,1.02847,2.25,1.50
2011.09.15 10:42:05.838,1.02836,1.0285,1.50,5.85
2011.09.15 10:42:06.267,1.02835,1.02848,1.50,1.50
2011.09.15 10:42:06.394,1.02832,1.02847,2.29,1.50
2011.09.15 10:42:06.989,1.02832,1.02847,1.54,3.75
2011.09.15 10:42:07.597,1.0283,1.02847,5.29,6.00
2011.09.15 10:42:07.716,1.02833,1.02847,1.35,3.00
2011.09.15 10:42:08.078,1.02835,1.02847,2.25,4.50
2011.09.15 10:42:08.559,1.02833,1.02847,1.13,2.25
2011.09.15 10:42:08.797,1.02833,1.02847,1.13,3.75
2011.09.15 10:42:10.411,1.02831,1.02847,1.54,3.00
2011.09.15 10:42:10.897,1.02831,1.02845,1.54,1.50
2011.09.15 10:42:11.258,1.02829,1.02843,1.50,1.50
2011.09.15 10:42:11.618,1.0283,1.02843,1.50,1.50
2011.09.15 10:42:13.800,1.02835,1.02844,1.50,2.25
2011.09.15 10:42:13.927,1.02835,1.02847,3.00,2.25
2011.09.15 10:42:14.166,1.02831,1.02846,1.32,1.50
2011.09.15 10:42:16.928,1.0283,1.02844,3.75,1.35
2011.09.15 10:42:17.289,1.02827,1.02839,2.45,4.50
2011.09.15 10:42:17.417,1.02827,1.02839,1.29,3.75
2011.09.15 10:42:18.069,1.02826,1.02839,2.10,3.00
2011.09.15 10:42:18.197,1.02828,1.02842,1.50,3.00
2011.09.15 10:42:18.425,1.02829,1.02842,1.50,2.25
2011.09.15 10:42:19.025,1.02829,1.02843,1.50,2.25
2011.09.15 10:42:19.266,1.02827,1.02842,1.54,1.50
2011.09.15 10:42:21.952,1.02826,1.02839,1.39,1.50
2011.09.15 10:42:22.317,1.02828,1.02842,1.50,3.00
2011.09.15 10:42:22.437,1.02827,1.0284,1.50,1.62
2011.09.15 10:42:22.559,1.02825,1.02839,2.29,3.00
2011.09.15 10:42:23.630,1.02823,1.02837,1.50,2.25
2011.09.15 10:42:24.895,1.02823,1.02839,1.54,6.00
2011.09.15 10:42:25.475,1.02825,1.02839,1.50,4.50
2011.09.15 10:42:26.233,1.02827,1.02839,1.50,2.25
2011.09.15 10:42:26.479,1.02828,1.02843,1.50,3.75
2011.09.15 10:42:27.501,1.02829,1.02843,3.00,1.50
2011.09.15 10:42:28.106,1.02829,1.02844,4.54,2.25
2011.09.15 10:42:30.568,1.02832,1.02846,1.50,1.50
2011.09.15 10:42:31.092,1.0283,1.02846,2.25,2.25
2011.09.15 10:42:31.916,1.0283,1.02843,1.50,1.50
2011.09.15 10:42:32.038,1.02828,1.02842,3.00,2.25
2011.09.15 10:42:33.295,1.02828,1.02842,3.00,1.50
2011.09.15 10:42:33.433,1.0283,1.02839,2.25,1.50
2011.09.15 10:42:41.803,1.0283,1.02839,2.25,1.50
2011.09.15 10:42:42.174,1.02832,1.02844,1.50,1.13
2011.09.15 10:42:42.300,1.02832,1.02846,1.50,1.50
2011.09.15 10:42:48.875,1.02831,1.02845,3.00,1.50
2011.09.15 10:42:51.927,1.02832,1.02846,2.25,1.50
2011.09.15 10:42:53.878,1.02833,1.02846,1.50,1.50
2011.09.15 10:42:54.235,1.02835,1.02849,2.25,1.50
2011.09.15 10:42:59.056,1.02837,1.02851,1.50,3.00
2011.09.15 10:43:00.356,1.02837,1.02852,1.54,2.25
2011.09.15 10:43:03.154,1.02837,1.02852,2.29,1.50
2011.09.15 10:43:03.735,1.02837,1.02852,2.97,2.25
2011.09.15 10:43:03.977,1.02837,1.02851,1.54,1.50
2011.09.15 10:43:10.987,1.02837,1.02851,1.62,1.50
2011.09.15 10:43:11.103,1.02837,1.02851,1.54,1.50
2011.09.15 10:43:13.269,1.02838,1.02852,1.92,1.50
2011.09.15 10:43:13.629,1.02843,1.02855,1.50,1.50
2011.09.15 10:43:13.751,1.02842,1.02856,1.50,3.00
2011.09.15 10:43:14.228,1.02843,1.02857,2.25,2.25
2011.09.15 10:43:15.468,1.02843,1.02857,3.38,1.50
2011.09.15 10:43:15.711,1.02845,1.0286,4.50,1.50
2011.09.15 10:43:16.293,1.02847,1.02862,1.50,3.00
2011.09.15 10:43:17.248,1.02847,1.02861,1.50,1.50
2011.09.15 10:43:19.544,1.02847,1.02862,2.29,2.25
2011.09.15 10:43:20.144,1.02848,1.02861,1.54,1.50
2011.09.15 10:43:20.749,1.02848,1.02862,1.54,1.50
2011.09.15 10:43:29.906,1.02848,1.02862,1.62,1.50
2011.09.15 10:43:30.270,1.02852,1.02863,1.29,1.50
2011.09.15 10:43:30.524,1.02854,1.02867,1.50,3.00
2011.09.15 10:43:30.659,1.02856,1.02869,1.50,3.00
2011.09.15 10:43:30.914,1.02859,1.02872,1.29,2.25
2011.09.15 10:43:31.762,1.02858,1.02872,3.16,1.50
2011.09.15 10:43:32.263,1.02858,1.02872,3.16,2.25
2011.09.15 10:43:33.330,1.02857,1.02872,1.88,3.00
2011.09.15 10:43:33.916,1.02858,1.02872,2.25,1.50
2011.09.15 10:43:34.278,1.02861,1.02875,2.25,1.50
2011.09.15 10:43:34.895,1.02863,1.02878,1.54,1.13
2011.09.15 10:43:41.523,1.02863,1.02878,1.62,1.50
2011.09.15 10:43:42.565,1.02863,1.02878,1.69,1.50
2011.09.15 10:43:44.336,1.02863,1.02878,1.69,1.50
2011.09.15 10:43:44.575,1.02863,1.02878,2.60,1.50
2011.09.15 10:43:44.938,1.02863,1.02878,1.69,1.50
2011.09.15 10:43:45.054,1.02863,1.02878,1.69,1.50
2011.09.15 10:43:45.857,1.02868,1.0288,1.58,1.50
2011.09.15 10:43:45.984,1.02869,1.0288,1.50,1.50
2011.09.15 10:43:46.115,1.0287,1.02883,4.50,1.13
2011.09.15 10:43:49.748,1.02875,1.02887,1.50,2.63
2011.09.15 10:43:50.114,1.02875,1.02883,2.25,1.50
2011.09.15 10:43:50.238,1.0287,1.02882,5.45,1.50
2011.09.15 10:43:50.480,1.02868,1.02882,1.92,1.50
2011.09.15 10:43:50.607,1.02868,1.02882,1.39,1.50
2011.09.15 10:43:50.955,1.02867,1.02881,2.29,1.50
2011.09.15 10:43:51.318,1.02865,1.02879,1.54,2.25
2011.09.15 10:43:53.618,1.02868,1.0288,1.13,3.00
2011.09.15 10:43:53.862,1.02871,1.02882,3.00,1.13
2011.09.15 10:43:54.455,1.02871,1.02881,3.00,1.50
2011.09.15 10:43:56.725,1.02871,1.02883,3.00,1.13
2011.09.15 10:43:57.776,1.02871,1.02882,2.25,1.50
2011.09.15 10:43:57.899,1.02871,1.02881,2.25,1.50
2011.09.15 10:43:58.030,1.02866,1.02879,3.79,2.63
2011.09.15 10:43:58.161,1.02866,1.02878,3.04,2.25
2011.09.15 10:43:58.290,1.02866,1.02877,2.25,2.10
2011.09.15 10:43:58.417,1.02862,1.02875,3.38,1.88
2011.09.15 10:43:58.776,1.0286,1.02873,3.38,1.50
2011.09.15 10:43:59.317,1.02862,1.02874,1.54,1.50
2011.09.15 10:43:59.442,1.02862,1.02876,1.54,1.50
2011.09.15 10:43:59.567,1.02863,1.02878,1.50,1.50
2011.09.15 10:44:00.051,1.02866,1.02879,3.00,2.25
2011.09.15 10:44:00.539,1.02869,1.02883,2.25,2.25
2011.09.15 10:44:00.659,1.0287,1.02882,2.25,2.25
2011.09.15 10:44:00.789,1.02866,1.02882,3.57,2.25
2011.09.15 10:44:01.027,1.0287,1.02882,3.75,1.50
2011.09.15 10:44:01.840,1.02872,1.02884,1.50,1.50
2011.09.15 10:44:02.781,1.02872,1.02886,1.50,1.50
2011.09.15 10:44:04.577,1.02873,1.02887,1.66,3.00
2011.09.15 10:44:05.561,1.02876,1.02887,1.66,1.50
2011.09.15 10:44:06.058,1.02877,1.02888,1.13,1.50
2011.09.15 10:44:08.141,1.02877,1.02888,1.66,1.50
2011.09.15 10:44:08.869,1.02877,1.02889,2.41,2.25
2011.09.15 10:44:09.469,1.02877,1.02889,2.41,2.25
2011.09.15 10:44:10.049,1.02877,1.02889,2.41,2.25
2011.09.15 10:44:10.406,1.02877,1.02889,2.41,2.25
2011.09.15 10:44:11.159,1.02878,1.02892,1.74,2.25
2011.09.15 10:44:11.284,1.02879,1.02892,1.66,1.50
2011.09.15 10:44:11.855,1.02879,1.02892,1.66,1.50
2011.09.15 10:44:12.306,1.02878,1.02891,1.81,1.50
2011.09.15 10:44:14.963,1.02878,1.02891,1.36,1.50
2011.09.15 10:44:16.477,1.02877,1.02891,1.92,2.10
2011.09.15 10:44:18.386,1.02877,1.02891,1.32,2.85
2011.09.15 10:44:18.859,1.02873,1.02887,3.27,1.50
2011.09.15 10:44:19.446,1.02873,1.02887,1.54,1.50
2011.09.15 10:44:20.607,1.02874,1.02887,1.54,1.50
2011.09.15 10:44:21.466,1.02874,1.02887,1.54,1.50
2011.09.15 10:44:21.596,1.02874,1.02884,1.54,1.13
2011.09.15 10:44:21.839,1.02871,1.02882,1.17,1.13
2011.09.15 10:44:21.970,1.02874,1.02885,1.50,2.25
2011.09.15 10:44:22.218,1.02876,1.02886,2.25,1.50
2011.09.15 10:44:22.338,1.02872,1.02886,1.54,1.50
2011.09.15 10:44:22.697,1.02871,1.02885,1.54,1.50
2011.09.15 10:44:24.220,1.0287,1.02883,3.42,1.50
2011.09.15 10:44:25.018,1.02871,1.02885,3.04,1.50
2011.09.15 10:44:26.048,1.02869,1.02883,1.54,1.50
2011.09.15 10:44:26.847,1.02869,1.02884,1.54,1.50
2011.09.15 10:44:27.210,1.02872,1.02885,1.50,3.00
2011.09.15 10:44:27.819,1.02872,1.02887,1.50,3.75
2011.09.15 10:44:34.046,1.02871,1.02884,3.04,1.50
2011.09.15 10:44:39.188,1.02871,1.02885,3.04,1.50
2011.09.15 10:44:41.419,1.02871,1.02885,3.04,2.25
2011.09.15 10:44:42.206,1.02868,1.02882,1.92,1.50
2011.09.15 10:44:42.328,1.02868,1.02882,1.54,2.25
2011.09.15 10:44:42.452,1.02866,1.02879,2.67,1.50
2011.09.15 10:44:42.581,1.02866,1.02878,1.29,1.50
2011.09.15 10:44:43.083,1.02864,1.02876,1.29,1.50
2011.09.15 10:44:43.213,1.02863,1.02875,1.13,1.50
2011.09.15 10:44:45.579,1.02857,1.02872,1.50,1.50
2011.09.15 10:44:45.820,1.02859,1.02872,3.00,2.25
2011.09.15 10:44:45.949,1.02859,1.02873,2.25,3.00
2011.09.15 10:44:46.498,1.02858,1.02873,2.10,3.00
2011.09.15 10:44:46.629,1.02855,1.02868,3.00,1.13
2011.09.15 10:44:46.988,1.0285,1.02863,2.07,1.50
2011.09.15 10:44:47.349,1.02852,1.02866,1.50,2.25
2011.09.15 10:44:48.417,1.0285,1.02856,2.25,1.62
2011.09.15 10:44:48.989,1.02846,1.02854,2.07,3.00
2011.09.15 10:44:49.133,1.02842,1.02856,1.50,1.50
2011.09.15 10:44:49.736,1.02838,1.02856,1.50,2.25
2011.09.15 10:44:51.256,1.02842,1.02856,2.48,1.50
2011.09.15 10:44:51.906,1.02847,1.02859,2.10,1.50
2011.09.15 10:44:52.036,1.02847,1.02861,1.50,1.50
2011.09.15 10:44:52.400,1.02847,1.02859,1.50,2.25
2011.09.15 10:44:52.768,1.0285,1.02862,3.00,2.25
2011.09.15 10:44:52.889,1.0285,1.02862,3.75,2.25
2011.09.15 10:44:53.927,1.02854,1.02863,1.50,1.50
2011.09.15 10:44:55.371,1.02854,1.02861,2.25,1.35
2011.09.15 10:44:55.513,1.02852,1.02866,6.38,2.18
2011.09.15 10:44:55.646,1.02852,1.02866,3.75,3.60
2011.09.15 10:44:56.245,1.02852,1.02866,5.25,2.25
2011.09.15 10:44:56.605,1.02855,1.02869,2.25,1.50
2011.09.15 10:44:57.187,1.02855,1.02867,1.50,2.85
2011.09.15 10:44:57.308,1.02854,1.02866,2.25,1.35
2011.09.15 10:44:57.430,1.02851,1.02862,2.07,1.13
2011.09.15 10:44:57.567,1.02849,1.02858,1.29,1.35
2011.09.15 10:44:57.813,1.02845,1.02858,1.54,3.98
2011.09.15 10:44:58.331,1.02843,1.02857,2.07,3.60
2011.09.15 10:44:58.463,1.02841,1.02857,1.92,4.35
2011.09.15 10:44:59.050,1.02843,1.02857,2.63,2.25
2011.09.15 10:44:59.420,1.02842,1.02856,1.88,2.85
2011.09.15 10:45:00.273,1.02845,1.02857,1.50,1.50
2011.09.15 10:45:00.520,1.02844,1.02856,2.25,2.85
2011.09.15 10:45:01.317,1.02841,1.02855,1.70,2.25
2011.09.15 10:45:01.447,1.02841,1.02855,1.54,2.25
2011.09.15 10:45:01.809,1.02844,1.02855,3.00,1.50
2011.09.15 10:45:02.395,1.02841,1.02854,1.54,2.25
2011.09.15 10:45:02.640,1.02845,1.02857,1.50,2.25
2011.09.15 10:45:02.766,1.02844,1.02856,2.25,3.60
2011.09.15 10:45:03.125,1.02841,1.02854,1.17,1.50
2011.09.15 10:45:03.707,1.02844,1.02855,1.50,2.25
2011.09.15 10:45:03.949,1.02844,1.02857,2.25,3.00
2011.09.15 10:45:04.727,1.02851,1.02861,1.50,1.50
2011.09.15 10:45:04.857,1.02853,1.02867,1.54,2.25
2011.09.15 10:45:04.977,1.02853,1.02867,1.54,2.10
2011.09.15 10:45:05.579,1.02852,1.02866,2.29,2.10
2011.09.15 10:45:06.058,1.0285,1.02866,3.04,4.35
2011.09.15 10:45:06.307,1.02852,1.02865,1.13,2.25
2011.09.15 10:45:06.430,1.02854,1.02868,1.50,2.25
2011.09.15 10:45:07.444,1.02855,1.02868,2.85,3.90
2011.09.15 10:45:07.568,1.02852,1.02866,1.13,1.50
2011.09.15 10:45:07.926,1.02851,1.02864,1.13,1.50
2011.09.15 10:45:09.927,1.02851,1.02864,1.13,2.25
2011.09.15 10:45:10.408,1.02852,1.02864,3.38,1.50
2011.09.15 10:45:11.164,1.02853,1.02864,1.13,2.25
2011.09.15 10:45:11.286,1.02854,1.02864,2.10,1.50
2011.09.15 10:45:11.745,1.02855,1.02868,3.00,2.40
2011.09.15 10:45:11.986,1.02855,1.02869,3.75,1.65
2011.09.15 10:45:12.587,1.02856,1.02871,2.25,2.25
2011.09.15 10:45:13.166,1.02856,1.02871,2.25,3.00
2011.09.15 10:45:13.867,1.02855,1.0287,3.75,3.00
2011.09.15 10:45:14.302,1.02855,1.02864,3.00,1.13
2011.09.15 10:45:14.410,1.02843,1.02857,2.63,3.23
2011.09.15 10:45:14.527,1.02843,1.02857,1.50,3.60
2011.09.15 10:45:15.456,1.02844,1.02857,1.50,3.38
2011.09.15 10:45:15.814,1.02845,1.02857,1.35,1.50
2011.09.15 10:45:15.938,1.02844,1.02857,2.85,3.00
2011.09.15 10:45:16.176,1.02842,1.02856,1.29,1.50
2011.09.15 10:45:16.296,1.02842,1.02856,1.29,1.50
2011.09.15 10:45:16.416,1.02841,1.02856,1.88,1.50
2011.09.15 10:45:16.766,1.02841,1.02854,1.13,1.50
2011.09.15 10:45:17.128,1.02845,1.02857,5.10,2.25
2011.09.15 10:45:17.660,1.02845,1.02858,5.85,1.50
2011.09.15 10:45:17.794,1.02847,1.02862,2.25,2.25
2011.09.15 10:45:19.896,1.02847,1.02863,2.67,2.25
2011.09.15 10:45:21.697,1.02847,1.02862,1.92,3.00
2011.09.15 10:45:21.817,1.02847,1.02861,1.54,1.50
2011.09.15 10:45:22.176,1.02843,1.02857,1.17,1.50
2011.09.15 10:45:23.437,1.02843,1.02857,1.92,2.25
2011.09.15 10:45:23.676,1.02847,1.02859,1.50,1.50
2011.09.15 10:45:24.752,1.02847,1.02862,1.50,1.50
2011.09.15 10:45:25.339,1.02847,1.02862,1.50,2.25
2011.09.15 10:45:25.914,1.02847,1.02861,1.50,3.00
2011.09.15 10:45:27.267,1.02847,1.02862,1.50,1.50
2011.09.15 10:45:27.854,1.02847,1.02861,1.54,1.50
2011.09.15 10:45:31.449,1.0285,1.02861,1.88,1.50
2011.09.15 10:45:31.574,1.02855,1.02865,1.35,1.50
2011.09.15 10:45:31.698,1.02855,1.02868,1.35,1.88
2011.09.15 10:45:31.942,1.02858,1.02872,2.14,1.50
2011.09.15 10:45:32.190,1.02858,1.02871,1.54,1.50
2011.09.15 10:45:32.808,1.02861,1.02874,1.50,1.50
2011.09.15 10:45:32.932,1.02861,1.02874,1.50,1.50
2011.09.15 10:45:33.767,1.02862,1.02876,1.50,1.50
2011.09.15 10:45:34.367,1.02862,1.02877,1.50,1.50
2011.09.15 10:45:40.388,1.02863,1.02878,2.37,1.50
2011.09.15 10:45:40.507,1.02862,1.02878,2.29,1.50
2011.09.15 10:45:41.105,1.02863,1.02878,1.54,1.50
2011.09.15 10:45:41.469,1.02888,1.02896,1.50,2.40
2011.09.15 10:45:41.587,1.0289,1.02905,1.50,1.62
2011.09.15 10:45:42.185,1.0289,1.02906,1.50,3.87
2011.09.15 10:45:43.151,1.02892,1.02906,2.10,3.12
2011.09.15 10:45:43.385,1.02899,1.02913,1.50,1.88
2011.09.15 10:45:43.963,1.02898,1.02913,1.54,1.88
2011.09.15 10:45:44.887,1.02899,1.02918,1.58,3.00
2011.09.15 10:45:45.014,1.02904,1.02915,2.10,1.50
2011.09.15 10:45:45.264,1.02906,1.02921,1.50,1.50
2011.09.15 10:45:45.508,1.02906,1.02921,1.54,3.72
2011.09.15 10:45:46.476,1.02903,1.02918,1.62,1.50
2011.09.15 10:45:46.957,1.02903,1.0292,1.62,1.50
2011.09.15 10:45:47.076,1.02903,1.0292,2.37,1.50
2011.09.15 10:45:47.656,1.02902,1.02919,3.79,1.50
2011.09.15 10:45:48.596,1.02902,1.02917,2.89,1.13
2011.09.15 10:45:48.721,1.02901,1.02916,2.82,1.88
2011.09.15 10:45:48.848,1.02901,1.02916,1.54,1.50
2011.09.15 10:45:49.327,1.029,1.02914,3.04,3.00
2011.09.15 10:45:52.348,1.02904,1.02916,1.50,3.00
2011.09.15 10:45:52.972,1.02902,1.02915,1.13,1.50
2011.09.15 10:45:53.107,1.02901,1.02914,3.54,1.50
2011.09.15 10:45:54.069,1.02901,1.0291,2.25,1.50
2011.09.15 10:45:54.311,1.02894,1.02908,2.64,2.25
2011.09.15 10:45:54.437,1.02893,1.02907,1.70,2.25
2011.09.15 10:45:54.557,1.02892,1.02907,2.82,2.25
2011.09.15 10:45:54.680,1.02892,1.02906,2.29,1.50
2011.09.15 10:45:55.292,1.02889,1.02903,1.50,1.50
2011.09.15 10:45:55.417,1.02889,1.02903,1.58,1.25
2011.09.15 10:45:56.339,1.02887,1.02899,2.29,3.00
2011.09.15 10:45:56.917,1.02886,1.02896,1.54,2.10
2011.09.15 10:45:57.165,1.02881,1.02893,2.04,1.50
2011.09.15 10:45:57.411,1.0288,1.02892,1.29,1.50
2011.09.15 10:45:57.538,1.02878,1.02892,3.04,2.25
2011.09.15 10:45:57.658,1.02878,1.02891,2.29,1.50
2011.09.15 10:45:57.784,1.02878,1.02894,2.29,1.50
2011.09.15 10:45:57.914,1.0288,1.02895,1.50,3.00
2011.09.15 10:45:58.515,1.02882,1.02895,1.50,2.25
2011.09.15 10:46:00.177,1.02882,1.02896,1.50,2.25
2011.09.15 10:46:00.774,1.02882,1.02897,1.54,1.50
2011.09.15 10:46:01.346,1.02882,1.02898,2.29,2.25
2011.09.15 10:46:01.587,1.02884,1.02898,1.50,1.50
2011.09.15 10:46:02.154,1.02885,1.02899,1.50,2.25
2011.09.15 10:46:02.824,1.02885,1.02899,1.50,2.25
2011.09.15 10:46:04.425,1.02892,1.02899,4.50,1.50
2011.09.15 10:46:04.964,1.02895,1.02902,1.50,2.25
2011.09.15 10:46:05.099,1.02896,1.02911,2.10,1.50
2011.09.15 10:46:06.355,1.02898,1.02912,1.50,3.00
2011.09.15 10:46:06.724,1.02903,1.02914,1.73,1.50
2011.09.15 10:46:06.849,1.02907,1.02918,1.50,1.50
2011.09.15 10:46:07.989,1.02905,1.02914,1.54,1.50
2011.09.15 10:46:08.228,1.02901,1.02912,1.66,1.50
2011.09.15 10:46:08.348,1.02898,1.02912,1.50,1.50
2011.09.15 10:46:09.722,1.02926,1.02932,1.54,1.35
2011.09.15 10:46:09.978,1.02916,1.02929,1.39,1.50
2011.09.15 10:46:10.218,1.02917,1.02928,1.12,1.50
2011.09.15 10:46:10.341,1.02912,1.02926,1.66,1.50
2011.09.15 10:46:10.469,1.02911,1.02926,1.17,2.25
2011.09.15 10:46:11.277,1.02912,1.02926,1.13,2.25
2011.09.15 10:46:11.987,1.0291,1.02923,3.75,1.50
2011.09.15 10:46:12.547,1.0291,1.02922,3.75,1.50
2011.09.15 10:46:13.416,1.029,1.02914,5.41,2.25
2011.09.15 10:46:13.781,1.02893,1.02907,2.40,1.50
2011.09.15 10:46:14.149,1.0289,1.02906,5.45,2.25
2011.09.15 10:46:14.510,1.0289,1.02904,4.13,1.50
2011.09.15 10:46:14.762,1.02887,1.02902,1.88,2.25
2011.09.15 10:46:22.376,1.02888,1.029,3.08,1.50
2011.09.15 10:46:22.744,1.02893,1.02906,1.24,2.10
2011.09.15 10:46:23.414,1.02888,1.02902,2.07,2.22
2011.09.15 10:46:24.041,1.02887,1.02902,1.50,2.97
2011.09.15 10:46:24.604,1.02887,1.029,1.50,1.50
2011.09.15 10:46:25.199,1.02885,1.02898,3.04,1.62
2011.09.15 10:46:25.320,1.02885,1.02898,2.29,3.12
2011.09.15 10:46:25.447,1.02883,1.02898,2.33,4.25
2011.09.15 10:46:25.691,1.02883,1.02899,2.25,5.00
2011.09.15 10:46:26.300,1.02885,1.02898,1.50,1.25
2011.09.15 10:46:27.034,1.02886,1.02894,1.50,2.75
2011.09.15 10:46:27.169,1.02888,1.02897,1.50,1.88
2011.09.15 10:46:27.533,1.02883,1.02897,1.54,1.62
2011.09.15 10:46:27.778,1.02881,1.02896,1.54,2.37
2011.09.15 10:46:28.139,1.02877,1.02888,1.29,1.25
2011.09.15 10:46:28.510,1.02873,1.02887,1.50,1.62
2011.09.15 10:46:28.760,1.02873,1.02887,2.10,1.62
2011.09.15 10:46:29.355,1.02874,1.02888,1.54,1.62
2011.09.15 10:46:29.838,1.02873,1.02887,2.29,1.62
2011.09.15 10:46:30.426,1.02873,1.02887,1.50,2.37
2011.09.15 10:46:32.147,1.02873,1.02887,1.50,1.62
2011.09.15 10:46:32.627,1.02875,1.02888,1.50,1.25
2011.09.15 10:46:33.812,1.02875,1.02888,1.50,1.25
2011.09.15 10:46:34.629,1.02875,1.02888,1.50,1.25
2011.09.15 10:46:34.756,1.02877,1.02889,1.50,1.13
2011.09.15 10:46:35.356,1.02878,1.02891,1.50,2.25
2011.09.15 10:46:36.179,1.02878,1.02889,1.50,1.62
2011.09.15 10:46:36.548,1.02879,1.02888,3.00,1.88
2011.09.15 10:46:36.791,1.02879,1.02888,3.00,1.50
2011.09.15 10:46:37.230,1.02877,1.02893,2.63,3.00
2011.09.15 10:46:37.356,1.02877,1.02893,2.25,3.75
2011.09.15 10:46:37.828,1.02877,1.02891,1.50,1.50
2011.09.15 10:46:38.777,1.02877,1.02891,1.58,1.50
2011.09.15 10:46:40.233,1.02877,1.02891,1.50,1.50
2011.09.15 10:46:41.289,1.02881,1.02891,1.50,1.50
2011.09.15 10:46:44.550,1.02876,1.0289,2.45,1.50
2011.09.15 10:46:45.039,1.02873,1.02887,1.50,1.50
2011.09.15 10:46:45.159,1.02873,1.02887,1.50,1.50
2011.09.15 10:46:45.775,1.02873,1.02885,1.50,1.50
2011.09.15 10:46:46.710,1.02873,1.02886,2.10,1.50
2011.09.15 10:46:46.839,1.02875,1.02888,1.50,1.50
2011.09.15 10:46:46.958,1.02875,1.02889,2.25,1.50
2011.09.15 10:46:47.318,1.02877,1.02891,1.50,2.25
2011.09.15 10:46:47.656,1.02877,1.02891,2.25,1.50
2011.09.15 10:46:48.249,1.02882,1.02891,1.50,1.50
2011.09.15 10:46:49.373,1.02884,1.02898,1.62,1.50
2011.09.15 10:46:49.956,1.02883,1.02897,2.74,1.50
2011.09.15 10:46:50.547,1.02884,1.02898,1.54,1.50
2011.09.15 10:46:51.026,1.02885,1.02898,1.17,1.50
2011.09.15 10:46:51.485,1.02885,1.02898,1.17,1.50
2011.09.15 10:46:53.815,1.02884,1.02898,1.54,1.50
2011.09.15 10:47:01.588,1.02886,1.02898,1.13,1.50
2011.09.15 10:47:01.831,1.0289,1.02903,1.20,2.63
2011.09.15 10:47:01.961,1.02897,1.02904,2.85,3.00
2011.09.15 10:47:02.332,1.029,1.0291,3.54,1.25
2011.09.15 10:47:03.160,1.029,1.02915,3.79,1.50
2011.09.15 10:47:03.296,1.02899,1.02909,1.54,1.50
2011.09.15 10:47:03.539,1.02898,1.02909,1.32,3.75
2011.09.15 10:47:04.493,1.02896,1.02906,1.54,1.50
2011.09.15 10:47:04.746,1.02892,1.02901,1.54,1.50
2011.09.15 10:47:05.364,1.02888,1.02902,2.67,1.50
2011.09.15 10:47:07.037,1.02889,1.02902,1.17,1.50
2011.09.15 10:47:07.400,1.02894,1.02907,1.13,2.63
2011.09.15 10:47:07.998,1.02893,1.02907,2.29,1.50
2011.09.15 10:47:08.827,1.02893,1.02909,3.42,3.75
2011.09.15 10:47:10.921,1.02894,1.02909,1.17,3.75
2011.09.15 10:47:11.539,1.02893,1.02907,2.67,1.50
2011.09.15 10:47:12.471,1.02894,1.02905,1.17,2.25
2011.09.15 10:47:13.200,1.02893,1.02908,1.54,1.50
2011.09.15 10:47:14.263,1.02894,1.02908,1.54,1.50
2011.09.15 10:47:14.895,1.02896,1.02909,1.17,1.13
2011.09.15 10:47:15.018,1.02897,1.02912,1.54,1.88
2011.09.15 10:47:15.137,1.02897,1.02911,1.54,1.50
2011.09.15 10:47:15.498,1.02896,1.02908,1.54,1.25
2011.09.15 10:47:15.619,1.02893,1.02907,2.90,1.85
2011.09.15 10:47:15.863,1.02893,1.02906,1.40,1.62
2011.09.15 10:47:15.991,1.02892,1.02907,3.57,1.73
2011.09.15 10:47:16.359,1.02895,1.02909,1.62,3.75
2011.09.15 10:47:17.050,1.02896,1.02909,1.54,3.00
2011.09.15 10:47:17.303,1.02898,1.02909,1.54,2.25
2011.09.15 10:47:17.429,1.02898,1.02912,1.92,1.13
2011.09.15 10:47:17.792,1.02898,1.0291,1.17,1.50
2011.09.15 10:47:19.239,1.02898,1.02909,1.54,2.25
2011.09.15 10:47:19.372,1.02899,1.02909,1.92,2.25
2011.09.15 10:47:19.508,1.02903,1.02916,1.50,1.62
2011.09.15 10:47:20.110,1.02903,1.02917,1.50,1.50
2011.09.15 10:47:20.722,1.02907,1.02919,1.50,2.25
2011.09.15 10:47:21.833,1.02932,1.02941,1.50,2.04
2011.09.15 10:47:21.958,1.02932,1.02945,1.50,5.26
2011.09.15 10:47:22.200,1.02933,1.02945,1.32,3.75
2011.09.15 10:47:22.808,1.02933,1.02946,1.54,2.63
2011.09.15 10:47:23.168,1.02932,1.02941,1.54,1.13
2011.09.15 10:47:23.623,1.02927,1.02941,1.32,1.88
2011.09.15 10:47:23.738,1.02926,1.02939,1.32,1.50
2011.09.15 10:47:24.103,1.02946,1.0296,1.62,7.92
2011.09.15 10:47:24.231,1.02948,1.02964,1.05,1.50
2011.09.15 10:47:24.362,1.02947,1.02952,1.77,2.25
2011.09.15 10:47:24.488,1.02948,1.02964,1.54,4.50
2011.09.15 10:47:25.429,1.02947,1.02963,2.74,1.88
2011.09.15 10:47:25.550,1.02946,1.02959,2.10,2.25
2011.09.15 10:47:25.796,1.02942,1.02957,1.54,3.23
2011.09.15 10:47:26.378,1.02942,1.02957,1.54,1.35
2011.09.15 10:47:26.737,1.02942,1.02958,2.59,2.25
2011.09.15 10:47:26.861,1.02942,1.02958,2.22,1.50
2011.09.15 10:47:27.110,1.02943,1.02958,1.24,1.50
2011.09.15 10:47:28.979,1.02943,1.02958,1.32,1.50
2011.09.15 10:47:29.361,1.02943,1.02958,1.92,1.50
2011.09.15 10:47:29.729,1.02943,1.02958,2.07,1.62
2011.09.15 10:47:29.972,1.02943,1.02957,2.07,3.12
2011.09.15 10:47:30.221,1.02943,1.02958,2.29,1.62
2011.09.15 10:47:30.353,1.02943,1.02956,2.29,1.50
2011.09.15 10:47:30.485,1.02943,1.02958,2.52,1.62
2011.09.15 10:47:31.354,1.02946,1.02958,1.50,1.50
2011.09.15 10:47:31.516,1.02946,1.02962,1.92,1.50
2011.09.15 10:47:31.879,1.02946,1.02959,1.54,2.25
2011.09.15 10:47:32.236,1.02945,1.02959,1.84,2.25
2011.09.15 10:47:38.287,1.02943,1.02957,1.92,2.10
2011.09.15 10:47:38.657,1.02943,1.02954,2.07,1.50
2011.09.15 10:47:42.558,1.02942,1.02954,1.24,1.50
2011.09.15 10:47:42.679,1.02941,1.02952,1.99,1.50
2011.09.15 10:47:42.800,1.02939,1.02948,2.41,1.50
2011.09.15 10:47:42.930,1.02934,1.02948,2.29,1.88
2011.09.15 10:47:43.178,1.02934,1.02945,2.07,2.10
2011.09.15 10:47:43.299,1.02932,1.02944,1.54,1.50
2011.09.15 10:47:43.419,1.02931,1.02942,1.32,1.13
2011.09.15 10:47:43.540,1.02928,1.0294,2.29,1.35
2011.09.15 10:47:44.273,1.02926,1.02938,1.54,3.00
2011.09.15 10:47:44.882,1.02924,1.02936,1.54,1.50
2011.09.15 10:47:45.819,1.02926,1.02938,1.92,2.63
2011.09.15 10:47:52.400,1.02926,1.02936,1.17,1.50
2011.09.15 10:47:52.649,1.02922,1.02936,1.92,2.00
2011.09.15 10:47:53.607,1.0292,1.02934,1.54,3.38
2011.09.15 10:47:55.306,1.0292,1.02933,2.67,2.63
2011.09.15 10:47:55.427,1.02922,1.02933,1.92,2.63
2011.09.15 10:47:56.589,1.02922,1.02933,1.50,3.38
2011.09.15 10:47:56.831,1.02919,1.02925,1.29,1.50
2011.09.15 10:47:56.958,1.02915,1.02924,2.18,1.50
2011.09.15 10:47:57.438,1.02913,1.02923,2.10,2.00
2011.09.15 10:47:57.944,1.02915,1.02923,2.10,1.50
2011.09.15 10:47:58.548,1.02913,1.02921,2.10,1.50
2011.09.15 10:48:00.105,1.02905,1.02921,3.04,3.50
2011.09.15 10:48:03.945,1.02907,1.02921,1.50,2.75
2011.09.15 10:48:04.071,1.02907,1.02922,2.25,3.00
2011.09.15 10:48:04.318,1.02907,1.02922,1.50,1.62
2011.09.15 10:48:07.129,1.02908,1.02921,1.50,4.88
2011.09.15 10:48:07.251,1.02908,1.02921,1.50,2.25
2011.09.15 10:48:07.378,1.02908,1.02921,1.50,2.25
2011.09.15 10:48:07.498,1.02907,1.02922,3.08,3.00
2011.09.15 10:48:07.622,1.02909,1.02923,1.54,1.13
2011.09.15 10:48:08.179,1.02913,1.02925,1.13,1.88
2011.09.15 10:48:08.564,1.02922,1.02935,2.33,1.13
2011.09.15 10:48:08.933,1.02927,1.02938,1.58,1.88
2011.09.15 10:48:09.060,1.02928,1.02942,1.69,1.50
2011.09.15 10:48:09.655,1.02928,1.02944,2.07,1.88
2011.09.15 10:48:10.261,1.0293,1.02944,1.54,1.88
2011.09.15 10:48:10.500,1.02932,1.02946,3.00,1.13
2011.09.15 10:48:10.747,1.02931,1.02944,1.54,1.50
2011.09.15 10:48:11.363,1.02932,1.02944,1.54,1.88
2011.09.15 10:48:11.969,1.02932,1.02945,2.29,2.63
2011.09.15 10:48:12.327,1.02933,1.02947,1.54,3.23
2011.09.15 10:48:12.916,1.02933,1.02947,2.29,3.98
2011.09.15 10:48:15.502,1.02933,1.02947,2.29,2.48
2011.09.15 10:48:16.547,1.02932,1.02946,3.04,1.13
2011.09.15 10:48:16.897,1.0293,1.02941,1.54,1.50
2011.09.15 10:48:17.017,1.02929,1.02941,1.17,3.75
2011.09.15 10:48:18.199,1.02927,1.02941,1.54,3.00
2011.09.15 10:48:18.439,1.02931,1.02942,1.54,1.35
2011.09.15 10:48:18.558,1.02931,1.02944,1.54,1.50
2011.09.15 10:48:18.917,1.02932,1.02947,1.50,3.00
2011.09.15 10:48:19.429,1.0293,1.02942,1.54,1.50
2011.09.15 10:48:20.025,1.02928,1.02941,1.54,1.50
2011.09.15 10:48:20.266,1.02927,1.02941,1.70,2.25
2011.09.15 10:48:21.940,1.02928,1.02942,2.29,1.50
2011.09.15 10:48:22.591,1.0293,1.02943,1.54,1.50
2011.09.15 10:48:27.192,1.0293,1.02945,2.74,1.88
2011.09.15 10:48:27.731,1.02933,1.02947,1.54,3.75
2011.09.15 10:48:28.098,1.02934,1.02949,1.54,2.10
2011.09.15 10:48:28.646,1.02933,1.02948,2.67,1.50
2011.09.15 10:48:28.886,1.02933,1.02947,2.29,1.73
2011.09.15 10:48:31.034,1.02933,1.02948,1.54,2.25
2011.09.15 10:48:31.399,1.02934,1.02949,1.17,1.50
2011.09.15 10:48:31.749,1.02933,1.02945,1.17,1.50
2011.09.15 10:48:32.109,1.02933,1.02946,1.17,3.98
2011.09.15 10:48:33.261,1.02932,1.02946,1.54,2.85
2011.09.15 10:48:33.871,1.02933,1.02947,1.92,1.88
2011.09.15 10:48:34.711,1.02932,1.02947,1.92,1.50
2011.09.15 10:48:35.195,1.02932,1.02947,1.92,3.23
2011.09.15 10:48:35.332,1.02934,1.02948,1.92,1.50
2011.09.15 10:48:36.423,1.02933,1.02948,1.17,1.50
2011.09.15 10:48:37.140,1.02932,1.02947,1.92,1.62
2011.09.15 10:48:38.758,1.02932,1.02947,1.92,4.25
2011.09.15 10:48:39.356,1.02932,1.02947,2.67,1.13
2011.09.15 10:48:40.126,1.02934,1.02948,3.04,1.88
2011.09.15 10:48:40.726,1.02934,1.02947,1.54,1.88
2011.09.15 10:48:44.791,1.02934,1.02947,1.54,1.88
2011.09.15 10:48:46.649,1.02934,1.02947,1.54,1.13
2011.09.15 10:48:48.308,1.02933,1.02947,2.29,1.50
2011.09.15 10:48:48.675,1.0293,1.02943,3.04,1.73
2011.09.15 10:48:49.040,1.0293,1.02943,1.54,2.25
2011.09.15 10:48:49.646,1.02932,1.02946,1.54,2.00
2011.09.15 10:48:50.165,1.02932,1.02946,1.54,1.50
2011.09.15 10:48:50.294,1.02933,1.02947,1.54,2.10
2011.09.15 10:48:51.465,1.02933,1.02945,2.29,1.88
2011.09.15 10:48:52.417,1.02933,1.02946,1.54,2.63
2011.09.15 10:48:52.542,1.02932,1.02944,1.17,1.50
2011.09.15 10:48:57.006,1.02931,1.02939,1.50,1.50
2011.09.15 10:48:57.128,1.02931,1.02943,1.50,1.50
2011.09.15 10:48:57.254,1.02928,1.02938,1.54,1.50
2011.09.15 10:48:57.621,1.0292,1.02935,2.29,1.13
2011.09.15 10:48:57.750,1.0292,1.02933,1.92,1.13
2011.09.15 10:48:57.883,1.02919,1.02931,2.29,2.75
2011.09.15 10:48:58.250,1.02917,1.02928,1.54,1.73
2011.09.15 10:48:58.388,1.02914,1.02927,2.25,1.13
2011.09.15 10:48:58.629,1.02913,1.02925,1.50,1.88
2011.09.15 10:48:59.191,1.02913,1.02926,1.54,1.62
2011.09.15 10:49:04.902,1.02912,1.02926,1.54,2.00
2011.09.15 10:49:05.374,1.02911,1.0292,1.54,1.13
2011.09.15 10:49:05.522,1.02905,1.02919,1.54,2.63
2011.09.15 10:49:06.131,1.02903,1.02916,2.29,2.97
2011.09.15 10:49:06.500,1.02902,1.02916,2.29,3.12
2011.09.15 10:49:06.867,1.02905,1.02918,1.54,1.13
2011.09.15 10:49:08.640,1.02908,1.02919,1.54,1.13
2011.09.15 10:49:09.005,1.02906,1.02916,1.54,2.25
2011.09.15 10:49:09.133,1.02905,1.0292,1.92,2.00
2011.09.15 10:49:14.261,1.02903,1.02917,2.67,3.38
2011.09.15 10:49:14.804,1.02895,1.02907,3.04,1.73
2011.09.15 10:49:14.935,1.02895,1.02905,3.00,1.50
2011.09.15 10:49:15.179,1.02896,1.02907,1.50,2.25
2011.09.15 10:49:15.300,1.02895,1.02907,1.50,3.00
2011.09.15 10:49:20.459,1.02894,1.02907,2.29,2.10
2011.09.15 10:49:32.668,1.02893,1.02906,1.69,2.37
2011.09.15 10:49:32.910,1.02895,1.02906,1.54,2.25
2011.09.15 10:49:33.517,1.02896,1.02911,1.54,2.00
2011.09.15 10:49:34.556,1.02896,1.02911,1.54,1.25
2011.09.15 10:49:35.407,1.02896,1.02909,2.29,1.13
2011.09.15 10:49:35.652,1.02894,1.02907,1.35,4.10
2011.09.15 10:49:35.904,1.02898,1.02909,1.17,1.13
2011.09.15 10:49:36.031,1.02899,1.02911,1.54,3.12
2011.09.15 10:49:36.401,1.02899,1.02911,1.54,2.37
2011.09.15 10:49:36.769,1.02898,1.02912,2.67,5.22
2011.09.15 10:49:37.485,1.02896,1.0291,2.67,1.62
2011.09.15 10:49:39.319,1.02896,1.0291,2.29,1.50
2011.09.15 10:49:39.916,1.02896,1.0291,1.62,1.62
2011.09.15 10:49:40.396,1.02894,1.02908,2.29,1.50
2011.09.15 10:49:42.637,1.02892,1.02908,3.04,2.25
2011.09.15 10:49:43.416,1.02892,1.02906,1.54,2.22
2011.09.15 10:49:44.619,1.02891,1.02905,1.54,3.00
2011.09.15 10:49:44.860,1.02885,1.029,1.54,1.50
2011.09.15 10:49:45.101,1.02884,1.02899,2.29,2.10
2011.09.15 10:49:45.228,1.02885,1.02899,2.29,1.50
2011.09.15 10:49:45.647,1.02885,1.02901,2.29,5.75
2011.09.15 10:49:45.783,1.02884,1.02898,1.54,1.50
2011.09.15 10:49:46.389,1.02882,1.02898,3.42,1.50
2011.09.15 10:49:46.739,1.02882,1.02898,3.42,2.37
2011.09.15 10:49:47.102,1.0288,1.02893,1.17,1.50
2011.09.15 10:49:47.854,1.02876,1.02891,1.92,1.62
2011.09.15 10:49:49.503,1.02874,1.02887,1.92,3.15
2011.09.15 10:49:49.751,1.02869,1.02883,2.82,2.10
2011.09.15 10:49:49.884,1.02869,1.02883,2.82,1.85
2011.09.15 10:49:50.411,1.02869,1.0288,1.54,1.47
2011.09.15 10:49:50.660,1.02865,1.0288,1.54,2.97
2011.09.15 10:49:51.513,1.02866,1.0288,1.54,2.37
2011.09.15 10:49:51.759,1.02867,1.02883,2.67,1.88
2011.09.15 10:49:52.121,1.02869,1.02885,1.17,1.62
2011.09.15 10:49:52.710,1.02873,1.02887,2.25,2.75
2011.09.15 10:49:52.841,1.02873,1.02887,1.50,1.50
2011.09.15 10:49:52.971,1.0287,1.02885,2.29,1.88
2011.09.15 10:49:53.339,1.02869,1.02884,4.54,1.50
2011.09.15 10:49:53.699,1.02869,1.0288,1.54,1.62
2011.09.15 10:49:53.937,1.02869,1.02882,2.29,3.50
2011.09.15 10:49:54.178,1.02869,1.02884,2.67,3.00
2011.09.15 10:49:55.061,1.02877,1.02886,1.50,1.50
2011.09.15 10:49:55.421,1.02874,1.02889,4.54,1.50
2011.09.15 10:49:55.556,1.02874,1.02888,1.54,1.50
2011.09.15 10:49:55.680,1.02872,1.02888,2.67,3.00
2011.09.15 10:49:56.291,1.02872,1.02886,2.29,1.50
2011.09.15 10:49:58.219,1.02875,1.02886,2.25,1.50
2011.09.15 10:49:58.458,1.02875,1.02888,2.25,2.25
2011.09.15 10:49:58.582,1.02874,1.02888,1.54,1.50
2011.09.15 10:49:58.710,1.02873,1.02888,1.54,2.25
2011.09.15 10:49:58.838,1.02872,1.02885,2.29,1.50
2011.09.15 10:49:59.932,1.02873,1.02884,1.54,1.50
2011.09.15 10:50:00.313,1.02868,1.02881,1.62,3.12
2011.09.15 10:50:00.922,1.02868,1.02881,1.54,3.12
2011.09.15 10:50:01.294,1.02869,1.02881,1.54,2.37
2011.09.15 10:50:01.424,1.02872,1.02883,2.48,1.88
2011.09.15 10:50:01.552,1.02873,1.02886,1.73,2.37
2011.09.15 10:50:02.132,1.02875,1.02888,1.92,1.50
2011.09.15 10:50:02.739,1.02875,1.02887,1.54,1.35
2011.09.15 10:50:03.472,1.02869,1.02883,1.92,1.50
2011.09.15 10:50:04.861,1.02871,1.02884,1.54,1.50
2011.09.15 10:50:05.351,1.02873,1.02886,1.50,1.50
2011.09.15 10:50:07.005,1.02872,1.02887,3.42,4.35
2011.09.15 10:50:07.608,1.02872,1.02886,2.29,1.50
2011.09.15 10:50:08.187,1.0287,1.02874,1.13,2.10
2011.09.15 10:50:08.430,1.02867,1.02874,1.70,2.10
2011.09.15 10:50:08.560,1.02867,1.0288,1.17,3.00
2011.09.15 10:50:08.809,1.02866,1.02877,1.17,2.10
2011.09.15 10:50:08.929,1.02867,1.0288,1.17,1.50
2011.09.15 10:50:09.050,1.02868,1.02881,1.17,1.88
2011.09.15 10:50:09.855,1.0287,1.02884,3.04,1.50
2011.09.15 10:50:10.939,1.02871,1.02886,1.54,5.10
2011.09.15 10:50:14.567,1.02875,1.02886,4.50,1.50
2011.09.15 10:50:14.687,1.02875,1.02887,3.75,2.85
2011.09.15 10:50:15.286,1.02871,1.02887,2.29,4.35
2011.09.15 10:50:15.407,1.02872,1.02887,2.29,3.60
2011.09.15 10:50:15.771,1.02875,1.02887,1.54,2.10
2011.09.15 10:50:16.140,1.02876,1.02887,1.92,2.10
2011.09.15 10:50:16.574,1.02876,1.02887,2.67,2.10
2011.09.15 10:50:17.429,1.02877,1.0289,1.54,1.35
2011.09.15 10:50:17.668,1.02878,1.02891,2.67,2.85
2011.09.15 10:50:22.196,1.02885,1.02892,1.50,2.10
2011.09.15 10:50:22.316,1.02885,1.02896,1.50,1.50
2011.09.15 10:50:22.438,1.02884,1.02897,3.00,2.33
2011.09.15 10:50:23.036,1.02883,1.02896,1.54,1.50
2011.09.15 10:50:23.496,1.0288,1.02896,4.54,1.50
2011.09.15 10:50:23.617,1.0288,1.02894,4.54,1.50
2011.09.15 10:50:29.052,1.0288,1.0289,3.79,2.10
2011.09.15 10:50:31.768,1.02877,1.0289,2.45,2.85
2011.09.15 10:50:31.890,1.02877,1.0289,1.92,3.60
2011.09.15 10:50:36.141,1.02877,1.0289,2.67,2.85
2011.09.15 10:50:36.741,1.02877,1.02892,3.42,1.35
2011.09.15 10:50:36.991,1.02878,1.02893,2.45,2.85
2011.09.15 10:50:37.478,1.02878,1.02889,1.70,1.35
2011.09.15 10:50:38.019,1.02878,1.02891,1.17,2.10
2011.09.15 10:50:38.377,1.02878,1.02891,1.54,1.35
2011.09.15 10:50:38.983,1.02878,1.02891,1.92,1.35
2011.09.15 10:50:39.580,1.02879,1.02892,1.54,1.35
2011.09.15 10:50:39.701,1.02882,1.02892,1.17,1.35
2011.09.15 10:50:41.507,1.02882,1.0289,1.17,2.10
2011.09.15 10:50:41.749,1.02878,1.0289,2.29,2.85
2011.09.15 10:50:42.339,1.02884,1.0289,2.25,2.10
2011.09.15 10:50:42.458,1.02879,1.0289,2.67,2.10
2011.09.15 10:50:44.532,1.02878,1.02892,1.92,2.85
2011.09.15 10:50:47.940,1.02881,1.02895,1.54,1.50
2011.09.15 10:50:48.059,1.02882,1.02896,2.25,1.35
2011.09.15 10:50:48.417,1.02885,1.02898,1.54,1.35
2011.09.15 10:50:48.782,1.02881,1.02894,1.62,1.50
2011.09.15 10:50:48.908,1.02881,1.02894,1.62,1.50
2011.09.15 10:50:49.149,1.02882,1.02896,1.62,1.62
2011.09.15 10:50:52.586,1.02883,1.02894,1.54,1.50
2011.09.15 10:50:52.846,1.02888,1.029,1.13,3.00
2011.09.15 10:50:53.219,1.02888,1.02901,1.92,1.35
2011.09.15 10:50:54.929,1.02893,1.02902,1.43,2.10
2011.09.15 10:50:55.055,1.02893,1.02905,2.03,1.50
2011.09.15 10:50:55.183,1.02893,1.02908,2.82,2.63
2011.09.15 10:50:55.314,1.02896,1.02907,1.47,1.35
2011.09.15 10:50:56.040,1.02894,1.02907,1.47,2.85
2011.09.15 10:50:56.398,1.02896,1.0291,2.29,2.85
2011.09.15 10:50:56.517,1.02895,1.02907,2.97,2.85
2011.09.15 10:50:57.148,1.02893,1.02907,1.54,4.35
2011.09.15 10:50:57.281,1.02893,1.02902,1.50,2.10
2011.09.15 10:50:57.529,1.02891,1.02906,1.17,1.62
2011.09.15 10:50:57.653,1.02891,1.02905,1.17,1.50
2011.09.15 10:50:57.781,1.02892,1.02907,1.17,2.85
2011.09.15 10:50:58.030,1.02892,1.02907,1.92,2.10
2011.09.15 10:51:01.861,1.02897,1.02907,1.17,2.10
2011.09.15 10:51:02.115,1.02898,1.02911,1.17,2.85
2011.09.15 10:51:02.881,1.02902,1.02916,1.54,4.50
2011.09.15 10:51:03.717,1.02906,1.02916,1.50,1.65
2011.09.15 10:51:03.839,1.02906,1.02919,1.50,1.65
2011.09.15 10:51:04.082,1.02907,1.02917,1.29,2.85
2011.09.15 10:51:04.568,1.02905,1.02917,1.92,2.85
2011.09.15 10:51:05.407,1.02904,1.02917,1.17,3.60
2011.09.15 10:51:05.975,1.02896,1.02906,1.50,2.10
2011.09.15 10:51:06.102,1.02894,1.02907,1.32,3.60
2011.09.15 10:51:06.230,1.02896,1.02908,1.50,3.00
2011.09.15 10:51:06.358,1.02896,1.02912,2.29,6.60
2011.09.15 10:51:06.964,1.029,1.0291,2.07,1.35
2011.09.15 10:51:07.094,1.029,1.02907,1.29,2.85
2011.09.15 10:51:07.221,1.02895,1.02907,1.32,3.60
2011.09.15 10:51:07.351,1.02892,1.02907,2.29,4.35
2011.09.15 10:51:07.837,1.02892,1.02904,1.54,1.50
2011.09.15 10:51:09.522,1.0289,1.029,1.54,1.50
2011.09.15 10:51:09.894,1.02877,1.02886,1.32,2.48
2011.09.15 10:51:10.024,1.02878,1.02886,1.70,2.10
2011.09.15 10:51:10.507,1.02878,1.02891,2.29,3.75
2011.09.15 10:51:10.627,1.02878,1.02888,1.54,1.50
2011.09.15 10:51:11.453,1.02877,1.02888,1.17,2.85
2011.09.15 10:51:12.288,1.02875,1.02888,2.29,2.93
2011.09.15 10:51:12.652,1.02869,1.02882,1.92,2.93
2011.09.15 10:51:12.784,1.02868,1.0288,1.32,2.25
2011.09.15 10:51:13.149,1.02866,1.02877,1.32,3.60
2011.09.15 10:51:14.918,1.02867,1.02881,1.17,4.13
2011.09.15 10:51:15.158,1.02869,1.02881,2.25,1.13
2011.09.15 10:51:15.405,1.02869,1.02884,5.67,1.65
2011.09.15 10:51:17.081,1.02866,1.02871,1.66,2.10
2011.09.15 10:51:17.212,1.02862,1.02871,1.32,2.10
2011.09.15 10:51:17.342,1.02864,1.02877,1.29,2.85
2011.09.15 10:51:17.471,1.02866,1.02878,1.17,2.10
2011.09.15 10:51:18.538,1.02866,1.02882,2.67,5.82
2011.09.15 10:51:18.779,1.02869,1.02882,1.17,2.63
2011.09.15 10:51:19.718,1.0287,1.02882,1.92,1.50
2011.09.15 10:51:20.678,1.0287,1.02885,4.54,1.50
2011.09.15 10:51:21.906,1.0287,1.0288,3.79,1.13
2011.09.15 10:51:22.268,1.02864,1.02873,1.32,2.25
2011.09.15 10:51:22.506,1.02861,1.02873,1.54,2.25
2011.09.15 10:51:26.908,1.02861,1.02867,1.50,2.85
2011.09.15 10:51:27.508,1.02853,1.02867,2.67,3.68
2011.09.15 10:51:28.085,1.02853,1.02867,2.67,2.10
2011.09.15 10:51:30.206,1.02854,1.02868,1.92,2.10
2011.09.15 10:51:30.451,1.02858,1.0287,1.54,1.50
2011.09.15 10:51:30.697,1.02858,1.02871,2.29,2.10
2011.09.15 10:51:30.816,1.02858,1.02871,3.04,2.10
2011.09.15 10:51:35.739,1.02858,1.02868,2.29,2.10
2011.09.15 10:51:36.103,1.02855,1.02862,1.32,2.25
2011.09.15 10:51:36.231,1.02853,1.02862,1.32,2.85
2011.09.15 10:51:36.827,1.0285,1.02861,1.54,2.10
2011.09.15 10:51:38.618,1.02849,1.0286,1.54,2.10
2011.09.15 10:51:41.031,1.02849,1.02862,2.67,1.35
2011.09.15 10:51:42.569,1.02855,1.02866,2.25,3.00
2011.09.15 10:51:42.693,1.02856,1.02869,2.07,2.40
2011.09.15 10:51:43.647,1.02855,1.02869,1.54,2.33
2011.09.15 10:51:46.598,1.02857,1.0287,1.54,3.75
2011.09.15 10:51:46.717,1.02856,1.0287,1.92,3.60
2011.09.15 10:51:46.838,1.02858,1.0287,1.54,3.60
2011.09.15 10:51:47.437,1.0286,1.02872,2.29,1.35
2011.09.15 10:51:47.558,1.0286,1.02873,3.04,1.50
2011.09.15 10:51:49.719,1.02862,1.02876,1.92,2.33
2011.09.15 10:51:51.458,1.02861,1.0287,1.17,3.60
2011.09.15 10:51:52.202,1.02857,1.02867,2.82,1.35
2011.09.15 10:51:52.333,1.02859,1.02871,2.67,3.00
2011.09.15 10:51:52.818,1.02862,1.02877,1.54,3.68
2011.09.15 10:51:54.261,1.02865,1.02875,1.50,1.50
2011.09.15 10:51:54.393,1.02865,1.02877,1.50,3.60
2011.09.15 10:51:54.975,1.02862,1.02876,1.54,1.50
2011.09.15 10:51:55.449,1.02861,1.02874,1.17,1.50
2011.09.15 10:51:55.807,1.02859,1.02871,2.29,1.35
2011.09.15 10:51:56.406,1.0286,1.02871,1.17,1.35
2011.09.15 10:51:57.118,1.0286,1.02871,1.17,1.35
2011.09.15 10:51:58.155,1.0286,1.02872,1.17,2.85
2011.09.15 10:51:59.001,1.02856,1.02862,1.32,1.50
2011.09.15 10:51:59.129,1.02855,1.02862,1.32,1.50
2011.09.15 10:51:59.250,1.02855,1.02865,1.32,1.50
2011.09.15 10:51:59.372,1.02856,1.02866,1.17,2.10
2011.09.15 10:52:00.307,1.02857,1.02866,1.92,2.10
2011.09.15 10:52:01.109,1.02858,1.02871,1.54,4.47
2011.09.15 10:52:01.241,1.02858,1.02871,1.54,2.10
2011.09.15 10:52:01.732,1.0286,1.02873,1.54,1.50
2011.09.15 10:52:02.340,1.02861,1.02876,2.29,2.40
2011.09.15 10:52:03.304,1.02865,1.02876,3.00,2.33
2011.09.15 10:52:03.432,1.02865,1.02876,3.00,3.60
2011.09.15 10:52:03.561,1.02862,1.02876,2.63,3.60
2011.09.15 10:52:03.808,1.02862,1.02876,2.25,2.18
2011.09.15 10:52:04.036,1.02862,1.02876,2.25,2.10
2011.09.15 10:52:04.929,1.02862,1.02876,2.25,2.10
2011.09.15 10:52:05.169,1.02866,1.02879,1.50,1.50
2011.09.15 10:52:05.648,1.02867,1.02879,1.50,1.50
2011.09.15 10:52:06.010,1.0287,1.02881,1.50,2.25
2011.09.15 10:52:08.729,1.0287,1.02882,1.50,1.50
2011.09.15 10:52:15.934,1.02872,1.02885,1.50,1.50
2011.09.15 10:52:18.890,1.0287,1.02885,1.50,2.25
2011.09.15 10:52:19.005,1.02869,1.0288,1.29,2.10
2011.09.15 10:52:20.757,1.02869,1.02876,1.50,2.10
2011.09.15 10:52:20.998,1.02865,1.02879,2.29,1.50
2011.09.15 10:52:21.359,1.02867,1.0288,2.25,2.85
2011.09.15 10:52:22.535,1.02869,1.0288,1.50,2.85
2011.09.15 10:52:22.914,1.02876,1.02888,1.17,1.50
2011.09.15 10:52:23.050,1.02875,1.02891,3.57,1.50
2011.09.15 10:52:23.291,1.02874,1.02887,2.07,2.85
2011.09.15 10:52:23.421,1.02873,1.02887,2.45,2.85
2011.09.15 10:52:23.553,1.02872,1.02886,1.29,2.25
2011.09.15 10:52:24.040,1.02871,1.02884,1.50,2.25
2011.09.15 10:52:24.763,1.0287,1.02884,1.50,1.50
2011.09.15 10:52:25.012,1.02869,1.0288,1.54,2.10
2011.09.15 10:52:25.617,1.02867,1.0288,2.29,2.10
2011.09.15 10:52:26.557,1.02867,1.0288,2.29,2.10
2011.09.15 10:52:27.498,1.02867,1.02881,3.04,1.35
2011.09.15 10:52:27.995,1.02868,1.02881,1.13,1.35
2011.09.15 10:52:28.840,1.02868,1.02881,1.50,2.10
2011.09.15 10:52:29.436,1.02868,1.02882,1.50,1.50
2011.09.15 10:52:29.558,1.0287,1.02884,2.25,3.00
2011.09.15 10:52:29.796,1.0287,1.02883,1.54,2.85
2011.09.15 10:52:30.036,1.0287,1.02885,2.29,2.25
2011.09.15 10:52:31.669,1.02868,1.02882,2.29,2.25
2011.09.15 10:52:32.029,1.02871,1.02885,1.50,2.25
2011.09.15 10:52:34.048,1.02871,1.02885,1.50,1.50
2011.09.15 10:52:54.805,1.0287,1.02885,3.04,1.50
2011.09.15 10:53:06.839,1.02871,1.02887,2.29,3.60
2011.09.15 10:53:07.404,1.0287,1.02886,3.04,4.35
2011.09.15 10:53:10.868,1.02872,1.02886,1.50,3.60
2011.09.15 10:53:11.469,1.02873,1.02886,1.92,2.10
2011.09.15 10:53:11.590,1.02874,1.02886,2.41,2.10
2011.09.15 10:53:11.714,1.02876,1.0289,2.25,2.37
2011.09.15 10:53:11.962,1.0288,1.02892,1.50,1.35
2011.09.15 10:53:12.089,1.0288,1.02895,1.50,2.25
2011.09.15 10:53:13.730,1.0288,1.02892,1.54,1.13
2011.09.15 10:53:13.852,1.02877,1.02887,1.13,1.50
2011.09.15 10:53:13.980,1.02873,1.02887,2.07,2.10
2011.09.15 10:53:14.108,1.02873,1.02887,2.04,2.85
2011.09.15 10:53:14.470,1.02868,1.02881,2.07,3.00
2011.09.15 10:53:15.046,1.02868,1.02883,1.54,3.75
2011.09.15 10:53:15.286,1.02868,1.02883,3.04,3.00
2011.09.15 10:53:15.751,1.0287,1.02883,1.88,1.50
2011.09.15 10:53:16.420,1.02877,1.02887,1.65,1.35
2011.09.15 10:53:16.668,1.02893,1.02904,1.50,3.00
2011.09.15 10:53:17.831,1.0289,1.02904,1.58,1.50
2011.09.15 10:53:24.118,1.02892,1.02904,1.13,1.50
2011.09.15 10:53:24.365,1.02893,1.02906,1.13,2.10
2011.09.15 10:53:24.493,1.02894,1.02908,1.54,1.50
2011.09.15 10:53:25.402,1.029,1.02914,1.50,1.50
2011.09.15 10:53:26.010,1.02901,1.02914,1.50,2.25
2011.09.15 10:53:26.467,1.02899,1.02911,3.04,2.10
2011.09.15 10:53:27.069,1.02897,1.02911,1.54,2.10
2011.09.15 10:53:30.496,1.02895,1.02907,2.29,2.10
2011.09.15 10:53:30.975,1.02895,1.02908,2.29,1.35
2011.09.15 10:53:31.794,1.02895,1.02908,1.50,1.35
2011.09.15 10:53:31.922,1.02893,1.02908,1.54,2.10
2011.09.15 10:53:32.490,1.02893,1.02906,1.54,2.85
2011.09.15 10:53:32.853,1.02889,1.02902,4.32,2.10
2011.09.15 10:53:32.982,1.02888,1.02901,1.29,1.35
2011.09.15 10:53:33.111,1.02887,1.02901,2.07,2.10
2011.09.15 10:53:33.598,1.02887,1.02901,1.50,2.85
2011.09.15 10:53:34.176,1.02884,1.02898,4.54,1.50
2011.09.15 10:53:34.298,1.02884,1.02897,3.00,3.60
2011.09.15 10:53:35.131,1.02883,1.02897,1.50,3.60
2011.09.15 10:53:35.739,1.02884,1.02898,2.25,1.35
2011.09.15 10:53:36.428,1.02888,1.02901,1.13,2.25
2011.09.15 10:53:36.549,1.02889,1.02901,1.50,1.50
2011.09.15 10:53:38.348,1.02889,1.02902,3.00,2.85
2011.09.15 10:53:38.594,1.02885,1.02897,1.32,1.35
2011.09.15 10:53:38.838,1.02883,1.02896,1.50,4.35
2011.09.15 10:53:40.483,1.02878,1.02893,3.95,4.35
2011.09.15 10:53:40.616,1.02878,1.02892,1.92,1.50
2011.09.15 10:53:40.985,1.02873,1.02883,2.45,1.35
2011.09.15 10:53:41.228,1.02871,1.02883,1.32,1.35
2011.09.15 10:53:43.118,1.02869,1.02883,1.54,1.35
2011.09.15 10:53:43.476,1.02869,1.0288,1.54,2.10
2011.09.15 10:53:43.721,1.02868,1.0288,1.50,2.10
2011.09.15 10:53:44.187,1.02867,1.0288,1.54,2.85
2011.09.15 10:53:44.310,1.02867,1.02878,1.54,1.35
2011.09.15 10:53:44.549,1.02865,1.02878,1.54,1.35
2011.09.15 10:53:44.670,1.02867,1.02881,1.50,3.87
2011.09.15 10:53:44.798,1.02868,1.02882,2.25,2.63
2011.09.15 10:53:44.918,1.0287,1.02883,1.50,1.73
2011.09.15 10:53:45.042,1.02872,1.02885,1.50,1.50
2011.09.15 10:53:45.663,1.02874,1.02888,1.50,1.50
2011.09.15 10:53:45.802,1.02879,1.02892,1.50,2.25
2011.09.15 10:53:45.927,1.02879,1.02893,1.54,1.50
2011.09.15 10:53:46.289,1.02878,1.02892,3.04,1.50
2011.09.15 10:53:47.338,1.02878,1.02892,1.54,1.50
2011.09.15 10:53:47.582,1.0288,1.02894,1.50,2.25
2011.09.15 10:53:49.986,1.0288,1.02895,2.25,2.25
2011.09.15 10:53:50.587,1.02883,1.02898,1.65,1.35
2011.09.15 10:53:51.187,1.02882,1.02897,2.29,3.60
2011.09.15 10:53:51.428,1.0288,1.02895,2.29,1.50
2011.09.15 10:53:51.554,1.02879,1.02893,2.37,1.35
2011.09.15 10:53:51.921,1.02878,1.02892,1.17,1.50
2011.09.15 10:53:53.086,1.02877,1.02892,2.29,2.85
2011.09.15 10:53:53.447,1.02885,1.02893,1.50,1.35
2011.09.15 10:53:54.018,1.02888,1.029,1.50,1.50
2011.09.15 10:53:54.467,1.02888,1.02897,1.50,2.10
2011.09.15 10:53:54.589,1.02883,1.02898,1.54,2.85
2011.09.15 10:53:55.055,1.02883,1.02898,1.54,2.85
2011.09.15 10:53:55.517,1.02882,1.02897,2.37,3.72
2011.09.15 10:53:55.878,1.0288,1.02892,1.62,2.10
2011.09.15 10:53:56.931,1.0288,1.0289,1.54,1.35
2011.09.15 10:53:57.300,1.02879,1.02888,1.54,1.35
2011.09.15 10:53:57.991,1.02876,1.02888,1.58,2.10
2011.09.15 10:53:58.130,1.02872,1.02888,2.25,2.85
2011.09.15 10:53:58.976,1.02872,1.02888,2.25,2.25
2011.09.15 10:54:01.600,1.02892,1.02897,5.25,1.69
2011.09.15 10:54:01.725,1.02902,1.02909,2.85,1.69
2011.09.15 10:54:01.858,1.02903,1.02914,1.35,2.25
2011.09.15 10:54:01.980,1.02902,1.02916,1.54,1.50
2011.09.15 10:54:02.100,1.02903,1.02917,1.54,1.62
2011.09.15 10:54:02.696,1.02899,1.02915,2.37,1.73
2011.09.15 10:54:09.047,1.02903,1.02916,1.54,3.12
2011.09.15 10:54:10.129,1.02904,1.02918,1.62,1.50
2011.09.15 10:54:14.309,1.02904,1.02918,2.29,1.50
2011.09.15 10:54:15.905,1.02903,1.02918,1.54,1.50
2011.09.15 10:54:16.149,1.02903,1.02917,1.54,1.50
2011.09.15 10:54:16.749,1.029,1.02914,2.37,1.50
2011.09.15 10:54:17.468,1.029,1.02914,1.62,1.50
2011.09.15 10:54:17.948,1.02902,1.02916,1.50,1.35
2011.09.15 10:54:18.067,1.02903,1.02917,1.50,3.75
2011.09.15 10:54:19.631,1.02907,1.02919,1.13,4.88
2011.09.15 10:54:20.000,1.02913,1.02921,2.63,1.50
2011.09.15 10:54:20.430,1.0291,1.02921,1.50,1.50
2011.09.15 10:54:20.564,1.02904,1.0292,2.37,3.75
2011.09.15 10:54:22.096,1.02905,1.02919,1.54,1.50
2011.09.15 10:54:22.458,1.02914,1.0292,1.50,2.25
2011.09.15 10:54:22.822,1.0291,1.02915,1.69,2.25
2011.09.15 10:54:23.344,1.02907,1.02915,1.16,2.25
2011.09.15 10:54:23.483,1.02908,1.02919,3.23,1.50
2011.09.15 10:54:23.614,1.02906,1.02919,3.04,1.50
2011.09.15 10:54:23.746,1.0291,1.02922,2.85,1.50
2011.09.15 10:54:24.327,1.0291,1.02925,2.25,3.00
2011.09.15 10:54:39.786,1.02912,1.02924,1.50,1.50
2011.09.15 10:54:43.580,1.02911,1.02922,1.50,1.50
2011.09.15 10:54:44.738,1.0291,1.02922,2.25,2.25
2011.09.15 10:54:44.862,1.02908,1.02919,1.13,1.50
2011.09.15 10:54:45.232,1.02902,1.02915,1.32,2.37
2011.09.15 10:54:45.363,1.02901,1.02916,1.32,1.62
2011.09.15 10:54:46.025,1.02902,1.02916,1.50,1.50
2011.09.15 10:54:46.156,1.02902,1.02916,1.50,1.50
2011.09.15 10:54:47.752,1.02902,1.02913,1.50,1.50
2011.09.15 10:54:48.123,1.02898,1.0291,3.00,1.69
2011.09.15 10:54:48.251,1.02898,1.02908,2.63,2.82
2011.09.15 10:54:48.623,1.02892,1.02906,2.04,2.85
2011.09.15 10:54:48.755,1.02892,1.02906,1.29,1.50
2011.09.15 10:54:49.335,1.02892,1.02906,1.50,1.50
2011.09.15 10:54:52.493,1.02892,1.02907,1.50,1.50
2011.09.15 10:54:52.860,1.02893,1.02908,1.92,2.25
2011.09.15 10:54:53.099,1.02893,1.02908,1.62,1.50
2011.09.15 10:54:53.791,1.02894,1.02909,1.50,1.50
2011.09.15 10:54:53.920,1.02893,1.02908,1.54,1.50
2011.09.15 10:54:54.049,1.02892,1.02907,1.54,2.10
2011.09.15 10:54:54.599,1.02892,1.02905,1.50,1.50
2011.09.15 10:55:00.356,1.02892,1.02905,1.50,1.50
2011.09.15 10:55:00.601,1.02897,1.02906,1.50,1.50
2011.09.15 10:55:00.848,1.02895,1.0291,6.00,1.50
2011.09.15 10:55:01.468,1.02895,1.02909,3.83,1.50
2011.09.15 10:55:01.587,1.02893,1.02908,3.72,1.50
2011.09.15 10:55:01.711,1.02893,1.02908,3.57,1.50
2011.09.15 10:55:02.417,1.02893,1.02907,3.04,1.50
2011.09.15 10:55:02.662,1.02891,1.02905,2.97,1.62
2011.09.15 10:55:02.796,1.02895,1.02906,1.50,3.00
2011.09.15 10:55:02.919,1.02895,1.02909,3.83,1.88
2011.09.15 10:55:03.037,1.02895,1.02909,3.83,1.50
2011.09.15 10:55:04.931,1.02896,1.02909,1.54,2.25
2011.09.15 10:55:05.292,1.02891,1.02903,1.32,1.35
2011.09.15 10:55:05.422,1.02891,1.02898,1.29,1.50
2011.09.15 10:55:05.553,1.02889,1.02898,1.50,1.50
2011.09.15 10:55:05.688,1.02883,1.02897,1.50,1.50
2011.09.15 10:55:05.933,1.02884,1.02897,1.29,2.00
2011.09.15 10:55:06.923,1.02881,1.02897,1.65,2.75
2011.09.15 10:55:07.527,1.02881,1.02897,1.58,2.75
2011.09.15 10:55:07.891,1.02882,1.02896,1.58,1.62
2011.09.15 10:55:08.138,1.02883,1.02897,2.48,1.13
2011.09.15 10:55:08.262,1.02892,1.029,1.50,4.50
2011.09.15 10:55:08.512,1.02891,1.02903,1.50,1.50
2011.09.15 10:55:08.760,1.02892,1.02904,1.73,1.50
2011.09.15 10:55:08.999,1.02897,1.02907,1.50,1.50
2011.09.15 10:55:09.537,1.02897,1.02912,1.50,2.25
2011.09.15 10:55:10.706,1.02897,1.02909,1.50,1.50
2011.09.15 10:55:10.939,1.02895,1.02908,1.54,3.60
2011.09.15 10:55:11.058,1.02894,1.02906,1.50,1.35
2011.09.15 10:55:11.296,1.02892,1.02907,2.04,3.38
2011.09.15 10:55:11.418,1.02891,1.02904,1.50,1.50
2011.09.15 10:55:12.937,1.02891,1.02905,1.50,2.25
2011.09.15 10:55:13.590,1.02891,1.02905,1.50,1.50
2011.09.15 10:55:13.936,1.02892,1.02905,1.50,1.50
2011.09.15 10:55:14.276,1.02892,1.02905,1.50,1.50
2011.09.15 10:55:19.152,1.02892,1.02905,1.50,1.50
2011.09.15 10:55:20.657,1.02892,1.02905,1.50,1.50
2011.09.15 10:55:21.228,1.02892,1.02905,1.50,1.50
2011.09.15 10:55:26.983,1.02892,1.02908,2.25,3.00
2011.09.15 10:55:29.439,1.02892,1.02908,2.40,3.00
2011.09.15 10:55:30.151,1.02892,1.02908,2.33,3.00
2011.09.15 10:55:33.416,1.02892,1.02906,1.50,1.69
2011.09.15 10:55:33.879,1.02889,1.02902,4.50,1.50
2011.09.15 10:55:33.998,1.02889,1.02902,3.00,1.50
2011.09.15 10:55:34.120,1.02887,1.02902,2.45,1.50
2011.09.15 10:55:34.718,1.02887,1.02899,1.54,1.50
2011.09.15 10:55:36.707,1.02887,1.02899,1.50,1.50
2011.09.15 10:55:36.954,1.0289,1.02901,1.50,1.50
2011.09.15 10:55:37.079,1.0289,1.02903,2.25,1.50
2011.09.15 10:55:38.037,1.02892,1.02906,1.50,2.25
2011.09.15 10:55:43.294,1.02892,1.02906,1.50,2.25
2011.09.15 10:55:44.949,1.02889,1.02903,1.54,1.50
2011.09.15 10:55:45.073,1.02887,1.02902,3.95,3.75
2011.09.15 10:55:45.322,1.02886,1.029,1.32,1.50
2011.09.15 10:55:45.571,1.02885,1.02898,1.54,1.50
2011.09.15 10:55:46.071,1.02883,1.02897,1.29,1.35
2011.09.15 10:55:51.597,1.02881,1.02897,1.39,3.00
2011.09.15 10:55:51.957,1.0288,1.02896,3.42,1.50
2011.09.15 10:55:55.799,1.0288,1.02893,3.04,1.50
2011.09.15 10:56:01.543,1.02878,1.02891,5.82,1.50
2011.09.15 10:56:01.667,1.02877,1.02889,1.66,1.50
2011.09.15 10:56:02.029,1.02873,1.02887,2.07,1.50
2011.09.15 10:56:02.268,1.02872,1.02887,2.25,2.25
2011.09.15 10:56:04.213,1.02873,1.02887,1.50,2.25
2011.09.15 10:56:04.461,1.02873,1.02888,2.29,1.50
2011.09.15 10:56:05.667,1.02873,1.02888,2.29,4.50
2011.09.15 10:56:06.888,1.02872,1.02887,2.29,1.50
2011.09.15 10:56:07.249,1.02872,1.02886,2.25,1.50
2011.09.15 10:56:10.827,1.02872,1.02887,1.50,2.55
2011.09.15 10:56:12.356,1.02872,1.02887,1.54,2.55
2011.09.15 10:56:19.727,1.02875,1.02887,1.50,1.80
2011.09.15 10:56:19.971,1.02875,1.02888,1.50,1.20
2011.09.15 10:56:21.378,1.02875,1.02888,2.14,3.00
2011.09.15 10:56:21.956,1.02875,1.02888,1.77,3.00
2011.09.15 10:56:22.312,1.02877,1.02889,1.50,1.50
2011.09.15 10:56:25.282,1.0288,1.02892,2.10,2.25
2011.09.15 10:56:25.408,1.02882,1.02892,1.50,1.50
2011.09.15 10:56:25.648,1.02878,1.02894,2.70,3.00
2011.09.15 10:56:25.887,1.02878,1.02894,2.49,3.00
2011.09.15 10:56:26.126,1.02878,1.02894,1.88,3.00
2011.09.15 10:56:26.825,1.02878,1.02894,2.63,2.25
2011.09.15 10:56:27.166,1.02878,1.02894,2.67,1.50
2011.09.15 10:56:28.367,1.02878,1.02894,2.67,1.50
2011.09.15 10:56:29.247,1.02878,1.02894,2.67,1.50
2011.09.15 10:56:30.195,1.02878,1.02894,2.67,1.50
2011.09.15 10:56:33.825,1.02878,1.02894,2.29,1.50
2011.09.15 10:56:34.176,1.02878,1.02894,2.37,1.50
2011.09.15 10:56:34.688,1.02878,1.02894,2.37,1.50
2011.09.15 10:56:35.070,1.02883,1.02896,1.65,1.62
2011.09.15 10:56:35.315,1.02887,1.02898,2.18,1.50
2011.09.15 10:56:35.943,1.02892,1.02903,1.50,1.50
2011.09.15 10:56:36.077,1.02892,1.02906,2.85,2.25
2011.09.15 10:56:36.668,1.02892,1.02906,2.89,1.50
2011.09.15 10:56:38.406,1.02892,1.02906,2.89,1.50
2011.09.15 10:56:39.231,1.02892,1.02906,2.89,1.50
2011.09.15 10:56:39.892,1.02892,1.02906,2.89,1.50
2011.09.15 10:56:41.046,1.02893,1.02907,1.50,1.50
2011.09.15 10:56:42.305,1.02892,1.02906,2.89,1.50
2011.09.15 10:56:44.206,1.02892,1.02906,2.29,1.50
2011.09.15 10:56:44.778,1.02894,1.02908,1.50,3.75
2011.09.15 10:56:47.861,1.02893,1.02908,1.54,4.50
2011.09.15 10:56:50.284,1.02893,1.02908,1.50,3.00
2011.09.15 10:56:50.701,1.02894,1.02908,1.54,3.00
2011.09.15 10:56:51.068,1.02897,1.02911,1.50,2.25
2011.09.15 10:56:52.964,1.02896,1.0291,1.54,1.50
2011.09.15 10:56:53.487,1.02894,1.02908,3.20,1.50
2011.09.15 10:56:53.623,1.02893,1.02907,2.29,1.50
2011.09.15 10:56:53.874,1.02896,1.02908,1.50,1.50
2011.09.15 10:56:54.125,1.02905,1.02913,1.50,1.50
2011.09.15 10:56:54.255,1.02905,1.02915,1.50,3.60
2011.09.15 10:56:54.387,1.02903,1.02914,1.50,2.25
2011.09.15 10:56:54.512,1.02901,1.02914,1.50,1.50
2011.09.15 10:56:54.760,1.02901,1.02916,1.50,2.85
2011.09.15 10:56:54.879,1.02901,1.02915,1.50,1.62
2011.09.15 10:56:55.121,1.02898,1.02913,2.25,1.50
2011.09.15 10:56:56.123,1.02898,1.02914,2.14,3.00
2011.09.15 10:56:57.187,1.02898,1.02914,2.89,3.00
2011.09.15 10:57:04.782,1.02904,1.02914,1.50,1.50
2011.09.15 10:57:04.906,1.02905,1.02917,1.50,4.50
2011.09.15 10:57:05.031,1.02903,1.02916,1.13,1.50
2011.09.15 10:57:05.158,1.02903,1.02916,1.50,1.50
2011.09.15 10:57:05.282,1.02901,1.02914,1.29,3.00
2011.09.15 10:57:05.411,1.029,1.02915,1.54,2.85
2011.09.15 10:57:05.542,1.029,1.02916,2.29,1.88
2011.09.15 10:57:07.033,1.02905,1.02917,2.85,1.50
2011.09.15 10:57:07.277,1.02903,1.02918,1.50,3.75
2011.09.15 10:57:07.397,1.02902,1.02918,2.04,4.50
2011.09.15 10:57:07.966,1.02902,1.02916,1.54,1.50
2011.09.15 10:57:08.557,1.02901,1.02917,1.50,2.85
2011.09.15 10:57:08.908,1.02902,1.02917,1.50,2.85
2011.09.15 10:57:09.665,1.02905,1.02919,2.25,1.50
2011.09.15 10:57:09.802,1.02904,1.02919,1.92,1.50
2011.09.15 10:57:10.293,1.02903,1.02917,1.50,4.88
2011.09.15 10:57:10.538,1.02901,1.02916,1.50,1.62
2011.09.15 10:57:10.777,1.02902,1.02916,2.25,1.62
2011.09.15 10:57:11.597,1.02901,1.02915,1.50,1.50
2011.09.15 10:57:14.499,1.02901,1.02915,1.50,1.50
2011.09.15 10:57:16.180,1.02904,1.02916,1.50,1.50
2011.09.15 10:57:16.732,1.02902,1.02917,2.25,1.50
2011.09.15 10:57:17.223,1.02913,1.02919,1.50,1.35
2011.09.15 10:57:17.472,1.02914,1.02924,1.50,1.50
2011.09.15 10:57:17.602,1.02911,1.02917,1.13,1.50
2011.09.15 10:57:17.730,1.02907,1.02917,3.61,1.50
2011.09.15 10:57:17.858,1.02907,1.02921,1.65,1.50
2011.09.15 10:57:18.331,1.02911,1.02925,1.50,3.00
2011.09.15 10:57:18.458,1.02911,1.02925,1.50,2.25
2011.09.15 10:57:19.047,1.0291,1.02925,2.25,3.00
2011.09.15 10:57:20.595,1.0291,1.02925,2.25,2.25
2011.09.15 10:57:23.776,1.0291,1.02925,2.25,2.25
2011.09.15 10:57:24.598,1.0291,1.02924,1.50,1.50
2011.09.15 10:57:24.718,1.02908,1.02922,2.29,2.25
2011.09.15 10:57:25.287,1.02908,1.02922,2.29,2.25
2011.09.15 10:57:25.956,1.02908,1.02921,2.29,1.50
2011.09.15 10:57:27.076,1.02908,1.0292,2.29,1.50
2011.09.15 10:57:27.757,1.02908,1.0292,2.29,1.50
2011.09.15 10:57:28.538,1.0291,1.02924,1.50,2.25
2011.09.15 10:57:35.470,1.02909,1.02922,1.54,1.50
2011.09.15 10:57:35.843,1.02905,1.02917,2.82,1.50
2011.09.15 10:57:36.208,1.02905,1.02916,3.12,1.50
2011.09.15 10:57:36.758,1.02907,1.02921,1.50,2.63
2011.09.15 10:57:37.346,1.02909,1.0292,1.50,1.50
2011.09.15 10:57:37.472,1.0291,1.02924,2.25,1.50
2011.09.15 10:57:37.720,1.0291,1.02924,2.25,2.25
2011.09.15 10:57:39.336,1.0291,1.02924,2.25,1.50
2011.09.15 10:57:42.596,1.0291,1.02924,2.25,1.50
2011.09.15 10:57:43.154,1.0291,1.02924,2.25,1.50
2011.09.15 10:57:43.715,1.0291,1.02924,2.25,1.50
2011.09.15 10:57:44.297,1.0291,1.02925,2.25,3.75
2011.09.15 10:57:44.916,1.0291,1.02925,2.29,3.00
2011.09.15 10:57:45.584,1.0291,1.02925,2.29,2.25
2011.09.15 10:57:46.186,1.0291,1.02925,2.29,2.25
2011.09.15 10:57:50.347,1.0291,1.02925,2.29,2.25
2011.09.15 10:57:50.829,1.02915,1.02926,1.50,2.25
2011.09.15 10:57:51.648,1.02914,1.02925,2.10,1.50
2011.09.15 10:57:51.770,1.02913,1.02925,1.13,1.50
2011.09.15 10:57:52.013,1.02915,1.02925,1.50,1.50
2011.09.15 10:57:52.616,1.02914,1.02926,1.50,2.25
2011.09.15 10:57:56.920,1.02913,1.02926,2.48,2.25
2011.09.15 10:57:57.161,1.0291,1.02924,1.54,2.25
2011.09.15 10:57:57.288,1.02913,1.02925,2.10,1.50
2011.09.15 10:57:57.408,1.02914,1.02926,1.50,2.25
2011.09.15 10:57:57.997,1.02914,1.02926,1.50,1.50
2011.09.15 10:57:58.349,1.02914,1.02926,1.50,1.50
2011.09.15 10:58:02.159,1.02914,1.02926,1.50,3.00
2011.09.15 10:58:02.809,1.02914,1.02927,1.50,2.25
2011.09.15 10:58:09.279,1.02916,1.02929,1.35,1.50
2011.09.15 10:58:13.557,1.02917,1.02931,1.50,3.75
2011.09.15 10:58:14.282,1.02917,1.02931,1.50,2.25
2011.09.15 10:58:17.385,1.02917,1.02931,1.50,2.25
2011.09.15 10:58:18.815,1.02915,1.0293,1.50,1.50
2011.09.15 10:58:20.890,1.02917,1.0293,1.13,1.50
2011.09.15 10:58:21.250,1.02925,1.02935,1.50,4.50
2011.09.15 10:58:21.490,1.02925,1.02939,3.00,2.25
2011.09.15 10:58:22.167,1.02925,1.0294,3.00,1.50
2011.09.15 10:58:22.646,1.02925,1.02941,3.00,1.50
2011.09.15 10:58:26.589,1.02925,1.0294,3.98,1.50
2011.09.15 10:58:30.425,1.02925,1.02941,3.60,2.25
2011.09.15 10:58:30.672,1.02925,1.02938,2.85,1.50
2011.09.15 10:58:30.804,1.02923,1.02938,2.63,3.75
2011.09.15 10:58:31.168,1.02922,1.02936,1.50,1.50
2011.09.15 10:58:31.867,1.02922,1.02936,2.25,1.50
2011.09.15 10:58:32.455,1.02922,1.02936,2.25,1.50
2011.09.15 10:58:32.980,1.02922,1.02936,2.25,1.50
2011.09.15 10:58:33.756,1.02922,1.02936,2.25,1.50
2011.09.15 10:58:34.316,1.02922,1.02936,1.50,2.25
2011.09.15 10:58:34.958,1.02922,1.02936,1.50,2.25
2011.09.15 10:58:35.627,1.02922,1.02936,1.50,1.50
2011.09.15 10:58:36.336,1.02921,1.02934,1.50,1.50
2011.09.15 10:58:36.698,1.02917,1.02931,2.41,2.25
2011.09.15 10:58:37.285,1.02916,1.0293,1.50,1.50
2011.09.15 10:58:41.630,1.02917,1.02932,2.25,1.50
2011.09.15 10:58:42.205,1.02917,1.02932,2.25,1.50
2011.09.15 10:58:46.146,1.02917,1.02932,2.25,1.50
2011.09.15 10:58:51.328,1.02917,1.02932,2.25,2.25
2011.09.15 10:58:52.082,1.02917,1.02932,2.25,1.50
2011.09.15 10:58:52.736,1.02917,1.02931,1.50,1.50
2011.09.15 10:58:53.371,1.02915,1.02931,2.25,1.50
2011.09.15 10:58:56.509,1.02915,1.02931,2.25,1.50
2011.09.15 10:58:58.208,1.02915,1.02931,2.25,1.50
2011.09.15 10:58:58.786,1.02915,1.02931,2.25,2.25
2011.09.15 10:58:59.347,1.02915,1.02931,1.50,2.25
2011.09.15 10:58:59.906,1.02915,1.02931,1.50,2.25
2011.09.15 10:59:00.488,1.02915,1.02931,2.25,1.50
2011.09.15 10:59:01.076,1.02917,1.02931,1.50,1.50
2011.09.15 10:59:02.131,1.02917,1.02932,1.50,3.00
2011.09.15 10:59:02.687,1.02915,1.02931,2.63,1.50
2011.09.15 10:59:03.277,1.02915,1.02931,2.63,1.50
2011.09.15 10:59:03.965,1.02915,1.0293,1.50,2.25
2011.09.15 10:59:44.202,1.02913,1.02928,1.54,2.25
2011.09.15 10:59:44.571,1.02914,1.02928,1.54,3.75
2011.09.15 10:59:44.821,1.02914,1.02931,3.04,3.00
2011.09.15 10:59:46.991,1.02916,1.02931,1.35,2.25
2011.09.15 10:59:47.473,1.02915,1.02924,1.66,1.50
2011.09.15 10:59:47.845,1.02915,1.02929,1.50,1.50
2011.09.15 10:59:48.087,1.02915,1.0293,1.50,2.25
2011.09.15 10:59:48.878,1.02917,1.02931,1.50,2.25
2011.09.15 10:59:49.219,1.02918,1.02932,1.50,1.50
2011.09.15 10:59:51.688,1.02918,1.02932,1.54,1.50
2011.09.15 10:59:54.105,1.02918,1.02932,1.54,1.62
2011.09.15 10:59:54.349,1.02913,1.02924,1.70,2.25
2011.09.15 10:59:54.469,1.02915,1.02924,2.14,2.25
2011.09.15 10:59:54.709,1.02915,1.02931,3.20,3.00
2011.09.15 10:59:54.830,1.02917,1.02931,1.54,1.50
2011.09.15 10:59:57.880,1.02917,1.02928,1.54,2.25
2011.09.15 10:59:58.678,1.02917,1.02929,1.54,2.25
2011.09.15 10:59:58.936,1.02915,1.02929,1.54,1.13
2011.09.15 10:59:59.785,1.02915,1.02928,1.17,2.63
