2012.03.21 08:00:00.238,1.05031,1.05042,1.50,2.14
2012.03.21 08:00:00.383,1.05028,1.0504,3.19,2.25
2012.03.21 08:00:00.850,1.0503,1.05042,1.50,3.45
2012.03.21 08:00:00.932,1.05034,1.05042,1.50,1.20
2012.03.21 08:00:01.392,1.0503,1.0504,2.25,1.50
2012.03.21 08:00:01.475,1.05031,1.05042,1.50,1.20
2012.03.21 08:00:01.900,1.05034,1.05042,1.50,1.20
2012.03.21 08:00:01.978,1.05031,1.05042,1.50,1.20
2012.03.21 08:00:02.537,1.05031,1.05043,1.88,7.20
2012.03.21 08:00:02.610,1.05032,1.0504,1.50,1.50
2012.03.21 08:00:02.680,1.05032,1.05042,3.38,2.25
2012.03.21 08:00:03.148,1.05035,1.05043,1.50,3.45
2012.03.21 08:00:03.217,1.05032,1.05043,3.38,3.45
2012.03.21 08:00:03.963,1.05034,1.05043,1.50,3.00
2012.03.21 08:00:04.621,1.05033,1.05042,1.13,1.50
2012.03.21 08:00:05.177,1.05034,1.05043,1.50,2.25
2012.03.21 08:00:05.756,1.05034,1.05043,1.50,3.00
2012.03.21 08:00:06.276,1.05032,1.05042,3.38,1.50
2012.03.21 08:00:07.074,1.05033,1.05043,2.25,4.20
2012.03.21 08:00:07.848,1.05033,1.05043,2.25,4.20
2012.03.21 08:00:08.389,1.05033,1.05043,2.63,4.20
2012.03.21 08:00:09.089,1.05033,1.05043,2.63,3.45
2012.03.21 08:00:09.455,1.05033,1.05043,2.25,3.45
2012.03.21 08:00:10.735,1.05033,1.05042,2.25,1.20
2012.03.21 08:00:11.006,1.05029,1.05041,2.44,1.50
2012.03.21 08:00:11.150,1.05028,1.05038,3.75,1.50
2012.03.21 08:00:11.619,1.0503,1.05042,1.69,3.45
2012.03.21 08:00:13.426,1.0503,1.05042,1.50,3.45
2012.03.21 08:00:14.256,1.0503,1.05042,1.50,3.45
2012.03.21 08:00:14.794,1.0503,1.05042,1.50,3.45
2012.03.21 08:00:15.941,1.05032,1.05043,2.70,3.38
2012.03.21 08:00:16.308,1.05037,1.05046,1.50,1.20
2012.03.21 08:00:16.956,1.05035,1.05046,2.25,1.20
2012.03.21 08:00:17.849,1.05034,1.05044,1.50,1.50
2012.03.21 08:00:18.257,1.05037,1.05044,2.25,1.50
2012.03.21 08:00:18.329,1.05037,1.05047,2.25,3.75
2012.03.21 08:00:19.126,1.05035,1.05046,2.63,1.20
2012.03.21 08:00:19.207,1.05034,1.05044,1.88,1.50
2012.03.21 08:00:20.226,1.05034,1.05044,2.63,1.50
2012.03.21 08:00:20.444,1.05036,1.05046,2.25,2.70
2012.03.21 08:00:20.529,1.05038,1.05048,2.74,3.75
2012.03.21 08:00:21.054,1.05041,1.05051,2.25,3.45
2012.03.21 08:00:21.349,1.05043,1.05055,3.75,2.25
2012.03.21 08:00:21.418,1.05045,1.05057,3.19,3.83
2012.03.21 08:00:21.490,1.05048,1.05057,1.50,2.33
2012.03.21 08:00:21.849,1.05044,1.05053,1.50,1.50
2012.03.21 08:00:21.916,1.05041,1.05051,2.70,1.50
2012.03.21 08:00:21.989,1.05039,1.05051,3.00,1.50
2012.03.21 08:00:22.132,1.05039,1.05051,1.50,4.40
2012.03.21 08:00:22.282,1.05037,1.05047,2.25,2.70
2012.03.21 08:00:22.668,1.05041,1.05047,1.20,1.50
2012.03.21 08:00:23.207,1.05041,1.05051,1.95,5.15
2012.03.21 08:00:23.423,1.0504,1.05051,3.00,3.64
2012.03.21 08:00:23.567,1.05039,1.05051,1.50,4.39
2012.03.21 08:00:23.709,1.05037,1.05049,5.70,1.50
2012.03.21 08:00:23.778,1.05037,1.05047,2.25,1.20
2012.03.21 08:00:24.327,1.05036,1.05046,1.88,1.50
2012.03.21 08:00:30.224,1.05036,1.05046,3.75,1.50
2012.03.21 08:00:30.573,1.05042,1.05052,1.50,2.63
2012.03.21 08:00:30.987,1.05043,1.05052,2.15,1.50
2012.03.21 08:00:31.137,1.05047,1.05057,4.20,1.50
2012.03.21 08:00:31.280,1.0505,1.05056,1.50,1.20
2012.03.21 08:00:31.503,1.05047,1.05056,2.25,1.20
2012.03.21 08:00:31.708,1.05049,1.05056,1.50,1.20
2012.03.21 08:00:31.780,1.05046,1.05056,2.25,1.20
2012.03.21 08:00:32.316,1.05045,1.05055,1.50,1.50
2012.03.21 08:00:32.918,1.05043,1.05053,2.63,1.50
2012.03.21 08:00:33.270,1.0504,1.05051,1.13,2.70
2012.03.21 08:00:33.609,1.05038,1.05048,2.25,1.50
2012.03.21 08:00:34.910,1.05038,1.05048,2.44,1.50
2012.03.21 08:00:34.986,1.05039,1.05051,2.25,2.70
2012.03.21 08:00:35.195,1.05039,1.05046,1.50,1.20
2012.03.21 08:00:35.700,1.05038,1.05046,2.44,1.20
2012.03.21 08:00:36.025,1.0504,1.05046,1.50,1.20
2012.03.21 08:00:36.526,1.05043,1.0505,1.35,3.75
2012.03.21 08:00:36.602,1.05045,1.0505,2.70,3.75
2012.03.21 08:00:37.070,1.05049,1.05059,1.50,1.50
2012.03.21 08:00:37.707,1.05046,1.05056,4.50,1.20
2012.03.21 08:00:37.787,1.05047,1.05058,1.50,1.50
2012.03.21 08:00:37.863,1.05048,1.05058,1.50,1.50
2012.03.21 08:00:37.944,1.05048,1.0506,3.00,1.69
2012.03.21 08:00:38.016,1.05048,1.0506,3.75,1.69
2012.03.21 08:00:38.537,1.05048,1.05058,1.50,1.20
2012.03.21 08:00:38.615,1.05048,1.0506,1.50,1.69
2012.03.21 08:00:38.777,1.05052,1.05062,1.20,3.00
2012.03.21 08:00:39.342,1.05053,1.05062,1.20,1.50
2012.03.21 08:00:40.142,1.05053,1.05064,1.20,3.38
2012.03.21 08:00:40.770,1.05053,1.05064,1.20,1.50
2012.03.21 08:00:42.988,1.05058,1.05064,1.20,1.50
2012.03.21 08:00:43.271,1.05058,1.05068,1.20,1.50
2012.03.21 08:00:47.219,1.05056,1.05067,4.50,1.20
2012.03.21 08:00:47.288,1.05056,1.05065,2.25,1.50
2012.03.21 08:00:47.641,1.05053,1.05061,1.20,1.50
2012.03.21 08:00:48.300,1.05053,1.05063,1.20,1.50
2012.03.21 08:00:48.381,1.05057,1.05061,1.20,3.00
2012.03.21 08:00:48.676,1.05057,1.05065,3.45,2.25
2012.03.21 08:00:48.753,1.05057,1.05063,2.25,1.20
2012.03.21 08:00:48.901,1.05055,1.05063,1.50,3.45
2012.03.21 08:00:48.982,1.05052,1.05062,4.20,1.50
2012.03.21 08:00:49.546,1.05052,1.05062,2.70,1.50
2012.03.21 08:00:53.939,1.05053,1.05064,1.50,1.50
2012.03.21 08:00:54.451,1.05052,1.05062,2.70,1.50
2012.03.21 08:00:57.145,1.05049,1.05061,3.00,1.50
2012.03.21 08:00:57.925,1.05049,1.05061,2.25,1.69
2012.03.21 08:00:58.008,1.05051,1.05062,2.25,1.20
2012.03.21 08:00:58.419,1.05049,1.05061,2.25,1.69
2012.03.21 08:00:58.756,1.05052,1.05062,2.70,2.25
2012.03.21 08:00:59.147,1.05052,1.05061,5.70,1.69
2012.03.21 08:00:59.396,1.05056,1.05065,3.45,1.50
2012.03.21 08:00:59.539,1.05057,1.05063,1.50,2.63
2012.03.21 08:00:59.683,1.05053,1.05063,1.50,2.63
2012.03.21 08:00:59.826,1.0505,1.0506,1.88,1.50
2012.03.21 08:01:00.037,1.05048,1.05058,4.39,1.50
2012.03.21 08:01:00.750,1.05051,1.05061,1.50,1.69
2012.03.21 08:01:02.141,1.05048,1.0506,3.00,1.69
2012.03.21 08:01:02.219,1.05048,1.05058,1.50,1.20
2012.03.21 08:01:02.758,1.05047,1.05057,1.50,1.50
2012.03.21 08:01:03.297,1.05047,1.05057,1.50,2.25
2012.03.21 08:01:04.559,1.05047,1.05057,1.50,1.50
2012.03.21 08:01:06.108,1.05044,1.05053,1.50,1.20
2012.03.21 08:01:06.606,1.05043,1.05052,1.20,1.50
2012.03.21 08:01:06.951,1.0504,1.0505,3.00,1.69
2012.03.21 08:01:07.171,1.05042,1.05051,1.20,1.69
2012.03.21 08:01:07.708,1.05043,1.05053,1.50,2.25
2012.03.21 08:01:07.852,1.05045,1.05055,1.50,3.00
2012.03.21 08:01:08.266,1.05043,1.05052,1.50,2.70
2012.03.21 08:01:08.337,1.0504,1.05052,1.50,4.20
2012.03.21 08:01:08.607,1.05038,1.0505,4.20,1.69
2012.03.21 08:01:08.949,1.05039,1.05049,1.50,2.25
2012.03.21 08:01:09.289,1.05037,1.05047,1.50,2.25
2012.03.21 08:01:09.825,1.05036,1.05048,1.50,3.45
2012.03.21 08:01:10.965,1.05036,1.05048,2.25,3.45
2012.03.21 08:01:11.514,1.05036,1.05048,2.25,3.45
2012.03.21 08:01:13.301,1.05036,1.05048,1.50,3.45
2012.03.21 08:01:19.703,1.05038,1.05047,1.20,1.50
2012.03.21 08:01:19.849,1.05038,1.05048,1.20,2.25
2012.03.21 08:01:20.649,1.05039,1.05049,1.50,2.25
2012.03.21 08:01:21.000,1.05036,1.05045,3.75,1.20
2012.03.21 08:01:21.290,1.05032,1.05044,6.73,1.50
2012.03.21 08:01:21.641,1.05038,1.05048,1.50,2.70
2012.03.21 08:01:22.230,1.05038,1.05048,3.00,2.70
2012.03.21 08:01:22.758,1.0504,1.05048,2.25,1.20
2012.03.21 08:01:22.948,1.0504,1.0505,1.50,4.88
2012.03.21 08:01:23.370,1.05038,1.05049,1.20,2.25
2012.03.21 08:01:23.443,1.05038,1.05046,1.20,2.15
2012.03.21 08:01:24.128,1.05033,1.05043,1.50,1.39
2012.03.21 08:01:24.937,1.05036,1.05047,1.50,1.32
2012.03.21 08:01:25.885,1.05036,1.05048,1.50,3.45
2012.03.21 08:01:27.797,1.05034,1.05046,1.69,1.50
2012.03.21 08:01:28.129,1.05032,1.05044,4.20,1.50
2012.03.21 08:01:28.640,1.05035,1.05045,1.50,1.50
2012.03.21 08:01:29.650,1.05036,1.05048,1.50,3.83
2012.03.21 08:01:29.856,1.05038,1.05048,1.50,1.58
2012.03.21 08:01:30.114,1.05036,1.05048,1.50,3.08
2012.03.21 08:01:31.667,1.05037,1.05048,4.20,1.50
2012.03.21 08:01:31.743,1.05039,1.05051,1.50,3.00
2012.03.21 08:01:32.096,1.05041,1.05051,1.50,1.13
2012.03.21 08:01:32.770,1.05041,1.05051,2.25,2.44
2012.03.21 08:01:33.097,1.05043,1.05053,1.50,4.50
2012.03.21 08:01:33.611,1.05045,1.05053,1.50,3.00
2012.03.21 08:01:33.698,1.05043,1.05053,1.50,4.50
2012.03.21 08:01:34.195,1.05043,1.05053,1.50,4.95
2012.03.21 08:01:34.938,1.05043,1.05051,1.50,1.50
2012.03.21 08:01:35.279,1.05038,1.05048,1.50,1.50
2012.03.21 08:01:35.842,1.05037,1.05048,1.50,2.70
2012.03.21 08:01:35.918,1.05037,1.05045,1.50,1.50
2012.03.21 08:01:36.482,1.05037,1.05047,2.25,1.50
2012.03.21 08:01:44.979,1.05037,1.05045,1.50,1.20
2012.03.21 08:01:45.249,1.05033,1.05043,2.25,1.50
2012.03.21 08:01:45.376,1.05033,1.05043,3.00,1.50
2012.03.21 08:01:46.035,1.05034,1.05044,1.50,2.25
2012.03.21 08:01:46.536,1.05033,1.05043,2.25,1.69
2012.03.21 08:01:47.006,1.05034,1.05044,2.25,3.19
2012.03.21 08:01:47.341,1.05032,1.05044,2.25,3.94
2012.03.21 08:01:47.558,1.0503,1.05039,3.00,1.50
2012.03.21 08:01:47.886,1.05033,1.05039,1.95,1.50
2012.03.21 08:01:48.339,1.05033,1.05041,1.95,1.50
2012.03.21 08:01:48.424,1.05035,1.05045,1.50,1.50
2012.03.21 08:01:48.711,1.05033,1.05044,1.95,1.50
2012.03.21 08:01:49.126,1.05035,1.05045,1.50,2.25
2012.03.21 08:01:51.877,1.05035,1.05045,2.25,1.50
2012.03.21 08:01:52.399,1.05039,1.05047,1.50,1.95
2012.03.21 08:01:52.959,1.05039,1.05048,1.50,2.63
2012.03.21 08:01:53.030,1.05037,1.05047,3.45,1.50
2012.03.21 08:01:53.106,1.05039,1.05048,1.50,1.13
2012.03.21 08:01:54.229,1.05037,1.05047,1.50,1.20
2012.03.21 08:01:54.308,1.05037,1.05046,1.50,1.50
2012.03.21 08:01:55.024,1.05037,1.05047,2.25,3.45
2012.03.21 08:01:55.573,1.05037,1.05047,2.25,3.83
2012.03.21 08:01:56.114,1.05037,1.05047,1.50,2.70
2012.03.21 08:01:56.884,1.05037,1.05047,1.50,3.83
2012.03.21 08:01:57.398,1.05037,1.05047,1.50,2.70
2012.03.21 08:01:59.896,1.05038,1.05047,1.20,1.50
2012.03.21 08:02:00.403,1.05041,1.0505,1.50,1.50
2012.03.21 08:02:00.756,1.05039,1.05049,1.50,1.50
2012.03.21 08:02:01.270,1.0504,1.05051,1.50,1.13
2012.03.21 08:02:01.777,1.05039,1.05049,1.50,1.50
2012.03.21 08:02:04.767,1.0504,1.0505,1.50,1.88
2012.03.21 08:02:04.906,1.05042,1.05052,1.50,4.20
2012.03.21 08:02:05.095,1.05039,1.05051,1.50,2.25
2012.03.21 08:02:05.430,1.05038,1.05048,6.45,1.50
2012.03.21 08:02:06.880,1.0504,1.0505,1.50,1.69
2012.03.21 08:02:13.797,1.05038,1.05048,4.20,1.50
2012.03.21 08:02:14.131,1.05036,1.05045,2.25,1.50
2012.03.21 08:02:14.860,1.05037,1.05047,1.50,3.00
2012.03.21 08:02:15.135,1.05037,1.05047,1.50,3.38
2012.03.21 08:02:15.491,1.0503,1.05037,1.50,1.20
2012.03.21 08:02:15.637,1.05026,1.05036,2.25,1.50
2012.03.21 08:02:16.157,1.05027,1.05037,1.50,1.20
2012.03.21 08:02:17.217,1.05028,1.05039,1.20,3.94
2012.03.21 08:02:17.359,1.05033,1.05042,1.20,4.50
2012.03.21 08:02:17.827,1.05034,1.05044,1.50,2.25
2012.03.21 08:02:18.326,1.05036,1.05046,1.50,1.69
2012.03.21 08:02:18.595,1.05034,1.05044,2.25,1.50
2012.03.21 08:02:19.653,1.05034,1.05044,2.25,1.50
2012.03.21 08:02:20.056,1.05034,1.05044,3.75,1.50
2012.03.21 08:02:20.266,1.05037,1.05046,2.25,1.50
2012.03.21 08:02:20.477,1.05038,1.05049,1.95,3.94
2012.03.21 08:02:20.688,1.0504,1.0505,1.50,4.50
2012.03.21 08:02:21.099,1.05038,1.05048,3.45,1.69
2012.03.21 08:02:23.245,1.05038,1.05048,3.45,1.50
2012.03.21 08:02:24.765,1.05038,1.05048,2.70,1.50
2012.03.21 08:02:29.757,1.0504,1.0505,1.50,1.69
2012.03.21 08:02:30.757,1.05038,1.05048,2.70,1.50
2012.03.21 08:02:37.137,1.05036,1.05043,3.75,1.50
2012.03.21 08:02:37.632,1.05035,1.05041,1.50,1.50
2012.03.21 08:02:37.985,1.05033,1.05041,1.50,1.50
2012.03.21 08:02:38.426,1.05034,1.05045,1.50,1.50
2012.03.21 08:02:38.969,1.05035,1.05047,2.25,1.88
2012.03.21 08:02:39.254,1.05034,1.05045,1.50,1.50
2012.03.21 08:02:39.402,1.05033,1.05045,3.00,1.50
2012.03.21 08:02:39.549,1.05033,1.05042,1.50,1.50
2012.03.21 08:02:40.066,1.05033,1.05045,1.50,1.50
2012.03.21 08:02:42.552,1.05033,1.05042,1.50,1.20
2012.03.21 08:02:42.771,1.05031,1.05042,3.00,1.20
2012.03.21 08:02:44.199,1.0503,1.0504,1.50,1.50
2012.03.21 08:02:44.545,1.05028,1.05037,1.20,1.50
2012.03.21 08:02:45.025,1.05028,1.05039,1.20,1.50
2012.03.21 08:02:48.525,1.0503,1.0504,1.50,1.50
2012.03.21 08:02:48.989,1.05032,1.0504,1.20,3.00
2012.03.21 08:02:49.715,1.05032,1.05042,1.20,1.88
2012.03.21 08:02:50.269,1.05033,1.05041,1.35,1.50
2012.03.21 08:02:50.335,1.05038,1.05048,1.50,5.89
2012.03.21 08:02:50.608,1.05035,1.05045,3.00,1.50
2012.03.21 08:02:53.701,1.05037,1.05047,1.50,1.69
2012.03.21 08:02:53.838,1.05034,1.05046,3.00,3.00
2012.03.21 08:02:53.907,1.05034,1.05044,1.50,1.50
2012.03.21 08:02:53.976,1.05034,1.05046,3.00,1.50
2012.03.21 08:02:54.637,1.05034,1.05046,3.00,1.50
2012.03.21 08:02:55.156,1.05034,1.05046,1.50,1.50
2012.03.21 08:02:55.229,1.05033,1.05043,3.00,1.50
2012.03.21 08:02:55.438,1.05032,1.05043,2.70,1.50
2012.03.21 08:02:55.639,1.05033,1.0504,1.50,1.50
2012.03.21 08:02:55.885,1.05033,1.05043,1.50,3.00
2012.03.21 08:02:55.958,1.05033,1.0504,1.50,1.50
2012.03.21 08:02:56.691,1.05032,1.0504,1.95,1.50
2012.03.21 08:02:56.768,1.05032,1.05044,3.45,1.50
2012.03.21 08:02:58.368,1.05032,1.05042,1.95,1.50
2012.03.21 08:02:58.727,1.05032,1.05044,3.45,1.50
2012.03.21 08:02:59.118,1.05034,1.05046,1.50,3.94
2012.03.21 08:02:59.459,1.05032,1.05042,4.95,1.50
2012.03.21 08:02:59.775,1.05033,1.05042,2.10,1.50
2012.03.21 08:02:59.848,1.05038,1.05047,1.50,1.69
2012.03.21 08:03:00.497,1.05038,1.0505,1.50,2.63
2012.03.21 08:03:00.712,1.05037,1.05048,1.20,1.50
2012.03.21 08:03:01.808,1.05037,1.05048,1.95,1.50
2012.03.21 08:03:02.652,1.05041,1.05048,1.50,1.50
2012.03.21 08:03:03.135,1.0504,1.0505,3.00,3.00
2012.03.21 08:03:03.492,1.05042,1.05046,1.95,1.50
2012.03.21 08:03:03.713,1.05042,1.05053,1.95,1.50
2012.03.21 08:03:05.178,1.05042,1.05053,1.95,1.50
2012.03.21 08:03:05.694,1.05042,1.05053,4.43,1.50
2012.03.21 08:03:05.766,1.05042,1.05053,4.43,1.50
2012.03.21 08:03:06.038,1.05042,1.0505,2.33,1.50
2012.03.21 08:03:06.196,1.05042,1.0505,3.69,1.50
2012.03.21 08:03:06.485,1.05042,1.05052,3.45,1.50
2012.03.21 08:03:06.978,1.05042,1.05053,2.70,1.50
2012.03.21 08:03:07.646,1.05042,1.05053,1.20,1.50
2012.03.21 08:03:07.860,1.0504,1.05047,2.25,1.50
2012.03.21 08:03:08.342,1.05042,1.05046,1.20,1.50
2012.03.21 08:03:08.425,1.05042,1.0505,1.20,1.50
2012.03.21 08:03:08.569,1.05042,1.05053,1.95,1.69
2012.03.21 08:03:08.705,1.05044,1.05054,1.50,2.44
2012.03.21 08:03:09.106,1.05042,1.05053,2.70,1.50
2012.03.21 08:03:09.427,1.05043,1.05055,1.50,1.50
2012.03.21 08:03:09.577,1.05042,1.05053,4.20,1.50
2012.03.21 08:03:10.192,1.05042,1.05053,1.95,1.50
2012.03.21 08:03:11.646,1.05042,1.05053,1.20,1.50
2012.03.21 08:03:12.727,1.05042,1.05053,1.95,1.50
2012.03.21 08:03:13.258,1.05042,1.05053,1.95,1.50
2012.03.21 08:03:13.627,1.05042,1.0505,1.95,1.50
2012.03.21 08:03:13.966,1.05042,1.0505,1.50,1.50
2012.03.21 08:03:14.305,1.05042,1.05052,2.25,1.50
2012.03.21 08:03:15.970,1.05042,1.05052,2.70,1.50
2012.03.21 08:03:16.037,1.05044,1.05054,1.50,1.69
2012.03.21 08:03:16.393,1.05042,1.05051,1.20,1.50
2012.03.21 08:03:16.735,1.05039,1.05047,1.13,1.50
2012.03.21 08:03:16.926,1.05038,1.05049,1.50,1.50
2012.03.21 08:03:19.266,1.05038,1.05049,1.50,1.50
2012.03.21 08:03:24.090,1.05042,1.05049,1.20,1.50
2012.03.21 08:03:24.202,1.05045,1.05057,2.25,3.75
2012.03.21 08:03:24.353,1.05045,1.05057,2.25,2.25
2012.03.21 08:03:24.496,1.05045,1.05057,1.50,1.50
2012.03.21 08:03:24.717,1.05048,1.05058,1.50,3.08
2012.03.21 08:03:25.004,1.05045,1.05057,4.50,1.50
2012.03.21 08:03:25.489,1.05043,1.05055,3.19,1.50
2012.03.21 08:03:26.036,1.05043,1.05055,2.44,1.50
2012.03.21 08:03:26.545,1.05043,1.05055,1.69,1.50
2012.03.21 08:03:27.056,1.05043,1.05055,2.44,1.50
2012.03.21 08:03:27.576,1.05043,1.05055,1.69,1.50
2012.03.21 08:03:28.515,1.05043,1.05055,2.25,1.50
2012.03.21 08:03:29.203,1.05043,1.05055,1.50,1.50
2012.03.21 08:03:31.074,1.05045,1.05057,1.50,1.50
2012.03.21 08:03:32.455,1.05044,1.05054,1.50,1.50
2012.03.21 08:03:35.666,1.05044,1.05054,2.25,1.50
2012.03.21 08:03:35.871,1.05047,1.05057,1.20,1.50
2012.03.21 08:03:36.605,1.05047,1.05058,1.95,1.50
2012.03.21 08:03:36.676,1.05048,1.0506,1.50,2.63
2012.03.21 08:03:37.011,1.05047,1.05057,5.70,1.50
2012.03.21 08:03:37.364,1.05055,1.05065,1.50,1.50
2012.03.21 08:03:37.717,1.05059,1.05069,1.50,2.25
2012.03.21 08:03:37.997,1.05057,1.05067,1.50,2.70
2012.03.21 08:03:38.215,1.05056,1.05063,1.50,1.50
2012.03.21 08:03:38.691,1.05054,1.05063,1.50,1.50
2012.03.21 08:03:38.968,1.05055,1.05065,1.50,1.50
2012.03.21 08:03:39.702,1.05055,1.05064,1.50,1.20
2012.03.21 08:03:40.059,1.05053,1.05064,2.33,1.69
2012.03.21 08:03:40.714,1.05055,1.05065,1.50,1.50
2012.03.21 08:03:40.796,1.05056,1.05067,1.50,1.20
2012.03.21 08:03:41.991,1.05058,1.05068,1.20,2.63
2012.03.21 08:03:42.547,1.05059,1.05069,1.50,2.44
2012.03.21 08:03:43.144,1.05058,1.05067,1.20,1.50
2012.03.21 08:03:46.469,1.05058,1.05067,1.20,2.25
2012.03.21 08:03:46.970,1.05058,1.05067,1.20,2.25
2012.03.21 08:03:47.288,1.05058,1.05065,1.20,1.50
2012.03.21 08:03:47.419,1.05058,1.05068,1.20,4.13
2012.03.21 08:03:47.687,1.05056,1.05067,3.00,1.95
2012.03.21 08:03:47.900,1.05056,1.05063,1.50,1.50
2012.03.21 08:03:48.105,1.05054,1.05063,3.00,1.50
2012.03.21 08:03:48.361,1.05055,1.05065,1.50,3.00
2012.03.21 08:03:50.396,1.05053,1.05062,1.20,1.50
2012.03.21 08:03:51.209,1.05054,1.05064,1.50,1.50
2012.03.21 08:03:53.328,1.05053,1.05061,1.20,1.50
2012.03.21 08:03:53.855,1.05053,1.05062,1.20,1.50
2012.03.21 08:03:54.129,1.05053,1.05064,1.20,1.69
2012.03.21 08:03:55.045,1.05053,1.05064,1.20,3.19
2012.03.21 08:03:55.397,1.05052,1.0506,1.50,2.25
2012.03.21 08:03:55.467,1.05049,1.0506,2.25,2.25
2012.03.21 08:03:55.606,1.05048,1.05058,2.70,1.50
2012.03.21 08:03:55.810,1.05048,1.05058,3.45,1.50
2012.03.21 08:03:55.950,1.05049,1.05061,1.50,2.44
2012.03.21 08:03:56.241,1.05051,1.05061,2.10,1.69
2012.03.21 08:03:56.838,1.05057,1.05063,1.50,3.75
2012.03.21 08:03:56.928,1.05058,1.0507,1.88,3.38
2012.03.21 08:03:57.002,1.0506,1.05069,1.50,1.88
2012.03.21 08:03:57.082,1.05061,1.05071,2.63,1.50
2012.03.21 08:03:57.641,1.05062,1.05071,1.50,3.00
2012.03.21 08:03:57.719,1.05059,1.05069,2.25,1.50
2012.03.21 08:03:57.934,1.05057,1.05065,4.20,1.50
2012.03.21 08:03:59.108,1.05057,1.05067,2.70,1.50
2012.03.21 08:03:59.378,1.05057,1.05067,4.28,1.50
2012.03.21 08:03:59.456,1.0506,1.0507,1.50,3.75
2012.03.21 08:03:59.603,1.05058,1.05068,3.75,1.50
2012.03.21 08:03:59.889,1.0506,1.0507,1.50,1.50
2012.03.21 08:04:00.103,1.05058,1.05069,2.25,1.50
2012.03.21 08:04:00.520,1.05056,1.05064,2.25,1.50
2012.03.21 08:04:00.858,1.05056,1.05067,2.25,2.70
2012.03.21 08:04:00.926,1.05056,1.05067,2.25,2.70
2012.03.21 08:04:01.479,1.05056,1.05067,2.63,1.20
2012.03.21 08:04:01.753,1.05056,1.05067,2.25,1.20
2012.03.21 08:04:03.057,1.05056,1.05067,2.25,1.20
2012.03.21 08:04:03.521,1.05064,1.05073,1.50,3.64
2012.03.21 08:04:03.796,1.05061,1.05072,1.50,1.50
2012.03.21 08:04:04.012,1.05063,1.05073,1.20,2.25
2012.03.21 08:04:04.305,1.05064,1.05076,1.50,3.38
2012.03.21 08:04:05.097,1.05064,1.05072,1.50,2.15
2012.03.21 08:04:05.454,1.05057,1.05063,1.20,1.69
2012.03.21 08:04:05.600,1.05054,1.05065,3.00,2.25
2012.03.21 08:04:05.669,1.05053,1.05063,6.83,1.69
2012.03.21 08:04:06.159,1.05055,1.05065,1.50,1.69
2012.03.21 08:04:06.862,1.05055,1.05065,1.50,1.50
2012.03.21 08:04:08.880,1.05055,1.05064,1.50,1.50
2012.03.21 08:04:09.232,1.05054,1.05062,3.75,1.13
2012.03.21 08:04:09.704,1.05048,1.05056,1.20,2.15
2012.03.21 08:04:09.799,1.05045,1.05056,1.88,2.30
2012.03.21 08:04:09.930,1.05045,1.05057,1.88,3.38
2012.03.21 08:04:10.139,1.05044,1.05054,1.88,1.50
2012.03.21 08:04:10.278,1.05044,1.05056,1.88,1.50
2012.03.21 08:04:10.347,1.05043,1.05053,2.85,1.50
2012.03.21 08:04:10.477,1.05044,1.05056,1.50,1.50
2012.03.21 08:04:14.239,1.05044,1.05056,1.50,3.38
2012.03.21 08:04:14.425,1.05037,1.05049,3.75,1.50
2012.03.21 08:04:14.500,1.05037,1.05046,1.13,1.50
2012.03.21 08:04:14.640,1.05037,1.05048,1.13,1.50
2012.03.21 08:04:14.777,1.05041,1.05048,1.20,1.50
2012.03.21 08:04:14.860,1.05041,1.0505,1.20,2.63
2012.03.21 08:04:16.953,1.05042,1.05052,1.50,1.50
2012.03.21 08:04:18.315,1.05044,1.05054,1.50,3.00
2012.03.21 08:04:18.879,1.05044,1.05054,1.50,2.25
2012.03.21 08:04:19.230,1.05042,1.0505,1.13,1.50
2012.03.21 08:04:19.534,1.05046,1.05052,1.20,1.50
2012.03.21 08:04:19.610,1.05046,1.05056,1.20,1.50
2012.03.21 08:04:20.110,1.05044,1.05052,2.25,1.50
2012.03.21 08:04:20.194,1.05041,1.05051,1.50,2.25
2012.03.21 08:04:20.701,1.05041,1.05051,3.45,1.50
2012.03.21 08:04:21.248,1.05043,1.05053,1.50,3.00
2012.03.21 08:04:21.900,1.05043,1.05053,1.50,1.50
2012.03.21 08:04:22.400,1.05043,1.05053,1.88,3.00
2012.03.21 08:04:24.494,1.05043,1.0505,1.50,1.20
2012.03.21 08:04:25.313,1.0504,1.0505,1.88,1.95
2012.03.21 08:04:25.388,1.05039,1.05047,1.50,1.50
2012.03.21 08:04:25.457,1.05036,1.05047,1.58,1.50
2012.03.21 08:04:25.829,1.05035,1.05046,1.50,1.20
2012.03.21 08:04:25.917,1.05031,1.0504,1.88,1.50
2012.03.21 08:04:26.263,1.05031,1.05042,1.88,1.50
2012.03.21 08:04:26.768,1.0503,1.05041,1.58,1.50
2012.03.21 08:04:27.317,1.05031,1.05042,1.88,1.50
2012.03.21 08:04:28.080,1.05032,1.05042,1.50,3.00
2012.03.21 08:04:28.607,1.05032,1.05042,1.50,3.38
2012.03.21 08:04:28.958,1.05029,1.0504,1.50,1.20
2012.03.21 08:04:29.167,1.05026,1.05037,2.14,1.50
2012.03.21 08:04:29.706,1.05029,1.0504,1.50,1.95
2012.03.21 08:04:30.044,1.05029,1.05035,1.50,1.20
2012.03.21 08:04:30.120,1.05027,1.05035,1.50,1.20
2012.03.21 08:04:30.684,1.05026,1.05035,1.50,1.20
2012.03.21 08:04:31.002,1.05028,1.05035,1.50,1.20
2012.03.21 08:04:32.355,1.05026,1.05035,1.50,1.20
2012.03.21 08:04:33.141,1.05026,1.05036,1.50,2.25
2012.03.21 08:04:33.561,1.05028,1.05038,1.50,2.25
2012.03.21 08:04:34.133,1.0503,1.0504,1.50,3.19
2012.03.21 08:04:34.344,1.05027,1.05039,1.50,2.25
2012.03.21 08:04:35.427,1.05027,1.05039,1.50,2.25
2012.03.21 08:04:35.686,1.05027,1.05039,1.50,2.25
2012.03.21 08:04:36.256,1.05027,1.05039,1.50,2.25
2012.03.21 08:04:36.400,1.05023,1.05032,1.50,3.45
2012.03.21 08:04:37.019,1.05025,1.05032,1.50,4.20
2012.03.21 08:04:39.712,1.05014,1.05029,2.10,1.50
2012.03.21 08:04:39.802,1.05016,1.05026,3.00,1.50
2012.03.21 08:04:40.159,1.05014,1.05024,1.28,1.50
2012.03.21 08:04:40.507,1.05017,1.05025,1.50,1.20
2012.03.21 08:04:41.313,1.05014,1.05025,2.70,1.20
2012.03.21 08:04:41.833,1.05015,1.05025,1.50,2.70
2012.03.21 08:04:41.979,1.05017,1.05025,1.50,1.20
2012.03.21 08:04:42.529,1.05014,1.05025,1.50,1.95
2012.03.21 08:04:43.441,1.05015,1.05025,1.50,1.20
2012.03.21 08:04:43.646,1.05019,1.05025,1.50,1.20
2012.03.21 08:04:44.218,1.05017,1.05021,1.50,1.20
2012.03.21 08:04:44.428,1.05015,1.05021,1.50,1.20
2012.03.21 08:04:44.498,1.05013,1.05021,1.50,1.20
2012.03.21 08:04:45.056,1.05014,1.05021,1.50,1.20
2012.03.21 08:04:47.463,1.05014,1.05022,1.50,2.25
2012.03.21 08:04:47.544,1.05014,1.05025,2.25,1.50
2012.03.21 08:04:47.707,1.05017,1.05026,1.50,2.44
2012.03.21 08:04:48.372,1.0502,1.05026,1.50,1.50
2012.03.21 08:04:48.467,1.05017,1.05027,1.50,3.45
2012.03.21 08:04:50.859,1.05017,1.05026,1.50,1.50
2012.03.21 08:04:51.512,1.05017,1.05027,1.50,3.45
2012.03.21 08:04:52.240,1.05017,1.05026,2.70,1.50
2012.03.21 08:04:52.314,1.0502,1.05026,1.50,1.50
2012.03.21 08:04:52.519,1.05021,1.05029,1.50,2.25
2012.03.21 08:04:52.589,1.05019,1.05029,1.50,3.75
2012.03.21 08:04:53.143,1.05017,1.05029,3.45,1.50
2012.03.21 08:04:53.347,1.05017,1.05029,3.64,1.50
2012.03.21 08:04:53.418,1.0502,1.05031,1.50,4.50
2012.03.21 08:04:53.558,1.05023,1.05031,1.50,3.00
2012.03.21 08:04:53.909,1.05012,1.05023,1.95,2.25
2012.03.21 08:04:53.981,1.05011,1.05022,1.50,3.45
2012.03.21 08:04:54.110,1.05009,1.05021,1.88,1.50
2012.03.21 08:04:54.180,1.05013,1.05021,1.20,2.25
2012.03.21 08:04:54.392,1.05011,1.0502,1.20,1.50
2012.03.21 08:04:54.540,1.05008,1.0502,2.55,1.50
2012.03.21 08:04:54.681,1.05007,1.05017,3.45,1.50
2012.03.21 08:04:54.760,1.05009,1.05019,1.50,1.50
2012.03.21 08:04:55.288,1.05007,1.05018,1.20,1.50
2012.03.21 08:04:55.486,1.05007,1.05016,1.20,1.50
2012.03.21 08:04:56.020,1.05007,1.05017,2.70,2.25
2012.03.21 08:04:56.577,1.05007,1.05016,1.50,1.20
2012.03.21 08:04:57.118,1.05002,1.05014,3.08,1.50
2012.03.21 08:04:57.648,1.05002,1.0501,1.20,1.50
2012.03.21 08:04:58.199,1.05,1.0501,1.88,1.69
2012.03.21 08:04:58.552,1.05001,1.05008,1.20,1.50
2012.03.21 08:04:58.698,1.04998,1.05008,4.95,1.50
2012.03.21 08:04:58.767,1.05001,1.05011,1.50,2.44
2012.03.21 08:04:58.979,1.04996,1.05008,3.30,1.50
2012.03.21 08:04:59.176,1.04998,1.0501,1.50,3.19
2012.03.21 08:04:59.689,1.04997,1.05007,1.50,1.50
2012.03.21 08:05:00.729,1.04997,1.05006,1.50,1.20
2012.03.21 08:05:01.084,1.05003,1.05012,1.50,3.83
2012.03.21 08:05:01.645,1.05005,1.05014,1.50,1.50
2012.03.21 08:05:02.339,1.05005,1.05015,1.50,3.00
2012.03.21 08:05:02.421,1.05002,1.05014,2.63,1.50
2012.03.21 08:05:02.979,1.05004,1.05016,1.50,3.00
2012.03.21 08:05:03.187,1.05002,1.05014,2.82,1.50
2012.03.21 08:05:03.666,1.05001,1.05012,1.20,1.50
2012.03.21 08:05:04.706,1.05,1.05011,1.50,1.20
2012.03.21 08:05:05.063,1.05001,1.05009,1.20,1.50
2012.03.21 08:05:05.278,1.05001,1.05013,2.70,2.44
2012.03.21 08:05:05.805,1.05001,1.05013,2.70,1.69
2012.03.21 08:05:06.451,1.05001,1.0501,1.20,1.50
2012.03.21 08:05:07.499,1.05,1.05007,1.50,1.20
2012.03.21 08:05:07.710,1.04995,1.05005,2.25,3.00
2012.03.21 08:05:07.780,1.04993,1.05001,2.25,1.20
2012.03.21 08:05:08.129,1.04997,1.05005,1.20,2.25
2012.03.21 08:05:08.196,1.04995,1.05005,3.75,1.50
2012.03.21 08:05:08.267,1.04998,1.05007,1.50,2.70
2012.03.21 08:05:09.103,1.04996,1.05007,1.50,2.70
2012.03.21 08:05:09.658,1.04997,1.05007,1.20,1.50
2012.03.21 08:05:09.798,1.04997,1.05009,2.70,3.00
2012.03.21 08:05:10.908,1.04997,1.05003,1.50,1.20
2012.03.21 08:05:11.189,1.04991,1.04999,1.88,1.50
2012.03.21 08:05:11.805,1.04987,1.04999,4.80,2.25
2012.03.21 08:05:11.894,1.04987,1.04996,1.20,1.50
2012.03.21 08:05:12.099,1.0498,1.04994,1.88,1.50
2012.03.21 08:05:12.238,1.04989,1.04997,1.50,1.50
2012.03.21 08:05:12.379,1.04987,1.04995,1.20,1.50
2012.03.21 08:05:12.448,1.04987,1.04998,1.20,2.25
2012.03.21 08:05:13.130,1.0499,1.05,1.50,5.25
2012.03.21 08:05:13.400,1.0499,1.05,1.50,3.00
2012.03.21 08:05:13.606,1.0499,1.04999,1.50,1.50
2012.03.21 08:05:13.978,1.0499,1.04999,1.50,1.50
2012.03.21 08:05:14.528,1.0499,1.05,1.50,2.25
2012.03.21 08:05:15.067,1.0499,1.05,2.25,2.25
2012.03.21 08:05:15.196,1.04993,1.05,1.20,2.25
2012.03.21 08:05:15.402,1.04993,1.05002,1.20,1.50
2012.03.21 08:05:16.014,1.04996,1.05002,1.20,1.50
2012.03.21 08:05:16.239,1.04994,1.05002,1.50,4.20
2012.03.21 08:05:16.762,1.04992,1.05002,2.25,4.95
2012.03.21 08:05:17.226,1.04992,1.05002,2.25,5.70
2012.03.21 08:05:17.436,1.04992,1.05002,2.25,5.70
2012.03.21 08:05:18.278,1.04992,1.05002,1.88,5.70
2012.03.21 08:05:18.435,1.04992,1.05002,1.88,5.70
2012.03.21 08:05:19.108,1.0499,1.05,2.25,1.50
2012.03.21 08:05:19.190,1.04988,1.04998,5.14,1.50
2012.03.21 08:05:19.257,1.04988,1.04998,4.20,1.50
2012.03.21 08:05:19.459,1.04986,1.04995,1.13,1.50
2012.03.21 08:05:19.806,1.04985,1.04993,2.15,2.25
2012.03.21 08:05:20.326,1.04985,1.04996,2.15,2.25
2012.03.21 08:05:20.466,1.04984,1.04996,3.19,2.25
2012.03.21 08:05:21.000,1.04987,1.04996,1.20,3.00
2012.03.21 08:05:21.068,1.04987,1.04996,1.20,2.25
2012.03.21 08:05:21.276,1.04987,1.04998,1.20,1.50
2012.03.21 08:05:21.819,1.04987,1.04995,1.20,1.50
2012.03.21 08:05:23.434,1.04987,1.04997,2.70,1.50
2012.03.21 08:05:24.416,1.04987,1.04997,4.20,1.50
2012.03.21 08:05:25.056,1.04987,1.04997,4.20,1.50
2012.03.21 08:05:26.778,1.04987,1.04997,4.24,1.50
2012.03.21 08:05:27.347,1.04988,1.04997,1.35,1.50
2012.03.21 08:05:27.768,1.04989,1.05,1.13,3.00
2012.03.21 08:05:28.048,1.0499,1.05,3.00,2.25
2012.03.21 08:05:28.404,1.04997,1.05004,1.50,1.50
2012.03.21 08:05:28.857,1.04997,1.05006,1.50,1.13
2012.03.21 08:05:29.035,1.04994,1.05006,2.25,2.25
2012.03.21 08:05:29.379,1.04993,1.05003,3.00,2.25
2012.03.21 08:05:29.733,1.04992,1.04998,1.20,1.50
2012.03.21 08:05:29.951,1.04988,1.04998,3.75,1.50
2012.03.21 08:05:30.044,1.04992,1.05003,1.50,3.08
2012.03.21 08:05:30.601,1.04992,1.05002,1.50,1.50
2012.03.21 08:05:31.151,1.04991,1.05001,1.50,3.45
2012.03.21 08:05:31.862,1.04993,1.05001,1.50,1.20
2012.03.21 08:05:32.249,1.04996,1.05003,1.50,3.38
2012.03.21 08:05:32.339,1.05,1.05009,1.50,1.50
2012.03.21 08:05:32.597,1.04997,1.05009,1.50,3.00
2012.03.21 08:05:32.668,1.04997,1.05009,1.50,3.00
2012.03.21 08:05:33.080,1.04997,1.05009,1.50,3.00
2012.03.21 08:05:33.436,1.05,1.0501,1.50,2.25
2012.03.21 08:05:33.790,1.05,1.05007,1.50,1.20
2012.03.21 08:05:34.379,1.04997,1.05007,1.50,2.70
2012.03.21 08:05:34.721,1.05002,1.05007,1.20,1.50
2012.03.21 08:05:34.872,1.05003,1.05011,1.69,1.13
2012.03.21 08:05:34.951,1.05003,1.05015,1.69,2.25
2012.03.21 08:05:35.029,1.05006,1.05016,1.50,1.95
2012.03.21 08:05:35.361,1.05002,1.05012,1.20,2.25
2012.03.21 08:05:35.507,1.05,1.05011,1.50,1.20
2012.03.21 08:05:35.649,1.04998,1.05008,2.63,1.50
2012.03.21 08:05:35.986,1.05006,1.05016,1.50,2.25
2012.03.21 08:05:36.386,1.05009,1.05017,1.50,1.95
2012.03.21 08:05:36.515,1.05007,1.05017,1.50,3.45
2012.03.21 08:05:38.280,1.05009,1.05019,1.50,2.25
2012.03.21 08:05:38.976,1.05009,1.05019,1.50,1.50
2012.03.21 08:05:39.338,1.05011,1.05021,1.50,1.95
2012.03.21 08:05:39.548,1.05009,1.05019,1.50,1.50
2012.03.21 08:05:39.686,1.05007,1.05019,2.70,3.00
2012.03.21 08:05:39.828,1.05007,1.05016,1.20,1.50
2012.03.21 08:05:40.381,1.05006,1.05016,1.88,2.70
2012.03.21 08:05:40.982,1.05007,1.05016,1.50,1.20
2012.03.21 08:05:41.537,1.05006,1.05016,1.50,2.70
2012.03.21 08:05:41.888,1.05002,1.05014,3.83,1.50
2012.03.21 08:05:42.031,1.05002,1.05012,1.20,2.25
2012.03.21 08:05:46.167,1.05002,1.05012,1.95,1.50
2012.03.21 08:05:46.524,1.05006,1.05016,1.50,2.70
2012.03.21 08:05:50.319,1.05004,1.05015,1.13,1.50
2012.03.21 08:05:50.599,1.05006,1.05016,1.50,2.70
2012.03.21 08:05:56.672,1.05006,1.05016,3.08,1.50
2012.03.21 08:05:57.535,1.05007,1.05019,2.63,2.25
2012.03.21 08:05:58.085,1.05007,1.05019,4.13,2.25
2012.03.21 08:05:58.599,1.05007,1.05019,4.13,2.25
2012.03.21 08:05:59.019,1.0501,1.0502,1.50,2.25
2012.03.21 08:05:59.651,1.05008,1.05018,2.25,1.50
2012.03.21 08:06:00.270,1.05006,1.05016,1.50,2.70
2012.03.21 08:06:00.807,1.05007,1.05016,1.50,1.20
2012.03.21 08:06:02.168,1.05007,1.05018,1.50,3.00
2012.03.21 08:06:02.448,1.05007,1.05016,1.50,1.20
2012.03.21 08:06:04.499,1.05011,1.05019,1.20,3.75
2012.03.21 08:06:04.645,1.05011,1.05022,1.20,3.00
2012.03.21 08:06:04.722,1.05014,1.05024,1.88,2.25
2012.03.21 08:06:05.214,1.05015,1.05027,1.50,3.45
2012.03.21 08:06:05.300,1.0502,1.05027,1.50,1.20
2012.03.21 08:06:05.370,1.05017,1.05027,1.50,1.20
2012.03.21 08:06:05.802,1.05015,1.05027,1.50,3.45
2012.03.21 08:06:06.211,1.05014,1.05024,2.63,1.50
2012.03.21 08:06:06.539,1.05017,1.05024,1.20,1.50
2012.03.21 08:06:06.678,1.05017,1.05027,3.45,1.50
2012.03.21 08:06:07.354,1.05018,1.05028,1.50,2.25
2012.03.21 08:06:07.887,1.05017,1.05027,3.45,1.50
2012.03.21 08:06:08.464,1.05018,1.0503,3.00,3.00
2012.03.21 08:06:08.569,1.0502,1.05031,3.00,1.20
2012.03.21 08:06:09.354,1.05021,1.05031,1.50,2.70
2012.03.21 08:06:09.580,1.05021,1.05029,2.25,1.50
2012.03.21 08:06:09.722,1.05023,1.05031,1.50,1.20
2012.03.21 08:06:09.800,1.05023,1.05033,1.50,2.25
2012.03.21 08:06:09.872,1.05023,1.05035,2.25,2.25
2012.03.21 08:06:10.029,1.05027,1.05036,1.50,1.50
2012.03.21 08:06:10.531,1.05025,1.05035,1.50,2.25
2012.03.21 08:06:10.962,1.05022,1.05031,1.13,1.50
2012.03.21 08:06:11.898,1.05022,1.05032,1.69,1.50
2012.03.21 08:06:13.779,1.05021,1.05031,1.20,1.50
2012.03.21 08:06:14.492,1.05021,1.05033,3.45,2.25
2012.03.21 08:06:15.013,1.05021,1.0503,1.20,1.50
2012.03.21 08:06:15.926,1.05021,1.05033,2.70,2.25
2012.03.21 08:06:16.069,1.05024,1.05034,1.50,2.25
2012.03.21 08:06:16.485,1.05021,1.05033,2.70,1.50
2012.03.21 08:06:16.796,1.05021,1.0503,1.20,1.50
2012.03.21 08:06:16.995,1.05022,1.05032,1.50,1.50
2012.03.21 08:06:17.549,1.05023,1.05035,1.50,2.25
2012.03.21 08:06:17.686,1.05022,1.05032,1.50,1.50
2012.03.21 08:06:18.881,1.05023,1.05035,1.50,3.00
2012.03.21 08:06:19.171,1.05025,1.05037,1.50,4.20
2012.03.21 08:06:19.516,1.05027,1.05039,1.69,3.00
2012.03.21 08:06:19.863,1.05027,1.05037,1.69,1.20
2012.03.21 08:06:20.717,1.05024,1.05034,1.50,1.50
2012.03.21 08:06:21.078,1.05028,1.05036,1.50,1.95
2012.03.21 08:06:21.359,1.05025,1.05036,1.50,1.20
2012.03.21 08:06:21.896,1.05026,1.05037,1.20,2.25
2012.03.21 08:06:22.107,1.05028,1.05038,1.50,2.25
2012.03.21 08:06:22.641,1.05028,1.05038,1.50,2.25
2012.03.21 08:06:23.223,1.05028,1.05037,1.50,1.20
2012.03.21 08:06:23.358,1.05025,1.05035,1.50,1.50
2012.03.21 08:06:23.898,1.05026,1.05036,1.50,1.50
2012.03.21 08:06:24.961,1.05024,1.05034,1.50,1.50
2012.03.21 08:06:25.488,1.05021,1.05033,3.45,1.50
2012.03.21 08:06:26.214,1.05022,1.05032,1.50,1.50
2012.03.21 08:06:26.565,1.05021,1.0503,1.20,1.50
2012.03.21 08:06:26.967,1.05022,1.05032,1.50,3.94
2012.03.21 08:06:27.728,1.05023,1.05034,1.50,1.50
2012.03.21 08:06:27.938,1.05023,1.05035,1.50,2.44
2012.03.21 08:06:28.466,1.05022,1.05032,1.50,1.50
2012.03.21 08:06:30.628,1.05021,1.05031,1.20,1.50
2012.03.21 08:06:31.209,1.05021,1.05031,1.80,1.50
2012.03.21 08:06:31.352,1.05023,1.05033,1.35,2.25
2012.03.21 08:06:31.434,1.05028,1.05037,2.03,1.95
2012.03.21 08:06:31.525,1.0503,1.05037,1.13,1.95
2012.03.21 08:06:31.980,1.05034,1.05042,1.50,3.08
2012.03.21 08:06:32.085,1.05037,1.05044,1.50,2.25
2012.03.21 08:06:32.442,1.05034,1.05044,2.44,2.25
2012.03.21 08:06:32.591,1.05036,1.05046,2.15,2.70
2012.03.21 08:06:32.952,1.05043,1.05053,1.50,3.19
2012.03.21 08:06:33.562,1.05041,1.05054,1.50,3.19
2012.03.21 08:06:33.785,1.05045,1.05055,1.50,2.25
2012.03.21 08:06:34.366,1.05043,1.05056,1.50,3.45
2012.03.21 08:06:35.427,1.05045,1.05056,1.50,3.45
2012.03.21 08:06:35.508,1.05048,1.05056,1.50,1.95
2012.03.21 08:06:35.853,1.05045,1.05056,1.50,1.20
2012.03.21 08:06:37.283,1.05048,1.05053,1.50,1.20
2012.03.21 08:06:37.449,1.05044,1.05051,1.50,1.69
2012.03.21 08:06:37.521,1.05042,1.05049,1.50,2.25
2012.03.21 08:06:37.603,1.05039,1.05049,1.50,3.75
2012.03.21 08:06:37.679,1.05037,1.05048,1.20,2.25
2012.03.21 08:06:38.032,1.05036,1.05045,1.50,1.50
2012.03.21 08:06:38.379,1.05036,1.05047,1.50,1.20
2012.03.21 08:06:38.566,1.05038,1.05047,1.50,1.20
2012.03.21 08:06:39.297,1.05036,1.05047,1.88,1.20
2012.03.21 08:06:41.524,1.05035,1.05047,1.50,1.95
2012.03.21 08:06:42.139,1.05037,1.05047,1.50,4.20
2012.03.21 08:06:42.677,1.05037,1.05047,1.88,2.70
2012.03.21 08:06:42.891,1.05039,1.0505,1.50,2.25
2012.03.21 08:06:42.972,1.05039,1.05051,1.50,6.08
2012.03.21 08:06:43.642,1.05038,1.05048,3.38,1.50
2012.03.21 08:06:44.123,1.05035,1.05047,1.88,1.50
2012.03.21 08:06:44.718,1.05037,1.05046,1.50,1.20
2012.03.21 08:06:46.611,1.05039,1.05046,2.33,1.20
2012.03.21 08:06:46.974,1.05042,1.05051,1.20,2.25
2012.03.21 08:06:47.055,1.05041,1.05046,1.50,1.20
2012.03.21 08:06:47.201,1.05039,1.05045,1.50,1.50
2012.03.21 08:06:47.418,1.05035,1.05045,3.99,1.50
2012.03.21 08:06:47.486,1.05037,1.05043,1.13,1.50
2012.03.21 08:06:47.930,1.05036,1.05046,1.13,2.70
2012.03.21 08:06:48.073,1.05037,1.05049,2.25,4.69
2012.03.21 08:06:48.431,1.05042,1.05052,2.25,1.95
2012.03.21 08:06:48.720,1.05042,1.05052,2.25,1.95
2012.03.21 08:06:49.319,1.05042,1.05053,2.70,2.63
2012.03.21 08:06:49.866,1.05043,1.05054,1.50,1.50
2012.03.21 08:06:49.938,1.05046,1.05055,1.20,2.25
2012.03.21 08:06:50.282,1.05042,1.05053,1.20,3.00
2012.03.21 08:06:50.364,1.05044,1.05053,1.50,3.00
2012.03.21 08:06:50.720,1.05043,1.0505,1.13,1.50
2012.03.21 08:06:51.281,1.05042,1.0505,1.95,1.50
2012.03.21 08:06:51.841,1.05042,1.0505,2.70,1.50
2012.03.21 08:06:52.136,1.05042,1.0505,1.95,1.50
2012.03.21 08:06:52.830,1.05042,1.0505,1.95,1.50
2012.03.21 08:06:53.300,1.05042,1.05048,1.50,1.50
2012.03.21 08:06:53.924,1.05041,1.05046,1.50,1.50
2012.03.21 08:06:54.009,1.05039,1.0505,2.49,1.69
2012.03.21 08:06:54.539,1.0504,1.0505,1.50,2.44
2012.03.21 08:06:55.075,1.05041,1.0505,1.13,1.69
2012.03.21 08:06:55.215,1.05039,1.0505,1.13,1.69
2012.03.21 08:06:55.433,1.05041,1.05051,4.20,1.50
2012.03.21 08:06:55.946,1.05041,1.0505,2.70,1.50
2012.03.21 08:06:56.095,1.05041,1.0505,2.70,1.50
2012.03.21 08:06:56.169,1.05041,1.0505,2.70,1.50
2012.03.21 08:06:56.439,1.05041,1.0505,2.70,1.50
2012.03.21 08:06:57.086,1.05041,1.0505,1.95,1.50
2012.03.21 08:06:57.649,1.05041,1.0505,2.70,1.50
2012.03.21 08:06:58.050,1.05042,1.0505,1.50,1.50
2012.03.21 08:06:58.936,1.05042,1.0505,1.50,1.50
2012.03.21 08:06:59.124,1.05041,1.0505,2.70,1.50
2012.03.21 08:06:59.686,1.05041,1.0505,2.70,1.50
2012.03.21 08:07:00.585,1.05045,1.05054,2.25,1.50
2012.03.21 08:07:00.727,1.05045,1.05055,3.38,3.00
2012.03.21 08:07:00.943,1.05044,1.05053,1.13,1.50
2012.03.21 08:07:01.090,1.05043,1.05053,4.50,1.50
2012.03.21 08:07:01.437,1.05046,1.05055,1.50,2.25
2012.03.21 08:07:02.205,1.05046,1.05055,1.50,2.25
2012.03.21 08:07:02.630,1.05045,1.05055,1.50,1.50
2012.03.21 08:07:03.189,1.05043,1.05054,1.13,1.50
2012.03.21 08:07:03.257,1.05043,1.05054,1.13,2.25
2012.03.21 08:07:03.999,1.05043,1.05054,1.88,1.50
2012.03.21 08:07:04.518,1.05043,1.05054,1.13,1.50
2012.03.21 08:07:05.836,1.05045,1.05055,1.50,1.50
2012.03.21 08:07:07.955,1.05041,1.05051,4.95,1.50
2012.03.21 08:07:08.025,1.05041,1.05051,2.70,3.00
2012.03.21 08:07:08.221,1.05041,1.05051,2.70,3.75
2012.03.21 08:07:08.561,1.05035,1.05045,3.00,1.50
2012.03.21 08:07:08.695,1.05035,1.05045,2.25,1.50
2012.03.21 08:07:09.146,1.05036,1.05047,1.95,1.50
2012.03.21 08:07:09.500,1.05035,1.05046,3.00,1.20
2012.03.21 08:07:09.639,1.05035,1.05046,2.25,1.20
2012.03.21 08:07:10.670,1.05035,1.05046,2.25,1.20
2012.03.21 08:07:11.183,1.05035,1.05046,3.00,1.20
2012.03.21 08:07:11.786,1.05035,1.05046,3.00,1.20
2012.03.21 08:07:12.344,1.05035,1.05046,3.00,1.20
2012.03.21 08:07:13.855,1.05035,1.05046,3.00,1.20
2012.03.21 08:07:14.765,1.05035,1.05046,3.00,1.20
2012.03.21 08:07:15.145,1.05035,1.05046,3.00,1.20
2012.03.21 08:07:15.352,1.05037,1.05048,1.50,2.25
2012.03.21 08:07:15.758,1.05036,1.05046,2.70,1.50
2012.03.21 08:07:16.297,1.05037,1.05047,1.50,1.50
2012.03.21 08:07:25.067,1.05037,1.05047,1.50,2.63
2012.03.21 08:07:25.421,1.05034,1.05041,2.25,2.25
2012.03.21 08:07:25.573,1.05035,1.05041,1.50,2.63
2012.03.21 08:07:25.648,1.05032,1.05038,1.50,2.70
2012.03.21 08:07:25.724,1.0503,1.05034,1.50,2.70
2012.03.21 08:07:26.127,1.05025,1.05034,2.63,2.70
2012.03.21 08:07:26.679,1.05026,1.05034,1.69,1.20
2012.03.21 08:07:28.476,1.05027,1.05038,1.50,1.20
2012.03.21 08:07:28.956,1.05026,1.05036,3.79,1.50
2012.03.21 08:07:29.504,1.05026,1.05036,3.79,1.50
2012.03.21 08:07:29.860,1.05034,1.05042,1.13,2.25
2012.03.21 08:07:29.937,1.05036,1.05043,1.50,1.50
2012.03.21 08:07:30.009,1.05039,1.05048,1.50,1.50
2012.03.21 08:07:30.520,1.05034,1.05043,3.75,1.20
2012.03.21 08:07:30.766,1.05035,1.05043,2.25,1.20
2012.03.21 08:07:31.619,1.05037,1.05043,2.44,1.20
2012.03.21 08:07:33.590,1.05037,1.05043,2.44,1.20
2012.03.21 08:07:34.527,1.05037,1.05047,2.82,1.50
2012.03.21 08:07:34.743,1.0504,1.05048,1.50,3.83
2012.03.21 08:07:35.249,1.05039,1.05048,3.00,3.45
2012.03.21 08:07:35.787,1.05041,1.05048,2.25,1.20
2012.03.21 08:07:35.986,1.0504,1.05048,1.50,1.20
2012.03.21 08:07:36.551,1.0504,1.05048,1.50,1.20
2012.03.21 08:07:37.120,1.05041,1.05048,1.50,1.20
2012.03.21 08:07:38.166,1.05042,1.0505,2.25,1.20
2012.03.21 08:07:38.836,1.05042,1.0505,2.25,1.20
2012.03.21 08:07:39.478,1.0504,1.05049,2.25,1.50
2012.03.21 08:07:40.018,1.05039,1.05049,3.75,1.50
2012.03.21 08:07:40.746,1.05039,1.05049,3.75,1.50
2012.03.21 08:07:41.170,1.05042,1.0505,2.25,1.20
2012.03.21 08:07:41.672,1.05044,1.0505,1.50,1.20
2012.03.21 08:07:42.686,1.05042,1.0505,3.00,1.20
2012.03.21 08:07:43.529,1.05042,1.0505,3.00,1.20
2012.03.21 08:07:44.168,1.05042,1.0505,3.00,1.20
2012.03.21 08:07:44.481,1.05045,1.05052,1.50,3.75
2012.03.21 08:07:44.692,1.05046,1.05056,2.25,2.89
2012.03.21 08:07:44.912,1.05049,1.05056,1.50,1.20
2012.03.21 08:07:45.517,1.05042,1.05052,2.25,2.25
2012.03.21 08:07:45.866,1.05041,1.05051,1.69,1.20
2012.03.21 08:07:46.415,1.0504,1.0505,2.25,1.20
2012.03.21 08:07:46.968,1.05039,1.05046,1.50,1.20
2012.03.21 08:07:47.566,1.05037,1.05046,1.50,1.20
2012.03.21 08:07:48.228,1.05038,1.05046,1.50,1.20
2012.03.21 08:07:48.770,1.05038,1.05046,3.00,1.20
2012.03.21 08:07:49.309,1.05038,1.05046,2.25,1.20
2012.03.21 08:07:53.158,1.05038,1.05043,1.50,1.20
2012.03.21 08:07:53.710,1.05038,1.05042,1.50,2.25
2012.03.21 08:07:53.851,1.05035,1.05042,1.50,2.25
2012.03.21 08:07:54.646,1.05034,1.05039,1.50,1.50
2012.03.21 08:07:54.734,1.05026,1.05037,3.45,1.50
2012.03.21 08:07:55.093,1.05027,1.05039,3.04,1.50
2012.03.21 08:07:55.649,1.05029,1.0504,2.25,1.20
2012.03.21 08:07:56.186,1.05029,1.0504,3.00,1.20
2012.03.21 08:07:56.712,1.05029,1.0504,1.50,1.20
2012.03.21 08:07:56.934,1.05028,1.05038,2.44,1.50
2012.03.21 08:07:57.778,1.0503,1.0504,1.50,4.95
2012.03.21 08:07:58.297,1.05028,1.05038,2.44,1.50
2012.03.21 08:07:59.129,1.05028,1.05038,2.44,1.50
2012.03.21 08:07:59.480,1.05035,1.05041,1.50,1.80
2012.03.21 08:07:59.550,1.05033,1.05041,2.25,1.80
2012.03.21 08:07:59.687,1.0503,1.05041,2.44,1.80
2012.03.21 08:07:59.831,1.05028,1.05038,2.25,1.50
2012.03.21 08:08:00.330,1.05035,1.05041,1.20,1.50
2012.03.21 08:08:00.642,1.05037,1.05042,1.50,1.50
2012.03.21 08:08:00.796,1.05038,1.05044,2.25,1.50
2012.03.21 08:08:01.008,1.05039,1.05046,1.50,1.50
2012.03.21 08:08:01.283,1.05039,1.05048,1.50,1.50
2012.03.21 08:08:01.919,1.05039,1.05049,2.25,1.50
2012.03.21 08:08:04.697,1.05038,1.05047,1.50,1.50
2012.03.21 08:08:05.338,1.05037,1.05047,3.38,1.50
2012.03.21 08:08:06.111,1.0504,1.05047,2.25,1.50
2012.03.21 08:08:06.178,1.0504,1.0505,2.25,1.50
2012.03.21 08:08:06.540,1.05044,1.05051,1.50,1.20
2012.03.21 08:08:07.084,1.05041,1.05051,2.25,1.20
2012.03.21 08:08:07.431,1.0504,1.05048,2.25,1.50
2012.03.21 08:08:07.956,1.0504,1.05049,1.50,1.50
2012.03.21 08:08:08.059,1.0504,1.05049,1.50,1.50
2012.03.21 08:08:08.732,1.05039,1.05049,3.99,1.50
2012.03.21 08:08:08.812,1.0504,1.05051,3.75,1.95
2012.03.21 08:08:09.325,1.05041,1.05051,1.50,1.95
2012.03.21 08:08:10.119,1.05039,1.05051,3.00,1.95
2012.03.21 08:08:10.192,1.0504,1.05051,1.50,1.95
2012.03.21 08:08:10.339,1.0504,1.05051,1.50,1.95
2012.03.21 08:08:10.976,1.05039,1.05051,3.75,2.70
2012.03.21 08:08:12.299,1.05039,1.05049,3.75,1.50
2012.03.21 08:08:13.684,1.05039,1.05049,3.00,2.25
2012.03.21 08:08:15.067,1.05039,1.05049,1.50,2.25
2012.03.21 08:08:15.137,1.05039,1.05045,1.50,1.20
2012.03.21 08:08:15.208,1.05036,1.05045,1.13,2.70
2012.03.21 08:08:15.727,1.05036,1.05045,2.63,2.70
2012.03.21 08:08:17.735,1.05037,1.05043,1.50,1.20
2012.03.21 08:08:18.335,1.05035,1.05043,1.50,3.45
2012.03.21 08:08:18.619,1.05035,1.05045,1.50,1.88
2012.03.21 08:08:19.138,1.05036,1.05046,1.88,1.95
2012.03.21 08:08:19.666,1.05035,1.05045,1.88,1.50
2012.03.21 08:08:20.256,1.05035,1.05045,1.50,1.50
2012.03.21 08:08:21.527,1.05036,1.05046,1.50,1.20
2012.03.21 08:08:21.733,1.05038,1.05046,1.50,1.20
2012.03.21 08:08:22.338,1.05037,1.05047,3.00,1.50
2012.03.21 08:08:22.689,1.05039,1.05049,1.50,2.25
2012.03.21 08:08:23.253,1.05039,1.05049,2.25,2.25
2012.03.21 08:08:24.188,1.05039,1.05049,1.50,2.25
2012.03.21 08:08:24.542,1.05037,1.05045,1.50,1.20
2012.03.21 08:08:25.355,1.05036,1.05045,1.13,2.70
2012.03.21 08:08:25.918,1.05037,1.05045,2.25,1.20
2012.03.21 08:08:28.436,1.05037,1.05048,1.50,3.00
2012.03.21 08:08:28.888,1.05037,1.05049,1.50,2.44
2012.03.21 08:08:29.252,1.05032,1.05041,3.38,1.20
2012.03.21 08:08:29.609,1.05036,1.05043,1.50,2.25
2012.03.21 08:08:30.175,1.05039,1.05046,1.50,2.33
2012.03.21 08:08:30.249,1.05036,1.05046,1.50,1.58
2012.03.21 08:08:30.516,1.05039,1.05046,1.50,1.20
2012.03.21 08:08:30.769,1.05037,1.05046,1.50,1.20
2012.03.21 08:08:32.690,1.05037,1.05047,3.00,2.25
2012.03.21 08:08:33.155,1.05039,1.05049,1.50,2.25
2012.03.21 08:08:33.437,1.05037,1.05047,6.00,1.50
2012.03.21 08:08:34.566,1.05037,1.05047,6.00,1.50
2012.03.21 08:08:35.799,1.05037,1.05047,5.25,1.50
2012.03.21 08:08:35.867,1.05037,1.05047,5.25,1.50
2012.03.21 08:08:36.415,1.05037,1.05047,5.25,1.50
2012.03.21 08:08:36.936,1.05037,1.05047,5.25,1.50
2012.03.21 08:08:37.325,1.05037,1.05047,5.25,1.50
2012.03.21 08:08:37.835,1.05037,1.05047,5.25,1.50
2012.03.21 08:08:38.432,1.05037,1.05047,5.25,1.50
2012.03.21 08:08:38.510,1.05037,1.05047,6.00,1.50
2012.03.21 08:08:39.069,1.05037,1.05046,3.00,1.20
2012.03.21 08:08:39.621,1.05039,1.0505,1.50,3.83
2012.03.21 08:08:40.186,1.05041,1.0505,2.25,1.95
2012.03.21 08:08:40.977,1.05041,1.0505,1.50,1.95
2012.03.21 08:08:41.188,1.05039,1.05049,2.25,2.25
2012.03.21 08:08:42.188,1.05039,1.05049,3.75,2.25
2012.03.21 08:08:44.385,1.05039,1.05049,3.00,1.50
2012.03.21 08:08:44.895,1.05036,1.05048,3.19,2.70
2012.03.21 08:08:45.398,1.05036,1.05048,3.19,2.70
2012.03.21 08:08:45.466,1.05036,1.05048,3.19,2.70
2012.03.21 08:08:45.989,1.05036,1.05048,2.44,2.70
2012.03.21 08:08:46.512,1.05036,1.05048,3.19,2.70
2012.03.21 08:08:47.987,1.05036,1.05044,2.25,1.20
2012.03.21 08:08:48.059,1.05036,1.05044,1.50,1.20
2012.03.21 08:08:48.560,1.0503,1.05038,3.00,1.50
2012.03.21 08:08:48.876,1.05026,1.05035,3.38,1.50
2012.03.21 08:08:49.094,1.05028,1.05035,1.69,1.50
2012.03.21 08:08:49.243,1.05034,1.05043,1.50,1.95
2012.03.21 08:08:50.097,1.05034,1.05044,3.00,2.25
2012.03.21 08:08:50.174,1.05035,1.05046,1.50,1.13
2012.03.21 08:08:50.668,1.05033,1.05044,1.95,1.50
2012.03.21 08:08:52.148,1.05033,1.05044,2.70,1.50
2012.03.21 08:08:52.359,1.05034,1.05046,2.25,1.50
2012.03.21 08:08:53.615,1.05034,1.05046,1.50,1.50
2012.03.21 08:08:54.336,1.05033,1.05044,2.70,1.50
2012.03.21 08:08:54.999,1.05033,1.05042,1.20,1.50
2012.03.21 08:08:55.629,1.05033,1.05044,1.20,1.50
2012.03.21 08:08:55.770,1.05031,1.05041,3.00,1.50
2012.03.21 08:08:56.225,1.05029,1.05039,1.69,1.50
2012.03.21 08:08:56.568,1.05029,1.05041,2.25,1.50
2012.03.21 08:08:57.127,1.05029,1.05041,1.50,1.50
2012.03.21 08:08:57.950,1.05032,1.05042,1.50,1.50
2012.03.21 08:08:59.317,1.0503,1.0504,3.00,1.50
2012.03.21 08:08:59.609,1.05029,1.05038,1.50,1.20
2012.03.21 08:09:00.152,1.05026,1.05038,3.00,2.70
2012.03.21 08:09:04.250,1.05026,1.05038,2.25,2.70
2012.03.21 08:09:04.791,1.05026,1.05038,2.25,2.70
2012.03.21 08:09:05.060,1.05028,1.05038,1.50,1.20
2012.03.21 08:09:05.783,1.05028,1.0504,2.70,1.50
2012.03.21 08:09:05.869,1.05028,1.05037,1.50,1.20
2012.03.21 08:09:06.216,1.05026,1.05033,1.50,2.25
2012.03.21 08:09:06.286,1.05026,1.05036,1.50,1.13
2012.03.21 08:09:06.418,1.05024,1.05033,1.88,1.50
2012.03.21 08:09:06.489,1.05024,1.05036,3.38,1.50
2012.03.21 08:09:07.009,1.05026,1.05037,1.50,1.20
2012.03.21 08:09:07.568,1.05025,1.05035,1.50,1.50
2012.03.21 08:09:08.226,1.05023,1.05031,1.20,1.50
2012.03.21 08:09:08.319,1.05018,1.05028,3.64,1.50
2012.03.21 08:09:08.855,1.05019,1.05029,2.25,1.50
2012.03.21 08:09:09.438,1.05019,1.05028,1.50,1.20
2012.03.21 08:09:10.684,1.05022,1.05029,1.20,3.75
2012.03.21 08:09:10.968,1.05023,1.05034,1.50,2.90
2012.03.21 08:09:11.039,1.05023,1.05035,1.50,2.25
2012.03.21 08:09:11.310,1.05026,1.05036,1.50,2.25
2012.03.21 08:09:11.377,1.05023,1.05035,1.50,1.50
2012.03.21 08:09:11.570,1.05022,1.05032,2.70,1.50
2012.03.21 08:09:11.637,1.05023,1.05035,1.50,1.50
2012.03.21 08:09:11.955,1.05022,1.05032,2.70,1.50
2012.03.21 08:09:13.279,1.05024,1.05034,1.50,1.50
2012.03.21 08:09:15.472,1.05024,1.05034,2.25,1.50
2012.03.21 08:09:16.032,1.05024,1.05034,2.25,1.50
2012.03.21 08:09:16.129,1.05029,1.05041,1.50,2.82
2012.03.21 08:09:16.199,1.05029,1.05038,1.50,1.20
2012.03.21 08:09:16.466,1.05027,1.05038,1.50,1.20
2012.03.21 08:09:17.981,1.05027,1.05037,1.50,1.88
2012.03.21 08:09:18.356,1.05025,1.05032,1.50,1.50
2012.03.21 08:09:18.438,1.05022,1.05032,2.70,1.50
2012.03.21 08:09:18.578,1.05022,1.0503,1.20,1.50
2012.03.21 08:09:18.924,1.05022,1.0503,2.70,1.50
2012.03.21 08:09:19.002,1.05023,1.05033,3.00,1.50
2012.03.21 08:09:19.081,1.05025,1.05035,1.50,1.50
2012.03.21 08:09:19.618,1.05025,1.05035,2.25,1.50
2012.03.21 08:09:19.889,1.05025,1.05032,1.50,1.20
2012.03.21 08:09:20.354,1.05021,1.05031,3.00,1.50
2012.03.21 08:09:20.878,1.05023,1.05032,2.25,1.20
2012.03.21 08:09:21.676,1.05023,1.05032,1.50,1.20
2012.03.21 08:09:23.276,1.0502,1.05032,4.50,2.70
2012.03.21 08:09:24.694,1.0502,1.05032,3.00,2.70
2012.03.21 08:09:25.083,1.0502,1.05032,3.00,2.70
2012.03.21 08:09:25.866,1.05017,1.05027,2.25,2.70
2012.03.21 08:09:26.527,1.05018,1.05027,1.50,1.20
2012.03.21 08:09:29.012,1.05017,1.05027,1.50,1.20
2012.03.21 08:09:29.373,1.05014,1.05023,1.50,2.25
2012.03.21 08:09:30.092,1.05013,1.05023,2.25,2.25
2012.03.21 08:09:31.110,1.05013,1.05025,4.95,2.25
2012.03.21 08:09:31.530,1.05017,1.05027,1.50,2.70
2012.03.21 08:09:32.233,1.05014,1.05026,2.25,1.50
2012.03.21 08:09:32.795,1.05014,1.05026,2.25,1.50
2012.03.21 08:09:33.558,1.05014,1.05026,2.25,1.50
2012.03.21 08:09:33.891,1.05017,1.05027,1.50,4.20
2012.03.21 08:09:35.469,1.05018,1.05027,1.20,1.50
2012.03.21 08:09:35.748,1.05018,1.0503,3.64,2.25
2012.03.21 08:09:36.103,1.05019,1.0503,1.50,1.50
2012.03.21 08:09:36.980,1.05021,1.05031,2.25,1.50
2012.03.21 08:09:37.337,1.05019,1.05029,3.00,1.50
2012.03.21 08:09:37.869,1.05019,1.05029,2.25,1.50
2012.03.21 08:09:37.937,1.05019,1.05029,2.25,1.50
2012.03.21 08:09:38.445,1.05019,1.05029,3.00,1.50
2012.03.21 08:09:38.976,1.0502,1.05029,1.50,1.50
2012.03.21 08:09:39.496,1.0502,1.05029,1.50,1.50
2012.03.21 08:09:40.101,1.0502,1.05029,1.50,1.50
2012.03.21 08:09:40.378,1.05021,1.05031,3.00,1.50
2012.03.21 08:09:40.885,1.05023,1.05032,2.25,1.20
2012.03.21 08:09:42.488,1.05022,1.05032,1.50,2.70
2012.03.21 08:09:42.626,1.05022,1.0503,1.50,1.50
2012.03.21 08:09:43.016,1.05022,1.05031,1.50,1.50
2012.03.21 08:09:43.942,1.05021,1.05031,1.50,1.50
2012.03.21 08:09:44.702,1.05021,1.05027,1.50,1.20
2012.03.21 08:09:44.783,1.05017,1.05026,1.69,1.50
2012.03.21 08:09:45.296,1.05017,1.05027,3.19,1.20
2012.03.21 08:09:45.881,1.05017,1.05027,2.25,1.20
2012.03.21 08:09:46.437,1.05016,1.05026,1.69,1.50
2012.03.21 08:09:47.069,1.05016,1.05026,3.94,1.50
2012.03.21 08:09:47.285,1.05018,1.05028,2.70,1.50
2012.03.21 08:09:47.366,1.05023,1.0503,1.50,1.50
2012.03.21 08:09:47.443,1.05023,1.05032,1.50,1.95
2012.03.21 08:09:48.497,1.0502,1.0503,3.75,1.50
2012.03.21 08:09:48.713,1.05018,1.05028,6.45,1.50
2012.03.21 08:09:49.408,1.05019,1.05029,1.50,1.50
2012.03.21 08:09:49.560,1.05019,1.05031,2.25,1.50
2012.03.21 08:09:49.960,1.05019,1.05027,3.00,1.20
2012.03.21 08:09:50.504,1.05018,1.05027,1.50,1.20
2012.03.21 08:09:52.504,1.05016,1.05026,1.69,1.50
2012.03.21 08:09:54.078,1.05022,1.05033,1.50,4.58
2012.03.21 08:09:54.498,1.0502,1.0503,3.00,1.50
2012.03.21 08:09:58.621,1.0502,1.0503,2.25,2.25
2012.03.21 08:09:58.956,1.05017,1.05022,3.75,1.20
2012.03.21 08:09:59.168,1.05013,1.0502,1.13,1.50
2012.03.21 08:09:59.367,1.05011,1.05022,5.15,1.20
2012.03.21 08:09:59.521,1.05013,1.05024,3.08,2.25
2012.03.21 08:10:00.065,1.05013,1.05023,2.25,6.45
2012.03.21 08:10:00.200,1.05012,1.05021,1.50,1.50
2012.03.21 08:10:00.445,1.05014,1.05023,2.25,3.45
2012.03.21 08:10:05.544,1.05016,1.05023,1.50,2.25
2012.03.21 08:10:05.636,1.05014,1.05023,1.50,2.25
2012.03.21 08:10:06.180,1.05012,1.05022,3.75,1.50
2012.03.21 08:10:06.972,1.05012,1.05022,3.00,1.50
2012.03.21 08:10:08.015,1.05013,1.05023,2.25,2.25
2012.03.21 08:10:11.896,1.05015,1.05023,1.69,2.25
2012.03.21 08:10:11.986,1.05017,1.05027,1.50,1.88
2012.03.21 08:10:12.349,1.05019,1.05027,3.57,1.50
2012.03.21 08:10:12.701,1.05024,1.05033,1.50,1.58
2012.03.21 08:10:13.246,1.05022,1.05033,2.25,1.20
2012.03.21 08:10:13.517,1.05021,1.05032,2.25,1.50
2012.03.21 08:10:14.160,1.0502,1.05032,4.50,1.50
2012.03.21 08:10:14.518,1.05023,1.05033,1.50,1.20
2012.03.21 08:10:14.587,1.05023,1.05033,1.50,1.20
2012.03.21 08:10:15.237,1.05022,1.05033,2.25,1.20
2012.03.21 08:10:15.426,1.05022,1.05033,2.25,1.20
2012.03.21 08:10:16.116,1.05022,1.05033,2.25,1.20
2012.03.21 08:10:16.786,1.05022,1.05033,3.00,1.20
2012.03.21 08:10:17.322,1.05022,1.05033,3.00,1.20
2012.03.21 08:10:18.859,1.05022,1.05033,1.50,2.70
2012.03.21 08:10:18.998,1.05019,1.05028,2.25,1.20
2012.03.21 08:10:19.291,1.05016,1.05024,1.50,1.20
2012.03.21 08:10:19.503,1.05013,1.05024,2.25,3.45
2012.03.21 08:10:19.967,1.05012,1.05022,1.50,1.50
2012.03.21 08:10:20.537,1.05012,1.05022,2.25,1.50
2012.03.21 08:10:20.608,1.05015,1.05024,1.50,3.45
2012.03.21 08:10:21.618,1.05015,1.05025,1.50,1.50
2012.03.21 08:10:21.988,1.05018,1.05027,1.50,1.20
2012.03.21 08:10:22.278,1.05015,1.05027,1.50,2.70
2012.03.21 08:10:22.631,1.05015,1.05027,3.65,2.70
2012.03.21 08:10:22.909,1.05017,1.05029,2.89,2.25
2012.03.21 08:10:24.183,1.0502,1.05029,2.15,1.50
2012.03.21 08:10:24.747,1.05022,1.0503,2.33,1.50
2012.03.21 08:10:24.900,1.05023,1.05033,1.50,2.25
2012.03.21 08:10:25.448,1.05023,1.05033,1.50,2.25
2012.03.21 08:10:25.969,1.05022,1.05033,1.20,1.50
2012.03.21 08:10:27.664,1.05022,1.05032,1.95,1.50
2012.03.21 08:10:27.747,1.05027,1.05033,1.20,3.00
2012.03.21 08:10:27.895,1.05027,1.05035,1.20,1.50
2012.03.21 08:10:28.471,1.05025,1.05035,1.50,2.25
2012.03.21 08:10:28.550,1.05022,1.05034,4.20,1.50
2012.03.21 08:10:29.055,1.05025,1.05035,2.25,1.50
2012.03.21 08:10:29.431,1.05033,1.05042,1.20,1.13
2012.03.21 08:10:29.777,1.05035,1.05046,1.50,2.07
2012.03.21 08:10:30.153,1.05033,1.05045,4.20,1.88
2012.03.21 08:10:30.238,1.05033,1.05043,1.20,1.50
2012.03.21 08:10:36.758,1.05034,1.05044,1.50,1.50
2012.03.21 08:10:37.030,1.05034,1.05044,3.65,1.50
2012.03.21 08:10:37.337,1.05038,1.05047,1.50,1.20
2012.03.21 08:10:37.420,1.0504,1.05047,1.50,1.20
2012.03.21 08:10:37.493,1.0504,1.0505,1.50,4.88
2012.03.21 08:10:38.178,1.0504,1.0505,1.50,3.75
2012.03.21 08:10:38.264,1.05037,1.05046,3.75,1.50
2012.03.21 08:10:38.807,1.05036,1.05046,1.88,1.50
2012.03.21 08:10:39.363,1.05034,1.05042,2.90,1.50
2012.03.21 08:10:39.442,1.05032,1.05042,2.25,2.70
2012.03.21 08:10:40.248,1.05033,1.05044,1.20,1.50
2012.03.21 08:10:41.467,1.05033,1.05044,1.95,1.50
2012.03.21 08:10:41.968,1.05035,1.05044,1.50,1.50
2012.03.21 08:10:42.111,1.05038,1.05046,1.20,1.50
2012.03.21 08:10:42.247,1.05038,1.05049,2.70,2.25
2012.03.21 08:10:42.693,1.05038,1.05046,1.20,1.50
2012.03.21 08:10:43.612,1.05038,1.05046,1.95,1.50
2012.03.21 08:10:43.759,1.05039,1.05049,1.50,3.75
2012.03.21 08:10:44.628,1.05038,1.05049,2.70,2.25
2012.03.21 08:10:45.434,1.05038,1.05049,1.95,2.25
2012.03.21 08:10:47.338,1.05038,1.05049,1.95,2.25
2012.03.21 08:10:48.383,1.05038,1.05049,1.95,2.25
2012.03.21 08:10:51.259,1.05038,1.05049,1.95,2.25
2012.03.21 08:10:51.967,1.05038,1.05049,2.89,1.50
2012.03.21 08:10:52.393,1.05039,1.05051,2.44,2.25
2012.03.21 08:10:52.540,1.05039,1.05051,3.19,3.00
2012.03.21 08:10:53.426,1.05039,1.05051,2.44,3.00
2012.03.21 08:10:53.987,1.05039,1.05051,2.44,2.25
2012.03.21 08:10:54.507,1.05039,1.05051,2.44,3.00
2012.03.21 08:10:55.860,1.0504,1.0505,1.50,2.25
2012.03.21 08:10:56.001,1.05038,1.05048,2.70,1.50
2012.03.21 08:10:56.636,1.05038,1.05049,1.20,3.00
2012.03.21 08:10:57.209,1.05038,1.05049,1.20,3.00
2012.03.21 08:10:57.917,1.05037,1.05047,4.50,1.20
2012.03.21 08:10:58.272,1.05031,1.05041,1.88,1.50
2012.03.21 08:10:58.750,1.05032,1.05044,3.45,2.63
2012.03.21 08:10:59.529,1.05032,1.05044,4.20,1.88
2012.03.21 08:10:59.951,1.05032,1.05041,2.70,1.50
2012.03.21 08:11:00.524,1.05031,1.05041,2.25,1.50
2012.03.21 08:11:00.953,1.05031,1.05037,1.50,1.20
2012.03.21 08:11:01.168,1.05029,1.05037,1.50,1.20
2012.03.21 08:11:02.971,1.05029,1.05039,1.50,1.50
2012.03.21 08:11:03.253,1.05029,1.05039,2.25,1.50
2012.03.21 08:11:03.328,1.05032,1.05041,1.95,1.88
2012.03.21 08:11:03.470,1.05033,1.05043,3.75,1.88
2012.03.21 08:11:03.818,1.05037,1.05045,1.50,2.15
2012.03.21 08:11:03.886,1.05035,1.05045,1.50,3.65
2012.03.21 08:11:04.098,1.05033,1.05043,1.50,1.88
2012.03.21 08:11:06.096,1.05033,1.05043,2.25,1.88
2012.03.21 08:11:06.545,1.05032,1.05041,1.95,1.50
2012.03.21 08:11:07.380,1.05033,1.05043,1.50,1.88
2012.03.21 08:11:07.911,1.05032,1.05044,2.70,2.63
2012.03.21 08:11:08.101,1.05034,1.05044,1.50,1.13
2012.03.21 08:11:08.632,1.05033,1.05043,1.50,2.63
2012.03.21 08:11:09.157,1.05033,1.05043,6.00,1.88
2012.03.21 08:11:09.300,1.05037,1.05045,1.20,3.00
2012.03.21 08:11:09.506,1.0504,1.0505,1.50,3.75
2012.03.21 08:11:10.037,1.05039,1.05049,3.00,1.50
2012.03.21 08:11:12.427,1.05039,1.05049,1.50,2.25
2012.03.21 08:11:12.968,1.05038,1.05047,1.20,1.50
2012.03.21 08:11:13.380,1.05035,1.05045,3.00,1.50
2012.03.21 08:11:13.908,1.05035,1.05045,2.25,1.50
2012.03.21 08:11:13.978,1.05036,1.05048,2.25,2.70
2012.03.21 08:11:15.324,1.05036,1.05048,3.75,2.70
2012.03.21 08:11:15.953,1.05036,1.05048,3.00,2.70
2012.03.21 08:11:16.516,1.05038,1.05048,2.25,1.20
2012.03.21 08:11:17.726,1.05038,1.0505,4.20,1.50
2012.03.21 08:11:17.802,1.05038,1.05047,2.25,1.20
2012.03.21 08:11:18.346,1.05038,1.05047,2.25,1.95
2012.03.21 08:11:18.956,1.05038,1.05047,1.50,1.95
2012.03.21 08:11:19.756,1.05038,1.05047,1.50,1.95
2012.03.21 08:11:21.285,1.05038,1.05047,2.25,1.95
2012.03.21 08:11:21.839,1.05038,1.05047,1.50,1.95
2012.03.21 08:11:22.086,1.05037,1.05047,1.50,3.45
2012.03.21 08:11:22.686,1.05038,1.05047,1.50,1.20
2012.03.21 08:11:27.551,1.0504,1.05051,1.50,3.38
2012.03.21 08:11:27.618,1.0504,1.05051,2.25,2.25
2012.03.21 08:11:28.225,1.05042,1.05052,1.50,3.45
2012.03.21 08:11:28.319,1.05048,1.05058,1.50,2.14
2012.03.21 08:11:28.408,1.05048,1.05058,1.50,3.49
2012.03.21 08:11:28.492,1.05048,1.05055,1.50,1.20
2012.03.21 08:11:28.661,1.05044,1.05053,2.25,2.25
2012.03.21 08:11:28.805,1.05048,1.05053,1.20,2.25
2012.03.21 08:11:28.891,1.05048,1.05056,1.95,1.50
2012.03.21 08:11:29.034,1.05051,1.0506,1.50,1.13
2012.03.21 08:11:29.677,1.0505,1.0506,1.50,1.50
2012.03.21 08:11:30.359,1.05051,1.05062,1.50,1.95
2012.03.21 08:11:31.311,1.05054,1.05062,1.50,1.20
2012.03.21 08:11:32.184,1.05054,1.05064,2.25,1.50
2012.03.21 08:11:32.469,1.05057,1.05067,1.50,1.88
2012.03.21 08:11:33.008,1.05058,1.05068,1.50,3.30
2012.03.21 08:11:33.453,1.05056,1.05067,1.50,2.25
2012.03.21 08:11:33.986,1.05055,1.05067,2.25,1.50
2012.03.21 08:11:34.521,1.05055,1.05067,2.63,1.50
2012.03.21 08:11:35.194,1.05057,1.05067,2.70,1.50
2012.03.21 08:11:35.289,1.05061,1.05073,1.50,3.64
2012.03.21 08:11:35.568,1.05059,1.05071,1.50,1.50
2012.03.21 08:11:35.887,1.05059,1.05068,1.50,1.20
2012.03.21 08:11:37.936,1.05059,1.05069,1.50,2.25
2012.03.21 08:11:38.198,1.05059,1.05071,1.50,1.50
2012.03.21 08:11:39.630,1.05057,1.05069,7.58,1.50
2012.03.21 08:11:40.096,1.05056,1.05066,1.88,1.50
2012.03.21 08:11:40.487,1.05058,1.05068,1.50,2.70
2012.03.21 08:11:42.218,1.05056,1.05066,1.50,1.50
2012.03.21 08:11:42.434,1.05056,1.05068,1.50,1.20
2012.03.21 08:11:44.082,1.05056,1.05064,1.50,3.45
2012.03.21 08:11:44.158,1.05054,1.05064,2.25,2.25
2012.03.21 08:11:44.367,1.05054,1.05066,3.00,1.88
2012.03.21 08:11:44.783,1.05058,1.05066,1.20,1.50
2012.03.21 08:11:45.244,1.05056,1.05065,2.44,2.70
2012.03.21 08:11:45.940,1.05053,1.05063,2.63,1.50
2012.03.21 08:11:46.448,1.05053,1.05063,2.63,3.75
2012.03.21 08:11:47.526,1.05053,1.05063,3.75,3.75
2012.03.21 08:11:47.657,1.05058,1.05068,1.50,2.70
2012.03.21 08:11:48.220,1.05056,1.05066,1.50,1.50
2012.03.21 08:11:48.694,1.05058,1.05068,1.50,2.70
2012.03.21 08:11:49.051,1.05055,1.05067,2.44,1.50
2012.03.21 08:11:50.013,1.05058,1.05067,1.20,1.50
2012.03.21 08:11:50.383,1.05061,1.05069,1.50,1.50
2012.03.21 08:11:50.462,1.05061,1.05071,1.50,2.44
2012.03.21 08:11:50.596,1.05058,1.0507,3.45,1.50
2012.03.21 08:11:59.897,1.05058,1.05067,1.50,1.20
2012.03.21 08:12:00.121,1.05056,1.05067,1.88,1.20
2012.03.21 08:12:00.332,1.05056,1.05067,1.50,3.35
2012.03.21 08:12:00.631,1.0505,1.05059,1.69,1.50
2012.03.21 08:12:01.428,1.05049,1.05061,1.69,3.00
2012.03.21 08:12:01.646,1.05049,1.05061,2.25,1.50
2012.03.21 08:12:03.896,1.05049,1.05061,1.50,3.00
2012.03.21 08:12:04.247,1.05049,1.05057,1.50,1.20
2012.03.21 08:12:04.318,1.05047,1.05057,2.63,1.20
2012.03.21 08:12:05.885,1.0505,1.05057,1.50,1.20
2012.03.21 08:12:06.997,1.05048,1.05057,1.50,1.20
2012.03.21 08:12:07.537,1.05047,1.05057,1.50,1.20
2012.03.21 08:12:08.096,1.0505,1.05057,1.50,1.20
2012.03.21 08:12:11.700,1.0505,1.05059,1.50,2.25
2012.03.21 08:12:12.264,1.05051,1.05062,1.50,1.35
2012.03.21 08:12:12.493,1.05049,1.05061,1.50,1.50
2012.03.21 08:12:13.748,1.05049,1.05058,1.50,1.20
2012.03.21 08:12:13.960,1.05047,1.05058,2.25,3.45
2012.03.21 08:12:15.794,1.05047,1.05058,3.45,2.25
2012.03.21 08:12:15.873,1.05051,1.05063,1.50,6.83
2012.03.21 08:12:16.499,1.0505,1.0506,1.50,1.50
2012.03.21 08:12:17.759,1.0505,1.05057,1.50,1.20
2012.03.21 08:12:17.899,1.05047,1.05057,3.00,1.20
2012.03.21 08:12:19.726,1.05049,1.05057,1.50,1.20
2012.03.21 08:12:20.525,1.05048,1.05057,1.50,1.20
2012.03.21 08:12:20.889,1.0505,1.05062,1.50,2.82
2012.03.21 08:12:21.426,1.0505,1.05062,1.50,1.69
2012.03.21 08:12:22.336,1.05048,1.0506,2.25,2.25
2012.03.21 08:12:23.131,1.05048,1.0506,1.50,2.25
2012.03.21 08:12:23.488,1.05048,1.05057,1.50,1.20
2012.03.21 08:12:23.840,1.05045,1.05055,5.90,1.50
2012.03.21 08:12:24.453,1.05048,1.05057,1.50,1.20
2012.03.21 08:12:26.775,1.05048,1.05053,1.50,1.20
2012.03.21 08:12:27.849,1.05042,1.05049,1.50,2.25
2012.03.21 08:12:27.947,1.0503,1.05037,1.13,1.50
2012.03.21 08:12:28.160,1.05029,1.05037,2.44,1.50
2012.03.21 08:12:28.513,1.0503,1.05042,2.25,2.70
2012.03.21 08:12:29.434,1.05032,1.05042,1.50,2.70
2012.03.21 08:12:29.580,1.05033,1.05044,1.20,1.50
2012.03.21 08:12:29.656,1.05035,1.05046,1.50,2.29
2012.03.21 08:12:30.210,1.05034,1.05046,2.25,1.69
2012.03.21 08:12:30.909,1.05034,1.05046,2.25,1.69
2012.03.21 08:12:31.406,1.05034,1.05046,2.25,1.50
2012.03.21 08:12:31.926,1.05034,1.05046,2.25,1.50
2012.03.21 08:12:32.265,1.05043,1.05049,1.20,2.25
2012.03.21 08:12:32.468,1.05042,1.05053,1.50,1.95
2012.03.21 08:12:32.879,1.0504,1.05053,1.50,5.55
2012.03.21 08:12:32.956,1.05039,1.05051,1.50,1.50
2012.03.21 08:12:34.173,1.05039,1.05049,1.69,1.50
2012.03.21 08:12:34.846,1.05037,1.05049,2.44,3.75
2012.03.21 08:12:36.458,1.05038,1.05049,3.45,2.25
2012.03.21 08:12:36.975,1.05038,1.0505,3.45,1.50
2012.03.21 08:12:38.331,1.05038,1.0505,2.70,1.50
2012.03.21 08:12:38.460,1.05038,1.05047,1.50,1.20
2012.03.21 08:12:38.999,1.05037,1.05047,1.50,2.70
2012.03.21 08:12:39.528,1.05038,1.05047,1.50,1.20
2012.03.21 08:12:40.337,1.05038,1.05047,2.25,1.20
2012.03.21 08:12:42.753,1.05037,1.05047,3.19,2.70
2012.03.21 08:12:48.319,1.05039,1.05049,1.50,1.50
2012.03.21 08:12:48.398,1.0504,1.05052,1.50,3.45
2012.03.21 08:12:48.681,1.05039,1.05049,1.50,1.50
2012.03.21 08:12:49.501,1.05041,1.05051,1.50,2.25
2012.03.21 08:12:49.855,1.05043,1.05051,1.20,1.50
2012.03.21 08:12:50.314,1.0504,1.05052,3.75,4.43
2012.03.21 08:12:50.396,1.0504,1.05048,1.50,1.20
2012.03.21 08:12:50.809,1.05042,1.05051,1.20,1.50
2012.03.21 08:12:50.881,1.05044,1.05054,1.50,2.22
2012.03.21 08:12:51.157,1.05045,1.05056,1.50,1.50
2012.03.21 08:12:51.421,1.05043,1.05053,1.50,1.50
2012.03.21 08:12:53.189,1.05043,1.05053,2.25,1.50
2012.03.21 08:12:53.719,1.05043,1.05053,1.50,1.50
2012.03.21 08:12:55.455,1.05041,1.05052,2.25,1.50
2012.03.21 08:12:55.887,1.05043,1.05053,1.50,6.08
2012.03.21 08:12:56.338,1.05041,1.05051,1.50,1.50
2012.03.21 08:12:57.220,1.05042,1.05051,1.20,1.50
2012.03.21 08:12:57.360,1.05044,1.05056,1.50,2.48
2012.03.21 08:12:57.907,1.05044,1.05056,1.50,2.48
2012.03.21 08:12:58.097,1.05043,1.05053,1.69,1.50
2012.03.21 08:12:58.619,1.05044,1.05056,1.69,3.98
2012.03.21 08:12:59.939,1.05044,1.05056,1.50,1.69
2012.03.21 08:13:02.397,1.05044,1.05052,1.50,1.20
2012.03.21 08:13:02.963,1.05039,1.05051,6.19,1.50
2012.03.21 08:13:03.230,1.05044,1.05052,1.50,1.20
2012.03.21 08:13:03.489,1.05042,1.05052,1.50,2.70
2012.03.21 08:13:04.381,1.05043,1.05052,1.50,1.20
2012.03.21 08:13:04.587,1.05043,1.05055,1.50,2.25
2012.03.21 08:13:04.660,1.05045,1.05057,1.50,2.25
2012.03.21 08:13:04.728,1.05045,1.05057,1.50,2.25
2012.03.21 08:13:05.132,1.05044,1.05055,2.90,1.50
2012.03.21 08:13:05.493,1.0505,1.05058,1.50,1.95
2012.03.21 08:13:06.440,1.0505,1.0506,1.50,4.50
2012.03.21 08:13:10.243,1.0505,1.0506,2.25,1.50
2012.03.21 08:13:10.457,1.05052,1.05062,1.50,2.25
2012.03.21 08:13:10.861,1.0505,1.0506,2.25,1.50
2012.03.21 08:13:11.300,1.05052,1.0506,1.50,1.50
2012.03.21 08:13:11.429,1.05053,1.05062,1.50,1.50
2012.03.21 08:13:11.642,1.05058,1.05065,1.50,2.25
2012.03.21 08:13:11.789,1.0506,1.05068,1.50,1.58
2012.03.21 08:13:12.330,1.05058,1.05068,1.50,3.08
2012.03.21 08:13:12.718,1.05058,1.05068,3.45,1.88
2012.03.21 08:13:12.990,1.0506,1.0507,1.69,3.75
2012.03.21 08:13:14.276,1.05058,1.05069,1.95,1.50
2012.03.21 08:13:14.708,1.05057,1.05067,5.25,1.20
2012.03.21 08:13:15.213,1.05057,1.05067,1.50,1.20
2012.03.21 08:13:15.782,1.05057,1.05067,3.00,1.20
2012.03.21 08:13:16.449,1.05063,1.0507,2.55,3.75
2012.03.21 08:13:16.543,1.05071,1.05081,1.50,5.44
2012.03.21 08:13:17.110,1.05071,1.05081,1.50,3.94
2012.03.21 08:13:17.178,1.05068,1.0508,2.25,1.50
2012.03.21 08:13:18.284,1.0507,1.05082,1.50,2.44
2012.03.21 08:13:18.881,1.05068,1.05079,3.00,1.50
2012.03.21 08:13:19.222,1.05067,1.05077,2.25,1.50
2012.03.21 08:13:19.550,1.05069,1.05079,1.50,1.50
2012.03.21 08:13:20.668,1.05069,1.05079,2.25,1.50
2012.03.21 08:13:20.938,1.0507,1.05082,2.25,2.44
2012.03.21 08:13:21.341,1.05068,1.0508,1.50,1.50
2012.03.21 08:13:23.334,1.05067,1.05077,2.63,1.50
2012.03.21 08:13:23.953,1.05069,1.05079,1.50,1.50
2012.03.21 08:13:24.383,1.05066,1.05078,3.00,2.70
2012.03.21 08:13:28.470,1.05069,1.05078,1.50,1.20
2012.03.21 08:13:29.064,1.05069,1.05079,1.50,1.50
2012.03.21 08:13:29.151,1.0507,1.05082,1.50,3.45
2012.03.21 08:13:29.714,1.0507,1.05082,1.50,2.70
2012.03.21 08:13:30.726,1.0507,1.05082,1.50,3.45
2012.03.21 08:13:30.812,1.05068,1.05078,1.50,1.20
2012.03.21 08:13:31.250,1.05066,1.05078,2.63,2.70
2012.03.21 08:13:31.465,1.05069,1.05078,1.50,1.20
2012.03.21 08:13:32.990,1.05069,1.05079,2.25,1.50
2012.03.21 08:13:33.262,1.0507,1.05081,1.50,2.44
2012.03.21 08:13:33.621,1.05068,1.05079,2.70,1.50
2012.03.21 08:13:34.668,1.0507,1.0508,1.50,1.50
2012.03.21 08:13:35.007,1.0507,1.05078,1.50,1.20
2012.03.21 08:13:35.079,1.05068,1.05078,1.50,2.70
2012.03.21 08:13:36.467,1.05068,1.05078,2.25,2.70
2012.03.21 08:13:37.226,1.05068,1.05078,1.50,2.70
2012.03.21 08:13:46.107,1.05069,1.05078,1.50,1.20
2012.03.21 08:13:50.306,1.05069,1.0508,1.50,2.25
2012.03.21 08:13:50.387,1.0507,1.0508,3.24,2.25
2012.03.21 08:13:50.746,1.05079,1.05087,1.50,1.95
2012.03.21 08:13:51.104,1.05077,1.05082,1.50,1.35
2012.03.21 08:13:51.185,1.05076,1.05082,1.50,2.10
2012.03.21 08:13:51.262,1.0507,1.05081,1.69,1.50
2012.03.21 08:13:51.410,1.05069,1.05077,2.25,1.50
2012.03.21 08:13:52.062,1.05067,1.05078,1.50,1.20
2012.03.21 08:13:52.144,1.05067,1.05076,1.50,1.50
2012.03.21 08:13:52.505,1.05065,1.05074,1.13,1.50
2012.03.21 08:13:53.236,1.05064,1.05074,3.75,1.50
2012.03.21 08:13:55.981,1.05064,1.05073,3.75,1.20
2012.03.21 08:13:56.309,1.05061,1.05071,3.00,1.50
2012.03.21 08:13:56.521,1.0506,1.0507,1.69,1.50
2012.03.21 08:13:56.719,1.05059,1.05067,2.44,1.20
2012.03.21 08:13:57.236,1.05058,1.05067,1.69,2.70
2012.03.21 08:13:58.909,1.05059,1.05067,1.50,1.95
2012.03.21 08:13:59.254,1.05057,1.05063,1.50,3.83
2012.03.21 08:13:59.332,1.05052,1.05061,1.69,1.50
2012.03.21 08:13:59.877,1.05052,1.05062,1.69,1.50
2012.03.21 08:14:01.103,1.05053,1.05062,1.20,1.50
2012.03.21 08:14:01.463,1.05057,1.05063,1.39,2.25
2012.03.21 08:14:01.550,1.05059,1.05069,1.50,1.50
2012.03.21 08:14:01.626,1.05061,1.05071,1.50,3.45
2012.03.21 08:14:02.042,1.05059,1.05069,2.25,1.50
2012.03.21 08:14:02.568,1.05059,1.05069,4.50,1.50
2012.03.21 08:14:03.626,1.05059,1.05069,3.00,1.50
2012.03.21 08:14:05.779,1.05062,1.05072,3.45,1.50
2012.03.21 08:14:06.133,1.05067,1.05073,1.50,3.45
2012.03.21 08:14:06.212,1.05065,1.05073,1.50,4.20
2012.03.21 08:14:06.352,1.05061,1.05073,2.63,6.83
2012.03.21 08:14:06.682,1.0506,1.0507,2.63,1.50
2012.03.21 08:14:07.422,1.0506,1.0507,1.50,1.50
2012.03.21 08:14:07.840,1.05062,1.05072,1.50,3.00
2012.03.21 08:14:08.253,1.0506,1.05071,1.50,2.25
2012.03.21 08:14:08.787,1.05059,1.05071,1.69,2.25
2012.03.21 08:14:09.622,1.05059,1.05071,1.69,2.25
2012.03.21 08:14:10.220,1.05058,1.05069,2.44,1.50
2012.03.21 08:14:11.311,1.05059,1.05071,1.69,3.00
2012.03.21 08:14:11.878,1.05059,1.05071,3.79,1.50
2012.03.21 08:14:12.409,1.05059,1.05071,6.04,1.50
2012.03.21 08:14:13.898,1.0506,1.05071,1.50,1.50
2012.03.21 08:14:14.236,1.05059,1.05071,3.94,1.50
2012.03.21 08:14:15.036,1.05058,1.05068,1.69,1.50
2012.03.21 08:14:16.249,1.05059,1.05071,2.44,2.70
2012.03.21 08:14:16.687,1.05058,1.05068,1.69,1.50
2012.03.21 08:14:18.713,1.05061,1.05068,1.50,1.50
2012.03.21 08:14:18.853,1.0506,1.0507,3.00,1.50
2012.03.21 08:14:19.396,1.05061,1.05071,1.50,1.95
2012.03.21 08:14:19.469,1.05061,1.05071,1.50,1.20
2012.03.21 08:14:20.006,1.0506,1.0507,1.50,1.50
2012.03.21 08:14:21.856,1.0506,1.0507,2.25,1.50
2012.03.21 08:14:22.191,1.05062,1.0507,2.25,1.50
2012.03.21 08:14:22.545,1.05067,1.05073,2.89,2.25
2012.03.21 08:14:22.905,1.0507,1.05077,2.44,1.50
2012.03.21 08:14:23.294,1.05072,1.05083,1.95,6.00
2012.03.21 08:14:23.385,1.05074,1.05079,1.13,1.50
2012.03.21 08:14:23.467,1.05075,1.05082,1.13,1.50
2012.03.21 08:14:23.966,1.05075,1.05079,1.13,1.50
2012.03.21 08:14:24.039,1.05075,1.05085,1.13,1.50
2012.03.21 08:14:24.178,1.05077,1.05086,1.50,1.20
2012.03.21 08:14:24.521,1.05075,1.05084,1.13,1.50
2012.03.21 08:14:25.155,1.05075,1.05086,2.63,1.20
2012.03.21 08:14:25.760,1.05075,1.05086,2.63,1.20
2012.03.21 08:14:25.969,1.05075,1.05086,3.38,1.20
2012.03.21 08:14:27.258,1.05075,1.05084,1.50,1.35
2012.03.21 08:14:27.349,1.05071,1.05079,1.88,1.50
2012.03.21 08:14:27.768,1.05069,1.05076,5.15,1.20
2012.03.21 08:14:27.846,1.05069,1.05076,3.19,1.20
2012.03.21 08:14:28.485,1.05069,1.05079,1.69,3.75
2012.03.21 08:14:32.868,1.05069,1.05079,2.25,1.50
2012.03.21 08:14:32.941,1.05071,1.05081,1.50,1.50
2012.03.21 08:14:34.890,1.05071,1.05081,2.25,2.25
2012.03.21 08:14:35.788,1.05071,1.05081,3.00,2.25
2012.03.21 08:14:36.205,1.05071,1.05081,2.25,2.25
2012.03.21 08:14:37.157,1.05071,1.05081,1.50,2.25
2012.03.21 08:14:37.665,1.05071,1.05081,1.50,2.25
2012.03.21 08:14:38.014,1.05069,1.05079,3.00,2.25
2012.03.21 08:14:38.219,1.05067,1.05077,1.50,1.50
2012.03.21 08:14:39.564,1.05067,1.05077,3.00,1.50
2012.03.21 08:14:39.638,1.05068,1.0508,2.25,2.25
2012.03.21 08:14:40.189,1.05069,1.0508,1.50,2.25
2012.03.21 08:14:40.885,1.05068,1.0508,4.50,2.25
2012.03.21 08:14:41.445,1.05069,1.0508,1.50,2.25
2012.03.21 08:14:41.987,1.05068,1.0508,3.00,2.25
2012.03.21 08:14:42.651,1.05068,1.0508,3.00,2.25
2012.03.21 08:14:43.675,1.05068,1.0508,4.50,2.25
2012.03.21 08:14:44.185,1.05068,1.0508,5.25,2.25
2012.03.21 08:14:45.027,1.0507,1.0508,1.50,2.25
2012.03.21 08:14:45.499,1.05069,1.0508,1.50,2.25
2012.03.21 08:14:45.639,1.0507,1.0508,1.50,3.00
2012.03.21 08:14:45.708,1.05068,1.0508,1.50,3.00
2012.03.21 08:14:46.307,1.05067,1.05077,4.69,1.50
2012.03.21 08:14:52.558,1.05067,1.05077,3.19,1.50
2012.03.21 08:14:52.698,1.05068,1.0508,3.19,2.25
2012.03.21 08:14:53.327,1.05068,1.0508,2.44,2.25
2012.03.21 08:14:53.894,1.05068,1.0508,1.69,2.25
2012.03.21 08:14:54.349,1.0507,1.05081,1.50,1.50
2012.03.21 08:14:54.856,1.0507,1.05082,1.50,3.45
2012.03.21 08:14:56.151,1.0507,1.05082,1.50,4.20
2012.03.21 08:14:56.759,1.0507,1.05081,2.25,1.50
2012.03.21 08:14:58.775,1.0507,1.05081,1.50,1.50
2012.03.21 08:14:59.327,1.0507,1.05081,1.50,1.50
2012.03.21 08:14:59.898,1.05069,1.05078,3.00,1.95
2012.03.21 08:14:59.980,1.05066,1.05076,2.25,2.25
2012.03.21 08:15:00.054,1.05063,1.05073,4.88,1.50
2012.03.21 08:15:00.130,1.05063,1.05073,4.50,1.50
2012.03.21 08:15:00.691,1.05064,1.05073,1.50,1.20
2012.03.21 08:15:01.226,1.05061,1.05072,2.25,1.50
2012.03.21 08:15:01.639,1.05064,1.05074,1.50,1.50
2012.03.21 08:15:02.148,1.05064,1.05074,2.25,1.50
2012.03.21 08:15:02.655,1.05064,1.05074,3.75,1.50
2012.03.21 08:15:04.167,1.05064,1.05074,1.50,1.50
2012.03.21 08:15:04.719,1.05063,1.05073,1.20,1.50
2012.03.21 08:15:05.179,1.05066,1.05073,1.20,1.50
2012.03.21 08:15:05.530,1.05068,1.05078,1.50,3.15
2012.03.21 08:15:05.601,1.05068,1.05077,1.50,1.58
2012.03.21 08:15:05.858,1.05066,1.05076,1.50,1.50
2012.03.21 08:15:05.999,1.05063,1.05074,2.33,1.50
2012.03.21 08:15:06.330,1.05065,1.05075,1.50,1.50
2012.03.21 08:15:07.627,1.05063,1.05073,3.45,1.50
2012.03.21 08:15:07.708,1.05068,1.05078,2.70,1.69
2012.03.21 08:15:07.787,1.0507,1.05079,1.50,2.44
2012.03.21 08:15:08.000,1.05071,1.05082,1.50,1.95
2012.03.21 08:15:08.517,1.05069,1.05081,2.25,1.50
2012.03.21 08:15:09.360,1.05069,1.05081,4.50,1.50
2012.03.21 08:15:09.701,1.05069,1.05081,3.00,1.50
2012.03.21 08:15:10.236,1.05069,1.05081,2.25,1.50
2012.03.21 08:15:11.095,1.05069,1.05081,3.00,1.50
2012.03.21 08:15:11.655,1.05069,1.05081,4.74,1.50
2012.03.21 08:15:12.679,1.05069,1.05081,1.50,1.50
2012.03.21 08:15:13.080,1.05068,1.05079,1.20,1.50
2012.03.21 08:15:13.922,1.0507,1.0508,1.50,1.50
2012.03.21 08:15:17.056,1.0507,1.05078,1.50,1.20
2012.03.21 08:15:17.138,1.05067,1.05078,1.50,2.70
2012.03.21 08:15:17.641,1.05065,1.05075,3.00,1.50
2012.03.21 08:15:17.969,1.05069,1.05079,1.50,2.25
2012.03.21 08:15:18.418,1.05068,1.05077,1.20,1.50
2012.03.21 08:15:20.411,1.05067,1.05077,3.75,1.50
2012.03.21 08:15:20.753,1.05065,1.05075,3.00,1.50
2012.03.21 08:15:21.109,1.05063,1.05073,3.94,1.50
2012.03.21 08:15:21.801,1.05065,1.05075,1.50,1.50
2012.03.21 08:15:22.314,1.05062,1.05071,1.50,1.50
2012.03.21 08:15:22.677,1.05058,1.05066,2.14,1.50
2012.03.21 08:15:22.975,1.05056,1.05067,2.25,1.50
2012.03.21 08:15:23.050,1.05056,1.05065,3.75,1.50
2012.03.21 08:15:23.590,1.05054,1.05065,2.82,1.50
2012.03.21 08:15:24.127,1.05056,1.05066,1.50,1.50
2012.03.21 08:15:25.889,1.05056,1.05065,1.50,1.50
2012.03.21 08:15:26.624,1.05055,1.05065,3.00,1.50
2012.03.21 08:15:27.157,1.05057,1.05065,1.20,1.50
2012.03.21 08:15:27.418,1.05057,1.05068,3.45,1.50
2012.03.21 08:15:27.773,1.05055,1.05066,1.50,1.50
2012.03.21 08:15:28.128,1.05054,1.05063,1.50,1.50
2012.03.21 08:15:28.200,1.05055,1.05065,1.50,1.50
2012.03.21 08:15:29.458,1.05058,1.05068,1.50,1.20
2012.03.21 08:15:29.535,1.05058,1.0507,1.50,2.25
2012.03.21 08:15:30.029,1.05057,1.05067,2.70,1.50
2012.03.21 08:15:30.379,1.05057,1.05063,1.50,1.50
2012.03.21 08:15:30.453,1.05054,1.05063,1.88,2.70
2012.03.21 08:15:30.807,1.05054,1.0506,1.50,1.50
2012.03.21 08:15:30.876,1.05051,1.0506,1.50,1.50
2012.03.21 08:15:30.948,1.05052,1.05062,1.50,1.50
2012.03.21 08:15:31.138,1.0505,1.05061,1.50,1.50
2012.03.21 08:15:31.683,1.0505,1.0506,1.50,1.50
2012.03.21 08:15:31.968,1.05051,1.05063,1.50,9.08
2012.03.21 08:15:32.706,1.05051,1.05063,1.50,7.58
2012.03.21 08:15:32.838,1.05049,1.05061,3.00,1.69
2012.03.21 08:15:33.196,1.05048,1.05058,1.50,1.50
2012.03.21 08:15:33.636,1.0505,1.0506,1.50,1.50
2012.03.21 08:15:37.370,1.0505,1.0506,3.00,1.50
2012.03.21 08:15:37.863,1.05056,1.05063,1.95,3.75
2012.03.21 08:15:38.032,1.05057,1.05065,1.50,1.50
2012.03.21 08:15:38.314,1.05058,1.05069,2.25,1.50
2012.03.21 08:15:38.460,1.05057,1.05067,4.50,1.20
2012.03.21 08:15:38.970,1.05057,1.05069,2.89,1.50
2012.03.21 08:15:39.317,1.05058,1.05069,1.50,1.50
2012.03.21 08:15:39.826,1.05064,1.05073,1.50,1.95
2012.03.21 08:15:39.931,1.05062,1.05072,2.25,1.50
2012.03.21 08:15:41.737,1.0506,1.0507,1.50,1.50
2012.03.21 08:15:42.079,1.05063,1.05072,1.20,1.50
2012.03.21 08:15:42.151,1.05064,1.05074,1.50,1.88
2012.03.21 08:15:42.911,1.05066,1.05075,1.50,1.43
2012.03.21 08:15:43.376,1.05064,1.05074,1.50,2.25
2012.03.21 08:15:43.839,1.05066,1.05074,2.25,2.25
2012.03.21 08:15:44.041,1.05065,1.05076,1.50,2.59
2012.03.21 08:15:44.629,1.05065,1.05076,1.50,1.84
2012.03.21 08:15:45.080,1.05067,1.05075,2.25,1.65
2012.03.21 08:15:45.218,1.05069,1.0508,1.50,2.70
2012.03.21 08:15:45.778,1.05069,1.0508,1.50,1.20
2012.03.21 08:15:46.284,1.05069,1.05081,1.50,2.44
2012.03.21 08:15:46.702,1.05068,1.05078,1.50,1.50
2012.03.21 08:15:49.427,1.05069,1.05081,1.50,2.25
2012.03.21 08:15:55.647,1.05067,1.05079,6.08,1.50
2012.03.21 08:15:58.518,1.05069,1.05081,1.50,2.25
2012.03.21 08:16:01.460,1.05069,1.05078,1.50,1.20
2012.03.21 08:16:01.588,1.05067,1.05078,2.25,1.20
2012.03.21 08:16:02.505,1.05068,1.05079,1.20,1.50
2012.03.21 08:16:02.583,1.05069,1.05081,1.50,3.79
2012.03.21 08:16:04.716,1.05069,1.05077,1.50,1.20
2012.03.21 08:16:04.932,1.05069,1.05079,1.50,2.25
2012.03.21 08:16:05.456,1.0507,1.0508,1.50,1.50
2012.03.21 08:16:06.962,1.0507,1.05078,1.50,1.20
2012.03.21 08:16:07.218,1.05068,1.05078,1.50,1.20
2012.03.21 08:16:07.748,1.05067,1.05078,1.50,1.20
2012.03.21 08:16:08.451,1.05067,1.05078,1.50,2.70
2012.03.21 08:16:08.520,1.05067,1.05073,1.50,2.25
2012.03.21 08:16:08.665,1.05064,1.05073,3.75,3.00
2012.03.21 08:16:09.242,1.0506,1.0507,6.00,1.50
2012.03.21 08:16:09.326,1.0506,1.0507,1.50,1.50
2012.03.21 08:16:09.398,1.0506,1.05072,1.50,2.44
2012.03.21 08:16:09.815,1.05063,1.05073,1.50,5.14
2012.03.21 08:16:10.366,1.05064,1.05073,1.50,3.64
2012.03.21 08:16:18.809,1.05063,1.05073,1.50,5.14
2012.03.21 08:16:19.408,1.05063,1.05073,2.70,4.13
2012.03.21 08:16:19.716,1.05065,1.05075,1.50,3.65
2012.03.21 08:16:20.477,1.05065,1.05075,1.50,1.50
2012.03.21 08:16:27.690,1.05065,1.05072,1.50,1.20
2012.03.21 08:16:27.972,1.05061,1.05071,2.25,1.50
2012.03.21 08:16:28.039,1.0506,1.05069,2.25,1.50
2012.03.21 08:16:28.570,1.05059,1.05069,2.25,1.50
2012.03.21 08:16:32.128,1.05059,1.05067,1.50,1.50
2012.03.21 08:16:32.285,1.05054,1.05066,3.00,1.50
2012.03.21 08:16:32.760,1.05053,1.05064,1.88,1.50
2012.03.21 08:16:33.168,1.05055,1.05065,1.50,1.50
2012.03.21 08:16:33.389,1.05056,1.05068,1.50,3.45
2012.03.21 08:16:34.185,1.05056,1.05068,1.50,4.95
2012.03.21 08:16:34.270,1.05058,1.05065,1.20,1.50
2012.03.21 08:16:34.633,1.05063,1.05068,1.50,1.50
2012.03.21 08:16:34.713,1.05063,1.05072,1.50,1.58
2012.03.21 08:16:35.581,1.0506,1.05072,2.25,3.08
2012.03.21 08:16:36.840,1.0506,1.05072,2.25,3.08
2012.03.21 08:16:42.437,1.0506,1.05067,1.50,1.20
2012.03.21 08:16:42.720,1.05057,1.05067,3.94,2.70
2012.03.21 08:16:43.892,1.05057,1.05067,3.75,2.70
2012.03.21 08:16:44.134,1.05059,1.05069,3.04,3.00
2012.03.21 08:16:44.537,1.05062,1.05069,1.20,1.50
2012.03.21 08:16:44.623,1.05065,1.05075,1.50,1.50
2012.03.21 08:16:44.699,1.05068,1.05076,1.50,1.13
2012.03.21 08:16:44.981,1.05066,1.05076,1.50,2.63
2012.03.21 08:16:46.911,1.05064,1.05075,2.25,1.50
2012.03.21 08:16:46.987,1.05063,1.05075,2.25,1.50
2012.03.21 08:16:49.126,1.05063,1.05075,2.25,2.25
2012.03.21 08:16:49.688,1.05063,1.05075,2.25,1.50
2012.03.21 08:16:51.998,1.05063,1.05075,2.25,1.50
2012.03.21 08:16:52.528,1.05063,1.05075,3.00,1.50
2012.03.21 08:16:53.094,1.05065,1.05075,1.50,1.50
2012.03.21 08:16:53.204,1.0507,1.0508,1.50,1.50
2012.03.21 08:16:53.417,1.05071,1.05082,1.50,3.64
2012.03.21 08:16:53.494,1.05069,1.05081,1.50,1.50
2012.03.21 08:16:54.327,1.0507,1.05081,1.50,1.50
2012.03.21 08:16:54.896,1.05071,1.05082,1.50,2.14
2012.03.21 08:17:00.230,1.05073,1.05083,1.20,4.69
2012.03.21 08:17:00.580,1.05076,1.05086,1.50,1.69
2012.03.21 08:17:00.721,1.05074,1.05084,1.50,1.50
2012.03.21 08:17:01.557,1.05076,1.05086,1.50,1.50
2012.03.21 08:17:02.593,1.05077,1.05089,1.50,3.75
2012.03.21 08:17:02.743,1.05079,1.05089,1.20,1.50
2012.03.21 08:17:03.200,1.05084,1.05092,1.50,1.50
2012.03.21 08:17:03.376,1.05084,1.05094,1.50,1.50
2012.03.21 08:17:03.878,1.05083,1.05094,1.20,1.50
2012.03.21 08:17:04.706,1.05084,1.05096,1.50,1.88
2012.03.21 08:17:06.480,1.05085,1.05096,1.50,1.88
2012.03.21 08:17:07.048,1.05084,1.05096,3.00,1.88
2012.03.21 08:17:07.598,1.05084,1.05096,2.25,1.88
2012.03.21 08:17:07.741,1.05088,1.05096,1.20,1.88
2012.03.21 08:17:07.810,1.05088,1.05097,1.20,1.50
2012.03.21 08:17:07.881,1.05088,1.05099,2.70,1.69
2012.03.21 08:17:08.417,1.05088,1.05098,2.70,1.50
2012.03.21 08:17:09.470,1.05088,1.05094,1.20,2.25
2012.03.21 08:17:09.685,1.05086,1.05093,2.25,1.20
2012.03.21 08:17:09.766,1.05086,1.05096,1.50,4.13
2012.03.21 08:17:09.844,1.05084,1.0509,2.25,1.50
2012.03.21 08:17:10.379,1.05084,1.05092,1.50,1.50
2012.03.21 08:17:10.459,1.05085,1.05097,2.25,2.70
2012.03.21 08:17:10.534,1.05088,1.05097,2.70,1.50
2012.03.21 08:17:10.614,1.0509,1.05101,2.25,3.38
2012.03.21 08:17:10.761,1.05092,1.05102,1.50,2.89
2012.03.21 08:17:12.384,1.0509,1.05096,2.25,2.85
2012.03.21 08:17:12.465,1.05088,1.05093,2.19,1.50
2012.03.21 08:17:12.748,1.0509,1.05098,1.50,1.50
2012.03.21 08:17:12.818,1.0509,1.051,3.00,1.50
2012.03.21 08:17:12.887,1.05094,1.05102,1.50,1.20
2012.03.21 08:17:13.157,1.05092,1.05102,1.50,1.20
2012.03.21 08:17:13.721,1.05091,1.05101,1.50,1.50
2012.03.21 08:17:17.245,1.05091,1.05096,1.50,1.95
2012.03.21 08:17:17.766,1.05089,1.05093,1.50,2.25
2012.03.21 08:17:17.950,1.05087,1.05092,2.25,1.20
2012.03.21 08:17:18.161,1.05083,1.05089,1.50,1.50
2012.03.21 08:17:18.247,1.05079,1.05088,1.50,1.50
2012.03.21 08:17:19.094,1.05078,1.05089,4.85,1.50
2012.03.21 08:17:19.450,1.05078,1.0509,2.89,1.50
2012.03.21 08:17:20.427,1.05079,1.0509,1.50,1.50
2012.03.21 08:17:20.761,1.0508,1.05092,1.50,3.45
2012.03.21 08:17:21.736,1.05078,1.0509,6.64,1.50
2012.03.21 08:17:22.085,1.05079,1.05084,1.50,1.50
2012.03.21 08:17:22.166,1.05074,1.05084,2.25,1.50
2012.03.21 08:17:22.262,1.05074,1.05084,1.50,1.50
2012.03.21 08:17:22.351,1.05072,1.05081,3.64,1.50
2012.03.21 08:17:22.702,1.05073,1.05083,1.69,3.45
2012.03.21 08:17:23.172,1.0507,1.05082,1.50,1.50
2012.03.21 08:17:24.476,1.05072,1.05082,1.20,1.50
2012.03.21 08:17:25.082,1.05074,1.05085,1.50,1.50
2012.03.21 08:17:25.244,1.05074,1.05086,1.50,3.19
2012.03.21 08:17:26.247,1.05075,1.05086,1.50,1.50
2012.03.21 08:17:26.589,1.05079,1.05088,1.50,1.20
2012.03.21 08:17:27.319,1.05078,1.05088,1.50,2.70
2012.03.21 08:17:27.808,1.0508,1.05088,1.50,1.20
2012.03.21 08:17:28.025,1.0508,1.0509,1.50,1.50
2012.03.21 08:17:28.105,1.05081,1.05092,1.50,4.58
2012.03.21 08:17:28.180,1.05084,1.05092,1.50,2.33
2012.03.21 08:17:28.935,1.05081,1.05091,1.50,1.50
2012.03.21 08:17:31.968,1.05082,1.05092,1.50,1.20
2012.03.21 08:17:32.239,1.05082,1.05094,2.70,1.50
2012.03.21 08:17:32.450,1.05084,1.05096,1.50,4.73
2012.03.21 08:17:32.919,1.05082,1.05094,2.70,2.25
2012.03.21 08:17:34.258,1.05082,1.05094,2.70,2.25
2012.03.21 08:17:35.950,1.05082,1.05094,2.70,2.25
2012.03.21 08:17:36.451,1.05082,1.05094,4.20,2.25
2012.03.21 08:17:36.710,1.05086,1.05094,1.20,2.25
2012.03.21 08:17:37.153,1.05086,1.05096,4.20,1.50
2012.03.21 08:17:37.250,1.05088,1.05099,1.39,3.00
2012.03.21 08:17:37.389,1.05089,1.05101,1.50,2.25
2012.03.21 08:17:37.524,1.05088,1.05099,3.64,1.50
2012.03.21 08:17:38.097,1.05089,1.05099,1.69,1.50
2012.03.21 08:17:38.820,1.05088,1.05096,3.64,1.50
2012.03.21 08:17:39.328,1.05088,1.05096,3.45,1.50
2012.03.21 08:17:40.021,1.05086,1.05096,1.50,1.50
2012.03.21 08:17:40.235,1.05085,1.05095,2.25,2.25
2012.03.21 08:17:40.313,1.05084,1.05095,1.50,2.44
2012.03.21 08:17:40.393,1.05084,1.05091,1.50,1.50
2012.03.21 08:17:40.897,1.05083,1.05092,1.95,1.50
2012.03.21 08:17:40.969,1.05083,1.05095,3.45,3.19
2012.03.21 08:17:41.510,1.05083,1.05095,3.45,1.50
2012.03.21 08:17:42.089,1.05084,1.05095,1.50,1.50
2012.03.21 08:17:42.941,1.05088,1.05098,1.50,2.25
2012.03.21 08:17:45.138,1.05088,1.05098,1.50,2.48
2012.03.21 08:17:45.678,1.05087,1.05099,4.50,2.25
2012.03.21 08:17:47.752,1.05087,1.05099,4.50,1.50
2012.03.21 08:17:48.893,1.05087,1.05099,4.50,1.50
2012.03.21 08:17:53.499,1.05087,1.05099,5.70,1.50
2012.03.21 08:17:57.961,1.0509,1.051,1.50,2.25
2012.03.21 08:17:59.287,1.05088,1.05098,2.10,1.50
2012.03.21 08:17:59.427,1.05089,1.05101,2.25,3.64
2012.03.21 08:17:59.981,1.05089,1.05101,3.00,1.69
2012.03.21 08:18:00.192,1.05091,1.05101,5.15,1.50
2012.03.21 08:18:00.751,1.05097,1.05101,3.00,1.50
2012.03.21 08:18:01.044,1.05097,1.05102,4.20,1.50
2012.03.21 08:18:01.127,1.05103,1.05111,1.50,1.88
2012.03.21 08:18:01.333,1.05099,1.05109,2.25,1.50
2012.03.21 08:18:02.070,1.05101,1.05111,1.50,1.50
2012.03.21 08:18:08.688,1.05101,1.05107,1.50,1.20
2012.03.21 08:18:08.891,1.05098,1.05107,3.75,1.20
2012.03.21 08:18:09.309,1.05099,1.05111,3.00,1.50
2012.03.21 08:18:09.878,1.05099,1.05111,3.00,2.25
2012.03.21 08:18:09.948,1.05099,1.0511,3.00,1.50
2012.03.21 08:18:10.482,1.05099,1.05106,1.50,1.50
2012.03.21 08:18:10.645,1.05094,1.05105,1.88,1.50
2012.03.21 08:18:10.879,1.05094,1.05105,1.88,1.50
2012.03.21 08:18:10.962,1.05094,1.05103,1.88,1.95
2012.03.21 08:18:11.041,1.05093,1.05103,3.75,2.70
2012.03.21 08:18:11.270,1.0509,1.051,1.50,1.50
2012.03.21 08:18:11.551,1.05088,1.05097,2.25,1.50
2012.03.21 08:18:11.978,1.05089,1.051,1.13,1.50
2012.03.21 08:18:12.121,1.0509,1.05102,3.00,1.50
2012.03.21 08:18:12.648,1.05091,1.05101,2.25,1.50
2012.03.21 08:18:13.308,1.05091,1.05101,2.25,1.50
2012.03.21 08:18:13.880,1.05091,1.05101,3.75,1.50
2012.03.21 08:18:13.954,1.05091,1.05101,2.25,1.50
2012.03.21 08:18:14.649,1.05089,1.05099,3.00,1.50
2012.03.21 08:18:15.427,1.0509,1.05101,1.50,1.50
2012.03.21 08:18:16.124,1.05088,1.051,3.19,3.45
2012.03.21 08:18:16.548,1.05089,1.05101,2.25,4.50
2012.03.21 08:18:21.472,1.05089,1.05094,1.50,1.20
2012.03.21 08:18:22.004,1.05088,1.05095,1.20,1.50
2012.03.21 08:18:22.084,1.05088,1.051,5.70,2.07
2012.03.21 08:18:22.157,1.0509,1.05102,1.50,6.08
2012.03.21 08:18:22.519,1.0509,1.05102,1.50,5.70
2012.03.21 08:18:22.658,1.0509,1.05097,1.50,1.20
2012.03.21 08:18:22.806,1.05088,1.05097,1.13,1.20
2012.03.21 08:18:23.728,1.05089,1.05097,1.50,1.20
2012.03.21 08:18:25.710,1.05089,1.05101,2.25,2.25
2012.03.21 08:18:27.144,1.05088,1.05097,2.44,1.20
2012.03.21 08:18:29.676,1.05087,1.05097,2.63,1.20
2012.03.21 08:18:30.013,1.0509,1.05097,1.50,1.20
2012.03.21 08:18:34.386,1.05087,1.05097,3.38,1.20
2012.03.21 08:18:34.937,1.05087,1.05097,3.38,1.20
2012.03.21 08:18:35.497,1.05087,1.05097,3.38,1.20
2012.03.21 08:18:36.008,1.05087,1.05097,3.38,1.20
2012.03.21 08:18:37.540,1.05087,1.05097,3.38,1.20
2012.03.21 08:18:38.748,1.05086,1.05097,1.88,2.70
2012.03.21 08:18:39.301,1.05087,1.05097,2.63,1.20
2012.03.21 08:18:39.617,1.05087,1.05097,3.19,1.20
2012.03.21 08:18:39.969,1.05098,1.05102,2.25,1.50
2012.03.21 08:18:40.169,1.05099,1.05109,1.50,1.13
2012.03.21 08:18:40.384,1.05098,1.05107,3.75,1.20
2012.03.21 08:18:41.010,1.05095,1.05102,2.25,1.50
2012.03.21 08:18:41.328,1.05094,1.05103,1.50,1.50
2012.03.21 08:18:42.969,1.05094,1.05103,1.13,2.70
2012.03.21 08:18:43.042,1.05097,1.05103,1.20,1.50
2012.03.21 08:18:43.120,1.05097,1.05105,3.45,1.50
2012.03.21 08:18:44.149,1.05094,1.05104,3.00,1.50
2012.03.21 08:18:44.458,1.05094,1.05101,1.50,1.50
2012.03.21 08:18:44.961,1.05094,1.05104,3.00,1.50
2012.03.21 08:18:45.519,1.05094,1.05103,1.50,1.20
2012.03.21 08:18:46.059,1.05091,1.05102,4.50,1.50
2012.03.21 08:18:46.268,1.05092,1.05102,3.45,1.50
2012.03.21 08:18:46.402,1.05092,1.05104,5.70,1.50
2012.03.21 08:18:46.907,1.05093,1.05104,1.50,1.50
2012.03.21 08:18:47.447,1.05093,1.05104,1.50,1.50
2012.03.21 08:18:47.988,1.05093,1.05104,1.50,1.50
2012.03.21 08:18:49.968,1.05093,1.05104,1.50,1.50
2012.03.21 08:18:50.215,1.05093,1.05104,1.50,1.50
2012.03.21 08:18:50.875,1.05093,1.05104,1.50,1.50
2012.03.21 08:18:52.256,1.05092,1.05104,3.08,1.50
2012.03.21 08:18:52.458,1.05092,1.05101,2.70,1.50
2012.03.21 08:18:52.663,1.05093,1.05103,1.50,3.00
2012.03.21 08:18:52.739,1.05091,1.05102,2.25,1.50
2012.03.21 08:18:53.246,1.05091,1.05101,2.25,1.50
2012.03.21 08:18:53.324,1.05089,1.05099,5.44,1.50
2012.03.21 08:18:54.269,1.05091,1.05099,1.50,1.50
2012.03.21 08:18:54.803,1.0509,1.05098,1.50,1.20
2012.03.21 08:18:55.543,1.05088,1.05093,2.14,1.50
2012.03.21 08:18:55.754,1.05088,1.05096,5.89,1.50
2012.03.21 08:18:55.835,1.05089,1.05098,2.25,1.50
2012.03.21 08:18:56.338,1.05088,1.05099,5.89,1.50
2012.03.21 08:18:57.246,1.05087,1.05097,4.50,1.20
2012.03.21 08:18:57.376,1.05087,1.05097,4.50,1.20
2012.03.21 08:18:58.262,1.05087,1.05095,2.25,1.20
2012.03.21 08:18:58.475,1.05082,1.05093,4.05,1.50
2012.03.21 08:18:58.768,1.05082,1.05092,3.75,2.70
2012.03.21 08:18:58.985,1.05083,1.05089,1.50,1.50
2012.03.21 08:18:59.274,1.0508,1.05089,2.25,1.50
2012.03.21 08:18:59.731,1.05084,1.05094,1.50,1.50
2012.03.21 08:19:00.220,1.05086,1.05097,2.25,1.50
2012.03.21 08:19:00.293,1.0509,1.05098,1.50,1.58
2012.03.21 08:19:00.586,1.05088,1.05098,1.50,1.58
2012.03.21 08:19:00.806,1.05085,1.05095,4.69,1.50
2012.03.21 08:19:01.750,1.05085,1.05093,1.69,1.20
2012.03.21 08:19:01.820,1.05083,1.05093,3.75,2.70
2012.03.21 08:19:02.017,1.05081,1.05093,4.13,2.70
2012.03.21 08:19:02.165,1.0508,1.05091,4.69,1.50
2012.03.21 08:19:02.520,1.0508,1.05089,1.69,1.50
2012.03.21 08:19:03.077,1.05079,1.05091,1.50,1.50
2012.03.21 08:19:08.413,1.05078,1.05087,2.10,1.20
2012.03.21 08:19:08.496,1.05077,1.05089,4.39,3.00
2012.03.21 08:19:09.027,1.05078,1.05089,2.25,1.50
2012.03.21 08:19:09.829,1.0508,1.0509,1.50,1.50
2012.03.21 08:19:10.488,1.0508,1.05088,1.50,1.20
2012.03.21 08:19:11.819,1.05077,1.05088,2.28,1.20
2012.03.21 08:19:11.890,1.05074,1.05084,3.78,1.50
2012.03.21 08:19:12.029,1.05074,1.05084,3.00,1.50
2012.03.21 08:19:12.251,1.05072,1.0508,1.20,1.50
2012.03.21 08:19:12.954,1.05071,1.05079,2.25,2.25
2012.03.21 08:19:13.171,1.05068,1.05077,1.20,1.50
2012.03.21 08:19:13.727,1.05067,1.05077,3.00,1.50
2012.03.21 08:19:14.872,1.05067,1.05077,3.00,1.50
2012.03.21 08:19:15.376,1.05067,1.05077,3.00,1.50
2012.03.21 08:19:15.923,1.05067,1.05077,3.00,1.50
2012.03.21 08:19:16.609,1.05067,1.05077,3.00,1.50
2012.03.21 08:19:16.888,1.05069,1.05079,1.50,1.50
2012.03.21 08:19:18.320,1.05069,1.05079,2.25,1.50
2012.03.21 08:19:21.259,1.05069,1.05079,3.00,1.50
2012.03.21 08:19:21.798,1.05069,1.05079,3.00,1.50
2012.03.21 08:19:22.300,1.05069,1.05079,2.25,1.50
2012.03.21 08:19:26.796,1.05068,1.05077,3.75,1.50
2012.03.21 08:19:27.959,1.05068,1.05077,3.00,1.50
2012.03.21 08:19:29.430,1.05068,1.05077,1.50,1.50
2012.03.21 08:19:29.696,1.05069,1.05079,3.00,1.50
2012.03.21 08:19:30.262,1.05069,1.05079,3.75,1.50
2012.03.21 08:19:30.778,1.05069,1.05079,3.19,1.50
2012.03.21 08:19:31.117,1.05069,1.05079,3.94,1.50
2012.03.21 08:19:31.519,1.05069,1.05079,3.94,1.50
2012.03.21 08:19:32.500,1.05069,1.05079,2.25,1.50
2012.03.21 08:19:33.936,1.05071,1.05081,2.25,1.50
2012.03.21 08:19:34.454,1.05077,1.05083,2.25,1.20
2012.03.21 08:19:34.566,1.05085,1.05094,1.50,3.00
2012.03.21 08:19:34.655,1.05088,1.05095,1.50,1.50
2012.03.21 08:19:35.009,1.0509,1.05098,1.50,1.58
2012.03.21 08:19:35.085,1.0509,1.051,1.50,3.00
2012.03.21 08:19:35.232,1.0509,1.05097,1.50,1.20
2012.03.21 08:19:36.412,1.05087,1.05097,1.50,1.20
2012.03.21 08:19:37.840,1.05086,1.05096,2.25,1.50
2012.03.21 08:19:37.922,1.05088,1.05097,2.25,1.20
2012.03.21 08:19:38.000,1.05089,1.051,1.50,2.25
2012.03.21 08:19:38.202,1.05089,1.05098,2.25,1.20
2012.03.21 08:19:38.409,1.05089,1.051,1.50,2.25
2012.03.21 08:19:38.624,1.05091,1.05098,4.50,1.50
2012.03.21 08:19:38.984,1.05097,1.05101,6.30,1.50
2012.03.21 08:19:39.273,1.05099,1.05111,2.25,2.44
2012.03.21 08:19:39.841,1.05098,1.05107,1.50,1.50
2012.03.21 08:19:41.499,1.05098,1.05107,1.50,1.50
2012.03.21 08:19:41.832,1.05099,1.0511,2.25,1.50
2012.03.21 08:19:41.909,1.05103,1.05111,1.50,1.50
2012.03.21 08:19:42.058,1.05107,1.05113,1.20,3.00
2012.03.21 08:19:42.354,1.05109,1.05117,1.50,1.50
2012.03.21 08:19:42.574,1.05108,1.0512,2.25,1.88
2012.03.21 08:19:42.992,1.05109,1.05117,1.50,1.50
2012.03.21 08:19:43.070,1.05107,1.05117,2.25,1.50
2012.03.21 08:19:43.891,1.05107,1.05117,2.25,1.50
2012.03.21 08:19:44.438,1.05108,1.05117,1.20,1.50
2012.03.21 08:19:46.471,1.05107,1.05117,3.75,1.50
2012.03.21 08:19:47.079,1.05105,1.05115,3.00,1.50
2012.03.21 08:19:47.512,1.05105,1.05115,2.25,1.50
2012.03.21 08:19:47.776,1.05106,1.05118,1.50,2.70
2012.03.21 08:19:47.969,1.05106,1.05118,2.25,2.70
2012.03.21 08:19:48.321,1.05112,1.0512,1.95,1.50
2012.03.21 08:19:48.399,1.05113,1.05125,3.75,2.07
2012.03.21 08:19:48.616,1.05117,1.05126,1.50,2.90
2012.03.21 08:19:49.312,1.05114,1.05126,1.50,1.50
2012.03.21 08:19:49.967,1.05114,1.05126,1.50,3.00
2012.03.21 08:19:50.182,1.05112,1.05122,1.20,1.50
2012.03.21 08:19:50.613,1.0511,1.05122,1.50,2.89
2012.03.21 08:19:51.114,1.05112,1.05122,1.50,1.39
2012.03.21 08:19:52.262,1.05112,1.05122,1.88,1.20
2012.03.21 08:19:52.814,1.05112,1.05124,4.39,3.75
2012.03.21 08:19:52.904,1.05117,1.05127,1.50,1.50
2012.03.21 08:19:53.334,1.05119,1.05127,1.50,1.13
2012.03.21 08:19:53.551,1.05121,1.05133,1.50,6.45
2012.03.21 08:19:54.115,1.05122,1.05133,1.20,3.00
2012.03.21 08:19:54.563,1.0512,1.05131,3.94,3.00
2012.03.21 08:19:54.867,1.05118,1.05127,2.25,1.20
2012.03.21 08:19:55.877,1.05118,1.05127,1.69,1.20
2012.03.21 08:19:56.472,1.05122,1.05128,1.20,1.50
2012.03.21 08:19:56.681,1.05122,1.0513,1.20,1.50
2012.03.21 08:19:57.835,1.05129,1.05139,1.50,1.20
2012.03.21 08:19:58.404,1.05129,1.05138,1.50,1.95
2012.03.21 08:19:58.787,1.05127,1.05137,1.50,2.25
2012.03.21 08:19:58.862,1.05123,1.05135,3.38,1.50
2012.03.21 08:19:58.986,1.05123,1.05133,1.88,1.50
2012.03.21 08:19:59.180,1.05123,1.05135,3.38,1.50
2012.03.21 08:19:59.463,1.05123,1.05133,2.25,2.25
2012.03.21 08:19:59.827,1.05116,1.05126,3.19,1.50
2012.03.21 08:20:00.432,1.05116,1.05127,2.44,2.70
2012.03.21 08:20:00.531,1.05118,1.0513,2.70,2.25
2012.03.21 08:20:00.810,1.05118,1.05127,2.25,1.20
2012.03.21 08:20:01.653,1.05117,1.05122,1.50,1.50
2012.03.21 08:20:01.745,1.05113,1.05122,2.63,1.50
2012.03.21 08:20:01.824,1.05113,1.05122,1.50,1.50
2012.03.21 08:20:01.969,1.05109,1.0512,2.63,1.50
2012.03.21 08:20:02.502,1.0511,1.05122,1.50,1.50
2012.03.21 08:20:07.572,1.05113,1.05123,1.50,3.75
2012.03.21 08:20:07.929,1.05108,1.05118,1.39,1.50
2012.03.21 08:20:08.070,1.05108,1.0512,2.70,2.25
2012.03.21 08:20:08.199,1.05108,1.05118,1.50,1.20
2012.03.21 08:20:08.343,1.05106,1.05118,3.19,2.70
2012.03.21 08:20:08.778,1.05112,1.05119,1.20,1.50
2012.03.21 08:20:09.184,1.05115,1.0512,1.50,2.25
2012.03.21 08:20:09.276,1.05118,1.05126,1.20,1.13
2012.03.21 08:20:09.561,1.05119,1.05129,1.50,2.25
2012.03.21 08:20:10.111,1.05118,1.05128,1.20,1.50
2012.03.21 08:20:10.181,1.05116,1.05128,4.13,2.70
2012.03.21 08:20:10.924,1.05118,1.05128,1.20,1.50
2012.03.21 08:20:11.427,1.05118,1.05127,1.20,2.15
2012.03.21 08:20:11.645,1.05115,1.05123,1.69,1.20
2012.03.21 08:20:11.941,1.05115,1.05125,2.15,3.00
2012.03.21 08:20:12.562,1.0512,1.05132,1.50,2.44
2012.03.21 08:20:13.119,1.0512,1.05132,1.69,2.25
2012.03.21 08:20:13.531,1.0512,1.05131,1.69,1.58
2012.03.21 08:20:13.873,1.05117,1.05126,1.50,1.50
2012.03.21 08:20:13.950,1.05114,1.05126,1.69,1.50
2012.03.21 08:20:14.330,1.05117,1.05127,1.50,1.50
2012.03.21 08:20:14.671,1.05121,1.05131,1.50,1.50
2012.03.21 08:20:15.223,1.05121,1.05133,1.50,3.45
2012.03.21 08:20:15.515,1.0512,1.05131,1.50,1.50
2012.03.21 08:20:16.049,1.05119,1.05131,1.50,5.10
2012.03.21 08:20:16.341,1.05116,1.05127,1.69,1.20
2012.03.21 08:20:16.891,1.05118,1.05128,1.20,1.50
2012.03.21 08:20:17.453,1.05119,1.05129,1.50,1.50
2012.03.21 08:20:18.502,1.05122,1.05129,1.20,1.50
2012.03.21 08:20:18.733,1.0512,1.05129,2.25,1.50
2012.03.21 08:20:19.139,1.05117,1.05127,4.20,1.50
2012.03.21 08:20:20.249,1.05127,1.05131,1.20,1.50
2012.03.21 08:20:20.336,1.05127,1.05134,1.39,3.75
2012.03.21 08:20:20.556,1.05128,1.05138,1.50,1.20
2012.03.21 08:20:20.974,1.05124,1.05136,2.63,1.50
2012.03.21 08:20:21.859,1.05129,1.05138,1.50,1.20
2012.03.21 08:20:22.212,1.05132,1.05146,1.50,2.70
2012.03.21 08:20:22.498,1.05129,1.05141,3.00,1.50
2012.03.21 08:20:22.931,1.05128,1.05138,3.83,1.50
2012.03.21 08:20:23.222,1.05126,1.05136,2.25,1.50
2012.03.21 08:20:23.780,1.05128,1.05138,1.50,2.70
2012.03.21 08:20:25.191,1.05128,1.05138,2.03,1.50
2012.03.21 08:20:25.569,1.05137,1.05142,1.20,1.50
2012.03.21 08:20:25.677,1.05137,1.0515,2.70,3.00
2012.03.21 08:20:26.186,1.0514,1.05148,1.50,1.50
2012.03.21 08:20:26.295,1.05138,1.05148,1.50,3.00
2012.03.21 08:20:26.647,1.05138,1.05149,1.20,3.00
2012.03.21 08:20:26.936,1.05138,1.05144,1.50,1.20
2012.03.21 08:20:27.544,1.05128,1.05136,1.13,1.50
2012.03.21 08:20:27.633,1.05127,1.05138,2.25,1.20
2012.03.21 08:20:27.850,1.05128,1.05139,1.95,1.50
2012.03.21 08:20:28.200,1.05133,1.05143,1.20,2.07
2012.03.21 08:20:29.305,1.05133,1.05143,1.20,1.50
2012.03.21 08:20:29.803,1.05133,1.05143,1.20,2.25
2012.03.21 08:20:30.571,1.05133,1.05141,1.20,1.50
2012.03.21 08:20:33.530,1.05129,1.05141,1.50,1.50
2012.03.21 08:20:33.672,1.05128,1.05139,1.69,1.50
2012.03.21 08:20:34.209,1.05127,1.05137,1.69,1.20
2012.03.21 08:20:34.912,1.05127,1.05139,3.64,2.25
2012.03.21 08:20:35.250,1.05132,1.05139,1.20,1.50
2012.03.21 08:20:35.649,1.05132,1.05142,1.20,1.50
2012.03.21 08:20:35.969,1.0513,1.05142,3.75,1.50
2012.03.21 08:20:36.435,1.05129,1.05139,1.50,1.50
2012.03.21 08:20:36.996,1.05127,1.05137,3.38,1.20
2012.03.21 08:20:38.208,1.05126,1.05137,1.50,1.20
2012.03.21 08:20:38.853,1.05126,1.05137,2.25,1.20
2012.03.21 08:20:39.362,1.05128,1.0514,2.70,1.69
2012.03.21 08:20:39.640,1.05131,1.05141,1.50,1.69
2012.03.21 08:20:39.712,1.05128,1.0514,2.70,1.69
2012.03.21 08:20:40.458,1.05128,1.05138,1.20,1.50
2012.03.21 08:20:41.089,1.05129,1.05139,1.50,1.50
2012.03.21 08:20:42.527,1.05132,1.05139,1.20,1.50
2012.03.21 08:20:42.615,1.05132,1.05142,1.20,1.50
2012.03.21 08:20:43.085,1.05132,1.05144,2.70,1.50
2012.03.21 08:20:43.185,1.05132,1.05142,2.70,1.50
2012.03.21 08:20:43.718,1.05132,1.05141,1.20,1.50
2012.03.21 08:20:44.296,1.05133,1.05141,1.13,1.50
2012.03.21 08:20:44.834,1.05135,1.05144,1.13,1.50
2012.03.21 08:20:44.940,1.05137,1.05149,4.95,1.50
2012.03.21 08:20:45.218,1.05137,1.05147,3.45,1.50
2012.03.21 08:20:46.614,1.05139,1.05149,1.50,1.50
2012.03.21 08:20:46.912,1.05142,1.05156,1.50,2.25
2012.03.21 08:20:47.122,1.05141,1.05152,2.25,2.25
2012.03.21 08:20:47.463,1.0514,1.0515,2.25,1.50
2012.03.21 08:20:47.815,1.05137,1.05148,4.39,1.50
2012.03.21 08:20:48.724,1.05141,1.05151,1.50,1.88
2012.03.21 08:20:49.087,1.05138,1.05147,2.25,1.50
2012.03.21 08:20:49.236,1.05139,1.05149,1.50,1.50
2012.03.21 08:20:49.772,1.05137,1.05147,5.70,1.50
2012.03.21 08:20:49.876,1.05138,1.0515,3.75,1.69
2012.03.21 08:20:51.062,1.05139,1.0515,1.50,1.69
2012.03.21 08:20:51.578,1.05138,1.0515,2.25,1.69
2012.03.21 08:20:52.730,1.05138,1.05147,2.25,1.50
2012.03.21 08:20:53.249,1.05137,1.05147,6.00,1.50
2012.03.21 08:20:53.590,1.05135,1.05144,2.25,1.50
2012.03.21 08:20:54.011,1.05138,1.05149,2.70,1.50
2012.03.21 08:20:54.543,1.05138,1.0515,2.70,1.50
2012.03.21 08:20:54.769,1.05138,1.05148,1.20,1.50
2012.03.21 08:20:55.843,1.05137,1.05148,1.50,2.70
2012.03.21 08:20:56.190,1.05136,1.05144,3.00,1.50
2012.03.21 08:20:56.474,1.05136,1.05148,4.50,2.70
2012.03.21 08:20:56.977,1.05135,1.05145,4.13,1.50
2012.03.21 08:20:57.445,1.05136,1.05148,3.00,4.20
2012.03.21 08:20:57.823,1.05134,1.05146,4.13,1.50
2012.03.21 08:20:58.367,1.05134,1.05146,3.00,1.88
2012.03.21 08:20:58.723,1.05132,1.0514,1.20,1.50
2012.03.21 08:20:59.214,1.05132,1.05143,1.20,3.00
2012.03.21 08:21:00.919,1.05132,1.05142,1.20,1.50
2012.03.21 08:21:01.476,1.05132,1.05143,1.20,2.25
2012.03.21 08:21:02.286,1.05132,1.05142,1.20,1.50
2012.03.21 08:21:02.487,1.0513,1.05141,2.25,2.25
2012.03.21 08:21:02.701,1.05127,1.05138,2.70,2.25
2012.03.21 08:21:03.228,1.05129,1.05139,1.69,3.00
2012.03.21 08:21:04.424,1.05133,1.0514,1.20,1.50
2012.03.21 08:21:04.572,1.05133,1.05142,1.20,1.50
2012.03.21 08:21:04.788,1.05134,1.05144,1.50,3.00
2012.03.21 08:21:05.071,1.05134,1.05142,1.50,1.20
2012.03.21 08:21:05.622,1.05133,1.05141,1.20,2.25
2012.03.21 08:21:06.309,1.05133,1.05142,1.20,1.50
2012.03.21 08:21:06.591,1.05137,1.05147,1.50,1.20
2012.03.21 08:21:06.668,1.05139,1.05147,1.50,1.95
2012.03.21 08:21:06.884,1.05137,1.05147,1.50,1.20
2012.03.21 08:21:07.503,1.0514,1.05147,1.50,1.20
2012.03.21 08:21:08.732,1.05138,1.05147,1.50,1.95
2012.03.21 08:21:09.237,1.05137,1.05147,1.50,1.95
2012.03.21 08:21:11.535,1.05139,1.05147,1.50,1.20
2012.03.21 08:21:12.101,1.05138,1.05147,1.50,1.20
2012.03.21 08:21:19.742,1.05138,1.05148,2.89,1.50
2012.03.21 08:21:20.019,1.0514,1.05152,1.50,4.20
2012.03.21 08:21:20.417,1.05138,1.0515,2.89,1.50
2012.03.21 08:21:23.435,1.05141,1.05151,1.50,1.50
2012.03.21 08:21:23.746,1.05139,1.05149,3.00,1.50
2012.03.21 08:21:24.817,1.05139,1.05149,1.50,1.50
2012.03.21 08:21:25.220,1.05146,1.05152,1.20,1.50
2012.03.21 08:21:25.759,1.05147,1.05152,2.25,1.20
2012.03.21 08:21:25.852,1.05144,1.05152,1.50,1.20
2012.03.21 08:21:25.993,1.05141,1.05152,2.63,1.20
2012.03.21 08:21:26.556,1.05141,1.05152,2.25,1.20
2012.03.21 08:21:28.221,1.05142,1.05153,1.20,1.50
2012.03.21 08:21:28.420,1.05143,1.05155,2.25,1.50
2012.03.21 08:21:28.550,1.05145,1.05157,1.50,3.19
2012.03.21 08:21:28.959,1.05143,1.05155,1.50,1.50
2012.03.21 08:21:30.369,1.05143,1.05155,1.50,3.00
2012.03.21 08:21:30.888,1.05141,1.05152,1.50,1.20
2012.03.21 08:21:31.229,1.05138,1.05149,2.14,1.50
2012.03.21 08:21:31.492,1.05139,1.05151,2.44,1.50
2012.03.21 08:21:32.029,1.05139,1.05151,2.44,1.50
2012.03.21 08:21:32.103,1.05142,1.05152,1.50,2.70
2012.03.21 08:21:32.494,1.0514,1.0515,1.69,1.50
2012.03.21 08:21:32.569,1.05141,1.05152,1.50,1.20
2012.03.21 08:21:33.585,1.0514,1.0515,1.50,1.50
2012.03.21 08:21:33.900,1.05142,1.05152,1.50,2.70
2012.03.21 08:21:35.159,1.05148,1.05152,2.25,2.70
2012.03.21 08:21:35.619,1.05149,1.05159,1.50,3.00
2012.03.21 08:21:36.153,1.05148,1.05157,2.25,1.50
2012.03.21 08:21:43.179,1.05147,1.05157,2.70,2.48
2012.03.21 08:21:43.741,1.05147,1.05157,4.05,1.50
2012.03.21 08:21:43.879,1.05149,1.05159,1.50,1.50
2012.03.21 08:21:44.392,1.0515,1.05162,1.50,2.44
2012.03.21 08:21:45.007,1.05152,1.05162,1.20,2.44
2012.03.21 08:21:46.045,1.05152,1.05164,4.20,3.00
2012.03.21 08:21:46.539,1.0516,1.0517,1.50,3.75
2012.03.21 08:21:46.625,1.05162,1.05172,1.50,5.18
2012.03.21 08:21:47.034,1.05159,1.05171,2.25,1.88
2012.03.21 08:21:49.875,1.05163,1.05173,2.25,1.50
2012.03.21 08:21:50.998,1.05165,1.05174,2.63,3.45
2012.03.21 08:21:51.087,1.0517,1.0518,1.50,1.88
2012.03.21 08:21:51.535,1.05168,1.05179,1.20,1.50
2012.03.21 08:21:54.068,1.05168,1.05179,1.95,1.50
2012.03.21 08:21:54.836,1.0517,1.0518,2.25,1.50
2012.03.21 08:21:55.368,1.0517,1.0518,2.25,1.50
2012.03.21 08:22:00.745,1.0517,1.0518,2.25,1.50
2012.03.21 08:22:00.888,1.05174,1.05183,1.50,3.75
2012.03.21 08:22:00.962,1.05174,1.05183,1.69,3.75
2012.03.21 08:22:01.246,1.05177,1.05186,2.25,3.00
2012.03.21 08:22:01.840,1.05178,1.05189,2.70,1.50
2012.03.21 08:22:01.979,1.05179,1.05189,1.50,1.50
2012.03.21 08:22:02.265,1.05179,1.05191,2.25,1.50
2012.03.21 08:22:02.624,1.05178,1.05188,3.45,1.50
2012.03.21 08:22:03.627,1.05179,1.05189,2.25,1.50
2012.03.21 08:22:03.939,1.05179,1.05189,2.25,3.65
2012.03.21 08:22:04.231,1.05173,1.05182,4.20,1.50
2012.03.21 08:22:04.721,1.05174,1.05183,1.50,1.50
2012.03.21 08:22:05.822,1.05174,1.05183,1.50,1.50
2012.03.21 08:22:06.300,1.05173,1.05183,2.25,3.64
2012.03.21 08:22:06.371,1.05171,1.05181,2.25,1.50
2012.03.21 08:22:06.708,1.05172,1.05181,2.70,1.50
2012.03.21 08:22:07.327,1.05177,1.05184,1.20,1.50
2012.03.21 08:22:07.430,1.05177,1.05189,6.45,3.19
2012.03.21 08:22:07.970,1.05177,1.05189,5.70,1.69
2012.03.21 08:22:08.497,1.05177,1.05189,5.70,1.69
2012.03.21 08:22:08.571,1.05177,1.05189,6.45,2.44
2012.03.21 08:22:08.779,1.05178,1.05189,1.50,1.50
2012.03.21 08:22:09.332,1.05177,1.05189,5.89,2.25
2012.03.21 08:22:10.452,1.05177,1.05189,4.95,2.25
2012.03.21 08:22:10.990,1.05177,1.05189,3.45,1.50
2012.03.21 08:22:11.553,1.05177,1.05189,4.20,2.25
2012.03.21 08:22:12.081,1.05177,1.05189,2.70,1.69
2012.03.21 08:22:12.220,1.05177,1.05187,1.50,1.39
2012.03.21 08:22:12.359,1.05175,1.05187,1.50,3.64
2012.03.21 08:22:12.431,1.05175,1.05183,1.50,1.50
2012.03.21 08:22:12.710,1.05173,1.05182,1.20,1.50
2012.03.21 08:22:13.249,1.05173,1.05183,3.45,1.50
2012.03.21 08:22:16.198,1.05173,1.05183,3.45,1.50
2012.03.21 08:22:16.398,1.05173,1.05183,3.45,3.65
2012.03.21 08:22:16.924,1.0517,1.0518,2.25,1.69
2012.03.21 08:22:18.012,1.0517,1.0518,2.63,1.69
2012.03.21 08:22:18.083,1.05177,1.05182,1.50,1.77
2012.03.21 08:22:18.223,1.05174,1.05183,1.54,2.15
2012.03.21 08:22:18.301,1.05174,1.05184,3.79,3.75
2012.03.21 08:22:18.490,1.05177,1.05186,5.70,1.50
2012.03.21 08:22:18.630,1.05178,1.05189,3.00,4.40
2012.03.21 08:22:19.226,1.05178,1.0519,2.25,2.25
2012.03.21 08:22:19.890,1.05178,1.05188,2.25,1.20
2012.03.21 08:22:20.172,1.05175,1.05187,3.75,1.50
2012.03.21 08:22:20.510,1.05175,1.05187,3.75,1.50
2012.03.21 08:22:21.242,1.05182,1.05187,1.20,1.50
2012.03.21 08:22:21.608,1.05182,1.05189,1.20,1.50
2012.03.21 08:22:22.104,1.05181,1.05188,1.50,1.20
2012.03.21 08:22:22.326,1.05178,1.05186,1.88,1.50
2012.03.21 08:22:22.731,1.05176,1.05186,1.50,1.50
2012.03.21 08:22:22.990,1.05174,1.05184,3.75,1.50
2012.03.21 08:22:23.561,1.05175,1.05187,2.25,1.50
2012.03.21 08:22:24.087,1.05173,1.05185,3.75,1.50
2012.03.21 08:22:24.688,1.05173,1.05185,1.50,1.50
2012.03.21 08:22:25.379,1.05173,1.05183,1.50,1.58
2012.03.21 08:22:25.594,1.05169,1.05181,2.63,1.50
2012.03.21 08:22:25.739,1.05167,1.05179,6.08,1.50
2012.03.21 08:22:25.810,1.05167,1.05179,5.33,1.50
2012.03.21 08:22:26.164,1.0517,1.0518,1.50,1.50
2012.03.21 08:22:27.283,1.0517,1.0518,1.50,3.19
2012.03.21 08:22:27.365,1.05167,1.05179,2.70,3.00
2012.03.21 08:22:27.740,1.05168,1.05178,1.50,5.70
2012.03.21 08:22:27.821,1.05164,1.05176,4.88,2.44
2012.03.21 08:22:27.964,1.05164,1.05174,1.88,1.50
2012.03.21 08:22:28.498,1.05164,1.05174,1.88,1.50
2012.03.21 08:22:28.809,1.05162,1.05172,2.25,2.25
2012.03.21 08:22:29.363,1.05163,1.05173,2.25,2.70
2012.03.21 08:22:29.921,1.05165,1.05173,1.50,1.20
2012.03.21 08:22:30.771,1.05162,1.05173,2.25,1.20
2012.03.21 08:22:30.925,1.0516,1.05172,2.25,3.00
2012.03.21 08:22:31.460,1.0516,1.05172,2.25,3.00
2012.03.21 08:22:32.292,1.05162,1.05172,1.50,2.25
2012.03.21 08:22:32.819,1.05162,1.05172,1.50,1.50
2012.03.21 08:22:33.180,1.05162,1.05168,1.50,1.50
2012.03.21 08:22:33.631,1.05159,1.05163,1.50,2.33
2012.03.21 08:22:33.740,1.05149,1.05161,1.69,1.50
2012.03.21 08:22:33.895,1.05152,1.05162,1.50,2.25
2012.03.21 08:22:36.350,1.0515,1.0516,3.00,1.50
2012.03.21 08:22:36.702,1.0515,1.05158,1.50,1.20
2012.03.21 08:22:36.845,1.05148,1.05158,1.50,2.70
2012.03.21 08:22:37.678,1.05148,1.05155,1.20,1.50
2012.03.21 08:22:37.820,1.05145,1.05155,1.50,1.50
2012.03.21 08:22:38.434,1.05146,1.05157,1.50,1.20
2012.03.21 08:22:38.772,1.05148,1.05157,1.50,1.20
2012.03.21 08:22:39.892,1.05145,1.05157,3.00,2.70
2012.03.21 08:22:40.238,1.05148,1.05157,1.95,1.50
2012.03.21 08:22:40.454,1.0515,1.05162,1.50,3.49
2012.03.21 08:22:41.235,1.05152,1.05162,1.95,2.29
2012.03.21 08:22:41.420,1.05153,1.05165,2.25,2.63
2012.03.21 08:22:41.586,1.05155,1.05167,2.25,3.65
2012.03.21 08:22:42.091,1.05156,1.05166,1.50,1.88
2012.03.21 08:22:42.603,1.05156,1.05166,1.50,1.50
2012.03.21 08:22:43.952,1.05156,1.05162,1.50,1.20
2012.03.21 08:22:44.161,1.05156,1.05165,1.50,2.44
2012.03.21 08:22:44.233,1.05152,1.05162,4.20,1.50
2012.03.21 08:22:44.500,1.05154,1.05164,1.50,1.50
2012.03.21 08:22:44.857,1.05157,1.05167,1.50,1.88
2012.03.21 08:22:45.462,1.05155,1.05165,2.25,1.50
2012.03.21 08:22:46.711,1.05155,1.05164,2.25,1.20
2012.03.21 08:22:47.537,1.0515,1.05162,2.25,1.50
2012.03.21 08:22:48.126,1.05152,1.05163,1.50,2.25
2012.03.21 08:22:48.675,1.05151,1.05161,2.25,1.50
2012.03.21 08:22:49.934,1.05151,1.05161,1.50,2.63
2012.03.21 08:22:50.667,1.05148,1.05159,1.50,1.50
2012.03.21 08:22:50.884,1.05147,1.05156,3.00,1.50
2012.03.21 08:22:51.262,1.05144,1.05152,1.50,1.20
2012.03.21 08:22:51.759,1.0514,1.05149,1.50,1.50
2012.03.21 08:22:52.021,1.0514,1.05152,3.00,4.20
2012.03.21 08:22:52.220,1.05143,1.05152,1.50,1.20
2012.03.21 08:22:53.171,1.05141,1.05152,3.75,1.50
2012.03.21 08:22:53.595,1.05142,1.05154,3.45,1.50
2012.03.21 08:22:54.134,1.05143,1.05153,1.50,1.50
2012.03.21 08:22:54.229,1.05146,1.05156,1.50,1.50
2012.03.21 08:22:56.360,1.05144,1.05154,4.50,1.50
2012.03.21 08:22:57.535,1.05142,1.05152,2.25,1.20
2012.03.21 08:22:57.682,1.05141,1.05152,2.25,1.20
2012.03.21 08:22:58.189,1.05142,1.05152,3.75,1.20
2012.03.21 08:22:58.972,1.05142,1.05152,3.75,1.20
2012.03.21 08:22:59.559,1.05142,1.05152,1.95,1.50
2012.03.21 08:22:59.634,1.05146,1.05153,1.50,1.50
2012.03.21 08:22:59.710,1.05146,1.05156,1.50,1.50
2012.03.21 08:23:00.372,1.05143,1.05152,1.50,1.50
2012.03.21 08:23:01.211,1.05144,1.05152,1.50,1.50
2012.03.21 08:23:01.295,1.05147,1.05157,1.50,1.50
2012.03.21 08:23:01.376,1.05144,1.05156,3.00,1.50
2012.03.21 08:23:01.579,1.05147,1.05158,1.50,2.70
2012.03.21 08:23:02.323,1.05146,1.05156,1.50,1.50
2012.03.21 08:23:02.858,1.05144,1.05156,3.00,1.50
2012.03.21 08:23:03.368,1.05144,1.05156,1.50,1.50
2012.03.21 08:23:04.032,1.05146,1.05157,1.50,1.50
2012.03.21 08:23:04.499,1.05144,1.05156,1.50,1.50
2012.03.21 08:23:04.979,1.05144,1.05153,1.50,1.20
2012.03.21 08:23:05.319,1.05143,1.05151,1.20,1.50
2012.03.21 08:23:05.449,1.05143,1.05153,2.70,1.50
2012.03.21 08:23:05.590,1.05145,1.05157,1.50,3.08
2012.03.21 08:23:05.989,1.05143,1.05154,1.95,1.50
2012.03.21 08:23:06.886,1.05143,1.05152,1.95,1.50
2012.03.21 08:23:07.427,1.05144,1.05154,1.50,1.50
2012.03.21 08:23:07.630,1.05143,1.0515,1.20,1.50
2012.03.21 08:23:08.752,1.05143,1.05153,2.70,1.50
2012.03.21 08:23:09.726,1.05146,1.05157,2.25,1.20
2012.03.21 08:23:10.140,1.05145,1.05155,3.00,1.50
2012.03.21 08:23:10.677,1.05145,1.05155,3.00,1.50
2012.03.21 08:23:12.351,1.05143,1.05154,2.89,1.50
2012.03.21 08:23:12.973,1.05143,1.05156,2.70,1.50
2012.03.21 08:23:13.041,1.05143,1.05154,1.95,1.50
2012.03.21 08:23:13.378,1.05143,1.0515,1.20,1.50
2012.03.21 08:23:23.340,1.05142,1.0515,2.25,1.50
2012.03.21 08:23:23.538,1.0514,1.0515,2.25,1.50
2012.03.21 08:23:24.158,1.05138,1.05149,3.45,1.50
2012.03.21 08:23:27.129,1.05138,1.05149,4.80,1.50
2012.03.21 08:23:27.560,1.05138,1.05149,4.80,1.50
2012.03.21 08:23:28.097,1.05138,1.05149,4.80,1.50
2012.03.21 08:23:30.148,1.05138,1.05149,5.55,1.50
2012.03.21 08:23:30.716,1.05138,1.05149,4.20,1.50
2012.03.21 08:23:31.269,1.05138,1.05149,4.20,1.50
2012.03.21 08:23:31.789,1.05138,1.05149,3.45,1.50
2012.03.21 08:23:32.984,1.05138,1.05144,2.25,1.20
2012.03.21 08:23:33.145,1.05134,1.05144,1.50,1.20
2012.03.21 08:23:33.222,1.05134,1.0514,1.50,1.50
2012.03.21 08:23:33.780,1.05132,1.0514,2.25,1.50
2012.03.21 08:23:33.858,1.05132,1.05137,2.25,1.50
2012.03.21 08:23:33.930,1.05128,1.05137,1.95,1.50
2012.03.21 08:23:34.791,1.05129,1.05139,1.50,1.50
2012.03.21 08:23:37.463,1.05129,1.05138,1.50,1.20
2012.03.21 08:23:37.979,1.05126,1.05138,3.75,2.70
2012.03.21 08:23:38.505,1.05127,1.05137,2.44,1.50
2012.03.21 08:23:39.404,1.05129,1.05139,1.50,1.50
2012.03.21 08:23:41.931,1.05129,1.05138,1.50,1.20
2012.03.21 08:23:42.488,1.05129,1.05139,1.50,1.50
2012.03.21 08:23:43.491,1.05127,1.05138,3.45,1.50
2012.03.21 08:23:44.604,1.05128,1.0514,1.50,1.69
2012.03.21 08:23:59.068,1.05132,1.0514,1.13,2.44
2012.03.21 08:23:59.423,1.05138,1.05142,1.20,1.50
2012.03.21 08:23:59.999,1.0514,1.0515,1.50,3.00
2012.03.21 08:24:00.086,1.05138,1.05149,1.20,1.69
2012.03.21 08:24:00.441,1.05137,1.05146,2.25,1.50
2012.03.21 08:24:00.512,1.05133,1.05145,3.45,1.50
2012.03.21 08:24:00.999,1.05138,1.05145,1.20,1.50
2012.03.21 08:24:01.808,1.05138,1.05146,1.20,1.50
2012.03.21 08:24:02.960,1.05137,1.05146,2.25,1.50
2012.03.21 08:24:03.103,1.05134,1.05144,3.75,1.50
2012.03.21 08:24:06.713,1.05134,1.05144,1.50,4.20
2012.03.21 08:24:06.856,1.05132,1.05142,1.50,1.50
2012.03.21 08:24:07.203,1.05129,1.05141,3.00,1.50
2012.03.21 08:24:07.732,1.05129,1.05141,1.50,1.50
2012.03.21 08:24:07.873,1.05128,1.05139,1.39,1.50
2012.03.21 08:24:08.289,1.05128,1.05137,1.39,1.50
2012.03.21 08:24:12.703,1.05127,1.05137,2.25,2.70
2012.03.21 08:24:13.006,1.05127,1.05132,2.25,1.50
2012.03.21 08:24:13.084,1.05123,1.05132,1.20,1.50
2012.03.21 08:24:13.568,1.05124,1.05134,1.50,2.25
2012.03.21 08:24:15.662,1.05126,1.05136,1.50,1.50
2012.03.21 08:24:16.423,1.05126,1.05133,1.50,1.20
2012.03.21 08:24:16.506,1.05122,1.05133,1.50,1.20
2012.03.21 08:24:17.054,1.05122,1.05134,1.50,2.25
2012.03.21 08:24:19.730,1.05122,1.05134,3.83,1.50
2012.03.21 08:24:19.874,1.05124,1.05136,1.50,2.25
2012.03.21 08:24:20.421,1.05127,1.05137,5.33,3.00
2012.03.21 08:24:20.496,1.05127,1.05135,3.83,1.50
2012.03.21 08:24:21.451,1.05127,1.05133,2.25,1.95
2012.03.21 08:24:21.608,1.05125,1.05133,1.50,4.20
2012.03.21 08:24:21.688,1.05123,1.05129,1.95,1.50
2012.03.21 08:24:22.292,1.05123,1.05129,1.20,1.50
2012.03.21 08:24:22.387,1.05121,1.05129,3.45,1.50
2012.03.21 08:24:23.441,1.05121,1.05131,4.95,3.00
2012.03.21 08:24:24.348,1.05126,1.05131,1.50,1.50
2012.03.21 08:24:24.505,1.05131,1.05141,1.20,2.25
2012.03.21 08:24:24.655,1.05131,1.05142,3.45,1.24
2012.03.21 08:24:25.012,1.05131,1.0514,3.45,2.25
2012.03.21 08:24:25.849,1.05128,1.05139,7.50,1.50
2012.03.21 08:24:25.936,1.05131,1.05143,4.50,2.44
2012.03.21 08:24:26.468,1.05131,1.05143,4.50,2.63
2012.03.21 08:24:26.894,1.05131,1.05143,4.50,2.25
2012.03.21 08:24:27.756,1.05129,1.0514,1.50,1.20
2012.03.21 08:24:29.413,1.05131,1.05141,1.20,2.25
2012.03.21 08:24:29.946,1.05132,1.05142,1.50,2.25
2012.03.21 08:24:30.353,1.05131,1.05139,2.25,1.50
2012.03.21 08:24:30.419,1.05129,1.05139,1.50,1.50
2012.03.21 08:24:38.760,1.05128,1.05138,1.50,1.50
2012.03.21 08:24:38.900,1.05126,1.05137,2.25,1.50
2012.03.21 08:24:40.338,1.05126,1.05137,3.19,1.50
2012.03.21 08:24:40.603,1.05129,1.05138,1.50,1.50
2012.03.21 08:24:41.140,1.05129,1.05139,2.25,1.50
2012.03.21 08:24:41.697,1.05128,1.05139,1.50,1.50
2012.03.21 08:24:42.539,1.05128,1.05139,1.50,1.50
2012.03.21 08:24:43.148,1.05129,1.05139,1.50,1.50
2012.03.21 08:24:43.692,1.0513,1.05139,1.50,1.50
2012.03.21 08:24:44.201,1.05128,1.05139,1.50,1.50
2012.03.21 08:24:44.910,1.0513,1.05139,1.50,1.50
2012.03.21 08:24:45.033,1.05135,1.05144,2.70,3.75
2012.03.21 08:24:45.370,1.05139,1.05151,3.00,4.85
2012.03.21 08:24:45.440,1.05139,1.05151,2.25,2.70
2012.03.21 08:24:45.641,1.05138,1.05149,2.25,1.50
2012.03.21 08:24:46.191,1.05138,1.05149,1.50,1.50
2012.03.21 08:24:46.819,1.05138,1.05149,1.50,1.50
2012.03.21 08:24:47.098,1.05139,1.05149,2.25,1.50
2012.03.21 08:24:48.340,1.05137,1.05149,6.38,1.50
2012.03.21 08:24:48.991,1.05137,1.05149,5.63,1.50
2012.03.21 08:24:49.527,1.05137,1.05149,4.88,1.50
2012.03.21 08:24:49.667,1.05137,1.05145,4.88,1.20
2012.03.21 08:24:49.953,1.05135,1.05145,1.69,1.20
2012.03.21 08:24:50.492,1.05134,1.05144,1.69,1.50
2012.03.21 08:24:51.287,1.05134,1.05144,1.50,1.50
2012.03.21 08:24:52.000,1.05133,1.05145,2.25,2.70
2012.03.21 08:24:53.258,1.05133,1.0514,1.50,1.20
2012.03.21 08:24:53.717,1.05131,1.05139,1.50,1.50
2012.03.21 08:24:53.805,1.05127,1.05139,3.75,1.50
2012.03.21 08:24:54.610,1.05127,1.05139,4.50,1.50
2012.03.21 08:24:55.179,1.05127,1.05139,4.50,1.50
2012.03.21 08:24:55.832,1.0513,1.0514,1.50,2.70
2012.03.21 08:24:56.742,1.0513,1.0514,2.25,2.70
2012.03.21 08:24:57.248,1.05132,1.0514,1.50,1.20
2012.03.21 08:24:58.110,1.05135,1.0514,1.50,1.20
2012.03.21 08:24:58.899,1.05131,1.0514,1.50,1.20
2012.03.21 08:24:59.722,1.0513,1.0514,1.50,2.70
2012.03.21 08:25:01.188,1.0513,1.0514,1.50,3.45
2012.03.21 08:25:01.270,1.05128,1.05135,2.25,1.20
2012.03.21 08:25:01.504,1.05126,1.05135,1.50,1.20
2012.03.21 08:25:01.795,1.05123,1.05132,1.58,1.50
2012.03.21 08:25:01.943,1.05123,1.05135,3.00,2.70
2012.03.21 08:25:02.998,1.05123,1.05135,2.25,2.70
2012.03.21 08:25:07.649,1.05125,1.05135,1.50,1.20
2012.03.21 08:25:08.954,1.05125,1.05137,2.70,2.25
2012.03.21 08:25:09.039,1.05128,1.05137,2.25,1.50
2012.03.21 08:25:14.358,1.05128,1.05138,3.75,1.50
2012.03.21 08:25:16.025,1.05128,1.05135,1.50,1.20
2012.03.21 08:25:16.558,1.05128,1.05138,2.25,1.50
2012.03.21 08:25:16.650,1.05129,1.0514,1.50,1.20
2012.03.21 08:25:17.059,1.05127,1.05139,3.75,1.50
2012.03.21 08:25:17.788,1.05127,1.05137,2.25,1.50
2012.03.21 08:25:18.109,1.05125,1.05135,1.50,1.20
2012.03.21 08:25:18.758,1.05124,1.05134,1.88,1.50
2012.03.21 08:25:19.681,1.05124,1.05134,2.25,1.50
2012.03.21 08:25:20.250,1.05126,1.05135,1.50,1.20
2012.03.21 08:25:20.400,1.05123,1.05135,5.10,2.70
2012.03.21 08:25:21.467,1.05127,1.05135,2.25,1.50
2012.03.21 08:25:21.998,1.05127,1.05136,2.25,1.50
2012.03.21 08:25:22.345,1.0512,1.05126,1.50,1.58
2012.03.21 08:25:22.484,1.05111,1.05119,1.50,3.00
2012.03.21 08:25:22.701,1.0511,1.05119,1.50,3.00
2012.03.21 08:25:24.021,1.05111,1.05121,1.20,1.50
2012.03.21 08:25:24.235,1.05113,1.05123,1.50,1.88
2012.03.21 08:25:24.573,1.05113,1.0512,1.50,1.20
2012.03.21 08:25:24.871,1.0511,1.0512,1.50,1.95
2012.03.21 08:25:25.153,1.05109,1.05119,3.00,2.25
2012.03.21 08:25:25.749,1.05109,1.05119,1.50,3.00
2012.03.21 08:25:27.666,1.05109,1.05119,1.50,3.00
2012.03.21 08:25:28.201,1.0511,1.0512,1.50,2.70
2012.03.21 08:25:28.339,1.0511,1.0512,1.50,2.70
2012.03.21 08:25:28.899,1.0511,1.0512,1.50,1.95
2012.03.21 08:25:29.422,1.0511,1.0512,1.50,1.95
2012.03.21 08:25:29.968,1.05117,1.05122,2.25,3.00
2012.03.21 08:25:30.115,1.05117,1.05123,2.25,3.00
2012.03.21 08:25:30.207,1.05117,1.05128,2.25,4.13
2012.03.21 08:25:30.444,1.05121,1.05128,1.50,1.50
2012.03.21 08:25:30.942,1.05118,1.05129,3.00,1.20
2012.03.21 08:25:33.003,1.05118,1.0513,2.25,2.70
2012.03.21 08:25:33.199,1.05119,1.0513,1.88,2.70
2012.03.21 08:25:33.273,1.05119,1.0513,1.88,2.70
2012.03.21 08:25:33.410,1.05121,1.0513,1.50,1.20
2012.03.21 08:25:34.382,1.05123,1.0513,1.50,1.20
2012.03.21 08:25:34.465,1.05125,1.05133,1.20,1.50
2012.03.21 08:25:34.541,1.05125,1.05135,2.70,1.50
2012.03.21 08:25:34.609,1.05128,1.05135,2.25,1.50
2012.03.21 08:25:34.681,1.05128,1.05139,3.75,1.62
2012.03.21 08:25:37.870,1.05128,1.05136,2.25,1.50
2012.03.21 08:25:40.330,1.05128,1.05137,2.25,1.50
2012.03.21 08:25:40.462,1.05128,1.0514,4.50,1.50
2012.03.21 08:25:40.674,1.05131,1.05141,1.50,2.70
2012.03.21 08:25:42.284,1.05131,1.05139,2.25,1.50
2012.03.21 08:25:42.503,1.05127,1.05139,5.44,1.50
2012.03.21 08:25:43.041,1.05127,1.05139,4.69,1.50
2012.03.21 08:25:44.172,1.05127,1.05139,6.00,1.50
2012.03.21 08:25:44.858,1.05129,1.05139,1.13,1.50
2012.03.21 08:25:45.165,1.05138,1.05146,2.25,1.50
2012.03.21 08:25:45.312,1.05138,1.0515,3.75,3.38
2012.03.21 08:25:45.784,1.05138,1.05147,2.25,1.50
2012.03.21 08:25:46.160,1.05138,1.05143,2.25,1.50
2012.03.21 08:25:46.238,1.05131,1.05143,2.63,1.50
2012.03.21 08:25:46.317,1.05131,1.05143,3.38,1.50
2012.03.21 08:25:46.390,1.05131,1.0514,1.88,1.50
2012.03.21 08:25:46.461,1.05132,1.05143,3.00,3.00
2012.03.21 08:25:46.601,1.05134,1.05144,1.50,1.50
2012.03.21 08:25:51.454,1.05132,1.0514,1.50,1.20
2012.03.21 08:25:51.595,1.05129,1.05139,2.25,1.50
2012.03.21 08:25:53.652,1.0513,1.0514,2.25,1.20
2012.03.21 08:25:54.270,1.05128,1.0514,3.00,2.70
2012.03.21 08:25:54.486,1.05127,1.05137,2.44,1.50
2012.03.21 08:25:56.305,1.05129,1.05139,1.50,1.50
2012.03.21 08:25:58.930,1.05129,1.05139,1.50,2.25
2012.03.21 08:25:59.359,1.05129,1.05135,1.50,1.20
2012.03.21 08:25:59.444,1.05129,1.05139,1.50,2.25
2012.03.21 08:25:59.522,1.05126,1.05132,1.50,1.20
2012.03.21 08:25:59.663,1.05126,1.05132,1.50,1.20
2012.03.21 08:25:59.735,1.05124,1.05132,1.50,1.20
2012.03.21 08:26:00.095,1.05121,1.0513,1.50,1.50
2012.03.21 08:26:00.670,1.0512,1.0513,1.50,1.50
2012.03.21 08:26:00.873,1.05118,1.05128,5.14,1.50
2012.03.21 08:26:01.444,1.05119,1.05131,3.00,1.50
2012.03.21 08:26:01.527,1.05119,1.05131,3.75,1.50
2012.03.21 08:26:02.084,1.05119,1.05131,3.00,1.50
2012.03.21 08:26:03.147,1.05119,1.05131,3.75,1.50
2012.03.21 08:26:03.620,1.05122,1.05132,1.50,1.50
2012.03.21 08:26:03.961,1.05127,1.05137,1.50,1.50
2012.03.21 08:26:07.327,1.05128,1.05139,1.50,2.25
2012.03.21 08:26:07.938,1.05127,1.05137,2.25,1.50
2012.03.21 08:26:08.871,1.05127,1.05137,3.60,1.50
2012.03.21 08:26:09.912,1.05128,1.0514,2.85,1.50
2012.03.21 08:26:09.983,1.05131,1.0514,1.20,1.50
2012.03.21 08:26:10.392,1.05128,1.0514,2.10,1.50
2012.03.21 08:26:10.709,1.05127,1.05138,2.63,1.50
2012.03.21 08:26:12.923,1.05127,1.05138,2.63,2.33
2012.03.21 08:26:13.268,1.05125,1.05133,2.15,1.50
2012.03.21 08:26:13.400,1.05123,1.05133,2.25,1.50
2012.03.21 08:26:18.990,1.05123,1.05133,3.83,1.50
2012.03.21 08:26:19.190,1.05125,1.05135,1.50,1.50
2012.03.21 08:26:20.055,1.05123,1.05133,2.70,1.50
2012.03.21 08:26:20.560,1.05123,1.05133,4.20,1.50
2012.03.21 08:26:21.090,1.05123,1.05133,4.20,1.50
2012.03.21 08:26:22.765,1.05125,1.05135,1.50,1.50
2012.03.21 08:26:26.296,1.05125,1.05135,1.50,1.88
2012.03.21 08:26:26.855,1.05118,1.05129,3.35,1.50
2012.03.21 08:26:27.300,1.05121,1.05132,1.50,1.20
2012.03.21 08:26:29.338,1.05119,1.05131,3.75,2.25
2012.03.21 08:26:31.797,1.0512,1.05131,1.50,1.50
2012.03.21 08:26:32.428,1.05128,1.05137,1.20,2.10
2012.03.21 08:26:32.741,1.0513,1.05142,1.50,4.43
2012.03.21 08:26:33.001,1.05128,1.05137,1.20,1.50
2012.03.21 08:26:33.953,1.05127,1.05137,1.50,1.50
2012.03.21 08:26:34.602,1.0513,1.05137,2.25,1.50
2012.03.21 08:26:34.701,1.05133,1.05145,1.50,3.00
2012.03.21 08:26:34.769,1.05134,1.05145,1.50,2.25
2012.03.21 08:26:34.839,1.05134,1.05145,3.00,1.50
2012.03.21 08:26:34.985,1.05138,1.05148,1.50,4.58
2012.03.21 08:26:35.475,1.0514,1.05148,1.50,1.20
2012.03.21 08:26:35.778,1.05138,1.05149,1.50,1.50
2012.03.21 08:26:36.294,1.05138,1.05149,1.95,1.50
2012.03.21 08:26:36.446,1.05139,1.05151,3.00,2.03
2012.03.21 08:26:36.526,1.05142,1.05151,1.20,2.03
2012.03.21 08:26:37.234,1.05142,1.05152,2.70,3.00
2012.03.21 08:26:38.378,1.05142,1.05152,3.45,2.25
2012.03.21 08:26:39.060,1.05142,1.05152,4.20,1.50
2012.03.21 08:26:39.292,1.05148,1.05155,1.20,1.50
2012.03.21 08:26:39.814,1.05148,1.05157,3.83,1.50
2012.03.21 08:26:40.122,1.0515,1.0516,1.50,2.25
2012.03.21 08:26:41.277,1.0515,1.0516,1.50,2.25
2012.03.21 08:26:42.056,1.05151,1.0516,1.88,1.50
2012.03.21 08:26:42.358,1.05157,1.05166,1.20,1.50
2012.03.21 08:26:42.506,1.05157,1.05168,1.95,1.50
2012.03.21 08:26:42.726,1.0516,1.05169,1.50,2.25
2012.03.21 08:26:42.947,1.05157,1.05169,3.45,2.25
2012.03.21 08:26:45.451,1.05157,1.05167,3.00,1.20
2012.03.21 08:26:46.041,1.05163,1.05167,1.20,1.50
2012.03.21 08:26:46.131,1.05163,1.0517,1.20,2.25
2012.03.21 08:26:46.469,1.0516,1.0517,3.75,2.25
2012.03.21 08:26:46.616,1.05158,1.05168,2.25,1.50
2012.03.21 08:26:47.168,1.05158,1.05168,1.50,1.50
2012.03.21 08:26:48.100,1.0516,1.0517,3.75,1.50
2012.03.21 08:26:48.569,1.05162,1.05172,1.50,3.83
2012.03.21 08:26:48.926,1.05164,1.05172,1.50,1.20
2012.03.21 08:26:49.002,1.05164,1.05174,1.50,1.50
2012.03.21 08:26:49.472,1.05162,1.05172,2.25,2.70
2012.03.21 08:26:50.085,1.05162,1.05172,1.69,2.70
2012.03.21 08:26:51.022,1.05162,1.05172,2.44,2.70
2012.03.21 08:26:52.351,1.05161,1.0517,1.69,1.50
2012.03.21 08:26:53.401,1.0516,1.0517,3.38,1.50
2012.03.21 08:26:53.959,1.0516,1.0517,3.38,1.50
2012.03.21 08:26:54.032,1.0516,1.0517,3.38,1.50
2012.03.21 08:26:54.556,1.05159,1.05169,1.50,1.50
2012.03.21 08:26:56.169,1.05159,1.05169,1.50,1.50
2012.03.21 08:26:56.708,1.05158,1.05169,3.08,1.50
2012.03.21 08:26:57.429,1.05159,1.05169,1.50,1.50
2012.03.21 08:26:58.327,1.05158,1.05169,3.08,1.50
2012.03.21 08:26:58.459,1.05158,1.05167,1.88,1.20
2012.03.21 08:26:58.530,1.05158,1.05167,1.13,1.20
2012.03.21 08:26:59.042,1.05157,1.05166,1.50,1.50
2012.03.21 08:26:59.252,1.05156,1.05166,3.00,1.50
2012.03.21 08:26:59.780,1.05156,1.05167,1.50,2.70
2012.03.21 08:27:01.055,1.05155,1.05167,3.19,2.70
2012.03.21 08:27:01.134,1.05155,1.05164,1.50,1.50
2012.03.21 08:27:01.468,1.05154,1.05161,1.13,1.50
2012.03.21 08:27:01.861,1.05154,1.05163,1.13,1.50
2012.03.21 08:27:02.447,1.05154,1.05164,1.13,1.50
2012.03.21 08:27:03.080,1.05154,1.05164,1.88,1.50
2012.03.21 08:27:05.707,1.05154,1.05164,1.50,1.50
2012.03.21 08:27:07.063,1.05156,1.05167,2.25,3.45
2012.03.21 08:27:07.832,1.05155,1.05166,2.25,1.50
2012.03.21 08:27:11.109,1.05154,1.05166,3.00,1.50
2012.03.21 08:27:12.986,1.05154,1.05162,1.50,1.20
2012.03.21 08:27:13.341,1.05149,1.05156,1.50,1.50
2012.03.21 08:27:13.859,1.05148,1.05157,3.08,1.50
2012.03.21 08:27:14.279,1.05148,1.05157,1.50,1.50
2012.03.21 08:27:15.109,1.05147,1.05157,2.63,1.50
2012.03.21 08:27:15.382,1.05148,1.0516,4.20,3.00
2012.03.21 08:27:15.962,1.0515,1.05162,1.50,7.99
2012.03.21 08:27:16.035,1.05149,1.05159,1.50,1.50
2012.03.21 08:27:16.912,1.05149,1.05159,2.25,1.50
2012.03.21 08:27:17.260,1.05156,1.0516,1.20,2.25
2012.03.21 08:27:17.404,1.05157,1.05162,1.69,1.88
2012.03.21 08:27:17.487,1.05158,1.05166,2.25,1.11
2012.03.21 08:27:17.821,1.05158,1.05168,2.25,2.25
2012.03.21 08:27:17.961,1.05157,1.05167,3.19,2.25
2012.03.21 08:27:18.546,1.05156,1.05163,1.50,1.50
2012.03.21 08:27:18.626,1.05153,1.05163,1.69,1.50
2012.03.21 08:27:19.129,1.05151,1.05162,2.25,1.20
2012.03.21 08:27:19.203,1.05149,1.05158,1.50,1.50
2012.03.21 08:27:19.284,1.05148,1.05158,5.33,1.50
2012.03.21 08:27:19.842,1.05149,1.05158,1.50,1.50
2012.03.21 08:27:20.179,1.0515,1.0516,2.25,1.50
2012.03.21 08:27:20.947,1.05148,1.05158,4.20,1.50
2012.03.21 08:27:21.795,1.05149,1.05158,1.50,1.50
2012.03.21 08:27:22.010,1.0515,1.0516,2.25,1.50
2012.03.21 08:27:23.424,1.0515,1.0516,2.25,1.50
2012.03.21 08:27:24.007,1.0515,1.0516,2.25,1.50
2012.03.21 08:27:24.530,1.0515,1.0516,1.50,1.50
2012.03.21 08:27:24.671,1.0515,1.05159,1.50,1.50
2012.03.21 08:27:24.752,1.05148,1.05158,2.25,2.89
2012.03.21 08:27:25.510,1.05146,1.05153,1.50,1.95
2012.03.21 08:27:25.604,1.05141,1.05152,2.25,2.25
2012.03.21 08:27:25.741,1.05141,1.05148,1.50,1.20
2012.03.21 08:27:26.272,1.05139,1.05148,1.50,2.70
2012.03.21 08:27:26.411,1.05136,1.05146,1.69,1.50
2012.03.21 08:27:26.849,1.05138,1.05148,1.50,1.20
2012.03.21 08:27:27.565,1.05138,1.05149,1.50,3.75
2012.03.21 08:27:27.784,1.05139,1.0515,1.13,2.25
2012.03.21 08:27:28.159,1.05143,1.05153,1.95,1.13
2012.03.21 08:27:29.522,1.05142,1.05152,2.25,1.20
2012.03.21 08:27:29.790,1.05138,1.05149,2.33,1.50
2012.03.21 08:27:30.217,1.05139,1.05151,2.25,1.50
2012.03.21 08:27:31.636,1.05142,1.05151,2.25,1.50
2012.03.21 08:27:31.921,1.05145,1.05153,2.25,1.50
2012.03.21 08:27:32.127,1.05148,1.05157,2.25,1.20
2012.03.21 08:27:36.135,1.05147,1.05157,2.25,1.20
2012.03.21 08:27:37.380,1.05147,1.05157,2.25,1.80
2012.03.21 08:27:37.596,1.05143,1.05154,2.14,1.50
2012.03.21 08:27:37.731,1.05142,1.05152,3.19,1.20
2012.03.21 08:27:38.357,1.05144,1.05152,1.50,1.20
2012.03.21 08:27:39.692,1.05144,1.05153,2.25,3.00
2012.03.21 08:27:40.170,1.05147,1.05157,2.25,3.00
2012.03.21 08:27:40.709,1.05145,1.05156,1.50,1.50
2012.03.21 08:27:41.273,1.05144,1.05156,2.25,1.50
2012.03.21 08:27:41.639,1.05144,1.05154,2.25,1.13
2012.03.21 08:27:41.978,1.05141,1.05152,2.25,1.20
2012.03.21 08:27:42.315,1.05141,1.05152,3.00,1.20
2012.03.21 08:27:43.349,1.05142,1.05152,1.50,1.20
2012.03.21 08:27:43.420,1.05144,1.05152,1.50,1.20
2012.03.21 08:27:43.693,1.05143,1.05154,3.00,3.75
2012.03.21 08:27:44.162,1.05146,1.05158,2.25,5.14
2012.03.21 08:27:44.550,1.05144,1.05156,3.00,1.50
2012.03.21 08:27:48.533,1.05146,1.05157,2.25,2.25
2012.03.21 08:27:49.400,1.05151,1.05157,1.50,1.50
2012.03.21 08:27:49.475,1.05151,1.05161,1.50,2.25
2012.03.21 08:27:49.620,1.05148,1.05158,3.00,1.50
2012.03.21 08:27:50.992,1.05148,1.05157,2.25,1.20
2012.03.21 08:27:53.427,1.05148,1.05157,2.25,1.20
2012.03.21 08:28:00.682,1.05146,1.05156,1.50,1.50
2012.03.21 08:28:03.861,1.05144,1.05154,1.50,1.50
2012.03.21 08:28:04.185,1.05148,1.05158,1.88,3.00
2012.03.21 08:28:04.384,1.05149,1.0516,1.50,2.25
2012.03.21 08:28:05.378,1.05148,1.05159,1.88,1.50
2012.03.21 08:28:06.693,1.05147,1.05157,2.63,1.20
2012.03.21 08:28:07.239,1.05144,1.05155,1.13,1.50
2012.03.21 08:28:07.493,1.05145,1.05157,1.50,4.20
2012.03.21 08:28:08.462,1.05145,1.05155,1.50,1.50
2012.03.21 08:28:08.797,1.05143,1.05153,3.45,1.50
2012.03.21 08:28:09.698,1.05144,1.05156,1.50,1.50
2012.03.21 08:28:13.658,1.05144,1.05156,1.50,5.55
2012.03.21 08:28:13.731,1.05142,1.05153,1.88,1.20
2012.03.21 08:28:14.317,1.05141,1.05151,1.88,1.50
2012.03.21 08:28:14.406,1.0514,1.0515,1.69,1.50
2012.03.21 08:28:14.900,1.05142,1.05152,1.50,3.00
2012.03.21 08:28:15.683,1.05143,1.05152,1.20,1.50
2012.03.21 08:28:16.050,1.05147,1.05156,1.50,3.00
2012.03.21 08:28:16.264,1.05144,1.05156,1.50,2.25
2012.03.21 08:28:16.422,1.05143,1.05154,1.20,1.50
2012.03.21 08:28:16.963,1.05145,1.05155,1.50,1.50
2012.03.21 08:28:18.364,1.05146,1.05157,1.50,3.45
2012.03.21 08:28:18.809,1.05146,1.05157,1.50,2.33
2012.03.21 08:28:19.344,1.05143,1.05152,1.95,1.50
2012.03.21 08:28:19.858,1.05143,1.05153,1.95,2.63
2012.03.21 08:28:20.167,1.05143,1.05153,1.20,2.25
2012.03.21 08:28:20.239,1.05141,1.05153,2.25,3.45
2012.03.21 08:28:20.572,1.05141,1.0515,1.50,1.50
2012.03.21 08:28:21.219,1.05143,1.0515,1.50,1.50
2012.03.21 08:28:21.735,1.05141,1.05151,3.00,2.25
2012.03.21 08:28:22.259,1.05143,1.05151,1.95,2.25
2012.03.21 08:28:22.787,1.05143,1.05153,3.45,3.00
2012.03.21 08:28:23.337,1.05143,1.05152,1.95,2.25
2012.03.21 08:28:26.569,1.0514,1.05152,2.25,3.45
2012.03.21 08:28:26.784,1.0514,1.05152,2.25,4.20
2012.03.21 08:28:27.188,1.05141,1.05152,1.50,2.70
2012.03.21 08:28:28.375,1.05143,1.05153,3.00,4.50
2012.03.21 08:28:29.998,1.05143,1.05153,3.00,3.00
2012.03.21 08:28:31.053,1.05143,1.05153,2.25,3.83
2012.03.21 08:28:31.182,1.05139,1.05151,3.19,1.50
2012.03.21 08:28:31.249,1.05139,1.05151,3.19,1.50
2012.03.21 08:28:32.905,1.05141,1.05151,1.50,1.50
2012.03.21 08:28:33.431,1.05143,1.05152,1.95,1.50
2012.03.21 08:28:33.982,1.05144,1.05154,2.25,2.25
2012.03.21 08:28:34.808,1.05143,1.05153,1.95,2.25
2012.03.21 08:28:35.518,1.05144,1.05154,2.25,2.63
2012.03.21 08:28:36.081,1.05143,1.05152,1.95,1.50
2012.03.21 08:28:36.422,1.05143,1.05152,2.70,1.50
2012.03.21 08:28:36.560,1.05146,1.05157,2.25,1.20
2012.03.21 08:28:36.688,1.05149,1.05157,1.50,1.20
2012.03.21 08:28:37.198,1.05147,1.05157,2.25,2.70
2012.03.21 08:28:37.760,1.05145,1.05156,1.50,1.50
2012.03.21 08:28:38.429,1.05147,1.05157,2.25,2.70
2012.03.21 08:28:40.441,1.05152,1.05159,1.50,3.60
2012.03.21 08:28:40.648,1.05159,1.05166,1.50,1.50
2012.03.21 08:28:40.800,1.05158,1.05168,3.00,1.50
2012.03.21 08:28:41.064,1.05163,1.05171,1.50,1.58
2012.03.21 08:28:41.857,1.05161,1.05169,1.50,1.50
2012.03.21 08:28:42.075,1.05161,1.05172,1.50,2.44
2012.03.21 08:28:42.588,1.0516,1.0517,1.50,1.50
2012.03.21 08:28:43.704,1.05165,1.05172,1.20,3.75
2012.03.21 08:28:43.910,1.05167,1.05176,2.25,1.50
2012.03.21 08:28:44.042,1.05171,1.05181,1.50,2.31
2012.03.21 08:28:44.739,1.05171,1.05177,1.50,1.20
2012.03.21 08:28:44.837,1.05166,1.05176,3.00,1.50
2012.03.21 08:28:45.250,1.05166,1.05176,3.00,1.50
2012.03.21 08:28:45.661,1.05167,1.05177,2.25,1.20
2012.03.21 08:28:45.803,1.05168,1.05179,3.45,3.75
2012.03.21 08:28:46.070,1.05169,1.05181,1.50,2.25
2012.03.21 08:28:46.759,1.05168,1.05178,3.45,1.50
2012.03.21 08:28:47.111,1.0517,1.0518,1.50,1.50
2012.03.21 08:28:49.434,1.05171,1.0518,3.50,1.50
2012.03.21 08:28:49.580,1.05176,1.05183,3.75,2.25
2012.03.21 08:28:49.721,1.0518,1.05189,1.50,1.50
2012.03.21 08:28:50.058,1.05181,1.05191,1.50,2.33
2012.03.21 08:28:50.329,1.05182,1.05192,2.70,2.25
2012.03.21 08:28:50.521,1.05179,1.05191,1.50,1.50
2012.03.21 08:28:51.223,1.05179,1.05187,1.50,1.20
2012.03.21 08:28:51.294,1.05177,1.05187,2.44,1.20
2012.03.21 08:28:51.438,1.05178,1.05189,1.20,1.50
2012.03.21 08:28:52.488,1.05182,1.05189,1.20,1.50
2012.03.21 08:28:52.704,1.0518,1.0519,1.50,1.50
2012.03.21 08:28:53.050,1.05178,1.05188,3.00,1.50
2012.03.21 08:28:53.789,1.0518,1.0519,1.50,3.00
2012.03.21 08:28:54.433,1.0518,1.05187,1.50,1.20
2012.03.21 08:28:54.780,1.0518,1.0519,1.50,3.75
2012.03.21 08:28:56.479,1.05182,1.0519,1.20,1.50
2012.03.21 08:28:56.766,1.0518,1.0519,3.75,1.50
2012.03.21 08:28:57.943,1.05186,1.0519,1.20,1.50
2012.03.21 08:28:58.288,1.0519,1.052,1.50,2.25
2012.03.21 08:28:58.572,1.05187,1.05198,1.50,2.25
2012.03.21 08:28:59.126,1.05186,1.05198,4.95,2.25
2012.03.21 08:28:59.477,1.05188,1.05198,1.20,2.25
2012.03.21 08:29:00.008,1.05188,1.05198,1.20,1.50
2012.03.21 08:29:00.984,1.05188,1.05198,1.20,1.69
2012.03.21 08:29:01.590,1.05186,1.05195,3.75,1.50
2012.03.21 08:29:01.812,1.05181,1.05191,1.50,2.25
2012.03.21 08:29:01.885,1.05181,1.05188,1.50,1.50
2012.03.21 08:29:01.962,1.05181,1.0519,1.50,1.50
2012.03.21 08:29:02.031,1.05178,1.05188,2.25,1.50
2012.03.21 08:29:03.830,1.05177,1.05188,4.43,1.20
2012.03.21 08:29:04.371,1.05177,1.05189,4.95,1.50
2012.03.21 08:29:04.720,1.05183,1.05188,1.20,1.50
2012.03.21 08:29:04.860,1.05183,1.0519,1.20,1.50
2012.03.21 08:29:13.332,1.05184,1.05194,1.50,1.50
2012.03.21 08:29:13.473,1.05186,1.05196,1.50,2.25
2012.03.21 08:29:13.977,1.05184,1.05194,3.00,1.50
2012.03.21 08:29:14.961,1.05184,1.05194,4.40,1.50
2012.03.21 08:29:15.109,1.05187,1.05196,2.44,1.50
2012.03.21 08:29:15.399,1.05189,1.052,1.50,1.50
2012.03.21 08:29:15.618,1.05191,1.05201,1.50,1.50
2012.03.21 08:29:15.974,1.05188,1.05198,1.50,1.50
2012.03.21 08:29:17.188,1.05188,1.05196,2.70,1.50
2012.03.21 08:29:17.541,1.05188,1.05198,4.20,1.50
2012.03.21 08:29:17.612,1.0519,1.052,1.50,1.50
2012.03.21 08:29:18.033,1.05188,1.052,4.20,1.50
2012.03.21 08:29:19.243,1.05188,1.05198,3.00,1.20
2012.03.21 08:29:19.579,1.05188,1.052,3.45,1.50
2012.03.21 08:29:19.649,1.05188,1.05198,1.95,1.50
2012.03.21 08:29:20.121,1.05191,1.05201,1.50,1.50
2012.03.21 08:29:20.332,1.05188,1.052,3.45,1.50
2012.03.21 08:29:20.923,1.05193,1.05202,1.20,2.25
2012.03.21 08:29:21.411,1.05191,1.05201,1.50,1.50
2012.03.21 08:29:21.622,1.05191,1.05201,3.00,1.50
2012.03.21 08:29:21.976,1.05197,1.05207,3.00,2.78
2012.03.21 08:29:22.134,1.05195,1.05205,1.50,1.50
2012.03.21 08:29:22.214,1.05193,1.05205,3.64,1.50
2012.03.21 08:29:22.289,1.05196,1.05207,1.50,1.20
2012.03.21 08:29:22.884,1.05193,1.05204,1.95,1.50
2012.03.21 08:29:23.231,1.05195,1.05205,1.50,2.25
2012.03.21 08:29:23.303,1.05193,1.05203,1.20,2.63
2012.03.21 08:29:23.374,1.05193,1.05201,1.20,1.50
2012.03.21 08:29:23.732,1.0519,1.05201,1.13,1.50
2012.03.21 08:29:24.251,1.05189,1.05201,1.50,1.50
2012.03.21 08:29:25.993,1.05192,1.05202,2.70,3.00
2012.03.21 08:29:26.327,1.05192,1.05202,2.70,2.25
2012.03.21 08:29:26.627,1.05192,1.05198,1.50,1.20
2012.03.21 08:29:26.780,1.0519,1.05198,1.50,1.20
2012.03.21 08:29:26.857,1.05187,1.05196,2.63,1.50
2012.03.21 08:29:27.337,1.05187,1.05198,2.44,1.20
2012.03.21 08:29:28.953,1.05187,1.05199,2.89,3.75
2012.03.21 08:29:29.165,1.05189,1.05199,1.50,2.25
2012.03.21 08:29:29.667,1.05189,1.05201,1.50,1.50
2012.03.21 08:29:30.012,1.05189,1.05201,3.94,1.50
2012.03.21 08:29:30.433,1.05194,1.05203,2.29,2.70
2012.03.21 08:29:30.788,1.05198,1.05206,3.00,1.50
2012.03.21 08:29:30.935,1.052,1.05211,2.25,3.19
2012.03.21 08:29:31.017,1.052,1.05207,2.25,1.20
2012.03.21 08:29:31.538,1.05199,1.05207,1.50,1.20
2012.03.21 08:29:31.647,1.05195,1.05206,1.88,1.50
2012.03.21 08:29:32.169,1.05197,1.05207,1.50,1.50
2012.03.21 08:29:33.624,1.05197,1.05207,3.00,1.50
2012.03.21 08:29:33.701,1.05205,1.05209,1.20,4.50
2012.03.21 08:29:34.246,1.05207,1.05214,1.20,1.11
2012.03.21 08:29:34.330,1.05207,1.05218,1.95,1.50
2012.03.21 08:29:34.614,1.05206,1.05216,1.88,1.50
2012.03.21 08:29:35.175,1.05206,1.05217,1.88,1.20
2012.03.21 08:29:36.055,1.05208,1.0522,2.25,1.50
2012.03.21 08:29:36.475,1.0521,1.0522,2.52,1.50
2012.03.21 08:29:36.765,1.05213,1.05224,1.50,2.25
2012.03.21 08:29:36.987,1.05212,1.0522,1.20,1.50
2012.03.21 08:29:37.122,1.05212,1.05222,2.70,3.00
2012.03.21 08:29:37.558,1.05216,1.05226,1.50,1.50
2012.03.21 08:29:38.099,1.05215,1.05225,1.50,1.50
2012.03.21 08:29:39.608,1.05215,1.05224,1.50,2.25
2012.03.21 08:29:39.892,1.05209,1.05221,2.25,1.50
2012.03.21 08:29:39.959,1.05209,1.05221,1.50,1.50
2012.03.21 08:29:40.149,1.05207,1.05219,5.14,1.50
2012.03.21 08:29:40.689,1.05207,1.05218,2.44,1.20
2012.03.21 08:29:41.250,1.05209,1.0522,1.50,1.50
2012.03.21 08:29:41.475,1.05209,1.05216,1.50,1.95
2012.03.21 08:29:41.623,1.05204,1.05213,2.25,3.45
2012.03.21 08:29:41.761,1.05208,1.05213,1.20,2.25
2012.03.21 08:29:41.832,1.05208,1.05217,1.20,2.25
2012.03.21 08:29:41.977,1.05206,1.05217,2.63,2.25
2012.03.21 08:29:42.119,1.05208,1.05218,1.50,4.95
2012.03.21 08:29:42.332,1.05208,1.05218,1.50,2.70
2012.03.21 08:29:43.319,1.05209,1.05218,1.50,1.20
2012.03.21 08:29:43.670,1.05209,1.05221,1.50,3.00
2012.03.21 08:29:43.999,1.05209,1.05221,1.80,1.50
2012.03.21 08:29:44.564,1.05209,1.05221,1.80,1.50
2012.03.21 08:29:45.210,1.05208,1.05218,2.55,1.20
2012.03.21 08:29:45.292,1.05207,1.05218,4.84,1.20
2012.03.21 08:29:45.502,1.05207,1.05218,1.69,1.20
2012.03.21 08:29:45.645,1.05204,1.05214,4.70,1.50
2012.03.21 08:29:46.216,1.05204,1.05214,2.55,1.50
2012.03.21 08:29:47.298,1.05206,1.05216,1.65,1.50
2012.03.21 08:29:47.810,1.05203,1.05215,1.65,1.50
2012.03.21 08:29:47.881,1.05203,1.05215,1.50,1.50
2012.03.21 08:29:49.403,1.05204,1.05216,1.50,1.50
2012.03.21 08:29:50.402,1.05207,1.05217,1.50,1.50
2012.03.21 08:29:50.967,1.0521,1.05217,2.15,1.50
2012.03.21 08:29:51.201,1.05214,1.05224,1.50,4.11
2012.03.21 08:29:51.646,1.05215,1.05225,1.50,3.75
2012.03.21 08:29:51.816,1.05212,1.05221,1.20,1.50
2012.03.21 08:29:53.429,1.05211,1.05217,1.50,1.20
2012.03.21 08:29:53.512,1.05205,1.05214,3.00,1.50
2012.03.21 08:29:53.650,1.05206,1.05216,2.44,1.50
2012.03.21 08:29:53.923,1.05208,1.05218,2.70,1.50
2012.03.21 08:29:54.271,1.05212,1.05218,1.20,1.50
2012.03.21 08:29:54.504,1.05212,1.05221,1.20,3.00
2012.03.21 08:29:55.332,1.05212,1.05223,2.70,1.13
2012.03.21 08:29:55.811,1.05212,1.05221,1.20,1.50
2012.03.21 08:29:56.358,1.05211,1.05221,1.50,1.50
2012.03.21 08:29:56.960,1.05208,1.0522,2.55,1.50
2012.03.21 08:29:57.913,1.05207,1.05218,1.20,1.50
2012.03.21 08:29:59.016,1.05208,1.0522,1.50,1.69
2012.03.21 08:29:59.223,1.05208,1.05218,1.50,2.15
2012.03.21 08:29:59.580,1.05208,1.05213,1.50,2.25
2012.03.21 08:29:59.657,1.05207,1.05216,2.70,1.50
2012.03.21 08:29:59.946,1.05205,1.05213,1.50,2.25
2012.03.21 08:30:00.166,1.05206,1.05215,3.00,1.50
2012.03.21 08:30:00.243,1.05206,1.05217,4.50,2.70
2012.03.21 08:30:00.715,1.05205,1.05215,1.50,1.50
2012.03.21 08:30:00.797,1.05203,1.05214,1.20,1.50
2012.03.21 08:30:00.869,1.05203,1.05212,1.20,1.50
2012.03.21 08:30:01.365,1.05203,1.05214,1.20,1.50
2012.03.21 08:30:01.443,1.05204,1.05215,1.05,1.50
2012.03.21 08:30:01.792,1.05207,1.05217,1.50,1.20
2012.03.21 08:30:02.264,1.05207,1.05219,2.70,2.44
2012.03.21 08:30:02.863,1.05207,1.05219,4.95,1.69
2012.03.21 08:30:03.414,1.05207,1.05221,1.20,4.50
2012.03.21 08:30:04.130,1.05207,1.05218,1.39,1.50
2012.03.21 08:30:05.159,1.05208,1.05218,1.50,3.45
2012.03.21 08:30:05.922,1.05203,1.05211,2.25,2.63
2012.03.21 08:30:06.009,1.05198,1.0521,2.25,2.25
2012.03.21 08:30:06.093,1.05197,1.05207,4.20,1.50
2012.03.21 08:30:06.655,1.05197,1.05207,1.50,4.20
2012.03.21 08:30:07.228,1.05194,1.05202,1.50,1.50
2012.03.21 08:30:07.373,1.05194,1.05204,1.50,1.50
2012.03.21 08:30:09.540,1.05194,1.05206,1.50,2.25
2012.03.21 08:30:09.766,1.05193,1.05201,1.20,1.50
2012.03.21 08:30:09.974,1.05193,1.05204,1.20,1.50
2012.03.21 08:30:10.397,1.05192,1.05202,1.50,1.20
2012.03.21 08:30:11.282,1.05194,1.05204,1.50,1.50
2012.03.21 08:30:14.220,1.05193,1.05202,1.20,1.50
2012.03.21 08:30:15.506,1.05199,1.05209,1.50,1.69
2012.03.21 08:30:15.995,1.05198,1.05208,2.70,1.69
2012.03.21 08:30:16.344,1.05199,1.05211,1.50,1.69
2012.03.21 08:30:17.862,1.05199,1.0521,1.50,1.50
2012.03.21 08:30:17.936,1.05198,1.05208,2.70,1.50
2012.03.21 08:30:18.083,1.05199,1.0521,1.50,1.50
2012.03.21 08:30:18.228,1.05202,1.05211,1.88,1.50
2012.03.21 08:30:18.440,1.05208,1.05219,1.50,2.44
2012.03.21 08:30:18.962,1.05208,1.0522,1.50,3.94
2012.03.21 08:30:19.040,1.05209,1.05219,1.50,2.25
2012.03.21 08:30:19.456,1.05205,1.05217,2.63,1.50
2012.03.21 08:30:19.672,1.05205,1.05215,1.13,1.50
2012.03.21 08:30:20.212,1.05206,1.05216,1.50,1.50
2012.03.21 08:30:21.078,1.05206,1.05216,1.50,2.25
2012.03.21 08:30:21.221,1.05203,1.05215,1.69,1.50
2012.03.21 08:30:21.431,1.05207,1.05215,1.20,1.50
2012.03.21 08:30:21.991,1.05203,1.05215,1.50,1.50
2012.03.21 08:30:22.546,1.05204,1.05214,1.50,1.50
2012.03.21 08:30:23.507,1.05207,1.05214,1.20,1.50
2012.03.21 08:30:23.798,1.05207,1.05216,3.45,1.50
2012.03.21 08:30:23.876,1.05208,1.05218,2.10,1.50
2012.03.21 08:30:24.163,1.05207,1.05216,3.45,1.50
2012.03.21 08:30:25.489,1.05207,1.05215,2.25,1.50
2012.03.21 08:30:25.564,1.05204,1.05215,2.25,1.50
2012.03.21 08:30:25.712,1.05203,1.05215,4.58,1.50
2012.03.21 08:30:26.274,1.05203,1.05215,4.58,1.50
2012.03.21 08:30:26.789,1.05203,1.05215,3.83,1.50
2012.03.21 08:30:28.335,1.05203,1.05215,3.49,1.50
2012.03.21 08:30:28.834,1.05203,1.05213,4.24,2.25
2012.03.21 08:30:28.914,1.05203,1.05215,3.79,2.70
2012.03.21 08:30:29.241,1.05202,1.05212,1.50,1.50
2012.03.21 08:30:29.716,1.05199,1.05209,2.70,1.50
2012.03.21 08:30:30.274,1.05201,1.05211,1.50,1.50
2012.03.21 08:30:31.518,1.05201,1.05208,1.50,1.20
2012.03.21 08:30:31.664,1.05197,1.05208,4.54,1.20
2012.03.21 08:30:31.744,1.05202,1.05209,1.20,1.50
2012.03.21 08:30:31.893,1.052,1.0521,1.50,1.50
2012.03.21 08:30:32.710,1.05203,1.0521,1.20,1.50
2012.03.21 08:30:33.470,1.05201,1.0521,2.25,1.50
2012.03.21 08:30:34.128,1.05202,1.0521,1.20,1.50
2012.03.21 08:30:34.569,1.052,1.0521,1.50,1.50
2012.03.21 08:30:34.709,1.052,1.05207,1.50,1.20
2012.03.21 08:30:35.202,1.05197,1.05207,1.69,1.20
2012.03.21 08:30:36.265,1.05199,1.05207,1.50,1.95
2012.03.21 08:30:36.351,1.05196,1.05206,1.50,2.25
2012.03.21 08:30:36.495,1.05192,1.05202,1.50,2.70
2012.03.21 08:30:36.643,1.05188,1.05198,6.64,1.50
2012.03.21 08:30:37.133,1.0519,1.052,1.50,3.00
2012.03.21 08:30:37.870,1.05191,1.05202,1.50,4.39
2012.03.21 08:30:38.027,1.05189,1.05201,1.50,2.44
2012.03.21 08:30:38.453,1.05189,1.052,1.50,1.50
2012.03.21 08:30:38.802,1.05191,1.052,1.50,1.13
2012.03.21 08:30:39.711,1.0519,1.05199,1.50,1.88
2012.03.21 08:30:40.338,1.0519,1.05199,1.50,1.50
2012.03.21 08:30:40.851,1.0519,1.052,1.50,3.38
2012.03.21 08:30:41.843,1.0519,1.05199,1.50,1.13
2012.03.21 08:30:42.681,1.0519,1.05198,1.50,1.13
2012.03.21 08:30:42.974,1.05182,1.05191,1.95,2.25
2012.03.21 08:30:43.051,1.05181,1.05191,3.00,2.25
2012.03.21 08:30:43.199,1.05178,1.05188,3.38,1.50
2012.03.21 08:30:43.686,1.05177,1.05186,3.45,1.50
2012.03.21 08:30:44.254,1.05177,1.05187,3.75,1.50
2012.03.21 08:30:44.618,1.05174,1.05183,1.69,1.50
2012.03.21 08:30:45.156,1.05178,1.05187,1.95,1.50
2012.03.21 08:30:45.246,1.05183,1.05189,1.20,1.50
2012.03.21 08:30:45.527,1.05181,1.05191,1.50,1.88
2012.03.21 08:30:45.739,1.05178,1.0519,4.35,1.88
2012.03.21 08:30:45.812,1.05183,1.0519,1.20,1.88
2012.03.21 08:30:45.957,1.05181,1.0519,2.25,1.88
2012.03.21 08:30:46.172,1.05178,1.05187,1.20,1.50
2012.03.21 08:30:49.154,1.05178,1.0519,4.05,1.50
2012.03.21 08:30:49.434,1.0518,1.05192,1.50,5.89
2012.03.21 08:30:49.865,1.05178,1.05189,1.80,1.50
2012.03.21 08:30:50.482,1.0518,1.0519,1.50,1.50
2012.03.21 08:30:51.473,1.05178,1.05188,4.95,1.50
2012.03.21 08:30:52.824,1.05182,1.05188,2.25,1.50
2012.03.21 08:30:52.893,1.05183,1.0519,1.20,1.50
2012.03.21 08:30:54.630,1.05182,1.0519,2.25,1.50
2012.03.21 08:30:54.829,1.0518,1.0519,1.50,1.50
2012.03.21 08:30:54.966,1.05178,1.05189,2.25,1.50
2012.03.21 08:30:56.779,1.05183,1.05189,1.20,1.50
2012.03.21 08:30:57.246,1.05183,1.05193,1.95,1.50
2012.03.21 08:30:57.409,1.05186,1.05196,1.50,1.50
2012.03.21 08:30:58.401,1.05184,1.05194,1.50,1.50
2012.03.21 08:30:59.248,1.05184,1.05194,3.75,1.50
2012.03.21 08:30:59.407,1.05198,1.05208,2.25,3.38
2012.03.21 08:30:59.763,1.05198,1.05206,2.25,1.50
2012.03.21 08:30:59.830,1.05199,1.05208,1.50,1.50
2012.03.21 08:31:00.088,1.05197,1.05208,3.45,2.25
2012.03.21 08:31:00.658,1.05198,1.0521,1.50,1.50
2012.03.21 08:31:01.045,1.05201,1.0521,1.50,1.50
2012.03.21 08:31:01.144,1.05203,1.05213,2.70,2.25
2012.03.21 08:31:01.421,1.05205,1.05215,1.50,3.75
2012.03.21 08:31:01.709,1.05203,1.05214,1.20,2.25
2012.03.21 08:31:01.868,1.05203,1.05214,1.20,3.00
2012.03.21 08:31:02.222,1.05199,1.05207,2.25,1.20
2012.03.21 08:31:02.773,1.05199,1.05207,1.50,1.20
2012.03.21 08:31:08.409,1.05199,1.05209,1.50,1.50
2012.03.21 08:31:08.616,1.05202,1.0521,1.50,1.50
2012.03.21 08:31:09.069,1.052,1.0521,1.50,3.00
2012.03.21 08:31:12.450,1.052,1.05208,1.50,1.20
2012.03.21 08:31:12.651,1.052,1.0521,1.50,1.50
2012.03.21 08:31:13.231,1.05202,1.05212,1.50,4.20
2012.03.21 08:31:13.509,1.05199,1.05211,1.50,1.50
2012.03.21 08:31:16.381,1.05199,1.05207,1.50,1.20
2012.03.21 08:31:16.720,1.05197,1.05209,3.64,1.50
2012.03.21 08:31:16.920,1.05199,1.05211,1.50,1.50
2012.03.21 08:31:17.180,1.05202,1.05212,1.50,2.25
2012.03.21 08:31:17.462,1.05199,1.05211,1.50,1.50
2012.03.21 08:31:18.554,1.05199,1.05208,1.50,1.20
2012.03.21 08:31:19.052,1.05198,1.05208,1.69,2.70
2012.03.21 08:31:19.592,1.05199,1.05208,1.50,1.20
2012.03.21 08:31:21.444,1.05199,1.0521,1.50,1.50
2012.03.21 08:31:21.859,1.05202,1.05212,1.50,3.45
2012.03.21 08:31:22.143,1.05199,1.05211,1.50,1.50
2012.03.21 08:31:24.471,1.05199,1.0521,1.50,1.50
2012.03.21 08:31:24.544,1.05198,1.05208,2.70,1.50
2012.03.21 08:31:25.359,1.05199,1.05211,1.50,1.50
2012.03.21 08:31:25.801,1.05201,1.05212,1.50,1.20
2012.03.21 08:31:26.120,1.052,1.0521,1.50,1.50
2012.03.21 08:31:28.531,1.05202,1.05212,1.50,2.70
2012.03.21 08:31:29.958,1.052,1.05211,1.88,1.50
2012.03.21 08:31:30.511,1.05199,1.05211,2.25,1.50
2012.03.21 08:31:31.499,1.05198,1.05209,2.70,1.50
2012.03.21 08:31:32.646,1.05198,1.05209,2.70,1.50
2012.03.21 08:31:33.010,1.05198,1.05206,1.20,1.50
2012.03.21 08:31:33.367,1.05196,1.05202,1.50,1.20
2012.03.21 08:31:33.518,1.0519,1.05198,1.13,1.50
2012.03.21 08:31:34.029,1.05189,1.05198,1.50,1.50
2012.03.21 08:31:34.114,1.05188,1.05199,2.14,1.50
2012.03.21 08:31:34.676,1.05189,1.05201,2.25,1.50
2012.03.21 08:31:36.720,1.05188,1.05199,1.39,1.50
2012.03.21 08:31:47.425,1.05187,1.05198,4.69,1.20
2012.03.21 08:31:47.783,1.05186,1.05196,2.44,1.50
2012.03.21 08:31:48.114,1.05188,1.05198,1.50,3.45
2012.03.21 08:31:50.466,1.05189,1.052,1.50,1.50
2012.03.21 08:31:51.238,1.05189,1.05201,1.50,1.50
2012.03.21 08:31:51.321,1.05188,1.05198,4.69,1.50
2012.03.21 08:31:53.200,1.05188,1.05197,1.20,1.50
2012.03.21 08:31:53.540,1.0519,1.052,1.50,2.25
2012.03.21 08:31:53.686,1.05188,1.05198,3.45,1.50
2012.03.21 08:31:56.421,1.0519,1.052,1.50,1.50
2012.03.21 08:31:56.944,1.05188,1.05198,5.89,1.50
2012.03.21 08:31:58.066,1.05193,1.05198,1.20,1.50
2012.03.21 08:31:58.213,1.05191,1.05198,2.25,1.50
2012.03.21 08:31:58.282,1.05188,1.05198,3.19,1.50
2012.03.21 08:31:58.424,1.0519,1.052,1.50,1.50
2012.03.21 08:31:58.770,1.05188,1.05198,2.82,1.50
2012.03.21 08:32:00.216,1.05192,1.05201,3.45,2.63
2012.03.21 08:32:00.895,1.05192,1.05201,3.45,2.63
2012.03.21 08:32:02.520,1.05188,1.05197,4.20,2.25
2012.03.21 08:32:03.144,1.05193,1.05199,1.20,1.50
2012.03.21 08:32:03.410,1.05193,1.05201,1.20,1.50
2012.03.21 08:32:04.871,1.0519,1.05201,2.25,2.26
2012.03.21 08:32:05.335,1.05185,1.05192,1.50,1.50
2012.03.21 08:32:05.487,1.05193,1.05197,1.20,3.00
2012.03.21 08:32:05.706,1.05193,1.05199,1.20,1.50
2012.03.21 08:32:05.921,1.05193,1.05202,1.20,1.50
2012.03.21 08:32:06.253,1.05193,1.05201,1.20,2.25
2012.03.21 08:32:06.459,1.05193,1.05201,1.20,2.25
2012.03.21 08:32:07.371,1.05193,1.05201,1.20,2.25
2012.03.21 08:32:07.583,1.05188,1.05196,1.20,1.50
2012.03.21 08:32:07.841,1.05188,1.05199,1.20,1.50
2012.03.21 08:32:08.458,1.05187,1.05197,2.63,1.20
2012.03.21 08:32:08.811,1.05187,1.05197,2.25,1.95
2012.03.21 08:32:09.350,1.05187,1.05197,2.25,1.95
2012.03.21 08:32:09.858,1.05187,1.05197,2.25,1.95
2012.03.21 08:32:10.188,1.05187,1.05197,2.25,1.95
2012.03.21 08:32:11.491,1.05188,1.05199,1.20,3.00
2012.03.21 08:32:11.752,1.05192,1.05199,3.45,3.00
2012.03.21 08:32:12.019,1.05192,1.05201,3.45,2.25
2012.03.21 08:32:12.089,1.05192,1.05201,3.45,2.25
2012.03.21 08:32:12.290,1.05192,1.05201,3.45,2.25
2012.03.21 08:32:13.784,1.05188,1.05199,1.39,1.50
2012.03.21 08:32:14.884,1.05189,1.05201,1.50,2.25
2012.03.21 08:32:15.439,1.05192,1.05201,1.20,2.25
2012.03.21 08:32:15.959,1.05192,1.05201,1.20,3.00
2012.03.21 08:32:16.891,1.05192,1.05201,1.20,1.50
2012.03.21 08:32:17.492,1.05191,1.05201,2.25,1.50
2012.03.21 08:32:17.559,1.05189,1.05201,1.50,2.25
2012.03.21 08:32:17.633,1.05188,1.05198,2.85,1.50
2012.03.21 08:32:19.462,1.05193,1.05198,1.20,1.50
2012.03.21 08:32:19.529,1.05193,1.052,1.20,1.13
2012.03.21 08:32:20.889,1.05193,1.05201,1.20,2.63
2012.03.21 08:32:21.162,1.05193,1.05201,1.20,2.63
2012.03.21 08:32:21.444,1.05188,1.05197,1.20,1.50
2012.03.21 08:32:21.511,1.05187,1.05197,2.25,1.20
2012.03.21 08:32:22.260,1.05188,1.05197,1.50,1.20
2012.03.21 08:32:22.780,1.05188,1.05197,1.50,1.95
2012.03.21 08:32:23.836,1.05188,1.05198,3.75,1.50
2012.03.21 08:32:25.500,1.0519,1.052,1.50,2.25
2012.03.21 08:32:25.809,1.05187,1.05197,4.50,2.25
2012.03.21 08:32:26.360,1.05188,1.05198,2.25,1.20
2012.03.21 08:32:28.745,1.05188,1.052,3.45,3.94
2012.03.21 08:32:29.041,1.05191,1.05199,1.50,1.69
2012.03.21 08:32:29.112,1.05189,1.05199,1.50,1.69
2012.03.21 08:32:29.658,1.05188,1.05197,1.95,2.25
2012.03.21 08:32:30.208,1.05188,1.052,3.45,3.94
2012.03.21 08:32:30.358,1.05189,1.052,1.50,2.25
2012.03.21 08:32:30.920,1.05198,1.05203,2.25,1.50
2012.03.21 08:32:30.994,1.05198,1.05208,3.75,2.61
2012.03.21 08:32:31.282,1.05198,1.05209,1.50,1.88
2012.03.21 08:32:31.495,1.05194,1.05206,1.50,2.25
2012.03.21 08:32:32.032,1.05197,1.05207,1.50,3.00
2012.03.21 08:32:33.330,1.05197,1.05205,1.50,1.50
2012.03.21 08:32:33.869,1.05197,1.05207,1.50,3.00
2012.03.21 08:32:35.053,1.05197,1.05207,1.50,3.00
2012.03.21 08:32:35.839,1.05198,1.05209,2.25,3.00
2012.03.21 08:32:36.055,1.05198,1.0521,1.50,2.25
2012.03.21 08:32:36.482,1.05198,1.05209,2.25,1.50
2012.03.21 08:32:37.311,1.05198,1.0521,2.25,2.25
2012.03.21 08:32:37.525,1.05203,1.0521,1.20,2.25
2012.03.21 08:32:38.331,1.05203,1.05215,2.70,2.25
2012.03.21 08:32:38.891,1.05203,1.05213,1.95,1.50
2012.03.21 08:32:39.114,1.05202,1.05211,3.00,1.50
2012.03.21 08:32:39.473,1.05208,1.05217,4.50,2.70
2012.03.21 08:32:39.974,1.05208,1.05217,2.85,1.20
2012.03.21 08:32:40.479,1.05208,1.05218,4.80,1.50
2012.03.21 08:32:40.994,1.05209,1.05218,3.00,1.50
2012.03.21 08:32:41.474,1.05209,1.05218,1.50,1.50
2012.03.21 08:32:41.821,1.05209,1.05218,1.50,1.50
2012.03.21 08:32:42.248,1.05217,1.05221,3.45,1.50
2012.03.21 08:32:42.326,1.05217,1.05225,3.45,3.75
2012.03.21 08:32:42.991,1.05215,1.05222,3.19,1.20
2012.03.21 08:32:43.148,1.05211,1.05222,1.50,2.70
2012.03.21 08:32:43.574,1.05212,1.05224,3.45,1.50
2012.03.21 08:32:44.479,1.05218,1.05224,1.20,1.50
2012.03.21 08:32:44.902,1.05218,1.05228,3.45,1.50
2012.03.21 08:32:45.246,1.05218,1.05226,3.45,1.50
2012.03.21 08:32:45.596,1.05222,1.05228,5.40,1.50
2012.03.21 08:32:45.677,1.05225,1.0524,2.25,1.48
2012.03.21 08:32:45.965,1.05231,1.05241,1.50,1.50
2012.03.21 08:32:46.485,1.05228,1.05237,3.38,2.70
2012.03.21 08:32:46.854,1.05226,1.05236,2.63,1.50
2012.03.21 08:32:47.203,1.05228,1.05237,1.50,1.20
2012.03.21 08:32:48.081,1.05228,1.05237,1.53,1.20
2012.03.21 08:32:48.642,1.05225,1.05237,2.31,2.70
2012.03.21 08:32:49.818,1.05225,1.05237,4.00,3.45
2012.03.21 08:32:50.591,1.05224,1.05233,1.50,1.50
2012.03.21 08:32:50.673,1.05223,1.0523,1.20,1.50
2012.03.21 08:32:50.883,1.05218,1.05226,1.99,1.50
2012.03.21 08:32:51.637,1.05218,1.05229,1.20,3.00
2012.03.21 08:32:53.431,1.05218,1.05229,1.95,1.50
2012.03.21 08:32:54.249,1.05218,1.05229,1.95,1.50
2012.03.21 08:32:54.331,1.05218,1.05229,2.70,1.50
2012.03.21 08:32:54.849,1.05218,1.05229,2.70,1.50
2012.03.21 08:32:55.610,1.0522,1.0523,2.25,1.69
2012.03.21 08:32:56.263,1.05228,1.05235,2.70,2.15
2012.03.21 08:32:56.344,1.05228,1.05238,1.20,2.44
2012.03.21 08:32:57.230,1.05228,1.05237,1.20,1.50
2012.03.21 08:32:57.840,1.05228,1.05237,1.20,4.40
2012.03.21 08:32:57.987,1.05228,1.05237,1.20,2.25
2012.03.21 08:32:58.436,1.05219,1.05231,2.63,3.00
2012.03.21 08:32:58.809,1.05223,1.0523,1.20,2.63
2012.03.21 08:32:58.956,1.0522,1.05228,1.50,1.20
2012.03.21 08:32:59.103,1.05218,1.05228,1.13,1.95
2012.03.21 08:32:59.175,1.05218,1.05226,1.13,2.25
2012.03.21 08:32:59.463,1.05217,1.05229,6.08,3.38
2012.03.21 08:32:59.537,1.05217,1.05227,4.58,1.50
2012.03.21 08:33:00.062,1.05217,1.05229,5.70,3.00
2012.03.21 08:33:01.224,1.05217,1.05227,4.50,1.20
2012.03.21 08:33:01.879,1.05218,1.05228,2.70,2.25
2012.03.21 08:33:01.964,1.05218,1.0523,3.45,3.19
2012.03.21 08:33:02.105,1.05221,1.05231,1.50,3.19
2012.03.21 08:33:02.673,1.05222,1.05231,1.20,1.69
2012.03.21 08:33:02.875,1.05223,1.05233,1.50,3.75
2012.03.21 08:33:02.957,1.05225,1.05234,1.50,1.50
2012.03.21 08:33:03.291,1.05228,1.05236,1.50,2.25
2012.03.21 08:33:03.433,1.05225,1.05237,1.50,3.75
2012.03.21 08:33:04.275,1.05225,1.05237,1.50,2.25
2012.03.21 08:33:04.784,1.05223,1.05235,2.25,2.25
2012.03.21 08:33:05.294,1.05223,1.05235,3.00,2.25
2012.03.21 08:33:05.860,1.05223,1.05233,2.25,1.50
2012.03.21 08:33:06.412,1.05222,1.05231,1.20,2.25
2012.03.21 08:33:07.259,1.05222,1.05232,1.20,1.13
2012.03.21 08:33:07.859,1.05222,1.05233,1.20,2.25
2012.03.21 08:33:08.775,1.05224,1.05234,1.50,4.50
2012.03.21 08:33:09.191,1.05226,1.05236,1.50,3.75
2012.03.21 08:33:09.675,1.05226,1.05235,1.50,2.25
2012.03.21 08:33:09.756,1.05222,1.05231,1.20,1.50
2012.03.21 08:33:10.171,1.05223,1.05233,3.00,2.25
2012.03.21 08:33:10.700,1.05222,1.05234,3.45,2.25
2012.03.21 08:33:11.078,1.05222,1.05231,1.20,1.50
2012.03.21 08:33:11.635,1.05222,1.05231,1.95,1.50
2012.03.21 08:33:11.849,1.05222,1.05231,1.20,1.50
2012.03.21 08:33:12.664,1.05222,1.05231,1.95,1.50
2012.03.21 08:33:13.191,1.05222,1.05231,1.95,1.50
2012.03.21 08:33:14.250,1.05222,1.05231,1.95,1.50
2012.03.21 08:33:15.061,1.05222,1.05231,1.20,1.50
2012.03.21 08:33:15.722,1.05221,1.05231,3.75,2.25
2012.03.21 08:33:16.193,1.05219,1.05229,1.50,1.50
2012.03.21 08:33:16.521,1.05221,1.05228,1.50,1.20
2012.03.21 08:33:17.263,1.05221,1.05231,1.50,2.44
2012.03.21 08:33:17.972,1.05227,1.05234,2.25,1.50
2012.03.21 08:33:18.043,1.05225,1.05232,1.50,2.70
2012.03.21 08:33:18.113,1.05223,1.05232,1.50,3.30
2012.03.21 08:33:18.254,1.05219,1.05229,2.63,1.50
2012.03.21 08:33:18.400,1.05219,1.05229,2.25,1.50
2012.03.21 08:33:18.895,1.05221,1.05231,1.50,1.69
2012.03.21 08:33:20.755,1.05223,1.05231,1.20,1.69
2012.03.21 08:33:22.719,1.05221,1.05231,3.75,1.88
2012.03.21 08:33:22.971,1.05221,1.05228,3.75,1.20
2012.03.21 08:33:23.113,1.05219,1.05228,1.50,1.20
2012.03.21 08:33:23.661,1.05218,1.05228,2.25,1.20
2012.03.21 08:33:24.503,1.05218,1.05228,2.25,1.20
2012.03.21 08:33:25.030,1.05218,1.05228,1.50,1.20
2012.03.21 08:33:25.703,1.05218,1.05228,2.10,1.20
2012.03.21 08:33:25.920,1.05221,1.05228,1.50,1.20
2012.03.21 08:33:26.567,1.05223,1.05228,1.50,1.20
2012.03.21 08:33:28.245,1.05223,1.0523,1.50,1.20
2012.03.21 08:33:28.688,1.05223,1.0523,3.65,1.20
2012.03.21 08:33:29.051,1.0523,1.05239,1.50,2.25
2012.03.21 08:33:29.347,1.05228,1.05238,1.50,3.00
2012.03.21 08:33:29.713,1.05222,1.05229,1.88,1.20
2012.03.21 08:33:30.284,1.05218,1.05229,1.73,2.70
2012.03.21 08:33:30.494,1.05222,1.05229,1.50,1.20
2012.03.21 08:33:31.449,1.0522,1.05229,1.50,1.20
2012.03.21 08:33:32.532,1.05221,1.05229,1.50,1.20
2012.03.21 08:33:33.413,1.0522,1.05229,1.50,1.20
2012.03.21 08:33:34.685,1.05222,1.05229,1.50,1.20
2012.03.21 08:33:35.229,1.05222,1.0523,1.50,1.20
2012.03.21 08:33:35.578,1.05224,1.05234,2.44,3.75
2012.03.21 08:33:35.660,1.05226,1.05234,2.25,1.50
2012.03.21 08:33:35.741,1.05229,1.05239,1.50,3.45
2012.03.21 08:33:36.321,1.05231,1.05239,1.50,1.95
2012.03.21 08:33:36.401,1.05229,1.05239,1.50,3.45
2012.03.21 08:33:36.478,1.05227,1.05237,1.50,1.50
2012.03.21 08:33:37.491,1.05227,1.05236,1.50,1.20
2012.03.21 08:33:37.638,1.05225,1.05235,1.50,1.50
2012.03.21 08:33:38.400,1.05227,1.05235,2.25,1.50
2012.03.21 08:33:38.542,1.05228,1.0524,1.50,4.20
2012.03.21 08:33:39.993,1.05228,1.05235,1.50,1.20
2012.03.21 08:33:40.559,1.05225,1.05235,1.50,2.70
2012.03.21 08:33:40.707,1.05227,1.05235,1.50,1.20
2012.03.21 08:33:41.057,1.05225,1.05235,1.50,2.70
2012.03.21 08:33:42.307,1.05227,1.05235,1.50,1.20
2012.03.21 08:33:42.981,1.05224,1.05234,3.00,1.50
2012.03.21 08:33:43.314,1.05226,1.05235,1.50,1.20
2012.03.21 08:33:44.473,1.05223,1.05235,2.25,2.70
2012.03.21 08:33:48.213,1.05223,1.05234,1.50,1.13
2012.03.21 08:33:48.538,1.0522,1.0523,1.50,1.50
2012.03.21 08:33:50.452,1.05221,1.05233,1.50,4.40
2012.03.21 08:33:50.802,1.05221,1.05229,1.50,1.20
2012.03.21 08:33:51.311,1.0522,1.05229,3.00,1.20
2012.03.21 08:33:51.649,1.05222,1.05229,1.50,1.20
2012.03.21 08:33:52.152,1.05221,1.05229,1.50,1.20
2012.03.21 08:33:55.250,1.05223,1.05229,1.50,1.20
2012.03.21 08:33:55.766,1.05224,1.05233,2.14,1.50
2012.03.21 08:33:55.910,1.05227,1.05233,2.25,1.50
2012.03.21 08:33:56.101,1.05223,1.05233,3.00,1.50
2012.03.21 08:33:56.531,1.05227,1.05234,1.50,1.20
2012.03.21 08:33:56.659,1.05221,1.05232,2.25,1.50
2012.03.21 08:33:57.084,1.05223,1.05234,2.25,1.20
2012.03.21 08:33:57.436,1.05226,1.05234,1.50,1.20
2012.03.21 08:33:58.316,1.05226,1.05236,3.94,1.50
2012.03.21 08:33:58.403,1.05228,1.05238,1.50,1.50
2012.03.21 08:33:58.954,1.05229,1.05239,1.50,1.20
2012.03.21 08:34:00.153,1.05227,1.05239,1.50,2.70
2012.03.21 08:34:00.539,1.05227,1.05239,1.50,5.98
2012.03.21 08:34:00.903,1.05219,1.05229,2.90,1.50
2012.03.21 08:34:00.974,1.05218,1.05229,1.62,1.50
2012.03.21 08:34:01.660,1.05219,1.0523,2.63,2.70
2012.03.21 08:34:02.436,1.0522,1.05231,1.20,1.50
2012.03.21 08:34:02.712,1.05222,1.05232,1.50,1.50
2012.03.21 08:34:04.971,1.0522,1.0523,3.45,1.50
2012.03.21 08:34:05.302,1.05223,1.05232,1.20,5.90
2012.03.21 08:34:05.861,1.05223,1.05232,1.20,1.50
2012.03.21 08:34:07.098,1.05223,1.0523,1.20,1.50
2012.03.21 08:34:09.951,1.05226,1.0523,1.20,1.50
2012.03.21 08:34:10.020,1.05226,1.05232,1.20,1.50
2012.03.21 08:34:10.107,1.05226,1.05234,1.20,1.50
2012.03.21 08:34:10.252,1.05227,1.05232,2.25,1.20
2012.03.21 08:34:10.321,1.05225,1.05232,1.50,1.20
2012.03.21 08:34:10.399,1.05223,1.05232,1.50,1.20
2012.03.21 08:34:10.541,1.05218,1.05228,4.95,1.50
2012.03.21 08:34:11.275,1.05221,1.05232,1.50,1.20
2012.03.21 08:34:11.693,1.05221,1.05232,1.50,2.70
2012.03.21 08:34:12.042,1.05219,1.05224,1.50,1.13
2012.03.21 08:34:12.260,1.05215,1.05222,1.50,1.50
2012.03.21 08:34:12.336,1.05212,1.0522,1.20,1.50
2012.03.21 08:34:12.844,1.05208,1.05218,1.69,1.50
2012.03.21 08:34:12.980,1.05209,1.05221,1.50,1.50
2012.03.21 08:34:16.139,1.05212,1.05221,1.20,1.50
2012.03.21 08:34:16.659,1.05212,1.05222,2.70,1.50
2012.03.21 08:34:16.979,1.05212,1.0522,1.20,1.50
2012.03.21 08:34:17.552,1.05217,1.05223,2.25,3.00
2012.03.21 08:34:17.991,1.05217,1.05225,2.25,1.50
2012.03.21 08:34:18.331,1.05217,1.05227,2.25,2.63
2012.03.21 08:34:18.753,1.05219,1.05229,1.50,1.50
2012.03.21 08:34:19.548,1.05218,1.05228,1.50,1.50
2012.03.21 08:34:21.395,1.05218,1.05226,1.50,1.50
2012.03.21 08:34:21.481,1.05217,1.05224,1.20,1.50
2012.03.21 08:34:21.616,1.05217,1.05227,1.20,1.50
2012.03.21 08:34:21.698,1.05217,1.05229,2.70,3.75
2012.03.21 08:34:22.059,1.05222,1.05231,1.50,1.39
2012.03.21 08:34:22.412,1.0522,1.0523,1.50,1.50
2012.03.21 08:34:22.483,1.05223,1.05232,1.50,1.39
2012.03.21 08:34:23.016,1.05222,1.05232,1.50,2.89
2012.03.21 08:34:23.553,1.05222,1.05232,1.50,2.70
2012.03.21 08:34:25.892,1.05219,1.05231,1.50,1.50
2012.03.21 08:34:27.327,1.05219,1.05229,1.50,1.50
2012.03.21 08:34:27.549,1.05216,1.05227,1.50,1.95
2012.03.21 08:34:27.628,1.05215,1.05225,1.50,1.50
2012.03.21 08:34:28.144,1.05213,1.05223,3.45,1.50
2012.03.21 08:34:28.482,1.05219,1.0523,1.50,1.50
2012.03.21 08:34:28.693,1.05216,1.05228,4.50,2.70
2012.03.21 08:34:28.763,1.05216,1.05226,4.50,1.50
2012.03.21 08:34:29.100,1.05212,1.05223,2.70,1.50
2012.03.21 08:34:29.521,1.05214,1.05226,1.50,1.50
2012.03.21 08:34:30.277,1.05218,1.05228,1.50,1.50
2012.03.21 08:34:30.493,1.05219,1.05231,1.50,3.19
2012.03.21 08:34:30.897,1.05217,1.05227,5.70,1.50
2012.03.21 08:34:31.253,1.05221,1.05231,1.50,1.50
2012.03.21 08:34:33.517,1.05228,1.05233,1.20,2.44
2012.03.21 08:34:33.668,1.05228,1.05236,1.20,3.65
2012.03.21 08:34:33.750,1.05227,1.05236,2.25,1.50
2012.03.21 08:34:34.300,1.05226,1.05237,2.25,1.80
2012.03.21 08:34:34.452,1.05229,1.05237,1.50,1.80
2012.03.21 08:34:34.534,1.05229,1.05239,1.50,2.25
2012.03.21 08:34:34.744,1.0523,1.05242,1.50,3.83
2012.03.21 08:34:35.086,1.05229,1.05239,1.50,1.50
2012.03.21 08:34:35.603,1.05228,1.05237,1.20,1.50
2012.03.21 08:34:36.489,1.05227,1.05237,1.50,2.70
2012.03.21 08:34:36.991,1.05228,1.05237,1.50,1.20
2012.03.21 08:34:37.250,1.05225,1.05237,2.44,2.70
2012.03.21 08:34:37.929,1.0523,1.05241,1.50,1.13
2012.03.21 08:34:38.340,1.05229,1.05239,1.50,1.50
2012.03.21 08:34:38.494,1.0523,1.05242,1.50,2.63
2012.03.21 08:34:39.012,1.05236,1.05242,1.20,2.44
2012.03.21 08:34:39.506,1.05239,1.05248,1.50,1.80
2012.03.21 08:34:39.731,1.05239,1.05248,1.50,2.55
2012.03.21 08:34:39.922,1.05235,1.05244,1.50,2.70
2012.03.21 08:34:40.343,1.05236,1.05246,2.25,2.25
2012.03.21 08:34:40.869,1.05237,1.05247,1.50,1.50
2012.03.21 08:34:41.975,1.05238,1.05248,1.50,1.20
2012.03.21 08:34:42.551,1.05237,1.05247,1.50,1.50
2012.03.21 08:34:45.512,1.05237,1.05245,1.50,1.50
2012.03.21 08:34:45.585,1.05232,1.05243,1.20,1.50
2012.03.21 08:34:45.874,1.05232,1.0524,1.20,1.50
2012.03.21 08:34:46.996,1.05232,1.05242,1.20,1.50
2012.03.21 08:34:47.070,1.05233,1.05244,1.50,1.50
2012.03.21 08:34:47.636,1.05233,1.05245,2.25,1.50
2012.03.21 08:34:47.715,1.05232,1.05242,2.70,1.50
2012.03.21 08:34:49.084,1.05232,1.05242,3.45,1.50
2012.03.21 08:34:49.223,1.05235,1.05244,1.50,1.50
2012.03.21 08:34:49.291,1.05235,1.05247,1.50,1.69
2012.03.21 08:34:49.749,1.05234,1.05244,2.25,1.50
2012.03.21 08:34:50.587,1.05232,1.05242,2.70,1.50
2012.03.21 08:34:50.945,1.05229,1.05241,3.23,1.50
2012.03.21 08:34:51.100,1.05229,1.05239,1.13,1.50
2012.03.21 08:34:51.456,1.05236,1.0524,2.25,1.50
2012.03.21 08:34:52.051,1.05232,1.05242,1.95,1.50
2012.03.21 08:34:52.606,1.0523,1.05242,1.50,2.70
2012.03.21 08:34:52.756,1.05232,1.0524,1.20,1.50
2012.03.21 08:34:52.907,1.05232,1.05243,1.20,1.69
2012.03.21 08:34:53.491,1.05232,1.05243,1.20,2.44
2012.03.21 08:34:53.576,1.0523,1.05241,1.50,1.50
2012.03.21 08:34:53.725,1.05232,1.05241,1.20,1.50
2012.03.21 08:34:54.268,1.05232,1.05242,2.70,1.50
2012.03.21 08:34:55.435,1.05234,1.05242,1.50,1.50
2012.03.21 08:34:55.513,1.05238,1.05248,1.50,2.55
2012.03.21 08:34:56.113,1.05237,1.05247,1.50,1.50
2012.03.21 08:34:57.700,1.05237,1.05242,1.50,1.20
2012.03.21 08:34:57.902,1.05235,1.05242,1.50,1.20
2012.03.21 08:34:57.975,1.05233,1.05242,1.50,1.20
2012.03.21 08:34:58.323,1.05232,1.05244,3.45,1.50
2012.03.21 08:34:58.451,1.05236,1.05246,1.50,1.50
2012.03.21 08:35:00.951,1.05234,1.05244,1.50,1.50
2012.03.21 08:35:02.444,1.05239,1.05248,1.50,2.70
2012.03.21 08:35:02.521,1.05236,1.05248,1.50,5.25
2012.03.21 08:35:02.924,1.05234,1.05246,1.50,1.50
2012.03.21 08:35:03.345,1.05232,1.05244,2.89,1.50
2012.03.21 08:35:03.705,1.0524,1.05248,1.50,1.50
2012.03.21 08:35:04.154,1.05237,1.05244,1.50,1.50
2012.03.21 08:35:04.227,1.05234,1.05244,1.50,1.50
2012.03.21 08:35:05.005,1.05235,1.05247,1.50,4.02
2012.03.21 08:35:05.158,1.05233,1.05245,2.70,1.88
2012.03.21 08:35:05.452,1.05233,1.05242,1.20,1.50
2012.03.21 08:35:06.001,1.05232,1.05242,1.50,2.70
2012.03.21 08:35:06.496,1.05236,1.05248,1.50,4.20
2012.03.21 08:35:07.041,1.05235,1.05245,1.50,1.50
2012.03.21 08:35:08.751,1.05232,1.05244,3.45,1.50
2012.03.21 08:35:09.294,1.05232,1.05244,3.45,1.50
2012.03.21 08:35:10.550,1.05232,1.05244,3.45,1.50
2012.03.21 08:35:11.013,1.05237,1.05244,1.20,1.50
2012.03.21 08:35:11.150,1.05237,1.05246,1.20,1.50
2012.03.21 08:35:11.225,1.05236,1.05242,3.75,1.20
2012.03.21 08:35:11.443,1.05231,1.05241,1.88,1.50
2012.03.21 08:35:11.581,1.05228,1.05238,4.95,1.50
2012.03.21 08:35:12.006,1.05228,1.05236,2.33,1.50
2012.03.21 08:35:12.366,1.05229,1.05239,1.88,1.50
2012.03.21 08:35:12.854,1.05231,1.05241,1.50,1.50
2012.03.21 08:35:14.230,1.05232,1.05242,1.20,1.50
2012.03.21 08:35:14.737,1.05233,1.05243,1.50,1.50
2012.03.21 08:35:16.017,1.05233,1.05243,2.25,1.69
2012.03.21 08:35:16.362,1.05233,1.05243,3.38,1.50
2012.03.21 08:35:16.511,1.05239,1.05248,1.50,1.39
2012.03.21 08:35:16.726,1.05236,1.05246,2.25,1.50
2012.03.21 08:35:16.930,1.05237,1.05248,1.50,1.39
2012.03.21 08:35:17.749,1.05234,1.05246,2.25,1.50
2012.03.21 08:35:18.306,1.05234,1.05246,2.25,1.50
2012.03.21 08:35:18.386,1.05234,1.05246,2.25,1.50
2012.03.21 08:35:18.856,1.05233,1.05242,2.63,1.50
2012.03.21 08:35:19.003,1.05238,1.05248,1.50,2.89
2012.03.21 08:35:19.275,1.05238,1.05245,1.50,2.15
2012.03.21 08:35:19.671,1.05232,1.0524,1.95,1.50
2012.03.21 08:35:19.879,1.05232,1.05243,1.20,1.88
2012.03.21 08:35:20.403,1.05232,1.05243,1.95,1.50
2012.03.21 08:35:21.348,1.05232,1.05243,1.95,1.50
2012.03.21 08:35:21.481,1.05232,1.05243,1.95,1.50
2012.03.21 08:35:22.659,1.05232,1.05241,1.95,1.50
2012.03.21 08:35:23.954,1.05232,1.05242,3.45,3.00
2012.03.21 08:35:31.194,1.05232,1.05242,3.45,1.50
2012.03.21 08:35:32.070,1.05232,1.05242,3.45,1.50
2012.03.21 08:35:32.638,1.05232,1.05242,3.45,1.50
2012.03.21 08:35:32.969,1.05232,1.05242,3.45,1.50
2012.03.21 08:35:35.269,1.05232,1.05242,3.45,1.50
2012.03.21 08:35:35.834,1.05231,1.05241,2.25,1.50
2012.03.21 08:35:35.905,1.05229,1.05241,2.25,1.50
2012.03.21 08:35:36.115,1.05228,1.05239,1.88,1.50
2012.03.21 08:35:36.438,1.05233,1.05242,1.20,1.50
2012.03.21 08:35:38.079,1.05233,1.05243,2.70,1.50
2012.03.21 08:35:38.619,1.05233,1.05243,3.45,1.50
2012.03.21 08:35:39.150,1.05233,1.0524,1.95,1.50
2012.03.21 08:35:39.496,1.05231,1.05238,2.25,1.54
2012.03.21 08:35:39.573,1.0523,1.05235,1.50,1.20
2012.03.21 08:35:40.017,1.05233,1.05239,1.20,1.50
2012.03.21 08:35:40.094,1.05234,1.05244,1.50,1.88
2012.03.21 08:35:40.233,1.05234,1.05244,1.50,1.50
2012.03.21 08:35:40.739,1.05233,1.05243,1.20,1.50
2012.03.21 08:35:45.617,1.05234,1.05244,1.50,1.50
2012.03.21 08:35:46.163,1.05233,1.05242,1.95,1.50
2012.03.21 08:35:52.436,1.05232,1.05242,1.50,2.70
2012.03.21 08:35:52.821,1.05229,1.05241,1.88,1.50
2012.03.21 08:35:52.904,1.05228,1.05239,4.10,1.50
2012.03.21 08:35:53.448,1.05228,1.05238,5.60,1.50
2012.03.21 08:35:53.773,1.05229,1.05241,1.88,1.50
2012.03.21 08:35:53.983,1.05228,1.05238,5.60,1.50
2012.03.21 08:35:55.170,1.05228,1.05238,3.64,1.50
2012.03.21 08:35:56.386,1.05228,1.05238,3.45,1.88
2012.03.21 08:35:56.742,1.05226,1.05232,2.25,1.20
2012.03.21 08:35:57.600,1.05222,1.05232,1.69,2.70
2012.03.21 08:35:58.645,1.05223,1.05235,1.50,2.63
2012.03.21 08:35:58.990,1.05222,1.05233,1.20,1.50
2012.03.21 08:36:00.942,1.05221,1.05226,4.50,1.20
2012.03.21 08:36:01.210,1.05214,1.05223,2.25,2.25
2012.03.21 08:36:01.593,1.05214,1.05226,3.00,2.70
2012.03.21 08:36:01.674,1.05215,1.05226,1.13,2.70
2012.03.21 08:36:01.744,1.05215,1.05223,1.13,1.50
2012.03.21 08:36:01.880,1.05215,1.05225,2.63,1.50
2012.03.21 08:36:02.217,1.05219,1.05227,1.50,1.58
2012.03.21 08:36:03.265,1.05219,1.05227,1.50,1.20
2012.03.21 08:36:06.991,1.05216,1.05226,2.63,1.50
2012.03.21 08:36:07.539,1.05216,1.05227,2.63,1.20
2012.03.21 08:36:09.073,1.05216,1.05227,2.25,1.58
2012.03.21 08:36:09.558,1.05209,1.05217,3.00,1.20
2012.03.21 08:36:10.055,1.05207,1.05217,2.44,1.20
2012.03.21 08:36:10.262,1.05208,1.05219,1.95,1.50
2012.03.21 08:36:10.682,1.05209,1.05221,1.50,1.50
2012.03.21 08:36:11.244,1.05208,1.05219,1.95,1.50
2012.03.21 08:36:11.801,1.05209,1.05219,1.50,1.50
2012.03.21 08:36:12.132,1.05209,1.05217,1.50,1.20
2012.03.21 08:36:12.321,1.05207,1.05217,2.44,2.70
2012.03.21 08:36:13.047,1.05208,1.05217,1.50,1.20
2012.03.21 08:36:13.711,1.05207,1.05217,2.44,2.70
2012.03.21 08:36:14.269,1.05207,1.05217,2.44,1.50
2012.03.21 08:36:14.785,1.05207,1.05218,2.44,1.20
2012.03.21 08:36:15.401,1.05207,1.05218,2.44,1.20
2012.03.21 08:36:15.554,1.05206,1.05216,2.25,1.50
2012.03.21 08:36:15.909,1.05202,1.05212,1.20,1.50
2012.03.21 08:36:16.133,1.05199,1.05207,1.32,1.50
2012.03.21 08:36:16.343,1.05202,1.0521,1.20,1.50
2012.03.21 08:36:16.414,1.05202,1.05212,2.70,1.50
2012.03.21 08:36:17.377,1.05202,1.0521,1.20,1.50
2012.03.21 08:36:20.247,1.05202,1.05213,1.20,3.19
2012.03.21 08:36:20.743,1.05201,1.0521,2.25,1.50
2012.03.21 08:36:21.268,1.052,1.0521,1.50,1.50
2012.03.21 08:36:21.801,1.052,1.0521,1.50,2.25
2012.03.21 08:36:23.623,1.05198,1.05208,3.45,1.50
2012.03.21 08:36:24.021,1.052,1.0521,1.50,2.25
2012.03.21 08:36:24.179,1.05198,1.05209,3.45,2.25
2012.03.21 08:36:24.740,1.05199,1.05211,1.50,3.75
2012.03.21 08:36:26.794,1.05199,1.05211,2.25,2.25
2012.03.21 08:36:27.062,1.05199,1.05208,2.25,1.20
2012.03.21 08:36:27.268,1.05199,1.05211,1.50,3.00
2012.03.21 08:36:27.414,1.05199,1.05209,1.50,1.50
2012.03.21 08:36:28.342,1.05199,1.05208,1.50,1.20
2012.03.21 08:36:28.892,1.05199,1.05209,1.50,1.50
2012.03.21 08:36:29.243,1.05197,1.05208,1.95,2.25
2012.03.21 08:36:29.972,1.05197,1.05208,4.20,2.25
2012.03.21 08:36:30.585,1.05197,1.05208,4.20,3.75
2012.03.21 08:36:31.086,1.05198,1.05209,2.25,2.25
2012.03.21 08:36:33.072,1.05199,1.05209,1.50,2.25
2012.03.21 08:36:34.267,1.05197,1.05207,5.70,1.50
2012.03.21 08:36:34.410,1.05199,1.05209,1.50,3.00
2012.03.21 08:36:34.682,1.05203,1.05209,1.20,1.50
2012.03.21 08:36:34.894,1.05203,1.05212,1.20,1.32
2012.03.21 08:36:36.302,1.05201,1.05211,2.25,1.50
2012.03.21 08:36:36.652,1.05199,1.05211,1.50,1.50
2012.03.21 08:36:36.724,1.05199,1.05211,1.50,2.25
2012.03.21 08:36:37.244,1.05198,1.05208,5.70,1.50
2012.03.21 08:36:38.386,1.05199,1.05209,1.50,2.25
2012.03.21 08:36:39.180,1.05198,1.05205,4.20,1.50
2012.03.21 08:36:39.322,1.05198,1.05207,4.20,1.50
2012.03.21 08:36:40.398,1.05198,1.0521,4.95,2.25
2012.03.21 08:36:40.472,1.05198,1.05206,3.45,1.50
2012.03.21 08:36:41.054,1.05198,1.05208,4.95,3.00
2012.03.21 08:36:41.127,1.052,1.0521,1.50,2.25
2012.03.21 08:36:41.201,1.05198,1.05209,4.95,2.25
2012.03.21 08:36:41.341,1.05198,1.05206,3.45,1.50
2012.03.21 08:36:42.339,1.05198,1.05208,3.45,1.50
2012.03.21 08:36:42.950,1.05199,1.05209,1.50,2.25
2012.03.21 08:36:43.592,1.05198,1.05208,3.45,1.50
2012.03.21 08:36:44.533,1.05198,1.05205,2.25,1.50
2012.03.21 08:36:45.492,1.05199,1.05208,1.50,1.58
2012.03.21 08:36:46.059,1.052,1.0521,1.50,1.50
2012.03.21 08:36:46.416,1.052,1.0521,1.50,2.25
2012.03.21 08:36:46.849,1.05198,1.05207,2.25,1.20
2012.03.21 08:36:47.372,1.05197,1.05206,1.13,1.50
2012.03.21 08:36:47.705,1.052,1.05207,1.50,1.20
2012.03.21 08:36:47.900,1.05198,1.05207,2.25,1.20
2012.03.21 08:36:50.422,1.05197,1.05207,2.44,1.20
2012.03.21 08:36:50.978,1.05196,1.05206,2.44,1.50
2012.03.21 08:36:51.491,1.05199,1.05207,1.50,1.58
2012.03.21 08:36:51.924,1.05197,1.05208,2.14,1.88
2012.03.21 08:36:52.329,1.05198,1.0521,3.75,2.25
2012.03.21 08:36:52.404,1.05202,1.05211,1.50,2.10
2012.03.21 08:36:52.675,1.05198,1.05207,3.00,1.50
2012.03.21 08:36:53.182,1.05199,1.05209,1.50,2.25
2012.03.21 08:36:53.692,1.052,1.05207,1.50,1.20
2012.03.21 08:36:53.841,1.05196,1.05207,2.25,1.20
2012.03.21 08:36:54.379,1.05197,1.05208,3.45,1.50
2012.03.21 08:36:54.977,1.05199,1.05209,1.50,2.25
2012.03.21 08:36:55.330,1.05201,1.05211,1.50,3.00
2012.03.21 08:36:55.400,1.05201,1.05211,1.50,3.00
2012.03.21 08:36:55.471,1.05198,1.05208,1.50,1.20
2012.03.21 08:36:55.684,1.05193,1.05205,3.75,1.50
2012.03.21 08:36:56.012,1.052,1.05208,1.50,1.20
2012.03.21 08:36:56.612,1.05197,1.05207,1.50,1.50
2012.03.21 08:36:57.218,1.05197,1.05208,2.25,1.20
2012.03.21 08:36:57.761,1.05196,1.05207,1.13,1.50
2012.03.21 08:36:58.009,1.05198,1.05208,1.50,2.70
2012.03.21 08:36:58.688,1.05195,1.05207,1.88,1.50
2012.03.21 08:36:58.978,1.05192,1.05204,4.40,2.70
2012.03.21 08:36:59.565,1.0519,1.05199,1.20,1.50
2012.03.21 08:36:59.651,1.05191,1.05201,1.50,1.50
2012.03.21 08:37:00.112,1.05192,1.05203,1.50,2.25
2012.03.21 08:37:00.970,1.05193,1.05203,1.20,2.25
2012.03.21 08:37:03.291,1.05195,1.05207,1.50,4.20
2012.03.21 08:37:03.678,1.052,1.05207,1.50,1.95
2012.03.21 08:37:03.761,1.052,1.05208,1.50,1.50
2012.03.21 08:37:04.278,1.05202,1.05208,1.50,1.50
2012.03.21 08:37:04.510,1.05199,1.05208,1.50,1.50
2012.03.21 08:37:05.916,1.05197,1.05209,3.45,3.00
2012.03.21 08:37:08.201,1.05197,1.05206,2.25,1.95
2012.03.21 08:37:08.392,1.05193,1.05203,3.00,2.25
2012.03.21 08:37:08.674,1.05195,1.05205,2.25,3.00
2012.03.21 08:37:08.882,1.052,1.05206,1.50,1.95
2012.03.21 08:37:09.644,1.05197,1.05208,1.50,2.33
2012.03.21 08:37:10.174,1.05197,1.05208,1.50,1.95
2012.03.21 08:37:12.413,1.05198,1.05208,2.25,1.95
2012.03.21 08:37:12.620,1.052,1.05208,1.50,1.50
2012.03.21 08:37:13.144,1.05199,1.05209,3.00,2.25
2012.03.21 08:37:14.500,1.05199,1.05207,1.50,1.20
2012.03.21 08:37:14.699,1.05197,1.05207,2.44,2.70
2012.03.21 08:37:18.739,1.05199,1.05207,1.50,1.20
2012.03.21 08:37:19.478,1.05198,1.05207,1.50,1.20
2012.03.21 08:37:20.111,1.05196,1.05207,2.44,1.20
2012.03.21 08:37:20.986,1.05196,1.05207,2.44,2.55
2012.03.21 08:37:21.341,1.05191,1.05201,2.25,3.75
2012.03.21 08:37:21.412,1.0519,1.05197,1.13,1.50
2012.03.21 08:37:21.691,1.0519,1.052,1.13,1.50
2012.03.21 08:37:22.221,1.05191,1.05201,1.50,2.25
2012.03.21 08:37:23.670,1.05188,1.052,5.60,1.50
2012.03.21 08:37:24.230,1.05188,1.052,5.60,2.25
2012.03.21 08:37:24.742,1.05188,1.052,5.60,2.25
2012.03.21 08:37:24.871,1.05188,1.052,5.60,1.50
2012.03.21 08:37:25.449,1.05191,1.05201,1.50,1.50
2012.03.21 08:37:28.061,1.05192,1.05202,1.50,1.20
2012.03.21 08:37:28.571,1.05192,1.05204,1.50,3.68
2012.03.21 08:37:28.771,1.0519,1.05202,1.50,1.50
2012.03.21 08:37:31.244,1.05189,1.05199,1.50,1.50
2012.03.21 08:37:35.822,1.05191,1.05201,1.50,1.50
2012.03.21 08:37:36.934,1.05193,1.05201,1.80,1.50
2012.03.21 08:37:37.380,1.05195,1.05202,1.13,1.20
2012.03.21 08:37:37.590,1.05199,1.05207,1.50,1.58
2012.03.21 08:37:37.999,1.05197,1.05207,2.25,3.08
2012.03.21 08:37:38.143,1.05199,1.05207,1.50,1.58
2012.03.21 08:37:38.700,1.05199,1.05207,1.50,1.58
2012.03.21 08:37:38.963,1.05197,1.05207,2.44,2.70
2012.03.21 08:37:40.530,1.05197,1.05207,1.69,3.45
2012.03.21 08:37:41.521,1.05197,1.05207,2.44,2.70
2012.03.21 08:37:42.819,1.05199,1.05208,1.50,1.13
2012.03.21 08:37:43.162,1.05193,1.05203,4.73,1.50
2012.03.21 08:37:48.841,1.05195,1.05204,2.25,1.13
2012.03.21 08:37:48.980,1.05196,1.05207,2.25,1.58
2012.03.21 08:37:49.268,1.05198,1.0521,1.50,3.00
2012.03.21 08:37:49.344,1.05203,1.05211,1.50,3.60
2012.03.21 08:37:49.730,1.052,1.05211,1.50,1.13
2012.03.21 08:37:50.234,1.052,1.05212,1.50,3.00
2012.03.21 08:37:50.370,1.052,1.05212,1.50,3.00
2012.03.21 08:37:51.496,1.05199,1.05209,1.50,1.50
2012.03.21 08:37:52.801,1.05199,1.05209,1.50,2.25
2012.03.21 08:37:53.368,1.05201,1.05211,1.50,3.00
2012.03.21 08:37:54.124,1.05201,1.05211,1.50,3.00
2012.03.21 08:37:59.571,1.05201,1.05211,1.50,2.25
2012.03.21 08:38:05.261,1.05202,1.05214,1.50,3.45
2012.03.21 08:38:05.495,1.05205,1.05215,1.50,5.33
2012.03.21 08:38:05.914,1.05203,1.05214,1.20,1.50
2012.03.21 08:38:05.985,1.05205,1.05215,1.50,1.50
2012.03.21 08:38:06.617,1.05205,1.05215,4.40,1.50
2012.03.21 08:38:06.689,1.05206,1.05217,2.25,1.95
2012.03.21 08:38:07.019,1.05206,1.05215,3.00,1.50
2012.03.21 08:38:07.530,1.05206,1.05214,1.50,1.50
2012.03.21 08:38:08.053,1.05207,1.05214,2.15,1.50
2012.03.21 08:38:08.509,1.05203,1.05214,2.33,1.50
2012.03.21 08:38:11.480,1.05202,1.05214,1.50,2.70
2012.03.21 08:38:11.692,1.05201,1.05211,1.50,3.75
2012.03.21 08:38:12.020,1.05198,1.05208,3.64,1.50
2012.03.21 08:38:12.398,1.052,1.0521,1.50,2.25
2012.03.21 08:38:13.889,1.05201,1.05213,1.50,4.20
2012.03.21 08:38:13.968,1.05199,1.05211,1.50,1.50
2012.03.21 08:38:18.640,1.05199,1.05211,1.50,2.25
2012.03.21 08:38:18.711,1.05199,1.05208,1.50,1.20
2012.03.21 08:38:18.914,1.05196,1.05208,2.63,2.70
2012.03.21 08:38:19.541,1.05198,1.05208,1.50,1.20
2012.03.21 08:38:19.752,1.05198,1.0521,2.70,1.50
2012.03.21 08:38:19.964,1.05198,1.05208,1.50,1.20
2012.03.21 08:38:20.551,1.05197,1.05207,1.50,1.50
2012.03.21 08:38:24.488,1.05199,1.05208,1.50,1.20
2012.03.21 08:38:25.252,1.05199,1.05203,1.50,1.20
2012.03.21 08:38:25.404,1.05193,1.05203,4.02,3.30
2012.03.21 08:38:25.875,1.05188,1.05198,1.50,2.70
2012.03.21 08:38:28.836,1.05188,1.05198,1.50,2.52
2012.03.21 08:38:28.983,1.05184,1.05194,2.25,1.50
2012.03.21 08:38:29.650,1.05185,1.05197,1.50,2.25
2012.03.21 08:38:29.853,1.05187,1.05198,1.50,3.08
2012.03.21 08:38:31.913,1.05187,1.05198,1.50,3.08
2012.03.21 08:38:31.979,1.05183,1.05195,1.69,1.50
2012.03.21 08:38:34.241,1.05183,1.05195,1.50,2.63
2012.03.21 08:38:34.806,1.0518,1.0519,3.65,1.50
2012.03.21 08:38:34.953,1.0518,1.0519,1.69,1.50
2012.03.21 08:38:35.149,1.05178,1.05188,4.50,1.50
2012.03.21 08:38:35.220,1.05179,1.05191,1.69,1.50
2012.03.21 08:38:36.160,1.05179,1.05191,1.69,3.00
2012.03.21 08:38:36.351,1.05176,1.05186,2.33,1.50
2012.03.21 08:38:36.621,1.05179,1.0519,1.50,1.95
2012.03.21 08:38:37.159,1.05182,1.0519,1.50,1.20
2012.03.21 08:38:37.239,1.0518,1.0519,1.50,2.70
2012.03.21 08:38:40.651,1.05182,1.05192,1.50,1.20
2012.03.21 08:38:41.623,1.0518,1.0519,1.50,1.50
2012.03.21 08:38:42.191,1.05181,1.05192,1.50,1.20
2012.03.21 08:38:43.709,1.05181,1.05192,1.50,1.95
2012.03.21 08:38:44.329,1.05181,1.05192,1.50,2.14
2012.03.21 08:38:44.950,1.05182,1.05193,1.20,3.57
2012.03.21 08:38:45.488,1.05186,1.05196,1.50,2.89
2012.03.21 08:38:45.843,1.05188,1.05195,1.20,1.73
2012.03.21 08:38:45.981,1.05188,1.05199,4.95,1.13
2012.03.21 08:38:46.442,1.05185,1.05197,1.88,2.70
2012.03.21 08:38:46.515,1.05188,1.05197,1.50,1.95
2012.03.21 08:38:47.031,1.05188,1.05195,1.20,1.50
2012.03.21 08:38:47.114,1.05186,1.05198,1.50,2.70
2012.03.21 08:38:47.688,1.05185,1.05197,2.25,2.25
2012.03.21 08:38:48.199,1.05186,1.05196,1.50,1.50
2012.03.21 08:38:49.970,1.05186,1.05196,1.50,2.25
2012.03.21 08:38:50.044,1.05183,1.05193,2.25,1.50
2012.03.21 08:38:52.653,1.05185,1.05195,1.50,2.25
2012.03.21 08:38:52.988,1.05193,1.05199,1.50,3.38
2012.03.21 08:38:53.278,1.05195,1.05203,1.50,1.88
2012.03.21 08:38:53.725,1.052,1.05207,1.50,3.83
2012.03.21 08:38:54.293,1.052,1.05205,1.50,1.13
2012.03.21 08:38:54.368,1.05195,1.05206,1.50,1.13
2012.03.21 08:38:54.896,1.05195,1.05207,1.50,5.93
2012.03.21 08:38:55.481,1.05195,1.05207,2.25,3.08
2012.03.21 08:38:55.833,1.05198,1.05207,1.50,1.20
2012.03.21 08:39:01.149,1.05198,1.05203,1.50,1.20
2012.03.21 08:39:01.362,1.05194,1.05203,1.50,1.20
2012.03.21 08:39:01.502,1.05198,1.05205,1.20,2.25
2012.03.21 08:39:01.784,1.05198,1.05206,2.25,3.00
2012.03.21 08:39:01.922,1.05197,1.05204,1.50,1.20
2012.03.21 08:39:02.450,1.05195,1.05204,1.50,1.95
2012.03.21 08:39:02.525,1.05192,1.05203,1.50,1.13
2012.03.21 08:39:02.676,1.05194,1.05203,1.50,1.13
2012.03.21 08:39:03.262,1.05192,1.05202,1.50,1.20
2012.03.21 08:39:05.581,1.05198,1.05205,2.25,1.50
2012.03.21 08:39:05.651,1.05198,1.05207,3.75,1.50
2012.03.21 08:39:05.932,1.052,1.05208,1.50,1.20
2012.03.21 08:39:06.449,1.05199,1.05208,1.50,1.95
2012.03.21 08:39:07.028,1.05199,1.05208,1.50,1.95
2012.03.21 08:39:08.750,1.05199,1.05208,1.50,1.95
2012.03.21 08:39:09.278,1.05199,1.05208,1.50,1.95
2012.03.21 08:39:09.887,1.05199,1.05208,1.50,1.20
2012.03.21 08:39:12.114,1.05199,1.05208,1.50,1.95
2012.03.21 08:39:12.617,1.05199,1.05208,1.50,1.95
2012.03.21 08:39:15.738,1.05199,1.05208,1.50,1.95
2012.03.21 08:39:16.271,1.05199,1.05208,1.88,2.70
2012.03.21 08:39:17.368,1.05198,1.05208,1.50,2.70
2012.03.21 08:39:18.284,1.05199,1.05208,1.50,1.95
2012.03.21 08:39:18.560,1.05201,1.0521,1.50,1.13
2012.03.21 08:39:18.890,1.052,1.05207,1.50,1.20
2012.03.21 08:39:22.510,1.052,1.0521,1.69,1.88
2012.03.21 08:39:23.038,1.05204,1.05213,1.50,2.33
2012.03.21 08:39:23.186,1.05201,1.05213,1.50,3.83
2012.03.21 08:39:23.266,1.052,1.0521,1.69,1.50
2012.03.21 08:39:25.071,1.05198,1.05203,2.25,1.20
2012.03.21 08:39:25.154,1.05196,1.05203,1.50,1.20
2012.03.21 08:39:25.221,1.05193,1.05203,2.70,1.50
2012.03.21 08:39:25.505,1.05197,1.05207,1.50,5.10
2012.03.21 08:39:25.579,1.05195,1.05205,1.50,1.50
2012.03.21 08:39:25.721,1.05197,1.05207,1.50,2.70
2012.03.21 08:39:25.988,1.05194,1.05206,1.69,1.50
2012.03.21 08:39:26.119,1.05197,1.05207,1.50,2.70
2012.03.21 08:39:26.660,1.05198,1.05207,2.25,1.50
2012.03.21 08:39:27.077,1.05199,1.0521,1.50,1.50
2012.03.21 08:39:27.155,1.05202,1.05211,1.50,1.69
2012.03.21 08:39:27.232,1.05202,1.05212,1.50,5.44
2012.03.21 08:39:27.364,1.05199,1.05211,1.50,2.44
2012.03.21 08:39:27.447,1.05202,1.05212,1.50,3.19
2012.03.21 08:39:28.800,1.05202,1.05212,1.50,4.69
2012.03.21 08:39:28.872,1.052,1.0521,1.50,2.25
2012.03.21 08:39:28.940,1.05197,1.05209,6.45,1.50
2012.03.21 08:39:29.336,1.05202,1.05212,1.50,2.44
2012.03.21 08:39:29.837,1.05202,1.05212,1.50,1.69
2012.03.21 08:39:32.403,1.05203,1.05212,1.20,1.69
2012.03.21 08:39:32.661,1.05203,1.05214,1.20,2.25
2012.03.21 08:39:33.182,1.05202,1.05213,3.75,2.55
2012.03.21 08:39:33.440,1.05202,1.05212,1.50,3.00
2012.03.21 08:39:33.511,1.052,1.0521,1.50,1.50
2012.03.21 08:39:35.246,1.05198,1.05212,5.25,3.75
2012.03.21 08:39:35.602,1.05204,1.05214,1.50,1.88
2012.03.21 08:39:36.232,1.05204,1.05214,1.50,1.50
2012.03.21 08:39:36.320,1.05202,1.05214,4.95,1.50
2012.03.21 08:39:36.594,1.05204,1.05214,2.15,1.50
2012.03.21 08:39:36.665,1.05206,1.05216,1.88,2.25
2012.03.21 08:39:36.813,1.05209,1.05218,1.50,2.33
2012.03.21 08:39:38.529,1.05209,1.05219,1.50,1.50
2012.03.21 08:39:42.339,1.05209,1.05219,2.25,1.50
2012.03.21 08:39:42.531,1.05209,1.05222,2.25,3.45
2012.03.21 08:39:42.600,1.05209,1.05219,2.25,1.50
2012.03.21 08:39:43.047,1.05211,1.05221,1.50,3.00
2012.03.21 08:39:43.554,1.05213,1.05225,1.50,1.13
2012.03.21 08:39:44.122,1.05213,1.05223,1.50,1.88
2012.03.21 08:39:46.854,1.05217,1.05223,2.25,1.50
2012.03.21 08:39:46.990,1.05217,1.05226,2.25,1.50
2012.03.21 08:39:47.187,1.05217,1.05228,2.25,2.25
2012.03.21 08:39:47.571,1.05219,1.05229,1.50,3.00
2012.03.21 08:39:47.939,1.05217,1.05227,4.13,1.50
2012.03.21 08:39:48.707,1.05218,1.05227,1.20,1.50
2012.03.21 08:39:57.598,1.05219,1.05229,1.50,3.00
2012.03.21 08:39:58.734,1.05228,1.05232,1.20,2.25
2012.03.21 08:39:58.932,1.05228,1.05235,1.20,2.25
2012.03.21 08:39:59.002,1.05227,1.05237,3.75,3.45
2012.03.21 08:39:59.559,1.05223,1.05234,3.08,1.50
2012.03.21 08:40:00.453,1.05223,1.05234,2.33,1.50
2012.03.21 08:40:00.768,1.05223,1.05232,1.20,1.50
2012.03.21 08:40:01.298,1.05223,1.05233,2.70,1.50
2012.03.21 08:40:03.810,1.05223,1.05231,1.20,1.50
2012.03.21 08:40:04.151,1.05223,1.05234,1.95,1.50
2012.03.21 08:40:04.290,1.05224,1.05236,2.25,1.50
2012.03.21 08:40:07.298,1.05224,1.05235,1.50,1.50
2012.03.21 08:40:07.618,1.05223,1.0523,1.20,1.50
2012.03.21 08:40:08.782,1.05224,1.05233,1.50,1.50
2012.03.21 08:40:08.851,1.05224,1.05236,1.65,2.44
2012.03.21 08:40:09.114,1.05229,1.05237,1.50,1.20
2012.03.21 08:40:09.430,1.05227,1.05237,1.50,2.70
2012.03.21 08:40:10.006,1.05224,1.05234,1.54,1.50
2012.03.21 08:40:10.350,1.05225,1.05236,1.50,1.50
2012.03.21 08:40:10.687,1.05228,1.05237,1.50,1.20
2012.03.21 08:40:11.339,1.05225,1.05237,3.38,2.70
2012.03.21 08:40:12.357,1.05228,1.05237,1.50,1.20
2012.03.21 08:40:12.882,1.05227,1.05237,1.50,1.20
2012.03.21 08:40:14.009,1.05228,1.05239,1.20,1.69
2012.03.21 08:40:14.149,1.05231,1.05241,1.50,3.00
2012.03.21 08:40:14.561,1.05228,1.05238,1.50,1.95
2012.03.21 08:40:15.220,1.05227,1.05238,1.50,1.95
2012.03.21 08:40:15.491,1.05229,1.05238,1.50,1.95
2012.03.21 08:40:15.844,1.05227,1.05238,1.50,1.95
2012.03.21 08:40:16.270,1.05229,1.05238,1.50,1.95
2012.03.21 08:40:16.872,1.05228,1.05238,1.50,3.45
2012.03.21 08:40:20.774,1.05228,1.05235,1.50,1.20
2012.03.21 08:40:20.915,1.05224,1.05235,1.50,4.20
2012.03.21 08:40:21.203,1.05227,1.05237,1.50,1.88
2012.03.21 08:40:21.599,1.05228,1.05238,1.50,2.33
2012.03.21 08:40:21.678,1.05224,1.05236,1.69,1.50
2012.03.21 08:40:22.019,1.05226,1.05238,1.50,3.83
2012.03.21 08:40:23.124,1.05223,1.05235,2.63,1.50
2012.03.21 08:40:23.531,1.05226,1.05236,1.50,2.25
2012.03.21 08:40:24.549,1.05223,1.05235,1.50,1.50
2012.03.21 08:40:27.265,1.05223,1.05235,3.19,1.50
2012.03.21 08:40:27.347,1.05226,1.05236,1.50,1.50
2012.03.21 08:40:27.569,1.05229,1.0524,1.50,1.88
2012.03.21 08:40:28.766,1.05228,1.05238,1.50,1.50
2012.03.21 08:40:31.875,1.05229,1.05238,1.13,1.50
2012.03.21 08:40:31.953,1.05231,1.05242,2.25,1.50
2012.03.21 08:40:32.165,1.05237,1.05246,1.50,1.54
2012.03.21 08:40:32.521,1.05239,1.05247,1.50,3.68
2012.03.21 08:40:32.731,1.05237,1.05247,1.50,4.43
2012.03.21 08:40:33.205,1.05235,1.05245,1.88,1.50
2012.03.21 08:40:33.680,1.05233,1.05243,3.45,1.50
2012.03.21 08:40:34.221,1.05235,1.05245,1.50,1.50
2012.03.21 08:40:34.672,1.05238,1.05247,1.50,1.80
2012.03.21 08:40:35.093,1.05236,1.05246,2.44,1.50
2012.03.21 08:40:35.733,1.05234,1.05244,3.75,1.50
2012.03.21 08:40:36.252,1.05235,1.05247,1.69,4.95
2012.03.21 08:40:36.650,1.05234,1.05244,1.50,1.50
2012.03.21 08:40:37.926,1.05233,1.05241,1.39,1.50
2012.03.21 08:40:38.482,1.05229,1.0524,2.15,1.50
2012.03.21 08:40:38.551,1.05228,1.0524,4.39,1.50
2012.03.21 08:40:40.300,1.05232,1.0524,1.20,1.50
2012.03.21 08:40:40.382,1.05232,1.05242,3.45,1.50
2012.03.21 08:40:40.592,1.0523,1.05242,1.50,2.70
2012.03.21 08:40:40.733,1.05233,1.05242,1.20,1.50
2012.03.21 08:40:41.247,1.05233,1.05243,2.70,1.50
2012.03.21 08:40:41.631,1.05233,1.05241,1.20,1.50
2012.03.21 08:40:42.530,1.05233,1.05242,1.20,1.50
2012.03.21 08:40:43.263,1.05232,1.05242,2.25,2.70
2012.03.21 08:40:43.392,1.0523,1.05242,1.50,2.70
2012.03.21 08:40:43.660,1.05228,1.0524,4.95,1.50
2012.03.21 08:40:45.105,1.05233,1.0524,1.20,1.50
2012.03.21 08:40:45.581,1.0523,1.05242,1.50,3.64
2012.03.21 08:40:45.653,1.05228,1.0524,3.08,1.50
2012.03.21 08:40:45.720,1.05232,1.0524,1.20,1.50
2012.03.21 08:40:46.182,1.05232,1.05243,1.20,2.44
2012.03.21 08:40:47.948,1.05232,1.05243,1.95,1.50
2012.03.21 08:40:48.098,1.05237,1.05247,1.50,1.88
2012.03.21 08:40:48.248,1.05242,1.05249,1.50,1.88
2012.03.21 08:40:49.010,1.0524,1.05247,1.50,1.20
2012.03.21 08:40:49.083,1.05237,1.05247,1.50,1.20
2012.03.21 08:40:49.224,1.05239,1.05247,1.50,1.20
2012.03.21 08:40:49.933,1.05239,1.0525,1.50,2.63
2012.03.21 08:40:51.332,1.05239,1.05251,2.25,1.69
2012.03.21 08:40:52.785,1.05239,1.05251,1.50,2.25
2012.03.21 08:40:52.858,1.05238,1.05248,2.25,1.50
2012.03.21 08:40:58.878,1.05238,1.05248,2.25,1.50
2012.03.21 08:40:58.961,1.05238,1.05251,1.50,1.50
2012.03.21 08:41:01.209,1.05239,1.05251,2.25,1.50
2012.03.21 08:41:01.632,1.05239,1.05251,2.25,1.50
2012.03.21 08:41:01.974,1.05239,1.05251,2.25,1.50
2012.03.21 08:41:03.692,1.05244,1.05253,1.50,5.14
2012.03.21 08:41:03.958,1.05241,1.05251,1.50,1.50
2012.03.21 08:41:04.174,1.05238,1.05247,1.50,1.50
2012.03.21 08:41:04.674,1.05237,1.05247,7.95,1.50
2012.03.21 08:41:04.742,1.05238,1.0525,2.25,1.50
2012.03.21 08:41:06.919,1.05238,1.0525,1.50,5.53
2012.03.21 08:41:07.536,1.05238,1.05244,1.50,1.50
2012.03.21 08:41:07.638,1.05228,1.0524,3.45,1.50
2012.03.21 08:41:08.181,1.05229,1.05239,1.50,1.50
2012.03.21 08:41:09.951,1.05229,1.05235,1.50,1.20
2012.03.21 08:41:10.236,1.05224,1.05233,1.69,2.25
2012.03.21 08:41:10.464,1.05227,1.05234,1.20,1.50
2012.03.21 08:41:10.542,1.05227,1.05237,4.95,1.65
2012.03.21 08:41:10.686,1.0523,1.05238,1.50,1.50
2012.03.21 08:41:11.190,1.05232,1.05238,1.50,1.20
2012.03.21 08:41:11.276,1.0523,1.05238,1.50,1.95
2012.03.21 08:41:11.814,1.0523,1.05238,1.50,1.95
2012.03.21 08:41:12.136,1.05228,1.05237,1.50,1.13
2012.03.21 08:41:12.285,1.05226,1.05236,2.25,1.50
2012.03.21 08:41:17.623,1.05226,1.05236,1.50,2.25
2012.03.21 08:41:17.978,1.05216,1.05225,1.13,1.50
2012.03.21 08:41:18.689,1.05215,1.05225,2.25,1.50
2012.03.21 08:41:18.776,1.05217,1.05227,1.50,1.50
2012.03.21 08:41:19.272,1.05219,1.05228,1.50,1.20
2012.03.21 08:41:21.761,1.05216,1.05228,2.25,2.70
2012.03.21 08:41:24.712,1.05216,1.05228,1.50,4.39
2012.03.21 08:41:24.782,1.05213,1.05225,2.63,1.50
2012.03.21 08:41:24.990,1.05216,1.05226,1.50,1.50
2012.03.21 08:41:25.178,1.05217,1.05228,1.50,2.89
2012.03.21 08:41:27.831,1.05217,1.05228,1.50,2.70
2012.03.21 08:41:29.008,1.05215,1.05225,1.50,2.25
2012.03.21 08:41:29.094,1.05215,1.05222,1.50,2.63
2012.03.21 08:41:29.238,1.05212,1.0522,1.50,1.50
2012.03.21 08:41:29.815,1.05208,1.05219,1.95,2.25
2012.03.21 08:41:29.893,1.05208,1.05219,1.20,3.00
2012.03.21 08:41:30.223,1.05209,1.05219,1.50,3.00
2012.03.21 08:41:30.585,1.052,1.0521,2.48,1.50
2012.03.21 08:41:30.658,1.05197,1.05207,8.93,1.50
2012.03.21 08:41:30.945,1.05199,1.05209,1.50,1.50
2012.03.21 08:41:33.293,1.05201,1.05211,1.50,3.38
2012.03.21 08:41:36.995,1.05204,1.05211,1.20,1.50
2012.03.21 08:41:37.514,1.05208,1.05215,1.20,2.25
2012.03.21 08:41:37.596,1.05204,1.05215,2.25,1.50
2012.03.21 08:41:38.096,1.05206,1.05214,1.50,1.13
2012.03.21 08:41:43.350,1.05205,1.05215,1.50,2.25
2012.03.21 08:41:43.903,1.05205,1.05215,1.50,2.25
2012.03.21 08:41:44.250,1.05203,1.05212,1.50,1.39
2012.03.21 08:41:44.402,1.052,1.05211,1.50,1.50
2012.03.21 08:41:44.751,1.05198,1.05209,1.20,2.25
2012.03.21 08:41:45.273,1.05198,1.05208,1.20,1.50
2012.03.21 08:41:45.341,1.05198,1.05206,1.20,1.50
2012.03.21 08:41:45.623,1.05196,1.05206,3.75,1.50
2012.03.21 08:41:46.334,1.05196,1.05206,1.50,3.00
2012.03.21 08:41:46.544,1.05196,1.05204,1.50,1.50
2012.03.21 08:41:46.616,1.05192,1.05203,1.20,3.00
2012.03.21 08:41:47.043,1.05191,1.052,1.50,1.50
2012.03.21 08:41:47.668,1.05192,1.052,1.20,1.50
2012.03.21 08:41:47.976,1.05196,1.05202,2.25,2.89
2012.03.21 08:41:48.280,1.05189,1.052,1.50,1.50
2012.03.21 08:41:48.623,1.05189,1.05201,1.50,2.25
2012.03.21 08:41:49.022,1.05192,1.05201,1.20,1.50
2012.03.21 08:41:49.605,1.05195,1.05203,1.20,1.69
2012.03.21 08:41:49.965,1.05192,1.05201,1.50,2.25
2012.03.21 08:41:50.113,1.05192,1.05201,1.50,1.50
2012.03.21 08:41:50.252,1.05193,1.05201,1.20,1.50
2012.03.21 08:41:52.535,1.05191,1.05199,1.50,1.50
2012.03.21 08:41:52.889,1.05183,1.05187,2.53,2.25
2012.03.21 08:41:53.710,1.05183,1.0519,2.15,2.25
2012.03.21 08:41:53.787,1.05183,1.05187,1.20,2.25
2012.03.21 08:41:54.008,1.05179,1.05189,1.50,1.88
2012.03.21 08:41:54.572,1.05178,1.05188,1.50,1.88
2012.03.21 08:41:55.938,1.05187,1.05192,2.25,1.88
2012.03.21 08:41:56.165,1.05187,1.05192,2.25,1.50
2012.03.21 08:41:56.247,1.05185,1.0519,1.50,1.13
2012.03.21 08:41:56.466,1.05178,1.05188,3.08,1.50
2012.03.21 08:41:57.019,1.05178,1.05188,1.20,1.50
2012.03.21 08:41:58.392,1.0518,1.05188,1.50,1.50
2012.03.21 08:42:01.195,1.05178,1.05188,2.70,3.00
2012.03.21 08:42:01.721,1.05178,1.05188,2.70,2.25
2012.03.21 08:42:01.850,1.0518,1.05189,1.50,1.50
2012.03.21 08:42:01.924,1.05178,1.05189,2.70,1.50
2012.03.21 08:42:04.906,1.05182,1.05189,1.20,1.50
2012.03.21 08:42:05.182,1.05179,1.0519,3.00,1.69
2012.03.21 08:42:05.719,1.05177,1.05189,5.33,3.75
2012.03.21 08:42:06.055,1.0518,1.05189,1.50,2.25
2012.03.21 08:42:06.487,1.05178,1.05186,1.50,2.15
2012.03.21 08:42:06.849,1.05174,1.0518,1.50,1.50
2012.03.21 08:42:06.930,1.05172,1.05176,1.88,1.50
2012.03.21 08:42:07.279,1.05166,1.05176,5.25,2.25
2012.03.21 08:42:07.424,1.05168,1.05178,1.20,1.69
2012.03.21 08:42:07.498,1.05168,1.05178,1.20,1.69
2012.03.21 08:42:08.032,1.05168,1.05179,1.20,3.19
2012.03.21 08:42:08.111,1.0517,1.0518,1.50,3.00
2012.03.21 08:42:08.382,1.05168,1.05177,1.20,2.25
2012.03.21 08:42:09.063,1.05168,1.0518,2.70,4.50
2012.03.21 08:42:10.052,1.05168,1.05179,2.70,2.25
2012.03.21 08:42:10.575,1.05167,1.05173,2.25,2.25
2012.03.21 08:42:10.794,1.0516,1.05174,1.20,3.00
2012.03.21 08:42:11.354,1.05164,1.05172,1.50,1.95
2012.03.21 08:42:11.845,1.05164,1.05172,1.50,1.95
2012.03.21 08:42:12.389,1.05164,1.05171,1.50,1.50
2012.03.21 08:42:12.603,1.05163,1.05172,1.50,1.20
2012.03.21 08:42:12.813,1.05163,1.05172,1.50,1.95
2012.03.21 08:42:12.885,1.05163,1.05172,1.50,1.95
2012.03.21 08:42:13.175,1.05165,1.05174,1.50,2.25
2012.03.21 08:42:13.677,1.05163,1.05173,4.20,2.25
2012.03.21 08:42:14.184,1.05163,1.05171,1.20,1.50
2012.03.21 08:42:14.322,1.05166,1.05174,1.50,2.25
2012.03.21 08:42:14.933,1.05163,1.05173,2.70,2.25
2012.03.21 08:42:15.411,1.05165,1.05173,1.50,1.50
2012.03.21 08:42:15.556,1.0516,1.05172,1.50,4.20
2012.03.21 08:42:15.772,1.05162,1.05172,1.50,1.95
2012.03.21 08:42:16.691,1.05162,1.05171,1.58,1.50
2012.03.21 08:42:17.044,1.05166,1.05172,2.25,1.13
2012.03.21 08:42:17.262,1.05163,1.05172,1.50,2.63
2012.03.21 08:42:17.544,1.05159,1.05169,1.88,1.50
2012.03.21 08:42:17.685,1.05159,1.05169,1.50,1.50
2012.03.21 08:42:18.212,1.05162,1.05171,1.20,3.00
2012.03.21 08:42:18.563,1.05159,1.05169,3.75,1.50
2012.03.21 08:42:20.460,1.05162,1.05169,1.20,1.50
2012.03.21 08:42:21.009,1.05162,1.05171,1.20,1.13
2012.03.21 08:42:22.803,1.05164,1.05172,1.20,2.25
2012.03.21 08:42:23.323,1.05166,1.05171,1.50,1.50
2012.03.21 08:42:23.471,1.05164,1.05171,1.20,1.50
2012.03.21 08:42:23.543,1.05166,1.05172,2.25,2.25
2012.03.21 08:42:23.901,1.05168,1.05173,1.50,1.13
2012.03.21 08:42:23.974,1.05165,1.05173,1.50,1.13
2012.03.21 08:42:24.163,1.05163,1.0517,2.70,1.50
2012.03.21 08:42:24.500,1.05163,1.05173,1.20,4.13
2012.03.21 08:42:25.043,1.05163,1.05172,1.20,1.50
2012.03.21 08:42:26.966,1.05167,1.05173,1.20,1.50
2012.03.21 08:42:27.043,1.05167,1.05176,3.45,4.50
2012.03.21 08:42:27.394,1.05169,1.05178,1.50,3.38
2012.03.21 08:42:28.061,1.05169,1.05179,2.25,1.13
2012.03.21 08:42:28.158,1.05169,1.05181,2.25,3.00
2012.03.21 08:42:28.718,1.05169,1.05178,1.50,1.50
2012.03.21 08:42:29.046,1.05171,1.0518,2.25,1.50
2012.03.21 08:42:29.404,1.05167,1.05177,2.44,1.95
2012.03.21 08:42:29.541,1.05167,1.05178,2.14,1.50
2012.03.21 08:42:30.151,1.05168,1.05179,1.69,1.50
2012.03.21 08:42:30.696,1.05167,1.05178,1.20,2.25
2012.03.21 08:42:31.420,1.05171,1.05178,1.13,1.50
2012.03.21 08:42:32.075,1.05174,1.05182,2.25,2.25
2012.03.21 08:42:32.172,1.05179,1.0519,1.50,2.07
2012.03.21 08:42:32.457,1.05177,1.05189,3.45,2.44
2012.03.21 08:42:32.952,1.05179,1.05191,1.50,3.19
2012.03.21 08:42:33.509,1.05179,1.05187,1.50,1.20
2012.03.21 08:42:33.954,1.05176,1.05186,1.50,1.50
2012.03.21 08:42:34.829,1.05174,1.05184,1.50,1.50
2012.03.21 08:42:35.655,1.05173,1.05183,1.20,1.50
2012.03.21 08:42:36.185,1.05174,1.05184,1.50,1.50
2012.03.21 08:42:37.092,1.05174,1.05184,1.50,2.25
2012.03.21 08:42:37.572,1.05171,1.05182,1.50,2.52
2012.03.21 08:42:37.780,1.0517,1.0518,1.50,1.50
2012.03.21 08:42:39.846,1.0517,1.05177,1.50,1.13
2012.03.21 08:42:40.147,1.05165,1.05172,1.50,3.45
2012.03.21 08:42:40.659,1.05164,1.05173,1.50,1.13
2012.03.21 08:42:41.099,1.05163,1.05174,1.20,2.25
2012.03.21 08:42:41.721,1.05165,1.05177,1.50,2.70
2012.03.21 08:42:43.587,1.05165,1.05177,1.50,4.95
2012.03.21 08:42:44.043,1.05165,1.05175,1.50,1.50
2012.03.21 08:42:44.185,1.05163,1.05173,1.20,2.25
2012.03.21 08:42:44.724,1.05164,1.05174,1.50,2.25
2012.03.21 08:42:47.368,1.05164,1.05174,1.50,3.00
2012.03.21 08:42:47.878,1.05164,1.05174,1.50,3.00
2012.03.21 08:42:52.380,1.05164,1.05174,1.50,4.88
2012.03.21 08:42:52.454,1.05163,1.05171,1.20,1.50
2012.03.21 08:42:53.152,1.05163,1.05172,1.20,1.50
2012.03.21 08:42:53.769,1.05163,1.05172,1.20,1.50
2012.03.21 08:42:54.441,1.05163,1.05171,1.20,3.00
2012.03.21 08:43:01.419,1.05163,1.05169,1.20,2.15
2012.03.21 08:43:01.639,1.05161,1.05167,1.50,1.20
2012.03.21 08:43:01.787,1.05159,1.05164,1.50,1.35
2012.03.21 08:43:02.010,1.05157,1.05161,2.25,1.50
2012.03.21 08:43:02.295,1.05152,1.05158,3.00,2.70
2012.03.21 08:43:02.758,1.0515,1.05158,1.50,1.50
2012.03.21 08:43:02.837,1.0515,1.0516,3.00,1.50
2012.03.21 08:43:03.394,1.05153,1.05161,1.20,1.50
2012.03.21 08:43:04.745,1.05153,1.05161,1.95,1.50
2012.03.21 08:43:05.286,1.05153,1.05161,1.95,1.50
2012.03.21 08:43:05.791,1.05153,1.05161,1.95,1.50
2012.03.21 08:43:06.320,1.05153,1.05163,3.45,1.50
2012.03.21 08:43:06.651,1.05157,1.05166,1.50,1.13
2012.03.21 08:43:06.721,1.05159,1.05167,1.50,1.95
2012.03.21 08:43:07.131,1.05159,1.05171,1.50,3.75
2012.03.21 08:43:07.482,1.05162,1.05172,1.20,3.19
2012.03.21 08:43:08.819,1.05162,1.05171,1.50,1.50
2012.03.21 08:43:08.963,1.05159,1.05169,1.50,1.50
2012.03.21 08:43:10.119,1.05157,1.05165,1.50,1.20
2012.03.21 08:43:10.482,1.05154,1.05166,4.17,1.88
2012.03.21 08:43:10.626,1.05157,1.05166,1.50,1.88
2012.03.21 08:43:10.773,1.05158,1.05168,1.50,2.33
2012.03.21 08:43:11.299,1.05158,1.05167,1.50,1.13
2012.03.21 08:43:12.376,1.05158,1.05168,1.50,1.95
2012.03.21 08:43:12.466,1.05162,1.05172,2.70,3.57
2012.03.21 08:43:12.884,1.05164,1.05173,1.50,1.13
2012.03.21 08:43:13.236,1.05169,1.05177,1.50,1.13
2012.03.21 08:43:13.525,1.05165,1.05177,1.50,2.63
2012.03.21 08:43:13.872,1.05165,1.05177,1.50,3.38
2012.03.21 08:43:14.719,1.05165,1.05177,1.50,1.88
2012.03.21 08:43:14.930,1.05165,1.05177,1.50,2.63
2012.03.21 08:43:15.273,1.05165,1.05175,1.50,1.50
2012.03.21 08:43:15.346,1.05165,1.05176,1.50,1.50
2012.03.21 08:43:15.775,1.05165,1.05173,1.50,1.20
2012.03.21 08:43:16.297,1.05161,1.05173,1.50,6.08
2012.03.21 08:43:16.431,1.05164,1.05172,1.50,1.35
2012.03.21 08:43:16.639,1.05162,1.05172,1.50,2.85
2012.03.21 08:43:16.716,1.05159,1.05168,3.00,1.20
2012.03.21 08:43:17.000,1.05157,1.05168,2.63,1.20
2012.03.21 08:43:18.314,1.05155,1.05166,3.65,1.50
2012.03.21 08:43:18.844,1.05155,1.05167,5.15,1.50
2012.03.21 08:43:19.760,1.05157,1.05168,1.88,1.20
2012.03.21 08:43:20.233,1.0516,1.05172,1.50,4.39
2012.03.21 08:43:20.515,1.05163,1.05172,1.20,2.44
2012.03.21 08:43:21.232,1.05162,1.05167,1.50,1.20
2012.03.21 08:43:21.754,1.05159,1.05167,2.25,1.20
2012.03.21 08:43:22.274,1.05158,1.05167,1.50,1.20
2012.03.21 08:43:24.388,1.05156,1.05166,2.63,1.50
2012.03.21 08:43:24.930,1.05155,1.05165,2.90,1.50
2012.03.21 08:43:25.450,1.05153,1.05165,3.87,1.50
2012.03.21 08:43:26.090,1.05155,1.05167,1.50,2.70
2012.03.21 08:43:26.759,1.05155,1.05167,2.44,2.70
2012.03.21 08:43:27.419,1.05157,1.05167,1.50,1.20
2012.03.21 08:43:29.044,1.05157,1.05169,3.64,4.13
2012.03.21 08:43:29.733,1.05161,1.05171,1.50,2.25
2012.03.21 08:43:31.781,1.05163,1.05173,1.50,6.08
2012.03.21 08:43:32.650,1.05165,1.05173,1.50,3.83
2012.03.21 08:43:33.177,1.05163,1.05173,3.00,5.93
2012.03.21 08:43:42.488,1.05164,1.05173,1.50,2.63
2012.03.21 08:43:42.670,1.05164,1.05176,2.25,2.10
2012.03.21 08:43:43.263,1.05167,1.05178,2.70,1.50
2012.03.21 08:43:43.623,1.05169,1.05179,1.50,1.50
2012.03.21 08:43:43.977,1.05173,1.05183,1.50,3.27
2012.03.21 08:43:44.634,1.05172,1.05182,1.50,1.69
2012.03.21 08:43:46.780,1.05172,1.05182,2.25,1.69
2012.03.21 08:43:47.136,1.05175,1.05187,2.25,2.48
2012.03.21 08:43:47.280,1.05179,1.05188,1.50,1.58
2012.03.21 08:43:47.858,1.05179,1.05188,1.50,2.33
2012.03.21 08:43:48.192,1.05176,1.05186,1.50,1.50
2012.03.21 08:43:48.739,1.05177,1.05188,1.50,1.58
2012.03.21 08:43:50.303,1.05177,1.05188,1.50,1.58
2012.03.21 08:43:50.691,1.05177,1.05188,1.50,3.68
2012.03.21 08:43:52.159,1.05177,1.05188,1.50,1.58
2012.03.21 08:43:52.660,1.05175,1.05187,2.44,1.50
2012.03.21 08:43:54.691,1.05179,1.05188,1.50,1.58
2012.03.21 08:43:55.516,1.05176,1.05186,2.63,1.50
2012.03.21 08:43:56.043,1.05176,1.05186,1.50,1.50
2012.03.21 08:43:56.197,1.05174,1.05185,1.13,1.50
2012.03.21 08:43:56.276,1.05177,1.05185,1.20,1.50
2012.03.21 08:43:56.811,1.05176,1.05185,2.25,1.50
2012.03.21 08:43:57.161,1.05178,1.05187,1.50,1.20
2012.03.21 08:43:58.851,1.05175,1.05187,3.00,2.70
2012.03.21 08:43:59.384,1.05175,1.05185,1.50,1.50
2012.03.21 08:43:59.940,1.05176,1.05186,2.25,1.50
2012.03.21 08:44:02.854,1.05179,1.05187,1.50,1.20
2012.03.21 08:44:03.497,1.05174,1.05186,3.38,1.50
2012.03.21 08:44:04.051,1.05174,1.05186,2.25,1.50
2012.03.21 08:44:04.462,1.0518,1.0519,1.50,2.25
2012.03.21 08:44:04.911,1.05177,1.05189,2.70,2.25
2012.03.21 08:44:04.982,1.05177,1.05187,1.20,1.50
2012.03.21 08:44:06.291,1.05175,1.05187,2.25,1.50
2012.03.21 08:44:06.362,1.05174,1.05184,2.25,1.50
2012.03.21 08:44:08.454,1.05178,1.05184,1.20,1.50
2012.03.21 08:44:08.594,1.05178,1.05189,2.70,2.10
2012.03.21 08:44:09.180,1.05178,1.05188,1.20,1.50
2012.03.21 08:44:10.439,1.05176,1.05188,2.63,2.70
2012.03.21 08:44:10.584,1.05174,1.05186,3.19,1.50
2012.03.21 08:44:12.816,1.05174,1.05186,2.25,1.50
2012.03.21 08:44:13.409,1.05174,1.05186,2.25,1.50
2012.03.21 08:44:14.850,1.05174,1.05186,1.50,1.50
2012.03.21 08:44:16.781,1.05174,1.05186,2.25,1.50
2012.03.21 08:44:17.370,1.05174,1.05186,2.25,1.50
2012.03.21 08:44:17.997,1.05174,1.05186,2.25,1.50
2012.03.21 08:44:18.510,1.05174,1.05186,2.25,1.50
2012.03.21 08:44:21.341,1.05174,1.05186,3.00,1.50
2012.03.21 08:44:21.899,1.05174,1.05186,2.25,1.50
2012.03.21 08:44:22.603,1.05174,1.05186,3.00,1.50
2012.03.21 08:44:23.149,1.05174,1.05186,2.25,1.50
2012.03.21 08:44:23.518,1.05174,1.05186,2.25,1.50
2012.03.21 08:44:24.041,1.05174,1.05186,2.25,1.50
2012.03.21 08:44:24.626,1.05174,1.05186,2.25,1.50
2012.03.21 08:44:25.168,1.05174,1.05186,2.25,1.50
2012.03.21 08:44:26.084,1.05177,1.05187,1.50,1.50
2012.03.21 08:44:26.533,1.05179,1.05189,1.50,1.88
2012.03.21 08:44:27.070,1.05178,1.05188,1.20,1.50
2012.03.21 08:44:28.172,1.05178,1.0519,3.45,1.50
2012.03.21 08:44:28.259,1.05181,1.05192,1.50,1.99
2012.03.21 08:44:28.665,1.05183,1.05192,1.50,1.39
2012.03.21 08:44:28.983,1.05181,1.05192,2.25,1.39
2012.03.21 08:44:29.489,1.05181,1.05192,2.25,1.39
2012.03.21 08:44:30.049,1.05181,1.05192,2.25,1.39
2012.03.21 08:44:30.803,1.0518,1.05187,1.50,1.20
2012.03.21 08:44:31.028,1.05176,1.05186,2.25,1.50
2012.03.21 08:44:31.663,1.05177,1.05187,1.50,1.20
2012.03.21 08:44:33.197,1.05174,1.05185,3.19,1.50
2012.03.21 08:44:44.414,1.05175,1.05185,4.40,1.50
2012.03.21 08:44:44.488,1.05177,1.05188,2.89,1.50
2012.03.21 08:44:44.985,1.05175,1.05187,1.50,2.70
2012.03.21 08:44:45.365,1.05173,1.05182,1.20,2.25
2012.03.21 08:44:45.786,1.05175,1.05183,1.50,1.50
2012.03.21 08:44:45.864,1.05175,1.05185,1.50,1.50
2012.03.21 08:44:48.132,1.05175,1.05185,1.50,2.25
2012.03.21 08:44:48.207,1.05171,1.05181,1.50,1.50
2012.03.21 08:44:48.280,1.05169,1.0518,1.50,1.50
2012.03.21 08:44:48.423,1.05168,1.05177,2.33,1.50
2012.03.21 08:44:48.622,1.05169,1.0518,1.50,1.50
2012.03.21 08:44:49.176,1.05169,1.05181,1.50,1.50
2012.03.21 08:44:50.523,1.05173,1.05181,1.20,1.50
2012.03.21 08:44:51.072,1.05173,1.05182,1.20,2.63
2012.03.21 08:44:52.151,1.05172,1.05182,3.75,3.45
2012.03.21 08:44:52.423,1.05168,1.05179,1.20,1.50
2012.03.21 08:44:55.071,1.05169,1.05181,1.50,1.50
2012.03.21 08:44:55.483,1.05173,1.05181,1.20,1.50
2012.03.21 08:44:56.019,1.05173,1.05183,1.20,2.25
2012.03.21 08:44:56.502,1.05171,1.05182,3.75,1.95
2012.03.21 08:44:56.709,1.05169,1.05179,1.50,1.50
2012.03.21 08:44:59.609,1.05171,1.05181,2.25,1.50
2012.03.21 08:44:59.686,1.05169,1.0518,1.50,1.50
2012.03.21 08:44:59.823,1.05168,1.05178,3.75,1.50
2012.03.21 08:45:00.375,1.05169,1.05181,1.50,1.50
2012.03.21 08:45:03.453,1.05173,1.05181,1.20,1.50
2012.03.21 08:45:03.860,1.0517,1.0518,1.50,1.50
2012.03.21 08:45:04.405,1.05167,1.05179,6.64,1.50
2012.03.21 08:45:05.134,1.05169,1.05181,1.50,1.50
2012.03.21 08:45:05.989,1.05172,1.05181,1.20,1.50
2012.03.21 08:45:06.807,1.05173,1.05183,1.43,2.25
2012.03.21 08:45:07.161,1.05178,1.05185,1.50,1.13
2012.03.21 08:45:07.230,1.05176,1.05185,1.50,1.13
2012.03.21 08:45:07.856,1.05176,1.05185,1.50,1.88
2012.03.21 08:45:07.930,1.05176,1.05184,1.50,1.50
2012.03.21 08:45:08.143,1.05173,1.05184,1.50,1.50
2012.03.21 08:45:08.482,1.05173,1.05185,2.25,3.38
2012.03.21 08:45:08.984,1.05175,1.05185,2.25,1.13
2012.03.21 08:45:09.640,1.05174,1.05185,2.10,2.63
2012.03.21 08:45:10.300,1.05174,1.05185,1.13,3.38
2012.03.21 08:45:11.014,1.05174,1.05185,1.50,3.38
2012.03.21 08:45:11.138,1.05174,1.05185,1.73,3.38
2012.03.21 08:45:14.661,1.05177,1.05185,1.20,3.38
2012.03.21 08:45:14.791,1.05177,1.05185,3.45,1.50
2012.03.21 08:45:15.350,1.05177,1.05186,4.98,2.25
2012.03.21 08:45:15.728,1.05177,1.05186,3.45,2.25
2012.03.21 08:45:19.536,1.05176,1.05186,1.50,1.69
2012.03.21 08:45:19.622,1.05176,1.05185,1.50,2.25
2012.03.21 08:45:19.915,1.05172,1.05182,2.70,2.25
2012.03.21 08:45:19.994,1.05172,1.0518,1.20,1.50
2012.03.21 08:45:21.293,1.05172,1.05182,2.70,2.25
2012.03.21 08:45:21.644,1.05172,1.0518,1.20,1.50
2012.03.21 08:45:23.681,1.0517,1.0518,1.50,1.50
2012.03.21 08:45:24.021,1.05168,1.05179,3.64,1.50
2012.03.21 08:45:24.490,1.05169,1.05181,1.50,1.50
2012.03.21 08:45:25.743,1.05173,1.05181,1.20,2.25
2012.03.21 08:45:27.010,1.05173,1.05182,1.20,1.50
2012.03.21 08:45:27.622,1.05173,1.05181,1.20,1.50
2012.03.21 08:45:27.691,1.05169,1.05181,1.50,1.50
2012.03.21 08:45:27.823,1.05169,1.05181,1.50,2.25
2012.03.21 08:45:28.562,1.05167,1.05178,1.39,1.50
2012.03.21 08:45:30.121,1.05173,1.0518,1.20,2.25
2012.03.21 08:45:30.393,1.05173,1.05181,1.20,3.00
2012.03.21 08:45:30.901,1.05173,1.05182,1.20,3.75
2012.03.21 08:45:35.119,1.05173,1.05181,1.20,1.50
2012.03.21 08:45:35.630,1.05173,1.05182,1.20,3.75
2012.03.21 08:45:35.979,1.0517,1.05182,1.50,3.00
2012.03.21 08:45:36.181,1.05167,1.05176,1.39,1.50
2012.03.21 08:45:36.598,1.05167,1.05178,2.89,1.50
2012.03.21 08:45:37.233,1.05167,1.05176,1.39,1.50
2012.03.21 08:45:38.631,1.05168,1.05178,1.69,2.25
2012.03.21 08:45:39.193,1.05167,1.05177,1.39,1.50
2012.03.21 08:45:39.730,1.05167,1.05178,2.89,1.50
2012.03.21 08:45:40.293,1.05167,1.05179,3.64,2.25
2012.03.21 08:45:40.433,1.0517,1.0518,1.50,3.75
2012.03.21 08:45:41.061,1.05168,1.05178,2.89,2.25
2012.03.21 08:45:41.920,1.05168,1.05176,1.39,1.50
2012.03.21 08:45:42.372,1.05168,1.05178,2.89,2.25
2012.03.21 08:45:45.588,1.05169,1.05178,2.63,1.50
2012.03.21 08:45:45.736,1.05169,1.05178,1.50,1.50
2012.03.21 08:45:45.884,1.05169,1.0518,3.00,1.50
2012.03.21 08:45:46.295,1.05173,1.05182,1.20,3.75
2012.03.21 08:45:46.721,1.05173,1.05182,1.20,1.50
2012.03.21 08:45:47.282,1.05173,1.05183,2.70,3.00
2012.03.21 08:45:47.833,1.05173,1.05182,1.20,1.50
2012.03.21 08:45:48.215,1.0517,1.05176,2.25,1.20
2012.03.21 08:45:48.740,1.05168,1.05172,2.70,2.25
2012.03.21 08:45:48.825,1.05165,1.05176,1.50,1.50
2012.03.21 08:45:48.903,1.05168,1.05178,1.50,2.70
2012.03.21 08:45:49.265,1.05165,1.05175,2.25,1.88
2012.03.21 08:45:49.791,1.05166,1.05177,1.88,1.13
2012.03.21 08:45:50.819,1.05166,1.05178,1.88,6.08
2012.03.21 08:45:51.564,1.05166,1.05177,1.88,1.50
2012.03.21 08:45:58.493,1.05166,1.05174,1.50,1.50
2012.03.21 08:45:58.828,1.05166,1.05172,1.50,2.89
2012.03.21 08:45:58.979,1.05161,1.05167,1.50,1.20
2012.03.21 08:45:59.127,1.05156,1.05166,2.63,1.50
2012.03.21 08:45:59.765,1.05158,1.05167,1.50,2.70
2012.03.21 08:46:00.733,1.05158,1.05167,1.50,1.95
2012.03.21 08:46:00.883,1.05156,1.05164,1.69,1.50
2012.03.21 08:46:01.163,1.05153,1.05162,3.35,1.50
2012.03.21 08:46:01.231,1.05154,1.05164,1.50,2.25
2012.03.21 08:46:01.375,1.05153,1.05161,1.20,1.50
2012.03.21 08:46:02.184,1.05154,1.05164,1.50,2.25
2012.03.21 08:46:03.887,1.05155,1.05164,1.50,1.50
2012.03.21 08:46:04.504,1.05153,1.05165,2.70,3.00
2012.03.21 08:46:05.603,1.05153,1.05165,5.70,1.50
2012.03.21 08:46:05.673,1.05155,1.05166,1.50,1.50
2012.03.21 08:46:08.439,1.05157,1.05167,1.20,2.25
2012.03.21 08:46:08.653,1.05151,1.05161,1.50,1.50
2012.03.21 08:46:08.792,1.05149,1.05159,3.75,1.50
2012.03.21 08:46:09.142,1.05148,1.05156,2.33,1.50
2012.03.21 08:46:09.223,1.05148,1.05158,3.83,1.50
2012.03.21 08:46:09.350,1.05148,1.05156,2.33,1.50
2012.03.21 08:46:09.600,1.05148,1.05158,3.45,1.50
2012.03.21 08:46:20.663,1.05149,1.05159,1.50,1.50
2012.03.21 08:46:27.781,1.05148,1.05158,2.44,2.25
2012.03.21 08:46:44.209,1.05152,1.05159,1.50,1.50
2012.03.21 08:46:44.350,1.05147,1.05158,2.33,2.25
2012.03.21 08:46:44.674,1.0515,1.05159,1.50,1.50
2012.03.21 08:46:44.859,1.05148,1.05158,1.50,2.25
2012.03.21 08:46:47.006,1.05145,1.05157,2.44,4.50
2012.03.21 08:46:47.363,1.05142,1.0515,1.20,1.50
2012.03.21 08:46:47.432,1.0514,1.0515,1.88,1.50
2012.03.21 08:46:47.578,1.05138,1.05148,2.33,1.50
2012.03.21 08:46:48.013,1.0514,1.05151,1.50,3.00
2012.03.21 08:46:49.712,1.05143,1.05151,1.20,3.00
2012.03.21 08:46:50.232,1.05145,1.05152,1.50,1.13
2012.03.21 08:46:50.564,1.05148,1.05155,1.50,1.32
2012.03.21 08:46:50.703,1.05145,1.05155,1.50,1.32
2012.03.21 08:46:52.052,1.05145,1.05155,1.50,1.13
2012.03.21 08:46:53.181,1.05147,1.05155,1.20,1.13
2012.03.21 08:46:53.325,1.05147,1.05157,1.39,2.25
2012.03.21 08:46:53.839,1.05148,1.05158,1.50,3.75
2012.03.21 08:46:54.507,1.05148,1.05158,1.50,2.25
2012.03.21 08:46:56.195,1.05148,1.05158,1.88,1.50
2012.03.21 08:46:56.819,1.05157,1.05161,1.95,2.25
2012.03.21 08:46:56.905,1.05158,1.0517,1.50,1.50
2012.03.21 08:46:57.099,1.05162,1.05172,1.50,3.00
2012.03.21 08:46:57.435,1.05157,1.05168,2.70,1.50
2012.03.21 08:46:57.891,1.05158,1.0517,1.50,1.50
2012.03.21 08:46:58.182,1.05157,1.05168,1.20,1.50
2012.03.21 08:46:59.450,1.05157,1.05168,1.95,1.50
2012.03.21 08:46:59.880,1.05162,1.05169,2.25,1.50
2012.03.21 08:46:59.955,1.05163,1.05172,1.95,3.75
2012.03.21 08:47:00.162,1.05167,1.05175,1.50,1.13
2012.03.21 08:47:00.230,1.05167,1.05175,1.50,1.13
2012.03.21 08:47:00.848,1.05167,1.05173,1.50,4.20
2012.03.21 08:47:00.933,1.05162,1.0517,1.20,1.50
2012.03.21 08:47:01.475,1.0516,1.0517,2.25,1.50
2012.03.21 08:47:01.694,1.05163,1.0517,1.20,1.50
2012.03.21 08:47:05.928,1.05164,1.0517,1.50,1.50
2012.03.21 08:47:06.076,1.05167,1.05176,1.20,2.25
2012.03.21 08:47:06.155,1.05168,1.05178,1.50,4.50
2012.03.21 08:47:06.226,1.05168,1.05172,1.50,1.20
2012.03.21 08:47:06.367,1.05162,1.05172,2.25,1.20
2012.03.21 08:47:06.445,1.05167,1.05173,1.20,2.63
2012.03.21 08:47:06.877,1.05167,1.05175,1.95,1.50
2012.03.21 08:47:06.945,1.05161,1.05171,4.74,1.50
2012.03.21 08:47:07.022,1.05161,1.05171,1.50,1.50
2012.03.21 08:47:07.238,1.05163,1.0517,1.20,1.50
2012.03.21 08:47:07.385,1.05163,1.05172,1.20,2.63
2012.03.21 08:47:07.944,1.05163,1.05172,1.20,2.63
2012.03.21 08:47:12.126,1.05163,1.05172,1.20,1.50
2012.03.21 08:47:12.519,1.05165,1.05172,1.65,1.50
2012.03.21 08:47:12.607,1.05169,1.0518,1.50,2.29
2012.03.21 08:47:12.686,1.05169,1.05177,1.50,1.20
2012.03.21 08:47:12.837,1.05167,1.05177,1.50,1.20
2012.03.21 08:47:15.627,1.05167,1.05179,2.70,3.75
2012.03.21 08:47:16.126,1.0517,1.05178,1.50,1.20
2012.03.21 08:47:16.412,1.05166,1.05178,1.50,2.70
2012.03.21 08:47:17.237,1.05169,1.05178,1.50,2.70
2012.03.21 08:47:17.660,1.05166,1.05176,1.50,1.50
2012.03.21 08:47:18.821,1.05167,1.05178,1.50,1.20
2012.03.21 08:47:19.595,1.05167,1.05179,2.70,3.75
2012.03.21 08:47:19.660,1.05169,1.05181,1.50,4.69
2012.03.21 08:47:21.523,1.05172,1.05181,1.50,1.50
2012.03.21 08:47:21.883,1.05177,1.05187,1.50,1.95
2012.03.21 08:47:22.025,1.05177,1.05187,1.50,1.95
2012.03.21 08:47:22.292,1.05174,1.05186,1.50,1.88
2012.03.21 08:47:22.691,1.05174,1.05186,1.50,1.88
2012.03.21 08:47:23.055,1.05177,1.05187,3.83,1.50
2012.03.21 08:47:23.278,1.05179,1.05188,1.50,2.70
2012.03.21 08:47:23.653,1.05179,1.05186,1.50,1.50
2012.03.21 08:47:23.728,1.05173,1.05184,1.50,1.50
2012.03.21 08:47:23.920,1.05172,1.05182,1.20,1.50
2012.03.21 08:47:24.461,1.05173,1.05183,1.50,1.50
2012.03.21 08:47:25.258,1.05178,1.05183,1.20,1.50
2012.03.21 08:47:25.404,1.05178,1.05186,1.20,1.50
2012.03.21 08:47:25.473,1.05175,1.05184,2.74,1.20
2012.03.21 08:47:25.604,1.05174,1.05182,1.80,2.25
2012.03.21 08:47:25.742,1.05173,1.05181,1.20,1.50
2012.03.21 08:47:32.404,1.05169,1.05181,6.94,1.50
2012.03.21 08:47:32.476,1.05169,1.05181,2.44,1.50
2012.03.21 08:47:32.763,1.05168,1.05178,1.88,1.50
2012.03.21 08:47:33.291,1.05167,1.05177,1.58,1.50
2012.03.21 08:47:34.142,1.05167,1.05177,1.20,2.25
2012.03.21 08:47:34.475,1.05163,1.05172,1.95,1.50
2012.03.21 08:47:34.755,1.05163,1.05175,3.45,1.50
2012.03.21 08:47:35.308,1.05166,1.05176,1.50,1.50
2012.03.21 08:47:45.472,1.05167,1.05176,1.20,1.50
2012.03.21 08:47:45.604,1.05168,1.05176,1.50,1.50
2012.03.21 08:47:45.749,1.05168,1.05178,2.33,1.50
2012.03.21 08:47:45.827,1.05172,1.05178,1.50,1.50
2012.03.21 08:47:45.908,1.05173,1.05182,1.50,3.75
2012.03.21 08:47:46.301,1.05169,1.05181,1.69,1.50
2012.03.21 08:47:46.863,1.05173,1.05182,1.50,2.25
2012.03.21 08:47:47.386,1.05172,1.05182,1.50,4.50
2012.03.21 08:47:47.933,1.05172,1.05182,1.50,4.50
2012.03.21 08:47:48.494,1.05172,1.05182,1.50,5.25
2012.03.21 08:47:52.219,1.05172,1.05182,1.50,5.25
2012.03.21 08:47:53.137,1.05172,1.05182,1.50,5.25
2012.03.21 08:47:53.559,1.05172,1.05182,1.50,5.25
2012.03.21 08:47:54.058,1.05172,1.05181,1.50,1.50
2012.03.21 08:48:00.595,1.05172,1.05182,1.50,5.44
2012.03.21 08:48:01.135,1.05173,1.05182,1.50,2.25
2012.03.21 08:48:01.477,1.05177,1.05184,1.50,1.13
2012.03.21 08:48:01.989,1.05176,1.05184,1.50,1.13
2012.03.21 08:48:02.810,1.05176,1.05183,1.50,1.13
2012.03.21 08:48:03.744,1.05173,1.05181,1.20,1.50
2012.03.21 08:48:04.301,1.05173,1.05182,1.20,2.25
2012.03.21 08:48:08.797,1.05175,1.05186,1.50,1.88
2012.03.21 08:48:08.873,1.05178,1.05186,1.50,2.63
2012.03.21 08:48:09.462,1.05175,1.05185,1.50,3.38
2012.03.21 08:48:09.998,1.05175,1.05185,1.50,4.13
2012.03.21 08:48:10.301,1.05175,1.05185,1.50,4.13
2012.03.21 08:48:10.499,1.05175,1.05185,1.50,4.13
2012.03.21 08:48:11.121,1.05175,1.05185,1.50,1.88
2012.03.21 08:48:11.584,1.05177,1.05188,3.45,4.50
2012.03.21 08:48:11.667,1.05179,1.05189,1.50,1.50
2012.03.21 08:48:11.816,1.05182,1.05192,1.50,3.98
2012.03.21 08:48:12.235,1.0518,1.0519,1.50,1.50
2012.03.21 08:48:13.024,1.05181,1.05191,1.50,1.35
2012.03.21 08:48:13.242,1.05183,1.05193,1.50,5.59
2012.03.21 08:48:14.908,1.05181,1.05192,1.50,1.88
2012.03.21 08:48:15.422,1.0518,1.05192,1.50,1.88
2012.03.21 08:48:16.861,1.0518,1.05191,1.50,1.50
2012.03.21 08:48:16.930,1.05179,1.05189,1.50,1.50
2012.03.21 08:48:22.348,1.05179,1.05188,1.50,1.20
2012.03.21 08:48:22.422,1.05177,1.05187,3.38,1.50
2012.03.21 08:48:22.491,1.05175,1.05185,3.65,1.50
2012.03.21 08:48:23.260,1.05177,1.05188,1.88,1.58
2012.03.21 08:48:23.400,1.0518,1.05188,1.50,1.58
2012.03.21 08:48:24.758,1.05178,1.05188,1.50,3.08
2012.03.21 08:48:25.175,1.05178,1.05188,1.50,3.83
2012.03.21 08:48:25.521,1.05176,1.05184,1.50,2.33
2012.03.21 08:48:25.597,1.05173,1.05184,1.50,2.33
2012.03.21 08:48:25.958,1.0517,1.05182,1.50,1.50
2012.03.21 08:48:26.494,1.05173,1.05183,1.50,4.88
2012.03.21 08:48:27.532,1.05173,1.05183,1.50,4.50
2012.03.21 08:48:27.879,1.05176,1.05185,1.50,1.88
2012.03.21 08:48:28.401,1.05176,1.05185,1.50,1.13
2012.03.21 08:48:28.610,1.05178,1.05186,1.50,1.13
2012.03.21 08:48:29.013,1.05176,1.05187,1.50,3.98
2012.03.21 08:48:30.032,1.05173,1.05185,1.50,1.50
2012.03.21 08:48:31.679,1.05173,1.05183,1.50,2.25
2012.03.21 08:48:31.972,1.05169,1.05181,3.64,1.50
2012.03.21 08:48:32.115,1.05172,1.05182,1.50,3.75
2012.03.21 08:48:32.255,1.0517,1.05181,1.50,1.50
2012.03.21 08:48:32.810,1.05169,1.05181,1.69,3.00
2012.03.21 08:48:33.316,1.05169,1.05181,1.69,3.00
2012.03.21 08:48:34.183,1.05172,1.05181,1.20,1.50
2012.03.21 08:48:34.323,1.05172,1.05183,1.95,3.38
2012.03.21 08:48:34.873,1.05172,1.05183,1.95,3.00
2012.03.21 08:48:35.421,1.05172,1.05183,1.95,2.63
2012.03.21 08:48:35.693,1.0517,1.0518,1.50,1.50
2012.03.21 08:48:37.342,1.0517,1.0518,2.25,1.50
2012.03.21 08:48:37.614,1.05172,1.05182,3.45,1.50
2012.03.21 08:48:37.686,1.05174,1.05184,1.50,1.50
2012.03.21 08:48:38.021,1.05176,1.05185,1.50,1.50
2012.03.21 08:48:38.212,1.05174,1.05185,1.50,1.50
2012.03.21 08:48:38.340,1.05174,1.05184,1.50,1.50
2012.03.21 08:48:38.501,1.05174,1.05186,1.50,6.15
2012.03.21 08:48:39.060,1.05174,1.05186,1.50,4.50
2012.03.21 08:48:39.601,1.05174,1.05186,1.50,7.16
2012.03.21 08:48:40.119,1.05174,1.05186,1.50,4.13
2012.03.21 08:48:41.901,1.05174,1.05185,1.50,1.50
2012.03.21 08:48:42.577,1.05174,1.05185,1.50,1.50
2012.03.21 08:48:42.889,1.05174,1.05186,1.50,4.02
2012.03.21 08:48:42.959,1.05174,1.05185,1.50,1.50
2012.03.21 08:48:45.398,1.05174,1.05186,1.50,6.14
2012.03.21 08:48:45.543,1.05176,1.05187,1.50,1.13
2012.03.21 08:48:45.881,1.05178,1.05186,1.50,1.13
2012.03.21 08:48:46.567,1.05177,1.05186,1.50,1.13
2012.03.21 08:48:46.979,1.05179,1.05186,1.50,1.13
2012.03.21 08:48:47.357,1.05177,1.05186,1.50,1.13
2012.03.21 08:48:47.437,1.05176,1.05185,1.50,1.13
2012.03.21 08:48:47.511,1.05176,1.05186,1.50,1.88
2012.03.21 08:48:47.727,1.05175,1.05185,1.50,2.25
2012.03.21 08:48:47.803,1.05175,1.05185,1.50,2.25
2012.03.21 08:48:48.076,1.05178,1.05186,1.50,1.13
2012.03.21 08:48:48.528,1.05176,1.05186,1.50,1.13
2012.03.21 08:48:49.909,1.05176,1.05186,1.50,1.50
2012.03.21 08:48:49.981,1.05174,1.05184,1.50,2.25
2012.03.21 08:48:50.630,1.05175,1.05186,1.50,1.50
2012.03.21 08:48:51.248,1.05175,1.05186,1.50,2.85
2012.03.21 08:48:51.844,1.05172,1.05182,3.83,1.50
2012.03.21 08:48:52.049,1.05172,1.0518,2.33,1.50
2012.03.21 08:48:52.260,1.05172,1.05184,3.83,2.25
2012.03.21 08:48:53.723,1.05172,1.05183,1.50,1.95
2012.03.21 08:48:54.471,1.05172,1.05183,1.50,5.33
2012.03.21 08:48:55.001,1.05171,1.05181,1.50,1.50
2012.03.21 08:48:57.186,1.05171,1.05181,3.00,1.50
2012.03.21 08:48:57.265,1.05177,1.05181,1.95,1.50
2012.03.21 08:48:57.346,1.05177,1.05186,1.95,2.25
2012.03.21 08:48:57.425,1.0518,1.05188,1.50,4.27
2012.03.21 08:48:57.904,1.05179,1.05188,1.50,1.50
2012.03.21 08:48:57.970,1.05179,1.05188,1.50,2.25
2012.03.21 08:48:58.111,1.05177,1.05187,3.45,3.00
2012.03.21 08:48:58.182,1.05177,1.05187,2.25,4.20
2012.03.21 08:48:58.681,1.05175,1.05185,1.69,2.25
2012.03.21 08:48:59.186,1.05175,1.05185,2.44,1.50
2012.03.21 08:48:59.408,1.05177,1.05187,3.00,2.70
2012.03.21 08:49:00.331,1.05177,1.05187,1.50,4.05
2012.03.21 08:49:00.849,1.05177,1.05187,1.50,4.05
2012.03.21 08:49:04.971,1.05178,1.05187,1.50,1.20
2012.03.21 08:49:06.379,1.05184,1.05189,1.50,2.63
2012.03.21 08:49:06.527,1.05184,1.05193,1.50,2.63
2012.03.21 08:49:06.816,1.05187,1.05196,1.50,1.50
2012.03.21 08:49:07.173,1.05189,1.05196,1.50,1.32
2012.03.21 08:49:07.245,1.05187,1.05196,1.50,1.32
2012.03.21 08:49:07.866,1.05184,1.05193,1.50,1.50
2012.03.21 08:49:07.950,1.05182,1.05192,2.70,1.50
2012.03.21 08:49:09.337,1.05182,1.05192,3.45,1.50
2012.03.21 08:49:09.893,1.05187,1.05195,1.50,1.50
2012.03.21 08:49:09.960,1.05187,1.05197,1.50,2.25
2012.03.21 08:49:10.767,1.05188,1.05195,1.39,1.50
2012.03.21 08:49:10.852,1.05188,1.05197,1.69,1.20
2012.03.21 08:49:11.132,1.05184,1.05196,2.25,1.50
2012.03.21 08:49:13.213,1.05184,1.05196,3.00,1.50
2012.03.21 08:49:14.024,1.05187,1.05197,1.50,3.45
2012.03.21 08:49:14.673,1.05188,1.05197,1.69,1.20
2012.03.21 08:49:15.310,1.05188,1.05197,1.50,1.20
2012.03.21 08:49:15.379,1.05186,1.05197,3.75,1.20
2012.03.21 08:49:18.429,1.05187,1.05198,1.20,3.75
2012.03.21 08:49:18.571,1.05188,1.052,1.50,3.00
2012.03.21 08:49:20.462,1.05188,1.05197,1.50,1.20
2012.03.21 08:49:20.983,1.05186,1.05197,2.44,1.20
2012.03.21 08:49:22.399,1.05187,1.05198,1.39,3.75
2012.03.21 08:49:22.760,1.05189,1.05199,1.50,2.25
2012.03.21 08:49:23.190,1.05187,1.05198,1.39,1.50
2012.03.21 08:49:27.012,1.05186,1.05198,1.88,4.05
2012.03.21 08:49:28.583,1.05186,1.05198,2.63,2.70
2012.03.21 08:49:32.821,1.05186,1.05198,2.25,2.70
2012.03.21 08:49:33.021,1.05185,1.05195,3.19,1.50
2012.03.21 08:49:34.262,1.05185,1.05195,2.44,1.50
2012.03.21 08:49:34.904,1.05187,1.05195,1.20,1.50
2012.03.21 08:49:35.271,1.0518,1.05189,1.50,1.50
2012.03.21 08:49:35.628,1.05179,1.05187,1.20,3.00
2012.03.21 08:49:36.437,1.05175,1.05187,1.69,1.50
2012.03.21 08:49:36.938,1.05177,1.05187,1.50,1.50
2012.03.21 08:49:37.154,1.05177,1.05187,1.50,2.10
2012.03.21 08:49:37.223,1.05173,1.05183,1.50,1.50
2012.03.21 08:49:37.296,1.05172,1.0518,1.20,1.50
2012.03.21 08:49:37.633,1.05172,1.05183,1.20,1.50
2012.03.21 08:49:41.556,1.0517,1.0518,1.50,2.25
2012.03.21 08:49:41.850,1.05166,1.05173,2.25,4.20
2012.03.21 08:49:41.998,1.05158,1.05168,3.65,1.50
2012.03.21 08:49:42.557,1.05158,1.05169,4.40,1.50
2012.03.21 08:49:43.216,1.05158,1.0517,4.40,1.50
2012.03.21 08:49:43.299,1.05158,1.0517,1.69,1.50
2012.03.21 08:49:43.857,1.05159,1.05169,1.69,1.50
2012.03.21 08:49:48.315,1.05161,1.05171,1.50,1.50
2012.03.21 08:49:51.200,1.05155,1.05167,4.40,1.50
2012.03.21 08:49:52.068,1.05157,1.05168,1.69,3.00
2012.03.21 08:49:52.431,1.05149,1.05161,2.25,2.25
2012.03.21 08:49:52.908,1.05152,1.05162,1.50,2.25
2012.03.21 08:49:53.497,1.05153,1.05164,2.25,1.13
2012.03.21 08:49:53.650,1.05153,1.05165,3.75,1.88
2012.03.21 08:49:53.728,1.05157,1.05166,1.50,1.13
2012.03.21 08:49:54.334,1.0516,1.0517,1.50,3.75
2012.03.21 08:49:54.428,1.0516,1.0517,1.50,3.00
2012.03.21 08:49:56.390,1.0516,1.0517,1.50,3.94
2012.03.21 08:49:57.922,1.0516,1.0517,1.50,3.75
2012.03.21 08:49:58.505,1.05158,1.05168,1.50,3.00
2012.03.21 08:49:58.874,1.05158,1.05168,1.50,3.00
2012.03.21 08:49:59.392,1.05158,1.05168,1.50,3.00
2012.03.21 08:50:00.830,1.05158,1.05168,1.50,1.50
2012.03.21 08:50:01.114,1.05159,1.05171,1.50,1.69
2012.03.21 08:50:01.720,1.05159,1.05171,4.50,1.69
2012.03.21 08:50:02.271,1.0516,1.05171,1.50,2.44
2012.03.21 08:50:02.811,1.05159,1.05171,1.50,3.19
2012.03.21 08:50:03.523,1.05159,1.05171,1.50,2.44
2012.03.21 08:50:05.550,1.05159,1.05171,3.19,2.25
2012.03.21 08:50:06.474,1.05159,1.05171,2.44,2.25
2012.03.21 08:50:07.002,1.05159,1.05171,2.44,3.00
2012.03.21 08:50:09.231,1.05159,1.05171,1.50,3.75
2012.03.21 08:50:14.347,1.05159,1.05169,1.50,1.50
2012.03.21 08:50:14.429,1.05159,1.05171,1.50,3.00
2012.03.21 08:50:14.993,1.05158,1.05168,1.50,2.25
2012.03.21 08:50:16.419,1.05158,1.05168,1.50,2.25
2012.03.21 08:50:16.960,1.05158,1.05168,1.50,2.25
2012.03.21 08:50:22.430,1.05156,1.05165,1.50,1.50
2012.03.21 08:50:22.787,1.0515,1.05162,3.75,3.00
2012.03.21 08:50:22.863,1.0515,1.0516,1.50,1.50
2012.03.21 08:50:23.382,1.05152,1.05161,1.50,1.50
2012.03.21 08:50:23.453,1.05151,1.05161,3.00,1.50
2012.03.21 08:50:23.992,1.05152,1.05162,1.50,1.20
2012.03.21 08:50:24.474,1.05153,1.05164,1.95,1.88
2012.03.21 08:50:24.617,1.05153,1.05161,1.20,1.50
2012.03.21 08:50:26.263,1.05151,1.05161,3.75,1.50
2012.03.21 08:50:26.743,1.05149,1.05159,2.44,1.50
2012.03.21 08:50:26.874,1.05149,1.05159,3.19,1.50
2012.03.21 08:50:27.086,1.05149,1.05159,3.94,1.50
2012.03.21 08:50:27.240,1.05153,1.05162,1.20,3.75
2012.03.21 08:50:27.757,1.05157,1.05167,1.50,3.08
2012.03.21 08:50:28.319,1.0516,1.05167,2.15,1.50
2012.03.21 08:50:28.540,1.0516,1.05168,1.50,3.83
2012.03.21 08:50:28.945,1.05157,1.05168,2.25,3.83
2012.03.21 08:50:29.373,1.05157,1.05163,1.50,2.25
2012.03.21 08:50:29.590,1.05157,1.05168,3.45,1.13
2012.03.21 08:50:29.667,1.05158,1.05166,2.53,1.88
2012.03.21 08:50:30.026,1.05159,1.05168,2.63,3.45
2012.03.21 08:50:31.371,1.05165,1.05172,1.50,3.83
2012.03.21 08:50:31.589,1.05168,1.05178,2.70,2.63
2012.03.21 08:50:31.666,1.0517,1.05179,1.50,2.63
2012.03.21 08:50:32.026,1.05173,1.05178,1.50,3.45
2012.03.21 08:50:32.164,1.0517,1.05178,1.69,3.45
2012.03.21 08:50:34.033,1.05168,1.05178,1.88,5.33
2012.03.21 08:50:37.673,1.05168,1.05178,1.69,5.70
2012.03.21 08:50:38.461,1.05168,1.05178,1.69,4.95
2012.03.21 08:50:38.741,1.05171,1.05178,2.15,4.95
2012.03.21 08:50:39.094,1.05169,1.05178,2.63,3.45
2012.03.21 08:50:47.806,1.05169,1.05178,1.88,4.20
2012.03.21 08:50:48.818,1.05169,1.05178,2.25,4.95
2012.03.21 08:50:49.645,1.0517,1.05179,1.69,1.50
2012.03.21 08:50:49.785,1.05169,1.05179,2.25,1.50
2012.03.21 08:50:50.653,1.0517,1.05181,2.44,1.50
2012.03.21 08:50:50.723,1.05173,1.05181,1.58,1.50
2012.03.21 08:50:50.933,1.05173,1.05183,3.83,1.50
2012.03.21 08:50:51.005,1.05177,1.05187,3.00,3.08
2012.03.21 08:50:51.343,1.0518,1.05187,1.50,1.95
2012.03.21 08:50:51.415,1.05177,1.05187,1.50,2.70
2012.03.21 08:50:51.939,1.05174,1.05186,3.00,1.50
2012.03.21 08:50:52.019,1.05177,1.05187,1.50,4.20
2012.03.21 08:50:54.474,1.05175,1.05185,1.50,1.50
2012.03.21 08:51:10.025,1.05176,1.05187,1.50,3.08
2012.03.21 08:51:13.202,1.05173,1.05185,3.83,1.50
2012.03.21 08:51:13.451,1.05173,1.05182,1.88,1.20
2012.03.21 08:51:13.783,1.05176,1.05183,1.95,1.50
2012.03.21 08:51:13.855,1.05176,1.05186,1.95,2.25
2012.03.21 08:51:14.272,1.05176,1.05187,2.25,1.58
2012.03.21 08:51:14.342,1.05176,1.05187,1.50,1.58
2012.03.21 08:51:14.483,1.05175,1.05185,2.44,1.50
2012.03.21 08:51:16.183,1.05176,1.05187,1.50,1.20
2012.03.21 08:51:25.705,1.05174,1.05184,1.50,2.25
2012.03.21 08:51:26.276,1.05173,1.05183,1.58,1.50
2012.03.21 08:51:26.461,1.05171,1.05182,2.63,1.20
2012.03.21 08:51:26.651,1.05176,1.05183,1.20,3.75
2012.03.21 08:51:26.934,1.05177,1.05187,1.88,1.50
2012.03.21 08:51:27.005,1.05177,1.05182,1.50,3.45
2012.03.21 08:51:27.156,1.05175,1.05182,1.50,3.45
2012.03.21 08:51:27.375,1.05175,1.05186,3.19,3.00
2012.03.21 08:51:27.715,1.05175,1.05186,2.44,3.00
2012.03.21 08:51:27.791,1.05172,1.05182,1.50,2.25
2012.03.21 08:51:28.359,1.05171,1.05181,4.95,1.50
2012.03.21 08:51:28.438,1.05172,1.05183,2.25,1.50
2012.03.21 08:51:29.114,1.05171,1.05182,1.95,1.50
2012.03.21 08:51:29.853,1.05173,1.05183,1.50,3.00
2012.03.21 08:51:30.381,1.05174,1.05184,1.50,1.50
2012.03.21 08:51:30.924,1.05172,1.05184,2.25,3.75
2012.03.21 08:51:31.894,1.05172,1.05184,2.25,3.75
2012.03.21 08:51:37.712,1.05172,1.05184,2.25,3.00
2012.03.21 08:51:37.920,1.05175,1.05184,1.50,1.50
2012.03.21 08:51:37.995,1.05172,1.05184,3.75,3.00
2012.03.21 08:51:38.192,1.05172,1.05183,2.25,2.25
2012.03.21 08:51:38.846,1.05172,1.05184,2.25,3.75
2012.03.21 08:51:39.190,1.05175,1.05183,1.50,1.50
2012.03.21 08:51:39.792,1.05173,1.05184,1.50,2.25
2012.03.21 08:51:42.129,1.05173,1.05184,1.50,1.50
2012.03.21 08:51:42.515,1.05178,1.05185,1.20,2.63
2012.03.21 08:51:42.723,1.05175,1.05187,4.88,3.00
2012.03.21 08:51:42.792,1.0518,1.05188,1.50,2.70
2012.03.21 08:51:43.602,1.05177,1.05187,1.50,1.50
2012.03.21 08:51:43.674,1.05179,1.05188,1.50,1.20
2012.03.21 08:51:46.480,1.05179,1.05187,1.50,2.25
2012.03.21 08:51:48.003,1.05179,1.05189,1.50,1.50
2012.03.21 08:51:48.441,1.05177,1.05187,1.69,1.20
2012.03.21 08:51:48.790,1.05175,1.05185,2.90,1.50
2012.03.21 08:51:49.327,1.05176,1.05186,1.69,1.50
2012.03.21 08:51:51.280,1.05176,1.05186,3.65,1.50
2012.03.21 08:51:51.801,1.05178,1.05187,1.88,1.20
2012.03.21 08:51:51.992,1.05178,1.05189,3.08,2.63
2012.03.21 08:51:52.123,1.0518,1.05189,1.50,2.25
2012.03.21 08:51:52.208,1.0518,1.05191,1.50,1.50
2012.03.21 08:51:52.769,1.05178,1.05187,1.88,1.20
2012.03.21 08:51:53.114,1.05179,1.05191,1.50,2.10
2012.03.21 08:51:53.183,1.05179,1.05188,1.50,1.20
2012.03.21 08:51:53.738,1.05178,1.05188,1.88,2.70
2012.03.21 08:52:03.940,1.05176,1.05186,1.69,1.50
2012.03.21 08:52:04.251,1.05174,1.05184,2.25,1.50
2012.03.21 08:52:04.802,1.05175,1.05185,1.69,1.50
2012.03.21 08:52:06.840,1.05175,1.05185,2.25,1.50
2012.03.21 08:52:07.052,1.05177,1.05187,1.69,2.25
2012.03.21 08:52:16.630,1.05177,1.05187,1.69,2.25
2012.03.21 08:52:17.470,1.05177,1.05187,1.69,2.25
2012.03.21 08:52:22.922,1.05174,1.05186,3.65,1.50
2012.03.21 08:52:23.470,1.05176,1.05187,1.69,3.00
2012.03.21 08:52:23.670,1.05175,1.05185,1.69,1.50
2012.03.21 08:52:26.143,1.05175,1.05185,1.69,1.50
2012.03.21 08:52:26.389,1.05177,1.05187,1.50,4.50
2012.03.21 08:52:30.951,1.05177,1.05184,1.50,1.20
2012.03.21 08:52:31.025,1.05175,1.05184,1.50,1.95
2012.03.21 08:52:31.222,1.05174,1.05181,1.50,2.25
2012.03.21 08:52:31.365,1.05172,1.05181,1.50,2.25
2012.03.21 08:52:32.963,1.05173,1.05181,1.58,2.25
2012.03.21 08:52:33.470,1.05173,1.05182,3.08,2.25
2012.03.21 08:52:33.992,1.05173,1.05181,1.58,1.50
2012.03.21 08:52:34.275,1.05171,1.05181,1.88,1.50
2012.03.21 08:52:34.346,1.05171,1.05176,1.88,2.25
2012.03.21 08:52:34.681,1.05173,1.05179,1.20,3.00
2012.03.21 08:52:34.893,1.05173,1.05179,1.20,1.50
2012.03.21 08:52:34.961,1.05174,1.05181,1.50,1.50
2012.03.21 08:52:35.613,1.05174,1.05182,1.50,2.25
2012.03.21 08:52:35.698,1.0517,1.05177,1.69,2.25
2012.03.21 08:52:36.041,1.05173,1.05177,1.50,2.25
2012.03.21 08:52:37.621,1.0517,1.05177,1.69,1.50
2012.03.21 08:52:38.280,1.0517,1.05181,1.69,1.50
2012.03.21 08:52:40.993,1.05173,1.05181,1.50,2.25
2012.03.21 08:52:45.691,1.05174,1.05181,1.50,2.25
2012.03.21 08:52:46.173,1.05172,1.05181,1.50,2.25
2012.03.21 08:52:49.949,1.05173,1.05181,1.50,2.25
2012.03.21 08:52:50.491,1.05174,1.05181,1.50,2.25
2012.03.21 08:52:52.194,1.05173,1.05181,1.50,2.25
2012.03.21 08:52:54.864,1.05173,1.05181,1.50,3.00
2012.03.21 08:52:54.936,1.0517,1.0518,1.50,2.25
2012.03.21 08:52:55.217,1.05168,1.05177,1.20,1.50
2012.03.21 08:52:55.672,1.05169,1.05179,1.88,1.50
2012.03.21 08:52:55.874,1.05171,1.05181,1.50,3.00
2012.03.21 08:52:56.233,1.05173,1.05181,1.50,3.00
2012.03.21 08:52:56.781,1.05172,1.05181,1.50,3.00
2012.03.21 08:53:04.512,1.05172,1.05181,1.50,3.75
2012.03.21 08:53:04.583,1.05168,1.05178,2.89,1.50
2012.03.21 08:53:05.122,1.0517,1.05181,1.50,3.75
2012.03.21 08:53:05.667,1.05168,1.0518,2.89,3.00
2012.03.21 08:53:06.023,1.05168,1.05177,1.39,1.50
2012.03.21 08:53:06.603,1.05168,1.0518,2.89,3.00
2012.03.21 08:53:07.104,1.05168,1.0518,3.08,2.25
2012.03.21 08:53:08.063,1.05171,1.05181,1.50,3.00
2012.03.21 08:53:08.909,1.05168,1.05177,2.18,1.50
2012.03.21 08:53:09.458,1.05168,1.0518,3.08,2.25
2012.03.21 08:53:09.535,1.05168,1.0518,3.08,3.00
2012.03.21 08:53:11.954,1.05166,1.05178,1.69,7.20
2012.03.21 08:53:12.031,1.05164,1.05176,3.75,1.50
2012.03.21 08:53:12.375,1.05164,1.05174,1.05,2.25
2012.03.21 08:53:12.724,1.0516,1.0517,1.88,1.50
2012.03.21 08:53:12.809,1.0516,1.0517,1.13,1.50
2012.03.21 08:53:12.884,1.0516,1.05167,1.13,1.50
2012.03.21 08:53:13.143,1.0516,1.0517,1.13,1.50
2012.03.21 08:53:13.452,1.05161,1.05172,1.50,4.95
2012.03.21 08:53:14.251,1.05159,1.05171,3.00,2.25
2012.03.21 08:53:14.333,1.05161,1.05172,1.50,4.20
2012.03.21 08:53:14.872,1.05162,1.05173,1.20,4.32
2012.03.21 08:53:15.412,1.05163,1.05173,1.50,2.44
2012.03.21 08:53:15.750,1.05162,1.05171,1.20,1.50
2012.03.21 08:53:20.180,1.05163,1.05173,1.50,1.50
2012.03.21 08:53:21.104,1.05163,1.05172,1.50,2.25
2012.03.21 08:53:21.173,1.0516,1.0517,2.25,1.50
2012.03.21 08:53:21.633,1.05163,1.05172,1.50,2.25
2012.03.21 08:53:23.044,1.05163,1.05173,2.70,1.88
2012.03.21 08:53:23.595,1.05169,1.05177,1.50,1.58
2012.03.21 08:53:23.912,1.05167,1.05177,3.00,1.58
2012.03.21 08:53:25.230,1.05167,1.05177,1.50,1.58
2012.03.21 08:53:25.761,1.05167,1.05177,1.50,1.58
2012.03.21 08:53:32.821,1.0517,1.05179,1.50,1.50
2012.03.21 08:53:32.890,1.05172,1.05182,1.50,4.69
2012.03.21 08:53:33.095,1.05169,1.05181,1.50,1.50
2012.03.21 08:53:34.778,1.05167,1.05179,2.70,1.50
2012.03.21 08:53:40.131,1.05168,1.05179,1.50,1.50
2012.03.21 08:53:40.473,1.0517,1.0518,1.50,1.69
2012.03.21 08:53:40.995,1.05172,1.05182,1.50,4.50
2012.03.21 08:53:41.767,1.05172,1.05182,4.20,1.50
2012.03.21 08:53:41.847,1.05174,1.05184,3.00,1.88
2012.03.21 08:53:42.053,1.05176,1.05188,1.50,5.37
2012.03.21 08:53:42.592,1.05175,1.05185,1.50,1.50
2012.03.21 08:53:43.206,1.05175,1.05185,3.19,1.50
2012.03.21 08:53:43.360,1.05177,1.05187,1.50,2.70
2012.03.21 08:53:43.701,1.05175,1.05185,1.69,1.50
2012.03.21 08:53:47.523,1.05175,1.05185,1.50,1.88
2012.03.21 08:53:47.872,1.05173,1.05182,1.50,4.20
2012.03.21 08:53:48.019,1.0517,1.05182,1.50,5.70
2012.03.21 08:53:48.354,1.05169,1.05179,1.69,1.50
2012.03.21 08:53:48.891,1.05171,1.05181,1.50,1.50
2012.03.21 08:53:49.755,1.05173,1.05181,1.20,2.25
2012.03.21 08:53:49.954,1.05173,1.05184,1.20,3.19
2012.03.21 08:53:50.553,1.05173,1.05181,1.20,1.50
2012.03.21 08:53:51.711,1.05169,1.05181,2.25,1.50
2012.03.21 08:53:52.383,1.05171,1.05182,1.50,2.25
2012.03.21 08:53:52.725,1.05174,1.05182,1.50,2.25
2012.03.21 08:53:53.852,1.05174,1.05184,1.50,2.25
2012.03.21 08:53:54.577,1.05176,1.05186,1.50,2.07
2012.03.21 08:53:55.200,1.05173,1.05185,2.70,1.69
2012.03.21 08:53:55.710,1.05173,1.05185,3.64,1.50
2012.03.21 08:53:55.783,1.05176,1.05186,1.50,3.38
2012.03.21 08:53:56.174,1.05178,1.05187,1.50,2.33
2012.03.21 08:53:59.033,1.05178,1.05187,1.50,2.33
2012.03.21 08:54:04.645,1.05178,1.05183,1.50,1.20
2012.03.21 08:54:05.065,1.05176,1.05183,1.50,1.39
2012.03.21 08:54:05.147,1.0517,1.05181,1.50,1.50
2012.03.21 08:54:05.435,1.05168,1.05178,2.25,1.50
2012.03.21 08:54:05.711,1.05166,1.05177,2.63,1.20
2012.03.21 08:54:05.855,1.05165,1.05175,3.00,1.50
2012.03.21 08:54:06.363,1.05166,1.05177,1.50,2.70
2012.03.21 08:54:06.550,1.05169,1.05177,1.50,1.20
2012.03.21 08:54:06.874,1.05167,1.05177,1.50,2.70
2012.03.21 08:54:07.896,1.05164,1.05176,1.50,1.50
2012.03.21 08:54:08.247,1.05166,1.05177,1.50,1.20
2012.03.21 08:54:11.215,1.05169,1.05177,1.50,1.20
2012.03.21 08:54:11.622,1.05167,1.05177,1.50,1.20
2012.03.21 08:54:12.251,1.05166,1.05177,1.50,1.20
2012.03.21 08:54:17.800,1.05169,1.05177,1.50,1.20
2012.03.21 08:54:19.135,1.05166,1.05177,1.50,1.20
2012.03.21 08:54:19.982,1.05165,1.05175,1.50,1.50
2012.03.21 08:54:20.464,1.05163,1.05173,3.45,1.50
2012.03.21 08:54:21.003,1.05164,1.05174,1.50,1.50
2012.03.21 08:54:21.601,1.0516,1.05171,1.50,1.50
2012.03.21 08:54:21.885,1.05159,1.05171,2.25,1.50
2012.03.21 08:54:22.164,1.05162,1.05172,1.50,3.45
2012.03.21 08:54:22.714,1.05163,1.05173,1.50,2.25
2012.03.21 08:54:23.459,1.05162,1.05172,1.20,1.50
2012.03.21 08:54:27.583,1.05162,1.05173,2.70,1.13
2012.03.21 08:54:28.103,1.05162,1.05173,1.20,2.63
2012.03.21 08:54:33.203,1.05166,1.05174,1.50,1.88
2012.03.21 08:54:33.274,1.05166,1.05176,1.69,2.25
2012.03.21 08:54:33.482,1.05167,1.05178,1.20,1.50
2012.03.21 08:54:33.903,1.05166,1.05177,1.50,2.70
2012.03.21 08:54:33.974,1.05165,1.05177,2.25,1.50
2012.03.21 08:54:34.462,1.05167,1.05179,1.50,2.25
2012.03.21 08:54:35.472,1.05169,1.0518,1.13,1.50
2012.03.21 08:54:35.756,1.0517,1.05182,1.50,1.20
2012.03.21 08:54:35.894,1.05168,1.05177,3.45,1.50
2012.03.21 08:54:36.373,1.05168,1.05179,1.20,3.00
2012.03.21 08:54:38.193,1.0517,1.0518,1.50,1.50
2012.03.21 08:54:39.811,1.05168,1.05179,1.20,1.50
2012.03.21 08:54:45.462,1.0517,1.0518,1.50,1.50
2012.03.21 08:54:45.973,1.05168,1.05179,1.20,1.50
2012.03.21 08:54:46.782,1.05167,1.05178,1.50,1.58
2012.03.21 08:54:47.065,1.05162,1.05173,1.20,2.25
2012.03.21 08:54:47.206,1.05162,1.0517,1.20,1.50
2012.03.21 08:54:47.423,1.0516,1.0517,1.50,1.50
2012.03.21 08:54:49.492,1.05163,1.0517,1.20,1.50
2012.03.21 08:54:49.767,1.05163,1.05172,1.20,2.25
2012.03.21 08:54:52.021,1.05163,1.05169,1.20,1.50
2012.03.21 08:54:52.222,1.05159,1.05169,1.50,1.50
2012.03.21 08:54:52.652,1.05161,1.05171,1.50,3.00
2012.03.21 08:54:54.181,1.05163,1.05171,1.20,1.50
2012.03.21 08:54:54.500,1.05163,1.05173,1.20,1.13
2012.03.21 08:54:55.010,1.05163,1.05172,1.20,1.50
2012.03.21 08:54:55.706,1.0516,1.05172,1.50,1.50
2012.03.21 08:54:55.779,1.0516,1.0517,1.50,1.50
2012.03.21 08:54:56.063,1.05157,1.05169,2.89,1.50
2012.03.21 08:54:56.263,1.05157,1.05167,1.69,1.20
2012.03.21 08:54:56.813,1.05156,1.05166,1.50,1.50
2012.03.21 08:54:56.942,1.05158,1.05167,1.50,1.20
2012.03.21 08:54:58.471,1.05155,1.05167,1.50,2.70
2012.03.21 08:55:00.009,1.05157,1.05167,1.58,1.50
2012.03.21 08:55:00.083,1.05157,1.05169,3.08,3.00
2012.03.21 08:55:00.155,1.0516,1.0517,1.50,2.25
2012.03.21 08:55:00.502,1.05162,1.05172,2.70,1.69
2012.03.21 08:55:01.149,1.05162,1.05171,1.20,1.50
2012.03.21 08:55:04.383,1.05162,1.05173,1.20,3.00
2012.03.21 08:55:04.450,1.05162,1.0517,1.20,1.50
2012.03.21 08:55:06.485,1.0516,1.0517,1.50,1.50
2012.03.21 08:55:06.555,1.05158,1.05168,3.83,1.50
2012.03.21 08:55:07.055,1.05158,1.05167,1.20,1.50
2012.03.21 08:55:07.245,1.05158,1.05169,1.20,1.50
2012.03.21 08:55:08.259,1.0516,1.0517,1.50,1.50
2012.03.21 08:55:10.303,1.05158,1.05169,1.20,1.50
2012.03.21 08:55:10.864,1.05159,1.05171,1.50,1.50
2012.03.21 08:55:13.128,1.05159,1.05171,2.25,1.50
2012.03.21 08:55:13.210,1.05162,1.05171,1.20,1.50
2012.03.21 08:55:13.354,1.05162,1.05173,1.20,3.38
2012.03.21 08:55:14.634,1.05162,1.05171,1.20,1.50
2012.03.21 08:55:17.368,1.05166,1.05172,2.25,1.50
2012.03.21 08:55:17.444,1.05166,1.05178,2.25,6.15
2012.03.21 08:55:18.005,1.05166,1.05176,1.50,1.88
2012.03.21 08:55:18.074,1.05164,1.05176,1.50,1.88
2012.03.21 08:55:21.753,1.05168,1.05176,1.20,1.50
2012.03.21 08:55:21.953,1.05168,1.05178,1.20,1.50
2012.03.21 08:55:22.230,1.05168,1.0518,2.70,4.50
2012.03.21 08:55:22.362,1.05168,1.05178,1.20,1.50
2012.03.21 08:55:23.663,1.05166,1.05173,2.25,1.20
2012.03.21 08:55:24.015,1.05162,1.05171,2.33,1.50
2012.03.21 08:55:24.285,1.05162,1.05174,3.83,1.88
2012.03.21 08:55:24.553,1.05165,1.05175,1.50,1.88
2012.03.21 08:55:25.002,1.05162,1.05174,3.83,1.50
2012.03.21 08:55:31.384,1.05162,1.05174,3.83,1.50
2012.03.21 08:55:31.525,1.05162,1.05171,1.20,1.50
2012.03.21 08:55:33.202,1.05161,1.05171,1.50,1.50
2012.03.21 08:55:36.942,1.05155,1.05161,1.50,1.50
2012.03.21 08:55:37.025,1.05153,1.05161,1.20,1.50
2012.03.21 08:55:37.377,1.05153,1.05165,2.70,1.88
2012.03.21 08:55:37.523,1.05156,1.05166,1.50,1.88
2012.03.21 08:55:38.087,1.05156,1.05166,1.50,1.50
2012.03.21 08:55:38.412,1.05158,1.05167,1.50,1.58
2012.03.21 08:55:40.175,1.05158,1.05167,1.50,3.08
2012.03.21 08:55:40.386,1.05154,1.05162,1.50,1.20
2012.03.21 08:55:40.452,1.0515,1.05162,1.50,2.70
2012.03.21 08:55:41.232,1.05151,1.05161,1.50,1.50
2012.03.21 08:55:42.402,1.05153,1.05161,1.20,1.50
2012.03.21 08:55:42.617,1.05153,1.05163,2.70,3.75
2012.03.21 08:55:42.694,1.05155,1.05165,1.50,1.88
2012.03.21 08:55:43.049,1.05158,1.05167,1.50,2.33
2012.03.21 08:55:47.404,1.05158,1.05166,1.50,1.50
2012.03.21 08:55:47.486,1.05152,1.05162,1.50,1.20
2012.03.21 08:55:48.046,1.05153,1.05162,1.50,1.95
2012.03.21 08:55:48.563,1.05153,1.05162,1.50,1.95
2012.03.21 08:55:48.931,1.05151,1.05161,1.50,1.50
2012.03.21 08:55:49.461,1.05152,1.05161,1.20,1.50
2012.03.21 08:55:51.492,1.05151,1.05161,1.50,1.50
2012.03.21 08:55:55.120,1.05152,1.05163,1.50,5.33
2012.03.21 08:55:55.688,1.05151,1.05161,1.50,1.50
2012.03.21 08:55:57.117,1.05154,1.05163,1.50,3.83
2012.03.21 08:55:57.684,1.05157,1.05165,1.50,1.13
2012.03.21 08:55:57.767,1.05157,1.05167,1.50,1.77
2012.03.21 08:55:57.915,1.05155,1.05165,1.50,1.50
2012.03.21 08:56:07.962,1.05155,1.05165,1.50,2.25
2012.03.21 08:56:08.033,1.05153,1.05163,1.20,1.50
2012.03.21 08:56:08.235,1.05151,1.05162,1.50,2.25
2012.03.21 08:56:09.271,1.0515,1.0516,2.25,1.50
2012.03.21 08:56:09.841,1.05152,1.05162,1.50,3.75
2012.03.21 08:56:10.508,1.05153,1.05165,1.50,2.63
2012.03.21 08:56:11.208,1.05152,1.05163,1.20,1.50
2012.03.21 08:56:16.603,1.05153,1.05165,1.50,2.25
2012.03.21 08:56:17.191,1.05153,1.05163,1.50,1.20
2012.03.21 08:56:17.395,1.05151,1.05163,2.25,4.95
2012.03.21 08:56:19.312,1.05154,1.05163,1.50,3.45
2012.03.21 08:56:19.703,1.05156,1.05166,1.50,2.63
2012.03.21 08:56:20.272,1.05156,1.05166,1.50,2.25
2012.03.21 08:56:20.482,1.05153,1.05165,1.50,1.50
2012.03.21 08:56:26.504,1.05153,1.05165,1.50,3.00
2012.03.21 08:56:26.860,1.05147,1.05156,4.95,1.50
2012.03.21 08:56:27.425,1.05146,1.05158,1.88,4.95
2012.03.21 08:56:35.913,1.05147,1.05158,1.20,3.75
2012.03.21 08:56:36.112,1.05149,1.05161,1.50,3.00
2012.03.21 08:56:36.699,1.05153,1.05161,1.20,1.50
2012.03.21 08:56:36.843,1.05153,1.05163,1.20,2.25
2012.03.21 08:56:36.982,1.05156,1.05166,1.50,4.73
2012.03.21 08:56:37.550,1.05153,1.05163,2.70,2.25
2012.03.21 08:56:38.055,1.05155,1.05163,1.50,1.50
2012.03.21 08:56:38.148,1.0516,1.0517,1.50,3.75
2012.03.21 08:56:38.657,1.0516,1.0517,1.50,3.00
2012.03.21 08:56:38.858,1.05158,1.05168,4.20,1.50
2012.03.21 08:56:39.243,1.05158,1.05166,1.20,1.50
2012.03.21 08:56:42.490,1.05158,1.05169,1.20,3.75
2012.03.21 08:56:46.483,1.05158,1.05169,1.20,3.00
2012.03.21 08:56:46.753,1.05158,1.05166,1.20,1.88
2012.03.21 08:56:47.194,1.05156,1.05165,1.50,1.13
2012.03.21 08:56:47.277,1.05153,1.05163,2.70,1.50
2012.03.21 08:56:47.347,1.05153,1.0516,1.20,1.50
2012.03.21 08:56:47.901,1.05153,1.05161,1.20,2.25
2012.03.21 08:56:51.930,1.05149,1.05161,1.50,1.50
2012.03.21 08:56:52.120,1.05148,1.05159,1.80,1.50
2012.03.21 08:56:53.207,1.05149,1.05161,1.50,2.25
2012.03.21 08:56:53.988,1.05152,1.05161,1.20,2.25
2012.03.21 08:56:54.967,1.05149,1.05161,2.10,2.25
2012.03.21 08:56:55.115,1.05148,1.05159,1.88,1.50
2012.03.21 08:56:55.452,1.0515,1.0516,1.50,1.50
2012.03.21 08:56:55.782,1.05148,1.05158,1.50,1.50
2012.03.21 08:56:56.549,1.05147,1.05157,2.14,1.50
2012.03.21 08:56:57.101,1.05148,1.05158,1.50,1.50
2012.03.21 08:56:58.023,1.05148,1.05157,1.50,1.20
2012.03.21 08:56:58.553,1.05146,1.05156,2.44,1.50
2012.03.21 08:57:04.485,1.05148,1.05156,1.20,1.50
2012.03.21 08:57:04.984,1.05148,1.05159,1.20,1.50
2012.03.21 08:57:05.982,1.05153,1.05159,1.20,1.50
2012.03.21 08:57:06.442,1.0515,1.0516,1.50,1.50
2012.03.21 08:57:06.972,1.05148,1.05157,1.20,1.50
2012.03.21 08:57:08.505,1.05147,1.05157,1.69,2.70
2012.03.21 08:57:09.062,1.05145,1.05153,2.90,1.50
2012.03.21 08:57:09.136,1.05144,1.05153,2.49,1.50
2012.03.21 08:57:09.212,1.05144,1.05155,3.75,1.50
2012.03.21 08:57:09.295,1.05142,1.05152,1.50,1.95
2012.03.21 08:57:09.684,1.05141,1.05147,1.50,1.20
2012.03.21 08:57:09.767,1.05137,1.05147,2.15,2.70
2012.03.21 08:57:09.848,1.05135,1.05147,3.75,2.70
2012.03.21 08:57:12.204,1.05138,1.05148,1.20,2.25
2012.03.21 08:57:12.276,1.0514,1.0515,1.50,1.50
2012.03.21 08:57:12.777,1.0514,1.0515,1.50,1.50
2012.03.21 08:57:13.282,1.05139,1.05149,1.50,2.25
2012.03.21 08:57:14.087,1.05139,1.05149,1.50,2.25
2012.03.21 08:57:14.632,1.05139,1.05148,1.50,1.95
2012.03.21 08:57:17.179,1.05141,1.05151,1.50,2.25
2012.03.21 08:57:17.312,1.05141,1.05151,1.50,2.25
2012.03.21 08:57:18.664,1.05141,1.05148,1.50,1.20
2012.03.21 08:57:18.735,1.05138,1.05148,2.25,1.20
2012.03.21 08:57:18.809,1.05137,1.05146,1.50,1.50
2012.03.21 08:57:18.887,1.05134,1.05144,1.95,2.44
2012.03.21 08:57:18.958,1.05133,1.05142,1.13,2.70
2012.03.21 08:57:19.401,1.05131,1.05141,1.50,1.50
2012.03.21 08:57:19.491,1.05133,1.05145,2.70,1.69
2012.03.21 08:57:20.021,1.05133,1.05145,2.70,1.50
2012.03.21 08:57:20.297,1.05136,1.05146,1.50,5.25
2012.03.21 08:57:20.773,1.05139,1.05147,1.50,1.95
2012.03.21 08:57:21.303,1.05139,1.05147,1.50,1.20
2012.03.21 08:57:22.123,1.05137,1.05147,1.50,1.20
2012.03.21 08:57:23.994,1.05137,1.05147,1.50,1.95
2012.03.21 08:57:24.546,1.05136,1.05146,1.50,3.75
2012.03.21 08:57:25.058,1.05136,1.05146,1.50,3.75
2012.03.21 08:57:25.603,1.05136,1.05145,1.50,1.50
2012.03.21 08:57:26.294,1.05136,1.05146,1.50,1.50
2012.03.21 08:57:26.425,1.05136,1.05144,1.50,1.20
2012.03.21 08:57:26.632,1.05134,1.05143,1.50,2.25
2012.03.21 08:57:26.830,1.05132,1.05142,1.50,1.50
2012.03.21 08:57:27.083,1.05135,1.05143,1.50,2.25
2012.03.21 08:57:27.480,1.05132,1.05143,1.50,2.25
2012.03.21 08:57:27.552,1.05135,1.05143,1.50,2.25
2012.03.21 08:57:28.181,1.05135,1.05143,1.50,3.00
2012.03.21 08:57:28.398,1.05132,1.05143,1.50,3.00
2012.03.21 08:57:28.941,1.05133,1.05143,1.50,4.50
2012.03.21 08:57:29.918,1.05131,1.05141,1.50,2.25
2012.03.21 08:57:30.852,1.05132,1.05141,1.20,1.50
2012.03.21 08:57:30.927,1.05134,1.05143,1.50,2.25
2012.03.21 08:57:31.291,1.05139,1.05148,1.50,3.83
2012.03.21 08:57:32.054,1.05139,1.05148,1.50,3.45
2012.03.21 08:57:32.195,1.05136,1.05148,1.69,5.70
2012.03.21 08:57:32.759,1.05136,1.05148,1.69,5.70
2012.03.21 08:57:32.985,1.05135,1.05145,1.69,1.50
2012.03.21 08:57:33.054,1.05137,1.05147,1.50,1.50
2012.03.21 08:57:33.588,1.05139,1.05148,1.50,4.20
2012.03.21 08:57:34.705,1.05134,1.05146,2.25,1.50
2012.03.21 08:57:34.776,1.05134,1.05146,1.69,1.50
2012.03.21 08:57:34.981,1.05134,1.05146,1.69,3.75
2012.03.21 08:57:35.373,1.05137,1.05146,1.50,2.25
2012.03.21 08:57:36.212,1.05137,1.05147,1.50,2.25
2012.03.21 08:57:42.622,1.05137,1.05147,1.50,2.25
2012.03.21 08:57:42.888,1.05139,1.05148,1.50,4.95
2012.03.21 08:57:43.481,1.05136,1.05148,1.88,6.45
2012.03.21 08:57:44.031,1.05136,1.05148,1.88,6.45
2012.03.21 08:57:44.833,1.05136,1.05148,1.88,5.70
2012.03.21 08:57:47.131,1.05136,1.05148,1.69,5.70
2012.03.21 08:57:48.404,1.05138,1.05148,1.20,3.75
2012.03.21 08:57:48.912,1.05139,1.05149,1.50,2.25
2012.03.21 08:57:49.438,1.05139,1.05149,1.50,2.25
2012.03.21 08:57:50.007,1.05138,1.05147,1.20,1.50
2012.03.21 08:57:52.093,1.05138,1.0515,2.70,3.75
2012.03.21 08:57:52.668,1.05138,1.0515,2.70,3.75
2012.03.21 08:57:53.264,1.05138,1.0515,2.70,4.50
2012.03.21 08:57:55.220,1.05138,1.0515,2.70,4.50
2012.03.21 08:57:55.970,1.05138,1.0515,2.70,3.75
2012.03.21 08:57:58.756,1.05138,1.0515,2.70,3.75
2012.03.21 08:58:00.879,1.05138,1.05148,2.70,1.50
2012.03.21 08:58:01.190,1.05138,1.05146,1.20,1.50
2012.03.21 08:58:01.452,1.05138,1.05148,2.70,1.50
2012.03.21 08:58:02.424,1.05138,1.05148,3.64,1.50
2012.03.21 08:58:02.491,1.05138,1.05148,2.89,1.50
2012.03.21 08:58:09.161,1.0514,1.05148,1.50,1.50
2012.03.21 08:58:09.504,1.05148,1.05156,1.95,2.25
2012.03.21 08:58:09.572,1.05148,1.05156,1.95,1.50
2012.03.21 08:58:10.062,1.05151,1.05161,1.50,1.69
2012.03.21 08:58:10.205,1.05149,1.05161,2.25,1.69
2012.03.21 08:58:10.735,1.05149,1.05161,1.50,1.50
2012.03.21 08:58:10.875,1.05151,1.05162,1.50,4.39
2012.03.21 08:58:12.403,1.05151,1.05162,1.50,4.99
2012.03.21 08:58:12.768,1.05146,1.05156,1.69,1.50
2012.03.21 08:58:13.114,1.05144,1.05154,3.00,1.50
2012.03.21 08:58:13.252,1.05146,1.05156,1.69,1.50
2012.03.21 08:58:13.852,1.05148,1.05158,1.50,2.70
2012.03.21 08:58:14.054,1.05145,1.05157,4.69,1.50
2012.03.21 08:58:14.312,1.05145,1.05155,1.69,1.50
2012.03.21 08:58:14.873,1.05145,1.05157,3.19,1.50
2012.03.21 08:58:16.163,1.05154,1.05158,2.25,1.20
2012.03.21 08:58:16.444,1.05156,1.05165,2.70,1.50
2012.03.21 08:58:16.518,1.05156,1.05164,1.50,1.20
2012.03.21 08:58:16.811,1.05157,1.05166,1.58,1.50
2012.03.21 08:58:16.887,1.05159,1.05168,1.50,1.50
2012.03.21 08:58:17.310,1.05159,1.05171,1.50,2.25
2012.03.21 08:58:17.413,1.05162,1.05171,1.20,1.50
2012.03.21 08:58:17.492,1.05159,1.05171,1.50,2.25
2012.03.21 08:58:17.708,1.05158,1.05168,1.88,1.50
2012.03.21 08:58:18.893,1.05158,1.05167,1.50,1.20
2012.03.21 08:58:20.322,1.05155,1.05167,4.69,2.70
2012.03.21 08:58:20.912,1.05158,1.05167,1.50,1.20
2012.03.21 08:58:25.905,1.05156,1.05167,1.13,2.70
2012.03.21 08:58:27.305,1.05158,1.05167,1.50,1.20
2012.03.21 08:58:32.086,1.05156,1.05166,1.69,1.50
2012.03.21 08:58:32.611,1.05153,1.05165,5.60,1.50
2012.03.21 08:58:32.902,1.05153,1.05165,3.45,1.50
2012.03.21 08:58:35.821,1.05153,1.05165,3.45,1.50
2012.03.21 08:58:36.094,1.05157,1.05167,1.88,2.70
2012.03.21 08:58:36.447,1.05153,1.05165,3.45,1.50
2012.03.21 08:58:37.131,1.05155,1.05167,1.50,3.45
2012.03.21 08:58:37.564,1.05153,1.05164,1.95,1.50
2012.03.21 08:58:40.365,1.05153,1.05164,1.20,3.00
2012.03.21 08:58:40.705,1.0515,1.05162,3.04,1.50
2012.03.21 08:58:40.837,1.05149,1.05159,1.69,1.50
2012.03.21 08:58:41.033,1.05149,1.05161,2.44,1.50
2012.03.21 08:58:41.541,1.05149,1.05161,2.25,1.50
2012.03.21 08:58:43.684,1.05149,1.05161,4.35,1.50
2012.03.21 08:58:43.899,1.05156,1.05166,1.20,1.50
2012.03.21 08:58:44.441,1.05153,1.05165,6.35,1.50
2012.03.21 08:58:44.973,1.05156,1.05166,1.50,1.50
2012.03.21 08:58:50.239,1.05157,1.05166,1.20,1.50
2012.03.21 08:58:50.385,1.05157,1.05169,3.45,1.50
2012.03.21 08:58:50.454,1.05163,1.05169,1.20,1.50
2012.03.21 08:58:50.525,1.05163,1.05171,1.20,1.50
2012.03.21 08:58:55.205,1.05159,1.05167,2.10,1.20
2012.03.21 08:58:55.904,1.05158,1.05166,2.25,1.50
2012.03.21 08:58:55.986,1.05154,1.05166,3.75,1.50
2012.03.21 08:58:56.555,1.05157,1.05167,1.50,2.70
2012.03.21 08:58:59.446,1.05157,1.05167,1.50,3.08
2012.03.21 08:58:59.515,1.05157,1.05165,1.50,1.13
2012.03.21 08:58:59.868,1.05149,1.05161,2.25,3.38
2012.03.21 08:59:00.544,1.05148,1.05155,1.58,3.60
2012.03.21 08:59:00.637,1.05145,1.05151,1.50,2.63
2012.03.21 08:59:00.796,1.05136,1.05146,1.69,1.50
2012.03.21 08:59:00.935,1.05134,1.05143,1.50,1.50
2012.03.21 08:59:01.266,1.05135,1.05145,1.69,1.50
2012.03.21 08:59:02.344,1.05137,1.05147,1.50,1.50
2012.03.21 08:59:02.486,1.05139,1.05147,1.50,1.50
2012.03.21 08:59:02.818,1.05139,1.0515,1.50,1.50
2012.03.21 08:59:03.384,1.05141,1.05151,2.25,1.50
2012.03.21 08:59:04.090,1.05139,1.05149,3.00,1.50
2012.03.21 08:59:04.384,1.05141,1.05152,2.25,1.50
2012.03.21 08:59:04.461,1.05143,1.05152,2.15,1.50
2012.03.21 08:59:04.604,1.05145,1.05154,3.94,2.25
2012.03.21 08:59:04.747,1.05146,1.05155,2.44,1.50
2012.03.21 08:59:04.826,1.05145,1.05155,2.44,1.50
2012.03.21 08:59:04.965,1.05146,1.05157,1.69,1.95
2012.03.21 08:59:05.310,1.05145,1.05155,1.69,1.50
2012.03.21 08:59:05.389,1.05143,1.05154,2.14,1.50
2012.03.21 08:59:06.610,1.05143,1.05154,2.89,1.50
2012.03.21 08:59:06.759,1.05147,1.05155,1.50,1.50
2012.03.21 08:59:07.053,1.05149,1.05161,2.25,4.69
2012.03.21 08:59:07.477,1.05149,1.05158,1.50,1.50
2012.03.21 08:59:08.093,1.05149,1.05158,2.25,1.50
2012.03.21 08:59:08.307,1.05152,1.05158,1.50,1.50
2012.03.21 08:59:08.765,1.05151,1.05158,1.88,1.50
2012.03.21 08:59:08.835,1.05151,1.05161,1.88,3.00
2012.03.21 08:59:09.244,1.05151,1.05158,1.88,1.20
2012.03.21 08:59:10.040,1.05149,1.05158,2.93,2.25
2012.03.21 08:59:10.116,1.05149,1.05157,1.50,1.20
2012.03.21 08:59:10.446,1.05149,1.05159,1.50,1.50
2012.03.21 08:59:10.655,1.05149,1.05161,2.25,1.50
2012.03.21 08:59:11.006,1.05149,1.05161,3.68,1.50
2012.03.21 08:59:11.079,1.05152,1.05162,1.50,3.45
2012.03.21 08:59:11.227,1.05149,1.05161,2.25,1.50
2012.03.21 08:59:11.425,1.05149,1.05157,1.50,1.20
2012.03.21 08:59:12.128,1.05148,1.05157,1.69,1.20
2012.03.21 08:59:13.497,1.0515,1.05157,1.50,1.20
2012.03.21 08:59:13.912,1.05148,1.05157,1.69,1.20
2012.03.21 08:59:14.899,1.05148,1.05155,1.50,1.20
2012.03.21 08:59:15.184,1.05145,1.05153,1.50,4.20
2012.03.21 08:59:15.265,1.05141,1.0515,1.50,1.50
2012.03.21 08:59:15.409,1.05138,1.05147,3.00,1.50
2012.03.21 08:59:15.626,1.05142,1.05151,1.20,1.50
2012.03.21 08:59:15.694,1.05139,1.05151,2.25,2.25
2012.03.21 08:59:15.839,1.05139,1.05151,3.00,2.44
2012.03.21 08:59:16.287,1.05143,1.05151,1.20,2.44
2012.03.21 08:59:16.842,1.05143,1.0515,1.20,2.25
2012.03.21 08:59:16.988,1.0514,1.0515,1.50,2.25
2012.03.21 08:59:17.931,1.0514,1.0515,1.50,1.50
2012.03.21 08:59:18.453,1.0514,1.05147,1.50,1.20
2012.03.21 08:59:18.951,1.05138,1.05146,1.50,1.50
2012.03.21 08:59:19.162,1.05139,1.05148,2.25,1.50
2012.03.21 08:59:19.234,1.05142,1.05151,1.20,2.44
2012.03.21 08:59:21.053,1.05139,1.05151,2.25,2.44
2012.03.21 08:59:21.622,1.05141,1.05152,1.50,4.39
2012.03.21 08:59:22.387,1.05141,1.05152,2.25,3.45
2012.03.21 08:59:22.754,1.0515,1.05157,1.50,1.13
2012.03.21 08:59:22.832,1.0515,1.05158,1.50,1.58
2012.03.21 08:59:23.497,1.05148,1.05158,1.50,2.70
2012.03.21 08:59:24.904,1.0515,1.05158,1.50,1.20
2012.03.21 08:59:25.186,1.05147,1.05157,1.50,1.50
2012.03.21 08:59:25.324,1.05145,1.05157,2.63,3.00
2012.03.21 08:59:25.394,1.05145,1.05154,1.13,1.50
2012.03.21 08:59:25.773,1.05145,1.05157,2.63,1.50
2012.03.21 08:59:27.480,1.05148,1.05158,2.70,2.25
2012.03.21 08:59:27.767,1.05149,1.0516,1.88,1.69
2012.03.21 08:59:27.850,1.05153,1.05162,1.50,1.20
2012.03.21 08:59:28.347,1.05157,1.05166,1.50,1.13
2012.03.21 08:59:28.940,1.05159,1.05166,1.50,1.13
2012.03.21 08:59:29.024,1.05156,1.05166,1.50,2.63
2012.03.21 08:59:29.374,1.05156,1.05166,1.50,3.75
2012.03.21 08:59:29.723,1.05156,1.05162,1.50,2.25
2012.03.21 08:59:29.800,1.05154,1.05162,2.25,2.25
2012.03.21 08:59:30.162,1.05149,1.05161,4.58,1.50
2012.03.21 08:59:30.990,1.05151,1.05162,1.50,2.25
2012.03.21 08:59:31.444,1.05153,1.05162,1.20,2.25
2012.03.21 08:59:31.923,1.05151,1.05163,1.50,2.70
2012.03.21 08:59:32.479,1.05151,1.05162,1.50,2.25
2012.03.21 08:59:33.271,1.05151,1.05162,1.50,3.00
2012.03.21 08:59:33.345,1.05151,1.05161,1.50,1.50
2012.03.21 08:59:34.110,1.05148,1.05158,3.94,2.70
2012.03.21 08:59:34.578,1.0515,1.05158,1.50,1.20
2012.03.21 08:59:38.703,1.05148,1.05158,2.25,1.20
2012.03.21 08:59:39.286,1.05147,1.05158,1.69,1.20
2012.03.21 08:59:39.857,1.05145,1.05157,2.63,1.50
2012.03.21 08:59:40.421,1.05148,1.05158,1.50,3.45
2012.03.21 08:59:41.320,1.05148,1.05158,1.50,3.45
2012.03.21 08:59:41.881,1.05148,1.05158,1.50,2.25
2012.03.21 08:59:42.538,1.0515,1.0516,1.50,1.50
2012.03.21 08:59:45.413,1.05147,1.05159,2.89,1.50
2012.03.21 08:59:46.146,1.05147,1.05159,4.39,1.50
2012.03.21 08:59:46.422,1.05149,1.05161,1.50,2.25
2012.03.21 08:59:49.969,1.05149,1.05161,3.00,1.50
2012.03.21 08:59:50.366,1.05151,1.05161,1.50,1.50
2012.03.21 08:59:50.603,1.05159,1.05171,1.50,2.25
2012.03.21 08:59:51.152,1.05159,1.05171,1.50,1.50
2012.03.21 08:59:51.296,1.05158,1.05168,2.70,1.50
2012.03.21 08:59:55.001,1.05158,1.05168,1.50,5.60
2012.03.21 08:59:55.086,1.05152,1.05162,1.95,2.25
2012.03.21 08:59:55.155,1.05152,1.0516,1.95,1.50
2012.03.21 08:59:55.505,1.05152,1.05162,1.50,1.50
2012.03.21 08:59:55.715,1.0515,1.05161,1.13,1.50
2012.03.21 08:59:55.940,1.05148,1.05159,2.14,1.50
2012.03.21 08:59:56.547,1.05148,1.05156,1.39,1.50
2012.03.21 08:59:56.873,1.05148,1.05158,2.89,1.50
2012.03.21 08:59:56.946,1.05148,1.0516,3.64,1.50
2012.03.21 08:59:58.634,1.05147,1.05157,5.14,1.50
2012.03.21 08:59:59.409,1.05149,1.05157,1.50,1.20
2012.03.21 08:59:59.495,1.05149,1.05159,1.88,3.00
