2013.12.17 07:00:00.302,0.89441,0.89449,1.10,1.48
2013.12.17 07:00:00.454,0.89441,0.89449,1.48,1.10
2013.12.17 07:00:00.757,0.89441,0.89449,1.10,1.10
2013.12.17 07:00:01.110,0.89441,0.89449,1.48,1.10
2013.12.17 07:00:02.960,0.8944,0.89448,1.55,1.00
2013.12.17 07:00:03.493,0.89441,0.89449,1.48,1.10
2013.12.17 07:00:05.176,0.89441,0.89449,1.48,1.10
2013.12.17 07:00:07.458,0.89441,0.89449,1.48,1.10
2013.12.17 07:00:15.891,0.89442,0.8945,1.13,2.03
2013.12.17 07:00:16.479,0.89442,0.8945,1.13,2.03
2013.12.17 07:00:18.840,0.89441,0.89449,1.38,1.18
2013.12.17 07:00:19.376,0.89441,0.89449,1.48,1.10
2013.12.17 07:00:20.150,0.89441,0.89449,1.48,1.10
2013.12.17 07:00:20.655,0.89443,0.89451,1.50,1.18
2013.12.17 07:00:20.756,0.89444,0.89452,1.55,1.00
2013.12.17 07:00:21.259,0.89444,0.89452,1.48,1.10
2013.12.17 07:00:22.668,0.89444,0.89452,1.48,1.10
2013.12.17 07:00:23.426,0.89444,0.89452,1.48,1.10
2013.12.17 07:00:24.195,0.89445,0.89453,1.00,1.18
2013.12.17 07:00:24.649,0.89444,0.89452,1.48,1.10
2013.12.17 07:00:25.153,0.89445,0.89453,1.38,1.18
2013.12.17 07:00:25.657,0.89445,0.89453,1.13,1.18
2013.12.17 07:00:26.160,0.89445,0.89453,1.38,1.18
2013.12.17 07:00:26.685,0.89445,0.89453,1.00,1.18
2013.12.17 07:00:27.205,0.89446,0.89454,1.00,1.15
2013.12.17 07:00:27.730,0.89445,0.89453,1.13,1.18
2013.12.17 07:00:28.692,0.89446,0.89454,1.00,1.15
2013.12.17 07:00:30.775,0.89446,0.89454,1.38,1.15
2013.12.17 07:00:31.530,0.89446,0.89455,1.38,2.70
2013.12.17 07:00:31.681,0.89448,0.89456,1.00,1.28
2013.12.17 07:00:31.782,0.89448,0.89456,1.50,2.03
2013.12.17 07:00:32.085,0.89446,0.89454,1.38,1.15
2013.12.17 07:00:32.589,0.89446,0.89454,1.13,1.15
2013.12.17 07:00:35.398,0.89443,0.8945,1.18,1.00
2013.12.17 07:00:35.550,0.89442,0.8945,1.00,1.18
2013.12.17 07:00:35.600,0.89442,0.89449,1.00,2.70
2013.12.17 07:00:35.802,0.89437,0.89445,1.88,1.18
2013.12.17 07:00:35.954,0.89436,0.89443,1.00,1.10
2013.12.17 07:00:36.055,0.89435,0.89443,1.13,1.15
2013.12.17 07:00:36.710,0.89435,0.89443,1.13,1.18
2013.12.17 07:00:38.666,0.89435,0.89443,1.13,1.15
2013.12.17 07:00:40.560,0.89434,0.89444,1.38,2.33
2013.12.17 07:00:40.611,0.89441,0.89447,1.00,2.70
2013.12.17 07:00:40.712,0.89437,0.89445,2.25,1.28
2013.12.17 07:00:41.014,0.89436,0.89444,1.00,1.65
2013.12.17 07:00:41.065,0.89436,0.89444,1.48,1.58
2013.12.17 07:00:41.418,0.89436,0.89444,1.20,1.20
2013.12.17 07:00:41.569,0.89433,0.89445,4.20,1.55
2013.12.17 07:00:41.771,0.89437,0.89445,2.25,1.55
2013.12.17 07:00:42.225,0.89435,0.89443,2.33,1.00
2013.12.17 07:00:42.326,0.89434,0.89444,1.65,1.28
2013.12.17 07:00:42.428,0.89436,0.89444,1.95,1.95
2013.12.17 07:00:45.380,0.89437,0.89444,1.00,1.10
2013.12.17 07:00:46.065,0.89436,0.89444,1.00,1.18
2013.12.17 07:00:46.967,0.89435,0.89443,1.48,1.10
2013.12.17 07:00:48.363,0.89435,0.89443,1.20,1.20
2013.12.17 07:00:54.795,0.89435,0.89443,1.00,1.18
2013.12.17 07:00:59.843,0.89434,0.89442,1.20,1.10
2013.12.17 07:01:03.845,0.89434,0.89442,1.20,1.00
2013.12.17 07:01:04.612,0.89434,0.89442,1.20,1.10
2013.12.17 07:01:05.223,0.89434,0.89442,1.13,1.18
2013.12.17 07:01:06.262,0.89434,0.89442,1.20,1.10
2013.12.17 07:01:07.316,0.89434,0.89442,1.13,1.08
2013.12.17 07:01:07.861,0.89434,0.89442,1.20,1.10
2013.12.17 07:01:08.171,0.89431,0.89442,4.20,1.95
2013.12.17 07:01:08.545,0.89427,0.89433,2.78,1.00
2013.12.17 07:01:08.798,0.89422,0.89428,1.00,1.00
2013.12.17 07:01:08.951,0.89421,0.89426,1.10,1.00
2013.12.17 07:01:09.054,0.89421,0.89428,1.10,1.00
2013.12.17 07:01:09.408,0.89423,0.89429,1.38,1.00
2013.12.17 07:01:09.712,0.89427,0.89433,1.50,3.00
2013.12.17 07:01:09.914,0.89427,0.89434,1.65,1.13
2013.12.17 07:01:10.418,0.89428,0.89436,1.00,1.18
2013.12.17 07:01:15.335,0.89426,0.89432,1.18,1.00
2013.12.17 07:01:17.692,0.89425,0.89432,1.10,1.00
2013.12.17 07:01:20.287,0.89424,0.89431,1.20,1.00
2013.12.17 07:01:21.627,0.89424,0.89431,1.28,1.00
2013.12.17 07:01:22.386,0.89424,0.89431,1.18,1.00
2013.12.17 07:01:22.898,0.89424,0.89431,1.10,1.00
2013.12.17 07:01:23.479,0.89424,0.89431,1.18,1.00
2013.12.17 07:01:30.129,0.89424,0.89431,1.10,1.00
2013.12.17 07:01:30.637,0.89424,0.89431,1.18,1.00
2013.12.17 07:01:31.180,0.89424,0.89431,1.20,1.00
2013.12.17 07:01:32.531,0.89424,0.89431,1.18,1.00
2013.12.17 07:01:33.105,0.89424,0.89431,1.10,1.00
2013.12.17 07:01:41.700,0.89424,0.89431,1.48,1.00
2013.12.17 07:01:57.653,0.89424,0.89431,1.38,1.10
2013.12.17 07:01:58.191,0.89424,0.89431,1.20,1.00
2013.12.17 07:02:03.577,0.89424,0.89431,1.20,1.08
2013.12.17 07:02:04.081,0.89423,0.8943,1.58,1.00
2013.12.17 07:02:04.586,0.89423,0.8943,1.58,1.00
2013.12.17 07:02:08.178,0.89423,0.8943,1.65,1.00
2013.12.17 07:02:16.845,0.89425,0.89432,1.38,1.18
2013.12.17 07:02:18.300,0.89425,0.89432,1.38,1.10
2013.12.17 07:02:18.830,0.89425,0.89432,1.38,1.18
2013.12.17 07:02:21.262,0.89425,0.89432,1.38,1.15
2013.12.17 07:02:21.768,0.89425,0.89432,1.38,1.18
2013.12.17 07:02:22.862,0.89425,0.89432,1.38,1.15
2013.12.17 07:02:23.396,0.89425,0.89432,1.13,1.15
2013.12.17 07:02:23.900,0.89425,0.89432,1.13,1.15
2013.12.17 07:02:24.452,0.89425,0.89432,1.13,1.15
2013.12.17 07:02:26.155,0.89426,0.89433,1.00,1.28
2013.12.17 07:02:26.458,0.89428,0.89434,1.00,2.33
2013.12.17 07:02:26.559,0.89428,0.89435,1.00,1.28
2013.12.17 07:02:27.093,0.89428,0.89435,1.38,1.18
2013.12.17 07:02:40.800,0.89428,0.89435,1.48,1.10
2013.12.17 07:02:42.875,0.89426,0.89433,2.03,1.00
2013.12.17 07:02:51.228,0.89428,0.89435,1.38,1.10
2013.12.17 07:02:58.429,0.89428,0.89436,1.95,1.10
2013.12.17 07:02:59.956,0.89429,0.89437,1.95,1.20
2013.12.17 07:03:00.465,0.89429,0.89437,1.88,1.18
2013.12.17 07:03:06.975,0.89429,0.89437,1.95,1.10
2013.12.17 07:03:08.020,0.8943,0.89437,4.20,1.10
2013.12.17 07:03:20.990,0.89429,0.89437,1.53,1.00
2013.12.17 07:03:26.335,0.8943,0.89438,1.55,1.00
2013.12.17 07:03:26.638,0.89436,0.89444,1.00,2.03
2013.12.17 07:03:27.156,0.89436,0.89444,1.38,1.15
2013.12.17 07:03:27.566,0.8944,0.89446,1.00,2.70
2013.12.17 07:03:27.819,0.8944,0.89448,1.13,3.08
2013.12.17 07:03:28.331,0.89441,0.89448,1.00,2.33
2013.12.17 07:03:28.583,0.89442,0.8945,1.00,4.20
2013.12.17 07:03:31.602,0.89442,0.8945,1.38,3.08
2013.12.17 07:03:32.118,0.89442,0.8945,1.38,1.15
2013.12.17 07:03:32.630,0.89441,0.89449,1.00,1.15
2013.12.17 07:03:35.464,0.8944,0.89448,1.88,1.18
2013.12.17 07:03:38.143,0.8944,0.89448,1.95,1.20
2013.12.17 07:03:38.759,0.8944,0.89448,1.95,1.10
2013.12.17 07:03:39.379,0.8944,0.89448,5.63,1.18
2013.12.17 07:03:45.536,0.8944,0.89448,5.70,1.20
2013.12.17 07:03:46.052,0.8944,0.89448,1.88,1.18
2013.12.17 07:03:47.189,0.8944,0.89448,1.95,1.20
2013.12.17 07:03:47.702,0.8944,0.89448,1.88,1.18
2013.12.17 07:03:50.048,0.8944,0.89448,1.95,1.20
2013.12.17 07:03:50.562,0.8944,0.89448,1.88,1.18
2013.12.17 07:03:53.061,0.8944,0.89448,1.88,1.28
2013.12.17 07:03:53.464,0.89438,0.89446,1.95,1.20
2013.12.17 07:03:53.787,0.89436,0.89444,1.88,3.08
2013.12.17 07:03:54.292,0.89436,0.89444,1.88,1.15
2013.12.17 07:03:55.136,0.89435,0.89442,1.13,1.18
2013.12.17 07:03:55.640,0.89435,0.89442,1.13,1.10
2013.12.17 07:03:58.208,0.89435,0.89443,2.03,1.00
2013.12.17 07:03:58.713,0.89436,0.89444,1.95,1.10
2013.12.17 07:04:01.578,0.89438,0.89446,1.00,1.15
2013.12.17 07:04:01.680,0.89441,0.89448,1.00,1.28
2013.12.17 07:04:01.831,0.89441,0.89449,1.00,1.55
2013.12.17 07:04:02.336,0.89441,0.89449,1.00,1.53
2013.12.17 07:04:07.920,0.89441,0.89449,1.00,1.18
2013.12.17 07:04:08.179,0.89441,0.89449,1.00,1.70
2013.12.17 07:04:08.342,0.89441,0.89449,1.00,1.18
2013.12.17 07:04:08.875,0.8944,0.89448,1.10,1.10
2013.12.17 07:04:10.449,0.8944,0.89448,1.48,1.10
2013.12.17 07:04:10.953,0.8944,0.89448,1.95,1.10
2013.12.17 07:04:23.158,0.8944,0.89448,1.48,1.10
2013.12.17 07:04:29.598,0.8944,0.89448,1.38,1.08
2013.12.17 07:04:31.547,0.8944,0.89448,1.48,1.20
2013.12.17 07:04:32.319,0.8944,0.89448,1.38,1.08
2013.12.17 07:04:33.224,0.8944,0.89448,1.48,1.10
2013.12.17 07:04:33.865,0.8944,0.89448,1.38,1.18
2013.12.17 07:04:34.017,0.89439,0.89447,1.58,1.20
2013.12.17 07:04:34.219,0.89438,0.89446,1.88,1.18
2013.12.17 07:04:34.521,0.89435,0.89442,1.38,1.10
2013.12.17 07:04:35.327,0.89434,0.89441,1.53,1.00
2013.12.17 07:04:35.885,0.89434,0.89442,2.03,1.00
2013.12.17 07:04:36.635,0.89435,0.89443,1.28,1.13
2013.12.17 07:04:37.153,0.89434,0.89442,2.03,1.00
2013.12.17 07:04:37.654,0.89434,0.89442,2.03,1.00
2013.12.17 07:04:38.527,0.89434,0.89442,2.03,1.00
2013.12.17 07:04:39.189,0.89434,0.89442,2.03,1.00
2013.12.17 07:04:40.524,0.89434,0.89442,2.03,1.00
2013.12.17 07:04:42.390,0.89434,0.89442,2.03,1.00
2013.12.17 07:04:42.592,0.89436,0.89444,1.48,1.10
2013.12.17 07:04:42.970,0.89437,0.89445,1.48,1.10
2013.12.17 07:04:44.760,0.89439,0.89447,5.03,1.50
2013.12.17 07:04:44.911,0.89439,0.89449,1.53,1.10
2013.12.17 07:04:45.928,0.89439,0.89447,5.03,1.00
2013.12.17 07:04:52.962,0.89439,0.89447,1.55,1.00
2013.12.17 07:04:57.126,0.89439,0.89447,1.55,1.00
2013.12.17 07:05:00.669,0.89439,0.89447,5.03,1.00
2013.12.17 07:05:05.045,0.89439,0.89447,1.38,1.18
2013.12.17 07:05:07.314,0.89439,0.89447,1.48,1.10
2013.12.17 07:05:07.946,0.89439,0.89447,1.38,1.18
2013.12.17 07:05:08.584,0.89439,0.89447,1.48,1.10
2013.12.17 07:05:09.992,0.89439,0.89447,1.38,1.18
2013.12.17 07:05:10.193,0.89439,0.89447,1.13,1.28
2013.12.17 07:05:10.718,0.89439,0.89447,1.20,1.20
2013.12.17 07:05:11.267,0.89439,0.89447,1.20,1.58
2013.12.17 07:05:23.882,0.89439,0.89447,1.20,1.20
2013.12.17 07:05:24.419,0.89437,0.89445,1.38,5.63
2013.12.17 07:05:52.902,0.89435,0.89443,1.00,3.45
2013.12.17 07:05:52.952,0.89434,0.89442,1.38,1.53
2013.12.17 07:05:53.502,0.89434,0.89442,1.38,1.55
2013.12.17 07:05:57.369,0.89436,0.89444,1.38,2.78
2013.12.17 07:06:00.620,0.89437,0.89444,1.13,2.03
2013.12.17 07:06:02.409,0.89438,0.89444,1.00,1.53
2013.12.17 07:06:04.612,0.89437,0.89445,1.13,3.83
2013.12.17 07:06:05.188,0.89436,0.89444,1.13,1.65
2013.12.17 07:06:08.898,0.89437,0.89445,1.00,4.58
2013.12.17 07:06:10.898,0.89436,0.89444,1.13,1.65
2013.12.17 07:06:18.767,0.89436,0.89444,1.13,2.40
2013.12.17 07:06:21.013,0.89436,0.89444,1.13,2.40
2013.12.17 07:06:24.234,0.89437,0.89444,1.00,1.65
2013.12.17 07:06:24.436,0.89438,0.89446,1.20,1.95
2013.12.17 07:06:24.537,0.8944,0.89447,3.75,3.08
2013.12.17 07:06:24.638,0.89444,0.8945,1.38,1.58
2013.12.17 07:06:24.840,0.89445,0.89453,1.13,3.83
2013.12.17 07:06:25.243,0.89445,0.89453,1.13,1.65
2013.12.17 07:06:31.332,0.89445,0.89453,1.13,1.65
2013.12.17 07:06:31.845,0.89445,0.89453,1.13,3.83
2013.12.17 07:06:33.320,0.89445,0.89453,1.13,1.65
2013.12.17 07:06:37.270,0.89445,0.89453,1.13,3.83
2013.12.17 07:06:39.966,0.89445,0.89453,1.13,1.65
2013.12.17 07:07:00.113,0.89445,0.89453,1.20,1.58
2013.12.17 07:07:03.570,0.89445,0.89453,1.13,1.58
2013.12.17 07:07:04.122,0.89445,0.89453,1.20,1.58
2013.12.17 07:07:04.674,0.89445,0.89453,1.13,1.58
2013.12.17 07:07:05.207,0.89445,0.89453,1.20,1.58
2013.12.17 07:07:05.753,0.89445,0.89453,1.13,1.65
2013.12.17 07:07:18.179,0.89445,0.89453,1.20,1.65
2013.12.17 07:07:20.152,0.89445,0.89453,1.13,1.65
2013.12.17 07:07:20.656,0.89445,0.89453,1.20,1.65
2013.12.17 07:07:21.160,0.89445,0.89453,1.13,1.65
2013.12.17 07:07:21.816,0.89445,0.89453,1.20,1.58
2013.12.17 07:07:22.329,0.89445,0.89453,1.13,1.65
2013.12.17 07:07:22.990,0.89445,0.89453,1.20,1.58
2013.12.17 07:07:23.644,0.89445,0.89453,1.13,1.65
2013.12.17 07:07:39.381,0.89444,0.89451,1.48,1.00
2013.12.17 07:07:44.152,0.89444,0.89451,1.20,1.00
2013.12.17 07:07:44.736,0.89444,0.89451,1.13,1.18
2013.12.17 07:07:45.926,0.89444,0.89451,1.13,1.20
2013.12.17 07:07:46.998,0.89444,0.89451,1.13,1.28
2013.12.17 07:07:50.405,0.89444,0.89451,1.13,1.28
2013.12.17 07:07:50.910,0.89444,0.89451,1.13,1.28
2013.12.17 07:07:52.596,0.89444,0.89451,1.13,1.28
2013.12.17 07:07:55.552,0.89444,0.89451,1.13,1.28
2013.12.17 07:07:56.414,0.89444,0.89451,1.13,1.20
2013.12.17 07:08:00.310,0.89444,0.89451,1.13,1.28
2013.12.17 07:08:01.330,0.89444,0.89451,1.13,1.10
2013.12.17 07:08:03.265,0.89444,0.89451,1.13,1.08
2013.12.17 07:08:04.390,0.89444,0.89451,1.13,1.10
2013.12.17 07:08:04.921,0.89444,0.89451,1.13,1.18
2013.12.17 07:08:05.431,0.89444,0.89451,1.13,1.10
2013.12.17 07:08:05.959,0.89444,0.89451,1.13,1.18
2013.12.17 07:08:07.318,0.89444,0.89451,1.13,1.10
2013.12.17 07:08:08.756,0.89444,0.89451,1.13,1.18
2013.12.17 07:08:09.635,0.89444,0.89451,1.13,1.10
2013.12.17 07:08:15.056,0.89444,0.89451,1.13,1.10
2013.12.17 07:08:16.109,0.89444,0.89451,1.13,1.18
2013.12.17 07:08:16.613,0.89444,0.89451,1.13,1.10
2013.12.17 07:08:17.136,0.89444,0.89451,1.13,1.18
2013.12.17 07:08:17.880,0.89444,0.89451,1.13,1.10
2013.12.17 07:08:22.476,0.89444,0.89451,1.13,1.18
2013.12.17 07:08:22.994,0.89444,0.89451,1.20,1.00
2013.12.17 07:08:24.196,0.89445,0.89452,1.00,1.20
2013.12.17 07:08:27.308,0.89447,0.89453,1.00,1.10
2013.12.17 07:08:29.062,0.89447,0.89454,1.38,1.95
2013.12.17 07:08:29.466,0.89449,0.89456,1.00,1.20
2013.12.17 07:08:32.200,0.89449,0.89456,1.15,1.13
2013.12.17 07:08:33.315,0.89449,0.89456,1.18,1.13
2013.12.17 07:08:34.372,0.89449,0.89456,1.10,1.13
2013.12.17 07:08:40.773,0.89449,0.89456,1.18,1.13
2013.12.17 07:08:42.186,0.89449,0.89456,1.10,1.13
2013.12.17 07:08:43.996,0.8945,0.89456,1.00,1.13
2013.12.17 07:08:51.620,0.89452,0.89458,1.38,1.20
2013.12.17 07:08:51.671,0.89452,0.89458,1.75,1.10
2013.12.17 07:08:51.772,0.89455,0.8946,1.00,2.25
2013.12.17 07:08:51.823,0.89455,0.8946,1.00,1.50
2013.12.17 07:08:52.176,0.89456,0.89463,1.13,1.28
2013.12.17 07:08:52.680,0.89457,0.89464,1.13,4.20
2013.12.17 07:08:54.553,0.89457,0.89464,1.13,2.03
2013.12.17 07:09:05.155,0.89458,0.89464,1.13,1.15
2013.12.17 07:09:05.206,0.89458,0.89464,1.20,1.00
2013.12.17 07:09:05.857,0.89458,0.89465,1.58,1.00
2013.12.17 07:09:06.568,0.89458,0.89465,1.58,1.00
2013.12.17 07:09:06.785,0.89458,0.89465,1.58,1.38
2013.12.17 07:09:15.202,0.89458,0.89464,1.00,1.18
2013.12.17 07:09:15.303,0.89458,0.89464,1.65,1.00
2013.12.17 07:09:15.807,0.89458,0.89465,1.65,1.00
2013.12.17 07:09:19.466,0.89458,0.89465,1.65,1.00
2013.12.17 07:09:19.991,0.89458,0.89465,1.65,1.00
2013.12.17 07:09:20.847,0.89458,0.89465,1.65,1.00
2013.12.17 07:09:21.370,0.89458,0.89465,1.65,1.00
2013.12.17 07:09:26.084,0.89458,0.89465,1.28,1.50
2013.12.17 07:09:26.588,0.89458,0.89464,1.00,1.58
2013.12.17 07:09:47.296,0.89457,0.89464,1.13,2.03
2013.12.17 07:09:52.880,0.89457,0.89464,1.00,2.40
2013.12.17 07:09:59.053,0.89456,0.89464,1.00,6.15
2013.12.17 07:10:42.605,0.89455,0.89463,1.13,1.65
2013.12.17 07:10:46.909,0.89454,0.89461,1.20,1.00
2013.12.17 07:10:52.819,0.89453,0.89461,2.33,1.95
2013.12.17 07:10:59.846,0.89453,0.89462,2.70,1.10
2013.12.17 07:11:00.301,0.89454,0.89461,1.13,1.58
2013.12.17 07:11:00.683,0.89454,0.89458,1.00,1.13
2013.12.17 07:11:00.994,0.8945,0.89457,1.38,1.58
2013.12.17 07:11:01.521,0.89449,0.89457,2.03,1.58
2013.12.17 07:11:05.131,0.8945,0.89457,1.38,1.10
2013.12.17 07:11:06.417,0.8945,0.89458,1.48,1.95
2013.12.17 07:11:06.921,0.8945,0.89457,1.38,1.10
2013.12.17 07:11:10.178,0.8945,0.89457,1.88,1.10
2013.12.17 07:11:10.684,0.89451,0.89457,1.38,1.00
2013.12.17 07:11:12.344,0.89453,0.89458,1.00,1.10
2013.12.17 07:11:12.596,0.89454,0.89461,1.38,2.33
2013.12.17 07:11:12.747,0.89456,0.89463,1.00,2.70
2013.12.17 07:11:12.849,0.89456,0.89464,1.00,2.78
2013.12.17 07:11:22.434,0.89455,0.89463,1.88,1.28
2013.12.17 07:11:23.970,0.89455,0.89463,1.88,1.18
2013.12.17 07:11:25.943,0.89455,0.89463,1.88,2.03
2013.12.17 07:11:27.154,0.89455,0.89463,1.88,1.65
2013.12.17 07:11:30.785,0.89455,0.89463,1.88,1.65
2013.12.17 07:11:31.087,0.89454,0.89461,1.50,1.55
2013.12.17 07:11:33.956,0.89452,0.89459,1.55,1.00
2013.12.17 07:11:35.381,0.89455,0.89461,1.38,1.58
2013.12.17 07:11:36.708,0.89455,0.8946,1.13,1.00
2013.12.17 07:11:43.968,0.89455,0.89461,1.38,1.58
2013.12.17 07:11:47.294,0.89455,0.8946,1.13,1.00
2013.12.17 07:11:48.626,0.89455,0.89461,1.38,1.58
2013.12.17 07:11:50.192,0.89453,0.8946,1.48,1.50
2013.12.17 07:11:51.931,0.89453,0.8946,1.48,1.50
2013.12.17 07:11:54.556,0.89454,0.8946,1.38,1.00
2013.12.17 07:11:54.808,0.89456,0.89463,1.13,1.65
2013.12.17 07:11:54.909,0.89456,0.89462,1.95,2.25
2013.12.17 07:11:55.116,0.89455,0.89461,1.38,1.10
2013.12.17 07:11:55.325,0.89453,0.89458,1.28,1.13
2013.12.17 07:11:56.441,0.89453,0.8946,1.50,2.03
2013.12.17 07:11:59.504,0.89453,0.89458,1.00,2.03
2013.12.17 07:11:59.656,0.89453,0.89458,1.00,2.03
2013.12.17 07:12:00.238,0.89451,0.89458,1.38,1.95
2013.12.17 07:12:00.741,0.89451,0.89458,1.38,2.03
2013.12.17 07:12:02.936,0.89451,0.89457,1.13,1.10
2013.12.17 07:12:04.774,0.89452,0.89457,1.00,1.10
2013.12.17 07:12:08.844,0.89451,0.89457,1.00,1.10
2013.12.17 07:12:10.427,0.89452,0.89457,1.00,1.10
2013.12.17 07:12:11.138,0.89451,0.89457,1.00,1.10
2013.12.17 07:12:15.564,0.89451,0.89457,1.00,1.18
2013.12.17 07:12:19.891,0.8945,0.89457,1.13,1.65
2013.12.17 07:12:31.942,0.8945,0.89457,1.38,1.65
2013.12.17 07:12:37.691,0.8945,0.89457,1.38,1.18
2013.12.17 07:12:37.792,0.89455,0.8946,1.00,1.20
2013.12.17 07:12:38.097,0.89458,0.89464,1.00,1.53
2013.12.17 07:12:39.416,0.89454,0.8946,4.58,1.00
2013.12.17 07:12:39.555,0.89458,0.89464,1.13,1.15
2013.12.17 07:12:46.707,0.89458,0.89464,1.13,1.18
2013.12.17 07:12:47.256,0.89459,0.89465,1.00,1.28
2013.12.17 07:12:51.988,0.89458,0.89464,1.13,1.10
2013.12.17 07:13:04.928,0.89457,0.89464,1.13,1.10
2013.12.17 07:13:09.811,0.89456,0.89463,1.48,1.00
2013.12.17 07:13:09.912,0.89455,0.89462,1.38,1.20
2013.12.17 07:13:10.114,0.89454,0.89461,1.38,1.58
2013.12.17 07:13:10.366,0.89457,0.89463,1.00,1.10
2013.12.17 07:13:17.132,0.89457,0.89463,1.00,1.48
2013.12.17 07:13:17.183,0.89455,0.89462,1.48,1.50
2013.12.17 07:13:17.384,0.89455,0.8946,1.38,1.00
2013.12.17 07:13:17.486,0.89455,0.89462,1.38,1.10
2013.12.17 07:13:17.537,0.89458,0.89464,1.00,1.95
2013.12.17 07:13:17.587,0.89458,0.89464,1.00,1.95
2013.12.17 07:13:18.108,0.89458,0.89465,1.00,2.78
2013.12.17 07:13:18.259,0.89458,0.89465,1.00,2.70
2013.12.17 07:13:18.788,0.89458,0.89465,1.00,2.78
2013.12.17 07:13:26.646,0.89461,0.89466,1.00,1.95
2013.12.17 07:13:26.748,0.89458,0.89465,1.65,1.00
2013.12.17 07:13:27.253,0.8946,0.89466,1.13,1.00
2013.12.17 07:13:30.014,0.8946,0.89467,1.13,1.65
2013.12.17 07:13:31.053,0.8946,0.89467,1.13,1.65
2013.12.17 07:13:40.598,0.89459,0.89466,1.38,1.18
2013.12.17 07:13:41.105,0.89459,0.89466,1.13,1.18
2013.12.17 07:13:41.648,0.89459,0.89466,1.13,1.10
2013.12.17 07:13:42.753,0.89459,0.89466,1.13,1.08
2013.12.17 07:13:43.276,0.89459,0.89466,1.13,1.10
2013.12.17 07:13:50.317,0.89459,0.89466,1.13,2.03
2013.12.17 07:13:50.520,0.89457,0.89463,1.38,1.10
2013.12.17 07:13:51.057,0.89456,0.89463,1.48,1.50
2013.12.17 07:14:05.227,0.89456,0.89463,1.48,1.00
2013.12.17 07:14:11.673,0.89456,0.89463,1.48,1.00
2013.12.17 07:14:13.150,0.89456,0.89463,1.10,1.13
2013.12.17 07:14:13.675,0.89455,0.89462,1.95,1.00
2013.12.17 07:14:31.211,0.89455,0.89462,1.13,1.08
2013.12.17 07:14:31.717,0.89455,0.89462,1.13,1.10
2013.12.17 07:14:32.607,0.89455,0.89462,1.13,1.08
2013.12.17 07:14:33.161,0.89455,0.89462,1.13,1.10
2013.12.17 07:14:35.195,0.89454,0.89461,1.95,1.00
2013.12.17 07:14:51.773,0.89454,0.89459,1.38,1.00
2013.12.17 07:14:55.887,0.89454,0.89459,1.13,1.00
2013.12.17 07:14:56.190,0.89451,0.89456,1.38,1.00
2013.12.17 07:14:56.442,0.89451,0.89456,1.38,1.00
2013.12.17 07:14:57.198,0.8945,0.89456,1.00,1.13
2013.12.17 07:14:57.501,0.89449,0.89453,1.00,1.00
2013.12.17 07:14:57.753,0.89447,0.89453,1.20,1.00
2013.12.17 07:14:58.360,0.89447,0.89453,1.20,1.00
2013.12.17 07:14:58.914,0.89447,0.89453,1.10,1.00
2013.12.17 07:14:59.441,0.89447,0.89453,1.18,1.00
2013.12.17 07:15:00.444,0.89447,0.89453,1.10,1.00
2013.12.17 07:15:04.863,0.89446,0.89452,1.95,1.00
2013.12.17 07:15:05.119,0.89446,0.89452,1.48,1.00
2013.12.17 07:15:05.524,0.89445,0.89451,1.20,1.00
2013.12.17 07:15:05.978,0.89445,0.89453,1.00,2.70
2013.12.17 07:15:06.129,0.89443,0.89447,1.00,1.00
2013.12.17 07:15:06.186,0.89443,0.89451,1.00,4.65
2013.12.17 07:15:06.439,0.89437,0.89443,1.55,1.00
2013.12.17 07:15:06.692,0.89435,0.89442,1.28,1.00
2013.12.17 07:15:07.238,0.89435,0.89442,1.10,1.13
2013.12.17 07:15:18.914,0.89435,0.89442,1.13,1.08
2013.12.17 07:15:19.423,0.89434,0.8944,1.20,1.00
2013.12.17 07:15:19.617,0.89433,0.89437,1.10,1.00
2013.12.17 07:15:19.973,0.89432,0.89437,1.10,1.00
2013.12.17 07:15:20.486,0.89431,0.89437,1.20,1.00
2013.12.17 07:15:21.188,0.8943,0.89437,2.03,1.00
2013.12.17 07:15:21.718,0.8943,0.89441,2.03,1.28
2013.12.17 07:15:35.274,0.8943,0.89437,2.03,1.00
2013.12.17 07:15:35.376,0.8943,0.89437,2.03,1.00
2013.12.17 07:15:35.678,0.89429,0.89436,1.00,1.20
2013.12.17 07:15:36.236,0.89429,0.89436,1.00,1.48
2013.12.17 07:15:44.807,0.89429,0.89436,1.18,1.38
2013.12.17 07:15:45.355,0.89429,0.89436,1.10,1.38
2013.12.17 07:15:50.234,0.89429,0.89436,1.10,1.13
2013.12.17 07:16:04.673,0.89428,0.89435,4.20,3.00
2013.12.17 07:16:04.978,0.89426,0.89433,3.75,3.08
2013.12.17 07:16:05.502,0.89427,0.89433,1.00,3.08
2013.12.17 07:16:06.704,0.89426,0.89433,1.00,1.18
2013.12.17 07:16:07.599,0.89426,0.89433,1.00,1.15
2013.12.17 07:16:11.210,0.89426,0.89433,1.00,1.15
2013.12.17 07:16:11.881,0.89426,0.89433,1.00,1.18
2013.12.17 07:16:16.143,0.89426,0.89433,1.00,1.18
2013.12.17 07:16:16.669,0.89426,0.89433,1.00,1.18
2013.12.17 07:16:19.722,0.89426,0.89433,1.00,1.15
2013.12.17 07:16:20.255,0.89426,0.89433,1.00,1.18
2013.12.17 07:16:27.293,0.89426,0.89433,1.00,1.15
2013.12.17 07:16:27.797,0.89426,0.89433,1.38,1.15
2013.12.17 07:16:28.357,0.89426,0.89433,1.00,1.15
2013.12.17 07:16:29.221,0.89426,0.89433,1.38,1.15
2013.12.17 07:16:29.753,0.89426,0.89433,1.00,1.15
2013.12.17 07:16:31.365,0.89425,0.89433,1.38,1.65
2013.12.17 07:16:33.674,0.89425,0.89433,1.00,1.65
2013.12.17 07:16:34.178,0.89425,0.89433,1.38,1.65
2013.12.17 07:16:36.193,0.89425,0.89433,1.00,1.65
2013.12.17 07:16:36.699,0.89425,0.89433,1.38,1.65
2013.12.17 07:16:37.214,0.89425,0.89433,1.00,1.65
2013.12.17 07:16:37.802,0.89425,0.89433,1.38,1.65
2013.12.17 07:16:45.512,0.89425,0.89433,1.48,1.58
2013.12.17 07:16:46.017,0.89425,0.89433,1.38,1.65
2013.12.17 07:16:51.767,0.89425,0.89433,1.00,3.83
2013.12.17 07:16:51.919,0.89423,0.89428,1.20,1.00
2013.12.17 07:16:52.272,0.89423,0.8943,2.40,1.00
2013.12.17 07:16:52.685,0.89423,0.89433,2.33,1.65
2013.12.17 07:16:53.197,0.89423,0.89431,6.90,1.10
2013.12.17 07:17:00.297,0.89424,0.89432,1.48,1.10
2013.12.17 07:17:03.870,0.89425,0.89432,1.38,1.10
2013.12.17 07:17:04.223,0.89424,0.89432,5.33,1.10
2013.12.17 07:17:08.879,0.89426,0.89433,1.75,1.10
2013.12.17 07:17:09.182,0.89428,0.89434,4.13,1.00
2013.12.17 07:17:09.686,0.89429,0.89435,1.00,1.10
2013.12.17 07:17:10.291,0.89429,0.89437,1.38,1.00
2013.12.17 07:17:10.878,0.89429,0.89436,1.00,1.65
2013.12.17 07:17:12.492,0.89429,0.89437,1.38,1.10
2013.12.17 07:17:12.795,0.89429,0.89436,1.00,1.08
2013.12.17 07:17:12.947,0.89429,0.89437,1.58,1.58
2013.12.17 07:17:13.485,0.8943,0.89437,4.50,1.18
2013.12.17 07:17:14.014,0.8943,0.89437,4.50,1.10
2013.12.17 07:17:14.819,0.8943,0.89437,4.50,1.18
2013.12.17 07:17:23.224,0.8943,0.89437,1.00,1.65
2013.12.17 07:17:25.423,0.89429,0.89437,1.88,1.58
2013.12.17 07:17:26.973,0.8943,0.89437,4.13,1.65
2013.12.17 07:17:34.527,0.8943,0.89437,4.88,1.20
2013.12.17 07:17:35.845,0.8943,0.89437,1.38,1.18
2013.12.17 07:17:37.916,0.8943,0.89436,4.88,1.10
2013.12.17 07:17:38.325,0.8943,0.89436,1.00,1.28
2013.12.17 07:17:47.378,0.8943,0.89436,4.88,1.10
2013.12.17 07:17:51.626,0.8943,0.89438,4.88,2.78
2013.12.17 07:18:00.423,0.89431,0.89438,1.00,1.28
2013.12.17 07:18:01.411,0.8943,0.89438,1.13,2.03
2013.12.17 07:18:04.161,0.8943,0.89438,1.20,2.03
2013.12.17 07:18:07.246,0.8943,0.89438,1.28,1.88
2013.12.17 07:18:08.248,0.8943,0.89438,1.20,1.95
2013.12.17 07:18:08.752,0.8943,0.89438,1.28,1.88
2013.12.17 07:18:09.346,0.8943,0.89436,1.20,1.00
2013.12.17 07:18:12.148,0.8943,0.89436,1.20,1.00
2013.12.17 07:18:12.652,0.89431,0.89436,1.10,1.00
2013.12.17 07:18:15.491,0.8943,0.89436,4.95,1.00
2013.12.17 07:18:16.486,0.89431,0.89436,1.00,1.00
2013.12.17 07:18:18.215,0.89431,0.89437,1.00,1.50
2013.12.17 07:18:18.517,0.89432,0.89439,1.00,1.58
2013.12.17 07:18:18.618,0.89434,0.89439,1.00,1.58
2013.12.17 07:18:19.021,0.89436,0.89442,1.00,1.48
2013.12.17 07:18:19.224,0.89436,0.89444,1.00,2.78
2013.12.17 07:18:19.729,0.89436,0.89444,1.00,2.03
2013.12.17 07:18:25.544,0.89435,0.89439,1.00,1.13
2013.12.17 07:18:25.847,0.89437,0.89442,1.00,1.65
2013.12.17 07:18:25.898,0.89437,0.89442,1.00,1.45
2013.12.17 07:18:26.349,0.89436,0.89444,2.03,1.00
2013.12.17 07:18:26.956,0.89436,0.89444,2.03,1.00
2013.12.17 07:18:27.889,0.89436,0.89444,2.03,1.50
2013.12.17 07:18:30.548,0.89436,0.89443,2.03,1.00
2013.12.17 07:18:40.868,0.89436,0.89444,1.53,2.25
2013.12.17 07:18:41.402,0.89437,0.89445,1.55,1.50
2013.12.17 07:18:43.811,0.89439,0.89447,1.13,1.65
2013.12.17 07:18:46.855,0.89439,0.89445,1.13,1.00
2013.12.17 07:18:48.274,0.89439,0.89446,1.13,1.20
2013.12.17 07:18:48.578,0.8944,0.89448,1.08,1.95
2013.12.17 07:18:48.880,0.89442,0.8945,1.55,3.38
2013.12.17 07:18:49.388,0.89442,0.8945,1.48,1.95
2013.12.17 07:18:49.860,0.89446,0.89454,1.10,4.20
2013.12.17 07:18:49.961,0.89446,0.89454,1.20,1.95
2013.12.17 07:18:50.471,0.89446,0.89454,1.38,1.65
2013.12.17 07:18:54.387,0.89446,0.89454,1.13,2.03
2013.12.17 07:18:54.889,0.89446,0.89454,1.13,2.03
2013.12.17 07:18:56.852,0.89446,0.89454,1.13,2.03
2013.12.17 07:18:57.750,0.89446,0.89454,1.13,2.03
2013.12.17 07:18:59.913,0.89446,0.89454,1.13,1.28
2013.12.17 07:19:00.431,0.89446,0.89454,1.13,1.28
2013.12.17 07:19:05.458,0.89447,0.89454,1.00,1.28
2013.12.17 07:19:05.968,0.89447,0.89454,1.13,1.15
2013.12.17 07:19:09.111,0.89448,0.89455,1.00,2.70
2013.12.17 07:19:09.212,0.89448,0.89455,1.00,2.78
2013.12.17 07:19:09.715,0.89448,0.89455,1.00,2.78
2013.12.17 07:19:10.290,0.89449,0.89455,1.00,1.20
2013.12.17 07:19:10.643,0.89451,0.89457,1.00,1.58
2013.12.17 07:19:10.895,0.89453,0.89459,1.50,1.58
2013.12.17 07:19:11.420,0.89454,0.89461,1.10,1.88
2013.12.17 07:19:16.447,0.89454,0.89461,1.00,1.28
2013.12.17 07:19:17.871,0.89453,0.8946,1.13,1.10
2013.12.17 07:19:18.391,0.89453,0.8946,1.00,1.18
2013.12.17 07:19:22.222,0.89453,0.8946,1.10,1.00
2013.12.17 07:19:26.126,0.89453,0.8946,1.00,1.18
2013.12.17 07:19:26.627,0.89453,0.8946,1.00,1.20
2013.12.17 07:19:27.238,0.89453,0.8946,1.00,1.18
2013.12.17 07:19:27.758,0.89453,0.8946,1.00,1.10
2013.12.17 07:19:28.274,0.89453,0.8946,1.00,1.08
2013.12.17 07:19:29.386,0.89453,0.8946,1.00,1.20
2013.12.17 07:19:29.978,0.89453,0.8946,1.00,1.18
2013.12.17 07:19:41.510,0.89454,0.89461,1.00,2.03
2013.12.17 07:19:41.662,0.89456,0.89462,1.00,3.83
2013.12.17 07:19:41.763,0.89456,0.89463,1.00,1.28
2013.12.17 07:19:42.621,0.89456,0.89463,1.00,1.28
2013.12.17 07:19:43.833,0.89456,0.89463,1.00,1.28
2013.12.17 07:19:44.369,0.89456,0.89463,1.00,1.15
2013.12.17 07:19:49.413,0.89456,0.89463,1.00,1.28
2013.12.17 07:19:49.464,0.89458,0.89464,1.00,1.53
2013.12.17 07:19:49.968,0.89456,0.89465,1.00,3.45
2013.12.17 07:19:59.665,0.89459,0.89465,1.00,2.03
2013.12.17 07:20:00.178,0.89459,0.89464,1.00,1.28
2013.12.17 07:20:00.693,0.89459,0.89465,1.00,2.03
2013.12.17 07:20:01.200,0.89459,0.89465,1.00,2.03
2013.12.17 07:20:01.860,0.89458,0.89465,1.00,2.78
2013.12.17 07:20:01.961,0.89456,0.89464,1.00,2.70
2013.12.17 07:20:02.012,0.89456,0.89461,1.00,1.58
2013.12.17 07:20:02.600,0.89457,0.89462,1.00,1.20
2013.12.17 07:20:03.131,0.89458,0.89465,1.00,2.78
2013.12.17 07:20:04.487,0.89458,0.89465,1.00,2.78
2013.12.17 07:20:05.004,0.89458,0.89465,1.00,2.78
2013.12.17 07:20:06.831,0.89455,0.89462,1.20,1.00
2013.12.17 07:20:06.983,0.89455,0.89461,1.00,1.28
2013.12.17 07:20:07.488,0.89454,0.8946,1.00,1.18
2013.12.17 07:20:16.795,0.89454,0.8946,1.00,1.15
2013.12.17 07:20:17.304,0.89451,0.89459,1.00,1.15
2013.12.17 07:20:19.292,0.89454,0.8946,1.00,1.15
2013.12.17 07:20:19.835,0.89452,0.89458,1.00,1.18
2013.12.17 07:20:22.548,0.89451,0.89457,1.00,1.28
2013.12.17 07:20:24.567,0.89451,0.89457,1.00,1.65
2013.12.17 07:20:24.820,0.89446,0.89452,1.00,1.13
2013.12.17 07:20:24.971,0.89446,0.89451,1.13,1.00
2013.12.17 07:20:26.186,0.89447,0.89451,1.13,1.00
2013.12.17 07:20:26.287,0.89447,0.89454,1.13,1.58
2013.12.17 07:20:26.815,0.89447,0.89454,1.38,1.10
2013.12.17 07:20:27.760,0.89449,0.89456,1.00,2.78
2013.12.17 07:20:30.837,0.89449,0.89456,1.00,3.53
2013.12.17 07:20:33.763,0.89449,0.89456,1.00,2.78
2013.12.17 07:20:34.122,0.89451,0.89456,1.00,1.65
2013.12.17 07:20:34.628,0.89451,0.89459,1.00,1.65
2013.12.17 07:20:35.133,0.89451,0.89459,1.10,1.58
2013.12.17 07:20:51.412,0.89451,0.89459,1.18,1.50
2013.12.17 07:20:53.832,0.89452,0.8946,1.00,4.58
2013.12.17 07:20:55.515,0.89452,0.8946,1.00,1.53
2013.12.17 07:20:56.075,0.89451,0.89459,1.00,1.55
2013.12.17 07:21:07.679,0.89451,0.89459,1.00,1.55
2013.12.17 07:21:08.228,0.89451,0.89459,1.00,1.53
2013.12.17 07:21:10.097,0.8945,0.89458,1.00,2.03
2013.12.17 07:21:10.299,0.89448,0.89455,1.00,1.28
2013.12.17 07:21:12.087,0.8945,0.89454,1.00,1.13
2013.12.17 07:21:12.591,0.89451,0.89457,1.00,1.50
2013.12.17 07:21:14.235,0.89451,0.89457,1.18,1.38
2013.12.17 07:21:14.538,0.89455,0.8946,1.08,1.00
2013.12.17 07:21:15.042,0.89455,0.89461,1.10,1.38
2013.12.17 07:21:15.358,0.89455,0.89459,1.10,1.13
2013.12.17 07:21:18.926,0.89452,0.89463,1.55,1.53
2013.12.17 07:21:20.850,0.89456,0.89464,1.00,2.40
2013.12.17 07:21:21.001,0.89458,0.89464,1.00,1.15
2013.12.17 07:21:21.253,0.89454,0.89464,1.15,1.48
2013.12.17 07:21:21.771,0.89459,0.89465,1.00,1.18
2013.12.17 07:21:25.179,0.8946,0.89466,1.00,3.38
2013.12.17 07:21:25.280,0.89457,0.89466,1.38,2.70
2013.12.17 07:21:25.432,0.89457,0.89466,1.38,2.70
2013.12.17 07:21:27.652,0.89458,0.89468,1.95,1.53
2013.12.17 07:21:42.368,0.89461,0.89468,1.00,1.53
2013.12.17 07:21:49.617,0.89462,0.89468,1.00,1.65
2013.12.17 07:21:49.919,0.89462,0.89468,1.00,1.48
2013.12.17 07:21:50.420,0.89462,0.89469,1.00,1.48
2013.12.17 07:21:59.199,0.89464,0.8947,1.00,2.40
2013.12.17 07:22:00.160,0.89462,0.8947,1.95,1.48
2013.12.17 07:22:00.262,0.89463,0.8947,1.65,1.00
2013.12.17 07:22:00.464,0.8947,0.89475,1.13,1.18
2013.12.17 07:22:00.767,0.89473,0.89481,1.00,1.53
2013.12.17 07:22:00.919,0.8947,0.89481,1.65,1.90
2013.12.17 07:22:01.121,0.89473,0.89477,1.00,1.13
2013.12.17 07:22:01.222,0.89474,0.89482,1.00,2.03
2013.12.17 07:22:01.861,0.89474,0.89482,1.00,2.03
2013.12.17 07:22:02.473,0.89473,0.89481,1.50,1.28
2013.12.17 07:22:15.151,0.89472,0.89479,1.10,1.00
2013.12.17 07:22:15.693,0.89472,0.8948,1.10,2.70
2013.12.17 07:22:16.379,0.89472,0.8948,1.18,1.88
2013.12.17 07:22:16.890,0.89472,0.89478,1.10,1.38
2013.12.17 07:22:17.676,0.89471,0.89478,1.00,1.48
2013.12.17 07:22:17.828,0.8947,0.89477,1.00,1.28
2013.12.17 07:22:17.930,0.89467,0.89475,1.20,2.33
2013.12.17 07:22:18.435,0.89467,0.89473,1.00,1.58
2013.12.17 07:22:18.970,0.89467,0.89472,1.00,1.00
2013.12.17 07:22:19.507,0.89468,0.89473,1.00,1.20
2013.12.17 07:22:28.455,0.89469,0.89474,1.00,1.28
2013.12.17 07:22:28.708,0.8947,0.89476,1.00,1.53
2013.12.17 07:22:29.111,0.89466,0.89476,1.48,1.53
2013.12.17 07:22:29.212,0.89472,0.89476,1.00,1.13
2013.12.17 07:22:29.931,0.89472,0.89478,1.00,1.20
2013.12.17 07:22:30.606,0.89472,0.89478,1.00,1.28
2013.12.17 07:22:31.198,0.89472,0.89478,1.00,1.55
2013.12.17 07:22:32.422,0.89468,0.89478,1.28,1.55
2013.12.17 07:22:32.624,0.8947,0.89478,1.00,2.40
2013.12.17 07:22:33.140,0.8947,0.89476,1.00,1.53
2013.12.17 07:22:33.651,0.89469,0.89476,1.00,1.53
2013.12.17 07:22:34.170,0.89467,0.89475,1.00,1.55
2013.12.17 07:22:34.431,0.89467,0.89473,1.00,1.38
2013.12.17 07:22:34.532,0.89464,0.89472,1.10,1.48
2013.12.17 07:22:35.069,0.89464,0.89472,1.10,1.48
2013.12.17 07:22:37.812,0.89464,0.89472,1.18,1.38
2013.12.17 07:22:38.317,0.89464,0.89472,1.00,1.55
2013.12.17 07:22:44.548,0.89464,0.89472,1.08,1.38
2013.12.17 07:22:44.649,0.89465,0.89473,1.08,1.50
2013.12.17 07:22:44.952,0.89466,0.89474,1.10,1.48
2013.12.17 07:22:45.053,0.89468,0.89475,1.00,1.55
2013.12.17 07:22:49.427,0.89468,0.89476,1.00,4.20
2013.12.17 07:23:03.325,0.89468,0.89476,1.00,4.20
2013.12.17 07:23:06.587,0.89466,0.89474,1.00,1.55
2013.12.17 07:23:07.153,0.89465,0.89473,1.00,1.53
2013.12.17 07:23:11.250,0.89465,0.89473,1.00,1.55
2013.12.17 07:23:11.359,0.89467,0.89474,1.00,1.53
2013.12.17 07:23:14.906,0.89467,0.89474,1.00,3.45
2013.12.17 07:23:18.571,0.89466,0.89473,1.00,1.55
2013.12.17 07:23:18.873,0.89463,0.8947,1.13,1.55
2013.12.17 07:23:19.176,0.89462,0.89467,1.00,1.00
2013.12.17 07:23:19.680,0.89462,0.89467,1.00,1.00
2013.12.17 07:23:23.976,0.89459,0.89467,1.00,3.15
2013.12.17 07:23:24.496,0.89458,0.89465,1.00,1.55
2013.12.17 07:23:25.011,0.89458,0.89465,1.00,1.55
2013.12.17 07:23:38.137,0.89458,0.89465,1.00,1.53
2013.12.17 07:23:38.188,0.89456,0.89464,1.00,1.55
2013.12.17 07:23:53.113,0.89456,0.89464,1.00,1.55
2013.12.17 07:23:53.617,0.89456,0.89463,1.00,1.48
2013.12.17 07:23:54.296,0.89456,0.89463,1.00,3.45
2013.12.17 07:23:54.347,0.89452,0.8946,1.48,1.10
2013.12.17 07:23:54.448,0.89451,0.89462,1.15,2.78
2013.12.17 07:23:54.549,0.89452,0.8946,1.00,1.55
2013.12.17 07:23:54.701,0.89452,0.8946,1.00,2.03
2013.12.17 07:23:55.207,0.89447,0.89458,1.65,1.55
2013.12.17 07:23:55.510,0.89448,0.89455,1.00,1.93
2013.12.17 07:23:55.813,0.89443,0.8945,2.33,1.00
2013.12.17 07:23:56.066,0.89439,0.89445,1.00,1.48
2013.12.17 07:23:56.239,0.89437,0.89445,1.00,3.45
2013.12.17 07:23:56.668,0.89439,0.89446,1.00,2.70
2013.12.17 07:23:57.201,0.8944,0.89448,1.00,2.40
2013.12.17 07:23:57.712,0.89437,0.89448,1.18,2.40
2013.12.17 07:23:58.230,0.89439,0.89447,1.00,1.65
2013.12.17 07:24:01.144,0.89439,0.89447,1.00,1.65
2013.12.17 07:24:06.864,0.8944,0.89447,1.00,1.65
2013.12.17 07:24:14.695,0.89438,0.89446,1.10,1.48
2013.12.17 07:24:14.947,0.89438,0.89446,1.00,3.45
2013.12.17 07:24:15.048,0.89438,0.89446,1.00,1.55
2013.12.17 07:24:17.004,0.89438,0.89446,1.00,1.55
2013.12.17 07:24:18.672,0.89437,0.89445,1.13,1.28
2013.12.17 07:24:23.696,0.89437,0.89445,1.38,1.65
2013.12.17 07:24:31.948,0.89436,0.89444,1.48,1.10
2013.12.17 07:24:32.823,0.89436,0.89444,1.38,1.18
2013.12.17 07:24:33.400,0.89436,0.89444,1.48,1.10
2013.12.17 07:24:35.432,0.89436,0.89444,1.48,1.10
2013.12.17 07:24:57.048,0.89437,0.89444,1.00,1.20
2013.12.17 07:24:57.743,0.89437,0.89444,1.00,1.48
2013.12.17 07:24:59.463,0.89437,0.89444,1.00,1.53
2013.12.17 07:25:00.039,0.89437,0.89444,1.00,2.03
2013.12.17 07:25:00.542,0.89439,0.89446,1.00,1.95
2013.12.17 07:25:01.163,0.89439,0.89446,1.00,1.20
2013.12.17 07:25:01.466,0.89441,0.89447,1.00,1.10
2013.12.17 07:25:01.769,0.89443,0.8945,1.13,1.95
2013.12.17 07:25:11.902,0.89441,0.89448,2.03,1.00
2013.12.17 07:25:15.681,0.89441,0.89448,1.20,1.00
2013.12.17 07:25:15.885,0.89441,0.89448,1.55,1.00
2013.12.17 07:25:16.415,0.89442,0.8945,1.48,2.70
2013.12.17 07:25:21.250,0.89445,0.89452,1.00,3.53
2013.12.17 07:25:21.352,0.89445,0.89452,1.00,3.15
2013.12.17 07:25:21.553,0.89446,0.89454,1.58,1.95
2013.12.17 07:25:21.654,0.89446,0.89454,2.03,1.00
2013.12.17 07:25:21.906,0.89449,0.89456,1.13,2.33
2013.12.17 07:25:21.957,0.89449,0.89456,1.38,2.33
2013.12.17 07:25:22.921,0.89449,0.89456,1.13,1.10
2013.12.17 07:25:24.188,0.8945,0.89457,1.00,1.28
2013.12.17 07:25:24.863,0.89451,0.89457,1.10,1.13
2013.12.17 07:25:25.769,0.89451,0.89457,1.28,1.00
2013.12.17 07:25:26.281,0.89451,0.89459,2.03,1.50
2013.12.17 07:25:26.484,0.89453,0.8946,1.48,1.38
2013.12.17 07:25:26.661,0.89456,0.89462,1.20,1.50
2013.12.17 07:25:26.763,0.89457,0.89464,1.65,1.38
2013.12.17 07:25:27.016,0.89459,0.89466,1.20,1.50
2013.12.17 07:25:27.218,0.89461,0.89468,1.00,1.55
2013.12.17 07:25:28.179,0.89461,0.89468,1.55,1.00
2013.12.17 07:25:31.173,0.89461,0.89468,1.18,1.38
2013.12.17 07:25:31.852,0.89461,0.89468,1.55,1.38
2013.12.17 07:25:32.055,0.89465,0.89471,1.65,1.00
2013.12.17 07:25:32.560,0.89467,0.89474,1.00,1.48
2013.12.17 07:25:33.099,0.89467,0.89474,1.00,1.48
2013.12.17 07:26:01.966,0.89468,0.89475,1.00,1.18
2013.12.17 07:26:04.395,0.89468,0.89475,1.00,1.55
2013.12.17 07:26:11.291,0.89468,0.89475,1.00,1.53
2013.12.17 07:26:28.667,0.89471,0.89476,1.00,1.10
2013.12.17 07:26:37.337,0.89472,0.89478,1.00,4.65
2013.12.17 07:26:43.961,0.89471,0.89478,1.00,5.40
2013.12.17 07:26:48.035,0.89472,0.89478,1.00,1.15
2013.12.17 07:26:48.997,0.89471,0.89478,1.00,1.65
2013.12.17 07:27:08.827,0.8947,0.89477,1.00,4.95
2013.12.17 07:27:09.180,0.89471,0.89478,1.00,5.78
2013.12.17 07:27:09.685,0.89471,0.89478,1.00,2.03
2013.12.17 07:27:12.371,0.89471,0.89478,1.00,2.03
2013.12.17 07:27:12.880,0.89471,0.89478,1.00,2.03
2013.12.17 07:27:13.920,0.89471,0.89478,1.00,2.03
2013.12.17 07:27:14.450,0.8947,0.89477,1.00,5.78
2013.12.17 07:27:21.448,0.89471,0.89477,1.00,4.28
2013.12.17 07:27:28.190,0.89471,0.89478,1.00,5.78
2013.12.17 07:27:32.240,0.8947,0.89477,1.00,2.78
2013.12.17 07:27:32.753,0.89469,0.89476,1.10,1.88
2013.12.17 07:27:35.691,0.89469,0.89476,1.00,2.70
2013.12.17 07:27:39.179,0.89468,0.89475,2.03,1.00
2013.12.17 07:27:39.709,0.89468,0.89475,1.00,1.48
2013.12.17 07:27:41.248,0.89467,0.89474,1.10,1.20
2013.12.17 07:27:41.399,0.89467,0.89474,1.00,2.03
2013.12.17 07:27:43.488,0.89468,0.89475,1.00,5.78
2013.12.17 07:27:43.792,0.8947,0.89477,1.00,1.58
2013.12.17 07:27:43.893,0.8947,0.89477,1.00,1.48
2013.12.17 07:27:44.401,0.89471,0.89478,1.00,1.55
2013.12.17 07:27:50.605,0.8947,0.89478,1.50,1.55
2013.12.17 07:27:53.947,0.89471,0.89478,1.00,4.28
2013.12.17 07:28:01.380,0.89471,0.89478,1.00,4.28
2013.12.17 07:28:11.189,0.89471,0.89478,1.00,5.03
2013.12.17 07:28:22.177,0.89471,0.89479,1.00,3.15
2013.12.17 07:28:22.632,0.8947,0.89478,1.00,2.03
2013.12.17 07:28:29.342,0.89468,0.89476,1.18,1.88
2013.12.17 07:28:29.695,0.89472,0.89477,1.00,2.93
2013.12.17 07:28:29.796,0.89468,0.89476,2.03,1.38
2013.12.17 07:28:30.304,0.8947,0.89476,1.10,1.38
2013.12.17 07:28:39.431,0.8947,0.89478,1.10,1.95
2013.12.17 07:28:40.069,0.89471,0.89478,1.00,1.48
2013.12.17 07:28:42.359,0.89472,0.89478,1.00,1.48
2013.12.17 07:28:42.409,0.89472,0.8948,2.70,2.70
2013.12.17 07:28:42.713,0.89474,0.89482,2.03,1.10
2013.12.17 07:28:43.218,0.89477,0.89484,1.00,2.03
2013.12.17 07:28:43.729,0.89477,0.89485,1.13,4.20
2013.12.17 07:28:52.000,0.89477,0.89485,1.13,2.78
2013.12.17 07:28:52.510,0.89477,0.89485,1.00,4.95
2013.12.17 07:29:12.055,0.89477,0.89485,1.10,1.95
2013.12.17 07:29:16.802,0.89477,0.89485,1.50,1.45
2013.12.17 07:29:17.364,0.89477,0.89485,1.00,1.55
2013.12.17 07:29:24.620,0.89477,0.89485,1.00,1.53
2013.12.17 07:29:26.648,0.89477,0.89485,1.00,1.55
2013.12.17 07:29:28.120,0.89477,0.89485,1.13,1.28
2013.12.17 07:29:28.678,0.89477,0.89485,1.00,1.55
2013.12.17 07:29:30.560,0.89477,0.89485,1.00,1.53
2013.12.17 07:29:33.291,0.89477,0.89485,1.00,1.55
2013.12.17 07:29:33.794,0.89477,0.89485,1.00,1.53
2013.12.17 07:29:34.813,0.89477,0.89485,1.00,1.55
2013.12.17 07:29:35.322,0.89477,0.89485,1.13,1.28
2013.12.17 07:29:35.841,0.89477,0.89485,1.13,3.45
2013.12.17 07:29:36.381,0.89477,0.89485,1.13,1.28
2013.12.17 07:29:39.120,0.89477,0.89485,1.13,3.45
2013.12.17 07:29:39.754,0.89477,0.89485,1.13,1.28
2013.12.17 07:29:41.356,0.89477,0.89485,1.13,1.28
2013.12.17 07:29:47.864,0.89476,0.89486,1.38,3.45
2013.12.17 07:29:48.593,0.89476,0.89486,1.48,1.53
2013.12.17 07:29:49.137,0.89476,0.89486,1.38,3.45
2013.12.17 07:29:49.661,0.89476,0.89486,1.48,1.53
2013.12.17 07:30:11.418,0.89477,0.89486,1.88,1.28
2013.12.17 07:30:11.519,0.89478,0.89486,1.28,1.13
2013.12.17 07:30:11.721,0.89481,0.89487,1.00,1.48
2013.12.17 07:30:12.024,0.89484,0.89492,1.55,1.00
2013.12.17 07:30:12.578,0.89484,0.89492,1.20,1.20
2013.12.17 07:30:13.377,0.89485,0.89492,1.00,1.20
2013.12.17 07:30:13.884,0.89484,0.89492,1.20,1.20
2013.12.17 07:30:15.534,0.89484,0.89492,1.13,1.28
2013.12.17 07:30:15.989,0.89486,0.89496,1.00,2.78
2013.12.17 07:30:16.502,0.89486,0.89494,1.38,1.15
2013.12.17 07:30:17.073,0.89486,0.89494,1.38,1.18
2013.12.17 07:30:18.037,0.89486,0.89494,1.88,1.55
2013.12.17 07:30:18.541,0.89485,0.89491,1.48,1.13
2013.12.17 07:30:19.689,0.89485,0.89491,1.13,1.95
2013.12.17 07:30:21.470,0.89484,0.89491,1.38,1.95
2013.12.17 07:30:23.968,0.89483,0.89491,1.55,2.63
2013.12.17 07:30:24.019,0.89481,0.89488,4.20,1.00
2013.12.17 07:30:24.531,0.89481,0.89488,2.03,1.00
2013.12.17 07:30:28.782,0.89481,0.89488,4.20,1.00
2013.12.17 07:30:30.491,0.89481,0.89488,2.03,1.00
2013.12.17 07:30:30.793,0.89481,0.89491,4.20,1.88
2013.12.17 07:30:31.645,0.89481,0.89488,4.20,1.00
2013.12.17 07:30:34.120,0.89481,0.89488,1.53,1.00
2013.12.17 07:30:36.403,0.8948,0.89488,2.03,1.00
2013.12.17 07:31:10.139,0.8948,0.8949,2.78,1.18
2013.12.17 07:31:10.343,0.89484,0.89491,1.48,1.88
2013.12.17 07:31:10.859,0.89484,0.89491,1.38,1.95
2013.12.17 07:31:11.414,0.89482,0.8949,2.03,1.00
2013.12.17 07:31:11.465,0.89482,0.8949,2.03,1.50
2013.12.17 07:31:11.566,0.89482,0.89488,1.55,1.00
2013.12.17 07:31:12.098,0.89482,0.89488,1.28,1.00
2013.12.17 07:31:18.869,0.8948,0.89488,1.95,1.08
2013.12.17 07:31:19.387,0.8948,0.89488,1.95,1.10
2013.12.17 07:31:31.377,0.8948,0.89488,2.63,1.18
2013.12.17 07:31:32.781,0.8948,0.89486,1.38,1.00
2013.12.17 07:31:33.084,0.89474,0.89481,1.13,1.65
2013.12.17 07:31:33.387,0.89467,0.89472,1.58,1.13
2013.12.17 07:31:33.489,0.89463,0.8947,1.10,1.45
2013.12.17 07:31:33.640,0.8946,0.89465,6.68,1.00
2013.12.17 07:31:33.691,0.8946,0.89464,4.58,1.00
2013.12.17 07:31:33.792,0.89458,0.89464,1.50,1.15
2013.12.17 07:31:33.843,0.89459,0.89463,1.00,1.10
2013.12.17 07:31:33.949,0.89456,0.89464,1.38,1.15
2013.12.17 07:31:34.758,0.89456,0.89464,1.88,3.08
2013.12.17 07:31:35.311,0.89456,0.89464,1.88,1.08
2013.12.17 07:31:35.413,0.89457,0.89465,2.25,1.28
2013.12.17 07:31:36.018,0.89458,0.89465,1.58,1.00
2013.12.17 07:31:38.947,0.89459,0.89467,2.63,1.18
2013.12.17 07:31:39.049,0.89461,0.89469,1.38,2.40
2013.12.17 07:31:39.151,0.89463,0.89471,1.38,6.45
2013.12.17 07:31:39.252,0.89463,0.89471,1.38,2.78
2013.12.17 07:31:39.845,0.89464,0.89471,1.38,2.03
2013.12.17 07:31:40.005,0.89464,0.89471,1.13,2.03
2013.12.17 07:31:41.558,0.89462,0.8947,2.63,1.18
2013.12.17 07:31:42.075,0.89462,0.8947,2.70,1.10
2013.12.17 07:31:49.458,0.89462,0.8947,2.70,1.10
2013.12.17 07:31:49.837,0.89464,0.89472,2.70,1.10
2013.12.17 07:32:03.446,0.89464,0.89472,2.33,1.48
2013.12.17 07:32:06.295,0.89464,0.89468,1.58,1.00
2013.12.17 07:32:06.447,0.89464,0.89471,1.50,3.15
2013.12.17 07:32:06.699,0.89463,0.89471,1.00,3.90
2013.12.17 07:32:08.842,0.89461,0.89468,1.58,1.13
2013.12.17 07:32:09.296,0.8946,0.89467,1.10,1.20
2013.12.17 07:32:09.447,0.89459,0.89467,2.33,1.95
2013.12.17 07:32:11.009,0.89459,0.89467,1.50,2.03
2013.12.17 07:32:14.856,0.89462,0.89467,1.00,1.48
2013.12.17 07:32:15.059,0.89464,0.8947,1.00,1.28
2013.12.17 07:32:19.075,0.89463,0.89471,1.00,2.03
2013.12.17 07:32:22.393,0.89462,0.89468,1.00,1.00
2013.12.17 07:32:22.796,0.8946,0.89468,1.00,1.55
2013.12.17 07:32:26.576,0.89458,0.89466,1.95,1.58
2013.12.17 07:32:26.898,0.89455,0.89461,1.95,1.00
2013.12.17 07:32:27.201,0.89453,0.89461,1.00,1.65
2013.12.17 07:32:27.720,0.89453,0.89461,1.10,1.58
2013.12.17 07:32:36.906,0.89453,0.89461,1.10,2.33
2013.12.17 07:32:37.057,0.89451,0.89458,1.20,1.08
2013.12.17 07:32:37.425,0.89449,0.89456,1.00,1.53
2013.12.17 07:32:37.577,0.89447,0.89455,1.50,1.55
2013.12.17 07:32:37.678,0.89446,0.89452,1.10,1.88
2013.12.17 07:32:37.882,0.89444,0.89452,1.50,1.55
2013.12.17 07:32:37.933,0.89444,0.89452,1.50,1.55
2013.12.17 07:32:38.289,0.8944,0.89448,1.58,1.20
2013.12.17 07:32:38.339,0.8944,0.89444,1.10,1.00
2013.12.17 07:32:38.440,0.89437,0.89444,1.55,1.00
2013.12.17 07:32:38.541,0.89436,0.89444,1.95,1.95
2013.12.17 07:32:39.047,0.89436,0.89444,1.88,2.03
2013.12.17 07:32:40.284,0.89439,0.89444,1.00,1.28
2013.12.17 07:32:40.435,0.89437,0.89444,1.00,1.20
2013.12.17 07:32:40.961,0.89438,0.89445,1.00,1.55
2013.12.17 07:32:42.375,0.89439,0.89445,1.00,1.55
2013.12.17 07:32:43.170,0.89439,0.89445,1.00,1.20
2013.12.17 07:32:43.795,0.89439,0.89447,5.33,1.95
2013.12.17 07:32:43.846,0.89441,0.89447,1.00,1.48
2013.12.17 07:32:44.098,0.89442,0.8945,1.58,1.95
2013.12.17 07:32:44.672,0.89442,0.8945,1.58,1.20
2013.12.17 07:32:46.587,0.89442,0.8945,1.95,1.10
2013.12.17 07:32:51.797,0.89443,0.8945,1.13,1.08
2013.12.17 07:32:52.527,0.89443,0.8945,1.13,1.10
2013.12.17 07:32:53.398,0.89443,0.8945,1.13,1.08
2013.12.17 07:32:54.736,0.89443,0.8945,1.00,1.20
2013.12.17 07:32:55.284,0.89443,0.8945,1.00,1.18
2013.12.17 07:32:55.839,0.89443,0.8945,1.00,1.20
2013.12.17 07:32:56.396,0.89443,0.8945,1.00,1.08
2013.12.17 07:32:57.331,0.89443,0.8945,1.00,1.20
2013.12.17 07:33:01.618,0.89443,0.8945,1.00,1.08
2013.12.17 07:33:02.184,0.89443,0.8945,1.00,1.10
2013.12.17 07:33:11.381,0.89443,0.8945,1.58,1.00
2013.12.17 07:33:11.734,0.89445,0.89452,1.00,1.20
2013.12.17 07:33:32.003,0.89445,0.89453,1.00,2.03
2013.12.17 07:33:43.525,0.89446,0.89453,1.00,2.78
2013.12.17 07:33:43.627,0.89449,0.89453,1.00,1.00
2013.12.17 07:33:43.830,0.89451,0.89458,1.13,1.18
2013.12.17 07:33:44.235,0.89449,0.89458,2.33,1.55
2013.12.17 07:33:44.737,0.89449,0.89458,2.40,1.48
2013.12.17 07:33:45.140,0.8945,0.89458,1.48,1.10
2013.12.17 07:33:48.670,0.89451,0.89459,1.38,1.18
2013.12.17 07:33:52.953,0.89451,0.8946,1.50,3.83
2013.12.17 07:33:53.461,0.89451,0.8946,1.88,3.83
2013.12.17 07:33:54.814,0.89451,0.8946,1.88,1.65
2013.12.17 07:33:55.318,0.89452,0.8946,1.38,3.83
2013.12.17 07:33:55.888,0.89452,0.8946,1.38,1.65
2013.12.17 07:33:59.133,0.89452,0.8946,1.00,3.83
2013.12.17 07:33:59.436,0.89456,0.8946,1.50,2.18
2013.12.17 07:33:59.595,0.89456,0.89464,2.63,2.33
2013.12.17 07:33:59.696,0.89456,0.89465,1.88,2.03
2013.12.17 07:34:02.862,0.89456,0.89465,2.63,1.65
2013.12.17 07:34:07.001,0.89456,0.89465,1.95,1.65
2013.12.17 07:34:07.102,0.89455,0.89462,2.70,1.00
2013.12.17 07:34:07.153,0.89455,0.89461,1.58,1.00
2013.12.17 07:34:07.204,0.89453,0.89458,1.00,1.18
2013.12.17 07:34:07.406,0.89448,0.89452,1.00,1.00
2013.12.17 07:34:07.558,0.89443,0.89449,1.00,1.00
2013.12.17 07:34:07.709,0.8944,0.89448,1.48,1.58
2013.12.17 07:34:08.212,0.89439,0.89448,2.70,1.65
2013.12.17 07:34:08.689,0.89439,0.89448,2.78,1.95
2013.12.17 07:34:08.891,0.89439,0.89448,2.33,2.03
2013.12.17 07:34:09.395,0.89439,0.89446,1.50,1.28
2013.12.17 07:34:10.576,0.89438,0.89446,1.00,2.78
2013.12.17 07:34:10.879,0.89434,0.8944,1.00,1.10
2013.12.17 07:34:13.614,0.89432,0.8944,1.95,1.10
2013.12.17 07:34:13.920,0.89431,0.89438,1.55,1.00
2013.12.17 07:34:14.424,0.89429,0.89438,5.70,1.65
2013.12.17 07:34:14.997,0.89429,0.89438,1.95,1.65
2013.12.17 07:34:15.526,0.89429,0.89437,1.48,1.10
2013.12.17 07:34:15.779,0.89427,0.89435,2.70,1.10
2013.12.17 07:34:16.326,0.89427,0.89435,2.70,1.13
2013.12.17 07:34:18.195,0.89427,0.89435,2.78,1.20
2013.12.17 07:34:19.239,0.89427,0.89435,2.33,1.48
2013.12.17 07:34:20.017,0.89427,0.89435,2.33,1.38
2013.12.17 07:34:20.648,0.89427,0.89435,2.33,1.48
2013.12.17 07:34:23.746,0.89427,0.89435,2.40,1.38
2013.12.17 07:34:26.375,0.89427,0.89435,2.33,1.48
2013.12.17 07:34:29.745,0.89427,0.89435,2.40,1.38
2013.12.17 07:34:30.249,0.89429,0.89435,1.00,1.20
2013.12.17 07:34:30.756,0.89429,0.89437,1.13,1.28
2013.12.17 07:34:39.355,0.89429,0.89437,1.20,1.28
2013.12.17 07:34:42.011,0.8943,0.89437,1.00,1.20
2013.12.17 07:34:43.017,0.89432,0.89437,1.00,1.20
2013.12.17 07:34:43.320,0.89436,0.89443,1.00,2.03
2013.12.17 07:34:43.623,0.89436,0.89443,1.38,1.20
2013.12.17 07:34:44.755,0.89438,0.89443,1.00,1.00
2013.12.17 07:34:45.423,0.89438,0.89445,1.13,1.65
2013.12.17 07:34:49.093,0.89437,0.89445,1.13,2.03
2013.12.17 07:34:52.274,0.89436,0.89445,1.38,2.78
2013.12.17 07:34:59.994,0.89439,0.89445,1.00,1.28
2013.12.17 07:35:00.297,0.8944,0.89447,1.48,1.08
2013.12.17 07:35:00.398,0.89441,0.89448,1.38,1.58
2013.12.17 07:35:00.910,0.89441,0.89448,1.00,1.58
2013.12.17 07:35:01.011,0.89441,0.89448,1.38,1.10
2013.12.17 07:35:01.514,0.8944,0.89448,1.88,1.18
2013.12.17 07:35:01.615,0.8944,0.89448,1.50,1.55
2013.12.17 07:35:06.904,0.8944,0.89448,1.50,1.55
2013.12.17 07:35:07.410,0.89441,0.89448,1.00,1.55
2013.12.17 07:35:08.443,0.8944,0.89448,1.13,1.28
2013.12.17 07:35:08.995,0.8944,0.89448,1.00,1.55
2013.12.17 07:35:09.863,0.8944,0.89448,1.13,1.28
2013.12.17 07:35:10.434,0.8944,0.89448,1.00,1.55
2013.12.17 07:35:14.377,0.8944,0.89448,1.50,1.55
2013.12.17 07:35:14.647,0.89442,0.89448,1.00,1.55
2013.12.17 07:35:15.704,0.89441,0.89448,1.00,1.28
2013.12.17 07:35:16.214,0.8944,0.89448,1.50,1.55
2013.12.17 07:35:19.465,0.8944,0.89448,1.50,1.55
2013.12.17 07:35:20.035,0.89441,0.89448,1.00,1.28
2013.12.17 07:35:20.644,0.89442,0.89448,1.38,1.10
2013.12.17 07:35:20.796,0.89442,0.89449,1.48,1.00
2013.12.17 07:35:21.300,0.89444,0.89449,1.88,1.00
2013.12.17 07:35:21.451,0.89445,0.89451,1.13,1.10
2013.12.17 07:35:22.184,0.89444,0.89451,1.13,1.10
2013.12.17 07:35:43.663,0.89443,0.89451,1.95,1.08
2013.12.17 07:35:44.168,0.89444,0.89451,1.00,1.58
2013.12.17 07:35:48.527,0.89444,0.89449,1.13,1.00
2013.12.17 07:35:48.780,0.8944,0.89449,1.48,1.65
2013.12.17 07:35:48.932,0.8944,0.89449,1.10,2.03
2013.12.17 07:35:49.385,0.89437,0.89445,1.28,1.13
2013.12.17 07:35:49.537,0.89435,0.89444,1.58,1.58
2013.12.17 07:35:49.688,0.89434,0.89442,2.03,1.00
2013.12.17 07:35:56.926,0.89433,0.89442,3.53,1.00
2013.12.17 07:36:10.971,0.89434,0.89442,1.20,1.20
2013.12.17 07:36:11.993,0.89433,0.89442,2.03,1.88
2013.12.17 07:36:12.929,0.89433,0.89442,2.03,1.95
2013.12.17 07:36:13.438,0.89433,0.89441,1.48,1.10
2013.12.17 07:36:18.693,0.89433,0.89441,1.48,1.10
2013.12.17 07:36:18.996,0.89443,0.89448,1.58,1.00
2013.12.17 07:36:19.551,0.89444,0.89451,1.00,1.28
2013.12.17 07:36:19.662,0.89442,0.89451,1.10,2.78
2013.12.17 07:36:19.864,0.89444,0.8945,1.00,1.10
2013.12.17 07:36:22.867,0.89444,0.89451,1.00,1.65
2013.12.17 07:36:38.842,0.89444,0.89451,1.38,1.65
2013.12.17 07:36:39.094,0.8945,0.89457,1.00,2.78
2013.12.17 07:36:39.498,0.89449,0.89457,1.38,1.65
2013.12.17 07:36:40.476,0.89449,0.89457,2.63,1.10
2013.12.17 07:36:41.654,0.89449,0.89457,2.63,1.18
2013.12.17 07:36:42.209,0.89449,0.89457,1.38,1.65
2013.12.17 07:36:52.965,0.89449,0.89457,1.38,1.65
2013.12.17 07:36:59.930,0.89449,0.89457,1.48,1.58
2013.12.17 07:37:08.144,0.89449,0.89457,1.95,1.58
2013.12.17 07:37:09.116,0.89449,0.89457,1.95,1.58
2013.12.17 07:37:14.956,0.89451,0.89457,1.13,1.10
2013.12.17 07:37:19.032,0.89451,0.89456,1.13,1.00
2013.12.17 07:37:19.133,0.89448,0.89456,1.18,1.88
2013.12.17 07:37:19.336,0.89446,0.89453,1.48,1.00
2013.12.17 07:37:19.668,0.89444,0.89451,1.00,1.28
2013.12.17 07:37:20.212,0.89444,0.89451,1.00,1.20
2013.12.17 07:37:21.669,0.89448,0.89452,1.00,1.10
2013.12.17 07:37:21.972,0.89449,0.89455,1.00,1.00
2013.12.17 07:37:22.482,0.89448,0.89456,1.58,2.33
2013.12.17 07:37:23.893,0.89449,0.89456,1.00,1.58
2013.12.17 07:37:28.245,0.89449,0.89456,1.00,1.65
2013.12.17 07:37:32.350,0.89453,0.89461,2.50,6.75
2013.12.17 07:37:32.502,0.89455,0.89461,1.00,3.08
2013.12.17 07:37:32.605,0.89457,0.89464,2.33,2.25
2013.12.17 07:37:32.707,0.89451,0.89458,4.50,2.13
2013.12.17 07:37:32.808,0.89449,0.89455,1.00,1.38
2013.12.17 07:37:33.316,0.89449,0.89455,1.00,1.38
2013.12.17 07:37:33.839,0.89449,0.89455,1.00,1.13
2013.12.17 07:37:34.199,0.89448,0.89455,1.58,1.38
2013.12.17 07:37:34.501,0.89442,0.89448,1.65,1.00
2013.12.17 07:37:34.754,0.89444,0.8945,1.10,1.00
2013.12.17 07:37:57.914,0.89443,0.8945,1.00,3.08
2013.12.17 07:37:58.065,0.89441,0.89446,2.25,1.00
2013.12.17 07:37:58.217,0.89439,0.89444,1.00,2.18
2013.12.17 07:37:58.267,0.89439,0.89444,1.50,2.25
2013.12.17 07:37:58.368,0.89436,0.89444,1.88,3.08
2013.12.17 07:37:58.722,0.89435,0.89443,1.13,3.83
2013.12.17 07:37:58.772,0.89434,0.89441,2.25,2.33
2013.12.17 07:37:59.276,0.89434,0.89441,1.00,3.08
2013.12.17 07:37:59.586,0.89431,0.89438,1.00,2.33
2013.12.17 07:38:03.704,0.89432,0.89438,1.13,1.15
2013.12.17 07:38:04.210,0.89431,0.89438,1.00,2.33
2013.12.17 07:38:04.361,0.89432,0.89439,1.13,1.15
2013.12.17 07:38:08.182,0.89432,0.89439,1.00,3.08
2013.12.17 07:38:08.705,0.89434,0.8944,1.00,1.15
2013.12.17 07:38:10.642,0.89433,0.8944,1.88,3.08
2013.12.17 07:38:11.189,0.89434,0.8944,1.00,1.15
2013.12.17 07:38:14.534,0.89433,0.8944,1.88,3.08
2013.12.17 07:38:27.133,0.89434,0.89441,1.00,3.08
2013.12.17 07:38:28.651,0.89433,0.8944,1.88,2.33
2013.12.17 07:38:31.336,0.89434,0.89441,1.00,6.00
2013.12.17 07:38:32.383,0.89439,0.89443,1.00,3.00
2013.12.17 07:38:32.433,0.89439,0.89443,1.00,1.58
2013.12.17 07:38:32.795,0.89437,0.89445,1.88,3.45
2013.12.17 07:38:32.997,0.89435,0.89442,1.13,1.10
2013.12.17 07:38:33.302,0.89434,0.89442,1.00,1.65
2013.12.17 07:38:51.162,0.89435,0.89443,1.13,3.08
2013.12.17 07:38:53.991,0.89435,0.89442,1.13,2.33
2013.12.17 07:38:55.444,0.89434,0.89441,1.50,1.15
2013.12.17 07:38:56.184,0.89432,0.8944,1.88,2.33
2013.12.17 07:38:56.841,0.89434,0.89441,1.00,3.83
2013.12.17 07:39:00.294,0.89434,0.89441,1.00,1.65
2013.12.17 07:39:02.351,0.89434,0.89441,1.00,3.83
2013.12.17 07:39:03.119,0.89434,0.89441,1.00,1.65
2013.12.17 07:39:03.708,0.89434,0.89441,1.00,3.83
2013.12.17 07:39:06.138,0.89434,0.89441,1.00,1.65
2013.12.17 07:39:09.375,0.89434,0.89442,1.38,3.08
2013.12.17 07:39:09.925,0.89434,0.89442,1.88,1.15
2013.12.17 07:39:12.880,0.89434,0.89442,1.50,1.53
2013.12.17 07:39:19.721,0.89434,0.89439,1.50,1.00
2013.12.17 07:39:21.312,0.89434,0.8944,1.50,1.10
2013.12.17 07:39:21.977,0.89434,0.89441,1.58,1.20
2013.12.17 07:39:38.101,0.89435,0.89441,1.00,1.20
2013.12.17 07:39:38.640,0.89435,0.89442,1.00,1.10
2013.12.17 07:39:42.859,0.89435,0.89442,1.00,1.18
2013.12.17 07:39:43.363,0.89435,0.89442,1.00,1.10
2013.12.17 07:39:46.459,0.89435,0.89441,1.00,1.00
2013.12.17 07:39:53.881,0.89435,0.8944,1.00,1.38
2013.12.17 07:39:54.628,0.89435,0.8944,1.00,1.13
2013.12.17 07:39:55.539,0.89435,0.8944,1.00,1.13
2013.12.17 07:39:55.792,0.89439,0.89444,1.00,1.48
2013.12.17 07:39:56.360,0.89437,0.89444,1.10,1.38
2013.12.17 07:39:56.864,0.89436,0.89444,1.88,1.28
2013.12.17 07:39:56.966,0.89439,0.89445,1.00,1.55
2013.12.17 07:40:03.121,0.89439,0.89445,1.00,1.10
2013.12.17 07:40:08.092,0.89442,0.89448,1.00,4.05
2013.12.17 07:40:08.344,0.89444,0.89448,1.00,1.10
2013.12.17 07:40:18.141,0.8944,0.89448,2.40,1.00
2013.12.17 07:40:18.191,0.8944,0.89448,1.18,4.50
2013.12.17 07:40:18.343,0.89439,0.89444,1.13,1.38
2013.12.17 07:40:19.031,0.89439,0.89444,1.50,1.00
2013.12.17 07:40:19.132,0.89441,0.89447,1.00,4.58
2013.12.17 07:40:19.183,0.89439,0.89445,2.25,1.10
2013.12.17 07:40:19.284,0.89442,0.89448,1.00,1.10
2013.12.17 07:40:19.637,0.89441,0.89445,1.00,1.00
2013.12.17 07:40:19.940,0.89439,0.89445,2.25,1.00
2013.12.17 07:40:20.293,0.89439,0.89444,1.00,1.18
2013.12.17 07:40:20.798,0.89439,0.89444,1.00,1.10
2013.12.17 07:40:21.330,0.89439,0.89447,2.25,1.65
2013.12.17 07:40:22.253,0.89439,0.89447,2.33,1.10
2013.12.17 07:40:22.930,0.8944,0.89449,1.10,1.65
2013.12.17 07:40:26.599,0.89439,0.89448,3.08,1.18
2013.12.17 07:40:26.800,0.89444,0.89449,1.00,1.58
2013.12.17 07:40:27.053,0.89443,0.89449,1.00,1.10
2013.12.17 07:40:28.120,0.89441,0.89448,1.10,1.00
2013.12.17 07:40:28.373,0.89439,0.89445,2.40,1.00
2013.12.17 07:40:28.882,0.89439,0.89445,1.50,1.20
2013.12.17 07:40:28.933,0.89437,0.89445,1.88,1.65
2013.12.17 07:40:29.449,0.89436,0.89444,1.20,1.10
2013.12.17 07:40:33.867,0.89435,0.89443,2.03,1.00
2013.12.17 07:40:34.189,0.89435,0.89443,1.13,1.18
2013.12.17 07:40:34.391,0.89433,0.89442,2.70,1.18
2013.12.17 07:40:34.615,0.89433,0.89442,2.70,1.10
2013.12.17 07:40:36.603,0.89433,0.89442,2.03,1.58
2013.12.17 07:40:43.700,0.89433,0.89442,2.03,1.10
2013.12.17 07:40:48.578,0.89436,0.89444,1.10,2.33
2013.12.17 07:40:49.665,0.89436,0.89445,1.13,2.40
2013.12.17 07:40:51.186,0.89436,0.89445,1.00,4.58
2013.12.17 07:40:51.750,0.89435,0.89443,1.48,1.10
2013.12.17 07:40:52.296,0.89435,0.89443,1.38,1.18
2013.12.17 07:40:52.846,0.89435,0.89443,1.48,1.10
2013.12.17 07:40:53.679,0.89434,0.89443,3.15,1.48
2013.12.17 07:40:54.358,0.89435,0.89443,1.18,1.38
2013.12.17 07:40:54.678,0.89436,0.89443,1.20,1.00
2013.12.17 07:40:54.880,0.89438,0.89445,1.00,2.03
2013.12.17 07:40:55.391,0.89437,0.89445,1.95,1.58
2013.12.17 07:40:56.036,0.89437,0.89445,1.13,1.65
2013.12.17 07:40:57.126,0.89436,0.8944,1.10,1.00
2013.12.17 07:40:57.279,0.89433,0.89439,1.10,1.00
2013.12.17 07:40:58.413,0.89431,0.8944,1.65,1.88
2013.12.17 07:40:58.974,0.89431,0.8944,1.65,1.95
2013.12.17 07:41:03.138,0.89431,0.8944,1.50,2.03
2013.12.17 07:41:06.006,0.89431,0.8944,5.78,1.88
2013.12.17 07:41:06.571,0.89432,0.8944,2.03,1.00
2013.12.17 07:41:10.145,0.89432,0.89439,1.55,1.00
2013.12.17 07:41:10.735,0.89432,0.8944,2.03,1.00
2013.12.17 07:41:11.912,0.89432,0.89439,5.03,1.00
2013.12.17 07:41:12.114,0.89435,0.89442,1.13,1.58
2013.12.17 07:41:12.192,0.89435,0.89444,1.38,1.08
2013.12.17 07:41:12.245,0.89438,0.89445,1.38,1.58
2013.12.17 07:41:12.397,0.89438,0.89445,1.55,1.00
2013.12.17 07:41:12.649,0.8944,0.89448,1.13,1.15
2013.12.17 07:41:12.699,0.89439,0.89448,1.50,1.65
2013.12.17 07:41:12.800,0.89439,0.89448,5.40,1.10
2013.12.17 07:41:12.952,0.89443,0.89449,1.00,1.65
2013.12.17 07:41:13.053,0.89443,0.89449,1.38,1.00
2013.12.17 07:41:13.939,0.89443,0.89449,1.13,1.00
2013.12.17 07:41:14.249,0.89439,0.89448,2.03,1.50
2013.12.17 07:41:22.495,0.89439,0.89447,1.55,1.10
2013.12.17 07:41:22.849,0.89438,0.89444,1.55,1.00
2013.12.17 07:41:30.081,0.89441,0.89446,1.13,1.00
2013.12.17 07:41:30.182,0.89438,0.89448,2.40,1.58
2013.12.17 07:41:30.486,0.89443,0.89452,2.03,1.58
2013.12.17 07:41:30.846,0.89445,0.89454,3.45,3.00
2013.12.17 07:41:31.351,0.89447,0.89454,1.55,1.00
2013.12.17 07:41:32.367,0.89447,0.89454,1.55,1.00
2013.12.17 07:41:35.178,0.8945,0.89455,1.13,1.00
2013.12.17 07:41:35.682,0.89451,0.89455,1.00,1.00
2013.12.17 07:41:40.469,0.8945,0.89455,1.13,1.08
2013.12.17 07:41:42.420,0.89451,0.89455,1.00,1.10
2013.12.17 07:41:52.429,0.89451,0.89456,1.00,1.10
2013.12.17 07:41:52.738,0.89454,0.8946,1.13,1.15
2013.12.17 07:41:52.839,0.89455,0.89459,1.00,1.00
2013.12.17 07:41:52.991,0.89456,0.89461,1.13,1.10
2013.12.17 07:41:53.529,0.89457,0.89462,1.13,1.10
2013.12.17 07:41:59.935,0.89457,0.89462,1.13,1.18
2013.12.17 07:42:01.035,0.89457,0.89462,1.13,1.10
2013.12.17 07:42:05.552,0.89457,0.89462,1.13,1.18
2013.12.17 07:42:06.504,0.89457,0.89462,1.13,1.10
2013.12.17 07:42:09.180,0.89456,0.89462,1.38,1.18
2013.12.17 07:42:09.985,0.89453,0.89462,1.50,1.15
2013.12.17 07:42:11.182,0.89453,0.89462,1.95,1.18
2013.12.17 07:42:25.135,0.89453,0.89462,2.70,1.20
2013.12.17 07:42:29.571,0.89457,0.89465,1.13,2.03
2013.12.17 07:42:29.672,0.89457,0.89465,1.38,1.18
2013.12.17 07:42:29.925,0.89459,0.89467,1.48,1.10
2013.12.17 07:42:30.178,0.89463,0.89468,1.00,1.00
2013.12.17 07:42:30.279,0.89463,0.89469,1.48,2.25
2013.12.17 07:42:30.787,0.89461,0.89469,1.38,1.18
2013.12.17 07:42:31.467,0.89461,0.89469,1.00,1.18
2013.12.17 07:42:31.669,0.89461,0.89469,1.38,1.18
2013.12.17 07:42:32.679,0.8946,0.89466,1.10,1.00
2013.12.17 07:42:32.780,0.89459,0.89465,1.55,1.00
2013.12.17 07:42:32.932,0.89456,0.89463,2.40,1.00
2013.12.17 07:42:33.437,0.89455,0.89463,1.48,2.33
2013.12.17 07:42:34.043,0.89455,0.89464,1.48,1.58
2013.12.17 07:42:36.271,0.89455,0.89463,1.48,1.10
2013.12.17 07:42:45.282,0.89456,0.89464,1.48,1.58
2013.12.17 07:42:45.784,0.89456,0.89464,1.55,1.50
2013.12.17 07:42:47.330,0.89457,0.89465,2.70,1.58
2013.12.17 07:42:47.481,0.89461,0.89465,1.00,1.10
2013.12.17 07:42:47.582,0.89461,0.89467,1.10,1.00
2013.12.17 07:42:50.345,0.89461,0.89467,1.08,1.00
2013.12.17 07:42:50.397,0.89462,0.8947,1.58,1.20
2013.12.17 07:42:50.498,0.89464,0.89472,1.00,6.45
2013.12.17 07:42:50.599,0.89464,0.89472,1.20,3.08
2013.12.17 07:42:51.576,0.89464,0.89472,2.03,1.00
2013.12.17 07:42:52.179,0.89464,0.89472,1.95,1.10
2013.12.17 07:42:52.683,0.89464,0.89471,1.20,1.00
2013.12.17 07:42:53.231,0.89464,0.8947,1.28,1.00
2013.12.17 07:42:58.518,0.89463,0.89469,1.53,1.00
2013.12.17 07:42:59.131,0.89462,0.89468,1.15,1.00
2013.12.17 07:43:07.356,0.89462,0.89469,1.55,1.50
2013.12.17 07:43:07.973,0.89463,0.8947,1.48,1.00
2013.12.17 07:43:09.677,0.89462,0.89469,1.53,1.00
2013.12.17 07:43:18.212,0.89463,0.89468,1.10,1.00
2013.12.17 07:43:20.830,0.89463,0.89469,1.48,1.00
2013.12.17 07:43:25.628,0.89463,0.89469,1.10,1.00
2013.12.17 07:44:28.270,0.89463,0.89469,1.00,2.25
2013.12.17 07:44:28.905,0.89463,0.89468,1.00,1.00
2013.12.17 07:44:31.979,0.89463,0.89467,1.00,1.00
2013.12.17 07:44:32.505,0.89462,0.89466,1.00,1.00
2013.12.17 07:44:32.606,0.89461,0.89465,1.58,1.00
2013.12.17 07:44:32.908,0.89459,0.89463,1.00,1.00
2013.12.17 07:44:33.217,0.89456,0.89461,1.10,1.00
2013.12.17 07:44:36.426,0.89457,0.89462,1.00,1.00
2013.12.17 07:44:38.603,0.89457,0.89461,1.00,1.00
2013.12.17 07:44:38.704,0.89457,0.89464,1.38,1.10
2013.12.17 07:44:39.253,0.89456,0.8946,1.00,1.00
2013.12.17 07:44:42.296,0.89457,0.89462,1.38,1.00
2013.12.17 07:44:50.440,0.89457,0.89462,1.38,1.00
2013.12.17 07:44:53.156,0.89452,0.8946,3.45,1.00
2013.12.17 07:44:53.257,0.89453,0.89458,1.08,1.50
2013.12.17 07:44:53.359,0.89452,0.89456,2.93,1.00
2013.12.17 07:44:53.562,0.8945,0.89455,1.88,1.00
2013.12.17 07:44:53.663,0.89449,0.89454,1.10,1.00
2013.12.17 07:45:05.694,0.89447,0.89452,1.45,1.00
2013.12.17 07:45:06.197,0.89447,0.89451,1.00,1.00
2013.12.17 07:45:06.704,0.89447,0.89452,1.13,1.00
2013.12.17 07:45:14.312,0.89444,0.89448,1.50,1.00
2013.12.17 07:45:14.413,0.89441,0.89447,2.63,1.50
2013.12.17 07:45:14.615,0.89441,0.89447,1.00,1.10
2013.12.17 07:45:14.918,0.89439,0.89445,1.58,1.00
2013.12.17 07:45:15.220,0.89441,0.89448,1.38,1.65
2013.12.17 07:45:15.271,0.89441,0.89447,1.38,1.10
2013.12.17 07:45:15.780,0.89441,0.89447,1.00,1.00
2013.12.17 07:45:20.163,0.89443,0.89447,1.00,1.00
2013.12.17 07:45:20.691,0.89442,0.89446,1.50,1.00
2013.12.17 07:45:20.994,0.8944,0.89444,1.20,1.00
2013.12.17 07:45:21.146,0.8944,0.89444,1.13,1.00
2013.12.17 07:45:21.247,0.89439,0.89446,1.10,1.58
2013.12.17 07:45:21.297,0.89439,0.89443,1.00,1.00
2013.12.17 07:45:21.802,0.89437,0.89442,1.58,1.00
2013.12.17 07:45:26.590,0.89437,0.89441,1.00,1.00
2013.12.17 07:45:27.096,0.89437,0.89442,1.38,1.00
2013.12.17 07:45:32.216,0.89436,0.89441,1.58,1.00
2013.12.17 07:45:39.957,0.89436,0.89441,1.50,1.00
2013.12.17 07:45:40.008,0.89434,0.89439,2.03,1.00
2013.12.17 07:45:40.159,0.89433,0.89438,1.38,1.10
2013.12.17 07:45:40.210,0.8943,0.89435,1.95,1.00
2013.12.17 07:45:40.261,0.8943,0.89436,1.58,1.00
2013.12.17 07:45:40.665,0.89429,0.89436,1.00,1.10
2013.12.17 07:45:40.766,0.89429,0.89436,1.38,1.10
2013.12.17 07:45:41.270,0.89429,0.89436,1.38,1.10
2013.12.17 07:45:43.182,0.89429,0.89436,1.10,1.00
2013.12.17 07:45:43.334,0.89429,0.89436,1.48,1.00
2013.12.17 07:45:43.535,0.89429,0.89434,1.10,1.00
2013.12.17 07:45:43.637,0.89429,0.89435,1.48,1.00
2013.12.17 07:45:44.197,0.89429,0.89435,1.13,1.00
2013.12.17 07:45:44.961,0.89429,0.89435,1.38,1.00
2013.12.17 07:45:45.468,0.89429,0.89434,1.38,1.00
2013.12.17 07:45:46.380,0.89429,0.89434,1.13,1.00
2013.12.17 07:45:48.179,0.89429,0.89437,1.13,1.28
2013.12.17 07:45:48.731,0.89429,0.89437,1.95,1.20
2013.12.17 07:45:49.516,0.8943,0.89437,1.00,1.20
2013.12.17 07:45:50.927,0.8943,0.89437,1.00,1.20
2013.12.17 07:45:52.274,0.8943,0.89437,1.00,1.28
2013.12.17 07:45:53.357,0.8943,0.89437,1.00,1.20
2013.12.17 07:45:54.031,0.8943,0.89437,1.00,1.20
2013.12.17 07:45:54.644,0.8943,0.89437,1.00,1.28
2013.12.17 07:46:00.593,0.8943,0.89438,1.10,1.48
2013.12.17 07:46:01.744,0.8943,0.89438,1.48,1.10
2013.12.17 07:46:02.284,0.8943,0.89437,1.38,1.10
2013.12.17 07:46:05.595,0.8943,0.89437,1.20,1.00
2013.12.17 07:46:06.138,0.8943,0.89437,1.48,1.00
2013.12.17 07:46:06.655,0.8943,0.89438,1.20,1.10
2013.12.17 07:46:06.706,0.8943,0.89439,1.95,1.65
2013.12.17 07:46:07.368,0.8943,0.89438,1.48,1.10
2013.12.17 07:46:07.888,0.89428,0.89436,2.40,1.00
2013.12.17 07:46:07.939,0.89428,0.89436,1.53,1.50
2013.12.17 07:46:08.141,0.89427,0.89436,2.70,2.78
2013.12.17 07:46:08.645,0.89425,0.89434,2.78,1.00
2013.12.17 07:46:09.154,0.89425,0.89434,2.78,1.00
2013.12.17 07:46:20.261,0.89425,0.89434,2.78,1.38
2013.12.17 07:46:21.998,0.89425,0.89434,2.78,1.45
2013.12.17 07:46:24.262,0.89425,0.89434,2.78,1.45
2013.12.17 07:46:25.418,0.89425,0.89434,2.70,1.58
2013.12.17 07:46:25.965,0.89425,0.89434,2.70,1.55
2013.12.17 07:46:26.509,0.89425,0.89434,2.78,1.48
2013.12.17 07:46:27.024,0.89425,0.89434,2.70,1.55
2013.12.17 07:46:27.598,0.89425,0.89434,2.70,1.58
2013.12.17 07:46:28.181,0.89425,0.89434,2.70,1.55
2013.12.17 07:46:29.046,0.89425,0.89434,2.78,1.48
2013.12.17 07:46:29.600,0.89425,0.89434,2.70,1.55
2013.12.17 07:46:33.627,0.89425,0.89434,2.33,1.55
2013.12.17 07:46:35.867,0.89425,0.89434,2.40,1.48
2013.12.17 07:46:36.385,0.89425,0.89434,2.78,1.45
2013.12.17 07:46:37.853,0.89425,0.89432,1.95,1.00
2013.12.17 07:46:38.399,0.89425,0.89432,1.20,1.00
2013.12.17 07:46:41.208,0.89425,0.89432,1.20,1.00
2013.12.17 07:46:41.718,0.89424,0.89431,1.95,1.00
2013.12.17 07:46:42.072,0.89422,0.8943,1.20,1.10
2013.12.17 07:46:42.426,0.8942,0.89429,2.78,1.10
2013.12.17 07:46:42.679,0.8942,0.89429,2.78,1.10
2013.12.17 07:46:42.882,0.8942,0.89429,2.70,1.18
2013.12.17 07:46:43.380,0.8942,0.89426,2.03,1.00
2013.12.17 07:46:43.684,0.89419,0.89427,1.88,1.65
2013.12.17 07:46:44.188,0.8942,0.89427,1.00,2.03
2013.12.17 07:46:44.743,0.8942,0.89427,1.00,2.78
2013.12.17 07:46:45.254,0.89419,0.89426,1.20,1.00
2013.12.17 07:46:49.254,0.89419,0.89426,1.13,1.15
2013.12.17 07:46:49.759,0.89417,0.89425,1.38,1.18
2013.12.17 07:46:50.282,0.89417,0.89425,1.38,1.18
2013.12.17 07:46:50.794,0.89417,0.89425,1.38,1.18
2013.12.17 07:46:51.634,0.89417,0.89425,1.38,1.18
2013.12.17 07:46:57.463,0.89417,0.89425,1.38,1.18
2013.12.17 07:47:03.736,0.89417,0.89425,1.38,3.08
2013.12.17 07:47:04.394,0.89417,0.89425,1.13,3.45
2013.12.17 07:47:05.453,0.89416,0.89421,1.00,2.18
2013.12.17 07:47:05.655,0.89414,0.89418,1.13,1.10
2013.12.17 07:47:07.446,0.89414,0.89421,1.00,1.28
2013.12.17 07:47:08.014,0.89414,0.89421,1.13,1.10
2013.12.17 07:47:08.418,0.8941,0.89419,1.95,1.00
2013.12.17 07:47:08.943,0.89411,0.89419,1.88,1.65
2013.12.17 07:47:09.482,0.89411,0.89419,1.95,1.10
2013.12.17 07:47:09.762,0.89411,0.89419,1.95,1.10
2013.12.17 07:47:10.115,0.89411,0.89419,1.88,1.58
2013.12.17 07:47:10.216,0.89411,0.89419,1.95,1.58
2013.12.17 07:47:10.750,0.89411,0.89419,1.95,1.58
2013.12.17 07:47:10.903,0.89411,0.89419,1.95,1.95
2013.12.17 07:47:11.431,0.89411,0.89419,1.88,2.03
2013.12.17 07:47:12.911,0.89411,0.89419,1.95,1.95
2013.12.17 07:47:13.415,0.89411,0.89419,1.88,1.65
2013.12.17 07:47:13.938,0.89411,0.89419,1.95,1.58
2013.12.17 07:47:14.484,0.89411,0.89419,1.88,1.65
2013.12.17 07:47:14.795,0.89414,0.89419,1.00,1.18
2013.12.17 07:47:16.703,0.89415,0.89419,1.00,1.10
2013.12.17 07:47:17.577,0.89411,0.89416,1.38,1.00
2013.12.17 07:47:17.880,0.89406,0.89412,1.00,3.83
2013.12.17 07:47:20.219,0.89403,0.89409,1.00,1.13
2013.12.17 07:47:20.748,0.89403,0.89409,1.00,1.28
2013.12.17 07:47:21.102,0.89401,0.89409,2.63,1.28
2013.12.17 07:47:21.775,0.89401,0.89409,2.63,1.18
2013.12.17 07:47:23.715,0.89401,0.89409,2.70,1.10
2013.12.17 07:47:24.420,0.89403,0.8941,1.88,1.08
2013.12.17 07:47:24.622,0.89404,0.89412,1.88,1.18
2013.12.17 07:47:26.524,0.89404,0.89412,1.95,1.10
2013.12.17 07:47:27.249,0.89407,0.89414,1.00,2.03
2013.12.17 07:47:27.756,0.89407,0.89414,1.13,2.33
2013.12.17 07:47:29.963,0.89405,0.89413,1.88,1.28
2013.12.17 07:47:33.176,0.89404,0.89412,1.13,2.03
2013.12.17 07:47:33.882,0.89404,0.89412,1.13,2.03
2013.12.17 07:47:34.610,0.89404,0.89412,1.13,2.03
2013.12.17 07:47:36.325,0.89404,0.89412,1.20,1.95
2013.12.17 07:47:38.255,0.89404,0.89412,1.13,1.95
2013.12.17 07:47:51.744,0.89403,0.89411,1.88,1.18
2013.12.17 07:47:52.266,0.89403,0.89411,1.88,1.18
2013.12.17 07:47:54.500,0.89403,0.89411,1.88,1.18
2013.12.17 07:47:55.141,0.89403,0.89411,1.88,1.15
2013.12.17 07:47:55.872,0.89403,0.8941,1.13,1.10
2013.12.17 07:47:56.936,0.89403,0.8941,1.38,1.10
2013.12.17 07:47:57.170,0.89401,0.89408,2.03,1.00
2013.12.17 07:47:57.473,0.894,0.89408,1.50,1.15
2013.12.17 07:47:57.686,0.894,0.89405,1.00,1.00
2013.12.17 07:47:58.101,0.89398,0.89405,1.38,1.15
2013.12.17 07:47:58.841,0.89397,0.89405,1.38,1.65
2013.12.17 07:48:00.134,0.89397,0.89405,1.38,1.65
2013.12.17 07:48:00.791,0.89397,0.89405,1.38,1.65
2013.12.17 07:48:05.482,0.89397,0.89405,1.38,2.40
2013.12.17 07:48:05.986,0.89396,0.89403,1.38,1.10
2013.12.17 07:48:06.289,0.89394,0.89401,1.50,1.18
2013.12.17 07:48:06.743,0.89393,0.894,1.38,1.65
2013.12.17 07:48:07.373,0.89389,0.89396,1.18,1.00
2013.12.17 07:48:07.935,0.89389,0.89397,2.40,1.00
2013.12.17 07:48:08.137,0.89391,0.89398,1.10,1.00
2013.12.17 07:48:08.389,0.89391,0.89398,1.55,1.00
2013.12.17 07:48:08.490,0.8939,0.89396,1.48,1.00
2013.12.17 07:48:17.452,0.89391,0.89398,1.38,1.65
2013.12.17 07:48:18.722,0.89391,0.89398,1.38,1.65
2013.12.17 07:48:20.654,0.89391,0.89398,1.38,1.65
2013.12.17 07:48:25.393,0.89393,0.89398,1.00,1.18
2013.12.17 07:48:25.494,0.89393,0.89398,1.00,1.08
2013.12.17 07:48:25.696,0.89391,0.89398,1.55,1.00
2013.12.17 07:48:26.218,0.89391,0.89398,1.38,1.18
2013.12.17 07:48:30.519,0.89391,0.89398,1.38,1.10
2013.12.17 07:48:31.064,0.89391,0.89398,1.38,1.18
2013.12.17 07:48:31.808,0.89391,0.89398,1.38,1.58
2013.12.17 07:48:31.909,0.8939,0.89397,1.00,2.33
2013.12.17 07:48:32.628,0.8939,0.89397,1.00,3.08
2013.12.17 07:48:33.781,0.8939,0.89397,1.00,1.15
2013.12.17 07:48:36.704,0.89391,0.89398,1.00,3.08
2013.12.17 07:48:37.275,0.8939,0.89397,1.00,3.08
2013.12.17 07:48:37.998,0.8939,0.89397,1.38,1.08
2013.12.17 07:48:39.156,0.8939,0.89397,1.00,1.15
2013.12.17 07:48:39.801,0.8939,0.89397,1.00,1.15
2013.12.17 07:48:41.631,0.8939,0.89397,1.38,1.08
2013.12.17 07:48:41.883,0.8939,0.89397,1.00,1.15
2013.12.17 07:48:42.698,0.8939,0.89397,1.50,1.10
2013.12.17 07:48:46.504,0.8939,0.89397,1.38,1.10
2013.12.17 07:48:55.170,0.8939,0.89399,1.48,1.18
2013.12.17 07:48:55.271,0.8939,0.89397,1.48,1.00
2013.12.17 07:48:55.423,0.8939,0.89397,1.58,1.00
2013.12.17 07:48:55.624,0.8939,0.89398,2.70,1.10
2013.12.17 07:48:58.536,0.8939,0.89396,1.10,1.00
2013.12.17 07:48:58.688,0.8939,0.89395,1.20,1.10
2013.12.17 07:48:58.789,0.89388,0.89393,1.38,1.00
2013.12.17 07:48:59.294,0.89387,0.89394,1.88,1.10
2013.12.17 07:49:10.399,0.89386,0.89394,2.70,1.10
2013.12.17 07:49:12.066,0.8939,0.89395,1.00,1.18
2013.12.17 07:49:12.600,0.89388,0.89396,2.63,1.18
2013.12.17 07:49:25.396,0.8939,0.89396,1.00,1.18
2013.12.17 07:49:25.767,0.89389,0.89396,1.50,1.10
2013.12.17 07:49:26.452,0.89389,0.89396,1.50,1.18
2013.12.17 07:49:28.735,0.8939,0.89396,1.13,1.00
2013.12.17 07:49:33.126,0.89389,0.89397,2.40,1.00
2013.12.17 07:49:36.062,0.8939,0.89398,1.28,1.95
2013.12.17 07:49:36.112,0.8939,0.89398,1.53,1.50
2013.12.17 07:49:36.264,0.89392,0.89398,1.20,1.00
2013.12.17 07:49:36.487,0.89392,0.89401,1.48,1.65
2013.12.17 07:49:37.692,0.89391,0.89398,2.03,1.00
2013.12.17 07:49:39.776,0.89391,0.89398,1.48,1.00
2013.12.17 07:49:39.877,0.89391,0.89398,1.48,1.00
2013.12.17 07:49:40.183,0.89391,0.89398,1.48,1.00
2013.12.17 07:49:41.636,0.89391,0.89398,1.95,1.00
2013.12.17 07:49:42.140,0.89392,0.894,1.88,1.18
2013.12.17 07:49:42.671,0.89392,0.894,1.95,1.10
2013.12.17 07:49:45.054,0.89392,0.894,1.88,1.08
2013.12.17 07:49:47.032,0.89392,0.894,1.95,1.20
2013.12.17 07:49:48.124,0.89392,0.894,1.88,1.18
2013.12.17 07:49:48.451,0.89392,0.894,1.38,1.18
2013.12.17 07:49:50.219,0.89392,0.894,1.38,1.18
2013.12.17 07:49:53.215,0.89392,0.894,1.48,1.10
2013.12.17 07:49:58.248,0.89392,0.894,1.95,1.10
2013.12.17 07:49:58.449,0.89394,0.89401,1.95,1.00
2013.12.17 07:50:01.577,0.89396,0.89402,1.13,1.10
2013.12.17 07:50:01.952,0.89396,0.89404,1.88,1.18
2013.12.17 07:50:02.459,0.89397,0.89405,1.88,1.18
2013.12.17 07:50:03.031,0.89397,0.89405,1.95,1.10
2013.12.17 07:50:04.460,0.89397,0.89405,2.03,1.00
2013.12.17 07:50:10.965,0.89398,0.89406,1.95,1.58
2013.12.17 07:50:11.471,0.89398,0.89406,1.10,1.95
2013.12.17 07:50:12.386,0.89398,0.89406,1.20,1.95
2013.12.17 07:50:13.074,0.89398,0.89406,1.48,1.58
2013.12.17 07:50:39.869,0.89397,0.89405,2.03,1.00
2013.12.17 07:50:44.178,0.89398,0.89405,1.20,1.00
2013.12.17 07:50:50.459,0.89397,0.89405,2.03,1.00
2013.12.17 07:50:57.895,0.89398,0.89406,1.48,2.40
2013.12.17 07:50:58.408,0.89398,0.89406,1.38,2.40
2013.12.17 07:50:58.962,0.89398,0.89406,1.48,2.33
2013.12.17 07:51:10.946,0.89401,0.89406,1.00,1.00
2013.12.17 07:51:11.455,0.89398,0.89406,1.48,1.10
2013.12.17 07:51:30.293,0.89397,0.89406,1.95,1.18
2013.12.17 07:51:30.797,0.89397,0.89406,1.38,2.40
2013.12.17 07:51:39.484,0.89396,0.89405,1.95,1.18
2013.12.17 07:51:40.130,0.89396,0.89405,1.95,1.18
2013.12.17 07:51:41.933,0.89396,0.89405,1.38,1.65
2013.12.17 07:51:45.759,0.89396,0.89404,1.48,1.10
2013.12.17 07:51:46.472,0.89396,0.89404,1.38,1.18
2013.12.17 07:51:47.468,0.89396,0.89405,1.55,1.58
2013.12.17 07:51:56.343,0.89397,0.89406,1.88,1.65
2013.12.17 07:52:03.020,0.89399,0.89405,1.13,1.10
2013.12.17 07:52:15.161,0.89401,0.89405,1.00,1.00
2013.12.17 07:52:20.993,0.89402,0.89406,1.00,1.10
2013.12.17 07:52:22.877,0.89401,0.89405,1.00,1.00
2013.12.17 07:52:24.587,0.89402,0.89406,1.00,1.00
2013.12.17 07:52:29.218,0.89401,0.89405,1.50,1.00
2013.12.17 07:52:43.738,0.89402,0.89406,1.00,1.00
2013.12.17 07:52:47.498,0.89399,0.89405,1.20,1.00
2013.12.17 07:52:48.354,0.89402,0.89406,1.00,1.00
2013.12.17 07:52:48.607,0.89398,0.89406,1.55,1.00
2013.12.17 07:52:49.111,0.89397,0.89405,1.53,1.00
2013.12.17 07:52:53.642,0.89397,0.89406,2.03,1.50
2013.12.17 07:53:06.633,0.89397,0.89406,2.03,1.58
2013.12.17 07:53:07.210,0.89397,0.89406,2.03,1.58
2013.12.17 07:53:07.513,0.89401,0.89406,1.00,1.00
2013.12.17 07:53:07.772,0.89402,0.8941,1.55,1.00
2013.12.17 07:53:07.882,0.89402,0.8941,1.55,1.00
2013.12.17 07:53:08.185,0.89405,0.89412,1.45,1.00
2013.12.17 07:53:08.236,0.89405,0.89414,2.03,1.58
2013.12.17 07:53:08.438,0.89407,0.89416,1.55,1.58
2013.12.17 07:53:08.740,0.89406,0.89414,1.55,1.50
2013.12.17 07:53:09.043,0.89406,0.89415,1.55,1.10
2013.12.17 07:53:09.547,0.89405,0.89414,1.58,1.18
2013.12.17 07:53:09.798,0.89405,0.89412,1.10,1.00
2013.12.17 07:53:10.368,0.89405,0.89414,1.50,3.08
2013.12.17 07:53:11.143,0.89405,0.89414,2.25,1.15
2013.12.17 07:53:13.391,0.89405,0.89414,2.63,1.08
2013.12.17 07:53:14.865,0.89405,0.89413,1.55,2.25
2013.12.17 07:53:16.918,0.89406,0.89414,1.48,1.58
2013.12.17 07:53:21.876,0.89406,0.89415,1.48,1.65
2013.12.17 07:53:26.782,0.89406,0.89415,2.03,1.10
2013.12.17 07:53:27.290,0.89406,0.89415,1.95,1.18
2013.12.17 07:53:27.593,0.89404,0.89411,1.55,1.00
2013.12.17 07:53:28.193,0.89403,0.89412,1.53,1.50
2013.12.17 07:53:29.619,0.89405,0.89414,1.95,1.65
2013.12.17 07:53:30.413,0.89405,0.89413,1.95,1.10
2013.12.17 07:53:30.967,0.89407,0.89414,1.38,1.10
2013.12.17 07:53:32.151,0.89409,0.89415,1.38,1.10
2013.12.17 07:53:32.822,0.89409,0.89415,1.00,1.18
2013.12.17 07:53:37.921,0.89409,0.89415,1.38,1.10
2013.12.17 07:53:38.462,0.89409,0.89415,1.38,1.10
2013.12.17 07:53:40.088,0.89408,0.89415,1.38,1.10
2013.12.17 07:53:41.524,0.89409,0.89416,1.13,1.10
2013.12.17 07:53:44.776,0.89409,0.89416,1.13,1.08
2013.12.17 07:53:45.349,0.8941,0.89416,1.00,1.20
2013.12.17 07:53:45.652,0.89412,0.89419,1.00,1.65
2013.12.17 07:53:45.955,0.89416,0.8942,1.13,2.18
2013.12.17 07:53:46.056,0.89416,0.89421,1.00,2.40
2013.12.17 07:53:46.207,0.89415,0.89421,1.38,1.08
2013.12.17 07:53:46.359,0.89412,0.89421,1.95,1.18
2013.12.17 07:53:47.110,0.89412,0.89421,1.95,1.10
2013.12.17 07:53:47.218,0.89412,0.89421,1.95,1.18
2013.12.17 07:53:48.463,0.89412,0.89421,1.95,1.58
2013.12.17 07:53:48.564,0.89412,0.89421,1.95,1.65
2013.12.17 07:53:48.665,0.89412,0.89421,2.03,1.50
2013.12.17 07:53:48.917,0.89414,0.89422,1.48,1.10
2013.12.17 07:53:49.504,0.89414,0.89422,1.38,1.18
2013.12.17 07:53:50.122,0.89415,0.89422,1.48,1.00
2013.12.17 07:53:50.526,0.89414,0.89421,1.50,1.65
2013.12.17 07:53:50.778,0.89414,0.89422,1.48,1.10
2013.12.17 07:53:50.980,0.89414,0.89421,1.00,1.65
2013.12.17 07:53:51.181,0.89414,0.89422,1.95,1.10
2013.12.17 07:53:51.333,0.89414,0.89421,1.95,1.57
2013.12.17 07:53:51.434,0.89414,0.89421,1.38,1.58
2013.12.17 07:53:51.535,0.89414,0.89421,1.88,1.15
2013.12.17 07:53:51.636,0.89414,0.89422,1.38,1.65
2013.12.17 07:53:51.939,0.89414,0.8942,1.00,1.65
2013.12.17 07:53:52.392,0.89409,0.89416,1.08,1.20
2013.12.17 07:53:52.443,0.89407,0.89414,4.13,1.00
2013.12.17 07:53:52.494,0.89406,0.89414,1.95,1.00
2013.12.17 07:53:52.645,0.89406,0.89412,1.58,1.00
2013.12.17 07:53:52.948,0.89403,0.89407,1.00,1.13
2013.12.17 07:53:54.625,0.89401,0.89407,1.10,1.00
2013.12.17 07:53:55.150,0.89402,0.89407,1.00,1.00
2013.12.17 07:54:03.365,0.89402,0.89407,1.38,1.00
2013.12.17 07:54:03.516,0.89404,0.89409,1.38,1.00
2013.12.17 07:54:03.618,0.89406,0.89411,1.00,1.10
2013.12.17 07:54:04.141,0.89406,0.89413,1.88,1.28
2013.12.17 07:54:07.097,0.89405,0.89411,1.50,1.00
2013.12.17 07:54:07.350,0.89404,0.89409,1.13,1.00
2013.12.17 07:54:07.938,0.89404,0.89408,1.13,1.00
2013.12.17 07:54:10.683,0.89405,0.8941,1.00,4.58
2013.12.17 07:54:10.734,0.89405,0.8941,1.00,1.10
2013.12.17 07:54:10.885,0.89406,0.89413,1.00,2.03
2013.12.17 07:54:11.403,0.89406,0.89414,1.38,4.20
2013.12.17 07:54:11.938,0.89407,0.89414,1.13,1.53
2013.12.17 07:54:12.301,0.89406,0.8941,1.00,1.00
2013.12.17 07:54:12.454,0.8941,0.89415,2.13,1.10
2013.12.17 07:54:12.556,0.89411,0.89417,1.88,1.10
2013.12.17 07:54:12.707,0.89413,0.89419,1.00,1.15
2013.12.17 07:54:12.960,0.89414,0.8942,1.50,1.65
2013.12.17 07:54:13.485,0.89414,0.8942,1.50,1.58
2013.12.17 07:54:13.737,0.89413,0.89418,1.00,1.00
2013.12.17 07:54:16.229,0.89413,0.89419,1.00,3.75
2013.12.17 07:54:16.746,0.89413,0.89419,1.00,4.95
2013.12.17 07:54:17.336,0.89413,0.89417,1.00,1.00
2013.12.17 07:54:17.539,0.89409,0.89415,1.13,1.00
2013.12.17 07:54:18.043,0.89408,0.89414,1.00,4.58
2013.12.17 07:54:19.848,0.89409,0.89414,1.00,3.83
2013.12.17 07:54:19.999,0.89409,0.89414,1.00,3.75
2013.12.17 07:54:20.506,0.89408,0.89414,1.00,1.20
2013.12.17 07:54:22.397,0.89409,0.89415,1.50,2.03
2013.12.17 07:54:22.730,0.8941,0.89416,1.00,1.58
2013.12.17 07:54:22.985,0.89408,0.89415,1.13,1.10
2013.12.17 07:54:23.687,0.89409,0.89415,1.00,1.10
2013.12.17 07:54:27.240,0.89409,0.89414,1.00,1.00
2013.12.17 07:54:27.766,0.89408,0.89414,1.00,1.00
2013.12.17 07:54:28.219,0.89408,0.89412,1.00,1.00
2013.12.17 07:54:31.852,0.89411,0.89416,1.00,1.18
2013.12.17 07:54:32.205,0.89409,0.89415,1.20,1.00
2013.12.17 07:54:32.731,0.89409,0.89415,1.00,1.18
2013.12.17 07:54:41.221,0.89408,0.89415,1.88,1.18
2013.12.17 07:54:42.994,0.89408,0.89415,1.13,1.10
2013.12.17 07:54:43.545,0.89408,0.89415,1.13,1.18
2013.12.17 07:54:44.080,0.89408,0.89413,1.13,1.00
2013.12.17 07:54:47.852,0.89409,0.89413,1.00,1.00
2013.12.17 07:54:47.953,0.89411,0.89416,1.00,1.10
2013.12.17 07:54:48.256,0.89412,0.89417,1.08,1.00
2013.12.17 07:54:48.407,0.89414,0.8942,1.48,1.00
2013.12.17 07:54:48.508,0.89413,0.89419,1.13,1.10
2013.12.17 07:54:48.609,0.89414,0.89419,1.38,1.00
2013.12.17 07:54:48.711,0.89416,0.89421,1.50,1.58
2013.12.17 07:54:49.214,0.89414,0.89421,1.48,1.58
2013.12.17 07:54:49.315,0.89414,0.89421,1.00,1.58
2013.12.17 07:54:49.568,0.89413,0.89421,1.65,2.25
2013.12.17 07:54:49.669,0.89413,0.89419,1.20,1.00
2013.12.17 07:54:50.022,0.89413,0.89417,1.00,1.00
2013.12.17 07:54:50.324,0.89408,0.89414,1.38,1.00
2013.12.17 07:54:50.476,0.89408,0.89414,1.38,1.00
2013.12.17 07:54:53.660,0.89411,0.89416,1.00,1.18
2013.12.17 07:54:53.761,0.89409,0.89416,1.13,1.18
2013.12.17 07:54:54.743,0.89408,0.89416,1.48,1.58
2013.12.17 07:54:57.359,0.89411,0.89416,1.00,1.10
2013.12.17 07:54:57.511,0.89409,0.89416,1.13,1.58
2013.12.17 07:54:57.813,0.89411,0.89418,1.00,1.48
2013.12.17 07:54:58.015,0.89412,0.89419,1.00,1.10
2013.12.17 07:54:58.066,0.89411,0.89416,1.10,1.00
2013.12.17 07:54:58.582,0.89407,0.89415,2.78,1.00
2013.12.17 07:55:01.195,0.89409,0.89416,1.38,1.10
2013.12.17 07:55:01.497,0.89415,0.89422,1.38,1.10
2013.12.17 07:55:02.102,0.89414,0.8942,1.65,1.00
2013.12.17 07:55:02.616,0.89414,0.89421,1.88,1.58
2013.12.17 07:55:02.718,0.89414,0.8942,1.50,1.15
2013.12.17 07:55:02.921,0.89414,0.89421,1.88,1.10
2013.12.17 07:55:03.227,0.89414,0.8942,1.50,1.15
2013.12.17 07:55:03.479,0.89414,0.89421,1.88,1.18
2013.12.17 07:55:03.681,0.89411,0.89418,1.00,2.33
2013.12.17 07:55:04.135,0.8941,0.89416,1.13,1.18
2013.12.17 07:55:04.236,0.89409,0.89415,1.00,1.65
2013.12.17 07:55:04.469,0.89407,0.89414,1.38,1.18
2013.12.17 07:55:04.722,0.89406,0.89414,1.38,3.83
2013.12.17 07:55:05.263,0.89406,0.89413,1.00,2.33
2013.12.17 07:55:05.784,0.89406,0.89414,1.38,3.83
2013.12.17 07:55:07.506,0.89407,0.89414,1.13,2.33
2013.12.17 07:55:07.809,0.89409,0.89417,2.25,3.08
2013.12.17 07:55:07.960,0.89409,0.89416,1.88,1.15
2013.12.17 07:55:08.463,0.89409,0.89416,1.88,3.08
2013.12.17 07:55:12.642,0.89409,0.89416,1.88,1.15
2013.12.17 07:55:13.675,0.89409,0.89417,1.88,3.83
2013.12.17 07:55:13.776,0.8941,0.89417,1.38,2.18
2013.12.17 07:55:13.827,0.89414,0.89419,1.00,1.58
2013.12.17 07:55:13.928,0.89416,0.89421,1.38,1.00
2013.12.17 07:55:14.382,0.89415,0.89422,1.38,1.18
2013.12.17 07:55:14.483,0.89414,0.89421,1.13,1.65
2013.12.17 07:55:16.112,0.89412,0.8942,2.25,3.08
2013.12.17 07:55:16.214,0.89412,0.89418,1.00,1.15
2013.12.17 07:55:16.315,0.89409,0.89417,1.88,3.83
2013.12.17 07:55:16.467,0.89407,0.89415,1.50,3.08
2013.12.17 07:55:16.995,0.89407,0.89414,1.00,2.33
2013.12.17 07:55:18.829,0.89407,0.89415,1.00,3.83
2013.12.17 07:55:19.347,0.89407,0.89414,1.00,2.33
2013.12.17 07:55:20.134,0.89407,0.89415,1.00,3.83
2013.12.17 07:55:20.654,0.89407,0.89414,1.00,2.33
2013.12.17 07:55:21.397,0.89407,0.89414,1.38,2.33
2013.12.17 07:55:31.986,0.89407,0.89415,1.38,3.83
2013.12.17 07:55:33.904,0.89407,0.89414,1.00,2.33
2013.12.17 07:55:37.947,0.89407,0.89414,1.13,2.33
2013.12.17 07:55:38.744,0.89407,0.89415,1.13,4.20
2013.12.17 07:55:39.750,0.89407,0.89415,1.00,2.70
2013.12.17 07:55:43.126,0.8941,0.89415,1.13,2.93
2013.12.17 07:55:43.177,0.8941,0.89415,1.20,1.00
2013.12.17 07:55:43.227,0.8941,0.89417,1.00,1.00
2013.12.17 07:55:43.529,0.89411,0.8942,2.78,1.58
2013.12.17 07:55:44.041,0.89411,0.89421,2.96,1.15
2013.12.17 07:55:45.111,0.89411,0.8942,2.71,1.18
2013.12.17 07:55:45.312,0.89411,0.8942,3.71,1.18
2013.12.17 07:55:45.847,0.89415,0.89421,2.13,1.08
2013.12.17 07:55:51.716,0.89416,0.89421,1.00,1.10
2013.12.17 07:56:05.795,0.89416,0.8942,1.00,1.50
2013.12.17 07:56:06.299,0.89416,0.89422,1.00,5.03
2013.12.17 07:56:06.702,0.89414,0.89422,1.50,1.53
2013.12.17 07:56:07.249,0.89413,0.89422,1.88,2.78
2013.12.17 07:56:07.551,0.89412,0.89419,1.10,1.20
2013.12.17 07:56:07.853,0.89408,0.89414,1.00,1.18
2013.12.17 07:56:08.380,0.89407,0.89414,1.00,1.18
2013.12.17 07:56:17.008,0.89407,0.89414,1.58,1.13
2013.12.17 07:56:17.311,0.89405,0.8941,1.20,1.50
2013.12.17 07:56:17.362,0.89405,0.89412,1.95,1.10
2013.12.17 07:56:17.880,0.89405,0.89414,1.00,1.28
2013.12.17 07:56:29.244,0.89406,0.89414,1.00,1.28
2013.12.17 07:56:29.798,0.89406,0.89414,1.00,3.45
2013.12.17 07:56:39.341,0.89406,0.89414,1.00,1.28
2013.12.17 07:56:46.997,0.89406,0.89415,1.00,1.53
2013.12.17 07:56:47.543,0.89406,0.89415,1.65,1.48
2013.12.17 07:56:59.705,0.89406,0.89415,1.18,1.95
2013.12.17 07:57:02.643,0.89405,0.89414,2.78,1.00
2013.12.17 07:57:13.112,0.89407,0.89415,1.10,1.20
2013.12.17 07:57:27.470,0.89407,0.89415,1.10,1.48
2013.12.17 07:57:30.141,0.89407,0.89415,1.10,1.20
2013.12.17 07:57:33.386,0.89407,0.89415,1.10,1.48
2013.12.17 07:57:37.101,0.89407,0.89415,1.00,1.58
2013.12.17 07:57:37.406,0.89411,0.89419,2.13,1.18
2013.12.17 07:57:37.759,0.89412,0.89421,3.40,1.10
2013.12.17 07:57:38.011,0.89412,0.89421,1.00,2.40
2013.12.17 07:57:38.417,0.89411,0.89419,1.50,1.15
2013.12.17 07:57:55.480,0.8941,0.89419,1.00,1.65
2013.12.17 07:57:56.001,0.89408,0.89416,1.65,1.00
2013.12.17 07:57:56.303,0.89408,0.89414,1.10,1.00
2013.12.17 07:57:56.455,0.89404,0.89412,1.18,1.50
2013.12.17 07:57:56.993,0.89404,0.89411,1.00,1.10
2013.12.17 07:57:57.044,0.89404,0.89411,1.00,1.18
2013.12.17 07:57:57.558,0.89404,0.89411,1.00,2.33
2013.12.17 07:57:57.710,0.89404,0.89412,1.00,1.65
2013.12.17 07:57:59.019,0.89404,0.89412,1.00,1.18
2013.12.17 07:58:00.084,0.89406,0.89413,2.88,1.50
2013.12.17 07:58:00.235,0.89406,0.89413,2.95,1.00
2013.12.17 07:58:00.437,0.89406,0.89416,1.10,3.08
2013.12.17 07:58:00.941,0.89406,0.89415,1.10,1.10
2013.12.17 07:58:01.450,0.89405,0.89414,1.28,1.50
2013.12.17 07:58:01.551,0.89405,0.89414,1.10,1.65
2013.12.17 07:58:03.393,0.89404,0.89413,2.40,1.00
2013.12.17 07:58:03.603,0.89406,0.89415,3.70,2.03
2013.12.17 07:58:04.059,0.89406,0.89415,1.18,1.58
2013.12.17 07:58:17.937,0.89406,0.89415,1.00,1.10
2013.12.17 07:58:18.682,0.89406,0.89415,2.65,1.10
2013.12.17 07:58:19.224,0.89406,0.89415,3.03,1.00
2013.12.17 07:58:22.932,0.89406,0.89415,2.65,1.08
2013.12.17 07:58:24.092,0.89406,0.89415,2.58,1.18
2013.12.17 07:58:24.761,0.89406,0.89414,2.65,1.00
2013.12.17 07:58:25.168,0.89406,0.89414,1.18,1.00
2013.12.17 07:58:26.951,0.89406,0.89414,1.10,1.10
2013.12.17 07:58:27.683,0.89406,0.89414,1.18,1.00
2013.12.17 07:58:29.541,0.89406,0.89414,1.10,1.10
2013.12.17 07:58:31.571,0.89406,0.89414,1.00,1.10
2013.12.17 07:58:32.176,0.89406,0.89415,2.65,1.00
2013.12.17 07:58:33.079,0.89406,0.89414,1.50,1.00
2013.12.17 07:58:33.623,0.89407,0.89415,2.65,1.00
2013.12.17 07:58:34.156,0.89407,0.89415,2.65,1.00
2013.12.17 07:58:35.714,0.89407,0.89415,1.65,1.00
2013.12.17 07:58:36.638,0.89406,0.89414,1.15,1.00
2013.12.17 07:58:38.641,0.89406,0.89414,3.08,1.00
2013.12.17 07:58:39.788,0.89406,0.89414,1.15,1.00
2013.12.17 07:58:44.717,0.89406,0.89414,2.33,1.50
2013.12.17 07:58:45.221,0.89405,0.89414,3.45,1.50
2013.12.17 07:58:45.838,0.89405,0.89414,1.28,1.50
2013.12.17 07:58:49.388,0.89405,0.89414,1.28,1.58
2013.12.17 07:58:49.900,0.89405,0.89414,1.28,1.50
2013.12.17 07:58:56.587,0.89405,0.89414,3.71,1.00
2013.12.17 07:58:57.091,0.89405,0.89414,1.20,1.00
2013.12.17 07:58:58.545,0.89405,0.89414,4.46,1.00
2013.12.17 07:58:59.270,0.89405,0.89414,2.30,1.00
2013.12.17 07:58:59.695,0.89405,0.89412,2.03,1.00
2013.12.17 07:59:00.198,0.89405,0.89413,1.10,1.00
2013.12.17 07:59:00.723,0.89405,0.89415,2.30,1.58
2013.12.17 07:59:04.898,0.89407,0.89416,3.63,1.13
2013.12.17 07:59:04.999,0.8941,0.8942,4.01,2.33
2013.12.17 07:59:05.202,0.8941,0.8942,2.30,3.45
2013.12.17 07:59:05.457,0.8941,0.89419,1.18,2.70
2013.12.17 07:59:05.972,0.8941,0.89419,1.10,3.83
2013.12.17 07:59:06.275,0.8941,0.89418,1.00,3.08
2013.12.17 07:59:06.760,0.89407,0.89415,2.70,1.10
2013.12.17 07:59:07.013,0.89406,0.89414,1.20,1.10
2013.12.17 07:59:07.165,0.89406,0.89414,1.10,1.48
2013.12.17 07:59:07.582,0.89406,0.89414,2.58,1.95
2013.12.17 07:59:07.734,0.89406,0.89414,4.18,1.13
2013.12.17 07:59:08.036,0.89406,0.89415,1.28,1.20
2013.12.17 07:59:09.063,0.89406,0.89415,1.00,1.10
2013.12.17 07:59:09.164,0.89406,0.89415,3.08,1.65
2013.12.17 07:59:09.288,0.89406,0.89416,3.90,2.09
2013.12.17 07:59:09.390,0.89406,0.89416,4.48,1.56
2013.12.17 07:59:09.544,0.89406,0.89415,1.28,2.70
2013.12.17 07:59:09.948,0.89406,0.89414,1.18,1.38
2013.12.17 07:59:10.510,0.89406,0.89414,1.00,2.03
2013.12.17 07:59:10.762,0.89408,0.89416,2.20,1.28
2013.12.17 07:59:11.271,0.89408,0.89415,1.13,1.10
2013.12.17 07:59:11.800,0.89408,0.89415,1.00,1.48
2013.12.17 07:59:12.460,0.89408,0.89416,1.00,1.55
2013.12.17 07:59:13.694,0.89408,0.89417,1.95,2.78
2013.12.17 07:59:18.948,0.89408,0.89417,1.00,2.78
2013.12.17 07:59:19.392,0.89408,0.89417,1.20,2.78
2013.12.17 07:59:19.909,0.89408,0.89416,1.13,1.28
2013.12.17 07:59:21.173,0.89408,0.89415,1.00,1.48
2013.12.17 07:59:21.681,0.89408,0.89415,1.00,1.48
2013.12.17 07:59:22.920,0.89408,0.89415,1.00,1.20
2013.12.17 07:59:23.294,0.89408,0.89416,1.08,1.20
2013.12.17 07:59:23.445,0.89408,0.89416,1.00,1.53
2013.12.17 07:59:23.967,0.89408,0.89416,1.50,1.55
2013.12.17 07:59:26.863,0.89408,0.89417,2.50,1.53
2013.12.17 07:59:26.978,0.89408,0.89418,1.50,4.20
2013.12.17 07:59:27.484,0.89408,0.89416,1.58,1.95
2013.12.17 07:59:28.381,0.89408,0.89416,1.58,1.95
2013.12.17 07:59:28.944,0.89408,0.89416,1.58,1.48
2013.12.17 07:59:30.172,0.89408,0.89416,3.03,1.20
2013.12.17 07:59:30.475,0.89412,0.8942,2.63,2.03
2013.12.17 07:59:30.646,0.89412,0.89421,2.70,1.55
2013.12.17 07:59:31.151,0.89411,0.8942,1.95,1.65
2013.12.17 07:59:31.352,0.89411,0.89416,1.18,1.00
2013.12.17 07:59:31.555,0.89408,0.89416,1.00,1.65
2013.12.17 07:59:32.069,0.89406,0.89414,1.10,1.20
2013.12.17 07:59:32.372,0.89406,0.89414,1.18,1.38
2013.12.17 07:59:32.876,0.89406,0.89414,1.10,1.48
2013.12.17 07:59:37.213,0.89406,0.89414,1.00,1.55
2013.12.17 07:59:37.741,0.89406,0.89414,1.00,1.55
2013.12.17 07:59:38.333,0.89406,0.89414,1.50,1.55
2013.12.17 07:59:40.057,0.89406,0.89414,1.58,1.48
2013.12.17 07:59:41.765,0.89406,0.89414,1.65,1.38
2013.12.17 07:59:42.272,0.89406,0.89415,1.95,2.03
2013.12.17 07:59:44.562,0.89406,0.89415,2.03,1.95
2013.12.17 07:59:45.563,0.89406,0.89415,1.95,2.03
2013.12.17 07:59:46.087,0.89406,0.89415,1.95,2.03
2013.12.17 07:59:47.112,0.89406,0.89415,1.95,2.03
2013.12.17 07:59:48.538,0.89406,0.89415,2.03,1.95
2013.12.17 07:59:49.170,0.89406,0.89415,1.95,2.03
2013.12.17 07:59:50.368,0.89406,0.89415,2.03,1.95
2013.12.17 07:59:50.899,0.89406,0.89415,2.95,2.03
2013.12.17 07:59:51.404,0.89406,0.89415,2.70,2.78
2013.12.17 07:59:52.413,0.89406,0.89415,3.08,2.78
2013.12.17 07:59:52.918,0.89406,0.89416,3.45,4.28
2013.12.17 07:59:53.403,0.89406,0.89415,2.33,2.03
2013.12.17 07:59:53.948,0.89406,0.89413,1.00,1.48
2013.12.17 07:59:54.944,0.89406,0.89413,1.00,1.10
