2012.01.25 18:00:00.527,1.05445,1.05451,1.69,1.50
2012.01.25 18:00:00.620,1.05444,1.05453,2.63,1.20
2012.01.25 18:00:00.701,1.05444,1.05448,1.50,1.20
2012.01.25 18:00:00.781,1.05441,1.05448,2.25,1.20
2012.01.25 18:00:00.927,1.05439,1.05451,2.25,1.50
2012.01.25 18:00:01.012,1.05439,1.0545,2.25,3.00
2012.01.25 18:00:01.310,1.05434,1.05446,2.25,2.25
2012.01.25 18:00:01.885,1.05434,1.05446,2.25,3.86
2012.01.25 18:00:02.059,1.05423,1.05438,1.65,1.20
2012.01.25 18:00:02.132,1.05423,1.05438,2.40,1.95
2012.01.25 18:00:02.277,1.05423,1.05438,2.33,1.20
2012.01.25 18:00:02.906,1.05423,1.05438,2.25,1.20
2012.01.25 18:00:03.713,1.05423,1.05438,2.25,1.20
2012.01.25 18:00:03.874,1.05423,1.05435,2.25,1.50
2012.01.25 18:00:04.903,1.05425,1.05437,2.25,1.50
2012.01.25 18:00:05.557,1.05426,1.05438,2.25,1.20
2012.01.25 18:00:05.643,1.05426,1.05438,2.25,1.20
2012.01.25 18:00:05.995,1.05422,1.05436,4.20,1.50
2012.01.25 18:00:06.630,1.05425,1.05437,2.25,1.50
2012.01.25 18:00:07.361,1.05425,1.05437,2.25,1.50
2012.01.25 18:00:07.725,1.05437,1.05444,2.25,3.00
2012.01.25 18:00:08.074,1.05435,1.05444,1.50,3.00
2012.01.25 18:00:08.153,1.05433,1.05444,1.50,3.00
2012.01.25 18:00:08.226,1.05441,1.05454,3.75,2.25
2012.01.25 18:00:08.379,1.05438,1.05454,1.88,2.25
2012.01.25 18:00:08.993,1.05443,1.05454,2.25,1.50
2012.01.25 18:00:09.312,1.05452,1.05464,1.50,2.44
2012.01.25 18:00:09.391,1.05452,1.05464,2.25,2.44
2012.01.25 18:00:09.610,1.05454,1.05468,2.25,2.44
2012.01.25 18:00:09.685,1.05454,1.05466,2.25,1.28
2012.01.25 18:00:10.490,1.05454,1.05462,1.50,1.69
2012.01.25 18:00:10.641,1.05446,1.05457,2.25,1.50
2012.01.25 18:00:11.060,1.05443,1.05457,5.25,1.50
2012.01.25 18:00:11.554,1.05447,1.05461,2.25,1.50
2012.01.25 18:00:11.706,1.05448,1.05461,2.25,1.50
2012.01.25 18:00:12.353,1.0545,1.05463,1.50,1.50
2012.01.25 18:00:12.434,1.05455,1.05469,2.25,1.50
2012.01.25 18:00:12.724,1.05455,1.05469,2.25,3.38
2012.01.25 18:00:12.804,1.05455,1.05466,1.50,1.88
2012.01.25 18:00:12.958,1.05453,1.05461,1.50,2.25
2012.01.25 18:00:13.842,1.05444,1.05455,1.50,2.25
2012.01.25 18:00:13.937,1.05455,1.05464,1.13,1.50
2012.01.25 18:00:14.025,1.05458,1.0547,2.25,1.50
2012.01.25 18:00:14.246,1.05456,1.05468,2.25,1.50
2012.01.25 18:00:14.323,1.05459,1.05471,2.25,1.50
2012.01.25 18:00:14.394,1.0546,1.05471,1.88,1.50
2012.01.25 18:00:14.479,1.05465,1.05477,2.25,2.44
2012.01.25 18:00:14.549,1.05465,1.05477,2.25,2.44
2012.01.25 18:00:14.621,1.05465,1.05477,1.50,1.69
2012.01.25 18:00:15.456,1.05467,1.05478,2.25,1.69
2012.01.25 18:00:15.760,1.05476,1.05485,1.50,1.50
2012.01.25 18:00:15.835,1.05475,1.05487,3.00,3.00
2012.01.25 18:00:15.914,1.05478,1.0549,1.50,3.75
2012.01.25 18:00:16.482,1.05478,1.05489,1.50,1.50
2012.01.25 18:00:17.320,1.05477,1.05489,1.50,1.50
2012.01.25 18:00:17.884,1.05476,1.05489,1.50,1.50
2012.01.25 18:00:18.313,1.05476,1.05487,1.50,1.50
2012.01.25 18:00:18.388,1.05474,1.05487,1.13,1.50
2012.01.25 18:00:18.470,1.05474,1.05485,1.13,1.50
2012.01.25 18:00:19.106,1.05472,1.05483,1.88,1.50
2012.01.25 18:00:19.196,1.05475,1.05487,2.25,1.50
2012.01.25 18:00:19.696,1.05473,1.05486,2.25,1.50
2012.01.25 18:00:19.776,1.05474,1.05488,2.25,1.50
2012.01.25 18:00:20.720,1.05472,1.05486,2.44,1.50
2012.01.25 18:00:20.796,1.05472,1.05486,2.44,1.50
2012.01.25 18:00:20.873,1.05472,1.05486,2.44,2.25
2012.01.25 18:00:21.636,1.05472,1.05486,2.44,1.50
2012.01.25 18:00:22.420,1.05472,1.05486,2.44,1.50
2012.01.25 18:00:22.529,1.05472,1.05486,3.19,2.63
2012.01.25 18:00:22.674,1.05472,1.05482,1.69,1.50
2012.01.25 18:00:22.888,1.0547,1.05482,1.50,2.25
2012.01.25 18:00:22.960,1.0547,1.05482,1.50,2.25
2012.01.25 18:00:23.240,1.0547,1.05482,1.50,2.25
2012.01.25 18:00:24.233,1.05463,1.05476,1.13,1.50
2012.01.25 18:00:24.368,1.05464,1.05478,2.25,3.00
2012.01.25 18:00:25.879,1.05463,1.05475,2.25,1.50
2012.01.25 18:00:26.475,1.05461,1.05473,2.44,1.50
2012.01.25 18:00:26.564,1.05463,1.05477,2.25,2.40
2012.01.25 18:00:26.643,1.05462,1.05474,2.25,1.50
2012.01.25 18:00:26.780,1.05462,1.05474,2.25,2.25
2012.01.25 18:00:26.929,1.05463,1.05476,2.25,1.50
2012.01.25 18:00:27.283,1.05465,1.05477,1.13,1.50
2012.01.25 18:00:28.064,1.05473,1.05485,1.50,1.16
2012.01.25 18:00:28.162,1.05471,1.05482,1.65,1.50
2012.01.25 18:00:28.250,1.05468,1.05482,2.25,3.75
2012.01.25 18:00:28.328,1.0547,1.05484,2.25,2.25
2012.01.25 18:00:28.685,1.05476,1.05489,1.50,1.88
2012.01.25 18:00:28.834,1.05476,1.0549,2.25,2.82
2012.01.25 18:00:29.667,1.05472,1.05484,2.25,1.50
2012.01.25 18:00:29.766,1.05476,1.0549,2.25,1.50
2012.01.25 18:00:29.918,1.05476,1.0549,2.25,2.25
2012.01.25 18:00:29.997,1.05476,1.0549,2.25,1.50
2012.01.25 18:00:30.144,1.05474,1.05488,2.25,1.50
2012.01.25 18:00:31.601,1.05474,1.05488,2.25,1.50
2012.01.25 18:00:32.142,1.05476,1.05489,2.25,1.50
2012.01.25 18:00:32.683,1.05476,1.0549,2.25,2.25
2012.01.25 18:00:32.752,1.05474,1.05486,4.13,1.50
2012.01.25 18:00:32.825,1.05473,1.05484,1.92,1.50
2012.01.25 18:00:33.158,1.05471,1.05482,1.50,1.50
2012.01.25 18:00:34.621,1.05476,1.05487,2.63,1.50
2012.01.25 18:00:34.766,1.0548,1.05492,1.50,2.25
2012.01.25 18:00:34.918,1.0548,1.05492,2.25,2.25
2012.01.25 18:00:35.066,1.05477,1.0549,2.25,1.50
2012.01.25 18:00:35.287,1.05476,1.0549,2.25,1.50
2012.01.25 18:00:35.364,1.05476,1.0549,1.50,3.75
2012.01.25 18:00:36.112,1.05472,1.05484,1.50,1.50
2012.01.25 18:00:36.190,1.05474,1.05488,2.44,2.25
2012.01.25 18:00:36.329,1.05474,1.05488,2.44,1.50
2012.01.25 18:00:36.832,1.05474,1.05488,2.82,1.50
2012.01.25 18:00:38.101,1.05477,1.05489,2.25,1.50
2012.01.25 18:00:39.446,1.05477,1.05489,2.25,1.50
2012.01.25 18:00:39.520,1.05478,1.05492,2.25,1.50
2012.01.25 18:00:39.594,1.05478,1.05492,2.25,1.50
2012.01.25 18:00:40.013,1.0548,1.05494,2.25,2.44
2012.01.25 18:00:40.082,1.05479,1.05491,2.25,1.50
2012.01.25 18:00:42.470,1.05481,1.05493,2.25,3.00
2012.01.25 18:00:43.488,1.05479,1.05491,2.25,2.25
2012.01.25 18:00:43.556,1.05476,1.05488,2.25,1.50
2012.01.25 18:00:43.701,1.05473,1.05484,1.50,1.50
2012.01.25 18:00:43.909,1.05476,1.05487,1.50,2.25
2012.01.25 18:00:43.981,1.05479,1.05493,2.25,3.38
2012.01.25 18:00:44.482,1.05479,1.05493,2.25,1.88
2012.01.25 18:00:44.623,1.05482,1.05494,2.25,1.50
2012.01.25 18:00:44.697,1.05482,1.05494,2.25,1.50
2012.01.25 18:00:45.465,1.05481,1.05495,2.25,1.50
2012.01.25 18:00:45.987,1.05481,1.05495,2.25,1.50
2012.01.25 18:00:46.518,1.05481,1.05495,2.25,1.50
2012.01.25 18:00:46.841,1.05481,1.05495,2.25,1.50
2012.01.25 18:00:47.111,1.05481,1.05495,2.25,1.50
2012.01.25 18:00:48.286,1.05481,1.05495,2.40,1.50
2012.01.25 18:00:50.059,1.05482,1.05495,1.50,1.50
2012.01.25 18:00:50.201,1.05483,1.05497,2.25,3.00
2012.01.25 18:00:50.860,1.05485,1.05497,1.50,1.50
2012.01.25 18:00:51.002,1.05483,1.05495,1.50,1.50
2012.01.25 18:00:51.428,1.05483,1.05497,2.25,1.50
2012.01.25 18:00:51.970,1.05484,1.05496,2.25,1.50
2012.01.25 18:00:52.040,1.05484,1.05496,2.25,1.50
2012.01.25 18:00:52.172,1.05482,1.05494,2.25,1.50
2012.01.25 18:00:52.240,1.05484,1.05496,2.25,1.50
2012.01.25 18:00:52.308,1.05484,1.05496,1.50,1.50
2012.01.25 18:00:53.242,1.05484,1.05496,2.25,1.50
2012.01.25 18:00:53.878,1.05485,1.05499,2.25,3.94
2012.01.25 18:00:53.949,1.05485,1.05499,2.25,2.44
2012.01.25 18:00:54.488,1.05485,1.05499,2.25,1.69
2012.01.25 18:00:54.816,1.05488,1.05499,1.13,1.50
2012.01.25 18:00:55.973,1.05495,1.05502,1.50,1.50
2012.01.25 18:00:56.056,1.05494,1.05508,3.00,1.50
2012.01.25 18:00:56.613,1.05494,1.05508,2.25,1.50
2012.01.25 18:00:56.961,1.05496,1.05509,2.25,1.28
2012.01.25 18:00:57.032,1.05496,1.05509,2.25,1.28
2012.01.25 18:00:57.385,1.05499,1.05511,2.25,2.25
2012.01.25 18:00:57.459,1.05499,1.05511,2.25,1.50
2012.01.25 18:00:58.193,1.05499,1.05509,1.50,1.13
2012.01.25 18:00:58.278,1.05493,1.05507,2.25,1.50
2012.01.25 18:00:59.493,1.05493,1.05507,3.00,1.50
2012.01.25 18:00:59.788,1.05493,1.05505,1.50,2.10
2012.01.25 18:01:00.504,1.05487,1.05501,2.25,1.50
2012.01.25 18:01:00.867,1.05492,1.05501,1.50,1.50
2012.01.25 18:01:01.016,1.05494,1.05506,2.25,1.50
2012.01.25 18:01:01.168,1.05494,1.05506,2.25,1.50
2012.01.25 18:01:01.249,1.05499,1.05509,2.25,1.88
2012.01.25 18:01:01.324,1.05499,1.05509,2.25,1.88
2012.01.25 18:01:01.928,1.05493,1.05507,3.00,1.50
2012.01.25 18:01:02.013,1.055,1.05514,2.25,1.88
2012.01.25 18:01:02.353,1.055,1.05512,2.25,1.88
2012.01.25 18:01:02.627,1.05496,1.05508,2.25,1.50
2012.01.25 18:01:04.023,1.05496,1.05508,2.25,1.50
2012.01.25 18:01:04.165,1.05498,1.0551,2.25,1.50
2012.01.25 18:01:04.240,1.055,1.05512,1.50,3.94
2012.01.25 18:01:04.373,1.05498,1.0551,1.50,1.50
2012.01.25 18:01:04.632,1.05495,1.05509,2.25,3.00
2012.01.25 18:01:04.699,1.05493,1.05506,2.63,1.50
2012.01.25 18:01:05.164,1.05494,1.05508,2.25,1.50
2012.01.25 18:01:05.885,1.05496,1.0551,2.25,1.50
2012.01.25 18:01:07.907,1.05496,1.0551,2.25,1.50
2012.01.25 18:01:09.124,1.05496,1.0551,2.25,3.00
2012.01.25 18:01:09.622,1.05496,1.0551,2.25,1.50
2012.01.25 18:01:10.191,1.05496,1.05509,2.25,2.25
2012.01.25 18:01:11.259,1.05494,1.05508,2.25,1.50
2012.01.25 18:01:11.776,1.05499,1.05511,2.25,2.25
2012.01.25 18:01:12.122,1.05502,1.05511,2.25,1.50
2012.01.25 18:01:12.192,1.05504,1.05516,2.25,1.50
2012.01.25 18:01:12.821,1.05506,1.05518,2.25,2.25
2012.01.25 18:01:13.150,1.05503,1.05515,2.44,1.50
2012.01.25 18:01:13.690,1.05503,1.05515,1.69,2.25
2012.01.25 18:01:14.041,1.05502,1.05516,2.44,3.00
2012.01.25 18:01:14.846,1.05504,1.05518,2.25,1.50
2012.01.25 18:01:15.179,1.05504,1.05518,2.25,1.50
2012.01.25 18:01:15.322,1.05503,1.05515,2.25,1.50
2012.01.25 18:01:15.665,1.05503,1.05516,1.77,1.50
2012.01.25 18:01:15.754,1.0551,1.05519,1.28,1.50
2012.01.25 18:01:15.834,1.05511,1.05521,1.28,1.50
2012.01.25 18:01:16.189,1.05505,1.05519,2.33,1.50
2012.01.25 18:01:16.845,1.05501,1.05511,2.89,1.50
2012.01.25 18:01:17.343,1.05502,1.05516,2.25,3.38
2012.01.25 18:01:17.484,1.055,1.05512,1.13,1.50
2012.01.25 18:01:17.781,1.055,1.05512,1.13,1.50
2012.01.25 18:01:18.051,1.05501,1.05513,2.25,1.50
2012.01.25 18:01:18.891,1.05501,1.05513,2.25,1.50
2012.01.25 18:01:19.102,1.05507,1.05519,2.25,1.50
2012.01.25 18:01:19.382,1.05503,1.05515,2.25,1.50
2012.01.25 18:01:19.593,1.05501,1.05513,1.13,1.50
2012.01.25 18:01:19.740,1.05503,1.05517,3.00,2.25
2012.01.25 18:01:20.313,1.05506,1.0552,1.50,2.25
2012.01.25 18:01:20.390,1.05506,1.0552,2.25,1.50
2012.01.25 18:01:20.951,1.05506,1.0552,3.38,1.50
2012.01.25 18:01:21.490,1.05507,1.05519,2.25,1.50
2012.01.25 18:01:22.818,1.05508,1.05522,2.25,2.25
2012.01.25 18:01:23.031,1.05508,1.05522,2.63,1.50
2012.01.25 18:01:23.176,1.05511,1.05523,2.63,3.00
2012.01.25 18:01:23.258,1.05517,1.05525,1.50,3.75
2012.01.25 18:01:23.409,1.05516,1.05527,1.50,4.13
2012.01.25 18:01:24.049,1.05515,1.05527,3.38,1.88
2012.01.25 18:01:24.142,1.05521,1.05531,1.50,1.50
2012.01.25 18:01:24.219,1.05524,1.05534,1.50,1.50
2012.01.25 18:01:24.297,1.05521,1.05534,1.50,1.50
2012.01.25 18:01:24.374,1.05521,1.05535,2.25,2.25
2012.01.25 18:01:24.731,1.05524,1.05536,2.25,2.25
2012.01.25 18:01:25.076,1.05524,1.05536,2.25,1.50
2012.01.25 18:01:25.669,1.05524,1.05536,2.25,1.50
2012.01.25 18:01:25.839,1.05525,1.05539,2.25,3.00
2012.01.25 18:01:26.122,1.05525,1.05539,2.25,3.38
2012.01.25 18:01:26.475,1.05524,1.05536,2.25,1.50
2012.01.25 18:01:26.672,1.05521,1.05533,2.25,1.50
2012.01.25 18:01:26.813,1.05519,1.05531,2.63,1.50
2012.01.25 18:01:27.418,1.05519,1.05531,2.63,3.00
2012.01.25 18:01:27.506,1.05513,1.0552,2.25,2.48
2012.01.25 18:01:28.150,1.05506,1.05519,2.25,1.13
2012.01.25 18:01:28.226,1.05506,1.0552,3.75,2.63
2012.01.25 18:01:28.993,1.05512,1.05522,1.13,1.50
2012.01.25 18:01:29.290,1.05516,1.05528,2.25,1.50
2012.01.25 18:01:29.572,1.05516,1.05528,1.50,1.50
2012.01.25 18:01:29.833,1.05514,1.05526,2.25,1.50
2012.01.25 18:01:30.855,1.05514,1.05526,2.25,1.50
2012.01.25 18:01:30.937,1.05519,1.05533,2.25,3.94
2012.01.25 18:01:31.296,1.05519,1.05533,2.25,2.25
2012.01.25 18:01:31.866,1.05522,1.05534,2.25,2.25
2012.01.25 18:01:32.218,1.05539,1.05548,1.50,1.50
2012.01.25 18:01:32.787,1.05538,1.05546,1.50,1.50
2012.01.25 18:01:33.006,1.05526,1.05537,2.25,1.50
2012.01.25 18:01:33.494,1.05526,1.05539,2.25,1.50
2012.01.25 18:01:34.044,1.05526,1.05539,1.50,1.50
2012.01.25 18:01:34.650,1.05525,1.05539,3.57,1.50
2012.01.25 18:01:34.753,1.05528,1.0554,1.50,1.50
2012.01.25 18:01:34.827,1.0553,1.05541,2.14,1.50
2012.01.25 18:01:34.909,1.05531,1.05543,4.92,1.50
2012.01.25 18:01:35.332,1.05531,1.05545,2.25,2.25
2012.01.25 18:01:35.477,1.05528,1.05542,2.25,1.50
2012.01.25 18:01:35.882,1.0553,1.0554,1.50,1.50
2012.01.25 18:01:36.635,1.05527,1.0554,3.00,1.50
2012.01.25 18:01:36.707,1.05528,1.05542,2.25,1.50
2012.01.25 18:01:38.038,1.05528,1.05542,2.25,1.50
2012.01.25 18:01:38.511,1.05527,1.0554,1.50,1.50
2012.01.25 18:01:39.870,1.05526,1.0554,2.25,2.25
2012.01.25 18:01:39.941,1.05526,1.0554,1.50,2.25
2012.01.25 18:01:40.207,1.05525,1.05537,2.44,1.50
2012.01.25 18:01:41.281,1.05532,1.05544,3.19,1.50
2012.01.25 18:01:41.369,1.05536,1.05548,2.25,1.50
2012.01.25 18:01:41.515,1.05534,1.0555,4.35,2.25
2012.01.25 18:01:41.594,1.05535,1.05549,3.00,2.25
2012.01.25 18:01:41.810,1.05537,1.05552,1.50,2.25
2012.01.25 18:01:41.951,1.05537,1.05548,1.50,1.50
2012.01.25 18:01:42.501,1.05535,1.05549,2.25,1.50
2012.01.25 18:01:43.355,1.05535,1.05549,2.25,1.50
2012.01.25 18:01:43.902,1.05535,1.0555,1.50,1.50
2012.01.25 18:01:44.227,1.05534,1.05548,1.50,1.50
2012.01.25 18:01:44.477,1.05534,1.0555,1.50,3.00
2012.01.25 18:01:45.136,1.05536,1.0555,1.50,1.50
2012.01.25 18:01:45.973,1.05538,1.05549,1.50,2.25
2012.01.25 18:01:46.054,1.0553,1.05542,2.25,2.25
2012.01.25 18:01:46.415,1.05531,1.05542,1.35,1.50
2012.01.25 18:01:46.563,1.05531,1.05545,1.73,1.50
2012.01.25 18:01:46.637,1.05533,1.05547,1.13,2.25
2012.01.25 18:01:46.998,1.05536,1.05552,2.25,2.25
2012.01.25 18:01:47.733,1.05535,1.05548,2.25,1.50
2012.01.25 18:01:47.879,1.05536,1.05552,1.88,1.50
2012.01.25 18:01:47.954,1.05536,1.05552,2.63,2.25
2012.01.25 18:01:48.172,1.05537,1.05552,3.00,2.25
2012.01.25 18:01:48.572,1.05537,1.05552,1.50,2.25
2012.01.25 18:01:48.897,1.05537,1.0555,2.63,1.50
2012.01.25 18:01:49.399,1.05537,1.05551,1.50,1.50
2012.01.25 18:01:50.689,1.05539,1.05551,2.25,1.50
2012.01.25 18:01:51.093,1.0554,1.05554,2.25,2.25
2012.01.25 18:01:51.159,1.05539,1.05551,2.25,1.50
2012.01.25 18:01:51.719,1.05539,1.05551,2.25,1.50
2012.01.25 18:01:52.241,1.05539,1.05551,2.25,1.50
2012.01.25 18:01:52.371,1.05537,1.05554,2.63,3.75
2012.01.25 18:01:53.019,1.05538,1.05554,3.38,2.25
2012.01.25 18:01:53.105,1.05541,1.05556,2.25,2.80
2012.01.25 18:01:53.619,1.05541,1.05556,2.25,2.80
2012.01.25 18:01:54.798,1.05542,1.05556,2.25,2.80
2012.01.25 18:01:54.941,1.05541,1.05553,4.50,1.50
2012.01.25 18:01:55.300,1.05544,1.05556,1.13,1.88
2012.01.25 18:01:55.897,1.05549,1.05556,1.50,1.50
2012.01.25 18:01:56.087,1.05557,1.0557,2.25,1.50
2012.01.25 18:01:56.591,1.05557,1.0557,1.50,1.50
2012.01.25 18:01:57.001,1.05556,1.05568,2.25,1.50
2012.01.25 18:01:57.689,1.05556,1.05568,3.94,1.50
2012.01.25 18:01:57.917,1.0556,1.05572,2.25,1.50
2012.01.25 18:01:57.998,1.05562,1.05572,1.50,1.50
2012.01.25 18:01:58.375,1.05566,1.0557,2.25,1.50
2012.01.25 18:01:58.526,1.05566,1.0558,3.00,1.50
2012.01.25 18:01:58.617,1.05571,1.0558,1.50,1.50
2012.01.25 18:01:59.377,1.05571,1.0558,1.50,1.13
2012.01.25 18:01:59.689,1.0557,1.05577,1.50,1.50
2012.01.25 18:02:00.048,1.0557,1.05577,2.25,1.50
2012.01.25 18:02:00.122,1.0557,1.05577,1.50,1.50
2012.01.25 18:02:00.823,1.0557,1.05582,3.75,1.50
2012.01.25 18:02:01.311,1.05564,1.05576,4.50,1.50
2012.01.25 18:02:01.387,1.05566,1.05579,2.25,2.25
2012.01.25 18:02:01.466,1.05566,1.05579,2.25,2.25
2012.01.25 18:02:02.350,1.05558,1.05572,2.25,2.25
2012.01.25 18:02:02.680,1.05557,1.0557,2.25,1.50
2012.01.25 18:02:03.032,1.05562,1.05575,1.13,1.50
2012.01.25 18:02:03.382,1.05567,1.05579,1.50,2.63
2012.01.25 18:02:03.522,1.05564,1.05578,1.50,2.25
2012.01.25 18:02:04.107,1.05561,1.05573,3.38,2.25
2012.01.25 18:02:04.651,1.05561,1.05573,1.50,2.25
2012.01.25 18:02:04.799,1.05563,1.05575,1.50,2.25
2012.01.25 18:02:04.949,1.05568,1.0558,1.50,1.13
2012.01.25 18:02:05.164,1.0557,1.05581,1.50,1.13
2012.01.25 18:02:05.902,1.05569,1.05581,1.50,2.25
2012.01.25 18:02:06.046,1.05564,1.05577,1.50,1.50
2012.01.25 18:02:06.462,1.05563,1.05577,1.88,2.25
2012.01.25 18:02:07.037,1.05563,1.05577,2.63,2.25
2012.01.25 18:02:07.175,1.05565,1.05579,1.50,2.25
2012.01.25 18:02:07.988,1.05569,1.05582,1.50,2.25
2012.01.25 18:02:08.343,1.05568,1.0558,1.50,2.25
2012.01.25 18:02:08.546,1.05564,1.05577,1.50,2.25
2012.01.25 18:02:08.692,1.05563,1.05574,1.50,1.50
2012.01.25 18:02:08.762,1.05562,1.05574,1.88,1.50
2012.01.25 18:02:08.835,1.05562,1.05574,1.13,2.25
2012.01.25 18:02:09.040,1.05561,1.05574,1.13,1.50
2012.01.25 18:02:10.013,1.05563,1.05575,1.50,2.25
2012.01.25 18:02:10.484,1.05568,1.05575,1.77,1.50
2012.01.25 18:02:10.852,1.0557,1.05582,1.88,2.25
2012.01.25 18:02:10.927,1.05574,1.05582,1.50,2.25
2012.01.25 18:02:11.009,1.05578,1.05588,1.50,1.30
2012.01.25 18:02:11.083,1.05575,1.05585,1.50,1.13
2012.01.25 18:02:11.224,1.05573,1.05582,1.50,1.50
2012.01.25 18:02:11.875,1.05568,1.05582,1.50,1.50
2012.01.25 18:02:11.954,1.05566,1.0558,1.50,1.50
2012.01.25 18:02:12.522,1.05567,1.05579,3.00,1.50
2012.01.25 18:02:12.911,1.05568,1.05582,1.50,3.00
2012.01.25 18:02:13.763,1.05575,1.05584,1.50,2.25
2012.01.25 18:02:13.845,1.0558,1.05594,3.00,2.25
2012.01.25 18:02:14.281,1.05578,1.05592,3.00,2.25
2012.01.25 18:02:14.497,1.05579,1.05589,2.25,1.50
2012.01.25 18:02:15.219,1.05578,1.05586,1.50,1.50
2012.01.25 18:02:15.305,1.05587,1.05601,2.25,2.25
2012.01.25 18:02:15.661,1.05587,1.05601,2.25,3.00
2012.01.25 18:02:16.012,1.05584,1.05591,1.13,1.50
2012.01.25 18:02:16.225,1.05581,1.05591,1.50,1.50
2012.01.25 18:02:16.981,1.0558,1.05591,1.50,1.50
2012.01.25 18:02:17.065,1.05578,1.05592,2.25,2.25
2012.01.25 18:02:17.212,1.05576,1.05587,1.69,1.50
2012.01.25 18:02:17.421,1.05577,1.05589,2.44,3.00
2012.01.25 18:02:17.773,1.05579,1.05588,1.35,1.65
2012.01.25 18:02:17.992,1.05582,1.05596,4.13,2.25
2012.01.25 18:02:18.066,1.05584,1.05598,1.50,3.00
2012.01.25 18:02:18.764,1.05579,1.05591,1.50,2.25
2012.01.25 18:02:18.983,1.05573,1.05587,2.44,2.25
2012.01.25 18:02:19.050,1.05572,1.05585,1.69,1.50
2012.01.25 18:02:19.195,1.05573,1.05587,1.69,2.25
2012.01.25 18:02:19.764,1.05575,1.05589,1.50,2.40
2012.01.25 18:02:19.902,1.05577,1.05591,1.50,2.25
2012.01.25 18:02:20.674,1.05578,1.0559,1.69,2.25
2012.01.25 18:02:21.172,1.05578,1.0559,1.69,2.25
2012.01.25 18:02:22.461,1.05589,1.056,1.50,1.50
2012.01.25 18:02:22.544,1.05589,1.056,1.50,1.50
2012.01.25 18:02:22.968,1.05584,1.05594,2.14,2.25
2012.01.25 18:02:23.188,1.05582,1.05591,2.25,2.25
2012.01.25 18:02:23.925,1.05582,1.05591,2.25,2.25
2012.01.25 18:02:24.011,1.05579,1.05591,1.69,1.50
2012.01.25 18:02:24.558,1.05581,1.05593,1.50,2.25
2012.01.25 18:02:24.920,1.05591,1.05597,1.50,2.25
2012.01.25 18:02:25.000,1.05593,1.05603,1.50,1.50
2012.01.25 18:02:25.081,1.0559,1.05603,1.50,1.50
2012.01.25 18:02:25.643,1.0559,1.05601,1.50,2.25
2012.01.25 18:02:25.733,1.05587,1.05598,1.69,2.25
2012.01.25 18:02:26.351,1.05589,1.05603,1.50,2.25
2012.01.25 18:02:26.840,1.05586,1.056,2.25,3.00
2012.01.25 18:02:27.513,1.05586,1.05596,2.89,1.50
2012.01.25 18:02:27.936,1.05588,1.056,1.69,3.75
2012.01.25 18:02:28.271,1.05588,1.056,1.69,2.25
2012.01.25 18:02:29.325,1.05588,1.056,1.69,2.25
2012.01.25 18:02:29.491,1.05593,1.05605,3.75,2.25
2012.01.25 18:02:29.774,1.05594,1.05605,2.22,2.25
2012.01.25 18:02:29.854,1.05593,1.05605,2.63,1.50
2012.01.25 18:02:29.924,1.05597,1.05607,1.50,1.88
2012.01.25 18:02:30.267,1.05596,1.05607,1.50,2.25
2012.01.25 18:02:30.341,1.05591,1.05605,3.19,2.25
2012.01.25 18:02:30.959,1.05594,1.05605,1.50,2.25
2012.01.25 18:02:31.119,1.05594,1.05606,2.25,2.25
2012.01.25 18:02:31.196,1.05594,1.05606,1.50,2.25
2012.01.25 18:02:31.272,1.05594,1.05606,2.25,1.50
2012.01.25 18:02:31.341,1.05596,1.05608,2.25,1.50
2012.01.25 18:02:31.415,1.05594,1.05606,2.25,1.50
2012.01.25 18:02:31.700,1.05594,1.05606,2.25,1.50
2012.01.25 18:02:32.025,1.05595,1.05606,2.89,1.50
2012.01.25 18:02:32.181,1.05599,1.05611,1.50,3.75
2012.01.25 18:02:32.861,1.05601,1.05611,1.50,1.50
2012.01.25 18:02:32.947,1.05598,1.05612,2.25,3.00
2012.01.25 18:02:33.304,1.056,1.05613,1.50,1.50
2012.01.25 18:02:33.662,1.05602,1.05613,2.14,1.50
2012.01.25 18:02:34.585,1.05603,1.05612,3.00,1.50
2012.01.25 18:02:34.684,1.05605,1.05616,2.89,1.50
2012.01.25 18:02:34.837,1.05605,1.05618,2.89,1.50
2012.01.25 18:02:34.984,1.05604,1.05618,1.50,2.25
2012.01.25 18:02:35.109,1.05604,1.05616,1.50,1.13
2012.01.25 18:02:35.256,1.05602,1.05613,1.50,1.50
2012.01.25 18:02:35.402,1.05599,1.05611,2.63,1.50
2012.01.25 18:02:36.412,1.05599,1.05611,1.88,1.50
2012.01.25 18:02:36.926,1.05598,1.05612,2.25,1.80
2012.01.25 18:02:37.063,1.05598,1.05612,2.25,1.50
2012.01.25 18:02:37.612,1.05599,1.05611,1.50,1.50
2012.01.25 18:02:38.445,1.05596,1.0561,2.25,2.25
2012.01.25 18:02:38.989,1.05596,1.0561,3.00,1.65
2012.01.25 18:02:39.394,1.05594,1.05608,4.88,1.50
2012.01.25 18:02:39.651,1.05594,1.05608,3.38,1.50
2012.01.25 18:02:40.658,1.05596,1.05609,2.25,1.50
2012.01.25 18:02:41.189,1.05594,1.05608,3.00,1.50
2012.01.25 18:02:41.692,1.05594,1.05608,3.00,1.50
2012.01.25 18:02:41.763,1.05594,1.05608,3.00,1.50
2012.01.25 18:02:41.914,1.05599,1.0561,1.50,1.13
2012.01.25 18:02:43.013,1.05596,1.0561,2.25,2.25
2012.01.25 18:02:43.288,1.05594,1.05608,3.00,2.25
2012.01.25 18:02:43.364,1.05594,1.05605,1.50,1.50
2012.01.25 18:02:43.713,1.05594,1.05605,1.13,1.50
2012.01.25 18:02:44.063,1.05592,1.05605,2.25,1.13
2012.01.25 18:02:44.130,1.0559,1.05601,3.00,1.50
2012.01.25 18:02:44.272,1.0559,1.05601,2.25,2.25
2012.01.25 18:02:45.002,1.05589,1.05601,2.25,2.25
2012.01.25 18:02:45.530,1.05588,1.05602,1.88,2.25
2012.01.25 18:02:46.063,1.05587,1.056,1.88,1.50
2012.01.25 18:02:46.433,1.05589,1.05601,1.50,2.25
2012.01.25 18:02:46.782,1.05589,1.056,1.50,1.13
2012.01.25 18:02:47.535,1.05587,1.056,1.50,1.88
2012.01.25 18:02:47.680,1.05584,1.05598,2.25,2.25
2012.01.25 18:02:47.872,1.05584,1.05598,2.25,2.25
2012.01.25 18:02:48.226,1.05583,1.05595,1.50,2.25
2012.01.25 18:02:48.303,1.05581,1.05593,1.50,1.50
2012.01.25 18:02:48.516,1.05579,1.05591,2.25,1.50
2012.01.25 18:02:48.597,1.05581,1.05593,1.50,3.00
2012.01.25 18:02:49.503,1.05583,1.05595,1.50,2.25
2012.01.25 18:02:49.716,1.05581,1.05595,3.38,2.25
2012.01.25 18:02:49.862,1.05581,1.05595,2.63,2.25
2012.01.25 18:02:50.805,1.05584,1.05596,1.50,3.75
2012.01.25 18:02:50.883,1.05582,1.05594,2.25,3.38
2012.01.25 18:02:51.483,1.05579,1.05591,2.25,1.50
2012.01.25 18:02:51.612,1.05574,1.05586,2.63,1.50
2012.01.25 18:02:51.684,1.05572,1.05584,2.44,1.50
2012.01.25 18:02:51.836,1.05572,1.05582,1.50,1.50
2012.01.25 18:02:52.473,1.05568,1.0558,2.25,1.50
2012.01.25 18:02:52.669,1.05568,1.0558,2.25,1.50
2012.01.25 18:02:52.932,1.0557,1.05582,2.25,1.50
2012.01.25 18:02:53.122,1.05573,1.05585,2.25,3.00
2012.01.25 18:02:53.675,1.05573,1.05585,2.25,3.00
2012.01.25 18:02:54.033,1.05569,1.05583,2.25,1.50
2012.01.25 18:02:54.168,1.05571,1.05583,3.00,1.50
2012.01.25 18:02:54.440,1.05577,1.05589,1.50,3.75
2012.01.25 18:02:54.758,1.05577,1.05589,1.50,3.00
2012.01.25 18:02:55.098,1.05575,1.05587,2.25,1.50
2012.01.25 18:02:55.439,1.05572,1.05586,2.25,2.25
2012.01.25 18:02:56.170,1.05572,1.05586,2.25,1.50
2012.01.25 18:02:56.502,1.05581,1.05595,1.13,1.88
2012.01.25 18:02:56.574,1.05581,1.0559,1.13,1.50
2012.01.25 18:02:56.657,1.05586,1.0559,2.25,1.50
2012.01.25 18:02:56.738,1.0559,1.05596,1.50,2.25
2012.01.25 18:02:56.821,1.05588,1.05596,1.50,2.63
2012.01.25 18:02:56.899,1.05588,1.05596,1.50,3.38
2012.01.25 18:02:56.974,1.05583,1.05594,1.50,3.30
2012.01.25 18:02:57.059,1.0558,1.05592,1.50,2.25
2012.01.25 18:02:57.201,1.0558,1.05589,2.25,1.50
2012.01.25 18:02:57.400,1.0558,1.05592,2.25,1.50
2012.01.25 18:02:58.010,1.05583,1.05592,1.50,1.50
2012.01.25 18:02:58.091,1.05581,1.05595,2.25,3.38
2012.01.25 18:02:58.167,1.05581,1.05593,1.50,1.50
2012.01.25 18:02:58.509,1.05579,1.05591,2.25,1.50
2012.01.25 18:02:58.843,1.05579,1.05591,2.25,1.65
2012.01.25 18:02:59.466,1.05579,1.05591,2.25,1.80
2012.01.25 18:03:00.095,1.05579,1.05591,2.25,1.80
2012.01.25 18:03:00.186,1.05582,1.05593,1.50,1.50
2012.01.25 18:03:00.541,1.05576,1.05588,2.25,1.50
2012.01.25 18:03:00.823,1.05579,1.05591,2.25,1.65
2012.01.25 18:03:00.889,1.05579,1.05591,2.25,1.50
2012.01.25 18:03:01.173,1.05581,1.05593,1.50,2.25
2012.01.25 18:03:02.011,1.05579,1.05589,2.25,1.50
2012.01.25 18:03:02.094,1.05578,1.05592,1.50,2.25
2012.01.25 18:03:02.239,1.0558,1.05592,1.50,3.00
2012.01.25 18:03:02.311,1.05577,1.05591,3.75,2.25
2012.01.25 18:03:02.900,1.05579,1.05593,1.50,3.00
2012.01.25 18:03:04.145,1.05577,1.05591,2.25,2.25
2012.01.25 18:03:06.380,1.05575,1.05589,4.50,1.50
2012.01.25 18:03:07.427,1.05577,1.05591,2.25,3.00
2012.01.25 18:03:07.786,1.05577,1.0559,2.25,1.50
2012.01.25 18:03:08.690,1.05577,1.05589,2.25,1.50
2012.01.25 18:03:09.560,1.05576,1.05588,2.25,4.50
2012.01.25 18:03:09.644,1.05575,1.05589,2.25,2.25
2012.01.25 18:03:12.150,1.05573,1.05581,1.50,1.50
2012.01.25 18:03:12.292,1.05567,1.05578,2.25,1.50
2012.01.25 18:03:12.432,1.05568,1.0558,2.25,3.75
2012.01.25 18:03:12.509,1.05568,1.0558,2.25,4.88
2012.01.25 18:03:12.591,1.05564,1.05573,3.00,1.50
2012.01.25 18:03:12.665,1.05564,1.05573,1.50,1.50
2012.01.25 18:03:12.745,1.05561,1.05571,3.00,1.50
2012.01.25 18:03:12.895,1.05561,1.05571,2.25,1.50
2012.01.25 18:03:13.766,1.05562,1.05575,1.50,1.13
2012.01.25 18:03:13.861,1.05562,1.05576,2.25,2.25
2012.01.25 18:03:14.005,1.05562,1.05574,2.25,1.50
2012.01.25 18:03:14.562,1.05559,1.05573,2.25,2.25
2012.01.25 18:03:14.699,1.05557,1.05571,2.25,1.50
2012.01.25 18:03:15.243,1.05559,1.05573,2.25,3.00
2012.01.25 18:03:15.866,1.05562,1.05573,1.13,2.25
2012.01.25 18:03:15.954,1.05569,1.0558,1.50,1.69
2012.01.25 18:03:16.341,1.05567,1.05579,2.25,1.50
2012.01.25 18:03:16.919,1.05564,1.05577,2.82,1.50
2012.01.25 18:03:17.063,1.05564,1.05577,2.63,1.50
2012.01.25 18:03:17.138,1.05561,1.05573,4.88,1.50
2012.01.25 18:03:17.488,1.05557,1.05569,1.88,1.50
2012.01.25 18:03:18.082,1.05557,1.05567,1.88,1.50
2012.01.25 18:03:18.161,1.05559,1.05571,2.25,1.50
2012.01.25 18:03:18.711,1.05559,1.05573,2.25,3.00
2012.01.25 18:03:19.180,1.05559,1.05569,2.25,1.50
2012.01.25 18:03:19.393,1.05554,1.05566,1.50,2.25
2012.01.25 18:03:20.041,1.05553,1.05565,1.50,1.50
2012.01.25 18:03:20.386,1.05553,1.05565,2.25,1.50
2012.01.25 18:03:20.537,1.05555,1.05567,2.25,3.15
2012.01.25 18:03:20.611,1.05555,1.05567,2.25,3.38
2012.01.25 18:03:20.960,1.05553,1.05565,1.50,3.00
2012.01.25 18:03:21.651,1.05553,1.05565,2.25,1.50
2012.01.25 18:03:21.766,1.05554,1.05568,2.25,2.25
2012.01.25 18:03:22.290,1.05554,1.05568,1.50,2.25
2012.01.25 18:03:22.488,1.05554,1.05568,1.50,2.25
2012.01.25 18:03:23.201,1.05554,1.05566,2.63,1.50
2012.01.25 18:03:24.346,1.05553,1.05564,1.88,1.50
2012.01.25 18:03:24.422,1.05551,1.05564,2.25,2.25
2012.01.25 18:03:24.632,1.05551,1.05564,2.25,2.25
2012.01.25 18:03:24.985,1.05546,1.05558,1.50,1.50
2012.01.25 18:03:25.562,1.05546,1.05556,1.50,2.44
2012.01.25 18:03:25.642,1.05541,1.05554,2.25,2.25
2012.01.25 18:03:26.032,1.05545,1.05555,1.50,1.50
2012.01.25 18:03:26.170,1.05543,1.05555,3.00,1.13
2012.01.25 18:03:26.376,1.05541,1.05553,3.75,2.25
2012.01.25 18:03:26.592,1.05544,1.05555,1.50,1.50
2012.01.25 18:03:26.862,1.05546,1.05558,1.50,2.25
2012.01.25 18:03:27.070,1.05546,1.05558,1.50,1.50
2012.01.25 18:03:27.989,1.05547,1.05558,1.50,1.50
2012.01.25 18:03:28.075,1.05549,1.05559,1.50,1.88
2012.01.25 18:03:28.158,1.05549,1.05559,2.25,1.50
2012.01.25 18:03:28.509,1.05558,1.05568,1.50,1.88
2012.01.25 18:03:28.587,1.05558,1.05568,1.50,1.50
2012.01.25 18:03:29.034,1.05554,1.05566,3.00,2.25
2012.01.25 18:03:30.216,1.05554,1.05566,2.78,1.50
2012.01.25 18:03:30.428,1.05554,1.05566,1.50,2.25
2012.01.25 18:03:31.045,1.05556,1.05568,1.50,2.25
2012.01.25 18:03:31.510,1.05556,1.05568,1.50,2.25
2012.01.25 18:03:31.833,1.05553,1.05567,3.75,2.25
2012.01.25 18:03:32.438,1.05552,1.05564,2.25,3.00
2012.01.25 18:03:32.653,1.0555,1.05562,2.25,1.50
2012.01.25 18:03:32.722,1.05552,1.05564,2.25,1.50
2012.01.25 18:03:32.928,1.05553,1.05567,3.00,2.63
2012.01.25 18:03:33.129,1.05553,1.05567,3.00,2.63
2012.01.25 18:03:33.690,1.05553,1.05567,2.25,2.25
2012.01.25 18:03:34.228,1.05553,1.05565,2.25,1.50
2012.01.25 18:03:34.853,1.05549,1.05561,4.13,1.50
2012.01.25 18:03:34.960,1.05549,1.05561,2.63,1.50
2012.01.25 18:03:35.037,1.05547,1.05559,5.25,1.50
2012.01.25 18:03:35.600,1.05548,1.05559,3.00,1.50
2012.01.25 18:03:35.676,1.0555,1.05563,3.38,2.63
2012.01.25 18:03:35.753,1.0555,1.05563,3.38,2.25
2012.01.25 18:03:36.019,1.05557,1.0557,1.50,1.69
2012.01.25 18:03:37.022,1.0555,1.05564,4.50,2.25
2012.01.25 18:03:37.100,1.0555,1.05562,4.50,1.32
2012.01.25 18:03:37.461,1.0555,1.05554,2.25,1.50
2012.01.25 18:03:37.538,1.05543,1.05552,1.13,1.50
2012.01.25 18:03:37.687,1.05544,1.05554,1.50,1.50
2012.01.25 18:03:37.770,1.05544,1.05556,3.00,1.50
2012.01.25 18:03:38.505,1.05545,1.05559,3.00,2.25
2012.01.25 18:03:38.862,1.05546,1.05557,1.50,1.50
2012.01.25 18:03:39.215,1.05547,1.05557,3.00,1.50
2012.01.25 18:03:39.298,1.05549,1.05561,3.00,1.50
2012.01.25 18:03:39.449,1.05552,1.05561,1.50,1.50
2012.01.25 18:03:40.237,1.05554,1.05562,1.50,1.50
2012.01.25 18:03:40.324,1.05556,1.0557,3.75,1.50
2012.01.25 18:03:41.215,1.05557,1.0557,1.13,2.25
2012.01.25 18:03:41.298,1.05554,1.05566,3.75,1.13
2012.01.25 18:03:41.445,1.05551,1.05563,1.50,1.50
2012.01.25 18:03:42.170,1.05547,1.05557,1.13,1.50
2012.01.25 18:03:42.251,1.05548,1.0556,2.25,1.50
2012.01.25 18:03:42.322,1.0555,1.0556,1.13,1.50
2012.01.25 18:03:42.671,1.05554,1.05566,2.25,1.50
2012.01.25 18:03:42.753,1.05551,1.05565,6.00,3.00
2012.01.25 18:03:43.098,1.05551,1.05563,1.50,2.25
2012.01.25 18:03:43.314,1.05551,1.05563,2.25,1.50
2012.01.25 18:03:44.003,1.05547,1.05561,2.63,1.50
2012.01.25 18:03:44.413,1.05556,1.05567,1.50,1.50
2012.01.25 18:03:44.481,1.05554,1.05567,1.50,3.00
2012.01.25 18:03:44.890,1.05553,1.05567,1.50,3.00
2012.01.25 18:03:45.233,1.05553,1.05567,1.50,4.32
2012.01.25 18:03:46.009,1.05551,1.05565,2.25,2.25
2012.01.25 18:03:46.371,1.05549,1.05559,1.69,2.25
2012.01.25 18:03:46.580,1.05552,1.05561,1.50,1.50
2012.01.25 18:03:46.725,1.05555,1.05564,1.50,1.50
2012.01.25 18:03:46.877,1.05555,1.05568,1.50,1.13
2012.01.25 18:03:46.961,1.05554,1.05566,2.63,1.50
2012.01.25 18:03:48.400,1.05555,1.05566,1.13,1.50
2012.01.25 18:03:48.487,1.05556,1.0557,2.63,1.88
2012.01.25 18:03:49.001,1.05556,1.0557,2.63,1.50
2012.01.25 18:03:49.068,1.05556,1.0557,2.63,1.50
2012.01.25 18:03:49.568,1.05556,1.05568,1.13,1.50
2012.01.25 18:03:49.899,1.05556,1.05568,1.13,1.50
2012.01.25 18:03:50.525,1.05556,1.05568,1.13,1.69
2012.01.25 18:03:51.196,1.05556,1.05565,1.13,1.50
2012.01.25 18:03:51.362,1.05544,1.05556,1.50,3.79
2012.01.25 18:03:51.785,1.05536,1.05548,4.50,1.50
2012.01.25 18:03:52.330,1.05537,1.05549,2.63,1.50
2012.01.25 18:03:52.982,1.05543,1.05555,2.25,1.50
2012.01.25 18:03:53.485,1.05543,1.05555,2.25,1.88
2012.01.25 18:03:53.843,1.05547,1.05559,2.25,2.89
2012.01.25 18:03:54.726,1.05547,1.05558,1.88,1.50
2012.01.25 18:03:54.893,1.05541,1.05551,3.00,1.50
2012.01.25 18:03:55.387,1.05541,1.05553,5.25,1.69
2012.01.25 18:03:55.595,1.05543,1.05555,2.25,1.50
2012.01.25 18:03:56.441,1.05544,1.05555,1.13,1.50
2012.01.25 18:03:56.523,1.05546,1.05558,1.13,1.50
2012.01.25 18:03:56.731,1.05547,1.0556,1.13,1.88
2012.01.25 18:03:57.011,1.05547,1.05558,1.13,2.14
2012.01.25 18:03:57.276,1.05546,1.05556,1.50,2.25
2012.01.25 18:03:57.355,1.05546,1.05553,1.50,1.13
2012.01.25 18:03:58.175,1.05542,1.05548,1.50,1.50
2012.01.25 18:03:58.460,1.05533,1.05545,1.50,2.25
2012.01.25 18:03:58.791,1.05532,1.05543,1.50,1.50
2012.01.25 18:03:58.862,1.05532,1.05546,2.25,2.25
2012.01.25 18:03:59.669,1.05532,1.05546,2.25,3.00
2012.01.25 18:04:00.251,1.05531,1.05543,2.25,1.50
2012.01.25 18:04:00.735,1.05539,1.05545,1.69,2.25
2012.01.25 18:04:01.022,1.05545,1.05557,4.13,2.25
2012.01.25 18:04:01.280,1.05548,1.0556,1.50,2.25
2012.01.25 18:04:01.411,1.0555,1.05562,1.50,3.38
2012.01.25 18:04:02.089,1.05547,1.05559,1.88,1.50
2012.01.25 18:04:03.965,1.05545,1.05558,1.50,1.50
2012.01.25 18:04:04.509,1.05547,1.05559,2.25,2.25
2012.01.25 18:04:05.105,1.05547,1.05559,2.25,1.50
2012.01.25 18:04:05.920,1.05566,1.05572,2.25,2.25
2012.01.25 18:04:06.006,1.05567,1.05577,2.25,1.50
2012.01.25 18:04:06.560,1.05565,1.05577,2.25,1.50
2012.01.25 18:04:06.761,1.05565,1.05577,2.25,1.50
2012.01.25 18:04:07.789,1.05565,1.05577,1.50,2.25
2012.01.25 18:04:08.126,1.05562,1.05576,2.44,1.50
2012.01.25 18:04:08.794,1.05562,1.05572,1.50,1.50
2012.01.25 18:04:09.005,1.05561,1.05573,2.25,1.50
2012.01.25 18:04:09.144,1.0556,1.05571,3.75,1.50
2012.01.25 18:04:09.218,1.0556,1.05571,3.00,2.25
2012.01.25 18:04:09.940,1.0556,1.05566,2.25,1.50
2012.01.25 18:04:10.281,1.0558,1.05584,2.25,1.88
2012.01.25 18:04:10.428,1.0558,1.0559,1.50,2.25
2012.01.25 18:04:10.508,1.0558,1.05588,1.50,1.50
2012.01.25 18:04:10.585,1.05576,1.05588,4.50,1.50
2012.01.25 18:04:10.664,1.05576,1.05588,3.75,3.00
2012.01.25 18:04:10.875,1.05574,1.05586,1.50,2.25
2012.01.25 18:04:11.651,1.05574,1.05585,1.50,1.13
2012.01.25 18:04:11.743,1.05569,1.05582,1.88,1.50
2012.01.25 18:04:12.096,1.05572,1.05586,2.25,4.50
2012.01.25 18:04:12.243,1.05572,1.05586,2.25,1.50
2012.01.25 18:04:12.761,1.05572,1.05586,2.63,1.50
2012.01.25 18:04:12.892,1.05576,1.05588,3.00,1.50
2012.01.25 18:04:12.966,1.05576,1.05588,3.00,1.50
2012.01.25 18:04:13.687,1.05572,1.05584,3.75,1.50
2012.01.25 18:04:13.851,1.05588,1.056,1.50,2.25
2012.01.25 18:04:14.119,1.05587,1.05599,1.13,1.50
2012.01.25 18:04:14.548,1.05585,1.05599,2.25,1.50
2012.01.25 18:04:14.900,1.05585,1.05597,2.25,1.50
2012.01.25 18:04:15.526,1.05585,1.05597,2.25,1.50
2012.01.25 18:04:15.674,1.05586,1.056,2.25,1.50
2012.01.25 18:04:15.810,1.05584,1.05598,2.63,1.50
2012.01.25 18:04:16.152,1.05583,1.05595,4.50,1.50
2012.01.25 18:04:16.219,1.05583,1.05595,4.50,1.50
2012.01.25 18:04:16.291,1.05583,1.05595,4.50,1.50
2012.01.25 18:04:16.563,1.05583,1.05593,2.25,1.13
2012.01.25 18:04:16.633,1.05583,1.05592,2.25,2.63
2012.01.25 18:04:17.340,1.05583,1.05589,2.25,2.25
2012.01.25 18:04:17.510,1.05586,1.05598,2.25,2.25
2012.01.25 18:04:17.590,1.05587,1.05601,1.50,3.19
2012.01.25 18:04:17.667,1.05588,1.05601,2.25,3.19
2012.01.25 18:04:17.884,1.05585,1.05594,2.25,1.13
2012.01.25 18:04:17.962,1.05585,1.05595,1.50,1.50
2012.01.25 18:04:18.245,1.05587,1.05595,1.50,2.63
2012.01.25 18:04:18.395,1.05576,1.05587,1.13,1.50
2012.01.25 18:04:19.060,1.05575,1.05587,1.88,2.25
2012.01.25 18:04:19.288,1.05576,1.05588,1.50,2.25
2012.01.25 18:04:19.838,1.05575,1.05588,2.63,1.50
2012.01.25 18:04:20.695,1.05586,1.05597,2.25,1.50
2012.01.25 18:04:20.768,1.05586,1.05598,2.25,1.50
2012.01.25 18:04:20.920,1.05584,1.05596,3.75,1.50
2012.01.25 18:04:21.270,1.05583,1.05591,1.50,1.50
2012.01.25 18:04:21.623,1.05593,1.05597,2.25,1.50
2012.01.25 18:04:22.620,1.05593,1.05606,3.75,3.27
2012.01.25 18:04:22.706,1.05588,1.05602,5.63,2.25
2012.01.25 18:04:23.251,1.05588,1.05602,4.50,2.25
2012.01.25 18:04:23.397,1.05593,1.05602,1.50,1.50
2012.01.25 18:04:24.279,1.0561,1.05618,1.13,1.50
2012.01.25 18:04:24.369,1.05611,1.05619,1.13,1.50
2012.01.25 18:04:24.581,1.05615,1.0563,2.63,2.48
2012.01.25 18:04:24.654,1.05618,1.05629,1.13,2.48
2012.01.25 18:04:25.022,1.05618,1.0563,2.63,1.50
2012.01.25 18:04:25.762,1.05619,1.05629,3.38,1.50
2012.01.25 18:04:25.844,1.05619,1.05632,3.00,1.50
2012.01.25 18:04:26.055,1.05618,1.05632,3.00,1.50
2012.01.25 18:04:26.415,1.05619,1.0563,3.00,1.50
2012.01.25 18:04:26.846,1.05619,1.05631,1.50,1.50
2012.01.25 18:04:27.597,1.05622,1.0563,1.13,1.50
2012.01.25 18:04:28.093,1.05622,1.05633,2.07,1.50
2012.01.25 18:04:28.170,1.05624,1.05633,3.00,1.50
2012.01.25 18:04:28.373,1.05627,1.05637,1.88,1.50
2012.01.25 18:04:28.517,1.05627,1.05637,1.50,1.50
2012.01.25 18:04:28.594,1.05628,1.05639,1.50,1.50
2012.01.25 18:04:29.331,1.05629,1.05639,1.88,1.50
2012.01.25 18:04:29.479,1.05633,1.05642,2.25,1.50
2012.01.25 18:04:29.818,1.05634,1.05646,1.50,1.50
2012.01.25 18:04:29.896,1.05634,1.05649,2.63,1.50
2012.01.25 18:04:29.973,1.05638,1.05649,1.54,2.25
2012.01.25 18:04:30.040,1.05638,1.05649,2.29,1.50
2012.01.25 18:04:30.112,1.05643,1.05651,2.25,1.50
2012.01.25 18:04:30.182,1.05643,1.05647,2.25,1.50
2012.01.25 18:04:30.254,1.05643,1.0565,2.25,1.50
2012.01.25 18:04:31.051,1.05643,1.05655,3.75,1.50
2012.01.25 18:04:31.134,1.0564,1.05657,2.44,1.50
2012.01.25 18:04:31.210,1.05641,1.05659,2.44,1.50
2012.01.25 18:04:31.668,1.05644,1.05656,1.50,1.50
2012.01.25 18:04:32.025,1.05654,1.05662,1.50,1.50
2012.01.25 18:04:32.100,1.05654,1.05667,1.50,2.10
2012.01.25 18:04:32.382,1.05659,1.05671,2.14,1.13
2012.01.25 18:04:32.452,1.05667,1.05675,1.50,1.88
2012.01.25 18:04:32.522,1.05665,1.05675,2.25,1.13
2012.01.25 18:04:33.423,1.05665,1.05675,2.25,1.65
2012.01.25 18:04:33.515,1.05669,1.05684,2.25,3.38
2012.01.25 18:04:33.660,1.05665,1.05684,2.18,3.38
2012.01.25 18:04:33.731,1.05665,1.05684,1.50,3.38
2012.01.25 18:04:33.933,1.05673,1.05683,1.20,1.88
2012.01.25 18:04:34.222,1.05685,1.05695,1.13,2.25
2012.01.25 18:04:34.301,1.05685,1.05704,1.13,2.25
2012.01.25 18:04:34.997,1.05685,1.05704,1.50,2.25
2012.01.25 18:04:35.132,1.05679,1.05696,4.50,1.73
2012.01.25 18:04:35.342,1.05677,1.05697,4.88,1.43
2012.01.25 18:04:35.551,1.05678,1.057,1.13,3.00
2012.01.25 18:04:35.890,1.05677,1.057,3.83,3.00
2012.01.25 18:04:36.599,1.0568,1.057,1.09,2.25
2012.01.25 18:04:36.960,1.05683,1.057,2.82,1.50
2012.01.25 18:04:37.110,1.0569,1.0571,1.88,1.13
2012.01.25 18:04:37.258,1.0569,1.05707,2.63,1.13
2012.01.25 18:04:37.409,1.0569,1.05708,3.75,3.53
2012.01.25 18:04:38.292,1.05686,1.05703,1.50,1.88
2012.01.25 18:04:38.449,1.05686,1.05703,1.13,1.50
2012.01.25 18:04:38.839,1.05685,1.05703,1.88,2.25
2012.01.25 18:04:39.182,1.05683,1.057,3.75,1.50
2012.01.25 18:04:39.979,1.05683,1.05698,1.50,1.88
2012.01.25 18:04:40.258,1.05683,1.05693,1.13,1.50
2012.01.25 18:04:40.593,1.05683,1.05696,1.84,1.50
2012.01.25 18:04:40.733,1.05685,1.057,2.25,1.50
2012.01.25 18:04:40.942,1.05685,1.05698,1.88,1.50
2012.01.25 18:04:41.783,1.05684,1.05698,1.50,1.50
2012.01.25 18:04:41.864,1.05682,1.05689,2.63,1.50
2012.01.25 18:04:42.150,1.05681,1.05693,1.65,1.50
2012.01.25 18:04:42.349,1.05678,1.05692,3.19,1.50
2012.01.25 18:04:42.624,1.05677,1.05688,2.25,1.50
2012.01.25 18:04:43.459,1.05673,1.05683,1.50,1.50
2012.01.25 18:04:43.537,1.05674,1.05688,1.50,1.50
2012.01.25 18:04:43.886,1.05673,1.05685,4.50,1.50
2012.01.25 18:04:44.222,1.05672,1.05683,1.50,1.50
2012.01.25 18:04:44.437,1.05673,1.05685,2.63,1.50
2012.01.25 18:04:45.352,1.05673,1.05684,2.63,1.50
2012.01.25 18:04:45.434,1.05677,1.05682,2.25,1.50
2012.01.25 18:04:45.650,1.05677,1.05685,2.25,2.25
2012.01.25 18:04:45.800,1.05674,1.05686,1.50,1.50
2012.01.25 18:04:45.872,1.05673,1.05688,2.25,1.50
2012.01.25 18:04:46.422,1.05675,1.05689,1.69,1.50
2012.01.25 18:04:47.046,1.05677,1.05692,1.69,1.50
2012.01.25 18:04:47.132,1.05681,1.05695,1.50,2.25
2012.01.25 18:04:47.339,1.05681,1.05695,1.50,1.50
2012.01.25 18:04:47.662,1.0568,1.05692,1.50,1.50
2012.01.25 18:04:48.010,1.05679,1.05694,2.44,1.50
2012.01.25 18:04:49.063,1.05684,1.05696,1.88,1.50
2012.01.25 18:04:49.281,1.05686,1.05701,1.50,2.25
2012.01.25 18:04:49.489,1.05686,1.05698,2.25,1.50
2012.01.25 18:04:49.635,1.05688,1.05701,1.50,1.50
2012.01.25 18:04:49.783,1.05688,1.05702,1.50,2.25
2012.01.25 18:04:49.980,1.05688,1.05702,1.50,1.50
2012.01.25 18:04:50.879,1.05688,1.05702,2.25,2.25
2012.01.25 18:04:50.965,1.05691,1.05703,1.50,3.75
2012.01.25 18:04:51.474,1.05689,1.05701,2.63,1.50
2012.01.25 18:04:52.659,1.05681,1.05691,2.40,1.50
2012.01.25 18:04:52.924,1.05681,1.05694,2.78,1.50
2012.01.25 18:04:53.063,1.05682,1.05695,1.50,1.50
2012.01.25 18:04:53.340,1.05682,1.05698,4.50,1.50
2012.01.25 18:04:53.601,1.05684,1.057,2.25,3.19
2012.01.25 18:04:54.007,1.05684,1.05698,3.00,1.50
2012.01.25 18:04:54.731,1.05684,1.05698,2.63,1.50
2012.01.25 18:04:55.106,1.05688,1.057,3.75,1.50
2012.01.25 18:04:55.239,1.05691,1.05703,2.25,1.50
2012.01.25 18:04:55.467,1.05692,1.05705,2.63,1.50
2012.01.25 18:04:55.605,1.05693,1.05705,2.63,1.50
2012.01.25 18:04:56.235,1.05691,1.05706,1.88,3.00
2012.01.25 18:04:56.325,1.05692,1.05706,1.50,3.00
2012.01.25 18:04:56.430,1.05689,1.05704,1.50,2.25
2012.01.25 18:04:56.519,1.05688,1.05702,1.69,2.25
2012.01.25 18:04:56.875,1.05687,1.05701,2.07,1.50
2012.01.25 18:04:57.633,1.05689,1.05702,2.18,1.50
2012.01.25 18:04:57.736,1.05689,1.05701,2.63,1.50
2012.01.25 18:04:57.947,1.05689,1.05701,2.63,1.50
2012.01.25 18:04:58.579,1.05689,1.05701,2.25,1.50
2012.01.25 18:04:58.654,1.05689,1.057,2.25,1.10
2012.01.25 18:04:59.302,1.05689,1.05697,1.50,1.13
2012.01.25 18:04:59.438,1.05674,1.05687,1.69,2.40
2012.01.25 18:04:59.525,1.05674,1.05685,1.50,1.13
2012.01.25 18:04:59.621,1.05674,1.05687,1.50,1.50
2012.01.25 18:04:59.700,1.05674,1.05686,1.50,1.80
2012.01.25 18:05:00.055,1.05672,1.05678,3.75,1.50
2012.01.25 18:05:00.789,1.05677,1.05691,1.50,2.59
2012.01.25 18:05:00.952,1.05679,1.05691,1.50,3.75
2012.01.25 18:05:01.303,1.05682,1.05694,1.50,1.50
2012.01.25 18:05:01.518,1.05677,1.05689,1.50,1.50
2012.01.25 18:05:01.593,1.05675,1.05687,3.19,1.50
2012.01.25 18:05:01.921,1.05673,1.05679,1.50,1.50
2012.01.25 18:05:02.521,1.05667,1.05679,2.07,1.50
2012.01.25 18:05:02.601,1.05664,1.05677,1.50,1.50
2012.01.25 18:05:02.679,1.05664,1.05677,1.88,1.50
2012.01.25 18:05:02.759,1.05666,1.05681,1.50,2.25
2012.01.25 18:05:03.108,1.05665,1.05679,1.88,2.25
2012.01.25 18:05:03.187,1.05666,1.0568,3.00,2.25
2012.01.25 18:05:03.337,1.05668,1.05682,1.50,3.19
2012.01.25 18:05:04.064,1.05668,1.05681,1.50,1.50
2012.01.25 18:05:04.151,1.05667,1.05681,1.50,1.50
2012.01.25 18:05:04.506,1.05673,1.0568,1.88,2.74
2012.01.25 18:05:04.587,1.05673,1.05678,1.50,1.13
2012.01.25 18:05:04.663,1.05672,1.05676,2.25,1.54
2012.01.25 18:05:04.952,1.05659,1.05672,4.13,1.50
2012.01.25 18:05:05.585,1.0566,1.05673,2.25,1.50
2012.01.25 18:05:05.679,1.0566,1.05671,2.25,1.50
2012.01.25 18:05:05.759,1.05659,1.05671,3.38,1.50
2012.01.25 18:05:05.837,1.0566,1.05673,2.25,1.50
2012.01.25 18:05:06.394,1.05661,1.05674,1.50,1.88
2012.01.25 18:05:07.281,1.05675,1.05684,1.50,1.50
2012.01.25 18:05:07.362,1.05669,1.05681,2.25,2.25
2012.01.25 18:05:09.201,1.05669,1.05681,6.57,2.25
2012.01.25 18:05:09.348,1.05678,1.05693,1.50,2.25
2012.01.25 18:05:09.740,1.05677,1.05689,2.25,1.50
2012.01.25 18:05:11.251,1.05674,1.05688,4.13,1.50
2012.01.25 18:05:11.604,1.05675,1.05689,2.25,1.80
2012.01.25 18:05:11.824,1.05675,1.05689,3.00,1.65
2012.01.25 18:05:12.429,1.05675,1.05689,2.25,1.65
2012.01.25 18:05:13.051,1.05678,1.0569,3.00,1.80
2012.01.25 18:05:13.195,1.05678,1.0569,3.00,1.50
2012.01.25 18:05:13.559,1.05682,1.05696,3.75,1.50
2012.01.25 18:05:13.779,1.05686,1.057,5.63,1.05
2012.01.25 18:05:14.604,1.05686,1.057,5.63,1.05
2012.01.25 18:05:14.702,1.05684,1.05689,1.50,1.50
2012.01.25 18:05:14.791,1.05682,1.05689,1.88,1.50
2012.01.25 18:05:14.938,1.05681,1.05692,4.88,1.50
2012.01.25 18:05:15.222,1.05689,1.05703,3.75,2.33
2012.01.25 18:05:15.295,1.05694,1.05706,1.50,2.33
2012.01.25 18:05:15.443,1.05694,1.05705,2.25,1.58
2012.01.25 18:05:15.576,1.05694,1.05704,2.25,1.20
2012.01.25 18:05:15.653,1.05691,1.05702,1.88,3.00
2012.01.25 18:05:16.268,1.05688,1.05702,2.25,3.00
2012.01.25 18:05:16.356,1.05688,1.05696,1.50,1.50
2012.01.25 18:05:16.501,1.05688,1.05695,1.50,1.50
2012.01.25 18:05:16.640,1.05688,1.05702,3.00,1.88
2012.01.25 18:05:16.711,1.05688,1.05702,3.00,2.63
2012.01.25 18:05:16.983,1.05688,1.05702,3.00,2.63
2012.01.25 18:05:17.332,1.05688,1.05697,1.50,1.50
2012.01.25 18:05:18.411,1.05688,1.05699,1.50,1.50
2012.01.25 18:05:18.671,1.05687,1.05695,1.50,1.50
2012.01.25 18:05:19.199,1.05684,1.05698,2.25,1.50
2012.01.25 18:05:19.343,1.05684,1.05698,2.25,2.25
2012.01.25 18:05:19.482,1.05683,1.05695,2.63,1.50
2012.01.25 18:05:20.024,1.05683,1.05695,2.25,1.50
2012.01.25 18:05:20.728,1.05682,1.05696,3.00,2.25
2012.01.25 18:05:21.080,1.05682,1.05694,1.50,1.50
2012.01.25 18:05:21.620,1.05682,1.05693,1.50,1.50
2012.01.25 18:05:21.692,1.05682,1.05693,1.50,1.50
2012.01.25 18:05:22.591,1.05681,1.05691,1.50,1.95
2012.01.25 18:05:22.669,1.05679,1.05686,1.50,1.20
2012.01.25 18:05:22.748,1.05677,1.05682,1.50,1.39
2012.01.25 18:05:22.824,1.05677,1.05683,1.50,1.39
2012.01.25 18:05:23.044,1.05672,1.05686,3.00,3.91
2012.01.25 18:05:23.127,1.05671,1.05686,3.00,2.14
2012.01.25 18:05:23.277,1.05667,1.05682,1.13,2.52
2012.01.25 18:05:23.352,1.05667,1.05678,1.13,1.50
2012.01.25 18:05:24.142,1.05673,1.05686,1.13,1.69
2012.01.25 18:05:24.225,1.05671,1.05679,1.13,1.50
2012.01.25 18:05:24.370,1.05671,1.05682,1.50,1.50
2012.01.25 18:05:24.647,1.0567,1.05682,2.25,2.25
2012.01.25 18:05:25.051,1.05668,1.05678,1.13,1.50
2012.01.25 18:05:25.397,1.05676,1.05684,1.13,1.50
2012.01.25 18:05:25.475,1.05676,1.05686,1.13,2.55
2012.01.25 18:05:26.114,1.05675,1.05688,1.13,2.25
2012.01.25 18:05:26.561,1.05674,1.05688,1.50,2.25
2012.01.25 18:05:26.912,1.05672,1.05681,1.50,1.50
2012.01.25 18:05:27.250,1.05672,1.05684,2.25,1.50
2012.01.25 18:05:27.391,1.05672,1.05688,3.00,2.44
2012.01.25 18:05:28.205,1.05672,1.05683,1.50,1.50
2012.01.25 18:05:28.292,1.05672,1.05686,2.25,1.50
2012.01.25 18:05:28.802,1.05672,1.05685,1.50,1.50
2012.01.25 18:05:29.973,1.05678,1.05685,4.50,1.50
2012.01.25 18:05:30.042,1.05679,1.0569,2.25,1.05
2012.01.25 18:05:30.684,1.05681,1.05692,1.50,1.50
2012.01.25 18:05:31.021,1.0568,1.05692,1.13,2.25
2012.01.25 18:05:31.159,1.05678,1.05692,3.38,2.25
2012.01.25 18:05:31.478,1.05676,1.05688,3.75,1.50
2012.01.25 18:05:31.609,1.05676,1.05688,3.00,1.50
2012.01.25 18:05:31.678,1.05676,1.05688,2.25,1.50
2012.01.25 18:05:31.751,1.05675,1.05686,1.32,1.50
2012.01.25 18:05:32.268,1.05672,1.05685,1.50,1.50
2012.01.25 18:05:32.339,1.05672,1.05685,1.50,1.50
2012.01.25 18:05:33.222,1.05674,1.05686,5.25,3.00
2012.01.25 18:05:33.441,1.05675,1.05689,1.50,1.50
2012.01.25 18:05:33.785,1.05674,1.05687,4.32,1.50
2012.01.25 18:05:34.141,1.05673,1.05687,2.44,1.50
2012.01.25 18:05:34.964,1.05673,1.05687,2.44,1.50
2012.01.25 18:05:35.049,1.05673,1.05687,3.19,2.25
2012.01.25 18:05:35.369,1.05676,1.05688,1.50,2.25
2012.01.25 18:05:35.748,1.05676,1.05688,1.50,1.50
2012.01.25 18:05:36.471,1.05676,1.05688,1.50,2.25
2012.01.25 18:05:37.345,1.05678,1.05691,1.13,3.00
2012.01.25 18:05:37.645,1.05686,1.05696,1.50,3.17
2012.01.25 18:05:38.006,1.05686,1.05692,1.50,2.52
2012.01.25 18:05:38.087,1.05678,1.05692,3.00,4.39
2012.01.25 18:05:38.360,1.05678,1.0569,2.25,3.38
2012.01.25 18:05:39.066,1.05675,1.05689,3.00,1.50
2012.01.25 18:05:39.147,1.05676,1.05689,1.50,1.50
2012.01.25 18:05:39.701,1.05676,1.05692,2.25,4.39
2012.01.25 18:05:40.117,1.05676,1.05689,1.13,1.50
2012.01.25 18:05:40.194,1.05678,1.05694,1.50,3.00
2012.01.25 18:05:40.816,1.05679,1.05691,2.25,1.50
2012.01.25 18:05:40.889,1.05679,1.05691,2.25,2.25
2012.01.25 18:05:40.968,1.05677,1.05689,2.25,1.50
2012.01.25 18:05:41.298,1.05678,1.05692,2.25,2.44
2012.01.25 18:05:41.758,1.05677,1.05689,1.50,1.50
2012.01.25 18:05:42.690,1.05678,1.05692,2.25,3.00
2012.01.25 18:05:43.210,1.05678,1.05692,2.25,3.00
2012.01.25 18:05:43.713,1.05678,1.0569,1.50,1.69
2012.01.25 18:05:44.060,1.05674,1.05688,3.00,1.50
2012.01.25 18:05:44.200,1.05675,1.0569,2.25,1.50
2012.01.25 18:05:44.269,1.05675,1.0569,2.25,2.25
2012.01.25 18:05:45.028,1.05673,1.05687,3.75,1.50
2012.01.25 18:05:45.372,1.05672,1.05682,2.63,1.50
2012.01.25 18:05:45.517,1.0567,1.05682,1.13,1.50
2012.01.25 18:05:45.801,1.05668,1.05682,1.50,2.25
2012.01.25 18:05:45.931,1.05666,1.05676,1.13,1.50
2012.01.25 18:05:46.139,1.05666,1.05678,2.63,1.50
2012.01.25 18:05:46.287,1.05667,1.05681,2.25,2.25
2012.01.25 18:05:47.019,1.05666,1.0568,2.25,1.50
2012.01.25 18:05:47.089,1.05668,1.05682,2.25,1.50
2012.01.25 18:05:47.821,1.0567,1.05684,1.50,2.44
2012.01.25 18:05:47.891,1.0567,1.05684,2.25,2.44
2012.01.25 18:05:48.221,1.05675,1.05686,2.10,1.50
2012.01.25 18:05:48.349,1.05677,1.05692,1.50,3.00
2012.01.25 18:05:49.418,1.05677,1.05689,1.50,1.50
2012.01.25 18:05:51.380,1.05676,1.05686,1.50,1.50
2012.01.25 18:05:51.596,1.05675,1.05686,1.13,1.50
2012.01.25 18:05:52.317,1.05674,1.05686,1.50,2.25
2012.01.25 18:05:52.532,1.05668,1.05682,2.63,1.50
2012.01.25 18:05:52.670,1.05668,1.0568,2.63,1.50
2012.01.25 18:05:53.010,1.05667,1.0568,1.13,1.50
2012.01.25 18:05:53.893,1.05666,1.0568,2.25,1.88
2012.01.25 18:05:54.650,1.05665,1.05677,3.75,1.50
2012.01.25 18:05:54.731,1.05666,1.0568,2.25,3.00
2012.01.25 18:05:54.808,1.05666,1.0568,2.25,2.25
2012.01.25 18:05:55.166,1.05667,1.0568,1.50,1.50
2012.01.25 18:05:55.452,1.05672,1.05685,1.13,2.25
2012.01.25 18:05:55.529,1.05672,1.05685,1.13,1.50
2012.01.25 18:05:55.812,1.05673,1.05687,2.25,1.50
2012.01.25 18:05:56.402,1.05673,1.05687,2.25,1.50
2012.01.25 18:05:56.598,1.05673,1.05687,1.50,2.63
2012.01.25 18:05:56.670,1.05673,1.05687,1.50,2.63
2012.01.25 18:05:57.009,1.05673,1.05686,1.50,1.50
2012.01.25 18:05:57.203,1.05673,1.05685,1.50,1.13
2012.01.25 18:05:57.404,1.05668,1.05682,2.25,1.50
2012.01.25 18:05:58.620,1.05668,1.05682,2.25,2.25
2012.01.25 18:05:58.966,1.05667,1.05677,1.50,1.50
2012.01.25 18:05:59.045,1.05666,1.05677,1.69,1.50
2012.01.25 18:05:59.123,1.05667,1.05677,1.13,1.50
2012.01.25 18:05:59.191,1.05667,1.05679,1.88,1.50
2012.01.25 18:05:59.265,1.05668,1.05682,2.25,3.75
2012.01.25 18:05:59.415,1.05671,1.05683,1.50,1.50
2012.01.25 18:06:00.252,1.05671,1.05683,2.25,1.50
2012.01.25 18:06:00.333,1.05668,1.05682,2.25,2.25
2012.01.25 18:06:01.226,1.05668,1.05682,2.44,2.25
2012.01.25 18:06:01.768,1.05668,1.05682,2.25,2.25
2012.01.25 18:06:02.563,1.05668,1.05682,2.25,2.25
2012.01.25 18:06:02.642,1.05664,1.05676,3.00,1.50
2012.01.25 18:06:03.215,1.05664,1.05676,2.44,1.50
2012.01.25 18:06:03.563,1.05664,1.05675,1.50,1.50
2012.01.25 18:06:03.900,1.05655,1.05667,1.50,1.50
2012.01.25 18:06:04.687,1.05655,1.05669,2.25,1.50
2012.01.25 18:06:04.903,1.05655,1.05669,2.25,2.25
2012.01.25 18:06:05.460,1.05653,1.05667,2.25,2.25
2012.01.25 18:06:05.796,1.05648,1.05662,4.13,1.50
2012.01.25 18:06:06.529,1.05653,1.05665,2.25,1.50
2012.01.25 18:06:07.093,1.05654,1.05665,1.50,1.50
2012.01.25 18:06:07.444,1.05659,1.05672,2.10,1.50
2012.01.25 18:06:07.595,1.05665,1.05677,1.50,2.25
2012.01.25 18:06:07.746,1.05665,1.05677,1.50,2.25
2012.01.25 18:06:07.822,1.05665,1.05677,1.50,2.25
2012.01.25 18:06:08.021,1.05661,1.05675,2.25,1.50
2012.01.25 18:06:08.588,1.05658,1.05669,2.25,1.50
2012.01.25 18:06:08.674,1.05658,1.05672,2.25,1.50
2012.01.25 18:06:08.872,1.05657,1.05668,1.13,1.50
2012.01.25 18:06:09.013,1.05657,1.0567,2.63,1.50
2012.01.25 18:06:09.083,1.05657,1.05669,1.13,1.50
2012.01.25 18:06:09.150,1.05657,1.05669,1.13,1.50
2012.01.25 18:06:09.662,1.05658,1.0567,2.25,1.50
2012.01.25 18:06:10.216,1.05658,1.0567,2.25,1.50
2012.01.25 18:06:10.850,1.05658,1.0567,2.25,1.50
2012.01.25 18:06:11.061,1.05657,1.0567,1.50,1.50
2012.01.25 18:06:11.133,1.05657,1.05665,1.50,1.50
2012.01.25 18:06:11.460,1.05653,1.05665,1.88,1.50
2012.01.25 18:06:11.722,1.05653,1.05665,1.50,1.50
2012.01.25 18:06:11.788,1.05653,1.05665,1.50,1.50
2012.01.25 18:06:11.993,1.05653,1.05665,1.50,1.50
2012.01.25 18:06:12.194,1.05654,1.05668,3.38,2.25
2012.01.25 18:06:12.263,1.05654,1.05668,3.38,1.50
2012.01.25 18:06:12.334,1.05656,1.0567,2.25,1.69
2012.01.25 18:06:12.415,1.05659,1.05672,1.50,1.50
2012.01.25 18:06:13.071,1.05665,1.05679,2.25,2.25
2012.01.25 18:06:13.147,1.05663,1.05677,2.25,1.50
2012.01.25 18:06:13.659,1.05663,1.05677,2.25,2.25
2012.01.25 18:06:14.064,1.05663,1.05674,1.50,1.13
2012.01.25 18:06:14.203,1.05658,1.05671,2.82,2.25
2012.01.25 18:06:14.340,1.05658,1.05667,1.69,1.50
2012.01.25 18:06:14.413,1.05657,1.05667,1.50,1.50
2012.01.25 18:06:14.483,1.05656,1.05667,2.25,1.50
2012.01.25 18:06:14.551,1.05659,1.05671,1.50,2.25
2012.01.25 18:06:14.763,1.05654,1.05667,2.25,2.25
2012.01.25 18:06:15.395,1.05657,1.05667,1.50,2.25
2012.01.25 18:06:15.750,1.05659,1.05671,1.50,2.25
2012.01.25 18:06:15.819,1.05657,1.05667,2.25,1.50
2012.01.25 18:06:16.354,1.05655,1.05667,1.88,1.50
2012.01.25 18:06:16.692,1.05653,1.05667,3.75,2.25
2012.01.25 18:06:16.766,1.05653,1.05667,2.25,2.25
2012.01.25 18:06:16.844,1.05652,1.05661,4.13,1.50
2012.01.25 18:06:16.910,1.05651,1.05661,1.50,1.50
2012.01.25 18:06:17.709,1.0565,1.05658,1.50,1.13
2012.01.25 18:06:17.851,1.05649,1.05661,2.25,5.63
2012.01.25 18:06:17.921,1.05649,1.05661,1.50,4.13
2012.01.25 18:06:18.272,1.05642,1.05654,3.38,1.50
2012.01.25 18:06:18.670,1.05643,1.05656,1.50,2.25
2012.01.25 18:06:19.036,1.05644,1.05658,2.25,1.50
2012.01.25 18:06:19.706,1.05645,1.05659,1.50,2.25
2012.01.25 18:06:20.122,1.05642,1.05654,2.25,1.50
2012.01.25 18:06:20.464,1.05641,1.05652,2.03,1.50
2012.01.25 18:06:20.651,1.05641,1.05654,2.03,1.50
2012.01.25 18:06:21.180,1.05638,1.05652,3.19,1.50
2012.01.25 18:06:21.871,1.05643,1.05654,1.50,1.50
2012.01.25 18:06:22.018,1.05639,1.05651,1.50,2.44
2012.01.25 18:06:22.091,1.05639,1.05651,1.50,2.44
2012.01.25 18:06:22.231,1.05635,1.05647,1.50,1.50
2012.01.25 18:06:22.357,1.05635,1.05649,3.00,3.75
2012.01.25 18:06:22.631,1.05635,1.05649,3.00,2.25
2012.01.25 18:06:22.975,1.05639,1.05651,1.50,2.44
2012.01.25 18:06:23.322,1.05639,1.05651,1.50,2.44
2012.01.25 18:06:23.843,1.05639,1.05651,1.50,2.44
2012.01.25 18:06:23.982,1.05642,1.05651,1.13,1.50
2012.01.25 18:06:24.451,1.05638,1.05652,1.50,2.44
2012.01.25 18:06:25.232,1.05636,1.05648,2.25,1.50
2012.01.25 18:06:25.890,1.05636,1.05648,2.25,1.50
2012.01.25 18:06:26.442,1.05637,1.05651,3.00,2.25
2012.01.25 18:06:26.796,1.05643,1.05651,1.88,1.50
2012.01.25 18:06:26.875,1.05644,1.05658,1.88,2.25
2012.01.25 18:06:26.962,1.05646,1.0566,1.50,2.44
2012.01.25 18:06:29.182,1.05646,1.05658,2.25,1.50
2012.01.25 18:06:29.722,1.05646,1.05658,3.00,1.50
2012.01.25 18:06:30.076,1.05648,1.05658,1.13,1.50
2012.01.25 18:06:30.662,1.05647,1.05658,1.88,1.50
2012.01.25 18:06:31.222,1.05648,1.05658,1.13,1.50
2012.01.25 18:06:31.550,1.05647,1.05658,1.88,1.50
2012.01.25 18:06:31.620,1.05647,1.05658,1.88,1.50
2012.01.25 18:06:31.966,1.0565,1.0566,1.13,1.50
2012.01.25 18:06:32.101,1.05648,1.05662,3.00,2.48
2012.01.25 18:06:32.900,1.05649,1.05662,1.50,2.44
2012.01.25 18:06:33.672,1.05648,1.05662,2.25,2.44
2012.01.25 18:06:33.744,1.05652,1.05662,1.88,2.44
2012.01.25 18:06:34.102,1.05659,1.05671,2.25,4.69
2012.01.25 18:06:34.880,1.05657,1.05669,2.25,1.88
2012.01.25 18:06:35.357,1.05657,1.05669,2.25,1.50
2012.01.25 18:06:35.555,1.05657,1.05669,2.25,1.50
2012.01.25 18:06:35.759,1.05657,1.05669,2.25,1.50
2012.01.25 18:06:36.173,1.05655,1.05665,1.50,1.50
2012.01.25 18:06:36.950,1.05654,1.05667,1.13,2.25
2012.01.25 18:06:37.035,1.05657,1.05671,1.50,2.25
2012.01.25 18:06:37.112,1.05656,1.05668,2.25,1.50
2012.01.25 18:06:40.609,1.05655,1.05669,2.25,2.25
2012.01.25 18:06:41.380,1.05655,1.05669,2.25,2.25
2012.01.25 18:06:41.938,1.05655,1.05669,1.50,2.25
2012.01.25 18:06:42.449,1.05655,1.05669,1.50,2.25
2012.01.25 18:06:43.446,1.05655,1.05669,1.50,2.25
2012.01.25 18:06:44.002,1.05653,1.05667,1.50,2.63
2012.01.25 18:06:44.286,1.05648,1.05662,3.75,1.50
2012.01.25 18:06:45.288,1.0565,1.05663,2.25,1.50
2012.01.25 18:06:45.629,1.05651,1.05662,1.13,1.50
2012.01.25 18:06:48.273,1.05652,1.05664,2.82,1.50
2012.01.25 18:06:48.421,1.05651,1.05662,2.03,1.50
2012.01.25 18:06:48.961,1.05651,1.05662,1.65,1.50
2012.01.25 18:06:49.028,1.0565,1.05662,1.50,1.50
2012.01.25 18:06:49.100,1.05649,1.05662,1.13,2.25
2012.01.25 18:06:49.454,1.05648,1.05662,2.25,2.44
2012.01.25 18:06:49.535,1.05648,1.05662,3.00,2.44
2012.01.25 18:06:49.740,1.05648,1.05662,1.50,2.44
2012.01.25 18:06:50.354,1.05647,1.05657,1.50,1.50
2012.01.25 18:06:50.655,1.05652,1.05659,1.13,1.50
2012.01.25 18:06:50.805,1.05652,1.05662,1.50,1.50
2012.01.25 18:06:50.881,1.05652,1.05665,2.25,2.25
2012.01.25 18:06:51.210,1.05655,1.05667,1.50,2.25
2012.01.25 18:06:51.282,1.05653,1.05665,3.75,2.25
2012.01.25 18:06:51.687,1.05651,1.05664,1.13,2.44
2012.01.25 18:06:52.565,1.05649,1.05662,2.25,1.50
2012.01.25 18:06:52.939,1.05647,1.05659,3.00,1.50
2012.01.25 18:06:53.156,1.05651,1.05664,2.25,3.00
2012.01.25 18:06:53.301,1.05651,1.0566,1.50,1.50
2012.01.25 18:06:53.375,1.05649,1.0566,1.50,1.50
2012.01.25 18:06:53.792,1.0565,1.05662,2.25,1.50
2012.01.25 18:06:54.630,1.05652,1.05664,1.50,2.25
2012.01.25 18:06:55.191,1.05649,1.05663,2.25,1.50
2012.01.25 18:06:56.734,1.05649,1.05663,2.25,2.44
2012.01.25 18:06:56.800,1.05649,1.05663,2.25,1.69
2012.01.25 18:06:57.120,1.05648,1.05657,3.00,1.50
2012.01.25 18:06:57.248,1.05647,1.05659,1.50,3.00
2012.01.25 18:06:58.042,1.05662,1.05672,1.13,2.25
2012.01.25 18:06:58.123,1.05663,1.05672,1.13,1.50
2012.01.25 18:06:58.407,1.05663,1.05672,1.50,1.50
2012.01.25 18:06:58.758,1.05667,1.05679,2.25,3.04
2012.01.25 18:06:59.042,1.05669,1.05678,1.50,1.50
2012.01.25 18:06:59.113,1.05667,1.05679,1.50,3.00
2012.01.25 18:06:59.787,1.05667,1.05679,2.25,1.50
2012.01.25 18:06:59.870,1.05669,1.05681,2.25,1.50
2012.01.25 18:07:00.830,1.05669,1.05681,2.25,1.50
2012.01.25 18:07:01.045,1.05672,1.05684,2.25,2.63
2012.01.25 18:07:01.408,1.05673,1.05684,1.13,1.50
2012.01.25 18:07:01.544,1.05678,1.05686,2.25,1.50
2012.01.25 18:07:02.208,1.05674,1.05686,2.25,1.50
2012.01.25 18:07:02.980,1.05672,1.05683,2.25,1.50
2012.01.25 18:07:03.501,1.05672,1.05684,3.94,1.50
2012.01.25 18:07:03.844,1.05674,1.05686,1.88,1.50
2012.01.25 18:07:03.923,1.05674,1.05688,2.25,1.50
2012.01.25 18:07:04.543,1.05675,1.05686,1.88,1.50
2012.01.25 18:07:04.883,1.0568,1.05694,4.21,2.25
2012.01.25 18:07:05.024,1.05683,1.05696,1.50,2.73
2012.01.25 18:07:05.371,1.0568,1.05693,1.13,2.25
2012.01.25 18:07:05.699,1.0568,1.05693,1.88,1.50
2012.01.25 18:07:06.499,1.0568,1.05693,1.13,1.50
2012.01.25 18:07:06.583,1.0569,1.05697,3.00,1.50
2012.01.25 18:07:06.724,1.05694,1.05706,1.50,1.65
2012.01.25 18:07:06.953,1.05694,1.05708,2.25,1.88
2012.01.25 18:07:07.302,1.05694,1.05708,2.25,1.80
2012.01.25 18:07:07.377,1.05694,1.05708,1.50,1.50
2012.01.25 18:07:07.461,1.05693,1.05704,1.13,1.50
2012.01.25 18:07:08.128,1.05693,1.05707,1.13,1.50
2012.01.25 18:07:08.218,1.05699,1.0571,1.88,1.50
2012.01.25 18:07:08.438,1.05698,1.05713,2.63,1.50
2012.01.25 18:07:08.654,1.05698,1.05712,2.25,1.50
2012.01.25 18:07:08.875,1.05696,1.0571,2.63,1.50
2012.01.25 18:07:08.954,1.05696,1.0571,2.25,1.50
2012.01.25 18:07:09.798,1.05698,1.05712,2.25,1.50
2012.01.25 18:07:10.155,1.05698,1.05714,1.50,1.50
2012.01.25 18:07:10.509,1.05698,1.05714,2.07,1.50
2012.01.25 18:07:10.840,1.057,1.05711,1.32,1.50
2012.01.25 18:07:11.769,1.057,1.05711,1.32,1.50
2012.01.25 18:07:12.061,1.05695,1.05705,3.00,1.50
2012.01.25 18:07:12.202,1.05695,1.05707,3.75,1.50
2012.01.25 18:07:12.896,1.05697,1.05709,2.25,1.50
2012.01.25 18:07:13.212,1.05695,1.05706,1.50,1.50
2012.01.25 18:07:13.827,1.05694,1.05706,3.00,2.25
2012.01.25 18:07:13.919,1.05691,1.05703,2.25,1.50
2012.01.25 18:07:14.157,1.05692,1.05706,2.25,1.50
2012.01.25 18:07:14.309,1.05694,1.05705,1.50,1.13
2012.01.25 18:07:14.454,1.05691,1.05701,1.50,1.50
2012.01.25 18:07:14.529,1.05689,1.05701,2.25,1.50
2012.01.25 18:07:14.604,1.05689,1.05701,1.50,2.25
2012.01.25 18:07:14.819,1.05689,1.05701,1.50,3.38
2012.01.25 18:07:15.479,1.05679,1.05692,3.00,1.50
2012.01.25 18:07:17.233,1.05678,1.05692,2.25,2.25
2012.01.25 18:07:17.443,1.05682,1.05696,1.50,4.13
2012.01.25 18:07:17.709,1.05678,1.05692,3.75,2.25
2012.01.25 18:07:18.045,1.05682,1.05692,1.50,1.50
2012.01.25 18:07:18.408,1.05688,1.057,1.50,2.25
2012.01.25 18:07:19.084,1.05688,1.057,2.25,2.25
2012.01.25 18:07:19.174,1.05692,1.05704,4.13,1.50
2012.01.25 18:07:19.833,1.05692,1.05703,1.50,1.50
2012.01.25 18:07:20.042,1.05692,1.05705,1.50,3.00
2012.01.25 18:07:20.385,1.05694,1.05708,2.25,2.25
2012.01.25 18:07:21.265,1.05698,1.0571,1.88,1.50
2012.01.25 18:07:21.418,1.05697,1.05711,2.25,1.50
2012.01.25 18:07:21.499,1.05697,1.05711,1.50,2.25
2012.01.25 18:07:21.847,1.05697,1.05711,1.50,2.44
2012.01.25 18:07:22.055,1.05697,1.05704,1.50,1.50
2012.01.25 18:07:22.136,1.05694,1.05706,3.38,1.50
2012.01.25 18:07:22.926,1.05692,1.05705,3.00,1.50
2012.01.25 18:07:23.007,1.05692,1.05703,1.50,1.50
2012.01.25 18:07:23.577,1.05692,1.05704,2.25,1.50
2012.01.25 18:07:23.721,1.05695,1.05707,2.25,3.00
2012.01.25 18:07:23.940,1.05696,1.0571,2.25,2.40
2012.01.25 18:07:24.091,1.05696,1.0571,3.75,2.40
2012.01.25 18:07:24.756,1.05702,1.05714,2.25,3.94
2012.01.25 18:07:24.941,1.05703,1.05717,1.50,2.25
2012.01.25 18:07:25.025,1.05703,1.05717,2.25,1.50
2012.01.25 18:07:25.591,1.05704,1.05717,1.13,1.50
2012.01.25 18:07:25.665,1.05703,1.05717,3.00,1.50
2012.01.25 18:07:25.743,1.05703,1.05711,1.50,1.50
2012.01.25 18:07:26.410,1.05705,1.05711,1.13,1.50
2012.01.25 18:07:26.510,1.0571,1.05718,3.64,1.50
2012.01.25 18:07:26.657,1.05712,1.05721,1.69,1.50
2012.01.25 18:07:26.740,1.05715,1.05721,1.13,1.50
2012.01.25 18:07:26.819,1.05716,1.05725,1.50,1.50
2012.01.25 18:07:27.175,1.05713,1.05725,1.50,2.63
2012.01.25 18:07:28.034,1.05711,1.05723,2.25,1.50
2012.01.25 18:07:28.118,1.05713,1.05725,2.25,1.50
2012.01.25 18:07:28.270,1.0571,1.05723,2.25,1.50
2012.01.25 18:07:28.700,1.05709,1.05723,2.25,3.53
2012.01.25 18:07:29.443,1.05704,1.05714,1.50,1.50
2012.01.25 18:07:29.671,1.05711,1.05721,1.50,1.50
2012.01.25 18:07:29.814,1.05709,1.05721,4.50,1.50
2012.01.25 18:07:29.987,1.05709,1.0572,1.50,3.00
2012.01.25 18:07:30.065,1.05704,1.05718,2.25,2.44
2012.01.25 18:07:30.155,1.05701,1.0571,2.25,1.50
2012.01.25 18:07:31.113,1.05703,1.05716,2.25,1.88
2012.01.25 18:07:31.200,1.05702,1.05714,2.25,1.50
2012.01.25 18:07:31.351,1.05701,1.05713,1.13,1.50
2012.01.25 18:07:31.709,1.05703,1.05717,2.25,1.50
2012.01.25 18:07:31.997,1.05705,1.05719,2.25,4.50
2012.01.25 18:07:32.161,1.05703,1.05717,3.00,1.50
2012.01.25 18:07:32.882,1.05707,1.05719,2.25,2.63
2012.01.25 18:07:32.971,1.05702,1.05712,1.13,1.50
2012.01.25 18:07:33.119,1.05704,1.05715,2.25,1.50
2012.01.25 18:07:33.192,1.05704,1.05716,2.25,1.50
2012.01.25 18:07:33.473,1.05704,1.05716,2.25,1.50
2012.01.25 18:07:33.673,1.05707,1.05721,2.25,3.90
2012.01.25 18:07:33.984,1.05706,1.05718,2.25,1.50
2012.01.25 18:07:34.897,1.05701,1.05715,2.25,1.50
2012.01.25 18:07:35.242,1.05703,1.05717,2.25,3.00
2012.01.25 18:07:35.520,1.05702,1.05714,2.25,1.50
2012.01.25 18:07:35.657,1.05702,1.05714,2.25,1.50
2012.01.25 18:07:35.944,1.05702,1.05713,1.50,2.85
2012.01.25 18:07:36.083,1.057,1.05712,1.50,2.25
2012.01.25 18:07:36.853,1.05694,1.05705,1.50,1.50
2012.01.25 18:07:36.927,1.05694,1.05706,2.25,1.50
2012.01.25 18:07:37.071,1.05696,1.05708,1.50,1.50
2012.01.25 18:07:37.419,1.05695,1.05709,2.25,1.50
2012.01.25 18:07:38.254,1.05695,1.05709,2.25,2.25
2012.01.25 18:07:39.094,1.05702,1.05712,1.13,2.25
2012.01.25 18:07:39.291,1.05704,1.05716,3.00,3.00
2012.01.25 18:07:39.437,1.05709,1.05719,2.25,1.50
2012.01.25 18:07:39.987,1.05704,1.05716,1.50,1.50
2012.01.25 18:07:40.272,1.05705,1.05718,2.25,1.50
2012.01.25 18:07:40.971,1.05708,1.05718,2.25,1.50
2012.01.25 18:07:41.263,1.05706,1.0572,2.25,1.50
2012.01.25 18:07:41.591,1.05706,1.0572,2.25,1.50
2012.01.25 18:07:41.732,1.05704,1.05717,2.25,1.50
2012.01.25 18:07:41.804,1.05703,1.05717,2.63,1.50
2012.01.25 18:07:42.012,1.05703,1.05713,1.13,1.50
2012.01.25 18:07:42.220,1.05703,1.05716,1.13,1.50
2012.01.25 18:07:43.114,1.05702,1.05714,1.50,1.50
2012.01.25 18:07:43.196,1.05695,1.05709,2.25,2.25
2012.01.25 18:07:43.344,1.05695,1.05709,2.25,2.25
2012.01.25 18:07:43.705,1.05701,1.05713,2.25,1.50
2012.01.25 18:07:45.111,1.05702,1.05715,1.50,2.25
2012.01.25 18:07:45.389,1.057,1.05714,2.25,2.25
2012.01.25 18:07:46.117,1.05703,1.05715,2.25,2.25
2012.01.25 18:07:46.481,1.05709,1.05721,1.50,2.44
2012.01.25 18:07:47.270,1.05707,1.05719,1.50,1.50
2012.01.25 18:07:48.739,1.05707,1.05719,2.25,1.50
2012.01.25 18:07:48.931,1.05705,1.05717,2.25,1.50
2012.01.25 18:07:49.260,1.05703,1.05713,1.13,1.50
2012.01.25 18:07:49.884,1.05703,1.05717,2.25,1.50
2012.01.25 18:07:50.601,1.05702,1.05715,1.88,1.50
2012.01.25 18:07:50.671,1.05702,1.05715,1.88,1.50
2012.01.25 18:07:51.074,1.05704,1.05716,1.50,2.25
2012.01.25 18:07:51.389,1.05702,1.05714,2.44,2.25
2012.01.25 18:07:51.673,1.05698,1.05712,2.25,1.50
2012.01.25 18:07:51.880,1.05698,1.05712,1.50,2.25
2012.01.25 18:07:52.141,1.05696,1.0571,3.00,2.25
2012.01.25 18:07:52.819,1.05696,1.0571,2.25,2.25
2012.01.25 18:07:52.919,1.05694,1.05706,2.25,1.50
2012.01.25 18:07:53.180,1.05693,1.05705,2.25,1.50
2012.01.25 18:07:53.693,1.05693,1.05705,2.25,2.25
2012.01.25 18:07:54.932,1.05691,1.05702,1.84,1.50
2012.01.25 18:07:55.014,1.05695,1.05705,1.50,2.25
2012.01.25 18:07:55.081,1.05696,1.05709,1.50,2.25
2012.01.25 18:07:55.399,1.05698,1.0571,1.50,1.50
2012.01.25 18:07:55.801,1.05698,1.05711,1.50,2.25
2012.01.25 18:07:56.001,1.05697,1.0571,2.63,1.50
2012.01.25 18:07:56.143,1.05699,1.05713,1.50,2.25
2012.01.25 18:07:57.345,1.05706,1.0572,2.25,2.82
2012.01.25 18:07:57.495,1.05713,1.05721,1.13,3.75
2012.01.25 18:07:57.657,1.05718,1.05729,1.50,3.00
2012.01.25 18:07:57.807,1.05718,1.0573,2.63,2.25
2012.01.25 18:07:58.489,1.05721,1.05733,1.50,2.25
2012.01.25 18:07:59.121,1.05723,1.05737,3.00,2.25
2012.01.25 18:07:59.474,1.05725,1.05738,1.50,2.25
2012.01.25 18:07:59.546,1.05725,1.05739,1.50,2.25
2012.01.25 18:08:00.104,1.05727,1.05741,1.50,2.25
2012.01.25 18:08:00.665,1.05725,1.05739,2.25,2.25
2012.01.25 18:08:01.672,1.05725,1.05739,2.25,2.25
2012.01.25 18:08:02.199,1.05725,1.05739,2.25,2.25
2012.01.25 18:08:02.777,1.05727,1.0574,1.50,2.44
2012.01.25 18:08:03.804,1.05726,1.05738,2.25,2.25
2012.01.25 18:08:04.155,1.05724,1.05736,5.10,1.50
2012.01.25 18:08:04.707,1.05723,1.05736,1.50,1.13
2012.01.25 18:08:05.014,1.05718,1.05732,2.25,2.25
2012.01.25 18:08:05.104,1.0572,1.05732,1.13,1.50
2012.01.25 18:08:05.776,1.05722,1.05736,2.25,3.00
2012.01.25 18:08:06.133,1.05723,1.05734,1.50,1.69
2012.01.25 18:08:06.206,1.05723,1.05734,1.50,1.69
2012.01.25 18:08:06.364,1.05719,1.05727,2.22,1.50
2012.01.25 18:08:06.537,1.05719,1.05729,2.22,1.50
2012.01.25 18:08:06.618,1.05722,1.05736,1.50,2.25
2012.01.25 18:08:06.762,1.05725,1.05737,1.50,2.25
2012.01.25 18:08:06.890,1.05725,1.05737,1.50,2.25
2012.01.25 18:08:07.490,1.05725,1.05737,1.50,2.25
2012.01.25 18:08:07.993,1.05725,1.05737,1.50,2.25
2012.01.25 18:08:08.533,1.05725,1.05737,1.50,3.00
2012.01.25 18:08:08.604,1.05725,1.05737,1.50,3.00
2012.01.25 18:08:09.412,1.05724,1.05737,1.50,1.50
2012.01.25 18:08:09.493,1.05724,1.05737,1.50,1.50
2012.01.25 18:08:09.777,1.05724,1.05738,2.25,2.25
2012.01.25 18:08:09.856,1.05724,1.05737,1.50,1.50
2012.01.25 18:08:10.008,1.05721,1.05731,1.50,1.50
2012.01.25 18:08:11.100,1.0572,1.05732,2.25,2.25
2012.01.25 18:08:12.674,1.05722,1.05734,1.50,2.25
2012.01.25 18:08:12.816,1.05722,1.05734,1.50,2.25
2012.01.25 18:08:13.739,1.05718,1.05723,2.25,1.50
2012.01.25 18:08:13.823,1.05718,1.0573,1.50,2.25
2012.01.25 18:08:14.035,1.05719,1.05733,1.50,3.00
2012.01.25 18:08:14.111,1.05719,1.05733,2.25,3.00
2012.01.25 18:08:14.467,1.0573,1.0574,2.25,2.25
2012.01.25 18:08:14.816,1.05733,1.05743,1.50,1.50
2012.01.25 18:08:14.895,1.05731,1.05743,1.50,2.25
2012.01.25 18:08:15.483,1.0573,1.05741,1.50,2.25
2012.01.25 18:08:15.561,1.05729,1.05741,1.50,2.25
2012.01.25 18:08:16.359,1.05729,1.05741,1.50,2.25
2012.01.25 18:08:16.761,1.0573,1.05744,1.50,2.25
2012.01.25 18:08:16.900,1.0573,1.05744,1.50,2.25
2012.01.25 18:08:17.191,1.05728,1.05742,1.50,2.25
2012.01.25 18:08:17.980,1.05728,1.05742,1.50,2.25
2012.01.25 18:08:18.182,1.05728,1.05742,1.50,2.25
2012.01.25 18:08:18.596,1.05731,1.05743,1.50,2.25
2012.01.25 18:08:18.943,1.05732,1.05745,2.82,1.50
2012.01.25 18:08:19.225,1.05735,1.0575,1.50,2.25
2012.01.25 18:08:19.750,1.05734,1.05748,1.50,2.25
2012.01.25 18:08:21.519,1.05735,1.05746,2.14,2.25
2012.01.25 18:08:21.756,1.05743,1.05755,1.50,4.50
2012.01.25 18:08:21.911,1.05743,1.05755,1.50,3.75
2012.01.25 18:08:22.572,1.05743,1.05755,1.50,4.50
2012.01.25 18:08:22.851,1.05756,1.05768,1.50,2.25
2012.01.25 18:08:23.001,1.05754,1.05766,1.50,2.25
2012.01.25 18:08:23.152,1.05751,1.05765,2.63,2.25
2012.01.25 18:08:23.224,1.05751,1.05761,1.13,1.50
2012.01.25 18:08:23.570,1.05751,1.05761,1.50,1.50
2012.01.25 18:08:24.434,1.05754,1.05768,1.50,2.25
2012.01.25 18:08:24.768,1.05754,1.05768,1.50,2.25
2012.01.25 18:08:24.971,1.05754,1.05767,1.50,1.50
2012.01.25 18:08:25.481,1.05754,1.05768,1.88,2.25
2012.01.25 18:08:26.012,1.05757,1.05769,1.50,2.25
2012.01.25 18:08:26.079,1.05757,1.05769,1.50,2.25
2012.01.25 18:08:26.914,1.05759,1.05771,1.50,2.25
2012.01.25 18:08:26.980,1.05757,1.05769,1.50,2.25
2012.01.25 18:08:27.480,1.05757,1.05769,2.25,1.50
2012.01.25 18:08:28.335,1.05758,1.05772,2.25,2.25
2012.01.25 18:08:29.707,1.05758,1.05772,2.63,2.25
2012.01.25 18:08:30.006,1.05759,1.05772,1.50,1.50
2012.01.25 18:08:30.362,1.05757,1.05769,2.25,3.00
2012.01.25 18:08:30.430,1.05754,1.05766,3.68,1.50
2012.01.25 18:08:30.504,1.05754,1.05762,2.18,1.50
2012.01.25 18:08:30.630,1.05754,1.05762,1.43,1.50
2012.01.25 18:08:30.893,1.05748,1.05762,4.17,1.50
2012.01.25 18:08:31.638,1.05746,1.0576,2.25,1.50
2012.01.25 18:08:32.142,1.05748,1.05762,2.25,3.00
2012.01.25 18:08:32.209,1.05746,1.0576,2.25,2.25
2012.01.25 18:08:32.413,1.05746,1.0576,1.50,2.25
2012.01.25 18:08:32.831,1.05742,1.05756,1.69,2.25
2012.01.25 18:08:32.902,1.0574,1.05752,1.50,2.25
2012.01.25 18:08:33.863,1.05733,1.05741,1.50,1.50
2012.01.25 18:08:33.934,1.05733,1.05743,1.50,1.50
2012.01.25 18:08:34.135,1.05735,1.05749,1.88,2.25
2012.01.25 18:08:34.284,1.05733,1.05746,2.29,1.13
2012.01.25 18:08:34.498,1.05729,1.05741,2.25,2.25
2012.01.25 18:08:34.987,1.05724,1.05736,2.25,1.50
2012.01.25 18:08:35.312,1.05724,1.05736,1.50,1.50
2012.01.25 18:08:35.378,1.05723,1.05734,3.00,1.50
2012.01.25 18:08:36.010,1.05721,1.05731,1.88,1.50
2012.01.25 18:08:36.085,1.05719,1.05731,3.00,1.50
2012.01.25 18:08:36.430,1.05719,1.05731,2.25,2.25
2012.01.25 18:08:36.808,1.05719,1.05729,1.50,1.13
2012.01.25 18:08:36.968,1.05711,1.05723,1.09,1.50
2012.01.25 18:08:37.788,1.0571,1.05723,1.50,2.25
2012.01.25 18:08:38.260,1.05707,1.05722,2.63,2.25
2012.01.25 18:08:38.542,1.05707,1.05722,1.50,2.25
2012.01.25 18:08:38.885,1.05706,1.05718,2.25,1.50
2012.01.25 18:08:39.853,1.05706,1.05718,2.25,1.50
2012.01.25 18:08:40.361,1.05706,1.05719,2.25,1.50
2012.01.25 18:08:41.009,1.05706,1.05719,1.50,1.50
2012.01.25 18:08:41.080,1.05706,1.05719,1.50,1.50
2012.01.25 18:08:41.612,1.05707,1.05721,2.25,2.25
2012.01.25 18:08:41.682,1.05707,1.05721,2.25,1.50
2012.01.25 18:08:42.694,1.05707,1.05723,3.00,2.44
2012.01.25 18:08:42.990,1.05707,1.05721,2.25,1.50
2012.01.25 18:08:43.520,1.05707,1.05721,3.00,1.50
2012.01.25 18:08:43.860,1.05707,1.05719,1.50,1.50
2012.01.25 18:08:43.930,1.05707,1.05721,1.50,1.50
2012.01.25 18:08:44.450,1.05707,1.05722,2.25,1.50
2012.01.25 18:08:44.987,1.05708,1.05721,2.44,1.50
2012.01.25 18:08:45.070,1.05712,1.05725,2.25,1.50
2012.01.25 18:08:45.320,1.05712,1.05726,3.00,2.25
2012.01.25 18:08:45.662,1.05709,1.0572,1.50,2.07
2012.01.25 18:08:45.796,1.05709,1.0572,2.25,2.25
2012.01.25 18:08:45.943,1.05706,1.05717,3.00,1.50
2012.01.25 18:08:46.016,1.05706,1.0572,4.50,1.50
2012.01.25 18:08:46.090,1.05708,1.05722,2.44,1.50
2012.01.25 18:08:46.438,1.05706,1.0572,3.00,3.00
2012.01.25 18:08:46.581,1.05706,1.0572,1.50,3.00
2012.01.25 18:08:47.145,1.05706,1.0572,2.44,1.50
2012.01.25 18:08:47.420,1.05708,1.05722,2.25,3.00
2012.01.25 18:08:47.960,1.05708,1.05722,2.25,1.50
2012.01.25 18:08:48.032,1.05708,1.05722,2.25,1.50
2012.01.25 18:08:48.239,1.05709,1.05721,2.25,1.50
2012.01.25 18:08:48.584,1.05709,1.0572,2.25,1.50
2012.01.25 18:08:49.244,1.05705,1.05716,1.50,1.50
2012.01.25 18:08:49.321,1.05705,1.05718,3.00,1.50
2012.01.25 18:08:49.823,1.05706,1.05718,1.50,2.25
2012.01.25 18:08:49.889,1.05702,1.05714,1.50,2.25
2012.01.25 18:08:50.210,1.05702,1.05712,1.50,1.50
2012.01.25 18:08:50.280,1.057,1.05712,2.25,1.50
2012.01.25 18:08:50.352,1.057,1.05712,1.50,2.25
2012.01.25 18:08:50.892,1.05696,1.05712,5.89,2.25
2012.01.25 18:08:51.035,1.05696,1.05712,1.50,2.40
2012.01.25 18:08:51.703,1.05694,1.05706,3.75,1.50
2012.01.25 18:08:52.009,1.05696,1.05709,1.50,1.69
2012.01.25 18:08:52.363,1.05691,1.05704,1.50,1.50
2012.01.25 18:08:52.431,1.05691,1.05704,1.50,1.50
2012.01.25 18:08:52.500,1.05691,1.05702,2.14,2.25
2012.01.25 18:08:52.912,1.05687,1.05702,1.28,2.25
2012.01.25 18:08:53.776,1.05695,1.05702,1.13,2.25
2012.01.25 18:08:53.862,1.05697,1.05711,2.44,2.25
2012.01.25 18:08:55.014,1.05695,1.05706,1.32,1.50
2012.01.25 18:08:55.552,1.05695,1.05709,1.13,1.50
2012.01.25 18:08:56.440,1.05694,1.05709,1.88,2.25
2012.01.25 18:08:56.703,1.05694,1.05706,1.13,3.00
2012.01.25 18:08:57.032,1.0569,1.05704,1.50,2.25
2012.01.25 18:08:57.800,1.05692,1.05705,2.25,2.25
2012.01.25 18:08:59.694,1.05693,1.05707,2.25,2.63
2012.01.25 18:09:00.204,1.05693,1.05707,2.25,1.88
2012.01.25 18:09:00.459,1.05692,1.05704,2.25,1.50
2012.01.25 18:09:00.773,1.05692,1.05704,4.13,1.50
2012.01.25 18:09:01.090,1.05694,1.05706,2.25,2.25
2012.01.25 18:09:01.292,1.05696,1.05707,1.50,1.13
2012.01.25 18:09:01.982,1.05697,1.05708,1.88,1.13
2012.01.25 18:09:02.501,1.05696,1.05708,1.88,2.25
2012.01.25 18:09:02.902,1.05695,1.05705,1.13,1.50
2012.01.25 18:09:03.245,1.0569,1.05702,2.25,1.50
2012.01.25 18:09:03.522,1.0569,1.05702,2.25,1.69
2012.01.25 18:09:03.662,1.0569,1.05701,1.50,1.50
2012.01.25 18:09:04.293,1.0569,1.05702,1.50,2.44
2012.01.25 18:09:04.562,1.0569,1.05702,1.50,2.44
2012.01.25 18:09:04.773,1.05687,1.05701,2.25,2.25
2012.01.25 18:09:05.275,1.05689,1.05703,1.50,3.57
2012.01.25 18:09:05.811,1.05689,1.05703,1.50,2.44
2012.01.25 18:09:06.389,1.05691,1.05703,1.13,1.69
2012.01.25 18:09:06.607,1.05691,1.05705,3.38,1.50
2012.01.25 18:09:06.753,1.05691,1.05705,3.38,1.50
2012.01.25 18:09:06.950,1.05691,1.05705,1.88,2.25
2012.01.25 18:09:07.495,1.05689,1.05703,4.50,2.44
2012.01.25 18:09:08.730,1.05689,1.05703,2.25,2.25
2012.01.25 18:09:09.243,1.05689,1.05703,1.50,2.25
2012.01.25 18:09:09.798,1.05686,1.05698,2.44,1.50
2012.01.25 18:09:10.340,1.05686,1.05698,1.88,1.50
2012.01.25 18:09:10.942,1.05685,1.05696,1.32,1.50
2012.01.25 18:09:11.024,1.0568,1.05693,1.50,1.50
2012.01.25 18:09:11.531,1.0568,1.05692,3.00,1.50
2012.01.25 18:09:11.673,1.0568,1.05692,2.25,2.25
2012.01.25 18:09:11.870,1.0568,1.05692,1.50,2.25
2012.01.25 18:09:12.201,1.05677,1.05689,1.50,2.25
2012.01.25 18:09:12.402,1.05674,1.05686,1.69,1.50
2012.01.25 18:09:12.473,1.05672,1.05684,1.50,1.50
2012.01.25 18:09:13.440,1.05676,1.05688,1.50,2.25
2012.01.25 18:09:13.640,1.05673,1.05687,2.25,1.50
2012.01.25 18:09:13.851,1.05676,1.05688,1.50,1.13
2012.01.25 18:09:14.209,1.05679,1.0569,2.25,1.13
2012.01.25 18:09:14.423,1.05678,1.0569,3.75,1.13
2012.01.25 18:09:14.566,1.05681,1.0569,1.50,1.50
2012.01.25 18:09:14.642,1.05679,1.0569,1.50,1.50
2012.01.25 18:09:14.780,1.05679,1.05691,2.25,2.25
2012.01.25 18:09:15.561,1.05679,1.05691,2.25,1.50
2012.01.25 18:09:15.891,1.05677,1.05689,2.25,1.50
2012.01.25 18:09:16.440,1.05674,1.05688,2.25,1.50
2012.01.25 18:09:16.584,1.0568,1.05688,1.50,1.50
2012.01.25 18:09:16.942,1.05686,1.05694,1.50,1.50
2012.01.25 18:09:17.535,1.05687,1.05694,2.25,1.50
2012.01.25 18:09:17.625,1.05687,1.05701,2.25,1.50
2012.01.25 18:09:18.179,1.05686,1.057,2.25,1.50
2012.01.25 18:09:18.435,1.05685,1.05698,3.38,1.50
2012.01.25 18:09:18.641,1.05686,1.057,2.25,3.00
2012.01.25 18:09:19.632,1.05689,1.05703,2.25,1.50
2012.01.25 18:09:19.771,1.05687,1.05701,2.25,1.50
2012.01.25 18:09:20.273,1.05687,1.05701,2.25,1.50
2012.01.25 18:09:20.621,1.05686,1.05698,3.75,1.50
2012.01.25 18:09:20.764,1.05687,1.05701,2.25,1.50
2012.01.25 18:09:20.840,1.05687,1.05701,2.25,1.50
2012.01.25 18:09:20.912,1.05687,1.05701,2.25,1.50
2012.01.25 18:09:21.169,1.05685,1.05696,2.25,1.50
2012.01.25 18:09:21.359,1.05683,1.05696,1.69,1.50
2012.01.25 18:09:21.918,1.05683,1.05696,1.69,1.50
2012.01.25 18:09:21.997,1.05682,1.05696,2.44,1.50
2012.01.25 18:09:22.075,1.05682,1.05696,2.44,1.50
2012.01.25 18:09:22.295,1.05682,1.05696,2.25,2.25
2012.01.25 18:09:22.382,1.05682,1.05695,1.50,2.25
2012.01.25 18:09:22.740,1.05675,1.05687,2.25,1.50
2012.01.25 18:09:23.091,1.05673,1.05685,1.50,1.50
2012.01.25 18:09:23.764,1.05671,1.05683,3.00,1.50
2012.01.25 18:09:23.975,1.05672,1.05686,2.25,1.50
2012.01.25 18:09:24.195,1.05678,1.0569,2.25,1.69
2012.01.25 18:09:24.276,1.05678,1.0569,2.25,1.69
2012.01.25 18:09:24.886,1.05676,1.05689,2.25,1.69
2012.01.25 18:09:25.534,1.05675,1.05689,2.25,1.50
2012.01.25 18:09:25.863,1.05672,1.05684,1.50,1.50
2012.01.25 18:09:26.652,1.05673,1.05685,1.50,1.50
2012.01.25 18:09:26.803,1.05671,1.05683,1.50,2.25
2012.01.25 18:09:26.875,1.05668,1.05681,1.50,1.13
2012.01.25 18:09:26.953,1.05668,1.0568,1.50,1.50
2012.01.25 18:09:27.813,1.05664,1.05676,2.25,1.50
2012.01.25 18:09:27.903,1.05666,1.05678,2.25,1.50
2012.01.25 18:09:27.977,1.05667,1.05681,2.25,2.63
2012.01.25 18:09:28.391,1.05667,1.05681,2.25,3.64
2012.01.25 18:09:29.410,1.05662,1.05675,2.25,1.50
2012.01.25 18:09:29.481,1.05662,1.05675,2.25,1.50
2012.01.25 18:09:29.551,1.05663,1.05677,2.25,3.00
2012.01.25 18:09:29.620,1.05663,1.05677,2.25,2.25
2012.01.25 18:09:29.760,1.05663,1.05676,2.25,1.88
2012.01.25 18:09:29.833,1.0566,1.05672,2.78,1.50
2012.01.25 18:09:30.424,1.05655,1.05668,2.44,1.50
2012.01.25 18:09:30.500,1.05655,1.05668,3.57,1.50
2012.01.25 18:09:30.570,1.05656,1.0567,2.25,1.50
2012.01.25 18:09:30.915,1.0566,1.05672,2.25,1.13
2012.01.25 18:09:31.391,1.05659,1.05671,1.50,2.85
2012.01.25 18:09:31.459,1.05657,1.05669,1.50,2.25
2012.01.25 18:09:31.649,1.05655,1.05667,1.50,1.50
2012.01.25 18:09:32.121,1.05657,1.05671,1.50,2.85
2012.01.25 18:09:35.159,1.05653,1.05665,3.75,1.50
2012.01.25 18:09:35.308,1.05655,1.05668,1.50,2.25
2012.01.25 18:09:35.383,1.05655,1.05668,1.50,2.25
2012.01.25 18:09:35.877,1.05652,1.05664,2.25,1.50
2012.01.25 18:09:35.951,1.05652,1.05664,2.25,1.50
2012.01.25 18:09:36.989,1.05657,1.05668,1.50,1.88
2012.01.25 18:09:37.069,1.05657,1.05668,1.50,1.50
2012.01.25 18:09:37.270,1.05659,1.05671,1.50,3.00
2012.01.25 18:09:37.549,1.05662,1.05671,1.50,1.50
2012.01.25 18:09:38.061,1.05659,1.05671,1.50,1.50
2012.01.25 18:09:38.130,1.05662,1.05671,1.50,1.50
2012.01.25 18:09:38.260,1.05659,1.05671,1.50,1.50
2012.01.25 18:09:39.492,1.05659,1.05672,1.50,1.50
2012.01.25 18:09:39.568,1.05659,1.05672,1.50,1.88
2012.01.25 18:09:39.914,1.05658,1.05668,1.50,1.50
2012.01.25 18:09:40.192,1.05657,1.05671,3.00,2.25
2012.01.25 18:09:40.334,1.05659,1.05672,1.50,3.19
2012.01.25 18:09:44.121,1.05657,1.05671,3.75,1.50
2012.01.25 18:09:44.961,1.05657,1.05669,2.25,1.50
2012.01.25 18:09:45.472,1.05659,1.05671,1.50,1.50
2012.01.25 18:09:45.791,1.05657,1.05669,2.25,1.50
2012.01.25 18:09:46.322,1.05657,1.05669,2.25,1.50
2012.01.25 18:09:47.567,1.05657,1.0567,3.00,1.50
2012.01.25 18:09:47.643,1.05656,1.0567,2.25,1.50
2012.01.25 18:09:47.712,1.05655,1.05668,3.38,1.50
2012.01.25 18:09:48.043,1.05653,1.05664,2.31,1.50
2012.01.25 18:09:48.324,1.05657,1.05666,1.50,1.50
2012.01.25 18:09:48.464,1.0566,1.05672,1.50,1.13
2012.01.25 18:09:49.431,1.05659,1.05671,1.50,1.50
2012.01.25 18:09:50.280,1.05659,1.05671,1.50,2.25
2012.01.25 18:09:50.609,1.0566,1.05673,1.50,2.25
2012.01.25 18:09:50.941,1.05658,1.05672,3.00,2.25
2012.01.25 18:09:51.083,1.05656,1.05669,1.88,1.50
2012.01.25 18:09:51.843,1.05657,1.05671,2.25,1.50
2012.01.25 18:09:52.400,1.05657,1.05671,2.25,2.25
2012.01.25 18:09:52.905,1.05657,1.05671,1.50,2.63
2012.01.25 18:09:53.431,1.05657,1.05671,2.25,2.25
2012.01.25 18:09:54.080,1.05659,1.05673,1.50,3.75
2012.01.25 18:09:54.412,1.05663,1.05675,2.25,1.50
2012.01.25 18:09:54.741,1.05668,1.05682,1.50,2.63
2012.01.25 18:09:54.991,1.05666,1.0568,2.25,2.25
2012.01.25 18:09:55.120,1.05666,1.0568,3.00,2.25
2012.01.25 18:09:55.333,1.05671,1.05681,2.78,1.50
2012.01.25 18:09:56.274,1.05673,1.05681,2.44,1.50
2012.01.25 18:09:56.364,1.05672,1.05686,2.97,2.25
2012.01.25 18:09:56.428,1.05672,1.05683,1.47,1.50
2012.01.25 18:09:56.944,1.05672,1.05683,1.28,1.50
2012.01.25 18:09:57.474,1.05671,1.05683,3.38,1.50
2012.01.25 18:09:57.869,1.05671,1.05683,2.25,1.50
2012.01.25 18:09:58.125,1.05675,1.05686,1.50,2.25
2012.01.25 18:09:58.939,1.05672,1.05684,2.25,1.50
2012.01.25 18:09:59.211,1.0567,1.05682,3.38,1.50
2012.01.25 18:09:59.282,1.0567,1.05682,2.63,1.50
2012.01.25 18:09:59.933,1.0567,1.0568,1.50,1.50
2012.01.25 18:10:00.072,1.05668,1.0568,1.50,1.50
2012.01.25 18:10:00.144,1.05666,1.05678,3.19,1.50
2012.01.25 18:10:00.482,1.05664,1.05676,3.00,1.50
2012.01.25 18:10:01.268,1.05665,1.05679,2.25,1.50
2012.01.25 18:10:01.798,1.05667,1.05681,1.50,2.44
2012.01.25 18:10:02.281,1.05666,1.05678,2.25,1.50
2012.01.25 18:10:04.293,1.05668,1.0568,1.50,2.25
2012.01.25 18:10:04.670,1.05665,1.05677,2.25,1.50
2012.01.25 18:10:04.937,1.05666,1.0568,2.25,2.25
2012.01.25 18:10:06.982,1.05666,1.0568,1.50,2.25
2012.01.25 18:10:07.541,1.05666,1.05676,1.50,2.25
2012.01.25 18:10:07.630,1.05662,1.05673,1.13,1.50
2012.01.25 18:10:07.911,1.05659,1.05671,2.63,1.50
2012.01.25 18:10:08.428,1.05659,1.05671,1.88,2.25
2012.01.25 18:10:08.943,1.0566,1.05672,1.50,1.50
2012.01.25 18:10:09.760,1.0566,1.05672,1.88,1.50
2012.01.25 18:10:09.960,1.0566,1.05674,3.00,2.63
2012.01.25 18:10:10.314,1.05662,1.05674,1.50,1.69
2012.01.25 18:10:10.594,1.05661,1.05674,1.13,3.19
2012.01.25 18:10:10.732,1.0566,1.05671,1.13,1.50
2012.01.25 18:10:11.269,1.0566,1.05671,1.13,1.50
2012.01.25 18:10:11.349,1.05661,1.05673,3.38,2.44
2012.01.25 18:10:14.092,1.05661,1.05675,1.50,2.44
2012.01.25 18:10:14.340,1.05661,1.05675,1.50,2.44
2012.01.25 18:10:15.683,1.05659,1.05673,1.50,2.25
2012.01.25 18:10:16.672,1.05657,1.05671,3.75,1.50
2012.01.25 18:10:17.064,1.05657,1.05671,1.50,2.25
2012.01.25 18:10:17.611,1.05657,1.05669,1.50,1.50
2012.01.25 18:10:18.199,1.05654,1.05667,1.65,1.50
2012.01.25 18:10:18.741,1.05654,1.05667,1.65,1.50
2012.01.25 18:10:18.787,1.05654,1.05667,1.65,1.50
2012.01.25 18:10:18.867,1.05656,1.05669,2.40,1.50
2012.01.25 18:10:19.192,1.05659,1.05671,1.50,1.50
2012.01.25 18:10:19.687,1.05657,1.0567,1.50,1.13
2012.01.25 18:10:19.902,1.05656,1.05668,3.00,1.50
2012.01.25 18:10:20.104,1.05657,1.05671,2.25,3.75
2012.01.25 18:10:20.911,1.05657,1.05671,2.25,2.25
2012.01.25 18:10:21.732,1.05657,1.05671,2.25,2.63
2012.01.25 18:10:22.150,1.05659,1.05672,1.50,1.50
2012.01.25 18:10:24.029,1.05661,1.05673,1.13,2.63
2012.01.25 18:10:24.688,1.05661,1.05673,1.65,2.63
2012.01.25 18:10:24.961,1.05658,1.0567,3.00,1.50
2012.01.25 18:10:25.655,1.05656,1.05665,1.28,1.50
2012.01.25 18:10:25.870,1.05655,1.05667,2.25,1.50
2012.01.25 18:10:26.129,1.05656,1.0567,2.25,3.00
2012.01.25 18:10:26.330,1.05656,1.0567,2.25,1.50
2012.01.25 18:10:26.690,1.05655,1.05668,2.25,1.50
2012.01.25 18:10:27.243,1.05656,1.05668,1.43,1.50
2012.01.25 18:10:27.872,1.05655,1.05669,4.43,2.25
2012.01.25 18:10:28.331,1.05654,1.05666,3.90,1.50
2012.01.25 18:10:28.400,1.05654,1.05666,2.40,1.50
2012.01.25 18:10:28.611,1.05654,1.05666,2.25,1.50
2012.01.25 18:10:28.873,1.05653,1.05667,3.00,3.00
2012.01.25 18:10:29.011,1.05656,1.05667,1.20,1.50
2012.01.25 18:10:29.199,1.05657,1.05667,1.50,1.50
2012.01.25 18:10:29.344,1.05657,1.05669,3.00,1.50
2012.01.25 18:10:30.776,1.05656,1.05667,1.13,1.50
2012.01.25 18:10:31.209,1.05657,1.05669,2.25,1.50
2012.01.25 18:10:31.290,1.05655,1.05667,4.58,1.50
2012.01.25 18:10:31.437,1.05656,1.0567,3.38,2.25
2012.01.25 18:10:32.140,1.05656,1.05668,1.88,1.50
2012.01.25 18:10:32.778,1.05654,1.05668,3.00,1.50
2012.01.25 18:10:33.396,1.05654,1.05668,3.00,1.50
2012.01.25 18:10:33.482,1.05654,1.05668,2.25,2.82
2012.01.25 18:10:33.554,1.05654,1.05668,1.50,2.82
2012.01.25 18:10:33.974,1.05654,1.05668,1.50,2.82
2012.01.25 18:10:34.611,1.05657,1.0567,1.50,1.50
2012.01.25 18:10:34.684,1.05657,1.0567,1.50,1.13
2012.01.25 18:10:34.873,1.05656,1.05668,1.50,2.25
2012.01.25 18:10:35.420,1.05656,1.05668,1.50,2.25
2012.01.25 18:10:35.772,1.05652,1.05664,1.50,1.50
2012.01.25 18:10:36.044,1.05655,1.05667,1.50,1.50
2012.01.25 18:10:36.901,1.05657,1.05669,1.50,2.25
2012.01.25 18:10:37.263,1.05655,1.05663,1.50,3.00
2012.01.25 18:10:37.338,1.05649,1.05661,1.50,1.50
2012.01.25 18:10:37.756,1.05647,1.05658,2.25,1.50
2012.01.25 18:10:38.614,1.05651,1.05664,1.50,2.44
2012.01.25 18:10:39.113,1.05653,1.05663,1.50,1.88
2012.01.25 18:10:39.381,1.0565,1.05662,1.50,1.13
2012.01.25 18:10:39.892,1.05648,1.05662,1.50,2.25
2012.01.25 18:10:40.920,1.05648,1.05662,1.50,2.63
2012.01.25 18:10:41.694,1.05647,1.05658,1.13,1.50
2012.01.25 18:10:42.044,1.05644,1.05657,1.50,1.50
2012.01.25 18:10:42.400,1.05643,1.05657,2.63,1.50
2012.01.25 18:10:43.229,1.05643,1.05656,1.13,1.50
2012.01.25 18:10:43.314,1.05648,1.05661,1.28,1.50
2012.01.25 18:10:43.663,1.05652,1.05664,1.50,2.25
2012.01.25 18:10:43.873,1.05652,1.05664,1.50,2.25
2012.01.25 18:10:44.120,1.05649,1.05663,1.50,2.25
2012.01.25 18:10:45.833,1.05648,1.0566,1.50,2.25
2012.01.25 18:10:46.185,1.05645,1.05656,1.50,1.50
2012.01.25 18:10:46.384,1.05644,1.05656,3.75,1.50
2012.01.25 18:10:46.941,1.05646,1.05658,1.50,2.25
2012.01.25 18:10:48.237,1.05643,1.05654,1.69,1.50
2012.01.25 18:10:48.311,1.05643,1.05657,2.44,2.25
2012.01.25 18:10:48.870,1.05643,1.05657,2.25,1.50
2012.01.25 18:10:49.240,1.05641,1.05653,2.03,1.50
2012.01.25 18:10:49.876,1.05641,1.05653,1.28,1.50
2012.01.25 18:10:50.020,1.05643,1.05655,1.50,2.25
2012.01.25 18:10:50.448,1.05643,1.05653,1.50,1.50
2012.01.25 18:10:51.120,1.0564,1.05651,1.50,2.25
2012.01.25 18:10:51.236,1.0563,1.05641,1.13,1.50
2012.01.25 18:10:51.664,1.0563,1.05644,3.00,3.75
2012.01.25 18:10:51.741,1.0563,1.05642,1.50,1.50
2012.01.25 18:10:52.279,1.05631,1.05643,1.50,1.50
2012.01.25 18:10:53.089,1.05631,1.05643,2.25,1.50
2012.01.25 18:10:53.600,1.05631,1.05643,1.50,1.50
2012.01.25 18:10:54.168,1.0563,1.05642,1.54,1.50
2012.01.25 18:10:54.725,1.05631,1.05643,2.25,1.50
2012.01.25 18:10:55.490,1.05629,1.05641,3.19,1.50
2012.01.25 18:10:56.141,1.05632,1.05644,1.88,1.50
2012.01.25 18:10:56.305,1.05631,1.05645,3.00,3.38
2012.01.25 18:10:56.390,1.05628,1.0564,1.88,1.50
2012.01.25 18:10:56.677,1.05628,1.05638,2.25,1.50
2012.01.25 18:10:56.901,1.05624,1.05636,2.44,1.50
2012.01.25 18:10:57.244,1.05623,1.05632,1.50,1.50
2012.01.25 18:10:57.851,1.05622,1.05634,1.50,2.25
2012.01.25 18:10:58.945,1.05624,1.05634,2.25,1.50
2012.01.25 18:10:59.080,1.05624,1.05637,2.25,1.50
2012.01.25 18:10:59.152,1.05625,1.05639,2.25,1.50
2012.01.25 18:11:00.153,1.05628,1.0564,1.50,2.25
2012.01.25 18:11:00.362,1.05626,1.05638,2.25,2.25
2012.01.25 18:11:00.635,1.05624,1.05636,2.25,1.50
2012.01.25 18:11:01.374,1.05624,1.05636,2.25,1.50
2012.01.25 18:11:02.115,1.05624,1.05636,1.50,2.44
2012.01.25 18:11:02.203,1.05621,1.05635,1.50,2.25
2012.01.25 18:11:02.980,1.05625,1.05635,2.14,1.50
2012.01.25 18:11:03.332,1.0563,1.05636,1.28,1.50
2012.01.25 18:11:03.650,1.05631,1.05641,1.28,1.50
2012.01.25 18:11:03.792,1.05631,1.05643,2.78,3.00
2012.01.25 18:11:04.689,1.05633,1.05643,1.50,1.50
2012.01.25 18:11:05.215,1.05631,1.05643,2.25,1.50
2012.01.25 18:11:05.350,1.05631,1.05643,1.50,1.50
2012.01.25 18:11:05.930,1.05628,1.05642,2.25,1.50
2012.01.25 18:11:06.757,1.05627,1.0564,2.63,1.50
2012.01.25 18:11:07.224,1.05628,1.05642,2.25,1.50
2012.01.25 18:11:07.761,1.05628,1.05642,2.25,2.25
2012.01.25 18:11:09.294,1.05628,1.05641,2.25,1.50
2012.01.25 18:11:09.609,1.05621,1.05635,3.00,1.50
2012.01.25 18:11:09.831,1.05625,1.05637,2.25,1.50
2012.01.25 18:11:10.079,1.05627,1.05639,1.50,2.44
2012.01.25 18:11:10.892,1.05624,1.05638,2.44,2.25
2012.01.25 18:11:11.683,1.05624,1.05638,2.25,2.25
2012.01.25 18:11:12.502,1.05621,1.05633,1.50,1.50
2012.01.25 18:11:12.638,1.05622,1.05634,2.25,1.50
2012.01.25 18:11:15.466,1.05621,1.05633,1.13,1.50
2012.01.25 18:11:15.961,1.05621,1.05635,2.63,1.50
2012.01.25 18:11:16.351,1.05621,1.05632,1.13,1.50
2012.01.25 18:11:16.695,1.05622,1.05634,2.25,3.00
2012.01.25 18:11:17.301,1.0562,1.05633,2.59,1.50
2012.01.25 18:11:17.368,1.0562,1.05631,2.22,1.50
2012.01.25 18:11:18.234,1.0562,1.05631,2.63,1.50
2012.01.25 18:11:19.369,1.05619,1.05631,1.13,1.50
2012.01.25 18:11:19.559,1.05617,1.05631,2.44,1.50
2012.01.25 18:11:20.311,1.05617,1.05631,2.25,2.25
2012.01.25 18:11:20.383,1.05616,1.05628,2.25,1.50
2012.01.25 18:11:21.026,1.05616,1.05628,2.25,1.50
2012.01.25 18:11:21.103,1.05617,1.05631,2.25,1.50
2012.01.25 18:11:21.172,1.05615,1.05629,2.33,1.50
2012.01.25 18:11:21.304,1.05615,1.05629,2.25,2.25
2012.01.25 18:11:21.832,1.05613,1.05627,2.40,1.50
2012.01.25 18:11:22.165,1.05612,1.05625,2.63,1.50
2012.01.25 18:11:22.994,1.05614,1.05626,1.50,2.25
2012.01.25 18:11:26.202,1.05614,1.05626,2.25,1.50
2012.01.25 18:11:29.037,1.05612,1.05624,1.13,1.50
2012.01.25 18:11:29.374,1.05611,1.05622,1.32,1.50
2012.01.25 18:11:29.444,1.05611,1.05622,1.32,1.50
2012.01.25 18:11:29.712,1.05613,1.05627,2.25,2.03
2012.01.25 18:11:29.916,1.05611,1.05623,4.13,1.50
2012.01.25 18:11:30.639,1.05614,1.05626,1.50,1.65
2012.01.25 18:11:32.168,1.05615,1.05626,1.50,1.50
2012.01.25 18:11:32.931,1.05619,1.0563,2.25,2.25
2012.01.25 18:11:33.016,1.0562,1.05631,3.49,2.25
2012.01.25 18:11:33.233,1.05622,1.05633,1.50,1.50
2012.01.25 18:11:33.372,1.05623,1.05633,1.50,1.50
2012.01.25 18:11:34.110,1.05622,1.05633,1.50,1.50
2012.01.25 18:11:34.572,1.05622,1.05631,1.50,1.50
2012.01.25 18:11:35.387,1.05622,1.0563,1.50,1.50
2012.01.25 18:11:35.473,1.05619,1.05631,4.99,1.50
2012.01.25 18:11:35.979,1.0562,1.05631,3.49,1.50
2012.01.25 18:11:36.500,1.0562,1.05631,3.49,1.50
2012.01.25 18:11:36.879,1.0562,1.05634,4.99,1.88
2012.01.25 18:11:37.149,1.0562,1.05634,1.50,2.25
2012.01.25 18:11:37.411,1.05616,1.0563,3.94,1.50
2012.01.25 18:11:37.482,1.05616,1.0563,2.44,1.50
2012.01.25 18:11:38.328,1.05618,1.05632,2.25,1.50
2012.01.25 18:11:38.422,1.05621,1.05633,2.25,1.50
2012.01.25 18:11:38.948,1.05618,1.0563,2.25,1.50
2012.01.25 18:11:39.095,1.05616,1.0563,2.44,1.50
2012.01.25 18:11:39.179,1.05616,1.05629,2.25,1.13
2012.01.25 18:11:39.537,1.05612,1.05623,2.82,1.50
2012.01.25 18:11:40.233,1.05613,1.05625,2.25,1.50
2012.01.25 18:11:40.309,1.05615,1.05627,2.25,1.50
2012.01.25 18:11:40.991,1.05615,1.05627,2.25,1.50
2012.01.25 18:11:41.331,1.05616,1.0563,2.25,1.50
2012.01.25 18:11:41.737,1.0562,1.05633,1.50,2.25
2012.01.25 18:11:42.618,1.0562,1.05631,1.13,1.50
2012.01.25 18:11:43.134,1.0562,1.05631,3.34,1.50
2012.01.25 18:11:43.208,1.05623,1.05633,1.50,1.50
2012.01.25 18:11:43.283,1.05623,1.05636,1.50,2.63
2012.01.25 18:11:43.630,1.05623,1.05636,1.50,1.50
2012.01.25 18:11:43.709,1.05625,1.05639,2.25,2.44
2012.01.25 18:11:43.851,1.05625,1.05639,1.50,3.87
2012.01.25 18:11:44.252,1.05624,1.05634,2.25,1.50
2012.01.25 18:11:44.830,1.05622,1.05634,1.50,1.50
2012.01.25 18:11:44.983,1.05621,1.05632,2.89,1.50
2012.01.25 18:11:45.183,1.05622,1.05634,2.63,1.50
2012.01.25 18:11:45.251,1.05623,1.05632,1.13,1.50
2012.01.25 18:11:45.382,1.05623,1.05635,2.63,1.50
2012.01.25 18:11:45.450,1.05623,1.05635,2.63,1.50
2012.01.25 18:11:46.201,1.05623,1.05633,1.13,1.50
2012.01.25 18:11:46.274,1.05623,1.05631,1.13,1.50
2012.01.25 18:11:46.470,1.0562,1.05631,1.88,1.50
2012.01.25 18:11:47.372,1.0562,1.05631,1.88,1.50
2012.01.25 18:11:47.884,1.05619,1.05631,2.25,3.00
2012.01.25 18:11:47.959,1.0562,1.05629,1.50,1.50
2012.01.25 18:11:48.242,1.05622,1.05633,1.32,1.50
2012.01.25 18:11:48.311,1.05622,1.05631,1.69,1.50
2012.01.25 18:11:48.511,1.05622,1.05634,2.25,1.50
2012.01.25 18:11:49.110,1.05619,1.05633,2.44,1.50
2012.01.25 18:11:49.929,1.05619,1.05633,2.44,1.50
2012.01.25 18:11:53.749,1.05619,1.05633,2.25,1.50
2012.01.25 18:11:54.320,1.0562,1.05633,1.13,1.50
2012.01.25 18:11:54.535,1.05624,1.05636,2.25,1.50
2012.01.25 18:11:54.624,1.05625,1.05639,2.25,2.63
2012.01.25 18:11:55.650,1.05623,1.05637,3.00,1.50
2012.01.25 18:11:58.784,1.05623,1.05636,2.25,1.50
2012.01.25 18:11:58.853,1.05622,1.05634,3.00,1.50
2012.01.25 18:11:59.249,1.05623,1.05635,1.88,1.50
2012.01.25 18:11:59.502,1.05625,1.05637,2.25,1.50
2012.01.25 18:12:00.099,1.05624,1.05638,2.25,1.50
2012.01.25 18:12:00.589,1.05624,1.05634,2.25,1.50
2012.01.25 18:12:00.802,1.0562,1.05633,1.69,1.50
2012.01.25 18:12:01.628,1.05623,1.05637,3.00,3.38
2012.01.25 18:12:01.715,1.05623,1.05634,1.50,3.00
2012.01.25 18:12:02.063,1.05625,1.05637,2.25,1.50
2012.01.25 18:12:02.202,1.05627,1.05639,1.50,1.50
2012.01.25 18:12:02.401,1.05625,1.05637,2.25,1.50
2012.01.25 18:12:02.748,1.0563,1.05639,2.97,1.50
2012.01.25 18:12:02.828,1.0563,1.05641,3.87,1.50
2012.01.25 18:12:03.664,1.05631,1.05642,1.50,1.50
2012.01.25 18:12:03.743,1.05632,1.05643,1.13,1.50
2012.01.25 18:12:03.882,1.05632,1.05646,2.63,1.50
2012.01.25 18:12:03.952,1.05636,1.05648,2.25,1.50
2012.01.25 18:12:04.852,1.05633,1.05647,2.25,1.50
2012.01.25 18:12:05.374,1.05633,1.05647,2.25,1.50
2012.01.25 18:12:05.446,1.05635,1.05647,1.13,1.50
2012.01.25 18:12:06.081,1.05645,1.05653,1.50,1.84
2012.01.25 18:12:06.167,1.05645,1.05657,1.50,1.50
2012.01.25 18:12:06.686,1.05643,1.05656,1.50,3.00
2012.01.25 18:12:06.767,1.05643,1.05654,1.50,1.50
2012.01.25 18:12:07.400,1.05642,1.05656,3.19,1.50
2012.01.25 18:12:09.708,1.05642,1.05656,3.19,1.50
2012.01.25 18:12:09.982,1.05643,1.05656,1.13,1.50
2012.01.25 18:12:10.332,1.05651,1.05661,1.50,1.50
2012.01.25 18:12:10.943,1.05652,1.05661,1.50,1.50
2012.01.25 18:12:11.024,1.05655,1.05667,1.50,1.50
2012.01.25 18:12:11.299,1.05653,1.05665,3.00,1.50
2012.01.25 18:12:14.724,1.05653,1.05663,1.50,1.50
2012.01.25 18:12:15.054,1.05655,1.05663,1.13,1.50
2012.01.25 18:12:15.275,1.05658,1.05669,1.28,1.50
2012.01.25 18:12:15.393,1.05661,1.05671,1.50,1.50
2012.01.25 18:12:16.058,1.05662,1.05675,2.25,2.25
2012.01.25 18:12:16.148,1.05672,1.05684,2.63,1.50
2012.01.25 18:12:16.613,1.05672,1.05682,1.50,1.50
2012.01.25 18:12:16.751,1.05672,1.05686,3.00,1.50
2012.01.25 18:12:17.533,1.05672,1.05683,1.13,1.50
2012.01.25 18:12:18.197,1.05672,1.05681,1.88,1.50
2012.01.25 18:12:18.463,1.05669,1.05681,1.65,1.50
2012.01.25 18:12:19.143,1.05669,1.05681,1.28,1.50
2012.01.25 18:12:19.289,1.05669,1.05681,1.28,1.50
2012.01.25 18:12:20.112,1.05672,1.05683,1.13,1.50
2012.01.25 18:12:20.231,1.05673,1.05685,3.00,1.50
2012.01.25 18:12:20.849,1.05673,1.05683,1.50,1.50
2012.01.25 18:12:21.750,1.05672,1.05684,4.50,1.50
2012.01.25 18:12:22.212,1.05673,1.05684,1.50,1.50
2012.01.25 18:12:22.352,1.05673,1.05687,2.25,2.25
2012.01.25 18:12:22.487,1.05676,1.05688,1.50,3.75
2012.01.25 18:12:22.939,1.05674,1.05686,2.25,2.25
2012.01.25 18:12:25.850,1.05674,1.05686,2.44,2.25
2012.01.25 18:12:26.835,1.05672,1.05682,1.50,1.50
2012.01.25 18:12:27.288,1.05673,1.05685,1.50,1.50
2012.01.25 18:12:27.609,1.05673,1.05685,1.50,1.50
2012.01.25 18:12:27.933,1.0568,1.05688,2.97,1.50
2012.01.25 18:12:28.073,1.0568,1.05691,1.50,1.50
2012.01.25 18:12:28.215,1.05685,1.05693,1.50,1.50
2012.01.25 18:12:28.770,1.05684,1.05697,1.50,1.88
2012.01.25 18:12:29.402,1.05684,1.05696,1.50,1.50
2012.01.25 18:12:30.340,1.05685,1.05699,1.50,2.44
2012.01.25 18:12:30.979,1.05684,1.05696,1.50,1.50
2012.01.25 18:12:31.294,1.05682,1.05695,1.13,1.50
2012.01.25 18:12:31.421,1.05682,1.05695,1.50,1.50
2012.01.25 18:12:31.753,1.05686,1.05698,1.50,2.25
2012.01.25 18:12:32.508,1.05688,1.057,1.50,2.25
2012.01.25 18:12:32.581,1.05685,1.05699,1.50,2.25
2012.01.25 18:12:33.123,1.05683,1.05697,1.50,3.75
2012.01.25 18:12:33.477,1.05683,1.0569,1.13,1.50
2012.01.25 18:12:33.682,1.05683,1.05695,4.13,1.50
2012.01.25 18:12:33.814,1.05686,1.05699,1.50,1.50
2012.01.25 18:12:34.140,1.05685,1.05697,1.50,2.25
2012.01.25 18:12:34.833,1.05696,1.05701,1.50,1.43
2012.01.25 18:12:34.909,1.05696,1.0571,1.50,2.25
2012.01.25 18:12:34.984,1.05694,1.05708,1.50,2.25
2012.01.25 18:12:35.190,1.0569,1.05702,3.75,1.50
2012.01.25 18:12:35.475,1.05691,1.05705,2.25,1.50
2012.01.25 18:12:35.672,1.0569,1.05703,1.50,1.50
2012.01.25 18:12:35.882,1.05689,1.05703,3.00,1.50
2012.01.25 18:12:36.419,1.05689,1.05703,3.00,1.50
2012.01.25 18:12:37.041,1.0569,1.05703,1.50,1.50
2012.01.25 18:12:37.129,1.05689,1.05703,3.00,1.88
2012.01.25 18:12:37.394,1.05683,1.05696,2.82,1.50
2012.01.25 18:12:37.745,1.05694,1.05702,1.50,1.50
2012.01.25 18:12:38.161,1.05686,1.05697,2.07,1.50
2012.01.25 18:12:38.490,1.05687,1.05701,2.25,1.50
2012.01.25 18:12:39.342,1.05691,1.05703,2.89,3.00
2012.01.25 18:12:39.482,1.05694,1.05705,1.69,1.50
2012.01.25 18:12:39.551,1.05694,1.05705,1.69,1.50
2012.01.25 18:12:39.697,1.05693,1.05707,3.19,1.50
2012.01.25 18:12:39.775,1.05697,1.05709,2.25,1.50
2012.01.25 18:12:40.301,1.05695,1.05708,1.35,1.50
2012.01.25 18:12:41.757,1.05705,1.05712,1.69,1.50
2012.01.25 18:12:41.984,1.05704,1.05716,2.48,1.50
2012.01.25 18:12:42.059,1.05706,1.05718,2.44,1.50
2012.01.25 18:12:43.050,1.05705,1.05717,2.44,1.50
2012.01.25 18:12:43.671,1.05707,1.05718,1.13,1.50
2012.01.25 18:12:44.206,1.05707,1.05718,1.13,1.50
2012.01.25 18:12:45.798,1.05712,1.05718,1.50,1.50
2012.01.25 18:12:45.882,1.05712,1.05723,1.50,1.50
2012.01.25 18:12:45.952,1.05714,1.05724,1.50,2.25
2012.01.25 18:12:46.094,1.05715,1.05727,1.50,1.20
2012.01.25 18:12:46.645,1.05714,1.05726,2.25,2.25
2012.01.25 18:12:49.199,1.05714,1.05726,1.69,3.90
2012.01.25 18:12:49.609,1.05716,1.05728,2.25,1.50
2012.01.25 18:12:50.673,1.05714,1.05727,2.07,1.50
2012.01.25 18:12:50.952,1.05714,1.05723,1.88,1.50
2012.01.25 18:12:51.300,1.05722,1.05735,1.13,2.25
2012.01.25 18:12:51.373,1.0572,1.05731,2.52,1.50
2012.01.25 18:12:51.522,1.05725,1.05733,1.50,1.50
2012.01.25 18:12:51.719,1.05722,1.05731,1.50,1.50
2012.01.25 18:12:51.790,1.05721,1.05733,1.50,1.50
2012.01.25 18:12:51.925,1.05718,1.05732,3.75,1.50
2012.01.25 18:12:52.530,1.05718,1.05732,2.62,2.25
2012.01.25 18:12:52.615,1.05721,1.05733,1.50,1.50
2012.01.25 18:12:52.697,1.05719,1.05732,2.63,1.50
2012.01.25 18:12:52.846,1.05716,1.05728,3.38,1.50
2012.01.25 18:12:53.193,1.05715,1.05726,2.63,1.50
2012.01.25 18:12:53.395,1.05716,1.05729,1.13,3.00
2012.01.25 18:12:54.487,1.05716,1.05729,2.63,1.50
2012.01.25 18:12:54.640,1.05717,1.05731,3.38,3.00
2012.01.25 18:12:54.901,1.05719,1.05733,2.25,1.50
2012.01.25 18:12:55.256,1.05722,1.05733,2.25,1.50
2012.01.25 18:12:55.330,1.05722,1.05736,3.75,1.69
2012.01.25 18:12:55.868,1.05722,1.05734,2.25,1.50
2012.01.25 18:12:56.583,1.05722,1.05734,1.50,1.50
2012.01.25 18:12:56.666,1.05725,1.05735,1.88,1.50
2012.01.25 18:12:56.744,1.05726,1.05737,1.88,1.50
2012.01.25 18:12:56.812,1.05727,1.0574,1.88,2.25
2012.01.25 18:12:57.013,1.0573,1.05742,1.50,2.63
2012.01.25 18:12:57.140,1.0573,1.05742,1.50,2.63
2012.01.25 18:12:57.212,1.0573,1.05742,1.50,2.63
2012.01.25 18:12:57.481,1.0573,1.05742,1.50,1.50
2012.01.25 18:12:57.800,1.05725,1.05736,2.07,1.50
2012.01.25 18:12:59.344,1.05727,1.05738,1.13,1.50
2012.01.25 18:12:59.696,1.05729,1.0574,1.50,1.50
2012.01.25 18:12:59.901,1.05727,1.05739,1.88,1.50
2012.01.25 18:13:00.891,1.05727,1.05739,1.50,1.50
2012.01.25 18:13:01.102,1.05731,1.05739,2.52,1.50
2012.01.25 18:13:01.177,1.05731,1.05744,2.52,1.50
2012.01.25 18:13:01.322,1.05731,1.05742,2.52,1.50
2012.01.25 18:13:01.901,1.05734,1.05746,1.50,2.40
2012.01.25 18:13:03.701,1.05736,1.05748,1.50,1.65
2012.01.25 18:13:03.789,1.05741,1.0575,1.35,1.58
2012.01.25 18:13:03.864,1.05743,1.0575,1.50,1.50
2012.01.25 18:13:04.017,1.05743,1.05752,4.50,1.50
2012.01.25 18:13:04.173,1.05744,1.05758,1.50,2.25
2012.01.25 18:13:04.330,1.0574,1.05753,1.50,1.50
2012.01.25 18:13:05.148,1.05739,1.05753,2.25,2.25
2012.01.25 18:13:05.452,1.05744,1.0575,1.88,1.50
2012.01.25 18:13:05.593,1.05745,1.05758,2.25,1.50
2012.01.25 18:13:05.943,1.05747,1.05758,1.13,1.50
2012.01.25 18:13:06.018,1.05749,1.05761,1.13,1.50
2012.01.25 18:13:06.096,1.05751,1.05761,1.13,1.50
2012.01.25 18:13:06.176,1.05749,1.05761,1.50,1.50
2012.01.25 18:13:07.106,1.05748,1.05757,2.63,1.50
2012.01.25 18:13:07.200,1.05751,1.05763,1.13,1.50
2012.01.25 18:13:07.931,1.05749,1.05763,4.13,1.50
2012.01.25 18:13:08.201,1.05749,1.0576,1.13,1.50
2012.01.25 18:13:08.418,1.05752,1.05763,1.50,2.25
2012.01.25 18:13:08.564,1.05753,1.05763,3.00,1.50
2012.01.25 18:13:09.296,1.05758,1.0577,1.50,2.63
2012.01.25 18:13:09.405,1.05768,1.05773,1.13,3.00
2012.01.25 18:13:09.768,1.05766,1.05773,1.50,1.50
2012.01.25 18:13:09.856,1.05767,1.05781,1.50,1.50
2012.01.25 18:13:10.877,1.05766,1.05779,1.32,1.50
2012.01.25 18:13:11.383,1.05765,1.05779,2.25,1.50
2012.01.25 18:13:11.458,1.05764,1.05776,2.25,1.50
2012.01.25 18:13:11.928,1.05765,1.05779,1.50,1.50
2012.01.25 18:13:12.977,1.05772,1.0579,1.88,1.28
2012.01.25 18:13:13.463,1.05777,1.0579,2.25,1.13
2012.01.25 18:13:13.677,1.05775,1.0579,1.50,1.50
2012.01.25 18:13:13.759,1.05775,1.0579,1.50,1.50
2012.01.25 18:13:14.611,1.0577,1.05783,2.25,1.50
2012.01.25 18:13:14.905,1.05764,1.05774,2.25,1.50
2012.01.25 18:13:14.975,1.05762,1.05773,1.50,1.50
2012.01.25 18:13:15.488,1.05764,1.05776,2.25,1.50
2012.01.25 18:13:15.637,1.05765,1.05776,1.05,1.50
2012.01.25 18:13:16.722,1.05763,1.05777,2.25,3.00
2012.01.25 18:13:16.803,1.05763,1.05777,2.25,1.50
2012.01.25 18:13:17.014,1.05765,1.05779,2.25,1.50
2012.01.25 18:13:17.084,1.05768,1.05779,1.50,1.50
2012.01.25 18:13:17.413,1.05772,1.05785,1.50,1.13
2012.01.25 18:13:17.835,1.05769,1.05781,1.50,1.88
2012.01.25 18:13:18.801,1.05772,1.05783,1.35,1.50
2012.01.25 18:13:19.300,1.05772,1.05784,1.50,1.50
2012.01.25 18:13:19.643,1.05773,1.05785,2.25,1.50
2012.01.25 18:13:19.832,1.05773,1.05785,1.50,1.50
2012.01.25 18:13:20.761,1.05773,1.05785,3.00,1.50
2012.01.25 18:13:20.847,1.05774,1.0579,2.25,1.50
2012.01.25 18:13:21.408,1.05773,1.05785,3.00,1.50
2012.01.25 18:13:21.916,1.05773,1.05785,2.25,1.50
2012.01.25 18:13:22.264,1.05771,1.05783,1.50,2.25
2012.01.25 18:13:22.610,1.05777,1.0579,1.50,2.25
2012.01.25 18:13:23.468,1.05774,1.0579,2.25,1.50
2012.01.25 18:13:23.608,1.05775,1.0579,2.25,2.25
2012.01.25 18:13:24.113,1.05775,1.0579,2.63,1.50
2012.01.25 18:13:24.654,1.05776,1.0579,2.25,2.25
2012.01.25 18:13:25.775,1.05776,1.0579,2.25,2.63
2012.01.25 18:13:26.124,1.05783,1.05795,2.44,1.88
2012.01.25 18:13:26.194,1.05783,1.058,2.44,1.50
2012.01.25 18:13:26.336,1.05788,1.058,1.50,1.50
2012.01.25 18:13:26.613,1.05786,1.05798,2.25,1.50
2012.01.25 18:13:27.425,1.05783,1.05797,2.63,1.50
2012.01.25 18:13:28.503,1.05779,1.05791,2.63,1.50
2012.01.25 18:13:28.612,1.05787,1.05799,2.25,1.50
2012.01.25 18:13:29.031,1.05784,1.05798,2.25,1.50
2012.01.25 18:13:29.105,1.05784,1.05798,2.25,2.25
2012.01.25 18:13:29.464,1.05774,1.0579,2.25,1.50
2012.01.25 18:13:29.680,1.05773,1.05781,1.13,1.50
2012.01.25 18:13:30.246,1.05771,1.05781,1.88,1.50
2012.01.25 18:13:30.330,1.05774,1.05785,1.50,1.50
2012.01.25 18:13:30.478,1.05771,1.05783,2.25,1.50
2012.01.25 18:13:30.901,1.05769,1.05782,1.13,1.50
2012.01.25 18:13:31.485,1.0577,1.05782,1.13,1.88
2012.01.25 18:13:32.231,1.05767,1.05779,2.44,1.50
2012.01.25 18:13:33.035,1.05767,1.05779,2.25,1.50
2012.01.25 18:13:34.093,1.05765,1.05777,2.25,1.50
2012.01.25 18:13:34.907,1.05765,1.05777,2.25,1.50
2012.01.25 18:13:35.258,1.05762,1.05776,2.25,2.25
2012.01.25 18:13:35.339,1.05761,1.05773,2.25,1.50
2012.01.25 18:13:35.420,1.05761,1.05772,1.50,1.13
2012.01.25 18:13:35.764,1.05755,1.05767,2.25,1.50
2012.01.25 18:13:35.900,1.05752,1.05764,3.75,1.50
2012.01.25 18:13:38.016,1.0575,1.05762,2.25,1.50
2012.01.25 18:13:38.344,1.05752,1.05764,2.25,1.50
2012.01.25 18:13:39.037,1.05752,1.05764,2.25,1.50
2012.01.25 18:13:39.193,1.05752,1.05766,4.58,2.40
2012.01.25 18:13:39.270,1.05757,1.05767,1.50,2.03
2012.01.25 18:13:39.553,1.05753,1.05764,2.25,1.13
2012.01.25 18:13:39.830,1.05748,1.05762,2.25,1.50
2012.01.25 18:13:39.915,1.05747,1.05759,3.00,1.50
2012.01.25 18:13:40.759,1.05749,1.05761,2.25,3.75
2012.01.25 18:13:40.848,1.05754,1.05766,2.44,2.25
2012.01.25 18:13:41.077,1.05756,1.0577,1.50,4.13
2012.01.25 18:13:41.531,1.05756,1.0577,1.50,3.75
2012.01.25 18:13:42.054,1.05755,1.05767,1.50,1.50
2012.01.25 18:13:42.755,1.05751,1.05763,2.25,1.50
2012.01.25 18:13:43.314,1.05749,1.05761,3.19,1.50
2012.01.25 18:13:43.902,1.05749,1.05761,2.44,1.50
2012.01.25 18:13:44.422,1.05749,1.05761,2.44,1.50
2012.01.25 18:13:45.901,1.0575,1.05764,2.25,1.50
2012.01.25 18:13:46.173,1.05749,1.05761,2.25,1.50
2012.01.25 18:13:46.511,1.05745,1.05759,3.00,1.50
2012.01.25 18:13:48.526,1.05752,1.05765,1.50,2.63
2012.01.25 18:13:48.880,1.05755,1.05764,1.50,1.50
2012.01.25 18:13:49.027,1.05755,1.05769,1.50,3.00
2012.01.25 18:13:49.104,1.05755,1.05769,1.50,3.00
2012.01.25 18:13:49.319,1.05751,1.05763,3.57,1.50
2012.01.25 18:13:49.644,1.05753,1.05766,3.45,1.50
2012.01.25 18:13:49.720,1.05756,1.05768,1.50,2.25
2012.01.25 18:13:50.282,1.05755,1.05769,1.69,2.25
2012.01.25 18:13:51.038,1.05753,1.05765,1.88,1.50
2012.01.25 18:13:51.372,1.05749,1.05763,4.50,1.50
2012.01.25 18:13:51.889,1.0575,1.05763,2.03,1.50
2012.01.25 18:13:51.965,1.05749,1.05763,2.25,1.50
2012.01.25 18:13:52.153,1.05752,1.05764,1.50,2.25
2012.01.25 18:13:52.281,1.05752,1.05764,2.25,1.50
2012.01.25 18:13:52.989,1.05753,1.05767,1.50,2.44
2012.01.25 18:13:54.023,1.05751,1.05765,3.00,1.50
2012.01.25 18:13:54.770,1.05751,1.05765,2.25,2.25
2012.01.25 18:13:55.779,1.05753,1.05767,1.50,2.25
2012.01.25 18:13:55.861,1.05755,1.05769,2.25,2.44
2012.01.25 18:13:56.437,1.05753,1.05765,1.50,1.50
2012.01.25 18:13:56.703,1.05752,1.05765,1.50,1.50
2012.01.25 18:13:57.105,1.05752,1.05762,1.50,1.50
2012.01.25 18:13:57.245,1.0575,1.05762,3.00,1.50
2012.01.25 18:13:57.315,1.0575,1.05762,2.25,2.25
2012.01.25 18:13:57.894,1.0575,1.05759,2.25,1.50
2012.01.25 18:13:58.065,1.05742,1.05754,1.88,1.50
2012.01.25 18:13:58.133,1.05742,1.05754,1.88,1.50
2012.01.25 18:13:58.656,1.05742,1.05756,3.38,3.00
2012.01.25 18:13:59.183,1.05742,1.05756,2.25,3.00
2012.01.25 18:13:59.522,1.05741,1.05753,2.25,2.44
2012.01.25 18:14:00.103,1.05738,1.05751,2.25,2.25
2012.01.25 18:14:00.314,1.05738,1.05751,1.88,1.50
2012.01.25 18:14:00.772,1.05741,1.05754,1.50,1.13
2012.01.25 18:14:01.283,1.05741,1.05755,2.25,1.88
2012.01.25 18:14:01.631,1.05749,1.0576,1.50,2.78
2012.01.25 18:14:02.345,1.05747,1.05759,1.50,2.25
2012.01.25 18:14:04.325,1.05747,1.05759,1.50,3.15
2012.01.25 18:14:04.909,1.05744,1.05756,2.25,1.50
2012.01.25 18:14:05.256,1.05742,1.05755,1.50,1.50
2012.01.25 18:14:05.846,1.05742,1.05755,1.88,1.50
2012.01.25 18:14:06.405,1.05743,1.05757,2.25,2.63
2012.01.25 18:14:06.956,1.05743,1.05757,2.25,1.88
2012.01.25 18:14:07.957,1.05743,1.05757,2.25,2.25
2012.01.25 18:14:08.473,1.05743,1.05755,1.50,1.50
2012.01.25 18:14:09.152,1.05744,1.05756,1.50,2.25
2012.01.25 18:14:10.030,1.05734,1.05747,1.50,1.50
2012.01.25 18:14:10.571,1.05736,1.05748,2.25,2.25
2012.01.25 18:14:11.722,1.05736,1.05748,2.25,1.50
2012.01.25 18:14:12.541,1.05736,1.05748,2.25,1.50
2012.01.25 18:14:12.616,1.05736,1.05748,2.25,1.50
2012.01.25 18:14:13.150,1.05733,1.05747,4.20,1.50
2012.01.25 18:14:13.232,1.05733,1.05747,4.20,1.50
2012.01.25 18:14:13.305,1.05733,1.05747,4.20,1.50
2012.01.25 18:14:13.810,1.05733,1.05747,4.20,1.50
2012.01.25 18:14:15.961,1.05734,1.05747,2.25,2.25
2012.01.25 18:14:16.040,1.05736,1.05748,1.50,1.50
2012.01.25 18:14:16.475,1.05734,1.05746,2.25,1.50
2012.01.25 18:14:16.982,1.05734,1.05746,2.25,1.50
2012.01.25 18:14:17.543,1.05734,1.05746,2.25,1.50
2012.01.25 18:14:18.100,1.05734,1.05746,2.25,1.50
2012.01.25 18:14:18.920,1.05734,1.05746,1.50,2.25
2012.01.25 18:14:19.253,1.05734,1.05742,1.50,1.13
2012.01.25 18:14:19.673,1.05732,1.05737,1.50,1.50
2012.01.25 18:14:19.812,1.05725,1.05737,2.25,1.50
2012.01.25 18:14:20.314,1.05727,1.05739,2.25,1.50
2012.01.25 18:14:20.851,1.05727,1.05739,2.25,1.50
2012.01.25 18:14:21.383,1.05727,1.05739,2.25,2.25
2012.01.25 18:14:21.922,1.05724,1.05738,2.25,1.50
2012.01.25 18:14:22.454,1.05727,1.05739,2.25,1.50
2012.01.25 18:14:26.955,1.05728,1.0574,1.50,1.50
2012.01.25 18:14:27.091,1.0573,1.05742,2.25,2.44
2012.01.25 18:14:27.454,1.05737,1.05745,1.13,1.50
2012.01.25 18:14:28.074,1.05738,1.05748,3.00,2.45
2012.01.25 18:14:28.220,1.05738,1.0575,1.50,3.00
2012.01.25 18:14:28.298,1.05736,1.05748,1.13,1.50
2012.01.25 18:14:28.643,1.05737,1.05749,2.63,1.50
2012.01.25 18:14:30.282,1.05737,1.05749,2.25,1.50
2012.01.25 18:14:30.996,1.05735,1.05747,2.25,1.50
2012.01.25 18:14:36.903,1.05738,1.05747,1.50,1.50
2012.01.25 18:14:37.632,1.05738,1.05747,2.25,1.50
2012.01.25 18:14:37.714,1.05736,1.0575,3.38,1.50
2012.01.25 18:14:37.844,1.05736,1.0575,3.38,1.50
2012.01.25 18:14:38.350,1.05736,1.0575,3.38,1.50
2012.01.25 18:14:38.780,1.05736,1.05748,1.88,1.50
2012.01.25 18:14:39.033,1.05736,1.05748,1.13,2.25
2012.01.25 18:14:39.367,1.05735,1.05745,1.13,1.50
2012.01.25 18:14:40.085,1.05736,1.05745,1.13,1.50
2012.01.25 18:14:40.165,1.05737,1.05751,2.25,1.50
2012.01.25 18:14:41.159,1.0574,1.05752,2.25,1.50
2012.01.25 18:14:41.547,1.05741,1.05752,1.50,1.50
2012.01.25 18:14:42.217,1.05747,1.05759,2.25,1.69
2012.01.25 18:14:43.070,1.05747,1.05759,2.25,1.50
2012.01.25 18:14:44.206,1.05751,1.05759,1.13,1.50
2012.01.25 18:14:44.358,1.05749,1.05762,2.25,1.50
2012.01.25 18:14:44.435,1.05749,1.05762,2.25,1.50
2012.01.25 18:14:44.971,1.05749,1.05763,2.63,1.50
2012.01.25 18:14:45.307,1.05753,1.05763,1.50,1.50
2012.01.25 18:14:46.048,1.05757,1.05771,2.25,2.44
2012.01.25 18:14:46.132,1.05755,1.05767,2.25,1.50
2012.01.25 18:14:46.214,1.05754,1.05765,1.50,1.50
2012.01.25 18:14:46.427,1.0575,1.05763,2.25,1.50
2012.01.25 18:14:46.916,1.05754,1.05766,2.25,1.50
2012.01.25 18:14:47.861,1.05756,1.05768,2.25,1.50
2012.01.25 18:14:48.409,1.05753,1.05767,3.00,1.50
2012.01.25 18:14:48.745,1.05753,1.05767,1.50,2.44
2012.01.25 18:14:49.076,1.0575,1.05764,2.25,1.50
2012.01.25 18:14:49.692,1.05749,1.05761,2.25,1.50
2012.01.25 18:14:49.778,1.05753,1.05765,1.50,1.50
2012.01.25 18:14:50.064,1.05755,1.05765,2.25,1.50
2012.01.25 18:14:50.352,1.05764,1.05775,1.50,1.32
2012.01.25 18:14:50.500,1.05762,1.05771,1.50,1.50
2012.01.25 18:14:50.775,1.05764,1.05776,2.25,3.94
2012.01.25 18:14:50.847,1.05761,1.05775,1.50,2.82
2012.01.25 18:14:51.558,1.05759,1.05773,2.25,1.50
2012.01.25 18:14:51.649,1.05766,1.05777,1.50,1.50
2012.01.25 18:14:51.782,1.05769,1.05781,1.50,2.25
2012.01.25 18:14:51.918,1.0577,1.05781,1.28,1.50
2012.01.25 18:14:52.125,1.05773,1.05785,2.25,1.50
2012.01.25 18:14:52.263,1.05773,1.05785,2.25,1.50
2012.01.25 18:14:52.548,1.05776,1.0579,2.25,2.25
2012.01.25 18:14:53.091,1.05774,1.05788,2.25,1.50
2012.01.25 18:14:53.786,1.05772,1.05784,1.50,4.20
2012.01.25 18:14:53.862,1.05771,1.05781,1.39,1.50
2012.01.25 18:14:53.935,1.05769,1.05781,1.50,1.50
2012.01.25 18:14:54.207,1.05767,1.05777,3.19,1.50
2012.01.25 18:14:54.413,1.05767,1.05779,2.44,3.00
2012.01.25 18:14:54.546,1.05768,1.05782,2.25,2.25
2012.01.25 18:14:54.687,1.0577,1.05782,1.50,1.50
2012.01.25 18:14:54.896,1.05779,1.05787,1.50,1.50
2012.01.25 18:14:55.033,1.05779,1.0579,1.50,1.13
2012.01.25 18:14:55.107,1.05779,1.05791,1.50,1.50
2012.01.25 18:14:55.310,1.05777,1.05791,1.50,2.63
2012.01.25 18:14:55.873,1.05776,1.05788,2.44,2.25
2012.01.25 18:14:55.954,1.05778,1.05792,2.25,3.00
2012.01.25 18:14:56.433,1.05777,1.05789,2.25,1.50
2012.01.25 18:14:56.748,1.05784,1.05793,1.50,2.25
2012.01.25 18:14:57.228,1.05792,1.05803,1.50,1.13
2012.01.25 18:14:58.283,1.05793,1.05802,4.05,1.50
2012.01.25 18:14:58.639,1.05797,1.05808,1.50,1.50
2012.01.25 18:14:59.074,1.05796,1.05808,1.50,2.25
2012.01.25 18:14:59.525,1.05796,1.05808,2.25,1.50
2012.01.25 18:15:00.351,1.05798,1.0581,2.25,1.88
2012.01.25 18:15:00.857,1.058,1.0581,1.13,1.50
2012.01.25 18:15:00.933,1.058,1.05813,1.13,2.25
2012.01.25 18:15:02.244,1.05804,1.05816,2.25,1.50
2012.01.25 18:15:02.385,1.05804,1.05817,1.50,2.25
2012.01.25 18:15:02.718,1.05802,1.05815,3.00,1.50
2012.01.25 18:15:03.130,1.05802,1.05815,1.88,1.50
2012.01.25 18:15:03.279,1.05804,1.05817,1.88,1.50
2012.01.25 18:15:03.512,1.05806,1.05819,1.50,1.50
2012.01.25 18:15:04.091,1.05807,1.0582,2.25,3.00
2012.01.25 18:15:04.393,1.05809,1.05819,2.25,1.50
2012.01.25 18:15:04.756,1.05814,1.0582,3.34,1.50
2012.01.25 18:15:04.902,1.05814,1.0583,3.75,1.50
2012.01.25 18:15:05.054,1.05819,1.05831,1.50,2.25
2012.01.25 18:15:05.686,1.05814,1.05824,1.50,1.50
2012.01.25 18:15:05.854,1.05811,1.05824,1.88,1.50
2012.01.25 18:15:05.935,1.05812,1.05826,2.25,2.25
2012.01.25 18:15:06.011,1.05813,1.05826,1.13,2.25
2012.01.25 18:15:06.362,1.0583,1.05834,1.50,1.77
2012.01.25 18:15:06.454,1.0583,1.05837,1.50,1.32
2012.01.25 18:15:07.066,1.05829,1.05839,2.59,2.07
2012.01.25 18:15:07.161,1.05837,1.0585,1.50,1.50
2012.01.25 18:15:07.734,1.05837,1.05849,2.63,2.25
2012.01.25 18:15:08.653,1.05834,1.05848,4.50,3.75
2012.01.25 18:15:09.484,1.05835,1.05849,3.00,1.50
2012.01.25 18:15:09.597,1.05842,1.05854,1.50,1.13
2012.01.25 18:15:09.714,1.05841,1.05853,4.13,2.25
2012.01.25 18:15:10.412,1.05856,1.05866,1.28,1.35
2012.01.25 18:15:10.492,1.05861,1.05871,2.25,1.13
2012.01.25 18:15:10.608,1.05862,1.05876,1.50,1.88
2012.01.25 18:15:10.695,1.05862,1.05876,1.13,1.50
2012.01.25 18:15:10.772,1.05861,1.05866,4.02,1.88
2012.01.25 18:15:11.002,1.05852,1.0586,2.25,1.50
2012.01.25 18:15:11.846,1.05857,1.05866,1.50,2.36
2012.01.25 18:15:11.994,1.05859,1.05865,1.50,1.50
2012.01.25 18:15:12.103,1.05863,1.05873,2.59,1.13
2012.01.25 18:15:12.195,1.05863,1.05875,2.25,1.50
2012.01.25 18:15:12.275,1.05863,1.05877,3.00,1.13
2012.01.25 18:15:13.113,1.05861,1.05876,2.25,1.92
2012.01.25 18:15:13.402,1.05852,1.05864,3.38,1.73
2012.01.25 18:15:13.604,1.05851,1.05856,1.50,1.50
2012.01.25 18:15:15.117,1.05842,1.05854,1.50,2.89
2012.01.25 18:15:15.404,1.05835,1.05847,2.25,3.00
2012.01.25 18:15:15.510,1.05833,1.05845,2.25,1.50
2012.01.25 18:15:16.787,1.05834,1.05846,1.50,2.25
2012.01.25 18:15:16.876,1.05832,1.05844,1.50,1.50
2012.01.25 18:15:17.651,1.05832,1.05844,2.25,3.00
2012.01.25 18:15:18.423,1.05832,1.05844,2.25,2.25
2012.01.25 18:15:18.708,1.05838,1.05847,1.50,1.88
2012.01.25 18:15:18.790,1.05833,1.05845,1.50,1.50
2012.01.25 18:15:18.873,1.05831,1.05845,3.00,2.25
2012.01.25 18:15:19.228,1.0583,1.05842,2.25,3.00
2012.01.25 18:15:19.926,1.0583,1.05841,1.50,1.88
2012.01.25 18:15:20.001,1.0583,1.05841,1.50,1.13
2012.01.25 18:15:20.221,1.0583,1.05839,1.50,1.13
2012.01.25 18:15:20.506,1.0583,1.05841,1.50,1.88
2012.01.25 18:15:20.726,1.0583,1.05838,1.50,2.33
2012.01.25 18:15:21.539,1.05826,1.05836,2.25,1.50
2012.01.25 18:15:21.646,1.05817,1.05829,1.50,6.45
2012.01.25 18:15:21.733,1.05813,1.05825,2.25,2.25
2012.01.25 18:15:22.090,1.05818,1.05829,1.50,3.45
2012.01.25 18:15:22.174,1.05816,1.05826,1.50,2.25
2012.01.25 18:15:22.323,1.05816,1.05822,1.50,1.13
2012.01.25 18:15:22.402,1.05812,1.05823,1.65,1.50
2012.01.25 18:15:23.487,1.05812,1.05824,1.65,1.13
2012.01.25 18:15:23.579,1.05813,1.05826,1.50,2.25
2012.01.25 18:15:23.664,1.05813,1.05826,1.50,1.50
2012.01.25 18:15:23.743,1.05822,1.05828,1.50,1.13
2012.01.25 18:15:23.966,1.05818,1.05827,3.00,1.88
2012.01.25 18:15:24.104,1.05818,1.05823,1.50,1.50
2012.01.25 18:15:24.319,1.05816,1.05826,1.50,1.13
2012.01.25 18:15:24.401,1.05818,1.05826,1.50,1.13
2012.01.25 18:15:25.090,1.05818,1.05829,1.50,1.50
2012.01.25 18:15:25.278,1.05822,1.05831,1.50,1.13
2012.01.25 18:15:25.357,1.05822,1.05834,1.50,3.38
2012.01.25 18:15:25.753,1.05822,1.05834,1.50,2.25
2012.01.25 18:15:26.077,1.05825,1.05835,1.50,1.50
2012.01.25 18:15:27.244,1.05827,1.05834,1.50,1.50
2012.01.25 18:15:27.471,1.05832,1.05843,1.50,5.22
2012.01.25 18:15:27.620,1.05834,1.05842,1.50,2.25
2012.01.25 18:15:27.771,1.05828,1.05842,2.25,3.00
2012.01.25 18:15:28.917,1.05828,1.0584,4.50,1.13
2012.01.25 18:15:29.227,1.05832,1.05842,1.28,1.50
2012.01.25 18:15:29.401,1.05833,1.05847,2.25,3.19
2012.01.25 18:15:29.491,1.05833,1.05847,2.25,3.19
2012.01.25 18:15:29.655,1.05838,1.05847,1.50,1.50
2012.01.25 18:15:30.986,1.05842,1.05852,1.50,2.25
2012.01.25 18:15:31.065,1.05842,1.05852,1.50,1.50
2012.01.25 18:15:31.285,1.05842,1.05852,1.50,2.25
2012.01.25 18:15:32.792,1.05843,1.05853,1.50,2.44
2012.01.25 18:15:32.981,1.05842,1.05853,1.50,2.07
2012.01.25 18:15:33.174,1.0584,1.05852,1.58,1.50
2012.01.25 18:15:33.484,1.05842,1.05854,1.50,2.44
2012.01.25 18:15:34.247,1.05842,1.05854,1.58,3.19
2012.01.25 18:15:34.533,1.05843,1.05856,3.53,1.50
2012.01.25 18:15:34.638,1.05853,1.05864,1.50,5.70
2012.01.25 18:15:34.810,1.05849,1.05861,2.25,1.88
2012.01.25 18:15:34.886,1.05849,1.05861,1.50,1.88
2012.01.25 18:15:34.962,1.05849,1.05861,2.33,1.88
2012.01.25 18:15:36.215,1.05852,1.05864,1.50,1.69
2012.01.25 18:15:36.330,1.05851,1.05863,1.50,4.88
2012.01.25 18:15:36.629,1.05845,1.05856,1.13,1.50
2012.01.25 18:15:36.712,1.05845,1.05856,1.13,1.50
2012.01.25 18:15:36.926,1.05842,1.05855,2.25,1.50
2012.01.25 18:15:37.606,1.05845,1.05859,2.25,2.25
2012.01.25 18:15:37.706,1.05845,1.05859,2.25,1.50
2012.01.25 18:15:38.008,1.0585,1.05859,2.63,1.50
2012.01.25 18:15:38.360,1.05856,1.05865,1.50,1.50
2012.01.25 18:15:38.486,1.05855,1.05863,1.50,1.95
2012.01.25 18:15:39.195,1.05849,1.05856,1.50,1.50
2012.01.25 18:15:39.478,1.05838,1.0585,3.00,1.43
2012.01.25 18:15:39.838,1.05836,1.05848,1.50,1.43
2012.01.25 18:15:40.572,1.05843,1.05851,1.88,1.43
2012.01.25 18:15:40.670,1.05848,1.05857,7.47,2.55
2012.01.25 18:15:40.756,1.05852,1.05864,2.25,1.13
2012.01.25 18:15:40.913,1.05852,1.05866,3.00,1.43
2012.01.25 18:15:40.989,1.05857,1.05869,2.25,1.43
2012.01.25 18:15:41.336,1.05855,1.05867,3.75,1.43
2012.01.25 18:15:42.115,1.05855,1.05867,2.25,1.43
2012.01.25 18:15:42.204,1.05859,1.05869,1.50,1.43
2012.01.25 18:15:42.286,1.05863,1.05873,1.50,1.43
2012.01.25 18:15:42.362,1.05865,1.05873,1.50,1.43
2012.01.25 18:15:42.450,1.05865,1.05876,1.50,2.25
2012.01.25 18:15:42.529,1.05863,1.05876,1.50,3.68
2012.01.25 18:15:42.682,1.05861,1.05873,1.50,1.43
2012.01.25 18:15:43.536,1.05857,1.05868,1.50,1.43
2012.01.25 18:15:43.625,1.05858,1.05872,2.25,2.25
2012.01.25 18:15:43.705,1.05855,1.05869,2.44,1.50
2012.01.25 18:15:44.377,1.05855,1.05869,2.25,1.50
2012.01.25 18:15:44.447,1.05853,1.05867,4.88,1.50
2012.01.25 18:15:45.326,1.05851,1.05863,3.75,1.50
2012.01.25 18:15:45.623,1.05848,1.05861,2.25,1.50
2012.01.25 18:15:45.697,1.05848,1.0586,1.50,1.13
2012.01.25 18:15:45.991,1.05844,1.05857,1.69,3.00
2012.01.25 18:15:46.777,1.05848,1.05858,1.13,1.50
2012.01.25 18:15:47.009,1.05849,1.05858,1.50,1.50
2012.01.25 18:15:47.092,1.05852,1.05864,1.50,1.50
2012.01.25 18:15:47.507,1.0585,1.05862,1.50,1.50
2012.01.25 18:15:48.395,1.05843,1.05854,3.75,1.50
2012.01.25 18:15:48.698,1.05851,1.05863,2.25,2.25
2012.01.25 18:15:48.846,1.05853,1.05866,1.32,1.50
2012.01.25 18:15:48.992,1.05854,1.05866,1.88,1.50
2012.01.25 18:15:49.349,1.0586,1.05867,1.50,1.50
2012.01.25 18:15:49.999,1.05861,1.05873,2.25,1.50
2012.01.25 18:15:50.357,1.05859,1.05873,2.25,1.50
2012.01.25 18:15:50.560,1.05861,1.05875,1.50,2.63
2012.01.25 18:15:50.710,1.05861,1.05875,2.25,3.00
2012.01.25 18:15:50.995,1.05859,1.05873,1.50,2.25
2012.01.25 18:15:51.757,1.05859,1.05873,2.25,3.00
2012.01.25 18:15:52.111,1.05856,1.05868,2.25,1.50
2012.01.25 18:15:52.398,1.05856,1.05868,1.50,1.50
2012.01.25 18:15:52.477,1.05856,1.05868,2.25,1.50
2012.01.25 18:15:53.346,1.05867,1.05873,1.50,2.25
2012.01.25 18:15:53.445,1.05873,1.05884,2.25,1.88
2012.01.25 18:15:53.535,1.05868,1.05882,2.25,1.50
2012.01.25 18:15:54.091,1.05869,1.05881,2.25,1.50
2012.01.25 18:15:54.169,1.05869,1.05881,1.50,2.25
2012.01.25 18:15:54.446,1.05863,1.05875,2.25,1.50
2012.01.25 18:15:55.151,1.0586,1.05874,2.44,1.50
2012.01.25 18:15:55.239,1.05859,1.05872,1.50,1.50
2012.01.25 18:15:55.385,1.05863,1.05875,1.50,1.50
2012.01.25 18:15:55.529,1.05863,1.05875,2.25,1.50
2012.01.25 18:15:55.677,1.05865,1.05877,2.25,1.50
2012.01.25 18:15:56.162,1.05867,1.05879,2.25,2.25
2012.01.25 18:15:56.886,1.05872,1.05881,1.28,2.25
2012.01.25 18:15:56.967,1.05871,1.05883,2.25,1.50
2012.01.25 18:15:57.133,1.05871,1.05885,2.25,2.25
2012.01.25 18:15:57.344,1.05874,1.05885,1.50,1.50
2012.01.25 18:15:57.628,1.05875,1.05887,1.13,1.50
2012.01.25 18:15:58.469,1.05875,1.05885,1.13,1.50
2012.01.25 18:15:58.699,1.05874,1.05888,2.25,1.50
2012.01.25 18:15:59.186,1.05873,1.05885,2.63,1.50
2012.01.25 18:15:59.527,1.05873,1.05882,1.13,1.50
2012.01.25 18:15:59.598,1.05873,1.05882,1.13,1.50
2012.01.25 18:15:59.678,1.05872,1.0588,1.13,1.50
2012.01.25 18:16:00.363,1.05864,1.05875,1.13,1.50
2012.01.25 18:16:00.524,1.05861,1.05871,2.44,1.50
2012.01.25 18:16:00.736,1.0586,1.05871,1.69,1.50
2012.01.25 18:16:00.949,1.0586,1.05874,3.19,1.50
2012.01.25 18:16:01.097,1.05862,1.05874,1.28,1.50
2012.01.25 18:16:01.167,1.05862,1.05876,2.78,1.50
2012.01.25 18:16:01.316,1.0586,1.05874,2.44,1.50
2012.01.25 18:16:01.458,1.0586,1.05874,2.44,1.50
2012.01.25 18:16:02.103,1.05862,1.05876,2.63,1.50
2012.01.25 18:16:02.201,1.05873,1.05885,2.25,2.25
2012.01.25 18:16:02.557,1.05871,1.05883,3.75,2.25
2012.01.25 18:16:02.911,1.05869,1.05881,2.25,1.13
2012.01.25 18:16:02.990,1.05872,1.05883,3.27,1.88
2012.01.25 18:16:03.631,1.05873,1.05885,3.19,1.88
2012.01.25 18:16:03.727,1.05876,1.05888,2.25,1.50
2012.01.25 18:16:03.813,1.05876,1.05888,2.25,1.50
2012.01.25 18:16:04.239,1.05878,1.0589,2.25,1.50
2012.01.25 18:16:04.530,1.05881,1.05893,1.50,1.88
2012.01.25 18:16:05.298,1.05881,1.05894,1.50,1.88
2012.01.25 18:16:05.391,1.0588,1.05892,1.50,2.25
2012.01.25 18:16:05.605,1.05878,1.0589,3.00,2.25
2012.01.25 18:16:05.806,1.05875,1.05889,2.44,2.25
2012.01.25 18:16:06.002,1.05875,1.05889,2.44,1.50
2012.01.25 18:16:06.325,1.05875,1.05889,2.25,1.50
2012.01.25 18:16:06.657,1.05875,1.05889,2.25,3.75
2012.01.25 18:16:07.378,1.05873,1.05887,2.44,2.25
2012.01.25 18:16:07.470,1.05872,1.05884,2.25,1.50
2012.01.25 18:16:07.972,1.05872,1.05884,2.63,1.69
2012.01.25 18:16:08.524,1.05872,1.05884,2.63,1.69
2012.01.25 18:16:08.596,1.05872,1.05884,2.63,1.69
2012.01.25 18:16:09.220,1.05869,1.05883,2.25,1.69
2012.01.25 18:16:10.422,1.05872,1.05884,3.38,2.25
2012.01.25 18:16:11.016,1.05873,1.05884,1.88,1.50
2012.01.25 18:16:11.184,1.05876,1.0589,1.50,2.63
2012.01.25 18:16:11.395,1.05875,1.05888,1.50,1.50
2012.01.25 18:16:11.745,1.05879,1.05891,1.50,2.25
2012.01.25 18:16:11.815,1.05879,1.05891,2.25,1.50
2012.01.25 18:16:12.029,1.05876,1.0589,3.38,1.50
2012.01.25 18:16:12.109,1.0588,1.05893,1.50,2.14
2012.01.25 18:16:12.761,1.05873,1.05886,1.88,1.50
2012.01.25 18:16:13.108,1.05871,1.05883,1.69,2.25
2012.01.25 18:16:13.662,1.05872,1.05886,1.50,2.25
2012.01.25 18:16:14.152,1.0587,1.05884,1.50,3.75
2012.01.25 18:16:14.229,1.05868,1.05882,1.50,2.25
2012.01.25 18:16:14.803,1.05877,1.05885,1.95,1.50
2012.01.25 18:16:14.887,1.05881,1.05896,1.65,2.25
2012.01.25 18:16:15.156,1.05881,1.05893,2.25,1.50
2012.01.25 18:16:15.604,1.05882,1.05896,1.50,2.25
2012.01.25 18:16:15.812,1.0588,1.05893,3.75,1.50
2012.01.25 18:16:15.960,1.05878,1.05892,2.63,2.25
2012.01.25 18:16:16.317,1.05883,1.05897,1.50,3.00
2012.01.25 18:16:16.970,1.05884,1.05896,3.00,2.25
2012.01.25 18:16:17.055,1.05889,1.05896,2.63,1.50
2012.01.25 18:16:17.127,1.0589,1.05901,3.00,1.50
2012.01.25 18:16:17.526,1.05892,1.05903,1.50,2.25
2012.01.25 18:16:18.092,1.05889,1.059,2.25,1.50
2012.01.25 18:16:18.722,1.05886,1.05894,1.69,1.50
2012.01.25 18:16:18.811,1.05881,1.05894,1.65,3.00
2012.01.25 18:16:18.894,1.05882,1.05892,1.13,1.50
2012.01.25 18:16:19.041,1.05884,1.05896,2.25,1.50
2012.01.25 18:16:19.600,1.05886,1.05898,1.50,3.00
2012.01.25 18:16:20.418,1.05887,1.05899,3.00,3.00
2012.01.25 18:16:20.508,1.05891,1.05903,1.50,3.38
2012.01.25 18:16:20.593,1.05888,1.059,1.50,2.25
2012.01.25 18:16:20.664,1.0589,1.05902,1.50,2.25
2012.01.25 18:16:20.940,1.05892,1.05903,1.50,1.50
2012.01.25 18:16:21.147,1.05893,1.05905,1.50,1.50
2012.01.25 18:16:21.219,1.05891,1.05905,2.25,3.00
2012.01.25 18:16:21.494,1.05891,1.05905,2.25,2.25
2012.01.25 18:16:22.304,1.05893,1.05905,2.25,2.25
2012.01.25 18:16:22.356,1.05902,1.05916,2.63,3.38
2012.01.25 18:16:22.435,1.05902,1.05913,1.50,1.13
2012.01.25 18:16:22.510,1.059,1.05912,1.50,1.50
2012.01.25 18:16:22.662,1.05893,1.05906,1.50,1.50
2012.01.25 18:16:22.999,1.0589,1.05904,2.44,1.50
2012.01.25 18:16:23.352,1.05889,1.05902,1.50,1.50
2012.01.25 18:16:24.053,1.05894,1.05906,2.63,1.50
2012.01.25 18:16:24.135,1.05899,1.05908,2.25,1.50
2012.01.25 18:16:24.416,1.05897,1.05909,2.25,2.18
2012.01.25 18:16:24.835,1.05895,1.05907,1.88,1.43
2012.01.25 18:16:25.594,1.05895,1.05906,1.50,1.43
2012.01.25 18:16:25.685,1.05892,1.05906,2.25,2.18
2012.01.25 18:16:25.824,1.05892,1.05906,2.25,1.43
2012.01.25 18:16:26.106,1.05892,1.05906,2.25,1.43
2012.01.25 18:16:26.316,1.05892,1.05906,2.25,1.43
2012.01.25 18:16:26.657,1.05895,1.05907,2.25,2.85
2012.01.25 18:16:27.424,1.05893,1.05904,2.25,1.43
2012.01.25 18:16:27.653,1.05892,1.05901,2.25,1.43
2012.01.25 18:16:27.735,1.05897,1.05909,2.25,1.95
2012.01.25 18:16:27.816,1.05898,1.05909,1.13,1.95
2012.01.25 18:16:28.104,1.05898,1.05912,1.13,1.77
2012.01.25 18:16:28.838,1.05898,1.05909,1.13,1.43
2012.01.25 18:16:29.008,1.05896,1.05908,1.50,1.43
2012.01.25 18:16:29.633,1.05893,1.05908,2.25,1.62
2012.01.25 18:16:29.712,1.05894,1.05909,2.25,1.13
2012.01.25 18:16:29.927,1.05892,1.05906,1.50,1.50
2012.01.25 18:16:30.555,1.05894,1.05905,1.50,1.50
2012.01.25 18:16:30.854,1.05897,1.05911,2.25,2.25
2012.01.25 18:16:31.126,1.05895,1.05909,2.44,1.50
2012.01.25 18:16:31.266,1.05897,1.05911,2.25,1.50
2012.01.25 18:16:31.414,1.059,1.05908,1.13,1.50
2012.01.25 18:16:31.494,1.059,1.0591,1.13,1.50
2012.01.25 18:16:32.079,1.05901,1.05913,2.25,1.50
2012.01.25 18:16:32.188,1.059,1.05911,2.25,1.50
2012.01.25 18:16:32.690,1.059,1.05911,2.25,1.50
2012.01.25 18:16:33.045,1.05898,1.05909,2.70,1.50
2012.01.25 18:16:33.117,1.059,1.05914,2.44,1.50
2012.01.25 18:16:33.781,1.05902,1.05915,2.25,2.63
2012.01.25 18:16:33.866,1.059,1.05913,2.25,2.89
2012.01.25 18:16:34.148,1.05894,1.05906,2.25,1.50
2012.01.25 18:16:34.614,1.05896,1.05908,2.25,1.50
2012.01.25 18:16:34.685,1.05896,1.0591,2.25,1.50
2012.01.25 18:16:35.019,1.05899,1.05911,2.25,1.50
2012.01.25 18:16:36.035,1.05912,1.05926,3.00,2.25
2012.01.25 18:16:36.180,1.05912,1.05926,1.50,3.00
2012.01.25 18:16:36.254,1.05911,1.05921,1.50,1.50
2012.01.25 18:16:36.607,1.0591,1.05917,1.88,1.50
2012.01.25 18:16:36.958,1.05917,1.05924,1.88,1.50
2012.01.25 18:16:37.625,1.05917,1.05928,1.88,1.50
2012.01.25 18:16:37.737,1.05917,1.05926,1.13,1.50
2012.01.25 18:16:38.032,1.05914,1.05923,1.50,1.50
2012.01.25 18:16:38.379,1.05913,1.05923,1.50,1.50
2012.01.25 18:16:38.600,1.05911,1.05921,1.50,1.50
2012.01.25 18:16:39.242,1.05909,1.05918,1.28,1.50
2012.01.25 18:16:39.334,1.05915,1.05927,2.25,3.00
2012.01.25 18:16:39.674,1.05913,1.05925,3.57,1.50
2012.01.25 18:16:40.016,1.05913,1.05923,1.69,1.50
2012.01.25 18:16:40.158,1.05914,1.05925,1.88,1.50
2012.01.25 18:16:40.241,1.05921,1.05928,1.13,1.50
2012.01.25 18:16:40.389,1.05921,1.05929,1.13,1.50
2012.01.25 18:16:41.015,1.05921,1.05929,1.13,1.50
2012.01.25 18:16:41.097,1.05922,1.05931,1.13,1.50
2012.01.25 18:16:41.173,1.05922,1.05934,4.13,1.50
2012.01.25 18:16:41.248,1.05924,1.05933,1.50,1.50
2012.01.25 18:16:41.595,1.05922,1.05935,3.15,1.50
2012.01.25 18:16:41.797,1.05924,1.05936,1.13,1.50
2012.01.25 18:16:42.815,1.05924,1.05937,1.13,1.50
2012.01.25 18:16:43.634,1.05924,1.05937,1.13,1.50
2012.01.25 18:16:43.776,1.05923,1.05935,1.13,1.50
2012.01.25 18:16:44.904,1.05924,1.05937,1.13,1.50
2012.01.25 18:16:45.475,1.05923,1.05935,1.88,1.50
2012.01.25 18:16:45.817,1.05921,1.05931,2.40,2.25
2012.01.25 18:16:46.032,1.05917,1.05929,1.50,1.50
2012.01.25 18:16:46.112,1.05917,1.05929,1.13,1.50
2012.01.25 18:16:46.186,1.05918,1.05929,1.13,1.50
2012.01.25 18:16:46.883,1.05917,1.05926,1.95,1.50
2012.01.25 18:16:47.321,1.05915,1.05928,3.00,1.50
2012.01.25 18:16:47.475,1.05918,1.05932,2.25,1.88
2012.01.25 18:16:47.545,1.05918,1.05932,1.50,2.25
2012.01.25 18:16:47.897,1.05917,1.05928,1.50,1.50
2012.01.25 18:16:48.580,1.05918,1.05932,2.25,1.50
2012.01.25 18:16:48.743,1.05917,1.05929,2.25,1.50
2012.01.25 18:16:49.097,1.05916,1.05928,1.50,1.50
2012.01.25 18:16:49.304,1.05916,1.05925,1.50,1.50
2012.01.25 18:16:49.799,1.05912,1.0592,2.25,1.50
2012.01.25 18:16:50.381,1.05908,1.05922,1.50,2.25
2012.01.25 18:16:50.534,1.05907,1.05917,1.50,1.50
2012.01.25 18:16:50.608,1.05904,1.05917,1.05,1.50
2012.01.25 18:16:50.833,1.05904,1.05917,1.05,1.50
2012.01.25 18:16:51.260,1.05908,1.05922,2.25,3.50
2012.01.25 18:16:51.339,1.05908,1.05922,2.25,2.18
2012.01.25 18:16:51.938,1.05908,1.05921,2.25,1.80
2012.01.25 18:16:52.394,1.05907,1.0592,1.50,2.25
2012.01.25 18:16:52.482,1.05905,1.05911,1.50,1.50
2012.01.25 18:16:52.648,1.05899,1.05911,3.00,1.50
2012.01.25 18:16:52.728,1.05899,1.05911,2.63,1.50
2012.01.25 18:16:52.805,1.05899,1.05906,1.13,1.50
2012.01.25 18:16:53.592,1.05898,1.05912,3.38,2.25
2012.01.25 18:16:53.995,1.05899,1.05912,1.50,1.50
2012.01.25 18:16:54.328,1.05899,1.0591,1.50,1.50
2012.01.25 18:16:54.555,1.05901,1.0591,1.50,1.50
2012.01.25 18:16:55.256,1.05899,1.05909,1.88,1.50
2012.01.25 18:16:55.360,1.05899,1.05907,1.88,1.50
2012.01.25 18:16:56.426,1.05899,1.05907,1.88,1.50
2012.01.25 18:16:57.169,1.05896,1.05904,1.50,1.50
2012.01.25 18:16:57.336,1.05892,1.05903,3.75,1.50
2012.01.25 18:16:57.445,1.0589,1.05901,1.50,1.50
2012.01.25 18:16:57.525,1.05891,1.05899,1.50,1.50
2012.01.25 18:16:58.085,1.05889,1.05899,1.50,1.50
2012.01.25 18:16:58.751,1.05886,1.05896,1.69,1.50
2012.01.25 18:16:58.916,1.05886,1.05898,2.25,2.25
2012.01.25 18:16:58.999,1.05886,1.05898,2.25,2.25
2012.01.25 18:16:59.089,1.05888,1.059,2.25,1.50
2012.01.25 18:16:59.165,1.05895,1.05902,1.50,2.25
2012.01.25 18:16:59.518,1.05892,1.05906,2.25,2.25
2012.01.25 18:17:00.386,1.05895,1.05909,2.25,2.25
2012.01.25 18:17:00.461,1.05898,1.05909,1.13,2.25
2012.01.25 18:17:00.938,1.05897,1.05909,1.13,2.25
2012.01.25 18:17:01.285,1.05893,1.05904,4.50,1.13
2012.01.25 18:17:01.500,1.05888,1.05899,1.32,2.25
2012.01.25 18:17:02.376,1.05887,1.05899,1.50,2.25
2012.01.25 18:17:02.578,1.05884,1.05898,2.25,2.25
2012.01.25 18:17:02.658,1.05884,1.05898,2.25,2.25
2012.01.25 18:17:04.240,1.05884,1.05898,2.25,2.25
2012.01.25 18:17:04.774,1.05884,1.05898,2.25,2.25
2012.01.25 18:17:04.849,1.05884,1.05898,2.25,2.25
2012.01.25 18:17:04.983,1.05884,1.05898,2.25,2.25
2012.01.25 18:17:05.061,1.05883,1.05895,4.50,1.50
2012.01.25 18:17:05.139,1.05885,1.05897,2.25,2.25
2012.01.25 18:17:06.262,1.05883,1.05896,1.50,1.50
2012.01.25 18:17:06.365,1.05882,1.05893,1.50,1.50
2012.01.25 18:17:06.508,1.05883,1.05895,2.25,1.50
2012.01.25 18:17:07.192,1.05883,1.05893,1.50,1.50
2012.01.25 18:17:08.130,1.0588,1.05892,1.50,1.50
2012.01.25 18:17:08.218,1.05877,1.05887,1.13,1.50
2012.01.25 18:17:08.363,1.05875,1.05887,1.50,2.25
2012.01.25 18:17:08.435,1.05875,1.05887,1.50,2.25
2012.01.25 18:17:08.857,1.05876,1.05887,1.50,1.50
2012.01.25 18:17:08.995,1.05879,1.05889,1.50,1.50
2012.01.25 18:17:09.069,1.05879,1.05891,1.50,2.25
2012.01.25 18:17:09.783,1.05879,1.05891,1.88,2.25
2012.01.25 18:17:10.201,1.05882,1.05893,1.50,1.50
2012.01.25 18:17:10.274,1.05878,1.05892,2.25,2.25
2012.01.25 18:17:10.621,1.0588,1.05892,1.28,2.25
2012.01.25 18:17:10.705,1.0588,1.05892,2.03,1.50
2012.01.25 18:17:11.606,1.05885,1.05893,1.50,1.50
2012.01.25 18:17:11.691,1.05888,1.059,1.50,2.25
2012.01.25 18:17:12.254,1.05887,1.05901,2.25,4.50
2012.01.25 18:17:12.385,1.05885,1.05899,2.25,2.25
2012.01.25 18:17:13.343,1.05884,1.05896,2.25,3.75
2012.01.25 18:17:14.056,1.05883,1.05894,1.50,1.50
2012.01.25 18:17:14.151,1.05879,1.05889,1.50,1.50
2012.01.25 18:17:14.324,1.05879,1.05889,1.13,1.50
2012.01.25 18:17:14.425,1.0588,1.05891,1.13,1.50
2012.01.25 18:17:14.788,1.05883,1.05895,1.13,2.25
2012.01.25 18:17:14.880,1.05885,1.05896,1.50,2.63
2012.01.25 18:17:14.968,1.05886,1.05896,1.50,3.38
2012.01.25 18:17:15.692,1.05889,1.05896,2.89,1.50
2012.01.25 18:17:15.778,1.0589,1.05898,1.50,1.50
2012.01.25 18:17:15.996,1.0589,1.05896,1.43,1.50
2012.01.25 18:17:16.224,1.05884,1.05896,2.25,1.50
2012.01.25 18:17:16.367,1.05884,1.05896,1.50,2.25
2012.01.25 18:17:16.723,1.05887,1.05894,1.50,1.50
2012.01.25 18:17:17.416,1.05887,1.05896,1.50,1.50
2012.01.25 18:17:17.530,1.05893,1.05901,1.50,1.50
2012.01.25 18:17:18.289,1.05893,1.05902,1.50,1.50
2012.01.25 18:17:18.633,1.05892,1.05899,1.50,1.50
2012.01.25 18:17:19.241,1.05889,1.05899,1.50,1.50
2012.01.25 18:17:21.442,1.05887,1.05898,1.50,2.70
2012.01.25 18:17:21.523,1.05886,1.05898,3.00,1.50
2012.01.25 18:17:21.598,1.05887,1.05901,1.50,3.75
2012.01.25 18:17:21.885,1.05885,1.05896,1.50,1.50
2012.01.25 18:17:22.288,1.05887,1.05896,1.50,1.50
2012.01.25 18:17:23.334,1.05887,1.05896,1.50,1.50
2012.01.25 18:17:23.411,1.05885,1.05896,2.82,1.50
2012.01.25 18:17:23.486,1.05889,1.05901,2.25,1.50
2012.01.25 18:17:23.995,1.05887,1.059,1.50,1.50
2012.01.25 18:17:24.062,1.05887,1.059,1.50,1.50
2012.01.25 18:17:24.266,1.05887,1.059,1.50,1.50
2012.01.25 18:17:24.403,1.05887,1.059,1.50,1.50
2012.01.25 18:17:24.607,1.05887,1.05898,1.50,1.50
2012.01.25 18:17:25.424,1.05884,1.05896,2.25,1.50
2012.01.25 18:17:26.146,1.05884,1.05898,3.19,2.25
2012.01.25 18:17:26.489,1.05882,1.05895,1.50,1.13
2012.01.25 18:17:26.835,1.05878,1.05892,3.38,2.25
2012.01.25 18:17:26.979,1.05877,1.0589,1.88,1.50
2012.01.25 18:17:27.126,1.05877,1.05888,1.50,1.50
2012.01.25 18:17:27.867,1.05882,1.05893,2.25,1.13
2012.01.25 18:17:28.525,1.05876,1.0589,3.00,1.50
2012.01.25 18:17:28.856,1.05876,1.05887,1.50,1.50
2012.01.25 18:17:29.968,1.05877,1.05889,1.50,2.93
2012.01.25 18:17:30.651,1.05877,1.05889,1.50,3.68
2012.01.25 18:17:31.182,1.05878,1.05889,1.50,1.05
2012.01.25 18:17:31.692,1.05875,1.05889,2.25,2.55
2012.01.25 18:17:32.493,1.05877,1.05889,1.13,2.25
2012.01.25 18:17:33.201,1.05878,1.05889,2.25,1.13
2012.01.25 18:17:33.504,1.05867,1.05879,1.13,1.50
2012.01.25 18:17:33.983,1.05866,1.05879,1.88,1.50
2012.01.25 18:17:34.250,1.05866,1.05875,1.50,1.50
2012.01.25 18:17:34.538,1.05865,1.05879,2.82,1.65
2012.01.25 18:17:35.177,1.05865,1.05879,2.44,1.80
2012.01.25 18:17:35.563,1.05865,1.05876,1.13,1.50
2012.01.25 18:17:36.214,1.05865,1.05876,1.88,1.50
2012.01.25 18:17:37.209,1.05865,1.05879,3.00,3.75
2012.01.25 18:17:37.299,1.05864,1.05876,4.13,1.69
2012.01.25 18:17:37.726,1.05867,1.05877,1.50,1.50
2012.01.25 18:17:37.799,1.0587,1.05882,1.50,1.65
2012.01.25 18:17:37.877,1.05872,1.05883,1.50,1.28
2012.01.25 18:17:38.064,1.0587,1.05882,1.50,2.40
2012.01.25 18:17:38.213,1.05869,1.05878,1.50,1.50
2012.01.25 18:17:38.426,1.05869,1.05881,3.00,1.50
2012.01.25 18:17:38.999,1.05871,1.05881,1.28,1.50
2012.01.25 18:17:39.078,1.05873,1.05883,1.50,1.28
2012.01.25 18:17:39.584,1.05873,1.05882,1.50,1.50
2012.01.25 18:17:39.786,1.05871,1.05882,1.50,1.50
2012.01.25 18:17:40.069,1.05869,1.0588,1.50,1.50
2012.01.25 18:17:40.290,1.05869,1.0588,1.50,1.50
2012.01.25 18:17:40.938,1.05868,1.0588,2.25,1.50
2012.01.25 18:17:41.172,1.05868,1.05879,2.25,1.05
2012.01.25 18:17:41.728,1.05863,1.05877,3.00,2.25
2012.01.25 18:17:41.866,1.05863,1.05874,1.50,1.50
2012.01.25 18:17:42.324,1.05863,1.05877,3.00,2.25
2012.01.25 18:17:43.158,1.05861,1.05871,1.50,1.50
2012.01.25 18:17:43.226,1.05861,1.05871,1.50,1.50
2012.01.25 18:17:43.366,1.05859,1.05871,3.00,2.44
2012.01.25 18:17:43.505,1.05857,1.05867,1.50,1.50
2012.01.25 18:17:43.636,1.05857,1.05865,1.50,1.50
2012.01.25 18:17:44.162,1.05855,1.05865,1.50,1.50
2012.01.25 18:17:44.610,1.05855,1.05868,3.00,1.65
2012.01.25 18:17:45.363,1.05854,1.05866,3.00,1.50
2012.01.25 18:17:45.442,1.05854,1.05866,2.25,1.50
2012.01.25 18:17:46.198,1.05856,1.05868,1.50,3.00
2012.01.25 18:17:46.757,1.05856,1.05868,2.25,2.25
2012.01.25 18:17:47.109,1.05856,1.05868,2.25,3.00
2012.01.25 18:17:47.260,1.05851,1.05864,3.00,2.14
2012.01.25 18:17:47.843,1.05851,1.05865,4.09,1.50
2012.01.25 18:17:47.932,1.05855,1.05868,1.50,3.30
2012.01.25 18:17:48.465,1.05854,1.05867,3.00,2.25
2012.01.25 18:17:48.534,1.05853,1.05865,2.25,1.50
2012.01.25 18:17:49.088,1.05853,1.05866,1.50,2.25
2012.01.25 18:17:50.146,1.05852,1.05866,2.25,2.63
2012.01.25 18:17:50.306,1.05844,1.05858,2.63,2.25
2012.01.25 18:17:50.727,1.05843,1.05855,1.50,1.50
2012.01.25 18:17:50.882,1.05843,1.05852,1.50,1.50
2012.01.25 18:17:51.765,1.05843,1.05855,3.00,1.50
2012.01.25 18:17:52.389,1.05843,1.05855,3.00,1.50
2012.01.25 18:17:52.531,1.05843,1.05855,3.00,1.50
2012.01.25 18:17:52.886,1.05844,1.05858,3.75,4.50
2012.01.25 18:17:53.099,1.05847,1.05859,2.25,4.95
2012.01.25 18:17:53.732,1.05851,1.05861,1.69,1.13
2012.01.25 18:17:53.897,1.05859,1.0587,2.25,2.25
2012.01.25 18:17:54.535,1.05856,1.0587,3.00,3.75
2012.01.25 18:17:55.545,1.05856,1.0587,3.00,4.50
2012.01.25 18:17:55.844,1.0586,1.05871,1.50,1.65
2012.01.25 18:17:56.212,1.05862,1.05871,1.50,1.50
2012.01.25 18:17:56.292,1.05861,1.05872,1.50,1.50
2012.01.25 18:17:56.511,1.0586,1.05872,3.00,1.69
2012.01.25 18:17:56.585,1.0586,1.0587,3.00,1.95
2012.01.25 18:17:57.267,1.0586,1.0587,2.25,1.95
2012.01.25 18:17:57.353,1.05857,1.0587,2.25,1.95
2012.01.25 18:17:57.644,1.05856,1.05866,1.50,1.50
2012.01.25 18:17:57.718,1.05857,1.05869,1.50,3.00
2012.01.25 18:17:58.265,1.05858,1.0587,3.00,2.25
2012.01.25 18:17:59.091,1.05859,1.05865,1.13,1.95
2012.01.25 18:17:59.183,1.05854,1.05865,2.25,1.95
2012.01.25 18:17:59.259,1.05852,1.05862,1.13,1.50
2012.01.25 18:17:59.406,1.05852,1.05865,1.13,3.45
2012.01.25 18:17:59.977,1.05856,1.05865,1.50,1.50
2012.01.25 18:18:00.320,1.05858,1.05868,2.82,1.50
2012.01.25 18:18:00.998,1.05859,1.05869,1.50,1.95
2012.01.25 18:18:01.147,1.05857,1.05868,1.50,2.25
2012.01.25 18:18:01.217,1.05853,1.05866,1.69,1.50
2012.01.25 18:18:01.428,1.05854,1.05868,2.25,2.25
2012.01.25 18:18:01.780,1.05857,1.05869,1.50,4.20
2012.01.25 18:18:02.634,1.05857,1.05869,2.25,4.20
2012.01.25 18:18:02.926,1.05857,1.05869,3.19,1.50
2012.01.25 18:18:02.994,1.05857,1.05869,2.44,1.50
2012.01.25 18:18:03.138,1.0586,1.05872,1.50,2.25
2012.01.25 18:18:03.480,1.0586,1.05869,1.50,1.95
2012.01.25 18:18:05.035,1.05857,1.05869,1.50,3.45
2012.01.25 18:18:05.508,1.05855,1.05869,2.25,4.20
2012.01.25 18:18:05.834,1.05855,1.05869,2.25,4.20
2012.01.25 18:18:06.515,1.05855,1.05869,1.50,4.20
2012.01.25 18:18:07.171,1.05853,1.05867,3.00,1.88
2012.01.25 18:18:07.263,1.05853,1.05865,1.50,2.33
2012.01.25 18:18:07.615,1.0585,1.05862,1.69,1.88
2012.01.25 18:18:08.108,1.05847,1.05861,1.50,2.25
2012.01.25 18:18:09.015,1.05847,1.0586,1.50,2.70
2012.01.25 18:18:09.217,1.05847,1.05861,1.50,2.25
2012.01.25 18:18:09.414,1.05848,1.05861,1.50,2.25
2012.01.25 18:18:09.967,1.05847,1.05859,1.50,4.20
2012.01.25 18:18:10.323,1.0584,1.05851,1.88,1.50
2012.01.25 18:18:10.470,1.05839,1.0585,1.50,3.08
2012.01.25 18:18:11.058,1.05839,1.05849,1.50,1.50
2012.01.25 18:18:11.148,1.05835,1.05849,2.63,1.50
2012.01.25 18:18:11.372,1.05837,1.05849,1.88,1.50
2012.01.25 18:18:11.734,1.05841,1.0585,1.50,1.50
2012.01.25 18:18:11.814,1.05844,1.05853,1.50,1.50
2012.01.25 18:18:11.891,1.05842,1.05854,2.25,1.95
2012.01.25 18:18:11.976,1.05842,1.05855,1.50,3.00
2012.01.25 18:18:12.050,1.05841,1.05855,2.25,3.00
2012.01.25 18:18:12.669,1.05843,1.05852,1.50,1.13
2012.01.25 18:18:12.762,1.05839,1.0585,1.50,3.83
2012.01.25 18:18:12.844,1.05836,1.05844,1.50,1.50
2012.01.25 18:18:12.921,1.05833,1.05844,1.50,1.50
2012.01.25 18:18:13.204,1.05831,1.05843,1.50,1.50
2012.01.25 18:18:13.413,1.05832,1.05843,1.50,1.50
2012.01.25 18:18:13.962,1.05834,1.05844,1.50,1.50
2012.01.25 18:18:14.762,1.05837,1.05851,3.45,2.63
2012.01.25 18:18:14.931,1.05839,1.0585,1.50,1.50
2012.01.25 18:18:15.010,1.05843,1.0585,1.50,1.50
2012.01.25 18:18:15.230,1.05845,1.05859,2.25,1.50
2012.01.25 18:18:15.370,1.05843,1.05857,3.00,1.50
2012.01.25 18:18:15.660,1.05842,1.05854,2.44,1.50
2012.01.25 18:18:15.747,1.05842,1.05854,3.19,1.50
2012.01.25 18:18:16.397,1.05842,1.05854,2.44,1.50
2012.01.25 18:18:16.914,1.05839,1.05853,4.77,1.50
2012.01.25 18:18:17.125,1.05839,1.05853,4.02,1.50
2012.01.25 18:18:17.196,1.05839,1.05853,4.02,1.50
2012.01.25 18:18:17.463,1.05839,1.05853,2.44,1.50
2012.01.25 18:18:17.536,1.05839,1.05853,3.00,1.50
2012.01.25 18:18:18.534,1.05842,1.05854,2.25,1.50
2012.01.25 18:18:18.859,1.05845,1.05855,1.50,1.50
2012.01.25 18:18:19.163,1.05854,1.05861,1.50,1.50
2012.01.25 18:18:19.312,1.05855,1.05869,2.25,1.50
2012.01.25 18:18:19.934,1.05855,1.05868,2.25,2.25
2012.01.25 18:18:20.113,1.05852,1.05864,1.50,2.25
2012.01.25 18:18:20.482,1.05852,1.05863,1.50,1.50
2012.01.25 18:18:20.851,1.05853,1.05863,1.50,1.50
2012.01.25 18:18:21.484,1.05853,1.05863,1.50,1.50
2012.01.25 18:18:21.774,1.05853,1.05861,1.50,1.50
2012.01.25 18:18:21.845,1.05851,1.05861,1.50,1.50
2012.01.25 18:18:22.045,1.05851,1.05861,1.50,3.00
2012.01.25 18:18:22.385,1.0585,1.05863,1.50,1.50
2012.01.25 18:18:22.464,1.0585,1.05863,1.50,1.50
2012.01.25 18:18:22.543,1.0585,1.05863,1.50,2.63
2012.01.25 18:18:23.261,1.0585,1.05863,1.50,3.38
2012.01.25 18:18:23.342,1.05846,1.05855,1.50,1.50
2012.01.25 18:18:23.874,1.05846,1.05856,1.50,1.50
2012.01.25 18:18:24.442,1.05844,1.05855,2.25,1.50
2012.01.25 18:18:25.254,1.05839,1.0585,2.63,1.50
2012.01.25 18:18:25.594,1.05839,1.05847,1.50,1.50
2012.01.25 18:18:25.663,1.05839,1.05846,1.50,1.50
2012.01.25 18:18:26.306,1.05839,1.0585,1.50,1.50
2012.01.25 18:18:27.361,1.05839,1.0585,1.50,1.50
2012.01.25 18:18:27.574,1.05839,1.0585,1.50,1.50
2012.01.25 18:18:27.965,1.05841,1.05855,2.25,3.00
2012.01.25 18:18:28.716,1.05842,1.05852,1.50,1.50
2012.01.25 18:18:28.793,1.05845,1.05856,1.50,1.50
2012.01.25 18:18:29.996,1.05846,1.05856,1.50,1.50
2012.01.25 18:18:30.545,1.05842,1.05854,2.25,1.50
2012.01.25 18:18:30.891,1.05845,1.05852,1.13,1.50
2012.01.25 18:18:31.775,1.05848,1.05862,1.50,1.50
2012.01.25 18:18:31.870,1.05847,1.0586,1.50,1.50
2012.01.25 18:18:32.066,1.05847,1.05856,1.50,1.50
2012.01.25 18:18:32.594,1.05847,1.05856,1.50,1.50
2012.01.25 18:18:33.141,1.05852,1.05856,1.95,1.50
2012.01.25 18:18:33.290,1.05852,1.05861,2.70,3.00
2012.01.25 18:18:34.025,1.05854,1.05868,2.25,3.75
2012.01.25 18:18:34.105,1.05853,1.05865,2.25,2.25
2012.01.25 18:18:34.444,1.05851,1.05857,1.50,1.50
2012.01.25 18:18:34.513,1.05851,1.05859,1.50,1.50
2012.01.25 18:18:35.311,1.05851,1.05858,1.50,1.50
2012.01.25 18:18:35.453,1.05846,1.05858,1.50,1.50
2012.01.25 18:18:35.740,1.05847,1.05854,1.50,1.50
2012.01.25 18:18:36.435,1.05853,1.05858,2.70,1.50
2012.01.25 18:18:36.518,1.05854,1.05867,2.25,1.50
2012.01.25 18:18:36.593,1.05854,1.05864,1.50,1.50
2012.01.25 18:18:37.068,1.05849,1.05862,3.19,1.88
2012.01.25 18:18:37.146,1.0585,1.05862,1.50,2.07
2012.01.25 18:18:37.415,1.05848,1.05862,2.25,1.69
2012.01.25 18:18:37.483,1.05847,1.05854,2.25,1.50
2012.01.25 18:18:37.624,1.05847,1.05857,2.25,1.50
2012.01.25 18:18:37.766,1.05846,1.05857,1.50,1.50
2012.01.25 18:18:38.049,1.05846,1.05859,1.50,1.50
2012.01.25 18:18:38.125,1.05846,1.05859,1.50,1.50
2012.01.25 18:18:38.813,1.05849,1.05859,1.50,1.50
2012.01.25 18:18:39.405,1.05846,1.05859,1.50,1.50
2012.01.25 18:18:39.476,1.05845,1.05859,2.25,2.25
2012.01.25 18:18:39.616,1.05845,1.05859,1.50,3.00
2012.01.25 18:18:39.686,1.05842,1.05852,1.50,1.50
2012.01.25 18:18:40.040,1.05843,1.0585,1.50,1.50
2012.01.25 18:18:40.120,1.05843,1.05853,1.50,1.50
2012.01.25 18:18:40.196,1.05843,1.05853,1.50,1.50
2012.01.25 18:18:40.271,1.05843,1.05856,1.50,1.50
2012.01.25 18:18:41.083,1.05845,1.05858,1.50,1.50
2012.01.25 18:18:41.170,1.05848,1.0586,2.25,1.50
2012.01.25 18:18:41.379,1.05846,1.05858,3.00,2.25
2012.01.25 18:18:41.515,1.05841,1.05852,2.63,1.50
2012.01.25 18:18:41.861,1.05841,1.0585,1.50,1.50
2012.01.25 18:18:42.374,1.05841,1.05851,1.50,1.50
2012.01.25 18:18:43.940,1.05837,1.05847,1.50,1.50
2012.01.25 18:18:44.461,1.05837,1.05847,1.50,1.50
2012.01.25 18:18:45.092,1.05837,1.0585,1.50,1.50
2012.01.25 18:18:45.616,1.05836,1.0585,4.50,1.50
2012.01.25 18:18:46.172,1.05839,1.05851,1.50,1.50
2012.01.25 18:18:46.304,1.05837,1.05849,2.25,1.50
2012.01.25 18:18:47.040,1.05837,1.05849,2.25,1.50
2012.01.25 18:18:47.476,1.05839,1.05851,1.50,2.25
2012.01.25 18:18:47.934,1.05837,1.05849,2.25,1.50
2012.01.25 18:18:48.305,1.05837,1.05847,1.50,1.50
2012.01.25 18:18:48.966,1.05832,1.05846,3.75,1.50
2012.01.25 18:18:49.467,1.05834,1.05848,2.25,1.50
2012.01.25 18:18:49.677,1.05834,1.05848,1.50,2.25
2012.01.25 18:18:49.745,1.05834,1.05848,1.50,2.63
2012.01.25 18:18:50.072,1.05837,1.05844,1.50,2.25
2012.01.25 18:18:50.605,1.05831,1.05845,3.15,2.25
2012.01.25 18:18:51.365,1.05831,1.05845,2.25,3.75
2012.01.25 18:18:51.583,1.0583,1.05842,2.25,1.50
2012.01.25 18:18:51.657,1.05831,1.05845,2.25,3.75
2012.01.25 18:18:51.727,1.05834,1.05845,2.25,2.25
2012.01.25 18:18:51.939,1.05835,1.05848,1.50,2.25
2012.01.25 18:18:52.024,1.05838,1.0585,1.50,2.25
2012.01.25 18:18:52.361,1.0584,1.05853,2.25,1.50
2012.01.25 18:18:53.164,1.05838,1.05852,2.25,1.50
2012.01.25 18:18:53.484,1.05836,1.05849,1.50,1.50
2012.01.25 18:18:54.012,1.05836,1.05849,2.25,1.88
2012.01.25 18:18:54.364,1.05832,1.05844,2.63,1.50
2012.01.25 18:18:55.151,1.05832,1.05844,2.63,1.50
2012.01.25 18:18:55.240,1.05827,1.05841,2.25,1.50
2012.01.25 18:18:56.145,1.05829,1.05843,2.25,1.50
2012.01.25 18:18:56.909,1.05829,1.05843,3.00,1.50
2012.01.25 18:18:57.262,1.05841,1.05853,1.50,2.44
2012.01.25 18:18:58.689,1.05832,1.05846,2.25,2.25
2012.01.25 18:18:58.835,1.05834,1.05846,2.25,1.50
2012.01.25 18:18:58.974,1.05836,1.05848,2.25,1.50
2012.01.25 18:18:59.628,1.05834,1.05846,3.75,1.50
2012.01.25 18:18:59.974,1.05831,1.05843,2.25,1.50
2012.01.25 18:19:00.103,1.05831,1.05843,2.25,1.50
2012.01.25 18:19:00.175,1.05832,1.05846,2.25,1.50
2012.01.25 18:19:00.855,1.05829,1.05836,1.50,1.50
2012.01.25 18:19:01.125,1.05826,1.05838,2.25,3.00
2012.01.25 18:19:01.458,1.05827,1.0584,2.25,1.50
2012.01.25 18:19:01.976,1.05827,1.05841,2.25,1.88
2012.01.25 18:19:02.043,1.05827,1.05841,2.25,1.88
2012.01.25 18:19:02.114,1.05825,1.05839,3.75,1.50
2012.01.25 18:19:03.013,1.05825,1.05839,2.25,1.50
2012.01.25 18:19:03.516,1.05825,1.05839,2.25,1.50
2012.01.25 18:19:04.147,1.05828,1.0584,2.25,1.50
2012.01.25 18:19:04.827,1.05828,1.0584,1.50,2.25
2012.01.25 18:19:06.767,1.05829,1.0584,2.25,1.50
2012.01.25 18:19:06.836,1.05829,1.05842,3.75,1.50
2012.01.25 18:19:07.123,1.05831,1.05845,1.50,2.25
2012.01.25 18:19:07.196,1.05829,1.05843,2.63,2.25
2012.01.25 18:19:07.403,1.05829,1.05843,1.50,2.25
2012.01.25 18:19:07.946,1.05829,1.05842,1.50,1.20
2012.01.25 18:19:08.454,1.05828,1.0584,1.50,2.25
2012.01.25 18:19:09.307,1.05828,1.0584,3.83,2.25
2012.01.25 18:19:09.643,1.05832,1.05844,1.50,2.34
2012.01.25 18:19:10.241,1.05829,1.05843,1.88,2.34
2012.01.25 18:19:10.844,1.05829,1.05843,1.50,2.34
2012.01.25 18:19:11.178,1.05827,1.05839,3.94,1.50
2012.01.25 18:19:11.712,1.05827,1.05839,1.69,1.50
2012.01.25 18:19:12.383,1.05827,1.05839,2.44,1.50
2012.01.25 18:19:13.396,1.05827,1.05839,2.44,1.50
2012.01.25 18:19:13.733,1.05832,1.05844,1.50,2.34
2012.01.25 18:19:13.862,1.05832,1.05844,1.50,2.25
2012.01.25 18:19:14.275,1.05835,1.05847,1.50,2.25
2012.01.25 18:19:14.803,1.05835,1.05847,1.50,2.25
2012.01.25 18:19:16.160,1.05835,1.05847,1.50,2.25
2012.01.25 18:19:16.883,1.05835,1.05847,1.50,2.25
2012.01.25 18:19:19.085,1.05837,1.05849,1.50,2.25
2012.01.25 18:19:19.185,1.05835,1.05847,3.19,2.25
2012.01.25 18:19:23.133,1.05835,1.05846,1.50,1.54
2012.01.25 18:19:23.247,1.05825,1.05837,2.48,1.50
2012.01.25 18:19:23.563,1.0583,1.05841,1.50,1.50
2012.01.25 18:19:23.826,1.05827,1.05839,1.50,2.25
2012.01.25 18:19:24.372,1.05828,1.05842,1.50,2.63
2012.01.25 18:19:25.394,1.05826,1.0584,3.00,2.44
2012.01.25 18:19:25.482,1.05829,1.05841,1.50,2.25
2012.01.25 18:19:26.117,1.05828,1.05841,1.50,1.50
2012.01.25 18:19:26.685,1.05828,1.05841,1.50,1.50
2012.01.25 18:19:27.637,1.05828,1.05841,1.50,1.50
2012.01.25 18:19:28.175,1.05827,1.05839,1.50,1.50
2012.01.25 18:19:28.563,1.05829,1.05841,1.50,1.50
2012.01.25 18:19:29.106,1.05829,1.05842,1.50,3.00
2012.01.25 18:19:29.913,1.05828,1.05835,1.50,1.50
2012.01.25 18:19:29.996,1.05823,1.05835,1.50,1.50
2012.01.25 18:19:30.062,1.05825,1.05837,1.50,2.25
2012.01.25 18:19:31.095,1.05828,1.0584,1.50,2.44
2012.01.25 18:19:31.297,1.05825,1.05837,1.50,2.25
2012.01.25 18:19:31.578,1.05822,1.05836,1.88,2.25
2012.01.25 18:19:32.264,1.05829,1.0584,1.50,1.50
2012.01.25 18:19:32.583,1.05826,1.05838,1.50,2.25
2012.01.25 18:19:32.651,1.05828,1.0584,1.50,1.50
2012.01.25 18:19:32.904,1.05826,1.05837,1.50,2.25
2012.01.25 18:19:33.050,1.05823,1.05837,2.44,1.50
2012.01.25 18:19:33.130,1.05823,1.05835,2.25,2.14
2012.01.25 18:19:33.463,1.05823,1.05833,1.50,1.13
2012.01.25 18:19:33.605,1.05815,1.05827,1.50,1.50
2012.01.25 18:19:33.737,1.05813,1.05827,2.82,1.50
2012.01.25 18:19:34.288,1.05813,1.05827,1.50,2.25
2012.01.25 18:19:34.627,1.05815,1.05828,1.50,1.50
2012.01.25 18:19:35.154,1.05815,1.05829,1.50,3.00
2012.01.25 18:19:35.438,1.05813,1.05827,1.50,2.25
2012.01.25 18:19:35.634,1.05813,1.05827,1.50,2.25
2012.01.25 18:19:35.768,1.05813,1.05826,1.50,2.25
2012.01.25 18:19:35.845,1.05812,1.05823,1.50,1.13
2012.01.25 18:19:36.517,1.05813,1.05822,1.50,1.13
2012.01.25 18:19:36.673,1.05818,1.0583,1.50,3.00
2012.01.25 18:19:36.815,1.05821,1.05831,1.50,1.13
2012.01.25 18:19:37.283,1.05819,1.05831,1.50,2.63
2012.01.25 18:19:37.496,1.05817,1.05829,1.50,2.25
2012.01.25 18:19:37.634,1.0582,1.05832,1.50,2.44
2012.01.25 18:19:38.720,1.05822,1.05836,2.25,1.50
2012.01.25 18:19:38.992,1.05827,1.05837,1.50,1.13
2012.01.25 18:19:39.196,1.05824,1.05837,1.50,1.13
2012.01.25 18:19:39.270,1.05824,1.05837,1.50,1.13
2012.01.25 18:19:39.838,1.05826,1.0584,1.50,2.25
2012.01.25 18:19:40.451,1.05826,1.0584,1.50,3.75
2012.01.25 18:19:40.533,1.05826,1.0584,2.63,2.25
2012.01.25 18:19:40.844,1.05828,1.0584,1.13,2.25
2012.01.25 18:19:41.362,1.05828,1.0584,1.13,2.25
2012.01.25 18:19:41.717,1.05832,1.05843,1.50,1.50
2012.01.25 18:19:42.785,1.05832,1.05844,1.50,2.44
2012.01.25 18:19:42.867,1.05827,1.05839,1.50,1.50
2012.01.25 18:19:42.936,1.05825,1.05837,4.13,1.50
2012.01.25 18:19:43.470,1.05825,1.05837,1.50,2.25
2012.01.25 18:19:43.866,1.05825,1.05837,2.25,2.25
2012.01.25 18:19:44.146,1.05832,1.05841,2.14,2.25
2012.01.25 18:19:44.947,1.05833,1.05843,1.50,2.25
2012.01.25 18:19:45.030,1.05824,1.05836,2.25,1.50
2012.01.25 18:19:45.364,1.05824,1.05836,2.25,1.50
2012.01.25 18:19:45.434,1.05827,1.05841,1.50,3.75
2012.01.25 18:19:45.953,1.0583,1.05843,1.50,2.25
2012.01.25 18:19:46.292,1.0583,1.05844,1.50,2.25
2012.01.25 18:19:46.635,1.05829,1.05839,1.50,1.50
2012.01.25 18:19:47.332,1.05829,1.05835,1.50,2.25
2012.01.25 18:19:47.416,1.05823,1.05833,1.50,3.00
2012.01.25 18:19:47.485,1.05819,1.05833,3.15,3.00
2012.01.25 18:19:47.558,1.05819,1.0583,1.28,1.50
2012.01.25 18:19:47.709,1.05818,1.0583,2.25,1.50
2012.01.25 18:19:48.253,1.05819,1.05831,1.50,2.25
2012.01.25 18:19:48.700,1.0582,1.05831,1.13,1.50
2012.01.25 18:19:48.917,1.05823,1.05835,1.50,3.00
2012.01.25 18:19:49.580,1.05828,1.05835,3.08,3.00
2012.01.25 18:19:49.666,1.05833,1.05845,1.50,2.25
2012.01.25 18:19:49.737,1.05836,1.05846,1.50,1.50
2012.01.25 18:19:50.277,1.05835,1.05846,1.50,1.50
2012.01.25 18:19:54.203,1.05837,1.05846,1.50,1.50
2012.01.25 18:19:54.947,1.05831,1.05843,4.47,1.50
2012.01.25 18:19:55.228,1.05833,1.05845,2.25,1.50
2012.01.25 18:19:55.374,1.05836,1.05847,1.50,2.25
2012.01.25 18:19:55.704,1.05833,1.05847,1.50,2.25
2012.01.25 18:19:55.773,1.05841,1.05847,1.44,2.25
2012.01.25 18:19:56.110,1.05861,1.05872,1.50,1.58
2012.01.25 18:19:56.187,1.05863,1.05874,1.69,1.50
2012.01.25 18:19:56.260,1.05863,1.05876,2.44,1.50
2012.01.25 18:19:56.854,1.05862,1.05876,2.44,2.25
2012.01.25 18:19:56.940,1.05861,1.05871,2.40,1.50
2012.01.25 18:19:57.474,1.05861,1.05871,1.50,1.50
2012.01.25 18:19:57.808,1.05861,1.05874,1.50,1.50
2012.01.25 18:19:58.487,1.0586,1.05874,3.15,2.25
2012.01.25 18:19:59.212,1.0586,1.05871,2.97,1.50
2012.01.25 18:19:59.365,1.05851,1.05864,1.50,1.50
2012.01.25 18:19:59.433,1.05851,1.05864,1.50,1.50
2012.01.25 18:20:00.178,1.05853,1.05865,1.50,1.50
2012.01.25 18:20:00.868,1.05853,1.05865,1.50,2.25
2012.01.25 18:20:01.605,1.05853,1.05865,2.25,1.50
2012.01.25 18:20:02.160,1.05853,1.05865,1.50,1.50
2012.01.25 18:20:02.516,1.05851,1.05863,2.25,2.25
2012.01.25 18:20:02.659,1.05849,1.05862,1.50,1.50
2012.01.25 18:20:02.875,1.0585,1.05862,1.50,2.25
2012.01.25 18:20:03.227,1.05849,1.05862,1.50,2.25
2012.01.25 18:20:03.803,1.05848,1.05862,4.20,2.25
2012.01.25 18:20:04.175,1.05848,1.05862,2.63,2.25
2012.01.25 18:20:04.389,1.05849,1.05862,2.63,2.25
2012.01.25 18:20:05.727,1.05851,1.05863,3.75,1.50
2012.01.25 18:20:06.416,1.05853,1.05863,1.50,1.50
2012.01.25 18:20:06.486,1.05853,1.05865,3.00,1.50
2012.01.25 18:20:06.623,1.05854,1.05865,1.50,1.50
2012.01.25 18:20:07.467,1.05854,1.05865,1.50,1.50
2012.01.25 18:20:08.306,1.05854,1.05865,1.50,1.50
2012.01.25 18:20:09.446,1.05857,1.05869,1.50,3.75
2012.01.25 18:20:09.748,1.05859,1.05869,1.13,1.50
2012.01.25 18:20:09.912,1.05859,1.05873,2.63,3.38
2012.01.25 18:20:10.413,1.05859,1.05873,2.25,3.38
2012.01.25 18:20:13.315,1.05859,1.05873,1.50,4.13
2012.01.25 18:20:13.388,1.05855,1.05869,1.50,2.25
2012.01.25 18:20:13.774,1.05855,1.05868,1.50,1.50
2012.01.25 18:20:14.107,1.05852,1.05863,1.50,1.88
2012.01.25 18:20:14.516,1.05853,1.05865,2.44,3.00
2012.01.25 18:20:14.658,1.05855,1.05867,1.50,1.50
2012.01.25 18:20:15.512,1.05855,1.05867,1.50,3.00
2012.01.25 18:20:15.596,1.05852,1.05866,2.25,3.00
2012.01.25 18:20:15.805,1.05851,1.05863,3.72,1.50
2012.01.25 18:20:15.873,1.05851,1.05862,2.22,1.50
2012.01.25 18:20:16.197,1.0585,1.05859,2.03,1.50
2012.01.25 18:20:16.524,1.0585,1.05862,2.03,3.00
2012.01.25 18:20:16.786,1.05851,1.05864,2.22,1.88
2012.01.25 18:20:17.307,1.0585,1.05863,2.25,1.13
2012.01.25 18:20:17.442,1.0585,1.05863,1.50,1.88
2012.01.25 18:20:17.583,1.05846,1.0586,2.63,1.50
2012.01.25 18:20:18.279,1.05849,1.05861,1.50,2.25
2012.01.25 18:20:18.646,1.05845,1.05857,2.44,1.50
2012.01.25 18:20:19.166,1.05845,1.05857,1.50,2.25
2012.01.25 18:20:19.486,1.05843,1.05853,3.08,1.50
2012.01.25 18:20:19.676,1.05843,1.05856,3.08,2.25
2012.01.25 18:20:19.746,1.05845,1.05856,1.50,2.25
2012.01.25 18:20:20.571,1.05846,1.0586,2.25,3.00
2012.01.25 18:20:20.784,1.0585,1.05862,1.50,2.25
2012.01.25 18:20:21.364,1.05847,1.05861,1.50,2.25
2012.01.25 18:20:21.959,1.05847,1.05861,1.88,2.25
2012.01.25 18:20:22.177,1.0585,1.05862,1.50,2.25
2012.01.25 18:20:23.200,1.0585,1.05862,1.88,2.25
2012.01.25 18:20:23.278,1.05847,1.05861,3.00,2.25
2012.01.25 18:20:23.845,1.0585,1.05862,1.50,2.93
2012.01.25 18:20:24.285,1.05848,1.0586,1.50,2.25
2012.01.25 18:20:24.625,1.0585,1.05861,1.50,1.43
2012.01.25 18:20:25.404,1.05848,1.05861,1.50,3.68
2012.01.25 18:20:25.502,1.05847,1.05859,1.50,2.25
2012.01.25 18:20:25.844,1.05845,1.05857,2.25,1.50
2012.01.25 18:20:25.914,1.05843,1.05855,3.75,1.50
2012.01.25 18:20:26.421,1.05843,1.05855,2.63,1.50
2012.01.25 18:20:26.491,1.05845,1.05857,1.50,3.00
2012.01.25 18:20:26.683,1.05842,1.05856,1.88,2.25
2012.01.25 18:20:26.824,1.05842,1.05853,1.13,1.50
2012.01.25 18:20:27.153,1.05841,1.05849,1.28,1.50
2012.01.25 18:20:27.283,1.05841,1.05851,2.03,1.50
2012.01.25 18:20:27.666,1.05841,1.05855,2.78,1.50
2012.01.25 18:20:28.442,1.05846,1.05855,1.50,1.50
2012.01.25 18:20:29.005,1.05842,1.05854,1.50,1.50
2012.01.25 18:20:29.286,1.05839,1.05851,2.25,1.50
2012.01.25 18:20:29.624,1.05839,1.05849,2.25,1.50
2012.01.25 18:20:30.093,1.05834,1.05848,3.83,1.50
2012.01.25 18:20:30.238,1.05834,1.05845,1.58,1.50
2012.01.25 18:20:31.095,1.05834,1.05845,1.58,1.50
2012.01.25 18:20:31.163,1.05834,1.05848,3.08,1.50
2012.01.25 18:20:31.754,1.05836,1.05848,2.25,1.50
2012.01.25 18:20:31.826,1.05837,1.05851,2.25,1.50
2012.01.25 18:20:32.354,1.05837,1.05851,2.25,1.50
2012.01.25 18:20:32.716,1.0584,1.05852,1.50,1.50
2012.01.25 18:20:32.927,1.05838,1.05851,1.50,1.50
2012.01.25 18:20:33.064,1.0584,1.05852,2.25,1.50
2012.01.25 18:20:33.863,1.05843,1.05857,3.38,3.00
2012.01.25 18:20:34.336,1.05843,1.05853,1.50,1.50
2012.01.25 18:20:34.475,1.05843,1.05857,3.00,3.00
2012.01.25 18:20:34.543,1.05843,1.05857,3.00,2.25
2012.01.25 18:20:35.342,1.05843,1.05855,1.50,1.50
2012.01.25 18:20:36.111,1.05844,1.05856,1.50,1.50
2012.01.25 18:20:36.636,1.05841,1.05852,1.50,1.50
2012.01.25 18:20:37.023,1.05843,1.05854,2.25,1.50
2012.01.25 18:20:37.554,1.05843,1.05855,2.25,1.50
2012.01.25 18:20:37.806,1.05844,1.05858,2.25,2.55
2012.01.25 18:20:39.445,1.05844,1.05858,2.63,1.50
2012.01.25 18:20:39.557,1.05854,1.05866,2.25,1.50
2012.01.25 18:20:40.225,1.05854,1.05866,2.25,1.50
2012.01.25 18:20:41.283,1.05854,1.05866,2.25,1.50
2012.01.25 18:20:41.367,1.05852,1.05864,2.82,1.50
2012.01.25 18:20:41.831,1.05853,1.05867,2.25,3.00
2012.01.25 18:20:43.800,1.05867,1.05872,1.88,1.81
2012.01.25 18:20:43.880,1.05873,1.05881,2.25,4.50
2012.01.25 18:20:43.956,1.05874,1.05887,1.13,3.00
2012.01.25 18:20:44.024,1.05874,1.05887,1.13,2.25
2012.01.25 18:20:44.307,1.05875,1.05889,2.25,1.80
2012.01.25 18:20:44.853,1.05875,1.05889,2.25,1.50
2012.01.25 18:20:45.601,1.05874,1.05883,1.13,1.50
2012.01.25 18:20:45.704,1.05876,1.05888,2.25,1.50
2012.01.25 18:20:46.171,1.05874,1.05886,2.25,1.50
2012.01.25 18:20:46.702,1.05874,1.05886,2.25,1.65
2012.01.25 18:20:47.037,1.05875,1.05889,2.25,3.15
2012.01.25 18:20:48.004,1.05875,1.05889,2.25,2.40
2012.01.25 18:20:48.086,1.05869,1.05883,2.25,2.33
2012.01.25 18:20:48.601,1.05869,1.05881,2.25,2.33
2012.01.25 18:20:48.675,1.05867,1.05879,1.50,2.25
2012.01.25 18:20:48.748,1.05867,1.05878,1.50,2.14
2012.01.25 18:20:49.107,1.05863,1.05872,1.50,2.44
2012.01.25 18:20:49.812,1.0586,1.05869,1.50,1.62
2012.01.25 18:20:49.912,1.05857,1.05868,1.95,1.50
2012.01.25 18:20:49.995,1.05858,1.0587,1.50,2.25
2012.01.25 18:20:50.067,1.0586,1.05874,1.50,3.83
2012.01.25 18:20:50.274,1.05862,1.05876,1.50,3.38
2012.01.25 18:20:50.618,1.05861,1.05873,2.25,1.50
2012.01.25 18:20:51.585,1.05858,1.05868,1.88,1.50
2012.01.25 18:20:51.678,1.05853,1.05867,2.25,3.00
2012.01.25 18:20:51.818,1.05853,1.05864,1.50,2.82
2012.01.25 18:20:51.899,1.05851,1.05864,2.25,2.44
2012.01.25 18:20:52.053,1.05849,1.05861,1.50,2.25
2012.01.25 18:20:52.594,1.05845,1.05857,2.25,1.50
2012.01.25 18:20:52.806,1.05847,1.05859,1.50,1.50
2012.01.25 18:20:53.382,1.05845,1.05857,2.25,1.50
2012.01.25 18:20:53.678,1.05845,1.0585,1.50,1.13
2012.01.25 18:20:53.817,1.05838,1.05849,1.50,1.13
2012.01.25 18:20:54.314,1.05831,1.05843,1.13,1.50
2012.01.25 18:20:55.013,1.05833,1.05844,2.25,1.50
2012.01.25 18:20:55.093,1.05833,1.05847,2.25,1.50
2012.01.25 18:20:55.889,1.05835,1.05848,2.25,1.50
2012.01.25 18:20:56.035,1.05835,1.05849,2.25,1.50
2012.01.25 18:20:57.106,1.05838,1.05846,1.95,1.50
2012.01.25 18:20:57.198,1.05838,1.05852,1.50,2.93
2012.01.25 18:20:57.276,1.05835,1.05848,1.50,1.50
2012.01.25 18:20:57.476,1.05835,1.05848,1.50,1.50
2012.01.25 18:20:59.614,1.05834,1.05848,3.00,1.50
2012.01.25 18:21:01.275,1.05838,1.05852,4.20,1.50
2012.01.25 18:21:01.823,1.05843,1.05852,1.95,1.50
2012.01.25 18:21:01.965,1.05843,1.05856,2.14,1.50
2012.01.25 18:21:02.275,1.05843,1.05856,2.89,1.50
2012.01.25 18:21:02.479,1.05844,1.05858,2.25,1.50
2012.01.25 18:21:03.627,1.05844,1.05858,2.25,2.63
2012.01.25 18:21:04.340,1.05844,1.05858,1.50,2.70
2012.01.25 18:21:04.508,1.05844,1.05858,2.25,2.25
2012.01.25 18:21:04.572,1.05844,1.05858,2.25,4.39
2012.01.25 18:21:05.105,1.05844,1.05855,1.50,1.32
2012.01.25 18:21:06.022,1.05844,1.05856,1.50,3.64
2012.01.25 18:21:06.920,1.05844,1.05855,2.25,1.13
2012.01.25 18:21:06.997,1.05844,1.05858,2.25,1.88
2012.01.25 18:21:07.203,1.05846,1.0586,3.00,1.50
2012.01.25 18:21:07.616,1.05847,1.0586,1.50,1.50
2012.01.25 18:21:08.066,1.05847,1.05859,2.25,1.50
2012.01.25 18:21:08.398,1.05848,1.05862,2.25,3.75
2012.01.25 18:21:09.397,1.05849,1.05861,1.50,3.00
2012.01.25 18:21:09.469,1.05846,1.05859,2.63,1.50
2012.01.25 18:21:11.303,1.05845,1.05859,3.00,1.50
2012.01.25 18:21:12.258,1.05845,1.05859,3.00,1.50
2012.01.25 18:21:12.598,1.05845,1.05858,3.00,1.32
2012.01.25 18:21:13.263,1.05845,1.05858,1.50,1.32
2012.01.25 18:21:14.427,1.05845,1.05858,1.50,1.32
2012.01.25 18:21:14.786,1.05845,1.05859,2.25,1.50
2012.01.25 18:21:14.974,1.05847,1.05861,2.25,2.25
2012.01.25 18:21:15.534,1.05846,1.05858,2.63,1.50
2012.01.25 18:21:15.915,1.05848,1.05862,1.50,1.50
2012.01.25 18:21:16.133,1.05853,1.05861,2.70,1.50
2012.01.25 18:21:16.759,1.05852,1.05864,4.50,1.50
2012.01.25 18:21:16.849,1.0585,1.05862,1.50,1.50
2012.01.25 18:21:20.075,1.0585,1.05862,2.25,1.50
2012.01.25 18:21:20.214,1.05848,1.0586,2.25,1.50
2012.01.25 18:21:20.525,1.0585,1.05862,2.25,1.50
2012.01.25 18:21:22.092,1.05848,1.0586,3.75,1.50
2012.01.25 18:21:22.544,1.05849,1.05862,2.25,1.50
2012.01.25 18:21:23.075,1.05849,1.05863,2.25,2.63
2012.01.25 18:21:25.101,1.05848,1.0586,3.75,1.50
2012.01.25 18:21:26.294,1.05848,1.0586,2.25,1.50
2012.01.25 18:21:26.363,1.05847,1.05858,1.13,1.50
2012.01.25 18:21:27.043,1.05848,1.0586,1.50,1.50
2012.01.25 18:21:27.592,1.05845,1.05859,2.44,1.50
2012.01.25 18:21:27.937,1.05845,1.05858,1.50,1.13
2012.01.25 18:21:28.611,1.05845,1.05857,1.50,1.13
2012.01.25 18:21:28.897,1.05838,1.05849,1.50,1.50
2012.01.25 18:21:28.964,1.05839,1.05851,2.25,1.50
2012.01.25 18:21:29.764,1.05839,1.05851,1.50,1.50
2012.01.25 18:21:31.733,1.05839,1.05853,3.00,1.50
2012.01.25 18:21:31.880,1.05847,1.05856,1.50,1.13
2012.01.25 18:21:31.953,1.05847,1.05859,1.50,3.00
2012.01.25 18:21:32.085,1.05849,1.0586,1.50,1.13
2012.01.25 18:21:32.333,1.05847,1.05859,1.50,2.25
2012.01.25 18:21:32.467,1.05844,1.05858,2.25,2.25
2012.01.25 18:21:33.646,1.05844,1.05855,2.25,1.50
2012.01.25 18:21:33.974,1.05843,1.05853,1.50,1.50
2012.01.25 18:21:34.364,1.05842,1.05856,2.25,1.50
2012.01.25 18:21:34.980,1.05842,1.05856,2.25,2.25
2012.01.25 18:21:35.056,1.05842,1.05856,2.25,1.50
2012.01.25 18:21:35.713,1.05841,1.05853,3.75,1.50
2012.01.25 18:21:36.036,1.0584,1.05851,1.88,1.50
2012.01.25 18:21:36.163,1.0584,1.05851,1.88,1.50
2012.01.25 18:21:39.114,1.05839,1.05851,2.25,1.50
2012.01.25 18:21:40.077,1.05839,1.05851,2.25,1.50
2012.01.25 18:21:41.397,1.05839,1.05849,1.50,1.50
2012.01.25 18:21:42.218,1.0583,1.05838,1.50,1.13
2012.01.25 18:21:42.448,1.05833,1.05843,1.50,1.54
2012.01.25 18:21:42.589,1.05833,1.05842,1.50,1.13
2012.01.25 18:21:42.994,1.05827,1.0584,1.50,1.88
2012.01.25 18:21:43.973,1.05828,1.05842,2.25,3.38
2012.01.25 18:21:44.053,1.05831,1.05843,1.50,2.25
2012.01.25 18:21:46.624,1.05831,1.05843,1.50,2.25
2012.01.25 18:21:47.121,1.05831,1.05843,1.50,2.25
2012.01.25 18:21:47.526,1.05833,1.05843,2.70,1.50
2012.01.25 18:21:47.596,1.05833,1.05843,2.70,1.50
2012.01.25 18:21:47.726,1.05832,1.05843,2.25,2.25
2012.01.25 18:21:47.805,1.05832,1.05843,2.25,1.50
2012.01.25 18:21:47.946,1.05833,1.05846,1.50,6.94
2012.01.25 18:21:48.544,1.0583,1.05843,1.50,2.25
2012.01.25 18:21:48.626,1.05827,1.05841,2.25,2.25
2012.01.25 18:21:48.943,1.05827,1.05841,1.50,2.25
2012.01.25 18:21:49.456,1.05828,1.0584,1.50,2.25
2012.01.25 18:21:50.077,1.05828,1.0584,1.50,3.23
2012.01.25 18:21:50.735,1.05828,1.0584,1.50,2.48
2012.01.25 18:21:51.255,1.05828,1.0584,1.50,3.23
2012.01.25 18:21:51.712,1.05824,1.05838,3.83,1.50
2012.01.25 18:21:51.917,1.05828,1.0584,1.50,1.50
2012.01.25 18:21:51.991,1.05833,1.05841,2.70,2.48
2012.01.25 18:21:52.970,1.05833,1.05845,3.45,1.73
2012.01.25 18:21:53.083,1.05832,1.0584,1.88,1.50
2012.01.25 18:21:53.160,1.05833,1.05845,2.25,1.50
2012.01.25 18:21:53.244,1.05833,1.05841,1.50,1.50
2012.01.25 18:21:53.519,1.05837,1.05849,1.50,1.50
2012.01.25 18:21:53.876,1.05834,1.05848,2.25,1.50
2012.01.25 18:21:54.322,1.05833,1.05846,1.88,1.50
2012.01.25 18:21:55.254,1.05844,1.05852,2.25,2.25
2012.01.25 18:21:55.468,1.05855,1.05864,1.13,1.50
2012.01.25 18:21:55.579,1.05855,1.05867,1.50,2.25
2012.01.25 18:21:55.861,1.05854,1.05868,2.25,1.50
2012.01.25 18:21:55.936,1.05853,1.05865,3.38,1.50
2012.01.25 18:21:56.715,1.05851,1.05863,2.25,1.50
2012.01.25 18:21:57.001,1.05849,1.05861,2.63,1.50
2012.01.25 18:21:57.530,1.05849,1.05861,1.50,2.25
2012.01.25 18:21:58.356,1.05848,1.0586,1.50,1.50
2012.01.25 18:21:58.866,1.05851,1.0586,2.25,1.50
2012.01.25 18:21:59.208,1.05854,1.05865,2.25,1.50
2012.01.25 18:21:59.284,1.0586,1.05872,1.50,2.82
2012.01.25 18:21:59.502,1.05857,1.05871,1.50,1.50
2012.01.25 18:21:59.775,1.05856,1.05868,1.50,1.50
2012.01.25 18:22:01.236,1.05854,1.05868,3.94,1.50
2012.01.25 18:22:01.959,1.05854,1.05868,2.44,2.25
2012.01.25 18:22:02.753,1.05854,1.05862,2.25,1.13
2012.01.25 18:22:02.976,1.05844,1.05856,2.25,1.50
2012.01.25 18:22:03.313,1.05845,1.05859,2.25,1.50
2012.01.25 18:22:05.212,1.05848,1.05859,2.10,1.50
2012.01.25 18:22:05.298,1.05854,1.05866,3.00,1.65
2012.01.25 18:22:05.837,1.05855,1.05866,1.50,1.50
2012.01.25 18:22:07.909,1.05855,1.05866,3.38,1.50
2012.01.25 18:22:08.462,1.05857,1.05866,1.50,1.50
2012.01.25 18:22:11.414,1.05857,1.05866,1.88,1.50
2012.01.25 18:22:11.501,1.05863,1.0587,1.50,1.50
2012.01.25 18:22:11.581,1.05863,1.05873,1.50,1.50
2012.01.25 18:22:11.910,1.05863,1.05873,1.50,1.50
2012.01.25 18:22:11.992,1.05866,1.05875,1.50,1.50
2012.01.25 18:22:12.084,1.05866,1.05877,1.13,1.50
2012.01.25 18:22:12.231,1.05867,1.05879,3.38,1.50
2012.01.25 18:22:13.335,1.05867,1.05878,1.88,1.50
2012.01.25 18:22:13.876,1.05868,1.05878,1.13,1.50
2012.01.25 18:22:14.078,1.05868,1.05878,1.13,1.50
2012.01.25 18:22:14.289,1.05867,1.05878,2.63,1.50
2012.01.25 18:22:15.852,1.05865,1.05878,1.50,1.50
2012.01.25 18:22:16.172,1.05866,1.05878,1.50,1.50
2012.01.25 18:22:17.038,1.05868,1.0588,1.50,1.50
2012.01.25 18:22:17.213,1.05871,1.0588,1.50,1.50
2012.01.25 18:22:17.976,1.05877,1.05889,3.00,1.13
2012.01.25 18:22:18.395,1.05877,1.05891,3.00,1.50
2012.01.25 18:22:18.757,1.05878,1.05891,1.88,1.50
2012.01.25 18:22:19.647,1.05881,1.05891,2.25,1.50
2012.01.25 18:22:20.179,1.05882,1.05896,1.50,4.13
2012.01.25 18:22:20.399,1.05879,1.05892,1.13,2.25
2012.01.25 18:22:20.880,1.05879,1.05892,1.13,1.50
2012.01.25 18:22:21.489,1.05881,1.05893,2.25,3.00
2012.01.25 18:22:21.796,1.05879,1.05891,2.63,1.50
2012.01.25 18:22:22.237,1.05882,1.05893,1.50,1.50
2012.01.25 18:22:22.317,1.05887,1.05897,1.50,1.13
2012.01.25 18:22:22.670,1.05888,1.05901,2.70,2.25
2012.01.25 18:22:23.349,1.05888,1.05901,2.70,2.25
2012.01.25 18:22:23.477,1.05892,1.05904,1.50,1.50
2012.01.25 18:22:23.657,1.0589,1.05903,1.50,1.50
2012.01.25 18:22:23.994,1.05892,1.05904,1.50,1.50
2012.01.25 18:22:24.857,1.05892,1.05899,1.50,1.13
2012.01.25 18:22:24.976,1.0588,1.05892,2.25,1.50
2012.01.25 18:22:25.185,1.05883,1.05895,1.50,3.38
2012.01.25 18:22:26.677,1.0588,1.05894,1.50,2.63
2012.01.25 18:22:26.757,1.05883,1.05894,1.95,2.63
2012.01.25 18:22:27.104,1.05885,1.05897,1.50,2.63
2012.01.25 18:22:27.435,1.05887,1.05899,1.50,2.40
2012.01.25 18:22:27.786,1.05885,1.05897,1.50,1.73
2012.01.25 18:22:29.048,1.05885,1.05897,1.50,1.65
2012.01.25 18:22:29.199,1.05887,1.05899,1.50,3.90
2012.01.25 18:22:29.346,1.05887,1.05899,1.50,2.25
2012.01.25 18:22:30.044,1.05889,1.05901,1.50,3.00
2012.01.25 18:22:30.398,1.05893,1.05902,1.50,1.13
2012.01.25 18:22:31.024,1.05889,1.05903,1.50,2.25
2012.01.25 18:22:31.352,1.05889,1.05903,2.25,1.50
2012.01.25 18:22:32.584,1.05889,1.05903,2.25,1.50
2012.01.25 18:22:33.012,1.05889,1.05903,3.00,1.50
2012.01.25 18:22:33.679,1.05889,1.05903,3.00,1.50
2012.01.25 18:22:34.182,1.05891,1.05903,1.88,1.50
2012.01.25 18:22:34.376,1.05889,1.05903,3.38,1.50
2012.01.25 18:22:34.566,1.05892,1.05905,2.25,1.50
2012.01.25 18:22:34.715,1.05898,1.05906,1.13,1.50
2012.01.25 18:22:34.865,1.05899,1.05911,1.88,1.50
2012.01.25 18:22:34.947,1.05908,1.05914,1.50,2.63
2012.01.25 18:22:35.859,1.0591,1.05919,1.50,1.50
2012.01.25 18:22:36.078,1.05909,1.05921,2.25,2.25
2012.01.25 18:22:36.145,1.05907,1.05919,6.83,1.50
2012.01.25 18:22:36.346,1.05908,1.05921,2.25,2.25
2012.01.25 18:22:37.508,1.05908,1.05922,2.25,2.25
2012.01.25 18:22:37.682,1.05908,1.05921,2.25,1.50
2012.01.25 18:22:37.906,1.05908,1.05917,1.50,2.25
2012.01.25 18:22:38.175,1.05908,1.05912,1.50,1.50
2012.01.25 18:22:38.256,1.05903,1.05911,1.50,1.50
2012.01.25 18:22:38.405,1.05903,1.05914,1.13,1.50
2012.01.25 18:22:39.131,1.05909,1.05923,2.25,1.69
2012.01.25 18:22:39.229,1.05906,1.05918,2.25,1.50
2012.01.25 18:22:39.533,1.05911,1.05921,1.13,3.00
2012.01.25 18:22:39.629,1.05911,1.05921,1.13,3.00
2012.01.25 18:22:40.512,1.05925,1.05935,1.50,1.50
2012.01.25 18:22:40.663,1.05924,1.05934,2.63,1.35
2012.01.25 18:22:40.959,1.05916,1.05926,3.75,2.63
2012.01.25 18:22:41.240,1.05916,1.05922,2.25,2.07
2012.01.25 18:22:41.913,1.05907,1.05917,2.25,1.50
2012.01.25 18:22:42.030,1.05909,1.05921,2.25,1.50
2012.01.25 18:22:42.257,1.05907,1.05921,2.25,1.50
2012.01.25 18:22:42.330,1.05909,1.05923,2.25,1.50
2012.01.25 18:22:42.679,1.05909,1.05923,2.25,1.50
2012.01.25 18:22:43.455,1.05911,1.05923,1.50,1.50
2012.01.25 18:22:43.597,1.05913,1.05927,2.25,1.50
2012.01.25 18:22:43.667,1.05911,1.05925,2.25,1.50
2012.01.25 18:22:43.876,1.05909,1.05923,2.44,1.50
2012.01.25 18:22:44.093,1.05909,1.05923,2.44,1.50
2012.01.25 18:22:44.630,1.05912,1.05924,2.25,2.07
2012.01.25 18:22:45.189,1.05912,1.05922,1.50,1.88
2012.01.25 18:22:45.269,1.05908,1.0592,2.25,1.50
2012.01.25 18:22:45.769,1.05906,1.05919,1.65,1.50
2012.01.25 18:22:46.131,1.05912,1.05922,1.13,1.50
2012.01.25 18:22:46.209,1.05913,1.05921,1.50,1.50
2012.01.25 18:22:46.796,1.05918,1.05929,2.25,2.70
2012.01.25 18:22:46.935,1.05918,1.05929,3.75,1.95
2012.01.25 18:22:47.067,1.05922,1.05936,3.38,1.50
2012.01.25 18:22:47.281,1.05926,1.0594,2.25,1.50
2012.01.25 18:22:47.694,1.05926,1.05938,2.25,1.50
2012.01.25 18:22:48.086,1.05923,1.05937,3.38,1.50
2012.01.25 18:22:48.749,1.0592,1.05932,2.25,1.50
2012.01.25 18:22:49.090,1.05919,1.0593,2.25,1.50
2012.01.25 18:22:49.305,1.05921,1.05933,2.25,1.50
2012.01.25 18:22:49.845,1.05919,1.05932,2.25,1.50
2012.01.25 18:22:50.634,1.05924,1.05935,2.25,1.88
2012.01.25 18:22:50.848,1.05925,1.05939,3.00,1.88
2012.01.25 18:22:50.998,1.05924,1.05936,2.25,1.50
2012.01.25 18:22:51.337,1.05919,1.05931,2.25,1.50
2012.01.25 18:22:51.663,1.05917,1.05926,1.50,1.50
2012.01.25 18:22:51.942,1.05917,1.05928,1.50,1.50
2012.01.25 18:22:52.133,1.05918,1.0593,2.25,1.50
2012.01.25 18:22:52.691,1.05916,1.05928,1.50,1.50
2012.01.25 18:22:52.973,1.05917,1.05928,1.50,1.69
2012.01.25 18:22:53.047,1.05917,1.05925,1.50,1.35
2012.01.25 18:22:53.119,1.05914,1.05924,3.00,1.13
2012.01.25 18:22:53.342,1.05905,1.05917,2.25,1.50
2012.01.25 18:22:53.484,1.05905,1.05917,3.00,1.50
2012.01.25 18:22:54.625,1.05906,1.0592,2.25,1.50
2012.01.25 18:22:54.695,1.05908,1.05922,2.25,2.25
2012.01.25 18:22:55.043,1.05908,1.05922,2.25,1.50
2012.01.25 18:22:55.385,1.0591,1.05923,1.50,2.25
2012.01.25 18:22:55.454,1.05907,1.05921,2.25,1.50
2012.01.25 18:22:55.876,1.05906,1.05918,1.50,1.50
2012.01.25 18:22:56.717,1.05913,1.05927,1.50,2.25
2012.01.25 18:22:56.907,1.05913,1.05927,2.25,2.25
2012.01.25 18:22:57.232,1.0591,1.05922,2.25,1.50
2012.01.25 18:22:57.368,1.0591,1.05922,2.25,1.50
2012.01.25 18:22:57.925,1.05907,1.05921,2.25,1.50
2012.01.25 18:22:58.067,1.05907,1.05921,2.25,2.25
2012.01.25 18:22:58.210,1.05905,1.05919,3.00,1.50
2012.01.25 18:22:58.842,1.05909,1.05921,1.50,1.50
2012.01.25 18:22:59.176,1.05911,1.05923,1.50,3.45
2012.01.25 18:22:59.523,1.05908,1.0592,1.50,1.50
2012.01.25 18:23:00.944,1.05909,1.0592,1.50,1.50
2012.01.25 18:23:01.243,1.05908,1.05918,1.50,2.70
2012.01.25 18:23:01.321,1.05906,1.05918,1.50,4.20
2012.01.25 18:23:01.474,1.05904,1.05908,1.50,1.95
2012.01.25 18:23:01.831,1.05893,1.05901,1.50,2.25
2012.01.25 18:23:01.913,1.05887,1.05899,2.25,1.50
2012.01.25 18:23:02.771,1.05889,1.05901,1.50,1.50
2012.01.25 18:23:03.267,1.05889,1.05901,2.25,1.50
2012.01.25 18:23:03.618,1.05891,1.05905,2.25,1.50
2012.01.25 18:23:03.689,1.05895,1.05905,1.50,1.50
2012.01.25 18:23:03.834,1.05898,1.0591,1.50,4.13
2012.01.25 18:23:04.542,1.05898,1.0591,1.50,2.25
2012.01.25 18:23:04.618,1.05896,1.05908,2.25,2.25
2012.01.25 18:23:05.141,1.05891,1.05905,2.25,3.00
2012.01.25 18:23:05.293,1.05889,1.05903,3.00,1.50
2012.01.25 18:23:05.500,1.05889,1.05903,3.00,1.50
2012.01.25 18:23:05.578,1.05892,1.05904,1.50,2.25
2012.01.25 18:23:05.785,1.05889,1.05903,2.25,1.88
2012.01.25 18:23:06.453,1.05889,1.05903,1.50,4.95
2012.01.25 18:23:06.747,1.05882,1.05894,2.25,1.13
2012.01.25 18:23:07.105,1.05879,1.0589,1.50,1.50
2012.01.25 18:23:07.459,1.05883,1.05892,1.13,1.50
2012.01.25 18:23:08.050,1.05889,1.05901,1.50,3.94
2012.01.25 18:23:08.127,1.05889,1.05901,1.50,1.50
2012.01.25 18:23:08.861,1.05889,1.05901,2.25,1.50
2012.01.25 18:23:09.008,1.05889,1.05901,2.25,1.50
2012.01.25 18:23:09.090,1.05893,1.05903,1.50,1.50
2012.01.25 18:23:09.168,1.05895,1.05908,1.50,1.95
2012.01.25 18:23:09.807,1.05892,1.05906,3.00,1.50
2012.01.25 18:23:09.887,1.0589,1.05904,2.25,1.88
2012.01.25 18:23:10.236,1.05888,1.05902,2.25,1.50
2012.01.25 18:23:10.308,1.05886,1.05898,2.25,1.50
2012.01.25 18:23:10.385,1.05884,1.05897,3.19,1.50
2012.01.25 18:23:10.584,1.05884,1.05897,1.69,1.50
2012.01.25 18:23:10.653,1.05885,1.05899,1.50,1.50
2012.01.25 18:23:10.986,1.05887,1.05901,1.50,2.25
2012.01.25 18:23:11.733,1.05884,1.05896,2.25,1.50
2012.01.25 18:23:12.095,1.05882,1.05894,1.50,2.25
2012.01.25 18:23:12.436,1.05884,1.05896,1.50,2.63
2012.01.25 18:23:13.174,1.05884,1.05896,1.50,2.25
2012.01.25 18:23:13.917,1.05884,1.05896,1.50,2.25
2012.01.25 18:23:13.999,1.05875,1.05887,2.25,1.50
2012.01.25 18:23:14.264,1.05876,1.0589,2.25,1.50
2012.01.25 18:23:14.403,1.05876,1.0589,2.25,1.50
2012.01.25 18:23:14.545,1.05878,1.05892,2.25,1.50
2012.01.25 18:23:15.056,1.05878,1.05892,2.25,2.25
2012.01.25 18:23:15.525,1.05882,1.05892,1.50,1.50
2012.01.25 18:23:15.879,1.0588,1.05889,1.50,4.20
2012.01.25 18:23:16.483,1.05875,1.05887,3.64,1.50
2012.01.25 18:23:17.086,1.05875,1.05887,1.50,1.50
2012.01.25 18:23:17.274,1.05875,1.05885,1.50,2.25
2012.01.25 18:23:17.616,1.05871,1.05883,3.75,1.50
2012.01.25 18:23:17.828,1.05871,1.05884,1.50,1.13
2012.01.25 18:23:18.614,1.05873,1.05884,1.50,2.25
2012.01.25 18:23:18.875,1.05871,1.05883,1.50,1.13
2012.01.25 18:23:19.342,1.05871,1.05881,1.50,1.50
2012.01.25 18:23:19.698,1.05868,1.05874,1.50,1.50
2012.01.25 18:23:19.777,1.05861,1.05873,1.50,1.50
2012.01.25 18:23:20.536,1.05862,1.05874,1.50,2.25
2012.01.25 18:23:21.133,1.05862,1.05873,1.50,1.50
2012.01.25 18:23:22.468,1.0586,1.05872,1.50,1.50
2012.01.25 18:23:23.093,1.05858,1.05872,1.50,3.00
2012.01.25 18:23:24.055,1.05858,1.05872,4.20,2.25
2012.01.25 18:23:24.129,1.05862,1.05872,1.13,1.50
2012.01.25 18:23:24.489,1.05869,1.05881,1.50,3.19
2012.01.25 18:23:25.216,1.05869,1.05877,1.50,1.13
2012.01.25 18:23:25.304,1.05859,1.05871,1.50,3.38
2012.01.25 18:23:25.447,1.05859,1.05871,1.50,2.25
2012.01.25 18:23:25.588,1.05854,1.05868,2.25,2.25
2012.01.25 18:23:25.984,1.05859,1.05871,1.50,2.25
2012.01.25 18:23:27.446,1.05859,1.05871,1.50,2.25
2012.01.25 18:23:27.963,1.05862,1.05872,1.50,1.50
2012.01.25 18:23:28.503,1.05859,1.05873,1.50,3.94
2012.01.25 18:23:29.602,1.05862,1.05871,1.50,1.13
2012.01.25 18:23:31.058,1.0586,1.0587,1.50,1.88
2012.01.25 18:23:31.146,1.05858,1.05869,1.50,1.13
2012.01.25 18:23:31.345,1.05855,1.05865,1.50,2.25
2012.01.25 18:23:31.419,1.05851,1.05865,1.69,2.25
2012.01.25 18:23:31.625,1.05853,1.05867,1.50,4.50
2012.01.25 18:23:32.874,1.05856,1.05867,1.50,1.50
2012.01.25 18:23:33.158,1.05858,1.05869,1.50,1.88
2012.01.25 18:23:33.434,1.05858,1.0587,1.50,1.13
2012.01.25 18:23:33.944,1.05858,1.05872,4.20,2.25
2012.01.25 18:23:34.289,1.05863,1.05874,1.50,2.25
2012.01.25 18:23:35.031,1.05862,1.05874,1.50,2.25
2012.01.25 18:23:35.574,1.05862,1.05874,1.50,2.25
2012.01.25 18:23:36.528,1.05864,1.05874,1.50,1.13
2012.01.25 18:23:36.605,1.05861,1.05875,1.50,2.44
2012.01.25 18:23:36.675,1.05861,1.05875,1.50,2.44
2012.01.25 18:23:36.886,1.05863,1.05877,1.50,3.00
2012.01.25 18:23:37.730,1.05853,1.05865,4.43,1.13
2012.01.25 18:23:37.884,1.05853,1.0586,1.50,1.50
2012.01.25 18:23:37.957,1.05847,1.05857,1.88,1.50
2012.01.25 18:23:38.167,1.05847,1.0586,1.13,2.25
2012.01.25 18:23:38.369,1.05846,1.0586,2.25,1.50
2012.01.25 18:23:38.445,1.05846,1.0586,3.75,1.50
2012.01.25 18:23:38.517,1.05848,1.05862,1.50,2.25
2012.01.25 18:23:39.104,1.05848,1.05862,2.25,2.25
2012.01.25 18:23:39.753,1.05852,1.05862,1.50,1.50
2012.01.25 18:23:40.084,1.05859,1.0587,1.50,1.50
2012.01.25 18:23:40.667,1.05858,1.0587,1.50,1.50
2012.01.25 18:23:40.809,1.05858,1.0587,2.03,1.50
2012.01.25 18:23:41.031,1.05861,1.05872,2.48,1.50
2012.01.25 18:23:41.874,1.05869,1.05881,1.50,3.19
2012.01.25 18:23:41.961,1.05865,1.05879,1.50,2.25
2012.01.25 18:23:42.726,1.05868,1.0588,1.50,2.25
2012.01.25 18:23:46.564,1.05868,1.05878,1.50,1.20
2012.01.25 18:23:47.292,1.05868,1.05878,1.50,1.20
2012.01.25 18:23:48.356,1.0587,1.0588,2.22,1.95
2012.01.25 18:23:48.436,1.0587,1.0588,3.72,1.50
2012.01.25 18:23:48.580,1.05875,1.05886,1.13,2.25
2012.01.25 18:23:48.729,1.05881,1.05886,1.50,1.50
2012.01.25 18:23:49.067,1.05883,1.05892,1.50,1.50
2012.01.25 18:23:49.135,1.05881,1.05891,1.50,3.00
2012.01.25 18:23:49.206,1.05877,1.05891,4.50,3.00
2012.01.25 18:23:49.486,1.05878,1.05891,2.70,2.25
2012.01.25 18:23:49.558,1.0588,1.05892,1.50,2.25
2012.01.25 18:23:50.101,1.0588,1.05892,1.50,2.25
2012.01.25 18:23:50.262,1.05879,1.0589,1.13,1.50
2012.01.25 18:23:50.593,1.05881,1.05893,1.50,2.25
2012.01.25 18:23:52.553,1.05881,1.05893,1.50,2.25
2012.01.25 18:23:52.695,1.05877,1.05891,3.75,2.25
2012.01.25 18:23:52.896,1.05876,1.05888,2.25,1.50
2012.01.25 18:23:53.436,1.05874,1.05887,1.69,2.25
2012.01.25 18:23:54.163,1.05873,1.05883,3.00,2.25
2012.01.25 18:23:54.524,1.05866,1.05879,1.50,2.03
2012.01.25 18:23:54.884,1.05865,1.05872,1.50,1.13
2012.01.25 18:23:55.562,1.05853,1.05864,1.50,1.50
2012.01.25 18:23:55.648,1.05854,1.05868,2.25,1.50
2012.01.25 18:23:55.867,1.05856,1.0587,1.50,2.25
2012.01.25 18:23:56.324,1.05856,1.0587,1.50,2.25
2012.01.25 18:23:56.395,1.05856,1.0587,1.50,2.25
2012.01.25 18:23:56.463,1.05858,1.05872,1.50,2.25
2012.01.25 18:23:56.533,1.05858,1.05872,1.50,2.25
2012.01.25 18:23:57.162,1.05858,1.05872,2.25,3.00
2012.01.25 18:23:57.838,1.05856,1.0587,1.50,2.25
2012.01.25 18:23:58.365,1.05856,1.0587,1.50,2.25
2012.01.25 18:23:59.084,1.05856,1.0587,3.00,2.25
2012.01.25 18:23:59.410,1.05858,1.05871,1.50,1.50
2012.01.25 18:24:00.103,1.05858,1.05872,1.50,2.25
2012.01.25 18:24:01.773,1.05858,1.05872,1.50,2.25
2012.01.25 18:24:02.881,1.05858,1.05871,1.50,1.50
2012.01.25 18:24:03.395,1.05858,1.0587,1.50,1.50
2012.01.25 18:24:03.523,1.05858,1.0587,1.50,1.50
2012.01.25 18:24:04.155,1.05857,1.05869,1.50,2.25
2012.01.25 18:24:05.386,1.05851,1.05865,3.75,1.50
2012.01.25 18:24:05.462,1.05854,1.05866,1.50,2.25
2012.01.25 18:24:06.386,1.05854,1.05866,1.50,2.25
2012.01.25 18:24:07.878,1.05849,1.05861,1.88,2.25
2012.01.25 18:24:08.415,1.05849,1.05861,3.00,2.25
2012.01.25 18:24:08.743,1.05853,1.05865,1.50,3.00
2012.01.25 18:24:10.606,1.05853,1.05865,1.50,4.13
2012.01.25 18:24:11.004,1.05853,1.05865,1.50,3.38
2012.01.25 18:24:11.872,1.0585,1.05864,1.50,2.25
2012.01.25 18:24:12.875,1.05849,1.05861,2.25,1.50
2012.01.25 18:24:13.217,1.05847,1.05859,1.50,1.50
2012.01.25 18:24:13.552,1.05843,1.05855,3.00,1.50
2012.01.25 18:24:13.623,1.05843,1.05855,2.25,1.50
2012.01.25 18:24:13.906,1.05846,1.05857,1.50,2.25
2012.01.25 18:24:15.197,1.05844,1.05858,1.50,2.25
2012.01.25 18:24:15.598,1.05846,1.05857,1.50,2.25
2012.01.25 18:24:16.316,1.05846,1.05858,1.50,2.25
2012.01.25 18:24:17.353,1.05847,1.05858,1.50,1.50
2012.01.25 18:24:17.428,1.05849,1.05861,1.50,2.25
2012.01.25 18:24:17.504,1.05847,1.0586,1.50,2.25
2012.01.25 18:24:17.573,1.05846,1.05859,1.50,1.50
2012.01.25 18:24:20.068,1.05846,1.0586,1.50,2.44
2012.01.25 18:24:20.648,1.05847,1.0586,1.50,2.44
2012.01.25 18:24:20.731,1.05848,1.05862,3.19,1.50
2012.01.25 18:24:21.090,1.05848,1.05858,1.50,4.02
2012.01.25 18:24:21.235,1.05841,1.0585,1.13,1.50
2012.01.25 18:24:21.764,1.05841,1.05854,2.63,1.50
2012.01.25 18:24:22.305,1.05843,1.05855,1.50,2.25
2012.01.25 18:24:22.506,1.05843,1.05855,1.88,2.25
2012.01.25 18:24:23.172,1.05848,1.05857,1.50,2.48
2012.01.25 18:24:23.469,1.05841,1.05851,3.34,1.50
2012.01.25 18:24:23.675,1.05841,1.05854,1.13,1.50
2012.01.25 18:24:23.745,1.05842,1.05856,1.88,2.48
2012.01.25 18:24:24.387,1.05846,1.0586,1.50,3.23
2012.01.25 18:24:25.352,1.05843,1.05857,3.38,2.25
2012.01.25 18:24:25.831,1.05841,1.05852,3.72,1.50
2012.01.25 18:24:26.396,1.0584,1.05852,3.90,1.50
2012.01.25 18:24:26.608,1.05845,1.05857,1.50,1.50
2012.01.25 18:24:26.676,1.05846,1.0586,1.50,2.25
2012.01.25 18:24:26.743,1.05849,1.05861,1.50,2.44
2012.01.25 18:24:27.436,1.05846,1.0586,3.00,2.25
2012.01.25 18:24:28.550,1.05846,1.0586,1.50,2.25
2012.01.25 18:24:28.771,1.05846,1.0586,3.00,2.25
2012.01.25 18:24:28.846,1.05848,1.05862,1.50,2.25
2012.01.25 18:24:29.674,1.05846,1.0586,2.25,1.50
2012.01.25 18:24:30.192,1.05846,1.0586,2.25,1.50
2012.01.25 18:24:30.716,1.05848,1.05862,1.50,2.25
2012.01.25 18:24:32.423,1.05848,1.05862,2.03,2.25
2012.01.25 18:24:32.640,1.05851,1.05863,2.63,1.50
2012.01.25 18:24:32.854,1.05854,1.05866,2.25,2.25
2012.01.25 18:24:33.123,1.05857,1.05869,1.50,1.50
2012.01.25 18:24:33.665,1.05856,1.05868,2.25,1.50
2012.01.25 18:24:34.597,1.05858,1.0587,1.50,1.50
2012.01.25 18:24:35.824,1.05858,1.0587,2.25,1.50
2012.01.25 18:24:36.845,1.05854,1.05864,1.13,1.50
2012.01.25 18:24:37.054,1.05854,1.05866,2.25,1.50
2012.01.25 18:24:37.819,1.05857,1.05869,2.03,2.25
2012.01.25 18:24:38.246,1.05859,1.05872,2.63,2.25
2012.01.25 18:24:38.801,1.05863,1.05872,1.50,2.25
2012.01.25 18:24:38.893,1.05862,1.05875,2.25,1.50
2012.01.25 18:24:39.023,1.05861,1.05875,3.00,1.50
2012.01.25 18:24:39.096,1.05861,1.05875,3.75,1.50
2012.01.25 18:24:39.234,1.05864,1.05878,1.50,2.25
2012.01.25 18:24:39.305,1.05866,1.05879,1.50,1.50
2012.01.25 18:24:39.580,1.05864,1.05876,1.50,1.50
2012.01.25 18:24:40.208,1.05866,1.05878,1.50,1.50
2012.01.25 18:24:40.278,1.05864,1.05878,2.25,1.50
2012.01.25 18:24:41.032,1.05867,1.05879,1.50,2.25
2012.01.25 18:24:41.363,1.05867,1.05879,1.50,2.25
2012.01.25 18:24:41.894,1.05867,1.05879,1.50,4.20
2012.01.25 18:24:42.165,1.0586,1.05872,3.00,1.50
2012.01.25 18:24:42.678,1.05862,1.05874,2.25,1.50
2012.01.25 18:24:43.465,1.05863,1.05874,1.13,1.50
2012.01.25 18:24:43.534,1.05863,1.05874,1.88,1.50
2012.01.25 18:24:43.665,1.05865,1.05876,1.13,1.50
2012.01.25 18:24:43.734,1.05865,1.05876,1.13,1.50
2012.01.25 18:24:44.137,1.05866,1.05879,1.50,1.50
2012.01.25 18:24:44.407,1.05865,1.05877,1.69,1.50
2012.01.25 18:24:45.074,1.05865,1.05877,2.25,1.50
2012.01.25 18:24:45.764,1.05877,1.05886,1.77,1.50
2012.01.25 18:24:45.918,1.0588,1.05888,1.50,1.50
2012.01.25 18:24:45.986,1.05876,1.05885,1.50,2.25
2012.01.25 18:24:46.058,1.05873,1.05882,2.33,1.50
2012.01.25 18:24:46.444,1.05871,1.05885,3.64,2.25
2012.01.25 18:24:47.036,1.05871,1.05885,3.64,1.50
2012.01.25 18:24:47.455,1.05873,1.05885,2.89,1.50
2012.01.25 18:24:48.044,1.05874,1.05886,1.88,1.50
2012.01.25 18:24:48.635,1.05882,1.05886,1.95,1.50
2012.01.25 18:24:49.136,1.05882,1.0589,2.70,2.25
2012.01.25 18:24:49.219,1.05892,1.05899,1.50,1.50
2012.01.25 18:24:49.427,1.05887,1.05899,2.25,2.25
2012.01.25 18:24:49.557,1.05885,1.05897,3.19,1.88
2012.01.25 18:24:49.623,1.05885,1.05897,2.44,2.63
2012.01.25 18:24:49.835,1.05885,1.05896,1.69,1.13
2012.01.25 18:24:49.983,1.05883,1.05891,1.50,2.25
2012.01.25 18:24:50.135,1.05879,1.05891,1.50,2.48
2012.01.25 18:24:50.218,1.05879,1.05885,1.50,1.35
2012.01.25 18:24:50.848,1.05867,1.05878,1.09,1.50
2012.01.25 18:24:50.935,1.05865,1.05878,2.25,1.50
2012.01.25 18:24:51.476,1.05867,1.05881,1.50,2.25
2012.01.25 18:24:51.982,1.05867,1.0588,1.50,2.25
2012.01.25 18:24:53.106,1.05872,1.05881,2.25,2.25
2012.01.25 18:24:53.248,1.05874,1.05886,1.50,1.35
2012.01.25 18:24:53.786,1.05874,1.05888,1.50,2.25
2012.01.25 18:24:54.310,1.05874,1.05888,1.88,2.25
2012.01.25 18:24:55.475,1.05874,1.05888,1.88,3.00
2012.01.25 18:24:56.350,1.05873,1.05882,1.88,1.50
2012.01.25 18:24:56.428,1.05868,1.05882,5.33,2.25
2012.01.25 18:24:56.556,1.05868,1.05882,4.20,2.25
2012.01.25 18:24:57.595,1.05866,1.05878,4.32,1.50
2012.01.25 18:24:58.083,1.05866,1.05878,1.69,2.25
2012.01.25 18:24:58.607,1.05866,1.05878,1.50,2.25
2012.01.25 18:24:58.925,1.05866,1.05875,1.50,1.13
2012.01.25 18:24:59.281,1.0586,1.0587,3.00,1.50
2012.01.25 18:24:59.814,1.05858,1.0587,1.50,1.50
2012.01.25 18:24:59.954,1.0586,1.05871,1.50,1.43
2012.01.25 18:25:00.035,1.05858,1.05871,1.50,1.80
2012.01.25 18:25:00.248,1.05858,1.05871,1.50,1.80
2012.01.25 18:25:00.787,1.05858,1.05871,1.50,1.13
2012.01.25 18:25:01.128,1.05858,1.05871,1.50,1.80
2012.01.25 18:25:01.771,1.05858,1.05871,1.50,1.43
2012.01.25 18:25:02.153,1.05858,1.05871,1.50,1.43
2012.01.25 18:25:02.684,1.05858,1.05871,1.50,1.69
2012.01.25 18:25:03.014,1.05858,1.05868,1.50,2.70
2012.01.25 18:25:03.368,1.05854,1.05862,1.50,2.25
2012.01.25 18:25:03.453,1.05846,1.05862,1.50,2.25
2012.01.25 18:25:04.221,1.05847,1.05861,1.50,2.25
2012.01.25 18:25:04.498,1.05847,1.05861,3.75,2.25
2012.01.25 18:25:04.564,1.0585,1.05861,1.50,3.00
2012.01.25 18:25:04.978,1.05848,1.05858,1.50,1.95
2012.01.25 18:25:05.121,1.05845,1.05857,1.50,4.50
2012.01.25 18:25:05.862,1.05847,1.05857,1.50,3.00
2012.01.25 18:25:05.950,1.05851,1.05863,1.50,1.69
2012.01.25 18:25:06.263,1.05849,1.05862,1.50,1.69
2012.01.25 18:25:07.253,1.05849,1.05863,1.50,5.33
2012.01.25 18:25:07.776,1.05849,1.05861,1.50,3.00
2012.01.25 18:25:08.360,1.05847,1.05861,1.50,4.50
2012.01.25 18:25:08.943,1.05847,1.05861,1.50,4.50
2012.01.25 18:25:09.563,1.05847,1.05861,1.50,4.50
2012.01.25 18:25:12.423,1.05847,1.05861,1.50,4.50
2012.01.25 18:25:12.945,1.05847,1.0586,1.50,1.13
2012.01.25 18:25:13.567,1.05847,1.05861,1.50,4.50
2012.01.25 18:25:14.179,1.05847,1.05861,1.50,4.50
2012.01.25 18:25:14.677,1.05847,1.05861,1.50,4.50
2012.01.25 18:25:17.233,1.05847,1.05861,1.50,4.50
2012.01.25 18:25:17.422,1.05847,1.05861,1.50,4.50
2012.01.25 18:25:17.673,1.05847,1.05861,1.50,4.50
2012.01.25 18:25:17.893,1.05847,1.05861,1.50,4.50
2012.01.25 18:25:19.553,1.05847,1.05861,1.50,2.25
2012.01.25 18:25:20.005,1.0585,1.05862,1.50,2.25
2012.01.25 18:25:20.076,1.05847,1.05861,1.50,2.25
2012.01.25 18:25:20.937,1.05845,1.05859,2.25,1.50
2012.01.25 18:25:21.589,1.05845,1.05856,1.50,1.50
2012.01.25 18:25:21.887,1.05859,1.0587,1.50,2.14
2012.01.25 18:25:21.957,1.05859,1.05871,1.50,5.25
2012.01.25 18:25:22.245,1.05857,1.05869,2.25,1.50
2012.01.25 18:25:23.467,1.05859,1.05871,1.50,5.25
2012.01.25 18:25:23.803,1.05859,1.05871,1.50,5.25
2012.01.25 18:25:26.497,1.0585,1.05858,1.13,1.50
2012.01.25 18:25:26.591,1.05848,1.05858,1.50,1.50
2012.01.25 18:25:26.883,1.05849,1.05861,1.50,2.25
2012.01.25 18:25:26.957,1.05846,1.05858,1.50,1.50
2012.01.25 18:25:27.026,1.05846,1.05858,2.25,1.50
2012.01.25 18:25:27.504,1.05847,1.05861,2.25,2.25
2012.01.25 18:25:28.270,1.05847,1.05861,2.25,1.50
2012.01.25 18:25:28.550,1.0584,1.05852,1.50,3.75
2012.01.25 18:25:28.841,1.05841,1.05855,1.50,1.50
2012.01.25 18:25:29.049,1.05843,1.05857,1.50,2.25
2012.01.25 18:25:29.172,1.05841,1.05855,1.50,1.50
2012.01.25 18:25:30.095,1.05848,1.05858,1.50,2.25
2012.01.25 18:25:30.176,1.05848,1.05862,1.50,5.25
2012.01.25 18:25:30.249,1.05848,1.05862,1.50,4.50
2012.01.25 18:25:30.471,1.05848,1.05862,2.25,2.25
2012.01.25 18:25:30.552,1.05847,1.05859,2.25,1.50
2012.01.25 18:25:30.768,1.05849,1.05863,1.50,2.25
2012.01.25 18:25:31.445,1.05849,1.05863,1.50,2.25
2012.01.25 18:25:32.076,1.05846,1.0586,1.50,2.25
2012.01.25 18:25:32.573,1.05844,1.05858,3.38,1.50
2012.01.25 18:25:32.930,1.05843,1.05854,3.38,1.50
2012.01.25 18:25:33.076,1.05843,1.05856,2.63,3.00
2012.01.25 18:25:33.222,1.05845,1.05856,2.14,1.50
2012.01.25 18:25:33.298,1.05847,1.05859,1.69,2.25
2012.01.25 18:25:34.002,1.0585,1.05861,1.50,4.50
2012.01.25 18:25:34.237,1.05855,1.05867,1.50,2.25
2012.01.25 18:25:34.381,1.05851,1.05864,1.50,2.25
2012.01.25 18:25:34.534,1.05849,1.05861,5.63,1.50
2012.01.25 18:25:35.470,1.0585,1.05861,1.13,1.50
2012.01.25 18:25:35.966,1.05849,1.05857,2.25,1.50
2012.01.25 18:25:36.108,1.05847,1.0586,1.50,1.50
2012.01.25 18:25:36.180,1.05848,1.05858,2.70,1.50
2012.01.25 18:25:36.516,1.05849,1.05859,2.63,1.50
2012.01.25 18:25:36.586,1.05851,1.05865,1.50,2.25
2012.01.25 18:25:37.093,1.0585,1.05865,1.13,2.25
2012.01.25 18:25:38.004,1.0585,1.05865,1.13,1.50
2012.01.25 18:25:41.223,1.05849,1.05865,2.25,2.63
2012.01.25 18:25:41.531,1.0585,1.05865,3.34,1.50
2012.01.25 18:25:42.102,1.0586,1.05865,2.22,1.50
2012.01.25 18:25:42.245,1.0588,1.05886,0.75,7.27
2012.01.25 18:25:42.997,1.05873,1.05886,2.40,12.49
2012.01.25 18:25:43.075,1.05874,1.05886,3.75,1.50
2012.01.25 18:25:43.285,1.05877,1.05889,1.50,2.25
2012.01.25 18:25:43.490,1.05872,1.05884,1.65,1.50
2012.01.25 18:25:43.817,1.05872,1.05886,3.15,1.50
2012.01.25 18:25:44.026,1.05871,1.05883,5.97,1.50
2012.01.25 18:25:45.029,1.05873,1.05885,2.40,1.50
2012.01.25 18:25:45.250,1.0587,1.05878,3.00,1.50
2012.01.25 18:25:45.460,1.0587,1.05881,2.03,2.25
2012.01.25 18:25:45.545,1.0587,1.0588,1.13,1.50
2012.01.25 18:25:45.904,1.05878,1.05884,2.70,1.50
2012.01.25 18:25:46.516,1.0588,1.05894,2.25,3.75
2012.01.25 18:25:46.597,1.0588,1.05894,2.25,3.00
2012.01.25 18:25:47.159,1.05881,1.05893,2.25,1.50
2012.01.25 18:25:47.229,1.05879,1.05891,2.63,1.50
2012.01.25 18:25:48.191,1.05879,1.05891,1.50,2.25
2012.01.25 18:25:48.281,1.05873,1.05885,1.50,1.50
2012.01.25 18:25:48.825,1.05873,1.05885,1.88,2.25
2012.01.25 18:25:49.039,1.05872,1.05883,2.14,1.50
2012.01.25 18:25:49.315,1.05873,1.05885,1.88,1.50
2012.01.25 18:25:49.526,1.05873,1.05883,1.13,1.50
2012.01.25 18:25:49.596,1.05875,1.05885,1.50,1.50
2012.01.25 18:25:50.234,1.05873,1.05885,1.13,1.50
2012.01.25 18:25:50.314,1.05878,1.0589,1.50,2.25
2012.01.25 18:25:50.514,1.05876,1.05888,1.50,1.50
2012.01.25 18:25:50.870,1.05873,1.05884,1.88,2.25
2012.01.25 18:25:50.951,1.05869,1.05882,3.00,2.25
2012.01.25 18:25:51.465,1.05869,1.05882,2.25,2.25
2012.01.25 18:25:52.004,1.05868,1.05882,3.45,2.25
2012.01.25 18:25:52.653,1.05871,1.05883,1.88,2.25
2012.01.25 18:25:52.738,1.05879,1.05891,1.50,3.57
2012.01.25 18:25:52.815,1.05877,1.05889,1.50,2.25
2012.01.25 18:25:53.104,1.05874,1.05888,1.50,2.25
2012.01.25 18:25:53.178,1.05874,1.05888,1.50,2.25
2012.01.25 18:25:53.596,1.05872,1.05881,1.50,1.50
2012.01.25 18:25:53.741,1.05869,1.05881,1.50,1.50
2012.01.25 18:25:54.360,1.05877,1.05889,1.50,1.50
2012.01.25 18:25:54.856,1.05876,1.05888,1.50,3.00
2012.01.25 18:25:55.182,1.05874,1.05886,1.50,1.50
2012.01.25 18:25:57.093,1.05874,1.05886,2.25,1.50
2012.01.25 18:25:57.445,1.05879,1.05886,1.50,1.50
2012.01.25 18:25:57.735,1.05883,1.05893,3.45,1.13
2012.01.25 18:25:57.809,1.05883,1.05894,3.45,1.50
2012.01.25 18:25:57.956,1.05883,1.05895,2.25,1.50
2012.01.25 18:25:58.496,1.05883,1.05895,2.25,1.50
2012.01.25 18:25:58.587,1.05889,1.059,1.50,1.50
2012.01.25 18:25:59.140,1.05889,1.05901,2.25,2.25
2012.01.25 18:25:59.360,1.05891,1.05904,2.22,2.25
2012.01.25 18:26:00.268,1.05892,1.05903,1.88,1.50
2012.01.25 18:26:00.878,1.05895,1.05906,1.50,1.50
2012.01.25 18:26:01.086,1.05895,1.05909,1.50,2.63
2012.01.25 18:26:01.404,1.05894,1.05907,1.50,1.50
2012.01.25 18:26:02.226,1.05893,1.05904,1.13,1.50
2012.01.25 18:26:02.521,1.05892,1.05902,1.13,1.50
2012.01.25 18:26:02.730,1.05893,1.05905,1.50,2.25
2012.01.25 18:26:02.808,1.05892,1.05901,1.88,1.50
2012.01.25 18:26:03.914,1.0589,1.05901,1.69,1.50
2012.01.25 18:26:05.382,1.05889,1.05901,3.00,1.50
2012.01.25 18:26:08.250,1.05889,1.05901,2.44,1.50
2012.01.25 18:26:09.090,1.05891,1.05901,1.13,1.50
2012.01.25 18:26:09.304,1.0589,1.05901,1.69,1.50
2012.01.25 18:26:09.659,1.05887,1.05897,2.82,1.50
2012.01.25 18:26:10.218,1.05884,1.05893,1.13,1.50
2012.01.25 18:26:10.416,1.05883,1.05895,3.38,1.50
2012.01.25 18:26:11.031,1.05889,1.05901,2.25,2.25
2012.01.25 18:26:11.452,1.05891,1.05903,1.50,1.50
2012.01.25 18:26:11.737,1.05891,1.05901,2.25,1.50
2012.01.25 18:26:12.662,1.05891,1.05902,1.50,1.50
2012.01.25 18:26:12.904,1.05892,1.05906,1.50,3.75
2012.01.25 18:26:13.095,1.05891,1.05902,2.22,1.50
2012.01.25 18:26:13.635,1.05888,1.05902,4.88,2.25
2012.01.25 18:26:13.967,1.05888,1.05897,1.13,1.50
2012.01.25 18:26:14.175,1.05886,1.05897,1.50,1.50
2012.01.25 18:26:14.899,1.05889,1.05899,1.50,3.00
2012.01.25 18:26:14.993,1.05891,1.05905,2.44,2.25
2012.01.25 18:26:15.515,1.0589,1.05903,1.88,2.25
2012.01.25 18:26:16.023,1.05892,1.05904,2.44,1.50
2012.01.25 18:26:16.583,1.05893,1.05907,1.50,2.25
2012.01.25 18:26:16.974,1.05892,1.05903,2.07,1.50
2012.01.25 18:26:17.974,1.05892,1.05902,1.69,1.50
2012.01.25 18:26:18.054,1.05892,1.05905,1.69,2.25
2012.01.25 18:26:18.787,1.05892,1.05903,1.69,1.50
2012.01.25 18:26:18.856,1.05892,1.05905,1.69,2.25
2012.01.25 18:26:19.379,1.05891,1.05902,1.13,1.50
2012.01.25 18:26:20.216,1.0589,1.05902,4.88,1.50
2012.01.25 18:26:20.417,1.05891,1.05904,2.63,1.50
2012.01.25 18:26:20.947,1.05891,1.05905,2.25,2.25
2012.01.25 18:26:21.515,1.05891,1.05905,1.69,2.25
2012.01.25 18:26:21.895,1.05894,1.05906,1.50,2.25
2012.01.25 18:26:23.123,1.05892,1.05902,1.69,1.50
2012.01.25 18:26:23.709,1.05893,1.05905,1.50,3.75
2012.01.25 18:26:24.583,1.05893,1.05905,1.50,2.25
2012.01.25 18:26:25.699,1.05893,1.05905,1.88,2.25
2012.01.25 18:26:25.777,1.05901,1.05905,1.13,2.25
2012.01.25 18:26:25.924,1.059,1.05908,1.88,1.50
2012.01.25 18:26:26.006,1.05901,1.05911,1.13,1.50
2012.01.25 18:26:26.292,1.05907,1.05918,1.50,3.00
2012.01.25 18:26:26.441,1.05907,1.05919,2.25,1.50
2012.01.25 18:26:27.108,1.05901,1.05913,2.25,1.50
2012.01.25 18:26:27.889,1.05901,1.05913,1.50,2.25
2012.01.25 18:26:28.179,1.05898,1.05912,2.25,2.25
2012.01.25 18:26:28.255,1.05897,1.05907,2.63,1.50
2012.01.25 18:26:28.955,1.059,1.05907,1.88,1.50
2012.01.25 18:26:29.046,1.05904,1.05918,2.25,1.50
2012.01.25 18:26:29.260,1.05903,1.05915,2.25,1.50
2012.01.25 18:26:29.818,1.05904,1.05917,3.19,1.50
2012.01.25 18:26:30.296,1.05908,1.05922,1.50,2.63
2012.01.25 18:26:30.909,1.05905,1.05918,1.50,1.50
2012.01.25 18:26:30.986,1.05904,1.05918,4.32,1.50
2012.01.25 18:26:31.312,1.05905,1.05918,1.50,1.50
2012.01.25 18:26:31.572,1.05905,1.05918,1.50,1.50
2012.01.25 18:26:31.644,1.05905,1.05918,1.50,1.50
2012.01.25 18:26:32.165,1.05907,1.05919,2.25,1.50
2012.01.25 18:26:32.527,1.05911,1.05923,2.63,1.50
2012.01.25 18:26:33.095,1.05914,1.05925,2.25,1.50
2012.01.25 18:26:33.175,1.05914,1.05927,1.50,1.50
2012.01.25 18:26:33.265,1.05913,1.05927,2.82,1.50
2012.01.25 18:26:33.468,1.0592,1.05932,1.50,1.50
2012.01.25 18:26:33.680,1.05918,1.0593,4.20,1.50
2012.01.25 18:26:34.024,1.05913,1.05927,4.32,1.50
2012.01.25 18:26:34.377,1.05913,1.05925,1.69,1.50
2012.01.25 18:26:35.096,1.05913,1.05925,1.69,1.50
2012.01.25 18:26:35.605,1.05914,1.05926,1.69,2.25
2012.01.25 18:26:37.946,1.05914,1.05926,2.25,1.50
2012.01.25 18:26:38.437,1.05912,1.05921,2.25,1.50
2012.01.25 18:26:38.511,1.05912,1.05921,2.63,1.50
2012.01.25 18:26:38.734,1.05908,1.05922,5.89,3.75
2012.01.25 18:26:38.947,1.05908,1.0592,5.70,1.50
2012.01.25 18:26:39.564,1.05908,1.0592,5.70,1.50
2012.01.25 18:26:39.791,1.05895,1.05908,1.50,1.50
2012.01.25 18:26:39.936,1.05896,1.05908,1.50,1.50
2012.01.25 18:26:40.150,1.05898,1.0591,1.50,2.25
2012.01.25 18:26:41.697,1.05896,1.05908,1.50,1.50
2012.01.25 18:26:43.214,1.05896,1.05911,3.00,1.50
2012.01.25 18:26:43.294,1.05904,1.0591,1.50,1.50
2012.01.25 18:26:43.507,1.05905,1.05916,1.50,1.13
2012.01.25 18:26:44.067,1.05905,1.05916,1.50,1.88
2012.01.25 18:26:44.165,1.05895,1.05906,1.50,1.50
2012.01.25 18:26:44.305,1.05899,1.05911,1.50,1.50
2012.01.25 18:26:45.229,1.05899,1.05911,1.50,2.25
2012.01.25 18:26:46.394,1.05897,1.05909,2.44,1.50
2012.01.25 18:26:47.674,1.05899,1.05911,1.50,2.25
2012.01.25 18:26:47.886,1.059,1.05914,3.75,1.50
2012.01.25 18:26:48.158,1.059,1.05912,1.50,1.50
2012.01.25 18:26:48.357,1.05898,1.05912,2.25,1.50
2012.01.25 18:26:48.433,1.05895,1.05908,1.13,2.25
2012.01.25 18:26:50.773,1.05894,1.05908,2.25,2.25
2012.01.25 18:26:51.303,1.05894,1.05908,1.50,2.25
2012.01.25 18:26:52.777,1.05894,1.05908,2.25,2.70
2012.01.25 18:26:53.133,1.05893,1.05905,1.50,2.25
2012.01.25 18:26:53.881,1.05893,1.05905,1.50,2.25
2012.01.25 18:26:53.962,1.05893,1.05905,1.50,1.50
2012.01.25 18:26:54.985,1.05891,1.05903,2.25,1.50
2012.01.25 18:26:55.445,1.0589,1.05902,2.25,1.50
2012.01.25 18:26:56.235,1.05887,1.05896,2.25,1.50
2012.01.25 18:26:56.315,1.05886,1.059,2.25,1.50
2012.01.25 18:26:56.908,1.05886,1.059,2.25,1.50
2012.01.25 18:26:57.047,1.05886,1.059,2.25,1.50
2012.01.25 18:26:57.866,1.05891,1.059,3.00,1.50
2012.01.25 18:26:58.544,1.05895,1.05907,1.50,3.90
2012.01.25 18:26:58.630,1.05887,1.059,2.25,1.50
2012.01.25 18:26:58.779,1.05886,1.05898,2.25,1.50
2012.01.25 18:26:59.243,1.05887,1.05901,2.25,1.50
2012.01.25 18:27:02.597,1.05889,1.05903,1.50,3.94
2012.01.25 18:27:03.174,1.05887,1.05901,2.25,1.50
2012.01.25 18:27:05.201,1.0589,1.05903,1.50,1.50
2012.01.25 18:27:05.416,1.05894,1.05907,2.25,1.20
2012.01.25 18:27:05.618,1.05894,1.05908,2.44,1.95
2012.01.25 18:27:05.761,1.05894,1.05908,3.19,1.50
2012.01.25 18:27:05.907,1.05894,1.05908,3.94,1.50
2012.01.25 18:27:06.511,1.05898,1.0591,2.25,1.50
2012.01.25 18:27:07.473,1.05898,1.0591,2.25,1.50
2012.01.25 18:27:07.626,1.05898,1.0591,2.25,1.50
2012.01.25 18:27:08.143,1.05895,1.05909,3.75,1.50
2012.01.25 18:27:08.884,1.05896,1.0591,2.25,1.50
2012.01.25 18:27:10.434,1.05896,1.0591,2.25,1.50
2012.01.25 18:27:10.574,1.05896,1.05909,2.25,1.50
2012.01.25 18:27:10.645,1.05895,1.05907,2.25,1.50
2012.01.25 18:27:12.873,1.05896,1.05909,2.25,1.50
2012.01.25 18:27:13.437,1.05896,1.0591,2.25,1.50
2012.01.25 18:27:14.541,1.05895,1.05907,2.25,1.50
2012.01.25 18:27:16.972,1.05897,1.05909,2.25,1.50
2012.01.25 18:27:17.512,1.05897,1.05909,2.25,1.50
2012.01.25 18:27:18.786,1.05899,1.05913,2.25,1.50
2012.01.25 18:27:19.164,1.05901,1.05915,2.25,1.50
2012.01.25 18:27:19.304,1.05904,1.05916,2.25,3.38
2012.01.25 18:27:19.915,1.05904,1.05916,2.25,1.50
2012.01.25 18:27:19.988,1.05904,1.05916,2.25,1.50
2012.01.25 18:27:20.615,1.05904,1.05916,2.25,1.50
2012.01.25 18:27:20.824,1.05904,1.05916,2.25,1.50
2012.01.25 18:27:22.515,1.05904,1.05916,2.25,1.88
2012.01.25 18:27:23.162,1.05901,1.05912,1.13,1.50
2012.01.25 18:27:23.544,1.05901,1.05912,3.38,1.50
2012.01.25 18:27:23.927,1.05905,1.05912,2.44,1.50
2012.01.25 18:27:23.993,1.05907,1.05921,2.25,1.50
2012.01.25 18:27:24.065,1.05905,1.05923,2.44,2.63
2012.01.25 18:27:24.203,1.05905,1.05923,3.19,1.88
2012.01.25 18:27:24.705,1.05905,1.05923,3.19,1.88
2012.01.25 18:27:24.989,1.05909,1.05925,2.25,2.25
2012.01.25 18:27:25.071,1.05909,1.05925,2.25,1.50
2012.01.25 18:27:25.928,1.05915,1.05929,2.25,2.63
2012.01.25 18:27:26.022,1.05918,1.05936,2.63,2.63
2012.01.25 18:27:26.164,1.0592,1.05936,1.50,1.50
2012.01.25 18:27:27.386,1.05922,1.05936,1.13,1.50
2012.01.25 18:27:28.130,1.05919,1.05931,2.72,1.50
2012.01.25 18:27:29.696,1.0592,1.05931,2.25,1.50
2012.01.25 18:27:29.836,1.05924,1.05934,1.50,1.50
2012.01.25 18:27:29.907,1.05926,1.05939,2.25,1.02
2012.01.25 18:27:30.465,1.05926,1.0594,2.25,1.69
2012.01.25 18:27:30.542,1.05926,1.0594,2.25,1.50
2012.01.25 18:27:30.868,1.05925,1.05937,3.57,1.50
2012.01.25 18:27:31.206,1.05927,1.05939,3.45,1.50
2012.01.25 18:27:31.275,1.05929,1.05941,1.88,1.50
2012.01.25 18:27:31.617,1.05931,1.05944,1.88,1.50
2012.01.25 18:27:31.691,1.05932,1.05947,1.50,2.63
2012.01.25 18:27:32.403,1.05932,1.05947,2.63,1.88
2012.01.25 18:27:32.497,1.05932,1.05945,2.25,1.50
2012.01.25 18:27:33.028,1.0593,1.05944,3.38,1.88
2012.01.25 18:27:34.382,1.0593,1.05941,1.50,1.50
2012.01.25 18:27:34.913,1.05929,1.05941,2.25,1.50
2012.01.25 18:27:35.255,1.0593,1.05944,2.63,1.50
2012.01.25 18:27:35.926,1.0593,1.05942,2.25,1.50
2012.01.25 18:27:36.581,1.05931,1.05946,2.25,1.50
2012.01.25 18:27:36.802,1.05931,1.05944,3.00,1.95
2012.01.25 18:27:37.152,1.05927,1.05941,2.25,3.75
2012.01.25 18:27:37.230,1.05927,1.05941,2.25,3.75
2012.01.25 18:27:37.379,1.05927,1.05941,2.25,1.50
2012.01.25 18:27:38.190,1.05927,1.05941,4.95,1.50
2012.01.25 18:27:38.275,1.05927,1.05941,2.25,1.50
2012.01.25 18:27:38.415,1.05925,1.05939,2.63,1.50
2012.01.25 18:27:38.753,1.0593,1.05939,2.71,1.50
2012.01.25 18:27:38.973,1.05935,1.05949,1.50,1.50
2012.01.25 18:27:39.052,1.05935,1.05947,1.50,2.52
2012.01.25 18:27:39.886,1.05934,1.05946,1.50,3.00
2012.01.25 18:27:39.979,1.05928,1.05942,3.00,1.69
2012.01.25 18:27:40.326,1.05925,1.05939,2.25,1.50
2012.01.25 18:27:40.395,1.05925,1.05939,2.25,1.50
2012.01.25 18:27:40.464,1.05924,1.05936,3.38,1.50
2012.01.25 18:27:40.877,1.05923,1.05938,2.25,1.50
2012.01.25 18:27:41.942,1.05923,1.05938,2.25,1.50
2012.01.25 18:27:42.156,1.05925,1.0594,1.50,1.50
2012.01.25 18:27:42.857,1.05925,1.0594,3.00,1.50
2012.01.25 18:27:43.476,1.05925,1.0594,3.00,1.50
2012.01.25 18:27:43.548,1.05928,1.05943,1.95,3.00
2012.01.25 18:27:43.618,1.05929,1.05943,1.50,1.50
2012.01.25 18:27:44.198,1.05928,1.05941,2.25,1.50
2012.01.25 18:27:44.476,1.05927,1.05941,2.25,1.50
2012.01.25 18:27:44.997,1.05925,1.05939,3.75,1.50
2012.01.25 18:27:45.197,1.05928,1.05941,2.25,1.50
2012.01.25 18:27:45.263,1.05928,1.05942,2.25,1.50
2012.01.25 18:27:45.873,1.05927,1.0594,2.63,1.50
2012.01.25 18:27:47.863,1.05927,1.0594,1.13,1.50
2012.01.25 18:27:48.207,1.05922,1.05934,3.38,1.50
2012.01.25 18:27:48.558,1.05919,1.05932,2.44,1.50
2012.01.25 18:27:48.631,1.05919,1.05932,1.13,1.50
2012.01.25 18:27:49.144,1.05919,1.05932,1.13,1.50
2012.01.25 18:27:49.307,1.05916,1.05926,1.39,1.50
2012.01.25 18:27:49.399,1.05912,1.05923,2.25,1.50
2012.01.25 18:27:49.482,1.05911,1.05923,4.50,1.50
2012.01.25 18:27:49.947,1.05916,1.05928,2.25,1.50
2012.01.25 18:27:50.473,1.05915,1.05927,2.25,1.50
2012.01.25 18:27:51.576,1.05917,1.05929,1.13,1.50
2012.01.25 18:27:52.110,1.05919,1.05928,1.50,1.50
2012.01.25 18:27:52.395,1.05919,1.0593,1.50,1.50
2012.01.25 18:27:52.908,1.05919,1.05929,1.50,1.50
2012.01.25 18:27:53.154,1.05919,1.05926,1.50,1.50
2012.01.25 18:27:53.898,1.05919,1.05926,1.50,1.50
2012.01.25 18:27:53.985,1.05918,1.05928,1.88,1.50
2012.01.25 18:27:54.493,1.05918,1.05927,1.50,1.50
2012.01.25 18:27:55.074,1.05919,1.05928,1.50,1.50
2012.01.25 18:27:55.632,1.05919,1.0593,1.50,1.50
2012.01.25 18:27:57.149,1.05919,1.05929,1.50,1.50
2012.01.25 18:27:57.614,1.05917,1.05929,1.50,1.50
2012.01.25 18:27:57.806,1.05917,1.05926,1.50,1.50
2012.01.25 18:27:58.115,1.05917,1.05928,1.50,1.50
2012.01.25 18:27:58.615,1.05919,1.05929,1.50,1.50
2012.01.25 18:27:59.087,1.05919,1.05926,1.50,1.50
2012.01.25 18:27:59.297,1.05919,1.05929,1.50,1.50
2012.01.25 18:28:00.160,1.05919,1.05927,1.50,1.50
2012.01.25 18:28:00.694,1.05919,1.05926,1.50,1.50
2012.01.25 18:28:01.255,1.05919,1.05927,1.50,1.50
2012.01.25 18:28:01.608,1.05919,1.05928,1.50,3.64
2012.01.25 18:28:01.822,1.05914,1.05926,3.75,2.44
2012.01.25 18:28:02.459,1.05913,1.05919,2.25,1.50
2012.01.25 18:28:02.537,1.0591,1.05919,1.50,1.50
2012.01.25 18:28:02.612,1.05909,1.05919,1.50,1.50
2012.01.25 18:28:03.176,1.05908,1.05917,1.13,1.50
2012.01.25 18:28:03.365,1.05907,1.05919,3.38,1.50
2012.01.25 18:28:04.874,1.05906,1.05918,1.88,1.50
2012.01.25 18:28:07.648,1.0591,1.05918,1.50,1.50
2012.01.25 18:28:07.731,1.05909,1.0592,1.50,1.50
2012.01.25 18:28:07.808,1.05913,1.05926,1.50,1.50
2012.01.25 18:28:07.878,1.05911,1.05925,2.44,1.50
2012.01.25 18:28:08.020,1.0591,1.05922,2.44,1.50
2012.01.25 18:28:08.307,1.05912,1.05926,1.50,1.50
2012.01.25 18:28:09.495,1.05911,1.05923,2.44,1.50
2012.01.25 18:28:10.034,1.05908,1.05922,3.00,2.25
2012.01.25 18:28:10.389,1.05908,1.05918,1.50,1.92
2012.01.25 18:28:11.167,1.059,1.05912,1.88,1.50
2012.01.25 18:28:11.646,1.05902,1.05916,2.25,3.00
2012.01.25 18:28:12.174,1.05902,1.05916,1.50,2.25
2012.01.25 18:28:12.716,1.05902,1.05916,2.25,1.50
2012.01.25 18:28:13.640,1.05902,1.05915,2.25,1.50
2012.01.25 18:28:13.861,1.059,1.05914,2.25,3.75
2012.01.25 18:28:14.200,1.05896,1.05907,1.50,1.50
2012.01.25 18:28:14.418,1.05902,1.05914,2.25,1.50
2012.01.25 18:28:14.488,1.05908,1.05914,1.95,1.50
2012.01.25 18:28:14.560,1.05908,1.05918,1.95,3.94
2012.01.25 18:28:15.304,1.05909,1.05919,1.50,1.50
2012.01.25 18:28:15.394,1.05906,1.0592,3.19,1.50
2012.01.25 18:28:15.853,1.05908,1.05922,2.25,1.50
2012.01.25 18:28:16.877,1.05908,1.05922,1.50,2.25
2012.01.25 18:28:17.065,1.05907,1.05919,1.50,1.50
2012.01.25 18:28:17.792,1.05907,1.05917,1.50,1.50
2012.01.25 18:28:17.874,1.059,1.05914,3.64,1.50
2012.01.25 18:28:18.017,1.059,1.05914,1.69,2.25
2012.01.25 18:28:18.285,1.05899,1.05911,1.50,2.25
2012.01.25 18:28:18.819,1.05898,1.05912,2.25,2.25
2012.01.25 18:28:18.971,1.05901,1.05913,3.00,1.50
2012.01.25 18:28:19.051,1.05901,1.05915,3.00,2.44
2012.01.25 18:28:19.126,1.059,1.05913,1.65,1.50
2012.01.25 18:28:19.870,1.05899,1.05913,2.25,1.50
2012.01.25 18:28:20.213,1.05896,1.05908,2.25,1.50
2012.01.25 18:28:20.523,1.05897,1.05911,2.25,2.25
2012.01.25 18:28:21.024,1.05897,1.05911,2.25,1.50
2012.01.25 18:28:21.158,1.05903,1.05917,1.50,2.25
2012.01.25 18:28:21.493,1.05903,1.05917,1.50,2.25
2012.01.25 18:28:22.037,1.05902,1.05914,1.50,2.25
2012.01.25 18:28:22.178,1.05904,1.05916,1.50,2.25
2012.01.25 18:28:23.139,1.05902,1.05913,1.69,2.25
2012.01.25 18:28:23.491,1.05899,1.05911,2.25,3.75
2012.01.25 18:28:23.572,1.05898,1.05909,2.44,1.50
2012.01.25 18:28:23.929,1.05895,1.05907,1.88,1.50
2012.01.25 18:28:24.145,1.05896,1.0591,1.50,2.25
2012.01.25 18:28:24.712,1.05896,1.0591,2.44,2.25
2012.01.25 18:28:24.798,1.05899,1.05912,1.50,2.89
2012.01.25 18:28:25.153,1.05889,1.05897,1.50,1.50
2012.01.25 18:28:25.434,1.05885,1.05897,2.25,1.50
2012.01.25 18:28:25.944,1.05885,1.05897,2.25,1.50
2012.01.25 18:28:26.283,1.05886,1.059,2.25,1.50
2012.01.25 18:28:27.122,1.05892,1.05902,1.50,1.50
2012.01.25 18:28:27.479,1.05893,1.05902,1.13,1.50
2012.01.25 18:28:27.947,1.059,1.05912,1.50,2.25
2012.01.25 18:28:29.936,1.05898,1.0591,1.50,2.25
2012.01.25 18:28:30.135,1.05896,1.05908,1.50,2.25
2012.01.25 18:28:31.063,1.05896,1.05908,1.50,2.25
2012.01.25 18:28:31.907,1.05891,1.05904,1.50,2.25
2012.01.25 18:28:32.567,1.05891,1.05905,1.50,2.25
2012.01.25 18:28:33.124,1.05894,1.05906,1.50,2.25
2012.01.25 18:28:33.638,1.05894,1.05904,1.50,1.13
2012.01.25 18:28:34.348,1.05894,1.05904,1.50,2.25
2012.01.25 18:28:34.438,1.05887,1.05901,1.50,2.25
2012.01.25 18:28:36.712,1.05887,1.05901,1.50,2.25
2012.01.25 18:28:36.904,1.05889,1.05901,1.50,2.25
2012.01.25 18:28:37.646,1.05891,1.05903,1.50,2.25
2012.01.25 18:28:37.715,1.05888,1.05902,1.50,2.25
2012.01.25 18:28:37.904,1.05891,1.05903,1.50,2.25
2012.01.25 18:28:38.227,1.05893,1.05905,1.50,2.25
2012.01.25 18:28:40.483,1.05893,1.05905,1.50,2.25
2012.01.25 18:28:41.056,1.0589,1.05904,1.50,2.25
2012.01.25 18:28:41.125,1.0589,1.05904,1.50,2.25
2012.01.25 18:28:41.778,1.0589,1.05904,1.50,2.25
2012.01.25 18:28:41.924,1.05892,1.05906,1.50,2.25
2012.01.25 18:28:42.263,1.05892,1.05906,1.50,2.25
2012.01.25 18:28:42.397,1.05895,1.05907,1.50,2.25
2012.01.25 18:28:43.192,1.05895,1.05907,1.50,1.50
2012.01.25 18:28:44.394,1.05897,1.05909,1.50,2.25
2012.01.25 18:28:45.239,1.05893,1.05907,2.25,1.50
2012.01.25 18:28:46.247,1.05893,1.05907,1.50,2.25
2012.01.25 18:28:46.805,1.05893,1.05907,1.50,2.25
2012.01.25 18:28:47.363,1.05893,1.05907,1.50,2.25
2012.01.25 18:28:48.245,1.05898,1.05909,3.83,1.50
2012.01.25 18:28:48.322,1.05898,1.05907,3.83,1.50
2012.01.25 18:28:48.396,1.05901,1.05912,3.00,2.25
2012.01.25 18:28:48.470,1.05901,1.05909,2.25,1.95
2012.01.25 18:28:48.761,1.05889,1.05903,4.50,1.50
2012.01.25 18:28:49.282,1.05889,1.05903,2.25,2.25
2012.01.25 18:28:49.805,1.05892,1.05904,1.50,2.25
2012.01.25 18:28:50.766,1.0589,1.05902,1.50,2.25
2012.01.25 18:28:50.977,1.05889,1.05901,1.50,2.25
2012.01.25 18:28:51.844,1.05889,1.059,1.50,1.20
2012.01.25 18:28:52.394,1.05889,1.05899,1.50,1.20
2012.01.25 18:28:52.523,1.05889,1.05899,1.50,1.20
2012.01.25 18:28:52.979,1.05884,1.05898,1.50,2.25
2012.01.25 18:28:53.949,1.05888,1.05899,1.50,1.58
2012.01.25 18:28:54.145,1.05888,1.059,1.50,5.67
2012.01.25 18:28:54.395,1.05886,1.05898,1.50,1.50
2012.01.25 18:28:54.917,1.05886,1.05898,1.50,2.25
2012.01.25 18:28:55.129,1.05888,1.05899,1.50,1.20
2012.01.25 18:28:55.466,1.05886,1.05898,1.50,2.25
2012.01.25 18:28:55.944,1.05886,1.05896,1.50,1.13
2012.01.25 18:28:56.016,1.05883,1.05895,1.50,1.32
2012.01.25 18:28:56.086,1.05882,1.05892,2.25,1.50
2012.01.25 18:28:56.729,1.05882,1.05894,1.50,1.50
2012.01.25 18:28:56.817,1.0588,1.05892,1.50,2.25
2012.01.25 18:28:56.956,1.05876,1.0589,2.25,1.50
2012.01.25 18:28:57.494,1.05877,1.0589,1.50,1.50
2012.01.25 18:28:57.566,1.05879,1.05891,1.50,1.50
2012.01.25 18:28:58.452,1.05879,1.05891,1.50,2.25
2012.01.25 18:28:58.776,1.05883,1.05896,2.25,4.95
2012.01.25 18:28:59.127,1.05886,1.05896,1.50,3.60
2012.01.25 18:28:59.790,1.05886,1.05896,1.50,1.35
2012.01.25 18:28:59.936,1.05884,1.05898,1.50,2.25
2012.01.25 18:29:01.737,1.05886,1.05898,1.95,2.25
2012.01.25 18:29:02.072,1.05889,1.05899,1.50,1.08
2012.01.25 18:29:02.479,1.05882,1.05894,1.50,1.50
2012.01.25 18:29:03.214,1.05883,1.05896,1.50,2.25
2012.01.25 18:29:03.963,1.05883,1.05897,1.50,2.25
2012.01.25 18:29:04.092,1.05886,1.05898,1.50,2.44
2012.01.25 18:29:04.423,1.05888,1.05899,1.50,1.95
2012.01.25 18:29:04.556,1.05888,1.05899,1.50,1.95
2012.01.25 18:29:07.695,1.05888,1.05899,1.50,1.20
2012.01.25 18:29:07.768,1.05891,1.05902,1.50,2.25
2012.01.25 18:29:07.908,1.05891,1.05903,1.50,2.25
2012.01.25 18:29:08.303,1.05898,1.05903,1.09,2.25
2012.01.25 18:29:08.933,1.05898,1.05903,1.35,2.25
2012.01.25 18:29:09.243,1.05919,1.05924,1.50,3.00
2012.01.25 18:29:09.319,1.05917,1.05922,1.50,2.25
2012.01.25 18:29:09.402,1.05917,1.05922,1.88,2.25
2012.01.25 18:29:09.482,1.05918,1.05931,1.88,2.25
2012.01.25 18:29:09.629,1.0592,1.05932,1.50,5.33
2012.01.25 18:29:10.614,1.05915,1.05929,2.25,1.50
2012.01.25 18:29:10.902,1.05917,1.05931,2.25,3.75
2012.01.25 18:29:11.124,1.05917,1.05931,2.25,3.75
2012.01.25 18:29:12.957,1.05917,1.05931,2.25,3.75
2012.01.25 18:29:13.445,1.05922,1.05931,1.95,3.75
2012.01.25 18:29:13.786,1.05927,1.05936,3.00,3.00
2012.01.25 18:29:13.926,1.05927,1.05936,1.50,2.25
2012.01.25 18:29:13.997,1.0592,1.05934,2.25,1.50
2012.01.25 18:29:14.552,1.0592,1.05934,1.88,1.50
2012.01.25 18:29:14.636,1.0592,1.05934,1.88,1.50
2012.01.25 18:29:14.920,1.0592,1.05934,2.25,3.00
2012.01.25 18:29:15.069,1.05918,1.05932,2.63,1.50
2012.01.25 18:29:15.137,1.05919,1.05934,1.50,1.50
2012.01.25 18:29:16.336,1.05921,1.05936,2.25,1.95
2012.01.25 18:29:16.411,1.05921,1.05936,1.50,1.50
2012.01.25 18:29:17.082,1.05923,1.05927,1.50,1.95
2012.01.25 18:29:17.232,1.05919,1.05927,1.50,6.45
2012.01.25 18:29:17.385,1.05909,1.05921,2.25,1.50
2012.01.25 18:29:17.464,1.05909,1.05921,1.50,1.50
2012.01.25 18:29:17.533,1.05911,1.05923,1.50,1.69
2012.01.25 18:29:17.875,1.05908,1.05922,2.25,1.50
2012.01.25 18:29:18.012,1.05904,1.05918,3.38,1.50
2012.01.25 18:29:18.345,1.05908,1.0592,3.00,1.50
2012.01.25 18:29:18.916,1.0591,1.05921,1.50,1.50
2012.01.25 18:29:19.566,1.05909,1.05921,2.25,1.50
2012.01.25 18:29:19.637,1.0591,1.05924,1.50,2.25
2012.01.25 18:29:19.704,1.0591,1.05924,2.25,2.25
2012.01.25 18:29:20.241,1.05908,1.05922,3.00,2.25
2012.01.25 18:29:20.808,1.05909,1.05922,1.50,1.50
2012.01.25 18:29:21.391,1.05909,1.05922,1.50,1.50
2012.01.25 18:29:21.964,1.05908,1.05922,2.25,1.50
2012.01.25 18:29:22.472,1.05908,1.05922,2.25,2.25
2012.01.25 18:29:23.490,1.05908,1.05921,2.25,1.50
2012.01.25 18:29:24.090,1.05908,1.05918,2.25,1.09
2012.01.25 18:29:24.179,1.05908,1.05916,1.50,2.33
2012.01.25 18:29:24.269,1.05909,1.05918,1.50,1.13
2012.01.25 18:29:24.493,1.05909,1.05923,1.50,2.25
2012.01.25 18:29:24.643,1.05912,1.05924,1.50,3.94
2012.01.25 18:29:24.721,1.05908,1.05922,3.75,1.50
2012.01.25 18:29:24.804,1.05912,1.05926,1.50,4.88
2012.01.25 18:29:25.137,1.05912,1.05926,1.50,4.65
2012.01.25 18:29:25.668,1.0591,1.05923,1.50,2.25
2012.01.25 18:29:25.757,1.05912,1.05925,1.50,1.69
2012.01.25 18:29:26.105,1.05915,1.05927,1.50,2.25
2012.01.25 18:29:26.364,1.05915,1.05927,1.50,1.50
2012.01.25 18:29:26.818,1.05912,1.05924,2.25,1.50
2012.01.25 18:29:27.334,1.05912,1.05924,1.50,1.50
2012.01.25 18:29:28.525,1.05909,1.05923,1.50,2.25
2012.01.25 18:29:28.877,1.05906,1.05916,3.83,1.50
2012.01.25 18:29:28.949,1.05904,1.05916,1.50,1.50
2012.01.25 18:29:29.014,1.05902,1.05914,2.25,1.50
2012.01.25 18:29:29.085,1.05903,1.05917,2.25,1.50
2012.01.25 18:29:29.225,1.05903,1.05917,2.25,1.50
2012.01.25 18:29:29.416,1.05903,1.05917,2.25,1.50
2012.01.25 18:29:29.646,1.05905,1.05919,1.50,2.25
2012.01.25 18:29:30.642,1.05903,1.05917,2.25,1.50
2012.01.25 18:29:34.059,1.059,1.05912,2.25,1.50
2012.01.25 18:29:34.603,1.059,1.05912,1.50,2.25
2012.01.25 18:29:34.915,1.059,1.05912,2.25,1.50
2012.01.25 18:29:35.122,1.05905,1.05916,1.50,3.00
2012.01.25 18:29:35.644,1.05905,1.05919,1.50,3.00
2012.01.25 18:29:36.860,1.05905,1.05919,2.25,1.50
2012.01.25 18:29:37.216,1.05912,1.05924,1.50,2.25
2012.01.25 18:29:37.363,1.05913,1.05927,1.50,3.00
2012.01.25 18:29:37.555,1.05912,1.05924,1.50,2.25
2012.01.25 18:29:37.627,1.0591,1.05922,1.50,2.25
2012.01.25 18:29:38.860,1.0591,1.05922,1.50,2.25
2012.01.25 18:29:38.940,1.05907,1.05915,1.50,1.50
2012.01.25 18:29:39.221,1.059,1.05912,2.44,1.50
2012.01.25 18:29:39.366,1.05902,1.05914,2.25,1.50
2012.01.25 18:29:39.567,1.05904,1.05916,1.50,2.25
2012.01.25 18:29:39.990,1.05906,1.05916,1.95,1.50
2012.01.25 18:29:40.275,1.05911,1.05923,1.50,2.25
2012.01.25 18:29:40.912,1.05909,1.05916,1.50,1.50
2012.01.25 18:29:40.995,1.05902,1.05914,2.25,1.50
2012.01.25 18:29:41.396,1.05903,1.05917,2.25,1.50
2012.01.25 18:29:41.654,1.05901,1.05915,2.25,1.50
2012.01.25 18:29:42.172,1.05904,1.05916,2.25,1.50
2012.01.25 18:29:42.779,1.05904,1.05916,2.25,1.50
2012.01.25 18:29:43.186,1.05906,1.05918,6.45,1.50
2012.01.25 18:29:43.255,1.05911,1.05923,1.50,2.25
2012.01.25 18:29:43.931,1.05908,1.05922,1.50,2.25
2012.01.25 18:29:45.921,1.05908,1.05916,3.00,1.95
2012.01.25 18:29:46.276,1.05899,1.05911,2.25,1.50
2012.01.25 18:29:46.828,1.05898,1.05909,1.28,1.50
2012.01.25 18:29:47.185,1.05895,1.05907,3.75,1.50
2012.01.25 18:29:47.256,1.05897,1.05909,2.25,1.50
2012.01.25 18:29:47.658,1.05899,1.05909,1.50,1.50
2012.01.25 18:29:48.010,1.05905,1.05911,1.88,1.50
2012.01.25 18:29:48.745,1.05914,1.05921,2.25,6.42
2012.01.25 18:29:48.840,1.05918,1.05932,2.25,6.45
2012.01.25 18:29:49.047,1.05918,1.05932,2.25,7.20
2012.01.25 18:29:49.259,1.05918,1.05932,2.25,5.70
2012.01.25 18:29:49.331,1.05916,1.0593,4.47,1.50
2012.01.25 18:29:49.536,1.05916,1.0593,2.25,1.50
2012.01.25 18:29:53.158,1.05916,1.05928,2.25,1.95
2012.01.25 18:29:53.239,1.05914,1.05927,1.50,1.13
2012.01.25 18:29:53.315,1.05913,1.05925,2.25,1.50
2012.01.25 18:29:53.665,1.05913,1.05927,2.25,1.50
2012.01.25 18:29:53.865,1.05915,1.05929,2.25,1.50
2012.01.25 18:29:56.480,1.05915,1.05929,2.25,1.50
2012.01.25 18:29:56.959,1.05918,1.0593,2.25,2.25
2012.01.25 18:29:57.106,1.05918,1.0593,1.50,2.25
2012.01.25 18:29:57.456,1.05919,1.05933,2.25,4.69
2012.01.25 18:29:58.349,1.05919,1.05932,2.25,1.50
2012.01.25 18:29:58.427,1.05918,1.0593,2.25,1.50
2012.01.25 18:29:58.928,1.05918,1.0593,1.50,1.50
2012.01.25 18:29:59.260,1.05916,1.05928,2.25,1.50
2012.01.25 18:29:59.406,1.05916,1.05928,2.25,1.50
2012.01.25 18:30:00.855,1.05919,1.05932,2.25,2.25
2012.01.25 18:30:01.328,1.05917,1.0593,2.25,1.13
2012.01.25 18:30:01.399,1.05916,1.05928,3.00,1.50
2012.01.25 18:30:01.945,1.05916,1.05928,2.25,1.50
2012.01.25 18:30:02.601,1.05916,1.05928,2.25,1.50
2012.01.25 18:30:02.678,1.05918,1.05932,2.25,1.50
2012.01.25 18:30:03.194,1.05919,1.05932,2.25,1.88
2012.01.25 18:30:03.268,1.05922,1.05933,1.50,1.32
2012.01.25 18:30:03.469,1.0592,1.05932,2.25,1.88
2012.01.25 18:30:04.059,1.0592,1.05932,2.63,1.50
2012.01.25 18:30:04.778,1.05921,1.05935,3.00,2.63
2012.01.25 18:30:05.267,1.0592,1.05934,2.25,2.07
2012.01.25 18:30:05.814,1.05921,1.05934,1.50,1.69
2012.01.25 18:30:06.681,1.05921,1.05934,2.25,1.69
2012.01.25 18:30:06.774,1.05923,1.05935,2.25,1.50
2012.01.25 18:30:06.853,1.05923,1.05935,2.25,1.50
2012.01.25 18:30:06.984,1.05928,1.0594,2.25,1.50
2012.01.25 18:30:07.059,1.05928,1.0594,2.25,1.50
2012.01.25 18:30:07.610,1.05925,1.05939,2.25,1.50
2012.01.25 18:30:08.402,1.05925,1.05939,3.75,1.50
2012.01.25 18:30:08.979,1.05926,1.0594,1.50,1.50
2012.01.25 18:30:09.270,1.05931,1.05945,2.25,3.00
2012.01.25 18:30:09.348,1.05931,1.05945,2.25,1.50
2012.01.25 18:30:09.420,1.05931,1.05942,2.25,1.50
2012.01.25 18:30:09.780,1.05931,1.05946,3.34,1.50
2012.01.25 18:30:10.000,1.05934,1.05948,1.50,1.88
2012.01.25 18:30:10.081,1.05937,1.05951,2.25,3.00
2012.01.25 18:30:11.059,1.05931,1.05943,3.19,1.50
2012.01.25 18:30:11.457,1.05933,1.05945,3.75,1.50
2012.01.25 18:30:11.526,1.05935,1.05947,2.25,1.50
2012.01.25 18:30:12.047,1.05935,1.05947,2.25,1.50
2012.01.25 18:30:13.124,1.05935,1.05947,2.25,1.50
2012.01.25 18:30:13.191,1.05935,1.05947,2.25,1.50
2012.01.25 18:30:13.322,1.05935,1.05947,2.25,1.50
2012.01.25 18:30:13.394,1.05935,1.05947,2.25,1.50
2012.01.25 18:30:14.057,1.0593,1.05941,1.88,1.50
2012.01.25 18:30:14.370,1.05929,1.05943,1.88,1.50
2012.01.25 18:30:14.645,1.0593,1.05942,2.63,1.13
2012.01.25 18:30:14.929,1.05924,1.05933,2.63,2.70
2012.01.25 18:30:15.150,1.0592,1.0593,2.25,1.02
2012.01.25 18:30:15.738,1.0592,1.05929,1.50,1.02
2012.01.25 18:30:16.038,1.05916,1.05927,2.25,1.50
2012.01.25 18:30:16.116,1.05916,1.05931,2.25,1.50
2012.01.25 18:30:16.193,1.05916,1.05923,2.25,1.50
2012.01.25 18:30:16.270,1.05913,1.05923,1.69,1.50
2012.01.25 18:30:16.555,1.05912,1.05926,4.39,2.25
2012.01.25 18:30:17.304,1.05915,1.05928,2.25,1.50
2012.01.25 18:30:18.163,1.05914,1.05928,2.25,1.50
2012.01.25 18:30:18.352,1.05914,1.05927,1.50,1.28
2012.01.25 18:30:18.692,1.05912,1.05924,1.50,1.50
2012.01.25 18:30:19.081,1.05914,1.05926,1.50,2.25
2012.01.25 18:30:19.649,1.05912,1.05925,2.25,2.25
2012.01.25 18:30:20.105,1.05914,1.05926,1.50,2.25
2012.01.25 18:30:20.453,1.05914,1.05926,1.50,2.25
2012.01.25 18:30:20.521,1.05912,1.05924,1.50,2.63
2012.01.25 18:30:20.723,1.05912,1.05924,2.25,1.50
2012.01.25 18:30:20.791,1.05914,1.05928,1.50,2.93
2012.01.25 18:30:21.751,1.05915,1.05927,1.50,2.78
2012.01.25 18:30:21.966,1.05913,1.05925,1.50,2.25
2012.01.25 18:30:22.497,1.05914,1.05927,1.50,1.28
2012.01.25 18:30:22.932,1.0591,1.05924,3.00,2.25
2012.01.25 18:30:23.059,1.0591,1.05924,2.25,2.25
2012.01.25 18:30:23.824,1.05909,1.05921,1.50,2.25
2012.01.25 18:30:24.948,1.05906,1.05918,2.63,1.50
2012.01.25 18:30:25.150,1.05906,1.05918,2.63,1.50
2012.01.25 18:30:25.219,1.05906,1.05918,2.63,1.50
2012.01.25 18:30:25.409,1.05907,1.05921,2.25,2.25
2012.01.25 18:30:26.453,1.05906,1.05918,2.25,1.50
2012.01.25 18:30:26.657,1.05908,1.0592,2.25,1.50
2012.01.25 18:30:27.496,1.05913,1.05923,1.50,2.25
2012.01.25 18:30:27.582,1.05909,1.05923,1.50,2.25
2012.01.25 18:30:28.089,1.05909,1.05923,1.50,2.25
2012.01.25 18:30:30.119,1.05909,1.05923,1.50,2.25
2012.01.25 18:30:30.731,1.05909,1.05923,1.50,1.50
2012.01.25 18:30:31.310,1.05909,1.05923,1.50,2.63
2012.01.25 18:30:34.453,1.05906,1.05918,2.25,1.65
2012.01.25 18:30:34.687,1.059,1.05912,1.50,1.50
2012.01.25 18:30:38.110,1.059,1.05912,1.50,5.89
2012.01.25 18:30:38.390,1.05895,1.05907,2.25,1.35
2012.01.25 18:30:39.248,1.05895,1.05907,1.50,2.55
2012.01.25 18:30:39.339,1.05905,1.05917,1.50,3.15
2012.01.25 18:30:39.419,1.05902,1.05914,1.50,1.50
2012.01.25 18:30:39.972,1.05901,1.05913,1.50,1.50
2012.01.25 18:30:42.463,1.05905,1.05918,1.50,2.44
2012.01.25 18:30:42.799,1.05905,1.05919,2.25,3.00
2012.01.25 18:30:42.873,1.05908,1.05922,1.50,2.44
2012.01.25 18:30:43.015,1.05906,1.0592,2.25,2.25
2012.01.25 18:30:43.539,1.05904,1.05918,2.25,1.50
2012.01.25 18:30:44.933,1.05904,1.05918,2.25,1.50
2012.01.25 18:30:45.908,1.05904,1.05918,2.25,1.50
2012.01.25 18:30:47.700,1.05904,1.05918,1.50,2.25
2012.01.25 18:30:48.248,1.05904,1.05918,2.25,1.50
2012.01.25 18:30:48.891,1.05904,1.05918,2.25,2.25
2012.01.25 18:30:49.109,1.05903,1.05915,2.25,1.50
2012.01.25 18:30:49.446,1.05898,1.0591,2.25,1.50
2012.01.25 18:30:49.525,1.05896,1.0591,2.44,1.50
2012.01.25 18:30:49.592,1.05898,1.05912,2.25,1.50
2012.01.25 18:30:51.363,1.05897,1.05909,2.25,1.50
2012.01.25 18:30:51.695,1.05897,1.05906,1.50,1.09
2012.01.25 18:30:51.834,1.05894,1.05907,2.25,1.54
2012.01.25 18:30:52.368,1.05894,1.05907,2.25,1.54
2012.01.25 18:30:53.537,1.05894,1.05907,2.25,1.05
2012.01.25 18:30:54.044,1.05892,1.05906,2.25,1.50
2012.01.25 18:30:54.582,1.05892,1.05906,3.38,1.95
2012.01.25 18:30:55.610,1.05895,1.05907,1.50,2.55
2012.01.25 18:30:55.956,1.05898,1.05907,4.20,2.55
2012.01.25 18:30:56.291,1.05902,1.05907,2.25,1.05
2012.01.25 18:30:56.799,1.05902,1.05907,1.50,1.80
2012.01.25 18:30:57.193,1.05902,1.05915,1.50,1.13
2012.01.25 18:30:59.383,1.059,1.05914,1.50,2.63
2012.01.25 18:30:59.930,1.059,1.05914,1.50,2.63
2012.01.25 18:31:01.933,1.05903,1.05914,1.50,1.13
2012.01.25 18:31:02.281,1.05901,1.05914,1.50,3.38
2012.01.25 18:31:02.632,1.05901,1.05914,2.25,1.88
2012.01.25 18:31:03.214,1.05904,1.05916,1.50,1.88
2012.01.25 18:31:03.743,1.05904,1.05916,2.25,1.88
2012.01.25 18:31:04.296,1.05904,1.05916,2.25,1.88
2012.01.25 18:31:05.283,1.05904,1.05914,1.50,1.13
2012.01.25 18:31:05.812,1.05901,1.05915,2.25,1.88
2012.01.25 18:31:07.114,1.05901,1.05915,2.63,1.88
2012.01.25 18:31:08.241,1.05904,1.05916,1.50,1.88
2012.01.25 18:31:08.381,1.05907,1.05919,1.50,1.73
2012.01.25 18:31:08.809,1.05907,1.05921,2.25,3.00
2012.01.25 18:31:08.885,1.05906,1.05918,2.25,1.50
2012.01.25 18:31:09.234,1.05904,1.05916,1.50,2.25
2012.01.25 18:31:09.889,1.05903,1.05915,1.13,1.50
2012.01.25 18:31:10.104,1.05903,1.05917,2.25,2.25
2012.01.25 18:31:10.391,1.05906,1.05918,1.50,2.25
2012.01.25 18:31:11.661,1.05906,1.05918,1.50,1.50
2012.01.25 18:31:12.012,1.05908,1.0592,2.25,1.50
2012.01.25 18:31:12.144,1.0591,1.05923,2.25,2.25
2012.01.25 18:31:13.072,1.05908,1.05922,2.25,1.50
2012.01.25 18:31:14.221,1.05908,1.05922,2.25,1.50
2012.01.25 18:31:14.351,1.05908,1.05922,2.25,1.50
2012.01.25 18:31:14.869,1.05908,1.05922,1.50,1.50
2012.01.25 18:31:16.109,1.05908,1.05922,1.50,2.25
2012.01.25 18:31:16.184,1.05908,1.05922,1.50,3.19
2012.01.25 18:31:16.930,1.05907,1.05919,1.50,2.25
2012.01.25 18:31:17.007,1.05905,1.05917,1.50,2.25
2012.01.25 18:31:18.553,1.05905,1.05917,2.25,1.50
2012.01.25 18:31:19.100,1.05905,1.05917,1.50,1.50
2012.01.25 18:31:19.653,1.05906,1.05917,1.50,1.50
2012.01.25 18:31:19.726,1.05909,1.05921,1.50,2.25
2012.01.25 18:31:21.790,1.05909,1.05921,1.50,2.25
2012.01.25 18:31:21.921,1.05906,1.0592,2.25,2.25
2012.01.25 18:31:23.221,1.05904,1.05918,2.25,1.50
2012.01.25 18:31:24.321,1.05901,1.05913,2.25,1.50
2012.01.25 18:31:24.397,1.059,1.05912,1.88,1.50
2012.01.25 18:31:24.544,1.059,1.05914,2.63,2.25
2012.01.25 18:31:25.066,1.059,1.05914,2.25,1.50
2012.01.25 18:31:25.582,1.05903,1.05915,1.50,2.63
2012.01.25 18:31:25.851,1.05901,1.05913,1.50,2.25
2012.01.25 18:31:26.331,1.05903,1.05915,1.50,1.50
2012.01.25 18:31:26.651,1.05906,1.05917,1.50,1.50
2012.01.25 18:31:27.476,1.05905,1.05917,1.50,3.00
2012.01.25 18:31:28.000,1.05905,1.05917,1.50,3.00
2012.01.25 18:31:28.131,1.05902,1.05916,2.25,2.25
2012.01.25 18:31:28.633,1.05902,1.05916,2.63,2.25
2012.01.25 18:31:30.755,1.05902,1.05916,2.63,2.25
2012.01.25 18:31:31.443,1.05902,1.05916,1.88,2.25
2012.01.25 18:31:31.510,1.05902,1.05916,2.63,2.25
2012.01.25 18:31:32.249,1.05904,1.05917,1.50,1.50
2012.01.25 18:31:33.488,1.05904,1.05918,1.50,2.25
2012.01.25 18:31:34.038,1.05904,1.05918,2.44,1.50
2012.01.25 18:31:34.111,1.05906,1.0592,1.50,1.50
2012.01.25 18:31:35.591,1.05905,1.05918,1.13,1.50
2012.01.25 18:31:36.569,1.05907,1.05919,1.50,2.25
2012.01.25 18:31:37.119,1.05905,1.05917,2.63,1.50
2012.01.25 18:31:38.925,1.05905,1.05911,1.50,1.50
2012.01.25 18:31:39.091,1.05901,1.05911,2.89,1.50
2012.01.25 18:31:39.235,1.05899,1.05911,1.50,1.50
2012.01.25 18:31:39.382,1.05901,1.05913,1.50,9.49
2012.01.25 18:31:39.933,1.05901,1.05913,1.50,2.25
2012.01.25 18:31:40.699,1.05906,1.05918,1.50,2.25
2012.01.25 18:31:41.212,1.05906,1.05918,1.50,1.50
2012.01.25 18:31:41.540,1.05902,1.05914,2.25,1.50
2012.01.25 18:31:41.612,1.05907,1.05919,1.50,2.25
2012.01.25 18:31:42.145,1.05905,1.05917,2.25,1.50
2012.01.25 18:31:42.291,1.05907,1.0592,1.88,1.69
2012.01.25 18:31:42.370,1.05907,1.05921,3.00,3.75
2012.01.25 18:31:43.172,1.05916,1.05921,2.25,1.50
2012.01.25 18:31:43.259,1.05916,1.05925,1.13,1.50
2012.01.25 18:31:43.675,1.05916,1.05929,1.13,1.50
2012.01.25 18:31:44.333,1.05915,1.05929,1.88,2.85
2012.01.25 18:31:44.533,1.05913,1.05927,3.00,2.25
2012.01.25 18:31:44.732,1.05916,1.05928,1.50,3.75
2012.01.25 18:31:45.579,1.05916,1.0593,2.25,1.50
2012.01.25 18:31:47.188,1.05918,1.05931,1.50,2.25
2012.01.25 18:31:47.333,1.05916,1.0593,1.50,3.00
2012.01.25 18:31:48.210,1.05916,1.0593,2.25,1.50
2012.01.25 18:31:49.764,1.05916,1.0593,1.50,3.00
2012.01.25 18:31:50.114,1.05914,1.05924,1.50,1.50
2012.01.25 18:31:50.180,1.05914,1.05926,2.25,1.50
2012.01.25 18:31:50.818,1.05914,1.05926,1.50,1.50
2012.01.25 18:31:51.996,1.05912,1.05924,3.00,1.50
2012.01.25 18:31:52.202,1.05909,1.05923,2.25,1.50
2012.01.25 18:31:52.474,1.05908,1.0592,3.75,1.50
2012.01.25 18:31:52.610,1.0591,1.05924,2.25,2.25
2012.01.25 18:31:53.180,1.05912,1.05926,1.88,2.25
2012.01.25 18:31:53.255,1.05912,1.05926,1.88,2.25
2012.01.25 18:31:54.132,1.05911,1.05923,1.88,1.50
2012.01.25 18:31:54.413,1.05908,1.05922,4.50,2.25
2012.01.25 18:31:54.485,1.05908,1.05919,1.50,1.50
2012.01.25 18:31:54.824,1.05905,1.05917,2.14,1.50
2012.01.25 18:31:55.403,1.05907,1.05919,1.50,1.50
2012.01.25 18:31:55.600,1.05905,1.05917,2.44,1.50
2012.01.25 18:31:56.111,1.05905,1.05917,2.44,1.50
2012.01.25 18:31:56.253,1.05907,1.05919,2.25,1.50
2012.01.25 18:31:56.324,1.05905,1.05917,2.44,1.50
2012.01.25 18:31:57.212,1.05905,1.05917,2.44,1.50
2012.01.25 18:31:57.830,1.05902,1.05911,1.13,1.50
2012.01.25 18:31:57.972,1.05899,1.05911,2.63,1.50
2012.01.25 18:31:58.381,1.05896,1.0591,1.88,1.50
2012.01.25 18:32:00.022,1.05898,1.05911,1.50,2.25
2012.01.25 18:32:00.532,1.05897,1.05909,1.50,1.50
2012.01.25 18:32:08.950,1.05897,1.05909,2.25,1.50
2012.01.25 18:32:09.025,1.05898,1.05911,2.63,1.50
2012.01.25 18:32:09.091,1.05903,1.05914,1.50,2.44
2012.01.25 18:32:09.430,1.05903,1.05915,2.25,1.50
2012.01.25 18:32:09.901,1.05903,1.05915,2.25,1.50
2012.01.25 18:32:10.042,1.059,1.05913,3.19,1.50
2012.01.25 18:32:10.589,1.059,1.05913,3.38,1.50
2012.01.25 18:32:10.734,1.05903,1.05915,2.25,1.50
2012.01.25 18:32:10.980,1.05905,1.05917,1.50,1.50
2012.01.25 18:32:11.051,1.05903,1.05915,1.50,1.50
2012.01.25 18:32:12.039,1.05905,1.05917,1.50,2.25
2012.01.25 18:32:12.244,1.05906,1.0592,1.50,2.25
2012.01.25 18:32:12.370,1.05906,1.0592,1.50,2.25
2012.01.25 18:32:12.880,1.05906,1.0592,1.50,3.00
2012.01.25 18:32:13.161,1.05904,1.05918,3.04,1.50
2012.01.25 18:32:13.240,1.0591,1.0592,1.13,1.50
2012.01.25 18:32:13.528,1.05912,1.05923,2.25,1.50
2012.01.25 18:32:14.137,1.05912,1.05924,2.63,1.50
2012.01.25 18:32:14.492,1.05911,1.05922,1.88,1.50
2012.01.25 18:32:14.751,1.05914,1.05928,2.25,1.50
2012.01.25 18:32:15.158,1.05913,1.05924,1.13,1.50
2012.01.25 18:32:15.480,1.05915,1.05927,2.25,1.50
2012.01.25 18:32:15.626,1.05917,1.05929,2.25,1.50
2012.01.25 18:32:15.830,1.05919,1.05931,1.50,2.44
2012.01.25 18:32:16.737,1.05916,1.05928,2.25,1.50
2012.01.25 18:32:16.885,1.05916,1.05928,2.25,1.50
2012.01.25 18:32:20.549,1.05914,1.05926,2.25,1.50
2012.01.25 18:32:20.627,1.05914,1.05926,1.50,1.50
2012.01.25 18:32:22.529,1.05914,1.05926,2.25,1.50
2012.01.25 18:32:22.779,1.05917,1.05929,2.25,1.50
2012.01.25 18:32:24.497,1.05917,1.05929,2.03,1.50
2012.01.25 18:32:24.852,1.05924,1.05929,2.18,1.50
2012.01.25 18:32:25.200,1.05928,1.05942,3.38,1.88
2012.01.25 18:32:25.280,1.05928,1.05942,4.13,1.88
2012.01.25 18:32:25.882,1.05927,1.05937,2.25,1.50
2012.01.25 18:32:26.201,1.05925,1.05937,2.25,1.50
2012.01.25 18:32:26.723,1.05925,1.05937,2.25,1.50
2012.01.25 18:32:27.060,1.05925,1.05937,2.44,1.50
2012.01.25 18:32:27.414,1.05923,1.05934,3.64,1.50
2012.01.25 18:32:28.031,1.05923,1.05935,2.63,1.50
2012.01.25 18:32:28.899,1.05924,1.05938,1.50,1.50
2012.01.25 18:32:29.221,1.05924,1.05938,2.63,1.50
2012.01.25 18:32:29.566,1.05924,1.05938,1.88,2.44
2012.01.25 18:32:29.773,1.0592,1.0593,1.50,1.50
2012.01.25 18:32:30.162,1.05918,1.05932,2.63,1.50
2012.01.25 18:32:32.203,1.05918,1.05932,2.25,1.69
2012.01.25 18:32:32.274,1.05917,1.05927,3.00,1.50
2012.01.25 18:32:32.803,1.05915,1.05926,1.50,1.50
2012.01.25 18:32:33.151,1.0591,1.05919,1.13,1.50
2012.01.25 18:32:33.415,1.05909,1.05921,2.63,1.50
2012.01.25 18:32:34.066,1.05911,1.05923,1.50,3.75
2012.01.25 18:32:34.147,1.05908,1.05922,2.63,2.25
2012.01.25 18:32:34.659,1.05908,1.05922,2.25,2.25
2012.01.25 18:32:35.930,1.05907,1.05919,2.25,1.50
2012.01.25 18:32:37.842,1.05907,1.05919,1.50,2.25
2012.01.25 18:32:38.150,1.05905,1.05917,2.63,1.50
2012.01.25 18:32:38.579,1.05907,1.05919,1.50,2.25
2012.01.25 18:32:39.119,1.05907,1.05919,2.63,2.25
2012.01.25 18:32:39.324,1.05909,1.05919,1.28,1.50
2012.01.25 18:32:39.585,1.05911,1.05922,3.34,1.50
2012.01.25 18:32:39.728,1.05912,1.05926,2.25,2.25
2012.01.25 18:32:40.639,1.05913,1.05926,1.13,1.50
2012.01.25 18:32:40.746,1.05919,1.05928,1.50,1.50
2012.01.25 18:32:40.821,1.05919,1.05933,1.50,1.50
2012.01.25 18:32:40.899,1.05921,1.05935,1.50,2.25
2012.01.25 18:32:40.973,1.05919,1.05933,1.50,2.25
2012.01.25 18:32:41.179,1.05919,1.05933,1.50,4.20
2012.01.25 18:32:41.254,1.05917,1.05929,2.25,1.50
2012.01.25 18:32:41.328,1.05917,1.05929,2.25,1.50
2012.01.25 18:32:41.476,1.05917,1.05929,1.50,1.50
2012.01.25 18:32:41.691,1.0592,1.05932,1.50,6.38
2012.01.25 18:32:42.557,1.05917,1.05929,1.50,1.50
2012.01.25 18:32:43.104,1.05917,1.05929,2.10,1.50
2012.01.25 18:32:43.461,1.05924,1.05932,1.32,1.50
2012.01.25 18:32:43.534,1.05924,1.05936,2.82,1.50
2012.01.25 18:32:43.749,1.05926,1.0594,2.25,1.50
2012.01.25 18:32:44.365,1.05926,1.0594,2.25,1.50
2012.01.25 18:32:44.579,1.05926,1.0594,1.50,2.25
2012.01.25 18:32:45.091,1.05924,1.05938,2.44,2.25
2012.01.25 18:32:45.424,1.05924,1.05938,1.50,3.00
2012.01.25 18:32:45.762,1.05922,1.05934,1.50,2.25
2012.01.25 18:32:45.834,1.05922,1.05934,1.50,2.25
2012.01.25 18:32:46.590,1.05922,1.05934,1.50,1.50
2012.01.25 18:32:47.536,1.0592,1.05932,3.75,1.50
2012.01.25 18:32:48.073,1.05919,1.05931,1.50,1.50
2012.01.25 18:32:48.990,1.05919,1.05929,1.50,2.14
2012.01.25 18:32:49.066,1.05916,1.05928,1.50,3.00
2012.01.25 18:32:49.144,1.05914,1.05928,3.38,4.50
2012.01.25 18:32:49.288,1.05912,1.05926,4.50,1.50
2012.01.25 18:32:49.606,1.05916,1.0593,1.50,3.75
2012.01.25 18:32:49.800,1.05919,1.05931,1.50,2.25
2012.01.25 18:32:51.262,1.05913,1.05926,2.44,1.50
2012.01.25 18:32:51.340,1.05916,1.0593,1.50,2.25
2012.01.25 18:32:54.476,1.05914,1.05926,1.50,1.50
2012.01.25 18:32:54.552,1.05915,1.05929,1.50,3.75
2012.01.25 18:32:55.092,1.05915,1.05929,1.50,1.50
2012.01.25 18:32:55.158,1.05915,1.05929,1.50,2.25
2012.01.25 18:32:55.474,1.05914,1.05925,1.50,2.25
2012.01.25 18:32:55.547,1.05911,1.05925,2.44,2.25
2012.01.25 18:32:55.695,1.0591,1.05921,1.50,1.50
2012.01.25 18:32:56.185,1.0591,1.05924,1.50,2.25
2012.01.25 18:32:56.834,1.0591,1.05924,1.50,2.25
2012.01.25 18:32:57.363,1.05909,1.05921,1.50,1.50
2012.01.25 18:32:57.431,1.05909,1.05921,1.50,2.25
2012.01.25 18:32:57.504,1.05909,1.05921,1.50,2.25
2012.01.25 18:32:57.631,1.05906,1.0592,3.00,2.25
2012.01.25 18:32:57.940,1.05905,1.05917,3.00,1.50
2012.01.25 18:32:58.452,1.05906,1.0592,1.50,2.25
2012.01.25 18:32:58.959,1.05907,1.05919,1.50,2.25
2012.01.25 18:32:59.748,1.05912,1.0592,1.50,1.50
2012.01.25 18:32:59.829,1.05913,1.05925,1.50,2.14
2012.01.25 18:32:59.905,1.05911,1.05921,2.25,1.50
2012.01.25 18:33:00.251,1.05914,1.05926,1.50,3.00
2012.01.25 18:33:00.574,1.05912,1.05924,1.88,1.50
2012.01.25 18:33:00.899,1.05914,1.05926,1.50,1.50
2012.01.25 18:33:01.530,1.05912,1.05924,1.50,1.50
2012.01.25 18:33:02.081,1.05911,1.05922,4.84,1.50
2012.01.25 18:33:02.152,1.05913,1.05924,2.25,1.50
2012.01.25 18:33:03.009,1.05913,1.05925,2.25,1.50
2012.01.25 18:33:03.225,1.05911,1.05921,2.63,1.50
2012.01.25 18:33:03.662,1.05911,1.05923,1.50,2.25
2012.01.25 18:33:03.798,1.05911,1.05923,2.63,1.50
2012.01.25 18:33:03.871,1.05912,1.05926,2.44,1.50
2012.01.25 18:33:04.672,1.05912,1.05926,2.44,1.50
2012.01.25 18:33:04.798,1.05911,1.05924,4.50,1.50
2012.01.25 18:33:05.368,1.05913,1.05925,2.44,1.50
2012.01.25 18:33:06.162,1.05911,1.05921,3.75,1.50
2012.01.25 18:33:06.777,1.05911,1.05919,1.88,1.50
2012.01.25 18:33:07.051,1.05904,1.05918,3.19,2.25
2012.01.25 18:33:07.123,1.05904,1.05918,3.19,2.25
2012.01.25 18:33:07.690,1.05905,1.05918,1.50,1.50
2012.01.25 18:33:07.951,1.05908,1.05922,1.50,4.88
2012.01.25 18:33:08.024,1.05905,1.05917,3.00,1.50
2012.01.25 18:33:10.695,1.05905,1.05917,1.50,2.25
2012.01.25 18:33:11.092,1.05903,1.05914,1.50,1.50
2012.01.25 18:33:11.631,1.05904,1.05918,1.50,2.63
2012.01.25 18:33:11.772,1.05904,1.05918,1.50,3.38
2012.01.25 18:33:11.903,1.05904,1.05918,2.25,3.00
2012.01.25 18:33:13.522,1.05904,1.05918,2.44,1.50
2012.01.25 18:33:14.042,1.05903,1.05915,3.94,1.50
2012.01.25 18:33:14.632,1.05906,1.05915,2.25,1.50
2012.01.25 18:33:14.709,1.05909,1.05921,1.50,2.25
2012.01.25 18:33:15.289,1.05906,1.0592,2.25,1.50
2012.01.25 18:33:15.603,1.05905,1.05917,2.25,1.50
2012.01.25 18:33:15.920,1.05903,1.05914,2.25,1.50
2012.01.25 18:33:16.181,1.05905,1.05916,1.50,1.50
2012.01.25 18:33:16.442,1.05902,1.05914,1.13,1.50
2012.01.25 18:33:16.510,1.05903,1.05917,3.00,1.50
2012.01.25 18:33:17.023,1.05902,1.05915,3.38,2.25
2012.01.25 18:33:18.562,1.05901,1.05915,3.00,2.25
2012.01.25 18:33:18.630,1.05901,1.05915,1.50,2.25
2012.01.25 18:33:19.196,1.059,1.05912,1.50,2.25
2012.01.25 18:33:20.018,1.059,1.05911,1.50,1.50
2012.01.25 18:33:20.119,1.05897,1.05911,3.75,2.25
2012.01.25 18:33:21.050,1.059,1.05912,1.50,2.25
2012.01.25 18:33:21.180,1.05897,1.05911,2.25,2.25
2012.01.25 18:33:21.695,1.05899,1.05909,1.50,1.50
2012.01.25 18:33:22.040,1.05899,1.05909,1.50,2.25
2012.01.25 18:33:22.110,1.05894,1.05908,1.50,2.25
2012.01.25 18:33:22.688,1.05897,1.05909,1.50,2.25
2012.01.25 18:33:23.602,1.05895,1.05907,1.50,2.25
2012.01.25 18:33:24.077,1.05896,1.05905,1.50,1.50
2012.01.25 18:33:24.154,1.05899,1.05911,1.50,2.25
2012.01.25 18:33:24.287,1.05901,1.05913,1.50,2.44
2012.01.25 18:33:25.310,1.05899,1.05911,1.50,2.25
2012.01.25 18:33:25.378,1.05899,1.05911,1.50,2.25
2012.01.25 18:33:25.878,1.05899,1.05911,2.25,1.50
2012.01.25 18:33:26.301,1.05893,1.05902,1.13,1.50
2012.01.25 18:33:26.379,1.05891,1.05902,1.13,2.25
2012.01.25 18:33:26.461,1.05889,1.05902,1.50,2.25
2012.01.25 18:33:26.537,1.05888,1.05902,2.25,1.50
2012.01.25 18:33:26.688,1.05888,1.05902,1.50,2.25
2012.01.25 18:33:26.763,1.05887,1.05896,2.70,1.50
2012.01.25 18:33:27.452,1.05887,1.05901,2.25,1.50
2012.01.25 18:33:28.510,1.05886,1.05898,2.44,1.50
2012.01.25 18:33:28.851,1.05884,1.05894,2.53,1.50
2012.01.25 18:33:29.064,1.05884,1.05896,4.03,1.50
2012.01.25 18:33:29.191,1.05887,1.05899,2.25,1.50
2012.01.25 18:33:30.019,1.05885,1.05897,1.88,1.50
2012.01.25 18:33:30.586,1.05884,1.05897,1.78,1.50
2012.01.25 18:33:30.669,1.05884,1.05891,1.03,1.50
2012.01.25 18:33:30.819,1.05881,1.05892,1.50,2.25
2012.01.25 18:33:30.896,1.05879,1.05891,2.25,2.25
2012.01.25 18:33:30.977,1.05875,1.05889,3.57,1.50
2012.01.25 18:33:31.263,1.05874,1.05886,4.13,1.50
2012.01.25 18:33:32.051,1.05872,1.05884,1.50,1.50
2012.01.25 18:33:32.547,1.05873,1.05885,1.50,1.13
2012.01.25 18:33:32.907,1.05873,1.05887,2.25,3.00
2012.01.25 18:33:33.747,1.05879,1.05888,1.50,4.39
2012.01.25 18:33:33.963,1.05873,1.05885,1.50,1.50
2012.01.25 18:33:34.450,1.05878,1.05888,1.50,2.25
2012.01.25 18:33:35.013,1.05878,1.0589,1.50,2.25
2012.01.25 18:33:35.285,1.05876,1.05888,1.50,2.63
2012.01.25 18:33:35.471,1.05876,1.05888,1.50,1.88
2012.01.25 18:33:35.601,1.05878,1.0589,1.50,2.25
2012.01.25 18:33:36.294,1.05878,1.0589,1.50,1.50
2012.01.25 18:33:39.176,1.05875,1.05889,2.63,1.50
2012.01.25 18:33:40.911,1.05875,1.05889,1.88,2.25
2012.01.25 18:33:41.361,1.0587,1.05884,2.44,1.50
2012.01.25 18:33:42.226,1.0587,1.05884,3.19,1.50
2012.01.25 18:33:42.775,1.0587,1.05884,2.44,1.50
2012.01.25 18:33:43.290,1.0587,1.05884,2.44,1.88
2012.01.25 18:33:43.362,1.05869,1.05879,2.25,1.50
2012.01.25 18:33:43.433,1.05868,1.05879,1.50,1.50
2012.01.25 18:33:43.500,1.05867,1.05879,2.63,1.50
2012.01.25 18:33:43.912,1.05869,1.05881,1.50,1.50
2012.01.25 18:33:44.121,1.05866,1.0588,2.63,3.00
2012.01.25 18:33:44.193,1.05866,1.05877,1.13,1.50
2012.01.25 18:33:45.069,1.05867,1.05879,1.13,1.50
2012.01.25 18:33:46.002,1.05867,1.05879,1.13,3.38
2012.01.25 18:33:46.132,1.05863,1.05876,2.25,2.67
2012.01.25 18:33:46.265,1.05863,1.05873,2.14,1.50
2012.01.25 18:33:46.475,1.05859,1.05871,2.25,3.00
2012.01.25 18:33:46.543,1.05857,1.05869,1.50,1.50
2012.01.25 18:33:46.871,1.05859,1.05871,1.50,1.50
2012.01.25 18:33:47.573,1.0586,1.05874,1.50,2.25
2012.01.25 18:33:48.073,1.05859,1.05871,1.50,2.25
2012.01.25 18:33:48.379,1.05862,1.05874,1.50,1.50
2012.01.25 18:33:50.137,1.05862,1.05876,1.50,3.23
2012.01.25 18:33:50.215,1.05865,1.05876,1.50,1.50
2012.01.25 18:33:50.824,1.05867,1.05877,1.50,2.48
2012.01.25 18:33:50.903,1.05862,1.05876,2.44,1.50
2012.01.25 18:33:51.044,1.05867,1.05878,1.50,1.50
2012.01.25 18:33:51.399,1.05872,1.05881,4.58,1.50
2012.01.25 18:33:51.684,1.05873,1.05884,1.50,2.25
2012.01.25 18:33:51.828,1.05871,1.05884,2.25,3.08
2012.01.25 18:33:52.528,1.05869,1.05882,2.25,2.63
2012.01.25 18:33:52.826,1.05874,1.05888,1.50,2.44
2012.01.25 18:33:53.394,1.0587,1.05884,3.75,2.25
2012.01.25 18:33:53.950,1.0587,1.05884,2.25,1.50
2012.01.25 18:33:55.098,1.05873,1.05884,1.95,1.50
2012.01.25 18:33:55.400,1.05875,1.05887,1.50,2.44
2012.01.25 18:33:55.618,1.05876,1.05888,1.50,2.25
2012.01.25 18:33:56.040,1.05875,1.05889,1.69,3.00
2012.01.25 18:33:56.311,1.05875,1.05889,1.50,3.98
2012.01.25 18:33:56.444,1.05875,1.05889,3.00,3.00
2012.01.25 18:33:56.512,1.05878,1.05889,1.50,1.50
2012.01.25 18:33:57.295,1.05878,1.05889,1.50,3.00
2012.01.25 18:33:57.613,1.05875,1.05889,1.50,3.00
2012.01.25 18:33:58.251,1.05875,1.05889,1.50,2.25
2012.01.25 18:33:58.521,1.05878,1.05888,1.50,1.50
2012.01.25 18:33:58.868,1.05876,1.05888,1.50,1.50
2012.01.25 18:33:59.015,1.05874,1.05888,1.50,3.00
2012.01.25 18:33:59.854,1.05875,1.05888,1.50,3.00
2012.01.25 18:34:00.207,1.05873,1.05884,1.50,1.50
2012.01.25 18:34:00.470,1.05874,1.05887,2.25,2.25
2012.01.25 18:34:01.602,1.05873,1.05886,1.50,1.50
2012.01.25 18:34:01.802,1.05876,1.05888,1.50,1.50
2012.01.25 18:34:02.462,1.05878,1.0589,1.50,2.25
2012.01.25 18:34:02.731,1.05876,1.0589,2.25,3.75
2012.01.25 18:34:03.259,1.05876,1.0589,3.00,3.75
2012.01.25 18:34:03.781,1.05878,1.05889,1.50,1.50
2012.01.25 18:34:04.262,1.05874,1.05886,2.25,1.50
2012.01.25 18:34:05.101,1.05875,1.05886,1.13,1.50
2012.01.25 18:34:05.186,1.05881,1.05891,2.25,1.50
2012.01.25 18:34:05.551,1.05891,1.05901,2.25,1.50
2012.01.25 18:34:05.838,1.05899,1.05911,1.50,3.00
2012.01.25 18:34:05.917,1.05899,1.05911,2.25,2.25
2012.01.25 18:34:05.997,1.05899,1.05911,2.25,1.50
2012.01.25 18:34:06.665,1.05902,1.05913,1.50,3.45
2012.01.25 18:34:06.751,1.059,1.05912,3.00,2.44
2012.01.25 18:34:06.827,1.059,1.05912,1.50,1.69
2012.01.25 18:34:06.907,1.05897,1.05909,2.25,1.50
2012.01.25 18:34:07.363,1.05895,1.05909,3.75,1.50
2012.01.25 18:34:07.712,1.05907,1.05914,1.50,1.50
2012.01.25 18:34:07.786,1.05907,1.05917,1.50,1.13
2012.01.25 18:34:07.861,1.05907,1.05917,1.50,1.88
2012.01.25 18:34:08.435,1.05905,1.05917,3.00,3.00
2012.01.25 18:34:08.588,1.05903,1.05913,1.50,1.50
2012.01.25 18:34:08.666,1.05901,1.05913,1.50,1.50
2012.01.25 18:34:09.219,1.05902,1.05916,1.50,3.00
2012.01.25 18:34:10.862,1.05901,1.05912,1.50,3.00
2012.01.25 18:34:10.933,1.05898,1.05912,4.20,2.25
2012.01.25 18:34:11.517,1.05897,1.05909,4.50,1.50
2012.01.25 18:34:11.603,1.05898,1.05908,1.50,1.50
2012.01.25 18:34:11.672,1.05898,1.0591,1.50,1.13
2012.01.25 18:34:12.100,1.05898,1.05912,1.50,2.82
2012.01.25 18:34:12.169,1.05898,1.05912,1.50,2.82
2012.01.25 18:34:12.302,1.05898,1.05912,1.50,3.57
2012.01.25 18:34:12.732,1.05896,1.0591,3.00,2.63
2012.01.25 18:34:13.080,1.05896,1.05909,1.50,1.13
2012.01.25 18:34:13.225,1.05894,1.05908,1.50,2.25
2012.01.25 18:34:13.759,1.05894,1.05908,1.50,2.25
2012.01.25 18:34:14.588,1.05896,1.05909,1.50,2.44
2012.01.25 18:34:15.095,1.05896,1.0591,1.50,3.19
2012.01.25 18:34:15.487,1.05898,1.0591,1.50,1.69
2012.01.25 18:34:16.071,1.05897,1.05909,1.50,2.44
2012.01.25 18:34:20.179,1.05884,1.05893,3.15,1.13
2012.01.25 18:34:20.263,1.05877,1.05888,1.13,1.50
2012.01.25 18:34:20.341,1.05879,1.0589,1.13,1.50
2012.01.25 18:34:20.422,1.05881,1.05893,2.63,1.50
2012.01.25 18:34:20.706,1.05884,1.05893,1.50,1.50
2012.01.25 18:34:20.855,1.05886,1.05899,1.50,1.69
2012.01.25 18:34:21.885,1.05885,1.05897,1.50,2.25
2012.01.25 18:34:21.950,1.05887,1.05899,1.50,2.25
2012.01.25 18:34:22.630,1.05884,1.05898,1.50,2.25
2012.01.25 18:34:23.570,1.05887,1.05899,1.50,3.00
2012.01.25 18:34:24.184,1.05887,1.05898,1.50,2.25
2012.01.25 18:34:24.252,1.05884,1.05896,1.50,1.50
2012.01.25 18:34:24.663,1.05886,1.05898,1.50,2.25
2012.01.25 18:34:25.253,1.05886,1.059,2.25,3.00
2012.01.25 18:34:25.333,1.05889,1.05901,1.50,3.00
2012.01.25 18:34:25.931,1.05889,1.05901,1.50,3.00
2012.01.25 18:34:26.068,1.05889,1.05901,1.50,2.25
2012.01.25 18:34:26.579,1.05889,1.05901,1.50,3.00
2012.01.25 18:34:26.966,1.05892,1.059,1.50,1.50
2012.01.25 18:34:27.807,1.05891,1.05902,3.34,3.94
2012.01.25 18:34:28.031,1.05893,1.05902,2.63,2.25
2012.01.25 18:34:28.112,1.05896,1.05907,2.25,2.44
2012.01.25 18:34:28.188,1.05898,1.05908,1.50,5.52
2012.01.25 18:34:28.477,1.05901,1.05913,1.50,2.25
2012.01.25 18:34:28.622,1.05902,1.05913,1.50,1.50
2012.01.25 18:34:29.461,1.05901,1.05913,4.47,1.50
2012.01.25 18:34:30.040,1.05902,1.05916,1.50,2.25
2012.01.25 18:34:31.381,1.05903,1.05916,1.50,1.50
2012.01.25 18:34:31.732,1.05912,1.05924,1.50,3.38
2012.01.25 18:34:32.060,1.0591,1.05922,1.50,2.44
2012.01.25 18:34:33.451,1.0591,1.05922,1.50,2.25
2012.01.25 18:34:33.996,1.0591,1.05922,1.50,2.25
2012.01.25 18:34:34.530,1.0591,1.05922,1.50,1.50
2012.01.25 18:34:35.223,1.0591,1.05924,1.50,2.25
2012.01.25 18:34:35.961,1.0591,1.05924,1.50,2.63
2012.01.25 18:34:36.313,1.05908,1.05922,3.75,2.25
2012.01.25 18:34:37.099,1.0591,1.05924,1.50,2.25
2012.01.25 18:34:38.995,1.05908,1.05922,4.50,2.25
2012.01.25 18:34:39.612,1.05912,1.05922,1.50,1.50
2012.01.25 18:34:39.830,1.05915,1.05929,1.50,2.44
2012.01.25 18:34:39.904,1.05918,1.0593,1.50,4.69
2012.01.25 18:34:40.680,1.05926,1.05936,1.50,1.13
2012.01.25 18:34:40.762,1.05926,1.05939,1.50,1.13
2012.01.25 18:34:40.835,1.05922,1.05932,1.13,1.50
2012.01.25 18:34:40.975,1.05926,1.05941,1.50,1.69
2012.01.25 18:34:41.041,1.05926,1.05941,1.50,1.69
2012.01.25 18:34:41.253,1.05925,1.05937,1.50,1.50
2012.01.25 18:34:41.664,1.05925,1.05938,1.13,2.25
2012.01.25 18:34:41.732,1.05926,1.0594,2.25,2.25
2012.01.25 18:34:42.305,1.05926,1.0594,1.88,2.25
2012.01.25 18:34:42.390,1.0593,1.05945,1.69,2.25
2012.01.25 18:34:42.664,1.0593,1.05943,1.32,2.25
2012.01.25 18:34:44.450,1.05933,1.05946,1.69,1.88
2012.01.25 18:34:44.742,1.05941,1.05953,1.50,2.25
2012.01.25 18:34:45.062,1.05941,1.05953,1.50,2.25
2012.01.25 18:34:45.346,1.05943,1.05956,1.50,1.50
2012.01.25 18:34:45.427,1.05945,1.05957,1.13,2.25
2012.01.25 18:34:46.262,1.05948,1.05957,1.13,1.50
2012.01.25 18:34:46.498,1.0595,1.05965,1.84,1.50
2012.01.25 18:34:46.721,1.05951,1.05965,3.38,2.44
2012.01.25 18:34:46.863,1.05951,1.05967,4.88,1.50
2012.01.25 18:34:47.143,1.05954,1.05969,1.13,3.38
2012.01.25 18:34:47.284,1.05954,1.05969,2.63,2.25
2012.01.25 18:34:47.887,1.05954,1.05969,1.50,1.50
2012.01.25 18:34:48.297,1.05954,1.0597,4.13,3.00
2012.01.25 18:34:48.642,1.05959,1.05972,1.50,2.25
2012.01.25 18:34:48.785,1.0596,1.05975,1.50,2.44
2012.01.25 18:34:49.201,1.05961,1.05975,1.50,1.88
2012.01.25 18:34:49.812,1.05961,1.05975,1.50,2.25
2012.01.25 18:34:49.908,1.05964,1.05977,1.13,2.25
2012.01.25 18:34:49.989,1.05966,1.05977,1.13,1.50
2012.01.25 18:34:50.513,1.05968,1.0598,1.80,2.63
2012.01.25 18:34:52.243,1.05965,1.05978,1.32,1.50
2012.01.25 18:34:52.585,1.05966,1.0598,2.37,2.25
2012.01.25 18:34:52.727,1.05965,1.05977,4.92,1.50
2012.01.25 18:34:53.200,1.0597,1.05977,1.50,1.50
2012.01.25 18:34:53.411,1.05971,1.05979,2.52,1.50
2012.01.25 18:34:53.993,1.05972,1.05984,1.80,1.50
2012.01.25 18:34:54.133,1.05971,1.05982,1.50,1.50
2012.01.25 18:34:54.505,1.05972,1.05978,1.13,1.50
2012.01.25 18:34:54.575,1.05969,1.05978,2.25,1.50
2012.01.25 18:34:54.713,1.05967,1.05978,2.70,1.50
2012.01.25 18:34:55.066,1.05969,1.05981,1.50,3.38
2012.01.25 18:34:55.216,1.05967,1.05977,1.50,1.50
2012.01.25 18:34:55.491,1.05967,1.05979,3.00,1.50
2012.01.25 18:34:56.153,1.05964,1.05978,2.25,1.50
2012.01.25 18:34:56.716,1.05966,1.0598,1.50,1.88
2012.01.25 18:34:57.075,1.05969,1.05983,1.69,1.50
2012.01.25 18:34:58.022,1.05974,1.05983,1.50,1.13
2012.01.25 18:34:58.106,1.05965,1.05976,1.50,1.50
2012.01.25 18:34:58.193,1.05964,1.05978,2.25,1.50
2012.01.25 18:34:58.510,1.05966,1.0598,1.50,4.13
2012.01.25 18:35:02.453,1.05966,1.05978,1.50,2.25
2012.01.25 18:35:03.097,1.05963,1.05972,1.50,2.25
2012.01.25 18:35:03.196,1.05959,1.05971,1.50,2.63
2012.01.25 18:35:03.273,1.05954,1.05967,1.13,1.50
2012.01.25 18:35:03.401,1.05955,1.05969,1.50,2.25
2012.01.25 18:35:03.531,1.05954,1.05966,1.50,1.50
2012.01.25 18:35:04.084,1.05956,1.05968,1.50,2.63
2012.01.25 18:35:04.421,1.05954,1.05965,1.50,1.13
2012.01.25 18:35:05.124,1.05953,1.05965,1.50,1.88
2012.01.25 18:35:05.441,1.05953,1.05965,1.50,1.13
2012.01.25 18:35:05.788,1.05952,1.05963,1.50,1.13
2012.01.25 18:35:06.341,1.05952,1.05964,1.50,1.50
2012.01.25 18:35:07.203,1.05952,1.05964,2.25,2.63
2012.01.25 18:35:07.271,1.05952,1.05964,1.50,2.25
2012.01.25 18:35:07.345,1.05952,1.05964,3.38,1.50
2012.01.25 18:35:07.555,1.05959,1.05971,1.50,2.25
2012.01.25 18:35:07.976,1.05964,1.05977,1.50,1.50
2012.01.25 18:35:08.494,1.05961,1.05973,1.50,2.25
2012.01.25 18:35:09.253,1.05961,1.05973,1.50,2.25
2012.01.25 18:35:09.320,1.05961,1.05973,1.50,2.25
2012.01.25 18:35:09.392,1.05958,1.05972,2.25,2.25
2012.01.25 18:35:09.521,1.05958,1.05972,2.25,2.25
2012.01.25 18:35:09.591,1.05958,1.05972,2.25,2.25
2012.01.25 18:35:10.272,1.05958,1.05972,2.25,2.25
2012.01.25 18:35:10.418,1.05961,1.05973,1.50,2.25
2012.01.25 18:35:10.493,1.05958,1.05972,2.25,2.25
2012.01.25 18:35:11.523,1.05958,1.05972,1.50,6.00
2012.01.25 18:35:11.601,1.05956,1.0597,1.50,2.44
2012.01.25 18:35:11.739,1.05956,1.0597,1.50,2.44
2012.01.25 18:35:12.133,1.05956,1.0597,2.25,2.44
2012.01.25 18:35:12.623,1.05959,1.05971,1.50,2.44
2012.01.25 18:35:12.763,1.05956,1.05968,2.25,1.50
2012.01.25 18:35:12.975,1.05958,1.0597,2.25,3.00
2012.01.25 18:35:13.052,1.05962,1.05972,1.50,1.69
2012.01.25 18:35:13.773,1.05964,1.05976,1.50,4.73
2012.01.25 18:35:13.860,1.05962,1.05976,1.50,2.25
2012.01.25 18:35:13.936,1.05965,1.05977,1.50,4.28
2012.01.25 18:35:14.226,1.05965,1.05977,3.00,1.88
2012.01.25 18:35:14.372,1.05966,1.05979,1.50,1.50
2012.01.25 18:35:14.516,1.05964,1.05978,2.25,2.25
2012.01.25 18:35:14.595,1.05968,1.0598,1.50,3.75
2012.01.25 18:35:14.806,1.05968,1.0598,1.50,3.75
2012.01.25 18:35:15.531,1.05968,1.0598,1.50,2.25
2012.01.25 18:35:15.615,1.05966,1.05978,1.50,2.25
2012.01.25 18:35:15.893,1.05961,1.05975,1.50,2.25
2012.01.25 18:35:16.340,1.05963,1.05977,1.50,2.25
2012.01.25 18:35:16.664,1.05963,1.05977,1.50,2.25
2012.01.25 18:35:16.853,1.05961,1.05971,1.50,2.25
2012.01.25 18:35:16.922,1.05959,1.05971,1.50,2.25
2012.01.25 18:35:16.994,1.05955,1.05969,2.44,1.50
2012.01.25 18:35:17.383,1.05958,1.0597,1.50,2.25
2012.01.25 18:35:18.972,1.05958,1.0597,1.50,2.25
2012.01.25 18:35:19.501,1.05958,1.0597,1.50,2.25
2012.01.25 18:35:21.292,1.05958,1.05969,1.50,2.63
2012.01.25 18:35:21.491,1.05951,1.05965,3.75,2.25
2012.01.25 18:35:22.010,1.05951,1.05965,4.50,2.25
2012.01.25 18:35:22.352,1.05958,1.05969,1.50,1.13
2012.01.25 18:35:22.987,1.05958,1.05969,1.50,1.13
2012.01.25 18:35:23.068,1.05958,1.05969,1.50,1.13
2012.01.25 18:35:23.653,1.0596,1.05969,1.50,1.13
2012.01.25 18:35:24.181,1.05959,1.05969,1.50,1.13
2012.01.25 18:35:25.119,1.05953,1.05963,2.25,2.25
2012.01.25 18:35:25.401,1.05956,1.05968,1.50,3.00
2012.01.25 18:35:26.123,1.05953,1.05967,3.75,2.25
2012.01.25 18:35:27.135,1.05953,1.05967,5.25,2.25
2012.01.25 18:35:27.213,1.05954,1.05966,1.50,2.25
2012.01.25 18:35:28.012,1.05956,1.05968,1.50,2.63
2012.01.25 18:35:28.230,1.05956,1.05968,3.00,1.50
2012.01.25 18:35:28.307,1.05959,1.05971,1.50,2.25
2012.01.25 18:35:28.529,1.05964,1.05976,2.25,1.88
2012.01.25 18:35:29.235,1.05969,1.05979,1.50,1.50
2012.01.25 18:35:29.312,1.05969,1.05981,1.50,1.69
2012.01.25 18:35:29.389,1.05967,1.05979,3.00,2.25
2012.01.25 18:35:29.733,1.05964,1.05977,4.39,2.25
2012.01.25 18:35:29.811,1.0597,1.05984,1.50,4.95
2012.01.25 18:35:30.260,1.05966,1.0598,2.44,1.50
2012.01.25 18:35:30.333,1.05965,1.05978,1.50,1.50
2012.01.25 18:35:31.190,1.05964,1.05976,1.69,1.73
2012.01.25 18:35:31.272,1.05962,1.05974,1.50,2.25
2012.01.25 18:35:33.282,1.05962,1.05974,1.50,2.25
2012.01.25 18:35:34.082,1.05962,1.05974,1.50,2.25
2012.01.25 18:35:34.161,1.05959,1.05973,1.50,2.63
2012.01.25 18:35:40.618,1.05957,1.0597,2.18,1.32
2012.01.25 18:35:40.768,1.05957,1.0597,1.43,2.07
2012.01.25 18:35:41.514,1.05956,1.05968,1.43,3.00
2012.01.25 18:35:41.653,1.05954,1.05966,2.85,2.25
2012.01.25 18:35:42.290,1.05953,1.05967,2.10,2.25
2012.01.25 18:35:43.201,1.05955,1.05968,1.35,1.50
2012.01.25 18:35:43.530,1.05954,1.05966,1.35,2.25
2012.01.25 18:35:43.600,1.05951,1.05965,1.73,2.25
2012.01.25 18:35:44.135,1.05953,1.05966,1.35,1.13
2012.01.25 18:35:44.790,1.05953,1.05966,1.35,1.13
2012.01.25 18:35:45.132,1.05953,1.05967,1.35,3.75
2012.01.25 18:35:45.476,1.05958,1.05969,1.35,2.25
2012.01.25 18:35:46.001,1.05957,1.0597,1.28,1.50
2012.01.25 18:35:47.067,1.05957,1.05971,1.35,2.25
2012.01.25 18:35:47.216,1.0596,1.05972,1.35,3.75
2012.01.25 18:35:47.573,1.05962,1.05972,1.28,1.50
2012.01.25 18:35:47.776,1.05959,1.05972,2.55,1.50
2012.01.25 18:35:48.333,1.05958,1.0597,1.35,2.25
2012.01.25 18:35:48.736,1.05959,1.0597,1.35,1.50
2012.01.25 18:35:48.814,1.05959,1.05968,1.35,3.00
2012.01.25 18:35:49.481,1.05957,1.05968,1.35,3.00
2012.01.25 18:35:49.972,1.05958,1.0597,1.43,2.25
2012.01.25 18:35:50.475,1.05958,1.0597,1.43,2.25
2012.01.25 18:35:51.012,1.05958,1.0597,1.43,2.25
2012.01.25 18:35:51.142,1.05958,1.0597,1.43,2.25
2012.01.25 18:35:52.137,1.05958,1.0597,1.43,2.25
2012.01.25 18:35:52.350,1.05956,1.05968,1.43,2.25
2012.01.25 18:35:52.905,1.05956,1.05968,1.50,2.25
2012.01.25 18:35:53.421,1.05957,1.05971,1.50,2.25
2012.01.25 18:35:54.311,1.05957,1.05971,1.50,2.63
2012.01.25 18:35:54.381,1.05957,1.05971,1.50,2.63
2012.01.25 18:35:54.582,1.05957,1.05971,1.50,2.63
2012.01.25 18:35:55.232,1.05959,1.05971,1.50,1.13
2012.01.25 18:35:55.771,1.05958,1.0597,1.50,2.25
2012.01.25 18:35:56.251,1.0596,1.05971,1.50,1.13
2012.01.25 18:35:56.323,1.05958,1.05971,1.50,2.63
2012.01.25 18:35:56.648,1.05957,1.05971,2.63,1.50
2012.01.25 18:35:57.328,1.05961,1.05973,1.88,3.00
2012.01.25 18:35:57.894,1.05961,1.05973,3.00,1.50
2012.01.25 18:36:00.338,1.05954,1.05966,2.81,1.50
2012.01.25 18:36:00.414,1.05954,1.05966,2.43,3.00
2012.01.25 18:36:00.481,1.05952,1.05964,3.75,1.50
2012.01.25 18:36:01.021,1.05954,1.05966,1.50,3.00
2012.01.25 18:36:01.152,1.05955,1.05969,1.50,2.25
2012.01.25 18:36:01.363,1.05954,1.05966,1.50,1.50
2012.01.25 18:36:01.691,1.05957,1.05968,1.50,3.00
2012.01.25 18:36:01.761,1.05953,1.05967,1.50,3.00
2012.01.25 18:36:02.171,1.05953,1.05966,1.50,1.13
2012.01.25 18:36:02.312,1.05951,1.05965,1.50,2.63
2012.01.25 18:36:02.593,1.0595,1.05962,1.50,2.78
2012.01.25 18:36:03.332,1.0595,1.05962,1.50,2.78
2012.01.25 18:36:06.122,1.0595,1.05962,1.50,3.53
2012.01.25 18:36:06.974,1.05947,1.0596,2.25,1.13
2012.01.25 18:36:08.430,1.05947,1.05958,1.50,2.70
2012.01.25 18:36:09.242,1.05944,1.05956,4.00,1.88
2012.01.25 18:36:09.397,1.05942,1.05954,2.25,1.88
2012.01.25 18:36:09.475,1.05942,1.05954,2.25,1.88
2012.01.25 18:36:10.010,1.05942,1.05956,2.25,5.14
2012.01.25 18:36:12.190,1.05942,1.05955,2.25,1.13
2012.01.25 18:36:12.800,1.05942,1.05954,1.50,1.50
2012.01.25 18:36:13.911,1.05941,1.05953,3.00,2.63
2012.01.25 18:36:14.790,1.05939,1.0595,2.25,1.50
2012.01.25 18:36:14.990,1.05936,1.05948,2.25,1.50
2012.01.25 18:36:15.646,1.05938,1.0595,1.50,3.19
2012.01.25 18:36:15.982,1.05936,1.05948,1.50,2.25
2012.01.25 18:36:16.721,1.05936,1.05947,1.50,1.50
2012.01.25 18:36:17.061,1.05938,1.05947,1.50,1.50
2012.01.25 18:36:17.191,1.05936,1.05947,1.50,1.69
2012.01.25 18:36:17.849,1.05937,1.05947,1.50,1.69
2012.01.25 18:36:20.758,1.05937,1.05947,1.50,1.50
2012.01.25 18:36:21.267,1.05937,1.05947,1.50,1.50
2012.01.25 18:36:21.869,1.05936,1.05947,1.50,1.50
2012.01.25 18:36:22.378,1.05937,1.05947,1.50,1.50
2012.01.25 18:36:23.420,1.05935,1.05947,1.50,1.50
2012.01.25 18:36:24.155,1.05935,1.05947,1.50,1.50
2012.01.25 18:36:24.670,1.05935,1.05947,1.50,1.50
2012.01.25 18:36:24.799,1.05933,1.05947,1.50,3.00
2012.01.25 18:36:25.110,1.05936,1.05946,1.50,1.50
2012.01.25 18:36:28.617,1.05937,1.05946,1.43,1.50
2012.01.25 18:36:33.608,1.05936,1.05947,1.50,1.50
2012.01.25 18:36:34.119,1.05936,1.05947,1.50,1.50
2012.01.25 18:36:35.938,1.05936,1.05947,1.50,1.50
2012.01.25 18:36:36.641,1.05936,1.05948,1.50,2.25
2012.01.25 18:36:36.914,1.05939,1.0595,1.50,3.19
2012.01.25 18:36:37.420,1.0594,1.05951,1.50,3.00
2012.01.25 18:36:37.494,1.05936,1.05948,1.50,2.25
2012.01.25 18:36:38.059,1.05934,1.05946,2.40,1.50
2012.01.25 18:36:38.395,1.05932,1.05942,2.03,1.50
2012.01.25 18:36:39.094,1.05931,1.05938,1.20,1.50
2012.01.25 18:36:39.180,1.05926,1.05938,1.50,3.00
2012.01.25 18:36:39.258,1.05924,1.05937,1.50,2.25
2012.01.25 18:36:39.613,1.05925,1.05939,1.50,2.25
2012.01.25 18:36:39.991,1.05925,1.05939,1.50,2.25
2012.01.25 18:36:40.994,1.05925,1.05939,1.50,3.00
2012.01.25 18:36:41.481,1.05925,1.05939,1.50,2.25
2012.01.25 18:36:41.966,1.05923,1.05937,4.88,1.50
2012.01.25 18:36:42.172,1.05926,1.05938,1.50,2.25
2012.01.25 18:36:42.979,1.05926,1.05937,1.50,1.50
2012.01.25 18:36:43.052,1.05924,1.05936,2.44,1.69
2012.01.25 18:36:43.128,1.05922,1.05933,1.13,1.50
2012.01.25 18:36:43.460,1.05922,1.05936,1.50,3.38
2012.01.25 18:36:43.650,1.05922,1.05934,1.50,1.20
2012.01.25 18:36:46.115,1.05921,1.05932,1.50,1.13
2012.01.25 18:36:46.751,1.05923,1.05932,1.50,1.13
2012.01.25 18:36:47.909,1.05923,1.05932,1.50,1.13
2012.01.25 18:36:48.440,1.05923,1.05932,1.50,1.13
2012.01.25 18:36:48.581,1.0592,1.05932,1.50,1.13
2012.01.25 18:36:48.725,1.05922,1.05932,1.50,1.13
2012.01.25 18:36:48.793,1.05919,1.05932,3.00,1.13
2012.01.25 18:36:49.567,1.05924,1.05936,2.25,2.78
2012.01.25 18:36:49.913,1.05925,1.05933,1.50,1.58
2012.01.25 18:36:50.051,1.05922,1.05933,1.50,1.58
2012.01.25 18:36:50.392,1.0592,1.05933,1.50,1.58
2012.01.25 18:36:50.463,1.05922,1.05933,1.50,1.58
2012.01.25 18:36:52.080,1.05922,1.05933,1.50,1.58
2012.01.25 18:36:52.648,1.05921,1.05933,1.50,3.08
2012.01.25 18:36:53.199,1.05921,1.05933,1.50,3.08
2012.01.25 18:36:53.727,1.05922,1.05933,1.50,1.39
2012.01.25 18:36:54.744,1.05923,1.05933,1.50,1.20
2012.01.25 18:36:54.825,1.05927,1.05937,1.50,1.13
2012.01.25 18:36:55.414,1.05925,1.05936,1.50,1.50
2012.01.25 18:36:55.969,1.05924,1.05936,3.38,1.50
2012.01.25 18:36:57.136,1.05926,1.05938,1.50,1.50
2012.01.25 18:37:02.540,1.05924,1.05937,3.64,1.50
2012.01.25 18:37:03.799,1.05925,1.05939,2.63,1.50
2012.01.25 18:37:04.623,1.05925,1.05939,2.63,2.25
2012.01.25 18:37:05.069,1.05925,1.05936,1.13,1.50
2012.01.25 18:37:05.904,1.05925,1.05939,1.88,1.50
2012.01.25 18:37:06.444,1.05925,1.05939,1.88,2.25
2012.01.25 18:37:06.632,1.05923,1.05937,3.94,2.25
2012.01.25 18:37:07.220,1.05923,1.05937,1.69,3.53
2012.01.25 18:37:07.552,1.05922,1.05934,1.65,1.50
2012.01.25 18:37:08.095,1.05922,1.05934,1.65,2.25
2012.01.25 18:37:11.259,1.05926,1.05936,1.50,1.05
2012.01.25 18:37:11.802,1.05922,1.05934,1.50,1.50
2012.01.25 18:37:12.109,1.05922,1.05934,1.50,2.25
2012.01.25 18:37:12.661,1.05925,1.05937,1.50,2.40
2012.01.25 18:37:13.286,1.05925,1.05939,1.50,3.19
2012.01.25 18:37:13.811,1.05925,1.05939,1.50,2.25
2012.01.25 18:37:14.450,1.05925,1.05939,3.00,2.25
2012.01.25 18:37:14.529,1.05928,1.0594,1.50,3.00
2012.01.25 18:37:14.948,1.05931,1.0594,1.50,1.50
2012.01.25 18:37:15.093,1.05932,1.05942,1.50,1.13
2012.01.25 18:37:15.641,1.05932,1.05943,1.50,1.13
2012.01.25 18:37:16.162,1.05932,1.05943,1.50,1.13
2012.01.25 18:37:16.230,1.0593,1.05943,1.50,1.13
2012.01.25 18:37:17.088,1.0593,1.05943,1.50,1.13
2012.01.25 18:37:17.622,1.0593,1.05943,1.50,1.13
2012.01.25 18:37:18.164,1.0593,1.05943,1.50,1.88
2012.01.25 18:37:18.290,1.05928,1.05942,3.00,1.88
2012.01.25 18:37:19.122,1.05928,1.05941,1.50,1.13
2012.01.25 18:37:19.638,1.05927,1.05939,3.00,1.50
2012.01.25 18:37:20.307,1.05925,1.05933,1.88,1.50
2012.01.25 18:37:20.381,1.05925,1.05936,1.88,1.50
2012.01.25 18:37:20.453,1.05925,1.05938,1.13,2.25
2012.01.25 18:37:21.363,1.05927,1.05939,1.50,2.25
2012.01.25 18:37:24.005,1.05929,1.05941,1.50,2.63
2012.01.25 18:37:24.798,1.05927,1.05939,2.25,1.50
2012.01.25 18:37:30.020,1.05927,1.05939,1.50,2.25
2012.01.25 18:37:30.809,1.05925,1.05937,1.50,2.25
2012.01.25 18:37:33.637,1.05929,1.05938,1.50,1.50
2012.01.25 18:37:33.780,1.05924,1.05936,2.51,1.50
2012.01.25 18:37:33.981,1.05929,1.0594,1.50,1.58
2012.01.25 18:37:34.051,1.05926,1.05938,1.50,2.25
2012.01.25 18:37:34.250,1.05929,1.0594,1.50,1.58
2012.01.25 18:37:34.640,1.05926,1.0594,1.50,3.08
2012.01.25 18:37:35.504,1.05924,1.05938,2.51,2.25
2012.01.25 18:37:36.348,1.05924,1.05938,2.51,2.25
2012.01.25 18:37:36.881,1.05927,1.05939,1.50,2.25
2012.01.25 18:37:38.098,1.0593,1.05942,1.50,5.48
2012.01.25 18:37:38.362,1.05931,1.05942,1.50,1.13
2012.01.25 18:37:39.592,1.05931,1.05945,1.50,3.00
2012.01.25 18:37:40.143,1.05931,1.05945,1.50,3.00
2012.01.25 18:37:40.651,1.05931,1.05943,1.50,1.13
2012.01.25 18:37:40.721,1.05929,1.05943,3.75,2.63
2012.01.25 18:37:42.024,1.05928,1.0594,2.25,1.50
2012.01.25 18:37:42.362,1.05925,1.05937,2.44,1.50
2012.01.25 18:37:42.437,1.05925,1.05937,2.44,1.50
2012.01.25 18:37:42.861,1.05927,1.05939,1.50,1.50
2012.01.25 18:37:46.863,1.05928,1.05942,1.50,2.63
2012.01.25 18:37:46.929,1.05928,1.05941,1.50,1.13
2012.01.25 18:37:47.274,1.05923,1.05937,2.46,2.25
2012.01.25 18:37:47.414,1.05921,1.05933,2.63,1.50
2012.01.25 18:37:47.996,1.05924,1.05935,1.01,3.75
2012.01.25 18:37:48.083,1.05929,1.05941,1.50,4.32
2012.01.25 18:37:48.151,1.05927,1.05939,1.50,1.50
2012.01.25 18:37:48.220,1.05925,1.05939,2.25,1.50
2012.01.25 18:37:48.924,1.05927,1.05941,1.50,4.88
2012.01.25 18:37:49.111,1.05925,1.05939,1.50,2.25
2012.01.25 18:37:49.725,1.05928,1.0594,1.50,2.25
2012.01.25 18:37:50.111,1.05929,1.05942,1.50,1.13
2012.01.25 18:37:51.083,1.05932,1.05943,1.50,1.32
2012.01.25 18:37:52.120,1.05929,1.05942,1.50,1.88
2012.01.25 18:37:52.661,1.05929,1.05942,1.50,1.88
2012.01.25 18:37:53.348,1.05929,1.05942,1.50,1.88
2012.01.25 18:37:56.254,1.05931,1.05941,1.50,1.13
2012.01.25 18:37:57.282,1.05934,1.05943,1.50,1.50
2012.01.25 18:37:57.353,1.05937,1.05945,1.50,2.25
2012.01.25 18:37:57.497,1.0594,1.05948,1.50,1.88
2012.01.25 18:37:58.045,1.0594,1.05951,1.88,3.00
2012.01.25 18:37:58.125,1.05945,1.05957,1.13,3.75
2012.01.25 18:37:58.201,1.05953,1.05957,1.88,2.25
2012.01.25 18:37:58.347,1.05957,1.05967,1.50,1.95
2012.01.25 18:37:58.433,1.0596,1.05969,1.50,1.50
2012.01.25 18:37:58.505,1.05958,1.05969,1.50,3.38
2012.01.25 18:37:58.576,1.05957,1.05968,1.50,1.50
2012.01.25 18:37:58.654,1.05954,1.05968,2.25,3.00
2012.01.25 18:37:58.843,1.05954,1.05965,1.50,1.50
2012.01.25 18:37:59.370,1.05952,1.05964,1.13,1.50
2012.01.25 18:37:59.443,1.05958,1.0597,2.25,2.63
2012.01.25 18:37:59.573,1.05958,1.0597,1.50,3.38
2012.01.25 18:38:00.164,1.05958,1.0597,1.50,3.00
2012.01.25 18:38:00.503,1.05956,1.05969,1.50,2.25
2012.01.25 18:38:00.888,1.05956,1.05969,3.83,2.25
2012.01.25 18:38:01.021,1.05959,1.05971,2.44,2.25
2012.01.25 18:38:01.660,1.05959,1.05971,2.25,2.25
2012.01.25 18:38:01.806,1.05956,1.05969,1.50,1.50
2012.01.25 18:38:02.757,1.05954,1.05968,3.29,2.25
2012.01.25 18:38:04.242,1.05954,1.05968,3.64,2.25
2012.01.25 18:38:04.490,1.05955,1.05968,1.69,1.50
2012.01.25 18:38:05.030,1.05956,1.0597,2.25,2.25
2012.01.25 18:38:05.745,1.05955,1.05967,3.19,1.50
2012.01.25 18:38:06.253,1.05957,1.05969,2.25,2.25
2012.01.25 18:38:06.813,1.05957,1.05969,2.25,2.25
2012.01.25 18:38:07.655,1.05957,1.05969,2.25,2.25
2012.01.25 18:38:09.919,1.05955,1.05967,3.00,2.25
2012.01.25 18:38:10.435,1.05955,1.05967,2.25,2.85
2012.01.25 18:38:10.505,1.05955,1.05966,2.25,3.60
2012.01.25 18:38:11.266,1.05951,1.05962,1.50,2.25
2012.01.25 18:38:11.348,1.0595,1.05962,1.88,1.50
2012.01.25 18:38:11.542,1.05953,1.05965,2.25,2.25
2012.01.25 18:38:12.053,1.05953,1.05965,2.25,2.25
2012.01.25 18:38:12.753,1.05951,1.05964,3.00,2.25
2012.01.25 18:38:13.302,1.05948,1.05962,2.25,1.50
2012.01.25 18:38:14.161,1.05948,1.0596,2.25,2.25
2012.01.25 18:38:14.302,1.05946,1.05959,3.00,2.44
2012.01.25 18:38:14.374,1.05946,1.05959,2.25,2.44
2012.01.25 18:38:14.561,1.05943,1.05957,3.23,2.25
2012.01.25 18:38:14.822,1.05946,1.05958,1.50,2.25
2012.01.25 18:38:15.202,1.05946,1.05958,1.50,2.25
2012.01.25 18:38:15.870,1.05946,1.05958,1.50,4.13
2012.01.25 18:38:15.941,1.05943,1.05956,1.50,2.25
2012.01.25 18:38:16.145,1.0594,1.05952,3.00,2.25
2012.01.25 18:38:16.212,1.0594,1.05952,2.25,2.25
2012.01.25 18:38:16.999,1.0594,1.05952,2.25,2.25
2012.01.25 18:38:17.073,1.0594,1.05952,1.50,2.25
2012.01.25 18:38:17.153,1.0594,1.05952,1.50,2.25
2012.01.25 18:38:17.361,1.05934,1.05946,3.00,1.50
2012.01.25 18:38:18.104,1.05934,1.05946,1.50,2.25
2012.01.25 18:38:18.821,1.05934,1.05944,1.50,1.88
2012.01.25 18:38:18.970,1.05934,1.05946,1.50,2.25
2012.01.25 18:38:19.521,1.05934,1.05946,2.25,2.25
2012.01.25 18:38:20.647,1.05938,1.05952,1.88,3.00
2012.01.25 18:38:22.491,1.05938,1.05952,1.88,3.00
2012.01.25 18:38:22.633,1.05938,1.05952,2.25,2.25
2012.01.25 18:38:23.363,1.05938,1.05952,1.50,2.25
2012.01.25 18:38:23.818,1.05942,1.05953,1.50,2.25
2012.01.25 18:38:23.894,1.05942,1.05953,1.50,2.25
2012.01.25 18:38:24.103,1.05942,1.05953,3.00,1.50
2012.01.25 18:38:24.249,1.05942,1.05951,4.95,1.50
2012.01.25 18:38:24.607,1.05944,1.05957,1.50,1.13
2012.01.25 18:38:25.257,1.05941,1.05953,2.25,1.50
2012.01.25 18:38:25.343,1.05942,1.05951,1.13,1.50
2012.01.25 18:38:25.791,1.05943,1.05954,2.70,1.50
2012.01.25 18:38:25.860,1.05943,1.05954,2.33,2.25
2012.01.25 18:38:26.206,1.05942,1.05952,1.13,1.50
2012.01.25 18:38:26.557,1.05945,1.05955,2.52,2.25
2012.01.25 18:38:26.773,1.05943,1.05953,1.13,2.25
2012.01.25 18:38:27.415,1.05943,1.05955,2.63,1.50
2012.01.25 18:38:27.497,1.0594,1.05952,1.50,2.25
2012.01.25 18:38:27.941,1.05936,1.05949,2.25,1.50
2012.01.25 18:38:28.413,1.05937,1.05948,1.13,1.50
2012.01.25 18:38:28.603,1.05937,1.05951,2.63,2.25
2012.01.25 18:38:29.161,1.05939,1.05951,1.13,2.25
2012.01.25 18:38:29.971,1.05937,1.05949,1.88,2.25
2012.01.25 18:38:30.182,1.05937,1.05949,1.13,2.25
2012.01.25 18:38:30.520,1.05938,1.0595,2.63,2.25
2012.01.25 18:38:31.024,1.05938,1.0595,2.63,2.25
2012.01.25 18:38:31.569,1.05938,1.0595,2.63,2.25
2012.01.25 18:38:32.440,1.05934,1.05946,3.57,1.50
2012.01.25 18:38:32.512,1.05934,1.05946,3.57,1.50
2012.01.25 18:38:33.533,1.05934,1.05946,1.88,1.50
2012.01.25 18:38:34.078,1.05934,1.05946,1.50,1.50
2012.01.25 18:38:34.704,1.05934,1.05944,1.50,2.14
2012.01.25 18:38:34.795,1.05931,1.05939,1.50,1.50
2012.01.25 18:38:34.933,1.05928,1.05939,2.63,1.50
2012.01.25 18:38:35.075,1.0593,1.05942,1.50,3.75
2012.01.25 18:38:35.413,1.05933,1.05943,1.50,1.50
2012.01.25 18:38:35.922,1.05932,1.05944,1.50,3.00
2012.01.25 18:38:37.002,1.05929,1.05943,2.25,3.00
2012.01.25 18:38:37.462,1.05933,1.05943,2.25,1.50
2012.01.25 18:38:37.737,1.05936,1.0595,2.63,2.63
2012.01.25 18:38:37.812,1.05938,1.0595,1.88,1.13
2012.01.25 18:38:37.941,1.05938,1.0595,1.88,1.13
2012.01.25 18:38:38.203,1.0594,1.05951,1.50,1.13
2012.01.25 18:38:38.744,1.05939,1.05951,1.50,2.25
2012.01.25 18:38:39.483,1.05936,1.0595,5.07,1.50
2012.01.25 18:38:40.892,1.05936,1.0595,4.88,1.50
2012.01.25 18:38:41.709,1.05939,1.05951,1.50,2.25
2012.01.25 18:38:42.995,1.05936,1.0595,3.38,2.25
2012.01.25 18:38:43.403,1.05938,1.0595,2.52,2.25
2012.01.25 18:38:44.415,1.05939,1.05951,1.88,2.25
2012.01.25 18:38:44.743,1.0594,1.05951,3.27,1.50
2012.01.25 18:38:44.883,1.05941,1.05953,3.00,1.50
2012.01.25 18:38:45.016,1.05942,1.05956,3.75,2.25
2012.01.25 18:38:45.225,1.05942,1.05956,3.75,2.25
2012.01.25 18:38:45.684,1.05941,1.0595,1.32,1.50
2012.01.25 18:38:46.412,1.05939,1.05951,1.13,1.50
2012.01.25 18:38:46.489,1.05939,1.05953,1.50,2.25
2012.01.25 18:38:46.562,1.05939,1.05953,1.50,2.25
2012.01.25 18:38:47.859,1.05938,1.0595,2.63,2.25
2012.01.25 18:38:50.443,1.05938,1.05948,2.25,1.50
2012.01.25 18:38:50.783,1.05934,1.05946,2.25,2.25
2012.01.25 18:38:50.850,1.05934,1.05946,2.25,2.25
2012.01.25 18:38:50.923,1.05933,1.05942,2.14,1.50
2012.01.25 18:38:50.995,1.05931,1.05942,3.27,1.50
2012.01.25 18:38:51.063,1.05931,1.05945,5.52,4.88
2012.01.25 18:38:51.135,1.05933,1.05945,2.07,2.25
2012.01.25 18:38:51.406,1.05935,1.05946,1.50,1.50
2012.01.25 18:38:51.483,1.05937,1.05946,1.50,1.50
2012.01.25 18:38:51.555,1.05939,1.0595,1.50,1.50
2012.01.25 18:38:52.185,1.05942,1.0595,1.50,2.25
2012.01.25 18:38:52.523,1.05939,1.05947,1.50,4.13
2012.01.25 18:38:52.664,1.05929,1.05939,2.63,1.50
2012.01.25 18:38:52.802,1.05931,1.05939,1.65,1.50
2012.01.25 18:38:53.142,1.05935,1.05946,2.48,1.50
2012.01.25 18:38:53.216,1.05939,1.05953,1.50,2.63
2012.01.25 18:38:53.342,1.05942,1.05953,1.50,1.13
2012.01.25 18:38:53.590,1.05939,1.05953,1.50,2.63
2012.01.25 18:38:53.770,1.05937,1.05951,1.50,2.25
2012.01.25 18:38:53.841,1.05937,1.05951,2.25,2.25
2012.01.25 18:38:53.973,1.05937,1.05951,2.25,2.25
2012.01.25 18:38:55.016,1.05937,1.05951,1.50,2.25
2012.01.25 18:38:55.531,1.05937,1.05951,1.50,2.25
2012.01.25 18:38:59.542,1.05937,1.05951,1.88,2.25
2012.01.25 18:38:59.612,1.05936,1.05948,2.07,1.50
2012.01.25 18:38:59.941,1.05934,1.05946,1.88,1.50
2012.01.25 18:39:00.072,1.05934,1.05946,1.50,2.25
2012.01.25 18:39:00.653,1.05933,1.05945,1.50,2.25
2012.01.25 18:39:01.222,1.05933,1.05945,1.50,2.25
2012.01.25 18:39:01.704,1.05933,1.05945,3.64,1.50
2012.01.25 18:39:02.031,1.05938,1.0595,1.50,2.25
2012.01.25 18:39:02.484,1.05934,1.05946,3.38,1.50
2012.01.25 18:39:02.622,1.05934,1.05946,3.75,1.50
2012.01.25 18:39:03.140,1.05934,1.05946,3.38,1.50
2012.01.25 18:39:03.954,1.05934,1.05946,3.75,1.50
2012.01.25 18:39:04.360,1.05936,1.05948,2.07,1.50
2012.01.25 18:39:04.507,1.05936,1.05948,1.88,2.25
2012.01.25 18:39:04.866,1.0593,1.05937,2.14,1.50
2012.01.25 18:39:05.071,1.0593,1.0594,2.14,1.50
2012.01.25 18:39:05.145,1.05927,1.0594,4.77,1.50
2012.01.25 18:39:05.212,1.05928,1.05942,2.25,2.25
2012.01.25 18:39:06.131,1.0593,1.05944,1.50,2.25
2012.01.25 18:39:06.341,1.05931,1.05944,2.07,1.50
2012.01.25 18:39:06.693,1.05936,1.05948,1.50,2.25
2012.01.25 18:39:06.940,1.05934,1.05946,1.50,2.25
2012.01.25 18:39:07.521,1.05932,1.05944,1.50,1.50
2012.01.25 18:39:09.268,1.05932,1.05944,1.69,2.25
2012.01.25 18:39:09.341,1.05932,1.05944,1.69,2.25
2012.01.25 18:39:09.412,1.0593,1.05941,2.25,1.50
2012.01.25 18:39:10.215,1.0593,1.05943,1.69,1.13
2012.01.25 18:39:10.966,1.0593,1.05944,2.25,4.24
2012.01.25 18:39:13.128,1.05933,1.05945,1.50,2.25
2012.01.25 18:39:13.733,1.05933,1.05945,2.25,2.25
2012.01.25 18:39:14.682,1.05933,1.05945,2.25,2.25
2012.01.25 18:39:14.768,1.05938,1.0595,2.25,1.50
2012.01.25 18:39:14.911,1.05937,1.05948,1.50,1.50
2012.01.25 18:39:15.308,1.05937,1.05948,1.50,1.50
2012.01.25 18:39:15.460,1.0594,1.05951,2.10,1.50
2012.01.25 18:39:15.804,1.05944,1.05958,1.50,2.25
2012.01.25 18:39:16.572,1.05946,1.05959,1.50,2.44
2012.01.25 18:39:16.855,1.05949,1.05961,2.25,2.25
2012.01.25 18:39:17.599,1.05951,1.05963,1.50,1.50
2012.01.25 18:39:18.422,1.05951,1.05963,2.25,1.50
2012.01.25 18:39:18.504,1.05951,1.05963,2.44,1.50
2012.01.25 18:39:18.581,1.05953,1.05965,2.25,1.50
2012.01.25 18:39:19.102,1.05953,1.05965,2.25,1.50
2012.01.25 18:39:19.573,1.05956,1.05965,1.32,1.50
2012.01.25 18:39:19.649,1.05958,1.0597,1.88,2.25
2012.01.25 18:39:20.401,1.05958,1.0597,1.88,2.25
2012.01.25 18:39:20.754,1.05953,1.05967,4.80,2.40
2012.01.25 18:39:20.830,1.05953,1.05967,4.80,2.78
2012.01.25 18:39:20.974,1.05953,1.05967,1.50,2.78
2012.01.25 18:39:21.043,1.0595,1.05961,1.88,1.50
2012.01.25 18:39:21.184,1.0595,1.05961,1.88,1.50
2012.01.25 18:39:21.522,1.05951,1.05963,2.25,3.00
2012.01.25 18:39:21.661,1.05951,1.05963,2.25,1.50
2012.01.25 18:39:21.791,1.05951,1.05963,1.50,1.50
2012.01.25 18:39:22.532,1.0595,1.05962,1.13,1.50
2012.01.25 18:39:23.080,1.0595,1.05964,2.63,2.25
2012.01.25 18:39:24.123,1.05952,1.05966,1.50,4.50
2012.01.25 18:39:24.675,1.05952,1.05965,2.25,1.13
2012.01.25 18:39:24.750,1.05952,1.05965,2.25,1.13
2012.01.25 18:39:25.593,1.05956,1.05966,2.63,4.50
2012.01.25 18:39:25.747,1.05967,1.05979,1.50,2.63
2012.01.25 18:39:26.081,1.05964,1.05978,3.38,1.50
2012.01.25 18:39:26.770,1.05964,1.05978,2.63,2.25
2012.01.25 18:39:26.841,1.05964,1.05978,2.25,2.25
2012.01.25 18:39:27.195,1.05962,1.05971,1.50,1.50
2012.01.25 18:39:27.950,1.05961,1.05971,1.69,1.50
2012.01.25 18:39:28.090,1.0596,1.05971,1.13,2.25
2012.01.25 18:39:28.162,1.0596,1.05967,1.13,1.50
2012.01.25 18:39:28.372,1.0596,1.0597,1.13,1.50
2012.01.25 18:39:28.890,1.0596,1.05972,1.13,2.25
2012.01.25 18:39:30.190,1.05958,1.05972,2.25,2.25
2012.01.25 18:39:30.380,1.05958,1.05972,1.50,2.25
2012.01.25 18:39:31.246,1.05957,1.05969,1.50,2.25
2012.01.25 18:39:31.794,1.05957,1.05969,1.50,2.25
2012.01.25 18:39:32.301,1.05958,1.05972,1.50,2.63
2012.01.25 18:39:32.812,1.05958,1.05972,1.50,2.63
2012.01.25 18:39:33.016,1.05958,1.05972,2.25,2.25
2012.01.25 18:39:33.708,1.05958,1.05972,2.63,2.63
2012.01.25 18:39:33.799,1.05964,1.05976,2.25,2.25
2012.01.25 18:39:33.879,1.05968,1.05977,1.50,2.25
2012.01.25 18:39:34.222,1.0597,1.05982,1.50,2.25
2012.01.25 18:39:34.622,1.05967,1.05979,3.00,2.25
2012.01.25 18:39:36.415,1.05974,1.05986,1.50,3.00
2012.01.25 18:39:36.740,1.05967,1.05978,2.70,1.35
2012.01.25 18:39:37.084,1.05966,1.05981,1.13,2.25
2012.01.25 18:39:37.154,1.05966,1.05978,2.63,2.25
2012.01.25 18:39:37.709,1.05967,1.05981,1.50,2.25
2012.01.25 18:39:38.491,1.05967,1.05981,1.50,2.25
2012.01.25 18:39:38.563,1.05967,1.05981,1.50,4.50
2012.01.25 18:39:38.829,1.05967,1.05981,2.25,2.25
2012.01.25 18:39:38.900,1.05967,1.05981,1.50,2.25
2012.01.25 18:39:39.370,1.05965,1.05979,1.50,2.25
2012.01.25 18:39:40.028,1.05965,1.05979,1.50,2.25
2012.01.25 18:39:40.534,1.05968,1.05978,1.50,2.25
2012.01.25 18:39:40.932,1.0597,1.05982,1.50,1.50
2012.01.25 18:39:41.406,1.05968,1.05982,1.50,3.00
2012.01.25 18:39:41.484,1.05966,1.0598,3.00,2.25
2012.01.25 18:39:42.388,1.05965,1.05978,1.69,2.25
2012.01.25 18:39:42.469,1.05963,1.05973,3.00,1.50
2012.01.25 18:39:42.734,1.05962,1.05973,1.32,1.50
2012.01.25 18:39:42.804,1.05963,1.05975,2.44,1.50
2012.01.25 18:39:42.876,1.05965,1.05977,1.50,2.25
2012.01.25 18:39:43.194,1.05967,1.05981,1.50,4.50
2012.01.25 18:39:43.710,1.05966,1.05978,1.50,2.25
2012.01.25 18:39:44.402,1.05963,1.05973,2.44,1.50
2012.01.25 18:39:45.017,1.05965,1.05976,1.50,1.50
2012.01.25 18:39:45.549,1.05965,1.05977,1.50,2.25
2012.01.25 18:39:46.451,1.05962,1.05975,1.13,1.50
2012.01.25 18:39:46.760,1.05966,1.05979,1.50,1.50
2012.01.25 18:39:46.888,1.05964,1.05977,2.25,2.25
2012.01.25 18:39:47.228,1.05965,1.05979,2.25,2.25
2012.01.25 18:39:47.595,1.05963,1.05977,2.63,1.50
2012.01.25 18:39:47.939,1.05965,1.05979,2.25,2.25
2012.01.25 18:39:49.555,1.05963,1.05977,2.63,1.50
2012.01.25 18:39:50.059,1.05966,1.05978,2.25,1.50
2012.01.25 18:39:53.246,1.05963,1.05977,2.63,1.50
2012.01.25 18:39:53.926,1.0596,1.05972,1.50,1.50
2012.01.25 18:39:54.251,1.05957,1.05969,2.25,1.50
2012.01.25 18:39:54.780,1.05957,1.05969,2.25,1.50
2012.01.25 18:39:55.931,1.05957,1.05969,2.25,1.50
2012.01.25 18:39:56.970,1.05957,1.05969,2.25,1.50
2012.01.25 18:39:58.399,1.05957,1.05969,2.25,1.50
2012.01.25 18:40:00.370,1.05957,1.05969,2.25,1.50
2012.01.25 18:40:04.320,1.05957,1.05969,2.25,1.50
2012.01.25 18:40:05.043,1.05958,1.05972,2.25,1.50
2012.01.25 18:40:07.017,1.05961,1.05972,1.13,1.50
2012.01.25 18:40:07.659,1.05963,1.05974,1.50,1.50
2012.01.25 18:40:07.943,1.05964,1.05976,2.25,1.50
2012.01.25 18:40:08.583,1.05962,1.05973,1.50,1.50
2012.01.25 18:40:09.571,1.05962,1.05973,1.50,1.50
2012.01.25 18:40:10.870,1.05961,1.05973,2.25,1.50
2012.01.25 18:40:11.420,1.05958,1.05972,5.74,1.50
2012.01.25 18:40:12.337,1.05958,1.05972,4.80,1.50
2012.01.25 18:40:12.666,1.05958,1.05972,2.25,2.63
2012.01.25 18:40:13.442,1.05958,1.05969,1.50,1.50
2012.01.25 18:40:13.652,1.05954,1.05966,1.50,2.14
2012.01.25 18:40:14.006,1.05952,1.05961,2.25,1.50
2012.01.25 18:40:14.082,1.05949,1.05961,2.25,1.50
2012.01.25 18:40:14.153,1.05949,1.05961,2.25,1.50
2012.01.25 18:40:14.290,1.05949,1.05961,2.25,1.50
2012.01.25 18:40:14.694,1.05951,1.05965,1.50,2.44
2012.01.25 18:40:15.575,1.0595,1.05962,1.50,1.50
2012.01.25 18:40:16.091,1.0595,1.05962,2.25,1.50
2012.01.25 18:40:16.233,1.05952,1.05965,1.50,1.69
2012.01.25 18:40:16.773,1.05949,1.05963,2.25,1.88
2012.01.25 18:40:16.971,1.05949,1.05961,2.25,1.50
2012.01.25 18:40:17.100,1.05951,1.05963,2.25,1.88
2012.01.25 18:40:17.431,1.05948,1.05962,2.25,1.50
2012.01.25 18:40:18.231,1.05948,1.05962,2.25,1.50
2012.01.25 18:40:19.290,1.05948,1.05962,2.25,2.25
2012.01.25 18:40:20.249,1.05947,1.05957,1.50,2.44
2012.01.25 18:40:21.096,1.05942,1.05951,1.50,1.69
2012.01.25 18:40:21.176,1.05934,1.05945,2.25,1.50
2012.01.25 18:40:21.267,1.05936,1.05948,2.25,1.50
2012.01.25 18:40:21.425,1.05937,1.05948,1.50,1.50
2012.01.25 18:40:21.503,1.05938,1.0595,3.00,1.69
2012.01.25 18:40:21.645,1.05943,1.05953,2.25,2.25
2012.01.25 18:40:21.921,1.05942,1.05954,3.00,3.00
2012.01.25 18:40:23.555,1.05943,1.05956,2.25,2.03
2012.01.25 18:40:23.622,1.05946,1.05956,1.50,2.40
2012.01.25 18:40:23.696,1.05946,1.05956,1.50,1.65
2012.01.25 18:40:23.954,1.05946,1.05953,1.50,1.95
2012.01.25 18:40:24.307,1.05942,1.05949,1.50,1.50
2012.01.25 18:40:24.385,1.05938,1.05952,2.25,3.00
2012.01.25 18:40:25.020,1.05938,1.05951,1.50,3.00
2012.01.25 18:40:25.600,1.05938,1.05951,2.25,3.00
2012.01.25 18:40:26.201,1.05938,1.05951,2.25,3.19
2012.01.25 18:40:26.394,1.05936,1.0595,3.75,2.44
2012.01.25 18:40:26.532,1.05936,1.05947,2.25,2.14
2012.01.25 18:40:26.885,1.05931,1.05943,2.25,1.50
2012.01.25 18:40:27.085,1.05932,1.05946,2.25,2.63
2012.01.25 18:40:27.654,1.05932,1.05945,2.25,1.13
2012.01.25 18:40:28.161,1.05932,1.05946,2.25,4.39
2012.01.25 18:40:29.409,1.05932,1.05945,2.25,1.13
2012.01.25 18:40:30.358,1.0593,1.05944,2.25,1.88
2012.01.25 18:40:30.993,1.0593,1.05944,2.25,1.50
2012.01.25 18:40:31.679,1.0593,1.05944,2.25,1.50
2012.01.25 18:40:32.197,1.0593,1.05944,2.25,1.50
2012.01.25 18:40:32.694,1.05933,1.05944,2.89,1.50
2012.01.25 18:40:32.821,1.05934,1.05946,2.85,1.50
2012.01.25 18:40:33.203,1.0594,1.05951,1.50,1.88
2012.01.25 18:40:33.531,1.05937,1.05951,1.50,3.38
2012.01.25 18:40:35.436,1.0594,1.05952,2.25,1.50
2012.01.25 18:40:36.399,1.0594,1.05952,2.25,1.50
2012.01.25 18:40:36.722,1.05942,1.05954,2.25,2.63
2012.01.25 18:40:37.391,1.0594,1.05952,3.75,1.50
2012.01.25 18:40:37.710,1.05942,1.05952,1.95,1.50
2012.01.25 18:40:38.437,1.05944,1.05958,1.13,3.00
2012.01.25 18:40:38.523,1.05947,1.0596,1.50,1.50
2012.01.25 18:40:38.979,1.05946,1.0596,2.44,2.25
2012.01.25 18:40:39.291,1.05945,1.05957,2.44,2.25
2012.01.25 18:40:39.646,1.0594,1.05951,3.00,1.50
2012.01.25 18:40:40.263,1.05941,1.05953,1.69,1.50
2012.01.25 18:40:40.596,1.05938,1.05952,3.94,2.25
2012.01.25 18:40:41.264,1.05938,1.05952,3.19,2.25
2012.01.25 18:40:41.849,1.05938,1.05952,3.19,2.25
2012.01.25 18:40:42.391,1.05938,1.05952,3.19,2.25
2012.01.25 18:40:42.585,1.05939,1.05952,1.50,1.50
2012.01.25 18:40:42.970,1.05938,1.0595,2.44,1.50
2012.01.25 18:40:43.312,1.05939,1.05953,2.25,2.25
2012.01.25 18:40:43.381,1.05939,1.05953,2.25,2.25
2012.01.25 18:40:43.600,1.05939,1.05953,2.25,2.25
2012.01.25 18:40:44.261,1.05939,1.05953,2.25,2.25
2012.01.25 18:40:44.809,1.05939,1.05953,2.25,2.25
2012.01.25 18:40:45.401,1.05939,1.05953,2.25,2.25
2012.01.25 18:40:45.490,1.05939,1.05945,1.50,1.88
2012.01.25 18:40:45.855,1.05934,1.05944,1.50,1.50
2012.01.25 18:40:45.922,1.05934,1.05945,1.50,4.13
2012.01.25 18:40:45.990,1.05929,1.05943,1.50,2.25
2012.01.25 18:40:46.374,1.05932,1.05944,1.50,2.25
2012.01.25 18:40:46.513,1.0593,1.05942,1.50,2.25
2012.01.25 18:40:48.740,1.05931,1.05945,1.50,3.38
2012.01.25 18:40:50.684,1.05934,1.05948,1.50,3.76
2012.01.25 18:40:51.201,1.05933,1.05945,1.50,1.50
2012.01.25 18:40:51.414,1.05934,1.05948,1.50,2.25
2012.01.25 18:40:51.804,1.05934,1.05948,3.00,1.50
2012.01.25 18:40:52.403,1.05937,1.05949,1.50,2.25
2012.01.25 18:40:54.266,1.0594,1.05949,1.50,1.50
2012.01.25 18:40:54.475,1.05942,1.05955,4.20,2.25
2012.01.25 18:40:54.622,1.05948,1.05957,1.50,4.13
2012.01.25 18:40:54.771,1.05948,1.05957,3.45,1.50
2012.01.25 18:40:54.984,1.05946,1.0596,1.50,2.25
2012.01.25 18:40:55.056,1.05945,1.05956,3.00,2.25
2012.01.25 18:40:55.913,1.05944,1.05954,1.50,1.50
2012.01.25 18:40:56.054,1.05939,1.05951,1.50,2.25
2012.01.25 18:40:56.587,1.05937,1.05946,1.50,1.50
2012.01.25 18:40:56.732,1.05939,1.05951,1.50,2.25
2012.01.25 18:40:57.561,1.05939,1.05951,2.10,2.25
2012.01.25 18:40:58.361,1.05941,1.05947,3.30,1.50
2012.01.25 18:40:58.447,1.05936,1.05948,4.88,1.50
2012.01.25 18:40:58.950,1.05938,1.0595,2.25,2.25
2012.01.25 18:40:59.420,1.0594,1.05952,1.50,2.25
2012.01.25 18:40:59.631,1.05938,1.0595,1.50,2.25
2012.01.25 18:40:59.842,1.05936,1.05949,1.88,2.25
2012.01.25 18:41:00.183,1.05939,1.05951,1.50,2.25
2012.01.25 18:41:00.392,1.05937,1.05949,3.00,2.25
2012.01.25 18:41:02.041,1.0594,1.05952,3.60,2.63
2012.01.25 18:41:02.184,1.05943,1.05952,2.10,1.13
2012.01.25 18:41:02.254,1.05945,1.05955,1.50,1.53
2012.01.25 18:41:02.323,1.05945,1.05956,1.50,1.34
2012.01.25 18:41:02.664,1.05948,1.05958,1.50,1.08
2012.01.25 18:41:02.731,1.05948,1.0596,1.50,2.25
2012.01.25 18:41:02.872,1.05948,1.0596,1.50,2.25
2012.01.25 18:41:03.812,1.05946,1.05958,2.10,1.50
2012.01.25 18:41:04.415,1.05947,1.0596,1.50,2.25
2012.01.25 18:41:04.488,1.05947,1.05961,1.50,2.25
2012.01.25 18:41:04.765,1.05948,1.05961,1.13,2.25
2012.01.25 18:41:06.229,1.05948,1.05961,1.13,2.25
2012.01.25 18:41:06.560,1.05948,1.05958,1.13,1.50
2012.01.25 18:41:06.761,1.05948,1.0596,2.25,1.50
2012.01.25 18:41:07.212,1.0595,1.0596,1.35,1.50
2012.01.25 18:41:07.495,1.05955,1.05966,2.63,1.50
2012.01.25 18:41:07.568,1.05958,1.0597,1.50,2.25
2012.01.25 18:41:08.350,1.05961,1.05973,1.50,2.44
2012.01.25 18:41:08.438,1.05962,1.05975,1.50,1.50
2012.01.25 18:41:08.700,1.05958,1.05972,3.38,1.50
2012.01.25 18:41:11.003,1.05958,1.05972,2.25,2.25
2012.01.25 18:41:11.531,1.05958,1.05972,2.25,2.25
2012.01.25 18:41:13.589,1.05958,1.05972,1.50,2.25
2012.01.25 18:41:13.841,1.05956,1.0597,2.25,2.25
2012.01.25 18:41:13.984,1.05955,1.05967,3.00,1.50
2012.01.25 18:41:14.511,1.05955,1.05967,1.50,1.50
2012.01.25 18:41:14.881,1.05957,1.05969,1.50,1.50
2012.01.25 18:41:15.270,1.05959,1.05971,1.50,2.25
2012.01.25 18:41:15.341,1.05957,1.05969,1.50,1.50
2012.01.25 18:41:16.974,1.05957,1.05968,1.50,4.20
2012.01.25 18:41:17.112,1.05953,1.05966,1.50,3.00
2012.01.25 18:41:17.244,1.05951,1.0596,1.13,1.50
2012.01.25 18:41:17.384,1.05949,1.0596,1.50,1.50
2012.01.25 18:41:17.692,1.05949,1.05962,1.88,1.50
2012.01.25 18:41:18.241,1.05948,1.05962,2.44,1.50
2012.01.25 18:41:19.131,1.05947,1.05959,4.69,1.50
2012.01.25 18:41:19.877,1.05947,1.05957,1.50,1.88
2012.01.25 18:41:19.956,1.05947,1.05959,1.50,2.25
2012.01.25 18:41:20.210,1.05944,1.05958,1.69,2.25
2012.01.25 18:41:20.641,1.05944,1.05958,1.69,2.25
2012.01.25 18:41:20.782,1.05941,1.05953,2.44,1.50
2012.01.25 18:41:20.982,1.05939,1.05951,3.00,1.50
2012.01.25 18:41:21.313,1.05939,1.05951,1.50,2.25
2012.01.25 18:41:21.852,1.05939,1.05951,1.50,2.25
2012.01.25 18:41:22.647,1.0594,1.05953,1.50,2.07
2012.01.25 18:41:22.723,1.0594,1.05952,1.50,1.50
2012.01.25 18:41:24.555,1.05942,1.05952,1.50,1.50
2012.01.25 18:41:24.625,1.05942,1.05956,1.50,2.44
2012.01.25 18:41:25.144,1.05943,1.05956,1.13,2.25
2012.01.25 18:41:25.413,1.0594,1.05954,2.25,3.38
2012.01.25 18:41:26.018,1.05936,1.0595,4.39,1.50
2012.01.25 18:41:26.576,1.05938,1.05952,1.50,2.25
2012.01.25 18:41:31.282,1.05938,1.05952,1.50,2.25
2012.01.25 18:41:34.670,1.05938,1.05952,1.50,2.25
2012.01.25 18:41:35.401,1.05941,1.05952,1.95,2.25
2012.01.25 18:41:35.486,1.05944,1.05956,1.50,2.25
2012.01.25 18:41:35.698,1.05941,1.05953,2.25,2.25
2012.01.25 18:41:36.512,1.05941,1.05953,1.50,2.25
2012.01.25 18:41:37.021,1.05941,1.05953,2.25,2.25
2012.01.25 18:41:37.725,1.05941,1.05953,2.25,2.25
2012.01.25 18:41:37.802,1.05941,1.05953,1.50,2.25
2012.01.25 18:41:37.986,1.05939,1.05951,1.50,2.25
2012.01.25 18:41:39.810,1.05941,1.05953,1.50,2.25
2012.01.25 18:41:41.762,1.0594,1.05952,2.25,2.25
2012.01.25 18:41:42.297,1.0594,1.05952,2.25,2.63
2012.01.25 18:41:42.610,1.0594,1.05951,1.50,1.13
2012.01.25 18:41:42.921,1.05938,1.0595,1.50,2.25
2012.01.25 18:41:45.254,1.0594,1.05951,2.03,1.13
2012.01.25 18:41:45.343,1.05946,1.05956,1.50,1.50
2012.01.25 18:41:45.482,1.05951,1.05963,1.50,3.00
2012.01.25 18:41:45.922,1.05949,1.0596,1.50,1.50
2012.01.25 18:41:46.051,1.05948,1.0596,1.50,2.25
2012.01.25 18:41:46.121,1.05948,1.0596,1.50,2.25
2012.01.25 18:41:46.885,1.05945,1.05957,4.50,1.50
2012.01.25 18:41:46.955,1.05945,1.05957,2.25,1.50
2012.01.25 18:41:47.025,1.05945,1.05956,1.50,1.50
2012.01.25 18:41:47.155,1.05939,1.05953,3.19,2.25
2012.01.25 18:41:47.296,1.05939,1.05953,2.25,2.25
2012.01.25 18:41:47.961,1.05937,1.05946,1.13,1.50
2012.01.25 18:41:48.042,1.05934,1.05946,2.25,2.25
2012.01.25 18:41:48.170,1.05934,1.05946,1.69,2.25
2012.01.25 18:41:48.700,1.05935,1.05949,1.50,2.25
2012.01.25 18:41:49.221,1.05935,1.05949,1.50,2.63
2012.01.25 18:41:49.292,1.05935,1.05949,1.50,2.63
2012.01.25 18:41:49.744,1.05937,1.05951,1.50,2.25
2012.01.25 18:41:49.817,1.05939,1.05951,2.25,1.50
2012.01.25 18:41:50.401,1.05941,1.05955,1.50,2.25
2012.01.25 18:41:51.622,1.05943,1.05957,1.50,3.75
2012.01.25 18:41:51.694,1.05943,1.05957,2.25,2.25
2012.01.25 18:41:51.887,1.05945,1.05959,2.25,2.25
2012.01.25 18:41:52.905,1.05945,1.05959,1.50,2.25
2012.01.25 18:41:53.672,1.05945,1.05959,1.50,2.25
2012.01.25 18:41:53.747,1.05942,1.05956,2.25,2.25
2012.01.25 18:41:53.825,1.05941,1.05954,1.13,2.25
2012.01.25 18:41:54.351,1.0594,1.05954,2.44,2.25
2012.01.25 18:41:55.853,1.0594,1.05954,2.25,2.25
2012.01.25 18:41:56.410,1.0594,1.05954,2.25,2.25
2012.01.25 18:41:56.954,1.05942,1.05956,1.50,2.25
2012.01.25 18:41:57.213,1.05942,1.05956,1.50,2.25
2012.01.25 18:41:57.482,1.05945,1.05957,1.50,3.75
2012.01.25 18:41:58.275,1.05945,1.05957,1.50,2.25
2012.01.25 18:41:59.921,1.05943,1.05953,1.50,1.13
2012.01.25 18:41:59.993,1.0594,1.05952,1.88,1.88
2012.01.25 18:42:00.121,1.05938,1.05952,2.25,2.63
2012.01.25 18:42:00.197,1.05938,1.05952,1.50,2.63
2012.01.25 18:42:00.276,1.05935,1.05946,5.89,1.50
2012.01.25 18:42:01.015,1.05936,1.05948,1.69,2.25
2012.01.25 18:42:01.352,1.05939,1.05951,1.50,2.25
2012.01.25 18:42:01.910,1.05939,1.05951,1.50,3.00
2012.01.25 18:42:02.441,1.05939,1.05951,1.88,3.75
2012.01.25 18:42:02.514,1.05943,1.05951,1.35,1.50
2012.01.25 18:42:02.913,1.05939,1.05951,3.38,2.25
2012.01.25 18:42:02.982,1.05945,1.05956,1.50,2.63
2012.01.25 18:42:03.124,1.05939,1.05953,2.44,2.25
2012.01.25 18:42:03.650,1.0594,1.05952,1.50,2.25
2012.01.25 18:42:04.651,1.05941,1.05955,1.50,2.25
2012.01.25 18:42:05.191,1.0594,1.05952,1.50,2.25
2012.01.25 18:42:05.983,1.0594,1.05952,1.50,2.25
2012.01.25 18:42:07.541,1.0594,1.05952,1.50,2.25
2012.01.25 18:42:08.197,1.05944,1.05954,1.50,1.50
2012.01.25 18:42:08.277,1.05944,1.05956,1.50,3.75
2012.01.25 18:42:08.354,1.05942,1.05954,1.88,1.50
2012.01.25 18:42:08.671,1.05944,1.05956,1.50,2.25
2012.01.25 18:42:08.803,1.05941,1.05955,1.88,2.25
2012.01.25 18:42:09.312,1.05941,1.05955,2.63,2.25
2012.01.25 18:42:09.502,1.05944,1.05958,1.50,2.63
2012.01.25 18:42:10.220,1.05944,1.05958,1.50,2.25
2012.01.25 18:42:10.289,1.05944,1.05958,2.25,2.25
2012.01.25 18:42:11.610,1.05945,1.05958,1.50,1.50
2012.01.25 18:42:11.812,1.05947,1.05959,1.50,2.25
2012.01.25 18:42:12.121,1.05949,1.05959,1.50,1.50
2012.01.25 18:42:12.631,1.05949,1.05961,1.50,2.25
2012.01.25 18:42:19.776,1.05947,1.05959,2.25,1.50
2012.01.25 18:42:20.281,1.05948,1.05962,1.50,2.25
2012.01.25 18:42:27.781,1.05948,1.05962,1.50,2.25
2012.01.25 18:42:27.851,1.0595,1.05964,2.25,3.00
2012.01.25 18:42:28.202,1.05955,1.05967,1.50,1.50
2012.01.25 18:42:28.274,1.05956,1.05969,1.13,1.50
2012.01.25 18:42:28.555,1.05955,1.05966,1.50,1.50
2012.01.25 18:42:28.751,1.05954,1.05966,2.63,1.50
2012.01.25 18:42:29.280,1.05954,1.05964,1.13,1.50
2012.01.25 18:42:29.360,1.05952,1.05963,2.25,1.50
2012.01.25 18:42:30.011,1.05949,1.05963,1.88,2.25
2012.01.25 18:42:30.520,1.0595,1.05963,1.13,2.25
2012.01.25 18:42:31.293,1.05951,1.05965,1.50,2.25
2012.01.25 18:42:31.814,1.05951,1.05965,1.50,2.25
2012.01.25 18:42:32.338,1.05951,1.05965,2.25,1.50
2012.01.25 18:42:34.223,1.05951,1.05965,2.40,2.25
2012.01.25 18:42:34.940,1.05951,1.05964,1.50,1.50
2012.01.25 18:42:35.935,1.0595,1.05962,1.50,2.25
2012.01.25 18:42:36.820,1.05951,1.05964,1.50,1.50
2012.01.25 18:42:37.321,1.05951,1.05964,1.50,1.50
2012.01.25 18:42:40.784,1.0595,1.0596,1.50,1.35
2012.01.25 18:42:40.942,1.0594,1.05952,2.16,1.50
2012.01.25 18:42:41.021,1.0594,1.05949,2.16,1.50
2012.01.25 18:42:41.095,1.0594,1.05951,1.50,1.50
2012.01.25 18:42:41.633,1.0594,1.05954,3.98,2.25
2012.01.25 18:42:42.163,1.0594,1.05954,3.88,2.25
2012.01.25 18:42:42.805,1.05942,1.05956,1.50,2.25
2012.01.25 18:42:43.451,1.05942,1.05956,1.50,2.25
2012.01.25 18:42:43.642,1.05942,1.05956,1.50,2.25
2012.01.25 18:42:44.848,1.05942,1.05954,1.50,2.25
2012.01.25 18:42:44.923,1.05941,1.05955,1.69,2.25
2012.01.25 18:42:45.113,1.05941,1.05955,1.69,2.25
2012.01.25 18:42:46.083,1.0594,1.05952,2.10,2.25
2012.01.25 18:42:56.991,1.05937,1.0595,4.33,2.25
2012.01.25 18:42:57.536,1.0594,1.05954,2.16,2.25
2012.01.25 18:42:58.824,1.05939,1.05951,2.34,2.25
2012.01.25 18:42:59.176,1.05937,1.05946,1.99,3.00
2012.01.25 18:42:59.258,1.05934,1.05943,1.50,1.35
2012.01.25 18:42:59.479,1.05934,1.05943,1.50,2.10
2012.01.25 18:42:59.753,1.05931,1.05941,1.50,2.25
2012.01.25 18:43:00.412,1.05931,1.05941,1.50,2.25
2012.01.25 18:43:00.501,1.05925,1.05937,1.69,3.00
2012.01.25 18:43:00.648,1.05925,1.05936,1.50,1.65
2012.01.25 18:43:01.004,1.05921,1.05933,1.88,3.75
2012.01.25 18:43:03.321,1.05922,1.05936,1.50,2.25
2012.01.25 18:43:04.684,1.05922,1.05936,2.63,2.25
2012.01.25 18:43:04.753,1.05922,1.05936,1.88,2.25
2012.01.25 18:43:05.085,1.05924,1.05938,2.10,2.25
2012.01.25 18:43:06.072,1.05924,1.05938,2.10,2.25
2012.01.25 18:43:06.752,1.05924,1.05938,2.10,2.25
2012.01.25 18:43:07.288,1.05924,1.05938,2.48,2.25
2012.01.25 18:43:07.821,1.05924,1.05938,3.23,2.25
2012.01.25 18:43:08.548,1.05924,1.05938,3.60,2.25
2012.01.25 18:43:09.052,1.05925,1.05938,1.50,2.25
2012.01.25 18:43:09.719,1.05925,1.05937,1.13,2.25
2012.01.25 18:43:10.231,1.05925,1.05937,1.50,2.25
2012.01.25 18:43:10.834,1.05925,1.05934,1.32,1.50
2012.01.25 18:43:11.694,1.05925,1.05939,1.69,2.25
2012.01.25 18:43:11.770,1.05923,1.05937,3.75,5.07
2012.01.25 18:43:11.902,1.05923,1.05937,1.50,5.82
2012.01.25 18:43:11.976,1.05922,1.05933,3.83,1.50
2012.01.25 18:43:12.332,1.05928,1.0594,1.50,2.25
2012.01.25 18:43:12.402,1.05928,1.0594,1.50,2.25
2012.01.25 18:43:12.531,1.05925,1.05937,3.00,1.50
2012.01.25 18:43:12.604,1.05923,1.05936,1.50,2.25
2012.01.25 18:43:12.815,1.05922,1.05936,2.25,2.25
2012.01.25 18:43:13.142,1.05924,1.05938,1.50,2.25
2012.01.25 18:43:14.357,1.05923,1.05935,3.60,1.50
2012.01.25 18:43:14.442,1.05926,1.05938,1.13,2.25
2012.01.25 18:43:14.952,1.05926,1.05938,1.13,2.25
2012.01.25 18:43:15.341,1.05925,1.05938,1.13,2.25
2012.01.25 18:43:15.720,1.05928,1.05939,1.50,2.25
2012.01.25 18:43:16.030,1.05928,1.0594,1.50,2.25
2012.01.25 18:43:17.800,1.05928,1.0594,2.25,2.25
2012.01.25 18:43:18.388,1.05928,1.0594,2.25,2.25
2012.01.25 18:43:18.900,1.05928,1.0594,2.25,2.25
2012.01.25 18:43:19.619,1.05928,1.0594,2.25,2.25
2012.01.25 18:43:19.696,1.05929,1.0594,1.13,2.25
2012.01.25 18:43:20.332,1.05929,1.05938,1.13,1.50
2012.01.25 18:43:20.416,1.05929,1.0594,1.13,2.25
2012.01.25 18:43:20.492,1.0593,1.05942,1.88,2.25
2012.01.25 18:43:20.984,1.0593,1.05939,1.50,1.50
2012.01.25 18:43:21.122,1.05925,1.05937,3.57,1.50
2012.01.25 18:43:21.193,1.05926,1.0594,2.44,2.25
2012.01.25 18:43:23.622,1.05926,1.05938,1.13,1.50
2012.01.25 18:43:24.139,1.05924,1.05938,4.39,2.25
2012.01.25 18:43:25.781,1.05927,1.05939,1.50,2.25
2012.01.25 18:43:26.290,1.05927,1.05939,1.50,2.25
2012.01.25 18:43:27.484,1.05927,1.05939,1.50,2.25
2012.01.25 18:43:28.015,1.05924,1.05936,1.69,1.50
2012.01.25 18:43:28.573,1.05925,1.05937,1.69,1.50
2012.01.25 18:43:29.014,1.05926,1.0594,1.50,3.00
2012.01.25 18:43:31.101,1.05925,1.05937,1.50,2.25
2012.01.25 18:43:31.665,1.05925,1.05937,1.50,2.25
2012.01.25 18:43:32.055,1.05925,1.05937,1.50,2.25
2012.01.25 18:43:34.047,1.05922,1.05934,2.25,1.50
2012.01.25 18:43:34.560,1.05922,1.05934,1.50,1.50
2012.01.25 18:43:35.118,1.05923,1.05937,1.50,2.25
2012.01.25 18:43:35.314,1.05923,1.05937,1.50,3.00
2012.01.25 18:43:35.622,1.05923,1.05936,1.50,1.69
2012.01.25 18:43:35.692,1.05921,1.05935,1.50,2.25
2012.01.25 18:43:36.789,1.05922,1.05935,1.50,2.25
2012.01.25 18:43:37.386,1.05926,1.05938,1.50,3.00
2012.01.25 18:43:37.891,1.05926,1.05938,1.50,1.50
2012.01.25 18:43:38.420,1.05926,1.05938,2.25,1.50
2012.01.25 18:43:38.493,1.05926,1.05938,2.63,1.50
2012.01.25 18:43:38.964,1.05929,1.0594,2.10,1.50
2012.01.25 18:43:39.103,1.05931,1.05943,2.25,1.50
2012.01.25 18:43:39.172,1.05933,1.05946,1.50,2.25
2012.01.25 18:43:40.006,1.05933,1.05944,1.50,1.50
2012.01.25 18:43:40.077,1.05935,1.05947,1.88,1.50
2012.01.25 18:43:40.154,1.05935,1.05949,1.88,2.25
2012.01.25 18:43:40.356,1.05937,1.05951,1.69,5.85
2012.01.25 18:43:40.884,1.05937,1.05951,1.69,2.25
2012.01.25 18:43:41.214,1.05936,1.05948,1.50,2.25
2012.01.25 18:43:41.741,1.05936,1.05948,2.25,1.50
2012.01.25 18:43:43.036,1.05939,1.05951,1.50,3.00
2012.01.25 18:43:43.352,1.05941,1.05954,1.50,1.13
2012.01.25 18:43:43.673,1.05939,1.05951,1.50,2.25
2012.01.25 18:43:43.920,1.0594,1.05954,1.50,3.38
2012.01.25 18:43:43.991,1.05938,1.0595,1.50,2.25
2012.01.25 18:43:44.550,1.05939,1.05951,1.50,2.25
2012.01.25 18:43:47.630,1.05934,1.05948,2.25,1.50
2012.01.25 18:43:48.072,1.05934,1.05948,2.25,1.50
2012.01.25 18:43:48.592,1.05934,1.05948,2.25,2.25
2012.01.25 18:43:48.967,1.05932,1.05945,3.75,1.50
2012.01.25 18:43:49.312,1.0593,1.05942,2.25,1.50
2012.01.25 18:43:49.383,1.0593,1.05942,1.50,1.50
2012.01.25 18:43:49.458,1.0593,1.05942,1.50,3.75
2012.01.25 18:43:50.225,1.05918,1.05932,2.29,2.25
2012.01.25 18:43:50.504,1.05918,1.0593,2.29,1.50
2012.01.25 18:43:51.654,1.05918,1.05927,2.29,3.00
2012.01.25 18:43:51.921,1.05913,1.05923,1.50,1.50
2012.01.25 18:43:52.568,1.05917,1.05923,1.50,1.13
2012.01.25 18:43:52.784,1.05913,1.05926,1.50,4.21
2012.01.25 18:43:53.385,1.05912,1.05924,1.50,2.25
2012.01.25 18:43:53.645,1.05914,1.05926,1.50,4.96
2012.01.25 18:43:53.983,1.05919,1.05929,1.50,2.89
2012.01.25 18:43:54.052,1.05919,1.05931,1.50,3.19
2012.01.25 18:43:54.597,1.05918,1.0593,1.50,2.44
2012.01.25 18:43:55.268,1.05912,1.05924,1.50,1.50
2012.01.25 18:43:55.481,1.05909,1.05921,3.00,1.50
2012.01.25 18:43:55.862,1.0591,1.05924,2.25,2.25
2012.01.25 18:43:56.412,1.0591,1.05924,1.50,2.25
2012.01.25 18:43:56.482,1.0591,1.05924,1.50,2.25
2012.01.25 18:43:57.030,1.0591,1.05924,1.50,2.63
2012.01.25 18:43:58.591,1.0591,1.05924,1.50,3.23
2012.01.25 18:43:59.296,1.05903,1.05916,3.00,1.88
2012.01.25 18:43:59.385,1.05901,1.05913,1.50,3.60
2012.01.25 18:44:01.731,1.05901,1.05907,1.50,1.95
2012.01.25 18:44:01.878,1.05894,1.05905,1.50,2.25
2012.01.25 18:44:01.951,1.05893,1.05905,2.25,2.25
2012.01.25 18:44:02.025,1.05899,1.05905,1.50,2.25
2012.01.25 18:44:02.225,1.05899,1.0591,1.50,2.85
2012.01.25 18:44:02.294,1.05899,1.0591,2.25,1.50
2012.01.25 18:44:02.959,1.05902,1.0591,1.13,1.50
2012.01.25 18:44:03.049,1.05913,1.05922,1.35,2.25
2012.01.25 18:44:03.265,1.05917,1.05922,1.50,1.50
2012.01.25 18:44:03.534,1.05914,1.05928,3.75,2.25
2012.01.25 18:44:03.604,1.05914,1.05928,1.50,2.25
2012.01.25 18:44:04.136,1.05911,1.05925,2.25,1.50
2012.01.25 18:44:04.206,1.05909,1.05922,2.85,2.25
2012.01.25 18:44:04.504,1.05905,1.05919,2.25,1.50
2012.01.25 18:44:05.165,1.05908,1.0592,1.50,1.69
2012.01.25 18:44:05.844,1.05908,1.0592,2.25,1.69
2012.01.25 18:44:05.985,1.05911,1.05924,1.50,2.25
2012.01.25 18:44:06.059,1.05916,1.05927,1.50,1.80
2012.01.25 18:44:06.135,1.05916,1.05928,1.50,2.44
2012.01.25 18:44:06.689,1.05915,1.05927,2.25,1.50
2012.01.25 18:44:07.670,1.05913,1.05925,1.50,1.50
2012.01.25 18:44:08.384,1.05913,1.05925,2.25,1.50
2012.01.25 18:44:09.927,1.05917,1.05929,1.50,2.25
2012.01.25 18:44:10.265,1.05915,1.05927,1.69,2.25
2012.01.25 18:44:10.403,1.05914,1.05926,1.50,1.50
2012.01.25 18:44:10.477,1.05913,1.05926,3.00,1.50
2012.01.25 18:44:11.062,1.05914,1.05927,2.25,2.25
2012.01.25 18:44:11.473,1.05912,1.05926,2.25,1.50
2012.01.25 18:44:13.951,1.05912,1.05926,2.25,2.25
2012.01.25 18:44:14.459,1.05912,1.05926,2.25,1.50
2012.01.25 18:44:14.532,1.05912,1.05926,2.25,1.50
2012.01.25 18:44:15.500,1.05912,1.05926,2.44,1.50
2012.01.25 18:44:15.570,1.05912,1.05926,2.44,1.50
2012.01.25 18:44:16.119,1.05912,1.05926,2.44,2.25
2012.01.25 18:44:19.088,1.05914,1.05928,1.50,2.25
2012.01.25 18:44:19.169,1.05914,1.05928,2.25,2.25
2012.01.25 18:44:19.318,1.05915,1.05928,3.00,1.50
2012.01.25 18:44:19.453,1.05916,1.0593,2.25,2.44
2012.01.25 18:44:19.585,1.05917,1.0593,1.13,1.50
2012.01.25 18:44:19.727,1.0592,1.05933,2.63,2.10
2012.01.25 18:44:20.313,1.05921,1.0593,3.49,1.50
2012.01.25 18:44:20.419,1.05919,1.05931,1.50,2.25
2012.01.25 18:44:20.694,1.05919,1.05931,1.50,2.25
2012.01.25 18:44:20.763,1.05919,1.05928,1.50,1.50
2012.01.25 18:44:20.835,1.05914,1.05927,1.50,1.50
2012.01.25 18:44:21.372,1.05914,1.05927,1.50,1.50
2012.01.25 18:44:22.348,1.05913,1.05927,3.00,2.25
2012.01.25 18:44:24.293,1.05912,1.05922,2.25,1.50
2012.01.25 18:44:24.648,1.05903,1.0591,1.73,1.50
2012.01.25 18:44:25.240,1.05902,1.05912,1.88,3.00
2012.01.25 18:44:25.328,1.05909,1.05921,1.50,2.25
2012.01.25 18:44:25.755,1.05909,1.05921,1.50,2.25
2012.01.25 18:44:26.034,1.05906,1.05918,1.50,2.25
2012.01.25 18:44:26.105,1.05904,1.05918,3.19,2.25
2012.01.25 18:44:27.366,1.05904,1.05918,3.19,1.50
2012.01.25 18:44:27.727,1.05906,1.0592,3.15,2.25
2012.01.25 18:44:27.813,1.05909,1.05922,3.53,2.25
2012.01.25 18:44:27.885,1.05913,1.05924,1.50,2.25
2012.01.25 18:44:28.029,1.05913,1.05927,2.25,1.88
2012.01.25 18:44:28.107,1.05916,1.05928,2.25,5.25
2012.01.25 18:44:28.187,1.05917,1.0593,2.25,1.88
2012.01.25 18:44:29.226,1.05914,1.05926,2.25,1.50
2012.01.25 18:44:32.174,1.05914,1.05926,2.25,3.00
2012.01.25 18:44:32.245,1.05912,1.05923,1.50,1.50
2012.01.25 18:44:32.371,1.05911,1.05923,2.44,2.25
2012.01.25 18:44:32.893,1.05911,1.05923,1.50,2.25
2012.01.25 18:44:33.081,1.05909,1.05922,1.69,2.25
2012.01.25 18:44:33.731,1.0591,1.05924,1.50,2.25
2012.01.25 18:44:33.923,1.0591,1.05924,1.50,3.75
2012.01.25 18:44:33.992,1.05908,1.05922,3.00,2.25
2012.01.25 18:44:35.019,1.05898,1.05912,4.13,2.25
2012.01.25 18:44:35.434,1.05901,1.05913,1.50,2.25
2012.01.25 18:44:35.888,1.05898,1.05912,1.50,2.70
2012.01.25 18:44:36.036,1.05896,1.05908,1.13,1.50
2012.01.25 18:44:36.915,1.05894,1.05907,2.25,3.38
2012.01.25 18:44:37.062,1.05893,1.05905,2.25,1.50
2012.01.25 18:44:37.545,1.05896,1.05907,1.50,1.13
2012.01.25 18:44:38.002,1.05894,1.05906,1.50,2.25
2012.01.25 18:44:39.117,1.05894,1.05906,1.50,2.25
2012.01.25 18:44:39.313,1.05894,1.05906,1.50,2.25
2012.01.25 18:44:39.655,1.05894,1.05906,1.50,2.25
2012.01.25 18:44:39.722,1.05894,1.05906,1.50,2.25
2012.01.25 18:44:39.986,1.05892,1.05904,1.50,2.25
2012.01.25 18:44:40.070,1.0589,1.05902,1.50,1.50
2012.01.25 18:44:40.496,1.0589,1.05897,1.50,1.50
2012.01.25 18:44:41.095,1.05884,1.05896,2.25,1.50
2012.01.25 18:44:41.195,1.05882,1.05896,2.63,2.25
2012.01.25 18:44:41.594,1.05885,1.05897,1.50,3.75
2012.01.25 18:44:43.432,1.05887,1.05897,1.13,3.75
2012.01.25 18:44:43.504,1.05887,1.05897,1.88,1.32
2012.01.25 18:44:43.577,1.05888,1.059,2.25,2.25
2012.01.25 18:44:43.935,1.05894,1.05902,1.88,4.20
2012.01.25 18:44:44.007,1.05895,1.05902,1.50,1.95
2012.01.25 18:44:44.082,1.05895,1.05902,1.50,1.95
2012.01.25 18:44:44.276,1.05898,1.05907,1.50,2.33
2012.01.25 18:44:44.355,1.059,1.05911,1.50,1.57
2012.01.25 18:44:45.184,1.05898,1.05912,1.50,2.25
2012.01.25 18:44:45.268,1.05898,1.05912,1.50,4.95
2012.01.25 18:44:45.612,1.05896,1.0591,1.50,3.00
2012.01.25 18:44:45.682,1.05896,1.05907,1.50,2.25
2012.01.25 18:44:46.061,1.05893,1.05905,2.44,1.50
2012.01.25 18:44:46.203,1.05894,1.05908,1.69,2.25
2012.01.25 18:44:47.196,1.05894,1.05908,1.50,2.25
2012.01.25 18:44:47.817,1.05894,1.05908,1.50,2.25
2012.01.25 18:44:49.595,1.05894,1.05908,1.50,3.00
2012.01.25 18:44:50.150,1.05894,1.05908,1.50,3.75
2012.01.25 18:44:51.033,1.05892,1.05906,2.44,2.25
2012.01.25 18:44:52.706,1.05892,1.05905,1.69,1.50
2012.01.25 18:44:52.774,1.05889,1.05903,2.85,2.25
2012.01.25 18:44:52.842,1.05889,1.05903,2.85,2.25
2012.01.25 18:44:53.031,1.0589,1.05903,1.35,2.25
2012.01.25 18:44:54.028,1.05889,1.05903,1.50,2.25
2012.01.25 18:44:54.115,1.05892,1.05904,1.50,2.63
2012.01.25 18:44:54.443,1.05889,1.05901,3.00,2.63
2012.01.25 18:44:54.652,1.05887,1.05899,1.50,1.50
2012.01.25 18:44:55.182,1.05886,1.059,1.50,2.25
2012.01.25 18:44:56.284,1.05886,1.059,2.25,2.25
2012.01.25 18:44:57.575,1.05886,1.059,1.50,2.25
2012.01.25 18:44:58.031,1.05886,1.059,2.25,1.50
2012.01.25 18:44:58.177,1.05888,1.05901,1.50,3.00
2012.01.25 18:44:58.523,1.05888,1.05901,1.50,3.00
2012.01.25 18:44:58.842,1.0589,1.05903,1.50,2.07
2012.01.25 18:44:58.912,1.05888,1.05902,2.25,2.25
2012.01.25 18:45:01.402,1.05888,1.05902,2.40,1.50
2012.01.25 18:45:01.746,1.05891,1.05902,2.89,1.50
2012.01.25 18:45:02.427,1.05893,1.05905,2.25,1.88
2012.01.25 18:45:02.719,1.05897,1.05907,1.50,2.25
2012.01.25 18:45:02.798,1.05895,1.05906,1.50,1.50
2012.01.25 18:45:02.874,1.05895,1.05905,1.50,1.50
2012.01.25 18:45:02.947,1.05893,1.05905,3.00,3.00
2012.01.25 18:45:03.023,1.05889,1.05902,1.13,2.25
2012.01.25 18:45:03.212,1.05888,1.05902,2.25,2.25
2012.01.25 18:45:03.343,1.05888,1.05902,2.25,2.25
2012.01.25 18:45:03.552,1.05888,1.05902,2.25,2.63
2012.01.25 18:45:04.061,1.05888,1.05902,1.50,2.63
2012.01.25 18:45:04.989,1.05891,1.05903,1.50,1.13
2012.01.25 18:45:05.601,1.0589,1.05902,1.50,2.63
2012.01.25 18:45:06.132,1.0589,1.05902,1.50,2.63
2012.01.25 18:45:06.200,1.0589,1.05902,1.50,2.63
2012.01.25 18:45:06.743,1.0589,1.05902,1.50,2.63
2012.01.25 18:45:06.978,1.0589,1.05902,1.50,2.63
2012.01.25 18:45:07.643,1.0589,1.05902,1.50,2.25
2012.01.25 18:45:08.931,1.0589,1.05902,1.50,2.25
2012.01.25 18:45:09.355,1.05894,1.05903,1.50,1.13
2012.01.25 18:45:09.493,1.05891,1.05903,1.50,1.13
2012.01.25 18:45:10.310,1.0589,1.05903,1.69,1.13
2012.01.25 18:45:12.331,1.05887,1.05901,2.25,2.25
2012.01.25 18:45:13.793,1.05886,1.05898,2.63,1.50
2012.01.25 18:45:14.307,1.05886,1.05898,3.23,1.50
2012.01.25 18:45:14.381,1.05889,1.05901,1.50,2.25
2012.01.25 18:45:15.041,1.05887,1.05899,1.50,1.50
2012.01.25 18:45:16.111,1.05891,1.05901,1.50,2.25
2012.01.25 18:45:16.240,1.05891,1.05903,1.50,2.63
2012.01.25 18:45:16.491,1.05891,1.05903,1.50,2.63
2012.01.25 18:45:16.679,1.05888,1.05901,1.50,2.25
2012.01.25 18:45:16.752,1.05887,1.05898,1.13,1.50
2012.01.25 18:45:16.884,1.05887,1.059,2.55,2.25
2012.01.25 18:45:17.641,1.05887,1.05901,1.43,2.25
2012.01.25 18:45:17.793,1.05883,1.05896,1.80,1.50
2012.01.25 18:45:18.397,1.05884,1.05896,1.43,1.50
2012.01.25 18:45:19.491,1.05883,1.0589,1.50,1.50
2012.01.25 18:45:19.574,1.05876,1.0589,1.58,3.00
2012.01.25 18:45:19.716,1.05879,1.05889,1.43,1.13
2012.01.25 18:45:19.782,1.05877,1.05888,1.43,2.25
2012.01.25 18:45:19.852,1.05874,1.05888,2.55,2.25
2012.01.25 18:45:20.181,1.05877,1.05889,1.43,1.50
2012.01.25 18:45:20.528,1.05881,1.05891,1.50,3.75
2012.01.25 18:45:20.873,1.05889,1.05901,1.43,3.75
2012.01.25 18:45:20.941,1.05889,1.05901,1.43,3.00
2012.01.25 18:45:21.012,1.05886,1.059,1.43,3.57
2012.01.25 18:45:21.821,1.05885,1.05899,1.50,2.82
2012.01.25 18:45:22.360,1.05885,1.05899,2.25,2.25
2012.01.25 18:45:23.342,1.05884,1.05898,1.50,2.25
2012.01.25 18:45:23.560,1.05887,1.05899,1.50,3.75
2012.01.25 18:45:25.975,1.05887,1.05899,2.25,2.25
2012.01.25 18:45:28.288,1.05885,1.05897,1.50,2.25
2012.01.25 18:45:28.811,1.05885,1.05897,1.50,2.25
2012.01.25 18:45:29.831,1.05885,1.05897,1.50,1.50
2012.01.25 18:45:30.390,1.05886,1.05898,1.50,1.50
2012.01.25 18:45:33.333,1.05883,1.05897,2.44,1.50
2012.01.25 18:45:33.464,1.05881,1.05893,2.44,1.50
2012.01.25 18:45:33.533,1.05881,1.05893,2.44,1.50
2012.01.25 18:45:33.984,1.05878,1.05892,2.25,1.50
2012.01.25 18:45:34.175,1.0588,1.05894,1.50,2.25
2012.01.25 18:45:34.723,1.0588,1.05894,1.50,2.25
2012.01.25 18:45:35.380,1.05879,1.05891,1.50,2.25
2012.01.25 18:45:35.453,1.05876,1.0589,3.75,2.25
2012.01.25 18:45:35.596,1.05876,1.05887,2.25,1.50
2012.01.25 18:45:36.003,1.05875,1.05887,2.25,2.25
2012.01.25 18:45:36.454,1.05877,1.05889,1.50,2.25
2012.01.25 18:45:36.524,1.05875,1.05887,2.25,2.25
2012.01.25 18:45:37.191,1.05877,1.05889,1.50,2.25
2012.01.25 18:45:37.662,1.05874,1.05888,2.25,2.25
2012.01.25 18:45:38.695,1.05874,1.05886,1.69,1.50
2012.01.25 18:45:38.764,1.05877,1.05891,1.50,2.25
2012.01.25 18:45:39.322,1.05876,1.05888,1.50,2.25
2012.01.25 18:45:40.084,1.05876,1.05888,1.50,1.50
2012.01.25 18:45:40.494,1.05877,1.05888,1.50,2.89
2012.01.25 18:45:40.564,1.05875,1.05886,1.50,1.50
2012.01.25 18:45:41.244,1.05874,1.05886,2.25,3.75
2012.01.25 18:45:41.323,1.05878,1.0589,1.50,2.25
2012.01.25 18:45:41.641,1.05878,1.0589,1.50,2.25
2012.01.25 18:45:41.771,1.05878,1.0589,1.50,2.25
2012.01.25 18:45:42.383,1.05876,1.05888,1.50,2.25
2012.01.25 18:45:43.032,1.05875,1.05889,2.18,1.50
2012.01.25 18:45:43.223,1.05878,1.0589,1.43,1.50
2012.01.25 18:45:45.667,1.05876,1.05888,2.18,1.50
2012.01.25 18:45:46.010,1.05873,1.05885,3.04,1.50
2012.01.25 18:45:46.785,1.0587,1.05884,2.18,1.50
2012.01.25 18:45:47.134,1.05869,1.05882,1.65,1.50
2012.01.25 18:45:47.545,1.05871,1.0588,1.13,1.50
2012.01.25 18:45:47.745,1.0587,1.05884,2.55,2.25
2012.01.25 18:45:49.301,1.05871,1.05884,1.13,2.25
2012.01.25 18:45:49.830,1.0587,1.05884,2.63,2.25
2012.01.25 18:45:49.963,1.05871,1.05884,1.13,2.25
2012.01.25 18:45:50.424,1.05878,1.05888,1.50,1.88
2012.01.25 18:45:50.951,1.05877,1.05889,1.50,2.25
2012.01.25 18:45:51.091,1.05874,1.05888,1.50,2.25
2012.01.25 18:45:52.742,1.05873,1.05885,2.63,1.50
2012.01.25 18:45:53.231,1.05875,1.05887,1.50,2.25
2012.01.25 18:45:53.808,1.05876,1.05889,1.50,2.82
2012.01.25 18:45:53.881,1.05874,1.05888,1.50,2.25
2012.01.25 18:45:54.682,1.05874,1.05888,1.50,2.25
2012.01.25 18:45:55.190,1.05874,1.05888,2.25,2.25
2012.01.25 18:45:55.856,1.05874,1.05888,2.25,1.50
2012.01.25 18:45:56.860,1.05874,1.05888,2.25,2.25
2012.01.25 18:45:59.383,1.05874,1.05888,1.50,2.25
2012.01.25 18:45:59.939,1.05874,1.05888,2.25,2.25
2012.01.25 18:46:01.130,1.05874,1.05888,1.50,2.25
2012.01.25 18:46:01.694,1.05872,1.05886,2.25,1.50
2012.01.25 18:46:02.033,1.05871,1.05883,2.25,1.50
2012.01.25 18:46:02.107,1.05871,1.05883,1.50,2.25
2012.01.25 18:46:02.184,1.05873,1.05885,1.50,2.25
2012.01.25 18:46:02.452,1.0587,1.05884,1.50,2.25
2012.01.25 18:46:02.596,1.0587,1.05884,3.64,2.25
2012.01.25 18:46:02.662,1.0587,1.05884,1.50,2.25
2012.01.25 18:46:02.940,1.05868,1.0588,1.13,1.50
2012.01.25 18:46:03.592,1.05868,1.05882,1.88,3.75
2012.01.25 18:46:04.115,1.05869,1.05883,1.50,2.25
2012.01.25 18:46:04.581,1.05869,1.05883,1.88,2.25
2012.01.25 18:46:04.732,1.05874,1.05887,1.50,3.75
2012.01.25 18:46:04.806,1.05877,1.05888,1.50,1.50
2012.01.25 18:46:05.131,1.05877,1.05887,1.50,1.50
2012.01.25 18:46:05.205,1.05875,1.05887,1.69,1.50
2012.01.25 18:46:05.409,1.05875,1.05887,1.69,1.50
2012.01.25 18:46:05.624,1.05875,1.05887,1.50,2.25
2012.01.25 18:46:05.698,1.05878,1.05887,1.50,2.25
2012.01.25 18:46:05.773,1.05874,1.05886,1.50,2.25
2012.01.25 18:46:10.241,1.05875,1.05888,1.50,2.63
2012.01.25 18:46:10.310,1.05875,1.05888,1.50,2.63
2012.01.25 18:46:10.630,1.05878,1.05887,1.50,1.50
2012.01.25 18:46:11.181,1.05877,1.05887,1.50,1.50
2012.01.25 18:46:11.562,1.05877,1.05889,1.50,2.25
2012.01.25 18:46:12.084,1.05877,1.05889,1.50,2.25
2012.01.25 18:46:12.883,1.05877,1.05889,1.50,2.25
2012.01.25 18:46:13.921,1.05877,1.05889,1.50,2.25
2012.01.25 18:46:13.999,1.05877,1.05889,1.50,2.25
2012.01.25 18:46:14.079,1.05877,1.05889,1.50,2.25
2012.01.25 18:46:14.289,1.05879,1.05891,1.50,2.25
2012.01.25 18:46:14.747,1.05876,1.0589,1.69,2.25
2012.01.25 18:46:14.881,1.05876,1.0589,1.50,2.44
2012.01.25 18:46:15.204,1.05876,1.05889,1.50,1.50
2012.01.25 18:46:16.083,1.05878,1.05892,1.50,3.75
2012.01.25 18:46:16.411,1.05875,1.05887,1.13,1.50
2012.01.25 18:46:17.005,1.05876,1.05889,1.50,2.25
2012.01.25 18:46:17.312,1.05878,1.05892,1.50,2.25
2012.01.25 18:46:18.021,1.05876,1.0589,2.25,2.25
2012.01.25 18:46:18.550,1.05876,1.0589,3.00,1.50
2012.01.25 18:46:18.620,1.05879,1.0589,1.50,1.50
2012.01.25 18:46:19.153,1.05879,1.05891,1.50,2.25
2012.01.25 18:46:20.446,1.05879,1.05891,2.10,2.25
2012.01.25 18:46:20.782,1.05883,1.05897,1.50,2.25
2012.01.25 18:46:20.855,1.05885,1.05899,1.50,2.63
2012.01.25 18:46:21.171,1.05885,1.05899,1.50,2.63
2012.01.25 18:46:21.764,1.05883,1.05897,2.25,1.50
2012.01.25 18:46:22.533,1.05883,1.05897,2.63,1.50
2012.01.25 18:46:22.815,1.05885,1.05899,2.25,2.25
2012.01.25 18:46:23.442,1.05888,1.05902,1.50,2.44
2012.01.25 18:46:23.995,1.05887,1.05899,1.50,2.25
2012.01.25 18:46:25.340,1.05888,1.05902,1.50,2.25
2012.01.25 18:46:25.534,1.05888,1.05902,2.25,1.50
2012.01.25 18:46:25.887,1.05893,1.05905,2.25,1.50
2012.01.25 18:46:26.581,1.05895,1.05907,2.25,3.08
2012.01.25 18:46:26.681,1.05896,1.0591,1.50,2.44
2012.01.25 18:46:27.180,1.05894,1.05908,2.25,2.25
2012.01.25 18:46:28.897,1.05896,1.0591,1.50,3.75
2012.01.25 18:46:29.493,1.05896,1.05907,1.50,1.95
2012.01.25 18:46:29.995,1.05899,1.0591,1.50,1.35
2012.01.25 18:46:30.484,1.05895,1.05909,2.25,2.10
2012.01.25 18:46:31.074,1.05892,1.05905,1.35,1.50
2012.01.25 18:46:31.653,1.05895,1.05907,2.25,1.50
2012.01.25 18:46:32.560,1.05895,1.05909,2.25,2.63
2012.01.25 18:46:33.065,1.05895,1.05909,1.50,2.63
2012.01.25 18:46:33.195,1.05897,1.05909,1.50,2.63
2012.01.25 18:46:33.500,1.05899,1.0591,1.50,1.13
2012.01.25 18:46:33.630,1.05896,1.0591,1.50,2.63
2012.01.25 18:46:36.522,1.05896,1.0591,2.25,2.25
2012.01.25 18:46:37.571,1.05896,1.0591,2.44,2.25
2012.01.25 18:46:38.129,1.05896,1.0591,2.44,2.25
2012.01.25 18:46:43.356,1.05895,1.05908,1.13,1.50
2012.01.25 18:46:43.704,1.05893,1.05904,2.89,1.50
2012.01.25 18:46:44.093,1.05893,1.05902,2.14,1.50
2012.01.25 18:46:44.161,1.0589,1.05902,2.63,1.50
2012.01.25 18:46:44.680,1.05891,1.05902,1.35,1.50
2012.01.25 18:46:45.337,1.05892,1.05906,1.50,2.25
2012.01.25 18:46:45.854,1.05892,1.05906,1.50,2.63
2012.01.25 18:46:45.923,1.0589,1.05902,2.25,2.25
2012.01.25 18:46:46.447,1.05888,1.05902,2.85,3.38
2012.01.25 18:46:46.528,1.05888,1.05901,2.10,1.88
2012.01.25 18:46:47.444,1.05888,1.05901,2.10,1.13
2012.01.25 18:46:50.263,1.05887,1.05899,2.25,2.25
2012.01.25 18:46:50.593,1.05883,1.05895,1.02,1.50
2012.01.25 18:46:51.173,1.05883,1.05895,1.02,2.25
2012.01.25 18:46:51.246,1.05882,1.05894,2.25,1.50
2012.01.25 18:46:51.803,1.05883,1.05897,1.50,2.25
2012.01.25 18:46:52.083,1.05883,1.05897,2.25,1.50
2012.01.25 18:46:52.636,1.05883,1.05897,2.25,2.25
2012.01.25 18:46:52.774,1.05883,1.05897,2.25,1.50
2012.01.25 18:46:55.474,1.05883,1.05897,2.25,1.50
2012.01.25 18:46:55.616,1.05883,1.05897,1.50,2.25
2012.01.25 18:46:56.267,1.05881,1.05895,1.88,2.25
2012.01.25 18:46:56.911,1.05881,1.05895,1.50,2.25
2012.01.25 18:46:57.252,1.05883,1.05897,1.69,2.25
2012.01.25 18:46:57.501,1.05883,1.05897,1.69,2.25
2012.01.25 18:46:57.713,1.05883,1.05897,1.69,2.25
2012.01.25 18:46:57.907,1.05883,1.05897,1.50,2.25
2012.01.25 18:46:58.634,1.05883,1.05897,2.25,1.50
2012.01.25 18:47:00.795,1.05883,1.05896,2.25,1.50
2012.01.25 18:47:01.004,1.05883,1.05895,1.50,1.50
2012.01.25 18:47:01.071,1.0588,1.05892,2.44,1.50
2012.01.25 18:47:01.274,1.05882,1.05896,1.50,4.13
2012.01.25 18:47:01.801,1.05883,1.05895,1.50,2.25
2012.01.25 18:47:02.872,1.05883,1.05895,1.50,2.25
2012.01.25 18:47:03.823,1.05883,1.05895,1.50,2.25
2012.01.25 18:47:04.371,1.05883,1.05895,1.50,2.25
2012.01.25 18:47:04.836,1.05884,1.05898,2.25,2.25
2012.01.25 18:47:05.475,1.05887,1.05899,1.50,3.75
2012.01.25 18:47:05.554,1.05886,1.059,2.25,2.25
2012.01.25 18:47:05.681,1.05884,1.05896,1.35,1.50
2012.01.25 18:47:05.751,1.05882,1.05896,3.38,2.25
2012.01.25 18:47:05.882,1.05882,1.05893,1.88,1.50
2012.01.25 18:47:06.163,1.0588,1.05894,2.63,2.25
2012.01.25 18:47:07.162,1.0588,1.05894,2.63,2.25
2012.01.25 18:47:07.252,1.05883,1.05895,1.50,2.25
2012.01.25 18:47:07.443,1.05883,1.05895,1.50,1.50
2012.01.25 18:47:09.556,1.05884,1.05898,1.50,3.75
2012.01.25 18:47:09.756,1.05886,1.05899,1.88,2.25
2012.01.25 18:47:10.114,1.05889,1.05901,1.50,2.25
2012.01.25 18:47:10.441,1.05891,1.05905,1.50,2.44
2012.01.25 18:47:10.751,1.05889,1.05901,1.69,2.25
2012.01.25 18:47:10.954,1.05889,1.05901,1.69,2.25
2012.01.25 18:47:11.097,1.05892,1.05904,1.69,3.75
2012.01.25 18:47:11.374,1.05896,1.05908,1.50,2.25
2012.01.25 18:47:12.544,1.05896,1.05908,1.50,2.25
2012.01.25 18:47:12.749,1.05898,1.0591,1.50,2.25
2012.01.25 18:47:12.943,1.059,1.05913,1.50,1.50
2012.01.25 18:47:13.411,1.05898,1.0591,1.50,2.25
2012.01.25 18:47:15.095,1.05898,1.0591,1.88,2.25
2012.01.25 18:47:16.705,1.05898,1.0591,1.88,2.25
2012.01.25 18:47:17.941,1.05897,1.05908,2.14,1.50
2012.01.25 18:47:18.145,1.05897,1.05911,3.64,2.25
2012.01.25 18:47:18.598,1.05902,1.05915,2.25,1.50
2012.01.25 18:47:18.797,1.05905,1.05916,2.14,4.50
2012.01.25 18:47:19.276,1.05905,1.05918,2.89,1.50
2012.01.25 18:47:19.346,1.05908,1.0592,1.50,2.25
2012.01.25 18:47:20.250,1.05915,1.05925,1.77,2.25
2012.01.25 18:47:20.336,1.05915,1.05926,2.89,1.50
2012.01.25 18:47:20.618,1.05918,1.0593,1.50,2.25
2012.01.25 18:47:21.127,1.05915,1.05929,4.39,1.50
2012.01.25 18:47:22.649,1.05915,1.05926,2.14,2.25
2012.01.25 18:47:22.739,1.05909,1.05921,2.44,2.25
2012.01.25 18:47:23.224,1.05911,1.05925,1.50,2.25
2012.01.25 18:47:23.356,1.05911,1.05925,1.88,2.25
2012.01.25 18:47:23.844,1.05914,1.05925,2.14,1.50
2012.01.25 18:47:23.913,1.05914,1.05927,2.14,3.75
2012.01.25 18:47:24.414,1.05914,1.05926,3.64,2.25
2012.01.25 18:47:25.682,1.05916,1.05928,1.88,2.25
2012.01.25 18:47:26.030,1.05916,1.05928,3.64,2.25
2012.01.25 18:47:26.531,1.05917,1.05931,1.88,2.25
2012.01.25 18:47:27.073,1.05917,1.05931,1.88,2.25
2012.01.25 18:47:29.134,1.05917,1.05931,1.88,2.25
2012.01.25 18:47:30.324,1.05916,1.05929,2.14,2.25
2012.01.25 18:47:32.840,1.05916,1.05929,2.14,2.25
2012.01.25 18:47:33.365,1.05918,1.0593,1.88,2.25
2012.01.25 18:47:33.660,1.05918,1.05928,1.88,1.35
2012.01.25 18:47:34.025,1.05914,1.05921,1.50,1.50
2012.01.25 18:47:34.246,1.05908,1.05915,1.88,1.70
2012.01.25 18:47:34.888,1.05907,1.05918,2.14,1.32
2012.01.25 18:47:36.241,1.05907,1.05918,1.88,1.32
2012.01.25 18:47:37.665,1.0591,1.0592,1.50,1.70
2012.01.25 18:47:40.205,1.05912,1.0592,1.50,1.70
2012.01.25 18:47:40.962,1.05912,1.0592,1.50,1.32
2012.01.25 18:47:41.294,1.05914,1.05926,1.50,4.50
2012.01.25 18:47:41.495,1.05912,1.05924,1.50,2.45
2012.01.25 18:47:41.686,1.05912,1.05924,1.50,3.20
2012.01.25 18:47:42.213,1.05915,1.05926,1.50,1.70
2012.01.25 18:47:42.718,1.05915,1.05924,3.64,1.70
2012.01.25 18:47:42.984,1.05918,1.05927,1.50,1.32
2012.01.25 18:47:43.600,1.0592,1.05928,1.50,1.32
2012.01.25 18:47:45.626,1.0592,1.05934,2.18,2.25
2012.01.25 18:47:45.889,1.05924,1.05935,1.43,2.25
2012.01.25 18:47:46.157,1.05925,1.05939,1.43,2.25
2012.01.25 18:47:46.227,1.05928,1.0594,1.43,2.25
2012.01.25 18:47:46.844,1.05927,1.05941,1.43,5.82
2012.01.25 18:47:47.343,1.05925,1.05939,2.55,2.25
2012.01.25 18:47:48.215,1.05926,1.05939,2.89,1.50
2012.01.25 18:47:48.637,1.05929,1.05942,1.43,2.25
2012.01.25 18:47:48.776,1.0593,1.05944,1.43,2.25
2012.01.25 18:47:49.091,1.05932,1.05946,1.80,2.25
2012.01.25 18:47:49.817,1.05931,1.05943,1.80,2.25
2012.01.25 18:47:51.077,1.05931,1.05943,3.64,2.25
2012.01.25 18:47:51.363,1.05934,1.05945,1.13,1.50
2012.01.25 18:47:51.953,1.05937,1.05948,1.88,1.50
2012.01.25 18:47:52.038,1.05936,1.05947,2.14,2.25
2012.01.25 18:47:52.590,1.05935,1.05947,3.00,1.50
2012.01.25 18:47:52.883,1.0594,1.05952,1.88,3.00
2012.01.25 18:47:53.616,1.0594,1.05953,1.13,2.25
2012.01.25 18:47:53.705,1.05945,1.05957,1.50,2.33
2012.01.25 18:47:54.036,1.05944,1.05958,1.88,2.25
2012.01.25 18:47:54.966,1.05946,1.05961,1.88,5.07
2012.01.25 18:47:55.719,1.05946,1.05961,1.88,5.07
2012.01.25 18:47:56.244,1.05946,1.05958,1.88,1.50
2012.01.25 18:47:56.833,1.05946,1.05958,1.88,2.25
2012.01.25 18:47:57.744,1.05947,1.05961,1.88,5.25
2012.01.25 18:47:58.332,1.05948,1.05962,1.88,2.25
2012.01.25 18:47:58.645,1.05948,1.05962,1.88,2.25
2012.01.25 18:47:59.152,1.05948,1.05962,1.88,2.25
2012.01.25 18:47:59.405,1.05948,1.0596,3.38,1.50
2012.01.25 18:47:59.919,1.05948,1.0596,1.88,2.25
2012.01.25 18:48:01.143,1.05947,1.05962,1.88,2.25
2012.01.25 18:48:01.743,1.05948,1.0596,1.88,2.25
2012.01.25 18:48:03.327,1.05944,1.05956,4.35,2.25
2012.01.25 18:48:03.675,1.05944,1.05956,2.25,2.63
2012.01.25 18:48:03.814,1.05944,1.05956,1.50,2.25
2012.01.25 18:48:04.088,1.05939,1.05953,3.64,2.25
2012.01.25 18:48:04.787,1.05938,1.05952,1.88,2.25
2012.01.25 18:48:05.174,1.0594,1.05954,1.50,2.25
2012.01.25 18:48:05.244,1.0594,1.05956,2.25,3.75
2012.01.25 18:48:05.552,1.05941,1.05955,1.50,2.25
2012.01.25 18:48:08.182,1.05941,1.05955,1.69,2.25
2012.01.25 18:48:09.026,1.05941,1.05955,1.88,2.25
2012.01.25 18:48:09.414,1.05939,1.05953,2.25,2.25
2012.01.25 18:48:09.736,1.0594,1.05954,2.25,2.25
2012.01.25 18:48:11.383,1.0594,1.05954,1.50,2.25
2012.01.25 18:48:14.970,1.05942,1.05954,1.69,3.75
2012.01.25 18:48:15.445,1.05939,1.05953,1.50,2.25
2012.01.25 18:48:15.575,1.05937,1.05949,2.63,2.25
2012.01.25 18:48:16.084,1.05937,1.05952,2.63,2.25
2012.01.25 18:48:17.030,1.05934,1.05946,3.00,2.93
2012.01.25 18:48:17.326,1.05928,1.05942,2.44,2.25
2012.01.25 18:48:19.657,1.05932,1.05945,1.50,1.50
2012.01.25 18:48:20.221,1.05936,1.05946,1.13,3.00
2012.01.25 18:48:20.310,1.05937,1.05952,3.57,2.25
2012.01.25 18:48:20.458,1.05937,1.05952,2.07,2.25
2012.01.25 18:48:20.784,1.05938,1.05953,2.74,2.25
2012.01.25 18:48:21.305,1.0594,1.05954,1.88,2.25
2012.01.25 18:48:21.374,1.0594,1.05952,1.88,2.25
2012.01.25 18:48:24.133,1.0594,1.05952,1.50,2.25
2012.01.25 18:48:24.694,1.05937,1.05951,1.50,2.25
2012.01.25 18:48:25.252,1.05937,1.05951,1.50,2.25
2012.01.25 18:48:25.917,1.05937,1.05951,1.50,2.25
2012.01.25 18:48:26.054,1.05936,1.05948,1.88,2.25
2012.01.25 18:48:26.736,1.05933,1.05947,2.10,2.25
2012.01.25 18:48:26.811,1.05931,1.05944,1.73,2.25
2012.01.25 18:48:27.911,1.05932,1.05948,2.10,2.25
2012.01.25 18:48:28.741,1.05934,1.0595,1.50,2.25
2012.01.25 18:48:28.950,1.05935,1.05951,1.69,2.25
2012.01.25 18:48:29.024,1.05937,1.05951,2.48,2.25
2012.01.25 18:48:29.366,1.0594,1.05954,1.50,2.63
2012.01.25 18:48:30.234,1.05941,1.05954,3.00,1.13
2012.01.25 18:48:30.579,1.0594,1.05951,1.50,2.25
2012.01.25 18:48:30.645,1.05936,1.05948,1.69,2.25
2012.01.25 18:48:30.788,1.05936,1.05948,1.50,2.25
2012.01.25 18:48:30.861,1.05933,1.05947,3.60,2.25
2012.01.25 18:48:31.206,1.05931,1.05945,2.85,2.25
2012.01.25 18:48:32.076,1.05933,1.05947,2.10,2.25
2012.01.25 18:48:32.597,1.05933,1.05947,2.85,2.25
2012.01.25 18:48:33.134,1.05933,1.05947,2.85,2.25
2012.01.25 18:48:33.636,1.05933,1.05947,2.10,2.25
2012.01.25 18:48:34.172,1.05933,1.05947,1.50,2.25
2012.01.25 18:48:38.682,1.05933,1.05947,1.50,2.25
2012.01.25 18:48:39.436,1.0593,1.05942,1.50,2.25
2012.01.25 18:48:39.564,1.0593,1.05942,1.50,2.25
2012.01.25 18:48:39.815,1.05928,1.0594,2.25,2.25
2012.01.25 18:48:43.554,1.05925,1.05939,3.00,1.50
2012.01.25 18:48:43.803,1.05925,1.05939,2.25,2.25
2012.01.25 18:48:44.155,1.05921,1.05931,2.89,1.50
2012.01.25 18:48:44.227,1.05921,1.05935,1.50,2.25
2012.01.25 18:48:44.614,1.05923,1.05937,1.50,2.25
2012.01.25 18:48:45.202,1.05923,1.05937,1.50,2.25
2012.01.25 18:48:46.890,1.05926,1.05937,2.25,1.50
2012.01.25 18:48:47.042,1.05929,1.05941,1.50,4.50
2012.01.25 18:48:47.191,1.05934,1.05941,1.50,1.50
2012.01.25 18:48:47.269,1.05935,1.05947,1.50,1.50
2012.01.25 18:48:47.525,1.05934,1.05946,1.50,2.44
2012.01.25 18:48:47.909,1.05931,1.05943,2.44,2.25
2012.01.25 18:48:47.985,1.05931,1.05945,2.44,2.25
2012.01.25 18:48:51.133,1.05933,1.05945,1.50,2.25
2012.01.25 18:48:51.389,1.0593,1.05944,1.50,2.25
2012.01.25 18:48:51.458,1.0593,1.05944,1.50,2.25
2012.01.25 18:48:51.962,1.0593,1.05944,1.50,2.25
2012.01.25 18:48:53.741,1.0593,1.05944,1.50,2.25
2012.01.25 18:48:54.256,1.0593,1.05944,1.50,2.25
2012.01.25 18:48:54.324,1.0593,1.05944,1.50,2.25
2012.01.25 18:48:56.280,1.05927,1.05941,1.50,2.25
2012.01.25 18:48:57.064,1.05927,1.05941,1.50,4.50
2012.01.25 18:48:57.487,1.05926,1.05937,1.50,2.07
2012.01.25 18:48:57.556,1.05924,1.05936,1.50,2.44
2012.01.25 18:48:57.626,1.05921,1.05933,2.85,2.25
2012.01.25 18:48:58.152,1.05923,1.05935,1.50,2.44
2012.01.25 18:48:58.405,1.05919,1.05933,2.25,2.25
2012.01.25 18:48:58.473,1.05919,1.05933,1.50,2.25
2012.01.25 18:48:59.033,1.05919,1.05933,1.50,2.85
2012.01.25 18:49:01.345,1.05923,1.05935,1.50,2.44
2012.01.25 18:49:03.115,1.05923,1.05935,1.88,2.25
2012.01.25 18:49:03.183,1.05923,1.05935,1.88,2.25
2012.01.25 18:49:03.444,1.05927,1.05937,1.50,2.25
2012.01.25 18:49:03.753,1.05925,1.05938,1.50,2.25
2012.01.25 18:49:03.943,1.05924,1.05938,1.50,2.25
2012.01.25 18:49:04.664,1.05924,1.05938,1.88,2.25
2012.01.25 18:49:05.266,1.05926,1.0594,1.50,2.25
2012.01.25 18:49:06.126,1.05928,1.05942,1.50,2.25
2012.01.25 18:49:06.636,1.05927,1.05941,2.25,2.25
2012.01.25 18:49:07.162,1.05927,1.05941,2.25,2.25
2012.01.25 18:49:07.845,1.05929,1.05943,1.69,2.25
2012.01.25 18:49:08.572,1.0593,1.05942,1.50,2.25
2012.01.25 18:49:08.968,1.05927,1.05941,2.63,2.25
2012.01.25 18:49:10.505,1.0593,1.05942,1.50,2.25
2012.01.25 18:49:11.055,1.0593,1.05942,1.88,2.25
2012.01.25 18:49:11.602,1.05932,1.05944,1.50,2.25
2012.01.25 18:49:12.268,1.05925,1.05936,2.14,1.50
2012.01.25 18:49:12.539,1.05924,1.05936,1.50,2.25
2012.01.25 18:49:12.753,1.05922,1.05934,3.04,1.50
2012.01.25 18:49:12.905,1.05926,1.05936,1.50,2.25
2012.01.25 18:49:13.189,1.05924,1.05938,1.50,2.25
2012.01.25 18:49:13.403,1.05922,1.05935,1.92,1.50
2012.01.25 18:49:13.997,1.05924,1.05936,1.50,2.25
2012.01.25 18:49:14.635,1.05924,1.05936,1.50,2.25
2012.01.25 18:49:15.196,1.05924,1.05936,1.50,2.25
2012.01.25 18:49:15.394,1.05924,1.05936,1.50,2.25
2012.01.25 18:49:16.668,1.05922,1.05934,3.00,1.50
2012.01.25 18:49:16.735,1.05922,1.05932,1.50,1.50
2012.01.25 18:49:16.863,1.0592,1.05932,1.88,2.25
2012.01.25 18:49:17.115,1.05923,1.05935,1.50,2.25
2012.01.25 18:49:17.695,1.05923,1.05934,1.50,2.25
2012.01.25 18:49:17.776,1.05918,1.05932,1.50,2.25
2012.01.25 18:49:17.853,1.05923,1.05934,1.50,1.50
2012.01.25 18:49:18.248,1.05922,1.05934,3.00,2.25
2012.01.25 18:49:18.393,1.0592,1.05932,1.50,2.25
2012.01.25 18:49:18.585,1.0592,1.05934,3.00,2.25
2012.01.25 18:49:18.846,1.0592,1.05934,2.25,2.25
2012.01.25 18:49:19.177,1.0592,1.05934,1.50,2.25
2012.01.25 18:49:20.076,1.05919,1.05931,2.25,1.50
2012.01.25 18:49:20.157,1.05926,1.05931,1.50,1.50
2012.01.25 18:49:20.230,1.05926,1.05936,1.50,1.50
2012.01.25 18:49:20.305,1.05926,1.05937,1.50,2.85
2012.01.25 18:49:20.435,1.05924,1.05936,1.50,2.25
2012.01.25 18:49:20.573,1.0592,1.05931,1.50,2.25
2012.01.25 18:49:21.087,1.05919,1.05931,2.44,2.25
2012.01.25 18:49:21.644,1.0592,1.05933,1.50,2.25
2012.01.25 18:49:22.664,1.0592,1.05934,1.50,2.25
2012.01.25 18:49:23.203,1.0592,1.05934,1.50,2.25
2012.01.25 18:49:23.831,1.0592,1.05934,1.50,2.25
2012.01.25 18:49:25.633,1.0592,1.05934,1.50,2.25
2012.01.25 18:49:26.834,1.0592,1.05934,1.50,2.25
2012.01.25 18:49:27.747,1.05919,1.05931,1.88,2.25
2012.01.25 18:49:28.963,1.05919,1.05931,1.50,2.25
2012.01.25 18:49:32.613,1.05921,1.05933,1.50,2.25
2012.01.25 18:49:33.005,1.0592,1.05932,2.10,2.25
2012.01.25 18:49:33.575,1.0592,1.05932,2.10,2.25
2012.01.25 18:49:33.720,1.0592,1.05932,2.85,2.25
2012.01.25 18:49:33.863,1.05926,1.05937,1.50,1.69
2012.01.25 18:49:33.939,1.05926,1.05937,1.50,1.50
2012.01.25 18:49:34.085,1.05929,1.05941,1.50,4.50
2012.01.25 18:49:34.654,1.05929,1.05941,1.50,2.25
2012.01.25 18:49:35.195,1.05929,1.05941,1.50,2.82
2012.01.25 18:49:35.337,1.05926,1.0594,1.50,2.25
2012.01.25 18:49:35.595,1.05923,1.05935,1.69,1.50
2012.01.25 18:49:36.143,1.05921,1.05935,3.00,2.25
2012.01.25 18:49:36.604,1.05925,1.05939,1.50,2.25
2012.01.25 18:49:37.163,1.05923,1.05937,1.50,2.25
2012.01.25 18:49:38.336,1.05923,1.05937,1.50,2.25
2012.01.25 18:49:38.477,1.05925,1.05939,1.50,3.75
2012.01.25 18:49:38.825,1.05928,1.0594,1.50,2.25
2012.01.25 18:49:39.359,1.05925,1.05937,2.25,1.50
2012.01.25 18:49:39.639,1.05924,1.05936,1.50,1.50
2012.01.25 18:49:40.217,1.05919,1.0593,3.19,1.50
2012.01.25 18:49:40.855,1.05919,1.05933,2.44,2.25
2012.01.25 18:49:41.362,1.05919,1.05933,1.50,2.25
2012.01.25 18:49:43.892,1.05919,1.05933,1.88,2.25
2012.01.25 18:49:46.046,1.0592,1.05933,1.50,2.25
2012.01.25 18:49:46.304,1.05921,1.05935,1.50,2.25
2012.01.25 18:49:49.854,1.05921,1.05935,1.50,2.25
2012.01.25 18:49:53.375,1.05921,1.05935,1.50,2.25
2012.01.25 18:49:53.564,1.05919,1.05933,1.50,2.25
2012.01.25 18:49:53.776,1.05917,1.05931,2.25,2.25
2012.01.25 18:49:55.177,1.05917,1.05931,1.50,2.25
2012.01.25 18:49:55.843,1.05917,1.05931,1.50,2.25
2012.01.25 18:49:56.003,1.05917,1.05931,1.50,2.25
2012.01.25 18:49:56.282,1.05917,1.05931,1.50,2.25
2012.01.25 18:49:56.832,1.05917,1.05931,1.50,2.25
2012.01.25 18:49:58.858,1.05917,1.05931,1.50,2.25
2012.01.25 18:49:59.283,1.05917,1.05931,1.50,2.25
2012.01.25 18:49:59.353,1.05917,1.05931,1.50,2.25
2012.01.25 18:49:59.422,1.05917,1.05931,1.50,2.25
2012.01.25 18:49:59.971,1.05917,1.05931,1.50,2.25
2012.01.25 18:50:00.938,1.05917,1.05931,1.50,2.25
2012.01.25 18:50:01.251,1.05917,1.05931,1.50,2.25
2012.01.25 18:50:01.802,1.05917,1.05931,1.50,2.25
2012.01.25 18:50:02.324,1.05917,1.05931,1.50,2.25
2012.01.25 18:50:02.529,1.05915,1.05929,2.25,2.25
2012.01.25 18:50:03.035,1.05914,1.05926,2.25,1.50
2012.01.25 18:50:03.105,1.05916,1.05928,2.25,1.50
2012.01.25 18:50:04.626,1.05917,1.05931,1.50,2.25
2012.01.25 18:50:05.133,1.05915,1.05929,3.00,2.25
2012.01.25 18:50:06.536,1.05915,1.05929,2.25,2.25
2012.01.25 18:50:07.344,1.05915,1.05929,1.50,2.25
2012.01.25 18:50:07.685,1.0591,1.05924,3.98,1.50
2012.01.25 18:50:08.249,1.05913,1.05925,2.25,2.25
2012.01.25 18:50:09.436,1.05913,1.05924,1.50,1.13
2012.01.25 18:50:09.578,1.0591,1.05922,1.13,1.50
2012.01.25 18:50:10.205,1.05908,1.05922,2.25,2.25
2012.01.25 18:50:10.415,1.0591,1.05924,1.50,2.63
2012.01.25 18:50:10.489,1.0591,1.05924,2.85,1.88
2012.01.25 18:50:10.616,1.05913,1.05925,1.50,4.13
2012.01.25 18:50:10.933,1.05915,1.05924,1.50,1.13
2012.01.25 18:50:11.565,1.05912,1.05924,2.25,2.25
2012.01.25 18:50:12.152,1.05912,1.05924,1.50,2.25
2012.01.25 18:50:12.645,1.05914,1.05926,1.50,2.25
2012.01.25 18:50:14.171,1.05911,1.05925,2.25,2.25
2012.01.25 18:50:14.262,1.05911,1.05925,1.50,2.25
2012.01.25 18:50:16.082,1.05911,1.05925,2.25,2.25
2012.01.25 18:50:19.431,1.05912,1.05925,1.35,1.50
2012.01.25 18:50:19.893,1.05914,1.05926,1.50,2.25
2012.01.25 18:50:20.442,1.05914,1.05926,1.50,2.25
2012.01.25 18:50:20.976,1.05914,1.05926,1.50,2.25
2012.01.25 18:50:23.049,1.05914,1.05926,1.50,2.25
2012.01.25 18:50:23.653,1.05914,1.05926,1.50,1.50
2012.01.25 18:50:24.272,1.05914,1.05926,1.50,2.25
2012.01.25 18:50:24.534,1.05911,1.05923,4.50,1.50
2012.01.25 18:50:24.668,1.05911,1.05923,2.25,2.25
2012.01.25 18:50:24.987,1.05916,1.05927,1.50,1.50
2012.01.25 18:50:25.544,1.05916,1.05928,1.50,1.50
2012.01.25 18:50:27.245,1.05918,1.0593,1.50,2.25
2012.01.25 18:50:27.861,1.05918,1.0593,1.50,2.25
2012.01.25 18:50:28.005,1.05918,1.0593,2.25,1.50
2012.01.25 18:50:28.566,1.05916,1.05928,2.25,1.50
2012.01.25 18:50:33.777,1.05912,1.05924,2.25,1.35
2012.01.25 18:50:33.932,1.05904,1.05918,2.44,1.50
2012.01.25 18:50:34.080,1.05907,1.05919,2.25,1.50
2012.01.25 18:50:34.656,1.05909,1.05921,1.50,2.63
2012.01.25 18:50:35.196,1.0591,1.05921,1.50,1.13
2012.01.25 18:50:35.717,1.05909,1.05921,1.50,2.25
2012.01.25 18:50:37.182,1.05909,1.0592,1.50,1.13
2012.01.25 18:50:37.385,1.05907,1.05917,1.50,1.50
2012.01.25 18:50:37.920,1.05908,1.05919,2.25,1.50
2012.01.25 18:50:38.716,1.05909,1.05921,1.50,1.50
2012.01.25 18:50:38.790,1.05905,1.05919,3.19,2.25
2012.01.25 18:50:39.105,1.05908,1.0592,1.50,2.25
2012.01.25 18:50:39.655,1.05908,1.05918,1.50,1.95
2012.01.25 18:50:39.866,1.05905,1.05916,1.50,1.32
2012.01.25 18:50:39.938,1.05903,1.05913,2.25,1.50
2012.01.25 18:50:40.275,1.05903,1.05913,1.13,1.50
2012.01.25 18:50:40.344,1.05903,1.05915,2.82,1.50
2012.01.25 18:50:40.666,1.05909,1.0592,1.50,1.13
2012.01.25 18:50:40.853,1.05906,1.0592,3.00,3.00
2012.01.25 18:50:41.673,1.05906,1.0592,3.00,3.00
2012.01.25 18:50:42.389,1.05906,1.0592,3.00,3.00
2012.01.25 18:50:42.894,1.05906,1.05919,1.13,2.25
2012.01.25 18:50:43.415,1.05909,1.05923,1.50,3.00
2012.01.25 18:50:43.544,1.05909,1.05923,1.50,2.25
2012.01.25 18:50:43.689,1.05912,1.05923,1.35,1.50
2012.01.25 18:50:44.039,1.05915,1.05925,1.50,1.50
2012.01.25 18:50:44.121,1.05915,1.05925,1.50,1.50
2012.01.25 18:50:44.799,1.05917,1.05927,3.75,1.50
2012.01.25 18:50:44.877,1.05916,1.05927,1.50,2.25
2012.01.25 18:50:44.950,1.05912,1.05923,2.14,2.25
2012.01.25 18:50:45.238,1.0591,1.05923,1.13,2.25
2012.01.25 18:50:45.515,1.05911,1.05925,2.63,2.25
2012.01.25 18:50:46.041,1.05911,1.05925,2.63,2.25
2012.01.25 18:50:46.729,1.05911,1.05925,1.88,2.25
2012.01.25 18:50:47.345,1.05909,1.0592,1.13,1.50
2012.01.25 18:50:47.724,1.0591,1.05922,1.50,2.25
2012.01.25 18:50:48.235,1.05907,1.05921,2.63,1.50
2012.01.25 18:50:48.309,1.05907,1.05921,1.50,3.04
2012.01.25 18:50:48.455,1.05903,1.05917,2.25,2.25
2012.01.25 18:50:48.644,1.05903,1.05917,2.25,1.50
2012.01.25 18:50:48.835,1.05906,1.0592,2.25,1.69
2012.01.25 18:50:49.038,1.05909,1.05919,1.50,1.62
2012.01.25 18:50:49.888,1.05906,1.05913,1.50,2.52
2012.01.25 18:50:49.971,1.05896,1.05908,2.44,1.50
2012.01.25 18:50:50.046,1.05898,1.05911,2.25,1.32
2012.01.25 18:50:51.118,1.05898,1.05912,2.25,4.51
2012.01.25 18:50:51.464,1.05907,1.05919,1.50,1.50
2012.01.25 18:50:51.974,1.05907,1.05921,2.25,2.45
2012.01.25 18:50:52.967,1.05907,1.05921,2.25,2.45
2012.01.25 18:50:53.108,1.05904,1.05916,1.50,2.82
2012.01.25 18:50:53.237,1.05904,1.05913,1.50,1.50
2012.01.25 18:50:53.579,1.05904,1.05916,1.13,3.00
2012.01.25 18:50:53.717,1.05909,1.0592,1.50,1.32
2012.01.25 18:50:54.059,1.05907,1.05919,1.50,2.25
2012.01.25 18:50:54.626,1.05907,1.05919,1.50,2.25
2012.01.25 18:50:54.909,1.05903,1.05912,1.50,1.50
2012.01.25 18:50:55.601,1.05905,1.05916,1.50,2.30
2012.01.25 18:50:55.682,1.05903,1.05911,1.50,1.13
2012.01.25 18:50:55.761,1.05903,1.0591,1.50,1.13
2012.01.25 18:50:56.119,1.059,1.05911,1.50,1.50
2012.01.25 18:50:56.190,1.05897,1.0591,1.50,2.25
2012.01.25 18:50:56.707,1.05895,1.05908,1.50,2.25
2012.01.25 18:50:57.491,1.05894,1.05908,2.63,2.25
2012.01.25 18:50:57.595,1.05898,1.05912,1.50,2.44
2012.01.25 18:50:57.879,1.05897,1.05909,1.50,2.25
2012.01.25 18:50:58.217,1.05897,1.05909,1.50,1.50
2012.01.25 18:50:59.684,1.05897,1.05908,1.50,2.89
2012.01.25 18:50:59.899,1.05895,1.05907,1.50,6.50
2012.01.25 18:50:59.971,1.05892,1.05904,2.25,1.50
2012.01.25 18:51:00.530,1.05893,1.05906,2.25,2.07
2012.01.25 18:51:01.055,1.05893,1.05907,1.50,8.00
2012.01.25 18:51:02.083,1.05893,1.05907,2.25,8.00
2012.01.25 18:51:02.696,1.05893,1.05907,2.25,5.07
2012.01.25 18:51:02.824,1.05893,1.05906,1.50,1.51
2012.01.25 18:51:08.853,1.05893,1.05906,1.50,1.51
2012.01.25 18:51:09.413,1.05892,1.05904,1.50,2.25
2012.01.25 18:51:13.393,1.05892,1.05904,1.50,2.25
2012.01.25 18:51:15.407,1.05894,1.05906,2.25,2.26
2012.01.25 18:51:15.984,1.05891,1.05905,2.25,1.50
2012.01.25 18:51:16.183,1.05894,1.05906,1.50,2.26
2012.01.25 18:51:16.615,1.05891,1.05905,1.50,2.63
2012.01.25 18:51:19.214,1.05891,1.05905,1.50,3.00
2012.01.25 18:51:19.763,1.05891,1.05903,1.50,1.32
2012.01.25 18:51:19.923,1.05885,1.05896,1.50,1.50
2012.01.25 18:51:20.487,1.05883,1.05895,2.63,1.50
2012.01.25 18:51:20.562,1.05885,1.05897,1.50,2.25
2012.01.25 18:51:20.778,1.05886,1.059,1.50,3.38
2012.01.25 18:51:21.555,1.05886,1.059,1.50,2.25
2012.01.25 18:51:21.936,1.05886,1.05898,1.50,4.92
2012.01.25 18:51:22.204,1.05881,1.05892,1.13,1.50
2012.01.25 18:51:22.419,1.05877,1.05889,3.72,1.50
2012.01.25 18:51:22.927,1.05878,1.0589,2.25,2.25
2012.01.25 18:51:23.116,1.05878,1.0589,3.00,2.25
2012.01.25 18:51:23.378,1.05882,1.05894,1.50,2.63
2012.01.25 18:51:24.018,1.05883,1.05895,1.50,2.44
2012.01.25 18:51:24.090,1.05881,1.05893,1.50,2.25
2012.01.25 18:51:24.225,1.05884,1.05896,1.50,2.25
2012.01.25 18:51:24.574,1.05881,1.05895,1.50,2.25
2012.01.25 18:51:26.325,1.05879,1.05893,1.50,2.25
2012.01.25 18:51:26.398,1.05879,1.05893,1.50,2.25
2012.01.25 18:51:26.786,1.05879,1.05893,1.50,2.25
2012.01.25 18:51:27.791,1.05879,1.05893,1.50,3.00
2012.01.25 18:51:27.865,1.05879,1.05893,1.50,2.25
2012.01.25 18:51:28.422,1.05878,1.0589,1.50,2.25
2012.01.25 18:51:29.056,1.05876,1.05888,1.50,2.25
2012.01.25 18:51:29.265,1.05876,1.05888,1.50,2.25
2012.01.25 18:51:29.517,1.05873,1.05887,1.69,2.25
2012.01.25 18:51:29.584,1.05873,1.05887,1.69,2.25
2012.01.25 18:51:30.025,1.05876,1.05888,1.50,2.25
2012.01.25 18:51:30.580,1.05874,1.05886,1.50,1.50
2012.01.25 18:51:31.664,1.05875,1.05889,1.50,3.00
2012.01.25 18:51:33.645,1.05875,1.05889,1.50,3.00
2012.01.25 18:51:33.775,1.05872,1.05886,2.25,1.50
2012.01.25 18:51:34.155,1.05872,1.05885,1.50,2.25
2012.01.25 18:51:35.015,1.05871,1.05883,2.25,1.50
2012.01.25 18:51:35.317,1.05873,1.05887,1.50,3.00
2012.01.25 18:51:35.654,1.05876,1.05887,1.50,1.50
2012.01.25 18:51:35.997,1.05876,1.05887,1.50,1.50
2012.01.25 18:51:36.462,1.05875,1.05887,1.50,3.00
2012.01.25 18:51:36.541,1.05876,1.05888,1.50,1.35
2012.01.25 18:51:37.324,1.05878,1.05888,1.50,1.35
2012.01.25 18:51:37.394,1.05876,1.05888,1.50,1.35
2012.01.25 18:51:37.927,1.05875,1.05887,1.50,2.25
2012.01.25 18:51:38.757,1.05875,1.05886,1.50,1.73
2012.01.25 18:51:38.828,1.05871,1.05883,2.63,1.50
2012.01.25 18:51:39.167,1.05869,1.05881,1.69,1.50
2012.01.25 18:51:39.684,1.05868,1.05882,2.25,1.50
2012.01.25 18:51:40.369,1.05868,1.05882,2.25,2.25
2012.01.25 18:51:40.905,1.0587,1.05883,1.50,1.50
2012.01.25 18:51:42.515,1.05868,1.05882,3.00,2.25
2012.01.25 18:51:42.588,1.0587,1.05884,1.50,3.19
2012.01.25 18:51:43.429,1.05868,1.05882,1.50,2.25
2012.01.25 18:51:43.806,1.0587,1.05883,1.50,1.50
2012.01.25 18:51:46.917,1.0587,1.05884,1.50,2.44
2012.01.25 18:51:47.435,1.0587,1.05884,1.50,2.44
2012.01.25 18:51:49.499,1.05871,1.05884,1.50,2.44
2012.01.25 18:51:49.569,1.05873,1.05885,1.50,3.04
2012.01.25 18:51:49.790,1.05875,1.05887,1.50,2.63
2012.01.25 18:51:49.936,1.05876,1.05887,1.50,1.50
2012.01.25 18:51:50.137,1.05874,1.05888,1.50,2.25
2012.01.25 18:51:50.680,1.05875,1.05888,1.69,2.25
2012.01.25 18:51:51.006,1.0588,1.05892,1.50,2.25
2012.01.25 18:51:51.416,1.05877,1.05891,3.00,2.25
2012.01.25 18:51:52.897,1.05877,1.05891,1.50,2.25
2012.01.25 18:51:53.094,1.0588,1.05892,1.50,2.25
2012.01.25 18:51:56.773,1.05877,1.05889,2.25,2.25
2012.01.25 18:51:57.615,1.05877,1.05889,3.00,2.25
2012.01.25 18:51:58.385,1.05882,1.05896,2.85,3.00
2012.01.25 18:51:58.481,1.05887,1.05897,1.50,2.34
2012.01.25 18:51:58.567,1.05883,1.05895,2.44,1.50
2012.01.25 18:51:58.837,1.05883,1.05896,2.44,1.50
2012.01.25 18:51:58.976,1.05886,1.059,2.25,3.00
2012.01.25 18:51:59.606,1.05886,1.059,2.25,2.25
2012.01.25 18:51:59.914,1.05888,1.05901,1.50,2.25
2012.01.25 18:52:00.104,1.05886,1.059,2.44,2.25
2012.01.25 18:52:01.503,1.05888,1.059,1.50,2.25
2012.01.25 18:52:01.705,1.0589,1.05902,1.50,2.25
2012.01.25 18:52:02.143,1.05892,1.05904,1.50,2.25
2012.01.25 18:52:02.216,1.0589,1.05902,1.50,2.25
2012.01.25 18:52:05.232,1.05888,1.059,1.50,1.50
2012.01.25 18:52:06.230,1.05891,1.05904,2.89,1.50
2012.01.25 18:52:06.303,1.05893,1.05905,1.50,1.50
2012.01.25 18:52:06.854,1.05891,1.05903,4.77,1.50
2012.01.25 18:52:07.864,1.05891,1.05903,2.63,1.50
2012.01.25 18:52:08.176,1.05888,1.05898,1.50,1.50
2012.01.25 18:52:08.246,1.05888,1.05898,1.50,1.50
2012.01.25 18:52:08.375,1.05886,1.05896,1.50,1.50
2012.01.25 18:52:08.447,1.05886,1.05896,1.50,1.50
2012.01.25 18:52:08.584,1.05886,1.05898,3.00,1.50
2012.01.25 18:52:09.260,1.05886,1.05899,3.00,1.50
2012.01.25 18:52:09.774,1.05888,1.059,2.25,1.50
2012.01.25 18:52:13.349,1.05888,1.059,2.25,1.50
2012.01.25 18:52:13.477,1.0589,1.05902,2.25,1.50
2012.01.25 18:52:13.546,1.0589,1.05904,3.00,2.25
2012.01.25 18:52:14.582,1.05891,1.05903,2.25,1.50
2012.01.25 18:52:14.732,1.05893,1.05905,1.50,1.88
2012.01.25 18:52:15.260,1.05893,1.05905,1.50,2.63
2012.01.25 18:52:15.624,1.05883,1.05891,1.50,1.32
2012.01.25 18:52:16.551,1.05869,1.0588,2.89,1.50
2012.01.25 18:52:16.775,1.05872,1.05878,2.25,1.50
2012.01.25 18:52:17.467,1.05869,1.05878,1.69,1.50
2012.01.25 18:52:17.597,1.05871,1.05878,1.50,1.50
2012.01.25 18:52:18.229,1.05869,1.05878,1.69,1.50
2012.01.25 18:52:18.297,1.05869,1.05882,1.69,1.50
2012.01.25 18:52:18.366,1.05869,1.05882,2.25,1.50
2012.01.25 18:52:18.685,1.05871,1.05882,3.64,1.50
2012.01.25 18:52:18.756,1.05873,1.05884,1.50,1.50
2012.01.25 18:52:19.038,1.05873,1.05886,3.75,1.50
2012.01.25 18:52:19.105,1.05873,1.05886,2.25,1.50
2012.01.25 18:52:19.247,1.0587,1.05882,2.29,2.25
2012.01.25 18:52:21.704,1.05871,1.05882,1.50,1.50
2012.01.25 18:52:21.897,1.05871,1.05884,1.50,1.50
2012.01.25 18:52:22.276,1.05872,1.05884,2.25,1.50
2012.01.25 18:52:22.348,1.05873,1.05886,1.69,1.50
2012.01.25 18:52:22.674,1.05874,1.05888,1.69,2.25
2012.01.25 18:52:22.746,1.05875,1.05888,1.13,2.25
2012.01.25 18:52:23.536,1.05875,1.05885,1.13,2.25
2012.01.25 18:52:23.984,1.05877,1.05886,1.50,1.50
2012.01.25 18:52:24.337,1.05882,1.05886,1.88,1.50
2012.01.25 18:52:24.411,1.05882,1.05895,1.88,1.50
2012.01.25 18:52:24.557,1.05886,1.05898,2.25,2.25
2012.01.25 18:52:24.874,1.05884,1.05896,2.25,1.50
2012.01.25 18:52:25.628,1.05882,1.05895,2.25,1.50
2012.01.25 18:52:26.556,1.05882,1.05891,1.50,1.50
2012.01.25 18:52:26.631,1.05882,1.05891,1.13,1.50
2012.01.25 18:52:31.286,1.05879,1.05891,2.25,1.50
2012.01.25 18:52:31.355,1.05879,1.05891,1.50,3.00
2012.01.25 18:52:31.686,1.05876,1.05881,1.50,1.50
2012.01.25 18:52:31.757,1.0587,1.05881,1.50,1.50
2012.01.25 18:52:32.274,1.05871,1.05885,2.44,2.25
2012.01.25 18:52:32.827,1.05871,1.05885,2.44,1.50
2012.01.25 18:52:33.166,1.05871,1.05883,2.25,2.25
2012.01.25 18:52:34.033,1.05869,1.05881,2.29,2.25
2012.01.25 18:52:34.119,1.05871,1.05885,1.50,2.25
2012.01.25 18:52:34.679,1.05871,1.05885,1.50,2.25
2012.01.25 18:52:36.939,1.05871,1.05885,2.25,1.50
2012.01.25 18:52:37.265,1.05874,1.05886,3.00,2.25
2012.01.25 18:52:37.573,1.05876,1.05888,1.50,2.25
2012.01.25 18:52:37.923,1.05878,1.05889,1.50,2.25
2012.01.25 18:52:38.264,1.05875,1.05889,3.00,3.75
2012.01.25 18:52:40.605,1.05874,1.05886,1.50,2.25
2012.01.25 18:52:40.736,1.05871,1.05883,2.25,1.50
2012.01.25 18:52:41.313,1.0587,1.05883,2.25,2.25
2012.01.25 18:52:41.635,1.05872,1.05884,3.00,2.25
2012.01.25 18:52:42.195,1.05873,1.05884,1.13,1.50
2012.01.25 18:52:44.015,1.05877,1.05889,1.50,2.25
2012.01.25 18:52:44.513,1.05875,1.05887,2.25,1.50
2012.01.25 18:52:44.866,1.05872,1.05883,1.13,1.50
2012.01.25 18:52:45.235,1.05873,1.05885,2.25,1.50
2012.01.25 18:52:46.791,1.05877,1.05888,1.50,1.69
2012.01.25 18:52:47.008,1.05877,1.05887,1.50,2.07
2012.01.25 18:52:47.265,1.05869,1.05881,2.63,1.50
2012.01.25 18:52:47.737,1.05873,1.05887,1.50,3.19
2012.01.25 18:52:48.242,1.05872,1.05884,2.25,2.44
2012.01.25 18:52:48.575,1.05878,1.05888,1.50,1.13
2012.01.25 18:52:49.182,1.05881,1.0589,1.50,2.89
2012.01.25 18:52:49.265,1.05878,1.0589,1.50,2.14
2012.01.25 18:52:49.475,1.05875,1.05887,2.25,1.50
2012.01.25 18:52:50.015,1.05876,1.05889,2.25,1.13
2012.01.25 18:52:50.533,1.05876,1.05888,2.25,1.88
2012.01.25 18:52:51.044,1.05876,1.05889,2.25,2.25
2012.01.25 18:52:51.948,1.05872,1.05881,1.50,1.50
2012.01.25 18:52:52.204,1.0587,1.05884,2.25,1.50
2012.01.25 18:52:52.834,1.05872,1.05884,1.13,1.50
2012.01.25 18:52:53.262,1.05876,1.05885,1.50,1.50
2012.01.25 18:52:53.519,1.05876,1.05888,2.25,1.69
2012.01.25 18:52:54.300,1.05876,1.05888,2.25,1.69
2012.01.25 18:52:54.523,1.05872,1.05884,4.95,1.50
2012.01.25 18:52:54.671,1.05873,1.05887,3.00,1.50
2012.01.25 18:52:55.246,1.05876,1.05888,1.50,2.44
2012.01.25 18:52:55.718,1.0588,1.05891,1.50,1.32
2012.01.25 18:52:56.505,1.0588,1.05892,1.50,3.38
2012.01.25 18:52:56.788,1.05877,1.05889,2.25,1.50
2012.01.25 18:52:57.705,1.05878,1.05889,1.95,1.50
2012.01.25 18:52:57.847,1.05878,1.05889,2.70,1.50
2012.01.25 18:52:58.225,1.05879,1.05891,2.25,1.50
2012.01.25 18:52:58.734,1.05878,1.0589,1.88,1.50
2012.01.25 18:52:58.803,1.05878,1.05888,1.88,1.50
2012.01.25 18:52:59.415,1.05878,1.05888,1.88,1.50
2012.01.25 18:53:00.092,1.05874,1.05881,2.89,1.50
2012.01.25 18:53:00.172,1.05872,1.05881,3.00,1.50
2012.01.25 18:53:00.245,1.05873,1.05886,1.50,1.50
2012.01.25 18:53:00.642,1.05872,1.05883,3.00,1.50
2012.01.25 18:53:00.997,1.05878,1.05889,1.50,2.14
2012.01.25 18:53:01.123,1.05878,1.0589,1.50,2.44
2012.01.25 18:53:01.198,1.05876,1.05888,2.25,1.50
2012.01.25 18:53:02.029,1.05878,1.05887,1.50,1.32
2012.01.25 18:53:02.115,1.05867,1.05879,1.88,3.00
2012.01.25 18:53:02.460,1.05868,1.05881,1.50,3.00
2012.01.25 18:53:02.665,1.05867,1.05879,2.48,1.50
2012.01.25 18:53:02.995,1.05869,1.0588,2.63,1.50
2012.01.25 18:53:03.330,1.05871,1.0588,1.50,1.50
2012.01.25 18:53:03.412,1.05869,1.0588,2.25,1.50
2012.01.25 18:53:04.046,1.0587,1.05882,1.50,1.13
2012.01.25 18:53:04.182,1.05867,1.05877,2.25,1.50
2012.01.25 18:53:04.315,1.05866,1.05877,2.63,1.50
2012.01.25 18:53:04.456,1.05863,1.05873,1.71,1.50
2012.01.25 18:53:04.900,1.05864,1.05876,2.25,1.50
2012.01.25 18:53:05.095,1.05863,1.05874,1.50,1.50
2012.01.25 18:53:05.644,1.05861,1.05875,3.23,1.50
2012.01.25 18:53:08.416,1.05864,1.05876,2.25,1.50
2012.01.25 18:53:09.414,1.05869,1.05881,1.50,3.19
2012.01.25 18:53:09.758,1.0587,1.05884,1.50,2.25
2012.01.25 18:53:09.894,1.05867,1.0588,2.48,1.50
2012.01.25 18:53:12.079,1.05872,1.05884,1.13,1.50
2012.01.25 18:53:12.421,1.05871,1.05881,1.88,1.50
2012.01.25 18:53:12.834,1.05869,1.05883,2.44,1.50
2012.01.25 18:53:14.516,1.05869,1.05883,2.25,2.25
2012.01.25 18:53:14.787,1.05867,1.05879,4.39,1.50
2012.01.25 18:53:15.324,1.05867,1.05879,2.25,1.50
2012.01.25 18:53:15.788,1.05869,1.05883,2.63,1.50
2012.01.25 18:53:16.371,1.05869,1.05883,2.63,1.50
2012.01.25 18:53:16.646,1.05872,1.05886,1.50,3.00
2012.01.25 18:53:16.847,1.05869,1.05881,2.63,1.50
2012.01.25 18:53:16.987,1.05871,1.05885,1.50,2.25
2012.01.25 18:53:17.127,1.05869,1.05881,4.13,1.50
2012.01.25 18:53:17.408,1.05869,1.05881,4.77,1.50
2012.01.25 18:53:17.476,1.05869,1.05881,3.38,1.50
2012.01.25 18:53:18.442,1.05869,1.05881,1.50,2.07
2012.01.25 18:53:18.528,1.05865,1.05873,2.14,1.50
2012.01.25 18:53:18.600,1.05863,1.05873,1.13,1.50
2012.01.25 18:53:18.867,1.05863,1.05876,1.13,2.25
2012.01.25 18:53:19.065,1.05863,1.05876,1.13,1.50
2012.01.25 18:53:19.326,1.05865,1.05879,2.25,2.25
2012.01.25 18:53:19.467,1.05865,1.05879,1.50,2.25
2012.01.25 18:53:19.717,1.05863,1.05875,2.63,1.50
2012.01.25 18:53:20.985,1.05864,1.05878,1.50,2.25
2012.01.25 18:53:21.306,1.05869,1.05881,1.88,2.63
2012.01.25 18:53:21.447,1.05871,1.05883,1.88,3.00
2012.01.25 18:53:21.585,1.05871,1.05885,2.63,2.25
2012.01.25 18:53:21.776,1.05873,1.05885,1.13,1.50
2012.01.25 18:53:21.846,1.05876,1.05888,1.50,2.25
2012.01.25 18:53:22.402,1.05874,1.05886,1.50,2.25
2012.01.25 18:53:22.475,1.05872,1.05882,2.82,1.50
2012.01.25 18:53:23.726,1.0587,1.05882,2.44,1.50
2012.01.25 18:53:24.736,1.0587,1.05882,2.44,1.50
2012.01.25 18:53:25.416,1.0587,1.05882,2.44,1.50
2012.01.25 18:53:25.627,1.0587,1.05879,1.50,1.50
2012.01.25 18:53:25.703,1.05866,1.05878,1.77,1.50
2012.01.25 18:53:26.371,1.05868,1.0588,2.70,1.50
2012.01.25 18:53:26.579,1.05872,1.05886,4.20,3.75
2012.01.25 18:53:27.328,1.0587,1.05882,2.25,1.50
2012.01.25 18:53:27.541,1.05871,1.05885,2.25,2.63
2012.01.25 18:53:28.624,1.05873,1.05883,1.13,1.50
2012.01.25 18:53:29.545,1.0587,1.05881,1.13,1.50
2012.01.25 18:53:29.883,1.05869,1.05881,2.25,1.50
2012.01.25 18:53:30.419,1.05869,1.05881,1.50,2.63
2012.01.25 18:53:30.487,1.05863,1.05877,2.25,1.50
2012.01.25 18:53:30.806,1.05863,1.05877,2.25,1.50
2012.01.25 18:53:30.935,1.05862,1.05874,2.25,1.50
2012.01.25 18:53:31.148,1.05863,1.05877,2.25,1.50
2012.01.25 18:53:31.825,1.05869,1.05879,1.50,1.50
2012.01.25 18:53:32.164,1.05867,1.05879,1.50,2.25
2012.01.25 18:53:32.308,1.05865,1.05877,1.50,2.25
2012.01.25 18:53:32.827,1.05862,1.05876,2.25,2.25
2012.01.25 18:53:33.366,1.05865,1.05877,1.50,2.25
2012.01.25 18:53:33.613,1.05868,1.0588,1.50,5.07
2012.01.25 18:53:33.684,1.05866,1.05879,1.50,2.25
2012.01.25 18:53:34.235,1.05865,1.05879,1.50,2.25
2012.01.25 18:53:34.364,1.05868,1.0588,1.50,3.57
2012.01.25 18:53:35.000,1.05866,1.0588,1.50,3.57
2012.01.25 18:53:35.086,1.05864,1.05878,2.25,2.25
2012.01.25 18:53:35.642,1.05864,1.05878,1.50,2.25
2012.01.25 18:53:36.145,1.05864,1.05878,1.50,2.25
2012.01.25 18:53:37.286,1.05867,1.0588,1.50,3.19
2012.01.25 18:53:37.820,1.05866,1.05878,1.50,2.25
2012.01.25 18:53:37.897,1.05864,1.05876,2.25,2.25
2012.01.25 18:53:40.135,1.05869,1.0588,1.50,1.69
2012.01.25 18:53:40.268,1.05867,1.05879,1.50,2.25
2012.01.25 18:53:40.406,1.05864,1.05876,2.25,2.25
2012.01.25 18:53:41.742,1.05864,1.05876,2.25,1.50
2012.01.25 18:53:42.640,1.05868,1.0588,1.50,3.75
2012.01.25 18:53:42.995,1.05865,1.05879,2.25,2.25
2012.01.25 18:53:44.275,1.05867,1.05879,1.50,2.25
2012.01.25 18:53:44.404,1.05864,1.05878,2.25,2.25
2012.01.25 18:53:44.473,1.05867,1.05879,1.50,1.50
2012.01.25 18:53:44.810,1.05874,1.05883,1.50,2.25
2012.01.25 18:53:45.075,1.05872,1.05882,1.50,3.00
2012.01.25 18:53:45.206,1.05867,1.05881,3.00,2.25
2012.01.25 18:53:45.345,1.0587,1.05882,1.50,3.00
2012.01.25 18:53:45.653,1.05872,1.05882,1.50,1.50
2012.01.25 18:53:45.727,1.05869,1.05882,1.50,1.50
2012.01.25 18:53:46.064,1.05867,1.05881,3.75,2.25
2012.01.25 18:53:47.732,1.05866,1.05879,1.50,1.50
2012.01.25 18:53:48.255,1.05865,1.05879,2.25,1.50
2012.01.25 18:53:48.325,1.05865,1.05879,2.25,2.25
2012.01.25 18:53:50.755,1.05865,1.05879,2.25,2.25
2012.01.25 18:53:51.304,1.05865,1.05879,2.25,2.25
2012.01.25 18:53:51.853,1.05866,1.05878,1.50,2.25
2012.01.25 18:53:52.724,1.05866,1.05878,1.50,2.25
2012.01.25 18:53:53.225,1.05863,1.05877,2.25,2.25
2012.01.25 18:53:53.758,1.05865,1.05878,1.50,1.50
2012.01.25 18:53:55.316,1.05865,1.05878,1.50,2.25
2012.01.25 18:53:55.636,1.05865,1.05878,1.50,1.50
2012.01.25 18:53:56.242,1.05865,1.05878,1.50,1.50
2012.01.25 18:53:56.432,1.05865,1.05879,1.50,2.25
2012.01.25 18:53:56.945,1.05865,1.05878,1.50,1.50
2012.01.25 18:53:57.152,1.05863,1.05875,1.50,1.13
2012.01.25 18:53:57.441,1.05856,1.05867,1.13,2.25
2012.01.25 18:53:58.257,1.05855,1.05867,1.65,1.50
2012.01.25 18:53:58.326,1.05857,1.05869,1.50,2.25
2012.01.25 18:53:58.798,1.05858,1.05872,1.50,3.00
2012.01.25 18:53:58.867,1.0586,1.05872,1.50,2.25
2012.01.25 18:53:59.195,1.05861,1.05874,1.50,1.50
2012.01.25 18:53:59.479,1.05862,1.05875,1.50,3.38
2012.01.25 18:53:59.556,1.05864,1.05875,1.50,1.13
2012.01.25 18:54:00.304,1.05863,1.05877,2.63,4.80
2012.01.25 18:54:00.522,1.05868,1.0588,1.50,1.50
2012.01.25 18:54:00.878,1.05873,1.05884,1.50,1.50
2012.01.25 18:54:01.018,1.05873,1.05885,1.50,2.40
2012.01.25 18:54:01.226,1.05875,1.05887,1.50,2.85
2012.01.25 18:54:01.354,1.05875,1.05887,1.50,2.85
2012.01.25 18:54:01.745,1.05875,1.05885,1.50,1.50
2012.01.25 18:54:01.815,1.05871,1.05883,2.44,1.50
2012.01.25 18:54:02.569,1.05872,1.05886,2.44,1.50
2012.01.25 18:54:03.721,1.05871,1.05884,1.32,1.50
2012.01.25 18:54:03.795,1.05874,1.05887,1.50,2.25
2012.01.25 18:54:05.409,1.05871,1.05883,2.82,1.50
2012.01.25 18:54:05.473,1.05872,1.05886,2.25,3.00
2012.01.25 18:54:06.689,1.05874,1.05887,1.50,1.50
2012.01.25 18:54:07.249,1.05874,1.05888,1.50,3.00
2012.01.25 18:54:07.574,1.05872,1.05884,2.63,1.50
2012.01.25 18:54:07.705,1.05873,1.05887,2.25,1.50
2012.01.25 18:54:07.894,1.05875,1.05888,1.50,1.50
2012.01.25 18:54:11.723,1.05873,1.05887,2.82,1.50
2012.01.25 18:54:12.274,1.05876,1.05888,1.50,1.50
2012.01.25 18:54:13.656,1.05879,1.05891,1.50,4.08
2012.01.25 18:54:14.125,1.05875,1.05889,2.25,2.25
2012.01.25 18:54:14.645,1.05875,1.05889,2.25,1.50
2012.01.25 18:54:15.155,1.05877,1.05891,2.25,2.25
2012.01.25 18:54:19.355,1.05877,1.05889,2.25,1.50
2012.01.25 18:54:19.913,1.05875,1.05888,1.13,1.50
2012.01.25 18:54:20.464,1.05877,1.05889,1.50,2.25
2012.01.25 18:54:20.798,1.0588,1.05892,1.50,4.13
2012.01.25 18:54:20.864,1.05878,1.05889,1.50,2.25
2012.01.25 18:54:21.057,1.05875,1.05887,1.13,1.50
2012.01.25 18:54:21.622,1.05876,1.05888,2.25,1.50
2012.01.25 18:54:21.940,1.05876,1.05886,1.50,1.32
2012.01.25 18:54:22.020,1.05874,1.05886,1.50,2.82
2012.01.25 18:54:22.156,1.05873,1.05884,2.63,2.25
2012.01.25 18:54:22.755,1.05872,1.05884,3.00,1.50
2012.01.25 18:54:23.242,1.05873,1.05886,2.25,1.32
2012.01.25 18:54:23.664,1.05873,1.05885,2.25,1.47
2012.01.25 18:54:24.342,1.05872,1.05884,2.63,2.25
2012.01.25 18:54:24.491,1.0587,1.05883,3.15,2.25
2012.01.25 18:54:25.333,1.0587,1.05883,2.03,1.50
2012.01.25 18:54:25.416,1.05873,1.05884,1.50,1.13
2012.01.25 18:54:25.944,1.05873,1.05884,1.50,1.88
2012.01.25 18:54:26.813,1.05873,1.05884,1.50,1.13
2012.01.25 18:54:26.942,1.05871,1.05884,1.88,1.88
2012.01.25 18:54:27.493,1.05873,1.05884,1.50,1.88
2012.01.25 18:54:29.200,1.05873,1.05884,1.50,1.88
2012.01.25 18:54:35.466,1.0587,1.05883,1.88,2.25
2012.01.25 18:54:36.886,1.05874,1.05883,1.50,1.50
2012.01.25 18:54:37.542,1.05874,1.05885,1.50,1.50
2012.01.25 18:54:38.428,1.05874,1.05884,1.50,1.50
2012.01.25 18:54:42.043,1.05872,1.05884,4.13,3.00
2012.01.25 18:54:42.496,1.05874,1.05886,1.50,3.00
2012.01.25 18:54:42.965,1.05871,1.05885,4.13,1.50
2012.01.25 18:54:45.130,1.05871,1.05885,2.63,2.44
2012.01.25 18:54:45.214,1.0587,1.05881,2.25,2.25
2012.01.25 18:54:45.567,1.05864,1.05877,1.13,2.25
2012.01.25 18:54:46.483,1.05867,1.05877,1.50,1.50
2012.01.25 18:54:47.014,1.05866,1.05878,1.50,2.25
2012.01.25 18:54:48.966,1.05868,1.05879,1.50,1.50
2012.01.25 18:54:50.037,1.05872,1.05881,1.88,2.25
2012.01.25 18:54:50.109,1.05872,1.05883,1.88,1.50
2012.01.25 18:54:50.240,1.05872,1.05886,1.88,6.01
2012.01.25 18:54:50.528,1.05879,1.05888,1.50,1.50
2012.01.25 18:54:51.035,1.05874,1.05888,2.25,2.25
2012.01.25 18:54:51.606,1.05878,1.05889,1.50,1.50
2012.01.25 18:54:53.017,1.05878,1.0589,1.50,2.25
2012.01.25 18:54:53.265,1.0588,1.05893,1.50,1.50
2012.01.25 18:54:53.816,1.0588,1.05893,1.50,1.88
2012.01.25 18:54:53.887,1.05878,1.05892,1.50,2.25
2012.01.25 18:54:59.524,1.05879,1.05892,1.50,2.25
2012.01.25 18:54:59.594,1.05881,1.05893,1.50,4.50
2012.01.25 18:54:59.664,1.05879,1.05891,3.00,2.25
2012.01.25 18:54:59.812,1.05879,1.05891,1.50,2.25
2012.01.25 18:55:02.645,1.05878,1.05889,1.50,1.50
2012.01.25 18:55:02.974,1.05876,1.05888,1.50,2.25
2012.01.25 18:55:03.164,1.05878,1.05889,1.50,1.50
2012.01.25 18:55:03.234,1.05876,1.05888,3.00,3.00
2012.01.25 18:55:03.377,1.05878,1.05888,1.50,1.50
2012.01.25 18:55:03.576,1.05875,1.05886,1.50,1.50
2012.01.25 18:55:03.646,1.05875,1.05887,2.25,3.75
2012.01.25 18:55:03.715,1.05873,1.05885,2.63,2.25
2012.01.25 18:55:04.274,1.05874,1.05888,1.50,3.00
2012.01.25 18:55:06.015,1.05877,1.05888,1.50,2.25
2012.01.25 18:55:06.886,1.05877,1.05888,1.50,1.50
2012.01.25 18:55:06.956,1.05879,1.05889,1.50,1.50
2012.01.25 18:55:07.235,1.05879,1.05891,2.25,4.70
2012.01.25 18:55:07.708,1.05881,1.05893,1.50,2.63
2012.01.25 18:55:08.479,1.05883,1.05895,1.50,2.82
2012.01.25 18:55:08.818,1.05887,1.05898,1.50,1.50
2012.01.25 18:55:09.076,1.05885,1.05897,1.50,2.25
2012.01.25 18:55:10.067,1.05886,1.059,1.50,2.55
2012.01.25 18:55:10.325,1.05884,1.05896,2.25,1.50
2012.01.25 18:55:11.185,1.05889,1.05899,1.28,1.50
2012.01.25 18:55:11.396,1.05893,1.05904,1.50,1.50
2012.01.25 18:55:11.914,1.05893,1.05907,2.25,3.00
2012.01.25 18:55:12.457,1.05891,1.05905,2.25,3.75
2012.01.25 18:55:12.527,1.0589,1.05902,5.03,1.50
2012.01.25 18:55:12.597,1.05892,1.05904,2.25,1.50
2012.01.25 18:55:13.589,1.05892,1.05904,2.25,1.50
2012.01.25 18:55:14.105,1.0589,1.05903,1.69,1.50
2012.01.25 18:55:14.233,1.05891,1.05905,2.82,1.50
2012.01.25 18:55:14.735,1.05892,1.05904,2.25,1.50
2012.01.25 18:55:15.467,1.05898,1.05907,1.50,2.25
2012.01.25 18:55:15.594,1.05895,1.05904,1.50,1.50
2012.01.25 18:55:15.848,1.05892,1.05904,2.63,1.50
2012.01.25 18:55:21.578,1.05893,1.05907,1.50,2.25
2012.01.25 18:55:21.646,1.05895,1.05907,1.50,2.25
2012.01.25 18:55:22.444,1.05891,1.05903,5.48,1.50
2012.01.25 18:55:22.515,1.05892,1.05906,2.44,2.25
2012.01.25 18:55:28.512,1.05892,1.05906,2.63,3.00
2012.01.25 18:55:29.705,1.05895,1.05906,1.50,2.25
2012.01.25 18:55:30.965,1.05898,1.05909,1.50,2.25
2012.01.25 18:55:31.153,1.05894,1.05906,1.69,2.25
2012.01.25 18:55:35.690,1.059,1.05909,1.50,1.50
2012.01.25 18:55:35.771,1.05902,1.05912,1.50,1.50
2012.01.25 18:55:35.855,1.059,1.05912,1.50,3.00
2012.01.25 18:55:36.409,1.059,1.05908,1.50,1.50
2012.01.25 18:55:36.544,1.05896,1.05908,1.50,3.00
2012.01.25 18:55:36.866,1.05892,1.05903,1.50,1.50
2012.01.25 18:55:36.938,1.05893,1.05905,2.44,1.50
2012.01.25 18:55:39.313,1.05893,1.05905,2.25,1.50
2012.01.25 18:55:39.931,1.05895,1.05906,1.50,1.50
2012.01.25 18:55:40.457,1.05895,1.05906,1.69,1.50
2012.01.25 18:55:40.796,1.05892,1.05904,1.69,1.50
2012.01.25 18:55:41.357,1.05889,1.05902,1.50,1.88
2012.01.25 18:55:41.438,1.05887,1.05899,1.50,3.00
2012.01.25 18:55:42.003,1.05888,1.05899,1.50,1.50
2012.01.25 18:55:44.167,1.0589,1.05899,1.50,1.50
2012.01.25 18:55:44.418,1.0589,1.05903,2.25,1.13
2012.01.25 18:55:44.487,1.05894,1.05903,1.50,1.13
2012.01.25 18:55:45.143,1.05899,1.05905,1.50,1.50
2012.01.25 18:55:45.618,1.05894,1.05908,1.50,2.25
2012.01.25 18:55:45.685,1.05897,1.05909,1.50,3.00
2012.01.25 18:55:46.025,1.05899,1.05909,1.50,1.50
2012.01.25 18:55:46.755,1.05899,1.05911,1.50,3.75
2012.01.25 18:55:46.826,1.05899,1.05911,1.50,3.75
2012.01.25 18:55:46.902,1.05896,1.0591,1.88,2.25
2012.01.25 18:55:47.463,1.05898,1.0591,1.50,1.50
2012.01.25 18:55:47.606,1.05896,1.0591,1.88,3.00
2012.01.25 18:55:48.524,1.05896,1.0591,1.69,3.00
2012.01.25 18:55:48.595,1.05896,1.0591,1.69,3.00
2012.01.25 18:55:49.014,1.05899,1.05911,1.50,3.75
2012.01.25 18:55:49.144,1.05897,1.05909,1.69,2.25
2012.01.25 18:55:53.416,1.05899,1.05911,1.50,2.25
2012.01.25 18:55:54.424,1.05899,1.05911,1.50,2.25
2012.01.25 18:55:57.382,1.059,1.05912,1.50,1.88
2012.01.25 18:55:59.417,1.05899,1.05909,1.50,1.50
2012.01.25 18:55:59.965,1.05898,1.05909,1.50,1.50
2012.01.25 18:56:01.016,1.05901,1.05909,1.50,1.50
2012.01.25 18:56:01.385,1.05903,1.05913,1.50,3.00
2012.01.25 18:56:01.515,1.05902,1.05913,1.50,1.88
2012.01.25 18:56:02.034,1.05903,1.05913,1.50,1.13
2012.01.25 18:56:02.369,1.05903,1.05917,2.25,1.88
2012.01.25 18:56:02.447,1.05903,1.05917,2.25,1.50
2012.01.25 18:56:03.016,1.05905,1.05919,1.50,3.00
2012.01.25 18:56:03.769,1.05904,1.05916,2.63,1.50
2012.01.25 18:56:03.896,1.05905,1.05919,1.50,3.00
2012.01.25 18:56:04.666,1.05905,1.05919,2.25,3.00
2012.01.25 18:56:04.876,1.05907,1.05919,1.88,1.50
2012.01.25 18:56:07.017,1.05903,1.05914,3.00,1.50
2012.01.25 18:56:07.224,1.05899,1.05912,2.25,1.50
2012.01.25 18:56:07.295,1.05899,1.05912,1.50,1.50
2012.01.25 18:56:07.846,1.05901,1.05913,1.50,2.25
2012.01.25 18:56:08.373,1.05901,1.05913,2.25,1.50
2012.01.25 18:56:08.807,1.05897,1.0591,3.38,1.50
2012.01.25 18:56:09.146,1.05896,1.0591,2.25,1.50
2012.01.25 18:56:09.275,1.05898,1.05911,2.25,3.00
2012.01.25 18:56:10.504,1.05898,1.05911,1.50,3.00
2012.01.25 18:56:11.028,1.05898,1.05912,1.50,2.25
2012.01.25 18:56:11.768,1.059,1.05914,1.50,2.63
2012.01.25 18:56:11.956,1.05898,1.05912,1.50,2.25
2012.01.25 18:56:12.497,1.05898,1.05912,1.50,2.25
2012.01.25 18:56:12.769,1.05895,1.05905,1.69,1.50
2012.01.25 18:56:12.980,1.0589,1.05902,1.50,1.50
2012.01.25 18:56:13.858,1.05892,1.05905,2.14,2.25
2012.01.25 18:56:13.937,1.05888,1.05902,3.00,1.50
2012.01.25 18:56:14.009,1.05888,1.05902,3.00,2.25
2012.01.25 18:56:14.196,1.05888,1.05902,1.50,2.63
2012.01.25 18:56:14.266,1.05888,1.05902,3.38,2.63
2012.01.25 18:56:14.407,1.05892,1.05903,1.50,1.50
2012.01.25 18:56:14.678,1.05893,1.05906,1.13,1.50
2012.01.25 18:56:14.744,1.05899,1.05908,1.50,1.50
2012.01.25 18:56:15.004,1.05897,1.05908,1.50,1.50
2012.01.25 18:56:15.440,1.05894,1.05906,1.50,1.50
2012.01.25 18:56:16.240,1.05889,1.05901,3.00,1.13
2012.01.25 18:56:16.330,1.05892,1.05899,1.50,1.50
2012.01.25 18:56:16.455,1.05888,1.05899,2.70,1.50
2012.01.25 18:56:16.528,1.05891,1.05902,1.50,1.13
2012.01.25 18:56:16.669,1.05891,1.05903,1.69,2.25
2012.01.25 18:56:16.739,1.05895,1.05906,1.50,2.25
2012.01.25 18:56:17.005,1.05892,1.05906,3.00,2.25
2012.01.25 18:56:17.504,1.0589,1.05904,1.69,2.25
2012.01.25 18:56:17.883,1.05893,1.05904,1.50,1.50
2012.01.25 18:56:18.648,1.05896,1.05908,1.50,3.00
2012.01.25 18:56:19.154,1.05896,1.05908,1.50,3.00
2012.01.25 18:56:19.488,1.05898,1.05908,1.88,1.50
2012.01.25 18:56:19.557,1.05898,1.0591,2.63,2.63
2012.01.25 18:56:19.968,1.05901,1.0591,1.50,1.50
2012.01.25 18:56:20.036,1.05901,1.05915,1.50,2.25
2012.01.25 18:56:20.998,1.059,1.05912,1.50,2.25
2012.01.25 18:56:21.555,1.059,1.05912,2.44,1.50
2012.01.25 18:56:21.837,1.059,1.05912,1.69,2.63
2012.01.25 18:56:22.245,1.05895,1.05907,2.44,1.50
2012.01.25 18:56:22.796,1.05895,1.05907,1.69,2.25
2012.01.25 18:56:23.662,1.05895,1.05907,1.69,1.50
2012.01.25 18:56:24.167,1.05896,1.0591,1.69,2.25
2012.01.25 18:56:26.455,1.05898,1.05911,1.50,1.13
2012.01.25 18:56:26.596,1.05898,1.05911,2.63,1.13
2012.01.25 18:56:27.124,1.05898,1.05911,1.88,1.13
2012.01.25 18:56:28.924,1.05898,1.05911,1.50,1.13
2012.01.25 18:56:30.144,1.05896,1.0591,1.69,3.00
2012.01.25 18:56:30.573,1.05896,1.0591,1.69,3.00
2012.01.25 18:56:31.777,1.05896,1.0591,1.69,3.00
2012.01.25 18:56:33.530,1.059,1.05913,1.50,1.50
2012.01.25 18:56:33.610,1.05898,1.05912,2.25,1.88
2012.01.25 18:56:33.807,1.05898,1.05912,3.64,1.88
2012.01.25 18:56:34.065,1.05902,1.05914,1.50,1.50
2012.01.25 18:56:34.374,1.059,1.05912,1.69,1.50
2012.01.25 18:56:35.544,1.059,1.05912,3.64,1.50
2012.01.25 18:56:36.694,1.05901,1.05915,5.10,2.25
2012.01.25 18:56:37.619,1.05901,1.05913,3.23,1.50
2012.01.25 18:56:38.147,1.05904,1.05916,1.50,2.25
2012.01.25 18:56:38.220,1.05904,1.05916,3.64,2.25
2012.01.25 18:56:38.935,1.05907,1.05921,1.69,2.25
2012.01.25 18:56:39.483,1.05905,1.05919,3.00,2.25
2012.01.25 18:56:40.084,1.05905,1.05919,3.00,2.25
2012.01.25 18:56:40.646,1.05907,1.05921,1.69,3.75
2012.01.25 18:56:41.165,1.05907,1.05921,2.44,2.25
2012.01.25 18:56:41.740,1.05905,1.05916,2.67,1.50
2012.01.25 18:56:42.009,1.05904,1.05916,1.88,3.00
2012.01.25 18:56:42.285,1.05904,1.05914,1.50,1.50
2012.01.25 18:56:42.474,1.05904,1.05916,1.50,1.50
2012.01.25 18:56:42.544,1.05903,1.05912,3.57,1.50
2012.01.25 18:56:42.615,1.05906,1.05918,1.50,2.25
2012.01.25 18:56:43.375,1.05906,1.05916,1.50,1.50
2012.01.25 18:56:43.685,1.05901,1.05913,1.50,3.00
2012.01.25 18:56:43.813,1.059,1.05911,1.13,1.50
2012.01.25 18:56:44.247,1.059,1.05913,3.00,1.50
2012.01.25 18:56:45.191,1.059,1.05914,2.63,2.25
2012.01.25 18:56:45.449,1.059,1.05911,1.13,1.50
2012.01.25 18:56:45.585,1.05895,1.05909,3.00,1.50
2012.01.25 18:56:46.114,1.05895,1.05909,1.50,2.25
2012.01.25 18:56:46.304,1.05895,1.05909,1.50,2.25
2012.01.25 18:56:46.614,1.05897,1.0591,1.50,1.50
2012.01.25 18:56:49.888,1.05897,1.05911,1.50,2.25
2012.01.25 18:56:50.755,1.05897,1.05911,1.50,2.25
2012.01.25 18:56:54.436,1.05897,1.05911,1.50,2.63
2012.01.25 18:56:54.762,1.05897,1.05911,1.50,2.63
2012.01.25 18:56:55.422,1.05897,1.05911,1.50,2.63
2012.01.25 18:56:55.933,1.05897,1.05911,1.88,2.63
2012.01.25 18:56:56.063,1.05897,1.05911,1.88,2.63
2012.01.25 18:56:56.615,1.05898,1.0591,1.50,2.25
2012.01.25 18:56:57.945,1.05896,1.05908,1.50,1.50
2012.01.25 18:57:00.039,1.05897,1.05911,1.50,3.00
2012.01.25 18:57:09.701,1.05897,1.05909,1.50,3.45
2012.01.25 18:57:10.024,1.05895,1.05902,1.50,1.50
2012.01.25 18:57:10.095,1.05891,1.05902,1.13,1.50
2012.01.25 18:57:10.163,1.05892,1.05904,2.25,1.50
2012.01.25 18:57:19.079,1.05893,1.05904,1.88,1.50
2012.01.25 18:57:19.419,1.05899,1.05909,1.50,1.13
2012.01.25 18:57:20.091,1.05897,1.05909,1.50,2.25
2012.01.25 18:57:20.187,1.05898,1.05912,1.50,3.00
2012.01.25 18:57:20.256,1.05898,1.05912,1.69,3.00
2012.01.25 18:57:20.389,1.059,1.05912,3.04,2.25
2012.01.25 18:57:20.527,1.059,1.05914,1.88,3.00
2012.01.25 18:57:20.597,1.059,1.05914,2.25,2.25
2012.01.25 18:57:21.114,1.05901,1.05913,1.88,1.50
2012.01.25 18:57:24.128,1.059,1.05914,3.90,2.25
2012.01.25 18:57:25.895,1.059,1.05914,4.65,2.25
2012.01.25 18:57:26.572,1.059,1.05914,4.65,2.25
2012.01.25 18:57:27.264,1.059,1.05914,2.89,2.25
2012.01.25 18:57:27.456,1.059,1.05914,2.82,2.25
2012.01.25 18:57:27.645,1.05899,1.05911,1.32,1.50
2012.01.25 18:57:28.106,1.059,1.05913,2.44,2.25
2012.01.25 18:57:28.783,1.059,1.05913,1.32,2.25
2012.01.25 18:57:29.354,1.059,1.05913,2.44,2.25
2012.01.25 18:57:30.774,1.059,1.05913,1.32,2.25
2012.01.25 18:57:31.542,1.059,1.05913,2.44,2.25
2012.01.25 18:57:32.284,1.059,1.05913,1.32,2.25
2012.01.25 18:57:32.596,1.05902,1.05914,1.50,3.00
2012.01.25 18:57:33.120,1.05902,1.05914,1.88,1.50
2012.01.25 18:57:33.811,1.059,1.05913,1.69,2.25
2012.01.25 18:57:34.357,1.059,1.05913,2.22,2.25
2012.01.25 18:57:34.887,1.059,1.05913,1.47,1.50
2012.01.25 18:57:35.451,1.05899,1.05913,2.25,2.25
2012.01.25 18:57:36.157,1.05896,1.0591,3.00,2.25
2012.01.25 18:57:36.477,1.05896,1.0591,2.25,2.25
2012.01.25 18:57:39.424,1.05896,1.0591,3.00,2.25
2012.01.25 18:57:39.938,1.05899,1.05911,1.50,2.63
2012.01.25 18:57:40.445,1.05896,1.05908,3.00,2.25
2012.01.25 18:57:40.648,1.059,1.05912,1.13,1.88
2012.01.25 18:57:40.790,1.05898,1.05912,1.69,2.63
2012.01.25 18:57:40.856,1.05898,1.05911,1.69,1.13
2012.01.25 18:57:41.376,1.05898,1.05912,1.69,2.63
2012.01.25 18:57:42.383,1.05896,1.0591,2.25,3.00
2012.01.25 18:57:42.598,1.05896,1.05906,1.50,1.50
2012.01.25 18:57:42.666,1.05893,1.05906,2.25,3.75
2012.01.25 18:57:42.868,1.05893,1.05906,1.50,1.50
2012.01.25 18:57:42.937,1.05893,1.05905,1.50,2.25
2012.01.25 18:57:43.074,1.05892,1.05906,2.25,1.50
2012.01.25 18:57:43.149,1.05892,1.05906,3.75,3.00
2012.01.25 18:57:43.216,1.05894,1.05907,1.50,1.50
2012.01.25 18:57:43.545,1.05896,1.05908,1.50,1.50
2012.01.25 18:57:44.105,1.05895,1.05907,1.69,1.50
2012.01.25 18:57:45.013,1.05895,1.05906,1.69,1.50
2012.01.25 18:57:45.545,1.05893,1.05906,2.63,1.50
2012.01.25 18:57:45.735,1.05896,1.05906,1.50,1.50
2012.01.25 18:57:46.043,1.05898,1.05907,1.50,1.50
2012.01.25 18:57:47.003,1.05896,1.05906,3.00,1.50
2012.01.25 18:57:47.533,1.05896,1.05907,1.88,1.50
2012.01.25 18:57:47.603,1.05896,1.05907,1.88,1.50
2012.01.25 18:57:48.194,1.05896,1.05908,1.88,2.25
2012.01.25 18:57:51.054,1.05896,1.05908,1.50,2.25
2012.01.25 18:57:51.606,1.05896,1.05908,1.50,2.25
2012.01.25 18:57:53.943,1.05896,1.05908,1.50,2.25
2012.01.25 18:57:54.134,1.05896,1.05908,1.50,2.25
2012.01.25 18:57:54.344,1.0589,1.05902,2.25,2.10
2012.01.25 18:57:54.415,1.0589,1.05897,1.50,3.00
2012.01.25 18:57:54.739,1.0589,1.05896,1.50,2.37
2012.01.25 18:57:54.953,1.05887,1.05896,1.50,2.40
2012.01.25 18:57:55.505,1.05888,1.05896,1.50,2.37
2012.01.25 18:57:56.357,1.05888,1.05896,1.50,2.37
2012.01.25 18:58:01.803,1.05888,1.05897,1.50,2.40
2012.01.25 18:58:07.716,1.05888,1.05897,1.50,1.65
2012.01.25 18:58:08.226,1.05888,1.05901,1.50,1.80
2012.01.25 18:58:08.835,1.05888,1.05901,1.50,1.13
2012.01.25 18:58:10.073,1.05886,1.059,1.50,2.25
2012.01.25 18:58:17.618,1.05886,1.05899,1.50,1.13
2012.01.25 18:58:18.437,1.05886,1.05899,1.50,1.88
2012.01.25 18:58:18.517,1.05886,1.05898,1.50,1.69
2012.01.25 18:58:18.855,1.05885,1.05897,1.50,2.44
2012.01.25 18:58:19.804,1.05885,1.05897,1.50,2.44
2012.01.25 18:58:20.238,1.05885,1.05894,1.50,2.10
2012.01.25 18:58:20.519,1.05881,1.0589,1.50,1.73
2012.01.25 18:58:20.590,1.05879,1.0589,3.00,1.73
2012.01.25 18:58:21.278,1.05874,1.05886,1.73,2.25
2012.01.25 18:58:21.636,1.05878,1.05888,1.50,1.50
2012.01.25 18:58:22.535,1.05876,1.05888,1.50,1.50
2012.01.25 18:58:22.608,1.05874,1.05886,3.00,2.25
2012.01.25 18:58:22.864,1.05872,1.05884,1.50,3.38
2012.01.25 18:58:24.190,1.0587,1.0588,1.50,1.88
2012.01.25 18:58:24.514,1.05872,1.05881,1.50,1.92
2012.01.25 18:58:24.589,1.05866,1.0588,1.88,2.44
2012.01.25 18:58:25.024,1.05869,1.05881,1.50,3.04
2012.01.25 18:58:25.347,1.05869,1.05881,2.25,1.50
2012.01.25 18:58:25.419,1.05872,1.05883,1.50,1.50
2012.01.25 18:58:25.995,1.05874,1.05884,1.50,1.50
2012.01.25 18:58:26.866,1.05874,1.05885,1.50,1.50
2012.01.25 18:58:27.898,1.05874,1.05885,1.50,1.50
2012.01.25 18:58:28.443,1.05874,1.05885,1.50,1.69
2012.01.25 18:58:28.787,1.05879,1.05891,1.50,2.25
2012.01.25 18:58:28.856,1.05879,1.05891,1.50,2.25
2012.01.25 18:58:29.067,1.05879,1.05889,1.50,1.35
2012.01.25 18:58:30.088,1.05879,1.0589,1.50,1.35
2012.01.25 18:58:30.577,1.05879,1.05889,1.50,1.35
2012.01.25 18:58:30.884,1.05879,1.05891,1.50,3.23
2012.01.25 18:58:31.624,1.05877,1.05889,1.50,2.10
2012.01.25 18:58:31.755,1.05877,1.05889,1.50,3.60
2012.01.25 18:58:32.439,1.05877,1.05885,1.50,1.35
2012.01.25 18:58:32.509,1.05874,1.05885,3.00,1.35
2012.01.25 18:58:32.656,1.05874,1.05884,1.50,1.13
2012.01.25 18:58:32.729,1.05872,1.05884,1.50,2.63
2012.01.25 18:58:33.236,1.05873,1.05884,1.50,1.13
2012.01.25 18:58:33.885,1.05873,1.05884,1.50,1.13
2012.01.25 18:58:34.756,1.05873,1.05884,1.50,1.13
2012.01.25 18:58:35.397,1.05873,1.05883,2.25,1.50
2012.01.25 18:58:35.539,1.05875,1.05887,1.50,1.50
2012.01.25 18:58:35.672,1.05884,1.05889,1.50,1.62
2012.01.25 18:58:35.808,1.05884,1.05892,1.50,1.13
2012.01.25 18:58:36.125,1.05884,1.05894,1.50,1.88
2012.01.25 18:58:36.804,1.05884,1.05894,1.50,1.88
2012.01.25 18:58:37.456,1.05886,1.05894,1.50,1.50
2012.01.25 18:58:38.158,1.0588,1.05891,1.50,1.13
2012.01.25 18:58:38.370,1.05879,1.0589,1.50,2.25
2012.01.25 18:58:39.311,1.05878,1.0589,1.50,3.00
2012.01.25 18:58:39.624,1.05875,1.05889,1.50,2.63
2012.01.25 18:58:39.754,1.05873,1.05887,1.50,2.25
2012.01.25 18:58:39.896,1.05875,1.05889,1.50,3.38
2012.01.25 18:58:40.225,1.05877,1.05889,1.50,1.13
2012.01.25 18:58:40.755,1.05875,1.05887,1.50,2.25
2012.01.25 18:58:41.539,1.05878,1.05886,1.50,1.69
2012.01.25 18:58:41.608,1.05878,1.05886,1.50,1.69
2012.01.25 18:58:41.682,1.05873,1.05885,1.50,2.44
2012.01.25 18:58:41.757,1.05873,1.05885,1.50,3.57
2012.01.25 18:58:42.408,1.05873,1.05885,1.50,3.57
2012.01.25 18:58:42.993,1.05873,1.05885,1.50,3.19
2012.01.25 18:58:43.508,1.05873,1.05883,1.50,1.50
2012.01.25 18:58:44.024,1.05873,1.05883,1.50,1.50
2012.01.25 18:58:44.551,1.05873,1.05884,1.50,1.50
2012.01.25 18:58:44.629,1.05869,1.05883,2.25,3.00
2012.01.25 18:58:45.344,1.05869,1.05883,1.50,2.25
2012.01.25 18:58:45.427,1.05871,1.05883,3.00,1.50
2012.01.25 18:58:45.497,1.05873,1.05885,1.50,2.10
2012.01.25 18:58:46.019,1.05872,1.05884,1.50,3.00
2012.01.25 18:58:48.024,1.05872,1.05884,1.50,3.00
2012.01.25 18:58:49.048,1.05872,1.05884,1.50,3.00
2012.01.25 18:58:50.899,1.05872,1.05883,2.63,1.50
2012.01.25 18:58:51.474,1.05873,1.05884,1.50,2.25
2012.01.25 18:58:51.561,1.05878,1.05892,1.50,3.00
2012.01.25 18:58:51.905,1.05876,1.0589,2.25,2.25
2012.01.25 18:58:53.020,1.05878,1.05891,1.50,1.50
2012.01.25 18:58:53.582,1.05878,1.0589,1.50,1.13
2012.01.25 18:58:54.629,1.05878,1.0589,1.50,1.13
2012.01.25 18:59:03.511,1.05877,1.05889,1.50,2.25
2012.01.25 18:59:03.858,1.05879,1.05891,1.50,2.25
2012.01.25 18:59:05.293,1.05879,1.0589,1.50,1.13
2012.01.25 18:59:05.364,1.05877,1.05889,1.50,2.25
2012.01.25 18:59:05.556,1.05877,1.05889,1.50,2.25
2012.01.25 18:59:05.956,1.05873,1.05885,3.75,1.50
2012.01.25 18:59:06.595,1.05873,1.05885,2.25,1.50
2012.01.25 18:59:07.075,1.05871,1.05885,3.75,2.25
2012.01.25 18:59:07.586,1.05877,1.05886,1.50,2.25
2012.01.25 18:59:07.847,1.05877,1.05889,1.50,2.25
2012.01.25 18:59:08.403,1.05877,1.05889,1.50,2.25
2012.01.25 18:59:08.575,1.05875,1.05888,1.50,2.25
2012.01.25 18:59:09.213,1.05874,1.05888,1.50,2.25
2012.01.25 18:59:10.883,1.05872,1.05883,1.13,1.50
2012.01.25 18:59:11.421,1.05868,1.05882,2.25,1.50
2012.01.25 18:59:11.570,1.05868,1.05882,1.50,2.25
2012.01.25 18:59:12.303,1.05868,1.0588,1.50,1.50
2012.01.25 18:59:12.754,1.05864,1.05876,1.50,1.50
2012.01.25 18:59:12.826,1.05866,1.05878,1.50,2.25
2012.01.25 18:59:15.155,1.05866,1.05878,1.50,2.25
2012.01.25 18:59:19.439,1.05869,1.0588,1.50,1.50
2012.01.25 18:59:19.629,1.0587,1.05881,1.28,2.25
2012.01.25 18:59:19.770,1.05873,1.05883,1.50,3.08
2012.01.25 18:59:19.908,1.05871,1.05881,1.13,1.50
2012.01.25 18:59:20.216,1.05874,1.05883,1.50,1.50
2012.01.25 18:59:20.284,1.05871,1.05883,2.63,1.50
2012.01.25 18:59:20.815,1.05872,1.05884,2.18,1.50
2012.01.25 18:59:23.606,1.05872,1.05884,1.43,2.25
2012.01.25 18:59:25.343,1.05872,1.05884,1.43,2.25
2012.01.25 18:59:26.699,1.0587,1.05882,2.63,1.50
2012.01.25 18:59:27.177,1.0587,1.05882,1.50,2.25
2012.01.25 18:59:27.434,1.05868,1.0588,1.50,2.25
2012.01.25 18:59:27.945,1.05866,1.0588,3.00,2.25
2012.01.25 18:59:28.083,1.05866,1.0588,2.25,1.50
2012.01.25 18:59:28.800,1.0587,1.0588,1.13,1.50
2012.01.25 18:59:28.879,1.05874,1.05888,2.25,2.25
2012.01.25 18:59:29.727,1.05874,1.05888,2.25,2.25
2012.01.25 18:59:30.189,1.05878,1.05891,1.50,1.13
2012.01.25 18:59:30.844,1.05876,1.0589,3.00,2.25
2012.01.25 18:59:33.615,1.05876,1.0589,1.50,2.25
2012.01.25 18:59:34.834,1.05876,1.0589,1.50,2.25
2012.01.25 18:59:35.230,1.05877,1.0589,2.56,2.25
2012.01.25 18:59:35.316,1.0588,1.05892,2.25,2.25
2012.01.25 18:59:35.391,1.05882,1.05892,1.13,2.25
2012.01.25 18:59:36.045,1.05883,1.05894,1.50,1.50
2012.01.25 18:59:36.133,1.05888,1.05902,3.45,3.00
2012.01.25 18:59:36.350,1.05893,1.05905,1.50,3.00
2012.01.25 18:59:36.488,1.05889,1.05901,2.25,1.50
2012.01.25 18:59:37.474,1.0589,1.05901,1.28,1.50
2012.01.25 18:59:37.548,1.05891,1.05904,2.25,2.25
2012.01.25 18:59:37.618,1.05897,1.05907,1.50,3.75
2012.01.25 18:59:37.828,1.05897,1.05908,1.50,1.13
2012.01.25 18:59:38.570,1.05894,1.05908,2.25,2.63
2012.01.25 18:59:39.165,1.05894,1.05908,3.00,2.25
2012.01.25 18:59:39.521,1.05906,1.05911,1.50,1.50
2012.01.25 18:59:40.421,1.05911,1.05916,1.13,1.50
2012.01.25 18:59:40.509,1.05911,1.05919,2.25,1.50
2012.01.25 18:59:40.850,1.05911,1.0592,1.50,1.50
2012.01.25 18:59:40.918,1.05911,1.05922,1.50,1.50
2012.01.25 18:59:41.468,1.05911,1.05922,3.00,1.50
2012.01.25 18:59:42.279,1.05911,1.05922,1.50,1.50
2012.01.25 18:59:42.349,1.05911,1.05922,1.88,1.50
2012.01.25 18:59:42.856,1.05911,1.05923,3.00,2.25
2012.01.25 18:59:43.347,1.05911,1.05923,2.25,1.50
2012.01.25 18:59:43.488,1.05912,1.05923,1.50,1.50
2012.01.25 18:59:43.679,1.05911,1.05923,3.00,1.50
2012.01.25 18:59:44.325,1.05911,1.05923,2.63,1.50
2012.01.25 18:59:45.410,1.05911,1.05923,2.63,1.50
2012.01.25 18:59:46.385,1.05911,1.05923,3.00,1.50
2012.01.25 18:59:47.447,1.05911,1.05923,4.77,1.50
2012.01.25 18:59:47.954,1.05911,1.05923,4.77,1.50
2012.01.25 18:59:49.964,1.05911,1.05923,4.20,1.50
2012.01.25 18:59:50.038,1.05911,1.05921,2.70,1.50
2012.01.25 18:59:50.177,1.05909,1.05921,1.50,1.50
2012.01.25 18:59:50.323,1.05907,1.0592,2.25,2.25
2012.01.25 18:59:50.527,1.05902,1.05915,1.13,1.50
2012.01.25 18:59:51.480,1.05904,1.05916,2.25,1.50
2012.01.25 18:59:51.987,1.05904,1.05916,3.00,1.50
2012.01.25 18:59:52.196,1.05905,1.05919,2.25,1.50
2012.01.25 18:59:52.586,1.05905,1.05919,2.33,1.50
2012.01.25 18:59:52.782,1.05909,1.05921,1.50,2.25
2012.01.25 18:59:53.334,1.05909,1.05921,1.50,2.25
2012.01.25 18:59:53.864,1.05909,1.05921,3.00,1.50
2012.01.25 18:59:54.726,1.05909,1.05921,2.25,1.50
2012.01.25 18:59:55.275,1.0591,1.05921,1.28,2.25
2012.01.25 18:59:55.735,1.05917,1.05928,1.50,2.33
2012.01.25 18:59:56.089,1.05917,1.05929,1.95,2.25
2012.01.25 18:59:56.793,1.05915,1.05927,1.88,1.50
2012.01.25 18:59:57.125,1.05912,1.05923,1.50,2.25
2012.01.25 18:59:57.673,1.05911,1.05923,2.25,1.50
2012.01.25 18:59:58.298,1.05911,1.05923,2.25,1.50
2012.01.25 18:59:58.805,1.05911,1.05923,1.50,2.25
2012.01.25 18:59:59.686,1.05912,1.05926,1.88,2.25
