2011.02.25 16:00:00.439,1.01605,1.01621,3.75,3.00
2011.02.25 16:00:00.661,1.01606,1.01622,1.62,1.88
2011.02.25 16:00:01.218,1.01605,1.01622,6.12,1.88
2011.02.25 16:00:01.551,1.01603,1.01612,1.62,1.50
2011.02.25 16:00:01.670,1.01601,1.01612,3.75,1.88
2011.02.25 16:00:01.889,1.01599,1.01615,1.62,1.50
2011.02.25 16:00:03.168,1.01602,1.01618,4.50,2.25
2011.02.25 16:00:03.388,1.016,1.01616,4.62,1.13
2011.02.25 16:00:03.718,1.01599,1.01613,2.37,1.50
2011.02.25 16:00:04.048,1.01599,1.01613,1.62,2.63
2011.02.25 16:00:04.493,1.01601,1.01613,1.13,1.13
2011.02.25 16:00:04.719,1.01603,1.01618,3.12,3.00
2011.02.25 16:00:05.160,1.01603,1.01619,3.87,2.25
2011.02.25 16:00:05.936,1.01604,1.01621,1.50,3.38
2011.02.25 16:00:06.398,1.01601,1.01618,6.12,1.50
2011.02.25 16:00:06.943,1.01601,1.01618,2.37,1.50
2011.02.25 16:00:07.279,1.01602,1.01617,4.62,1.50
2011.02.25 16:00:07.610,1.01599,1.01613,5.37,1.50
2011.02.25 16:00:07.721,1.01602,1.01617,4.50,1.50
2011.02.25 16:00:07.949,1.01602,1.01617,4.50,1.50
2011.02.25 16:00:08.278,1.01602,1.01619,4.50,3.00
2011.02.25 16:00:08.500,1.01605,1.0162,1.62,1.50
2011.02.25 16:00:09.008,1.01605,1.01616,1.62,1.50
2011.02.25 16:00:09.125,1.01606,1.01621,2.25,2.63
2011.02.25 16:00:09.680,1.01606,1.01621,2.37,2.63
2011.02.25 16:00:10.795,1.01608,1.01621,4.62,1.13
2011.02.25 16:00:11.350,1.01609,1.01623,3.12,3.00
2011.02.25 16:00:11.820,1.01609,1.0162,1.62,1.50
2011.02.25 16:00:12.798,1.01608,1.01622,1.62,1.50
2011.02.25 16:00:13.019,1.01613,1.01622,2.25,1.50
2011.02.25 16:00:13.348,1.01613,1.01622,3.12,1.50
2011.02.25 16:00:13.460,1.01613,1.01622,2.37,1.50
2011.02.25 16:00:13.898,1.01609,1.01623,6.12,2.25
2011.02.25 16:00:14.348,1.0161,1.01622,1.62,2.25
2011.02.25 16:00:16.019,1.01612,1.01624,3.00,1.50
2011.02.25 16:00:18.367,1.01605,1.01621,5.37,2.25
2011.02.25 16:00:18.918,1.01605,1.0162,5.37,2.25
2011.02.25 16:00:19.247,1.01605,1.0162,4.62,2.25
2011.02.25 16:00:19.579,1.01608,1.0162,2.37,2.25
2011.02.25 16:00:21.158,1.01613,1.01625,3.00,1.50
2011.02.25 16:00:21.271,1.01613,1.01625,3.12,1.50
2011.02.25 16:00:21.392,1.01613,1.01627,3.12,2.25
2011.02.25 16:00:21.730,1.01613,1.01625,3.12,2.25
2011.02.25 16:00:21.951,1.01611,1.01623,1.62,2.25
2011.02.25 16:00:23.059,1.0161,1.01623,1.62,3.00
2011.02.25 16:00:23.281,1.0161,1.01623,1.62,2.63
2011.02.25 16:00:24.037,1.01617,1.0163,3.38,1.50
2011.02.25 16:00:24.591,1.01617,1.0163,2.75,2.25
2011.02.25 16:00:24.931,1.01613,1.01627,1.62,1.50
2011.02.25 16:00:25.049,1.01613,1.01627,1.62,1.50
2011.02.25 16:00:25.269,1.01613,1.01629,1.62,1.50
2011.02.25 16:00:25.490,1.01613,1.01627,1.62,1.50
2011.02.25 16:00:25.719,1.01611,1.01625,2.37,1.50
2011.02.25 16:00:25.943,1.01612,1.01627,1.25,2.25
2011.02.25 16:00:26.278,1.01614,1.01628,1.62,1.50
2011.02.25 16:00:26.998,1.01614,1.01629,1.62,1.50
2011.02.25 16:00:27.548,1.01614,1.0163,1.62,1.50
2011.02.25 16:00:27.879,1.01612,1.0163,7.25,2.25
2011.02.25 16:00:28.209,1.01609,1.01625,1.50,3.38
2011.02.25 16:00:28.758,1.01608,1.01623,2.37,1.50
2011.02.25 16:00:29.307,1.01606,1.01622,5.37,3.00
2011.02.25 16:00:29.860,1.01606,1.01621,5.37,2.25
2011.02.25 16:00:30.849,1.01606,1.01619,4.62,1.50
2011.02.25 16:00:31.398,1.01605,1.01621,5.37,2.25
2011.02.25 16:00:31.728,1.01605,1.01621,5.37,2.25
2011.02.25 16:00:32.718,1.01605,1.01621,4.62,2.25
2011.02.25 16:00:33.268,1.01606,1.01621,4.62,2.25
2011.02.25 16:00:33.379,1.01606,1.01621,4.62,2.25
2011.02.25 16:00:34.697,1.01607,1.01621,3.12,1.50
2011.02.25 16:00:34.809,1.01612,1.01625,3.38,2.63
2011.02.25 16:00:34.921,1.01612,1.01625,2.63,2.25
2011.02.25 16:00:35.149,1.0161,1.01625,6.12,2.25
2011.02.25 16:00:35.479,1.0161,1.01618,1.62,3.75
2011.02.25 16:00:35.811,1.01608,1.0162,2.25,2.25
2011.02.25 16:00:35.919,1.01608,1.0162,2.25,2.25
2011.02.25 16:00:36.027,1.01604,1.0162,4.62,2.25
2011.02.25 16:00:36.469,1.01604,1.01615,4.50,1.50
2011.02.25 16:00:36.883,1.01598,1.01613,5.37,2.63
2011.02.25 16:00:42.200,1.01599,1.01611,3.87,2.25
2011.02.25 16:00:42.419,1.01598,1.01611,2.37,2.25
2011.02.25 16:00:42.751,1.01595,1.01608,4.62,2.25
2011.02.25 16:00:42.979,1.01592,1.01608,4.25,2.25
2011.02.25 16:00:43.293,1.01592,1.01608,7.25,3.00
2011.02.25 16:00:44.037,1.01591,1.01608,6.50,1.50
2011.02.25 16:00:44.369,1.01592,1.01608,3.87,1.50
2011.02.25 16:00:44.921,1.01593,1.01607,1.62,1.50
2011.02.25 16:00:45.480,1.01594,1.01607,1.62,1.50
2011.02.25 16:00:48.678,1.01595,1.0161,4.62,2.25
2011.02.25 16:00:49.008,1.01593,1.01607,4.81,2.25
2011.02.25 16:00:49.340,1.01592,1.01603,4.50,2.63
2011.02.25 16:00:49.448,1.01592,1.01603,3.75,2.63
2011.02.25 16:00:49.558,1.01584,1.01603,2.18,2.63
2011.02.25 16:00:49.670,1.01584,1.016,1.43,2.25
2011.02.25 16:00:49.778,1.01583,1.016,4.81,2.25
2011.02.25 16:00:49.889,1.01582,1.01598,9.68,1.50
2011.02.25 16:00:50.840,1.01582,1.01597,5.93,1.50
2011.02.25 16:00:52.531,1.01583,1.01599,1.06,3.00
2011.02.25 16:00:52.648,1.01584,1.01599,1.43,1.50
2011.02.25 16:00:52.981,1.01592,1.01604,2.82,2.25
2011.02.25 16:00:53.098,1.01592,1.01605,2.82,1.50
2011.02.25 16:00:53.540,1.01592,1.01607,1.62,3.00
2011.02.25 16:00:54.138,1.01589,1.01606,2.56,1.50
2011.02.25 16:00:54.690,1.01592,1.01606,1.32,1.50
2011.02.25 16:00:55.817,1.01593,1.01608,2.56,1.50
2011.02.25 16:00:56.148,1.01592,1.01607,1.50,1.50
2011.02.25 16:00:56.258,1.01589,1.01607,4.32,1.50
2011.02.25 16:00:56.807,1.0159,1.01605,1.62,2.25
2011.02.25 16:01:00.521,1.01589,1.01607,3.12,3.00
2011.02.25 16:01:00.750,1.01591,1.01607,2.07,1.50
2011.02.25 16:01:01.078,1.01593,1.01608,3.31,1.50
2011.02.25 16:01:01.328,1.01593,1.01608,3.31,1.50
2011.02.25 16:01:01.768,1.01591,1.01608,1.62,3.00
2011.02.25 16:01:03.748,1.01591,1.01608,1.62,3.00
2011.02.25 16:01:05.289,1.01591,1.01605,4.62,1.69
2011.02.25 16:01:05.399,1.01589,1.01605,1.25,1.69
2011.02.25 16:01:05.511,1.01594,1.01608,1.50,3.75
2011.02.25 16:01:05.958,1.01593,1.01606,3.19,1.50
2011.02.25 16:01:06.076,1.01593,1.01608,3.19,2.25
2011.02.25 16:01:06.628,1.01593,1.01607,3.19,1.50
2011.02.25 16:01:09.288,1.01593,1.01609,3.94,1.50
2011.02.25 16:01:09.398,1.01593,1.01609,3.94,1.50
2011.02.25 16:01:09.947,1.01593,1.01609,3.19,1.50
2011.02.25 16:01:10.499,1.01593,1.01609,3.94,1.50
2011.02.25 16:01:12.075,1.01593,1.01609,6.94,1.50
2011.02.25 16:01:12.563,1.01591,1.01609,5.37,1.50
2011.02.25 16:01:13.450,1.01593,1.01609,3.19,1.50
2011.02.25 16:01:13.789,1.01591,1.01609,5.37,1.50
2011.02.25 16:01:14.337,1.01591,1.01609,5.37,1.50
2011.02.25 16:01:15.479,1.01594,1.01609,1.69,1.50
2011.02.25 16:01:16.027,1.01592,1.01609,8.93,1.50
2011.02.25 16:01:16.468,1.01592,1.01609,5.18,1.50
2011.02.25 16:01:19.088,1.01592,1.01609,5.18,1.50
2011.02.25 16:01:19.307,1.01592,1.01609,4.43,1.50
2011.02.25 16:01:24.098,1.01593,1.01609,1.69,1.50
2011.02.25 16:01:24.429,1.01592,1.01608,2.75,1.50
2011.02.25 16:01:24.758,1.0159,1.01606,1.62,1.50
2011.02.25 16:01:24.868,1.0159,1.01605,1.62,2.25
2011.02.25 16:01:25.637,1.01589,1.01606,1.81,1.50
2011.02.25 16:01:25.857,1.0159,1.01606,1.62,1.50
2011.02.25 16:01:27.569,1.01591,1.01606,1.62,1.50
2011.02.25 16:01:28.010,1.01594,1.01608,1.50,1.50
2011.02.25 16:01:28.558,1.01593,1.0161,1.81,1.50
2011.02.25 16:01:29.438,1.01593,1.0161,1.06,3.00
2011.02.25 16:01:29.988,1.01591,1.0161,2.37,3.00
2011.02.25 16:01:31.928,1.01591,1.01608,1.62,2.63
2011.02.25 16:01:32.040,1.01589,1.01603,1.50,2.63
2011.02.25 16:01:32.147,1.01587,1.01603,5.63,2.63
2011.02.25 16:01:33.487,1.01587,1.01602,4.62,1.13
2011.02.25 16:01:34.038,1.01585,1.01602,1.62,2.63
2011.02.25 16:01:39.348,1.01586,1.01594,1.62,1.50
2011.02.25 16:01:39.678,1.01557,1.01575,1.25,6.00
2011.02.25 16:01:39.788,1.01557,1.01573,1.25,1.50
2011.02.25 16:01:40.009,1.01557,1.01574,1.32,1.50
2011.02.25 16:01:40.340,1.01558,1.0157,2.37,1.50
2011.02.25 16:01:40.558,1.01554,1.0157,1.06,2.25
2011.02.25 16:01:41.109,1.01554,1.01572,1.06,3.75
2011.02.25 16:01:41.720,1.01563,1.01572,2.25,2.25
2011.02.25 16:01:42.049,1.01563,1.01577,3.19,1.50
2011.02.25 16:01:42.490,1.01563,1.01574,3.19,1.50
2011.02.25 16:01:42.709,1.01557,1.01574,1.62,2.25
2011.02.25 16:01:43.369,1.01558,1.01574,1.06,1.50
2011.02.25 16:01:43.699,1.01561,1.01575,1.13,3.00
2011.02.25 16:01:44.029,1.01561,1.01575,2.37,1.50
2011.02.25 16:01:44.249,1.01561,1.01575,1.62,3.00
2011.02.25 16:01:44.357,1.01561,1.01575,1.50,3.00
2011.02.25 16:01:44.798,1.01559,1.01575,1.62,3.00
2011.02.25 16:01:45.238,1.01554,1.01573,1.81,3.00
2011.02.25 16:01:45.678,1.01554,1.01571,5.37,1.32
2011.02.25 16:01:45.993,1.01555,1.01571,1.50,1.32
2011.02.25 16:01:46.448,1.01553,1.01568,4.62,1.50
2011.02.25 16:01:47.327,1.01552,1.01568,6.12,1.50
2011.02.25 16:01:47.659,1.01549,1.01567,3.31,3.00
2011.02.25 16:01:48.211,1.01551,1.01566,1.43,1.50
2011.02.25 16:01:48.329,1.01552,1.01567,3.19,2.25
2011.02.25 16:01:48.658,1.01549,1.01566,2.93,1.50
2011.02.25 16:01:48.771,1.01551,1.01566,2.18,1.50
2011.02.25 16:01:49.220,1.01549,1.01565,1.62,1.13
2011.02.25 16:01:49.552,1.01549,1.01567,1.62,1.50
2011.02.25 16:01:50.107,1.01548,1.01566,4.06,1.50
2011.02.25 16:01:50.807,1.01549,1.01567,1.62,1.50
2011.02.25 16:01:51.408,1.01549,1.01569,1.62,2.25
2011.02.25 16:01:51.957,1.01553,1.01568,1.06,1.50
2011.02.25 16:01:52.601,1.01554,1.0157,1.06,2.25
2011.02.25 16:01:53.158,1.01554,1.01572,1.06,2.25
2011.02.25 16:01:53.712,1.01561,1.01572,2.44,1.50
2011.02.25 16:01:53.938,1.01562,1.01574,3.19,1.50
2011.02.25 16:01:54.048,1.01563,1.0158,1.06,3.00
2011.02.25 16:01:54.487,1.01563,1.0158,1.06,1.50
2011.02.25 16:01:55.037,1.01564,1.0158,1.62,1.50
2011.02.25 16:01:56.940,1.01568,1.01582,3.00,2.25
2011.02.25 16:01:57.051,1.01568,1.01582,3.94,2.25
2011.02.25 16:01:57.538,1.01572,1.01587,2.82,2.25
2011.02.25 16:01:57.760,1.01573,1.0159,1.81,3.00
2011.02.25 16:01:57.992,1.01574,1.01589,1.62,1.13
2011.02.25 16:01:58.219,1.0157,1.01589,3.87,3.00
2011.02.25 16:01:58.989,1.01571,1.01589,1.62,3.00
2011.02.25 16:01:59.319,1.0157,1.01586,1.62,1.32
2011.02.25 16:01:59.537,1.0157,1.01586,3.12,1.32
2011.02.25 16:01:59.760,1.01572,1.01587,2.18,1.88
2011.02.25 16:01:59.868,1.01572,1.01588,2.18,2.25
2011.02.25 16:02:00.392,1.01576,1.01589,2.25,1.50
2011.02.25 16:02:00.509,1.01576,1.01588,2.25,2.25
2011.02.25 16:02:00.727,1.01571,1.01588,1.62,2.25
2011.02.25 16:02:01.499,1.01573,1.01589,1.69,4.13
2011.02.25 16:02:01.717,1.01576,1.01589,2.25,1.50
2011.02.25 16:02:02.048,1.0157,1.01589,3.87,3.00
2011.02.25 16:02:02.766,1.01571,1.01589,1.62,3.00
2011.02.25 16:02:08.149,1.01571,1.01589,1.62,3.00
2011.02.25 16:02:09.018,1.0157,1.01589,1.62,3.00
2011.02.25 16:02:09.237,1.01572,1.01589,1.62,3.00
2011.02.25 16:02:09.569,1.01577,1.01589,2.25,2.25
2011.02.25 16:02:17.009,1.01577,1.01591,2.25,1.88
2011.02.25 16:02:21.774,1.01577,1.01592,3.00,1.88
2011.02.25 16:02:21.888,1.0158,1.01592,2.25,1.88
2011.02.25 16:02:22.219,1.0158,1.01595,3.12,1.88
2011.02.25 16:02:23.044,1.0158,1.01594,2.37,1.13
2011.02.25 16:02:23.167,1.01577,1.01592,3.12,1.13
2011.02.25 16:02:23.387,1.01577,1.01591,3.00,1.13
2011.02.25 16:02:24.050,1.01577,1.01591,4.32,1.13
2011.02.25 16:02:25.149,1.01576,1.01591,4.50,1.13
2011.02.25 16:02:25.919,1.01576,1.0159,2.25,1.50
2011.02.25 16:02:26.565,1.01571,1.01589,2.37,1.88
2011.02.25 16:02:29.250,1.01577,1.01589,3.00,1.13
2011.02.25 16:02:29.797,1.01577,1.01591,2.25,1.50
2011.02.25 16:02:30.368,1.01577,1.01591,2.25,2.63
2011.02.25 16:02:30.919,1.01577,1.01591,2.25,1.88
2011.02.25 16:02:32.128,1.01577,1.01591,2.25,2.63
2011.02.25 16:02:32.632,1.01577,1.01591,2.25,1.88
2011.02.25 16:02:34.078,1.01577,1.01591,2.25,2.63
2011.02.25 16:02:34.188,1.01577,1.01591,2.25,2.63
2011.02.25 16:02:34.738,1.01577,1.01592,2.25,2.63
2011.02.25 16:02:35.617,1.01577,1.01592,3.12,1.88
2011.02.25 16:02:36.638,1.01577,1.01592,3.12,1.88
2011.02.25 16:02:37.718,1.01577,1.01592,3.12,1.88
2011.02.25 16:02:37.938,1.01577,1.01591,3.12,1.13
2011.02.25 16:02:39.154,1.01577,1.01591,3.87,1.13
2011.02.25 16:02:40.147,1.01577,1.01592,3.12,1.88
2011.02.25 16:02:40.737,1.01577,1.01591,3.00,1.88
2011.02.25 16:02:47.978,1.01577,1.01591,3.00,2.07
2011.02.25 16:02:48.198,1.01574,1.0159,6.87,3.00
2011.02.25 16:02:48.748,1.01574,1.0159,6.87,3.00
2011.02.25 16:02:50.310,1.01578,1.0159,1.50,2.25
2011.02.25 16:02:50.530,1.01578,1.01593,1.62,5.63
2011.02.25 16:02:51.079,1.01579,1.01596,7.62,2.25
2011.02.25 16:02:51.408,1.01579,1.01596,3.87,1.50
2011.02.25 16:02:51.518,1.0158,1.01596,2.37,2.25
2011.02.25 16:02:51.627,1.0158,1.01597,3.12,1.50
2011.02.25 16:02:52.178,1.01582,1.01598,1.50,3.75
2011.02.25 16:02:52.508,1.01582,1.01598,1.50,3.75
2011.02.25 16:02:53.498,1.01582,1.01598,2.37,1.50
2011.02.25 16:02:54.615,1.01582,1.01598,1.62,1.50
2011.02.25 16:02:55.172,1.01583,1.01598,1.62,1.50
2011.02.25 16:02:55.717,1.01583,1.01598,1.62,1.50
2011.02.25 16:02:56.678,1.01585,1.01599,1.50,1.13
2011.02.25 16:02:57.008,1.01587,1.01598,2.25,1.50
2011.02.25 16:02:57.228,1.01582,1.01598,3.12,1.50
2011.02.25 16:03:05.168,1.01582,1.01598,1.62,1.69
2011.02.25 16:03:05.501,1.01581,1.01593,1.62,2.25
2011.02.25 16:03:05.730,1.01582,1.01596,2.37,1.50
2011.02.25 16:03:05.838,1.01582,1.01598,2.37,1.50
2011.02.25 16:03:07.158,1.01582,1.01594,2.37,2.25
2011.02.25 16:03:07.268,1.0158,1.01594,5.37,3.00
2011.02.25 16:03:09.578,1.0158,1.01594,2.37,3.75
2011.02.25 16:03:11.888,1.0158,1.01594,1.62,3.75
2011.02.25 16:03:12.220,1.01578,1.01593,5.37,2.44
2011.02.25 16:03:12.331,1.01576,1.01591,3.12,1.69
2011.02.25 16:03:12.559,1.01572,1.01588,5.37,1.50
2011.02.25 16:03:13.711,1.01572,1.01589,4.62,2.25
2011.02.25 16:03:14.378,1.01576,1.01591,2.25,2.25
2011.02.25 16:03:14.818,1.01573,1.01588,4.62,1.50
2011.02.25 16:03:14.930,1.01573,1.01589,5.37,1.50
2011.02.25 16:03:15.641,1.01573,1.01588,5.37,1.50
2011.02.25 16:03:16.079,1.01574,1.01588,4.50,1.50
2011.02.25 16:03:16.188,1.01574,1.0159,4.50,3.00
2011.02.25 16:03:16.299,1.01577,1.01592,2.25,3.00
2011.02.25 16:03:18.167,1.01577,1.01592,3.00,3.00
2011.02.25 16:03:18.688,1.01577,1.01592,2.25,3.00
2011.02.25 16:03:19.019,1.01573,1.0159,6.12,3.19
2011.02.25 16:03:19.238,1.01573,1.0159,2.37,3.19
2011.02.25 16:03:19.789,1.01573,1.0159,2.37,3.19
2011.02.25 16:03:20.363,1.01573,1.01588,3.87,1.50
2011.02.25 16:03:21.427,1.01573,1.0159,4.81,3.75
2011.02.25 16:03:22.087,1.01576,1.01592,3.00,2.25
2011.02.25 16:03:22.638,1.01576,1.01591,3.00,1.50
2011.02.25 16:03:23.799,1.01576,1.01591,2.25,1.50
2011.02.25 16:03:25.227,1.01576,1.01591,3.00,1.50
2011.02.25 16:03:25.817,1.01576,1.01591,3.00,1.50
2011.02.25 16:03:28.578,1.01576,1.01591,3.00,1.50
2011.02.25 16:03:29.128,1.01576,1.01592,3.00,2.25
2011.02.25 16:03:29.677,1.01576,1.01591,3.00,1.50
2011.02.25 16:03:30.262,1.01576,1.01592,3.00,2.25
2011.02.25 16:03:30.768,1.01576,1.01591,3.00,1.50
2011.02.25 16:03:30.991,1.01576,1.01588,3.00,1.50
2011.02.25 16:03:31.319,1.01568,1.01583,1.62,2.25
2011.02.25 16:03:33.031,1.01567,1.01582,3.12,1.50
2011.02.25 16:03:33.358,1.01567,1.01581,2.25,1.50
2011.02.25 16:03:35.000,1.01567,1.01579,2.25,1.50
2011.02.25 16:03:35.111,1.01561,1.01579,4.62,1.50
2011.02.25 16:03:35.231,1.01561,1.01575,3.87,1.50
2011.02.25 16:03:35.778,1.01557,1.01573,3.87,3.00
2011.02.25 16:03:37.189,1.01558,1.01573,1.62,3.00
2011.02.25 16:03:37.409,1.01561,1.01576,3.00,3.45
2011.02.25 16:03:38.771,1.01561,1.01573,2.25,1.50
2011.02.25 16:03:38.989,1.01557,1.01573,3.12,3.75
2011.02.25 16:03:39.098,1.01557,1.01573,3.12,3.00
2011.02.25 16:03:39.648,1.01558,1.01573,1.62,2.25
2011.02.25 16:03:40.418,1.01558,1.01573,1.62,2.25
2011.02.25 16:03:43.020,1.0156,1.01575,2.37,1.50
2011.02.25 16:03:43.130,1.01561,1.01576,3.00,1.50
2011.02.25 16:03:43.677,1.01561,1.01577,3.00,1.50
2011.02.25 16:03:44.449,1.01562,1.01578,1.13,1.50
2011.02.25 16:03:44.778,1.01566,1.0158,2.25,1.50
2011.02.25 16:03:45.107,1.01566,1.01581,2.25,1.50
2011.02.25 16:03:46.667,1.01566,1.01581,2.25,1.50
2011.02.25 16:03:48.318,1.01566,1.01581,2.25,1.50
2011.02.25 16:03:48.647,1.01566,1.01581,2.25,1.50
2011.02.25 16:03:50.331,1.01566,1.01581,2.25,1.50
2011.02.25 16:03:51.669,1.01566,1.01582,3.00,2.25
2011.02.25 16:03:51.888,1.01566,1.01583,3.87,2.25
2011.02.25 16:03:52.440,1.01567,1.01583,1.62,1.50
2011.02.25 16:03:52.768,1.01569,1.01584,1.62,3.75
2011.02.25 16:03:55.107,1.01569,1.01583,1.62,1.50
2011.02.25 16:03:55.659,1.01569,1.01583,1.62,3.00
2011.02.25 16:03:56.219,1.0157,1.01586,3.12,2.25
2011.02.25 16:03:56.987,1.0157,1.01587,3.12,1.50
2011.02.25 16:03:57.210,1.0157,1.01586,2.37,1.50
2011.02.25 16:03:57.757,1.01569,1.01583,1.62,2.25
2011.02.25 16:03:58.307,1.01569,1.01582,1.62,1.88
2011.02.25 16:03:58.858,1.01569,1.01583,1.62,2.63
2011.02.25 16:04:00.326,1.01568,1.01582,1.62,1.13
2011.02.25 16:04:00.445,1.01567,1.01583,3.12,8.63
2011.02.25 16:04:01.000,1.01567,1.01581,3.00,1.88
2011.02.25 16:04:01.554,1.01567,1.01581,3.00,1.58
2011.02.25 16:04:02.107,1.01567,1.01581,3.00,1.58
2011.02.25 16:04:05.188,1.01567,1.01582,3.12,1.58
2011.02.25 16:04:06.786,1.01567,1.01583,3.12,4.88
2011.02.25 16:04:11.757,1.01569,1.01583,1.62,2.25
2011.02.25 16:04:13.578,1.01569,1.01583,1.62,2.63
2011.02.25 16:04:14.127,1.01567,1.01582,3.87,2.63
2011.02.25 16:04:15.118,1.01567,1.0158,3.00,1.50
2011.02.25 16:04:15.852,1.01567,1.0158,2.25,1.50
2011.02.25 16:04:16.959,1.01567,1.0158,2.25,3.27
2011.02.25 16:04:17.070,1.0156,1.01574,4.62,3.00
2011.02.25 16:04:17.618,1.0156,1.01577,3.87,3.00
2011.02.25 16:04:23.039,1.0156,1.01575,7.62,1.50
2011.02.25 16:04:23.150,1.0156,1.01575,3.87,1.50
2011.02.25 16:04:23.260,1.0156,1.01575,2.37,1.50
2011.02.25 16:04:23.809,1.01557,1.01572,3.12,1.50
2011.02.25 16:04:25.829,1.01557,1.01572,3.12,1.50
2011.02.25 16:04:27.338,1.01557,1.01571,3.00,1.50
2011.02.25 16:04:27.668,1.01553,1.0157,4.62,1.69
2011.02.25 16:04:27.998,1.01553,1.01568,3.75,1.50
2011.02.25 16:04:28.547,1.01552,1.01568,4.62,1.50
2011.02.25 16:04:30.311,1.01552,1.01568,5.37,1.50
2011.02.25 16:04:30.867,1.01551,1.01568,6.12,2.25
2011.02.25 16:04:31.089,1.0155,1.01563,1.62,2.25
2011.02.25 16:04:31.313,1.0155,1.01566,9.12,1.50
2011.02.25 16:04:31.868,1.0155,1.01567,9.12,1.58
2011.02.25 16:04:32.408,1.0155,1.01568,3.87,1.58
2011.02.25 16:04:36.487,1.0155,1.01568,3.87,1.58
2011.02.25 16:04:39.468,1.0155,1.01568,3.87,1.58
2011.02.25 16:04:40.698,1.0155,1.01568,3.12,2.33
2011.02.25 16:04:40.921,1.01551,1.01568,2.25,2.33
2011.02.25 16:04:41.039,1.01551,1.01568,2.37,1.58
2011.02.25 16:04:41.587,1.01551,1.01568,2.37,1.58
2011.02.25 16:04:41.808,1.01551,1.01568,2.37,1.50
2011.02.25 16:04:44.250,1.01555,1.01569,1.50,1.50
2011.02.25 16:04:44.797,1.01557,1.01569,2.25,2.25
2011.02.25 16:04:45.128,1.01552,1.01568,1.50,1.50
2011.02.25 16:04:45.237,1.01552,1.01568,2.25,1.50
2011.02.25 16:04:46.617,1.01551,1.01568,3.12,1.50
2011.02.25 16:04:48.378,1.01553,1.01568,4.50,1.50
2011.02.25 16:04:49.639,1.01552,1.01568,2.25,1.50
2011.02.25 16:04:51.687,1.01554,1.01569,1.50,1.50
2011.02.25 16:04:52.238,1.01557,1.01568,2.25,1.50
2011.02.25 16:04:52.348,1.0155,1.01568,5.37,1.50
2011.02.25 16:04:52.568,1.0155,1.01568,5.37,1.50
2011.02.25 16:04:53.250,1.01554,1.01569,1.69,1.50
2011.02.25 16:04:54.020,1.01552,1.01563,1.50,3.00
2011.02.25 16:04:54.239,1.01549,1.01563,1.62,2.25
2011.02.25 16:04:56.639,1.01547,1.01563,4.62,2.25
2011.02.25 16:04:57.197,1.01547,1.01563,4.62,2.25
2011.02.25 16:04:57.776,1.01547,1.01563,4.62,2.25
2011.02.25 16:04:58.327,1.01548,1.01563,1.62,2.25
2011.02.25 16:04:58.549,1.01548,1.01563,1.62,2.25
2011.02.25 16:05:01.879,1.01549,1.01563,2.37,2.25
2011.02.25 16:05:02.097,1.01549,1.01563,2.37,2.25
2011.02.25 16:05:03.529,1.01549,1.01563,2.37,2.25
2011.02.25 16:05:03.749,1.01549,1.01563,2.37,2.25
2011.02.25 16:05:03.858,1.01551,1.01567,3.00,3.00
2011.02.25 16:05:04.189,1.01549,1.01563,2.37,2.25
2011.02.25 16:05:04.629,1.01548,1.01563,2.37,2.63
2011.02.25 16:05:05.031,1.01542,1.01553,1.62,2.25
2011.02.25 16:05:05.249,1.01544,1.01553,3.75,2.25
2011.02.25 16:05:05.361,1.01544,1.01558,3.75,2.25
2011.02.25 16:05:05.917,1.01544,1.01559,4.50,1.50
2011.02.25 16:05:09.367,1.01544,1.01559,4.50,3.00
2011.02.25 16:05:09.918,1.01546,1.0156,6.00,1.69
2011.02.25 16:05:10.468,1.01546,1.0156,5.25,1.69
2011.02.25 16:05:11.018,1.01546,1.0156,6.00,1.50
2011.02.25 16:05:11.567,1.01546,1.0156,3.75,1.69
2011.02.25 16:05:12.122,1.01545,1.01559,3.75,1.50
2011.02.25 16:05:12.959,1.01544,1.01559,2.25,1.50
2011.02.25 16:05:13.508,1.01545,1.01558,3.75,1.50
2011.02.25 16:05:14.280,1.01544,1.01553,1.50,2.25
2011.02.25 16:05:14.849,1.01542,1.01553,1.62,2.25
2011.02.25 16:05:15.618,1.01542,1.01557,1.62,3.19
2011.02.25 16:05:19.188,1.01542,1.01557,3.12,1.69
2011.02.25 16:05:19.708,1.01545,1.01558,1.50,1.50
2011.02.25 16:05:22.159,1.01544,1.01558,6.00,1.50
2011.02.25 16:05:28.878,1.01545,1.01558,3.75,1.50
2011.02.25 16:05:29.427,1.01544,1.01558,1.50,1.50
2011.02.25 16:05:33.056,1.01543,1.01558,4.62,1.50
2011.02.25 16:05:38.559,1.01543,1.01558,5.37,1.50
2011.02.25 16:05:39.074,1.01546,1.01558,1.50,1.50
2011.02.25 16:05:40.190,1.01544,1.01557,3.75,1.69
2011.02.25 16:05:40.409,1.01545,1.01557,3.75,1.69
2011.02.25 16:05:40.739,1.01545,1.01558,5.25,1.50
2011.02.25 16:05:44.070,1.01545,1.01558,5.25,1.50
2011.02.25 16:05:51.220,1.01545,1.01561,6.75,1.50
2011.02.25 16:05:51.330,1.01549,1.01561,2.25,1.50
2011.02.25 16:05:58.088,1.01549,1.01561,2.25,1.50
2011.02.25 16:05:58.308,1.01549,1.01564,2.25,2.25
2011.02.25 16:05:58.528,1.01549,1.01564,2.25,2.25
2011.02.25 16:05:58.968,1.01549,1.01564,3.00,1.50
2011.02.25 16:05:59.551,1.01549,1.01564,3.00,2.25
2011.02.25 16:06:03.138,1.01549,1.01564,2.25,2.25
2011.02.25 16:06:06.210,1.01549,1.01564,3.00,1.50
2011.02.25 16:06:06.538,1.01553,1.01568,2.25,2.25
2011.02.25 16:06:07.428,1.01553,1.01568,2.25,2.25
2011.02.25 16:06:10.319,1.01553,1.01568,2.25,3.75
2011.02.25 16:06:22.948,1.01553,1.01568,2.25,3.75
2011.02.25 16:06:23.829,1.01553,1.01567,2.25,3.00
2011.02.25 16:06:24.377,1.01553,1.01567,2.25,2.25
2011.02.25 16:06:24.709,1.01553,1.01567,2.25,3.00
2011.02.25 16:06:24.929,1.01549,1.01564,3.87,1.50
2011.02.25 16:06:25.477,1.01549,1.01565,3.87,1.50
2011.02.25 16:06:26.168,1.01549,1.01567,3.87,6.19
2011.02.25 16:06:26.279,1.01549,1.01567,3.87,6.00
2011.02.25 16:06:26.387,1.01549,1.01567,3.87,6.75
2011.02.25 16:06:26.498,1.01553,1.01567,2.25,4.50
2011.02.25 16:06:31.761,1.01551,1.01567,2.37,1.50
2011.02.25 16:06:33.247,1.01552,1.01568,3.75,2.25
2011.02.25 16:06:34.677,1.01554,1.01568,3.75,1.50
2011.02.25 16:06:38.543,1.01554,1.0157,4.62,3.00
2011.02.25 16:06:38.889,1.01557,1.01574,2.37,4.50
2011.02.25 16:06:39.438,1.01557,1.01574,3.12,4.50
2011.02.25 16:06:58.888,1.01557,1.01573,2.37,1.50
2011.02.25 16:06:59.658,1.01556,1.01571,3.12,1.50
2011.02.25 16:06:59.771,1.01556,1.01571,2.37,1.69
2011.02.25 16:07:00.098,1.01554,1.01571,1.50,3.19
2011.02.25 16:07:00.648,1.01552,1.01568,2.37,1.50
2011.02.25 16:07:01.308,1.01552,1.01568,6.12,1.50
2011.02.25 16:07:01.528,1.01552,1.01568,6.12,1.50
2011.02.25 16:07:02.079,1.01552,1.01568,1.62,1.50
2011.02.25 16:07:03.067,1.01552,1.01568,3.87,2.25
2011.02.25 16:07:04.438,1.01551,1.01568,3.12,2.25
2011.02.25 16:07:04.767,1.01551,1.01568,3.12,2.25
2011.02.25 16:07:05.098,1.01551,1.01568,3.12,1.50
2011.02.25 16:07:05.637,1.01551,1.01568,3.12,1.50
2011.02.25 16:07:06.344,1.01551,1.01568,3.12,1.50
2011.02.25 16:07:07.010,1.01551,1.01568,3.12,1.50
2011.02.25 16:07:07.559,1.01557,1.01569,2.25,1.50
2011.02.25 16:07:07.998,1.01557,1.01571,2.25,1.50
2011.02.25 16:07:11.118,1.01557,1.01571,2.25,1.50
2011.02.25 16:07:11.668,1.01557,1.01571,2.25,1.50
2011.02.25 16:07:15.269,1.01557,1.01571,3.75,1.50
2011.02.25 16:07:16.040,1.01557,1.01566,2.25,1.50
2011.02.25 16:07:16.260,1.01549,1.01564,5.00,3.00
2011.02.25 16:07:16.809,1.01549,1.01564,1.62,3.00
2011.02.25 16:07:17.357,1.01548,1.01564,1.62,3.75
2011.02.25 16:07:19.060,1.01549,1.01564,1.81,2.25
2011.02.25 16:07:19.171,1.0155,1.01566,3.12,2.25
2011.02.25 16:07:21.272,1.01547,1.01564,3.12,3.75
2011.02.25 16:07:21.498,1.01548,1.01564,1.62,3.75
2011.02.25 16:07:22.047,1.01547,1.01564,1.62,3.75
2011.02.25 16:07:24.800,1.01548,1.01564,1.62,3.75
2011.02.25 16:07:25.432,1.01548,1.01564,1.62,3.75
2011.02.25 16:07:25.988,1.01547,1.01564,1.62,3.75
2011.02.25 16:07:26.318,1.01546,1.01564,3.12,3.75
2011.02.25 16:07:26.539,1.01546,1.01562,2.37,3.00
2011.02.25 16:07:27.018,1.01546,1.01562,2.25,3.19
2011.02.25 16:07:27.361,1.01544,1.0156,3.75,2.25
2011.02.25 16:07:27.910,1.01545,1.0156,3.75,2.25
2011.02.25 16:07:28.022,1.01545,1.0156,4.50,2.25
2011.02.25 16:07:28.362,1.01546,1.0156,4.50,1.50
2011.02.25 16:07:29.808,1.01546,1.01561,4.50,4.69
2011.02.25 16:07:31.781,1.01545,1.01561,3.87,3.94
2011.02.25 16:07:32.392,1.01546,1.01561,3.75,3.94
2011.02.25 16:07:32.948,1.01544,1.01561,3.87,3.94
2011.02.25 16:07:33.498,1.01544,1.0156,3.75,1.69
2011.02.25 16:07:36.348,1.01544,1.0156,3.75,1.69
2011.02.25 16:07:36.901,1.01544,1.0156,4.69,1.50
2011.02.25 16:07:37.459,1.01547,1.0156,2.25,1.50
2011.02.25 16:07:38.668,1.01547,1.0156,2.25,1.50
2011.02.25 16:07:39.219,1.01547,1.0156,2.25,3.00
2011.02.25 16:07:42.519,1.01547,1.0156,2.25,1.50
2011.02.25 16:07:44.168,1.01547,1.01561,2.25,2.44
2011.02.25 16:07:44.501,1.01545,1.01561,3.87,3.75
2011.02.25 16:07:44.829,1.01546,1.01561,3.87,1.50
2011.02.25 16:07:45.159,1.01544,1.01561,2.37,3.94
2011.02.25 16:07:46.491,1.01544,1.01561,3.87,3.94
2011.02.25 16:07:46.940,1.01542,1.01558,4.50,1.50
2011.02.25 16:07:47.049,1.01542,1.01559,4.50,1.50
2011.02.25 16:07:47.488,1.01543,1.0156,5.37,3.19
2011.02.25 16:07:51.209,1.01543,1.01559,4.62,1.69
2011.02.25 16:07:51.430,1.01539,1.01554,1.62,3.00
2011.02.25 16:07:51.649,1.01541,1.01557,1.62,2.25
2011.02.25 16:07:51.759,1.01541,1.01557,1.62,1.50
2011.02.25 16:07:51.868,1.01542,1.0156,4.62,3.45
2011.02.25 16:07:51.980,1.01542,1.0156,4.62,3.75
2011.02.25 16:07:52.529,1.01542,1.01559,4.62,3.00
2011.02.25 16:07:55.229,1.01541,1.01557,1.62,1.69
2011.02.25 16:07:55.739,1.01541,1.0156,5.37,1.69
2011.02.25 16:07:58.628,1.01543,1.0156,4.50,3.94
2011.02.25 16:08:01.259,1.01544,1.0156,4.62,1.69
2011.02.25 16:08:01.809,1.01544,1.01561,4.62,4.69
2011.02.25 16:08:02.360,1.01548,1.01564,5.37,4.50
2011.02.25 16:08:02.469,1.01548,1.01564,5.56,2.25
2011.02.25 16:08:02.579,1.0155,1.01566,3.12,1.50
2011.02.25 16:08:03.128,1.0155,1.01567,6.87,3.00
2011.02.25 16:08:03.729,1.01553,1.01568,4.50,1.50
2011.02.25 16:08:07.508,1.01552,1.0157,4.50,4.50
2011.02.25 16:08:09.120,1.01554,1.01568,3.75,1.50
2011.02.25 16:08:09.668,1.0155,1.01568,3.12,1.50
2011.02.25 16:08:10.770,1.01553,1.01568,4.50,1.50
2011.02.25 16:08:12.634,1.01553,1.0157,4.62,3.75
2011.02.25 16:08:12.973,1.01553,1.01566,3.87,2.44
2011.02.25 16:08:13.308,1.01551,1.01563,1.62,2.25
2011.02.25 16:08:13.640,1.01553,1.01566,4.62,1.50
2011.02.25 16:08:14.302,1.01556,1.01573,3.12,1.50
2011.02.25 16:08:16.973,1.01556,1.01573,7.62,3.00
2011.02.25 16:08:18.219,1.01556,1.01572,2.37,3.19
2011.02.25 16:08:18.438,1.01555,1.01569,4.50,1.50
2011.02.25 16:08:19.549,1.01553,1.01569,4.62,1.50
2011.02.25 16:08:21.689,1.01553,1.01569,4.62,1.50
2011.02.25 16:08:22.889,1.01553,1.01568,4.62,1.50
2011.02.25 16:08:26.929,1.01551,1.01568,7.62,3.57
2011.02.25 16:08:27.257,1.01551,1.01563,1.62,2.25
2011.02.25 16:08:27.918,1.01549,1.01563,4.62,2.25
2011.02.25 16:08:29.578,1.01549,1.01563,4.62,2.25
2011.02.25 16:08:43.109,1.01549,1.01563,5.30,2.25
2011.02.25 16:08:43.987,1.01549,1.01563,5.30,2.25
2011.02.25 16:08:44.951,1.01551,1.01563,1.25,2.25
2011.02.25 16:08:45.280,1.01556,1.01571,3.00,3.94
2011.02.25 16:08:45.868,1.01553,1.0157,4.62,3.75
2011.02.25 16:08:46.630,1.01552,1.0157,5.37,3.75
2011.02.25 16:08:47.178,1.01552,1.0157,6.12,3.75
2011.02.25 16:08:47.398,1.01553,1.0157,4.62,3.00
2011.02.25 16:08:47.948,1.01553,1.0157,4.62,3.75
2011.02.25 16:08:48.279,1.01551,1.01566,2.37,2.44
2011.02.25 16:08:48.390,1.01547,1.01562,3.00,3.75
2011.02.25 16:08:48.500,1.01547,1.0156,2.25,1.50
2011.02.25 16:08:48.611,1.01543,1.0156,5.37,3.75
2011.02.25 16:08:48.829,1.01543,1.01559,5.25,1.50
2011.02.25 16:08:50.708,1.01541,1.01558,3.12,3.00
2011.02.25 16:08:53.278,1.01541,1.01558,6.87,1.50
2011.02.25 16:08:53.828,1.01542,1.0156,4.62,3.75
2011.02.25 16:08:54.158,1.01544,1.0156,4.62,2.25
2011.02.25 16:08:56.028,1.01544,1.0156,4.62,2.25
2011.02.25 16:08:56.969,1.01544,1.0156,4.62,3.00
2011.02.25 16:08:57.528,1.01543,1.0156,5.37,3.00
2011.02.25 16:08:58.078,1.01543,1.0156,5.37,3.00
2011.02.25 16:08:58.628,1.01544,1.0156,4.62,2.25
2011.02.25 16:08:59.748,1.01544,1.0156,4.62,2.25
2011.02.25 16:09:00.083,1.01548,1.0156,1.06,2.25
2011.02.25 16:09:00.311,1.01551,1.01564,3.00,1.50
2011.02.25 16:09:00.840,1.01551,1.01567,3.12,2.25
2011.02.25 16:09:02.483,1.01551,1.01564,3.12,1.50
2011.02.25 16:09:02.820,1.01541,1.0155,2.37,1.32
2011.02.25 16:09:02.932,1.01539,1.01547,3.75,2.07
2011.02.25 16:09:03.161,1.0153,1.01547,3.87,1.50
2011.02.25 16:09:03.271,1.0153,1.01544,1.62,2.25
2011.02.25 16:09:03.819,1.01528,1.01544,1.62,3.00
2011.02.25 16:09:07.370,1.0153,1.01544,1.62,3.00
2011.02.25 16:09:07.701,1.01534,1.01548,1.62,1.69
2011.02.25 16:09:07.921,1.01532,1.01544,4.62,2.25
2011.02.25 16:09:08.469,1.01531,1.01544,1.62,2.25
2011.02.25 16:09:08.689,1.01531,1.01544,1.62,2.25
2011.02.25 16:09:09.129,1.01532,1.01549,1.62,3.00
2011.02.25 16:09:09.743,1.01532,1.01548,1.62,2.25
2011.02.25 16:09:10.652,1.01532,1.01548,1.62,2.25
2011.02.25 16:09:11.492,1.01529,1.01547,3.12,1.69
2011.02.25 16:09:12.049,1.01529,1.01544,1.62,2.25
2011.02.25 16:09:12.932,1.01529,1.01544,1.62,3.38
2011.02.25 16:09:13.160,1.01526,1.01541,3.12,4.13
2011.02.25 16:09:13.269,1.01525,1.01534,1.62,3.00
2011.02.25 16:09:13.380,1.01523,1.01534,1.13,3.00
2011.02.25 16:09:13.598,1.01519,1.01537,5.37,1.50
2011.02.25 16:09:14.700,1.01519,1.01537,5.37,1.50
2011.02.25 16:09:15.030,1.01519,1.01536,4.62,4.50
2011.02.25 16:09:15.470,1.01513,1.01523,4.96,2.25
2011.02.25 16:09:15.798,1.0151,1.01526,1.02,1.50
2011.02.25 16:09:16.234,1.01509,1.01526,3.12,1.50
2011.02.25 16:09:18.619,1.01509,1.01528,5.37,6.00
2011.02.25 16:09:18.951,1.01508,1.01526,3.12,1.69
2011.02.25 16:09:23.752,1.01513,1.01525,1.73,2.25
2011.02.25 16:09:24.164,1.01515,1.01528,1.50,1.50
2011.02.25 16:09:24.278,1.01515,1.01529,1.50,1.50
2011.02.25 16:09:24.979,1.01516,1.01529,1.50,1.50
2011.02.25 16:09:25.199,1.01514,1.01527,3.75,1.50
2011.02.25 16:09:25.748,1.01513,1.01529,1.69,2.25
2011.02.25 16:09:25.969,1.01512,1.01527,2.37,2.44
2011.02.25 16:09:26.189,1.01508,1.01522,2.37,3.00
2011.02.25 16:09:26.629,1.01508,1.01524,1.62,3.00
2011.02.25 16:09:27.177,1.01507,1.01524,1.62,3.00
2011.02.25 16:09:28.060,1.01506,1.01524,4.62,5.25
2011.02.25 16:09:28.168,1.01506,1.01523,3.12,1.50
2011.02.25 16:09:28.500,1.01504,1.0152,1.06,3.00
2011.02.25 16:09:28.718,1.01501,1.0152,5.37,2.44
2011.02.25 16:09:29.378,1.01503,1.0152,4.62,2.44
2011.02.25 16:09:29.928,1.01503,1.01518,4.62,1.13
2011.02.25 16:09:30.040,1.01503,1.01518,4.62,3.57
2011.02.25 16:09:30.537,1.01501,1.01517,1.50,1.69
2011.02.25 16:09:30.660,1.01503,1.01515,3.75,1.50
2011.02.25 16:09:30.988,1.01501,1.01518,1.62,3.00
2011.02.25 16:09:31.578,1.01501,1.01518,2.37,3.00
2011.02.25 16:09:32.788,1.01501,1.01518,1.62,3.00
2011.02.25 16:09:33.229,1.01504,1.0152,1.50,2.25
2011.02.25 16:09:33.778,1.01506,1.01519,2.25,1.50
2011.02.25 16:09:35.739,1.01501,1.01516,5.18,1.50
2011.02.25 16:09:36.068,1.01501,1.01512,2.37,1.50
2011.02.25 16:09:36.449,1.01501,1.01519,2.37,3.75
2011.02.25 16:09:36.559,1.01502,1.01519,1.81,2.25
2011.02.25 16:09:36.670,1.01502,1.01519,1.06,3.00
2011.02.25 16:09:36.783,1.01501,1.01519,1.62,3.00
2011.02.25 16:09:36.900,1.01506,1.01519,2.25,3.00
2011.02.25 16:09:37.009,1.01501,1.01519,2.37,3.00
2011.02.25 16:09:38.552,1.01501,1.01519,2.37,3.75
2011.02.25 16:09:40.468,1.01501,1.01516,2.37,1.50
2011.02.25 16:09:40.689,1.01498,1.01513,1.62,1.50
2011.02.25 16:09:41.840,1.01497,1.01513,1.62,1.50
2011.02.25 16:09:42.059,1.01496,1.01513,3.87,1.50
2011.02.25 16:09:42.988,1.01496,1.01513,3.87,3.00
2011.02.25 16:09:43.540,1.01496,1.01512,3.00,1.50
2011.02.25 16:09:46.301,1.01496,1.01512,3.00,3.00
2011.02.25 16:09:46.752,1.01496,1.01512,3.00,1.50
2011.02.25 16:09:47.200,1.01496,1.01514,3.87,4.50
2011.02.25 16:09:47.420,1.01506,1.01519,2.25,2.25
2011.02.25 16:09:47.749,1.01506,1.0152,2.25,1.50
2011.02.25 16:09:49.910,1.01506,1.01521,2.25,2.25
2011.02.25 16:09:50.020,1.01506,1.01521,2.37,2.25
2011.02.25 16:09:50.131,1.01507,1.01521,1.62,1.50
2011.02.25 16:09:50.242,1.01512,1.01521,1.32,1.50
2011.02.25 16:09:50.580,1.0151,1.01528,3.75,1.50
2011.02.25 16:09:50.691,1.0151,1.01524,3.00,1.50
2011.02.25 16:09:50.909,1.01507,1.01521,3.12,1.50
2011.02.25 16:09:51.460,1.01507,1.01521,3.12,3.00
2011.02.25 16:09:51.789,1.01506,1.0152,3.87,2.25
2011.02.25 16:09:52.339,1.01506,1.0152,2.37,3.75
2011.02.25 16:09:53.268,1.01506,1.0152,2.37,3.98
2011.02.25 16:09:55.330,1.01506,1.01518,2.25,3.23
2011.02.25 16:09:55.440,1.015,1.01518,5.37,3.23
2011.02.25 16:09:55.988,1.015,1.01516,3.87,1.58
2011.02.25 16:09:56.588,1.015,1.01516,3.12,1.58
2011.02.25 16:09:57.919,1.015,1.01516,3.12,1.58
2011.02.25 16:09:58.362,1.01505,1.01514,1.50,3.00
2011.02.25 16:09:58.589,1.01507,1.01522,3.12,1.50
2011.02.25 16:09:58.700,1.01507,1.01523,4.62,4.50
2011.02.25 16:09:59.249,1.01508,1.01523,1.69,4.50
2011.02.25 16:09:59.367,1.01509,1.01524,4.81,3.00
2011.02.25 16:09:59.699,1.01509,1.01524,2.56,2.25
2011.02.25 16:09:59.809,1.01509,1.01524,2.56,2.25
2011.02.25 16:10:02.108,1.01509,1.01525,3.31,1.50
2011.02.25 16:10:02.438,1.01509,1.01522,1.62,1.50
2011.02.25 16:10:03.428,1.01507,1.01522,3.87,2.25
2011.02.25 16:10:03.540,1.01512,1.01522,2.07,1.50
2011.02.25 16:10:03.650,1.01516,1.01529,2.25,1.50
2011.02.25 16:10:04.199,1.01516,1.01529,2.25,1.50
2011.02.25 16:10:04.310,1.01516,1.01528,2.25,3.00
2011.02.25 16:10:04.419,1.01511,1.01528,3.12,3.00
2011.02.25 16:10:04.529,1.01511,1.01526,2.37,1.50
2011.02.25 16:10:05.898,1.01511,1.01528,3.12,3.00
2011.02.25 16:10:06.015,1.01517,1.01532,2.25,4.50
2011.02.25 16:10:06.571,1.01513,1.0153,3.12,3.19
2011.02.25 16:10:07.701,1.01514,1.01529,1.50,1.50
2011.02.25 16:10:08.313,1.01516,1.01528,2.25,1.50
2011.02.25 16:10:09.529,1.01511,1.01528,3.12,1.50
2011.02.25 16:10:09.749,1.01511,1.01528,3.12,1.50
2011.02.25 16:10:19.469,1.01513,1.01528,1.06,1.50
2011.02.25 16:10:19.580,1.01516,1.01529,2.25,1.50
2011.02.25 16:10:20.158,1.01516,1.01528,2.25,1.50
2011.02.25 16:10:23.544,1.01516,1.01528,2.25,1.50
2011.02.25 16:10:23.659,1.01511,1.01528,2.37,1.50
2011.02.25 16:10:24.100,1.0151,1.01527,3.12,2.25
2011.02.25 16:10:24.211,1.0151,1.01523,3.12,1.50
2011.02.25 16:10:24.539,1.01507,1.01523,4.62,4.88
2011.02.25 16:10:25.076,1.01507,1.01523,4.62,4.88
2011.02.25 16:10:28.939,1.01507,1.01523,3.87,4.88
2011.02.25 16:10:29.050,1.01507,1.01522,2.37,1.50
2011.02.25 16:10:29.601,1.01507,1.01521,2.25,2.44
2011.02.25 16:10:29.711,1.01503,1.0152,3.12,3.00
2011.02.25 16:10:30.259,1.01503,1.0152,6.12,3.00
2011.02.25 16:10:32.118,1.01503,1.0152,3.12,3.00
2011.02.25 16:10:32.450,1.01506,1.0152,1.50,2.25
2011.02.25 16:10:33.000,1.01508,1.01524,2.44,4.50
2011.02.25 16:10:33.111,1.0151,1.01524,2.37,1.50
2011.02.25 16:10:33.439,1.01511,1.01529,2.37,4.50
2011.02.25 16:10:33.661,1.01517,1.0153,2.25,3.00
2011.02.25 16:10:33.989,1.01517,1.01531,2.25,2.25
2011.02.25 16:10:34.210,1.01517,1.01533,4.62,3.00
2011.02.25 16:10:34.760,1.01517,1.01532,2.25,2.44
2011.02.25 16:10:34.980,1.01513,1.0153,1.62,3.19
2011.02.25 16:10:35.714,1.01512,1.0153,3.12,3.19
2011.02.25 16:10:35.831,1.01512,1.0153,6.87,3.19
2011.02.25 16:10:36.379,1.01512,1.0153,4.62,5.44
2011.02.25 16:10:37.828,1.01511,1.01529,4.62,1.50
2011.02.25 16:10:41.973,1.01516,1.01529,1.32,1.50
2011.02.25 16:10:42.092,1.0152,1.0153,2.25,1.50
2011.02.25 16:10:42.211,1.0152,1.01533,2.37,1.50
2011.02.25 16:10:42.430,1.0152,1.01535,2.37,1.50
2011.02.25 16:10:42.908,1.0152,1.01535,2.37,1.50
2011.02.25 16:10:43.578,1.0152,1.01535,2.37,1.50
2011.02.25 16:10:44.128,1.0152,1.01535,3.12,1.50
2011.02.25 16:10:49.170,1.01521,1.01537,1.62,2.25
2011.02.25 16:10:49.499,1.01527,1.01543,3.00,4.50
2011.02.25 16:10:49.609,1.01527,1.01543,4.50,3.75
2011.02.25 16:10:50.301,1.01529,1.01544,3.12,1.50
2011.02.25 16:10:57.568,1.01529,1.01544,3.12,1.50
2011.02.25 16:10:58.012,1.01529,1.01543,2.37,1.32
2011.02.25 16:10:58.240,1.01525,1.01538,3.75,1.50
2011.02.25 16:10:58.460,1.01523,1.01538,2.37,1.50
2011.02.25 16:11:01.251,1.01523,1.01538,2.37,1.50
2011.02.25 16:11:01.799,1.01522,1.01538,8.37,1.50
2011.02.25 16:11:10.389,1.01523,1.01538,4.62,1.50
2011.02.25 16:11:11.679,1.01525,1.01538,2.25,1.50
2011.02.25 16:11:14.369,1.01531,1.01538,2.25,1.50
2011.02.25 16:11:14.588,1.01531,1.01542,2.25,1.50
2011.02.25 16:11:18.307,1.01525,1.01542,3.12,3.19
2011.02.25 16:11:18.859,1.01525,1.01542,3.12,3.19
2011.02.25 16:11:18.970,1.01525,1.01542,3.12,2.44
2011.02.25 16:11:19.518,1.0153,1.01543,2.25,1.50
2011.02.25 16:11:19.848,1.0153,1.01542,2.25,1.50
2011.02.25 16:11:20.179,1.01524,1.01542,8.37,3.94
2011.02.25 16:11:20.870,1.01524,1.01542,8.37,3.19
2011.02.25 16:11:21.420,1.01531,1.01542,2.25,1.50
2011.02.25 16:11:21.530,1.01531,1.01545,2.25,1.50
2011.02.25 16:11:21.750,1.01531,1.01547,3.00,3.75
2011.02.25 16:11:25.799,1.01532,1.01547,3.00,1.50
2011.02.25 16:11:26.880,1.01532,1.01547,3.00,1.50
2011.02.25 16:11:27.429,1.01532,1.01547,2.25,1.50
2011.02.25 16:11:28.201,1.01532,1.01545,2.25,1.50
2011.02.25 16:11:28.310,1.01529,1.01545,2.25,1.50
2011.02.25 16:11:28.859,1.01525,1.01539,4.62,1.50
2011.02.25 16:11:29.408,1.01524,1.0154,6.12,1.50
2011.02.25 16:11:32.239,1.01533,1.01547,2.25,3.00
2011.02.25 16:11:32.678,1.01533,1.01547,2.25,3.00
2011.02.25 16:11:36.118,1.01533,1.01548,3.00,2.25
2011.02.25 16:11:36.451,1.01534,1.0155,1.50,3.19
2011.02.25 16:11:36.957,1.01536,1.01551,3.00,1.50
2011.02.25 16:11:37.074,1.01539,1.01554,3.12,1.50
2011.02.25 16:11:37.190,1.01539,1.01554,3.12,1.50
2011.02.25 16:11:37.411,1.01543,1.01556,3.00,1.50
2011.02.25 16:11:38.291,1.01543,1.01555,2.25,1.50
2011.02.25 16:11:38.841,1.01536,1.01554,3.38,1.50
2011.02.25 16:11:39.059,1.01535,1.01552,3.00,1.50
2011.02.25 16:11:39.608,1.01535,1.01551,3.00,1.50
2011.02.25 16:11:40.192,1.01535,1.01551,3.00,1.50
2011.02.25 16:11:44.649,1.01535,1.01551,2.25,1.50
2011.02.25 16:11:44.869,1.01534,1.01551,2.37,1.50
2011.02.25 16:11:45.199,1.01534,1.01551,2.37,1.50
2011.02.25 16:11:45.767,1.01534,1.01551,2.37,1.50
2011.02.25 16:11:46.208,1.01534,1.01551,2.37,1.50
2011.02.25 16:11:46.538,1.01534,1.01551,2.37,1.50
2011.02.25 16:11:46.868,1.01534,1.01551,2.37,1.50
2011.02.25 16:11:48.538,1.01534,1.01551,2.37,1.50
2011.02.25 16:11:53.960,1.01535,1.01551,1.50,1.50
2011.02.25 16:11:54.399,1.01532,1.01548,3.00,1.50
2011.02.25 16:11:55.389,1.01532,1.01549,3.00,1.50
2011.02.25 16:11:55.941,1.01533,1.0155,8.56,1.50
2011.02.25 16:11:56.269,1.01533,1.0155,8.56,1.50
2011.02.25 16:12:00.499,1.01533,1.01551,9.31,2.25
2011.02.25 16:12:00.721,1.01533,1.01551,9.31,2.25
2011.02.25 16:12:01.909,1.01533,1.01551,8.56,2.25
2011.02.25 16:12:02.480,1.01533,1.0155,8.56,1.50
2011.02.25 16:12:02.919,1.01533,1.01547,4.50,1.50
2011.02.25 16:12:03.994,1.01533,1.01548,3.12,1.50
2011.02.25 16:12:05.319,1.01533,1.0155,7.06,1.50
2011.02.25 16:12:06.372,1.01535,1.0155,1.50,1.50
2011.02.25 16:12:06.700,1.01539,1.01552,1.50,2.25
2011.02.25 16:12:06.810,1.01543,1.01553,2.25,2.25
2011.02.25 16:12:07.470,1.01539,1.01552,2.25,1.50
2011.02.25 16:12:08.021,1.01543,1.01553,2.25,1.50
2011.02.25 16:12:08.939,1.01538,1.01552,1.50,1.50
2011.02.25 16:12:09.490,1.01536,1.01552,3.00,1.50
2011.02.25 16:12:09.821,1.01542,1.01553,1.50,1.50
2011.02.25 16:12:09.931,1.01546,1.01555,1.28,1.50
2011.02.25 16:12:10.357,1.01549,1.01563,1.50,2.25
2011.02.25 16:12:10.919,1.01549,1.01562,1.50,1.50
2011.02.25 16:12:11.469,1.01549,1.01563,1.50,2.25
2011.02.25 16:12:11.578,1.01549,1.01563,1.50,2.25
2011.02.25 16:12:12.128,1.01551,1.01564,1.50,3.00
2011.02.25 16:12:13.939,1.01551,1.01564,1.50,1.50
2011.02.25 16:12:14.600,1.01551,1.01564,1.50,3.00
2011.02.25 16:12:15.583,1.01549,1.01563,1.50,2.25
2011.02.25 16:12:19.769,1.01549,1.01563,1.50,3.00
2011.02.25 16:12:20.319,1.01548,1.01562,3.75,1.50
2011.02.25 16:12:21.870,1.01548,1.0156,3.00,1.50
2011.02.25 16:12:22.419,1.01544,1.01558,1.50,1.50
2011.02.25 16:12:23.190,1.01544,1.01559,1.50,1.50
2011.02.25 16:12:23.521,1.01544,1.01558,1.50,1.50
2011.02.25 16:12:23.739,1.01544,1.01558,1.50,1.50
2011.02.25 16:12:26.750,1.01549,1.01558,3.00,1.50
2011.02.25 16:12:27.206,1.01542,1.01555,3.35,1.50
2011.02.25 16:12:27.323,1.0154,1.01554,1.50,1.50
2011.02.25 16:12:27.743,1.01538,1.01554,3.60,2.25
2011.02.25 16:12:30.050,1.01543,1.01554,2.25,1.50
2011.02.25 16:12:32.359,1.01548,1.01554,2.25,1.50
2011.02.25 16:12:32.579,1.01543,1.01558,1.50,3.00
2011.02.25 16:12:32.800,1.01542,1.01555,1.95,1.69
2011.02.25 16:12:33.348,1.01542,1.01555,3.00,1.50
2011.02.25 16:12:35.789,1.01542,1.01555,3.75,1.50
2011.02.25 16:12:36.231,1.01543,1.01555,1.69,1.50
2011.02.25 16:12:36.560,1.01549,1.01557,2.25,1.50
2011.02.25 16:12:36.781,1.01546,1.01557,1.50,1.50
2011.02.25 16:12:36.891,1.01543,1.01558,3.00,1.50
2011.02.25 16:12:37.229,1.01543,1.01558,3.00,1.50
2011.02.25 16:12:39.718,1.01543,1.01559,3.75,1.50
2011.02.25 16:12:43.050,1.01543,1.01558,3.75,1.50
2011.02.25 16:12:43.599,1.01543,1.01557,3.00,2.25
2011.02.25 16:12:43.819,1.0154,1.01555,1.50,1.69
2011.02.25 16:12:44.150,1.01538,1.01554,1.47,1.50
2011.02.25 16:12:44.699,1.01536,1.01554,3.87,1.50
2011.02.25 16:12:48.000,1.01542,1.01556,3.00,1.50
2011.02.25 16:12:48.220,1.01542,1.01556,3.00,1.50
2011.02.25 16:12:48.769,1.01542,1.01559,3.00,2.25
2011.02.25 16:12:52.780,1.01542,1.01559,3.87,2.25
2011.02.25 16:12:53.002,1.01542,1.01561,4.06,3.00
2011.02.25 16:12:53.329,1.01548,1.01564,3.75,3.03
2011.02.25 16:12:53.439,1.01548,1.01563,3.75,2.25
2011.02.25 16:12:53.990,1.01549,1.01564,1.50,3.00
2011.02.25 16:12:54.540,1.01549,1.01564,1.50,3.00
2011.02.25 16:12:57.329,1.01548,1.01564,3.75,3.00
2011.02.25 16:12:57.881,1.01549,1.01563,1.50,1.50
2011.02.25 16:13:00.216,1.01549,1.01565,1.50,3.75
2011.02.25 16:13:00.769,1.01549,1.01564,1.50,2.25
2011.02.25 16:13:07.400,1.01549,1.01564,1.50,2.25
2011.02.25 16:13:08.009,1.01549,1.01563,1.50,1.50
2011.02.25 16:13:08.338,1.01549,1.01565,1.62,2.25
2011.02.25 16:13:09.109,1.01549,1.01565,1.62,2.25
2011.02.25 16:13:09.658,1.01549,1.01565,1.62,2.25
2011.02.25 16:13:10.210,1.01549,1.01565,1.62,2.25
2011.02.25 16:13:10.429,1.01549,1.01565,1.62,2.25
2011.02.25 16:13:11.901,1.01549,1.01564,1.50,1.50
2011.02.25 16:13:15.889,1.01554,1.01567,1.13,1.69
2011.02.25 16:13:16.111,1.01563,1.01568,3.94,1.50
2011.02.25 16:13:16.235,1.01569,1.01579,2.25,1.91
2011.02.25 16:13:16.462,1.01569,1.01581,3.00,1.50
2011.02.25 16:13:16.570,1.01569,1.01584,3.00,1.50
2011.02.25 16:13:17.118,1.01569,1.01585,3.00,1.69
2011.02.25 16:13:21.139,1.01569,1.01585,3.00,1.69
2011.02.25 16:13:21.691,1.01564,1.0158,1.06,1.50
2011.02.25 16:13:21.800,1.01563,1.0158,7.62,1.50
2011.02.25 16:13:22.131,1.01563,1.01579,3.75,2.25
2011.02.25 16:13:22.349,1.01563,1.01579,3.00,2.25
2011.02.25 16:13:24.440,1.01563,1.01579,6.75,1.50
2011.02.25 16:13:26.659,1.01564,1.01578,1.50,1.50
2011.02.25 16:13:27.429,1.01562,1.01579,3.50,1.50
2011.02.25 16:13:27.978,1.01568,1.01579,2.25,1.50
2011.02.25 16:13:29.469,1.01568,1.01581,2.25,1.50
2011.02.25 16:13:30.019,1.01568,1.01584,3.00,1.50
2011.02.25 16:13:30.568,1.01568,1.01584,3.00,1.50
2011.02.25 16:13:31.233,1.01568,1.01586,9.19,2.87
2011.02.25 16:13:32.009,1.01568,1.01587,9.12,5.07
2011.02.25 16:13:32.229,1.01568,1.01587,9.12,5.07
2011.02.25 16:13:32.778,1.01568,1.01586,9.12,1.32
2011.02.25 16:13:34.798,1.01568,1.01586,9.12,1.32
2011.02.25 16:13:35.248,1.01568,1.01585,9.12,1.50
2011.02.25 16:13:38.780,1.01568,1.01585,5.37,1.50
2011.02.25 16:13:41.870,1.01568,1.01585,4.62,1.50
2011.02.25 16:13:44.328,1.01568,1.01585,5.37,1.50
2011.02.25 16:13:45.459,1.0157,1.01585,1.50,1.50
2011.02.25 16:13:46.279,1.01568,1.01585,9.12,1.50
2011.02.25 16:13:50.809,1.01568,1.01585,9.12,1.50
2011.02.25 16:13:51.069,1.01568,1.01585,9.12,1.50
2011.02.25 16:13:51.619,1.01569,1.01585,4.62,1.50
2011.02.25 16:13:54.169,1.01568,1.01585,5.37,1.50
2011.02.25 16:13:55.479,1.0157,1.01585,1.50,1.50
2011.02.25 16:13:56.141,1.01576,1.01588,1.50,4.69
2011.02.25 16:13:56.454,1.01576,1.01588,1.62,2.25
2011.02.25 16:13:57.580,1.01583,1.01598,3.00,1.50
2011.02.25 16:14:00.690,1.01583,1.016,3.19,3.00
2011.02.25 16:14:01.129,1.01589,1.01602,2.25,1.50
2011.02.25 16:14:01.761,1.01589,1.01603,3.00,1.50
2011.02.25 16:14:15.890,1.0159,1.01604,3.75,3.00
2011.02.25 16:14:19.229,1.01591,1.01604,1.50,3.00
2011.02.25 16:14:22.279,1.0159,1.01604,3.75,3.00
2011.02.25 16:14:23.210,1.01591,1.01604,3.75,3.00
2011.02.25 16:14:25.168,1.01591,1.01604,3.75,2.25
2011.02.25 16:14:27.284,1.01591,1.01605,3.75,3.00
2011.02.25 16:14:27.408,1.01596,1.01611,1.62,6.00
2011.02.25 16:14:27.524,1.01599,1.01611,3.12,3.00
2011.02.25 16:14:27.755,1.01603,1.01613,2.25,1.50
2011.02.25 16:14:27.982,1.01603,1.01617,2.25,1.50
2011.02.25 16:14:28.529,1.01604,1.01619,1.62,2.25
2011.02.25 16:14:28.859,1.01604,1.01619,1.62,2.25
2011.02.25 16:14:28.970,1.01604,1.01619,1.62,2.25
2011.02.25 16:14:35.223,1.01606,1.0162,2.82,1.50
2011.02.25 16:14:35.451,1.01612,1.01626,2.25,2.25
2011.02.25 16:14:35.670,1.01612,1.01626,3.00,1.50
2011.02.25 16:14:36.110,1.01612,1.01627,3.87,1.50
2011.02.25 16:14:39.349,1.01612,1.01627,7.62,1.50
2011.02.25 16:14:39.901,1.01612,1.01627,3.87,1.50
2011.02.25 16:14:40.671,1.01612,1.01627,3.12,1.50
2011.02.25 16:14:40.780,1.01612,1.01622,3.00,1.50
2011.02.25 16:14:41.002,1.01608,1.01622,2.25,1.69
2011.02.25 16:14:41.333,1.01609,1.01622,2.25,1.50
2011.02.25 16:14:41.454,1.01609,1.0162,2.25,1.69
2011.02.25 16:14:41.573,1.01605,1.01617,4.62,2.25
2011.02.25 16:14:41.800,1.016,1.01617,1.62,3.00
2011.02.25 16:14:42.999,1.016,1.01617,1.62,3.00
2011.02.25 16:14:44.889,1.01599,1.01615,5.37,1.50
2011.02.25 16:14:48.977,1.01602,1.01617,1.69,3.75
2011.02.25 16:14:49.097,1.01603,1.01618,6.00,2.25
2011.02.25 16:14:50.199,1.01603,1.01617,2.25,1.50
2011.02.25 16:14:50.310,1.01604,1.01618,3.75,2.25
2011.02.25 16:14:50.890,1.01604,1.01617,3.75,1.50
2011.02.25 16:14:51.513,1.01603,1.01617,6.00,1.50
2011.02.25 16:14:52.289,1.01603,1.01617,3.00,1.50
2011.02.25 16:14:54.671,1.01603,1.01615,2.25,1.50
2011.02.25 16:14:55.014,1.01593,1.01606,2.25,2.44
2011.02.25 16:14:55.351,1.01588,1.01604,8.37,2.25
2011.02.25 16:14:55.900,1.01588,1.01604,8.37,2.25
2011.02.25 16:14:59.860,1.01598,1.01608,2.25,3.00
2011.02.25 16:15:00.081,1.01592,1.01607,3.75,1.50
2011.02.25 16:15:00.852,1.01592,1.01607,6.00,1.50
2011.02.25 16:15:01.182,1.01593,1.01607,3.75,1.50
2011.02.25 16:15:01.740,1.01592,1.01607,2.25,3.00
2011.02.25 16:15:03.125,1.01593,1.01606,3.75,2.25
2011.02.25 16:15:05.042,1.01593,1.01606,3.75,1.50
2011.02.25 16:15:05.370,1.01595,1.01607,3.75,1.50
2011.02.25 16:15:05.931,1.01595,1.01607,3.75,1.50
2011.02.25 16:15:06.480,1.01594,1.01608,3.75,2.25
2011.02.25 16:15:07.289,1.01594,1.01607,3.75,1.50
2011.02.25 16:15:08.199,1.01594,1.01608,3.87,1.50
2011.02.25 16:15:08.773,1.01594,1.01609,4.62,1.50
2011.02.25 16:15:09.329,1.01594,1.0161,4.62,1.50
2011.02.25 16:15:09.881,1.01595,1.01609,5.25,1.50
2011.02.25 16:15:09.993,1.01596,1.01614,1.50,2.25
2011.02.25 16:15:10.336,1.01599,1.01614,2.25,2.25
2011.02.25 16:15:10.671,1.01602,1.01616,3.00,3.75
2011.02.25 16:15:11.221,1.01602,1.01616,3.00,2.25
2011.02.25 16:15:13.642,1.01601,1.01612,3.00,1.50
2011.02.25 16:15:13.764,1.01597,1.0161,2.25,1.50
2011.02.25 16:15:13.883,1.01597,1.01605,2.25,1.50
2011.02.25 16:15:14.005,1.01591,1.01603,2.25,1.50
2011.02.25 16:15:14.124,1.01587,1.01601,1.50,1.50
2011.02.25 16:15:14.350,1.01583,1.016,2.25,3.75
2011.02.25 16:15:14.569,1.01582,1.016,3.75,6.00
2011.02.25 16:15:14.679,1.01582,1.01598,3.75,1.50
2011.02.25 16:15:15.229,1.01581,1.01596,4.62,1.50
2011.02.25 16:15:20.258,1.01583,1.01598,1.50,2.25
2011.02.25 16:15:20.479,1.01584,1.01598,3.75,1.50
2011.02.25 16:15:20.929,1.01582,1.01598,4.50,1.50
2011.02.25 16:15:21.149,1.01584,1.01598,1.50,1.50
2011.02.25 16:15:21.369,1.01582,1.01598,3.00,1.50
2011.02.25 16:15:21.480,1.01584,1.01598,3.75,1.50
2011.02.25 16:15:22.919,1.01582,1.01598,6.75,1.50
2011.02.25 16:15:23.250,1.01586,1.01599,2.25,3.00
2011.02.25 16:15:23.795,1.01581,1.01598,8.25,1.50
2011.02.25 16:15:24.350,1.01582,1.01598,3.75,1.50
2011.02.25 16:15:24.875,1.01583,1.01598,3.75,1.50
2011.02.25 16:15:26.649,1.01583,1.01599,4.50,4.50
2011.02.25 16:15:26.981,1.01587,1.016,1.13,2.25
2011.02.25 16:15:27.200,1.01591,1.01603,2.25,1.50
2011.02.25 16:15:27.751,1.01591,1.01604,2.25,1.50
2011.02.25 16:15:29.364,1.01585,1.01601,2.37,4.50
2011.02.25 16:15:29.591,1.01581,1.016,3.87,1.50
2011.02.25 16:15:30.140,1.01582,1.01598,2.37,1.50
2011.02.25 16:15:31.071,1.01583,1.01598,3.75,1.50
2011.02.25 16:15:31.400,1.01581,1.01599,5.37,1.50
2011.02.25 16:15:31.731,1.01584,1.016,6.12,2.25
2011.02.25 16:15:32.062,1.01588,1.016,1.69,1.50
2011.02.25 16:15:32.609,1.01591,1.016,3.00,1.50
2011.02.25 16:15:32.719,1.01591,1.01606,3.00,3.00
2011.02.25 16:15:33.666,1.01591,1.01606,6.87,1.50
2011.02.25 16:15:34.003,1.01591,1.01608,6.75,3.00
2011.02.25 16:15:34.671,1.01592,1.01608,3.75,3.00
2011.02.25 16:15:37.069,1.01592,1.01609,4.62,3.75
2011.02.25 16:15:37.400,1.01594,1.0161,5.89,3.00
2011.02.25 16:15:37.511,1.01594,1.01611,7.06,1.50
2011.02.25 16:15:37.913,1.01594,1.01612,6.31,3.00
2011.02.25 16:15:38.471,1.01594,1.01611,1.62,5.25
2011.02.25 16:15:38.978,1.01594,1.01611,1.62,5.25
2011.02.25 16:15:39.199,1.01594,1.01611,1.62,5.25
2011.02.25 16:15:39.860,1.01594,1.01611,3.12,4.50
2011.02.25 16:15:40.850,1.01598,1.01612,1.50,2.25
2011.02.25 16:15:41.399,1.01594,1.01612,7.06,1.50
2011.02.25 16:15:56.033,1.01594,1.01611,1.62,1.50
2011.02.25 16:15:56.589,1.01594,1.0161,1.62,2.25
2011.02.25 16:15:57.139,1.01595,1.01612,1.06,2.25
2011.02.25 16:16:00.109,1.01595,1.01611,1.06,1.50
2011.02.25 16:16:00.661,1.01595,1.01612,1.06,1.50
2011.02.25 16:16:01.330,1.01595,1.01613,1.06,2.25
2011.02.25 16:16:01.439,1.01595,1.01611,1.06,1.50
2011.02.25 16:16:02.429,1.01595,1.01613,1.06,1.50
2011.02.25 16:16:03.720,1.01597,1.01613,1.13,1.50
2011.02.25 16:16:04.162,1.01601,1.01615,2.25,1.50
2011.02.25 16:16:04.489,1.01601,1.01616,3.00,3.00
2011.02.25 16:16:04.929,1.01601,1.01616,3.00,2.25
2011.02.25 16:16:05.590,1.01602,1.01617,4.50,1.50
2011.02.25 16:16:08.664,1.01601,1.01617,2.25,1.50
2011.02.25 16:16:09.111,1.01599,1.01614,1.50,1.50
2011.02.25 16:16:09.661,1.01599,1.01615,1.50,3.75
2011.02.25 16:16:10.209,1.01599,1.01613,1.50,1.50
2011.02.25 16:16:11.442,1.01597,1.01613,1.62,2.63
2011.02.25 16:16:11.553,1.01596,1.0161,2.37,2.25
2011.02.25 16:16:12.111,1.01596,1.0161,1.62,3.00
2011.02.25 16:16:12.660,1.01595,1.0161,4.62,3.00
2011.02.25 16:16:12.989,1.01593,1.0161,4.62,4.50
2011.02.25 16:16:15.199,1.01592,1.0161,4.62,3.00
2011.02.25 16:16:16.272,1.01591,1.01608,2.37,2.25
2011.02.25 16:16:20.119,1.0159,1.01606,7.06,1.50
2011.02.25 16:16:20.450,1.0159,1.01606,7.06,1.50
2011.02.25 16:16:20.560,1.0159,1.01606,7.06,1.50
2011.02.25 16:16:21.044,1.01592,1.01606,3.75,1.50
2011.02.25 16:16:21.789,1.01594,1.01609,3.75,2.25
2011.02.25 16:16:22.340,1.01592,1.0161,3.87,1.50
2011.02.25 16:16:27.739,1.01594,1.0161,3.75,1.50
2011.02.25 16:16:29.059,1.01593,1.0161,3.87,1.50
2011.02.25 16:16:30.504,1.01594,1.0161,3.75,1.50
2011.02.25 16:16:31.450,1.0159,1.0161,7.81,3.00
2011.02.25 16:16:31.561,1.0159,1.01608,7.81,3.00
2011.02.25 16:16:32.282,1.0159,1.01608,7.81,3.00
2011.02.25 16:16:32.721,1.01592,1.0161,5.37,2.25
2011.02.25 16:16:33.160,1.01592,1.01611,5.37,5.25
2011.02.25 16:16:35.019,1.01594,1.01611,3.87,5.25
2011.02.25 16:16:36.011,1.01592,1.01604,4.62,1.50
2011.02.25 16:16:37.100,1.01594,1.01602,3.87,1.50
2011.02.25 16:16:41.995,1.01593,1.01603,4.62,1.50
2011.02.25 16:16:42.791,1.01593,1.01603,5.37,1.50
2011.02.25 16:16:42.900,1.01593,1.01605,5.37,1.50
2011.02.25 16:16:43.449,1.01593,1.01605,5.37,1.50
2011.02.25 16:16:46.023,1.01594,1.01605,1.10,1.50
2011.02.25 16:16:46.141,1.01594,1.01607,4.62,1.50
2011.02.25 16:16:46.689,1.01594,1.01605,3.87,1.50
2011.02.25 16:16:47.239,1.01595,1.01605,3.75,1.50
2011.02.25 16:16:49.060,1.01593,1.01605,5.37,1.50
2011.02.25 16:16:49.728,1.01595,1.01605,3.75,1.50
2011.02.25 16:16:51.289,1.01593,1.01605,4.62,1.50
2011.02.25 16:16:52.169,1.01593,1.01604,4.62,1.50
2011.02.25 16:16:52.389,1.01593,1.01606,4.62,1.50
2011.02.25 16:17:07.940,1.01593,1.01606,4.62,2.25
2011.02.25 16:17:08.560,1.01591,1.01604,4.62,1.50
2011.02.25 16:17:09.220,1.01591,1.01604,4.62,2.25
2011.02.25 16:17:09.330,1.01591,1.01604,3.87,2.25
2011.02.25 16:17:11.262,1.01591,1.01601,3.87,1.50
2011.02.25 16:17:11.590,1.01593,1.01601,3.75,1.50
2011.02.25 16:17:12.031,1.01593,1.01603,3.87,1.50
2011.02.25 16:17:12.358,1.01593,1.01605,3.87,2.25
2011.02.25 16:17:12.580,1.01593,1.01607,4.62,2.25
2011.02.25 16:17:19.110,1.01594,1.01607,3.87,2.25
2011.02.25 16:17:19.879,1.01594,1.01607,3.87,1.50
2011.02.25 16:17:20.428,1.01594,1.01607,3.87,2.25
2011.02.25 16:17:20.929,1.01594,1.01607,3.87,1.50
2011.02.25 16:17:22.028,1.01593,1.01604,3.87,1.50
2011.02.25 16:17:23.168,1.01594,1.01602,1.02,1.50
2011.02.25 16:17:24.799,1.01594,1.01603,1.25,1.50
2011.02.25 16:17:25.348,1.01594,1.01602,1.10,1.50
2011.02.25 16:17:26.468,1.01594,1.01603,1.10,1.50
2011.02.25 16:17:28.379,1.01593,1.01603,1.32,1.50
2011.02.25 16:17:28.604,1.01594,1.01605,3.98,1.50
2011.02.25 16:17:29.053,1.01596,1.01609,3.12,1.50
2011.02.25 16:17:29.500,1.01596,1.01609,3.87,1.50
2011.02.25 16:17:33.139,1.01598,1.01608,3.87,1.50
2011.02.25 16:17:40.190,1.01598,1.01608,1.62,1.50
2011.02.25 16:17:40.410,1.016,1.0161,3.12,1.50
2011.02.25 16:17:41.529,1.016,1.0161,3.12,1.50
2011.02.25 16:17:42.079,1.016,1.01609,3.12,1.50
2011.02.25 16:17:43.190,1.016,1.01611,3.12,1.50
2011.02.25 16:17:45.951,1.016,1.01611,3.00,1.50
2011.02.25 16:17:46.171,1.016,1.01613,3.00,1.50
2011.02.25 16:17:46.791,1.016,1.01615,6.75,1.50
2011.02.25 16:17:46.901,1.01601,1.01615,1.62,1.50
2011.02.25 16:17:47.119,1.01604,1.01617,3.75,1.50
2011.02.25 16:17:47.229,1.01604,1.01617,3.75,1.50
2011.02.25 16:17:47.780,1.01604,1.01617,3.75,1.50
2011.02.25 16:17:48.372,1.01605,1.01617,3.75,2.25
2011.02.25 16:17:48.710,1.01607,1.01619,2.25,2.25
2011.02.25 16:17:54.749,1.01607,1.0162,6.75,1.50
2011.02.25 16:17:57.981,1.01607,1.01619,3.00,3.00
2011.02.25 16:17:59.410,1.01607,1.01622,2.25,1.50
2011.02.25 16:17:59.850,1.01607,1.01623,3.00,6.00
2011.02.25 16:18:00.415,1.01607,1.01622,3.00,1.50
2011.02.25 16:18:00.970,1.01607,1.01623,3.00,4.50
2011.02.25 16:18:01.520,1.01607,1.01622,3.00,1.50
2011.02.25 16:18:09.381,1.01607,1.01622,3.00,2.25
2011.02.25 16:18:09.929,1.01607,1.01623,3.12,3.75
2011.02.25 16:18:14.420,1.01607,1.01623,3.12,3.00
2011.02.25 16:18:20.419,1.01607,1.01623,3.12,5.25
2011.02.25 16:18:20.534,1.01607,1.01623,2.37,5.25
2011.02.25 16:18:21.135,1.01607,1.01623,3.12,5.25
2011.02.25 16:18:31.280,1.01607,1.01623,2.37,3.75
2011.02.25 16:18:31.892,1.01607,1.01623,2.37,6.00
2011.02.25 16:18:32.439,1.01607,1.01619,2.37,2.25
2011.02.25 16:18:36.132,1.01607,1.01621,2.37,1.50
2011.02.25 16:18:37.010,1.01607,1.01621,2.37,1.50
2011.02.25 16:18:37.562,1.01607,1.01621,2.37,1.50
2011.02.25 16:18:38.110,1.01607,1.01621,2.37,1.50
2011.02.25 16:18:39.913,1.01601,1.01613,6.12,2.25
2011.02.25 16:18:40.034,1.01601,1.01619,4.62,1.50
2011.02.25 16:18:40.149,1.01601,1.01619,4.62,1.50
2011.02.25 16:18:40.700,1.01603,1.01619,3.87,1.50
2011.02.25 16:18:41.264,1.01603,1.01619,3.87,1.50
2011.02.25 16:18:42.149,1.01603,1.01618,3.87,1.13
2011.02.25 16:18:42.591,1.016,1.01614,1.62,2.25
2011.02.25 16:18:42.921,1.01601,1.01616,2.25,1.50
2011.02.25 16:18:43.032,1.01601,1.01615,2.25,1.50
2011.02.25 16:18:43.140,1.01599,1.01613,1.62,2.25
2011.02.25 16:18:43.710,1.01597,1.01613,9.12,3.75
2011.02.25 16:18:44.940,1.01597,1.01613,8.37,3.75
2011.02.25 16:18:46.073,1.01598,1.01612,1.62,1.69
2011.02.25 16:18:46.484,1.01595,1.01609,2.40,1.50
2011.02.25 16:18:46.607,1.01592,1.01605,3.75,1.50
2011.02.25 16:18:48.969,1.01593,1.01605,3.75,1.50
2011.02.25 16:18:51.289,1.01593,1.01606,3.75,1.50
2011.02.25 16:18:51.730,1.01595,1.01608,3.75,1.50
2011.02.25 16:18:51.950,1.01595,1.01608,3.75,1.50
2011.02.25 16:18:52.060,1.01592,1.01608,5.25,1.50
2011.02.25 16:18:52.473,1.01594,1.01608,3.75,1.50
2011.02.25 16:18:52.811,1.01593,1.01608,3.75,1.50
2011.02.25 16:18:53.140,1.01595,1.01608,3.75,1.50
2011.02.25 16:18:53.714,1.01594,1.01608,3.75,1.50
2011.02.25 16:18:54.589,1.01594,1.01608,3.75,1.50
2011.02.25 16:18:55.139,1.01595,1.01608,3.75,1.50
2011.02.25 16:18:55.326,1.01595,1.01608,3.75,1.50
2011.02.25 16:18:55.548,1.01592,1.01608,5.25,1.50
2011.02.25 16:18:55.660,1.01595,1.01608,3.75,1.50
2011.02.25 16:18:56.601,1.01593,1.01608,3.75,1.50
2011.02.25 16:19:01.791,1.01592,1.01608,1.50,1.50
2011.02.25 16:19:03.164,1.01592,1.01608,1.50,2.25
2011.02.25 16:19:03.723,1.01593,1.01602,3.75,1.50
2011.02.25 16:19:03.831,1.01591,1.01601,1.62,3.00
2011.02.25 16:19:04.709,1.01588,1.01601,6.12,2.25
2011.02.25 16:19:05.370,1.01588,1.01598,1.62,2.25
2011.02.25 16:19:05.950,1.01586,1.01598,4.62,2.25
2011.02.25 16:19:06.439,1.01586,1.01598,3.87,2.25
2011.02.25 16:19:07.991,1.01585,1.01601,1.06,3.00
2011.02.25 16:19:08.590,1.01585,1.01601,1.06,1.50
2011.02.25 16:19:09.140,1.01584,1.01601,1.81,1.50
2011.02.25 16:19:14.356,1.01585,1.01602,1.06,3.75
2011.02.25 16:19:18.150,1.01584,1.016,4.06,1.50
2011.02.25 16:19:20.570,1.01585,1.01601,1.06,1.50
2011.02.25 16:19:21.119,1.01585,1.016,1.06,1.50
2011.02.25 16:19:29.021,1.01584,1.016,1.81,2.25
2011.02.25 16:19:29.789,1.01582,1.01597,5.37,1.50
2011.02.25 16:19:29.900,1.01584,1.01597,3.75,1.50
2011.02.25 16:19:30.559,1.01583,1.01597,3.75,1.50
2011.02.25 16:19:30.891,1.01581,1.01592,2.37,3.00
2011.02.25 16:19:31.440,1.0158,1.01592,1.62,3.00
2011.02.25 16:19:32.809,1.0158,1.01592,3.87,3.75
2011.02.25 16:19:33.581,1.01583,1.01592,3.75,3.00
2011.02.25 16:19:34.151,1.01583,1.01597,3.87,3.00
2011.02.25 16:19:34.370,1.01585,1.01596,3.75,1.50
2011.02.25 16:19:34.483,1.01585,1.01597,4.69,2.25
2011.02.25 16:19:34.711,1.01584,1.016,3.75,2.25
2011.02.25 16:19:35.041,1.01583,1.01598,5.56,3.75
2011.02.25 16:19:35.262,1.01585,1.016,1.06,1.50
2011.02.25 16:19:35.933,1.01586,1.01602,3.87,3.78
2011.02.25 16:19:37.601,1.01589,1.01603,1.50,2.28
2011.02.25 16:19:38.151,1.01589,1.01602,1.50,1.53
2011.02.25 16:19:38.262,1.01587,1.01599,1.81,1.50
2011.02.25 16:19:38.809,1.01584,1.01597,2.37,2.25
2011.02.25 16:19:39.361,1.01585,1.01601,3.12,1.50
2011.02.25 16:19:39.473,1.01585,1.01602,3.12,1.50
2011.02.25 16:19:41.360,1.01583,1.01598,4.62,3.00
2011.02.25 16:19:41.474,1.0158,1.01598,1.62,3.00
2011.02.25 16:19:41.924,1.01575,1.01591,3.87,3.19
2011.02.25 16:19:42.041,1.01575,1.01587,1.62,2.25
2011.02.25 16:19:42.151,1.01575,1.01587,4.62,2.25
2011.02.25 16:19:42.701,1.01574,1.01587,3.87,3.00
2011.02.25 16:19:43.346,1.01574,1.01587,4.62,3.00
2011.02.25 16:19:45.259,1.01573,1.01587,4.62,3.75
2011.02.25 16:19:45.479,1.01574,1.01586,3.87,1.50
2011.02.25 16:19:47.579,1.01573,1.01587,3.87,3.75
2011.02.25 16:19:48.130,1.01573,1.01586,3.87,1.50
2011.02.25 16:19:48.679,1.01575,1.01587,3.75,3.75
2011.02.25 16:19:49.292,1.01574,1.01586,3.87,1.50
2011.02.25 16:19:51.242,1.01572,1.01581,4.62,1.50
2011.02.25 16:19:51.572,1.01569,1.01581,4.62,1.50
2011.02.25 16:19:51.790,1.01567,1.01581,3.87,1.50
2011.02.25 16:19:52.459,1.01567,1.01581,5.37,1.50
2011.02.25 16:20:02.690,1.01571,1.01582,1.32,3.75
2011.02.25 16:20:02.912,1.01573,1.01588,3.19,1.88
2011.02.25 16:20:03.021,1.01573,1.01588,2.25,2.25
2011.02.25 16:20:03.240,1.0157,1.01588,2.37,4.50
2011.02.25 16:20:03.855,1.01573,1.01586,3.75,1.50
2011.02.25 16:20:04.410,1.01574,1.01587,3.75,1.50
2011.02.25 16:20:05.350,1.01574,1.01587,3.75,1.50
2011.02.25 16:20:05.680,1.01569,1.01582,6.87,3.00
2011.02.25 16:20:07.220,1.01571,1.01582,1.50,3.75
2011.02.25 16:20:07.771,1.0157,1.01582,1.62,3.00
2011.02.25 16:20:09.610,1.01568,1.01578,3.75,3.00
2011.02.25 16:20:09.834,1.01565,1.01578,3.75,3.00
2011.02.25 16:20:10.560,1.01563,1.01578,5.37,3.75
2011.02.25 16:20:11.111,1.01563,1.01578,5.37,3.75
2011.02.25 16:20:11.224,1.01563,1.01578,1.62,4.32
2011.02.25 16:20:11.340,1.0156,1.01578,3.12,4.69
2011.02.25 16:20:11.669,1.0156,1.01572,2.37,2.25
2011.02.25 16:20:15.094,1.01561,1.01572,2.52,2.25
2011.02.25 16:20:15.430,1.01562,1.01578,1.77,3.75
2011.02.25 16:20:15.550,1.01565,1.0158,4.50,1.50
2011.02.25 16:20:16.210,1.01564,1.0158,6.31,1.50
2011.02.25 16:20:16.764,1.01565,1.0158,3.75,1.50
2011.02.25 16:20:18.411,1.01565,1.01582,3.75,4.50
2011.02.25 16:20:18.741,1.01563,1.01577,5.25,3.00
2011.02.25 16:20:18.851,1.01563,1.01577,5.25,3.00
2011.02.25 16:20:19.511,1.01563,1.01576,3.75,1.50
2011.02.25 16:20:20.071,1.01563,1.01576,3.75,1.50
2011.02.25 16:20:21.400,1.01563,1.01577,4.50,3.00
2011.02.25 16:20:21.510,1.01561,1.01577,1.62,3.00
2011.02.25 16:20:22.280,1.0156,1.01571,2.37,2.25
2011.02.25 16:20:27.792,1.0156,1.01568,1.62,2.25
2011.02.25 16:20:27.900,1.01557,1.01568,6.87,2.25
2011.02.25 16:20:28.480,1.01557,1.01568,1.62,2.25
2011.02.25 16:20:29.036,1.01558,1.01571,3.75,3.75
2011.02.25 16:20:29.591,1.01558,1.01571,7.50,3.00
2011.02.25 16:20:30.541,1.01558,1.01571,5.25,3.00
2011.02.25 16:20:34.329,1.01557,1.01571,6.12,2.25
2011.02.25 16:20:35.770,1.01556,1.01567,5.37,2.25
2011.02.25 16:20:36.321,1.01556,1.01567,1.50,2.25
2011.02.25 16:20:39.300,1.01556,1.0157,5.25,1.50
2011.02.25 16:20:39.523,1.01556,1.01567,6.00,2.25
2011.02.25 16:20:40.190,1.01558,1.01567,1.50,2.25
2011.02.25 16:20:42.831,1.01556,1.01567,1.62,2.25
2011.02.25 16:20:44.070,1.01557,1.01572,4.62,5.25
2011.02.25 16:20:45.718,1.01557,1.01572,3.87,4.50
2011.02.25 16:20:53.509,1.01558,1.01572,1.50,4.50
2011.02.25 16:20:54.059,1.01558,1.01572,2.25,4.50
2011.02.25 16:20:55.259,1.01559,1.01572,3.75,4.50
2011.02.25 16:20:57.124,1.01558,1.01572,5.37,3.00
2011.02.25 16:20:57.681,1.01556,1.01572,6.12,3.75
2011.02.25 16:20:58.323,1.01556,1.01572,4.62,4.69
2011.02.25 16:20:58.443,1.01556,1.01567,3.87,2.25
2011.02.25 16:20:59.004,1.01554,1.01567,1.50,3.00
2011.02.25 16:21:00.011,1.01549,1.01565,6.12,1.50
2011.02.25 16:21:00.450,1.01549,1.01565,6.87,1.50
2011.02.25 16:21:07.601,1.01553,1.01567,3.87,3.00
2011.02.25 16:21:10.929,1.01548,1.01565,7.81,1.50
2011.02.25 16:21:11.040,1.01548,1.01565,5.37,2.25
2011.02.25 16:21:11.610,1.01548,1.01562,6.12,2.25
2011.02.25 16:21:15.100,1.01548,1.01565,6.31,1.50
2011.02.25 16:21:17.840,1.01549,1.01565,4.62,1.50
2011.02.25 16:21:18.391,1.01553,1.01568,3.31,1.88
2011.02.25 16:21:18.943,1.01557,1.0157,3.38,1.50
2011.02.25 16:21:19.281,1.01557,1.01571,2.44,1.50
2011.02.25 16:21:19.391,1.01556,1.01571,1.50,1.50
2011.02.25 16:21:20.270,1.01556,1.01572,1.50,3.75
2011.02.25 16:21:20.380,1.01556,1.01572,1.50,3.75
2011.02.25 16:21:20.682,1.01556,1.01572,1.50,3.75
2011.02.25 16:21:22.351,1.01553,1.01568,3.87,3.00
2011.02.25 16:21:23.339,1.01553,1.01568,4.02,3.00
2011.02.25 16:21:23.889,1.01552,1.01568,6.12,3.00
2011.02.25 16:21:24.456,1.01552,1.01568,6.87,3.00
2011.02.25 16:21:24.795,1.01554,1.01568,1.02,2.25
2011.02.25 16:21:25.350,1.01554,1.01568,1.02,2.25
2011.02.25 16:21:25.573,1.01554,1.01571,1.21,5.25
2011.02.25 16:21:26.129,1.01554,1.0157,1.21,1.50
2011.02.25 16:21:26.740,1.01556,1.0157,1.50,1.50
2011.02.25 16:21:29.717,1.01556,1.0157,2.25,1.50
2011.02.25 16:21:30.162,1.01556,1.01569,1.62,1.13
2011.02.25 16:21:30.493,1.01552,1.01561,1.50,2.25
2011.02.25 16:21:30.822,1.0155,1.01558,1.50,3.00
2011.02.25 16:21:31.042,1.01543,1.01558,2.25,3.00
2011.02.25 16:21:31.700,1.01544,1.01559,4.02,3.00
2011.02.25 16:21:32.252,1.01549,1.0156,2.25,2.44
2011.02.25 16:21:32.729,1.01548,1.01563,1.69,4.50
2011.02.25 16:21:32.848,1.01547,1.01561,2.25,2.44
2011.02.25 16:21:32.960,1.01544,1.0156,2.00,2.44
2011.02.25 16:21:33.734,1.01542,1.01547,3.75,1.13
2011.02.25 16:21:33.855,1.01525,1.01533,1.20,3.00
2011.02.25 16:21:34.081,1.01517,1.01532,4.62,2.25
2011.02.25 16:21:34.414,1.01513,1.0153,1.81,3.00
2011.02.25 16:21:34.642,1.01515,1.0153,2.37,3.75
2011.02.25 16:21:35.189,1.01513,1.0153,3.12,3.75
2011.02.25 16:21:35.300,1.01513,1.0153,2.37,3.75
2011.02.25 16:21:35.521,1.01513,1.0153,3.12,3.75
2011.02.25 16:21:35.850,1.01511,1.01529,6.87,1.50
2011.02.25 16:21:35.962,1.01511,1.01529,7.02,1.50
2011.02.25 16:21:36.545,1.01513,1.01529,1.17,1.50
2011.02.25 16:21:37.222,1.01514,1.0153,1.02,3.00
2011.02.25 16:21:37.442,1.01517,1.0153,1.17,2.25
2011.02.25 16:21:37.661,1.01514,1.0153,1.02,2.25
2011.02.25 16:21:37.771,1.01514,1.0153,4.02,3.00
2011.02.25 16:21:38.214,1.01509,1.01528,4.62,3.00
2011.02.25 16:21:38.441,1.01511,1.01526,1.32,1.50
2011.02.25 16:21:39.431,1.01511,1.01526,1.50,2.25
2011.02.25 16:21:40.313,1.0151,1.01526,2.37,2.25
2011.02.25 16:21:40.700,1.0151,1.01526,2.75,2.25
2011.02.25 16:21:40.944,1.01511,1.01526,1.50,2.25
2011.02.25 16:21:41.619,1.01511,1.01526,1.50,2.25
2011.02.25 16:21:48.134,1.01508,1.01524,1.62,2.25
2011.02.25 16:21:48.476,1.01504,1.0152,1.02,3.94
2011.02.25 16:21:48.593,1.01501,1.01519,5.37,1.50
2011.02.25 16:21:49.152,1.015,1.01519,6.87,1.50
2011.02.25 16:21:55.080,1.01501,1.0152,1.62,5.44
2011.02.25 16:21:55.411,1.01507,1.0152,2.25,2.25
2011.02.25 16:21:55.741,1.01507,1.01519,2.25,1.50
2011.02.25 16:21:55.850,1.01501,1.01519,2.37,4.50
2011.02.25 16:21:56.374,1.01501,1.01519,2.37,4.50
2011.02.25 16:21:59.609,1.015,1.01519,4.50,3.75
2011.02.25 16:21:59.940,1.0149,1.01506,2.25,2.25
2011.02.25 16:22:00.050,1.01487,1.01503,3.12,3.00
2011.02.25 16:22:00.271,1.01487,1.01503,3.00,3.00
2011.02.25 16:22:02.740,1.01489,1.01503,1.50,3.75
2011.02.25 16:22:06.920,1.01488,1.01503,1.50,3.75
2011.02.25 16:22:07.254,1.01491,1.01503,1.50,2.25
2011.02.25 16:22:07.810,1.01492,1.01506,1.50,1.50
2011.02.25 16:22:08.480,1.01492,1.01507,1.50,2.25
2011.02.25 16:22:09.030,1.01492,1.01506,1.50,1.50
2011.02.25 16:22:09.579,1.01492,1.01506,2.25,1.50
2011.02.25 16:22:09.690,1.01492,1.01506,1.50,1.50
2011.02.25 16:22:10.020,1.01492,1.01506,2.25,1.50
2011.02.25 16:22:10.570,1.01492,1.01506,1.50,1.50
2011.02.25 16:22:11.156,1.01492,1.01504,1.50,3.00
2011.02.25 16:22:12.752,1.01491,1.01504,2.25,4.88
2011.02.25 16:22:12.862,1.01491,1.01504,1.50,7.69
2011.02.25 16:22:12.971,1.01489,1.01499,1.50,2.25
2011.02.25 16:22:13.081,1.01489,1.01501,1.50,1.50
2011.02.25 16:22:15.149,1.01487,1.01503,2.25,2.25
2011.02.25 16:22:15.590,1.01487,1.01503,2.25,1.50
2011.02.25 16:22:15.921,1.01489,1.01504,1.50,3.75
2011.02.25 16:22:16.249,1.01491,1.01504,1.50,3.75
2011.02.25 16:22:16.580,1.01491,1.01504,1.50,3.75
2011.02.25 16:22:17.129,1.01491,1.01504,1.50,3.75
2011.02.25 16:22:17.901,1.0149,1.01504,1.50,3.75
2011.02.25 16:22:23.320,1.0149,1.01504,1.50,3.75
2011.02.25 16:22:23.870,1.0149,1.01504,1.50,3.75
2011.02.25 16:22:25.735,1.01489,1.01504,1.50,5.25
2011.02.25 16:22:26.800,1.01487,1.01503,2.25,1.50
2011.02.25 16:22:27.600,1.01489,1.01503,1.50,1.50
2011.02.25 16:22:35.931,1.01488,1.01503,2.25,1.50
2011.02.25 16:22:37.561,1.01487,1.01501,1.50,3.19
2011.02.25 16:22:39.179,1.01487,1.01496,1.50,2.25
2011.02.25 16:22:40.112,1.0148,1.01494,3.00,1.50
2011.02.25 16:22:40.441,1.01473,1.01483,1.50,3.00
2011.02.25 16:22:40.992,1.01472,1.01487,1.50,2.25
2011.02.25 16:22:43.440,1.01473,1.01486,1.50,1.50
2011.02.25 16:22:45.889,1.01473,1.01487,1.61,2.25
2011.02.25 16:22:47.993,1.01473,1.01489,2.25,2.44
2011.02.25 16:22:48.434,1.01481,1.0149,1.50,3.00
2011.02.25 16:22:48.552,1.01481,1.01493,1.50,3.00
2011.02.25 16:22:48.660,1.01481,1.01495,3.75,1.50
2011.02.25 16:22:49.791,1.01483,1.01495,1.50,1.50
2011.02.25 16:22:52.379,1.01484,1.01496,1.50,1.50
2011.02.25 16:22:52.711,1.01487,1.01497,2.25,2.44
2011.02.25 16:22:53.126,1.01481,1.01494,1.50,3.19
2011.02.25 16:22:54.131,1.01481,1.01496,4.50,1.50
2011.02.25 16:22:54.679,1.01481,1.01496,4.50,1.50
2011.02.25 16:22:59.930,1.01481,1.01496,3.75,1.69
2011.02.25 16:23:00.260,1.01478,1.01494,1.62,3.75
2011.02.25 16:23:00.654,1.01477,1.01493,1.62,3.00
2011.02.25 16:23:00.990,1.01474,1.01489,1.50,1.69
2011.02.25 16:23:01.210,1.01472,1.01489,2.37,1.69
2011.02.25 16:23:01.760,1.01472,1.01488,2.37,1.50
2011.02.25 16:23:03.367,1.01476,1.01488,1.50,1.50
2011.02.25 16:23:03.481,1.01476,1.01489,2.25,1.50
2011.02.25 16:23:04.032,1.01477,1.01491,3.00,2.25
2011.02.25 16:23:04.472,1.01477,1.01489,2.25,1.50
2011.02.25 16:23:04.582,1.01474,1.01489,2.60,1.50
2011.02.25 16:23:04.693,1.01474,1.0149,3.35,6.75
2011.02.25 16:23:05.241,1.01476,1.0149,3.75,1.50
2011.02.25 16:23:08.181,1.01477,1.0149,1.50,3.75
2011.02.25 16:23:08.300,1.01476,1.01488,1.62,1.69
2011.02.25 16:23:08.412,1.01475,1.01484,1.50,3.00
2011.02.25 16:23:08.522,1.01472,1.01484,1.50,3.00
2011.02.25 16:23:08.961,1.0147,1.01484,2.25,3.75
2011.02.25 16:23:10.671,1.0147,1.01484,1.50,3.75
2011.02.25 16:23:11.002,1.01466,1.01482,4.62,1.69
2011.02.25 16:23:11.331,1.01465,1.01483,1.50,2.82
2011.02.25 16:23:11.552,1.01465,1.0148,1.50,1.69
2011.02.25 16:23:12.961,1.01465,1.0148,2.25,1.69
2011.02.25 16:23:13.730,1.01469,1.01482,1.50,3.19
2011.02.25 16:23:15.260,1.0147,1.01481,1.50,1.69
2011.02.25 16:23:15.810,1.01469,1.01481,1.50,2.44
2011.02.25 16:23:15.920,1.01467,1.01481,2.25,2.44
2011.02.25 16:23:20.552,1.01468,1.01481,3.00,1.50
2011.02.25 16:23:24.602,1.01464,1.01479,2.25,1.50
2011.02.25 16:23:24.824,1.01462,1.01477,2.37,1.69
2011.02.25 16:23:26.370,1.01463,1.01477,3.12,1.50
2011.02.25 16:23:27.153,1.01463,1.01478,4.62,1.50
2011.02.25 16:23:31.531,1.01465,1.0148,2.25,1.50
2011.02.25 16:23:36.182,1.01468,1.01481,2.25,2.25
2011.02.25 16:23:36.731,1.01468,1.01482,4.50,1.50
2011.02.25 16:23:39.911,1.01468,1.01482,4.50,1.50
2011.02.25 16:23:41.480,1.01468,1.01483,8.25,1.50
2011.02.25 16:23:43.240,1.0147,1.01484,1.50,1.50
2011.02.25 16:23:48.890,1.01469,1.01485,2.25,3.75
2011.02.25 16:23:51.721,1.01469,1.01483,1.50,1.32
2011.02.25 16:23:52.271,1.01469,1.01482,1.50,1.50
2011.02.25 16:23:53.890,1.01468,1.01482,3.00,1.50
2011.02.25 16:23:54.220,1.01468,1.01482,3.00,1.50
2011.02.25 16:23:54.661,1.01468,1.01484,3.00,2.25
2011.02.25 16:23:54.769,1.01468,1.01484,3.00,1.50
2011.02.25 16:23:55.321,1.01468,1.01485,3.00,2.25
2011.02.25 16:23:55.430,1.01473,1.01485,2.25,2.25
2011.02.25 16:23:55.651,1.01473,1.01487,2.25,6.03
2011.02.25 16:23:57.381,1.01473,1.01486,2.25,1.53
2011.02.25 16:23:57.600,1.01469,1.01485,4.25,3.00
2011.02.25 16:23:58.150,1.01469,1.01482,2.25,1.50
2011.02.25 16:23:59.960,1.01469,1.01482,2.25,1.50
2011.02.25 16:24:00.848,1.01463,1.01481,4.62,2.44
2011.02.25 16:24:01.294,1.01462,1.01479,6.87,3.19
2011.02.25 16:24:01.850,1.01457,1.01476,5.37,3.19
2011.02.25 16:24:02.402,1.0146,1.01476,1.62,2.44
2011.02.25 16:24:02.730,1.01463,1.01476,3.00,1.50
2011.02.25 16:24:02.841,1.01463,1.01478,3.00,2.25
2011.02.25 16:24:11.740,1.01463,1.0148,3.00,3.19
2011.02.25 16:24:19.250,1.01463,1.01479,3.00,1.50
2011.02.25 16:24:21.342,1.01463,1.01479,3.00,1.50
2011.02.25 16:24:21.776,1.01463,1.0148,3.00,4.69
2011.02.25 16:24:21.921,1.01466,1.0148,1.50,1.50
2011.02.25 16:24:22.361,1.01469,1.01482,4.69,1.88
2011.02.25 16:24:22.471,1.01472,1.01487,2.25,2.25
2011.02.25 16:24:22.693,1.01474,1.01488,1.62,1.50
2011.02.25 16:24:23.140,1.01474,1.01489,2.07,1.50
2011.02.25 16:24:23.693,1.01476,1.0149,1.62,1.69
2011.02.25 16:24:24.019,1.01476,1.0149,2.37,1.69
2011.02.25 16:24:24.589,1.01476,1.0149,2.37,1.69
2011.02.25 16:24:25.982,1.01476,1.01491,4.62,1.50
2011.02.25 16:24:26.530,1.01478,1.01492,2.25,1.50
2011.02.25 16:24:27.181,1.01478,1.01492,6.75,1.50
2011.02.25 16:24:27.622,1.01483,1.01492,2.25,1.50
2011.02.25 16:24:27.731,1.01483,1.01495,2.25,1.50
2011.02.25 16:24:30.955,1.01479,1.01494,1.62,1.50
2011.02.25 16:24:31.512,1.01482,1.01494,3.12,1.50
2011.02.25 16:24:31.732,1.01482,1.01497,6.12,2.25
2011.02.25 16:24:39.630,1.01481,1.01497,3.87,1.50
2011.02.25 16:24:40.920,1.01481,1.0149,3.87,1.32
2011.02.25 16:24:41.143,1.01479,1.0149,1.50,4.69
2011.02.25 16:24:41.250,1.01473,1.0149,2.97,3.19
2011.02.25 16:24:41.362,1.01475,1.01491,2.25,2.44
2011.02.25 16:24:41.911,1.01477,1.01491,6.94,1.50
2011.02.25 16:24:42.023,1.01479,1.01494,6.19,1.50
2011.02.25 16:24:42.131,1.0148,1.01496,3.00,2.25
2011.02.25 16:24:43.793,1.0148,1.01497,9.12,1.50
2011.02.25 16:24:44.024,1.0148,1.01497,9.12,1.50
2011.02.25 16:24:44.580,1.01482,1.01498,4.50,1.50
2011.02.25 16:24:45.530,1.01481,1.01498,4.50,1.50
2011.02.25 16:24:49.730,1.0149,1.01498,2.25,1.50
2011.02.25 16:24:53.470,1.0149,1.015,2.25,1.69
2011.02.25 16:24:54.021,1.0149,1.01501,2.25,1.50
2011.02.25 16:24:54.350,1.01496,1.01502,2.25,1.50
2011.02.25 16:24:54.459,1.01496,1.01502,2.25,1.50
2011.02.25 16:24:54.682,1.0149,1.01499,1.50,1.69
2011.02.25 16:24:54.903,1.01485,1.01497,2.25,1.69
2011.02.25 16:24:55.470,1.01485,1.01496,2.25,1.69
2011.02.25 16:24:56.132,1.01485,1.01496,2.25,1.69
2011.02.25 16:24:57.012,1.0149,1.01497,2.25,1.73
2011.02.25 16:24:57.341,1.01486,1.01495,2.25,2.44
2011.02.25 16:25:00.952,1.01479,1.0149,1.50,1.69
2011.02.25 16:25:01.170,1.01475,1.01488,2.25,1.32
2011.02.25 16:25:01.722,1.01474,1.01488,2.37,2.82
2011.02.25 16:25:04.520,1.01475,1.01488,2.25,3.57
2011.02.25 16:25:06.189,1.01469,1.01479,4.62,1.69
2011.02.25 16:25:06.306,1.01467,1.01477,1.50,1.69
2011.02.25 16:25:06.423,1.01463,1.01477,3.87,1.50
2011.02.25 16:25:06.763,1.01468,1.0148,3.00,2.25
2011.02.25 16:25:07.610,1.01468,1.01481,3.00,2.44
2011.02.25 16:25:08.272,1.01468,1.01482,4.50,1.50
2011.02.25 16:25:08.600,1.01474,1.01484,2.25,1.50
2011.02.25 16:25:09.052,1.01478,1.01484,2.25,1.50
2011.02.25 16:25:09.272,1.01478,1.01486,2.25,1.50
2011.02.25 16:25:10.069,1.01478,1.01486,2.25,1.50
2011.02.25 16:25:10.296,1.01473,1.01485,2.25,1.69
2011.02.25 16:25:12.211,1.01473,1.01486,3.00,1.69
2011.02.25 16:25:12.322,1.01479,1.01486,2.25,1.50
2011.02.25 16:25:13.420,1.01479,1.01487,2.25,2.25
2011.02.25 16:25:13.971,1.01479,1.01489,2.25,1.50
2011.02.25 16:25:14.081,1.01479,1.01489,2.25,1.50
2011.02.25 16:25:15.690,1.01479,1.01489,2.25,1.13
2011.02.25 16:25:15.803,1.01479,1.01488,2.25,2.07
2011.02.25 16:25:16.021,1.01474,1.01487,2.25,1.69
2011.02.25 16:25:16.571,1.01474,1.01487,2.25,2.44
2011.02.25 16:25:17.562,1.01474,1.01486,2.25,1.69
2011.02.25 16:25:18.440,1.01474,1.01487,3.00,2.44
2011.02.25 16:25:19.317,1.01478,1.01488,2.25,1.50
2011.02.25 16:25:27.375,1.01478,1.0149,2.25,1.50
2011.02.25 16:25:27.712,1.01478,1.01488,2.25,1.50
2011.02.25 16:25:27.824,1.01473,1.01487,2.25,1.69
2011.02.25 16:25:28.380,1.01473,1.01487,3.00,1.69
2011.02.25 16:25:30.062,1.01473,1.01485,2.25,1.69
2011.02.25 16:25:30.832,1.01479,1.01487,2.25,1.50
2011.02.25 16:25:31.205,1.01479,1.01488,2.25,3.00
2011.02.25 16:25:34.142,1.01479,1.0149,2.25,5.25
2011.02.25 16:25:34.679,1.01479,1.01489,2.25,1.50
2011.02.25 16:25:35.860,1.01479,1.01487,2.25,2.25
2011.02.25 16:25:36.084,1.01473,1.01487,3.00,3.94
2011.02.25 16:25:36.750,1.01478,1.01487,1.13,3.19
2011.02.25 16:25:37.338,1.01477,1.01488,1.50,1.32
2011.02.25 16:25:37.574,1.0147,1.01484,2.25,1.50
2011.02.25 16:25:37.804,1.0147,1.01481,2.25,1.69
2011.02.25 16:25:38.361,1.01469,1.01481,2.25,2.44
2011.02.25 16:25:41.284,1.01471,1.01481,2.25,2.25
2011.02.25 16:25:41.622,1.01479,1.01486,2.25,1.50
2011.02.25 16:25:41.732,1.01479,1.01485,2.25,1.50
2011.02.25 16:25:41.842,1.01474,1.01485,2.25,1.50
2011.02.25 16:25:42.614,1.01474,1.01485,2.25,1.50
2011.02.25 16:25:45.341,1.01469,1.01485,3.12,1.69
2011.02.25 16:25:45.561,1.01469,1.01485,3.12,1.69
2011.02.25 16:25:47.422,1.01469,1.01485,3.00,3.94
2011.02.25 16:25:47.736,1.01466,1.01481,1.62,1.69
2011.02.25 16:25:48.365,1.01466,1.01481,1.62,1.69
2011.02.25 16:25:48.814,1.01466,1.01481,1.62,1.69
2011.02.25 16:25:49.152,1.01469,1.01484,3.00,3.00
2011.02.25 16:25:49.701,1.01469,1.01484,3.00,2.63
2011.02.25 16:25:49.814,1.01467,1.01483,1.62,1.69
2011.02.25 16:25:50.151,1.01466,1.01481,1.62,2.07
2011.02.25 16:25:50.486,1.01466,1.01479,1.62,2.07
2011.02.25 16:25:50.602,1.01465,1.01477,3.12,1.69
2011.02.25 16:25:50.711,1.01465,1.01481,6.87,3.94
2011.02.25 16:25:51.155,1.01465,1.0148,3.12,2.44
2011.02.25 16:25:51.600,1.01466,1.01484,3.12,3.00
2011.02.25 16:25:54.120,1.01466,1.01485,3.12,5.25
2011.02.25 16:25:57.620,1.01465,1.01485,2.37,4.50
2011.02.25 16:25:59.490,1.01464,1.01484,3.87,1.50
2011.02.25 16:25:59.710,1.01464,1.01484,3.87,1.50
2011.02.25 16:26:02.903,1.01474,1.01483,2.89,2.25
2011.02.25 16:26:03.122,1.01474,1.01487,2.30,1.50
2011.02.25 16:26:03.232,1.01474,1.01492,2.30,5.25
2011.02.25 16:26:03.687,1.01476,1.01492,1.62,1.50
2011.02.25 16:26:04.241,1.01476,1.01495,1.62,4.50
2011.02.25 16:26:04.794,1.01475,1.01491,1.62,1.50
2011.02.25 16:26:05.023,1.01473,1.0149,1.62,1.50
2011.02.25 16:26:05.136,1.01472,1.01487,2.37,1.50
2011.02.25 16:26:05.473,1.01471,1.01486,3.00,1.50
2011.02.25 16:26:05.803,1.01468,1.01486,6.12,1.50
2011.02.25 16:26:06.020,1.01468,1.01486,6.12,1.50
2011.02.25 16:26:10.350,1.01471,1.01486,2.25,2.25
2011.02.25 16:26:10.461,1.0148,1.01491,1.13,1.50
2011.02.25 16:26:10.793,1.01481,1.01493,3.87,1.50
2011.02.25 16:26:10.912,1.01478,1.01496,3.31,1.50
2011.02.25 16:26:11.021,1.01481,1.01497,3.12,3.00
2011.02.25 16:26:11.241,1.01481,1.01496,3.12,1.50
2011.02.25 16:26:11.789,1.01481,1.01496,2.37,3.00
2011.02.25 16:26:12.121,1.01478,1.01495,2.37,2.25
2011.02.25 16:26:12.670,1.01476,1.01494,5.00,1.50
2011.02.25 16:26:13.002,1.01476,1.01494,5.00,1.50
2011.02.25 16:26:13.397,1.01478,1.01493,1.62,2.25
2011.02.25 16:26:13.631,1.0148,1.01495,3.12,1.50
2011.02.25 16:26:13.743,1.0148,1.01495,3.00,2.25
2011.02.25 16:26:13.851,1.0148,1.01496,3.00,2.25
2011.02.25 16:26:13.961,1.0148,1.01495,3.00,1.50
2011.02.25 16:26:16.312,1.0148,1.01495,3.00,1.50
2011.02.25 16:26:16.420,1.0148,1.01495,3.00,2.25
2011.02.25 16:26:17.192,1.0148,1.01493,2.25,1.50
2011.02.25 16:26:17.739,1.01478,1.01495,1.62,3.75
2011.02.25 16:26:18.337,1.01475,1.0149,1.50,1.50
2011.02.25 16:26:18.675,1.0147,1.01487,2.00,2.44
2011.02.25 16:26:18.793,1.01475,1.01487,3.00,1.50
2011.02.25 16:26:19.014,1.01477,1.01488,1.88,1.50
2011.02.25 16:26:19.131,1.01471,1.01488,5.07,1.50
2011.02.25 16:26:19.243,1.01471,1.01489,4.62,2.25
2011.02.25 16:26:19.692,1.01471,1.01489,4.62,2.25
2011.02.25 16:26:20.024,1.01473,1.01489,3.31,1.50
2011.02.25 16:26:27.421,1.01471,1.01487,2.25,1.50
2011.02.25 16:26:28.300,1.0147,1.01488,3.12,3.00
2011.02.25 16:26:28.795,1.01486,1.01491,3.75,1.50
2011.02.25 16:26:28.916,1.0149,1.01504,1.50,1.50
2011.02.25 16:26:29.033,1.01494,1.01504,1.50,1.50
2011.02.25 16:26:29.272,1.01494,1.01509,1.50,2.25
2011.02.25 16:26:29.710,1.01491,1.01508,3.12,1.50
2011.02.25 16:26:30.260,1.01491,1.01508,3.12,1.50
2011.02.25 16:26:31.142,1.01491,1.01508,3.12,1.50
2011.02.25 16:26:32.349,1.01491,1.01508,2.37,1.50
2011.02.25 16:26:32.900,1.01488,1.01502,2.37,1.13
2011.02.25 16:26:33.450,1.01488,1.01501,4.62,1.05
2011.02.25 16:26:33.894,1.01487,1.01501,1.62,1.13
2011.02.25 16:26:34.289,1.01486,1.015,2.75,1.13
2011.02.25 16:26:34.410,1.01476,1.01491,1.62,1.69
2011.02.25 16:26:34.525,1.01475,1.01488,3.12,1.50
2011.02.25 16:26:34.646,1.01471,1.01487,8.25,1.50
2011.02.25 16:26:34.872,1.01471,1.01487,6.75,1.50
2011.02.25 16:26:35.202,1.01473,1.01488,2.37,1.50
2011.02.25 16:26:35.570,1.01473,1.01488,2.37,2.25
2011.02.25 16:26:36.230,1.01472,1.0149,5.00,2.25
2011.02.25 16:26:36.563,1.01477,1.0149,1.13,1.50
2011.02.25 16:26:36.891,1.01481,1.01493,2.25,2.25
2011.02.25 16:26:37.003,1.01481,1.01495,3.00,1.50
2011.02.25 16:26:37.550,1.01481,1.01496,2.25,2.25
2011.02.25 16:26:38.136,1.01481,1.01491,2.25,1.50
2011.02.25 16:26:38.255,1.01477,1.01491,1.50,1.50
2011.02.25 16:26:40.793,1.01478,1.01493,2.44,2.25
2011.02.25 16:26:41.121,1.01481,1.01496,2.25,1.50
2011.02.25 16:26:41.890,1.01481,1.01497,2.25,2.25
2011.02.25 16:26:44.332,1.01481,1.01497,2.25,1.50
2011.02.25 16:26:44.661,1.01486,1.01499,1.50,1.50
2011.02.25 16:26:45.102,1.01491,1.01502,1.50,4.50
2011.02.25 16:26:45.218,1.01491,1.01504,1.50,1.50
2011.02.25 16:26:46.331,1.01492,1.01506,1.50,2.25
2011.02.25 16:26:46.660,1.01492,1.01506,2.25,1.50
2011.02.25 16:26:49.465,1.01491,1.01506,2.25,1.50
2011.02.25 16:26:50.732,1.01491,1.01506,2.25,1.50
2011.02.25 16:26:50.843,1.01496,1.01508,1.50,1.50
2011.02.25 16:26:50.953,1.01496,1.0151,2.25,1.50
2011.02.25 16:26:51.061,1.015,1.0151,1.50,1.50
2011.02.25 16:26:51.392,1.01497,1.01507,1.62,3.94
2011.02.25 16:26:51.613,1.01497,1.0151,1.50,1.50
2011.02.25 16:26:52.160,1.01497,1.01511,1.50,1.69
2011.02.25 16:26:52.677,1.01499,1.01511,1.50,1.50
2011.02.25 16:26:53.232,1.01499,1.01513,2.25,2.25
2011.02.25 16:26:54.302,1.015,1.01514,2.37,2.25
2011.02.25 16:26:55.671,1.01501,1.01514,1.50,2.25
2011.02.25 16:26:55.891,1.01501,1.01514,1.50,3.00
2011.02.25 16:26:57.530,1.015,1.01514,1.50,3.00
2011.02.25 16:26:57.970,1.01498,1.01512,1.50,1.50
2011.02.25 16:26:58.520,1.01498,1.01512,2.25,1.50
2011.02.25 16:26:59.031,1.01498,1.01513,2.25,3.00
2011.02.25 16:27:01.020,1.01498,1.01512,2.25,1.50
2011.02.25 16:27:01.701,1.01497,1.01512,2.37,1.50
2011.02.25 16:27:06.391,1.01499,1.01511,1.50,1.69
2011.02.25 16:27:06.504,1.01497,1.01511,2.25,1.69
2011.02.25 16:27:06.730,1.01497,1.0151,1.50,1.50
2011.02.25 16:27:06.844,1.01495,1.01508,1.50,1.50
2011.02.25 16:27:07.401,1.01494,1.01508,2.25,1.50
2011.02.25 16:27:09.052,1.01494,1.01504,1.50,1.50
2011.02.25 16:27:09.161,1.01492,1.01504,1.50,1.50
2011.02.25 16:27:09.809,1.01491,1.01504,1.50,1.50
2011.02.25 16:27:10.993,1.01491,1.01507,2.25,6.00
2011.02.25 16:27:13.291,1.01494,1.01508,1.50,1.50
2011.02.25 16:27:15.282,1.01497,1.01509,1.50,1.50
2011.02.25 16:27:15.613,1.015,1.01514,2.25,1.50
2011.02.25 16:27:15.720,1.01502,1.01514,1.50,1.50
2011.02.25 16:27:16.446,1.015,1.01515,2.25,1.50
2011.02.25 16:27:17.002,1.01502,1.01516,1.50,1.50
2011.02.25 16:27:17.112,1.01502,1.01517,1.62,1.50
2011.02.25 16:27:17.672,1.01502,1.01517,2.37,1.50
2011.02.25 16:27:18.222,1.01501,1.01517,2.37,1.50
2011.02.25 16:27:19.141,1.01505,1.0152,2.25,1.50
2011.02.25 16:27:19.253,1.01505,1.01521,3.12,1.50
2011.02.25 16:27:19.480,1.01507,1.01523,2.25,1.50
2011.02.25 16:27:19.592,1.01507,1.01523,2.37,1.50
2011.02.25 16:27:19.810,1.01508,1.01523,2.25,1.50
2011.02.25 16:27:20.830,1.01508,1.01523,2.25,1.50
2011.02.25 16:27:21.382,1.01508,1.01524,2.25,3.75
2011.02.25 16:27:21.822,1.01507,1.01521,1.62,3.19
2011.02.25 16:27:23.811,1.01505,1.01521,2.37,4.69
2011.02.25 16:27:24.032,1.01505,1.01521,2.37,4.69
2011.02.25 16:27:24.825,1.01505,1.01521,2.37,5.44
2011.02.25 16:27:26.251,1.01504,1.0152,1.62,1.50
2011.02.25 16:27:26.581,1.01504,1.01518,1.50,1.50
2011.02.25 16:27:26.802,1.01502,1.01518,1.62,1.50
2011.02.25 16:27:27.021,1.01502,1.01518,1.62,1.50
2011.02.25 16:27:27.682,1.01502,1.01517,1.62,1.50
2011.02.25 16:27:29.841,1.01501,1.01515,1.50,2.25
2011.02.25 16:27:30.393,1.01501,1.01514,1.50,1.50
2011.02.25 16:27:30.502,1.01499,1.01515,2.25,2.25
2011.02.25 16:27:31.252,1.01499,1.01513,1.50,1.69
2011.02.25 16:27:31.802,1.01497,1.01511,1.62,4.50
2011.02.25 16:27:31.911,1.01496,1.01511,1.50,4.50
2011.02.25 16:27:32.241,1.01495,1.0151,1.50,1.50
2011.02.25 16:27:36.543,1.01495,1.01511,2.37,2.25
2011.02.25 16:27:36.982,1.01499,1.01514,2.25,1.50
2011.02.25 16:27:37.531,1.01501,1.01514,1.50,1.50
2011.02.25 16:27:39.420,1.01497,1.01516,3.87,2.25
2011.02.25 16:27:39.973,1.01496,1.01513,4.62,1.50
2011.02.25 16:27:40.481,1.01496,1.01512,4.62,1.50
2011.02.25 16:27:40.814,1.01497,1.01506,1.50,3.00
2011.02.25 16:27:41.043,1.0149,1.01506,1.62,3.00
2011.02.25 16:27:41.272,1.0149,1.01506,1.62,3.00
2011.02.25 16:27:41.496,1.01495,1.01507,1.13,1.50
2011.02.25 16:27:42.050,1.01494,1.0151,7.25,2.25
2011.02.25 16:27:42.163,1.01494,1.0151,7.25,2.25
2011.02.25 16:27:42.271,1.01494,1.0151,6.87,2.25
2011.02.25 16:27:42.491,1.01494,1.0151,7.06,2.25
2011.02.25 16:27:43.042,1.01494,1.0151,2.37,1.50
2011.02.25 16:27:43.590,1.01494,1.01511,2.37,1.50
2011.02.25 16:27:45.031,1.01493,1.0151,5.37,1.50
2011.02.25 16:27:45.560,1.01493,1.0151,4.62,1.50
2011.02.25 16:27:46.574,1.01493,1.01512,4.62,6.75
2011.02.25 16:27:55.961,1.01493,1.01509,4.62,1.50
2011.02.25 16:27:59.650,1.01492,1.0151,2.37,1.50
2011.02.25 16:28:00.202,1.01493,1.01509,4.62,1.50
2011.02.25 16:28:00.750,1.01493,1.01511,4.62,1.50
2011.02.25 16:28:02.450,1.01493,1.01509,4.62,1.50
2011.02.25 16:28:03.000,1.01493,1.01511,4.62,1.50
2011.02.25 16:28:03.554,1.01492,1.01509,6.12,1.50
2011.02.25 16:28:04.095,1.0149,1.01508,5.37,1.50
2011.02.25 16:28:06.171,1.01491,1.01508,3.87,1.50
2011.02.25 16:28:06.721,1.0149,1.01506,1.62,3.19
2011.02.25 16:28:08.151,1.01488,1.01504,3.12,1.50
2011.02.25 16:28:08.812,1.01488,1.01505,3.12,1.50
2011.02.25 16:28:14.971,1.01491,1.01506,4.50,3.94
2011.02.25 16:28:15.190,1.01491,1.01506,4.50,1.50
2011.02.25 16:28:15.744,1.01492,1.01507,4.50,1.50
2011.02.25 16:28:16.229,1.0149,1.01507,1.62,3.94
2011.02.25 16:28:16.454,1.01489,1.01506,4.06,1.50
2011.02.25 16:28:16.791,1.01489,1.01506,5.56,1.50
2011.02.25 16:28:18.001,1.01489,1.01507,5.56,3.00
2011.02.25 16:28:18.843,1.01489,1.01507,5.56,2.25
2011.02.25 16:28:23.142,1.01493,1.01507,4.50,1.50
2011.02.25 16:28:23.251,1.01493,1.01509,4.50,2.25
2011.02.25 16:28:23.824,1.01493,1.01509,4.50,1.50
2011.02.25 16:28:24.370,1.01493,1.01509,4.50,1.50
2011.02.25 16:28:24.892,1.01494,1.0151,1.69,1.50
2011.02.25 16:28:25.007,1.01494,1.01511,1.50,1.69
2011.02.25 16:28:25.452,1.01495,1.01511,2.25,2.25
2011.02.25 16:28:25.783,1.01493,1.0151,6.87,1.50
2011.02.25 16:28:26.331,1.01494,1.0151,4.50,1.50
2011.02.25 16:28:27.211,1.01492,1.01509,6.12,2.25
2011.02.25 16:28:30.102,1.01492,1.01508,6.12,1.50
2011.02.25 16:28:30.321,1.01494,1.01508,3.75,1.50
2011.02.25 16:28:30.857,1.01493,1.01509,4.50,2.25
2011.02.25 16:28:31.740,1.01494,1.01511,6.00,5.44
2011.02.25 16:28:33.211,1.01494,1.01511,4.50,3.19
2011.02.25 16:28:33.432,1.01495,1.01512,3.00,1.50
2011.02.25 16:28:33.764,1.01494,1.0151,6.75,1.50
2011.02.25 16:28:33.992,1.01495,1.01507,1.50,1.50
2011.02.25 16:28:34.458,1.01495,1.01504,1.50,1.50
2011.02.25 16:28:35.024,1.01487,1.01498,1.50,1.69
2011.02.25 16:28:35.255,1.01482,1.01492,1.50,2.44
2011.02.25 16:28:35.371,1.01477,1.01491,2.37,2.44
2011.02.25 16:28:35.591,1.01475,1.01491,2.25,1.69
2011.02.25 16:28:35.921,1.01481,1.01491,1.50,1.69
2011.02.25 16:28:36.146,1.01477,1.01494,4.13,2.25
2011.02.25 16:28:36.485,1.01488,1.01494,1.50,1.50
2011.02.25 16:28:36.714,1.01486,1.01496,2.25,1.50
2011.02.25 16:28:36.833,1.01486,1.01499,2.25,2.25
2011.02.25 16:28:37.175,1.01481,1.01498,3.12,1.50
2011.02.25 16:28:37.783,1.01481,1.01497,3.12,2.25
2011.02.25 16:28:41.641,1.01481,1.01496,2.25,1.50
2011.02.25 16:28:41.860,1.01478,1.01493,1.62,1.50
2011.02.25 16:28:42.411,1.01476,1.01492,2.37,1.69
2011.02.25 16:28:42.960,1.0148,1.01494,3.00,1.50
2011.02.25 16:28:49.701,1.0148,1.01495,3.00,1.50
2011.02.25 16:28:50.034,1.01482,1.01498,6.00,2.25
2011.02.25 16:28:50.262,1.01484,1.01499,1.50,2.25
2011.02.25 16:28:50.804,1.01482,1.01498,6.87,2.25
2011.02.25 16:28:52.471,1.01483,1.01498,3.87,2.25
2011.02.25 16:28:54.412,1.01482,1.01498,6.12,2.25
2011.02.25 16:28:54.972,1.01482,1.01498,6.12,1.50
2011.02.25 16:28:55.520,1.01483,1.01498,4.62,2.25
2011.02.25 16:28:56.431,1.01483,1.01498,4.62,1.50
2011.02.25 16:28:56.981,1.01483,1.01498,4.62,2.25
2011.02.25 16:28:57.531,1.01482,1.01498,6.87,2.25
2011.02.25 16:28:59.644,1.0148,1.01497,4.62,1.50
2011.02.25 16:29:00.025,1.0148,1.01494,4.50,1.50
2011.02.25 16:29:00.355,1.01476,1.01491,3.00,1.50
2011.02.25 16:29:00.575,1.01476,1.0149,1.50,1.50
2011.02.25 16:29:00.686,1.01471,1.01489,8.37,1.50
2011.02.25 16:29:00.795,1.01471,1.01489,3.12,1.50
2011.02.25 16:29:01.344,1.01471,1.01487,3.12,1.50
2011.02.25 16:29:02.666,1.01471,1.01487,7.25,1.50
2011.02.25 16:29:02.994,1.01477,1.01492,1.50,2.25
2011.02.25 16:29:03.546,1.01481,1.01494,2.25,1.50
2011.02.25 16:29:06.656,1.01481,1.01495,3.00,1.50
2011.02.25 16:29:07.206,1.01481,1.01495,2.25,1.50
2011.02.25 16:29:07.785,1.01478,1.01492,1.50,1.50
2011.02.25 16:29:08.405,1.01476,1.01491,2.25,1.50
2011.02.25 16:29:08.924,1.01476,1.0149,2.25,1.50
2011.02.25 16:29:09.364,1.01472,1.0149,2.37,1.69
2011.02.25 16:29:09.695,1.01485,1.01498,3.00,1.50
2011.02.25 16:29:10.134,1.01485,1.015,3.00,1.50
2011.02.25 16:29:10.701,1.01485,1.01502,3.75,2.25
2011.02.25 16:29:10.830,1.01488,1.01502,2.25,1.50
2011.02.25 16:29:12.085,1.01485,1.01502,5.25,1.50
2011.02.25 16:29:12.968,1.01485,1.01502,5.25,1.50
2011.02.25 16:29:13.195,1.01483,1.015,5.37,1.69
2011.02.25 16:29:13.305,1.01483,1.01498,5.25,1.50
2011.02.25 16:29:13.526,1.01481,1.01496,2.37,1.69
2011.02.25 16:29:13.745,1.01483,1.01497,2.25,1.69
2011.02.25 16:29:13.857,1.01486,1.01501,3.00,1.50
2011.02.25 16:29:13.976,1.01486,1.01499,2.25,1.50
2011.02.25 16:29:14.524,1.01484,1.01499,1.50,1.50
2011.02.25 16:29:15.895,1.01486,1.01501,3.00,1.50
2011.02.25 16:29:17.215,1.01486,1.015,3.00,1.69
2011.02.25 16:29:17.764,1.01484,1.01499,2.25,1.50
2011.02.25 16:29:20.237,1.01486,1.01501,1.50,1.69
2011.02.25 16:29:20.725,1.01486,1.01504,5.37,1.50
2011.02.25 16:29:25.525,1.01485,1.01503,2.37,2.07
2011.02.25 16:29:25.635,1.01485,1.01501,2.25,2.44
2011.02.25 16:29:28.718,1.01489,1.01502,2.25,1.50
2011.02.25 16:29:29.549,1.0149,1.01504,1.50,1.50
2011.02.25 16:29:29.665,1.0149,1.01504,1.50,1.50
2011.02.25 16:29:29.886,1.0149,1.01504,2.25,1.50
2011.02.25 16:29:30.105,1.0149,1.01502,3.75,1.50
2011.02.25 16:29:33.904,1.0149,1.01501,2.25,3.75
2011.02.25 16:29:34.532,1.0149,1.01502,2.25,4.50
2011.02.25 16:29:35.315,1.0149,1.01501,2.25,3.75
2011.02.25 16:29:35.864,1.01489,1.01503,2.25,4.50
2011.02.25 16:29:37.926,1.01489,1.01503,1.50,1.50
2011.02.25 16:29:38.475,1.01487,1.01503,3.87,4.50
2011.02.25 16:29:39.134,1.01487,1.01503,2.37,1.50
2011.02.25 16:29:40.254,1.01487,1.01504,2.37,6.75
2011.02.25 16:29:41.134,1.01487,1.01504,2.37,1.50
2011.02.25 16:29:41.729,1.01487,1.01504,2.37,1.50
2011.02.25 16:29:41.955,1.01488,1.01505,2.37,2.25
2011.02.25 16:29:43.833,1.01488,1.01505,2.37,2.25
2011.02.25 16:29:44.385,1.01488,1.01505,2.37,2.25
2011.02.25 16:29:44.605,1.01488,1.01505,2.37,2.25
2011.02.25 16:29:45.228,1.01488,1.01505,4.62,2.25
2011.02.25 16:29:45.455,1.01487,1.01504,2.25,2.25
2011.02.25 16:29:45.985,1.01487,1.01501,2.25,1.13
2011.02.25 16:29:46.101,1.01478,1.01495,2.37,1.50
2011.02.25 16:29:46.325,1.01478,1.01495,2.37,1.50
2011.02.25 16:29:47.206,1.01477,1.01494,2.37,1.69
2011.02.25 16:29:47.426,1.01476,1.01489,2.25,1.50
2011.02.25 16:29:47.535,1.01473,1.01489,1.50,1.50
2011.02.25 16:29:48.416,1.01474,1.0149,1.50,2.25
2011.02.25 16:29:48.976,1.01475,1.0149,3.75,1.50
2011.02.25 16:29:49.087,1.01476,1.01492,3.00,2.25
2011.02.25 16:29:49.195,1.01476,1.01492,3.00,2.25
2011.02.25 16:29:49.525,1.01479,1.01495,1.50,2.25
2011.02.25 16:29:50.125,1.01479,1.01494,1.50,1.50
2011.02.25 16:29:51.447,1.01479,1.01494,1.50,1.50
2011.02.25 16:29:51.776,1.01479,1.01495,1.50,1.50
2011.02.25 16:29:52.214,1.01479,1.01497,1.50,4.69
2011.02.25 16:29:52.984,1.01481,1.01497,1.62,2.44
2011.02.25 16:29:53.205,1.01481,1.01497,1.62,2.44
2011.02.25 16:29:53.755,1.0148,1.01497,2.37,3.19
2011.02.25 16:29:54.306,1.01484,1.01497,1.50,2.25
2011.02.25 16:29:54.527,1.01482,1.01497,1.50,1.69
2011.02.25 16:29:55.069,1.01481,1.01497,1.62,3.19
2011.02.25 16:29:55.521,1.01481,1.01497,1.62,2.25
2011.02.25 16:29:56.093,1.01482,1.01497,1.50,1.50
2011.02.25 16:29:56.974,1.01483,1.01497,1.50,1.50
2011.02.25 16:30:00.728,1.01481,1.01499,3.87,3.00
2011.02.25 16:30:01.504,1.01482,1.01499,3.00,2.25
2011.02.25 16:30:02.054,1.01482,1.01498,1.50,1.50
2011.02.25 16:30:02.604,1.01481,1.01498,3.87,3.00
2011.02.25 16:30:03.155,1.01482,1.01498,1.50,3.00
2011.02.25 16:30:03.486,1.01487,1.01498,1.50,2.25
2011.02.25 16:30:03.816,1.01483,1.01499,1.20,1.50
2011.02.25 16:30:03.925,1.01482,1.01498,1.50,1.50
2011.02.25 16:30:04.915,1.01482,1.01498,1.50,1.50
2011.02.25 16:30:05.464,1.01482,1.01499,2.37,2.25
2011.02.25 16:30:07.034,1.01482,1.01499,2.37,6.00
2011.02.25 16:30:07.586,1.01482,1.01499,2.37,2.25
2011.02.25 16:30:09.354,1.01485,1.01499,1.62,2.25
2011.02.25 16:30:09.904,1.01485,1.015,1.62,2.25
2011.02.25 16:30:11.878,1.01486,1.015,1.50,1.50
2011.02.25 16:30:11.996,1.01485,1.015,1.62,1.50
2011.02.25 16:30:16.556,1.01486,1.01501,1.50,1.69
2011.02.25 16:30:17.267,1.01485,1.015,1.62,1.50
2011.02.25 16:30:18.195,1.01488,1.01505,1.62,3.75
2011.02.25 16:30:18.645,1.01488,1.01505,1.62,3.75
2011.02.25 16:30:19.015,1.01488,1.01505,1.62,3.75
2011.02.25 16:30:19.744,1.01487,1.01505,2.37,3.75
2011.02.25 16:30:20.303,1.01488,1.01505,1.62,3.75
2011.02.25 16:30:20.633,1.01488,1.01505,1.62,3.75
2011.02.25 16:30:21.185,1.01487,1.01503,2.37,1.50
2011.02.25 16:30:21.295,1.01487,1.01504,2.37,2.25
2011.02.25 16:30:22.174,1.01487,1.01503,1.62,2.25
2011.02.25 16:30:22.614,1.01488,1.01505,1.62,1.73
2011.02.25 16:30:22.725,1.01489,1.01505,1.50,1.50
2011.02.25 16:30:23.428,1.01489,1.01506,1.62,2.25
2011.02.25 16:30:23.552,1.0149,1.01506,3.12,1.13
2011.02.25 16:30:25.466,1.0149,1.01506,3.12,1.50
2011.02.25 16:30:26.023,1.01491,1.01507,1.62,3.38
2011.02.25 16:30:27.427,1.01491,1.01507,1.62,1.13
2011.02.25 16:30:28.476,1.0149,1.01506,3.87,1.50
2011.02.25 16:30:28.694,1.0149,1.01506,3.87,1.50
2011.02.25 16:30:30.214,1.0149,1.01506,3.87,1.13
2011.02.25 16:30:30.544,1.0149,1.01506,3.87,1.88
2011.02.25 16:30:31.473,1.0149,1.01506,3.87,1.88
2011.02.25 16:30:34.420,1.01491,1.01507,1.62,1.88
2011.02.25 16:30:34.973,1.01491,1.01508,1.62,1.50
2011.02.25 16:30:36.274,1.01491,1.01507,1.62,1.50
2011.02.25 16:30:36.874,1.01491,1.01506,1.62,1.50
2011.02.25 16:30:37.424,1.01491,1.01507,1.62,1.50
2011.02.25 16:30:39.915,1.01491,1.01508,1.62,1.50
2011.02.25 16:30:40.361,1.01491,1.01508,2.37,2.25
2011.02.25 16:30:40.585,1.01491,1.01508,2.37,3.00
2011.02.25 16:30:41.135,1.01491,1.01508,2.37,2.25
2011.02.25 16:30:41.945,1.01503,1.01508,3.75,2.25
2011.02.25 16:30:42.167,1.01503,1.0151,3.90,1.88
2011.02.25 16:30:42.278,1.01504,1.01514,4.65,2.25
2011.02.25 16:30:42.388,1.01507,1.01521,1.62,3.75
2011.02.25 16:30:42.616,1.01509,1.01524,1.50,2.25
2011.02.25 16:30:43.227,1.01509,1.01525,1.50,3.19
2011.02.25 16:30:43.457,1.01511,1.01528,1.50,2.25
2011.02.25 16:30:43.565,1.01521,1.01528,3.75,2.25
2011.02.25 16:30:43.675,1.01521,1.0153,3.75,1.50
2011.02.25 16:30:43.790,1.01523,1.01533,3.75,2.25
2011.02.25 16:30:43.908,1.01524,1.0154,4.50,3.00
2011.02.25 16:30:44.136,1.01524,1.01541,1.62,1.69
2011.02.25 16:30:44.729,1.01525,1.01541,1.62,1.69
2011.02.25 16:30:44.956,1.01523,1.01538,1.62,1.50
2011.02.25 16:30:45.505,1.01522,1.01538,5.37,1.50
2011.02.25 16:30:45.949,1.01521,1.01538,3.12,1.69
2011.02.25 16:30:46.283,1.01518,1.01536,3.87,1.69
2011.02.25 16:30:47.554,1.01518,1.01536,2.37,3.27
2011.02.25 16:30:48.224,1.01518,1.01536,2.37,1.77
2011.02.25 16:30:51.004,1.01518,1.01535,2.37,1.69
2011.02.25 16:30:51.597,1.01518,1.01533,2.37,2.25
2011.02.25 16:30:51.935,1.0152,1.01533,1.50,1.50
2011.02.25 16:30:52.045,1.0152,1.01533,1.50,1.50
2011.02.25 16:30:52.594,1.01521,1.01533,1.50,1.50
2011.02.25 16:30:52.706,1.01521,1.01533,1.50,1.69
2011.02.25 16:30:52.925,1.01518,1.01531,2.25,3.19
2011.02.25 16:30:54.024,1.01517,1.01531,1.50,3.19
2011.02.25 16:30:54.575,1.01518,1.01531,1.50,3.19
2011.02.25 16:30:56.334,1.01516,1.01531,1.50,3.19
2011.02.25 16:30:57.983,1.01516,1.01529,1.50,1.50
2011.02.25 16:30:58.436,1.01516,1.01529,2.25,1.50
2011.02.25 16:30:58.986,1.01517,1.01532,2.25,1.50
2011.02.25 16:30:59.320,1.01517,1.01532,2.25,1.50
2011.02.25 16:30:59.657,1.01513,1.01528,3.00,1.50
2011.02.25 16:30:59.768,1.01513,1.01528,2.25,1.50
2011.02.25 16:31:01.566,1.01512,1.01528,3.00,1.65
2011.02.25 16:31:01.897,1.01509,1.01522,2.25,3.19
2011.02.25 16:31:02.444,1.01509,1.0152,1.50,1.50
2011.02.25 16:31:02.555,1.01505,1.0152,2.37,1.50
2011.02.25 16:31:08.644,1.01504,1.01522,2.37,3.94
2011.02.25 16:31:09.194,1.01503,1.0152,2.37,1.50
2011.02.25 16:31:09.968,1.01506,1.01521,1.50,3.19
2011.02.25 16:31:10.524,1.01507,1.01522,1.50,1.50
2011.02.25 16:31:11.074,1.01507,1.01522,1.50,2.25
2011.02.25 16:31:11.644,1.01507,1.01521,1.50,1.50
2011.02.25 16:31:12.194,1.01507,1.01522,1.50,2.25
2011.02.25 16:31:12.744,1.01505,1.0152,3.87,1.50
2011.02.25 16:31:14.634,1.01505,1.0152,3.12,1.50
2011.02.25 16:31:14.745,1.01505,1.0152,2.37,1.50
2011.02.25 16:31:15.074,1.01503,1.0152,3.87,1.50
2011.02.25 16:31:15.865,1.01503,1.0152,3.00,2.25
2011.02.25 16:31:16.414,1.01503,1.01519,2.25,1.50
2011.02.25 16:31:17.297,1.01503,1.01519,3.00,1.50
2011.02.25 16:31:17.415,1.01505,1.0152,2.25,1.50
2011.02.25 16:31:17.965,1.01505,1.0152,2.37,1.50
2011.02.25 16:31:18.944,1.01505,1.0152,1.62,1.50
2011.02.25 16:31:19.745,1.01504,1.01519,1.50,1.50
2011.02.25 16:31:20.075,1.01503,1.01519,1.50,1.50
2011.02.25 16:31:20.294,1.01502,1.01519,1.50,1.50
2011.02.25 16:31:20.844,1.015,1.01518,3.12,2.25
2011.02.25 16:31:21.394,1.01503,1.01518,1.50,2.25
2011.02.25 16:31:21.946,1.01505,1.01518,2.25,1.50
2011.02.25 16:31:22.337,1.01505,1.01521,4.62,2.25
2011.02.25 16:31:22.577,1.01511,1.01523,2.25,1.50
2011.02.25 16:31:22.807,1.01507,1.01521,2.25,2.44
2011.02.25 16:31:23.355,1.01504,1.01521,6.12,2.44
2011.02.25 16:31:24.116,1.01504,1.01521,6.87,3.19
2011.02.25 16:31:25.766,1.01507,1.01521,1.50,2.25
2011.02.25 16:31:26.094,1.01505,1.01521,3.87,1.50
2011.02.25 16:31:26.425,1.01504,1.01521,3.00,1.69
2011.02.25 16:31:26.535,1.01504,1.01521,1.50,1.69
2011.02.25 16:31:27.085,1.01504,1.01521,2.25,2.44
2011.02.25 16:31:27.414,1.01504,1.01521,2.25,1.69
2011.02.25 16:31:27.635,1.01505,1.01519,3.75,1.50
2011.02.25 16:31:28.514,1.01506,1.0152,2.25,1.50
2011.02.25 16:31:28.955,1.01506,1.01523,3.00,2.25
2011.02.25 16:31:29.175,1.01506,1.01523,3.00,1.50
2011.02.25 16:31:29.681,1.0151,1.01527,3.00,3.19
2011.02.25 16:31:29.801,1.01514,1.01529,1.50,6.75
2011.02.25 16:31:30.137,1.01512,1.01528,3.12,1.50
2011.02.25 16:31:31.455,1.01511,1.01527,1.62,1.50
2011.02.25 16:31:31.784,1.01511,1.01528,1.50,1.50
2011.02.25 16:31:33.617,1.0151,1.01528,3.00,1.50
2011.02.25 16:31:33.737,1.0151,1.01528,3.00,1.50
2011.02.25 16:31:34.175,1.0151,1.01526,3.00,1.05
2011.02.25 16:31:35.094,1.0151,1.01528,3.00,1.50
2011.02.25 16:31:36.764,1.0151,1.01524,2.37,1.50
2011.02.25 16:31:36.987,1.0151,1.01524,2.37,1.50
2011.02.25 16:31:37.315,1.0151,1.01526,3.12,1.50
2011.02.25 16:31:38.296,1.0151,1.01524,2.37,1.50
2011.02.25 16:31:38.514,1.0151,1.01525,3.12,1.50
2011.02.25 16:31:39.174,1.0151,1.01525,2.37,1.50
2011.02.25 16:31:39.505,1.01508,1.01525,2.25,1.50
2011.02.25 16:31:40.055,1.01507,1.01525,2.37,2.25
2011.02.25 16:31:40.384,1.01507,1.01525,2.37,1.50
2011.02.25 16:31:40.625,1.01507,1.01525,2.37,1.50
2011.02.25 16:31:40.844,1.01507,1.01522,1.62,1.50
2011.02.25 16:31:41.066,1.01504,1.0152,3.12,1.50
2011.02.25 16:31:41.505,1.01504,1.0152,2.37,1.50
2011.02.25 16:31:42.015,1.01503,1.01518,2.25,1.50
2011.02.25 16:31:42.566,1.01503,1.01518,1.50,1.50
2011.02.25 16:31:43.465,1.01506,1.0152,1.50,1.50
2011.02.25 16:31:43.684,1.01506,1.0152,1.50,2.25
2011.02.25 16:31:46.556,1.01503,1.01519,2.25,1.50
2011.02.25 16:31:46.775,1.01503,1.0152,2.25,2.25
2011.02.25 16:31:47.594,1.01503,1.0152,2.25,2.25
2011.02.25 16:31:48.284,1.01503,1.01518,1.50,1.50
2011.02.25 16:31:48.814,1.01503,1.0152,2.37,1.50
2011.02.25 16:31:49.364,1.01503,1.01521,2.37,2.44
2011.02.25 16:31:52.054,1.01503,1.01521,2.37,1.69
2011.02.25 16:31:52.386,1.01507,1.01524,2.37,1.50
2011.02.25 16:31:52.605,1.01509,1.01526,2.37,1.69
2011.02.25 16:31:53.046,1.01512,1.01529,2.25,1.50
2011.02.25 16:31:53.376,1.01517,1.01532,1.50,1.50
2011.02.25 16:31:53.705,1.01517,1.01533,1.62,3.38
2011.02.25 16:31:54.284,1.01518,1.01532,1.50,2.25
2011.02.25 16:31:54.854,1.01518,1.01532,2.25,2.25
2011.02.25 16:31:55.406,1.01516,1.01532,1.62,2.44
2011.02.25 16:31:55.627,1.01514,1.01531,3.12,1.69
2011.02.25 16:31:55.848,1.01512,1.01529,1.62,2.82
2011.02.25 16:31:55.966,1.01511,1.01528,2.25,1.69
2011.02.25 16:31:56.571,1.01509,1.01527,3.12,2.44
2011.02.25 16:31:56.906,1.0151,1.01527,1.62,1.69
2011.02.25 16:31:57.237,1.01512,1.01527,2.37,1.50
2011.02.25 16:31:57.567,1.01515,1.01531,3.00,5.25
2011.02.25 16:31:57.675,1.01515,1.0153,2.25,1.50
2011.02.25 16:31:58.227,1.01515,1.01531,3.12,1.50
2011.02.25 16:31:58.335,1.01515,1.01533,3.12,3.75
2011.02.25 16:31:58.963,1.01521,1.01532,1.62,1.50
2011.02.25 16:31:59.626,1.0152,1.01534,1.62,3.00
2011.02.25 16:31:59.956,1.01519,1.01534,1.62,3.57
2011.02.25 16:32:00.516,1.01518,1.01531,3.12,1.69
2011.02.25 16:32:03.285,1.01517,1.0153,1.62,3.75
2011.02.25 16:32:03.396,1.01516,1.0153,1.62,4.50
2011.02.25 16:32:04.054,1.01516,1.0153,1.62,3.75
2011.02.25 16:32:04.606,1.01514,1.01531,3.12,5.44
2011.02.25 16:32:05.221,1.01514,1.01528,3.12,3.75
2011.02.25 16:32:05.446,1.01514,1.0153,1.62,4.50
2011.02.25 16:32:05.775,1.01514,1.01528,1.62,3.75
2011.02.25 16:32:06.246,1.01513,1.01528,3.12,3.75
2011.02.25 16:32:08.904,1.01513,1.0153,1.62,3.00
2011.02.25 16:32:09.455,1.01513,1.01528,1.62,1.50
2011.02.25 16:32:10.005,1.01513,1.01527,1.50,3.00
2011.02.25 16:32:10.335,1.01511,1.01527,3.87,3.00
2011.02.25 16:32:10.775,1.01511,1.01527,3.12,2.25
2011.02.25 16:32:13.694,1.01511,1.01527,3.12,2.25
2011.02.25 16:32:14.496,1.01511,1.01527,3.12,2.25
2011.02.25 16:32:16.475,1.01511,1.01527,3.12,2.25
2011.02.25 16:32:17.264,1.01511,1.01527,2.37,3.00
2011.02.25 16:32:17.925,1.0151,1.01526,1.62,2.25
2011.02.25 16:32:18.476,1.0151,1.01526,3.00,1.50
2011.02.25 16:32:18.805,1.01507,1.01525,2.37,3.00
2011.02.25 16:32:19.026,1.01511,1.01525,2.25,3.00
2011.02.25 16:32:19.575,1.01511,1.01526,3.00,3.00
2011.02.25 16:32:25.437,1.01511,1.01525,3.00,1.50
2011.02.25 16:32:27.342,1.01505,1.01519,2.25,1.50
2011.02.25 16:32:27.894,1.01504,1.01519,1.50,2.25
2011.02.25 16:32:28.225,1.01504,1.01517,1.50,1.50
2011.02.25 16:32:28.832,1.015,1.01514,5.25,1.50
2011.02.25 16:32:29.276,1.015,1.01513,2.25,1.50
2011.02.25 16:32:29.387,1.01498,1.01513,1.50,2.25
2011.02.25 16:32:29.718,1.01512,1.01516,3.75,1.50
2011.02.25 16:32:29.828,1.01512,1.01516,3.75,1.50
2011.02.25 16:32:30.266,1.01512,1.01521,3.75,2.25
2011.02.25 16:32:31.036,1.01502,1.01514,1.62,1.50
2011.02.25 16:32:31.255,1.01495,1.01513,3.12,4.50
2011.02.25 16:32:31.366,1.01495,1.01511,3.00,1.50
2011.02.25 16:32:31.584,1.01495,1.01511,3.00,1.50
2011.02.25 16:32:31.695,1.01495,1.01509,3.00,3.75
2011.02.25 16:32:31.804,1.01495,1.01511,3.00,5.25
2011.02.25 16:32:32.135,1.01495,1.0151,3.00,1.50
2011.02.25 16:32:32.466,1.01492,1.01509,1.25,1.50
2011.02.25 16:32:32.575,1.01492,1.01507,1.13,1.50
2011.02.25 16:32:32.906,1.01491,1.01507,5.37,1.50
2011.02.25 16:32:33.350,1.01491,1.01507,3.87,1.50
2011.02.25 16:32:35.225,1.01491,1.01505,2.37,1.50
2011.02.25 16:32:35.445,1.01486,1.015,6.00,1.50
2011.02.25 16:32:35.665,1.01484,1.01499,4.50,1.50
2011.02.25 16:32:35.885,1.01482,1.01497,4.50,1.50
2011.02.25 16:32:36.215,1.01488,1.01502,1.13,1.50
2011.02.25 16:32:36.328,1.01495,1.01502,2.25,1.50
2011.02.25 16:32:36.840,1.01491,1.01506,2.25,1.50
2011.02.25 16:32:37.535,1.01491,1.01506,3.00,1.50
2011.02.25 16:32:38.085,1.01491,1.01507,3.00,2.25
2011.02.25 16:32:40.715,1.01491,1.01506,3.00,1.69
2011.02.25 16:32:40.936,1.01488,1.01506,2.37,2.44
2011.02.25 16:32:41.548,1.01488,1.01505,1.62,1.50
2011.02.25 16:32:44.138,1.01488,1.01506,3.12,1.69
2011.02.25 16:32:44.476,1.0149,1.01506,1.25,1.69
2011.02.25 16:32:44.805,1.01495,1.01508,3.00,2.25
2011.02.25 16:32:44.915,1.0149,1.01507,5.37,1.50
2011.02.25 16:32:45.464,1.0149,1.01506,3.12,1.50
2011.02.25 16:32:49.435,1.0149,1.01506,3.12,1.50
2011.02.25 16:32:49.984,1.01491,1.01507,1.50,2.25
2011.02.25 16:32:50.755,1.01491,1.01507,1.50,3.00
2011.02.25 16:32:51.084,1.01491,1.01507,1.50,2.25
2011.02.25 16:32:52.163,1.01491,1.01507,1.50,2.25
2011.02.25 16:32:53.776,1.01497,1.01508,1.50,2.25
2011.02.25 16:32:54.105,1.01492,1.01507,2.10,2.25
2011.02.25 16:32:54.324,1.01492,1.01507,1.50,1.50
2011.02.25 16:32:54.877,1.01492,1.01506,1.50,1.50
2011.02.25 16:32:55.475,1.01492,1.01507,1.50,3.00
2011.02.25 16:32:57.215,1.0149,1.01507,5.37,2.25
2011.02.25 16:32:59.414,1.0149,1.01507,5.37,3.00
2011.02.25 16:32:59.854,1.0149,1.01507,5.37,3.00
2011.02.25 16:33:00.185,1.01492,1.01507,1.13,2.44
2011.02.25 16:33:00.516,1.01496,1.0151,3.00,3.00
2011.02.25 16:33:00.738,1.01496,1.01509,3.00,4.32
2011.02.25 16:33:00.856,1.01492,1.01506,1.47,1.69
2011.02.25 16:33:01.076,1.0149,1.01506,1.62,2.44
2011.02.25 16:33:01.295,1.01491,1.01506,1.62,1.50
2011.02.25 16:33:01.405,1.01491,1.01506,3.87,1.50
2011.02.25 16:33:01.955,1.01491,1.01508,3.87,3.00
2011.02.25 16:33:03.106,1.01491,1.01507,3.87,1.50
2011.02.25 16:33:03.876,1.01491,1.01507,2.37,1.50
2011.02.25 16:33:04.206,1.01487,1.01503,1.62,2.25
2011.02.25 16:33:11.699,1.01488,1.01504,1.81,1.50
2011.02.25 16:33:12.035,1.0149,1.01507,3.87,1.50
2011.02.25 16:33:12.584,1.0149,1.01508,3.87,3.00
2011.02.25 16:33:12.915,1.01495,1.01507,3.00,1.50
2011.02.25 16:33:13.026,1.01495,1.01507,3.00,1.50
2011.02.25 16:33:13.245,1.01495,1.01511,3.00,2.25
2011.02.25 16:33:15.018,1.01495,1.0151,3.00,1.50
2011.02.25 16:33:16.996,1.01495,1.0151,3.75,1.50
2011.02.25 16:33:17.104,1.01495,1.0151,3.75,1.50
2011.02.25 16:33:17.765,1.01492,1.01507,2.25,3.75
2011.02.25 16:33:18.806,1.01492,1.01507,1.50,1.50
2011.02.25 16:33:20.456,1.01492,1.01506,1.50,1.50
2011.02.25 16:33:26.355,1.01491,1.01507,1.50,2.25
2011.02.25 16:33:26.577,1.01491,1.01507,1.50,2.25
2011.02.25 16:33:26.796,1.01491,1.01507,1.50,2.25
2011.02.25 16:33:27.395,1.01491,1.01506,1.50,1.50
2011.02.25 16:33:29.465,1.01491,1.01507,1.50,2.25
2011.02.25 16:33:30.195,1.01491,1.01506,1.50,1.50
2011.02.25 16:33:30.745,1.01491,1.01507,1.50,3.75
2011.02.25 16:33:32.274,1.01491,1.01507,1.50,3.75
2011.02.25 16:33:33.476,1.01489,1.01505,4.62,1.50
2011.02.25 16:33:33.695,1.01489,1.01506,2.37,1.50
2011.02.25 16:33:33.805,1.01489,1.01506,2.25,2.25
2011.02.25 16:33:34.135,1.01491,1.01507,3.00,3.00
2011.02.25 16:33:34.684,1.01491,1.01508,3.12,2.25
2011.02.25 16:33:35.725,1.01491,1.01507,3.12,1.50
2011.02.25 16:33:37.784,1.01491,1.01508,3.12,2.25
2011.02.25 16:33:41.624,1.01491,1.01508,3.12,1.50
2011.02.25 16:33:48.864,1.01491,1.01508,3.12,2.25
2011.02.25 16:33:49.307,1.01491,1.01508,3.12,2.25
2011.02.25 16:33:49.415,1.01491,1.01508,3.12,2.25
2011.02.25 16:33:50.405,1.01491,1.01508,3.12,2.25
2011.02.25 16:33:51.624,1.01491,1.01508,3.12,1.50
2011.02.25 16:33:52.067,1.01491,1.01505,4.62,1.50
2011.02.25 16:33:52.284,1.01491,1.01508,3.12,3.75
2011.02.25 16:33:52.834,1.01491,1.01508,3.12,3.00
2011.02.25 16:33:56.524,1.01491,1.01508,3.12,3.00
2011.02.25 16:33:58.795,1.01491,1.01506,2.37,1.50
2011.02.25 16:33:59.345,1.01488,1.01505,1.62,1.50
2011.02.25 16:34:00.007,1.01488,1.01504,1.62,1.50
2011.02.25 16:34:00.224,1.01487,1.01502,1.50,1.50
2011.02.25 16:34:00.907,1.01487,1.01503,1.50,2.25
2011.02.25 16:34:01.321,1.01488,1.01505,4.62,3.00
2011.02.25 16:34:01.546,1.01488,1.01506,6.12,1.69
2011.02.25 16:34:02.094,1.01488,1.01507,4.62,5.44
2011.02.25 16:34:02.313,1.01488,1.01507,4.62,4.69
2011.02.25 16:34:02.865,1.0149,1.01506,3.00,1.50
2011.02.25 16:34:04.976,1.0149,1.01505,2.25,1.50
2011.02.25 16:34:05.415,1.01487,1.01504,1.62,3.00
2011.02.25 16:34:06.645,1.01487,1.01504,1.62,2.25
2011.02.25 16:34:07.525,1.01487,1.01504,5.37,1.50
2011.02.25 16:34:08.295,1.01488,1.01506,2.37,2.25
2011.02.25 16:34:08.929,1.0149,1.01508,3.12,2.25
2011.02.25 16:34:10.264,1.0149,1.01508,3.12,1.50
2011.02.25 16:34:13.404,1.0149,1.01507,2.37,3.00
2011.02.25 16:34:13.954,1.01489,1.01506,1.62,2.44
2011.02.25 16:34:14.506,1.01489,1.01506,1.62,2.44
2011.02.25 16:34:15.933,1.01489,1.01506,1.62,1.69
2011.02.25 16:34:16.486,1.01489,1.01506,1.62,2.44
2011.02.25 16:34:16.594,1.01489,1.01506,1.62,2.44
2011.02.25 16:34:16.817,1.0149,1.01507,3.12,4.50
2011.02.25 16:34:17.255,1.0149,1.01507,2.37,5.44
2011.02.25 16:34:20.904,1.01489,1.01507,1.62,4.69
2011.02.25 16:34:21.454,1.01491,1.01507,3.00,1.50
2011.02.25 16:34:22.334,1.01491,1.01507,3.00,1.50
2011.02.25 16:34:26.778,1.01493,1.01508,5.44,1.50
2011.02.25 16:34:27.169,1.01497,1.01511,1.50,2.25
2011.02.25 16:34:27.605,1.01497,1.01511,1.50,2.25
2011.02.25 16:34:36.484,1.01497,1.01512,1.50,1.50
2011.02.25 16:34:37.125,1.01496,1.01512,3.75,1.50
2011.02.25 16:34:37.247,1.01494,1.01509,1.62,1.50
2011.02.25 16:34:43.874,1.01492,1.01509,4.62,1.50
2011.02.25 16:34:44.428,1.01491,1.01509,8.37,1.50
2011.02.25 16:34:50.355,1.01491,1.0151,8.37,1.50
2011.02.25 16:34:50.794,1.01494,1.01511,4.62,3.75
2011.02.25 16:34:57.086,1.01491,1.01509,8.37,1.50
2011.02.25 16:35:00.212,1.01493,1.01511,4.62,4.50
2011.02.25 16:35:00.330,1.01494,1.01511,1.62,3.75
2011.02.25 16:35:00.886,1.01494,1.01511,1.62,3.75
2011.02.25 16:35:03.425,1.01494,1.01511,1.62,3.75
2011.02.25 16:35:03.536,1.01494,1.01508,1.62,1.50
2011.02.25 16:35:03.865,1.01489,1.01503,2.25,1.69
2011.02.25 16:35:03.977,1.01483,1.01501,1.62,2.25
2011.02.25 16:35:05.262,1.01483,1.01499,2.37,1.50
2011.02.25 16:35:06.145,1.01483,1.01499,1.62,2.63
2011.02.25 16:35:06.818,1.01481,1.01499,1.62,3.38
2011.02.25 16:35:07.265,1.0148,1.01499,3.87,2.25
2011.02.25 16:35:09.464,1.0148,1.01496,1.62,2.25
2011.02.25 16:35:10.565,1.0148,1.01495,1.62,1.50
2011.02.25 16:35:10.784,1.01481,1.01495,3.12,1.50
2011.02.25 16:35:11.364,1.0148,1.01495,1.62,2.25
2011.02.25 16:35:11.980,1.01481,1.01495,1.25,2.25
2011.02.25 16:35:12.104,1.01485,1.01502,3.12,3.00
2011.02.25 16:35:12.655,1.01485,1.01502,3.12,2.25
2011.02.25 16:35:14.684,1.01486,1.01503,1.62,3.00
2011.02.25 16:35:15.157,1.01488,1.01503,1.62,2.25
2011.02.25 16:35:15.266,1.01489,1.01505,2.37,2.25
2011.02.25 16:35:15.486,1.0149,1.01507,3.12,5.25
2011.02.25 16:35:16.590,1.0149,1.01507,3.12,3.00
2011.02.25 16:35:22.478,1.0149,1.01507,3.12,3.00
2011.02.25 16:35:22.808,1.0149,1.01504,2.37,2.25
2011.02.25 16:35:23.356,1.01489,1.01507,1.62,3.00
2011.02.25 16:35:23.685,1.01491,1.01507,3.00,2.25
2011.02.25 16:35:25.314,1.01491,1.01507,3.00,1.50
2011.02.25 16:35:25.646,1.01495,1.01508,1.50,1.50
2011.02.25 16:35:25.975,1.0149,1.01508,4.62,2.25
2011.02.25 16:35:26.526,1.0149,1.01509,3.87,3.75
2011.02.25 16:35:27.076,1.0149,1.01509,3.87,3.75
2011.02.25 16:35:27.295,1.01491,1.01509,1.62,3.00
2011.02.25 16:35:27.625,1.01492,1.01509,1.62,3.00
2011.02.25 16:35:28.194,1.01492,1.01509,1.62,3.00
2011.02.25 16:35:29.595,1.01492,1.01509,1.62,3.00
2011.02.25 16:35:30.871,1.01493,1.01509,2.14,3.00
2011.02.25 16:35:36.849,1.01496,1.01508,3.00,1.50
2011.02.25 16:35:37.404,1.01494,1.01508,1.62,1.50
2011.02.25 16:35:37.954,1.01494,1.01508,1.62,1.50
2011.02.25 16:35:38.504,1.01494,1.0151,1.62,2.25
2011.02.25 16:35:38.726,1.01494,1.0151,1.62,2.25
2011.02.25 16:35:39.055,1.01494,1.0151,1.62,2.25
2011.02.25 16:35:39.386,1.01496,1.01511,1.50,3.00
2011.02.25 16:35:39.828,1.01497,1.01514,1.81,3.00
2011.02.25 16:35:39.948,1.01501,1.01517,3.87,2.25
2011.02.25 16:35:40.178,1.01502,1.01518,1.62,1.50
2011.02.25 16:35:40.515,1.01505,1.01518,1.62,1.50
2011.02.25 16:35:41.176,1.01504,1.01521,1.62,2.25
2011.02.25 16:35:41.505,1.01507,1.01523,1.62,2.44
2011.02.25 16:35:41.834,1.01507,1.01521,1.62,2.25
2011.02.25 16:35:43.299,1.01505,1.01521,1.62,3.75
2011.02.25 16:35:43.856,1.01503,1.01519,1.62,2.25
2011.02.25 16:35:44.404,1.01502,1.01519,1.62,2.25
2011.02.25 16:35:45.284,1.01502,1.01519,2.37,2.25
2011.02.25 16:35:45.886,1.01502,1.01519,2.37,2.25
2011.02.25 16:35:46.935,1.01502,1.01519,1.62,2.25
2011.02.25 16:35:47.715,1.01502,1.01519,2.37,2.25
2011.02.25 16:35:49.334,1.01501,1.01517,1.62,2.25
2011.02.25 16:35:49.446,1.015,1.01517,4.62,3.00
2011.02.25 16:35:49.778,1.01496,1.01512,3.12,3.19
2011.02.25 16:35:49.896,1.01496,1.01512,3.87,2.25
2011.02.25 16:35:50.445,1.01493,1.0151,1.62,2.25
2011.02.25 16:35:50.995,1.01493,1.0151,2.37,2.25
2011.02.25 16:35:51.105,1.01493,1.0151,2.37,2.25
2011.02.25 16:35:52.496,1.01492,1.01508,1.62,2.25
2011.02.25 16:35:53.011,1.01492,1.01508,1.62,3.19
2011.02.25 16:35:53.245,1.01494,1.01511,1.62,2.25
2011.02.25 16:35:53.359,1.01496,1.01511,1.62,1.50
2011.02.25 16:35:53.584,1.01495,1.01512,3.87,2.25
2011.02.25 16:35:53.805,1.01496,1.01513,1.62,3.00
2011.02.25 16:35:53.914,1.01496,1.01513,2.37,3.00
2011.02.25 16:35:55.028,1.01496,1.01513,2.37,2.25
2011.02.25 16:35:55.249,1.01498,1.01513,1.81,1.50
2011.02.25 16:35:55.369,1.01501,1.01515,3.00,1.50
2011.02.25 16:35:55.924,1.01503,1.01516,1.50,1.50
2011.02.25 16:35:56.476,1.01503,1.01518,2.37,2.25
2011.02.25 16:35:57.026,1.01503,1.01518,2.37,1.50
2011.02.25 16:35:57.358,1.01503,1.0152,2.37,3.00
2011.02.25 16:35:57.904,1.01505,1.01521,2.37,5.25
2011.02.25 16:35:59.506,1.01506,1.01521,1.62,5.25
2011.02.25 16:35:59.945,1.01505,1.01521,1.62,5.25
2011.02.25 16:36:00.164,1.01505,1.01521,1.62,5.25
2011.02.25 16:36:04.725,1.01504,1.0152,2.25,1.50
2011.02.25 16:36:04.839,1.01503,1.01519,3.08,1.50
2011.02.25 16:36:05.067,1.01503,1.01518,2.33,1.32
2011.02.25 16:36:05.782,1.01501,1.01517,3.75,3.00
2011.02.25 16:36:07.325,1.01501,1.01518,3.75,3.75
2011.02.25 16:36:07.876,1.01502,1.01518,1.62,1.50
2011.02.25 16:36:08.796,1.01502,1.01519,1.62,2.25
2011.02.25 16:36:09.345,1.01503,1.01518,1.62,1.50
2011.02.25 16:36:09.894,1.01502,1.01518,1.62,1.50
2011.02.25 16:36:11.094,1.01506,1.0152,2.25,3.00
2011.02.25 16:36:12.086,1.01506,1.0152,3.00,3.00
2011.02.25 16:36:12.825,1.01506,1.0152,3.75,2.25
2011.02.25 16:36:13.386,1.01506,1.0152,3.00,2.25
2011.02.25 16:36:13.935,1.01506,1.01521,3.75,2.25
2011.02.25 16:36:15.942,1.01506,1.01521,3.75,2.25
2011.02.25 16:36:16.324,1.01506,1.01521,3.75,2.25
2011.02.25 16:36:16.875,1.01506,1.01521,3.75,2.25
2011.02.25 16:36:17.095,1.01506,1.0152,3.75,1.50
2011.02.25 16:36:17.866,1.01506,1.01522,3.75,2.25
2011.02.25 16:36:18.195,1.01506,1.01523,3.87,3.00
2011.02.25 16:36:21.519,1.01511,1.01525,3.00,1.50
2011.02.25 16:36:21.748,1.01511,1.01526,3.12,1.50
2011.02.25 16:36:21.977,1.01511,1.01528,3.12,2.25
2011.02.25 16:36:24.764,1.01511,1.01527,3.12,1.50
2011.02.25 16:36:25.206,1.01511,1.01527,2.37,3.19
2011.02.25 16:36:25.691,1.01507,1.01525,1.62,1.50
2011.02.25 16:36:26.247,1.01507,1.01525,1.62,1.50
2011.02.25 16:36:29.551,1.0151,1.01525,1.25,1.50
2011.02.25 16:36:29.886,1.01515,1.01529,3.00,1.50
2011.02.25 16:36:29.997,1.01515,1.01529,2.25,2.25
2011.02.25 16:36:30.545,1.01512,1.01528,1.50,1.50
2011.02.25 16:36:30.657,1.01511,1.01527,3.12,2.25
2011.02.25 16:36:31.166,1.01511,1.01528,3.12,3.00
2011.02.25 16:36:32.165,1.01511,1.01528,3.87,3.00
2011.02.25 16:36:32.496,1.01516,1.01531,1.50,1.50
2011.02.25 16:36:32.605,1.01516,1.01532,1.62,1.50
2011.02.25 16:36:32.935,1.01517,1.01534,1.62,3.00
2011.02.25 16:36:35.925,1.01517,1.01534,1.62,3.00
2011.02.25 16:36:37.435,1.01517,1.01534,1.62,3.00
2011.02.25 16:36:37.765,1.01516,1.01533,2.37,2.44
2011.02.25 16:36:38.207,1.01511,1.01529,5.37,1.50
2011.02.25 16:36:38.757,1.0151,1.01527,3.87,2.25
2011.02.25 16:36:42.854,1.0151,1.01527,3.87,2.25
2011.02.25 16:36:43.187,1.01509,1.01525,1.50,1.69
2011.02.25 16:36:43.407,1.01511,1.01525,2.25,2.25
2011.02.25 16:36:45.495,1.01511,1.01527,3.75,2.25
2011.02.25 16:36:46.046,1.01511,1.01527,3.87,1.50
2011.02.25 16:36:47.558,1.01512,1.01529,4.62,1.50
2011.02.25 16:36:47.884,1.01512,1.01529,3.87,1.50
2011.02.25 16:36:48.217,1.01511,1.01529,1.62,1.50
2011.02.25 16:36:48.326,1.01511,1.0153,1.62,3.75
2011.02.25 16:36:49.095,1.01511,1.01529,3.87,3.00
2011.02.25 16:36:55.268,1.01511,1.01529,3.87,1.50
2011.02.25 16:36:56.157,1.01511,1.01529,3.87,1.50
2011.02.25 16:36:58.305,1.01511,1.0153,3.87,1.50
2011.02.25 16:36:58.855,1.01511,1.01529,3.87,1.50
2011.02.25 16:36:59.526,1.01511,1.0153,3.87,1.50
2011.02.25 16:37:00.075,1.01511,1.01529,7.62,1.50
2011.02.25 16:37:00.645,1.01511,1.01529,7.62,1.50
2011.02.25 16:37:02.859,1.01511,1.0153,3.87,1.50
2011.02.25 16:37:02.979,1.01511,1.0153,7.62,1.50
2011.02.25 16:37:05.977,1.01516,1.01531,1.50,3.94
2011.02.25 16:37:06.087,1.01516,1.01533,2.92,2.25
2011.02.25 16:37:06.307,1.01517,1.01535,1.62,1.69
2011.02.25 16:37:06.636,1.01526,1.01537,3.00,1.50
2011.02.25 16:37:06.746,1.01526,1.01539,2.25,1.50
2011.02.25 16:37:07.388,1.01526,1.0154,2.25,1.50
2011.02.25 16:37:08.168,1.01526,1.01542,2.25,3.00
2011.02.25 16:37:08.727,1.01531,1.01542,2.25,1.50
2011.02.25 16:37:08.947,1.01531,1.01548,3.00,1.50
2011.02.25 16:37:09.168,1.01531,1.01548,3.12,3.75
2011.02.25 16:37:09.616,1.01531,1.01545,3.12,1.50
2011.02.25 16:37:09.836,1.01531,1.01546,3.00,3.00
2011.02.25 16:37:10.386,1.01531,1.01545,3.00,3.00
2011.02.25 16:37:12.085,1.01531,1.01546,3.00,2.25
2011.02.25 16:37:13.697,1.01531,1.01545,2.25,2.25
2011.02.25 16:37:14.245,1.01531,1.01544,2.25,1.50
2011.02.25 16:37:14.356,1.01526,1.01544,3.87,3.00
2011.02.25 16:37:14.905,1.01526,1.01543,3.12,1.50
2011.02.25 16:37:15.787,1.01524,1.01542,1.62,3.00
2011.02.25 16:37:16.005,1.01524,1.0154,1.62,1.50
2011.02.25 16:37:16.116,1.01522,1.0154,5.37,2.25
2011.02.25 16:37:18.470,1.01521,1.01536,3.00,1.50
2011.02.25 16:37:19.025,1.01521,1.01536,3.00,1.50
2011.02.25 16:37:23.115,1.01521,1.01536,3.00,1.50
2011.02.25 16:37:24.667,1.01521,1.01536,3.00,1.50
2011.02.25 16:37:25.332,1.01521,1.01538,3.00,2.25
2011.02.25 16:37:30.255,1.01521,1.0154,3.87,3.75
2011.02.25 16:37:30.805,1.01523,1.01541,1.50,3.75
2011.02.25 16:37:30.915,1.01523,1.01541,1.62,4.50
2011.02.25 16:37:34.455,1.01521,1.01539,3.87,1.50
2011.02.25 16:37:41.935,1.01521,1.01541,3.12,4.50
2011.02.25 16:37:43.635,1.01521,1.01539,3.12,1.50
2011.02.25 16:37:44.185,1.01521,1.01537,3.00,1.50
2011.02.25 16:37:44.294,1.01521,1.01537,3.00,1.50
2011.02.25 16:37:44.846,1.01521,1.01537,3.00,2.25
2011.02.25 16:37:44.955,1.01521,1.01536,3.00,1.50
2011.02.25 16:37:45.506,1.01519,1.01536,1.50,3.19
2011.02.25 16:37:48.925,1.01521,1.01537,3.00,1.50
2011.02.25 16:37:49.587,1.01521,1.01537,3.00,2.25
2011.02.25 16:37:50.134,1.01521,1.01537,3.00,1.50
2011.02.25 16:37:50.355,1.01521,1.01538,3.12,2.25
2011.02.25 16:37:53.035,1.01521,1.01539,3.12,1.50
2011.02.25 16:37:54.885,1.01521,1.01538,3.12,1.50
2011.02.25 16:37:55.465,1.01521,1.01538,3.12,1.50
2011.02.25 16:37:56.678,1.01521,1.01538,3.12,1.50
2011.02.25 16:37:58.735,1.01521,1.01538,3.12,1.50
2011.02.25 16:37:58.958,1.01521,1.01538,3.12,1.50
2011.02.25 16:37:59.289,1.01521,1.01534,2.25,1.50
2011.02.25 16:37:59.407,1.01517,1.01533,5.37,2.25
2011.02.25 16:37:59.517,1.01517,1.01532,4.62,4.69
2011.02.25 16:37:59.629,1.01515,1.01531,4.50,1.69
2011.02.25 16:38:00.187,1.01513,1.01528,1.50,1.50
2011.02.25 16:38:03.265,1.01512,1.01529,4.62,1.50
2011.02.25 16:38:03.814,1.01514,1.0153,4.62,1.69
2011.02.25 16:38:04.149,1.01515,1.01531,4.62,3.75
2011.02.25 16:38:04.705,1.01515,1.01531,4.62,1.50
2011.02.25 16:38:05.475,1.0152,1.01532,2.63,2.25
2011.02.25 16:38:05.698,1.0152,1.01534,2.63,2.25
2011.02.25 16:38:06.248,1.01521,1.01537,1.50,1.50
2011.02.25 16:38:06.688,1.0152,1.01538,2.75,2.25
2011.02.25 16:38:07.345,1.0152,1.01536,2.75,1.50
2011.02.25 16:38:13.708,1.01521,1.01538,2.75,3.00
2011.02.25 16:38:14.498,1.01521,1.01536,2.00,1.50
2011.02.25 16:38:14.726,1.01519,1.01536,4.62,1.50
2011.02.25 16:38:15.165,1.01519,1.01534,4.62,1.50
2011.02.25 16:38:16.275,1.01519,1.01534,3.87,1.50
2011.02.25 16:38:22.828,1.01518,1.01534,4.62,1.50
2011.02.25 16:38:25.784,1.01518,1.01534,4.62,1.50
2011.02.25 16:38:26.335,1.01519,1.01538,1.62,3.00
2011.02.25 16:38:27.326,1.01519,1.01537,1.62,2.25
2011.02.25 16:38:29.540,1.01519,1.01529,1.62,2.82
2011.02.25 16:38:29.767,1.01508,1.01523,3.87,1.50
2011.02.25 16:38:30.097,1.0151,1.01525,3.75,2.25
2011.02.25 16:38:30.205,1.0151,1.01525,4.62,1.50
2011.02.25 16:38:30.534,1.01511,1.01527,4.50,1.50
2011.02.25 16:38:30.645,1.01512,1.01528,4.50,1.50
2011.02.25 16:38:31.195,1.01512,1.01528,5.37,1.50
2011.02.25 16:38:33.116,1.01512,1.0153,5.37,5.44
2011.02.25 16:38:33.446,1.01512,1.0153,5.37,3.94
2011.02.25 16:38:37.696,1.01511,1.0153,5.37,5.44
2011.02.25 16:38:38.246,1.01512,1.01529,1.62,1.50
2011.02.25 16:38:39.289,1.01509,1.01526,3.12,1.69
2011.02.25 16:38:39.508,1.01506,1.01523,2.37,1.50
2011.02.25 16:38:39.727,1.01506,1.01523,2.37,1.50
2011.02.25 16:38:39.948,1.01505,1.0152,3.50,1.50
2011.02.25 16:38:40.287,1.01497,1.01513,10.62,1.50
2011.02.25 16:38:40.835,1.01497,1.01516,7.62,4.69
2011.02.25 16:38:42.546,1.01497,1.01515,5.40,1.50
2011.02.25 16:38:42.986,1.01497,1.01514,1.62,2.82
2011.02.25 16:38:43.208,1.01495,1.01512,3.87,5.44
2011.02.25 16:38:43.675,1.01491,1.01506,1.25,4.69
2011.02.25 16:38:43.790,1.01488,1.01505,5.56,1.50
2011.02.25 16:38:47.696,1.0149,1.01508,2.37,1.50
2011.02.25 16:38:48.027,1.0149,1.01508,1.62,1.69
2011.02.25 16:38:48.363,1.01494,1.01508,2.25,1.69
2011.02.25 16:38:48.487,1.01489,1.01506,4.62,3.00
2011.02.25 16:38:49.037,1.01489,1.01507,4.62,1.50
2011.02.25 16:38:49.665,1.01489,1.01508,4.62,3.00
2011.02.25 16:38:50.217,1.01494,1.01508,2.25,1.32
2011.02.25 16:38:50.437,1.01492,1.01506,1.98,3.94
2011.02.25 16:38:50.766,1.01489,1.01505,3.87,1.50
2011.02.25 16:38:51.757,1.01492,1.01508,2.82,1.50
2011.02.25 16:38:51.976,1.01493,1.01511,2.56,3.00
2011.02.25 16:38:53.518,1.01493,1.0151,2.37,1.69
2011.02.25 16:38:53.627,1.0149,1.01508,2.37,1.50
2011.02.25 16:38:53.847,1.0149,1.01508,1.62,1.50
2011.02.25 16:38:56.255,1.01492,1.01508,3.75,1.50
2011.02.25 16:38:57.845,1.0149,1.01508,5.37,1.50
2011.02.25 16:39:04.045,1.01492,1.01508,3.75,1.50
2011.02.25 16:39:04.816,1.01491,1.01508,4.62,1.50
2011.02.25 16:39:06.456,1.01491,1.01508,2.18,2.25
2011.02.25 16:39:06.568,1.01494,1.01509,3.19,1.50
2011.02.25 16:39:08.096,1.01494,1.01511,2.56,3.00
2011.02.25 16:39:08.538,1.01492,1.01511,4.62,3.94
2011.02.25 16:39:09.086,1.01491,1.0151,5.37,2.44
2011.02.25 16:39:10.056,1.01492,1.0151,1.62,2.44
2011.02.25 16:39:12.975,1.01492,1.0151,1.62,2.44
2011.02.25 16:39:14.249,1.01492,1.0151,5.37,2.44
2011.02.25 16:39:15.037,1.01492,1.0151,1.62,2.44
2011.02.25 16:39:15.587,1.01492,1.0151,1.62,2.44
2011.02.25 16:39:16.147,1.01492,1.0151,5.37,2.44
2011.02.25 16:39:16.587,1.01492,1.01511,2.03,5.44
2011.02.25 16:39:17.136,1.01493,1.01511,4.62,6.19
2011.02.25 16:39:17.578,1.01492,1.01509,4.62,2.25
2011.02.25 16:39:18.785,1.0149,1.01508,5.37,2.25
2011.02.25 16:39:21.655,1.01491,1.01508,4.62,1.50
2011.02.25 16:39:23.867,1.01491,1.01509,4.62,2.25
2011.02.25 16:39:26.559,1.01491,1.01508,4.62,1.50
2011.02.25 16:39:26.896,1.01489,1.01498,2.25,1.50
2011.02.25 16:39:27.008,1.0148,1.01498,1.62,3.00
2011.02.25 16:39:27.116,1.0148,1.01496,1.50,1.69
2011.02.25 16:39:28.548,1.01479,1.01494,4.69,1.50
2011.02.25 16:39:28.766,1.01479,1.01497,4.81,3.00
2011.02.25 16:39:29.347,1.01479,1.01496,3.12,1.69
2011.02.25 16:39:29.469,1.01478,1.01495,1.62,1.69
2011.02.25 16:39:29.806,1.01478,1.01496,1.62,3.94
2011.02.25 16:39:31.485,1.01478,1.01496,1.62,6.19
2011.02.25 16:39:32.036,1.01477,1.01496,2.37,4.69
2011.02.25 16:39:33.726,1.01479,1.01496,3.00,2.25
2011.02.25 16:39:35.562,1.01479,1.01489,3.00,1.50
2011.02.25 16:39:35.679,1.01472,1.01489,4.62,3.75
2011.02.25 16:39:36.127,1.01477,1.01489,1.62,2.25
2011.02.25 16:39:36.236,1.01477,1.01491,2.37,2.25
2011.02.25 16:39:36.786,1.01477,1.01491,2.37,1.50
2011.02.25 16:39:37.336,1.01477,1.01492,1.10,1.50
2011.02.25 16:39:37.558,1.01479,1.01496,3.12,3.00
2011.02.25 16:39:37.885,1.01479,1.01496,3.12,2.25
2011.02.25 16:39:37.995,1.01479,1.01496,3.12,1.50
2011.02.25 16:39:39.560,1.01484,1.01499,3.19,1.50
2011.02.25 16:39:39.676,1.01484,1.01502,4.06,2.25
2011.02.25 16:39:39.785,1.01484,1.01502,4.81,1.50
2011.02.25 16:39:40.115,1.01484,1.01502,4.81,1.50
2011.02.25 16:39:43.765,1.01484,1.01502,4.06,1.50
2011.02.25 16:39:52.465,1.01484,1.015,4.81,2.25
2011.02.25 16:39:53.015,1.01484,1.015,4.81,2.25
2011.02.25 16:39:59.778,1.01482,1.01499,1.62,2.25
2011.02.25 16:39:59.997,1.01482,1.01498,1.62,3.00
2011.02.25 16:40:00.548,1.01481,1.01497,1.62,1.50
2011.02.25 16:40:00.886,1.01478,1.01496,3.50,7.84
2011.02.25 16:40:00.999,1.01479,1.01496,2.56,6.90
2011.02.25 16:40:01.226,1.01479,1.01497,4.81,1.50
2011.02.25 16:40:01.336,1.01479,1.01498,4.81,1.65
2011.02.25 16:40:01.555,1.01479,1.01498,5.56,1.50
2011.02.25 16:40:03.936,1.01479,1.01499,6.31,4.50
2011.02.25 16:40:06.855,1.01479,1.01498,9.31,1.50
2011.02.25 16:40:07.666,1.01479,1.01498,5.56,3.15
2011.02.25 16:40:07.995,1.01479,1.01498,5.56,3.00
2011.02.25 16:40:08.889,1.01479,1.01498,5.56,3.38
2011.02.25 16:40:09.563,1.0148,1.01495,2.37,1.50
2011.02.25 16:40:10.117,1.0148,1.01496,2.37,3.19
2011.02.25 16:40:10.666,1.01481,1.01496,3.12,1.50
2011.02.25 16:40:11.216,1.01481,1.01498,3.12,3.75
2011.02.25 16:40:12.754,1.01481,1.01498,3.12,3.75
2011.02.25 16:40:13.639,1.01481,1.01498,3.12,3.75
2011.02.25 16:40:16.854,1.01481,1.01498,3.12,3.75
2011.02.25 16:40:18.059,1.01484,1.015,1.50,3.00
2011.02.25 16:40:18.176,1.01485,1.015,3.12,1.50
2011.02.25 16:40:18.287,1.01485,1.015,3.12,1.50
2011.02.25 16:40:18.506,1.01485,1.01502,3.12,3.00
2011.02.25 16:40:22.346,1.01485,1.01501,3.87,1.50
2011.02.25 16:40:23.981,1.01478,1.01493,3.12,2.25
2011.02.25 16:40:24.536,1.01478,1.01495,1.62,2.40
2011.02.25 16:40:25.306,1.0148,1.01495,3.12,1.50
2011.02.25 16:40:25.895,1.0148,1.01496,3.12,3.00
2011.02.25 16:40:26.445,1.0148,1.01496,3.12,1.50
2011.02.25 16:40:27.217,1.0148,1.01494,3.12,2.25
2011.02.25 16:40:27.326,1.01479,1.01494,3.12,2.25
2011.02.25 16:40:28.085,1.01479,1.01494,3.12,2.25
2011.02.25 16:40:30.415,1.01478,1.01494,3.00,3.00
2011.02.25 16:40:32.627,1.01479,1.01495,3.12,1.50
2011.02.25 16:40:34.552,1.01479,1.01494,3.12,1.65
2011.02.25 16:40:35.110,1.01479,1.01494,3.12,1.50
2011.02.25 16:40:41.807,1.01479,1.01494,1.62,2.25
2011.02.25 16:40:50.358,1.01479,1.01492,2.25,3.00
2011.02.25 16:40:50.966,1.01479,1.01492,2.25,2.25
2011.02.25 16:40:52.023,1.01479,1.01491,2.25,2.44
2011.02.25 16:40:52.138,1.01473,1.01491,1.62,2.44
2011.02.25 16:40:52.246,1.01473,1.0149,1.62,3.00
2011.02.25 16:40:52.795,1.01471,1.01488,3.12,1.50
2011.02.25 16:40:53.356,1.01471,1.01487,3.12,2.25
2011.02.25 16:40:53.468,1.01474,1.01485,1.50,1.50
2011.02.25 16:40:53.797,1.01474,1.0149,4.50,2.25
2011.02.25 16:40:54.017,1.01479,1.01489,1.88,1.50
2011.02.25 16:40:55.336,1.01474,1.01489,3.83,1.50
2011.02.25 16:40:56.125,1.01478,1.01489,1.50,1.50
2011.02.25 16:40:56.235,1.01474,1.01489,3.83,1.50
2011.02.25 16:40:56.346,1.0148,1.0149,1.50,1.50
2011.02.25 16:40:57.955,1.01479,1.0149,1.88,1.50
2011.02.25 16:41:00.806,1.01478,1.0149,1.88,1.50
2011.02.25 16:41:01.135,1.0148,1.0149,1.50,1.50
2011.02.25 16:41:11.678,1.01479,1.01491,1.50,1.50
2011.02.25 16:41:12.115,1.01474,1.01491,3.27,1.50
2011.02.25 16:41:12.667,1.0148,1.0149,1.50,1.50
2011.02.25 16:41:13.215,1.01479,1.01491,1.50,1.50
2011.02.25 16:41:13.765,1.0148,1.01491,1.50,1.50
2011.02.25 16:41:14.866,1.01477,1.0149,1.50,1.50
2011.02.25 16:41:14.977,1.01474,1.0149,3.20,1.50
2011.02.25 16:41:15.567,1.01474,1.0149,3.20,1.50
2011.02.25 16:41:16.119,1.01474,1.0149,3.20,1.50
2011.02.25 16:41:16.569,1.01474,1.01486,2.37,1.69
2011.02.25 16:41:16.800,1.01469,1.01486,1.62,4.69
2011.02.25 16:41:17.356,1.01469,1.01486,1.62,3.94
2011.02.25 16:41:17.796,1.01469,1.01486,1.62,2.25
2011.02.25 16:41:18.346,1.01469,1.01487,1.62,2.25
2011.02.25 16:41:18.785,1.01474,1.01488,3.75,2.25
2011.02.25 16:41:20.325,1.01477,1.01489,1.50,2.25
2011.02.25 16:41:20.546,1.01475,1.01489,2.63,2.25
2011.02.25 16:41:28.348,1.01478,1.01489,1.50,2.25
2011.02.25 16:41:29.087,1.01478,1.01489,1.50,1.50
2011.02.25 16:41:37.396,1.01478,1.01493,2.25,1.50
2011.02.25 16:41:37.944,1.01478,1.01493,2.25,1.50
2011.02.25 16:41:38.595,1.01478,1.01493,2.25,1.50
2011.02.25 16:41:39.255,1.01478,1.01493,2.25,2.25
2011.02.25 16:41:39.585,1.01478,1.01493,2.25,1.50
2011.02.25 16:41:39.806,1.01478,1.01495,2.25,1.50
2011.02.25 16:41:40.356,1.01478,1.01495,2.25,1.50
2011.02.25 16:41:40.686,1.01477,1.01494,1.62,2.07
2011.02.25 16:41:41.239,1.01477,1.01492,1.50,2.25
2011.02.25 16:41:41.357,1.01477,1.01494,1.50,2.25
2011.02.25 16:41:42.192,1.01478,1.01495,5.44,2.25
2011.02.25 16:41:42.308,1.01478,1.01495,5.56,2.25
2011.02.25 16:41:42.528,1.01478,1.01495,5.56,1.50
2011.02.25 16:41:42.950,1.01483,1.01498,1.50,1.50
2011.02.25 16:41:43.069,1.01484,1.015,3.19,2.25
2011.02.25 16:41:43.187,1.01484,1.015,3.19,1.50
2011.02.25 16:41:43.739,1.01484,1.01501,3.19,2.25
2011.02.25 16:41:44.296,1.01484,1.01502,4.69,2.25
2011.02.25 16:41:44.936,1.01484,1.015,3.19,1.50
2011.02.25 16:41:45.487,1.01481,1.015,1.62,1.50
2011.02.25 16:41:45.818,1.0148,1.01499,1.62,1.50
2011.02.25 16:41:46.035,1.0148,1.01497,1.62,1.50
2011.02.25 16:41:46.450,1.0148,1.01496,1.50,1.50
2011.02.25 16:41:47.117,1.01479,1.01496,3.12,2.25
2011.02.25 16:41:48.487,1.01479,1.01496,3.12,2.25
2011.02.25 16:41:52.786,1.01479,1.01495,3.12,1.50
2011.02.25 16:41:54.168,1.0148,1.01496,1.50,1.50
2011.02.25 16:41:54.279,1.0148,1.01498,1.62,3.75
2011.02.25 16:41:54.400,1.0148,1.01498,1.62,2.25
2011.02.25 16:42:04.797,1.01485,1.01501,1.50,5.25
2011.02.25 16:42:05.125,1.01484,1.015,1.62,1.50
2011.02.25 16:42:07.675,1.01484,1.015,1.62,3.00
2011.02.25 16:42:10.936,1.01484,1.015,1.62,2.25
2011.02.25 16:42:11.449,1.01484,1.015,1.62,3.00
2011.02.25 16:42:11.557,1.01483,1.015,4.06,3.00
2011.02.25 16:42:11.887,1.01483,1.01498,2.37,3.00
2011.02.25 16:42:12.001,1.01481,1.01496,1.62,2.44
2011.02.25 16:42:12.116,1.01477,1.01496,3.87,4.69
2011.02.25 16:42:12.339,1.01477,1.01494,3.87,2.25
2011.02.25 16:42:12.896,1.01476,1.01493,2.37,2.25
2011.02.25 16:42:13.885,1.01476,1.01492,2.37,1.50
2011.02.25 16:42:14.329,1.01478,1.01493,4.69,1.50
2011.02.25 16:42:14.886,1.01479,1.01495,2.44,3.75
2011.02.25 16:42:15.466,1.01479,1.01495,2.56,3.75
2011.02.25 16:42:16.127,1.01479,1.01495,2.56,2.25
2011.02.25 16:42:16.456,1.01479,1.01495,2.56,1.50
2011.02.25 16:42:18.477,1.01479,1.01496,2.56,1.50
2011.02.25 16:42:24.675,1.01479,1.01496,2.56,1.50
2011.02.25 16:42:24.929,1.0148,1.01498,5.37,2.25
2011.02.25 16:42:25.259,1.01486,1.01499,1.50,1.50
2011.02.25 16:42:25.816,1.01486,1.015,1.50,1.50
2011.02.25 16:42:26.256,1.01486,1.01503,1.62,1.50
2011.02.25 16:42:27.724,1.01491,1.01505,1.88,4.69
2011.02.25 16:42:28.060,1.01489,1.01506,2.75,1.50
2011.02.25 16:42:28.177,1.0149,1.01506,1.50,1.50
2011.02.25 16:42:28.727,1.0149,1.01506,1.62,1.50
2011.02.25 16:42:30.268,1.0149,1.01505,1.62,2.25
2011.02.25 16:42:30.596,1.01489,1.01506,1.62,3.94
2011.02.25 16:42:31.147,1.01489,1.01505,1.62,2.25
2011.02.25 16:42:31.371,1.01489,1.01505,1.62,2.25
2011.02.25 16:42:31.709,1.01489,1.01505,1.62,2.25
2011.02.25 16:42:31.937,1.01491,1.01505,1.32,2.25
2011.02.25 16:42:32.048,1.01494,1.01508,3.00,2.25
2011.02.25 16:42:32.266,1.01494,1.01512,4.62,8.25
2011.02.25 16:42:32.728,1.01495,1.01512,1.62,4.50
2011.02.25 16:42:33.056,1.01494,1.01512,3.87,3.00
2011.02.25 16:42:33.606,1.01494,1.01512,3.87,3.00
2011.02.25 16:42:34.491,1.01494,1.01512,3.87,3.00
2011.02.25 16:42:34.828,1.01494,1.01509,2.37,2.25
2011.02.25 16:42:35.155,1.01492,1.01508,1.62,2.25
2011.02.25 16:42:36.366,1.01489,1.01506,1.06,1.50
2011.02.25 16:42:36.696,1.01489,1.01506,1.06,3.00
2011.02.25 16:42:36.915,1.01489,1.01506,1.06,3.00
2011.02.25 16:42:37.795,1.01489,1.01506,1.06,3.00
2011.02.25 16:42:41.296,1.01489,1.01506,1.81,3.00
2011.02.25 16:42:44.246,1.01489,1.01506,1.81,3.00
2011.02.25 16:42:47.265,1.01489,1.01506,1.81,1.50
2011.02.25 16:42:47.596,1.01489,1.01506,1.06,1.50
2011.02.25 16:42:47.926,1.01489,1.01504,1.06,1.50
2011.02.25 16:42:48.915,1.01489,1.01503,4.69,1.50
2011.02.25 16:42:50.037,1.01489,1.01503,4.69,1.50
2011.02.25 16:42:50.580,1.01489,1.01503,4.69,1.73
2011.02.25 16:42:50.917,1.01489,1.01505,5.56,2.25
2011.02.25 16:42:51.026,1.01489,1.01505,6.31,2.25
2011.02.25 16:42:51.855,1.01489,1.01507,5.56,1.50
2011.02.25 16:42:53.508,1.01489,1.01507,6.31,1.50
2011.02.25 16:42:54.056,1.01489,1.01507,5.56,1.50
2011.02.25 16:42:54.935,1.01489,1.01507,5.56,1.50
2011.02.25 16:42:56.714,1.01489,1.01507,5.56,1.50
2011.02.25 16:42:57.046,1.01489,1.01507,5.56,1.50
2011.02.25 16:42:57.595,1.01489,1.01507,5.56,1.50
2011.02.25 16:42:58.343,1.01486,1.01503,1.62,1.43
2011.02.25 16:42:58.456,1.01486,1.01503,1.62,1.43
2011.02.25 16:42:59.006,1.01485,1.01502,3.12,1.50
2011.02.25 16:42:59.887,1.01485,1.01502,1.62,3.00
2011.02.25 16:43:00.435,1.01484,1.015,3.19,1.50
2011.02.25 16:43:00.985,1.01484,1.015,3.19,1.50
2011.02.25 16:43:04.457,1.01484,1.015,3.00,1.69
2011.02.25 16:43:04.566,1.01484,1.01499,2.25,2.25
2011.02.25 16:43:04.676,1.01484,1.01499,2.25,2.25
2011.02.25 16:43:05.226,1.01482,1.01499,1.62,2.25
2011.02.25 16:43:05.955,1.01482,1.01499,1.62,2.25
2011.02.25 16:43:06.175,1.01479,1.01498,10.81,1.50
2011.02.25 16:43:06.725,1.01479,1.01498,7.06,1.50
2011.02.25 16:43:07.607,1.01479,1.01498,4.81,3.00
2011.02.25 16:43:08.438,1.01479,1.01498,6.31,1.50
2011.02.25 16:43:08.986,1.0148,1.01498,1.62,3.00
2011.02.25 16:43:09.537,1.0148,1.01498,2.37,3.00
2011.02.25 16:43:10.635,1.01479,1.01498,5.56,3.00
2011.02.25 16:43:11.516,1.01479,1.01498,10.81,1.50
2011.02.25 16:43:13.607,1.01479,1.01497,4.62,2.44
2011.02.25 16:43:13.832,1.01478,1.01494,1.62,2.25
2011.02.25 16:43:13.946,1.01477,1.01494,2.37,4.50
2011.02.25 16:43:14.499,1.01476,1.01491,1.62,2.25
2011.02.25 16:43:15.167,1.01476,1.01492,4.62,1.50
2011.02.25 16:43:15.497,1.01476,1.01493,1.62,1.50
2011.02.25 16:43:15.826,1.01475,1.01494,9.12,3.75
2011.02.25 16:43:16.376,1.01478,1.01494,2.25,3.75
2011.02.25 16:43:16.925,1.01479,1.01494,2.37,2.25
2011.02.25 16:43:17.475,1.01479,1.01494,2.37,2.25
2011.02.25 16:43:18.247,1.01479,1.01494,3.12,2.25
2011.02.25 16:43:25.916,1.01479,1.01497,7.62,3.00
2011.02.25 16:43:28.725,1.0148,1.01497,2.37,3.00
2011.02.25 16:43:31.715,1.0148,1.01497,4.62,3.00
2011.02.25 16:43:32.268,1.01481,1.01497,3.75,3.00
2011.02.25 16:43:33.035,1.01479,1.01497,12.87,3.00
2011.02.25 16:43:33.475,1.01481,1.01497,5.37,2.25
2011.02.25 16:43:36.076,1.01481,1.01497,6.12,2.25
2011.02.25 16:43:37.525,1.0148,1.01497,1.62,2.25
2011.02.25 16:43:41.155,1.01479,1.01498,4.62,3.00
2011.02.25 16:43:42.037,1.0148,1.01497,1.62,2.25
2011.02.25 16:43:42.259,1.0148,1.01498,1.62,5.25
2011.02.25 16:43:43.745,1.0148,1.01498,1.62,4.50
2011.02.25 16:43:44.406,1.0148,1.01498,1.62,4.50
2011.02.25 16:43:45.446,1.01481,1.01498,7.62,3.00
2011.02.25 16:43:46.818,1.01483,1.01498,1.62,3.00
2011.02.25 16:43:46.931,1.01486,1.01498,1.69,3.00
2011.02.25 16:43:47.376,1.01489,1.01502,2.25,3.00
2011.02.25 16:43:47.817,1.01486,1.01503,2.37,1.50
2011.02.25 16:43:50.071,1.01483,1.01501,7.06,3.00
2011.02.25 16:43:50.192,1.01483,1.01501,3.31,2.25
2011.02.25 16:43:51.738,1.01483,1.01499,3.31,1.50
2011.02.25 16:43:52.286,1.0148,1.01499,1.62,3.00
2011.02.25 16:43:56.676,1.01481,1.01499,4.62,1.50
2011.02.25 16:43:56.786,1.01481,1.01499,6.87,1.50
2011.02.25 16:43:57.116,1.01482,1.01499,2.37,1.50
2011.02.25 16:43:57.706,1.01485,1.01501,1.50,3.00
2011.02.25 16:44:00.197,1.01486,1.01502,1.25,1.50
2011.02.25 16:44:00.310,1.01488,1.01503,2.44,1.50
2011.02.25 16:44:00.543,1.01488,1.01502,2.25,1.73
2011.02.25 16:44:00.658,1.01487,1.01502,2.56,1.50
2011.02.25 16:44:01.098,1.0149,1.01506,1.62,3.00
2011.02.25 16:44:01.646,1.0149,1.01507,1.62,1.50
2011.02.25 16:44:03.048,1.01489,1.01508,6.31,3.00
2011.02.25 16:44:07.716,1.01489,1.01508,4.81,3.00
2011.02.25 16:44:08.267,1.01489,1.01508,5.56,6.75
2011.02.25 16:44:09.050,1.01489,1.01505,4.62,1.50
2011.02.25 16:44:09.455,1.01487,1.01505,3.31,2.40
2011.02.25 16:44:09.899,1.01489,1.01506,2.37,2.40
2011.02.25 16:44:10.010,1.01489,1.01507,3.87,1.50
2011.02.25 16:44:10.237,1.01489,1.01507,3.87,1.50
2011.02.25 16:44:10.786,1.01489,1.01507,3.12,3.15
2011.02.25 16:44:11.116,1.01489,1.01506,3.12,3.15
2011.02.25 16:44:11.226,1.01489,1.01506,2.37,3.15
2011.02.25 16:44:11.776,1.01489,1.01506,3.12,3.00
2011.02.25 16:44:13.846,1.01489,1.01498,3.12,3.75
2011.02.25 16:44:14.178,1.0148,1.01496,2.37,3.19
2011.02.25 16:44:14.508,1.01481,1.01496,2.37,6.19
2011.02.25 16:44:15.057,1.01479,1.01495,1.62,4.69
2011.02.25 16:44:16.266,1.01478,1.01496,1.62,2.44
2011.02.25 16:44:18.218,1.0148,1.01497,1.62,3.94
2011.02.25 16:44:20.216,1.0148,1.01498,1.62,1.69
2011.02.25 16:44:20.329,1.01478,1.01496,2.37,3.94
2011.02.25 16:44:20.885,1.01478,1.01496,1.62,5.44
2011.02.25 16:44:23.506,1.01479,1.01496,2.56,1.50
2011.02.25 16:44:24.132,1.0148,1.01499,4.62,3.00
2011.02.25 16:44:24.254,1.01483,1.01498,7.69,1.50
2011.02.25 16:44:24.697,1.01484,1.01503,1.62,3.75
2011.02.25 16:44:25.248,1.01483,1.01503,6.31,3.75
2011.02.25 16:44:25.358,1.01485,1.01503,1.85,2.25
2011.02.25 16:44:25.467,1.01487,1.01505,2.75,3.00
2011.02.25 16:44:25.798,1.01489,1.01506,3.12,2.25
2011.02.25 16:44:25.907,1.01489,1.01506,3.12,1.50
2011.02.25 16:44:26.457,1.01489,1.01506,3.12,3.00
2011.02.25 16:44:27.005,1.01489,1.01506,3.12,3.00
2011.02.25 16:44:28.037,1.01489,1.01503,2.25,1.50
2011.02.25 16:44:28.147,1.01486,1.01503,1.62,1.88
2011.02.25 16:44:28.255,1.01485,1.01503,1.62,1.88
2011.02.25 16:44:29.527,1.01484,1.01502,2.56,2.25
2011.02.25 16:44:30.965,1.01484,1.01501,1.81,2.25
2011.02.25 16:44:31.187,1.01483,1.01499,1.50,1.50
2011.02.25 16:44:31.736,1.0148,1.01499,2.37,3.00
2011.02.25 16:44:32.285,1.0148,1.01499,3.12,3.00
2011.02.25 16:44:33.189,1.01478,1.01498,6.87,1.32
2011.02.25 16:44:33.517,1.01476,1.01495,1.62,1.69
2011.02.25 16:44:33.846,1.01476,1.01495,4.62,1.69
2011.02.25 16:44:34.176,1.01476,1.01495,5.37,1.69
2011.02.25 16:44:34.818,1.01477,1.01495,4.62,1.69
2011.02.25 16:44:35.366,1.01477,1.01495,4.62,1.69
2011.02.25 16:44:36.487,1.01477,1.01492,1.62,1.50
2011.02.25 16:44:37.585,1.01474,1.01492,5.56,3.00
2011.02.25 16:44:38.026,1.01471,1.0149,2.37,2.25
2011.02.25 16:44:38.576,1.01471,1.0149,2.37,2.25
2011.02.25 16:44:38.799,1.0147,1.01486,1.32,3.19
2011.02.25 16:44:39.355,1.01469,1.01486,1.62,3.19
2011.02.25 16:44:39.772,1.01474,1.01486,1.69,2.25
2011.02.25 16:44:39.893,1.01474,1.0149,4.06,3.00
2011.02.25 16:44:40.446,1.01474,1.0149,3.31,1.50
2011.02.25 16:44:40.558,1.01474,1.0149,3.31,1.50
2011.02.25 16:44:41.000,1.01477,1.01491,2.07,1.50
2011.02.25 16:44:41.337,1.01475,1.01493,6.12,1.50
2011.02.25 16:44:41.775,1.01474,1.01491,4.06,1.50
2011.02.25 16:44:41.995,1.01474,1.01491,4.06,1.50
2011.02.25 16:44:42.547,1.01474,1.01491,3.31,1.50
2011.02.25 16:44:42.656,1.01475,1.01491,1.50,1.50
2011.02.25 16:44:43.207,1.01476,1.01493,1.25,1.50
2011.02.25 16:44:43.538,1.01478,1.01494,1.06,3.00
2011.02.25 16:44:44.486,1.01479,1.01494,3.94,3.00
2011.02.25 16:44:46.375,1.01477,1.01494,4.62,5.25
2011.02.25 16:44:47.278,1.01478,1.01494,1.81,2.25
2011.02.25 16:44:47.826,1.01479,1.01496,4.81,4.50
2011.02.25 16:44:48.375,1.01479,1.01496,5.56,3.00
2011.02.25 16:44:50.792,1.01479,1.01495,5.56,2.25
2011.02.25 16:44:50.906,1.01479,1.01495,4.06,2.25
2011.02.25 16:44:52.885,1.01479,1.01495,4.81,1.50
2011.02.25 16:44:53.437,1.01479,1.01495,4.81,2.25
2011.02.25 16:44:53.547,1.01479,1.01495,4.81,2.25
2011.02.25 16:44:54.215,1.01479,1.01495,4.06,2.25
2011.02.25 16:44:57.536,1.01479,1.01495,4.81,2.25
2011.02.25 16:44:59.826,1.01479,1.01495,5.56,2.25
2011.02.25 16:45:00.706,1.01478,1.01494,1.62,2.48
2011.02.25 16:45:00.925,1.01478,1.01494,1.62,2.48
2011.02.25 16:45:01.365,1.01476,1.01494,1.62,3.75
2011.02.25 16:45:01.916,1.01478,1.01494,3.31,3.00
2011.02.25 16:45:02.467,1.01478,1.01493,1.62,1.50
2011.02.25 16:45:02.909,1.01476,1.01493,1.62,1.50
2011.02.25 16:45:03.997,1.01479,1.01495,1.06,1.50
2011.02.25 16:45:04.217,1.01479,1.01495,2.56,1.50
2011.02.25 16:45:05.860,1.01481,1.01497,2.44,1.50
2011.02.25 16:45:06.430,1.0148,1.01499,2.37,2.25
2011.02.25 16:45:06.986,1.01481,1.01497,1.62,2.25
2011.02.25 16:45:07.885,1.01483,1.01497,1.62,1.50
2011.02.25 16:45:08.436,1.01484,1.01496,1.06,1.50
2011.02.25 16:45:08.545,1.01484,1.01494,1.06,1.50
2011.02.25 16:45:09.427,1.01484,1.01496,1.06,1.50
2011.02.25 16:45:09.758,1.01482,1.01496,2.37,2.25
2011.02.25 16:45:10.086,1.01481,1.01496,1.62,2.25
2011.02.25 16:45:10.856,1.01481,1.01495,1.62,1.50
2011.02.25 16:45:11.534,1.01483,1.01496,3.31,1.50
2011.02.25 16:45:21.465,1.01483,1.01497,4.28,2.25
2011.02.25 16:45:25.259,1.01484,1.01499,1.31,2.25
2011.02.25 16:45:25.490,1.01486,1.01502,2.93,2.25
2011.02.25 16:45:25.826,1.0149,1.01504,1.62,1.50
2011.02.25 16:45:31.926,1.01491,1.01502,2.37,1.50
2011.02.25 16:45:32.918,1.01491,1.01503,3.12,1.50
2011.02.25 16:45:33.140,1.01491,1.01506,3.12,2.25
2011.02.25 16:45:37.297,1.01491,1.01504,3.12,3.75
2011.02.25 16:45:38.815,1.01487,1.01503,2.37,2.25
2011.02.25 16:45:39.146,1.01487,1.01503,1.62,2.25
2011.02.25 16:45:40.227,1.01489,1.01503,1.06,5.25
2011.02.25 16:45:40.825,1.0149,1.01504,2.25,4.50
2011.02.25 16:45:45.648,1.0149,1.01506,2.25,1.50
2011.02.25 16:45:49.106,1.0149,1.01506,3.00,1.50
2011.02.25 16:45:49.766,1.0149,1.01506,3.00,1.50
2011.02.25 16:45:50.317,1.0149,1.01507,3.12,1.50
2011.02.25 16:45:53.776,1.0149,1.01506,3.00,1.50
2011.02.25 16:45:54.325,1.0149,1.01506,3.00,1.50
2011.02.25 16:45:54.987,1.0149,1.01506,3.00,1.50
2011.02.25 16:45:59.266,1.0149,1.01506,2.25,3.00
2011.02.25 16:45:59.781,1.0149,1.01506,2.25,3.00
2011.02.25 16:46:01.866,1.0149,1.01506,2.25,3.00
2011.02.25 16:46:02.427,1.0149,1.01506,3.00,3.00
2011.02.25 16:46:06.408,1.0149,1.01506,3.00,3.00
2011.02.25 16:46:06.629,1.01492,1.01506,1.69,3.00
2011.02.25 16:46:06.849,1.01494,1.01508,1.72,2.25
2011.02.25 16:46:07.069,1.01498,1.01513,1.62,3.00
2011.02.25 16:46:07.291,1.01505,1.01515,1.50,2.25
2011.02.25 16:46:07.687,1.01505,1.0152,3.00,2.25
2011.02.25 16:46:08.359,1.01501,1.01518,5.22,1.50
2011.02.25 16:46:09.597,1.01501,1.01518,4.62,1.50
2011.02.25 16:46:10.479,1.01504,1.01519,1.50,1.50
2011.02.25 16:46:10.589,1.01505,1.01519,3.75,1.50
2011.02.25 16:46:14.022,1.01505,1.01523,3.12,3.00
2011.02.25 16:46:14.141,1.01506,1.01521,1.62,1.50
2011.02.25 16:46:15.459,1.01506,1.01521,1.62,2.25
2011.02.25 16:46:16.008,1.01505,1.01521,3.87,2.25
2011.02.25 16:46:16.668,1.01505,1.0152,3.12,2.25
2011.02.25 16:46:17.219,1.01504,1.01518,1.50,2.25
2011.02.25 16:46:17.593,1.01503,1.01518,1.62,2.25
2011.02.25 16:46:22.892,1.01502,1.01519,1.62,2.25
2011.02.25 16:46:23.448,1.01503,1.01519,1.62,2.25
2011.02.25 16:46:23.997,1.01501,1.0152,3.87,5.25
2011.02.25 16:46:24.548,1.01501,1.01519,3.87,4.50
2011.02.25 16:46:27.428,1.01501,1.0152,3.12,6.00
2011.02.25 16:46:27.543,1.015,1.01517,2.37,1.09
2011.02.25 16:46:27.880,1.015,1.01516,3.12,1.05
2011.02.25 16:46:28.428,1.01499,1.01517,3.12,4.50
2011.02.25 16:46:29.969,1.015,1.01518,3.12,5.63
2011.02.25 16:46:30.433,1.01502,1.01518,1.50,1.50
2011.02.25 16:46:30.989,1.01503,1.01517,3.12,2.25
2011.02.25 16:46:32.119,1.01503,1.01519,3.12,5.25
2011.02.25 16:46:32.667,1.01503,1.01519,3.87,1.50
2011.02.25 16:46:32.999,1.01503,1.01518,3.12,4.50
2011.02.25 16:46:33.547,1.01503,1.01519,3.12,5.25
2011.02.25 16:46:34.098,1.01503,1.01519,2.37,5.25
2011.02.25 16:46:34.318,1.01503,1.01518,2.37,4.50
2011.02.25 16:46:34.867,1.01503,1.01519,2.37,5.25
2011.02.25 16:46:35.312,1.01503,1.01519,4.62,1.50
2011.02.25 16:46:37.459,1.01504,1.01521,3.12,2.44
2011.02.25 16:46:37.678,1.01508,1.01521,2.25,2.25
2011.02.25 16:46:38.668,1.01508,1.01524,3.00,1.50
2011.02.25 16:46:38.779,1.01508,1.01524,3.12,1.50
2011.02.25 16:46:39.658,1.01509,1.01524,1.62,1.50
2011.02.25 16:46:40.209,1.01509,1.01524,2.37,1.50
2011.02.25 16:46:41.239,1.01509,1.01524,2.37,1.50
2011.02.25 16:46:41.570,1.01512,1.01526,3.00,2.25
2011.02.25 16:46:41.679,1.01512,1.01527,3.00,5.25
2011.02.25 16:46:42.338,1.01512,1.01528,3.12,1.50
2011.02.25 16:46:43.184,1.01519,1.01531,2.25,1.50
2011.02.25 16:46:43.848,1.01519,1.0153,2.25,1.50
2011.02.25 16:46:46.239,1.01519,1.01528,2.25,1.32
2011.02.25 16:46:46.350,1.01511,1.01528,3.57,3.57
2011.02.25 16:46:46.571,1.01514,1.01528,1.62,3.00
2011.02.25 16:46:46.691,1.01514,1.01528,3.12,2.25
2011.02.25 16:46:46.802,1.01519,1.0153,2.25,1.50
2011.02.25 16:46:47.028,1.01514,1.0153,1.62,1.50
2011.02.25 16:46:47.139,1.01514,1.0153,1.62,1.50
2011.02.25 16:46:47.469,1.01513,1.01528,1.62,1.13
2011.02.25 16:46:47.799,1.01518,1.0153,3.00,3.00
2011.02.25 16:46:48.021,1.01518,1.01531,2.25,1.69
2011.02.25 16:46:48.138,1.01515,1.01531,1.50,1.69
2011.02.25 16:46:49.227,1.01519,1.01533,3.00,1.50
2011.02.25 16:46:49.461,1.01522,1.01538,2.25,3.00
2011.02.25 16:46:49.689,1.01522,1.01537,3.12,2.25
2011.02.25 16:46:50.238,1.01522,1.01538,4.62,4.50
2011.02.25 16:46:56.598,1.01522,1.01539,4.62,1.50
2011.02.25 16:46:58.668,1.01522,1.01538,3.87,4.50
2011.02.25 16:46:59.218,1.01522,1.01539,4.62,1.50
2011.02.25 16:46:59.327,1.01522,1.01539,4.62,1.50
2011.02.25 16:46:59.978,1.01522,1.01539,4.62,1.50
2011.02.25 16:47:08.067,1.01522,1.01539,4.62,5.25
2011.02.25 16:47:08.618,1.01522,1.01539,4.62,5.25
2011.02.25 16:47:11.577,1.01522,1.01538,4.62,4.50
2011.02.25 16:47:12.129,1.01522,1.01539,4.62,5.25
2011.02.25 16:47:13.008,1.01522,1.01533,3.87,1.50
2011.02.25 16:47:13.559,1.01519,1.01535,3.87,2.59
2011.02.25 16:47:13.979,1.01523,1.01536,2.25,1.50
2011.02.25 16:47:14.311,1.01518,1.01536,6.12,3.19
2011.02.25 16:47:14.860,1.01516,1.01531,2.37,1.69
2011.02.25 16:47:15.409,1.01514,1.01531,1.62,3.94
2011.02.25 16:47:15.958,1.01514,1.01529,1.62,1.50
2011.02.25 16:47:16.509,1.01514,1.0153,1.62,2.25
2011.02.25 16:47:17.900,1.01519,1.01532,2.25,2.25
2011.02.25 16:47:18.010,1.01519,1.01532,2.25,2.25
2011.02.25 16:47:18.340,1.01519,1.01533,2.25,3.75
2011.02.25 16:47:19.648,1.01519,1.01533,2.25,2.25
2011.02.25 16:47:20.199,1.01519,1.01535,3.12,3.19
2011.02.25 16:47:20.310,1.01522,1.01535,2.25,3.00
2011.02.25 16:47:20.420,1.01522,1.01535,2.37,1.50
2011.02.25 16:47:20.528,1.01522,1.01537,2.37,3.00
2011.02.25 16:47:22.487,1.01522,1.01537,3.87,2.25
2011.02.25 16:47:22.821,1.01528,1.01541,2.25,1.50
2011.02.25 16:47:23.040,1.01524,1.01539,1.62,2.25
2011.02.25 16:47:23.588,1.01523,1.01539,1.62,2.25
2011.02.25 16:47:23.697,1.01523,1.01539,1.62,2.25
2011.02.25 16:47:25.197,1.01522,1.01538,3.87,4.50
2011.02.25 16:47:28.788,1.01522,1.01538,3.87,6.00
2011.02.25 16:47:29.125,1.01521,1.01535,1.62,2.25
2011.02.25 16:47:29.350,1.01523,1.01537,2.25,3.75
2011.02.25 16:47:30.228,1.01523,1.01536,2.25,2.25
2011.02.25 16:47:31.807,1.01523,1.01536,2.25,1.50
2011.02.25 16:47:37.689,1.01523,1.01536,2.25,2.25
2011.02.25 16:47:39.478,1.01523,1.01536,2.25,1.50
2011.02.25 16:47:44.729,1.01523,1.01538,2.25,2.25
2011.02.25 16:47:48.440,1.01523,1.01538,2.25,2.25
2011.02.25 16:47:48.768,1.01523,1.01538,2.25,2.25
2011.02.25 16:47:49.428,1.01523,1.01538,2.25,2.25
2011.02.25 16:47:49.981,1.01523,1.01537,2.25,2.44
2011.02.25 16:47:50.309,1.01519,1.01536,5.37,1.65
2011.02.25 16:47:50.859,1.01522,1.01536,2.25,4.22
2011.02.25 16:47:50.971,1.01519,1.01536,3.12,1.50
2011.02.25 16:47:51.089,1.01522,1.01535,2.25,1.50
2011.02.25 16:47:52.148,1.01522,1.01535,2.25,1.50
2011.02.25 16:47:52.371,1.01519,1.01535,2.37,1.50
2011.02.25 16:47:52.589,1.01522,1.01535,2.25,1.50
2011.02.25 16:47:56.909,1.01522,1.01537,3.00,2.53
2011.02.25 16:47:57.241,1.01529,1.01539,2.25,2.07
2011.02.25 16:47:57.349,1.01523,1.01538,1.62,5.07
2011.02.25 16:47:57.461,1.0152,1.01538,2.37,5.25
2011.02.25 16:47:57.681,1.01523,1.01538,3.00,3.75
2011.02.25 16:48:02.059,1.01528,1.01539,3.00,2.25
2011.02.25 16:48:05.968,1.01528,1.0154,2.25,1.50
2011.02.25 16:48:07.499,1.01526,1.01538,1.50,1.50
2011.02.25 16:48:07.609,1.01523,1.01538,3.00,2.25
2011.02.25 16:48:07.718,1.01523,1.01538,3.00,3.00
2011.02.25 16:48:08.478,1.01523,1.01538,2.25,3.00
2011.02.25 16:48:09.249,1.01529,1.01538,2.25,3.00
2011.02.25 16:48:09.470,1.01529,1.01541,2.25,3.00
2011.02.25 16:48:10.718,1.01529,1.0154,2.25,1.50
2011.02.25 16:48:11.798,1.01527,1.0154,2.25,1.50
2011.02.25 16:48:15.769,1.01527,1.0154,2.25,1.50
2011.02.25 16:48:20.387,1.01527,1.0154,2.25,1.50
2011.02.25 16:48:20.938,1.01527,1.0154,2.25,1.50
2011.02.25 16:48:31.030,1.01527,1.0154,2.25,1.50
2011.02.25 16:48:31.254,1.01527,1.0154,2.25,1.69
2011.02.25 16:48:31.588,1.01522,1.01538,2.25,1.50
2011.02.25 16:48:32.488,1.0152,1.01538,5.37,1.50
2011.02.25 16:48:32.708,1.0152,1.01538,5.37,1.50
2011.02.25 16:48:33.798,1.0152,1.01538,5.37,1.50
2011.02.25 16:48:34.611,1.0152,1.01538,5.37,1.50
2011.02.25 16:48:34.785,1.0152,1.01538,5.37,1.50
2011.02.25 16:48:35.400,1.0152,1.01538,5.37,2.25
2011.02.25 16:48:35.947,1.0152,1.01538,5.37,2.25
2011.02.25 16:48:37.818,1.0152,1.01538,3.87,2.25
2011.02.25 16:48:38.332,1.0152,1.01538,3.87,2.25
2011.02.25 16:48:40.127,1.0152,1.01538,3.87,2.25
2011.02.25 16:48:45.187,1.0152,1.01538,3.87,1.50
2011.02.25 16:48:46.327,1.0152,1.01538,3.87,1.50
2011.02.25 16:48:46.658,1.0152,1.01538,3.87,1.65
2011.02.25 16:48:47.218,1.0152,1.01538,3.87,1.50
2011.02.25 16:48:47.768,1.0152,1.01538,3.87,1.65
2011.02.25 16:48:48.403,1.0152,1.01538,5.37,1.50
2011.02.25 16:48:48.972,1.0152,1.01538,3.87,1.50
2011.02.25 16:48:54.355,1.0152,1.01538,3.87,1.50
2011.02.25 16:48:55.858,1.01522,1.01538,2.25,1.50
2011.02.25 16:49:00.521,1.01518,1.01533,2.37,2.25
2011.02.25 16:49:00.860,1.0152,1.01536,3.00,1.50
2011.02.25 16:49:00.971,1.0152,1.01536,3.00,1.50
2011.02.25 16:49:07.601,1.01518,1.01534,3.12,3.00
2011.02.25 16:49:08.148,1.01521,1.01537,3.00,3.00
2011.02.25 16:49:09.138,1.01521,1.01536,3.00,1.50
2011.02.25 16:49:09.688,1.01521,1.01537,3.12,2.25
2011.02.25 16:49:11.258,1.01521,1.01537,3.12,1.50
2011.02.25 16:49:11.369,1.01521,1.01537,3.12,1.50
2011.02.25 16:49:11.979,1.01521,1.01537,3.12,2.25
2011.02.25 16:49:12.485,1.01521,1.01533,2.37,1.50
2011.02.25 16:49:12.605,1.01517,1.01533,3.12,3.75
2011.02.25 16:49:14.328,1.01517,1.01533,3.12,3.00
2011.02.25 16:49:15.198,1.01517,1.01532,2.25,1.50
2011.02.25 16:49:19.561,1.01518,1.01533,2.25,3.00
2011.02.25 16:49:19.870,1.01521,1.01534,2.25,2.25
2011.02.25 16:49:20.429,1.01521,1.01536,3.00,1.50
2011.02.25 16:49:21.310,1.01521,1.01538,3.12,1.50
2011.02.25 16:49:34.239,1.01521,1.01536,3.12,1.50
2011.02.25 16:49:35.179,1.01521,1.01537,3.12,1.50
2011.02.25 16:49:35.509,1.01521,1.01537,3.12,1.50
2011.02.25 16:49:37.538,1.01521,1.01537,3.12,1.50
2011.02.25 16:49:38.635,1.01521,1.01537,3.12,1.50
2011.02.25 16:49:40.070,1.01521,1.01537,3.12,1.50
2011.02.25 16:49:42.879,1.01521,1.01537,2.37,3.00
2011.02.25 16:49:43.322,1.01521,1.01533,2.25,2.03
2011.02.25 16:49:43.439,1.01516,1.01533,3.12,1.28
2011.02.25 16:49:43.883,1.01521,1.01536,2.25,5.25
2011.02.25 16:49:44.408,1.01521,1.01536,2.25,2.25
2011.02.25 16:49:44.959,1.01517,1.01533,3.87,2.25
2011.02.25 16:49:45.293,1.01519,1.01533,1.06,2.25
2011.02.25 16:49:45.409,1.0152,1.01536,3.00,3.75
2011.02.25 16:49:45.519,1.0152,1.01536,2.25,3.75
2011.02.25 16:49:46.209,1.0152,1.01536,2.25,3.75
2011.02.25 16:49:46.538,1.0152,1.01536,2.25,3.75
2011.02.25 16:49:46.979,1.0152,1.01536,3.94,2.25
2011.02.25 16:49:47.310,1.01521,1.01539,5.37,2.25
2011.02.25 16:49:47.418,1.01521,1.01536,3.12,2.25
2011.02.25 16:49:47.529,1.01521,1.01536,3.12,1.50
2011.02.25 16:49:47.969,1.01521,1.01538,3.12,1.50
2011.02.25 16:49:51.559,1.01521,1.01538,3.12,1.50
2011.02.25 16:49:52.230,1.01524,1.01538,1.50,1.50
2011.02.25 16:49:52.450,1.01526,1.01541,6.00,2.25
2011.02.25 16:49:52.998,1.01523,1.0154,5.37,1.69
2011.02.25 16:49:53.218,1.01523,1.0154,4.62,1.69
2011.02.25 16:49:53.328,1.01522,1.01541,6.87,3.94
2011.02.25 16:49:53.878,1.01527,1.0154,2.25,1.50
2011.02.25 16:49:56.617,1.01528,1.0154,1.50,1.50
2011.02.25 16:49:56.950,1.01537,1.01551,2.25,2.25
2011.02.25 16:49:57.518,1.01537,1.01552,3.12,1.50
2011.02.25 16:50:03.502,1.01537,1.01552,2.37,1.50
2011.02.25 16:50:05.932,1.01537,1.01547,3.12,3.75
2011.02.25 16:50:06.270,1.01531,1.01543,1.17,2.25
2011.02.25 16:50:06.490,1.01531,1.01546,3.42,5.44
2011.02.25 16:50:06.599,1.0153,1.01543,3.12,2.25
2011.02.25 16:50:08.880,1.01528,1.01543,2.37,2.25
2011.02.25 16:50:09.209,1.01527,1.01543,2.37,5.25
2011.02.25 16:50:09.319,1.01527,1.01542,2.25,1.50
2011.02.25 16:50:09.429,1.01527,1.01543,3.00,3.00
2011.02.25 16:50:16.181,1.01527,1.01543,3.87,3.00
2011.02.25 16:50:16.510,1.01527,1.01541,2.25,1.50
2011.02.25 16:50:17.279,1.01527,1.01541,2.25,1.50
2011.02.25 16:50:19.139,1.01527,1.01541,2.25,1.50
2011.02.25 16:50:23.128,1.01527,1.01541,2.25,1.50
2011.02.25 16:50:23.812,1.01527,1.01541,2.25,1.50
2011.02.25 16:50:24.492,1.01527,1.01541,2.25,1.50
2011.02.25 16:50:25.103,1.01527,1.01541,2.25,1.50
2011.02.25 16:50:27.064,1.01527,1.01541,2.25,3.00
2011.02.25 16:50:27.288,1.01527,1.01541,2.25,3.00
2011.02.25 16:50:29.728,1.01527,1.01541,2.25,1.50
2011.02.25 16:50:30.278,1.01527,1.01541,3.00,1.50
2011.02.25 16:50:30.608,1.01527,1.01543,3.12,3.00
2011.02.25 16:50:31.379,1.01527,1.01543,3.12,3.00
2011.02.25 16:50:31.932,1.01527,1.01543,2.37,4.50
2011.02.25 16:50:32.488,1.01527,1.01542,2.25,1.50
2011.02.25 16:50:32.820,1.01527,1.01542,2.25,1.50
2011.02.25 16:50:36.790,1.01527,1.01542,2.25,3.00
2011.02.25 16:50:39.438,1.01527,1.01541,2.25,2.25
2011.02.25 16:50:40.319,1.01527,1.01539,2.25,1.50
2011.02.25 16:50:40.928,1.01527,1.01539,2.25,1.50
2011.02.25 16:50:43.191,1.01527,1.01539,2.25,1.50
2011.02.25 16:50:44.438,1.01527,1.01539,2.25,1.50
2011.02.25 16:50:46.298,1.01527,1.0154,2.25,1.50
2011.02.25 16:50:48.029,1.01527,1.01539,2.25,1.50
2011.02.25 16:50:48.380,1.01527,1.01539,2.25,3.00
2011.02.25 16:50:48.696,1.01522,1.01539,2.37,3.00
2011.02.25 16:50:48.929,1.01521,1.01537,3.75,1.50
2011.02.25 16:50:49.370,1.01521,1.01536,2.25,2.25
2011.02.25 16:50:49.591,1.01521,1.01536,2.25,2.25
2011.02.25 16:50:50.151,1.01521,1.01536,3.00,2.25
2011.02.25 16:50:50.373,1.01521,1.01539,3.75,3.00
2011.02.25 16:51:03.868,1.01521,1.01538,5.25,1.50
2011.02.25 16:51:03.979,1.01521,1.01537,4.50,2.25
2011.02.25 16:51:04.089,1.01521,1.01537,4.50,1.50
2011.02.25 16:51:04.198,1.01521,1.01537,3.00,3.00
2011.02.25 16:51:04.419,1.01521,1.01537,3.00,2.25
2011.02.25 16:51:04.968,1.01521,1.01533,2.25,1.50
2011.02.25 16:51:05.769,1.01521,1.01537,3.00,3.00
2011.02.25 16:51:05.878,1.01521,1.01538,3.00,3.00
2011.02.25 16:51:07.089,1.01521,1.01538,3.00,3.00
2011.02.25 16:51:07.749,1.01521,1.01538,3.00,3.00
2011.02.25 16:51:08.560,1.01522,1.01539,1.50,1.50
2011.02.25 16:51:12.889,1.01521,1.01536,3.00,1.50
2011.02.25 16:51:13.220,1.01517,1.01533,5.37,2.25
2011.02.25 16:51:13.438,1.01517,1.01533,3.12,3.00
2011.02.25 16:51:22.325,1.01517,1.0153,3.00,1.50
2011.02.25 16:51:22.661,1.01514,1.01524,1.62,2.25
2011.02.25 16:51:22.770,1.01511,1.01524,2.37,2.25
2011.02.25 16:51:22.991,1.0151,1.01527,3.87,1.69
2011.02.25 16:51:23.211,1.01507,1.01523,3.12,3.75
2011.02.25 16:51:23.538,1.01507,1.01523,3.00,5.25
2011.02.25 16:51:23.870,1.01507,1.0152,2.25,1.50
2011.02.25 16:51:24.869,1.01507,1.01521,3.00,1.50
2011.02.25 16:51:26.434,1.01507,1.0152,2.25,1.50
2011.02.25 16:51:29.999,1.01507,1.01523,3.00,3.75
2011.02.25 16:51:30.815,1.01507,1.01522,2.25,1.50
2011.02.25 16:51:31.588,1.01507,1.01522,2.25,1.50
2011.02.25 16:51:31.811,1.01507,1.01523,3.00,4.50
2011.02.25 16:51:32.358,1.01507,1.01523,3.12,3.75
2011.02.25 16:51:33.028,1.01507,1.01522,4.62,1.50
2011.02.25 16:51:33.359,1.01507,1.01523,3.12,3.00
2011.02.25 16:51:43.299,1.01507,1.01523,4.62,2.25
2011.02.25 16:51:43.628,1.01511,1.01526,3.00,1.50
2011.02.25 16:51:43.738,1.01511,1.01527,3.00,1.50
2011.02.25 16:51:43.851,1.01511,1.01528,3.00,2.25
2011.02.25 16:51:54.678,1.01511,1.01528,3.00,2.25
2011.02.25 16:51:56.398,1.01511,1.01528,3.00,1.50
2011.02.25 16:52:01.809,1.01511,1.01527,3.00,1.50
2011.02.25 16:52:02.032,1.01511,1.01524,2.25,1.50
2011.02.25 16:52:02.263,1.01506,1.01522,3.87,1.50
2011.02.25 16:52:02.818,1.01506,1.0152,3.00,1.50
2011.02.25 16:52:10.530,1.01506,1.01521,3.00,1.50
2011.02.25 16:52:10.641,1.01507,1.01523,2.25,1.50
2011.02.25 16:52:10.861,1.01509,1.01524,2.25,3.00
2011.02.25 16:52:11.191,1.0151,1.01528,6.12,1.50
2011.02.25 16:52:11.738,1.01513,1.01528,2.25,2.25
2011.02.25 16:52:12.068,1.01513,1.01528,2.25,2.25
2011.02.25 16:52:12.620,1.01513,1.01528,2.25,2.25
2011.02.25 16:52:13.468,1.01513,1.01528,2.25,2.25
2011.02.25 16:52:14.618,1.01513,1.01528,2.25,1.50
2011.02.25 16:52:15.170,1.01513,1.01529,2.25,2.25
2011.02.25 16:52:15.762,1.01513,1.01528,2.25,1.50
2011.02.25 16:52:22.969,1.01511,1.01529,2.75,2.25
2011.02.25 16:52:23.521,1.01516,1.01529,2.25,1.50
2011.02.25 16:52:23.851,1.01516,1.01529,2.25,1.50
2011.02.25 16:52:23.961,1.01513,1.01529,3.12,1.50
2011.02.25 16:52:28.138,1.01512,1.01529,2.37,1.50
2011.02.25 16:52:28.471,1.01515,1.0153,2.82,1.50
2011.02.25 16:52:28.800,1.01521,1.01537,3.12,1.50
2011.02.25 16:52:29.129,1.01521,1.01538,3.87,1.50
2011.02.25 16:52:29.678,1.01521,1.01538,3.87,1.50
2011.02.25 16:52:30.009,1.01521,1.01538,3.87,1.50
2011.02.25 16:52:36.249,1.01521,1.01538,4.62,1.50
2011.02.25 16:52:44.131,1.01522,1.01538,1.13,1.50
2011.02.25 16:52:47.619,1.01521,1.01538,3.12,1.50
2011.02.25 16:52:50.107,1.01521,1.01538,3.12,1.50
2011.02.25 16:52:50.659,1.01521,1.01538,2.37,1.50
2011.02.25 16:52:51.314,1.01521,1.01538,3.12,1.50
2011.02.25 16:52:51.868,1.01521,1.01538,3.12,1.50
2011.02.25 16:52:53.069,1.01521,1.01538,3.12,1.50
2011.02.25 16:52:53.648,1.01521,1.01538,3.12,1.50
2011.02.25 16:52:53.979,1.01521,1.01538,2.37,1.50
2011.02.25 16:52:55.770,1.01521,1.01538,2.37,1.50
2011.02.25 16:52:56.318,1.01521,1.01538,2.37,1.50
2011.02.25 16:52:57.112,1.01521,1.01538,6.12,1.50
2011.02.25 16:52:57.719,1.01522,1.01538,1.50,1.50
2011.02.25 16:52:59.148,1.01521,1.01538,7.62,1.50
2011.02.25 16:53:03.449,1.01523,1.01538,1.50,1.50
2011.02.25 16:53:06.068,1.01522,1.01538,3.75,1.50
2011.02.25 16:53:09.718,1.01521,1.01538,7.62,1.50
2011.02.25 16:53:11.029,1.01522,1.01538,3.75,1.50
2011.02.25 16:53:12.258,1.01522,1.0154,3.87,5.25
2011.02.25 16:53:19.380,1.01521,1.01539,2.37,2.25
2011.02.25 16:53:19.490,1.01521,1.01537,2.37,2.25
2011.02.25 16:53:20.039,1.01521,1.01536,2.37,1.50
2011.02.25 16:53:27.860,1.01521,1.01534,2.37,1.50
2011.02.25 16:53:28.298,1.01521,1.01536,2.37,1.65
2011.02.25 16:53:35.705,1.01521,1.01534,2.37,1.50
2011.02.25 16:53:35.817,1.01521,1.01533,2.37,1.50
2011.02.25 16:53:36.368,1.01517,1.01533,3.87,3.75
2011.02.25 16:53:37.950,1.01517,1.01533,3.00,4.50
2011.02.25 16:53:38.499,1.01517,1.01533,2.25,4.50
2011.02.25 16:53:40.958,1.01517,1.01533,2.37,3.75
2011.02.25 16:53:42.248,1.01517,1.01533,2.25,3.75
2011.02.25 16:53:51.009,1.01517,1.01533,2.25,4.50
2011.02.25 16:53:52.110,1.01517,1.01533,2.25,3.75
2011.02.25 16:53:52.769,1.01517,1.01533,2.25,3.75
2011.02.25 16:53:52.991,1.01517,1.01533,2.25,3.75
2011.02.25 16:53:53.888,1.01517,1.01533,2.25,3.75
2011.02.25 16:53:55.208,1.01517,1.01533,2.25,3.75
2011.02.25 16:53:56.208,1.01517,1.01533,2.25,3.75
2011.02.25 16:53:56.759,1.01517,1.01533,2.25,3.75
2011.02.25 16:53:56.998,1.01517,1.01533,2.25,3.75
2011.02.25 16:53:57.108,1.01517,1.01533,2.25,3.75
2011.02.25 16:53:57.888,1.01517,1.01533,2.25,3.75
2011.02.25 16:53:58.398,1.01517,1.01533,2.25,3.75
2011.02.25 16:53:59.277,1.01517,1.01533,2.25,3.75
2011.02.25 16:53:59.498,1.01517,1.01533,2.25,3.75
2011.02.25 16:54:01.602,1.01517,1.01533,3.12,3.00
2011.02.25 16:54:02.049,1.01518,1.01533,1.62,3.00
2011.02.25 16:54:07.198,1.01523,1.01533,1.50,3.00
2011.02.25 16:54:07.533,1.01524,1.01533,1.50,2.25
2011.02.25 16:54:07.650,1.01524,1.01535,1.50,1.50
2011.02.25 16:54:08.529,1.01524,1.01533,1.50,3.00
2011.02.25 16:54:09.091,1.01524,1.01533,1.50,3.00
2011.02.25 16:54:09.639,1.01523,1.01533,1.50,3.00
2011.02.25 16:54:10.511,1.01527,1.01535,2.25,1.50
2011.02.25 16:54:10.730,1.01526,1.01537,1.50,1.50
2011.02.25 16:54:10.841,1.01524,1.01537,1.50,1.50
2011.02.25 16:54:11.389,1.01525,1.0154,1.50,3.75
2011.02.25 16:54:14.470,1.01525,1.0154,1.50,3.75
2011.02.25 16:54:14.580,1.01527,1.0154,1.50,3.75
2011.02.25 16:54:14.909,1.01526,1.0154,2.25,1.50
2011.02.25 16:54:15.303,1.01526,1.0154,2.25,1.50
2011.02.25 16:54:15.889,1.01525,1.0154,1.50,3.75
2011.02.25 16:54:16.111,1.01529,1.0154,1.50,3.75
2011.02.25 16:54:16.442,1.01531,1.01541,2.25,1.50
2011.02.25 16:54:16.660,1.01531,1.01544,2.37,1.50
2011.02.25 16:54:17.209,1.01531,1.01544,2.37,1.50
2011.02.25 16:54:18.419,1.01531,1.01545,2.37,1.50
2011.02.25 16:54:18.639,1.01533,1.01546,1.50,1.50
2011.02.25 16:54:19.188,1.01533,1.01547,1.50,1.50
2011.02.25 16:54:20.880,1.01531,1.01547,4.62,1.50
2011.02.25 16:54:22.808,1.01531,1.01547,3.87,1.50
2011.02.25 16:54:23.138,1.01531,1.01547,3.87,1.50
2011.02.25 16:54:23.359,1.01531,1.01547,3.87,1.50
2011.02.25 16:54:24.220,1.01532,1.01548,1.65,1.50
2011.02.25 16:54:24.551,1.01537,1.01548,2.25,1.50
2011.02.25 16:54:25.057,1.01537,1.01548,2.25,1.50
2011.02.25 16:54:25.173,1.01531,1.01548,2.37,1.50
2011.02.25 16:54:25.291,1.01531,1.01548,2.37,1.50
2011.02.25 16:54:26.280,1.01533,1.01548,1.50,1.50
2011.02.25 16:54:26.608,1.01531,1.01548,2.37,1.50
2011.02.25 16:54:27.682,1.01531,1.01548,2.37,1.50
2011.02.25 16:54:36.318,1.01531,1.01548,1.62,1.50
2011.02.25 16:54:36.869,1.0153,1.01548,3.87,3.00
2011.02.25 16:54:38.919,1.01531,1.01547,1.62,4.50
2011.02.25 16:54:39.468,1.01531,1.01548,1.62,6.75
2011.02.25 16:54:42.282,1.01531,1.01548,1.62,1.50
2011.02.25 16:54:44.321,1.01531,1.01548,1.62,1.50
2011.02.25 16:54:44.649,1.01531,1.01548,1.62,1.50
2011.02.25 16:54:47.508,1.01531,1.01548,1.62,1.50
2011.02.25 16:54:49.990,1.01531,1.01549,3.12,2.25
2011.02.25 16:54:50.538,1.01531,1.01548,3.12,1.50
2011.02.25 16:54:52.252,1.01531,1.01548,3.12,1.50
2011.02.25 16:54:55.469,1.01531,1.01548,3.87,1.50
2011.02.25 16:54:57.909,1.01536,1.01548,2.25,1.50
2011.02.25 16:55:01.422,1.01536,1.01548,2.25,1.50
2011.02.25 16:55:09.629,1.01536,1.01548,2.25,1.50
2011.02.25 16:55:10.229,1.01536,1.01548,2.25,1.50
2011.02.25 16:55:10.686,1.01536,1.01549,3.00,3.00
2011.02.25 16:55:10.912,1.01541,1.01551,2.25,1.50
2011.02.25 16:55:11.032,1.01535,1.01551,2.37,1.69
2011.02.25 16:55:11.260,1.01535,1.0155,2.25,2.44
2011.02.25 16:55:12.580,1.01535,1.0155,3.00,1.69
2011.02.25 16:55:12.688,1.01535,1.01548,2.25,1.50
2011.02.25 16:55:16.880,1.01535,1.01547,2.25,4.50
2011.02.25 16:55:17.211,1.01528,1.01535,1.50,1.50
2011.02.25 16:55:17.321,1.0152,1.01535,6.00,1.50
2011.02.25 16:55:17.429,1.01525,1.01535,2.25,4.50
2011.02.25 16:55:17.864,1.01525,1.01538,2.25,1.50
2011.02.25 16:55:23.650,1.01525,1.01538,3.38,1.50
2011.02.25 16:55:23.980,1.01535,1.01544,2.25,1.50
2011.02.25 16:55:24.090,1.01535,1.01545,2.25,2.25
2011.02.25 16:55:24.990,1.01535,1.01544,2.25,1.50
2011.02.25 16:55:25.308,1.01529,1.01544,1.50,1.50
2011.02.25 16:55:27.159,1.01526,1.01544,1.62,1.50
2011.02.25 16:55:31.739,1.01525,1.01542,2.25,3.19
2011.02.25 16:55:31.958,1.01525,1.01541,1.50,1.50
2011.02.25 16:55:32.069,1.01525,1.01541,1.50,1.50
2011.02.25 16:55:32.618,1.01525,1.01541,1.50,1.50
2011.02.25 16:55:33.389,1.01525,1.01541,1.50,1.50
2011.02.25 16:55:33.689,1.01525,1.01542,2.25,2.44
2011.02.25 16:55:34.023,1.01525,1.01542,2.25,3.00
2011.02.25 16:55:34.141,1.01531,1.01542,2.25,1.50
2011.02.25 16:55:34.553,1.01526,1.01542,2.25,3.00
2011.02.25 16:55:35.119,1.01525,1.01541,2.25,1.69
2011.02.25 16:55:36.781,1.01525,1.01542,2.25,3.19
2011.02.25 16:55:37.330,1.01525,1.01543,2.25,4.50
2011.02.25 16:55:37.659,1.01525,1.01543,3.12,3.00
2011.02.25 16:55:38.530,1.01525,1.01542,2.37,1.69
2011.02.25 16:55:39.088,1.01525,1.01542,3.12,3.19
2011.02.25 16:55:44.799,1.01525,1.01541,1.62,1.69
2011.02.25 16:55:45.020,1.01524,1.0154,8.37,1.50
2011.02.25 16:55:49.634,1.01524,1.01541,4.62,1.69
2011.02.25 16:55:51.198,1.01524,1.0154,3.87,1.50
2011.02.25 16:55:51.771,1.01524,1.0154,3.87,1.50
2011.02.25 16:55:52.319,1.01524,1.01539,2.25,1.50
2011.02.25 16:55:53.841,1.01524,1.01539,2.25,1.50
2011.02.25 16:55:54.388,1.01524,1.01539,3.00,1.50
2011.02.25 16:55:55.498,1.01524,1.01539,3.00,1.50
2011.02.25 16:56:05.811,1.01524,1.01539,2.25,1.50
2011.02.25 16:56:06.688,1.01524,1.01539,2.25,1.50
2011.02.25 16:56:18.790,1.01524,1.0154,3.00,1.50
2011.02.25 16:56:19.235,1.01531,1.01541,2.25,2.44
2011.02.25 16:56:19.570,1.01525,1.01543,4.50,2.25
2011.02.25 16:56:19.790,1.01525,1.01541,2.25,1.50
2011.02.25 16:56:20.339,1.01525,1.0154,2.25,2.25
2011.02.25 16:56:20.450,1.0153,1.0154,2.25,2.25
2011.02.25 16:56:20.891,1.01525,1.01541,6.75,4.13
2011.02.25 16:56:20.998,1.01525,1.01541,6.00,4.13
2011.02.25 16:56:21.661,1.01525,1.01541,2.25,4.13
2011.02.25 16:56:34.579,1.01525,1.0154,3.00,1.50
2011.02.25 16:56:34.910,1.01531,1.01539,2.25,1.50
2011.02.25 16:56:35.243,1.01531,1.01541,2.25,1.88
2011.02.25 16:56:35.809,1.01531,1.01541,2.25,1.88
2011.02.25 16:56:43.329,1.01535,1.01542,2.25,2.25
2011.02.25 16:56:45.400,1.01535,1.01547,2.25,1.50
2011.02.25 16:56:46.440,1.01535,1.01548,3.00,2.25
2011.02.25 16:56:46.553,1.0154,1.01548,2.25,1.50
2011.02.25 16:56:46.779,1.01534,1.01548,3.00,1.50
2011.02.25 16:56:46.889,1.01534,1.01547,2.25,1.50
2011.02.25 16:56:54.522,1.01531,1.01546,2.25,1.69
2011.02.25 16:56:54.631,1.0153,1.01541,3.00,1.50
2011.02.25 16:56:54.739,1.0153,1.01541,3.00,1.50
2011.02.25 16:56:55.180,1.01525,1.0154,3.00,1.50
2011.02.25 16:56:55.619,1.01525,1.0154,2.25,3.19
2011.02.25 16:57:04.311,1.01525,1.01539,2.25,2.25
2011.02.25 16:57:04.861,1.01525,1.0154,3.00,2.44
2011.02.25 16:57:05.190,1.01525,1.01542,1.62,1.50
2011.02.25 16:57:05.739,1.01525,1.01541,1.62,3.38
2011.02.25 16:57:05.958,1.01524,1.0154,6.75,1.50
2011.02.25 16:57:06.069,1.01524,1.01539,6.00,1.50
2011.02.25 16:57:07.615,1.01524,1.01538,2.25,1.50
2011.02.25 16:57:15.089,1.01523,1.0154,4.50,1.50
2011.02.25 16:57:15.200,1.01523,1.0154,4.50,1.50
2011.02.25 16:57:15.751,1.01525,1.01543,1.73,3.75
2011.02.25 16:57:15.862,1.01529,1.01543,3.00,2.25
2011.02.25 16:57:16.205,1.01532,1.01543,2.25,1.50
2011.02.25 16:57:16.328,1.01532,1.01546,3.00,1.50
2011.02.25 16:57:25.839,1.01532,1.01546,3.00,1.50
2011.02.25 16:57:26.390,1.01532,1.01548,3.00,1.50
2011.02.25 16:57:28.190,1.01532,1.01549,3.00,3.75
2011.02.25 16:57:28.410,1.01532,1.01549,3.00,3.75
2011.02.25 16:57:38.108,1.01532,1.01546,2.25,1.50
2011.02.25 16:57:54.250,1.01532,1.01547,2.25,1.50
2011.02.25 16:57:57.519,1.01532,1.01546,2.25,1.50
2011.02.25 16:57:58.100,1.01532,1.01547,2.25,1.50
2011.02.25 16:57:59.459,1.01532,1.01546,2.25,1.50
2011.02.25 16:58:00.249,1.01532,1.01546,3.00,1.50
2011.02.25 16:58:03.299,1.01532,1.01546,2.25,1.50
2011.02.25 16:58:12.100,1.01532,1.01547,2.25,1.50
2011.02.25 16:58:25.800,1.01534,1.01548,1.50,1.50
2011.02.25 16:58:26.128,1.01539,1.01549,2.25,2.25
2011.02.25 16:58:27.119,1.01539,1.01551,2.25,2.25
2011.02.25 16:58:27.668,1.01539,1.01552,2.25,1.50
2011.02.25 16:58:33.540,1.01539,1.01552,2.25,2.44
2011.02.25 16:58:33.868,1.01536,1.0155,1.50,1.69
2011.02.25 16:58:34.360,1.01534,1.01548,3.15,1.50
2011.02.25 16:58:34.689,1.01534,1.01548,3.00,1.50
2011.02.25 16:58:35.239,1.01532,1.01548,3.12,1.50
2011.02.25 16:58:36.229,1.01532,1.01548,2.37,1.50
2011.02.25 16:58:39.620,1.01532,1.01548,3.12,1.50
2011.02.25 16:58:45.729,1.01532,1.01548,3.12,1.50
2011.02.25 16:58:46.500,1.01532,1.01548,4.62,1.50
2011.02.25 16:58:47.010,1.01532,1.01548,3.12,1.50
2011.02.25 16:58:49.058,1.01532,1.01548,4.62,1.50
2011.02.25 16:58:50.429,1.01532,1.01548,4.62,1.50
2011.02.25 16:59:00.940,1.01532,1.01548,3.12,1.50
2011.02.25 16:59:01.562,1.01532,1.01548,3.12,1.50
2011.02.25 16:59:02.222,1.01532,1.01548,3.12,1.50
2011.02.25 16:59:02.440,1.01532,1.01547,3.00,2.25
2011.02.25 16:59:06.189,1.01532,1.01547,3.00,2.25
2011.02.25 16:59:08.698,1.01532,1.01547,3.00,2.25
2011.02.25 16:59:10.830,1.01532,1.01547,3.00,3.00
2011.02.25 16:59:12.045,1.01532,1.01546,3.00,1.50
2011.02.25 16:59:13.042,1.01533,1.01547,1.69,1.50
2011.02.25 16:59:13.380,1.01533,1.01547,1.50,1.50
2011.02.25 16:59:13.600,1.01532,1.01546,3.00,1.50
2011.02.25 16:59:15.054,1.01532,1.01547,5.44,1.50
2011.02.25 16:59:15.170,1.01538,1.01549,2.25,2.25
2011.02.25 16:59:15.501,1.01532,1.01549,5.25,1.50
2011.02.25 16:59:16.105,1.01532,1.01549,5.25,1.50
2011.02.25 16:59:16.661,1.01532,1.01549,5.25,2.25
2011.02.25 16:59:17.209,1.01532,1.01548,3.75,1.50
2011.02.25 16:59:18.940,1.01532,1.01548,3.00,1.50
2011.02.25 16:59:19.490,1.01532,1.01548,3.75,1.50
2011.02.25 16:59:21.559,1.01532,1.01548,3.00,1.50
2011.02.25 16:59:23.611,1.01532,1.01549,3.00,1.50
2011.02.25 16:59:24.838,1.01532,1.01549,3.00,1.50
2011.02.25 16:59:25.354,1.01532,1.01549,3.00,2.25
2011.02.25 16:59:25.739,1.01532,1.01549,3.00,1.50
2011.02.25 16:59:26.289,1.01532,1.01549,3.00,1.50
2011.02.25 16:59:26.839,1.01532,1.01549,3.00,1.50
2011.02.25 16:59:27.432,1.01532,1.01549,3.00,2.25
2011.02.25 16:59:27.770,1.01532,1.01547,3.00,1.50
2011.02.25 16:59:30.930,1.01532,1.01547,3.00,1.50
2011.02.25 16:59:33.289,1.01536,1.01547,3.75,1.50
2011.02.25 16:59:35.529,1.01535,1.01547,3.75,1.50
2011.02.25 16:59:36.201,1.01533,1.01547,4.50,1.50
2011.02.25 16:59:37.629,1.01534,1.01547,3.75,1.50
2011.02.25 16:59:39.243,1.01538,1.01547,4.50,1.50
2011.02.25 16:59:39.581,1.01538,1.0155,6.00,2.25
2011.02.25 16:59:44.981,1.01533,1.01549,5.44,1.50
2011.02.25 16:59:45.096,1.01533,1.01549,3.75,1.50
2011.02.25 16:59:45.431,1.01538,1.0155,2.25,1.69
2011.02.25 16:59:45.539,1.01534,1.0155,1.13,1.69
2011.02.25 16:59:45.651,1.01538,1.0155,3.00,1.69
2011.02.25 16:59:45.981,1.01538,1.0155,3.00,1.50
2011.02.25 16:59:47.992,1.01542,1.0155,2.07,1.50
2011.02.25 16:59:48.321,1.01548,1.01559,2.25,1.50
2011.02.25 16:59:48.869,1.01548,1.01559,2.25,1.50
2011.02.25 16:59:52.071,1.01543,1.01557,3.50,1.50
2011.02.25 16:59:53.588,1.01543,1.01556,2.37,1.50
2011.02.25 16:59:57.068,1.01543,1.01557,3.00,1.50
2011.02.25 16:59:58.262,1.01543,1.01557,2.25,1.50
2011.02.25 16:59:59.251,1.01543,1.01557,2.25,1.69
2011.02.25 16:59:59.360,1.01539,1.01556,1.62,1.69
2011.02.25 16:59:59.922,1.01538,1.01552,3.00,1.50
