2016.06.17 05:00:00.994,0.73779,0.7379,2.06,1.00
2016.06.17 05:00:01.848,0.73779,0.7379,1.50,1.12
2016.06.17 05:00:01.899,0.73776,0.73788,4.69,1.00
2016.06.17 05:00:02.358,0.73776,0.73786,2.44,1.00
2016.06.17 05:00:02.721,0.73776,0.73788,2.44,1.12
2016.06.17 05:00:05.228,0.73777,0.73787,1.69,1.00
2016.06.17 05:00:05.737,0.73776,0.73786,3.56,1.00
2016.06.17 05:00:06.521,0.73774,0.73785,1.19,1.00
2016.06.17 05:00:06.572,0.73773,0.73783,2.44,1.00
2016.06.17 05:00:06.775,0.73771,0.73781,1.31,1.12
2016.06.17 05:00:10.182,0.7377,0.7378,1.56,1.00
2016.06.17 05:00:13.758,0.73769,0.73779,1.47,1.00
2016.06.17 05:00:13.810,0.73768,0.73777,2.51,1.00
2016.06.17 05:00:13.862,0.73766,0.73777,2.81,1.00
2016.06.17 05:00:14.281,0.73765,0.73775,1.94,1.00
2016.06.17 05:00:14.484,0.73764,0.73775,1.00,1.00
2016.06.17 05:00:14.992,0.73763,0.73775,1.37,1.37
2016.06.17 05:00:16.667,0.73765,0.73775,1.00,1.37
2016.06.17 05:00:17.421,0.73763,0.73775,2.62,1.12
2016.06.17 05:00:17.928,0.73763,0.73775,1.87,1.50
2016.06.17 05:00:19.700,0.73763,0.73775,1.87,1.50
2016.06.17 05:00:20.772,0.73763,0.73775,1.50,1.50
2016.06.17 05:00:20.930,0.73766,0.73775,1.00,1.00
2016.06.17 05:00:21.085,0.73767,0.73777,1.00,2.25
2016.06.17 05:00:21.796,0.73768,0.73777,1.00,1.00
2016.06.17 05:00:22.141,0.7377,0.73781,1.00,1.87
2016.06.17 05:00:23.002,0.7377,0.7378,1.00,1.37
2016.06.17 05:00:23.654,0.73769,0.7378,1.00,1.95
2016.06.17 05:00:26.245,0.7377,0.73779,1.00,1.00
2016.06.17 05:00:26.499,0.73772,0.73781,1.00,1.50
2016.06.17 05:00:26.804,0.73772,0.73783,1.50,1.87
2016.06.17 05:00:27.435,0.73773,0.73783,1.12,2.10
2016.06.17 05:00:27.945,0.73772,0.73783,2.62,1.00
2016.06.17 05:00:28.454,0.73774,0.73783,1.00,1.00
2016.06.17 05:00:36.930,0.73774,0.73785,2.62,2.66
2016.06.17 05:00:39.659,0.73775,0.73785,1.00,1.05
2016.06.17 05:00:39.977,0.73777,0.73786,1.12,1.69
2016.06.17 05:00:40.029,0.73777,0.73789,3.37,1.31
2016.06.17 05:00:40.715,0.73779,0.73789,1.00,1.31
2016.06.17 05:00:43.743,0.73779,0.73787,1.50,1.00
2016.06.17 05:00:43.845,0.73779,0.7379,1.00,4.05
2016.06.17 05:00:44.360,0.73779,0.73789,1.00,1.00
2016.06.17 05:00:45.254,0.73779,0.7379,1.00,3.00
2016.06.17 05:00:45.948,0.73779,0.73789,1.00,1.00
2016.06.17 05:00:47.071,0.73779,0.7379,1.00,2.62
2016.06.17 05:00:47.654,0.73779,0.7379,1.50,3.00
2016.06.17 05:00:48.162,0.73779,0.7379,1.00,2.17
2016.06.17 05:00:48.952,0.73779,0.7379,1.50,2.17
2016.06.17 05:00:50.282,0.73779,0.7379,1.00,1.80
2016.06.17 05:00:51.406,0.73778,0.7379,1.50,1.80
2016.06.17 05:00:51.940,0.73779,0.7379,1.12,2.55
2016.06.17 05:00:52.967,0.73778,0.7379,3.37,1.42
2016.06.17 05:00:53.743,0.73779,0.7379,1.12,2.17
2016.06.17 05:00:55.265,0.73778,0.7379,2.62,2.17
2016.06.17 05:00:56.765,0.73778,0.7379,2.62,2.55
2016.06.17 05:01:00.063,0.73779,0.73788,1.12,1.00
2016.06.17 05:01:00.751,0.73779,0.73788,1.12,1.37
2016.06.17 05:01:01.476,0.73778,0.73788,1.00,3.37
2016.06.17 05:01:02.001,0.73777,0.73787,1.12,1.87
2016.06.17 05:01:02.507,0.73777,0.73786,1.12,1.00
2016.06.17 05:01:03.156,0.73777,0.73787,1.12,1.50
2016.06.17 05:01:05.077,0.73776,0.73786,1.87,1.30
2016.06.17 05:01:05.586,0.73776,0.73786,1.12,1.00
2016.06.17 05:01:11.208,0.73777,0.73786,1.00,1.00
2016.06.17 05:01:12.580,0.73777,0.73788,1.37,1.87
2016.06.17 05:01:13.110,0.73777,0.73788,1.37,1.00
2016.06.17 05:01:14.127,0.73778,0.73788,1.37,1.00
2016.06.17 05:01:14.820,0.73778,0.73789,1.37,1.31
2016.06.17 05:01:16.131,0.73778,0.7379,1.12,5.44
2016.06.17 05:01:16.914,0.73778,0.7379,1.50,2.85
2016.06.17 05:01:17.284,0.73782,0.73792,1.00,3.64
2016.06.17 05:01:17.437,0.73784,0.73793,1.87,1.50
2016.06.17 05:01:17.488,0.73788,0.73796,1.12,2.47
2016.06.17 05:01:17.641,0.73791,0.73801,1.12,2.25
2016.06.17 05:01:17.693,0.73794,0.73803,1.12,1.20
2016.06.17 05:01:17.795,0.73796,0.73806,1.00,1.80
2016.06.17 05:01:17.897,0.73794,0.73805,1.87,1.10
2016.06.17 05:01:17.948,0.73794,0.73803,1.12,1.00
2016.06.17 05:01:18.759,0.73795,0.73803,1.87,1.67
2016.06.17 05:01:18.810,0.73795,0.73807,1.87,2.06
2016.06.17 05:01:19.492,0.73795,0.73806,2.62,1.42
2016.06.17 05:01:20.500,0.73795,0.73807,1.87,2.66
2016.06.17 05:01:21.006,0.73795,0.73807,3.37,1.91
2016.06.17 05:01:21.767,0.73795,0.73807,1.87,1.91
2016.06.17 05:01:22.404,0.73796,0.73808,2.25,2.36
2016.06.17 05:01:23.282,0.73796,0.73808,2.25,3.11
2016.06.17 05:01:23.957,0.73797,0.73807,1.00,1.05
2016.06.17 05:01:24.591,0.73798,0.73809,1.00,1.91
2016.06.17 05:01:25.048,0.738,0.73807,1.00,1.05
2016.06.17 05:01:25.200,0.73798,0.73809,1.50,2.62
2016.06.17 05:01:26.812,0.73799,0.73809,1.00,2.62
2016.06.17 05:01:27.319,0.73801,0.7381,1.00,2.62
2016.06.17 05:01:27.624,0.73807,0.73818,1.00,1.00
2016.06.17 05:01:27.917,0.73809,0.73821,1.00,1.12
2016.06.17 05:01:28.424,0.7381,0.73822,1.00,2.81
2016.06.17 05:01:31.750,0.73809,0.73822,1.75,2.96
2016.06.17 05:01:32.726,0.7381,0.73822,1.00,2.96
2016.06.17 05:01:33.858,0.73809,0.73822,1.75,2.96
2016.06.17 05:01:34.314,0.73808,0.7382,1.50,1.12
2016.06.17 05:01:34.820,0.73808,0.7382,2.25,2.25
2016.06.17 05:01:39.059,0.7381,0.7382,1.00,3.00
2016.06.17 05:01:39.590,0.7381,0.7382,1.00,1.12
2016.06.17 05:01:40.601,0.7381,0.7382,1.00,3.00
2016.06.17 05:01:41.375,0.7381,0.7382,1.00,1.12
2016.06.17 05:01:41.908,0.7381,0.7382,1.00,2.62
2016.06.17 05:01:42.617,0.7381,0.7382,1.00,2.25
2016.06.17 05:01:42.996,0.73808,0.73819,1.12,1.37
2016.06.17 05:01:43.510,0.73807,0.73817,3.00,1.00
2016.06.17 05:01:44.625,0.73807,0.73818,1.87,1.12
2016.06.17 05:01:45.133,0.73809,0.73818,1.00,1.00
2016.06.17 05:01:49.065,0.73808,0.7382,1.12,2.62
2016.06.17 05:01:49.521,0.7381,0.7382,1.00,1.12
2016.06.17 05:01:49.572,0.73811,0.7382,1.00,1.00
2016.06.17 05:01:50.277,0.73811,0.7382,1.00,1.47
2016.06.17 05:01:50.791,0.73809,0.73818,1.37,1.00
2016.06.17 05:01:53.383,0.73809,0.7382,1.50,1.87
2016.06.17 05:01:53.485,0.7381,0.73821,2.02,1.10
2016.06.17 05:01:54.049,0.73812,0.73823,1.87,1.12
2016.06.17 05:01:54.658,0.7381,0.73823,1.87,2.25
2016.06.17 05:01:54.964,0.73806,0.73819,1.95,1.50
2016.06.17 05:01:55.477,0.73805,0.73819,1.60,1.37
2016.06.17 05:01:57.600,0.73804,0.73815,1.87,1.50
2016.06.17 05:01:57.803,0.73801,0.73813,1.95,1.37
2016.06.17 05:01:58.059,0.73799,0.73812,2.77,1.50
2016.06.17 05:01:59.469,0.73801,0.73812,1.10,1.50
2016.06.17 05:02:00.184,0.73799,0.73812,1.65,1.50
2016.06.17 05:02:04.154,0.738,0.7381,1.00,2.40
2016.06.17 05:02:05.905,0.738,0.73807,1.00,1.50
2016.06.17 05:02:05.958,0.73794,0.73804,1.75,1.00
2016.06.17 05:02:06.061,0.73794,0.73803,1.00,1.00
2016.06.17 05:02:06.855,0.73797,0.73807,1.37,1.29
2016.06.17 05:02:06.906,0.73797,0.73809,1.37,2.81
2016.06.17 05:02:07.483,0.73799,0.73809,1.00,3.19
2016.06.17 05:02:07.939,0.738,0.73812,1.12,1.12
2016.06.17 05:02:08.142,0.73802,0.73813,1.00,1.62
2016.06.17 05:02:08.788,0.73805,0.73815,1.00,1.87
2016.06.17 05:02:09.041,0.73807,0.73817,1.00,1.12
2016.06.17 05:02:09.547,0.73807,0.73818,1.12,1.20
2016.06.17 05:02:10.330,0.73807,0.7382,3.00,1.07
2016.06.17 05:02:10.676,0.7381,0.73823,3.00,3.00
2016.06.17 05:02:12.153,0.73811,0.73822,1.50,1.87
2016.06.17 05:02:12.661,0.7381,0.73823,3.00,3.00
2016.06.17 05:02:13.170,0.73809,0.73822,3.37,5.17
2016.06.17 05:02:13.686,0.7381,0.73819,1.50,1.00
2016.06.17 05:02:15.330,0.73809,0.73821,3.00,1.37
2016.06.17 05:02:17.349,0.7381,0.7382,1.50,2.62
2016.06.17 05:02:17.855,0.73809,0.7382,3.00,1.00
2016.06.17 05:02:20.968,0.7381,0.73819,1.50,1.12
2016.06.17 05:02:21.475,0.73809,0.73821,3.75,3.37
2016.06.17 05:02:23.776,0.7381,0.7382,1.50,1.37
2016.06.17 05:02:25.338,0.73809,0.7382,3.75,1.00
2016.06.17 05:02:26.714,0.7381,0.7382,1.50,1.50
2016.06.17 05:02:36.918,0.7381,0.73819,1.00,1.12
2016.06.17 05:02:39.332,0.73809,0.73819,1.00,1.87
2016.06.17 05:02:42.341,0.73808,0.73817,1.00,1.00
2016.06.17 05:02:43.577,0.73807,0.73817,1.12,1.00
2016.06.17 05:02:44.547,0.73808,0.73817,1.00,1.00
2016.06.17 05:02:49.659,0.73807,0.73817,1.87,1.00
2016.06.17 05:02:50.974,0.73807,0.73817,1.87,1.00
2016.06.17 05:02:54.673,0.73808,0.73817,1.00,1.00
2016.06.17 05:02:56.660,0.73807,0.73817,1.87,1.00
2016.06.17 05:02:59.682,0.73808,0.73817,1.12,1.00
2016.06.17 05:03:00.677,0.73808,0.73817,1.37,1.00
2016.06.17 05:03:01.692,0.73808,0.73817,1.12,1.00
2016.06.17 05:03:02.278,0.73806,0.73812,1.12,2.62
2016.06.17 05:03:02.638,0.738,0.7381,1.37,1.57
2016.06.17 05:03:03.145,0.738,0.7381,1.37,1.87
2016.06.17 05:03:09.285,0.73798,0.73809,2.47,1.12
2016.06.17 05:03:10.276,0.73798,0.73809,2.47,1.12
2016.06.17 05:03:11.500,0.73798,0.73809,2.10,1.00
2016.06.17 05:03:13.386,0.73799,0.73809,1.00,1.00
2016.06.17 05:03:13.893,0.73797,0.73808,2.25,1.00
2016.06.17 05:03:18.433,0.73798,0.73808,1.12,1.00
2016.06.17 05:03:21.530,0.73798,0.73808,1.87,1.00
2016.06.17 05:03:26.906,0.73799,0.73807,1.00,1.00
2016.06.17 05:03:31.413,0.73797,0.73805,1.87,1.00
2016.06.17 05:03:31.919,0.73798,0.73805,1.00,1.00
2016.06.17 05:03:33.688,0.73798,0.73807,1.12,1.00
2016.06.17 05:03:40.138,0.73796,0.73806,2.06,1.00
2016.06.17 05:03:41.080,0.73796,0.73806,2.06,1.00
2016.06.17 05:03:41.617,0.73796,0.73806,2.06,1.00
2016.06.17 05:03:45.890,0.73796,0.73804,1.37,1.00
2016.06.17 05:03:46.147,0.73791,0.73799,1.00,1.12
2016.06.17 05:03:46.199,0.73791,0.73797,1.00,1.00
2016.06.17 05:03:46.250,0.73789,0.73797,1.00,1.00
2016.06.17 05:03:48.834,0.73787,0.73795,2.06,1.00
2016.06.17 05:03:48.936,0.73786,0.73795,1.37,1.00
2016.06.17 05:03:49.038,0.73785,0.73795,1.12,1.05
2016.06.17 05:03:49.980,0.73785,0.73793,1.00,1.00
2016.06.17 05:03:50.388,0.73782,0.73792,1.87,1.00
2016.06.17 05:03:50.693,0.73783,0.73794,1.12,1.00
2016.06.17 05:03:51.200,0.73784,0.73794,1.00,1.00
2016.06.17 05:03:51.815,0.73783,0.73794,1.12,1.00
2016.06.17 05:03:53.120,0.73783,0.73794,1.37,1.00
2016.06.17 05:04:07.219,0.73783,0.7379,2.47,1.00
2016.06.17 05:04:07.343,0.7378,0.73791,1.87,1.00
2016.06.17 05:04:07.395,0.7378,0.73791,1.12,1.00
2016.06.17 05:04:07.934,0.73779,0.7379,3.04,1.00
2016.06.17 05:04:18.300,0.73784,0.73795,1.67,1.00
2016.06.17 05:04:19.313,0.73785,0.73796,1.50,1.00
2016.06.17 05:04:23.580,0.73785,0.73796,3.00,1.00
2016.06.17 05:04:24.355,0.73786,0.73796,1.00,1.00
2016.06.17 05:04:31.588,0.73784,0.73796,2.10,1.20
2016.06.17 05:04:31.892,0.73781,0.73792,1.20,1.00
2016.06.17 05:04:36.800,0.73781,0.73791,1.35,1.00
2016.06.17 05:04:37.287,0.73779,0.73789,1.37,1.00
2016.06.17 05:04:37.365,0.7378,0.73791,1.50,1.00
2016.06.17 05:04:37.879,0.73779,0.73791,3.37,1.00
2016.06.17 05:04:38.790,0.7378,0.73792,1.75,1.12
2016.06.17 05:04:39.312,0.73781,0.73792,2.10,1.00
2016.06.17 05:04:39.819,0.73783,0.73793,1.00,1.00
2016.06.17 05:04:42.709,0.73783,0.73792,1.00,1.00
2016.06.17 05:04:43.407,0.73781,0.73792,2.47,1.00
2016.06.17 05:04:43.509,0.73781,0.73793,3.00,1.12
2016.06.17 05:04:47.517,0.73782,0.73792,1.50,1.00
2016.06.17 05:04:50.622,0.73782,0.73793,1.50,1.00
2016.06.17 05:04:51.370,0.73783,0.73793,1.00,1.50
2016.06.17 05:04:52.989,0.73782,0.73794,1.12,1.87
2016.06.17 05:04:55.022,0.7378,0.73791,1.87,1.00
2016.06.17 05:04:55.532,0.7378,0.73792,1.12,2.25
2016.06.17 05:04:55.735,0.73782,0.73792,1.00,1.12
2016.06.17 05:04:56.873,0.73782,0.73793,1.00,4.05
2016.06.17 05:04:59.997,0.73781,0.73793,1.12,2.32
2016.06.17 05:05:00.705,0.73782,0.73791,1.00,1.00
2016.06.17 05:05:01.220,0.73781,0.73793,1.12,2.47
2016.06.17 05:05:04.848,0.73782,0.73792,1.12,1.00
2016.06.17 05:05:07.268,0.73783,0.73794,1.00,3.60
2016.06.17 05:05:07.319,0.73783,0.73794,1.00,1.72
2016.06.17 05:05:07.827,0.73784,0.73795,1.00,1.69
2016.06.17 05:05:10.798,0.73783,0.73795,1.12,1.30
2016.06.17 05:05:12.791,0.73783,0.73794,1.00,2.25
2016.06.17 05:05:13.096,0.73781,0.73793,1.12,2.62
2016.06.17 05:05:13.351,0.7378,0.73793,1.50,1.50
2016.06.17 05:05:17.314,0.73781,0.73793,1.12,1.37
2016.06.17 05:05:20.644,0.7378,0.73792,2.62,1.12
2016.06.17 05:05:20.898,0.7378,0.73791,1.87,4.72
2016.06.17 05:05:21.101,0.73777,0.73789,1.57,1.00
2016.06.17 05:05:26.251,0.73777,0.73789,1.50,3.00
2016.06.17 05:05:32.134,0.73777,0.73789,1.50,1.50
2016.06.17 05:05:33.317,0.73777,0.73789,1.50,1.50
2016.06.17 05:05:34.148,0.73777,0.73789,1.50,1.12
2016.06.17 05:05:35.361,0.73777,0.73789,1.50,1.50
2016.06.17 05:05:37.169,0.73777,0.73789,1.12,1.87
2016.06.17 05:05:39.427,0.73777,0.73789,1.12,1.87
2016.06.17 05:05:42.183,0.73777,0.73789,1.12,1.87
2016.06.17 05:05:45.204,0.73777,0.73789,1.50,1.37
2016.06.17 05:05:47.173,0.73777,0.73789,1.12,1.49
2016.06.17 05:05:49.611,0.73777,0.73789,1.12,1.50
2016.06.17 05:05:52.722,0.73778,0.73789,1.00,2.99
2016.06.17 05:05:53.253,0.73777,0.73789,2.25,1.37
2016.06.17 05:05:53.762,0.73777,0.73789,1.75,1.12
2016.06.17 05:05:53.813,0.73777,0.73789,1.50,1.00
2016.06.17 05:05:54.562,0.73777,0.73789,2.25,2.24
2016.06.17 05:05:55.220,0.73777,0.7379,1.50,2.99
2016.06.17 05:05:56.002,0.73777,0.73789,2.25,1.87
2016.06.17 05:05:56.508,0.73777,0.73789,1.50,1.59
2016.06.17 05:05:58.056,0.73777,0.73788,1.50,2.09
2016.06.17 05:06:02.519,0.73777,0.73789,2.25,3.37
2016.06.17 05:06:03.082,0.73777,0.73789,1.50,1.29
2016.06.17 05:06:04.300,0.73777,0.7379,1.50,2.99
2016.06.17 05:06:05.204,0.73777,0.7379,1.50,2.99
2016.06.17 05:06:07.528,0.73778,0.73789,1.12,1.42
2016.06.17 05:06:08.620,0.73778,0.7379,1.12,2.24
2016.06.17 05:06:09.228,0.73778,0.73789,1.12,1.42
2016.06.17 05:06:12.357,0.73778,0.7379,1.12,2.25
2016.06.17 05:06:13.533,0.73779,0.7379,1.00,2.25
2016.06.17 05:06:14.041,0.73779,0.73791,1.50,1.47
2016.06.17 05:06:16.347,0.73779,0.73791,2.25,2.92
2016.06.17 05:06:16.881,0.73779,0.73791,1.50,1.57
2016.06.17 05:06:18.918,0.73779,0.7379,3.75,1.37
2016.06.17 05:06:20.734,0.73779,0.73791,2.25,1.65
2016.06.17 05:06:23.678,0.73779,0.73791,2.25,1.92
2016.06.17 05:06:29.924,0.73781,0.73792,1.50,3.30
2016.06.17 05:06:30.252,0.73781,0.73791,2.62,1.35
2016.06.17 05:06:30.960,0.73781,0.73792,1.87,2.55
2016.06.17 05:06:31.113,0.73787,0.73795,1.12,1.12
2016.06.17 05:06:31.164,0.73788,0.73795,2.25,1.00
2016.06.17 05:06:31.215,0.73788,0.73799,2.25,1.67
2016.06.17 05:06:31.961,0.73791,0.73801,1.50,1.12
2016.06.17 05:06:32.216,0.73797,0.73807,1.00,3.97
2016.06.17 05:06:32.267,0.73798,0.73807,1.12,1.00
2016.06.17 05:06:32.370,0.73798,0.73808,3.75,1.00
2016.06.17 05:06:32.472,0.73798,0.73808,2.25,1.00
2016.06.17 05:06:34.279,0.73799,0.7381,1.37,1.00
2016.06.17 05:06:34.787,0.73801,0.73811,1.00,1.00
2016.06.17 05:06:35.122,0.73801,0.73809,1.00,1.00
2016.06.17 05:06:36.981,0.738,0.7381,1.87,1.00
2016.06.17 05:06:37.490,0.738,0.73811,2.62,1.00
2016.06.17 05:06:39.757,0.73799,0.7381,1.00,2.25
2016.06.17 05:06:40.266,0.73799,0.73809,1.00,1.37
2016.06.17 05:06:41.893,0.73799,0.73809,1.00,1.12
2016.06.17 05:06:45.200,0.73799,0.7381,1.00,1.87
2016.06.17 05:06:45.808,0.73799,0.73811,1.12,1.72
2016.06.17 05:06:46.113,0.73799,0.73809,1.12,1.12
2016.06.17 05:06:48.037,0.738,0.7381,1.00,1.72
2016.06.17 05:06:48.088,0.738,0.73811,4.12,1.12
2016.06.17 05:06:48.190,0.73801,0.73813,3.75,1.50
2016.06.17 05:06:48.293,0.73802,0.73812,3.37,1.00
2016.06.17 05:06:48.395,0.73802,0.73812,1.50,1.00
2016.06.17 05:06:48.902,0.73801,0.73811,2.62,1.00
2016.06.17 05:06:49.826,0.738,0.7381,2.25,1.00
2016.06.17 05:06:49.877,0.73798,0.73808,1.12,1.00
2016.06.17 05:06:59.106,0.73798,0.73809,3.00,1.00
2016.06.17 05:07:00.326,0.73798,0.73808,3.00,1.00
2016.06.17 05:07:04.262,0.73798,0.73808,2.25,1.00
2016.06.17 05:07:04.773,0.73798,0.73808,2.25,1.00
2016.06.17 05:07:05.280,0.73798,0.7381,1.37,1.50
2016.06.17 05:07:06.779,0.73799,0.7381,1.37,1.12
2016.06.17 05:07:07.312,0.73799,0.7381,1.12,1.12
2016.06.17 05:07:09.949,0.73799,0.73808,1.00,1.00
2016.06.17 05:07:10.548,0.73804,0.73808,1.00,1.00
2016.06.17 05:07:10.650,0.73807,0.73813,1.50,1.00
2016.06.17 05:07:10.752,0.73807,0.73818,3.37,1.00
2016.06.17 05:07:11.295,0.73807,0.73817,4.12,1.00
2016.06.17 05:07:11.650,0.73806,0.73817,1.00,1.00
2016.06.17 05:07:15.112,0.73806,0.73815,1.00,1.00
2016.06.17 05:07:15.619,0.73806,0.73816,1.00,1.30
2016.06.17 05:07:18.496,0.73806,0.73813,1.00,1.12
2016.06.17 05:07:18.650,0.73801,0.73811,1.50,1.00
2016.06.17 05:07:19.159,0.73801,0.7381,1.50,1.00
2016.06.17 05:07:24.038,0.73801,0.73813,1.00,2.70
2016.06.17 05:07:25.394,0.73801,0.73811,1.12,1.20
2016.06.17 05:07:25.918,0.73801,0.73812,1.12,1.12
2016.06.17 05:07:29.952,0.73803,0.73812,1.12,1.12
2016.06.17 05:07:30.003,0.73804,0.73814,1.00,1.00
2016.06.17 05:07:30.054,0.73806,0.73814,1.12,1.00
2016.06.17 05:07:30.106,0.73806,0.73818,1.87,2.62
2016.06.17 05:07:36.880,0.73807,0.73818,1.12,1.12
2016.06.17 05:07:40.231,0.73807,0.73817,1.12,1.00
2016.06.17 05:07:43.085,0.73806,0.73819,3.37,3.19
2016.06.17 05:07:44.298,0.73807,0.73819,1.12,3.41
2016.06.17 05:07:52.535,0.73807,0.73819,1.12,2.44
2016.06.17 05:07:54.022,0.73806,0.73817,3.37,1.29
2016.06.17 05:07:55.086,0.73806,0.73818,1.87,1.12
2016.06.17 05:07:56.813,0.73806,0.73818,2.25,4.35
2016.06.17 05:07:59.953,0.73804,0.73811,1.37,1.00
2016.06.17 05:08:00.005,0.73799,0.73811,2.85,2.85
2016.06.17 05:08:00.158,0.73801,0.73811,1.00,1.00
2016.06.17 05:08:00.210,0.73802,0.73813,1.12,1.69
2016.06.17 05:08:00.465,0.73803,0.73815,1.12,2.25
2016.06.17 05:08:00.769,0.73805,0.73815,1.00,1.12
2016.06.17 05:08:01.402,0.73805,0.73815,1.37,1.00
2016.06.17 05:08:01.935,0.73807,0.73817,1.00,1.35
2016.06.17 05:08:02.442,0.73807,0.73817,1.00,1.35
2016.06.17 05:08:02.696,0.73807,0.73814,1.00,1.00
2016.06.17 05:08:03.103,0.738,0.7381,1.50,1.12
2016.06.17 05:08:03.155,0.73798,0.73809,1.50,1.00
2016.06.17 05:08:06.206,0.73799,0.7381,1.00,2.25
2016.06.17 05:08:07.069,0.73798,0.73809,1.12,2.40
2016.06.17 05:08:09.709,0.73799,0.73809,1.00,2.02
2016.06.17 05:08:10.216,0.73798,0.73811,1.87,2.02
2016.06.17 05:08:10.931,0.738,0.73811,1.00,1.87
2016.06.17 05:08:12.731,0.73801,0.73811,1.00,2.47
2016.06.17 05:08:13.340,0.738,0.73811,2.25,2.62
2016.06.17 05:08:13.947,0.738,0.73811,2.25,1.12
2016.06.17 05:08:14.448,0.73803,0.73815,1.50,2.62
2016.06.17 05:08:16.309,0.73803,0.73815,2.62,2.25
2016.06.17 05:08:17.083,0.73803,0.73813,2.25,1.00
2016.06.17 05:08:17.590,0.73803,0.73813,1.00,2.17
2016.06.17 05:08:18.097,0.73803,0.73813,1.00,1.10
2016.06.17 05:08:28.209,0.73803,0.73814,1.50,1.00
2016.06.17 05:08:28.514,0.73806,0.73817,1.37,1.61
2016.06.17 05:08:29.021,0.73806,0.73818,2.62,1.24
2016.06.17 05:08:33.128,0.73805,0.73813,2.81,1.00
2016.06.17 05:08:33.179,0.73805,0.73813,1.00,1.65
2016.06.17 05:08:33.230,0.73805,0.73812,1.00,1.07
2016.06.17 05:08:33.281,0.73802,0.73811,1.37,1.65
2016.06.17 05:08:33.384,0.738,0.7381,1.25,2.92
2016.06.17 05:08:33.486,0.73798,0.73809,1.37,1.50
2016.06.17 05:08:34.247,0.73798,0.7381,1.37,1.65
2016.06.17 05:08:34.755,0.73798,0.7381,1.75,1.57
2016.06.17 05:08:35.260,0.73798,0.73809,1.75,1.00
2016.06.17 05:08:36.302,0.73798,0.73809,1.12,1.12
2016.06.17 05:08:39.312,0.73798,0.73809,2.25,1.12
2016.06.17 05:08:40.632,0.73798,0.73809,1.37,1.12
2016.06.17 05:08:45.430,0.73797,0.73808,1.50,1.57
2016.06.17 05:08:45.937,0.73797,0.73808,1.00,2.32
2016.06.17 05:08:46.462,0.73797,0.73808,1.50,1.87
2016.06.17 05:08:46.969,0.73797,0.73809,3.00,1.50
2016.06.17 05:08:47.122,0.738,0.73811,1.12,2.32
2016.06.17 05:08:47.629,0.73804,0.73812,1.00,1.00
2016.06.17 05:08:48.137,0.73804,0.73814,1.00,1.37
2016.06.17 05:08:48.239,0.73806,0.73816,1.00,1.12
2016.06.17 05:08:48.747,0.73806,0.73817,1.37,2.25
2016.06.17 05:08:49.289,0.73806,0.73819,1.37,2.40
2016.06.17 05:08:53.097,0.73805,0.73817,1.50,4.20
2016.06.17 05:08:53.603,0.73804,0.73817,4.50,2.32
2016.06.17 05:08:54.854,0.73804,0.73817,3.37,1.95
2016.06.17 05:08:56.123,0.73806,0.73817,2.25,1.50
2016.06.17 05:09:01.420,0.73807,0.73819,3.60,1.87
2016.06.17 05:09:01.471,0.73808,0.73819,1.87,1.87
2016.06.17 05:09:02.349,0.7381,0.73821,1.87,1.57
2016.06.17 05:09:02.856,0.7381,0.73821,1.87,1.57
2016.06.17 05:09:03.522,0.7381,0.7382,1.12,1.12
2016.06.17 05:09:03.573,0.73808,0.73819,1.12,1.00
2016.06.17 05:09:03.625,0.73807,0.73819,1.50,4.42
2016.06.17 05:09:04.023,0.73806,0.73818,2.25,1.50
2016.06.17 05:09:05.354,0.73808,0.73818,1.00,1.50
2016.06.17 05:09:05.953,0.73806,0.73818,1.50,2.25
2016.06.17 05:09:06.488,0.73806,0.73819,1.87,2.25
2016.06.17 05:09:07.089,0.73806,0.73818,1.87,1.37
2016.06.17 05:09:12.968,0.73807,0.73817,1.00,1.00
2016.06.17 05:09:14.283,0.73807,0.73818,1.00,1.00
2016.06.17 05:09:16.057,0.73808,0.73818,1.00,1.00
2016.06.17 05:09:17.165,0.73808,0.73819,1.87,2.62
2016.06.17 05:09:19.830,0.73808,0.73819,1.00,3.15
2016.06.17 05:09:22.835,0.73808,0.73819,1.00,3.90
2016.06.17 05:09:23.832,0.73809,0.73819,1.00,1.50
2016.06.17 05:09:24.085,0.7381,0.73821,3.00,1.12
2016.06.17 05:09:24.237,0.73812,0.73822,1.00,1.10
2016.06.17 05:09:25.182,0.7381,0.73821,1.87,1.00
2016.06.17 05:09:25.234,0.73808,0.73819,1.87,1.20
2016.06.17 05:09:26.146,0.73808,0.73819,1.87,1.50
2016.06.17 05:09:27.948,0.73809,0.73819,1.00,2.77
2016.06.17 05:09:28.455,0.73807,0.73819,1.50,1.87
2016.06.17 05:09:29.952,0.73808,0.73819,1.12,1.50
2016.06.17 05:09:31.141,0.73809,0.73819,1.00,1.50
2016.06.17 05:09:33.853,0.73808,0.73819,1.12,1.50
2016.06.17 05:09:38.477,0.73807,0.73819,1.50,1.50
2016.06.17 05:09:40.593,0.73807,0.73819,1.50,1.12
2016.06.17 05:09:42.470,0.73807,0.73819,2.25,2.62
2016.06.17 05:09:43.492,0.73807,0.73819,1.50,1.50
2016.06.17 05:09:49.348,0.73811,0.73819,1.00,1.87
2016.06.17 05:09:49.657,0.73809,0.73819,1.12,1.00
2016.06.17 05:09:50.164,0.73808,0.73818,1.12,1.00
2016.06.17 05:09:51.245,0.73809,0.73818,1.00,1.12
2016.06.17 05:09:51.775,0.73807,0.73818,3.00,1.12
2016.06.17 05:09:56.876,0.73807,0.73818,3.00,1.00
2016.06.17 05:09:58.953,0.73807,0.73818,2.25,1.95
2016.06.17 05:09:59.781,0.73807,0.73818,2.25,4.05
2016.06.17 05:10:01.103,0.73807,0.73818,1.50,2.10
2016.06.17 05:10:09.808,0.73807,0.73818,1.50,1.35
2016.06.17 05:10:09.859,0.73807,0.73816,1.50,1.00
2016.06.17 05:10:10.951,0.73803,0.73809,1.87,1.35
2016.06.17 05:10:11.022,0.73798,0.73808,1.12,1.00
2016.06.17 05:10:11.531,0.73799,0.73809,1.87,1.00
2016.06.17 05:10:12.364,0.73799,0.7381,2.62,1.50
2016.06.17 05:10:12.910,0.738,0.7381,1.50,1.50
2016.06.17 05:10:14.304,0.73799,0.7381,4.12,1.12
2016.06.17 05:10:14.820,0.73801,0.7381,1.50,1.00
2016.06.17 05:10:14.922,0.73801,0.73812,2.25,2.25
2016.06.17 05:10:15.131,0.73804,0.73812,1.00,1.00
2016.06.17 05:10:15.182,0.73805,0.73816,1.37,2.02
2016.06.17 05:10:15.690,0.73807,0.73816,1.00,1.57
2016.06.17 05:10:16.979,0.73808,0.73817,1.00,1.37
2016.06.17 05:10:17.675,0.73808,0.73817,1.00,1.00
2016.06.17 05:10:18.586,0.73807,0.73817,1.12,1.00
2016.06.17 05:10:19.169,0.73805,0.73816,1.75,1.12
2016.06.17 05:10:21.393,0.73807,0.73817,1.12,1.12
2016.06.17 05:10:27.652,0.73807,0.73816,1.12,1.00
2016.06.17 05:10:31.825,0.73807,0.73817,1.12,1.12
2016.06.17 05:10:35.731,0.73807,0.73815,1.12,1.00
2016.06.17 05:10:36.117,0.73806,0.73817,1.50,1.12
2016.06.17 05:10:36.380,0.73807,0.73815,1.00,1.00
2016.06.17 05:10:37.036,0.73805,0.73815,1.50,1.00
2016.06.17 05:10:37.776,0.73806,0.73814,1.00,1.37
2016.06.17 05:10:37.828,0.73804,0.73812,1.00,1.12
2016.06.17 05:10:39.092,0.73802,0.73813,1.87,1.50
2016.06.17 05:10:39.892,0.73802,0.73814,3.37,2.47
2016.06.17 05:10:39.994,0.73803,0.73815,1.37,1.50
2016.06.17 05:10:40.046,0.73805,0.73815,1.50,1.12
2016.06.17 05:10:41.232,0.73805,0.73816,1.12,1.12
2016.06.17 05:10:41.537,0.73808,0.73819,1.50,3.04
2016.06.17 05:10:43.224,0.73809,0.73818,1.12,1.00
2016.06.17 05:10:43.985,0.73809,0.73817,1.12,1.00
2016.06.17 05:10:44.088,0.73807,0.73817,1.50,1.37
2016.06.17 05:10:44.623,0.73807,0.73817,1.50,1.27
2016.06.17 05:10:45.183,0.73807,0.73818,1.50,1.12
2016.06.17 05:10:45.437,0.73807,0.73817,5.25,1.00
2016.06.17 05:10:45.945,0.73808,0.73818,1.12,1.12
2016.06.17 05:10:48.233,0.73809,0.73818,1.00,1.00
2016.06.17 05:10:48.758,0.73807,0.73817,1.87,1.00
2016.06.17 05:10:49.264,0.73807,0.73818,2.62,1.00
2016.06.17 05:10:49.771,0.73809,0.73817,1.50,1.00
2016.06.17 05:10:59.298,0.73809,0.73818,1.12,1.00
2016.06.17 05:10:59.805,0.73808,0.73817,1.12,1.00
2016.06.17 05:11:07.324,0.73809,0.73817,1.12,1.00
2016.06.17 05:11:10.339,0.73809,0.73819,2.25,1.80
2016.06.17 05:11:10.694,0.73807,0.73816,1.37,1.00
2016.06.17 05:11:11.201,0.73808,0.73818,1.37,1.50
2016.06.17 05:11:28.011,0.73809,0.73819,1.12,1.12
2016.06.17 05:11:32.393,0.73808,0.73818,1.50,1.00
2016.06.17 05:11:32.444,0.73807,0.73816,1.75,1.00
2016.06.17 05:11:32.597,0.73807,0.73816,1.00,1.00
2016.06.17 05:11:36.644,0.73807,0.73817,1.00,1.00
2016.06.17 05:11:36.695,0.73807,0.73819,2.25,3.52
2016.06.17 05:11:36.999,0.73809,0.73819,1.00,1.72
2016.06.17 05:11:38.870,0.73809,0.73819,1.00,2.32
2016.06.17 05:11:40.426,0.73803,0.73807,2.25,1.72
2016.06.17 05:11:40.478,0.73803,0.73807,1.00,1.72
2016.06.17 05:11:40.530,0.73801,0.73805,2.25,1.50
2016.06.17 05:11:40.582,0.73798,0.73805,1.75,1.50
2016.06.17 05:11:40.889,0.73797,0.73805,2.62,1.00
2016.06.17 05:11:41.403,0.73797,0.73807,2.62,2.25
2016.06.17 05:11:41.920,0.73797,0.73807,1.87,1.27
2016.06.17 05:11:43.158,0.73799,0.7381,1.87,2.44
2016.06.17 05:11:43.260,0.738,0.73811,1.87,1.07
2016.06.17 05:11:43.312,0.73802,0.73812,1.00,1.65
2016.06.17 05:11:43.991,0.738,0.73811,1.50,1.12
2016.06.17 05:11:44.295,0.73799,0.73809,1.87,1.00
2016.06.17 05:11:44.801,0.73798,0.73808,1.75,1.00
2016.06.17 05:11:45.542,0.73798,0.73807,2.25,1.00
2016.06.17 05:11:45.998,0.73798,0.73807,1.87,1.00
2016.06.17 05:11:50.374,0.73798,0.73808,1.87,1.10
2016.06.17 05:11:50.880,0.73799,0.7381,1.00,3.67
2016.06.17 05:11:51.638,0.73799,0.7381,1.00,2.62
2016.06.17 05:12:00.464,0.738,0.73811,1.50,1.10
2016.06.17 05:12:00.515,0.73804,0.73812,1.00,2.25
2016.06.17 05:12:00.668,0.73805,0.73813,1.50,1.00
2016.06.17 05:12:00.720,0.73807,0.73816,1.00,2.25
2016.06.17 05:12:00.822,0.73807,0.73819,1.37,3.22
2016.06.17 05:12:01.360,0.73809,0.7382,1.12,1.80
2016.06.17 05:12:01.868,0.7381,0.7382,1.00,1.87
2016.06.17 05:12:02.371,0.7381,0.73819,1.00,1.00
2016.06.17 05:12:08.636,0.73809,0.73819,1.12,1.30
2016.06.17 05:12:09.200,0.73807,0.7382,2.25,2.85
2016.06.17 05:12:09.707,0.73809,0.73819,1.50,1.72
2016.06.17 05:12:11.458,0.73809,0.7382,1.50,1.72
2016.06.17 05:12:11.966,0.73809,0.7382,1.00,2.47
2016.06.17 05:12:15.736,0.73809,0.73819,1.37,1.00
2016.06.17 05:12:15.942,0.73811,0.73822,1.50,1.72
2016.06.17 05:12:17.057,0.73811,0.73821,1.50,1.30
2016.06.17 05:12:17.563,0.73811,0.73822,1.50,2.10
2016.06.17 05:12:19.735,0.73815,0.73823,1.00,1.12
2016.06.17 05:12:19.887,0.73816,0.73828,1.87,1.87
2016.06.17 05:12:21.609,0.73816,0.73828,1.75,1.30
2016.06.17 05:12:22.117,0.73816,0.73828,2.25,1.60
2016.06.17 05:12:25.654,0.73816,0.73828,1.75,1.30
2016.06.17 05:12:27.364,0.73817,0.73828,1.50,1.35
2016.06.17 05:12:27.867,0.73817,0.73828,1.50,1.72
2016.06.17 05:12:28.481,0.73816,0.73828,2.25,3.60
2016.06.17 05:12:31.160,0.73816,0.73828,1.75,1.30
2016.06.17 05:12:31.840,0.73816,0.73829,1.75,4.35
2016.06.17 05:12:32.950,0.73815,0.73825,3.75,1.12
2016.06.17 05:12:33.103,0.73812,0.73824,2.62,2.62
2016.06.17 05:12:33.205,0.73812,0.73822,2.62,1.35
2016.06.17 05:12:36.102,0.73813,0.73824,1.00,2.10
2016.06.17 05:12:38.020,0.73813,0.73824,1.00,2.10
2016.06.17 05:12:39.498,0.73817,0.73826,1.00,1.10
2016.06.17 05:12:40.014,0.73817,0.73828,1.50,1.72
2016.06.17 05:12:40.622,0.73818,0.73829,1.12,1.87
2016.06.17 05:12:41.221,0.73817,0.73829,1.00,2.55
2016.06.17 05:12:43.974,0.73818,0.73829,1.00,2.55
2016.06.17 05:12:45.510,0.73818,0.73829,1.87,1.50
2016.06.17 05:12:46.031,0.73818,0.73829,1.87,1.00
2016.06.17 05:12:46.807,0.73817,0.73828,1.50,2.10
2016.06.17 05:12:47.327,0.73816,0.73828,1.50,1.87
2016.06.17 05:12:47.833,0.73816,0.73828,1.50,1.12
2016.06.17 05:12:52.573,0.73817,0.73828,1.00,1.35
2016.06.17 05:12:56.987,0.73817,0.73828,1.00,2.10
2016.06.17 05:12:57.503,0.73817,0.73827,1.00,1.22
2016.06.17 05:12:58.991,0.73817,0.73828,1.00,4.35
2016.06.17 05:13:00.692,0.73817,0.73828,1.00,1.72
2016.06.17 05:13:01.224,0.73818,0.73829,1.00,2.62
2016.06.17 05:13:01.730,0.73817,0.73828,1.50,1.35
2016.06.17 05:13:03.554,0.73817,0.73828,1.50,1.37
2016.06.17 05:13:04.064,0.73818,0.73829,1.00,2.47
2016.06.17 05:13:04.572,0.73818,0.73829,1.00,3.75
2016.06.17 05:13:08.726,0.73817,0.73829,1.00,2.10
2016.06.17 05:13:09.634,0.73817,0.73829,1.00,3.30
2016.06.17 05:13:18.154,0.73816,0.73827,2.25,1.22
2016.06.17 05:13:18.718,0.73816,0.73828,2.25,2.85
2016.06.17 05:13:20.199,0.73815,0.73826,1.75,1.00
2016.06.17 05:13:26.372,0.73813,0.73822,1.50,1.00
2016.06.17 05:13:26.676,0.7381,0.7382,2.62,1.00
2016.06.17 05:13:28.229,0.73809,0.7382,1.12,1.50
2016.06.17 05:13:28.780,0.73808,0.73819,1.87,1.35
2016.06.17 05:13:29.036,0.7381,0.73821,1.12,1.57
2016.06.17 05:13:29.544,0.7381,0.73821,1.12,1.50
2016.06.17 05:13:29.945,0.7381,0.73818,1.12,1.00
2016.06.17 05:13:30.452,0.73807,0.73817,1.75,1.00
2016.06.17 05:13:30.959,0.73807,0.73818,3.00,1.00
2016.06.17 05:13:31.466,0.73808,0.73818,1.87,1.00
2016.06.17 05:13:46.032,0.73808,0.73819,1.50,1.35
2016.06.17 05:13:46.539,0.73808,0.7382,3.00,1.12
2016.06.17 05:13:50.393,0.7381,0.73823,3.37,1.76
2016.06.17 05:13:50.445,0.73813,0.73823,1.00,1.10
2016.06.17 05:13:51.267,0.73815,0.73826,4.12,1.00
2016.06.17 05:13:56.872,0.73817,0.73826,1.00,1.00
2016.06.17 05:14:00.396,0.73816,0.73824,1.00,1.57
2016.06.17 05:14:00.450,0.73811,0.73823,3.00,1.00
2016.06.17 05:14:03.991,0.73812,0.73822,1.00,1.00
2016.06.17 05:14:04.093,0.73811,0.73822,1.50,1.87
2016.06.17 05:14:04.195,0.73811,0.73822,2.25,1.00
2016.06.17 05:14:04.804,0.73811,0.73822,1.00,1.00
2016.06.17 05:14:09.654,0.73811,0.73819,1.00,1.00
2016.06.17 05:14:09.807,0.73809,0.73818,1.00,1.00
2016.06.17 05:14:10.346,0.73809,0.73818,1.50,1.07
2016.06.17 05:14:10.397,0.73809,0.73819,1.50,1.65
2016.06.17 05:14:11.257,0.73809,0.73818,1.12,1.00
2016.06.17 05:14:11.950,0.73806,0.73819,2.81,3.82
2016.06.17 05:14:14.293,0.73808,0.73818,1.87,1.00
2016.06.17 05:14:16.915,0.73808,0.73818,1.50,1.00
2016.06.17 05:14:18.703,0.73808,0.73819,2.62,1.27
2016.06.17 05:14:18.855,0.7381,0.73821,1.00,1.10
2016.06.17 05:14:18.957,0.7381,0.73819,1.00,1.00
2016.06.17 05:14:19.464,0.73809,0.73818,1.50,1.00
2016.06.17 05:14:25.534,0.73807,0.73818,2.06,1.12
2016.06.17 05:14:26.359,0.73808,0.73818,2.62,1.20
2016.06.17 05:14:26.893,0.73808,0.73818,1.37,1.00
2016.06.17 05:14:27.988,0.73808,0.73818,2.62,1.10
2016.06.17 05:14:31.547,0.73807,0.73818,3.75,1.00
2016.06.17 05:14:32.325,0.73809,0.73818,1.37,1.00
2016.06.17 05:14:34.608,0.73809,0.73819,1.37,1.10
2016.06.17 05:14:34.862,0.73809,0.73821,1.50,1.00
2016.06.17 05:14:36.965,0.73809,0.73821,2.62,1.12
2016.06.17 05:14:45.165,0.73807,0.73818,1.31,1.00
2016.06.17 05:14:45.774,0.73809,0.73819,1.00,1.65
2016.06.17 05:14:46.281,0.7381,0.73822,1.12,1.50
2016.06.17 05:14:46.332,0.7381,0.73822,1.12,1.12
2016.06.17 05:14:46.434,0.73812,0.73823,1.00,1.69
2016.06.17 05:14:46.485,0.7381,0.73823,1.12,1.69
2016.06.17 05:14:47.101,0.73811,0.73824,1.00,2.21
2016.06.17 05:14:47.609,0.73812,0.73824,1.87,1.09
2016.06.17 05:14:47.761,0.73815,0.73826,1.00,2.32
2016.06.17 05:14:48.462,0.73815,0.73826,1.37,1.00
2016.06.17 05:14:48.971,0.73817,0.73826,1.00,1.00
2016.06.17 05:14:50.761,0.73817,0.73829,1.37,2.81
2016.06.17 05:14:50.863,0.73819,0.7383,1.00,2.32
2016.06.17 05:14:52.940,0.73819,0.7383,1.00,1.95
2016.06.17 05:14:53.530,0.73817,0.73829,1.37,1.87
2016.06.17 05:14:54.036,0.73819,0.7383,1.12,3.00
2016.06.17 05:14:56.112,0.73818,0.73828,1.12,1.00
2016.06.17 05:14:58.359,0.73818,0.7383,1.12,1.57
2016.06.17 05:14:59.303,0.73817,0.73829,1.87,1.50
2016.06.17 05:14:59.810,0.73817,0.73828,1.50,1.87
2016.06.17 05:15:00.418,0.73817,0.73829,1.12,1.50
2016.06.17 05:15:01.838,0.73818,0.73829,1.00,1.00
2016.06.17 05:15:02.349,0.73817,0.73829,1.50,1.00
2016.06.17 05:15:07.141,0.73817,0.73829,1.87,1.37
2016.06.17 05:15:07.899,0.73818,0.73829,1.00,1.37
2016.06.17 05:15:09.151,0.73818,0.73829,1.00,1.00
2016.06.17 05:15:09.752,0.73819,0.73829,1.00,1.00
2016.06.17 05:15:10.429,0.7382,0.73828,1.00,1.12
2016.06.17 05:15:10.481,0.73818,0.73828,1.00,1.50
2016.06.17 05:15:10.684,0.73816,0.73828,2.62,1.50
2016.06.17 05:15:11.192,0.73817,0.73828,1.00,1.00
2016.06.17 05:15:12.172,0.73816,0.73828,1.50,2.70
2016.06.17 05:15:12.274,0.73818,0.73828,1.00,1.65
2016.06.17 05:15:12.594,0.73816,0.73828,1.50,1.87
2016.06.17 05:15:13.409,0.73817,0.73828,1.00,2.62
2016.06.17 05:15:16.925,0.73817,0.73827,1.00,1.00
2016.06.17 05:15:17.408,0.73814,0.73826,1.37,2.25
2016.06.17 05:15:18.372,0.73814,0.73826,1.37,4.05
2016.06.17 05:15:18.715,0.73813,0.73822,1.00,1.00
2016.06.17 05:15:18.767,0.7381,0.73823,3.45,5.47
2016.06.17 05:15:19.476,0.73811,0.73822,1.12,1.87
2016.06.17 05:15:19.630,0.73809,0.73821,3.75,2.10
2016.06.17 05:15:21.028,0.73809,0.73821,2.62,1.50
2016.06.17 05:15:21.535,0.73809,0.73821,3.37,1.75
2016.06.17 05:15:22.080,0.73809,0.73821,2.62,1.37
2016.06.17 05:15:22.586,0.73809,0.73821,3.37,1.75
2016.06.17 05:15:23.735,0.73808,0.73819,1.00,2.70
2016.06.17 05:15:24.243,0.73808,0.73819,1.00,1.95
2016.06.17 05:15:24.801,0.73808,0.73819,1.00,3.30
2016.06.17 05:15:25.338,0.73808,0.73819,1.00,1.57
2016.06.17 05:15:25.874,0.73806,0.73819,2.25,2.62
2016.06.17 05:15:26.798,0.73807,0.73819,1.12,3.97
2016.06.17 05:15:27.561,0.73808,0.7382,1.12,5.02
2016.06.17 05:15:27.641,0.73807,0.73819,1.12,2.25
2016.06.17 05:15:27.894,0.73807,0.73819,1.12,2.25
2016.06.17 05:15:28.451,0.73807,0.73818,1.12,1.00
2016.06.17 05:15:30.355,0.73807,0.73819,1.12,1.00
2016.06.17 05:15:32.106,0.73807,0.7382,1.50,3.45
2016.06.17 05:15:39.266,0.73807,0.73817,1.00,1.00
2016.06.17 05:15:39.317,0.73806,0.73815,1.50,1.00
2016.06.17 05:15:39.623,0.73799,0.7381,1.00,1.12
2016.06.17 05:15:39.724,0.73799,0.7381,1.00,1.37
2016.06.17 05:15:39.927,0.738,0.73811,1.50,1.10
2016.06.17 05:15:40.214,0.738,0.73811,1.00,1.57
2016.06.17 05:15:41.233,0.73799,0.73812,1.87,4.87
2016.06.17 05:15:42.151,0.73806,0.73818,1.00,1.87
2016.06.17 05:15:42.669,0.73805,0.73816,1.50,1.37
2016.06.17 05:15:42.821,0.73806,0.73818,1.12,2.85
2016.06.17 05:15:43.336,0.73807,0.73818,1.00,1.72
2016.06.17 05:15:46.399,0.73808,0.73818,1.00,1.67
2016.06.17 05:15:46.907,0.73808,0.73818,1.00,1.35
2016.06.17 05:15:47.415,0.73807,0.73819,1.50,2.29
2016.06.17 05:15:48.779,0.73807,0.73819,1.50,1.54
2016.06.17 05:15:48.830,0.73809,0.7382,1.00,2.92
2016.06.17 05:15:49.135,0.73812,0.73824,1.50,2.32
2016.06.17 05:15:49.186,0.73812,0.73824,1.87,1.20
2016.06.17 05:15:49.237,0.73812,0.73824,1.87,1.20
2016.06.17 05:15:50.655,0.73814,0.73825,1.12,1.20
2016.06.17 05:15:50.858,0.73812,0.73824,1.12,2.85
2016.06.17 05:15:51.368,0.73812,0.73824,1.12,2.77
2016.06.17 05:15:51.876,0.73812,0.73824,1.12,2.55
2016.06.17 05:15:53.807,0.73812,0.73824,1.12,2.17
2016.06.17 05:15:57.519,0.73812,0.73821,1.00,3.75
2016.06.17 05:15:57.570,0.7381,0.7382,2.25,1.87
2016.06.17 05:15:58.076,0.73809,0.7382,2.25,2.32
2016.06.17 05:15:58.865,0.73809,0.73819,2.25,1.15
2016.06.17 05:16:03.829,0.73809,0.73819,1.00,3.30
2016.06.17 05:16:04.335,0.73809,0.7382,1.00,5.10
2016.06.17 05:16:06.390,0.73809,0.73818,1.00,1.12
2016.06.17 05:16:12.072,0.73809,0.73819,1.00,1.50
2016.06.17 05:16:13.095,0.73809,0.73819,1.00,1.20
2016.06.17 05:16:13.197,0.73809,0.73819,1.00,1.07
2016.06.17 05:16:13.299,0.73809,0.73819,1.00,2.70
2016.06.17 05:16:14.007,0.73809,0.73819,1.00,1.72
2016.06.17 05:16:14.640,0.73809,0.7382,1.00,1.87
2016.06.17 05:16:15.172,0.73809,0.73819,1.00,1.30
2016.06.17 05:16:16.409,0.73809,0.7382,1.00,1.87
2016.06.17 05:16:17.306,0.73808,0.7382,2.62,2.40
2016.06.17 05:16:18.657,0.7381,0.7382,1.00,2.02
2016.06.17 05:16:18.709,0.7381,0.73822,1.87,2.85
2016.06.17 05:16:19.418,0.7381,0.73821,3.37,1.42
2016.06.17 05:16:21.015,0.7381,0.73819,1.50,1.67
2016.06.17 05:16:21.548,0.7381,0.7382,1.50,2.62
2016.06.17 05:16:21.650,0.7381,0.73819,2.25,1.17
2016.06.17 05:16:31.128,0.73809,0.73821,4.12,2.62
2016.06.17 05:16:34.240,0.7381,0.7382,1.50,1.20
2016.06.17 05:16:49.964,0.73813,0.7382,1.00,1.20
2016.06.17 05:16:50.015,0.73814,0.73823,1.00,1.87
2016.06.17 05:16:50.118,0.73817,0.73826,1.00,1.00
2016.06.17 05:16:50.271,0.73818,0.73829,1.12,1.72
2016.06.17 05:16:51.251,0.73818,0.73829,1.12,2.10
2016.06.17 05:16:52.815,0.73819,0.73829,1.00,1.72
2016.06.17 05:16:53.322,0.73819,0.73829,1.00,2.85
2016.06.17 05:16:55.330,0.73819,0.73829,1.00,1.37
2016.06.17 05:16:56.107,0.73819,0.73829,1.00,1.47
2016.06.17 05:16:58.047,0.73819,0.73829,1.00,1.72
2016.06.17 05:17:02.941,0.73819,0.7383,1.00,2.44
2016.06.17 05:17:03.864,0.73825,0.7383,1.00,1.50
2016.06.17 05:17:04.067,0.73829,0.73836,1.12,2.25
2016.06.17 05:17:04.169,0.73828,0.7384,2.25,3.07
2016.06.17 05:17:04.859,0.73828,0.73838,1.12,1.35
2016.06.17 05:17:08.252,0.73828,0.73839,1.12,1.30
2016.06.17 05:17:09.284,0.73828,0.7384,1.12,5.25
2016.06.17 05:17:10.259,0.73828,0.73839,1.12,1.37
2016.06.17 05:17:10.927,0.73828,0.73839,1.12,1.30
2016.06.17 05:17:11.890,0.73828,0.7384,1.12,5.62
2016.06.17 05:17:14.491,0.73828,0.7384,1.12,1.35
2016.06.17 05:17:15.147,0.73828,0.7384,1.87,2.70
2016.06.17 05:17:16.188,0.73828,0.7384,1.12,1.42
2016.06.17 05:17:16.897,0.73828,0.7384,1.50,1.05
2016.06.17 05:17:17.099,0.73828,0.7384,1.87,1.05
2016.06.17 05:17:17.633,0.73828,0.7384,2.25,1.35
2016.06.17 05:17:18.154,0.73828,0.7384,1.50,1.87
2016.06.17 05:17:18.540,0.73828,0.73839,1.50,1.27
2016.06.17 05:17:18.641,0.73827,0.7384,3.37,2.25
2016.06.17 05:17:19.177,0.73827,0.7384,2.25,1.87
2016.06.17 05:17:19.531,0.73828,0.7384,1.50,3.07
2016.06.17 05:17:20.523,0.73828,0.7384,1.87,2.70
2016.06.17 05:17:21.029,0.73828,0.7384,1.37,2.10
2016.06.17 05:17:22.021,0.73828,0.73839,1.50,1.72
2016.06.17 05:17:25.745,0.73828,0.73839,1.50,1.42
2016.06.17 05:17:30.763,0.73828,0.73839,2.25,1.00
2016.06.17 05:17:32.392,0.73828,0.73838,2.62,1.12
2016.06.17 05:17:34.723,0.73833,0.73839,1.00,1.00
2016.06.17 05:17:35.028,0.73839,0.73849,1.69,1.72
2016.06.17 05:17:35.576,0.73839,0.73849,1.19,1.50
2016.06.17 05:17:36.033,0.73838,0.73845,1.69,1.00
2016.06.17 05:17:36.085,0.73837,0.73844,1.87,1.00
2016.06.17 05:17:36.137,0.73836,0.73846,1.12,4.35
2016.06.17 05:17:36.239,0.73834,0.73845,1.87,1.95
2016.06.17 05:17:36.778,0.73835,0.73847,1.00,2.55
2016.06.17 05:17:36.981,0.73837,0.73847,1.00,2.55
2016.06.17 05:17:37.032,0.73837,0.73847,1.12,1.20
2016.06.17 05:17:45.364,0.73836,0.73848,2.44,1.00
2016.06.17 05:17:45.466,0.73837,0.73848,2.62,1.27
2016.06.17 05:17:45.568,0.73837,0.73849,3.00,3.37
2016.06.17 05:17:46.127,0.73838,0.73848,1.37,1.50
2016.06.17 05:17:46.646,0.73839,0.73849,1.50,3.30
2016.06.17 05:17:47.261,0.73839,0.73849,1.12,2.55
2016.06.17 05:17:50.307,0.73841,0.73848,1.00,1.10
2016.06.17 05:17:50.785,0.73847,0.73851,1.00,1.00
2016.06.17 05:17:50.837,0.73845,0.73858,3.90,3.22
2016.06.17 05:17:51.344,0.73845,0.73857,1.85,1.00
2016.06.17 05:17:57.388,0.73844,0.73856,2.06,1.12
2016.06.17 05:17:58.482,0.73845,0.73858,3.75,1.87
2016.06.17 05:17:58.583,0.73846,0.73858,1.12,1.12
2016.06.17 05:18:06.245,0.73847,0.73858,1.00,1.00
2016.06.17 05:18:06.775,0.73847,0.73858,1.00,1.87
2016.06.17 05:18:08.243,0.73848,0.73858,2.06,1.37
2016.06.17 05:18:08.294,0.73849,0.73861,1.10,2.62
2016.06.17 05:18:08.395,0.73849,0.73862,1.00,1.37
2016.06.17 05:18:08.902,0.73851,0.73862,1.50,1.12
2016.06.17 05:18:12.533,0.73853,0.73862,1.00,1.12
2016.06.17 05:18:13.222,0.73852,0.73864,1.50,2.25
2016.06.17 05:18:14.781,0.73851,0.73862,4.50,1.35
2016.06.17 05:18:15.290,0.73851,0.73863,3.75,2.85
2016.06.17 05:18:15.798,0.73851,0.73863,3.75,2.85
2016.06.17 05:18:17.092,0.73851,0.73862,3.75,1.72
2016.06.17 05:18:19.343,0.73851,0.73862,1.87,1.75
2016.06.17 05:18:19.880,0.73849,0.7386,2.44,1.00
2016.06.17 05:18:21.945,0.73849,0.7386,1.56,1.72
2016.06.17 05:18:22.451,0.73849,0.7386,1.56,1.87
2016.06.17 05:18:23.708,0.73849,0.7386,1.56,1.37
2016.06.17 05:18:30.718,0.73849,0.7386,1.62,1.12
2016.06.17 05:18:31.738,0.73849,0.7386,1.62,1.50
2016.06.17 05:18:33.938,0.73849,0.7386,1.62,1.50
2016.06.17 05:18:39.145,0.7385,0.7386,1.00,1.67
2016.06.17 05:18:39.754,0.7385,0.7386,1.00,1.00
2016.06.17 05:18:40.739,0.7385,0.73861,1.00,2.17
2016.06.17 05:18:41.825,0.7385,0.73861,1.00,2.17
2016.06.17 05:18:42.981,0.7385,0.73861,1.00,2.70
2016.06.17 05:18:49.161,0.7385,0.73862,2.62,3.22
2016.06.17 05:18:50.177,0.73851,0.73862,1.00,1.12
2016.06.17 05:18:50.228,0.73854,0.73862,1.00,1.12
2016.06.17 05:18:50.532,0.73857,0.73867,1.00,3.00
2016.06.17 05:18:51.012,0.73857,0.73868,1.69,1.37
2016.06.17 05:18:51.519,0.73857,0.73867,1.25,1.37
2016.06.17 05:18:59.071,0.73857,0.73864,1.00,1.12
2016.06.17 05:18:59.122,0.73853,0.73864,1.25,2.62
2016.06.17 05:18:59.681,0.73853,0.73865,1.25,1.65
2016.06.17 05:19:00.875,0.73854,0.73866,1.00,2.62
2016.06.17 05:19:01.385,0.73854,0.73866,1.50,1.72
2016.06.17 05:19:02.229,0.73854,0.73864,1.19,1.50
2016.06.17 05:19:04.588,0.73854,0.73865,1.19,1.87
2016.06.17 05:19:05.094,0.73855,0.73865,1.25,1.00
2016.06.17 05:19:06.205,0.73855,0.73867,2.44,2.10
2016.06.17 05:19:07.684,0.73856,0.73867,1.00,1.00
2016.06.17 05:19:19.503,0.73857,0.73867,1.00,1.00
2016.06.17 05:19:21.709,0.73857,0.73867,1.00,1.35
2016.06.17 05:19:22.216,0.73857,0.73867,1.00,1.00
2016.06.17 05:19:32.834,0.73857,0.73865,1.00,1.45
2016.06.17 05:19:32.885,0.73851,0.73862,1.50,1.12
2016.06.17 05:19:33.240,0.73852,0.73863,1.00,1.12
2016.06.17 05:19:33.748,0.73852,0.73863,1.87,1.12
2016.06.17 05:19:34.669,0.73852,0.73863,2.62,1.35
2016.06.17 05:19:35.336,0.73853,0.73863,1.00,1.12
2016.06.17 05:19:35.935,0.73856,0.73866,1.00,1.00
2016.06.17 05:19:36.813,0.73856,0.73867,1.00,1.35
2016.06.17 05:19:37.328,0.73856,0.73867,1.00,3.22
2016.06.17 05:19:39.198,0.73854,0.73864,2.44,1.00
2016.06.17 05:19:39.502,0.73849,0.7386,3.00,1.00
2016.06.17 05:19:40.210,0.73849,0.7386,3.22,1.37
2016.06.17 05:19:40.716,0.73849,0.7386,3.00,1.00
2016.06.17 05:19:41.412,0.73849,0.7386,3.00,1.37
2016.06.17 05:19:41.918,0.73849,0.7386,3.00,1.00
2016.06.17 05:19:49.025,0.7385,0.7386,1.12,1.87
2016.06.17 05:19:53.137,0.73849,0.7386,1.50,1.00
2016.06.17 05:19:53.643,0.73849,0.7386,1.87,3.60
2016.06.17 05:19:54.150,0.73849,0.7386,1.87,1.35
2016.06.17 05:19:56.850,0.73849,0.7386,1.87,1.72
2016.06.17 05:19:57.576,0.7385,0.7386,1.50,1.50
2016.06.17 05:19:59.450,0.7385,0.7386,1.50,1.87
2016.06.17 05:20:00.089,0.7385,0.7386,1.50,1.00
2016.06.17 05:20:00.603,0.7385,0.7386,1.50,1.37
2016.06.17 05:20:01.109,0.7385,0.7386,1.50,1.00
2016.06.17 05:20:02.666,0.7385,0.7386,1.50,1.50
2016.06.17 05:20:09.106,0.73848,0.73859,3.00,1.50
2016.06.17 05:20:09.634,0.73848,0.73859,2.62,1.47
2016.06.17 05:20:10.288,0.73848,0.73857,1.50,1.00
2016.06.17 05:20:10.340,0.73844,0.73854,2.25,1.57
2016.06.17 05:20:10.647,0.73848,0.73858,1.50,1.00
2016.06.17 05:20:10.698,0.73848,0.73858,1.50,1.00
2016.06.17 05:20:11.158,0.73851,0.7386,1.00,1.20
2016.06.17 05:20:11.684,0.73851,0.7386,1.00,1.27
2016.06.17 05:20:12.696,0.73849,0.7386,1.12,1.27
2016.06.17 05:20:13.385,0.73849,0.73858,1.50,1.00
2016.06.17 05:20:13.436,0.73847,0.73857,1.31,1.00
2016.06.17 05:20:13.639,0.73845,0.73854,1.50,1.00
2016.06.17 05:20:13.944,0.73844,0.73854,1.00,1.20
2016.06.17 05:20:15.122,0.73844,0.73856,1.37,1.50
2016.06.17 05:20:15.325,0.73846,0.73856,1.75,2.25
2016.06.17 05:20:15.427,0.73846,0.73857,1.00,1.50
2016.06.17 05:20:15.631,0.73846,0.73859,1.87,1.20
2016.06.17 05:20:15.682,0.73847,0.73857,1.50,1.00
2016.06.17 05:20:16.344,0.73847,0.73857,1.12,1.12
2016.06.17 05:20:16.963,0.73846,0.73858,1.12,2.55
2016.06.17 05:20:22.939,0.73846,0.73856,1.12,1.00
2016.06.17 05:20:25.726,0.73846,0.73857,1.12,1.00
2016.06.17 05:20:26.233,0.73846,0.73858,1.12,2.32
2016.06.17 05:20:31.496,0.73846,0.73856,1.00,1.00
2016.06.17 05:20:32.900,0.73846,0.73858,1.12,2.85
2016.06.17 05:20:32.952,0.73846,0.73858,1.37,2.47
2016.06.17 05:20:34.303,0.73849,0.73858,1.00,1.00
2016.06.17 05:20:34.810,0.73847,0.73858,1.69,1.12
2016.06.17 05:20:36.154,0.73847,0.73858,2.44,1.00
2016.06.17 05:20:36.661,0.73847,0.73859,3.56,1.20
2016.06.17 05:20:37.383,0.73847,0.73858,1.31,1.00
2016.06.17 05:20:49.470,0.73848,0.73859,1.69,1.65
2016.06.17 05:20:50.249,0.73848,0.73859,1.62,2.47
2016.06.17 05:20:51.858,0.73848,0.73858,1.37,1.00
2016.06.17 05:20:52.199,0.73847,0.73858,1.25,1.00
2016.06.17 05:20:58.184,0.73846,0.73858,2.06,1.00
2016.06.17 05:20:59.119,0.73848,0.73859,2.25,1.20
2016.06.17 05:20:59.221,0.73848,0.73859,1.12,1.20
2016.06.17 05:21:06.197,0.73848,0.73859,1.62,1.00
2016.06.17 05:21:07.069,0.73849,0.73859,1.00,1.07
2016.06.17 05:21:07.587,0.73848,0.73859,2.81,1.00
2016.06.17 05:21:13.209,0.73848,0.73859,2.62,1.00
2016.06.17 05:21:14.192,0.73848,0.73858,1.50,1.00
2016.06.17 05:21:14.752,0.73847,0.73857,1.69,1.12
2016.06.17 05:21:16.860,0.73846,0.73858,2.44,1.72
2016.06.17 05:21:26.180,0.73847,0.7386,2.81,2.85
2016.06.17 05:21:26.715,0.73849,0.7386,1.12,1.12
2016.06.17 05:21:27.450,0.73849,0.7386,2.25,1.37
2016.06.17 05:21:28.033,0.73851,0.73861,1.00,1.80
2016.06.17 05:21:28.761,0.73851,0.73861,1.00,1.57
2016.06.17 05:21:28.964,0.73853,0.73862,1.87,1.57
2016.06.17 05:21:29.066,0.73855,0.73865,1.37,1.12
2016.06.17 05:21:29.167,0.73856,0.73868,1.37,3.67
2016.06.17 05:21:30.238,0.73855,0.73867,1.75,2.10
2016.06.17 05:21:30.290,0.73856,0.73864,1.00,1.00
2016.06.17 05:21:30.392,0.73854,0.73864,2.06,1.00
2016.06.17 05:21:30.919,0.73855,0.73865,1.00,1.50
2016.06.17 05:21:31.895,0.73854,0.73863,1.62,1.00
2016.06.17 05:21:31.997,0.73853,0.73862,1.00,1.00
2016.06.17 05:21:32.049,0.73851,0.73861,1.76,1.72
2016.06.17 05:21:32.454,0.73849,0.73858,1.69,1.00
2016.06.17 05:21:32.505,0.73848,0.73858,1.25,1.00
2016.06.17 05:21:33.405,0.73849,0.73858,1.12,1.00
2016.06.17 05:21:33.917,0.73849,0.73859,1.12,1.00
2016.06.17 05:21:34.434,0.73849,0.7386,1.12,1.12
2016.06.17 05:21:35.055,0.73849,0.7386,1.87,1.50
2016.06.17 05:21:37.951,0.73849,0.7386,1.87,1.12
2016.06.17 05:21:42.561,0.73849,0.7386,1.12,1.50
2016.06.17 05:21:43.099,0.73849,0.7386,1.12,1.12
2016.06.17 05:21:43.615,0.73849,0.7386,1.12,1.50
2016.06.17 05:21:44.122,0.73847,0.73859,1.31,1.12
2016.06.17 05:21:45.597,0.73847,0.73858,1.31,1.12
2016.06.17 05:21:46.119,0.73847,0.73859,1.31,3.22
2016.06.17 05:21:46.922,0.73847,0.73858,1.31,1.00
2016.06.17 05:21:47.564,0.73847,0.73858,1.31,1.50
2016.06.17 05:21:51.030,0.73848,0.73859,1.25,2.25
2016.06.17 05:21:51.131,0.73849,0.7386,1.37,1.57
2016.06.17 05:21:51.284,0.73849,0.73861,2.62,1.00
2016.06.17 05:21:51.949,0.73851,0.73861,1.00,1.12
2016.06.17 05:21:52.491,0.7385,0.73861,1.00,2.10
2016.06.17 05:21:52.998,0.73848,0.7386,1.69,1.00
2016.06.17 05:21:53.541,0.7385,0.73861,1.12,1.00
2016.06.17 05:21:54.115,0.73851,0.73862,1.50,2.17
2016.06.17 05:21:54.268,0.73851,0.73863,1.31,2.02
2016.06.17 05:21:56.492,0.73847,0.73859,1.69,1.00
2016.06.17 05:22:02.252,0.73848,0.73859,1.25,2.92
2016.06.17 05:22:04.876,0.73847,0.73859,2.44,2.17
2016.06.17 05:22:05.574,0.73848,0.73859,1.25,3.30
2016.06.17 05:22:08.181,0.73848,0.73859,1.25,2.17
2016.06.17 05:22:08.716,0.73848,0.73858,2.44,1.30
2016.06.17 05:22:12.438,0.73848,0.73859,1.25,2.17
2016.06.17 05:22:12.988,0.73847,0.73859,1.19,3.67
2016.06.17 05:22:14.669,0.73847,0.73859,1.19,2.17
2016.06.17 05:22:15.211,0.73847,0.73859,1.19,3.30
2016.06.17 05:22:15.748,0.73847,0.73859,1.19,2.17
2016.06.17 05:22:16.337,0.73846,0.73859,2.06,3.30
2016.06.17 05:22:17.142,0.73845,0.73858,1.87,2.62
2016.06.17 05:22:17.447,0.73846,0.7385,1.00,1.00
2016.06.17 05:22:17.498,0.73849,0.73856,1.00,3.75
2016.06.17 05:22:17.603,0.73848,0.73859,2.44,3.37
2016.06.17 05:22:18.419,0.73848,0.73858,1.31,1.00
2016.06.17 05:22:18.957,0.73846,0.73859,2.06,5.10
2016.06.17 05:22:30.962,0.73845,0.73858,1.50,1.87
2016.06.17 05:22:33.535,0.73845,0.73856,1.50,1.30
2016.06.17 05:22:34.245,0.73845,0.73857,1.50,2.10
2016.06.17 05:22:34.871,0.73845,0.73857,1.50,1.50
2016.06.17 05:22:35.843,0.73845,0.73857,1.50,1.35
2016.06.17 05:22:37.345,0.73846,0.73857,1.00,1.35
2016.06.17 05:22:47.115,0.73845,0.73857,1.50,2.85
2016.06.17 05:22:47.917,0.73845,0.73857,1.00,1.72
2016.06.17 05:22:49.007,0.73844,0.73857,2.44,2.85
2016.06.17 05:22:50.189,0.73844,0.73857,2.44,2.85
2016.06.17 05:23:01.830,0.73843,0.73853,3.64,1.72
2016.06.17 05:23:02.572,0.73842,0.73852,1.25,1.50
2016.06.17 05:23:04.818,0.7384,0.73852,3.56,2.85
2016.06.17 05:23:05.224,0.73841,0.73853,1.49,2.25
2016.06.17 05:23:05.326,0.73841,0.73852,1.19,1.37
2016.06.17 05:23:06.238,0.73841,0.73853,1.31,6.30
2016.06.17 05:23:06.340,0.73841,0.73853,1.19,5.92
2016.06.17 05:23:06.544,0.73841,0.73853,1.19,3.30
2016.06.17 05:23:09.178,0.73843,0.73854,1.00,1.95
2016.06.17 05:23:10.932,0.73841,0.73853,2.81,1.12
2016.06.17 05:23:16.957,0.73842,0.73854,1.25,4.12
2016.06.17 05:23:17.744,0.73841,0.73854,2.06,2.02
2016.06.17 05:23:20.782,0.73842,0.73854,1.50,1.87
2016.06.17 05:23:21.397,0.73844,0.73855,1.00,2.17
2016.06.17 05:23:22.864,0.73842,0.73853,1.12,3.37
2016.06.17 05:23:22.965,0.73841,0.73852,1.69,1.50
2016.06.17 05:23:23.857,0.73841,0.73852,1.31,1.50
2016.06.17 05:23:25.111,0.73841,0.73852,1.19,1.50
2016.06.17 05:23:32.974,0.73841,0.73852,1.19,1.87
2016.06.17 05:23:33.934,0.73841,0.73852,1.19,1.50
2016.06.17 05:23:34.441,0.7384,0.73852,3.19,1.50
2016.06.17 05:23:39.957,0.73841,0.73851,1.25,1.00
2016.06.17 05:23:41.265,0.7384,0.73852,1.31,4.12
2016.06.17 05:23:41.350,0.7384,0.7385,1.31,1.50
2016.06.17 05:23:41.857,0.73839,0.7385,2.81,2.62
2016.06.17 05:23:45.872,0.73839,0.7385,1.31,3.60
2016.06.17 05:23:49.126,0.7384,0.7385,1.19,1.87
2016.06.17 05:23:51.058,0.7384,0.7385,1.19,1.87
2016.06.17 05:23:52.183,0.7384,0.7385,1.19,2.62
2016.06.17 05:23:52.733,0.7384,0.7385,1.19,1.50
2016.06.17 05:23:53.322,0.7384,0.73851,1.19,4.12
2016.06.17 05:23:53.836,0.73841,0.73851,1.31,2.25
2016.06.17 05:23:54.343,0.73841,0.73851,1.31,2.47
2016.06.17 05:23:55.062,0.73841,0.73851,1.69,1.87
2016.06.17 05:23:55.316,0.73846,0.73857,1.00,1.42
2016.06.17 05:23:55.420,0.73846,0.73857,1.37,1.35
2016.06.17 05:23:55.839,0.73846,0.73857,1.37,3.97
2016.06.17 05:23:56.423,0.73842,0.73853,1.19,2.92
2016.06.17 05:23:56.951,0.73842,0.73852,1.19,1.30
2016.06.17 05:24:00.104,0.73842,0.73853,1.00,2.92
2016.06.17 05:24:04.646,0.73841,0.73852,1.00,2.10
2016.06.17 05:24:05.221,0.7384,0.73852,1.31,3.60
2016.06.17 05:24:05.525,0.73839,0.73849,1.19,1.95
2016.06.17 05:24:08.818,0.73839,0.73849,1.19,1.57
2016.06.17 05:24:12.782,0.73836,0.73849,2.44,2.17
2016.06.17 05:24:12.833,0.73836,0.73845,2.06,1.00
2016.06.17 05:24:12.986,0.73835,0.73844,1.50,1.10
2016.06.17 05:24:13.190,0.73838,0.73845,1.25,1.37
2016.06.17 05:24:13.292,0.73838,0.73849,2.44,3.07
2016.06.17 05:24:13.629,0.73838,0.7385,2.44,1.95
2016.06.17 05:24:15.914,0.7384,0.7385,1.00,1.95
2016.06.17 05:24:16.426,0.7384,0.73852,1.87,2.05
2016.06.17 05:24:16.944,0.7384,0.73852,2.25,2.85
2016.06.17 05:24:22.153,0.7384,0.73852,2.62,1.12
2016.06.17 05:24:22.306,0.73842,0.73852,1.00,1.12
2016.06.17 05:24:24.162,0.73844,0.73852,1.00,1.00
2016.06.17 05:24:24.777,0.73843,0.73854,1.50,1.00
2016.06.17 05:24:25.132,0.73841,0.73853,2.06,3.60
2016.06.17 05:24:25.816,0.73841,0.73853,1.69,3.22
2016.06.17 05:24:28.567,0.73841,0.73853,1.69,1.00
2016.06.17 05:24:34.436,0.73844,0.73853,1.00,1.00
2016.06.17 05:24:34.589,0.73845,0.73855,1.12,1.00
2016.06.17 05:24:35.124,0.73846,0.73856,1.50,1.12
2016.06.17 05:24:36.185,0.73846,0.73858,1.12,4.80
2016.06.17 05:24:36.734,0.73846,0.73858,1.12,5.55
2016.06.17 05:24:37.242,0.73847,0.73857,1.00,1.30
2016.06.17 05:24:45.406,0.73846,0.73856,1.87,1.00
2016.06.17 05:24:48.518,0.73846,0.73858,1.87,5.92
2016.06.17 05:24:49.341,0.73846,0.73858,1.50,4.05
2016.06.17 05:24:49.842,0.73847,0.73858,1.00,2.25
2016.06.17 05:24:50.566,0.73848,0.73858,1.50,1.35
2016.06.17 05:24:51.674,0.73848,0.73859,2.62,1.57
2016.06.17 05:25:02.592,0.73857,0.73861,1.50,1.00
2016.06.17 05:25:02.672,0.73859,0.73865,1.00,1.00
2016.06.17 05:25:02.774,0.73859,0.73868,1.00,1.12
2016.06.17 05:25:02.926,0.73857,0.73866,1.87,1.00
2016.06.17 05:25:03.129,0.73855,0.73866,1.00,1.50
2016.06.17 05:25:03.181,0.73859,0.73866,1.00,1.00
2016.06.17 05:25:03.435,0.73857,0.73868,1.12,3.75
2016.06.17 05:25:03.955,0.73856,0.73866,1.12,1.12
2016.06.17 05:25:04.159,0.73856,0.73866,1.12,1.12
2016.06.17 05:25:04.413,0.73855,0.73863,1.12,1.00
2016.06.17 05:25:04.464,0.73853,0.73863,1.12,1.12
2016.06.17 05:25:04.577,0.73851,0.73861,1.10,1.50
2016.06.17 05:25:04.882,0.73851,0.73861,1.00,1.95
2016.06.17 05:25:04.934,0.73849,0.7386,1.87,1.10
2016.06.17 05:25:05.475,0.73849,0.7386,1.50,1.65
2016.06.17 05:25:10.678,0.73849,0.7386,2.25,1.20
2016.06.17 05:25:12.282,0.73849,0.73861,3.00,5.85
2016.06.17 05:25:12.333,0.73851,0.73861,1.50,5.10
2016.06.17 05:25:12.384,0.73851,0.73863,2.62,2.06
2016.06.17 05:25:12.435,0.73855,0.73864,1.00,2.62
2016.06.17 05:25:12.486,0.73854,0.73864,1.00,1.00
2016.06.17 05:25:12.588,0.73855,0.73866,1.57,1.00
2016.06.17 05:25:13.287,0.73855,0.73865,1.00,1.87
2016.06.17 05:25:15.740,0.73854,0.73864,1.00,1.00
2016.06.17 05:25:15.943,0.73852,0.73863,1.12,3.00
2016.06.17 05:25:16.450,0.73853,0.73863,1.00,1.87
2016.06.17 05:25:17.172,0.73851,0.73863,2.62,1.87
2016.06.17 05:25:17.223,0.73853,0.73863,1.00,1.50
2016.06.17 05:25:17.731,0.73853,0.73864,1.00,1.87
2016.06.17 05:25:18.239,0.73853,0.73863,1.00,1.12
2016.06.17 05:25:19.320,0.73853,0.73862,1.12,1.00
2016.06.17 05:25:20.053,0.73851,0.73862,1.50,3.97
2016.06.17 05:25:20.569,0.73852,0.73861,1.50,1.00
2016.06.17 05:25:20.823,0.73855,0.73865,1.12,2.25
2016.06.17 05:25:21.055,0.73856,0.73866,1.37,1.72
2016.06.17 05:25:21.798,0.73857,0.73866,2.25,1.00
2016.06.17 05:25:21.850,0.73858,0.73868,1.12,1.31
2016.06.17 05:25:22.390,0.73858,0.73869,1.87,1.72
2016.06.17 05:25:25.059,0.73859,0.73869,1.00,1.50
2016.06.17 05:25:25.563,0.73858,0.73868,1.87,2.47
2016.06.17 05:25:27.762,0.73859,0.73868,1.00,1.00
2016.06.17 05:25:29.120,0.73859,0.73869,1.00,1.00
2016.06.17 05:25:29.827,0.73859,0.7387,1.00,3.30
2016.06.17 05:25:30.726,0.73859,0.73868,1.00,1.00
2016.06.17 05:25:31.546,0.73858,0.73868,1.00,1.50
2016.06.17 05:25:32.050,0.73858,0.73869,1.00,2.85
2016.06.17 05:25:32.809,0.73859,0.73869,1.00,2.47
2016.06.17 05:25:32.860,0.73857,0.73869,2.62,1.87
2016.06.17 05:25:33.466,0.73858,0.73868,1.00,1.00
2016.06.17 05:25:37.737,0.7386,0.73868,1.00,1.00
2016.06.17 05:25:40.143,0.73857,0.73868,4.50,1.00
2016.06.17 05:25:47.042,0.73858,0.73869,1.12,1.50
2016.06.17 05:25:47.246,0.73857,0.73869,6.00,2.47
2016.06.17 05:25:47.752,0.73857,0.73869,4.12,2.62
2016.06.17 05:25:56.032,0.73858,0.73869,1.00,2.62
2016.06.17 05:26:06.007,0.73856,0.73867,2.44,2.25
2016.06.17 05:26:06.450,0.73852,0.7386,1.12,1.87
2016.06.17 05:26:06.503,0.7385,0.7386,1.50,2.62
2016.06.17 05:26:07.321,0.7385,0.7386,1.12,2.62
2016.06.17 05:26:10.064,0.73848,0.73858,4.24,1.00
2016.06.17 05:26:10.932,0.73848,0.73858,3.60,1.00
2016.06.17 05:26:12.135,0.73848,0.73859,1.12,1.72
2016.06.17 05:26:12.237,0.73847,0.73851,3.00,1.50
2016.06.17 05:26:12.389,0.73843,0.73853,2.25,2.25
2016.06.17 05:26:12.694,0.73847,0.73858,1.50,1.00
2016.06.17 05:26:13.321,0.73846,0.73858,3.37,1.12
2016.06.17 05:26:16.995,0.73847,0.73858,1.00,1.50
2016.06.17 05:26:21.063,0.73845,0.73855,1.75,1.00
2016.06.17 05:26:21.367,0.73838,0.73848,1.50,1.00
2016.06.17 05:26:21.419,0.73838,0.73848,1.12,1.00
2016.06.17 05:26:21.925,0.73837,0.73848,1.35,1.00
2016.06.17 05:26:22.452,0.73838,0.73848,1.00,1.50
2016.06.17 05:26:24.421,0.73837,0.73848,1.00,1.50
2016.06.17 05:26:29.169,0.73838,0.73848,1.00,1.87
2016.06.17 05:26:29.826,0.73838,0.73848,1.12,1.50
2016.06.17 05:26:30.502,0.73838,0.73848,2.10,1.12
2016.06.17 05:26:32.030,0.73838,0.73848,1.72,1.12
2016.06.17 05:26:32.536,0.73838,0.73848,1.50,1.12
2016.06.17 05:26:35.883,0.73837,0.73849,1.42,3.37
2016.06.17 05:26:36.389,0.73839,0.73849,1.00,3.75
2016.06.17 05:26:38.838,0.73838,0.73848,1.00,1.50
2016.06.17 05:26:42.503,0.73838,0.73849,1.37,2.25
2016.06.17 05:26:42.859,0.73838,0.7385,1.37,1.50
2016.06.17 05:26:43.390,0.73838,0.7385,1.37,1.50
2016.06.17 05:26:44.408,0.73838,0.7385,1.37,1.50
2016.06.17 05:26:47.403,0.73838,0.7385,1.37,1.50
2016.06.17 05:26:48.038,0.73838,0.7385,1.12,3.75
2016.06.17 05:26:48.669,0.73838,0.73848,1.00,1.50
2016.06.17 05:26:49.217,0.73837,0.73848,1.35,3.37
2016.06.17 05:26:52.136,0.73837,0.73848,1.37,1.87
2016.06.17 05:26:54.108,0.73838,0.73848,1.37,1.12
2016.06.17 05:26:54.614,0.7384,0.7385,1.00,2.25
2016.06.17 05:26:56.837,0.7384,0.73849,1.00,1.00
2016.06.17 05:27:01.126,0.7384,0.7385,1.00,2.25
2016.06.17 05:27:01.633,0.7384,0.73849,1.00,1.00
2016.06.17 05:27:02.140,0.73838,0.73849,1.12,2.25
2016.06.17 05:27:02.852,0.73836,0.73848,1.12,1.12
2016.06.17 05:27:14.836,0.73836,0.73849,2.62,5.10
2016.06.17 05:27:16.905,0.73837,0.73849,1.00,2.62
2016.06.17 05:27:22.798,0.73837,0.73849,1.50,1.12
2016.06.17 05:27:26.298,0.73841,0.73849,1.00,1.12
2016.06.17 05:27:28.267,0.73839,0.73849,1.87,1.12
2016.06.17 05:27:28.882,0.73839,0.73849,1.50,1.12
2016.06.17 05:27:33.923,0.73839,0.73848,1.12,1.00
2016.06.17 05:27:34.430,0.73838,0.73849,1.00,1.50
2016.06.17 05:27:35.913,0.73838,0.73848,1.00,1.00
2016.06.17 05:27:36.453,0.73838,0.73849,1.00,2.25
2016.06.17 05:27:42.046,0.73838,0.73848,1.00,1.00
2016.06.17 05:27:47.571,0.73838,0.73848,1.12,2.25
2016.06.17 05:27:47.874,0.73838,0.73849,1.12,2.62
2016.06.17 05:27:49.322,0.73837,0.73848,2.47,1.00
2016.06.17 05:27:51.497,0.73838,0.73848,1.00,1.00
2016.06.17 05:27:54.332,0.73838,0.73849,1.00,1.87
2016.06.17 05:27:55.026,0.73838,0.7385,2.25,1.50
2016.06.17 05:27:55.533,0.7384,0.73852,2.25,2.85
2016.06.17 05:27:56.040,0.7384,0.73853,1.50,6.04
2016.06.17 05:28:00.074,0.7384,0.7385,1.00,1.00
2016.06.17 05:28:00.580,0.7384,0.73851,1.50,1.87
2016.06.17 05:28:04.546,0.73839,0.73849,1.50,1.87
2016.06.17 05:28:04.801,0.73837,0.73848,1.25,2.25
2016.06.17 05:28:04.903,0.73838,0.73848,1.19,2.25
2016.06.17 05:28:07.553,0.73838,0.73849,1.19,1.87
2016.06.17 05:28:07.857,0.73838,0.73845,1.19,1.00
2016.06.17 05:28:12.408,0.73838,0.73847,1.31,1.00
2016.06.17 05:28:13.423,0.73838,0.73846,1.19,1.00
2016.06.17 05:28:14.739,0.73838,0.73842,1.25,1.00
2016.06.17 05:28:14.791,0.73836,0.73843,1.12,1.50
2016.06.17 05:28:15.192,0.73831,0.73842,2.51,1.00
2016.06.17 05:28:15.703,0.73831,0.73841,2.51,1.00
2016.06.17 05:28:16.214,0.73831,0.7384,1.31,1.00
2016.06.17 05:28:17.891,0.73831,0.7384,1.00,1.12
2016.06.17 05:28:18.986,0.73829,0.7384,2.29,1.50
2016.06.17 05:28:19.493,0.73829,0.73839,2.29,1.00
2016.06.17 05:28:25.084,0.73829,0.73839,1.69,1.00
2016.06.17 05:28:25.592,0.73829,0.73841,2.00,1.50
2016.06.17 05:28:27.076,0.7383,0.7384,1.00,1.12
2016.06.17 05:28:31.091,0.73829,0.7384,3.41,1.12
2016.06.17 05:28:32.102,0.7383,0.7384,1.12,1.12
2016.06.17 05:28:34.696,0.7383,0.7384,2.25,1.12
2016.06.17 05:28:35.455,0.7383,0.7384,1.00,1.87
2016.06.17 05:28:37.195,0.73831,0.73841,1.12,1.12
2016.06.17 05:28:37.348,0.73832,0.73843,1.50,2.25
2016.06.17 05:28:37.551,0.73834,0.73845,1.50,1.00
2016.06.17 05:28:38.099,0.73836,0.73847,1.00,2.47
2016.06.17 05:28:42.761,0.73835,0.73844,2.25,1.00
2016.06.17 05:28:42.863,0.73833,0.73844,1.62,1.00
2016.06.17 05:28:42.966,0.73837,0.73844,1.00,1.37
2016.06.17 05:28:43.170,0.73837,0.73848,2.25,1.00
2016.06.17 05:28:43.703,0.73838,0.73849,1.00,3.00
2016.06.17 05:28:44.210,0.73837,0.73848,1.12,1.00
2016.06.17 05:28:46.426,0.73836,0.73846,2.06,1.00
2016.06.17 05:28:46.731,0.73834,0.73846,2.17,1.87
2016.06.17 05:28:47.036,0.73836,0.73846,1.19,1.12
2016.06.17 05:28:47.941,0.73837,0.73847,1.25,1.00
2016.06.17 05:28:50.437,0.73837,0.73848,1.25,1.87
2016.06.17 05:28:50.742,0.73838,0.73849,1.37,1.37
2016.06.17 05:28:51.637,0.73839,0.73849,1.00,1.00
2016.06.17 05:28:53.240,0.73842,0.73849,1.00,1.00
2016.06.17 05:28:53.585,0.73843,0.73853,1.37,1.12
2016.06.17 05:28:53.687,0.73846,0.73855,1.00,1.87
2016.06.17 05:28:53.993,0.73846,0.73856,1.87,1.00
2016.06.17 05:28:56.806,0.73846,0.73857,1.87,1.30
2016.06.17 05:29:00.354,0.73846,0.73857,1.12,1.37
2016.06.17 05:29:01.929,0.73846,0.73857,1.50,1.50
2016.06.17 05:29:04.460,0.73848,0.73857,1.00,1.50
2016.06.17 05:29:07.435,0.73851,0.73859,1.00,3.07
2016.06.17 05:29:07.870,0.73854,0.73864,2.25,1.00
2016.06.17 05:29:08.376,0.73854,0.73864,2.62,1.12
2016.06.17 05:29:11.310,0.73855,0.73866,1.00,1.57
2016.06.17 05:29:11.817,0.73856,0.73866,1.12,1.50
2016.06.17 05:29:15.159,0.73855,0.73866,1.12,1.50
2016.06.17 05:29:17.653,0.73854,0.73865,1.87,1.00
2016.06.17 05:29:17.910,0.73854,0.7386,1.50,1.00
2016.06.17 05:29:18.012,0.73849,0.7386,1.84,3.00
2016.06.17 05:29:18.165,0.73847,0.73858,1.87,1.12
2016.06.17 05:29:18.673,0.73847,0.73858,1.12,1.87
2016.06.17 05:29:21.828,0.73848,0.73858,1.00,1.37
2016.06.17 05:29:22.928,0.73848,0.73859,1.00,1.50
2016.06.17 05:29:23.030,0.7385,0.7386,1.00,3.15
2016.06.17 05:29:23.082,0.73851,0.7386,2.25,2.40
2016.06.17 05:29:23.184,0.73854,0.73861,1.50,1.57
2016.06.17 05:29:23.287,0.73855,0.73864,1.00,1.10
2016.06.17 05:29:23.724,0.73858,0.73868,1.50,2.70
2016.06.17 05:29:23.776,0.73858,0.73868,1.50,2.32
2016.06.17 05:29:24.568,0.73857,0.73868,2.62,1.47
2016.06.17 05:29:25.085,0.73858,0.73869,1.00,3.67
2016.06.17 05:29:25.869,0.73859,0.73869,1.00,2.32
2016.06.17 05:29:26.742,0.73858,0.73868,1.50,1.47
2016.06.17 05:29:29.775,0.73859,0.73868,1.00,1.47
2016.06.17 05:29:33.787,0.73858,0.73868,1.87,1.47
2016.06.17 05:29:35.087,0.73859,0.73868,1.00,1.37
2016.06.17 05:29:36.468,0.73858,0.73868,1.87,1.37
2016.06.17 05:29:36.974,0.73859,0.73868,1.00,1.12
2016.06.17 05:29:37.719,0.73858,0.73868,1.87,1.12
2016.06.17 05:29:39.724,0.73859,0.73868,1.00,1.12
2016.06.17 05:29:40.232,0.73858,0.73869,2.25,2.32
2016.06.17 05:29:40.739,0.73859,0.73869,1.00,3.45
2016.06.17 05:29:43.577,0.73858,0.73868,1.50,1.12
2016.06.17 05:29:44.590,0.73859,0.73868,1.00,1.12
2016.06.17 05:29:47.597,0.73858,0.73868,1.50,1.12
2016.06.17 05:29:48.637,0.73859,0.73868,1.50,1.12
2016.06.17 05:29:51.534,0.73859,0.73869,1.00,1.50
2016.06.17 05:29:52.144,0.73866,0.7387,1.10,1.50
2016.06.17 05:29:52.197,0.7387,0.73879,4.12,1.12
2016.06.17 05:29:52.706,0.73867,0.73879,2.44,1.12
2016.06.17 05:29:54.264,0.73867,0.73879,3.19,1.00
2016.06.17 05:29:55.572,0.73869,0.73878,1.00,1.00
2016.06.17 05:29:56.456,0.73869,0.73879,1.00,1.87
2016.06.17 05:29:56.988,0.73868,0.73879,1.37,1.50
2016.06.17 05:30:01.074,0.7387,0.7388,1.12,1.87
2016.06.17 05:30:01.379,0.7388,0.73889,3.75,1.87
2016.06.17 05:30:01.430,0.7388,0.73889,4.12,1.20
2016.06.17 05:30:02.186,0.7388,0.73891,3.00,3.45
2016.06.17 05:30:02.782,0.73881,0.73889,1.00,1.00
2016.06.17 05:30:03.287,0.7388,0.7389,1.50,1.87
2016.06.17 05:30:05.354,0.73884,0.73892,1.50,1.57
2016.06.17 05:30:05.405,0.73884,0.73892,2.62,1.12
2016.06.17 05:30:07.147,0.73882,0.73892,2.62,2.25
2016.06.17 05:30:09.883,0.73881,0.7389,1.87,1.37
2016.06.17 05:30:10.312,0.73881,0.73892,2.25,1.50
2016.06.17 05:30:10.768,0.73884,0.73893,1.25,1.00
2016.06.17 05:30:10.819,0.73887,0.73895,1.00,1.17
2016.06.17 05:30:10.921,0.73886,0.73896,2.06,1.00
2016.06.17 05:30:11.453,0.73888,0.73897,1.00,1.50
2016.06.17 05:30:12.012,0.73888,0.73899,1.00,1.20
2016.06.17 05:30:13.608,0.73888,0.73898,1.00,1.00
2016.06.17 05:30:14.116,0.73885,0.73899,2.44,1.90
2016.06.17 05:30:19.218,0.73886,0.73896,1.31,1.00
2016.06.17 05:30:20.314,0.73886,0.73897,1.31,1.12
2016.06.17 05:30:21.728,0.73887,0.73897,1.69,1.00
2016.06.17 05:30:24.031,0.73888,0.73898,1.30,1.00
2016.06.17 05:30:25.990,0.73888,0.73898,1.50,1.00
2016.06.17 05:30:26.245,0.73891,0.739,1.00,1.50
2016.06.17 05:30:27.040,0.73891,0.73901,1.00,2.55
2016.06.17 05:30:27.565,0.73891,0.73901,1.00,1.95
2016.06.17 05:30:28.846,0.73891,0.73901,1.00,2.55
2016.06.17 05:30:30.357,0.73891,0.73901,1.00,2.02
2016.06.17 05:30:31.066,0.7389,0.73901,1.87,1.27
2016.06.17 05:30:31.117,0.73892,0.73901,1.31,1.12
2016.06.17 05:30:31.502,0.73897,0.73905,1.56,1.75
2016.06.17 05:30:31.553,0.73898,0.73906,1.56,1.00
2016.06.17 05:30:32.060,0.73898,0.73905,1.56,1.00
2016.06.17 05:30:33.330,0.73898,0.73903,1.56,1.00
2016.06.17 05:30:33.584,0.73892,0.73901,1.25,2.42
2016.06.17 05:30:33.737,0.7389,0.73896,1.69,1.00
2016.06.17 05:30:35.949,0.7389,0.73897,1.19,1.00
2016.06.17 05:30:36.051,0.7389,0.73899,1.19,1.87
2016.06.17 05:30:36.566,0.7389,0.739,2.06,1.12
2016.06.17 05:30:39.036,0.73891,0.739,2.06,1.37
2016.06.17 05:30:39.087,0.73893,0.73903,1.00,1.00
2016.06.17 05:30:39.189,0.73895,0.73907,1.00,1.75
2016.06.17 05:30:39.493,0.73895,0.73907,2.62,1.37
2016.06.17 05:30:41.183,0.73897,0.73905,1.50,1.50
2016.06.17 05:30:41.488,0.73894,0.73902,1.31,1.12
2016.06.17 05:30:41.539,0.73893,0.73902,1.66,1.12
2016.06.17 05:30:42.737,0.73892,0.73901,2.14,1.00
2016.06.17 05:30:42.789,0.73892,0.73901,1.76,2.09
2016.06.17 05:30:42.890,0.7389,0.73899,2.06,1.00
2016.06.17 05:30:43.396,0.7389,0.73899,1.56,1.12
2016.06.17 05:30:43.902,0.7389,0.73898,1.56,1.00
2016.06.17 05:30:49.546,0.73888,0.73898,2.06,2.25
2016.06.17 05:30:51.052,0.73888,0.73897,1.69,1.00
2016.06.17 05:30:52.552,0.73887,0.73892,2.06,1.00
2016.06.17 05:30:52.856,0.73879,0.7389,2.06,2.62
2016.06.17 05:30:53.493,0.73887,0.73892,1.31,2.09
2016.06.17 05:30:53.544,0.73888,0.73896,1.31,1.00
2016.06.17 05:30:54.051,0.73888,0.73897,2.06,1.00
2016.06.17 05:30:54.204,0.73891,0.73897,1.00,1.00
2016.06.17 05:30:54.357,0.73891,0.73899,1.00,1.12
2016.06.17 05:30:55.318,0.73889,0.739,2.06,2.25
2016.06.17 05:30:55.857,0.73889,0.73899,1.31,1.50
2016.06.17 05:30:56.113,0.73889,0.73897,1.31,1.00
2016.06.17 05:31:00.724,0.73889,0.73899,1.31,1.00
2016.06.17 05:31:00.826,0.7389,0.73901,1.37,1.50
2016.06.17 05:31:01.374,0.73891,0.73901,2.44,1.57
2016.06.17 05:31:03.737,0.73891,0.73901,3.56,1.10
2016.06.17 05:31:03.940,0.73895,0.73904,1.69,1.37
2016.06.17 05:31:03.991,0.73898,0.73905,1.00,1.87
2016.06.17 05:31:04.340,0.73902,0.73908,1.00,1.00
2016.06.17 05:31:08.251,0.73902,0.7391,1.00,1.87
2016.06.17 05:31:09.144,0.73902,0.73909,1.00,1.00
2016.06.17 05:31:10.144,0.73902,0.7391,1.00,1.87
2016.06.17 05:31:10.347,0.73902,0.73908,1.00,1.00
2016.06.17 05:31:12.070,0.739,0.73908,1.25,1.00
2016.06.17 05:31:14.355,0.739,0.73907,1.25,1.00
2016.06.17 05:31:14.659,0.739,0.73905,1.25,1.00
2016.06.17 05:31:15.334,0.739,0.73906,1.25,1.00
2016.06.17 05:31:15.841,0.739,0.73909,1.25,1.00
2016.06.17 05:31:16.221,0.73904,0.73911,1.25,1.50
2016.06.17 05:31:16.885,0.73908,0.73914,3.79,1.12
2016.06.17 05:31:16.936,0.73909,0.73918,2.81,1.00
2016.06.17 05:31:17.038,0.73909,0.73916,3.79,1.00
2016.06.17 05:31:17.243,0.7391,0.73916,1.25,1.00
2016.06.17 05:31:17.346,0.73909,0.73915,2.81,1.00
2016.06.17 05:31:17.887,0.73908,0.73914,1.31,1.00
2016.06.17 05:31:18.040,0.73908,0.73916,2.06,1.00
2016.06.17 05:31:19.186,0.73908,0.73915,2.44,1.00
2016.06.17 05:31:22.272,0.73908,0.73916,2.06,1.00
2016.06.17 05:31:22.881,0.73908,0.73918,2.81,1.87
2016.06.17 05:31:23.519,0.73909,0.73916,1.62,1.00
2016.06.17 05:31:28.461,0.73908,0.73918,1.12,1.87
2016.06.17 05:31:28.615,0.73909,0.73919,1.50,1.50
2016.06.17 05:31:28.767,0.73909,0.73916,1.50,1.00
2016.06.17 05:31:29.311,0.73909,0.73916,1.50,1.00
2016.06.17 05:31:29.819,0.73909,0.73916,1.00,1.00
2016.06.17 05:31:29.971,0.73909,0.73918,1.00,1.12
2016.06.17 05:31:30.479,0.73909,0.73917,1.37,1.00
2016.06.17 05:31:31.017,0.73909,0.73917,1.12,1.00
2016.06.17 05:31:34.776,0.73906,0.73916,2.62,1.00
2016.06.17 05:31:36.741,0.73906,0.73916,2.25,1.37
2016.06.17 05:31:37.264,0.73907,0.73916,1.00,1.00
2016.06.17 05:31:37.770,0.73908,0.73916,1.00,1.00
2016.06.17 05:31:38.592,0.73908,0.73917,1.00,1.00
2016.06.17 05:31:39.771,0.73908,0.73916,1.12,1.00
2016.06.17 05:31:41.629,0.73909,0.73916,1.00,1.00
2016.06.17 05:31:42.925,0.73908,0.73916,1.00,1.00
2016.06.17 05:31:45.392,0.73908,0.73916,1.37,1.00
2016.06.17 05:31:45.898,0.73908,0.73917,1.37,1.00
2016.06.17 05:31:46.569,0.73908,0.73917,1.00,1.00
2016.06.17 05:31:54.704,0.73908,0.73918,1.87,1.72
2016.06.17 05:31:55.715,0.73908,0.73918,1.50,1.50
2016.06.17 05:31:56.972,0.73908,0.73918,2.62,1.50
2016.06.17 05:31:57.914,0.73909,0.73918,1.50,1.50
2016.06.17 05:31:58.825,0.73912,0.73919,1.00,1.75
2016.06.17 05:31:58.876,0.73912,0.73919,1.50,1.37
2016.06.17 05:31:58.978,0.7391,0.7392,1.87,1.50
2016.06.17 05:31:59.509,0.73911,0.7392,1.00,1.37
2016.06.17 05:32:01.296,0.7391,0.7392,1.87,1.50
2016.06.17 05:32:04.157,0.73908,0.73918,1.37,1.87
2016.06.17 05:32:08.615,0.73907,0.73916,1.50,1.00
2016.06.17 05:32:08.666,0.73905,0.73914,3.56,1.62
2016.06.17 05:32:08.919,0.73905,0.73914,2.25,1.00
2016.06.17 05:32:09.434,0.73906,0.73916,1.50,1.87
2016.06.17 05:32:10.349,0.73906,0.73911,1.50,1.00
2016.06.17 05:32:11.117,0.73902,0.73911,1.37,1.12
2016.06.17 05:32:11.169,0.73906,0.73917,3.37,1.00
2016.06.17 05:32:11.686,0.73906,0.73918,3.37,1.12
2016.06.17 05:32:13.200,0.73907,0.73916,1.12,1.00
2016.06.17 05:32:13.403,0.73906,0.73916,1.12,1.12
2016.06.17 05:32:14.698,0.73905,0.7391,1.50,1.50
2016.06.17 05:32:14.852,0.73899,0.73909,3.75,1.00
2016.06.17 05:32:14.904,0.73898,0.73906,1.12,1.00
2016.06.17 05:32:14.955,0.73897,0.73908,1.69,1.20
2016.06.17 05:32:15.503,0.73896,0.73908,2.81,1.57
2016.06.17 05:32:16.931,0.73896,0.73908,1.87,1.20
2016.06.17 05:32:24.552,0.73897,0.73907,1.87,1.00
2016.06.17 05:32:27.501,0.73898,0.73908,1.12,1.12
2016.06.17 05:32:30.891,0.73897,0.73907,1.50,1.00
2016.06.17 05:32:33.408,0.73898,0.73908,1.12,1.12
2016.06.17 05:32:34.425,0.73898,0.73907,1.12,1.00
2016.06.17 05:32:35.518,0.73897,0.73904,1.37,1.00
2016.06.17 05:32:35.772,0.7389,0.73899,2.25,1.00
2016.06.17 05:32:35.824,0.73889,0.739,1.37,1.50
2016.06.17 05:32:35.926,0.73892,0.739,1.00,1.50
2016.06.17 05:32:36.029,0.73894,0.73902,1.12,1.12
2016.06.17 05:32:36.182,0.73896,0.73905,1.00,1.50
2016.06.17 05:32:36.486,0.73898,0.73907,1.12,1.12
2016.06.17 05:32:37.595,0.73896,0.73905,1.37,1.00
2016.06.17 05:32:44.536,0.73896,0.73907,1.37,1.87
2016.06.17 05:32:44.587,0.73896,0.73907,2.62,1.12
2016.06.17 05:32:46.896,0.73896,0.73907,1.87,1.12
2016.06.17 05:32:47.443,0.73896,0.73907,2.62,1.12
2016.06.17 05:32:49.233,0.73896,0.73906,1.37,1.00
2016.06.17 05:32:55.367,0.73895,0.73901,1.75,1.00
2016.06.17 05:32:55.519,0.73894,0.73899,1.00,1.10
2016.06.17 05:32:55.621,0.73888,0.73899,1.50,3.37
2016.06.17 05:32:56.134,0.73888,0.73898,1.50,2.25
2016.06.17 05:32:57.322,0.73889,0.73898,1.00,1.50
2016.06.17 05:32:58.044,0.73888,0.73898,1.37,1.12
2016.06.17 05:33:10.282,0.73889,0.73898,1.50,1.87
2016.06.17 05:33:10.838,0.73889,0.73898,1.50,1.12
2016.06.17 05:33:11.472,0.73889,0.73897,1.50,1.00
2016.06.17 05:33:12.508,0.73889,0.73898,1.50,1.50
2016.06.17 05:33:16.992,0.73889,0.73898,1.12,1.00
2016.06.17 05:33:31.091,0.7389,0.73898,1.00,1.00
2016.06.17 05:33:31.599,0.7389,0.73899,1.00,1.10
2016.06.17 05:33:32.537,0.7389,0.73899,1.37,1.87
2016.06.17 05:33:33.374,0.73894,0.73901,1.00,1.45
2016.06.17 05:33:33.629,0.73899,0.73906,1.00,1.00
2016.06.17 05:33:34.130,0.739,0.73909,1.00,1.50
2016.06.17 05:33:34.637,0.739,0.73909,1.00,1.00
2016.06.17 05:33:39.833,0.739,0.73909,1.50,1.12
2016.06.17 05:33:40.037,0.73904,0.73909,1.12,1.00
2016.06.17 05:33:40.138,0.73905,0.73914,1.00,1.12
2016.06.17 05:33:40.859,0.73905,0.73915,1.87,1.50
2016.06.17 05:33:40.911,0.73906,0.73915,2.25,1.00
2016.06.17 05:33:43.638,0.73906,0.73917,2.62,1.50
2016.06.17 05:33:44.874,0.73909,0.73917,1.00,1.50
2016.06.17 05:33:45.123,0.73904,0.73916,2.62,3.37
2016.06.17 05:33:45.276,0.73906,0.73916,1.87,1.50
2016.06.17 05:33:45.327,0.73906,0.73916,1.87,1.50
2016.06.17 05:33:46.240,0.73906,0.73915,1.87,1.00
2016.06.17 05:33:46.747,0.73906,0.73915,1.50,1.00
2016.06.17 05:33:47.675,0.73906,0.73915,2.62,1.00
2016.06.17 05:33:48.646,0.73906,0.73917,2.62,2.62
2016.06.17 05:33:53.374,0.73908,0.73917,2.25,1.00
2016.06.17 05:33:53.725,0.73907,0.73915,1.75,1.00
2016.06.17 05:33:53.776,0.73905,0.73915,1.37,1.00
2016.06.17 05:33:54.183,0.73907,0.73916,1.37,1.00
2016.06.17 05:33:54.711,0.73907,0.73917,1.37,1.50
2016.06.17 05:33:56.891,0.73906,0.73917,1.87,1.87
2016.06.17 05:34:13.519,0.73906,0.73915,1.75,1.00
2016.06.17 05:34:14.337,0.73906,0.73916,2.25,1.00
2016.06.17 05:34:16.325,0.73906,0.73913,1.75,1.50
2016.06.17 05:34:16.428,0.73903,0.73912,2.25,1.00
2016.06.17 05:34:16.530,0.739,0.73911,1.75,1.50
2016.06.17 05:34:16.733,0.73904,0.73913,1.00,1.00
2016.06.17 05:34:16.987,0.73904,0.73915,1.37,1.20
2016.06.17 05:34:17.426,0.73907,0.73917,1.00,2.70
2016.06.17 05:34:17.529,0.73909,0.73917,1.00,1.87
2016.06.17 05:34:18.044,0.73909,0.73913,1.00,1.30
2016.06.17 05:34:18.248,0.73902,0.73911,1.75,1.00
2016.06.17 05:34:18.932,0.73903,0.73912,1.00,1.20
2016.06.17 05:34:18.984,0.73903,0.73915,3.37,2.25
2016.06.17 05:34:19.035,0.73903,0.73915,3.37,1.37
2016.06.17 05:34:19.499,0.73903,0.7391,2.62,1.00
2016.06.17 05:34:19.753,0.73901,0.73911,1.30,1.12
2016.06.17 05:34:19.804,0.73901,0.73912,2.25,1.00
2016.06.17 05:34:20.466,0.73904,0.73915,1.12,1.00
2016.06.17 05:34:21.175,0.73905,0.73916,1.75,1.87
2016.06.17 05:34:25.417,0.73901,0.73911,1.00,1.50
2016.06.17 05:34:25.572,0.73902,0.73913,1.12,2.25
2016.06.17 05:34:27.323,0.73902,0.73911,2.62,1.00
2016.06.17 05:34:28.217,0.73901,0.7391,1.37,1.37
2016.06.17 05:34:28.268,0.739,0.73909,1.50,1.12
2016.06.17 05:34:28.881,0.739,0.7391,1.50,1.12
2016.06.17 05:34:28.933,0.73901,0.7391,3.60,1.12
2016.06.17 05:34:29.671,0.73903,0.73911,1.00,1.00
2016.06.17 05:34:31.256,0.73903,0.73912,1.00,1.00
2016.06.17 05:34:32.318,0.73903,0.73912,1.00,1.37
2016.06.17 05:34:35.646,0.73901,0.7391,2.25,1.12
2016.06.17 05:34:35.749,0.73899,0.7391,3.00,3.07
2016.06.17 05:34:36.944,0.73899,0.73911,3.75,2.70
2016.06.17 05:34:39.711,0.73901,0.7391,1.00,1.12
2016.06.17 05:34:40.724,0.739,0.73911,1.00,2.70
2016.06.17 05:34:56.050,0.739,0.73908,2.25,1.00
2016.06.17 05:34:56.101,0.73904,0.7391,1.00,1.12
2016.06.17 05:34:56.204,0.73905,0.73913,1.00,1.75
2016.06.17 05:34:56.306,0.73906,0.73916,1.50,1.87
2016.06.17 05:34:56.458,0.73906,0.73917,1.50,1.50
2016.06.17 05:35:02.351,0.73907,0.73917,1.00,1.50
2016.06.17 05:35:03.135,0.73908,0.73918,1.00,2.62
2016.06.17 05:35:03.747,0.73908,0.73918,1.00,2.62
2016.06.17 05:35:09.803,0.73908,0.73918,2.25,2.25
2016.06.17 05:35:13.926,0.73909,0.73919,1.37,1.37
2016.06.17 05:35:16.800,0.73911,0.7392,1.00,1.75
2016.06.17 05:35:26.247,0.73912,0.7392,1.00,1.12
2016.06.17 05:35:26.349,0.73913,0.73921,1.00,1.00
2016.06.17 05:35:26.401,0.73915,0.73921,1.00,1.00
2016.06.17 05:35:26.553,0.73916,0.73925,1.00,1.50
2016.06.17 05:35:27.060,0.73916,0.73925,1.12,1.50
2016.06.17 05:35:27.111,0.73918,0.73925,1.50,1.50
2016.06.17 05:35:30.085,0.73916,0.73924,1.12,2.25
2016.06.17 05:35:30.187,0.73914,0.73922,1.87,1.00
2016.06.17 05:35:30.289,0.73913,0.73922,1.87,1.00
2016.06.17 05:35:30.593,0.73915,0.73924,1.00,2.25
2016.06.17 05:35:30.746,0.73916,0.73924,1.12,1.87
2016.06.17 05:35:31.805,0.73914,0.73922,1.12,1.12
2016.06.17 05:35:32.338,0.73915,0.73922,1.00,1.12
2016.06.17 05:35:32.964,0.73916,0.73924,1.00,1.00
2016.06.17 05:35:33.694,0.73914,0.73922,1.12,1.12
2016.06.17 05:35:36.168,0.73915,0.73924,1.00,1.12
2016.06.17 05:35:36.269,0.73917,0.73924,1.12,1.00
2016.06.17 05:35:37.417,0.73915,0.73924,2.25,1.12
2016.06.17 05:35:37.772,0.73914,0.73923,1.00,1.50
2016.06.17 05:35:38.077,0.73912,0.73922,1.87,1.57
2016.06.17 05:35:40.179,0.7391,0.7392,1.50,1.50
2016.06.17 05:35:40.281,0.7391,0.73917,1.00,1.00
2016.06.17 05:35:40.817,0.73909,0.73917,1.00,1.37
2016.06.17 05:35:50.008,0.7391,0.73918,1.00,1.37
2016.06.17 05:35:50.515,0.73909,0.73918,1.00,1.37
2016.06.17 05:35:53.277,0.73907,0.73917,1.87,1.37
2016.06.17 05:35:54.414,0.73909,0.73919,1.00,1.50
2016.06.17 05:35:54.931,0.73909,0.73919,1.12,1.50
2016.06.17 05:36:01.826,0.7391,0.73919,1.50,2.25
2016.06.17 05:36:14.134,0.7391,0.73918,1.50,1.50
2016.06.17 05:36:14.641,0.7391,0.73917,1.50,1.00
2016.06.17 05:36:15.148,0.73909,0.73917,2.25,1.00
2016.06.17 05:36:16.425,0.7391,0.73917,1.00,1.00
2016.06.17 05:36:18.822,0.73909,0.73917,2.25,1.00
2016.06.17 05:36:21.225,0.73908,0.73917,1.00,1.00
2016.06.17 05:36:34.356,0.73908,0.7392,1.50,3.45
2016.06.17 05:36:34.900,0.73908,0.7392,1.75,3.07
2016.06.17 05:36:36.859,0.73909,0.73917,1.00,1.00
2016.06.17 05:36:42.524,0.7391,0.73919,1.00,1.92
2016.06.17 05:36:42.869,0.7391,0.7392,1.87,1.00
2016.06.17 05:36:45.885,0.73911,0.7392,1.37,1.00
2016.06.17 05:36:46.189,0.73912,0.73922,1.00,3.45
2016.06.17 05:36:46.290,0.73911,0.73921,1.37,1.75
2016.06.17 05:36:46.628,0.73908,0.73918,1.37,1.50
2016.06.17 05:36:51.322,0.7391,0.73918,1.00,1.37
2016.06.17 05:36:52.550,0.73908,0.73918,1.37,1.37
2016.06.17 05:37:03.926,0.7391,0.7392,1.00,3.52
2016.06.17 05:37:04.463,0.7391,0.73919,1.12,1.37
2016.06.17 05:37:06.210,0.7391,0.73918,1.00,1.50
2016.06.17 05:37:06.261,0.73908,0.73918,1.12,1.50
2016.06.17 05:37:11.632,0.73908,0.73918,1.72,1.50
2016.06.17 05:37:16.858,0.73908,0.73919,1.50,1.75
2016.06.17 05:37:20.991,0.73907,0.73917,1.12,1.12
2016.06.17 05:37:21.526,0.73907,0.73916,1.12,1.00
2016.06.17 05:37:21.730,0.73905,0.73914,1.37,1.00
2016.06.17 05:37:21.883,0.73903,0.73913,1.72,1.00
2016.06.17 05:37:21.934,0.73901,0.73911,1.85,1.12
2016.06.17 05:37:21.985,0.739,0.73911,1.20,1.50
2016.06.17 05:37:22.270,0.739,0.73911,1.00,2.44
2016.06.17 05:37:22.777,0.73899,0.73909,1.50,1.12
2016.06.17 05:37:23.132,0.73901,0.7391,1.00,1.20
2016.06.17 05:37:24.215,0.73901,0.73911,2.25,1.00
2016.06.17 05:37:24.732,0.73901,0.73911,3.00,1.00
2016.06.17 05:37:25.255,0.73903,0.73914,1.12,3.45
2016.06.17 05:37:25.763,0.73901,0.73911,1.12,1.12
2016.06.17 05:37:26.525,0.73901,0.73913,3.37,2.47
2016.06.17 05:37:27.038,0.73901,0.73911,1.00,1.50
2016.06.17 05:37:27.855,0.73901,0.73909,1.00,1.00
2016.06.17 05:37:27.957,0.73899,0.73909,1.00,1.00
2016.06.17 05:37:28.213,0.73899,0.73907,1.00,1.00
2016.06.17 05:37:34.648,0.739,0.73909,1.00,1.20
2016.06.17 05:37:34.750,0.73902,0.73911,1.12,1.45
2016.06.17 05:37:35.404,0.73902,0.73912,1.50,1.57
2016.06.17 05:37:35.972,0.73902,0.73913,1.37,1.50
2016.06.17 05:37:36.898,0.73902,0.73912,2.62,1.12
2016.06.17 05:37:49.220,0.73901,0.73911,1.37,1.00
2016.06.17 05:37:49.423,0.73898,0.7391,4.35,1.37
2016.06.17 05:37:49.525,0.73899,0.73909,1.00,1.00
2016.06.17 05:37:51.729,0.73897,0.7391,3.56,1.37
2016.06.17 05:37:52.314,0.73898,0.73907,1.00,1.00
2016.06.17 05:37:52.841,0.73898,0.73908,1.00,2.25
2016.06.17 05:37:59.274,0.73898,0.73907,1.00,1.00
2016.06.17 05:37:59.784,0.73898,0.73908,1.00,1.87
2016.06.17 05:38:01.042,0.73897,0.73909,3.75,1.00
2016.06.17 05:38:01.347,0.73895,0.73904,3.60,1.00
2016.06.17 05:38:01.500,0.73894,0.73906,3.22,2.25
2016.06.17 05:38:01.653,0.73896,0.73906,1.35,2.25
2016.06.17 05:38:02.166,0.73896,0.73907,2.44,1.37
2016.06.17 05:38:02.676,0.73896,0.73907,2.00,1.00
2016.06.17 05:38:04.981,0.73896,0.73908,2.00,1.12
2016.06.17 05:38:05.791,0.73896,0.73907,2.06,1.50
2016.06.17 05:38:06.130,0.73896,0.73907,1.12,2.25
2016.06.17 05:38:06.902,0.73894,0.73903,1.75,1.00
2016.06.17 05:38:07.054,0.73889,0.739,1.57,1.12
2016.06.17 05:38:07.105,0.73887,0.73898,2.62,1.50
2016.06.17 05:38:07.473,0.73885,0.73897,3.04,1.37
2016.06.17 05:38:12.838,0.73888,0.73897,1.00,1.00
2016.06.17 05:38:14.431,0.73888,0.73898,1.00,2.32
2016.06.17 05:38:14.735,0.73887,0.73898,2.47,1.57
2016.06.17 05:38:15.244,0.73886,0.73898,2.66,1.57
2016.06.17 05:38:16.889,0.73888,0.73897,1.00,1.37
2016.06.17 05:38:24.339,0.73888,0.73898,1.87,1.00
2016.06.17 05:38:24.549,0.73888,0.73896,1.50,1.00
2016.06.17 05:38:25.055,0.73885,0.73896,2.44,1.00
2016.06.17 05:38:27.892,0.73885,0.73897,1.31,1.50
2016.06.17 05:38:30.621,0.73886,0.73896,1.87,1.00
2016.06.17 05:38:31.809,0.73885,0.73897,3.04,1.12
2016.06.17 05:38:33.432,0.73886,0.73896,1.87,1.00
2016.06.17 05:38:33.739,0.73887,0.73899,1.12,1.87
2016.06.17 05:38:34.260,0.73886,0.73898,2.29,1.12
2016.06.17 05:38:34.768,0.73886,0.73897,1.16,1.00
2016.06.17 05:38:36.843,0.73886,0.73897,1.54,1.37
2016.06.17 05:38:38.394,0.73886,0.73895,1.35,1.00
2016.06.17 05:38:38.698,0.73875,0.73885,2.62,1.00
2016.06.17 05:38:38.750,0.73875,0.73885,2.62,1.00
2016.06.17 05:38:57.053,0.73874,0.73886,2.47,1.87
2016.06.17 05:39:01.944,0.73877,0.73888,1.00,4.12
2016.06.17 05:39:02.366,0.73877,0.73888,1.50,1.72
2016.06.17 05:39:03.809,0.73879,0.73889,1.00,2.55
2016.06.17 05:39:04.626,0.7388,0.73889,1.00,1.20
2016.06.17 05:39:10.026,0.73883,0.73889,1.00,1.00
2016.06.17 05:39:10.282,0.73886,0.73895,1.25,1.50
2016.06.17 05:39:10.384,0.73887,0.73897,1.00,2.10
2016.06.17 05:39:15.338,0.73887,0.73896,1.12,1.00
2016.06.17 05:39:16.063,0.73887,0.73897,1.00,1.50
2016.06.17 05:39:31.344,0.73887,0.73897,1.00,3.00
2016.06.17 05:39:31.395,0.73884,0.73896,2.06,1.37
2016.06.17 05:39:36.286,0.73884,0.73895,1.37,1.87
2016.06.17 05:39:36.337,0.73884,0.73893,1.00,1.00
2016.06.17 05:39:36.440,0.73884,0.73894,2.25,1.00
2016.06.17 05:39:40.417,0.73887,0.73897,1.00,3.37
2016.06.17 05:39:40.922,0.73887,0.73897,1.00,2.47
2016.06.17 05:39:45.352,0.73887,0.73895,1.00,1.00
2016.06.17 05:39:45.859,0.73887,0.73896,1.00,1.00
2016.06.17 05:39:46.555,0.73885,0.73896,2.00,1.50
2016.06.17 05:39:47.062,0.73887,0.73896,1.00,1.00
2016.06.17 05:39:53.621,0.73887,0.73897,1.00,1.50
2016.06.17 05:39:54.087,0.7389,0.73901,1.37,1.12
2016.06.17 05:39:55.383,0.73891,0.73902,3.56,1.37
2016.06.17 05:39:56.034,0.73894,0.73902,1.00,1.00
2016.06.17 05:39:56.861,0.73893,0.73902,1.25,1.00
2016.06.17 05:40:00.852,0.73893,0.73904,1.31,1.87
2016.06.17 05:40:02.108,0.73895,0.73906,1.00,2.62
2016.06.17 05:40:02.618,0.73895,0.73906,1.37,2.25
2016.06.17 05:40:07.356,0.73893,0.73901,1.39,1.00
2016.06.17 05:40:07.790,0.73891,0.739,1.31,1.50
2016.06.17 05:40:08.280,0.73891,0.73901,3.56,1.00
2016.06.17 05:40:08.964,0.73889,0.73901,1.69,1.75
2016.06.17 05:40:14.917,0.73887,0.73898,1.69,1.50
2016.06.17 05:40:16.904,0.73887,0.73897,1.56,1.00
2016.06.17 05:40:22.055,0.73887,0.73897,1.56,1.37
2016.06.17 05:40:22.106,0.73886,0.73896,1.31,1.00
2016.06.17 05:40:23.795,0.73886,0.73896,1.62,1.00
2016.06.17 05:40:24.201,0.73887,0.73899,2.81,2.62
2016.06.17 05:40:24.708,0.73887,0.73898,1.19,1.50
2016.06.17 05:40:26.360,0.73885,0.73897,2.29,1.50
2016.06.17 05:40:30.770,0.73884,0.73893,1.75,1.00
2016.06.17 05:40:30.872,0.73884,0.73893,1.00,1.00
2016.06.17 05:40:31.294,0.73884,0.73894,1.50,1.12
2016.06.17 05:40:31.396,0.73885,0.73896,1.37,1.12
2016.06.17 05:40:35.601,0.73884,0.73895,3.75,1.00
2016.06.17 05:40:36.907,0.73884,0.73895,1.87,1.12
2016.06.17 05:40:38.211,0.73884,0.73893,1.87,1.00
2016.06.17 05:40:38.757,0.73884,0.73893,1.37,1.00
2016.06.17 05:40:41.613,0.73883,0.73894,3.75,1.00
2016.06.17 05:40:42.490,0.73886,0.73895,1.00,1.00
2016.06.17 05:40:43.017,0.73886,0.73896,1.00,1.50
2016.06.17 05:40:45.629,0.73886,0.73895,1.00,1.00
2016.06.17 05:40:47.728,0.73886,0.73895,1.00,1.37
2016.06.17 05:40:51.458,0.73884,0.73894,1.12,1.12
2016.06.17 05:40:55.457,0.73882,0.73891,3.19,1.00
2016.06.17 05:40:55.610,0.73877,0.73889,1.75,1.50
2016.06.17 05:40:55.712,0.73877,0.73887,1.50,1.00
2016.06.17 05:40:55.764,0.73877,0.73888,1.00,1.75
2016.06.17 05:40:55.967,0.73875,0.73886,1.87,1.37
2016.06.17 05:40:56.851,0.73874,0.73886,1.87,1.50
2016.06.17 05:41:02.415,0.73876,0.73888,1.50,1.75
2016.06.17 05:41:02.720,0.73878,0.73888,1.50,1.12
2016.06.17 05:41:02.771,0.73878,0.73888,1.50,1.12
2016.06.17 05:41:03.963,0.73876,0.73888,2.44,1.72
2016.06.17 05:41:04.096,0.73876,0.73888,1.69,1.37
2016.06.17 05:41:04.759,0.73878,0.73888,1.00,1.67
2016.06.17 05:41:04.861,0.73879,0.73889,1.00,3.00
2016.06.17 05:41:06.927,0.73876,0.73888,2.06,1.00
2016.06.17 05:41:06.978,0.73876,0.73888,2.06,1.37
2016.06.17 05:41:07.688,0.73879,0.73888,1.00,1.37
2016.06.17 05:41:08.025,0.73879,0.73888,1.37,1.00
2016.06.17 05:41:08.586,0.73876,0.73888,2.44,1.87
2016.06.17 05:41:11.975,0.73876,0.73888,2.44,1.12
2016.06.17 05:41:18.433,0.73876,0.73887,1.87,1.00
2016.06.17 05:41:18.958,0.73876,0.73888,1.50,3.19
2016.06.17 05:41:24.514,0.73876,0.73888,2.62,2.06
2016.06.17 05:41:27.434,0.73877,0.73888,2.62,1.25
2016.06.17 05:41:27.536,0.73878,0.73888,1.00,1.31
2016.06.17 05:41:28.042,0.73877,0.73887,1.00,1.00
2016.06.17 05:41:33.930,0.73877,0.73886,1.00,1.25
2016.06.17 05:41:34.453,0.73875,0.73886,1.87,1.69
2016.06.17 05:41:55.815,0.73878,0.73889,1.00,1.87
2016.06.17 05:41:55.866,0.73878,0.73888,1.12,1.00
2016.06.17 05:41:56.414,0.73879,0.73889,1.00,1.50
2016.06.17 05:41:56.957,0.73878,0.7389,2.25,3.41
2016.06.17 05:42:02.854,0.73877,0.73886,1.37,1.00
2016.06.17 05:42:02.906,0.73876,0.73886,1.87,1.00
2016.06.17 05:42:56.880,0.73875,0.73887,2.62,2.44
2016.06.17 05:43:16.821,0.73874,0.73886,1.75,1.91
2016.06.17 05:43:36.875,0.73874,0.73886,2.62,2.06
2016.06.17 05:43:43.875,0.73874,0.73885,1.50,1.37
2016.06.17 05:43:44.383,0.73872,0.73885,3.75,2.25
2016.06.17 05:43:54.060,0.73873,0.73885,2.25,1.72
2016.06.17 05:43:56.910,0.73875,0.73885,1.12,1.00
2016.06.17 05:44:16.951,0.73873,0.73886,1.87,3.00
2016.06.17 05:44:18.462,0.73875,0.73886,1.00,2.62
2016.06.17 05:44:32.641,0.73874,0.73886,2.62,3.19
2016.06.17 05:44:34.538,0.73875,0.73887,1.00,2.06
2016.06.17 05:44:34.792,0.73877,0.73887,1.12,1.31
2016.06.17 05:44:36.915,0.73876,0.73886,1.12,1.00
2016.06.17 05:44:42.467,0.73877,0.73886,1.00,1.00
2016.06.17 05:44:42.975,0.73877,0.73887,2.25,1.31
2016.06.17 05:44:44.792,0.73876,0.73886,1.12,1.00
2016.06.17 05:44:50.511,0.73878,0.73888,1.00,2.44
2016.06.17 05:44:52.176,0.73877,0.73888,1.00,2.44
2016.06.17 05:44:54.809,0.73876,0.73888,2.25,4.31
2016.06.17 05:44:56.932,0.73877,0.73887,1.00,1.19
2016.06.17 05:44:58.720,0.73878,0.73886,1.00,1.25
2016.06.17 05:44:58.822,0.73878,0.73888,1.12,1.87
2016.06.17 05:45:02.329,0.73879,0.73888,1.00,1.12
2016.06.17 05:45:04.545,0.73878,0.73888,1.12,1.12
2016.06.17 05:45:08.557,0.73876,0.73887,2.70,1.00
2016.06.17 05:45:08.759,0.73876,0.73886,1.87,1.25
2016.06.17 05:45:16.878,0.73876,0.73886,1.50,1.69
2016.06.17 05:45:17.865,0.73876,0.73885,1.00,1.00
2016.06.17 05:45:18.388,0.73875,0.73885,1.50,1.00
2016.06.17 05:45:28.338,0.73875,0.73885,1.00,2.25
2016.06.17 05:45:28.389,0.73873,0.73884,2.62,1.72
2016.06.17 05:45:31.429,0.73872,0.73881,2.25,1.00
2016.06.17 05:45:31.885,0.73869,0.73879,1.00,2.44
2016.06.17 05:45:31.987,0.73871,0.73879,1.00,2.44
2016.06.17 05:45:32.392,0.73868,0.7388,1.37,2.06
2016.06.17 05:45:32.705,0.73868,0.73878,1.50,1.50
2016.06.17 05:45:36.000,0.73869,0.73879,1.00,1.57
2016.06.17 05:45:37.085,0.73866,0.73878,1.87,1.30
2016.06.17 05:45:37.608,0.73866,0.73878,1.87,1.67
2016.06.17 05:45:43.781,0.73866,0.73877,1.87,2.66
2016.06.17 05:45:49.164,0.73867,0.73877,1.00,1.69
2016.06.17 05:45:49.695,0.73866,0.73877,2.25,1.69
2016.06.17 05:45:58.103,0.73866,0.73877,3.00,1.69
2016.06.17 05:46:00.414,0.73868,0.73877,1.00,1.56
2016.06.17 05:46:00.518,0.73872,0.73877,1.00,1.19
2016.06.17 05:46:00.856,0.73871,0.73878,1.00,1.00
2016.06.17 05:46:00.907,0.73867,0.73878,1.37,1.12
2016.06.17 05:46:03.846,0.73866,0.73876,1.12,1.00
2016.06.17 05:46:04.326,0.73865,0.73876,1.87,1.87
2016.06.17 05:46:05.035,0.73866,0.73876,1.37,1.67
2016.06.17 05:46:14.723,0.73869,0.73878,1.00,1.75
2016.06.17 05:46:14.825,0.73869,0.73878,1.50,1.50
2016.06.17 05:46:15.570,0.73869,0.73878,1.50,1.69
2016.06.17 05:46:23.386,0.7387,0.73878,1.00,1.69
2016.06.17 05:46:31.519,0.73869,0.73878,1.50,1.19
2016.06.17 05:46:36.631,0.73869,0.73877,1.50,1.91
2016.06.17 05:46:37.826,0.73868,0.73877,1.00,2.29
2016.06.17 05:46:38.426,0.73867,0.73876,1.87,1.62
2016.06.17 05:46:57.306,0.73865,0.73875,1.00,1.00
2016.06.17 05:47:04.438,0.73865,0.73872,1.00,2.85
2016.06.17 05:47:04.641,0.73859,0.73869,1.12,1.50
2016.06.17 05:47:14.361,0.73857,0.73866,3.00,1.00
2016.06.17 05:47:15.484,0.73856,0.7386,1.12,1.57
2016.06.17 05:47:15.538,0.73848,0.73858,1.75,1.25
2016.06.17 05:47:15.640,0.73847,0.73858,2.62,2.14
2016.06.17 05:47:15.742,0.73847,0.73858,2.62,2.51
2016.06.17 05:47:16.269,0.73847,0.73855,1.87,1.00
2016.06.17 05:47:20.313,0.73845,0.73855,3.07,1.12
2016.06.17 05:47:20.394,0.73844,0.73855,1.37,1.25
2016.06.17 05:47:20.929,0.73844,0.73854,1.47,1.00
2016.06.17 05:47:21.479,0.73843,0.73855,2.77,1.69
2016.06.17 05:47:22.266,0.73843,0.73855,1.87,3.04
2016.06.17 05:47:22.835,0.73843,0.73855,1.12,1.91
2016.06.17 05:47:23.747,0.73843,0.73855,1.12,2.31
2016.06.17 05:47:24.179,0.73843,0.73853,1.00,5.85
2016.06.17 05:47:24.280,0.73841,0.73851,1.50,2.85
2016.06.17 05:47:24.484,0.73836,0.73849,3.75,1.69
2016.06.17 05:47:24.586,0.73836,0.73848,1.35,2.62
2016.06.17 05:47:25.787,0.73837,0.73848,1.00,3.56
2016.06.17 05:47:26.294,0.73837,0.73848,1.37,2.81
2016.06.17 05:47:27.781,0.73834,0.73846,4.42,1.12
2016.06.17 05:47:27.883,0.73834,0.73847,1.47,2.62
2016.06.17 05:47:32.340,0.73829,0.73841,1.12,2.06
2016.06.17 05:47:32.391,0.73828,0.73841,1.12,1.31
2016.06.17 05:47:37.170,0.73832,0.7384,2.32,1.31
2016.06.17 05:47:37.322,0.73833,0.73847,1.82,2.29
2016.06.17 05:47:37.424,0.73834,0.73847,2.44,2.06
2016.06.17 05:47:37.628,0.73836,0.73847,1.20,1.50
2016.06.17 05:47:38.501,0.73836,0.73847,1.20,1.00
2016.06.17 05:47:39.015,0.73837,0.73849,2.72,1.42
2016.06.17 05:47:39.580,0.73838,0.7385,1.00,1.94
2016.06.17 05:47:40.275,0.73844,0.73854,1.95,3.45
2016.06.17 05:47:40.327,0.73844,0.73857,3.52,1.56
2016.06.17 05:47:46.797,0.73846,0.73857,1.50,1.91
2016.06.17 05:47:47.303,0.73846,0.73858,2.62,4.16
2016.06.17 05:48:10.187,0.73847,0.73857,1.87,1.19
2016.06.17 05:48:10.746,0.73847,0.73858,1.37,1.87
2016.06.17 05:48:10.848,0.73851,0.73858,1.12,1.12
2016.06.17 05:48:10.899,0.73852,0.7386,1.00,1.10
2016.06.17 05:48:10.953,0.73852,0.73863,1.50,1.76
2016.06.17 05:48:14.084,0.73851,0.73861,1.12,1.00
2016.06.17 05:48:15.860,0.7385,0.73862,3.22,1.69
2016.06.17 05:48:16.114,0.7385,0.73861,1.00,1.87
2016.06.17 05:48:16.814,0.7385,0.73859,1.00,1.00
2016.06.17 05:48:17.068,0.73851,0.73862,1.35,1.69
2016.06.17 05:48:17.171,0.73853,0.73862,1.00,1.25
2016.06.17 05:48:17.680,0.73851,0.73863,3.22,2.24
2016.06.17 05:48:20.040,0.73852,0.73861,1.00,1.72
2016.06.17 05:48:20.091,0.7385,0.7386,1.00,1.00
2016.06.17 05:48:20.599,0.73849,0.73861,1.87,1.50
2016.06.17 05:48:34.710,0.73848,0.73859,1.50,1.69
2016.06.17 05:48:34.762,0.73848,0.73857,1.00,1.00
2016.06.17 05:48:43.789,0.73848,0.73857,1.50,1.00
2016.06.17 05:48:43.890,0.73848,0.73857,1.75,1.00
2016.06.17 05:48:47.413,0.73848,0.73859,1.12,1.31
2016.06.17 05:48:49.586,0.7385,0.73861,2.85,1.00
2016.06.17 05:48:53.640,0.73851,0.73859,1.00,1.00
2016.06.17 05:48:54.083,0.73847,0.73859,1.50,2.62
2016.06.17 05:48:56.906,0.73847,0.73858,3.00,1.00
2016.06.17 05:49:06.827,0.73847,0.73858,1.87,1.20
2016.06.17 05:49:07.334,0.73847,0.73858,1.87,1.50
2016.06.17 05:49:08.062,0.73847,0.73858,3.75,1.12
2016.06.17 05:49:16.867,0.73847,0.73858,3.00,1.12
2016.06.17 05:49:28.389,0.73849,0.73859,1.00,1.50
2016.06.17 05:49:29.793,0.73848,0.73859,1.87,1.50
2016.06.17 05:49:33.222,0.73854,0.73861,1.12,1.00
2016.06.17 05:49:33.279,0.73854,0.73864,1.87,1.12
2016.06.17 05:49:33.791,0.73854,0.73864,1.50,1.00
2016.06.17 05:49:34.482,0.73854,0.73863,1.00,1.37
2016.06.17 05:49:34.995,0.73853,0.73863,1.00,1.87
2016.06.17 05:49:35.097,0.7385,0.7386,1.50,1.00
2016.06.17 05:49:35.199,0.73849,0.73859,1.50,1.12
2016.06.17 05:49:37.887,0.73849,0.73857,1.12,1.00
2016.06.17 05:49:38.521,0.73847,0.73858,1.12,1.87
2016.06.17 05:49:40.484,0.73846,0.73857,1.87,1.00
2016.06.17 05:49:41.698,0.73846,0.73858,1.87,2.25
2016.06.17 05:49:42.528,0.73848,0.73858,1.50,1.12
2016.06.17 05:49:43.810,0.73849,0.73859,1.50,1.12
2016.06.17 05:49:48.459,0.73849,0.73861,3.00,2.70
2016.06.17 05:50:00.640,0.73852,0.73861,1.00,1.87
2016.06.17 05:50:00.945,0.73854,0.73865,1.50,2.10
2016.06.17 05:50:01.451,0.73855,0.73867,1.50,1.12
2016.06.17 05:50:16.899,0.73856,0.73867,1.87,1.37
2016.06.17 05:50:20.087,0.73855,0.73867,2.62,1.50
2016.06.17 05:50:21.099,0.73855,0.73867,3.37,1.50
2016.06.17 05:50:25.880,0.73855,0.73865,1.87,1.00
2016.06.17 05:50:30.207,0.73854,0.73864,1.87,1.00
2016.06.17 05:50:32.315,0.73855,0.73865,2.62,1.12
2016.06.17 05:50:32.822,0.73857,0.73866,1.50,1.00
2016.06.17 05:50:40.921,0.73865,0.73871,1.50,2.85
2016.06.17 05:50:40.999,0.73865,0.73875,2.62,1.00
2016.06.17 05:50:41.926,0.73865,0.73877,4.87,1.72
2016.06.17 05:50:43.970,0.73865,0.73877,1.87,1.12
2016.06.17 05:50:48.694,0.73868,0.73878,1.00,1.50
2016.06.17 05:50:48.947,0.73866,0.73876,1.72,1.37
2016.06.17 05:50:49.455,0.73865,0.73875,1.00,1.00
2016.06.17 05:50:50.462,0.73866,0.73876,1.37,1.50
2016.06.17 05:50:50.969,0.73865,0.73877,3.37,1.37
2016.06.17 05:50:53.492,0.73866,0.73877,1.37,1.75
2016.06.17 05:50:54.471,0.73865,0.73876,1.12,1.00
2016.06.17 05:50:55.468,0.73865,0.73877,1.12,1.87
2016.06.17 05:51:03.660,0.73866,0.73876,1.00,1.12
2016.06.17 05:51:04.513,0.73866,0.73876,1.00,1.37
2016.06.17 05:51:17.038,0.73866,0.73876,1.00,1.00
2016.06.17 05:51:28.582,0.73867,0.73877,1.50,1.50
2016.06.17 05:51:29.090,0.73867,0.73879,1.50,1.95
2016.06.17 05:51:29.605,0.73867,0.73878,2.25,1.00
2016.06.17 05:51:32.657,0.73868,0.73879,1.00,1.20
2016.06.17 05:51:34.518,0.73867,0.73877,1.50,1.37
2016.06.17 05:51:34.822,0.73867,0.73879,2.62,1.87
2016.06.17 05:51:36.477,0.73867,0.73877,1.87,1.00
2016.06.17 05:51:36.781,0.73866,0.73877,1.37,1.12
2016.06.17 05:51:37.186,0.73867,0.73879,1.75,3.45
2016.06.17 05:51:37.339,0.73868,0.73879,1.50,3.00
2016.06.17 05:51:39.871,0.73869,0.7388,1.12,3.52
2016.06.17 05:51:40.024,0.73873,0.73881,1.00,1.87
2016.06.17 05:51:40.127,0.73874,0.73884,1.12,1.20
2016.06.17 05:51:40.179,0.73874,0.73886,2.25,3.07
2016.06.17 05:51:40.232,0.73876,0.73886,1.00,1.50
2016.06.17 05:51:40.283,0.73874,0.73886,3.37,1.00
2016.06.17 05:51:53.430,0.73875,0.73885,3.00,1.00
2016.06.17 05:52:00.880,0.73874,0.73885,2.70,1.37
2016.06.17 05:52:01.424,0.73874,0.73884,1.20,1.00
2016.06.17 05:52:05.693,0.73873,0.73882,1.95,2.25
2016.06.17 05:52:05.999,0.73865,0.73875,2.21,1.12
2016.06.17 05:52:06.202,0.73865,0.73875,1.20,1.50
2016.06.17 05:52:08.016,0.73864,0.73876,3.00,1.87
2016.06.17 05:52:14.284,0.73863,0.73874,3.82,1.12
2016.06.17 05:52:14.590,0.73862,0.73872,1.37,1.37
2016.06.17 05:52:14.742,0.7386,0.73869,2.25,1.37
2016.06.17 05:52:16.943,0.73859,0.73869,1.00,1.87
2016.06.17 05:52:18.014,0.73859,0.73869,1.00,1.87
2016.06.17 05:52:20.135,0.73859,0.73869,1.00,1.87
2016.06.17 05:52:20.983,0.73859,0.73869,1.00,1.87
2016.06.17 05:52:21.443,0.7386,0.73869,3.75,1.00
2016.06.17 05:52:21.545,0.73861,0.73871,1.00,1.00
2016.06.17 05:52:22.382,0.73859,0.7387,1.87,1.12
2016.06.17 05:52:23.759,0.73859,0.73869,3.37,1.12
2016.06.17 05:52:24.123,0.73859,0.73869,1.12,1.75
2016.06.17 05:52:28.124,0.73858,0.73867,1.37,1.00
2016.06.17 05:52:39.781,0.73857,0.73868,2.62,1.75
2016.06.17 05:52:40.322,0.73857,0.73868,2.62,1.50
2016.06.17 05:52:43.166,0.73857,0.73868,2.62,1.75
2016.06.17 05:52:45.745,0.73861,0.7387,1.00,3.60
2016.06.17 05:52:45.898,0.73858,0.73868,1.50,1.37
2016.06.17 05:52:58.357,0.7386,0.73869,1.50,1.12
2016.06.17 05:52:58.692,0.73862,0.73873,1.75,1.00
2016.06.17 05:53:09.436,0.73862,0.73871,2.25,1.00
2016.06.17 05:53:10.157,0.73861,0.73872,1.37,1.50
2016.06.17 05:53:13.807,0.7386,0.73871,2.06,1.37
2016.06.17 05:53:20.114,0.73862,0.7387,1.12,1.00
2016.06.17 05:53:25.629,0.73861,0.73872,1.47,2.10
2016.06.17 05:53:37.075,0.73862,0.73873,1.50,1.87
2016.06.17 05:53:37.608,0.73862,0.73873,1.75,2.62
2016.06.17 05:53:57.180,0.73874,0.73884,1.12,1.12
2016.06.17 05:54:06.955,0.73874,0.73886,2.25,1.12
2016.06.17 05:54:07.056,0.73877,0.73886,1.12,1.00
2016.06.17 05:54:07.107,0.73877,0.73888,1.37,1.87
2016.06.17 05:54:07.310,0.73878,0.73888,1.75,1.00
2016.06.17 05:54:07.991,0.73876,0.73888,1.75,1.87
2016.06.17 05:54:10.093,0.73879,0.73889,1.50,1.50
2016.06.17 05:54:10.144,0.73879,0.73889,1.75,1.12
2016.06.17 05:54:11.137,0.7388,0.7389,1.50,1.95
2016.06.17 05:54:11.188,0.7388,0.73892,3.00,3.00
2016.06.17 05:54:11.239,0.73882,0.73892,1.75,1.50
2016.06.17 05:54:11.747,0.73882,0.73894,1.50,1.95
2016.06.17 05:54:15.181,0.7388,0.7389,1.75,1.00
2016.06.17 05:54:15.333,0.73878,0.73889,2.51,1.12
2016.06.17 05:54:15.435,0.73878,0.73889,1.50,1.12
2016.06.17 05:54:15.537,0.73877,0.73889,1.75,1.75
2016.06.17 05:54:16.943,0.73877,0.73887,2.62,1.00
2016.06.17 05:54:24.216,0.73877,0.73889,1.12,1.87
2016.06.17 05:54:24.473,0.73874,0.73885,1.57,1.69
2016.06.17 05:54:24.575,0.73875,0.73882,1.00,1.00
2016.06.17 05:54:26.405,0.73874,0.73882,1.00,1.00
2016.06.17 05:54:26.608,0.73874,0.73884,1.50,1.00
2016.06.17 05:54:30.468,0.73874,0.73886,1.87,2.06
2016.06.17 05:54:30.722,0.73868,0.73878,1.20,1.12
2016.06.17 05:54:30.774,0.73868,0.73878,1.10,1.37
2016.06.17 05:54:31.761,0.73866,0.73876,1.12,1.50
2016.06.17 05:54:47.682,0.73863,0.73874,1.00,3.22
2016.06.17 05:54:47.842,0.73859,0.73868,1.00,1.00
2016.06.17 05:54:51.727,0.73858,0.73868,1.87,1.00
2016.06.17 05:54:56.308,0.73857,0.73868,3.45,1.50
2016.06.17 05:54:56.816,0.73857,0.73868,1.87,1.75
2016.06.17 05:55:00.293,0.73856,0.73865,1.00,1.00
2016.06.17 05:55:00.853,0.73856,0.73865,1.50,1.00
2016.06.17 05:55:01.403,0.73858,0.73867,1.00,1.37
2016.06.17 05:55:07.064,0.73857,0.73869,1.12,2.06
2016.06.17 05:55:12.884,0.73857,0.73869,3.37,1.94
2016.06.17 05:55:13.175,0.73857,0.7387,3.75,1.95
2016.06.17 05:55:14.186,0.73858,0.7387,3.00,1.72
2016.06.17 05:55:14.288,0.73859,0.73871,1.50,1.50
2016.06.17 05:55:14.491,0.73865,0.73876,1.12,2.47
2016.06.17 05:55:14.644,0.73866,0.73876,1.00,1.35
2016.06.17 05:55:15.873,0.73867,0.73878,1.00,4.16
2016.06.17 05:55:16.896,0.73867,0.73877,1.12,1.50
2016.06.17 05:55:19.899,0.73868,0.73878,1.37,1.62
2016.06.17 05:55:20.228,0.7387,0.73878,1.37,1.37
2016.06.17 05:55:20.279,0.73873,0.73883,1.00,1.87
2016.06.17 05:55:24.650,0.73872,0.73879,1.12,1.00
2016.06.17 05:55:24.703,0.73868,0.73881,1.12,3.75
2016.06.17 05:55:25.209,0.73867,0.73878,1.87,1.75
2016.06.17 05:55:25.766,0.73866,0.73878,2.40,1.75
2016.06.17 05:55:29.989,0.73866,0.73879,1.50,5.25
2016.06.17 05:55:30.883,0.73866,0.73878,1.50,1.37
2016.06.17 05:55:38.542,0.73867,0.73877,1.00,1.12
2016.06.17 05:55:39.368,0.73866,0.73878,2.10,2.62
2016.06.17 05:55:39.904,0.73868,0.73878,1.00,1.87
2016.06.17 05:55:41.394,0.73868,0.73876,1.00,1.00
2016.06.17 05:55:41.907,0.73865,0.73878,2.06,2.55
2016.06.17 05:55:42.409,0.73866,0.73877,2.25,1.87
2016.06.17 05:55:42.822,0.73866,0.73877,1.75,2.17
2016.06.17 05:55:43.158,0.73866,0.73878,1.75,2.85
2016.06.17 05:55:44.163,0.73866,0.73878,2.25,1.85
2016.06.17 05:55:44.856,0.73867,0.73877,1.00,1.37
2016.06.17 05:55:45.378,0.73867,0.73877,1.00,1.87
2016.06.17 05:55:45.884,0.73866,0.73877,1.75,1.12
2016.06.17 05:55:47.360,0.73865,0.73877,1.69,1.75
2016.06.17 05:55:50.177,0.73866,0.73878,2.25,1.87
2016.06.17 05:55:51.251,0.73866,0.73878,2.25,1.87
2016.06.17 05:55:59.248,0.73867,0.73878,1.00,3.00
2016.06.17 05:56:02.491,0.73866,0.73875,1.87,1.37
2016.06.17 05:56:04.877,0.73864,0.73872,1.12,1.00
2016.06.17 05:56:04.979,0.73861,0.73871,1.76,1.00
2016.06.17 05:56:05.081,0.73861,0.7387,1.00,1.00
2016.06.17 05:56:05.183,0.7386,0.7387,1.12,1.75
2016.06.17 05:56:07.426,0.73861,0.7387,1.00,1.12
2016.06.17 05:56:07.600,0.73861,0.73873,2.10,3.60
2016.06.17 05:56:08.266,0.7386,0.73871,1.75,1.37
2016.06.17 05:56:08.368,0.7386,0.73871,1.00,1.75
2016.06.17 05:56:09.600,0.73858,0.73871,2.62,3.37
2016.06.17 05:56:10.101,0.7386,0.7387,1.00,1.50
2016.06.17 05:56:10.907,0.73858,0.7387,2.10,1.50
2016.06.17 05:56:11.439,0.73857,0.73869,1.37,1.87
2016.06.17 05:56:11.953,0.73857,0.73867,1.87,1.50
2016.06.17 05:56:16.399,0.73858,0.73867,1.00,1.00
2016.06.17 05:56:16.501,0.73858,0.73869,1.75,1.87
2016.06.17 05:56:21.038,0.73857,0.73869,2.62,3.07
2016.06.17 05:56:23.922,0.73857,0.73867,1.12,1.12
2016.06.17 05:56:28.886,0.73858,0.73867,1.00,1.12
2016.06.17 05:56:30.046,0.73858,0.73867,1.50,1.00
2016.06.17 05:56:30.451,0.73858,0.7387,1.37,1.87
2016.06.17 05:56:30.755,0.73863,0.73873,1.50,3.75
2016.06.17 05:56:30.807,0.73863,0.73873,3.00,1.00
2016.06.17 05:56:31.010,0.73865,0.73875,1.00,1.35
2016.06.17 05:56:31.112,0.73865,0.73875,2.62,1.00
2016.06.17 05:56:31.658,0.73866,0.73877,1.87,1.37
2016.06.17 05:56:34.757,0.73866,0.73877,1.37,1.87
2016.06.17 05:56:34.961,0.73867,0.73878,1.87,1.50
2016.06.17 05:56:35.012,0.73867,0.73878,1.87,1.50
2016.06.17 05:56:35.787,0.7387,0.7388,1.37,2.70
2016.06.17 05:56:36.042,0.73869,0.73879,1.00,1.87
2016.06.17 05:56:36.555,0.73866,0.73879,1.75,1.87
2016.06.17 05:56:37.063,0.73866,0.73878,3.00,1.87
2016.06.17 05:56:43.980,0.73868,0.73878,1.37,1.00
2016.06.17 05:56:44.511,0.73869,0.73879,1.00,1.00
2016.06.17 05:56:44.764,0.73869,0.73879,1.00,3.37
2016.06.17 05:56:56.797,0.73869,0.73881,1.50,1.87
2016.06.17 05:56:56.949,0.73874,0.73883,1.50,1.87
2016.06.17 05:56:57.051,0.73875,0.73884,1.37,1.95
2016.06.17 05:56:57.306,0.73875,0.73886,1.50,1.50
2016.06.17 05:56:58.358,0.73876,0.73887,2.62,1.50
2016.06.17 05:56:58.460,0.73877,0.73888,1.37,1.00
2016.06.17 05:57:00.254,0.73877,0.73887,1.87,1.00
2016.06.17 05:57:00.818,0.73878,0.73888,1.12,1.12
2016.06.17 05:57:03.320,0.73876,0.73887,2.00,1.00
2016.06.17 05:57:03.523,0.73876,0.73887,1.00,1.37
2016.06.17 05:57:03.859,0.73874,0.73886,1.87,1.12
2016.06.17 05:57:25.981,0.73876,0.73887,1.87,1.72
2016.06.17 05:57:26.379,0.73878,0.7389,1.50,2.85
2016.06.17 05:57:31.237,0.73878,0.73891,3.75,1.50
2016.06.17 05:57:33.635,0.73878,0.7389,1.50,2.62
2016.06.17 05:57:35.757,0.73877,0.73887,1.00,1.00
2016.06.17 05:57:36.264,0.73876,0.73888,1.50,2.25
2016.06.17 05:57:37.119,0.73876,0.73888,1.12,1.87
2016.06.17 05:57:41.406,0.73877,0.7389,2.25,1.50
2016.06.17 05:57:45.785,0.73876,0.73889,2.32,1.50
2016.06.17 05:57:47.018,0.73877,0.73887,1.50,1.50
2016.06.17 05:57:47.272,0.7388,0.7389,1.00,1.87
2016.06.17 05:57:47.323,0.7388,0.73888,1.00,1.12
2016.06.17 05:57:47.476,0.73876,0.73888,1.37,3.97
2016.06.17 05:57:47.629,0.73876,0.73888,1.00,3.37
2016.06.17 05:57:53.850,0.73877,0.73885,1.00,1.00
2016.06.17 05:57:54.002,0.73877,0.73889,2.77,2.00
2016.06.17 05:57:57.007,0.73878,0.7389,1.10,2.81
2016.06.17 05:58:02.214,0.73878,0.7389,1.10,2.06
2016.06.17 05:58:03.074,0.73875,0.73888,2.40,1.50
2016.06.17 05:58:03.584,0.73877,0.73886,1.00,1.00
2016.06.17 05:58:08.498,0.73878,0.73886,1.00,1.00
2016.06.17 05:58:09.007,0.73878,0.73889,1.37,1.37
2016.06.17 05:58:10.291,0.7388,0.73891,1.00,6.41
2016.06.17 05:58:10.824,0.73879,0.73891,1.37,1.12
2016.06.17 05:58:13.995,0.73881,0.73891,1.00,3.00
2016.06.17 05:58:14.690,0.73878,0.73889,1.50,1.50
2016.06.17 05:58:15.251,0.73879,0.73891,1.12,2.85
2016.06.17 05:58:15.758,0.7388,0.7389,1.00,1.00
2016.06.17 05:58:18.856,0.7388,0.73889,1.00,1.30
2016.06.17 05:58:19.363,0.73879,0.7389,1.12,3.37
2016.06.17 05:58:20.407,0.73877,0.73889,3.00,1.37
2016.06.17 05:58:20.915,0.73879,0.73889,1.00,1.37
2016.06.17 05:58:25.192,0.73878,0.73889,1.12,2.62
2016.06.17 05:58:25.720,0.73878,0.73889,1.50,3.97
2016.06.17 05:58:27.624,0.7388,0.73889,1.00,1.12
2016.06.17 05:58:27.878,0.7388,0.7389,1.50,1.87
2016.06.17 05:58:28.385,0.73881,0.7389,1.00,1.00
2016.06.17 05:58:29.107,0.73881,0.73891,1.50,1.30
2016.06.17 05:58:34.143,0.7388,0.73891,1.95,1.50
2016.06.17 05:58:34.823,0.7388,0.73891,1.37,1.75
2016.06.17 05:58:36.870,0.73878,0.7389,2.32,2.25
2016.06.17 05:58:44.007,0.73878,0.7389,2.77,2.62
2016.06.17 05:58:44.531,0.73878,0.73888,2.32,1.00
2016.06.17 05:58:48.280,0.73878,0.7389,1.57,2.62
2016.06.17 05:58:50.092,0.7388,0.7389,1.12,2.62
2016.06.17 05:58:50.886,0.73878,0.7389,1.57,1.87
2016.06.17 05:58:51.090,0.7388,0.73891,1.12,1.50
2016.06.17 05:58:53.599,0.73883,0.73893,1.00,2.06
2016.06.17 05:58:53.802,0.73886,0.73897,1.50,2.47
2016.06.17 05:58:54.213,0.73887,0.73898,1.87,1.00
2016.06.17 05:58:55.180,0.73889,0.73898,1.12,1.00
2016.06.17 05:58:55.332,0.7389,0.739,1.37,1.00
2016.06.17 05:58:56.078,0.7389,0.73899,1.37,1.00
2016.06.17 05:58:56.854,0.73893,0.73901,1.00,1.37
2016.06.17 05:58:57.108,0.73897,0.73907,1.00,4.12
2016.06.17 05:58:57.210,0.73897,0.73907,1.50,1.50
2016.06.17 05:58:57.413,0.73896,0.73906,1.00,2.25
2016.06.17 05:59:04.725,0.73896,0.73901,1.00,1.00
2016.06.17 05:59:04.929,0.7389,0.739,2.25,1.50
2016.06.17 05:59:08.105,0.7389,0.739,1.07,1.50
2016.06.17 05:59:08.661,0.7389,0.739,1.00,1.00
2016.06.17 05:59:16.862,0.73889,0.73901,2.96,1.87
2016.06.17 05:59:40.330,0.73887,0.73897,1.12,1.00
2016.06.17 05:59:40.381,0.73888,0.73896,1.00,1.00
2016.06.17 05:59:40.483,0.73885,0.73895,1.00,2.25
2016.06.17 05:59:40.787,0.73884,0.73894,1.10,3.00
2016.06.17 05:59:40.990,0.73882,0.73893,1.20,1.12
2016.06.17 05:59:41.897,0.73882,0.73892,1.20,1.37
2016.06.17 05:59:42.404,0.73881,0.73891,1.00,1.87
2016.06.17 05:59:44.879,0.73879,0.73889,2.25,1.00
2016.06.17 05:59:48.383,0.73878,0.73888,1.50,1.12
2016.06.17 05:59:48.891,0.73878,0.73888,1.00,1.50
2016.06.17 05:59:50.816,0.73877,0.73888,2.62,1.87
2016.06.17 05:59:51.322,0.73878,0.73888,1.00,2.70
2016.06.17 05:59:51.950,0.73877,0.73888,2.62,1.50
2016.06.17 05:59:52.255,0.7388,0.73888,1.50,1.00
2016.06.17 05:59:52.559,0.73878,0.73888,1.50,2.62
2016.06.17 05:59:52.610,0.73878,0.73888,1.12,2.62
2016.06.17 05:59:53.117,0.73877,0.73888,1.87,2.62
2016.06.17 05:59:53.859,0.73878,0.73887,1.00,1.12
2016.06.17 05:59:54.364,0.73877,0.73887,1.12,1.12
2016.06.17 05:59:56.933,0.73875,0.73886,1.50,1.50
2016.06.17 05:59:57.239,0.73878,0.73888,1.12,1.50
2016.06.17 05:59:59.221,0.73879,0.73888,1.00,1.00
