2010.09.24 02:00:00.407,0.94922,0.94929,0.78,1.30
2010.09.24 02:00:25.275,0.94921,0.94933,1.40,2.50
2010.09.24 02:00:25.354,0.94919,0.94933,1.00,0.89
2010.09.24 02:00:25.810,0.94917,0.9493,2.50,1.20
2010.09.24 02:00:27.094,0.94922,0.9493,0.88,1.80
2010.09.24 02:00:27.308,0.94921,0.9493,1.20,0.66
2010.09.24 02:00:27.457,0.94919,0.9493,0.88,1.20
2010.09.24 02:00:27.588,0.94916,0.9493,2.60,0.81
2010.09.24 02:00:27.676,0.94914,0.94923,1.60,1.50
2010.09.24 02:00:27.849,0.94912,0.94923,0.55,1.20
2010.09.24 02:00:39.407,0.94913,0.94925,1.00,0.81
2010.09.24 02:00:39.997,0.94917,0.94925,1.00,1.60
2010.09.24 02:00:43.104,0.94916,0.94925,1.30,1.70
2010.09.24 02:00:43.697,0.94912,0.94925,1.50,0.94
2010.09.24 02:00:45.475,0.94915,0.94925,1.10,1.70
2010.09.24 02:00:45.902,0.94917,0.94925,1.30,1.90
2010.09.24 02:00:50.029,0.94922,0.9493,2.50,1.20
2010.09.24 02:00:59.117,0.94921,0.94933,1.10,0.52
2010.09.24 02:00:59.340,0.94919,0.94933,1.10,1.20
2010.09.24 02:00:59.964,0.94917,0.9493,1.20,1.40
2010.09.24 02:01:06.039,0.94916,0.94928,2.30,0.90
2010.09.24 02:01:06.384,0.94914,0.94928,2.50,1.30
2010.09.24 02:01:06.695,0.94913,0.94925,1.20,1.10
2010.09.24 02:01:06.873,0.94912,0.94925,0.95,1.20
2010.09.24 02:01:17.030,0.94911,0.94923,2.00,0.78
2010.09.24 02:01:17.593,0.94909,0.94923,1.40,0.69
2010.09.24 02:01:17.783,0.94907,0.9492,0.98,1.30
2010.09.24 02:01:21.099,0.94912,0.9492,1.10,1.90
2010.09.24 02:01:46.124,0.94907,0.9492,1.40,0.78
2010.09.24 02:02:14.661,0.94912,0.9492,1.20,1.80
2010.09.24 02:02:23.602,0.94907,0.9492,1.20,0.70
2010.09.24 02:02:35.356,0.94909,0.9492,1.30,1.00
2010.09.24 02:02:40.303,0.94912,0.9492,0.54,1.30
2010.09.24 02:02:40.783,0.94914,0.9492,4.70,2.00
2010.09.24 02:03:24.571,0.94911,0.94929,1.20,1.60
2010.09.24 02:03:25.130,0.94914,0.94929,1.20,0.99
2010.09.24 02:03:25.758,0.94911,0.94929,0.88,0.95
2010.09.24 02:03:26.215,0.94914,0.94929,0.91,2.10
2010.09.24 02:03:26.789,0.94911,0.94929,1.40,0.76
2010.09.24 02:03:42.887,0.9491,0.94926,0.78,1.50
2010.09.24 02:03:44.217,0.94909,0.9492,1.20,0.90
2010.09.24 02:03:55.010,0.94912,0.9492,0.91,1.30
2010.09.24 02:03:56.507,0.94914,0.94925,1.80,1.20
2010.09.24 02:03:58.450,0.94912,0.94925,0.92,1.60
2010.09.24 02:03:58.847,0.94909,0.94923,1.10,1.60
2010.09.24 02:04:00.041,0.94912,0.9492,1.10,0.92
2010.09.24 02:04:01.591,0.94914,0.94925,0.34,1.30
2010.09.24 02:04:20.051,0.94912,0.94925,1.40,1.00
2010.09.24 02:04:20.401,0.94909,0.94923,0.73,0.96
2010.09.24 02:04:20.932,0.94917,0.9492,0.83,1.00
2010.09.24 02:04:21.194,0.94916,0.94928,1.20,1.00
2010.09.24 02:04:22.993,0.94914,0.94925,0.76,0.85
2010.09.24 02:04:23.804,0.94917,0.94925,1.50,1.60
2010.09.24 02:04:34.074,0.94918,0.9493,2.20,1.10
2010.09.24 02:04:34.828,0.94922,0.9493,0.86,2.30
2010.09.24 02:04:43.457,0.94924,0.94935,0.85,1.40
2010.09.24 02:04:46.299,0.94927,0.94935,1.40,0.83
2010.09.24 02:04:52.136,0.9493,0.94943,1.50,1.10
2010.09.24 02:04:52.839,0.94932,0.94943,1.90,1.50
2010.09.24 02:04:54.260,0.94935,0.94948,0.98,1.60
2010.09.24 02:05:06.280,0.94937,0.94948,1.10,0.54
2010.09.24 02:05:06.818,0.94935,0.94948,0.88,0.96
2010.09.24 02:05:07.468,0.94933,0.94948,0.64,1.70
2010.09.24 02:05:10.952,0.94934,0.94948,0.70,0.84
2010.09.24 02:05:25.403,0.94933,0.94948,0.75,1.20
2010.09.24 02:05:29.130,0.94932,0.94948,2.70,1.50
2010.09.24 02:05:29.656,0.94934,0.94948,0.86,1.50
2010.09.24 02:05:34.625,0.94932,0.94948,1.40,1.30
2010.09.24 02:05:35.162,0.94934,0.94948,0.92,1.00
2010.09.24 02:06:06.491,0.94931,0.94949,2.50,0.97
2010.09.24 02:06:07.368,0.94933,0.94949,1.30,1.60
2010.09.24 02:06:08.120,0.94936,0.94949,0.74,1.50
2010.09.24 02:06:08.477,0.9494,0.94949,0.88,1.60
2010.09.24 02:06:08.644,0.94937,0.94953,1.60,1.50
2010.09.24 02:06:08.764,0.94939,0.94953,1.70,1.10
2010.09.24 02:06:09.543,0.9494,0.94953,0.83,1.00
2010.09.24 02:06:10.686,0.94939,0.94953,1.00,1.20
2010.09.24 02:06:17.404,0.94938,0.94953,1.20,0.72
2010.09.24 02:06:19.246,0.94937,0.94953,1.00,1.70
2010.09.24 02:06:19.923,0.94933,0.94948,0.85,1.40
2010.09.24 02:06:20.492,0.94937,0.94949,0.37,1.40
2010.09.24 02:06:20.914,0.94933,0.94948,2.60,1.30
2010.09.24 02:06:21.940,0.94932,0.94948,0.61,0.65
2010.09.24 02:06:34.284,0.94928,0.94943,0.66,1.10
2010.09.24 02:06:43.035,0.94927,0.94943,1.00,0.47
2010.09.24 02:06:43.659,0.9492,0.94933,1.20,1.40
2010.09.24 02:06:43.906,0.94918,0.94933,0.74,1.70
2010.09.24 02:06:44.233,0.94922,0.94933,1.30,1.70
2010.09.24 02:06:45.146,0.94925,0.94938,1.40,1.20
2010.09.24 02:06:45.443,0.94927,0.94938,1.70,1.00
2010.09.24 02:06:45.740,0.94918,0.94933,1.70,0.99
2010.09.24 02:06:45.996,0.94922,0.94933,1.20,1.10
2010.09.24 02:07:03.264,0.94921,0.94933,0.53,1.80
2010.09.24 02:07:03.629,0.94917,0.94933,1.20,0.90
2010.09.24 02:07:27.096,0.94918,0.94933,1.40,0.61
2010.09.24 02:07:27.664,0.94922,0.94933,2.20,1.20
2010.09.24 02:07:27.888,0.94927,0.94938,0.57,1.90
2010.09.24 02:07:28.304,0.94932,0.94939,2.40,1.40
2010.09.24 02:07:30.686,0.94933,0.94948,2.20,0.78
2010.09.24 02:07:32.425,0.94937,0.94948,0.40,1.00
2010.09.24 02:07:34.134,0.94936,0.94943,0.96,0.53
2010.09.24 02:07:34.728,0.94931,0.94943,0.93,1.20
2010.09.24 02:07:35.428,0.94928,0.94943,2.50,1.50
2010.09.24 02:07:35.732,0.94927,0.94943,0.94,1.90
2010.09.24 02:07:36.146,0.94928,0.94943,0.79,1.60
2010.09.24 02:07:36.988,0.94932,0.94943,1.30,1.80
2010.09.24 02:07:42.146,0.94931,0.94943,1.60,0.78
2010.09.24 02:07:42.598,0.9493,0.94943,0.77,0.81
2010.09.24 02:07:42.740,0.94932,0.94943,1.30,0.90
2010.09.24 02:07:55.252,0.94933,0.94948,3.10,0.97
2010.09.24 02:07:55.645,0.94937,0.94948,0.70,0.66
2010.09.24 02:08:33.110,0.94933,0.94947,1.80,2.40
2010.09.24 02:08:33.580,0.94931,0.94943,3.20,1.50
2010.09.24 02:08:33.961,0.94937,0.94943,2.00,1.40
2010.09.24 02:08:34.231,0.94935,0.94948,1.40,3.00
2010.09.24 02:08:34.676,0.94933,0.94948,1.60,1.00
2010.09.24 02:09:12.628,0.94931,0.94948,1.10,1.30
2010.09.24 02:09:15.447,0.94937,0.94948,0.79,2.60
2010.09.24 02:09:16.287,0.94942,0.94953,2.20,2.20
2010.09.24 02:09:33.472,0.94941,0.94953,1.40,0.79
2010.09.24 02:09:33.978,0.94937,0.94953,0.90,1.70
2010.09.24 02:09:43.008,0.94936,0.94948,0.99,1.10
2010.09.24 02:09:43.478,0.94934,0.94948,0.86,0.99
2010.09.24 02:09:43.802,0.94933,0.94948,1.30,1.60
2010.09.24 02:09:44.340,0.94932,0.94948,1.00,1.50
2010.09.24 02:10:03.255,0.94935,0.94948,2.30,2.40
2010.09.24 02:10:03.624,0.94937,0.94948,1.50,1.10
2010.09.24 02:10:08.018,0.94936,0.94948,1.20,1.40
2010.09.24 02:10:08.662,0.94934,0.94948,0.42,1.40
2010.09.24 02:10:08.760,0.94932,0.94948,1.50,1.50
2010.09.24 02:10:19.421,0.94933,0.94948,1.10,1.50
2010.09.24 02:10:23.335,0.94932,0.94948,2.10,0.40
2010.09.24 02:10:24.225,0.94933,0.94948,2.10,1.40
2010.09.24 02:10:24.849,0.94932,0.94948,1.40,1.30
2010.09.24 02:10:26.044,0.94934,0.94948,0.96,1.60
2010.09.24 02:10:26.128,0.94937,0.94948,1.20,0.97
2010.09.24 02:10:26.258,0.9494,0.94952,0.64,0.87
2010.09.24 02:10:26.371,0.94941,0.94953,1.70,1.10
2010.09.24 02:10:26.504,0.94942,0.94953,2.20,0.87
2010.09.24 02:10:26.575,0.94943,0.94954,0.52,0.79
2010.09.24 02:10:26.757,0.94946,0.94957,1.40,1.20
2010.09.24 02:10:26.846,0.94943,0.94957,0.74,2.10
2010.09.24 02:10:26.934,0.94945,0.94957,1.30,1.10
2010.09.24 02:10:27.430,0.94942,0.94957,0.94,1.60
2010.09.24 02:10:30.059,0.94943,0.94958,1.70,1.40
2010.09.24 02:10:30.587,0.94947,0.94958,1.00,2.30
2010.09.24 02:10:31.143,0.94946,0.94958,0.52,1.60
2010.09.24 02:10:31.194,0.94943,0.94958,0.69,1.50
2010.09.24 02:10:31.377,0.94947,0.94958,3.00,1.20
2010.09.24 02:10:31.566,0.94946,0.94958,1.90,1.50
2010.09.24 02:10:31.796,0.94943,0.94958,2.40,1.10
2010.09.24 02:10:31.849,0.94947,0.94958,1.10,1.50
2010.09.24 02:10:32.324,0.94943,0.94953,2.10,1.50
2010.09.24 02:10:32.528,0.9494,0.94953,0.88,0.88
2010.09.24 02:10:32.820,0.94942,0.94953,1.70,1.10
2010.09.24 02:10:33.387,0.94943,0.94958,1.90,1.60
2010.09.24 02:10:35.061,0.9494,0.94953,1.50,0.99
2010.09.24 02:10:35.621,0.94942,0.94953,0.32,2.50
2010.09.24 02:10:35.814,0.94943,0.94958,1.20,1.00
2010.09.24 02:10:39.377,0.94944,0.94958,1.50,1.10
2010.09.24 02:10:39.678,0.94947,0.94958,0.66,1.10
2010.09.24 02:10:40.315,0.94944,0.94958,1.10,1.50
2010.09.24 02:10:40.541,0.94946,0.94958,1.30,0.96
2010.09.24 02:10:40.933,0.94947,0.94958,0.53,0.92
2010.09.24 02:10:41.152,0.94952,0.94963,1.30,1.80
2010.09.24 02:11:03.114,0.94949,0.94963,1.30,1.60
2010.09.24 02:11:03.590,0.94951,0.94963,0.65,1.20
2010.09.24 02:11:03.685,0.94952,0.94963,0.66,0.76
2010.09.24 02:11:16.299,0.94957,0.94968,1.30,2.90
2010.09.24 02:11:29.235,0.94961,0.94973,2.20,1.20
2010.09.24 02:11:29.567,0.94962,0.94973,2.80,2.00
2010.09.24 02:11:36.822,0.94963,0.94978,0.33,0.60
2010.09.24 02:11:46.934,0.94962,0.94978,1.40,0.68
2010.09.24 02:11:48.369,0.94958,0.94973,0.96,1.00
2010.09.24 02:11:48.587,0.94957,0.94973,0.78,4.10
2010.09.24 02:11:57.223,0.94959,0.94973,1.90,0.58
2010.09.24 02:11:57.983,0.94962,0.94973,3.00,1.10
2010.09.24 02:12:04.720,0.94958,0.94973,1.10,0.71
2010.09.24 02:12:08.075,0.94961,0.94973,1.50,2.20
2010.09.24 02:12:08.246,0.94967,0.94973,2.00,1.70
2010.09.24 02:12:08.528,0.94966,0.94973,1.90,1.40
2010.09.24 02:12:08.703,0.94963,0.94972,0.37,0.71
2010.09.24 02:12:08.876,0.94958,0.94972,1.00,0.74
2010.09.24 02:12:09.113,0.94962,0.94972,0.97,2.60
2010.09.24 02:12:09.754,0.94965,0.94974,1.60,0.60
2010.09.24 02:12:10.187,0.94962,0.94977,0.89,1.20
2010.09.24 02:12:22.220,0.94961,0.94973,1.20,0.58
2010.09.24 02:12:22.827,0.94957,0.94972,1.70,1.60
2010.09.24 02:12:25.050,0.94958,0.94972,0.72,1.70
2010.09.24 02:12:25.220,0.94962,0.94972,0.48,2.20
2010.09.24 02:12:25.487,0.94961,0.94973,1.80,1.10
2010.09.24 02:12:25.667,0.94958,0.94972,1.20,1.40
2010.09.24 02:12:25.919,0.94961,0.94972,1.30,1.50
2010.09.24 02:12:26.036,0.94958,0.94972,2.00,1.30
2010.09.24 02:12:26.599,0.94957,0.94972,1.90,1.20
2010.09.24 02:12:26.869,0.94962,0.94972,0.94,2.00
2010.09.24 02:12:27.058,0.94961,0.94973,1.50,1.00
2010.09.24 02:12:27.855,0.94962,0.94972,0.58,1.30
2010.09.24 02:12:32.653,0.94965,0.94977,1.90,1.50
2010.09.24 02:12:33.938,0.94967,0.94977,2.50,1.30
2010.09.24 02:12:37.094,0.94968,0.94982,1.20,1.40
2010.09.24 02:12:37.391,0.94977,0.94982,0.62,0.79
2010.09.24 02:12:37.805,0.94976,0.94988,1.20,0.93
2010.09.24 02:12:38.197,0.94977,0.94987,0.73,1.30
2010.09.24 02:12:38.329,0.94975,0.94988,1.10,1.30
2010.09.24 02:12:38.534,0.94976,0.94988,0.68,0.90
2010.09.24 02:12:38.999,0.94972,0.94988,0.83,1.40
2010.09.24 02:12:41.928,0.94971,0.94983,0.74,1.30
2010.09.24 02:12:42.083,0.94967,0.94983,2.60,1.70
2010.09.24 02:12:44.393,0.94968,0.94983,1.60,0.81
2010.09.24 02:12:44.603,0.94972,0.94983,0.84,0.62
2010.09.24 02:13:04.174,0.94975,0.94988,0.89,0.95
2010.09.24 02:13:04.462,0.94977,0.94988,2.30,1.50
2010.09.24 02:13:04.749,0.94976,0.94988,1.40,1.00
2010.09.24 02:13:05.453,0.94972,0.94988,0.78,0.87
2010.09.24 02:13:05.777,0.94975,0.94988,1.60,1.30
2010.09.24 02:13:06.080,0.94972,0.94988,1.10,1.20
2010.09.24 02:13:06.494,0.94975,0.94988,1.10,1.50
2010.09.24 02:13:06.873,0.94977,0.94988,2.60,0.82
2010.09.24 02:13:07.229,0.94976,0.94988,1.50,0.68
2010.09.24 02:13:07.543,0.94972,0.94988,1.00,0.91
2010.09.24 02:13:07.840,0.94975,0.94988,1.10,1.00
2010.09.24 02:13:08.084,0.94972,0.94988,0.67,1.20
2010.09.24 02:13:08.830,0.94977,0.94988,1.50,1.00
2010.09.24 02:13:25.016,0.94982,0.94993,0.95,1.40
2010.09.24 02:13:25.396,0.94983,0.94995,1.80,1.40
2010.09.24 02:13:25.687,0.94987,0.94995,1.00,0.65
2010.09.24 02:13:26.623,0.94991,0.95002,1.40,1.10
2010.09.24 02:13:27.154,0.94989,0.95003,0.49,2.10
2010.09.24 02:13:27.776,0.94987,0.95003,1.80,1.20
2010.09.24 02:13:31.087,0.94983,0.94998,1.70,1.50
2010.09.24 02:13:32.507,0.94982,0.94998,1.30,1.10
2010.09.24 02:13:33.402,0.94981,0.94993,3.30,1.30
2010.09.24 02:13:33.826,0.9498,0.94993,1.30,0.83
2010.09.24 02:13:34.283,0.94982,0.94993,0.76,1.30
2010.09.24 02:13:34.658,0.94981,0.94993,1.40,0.93
2010.09.24 02:13:34.851,0.94978,0.94993,1.50,0.96
2010.09.24 02:13:40.091,0.94977,0.94988,2.20,1.40
2010.09.24 02:13:40.479,0.94976,0.94988,3.10,1.10
2010.09.24 02:13:40.761,0.94973,0.94988,0.37,2.20
2010.09.24 02:13:42.866,0.94972,0.94988,1.80,1.80
2010.09.24 02:13:48.034,0.94971,0.94983,1.60,1.10
2010.09.24 02:13:48.347,0.94969,0.94983,1.80,1.30
2010.09.24 02:13:48.759,0.94968,0.94983,0.73,0.96
2010.09.24 02:13:54.272,0.94971,0.94983,0.50,1.30
2010.09.24 02:13:54.549,0.94977,0.94983,0.94,0.94
2010.09.24 02:14:04.210,0.94976,0.94984,1.40,1.20
2010.09.24 02:14:04.425,0.94974,0.94984,1.20,1.30
2010.09.24 02:14:04.529,0.94973,0.94984,1.80,1.90
2010.09.24 02:14:04.930,0.94972,0.94984,1.60,0.95
2010.09.24 02:14:49.765,0.94969,0.9499,1.30,1.30
2010.09.24 02:14:55.729,0.9497,0.9499,1.00,0.94
2010.09.24 02:14:59.934,0.94972,0.94988,1.50,0.57
2010.09.24 02:15:07.177,0.94969,0.94983,0.88,1.20
2010.09.24 02:15:07.464,0.94968,0.94983,1.80,1.10
2010.09.24 02:15:07.542,0.94969,0.94983,1.90,0.72
2010.09.24 02:15:07.818,0.94972,0.94983,1.80,2.20
2010.09.24 02:15:19.588,0.94971,0.94983,1.60,1.40
2010.09.24 02:15:20.107,0.94968,0.94983,0.79,1.30
2010.09.24 02:15:22.263,0.94967,0.94983,1.10,1.40
2010.09.24 02:15:27.860,0.94969,0.94983,0.89,0.92
2010.09.24 02:15:29.859,0.94967,0.94983,0.73,2.20
2010.09.24 02:15:30.496,0.94969,0.94983,2.40,1.30
2010.09.24 02:15:30.882,0.94972,0.94983,1.60,1.80
2010.09.24 02:15:37.082,0.94973,0.94988,0.59,1.10
2010.09.24 02:15:37.233,0.94975,0.94988,1.40,0.97
2010.09.24 02:15:37.425,0.94977,0.94988,1.50,0.67
2010.09.24 02:15:37.509,0.94976,0.94983,0.58,0.67
2010.09.24 02:15:37.696,0.94974,0.94983,0.68,0.64
2010.09.24 02:15:37.739,0.94968,0.94983,0.85,1.00
2010.09.24 02:15:37.982,0.94972,0.94983,2.50,0.72
2010.09.24 02:15:45.120,0.94975,0.94988,2.50,0.67
2010.09.24 02:15:45.202,0.94977,0.94988,0.62,1.10
2010.09.24 02:15:45.413,0.94974,0.94983,1.40,1.30
2010.09.24 02:15:45.509,0.94969,0.94983,0.99,2.10
2010.09.24 02:15:45.733,0.94968,0.94983,0.73,0.84
2010.09.24 02:15:45.974,0.94972,0.94983,1.20,0.94
2010.09.24 02:15:46.305,0.94971,0.94983,0.75,0.87
2010.09.24 02:15:46.858,0.94967,0.94983,1.70,1.80
2010.09.24 02:15:47.247,0.94966,0.94978,0.98,0.71
2010.09.24 02:15:47.435,0.94963,0.94973,0.67,1.50
2010.09.24 02:15:47.570,0.94961,0.94973,2.00,1.40
2010.09.24 02:15:47.820,0.94957,0.94973,1.40,0.61
2010.09.24 02:15:50.029,0.94954,0.94963,0.59,2.10
2010.09.24 02:15:50.298,0.94953,0.94963,1.80,1.50
2010.09.24 02:15:50.348,0.94952,0.94963,1.60,1.50
2010.09.24 02:15:50.514,0.94947,0.94963,1.20,0.44
2010.09.24 02:15:50.719,0.94946,0.94958,1.50,0.94
2010.09.24 02:15:50.998,0.94942,0.94958,0.77,1.30
2010.09.24 02:15:55.751,0.94946,0.94958,0.96,2.10
2010.09.24 02:15:57.040,0.94948,0.94958,0.49,1.40
2010.09.24 02:15:57.678,0.94949,0.94963,0.79,2.00
2010.09.24 02:15:58.072,0.94952,0.94963,1.70,1.30
2010.09.24 02:16:15.004,0.94956,0.94968,0.70,1.20
2010.09.24 02:16:15.545,0.94957,0.94968,1.20,2.20
2010.09.24 02:16:30.199,0.94962,0.94973,0.99,2.10
2010.09.24 02:16:30.703,0.94965,0.94977,2.00,1.60
2010.09.24 02:16:33.013,0.94966,0.94978,1.90,1.50
2010.09.24 02:16:35.703,0.94967,0.94978,0.47,0.74
2010.09.24 02:16:36.741,0.94966,0.94978,1.10,1.20
2010.09.24 02:16:37.918,0.94962,0.94978,1.60,0.89
2010.09.24 02:16:40.186,0.94961,0.94973,0.90,1.60
2010.09.24 02:16:40.977,0.94957,0.94973,0.62,1.30
2010.09.24 02:16:47.260,0.94958,0.94973,1.70,1.40
2010.09.24 02:16:47.598,0.94962,0.94973,0.91,1.40
2010.09.24 02:16:54.484,0.94961,0.94973,0.78,1.10
2010.09.24 02:16:54.536,0.94957,0.94973,1.20,0.97
2010.09.24 02:17:00.279,0.94961,0.94973,1.20,1.40
2010.09.24 02:17:44.701,0.94957,0.94973,1.80,0.93
2010.09.24 02:17:47.232,0.94956,0.94971,1.90,3.10
2010.09.24 02:17:47.965,0.94961,0.94968,0.81,1.10
2010.09.24 02:17:48.165,0.94959,0.94969,1.70,0.91
2010.09.24 02:17:48.252,0.94957,0.94969,0.89,1.10
2010.09.24 02:17:48.699,0.94956,0.94968,0.68,1.10
2010.09.24 02:17:48.868,0.94961,0.94968,1.30,1.60
2010.09.24 02:17:52.186,0.9496,0.94971,0.62,0.83
2010.09.24 02:17:52.323,0.94957,0.94971,1.10,0.99
2010.09.24 02:17:52.591,0.94956,0.94966,0.89,1.30
2010.09.24 02:17:52.906,0.94961,0.94966,1.10,1.00
2010.09.24 02:18:18.022,0.9496,0.94967,2.00,0.93
2010.09.24 02:18:18.124,0.94957,0.94967,0.84,1.40
2010.09.24 02:18:18.328,0.94955,0.94963,2.20,1.20
2010.09.24 02:18:18.391,0.94954,0.94963,1.10,0.52
2010.09.24 02:18:18.515,0.94951,0.94963,0.76,0.64
2010.09.24 02:18:18.605,0.94956,0.94963,0.82,2.60
2010.09.24 02:18:18.718,0.94961,0.94963,0.93,1.10
2010.09.24 02:18:18.834,0.94957,0.94972,1.20,1.30
2010.09.24 02:18:18.893,0.94956,0.94968,1.40,1.30
2010.09.24 02:18:19.112,0.94952,0.94968,1.60,1.60
2010.09.24 02:18:48.158,0.94951,0.94963,1.00,0.72
2010.09.24 02:18:48.797,0.94947,0.94963,3.40,1.50
2010.09.24 02:18:49.081,0.94949,0.94963,0.40,2.00
2010.09.24 02:18:49.655,0.94952,0.94963,1.20,1.30
2010.09.24 02:18:49.862,0.94951,0.94963,1.60,0.83
2010.09.24 02:18:50.980,0.94952,0.94963,2.00,0.84
2010.09.24 02:18:51.038,0.94951,0.94963,1.20,0.84
2010.09.24 02:18:51.491,0.94947,0.94963,3.40,1.40
2010.09.24 02:18:51.722,0.94949,0.94963,1.50,0.83
2010.09.24 02:18:51.947,0.94952,0.94963,0.59,0.99
2010.09.24 02:18:54.113,0.94951,0.94963,0.79,1.30
2010.09.24 02:18:54.350,0.94952,0.94963,1.00,1.80
2010.09.24 02:18:54.530,0.94951,0.94963,0.82,0.74
2010.09.24 02:18:54.790,0.9495,0.94963,2.40,1.40
2010.09.24 02:18:54.884,0.94952,0.94963,1.30,0.81
2010.09.24 02:18:55.206,0.94951,0.94963,1.10,0.88
2010.09.24 02:18:55.733,0.94952,0.94963,1.30,1.40
2010.09.24 02:19:03.408,0.94951,0.94963,1.60,0.63
2010.09.24 02:19:03.891,0.94947,0.94963,1.70,1.00
2010.09.24 02:19:04.453,0.94952,0.94963,0.57,2.40
2010.09.24 02:19:23.041,0.94951,0.94963,0.86,1.30
2010.09.24 02:19:23.739,0.94947,0.94963,1.40,1.60
2010.09.24 02:19:42.194,0.94949,0.94963,0.96,1.10
2010.09.24 02:19:42.855,0.94952,0.94963,1.10,1.10
2010.09.24 02:19:49.150,0.94951,0.94963,0.96,1.10
2010.09.24 02:19:49.935,0.94947,0.94963,1.70,1.10
2010.09.24 02:19:52.141,0.94949,0.94963,1.70,0.92
2010.09.24 02:19:52.384,0.94952,0.94963,0.75,0.98
2010.09.24 02:19:52.741,0.94951,0.94963,0.92,1.20
2010.09.24 02:19:52.843,0.94948,0.94963,0.69,1.20
2010.09.24 02:20:06.518,0.94952,0.94963,0.65,0.85
2010.09.24 02:20:09.451,0.94951,0.94963,1.80,1.00
2010.09.24 02:20:09.894,0.94949,0.94963,2.40,2.40
2010.09.24 02:20:16.182,0.94947,0.94963,0.69,1.60
2010.09.24 02:20:29.044,0.94946,0.94958,0.98,1.40
2010.09.24 02:20:29.567,0.94945,0.94958,3.00,1.30
2010.09.24 02:20:30.900,0.94944,0.94958,0.98,0.55
2010.09.24 02:20:33.877,0.94943,0.94958,1.40,1.20
2010.09.24 02:20:37.161,0.94947,0.94958,2.50,0.91
2010.09.24 02:20:40.672,0.94945,0.94956,0.73,1.00
2010.09.24 02:20:43.193,0.94947,0.94956,1.70,1.40
2010.09.24 02:20:43.625,0.94949,0.94959,1.60,0.67
2010.09.24 02:20:43.807,0.9495,0.94961,0.67,1.10
2010.09.24 02:20:54.585,0.94952,0.94963,1.10,1.90
2010.09.24 02:21:24.418,0.94948,0.94963,0.93,0.78
2010.09.24 02:21:26.151,0.94953,0.94963,1.90,1.10
2010.09.24 02:21:26.337,0.94955,0.94965,1.70,1.30
2010.09.24 02:21:26.591,0.94957,0.94965,1.40,1.90
2010.09.24 02:21:26.897,0.94958,0.9497,0.88,1.10
2010.09.24 02:21:27.132,0.94957,0.9497,1.80,1.10
2010.09.24 02:21:27.536,0.94959,0.9497,0.75,1.40
2010.09.24 02:21:27.912,0.94958,0.9497,0.79,1.10
2010.09.24 02:21:30.556,0.94957,0.94968,1.70,0.75
2010.09.24 02:21:44.243,0.94958,0.94968,2.50,1.00
2010.09.24 02:21:46.294,0.9496,0.94971,1.60,1.60
2010.09.24 02:21:46.499,0.94961,0.94971,0.98,0.88
2010.09.24 02:21:46.892,0.9496,0.94971,3.10,2.70
2010.09.24 02:21:47.805,0.94961,0.94971,0.44,1.10
2010.09.24 02:21:55.349,0.9496,0.94971,0.49,1.10
2010.09.24 02:21:55.669,0.94961,0.94971,1.30,1.40
2010.09.24 02:22:01.020,0.94962,0.94973,1.20,1.20
2010.09.24 02:22:01.476,0.94963,0.94974,0.71,1.70
2010.09.24 02:22:01.579,0.94965,0.94978,0.90,1.70
2010.09.24 02:22:01.771,0.94962,0.94978,2.60,1.20
2010.09.24 02:22:02.703,0.94961,0.94973,1.70,0.96
2010.09.24 02:22:20.059,0.94957,0.94973,2.10,0.76
2010.09.24 02:22:20.156,0.94956,0.94968,2.50,1.90
2010.09.24 02:22:20.304,0.94955,0.94968,1.40,1.10
2010.09.24 02:22:20.513,0.94954,0.94968,0.58,0.87
2010.09.24 02:22:20.616,0.94956,0.94968,0.81,1.60
2010.09.24 02:22:20.732,0.94957,0.94968,1.10,1.50
2010.09.24 02:22:20.914,0.94958,0.94969,0.85,0.82
2010.09.24 02:22:21.686,0.94959,0.9497,1.00,1.50
2010.09.24 02:22:22.190,0.94957,0.94968,1.40,0.82
2010.09.24 02:22:22.790,0.94956,0.94968,0.96,1.50
2010.09.24 02:22:25.908,0.94953,0.94968,0.82,1.70
2010.09.24 02:22:29.452,0.94957,0.94968,1.60,1.10
2010.09.24 02:22:29.534,0.94958,0.94972,2.80,1.50
2010.09.24 02:22:30.097,0.94957,0.94968,0.90,0.81
2010.09.24 02:22:30.253,0.94958,0.94968,1.90,0.69
2010.09.24 02:22:30.319,0.9496,0.94973,0.66,0.95
2010.09.24 02:22:30.529,0.94963,0.94973,1.70,1.00
2010.09.24 02:22:30.626,0.94964,0.94974,2.70,1.20
2010.09.24 02:22:30.794,0.94965,0.94977,1.00,0.98
2010.09.24 02:22:30.986,0.94966,0.94977,1.20,1.00
2010.09.24 02:22:46.113,0.94962,0.94978,1.30,1.60
2010.09.24 02:22:46.875,0.94966,0.94978,1.20,0.86
2010.09.24 02:23:06.559,0.94965,0.94976,0.51,0.79
2010.09.24 02:23:09.490,0.94962,0.94976,1.30,1.00
2010.09.24 02:23:09.672,0.94961,0.94973,1.80,0.76
2010.09.24 02:23:18.048,0.94962,0.94973,0.64,0.88
2010.09.24 02:23:18.552,0.94963,0.94974,0.88,0.78
2010.09.24 02:23:18.862,0.94964,0.94976,1.10,1.10
2010.09.24 02:23:19.050,0.94965,0.94976,1.10,0.44
2010.09.24 02:23:19.813,0.94966,0.94977,0.84,0.83
2010.09.24 02:23:20.047,0.94965,0.94978,2.30,1.00
2010.09.24 02:23:20.739,0.94966,0.94978,0.49,0.68
2010.09.24 02:23:25.497,0.94962,0.94977,0.76,1.20
2010.09.24 02:23:25.943,0.94961,0.94973,0.53,1.30
2010.09.24 02:23:26.178,0.94957,0.94973,0.61,0.91
2010.09.24 02:23:26.265,0.94956,0.94968,2.40,1.00
2010.09.24 02:23:26.667,0.94954,0.94965,1.40,1.00
2010.09.24 02:23:26.768,0.94953,0.94965,4.90,0.77
2010.09.24 02:23:27.083,0.94954,0.94965,0.87,1.20
2010.09.24 02:23:27.327,0.94953,0.94965,2.50,1.10
2010.09.24 02:23:27.641,0.94954,0.94965,0.97,0.75
2010.09.24 02:23:27.924,0.94953,0.94965,1.50,0.93
2010.09.24 02:23:30.941,0.94952,0.94965,2.10,0.71
2010.09.24 02:23:33.049,0.94953,0.94965,1.50,0.96
2010.09.24 02:23:33.826,0.94957,0.94965,1.40,1.40
2010.09.24 02:23:35.374,0.94956,0.94968,0.51,1.10
2010.09.24 02:23:35.510,0.94952,0.94968,0.69,0.91
2010.09.24 02:24:15.094,0.94949,0.94965,1.30,1.60
2010.09.24 02:24:32.078,0.94951,0.94965,1.20,0.62
2010.09.24 02:24:32.354,0.94949,0.94965,0.83,0.81
2010.09.24 02:24:32.758,0.94951,0.94965,0.62,1.10
2010.09.24 02:24:36.764,0.94949,0.94965,1.20,1.30
2010.09.24 02:24:37.778,0.94951,0.94965,0.81,1.30
2010.09.24 02:24:41.170,0.94949,0.94965,1.50,1.40
2010.09.24 02:24:41.365,0.94948,0.94963,1.00,1.30
2010.09.24 02:24:41.724,0.94947,0.94963,1.60,0.94
2010.09.24 02:24:42.204,0.94943,0.94958,1.40,1.70
2010.09.24 02:24:43.154,0.94942,0.94957,2.60,0.74
2010.09.24 02:24:55.277,0.94939,0.94953,1.30,0.74
2010.09.24 02:24:55.982,0.94938,0.94953,0.84,1.70
2010.09.24 02:24:56.150,0.94942,0.94953,0.99,0.55
2010.09.24 02:24:56.217,0.94941,0.94952,1.70,1.50
2010.09.24 02:24:56.483,0.94939,0.94952,1.40,1.20
2010.09.24 02:24:56.576,0.94938,0.94952,0.86,1.00
2010.09.24 02:24:56.773,0.94937,0.94952,0.85,3.80
2010.09.24 02:24:56.855,0.94934,0.94948,1.10,1.10
2010.09.24 02:24:57.765,0.94932,0.94948,0.82,1.10
2010.09.24 02:25:00.004,0.94931,0.94943,1.60,1.20
2010.09.24 02:25:00.718,0.94929,0.94943,1.40,0.89
2010.09.24 02:25:01.608,0.94932,0.94943,1.10,1.10
2010.09.24 02:25:45.006,0.94931,0.94947,1.70,1.90
2010.09.24 02:25:49.582,0.94933,0.94949,1.90,1.30
2010.09.24 02:26:00.244,0.94936,0.94948,1.90,2.20
2010.09.24 02:26:00.371,0.94937,0.94948,3.60,0.89
2010.09.24 02:26:00.687,0.94942,0.94952,1.10,1.60
2010.09.24 02:26:01.285,0.94946,0.94958,2.00,1.50
2010.09.24 02:26:01.622,0.94947,0.94958,1.10,1.30
2010.09.24 02:26:01.787,0.94946,0.94958,1.20,2.20
2010.09.24 02:26:03.414,0.94947,0.94958,0.62,1.50
2010.09.24 02:27:09.791,0.94948,0.94963,1.30,0.55
2010.09.24 02:27:10.041,0.9495,0.94963,0.94,1.20
2010.09.24 02:27:10.320,0.94953,0.94963,0.70,0.70
2010.09.24 02:27:10.405,0.94954,0.94963,1.10,0.91
2010.09.24 02:27:10.555,0.94957,0.94963,1.50,1.20
2010.09.24 02:27:10.795,0.94956,0.94968,2.30,1.50
2010.09.24 02:27:10.956,0.94957,0.94968,1.40,0.47
2010.09.24 02:27:36.081,0.94958,0.94973,0.71,1.80
2010.09.24 02:27:42.018,0.94959,0.94973,1.20,1.90
2010.09.24 02:27:42.626,0.94963,0.94973,0.56,0.64
2010.09.24 02:27:42.769,0.94967,0.94973,0.62,2.00
2010.09.24 02:27:56.431,0.94966,0.94978,0.96,1.40
2010.09.24 02:27:56.643,0.94963,0.94978,0.51,1.10
2010.09.24 02:27:57.372,0.94962,0.94978,0.81,0.90
2010.09.24 02:28:58.420,0.9496,0.94978,1.50,1.00
2010.09.24 02:28:58.628,0.94957,0.94978,2.10,1.00
2010.09.24 02:28:59.092,0.94956,0.94968,2.60,0.93
2010.09.24 02:28:59.777,0.94953,0.94968,0.91,0.87
2010.09.24 02:29:21.014,0.94954,0.94968,0.85,2.00
2010.09.24 02:29:21.563,0.94957,0.94968,1.60,1.00
2010.09.24 02:29:21.950,0.94956,0.94968,0.61,1.20
2010.09.24 02:29:22.424,0.94954,0.94968,0.98,0.83
2010.09.24 02:29:22.906,0.94957,0.94968,2.30,0.95
2010.09.24 02:29:33.204,0.94956,0.94968,1.10,1.30
2010.09.24 02:29:33.627,0.94955,0.94968,1.20,1.30
2010.09.24 02:29:36.241,0.94957,0.94968,2.60,1.10
2010.09.24 02:29:36.465,0.94958,0.94969,2.10,0.98
2010.09.24 02:29:36.663,0.94959,0.94973,0.77,1.40
2010.09.24 02:29:36.978,0.94962,0.94973,1.80,0.94
2010.09.24 02:30:02.285,0.94965,0.94978,1.10,1.10
2010.09.24 02:30:02.551,0.94967,0.94978,0.90,0.75
2010.09.24 02:30:25.498,0.94966,0.94978,1.70,1.70
2010.09.24 02:30:25.717,0.94962,0.94978,0.40,1.30
2010.09.24 02:30:31.378,0.94966,0.94978,1.10,1.10
2010.09.24 02:31:05.099,0.94964,0.94981,0.69,0.91
2010.09.24 02:31:08.077,0.94966,0.94981,1.60,0.74
2010.09.24 02:31:08.356,0.94971,0.94981,1.70,0.54
2010.09.24 02:31:08.921,0.94976,0.94983,1.10,0.92
2010.09.24 02:31:10.125,0.94977,0.94988,0.94,1.30
2010.09.24 02:31:10.256,0.94976,0.94983,2.60,1.80
2010.09.24 02:31:10.551,0.94974,0.94983,3.10,1.50
2010.09.24 02:31:10.672,0.94976,0.94983,0.75,1.10
2010.09.24 02:31:10.989,0.94986,0.94983,2.20,2.50
2010.09.24 02:31:12.114,0.94982,0.94995,0.65,1.00
2010.09.24 02:31:12.258,0.94981,0.94993,1.20,1.50
2010.09.24 02:31:12.425,0.94979,0.94988,0.68,1.10
2010.09.24 02:31:12.671,0.94977,0.94988,0.46,1.00
2010.09.24 02:31:12.983,0.94976,0.94988,1.80,2.10
2010.09.24 02:31:16.007,0.94987,0.94988,0.83,1.50
2010.09.24 02:31:16.178,0.94992,0.94992,1.10,1.60
2010.09.24 02:31:16.344,0.95002,0.95002,1.90,1.60
2010.09.24 02:31:16.452,0.94983,0.94996,1.90,1.40
2010.09.24 02:31:16.573,0.94986,0.94996,0.96,1.50
2010.09.24 02:31:16.741,0.94983,0.94996,1.40,2.10
2010.09.24 02:31:16.844,0.94982,0.94994,1.40,0.95
2010.09.24 02:31:16.999,0.94981,0.94993,1.40,1.40
2010.09.24 02:31:17.107,0.94986,0.94991,0.81,0.48
2010.09.24 02:31:18.460,0.94982,0.94995,0.56,2.00
2010.09.24 02:31:18.593,0.94981,0.94993,1.90,1.40
2010.09.24 02:31:19.255,0.94979,0.94992,0.97,1.10
2010.09.24 02:31:19.969,0.94977,0.94992,1.20,1.60
2010.09.24 02:31:21.188,0.94981,0.94988,1.20,0.96
2010.09.24 02:31:25.329,0.94986,0.94993,1.10,0.72
2010.09.24 02:31:25.761,0.94991,0.94993,0.61,1.00
2010.09.24 02:31:38.505,0.94993,0.95002,1.90,1.40
2010.09.24 02:31:49.149,0.94991,0.95002,2.00,1.40
2010.09.24 02:31:49.585,0.94988,0.95002,0.51,0.96
2010.09.24 02:32:03.031,0.94985,0.94996,1.10,1.20
2010.09.24 02:32:03.474,0.94984,0.94995,1.30,0.61
2010.09.24 02:32:03.957,0.94983,0.94995,0.73,1.00
2010.09.24 02:32:10.232,0.94988,0.94993,0.80,1.10
2010.09.24 02:32:15.261,0.94986,0.94996,1.20,1.20
2010.09.24 02:32:15.522,0.94983,0.94996,1.50,1.00
2010.09.24 02:32:15.824,0.94988,0.94993,2.40,1.30
2010.09.24 02:32:23.209,0.94993,0.94996,0.82,0.88
2010.09.24 02:32:26.101,0.94994,0.95002,1.50,1.50
2010.09.24 02:32:26.599,0.95001,0.95002,2.60,1.30
2010.09.24 02:32:26.720,0.95008,0.95009,1.60,1.10
2010.09.24 02:32:51.104,0.95007,0.95018,0.90,1.10
2010.09.24 02:32:51.454,0.95005,0.95018,1.70,0.96
2010.09.24 02:32:51.742,0.95008,0.95013,0.95,0.90
2010.09.24 02:32:55.017,0.95011,0.95023,2.80,1.20
2010.09.24 02:32:56.232,0.95018,0.95023,1.50,0.97
2010.09.24 02:33:34.498,0.95023,0.95028,0.34,1.30
2010.09.24 02:33:36.084,0.95028,0.95033,1.80,1.10
2010.09.24 02:33:38.806,0.95038,0.95043,1.20,0.95
2010.09.24 02:33:42.345,0.95035,0.95044,1.10,1.70
2010.09.24 02:33:42.592,0.95033,0.95044,1.00,1.70
2010.09.24 02:33:43.620,0.95038,0.95043,1.40,2.30
2010.09.24 02:33:57.647,0.95043,0.95048,0.48,0.54
2010.09.24 02:33:58.013,0.95045,0.95053,2.40,0.53
2010.09.24 02:33:58.174,0.95044,0.95053,1.10,1.60
2010.09.24 02:33:58.463,0.95049,0.95053,1.40,0.92
2010.09.24 02:33:58.637,0.95058,0.95059,0.68,0.97
2010.09.24 02:33:58.825,0.95054,0.95062,1.50,2.20
2010.09.24 02:33:58.965,0.95053,0.95062,1.60,2.10
2010.09.24 02:34:02.178,0.95055,0.95064,2.20,0.88
2010.09.24 02:34:02.487,0.95058,0.95064,1.20,1.20
2010.09.24 02:34:02.900,0.95063,0.9507,1.30,1.10
2010.09.24 02:34:04.274,0.95059,0.95073,1.10,1.10
2010.09.24 02:34:04.396,0.95058,0.9507,1.30,0.93
2010.09.24 02:34:04.830,0.95063,0.9507,1.10,1.50
2010.09.24 02:34:06.141,0.95059,0.95073,1.10,1.20
2010.09.24 02:34:06.903,0.95058,0.9507,1.50,0.81
2010.09.24 02:34:09.369,0.95054,0.95067,0.57,1.20
2010.09.24 02:34:09.843,0.95053,0.95065,2.40,0.75
2010.09.24 02:34:15.153,0.9505,0.95059,0.83,1.50
2010.09.24 02:34:15.267,0.95049,0.95059,1.90,1.50
2010.09.24 02:34:15.375,0.95047,0.95055,1.40,0.95
2010.09.24 02:34:15.537,0.95044,0.95054,2.30,1.10
2010.09.24 02:34:15.690,0.95043,0.95053,1.90,1.30
2010.09.24 02:34:15.970,0.95048,0.95053,1.90,0.85
2010.09.24 02:34:19.165,0.95053,0.95059,2.30,0.90
2010.09.24 02:34:24.402,0.9505,0.95063,1.80,0.77
2010.09.24 02:34:24.958,0.95048,0.95061,1.30,1.80
2010.09.24 02:34:27.155,0.95053,0.95058,2.40,1.20
2010.09.24 02:34:34.298,0.95052,0.95063,1.10,1.20
2010.09.24 02:34:34.657,0.9505,0.95062,1.10,1.20
2010.09.24 02:34:34.773,0.95053,0.95061,0.67,2.30
2010.09.24 02:34:42.359,0.95058,0.95063,0.74,1.20
2010.09.24 02:34:48.130,0.95059,0.9507,1.60,1.60
2010.09.24 02:34:48.583,0.95063,0.95071,1.30,0.83
2010.09.24 02:35:00.022,0.9506,0.95073,0.51,1.40
2010.09.24 02:35:00.585,0.95058,0.9507,0.72,1.10
2010.09.24 02:35:06.322,0.95055,0.95069,1.20,1.80
2010.09.24 02:35:06.517,0.95053,0.95064,2.00,1.00
2010.09.24 02:35:36.853,0.95051,0.95063,2.00,1.50
2010.09.24 02:35:38.103,0.95049,0.95063,1.10,1.10
2010.09.24 02:35:40.610,0.95051,0.95063,1.40,1.10
2010.09.24 02:35:41.391,0.95049,0.95063,0.89,2.20
2010.09.24 02:35:41.753,0.95051,0.95063,0.64,1.20
2010.09.24 02:35:42.069,0.95049,0.95063,1.40,1.10
2010.09.24 02:35:43.004,0.95051,0.95063,0.73,0.72
2010.09.24 02:35:48.484,0.95049,0.95063,1.30,0.79
2010.09.24 02:35:50.204,0.95048,0.95055,2.20,0.91
2010.09.24 02:35:50.344,0.9504,0.95054,1.10,1.50
2010.09.24 02:35:50.584,0.95042,0.95054,0.92,1.20
2010.09.24 02:35:50.806,0.95039,0.95054,1.30,0.97
2010.09.24 02:35:56.764,0.95041,0.95053,1.50,2.30
2010.09.24 02:35:57.468,0.95039,0.95053,0.79,1.50
2010.09.24 02:36:00.527,0.95041,0.95053,0.57,1.60
2010.09.24 02:36:02.032,0.95039,0.95053,2.10,1.70
2010.09.24 02:36:02.596,0.95041,0.95053,0.58,1.00
2010.09.24 02:36:11.057,0.95046,0.95053,0.60,1.30
2010.09.24 02:36:11.276,0.95047,0.95053,0.94,0.79
2010.09.24 02:36:11.321,0.95052,0.95063,0.44,1.80
2010.09.24 02:36:11.502,0.95051,0.95063,0.91,1.20
2010.09.24 02:36:11.667,0.95056,0.95063,0.47,1.60
2010.09.24 02:36:11.714,0.95057,0.95063,0.62,2.00
2010.09.24 02:36:11.864,0.9506,0.95072,1.30,0.75
2010.09.24 02:36:12.188,0.95057,0.95072,0.74,2.00
2010.09.24 02:36:12.733,0.95054,0.95063,1.10,2.80
2010.09.24 02:36:13.090,0.95057,0.95068,1.20,1.20
2010.09.24 02:36:13.244,0.95052,0.95068,1.20,1.50
2010.09.24 02:36:13.567,0.95051,0.95063,1.80,2.70
2010.09.24 02:36:13.628,0.95054,0.95063,0.82,0.92
2010.09.24 02:36:13.822,0.95057,0.95068,1.60,1.60
2010.09.24 02:36:15.861,0.95054,0.95063,0.98,1.70
2010.09.24 02:36:25.132,0.95051,0.95063,1.70,2.30
2010.09.24 02:36:36.128,0.95052,0.95063,1.60,1.20
2010.09.24 02:37:03.557,0.95055,0.95066,0.77,1.70
2010.09.24 02:37:04.962,0.95056,0.95066,0.45,1.50
2010.09.24 02:37:17.541,0.95057,0.95067,1.10,1.70
2010.09.24 02:37:34.046,0.95053,0.95068,1.10,1.70
2010.09.24 02:37:34.357,0.95052,0.95067,2.30,0.68
2010.09.24 02:37:34.781,0.95051,0.95063,1.00,0.81
2010.09.24 02:38:32.091,0.95047,0.95063,2.60,1.20
2010.09.24 02:38:32.328,0.95046,0.95058,0.96,1.20
2010.09.24 02:38:32.480,0.95048,0.95058,2.10,0.38
2010.09.24 02:38:32.547,0.95049,0.95062,1.20,1.20
2010.09.24 02:38:32.762,0.95047,0.95062,0.77,1.20
2010.09.24 02:38:32.940,0.95046,0.95058,1.10,0.76
2010.09.24 02:38:36.093,0.95047,0.95058,1.60,1.70
2010.09.24 02:38:36.140,0.95049,0.95058,1.60,1.00
2010.09.24 02:38:36.285,0.9505,0.95061,1.80,1.10
2010.09.24 02:38:36.422,0.95051,0.95062,1.30,0.96
2010.09.24 02:38:36.470,0.95049,0.95062,1.10,1.70
2010.09.24 02:38:36.588,0.95051,0.95062,1.30,0.69
2010.09.24 02:38:36.675,0.95049,0.95062,2.10,1.10
2010.09.24 02:38:36.872,0.95051,0.95063,1.90,0.87
2010.09.24 02:38:36.927,0.95049,0.95063,1.00,0.91
2010.09.24 02:38:37.060,0.95051,0.95063,0.46,0.51
2010.09.24 02:38:37.782,0.95049,0.95063,1.10,2.40
2010.09.24 02:38:38.106,0.95051,0.95063,2.00,1.40
2010.09.24 02:38:38.358,0.95048,0.95063,0.93,0.58
2010.09.24 02:38:38.538,0.95051,0.95063,0.62,1.10
2010.09.24 02:38:38.861,0.95047,0.95063,2.30,1.60
2010.09.24 02:38:39.067,0.9505,0.95063,0.93,1.40
2010.09.24 02:38:39.556,0.95053,0.95063,1.70,0.88
2010.09.24 02:38:39.988,0.95054,0.95067,0.65,0.90
2010.09.24 02:38:41.156,0.95052,0.95068,0.65,0.66
2010.09.24 02:38:41.528,0.95051,0.95063,1.10,0.97
2010.09.24 02:38:41.707,0.95049,0.95063,3.90,0.93
2010.09.24 02:38:43.645,0.95051,0.95063,1.20,1.20
2010.09.24 02:38:44.217,0.95047,0.95063,0.97,0.62
2010.09.24 02:38:44.355,0.95046,0.95053,1.30,1.60
2010.09.24 02:38:44.877,0.95042,0.95053,0.93,1.00
2010.09.24 02:38:45.251,0.95044,0.95053,1.20,1.00
2010.09.24 02:38:47.112,0.95046,0.95058,2.30,0.73
2010.09.24 02:38:47.956,0.95047,0.95058,1.20,1.50
2010.09.24 02:38:48.409,0.95049,0.95059,1.20,1.20
2010.09.24 02:38:48.908,0.9505,0.95061,1.10,0.90
2010.09.24 02:39:05.057,0.95049,0.95059,2.00,1.30
2010.09.24 02:39:05.475,0.95047,0.95058,1.70,1.60
2010.09.24 02:39:05.653,0.95042,0.95053,0.90,1.20
2010.09.24 02:39:05.818,0.95041,0.95052,1.30,1.30
2010.09.24 02:39:06.046,0.95042,0.95052,1.00,1.50
2010.09.24 02:39:06.411,0.95041,0.95051,0.77,1.10
2010.09.24 02:39:06.655,0.95042,0.95051,3.50,2.50
2010.09.24 02:39:06.905,0.95041,0.95051,0.91,0.70
2010.09.24 02:39:07.332,0.95042,0.95052,0.48,0.86
2010.09.24 02:39:33.811,0.95044,0.95054,1.50,1.40
2010.09.24 02:39:42.289,0.95043,0.95053,1.80,0.72
2010.09.24 02:39:42.959,0.95044,0.95054,1.50,1.10
2010.09.24 02:39:53.904,0.95043,0.95053,1.60,1.50
2010.09.24 02:39:54.081,0.95048,0.95053,1.60,0.78
2010.09.24 02:40:10.920,0.95051,0.95063,0.97,0.89
2010.09.24 02:40:12.190,0.95048,0.95063,1.30,1.10
2010.09.24 02:40:12.255,0.95047,0.95059,2.00,1.60
2010.09.24 02:40:12.680,0.95044,0.95053,2.30,1.80
2010.09.24 02:40:12.836,0.95041,0.95053,1.80,1.10
2010.09.24 02:40:13.153,0.95042,0.95053,1.60,3.10
2010.09.24 02:40:33.415,0.95045,0.95058,2.10,1.50
2010.09.24 02:40:34.019,0.95043,0.95058,1.10,1.00
2010.09.24 02:40:34.528,0.95042,0.95058,1.10,1.50
2010.09.24 02:40:48.104,0.95046,0.95058,1.30,1.20
2010.09.24 02:40:48.579,0.95047,0.95058,0.54,1.50
2010.09.24 02:41:11.040,0.95048,0.95063,1.80,0.65
2010.09.24 02:41:11.796,0.95052,0.95063,1.70,0.99
2010.09.24 02:41:13.168,0.95057,0.95068,1.30,1.20
2010.09.24 02:41:13.288,0.95056,0.95068,2.20,0.98
2010.09.24 02:41:13.541,0.95052,0.95068,0.88,0.99
2010.09.24 02:41:13.823,0.95053,0.95068,1.50,0.95
2010.09.24 02:41:16.158,0.95055,0.95068,0.83,1.30
2010.09.24 02:41:16.238,0.95057,0.95068,0.72,2.50
2010.09.24 02:41:16.468,0.95056,0.95068,1.80,0.49
2010.09.24 02:41:16.648,0.95055,0.95068,0.63,1.10
2010.09.24 02:41:16.880,0.95052,0.95068,0.59,1.70
2010.09.24 02:41:20.117,0.95054,0.95068,0.67,0.92
2010.09.24 02:41:20.322,0.95056,0.95068,1.40,0.75
2010.09.24 02:41:20.480,0.95057,0.95068,2.10,1.60
2010.09.24 02:41:20.557,0.95056,0.95068,1.10,0.76
2010.09.24 02:41:20.749,0.95054,0.95068,2.40,1.10
2010.09.24 02:41:20.867,0.95052,0.95068,1.80,1.50
2010.09.24 02:41:26.233,0.95056,0.95068,3.60,0.69
2010.09.24 02:41:26.873,0.95057,0.95068,0.83,0.93
2010.09.24 02:41:33.731,0.95053,0.95068,0.62,1.30
2010.09.24 02:41:35.149,0.95052,0.95068,2.00,1.30
2010.09.24 02:42:16.091,0.9505,0.95071,0.69,0.85
2010.09.24 02:42:30.061,0.95051,0.95071,1.70,1.30
2010.09.24 02:42:33.033,0.9505,0.9507,2.40,0.88
2010.09.24 02:42:33.207,0.95049,0.95068,1.70,1.30
2010.09.24 02:42:33.316,0.95048,0.95063,0.82,1.60
2010.09.24 02:42:33.509,0.95047,0.9506,1.20,0.77
2010.09.24 02:42:33.604,0.95046,0.95054,2.10,1.20
2010.09.24 02:42:33.732,0.95044,0.95054,1.30,0.69
2010.09.24 02:42:33.899,0.95042,0.95054,2.20,0.89
2010.09.24 02:42:34.017,0.95041,0.95053,0.85,2.30
2010.09.24 02:42:34.629,0.95037,0.95053,0.83,1.60
2010.09.24 02:42:35.201,0.95039,0.95053,1.10,1.50
2010.09.24 02:42:35.783,0.95037,0.95053,0.55,1.40
2010.09.24 02:42:41.371,0.95039,0.95053,0.95,1.30
2010.09.24 02:42:52.155,0.95042,0.95053,0.49,0.91
2010.09.24 02:42:52.306,0.95043,0.95054,1.50,0.72
2010.09.24 02:42:52.466,0.95044,0.95056,0.41,0.66
2010.09.24 02:42:52.591,0.95045,0.95056,0.78,1.30
2010.09.24 02:42:52.720,0.95043,0.95056,1.10,0.70
2010.09.24 02:42:52.917,0.95045,0.95056,2.10,1.90
2010.09.24 02:42:53.161,0.95046,0.95058,2.20,1.10
2010.09.24 02:43:03.449,0.95047,0.95058,0.54,0.93
2010.09.24 02:43:17.368,0.95048,0.95058,0.84,0.64
2010.09.24 02:43:17.827,0.95051,0.95058,1.50,1.30
2010.09.24 02:43:22.310,0.95048,0.95062,1.70,1.40
2010.09.24 02:43:22.846,0.95047,0.95058,2.20,1.30
2010.09.24 02:43:34.322,0.95046,0.95057,0.87,1.30
2010.09.24 02:43:34.976,0.95044,0.95057,0.75,1.40
2010.09.24 02:43:41.022,0.95042,0.95053,2.00,1.70
2010.09.24 02:43:41.581,0.95041,0.95053,3.40,0.51
2010.09.24 02:43:43.238,0.95037,0.95052,1.60,0.63
2010.09.24 02:43:43.647,0.95036,0.95048,0.69,1.10
2010.09.24 02:43:44.111,0.95035,0.95047,1.50,1.10
2010.09.24 02:43:44.274,0.95032,0.95047,0.59,2.40
2010.09.24 02:43:44.463,0.95031,0.95043,0.61,1.20
2010.09.24 02:43:44.653,0.95032,0.95043,0.82,2.00
2010.09.24 02:43:44.803,0.95036,0.95043,1.10,1.20
2010.09.24 02:43:45.068,0.95033,0.95043,0.80,1.10
2010.09.24 02:43:45.473,0.95031,0.95043,1.80,1.10
2010.09.24 02:43:45.667,0.95032,0.95043,0.84,1.30
2010.09.24 02:43:45.936,0.95036,0.95043,1.50,1.20
2010.09.24 02:43:53.073,0.95035,0.95048,1.00,2.00
2010.09.24 02:44:01.043,0.95033,0.95043,0.98,0.97
2010.09.24 02:44:02.818,0.95035,0.95046,2.10,1.40
2010.09.24 02:44:03.321,0.95033,0.95043,0.85,1.30
2010.09.24 02:44:03.889,0.95029,0.95043,1.00,1.60
2010.09.24 02:44:04.483,0.95027,0.95038,0.76,0.96
2010.09.24 02:44:04.887,0.95026,0.95038,1.60,0.98
2010.09.24 02:44:05.078,0.95024,0.95038,1.30,1.60
2010.09.24 02:44:05.651,0.95022,0.95038,0.70,1.40
2010.09.24 02:44:05.973,0.95023,0.95038,2.00,1.20
2010.09.24 02:44:08.914,0.95022,0.95038,0.66,1.00
2010.09.24 02:44:11.069,0.95019,0.95033,2.60,1.50
2010.09.24 02:44:11.369,0.95018,0.95033,2.20,2.00
2010.09.24 02:44:11.676,0.95025,0.95033,0.85,0.72
2010.09.24 02:44:12.042,0.95023,0.95033,2.20,1.00
2010.09.24 02:44:12.298,0.95022,0.95033,1.10,1.40
2010.09.24 02:44:12.402,0.95021,0.95033,1.10,0.80
2010.09.24 02:44:12.768,0.95028,0.95033,2.10,1.20
2010.09.24 02:44:12.961,0.95031,0.95033,0.84,1.00
2010.09.24 02:44:15.286,0.95033,0.95043,0.92,0.92
2010.09.24 02:44:15.796,0.95036,0.95043,1.40,0.73
2010.09.24 02:44:22.455,0.95038,0.95048,0.61,0.74
2010.09.24 02:44:23.114,0.95039,0.95048,1.20,1.40
2010.09.24 02:44:23.239,0.9504,0.95049,1.60,1.30
2010.09.24 02:44:23.370,0.95041,0.95049,0.74,1.60
2010.09.24 02:44:23.477,0.95042,0.95049,0.26,1.30
2010.09.24 02:44:23.689,0.95044,0.95053,0.85,0.67
2010.09.24 02:44:23.739,0.95046,0.95053,0.64,1.10
2010.09.24 02:44:23.965,0.95048,0.95056,1.30,2.40
2010.09.24 02:44:24.014,0.95049,0.95058,1.30,1.20
2010.09.24 02:44:24.186,0.95053,0.95058,0.74,1.70
2010.09.24 02:44:24.454,0.95056,0.9506,0.91,2.40
2010.09.24 02:44:24.532,0.95057,0.95065,1.50,1.40
2010.09.24 02:44:24.700,0.95059,0.95068,1.10,1.80
2010.09.24 02:44:24.911,0.95061,0.95068,0.85,1.00
2010.09.24 02:44:25.051,0.95058,0.95067,0.99,3.40
2010.09.24 02:44:25.310,0.95057,0.95067,0.98,0.82
2010.09.24 02:44:25.404,0.95055,0.95063,1.40,1.60
2010.09.24 02:44:25.690,0.95056,0.95063,1.70,0.70
2010.09.24 02:44:25.920,0.95057,0.95068,1.80,1.10
2010.09.24 02:44:44.102,0.95056,0.95068,1.30,1.40
2010.09.24 02:44:44.392,0.95052,0.95067,2.40,1.10
2010.09.24 02:44:44.558,0.95051,0.95062,0.73,0.99
2010.09.24 02:44:44.733,0.95048,0.95058,1.60,0.91
2010.09.24 02:44:44.905,0.95046,0.95058,0.48,0.74
2010.09.24 02:44:45.267,0.95042,0.95057,1.30,0.83
2010.09.24 02:44:45.419,0.95043,0.95054,1.90,0.90
2010.09.24 02:44:45.703,0.95042,0.95054,1.40,1.60
2010.09.24 02:44:47.125,0.95043,0.95057,1.40,1.40
2010.09.24 02:44:47.909,0.95047,0.95057,1.40,0.92
2010.09.24 02:44:49.437,0.95046,0.95058,1.00,1.80
2010.09.24 02:44:49.780,0.95042,0.95058,0.93,1.70
2010.09.24 02:44:53.193,0.95041,0.95053,1.70,1.20
2010.09.24 02:44:53.825,0.95039,0.95053,1.90,1.40
2010.09.24 02:45:04.441,0.95042,0.95053,0.89,1.10
2010.09.24 02:45:18.230,0.95043,0.95058,1.70,0.78
2010.09.24 02:45:19.278,0.95047,0.95058,2.60,0.83
2010.09.24 02:45:19.576,0.95048,0.9506,1.80,0.78
2010.09.24 02:45:20.197,0.95053,0.95063,1.10,0.92
2010.09.24 02:45:20.444,0.95054,0.95063,3.10,1.30
2010.09.24 02:45:20.525,0.95057,0.95063,1.70,1.60
2010.09.24 02:45:20.992,0.95056,0.95068,1.10,1.30
2010.09.24 02:45:21.062,0.95053,0.95068,1.00,1.10
2010.09.24 02:45:21.779,0.95052,0.95068,1.30,1.40
2010.09.24 02:45:24.010,0.95051,0.95063,1.50,0.87
2010.09.24 02:45:24.797,0.95048,0.95063,3.10,0.30
2010.09.24 02:45:30.694,0.95047,0.95063,1.00,0.52
2010.09.24 02:45:42.349,0.95051,0.95063,2.30,0.96
2010.09.24 02:45:42.987,0.95049,0.95063,0.58,0.81
2010.09.24 02:45:49.110,0.95051,0.95063,1.90,1.30
2010.09.24 02:45:49.265,0.95048,0.95058,1.00,1.20
2010.09.24 02:45:49.364,0.95047,0.95058,1.20,0.82
2010.09.24 02:45:49.556,0.95046,0.95058,0.83,1.20
2010.09.24 02:45:49.686,0.95048,0.95058,1.20,0.67
2010.09.24 02:45:49.934,0.9505,0.95062,0.75,1.10
2010.09.24 02:45:50.307,0.95051,0.95063,0.93,1.70
2010.09.24 02:45:51.052,0.95047,0.95063,1.80,1.50
2010.09.24 02:45:51.256,0.95046,0.95058,0.64,2.10
2010.09.24 02:45:51.350,0.95045,0.95058,0.72,1.40
2010.09.24 02:45:51.616,0.95044,0.95058,2.20,1.10
2010.09.24 02:45:51.779,0.95046,0.95058,2.20,1.60
2010.09.24 02:45:51.976,0.95045,0.95057,0.72,1.80
2010.09.24 02:45:52.428,0.95042,0.95057,1.50,2.10
2010.09.24 02:45:52.795,0.95045,0.95057,2.40,1.20
2010.09.24 02:45:55.410,0.95042,0.95056,1.10,0.94
2010.09.24 02:45:55.595,0.95041,0.95053,1.30,1.20
2010.09.24 02:45:56.931,0.9504,0.95053,2.50,2.70
2010.09.24 02:45:57.326,0.95041,0.95053,1.50,1.90
2010.09.24 02:45:58.000,0.95042,0.95053,0.67,1.30
2010.09.24 02:45:58.342,0.95043,0.95054,0.72,0.78
2010.09.24 02:45:58.733,0.95044,0.95056,1.70,1.10
2010.09.24 02:45:58.939,0.95045,0.95056,0.98,1.80
2010.09.24 02:46:05.063,0.95046,0.95058,0.70,0.68
2010.09.24 02:46:16.922,0.95045,0.95056,0.97,0.93
2010.09.24 02:46:17.979,0.95046,0.95058,0.86,1.40
2010.09.24 02:46:20.020,0.95047,0.95058,1.70,0.93
2010.09.24 02:46:21.292,0.95046,0.95058,0.98,0.94
2010.09.24 02:46:24.761,0.95047,0.95058,1.50,0.71
2010.09.24 02:46:29.197,0.95048,0.9506,1.80,1.20
2010.09.24 02:46:29.685,0.95049,0.95063,0.72,1.00
2010.09.24 02:46:40.084,0.95052,0.95062,0.90,1.60
2010.09.24 02:46:40.609,0.95054,0.95067,2.10,0.97
2010.09.24 02:46:40.916,0.95057,0.95068,0.47,0.68
2010.09.24 02:46:42.718,0.95054,0.95068,1.10,1.40
2010.09.24 02:46:43.839,0.95057,0.95068,3.10,1.30
2010.09.24 02:46:47.287,0.95056,0.95068,2.10,1.80
2010.09.24 02:46:47.517,0.95057,0.95068,0.52,1.50
2010.09.24 02:46:52.693,0.95055,0.95068,1.30,1.20
2010.09.24 02:46:57.147,0.95052,0.95068,0.70,1.20
2010.09.24 02:46:57.371,0.95051,0.95063,1.50,1.20
2010.09.24 02:46:57.481,0.95049,0.95063,1.30,0.79
2010.09.24 02:46:57.780,0.95051,0.95063,1.10,1.40
2010.09.24 02:46:57.819,0.95049,0.95063,0.71,1.30
2010.09.24 02:46:58.841,0.95048,0.95058,0.76,1.60
2010.09.24 02:46:59.082,0.95045,0.95058,1.30,0.97
2010.09.24 02:46:59.480,0.95047,0.95058,1.70,1.60
2010.09.24 02:46:59.809,0.95049,0.95061,0.79,1.80
2010.09.24 02:47:01.382,0.9505,0.95063,2.40,0.99
2010.09.24 02:47:03.345,0.95051,0.95063,2.00,1.00
2010.09.24 02:47:03.979,0.95049,0.95063,2.20,1.50
2010.09.24 02:47:05.300,0.95051,0.95063,2.20,0.84
2010.09.24 02:47:05.977,0.9505,0.95063,0.92,1.10
2010.09.24 02:47:06.165,0.95051,0.95063,1.90,1.50
2010.09.24 02:47:07.097,0.95049,0.95063,1.30,1.40
2010.09.24 02:47:07.295,0.95051,0.95063,2.20,1.00
2010.09.24 02:47:07.352,0.95049,0.95063,0.51,1.90
2010.09.24 02:47:07.550,0.95051,0.95063,0.95,0.95
2010.09.24 02:47:07.771,0.95047,0.95063,1.10,1.50
2010.09.24 02:47:07.839,0.95051,0.95063,1.30,1.60
2010.09.24 02:47:08.317,0.95049,0.95063,2.10,1.40
2010.09.24 02:47:08.500,0.95051,0.95063,1.40,0.96
2010.09.24 02:47:08.739,0.95049,0.95063,1.90,1.20
2010.09.24 02:47:09.055,0.95051,0.95063,0.60,1.30
2010.09.24 02:47:09.206,0.95049,0.95063,0.85,0.87
2010.09.24 02:47:09.345,0.95051,0.95063,0.92,1.10
2010.09.24 02:47:09.421,0.95049,0.95063,1.30,1.10
2010.09.24 02:47:09.571,0.95051,0.95063,0.54,1.40
2010.09.24 02:47:09.674,0.95049,0.95063,1.10,0.69
2010.09.24 02:47:09.821,0.95051,0.95063,0.99,0.69
2010.09.24 02:47:09.979,0.95049,0.95063,2.20,1.00
2010.09.24 02:47:11.061,0.95054,0.95063,0.96,0.95
2010.09.24 02:47:11.182,0.95053,0.95063,2.00,1.20
2010.09.24 02:47:11.301,0.95054,0.95067,1.90,0.71
2010.09.24 02:47:11.397,0.95056,0.95067,1.20,0.99
2010.09.24 02:47:11.574,0.95053,0.95067,2.20,2.40
2010.09.24 02:47:11.697,0.95052,0.95063,1.80,1.30
2010.09.24 02:47:11.752,0.9505,0.95063,1.60,1.40
2010.09.24 02:47:11.995,0.95051,0.95063,1.40,1.40
2010.09.24 02:47:23.283,0.9505,0.95063,0.61,1.00
2010.09.24 02:47:24.123,0.95052,0.95063,0.62,1.80
2010.09.24 02:47:24.583,0.95053,0.95064,1.50,1.90
2010.09.24 02:47:28.290,0.95056,0.95067,1.40,0.73
2010.09.24 02:47:28.643,0.95057,0.95068,1.10,0.91
2010.09.24 02:47:28.933,0.95053,0.95068,1.20,0.75
2010.09.24 02:47:29.013,0.95057,0.95068,0.97,1.40
2010.09.24 02:47:29.186,0.95053,0.95068,1.20,1.10
2010.09.24 02:47:29.328,0.95057,0.95068,2.30,0.99
2010.09.24 02:47:29.338,0.95053,0.95068,1.20,1.40
2010.09.24 02:47:29.496,0.95057,0.95068,0.93,1.80
2010.09.24 02:47:29.555,0.95053,0.95068,1.40,1.10
2010.09.24 02:47:29.700,0.95057,0.95068,0.93,2.00
2010.09.24 02:47:29.816,0.95054,0.95068,1.80,0.80
2010.09.24 02:47:29.961,0.95057,0.95068,2.20,0.73
2010.09.24 02:47:30.030,0.95054,0.95068,1.50,1.20
2010.09.24 02:47:30.791,0.95057,0.95068,0.61,0.57
2010.09.24 02:48:00.074,0.95053,0.95068,0.81,0.96
2010.09.24 02:48:00.319,0.95057,0.95068,3.00,1.10
2010.09.24 02:48:00.454,0.95054,0.95068,1.20,1.60
2010.09.24 02:48:00.661,0.95057,0.95068,1.40,0.63
2010.09.24 02:48:00.710,0.95058,0.95068,0.92,0.85
2010.09.24 02:48:00.852,0.9506,0.95073,0.54,0.94
2010.09.24 02:48:01.321,0.95062,0.95073,0.57,2.10
2010.09.24 02:48:01.762,0.95059,0.95073,1.40,1.60
2010.09.24 02:48:09.734,0.95062,0.95073,1.40,0.82
2010.09.24 02:48:12.834,0.95059,0.95073,1.10,0.98
2010.09.24 02:48:17.223,0.95062,0.95073,0.74,0.96
2010.09.24 02:48:17.432,0.95058,0.95073,1.30,1.00
2010.09.24 02:48:17.515,0.95062,0.95073,1.70,1.20
2010.09.24 02:48:17.805,0.95059,0.95073,2.90,1.80
2010.09.24 02:48:24.927,0.95062,0.95073,0.95,0.59
2010.09.24 02:48:26.202,0.95059,0.95069,2.80,1.20
2010.09.24 02:48:26.404,0.95057,0.95063,0.57,1.30
2010.09.24 02:48:26.706,0.95062,0.95073,0.77,1.10
2010.09.24 02:48:26.925,0.95059,0.95068,1.70,2.10
2010.09.24 02:48:27.326,0.95057,0.95069,1.20,1.50
2010.09.24 02:48:40.162,0.95053,0.95067,2.70,1.90
2010.09.24 02:48:40.279,0.95052,0.95067,1.40,1.50
2010.09.24 02:48:40.448,0.95051,0.95063,1.30,1.40
2010.09.24 02:48:40.675,0.95054,0.95063,1.20,1.00
2010.09.24 02:48:40.923,0.95057,0.95068,2.60,2.70
2010.09.24 02:48:46.846,0.95054,0.95068,0.49,2.10
2010.09.24 02:48:50.035,0.95053,0.95065,0.69,2.00
2010.09.24 02:48:50.089,0.95052,0.95065,0.90,1.20
2010.09.24 02:48:50.196,0.95046,0.95053,0.78,1.00
2010.09.24 02:48:50.267,0.95043,0.95053,1.40,1.90
2010.09.24 02:48:50.367,0.95042,0.95053,1.60,1.10
2010.09.24 02:48:50.393,0.95041,0.95053,0.44,0.95
2010.09.24 02:48:50.462,0.95046,0.95053,0.93,0.71
2010.09.24 02:48:50.559,0.95047,0.95053,2.00,1.60
2010.09.24 02:48:50.638,0.95051,0.95062,1.50,0.80
2010.09.24 02:48:50.755,0.95053,0.95062,3.20,1.40
2010.09.24 02:48:50.773,0.95054,0.95064,1.90,1.20
2010.09.24 02:48:50.914,0.95053,0.95063,1.30,0.68
2010.09.24 02:48:50.931,0.95051,0.95063,1.40,1.50
2010.09.24 02:48:51.083,0.95054,0.95063,0.86,0.61
2010.09.24 02:48:51.150,0.95055,0.95066,0.85,0.87
2010.09.24 02:48:51.275,0.95054,0.95064,0.82,0.67
2010.09.24 02:48:51.384,0.95052,0.95064,1.10,0.99
2010.09.24 02:48:51.462,0.95054,0.95063,1.30,0.62
2010.09.24 02:48:51.624,0.95055,0.95066,2.00,1.20
2010.09.24 02:48:51.727,0.95054,0.95064,1.00,0.81
2010.09.24 02:48:51.883,0.95052,0.95064,1.10,1.40
2010.09.24 02:48:51.929,0.95051,0.95063,1.70,1.00
2010.09.24 02:48:52.010,0.95054,0.95063,1.00,0.91
2010.09.24 02:48:52.217,0.95055,0.95066,0.78,1.60
2010.09.24 02:48:52.387,0.95054,0.95064,2.80,1.10
2010.09.24 02:48:52.453,0.95052,0.95064,1.20,1.50
2010.09.24 02:48:52.685,0.95051,0.95063,0.89,0.73
2010.09.24 02:48:52.804,0.95054,0.95063,1.10,0.85
2010.09.24 02:48:52.943,0.95052,0.95064,1.90,1.30
2010.09.24 02:48:53.031,0.95054,0.95063,2.00,0.31
2010.09.24 02:48:53.219,0.95056,0.95065,0.78,1.40
2010.09.24 02:48:53.593,0.95055,0.95065,0.46,0.91
2010.09.24 02:48:53.645,0.95052,0.95065,1.60,0.52
2010.09.24 02:48:53.929,0.95051,0.95063,1.30,1.20
2010.09.24 02:48:55.093,0.95049,0.95058,1.70,1.20
2010.09.24 02:48:55.199,0.95048,0.95058,2.50,1.00
2010.09.24 02:48:55.361,0.95047,0.95058,0.75,1.10
2010.09.24 02:48:55.600,0.95048,0.95058,0.84,2.00
2010.09.24 02:48:55.683,0.95049,0.95059,0.67,1.40
2010.09.24 02:48:55.852,0.95051,0.95063,0.65,1.50
2010.09.24 02:48:56.246,0.95054,0.95063,1.10,1.50
2010.09.24 02:48:56.743,0.95055,0.95066,1.30,1.30
2010.09.24 02:48:57.338,0.95057,0.95068,1.30,0.93
2010.09.24 02:49:00.520,0.95056,0.95068,1.90,0.66
2010.09.24 02:49:06.593,0.95057,0.95068,1.40,0.91
2010.09.24 02:49:08.011,0.95053,0.95068,0.91,1.10
2010.09.24 02:49:08.241,0.95052,0.95063,1.20,2.20
2010.09.24 02:49:08.284,0.95051,0.95063,2.00,0.79
2010.09.24 02:49:08.445,0.95053,0.95063,2.00,1.00
2010.09.24 02:49:08.501,0.95054,0.95066,1.60,1.10
2010.09.24 02:49:08.637,0.95055,0.95068,1.20,0.79
2010.09.24 02:49:08.762,0.95057,0.95068,2.10,0.98
2010.09.24 02:49:08.974,0.95053,0.95068,1.40,1.80
2010.09.24 02:49:09.809,0.95056,0.95068,1.30,2.10
2010.09.24 02:49:21.332,0.95052,0.95068,0.85,0.91
2010.09.24 02:49:24.284,0.95051,0.95063,0.37,2.00
2010.09.24 02:49:24.893,0.9505,0.95063,0.84,1.60
2010.09.24 02:49:25.464,0.95052,0.95063,2.60,1.50
2010.09.24 02:49:58.676,0.95054,0.95068,1.20,2.10
2010.09.24 02:50:01.300,0.95052,0.95068,4.00,1.10
2010.09.24 02:50:07.973,0.95051,0.95071,1.80,1.10
2010.09.24 02:50:09.995,0.95054,0.95071,1.40,1.10
2010.09.24 02:50:12.152,0.95053,0.95063,1.60,0.93
2010.09.24 02:50:12.872,0.95051,0.95063,1.70,1.90
2010.09.24 02:50:13.210,0.95053,0.95063,1.20,1.20
2010.09.24 02:50:13.403,0.95057,0.95063,1.30,0.62
2010.09.24 02:50:13.701,0.95056,0.95068,0.81,1.60
2010.09.24 02:50:13.879,0.95054,0.95068,2.00,0.35
2010.09.24 02:50:14.131,0.95053,0.95063,1.00,0.86
2010.09.24 02:50:14.423,0.95051,0.95063,0.88,1.20
2010.09.24 02:50:14.553,0.95052,0.95063,0.41,1.10
2010.09.24 02:50:14.752,0.95054,0.95063,1.70,2.20
2010.09.24 02:50:16.025,0.95053,0.95063,1.10,1.70
2010.09.24 02:50:16.425,0.95052,0.95063,0.86,1.60
2010.09.24 02:50:16.693,0.95051,0.95063,0.99,0.85
2010.09.24 02:50:16.990,0.95054,0.95063,1.60,0.83
2010.09.24 02:50:19.047,0.95053,0.95065,1.90,1.30
2010.09.24 02:50:19.477,0.95052,0.95065,0.80,0.93
2010.09.24 02:50:19.527,0.95051,0.95063,1.10,0.76
2010.09.24 02:50:19.948,0.95049,0.95063,1.30,1.40
2010.09.24 02:50:20.047,0.95051,0.95063,1.70,1.20
2010.09.24 02:50:20.323,0.95053,0.95063,1.10,1.90
2010.09.24 02:50:20.670,0.95057,0.95063,0.55,0.82
2010.09.24 02:50:20.819,0.95059,0.95072,0.66,1.30
2010.09.24 02:50:21.106,0.95057,0.95068,0.99,2.60
2010.09.24 02:50:21.194,0.95056,0.95068,0.80,1.50
2010.09.24 02:50:21.337,0.95055,0.95068,0.54,0.86
2010.09.24 02:50:21.555,0.95057,0.95068,1.50,1.60
2010.09.24 02:50:21.781,0.95058,0.95069,2.00,0.74
2010.09.24 02:50:21.852,0.95059,0.95072,0.90,1.00
2010.09.24 02:50:22.183,0.95057,0.95068,1.30,0.69
2010.09.24 02:50:22.312,0.95056,0.95068,1.80,0.54
2010.09.24 02:50:22.438,0.95055,0.95068,2.90,0.98
2010.09.24 02:50:22.600,0.95054,0.95068,0.81,1.70
2010.09.24 02:50:22.874,0.95052,0.95068,3.20,1.80
2010.09.24 02:50:23.386,0.95051,0.95063,0.83,1.20
2010.09.24 02:50:23.757,0.95049,0.95063,0.76,0.97
2010.09.24 02:50:24.772,0.95047,0.95063,2.00,1.90
2010.09.24 02:50:30.371,0.95049,0.95063,2.10,1.20
2010.09.24 02:50:30.849,0.95052,0.95063,0.98,1.10
2010.09.24 02:50:36.139,0.95051,0.95063,1.00,1.70
2010.09.24 02:50:36.883,0.95049,0.95063,2.20,0.97
2010.09.24 02:50:42.037,0.95052,0.9506,0.51,1.20
2010.09.24 02:50:42.548,0.9505,0.9506,0.87,1.50
2010.09.24 02:50:42.800,0.95048,0.9506,0.45,1.30
2010.09.24 02:50:43.423,0.95047,0.9506,1.10,1.30
2010.09.24 02:50:50.260,0.95048,0.95061,1.00,1.20
2010.09.24 02:50:50.530,0.95051,0.95061,0.95,1.20
2010.09.24 02:50:50.907,0.95052,0.95061,1.20,1.80
2010.09.24 02:51:03.122,0.95055,0.95066,1.50,1.30
2010.09.24 02:51:21.145,0.95053,0.95066,1.60,1.50
2010.09.24 02:51:21.354,0.95052,0.95066,0.95,1.20
2010.09.24 02:51:21.689,0.95051,0.95063,1.00,2.10
2010.09.24 02:51:21.969,0.9505,0.95061,0.88,1.20
2010.09.24 02:51:44.107,0.95053,0.95063,1.20,1.30
2010.09.24 02:51:44.409,0.95054,0.95065,1.50,1.20
2010.09.24 02:51:44.825,0.95055,0.95066,1.20,0.96
2010.09.24 02:51:57.092,0.95053,0.95066,0.65,0.77
2010.09.24 02:51:57.113,0.95052,0.95066,2.00,1.70
2010.09.24 02:51:57.263,0.95051,0.95063,1.40,0.66
2010.09.24 02:51:57.354,0.95053,0.95063,1.90,1.20
2010.09.24 02:51:57.457,0.95054,0.95064,1.90,0.90
2010.09.24 02:51:57.589,0.95055,0.95066,2.80,1.40
2010.09.24 02:51:57.671,0.95056,0.95068,0.87,0.90
2010.09.24 02:51:57.803,0.95057,0.95068,1.10,0.98
2010.09.24 02:51:57.922,0.95056,0.95068,0.79,1.40
2010.09.24 02:51:58.097,0.95057,0.95068,1.50,0.73
2010.09.24 02:51:58.490,0.95056,0.95068,0.98,1.20
2010.09.24 02:51:58.734,0.95057,0.95068,0.45,1.20
2010.09.24 02:51:58.920,0.95056,0.95068,1.20,0.31
2010.09.24 02:52:03.057,0.95057,0.95068,0.74,0.89
2010.09.24 02:52:03.285,0.95056,0.95068,0.38,0.95
2010.09.24 02:52:03.396,0.95057,0.95068,1.10,1.40
2010.09.24 02:52:03.649,0.95056,0.95068,1.20,0.67
2010.09.24 02:52:03.759,0.95057,0.95068,0.39,0.79
2010.09.24 02:52:03.901,0.95056,0.95068,1.40,1.60
2010.09.24 02:52:05.005,0.95057,0.95068,0.45,1.60
2010.09.24 02:52:05.245,0.95061,0.95069,1.30,0.99
2010.09.24 02:52:05.398,0.95062,0.95072,1.50,1.20
2010.09.24 02:52:05.562,0.95063,0.95073,1.30,0.96
2010.09.24 02:52:05.759,0.95064,0.95076,1.30,1.20
2010.09.24 02:52:05.949,0.95066,0.95076,1.30,0.74
2010.09.24 02:52:06.093,0.95071,0.95078,0.92,1.40
2010.09.24 02:52:06.620,0.95073,0.95078,1.10,1.20
2010.09.24 02:52:06.735,0.95076,0.95088,1.10,1.80
2010.09.24 02:52:07.079,0.95079,0.95088,0.61,1.00
2010.09.24 02:52:07.350,0.95081,0.95093,0.66,0.71
2010.09.24 02:52:07.533,0.95079,0.9509,1.30,0.78
2010.09.24 02:52:07.780,0.95078,0.9509,0.79,1.20
2010.09.24 02:52:07.811,0.95079,0.9509,1.90,1.10
2010.09.24 02:52:10.059,0.95077,0.9509,0.60,1.50
2010.09.24 02:52:10.151,0.95076,0.95085,1.10,1.50
2010.09.24 02:52:10.259,0.95084,0.95088,0.94,0.98
2010.09.24 02:52:10.498,0.95085,0.95088,1.40,2.10
2010.09.24 02:52:10.542,0.95097,0.95094,1.20,0.60
2010.09.24 02:52:10.632,0.95085,0.95088,1.20,1.30
2010.09.24 02:52:10.758,0.95097,0.95095,2.10,1.50
2010.09.24 02:52:10.955,0.951,0.9511,2.10,0.65
2010.09.24 02:52:11.016,0.95098,0.95107,0.65,0.78
2010.09.24 02:52:11.185,0.95097,0.95107,1.10,2.10
2010.09.24 02:52:11.318,0.95094,0.95103,1.20,1.50
2010.09.24 02:52:11.526,0.95092,0.95103,1.80,1.40
2010.09.24 02:52:11.693,0.95087,0.95101,1.40,0.91
2010.09.24 02:52:11.837,0.95083,0.95092,2.60,0.75
2010.09.24 02:52:11.979,0.95081,0.9509,1.40,1.40
2010.09.24 02:52:12.038,0.95079,0.9509,0.57,1.00
2010.09.24 02:52:12.346,0.95076,0.9509,1.40,1.60
2010.09.24 02:52:12.705,0.95075,0.95085,2.10,1.00
2010.09.24 02:52:13.045,0.95072,0.95085,3.10,1.80
2010.09.24 02:52:13.164,0.95071,0.95083,1.90,0.83
2010.09.24 02:52:13.223,0.95074,0.95083,1.80,1.10
2010.09.24 02:52:13.294,0.95087,0.95084,0.57,1.00
2010.09.24 02:52:13.379,0.95088,0.95098,2.20,1.70
2010.09.24 02:52:13.482,0.95094,0.95102,1.70,0.98
2010.09.24 02:52:13.554,0.95096,0.95102,1.40,1.40
2010.09.24 02:52:13.608,0.95098,0.9511,1.40,0.94
2010.09.24 02:52:13.718,0.951,0.9511,1.20,1.30
2010.09.24 02:52:13.805,0.95103,0.95112,1.50,1.50
2010.09.24 02:52:13.892,0.95106,0.95114,0.71,1.40
2010.09.24 02:52:13.933,0.95108,0.9512,1.70,1.70
2010.09.24 02:52:14.128,0.95111,0.95122,1.10,0.75
2010.09.24 02:52:14.177,0.9511,0.9512,1.50,1.40
2010.09.24 02:52:14.361,0.95106,0.9512,0.80,1.10
2010.09.24 02:52:14.664,0.95103,0.95112,2.80,1.10
2010.09.24 02:52:14.696,0.95102,0.95112,2.40,0.92
2010.09.24 02:52:14.922,0.95101,0.95112,0.68,1.40
2010.09.24 02:52:15.001,0.951,0.95112,1.20,0.87
2010.09.24 02:52:15.308,0.95099,0.9511,1.40,1.10
2010.09.24 02:52:15.483,0.95097,0.95108,1.30,1.20
2010.09.24 02:52:15.626,0.95096,0.95108,1.20,0.73
2010.09.24 02:52:15.743,0.95094,0.95105,1.80,1.80
2010.09.24 02:52:15.932,0.95093,0.95105,1.20,1.10
2010.09.24 02:52:17.007,0.95095,0.95105,1.70,0.87
2010.09.24 02:52:18.051,0.95093,0.95103,3.00,0.70
2010.09.24 02:52:18.441,0.95091,0.95103,0.60,1.20
2010.09.24 02:52:18.825,0.9509,0.95101,0.58,1.80
2010.09.24 02:52:19.051,0.95089,0.95101,0.93,0.63
2010.09.24 02:52:19.254,0.95088,0.95101,1.20,0.72
2010.09.24 02:52:19.470,0.95087,0.95098,0.82,0.86
2010.09.24 02:52:19.641,0.95086,0.95098,0.83,1.70
2010.09.24 02:52:19.769,0.95085,0.95096,0.84,1.80
2010.09.24 02:52:19.902,0.95084,0.95096,0.96,1.80
2010.09.24 02:52:20.091,0.95086,0.95096,1.40,1.30
2010.09.24 02:52:20.514,0.95087,0.95096,1.90,1.50
2010.09.24 02:52:20.934,0.95088,0.95099,2.50,0.75
2010.09.24 02:52:23.161,0.95087,0.951,0.97,1.10
2010.09.24 02:52:23.551,0.95086,0.95098,1.40,1.10
2010.09.24 02:52:23.763,0.95085,0.95098,2.70,1.30
2010.09.24 02:52:26.299,0.95083,0.95098,1.40,1.10
2010.09.24 02:52:26.992,0.95081,0.95091,0.85,0.70
2010.09.24 02:52:27.533,0.95083,0.95093,0.77,0.92
2010.09.24 02:52:28.952,0.95085,0.95096,0.85,0.68
2010.09.24 02:52:36.054,0.95088,0.95098,2.30,2.10
2010.09.24 02:52:36.629,0.9509,0.95101,1.40,1.80
2010.09.24 02:52:36.915,0.95092,0.95101,2.70,1.50
2010.09.24 02:52:40.184,0.95097,0.95107,1.90,2.40
2010.09.24 02:52:41.303,0.95099,0.9511,0.95,1.60
2010.09.24 02:52:47.134,0.95097,0.95107,1.00,0.91
2010.09.24 02:52:47.576,0.951,0.95108,1.80,0.89
2010.09.24 02:52:48.033,0.95102,0.95112,0.40,2.30
2010.09.24 02:52:48.611,0.95106,0.95114,2.00,1.50
2010.09.24 02:52:48.885,0.95107,0.95118,1.70,0.95
2010.09.24 02:52:50.411,0.95104,0.95116,1.30,1.60
2010.09.24 02:52:50.954,0.95107,0.95118,1.40,1.90
2010.09.24 02:52:51.358,0.95105,0.95116,2.10,1.10
2010.09.24 02:52:51.509,0.95107,0.95118,1.30,1.30
2010.09.24 02:52:54.047,0.95105,0.95116,0.62,0.82
2010.09.24 02:52:54.392,0.95107,0.95118,1.70,0.83
2010.09.24 02:52:54.590,0.95105,0.95116,1.60,0.88
2010.09.24 02:52:54.941,0.95107,0.95118,1.60,1.20
2010.09.24 02:52:55.024,0.95102,0.95116,1.10,0.89
2010.09.24 02:52:55.315,0.95101,0.95108,1.70,1.50
2010.09.24 02:52:55.460,0.95099,0.95108,0.82,0.87
2010.09.24 02:52:55.704,0.95097,0.95108,1.20,1.60
2010.09.24 02:52:55.831,0.95096,0.95107,1.60,1.20
2010.09.24 02:52:56.493,0.95093,0.95106,0.96,0.73
2010.09.24 02:52:56.759,0.95092,0.95103,1.90,0.79
2010.09.24 02:52:58.547,0.95091,0.95102,1.50,0.77
2010.09.24 02:52:59.214,0.95092,0.95103,1.10,1.20
2010.09.24 02:52:59.562,0.95091,0.95102,2.10,1.50
2010.09.24 02:52:59.903,0.95092,0.95103,2.00,2.10
2010.09.24 02:53:00.183,0.95095,0.95104,0.98,0.97
2010.09.24 02:53:00.293,0.95099,0.95108,1.40,2.00
2010.09.24 02:53:00.412,0.951,0.95109,0.43,1.90
2010.09.24 02:53:00.765,0.95101,0.95109,1.10,0.78
2010.09.24 02:53:00.983,0.95102,0.9511,1.40,1.30
2010.09.24 02:53:03.177,0.951,0.95111,1.40,0.68
2010.09.24 02:53:05.207,0.95102,0.95111,2.90,1.50
2010.09.24 02:53:05.515,0.95101,0.95113,2.00,1.70
2010.09.24 02:53:06.434,0.95098,0.95111,0.84,0.92
2010.09.24 02:53:07.020,0.95097,0.95111,1.00,0.94
2010.09.24 02:53:08.888,0.95096,0.95108,0.68,1.90
2010.09.24 02:53:09.200,0.95094,0.95106,2.00,0.78
2010.09.24 02:53:09.561,0.95093,0.95106,0.75,0.98
2010.09.24 02:53:09.776,0.95092,0.95106,1.90,0.91
2010.09.24 02:53:11.242,0.95097,0.95107,1.40,1.60
2010.09.24 02:53:11.806,0.95101,0.9511,2.00,0.97
2010.09.24 02:53:12.296,0.95105,0.95113,2.20,0.84
2010.09.24 02:53:12.879,0.95106,0.95115,1.40,1.30
2010.09.24 02:53:15.627,0.95107,0.95118,2.80,1.20
2010.09.24 02:53:16.030,0.95105,0.95118,0.44,0.99
2010.09.24 02:53:16.490,0.95107,0.95118,4.20,2.00
2010.09.24 02:53:16.601,0.95105,0.95118,0.66,1.20
2010.09.24 02:53:16.837,0.95107,0.95118,2.10,0.97
2010.09.24 02:53:17.332,0.95105,0.95118,0.46,0.56
2010.09.24 02:53:17.652,0.95107,0.95118,1.40,1.00
2010.09.24 02:53:18.248,0.95104,0.95118,0.94,0.98
2010.09.24 02:53:18.751,0.95106,0.95118,1.20,1.60
2010.09.24 02:53:19.242,0.95104,0.95118,1.00,0.98
2010.09.24 02:53:19.469,0.95107,0.95118,0.64,0.69
2010.09.24 02:53:19.600,0.95104,0.95116,0.54,2.30
2010.09.24 02:53:19.769,0.95107,0.95118,1.20,0.66
2010.09.24 02:53:21.905,0.95104,0.95116,0.76,0.85
2010.09.24 02:53:22.022,0.95107,0.95118,1.20,1.40
2010.09.24 02:53:22.295,0.95104,0.95116,0.89,0.96
2010.09.24 02:53:22.449,0.95107,0.95118,1.40,0.94
2010.09.24 02:53:22.559,0.95104,0.95116,1.10,1.10
2010.09.24 02:53:22.668,0.95107,0.95118,1.70,2.40
2010.09.24 02:53:22.878,0.95104,0.95116,1.00,1.20
2010.09.24 02:53:23.991,0.95107,0.95118,1.00,1.10
2010.09.24 02:53:24.440,0.95106,0.95117,1.10,1.00
2010.09.24 02:53:25.612,0.95107,0.95118,0.69,1.10
2010.09.24 02:53:26.196,0.95105,0.95116,0.79,1.30
2010.09.24 02:53:26.468,0.95107,0.95118,1.40,0.87
2010.09.24 02:53:26.673,0.95106,0.95117,2.50,2.60
2010.09.24 02:53:27.241,0.95107,0.95118,1.20,1.30
2010.09.24 02:53:27.694,0.95104,0.95116,1.30,0.78
2010.09.24 02:53:28.010,0.95107,0.95118,0.55,1.60
2010.09.24 02:53:28.181,0.95104,0.95116,1.10,1.00
2010.09.24 02:53:28.362,0.95107,0.95118,0.95,1.50
2010.09.24 02:53:28.631,0.95104,0.95116,2.50,1.70
2010.09.24 02:53:28.734,0.95107,0.95118,1.10,0.59
2010.09.24 02:53:28.896,0.95104,0.95116,0.99,1.20
2010.09.24 02:53:29.001,0.95107,0.95118,2.40,2.30
2010.09.24 02:53:29.194,0.95106,0.95117,3.20,0.76
2010.09.24 02:53:29.401,0.95107,0.95118,1.30,0.81
2010.09.24 02:53:29.544,0.95104,0.95116,1.30,1.60
2010.09.24 02:53:29.676,0.95107,0.95118,1.30,0.53
2010.09.24 02:53:29.750,0.95104,0.95116,0.95,1.20
2010.09.24 02:53:29.905,0.95107,0.95118,1.50,1.70
2010.09.24 02:53:30.159,0.95104,0.95116,0.99,0.65
2010.09.24 02:53:30.238,0.95107,0.95118,0.71,1.10
2010.09.24 02:53:30.385,0.95106,0.95117,0.89,1.00
2010.09.24 02:53:30.575,0.95107,0.95118,1.20,1.20
2010.09.24 02:53:30.721,0.95104,0.95116,1.30,1.40
2010.09.24 02:53:30.872,0.95107,0.95118,2.00,0.75
2010.09.24 02:53:31.130,0.95104,0.95116,1.20,1.10
2010.09.24 02:53:31.257,0.95107,0.95118,1.30,0.72
2010.09.24 02:53:31.335,0.95106,0.95117,6.00,1.60
2010.09.24 02:53:31.653,0.95107,0.95118,1.60,0.75
2010.09.24 02:53:31.816,0.95106,0.95117,3.70,1.00
2010.09.24 02:53:31.875,0.95107,0.95118,1.20,1.90
2010.09.24 02:53:32.355,0.95104,0.95116,2.20,0.44
2010.09.24 02:53:32.943,0.95107,0.95118,1.90,1.30
2010.09.24 02:53:33.084,0.95104,0.95116,2.40,0.82
2010.09.24 02:53:33.236,0.95107,0.95118,0.63,1.00
2010.09.24 02:53:33.272,0.95104,0.95116,1.30,0.86
2010.09.24 02:53:33.381,0.95107,0.95118,1.20,1.90
2010.09.24 02:53:33.564,0.95104,0.95116,3.10,1.00
2010.09.24 02:53:33.669,0.95107,0.95118,0.97,1.80
2010.09.24 02:53:33.798,0.95104,0.95116,1.40,1.20
2010.09.24 02:53:33.988,0.95107,0.95118,1.50,1.90
2010.09.24 02:53:37.416,0.95105,0.95116,1.30,0.99
2010.09.24 02:53:42.074,0.95108,0.95118,1.00,1.20
2010.09.24 02:53:46.819,0.9511,0.9512,0.50,2.40
2010.09.24 02:53:47.763,0.95107,0.95119,2.20,2.20
2010.09.24 02:53:49.752,0.95109,0.9512,0.92,1.90
2010.09.24 02:53:50.208,0.95107,0.95121,1.20,1.50
2010.09.24 02:53:50.406,0.95109,0.95121,1.10,0.92
2010.09.24 02:53:50.612,0.95107,0.95121,0.76,0.81
2010.09.24 02:53:50.886,0.95111,0.95122,0.87,1.30
2010.09.24 02:53:52.126,0.95108,0.95121,1.10,0.93
2010.09.24 02:53:52.298,0.95116,0.95123,1.40,1.80
2010.09.24 02:53:52.349,0.95122,0.95123,0.71,1.00
2010.09.24 02:53:52.591,0.95121,0.95132,0.60,1.20
2010.09.24 02:53:52.785,0.95119,0.95131,1.50,0.96
2010.09.24 02:53:52.956,0.95122,0.95131,0.65,0.87
2010.09.24 02:54:01.043,0.95124,0.95136,3.00,1.10
2010.09.24 02:54:01.329,0.95125,0.95136,1.30,1.00
2010.09.24 02:54:01.734,0.95127,0.95137,1.30,0.73
2010.09.24 02:54:01.905,0.9513,0.95138,1.90,1.40
2010.09.24 02:54:03.087,0.95129,0.95139,0.67,1.10
2010.09.24 02:54:03.945,0.95128,0.95138,1.80,1.80
2010.09.24 02:54:04.777,0.95117,0.95131,1.80,1.10
2010.09.24 02:54:05.057,0.95119,0.95131,1.60,1.70
2010.09.24 02:54:05.496,0.9512,0.95131,0.71,2.70
2010.09.24 02:54:05.738,0.95127,0.95131,1.00,0.79
2010.09.24 02:54:06.038,0.95126,0.95133,0.70,1.70
2010.09.24 02:54:06.437,0.95124,0.95133,0.76,0.60
2010.09.24 02:54:06.588,0.95119,0.95131,3.40,1.20
2010.09.24 02:54:06.911,0.95122,0.95131,0.95,1.30
2010.09.24 02:54:07.298,0.95126,0.95136,2.00,2.30
2010.09.24 02:54:07.652,0.95127,0.95137,0.59,0.88
2010.09.24 02:54:07.903,0.9513,0.95138,2.00,0.83
2010.09.24 02:54:11.051,0.95129,0.95139,1.40,0.92
2010.09.24 02:54:11.252,0.95128,0.95138,0.85,2.20
2010.09.24 02:54:11.545,0.95127,0.95138,1.40,0.66
2010.09.24 02:54:11.900,0.95126,0.95137,1.20,0.92
2010.09.24 02:54:12.709,0.95122,0.95136,0.75,0.89
2010.09.24 02:54:14.042,0.95127,0.95136,1.50,1.20
2010.09.24 02:54:14.924,0.95124,0.95136,0.94,0.76
2010.09.24 02:54:15.094,0.9513,0.95136,0.49,1.10
2010.09.24 02:54:15.648,0.95132,0.95139,1.10,2.10
2010.09.24 02:54:15.790,0.95133,0.95144,1.30,1.00
2010.09.24 02:54:17.062,0.95132,0.95143,1.20,1.50
2010.09.24 02:54:17.355,0.95131,0.95142,1.90,1.10
2010.09.24 02:54:17.799,0.9513,0.95142,1.80,0.67
2010.09.24 02:54:19.205,0.95132,0.95142,1.20,2.20
2010.09.24 02:54:19.951,0.95134,0.95146,1.10,1.70
2010.09.24 02:54:20.074,0.95132,0.95146,0.60,2.10
2010.09.24 02:54:20.845,0.95131,0.95143,1.70,0.93
2010.09.24 02:54:21.275,0.9513,0.95143,1.30,1.00
2010.09.24 02:54:28.301,0.95132,0.95143,0.32,1.20
2010.09.24 02:54:30.287,0.95131,0.95143,0.78,1.80
2010.09.24 02:54:30.748,0.9513,0.95143,2.30,1.10
2010.09.24 02:54:33.316,0.95129,0.95143,0.87,1.80
2010.09.24 02:54:33.826,0.95132,0.95143,1.40,1.50
2010.09.24 02:54:36.363,0.95131,0.95143,1.10,1.40
2010.09.24 02:54:36.603,0.95129,0.95143,1.80,1.80
2010.09.24 02:54:37.525,0.95128,0.95143,1.20,0.72
2010.09.24 02:54:38.107,0.95134,0.95143,0.72,1.90
2010.09.24 02:54:38.230,0.95132,0.95138,1.40,0.44
2010.09.24 02:54:38.520,0.95128,0.95138,0.83,0.62
2010.09.24 02:54:38.626,0.95126,0.95138,1.30,2.00
2010.09.24 02:54:38.853,0.95124,0.95138,0.91,1.30
2010.09.24 02:54:39.277,0.95123,0.95138,1.00,0.93
2010.09.24 02:54:39.984,0.95124,0.95138,0.77,0.96
2010.09.24 02:54:40.143,0.95134,0.95138,0.95,1.90
2010.09.24 02:54:40.321,0.95143,0.95142,1.20,1.20
2010.09.24 02:54:40.382,0.95154,0.95152,1.20,2.00
2010.09.24 02:54:40.557,0.95147,0.95155,1.20,1.70
2010.09.24 02:54:40.792,0.95144,0.95158,0.84,2.40
2010.09.24 02:54:40.990,0.95147,0.95158,0.97,1.90
2010.09.24 02:54:41.124,0.95152,0.95162,2.80,2.00
2010.09.24 02:54:41.254,0.95157,0.95162,0.63,1.10
2010.09.24 02:54:41.414,0.95154,0.95167,2.00,0.91
2010.09.24 02:54:41.662,0.95157,0.95167,0.78,1.70
2010.09.24 02:54:41.739,0.95154,0.95166,1.30,1.20
2010.09.24 02:54:41.956,0.95152,0.95166,1.60,0.87
2010.09.24 02:54:42.030,0.95154,0.95168,1.20,2.20
2010.09.24 02:54:42.205,0.95157,0.95166,0.55,1.40
2010.09.24 02:54:42.275,0.95154,0.95166,1.40,1.70
2010.09.24 02:54:42.388,0.95152,0.95167,1.40,1.60
2010.09.24 02:54:42.525,0.95154,0.95167,1.40,0.95
2010.09.24 02:54:42.645,0.95157,0.95166,1.70,1.80
2010.09.24 02:54:42.759,0.95154,0.95168,1.40,1.20
2010.09.24 02:54:42.904,0.95152,0.95168,1.30,1.10
2010.09.24 02:54:43.075,0.95154,0.95168,1.40,1.50
2010.09.24 02:54:43.247,0.95157,0.95168,2.90,1.50
2010.09.24 02:54:43.326,0.95154,0.95168,1.70,1.80
2010.09.24 02:54:43.497,0.95152,0.95168,0.59,0.69
2010.09.24 02:54:43.616,0.95154,0.95168,1.30,0.98
2010.09.24 02:54:43.658,0.95157,0.95168,1.90,1.30
2010.09.24 02:54:43.846,0.95154,0.95166,1.10,1.10
2010.09.24 02:54:43.925,0.95152,0.95168,1.50,1.60
2010.09.24 02:54:44.103,0.95154,0.95168,2.50,1.40
2010.09.24 02:54:44.281,0.95157,0.95168,1.50,1.40
2010.09.24 02:54:44.431,0.95154,0.95168,1.70,1.30
2010.09.24 02:54:44.629,0.95152,0.95168,0.84,1.20
2010.09.24 02:54:44.800,0.95147,0.95163,0.87,1.10
2010.09.24 02:54:44.976,0.95146,0.95158,0.95,0.84
2010.09.24 02:54:45.856,0.95145,0.95158,1.30,1.30
2010.09.24 02:54:53.227,0.95146,0.95158,0.55,0.62
2010.09.24 02:54:53.640,0.95147,0.95158,1.10,1.40
2010.09.24 02:54:53.890,0.9515,0.95158,0.79,1.30
2010.09.24 02:55:00.311,0.95149,0.95161,0.68,0.99
2010.09.24 02:55:00.757,0.95147,0.95161,1.10,1.30
2010.09.24 02:55:01.057,0.95146,0.95158,1.00,1.00
2010.09.24 02:55:01.626,0.95142,0.95158,1.40,1.20
2010.09.24 02:55:02.475,0.95139,0.95153,0.75,1.30
2010.09.24 02:55:02.500,0.95138,0.95153,0.88,1.30
2010.09.24 02:55:09.253,0.95137,0.95153,1.30,1.80
2010.09.24 02:55:09.730,0.95136,0.95148,1.70,1.50
2010.09.24 02:55:10.070,0.95132,0.95148,0.62,1.70
2010.09.24 02:55:10.191,0.95137,0.95148,1.10,1.60
2010.09.24 02:55:10.412,0.95136,0.95143,1.30,1.50
2010.09.24 02:55:10.543,0.95127,0.95143,2.00,0.53
2010.09.24 02:55:10.680,0.95132,0.95143,0.55,1.50
2010.09.24 02:55:10.744,0.95129,0.95143,0.95,0.91
2010.09.24 02:55:10.951,0.95127,0.95143,1.50,0.86
2010.09.24 02:55:13.065,0.95124,0.95138,0.59,0.85
2010.09.24 02:55:13.687,0.95122,0.95138,0.69,0.80
2010.09.24 02:55:29.433,0.95118,0.95133,2.10,1.00
2010.09.24 02:55:29.933,0.95122,0.95133,1.30,1.20
2010.09.24 02:55:33.472,0.95126,0.95138,4.00,1.30
2010.09.24 02:55:33.596,0.95127,0.95138,1.50,1.80
2010.09.24 02:55:34.162,0.95126,0.95138,0.92,1.20
2010.09.24 02:55:34.964,0.95123,0.95138,0.83,0.78
2010.09.24 02:55:35.063,0.95122,0.95138,2.40,0.54
2010.09.24 02:55:35.351,0.95126,0.95138,1.00,1.40
2010.09.24 02:55:35.546,0.95127,0.95138,1.10,0.73
2010.09.24 02:55:35.947,0.95126,0.95138,1.10,1.00
2010.09.24 02:55:36.514,0.95123,0.95138,0.67,1.60
2010.09.24 02:55:37.355,0.95126,0.95138,0.63,1.50
2010.09.24 02:55:37.716,0.95127,0.95138,1.30,0.82
2010.09.24 02:55:40.368,0.95128,0.95143,0.69,1.10
2010.09.24 02:55:40.592,0.95132,0.95143,1.40,1.80
2010.09.24 02:56:02.034,0.95129,0.95141,2.50,1.00
2010.09.24 02:56:02.809,0.95127,0.95141,0.49,1.40
2010.09.24 02:56:03.212,0.95124,0.95138,0.43,1.00
2010.09.24 02:56:03.735,0.95123,0.95138,1.20,0.96
2010.09.24 02:56:07.300,0.95127,0.95138,1.30,0.89
2010.09.24 02:56:07.411,0.95128,0.95143,1.70,1.30
2010.09.24 02:56:07.931,0.95132,0.95143,1.40,0.43
2010.09.24 02:56:18.933,0.95137,0.95146,1.40,0.95
2010.09.24 02:56:20.168,0.95139,0.95148,1.60,1.40
2010.09.24 02:56:20.200,0.95134,0.95148,0.85,1.40
2010.09.24 02:56:20.552,0.95137,0.95148,1.50,1.70
2010.09.24 02:56:20.653,0.95136,0.95148,1.90,0.95
2010.09.24 02:56:20.875,0.95134,0.95148,2.30,1.50
2010.09.24 02:56:23.854,0.95132,0.95146,3.30,2.90
2010.09.24 02:56:32.137,0.95128,0.95143,1.70,1.20
2010.09.24 02:56:33.029,0.95132,0.95143,1.00,1.50
2010.09.24 02:57:10.192,0.95128,0.95147,1.70,1.60
2010.09.24 02:57:13.175,0.95132,0.95147,1.20,1.30
2010.09.24 02:57:13.447,0.95129,0.95143,1.20,0.61
2010.09.24 02:57:13.987,0.95128,0.95143,1.00,1.00
2010.09.24 02:57:14.023,0.95127,0.95142,1.20,0.81
2010.09.24 02:57:23.495,0.95128,0.95142,2.20,1.20
2010.09.24 02:57:23.972,0.95132,0.95142,2.90,1.10
2010.09.24 02:57:40.491,0.95129,0.9514,2.20,0.96
2010.09.24 02:57:40.727,0.95127,0.9514,0.55,1.70
2010.09.24 02:58:07.778,0.95122,0.95138,1.00,4.40
2010.09.24 02:58:31.013,0.95119,0.95123,1.40,1.10
2010.09.24 02:58:31.169,0.95116,0.95123,2.00,1.50
2010.09.24 02:58:31.289,0.95115,0.95123,1.10,0.99
2010.09.24 02:58:31.471,0.95114,0.95123,1.20,1.50
2010.09.24 02:58:31.639,0.95112,0.95123,3.40,0.84
2010.09.24 02:58:31.791,0.95116,0.95123,1.60,1.10
2010.09.24 02:58:31.948,0.95117,0.95123,1.60,0.93
2010.09.24 02:58:32.397,0.95118,0.95133,0.96,1.60
2010.09.24 02:58:32.953,0.95122,0.95133,1.20,0.98
2010.09.24 02:59:04.355,0.95119,0.95138,1.30,1.00
2010.09.24 02:59:08.546,0.9512,0.9514,2.00,1.80
2010.09.24 02:59:09.913,0.95122,0.95138,2.70,1.20
2010.09.24 02:59:13.871,0.9512,0.9514,1.60,1.20
2010.09.24 02:59:17.281,0.95119,0.9514,1.40,1.40
2010.09.24 02:59:22.421,0.95118,0.95133,2.00,1.20
2010.09.24 02:59:27.231,0.95117,0.95127,1.80,1.10
2010.09.24 02:59:27.436,0.95116,0.95123,1.90,1.20
2010.09.24 02:59:27.597,0.9511,0.95123,0.57,1.20
2010.09.24 02:59:27.956,0.95112,0.95123,1.80,1.00
2010.09.24 02:59:30.292,0.95113,0.95126,0.99,1.10
2010.09.24 02:59:32.092,0.95114,0.95128,0.35,1.90
2010.09.24 02:59:32.331,0.95117,0.95128,0.82,0.91
2010.09.24 02:59:32.414,0.95113,0.95127,1.30,1.10
2010.09.24 02:59:32.700,0.95114,0.95128,0.60,0.77
2010.09.24 02:59:32.973,0.95117,0.95128,1.50,1.10
2010.09.24 02:59:33.282,0.95113,0.95127,1.80,0.98
2010.09.24 02:59:37.058,0.95116,0.95128,1.30,1.80
2010.09.24 02:59:37.474,0.95117,0.95128,1.10,2.00
2010.09.24 02:59:37.682,0.95122,0.95133,2.30,1.30
2010.09.24 02:59:42.149,0.95127,0.95138,1.40,1.40
2010.09.24 02:59:42.583,0.95124,0.95136,0.56,0.96
2010.09.24 02:59:42.910,0.95122,0.95136,1.20,0.88
