2012.08.16 21:00:00.091,1.0509,1.05121,1.50,0.75
2012.08.16 21:00:00.340,1.05092,1.05121,1.50,0.75
2012.08.16 21:00:03.299,1.0509,1.05121,0.75,0.75
2012.08.16 21:00:03.604,1.05088,1.05121,0.38,0.75
2012.08.16 21:00:43.689,1.05089,1.05126,0.75,1.88
2012.08.16 21:00:46.688,1.05088,1.05121,0.38,0.75
2012.08.16 21:01:10.224,1.05088,1.0511,1.47,1.16
2012.08.16 21:01:14.162,1.05088,1.05111,0.38,0.75
2012.08.16 21:01:14.591,1.0509,1.05114,0.75,1.16
2012.08.16 21:01:15.501,1.05091,1.05113,0.75,1.16
2012.08.16 21:01:15.557,1.05088,1.0511,1.47,0.75
2012.08.16 21:01:16.961,1.05098,1.0511,0.75,0.75
2012.08.16 21:01:17.275,1.05098,1.0512,0.75,1.91
2012.08.16 21:01:19.098,1.05088,1.0512,0.38,1.91
2012.08.16 21:01:36.503,1.0509,1.0512,0.75,1.16
2012.08.16 21:01:36.744,1.0509,1.05125,1.85,3.04
2012.08.16 21:01:37.492,1.0509,1.05122,1.10,0.75
2012.08.16 21:01:38.203,1.05088,1.05122,0.38,1.91
2012.08.16 21:01:52.016,1.05088,1.05118,0.38,0.75
2012.08.16 21:01:53.054,1.05088,1.05117,0.38,1.16
2012.08.16 21:02:05.342,1.05088,1.05118,0.38,1.16
2012.08.16 21:02:05.425,1.05088,1.05122,0.38,1.16
2012.08.16 21:02:06.611,1.05091,1.0512,0.23,0.23
2012.08.16 21:04:16.297,1.05092,1.05122,1.13,1.39
2012.08.16 21:04:37.757,1.05089,1.05121,2.45,1.73
2012.08.16 21:04:39.083,1.05089,1.05117,1.10,1.13
2012.08.16 21:04:42.604,1.05086,1.05113,1.10,1.13
2012.08.16 21:04:43.405,1.05086,1.05114,1.10,1.13
2012.08.16 21:04:48.109,1.05086,1.05115,1.10,1.13
2012.08.16 21:04:48.270,1.05086,1.0512,1.10,1.13
2012.08.16 21:04:48.778,1.05086,1.05121,1.10,1.13
2012.08.16 21:04:49.465,1.05085,1.05121,1.10,1.13
2012.08.16 21:05:01.040,1.05085,1.05117,1.10,1.13
2012.08.16 21:05:01.818,1.05085,1.05116,1.10,1.13
2012.08.16 21:05:03.269,1.05086,1.05116,1.10,1.13
2012.08.16 21:05:06.518,1.05086,1.05115,1.10,1.13
2012.08.16 21:05:07.063,1.05086,1.05114,1.10,1.13
2012.08.16 21:05:12.551,1.05086,1.05108,1.10,1.13
2012.08.16 21:05:12.827,1.05083,1.05108,1.10,1.13
2012.08.16 21:05:14.690,1.05083,1.0511,1.10,1.13
2012.08.16 21:05:18.541,1.05083,1.05112,1.10,1.13
2012.08.16 21:05:18.664,1.05083,1.05114,1.10,1.13
2012.08.16 21:05:18.777,1.05083,1.05116,1.10,1.13
2012.08.16 21:05:19.388,1.05084,1.05117,1.10,1.13
2012.08.16 21:05:20.058,1.05083,1.05117,1.10,1.88
2012.08.16 21:05:22.238,1.05083,1.05114,1.10,1.13
2012.08.16 21:05:22.374,1.05081,1.05116,1.10,1.88
2012.08.16 21:05:22.898,1.05082,1.05118,2.22,1.88
2012.08.16 21:05:22.959,1.05082,1.05118,2.22,1.88
2012.08.16 21:05:31.424,1.05082,1.05112,1.10,1.34
2012.08.16 21:05:31.809,1.05078,1.05107,1.10,1.88
2012.08.16 21:05:36.268,1.05078,1.05107,1.10,1.88
2012.08.16 21:05:36.437,1.05078,1.051,1.10,1.13
2012.08.16 21:05:36.552,1.05078,1.05105,1.10,1.88
2012.08.16 21:05:37.088,1.05078,1.05112,1.88,2.63
2012.08.16 21:05:39.239,1.05074,1.05106,1.88,1.88
2012.08.16 21:05:43.823,1.05076,1.05089,1.88,0.75
2012.08.16 21:05:44.157,1.05072,1.05088,1.10,2.10
2012.08.16 21:05:44.219,1.05054,1.05088,1.13,2.10
2012.08.16 21:05:44.388,1.05052,1.05086,1.13,2.10
2012.08.16 21:05:44.666,1.05057,1.05089,1.13,2.10
2012.08.16 21:05:45.148,1.0506,1.05092,1.13,2.10
2012.08.16 21:05:46.061,1.05059,1.05093,1.13,2.85
2012.08.16 21:05:49.435,1.05059,1.05093,1.13,2.85
2012.08.16 21:05:53.784,1.05057,1.05089,1.13,1.88
2012.08.16 21:05:54.047,1.0506,1.05092,1.13,1.50
2012.08.16 21:05:55.002,1.05058,1.05092,2.25,2.63
2012.08.16 21:06:00.910,1.05057,1.05089,2.25,1.88
2012.08.16 21:06:07.505,1.05058,1.05089,1.13,1.88
2012.08.16 21:06:07.565,1.0506,1.05092,1.13,2.63
2012.08.16 21:06:10.187,1.05058,1.05091,1.13,1.88
2012.08.16 21:06:10.758,1.05057,1.05091,1.13,1.88
2012.08.16 21:06:15.044,1.05057,1.05075,1.13,0.75
2012.08.16 21:06:15.348,1.05055,1.05083,1.13,2.10
2012.08.16 21:06:15.413,1.05051,1.05083,1.88,2.10
2012.08.16 21:06:31.066,1.05052,1.05082,1.13,1.73
2012.08.16 21:06:31.126,1.05054,1.05082,1.13,1.73
2012.08.16 21:06:33.290,1.05051,1.05085,1.13,2.69
2012.08.16 21:06:33.407,1.05049,1.05083,1.88,2.10
2012.08.16 21:06:33.524,1.0505,1.05083,1.50,2.10
2012.08.16 21:06:34.074,1.05056,1.05085,1.85,2.63
2012.08.16 21:06:35.756,1.05057,1.05086,1.85,1.50
2012.08.16 21:06:36.287,1.05059,1.05086,1.50,1.50
2012.08.16 21:06:45.378,1.05059,1.05085,1.50,1.50
2012.08.16 21:06:45.730,1.05059,1.05087,2.10,1.16
2012.08.16 21:06:45.845,1.0506,1.05093,1.32,1.88
2012.08.16 21:07:00.557,1.05065,1.05091,1.10,1.88
2012.08.16 21:07:00.913,1.0506,1.05091,1.10,1.88
2012.08.16 21:07:12.252,1.05062,1.05093,1.10,1.88
2012.08.16 21:07:15.392,1.05062,1.05093,1.10,1.88
2012.08.16 21:07:26.933,1.05061,1.05093,1.10,1.88
2012.08.16 21:07:31.013,1.05061,1.05093,1.10,1.88
2012.08.16 21:07:31.631,1.0506,1.05093,1.10,1.88
2012.08.16 21:07:31.966,1.05063,1.05093,1.10,1.88
2012.08.16 21:07:41.902,1.05062,1.05092,1.85,1.88
2012.08.16 21:07:42.490,1.05064,1.05092,1.10,1.88
2012.08.16 21:07:50.054,1.05063,1.05092,1.10,1.88
2012.08.16 21:07:50.578,1.05063,1.05092,1.10,1.88
2012.08.16 21:07:59.783,1.05063,1.05092,1.85,1.88
2012.08.16 21:08:01.059,1.05064,1.05092,1.10,1.88
2012.08.16 21:08:03.934,1.05064,1.05094,1.10,1.88
2012.08.16 21:08:04.765,1.0506,1.05092,2.10,1.88
2012.08.16 21:08:04.823,1.05062,1.05092,1.10,1.88
2012.08.16 21:08:07.616,1.05062,1.05092,1.10,1.13
2012.08.16 21:08:07.737,1.05062,1.05092,1.32,1.13
2012.08.16 21:08:07.797,1.05069,1.05095,1.35,1.13
2012.08.16 21:08:08.079,1.05075,1.05103,1.32,1.88
2012.08.16 21:08:12.165,1.05074,1.05102,1.28,1.88
2012.08.16 21:08:15.973,1.05074,1.05102,1.28,1.88
2012.08.16 21:08:22.692,1.05078,1.05102,1.32,1.88
2012.08.16 21:08:23.415,1.0508,1.05105,1.32,1.88
2012.08.16 21:08:26.001,1.05079,1.05105,1.32,1.88
2012.08.16 21:08:37.776,1.0508,1.05105,1.32,1.88
2012.08.16 21:08:38.022,1.0508,1.05101,1.10,1.88
2012.08.16 21:08:38.136,1.0508,1.05103,1.10,1.13
2012.08.16 21:08:38.427,1.05074,1.05105,1.10,1.88
2012.08.16 21:08:49.414,1.05076,1.05105,1.10,1.88
2012.08.16 21:08:49.748,1.05082,1.05108,1.13,1.16
2012.08.16 21:08:49.808,1.05082,1.0511,1.13,1.13
2012.08.16 21:08:49.868,1.05084,1.05114,1.13,1.50
2012.08.16 21:08:50.427,1.05082,1.05114,1.13,2.63
2012.08.16 21:08:51.063,1.05084,1.05114,1.13,1.50
2012.08.16 21:08:53.127,1.05083,1.05115,1.13,1.88
2012.08.16 21:08:53.657,1.05083,1.05115,1.20,1.88
2012.08.16 21:09:08.406,1.05083,1.05115,1.20,1.88
2012.08.16 21:09:43.619,1.0508,1.05114,1.20,1.88
2012.08.16 21:10:13.547,1.05077,1.05117,2.30,1.50
2012.08.16 21:10:14.146,1.05084,1.05116,1.10,1.50
2012.08.16 21:10:16.426,1.05083,1.05117,1.10,1.50
2012.08.16 21:10:19.405,1.05083,1.05117,1.10,1.50
2012.08.16 21:10:26.250,1.05082,1.05117,1.17,1.50
2012.08.16 21:10:35.958,1.05082,1.05114,2.22,1.88
2012.08.16 21:10:37.096,1.05082,1.0511,1.10,1.13
2012.08.16 21:10:38.973,1.05082,1.05113,1.10,1.88
2012.08.16 21:10:43.626,1.05082,1.05111,1.10,1.13
2012.08.16 21:10:44.945,1.05081,1.05111,1.10,1.13
2012.08.16 21:10:45.735,1.05083,1.05111,1.10,1.13
2012.08.16 21:10:57.717,1.05082,1.05111,1.10,1.13
2012.08.16 21:10:58.337,1.05082,1.05112,1.10,1.13
2012.08.16 21:11:00.351,1.05082,1.05114,2.22,3.00
2012.08.16 21:11:05.230,1.05082,1.05113,1.10,1.13
2012.08.16 21:11:05.996,1.05083,1.05113,1.10,1.13
2012.08.16 21:11:06.674,1.05082,1.05113,1.10,1.13
2012.08.16 21:11:07.549,1.05083,1.05113,1.10,1.13
2012.08.16 21:11:08.138,1.05082,1.05113,1.10,1.13
2012.08.16 21:11:36.000,1.05082,1.05112,1.10,1.13
2012.08.16 21:11:36.428,1.05086,1.05112,1.10,1.13
2012.08.16 21:11:37.087,1.05084,1.05114,1.10,1.88
2012.08.16 21:11:45.719,1.05084,1.05114,1.10,1.13
2012.08.16 21:11:46.061,1.05095,1.05123,1.10,1.16
2012.08.16 21:11:46.285,1.05095,1.05126,1.10,1.13
2012.08.16 21:11:46.344,1.05098,1.05128,1.88,1.88
2012.08.16 21:11:46.489,1.05098,1.05131,1.88,1.50
2012.08.16 21:11:47.047,1.05098,1.0513,1.10,1.88
2012.08.16 21:11:47.667,1.05097,1.0513,1.10,1.13
2012.08.16 21:11:48.175,1.05098,1.0513,1.10,1.88
2012.08.16 21:11:55.316,1.05097,1.0513,1.10,1.13
2012.08.16 21:11:55.820,1.05098,1.0513,1.10,1.88
2012.08.16 21:11:56.446,1.05097,1.0513,1.10,1.13
2012.08.16 21:12:05.523,1.05098,1.0513,1.10,1.88
2012.08.16 21:12:05.893,1.05097,1.05127,1.10,1.13
2012.08.16 21:12:23.686,1.05098,1.05127,1.10,1.13
2012.08.16 21:12:24.447,1.05097,1.05127,1.10,1.13
2012.08.16 21:12:25.785,1.05097,1.0513,1.10,1.13
2012.08.16 21:12:28.231,1.05098,1.0513,1.10,1.88
2012.08.16 21:12:28.798,1.05097,1.0513,1.10,1.13
2012.08.16 21:12:50.841,1.05097,1.05127,1.10,1.13
2012.08.16 21:12:50.953,1.05097,1.05129,2.22,2.25
2012.08.16 21:13:14.432,1.05097,1.05131,2.22,1.88
2012.08.16 21:13:14.652,1.05099,1.05131,1.10,1.88
2012.08.16 21:13:15.338,1.05098,1.05131,1.10,1.88
2012.08.16 21:13:38.772,1.05098,1.0513,3.35,1.13
2012.08.16 21:13:44.893,1.05099,1.0513,1.10,1.88
2012.08.16 21:13:48.016,1.05099,1.05128,1.10,1.13
2012.08.16 21:13:48.618,1.05099,1.05129,1.10,1.13
2012.08.16 21:14:25.618,1.05099,1.0513,1.10,1.88
2012.08.16 21:14:26.281,1.05103,1.05133,1.88,1.50
2012.08.16 21:14:26.615,1.05103,1.05135,1.88,1.88
2012.08.16 21:14:27.813,1.05102,1.05131,1.10,1.13
2012.08.16 21:14:29.016,1.05102,1.05133,1.10,1.88
2012.08.16 21:14:35.764,1.05102,1.05132,1.10,1.13
2012.08.16 21:14:36.301,1.05103,1.05133,1.10,1.88
2012.08.16 21:14:50.206,1.05103,1.05117,1.10,1.35
2012.08.16 21:14:50.324,1.05066,1.05096,1.50,1.50
2012.08.16 21:14:50.383,1.0506,1.05089,1.88,1.50
2012.08.16 21:14:50.723,1.05068,1.05088,1.10,1.13
2012.08.16 21:14:50.896,1.05059,1.05085,1.50,1.16
2012.08.16 21:14:51.813,1.05062,1.05084,1.85,1.16
2012.08.16 21:14:52.095,1.05064,1.05086,1.50,1.16
2012.08.16 21:14:55.014,1.05063,1.05087,1.85,1.16
2012.08.16 21:14:55.542,1.05064,1.05086,1.85,1.16
2012.08.16 21:14:57.639,1.05064,1.05086,2.60,1.16
2012.08.16 21:14:57.972,1.05073,1.05086,1.88,1.16
2012.08.16 21:14:58.037,1.05078,1.05105,1.88,1.16
2012.08.16 21:14:58.204,1.05087,1.0511,1.10,1.13
2012.08.16 21:14:58.584,1.05087,1.05108,1.10,1.13
2012.08.16 21:14:59.134,1.05086,1.05108,1.10,1.13
2012.08.16 21:14:59.361,1.05086,1.05114,1.10,2.29
2012.08.16 21:15:00.016,1.05092,1.05115,1.10,1.50
2012.08.16 21:15:04.139,1.05082,1.0509,1.88,0.75
2012.08.16 21:15:04.203,1.05082,1.05101,1.88,1.50
2012.08.16 21:15:04.575,1.0508,1.05094,1.13,2.47
2012.08.16 21:15:04.639,1.05067,1.05089,1.10,1.91
2012.08.16 21:15:04.759,1.05064,1.05086,1.10,1.16
2012.08.16 21:15:05.120,1.0506,1.05082,1.10,1.16
2012.08.16 21:15:05.353,1.05058,1.05082,1.10,1.16
2012.08.16 21:15:06.363,1.05059,1.05083,2.60,1.16
2012.08.16 21:15:06.703,1.05064,1.05082,1.73,1.16
2012.08.16 21:15:06.763,1.05074,1.05097,1.50,1.13
2012.08.16 21:15:06.878,1.05074,1.05101,1.50,2.29
2012.08.16 21:15:07.147,1.05085,1.05107,1.10,1.13
2012.08.16 21:15:07.468,1.05086,1.05104,1.10,1.13
2012.08.16 21:15:07.972,1.05086,1.05105,1.10,1.13
2012.08.16 21:15:08.510,1.05085,1.05106,1.10,1.13
2012.08.16 21:15:08.723,1.05085,1.05108,1.10,1.13
2012.08.16 21:15:08.783,1.05085,1.05112,1.10,1.88
2012.08.16 21:15:09.194,1.05085,1.05109,1.10,1.13
2012.08.16 21:15:09.804,1.05086,1.05109,1.10,1.13
2012.08.16 21:15:10.462,1.05086,1.05109,1.10,1.13
2012.08.16 21:15:10.818,1.05079,1.05089,1.50,0.75
2012.08.16 21:15:11.160,1.05071,1.05089,1.10,1.88
2012.08.16 21:15:11.391,1.05065,1.05089,1.10,3.04
2012.08.16 21:15:11.896,1.05067,1.05089,1.10,1.50
2012.08.16 21:15:12.546,1.05066,1.0509,1.10,1.50
2012.08.16 21:15:13.052,1.05068,1.05089,1.10,1.50
2012.08.16 21:15:13.607,1.05067,1.0509,1.10,1.50
2012.08.16 21:15:14.222,1.05068,1.05089,1.10,1.50
2012.08.16 21:15:15.351,1.05067,1.0509,1.10,1.50
2012.08.16 21:15:16.315,1.05068,1.05089,1.10,1.50
2012.08.16 21:15:16.654,1.05068,1.05087,1.10,1.13
2012.08.16 21:15:16.770,1.0506,1.05087,1.10,2.29
2012.08.16 21:15:16.886,1.0506,1.05086,1.10,1.50
2012.08.16 21:15:17.817,1.05055,1.05081,1.10,1.50
2012.08.16 21:15:19.108,1.05057,1.05082,1.50,1.16
2012.08.16 21:15:19.457,1.05072,1.05096,1.13,1.16
2012.08.16 21:15:19.800,1.05079,1.05085,1.10,1.34
2012.08.16 21:15:19.862,1.05079,1.05084,1.10,1.72
2012.08.16 21:15:19.928,1.0507,1.0508,1.10,1.34
2012.08.16 21:15:19.990,1.05059,1.05078,1.88,1.16
2012.08.16 21:15:20.215,1.05064,1.05084,1.50,1.13
2012.08.16 21:15:20.276,1.0507,1.05096,1.50,1.13
2012.08.16 21:15:20.391,1.05077,1.05108,1.13,1.16
2012.08.16 21:15:20.452,1.05077,1.05111,1.13,2.29
2012.08.16 21:15:20.512,1.05076,1.05106,1.13,1.13
2012.08.16 21:15:20.572,1.05074,1.05106,1.13,1.13
2012.08.16 21:15:20.688,1.05074,1.05106,1.88,1.13
2012.08.16 21:15:21.199,1.05077,1.05109,1.13,3.04
2012.08.16 21:15:21.552,1.05077,1.05108,2.22,1.91
2012.08.16 21:15:22.068,1.05077,1.05108,1.10,3.04
2012.08.16 21:15:22.713,1.05075,1.05108,1.10,1.88
2012.08.16 21:15:23.214,1.05076,1.05108,1.10,1.88
2012.08.16 21:15:23.833,1.05076,1.05108,1.10,2.63
2012.08.16 21:15:25.014,1.05076,1.05108,1.10,2.63
2012.08.16 21:15:25.552,1.05075,1.05108,1.10,1.88
2012.08.16 21:15:26.481,1.05076,1.05108,1.10,2.63
2012.08.16 21:15:27.275,1.05075,1.05108,1.10,1.88
2012.08.16 21:15:27.945,1.05076,1.05108,1.10,2.63
2012.08.16 21:15:28.470,1.05077,1.05107,1.10,1.34
2012.08.16 21:15:28.815,1.05077,1.05091,1.10,2.63
2012.08.16 21:15:28.990,1.05062,1.05088,1.13,1.50
2012.08.16 21:15:29.108,1.05063,1.05089,1.13,1.91
2012.08.16 21:15:29.675,1.05064,1.05088,1.13,1.50
2012.08.16 21:15:30.203,1.05063,1.0509,1.47,1.91
2012.08.16 21:15:32.886,1.05064,1.05088,1.10,1.50
2012.08.16 21:15:33.163,1.05061,1.05086,1.10,1.16
2012.08.16 21:15:33.835,1.05064,1.05086,2.22,1.16
2012.08.16 21:15:34.526,1.05065,1.05087,1.10,1.16
2012.08.16 21:15:34.870,1.05079,1.05087,1.50,1.16
2012.08.16 21:15:34.987,1.05086,1.05103,1.50,1.13
2012.08.16 21:15:35.047,1.05086,1.05108,2.25,1.13
2012.08.16 21:15:35.274,1.05091,1.05121,1.10,1.13
2012.08.16 21:15:35.500,1.05089,1.05121,1.10,1.13
2012.08.16 21:15:35.562,1.05089,1.05119,1.10,1.13
2012.08.16 21:15:36.084,1.0509,1.05119,1.10,1.13
2012.08.16 21:15:36.913,1.05089,1.05119,1.10,1.13
2012.08.16 21:15:39.117,1.05089,1.05104,1.10,1.34
2012.08.16 21:15:39.635,1.05088,1.05098,1.10,1.13
2012.08.16 21:15:39.926,1.05068,1.05094,1.10,1.16
2012.08.16 21:15:40.653,1.05068,1.05093,1.10,1.16
2012.08.16 21:15:46.191,1.05069,1.05092,1.10,1.16
2012.08.16 21:15:46.530,1.05066,1.05092,1.10,2.29
2012.08.16 21:15:47.066,1.05062,1.0509,1.10,1.88
2012.08.16 21:15:49.374,1.05063,1.0509,1.10,1.88
2012.08.16 21:15:52.316,1.05063,1.05089,1.10,1.50
2012.08.16 21:15:52.499,1.05061,1.05085,1.10,1.50
2012.08.16 21:15:52.900,1.0506,1.05084,1.10,1.50
2012.08.16 21:15:53.494,1.05059,1.05085,1.10,1.91
2012.08.16 21:15:54.116,1.0506,1.05084,1.10,1.91
2012.08.16 21:15:54.855,1.05059,1.05084,2.22,1.50
2012.08.16 21:15:55.538,1.05059,1.05084,2.22,1.50
2012.08.16 21:15:56.202,1.0506,1.05084,1.10,1.50
2012.08.16 21:15:57.024,1.05061,1.05084,1.10,1.50
2012.08.16 21:16:02.401,1.05059,1.05084,1.10,1.50
2012.08.16 21:16:03.245,1.05061,1.05084,1.10,1.50
2012.08.16 21:16:03.943,1.05061,1.05084,1.10,1.50
2012.08.16 21:16:05.051,1.05061,1.05084,1.10,1.50
2012.08.16 21:16:05.606,1.0506,1.05084,1.85,1.50
2012.08.16 21:16:05.669,1.05061,1.05084,1.10,1.50
2012.08.16 21:16:13.545,1.05061,1.05085,1.10,1.50
2012.08.16 21:16:14.203,1.05062,1.05085,1.10,1.50
2012.08.16 21:16:14.862,1.05061,1.05085,1.10,1.50
2012.08.16 21:16:15.753,1.05062,1.05084,1.10,1.50
2012.08.16 21:16:16.276,1.05061,1.05085,1.10,1.50
2012.08.16 21:16:17.660,1.05062,1.05086,1.10,2.25
2012.08.16 21:16:19.883,1.05061,1.05086,1.10,1.50
2012.08.16 21:16:20.593,1.05062,1.05085,1.10,1.50
2012.08.16 21:16:25.817,1.05063,1.05085,1.50,1.50
2012.08.16 21:16:28.863,1.05062,1.05085,1.10,1.50
2012.08.16 21:16:31.104,1.05061,1.05086,1.10,1.50
2012.08.16 21:16:31.815,1.05062,1.05084,1.10,1.50
2012.08.16 21:16:55.722,1.0506,1.05085,1.10,1.50
2012.08.16 21:17:00.478,1.0506,1.05086,1.10,1.50
2012.08.16 21:17:00.593,1.05061,1.05086,1.10,1.16
2012.08.16 21:17:00.820,1.05063,1.05091,1.10,1.88
2012.08.16 21:17:03.253,1.05064,1.05091,1.10,1.13
2012.08.16 21:17:03.768,1.05066,1.05092,2.22,1.16
2012.08.16 21:17:03.830,1.05068,1.05098,1.10,1.91
2012.08.16 21:17:04.452,1.0507,1.05097,1.10,1.16
2012.08.16 21:17:14.787,1.05069,1.05097,1.10,1.39
2012.08.16 21:17:19.546,1.05069,1.05097,1.10,1.16
2012.08.16 21:17:19.829,1.05072,1.05105,1.13,1.16
2012.08.16 21:17:20.055,1.05071,1.05103,1.13,1.13
2012.08.16 21:17:25.044,1.05071,1.05087,1.13,0.75
2012.08.16 21:17:25.282,1.05068,1.0509,1.88,2.63
2012.08.16 21:17:25.745,1.05061,1.05087,1.10,1.73
2012.08.16 21:17:26.375,1.05061,1.05086,1.10,1.39
2012.08.16 21:17:27.049,1.05062,1.05086,1.10,1.39
2012.08.16 21:17:34.626,1.05061,1.05086,1.10,1.39
2012.08.16 21:17:35.186,1.05061,1.05085,1.10,1.50
2012.08.16 21:17:43.440,1.05061,1.05085,1.10,1.50
2012.08.16 21:17:55.642,1.05061,1.05085,1.10,1.50
2012.08.16 21:17:55.949,1.0506,1.05085,1.10,1.50
2012.08.16 21:18:00.903,1.0506,1.05085,1.10,1.50
2012.08.16 21:18:01.630,1.0506,1.05085,1.10,1.50
2012.08.16 21:18:05.726,1.05061,1.05085,1.10,1.50
2012.08.16 21:18:14.571,1.05062,1.05086,1.10,2.89
2012.08.16 21:18:15.362,1.0506,1.05086,1.10,2.48
2012.08.16 21:18:15.908,1.05061,1.05085,1.10,1.50
2012.08.16 21:18:16.423,1.05061,1.05085,1.10,1.50
2012.08.16 21:18:17.036,1.05061,1.05086,1.10,1.73
2012.08.16 21:18:32.140,1.05061,1.05086,1.10,1.73
2012.08.16 21:18:52.858,1.05063,1.05086,1.10,2.48
2012.08.16 21:18:53.513,1.05063,1.05086,1.10,2.48
2012.08.16 21:18:53.968,1.05062,1.05086,1.10,1.73
2012.08.16 21:18:54.188,1.05063,1.05086,1.10,2.48
2012.08.16 21:18:54.831,1.05063,1.05086,1.10,2.48
2012.08.16 21:18:56.543,1.05063,1.05086,1.10,2.48
2012.08.16 21:18:57.077,1.05063,1.05086,1.10,2.48
2012.08.16 21:18:57.586,1.05062,1.05086,1.10,1.73
2012.08.16 21:19:12.217,1.05062,1.05087,1.10,2.89
2012.08.16 21:19:20.185,1.05063,1.05086,1.10,2.14
2012.08.16 21:19:29.125,1.05063,1.05086,1.10,2.14
2012.08.16 21:19:31.002,1.05063,1.05086,1.85,1.39
2012.08.16 21:19:31.063,1.05066,1.05086,1.13,1.39
2012.08.16 21:19:31.234,1.05068,1.05098,1.10,1.39
2012.08.16 21:19:32.040,1.05069,1.05098,1.10,1.39
2012.08.16 21:19:35.158,1.05068,1.05099,2.22,2.14
2012.08.16 21:19:35.729,1.05071,1.05098,1.10,1.39
2012.08.16 21:19:36.317,1.0507,1.05099,1.10,2.14
2012.08.16 21:19:36.865,1.05071,1.05098,1.10,1.39
2012.08.16 21:19:39.198,1.05072,1.05098,1.10,1.39
2012.08.16 21:19:39.714,1.05071,1.05099,1.10,2.14
2012.08.16 21:19:50.680,1.05072,1.05098,1.50,1.73
2012.08.16 21:20:09.956,1.05073,1.05098,1.50,1.39
2012.08.16 21:20:10.189,1.05073,1.05098,1.50,1.16
2012.08.16 21:20:10.252,1.05078,1.05101,1.05,1.13
2012.08.16 21:20:10.313,1.05078,1.05101,1.05,1.13
2012.08.16 21:20:10.434,1.05078,1.05107,1.05,1.50
2012.08.16 21:20:23.714,1.05082,1.05106,1.50,1.50
2012.08.16 21:20:23.832,1.05083,1.05106,1.50,1.50
2012.08.16 21:20:24.400,1.05084,1.05106,1.85,2.66
2012.08.16 21:20:25.222,1.05084,1.05106,1.85,2.66
2012.08.16 21:20:25.891,1.05084,1.05105,1.85,1.50
2012.08.16 21:20:26.540,1.05083,1.05104,1.50,1.50
2012.08.16 21:20:30.121,1.05083,1.05104,1.50,1.50
2012.08.16 21:20:30.182,1.05082,1.05098,1.85,1.50
2012.08.16 21:20:30.300,1.05082,1.05096,1.10,2.48
2012.08.16 21:20:30.529,1.05082,1.05095,1.85,2.85
2012.08.16 21:20:30.647,1.05075,1.05095,1.80,2.85
2012.08.16 21:20:36.767,1.05075,1.05092,1.80,1.50
2012.08.16 21:20:36.944,1.05075,1.05094,1.80,1.50
2012.08.16 21:20:37.884,1.05075,1.05094,1.80,1.50
2012.08.16 21:20:40.521,1.05077,1.05094,1.50,1.50
2012.08.16 21:20:41.281,1.05075,1.05094,1.50,1.50
2012.08.16 21:20:51.310,1.05084,1.05099,1.13,1.91
2012.08.16 21:20:51.430,1.05084,1.05099,1.88,1.91
2012.08.16 21:20:51.548,1.05084,1.05099,1.88,1.16
2012.08.16 21:20:51.886,1.05088,1.05111,1.50,1.50
2012.08.16 21:20:52.415,1.05088,1.05112,1.85,1.50
2012.08.16 21:20:58.385,1.0509,1.0511,1.50,2.63
2012.08.16 21:20:58.687,1.05091,1.05105,1.50,1.50
2012.08.16 21:20:59.552,1.05084,1.05105,1.50,1.50
2012.08.16 21:21:06.290,1.05084,1.05105,1.50,2.25
2012.08.16 21:21:16.144,1.05082,1.05105,1.50,2.66
2012.08.16 21:21:16.489,1.05086,1.05107,2.63,1.16
2012.08.16 21:21:16.551,1.05092,1.05113,1.50,1.50
2012.08.16 21:21:17.078,1.05092,1.05113,1.50,1.50
2012.08.16 21:21:22.051,1.05092,1.05113,1.85,1.50
2012.08.16 21:21:22.223,1.05092,1.05107,1.85,1.50
2012.08.16 21:21:22.565,1.05084,1.05105,1.50,1.50
2012.08.16 21:21:25.393,1.05085,1.05105,1.85,1.50
2012.08.16 21:21:31.411,1.05084,1.05105,1.85,2.25
2012.08.16 21:21:31.750,1.05082,1.05105,1.50,2.25
2012.08.16 21:21:50.561,1.05082,1.05099,1.10,1.50
2012.08.16 21:21:50.791,1.05082,1.05094,1.85,1.34
2012.08.16 21:21:51.139,1.05076,1.05097,1.80,1.50
2012.08.16 21:21:51.258,1.05076,1.05098,1.50,1.16
2012.08.16 21:21:51.333,1.05076,1.05098,1.50,1.16
2012.08.16 21:21:51.397,1.05079,1.05104,1.85,2.66
2012.08.16 21:21:51.934,1.0508,1.05104,1.50,2.66
2012.08.16 21:21:53.621,1.0508,1.05104,1.50,1.50
2012.08.16 21:21:53.684,1.0508,1.05094,1.50,1.34
2012.08.16 21:21:54.113,1.05075,1.05091,1.05,1.50
2012.08.16 21:21:54.246,1.05075,1.05091,1.05,2.25
2012.08.16 21:22:00.552,1.05075,1.05093,1.05,1.50
2012.08.16 21:22:01.268,1.05077,1.05093,1.88,1.50
2012.08.16 21:22:01.387,1.05077,1.05095,1.88,1.91
2012.08.16 21:22:07.957,1.05079,1.05101,1.50,1.91
2012.08.16 21:22:16.193,1.05079,1.051,1.50,1.50
2012.08.16 21:22:34.130,1.05079,1.05101,2.60,1.91
2012.08.16 21:22:34.366,1.05083,1.05102,1.88,1.50
2012.08.16 21:22:34.488,1.05086,1.05099,1.50,1.13
2012.08.16 21:22:34.606,1.05087,1.05102,1.50,1.88
2012.08.16 21:22:34.724,1.05085,1.051,1.10,1.88
2012.08.16 21:22:34.898,1.05076,1.05097,1.50,1.91
2012.08.16 21:22:35.120,1.05076,1.05097,1.50,1.91
2012.08.16 21:22:36.080,1.05074,1.05091,1.85,1.50
2012.08.16 21:22:36.142,1.05074,1.05089,1.85,1.50
2012.08.16 21:22:36.581,1.05082,1.05095,1.13,1.50
2012.08.16 21:22:36.654,1.05087,1.05109,1.50,2.25
2012.08.16 21:22:41.848,1.05087,1.05108,1.50,1.50
2012.08.16 21:22:41.966,1.05086,1.05107,1.50,1.50
2012.08.16 21:22:42.088,1.05084,1.05102,1.10,1.50
2012.08.16 21:22:42.214,1.05084,1.05102,1.10,1.50
2012.08.16 21:22:42.478,1.05079,1.05101,1.50,1.50
2012.08.16 21:22:44.280,1.05077,1.051,1.50,1.50
2012.08.16 21:22:58.321,1.05077,1.051,1.50,1.50
2012.08.16 21:22:58.469,1.05077,1.051,1.50,1.50
2012.08.16 21:22:58.975,1.05078,1.05102,1.50,2.66
2012.08.16 21:23:07.072,1.05081,1.05102,1.88,1.50
2012.08.16 21:23:07.192,1.05081,1.05104,2.63,1.16
2012.08.16 21:23:07.681,1.05089,1.05109,1.50,1.50
2012.08.16 21:23:08.419,1.05088,1.05109,1.50,1.50
2012.08.16 21:23:08.974,1.05089,1.0511,1.50,1.50
2012.08.16 21:23:10.282,1.05089,1.0511,1.50,1.50
2012.08.16 21:23:10.875,1.05088,1.05111,1.50,1.50
2012.08.16 21:23:11.560,1.05088,1.0511,1.50,1.50
2012.08.16 21:23:11.676,1.05088,1.05109,1.50,1.50
2012.08.16 21:23:12.230,1.05082,1.0511,1.50,2.25
2012.08.16 21:23:12.330,1.05082,1.0511,1.50,2.25
2012.08.16 21:23:13.550,1.05082,1.05109,1.85,2.25
2012.08.16 21:23:13.781,1.05083,1.05109,1.50,2.25
2012.08.16 21:23:17.188,1.05084,1.0511,1.50,1.50
2012.08.16 21:23:17.983,1.05085,1.05106,1.50,1.50
2012.08.16 21:23:18.340,1.05085,1.05102,1.50,1.50
2012.08.16 21:23:19.962,1.05079,1.05102,1.50,1.50
2012.08.16 21:23:28.573,1.05079,1.05101,1.50,1.91
2012.08.16 21:23:28.856,1.05079,1.05101,1.50,1.91
2012.08.16 21:23:43.469,1.05076,1.051,1.50,1.50
2012.08.16 21:23:44.014,1.05075,1.05099,1.50,1.50
2012.08.16 21:24:43.626,1.05075,1.05099,2.25,1.50
2012.08.16 21:24:43.958,1.05075,1.05099,1.50,1.50
2012.08.16 21:25:40.512,1.05076,1.05098,1.50,1.50
2012.08.16 21:25:41.388,1.05074,1.05099,1.50,1.50
2012.08.16 21:26:00.848,1.05076,1.05098,1.50,1.50
2012.08.16 21:26:01.185,1.05076,1.05098,1.50,1.50
2012.08.16 21:26:05.192,1.05075,1.05098,1.50,2.25
2012.08.16 21:26:15.957,1.05075,1.05097,2.25,1.50
2012.08.16 21:26:16.074,1.05075,1.05097,2.25,1.50
2012.08.16 21:26:34.067,1.05075,1.05098,1.50,1.50
2012.08.16 21:27:34.271,1.05074,1.051,1.50,1.16
2012.08.16 21:27:51.304,1.05073,1.05101,1.85,1.91
2012.08.16 21:27:51.909,1.05074,1.051,1.50,1.16
2012.08.16 21:27:53.939,1.05073,1.05098,1.85,1.50
2012.08.16 21:27:54.060,1.05074,1.05097,1.13,1.50
2012.08.16 21:27:54.612,1.05074,1.05095,1.85,2.25
2012.08.16 21:28:02.728,1.05074,1.05087,1.85,1.13
2012.08.16 21:28:02.790,1.05074,1.05087,1.85,1.13
2012.08.16 21:28:03.621,1.05074,1.05086,1.85,1.13
2012.08.16 21:28:04.623,1.05074,1.05086,1.85,1.13
2012.08.16 21:28:04.686,1.05074,1.05095,1.85,2.25
2012.08.16 21:28:08.928,1.05074,1.05095,1.85,2.25
2012.08.16 21:28:23.686,1.05074,1.05094,1.85,1.50
2012.08.16 21:28:23.804,1.05074,1.05094,1.85,1.50
2012.08.16 21:28:23.923,1.05074,1.05094,1.85,2.25
2012.08.16 21:28:27.164,1.05071,1.0509,1.85,1.50
2012.08.16 21:28:28.368,1.0507,1.0509,2.60,1.50
2012.08.16 21:28:33.417,1.0507,1.0509,2.60,1.50
2012.08.16 21:29:14.848,1.05071,1.05093,1.85,3.41
2012.08.16 21:29:16.127,1.05071,1.05093,1.85,3.41
2012.08.16 21:29:16.830,1.0507,1.05093,1.85,3.00
2012.08.16 21:29:18.772,1.05069,1.05091,1.50,1.91
2012.08.16 21:29:20.325,1.05071,1.05093,1.50,3.41
2012.08.16 21:29:24.967,1.05071,1.05093,1.50,3.41
2012.08.16 21:29:26.915,1.05071,1.05092,1.50,1.50
2012.08.16 21:29:27.289,1.05068,1.05091,1.85,1.50
2012.08.16 21:29:51.809,1.05071,1.05092,1.85,2.25
2012.08.16 21:29:52.104,1.05072,1.05095,1.85,1.88
2012.08.16 21:29:53.132,1.05074,1.05095,1.50,1.50
2012.08.16 21:29:55.280,1.05081,1.05096,1.50,1.50
2012.08.16 21:29:55.461,1.05081,1.05099,1.50,1.54
2012.08.16 21:29:55.587,1.05082,1.05101,1.10,2.25
2012.08.16 21:29:55.884,1.05074,1.05097,1.50,1.88
2012.08.16 21:30:00.152,1.05075,1.05097,1.88,1.50
2012.08.16 21:30:00.385,1.0508,1.05097,1.88,1.50
2012.08.16 21:30:00.954,1.0508,1.051,1.13,1.50
2012.08.16 21:30:01.143,1.05078,1.051,1.13,1.50
2012.08.16 21:30:02.211,1.05074,1.051,1.50,1.50
2012.08.16 21:30:05.178,1.05075,1.05099,1.50,1.50
2012.08.16 21:30:11.900,1.05074,1.05101,1.50,2.25
2012.08.16 21:30:12.256,1.05076,1.05092,1.85,2.25
2012.08.16 21:30:13.687,1.05074,1.05097,1.10,1.50
2012.08.16 21:30:13.809,1.05074,1.05097,1.85,1.50
2012.08.16 21:30:14.814,1.05077,1.05092,1.85,1.50
2012.08.16 21:30:15.125,1.05076,1.05092,1.85,1.50
2012.08.16 21:30:19.366,1.05077,1.05093,1.50,1.50
2012.08.16 21:30:20.907,1.05077,1.05093,1.50,1.50
2012.08.16 21:30:46.119,1.05075,1.05093,1.85,1.50
2012.08.16 21:30:46.242,1.05075,1.05092,1.85,3.75
2012.08.16 21:30:46.535,1.05075,1.05089,1.10,1.88
2012.08.16 21:30:46.598,1.0507,1.05089,1.85,1.88
2012.08.16 21:30:48.139,1.0507,1.05092,1.85,2.25
2012.08.16 21:30:48.317,1.0507,1.05085,1.85,1.50
2012.08.16 21:30:48.863,1.05071,1.05085,1.85,1.50
2012.08.16 21:30:56.249,1.0507,1.05086,1.85,1.50
2012.08.16 21:30:58.414,1.0507,1.05086,1.85,1.50
2012.08.16 21:31:04.228,1.05068,1.05084,1.85,1.50
2012.08.16 21:31:12.928,1.05068,1.05085,1.85,1.50
2012.08.16 21:31:14.694,1.05068,1.05091,1.85,1.50
2012.08.16 21:31:50.316,1.05068,1.05087,1.85,1.50
2012.08.16 21:31:50.444,1.05068,1.05085,1.85,1.50
2012.08.16 21:31:50.567,1.05066,1.05084,1.10,1.50
2012.08.16 21:31:51.135,1.05065,1.05082,1.10,1.88
2012.08.16 21:31:51.317,1.05059,1.05082,1.50,1.50
2012.08.16 21:31:52.127,1.0506,1.05082,1.10,1.50
2012.08.16 21:31:52.421,1.05061,1.05082,1.85,2.25
2012.08.16 21:31:55.333,1.05061,1.05079,1.85,1.50
2012.08.16 21:31:55.452,1.0506,1.05079,1.10,1.50
2012.08.16 21:31:55.632,1.0506,1.05074,1.10,1.50
2012.08.16 21:31:56.210,1.05057,1.05072,1.50,1.50
2012.08.16 21:31:57.182,1.05055,1.05078,1.85,2.25
2012.08.16 21:31:59.825,1.05058,1.05076,1.10,2.25
2012.08.16 21:31:59.946,1.05059,1.05075,1.85,1.50
2012.08.16 21:32:00.473,1.0506,1.05075,1.10,1.50
2012.08.16 21:32:01.751,1.05059,1.05075,1.10,1.50
2012.08.16 21:32:01.817,1.05062,1.05082,1.85,2.25
2012.08.16 21:32:01.880,1.05062,1.05082,2.22,1.50
2012.08.16 21:32:02.001,1.05062,1.05082,2.22,1.50
2012.08.16 21:32:02.368,1.05065,1.05082,1.85,1.50
2012.08.16 21:32:03.759,1.05063,1.05082,1.85,1.50
2012.08.16 21:32:04.755,1.05063,1.05082,1.85,1.50
2012.08.16 21:32:08.136,1.05063,1.05082,1.85,1.50
2012.08.16 21:32:08.369,1.05063,1.05082,1.50,1.50
2012.08.16 21:32:08.607,1.05064,1.05086,2.97,1.16
2012.08.16 21:32:09.133,1.05063,1.05089,1.85,1.50
2012.08.16 21:32:09.196,1.05063,1.05089,1.85,1.50
2012.08.16 21:32:09.926,1.05064,1.05089,2.22,1.91
2012.08.16 21:32:10.476,1.05068,1.05089,1.13,1.91
2012.08.16 21:32:10.832,1.0507,1.05091,1.50,1.91
2012.08.16 21:32:10.955,1.05072,1.05093,1.50,3.41
2012.08.16 21:32:13.335,1.05074,1.05093,1.50,2.25
2012.08.16 21:32:13.570,1.05074,1.05093,1.50,2.25
2012.08.16 21:32:13.692,1.05074,1.05093,1.50,2.25
2012.08.16 21:32:38.388,1.05074,1.05093,1.85,2.25
2012.08.16 21:33:09.564,1.05073,1.05093,1.85,1.50
2012.08.16 21:33:18.542,1.05073,1.05093,2.97,1.50
2012.08.16 21:33:18.670,1.05074,1.05093,1.88,1.50
2012.08.16 21:33:38.457,1.05075,1.05098,1.85,1.50
2012.08.16 21:33:39.297,1.05075,1.05099,1.85,3.25
2012.08.16 21:33:41.077,1.05077,1.05098,1.50,1.91
2012.08.16 21:34:13.808,1.05075,1.05097,1.88,1.91
2012.08.16 21:34:14.547,1.05075,1.05095,1.88,1.91
2012.08.16 21:34:59.754,1.05074,1.05095,1.50,1.91
2012.08.16 21:34:59.876,1.05075,1.05096,1.88,1.91
2012.08.16 21:35:55.584,1.05078,1.05102,1.85,2.25
2012.08.16 21:35:55.702,1.05078,1.05102,1.85,2.25
2012.08.16 21:36:50.736,1.0508,1.05102,1.50,1.91
2012.08.16 21:36:50.936,1.05079,1.05102,1.50,1.50
2012.08.16 21:37:45.941,1.0508,1.05102,1.50,2.66
2012.08.16 21:37:46.059,1.0508,1.05102,1.50,3.41
2012.08.16 21:37:47.830,1.0508,1.05102,1.50,3.41
2012.08.16 21:37:48.592,1.05079,1.05104,2.22,1.50
2012.08.16 21:37:52.650,1.05089,1.05103,1.50,1.50
2012.08.16 21:37:52.950,1.05101,1.05113,1.50,1.50
2012.08.16 21:37:53.015,1.05101,1.05113,2.63,1.13
2012.08.16 21:37:53.138,1.05105,1.05116,1.50,1.16
2012.08.16 21:37:53.203,1.05105,1.05122,1.50,1.50
2012.08.16 21:37:53.715,1.0511,1.05136,2.63,2.66
2012.08.16 21:38:01.039,1.05112,1.05137,1.50,1.50
2012.08.16 21:38:01.566,1.05112,1.05138,2.63,3.25
2012.08.16 21:38:01.985,1.05112,1.05137,2.63,1.53
2012.08.16 21:38:17.129,1.05112,1.05137,3.38,1.19
2012.08.16 21:38:17.472,1.05113,1.05137,1.50,1.16
2012.08.16 21:38:17.815,1.05113,1.05138,1.50,2.66
2012.08.16 21:38:21.613,1.05113,1.05139,1.50,1.91
2012.08.16 21:38:21.731,1.05113,1.05139,1.50,1.91
2012.08.16 21:38:21.907,1.05117,1.0514,1.50,1.16
2012.08.16 21:38:22.605,1.05119,1.0514,1.50,1.91
2012.08.16 21:38:24.867,1.05118,1.0514,1.50,1.91
2012.08.16 21:38:25.276,1.05119,1.05143,1.50,1.50
2012.08.16 21:38:36.217,1.05119,1.0514,1.50,1.13
2012.08.16 21:38:36.688,1.05116,1.0514,2.60,1.13
2012.08.16 21:38:38.126,1.05116,1.05143,2.60,1.50
2012.08.16 21:38:54.121,1.05117,1.05143,1.50,1.50
2012.08.16 21:38:55.413,1.05117,1.05143,1.50,1.50
2012.08.16 21:39:11.176,1.05115,1.05141,1.50,2.63
2012.08.16 21:39:12.802,1.05113,1.0514,2.25,1.91
2012.08.16 21:39:14.806,1.05113,1.0514,2.25,1.91
2012.08.16 21:39:34.527,1.05115,1.0514,1.88,1.50
2012.08.16 21:39:34.652,1.05115,1.05141,1.88,1.50
2012.08.16 21:39:34.947,1.05116,1.05144,1.50,1.91
2012.08.16 21:39:35.471,1.05116,1.05144,2.25,1.50
2012.08.16 21:39:35.648,1.05116,1.05144,1.50,1.50
2012.08.16 21:39:35.770,1.05116,1.05144,2.25,1.50
2012.08.16 21:39:38.187,1.05121,1.05145,1.50,1.50
2012.08.16 21:39:41.145,1.05123,1.05147,1.50,1.50
2012.08.16 21:39:41.501,1.05126,1.05149,1.50,1.50
2012.08.16 21:39:41.806,1.05127,1.0515,1.50,2.63
2012.08.16 21:39:42.343,1.05126,1.0515,2.25,1.88
2012.08.16 21:39:43.684,1.05127,1.05149,1.10,1.50
2012.08.16 21:39:43.807,1.05126,1.05145,2.25,1.50
2012.08.16 21:39:45.789,1.05124,1.05145,1.85,2.25
2012.08.16 21:39:51.495,1.05125,1.05145,1.85,1.50
2012.08.16 21:39:54.042,1.05125,1.05145,1.10,1.50
2012.08.16 21:39:54.164,1.05126,1.05145,1.50,1.50
2012.08.16 21:39:55.432,1.05123,1.05145,2.60,1.50
2012.08.16 21:40:01.284,1.05124,1.05145,1.85,1.50
2012.08.16 21:40:01.629,1.05124,1.05145,1.85,1.50
2012.08.16 21:40:39.173,1.05124,1.05143,1.85,1.50
2012.08.16 21:40:39.292,1.05124,1.05143,1.85,1.50
2012.08.16 21:40:42.663,1.05123,1.05142,1.10,1.50
2012.08.16 21:40:42.784,1.05123,1.05142,1.85,1.50
2012.08.16 21:40:45.569,1.05119,1.05142,2.25,2.66
2012.08.16 21:40:45.690,1.05121,1.05142,1.50,3.04
2012.08.16 21:40:46.221,1.05113,1.05138,2.60,2.25
2012.08.16 21:40:46.840,1.05113,1.05138,2.25,2.66
2012.08.16 21:40:48.752,1.05113,1.05138,2.25,1.91
2012.08.16 21:40:48.871,1.05113,1.05137,2.60,1.91
2012.08.16 21:41:41.301,1.05115,1.05137,1.50,1.50
2012.08.16 21:41:41.651,1.05114,1.05136,1.50,1.50
2012.08.16 21:41:44.285,1.05114,1.05138,1.50,1.16
2012.08.16 21:41:44.380,1.05114,1.05136,1.50,1.50
2012.08.16 21:42:01.519,1.05113,1.05137,2.25,1.50
2012.08.16 21:42:36.340,1.05113,1.05138,2.60,1.50
2012.08.16 21:42:36.455,1.05114,1.05138,1.50,1.50
2012.08.16 21:42:39.338,1.05113,1.05137,2.25,1.50
2012.08.16 21:42:39.840,1.05113,1.05138,1.50,1.50
2012.08.16 21:42:54.492,1.05114,1.05136,1.50,1.50
2012.08.16 21:43:31.593,1.05114,1.05136,1.50,1.50
2012.08.16 21:43:32.100,1.05114,1.05136,1.50,1.50
2012.08.16 21:43:34.537,1.05114,1.05136,1.50,1.50
2012.08.16 21:43:34.986,1.05114,1.05139,1.50,3.38
2012.08.16 21:43:35.105,1.05113,1.05139,2.25,3.00
2012.08.16 21:43:36.253,1.05115,1.05139,1.50,4.54
2012.08.16 21:43:39.132,1.05113,1.05137,2.25,1.88
2012.08.16 21:43:39.633,1.05113,1.05137,2.25,1.88
2012.08.16 21:43:40.539,1.05113,1.05137,2.25,1.88
2012.08.16 21:43:43.200,1.05113,1.05138,2.25,1.50
2012.08.16 21:43:43.318,1.05113,1.05138,2.25,1.50
2012.08.16 21:43:54.039,1.05114,1.05138,1.50,1.50
2012.08.16 21:43:54.387,1.05122,1.05138,1.50,1.50
2012.08.16 21:43:56.352,1.05122,1.05138,1.50,1.50
2012.08.16 21:43:56.591,1.05118,1.05138,1.13,1.50
2012.08.16 21:43:59.906,1.05119,1.0514,1.88,1.50
2012.08.16 21:44:00.227,1.05119,1.0514,1.88,1.50
2012.08.16 21:44:01.191,1.05122,1.05145,1.50,2.25
2012.08.16 21:44:01.744,1.05123,1.05144,1.50,1.88
2012.08.16 21:44:14.908,1.05123,1.05142,1.50,1.50
2012.08.16 21:45:09.679,1.05119,1.05142,1.50,2.66
2012.08.16 21:45:09.797,1.05119,1.05142,1.50,2.66
2012.08.16 21:46:04.668,1.05121,1.05142,1.10,1.50
2012.08.16 21:46:05.055,1.05121,1.05142,1.85,1.50
2012.08.16 21:46:15.557,1.05121,1.05142,1.85,1.50
2012.08.16 21:46:16.016,1.05123,1.05145,1.50,1.50
2012.08.16 21:46:16.136,1.05123,1.05145,1.50,1.50
2012.08.16 21:46:16.609,1.05123,1.05145,1.50,2.63
2012.08.16 21:46:50.935,1.05119,1.05142,2.60,1.50
2012.08.16 21:46:51.171,1.05119,1.05141,2.60,1.50
2012.08.16 21:47:12.614,1.05119,1.0514,2.60,1.50
2012.08.16 21:47:46.910,1.05118,1.05141,3.00,2.66
2012.08.16 21:47:47.146,1.05119,1.05141,1.50,2.66
2012.08.16 21:48:17.267,1.05119,1.0514,2.25,1.91
2012.08.16 21:48:17.504,1.05119,1.0514,2.25,1.91
2012.08.16 21:49:08.027,1.0512,1.05139,1.50,2.25
2012.08.16 21:49:54.266,1.05119,1.05139,1.85,1.50
2012.08.16 21:49:54.794,1.05118,1.05138,3.72,1.50
2012.08.16 21:49:55.344,1.05119,1.05138,1.85,1.50
2012.08.16 21:49:56.576,1.05119,1.05138,1.85,1.50
2012.08.16 21:50:04.317,1.05122,1.05141,1.50,3.00
2012.08.16 21:50:20.427,1.05122,1.05142,1.50,1.50
2012.08.16 21:50:20.491,1.05122,1.05141,1.50,1.50
2012.08.16 21:50:20.926,1.05122,1.05141,1.50,1.50
2012.08.16 21:50:21.439,1.05125,1.05141,1.88,1.50
2012.08.16 21:50:21.657,1.05125,1.05141,1.88,1.50
2012.08.16 21:50:22.350,1.05125,1.05141,1.13,1.50
2012.08.16 21:50:22.782,1.05126,1.05143,1.88,1.50
2012.08.16 21:50:30.923,1.05123,1.05142,2.25,1.50
2012.08.16 21:50:31.044,1.05123,1.05142,2.25,1.50
2012.08.16 21:50:34.122,1.05123,1.05142,1.50,1.50
2012.08.16 21:50:34.583,1.05121,1.05141,1.50,1.50
2012.08.16 21:50:35.454,1.05121,1.05141,1.50,1.50
2012.08.16 21:50:40.908,1.05122,1.05142,1.50,1.50
2012.08.16 21:50:41.451,1.05122,1.05142,1.50,3.00
2012.08.16 21:50:41.961,1.05122,1.05142,1.50,3.00
2012.08.16 21:50:43.946,1.05123,1.05142,1.13,1.50
2012.08.16 21:50:44.241,1.05121,1.05138,1.50,1.50
2012.08.16 21:50:50.730,1.05119,1.05138,1.50,1.50
2012.08.16 21:50:55.146,1.05119,1.05138,1.50,1.50
2012.08.16 21:50:55.385,1.05119,1.05138,1.50,1.50
2012.08.16 21:50:55.910,1.05119,1.05138,1.50,1.50
2012.08.16 21:50:57.729,1.05119,1.05138,1.50,1.50
2012.08.16 21:51:06.256,1.05119,1.05138,1.50,1.50
2012.08.16 21:51:13.538,1.05119,1.05138,1.50,1.50
2012.08.16 21:51:14.871,1.05119,1.05138,1.50,1.50
2012.08.16 21:51:15.757,1.05119,1.05138,2.25,1.50
2012.08.16 21:51:51.366,1.05118,1.05138,1.50,1.50
2012.08.16 21:51:51.709,1.05119,1.05138,1.50,1.50
2012.08.16 21:52:28.325,1.05119,1.05138,1.50,1.50
2012.08.16 21:52:34.205,1.05119,1.05138,1.50,2.25
2012.08.16 21:52:34.559,1.05123,1.0514,1.50,1.88
2012.08.16 21:52:34.740,1.05123,1.0514,1.50,1.88
2012.08.16 21:52:35.720,1.05124,1.0514,1.50,1.88
2012.08.16 21:52:36.075,1.05121,1.05141,1.50,2.63
2012.08.16 21:53:31.575,1.0512,1.0514,1.50,3.04
2012.08.16 21:53:31.911,1.0512,1.0514,2.25,3.04
2012.08.16 21:54:30.622,1.05121,1.0514,1.50,3.41
2012.08.16 21:54:30.737,1.05121,1.0514,1.50,3.41
2012.08.16 21:54:31.245,1.05121,1.0514,1.50,2.25
2012.08.16 21:54:31.415,1.05121,1.0514,1.50,2.25
2012.08.16 21:55:22.960,1.0512,1.0514,1.50,3.04
2012.08.16 21:56:16.933,1.0512,1.05141,1.50,4.54
2012.08.16 21:56:17.164,1.0512,1.05141,2.25,4.54
2012.08.16 21:57:11.943,1.0512,1.0514,1.50,2.25
2012.08.16 21:57:12.176,1.05121,1.0514,1.50,4.54
2012.08.16 21:57:31.458,1.0512,1.0514,1.50,2.63
2012.08.16 21:57:31.990,1.05121,1.05138,1.50,1.50
2012.08.16 21:57:39.141,1.05121,1.0514,2.25,2.66
2012.08.16 21:57:59.422,1.05121,1.0514,1.50,3.41
2012.08.16 21:57:59.539,1.05124,1.0514,1.50,2.66
2012.08.16 21:58:35.946,1.05122,1.05139,1.85,1.50
2012.08.16 21:58:39.605,1.05122,1.0514,1.50,1.50
2012.08.16 21:58:39.667,1.05124,1.0514,1.50,1.50
2012.08.16 21:58:50.441,1.05122,1.0514,1.50,1.50
2012.08.16 21:58:50.614,1.05122,1.0514,1.50,1.50
2012.08.16 21:58:50.910,1.05121,1.0514,1.50,2.25
2012.08.16 21:59:09.887,1.05121,1.05131,0.75,0.75
2012.08.16 21:59:10.225,1.05126,1.05137,0.75,0.75
