2012.08.23 08:00:00.076,1.05131,1.05142,2.25,2.25
2012.08.23 08:00:00.741,1.05132,1.05144,2.25,1.50
2012.08.23 08:00:02.325,1.05131,1.05143,1.50,1.88
2012.08.23 08:00:02.697,1.05135,1.05144,1.88,3.75
2012.08.23 08:00:02.765,1.05136,1.05144,1.50,2.25
2012.08.23 08:00:03.219,1.05137,1.05148,1.50,3.00
2012.08.23 08:00:03.286,1.05135,1.05148,1.50,4.50
2012.08.23 08:00:03.736,1.05132,1.05147,3.82,3.00
2012.08.23 08:00:04.295,1.05134,1.05147,2.25,1.50
2012.08.23 08:00:05.122,1.05136,1.05148,1.57,1.50
2012.08.23 08:00:05.758,1.05137,1.05149,3.00,1.50
2012.08.23 08:00:06.276,1.05139,1.05149,1.50,1.50
2012.08.23 08:00:06.828,1.05137,1.05149,1.50,1.50
2012.08.23 08:00:07.378,1.05137,1.05149,1.50,2.25
2012.08.23 08:00:09.606,1.05136,1.05149,5.70,2.25
2012.08.23 08:00:09.678,1.05136,1.05144,1.57,1.50
2012.08.23 08:00:09.747,1.05134,1.05144,1.80,1.50
2012.08.23 08:00:09.939,1.05136,1.05144,1.13,1.50
2012.08.23 08:00:10.008,1.05136,1.05145,1.88,2.25
2012.08.23 08:00:10.255,1.05135,1.05145,2.25,1.50
2012.08.23 08:00:10.325,1.05135,1.05147,3.75,2.25
2012.08.23 08:00:10.659,1.05135,1.05147,1.50,2.25
2012.08.23 08:00:12.197,1.05133,1.05143,2.32,1.50
2012.08.23 08:00:12.396,1.05131,1.05143,3.00,1.50
2012.08.23 08:00:14.343,1.05131,1.05143,2.25,1.73
2012.08.23 08:00:15.166,1.05131,1.05144,3.00,3.23
2012.08.23 08:00:15.428,1.05137,1.05149,1.73,2.25
2012.08.23 08:00:15.758,1.05139,1.05152,1.73,3.98
2012.08.23 08:00:16.127,1.05143,1.05152,1.50,1.73
2012.08.23 08:00:16.375,1.0514,1.05152,1.50,1.73
2012.08.23 08:00:16.896,1.05139,1.0515,2.48,1.50
2012.08.23 08:00:16.968,1.05139,1.0515,2.48,1.50
2012.08.23 08:00:17.309,1.05135,1.05148,2.48,2.48
2012.08.23 08:00:17.656,1.05135,1.05148,1.05,2.48
2012.08.23 08:00:17.739,1.05138,1.05149,1.73,1.50
2012.08.23 08:00:17.818,1.05138,1.0515,1.73,3.75
2012.08.23 08:00:18.707,1.05139,1.05151,1.73,2.48
2012.08.23 08:00:19.259,1.05141,1.05152,1.50,1.73
2012.08.23 08:00:20.197,1.05139,1.05151,1.73,1.73
2012.08.23 08:00:20.467,1.05138,1.05151,1.73,4.73
2012.08.23 08:00:22.204,1.05139,1.05151,1.73,1.73
2012.08.23 08:00:23.086,1.05139,1.05151,1.73,1.73
2012.08.23 08:00:23.229,1.05139,1.0515,1.73,1.50
2012.08.23 08:00:23.596,1.05138,1.05151,1.73,3.23
2012.08.23 08:00:24.144,1.05138,1.05152,4.73,3.60
2012.08.23 08:00:24.335,1.05141,1.05152,1.50,3.60
2012.08.23 08:00:24.887,1.05139,1.05152,1.73,5.85
2012.08.23 08:00:24.956,1.05139,1.05151,1.73,1.73
2012.08.23 08:00:25.386,1.05138,1.0515,1.73,3.75
2012.08.23 08:00:25.936,1.05134,1.05147,3.23,1.73
2012.08.23 08:00:26.005,1.05133,1.05146,2.55,2.48
2012.08.23 08:00:26.645,1.05135,1.05147,1.50,1.73
2012.08.23 08:00:27.196,1.05135,1.05148,1.50,4.73
2012.08.23 08:00:28.755,1.05135,1.05147,1.50,1.66
2012.08.23 08:00:29.066,1.05133,1.05142,1.50,1.73
2012.08.23 08:00:29.136,1.0513,1.05144,4.05,2.48
2012.08.23 08:00:29.205,1.0513,1.05144,6.37,1.73
2012.08.23 08:00:29.275,1.05132,1.05145,1.05,2.48
2012.08.23 08:00:29.537,1.05134,1.05142,1.73,1.43
2012.08.23 08:00:29.846,1.05129,1.05142,1.88,3.98
2012.08.23 08:00:30.166,1.05132,1.05142,1.50,1.73
2012.08.23 08:00:30.298,1.0513,1.05142,2.48,1.73
2012.08.23 08:00:30.427,1.05132,1.05142,1.50,1.73
2012.08.23 08:00:30.987,1.05132,1.05142,2.25,1.73
2012.08.23 08:00:31.328,1.05133,1.05145,1.50,3.23
2012.08.23 08:00:31.397,1.05133,1.05145,1.73,3.23
2012.08.23 08:00:31.939,1.05133,1.05146,1.73,2.48
2012.08.23 08:00:32.148,1.05133,1.05145,1.73,1.65
2012.08.23 08:00:32.667,1.05133,1.05146,1.73,3.15
2012.08.23 08:00:33.237,1.05133,1.05146,1.73,2.48
2012.08.23 08:00:35.574,1.05133,1.05145,3.30,1.65
2012.08.23 08:00:36.076,1.05132,1.05144,1.05,1.43
2012.08.23 08:00:36.639,1.05131,1.05143,1.05,3.00
2012.08.23 08:00:36.838,1.05127,1.05139,1.42,2.25
2012.08.23 08:00:36.906,1.05128,1.05139,1.05,2.25
2012.08.23 08:00:39.586,1.05128,1.05141,5.40,1.65
2012.08.23 08:00:40.446,1.05134,1.05143,1.88,2.48
2012.08.23 08:00:40.589,1.05137,1.05144,1.73,1.50
2012.08.23 08:00:40.917,1.05137,1.05148,1.73,1.43
2012.08.23 08:00:41.458,1.05137,1.05148,2.48,1.43
2012.08.23 08:00:41.677,1.05137,1.05149,3.23,1.43
2012.08.23 08:00:42.189,1.05137,1.0515,4.58,1.88
2012.08.23 08:00:43.039,1.05137,1.0515,3.08,1.88
2012.08.23 08:00:43.605,1.05139,1.0515,1.73,1.88
2012.08.23 08:00:46.915,1.05137,1.0515,3.23,1.13
2012.08.23 08:00:47.105,1.05137,1.05149,2.48,1.50
2012.08.23 08:00:47.425,1.05135,1.05145,1.50,2.18
2012.08.23 08:00:47.887,1.05132,1.05145,1.05,2.25
2012.08.23 08:00:47.958,1.05136,1.05145,2.25,2.25
2012.08.23 08:00:48.268,1.05137,1.05148,2.55,1.50
2012.08.23 08:00:48.335,1.05137,1.0515,2.55,2.48
2012.08.23 08:00:49.681,1.05138,1.0515,1.73,2.48
2012.08.23 08:00:50.222,1.05138,1.0515,1.73,2.48
2012.08.23 08:00:50.429,1.05142,1.05152,1.50,4.73
2012.08.23 08:00:50.756,1.05142,1.05154,1.73,1.50
2012.08.23 08:00:51.276,1.05142,1.05152,1.73,1.50
2012.08.23 08:00:52.236,1.05145,1.05152,2.10,1.50
2012.08.23 08:00:52.307,1.05147,1.05156,1.50,1.73
2012.08.23 08:00:52.375,1.05145,1.05156,2.17,1.50
2012.08.23 08:00:52.637,1.05143,1.05154,1.05,2.25
2012.08.23 08:00:53.687,1.05145,1.05154,1.13,1.50
2012.08.23 08:00:53.757,1.05145,1.05158,5.70,5.48
2012.08.23 08:00:53.827,1.05145,1.05157,5.70,1.73
2012.08.23 08:00:53.967,1.05144,1.05157,2.03,1.50
2012.08.23 08:00:54.037,1.05144,1.05157,1.73,1.73
2012.08.23 08:00:54.556,1.05143,1.05154,1.05,1.50
2012.08.23 08:00:55.165,1.05147,1.05157,1.73,4.50
2012.08.23 08:00:55.547,1.05143,1.05156,4.73,2.48
2012.08.23 08:00:56.066,1.05142,1.05154,3.67,1.50
2012.08.23 08:00:56.420,1.05145,1.05154,2.10,1.50
2012.08.23 08:00:56.756,1.05148,1.05157,1.73,1.50
2012.08.23 08:00:56.886,1.05148,1.05157,1.73,1.50
2012.08.23 08:00:57.098,1.05146,1.05157,1.73,1.50
2012.08.23 08:00:57.171,1.05146,1.05156,1.50,2.48
2012.08.23 08:00:57.251,1.05142,1.05154,3.67,2.25
2012.08.23 08:00:57.597,1.05143,1.05156,1.73,2.48
2012.08.23 08:00:58.125,1.05147,1.05158,1.73,1.50
2012.08.23 08:00:58.196,1.05147,1.05158,1.73,1.50
2012.08.23 08:00:58.569,1.05147,1.0516,1.73,2.25
2012.08.23 08:01:01.746,1.05148,1.05157,1.73,1.50
2012.08.23 08:01:02.295,1.05147,1.05156,1.73,1.50
2012.08.23 08:01:02.850,1.05144,1.05157,1.73,4.35
2012.08.23 08:01:03.178,1.05142,1.05153,1.80,2.25
2012.08.23 08:01:04.025,1.05142,1.05152,1.05,2.25
2012.08.23 08:01:04.166,1.05138,1.05151,3.98,3.23
2012.08.23 08:01:04.716,1.05137,1.05149,1.80,1.50
2012.08.23 08:01:05.709,1.05139,1.05151,1.58,2.48
2012.08.23 08:01:05.907,1.0514,1.05153,2.48,3.23
2012.08.23 08:01:05.976,1.05141,1.05153,1.73,2.25
2012.08.23 08:01:06.297,1.05142,1.05155,1.80,2.63
2012.08.23 08:01:07.646,1.05145,1.05154,1.13,2.25
2012.08.23 08:01:07.718,1.05146,1.05154,1.88,2.25
2012.08.23 08:01:07.916,1.05146,1.05154,1.13,1.50
2012.08.23 08:01:08.048,1.05145,1.05154,1.13,2.25
2012.08.23 08:01:08.783,1.05142,1.05152,1.80,2.63
2012.08.23 08:01:08.868,1.05138,1.05151,1.80,2.48
2012.08.23 08:01:09.116,1.05138,1.05151,1.05,2.48
2012.08.23 08:01:09.479,1.05142,1.05152,1.50,3.60
2012.08.23 08:01:09.806,1.05142,1.05152,2.48,3.38
2012.08.23 08:01:10.358,1.05142,1.05154,2.48,2.25
2012.08.23 08:01:10.497,1.05143,1.05156,3.30,2.48
2012.08.23 08:01:10.696,1.05143,1.05153,2.48,2.63
2012.08.23 08:01:10.765,1.05143,1.05153,2.25,2.85
2012.08.23 08:01:11.207,1.05144,1.05153,1.50,1.88
2012.08.23 08:01:11.348,1.05144,1.05157,1.73,3.23
2012.08.23 08:01:11.537,1.05147,1.05157,1.73,3.01
2012.08.23 08:01:11.728,1.05145,1.05158,1.73,5.10
2012.08.23 08:01:12.278,1.05143,1.05154,1.73,1.50
2012.08.23 08:01:17.158,1.05143,1.05156,4.05,3.23
2012.08.23 08:01:17.902,1.05143,1.05154,1.80,1.50
2012.08.23 08:01:18.687,1.05143,1.05156,3.23,2.48
2012.08.23 08:01:19.229,1.05143,1.05156,3.23,2.48
2012.08.23 08:01:19.736,1.05143,1.05155,1.73,2.48
2012.08.23 08:01:20.388,1.05143,1.05152,1.73,1.50
2012.08.23 08:01:20.875,1.05142,1.05154,2.55,1.50
2012.08.23 08:01:21.866,1.05142,1.05154,2.55,2.25
2012.08.23 08:01:22.425,1.05142,1.05154,2.55,2.25
2012.08.23 08:01:22.928,1.05143,1.05154,1.73,2.25
2012.08.23 08:01:23.286,1.05146,1.05157,2.48,1.50
2012.08.23 08:01:25.627,1.05144,1.05155,1.88,2.48
2012.08.23 08:01:25.766,1.05142,1.05155,3.67,2.48
2012.08.23 08:01:26.019,1.05142,1.05155,2.92,2.48
2012.08.23 08:01:26.277,1.05139,1.05151,1.13,2.48
2012.08.23 08:01:26.905,1.0514,1.05152,2.25,2.85
2012.08.23 08:01:27.227,1.0514,1.05152,1.50,3.53
2012.08.23 08:01:27.762,1.05138,1.05149,1.73,2.25
2012.08.23 08:01:28.097,1.05138,1.05151,1.73,1.65
2012.08.23 08:01:28.426,1.05138,1.05151,1.73,1.65
2012.08.23 08:01:30.877,1.05138,1.0515,1.73,2.93
2012.08.23 08:01:31.575,1.05142,1.05152,1.50,1.73
2012.08.23 08:01:32.078,1.05142,1.05152,2.25,1.73
2012.08.23 08:01:33.017,1.05142,1.05152,1.50,1.73
2012.08.23 08:01:33.090,1.05142,1.05154,1.73,1.88
2012.08.23 08:01:33.900,1.05147,1.05157,1.73,1.50
2012.08.23 08:01:34.157,1.05145,1.05158,2.48,4.50
2012.08.23 08:01:34.527,1.05143,1.05155,1.05,1.73
2012.08.23 08:01:34.598,1.05143,1.05153,1.05,1.50
2012.08.23 08:01:34.846,1.05143,1.05155,1.05,1.73
2012.08.23 08:01:38.915,1.05143,1.05155,1.05,1.73
2012.08.23 08:01:39.226,1.05145,1.05155,2.10,1.50
2012.08.23 08:01:39.357,1.05147,1.05158,2.48,1.50
2012.08.23 08:01:41.196,1.05147,1.0516,2.48,3.75
2012.08.23 08:01:42.595,1.05147,1.0516,2.48,2.25
2012.08.23 08:01:43.105,1.0515,1.05163,3.75,4.35
2012.08.23 08:01:43.176,1.05153,1.05163,1.50,4.35
2012.08.23 08:01:43.746,1.0515,1.05162,3.00,1.35
2012.08.23 08:01:44.264,1.05151,1.05163,1.50,2.48
2012.08.23 08:01:46.387,1.05151,1.05163,1.50,3.23
2012.08.23 08:01:46.705,1.05152,1.05163,1.50,2.48
2012.08.23 08:01:46.898,1.05153,1.05163,1.73,1.50
2012.08.23 08:01:47.442,1.05153,1.05164,1.73,1.13
2012.08.23 08:01:48.906,1.05152,1.05164,3.98,1.13
2012.08.23 08:01:49.297,1.05152,1.05167,3.98,4.80
2012.08.23 08:01:49.855,1.05155,1.05167,2.25,1.43
2012.08.23 08:01:52.776,1.05153,1.05166,2.55,1.73
2012.08.23 08:01:53.726,1.05153,1.05165,1.73,1.88
2012.08.23 08:01:54.055,1.05149,1.05162,2.55,1.35
2012.08.23 08:01:54.757,1.0515,1.05162,3.23,1.35
2012.08.23 08:01:55.258,1.05149,1.05162,1.05,2.10
2012.08.23 08:01:55.778,1.0515,1.05159,1.73,1.50
2012.08.23 08:01:56.085,1.05147,1.05159,3.30,1.50
2012.08.23 08:01:58.277,1.05147,1.05157,3.23,1.50
2012.08.23 08:01:59.226,1.05147,1.05158,3.23,1.50
2012.08.23 08:02:00.737,1.05147,1.05158,3.23,1.50
2012.08.23 08:02:03.926,1.05147,1.05158,1.73,1.50
2012.08.23 08:02:04.117,1.05144,1.05158,2.48,2.18
2012.08.23 08:02:04.186,1.05143,1.05157,1.73,3.23
2012.08.23 08:02:04.496,1.05142,1.05153,3.23,1.50
2012.08.23 08:02:04.828,1.05142,1.05153,1.50,1.73
2012.08.23 08:02:05.078,1.05142,1.05153,1.50,2.85
2012.08.23 08:02:05.389,1.0514,1.05151,1.05,2.48
2012.08.23 08:02:05.939,1.0514,1.05152,1.80,1.73
2012.08.23 08:02:06.486,1.0514,1.05152,3.30,1.73
2012.08.23 08:02:06.808,1.0514,1.05152,3.30,1.73
2012.08.23 08:02:07.187,1.05142,1.05156,4.05,1.43
2012.08.23 08:02:08.527,1.05145,1.05156,4.05,1.50
2012.08.23 08:02:08.657,1.05146,1.05158,1.73,3.75
2012.08.23 08:02:09.176,1.05147,1.05159,1.73,1.50
2012.08.23 08:02:09.709,1.05146,1.05158,2.48,1.50
2012.08.23 08:02:10.937,1.05147,1.0516,3.98,4.51
2012.08.23 08:02:11.446,1.05149,1.05161,2.48,1.80
2012.08.23 08:02:12.028,1.05148,1.0516,2.48,1.50
2012.08.23 08:02:15.964,1.05148,1.0516,1.73,1.50
2012.08.23 08:02:16.825,1.05149,1.05161,1.73,1.35
2012.08.23 08:02:17.026,1.05151,1.05162,1.50,1.73
2012.08.23 08:02:17.528,1.05152,1.05164,1.50,4.43
2012.08.23 08:02:17.858,1.05151,1.05161,1.73,1.13
2012.08.23 08:02:17.986,1.05148,1.05161,2.55,1.35
2012.08.23 08:02:18.176,1.05151,1.05161,1.50,1.35
2012.08.23 08:02:18.305,1.05151,1.05163,1.73,1.50
2012.08.23 08:02:18.854,1.05151,1.05165,2.48,2.48
2012.08.23 08:02:19.548,1.05151,1.05161,1.73,1.13
2012.08.23 08:02:20.007,1.0515,1.05163,1.73,3.83
2012.08.23 08:02:20.078,1.0515,1.05163,1.50,4.80
2012.08.23 08:02:21.639,1.0515,1.05163,1.50,4.35
2012.08.23 08:02:21.825,1.05152,1.05164,1.05,1.50
2012.08.23 08:02:22.216,1.05152,1.05161,1.05,1.13
2012.08.23 08:02:22.410,1.05152,1.05165,1.05,1.20
2012.08.23 08:02:24.498,1.05152,1.05161,1.80,1.13
2012.08.23 08:02:24.769,1.0515,1.05161,1.50,1.35
2012.08.23 08:02:24.837,1.05147,1.05161,4.05,1.35
2012.08.23 08:02:25.393,1.05147,1.0516,2.55,1.50
2012.08.23 08:02:25.905,1.05147,1.05161,4.05,1.35
2012.08.23 08:02:26.407,1.05149,1.05161,3.30,1.35
2012.08.23 08:02:27.147,1.05149,1.05162,2.55,3.60
2012.08.23 08:02:27.479,1.05149,1.05159,1.73,1.50
2012.08.23 08:02:32.996,1.05147,1.05161,3.30,2.48
2012.08.23 08:02:33.507,1.05148,1.05161,2.55,2.48
2012.08.23 08:02:33.957,1.05149,1.05161,1.58,2.48
2012.08.23 08:02:34.266,1.05152,1.05164,4.05,2.25
2012.08.23 08:02:36.107,1.05153,1.05165,1.05,2.48
2012.08.23 08:02:36.459,1.05155,1.05165,1.05,1.73
2012.08.23 08:02:36.728,1.05158,1.05168,1.73,2.25
2012.08.23 08:02:37.518,1.05157,1.05168,1.73,1.50
2012.08.23 08:02:38.548,1.05155,1.05167,1.50,2.48
2012.08.23 08:02:38.679,1.05153,1.05168,3.23,4.35
2012.08.23 08:02:39.665,1.05156,1.05167,1.13,2.48
2012.08.23 08:02:39.989,1.05157,1.05168,1.73,1.50
2012.08.23 08:02:40.319,1.05155,1.05168,1.73,2.85
2012.08.23 08:02:41.826,1.05156,1.05167,1.50,1.35
2012.08.23 08:02:42.258,1.05157,1.05167,1.57,2.48
2012.08.23 08:02:42.387,1.05158,1.05169,1.05,2.25
2012.08.23 08:02:43.027,1.05159,1.05169,1.73,1.50
2012.08.23 08:02:46.607,1.05159,1.0517,1.73,1.73
2012.08.23 08:02:49.336,1.05158,1.05169,1.05,1.50
2012.08.23 08:02:58.498,1.05157,1.05171,4.80,2.48
2012.08.23 08:02:58.755,1.05162,1.05172,1.13,2.48
2012.08.23 08:03:01.046,1.0516,1.05173,2.48,3.23
2012.08.23 08:03:01.536,1.05162,1.05173,1.50,1.73
2012.08.23 08:03:04.238,1.05159,1.05173,5.10,1.73
2012.08.23 08:03:04.926,1.05161,1.05173,1.13,2.48
2012.08.23 08:03:05.474,1.05161,1.05175,4.13,3.60
2012.08.23 08:03:05.806,1.05164,1.05177,1.73,3.23
2012.08.23 08:03:06.426,1.05164,1.05175,1.73,2.10
2012.08.23 08:03:06.969,1.05162,1.05173,1.73,1.50
2012.08.23 08:03:07.499,1.0516,1.0517,1.73,1.50
2012.08.23 08:03:07.690,1.0516,1.0517,1.50,1.50
2012.08.23 08:03:08.246,1.05158,1.05169,1.80,1.50
2012.08.23 08:03:08.777,1.05158,1.05171,1.80,3.23
2012.08.23 08:03:09.419,1.0516,1.05172,1.35,1.73
2012.08.23 08:03:09.490,1.05162,1.05172,3.75,1.73
2012.08.23 08:03:09.837,1.05164,1.05174,2.48,1.13
2012.08.23 08:03:09.967,1.05164,1.05177,2.48,2.85
2012.08.23 08:03:10.107,1.05164,1.05177,2.48,2.85
2012.08.23 08:03:11.205,1.05166,1.05177,1.50,1.35
2012.08.23 08:03:11.778,1.05164,1.05177,3.08,2.48
2012.08.23 08:03:17.766,1.05164,1.05173,1.73,1.88
2012.08.23 08:03:18.105,1.05161,1.05171,1.57,1.50
2012.08.23 08:03:18.259,1.05159,1.0517,2.48,1.73
2012.08.23 08:03:21.076,1.05157,1.0517,2.55,1.73
2012.08.23 08:03:22.447,1.05158,1.0517,2.48,2.48
2012.08.23 08:03:23.917,1.05157,1.05168,1.05,1.50
2012.08.23 08:03:27.745,1.05157,1.05169,3.15,2.25
2012.08.23 08:03:45.006,1.05157,1.05168,1.05,1.50
2012.08.23 08:03:45.886,1.05153,1.05166,2.55,1.50
2012.08.23 08:03:45.958,1.05153,1.05164,1.05,1.50
2012.08.23 08:03:51.095,1.05153,1.05164,1.05,2.25
2012.08.23 08:03:53.385,1.05152,1.05164,1.05,3.00
2012.08.23 08:03:53.457,1.05156,1.05164,1.88,2.25
2012.08.23 08:03:53.650,1.05156,1.05166,2.10,1.50
2012.08.23 08:03:53.835,1.05154,1.05167,2.48,2.48
2012.08.23 08:03:54.346,1.05153,1.05164,1.80,1.50
2012.08.23 08:03:55.159,1.05155,1.05164,1.13,1.50
2012.08.23 08:03:55.297,1.05156,1.05164,2.63,1.50
2012.08.23 08:03:55.639,1.05156,1.05168,2.32,3.00
2012.08.23 08:04:08.226,1.05156,1.05168,2.17,2.25
2012.08.23 08:04:08.549,1.05153,1.05165,1.28,1.13
2012.08.23 08:04:08.620,1.05153,1.05165,1.28,1.13
2012.08.23 08:04:08.771,1.05152,1.05162,1.80,1.50
2012.08.23 08:04:08.850,1.05152,1.05162,1.50,1.73
2012.08.23 08:04:08.977,1.05152,1.05161,1.50,1.73
2012.08.23 08:04:09.117,1.05148,1.05159,1.05,3.00
2012.08.23 08:04:10.537,1.05148,1.0516,1.05,1.88
2012.08.23 08:04:11.569,1.05149,1.0516,1.73,1.50
2012.08.23 08:04:12.126,1.05151,1.05163,1.50,1.73
2012.08.23 08:04:12.496,1.05148,1.05161,4.05,2.10
2012.08.23 08:04:12.641,1.05148,1.05158,1.73,1.50
2012.08.23 08:04:12.957,1.05148,1.05156,1.73,1.50
2012.08.23 08:04:13.087,1.05148,1.05158,1.73,1.50
2012.08.23 08:04:17.067,1.05142,1.05154,2.55,1.50
2012.08.23 08:04:17.615,1.05143,1.05156,2.48,2.48
2012.08.23 08:04:17.925,1.05145,1.05156,1.73,2.48
2012.08.23 08:04:18.237,1.05144,1.05157,1.88,2.25
2012.08.23 08:04:18.438,1.05143,1.05156,2.48,2.48
2012.08.23 08:04:19.363,1.05143,1.05156,3.23,2.48
2012.08.23 08:04:19.687,1.05144,1.05157,2.70,2.63
2012.08.23 08:04:19.951,1.05144,1.05157,1.73,3.23
2012.08.23 08:04:21.458,1.05143,1.05154,1.05,1.50
2012.08.23 08:04:21.529,1.05142,1.05151,1.80,1.13
2012.08.23 08:04:21.930,1.05139,1.05151,1.73,2.10
2012.08.23 08:04:22.353,1.05137,1.0515,2.70,3.75
2012.08.23 08:04:22.867,1.05137,1.05148,1.05,2.25
2012.08.23 08:04:23.126,1.05135,1.05146,1.73,2.48
2012.08.23 08:04:23.197,1.05135,1.05146,2.48,2.48
2012.08.23 08:04:23.527,1.05133,1.05146,2.63,1.50
2012.08.23 08:04:23.597,1.05133,1.05146,2.48,1.73
2012.08.23 08:04:23.738,1.05136,1.05146,1.88,2.48
2012.08.23 08:04:24.045,1.05136,1.05146,2.10,1.50
2012.08.23 08:04:25.027,1.05136,1.05147,4.20,1.50
2012.08.23 08:04:25.767,1.05136,1.05149,6.00,3.00
2012.08.23 08:04:30.087,1.05136,1.05149,5.10,3.00
2012.08.23 08:04:31.106,1.05137,1.05149,1.73,1.50
2012.08.23 08:04:33.855,1.05137,1.0515,1.05,4.88
2012.08.23 08:04:34.401,1.05139,1.0515,2.48,2.63
2012.08.23 08:04:34.797,1.05139,1.05152,2.48,3.23
2012.08.23 08:04:36.297,1.05141,1.05151,2.25,1.73
2012.08.23 08:04:36.431,1.05139,1.0515,2.48,1.88
2012.08.23 08:04:36.879,1.05137,1.05148,1.05,1.50
2012.08.23 08:04:37.338,1.05135,1.05147,1.95,3.23
2012.08.23 08:04:37.478,1.05133,1.05146,5.32,2.25
2012.08.23 08:04:38.197,1.05136,1.05147,1.42,1.50
2012.08.23 08:04:39.136,1.05136,1.05149,2.02,2.25
2012.08.23 08:04:39.856,1.05136,1.05148,2.32,1.50
2012.08.23 08:04:40.167,1.05136,1.05147,1.42,2.25
2012.08.23 08:04:40.297,1.05136,1.05147,1.42,2.25
2012.08.23 08:04:40.607,1.05133,1.05147,2.48,2.85
2012.08.23 08:04:41.449,1.05134,1.05145,1.73,1.73
2012.08.23 08:04:41.947,1.05137,1.05147,3.23,1.50
2012.08.23 08:04:42.138,1.05137,1.0515,3.23,1.51
2012.08.23 08:04:42.696,1.05137,1.0515,3.23,1.50
2012.08.23 08:04:44.346,1.05137,1.0515,3.23,1.50
2012.08.23 08:04:45.227,1.05136,1.05149,3.30,4.50
2012.08.23 08:04:45.535,1.05136,1.05146,1.20,1.50
2012.08.23 08:04:45.609,1.05135,1.05147,1.05,2.85
2012.08.23 08:04:45.740,1.05133,1.05145,1.80,2.25
2012.08.23 08:04:46.247,1.05133,1.05145,1.05,2.25
2012.08.23 08:04:49.156,1.05134,1.05147,2.48,2.85
2012.08.23 08:04:49.499,1.05137,1.05149,2.48,1.50
2012.08.23 08:04:50.017,1.05137,1.05149,3.23,1.50
2012.08.23 08:04:52.056,1.05138,1.05149,1.73,1.50
2012.08.23 08:04:52.616,1.05138,1.05149,1.73,1.50
2012.08.23 08:04:52.949,1.05135,1.05148,1.65,4.35
2012.08.23 08:04:53.521,1.05132,1.0514,1.80,1.50
2012.08.23 08:04:53.739,1.05132,1.05139,1.50,2.25
2012.08.23 08:04:54.138,1.05127,1.05139,1.05,2.25
2012.08.23 08:04:54.726,1.05127,1.0514,2.55,2.63
2012.08.23 08:04:55.285,1.0513,1.0514,2.25,1.13
2012.08.23 08:04:56.207,1.0513,1.05142,2.25,2.48
2012.08.23 08:04:56.408,1.05131,1.05142,2.25,1.73
2012.08.23 08:04:56.907,1.05133,1.05144,1.50,2.48
2012.08.23 08:04:57.347,1.05134,1.05146,3.98,1.35
2012.08.23 08:04:58.386,1.05136,1.05147,1.50,2.48
2012.08.23 08:04:58.657,1.05137,1.05147,2.25,1.73
2012.08.23 08:04:58.800,1.05139,1.05149,1.73,1.50
2012.08.23 08:04:59.318,1.05141,1.05153,1.50,2.48
2012.08.23 08:04:59.827,1.05138,1.0515,3.23,1.35
2012.08.23 08:05:00.667,1.05137,1.0515,4.80,3.60
2012.08.23 08:05:01.242,1.05137,1.05148,1.05,2.25
2012.08.23 08:05:01.737,1.05137,1.05146,1.05,1.50
2012.08.23 08:05:01.987,1.05137,1.05148,1.05,1.50
2012.08.23 08:05:02.489,1.05137,1.05147,1.05,1.50
2012.08.23 08:05:03.048,1.05137,1.05148,1.05,1.50
2012.08.23 08:05:03.566,1.05137,1.05148,1.05,2.25
2012.08.23 08:05:09.267,1.05137,1.05148,1.05,1.50
2012.08.23 08:05:09.776,1.05137,1.05149,1.05,2.25
2012.08.23 08:05:09.966,1.05137,1.05147,1.05,1.50
2012.08.23 08:05:10.837,1.05137,1.05149,1.80,1.50
2012.08.23 08:05:11.027,1.05137,1.05147,1.05,1.50
2012.08.23 08:05:12.708,1.05137,1.05149,1.80,3.00
2012.08.23 08:05:13.386,1.05137,1.0515,2.55,1.73
2012.08.23 08:05:19.058,1.05137,1.0515,4.05,1.73
2012.08.23 08:05:19.807,1.05137,1.05148,1.80,1.50
2012.08.23 08:05:20.256,1.05137,1.05148,1.80,2.25
2012.08.23 08:05:20.765,1.05137,1.05145,1.80,1.50
2012.08.23 08:05:21.076,1.05133,1.05145,2.55,1.50
2012.08.23 08:05:21.597,1.05132,1.05145,5.40,3.00
2012.08.23 08:05:26.955,1.05132,1.05145,5.40,3.00
2012.08.23 08:05:27.399,1.05132,1.05145,5.40,3.75
2012.08.23 08:05:28.624,1.05132,1.05145,5.40,3.00
2012.08.23 08:05:29.676,1.05137,1.05145,1.50,3.00
2012.08.23 08:05:29.866,1.05137,1.05148,1.73,6.00
2012.08.23 08:05:31.897,1.05135,1.05147,3.22,2.63
2012.08.23 08:05:32.087,1.05134,1.05147,1.28,4.35
2012.08.23 08:05:32.647,1.05133,1.05145,1.73,1.50
2012.08.23 08:05:33.185,1.05133,1.05145,1.73,2.25
2012.08.23 08:05:34.207,1.05136,1.05145,1.13,1.50
2012.08.23 08:05:34.455,1.05136,1.05148,3.60,2.25
2012.08.23 08:05:34.969,1.05134,1.05147,2.03,2.63
2012.08.23 08:05:35.037,1.05133,1.05146,2.78,2.25
2012.08.23 08:05:35.105,1.05133,1.05146,2.48,2.48
2012.08.23 08:05:35.634,1.05132,1.05145,4.65,3.00
2012.08.23 08:05:36.936,1.05136,1.05145,1.13,1.50
2012.08.23 08:05:37.065,1.05137,1.05146,1.73,1.50
2012.08.23 08:05:37.616,1.05136,1.05148,1.35,2.25
2012.08.23 08:05:38.530,1.05136,1.05148,1.35,3.00
2012.08.23 08:05:39.087,1.05132,1.05146,2.55,1.73
2012.08.23 08:05:39.297,1.05132,1.05145,1.80,2.48
2012.08.23 08:05:39.426,1.05132,1.05145,1.80,2.48
2012.08.23 08:05:42.627,1.05132,1.05146,3.30,1.73
2012.08.23 08:05:43.557,1.05133,1.05146,2.48,2.48
2012.08.23 08:05:43.937,1.05136,1.05146,1.13,2.48
2012.08.23 08:05:44.135,1.05136,1.05148,1.35,3.75
2012.08.23 08:05:46.106,1.05137,1.0515,1.73,3.38
2012.08.23 08:05:46.476,1.05137,1.05148,1.73,1.50
2012.08.23 08:05:46.997,1.05136,1.05147,1.35,2.25
2012.08.23 08:05:47.127,1.05135,1.05147,2.55,1.73
2012.08.23 08:05:47.197,1.05135,1.05147,2.25,2.48
2012.08.23 08:05:47.516,1.05133,1.05146,2.48,3.23
2012.08.23 08:05:48.103,1.05133,1.05146,2.48,3.23
2012.08.23 08:05:48.606,1.05133,1.05146,2.48,3.98
2012.08.23 08:05:49.138,1.05133,1.05143,2.25,1.73
2012.08.23 08:05:49.674,1.05131,1.05143,2.25,1.73
2012.08.23 08:05:50.215,1.05131,1.05143,2.25,1.73
2012.08.23 08:05:50.744,1.05131,1.05143,2.25,1.73
2012.08.23 08:05:51.569,1.05132,1.05144,1.50,4.73
2012.08.23 08:05:51.816,1.05133,1.05144,2.10,2.25
2012.08.23 08:05:52.376,1.05134,1.05146,1.73,1.73
2012.08.23 08:05:53.549,1.05133,1.05143,1.35,1.50
2012.08.23 08:05:53.686,1.05131,1.05142,4.80,1.50
2012.08.23 08:05:53.819,1.05131,1.05142,3.75,1.73
2012.08.23 08:05:55.695,1.05131,1.05145,3.82,3.98
2012.08.23 08:05:55.825,1.05133,1.05145,2.10,2.25
2012.08.23 08:05:58.077,1.05133,1.05146,4.35,2.48
2012.08.23 08:05:58.206,1.05136,1.05146,1.13,2.48
2012.08.23 08:05:58.487,1.05138,1.0515,2.48,3.23
2012.08.23 08:06:01.316,1.0514,1.05152,3.60,2.48
2012.08.23 08:06:01.866,1.0514,1.05152,2.85,1.73
2012.08.23 08:06:02.409,1.05141,1.05152,3.00,1.73
2012.08.23 08:06:02.630,1.05144,1.05154,2.85,1.50
2012.08.23 08:06:03.142,1.05143,1.05153,2.25,2.48
2012.08.23 08:06:03.286,1.05142,1.05151,1.50,1.73
2012.08.23 08:06:03.427,1.0514,1.05151,1.73,1.73
2012.08.23 08:06:03.700,1.0514,1.05153,5.48,1.73
2012.08.23 08:06:04.186,1.0514,1.05152,2.48,2.48
2012.08.23 08:06:04.626,1.05141,1.05153,2.25,2.48
2012.08.23 08:06:05.259,1.05139,1.0515,1.73,1.73
2012.08.23 08:06:06.159,1.05138,1.0515,1.73,2.48
2012.08.23 08:06:06.425,1.0514,1.05152,1.35,4.73
2012.08.23 08:06:06.946,1.05141,1.05152,2.25,1.73
2012.08.23 08:06:07.447,1.05141,1.05154,3.75,3.98
2012.08.23 08:06:07.696,1.05142,1.05154,1.50,3.98
2012.08.23 08:06:07.947,1.05143,1.05157,1.73,3.23
2012.08.23 08:06:08.106,1.05143,1.05155,1.73,1.73
2012.08.23 08:06:08.427,1.05142,1.05153,1.50,3.98
2012.08.23 08:06:09.087,1.0514,1.05153,3.23,3.98
2012.08.23 08:06:09.427,1.0514,1.05151,1.73,2.48
2012.08.23 08:06:11.208,1.05142,1.05155,4.20,2.48
2012.08.23 08:06:11.336,1.05144,1.05156,1.73,1.35
2012.08.23 08:06:11.407,1.05146,1.05157,1.50,1.73
2012.08.23 08:06:12.045,1.05144,1.05157,2.48,3.23
2012.08.23 08:06:12.595,1.05144,1.05157,2.48,3.23
2012.08.23 08:06:14.476,1.05146,1.05158,3.00,2.48
2012.08.23 08:06:14.618,1.05148,1.05159,1.73,1.51
2012.08.23 08:06:15.144,1.05149,1.05161,2.48,1.73
2012.08.23 08:06:16.399,1.05148,1.0516,3.23,3.60
2012.08.23 08:06:16.739,1.05144,1.05157,2.48,2.48
2012.08.23 08:06:17.296,1.05144,1.05156,2.48,1.73
2012.08.23 08:06:18.339,1.05145,1.05156,1.73,1.73
2012.08.23 08:06:18.688,1.05147,1.05156,1.73,1.50
2012.08.23 08:06:18.772,1.05147,1.0516,3.23,2.48
2012.08.23 08:06:19.326,1.05147,1.0516,3.23,2.48
2012.08.23 08:06:22.874,1.05149,1.05161,1.73,2.10
2012.08.23 08:06:23.447,1.05149,1.0516,1.73,1.73
2012.08.23 08:06:23.965,1.05149,1.05158,2.48,2.25
2012.08.23 08:06:24.259,1.05146,1.05157,1.50,2.48
2012.08.23 08:06:24.505,1.05144,1.05155,2.03,3.00
2012.08.23 08:06:25.016,1.05144,1.05155,2.48,1.50
2012.08.23 08:06:28.017,1.05144,1.05157,3.23,3.98
2012.08.23 08:06:28.584,1.05144,1.05157,1.73,2.48
2012.08.23 08:06:29.134,1.05144,1.05157,1.73,2.48
2012.08.23 08:06:32.876,1.05144,1.05157,1.73,1.73
2012.08.23 08:06:36.956,1.05144,1.05157,1.73,1.73
2012.08.23 08:06:37.609,1.05143,1.05154,1.73,1.50
2012.08.23 08:06:37.685,1.05142,1.05152,2.25,1.73
2012.08.23 08:06:39.086,1.05142,1.05154,2.25,1.73
2012.08.23 08:06:39.159,1.05142,1.05154,2.25,1.73
2012.08.23 08:06:39.286,1.05143,1.05155,1.50,3.23
2012.08.23 08:06:39.359,1.05144,1.05155,1.73,1.73
2012.08.23 08:06:39.907,1.05146,1.05158,1.50,3.23
2012.08.23 08:06:40.419,1.0515,1.05161,2.25,1.73
2012.08.23 08:06:40.490,1.0515,1.05161,3.00,1.73
2012.08.23 08:06:40.867,1.0515,1.05161,3.00,1.73
2012.08.23 08:06:41.008,1.05151,1.05162,1.50,1.73
2012.08.23 08:06:41.742,1.05151,1.05162,1.50,1.73
2012.08.23 08:06:42.274,1.0515,1.05162,3.00,1.73
2012.08.23 08:06:42.775,1.05148,1.05161,2.10,1.73
2012.08.23 08:06:42.909,1.05147,1.05158,1.73,1.88
2012.08.23 08:06:43.120,1.05143,1.05157,2.48,3.23
2012.08.23 08:06:43.756,1.05143,1.05157,2.48,3.23
2012.08.23 08:06:44.895,1.05143,1.05157,2.48,3.23
2012.08.23 08:06:48.344,1.05143,1.05157,2.48,3.23
2012.08.23 08:06:48.849,1.05143,1.05157,2.48,3.23
2012.08.23 08:06:49.805,1.05144,1.05157,1.73,3.23
2012.08.23 08:06:50.414,1.05143,1.05157,2.48,3.23
2012.08.23 08:07:00.295,1.05147,1.05157,1.13,3.23
2012.08.23 08:07:00.607,1.05148,1.05157,2.25,1.73
2012.08.23 08:07:00.948,1.05151,1.05157,1.50,1.50
2012.08.23 08:07:01.167,1.05151,1.0516,3.00,1.73
2012.08.23 08:07:01.880,1.05151,1.05163,1.50,1.73
2012.08.23 08:07:02.660,1.05154,1.05165,1.50,3.98
2012.08.23 08:07:02.786,1.05155,1.05165,1.73,1.73
2012.08.23 08:07:02.979,1.05153,1.05164,1.73,1.50
2012.08.23 08:07:03.286,1.05152,1.05164,1.50,3.98
2012.08.23 08:07:03.797,1.05153,1.05164,2.63,1.73
2012.08.23 08:07:03.867,1.05153,1.05165,2.85,2.25
2012.08.23 08:07:04.414,1.05154,1.05167,2.48,2.10
2012.08.23 08:07:06.618,1.05154,1.05167,1.73,2.10
2012.08.23 08:07:06.938,1.05151,1.05163,2.25,3.23
2012.08.23 08:07:07.494,1.05152,1.05163,2.25,1.73
2012.08.23 08:07:08.444,1.05152,1.05163,2.25,1.73
2012.08.23 08:07:10.186,1.05153,1.05165,1.50,3.98
2012.08.23 08:07:10.375,1.05154,1.05167,1.73,1.73
2012.08.23 08:07:10.885,1.05154,1.05167,2.48,1.73
2012.08.23 08:07:11.395,1.05154,1.05167,1.73,1.73
2012.08.23 08:07:12.969,1.05154,1.05167,2.48,1.73
2012.08.23 08:07:13.785,1.05155,1.05167,1.50,1.73
2012.08.23 08:07:16.177,1.05154,1.05165,1.73,1.13
2012.08.23 08:07:16.568,1.05151,1.05159,1.50,1.50
2012.08.23 08:07:17.115,1.05148,1.05161,3.98,4.35
2012.08.23 08:07:17.316,1.05148,1.05161,3.23,4.35
2012.08.23 08:07:18.250,1.05148,1.05161,3.23,3.60
2012.08.23 08:07:18.696,1.05149,1.05161,3.08,3.60
2012.08.23 08:07:19.554,1.05152,1.05164,1.50,1.73
2012.08.23 08:07:19.937,1.05154,1.05166,3.23,1.25
2012.08.23 08:07:20.486,1.05154,1.05167,3.98,4.25
2012.08.23 08:07:21.805,1.05154,1.05166,3.98,1.25
2012.08.23 08:07:22.314,1.05154,1.05166,3.98,1.25
2012.08.23 08:07:22.838,1.05154,1.05167,3.98,4.25
2012.08.23 08:07:23.645,1.05154,1.05166,3.98,1.25
2012.08.23 08:07:24.301,1.05154,1.05167,4.73,4.25
2012.08.23 08:07:25.415,1.05154,1.05167,4.73,4.25
2012.08.23 08:07:25.667,1.05154,1.05164,2.48,1.51
2012.08.23 08:07:25.856,1.05152,1.05164,2.25,2.48
2012.08.23 08:07:26.368,1.05152,1.05164,2.25,2.48
2012.08.23 08:07:28.218,1.05154,1.05164,1.50,1.73
2012.08.23 08:07:28.288,1.05154,1.05165,1.73,3.23
2012.08.23 08:07:28.475,1.05155,1.05166,1.73,2.00
2012.08.23 08:07:29.006,1.05153,1.05167,3.98,3.50
2012.08.23 08:07:29.615,1.05154,1.05167,1.73,3.50
2012.08.23 08:07:30.424,1.05154,1.05166,1.73,1.25
2012.08.23 08:07:31.048,1.05156,1.05167,1.50,2.75
2012.08.23 08:07:31.378,1.05156,1.05167,2.85,1.78
2012.08.23 08:07:31.649,1.05157,1.05168,1.50,4.35
2012.08.23 08:07:31.790,1.05158,1.0517,2.25,3.23
2012.08.23 08:07:31.930,1.05158,1.05169,1.73,2.25
2012.08.23 08:07:32.436,1.05158,1.0517,2.48,2.48
2012.08.23 08:07:33.508,1.05161,1.05173,2.25,3.60
2012.08.23 08:07:34.117,1.0516,1.05172,3.23,2.48
2012.08.23 08:07:34.665,1.05157,1.05169,3.67,1.50
2012.08.23 08:07:36.276,1.05159,1.05171,1.73,3.23
2012.08.23 08:07:41.225,1.0516,1.05172,3.23,1.73
2012.08.23 08:07:41.776,1.05161,1.05172,1.50,1.73
2012.08.23 08:07:43.586,1.0516,1.05172,2.48,3.23
2012.08.23 08:07:44.656,1.05158,1.0517,2.55,2.48
2012.08.23 08:07:45.275,1.05159,1.0517,1.73,3.23
2012.08.23 08:07:46.035,1.05159,1.0517,1.73,2.48
2012.08.23 08:07:48.259,1.05158,1.05168,2.48,1.50
2012.08.23 08:07:48.648,1.05158,1.05167,1.73,2.25
2012.08.23 08:07:48.797,1.05158,1.05168,1.73,2.25
2012.08.23 08:07:49.344,1.05158,1.0517,1.73,2.48
2012.08.23 08:07:50.358,1.0516,1.0517,1.73,2.48
2012.08.23 08:07:51.606,1.05159,1.0517,1.73,3.98
2012.08.23 08:07:51.747,1.05158,1.05168,1.80,1.50
2012.08.23 08:07:52.546,1.05158,1.0517,1.05,6.23
2012.08.23 08:07:54.327,1.05158,1.05168,1.80,1.50
2012.08.23 08:07:55.116,1.05154,1.05167,3.30,2.48
2012.08.23 08:07:55.677,1.05153,1.05163,1.73,1.50
2012.08.23 08:07:55.806,1.05152,1.05163,2.25,1.73
2012.08.23 08:07:57.236,1.05151,1.05163,1.50,1.73
2012.08.23 08:07:57.936,1.05151,1.05163,2.25,2.48
2012.08.23 08:07:59.988,1.05153,1.05164,1.80,1.50
2012.08.23 08:08:00.548,1.05153,1.05166,3.30,2.48
2012.08.23 08:08:01.867,1.05153,1.05164,2.55,1.50
2012.08.23 08:08:02.363,1.05151,1.05164,1.50,3.23
2012.08.23 08:08:04.195,1.05152,1.05165,1.13,2.85
2012.08.23 08:08:04.455,1.05152,1.05166,5.63,2.48
2012.08.23 08:08:07.206,1.05154,1.05165,1.73,1.73
2012.08.23 08:08:07.462,1.05152,1.05163,1.50,2.48
2012.08.23 08:08:07.889,1.05149,1.0516,3.30,1.50
2012.08.23 08:08:08.273,1.05149,1.05159,2.55,2.25
2012.08.23 08:08:08.773,1.05149,1.0516,2.55,3.00
2012.08.23 08:08:10.696,1.0515,1.0516,1.50,1.50
2012.08.23 08:08:10.947,1.05151,1.0516,1.50,1.50
2012.08.23 08:08:11.495,1.05151,1.05163,3.00,1.73
2012.08.23 08:08:11.744,1.05149,1.05161,4.05,1.73
2012.08.23 08:08:12.057,1.05149,1.05158,1.80,1.50
2012.08.23 08:08:12.605,1.05149,1.0516,1.80,3.00
2012.08.23 08:08:15.596,1.05149,1.0516,1.80,2.25
2012.08.23 08:08:16.143,1.0515,1.0516,1.57,2.25
2012.08.23 08:08:16.655,1.05149,1.0516,2.55,2.25
2012.08.23 08:08:17.165,1.05149,1.0516,1.73,3.00
2012.08.23 08:08:17.236,1.0515,1.0516,1.50,1.50
2012.08.23 08:08:17.929,1.0515,1.05162,3.00,2.48
2012.08.23 08:08:19.289,1.0515,1.0516,1.50,1.50
2012.08.23 08:08:19.356,1.05149,1.0516,3.15,1.50
2012.08.23 08:08:19.605,1.05149,1.05158,1.80,1.50
2012.08.23 08:08:19.676,1.0515,1.0516,1.50,2.25
2012.08.23 08:08:20.235,1.0515,1.0516,1.50,2.25
2012.08.23 08:08:20.856,1.0515,1.05158,1.50,1.50
2012.08.23 08:08:21.487,1.05149,1.05158,1.73,1.50
2012.08.23 08:08:21.676,1.0515,1.05161,1.50,5.85
2012.08.23 08:08:22.056,1.05151,1.05162,1.50,2.48
2012.08.23 08:08:27.684,1.05151,1.0516,1.50,1.50
2012.08.23 08:08:28.195,1.05151,1.0516,1.50,1.50
2012.08.23 08:08:28.624,1.05149,1.05158,2.48,1.50
2012.08.23 08:08:29.016,1.05151,1.05158,1.50,1.50
2012.08.23 08:08:29.086,1.05151,1.0516,1.50,1.50
2012.08.23 08:08:29.646,1.05151,1.05162,1.50,3.23
2012.08.23 08:08:30.337,1.05151,1.05163,2.25,1.73
2012.08.23 08:08:30.706,1.05149,1.05161,1.80,3.60
2012.08.23 08:08:31.628,1.05149,1.0516,2.48,1.50
2012.08.23 08:08:32.057,1.05151,1.05161,1.50,2.48
2012.08.23 08:08:32.546,1.05151,1.05162,2.25,3.60
2012.08.23 08:08:33.105,1.05151,1.05161,1.50,1.73
2012.08.23 08:08:34.237,1.05151,1.05162,1.50,1.73
2012.08.23 08:08:34.547,1.05149,1.0516,1.73,2.25
2012.08.23 08:08:35.277,1.05149,1.0516,1.73,3.75
2012.08.23 08:08:35.792,1.05148,1.05159,1.73,3.75
2012.08.23 08:08:36.370,1.05149,1.05159,1.73,3.00
2012.08.23 08:08:36.556,1.05149,1.05159,1.73,2.25
2012.08.23 08:08:37.115,1.05151,1.05162,1.50,3.23
2012.08.23 08:08:37.616,1.05151,1.05162,1.50,2.48
2012.08.23 08:08:37.996,1.05151,1.05162,1.50,3.60
2012.08.23 08:08:38.306,1.05148,1.05158,2.55,1.50
2012.08.23 08:08:38.674,1.05148,1.05158,2.48,1.50
2012.08.23 08:08:38.870,1.05149,1.0516,1.05,5.25
2012.08.23 08:08:39.495,1.05149,1.05163,2.55,3.98
2012.08.23 08:08:40.000,1.0515,1.05163,1.50,3.98
2012.08.23 08:08:41.035,1.05151,1.05163,1.50,3.23
2012.08.23 08:08:42.774,1.05152,1.05164,1.50,1.73
2012.08.23 08:08:44.297,1.05151,1.05161,1.50,2.85
2012.08.23 08:08:44.427,1.05149,1.05161,1.80,2.48
2012.08.23 08:08:44.676,1.05149,1.05159,1.80,1.50
2012.08.23 08:08:45.104,1.05148,1.05159,1.80,2.25
2012.08.23 08:08:45.615,1.05148,1.0516,2.48,1.50
2012.08.23 08:08:46.141,1.05149,1.05161,1.05,3.23
2012.08.23 08:08:47.327,1.05149,1.05161,1.80,3.98
2012.08.23 08:08:47.876,1.05148,1.05161,2.55,3.98
2012.08.23 08:08:48.325,1.05149,1.05161,1.73,3.98
2012.08.23 08:08:48.884,1.0515,1.05161,1.50,2.48
2012.08.23 08:08:52.185,1.0515,1.05161,2.25,2.48
2012.08.23 08:08:53.066,1.05158,1.05167,1.50,1.51
2012.08.23 08:08:53.136,1.05157,1.05167,2.63,1.51
2012.08.23 08:08:53.266,1.05157,1.05167,2.85,1.50
2012.08.23 08:08:53.767,1.05157,1.05169,5.10,1.50
2012.08.23 08:08:54.297,1.05158,1.0517,2.48,3.23
2012.08.23 08:08:54.815,1.05161,1.05172,1.50,1.73
2012.08.23 08:08:55.326,1.0516,1.05173,3.23,4.73
2012.08.23 08:08:56.175,1.0516,1.05173,3.23,4.73
2012.08.23 08:08:57.083,1.05159,1.05172,3.83,3.98
2012.08.23 08:08:57.756,1.05159,1.05172,5.33,2.48
2012.08.23 08:08:58.278,1.05161,1.05172,1.50,2.48
2012.08.23 08:08:58.468,1.05159,1.05169,2.48,1.50
2012.08.23 08:08:59.041,1.05157,1.05168,4.05,2.25
2012.08.23 08:08:59.587,1.05158,1.05171,3.98,3.23
2012.08.23 08:08:59.956,1.0516,1.05171,1.73,2.48
2012.08.23 08:09:00.465,1.05163,1.05173,1.50,1.73
2012.08.23 08:09:01.079,1.05163,1.05173,1.50,3.23
2012.08.23 08:09:02.255,1.05161,1.05173,1.50,3.23
2012.08.23 08:09:02.514,1.0516,1.05173,4.73,5.10
2012.08.23 08:09:04.838,1.05159,1.05171,1.73,3.23
2012.08.23 08:09:05.357,1.0516,1.05172,3.23,1.73
2012.08.23 08:09:07.205,1.0516,1.05172,1.73,1.73
2012.08.23 08:09:08.469,1.0516,1.05171,2.48,1.73
2012.08.23 08:09:08.774,1.05161,1.05173,1.50,2.48
2012.08.23 08:09:09.217,1.05163,1.05176,1.73,3.23
2012.08.23 08:09:10.135,1.05165,1.05176,1.13,3.23
2012.08.23 08:09:10.267,1.05166,1.05176,1.13,3.23
2012.08.23 08:09:10.578,1.05167,1.05176,2.10,1.50
2012.08.23 08:09:14.244,1.05167,1.05179,2.10,1.50
2012.08.23 08:09:16.107,1.05169,1.05181,1.73,2.48
2012.08.23 08:09:16.177,1.05171,1.05181,1.50,1.73
2012.08.23 08:09:16.687,1.05173,1.05183,1.50,1.73
2012.08.23 08:09:17.208,1.05176,1.05187,1.50,3.23
2012.08.23 08:09:17.489,1.05176,1.05187,2.25,2.48
2012.08.23 08:09:17.886,1.05177,1.05188,1.73,1.50
2012.08.23 08:09:20.367,1.05179,1.0519,1.73,2.48
2012.08.23 08:09:20.638,1.05183,1.05193,2.25,2.48
2012.08.23 08:09:20.957,1.05184,1.05195,1.73,1.05
2012.08.23 08:09:21.500,1.05183,1.05194,2.48,2.63
2012.08.23 08:09:21.710,1.05179,1.05192,2.48,2.48
2012.08.23 08:09:21.859,1.05179,1.05191,1.73,2.48
2012.08.23 08:09:22.058,1.05179,1.0519,1.73,2.25
2012.08.23 08:09:22.187,1.05179,1.05189,1.73,1.50
2012.08.23 08:09:22.748,1.05177,1.05188,1.42,1.50
2012.08.23 08:09:23.217,1.05175,1.05185,3.53,1.50
2012.08.23 08:09:23.426,1.05173,1.05185,1.80,1.73
2012.08.23 08:09:23.961,1.05173,1.05185,1.80,1.73
2012.08.23 08:09:25.417,1.05177,1.05189,1.35,3.38
2012.08.23 08:09:25.628,1.05177,1.05187,1.50,1.73
2012.08.23 08:09:25.697,1.05173,1.05187,1.05,3.23
2012.08.23 08:09:29.245,1.05176,1.05187,1.50,2.48
2012.08.23 08:09:29.316,1.05176,1.05187,2.32,2.48
2012.08.23 08:09:29.865,1.05177,1.05189,1.05,3.00
2012.08.23 08:09:30.468,1.05177,1.05189,2.55,2.25
2012.08.23 08:09:30.908,1.0518,1.0519,1.73,2.48
2012.08.23 08:09:31.403,1.05182,1.05195,1.05,3.00
2012.08.23 08:09:31.796,1.05183,1.05195,1.05,3.00
2012.08.23 08:09:32.336,1.05184,1.05197,1.05,2.78
2012.08.23 08:09:32.787,1.0518,1.05194,2.55,1.50
2012.08.23 08:09:32.988,1.05179,1.05191,1.80,1.73
2012.08.23 08:09:34.077,1.0518,1.0519,1.05,1.73
2012.08.23 08:09:36.536,1.05178,1.05189,1.05,2.25
2012.08.23 08:09:37.333,1.05176,1.05183,1.65,2.25
2012.08.23 08:09:37.567,1.05173,1.05181,1.80,2.48
2012.08.23 08:09:38.106,1.05175,1.05181,1.13,2.48
2012.08.23 08:09:38.357,1.0517,1.05181,1.13,2.48
2012.08.23 08:09:38.906,1.05168,1.05181,3.67,3.98
2012.08.23 08:09:39.416,1.05168,1.0518,3.67,2.25
2012.08.23 08:09:43.336,1.05168,1.05179,2.17,2.25
2012.08.23 08:09:43.776,1.05168,1.0518,2.17,2.25
2012.08.23 08:09:44.047,1.0517,1.05181,1.88,1.73
2012.08.23 08:09:44.308,1.05173,1.05183,1.50,1.73
2012.08.23 08:09:44.796,1.05171,1.05184,1.50,3.23
2012.08.23 08:09:48.825,1.0517,1.05182,1.88,1.73
2012.08.23 08:09:49.555,1.05168,1.05182,3.30,1.73
2012.08.23 08:09:50.715,1.05169,1.05183,2.92,3.98
2012.08.23 08:09:51.281,1.05171,1.05183,1.50,1.73
2012.08.23 08:09:53.615,1.05169,1.05182,3.67,1.73
2012.08.23 08:09:54.274,1.05171,1.05183,1.50,3.23
2012.08.23 08:09:59.186,1.0517,1.05182,1.13,1.73
2012.08.23 08:09:59.736,1.05168,1.0518,1.05,1.50
2012.08.23 08:10:01.206,1.05168,1.05178,1.05,1.50
2012.08.23 08:10:01.537,1.05165,1.05176,1.73,1.50
2012.08.23 08:10:01.688,1.05165,1.05176,1.50,1.73
2012.08.23 08:10:01.998,1.05165,1.05176,1.50,1.73
2012.08.23 08:10:02.554,1.05167,1.05177,1.35,2.25
2012.08.23 08:10:03.079,1.05163,1.05174,2.55,1.50
2012.08.23 08:10:03.147,1.05162,1.05174,2.55,2.25
2012.08.23 08:10:03.276,1.05162,1.05174,2.17,2.25
2012.08.23 08:10:03.600,1.05162,1.05171,2.17,1.50
2012.08.23 08:10:03.949,1.05158,1.05169,1.05,1.73
2012.08.23 08:10:04.277,1.05154,1.05163,8.92,1.50
2012.08.23 08:10:04.405,1.05154,1.05165,8.92,1.50
2012.08.23 08:10:04.616,1.05154,1.05165,2.02,1.50
2012.08.23 08:10:05.867,1.05157,1.05165,1.13,2.25
2012.08.23 08:10:06.139,1.05157,1.05169,1.80,1.51
2012.08.23 08:10:06.666,1.05157,1.0517,3.30,1.50
2012.08.23 08:10:08.269,1.05157,1.05167,1.80,1.50
2012.08.23 08:10:11.681,1.05157,1.05165,1.35,1.50
2012.08.23 08:10:11.840,1.05153,1.05163,1.05,2.25
2012.08.23 08:10:12.300,1.0515,1.05161,3.30,1.73
2012.08.23 08:10:12.826,1.05149,1.05162,4.27,3.23
2012.08.23 08:10:14.149,1.05147,1.0516,4.42,1.73
2012.08.23 08:10:14.855,1.05147,1.05158,2.92,1.50
2012.08.23 08:10:15.397,1.05148,1.05159,1.05,1.50
2012.08.23 08:10:15.466,1.05147,1.05159,2.48,1.50
2012.08.23 08:10:15.538,1.05147,1.05157,1.50,1.73
2012.08.23 08:10:15.808,1.05149,1.05156,1.13,1.73
2012.08.23 08:10:15.947,1.05149,1.05158,2.10,1.50
2012.08.23 08:10:16.350,1.0515,1.0516,1.73,2.48
2012.08.23 08:10:16.487,1.05152,1.05162,1.50,2.48
2012.08.23 08:10:17.421,1.05149,1.05163,2.92,3.23
2012.08.23 08:10:17.837,1.05147,1.05158,1.42,1.50
2012.08.23 08:10:19.255,1.05149,1.0516,1.42,4.73
2012.08.23 08:10:19.810,1.05149,1.05162,4.27,2.48
2012.08.23 08:10:22.148,1.0515,1.05157,1.73,1.50
2012.08.23 08:10:24.375,1.05148,1.05159,1.35,1.50
2012.08.23 08:10:25.357,1.05147,1.05158,1.80,1.50
2012.08.23 08:10:25.668,1.05146,1.05157,1.13,3.23
2012.08.23 08:10:28.409,1.05143,1.05155,2.92,1.50
2012.08.23 08:10:28.957,1.05144,1.05155,1.05,2.25
2012.08.23 08:10:29.091,1.05144,1.05158,1.80,3.98
2012.08.23 08:10:29.165,1.05148,1.05158,1.50,3.23
2012.08.23 08:10:29.238,1.05148,1.05158,2.92,3.00
2012.08.23 08:10:29.566,1.05149,1.0516,1.35,1.50
2012.08.23 08:10:30.139,1.05148,1.05161,4.35,3.23
2012.08.23 08:10:30.667,1.0515,1.05161,2.63,1.73
2012.08.23 08:10:31.000,1.0515,1.05163,4.13,3.23
2012.08.23 08:10:31.605,1.05151,1.05163,1.50,2.48
2012.08.23 08:10:32.176,1.0515,1.05162,4.88,1.73
2012.08.23 08:10:32.556,1.05148,1.05162,2.92,3.98
2012.08.23 08:10:32.886,1.05148,1.05159,1.05,1.50
2012.08.23 08:10:33.587,1.05148,1.05159,2.92,1.50
2012.08.23 08:10:34.425,1.0515,1.05162,3.00,3.98
2012.08.23 08:10:34.759,1.05151,1.05163,2.25,2.48
2012.08.23 08:10:37.466,1.05151,1.05162,2.25,1.73
2012.08.23 08:10:38.017,1.05151,1.05162,1.50,4.73
2012.08.23 08:10:38.575,1.0515,1.05161,1.50,2.48
2012.08.23 08:10:40.564,1.05149,1.05161,3.67,2.48
2012.08.23 08:10:43.238,1.0515,1.05161,1.50,2.48
2012.08.23 08:10:44.296,1.05148,1.05159,3.23,1.50
2012.08.23 08:10:44.604,1.05148,1.05157,1.73,1.50
2012.08.23 08:10:45.035,1.05147,1.05157,1.80,1.50
2012.08.23 08:10:45.106,1.05147,1.05159,1.80,1.50
2012.08.23 08:10:48.084,1.05149,1.0516,1.73,3.75
2012.08.23 08:10:48.456,1.05148,1.05157,1.73,2.25
2012.08.23 08:10:48.777,1.05147,1.05156,1.50,2.48
2012.08.23 08:10:48.917,1.05147,1.05159,1.73,3.76
2012.08.23 08:10:49.496,1.05148,1.05159,1.73,2.25
2012.08.23 08:10:50.936,1.05147,1.05159,1.73,3.00
2012.08.23 08:10:51.480,1.05146,1.05158,3.07,4.50
2012.08.23 08:10:51.726,1.05146,1.05157,1.88,1.50
2012.08.23 08:10:51.858,1.05144,1.05156,1.73,1.73
2012.08.23 08:10:52.430,1.05144,1.05154,1.73,1.50
2012.08.23 08:10:53.590,1.05143,1.05154,2.85,2.25
2012.08.23 08:10:54.204,1.05143,1.05156,2.10,1.73
2012.08.23 08:10:54.284,1.05142,1.05153,2.48,2.25
2012.08.23 08:10:54.356,1.05141,1.05153,1.50,2.48
2012.08.23 08:10:54.898,1.05143,1.05155,2.10,3.23
2012.08.23 08:10:55.561,1.05145,1.05155,1.73,3.23
2012.08.23 08:10:57.446,1.05144,1.05155,2.48,2.48
2012.08.23 08:10:59.095,1.05144,1.05155,1.73,2.48
2012.08.23 08:11:01.170,1.05143,1.05153,1.73,1.50
2012.08.23 08:11:01.355,1.0514,1.05153,4.42,3.23
2012.08.23 08:11:02.005,1.05143,1.05154,2.17,1.50
2012.08.23 08:11:02.537,1.05144,1.05156,2.48,3.23
2012.08.23 08:11:02.997,1.05144,1.05156,2.48,3.23
2012.08.23 08:11:03.309,1.05144,1.05156,1.73,3.23
2012.08.23 08:11:04.916,1.05143,1.05154,3.67,1.50
2012.08.23 08:11:06.824,1.05145,1.05154,1.73,2.25
2012.08.23 08:11:07.085,1.05141,1.05152,2.25,1.73
2012.08.23 08:11:07.647,1.05143,1.05155,2.85,3.98
2012.08.23 08:11:12.772,1.05147,1.05156,3.00,1.73
2012.08.23 08:11:13.129,1.05153,1.05163,1.50,2.78
2012.08.23 08:11:13.440,1.05152,1.05165,3.82,5.86
2012.08.23 08:11:13.945,1.05156,1.05165,1.50,2.86
2012.08.23 08:11:14.267,1.05155,1.05162,1.73,1.50
2012.08.23 08:11:14.456,1.05155,1.05165,1.73,2.10
2012.08.23 08:11:14.686,1.05155,1.05165,1.73,3.60
2012.08.23 08:11:14.997,1.05151,1.05164,3.00,3.98
2012.08.23 08:11:15.185,1.05151,1.05164,3.75,3.98
2012.08.23 08:11:19.474,1.05152,1.05164,1.50,3.98
2012.08.23 08:11:19.545,1.05152,1.05164,1.50,3.98
2012.08.23 08:11:20.165,1.05152,1.05164,1.50,3.98
2012.08.23 08:11:24.687,1.05152,1.05164,1.50,3.98
2012.08.23 08:11:26.572,1.05152,1.05164,1.50,3.98
2012.08.23 08:11:27.016,1.05154,1.05164,1.73,3.00
2012.08.23 08:11:28.916,1.05152,1.05163,1.80,1.50
2012.08.23 08:11:29.046,1.05152,1.05163,1.50,1.73
2012.08.23 08:11:31.246,1.05154,1.05163,1.50,1.73
2012.08.23 08:11:31.435,1.05153,1.05165,2.48,2.86
2012.08.23 08:11:31.885,1.05153,1.05165,1.73,3.60
2012.08.23 08:11:32.076,1.05152,1.05164,3.00,2.48
2012.08.23 08:11:37.336,1.0515,1.05159,2.48,2.25
2012.08.23 08:11:37.469,1.05148,1.05155,1.50,1.13
2012.08.23 08:11:37.799,1.05144,1.05153,1.50,3.23
2012.08.23 08:11:37.938,1.05144,1.05152,1.50,1.73
2012.08.23 08:11:38.076,1.0514,1.05151,2.10,1.73
2012.08.23 08:11:38.640,1.0514,1.05152,2.10,1.73
2012.08.23 08:11:39.155,1.0514,1.05149,2.10,1.50
2012.08.23 08:11:39.856,1.0514,1.05151,2.85,1.73
2012.08.23 08:11:40.615,1.0514,1.05147,3.60,1.50
2012.08.23 08:11:40.685,1.0514,1.05149,3.60,1.50
2012.08.23 08:11:41.248,1.05141,1.05152,1.50,2.48
2012.08.23 08:11:41.794,1.05142,1.05153,1.50,1.73
2012.08.23 08:11:46.266,1.05141,1.05152,1.50,2.48
2012.08.23 08:11:47.186,1.05141,1.05152,1.50,3.23
2012.08.23 08:11:50.878,1.0514,1.05152,2.10,3.98
2012.08.23 08:11:52.585,1.0514,1.05153,2.85,1.73
2012.08.23 08:11:53.406,1.0514,1.05154,2.85,4.73
2012.08.23 08:11:55.915,1.0514,1.05154,3.60,3.98
2012.08.23 08:11:56.447,1.0514,1.05154,3.60,3.23
2012.08.23 08:11:57.517,1.05142,1.05154,1.50,3.23
2012.08.23 08:11:58.247,1.05143,1.05154,2.63,1.73
2012.08.23 08:11:58.375,1.05144,1.05154,1.73,1.50
2012.08.23 08:11:58.895,1.05143,1.05155,2.17,1.73
2012.08.23 08:12:00.406,1.05144,1.05155,1.73,1.73
2012.08.23 08:12:00.748,1.05145,1.05158,2.17,4.80
2012.08.23 08:12:00.818,1.05144,1.05157,5.92,2.48
2012.08.23 08:12:02.038,1.05142,1.05154,1.80,1.50
2012.08.23 08:12:02.369,1.05141,1.05152,1.13,2.48
2012.08.23 08:12:02.556,1.05141,1.05152,1.13,2.48
2012.08.23 08:12:03.105,1.05141,1.05152,1.13,2.48
2012.08.23 08:12:03.624,1.05141,1.05152,1.13,1.73
2012.08.23 08:12:04.886,1.05141,1.05152,1.13,2.48
2012.08.23 08:12:04.956,1.05138,1.05149,1.42,1.50
2012.08.23 08:12:05.087,1.05138,1.05147,1.35,1.50
2012.08.23 08:12:05.347,1.05134,1.05145,2.10,2.48
2012.08.23 08:12:11.869,1.05134,1.05144,1.35,1.50
2012.08.23 08:12:11.938,1.05134,1.05144,1.35,2.25
2012.08.23 08:12:12.277,1.05135,1.05142,1.13,1.73
2012.08.23 08:12:15.458,1.05138,1.05144,1.13,2.48
2012.08.23 08:12:15.599,1.05138,1.05147,1.35,2.26
2012.08.23 08:12:15.670,1.05138,1.05148,1.35,2.56
2012.08.23 08:12:15.878,1.05138,1.0515,1.35,3.01
2012.08.23 08:12:16.435,1.05138,1.05148,1.35,1.50
2012.08.23 08:12:16.948,1.05138,1.05148,1.35,3.01
2012.08.23 08:12:17.854,1.05138,1.05148,1.13,4.73
2012.08.23 08:12:17.934,1.05134,1.05144,2.10,1.50
2012.08.23 08:12:18.447,1.05134,1.05147,1.35,3.23
2012.08.23 08:12:19.208,1.05134,1.05147,1.35,3.23
2012.08.23 08:12:21.784,1.05134,1.05146,1.35,1.73
2012.08.23 08:12:24.278,1.05134,1.05146,2.85,1.73
2012.08.23 08:12:24.348,1.05134,1.05146,2.85,1.73
2012.08.23 08:12:24.705,1.05137,1.05147,1.35,3.00
2012.08.23 08:12:25.148,1.05136,1.05148,1.35,2.26
2012.08.23 08:12:25.215,1.05135,1.05147,2.48,2.25
2012.08.23 08:12:25.348,1.05135,1.05147,2.03,3.23
2012.08.23 08:12:25.857,1.05134,1.05144,1.35,1.50
2012.08.23 08:12:27.678,1.05134,1.05147,2.85,4.28
2012.08.23 08:12:28.747,1.05134,1.05147,2.85,5.48
2012.08.23 08:12:31.073,1.05134,1.05145,2.10,2.48
2012.08.23 08:12:31.387,1.05138,1.05147,1.35,1.50
2012.08.23 08:12:34.689,1.05134,1.05147,4.28,3.75
2012.08.23 08:12:35.014,1.05134,1.05146,1.35,2.48
2012.08.23 08:12:35.157,1.05132,1.05144,1.73,2.63
2012.08.23 08:12:35.508,1.0513,1.05137,2.25,1.50
2012.08.23 08:12:35.579,1.05129,1.05136,2.48,1.50
2012.08.23 08:12:35.783,1.05125,1.05133,1.73,2.25
2012.08.23 08:12:36.307,1.05124,1.05132,1.13,1.73
2012.08.23 08:12:38.567,1.05124,1.05133,1.13,1.73
2012.08.23 08:12:38.662,1.05119,1.05128,2.48,1.50
2012.08.23 08:12:38.809,1.05116,1.05126,1.73,2.25
2012.08.23 08:12:39.020,1.05115,1.05125,1.73,2.48
2012.08.23 08:12:39.238,1.05112,1.05125,3.23,3.23
2012.08.23 08:12:40.029,1.05112,1.05123,2.48,2.25
2012.08.23 08:12:40.098,1.05112,1.05123,3.00,1.73
2012.08.23 08:12:40.946,1.0511,1.05123,1.73,1.73
2012.08.23 08:12:41.497,1.0511,1.05123,1.73,3.23
2012.08.23 08:12:43.006,1.0511,1.05122,1.73,1.73
2012.08.23 08:12:43.269,1.0511,1.05123,2.48,3.98
2012.08.23 08:12:43.396,1.05112,1.05123,3.23,1.50
2012.08.23 08:12:43.787,1.05113,1.05127,2.48,2.48
2012.08.23 08:12:44.737,1.05112,1.05125,1.80,1.50
2012.08.23 08:12:45.457,1.05112,1.05124,1.73,1.50
2012.08.23 08:12:46.167,1.05111,1.05124,3.00,3.98
2012.08.23 08:12:47.008,1.05111,1.05123,1.50,3.23
2012.08.23 08:12:47.460,1.05111,1.05125,2.32,3.23
2012.08.23 08:12:47.656,1.05112,1.05125,2.55,1.73
2012.08.23 08:12:49.336,1.05113,1.05125,2.10,2.48
2012.08.23 08:12:51.157,1.05113,1.05124,1.35,1.50
2012.08.23 08:12:51.406,1.0511,1.05123,1.50,3.98
2012.08.23 08:12:52.218,1.0511,1.05122,1.50,1.73
2012.08.23 08:12:53.417,1.05109,1.05122,4.35,2.48
2012.08.23 08:12:53.921,1.05112,1.05124,1.88,3.23
2012.08.23 08:12:54.237,1.05112,1.05124,2.10,2.25
2012.08.23 08:12:54.746,1.05112,1.05126,3.60,1.95
2012.08.23 08:12:55.089,1.05117,1.05126,1.73,1.73
2012.08.23 08:12:55.608,1.05118,1.0513,3.45,2.25
2012.08.23 08:12:55.678,1.05121,1.05133,1.50,2.48
2012.08.23 08:12:55.957,1.05122,1.05135,2.48,1.50
2012.08.23 08:12:56.386,1.05121,1.05135,1.73,3.23
2012.08.23 08:12:56.528,1.05118,1.05132,4.35,1.73
2012.08.23 08:12:58.276,1.05121,1.05132,1.50,1.73
2012.08.23 08:12:58.679,1.05122,1.05135,3.98,1.50
2012.08.23 08:12:59.187,1.05122,1.05132,3.23,1.13
2012.08.23 08:12:59.708,1.0512,1.05133,4.05,1.50
2012.08.23 08:13:00.240,1.05122,1.05132,1.73,1.13
2012.08.23 08:13:00.322,1.05121,1.05135,2.48,2.63
2012.08.23 08:13:00.518,1.05121,1.05132,2.25,1.73
2012.08.23 08:13:00.827,1.05117,1.05131,2.48,2.48
2012.08.23 08:13:01.146,1.05117,1.05131,3.23,1.73
2012.08.23 08:13:01.696,1.05121,1.05132,1.50,2.48
2012.08.23 08:13:01.767,1.05117,1.05129,3.23,1.50
2012.08.23 08:13:02.076,1.05116,1.05127,2.40,1.50
2012.08.23 08:13:02.628,1.05116,1.05128,3.45,1.50
2012.08.23 08:13:03.948,1.05116,1.05126,2.70,1.50
2012.08.23 08:13:05.095,1.05116,1.05128,2.10,3.75
2012.08.23 08:13:07.227,1.05116,1.05128,3.00,2.25
2012.08.23 08:13:08.317,1.05116,1.05128,3.00,1.50
2012.08.23 08:13:09.101,1.05117,1.05129,1.73,2.25
2012.08.23 08:13:14.013,1.05114,1.05122,2.40,2.25
2012.08.23 08:13:14.086,1.05114,1.05122,2.40,2.48
2012.08.23 08:13:14.418,1.05112,1.05122,1.50,4.35
2012.08.23 08:13:14.626,1.05107,1.0512,1.73,3.23
2012.08.23 08:13:14.698,1.05107,1.05118,1.73,1.50
2012.08.23 08:13:15.239,1.05106,1.05116,2.40,1.50
2012.08.23 08:13:15.367,1.05106,1.05119,3.53,4.50
2012.08.23 08:13:15.871,1.05106,1.05119,4.28,3.00
2012.08.23 08:13:20.167,1.05109,1.05122,2.33,3.46
2012.08.23 08:13:20.781,1.05112,1.05123,1.13,1.73
2012.08.23 08:13:20.850,1.05112,1.05124,2.10,2.25
2012.08.23 08:13:21.156,1.05112,1.05126,2.10,2.48
2012.08.23 08:13:21.669,1.05114,1.05127,2.55,3.23
2012.08.23 08:13:23.736,1.05114,1.05126,1.05,1.73
2012.08.23 08:13:23.929,1.05116,1.05127,2.25,1.73
2012.08.23 08:13:24.248,1.05117,1.05128,1.05,1.50
2012.08.23 08:13:24.796,1.05117,1.05127,1.05,1.50
2012.08.23 08:13:26.246,1.05116,1.05127,1.57,1.73
2012.08.23 08:13:26.317,1.05115,1.05127,1.80,2.48
2012.08.23 08:13:26.866,1.05113,1.05126,1.80,1.73
2012.08.23 08:13:28.106,1.05115,1.05126,1.65,1.73
2012.08.23 08:13:28.416,1.05117,1.05127,1.05,1.50
2012.08.23 08:13:29.130,1.05116,1.05128,2.33,3.75
2012.08.23 08:13:33.249,1.05119,1.05128,3.60,2.25
2012.08.23 08:13:33.389,1.05121,1.0513,1.50,1.73
2012.08.23 08:13:33.460,1.05126,1.05133,1.88,2.25
2012.08.23 08:13:33.669,1.05126,1.05139,2.85,2.25
2012.08.23 08:13:34.197,1.05127,1.05139,1.73,2.25
2012.08.23 08:13:35.887,1.05127,1.0514,3.98,2.48
2012.08.23 08:13:36.636,1.05128,1.0514,1.73,3.23
2012.08.23 08:13:36.889,1.05128,1.05136,1.73,1.50
2012.08.23 08:13:37.567,1.05126,1.05138,3.15,1.50
2012.08.23 08:13:37.815,1.05126,1.05139,3.15,3.00
2012.08.23 08:13:41.637,1.05129,1.0514,1.73,2.48
2012.08.23 08:13:42.148,1.05133,1.05146,2.10,1.73
2012.08.23 08:13:42.637,1.05133,1.05143,2.92,1.50
2012.08.23 08:13:42.828,1.05133,1.05146,1.80,2.70
2012.08.23 08:13:42.960,1.0513,1.05143,4.58,2.25
2012.08.23 08:13:43.169,1.05128,1.0514,2.55,1.50
2012.08.23 08:13:45.146,1.05127,1.05138,2.55,1.50
2012.08.23 08:13:45.578,1.05128,1.05142,2.48,4.35
2012.08.23 08:13:46.026,1.05127,1.05139,1.80,1.50
2012.08.23 08:13:46.528,1.05127,1.05138,1.80,1.50
2012.08.23 08:13:46.858,1.05127,1.0514,1.80,3.75
2012.08.23 08:13:50.898,1.05127,1.05137,1.05,1.50
2012.08.23 08:13:55.125,1.05127,1.05136,1.05,1.13
2012.08.23 08:13:55.330,1.05121,1.05129,1.57,1.50
2012.08.23 08:13:55.837,1.0512,1.05129,1.05,1.50
2012.08.23 08:13:56.428,1.05118,1.05129,2.48,2.25
2012.08.23 08:13:56.512,1.05118,1.05128,1.50,1.73
2012.08.23 08:13:56.590,1.05116,1.05126,1.50,1.73
2012.08.23 08:13:57.128,1.05113,1.05125,1.05,2.48
2012.08.23 08:13:57.929,1.05115,1.05125,1.05,1.73
2012.08.23 08:13:58.236,1.05117,1.05128,1.05,3.75
2012.08.23 08:13:58.853,1.05117,1.05127,1.05,1.50
2012.08.23 08:14:01.407,1.05114,1.05127,2.55,2.48
2012.08.23 08:14:01.716,1.05113,1.05123,1.05,1.50
2012.08.23 08:14:01.996,1.05113,1.05125,1.05,2.25
2012.08.23 08:14:03.005,1.05113,1.05124,1.05,1.50
2012.08.23 08:14:04.396,1.05113,1.05126,2.55,2.48
2012.08.23 08:14:05.165,1.05113,1.05124,1.05,1.50
2012.08.23 08:14:06.438,1.05112,1.05124,1.05,3.00
2012.08.23 08:14:06.568,1.05111,1.05124,3.07,3.23
2012.08.23 08:14:07.079,1.05109,1.05122,2.55,3.23
2012.08.23 08:14:07.409,1.05108,1.05118,2.17,1.50
2012.08.23 08:14:07.730,1.0511,1.05122,1.05,2.48
2012.08.23 08:14:08.488,1.0511,1.05121,2.55,1.73
2012.08.23 08:14:09.035,1.0511,1.05122,1.80,1.73
2012.08.23 08:14:10.507,1.0511,1.05122,2.55,1.50
2012.08.23 08:14:11.688,1.0511,1.05122,1.80,1.50
2012.08.23 08:14:11.876,1.0511,1.05122,1.05,4.88
2012.08.23 08:14:12.386,1.05107,1.05117,3.30,1.50
2012.08.23 08:14:12.926,1.05107,1.05119,3.30,1.50
2012.08.23 08:14:14.552,1.05107,1.05119,1.05,3.00
2012.08.23 08:14:15.065,1.05107,1.05117,1.05,1.50
2012.08.23 08:14:15.599,1.05107,1.05119,1.05,1.50
2012.08.23 08:14:16.130,1.05107,1.0512,1.05,3.75
2012.08.23 08:14:16.646,1.05107,1.0512,1.80,3.00
2012.08.23 08:14:17.645,1.05107,1.05116,1.05,1.13
2012.08.23 08:14:17.959,1.05098,1.05104,1.50,2.47
2012.08.23 08:14:18.467,1.0509,1.05104,2.25,4.88
2012.08.23 08:14:18.545,1.0509,1.05102,2.25,2.25
2012.08.23 08:14:18.987,1.05091,1.05099,0.80,1.50
2012.08.23 08:14:19.497,1.05092,1.05099,0.50,1.50
2012.08.23 08:14:20.055,1.05093,1.05102,0.50,5.10
2012.08.23 08:14:20.595,1.05094,1.05102,0.50,5.10
2012.08.23 08:14:20.796,1.05088,1.05102,1.80,5.11
2012.08.23 08:14:21.255,1.05088,1.05102,1.80,4.35
2012.08.23 08:14:21.685,1.05088,1.051,1.05,1.50
2012.08.23 08:14:21.998,1.05089,1.05095,0.50,3.00
2012.08.23 08:14:22.130,1.05089,1.05095,0.50,5.48
2012.08.23 08:14:22.639,1.0509,1.05094,0.50,1.50
2012.08.23 08:14:23.148,1.05091,1.05094,0.50,2.48
2012.08.23 08:14:23.338,1.05091,1.05095,0.50,1.50
2012.08.23 08:14:23.792,1.05092,1.05098,0.50,2.48
2012.08.23 08:14:24.109,1.05092,1.05095,0.50,1.50
2012.08.23 08:14:24.506,1.05083,1.05095,1.50,3.98
2012.08.23 08:14:24.817,1.05082,1.05095,2.32,1.73
2012.08.23 08:14:24.961,1.05083,1.05096,1.73,3.75
2012.08.23 08:14:25.276,1.05083,1.05094,1.50,2.48
2012.08.23 08:14:25.791,1.05082,1.05094,2.25,1.73
2012.08.23 08:14:26.305,1.05083,1.05094,1.50,1.73
2012.08.23 08:14:26.747,1.05083,1.05094,1.50,1.73
2012.08.23 08:14:28.718,1.05083,1.05092,2.25,1.35
2012.08.23 08:14:29.778,1.05082,1.05092,1.50,1.35
2012.08.23 08:14:30.108,1.05083,1.05096,3.30,3.38
2012.08.23 08:14:30.178,1.05083,1.05092,3.23,1.13
2012.08.23 08:14:30.427,1.05083,1.05092,1.50,1.35
2012.08.23 08:14:30.499,1.0508,1.0509,1.73,1.13
2012.08.23 08:14:31.189,1.05077,1.05086,2.55,1.13
2012.08.23 08:14:31.626,1.05077,1.05086,1.50,1.88
2012.08.23 08:14:31.759,1.05078,1.05085,1.50,2.25
2012.08.23 08:14:31.887,1.05074,1.05085,1.50,3.98
2012.08.23 08:14:32.434,1.05072,1.05085,1.80,2.25
2012.08.23 08:14:32.514,1.05072,1.05087,3.30,2.48
2012.08.23 08:14:34.231,1.05072,1.05086,3.30,2.25
2012.08.23 08:14:35.160,1.05072,1.05085,3.30,1.50
2012.08.23 08:14:35.348,1.05072,1.05085,3.30,1.50
2012.08.23 08:14:36.277,1.05071,1.05083,1.05,2.25
2012.08.23 08:14:36.787,1.0507,1.05083,4.73,3.23
2012.08.23 08:14:38.037,1.0507,1.05083,4.73,3.23
2012.08.23 08:14:38.110,1.0507,1.05082,4.73,2.63
2012.08.23 08:14:38.450,1.05066,1.05076,1.57,1.50
2012.08.23 08:14:39.105,1.05066,1.0507,1.50,2.25
2012.08.23 08:14:39.240,1.0506,1.0507,2.48,2.25
2012.08.23 08:14:39.448,1.05059,1.05069,2.48,2.25
2012.08.23 08:14:39.589,1.05061,1.05069,1.50,1.50
2012.08.23 08:14:40.097,1.05061,1.05071,1.50,2.25
2012.08.23 08:14:40.866,1.0506,1.05069,1.73,1.50
2012.08.23 08:14:41.057,1.05058,1.05069,3.38,1.73
2012.08.23 08:14:41.521,1.05062,1.0507,1.50,1.73
2012.08.23 08:14:41.668,1.05062,1.05071,1.50,2.25
2012.08.23 08:14:41.742,1.05064,1.05071,1.50,2.25
2012.08.23 08:14:42.289,1.05062,1.05073,2.25,1.73
2012.08.23 08:14:43.249,1.05062,1.05073,1.50,2.48
2012.08.23 08:14:43.691,1.05061,1.05073,2.48,2.48
2012.08.23 08:14:44.590,1.05061,1.05073,1.73,2.48
2012.08.23 08:14:44.797,1.05064,1.05074,2.25,2.48
2012.08.23 08:14:45.357,1.05063,1.05074,2.25,1.73
2012.08.23 08:14:45.685,1.05064,1.05074,1.50,1.73
2012.08.23 08:14:46.768,1.05066,1.05077,1.50,3.63
2012.08.23 08:14:47.038,1.05068,1.05077,1.50,3.00
2012.08.23 08:14:47.180,1.0507,1.05077,1.73,1.50
2012.08.23 08:14:47.609,1.05069,1.05079,2.85,1.50
2012.08.23 08:14:47.678,1.05069,1.05079,2.63,1.73
2012.08.23 08:14:47.817,1.05068,1.05078,1.50,2.48
2012.08.23 08:14:48.255,1.05064,1.05077,4.35,3.23
2012.08.23 08:14:48.800,1.05064,1.05077,4.35,3.23
2012.08.23 08:14:48.999,1.05068,1.05078,2.25,1.73
2012.08.23 08:14:49.308,1.05069,1.0508,1.73,1.50
2012.08.23 08:14:49.718,1.05069,1.05075,1.50,2.63
2012.08.23 08:14:50.189,1.05065,1.05074,1.50,2.48
2012.08.23 08:14:50.317,1.05063,1.05074,1.50,3.23
2012.08.23 08:14:50.928,1.05063,1.05074,1.50,3.23
2012.08.23 08:14:53.696,1.05063,1.05074,1.50,2.48
2012.08.23 08:14:54.065,1.05063,1.05074,1.50,2.48
2012.08.23 08:14:56.416,1.05062,1.05074,3.75,2.48
2012.08.23 08:14:56.975,1.05062,1.05074,3.00,2.48
2012.08.23 08:14:58.427,1.05061,1.05074,1.50,2.25
2012.08.23 08:14:58.497,1.05061,1.05074,1.50,2.25
2012.08.23 08:14:59.167,1.05063,1.05074,1.50,2.48
2012.08.23 08:15:00.357,1.05061,1.05074,3.75,2.48
2012.08.23 08:15:00.919,1.05061,1.05074,1.50,4.73
2012.08.23 08:15:01.427,1.0506,1.05074,1.73,4.73
2012.08.23 08:15:01.985,1.0506,1.05074,1.73,4.73
2012.08.23 08:15:02.178,1.05062,1.05074,1.50,3.23
2012.08.23 08:15:02.706,1.05062,1.05074,3.75,2.48
2012.08.23 08:15:03.216,1.0506,1.05074,1.73,3.98
2012.08.23 08:15:03.899,1.05062,1.05073,1.50,1.73
2012.08.23 08:15:05.359,1.05062,1.05073,3.00,1.73
2012.08.23 08:15:06.765,1.05063,1.05074,1.50,2.48
2012.08.23 08:15:07.076,1.05062,1.05074,3.00,2.48
2012.08.23 08:15:07.718,1.05059,1.05074,5.17,5.48
2012.08.23 08:15:08.416,1.0506,1.05073,2.48,2.48
2012.08.23 08:15:10.539,1.0506,1.05073,2.48,3.23
2012.08.23 08:15:11.150,1.0506,1.05071,2.48,1.50
2012.08.23 08:15:12.526,1.0506,1.05073,2.48,3.98
2012.08.23 08:15:12.595,1.0506,1.05073,2.48,3.98
2012.08.23 08:15:13.265,1.05061,1.05073,1.50,3.98
2012.08.23 08:15:13.796,1.05059,1.05071,1.80,3.00
2012.08.23 08:15:14.604,1.05059,1.05071,1.80,2.25
2012.08.23 08:15:15.046,1.05058,1.0507,2.55,1.50
2012.08.23 08:15:15.378,1.05055,1.05065,3.23,1.50
2012.08.23 08:15:15.899,1.05056,1.05069,2.18,5.85
2012.08.23 08:15:16.027,1.05057,1.05069,4.05,2.25
2012.08.23 08:15:16.287,1.05056,1.05068,1.73,3.23
2012.08.23 08:15:16.355,1.05058,1.05068,1.50,1.73
2012.08.23 08:15:16.487,1.05055,1.05068,4.73,1.73
2012.08.23 08:15:16.559,1.05059,1.05068,1.13,2.48
2012.08.23 08:15:17.188,1.05059,1.05072,4.35,2.48
2012.08.23 08:15:17.707,1.05062,1.05073,2.25,2.48
2012.08.23 08:15:18.076,1.05063,1.05073,1.50,1.73
2012.08.23 08:15:18.401,1.05065,1.05073,1.50,1.73
2012.08.23 08:15:22.146,1.05065,1.05078,1.50,7.38
2012.08.23 08:15:24.247,1.05068,1.05076,1.50,3.00
2012.08.23 08:15:24.319,1.05068,1.05077,1.73,1.50
2012.08.23 08:15:24.508,1.05067,1.05075,2.25,3.00
2012.08.23 08:15:24.576,1.05067,1.05075,2.25,3.23
2012.08.23 08:15:24.718,1.05062,1.05073,2.25,3.23
2012.08.23 08:15:25.086,1.05062,1.05073,2.25,3.23
2012.08.23 08:15:25.577,1.05059,1.05072,3.60,2.25
2012.08.23 08:15:26.086,1.0506,1.05073,2.48,4.73
2012.08.23 08:15:27.249,1.0506,1.05073,2.48,4.73
2012.08.23 08:15:28.021,1.05059,1.0507,1.73,2.25
2012.08.23 08:15:28.407,1.05058,1.05068,1.35,3.00
2012.08.23 08:15:28.608,1.05056,1.05065,1.50,2.25
2012.08.23 08:15:28.737,1.05054,1.05065,1.73,2.25
2012.08.23 08:15:29.429,1.05056,1.05066,1.13,1.50
2012.08.23 08:15:29.936,1.05057,1.05067,1.50,2.25
2012.08.23 08:15:30.446,1.05055,1.05067,2.48,2.25
2012.08.23 08:15:32.547,1.05057,1.05067,1.50,1.50
2012.08.23 08:15:32.878,1.05059,1.05071,2.10,1.50
2012.08.23 08:15:33.188,1.05057,1.05068,2.85,2.25
2012.08.23 08:15:33.318,1.05057,1.05068,2.63,3.23
2012.08.23 08:15:35.547,1.05055,1.05068,3.23,4.73
2012.08.23 08:15:35.938,1.05053,1.05067,3.60,4.50
2012.08.23 08:15:36.127,1.05055,1.05067,2.48,2.25
2012.08.23 08:15:36.680,1.05059,1.05068,1.50,1.73
2012.08.23 08:15:37.010,1.05058,1.05068,1.73,1.50
2012.08.23 08:15:37.341,1.05057,1.05068,1.50,1.73
2012.08.23 08:15:37.855,1.05056,1.05068,3.60,1.73
2012.08.23 08:15:38.217,1.05056,1.05067,2.48,1.73
2012.08.23 08:15:38.978,1.05054,1.05065,3.00,2.10
2012.08.23 08:15:41.095,1.05053,1.05064,2.25,3.23
2012.08.23 08:15:42.017,1.05053,1.05064,3.00,1.73
2012.08.23 08:15:42.458,1.05056,1.05065,3.15,1.73
2012.08.23 08:15:43.021,1.05058,1.05063,1.50,1.50
2012.08.23 08:15:43.101,1.05058,1.05063,1.50,1.73
2012.08.23 08:15:43.228,1.05052,1.05063,1.50,1.73
2012.08.23 08:15:43.737,1.05052,1.05063,1.50,1.73
2012.08.23 08:15:43.998,1.05051,1.0506,1.73,1.50
2012.08.23 08:15:44.137,1.0505,1.05063,3.60,3.98
2012.08.23 08:15:44.699,1.05051,1.05063,3.98,1.73
2012.08.23 08:15:44.827,1.05052,1.05063,2.25,1.73
2012.08.23 08:15:46.145,1.05054,1.05063,1.50,1.73
2012.08.23 08:15:52.226,1.05055,1.05063,2.25,1.73
2012.08.23 08:15:54.010,1.05055,1.05064,1.73,2.25
2012.08.23 08:15:54.349,1.05055,1.05065,1.73,1.50
2012.08.23 08:15:54.877,1.05055,1.05066,1.73,1.50
2012.08.23 08:15:56.856,1.05054,1.05066,1.73,2.25
2012.08.23 08:15:57.357,1.05053,1.05062,2.25,2.25
2012.08.23 08:15:58.537,1.05053,1.05064,3.00,2.48
2012.08.23 08:15:58.668,1.05053,1.05064,2.25,2.48
2012.08.23 08:15:58.737,1.05053,1.05064,3.75,2.48
2012.08.23 08:15:59.358,1.05053,1.0506,3.00,1.13
2012.08.23 08:15:59.430,1.05053,1.0506,1.50,1.88
2012.08.23 08:15:59.580,1.05049,1.05058,1.73,1.50
2012.08.23 08:16:00.038,1.05042,1.05054,3.00,2.48
2012.08.23 08:16:00.477,1.05043,1.05054,1.50,2.48
2012.08.23 08:16:00.966,1.0504,1.05054,4.73,2.48
2012.08.23 08:16:02.307,1.05038,1.05052,5.10,2.48
2012.08.23 08:16:02.638,1.05038,1.0505,2.48,1.50
2012.08.23 08:16:02.708,1.05038,1.05051,2.48,2.25
2012.08.23 08:16:03.028,1.05039,1.05052,2.48,3.23
2012.08.23 08:16:04.144,1.05041,1.05052,2.48,3.23
2012.08.23 08:16:04.647,1.05042,1.05052,2.25,3.23
2012.08.23 08:16:05.156,1.05041,1.05052,1.73,3.23
2012.08.23 08:16:05.976,1.05039,1.05052,2.48,3.98
2012.08.23 08:16:06.408,1.05039,1.0505,2.48,1.50
2012.08.23 08:16:06.598,1.0503,1.05044,1.73,1.50
2012.08.23 08:16:06.730,1.05031,1.05044,3.98,4.13
2012.08.23 08:16:06.926,1.05031,1.05043,2.25,1.73
2012.08.23 08:16:07.449,1.05032,1.05044,2.63,3.23
2012.08.23 08:16:07.517,1.05032,1.05044,2.85,1.50
2012.08.23 08:16:07.586,1.05034,1.05048,1.73,5.86
2012.08.23 08:16:08.174,1.05034,1.05048,2.48,4.35
2012.08.23 08:16:08.689,1.05037,1.05048,3.00,3.23
2012.08.23 08:16:08.890,1.05038,1.05045,1.35,1.50
2012.08.23 08:16:09.230,1.05031,1.05042,1.50,1.50
2012.08.23 08:16:09.311,1.0503,1.05042,1.73,2.25
2012.08.23 08:16:09.388,1.0503,1.05042,2.48,1.50
2012.08.23 08:16:09.927,1.05033,1.05042,1.50,1.50
2012.08.23 08:16:10.678,1.05033,1.05043,1.50,1.73
2012.08.23 08:16:10.986,1.05033,1.05045,1.73,1.51
2012.08.23 08:16:11.326,1.05034,1.05046,1.73,1.51
2012.08.23 08:16:13.097,1.05033,1.05046,1.73,2.70
2012.08.23 08:16:14.254,1.05033,1.05047,3.23,4.96
2012.08.23 08:16:14.764,1.05033,1.05045,1.73,1.50
2012.08.23 08:16:21.667,1.05032,1.05044,4.05,1.50
2012.08.23 08:16:21.795,1.05032,1.05044,3.00,1.73
2012.08.23 08:16:22.897,1.05032,1.05044,1.50,1.73
2012.08.23 08:16:23.147,1.05033,1.05045,1.73,1.50
2012.08.23 08:16:25.980,1.05032,1.05043,1.73,1.50
2012.08.23 08:16:26.379,1.05032,1.0504,1.50,1.50
2012.08.23 08:16:26.589,1.05031,1.05042,2.48,1.73
2012.08.23 08:16:27.118,1.0503,1.0504,1.73,1.50
2012.08.23 08:16:27.456,1.05028,1.0504,2.48,3.00
2012.08.23 08:16:27.647,1.05028,1.0504,1.73,3.75
2012.08.23 08:16:27.968,1.05027,1.0504,3.60,2.25
2012.08.23 08:16:28.520,1.05027,1.0504,4.35,3.00
2012.08.23 08:16:29.178,1.05028,1.05035,1.50,1.88
2012.08.23 08:16:29.248,1.05027,1.05035,2.25,2.10
2012.08.23 08:16:29.690,1.05028,1.05039,1.73,3.00
2012.08.23 08:16:30.484,1.05027,1.05038,1.35,1.88
2012.08.23 08:16:30.560,1.05026,1.05037,1.73,2.48
2012.08.23 08:16:31.117,1.05025,1.05036,1.73,1.50
2012.08.23 08:16:31.248,1.05024,1.05036,2.48,2.25
2012.08.23 08:16:32.256,1.05024,1.05036,2.48,3.00
2012.08.23 08:16:33.097,1.05022,1.05032,1.50,2.48
2012.08.23 08:16:33.227,1.05022,1.05032,1.50,2.48
2012.08.23 08:16:34.996,1.0502,1.0503,1.73,1.50
2012.08.23 08:16:35.351,1.05012,1.05023,1.50,2.48
2012.08.23 08:16:35.430,1.05011,1.05023,2.25,2.48
2012.08.23 08:16:35.855,1.05012,1.05022,2.25,1.50
2012.08.23 08:16:36.120,1.05011,1.05022,3.00,2.63
2012.08.23 08:16:36.260,1.05011,1.05021,1.50,1.88
2012.08.23 08:16:36.595,1.05008,1.05018,1.73,1.88
2012.08.23 08:16:36.667,1.05008,1.05018,1.50,1.88
2012.08.23 08:16:37.191,1.05006,1.05018,1.73,3.60
2012.08.23 08:16:37.736,1.05004,1.05018,2.48,3.60
2012.08.23 08:16:38.012,1.05008,1.05019,3.38,3.23
2012.08.23 08:16:38.228,1.05008,1.0502,3.98,2.25
2012.08.23 08:16:38.547,1.05008,1.05019,1.73,1.35
2012.08.23 08:16:38.616,1.05007,1.05019,2.25,1.35
2012.08.23 08:16:38.818,1.05004,1.05018,4.73,2.48
2012.08.23 08:16:39.468,1.05004,1.05017,3.60,2.33
2012.08.23 08:16:39.621,1.05003,1.05015,1.50,3.38
2012.08.23 08:16:39.700,1.05,1.05013,3.30,3.23
2012.08.23 08:16:40.247,1.05002,1.05013,2.25,3.60
2012.08.23 08:16:40.628,1.05001,1.05013,1.73,3.23
2012.08.23 08:16:41.357,1.05001,1.05013,1.73,3.23
2012.08.23 08:16:41.667,1.05,1.05014,2.48,2.26
2012.08.23 08:16:41.738,1.05,1.05013,2.48,2.86
2012.08.23 08:16:41.806,1.05,1.05013,2.48,2.86
2012.08.23 08:16:41.996,1.04998,1.05013,3.60,4.36
2012.08.23 08:16:42.548,1.05003,1.05013,2.25,1.73
2012.08.23 08:16:43.347,1.05001,1.05014,1.50,2.48
2012.08.23 08:16:43.680,1.05003,1.05014,1.73,3.00
2012.08.23 08:16:43.936,1.05003,1.05014,1.73,1.50
2012.08.23 08:16:44.456,1.05003,1.05014,1.73,1.50
2012.08.23 08:16:45.006,1.05003,1.05014,1.73,1.50
2012.08.23 08:16:45.336,1.05008,1.05018,1.88,2.48
2012.08.23 08:16:45.587,1.05004,1.05017,3.23,1.73
2012.08.23 08:16:45.659,1.05004,1.05012,1.73,3.25
2012.08.23 08:16:45.908,1.05001,1.05013,2.25,5.11
2012.08.23 08:16:46.178,1.05,1.05013,2.25,3.23
2012.08.23 08:16:46.698,1.05002,1.05013,2.25,1.73
2012.08.23 08:16:46.766,1.05002,1.05014,2.25,1.13
2012.08.23 08:16:46.837,1.05002,1.05014,2.25,1.13
2012.08.23 08:16:48.017,1.05002,1.05015,4.35,2.48
2012.08.23 08:16:48.566,1.05006,1.05017,2.25,1.73
2012.08.23 08:16:49.068,1.05007,1.05018,1.50,2.70
2012.08.23 08:16:49.716,1.05009,1.05019,1.50,3.23
2012.08.23 08:16:49.918,1.05009,1.05022,3.23,2.86
2012.08.23 08:16:52.476,1.0501,1.05022,3.75,2.18
2012.08.23 08:16:53.289,1.05009,1.05022,2.48,4.66
2012.08.23 08:16:53.818,1.05009,1.05022,2.48,4.66
2012.08.23 08:16:54.739,1.05009,1.05022,2.48,4.66
2012.08.23 08:16:55.255,1.05009,1.05022,3.23,3.75
2012.08.23 08:16:55.689,1.05013,1.05024,2.25,1.35
2012.08.23 08:16:55.958,1.05016,1.05028,2.25,2.85
2012.08.23 08:16:56.207,1.05015,1.05028,1.50,4.35
2012.08.23 08:16:58.919,1.05016,1.05028,1.50,2.55
2012.08.23 08:16:59.429,1.05015,1.05028,3.98,3.53
2012.08.23 08:16:59.555,1.05015,1.05027,3.00,1.73
2012.08.23 08:17:00.407,1.05014,1.05026,2.48,1.88
2012.08.23 08:17:00.549,1.05014,1.05025,1.50,1.13
2012.08.23 08:17:03.528,1.05015,1.05027,1.73,3.98
2012.08.23 08:17:04.127,1.05015,1.05027,1.73,2.48
2012.08.23 08:17:04.501,1.05015,1.05024,1.50,2.03
2012.08.23 08:17:05.057,1.05012,1.05024,3.00,1.73
2012.08.23 08:17:06.357,1.05012,1.05024,3.00,2.03
2012.08.23 08:17:06.718,1.05017,1.05025,1.13,1.50
2012.08.23 08:17:06.788,1.05017,1.05027,1.35,1.05
2012.08.23 08:17:07.037,1.05018,1.05029,1.73,2.55
2012.08.23 08:17:07.236,1.05018,1.0503,1.73,3.08
2012.08.23 08:17:09.188,1.05017,1.0503,2.10,2.03
2012.08.23 08:17:09.327,1.05015,1.05029,4.13,1.50
2012.08.23 08:17:09.518,1.05016,1.05029,1.88,2.78
2012.08.23 08:17:09.586,1.05016,1.05029,2.10,2.55
2012.08.23 08:17:09.658,1.05016,1.05028,2.10,1.50
2012.08.23 08:17:09.927,1.05015,1.05027,1.50,1.13
2012.08.23 08:17:09.997,1.05014,1.05027,1.73,2.78
2012.08.23 08:17:10.307,1.05015,1.05028,2.25,3.23
2012.08.23 08:17:11.937,1.05015,1.05026,2.25,1.43
2012.08.23 08:17:12.249,1.05012,1.05024,1.50,2.48
2012.08.23 08:17:12.386,1.05012,1.05024,1.50,2.48
2012.08.23 08:17:12.898,1.05011,1.05021,1.50,1.50
2012.08.23 08:17:12.985,1.05008,1.0502,1.73,3.31
2012.08.23 08:17:13.059,1.05008,1.0502,1.73,2.86
2012.08.23 08:17:13.329,1.05003,1.05014,1.50,1.50
2012.08.23 08:17:13.468,1.05001,1.05014,3.75,2.25
2012.08.23 08:17:13.976,1.05002,1.05015,1.50,2.33
2012.08.23 08:17:14.054,1.05003,1.05016,1.73,1.73
2012.08.23 08:17:15.221,1.05005,1.05019,2.10,3.91
2012.08.23 08:17:15.787,1.05008,1.05019,2.48,1.20
2012.08.23 08:17:16.795,1.05007,1.0502,1.73,1.20
2012.08.23 08:17:18.709,1.05008,1.05021,1.73,3.60
2012.08.23 08:17:19.255,1.05009,1.05021,1.50,2.48
2012.08.23 08:17:21.686,1.05007,1.05021,2.48,2.70
2012.08.23 08:17:22.629,1.05007,1.05021,1.73,2.85
2012.08.23 08:17:23.458,1.05008,1.05022,2.25,1.81
2012.08.23 08:17:24.148,1.05008,1.0502,2.25,1.58
2012.08.23 08:17:25.088,1.05007,1.0502,2.48,2.33
2012.08.23 08:17:28.438,1.05007,1.05018,2.48,1.50
2012.08.23 08:17:28.511,1.05007,1.05017,1.73,1.50
2012.08.23 08:17:28.588,1.05003,1.05015,1.50,1.73
2012.08.23 08:17:29.420,1.05005,1.05015,1.13,1.73
2012.08.23 08:17:29.488,1.05007,1.05015,1.13,1.73
2012.08.23 08:17:29.817,1.05004,1.05017,2.48,6.08
2012.08.23 08:17:29.960,1.05003,1.05018,2.10,3.75
2012.08.23 08:17:30.030,1.05007,1.05018,1.35,2.25
2012.08.23 08:17:30.513,1.05003,1.05018,2.18,3.00
2012.08.23 08:17:30.598,1.05003,1.05017,1.88,2.25
2012.08.23 08:17:31.159,1.05003,1.05018,4.13,5.48
2012.08.23 08:17:32.180,1.05003,1.05013,3.00,1.13
2012.08.23 08:17:32.531,1.05002,1.0501,1.50,1.73
2012.08.23 08:17:33.071,1.04999,1.05012,2.85,1.73
2012.08.23 08:17:33.150,1.05002,1.0501,1.50,1.73
2012.08.23 08:17:33.891,1.05001,1.05012,1.50,2.48
2012.08.23 08:17:34.184,1.04997,1.05008,1.73,3.00
2012.08.23 08:17:34.264,1.04998,1.05008,1.88,3.23
2012.08.23 08:17:34.342,1.04999,1.05008,1.50,1.50
2012.08.23 08:17:34.629,1.05001,1.05012,1.50,1.73
2012.08.23 08:17:34.782,1.05002,1.05012,1.73,1.50
2012.08.23 08:17:35.130,1.05,1.05013,1.50,3.23
2012.08.23 08:17:35.400,1.04998,1.05013,4.88,2.25
2012.08.23 08:17:36.761,1.04997,1.05009,2.92,1.50
2012.08.23 08:17:37.086,1.04997,1.05006,2.10,1.50
2012.08.23 08:17:37.518,1.04997,1.05005,2.10,1.50
2012.08.23 08:17:37.838,1.04993,1.05005,2.70,1.73
2012.08.23 08:17:37.980,1.04996,1.05006,2.25,2.48
2012.08.23 08:17:38.299,1.04993,1.05007,6.38,2.48
2012.08.23 08:17:38.368,1.04996,1.05007,1.50,2.48
2012.08.23 08:17:38.439,1.04992,1.05003,3.00,1.50
2012.08.23 08:17:38.509,1.04992,1.05003,1.95,2.48
2012.08.23 08:17:39.039,1.04991,1.05003,1.50,1.73
2012.08.23 08:17:39.239,1.04989,1.04999,1.50,2.25
2012.08.23 08:17:39.761,1.04989,1.05001,2.25,1.73
2012.08.23 08:17:39.888,1.04992,1.05001,1.50,1.73
2012.08.23 08:17:40.587,1.04988,1.05001,6.38,2.48
2012.08.23 08:17:40.846,1.04988,1.05,4.13,1.73
2012.08.23 08:17:41.158,1.04987,1.04998,2.25,2.48
2012.08.23 08:17:41.510,1.04985,1.04997,1.50,1.73
2012.08.23 08:17:41.653,1.0498,1.04996,4.65,3.23
2012.08.23 08:17:41.732,1.04988,1.04997,1.13,1.73
2012.08.23 08:17:41.813,1.04988,1.04997,1.13,1.73
2012.08.23 08:17:41.961,1.04986,1.04997,3.38,1.73
2012.08.23 08:17:42.448,1.04986,1.04997,1.50,2.48
2012.08.23 08:17:44.008,1.04986,1.04998,4.50,1.73
2012.08.23 08:17:44.089,1.04987,1.04998,1.73,1.50
2012.08.23 08:17:44.816,1.04987,1.04999,1.73,2.25
2012.08.23 08:17:45.377,1.04987,1.04999,1.73,2.25
2012.08.23 08:17:46.038,1.04986,1.04998,2.25,1.73
2012.08.23 08:17:46.596,1.04985,1.04998,3.00,3.23
2012.08.23 08:17:47.466,1.04985,1.04998,3.00,3.23
2012.08.23 08:17:48.252,1.04985,1.04998,2.25,3.23
2012.08.23 08:17:48.460,1.04985,1.04998,2.25,3.23
2012.08.23 08:17:49.636,1.04985,1.04998,2.25,3.23
2012.08.23 08:17:49.708,1.04988,1.04998,1.50,2.48
2012.08.23 08:17:49.915,1.04989,1.05001,2.85,3.23
2012.08.23 08:17:50.928,1.04987,1.05,1.35,2.48
2012.08.23 08:17:51.056,1.04987,1.05001,2.17,3.23
2012.08.23 08:17:51.127,1.04988,1.05001,2.25,1.73
2012.08.23 08:17:51.472,1.04996,1.05009,2.48,1.81
2012.08.23 08:17:51.549,1.04998,1.05009,1.50,1.50
2012.08.23 08:17:51.896,1.04998,1.05007,1.50,3.25
2012.08.23 08:17:52.177,1.0499,1.05002,1.50,1.73
2012.08.23 08:17:52.248,1.0499,1.05001,1.50,1.73
2012.08.23 08:17:53.066,1.04988,1.05001,2.48,3.23
2012.08.23 08:17:53.198,1.04988,1.04999,2.48,1.73
2012.08.23 08:17:53.528,1.04986,1.04999,1.50,1.73
2012.08.23 08:17:54.122,1.04986,1.04998,1.50,3.23
2012.08.23 08:17:54.679,1.04986,1.04998,3.00,1.73
2012.08.23 08:17:55.198,1.04986,1.04999,3.00,3.98
2012.08.23 08:17:56.629,1.04988,1.04999,1.50,3.98
2012.08.23 08:17:56.817,1.04989,1.04999,1.50,1.73
2012.08.23 08:17:57.009,1.04989,1.04999,1.50,2.48
2012.08.23 08:17:57.336,1.04989,1.05001,2.25,2.48
2012.08.23 08:17:57.896,1.04988,1.05001,2.25,2.48
2012.08.23 08:17:58.026,1.04988,1.05,2.25,2.48
2012.08.23 08:17:58.368,1.04988,1.05,2.25,1.73
2012.08.23 08:17:58.908,1.04989,1.04999,2.63,2.25
2012.08.23 08:17:59.417,1.04989,1.04998,1.50,1.50
2012.08.23 08:17:59.558,1.0499,1.04998,2.25,1.50
2012.08.23 08:17:59.966,1.04991,1.04998,2.25,1.50
2012.08.23 08:18:00.937,1.04992,1.05004,2.25,2.48
2012.08.23 08:18:01.449,1.04993,1.05003,1.50,2.86
2012.08.23 08:18:01.521,1.04991,1.05003,1.50,2.86
2012.08.23 08:18:01.667,1.04994,1.05003,1.50,3.60
2012.08.23 08:18:03.078,1.04994,1.05002,1.50,2.48
2012.08.23 08:18:03.148,1.04991,1.05002,2.25,3.60
2012.08.23 08:18:03.677,1.0499,1.05002,3.75,1.73
2012.08.23 08:18:03.868,1.04992,1.05,1.50,1.35
2012.08.23 08:18:04.210,1.04992,1.04996,1.50,1.50
2012.08.23 08:18:04.350,1.04983,1.04997,2.25,1.73
2012.08.23 08:18:04.421,1.04986,1.04997,1.50,1.50
2012.08.23 08:18:04.499,1.04987,1.04999,1.13,1.73
2012.08.23 08:18:04.640,1.04988,1.04999,1.73,1.73
2012.08.23 08:18:04.768,1.0499,1.05,1.50,1.73
2012.08.23 08:18:05.119,1.04986,1.04998,1.88,2.48
2012.08.23 08:18:05.388,1.04988,1.05,1.35,3.23
2012.08.23 08:18:05.601,1.04985,1.04998,1.50,1.73
2012.08.23 08:18:05.797,1.04984,1.04997,2.25,1.73
2012.08.23 08:18:06.328,1.04983,1.04995,3.38,1.73
2012.08.23 08:18:06.918,1.04983,1.04995,3.38,1.73
2012.08.23 08:18:07.426,1.04985,1.04998,1.50,1.73
2012.08.23 08:18:08.148,1.04985,1.04998,2.25,1.73
2012.08.23 08:18:09.297,1.04985,1.04998,2.48,2.48
2012.08.23 08:18:09.805,1.04985,1.04998,2.48,1.73
2012.08.23 08:18:10.306,1.04985,1.04998,2.48,1.73
2012.08.23 08:18:11.176,1.04985,1.04998,2.48,1.73
2012.08.23 08:18:11.816,1.04984,1.04997,2.48,2.48
2012.08.23 08:18:12.345,1.04986,1.04998,2.25,1.73
2012.08.23 08:18:12.648,1.04986,1.04997,2.25,2.10
2012.08.23 08:18:12.978,1.04983,1.04994,1.50,1.73
2012.08.23 08:18:13.486,1.04984,1.04995,1.13,3.23
2012.08.23 08:18:13.558,1.04984,1.04997,1.35,2.10
2012.08.23 08:18:18.149,1.04984,1.04996,2.48,2.86
2012.08.23 08:18:18.220,1.04984,1.04993,2.48,1.50
2012.08.23 08:18:18.568,1.0498,1.04992,3.60,1.73
2012.08.23 08:18:19.317,1.04982,1.04992,2.25,1.73
2012.08.23 08:18:19.579,1.04979,1.04991,1.73,2.47
2012.08.23 08:18:22.195,1.04974,1.0499,2.48,1.73
2012.08.23 08:18:26.302,1.04978,1.0499,3.60,2.48
2012.08.23 08:18:26.855,1.04981,1.04992,3.75,1.73
2012.08.23 08:18:27.356,1.04979,1.04992,5.10,2.48
2012.08.23 08:18:27.666,1.04978,1.0499,1.35,2.48
2012.08.23 08:18:27.978,1.04976,1.04987,2.10,1.50
2012.08.23 08:18:28.047,1.04976,1.04987,1.50,2.48
2012.08.23 08:18:28.177,1.04976,1.04985,1.50,2.48
2012.08.23 08:18:28.487,1.04973,1.04983,2.25,2.48
2012.08.23 08:18:29.916,1.04973,1.04983,2.25,2.48
2012.08.23 08:18:30.466,1.04974,1.04983,1.50,2.25
2012.08.23 08:18:31.769,1.04973,1.04983,2.48,1.50
2012.08.23 08:18:31.841,1.04973,1.04983,2.25,1.73
2012.08.23 08:18:32.420,1.04972,1.04983,2.25,2.48
2012.08.23 08:18:33.006,1.04972,1.04983,1.50,2.48
2012.08.23 08:18:33.799,1.04973,1.04986,2.85,2.48
2012.08.23 08:18:34.108,1.04973,1.04984,3.00,2.48
2012.08.23 08:18:34.309,1.04974,1.04985,1.73,1.50
2012.08.23 08:18:34.857,1.04974,1.04986,3.23,1.73
2012.08.23 08:18:39.345,1.04974,1.04987,1.73,1.73
2012.08.23 08:18:39.697,1.04974,1.04986,1.73,1.73
2012.08.23 08:18:40.038,1.04973,1.04983,1.50,1.73
2012.08.23 08:18:40.750,1.04972,1.04983,3.00,1.73
2012.08.23 08:18:41.313,1.04972,1.04983,2.25,2.48
2012.08.23 08:18:41.816,1.0497,1.04983,1.73,3.23
2012.08.23 08:18:42.501,1.04972,1.04983,1.50,3.23
2012.08.23 08:18:42.857,1.0497,1.04981,2.48,1.73
2012.08.23 08:18:43.245,1.04972,1.04983,2.25,3.23
2012.08.23 08:18:43.589,1.04972,1.0498,2.25,1.73
2012.08.23 08:18:44.239,1.04971,1.0498,1.50,1.73
2012.08.23 08:18:45.310,1.04969,1.04978,4.95,1.50
2012.08.23 08:18:45.839,1.04969,1.04978,1.73,1.50
2012.08.23 08:18:46.420,1.04968,1.04979,2.48,1.50
2012.08.23 08:18:46.950,1.0497,1.04983,1.73,3.23
2012.08.23 08:18:47.317,1.04972,1.04983,1.50,2.48
2012.08.23 08:18:47.936,1.0497,1.04983,2.85,2.25
2012.08.23 08:18:48.456,1.0497,1.04983,1.35,1.73
2012.08.23 08:18:49.207,1.04969,1.04982,2.48,1.73
2012.08.23 08:18:49.784,1.04969,1.04979,3.60,1.50
2012.08.23 08:18:49.941,1.04969,1.0498,1.73,1.73
2012.08.23 08:18:50.839,1.0497,1.04983,2.85,3.98
2012.08.23 08:18:50.980,1.0497,1.04983,2.85,3.90
2012.08.23 08:18:51.858,1.0497,1.04983,2.85,3.90
2012.08.23 08:18:52.424,1.0497,1.04983,2.85,3.98
2012.08.23 08:18:55.717,1.0497,1.04982,1.13,3.23
2012.08.23 08:18:56.949,1.0497,1.04983,3.38,1.73
2012.08.23 08:18:57.230,1.04972,1.04983,1.50,1.73
2012.08.23 08:18:57.788,1.04974,1.04983,1.50,2.48
2012.08.23 08:18:58.316,1.04973,1.04983,1.50,1.73
2012.08.23 08:18:58.507,1.04971,1.04983,1.50,1.73
2012.08.23 08:19:00.917,1.04973,1.04984,1.88,2.10
2012.08.23 08:19:01.388,1.04971,1.04984,3.00,2.48
2012.08.23 08:19:03.338,1.04971,1.04985,3.00,1.50
2012.08.23 08:19:06.372,1.04972,1.04984,2.63,1.73
2012.08.23 08:19:07.187,1.04971,1.04984,3.00,3.23
2012.08.23 08:19:10.110,1.04972,1.04984,2.63,1.73
2012.08.23 08:19:10.699,1.04972,1.04986,2.63,5.48
2012.08.23 08:19:10.777,1.04975,1.04986,1.88,2.48
2012.08.23 08:19:11.285,1.04975,1.04988,3.38,3.23
2012.08.23 08:19:12.428,1.04975,1.04988,3.38,3.53
2012.08.23 08:19:12.617,1.04975,1.04987,2.25,2.85
2012.08.23 08:19:12.750,1.04973,1.04983,3.30,1.50
2012.08.23 08:19:12.889,1.04973,1.04983,1.50,1.73
2012.08.23 08:19:13.089,1.04975,1.04986,1.73,2.48
2012.08.23 08:19:17.385,1.04975,1.04987,1.73,1.73
2012.08.23 08:19:18.445,1.04974,1.04987,3.23,1.73
2012.08.23 08:19:19.286,1.04976,1.04988,1.50,2.78
2012.08.23 08:19:19.622,1.04979,1.04989,1.50,2.48
2012.08.23 08:19:19.699,1.04979,1.0499,1.73,1.51
2012.08.23 08:19:19.978,1.0498,1.04991,1.50,2.48
2012.08.23 08:19:20.051,1.0498,1.04991,1.50,1.73
2012.08.23 08:19:20.260,1.04982,1.04993,2.25,1.73
2012.08.23 08:19:20.449,1.04981,1.04993,2.48,1.51
2012.08.23 08:19:20.590,1.04983,1.04993,1.50,2.78
2012.08.23 08:19:20.668,1.0498,1.04992,2.48,1.28
2012.08.23 08:19:22.158,1.0498,1.04993,5.10,3.83
2012.08.23 08:19:22.231,1.04983,1.04993,1.50,3.23
2012.08.23 08:19:22.358,1.04984,1.04993,1.73,1.50
2012.08.23 08:19:22.429,1.04984,1.04995,1.73,1.73
2012.08.23 08:19:23.186,1.04985,1.04998,2.48,3.23
2012.08.23 08:19:23.748,1.04987,1.04998,1.50,1.73
2012.08.23 08:19:25.049,1.04987,1.05,2.48,1.50
2012.08.23 08:19:26.077,1.04987,1.05,4.73,2.25
2012.08.23 08:19:27.156,1.04987,1.05,2.48,2.85
2012.08.23 08:19:27.227,1.04987,1.04999,2.48,3.38
2012.08.23 08:19:27.367,1.04985,1.04999,1.50,5.10
2012.08.23 08:19:27.925,1.04985,1.04999,1.50,4.35
2012.08.23 08:19:31.657,1.04986,1.04999,2.63,3.23
2012.08.23 08:19:31.919,1.04987,1.05,1.73,1.73
2012.08.23 08:19:32.476,1.04988,1.05001,3.23,1.73
2012.08.23 08:19:37.137,1.0499,1.05001,3.60,1.73
2012.08.23 08:19:37.526,1.04993,1.05003,1.50,2.48
2012.08.23 08:19:37.858,1.04993,1.05004,2.25,1.73
2012.08.23 08:19:38.468,1.04993,1.05005,2.25,1.35
2012.08.23 08:19:41.532,1.04993,1.05005,2.25,1.35
2012.08.23 08:19:42.168,1.04993,1.05004,1.50,2.48
2012.08.23 08:19:42.776,1.04993,1.05005,1.50,1.35
2012.08.23 08:19:43.287,1.04992,1.05005,2.25,1.35
2012.08.23 08:19:44.880,1.0499,1.05003,3.98,2.10
2012.08.23 08:19:45.433,1.0499,1.05,1.73,1.73
2012.08.23 08:19:48.133,1.0499,1.05002,2.48,2.48
2012.08.23 08:19:50.395,1.04987,1.04999,4.43,3.23
2012.08.23 08:19:50.659,1.04987,1.04997,2.10,1.50
2012.08.23 08:19:50.867,1.04984,1.04997,5.85,1.73
2012.08.23 08:19:50.939,1.04984,1.04997,5.10,1.73
2012.08.23 08:19:51.469,1.04983,1.04995,3.23,1.13
2012.08.23 08:19:51.976,1.04983,1.04993,1.50,1.73
2012.08.23 08:19:52.199,1.04981,1.04993,1.50,1.73
2012.08.23 08:19:52.340,1.04979,1.04991,3.23,1.73
2012.08.23 08:19:52.478,1.04979,1.04989,1.73,1.50
2012.08.23 08:19:52.818,1.04977,1.04987,1.50,2.48
2012.08.23 08:19:52.947,1.04975,1.04987,1.88,2.48
2012.08.23 08:19:53.536,1.04975,1.04987,1.88,2.48
2012.08.23 08:19:54.310,1.04976,1.04988,1.50,1.73
2012.08.23 08:19:56.427,1.04976,1.04989,2.25,3.98
2012.08.23 08:19:56.797,1.04977,1.04989,2.85,2.25
2012.08.23 08:19:57.247,1.04979,1.04992,3.60,3.98
2012.08.23 08:19:57.497,1.04979,1.04992,2.85,3.98
2012.08.23 08:19:58.108,1.04978,1.04988,1.35,2.25
2012.08.23 08:19:58.320,1.04976,1.04987,1.13,2.48
2012.08.23 08:19:58.458,1.04976,1.04988,1.35,3.00
2012.08.23 08:19:58.982,1.04977,1.04989,3.23,3.00
2012.08.23 08:19:59.476,1.04977,1.04988,1.73,1.50
2012.08.23 08:19:59.820,1.04975,1.04985,2.48,1.50
2012.08.23 08:20:00.030,1.04972,1.04983,4.73,1.50
2012.08.23 08:20:00.110,1.04972,1.04983,2.25,2.48
2012.08.23 08:20:00.607,1.0497,1.04983,3.75,2.48
2012.08.23 08:20:00.858,1.04972,1.04984,4.35,1.50
2012.08.23 08:20:00.999,1.04975,1.04984,1.50,1.50
2012.08.23 08:20:01.517,1.04975,1.04985,2.25,1.73
2012.08.23 08:20:02.908,1.04972,1.04982,1.50,2.48
2012.08.23 08:20:05.347,1.04973,1.04984,1.50,5.48
2012.08.23 08:20:05.549,1.04976,1.04984,3.60,2.25
2012.08.23 08:20:05.680,1.04976,1.04987,2.85,1.50
2012.08.23 08:20:06.211,1.04978,1.04988,1.50,1.50
2012.08.23 08:20:06.565,1.04978,1.04988,1.50,2.25
2012.08.23 08:20:06.648,1.04978,1.04989,2.25,3.00
2012.08.23 08:20:06.972,1.04976,1.04987,1.73,1.50
2012.08.23 08:20:07.109,1.04974,1.04987,4.13,2.48
2012.08.23 08:20:07.618,1.04974,1.04984,1.88,1.73
2012.08.23 08:20:08.679,1.04977,1.04986,1.88,3.23
2012.08.23 08:20:08.748,1.04977,1.04986,3.60,1.50
2012.08.23 08:20:08.879,1.04979,1.0499,1.13,1.73
2012.08.23 08:20:08.949,1.04979,1.0499,1.88,1.73
2012.08.23 08:20:09.648,1.04979,1.04991,1.88,1.73
2012.08.23 08:20:09.800,1.04978,1.04988,1.50,2.25
2012.08.23 08:20:09.869,1.04977,1.04988,2.85,3.00
2012.08.23 08:20:10.070,1.04975,1.04986,2.25,1.73
2012.08.23 08:20:10.499,1.04974,1.04987,1.13,1.73
2012.08.23 08:20:11.037,1.04974,1.04987,2.63,1.73
2012.08.23 08:20:11.418,1.04976,1.04987,1.50,1.73
2012.08.23 08:20:11.489,1.04977,1.04988,3.23,2.25
2012.08.23 08:20:11.632,1.04979,1.04988,2.63,1.50
2012.08.23 08:20:12.280,1.04978,1.04989,3.60,3.23
2012.08.23 08:20:12.959,1.04978,1.04989,3.60,3.98
2012.08.23 08:20:13.666,1.04979,1.04989,1.50,2.48
2012.08.23 08:20:13.798,1.04978,1.04989,3.60,1.73
2012.08.23 08:20:13.927,1.0498,1.04989,2.63,1.73
2012.08.23 08:20:14.508,1.04979,1.04992,2.25,3.98
2012.08.23 08:20:16.211,1.0498,1.04992,4.13,1.73
2012.08.23 08:20:16.530,1.04983,1.04994,1.50,1.73
2012.08.23 08:20:16.849,1.04983,1.04996,3.00,1.73
2012.08.23 08:20:16.918,1.04983,1.04996,2.25,1.96
2012.08.23 08:20:16.989,1.04985,1.04996,1.50,1.96
2012.08.23 08:20:17.317,1.04982,1.04993,3.75,2.48
2012.08.23 08:20:17.659,1.0498,1.04993,6.38,3.98
2012.08.23 08:20:18.217,1.0498,1.04993,6.38,4.73
2012.08.23 08:20:18.747,1.04979,1.04991,1.50,2.48
2012.08.23 08:20:19.296,1.04978,1.04991,3.38,2.48
2012.08.23 08:20:19.797,1.0498,1.04991,1.88,2.48
2012.08.23 08:20:20.488,1.04979,1.04991,1.50,2.48
2012.08.23 08:20:20.736,1.04978,1.04991,6.00,2.48
2012.08.23 08:20:21.247,1.04981,1.04991,1.50,1.73
2012.08.23 08:20:21.380,1.0498,1.04991,2.25,2.48
2012.08.23 08:20:21.518,1.04979,1.04991,1.50,2.48
2012.08.23 08:20:22.026,1.04978,1.04989,1.13,2.25
2012.08.23 08:20:23.558,1.04981,1.04991,1.50,3.23
2012.08.23 08:20:24.077,1.0498,1.04991,1.50,1.73
2012.08.23 08:20:24.627,1.0498,1.04992,3.75,2.48
2012.08.23 08:20:27.680,1.04977,1.04991,5.55,1.73
2012.08.23 08:20:27.880,1.04977,1.04991,4.80,1.73
2012.08.23 08:20:28.477,1.04979,1.04992,4.13,2.48
2012.08.23 08:20:34.447,1.0498,1.04993,4.50,4.58
2012.08.23 08:20:35.555,1.04979,1.04991,1.88,1.73
2012.08.23 08:20:35.627,1.04978,1.04991,6.00,3.23
2012.08.23 08:20:35.817,1.04977,1.04986,1.80,1.50
2012.08.23 08:20:36.188,1.04977,1.04988,1.80,1.50
2012.08.23 08:20:36.268,1.04981,1.04988,1.50,1.50
2012.08.23 08:20:36.338,1.04981,1.0499,1.50,3.23
2012.08.23 08:20:36.863,1.0498,1.04992,1.50,1.73
2012.08.23 08:20:37.677,1.04981,1.04992,1.50,1.73
2012.08.23 08:20:38.098,1.04979,1.0499,2.85,1.50
2012.08.23 08:20:38.408,1.04979,1.0499,2.10,1.50
2012.08.23 08:20:39.519,1.04979,1.0499,2.85,3.00
2012.08.23 08:20:40.308,1.04979,1.0499,2.85,2.25
2012.08.23 08:20:40.796,1.0498,1.04991,4.13,3.23
2012.08.23 08:20:41.295,1.0498,1.04991,4.13,1.73
2012.08.23 08:20:41.366,1.0498,1.04991,4.13,1.73
2012.08.23 08:20:41.917,1.04977,1.04989,2.48,2.25
2012.08.23 08:20:43.116,1.04978,1.0499,2.48,1.50
2012.08.23 08:20:43.438,1.0498,1.04991,2.63,2.48
2012.08.23 08:20:43.968,1.04982,1.04992,1.50,1.73
2012.08.23 08:20:46.588,1.0498,1.04992,1.88,3.08
2012.08.23 08:20:46.989,1.04977,1.04985,3.38,1.50
2012.08.23 08:20:47.250,1.04974,1.04983,1.50,1.73
2012.08.23 08:20:47.508,1.04974,1.04983,1.50,1.73
2012.08.23 08:20:48.428,1.04973,1.04985,2.25,1.73
2012.08.23 08:20:48.629,1.04975,1.04987,3.23,1.73
2012.08.23 08:20:49.220,1.04978,1.04989,1.50,1.73
2012.08.23 08:20:49.549,1.04978,1.04989,1.73,1.50
2012.08.23 08:20:50.080,1.0498,1.0499,2.10,3.23
2012.08.23 08:20:50.149,1.0498,1.0499,2.10,2.48
2012.08.23 08:20:50.660,1.0498,1.04992,2.10,3.98
2012.08.23 08:20:52.358,1.0498,1.04992,2.85,3.98
2012.08.23 08:20:53.036,1.0498,1.04992,5.10,1.73
2012.08.23 08:20:53.166,1.0498,1.04992,5.10,1.73
2012.08.23 08:20:53.969,1.04978,1.04991,2.48,3.23
2012.08.23 08:20:54.532,1.04978,1.04991,1.73,3.23
2012.08.23 08:20:55.848,1.04979,1.04991,1.35,1.73
2012.08.23 08:20:56.158,1.04983,1.04992,1.50,1.73
2012.08.23 08:20:56.847,1.04981,1.04992,1.50,1.73
2012.08.23 08:20:57.368,1.04981,1.04992,3.00,1.73
2012.08.23 08:20:57.906,1.04983,1.04995,2.25,2.10
2012.08.23 08:20:57.979,1.04983,1.04995,2.48,1.35
2012.08.23 08:20:58.537,1.04984,1.04998,2.48,3.98
2012.08.23 08:20:59.325,1.04984,1.04996,1.73,1.73
2012.08.23 08:21:02.157,1.04984,1.04996,1.35,1.73
2012.08.23 08:21:02.416,1.04988,1.05,1.73,2.48
2012.08.23 08:21:02.488,1.04988,1.05,1.73,2.48
2012.08.23 08:21:03.147,1.04987,1.04999,3.60,1.50
2012.08.23 08:21:03.862,1.04987,1.04999,4.35,1.50
2012.08.23 08:21:08.306,1.04987,1.05001,4.35,2.48
2012.08.23 08:21:09.977,1.04989,1.05002,2.48,4.36
2012.08.23 08:21:11.276,1.0499,1.05002,2.48,3.60
2012.08.23 08:21:11.587,1.04988,1.04999,1.73,1.50
2012.08.23 08:21:12.089,1.0499,1.05001,1.73,3.23
2012.08.23 08:21:14.343,1.04989,1.05,2.48,1.73
2012.08.23 08:21:22.787,1.04988,1.04999,2.48,1.50
2012.08.23 08:21:23.697,1.04988,1.05,2.48,1.73
2012.08.23 08:21:26.176,1.04987,1.05,3.30,2.48
2012.08.23 08:21:26.726,1.04987,1.05,2.55,2.48
2012.08.23 08:21:30.827,1.04987,1.04998,2.55,2.25
2012.08.23 08:21:32.843,1.04987,1.04998,2.48,2.25
2012.08.23 08:21:36.127,1.04987,1.04998,2.48,2.25
2012.08.23 08:21:36.677,1.04987,1.04998,2.25,2.48
2012.08.23 08:21:36.821,1.04986,1.04999,4.73,3.00
2012.08.23 08:21:44.158,1.04987,1.05,3.98,2.48
2012.08.23 08:21:45.224,1.04987,1.04999,1.73,2.25
2012.08.23 08:21:47.656,1.04987,1.05,3.23,5.86
2012.08.23 08:21:47.988,1.04985,1.04997,1.50,1.73
2012.08.23 08:21:48.056,1.04986,1.04998,1.88,3.23
2012.08.23 08:21:48.248,1.04988,1.05,1.73,2.48
2012.08.23 08:21:48.498,1.04987,1.04999,2.48,1.50
2012.08.23 08:21:48.807,1.04984,1.04997,2.55,1.73
2012.08.23 08:21:50.433,1.04984,1.04997,2.48,2.48
2012.08.23 08:21:51.955,1.04984,1.04997,2.48,2.48
2012.08.23 08:21:52.586,1.04985,1.04996,1.05,1.73
2012.08.23 08:21:52.899,1.04987,1.04998,1.05,1.50
2012.08.23 08:21:55.359,1.04986,1.04998,2.17,1.50
2012.08.23 08:21:55.639,1.04986,1.04998,1.50,2.48
2012.08.23 08:21:56.177,1.04983,1.04997,3.30,1.73
2012.08.23 08:21:57.026,1.04986,1.04997,1.50,2.48
2012.08.23 08:21:58.116,1.04983,1.04994,2.25,1.73
2012.08.23 08:21:58.648,1.04982,1.04993,1.50,1.73
2012.08.23 08:21:58.977,1.04985,1.04993,1.13,1.73
2012.08.23 08:22:00.249,1.04983,1.04992,1.13,1.73
2012.08.23 08:22:00.599,1.04981,1.0499,1.13,1.73
2012.08.23 08:22:02.270,1.04978,1.04989,2.55,1.50
2012.08.23 08:22:03.870,1.0498,1.04991,2.85,3.23
2012.08.23 08:22:04.399,1.04982,1.04994,1.50,1.73
2012.08.23 08:22:04.541,1.04983,1.04995,2.10,1.73
2012.08.23 08:22:05.086,1.04986,1.04998,1.50,1.73
2012.08.23 08:22:05.618,1.04983,1.04998,4.35,3.23
2012.08.23 08:22:06.720,1.04987,1.04999,3.60,3.00
2012.08.23 08:22:07.287,1.04988,1.05,2.48,2.48
2012.08.23 08:22:08.617,1.04988,1.04999,2.48,2.25
2012.08.23 08:22:08.758,1.04985,1.04998,3.00,1.73
2012.08.23 08:22:08.947,1.04984,1.04997,2.85,2.48
2012.08.23 08:22:10.478,1.04984,1.04997,2.85,1.73
2012.08.23 08:22:10.878,1.04988,1.04998,1.88,3.98
2012.08.23 08:22:11.346,1.04988,1.04999,2.85,3.75
2012.08.23 08:22:12.907,1.04988,1.04999,2.10,2.25
2012.08.23 08:22:13.107,1.04985,1.04998,4.35,1.73
2012.08.23 08:22:18.159,1.04987,1.04997,1.13,3.23
2012.08.23 08:22:18.428,1.04987,1.05,4.73,2.48
2012.08.23 08:22:20.918,1.04987,1.04998,2.48,1.50
2012.08.23 08:22:21.058,1.04985,1.04997,3.60,1.73
2012.08.23 08:22:27.025,1.04985,1.04995,2.10,1.73
2012.08.23 08:22:27.632,1.04984,1.04994,1.73,1.50
2012.08.23 08:22:27.717,1.0498,1.04992,1.88,1.73
2012.08.23 08:22:28.320,1.04981,1.04992,1.50,1.73
2012.08.23 08:22:28.826,1.04981,1.04992,2.25,1.73
2012.08.23 08:22:29.987,1.04981,1.04992,1.50,1.73
2012.08.23 08:22:32.487,1.0498,1.04993,1.88,4.73
2012.08.23 08:22:34.515,1.04978,1.04992,4.35,1.73
2012.08.23 08:22:34.607,1.04978,1.04989,3.60,1.50
2012.08.23 08:22:35.138,1.04978,1.04988,1.35,2.25
2012.08.23 08:22:35.603,1.04978,1.0499,1.35,2.25
2012.08.23 08:22:39.047,1.0498,1.04989,1.88,1.50
2012.08.23 08:22:39.190,1.04982,1.04991,1.50,1.73
2012.08.23 08:22:39.410,1.04983,1.04993,1.50,2.48
2012.08.23 08:22:39.618,1.04984,1.04993,2.10,1.50
2012.08.23 08:22:39.690,1.04984,1.04997,2.10,3.98
2012.08.23 08:22:40.618,1.04984,1.04995,1.35,2.48
2012.08.23 08:22:40.936,1.04976,1.04983,1.05,1.73
2012.08.23 08:22:41.528,1.04974,1.04984,1.73,1.50
2012.08.23 08:22:42.115,1.04973,1.04986,2.48,2.48
2012.08.23 08:22:42.190,1.04973,1.04986,2.48,1.73
2012.08.23 08:22:43.106,1.04973,1.04986,1.73,2.48
2012.08.23 08:22:43.462,1.04973,1.04984,1.13,3.23
2012.08.23 08:22:43.608,1.04973,1.04984,2.10,1.50
2012.08.23 08:22:43.677,1.04973,1.04986,2.10,1.73
2012.08.23 08:22:44.666,1.04972,1.04987,2.55,5.85
2012.08.23 08:22:44.980,1.04973,1.04984,1.88,2.48
2012.08.23 08:22:45.196,1.04973,1.04985,2.85,1.50
2012.08.23 08:22:45.523,1.04977,1.04986,2.48,1.50
2012.08.23 08:22:45.778,1.04977,1.0499,3.23,3.00
2012.08.23 08:22:46.532,1.04974,1.04988,2.85,3.23
2012.08.23 08:22:48.218,1.04977,1.04988,1.50,2.48
2012.08.23 08:22:48.347,1.04977,1.04988,1.73,1.50
2012.08.23 08:22:48.659,1.04979,1.04989,2.10,2.25
2012.08.23 08:22:48.799,1.0498,1.04992,2.25,2.48
2012.08.23 08:22:49.318,1.04981,1.04992,1.13,3.98
2012.08.23 08:22:49.518,1.04981,1.04989,1.13,1.50
2012.08.23 08:22:49.838,1.04975,1.04983,1.13,1.73
2012.08.23 08:22:53.006,1.04973,1.04984,1.50,1.73
2012.08.23 08:22:53.969,1.04973,1.04983,3.00,2.48
2012.08.23 08:22:55.035,1.04972,1.04983,1.50,2.48
2012.08.23 08:22:56.686,1.04973,1.04983,1.50,2.48
2012.08.23 08:22:57.214,1.04973,1.04983,2.25,2.48
2012.08.23 08:23:01.384,1.04973,1.04983,2.25,2.48
2012.08.23 08:23:02.787,1.04973,1.04983,2.25,2.48
2012.08.23 08:23:06.454,1.04973,1.04983,1.50,3.23
2012.08.23 08:23:08.665,1.0497,1.04983,4.73,3.23
2012.08.23 08:23:20.850,1.0497,1.04982,3.98,1.73
2012.08.23 08:23:22.998,1.0497,1.04982,2.48,1.73
2012.08.23 08:23:23.634,1.0497,1.04982,1.73,1.73
2012.08.23 08:23:25.246,1.0497,1.04982,1.73,1.73
2012.08.23 08:23:28.914,1.04971,1.04982,1.50,1.73
2012.08.23 08:23:33.536,1.0497,1.04982,1.73,1.73
2012.08.23 08:23:33.965,1.0497,1.04982,1.73,1.73
2012.08.23 08:23:35.205,1.0497,1.04982,1.73,1.73
2012.08.23 08:23:35.796,1.04971,1.04982,1.50,1.73
2012.08.23 08:23:36.446,1.04972,1.04982,3.00,1.73
2012.08.23 08:23:38.296,1.0497,1.04982,4.73,1.73
2012.08.23 08:23:38.727,1.04971,1.04978,1.50,1.50
2012.08.23 08:23:38.799,1.04971,1.0498,1.50,1.73
2012.08.23 08:23:39.446,1.04973,1.04984,1.50,1.73
2012.08.23 08:23:39.579,1.04973,1.04984,2.48,1.50
2012.08.23 08:23:40.126,1.04974,1.04986,1.73,1.73
2012.08.23 08:23:40.641,1.04975,1.04984,1.73,2.25
2012.08.23 08:23:40.945,1.04972,1.04984,1.50,3.98
2012.08.23 08:23:43.496,1.04973,1.04983,1.50,2.48
2012.08.23 08:23:44.176,1.04973,1.04984,1.50,3.98
2012.08.23 08:23:55.729,1.04973,1.04984,1.50,3.98
2012.08.23 08:23:55.976,1.0497,1.04981,2.48,1.73
2012.08.23 08:23:56.503,1.04972,1.04983,1.50,3.23
2012.08.23 08:23:57.177,1.0497,1.04983,2.48,2.48
2012.08.23 08:23:58.167,1.04972,1.04983,1.50,2.48
2012.08.23 08:23:59.477,1.0497,1.04983,3.23,2.48
2012.08.23 08:24:03.135,1.04972,1.04983,1.50,2.48
2012.08.23 08:24:08.008,1.0497,1.04982,3.23,1.73
2012.08.23 08:24:08.146,1.0497,1.04981,2.48,1.73
2012.08.23 08:24:08.648,1.0497,1.04982,2.48,1.73
2012.08.23 08:24:09.328,1.04967,1.04979,3.60,1.50
2012.08.23 08:24:09.874,1.0497,1.04983,1.73,2.48
2012.08.23 08:24:10.857,1.0497,1.04977,1.73,1.50
2012.08.23 08:24:11.407,1.0497,1.04977,1.73,1.50
2012.08.23 08:24:12.876,1.04969,1.04982,4.35,1.73
2012.08.23 08:24:14.217,1.04969,1.04981,3.60,1.73
2012.08.23 08:24:14.287,1.04969,1.04979,2.48,1.50
2012.08.23 08:24:14.618,1.04963,1.04974,2.25,2.10
2012.08.23 08:24:14.750,1.04965,1.04977,1.50,4.23
2012.08.23 08:24:15.135,1.04964,1.04975,1.73,2.10
2012.08.23 08:24:15.347,1.04963,1.04974,1.50,1.73
2012.08.23 08:24:15.906,1.04961,1.04973,3.00,1.73
2012.08.23 08:24:16.229,1.04961,1.0497,1.50,1.50
2012.08.23 08:24:16.557,1.04958,1.04964,1.73,1.50
2012.08.23 08:24:16.888,1.04956,1.04963,1.50,1.73
2012.08.23 08:24:16.960,1.04957,1.04963,1.50,1.73
2012.08.23 08:24:17.297,1.04952,1.04963,3.00,1.73
2012.08.23 08:24:17.806,1.04951,1.04964,1.50,3.23
2012.08.23 08:24:18.247,1.04949,1.04961,2.48,1.73
2012.08.23 08:24:18.867,1.04949,1.04961,3.23,1.73
2012.08.23 08:24:19.397,1.0495,1.04961,1.50,2.48
2012.08.23 08:24:20.125,1.0495,1.04962,1.50,1.73
2012.08.23 08:24:20.199,1.04953,1.04962,1.13,1.73
2012.08.23 08:24:20.518,1.04955,1.04967,2.55,1.50
2012.08.23 08:24:20.838,1.04956,1.04966,2.25,1.73
2012.08.23 08:24:21.279,1.04956,1.04966,1.73,1.50
2012.08.23 08:24:21.728,1.04956,1.04969,3.23,2.25
2012.08.23 08:24:21.937,1.04957,1.0497,1.73,4.73
2012.08.23 08:24:22.726,1.04957,1.04968,1.73,1.50
2012.08.23 08:24:23.446,1.04955,1.04967,3.23,1.50
2012.08.23 08:24:23.696,1.04955,1.04967,2.25,1.73
2012.08.23 08:24:24.219,1.04953,1.04966,3.23,2.48
2012.08.23 08:24:25.748,1.04953,1.04963,2.48,1.50
2012.08.23 08:24:25.937,1.0495,1.04963,3.00,1.73
2012.08.23 08:24:26.078,1.0495,1.04962,2.25,2.48
2012.08.23 08:24:26.148,1.04948,1.0496,1.73,3.00
2012.08.23 08:24:26.479,1.04946,1.04959,2.55,3.75
2012.08.23 08:24:27.035,1.04946,1.04958,2.48,1.50
2012.08.23 08:24:27.846,1.04945,1.04957,2.70,1.50
2012.08.23 08:24:28.509,1.04946,1.04956,3.30,1.50
2012.08.23 08:24:28.661,1.04947,1.04961,3.30,2.48
2012.08.23 08:24:29.098,1.04949,1.04962,1.73,3.98
2012.08.23 08:24:29.663,1.04952,1.04963,1.50,3.98
2012.08.23 08:24:30.177,1.04951,1.04962,1.50,1.95
2012.08.23 08:24:30.252,1.0495,1.0496,2.48,1.73
2012.08.23 08:24:30.398,1.04947,1.04957,2.48,1.50
2012.08.23 08:24:30.541,1.04946,1.04955,1.35,1.50
2012.08.23 08:24:30.819,1.04945,1.04956,1.35,1.73
2012.08.23 08:24:31.141,1.04946,1.04957,1.35,1.73
2012.08.23 08:24:31.831,1.04945,1.04955,1.35,1.50
2012.08.23 08:24:31.913,1.04944,1.04955,1.58,1.50
2012.08.23 08:24:32.415,1.04946,1.04955,1.35,2.25
2012.08.23 08:24:33.248,1.04946,1.0496,3.83,2.26
2012.08.23 08:24:33.318,1.04946,1.04959,3.83,1.51
2012.08.23 08:24:33.449,1.04949,1.04961,3.60,1.73
2012.08.23 08:24:33.520,1.0495,1.04961,1.50,1.73
2012.08.23 08:24:34.030,1.04953,1.04963,1.73,1.50
2012.08.23 08:24:34.419,1.04953,1.04967,2.48,2.33
2012.08.23 08:24:34.559,1.04954,1.04966,1.73,2.48
2012.08.23 08:24:35.210,1.04954,1.04964,1.73,1.50
2012.08.23 08:24:35.585,1.04953,1.04963,2.48,1.50
2012.08.23 08:24:36.312,1.04952,1.04963,2.25,1.73
2012.08.23 08:24:37.056,1.04952,1.04964,5.25,3.08
2012.08.23 08:24:37.377,1.04953,1.04968,1.50,2.25
2012.08.23 08:24:37.507,1.04953,1.04967,1.50,1.73
2012.08.23 08:24:38.058,1.04951,1.04967,3.45,2.48
2012.08.23 08:24:38.726,1.04952,1.04966,1.57,2.85
2012.08.23 08:24:39.046,1.04952,1.04964,1.50,1.73
2012.08.23 08:24:39.596,1.0495,1.04964,4.73,2.48
2012.08.23 08:24:40.166,1.04953,1.04964,1.50,2.48
2012.08.23 08:24:40.564,1.04953,1.04967,1.73,3.23
2012.08.23 08:24:41.137,1.04953,1.04966,1.73,1.73
2012.08.23 08:24:44.645,1.04952,1.04965,2.48,1.88
2012.08.23 08:24:44.835,1.04952,1.04962,2.25,1.73
2012.08.23 08:24:46.425,1.04952,1.04962,1.88,1.73
2012.08.23 08:24:46.568,1.04953,1.04963,1.73,2.25
2012.08.23 08:24:46.637,1.04953,1.04963,1.73,2.25
2012.08.23 08:24:47.419,1.04953,1.04966,2.48,3.60
2012.08.23 08:24:47.628,1.04951,1.04963,1.73,2.25
2012.08.23 08:24:47.698,1.04951,1.04963,1.50,2.48
2012.08.23 08:24:48.037,1.04952,1.04965,1.73,2.25
2012.08.23 08:24:48.416,1.04953,1.04967,3.23,2.10
2012.08.23 08:24:48.738,1.04953,1.04963,2.25,1.73
2012.08.23 08:24:48.869,1.04951,1.04963,2.25,1.73
2012.08.23 08:24:49.707,1.04952,1.04963,3.00,1.73
2012.08.23 08:24:50.148,1.04951,1.04962,1.50,2.10
2012.08.23 08:24:50.218,1.0495,1.04961,3.23,2.85
2012.08.23 08:24:50.417,1.04948,1.04959,1.73,2.25
2012.08.23 08:24:50.489,1.04949,1.04959,1.73,2.25
2012.08.23 08:24:50.747,1.04949,1.04959,1.73,2.25
2012.08.23 08:24:51.129,1.04948,1.04961,2.48,1.73
2012.08.23 08:24:51.399,1.04949,1.04959,1.73,1.50
2012.08.23 08:24:51.467,1.04949,1.04959,1.73,1.50
2012.08.23 08:24:51.988,1.04945,1.04956,3.00,2.48
2012.08.23 08:24:52.317,1.04945,1.04956,1.28,2.48
2012.08.23 08:24:53.168,1.04945,1.04956,1.28,3.23
2012.08.23 08:24:53.248,1.04945,1.04956,1.28,3.23
2012.08.23 08:24:53.809,1.04941,1.04952,3.00,1.73
2012.08.23 08:24:53.876,1.04941,1.04952,3.00,1.73
2012.08.23 08:24:55.078,1.04943,1.04952,1.50,1.73
2012.08.23 08:24:55.596,1.04944,1.04953,1.50,1.73
2012.08.23 08:24:58.668,1.04944,1.04953,1.73,1.50
2012.08.23 08:24:58.858,1.04944,1.04954,2.10,1.51
2012.08.23 08:24:58.929,1.04944,1.04954,2.85,1.50
2012.08.23 08:24:59.250,1.04949,1.04957,1.13,1.73
2012.08.23 08:24:59.667,1.04949,1.0496,3.60,1.50
2012.08.23 08:24:59.737,1.04949,1.04961,6.60,2.03
2012.08.23 08:24:59.808,1.04951,1.04961,1.50,1.28
2012.08.23 08:25:00.489,1.04951,1.04962,3.75,1.73
2012.08.23 08:25:01.004,1.04951,1.04962,3.75,1.73
2012.08.23 08:25:02.218,1.04951,1.04962,3.00,1.73
2012.08.23 08:25:08.145,1.04951,1.04962,2.25,1.73
2012.08.23 08:25:11.813,1.04953,1.04962,1.88,1.73
2012.08.23 08:25:12.027,1.0495,1.04962,3.00,2.48
2012.08.23 08:25:12.099,1.04954,1.04964,1.50,3.23
2012.08.23 08:25:12.167,1.0495,1.04964,3.00,4.73
2012.08.23 08:25:12.417,1.04952,1.04964,1.88,2.48
2012.08.23 08:25:12.676,1.04952,1.04965,2.10,3.23
2012.08.23 08:25:13.207,1.04956,1.04966,1.88,2.48
2012.08.23 08:25:13.482,1.04953,1.04965,5.48,2.25
2012.08.23 08:25:13.677,1.04952,1.04963,2.25,1.73
2012.08.23 08:25:14.320,1.0495,1.04963,2.25,3.23
2012.08.23 08:25:16.147,1.04949,1.0496,2.85,1.50
2012.08.23 08:25:16.457,1.04949,1.0496,2.85,1.50
2012.08.23 08:25:17.196,1.04949,1.0496,2.85,1.50
2012.08.23 08:25:18.976,1.04949,1.04963,2.85,3.98
2012.08.23 08:25:20.706,1.04947,1.04959,2.85,1.50
2012.08.23 08:25:20.775,1.04947,1.04959,2.85,3.00
2012.08.23 08:25:22.376,1.04947,1.04959,2.10,1.50
2012.08.23 08:25:22.699,1.04945,1.04955,1.05,1.50
2012.08.23 08:25:22.828,1.04944,1.04955,1.05,1.73
2012.08.23 08:25:23.842,1.04943,1.04955,2.85,2.48
2012.08.23 08:25:23.977,1.04948,1.04955,1.13,1.73
2012.08.23 08:25:24.248,1.04948,1.04959,1.35,2.25
2012.08.23 08:25:25.686,1.04945,1.04958,3.38,2.25
2012.08.23 08:25:25.886,1.04945,1.04958,2.40,2.48
2012.08.23 08:25:26.676,1.04946,1.04957,1.13,2.48
2012.08.23 08:25:26.937,1.04946,1.04957,3.45,1.50
2012.08.23 08:25:27.138,1.04948,1.0496,1.73,3.23
2012.08.23 08:25:27.717,1.04948,1.0496,1.73,2.48
2012.08.23 08:25:28.616,1.04952,1.0496,1.50,1.73
2012.08.23 08:25:28.807,1.04949,1.0496,4.73,1.73
2012.08.23 08:25:30.693,1.04948,1.04959,2.10,1.50
2012.08.23 08:25:31.216,1.04948,1.04958,2.85,1.50
2012.08.23 08:25:31.778,1.04948,1.04958,2.85,1.50
2012.08.23 08:25:32.087,1.04947,1.04957,1.50,1.73
2012.08.23 08:25:32.631,1.04946,1.04956,1.50,1.73
2012.08.23 08:25:33.650,1.04947,1.04957,1.50,2.48
2012.08.23 08:25:34.018,1.04947,1.04959,3.60,1.51
2012.08.23 08:25:34.521,1.0495,1.0496,1.73,3.23
2012.08.23 08:25:36.117,1.04948,1.04959,2.48,1.50
2012.08.23 08:25:38.146,1.04948,1.04959,2.48,2.25
2012.08.23 08:25:38.397,1.04946,1.04956,1.50,2.10
2012.08.23 08:25:38.527,1.04943,1.04954,3.98,1.50
2012.08.23 08:25:38.837,1.04944,1.04956,1.73,2.03
2012.08.23 08:25:39.397,1.04943,1.04956,3.60,3.98
2012.08.23 08:25:40.297,1.04943,1.04956,3.60,3.98
2012.08.23 08:25:41.315,1.04943,1.04956,2.85,2.25
2012.08.23 08:25:41.628,1.04943,1.04955,1.50,2.55
2012.08.23 08:25:42.127,1.0494,1.04954,3.23,2.25
2012.08.23 08:25:43.117,1.0494,1.04954,3.23,2.25
2012.08.23 08:25:43.628,1.0494,1.04954,3.23,2.55
2012.08.23 08:25:44.176,1.0494,1.04953,3.23,1.73
2012.08.23 08:25:45.995,1.0494,1.04953,2.48,2.48
2012.08.23 08:25:46.448,1.04941,1.04954,1.88,3.23
2012.08.23 08:25:46.639,1.04943,1.04955,1.73,3.00
2012.08.23 08:25:46.709,1.04946,1.04955,1.88,2.25
2012.08.23 08:25:47.017,1.04946,1.04957,2.10,2.25
2012.08.23 08:25:47.755,1.04946,1.04959,2.10,3.75
2012.08.23 08:25:48.667,1.04946,1.04959,2.10,3.75
2012.08.23 08:25:49.187,1.04946,1.04957,2.10,1.50
2012.08.23 08:25:49.319,1.04946,1.04956,2.10,1.50
2012.08.23 08:25:49.528,1.04945,1.04956,1.73,3.01
2012.08.23 08:25:51.206,1.04946,1.04957,2.10,2.25
2012.08.23 08:25:52.005,1.04946,1.04958,2.10,3.75
2012.08.23 08:25:54.967,1.04946,1.04958,2.10,3.75
2012.08.23 08:25:55.945,1.04946,1.04957,1.35,2.25
2012.08.23 08:25:56.079,1.04943,1.04955,2.63,1.73
2012.08.23 08:25:56.208,1.04942,1.04953,2.48,2.25
2012.08.23 08:25:56.456,1.0494,1.04953,3.98,3.53
2012.08.23 08:25:57.006,1.04939,1.04949,1.73,1.50
2012.08.23 08:25:58.215,1.04936,1.04949,4.42,3.00
2012.08.23 08:25:58.735,1.04937,1.04949,1.73,2.25
2012.08.23 08:26:00.053,1.04936,1.04949,5.17,3.00
2012.08.23 08:26:00.556,1.04937,1.04949,1.73,2.25
2012.08.23 08:26:01.588,1.04936,1.04946,2.92,1.50
2012.08.23 08:26:01.927,1.04942,1.04952,5.25,1.73
2012.08.23 08:26:02.188,1.04941,1.04954,2.92,2.25
2012.08.23 08:26:02.257,1.04941,1.04951,2.92,1.50
2012.08.23 08:26:02.387,1.04942,1.04953,1.73,3.00
2012.08.23 08:26:02.588,1.04942,1.04955,1.73,1.50
2012.08.23 08:26:03.208,1.04942,1.04955,1.73,2.25
2012.08.23 08:26:03.677,1.0494,1.04954,4.05,1.50
2012.08.23 08:26:03.938,1.0494,1.04952,2.48,2.48
2012.08.23 08:26:05.316,1.0494,1.04952,1.73,2.48
2012.08.23 08:26:06.507,1.04937,1.04949,1.73,1.50
2012.08.23 08:26:09.007,1.04938,1.04948,1.73,2.25
2012.08.23 08:26:09.420,1.04936,1.04948,1.73,3.00
2012.08.23 08:26:09.807,1.04933,1.04946,2.48,1.28
2012.08.23 08:26:10.249,1.04931,1.04942,1.73,2.25
2012.08.23 08:26:10.316,1.04931,1.04942,1.50,2.48
2012.08.23 08:26:10.391,1.04929,1.04941,2.48,2.48
2012.08.23 08:26:10.461,1.04929,1.0494,1.73,1.50
2012.08.23 08:26:10.809,1.04926,1.04937,1.80,2.25
2012.08.23 08:26:11.316,1.04926,1.04937,1.05,2.25
2012.08.23 08:26:11.658,1.0492,1.0493,1.05,1.50
2012.08.23 08:26:11.817,1.04924,1.04929,1.05,1.73
2012.08.23 08:26:12.797,1.04917,1.0493,3.23,1.73
2012.08.23 08:26:12.893,1.04917,1.04929,2.48,1.73
2012.08.23 08:26:13.490,1.04916,1.04928,1.80,2.25
2012.08.23 08:26:14.595,1.04915,1.04928,3.67,3.00
2012.08.23 08:26:14.740,1.04915,1.04925,2.48,1.50
2012.08.23 08:26:14.869,1.04913,1.04925,2.25,3.23
2012.08.23 08:26:14.939,1.04913,1.04925,2.25,1.73
2012.08.23 08:26:15.007,1.04912,1.04925,1.58,3.98
2012.08.23 08:26:15.138,1.04912,1.04925,2.33,3.23
2012.08.23 08:26:15.490,1.04915,1.04929,4.73,3.98
2012.08.23 08:26:16.028,1.04915,1.04928,1.73,1.50
2012.08.23 08:26:16.356,1.04912,1.04918,1.50,1.50
2012.08.23 08:26:16.752,1.04907,1.04919,4.35,1.50
2012.08.23 08:26:17.336,1.04908,1.04919,1.35,2.25
2012.08.23 08:26:18.036,1.04908,1.04919,1.50,2.25
2012.08.23 08:26:18.106,1.04909,1.04919,2.25,2.25
2012.08.23 08:26:18.250,1.04909,1.04919,1.50,1.50
2012.08.23 08:26:18.471,1.04908,1.04919,3.67,1.50
2012.08.23 08:26:18.987,1.04909,1.0492,2.25,2.48
2012.08.23 08:26:19.057,1.04909,1.0492,3.00,1.73
2012.08.23 08:26:20.104,1.04908,1.04918,2.92,1.50
2012.08.23 08:26:20.471,1.04905,1.0492,2.48,3.23
2012.08.23 08:26:20.550,1.049,1.04919,3.00,3.00
2012.08.23 08:26:20.714,1.04904,1.04916,1.50,1.99
2012.08.23 08:26:20.862,1.04903,1.04915,1.50,1.50
2012.08.23 08:26:21.150,1.04901,1.04914,2.25,3.00
2012.08.23 08:26:21.628,1.04898,1.04911,2.25,2.48
2012.08.23 08:26:21.698,1.04898,1.0491,1.50,2.48
2012.08.23 08:26:22.559,1.04897,1.0491,1.73,1.73
2012.08.23 08:26:23.067,1.04897,1.04911,2.48,2.48
2012.08.23 08:26:23.770,1.04899,1.04909,2.48,1.50
2012.08.23 08:26:23.839,1.04899,1.0491,2.48,1.50
2012.08.23 08:26:24.458,1.04898,1.04908,5.55,1.50
2012.08.23 08:26:24.589,1.04898,1.04908,3.75,1.50
2012.08.23 08:26:25.191,1.04898,1.04909,3.00,1.50
2012.08.23 08:26:25.271,1.04899,1.0491,2.25,3.98
2012.08.23 08:26:25.611,1.04899,1.0491,2.25,3.98
2012.08.23 08:26:26.538,1.04899,1.0491,1.50,3.23
2012.08.23 08:26:26.727,1.04899,1.0491,2.25,1.73
2012.08.23 08:26:27.237,1.04896,1.04909,3.97,1.50
2012.08.23 08:26:27.758,1.04896,1.04909,3.22,1.50
2012.08.23 08:26:28.386,1.04896,1.0491,3.52,2.48
2012.08.23 08:26:28.911,1.04898,1.0491,1.88,2.48
2012.08.23 08:26:29.906,1.04898,1.0491,1.88,3.23
2012.08.23 08:26:30.351,1.04897,1.0491,2.85,3.23
2012.08.23 08:26:30.429,1.04897,1.0491,2.85,3.98
2012.08.23 08:26:30.569,1.04897,1.0491,1.35,3.23
2012.08.23 08:26:30.769,1.04897,1.0491,1.35,3.23
2012.08.23 08:26:31.287,1.04895,1.04909,4.35,1.51
2012.08.23 08:26:31.817,1.04896,1.04909,2.48,2.25
2012.08.23 08:26:32.148,1.04896,1.04907,2.48,2.25
2012.08.23 08:26:34.286,1.0489,1.04907,1.50,1.50
2012.08.23 08:26:34.607,1.04896,1.04909,2.32,3.98
2012.08.23 08:26:34.678,1.04896,1.04909,2.77,3.00
2012.08.23 08:26:34.805,1.04895,1.04909,3.75,1.50
2012.08.23 08:26:35.259,1.04896,1.04909,3.37,2.25
2012.08.23 08:26:35.969,1.04898,1.0491,2.17,1.73
2012.08.23 08:26:36.189,1.04898,1.04912,3.07,1.88
2012.08.23 08:26:36.332,1.04898,1.04912,3.07,1.88
2012.08.23 08:26:36.968,1.04901,1.04912,1.50,1.13
2012.08.23 08:26:38.319,1.04901,1.04912,2.48,1.13
2012.08.23 08:26:38.808,1.04902,1.04912,3.23,1.13
2012.08.23 08:26:39.816,1.04904,1.04912,1.50,1.13
2012.08.23 08:26:40.505,1.04905,1.04912,1.50,1.13
2012.08.23 08:26:41.229,1.04905,1.04915,1.50,2.10
2012.08.23 08:26:42.109,1.04907,1.04915,1.50,1.35
2012.08.23 08:26:43.198,1.04907,1.04918,2.25,3.60
2012.08.23 08:26:43.451,1.04909,1.04918,1.50,1.13
2012.08.23 08:26:43.518,1.04909,1.0492,1.50,2.11
2012.08.23 08:26:43.591,1.04912,1.0492,1.50,2.11
2012.08.23 08:26:43.989,1.04913,1.04921,1.50,1.73
2012.08.23 08:26:44.518,1.04917,1.04922,1.73,1.50
2012.08.23 08:26:44.596,1.04917,1.04926,1.73,2.63
2012.08.23 08:26:44.991,1.04916,1.04924,1.73,1.50
2012.08.23 08:26:45.071,1.04913,1.04924,3.23,1.73
2012.08.23 08:26:45.149,1.04913,1.04924,2.48,1.73
2012.08.23 08:26:45.220,1.04913,1.04923,1.73,2.63
2012.08.23 08:26:46.037,1.04912,1.04923,2.55,2.63
2012.08.23 08:26:46.109,1.04912,1.04923,2.55,2.63
2012.08.23 08:26:46.630,1.04912,1.04923,3.30,1.13
2012.08.23 08:26:47.229,1.04911,1.04923,2.48,1.50
2012.08.23 08:26:47.298,1.0491,1.04923,3.00,1.73
2012.08.23 08:26:47.558,1.0491,1.04923,2.25,3.23
2012.08.23 08:26:48.196,1.04912,1.04923,1.73,2.25
2012.08.23 08:26:48.277,1.04911,1.04923,1.50,1.73
2012.08.23 08:26:48.898,1.04909,1.04922,3.82,1.73
2012.08.23 08:26:49.596,1.04909,1.04922,3.07,1.73
2012.08.23 08:26:49.918,1.04916,1.04922,2.17,1.50
2012.08.23 08:26:50.249,1.04916,1.04925,3.67,1.13
2012.08.23 08:26:50.450,1.04916,1.04923,1.95,1.13
2012.08.23 08:26:50.598,1.04915,1.04923,1.50,1.13
2012.08.23 08:26:50.667,1.04913,1.04923,3.07,1.13
2012.08.23 08:26:50.939,1.04915,1.04923,1.50,1.13
2012.08.23 08:26:51.468,1.04915,1.04923,1.50,1.13
2012.08.23 08:26:51.864,1.04913,1.04923,1.50,1.13
2012.08.23 08:26:51.945,1.04911,1.04923,1.50,2.25
2012.08.23 08:26:52.409,1.04913,1.04923,1.50,2.25
2012.08.23 08:26:52.549,1.04913,1.04923,2.48,2.63
2012.08.23 08:26:53.106,1.04913,1.04923,2.48,1.13
2012.08.23 08:26:53.638,1.04916,1.04925,3.60,1.13
2012.08.23 08:26:54.156,1.04917,1.04925,1.73,1.13
2012.08.23 08:26:55.441,1.04918,1.04928,1.50,2.63
2012.08.23 08:26:55.969,1.0492,1.04928,1.50,1.13
2012.08.23 08:26:57.056,1.04919,1.04928,1.50,2.63
2012.08.23 08:26:57.188,1.0492,1.0493,1.50,2.85
2012.08.23 08:26:57.688,1.04923,1.04933,2.25,2.85
2012.08.23 08:26:57.889,1.04925,1.04933,1.50,1.88
2012.08.23 08:26:57.959,1.04923,1.04929,1.73,1.13
2012.08.23 08:26:58.029,1.04922,1.04929,2.48,1.13
2012.08.23 08:26:58.547,1.04921,1.0493,1.50,2.85
2012.08.23 08:26:59.129,1.0492,1.04927,1.50,1.13
2012.08.23 08:26:59.666,1.04919,1.04927,1.50,1.13
2012.08.23 08:26:59.737,1.04919,1.04929,1.50,2.85
2012.08.23 08:27:00.710,1.04923,1.04932,1.20,1.73
2012.08.23 08:27:00.849,1.04926,1.04936,2.48,1.88
2012.08.23 08:27:01.208,1.04926,1.04936,2.48,1.13
2012.08.23 08:27:01.280,1.04926,1.04933,2.25,1.13
2012.08.23 08:27:01.347,1.04924,1.04933,2.25,1.13
2012.08.23 08:27:01.866,1.04923,1.04932,1.73,1.80
2012.08.23 08:27:02.151,1.04919,1.04931,2.25,1.73
2012.08.23 08:27:02.691,1.0492,1.0493,1.50,2.63
2012.08.23 08:27:03.247,1.0492,1.0493,1.50,2.63
2012.08.23 08:27:04.143,1.0492,1.04928,1.50,1.13
2012.08.23 08:27:04.350,1.04916,1.04924,1.50,1.13
2012.08.23 08:27:04.606,1.04917,1.04925,2.48,1.13
2012.08.23 08:27:07.227,1.04917,1.04925,3.15,1.13
2012.08.23 08:27:07.296,1.04919,1.04927,1.50,1.13
2012.08.23 08:27:07.856,1.04918,1.04927,3.23,1.13
2012.08.23 08:27:08.367,1.04919,1.04927,1.57,1.13
2012.08.23 08:27:08.877,1.04919,1.04926,1.13,1.13
2012.08.23 08:27:09.208,1.04918,1.04927,1.05,1.13
2012.08.23 08:27:09.398,1.04919,1.04927,2.10,1.13
2012.08.23 08:27:09.717,1.04924,1.04932,2.17,1.13
2012.08.23 08:27:09.860,1.04924,1.04932,1.50,1.13
2012.08.23 08:27:10.418,1.04921,1.04932,1.80,2.63
2012.08.23 08:27:10.778,1.04921,1.0493,1.80,1.13
2012.08.23 08:27:11.178,1.0492,1.04932,1.05,3.76
2012.08.23 08:27:11.428,1.04919,1.04929,2.32,1.50
2012.08.23 08:27:11.687,1.04919,1.04929,3.07,1.50
2012.08.23 08:27:11.760,1.04919,1.0493,3.07,1.35
2012.08.23 08:27:12.296,1.04921,1.0493,1.05,1.13
2012.08.23 08:27:12.648,1.04921,1.04932,1.05,1.13
2012.08.23 08:27:12.908,1.0492,1.04933,1.80,2.25
2012.08.23 08:27:13.160,1.04918,1.04931,3.07,3.23
2012.08.23 08:27:15.968,1.04919,1.04931,1.57,2.40
2012.08.23 08:27:16.038,1.0492,1.04931,1.57,1.65
2012.08.23 08:27:16.581,1.04921,1.04931,1.05,1.13
2012.08.23 08:27:19.640,1.04924,1.04931,1.50,1.13
2012.08.23 08:27:19.790,1.04926,1.04935,2.25,2.78
2012.08.23 08:27:20.009,1.04927,1.04936,1.73,1.93
2012.08.23 08:27:20.538,1.04926,1.04937,1.73,2.55
2012.08.23 08:27:20.679,1.04926,1.04938,1.73,3.00
2012.08.23 08:27:23.530,1.04926,1.04938,1.73,3.00
2012.08.23 08:27:25.016,1.04925,1.04937,2.17,1.50
2012.08.23 08:27:25.098,1.04924,1.04936,1.50,2.78
2012.08.23 08:27:25.170,1.04924,1.04933,1.50,1.50
2012.08.23 08:27:25.729,1.04922,1.04935,3.30,2.48
2012.08.23 08:27:26.669,1.04922,1.04935,3.30,2.48
2012.08.23 08:27:27.450,1.04926,1.04935,1.13,2.48
2012.08.23 08:27:27.726,1.04926,1.04938,1.42,1.50
2012.08.23 08:27:30.238,1.04927,1.04938,2.48,1.50
2012.08.23 08:27:30.848,1.04929,1.0494,1.50,3.23
2012.08.23 08:27:31.357,1.04929,1.0494,1.50,1.73
2012.08.23 08:27:31.867,1.04927,1.04935,1.73,1.13
2012.08.23 08:27:32.220,1.04916,1.04927,6.23,1.50
2012.08.23 08:27:32.287,1.04916,1.04927,5.48,2.25
2012.08.23 08:27:32.480,1.04916,1.04926,1.73,1.50
2012.08.23 08:27:33.277,1.04916,1.04926,1.73,1.50
2012.08.23 08:27:33.787,1.04918,1.04927,1.50,1.50
2012.08.23 08:27:34.361,1.04917,1.04929,1.73,2.25
2012.08.23 08:27:35.706,1.04917,1.04929,1.73,2.25
2012.08.23 08:27:36.217,1.04919,1.04929,2.25,2.25
2012.08.23 08:27:36.765,1.04919,1.04929,2.25,1.50
2012.08.23 08:27:38.017,1.04919,1.04929,2.25,1.50
2012.08.23 08:27:38.946,1.04919,1.0493,3.00,2.48
2012.08.23 08:27:39.259,1.04921,1.04931,2.25,1.73
2012.08.23 08:27:39.793,1.04922,1.04933,3.00,3.23
2012.08.23 08:27:40.247,1.04923,1.04936,2.25,3.23
2012.08.23 08:27:40.378,1.04924,1.04934,2.25,1.50
2012.08.23 08:27:40.886,1.04925,1.04936,2.25,2.48
2012.08.23 08:27:41.028,1.04927,1.04937,1.73,1.50
2012.08.23 08:27:41.169,1.04927,1.04939,3.23,2.85
2012.08.23 08:27:41.308,1.04927,1.04936,2.48,1.50
2012.08.23 08:27:41.639,1.04922,1.04932,3.00,1.73
2012.08.23 08:27:42.099,1.04922,1.04932,2.25,1.50
2012.08.23 08:27:42.713,1.04925,1.04936,2.25,1.73
2012.08.23 08:27:43.458,1.04925,1.04938,3.75,3.60
2012.08.23 08:27:43.531,1.04927,1.04939,1.73,1.73
2012.08.23 08:27:44.045,1.04929,1.0494,1.50,2.48
2012.08.23 08:27:44.367,1.04929,1.0494,1.50,1.73
2012.08.23 08:27:45.989,1.04931,1.04943,1.50,3.23
2012.08.23 08:27:46.922,1.04929,1.04942,2.25,1.73
2012.08.23 08:27:47.446,1.04929,1.04942,2.25,1.73
2012.08.23 08:27:47.922,1.04928,1.04942,3.98,1.73
2012.08.23 08:27:48.466,1.04927,1.04938,1.73,1.50
2012.08.23 08:27:48.986,1.04927,1.04939,1.73,2.48
2012.08.23 08:27:49.300,1.04928,1.04941,3.98,1.35
2012.08.23 08:27:49.847,1.04928,1.04941,4.05,1.73
2012.08.23 08:27:50.727,1.04928,1.04941,3.23,4.35
2012.08.23 08:27:51.216,1.04927,1.04939,2.48,1.73
2012.08.23 08:27:52.549,1.04929,1.04942,2.25,2.33
2012.08.23 08:27:52.988,1.04929,1.04943,2.25,2.48
2012.08.23 08:27:54.470,1.04929,1.04941,1.50,1.28
2012.08.23 08:27:54.990,1.04928,1.04939,1.73,2.78
2012.08.23 08:27:55.407,1.04927,1.04938,2.25,1.73
2012.08.23 08:27:55.911,1.04925,1.04935,1.50,1.73
2012.08.23 08:27:56.350,1.04925,1.04933,1.50,1.50
2012.08.23 08:27:56.489,1.04927,1.04934,1.50,1.73
2012.08.23 08:27:58.258,1.04929,1.04938,1.50,1.50
2012.08.23 08:27:58.387,1.04929,1.0494,1.50,1.73
2012.08.23 08:27:58.516,1.04932,1.0494,1.50,1.73
2012.08.23 08:27:58.648,1.04929,1.04941,1.50,2.48
2012.08.23 08:27:59.197,1.04927,1.04939,1.73,2.48
2012.08.23 08:28:00.448,1.04924,1.04938,3.98,1.80
2012.08.23 08:28:00.518,1.04924,1.04936,3.75,1.73
2012.08.23 08:28:01.598,1.04924,1.04936,1.50,1.73
2012.08.23 08:28:04.245,1.04924,1.04937,3.23,1.28
2012.08.23 08:28:05.166,1.04923,1.04934,3.23,1.50
2012.08.23 08:28:05.489,1.04923,1.04934,1.50,2.03
2012.08.23 08:28:05.556,1.04923,1.04934,2.48,1.50
2012.08.23 08:28:06.116,1.04923,1.04936,3.23,2.48
2012.08.23 08:28:07.446,1.04923,1.04935,3.23,1.73
2012.08.23 08:28:07.766,1.04923,1.04934,1.50,2.48
2012.08.23 08:28:08.315,1.0492,1.04934,3.98,2.48
2012.08.23 08:28:10.975,1.0492,1.04934,3.98,1.73
2012.08.23 08:28:11.526,1.04922,1.04935,4.20,2.48
2012.08.23 08:28:11.719,1.04923,1.04936,1.73,2.48
2012.08.23 08:28:14.018,1.04923,1.04936,3.23,2.48
2012.08.23 08:28:14.667,1.04923,1.04936,3.98,2.48
2012.08.23 08:28:15.698,1.04923,1.04936,3.98,5.10
2012.08.23 08:28:15.901,1.04923,1.04933,2.25,1.73
2012.08.23 08:28:16.557,1.04922,1.04935,2.25,3.98
2012.08.23 08:28:16.897,1.04923,1.04935,1.35,3.75
2012.08.23 08:28:16.970,1.04926,1.04935,1.73,3.00
2012.08.23 08:28:17.106,1.04926,1.04937,1.73,1.50
2012.08.23 08:28:17.238,1.04927,1.04941,3.23,3.23
2012.08.23 08:28:17.917,1.0493,1.04941,1.73,1.73
2012.08.23 08:28:19.186,1.04932,1.04944,1.57,1.73
2012.08.23 08:28:19.326,1.04934,1.04945,2.48,2.25
2012.08.23 08:28:19.516,1.04934,1.04946,3.98,1.28
2012.08.23 08:28:20.036,1.04934,1.04946,3.23,1.28
2012.08.23 08:28:21.336,1.04933,1.04945,1.73,1.50
2012.08.23 08:28:25.148,1.04934,1.04945,1.73,1.50
2012.08.23 08:28:25.847,1.04934,1.04945,1.73,1.50
2012.08.23 08:28:28.136,1.04934,1.04945,1.73,1.50
2012.08.23 08:28:28.637,1.04934,1.04945,1.73,2.25
2012.08.23 08:28:30.158,1.04933,1.04943,1.73,1.88
2012.08.23 08:28:30.288,1.04931,1.04943,2.25,4.35
2012.08.23 08:28:30.805,1.0493,1.04941,2.25,2.48
2012.08.23 08:28:31.177,1.04927,1.04939,2.48,3.00
2012.08.23 08:28:31.497,1.04927,1.04937,1.57,2.48
2012.08.23 08:28:31.627,1.04928,1.04937,1.73,1.50
2012.08.23 08:28:31.696,1.04927,1.04939,2.55,1.50
2012.08.23 08:28:32.260,1.04927,1.0494,2.55,1.73
2012.08.23 08:28:33.428,1.0493,1.04942,1.73,3.23
2012.08.23 08:28:33.567,1.0493,1.04942,3.98,1.73
2012.08.23 08:28:34.869,1.04932,1.04943,1.50,6.40
2012.08.23 08:28:36.597,1.04931,1.04943,1.50,5.65
2012.08.23 08:28:38.996,1.04933,1.04943,1.50,5.65
2012.08.23 08:28:43.405,1.04931,1.04943,1.50,3.78
2012.08.23 08:28:43.719,1.04933,1.04944,2.17,2.25
2012.08.23 08:28:43.788,1.0494,1.04944,1.73,2.25
2012.08.23 08:28:43.929,1.0494,1.04947,1.73,1.35
2012.08.23 08:28:44.709,1.04937,1.04947,1.73,2.10
2012.08.23 08:28:44.839,1.04936,1.04947,2.48,1.80
2012.08.23 08:28:45.369,1.04936,1.04947,1.73,2.25
2012.08.23 08:28:48.326,1.04937,1.04947,2.85,1.50
2012.08.23 08:28:51.067,1.04933,1.04948,5.10,2.78
2012.08.23 08:28:52.488,1.04933,1.04946,2.10,3.53
2012.08.23 08:28:53.328,1.04931,1.04944,1.80,3.00
2012.08.23 08:28:53.668,1.04929,1.0494,1.73,3.00
2012.08.23 08:28:53.740,1.04928,1.04939,1.73,1.50
2012.08.23 08:28:53.809,1.04926,1.04938,2.32,2.48
2012.08.23 08:28:54.418,1.04926,1.04938,1.50,2.78
2012.08.23 08:28:54.547,1.04926,1.04938,1.50,2.78
2012.08.23 08:28:56.006,1.04924,1.04938,2.85,3.53
2012.08.23 08:28:57.046,1.04925,1.04938,2.25,2.78
2012.08.23 08:28:57.359,1.04927,1.0494,1.73,3.00
2012.08.23 08:28:57.846,1.04927,1.04941,3.98,1.73
2012.08.23 08:28:59.197,1.04927,1.04936,3.23,1.88
2012.08.23 08:28:59.539,1.04925,1.04936,1.50,1.73
2012.08.23 08:29:00.036,1.04925,1.04938,2.25,2.03
2012.08.23 08:29:01.486,1.04926,1.04938,2.63,1.73
2012.08.23 08:29:01.619,1.04926,1.0494,3.60,2.25
2012.08.23 08:29:05.552,1.04926,1.04938,1.73,2.25
2012.08.23 08:29:05.630,1.04926,1.04938,2.63,2.48
2012.08.23 08:29:05.760,1.04928,1.04938,1.50,2.48
2012.08.23 08:29:05.967,1.04928,1.04939,2.48,1.50
2012.08.23 08:29:07.257,1.0493,1.04941,1.50,1.73
2012.08.23 08:29:07.793,1.0493,1.04942,1.50,3.23
2012.08.23 08:29:08.925,1.0493,1.04943,3.00,3.53
2012.08.23 08:29:09.857,1.04931,1.04944,3.00,2.85
2012.08.23 08:29:10.118,1.04933,1.04946,3.23,1.73
2012.08.23 08:29:11.718,1.04933,1.04943,2.48,1.43
2012.08.23 08:29:12.049,1.04933,1.04942,1.50,2.48
2012.08.23 08:29:12.120,1.04929,1.04942,2.48,2.48
2012.08.23 08:29:12.261,1.04927,1.04939,2.92,2.25
2012.08.23 08:29:12.997,1.04928,1.04941,3.23,3.98
2012.08.23 08:29:14.227,1.04928,1.0494,3.23,1.50
2012.08.23 08:29:14.438,1.04928,1.04941,3.98,2.48
2012.08.23 08:29:17.767,1.0493,1.04942,3.00,2.48
2012.08.23 08:29:18.306,1.04927,1.04939,2.10,2.25
2012.08.23 08:29:19.576,1.04928,1.04939,1.73,1.50
2012.08.23 08:29:19.859,1.04926,1.04938,2.25,1.73
2012.08.23 08:29:20.386,1.04925,1.04938,1.50,3.98
2012.08.23 08:29:20.732,1.04927,1.04939,1.88,1.73
2012.08.23 08:29:20.878,1.04929,1.0494,1.73,1.05
2012.08.23 08:29:20.964,1.04929,1.04941,2.48,3.53
2012.08.23 08:29:21.691,1.0493,1.04941,2.25,2.03
2012.08.23 08:29:22.240,1.0493,1.0494,2.25,1.05
2012.08.23 08:29:22.798,1.04929,1.0494,1.73,1.05
2012.08.23 08:29:26.817,1.04929,1.04941,1.73,3.53
2012.08.23 08:29:27.352,1.04928,1.04941,1.73,2.48
2012.08.23 08:29:28.467,1.04927,1.04941,5.10,2.48
2012.08.23 08:29:29.017,1.04929,1.04942,3.98,1.58
2012.08.23 08:29:29.557,1.04931,1.04942,1.50,1.58
2012.08.23 08:29:30.080,1.04932,1.04942,1.50,1.58
2012.08.23 08:29:30.605,1.04929,1.04942,4.73,1.58
2012.08.23 08:29:30.679,1.04932,1.04942,1.50,1.58
2012.08.23 08:29:31.649,1.04932,1.04944,3.23,1.06
2012.08.23 08:29:32.017,1.04933,1.04946,3.23,2.03
2012.08.23 08:29:32.268,1.04933,1.04946,3.23,1.28
2012.08.23 08:29:32.397,1.04933,1.04946,3.23,1.28
2012.08.23 08:29:32.960,1.04933,1.04946,3.23,2.40
2012.08.23 08:29:33.148,1.04932,1.04944,2.25,2.48
2012.08.23 08:29:34.536,1.0493,1.04944,4.88,3.98
2012.08.23 08:29:37.577,1.0493,1.04944,4.88,3.98
2012.08.23 08:29:37.889,1.04934,1.04945,1.73,2.48
2012.08.23 08:29:40.039,1.04933,1.04944,1.50,1.73
2012.08.23 08:29:40.934,1.0493,1.04942,1.50,1.73
2012.08.23 08:29:41.126,1.04928,1.04942,1.73,1.73
2012.08.23 08:29:41.687,1.04929,1.0494,1.73,1.50
2012.08.23 08:29:42.257,1.04929,1.04941,1.73,2.48
2012.08.23 08:29:42.979,1.04928,1.04941,3.98,3.23
2012.08.23 08:29:44.736,1.04928,1.0494,1.73,1.50
2012.08.23 08:29:44.804,1.04928,1.0494,2.48,1.05
2012.08.23 08:29:45.307,1.0493,1.04942,2.25,1.73
2012.08.23 08:29:45.377,1.04932,1.04942,1.50,1.73
2012.08.23 08:29:45.866,1.0493,1.04942,2.25,1.73
2012.08.23 08:29:50.258,1.0493,1.04943,4.13,1.73
2012.08.23 08:29:50.456,1.04931,1.04944,3.00,1.73
2012.08.23 08:29:51.027,1.0493,1.04944,2.63,6.23
2012.08.23 08:29:51.528,1.0493,1.04941,2.63,1.73
2012.08.23 08:29:52.076,1.04932,1.04944,2.25,1.73
2012.08.23 08:29:52.637,1.04932,1.04944,2.25,1.73
2012.08.23 08:29:53.757,1.0493,1.04939,3.38,1.50
2012.08.23 08:29:54.563,1.0493,1.04939,1.88,1.50
2012.08.23 08:29:54.648,1.04928,1.04936,4.35,1.50
2012.08.23 08:29:54.836,1.04928,1.04939,4.35,1.50
2012.08.23 08:29:55.490,1.04928,1.0494,4.35,1.50
2012.08.23 08:29:56.045,1.0493,1.04942,1.88,1.73
2012.08.23 08:29:56.579,1.0493,1.04942,1.88,1.73
2012.08.23 08:30:00.622,1.0493,1.04942,2.63,3.23
2012.08.23 08:30:01.537,1.04931,1.04942,3.00,1.73
2012.08.23 08:30:02.508,1.04929,1.04942,3.23,4.58
2012.08.23 08:30:02.578,1.04929,1.04942,2.48,3.83
2012.08.23 08:30:02.970,1.04924,1.04936,1.65,1.73
2012.08.23 08:30:03.539,1.04926,1.04938,2.48,4.50
2012.08.23 08:30:03.726,1.04926,1.04938,3.23,2.25
2012.08.23 08:30:04.278,1.04926,1.04937,3.23,1.50
2012.08.23 08:30:07.088,1.04925,1.04935,1.73,1.50
2012.08.23 08:30:07.159,1.04927,1.04935,1.13,1.73
2012.08.23 08:30:07.358,1.04927,1.04938,2.10,2.25
2012.08.23 08:30:07.916,1.04927,1.04939,2.10,2.25
2012.08.23 08:30:08.427,1.04927,1.04938,2.10,1.50
2012.08.23 08:30:08.977,1.04923,1.04933,1.35,1.50
2012.08.23 08:30:09.578,1.04923,1.04935,1.35,3.00
2012.08.23 08:30:11.327,1.04925,1.04937,1.50,1.73
2012.08.23 08:30:11.728,1.04925,1.04934,1.50,1.50
2012.08.23 08:30:11.857,1.04922,1.04934,2.25,1.73
2012.08.23 08:30:12.547,1.04921,1.04934,2.25,3.98
2012.08.23 08:30:13.517,1.04928,1.04932,2.25,2.25
2012.08.23 08:30:13.848,1.04939,1.04944,1.50,3.90
2012.08.23 08:30:14.189,1.04946,1.04954,1.50,1.50
2012.08.23 08:30:14.258,1.04948,1.04954,1.50,1.50
2012.08.23 08:30:14.398,1.04949,1.04959,1.88,3.00
2012.08.23 08:30:14.728,1.04949,1.04962,1.88,1.51
2012.08.23 08:30:15.288,1.04949,1.04963,1.88,2.25
2012.08.23 08:30:16.297,1.04949,1.04962,1.88,2.25
2012.08.23 08:30:16.701,1.04949,1.04962,1.13,1.50
2012.08.23 08:30:17.308,1.04948,1.04963,3.00,1.50
2012.08.23 08:30:18.928,1.04949,1.04961,1.50,1.50
2012.08.23 08:30:19.297,1.04947,1.0496,1.50,1.50
2012.08.23 08:30:20.030,1.04946,1.0496,1.88,2.25
2012.08.23 08:30:20.398,1.04945,1.0496,2.70,2.25
2012.08.23 08:30:20.608,1.04945,1.0496,2.48,3.00
2012.08.23 08:30:20.930,1.04945,1.04956,1.73,1.73
2012.08.23 08:30:21.118,1.04941,1.04956,2.25,3.00
2012.08.23 08:30:21.616,1.04941,1.04956,3.00,3.00
2012.08.23 08:30:22.117,1.04942,1.04954,1.50,3.98
2012.08.23 08:30:25.456,1.04942,1.04954,1.50,3.23
2012.08.23 08:30:25.985,1.04941,1.04954,3.75,2.25
2012.08.23 08:30:26.668,1.04944,1.04954,1.88,3.23
2012.08.23 08:30:26.799,1.04944,1.04954,2.85,1.50
2012.08.23 08:30:27.431,1.04944,1.04956,2.85,1.73
2012.08.23 08:30:27.950,1.04944,1.04956,2.85,3.23
2012.08.23 08:30:29.427,1.04944,1.04954,2.85,1.50
2012.08.23 08:30:29.980,1.04944,1.04953,1.73,1.50
2012.08.23 08:30:30.297,1.04943,1.04952,2.25,2.48
2012.08.23 08:30:30.568,1.04945,1.04954,2.10,1.50
2012.08.23 08:30:31.099,1.04945,1.04957,2.10,3.23
2012.08.23 08:30:31.796,1.04945,1.04954,2.10,1.50
2012.08.23 08:30:33.018,1.04945,1.04954,2.10,1.50
2012.08.23 08:30:34.346,1.04945,1.04957,2.10,3.23
2012.08.23 08:30:39.678,1.04942,1.04955,3.98,2.48
2012.08.23 08:30:39.988,1.04942,1.04954,2.25,3.98
2012.08.23 08:30:42.947,1.04944,1.04955,1.13,3.23
2012.08.23 08:30:43.138,1.04944,1.04955,2.85,1.50
2012.08.23 08:30:43.657,1.04944,1.04958,2.85,3.23
2012.08.23 08:30:43.789,1.04944,1.04958,2.85,3.23
2012.08.23 08:30:43.917,1.04944,1.04958,3.60,3.23
2012.08.23 08:30:44.453,1.04944,1.04958,3.60,3.23
2012.08.23 08:30:46.656,1.04944,1.04953,1.73,1.50
2012.08.23 08:30:46.975,1.04943,1.04953,1.50,3.23
2012.08.23 08:30:50.426,1.04942,1.04953,1.50,2.48
2012.08.23 08:30:53.736,1.04942,1.04953,1.50,3.98
2012.08.23 08:30:55.786,1.04943,1.04953,1.50,3.98
2012.08.23 08:30:56.415,1.04943,1.04953,1.50,3.98
2012.08.23 08:30:57.505,1.04943,1.04953,1.50,3.98
2012.08.23 08:30:58.516,1.04942,1.04953,1.50,3.98
2012.08.23 08:30:58.826,1.04942,1.04953,1.50,3.98
2012.08.23 08:31:02.859,1.04942,1.04953,1.50,2.48
2012.08.23 08:31:10.448,1.04948,1.04953,1.13,2.48
2012.08.23 08:31:10.659,1.04951,1.0496,1.88,1.51
2012.08.23 08:31:10.729,1.04951,1.04961,1.13,2.25
2012.08.23 08:31:11.122,1.04951,1.04963,1.88,3.98
2012.08.23 08:31:11.666,1.04951,1.04961,1.88,1.50
2012.08.23 08:31:12.487,1.04951,1.04961,2.63,1.50
2012.08.23 08:31:12.558,1.04951,1.04963,2.63,1.73
2012.08.23 08:31:13.117,1.04952,1.04962,1.50,1.50
2012.08.23 08:31:13.689,1.04952,1.04963,1.50,1.73
2012.08.23 08:31:16.317,1.04953,1.04962,1.50,1.50
2012.08.23 08:31:19.445,1.04951,1.04963,2.63,3.23
2012.08.23 08:31:19.997,1.04953,1.04962,1.50,1.50
2012.08.23 08:31:20.073,1.04951,1.04959,1.50,1.50
2012.08.23 08:31:20.149,1.0495,1.04959,1.73,1.50
2012.08.23 08:31:20.396,1.0495,1.04961,1.73,3.75
2012.08.23 08:31:21.267,1.04949,1.0496,2.10,2.25
2012.08.23 08:31:21.396,1.04949,1.04958,2.10,1.50
2012.08.23 08:31:21.738,1.04946,1.04955,1.73,1.50
2012.08.23 08:31:22.120,1.04946,1.04955,1.73,1.50
2012.08.23 08:31:22.187,1.04945,1.04957,2.85,1.73
2012.08.23 08:31:22.408,1.04946,1.04957,2.48,1.73
2012.08.23 08:31:22.608,1.04949,1.04962,3.23,3.23
2012.08.23 08:31:23.219,1.0495,1.04962,2.48,2.48
2012.08.23 08:31:25.316,1.04951,1.04962,1.73,2.48
2012.08.23 08:31:25.876,1.04952,1.04962,1.50,2.48
2012.08.23 08:31:28.120,1.04952,1.04962,1.50,2.48
2012.08.23 08:31:33.305,1.0495,1.04962,2.48,3.23
2012.08.23 08:31:34.885,1.0495,1.04962,1.73,2.48
2012.08.23 08:31:35.208,1.04956,1.04964,2.63,2.25
2012.08.23 08:31:35.398,1.04954,1.04964,2.25,3.98
2012.08.23 08:31:35.956,1.04952,1.04964,1.50,3.98
2012.08.23 08:31:40.638,1.04955,1.04965,1.50,1.73
2012.08.23 08:31:40.888,1.04957,1.04969,1.73,3.75
2012.08.23 08:31:41.590,1.04958,1.04969,1.73,2.25
2012.08.23 08:31:43.550,1.04958,1.04969,1.73,1.50
2012.08.23 08:31:43.988,1.04955,1.04968,2.48,2.25
2012.08.23 08:31:44.056,1.04955,1.04968,2.48,3.23
2012.08.23 08:31:48.877,1.04955,1.04968,1.73,2.25
2012.08.23 08:31:50.220,1.04958,1.04969,1.88,3.00
2012.08.23 08:31:50.289,1.04958,1.04969,1.88,2.25
2012.08.23 08:31:50.417,1.04958,1.04969,2.10,2.25
2012.08.23 08:31:50.936,1.04958,1.0497,2.10,2.25
2012.08.23 08:31:52.887,1.04958,1.0497,2.10,4.50
2012.08.23 08:31:53.076,1.04958,1.0497,2.85,3.00
2012.08.23 08:31:53.798,1.04961,1.04973,3.60,1.35
2012.08.23 08:31:54.048,1.04962,1.04974,1.73,3.75
2012.08.23 08:31:54.420,1.04967,1.04974,1.13,1.50
2012.08.23 08:31:54.710,1.04969,1.0498,3.23,1.50
2012.08.23 08:31:55.030,1.04971,1.04982,2.48,1.34
2012.08.23 08:32:03.706,1.04971,1.04982,1.35,3.00
2012.08.23 08:32:04.577,1.04971,1.04982,2.10,1.50
2012.08.23 08:32:05.078,1.04971,1.04983,2.10,2.25
2012.08.23 08:32:05.598,1.04972,1.04983,3.23,1.50
2012.08.23 08:32:06.148,1.04969,1.04981,5.85,1.50
2012.08.23 08:32:06.687,1.04969,1.04981,3.60,3.75
2012.08.23 08:32:07.737,1.04969,1.04981,3.60,2.25
2012.08.23 08:32:09.448,1.04967,1.04975,2.63,1.50
2012.08.23 08:32:09.580,1.04966,1.04974,3.75,1.73
2012.08.23 08:32:09.799,1.04962,1.04974,1.73,3.23
2012.08.23 08:32:10.347,1.04963,1.04974,1.73,2.48
2012.08.23 08:32:15.116,1.04965,1.04976,1.50,4.20
2012.08.23 08:32:15.429,1.04966,1.04976,2.85,1.50
2012.08.23 08:32:15.804,1.04967,1.04978,2.48,2.25
2012.08.23 08:32:15.879,1.04966,1.04977,2.10,1.50
2012.08.23 08:32:16.198,1.04963,1.04974,2.10,2.48
2012.08.23 08:32:16.741,1.04963,1.04975,2.85,2.85
2012.08.23 08:32:17.437,1.04965,1.04975,1.13,2.10
2012.08.23 08:32:17.758,1.04968,1.04978,2.25,1.50
2012.08.23 08:32:19.130,1.04965,1.04979,4.35,3.75
2012.08.23 08:32:20.326,1.04963,1.04976,3.45,1.13
2012.08.23 08:32:20.417,1.04963,1.04975,2.40,1.73
2012.08.23 08:32:20.488,1.04966,1.04977,1.13,1.73
2012.08.23 08:32:20.798,1.04966,1.04978,1.35,3.75
2012.08.23 08:32:21.318,1.04966,1.04976,1.35,1.50
2012.08.23 08:32:21.656,1.04964,1.04974,1.50,1.50
2012.08.23 08:32:22.167,1.04963,1.04975,2.25,3.60
2012.08.23 08:32:22.989,1.04963,1.04975,2.25,2.85
2012.08.23 08:32:23.449,1.04963,1.04976,3.98,3.00
2012.08.23 08:32:23.907,1.04967,1.04977,1.35,1.50
2012.08.23 08:32:26.180,1.04967,1.04977,1.35,2.25
2012.08.23 08:32:26.567,1.04967,1.04977,1.35,1.50
2012.08.23 08:32:26.881,1.04963,1.04974,1.50,2.25
2012.08.23 08:32:27.407,1.04962,1.04974,2.10,3.75
2012.08.23 08:32:29.477,1.04961,1.04973,3.60,1.50
2012.08.23 08:32:30.037,1.04962,1.04973,2.48,1.50
2012.08.23 08:32:30.618,1.04962,1.04973,1.73,1.50
2012.08.23 08:32:39.754,1.04963,1.04974,1.50,2.25
2012.08.23 08:32:41.157,1.04963,1.04976,2.25,3.98
2012.08.23 08:32:41.358,1.04964,1.04976,1.35,2.25
2012.08.23 08:32:42.098,1.04964,1.04977,2.85,3.75
2012.08.23 08:32:42.439,1.04968,1.04977,2.85,1.50
2012.08.23 08:32:42.639,1.04968,1.04981,2.85,2.25
2012.08.23 08:32:43.200,1.04967,1.04978,1.35,1.50
2012.08.23 08:32:43.327,1.04964,1.04978,2.10,3.00
2012.08.23 08:32:44.128,1.04967,1.04978,2.10,1.50
2012.08.23 08:32:44.203,1.04968,1.0498,1.73,1.50
2012.08.23 08:32:45.718,1.04971,1.0498,1.35,1.50
2012.08.23 08:32:45.848,1.04971,1.04983,2.85,1.50
2012.08.23 08:32:47.999,1.04974,1.04983,1.13,1.50
2012.08.23 08:32:48.546,1.04972,1.04984,1.73,3.23
2012.08.23 08:32:49.096,1.04974,1.04984,1.13,3.23
2012.08.23 08:32:50.548,1.04974,1.04986,1.88,2.48
2012.08.23 08:32:50.678,1.04974,1.04987,2.85,1.50
2012.08.23 08:32:51.000,1.04971,1.04982,3.30,1.50
2012.08.23 08:32:51.139,1.04971,1.04982,1.80,1.50
2012.08.23 08:32:51.797,1.04969,1.04982,4.20,1.50
2012.08.23 08:32:52.403,1.04969,1.04982,3.60,1.50
2012.08.23 08:32:52.978,1.04969,1.04982,2.10,5.26
2012.08.23 08:32:53.249,1.04969,1.04982,2.10,3.75
2012.08.23 08:32:53.691,1.04969,1.0498,2.10,1.50
2012.08.23 08:32:54.017,1.04969,1.04978,1.35,1.50
2012.08.23 08:32:54.463,1.04966,1.04978,1.73,3.00
2012.08.23 08:32:54.968,1.04965,1.04976,1.73,1.50
2012.08.23 08:32:55.497,1.04967,1.04979,1.73,1.73
2012.08.23 08:32:55.688,1.04968,1.0498,1.35,4.73
2012.08.23 08:32:55.879,1.04968,1.0498,1.35,2.25
2012.08.23 08:32:59.296,1.04968,1.04981,3.60,2.25
2012.08.23 08:33:00.073,1.04968,1.04981,2.85,3.00
2012.08.23 08:33:00.269,1.04968,1.04978,1.50,1.50
2012.08.23 08:33:00.796,1.04964,1.04978,2.17,3.00
2012.08.23 08:33:04.179,1.04968,1.0498,1.13,3.98
2012.08.23 08:33:04.318,1.04968,1.0498,1.35,4.50
2012.08.23 08:33:04.567,1.04969,1.0498,1.73,1.50
2012.08.23 08:33:05.068,1.04969,1.04982,4.35,1.50
2012.08.23 08:33:07.657,1.04969,1.04982,4.35,2.25
2012.08.23 08:33:08.175,1.04969,1.0498,2.10,2.25
2012.08.23 08:33:09.557,1.04969,1.04981,1.35,1.50
2012.08.23 08:33:11.246,1.04969,1.04981,1.35,1.50
2012.08.23 08:33:12.383,1.04968,1.04982,3.60,5.25
2012.08.23 08:33:12.907,1.0497,1.04983,1.73,3.00
2012.08.23 08:33:13.857,1.04969,1.04982,3.60,1.50
2012.08.23 08:33:14.299,1.04969,1.04979,1.35,1.50
2012.08.23 08:33:14.807,1.04969,1.0498,1.35,1.50
2012.08.23 08:33:16.058,1.04969,1.0498,1.35,2.25
2012.08.23 08:33:16.641,1.04968,1.04978,1.73,1.50
2012.08.23 08:33:16.717,1.04968,1.04978,1.50,1.50
2012.08.23 08:33:17.218,1.04965,1.04977,2.33,1.50
2012.08.23 08:33:18.387,1.04964,1.04978,2.55,2.25
2012.08.23 08:33:22.960,1.04967,1.04978,2.48,1.50
2012.08.23 08:33:23.335,1.04968,1.04982,2.48,1.50
2012.08.23 08:33:23.410,1.04969,1.04982,1.73,1.50
2012.08.23 08:33:23.537,1.04968,1.04983,3.23,4.88
2012.08.23 08:33:26.246,1.04969,1.04982,1.73,3.00
2012.08.23 08:33:28.225,1.04969,1.04982,1.73,2.25
2012.08.23 08:33:29.078,1.04969,1.04982,1.73,3.75
2012.08.23 08:33:29.816,1.04969,1.04981,1.73,1.50
2012.08.23 08:33:30.378,1.04969,1.04982,2.48,3.75
2012.08.23 08:33:30.447,1.04969,1.04982,2.48,3.00
2012.08.23 08:33:30.837,1.04969,1.04982,2.48,3.76
2012.08.23 08:33:31.401,1.04971,1.04982,1.73,2.25
2012.08.23 08:33:32.917,1.04968,1.04982,3.98,1.50
2012.08.23 08:33:33.426,1.04968,1.04981,3.60,1.50
2012.08.23 08:33:33.977,1.0497,1.04983,1.73,3.38
2012.08.23 08:33:36.417,1.04973,1.04984,4.35,1.73
2012.08.23 08:33:36.607,1.04973,1.04984,4.35,1.73
2012.08.23 08:33:36.867,1.04973,1.04986,4.35,1.35
2012.08.23 08:33:37.259,1.04976,1.04988,1.73,3.00
2012.08.23 08:33:37.777,1.04974,1.04987,1.73,1.50
2012.08.23 08:33:37.967,1.04974,1.04987,1.73,2.25
2012.08.23 08:33:40.247,1.04974,1.04984,1.73,1.50
2012.08.23 08:33:40.318,1.04974,1.04984,1.50,1.73
2012.08.23 08:33:40.868,1.04972,1.04983,1.73,2.25
2012.08.23 08:33:49.178,1.04974,1.04984,1.50,1.73
2012.08.23 08:33:49.248,1.04974,1.04985,1.73,2.25
2012.08.23 08:33:49.440,1.04976,1.04988,1.73,3.75
2012.08.23 08:33:50.867,1.04973,1.04988,5.10,5.25
2012.08.23 08:33:51.118,1.04971,1.04985,3.98,2.85
2012.08.23 08:33:54.366,1.0497,1.04983,5.10,3.75
2012.08.23 08:33:56.385,1.0497,1.04983,5.10,3.00
2012.08.23 08:33:57.528,1.04971,1.04983,1.73,2.25
2012.08.23 08:33:58.081,1.04971,1.04983,2.48,1.50
2012.08.23 08:34:00.206,1.0497,1.04983,5.10,3.75
2012.08.23 08:34:01.936,1.04971,1.04984,3.98,1.73
2012.08.23 08:34:03.408,1.04971,1.04983,3.98,1.50
2012.08.23 08:34:04.047,1.04972,1.04984,1.73,3.23
2012.08.23 08:34:17.495,1.04974,1.04985,1.50,2.48
2012.08.23 08:34:18.039,1.04972,1.04985,2.48,3.98
2012.08.23 08:34:18.717,1.04973,1.04986,3.23,2.85
2012.08.23 08:34:18.788,1.04973,1.04986,3.98,2.25
2012.08.23 08:34:19.107,1.04978,1.04989,2.48,1.50
2012.08.23 08:34:19.357,1.04978,1.0499,2.48,2.26
2012.08.23 08:34:19.908,1.04978,1.0499,2.48,3.75
2012.08.23 08:34:20.368,1.04982,1.04992,1.73,2.25
2012.08.23 08:34:20.442,1.04983,1.04992,1.73,2.25
2012.08.23 08:34:20.663,1.04986,1.04995,2.85,1.50
2012.08.23 08:34:20.739,1.04988,1.04997,1.13,1.50
2012.08.23 08:34:20.879,1.04988,1.04998,2.10,1.50
2012.08.23 08:34:21.388,1.04988,1.04999,2.10,1.50
2012.08.23 08:34:21.528,1.04985,1.04998,3.98,1.73
2012.08.23 08:34:22.497,1.04987,1.04999,1.73,1.73
2012.08.23 08:34:22.821,1.04989,1.05,2.25,1.73
2012.08.23 08:34:22.899,1.04989,1.05,2.48,1.50
2012.08.23 08:34:23.348,1.04988,1.05001,3.60,3.01
2012.08.23 08:34:24.429,1.04988,1.05,2.85,2.25
2012.08.23 08:34:24.920,1.04988,1.05,5.10,1.50
2012.08.23 08:34:25.418,1.04988,1.05001,4.35,3.00
2012.08.23 08:34:25.608,1.04988,1.04997,3.00,1.73
2012.08.23 08:34:25.678,1.04988,1.04997,2.25,2.85
2012.08.23 08:34:25.751,1.04985,1.04995,1.05,1.50
2012.08.23 08:34:25.999,1.04985,1.04996,1.73,2.25
2012.08.23 08:34:26.446,1.04986,1.04999,1.73,3.23
2012.08.23 08:34:26.970,1.04986,1.04999,1.73,3.23
2012.08.23 08:34:27.186,1.04986,1.04999,1.73,3.23
2012.08.23 08:34:27.737,1.04986,1.04998,1.73,1.73
2012.08.23 08:34:27.929,1.04985,1.04994,1.73,1.50
2012.08.23 08:34:28.442,1.04983,1.04994,1.50,1.73
2012.08.23 08:34:28.897,1.04981,1.04994,3.98,1.73
2012.08.23 08:34:33.111,1.04981,1.04992,1.73,1.50
2012.08.23 08:34:33.540,1.0498,1.04991,1.73,1.50
2012.08.23 08:34:33.857,1.04979,1.04989,1.80,1.50
2012.08.23 08:34:35.927,1.04978,1.04988,3.67,1.50
2012.08.23 08:34:38.018,1.04977,1.04988,1.05,2.25
2012.08.23 08:34:38.217,1.04975,1.04987,4.35,3.23
2012.08.23 08:34:39.908,1.04976,1.04988,2.48,1.73
2012.08.23 08:34:40.459,1.04976,1.04988,2.48,1.73
2012.08.23 08:34:42.975,1.04976,1.04989,3.23,3.98
2012.08.23 08:34:47.277,1.04976,1.04988,1.73,2.48
2012.08.23 08:34:47.857,1.04971,1.04981,2.48,2.25
2012.08.23 08:34:47.946,1.04968,1.04979,1.57,1.73
2012.08.23 08:34:48.019,1.04968,1.04979,1.05,1.50
2012.08.23 08:34:48.090,1.04969,1.04982,1.73,2.85
2012.08.23 08:34:48.160,1.04969,1.04979,1.73,1.50
2012.08.23 08:34:48.288,1.04971,1.04981,2.48,1.50
2012.08.23 08:34:48.851,1.04971,1.04982,1.73,1.73
2012.08.23 08:34:50.336,1.0497,1.04983,1.73,2.85
2012.08.23 08:34:50.827,1.04969,1.04983,2.55,4.36
2012.08.23 08:34:51.347,1.0497,1.04983,2.48,5.86
2012.08.23 08:34:51.857,1.0497,1.04981,1.73,3.00
2012.08.23 08:34:52.698,1.0497,1.04983,3.23,5.11
2012.08.23 08:34:52.957,1.0497,1.04982,2.48,1.73
2012.08.23 08:34:54.367,1.04972,1.04981,1.73,1.50
2012.08.23 08:34:54.803,1.04974,1.04985,1.50,1.73
2012.08.23 08:34:54.949,1.04976,1.04989,2.48,3.23
2012.08.23 08:34:55.150,1.0498,1.0499,1.50,3.98
2012.08.23 08:34:55.359,1.0498,1.04993,3.23,6.23
2012.08.23 08:34:55.877,1.04983,1.04994,1.50,1.73
2012.08.23 08:34:56.419,1.04982,1.04994,3.75,1.73
2012.08.23 08:34:57.259,1.04983,1.04994,1.50,1.73
2012.08.23 08:34:58.968,1.04983,1.04992,2.25,1.13
2012.08.23 08:34:59.040,1.04981,1.04992,2.48,1.88
2012.08.23 08:34:59.250,1.0498,1.04991,1.73,2.25
2012.08.23 08:34:59.768,1.04978,1.04991,4.05,3.01
2012.08.23 08:35:00.320,1.04978,1.04991,1.05,2.25
2012.08.23 08:35:00.658,1.04975,1.04987,2.48,1.50
2012.08.23 08:35:01.251,1.04974,1.04987,2.48,2.25
2012.08.23 08:35:02.043,1.04975,1.04987,1.73,1.50
2012.08.23 08:35:02.125,1.04975,1.04987,1.73,2.25
2012.08.23 08:35:02.738,1.04975,1.04987,1.73,1.50
2012.08.23 08:35:02.928,1.04975,1.04985,1.73,2.63
2012.08.23 08:35:03.200,1.04972,1.04982,1.73,1.73
2012.08.23 08:35:03.719,1.04969,1.04981,1.73,1.50
2012.08.23 08:35:04.044,1.04968,1.04977,1.80,1.50
2012.08.23 08:35:04.327,1.04967,1.04977,2.17,3.00
2012.08.23 08:35:04.469,1.04967,1.04977,1.05,3.75
2012.08.23 08:35:04.610,1.04966,1.04977,2.78,3.23
2012.08.23 08:35:04.678,1.04966,1.04977,2.78,3.98
2012.08.23 08:35:04.878,1.04964,1.04975,1.88,2.25
2012.08.23 08:35:05.394,1.04964,1.04976,1.73,2.48
2012.08.23 08:35:06.207,1.04963,1.04976,4.05,2.48
2012.08.23 08:35:08.887,1.04964,1.04976,1.73,2.48
2012.08.23 08:35:09.018,1.04963,1.04976,4.05,2.48
2012.08.23 08:35:09.391,1.04969,1.04978,1.50,2.48
2012.08.23 08:35:09.660,1.0497,1.04978,1.50,1.50
2012.08.23 08:35:09.930,1.04971,1.04978,2.25,1.50
2012.08.23 08:35:10.301,1.04971,1.0498,1.50,1.50
2012.08.23 08:35:10.847,1.0497,1.04983,1.50,1.73
2012.08.23 08:35:11.287,1.04969,1.0498,2.48,2.63
2012.08.23 08:35:11.500,1.04967,1.0498,2.85,4.13
2012.08.23 08:35:12.019,1.04969,1.04982,3.23,1.73
2012.08.23 08:35:12.230,1.04969,1.0498,2.48,2.25
2012.08.23 08:35:12.548,1.04967,1.04977,2.17,1.50
2012.08.23 08:35:12.680,1.04967,1.04976,1.13,1.73
2012.08.23 08:35:13.202,1.04965,1.04977,2.78,1.73
2012.08.23 08:35:14.990,1.04965,1.04978,1.73,4.35
2012.08.23 08:35:16.198,1.04964,1.04978,3.83,3.60
2012.08.23 08:35:16.449,1.04968,1.04979,1.50,2.48
2012.08.23 08:35:16.699,1.04969,1.0498,1.73,1.73
2012.08.23 08:35:17.208,1.0497,1.04981,3.23,1.73
2012.08.23 08:35:17.717,1.04971,1.04983,2.25,1.73
2012.08.23 08:35:18.281,1.04972,1.04985,1.50,3.23
2012.08.23 08:35:18.807,1.04972,1.04985,1.50,3.23
2012.08.23 08:35:21.738,1.04972,1.04983,1.50,1.73
2012.08.23 08:35:31.197,1.04972,1.04985,2.25,3.98
2012.08.23 08:35:31.399,1.04969,1.04978,1.73,1.35
2012.08.23 08:35:31.541,1.04965,1.04974,2.10,3.00
2012.08.23 08:35:31.930,1.04964,1.04971,1.05,1.73
2012.08.23 08:35:32.318,1.04961,1.04973,1.50,2.48
2012.08.23 08:35:33.648,1.04961,1.04973,1.50,1.73
2012.08.23 08:35:34.286,1.04961,1.04973,1.50,1.73
2012.08.23 08:35:36.338,1.04961,1.04973,1.50,1.73
2012.08.23 08:35:41.071,1.04968,1.04976,1.13,1.73
2012.08.23 08:35:41.359,1.04969,1.04982,1.73,2.48
2012.08.23 08:35:41.431,1.04969,1.04982,1.73,1.73
2012.08.23 08:35:42.009,1.04971,1.04979,1.50,1.50
2012.08.23 08:35:42.081,1.04969,1.04979,1.73,2.25
2012.08.23 08:35:42.287,1.04969,1.04979,1.73,2.25
2012.08.23 08:35:43.341,1.04969,1.04979,1.73,2.25
2012.08.23 08:35:43.692,1.04965,1.04976,1.50,1.73
2012.08.23 08:35:44.218,1.04963,1.04976,4.05,1.73
2012.08.23 08:35:44.939,1.04963,1.04976,3.30,2.48
2012.08.23 08:35:46.989,1.04963,1.04975,2.55,1.50
2012.08.23 08:35:47.061,1.04962,1.04974,1.57,3.98
2012.08.23 08:35:47.141,1.04963,1.04974,1.88,4.73
2012.08.23 08:35:48.262,1.0496,1.04972,1.50,1.73
2012.08.23 08:35:48.344,1.04963,1.04972,1.13,1.73
2012.08.23 08:35:48.958,1.04959,1.04972,5.17,3.23
2012.08.23 08:35:49.029,1.04959,1.04969,3.60,1.50
2012.08.23 08:35:49.566,1.04959,1.04967,2.85,1.50
2012.08.23 08:35:50.086,1.04959,1.04967,2.10,1.50
2012.08.23 08:35:50.157,1.04959,1.0497,2.10,3.75
2012.08.23 08:35:50.659,1.04956,1.04968,2.55,1.50
2012.08.23 08:35:50.980,1.04961,1.04966,1.13,1.73
2012.08.23 08:35:51.167,1.04961,1.04968,1.13,1.50
2012.08.23 08:35:51.697,1.04961,1.04969,1.13,2.25
2012.08.23 08:35:52.671,1.0496,1.04969,1.35,2.25
2012.08.23 08:35:53.278,1.0496,1.04969,1.35,2.25
2012.08.23 08:35:54.468,1.04959,1.04969,1.13,3.00
2012.08.23 08:35:55.447,1.04959,1.04968,1.13,1.73
2012.08.23 08:35:57.837,1.04959,1.04967,1.13,1.73
2012.08.23 08:36:00.938,1.04963,1.04967,1.13,1.50
2012.08.23 08:36:01.269,1.04965,1.0497,1.13,1.73
2012.08.23 08:36:01.961,1.04964,1.04973,1.13,1.50
2012.08.23 08:36:02.036,1.04964,1.04977,2.10,2.48
2012.08.23 08:36:02.830,1.04969,1.04977,1.13,2.48
2012.08.23 08:36:02.898,1.04963,1.04977,2.48,2.48
2012.08.23 08:36:02.969,1.04964,1.04975,1.73,1.50
2012.08.23 08:36:03.040,1.04963,1.04975,2.10,1.50
2012.08.23 08:36:03.658,1.04963,1.04975,1.05,2.25
2012.08.23 08:36:03.978,1.0496,1.04974,3.60,1.73
2012.08.23 08:36:04.290,1.04959,1.04972,4.35,3.23
2012.08.23 08:36:04.549,1.04959,1.0497,2.48,1.73
2012.08.23 08:36:04.818,1.04959,1.04971,2.10,3.23
2012.08.23 08:36:05.019,1.04961,1.0497,1.13,1.73
2012.08.23 08:36:05.338,1.04965,1.04971,1.13,1.73
2012.08.23 08:36:05.412,1.04963,1.0497,1.13,1.73
2012.08.23 08:36:06.749,1.04962,1.04971,1.13,3.23
2012.08.23 08:36:06.948,1.04963,1.0497,1.13,1.73
2012.08.23 08:36:07.082,1.04959,1.0497,2.85,3.98
2012.08.23 08:36:07.148,1.04959,1.0497,2.85,3.98
2012.08.23 08:36:07.678,1.04961,1.04974,1.50,2.48
2012.08.23 08:36:08.478,1.04963,1.04974,1.13,2.48
2012.08.23 08:36:08.619,1.04963,1.04974,2.10,1.50
2012.08.23 08:36:09.139,1.04963,1.04978,3.60,4.58
2012.08.23 08:36:12.718,1.04968,1.04978,1.13,3.23
2012.08.23 08:36:13.063,1.04968,1.0498,2.48,3.75
2012.08.23 08:36:13.540,1.0497,1.04983,3.00,3.98
2012.08.23 08:36:13.869,1.04971,1.04983,2.32,2.48
2012.08.23 08:36:14.315,1.04971,1.04983,1.05,2.63
2012.08.23 08:36:14.391,1.04969,1.04982,1.73,2.48
2012.08.23 08:36:16.299,1.04969,1.04979,1.73,1.50
2012.08.23 08:36:16.858,1.04972,1.04984,1.50,2.48
2012.08.23 08:36:19.836,1.04972,1.04985,2.25,3.23
2012.08.23 08:36:20.039,1.04974,1.04985,1.73,1.73
2012.08.23 08:36:21.427,1.04975,1.04988,2.48,2.48
2012.08.23 08:36:23.527,1.04974,1.04988,1.73,2.48
2012.08.23 08:36:23.732,1.04973,1.04984,2.55,1.88
2012.08.23 08:36:24.050,1.04969,1.0498,1.73,1.73
2012.08.23 08:36:24.637,1.04968,1.0498,2.85,2.48
2012.08.23 08:36:25.100,1.04971,1.04983,2.63,1.73
2012.08.23 08:36:25.629,1.04972,1.04984,1.50,3.23
2012.08.23 08:36:26.148,1.04971,1.04983,1.88,1.73
2012.08.23 08:36:26.408,1.04969,1.04981,1.73,2.48
2012.08.23 08:36:26.869,1.04966,1.04979,2.25,5.48
2012.08.23 08:36:27.389,1.04965,1.04977,1.88,2.48
2012.08.23 08:36:27.843,1.04969,1.04976,2.10,1.50
2012.08.23 08:36:27.920,1.04969,1.04981,2.85,2.48
2012.08.23 08:36:28.298,1.04968,1.04981,1.73,3.98
2012.08.23 08:36:28.840,1.04969,1.0498,1.58,1.50
2012.08.23 08:36:30.599,1.04971,1.0498,1.13,1.50
2012.08.23 08:36:31.161,1.0497,1.04983,2.25,2.48
2012.08.23 08:36:31.910,1.04969,1.04982,2.85,2.48
2012.08.23 08:36:32.418,1.04969,1.0498,2.10,2.25
2012.08.23 08:36:33.087,1.04969,1.04981,1.73,1.73
2012.08.23 08:36:33.638,1.0497,1.04982,2.25,1.73
2012.08.23 08:36:33.948,1.04969,1.04982,3.23,1.73
2012.08.23 08:36:34.519,1.04969,1.04982,1.73,3.98
2012.08.23 08:36:34.982,1.04967,1.0498,2.10,3.00
2012.08.23 08:36:35.680,1.04966,1.04976,1.50,1.73
2012.08.23 08:36:36.250,1.04965,1.04976,1.50,1.73
2012.08.23 08:36:37.697,1.04965,1.04976,1.50,2.48
2012.08.23 08:36:39.419,1.04967,1.04976,1.13,1.73
2012.08.23 08:36:39.958,1.04967,1.04978,3.23,1.50
2012.08.23 08:36:40.048,1.04968,1.04981,1.73,2.48
2012.08.23 08:36:40.587,1.04968,1.04979,1.73,1.50
2012.08.23 08:36:41.137,1.04967,1.04979,2.48,2.25
2012.08.23 08:36:41.508,1.04965,1.04979,1.73,3.98
2012.08.23 08:36:42.579,1.04964,1.04976,2.85,2.48
2012.08.23 08:36:43.138,1.04964,1.04976,2.85,2.48
2012.08.23 08:36:43.942,1.04964,1.04976,2.85,2.48
2012.08.23 08:36:45.207,1.04963,1.04975,2.48,1.73
2012.08.23 08:36:45.517,1.04963,1.04974,2.25,1.73
2012.08.23 08:36:47.296,1.0496,1.04972,2.85,1.73
2012.08.23 08:36:47.428,1.04962,1.04969,1.13,1.35
2012.08.23 08:36:47.740,1.04958,1.04964,1.13,1.50
2012.08.23 08:36:48.093,1.04955,1.04961,1.13,1.50
2012.08.23 08:36:48.453,1.04951,1.04958,1.13,1.50
2012.08.23 08:36:51.509,1.04948,1.04958,1.13,2.48
2012.08.23 08:36:52.067,1.04948,1.04957,1.13,1.73
2012.08.23 08:36:52.616,1.04948,1.04958,1.13,2.48
2012.08.23 08:36:56.772,1.04945,1.04958,2.25,1.73
2012.08.23 08:36:57.306,1.04945,1.04958,2.25,1.73
2012.08.23 08:37:01.846,1.04945,1.04958,3.75,1.73
2012.08.23 08:37:15.118,1.04949,1.04958,1.13,1.73
2012.08.23 08:37:21.788,1.04952,1.04958,1.13,1.73
2012.08.23 08:37:22.351,1.04955,1.04962,1.50,3.25
2012.08.23 08:37:22.460,1.04957,1.04969,1.50,1.73
2012.08.23 08:37:23.589,1.04956,1.04968,3.00,1.73
2012.08.23 08:37:23.778,1.04955,1.04965,1.50,1.73
2012.08.23 08:37:24.048,1.04956,1.04967,1.50,2.85
2012.08.23 08:37:24.188,1.04956,1.04966,1.50,1.73
2012.08.23 08:37:28.588,1.04957,1.0497,2.25,4.73
2012.08.23 08:37:28.801,1.04961,1.0497,1.88,3.23
2012.08.23 08:37:29.010,1.04963,1.04973,1.50,3.23
2012.08.23 08:37:29.208,1.04963,1.04974,3.00,1.73
2012.08.23 08:37:29.339,1.04965,1.04976,1.50,2.48
2012.08.23 08:37:29.848,1.04966,1.04978,1.50,3.23
2012.08.23 08:37:30.158,1.04967,1.0498,3.00,5.10
2012.08.23 08:37:30.710,1.04966,1.04978,1.50,1.73
2012.08.23 08:37:31.159,1.04965,1.04977,2.25,2.48
2012.08.23 08:37:31.489,1.04965,1.04977,3.75,1.73
2012.08.23 08:37:36.887,1.04966,1.04978,1.50,2.48
2012.08.23 08:37:38.584,1.04966,1.04978,1.50,3.98
2012.08.23 08:37:40.326,1.04965,1.04978,3.75,3.98
2012.08.23 08:37:40.879,1.04969,1.04978,1.50,1.73
2012.08.23 08:37:41.868,1.04968,1.04978,1.50,1.73
2012.08.23 08:37:42.429,1.0497,1.04981,1.50,1.73
2012.08.23 08:37:42.770,1.04967,1.04979,4.50,1.73
2012.08.23 08:37:42.840,1.04967,1.04979,3.00,1.73
2012.08.23 08:37:42.983,1.04968,1.04979,1.35,2.25
2012.08.23 08:37:43.118,1.04968,1.0498,2.85,2.25
2012.08.23 08:37:43.189,1.04968,1.04979,1.88,1.73
2012.08.23 08:37:43.679,1.04967,1.04976,1.50,2.33
2012.08.23 08:37:44.018,1.04962,1.04972,1.50,1.73
2012.08.23 08:37:44.527,1.04962,1.04972,1.50,2.48
2012.08.23 08:37:45.107,1.04962,1.04972,1.50,2.48
2012.08.23 08:37:45.252,1.04961,1.0497,1.50,1.73
2012.08.23 08:37:45.777,1.04959,1.04971,2.55,1.73
2012.08.23 08:37:46.368,1.04959,1.0497,1.73,1.73
2012.08.23 08:37:46.878,1.04958,1.0497,2.17,3.98
2012.08.23 08:37:48.637,1.04958,1.0497,2.92,3.23
2012.08.23 08:37:51.569,1.04961,1.04973,1.88,3.98
2012.08.23 08:37:51.638,1.04961,1.04973,2.63,3.23
2012.08.23 08:37:51.982,1.04964,1.04976,2.25,2.48
2012.08.23 08:37:52.479,1.04967,1.04977,1.50,2.25
2012.08.23 08:37:52.671,1.04968,1.04979,1.50,2.48
2012.08.23 08:37:53.629,1.04965,1.04978,1.50,3.98
2012.08.23 08:37:53.758,1.04964,1.04977,1.73,1.73
2012.08.23 08:37:54.110,1.04962,1.04974,4.50,1.73
2012.08.23 08:37:54.429,1.04966,1.04978,1.50,3.23
2012.08.23 08:37:54.950,1.04968,1.0498,1.50,3.23
2012.08.23 08:37:56.098,1.04968,1.0498,1.50,3.23
2012.08.23 08:37:57.701,1.04969,1.0498,2.25,1.73
2012.08.23 08:37:57.897,1.04968,1.0498,2.85,1.73
2012.08.23 08:37:59.019,1.04968,1.04981,2.25,3.60
2012.08.23 08:37:59.361,1.04962,1.04973,1.50,3.08
2012.08.23 08:37:59.430,1.04961,1.04973,3.00,3.08
2012.08.23 08:37:59.820,1.04961,1.04971,1.50,1.73
2012.08.23 08:38:00.159,1.04966,1.04978,2.25,3.23
2012.08.23 08:38:00.298,1.04966,1.04979,3.00,3.98
2012.08.23 08:38:00.817,1.04966,1.04979,3.00,2.48
2012.08.23 08:38:02.648,1.04967,1.04979,1.13,2.48
2012.08.23 08:38:02.718,1.04968,1.0498,1.13,1.73
2012.08.23 08:38:02.908,1.04969,1.04981,1.73,3.23
2012.08.23 08:38:04.527,1.04969,1.04981,1.73,1.73
2012.08.23 08:38:06.646,1.0497,1.0498,1.73,1.73
2012.08.23 08:38:07.197,1.0497,1.0498,1.73,1.73
2012.08.23 08:38:07.745,1.0497,1.0498,3.98,1.73
2012.08.23 08:38:09.316,1.0497,1.04983,1.73,2.48
2012.08.23 08:38:09.998,1.0497,1.04981,3.23,1.73
2012.08.23 08:38:10.508,1.0497,1.04979,2.48,1.50
2012.08.23 08:38:11.069,1.04967,1.04978,1.50,1.73
2012.08.23 08:38:11.268,1.04966,1.04978,1.50,1.73
2012.08.23 08:38:12.262,1.04969,1.04981,1.88,2.48
2012.08.23 08:38:12.400,1.0497,1.04982,2.48,2.48
2012.08.23 08:38:12.547,1.0497,1.04978,2.48,1.13
2012.08.23 08:38:12.890,1.04966,1.04976,1.73,1.50
2012.08.23 08:38:12.959,1.04965,1.04976,1.13,1.73
2012.08.23 08:38:13.168,1.04965,1.04978,4.13,3.23
2012.08.23 08:38:14.519,1.04968,1.04979,1.88,3.23
2012.08.23 08:38:14.589,1.04968,1.04979,2.48,2.25
2012.08.23 08:38:14.980,1.04969,1.04981,2.48,1.73
2012.08.23 08:38:17.908,1.04969,1.0498,1.73,2.25
2012.08.23 08:38:18.431,1.04968,1.04978,3.23,1.50
2012.08.23 08:38:19.156,1.04968,1.0498,3.23,3.00
2012.08.23 08:38:22.730,1.0497,1.04981,1.50,1.73
2012.08.23 08:38:22.917,1.0497,1.04984,5.63,1.73
2012.08.23 08:38:23.418,1.0497,1.04981,1.50,1.73
2012.08.23 08:38:23.730,1.0497,1.04981,2.25,1.73
2012.08.23 08:38:23.918,1.0497,1.04982,2.25,1.73
2012.08.23 08:38:23.987,1.04971,1.04982,1.50,1.73
2012.08.23 08:38:24.323,1.04971,1.04982,1.50,1.73
2012.08.23 08:38:25.218,1.0497,1.0498,1.50,2.25
2012.08.23 08:38:25.347,1.04968,1.04977,2.10,1.50
2012.08.23 08:38:25.598,1.04968,1.0498,2.10,2.25
2012.08.23 08:38:26.148,1.04968,1.04981,3.60,3.23
2012.08.23 08:38:28.777,1.04969,1.04981,1.35,2.48
2012.08.23 08:38:36.537,1.0497,1.04981,2.25,1.73
2012.08.23 08:38:37.937,1.0497,1.04981,1.50,3.23
2012.08.23 08:38:38.593,1.0497,1.0498,1.50,1.50
2012.08.23 08:38:39.889,1.0497,1.04981,1.50,3.23
2012.08.23 08:38:40.996,1.0497,1.0498,1.50,1.13
2012.08.23 08:38:41.498,1.04968,1.04978,1.73,2.25
2012.08.23 08:38:41.820,1.04965,1.04978,3.60,1.73
2012.08.23 08:38:43.508,1.04968,1.04979,1.88,1.73
2012.08.23 08:38:43.578,1.04969,1.04979,1.35,1.50
2012.08.23 08:38:44.116,1.04969,1.04981,1.35,2.48
2012.08.23 08:38:44.738,1.04968,1.04981,2.48,2.32
2012.08.23 08:38:45.067,1.04964,1.04974,1.50,1.50
2012.08.23 08:38:45.137,1.04962,1.04974,2.25,2.85
2012.08.23 08:38:45.580,1.04963,1.04974,1.73,1.50
2012.08.23 08:38:46.120,1.04963,1.04977,2.17,1.73
2012.08.23 08:38:46.950,1.04968,1.04977,1.13,1.73
2012.08.23 08:38:47.090,1.04968,1.04978,2.48,1.50
2012.08.23 08:38:47.277,1.04969,1.04981,1.35,3.23
2012.08.23 08:38:47.406,1.04969,1.04981,1.35,2.48
2012.08.23 08:38:47.768,1.04962,1.04974,3.30,1.50
2012.08.23 08:38:47.899,1.04962,1.04974,2.25,2.48
2012.08.23 08:38:48.088,1.04964,1.04975,2.10,1.50
2012.08.23 08:38:48.158,1.04964,1.04977,3.60,1.73
2012.08.23 08:38:48.347,1.04964,1.04977,2.85,2.48
2012.08.23 08:38:48.953,1.04964,1.04977,3.60,1.73
2012.08.23 08:38:49.978,1.04965,1.04977,1.50,1.73
2012.08.23 08:38:50.050,1.04968,1.04977,1.50,1.73
2012.08.23 08:38:50.240,1.04968,1.04979,1.73,3.00
2012.08.23 08:38:52.857,1.04968,1.04979,2.48,1.50
2012.08.23 08:38:55.364,1.04968,1.0498,2.48,2.25
2012.08.23 08:38:56.447,1.04968,1.0498,2.48,3.00
2012.08.23 08:38:57.467,1.04968,1.0498,2.48,2.25
2012.08.23 08:38:57.730,1.04967,1.04979,2.48,2.25
2012.08.23 08:38:58.037,1.04964,1.04979,4.20,4.73
2012.08.23 08:38:58.737,1.04964,1.04979,3.60,4.73
2012.08.23 08:38:59.240,1.04968,1.04979,1.88,2.48
2012.08.23 08:38:59.309,1.04968,1.04979,2.48,2.25
2012.08.23 08:38:59.860,1.04968,1.0498,3.98,1.73
2012.08.23 08:39:03.086,1.04968,1.0498,3.98,1.73
2012.08.23 08:39:03.350,1.04972,1.04982,2.25,1.73
2012.08.23 08:39:03.689,1.04974,1.04985,2.10,2.25
2012.08.23 08:39:04.018,1.04978,1.04987,1.35,1.50
2012.08.23 08:39:04.091,1.04979,1.04989,1.73,1.50
2012.08.23 08:39:04.158,1.04979,1.04988,1.73,1.50
2012.08.23 08:39:04.288,1.04979,1.0499,1.73,1.50
2012.08.23 08:39:04.839,1.04978,1.0499,1.35,2.25
2012.08.23 08:39:05.489,1.04978,1.04986,1.35,1.13
2012.08.23 08:39:09.668,1.04977,1.04986,3.75,2.10
2012.08.23 08:39:09.809,1.04972,1.04984,5.25,1.73
2012.08.23 08:39:09.878,1.04972,1.04984,3.00,1.73
2012.08.23 08:39:10.138,1.04973,1.04987,3.30,1.73
2012.08.23 08:39:12.370,1.04973,1.04987,3.30,1.73
2012.08.23 08:39:12.878,1.04969,1.0498,2.48,1.73
2012.08.23 08:39:14.622,1.0497,1.04982,3.23,2.11
2012.08.23 08:39:15.111,1.04972,1.0498,1.50,1.73
2012.08.23 08:39:15.239,1.0497,1.04979,1.73,1.50
2012.08.23 08:39:15.453,1.04967,1.04977,1.42,1.50
2012.08.23 08:39:15.748,1.04967,1.04978,1.42,3.75
2012.08.23 08:39:15.887,1.04965,1.04978,2.63,4.73
2012.08.23 08:39:16.018,1.04965,1.04978,2.25,4.73
2012.08.23 08:39:16.698,1.04965,1.04977,1.50,1.73
2012.08.23 08:39:17.463,1.04965,1.04977,1.50,1.73
2012.08.23 08:39:18.139,1.04965,1.04978,2.25,3.98
2012.08.23 08:39:18.648,1.04965,1.04977,1.50,1.73
2012.08.23 08:39:20.380,1.04965,1.04978,2.25,3.23
2012.08.23 08:39:22.638,1.04965,1.04975,2.25,1.88
2012.08.23 08:39:22.707,1.04963,1.04975,1.73,3.98
2012.08.23 08:39:22.779,1.04961,1.04972,3.00,1.58
2012.08.23 08:39:23.340,1.04959,1.04972,2.48,1.58
2012.08.23 08:39:25.270,1.04961,1.04973,1.50,2.48
2012.08.23 08:39:25.351,1.04964,1.04974,1.50,3.23
2012.08.23 08:39:25.609,1.04964,1.04975,2.48,1.35
2012.08.23 08:39:39.169,1.04963,1.04977,3.60,2.33
2012.08.23 08:39:39.239,1.04963,1.04973,2.48,1.88
2012.08.23 08:39:39.832,1.04963,1.04972,1.50,2.85
2012.08.23 08:39:39.918,1.04959,1.04972,2.48,2.85
2012.08.23 08:39:40.238,1.04962,1.04974,1.50,1.73
2012.08.23 08:39:40.617,1.04962,1.04975,5.17,1.50
2012.08.23 08:39:41.067,1.04963,1.04972,2.48,1.13
2012.08.23 08:39:41.388,1.04958,1.04969,2.92,2.63
2012.08.23 08:39:41.456,1.04958,1.04969,2.10,3.38
2012.08.23 08:39:41.717,1.04957,1.04969,1.50,2.48
2012.08.23 08:39:42.058,1.04959,1.04972,3.00,3.23
2012.08.23 08:39:42.128,1.04959,1.04972,3.98,2.48
2012.08.23 08:39:42.266,1.0496,1.04972,1.05,2.25
2012.08.23 08:39:42.594,1.04965,1.04977,1.73,1.73
2012.08.23 08:39:43.095,1.04964,1.04977,2.48,2.48
2012.08.23 08:39:46.556,1.04964,1.04973,2.48,1.88
2012.08.23 08:39:46.864,1.04959,1.04971,1.73,3.23
2012.08.23 08:39:47.295,1.04957,1.0497,2.10,1.50
2012.08.23 08:39:47.426,1.04957,1.0497,2.10,1.50
2012.08.23 08:39:47.985,1.04957,1.04971,2.85,3.23
2012.08.23 08:39:50.545,1.04957,1.04971,1.35,3.98
2012.08.23 08:39:55.455,1.04957,1.04971,1.35,3.23
2012.08.23 08:39:57.956,1.04959,1.04971,1.73,3.23
2012.08.23 08:39:58.329,1.04961,1.04972,2.25,1.73
2012.08.23 08:39:58.651,1.04964,1.04974,1.50,2.85
2012.08.23 08:39:58.856,1.04964,1.04974,3.23,1.13
2012.08.23 08:39:59.383,1.04964,1.04977,3.23,2.48
2012.08.23 08:40:19.436,1.04965,1.04976,2.48,2.48
2012.08.23 08:40:22.130,1.04965,1.04974,1.73,3.00
2012.08.23 08:40:22.209,1.04961,1.04974,2.25,3.98
2012.08.23 08:40:22.741,1.04962,1.04973,2.25,2.10
2012.08.23 08:40:23.625,1.04962,1.04973,1.50,2.10
2012.08.23 08:40:24.176,1.04963,1.04974,1.50,3.60
2012.08.23 08:40:24.245,1.04961,1.04974,1.50,2.48
2012.08.23 08:40:24.316,1.04963,1.04974,1.50,2.48
2012.08.23 08:40:24.567,1.04961,1.04974,1.50,4.73
2012.08.23 08:40:27.466,1.04962,1.04974,1.50,3.23
2012.08.23 08:40:28.889,1.04961,1.04973,2.25,1.73
2012.08.23 08:40:30.155,1.04961,1.04974,2.25,5.10
2012.08.23 08:40:30.357,1.04964,1.04974,1.50,1.73
2012.08.23 08:40:30.698,1.04967,1.0498,2.10,3.23
2012.08.23 08:40:31.217,1.04967,1.04981,2.85,5.48
2012.08.23 08:40:31.517,1.04966,1.04979,3.00,3.60
2012.08.23 08:40:32.066,1.04965,1.04978,1.73,3.23
2012.08.23 08:40:39.238,1.04966,1.04978,2.10,3.00
2012.08.23 08:40:39.568,1.04968,1.04978,1.50,2.10
2012.08.23 08:40:39.639,1.04966,1.04978,2.25,2.85
2012.08.23 08:40:41.307,1.04965,1.04978,1.50,2.85
2012.08.23 08:40:44.998,1.04965,1.04977,1.50,2.48
2012.08.23 08:40:45.066,1.04965,1.04977,1.50,2.48
2012.08.23 08:40:45.687,1.04965,1.04978,3.00,2.10
2012.08.23 08:40:51.377,1.04966,1.04978,3.00,1.35
2012.08.23 08:40:51.447,1.04967,1.04978,2.63,1.35
2012.08.23 08:40:51.589,1.0497,1.04979,3.00,1.13
2012.08.23 08:40:51.871,1.04972,1.04981,1.50,1.35
2012.08.23 08:40:51.946,1.04974,1.04981,2.25,1.35
2012.08.23 08:40:52.492,1.0497,1.04978,1.73,1.13
2012.08.23 08:40:52.586,1.04965,1.04978,2.48,3.60
2012.08.23 08:41:01.007,1.04967,1.04978,1.50,2.10
2012.08.23 08:41:01.557,1.04965,1.04978,1.73,2.10
2012.08.23 08:41:17.482,1.04966,1.04979,4.50,1.73
2012.08.23 08:41:17.564,1.04971,1.04981,1.50,2.10
2012.08.23 08:41:18.329,1.04971,1.04983,3.00,1.73
2012.08.23 08:41:18.879,1.04973,1.04985,2.25,1.73
2012.08.23 08:41:18.948,1.04974,1.04986,1.50,1.73
2012.08.23 08:41:19.079,1.04974,1.04988,1.73,5.10
2012.08.23 08:41:21.308,1.04974,1.04987,1.73,2.48
2012.08.23 08:41:21.377,1.04974,1.04982,1.73,1.13
2012.08.23 08:41:22.000,1.04971,1.04982,1.73,1.13
2012.08.23 08:41:22.080,1.04971,1.04984,1.50,2.85
2012.08.23 08:41:22.927,1.0497,1.04984,3.00,2.85
2012.08.23 08:41:23.398,1.04968,1.0498,1.05,3.75
2012.08.23 08:41:23.469,1.04966,1.04979,3.23,1.50
2012.08.23 08:41:23.539,1.04966,1.04978,2.25,1.73
2012.08.23 08:41:23.938,1.04965,1.04978,2.55,2.48
2012.08.23 08:41:24.066,1.04969,1.04978,1.05,3.00
2012.08.23 08:41:25.238,1.0497,1.04981,1.73,1.73
2012.08.23 08:41:25.448,1.04972,1.04982,1.50,2.10
2012.08.23 08:41:26.021,1.0497,1.04982,2.48,1.35
2012.08.23 08:41:27.406,1.04972,1.04982,1.50,1.35
2012.08.23 08:41:27.867,1.04974,1.04984,1.50,1.35
2012.08.23 08:41:28.067,1.04974,1.04986,3.30,1.73
2012.08.23 08:41:28.527,1.04974,1.04985,1.57,2.10
2012.08.23 08:41:28.597,1.04971,1.04985,3.00,2.85
2012.08.23 08:41:29.118,1.04971,1.04983,2.25,1.35
2012.08.23 08:41:31.947,1.04969,1.04979,1.73,1.50
2012.08.23 08:41:32.467,1.04968,1.04979,1.42,3.75
2012.08.23 08:41:33.857,1.04968,1.04981,3.67,3.23
2012.08.23 08:41:34.655,1.0497,1.04982,1.05,2.10
2012.08.23 08:41:46.637,1.04968,1.04979,1.42,1.50
2012.08.23 08:41:47.195,1.04968,1.04979,1.42,4.50
2012.08.23 08:41:47.636,1.04966,1.04977,2.92,2.63
2012.08.23 08:41:47.840,1.04966,1.04977,2.25,2.10
2012.08.23 08:41:49.186,1.04963,1.04974,2.55,1.13
2012.08.23 08:41:49.388,1.04962,1.04973,1.50,1.73
2012.08.23 08:41:49.717,1.04962,1.04974,1.50,1.73
2012.08.23 08:41:49.857,1.04964,1.04976,1.05,2.85
2012.08.23 08:41:49.927,1.04964,1.04976,1.05,2.85
2012.08.23 08:41:50.487,1.04964,1.04976,1.05,2.85
2012.08.23 08:41:51.848,1.04964,1.04976,1.05,3.23
2012.08.23 08:41:51.978,1.04964,1.04976,1.05,1.73
2012.08.23 08:41:53.314,1.04962,1.04972,2.48,2.25
2012.08.23 08:41:53.386,1.0496,1.04971,1.57,2.48
2012.08.23 08:41:53.947,1.0496,1.0497,1.57,1.50
2012.08.23 08:41:54.498,1.04959,1.04971,1.05,2.48
2012.08.23 08:41:55.519,1.04961,1.04973,1.50,1.73
2012.08.23 08:41:56.087,1.04963,1.04975,1.50,1.73
2012.08.23 08:41:56.418,1.04963,1.04975,2.25,2.48
2012.08.23 08:41:56.559,1.04963,1.04974,2.48,1.88
2012.08.23 08:41:57.126,1.04963,1.04976,2.55,2.48
2012.08.23 08:42:01.916,1.04963,1.04975,1.80,2.85
2012.08.23 08:42:02.047,1.04961,1.04974,1.50,2.78
2012.08.23 08:42:02.712,1.0496,1.04972,1.73,1.73
2012.08.23 08:42:03.326,1.04961,1.04973,1.50,1.73
2012.08.23 08:42:06.369,1.0496,1.04972,1.73,2.48
2012.08.23 08:42:06.928,1.04961,1.04973,1.50,1.28
2012.08.23 08:42:07.665,1.04959,1.0497,2.48,1.73
2012.08.23 08:42:08.216,1.04959,1.04971,2.55,1.73
2012.08.23 08:42:09.698,1.04961,1.04973,1.50,1.58
2012.08.23 08:42:10.008,1.04961,1.04974,3.00,4.36
2012.08.23 08:42:10.328,1.04969,1.04974,1.50,1.50
2012.08.23 08:42:10.669,1.04967,1.04975,4.05,1.88
2012.08.23 08:42:11.438,1.04968,1.04982,3.23,3.60
2012.08.23 08:42:12.506,1.04967,1.0498,2.55,2.48
2012.08.23 08:42:13.527,1.04968,1.0498,1.05,2.48
2012.08.23 08:42:16.773,1.04972,1.04983,1.50,2.85
2012.08.23 08:42:17.157,1.0497,1.04981,3.98,1.35
2012.08.23 08:42:21.218,1.04968,1.0498,1.05,2.48
2012.08.23 08:42:22.976,1.04968,1.04979,1.05,1.50
2012.08.23 08:42:23.508,1.04968,1.0498,1.05,3.23
2012.08.23 08:42:25.566,1.04968,1.0498,1.05,2.48
2012.08.23 08:42:26.898,1.04967,1.0498,2.55,4.73
2012.08.23 08:42:27.230,1.04965,1.04974,2.32,1.50
2012.08.23 08:42:27.369,1.04967,1.0498,3.23,4.73
2012.08.23 08:42:27.442,1.04967,1.0498,3.23,3.23
2012.08.23 08:42:28.350,1.04968,1.04975,2.48,1.13
2012.08.23 08:42:28.476,1.04967,1.0498,4.73,3.98
2012.08.23 08:42:29.270,1.04967,1.0498,3.98,3.98
2012.08.23 08:42:30.316,1.04967,1.0498,3.23,3.98
2012.08.23 08:42:31.268,1.04967,1.0498,3.23,3.98
2012.08.23 08:42:39.337,1.0497,1.04981,1.73,2.48
2012.08.23 08:42:40.306,1.04969,1.0498,1.05,1.73
2012.08.23 08:42:41.215,1.04969,1.0498,1.05,2.48
2012.08.23 08:42:41.866,1.04969,1.0498,1.05,1.73
2012.08.23 08:42:44.976,1.04969,1.04978,1.05,1.13
2012.08.23 08:42:45.535,1.04967,1.04978,2.55,2.63
2012.08.23 08:42:46.247,1.04967,1.04978,3.30,1.88
2012.08.23 08:42:46.927,1.0497,1.04981,1.73,1.73
2012.08.23 08:42:47.119,1.0497,1.04981,2.48,1.73
2012.08.23 08:42:47.638,1.0497,1.04982,3.23,1.35
2012.08.23 08:42:48.397,1.0497,1.04982,3.98,1.35
2012.08.23 08:42:49.477,1.04971,1.04982,1.50,1.35
2012.08.23 08:42:50.286,1.04971,1.04982,2.25,1.35
2012.08.23 08:42:51.000,1.04973,1.04982,1.50,1.35
2012.08.23 08:42:51.138,1.0497,1.04982,3.30,1.35
2012.08.23 08:42:51.886,1.04971,1.04982,1.50,1.35
2012.08.23 08:42:52.327,1.04973,1.04982,1.50,1.35
2012.08.23 08:42:52.398,1.04971,1.04982,4.50,1.35
2012.08.23 08:42:52.905,1.04969,1.04982,3.30,2.10
2012.08.23 08:42:53.215,1.04972,1.04982,1.50,2.10
2012.08.23 08:42:53.766,1.04973,1.04982,1.50,1.35
2012.08.23 08:42:54.326,1.0497,1.04982,2.48,1.35
2012.08.23 08:42:54.886,1.04971,1.04982,1.50,1.35
2012.08.23 08:42:55.437,1.0497,1.04982,2.48,2.85
2012.08.23 08:42:57.938,1.04972,1.04982,2.25,2.10
2012.08.23 08:42:58.545,1.04973,1.04982,1.50,1.35
2012.08.23 08:42:58.622,1.0497,1.04982,2.48,1.35
2012.08.23 08:43:01.065,1.0497,1.04982,4.73,1.35
2012.08.23 08:43:02.229,1.0497,1.04982,2.48,1.35
2012.08.23 08:43:02.787,1.04971,1.04982,1.50,1.35
2012.08.23 08:43:02.981,1.0497,1.04982,1.73,1.35
2012.08.23 08:43:03.741,1.0497,1.04982,1.73,1.35
2012.08.23 08:43:03.836,1.04972,1.04984,1.50,2.48
2012.08.23 08:43:04.168,1.04975,1.04986,1.13,3.61
2012.08.23 08:43:04.507,1.04978,1.04988,1.73,2.25
2012.08.23 08:43:04.906,1.04978,1.04991,3.23,1.35
2012.08.23 08:43:06.896,1.04978,1.0499,1.73,2.48
2012.08.23 08:43:07.400,1.04978,1.0499,1.73,1.73
2012.08.23 08:43:08.119,1.04977,1.04989,1.05,1.50
2012.08.23 08:43:08.456,1.04975,1.04987,1.28,1.95
2012.08.23 08:43:10.419,1.04975,1.04989,1.80,2.70
2012.08.23 08:43:10.489,1.04977,1.04989,1.57,2.70
2012.08.23 08:43:10.747,1.04978,1.04989,1.73,2.25
2012.08.23 08:43:11.287,1.04977,1.04988,2.25,1.58
2012.08.23 08:43:11.358,1.04975,1.04987,3.75,1.73
2012.08.23 08:43:12.236,1.04975,1.04984,2.25,1.13
2012.08.23 08:43:12.666,1.04975,1.04986,1.50,1.73
2012.08.23 08:43:12.800,1.04978,1.04988,2.25,2.10
2012.08.23 08:43:12.869,1.04979,1.04988,3.23,1.88
2012.08.23 08:43:12.938,1.04979,1.04988,3.98,1.13
2012.08.23 08:43:13.315,1.04979,1.04992,3.98,2.86
2012.08.23 08:43:13.506,1.04979,1.04992,2.48,2.86
2012.08.23 08:43:13.886,1.04976,1.04989,4.05,3.38
2012.08.23 08:43:14.078,1.04976,1.04989,2.25,3.83
2012.08.23 08:43:14.696,1.04977,1.04988,1.50,1.73
2012.08.23 08:43:15.036,1.04979,1.04991,2.48,2.85
2012.08.23 08:43:15.600,1.04979,1.0499,3.23,1.50
2012.08.23 08:43:19.035,1.04979,1.04991,1.73,4.35
2012.08.23 08:43:19.797,1.04978,1.0499,2.55,1.51
2012.08.23 08:43:21.136,1.04977,1.04989,1.42,2.63
2012.08.23 08:43:21.458,1.04974,1.04987,3.23,3.23
2012.08.23 08:43:22.082,1.04974,1.04987,2.48,3.23
2012.08.23 08:43:22.157,1.04974,1.04986,2.48,1.73
2012.08.23 08:43:22.467,1.04971,1.04983,2.25,1.73
2012.08.23 08:43:23.602,1.04972,1.04984,1.50,3.61
2012.08.23 08:43:24.051,1.04977,1.04987,2.63,1.43
2012.08.23 08:43:24.132,1.04978,1.04987,2.55,1.50
2012.08.23 08:43:24.206,1.04978,1.04987,2.55,1.50
2012.08.23 08:43:24.588,1.04975,1.04987,2.48,1.50
2012.08.23 08:43:24.657,1.04975,1.04986,2.25,1.73
2012.08.23 08:43:27.756,1.04974,1.04987,3.30,2.48
2012.08.23 08:43:30.368,1.04976,1.04987,1.50,2.48
2012.08.23 08:43:31.165,1.04978,1.04989,1.73,2.25
2012.08.23 08:43:32.929,1.04981,1.0499,1.50,2.25
2012.08.23 08:43:33.528,1.0498,1.04991,1.50,3.23
2012.08.23 08:43:38.218,1.04979,1.04991,1.73,3.75
2012.08.23 08:43:38.852,1.04981,1.04991,1.73,3.75
2012.08.23 08:43:39.059,1.04984,1.04991,1.50,1.50
2012.08.23 08:43:39.587,1.04984,1.04994,2.25,1.73
2012.08.23 08:43:39.657,1.04982,1.04995,5.25,2.48
2012.08.23 08:43:39.788,1.04984,1.04996,1.50,1.35
2012.08.23 08:43:40.815,1.04984,1.04996,1.50,1.35
2012.08.23 08:43:41.347,1.04985,1.04995,1.50,1.73
2012.08.23 08:43:41.417,1.04985,1.04995,1.73,1.50
2012.08.23 08:43:41.497,1.04986,1.04997,1.80,1.50
2012.08.23 08:43:41.880,1.04989,1.05,2.48,1.50
2012.08.23 08:43:42.916,1.04989,1.04999,2.48,1.50
2012.08.23 08:43:43.475,1.04988,1.04999,1.73,1.50
2012.08.23 08:43:46.841,1.04987,1.05,4.42,2.25
2012.08.23 08:43:52.045,1.04987,1.04999,3.67,1.50
2012.08.23 08:43:52.655,1.04988,1.04999,1.05,2.25
2012.08.23 08:43:53.211,1.04988,1.05,1.05,3.75
2012.08.23 08:43:54.565,1.04988,1.05,1.05,3.00
2012.08.23 08:43:58.605,1.04989,1.05,1.35,3.00
2012.08.23 08:44:06.256,1.04989,1.05,1.35,2.25
2012.08.23 08:44:09.549,1.04989,1.05001,2.10,1.50
2012.08.23 08:44:10.169,1.04989,1.05,2.10,1.50
2012.08.23 08:44:12.186,1.04989,1.05001,1.35,3.75
2012.08.23 08:44:14.466,1.04989,1.05001,1.35,3.00
2012.08.23 08:44:17.484,1.04989,1.05,1.35,2.25
2012.08.23 08:44:18.337,1.04989,1.05,1.35,2.25
2012.08.23 08:44:19.251,1.04989,1.05001,2.48,3.00
2012.08.23 08:44:19.327,1.04991,1.05003,1.73,2.26
2012.08.23 08:44:19.527,1.04993,1.05005,3.23,2.10
2012.08.23 08:44:20.086,1.04993,1.05005,1.73,2.85
2012.08.23 08:44:20.800,1.04993,1.05005,1.73,2.85
2012.08.23 08:44:21.681,1.04993,1.05005,1.73,2.85
2012.08.23 08:44:22.232,1.04993,1.05005,1.73,2.85
2012.08.23 08:44:27.495,1.04992,1.05005,1.73,2.10
2012.08.23 08:44:28.028,1.04992,1.05005,1.73,2.10
2012.08.23 08:44:28.766,1.04992,1.05005,1.73,2.10
2012.08.23 08:44:29.311,1.04992,1.05005,1.73,2.10
2012.08.23 08:44:30.615,1.04991,1.05004,4.73,1.73
2012.08.23 08:44:31.266,1.04989,1.05001,1.05,3.00
2012.08.23 08:44:31.696,1.04989,1.05001,1.05,3.75
2012.08.23 08:44:34.266,1.04988,1.05,2.55,1.50
2012.08.23 08:44:34.820,1.04992,1.05003,1.73,1.50
2012.08.23 08:44:35.383,1.04992,1.05004,2.48,3.60
2012.08.23 08:44:36.089,1.04992,1.05004,2.48,3.60
2012.08.23 08:44:38.016,1.04991,1.05004,2.48,5.11
2012.08.23 08:44:38.509,1.0499,1.05001,1.73,3.00
2012.08.23 08:44:38.878,1.04989,1.05,1.42,2.25
2012.08.23 08:44:40.787,1.04989,1.04999,1.42,1.50
2012.08.23 08:44:42.176,1.04989,1.04999,1.42,1.50
2012.08.23 08:44:42.677,1.04989,1.04999,1.42,1.50
2012.08.23 08:44:43.377,1.04989,1.04999,1.42,2.25
2012.08.23 08:44:43.709,1.04989,1.05,1.42,2.25
2012.08.23 08:44:46.427,1.04989,1.05001,1.42,2.25
2012.08.23 08:44:46.985,1.0499,1.05002,2.48,1.50
2012.08.23 08:44:47.536,1.0499,1.05002,2.55,1.50
2012.08.23 08:44:48.231,1.04993,1.05003,1.73,2.26
2012.08.23 08:44:49.026,1.04992,1.05004,2.48,2.48
2012.08.23 08:44:51.324,1.04993,1.05004,1.73,3.23
2012.08.23 08:44:51.695,1.04992,1.05004,1.73,3.23
2012.08.23 08:44:52.428,1.04992,1.05004,2.48,2.48
2012.08.23 08:44:52.498,1.04993,1.05004,1.80,1.73
2012.08.23 08:44:52.995,1.04993,1.05004,1.50,1.50
2012.08.23 08:44:54.077,1.04988,1.05003,5.17,4.88
2012.08.23 08:44:54.149,1.04988,1.05,2.92,1.50
2012.08.23 08:44:54.858,1.04987,1.05,3.67,2.26
2012.08.23 08:44:55.347,1.04988,1.04999,1.35,1.50
2012.08.23 08:44:55.977,1.04987,1.04999,2.17,1.50
2012.08.23 08:44:56.498,1.04988,1.05001,2.85,1.50
2012.08.23 08:44:58.759,1.04988,1.05,2.85,1.50
2012.08.23 08:44:59.498,1.04988,1.05,1.35,1.50
2012.08.23 08:45:00.097,1.04988,1.05,1.35,1.50
2012.08.23 08:45:00.797,1.04989,1.05001,1.35,2.25
2012.08.23 08:45:01.255,1.04989,1.05002,3.60,2.26
2012.08.23 08:45:01.775,1.04989,1.05002,2.85,3.01
2012.08.23 08:45:01.919,1.04989,1.05,2.10,1.50
2012.08.23 08:45:03.294,1.04992,1.05002,1.73,2.25
2012.08.23 08:45:03.818,1.04993,1.05002,1.50,1.50
2012.08.23 08:45:04.348,1.04988,1.05001,2.85,3.00
2012.08.23 08:45:04.871,1.04987,1.04999,3.30,1.50
2012.08.23 08:45:05.588,1.04989,1.05001,2.48,1.50
2012.08.23 08:45:11.167,1.0499,1.05002,1.73,2.25
2012.08.23 08:45:11.597,1.0499,1.05003,3.98,2.10
2012.08.23 08:45:12.142,1.0499,1.05003,2.48,6.38
2012.08.23 08:45:13.577,1.0499,1.05003,2.48,3.75
2012.08.23 08:45:14.087,1.0499,1.05003,3.98,1.50
2012.08.23 08:45:15.106,1.0499,1.05003,1.73,3.75
2012.08.23 08:45:16.506,1.04989,1.05,1.73,1.50
2012.08.23 08:45:17.055,1.04988,1.05,1.42,1.50
2012.08.23 08:45:18.002,1.04989,1.05002,3.98,3.75
2012.08.23 08:45:18.398,1.04987,1.05,3.67,2.25
2012.08.23 08:45:21.926,1.04987,1.04999,3.67,1.50
2012.08.23 08:45:26.368,1.04988,1.05001,3.60,1.50
2012.08.23 08:45:27.156,1.04988,1.05001,3.60,1.50
2012.08.23 08:45:28.607,1.04988,1.05001,2.10,3.00
2012.08.23 08:45:29.115,1.04988,1.05,2.10,1.50
2012.08.23 08:45:31.336,1.04988,1.04999,2.10,1.50
2012.08.23 08:45:34.246,1.04988,1.04999,2.10,1.50
2012.08.23 08:45:37.297,1.04988,1.05,1.35,1.50
2012.08.23 08:45:40.197,1.04986,1.05,4.95,3.00
2012.08.23 08:45:40.338,1.04986,1.04998,1.50,1.73
2012.08.23 08:45:40.529,1.04984,1.04993,2.77,1.13
2012.08.23 08:45:40.858,1.04984,1.04993,1.50,3.00
2012.08.23 08:45:40.989,1.04983,1.04993,1.73,3.00
2012.08.23 08:45:41.129,1.04983,1.04991,1.50,1.50
2012.08.23 08:45:41.268,1.04978,1.04989,2.25,3.60
2012.08.23 08:45:41.547,1.04978,1.04991,3.15,1.50
2012.08.23 08:45:43.042,1.0498,1.04993,3.23,3.60
2012.08.23 08:45:43.630,1.04982,1.04994,1.50,2.48
2012.08.23 08:45:44.196,1.04981,1.04993,2.48,1.73
2012.08.23 08:45:44.388,1.04979,1.0499,1.58,1.50
2012.08.23 08:45:44.637,1.04978,1.0499,2.25,1.73
2012.08.23 08:45:45.199,1.04978,1.04991,1.57,1.73
2012.08.23 08:45:45.267,1.04978,1.04992,3.90,1.73
2012.08.23 08:45:47.599,1.04978,1.0499,3.67,1.50
2012.08.23 08:45:49.057,1.04979,1.04992,1.73,5.48
2012.08.23 08:45:49.377,1.04979,1.04992,1.73,4.73
2012.08.23 08:45:49.817,1.04978,1.0499,1.42,1.50
2012.08.23 08:45:51.256,1.04979,1.04992,4.42,3.23
2012.08.23 08:45:52.419,1.04978,1.0499,2.17,1.50
2012.08.23 08:45:54.357,1.04978,1.0499,1.42,3.75
2012.08.23 08:45:55.297,1.04978,1.04988,1.42,1.50
2012.08.23 08:45:57.628,1.04977,1.04987,1.73,1.73
2012.08.23 08:45:58.018,1.04973,1.04986,3.30,3.00
2012.08.23 08:45:58.637,1.04973,1.04987,3.30,1.73
2012.08.23 08:45:59.167,1.04973,1.04987,3.90,1.73
2012.08.23 08:46:00.767,1.04976,1.04987,1.50,1.73
2012.08.23 08:46:01.156,1.04974,1.04987,3.98,3.23
2012.08.23 08:46:02.367,1.04973,1.04985,1.80,1.50
2012.08.23 08:46:02.798,1.04971,1.04984,1.50,3.23
2012.08.23 08:46:03.056,1.04971,1.04984,1.50,3.23
2012.08.23 08:46:04.797,1.04969,1.04981,1.05,1.73
2012.08.23 08:46:04.927,1.04969,1.04978,1.05,1.13
2012.08.23 08:46:05.371,1.04964,1.04974,2.55,1.73
2012.08.23 08:46:05.451,1.04961,1.04974,1.50,2.48
2012.08.23 08:46:15.616,1.04964,1.04973,1.50,1.73
2012.08.23 08:46:16.670,1.04966,1.04973,1.13,1.73
2012.08.23 08:46:16.881,1.04966,1.04977,3.23,1.50
2012.08.23 08:46:17.209,1.04967,1.0498,2.85,2.48
2012.08.23 08:46:20.128,1.04966,1.04974,2.10,1.50
2012.08.23 08:46:20.258,1.04964,1.04974,1.50,1.73
2012.08.23 08:46:20.328,1.04964,1.04974,1.50,1.73
2012.08.23 08:46:20.600,1.04964,1.04976,2.48,2.48
2012.08.23 08:46:21.756,1.04965,1.04977,2.48,2.48
2012.08.23 08:46:23.708,1.04965,1.04977,1.73,2.48
2012.08.23 08:46:27.257,1.04965,1.04977,2.48,2.48
2012.08.23 08:46:28.275,1.04965,1.04977,2.48,2.48
2012.08.23 08:46:29.868,1.04965,1.04977,3.98,1.73
2012.08.23 08:46:30.618,1.04965,1.04977,2.48,1.73
2012.08.23 08:46:32.825,1.04965,1.04977,3.98,1.73
2012.08.23 08:46:33.077,1.04963,1.04974,2.25,1.73
2012.08.23 08:46:33.597,1.04962,1.04973,1.50,1.73
2012.08.23 08:46:35.598,1.04962,1.04973,1.50,1.73
2012.08.23 08:46:36.217,1.04962,1.04973,1.50,1.73
2012.08.23 08:46:36.767,1.04961,1.04972,1.50,2.48
2012.08.23 08:46:37.796,1.04961,1.04973,2.25,1.73
2012.08.23 08:46:38.659,1.04961,1.04973,2.25,1.73
2012.08.23 08:46:38.982,1.04963,1.04974,1.50,1.73
2012.08.23 08:46:39.319,1.04965,1.04976,2.25,2.48
2012.08.23 08:46:39.579,1.04967,1.04977,2.25,1.73
2012.08.23 08:46:40.358,1.04964,1.04977,4.73,3.98
2012.08.23 08:46:42.226,1.04964,1.04977,3.23,4.50
2012.08.23 08:46:43.760,1.04961,1.04974,1.57,1.73
2012.08.23 08:46:44.090,1.04963,1.04971,1.50,1.73
2012.08.23 08:46:44.430,1.04966,1.0498,2.63,4.50
2012.08.23 08:46:44.498,1.04966,1.0498,2.85,4.28
2012.08.23 08:46:44.748,1.04966,1.0498,2.85,5.03
2012.08.23 08:46:45.257,1.04965,1.04977,2.78,1.13
2012.08.23 08:46:45.398,1.04965,1.04975,1.05,1.50
2012.08.23 08:46:46.034,1.04962,1.04975,3.98,2.25
2012.08.23 08:46:46.121,1.04962,1.04975,3.98,2.25
2012.08.23 08:46:46.530,1.04962,1.04974,2.48,2.63
2012.08.23 08:46:47.057,1.04962,1.04974,1.50,2.48
2012.08.23 08:46:47.328,1.04961,1.04975,4.05,1.73
2012.08.23 08:46:48.759,1.04962,1.04974,1.73,1.50
2012.08.23 08:46:49.417,1.04963,1.04978,1.73,5.10
2012.08.23 08:46:50.237,1.04963,1.04978,1.50,5.10
2012.08.23 08:46:50.576,1.04963,1.04978,1.73,5.10
2012.08.23 08:46:50.928,1.04964,1.04978,1.73,4.35
2012.08.23 08:46:51.128,1.04966,1.04979,3.23,2.25
2012.08.23 08:46:52.980,1.04965,1.04977,4.35,1.50
2012.08.23 08:46:53.250,1.04965,1.04977,1.50,3.23
2012.08.23 08:46:53.767,1.04962,1.04976,3.67,2.48
2012.08.23 08:46:54.277,1.04963,1.04977,2.48,1.73
2012.08.23 08:46:56.209,1.04964,1.04978,1.73,4.35
2012.08.23 08:46:56.396,1.04964,1.04978,2.48,4.35
2012.08.23 08:46:56.821,1.04966,1.04978,4.35,1.13
2012.08.23 08:46:57.136,1.04968,1.04979,1.50,3.60
2012.08.23 08:46:57.447,1.04966,1.04977,1.50,2.48
2012.08.23 08:46:58.173,1.04964,1.04977,1.58,2.48
2012.08.23 08:47:02.952,1.04966,1.04977,1.50,2.48
2012.08.23 08:47:14.778,1.04964,1.04977,1.73,2.48
2012.08.23 08:47:14.968,1.04964,1.04975,1.73,1.35
2012.08.23 08:47:15.296,1.04962,1.04973,1.50,2.48
2012.08.23 08:47:15.630,1.04963,1.04977,3.30,1.73
2012.08.23 08:47:15.889,1.04963,1.04977,2.55,1.73
2012.08.23 08:47:16.209,1.04963,1.04975,3.75,1.73
2012.08.23 08:47:16.277,1.04963,1.04975,3.98,1.50
2012.08.23 08:47:16.467,1.04963,1.04977,3.98,1.73
2012.08.23 08:47:17.450,1.04964,1.04977,3.23,3.23
2012.08.23 08:47:18.616,1.04965,1.04977,1.50,2.48
2012.08.23 08:47:18.958,1.04967,1.04979,1.35,2.25
2012.08.23 08:47:19.410,1.04965,1.04978,2.78,2.48
2012.08.23 08:47:21.148,1.04966,1.04977,1.13,2.48
2012.08.23 08:47:21.562,1.04967,1.04981,2.48,1.73
2012.08.23 08:47:22.068,1.04967,1.04979,2.48,1.50
2012.08.23 08:47:28.896,1.04968,1.04981,2.48,2.48
2012.08.23 08:47:42.000,1.04971,1.04982,2.25,1.73
2012.08.23 08:47:42.557,1.04973,1.04983,2.25,1.73
2012.08.23 08:47:46.177,1.04974,1.04985,1.13,2.48
2012.08.23 08:47:46.308,1.04974,1.04985,2.10,2.48
2012.08.23 08:47:46.440,1.04975,1.04988,1.73,1.73
2012.08.23 08:47:47.668,1.04976,1.04987,1.88,1.73
2012.08.23 08:47:47.868,1.04977,1.0499,2.85,3.00
2012.08.23 08:47:48.417,1.04977,1.0499,2.10,4.50
2012.08.23 08:47:49.607,1.04977,1.04989,2.10,1.50
2012.08.23 08:47:49.996,1.04977,1.0499,1.35,4.50
2012.08.23 08:47:50.539,1.0498,1.04993,2.25,3.98
2012.08.23 08:47:51.081,1.04978,1.04989,1.73,1.50
2012.08.23 08:47:51.467,1.04977,1.04989,2.48,2.25
2012.08.23 08:47:52.428,1.04976,1.04988,1.80,1.50
2012.08.23 08:47:52.679,1.04975,1.04988,1.65,3.23
2012.08.23 08:47:55.469,1.04975,1.04988,1.50,3.23
2012.08.23 08:47:56.636,1.04975,1.04987,1.50,1.73
2012.08.23 08:47:56.908,1.04975,1.04985,1.73,1.73
2012.08.23 08:47:57.232,1.04976,1.04986,1.50,1.73
2012.08.23 08:47:57.736,1.04974,1.04986,3.60,2.48
2012.08.23 08:48:03.708,1.04976,1.04988,1.50,1.73
2012.08.23 08:48:04.218,1.04977,1.04989,1.50,2.48
2012.08.23 08:48:07.449,1.04976,1.04989,1.50,3.98
2012.08.23 08:48:10.280,1.04974,1.04985,2.48,1.35
2012.08.23 08:48:10.348,1.04974,1.04985,1.50,2.10
2012.08.23 08:48:10.549,1.04973,1.04986,2.92,1.73
2012.08.23 08:48:10.621,1.04974,1.04987,2.48,2.48
2012.08.23 08:48:10.957,1.04974,1.04984,1.73,3.00
2012.08.23 08:48:11.208,1.04972,1.04983,2.25,2.48
2012.08.23 08:48:12.137,1.04971,1.04982,1.50,1.73
2012.08.23 08:48:12.207,1.04971,1.04982,1.50,1.73
2012.08.23 08:48:12.409,1.04969,1.0498,2.48,2.25
2012.08.23 08:48:12.749,1.04968,1.04978,1.50,1.73
2012.08.23 08:48:13.078,1.04969,1.0498,1.35,1.50
2012.08.23 08:48:13.338,1.04969,1.04978,1.50,2.48
2012.08.23 08:48:13.850,1.04968,1.04981,2.25,3.23
2012.08.23 08:48:13.918,1.04968,1.04981,1.73,1.73
2012.08.23 08:48:14.870,1.04969,1.04981,2.48,1.73
2012.08.23 08:48:15.051,1.0497,1.04981,2.63,1.73
2012.08.23 08:48:15.576,1.04972,1.04984,2.25,3.23
2012.08.23 08:48:16.132,1.04974,1.04985,1.50,1.13
2012.08.23 08:48:16.220,1.04976,1.04985,1.50,1.13
2012.08.23 08:48:16.985,1.04976,1.04987,2.25,1.73
2012.08.23 08:48:17.852,1.04974,1.04987,1.73,1.73
2012.08.23 08:48:19.267,1.04974,1.04987,2.48,1.73
2012.08.23 08:48:20.709,1.04973,1.04984,3.23,1.50
2012.08.23 08:48:20.777,1.04973,1.04984,2.25,2.48
2012.08.23 08:48:22.041,1.04974,1.04984,1.50,2.48
2012.08.23 08:48:22.179,1.04972,1.04984,1.50,3.23
2012.08.23 08:48:25.936,1.04974,1.04984,1.13,2.48
2012.08.23 08:48:26.128,1.04974,1.04987,1.35,1.73
2012.08.23 08:48:26.267,1.04975,1.04984,2.25,1.50
2012.08.23 08:48:26.589,1.04972,1.04983,2.25,1.73
2012.08.23 08:48:27.013,1.0497,1.04983,2.48,2.48
2012.08.23 08:48:27.516,1.04969,1.04981,3.23,1.73
2012.08.23 08:48:28.586,1.0497,1.04981,1.73,1.73
2012.08.23 08:48:30.007,1.04972,1.04984,2.25,2.48
2012.08.23 08:48:30.508,1.04972,1.04984,3.00,1.73
2012.08.23 08:48:37.487,1.04972,1.0498,1.50,1.73
2012.08.23 08:48:37.679,1.04969,1.0498,3.98,1.73
2012.08.23 08:48:37.927,1.04969,1.0498,3.23,1.73
2012.08.23 08:48:38.710,1.04974,1.04984,1.50,2.48
2012.08.23 08:48:38.900,1.04971,1.04984,3.75,2.48
2012.08.23 08:48:39.695,1.04971,1.04984,3.00,2.48
2012.08.23 08:48:41.288,1.04969,1.0498,1.73,1.73
2012.08.23 08:48:41.826,1.0497,1.0498,1.73,2.48
2012.08.23 08:48:42.376,1.0497,1.0498,2.48,1.73
2012.08.23 08:48:42.908,1.04972,1.04982,1.50,1.73
2012.08.23 08:48:43.038,1.04969,1.0498,1.73,2.48
2012.08.23 08:48:43.586,1.04968,1.0498,1.58,2.48
2012.08.23 08:48:43.838,1.04972,1.0498,2.25,1.73
2012.08.23 08:48:44.648,1.04973,1.04983,1.50,2.85
2012.08.23 08:48:44.717,1.04969,1.04983,3.23,3.60
2012.08.23 08:48:45.348,1.04969,1.04983,3.23,4.35
2012.08.23 08:48:46.478,1.04969,1.0498,2.48,1.73
2012.08.23 08:48:47.956,1.04967,1.04978,3.23,1.50
2012.08.23 08:48:48.293,1.04965,1.04973,1.35,1.50
2012.08.23 08:48:48.429,1.04963,1.04973,2.40,1.50
2012.08.23 08:48:48.628,1.04963,1.04976,2.78,5.10
2012.08.23 08:48:49.137,1.04963,1.04976,4.58,3.23
2012.08.23 08:48:49.266,1.04963,1.04976,2.48,3.23
2012.08.23 08:48:50.337,1.04963,1.04976,3.23,2.48
2012.08.23 08:48:52.266,1.04963,1.04976,3.23,2.48
2012.08.23 08:48:53.649,1.04963,1.04975,2.48,2.25
2012.08.23 08:48:54.806,1.04963,1.04975,2.48,1.50
2012.08.23 08:48:57.685,1.04963,1.04977,2.48,1.73
2012.08.23 08:48:58.627,1.04963,1.04976,2.48,1.73
2012.08.23 08:48:59.596,1.04964,1.04975,1.73,1.73
2012.08.23 08:49:00.177,1.04963,1.04975,1.73,1.73
2012.08.23 08:49:02.198,1.04968,1.04979,1.13,3.23
2012.08.23 08:49:02.409,1.04968,1.04979,1.35,2.25
2012.08.23 08:49:05.317,1.04968,1.04979,1.35,2.25
2012.08.23 08:49:08.257,1.04968,1.04977,1.35,1.50
2012.08.23 08:49:08.520,1.04966,1.04977,1.50,2.48
2012.08.23 08:49:08.739,1.04962,1.04973,4.73,1.50
2012.08.23 08:49:09.050,1.04962,1.04973,2.25,3.23
2012.08.23 08:49:14.949,1.0496,1.04973,2.48,3.98
2012.08.23 08:49:15.289,1.04958,1.04968,2.17,2.25
2012.08.23 08:49:15.618,1.04955,1.04964,1.35,1.50
2012.08.23 08:49:15.984,1.04955,1.04964,1.35,2.25
2012.08.23 08:49:16.061,1.04955,1.04966,1.35,1.73
2012.08.23 08:49:17.132,1.04955,1.04965,1.35,1.73
2012.08.23 08:49:17.479,1.04952,1.04962,1.50,1.73
2012.08.23 08:49:17.808,1.0495,1.04957,2.48,1.50
2012.08.23 08:49:18.249,1.04945,1.04957,1.73,1.73
2012.08.23 08:49:18.508,1.04944,1.04957,2.55,3.98
2012.08.23 08:49:19.197,1.04948,1.04957,2.25,1.73
2012.08.23 08:49:19.719,1.04948,1.04957,2.17,1.50
2012.08.23 08:49:21.829,1.04947,1.04958,2.92,1.50
2012.08.23 08:49:22.228,1.0495,1.0496,1.73,3.23
2012.08.23 08:49:22.748,1.04953,1.04963,1.50,2.48
2012.08.23 08:49:23.278,1.04949,1.04962,3.98,2.48
2012.08.23 08:49:24.264,1.04949,1.0496,3.98,1.73
2012.08.23 08:49:24.836,1.04949,1.0496,1.73,1.73
2012.08.23 08:49:26.027,1.04948,1.0496,5.10,1.73
2012.08.23 08:49:26.407,1.04948,1.0496,1.73,4.73
2012.08.23 08:49:26.957,1.04949,1.04961,1.73,3.23
2012.08.23 08:49:29.817,1.04949,1.04961,1.73,3.23
2012.08.23 08:49:30.985,1.04949,1.04961,2.48,3.23
2012.08.23 08:49:31.237,1.04948,1.0496,1.73,3.98
2012.08.23 08:49:31.548,1.04948,1.0496,2.48,3.23
2012.08.23 08:49:32.098,1.04948,1.04959,1.73,1.50
2012.08.23 08:49:33.725,1.04948,1.0496,1.73,3.98
2012.08.23 08:49:34.667,1.04948,1.0496,1.73,3.98
2012.08.23 08:49:35.178,1.04948,1.04959,1.73,1.50
2012.08.23 08:49:36.536,1.04948,1.04959,1.73,3.00
2012.08.23 08:49:36.811,1.04942,1.0495,1.50,2.48
2012.08.23 08:49:36.879,1.04938,1.04949,1.05,3.75
2012.08.23 08:49:37.079,1.04936,1.04946,1.50,1.73
2012.08.23 08:49:37.570,1.04937,1.04947,1.05,3.00
2012.08.23 08:49:37.921,1.04941,1.04949,1.35,1.50
2012.08.23 08:49:38.482,1.04947,1.04952,1.88,1.50
2012.08.23 08:49:38.560,1.04947,1.04957,1.88,2.85
2012.08.23 08:49:38.629,1.04947,1.04957,2.10,3.38
2012.08.23 08:49:40.381,1.04952,1.04957,1.35,2.63
2012.08.23 08:49:40.740,1.04954,1.04963,3.98,1.13
2012.08.23 08:49:40.807,1.04955,1.04963,1.50,1.13
2012.08.23 08:49:41.626,1.04955,1.04963,1.50,1.35
2012.08.23 08:49:42.127,1.04953,1.04963,2.32,1.35
2012.08.23 08:49:42.542,1.04953,1.04963,2.32,1.35
2012.08.23 08:49:44.877,1.04953,1.04963,2.32,1.35
2012.08.23 08:49:45.311,1.04958,1.04967,1.13,2.63
2012.08.23 08:49:45.511,1.04959,1.04967,1.50,1.73
2012.08.23 08:49:45.761,1.04958,1.04967,1.88,1.73
2012.08.23 08:49:46.097,1.04961,1.04969,1.50,1.35
2012.08.23 08:49:46.947,1.04959,1.04967,2.25,1.73
2012.08.23 08:49:47.023,1.04959,1.04965,2.25,1.50
2012.08.23 08:49:47.170,1.04957,1.04966,1.50,1.73
2012.08.23 08:49:47.647,1.04953,1.04965,2.70,1.73
2012.08.23 08:49:48.207,1.04953,1.04967,2.92,2.48
2012.08.23 08:49:48.733,1.04954,1.04967,2.32,3.23
2012.08.23 08:49:48.939,1.04956,1.04967,1.50,3.23
2012.08.23 08:49:49.277,1.04958,1.04969,1.88,2.48
2012.08.23 08:49:49.769,1.04957,1.04968,2.85,1.50
2012.08.23 08:49:50.631,1.04957,1.04968,2.10,2.25
2012.08.23 08:49:50.920,1.04957,1.04967,1.35,1.50
2012.08.23 08:49:51.060,1.04954,1.04967,1.73,1.50
2012.08.23 08:49:51.130,1.04953,1.04966,3.60,1.73
2012.08.23 08:49:51.686,1.04953,1.04967,2.10,3.23
2012.08.23 08:49:53.878,1.04954,1.04967,2.25,2.48
2012.08.23 08:49:54.129,1.04957,1.04967,2.10,1.50
2012.08.23 08:49:54.687,1.04957,1.0497,3.98,2.48
2012.08.23 08:49:55.204,1.04957,1.04969,1.73,2.48
2012.08.23 08:49:55.908,1.04956,1.04968,1.42,1.73
2012.08.23 08:49:56.098,1.04955,1.04967,1.50,3.23
2012.08.23 08:49:57.157,1.04954,1.04967,1.57,3.23
2012.08.23 08:49:58.399,1.04955,1.04967,1.88,3.23
2012.08.23 08:49:58.729,1.04957,1.0497,2.25,3.23
2012.08.23 08:50:00.479,1.04955,1.04968,5.17,3.23
2012.08.23 08:50:00.609,1.04955,1.04968,3.00,4.35
2012.08.23 08:50:01.302,1.04951,1.04961,1.57,1.73
2012.08.23 08:50:02.358,1.0495,1.04962,3.07,2.10
2012.08.23 08:50:02.868,1.04948,1.04961,1.50,3.98
2012.08.23 08:50:03.372,1.04948,1.04961,3.00,4.73
2012.08.23 08:50:03.569,1.04948,1.04961,3.00,3.23
2012.08.23 08:50:03.698,1.04948,1.04961,3.82,3.23
2012.08.23 08:50:04.468,1.04948,1.04961,3.07,2.48
2012.08.23 08:50:04.989,1.04949,1.04961,1.50,1.73
2012.08.23 08:50:05.178,1.04948,1.04955,2.32,1.88
2012.08.23 08:50:05.379,1.04948,1.04954,1.50,2.25
2012.08.23 08:50:05.520,1.04946,1.04954,1.73,2.25
2012.08.23 08:50:05.857,1.04941,1.04954,3.00,2.48
2012.08.23 08:50:06.118,1.04943,1.04954,1.50,1.73
2012.08.23 08:50:06.779,1.04944,1.04955,2.25,2.10
2012.08.23 08:50:06.908,1.04944,1.04956,1.50,2.48
2012.08.23 08:50:07.259,1.0495,1.04959,2.25,1.50
2012.08.23 08:50:07.448,1.0495,1.04962,2.25,1.58
2012.08.23 08:50:07.779,1.04951,1.04962,1.50,1.58
2012.08.23 08:50:08.659,1.04952,1.04963,1.50,2.48
2012.08.23 08:50:09.168,1.04952,1.04963,1.50,2.48
2012.08.23 08:50:09.360,1.0495,1.04963,3.75,2.48
2012.08.23 08:50:10.359,1.04951,1.04963,1.50,2.48
2012.08.23 08:50:10.488,1.04952,1.04963,1.88,2.48
2012.08.23 08:50:10.561,1.0495,1.04962,4.05,2.63
2012.08.23 08:50:10.869,1.04948,1.04956,1.50,1.50
2012.08.23 08:50:11.417,1.04947,1.04959,2.10,1.73
2012.08.23 08:50:12.411,1.04948,1.04959,1.57,1.73
2012.08.23 08:50:12.760,1.04956,1.04961,1.13,2.25
2012.08.23 08:50:12.968,1.04956,1.04966,1.95,2.25
2012.08.23 08:50:13.230,1.04956,1.04968,3.45,2.48
2012.08.23 08:50:13.596,1.04956,1.04968,2.70,3.23
2012.08.23 08:50:14.154,1.04957,1.04968,2.25,3.23
2012.08.23 08:50:15.774,1.04955,1.04964,2.48,1.88
2012.08.23 08:50:15.855,1.04952,1.04963,2.48,3.00
2012.08.23 08:50:15.928,1.04952,1.04963,2.25,3.23
2012.08.23 08:50:16.430,1.04953,1.04964,1.50,4.13
2012.08.23 08:50:16.747,1.04953,1.04966,4.57,1.73
2012.08.23 08:50:19.158,1.04954,1.04966,1.13,2.48
2012.08.23 08:50:19.366,1.04957,1.04968,1.88,1.73
2012.08.23 08:50:20.094,1.04953,1.04963,2.03,1.50
2012.08.23 08:50:20.171,1.04952,1.04962,1.50,2.48
2012.08.23 08:50:23.805,1.04952,1.04962,1.50,1.73
2012.08.23 08:50:24.426,1.04952,1.04964,1.57,2.48
2012.08.23 08:50:24.498,1.04953,1.04964,1.50,1.73
2012.08.23 08:50:26.526,1.04952,1.04965,1.50,3.98
2012.08.23 08:50:26.602,1.04952,1.04962,1.50,1.73
2012.08.23 08:50:27.276,1.0495,1.04962,1.57,3.23
2012.08.23 08:50:28.298,1.04949,1.04962,3.07,3.98
2012.08.23 08:50:28.429,1.04947,1.0496,1.20,1.73
2012.08.23 08:50:28.940,1.04945,1.04956,2.55,2.50
2012.08.23 08:50:29.259,1.04945,1.04953,1.43,1.73
2012.08.23 08:50:29.948,1.0494,1.04952,1.57,1.73
2012.08.23 08:50:30.137,1.04941,1.04952,1.50,1.73
2012.08.23 08:50:30.478,1.04944,1.04952,1.50,1.50
2012.08.23 08:50:30.687,1.04946,1.04954,2.63,1.50
2012.08.23 08:50:30.947,1.04948,1.04954,1.50,1.50
2012.08.23 08:50:31.569,1.04948,1.04956,1.50,1.13
2012.08.23 08:50:31.639,1.04948,1.04961,1.50,1.73
2012.08.23 08:50:32.357,1.04947,1.0496,1.50,2.48
2012.08.23 08:50:32.427,1.04947,1.0496,1.50,2.48
2012.08.23 08:50:34.537,1.04946,1.0496,2.70,2.48
2012.08.23 08:50:35.086,1.04946,1.0496,2.70,2.48
2012.08.23 08:50:35.977,1.04946,1.0496,2.70,2.48
2012.08.23 08:50:36.748,1.04946,1.0496,3.45,2.48
2012.08.23 08:50:37.625,1.04947,1.0496,1.50,2.48
2012.08.23 08:50:37.988,1.04946,1.0496,3.45,3.23
2012.08.23 08:50:40.406,1.04947,1.04959,1.50,1.73
2012.08.23 08:50:41.658,1.04947,1.04959,1.50,1.73
2012.08.23 08:50:42.206,1.04945,1.04957,3.60,1.50
2012.08.23 08:50:42.706,1.04943,1.04955,1.43,1.73
2012.08.23 08:50:43.178,1.04944,1.04958,2.25,2.48
2012.08.23 08:50:43.376,1.04946,1.04958,1.05,3.23
2012.08.23 08:50:43.448,1.04944,1.04957,2.40,1.73
2012.08.23 08:50:43.588,1.04947,1.04957,1.50,1.73
2012.08.23 08:50:43.788,1.04945,1.04957,1.50,1.73
2012.08.23 08:50:44.299,1.04946,1.04958,2.25,2.48
2012.08.23 08:50:45.937,1.04945,1.04958,1.50,2.48
2012.08.23 08:50:47.496,1.04944,1.04957,2.25,1.73
2012.08.23 08:50:48.010,1.04944,1.04957,3.00,1.73
2012.08.23 08:50:48.478,1.04946,1.04958,2.48,1.73
2012.08.23 08:50:48.609,1.04946,1.04958,1.50,3.98
2012.08.23 08:50:48.808,1.04944,1.04958,2.25,3.98
2012.08.23 08:50:49.237,1.04947,1.04958,1.50,3.98
2012.08.23 08:50:50.119,1.04944,1.04958,3.00,2.48
2012.08.23 08:50:51.440,1.04944,1.04958,3.00,2.48
2012.08.23 08:50:53.078,1.04944,1.04951,1.50,1.13
2012.08.23 08:50:53.209,1.04941,1.04951,3.82,2.63
2012.08.23 08:50:53.279,1.0494,1.04949,3.30,1.50
2012.08.23 08:50:53.608,1.04934,1.04948,1.80,1.73
2012.08.23 08:50:53.680,1.04934,1.04948,1.50,2.48
2012.08.23 08:50:54.499,1.04931,1.04946,6.00,1.73
2012.08.23 08:50:56.720,1.04932,1.04946,2.10,1.73
2012.08.23 08:50:57.246,1.04932,1.04946,2.10,1.73
2012.08.23 08:50:57.937,1.04931,1.04946,5.17,1.73
2012.08.23 08:50:59.181,1.04934,1.04946,1.35,1.73
2012.08.23 08:50:59.745,1.04934,1.04946,2.10,1.73
2012.08.23 08:51:00.466,1.04931,1.04946,6.07,1.73
2012.08.23 08:51:00.777,1.04939,1.04946,1.13,1.50
2012.08.23 08:51:00.908,1.04936,1.04949,1.20,5.48
2012.08.23 08:51:01.049,1.04937,1.04949,1.20,1.73
2012.08.23 08:51:01.120,1.04939,1.04951,1.50,2.85
2012.08.23 08:51:01.437,1.04935,1.04948,3.00,1.73
2012.08.23 08:51:01.508,1.04937,1.04948,1.50,1.73
2012.08.23 08:51:02.009,1.04935,1.04949,1.50,5.10
2012.08.23 08:51:02.390,1.04939,1.04949,1.88,3.00
2012.08.23 08:51:02.760,1.04942,1.04953,1.50,2.32
2012.08.23 08:51:03.318,1.04942,1.04954,3.00,2.48
2012.08.23 08:51:03.626,1.04945,1.04954,1.50,2.26
2012.08.23 08:51:03.877,1.04946,1.04953,1.35,1.50
2012.08.23 08:51:04.068,1.04946,1.04955,1.35,1.50
2012.08.23 08:51:04.606,1.04945,1.04954,3.30,1.50
2012.08.23 08:51:04.738,1.04943,1.04954,1.50,3.23
2012.08.23 08:51:05.286,1.04941,1.04952,1.50,1.73
2012.08.23 08:51:09.949,1.0494,1.04954,2.32,3.98
2012.08.23 08:51:10.457,1.04938,1.0495,1.12,2.48
2012.08.23 08:51:10.711,1.04938,1.0495,1.05,1.73
2012.08.23 08:51:10.859,1.0494,1.04951,1.50,1.73
2012.08.23 08:51:11.616,1.04937,1.04951,6.82,1.73
2012.08.23 08:51:14.031,1.04939,1.0495,1.50,1.73
2012.08.23 08:51:14.549,1.04939,1.04951,1.50,1.73
2012.08.23 08:51:15.588,1.04937,1.04949,2.70,1.73
2012.08.23 08:51:16.489,1.04938,1.04949,1.50,1.73
2012.08.23 08:51:16.916,1.04937,1.04949,1.95,1.73
2012.08.23 08:51:18.178,1.04937,1.04949,2.70,1.73
2012.08.23 08:51:18.728,1.04938,1.04952,2.32,4.35
2012.08.23 08:51:19.316,1.04939,1.04952,1.50,4.35
2012.08.23 08:51:19.447,1.04938,1.04952,1.57,4.35
2012.08.23 08:51:19.969,1.04941,1.04953,2.25,1.73
2012.08.23 08:51:20.593,1.04939,1.04951,2.25,1.73
2012.08.23 08:51:20.869,1.04937,1.04947,2.25,1.73
2012.08.23 08:51:22.294,1.04938,1.04952,2.32,3.60
2012.08.23 08:51:22.736,1.0494,1.04952,1.50,1.73
2012.08.23 08:51:23.285,1.04941,1.04952,1.50,1.73
2012.08.23 08:51:34.755,1.04941,1.04954,3.00,3.23
2012.08.23 08:51:35.178,1.04947,1.04954,1.88,2.25
2012.08.23 08:51:35.379,1.0495,1.04958,1.50,1.50
2012.08.23 08:51:35.926,1.0495,1.04962,1.50,2.48
2012.08.23 08:51:39.680,1.04949,1.04962,3.00,2.48
2012.08.23 08:51:40.107,1.04948,1.04961,3.60,1.73
2012.08.23 08:51:40.658,1.04948,1.0496,2.85,2.48
2012.08.23 08:51:41.708,1.04948,1.04962,4.35,1.73
2012.08.23 08:51:43.658,1.04948,1.04961,3.98,1.73
2012.08.23 08:51:44.227,1.04948,1.04959,1.73,1.73
2012.08.23 08:51:45.267,1.04949,1.04961,1.13,2.48
2012.08.23 08:51:45.596,1.04949,1.04961,2.63,1.73
2012.08.23 08:51:46.057,1.04949,1.04961,1.13,1.73
2012.08.23 08:51:46.648,1.04947,1.0496,3.98,3.23
2012.08.23 08:51:48.745,1.04948,1.0496,3.60,2.48
2012.08.23 08:51:49.306,1.04948,1.04961,3.98,2.48
2012.08.23 08:51:49.558,1.04948,1.04957,1.73,1.88
2012.08.23 08:51:49.918,1.04944,1.04952,3.30,1.73
2012.08.23 08:51:50.258,1.04943,1.04947,1.95,2.25
2012.08.23 08:51:50.589,1.04943,1.04947,1.50,3.00
2012.08.23 08:51:50.660,1.04937,1.04947,1.80,3.00
2012.08.23 08:51:50.729,1.04937,1.04945,1.05,1.50
2012.08.23 08:51:50.867,1.04937,1.04947,1.80,1.50
2012.08.23 08:51:50.937,1.04937,1.04947,1.05,1.50
2012.08.23 08:51:52.500,1.04935,1.04947,1.12,2.48
2012.08.23 08:51:52.627,1.04934,1.04947,2.32,2.48
2012.08.23 08:51:52.937,1.04933,1.04946,2.92,1.73
2012.08.23 08:51:53.551,1.04933,1.04946,2.17,1.73
2012.08.23 08:51:55.177,1.04933,1.04946,2.17,1.73
2012.08.23 08:51:55.377,1.04937,1.04949,1.42,3.23
2012.08.23 08:51:56.189,1.04937,1.04947,1.05,2.63
2012.08.23 08:51:56.517,1.04932,1.04943,1.50,2.48
2012.08.23 08:51:57.029,1.04936,1.04946,1.13,3.98
2012.08.23 08:51:57.401,1.04933,1.04946,3.00,2.48
2012.08.23 08:51:57.979,1.04932,1.04942,2.48,1.13
2012.08.23 08:51:58.320,1.0493,1.0494,3.00,3.23
2012.08.23 08:51:58.651,1.04928,1.04938,1.50,2.48
2012.08.23 08:51:58.797,1.04926,1.04938,2.25,2.48
2012.08.23 08:51:59.351,1.04924,1.04932,1.50,1.13
2012.08.23 08:51:59.699,1.0492,1.04925,1.73,1.13
2012.08.23 08:51:59.973,1.04914,1.04926,2.25,2.48
2012.08.23 08:52:00.052,1.04914,1.04926,2.25,1.73
2012.08.23 08:52:00.257,1.04915,1.04927,2.25,2.48
2012.08.23 08:52:00.713,1.04915,1.04927,1.50,1.73
2012.08.23 08:52:01.939,1.04914,1.04927,2.25,3.23
2012.08.23 08:52:02.571,1.04914,1.04927,3.00,2.48
2012.08.23 08:52:03.778,1.04915,1.04927,2.48,2.48
2012.08.23 08:52:03.921,1.04915,1.04927,4.35,1.50
2012.08.23 08:52:04.060,1.04919,1.04929,1.50,1.73
2012.08.23 08:52:04.688,1.0492,1.04933,2.25,1.73
2012.08.23 08:52:07.047,1.0492,1.04933,3.00,1.73
2012.08.23 08:52:08.074,1.0492,1.04931,3.00,1.73
2012.08.23 08:52:09.007,1.0492,1.0493,1.50,1.73
2012.08.23 08:52:10.228,1.0492,1.04933,3.00,3.23
2012.08.23 08:52:10.548,1.04923,1.04935,1.88,1.50
2012.08.23 08:52:10.619,1.04924,1.04937,2.25,3.23
2012.08.23 08:52:10.690,1.04923,1.04935,2.25,1.35
2012.08.23 08:52:10.890,1.04922,1.04933,2.25,1.73
2012.08.23 08:52:11.147,1.04921,1.04933,1.50,1.73
2012.08.23 08:52:11.468,1.04921,1.04935,3.00,3.60
2012.08.23 08:52:12.233,1.0492,1.04933,2.25,2.48
2012.08.23 08:52:14.107,1.0492,1.04933,2.25,3.98
2012.08.23 08:52:14.945,1.04922,1.04932,1.50,1.73
2012.08.23 08:52:16.256,1.0492,1.04933,3.00,3.23
2012.08.23 08:52:16.806,1.04922,1.04932,1.50,1.73
2012.08.23 08:52:17.317,1.04922,1.04932,2.25,1.73
2012.08.23 08:52:17.917,1.04919,1.04931,1.50,2.85
2012.08.23 08:52:18.067,1.04919,1.04931,2.63,1.73
2012.08.23 08:52:18.407,1.04923,1.04937,3.00,2.48
2012.08.23 08:52:18.480,1.04925,1.04937,2.25,1.73
2012.08.23 08:52:18.612,1.04925,1.04937,2.25,1.73
2012.08.23 08:52:18.759,1.04925,1.04932,2.25,1.50
2012.08.23 08:52:18.970,1.04925,1.04935,3.00,1.73
2012.08.23 08:52:19.728,1.04925,1.04938,3.00,3.23
2012.08.23 08:52:20.940,1.04925,1.04936,2.25,2.48
2012.08.23 08:52:21.079,1.04925,1.04934,1.50,2.48
2012.08.23 08:52:21.662,1.04921,1.04933,3.00,1.73
2012.08.23 08:52:22.011,1.04919,1.04931,2.32,1.73
2012.08.23 08:52:22.347,1.04923,1.04933,1.50,3.23
2012.08.23 08:52:23.068,1.04923,1.04933,2.25,1.73
2012.08.23 08:52:23.138,1.04923,1.04933,2.48,1.73
2012.08.23 08:52:23.331,1.04925,1.04933,2.25,1.73
2012.08.23 08:52:23.516,1.04927,1.04938,1.50,1.73
2012.08.23 08:52:23.770,1.04925,1.04935,1.50,4.35
2012.08.23 08:52:24.098,1.04923,1.04936,3.00,1.73
2012.08.23 08:52:25.043,1.04924,1.04937,2.25,3.23
2012.08.23 08:52:25.582,1.04924,1.04937,1.50,3.23
2012.08.23 08:52:26.258,1.04926,1.04937,1.50,1.73
2012.08.23 08:52:28.510,1.04923,1.04937,3.00,1.73
2012.08.23 08:52:29.680,1.04925,1.04937,1.50,1.73
2012.08.23 08:52:30.699,1.04926,1.04935,1.50,1.73
2012.08.23 08:52:30.959,1.04928,1.0494,1.13,5.10
2012.08.23 08:52:31.369,1.04932,1.0494,1.50,1.73
2012.08.23 08:52:31.998,1.04931,1.04943,2.25,1.73
2012.08.23 08:52:33.478,1.04931,1.04943,1.50,1.73
2012.08.23 08:52:33.618,1.04928,1.0494,1.50,1.73
2012.08.23 08:52:34.386,1.04928,1.0494,1.50,3.23
2012.08.23 08:52:34.462,1.04927,1.0494,3.60,3.23
2012.08.23 08:52:34.988,1.04927,1.0494,5.85,3.23
2012.08.23 08:52:35.493,1.04929,1.04939,1.50,1.73
2012.08.23 08:52:36.190,1.0493,1.04941,1.50,2.48
2012.08.23 08:52:36.559,1.04933,1.04943,1.50,3.60
2012.08.23 08:52:36.772,1.0493,1.04942,2.25,1.73
2012.08.23 08:52:37.936,1.04929,1.04941,2.25,1.73
2012.08.23 08:52:38.791,1.04927,1.0494,3.60,2.48
2012.08.23 08:52:39.109,1.0493,1.04941,2.25,2.10
2012.08.23 08:52:40.776,1.0493,1.04943,2.25,3.23
2012.08.23 08:52:41.527,1.04932,1.04944,1.50,2.48
2012.08.23 08:52:41.858,1.04932,1.04947,3.23,1.73
2012.08.23 08:52:41.930,1.04935,1.04948,2.25,3.98
2012.08.23 08:52:43.987,1.04932,1.04947,2.70,3.08
2012.08.23 08:52:47.739,1.04932,1.04947,3.23,2.48
2012.08.23 08:52:52.235,1.04938,1.04946,1.13,1.73
2012.08.23 08:52:52.702,1.04938,1.0495,2.48,2.48
2012.08.23 08:52:53.249,1.04941,1.04951,1.50,3.23
2012.08.23 08:52:53.587,1.04939,1.04951,2.25,1.73
2012.08.23 08:52:54.218,1.04937,1.0495,3.60,1.50
2012.08.23 08:52:57.333,1.04939,1.0495,2.48,1.50
2012.08.23 08:52:57.410,1.0494,1.04952,2.25,3.23
2012.08.23 08:52:57.680,1.04942,1.04957,5.10,3.23
2012.08.23 08:52:58.328,1.04942,1.04956,5.85,3.23
2012.08.23 08:52:58.869,1.04942,1.04953,2.85,1.50
2012.08.23 08:52:59.081,1.04942,1.0495,1.13,1.73
2012.08.23 08:52:59.268,1.04942,1.0495,1.13,2.48
2012.08.23 08:52:59.837,1.04937,1.04948,2.10,2.25
2012.08.23 08:53:01.458,1.04937,1.0495,2.85,3.23
2012.08.23 08:53:01.963,1.04939,1.04951,1.35,3.23
2012.08.23 08:53:03.339,1.04941,1.04952,1.50,1.73
2012.08.23 08:53:03.639,1.0494,1.04952,2.48,1.73
2012.08.23 08:53:03.790,1.04941,1.04953,1.73,1.50
2012.08.23 08:53:04.369,1.04942,1.04956,1.73,3.23
2012.08.23 08:53:05.927,1.04944,1.04957,2.48,3.68
2012.08.23 08:53:07.589,1.04944,1.04956,3.23,1.43
2012.08.23 08:53:08.291,1.04942,1.04955,1.80,1.50
2012.08.23 08:53:08.848,1.04944,1.04957,2.48,3.23
2012.08.23 08:53:09.168,1.04946,1.04957,1.50,3.68
2012.08.23 08:53:09.489,1.04947,1.04957,1.35,2.25
2012.08.23 08:53:10.070,1.04947,1.04958,1.35,1.88
2012.08.23 08:53:11.039,1.04947,1.04959,1.35,2.25
2012.08.23 08:53:11.350,1.04948,1.0496,2.48,1.73
2012.08.23 08:53:13.350,1.04947,1.04958,1.35,3.00
2012.08.23 08:53:13.803,1.04946,1.04956,3.00,1.73
2012.08.23 08:53:14.937,1.04943,1.04958,3.60,3.68
2012.08.23 08:53:15.499,1.04945,1.04958,1.50,3.68
2012.08.23 08:53:16.107,1.04943,1.04957,3.60,1.43
2012.08.23 08:53:16.249,1.04941,1.04955,3.30,2.25
2012.08.23 08:53:16.318,1.04941,1.04955,2.32,3.23
2012.08.23 08:53:17.118,1.04939,1.04951,1.73,3.98
2012.08.23 08:53:17.666,1.04938,1.0495,2.85,1.50
2012.08.23 08:53:20.439,1.04938,1.04951,2.85,4.73
2012.08.23 08:53:20.996,1.04939,1.04953,2.48,3.60
2012.08.23 08:53:21.778,1.04942,1.04953,1.50,1.73
2012.08.23 08:53:22.327,1.04941,1.04953,1.50,2.48
2012.08.23 08:53:23.617,1.0494,1.04951,1.50,2.48
2012.08.23 08:53:24.138,1.04938,1.0495,2.85,2.25
2012.08.23 08:53:24.656,1.04938,1.0495,2.85,1.50
2012.08.23 08:53:25.169,1.04938,1.04949,1.35,2.25
2012.08.23 08:53:25.719,1.04938,1.0495,1.35,1.95
2012.08.23 08:53:26.029,1.04936,1.04948,2.48,1.88
2012.08.23 08:53:26.098,1.04935,1.04947,1.50,1.73
2012.08.23 08:53:26.168,1.04936,1.04947,1.13,1.73
2012.08.23 08:53:26.496,1.04938,1.04947,1.35,1.50
2012.08.23 08:53:26.568,1.04938,1.0495,2.85,2.18
2012.08.23 08:53:27.126,1.04938,1.0495,2.85,1.73
2012.08.23 08:53:31.579,1.04941,1.04953,1.50,1.73
2012.08.23 08:53:32.680,1.04941,1.04953,2.25,1.73
2012.08.23 08:53:34.097,1.04941,1.04953,4.50,1.73
2012.08.23 08:53:40.179,1.04942,1.04954,1.50,3.68
2012.08.23 08:53:40.737,1.04938,1.04949,2.48,1.50
2012.08.23 08:53:41.526,1.04938,1.04952,2.48,4.73
2012.08.23 08:53:43.086,1.04943,1.04954,1.50,2.10
2012.08.23 08:53:43.352,1.04948,1.04957,1.73,1.80
2012.08.23 08:53:43.899,1.0495,1.04958,1.50,2.85
2012.08.23 08:53:43.970,1.04945,1.04958,2.25,2.85
2012.08.23 08:53:47.179,1.04944,1.04956,2.48,2.10
2012.08.23 08:53:47.248,1.04944,1.04955,1.73,1.13
2012.08.23 08:53:47.640,1.04941,1.04953,1.50,2.48
2012.08.23 08:53:47.726,1.0494,1.04953,1.50,2.48
2012.08.23 08:53:48.278,1.04941,1.04954,1.50,2.48
2012.08.23 08:53:49.247,1.04941,1.04954,1.50,1.73
2012.08.23 08:53:50.216,1.04942,1.04954,3.00,1.73
2012.08.23 08:53:50.478,1.0494,1.04953,3.00,2.48
2012.08.23 08:53:51.036,1.04942,1.04953,1.50,1.73
2012.08.23 08:53:52.491,1.04942,1.04954,2.25,1.73
2012.08.23 08:53:52.558,1.04942,1.04957,2.48,2.48
2012.08.23 08:53:53.059,1.04946,1.04958,1.50,1.73
2012.08.23 08:53:53.606,1.04945,1.04958,1.73,1.73
2012.08.23 08:53:55.738,1.04946,1.04958,1.50,1.73
2012.08.23 08:54:00.647,1.04948,1.04959,1.50,2.10
2012.08.23 08:54:00.896,1.04946,1.04959,2.25,2.10
2012.08.23 08:54:02.117,1.04948,1.04959,1.50,2.10
2012.08.23 08:54:05.425,1.04948,1.04959,2.25,2.10
2012.08.23 08:54:08.406,1.04949,1.0496,1.88,1.73
2012.08.23 08:54:09.397,1.04949,1.0496,1.88,1.73
2012.08.23 08:54:25.650,1.04948,1.0496,2.25,1.73
2012.08.23 08:54:29.179,1.04948,1.0496,3.00,1.73
2012.08.23 08:54:29.448,1.04952,1.04962,1.50,1.73
2012.08.23 08:54:29.970,1.04953,1.04962,1.50,1.73
2012.08.23 08:54:30.109,1.04958,1.04969,1.50,2.85
2012.08.23 08:54:30.178,1.04958,1.0497,2.25,3.23
2012.08.23 08:54:30.508,1.04961,1.04971,2.25,2.48
2012.08.23 08:54:31.130,1.04962,1.04973,1.50,1.73
2012.08.23 08:54:31.547,1.04965,1.04977,1.73,2.86
2012.08.23 08:54:31.618,1.04965,1.04977,1.73,2.85
2012.08.23 08:54:32.141,1.04966,1.04976,3.00,1.35
2012.08.23 08:54:32.289,1.04967,1.0498,3.38,1.73
2012.08.23 08:54:32.358,1.04968,1.04981,1.73,2.48
2012.08.23 08:54:32.959,1.04969,1.04981,2.48,2.48
2012.08.23 08:54:33.508,1.04969,1.04981,2.48,2.48
2012.08.23 08:54:34.038,1.04969,1.0498,1.73,1.50
2012.08.23 08:54:34.379,1.04969,1.04981,2.48,1.73
2012.08.23 08:54:35.160,1.04969,1.0498,1.73,1.50
2012.08.23 08:54:35.288,1.04969,1.04978,1.50,1.73
2012.08.23 08:54:35.538,1.04967,1.04978,1.50,1.73
2012.08.23 08:54:36.431,1.04967,1.0498,2.48,2.48
2012.08.23 08:54:37.230,1.04969,1.0498,2.48,1.73
2012.08.23 08:54:37.758,1.04969,1.04981,2.48,3.23
2012.08.23 08:54:38.837,1.04968,1.04981,3.23,3.23
2012.08.23 08:54:40.366,1.04971,1.04981,1.50,1.73
2012.08.23 08:54:42.659,1.04971,1.04984,3.75,2.48
2012.08.23 08:54:43.587,1.04971,1.04983,1.50,1.73
2012.08.23 08:54:44.149,1.04973,1.04983,1.50,1.73
2012.08.23 08:54:44.350,1.04977,1.04987,2.10,1.50
2012.08.23 08:54:44.668,1.04977,1.04986,1.35,2.25
2012.08.23 08:54:45.090,1.04975,1.04986,1.50,1.73
2012.08.23 08:54:45.667,1.04975,1.04986,2.25,1.73
2012.08.23 08:54:46.289,1.04978,1.04989,1.35,3.75
2012.08.23 08:54:47.280,1.04978,1.04987,1.35,2.25
2012.08.23 08:54:47.631,1.04972,1.04981,1.50,1.73
2012.08.23 08:54:48.077,1.0497,1.04981,2.25,1.73
2012.08.23 08:54:48.649,1.04969,1.04982,1.73,2.48
2012.08.23 08:54:51.568,1.04969,1.04982,2.25,1.50
2012.08.23 08:54:52.130,1.04969,1.04981,2.25,1.28
2012.08.23 08:54:52.975,1.04969,1.04982,2.25,1.35
2012.08.23 08:54:53.856,1.0497,1.04982,1.50,1.35
2012.08.23 08:54:54.377,1.0497,1.04983,3.00,1.35
2012.08.23 08:54:54.988,1.0497,1.04983,3.75,2.18
2012.08.23 08:54:55.497,1.04968,1.0498,1.13,2.18
2012.08.23 08:54:56.081,1.04968,1.0498,1.13,2.93
2012.08.23 08:54:58.178,1.04968,1.04978,1.13,1.50
2012.08.23 08:54:58.838,1.04968,1.04978,1.13,1.50
2012.08.23 08:55:02.107,1.04968,1.0498,1.13,3.00
2012.08.23 08:55:02.477,1.04969,1.04982,2.25,4.51
2012.08.23 08:55:03.039,1.04969,1.04981,2.25,2.25
2012.08.23 08:55:06.808,1.04968,1.0498,2.63,1.50
2012.08.23 08:55:07.351,1.04968,1.04979,1.13,1.50
2012.08.23 08:55:07.897,1.04968,1.04981,2.63,2.25
2012.08.23 08:55:08.450,1.04968,1.0498,2.63,1.50
2012.08.23 08:55:09.148,1.04968,1.0498,1.13,2.25
2012.08.23 08:55:09.950,1.04968,1.04978,1.13,1.50
2012.08.23 08:55:10.019,1.04965,1.04976,4.28,1.73
2012.08.23 08:55:10.527,1.04964,1.04976,1.73,1.73
2012.08.23 08:55:11.158,1.04966,1.04977,2.63,1.73
2012.08.23 08:55:11.347,1.04968,1.04978,1.35,3.00
2012.08.23 08:55:15.356,1.04968,1.0498,1.35,4.73
2012.08.23 08:55:16.660,1.04967,1.04977,2.10,1.13
2012.08.23 08:55:16.861,1.04965,1.04977,1.05,3.60
2012.08.23 08:55:16.929,1.04964,1.04974,1.73,1.36
2012.08.23 08:55:17.281,1.04959,1.0497,1.13,3.00
2012.08.23 08:55:17.837,1.04958,1.0497,3.53,1.50
2012.08.23 08:55:18.538,1.04958,1.0497,2.48,1.50
2012.08.23 08:55:19.408,1.04962,1.04971,1.50,3.23
2012.08.23 08:55:19.759,1.04965,1.04974,2.25,1.73
2012.08.23 08:55:19.830,1.04965,1.04974,2.25,1.50
2012.08.23 08:55:20.339,1.04965,1.04977,2.25,2.48
2012.08.23 08:55:22.940,1.04965,1.04979,2.25,3.98
2012.08.23 08:55:23.079,1.04967,1.04979,1.35,2.26
2012.08.23 08:55:29.779,1.04967,1.04979,2.48,2.25
2012.08.23 08:55:29.848,1.04967,1.04979,2.48,2.25
2012.08.23 08:55:29.920,1.04965,1.04977,1.80,2.48
2012.08.23 08:55:34.029,1.04967,1.04977,1.13,1.73
2012.08.23 08:55:34.099,1.04967,1.04977,1.35,1.50
2012.08.23 08:55:34.608,1.04968,1.04979,1.35,1.50
2012.08.23 08:55:48.218,1.04968,1.04978,2.10,1.50
2012.08.23 08:55:48.540,1.04966,1.04978,1.13,2.25
2012.08.23 08:55:48.930,1.04965,1.04975,1.73,1.73
2012.08.23 08:55:49.119,1.04964,1.04975,2.48,1.73
2012.08.23 08:55:49.639,1.04966,1.04977,1.50,1.58
2012.08.23 08:55:50.959,1.04966,1.04978,3.00,1.58
2012.08.23 08:55:51.219,1.04969,1.04979,1.50,3.83
2012.08.23 08:55:51.347,1.04969,1.0498,3.23,1.73
2012.08.23 08:55:53.327,1.04967,1.0498,2.85,3.23
2012.08.23 08:55:53.517,1.04967,1.04978,3.00,1.58
2012.08.23 08:55:53.707,1.04965,1.04976,1.73,2.48
2012.08.23 08:55:54.138,1.04965,1.04976,1.73,2.48
2012.08.23 08:55:54.449,1.04967,1.04979,3.60,1.50
2012.08.23 08:55:55.579,1.04973,1.04983,1.50,1.73
2012.08.23 08:55:56.454,1.04969,1.04981,1.73,2.48
2012.08.23 08:56:02.578,1.04967,1.04981,1.35,4.73
2012.08.23 08:56:02.709,1.04967,1.04977,1.35,1.50
2012.08.23 08:56:04.468,1.04967,1.04979,1.35,3.00
2012.08.23 08:56:05.787,1.04967,1.04979,1.35,2.25
2012.08.23 08:56:06.217,1.04967,1.04979,2.10,2.25
2012.08.23 08:56:08.458,1.04967,1.04977,1.35,1.50
2012.08.23 08:56:08.767,1.04967,1.0498,1.35,4.73
2012.08.23 08:56:15.397,1.04967,1.04978,2.10,1.50
2012.08.23 08:56:16.006,1.04967,1.0498,2.10,3.98
2012.08.23 08:56:18.058,1.04967,1.0498,2.10,4.58
2012.08.23 08:56:18.187,1.04967,1.0498,2.10,4.73
2012.08.23 08:56:19.977,1.04967,1.0498,2.10,4.73
2012.08.23 08:56:20.648,1.04967,1.0498,2.85,3.98
2012.08.23 08:56:21.167,1.04967,1.0498,2.85,3.23
2012.08.23 08:56:32.259,1.04969,1.04979,1.73,1.50
2012.08.23 08:56:32.868,1.04969,1.04981,1.73,2.48
2012.08.23 08:56:35.270,1.04968,1.0498,2.10,2.48
2012.08.23 08:56:35.600,1.04968,1.0498,2.10,1.73
2012.08.23 08:56:36.698,1.04968,1.0498,1.35,3.23
2012.08.23 08:56:37.206,1.04968,1.04978,1.35,1.50
2012.08.23 08:56:39.659,1.04967,1.04978,1.35,2.25
2012.08.23 08:56:43.127,1.04967,1.04979,1.35,2.25
2012.08.23 08:56:46.185,1.04966,1.04978,2.85,2.25
2012.08.23 08:56:46.330,1.04964,1.04977,3.23,2.48
2012.08.23 08:56:46.399,1.04965,1.04977,1.73,2.48
2012.08.23 08:56:46.922,1.04968,1.04981,2.10,3.23
2012.08.23 08:56:48.538,1.04969,1.04978,1.73,1.50
2012.08.23 08:56:49.437,1.04968,1.0498,2.10,2.48
2012.08.23 08:56:51.135,1.04968,1.04978,1.35,1.50
2012.08.23 08:56:51.277,1.04966,1.04978,3.75,1.73
2012.08.23 08:56:53.086,1.04967,1.04977,1.50,2.48
2012.08.23 08:56:53.336,1.04968,1.04979,1.35,2.25
2012.08.23 08:56:53.875,1.04968,1.04979,1.35,1.50
2012.08.23 08:56:54.395,1.04968,1.0498,1.35,2.48
2012.08.23 08:56:56.926,1.04968,1.04979,1.35,1.50
2012.08.23 08:57:01.196,1.04967,1.0498,1.73,2.48
2012.08.23 08:57:02.460,1.04967,1.0498,1.73,2.48
2012.08.23 08:57:02.923,1.04967,1.0498,1.73,3.23
2012.08.23 08:57:04.189,1.04969,1.0498,2.48,3.23
2012.08.23 08:57:08.434,1.04967,1.0498,2.48,4.73
2012.08.23 08:57:08.974,1.04967,1.0498,2.48,3.98
2012.08.23 08:57:09.044,1.04967,1.0498,2.48,3.98
2012.08.23 08:57:09.416,1.04967,1.04979,2.48,1.50
2012.08.23 08:57:09.974,1.04967,1.0498,3.23,3.98
2012.08.23 08:57:13.367,1.04967,1.04979,3.23,1.50
2012.08.23 08:57:13.678,1.04963,1.04972,5.85,1.50
2012.08.23 08:57:13.821,1.04959,1.04973,3.53,3.45
2012.08.23 08:57:14.371,1.04959,1.04972,2.48,3.98
2012.08.23 08:57:14.448,1.04959,1.04969,1.73,1.50
2012.08.23 08:57:15.027,1.04959,1.04969,3.83,1.50
2012.08.23 08:57:15.578,1.04959,1.0497,1.73,2.25
2012.08.23 08:57:16.137,1.0496,1.04971,1.50,1.73
2012.08.23 08:57:16.477,1.04954,1.04966,3.00,1.50
2012.08.23 08:57:16.736,1.04954,1.04966,1.73,1.73
2012.08.23 08:57:17.509,1.04952,1.04964,3.23,1.88
2012.08.23 08:57:17.577,1.04952,1.04963,3.23,2.09
2012.08.23 08:57:17.790,1.04947,1.0496,3.23,2.25
2012.08.23 08:57:18.241,1.04947,1.04958,2.48,1.50
2012.08.23 08:57:18.323,1.04946,1.04958,3.98,1.50
2012.08.23 08:57:18.875,1.04946,1.04958,2.10,2.25
2012.08.23 08:57:19.437,1.04946,1.04958,2.85,1.50
2012.08.23 08:57:19.938,1.04949,1.04962,2.25,3.23
2012.08.23 08:57:20.455,1.04951,1.04964,2.25,3.98
2012.08.23 08:57:20.917,1.04952,1.04964,1.50,3.98
2012.08.23 08:57:21.246,1.04956,1.04964,2.10,1.50
2012.08.23 08:57:21.379,1.04956,1.04968,2.10,1.51
2012.08.23 08:57:21.520,1.04957,1.04969,3.98,1.50
2012.08.23 08:57:21.789,1.04957,1.04969,2.25,1.73
2012.08.23 08:57:22.160,1.04957,1.04968,1.73,1.50
2012.08.23 08:57:22.684,1.04957,1.04969,1.73,1.73
2012.08.23 08:57:23.420,1.04957,1.04969,1.73,3.98
2012.08.23 08:57:23.951,1.04956,1.04967,3.23,2.25
2012.08.23 08:57:24.597,1.04955,1.04967,2.48,1.50
2012.08.23 08:57:24.666,1.04953,1.04966,4.88,2.48
2012.08.23 08:57:24.986,1.04956,1.04966,2.25,2.48
2012.08.23 08:57:25.547,1.04952,1.04967,4.35,2.48
2012.08.23 08:57:26.089,1.04952,1.04965,2.85,2.48
2012.08.23 08:57:26.617,1.04952,1.04963,2.85,1.50
2012.08.23 08:57:27.097,1.04952,1.04965,2.10,2.48
2012.08.23 08:57:27.296,1.04957,1.04966,1.35,2.25
2012.08.23 08:57:27.826,1.04957,1.04968,1.35,2.25
2012.08.23 08:57:28.437,1.04957,1.04968,1.35,2.25
2012.08.23 08:57:28.696,1.04957,1.04968,1.35,2.25
2012.08.23 08:57:29.137,1.04955,1.04965,1.50,1.73
2012.08.23 08:57:29.206,1.04952,1.04962,3.23,1.34
2012.08.23 08:57:29.276,1.04952,1.04959,1.50,1.50
2012.08.23 08:57:29.470,1.0495,1.04962,1.73,1.50
2012.08.23 08:57:29.667,1.04948,1.04961,3.23,2.25
2012.08.23 08:57:29.738,1.04949,1.0496,2.10,2.48
2012.08.23 08:57:29.808,1.04951,1.04961,1.35,1.73
2012.08.23 08:57:30.502,1.04951,1.04964,4.35,1.73
2012.08.23 08:57:30.591,1.04952,1.04964,2.85,1.50
2012.08.23 08:57:30.918,1.04952,1.04964,3.23,1.50
2012.08.23 08:57:31.249,1.04951,1.04957,1.50,2.25
2012.08.23 08:57:31.387,1.04951,1.04959,1.50,3.23
2012.08.23 08:57:31.706,1.04948,1.04959,2.85,1.73
2012.08.23 08:57:31.907,1.04947,1.04959,2.85,1.73
2012.08.23 08:57:33.128,1.04947,1.04959,2.85,1.73
2012.08.23 08:57:33.328,1.04948,1.04954,1.73,1.50
2012.08.23 08:57:33.539,1.04948,1.04956,1.35,3.00
2012.08.23 08:57:33.678,1.04948,1.04955,1.13,2.48
2012.08.23 08:57:34.876,1.04948,1.04955,1.13,2.48
2012.08.23 08:57:36.096,1.04948,1.04955,1.13,1.73
2012.08.23 08:57:36.535,1.04948,1.04952,1.13,1.50
2012.08.23 08:57:36.606,1.04948,1.04955,1.13,3.23
2012.08.23 08:57:37.165,1.04948,1.04955,1.13,2.48
2012.08.23 08:57:38.625,1.04945,1.04955,1.13,3.23
2012.08.23 08:57:38.697,1.04945,1.04954,1.13,2.25
2012.08.23 08:57:39.007,1.04945,1.04952,1.13,1.73
2012.08.23 08:57:40.563,1.04948,1.04955,1.13,2.48
2012.08.23 08:57:42.770,1.04943,1.04956,1.35,2.48
2012.08.23 08:57:43.249,1.0494,1.04953,6.08,3.00
2012.08.23 08:57:43.557,1.0494,1.04953,4.35,3.23
2012.08.23 08:57:46.015,1.0494,1.04953,4.35,3.23
2012.08.23 08:57:47.295,1.04941,1.04953,1.50,2.48
2012.08.23 08:57:47.668,1.04942,1.04956,3.38,3.23
2012.08.23 08:57:53.469,1.04943,1.04956,1.35,3.23
2012.08.23 08:57:59.426,1.04942,1.04955,4.13,1.73
2012.08.23 08:57:59.735,1.04943,1.04955,1.50,1.73
2012.08.23 08:58:00.857,1.04943,1.04955,1.50,1.73
2012.08.23 08:58:02.226,1.04945,1.04955,1.50,1.73
2012.08.23 08:58:02.544,1.04948,1.04955,1.50,1.73
2012.08.23 08:58:02.963,1.04945,1.04957,2.63,1.50
2012.08.23 08:58:03.108,1.04944,1.04956,2.25,1.73
2012.08.23 08:58:03.544,1.04934,1.04944,3.00,3.83
2012.08.23 08:58:03.736,1.04934,1.04942,1.50,2.48
2012.08.23 08:58:03.809,1.04934,1.04944,1.50,1.50
2012.08.23 08:58:03.997,1.04934,1.04942,2.25,1.50
2012.08.23 08:58:04.067,1.04931,1.0494,1.50,1.73
2012.08.23 08:58:05.138,1.04932,1.04942,1.50,1.73
2012.08.23 08:58:05.648,1.04932,1.04945,2.48,3.23
2012.08.23 08:58:06.819,1.04933,1.04946,1.50,3.23
2012.08.23 08:58:06.957,1.04936,1.04946,2.10,2.25
2012.08.23 08:58:07.562,1.04932,1.04943,1.50,1.73
2012.08.23 08:58:07.887,1.04932,1.04945,2.25,2.48
2012.08.23 08:58:07.957,1.04933,1.04945,1.88,2.48
2012.08.23 08:58:08.025,1.04933,1.04945,1.88,2.48
2012.08.23 08:58:08.788,1.04936,1.04947,1.50,2.48
2012.08.23 08:58:09.126,1.04939,1.04947,1.13,2.48
2012.08.23 08:58:09.327,1.04939,1.04947,1.13,1.50
2012.08.23 08:58:09.396,1.04939,1.0495,1.88,3.23
2012.08.23 08:58:10.208,1.04939,1.04952,4.13,3.98
2012.08.23 08:58:11.118,1.04939,1.04947,3.00,2.50
2012.08.23 08:58:11.450,1.04931,1.04943,3.00,2.25
2012.08.23 08:58:11.576,1.04934,1.04945,1.50,2.48
2012.08.23 08:58:12.196,1.04933,1.04946,3.00,2.48
2012.08.23 08:58:14.235,1.04934,1.04946,1.50,2.48
2012.08.23 08:58:15.157,1.04933,1.04946,3.00,2.48
2012.08.23 08:58:21.266,1.04935,1.04947,1.50,2.48
2012.08.23 08:58:23.476,1.04934,1.04947,2.25,1.73
2012.08.23 08:58:24.307,1.04934,1.04947,1.50,1.73
2012.08.23 08:58:24.819,1.04936,1.04947,1.50,1.73
2012.08.23 08:58:27.425,1.04935,1.04947,1.50,1.73
2012.08.23 08:58:29.226,1.04933,1.04942,2.25,1.13
2012.08.23 08:58:29.364,1.04931,1.04942,3.23,1.88
2012.08.23 08:58:29.676,1.04929,1.04942,2.25,3.60
2012.08.23 08:58:30.855,1.04929,1.04941,1.50,1.73
2012.08.23 08:58:31.165,1.04928,1.04939,1.50,2.85
2012.08.23 08:58:31.237,1.04927,1.04938,1.50,2.48
2012.08.23 08:58:31.757,1.04928,1.04939,3.00,2.85
2012.08.23 08:58:32.306,1.04929,1.04939,1.50,1.73
2012.08.23 08:58:32.856,1.04931,1.04942,1.50,1.73
2012.08.23 08:58:34.857,1.0493,1.04941,3.00,2.10
2012.08.23 08:58:34.999,1.04929,1.04935,1.50,1.88
2012.08.23 08:58:35.318,1.04925,1.04934,3.00,2.48
2012.08.23 08:58:35.395,1.04924,1.04934,2.25,2.48
2012.08.23 08:58:35.677,1.04919,1.04932,2.63,2.48
2012.08.23 08:58:35.817,1.04919,1.04932,2.63,2.48
2012.08.23 08:58:36.319,1.04922,1.04933,1.50,2.48
2012.08.23 08:58:37.058,1.04922,1.04933,2.25,1.73
2012.08.23 08:58:39.195,1.04919,1.04932,4.13,2.48
2012.08.23 08:58:39.935,1.04919,1.04932,3.38,2.48
2012.08.23 08:58:42.455,1.04921,1.04933,2.25,2.48
2012.08.23 08:58:42.764,1.04921,1.04933,2.25,1.73
2012.08.23 08:58:43.444,1.04921,1.04933,2.25,2.48
2012.08.23 08:58:43.996,1.04918,1.0493,2.10,1.50
2012.08.23 08:58:44.545,1.04919,1.04933,2.63,3.98
2012.08.23 08:58:45.117,1.0492,1.04932,1.50,2.48
2012.08.23 08:58:45.517,1.04923,1.04936,3.75,2.48
2012.08.23 08:58:45.647,1.04924,1.04938,2.25,3.60
2012.08.23 08:58:46.154,1.04924,1.04938,2.25,1.73
2012.08.23 08:58:47.186,1.04924,1.04938,2.48,2.48
2012.08.23 08:58:47.316,1.04923,1.04936,4.35,1.50
2012.08.23 08:58:48.685,1.04923,1.04936,4.35,1.50
2012.08.23 08:58:49.844,1.04923,1.04936,3.68,2.25
2012.08.23 08:58:50.049,1.04921,1.04934,2.33,1.73
2012.08.23 08:58:50.357,1.04923,1.04937,2.85,2.48
2012.08.23 08:58:50.895,1.04925,1.04938,2.48,3.98
2012.08.23 08:58:51.429,1.04925,1.04937,2.48,1.73
2012.08.23 08:58:55.027,1.04925,1.04938,2.48,3.98
2012.08.23 08:58:56.005,1.04925,1.04938,2.48,3.98
2012.08.23 08:58:56.076,1.04925,1.04938,2.48,3.98
2012.08.23 08:58:56.717,1.04928,1.04938,1.88,1.73
2012.08.23 08:58:56.908,1.04928,1.0494,2.10,4.50
2012.08.23 08:58:57.566,1.04929,1.04941,1.73,1.50
2012.08.23 08:58:57.636,1.04929,1.04941,1.73,2.25
2012.08.23 08:58:57.766,1.04929,1.04942,1.73,2.48
2012.08.23 08:58:58.076,1.04929,1.0494,1.73,2.25
2012.08.23 08:58:58.396,1.04934,1.04942,1.50,1.58
2012.08.23 08:59:00.036,1.04934,1.04944,1.50,1.73
2012.08.23 08:59:00.408,1.04938,1.04946,1.50,3.85
2012.08.23 08:59:00.968,1.04934,1.04944,1.50,1.73
2012.08.23 08:59:04.189,1.04936,1.04946,1.95,1.73
2012.08.23 08:59:04.316,1.04937,1.04949,1.95,3.23
2012.08.23 08:59:04.446,1.04938,1.04949,3.23,1.50
2012.08.23 08:59:05.646,1.04938,1.0495,3.23,1.13
2012.08.23 08:59:06.343,1.04943,1.04953,1.50,1.73
2012.08.23 08:59:06.629,1.04946,1.04958,1.50,2.48
2012.08.23 08:59:06.698,1.04946,1.04957,1.50,1.50
2012.08.23 08:59:07.227,1.04945,1.04958,2.48,1.73
2012.08.23 08:59:09.834,1.04945,1.0496,3.98,4.96
2012.08.23 08:59:10.407,1.04945,1.0496,3.23,5.70
2012.08.23 08:59:11.476,1.04945,1.04958,3.23,1.95
2012.08.23 08:59:11.565,1.04941,1.04955,3.23,1.88
2012.08.23 08:59:11.638,1.04941,1.04955,2.48,1.88
2012.08.23 08:59:11.707,1.04944,1.04955,1.50,2.10
2012.08.23 08:59:12.027,1.04946,1.04955,1.73,1.50
2012.08.23 08:59:12.345,1.04946,1.04959,3.23,3.61
2012.08.23 08:59:12.655,1.04946,1.04959,3.23,2.85
2012.08.23 08:59:13.996,1.04947,1.04959,1.20,1.73
2012.08.23 08:59:14.127,1.04947,1.04959,2.17,1.51
2012.08.23 08:59:14.326,1.04948,1.04962,2.48,3.38
2012.08.23 08:59:14.876,1.04949,1.04962,1.73,4.13
2012.08.23 08:59:15.386,1.0495,1.04962,1.73,2.63
2012.08.23 08:59:15.588,1.0495,1.04962,1.73,1.50
2012.08.23 08:59:15.926,1.04954,1.04965,3.23,2.25
2012.08.23 08:59:16.545,1.04953,1.04964,3.00,1.73
2012.08.23 08:59:17.619,1.04949,1.04961,1.05,2.25
2012.08.23 08:59:17.807,1.04949,1.04963,1.05,4.35
2012.08.23 08:59:17.937,1.0495,1.04963,2.48,3.60
2012.08.23 08:59:18.534,1.04949,1.04962,1.05,2.25
2012.08.23 08:59:18.667,1.04948,1.04958,2.77,1.50
2012.08.23 08:59:18.974,1.04948,1.04956,1.42,1.50
2012.08.23 08:59:20.238,1.04948,1.04959,1.42,1.50
2012.08.23 08:59:25.647,1.04948,1.04959,2.17,3.00
2012.08.23 08:59:26.228,1.04951,1.04958,1.50,1.50
2012.08.23 08:59:26.738,1.04951,1.04958,1.50,1.50
2012.08.23 08:59:27.145,1.04951,1.04961,1.50,2.10
2012.08.23 08:59:27.776,1.04951,1.0496,1.50,1.50
2012.08.23 08:59:28.118,1.04947,1.04958,1.50,2.48
2012.08.23 08:59:28.646,1.04946,1.04959,2.25,3.60
2012.08.23 08:59:29.438,1.04943,1.04955,3.30,1.88
2012.08.23 08:59:29.969,1.04944,1.04958,1.80,2.48
2012.08.23 08:59:30.467,1.04948,1.04959,1.13,3.23
2012.08.23 08:59:30.785,1.04948,1.0496,3.60,1.50
2012.08.23 08:59:31.430,1.04948,1.04961,3.60,3.00
2012.08.23 08:59:31.735,1.04948,1.04959,1.35,2.25
2012.08.23 08:59:32.265,1.04949,1.0496,1.73,2.25
2012.08.23 08:59:33.257,1.04948,1.04961,2.10,2.85
2012.08.23 08:59:33.446,1.04948,1.04961,2.85,1.50
2012.08.23 08:59:33.714,1.04948,1.04961,2.85,1.50
2012.08.23 08:59:35.306,1.04948,1.04962,2.85,1.73
2012.08.23 08:59:35.928,1.04952,1.04963,1.50,3.23
2012.08.23 08:59:36.434,1.04951,1.04963,2.48,5.11
2012.08.23 08:59:36.708,1.04951,1.0496,2.48,1.13
2012.08.23 08:59:36.778,1.04951,1.04962,1.73,2.48
2012.08.23 08:59:36.848,1.0495,1.0496,1.73,1.50
2012.08.23 08:59:37.167,1.04953,1.04963,1.50,2.85
2012.08.23 08:59:37.237,1.04949,1.04963,2.55,5.10
2012.08.23 08:59:38.086,1.04949,1.04962,3.23,4.73
2012.08.23 08:59:38.586,1.04948,1.04961,2.17,2.25
2012.08.23 08:59:38.717,1.04948,1.04962,2.17,3.23
2012.08.23 08:59:39.265,1.04948,1.04961,3.67,2.25
2012.08.23 08:59:39.817,1.04948,1.04959,1.42,1.50
2012.08.23 08:59:44.386,1.04948,1.04961,1.35,2.25
2012.08.23 08:59:45.814,1.04948,1.0496,1.35,2.25
2012.08.23 08:59:51.237,1.04948,1.04958,1.35,1.50
2012.08.23 08:59:51.767,1.04943,1.04957,4.20,1.50
2012.08.23 08:59:51.837,1.04942,1.04955,6.67,2.25
2012.08.23 08:59:52.696,1.04942,1.04952,4.05,1.13
2012.08.23 08:59:53.076,1.04941,1.04953,2.48,1.73
2012.08.23 08:59:53.397,1.04943,1.04955,1.05,1.50
2012.08.23 08:59:53.955,1.04943,1.04956,1.05,4.13
2012.08.23 08:59:54.461,1.04943,1.04956,1.05,3.38
2012.08.23 08:59:56.726,1.04945,1.04957,2.10,1.73
2012.08.23 08:59:57.084,1.04947,1.0496,1.35,3.00
2012.08.23 08:59:57.987,1.04947,1.04959,1.35,1.50
2012.08.23 08:59:59.599,1.04947,1.04958,1.35,1.50
