2013.01.18 17:00:01.039,1.0494,1.04951,1.73,1.50
2013.01.18 17:00:03.457,1.04943,1.04952,1.65,1.50
2013.01.18 17:00:03.517,1.04946,1.04954,1.50,1.13
2013.01.18 17:00:03.638,1.04945,1.04958,1.50,3.00
2013.01.18 17:00:03.697,1.04944,1.04954,3.98,1.13
2013.01.18 17:00:03.757,1.04944,1.04954,1.73,1.13
2013.01.18 17:00:07.547,1.04944,1.04954,1.50,1.13
2013.01.18 17:00:08.089,1.04944,1.04955,1.88,1.50
2013.01.18 17:00:08.152,1.04944,1.04955,1.88,1.50
2013.01.18 17:00:08.590,1.04944,1.04955,1.88,1.50
2013.01.18 17:00:09.398,1.04946,1.04956,1.50,1.50
2013.01.18 17:00:09.699,1.04947,1.04956,1.50,1.50
2013.01.18 17:00:10.059,1.04949,1.04959,1.13,2.70
2013.01.18 17:00:10.121,1.04949,1.04959,1.88,2.33
2013.01.18 17:00:10.732,1.0495,1.0496,1.65,1.50
2013.01.18 17:00:11.277,1.04951,1.04964,2.25,2.63
2013.01.18 17:00:13.777,1.04951,1.04963,1.50,2.40
2013.01.18 17:00:14.897,1.0495,1.04961,1.65,1.50
2013.01.18 17:00:15.438,1.04949,1.04959,1.65,1.50
2013.01.18 17:00:15.737,1.04949,1.04955,1.50,1.50
2013.01.18 17:00:16.038,1.04937,1.04952,1.50,6.00
2013.01.18 17:00:16.609,1.0494,1.04948,1.50,1.65
2013.01.18 17:00:16.758,1.04936,1.04944,2.48,1.50
2013.01.18 17:00:17.777,1.04934,1.04943,1.65,1.50
2013.01.18 17:00:18.017,1.04934,1.04944,1.65,1.50
2013.01.18 17:00:18.079,1.04933,1.04944,1.35,1.50
2013.01.18 17:00:18.617,1.04933,1.04945,1.35,1.50
2013.01.18 17:00:18.978,1.04933,1.04944,1.35,2.25
2013.01.18 17:00:19.902,1.04935,1.04947,1.65,2.40
2013.01.18 17:00:20.779,1.04935,1.04947,1.65,1.65
2013.01.18 17:00:21.142,1.04938,1.04949,1.50,1.88
2013.01.18 17:00:21.689,1.04938,1.04949,1.50,1.13
2013.01.18 17:00:24.201,1.04939,1.04949,1.50,1.13
2013.01.18 17:00:24.687,1.04937,1.04947,1.50,2.40
2013.01.18 17:00:25.228,1.04936,1.04947,1.50,2.40
2013.01.18 17:00:26.097,1.04934,1.04947,2.40,1.65
2013.01.18 17:00:26.627,1.04937,1.04949,1.50,1.13
2013.01.18 17:00:27.778,1.04939,1.04949,1.50,1.13
2013.01.18 17:00:27.908,1.04939,1.04949,1.50,1.13
2013.01.18 17:00:30.337,1.04939,1.04949,1.50,1.13
2013.01.18 17:00:30.567,1.04939,1.04949,1.50,1.13
2013.01.18 17:00:34.058,1.04939,1.0495,1.50,1.88
2013.01.18 17:00:40.800,1.04938,1.0495,1.50,2.63
2013.01.18 17:00:41.038,1.04939,1.0495,1.65,1.50
2013.01.18 17:00:42.747,1.0494,1.04952,2.40,1.65
2013.01.18 17:00:49.731,1.0494,1.04951,1.65,1.50
2013.01.18 17:00:49.978,1.0494,1.04949,1.65,1.20
2013.01.18 17:00:50.338,1.04939,1.04948,1.73,1.13
2013.01.18 17:00:50.889,1.0494,1.04948,1.50,1.35
2013.01.18 17:00:52.538,1.0494,1.04948,1.50,1.20
2013.01.18 17:00:53.057,1.0494,1.04951,1.50,1.50
2013.01.18 17:00:53.499,1.0494,1.04953,1.50,2.40
2013.01.18 17:00:54.468,1.04943,1.04954,1.50,1.50
2013.01.18 17:00:54.590,1.04943,1.04954,1.88,1.50
2013.01.18 17:00:55.128,1.04944,1.04954,1.13,1.50
2013.01.18 17:00:55.559,1.04949,1.04961,1.65,1.58
2013.01.18 17:00:55.618,1.04949,1.04961,1.65,1.50
2013.01.18 17:00:56.520,1.04949,1.04962,2.40,1.65
2013.01.18 17:00:59.579,1.0495,1.04962,1.65,2.40
2013.01.18 17:01:03.339,1.04949,1.04962,1.65,2.40
2013.01.18 17:01:07.481,1.04951,1.04963,1.50,2.40
2013.01.18 17:01:10.148,1.0495,1.04962,1.65,1.65
2013.01.18 17:01:13.219,1.0495,1.04962,1.50,1.50
2013.01.18 17:01:13.279,1.0495,1.04963,1.50,1.50
2013.01.18 17:01:13.517,1.04954,1.04965,1.65,2.25
2013.01.18 17:01:13.578,1.04954,1.04965,1.65,1.50
2013.01.18 17:01:14.118,1.04958,1.04969,1.50,1.88
2013.01.18 17:01:16.470,1.04959,1.04971,1.13,2.25
2013.01.18 17:01:17.460,1.0496,1.04972,1.65,3.15
2013.01.18 17:01:18.295,1.0496,1.04971,1.65,1.50
2013.01.18 17:01:20.537,1.04959,1.0497,1.73,1.50
2013.01.18 17:01:20.842,1.04955,1.04969,3.60,2.25
2013.01.18 17:01:21.209,1.04955,1.04966,3.38,1.50
2013.01.18 17:01:21.332,1.04953,1.04962,2.63,2.40
2013.01.18 17:01:21.818,1.04952,1.04962,1.50,2.40
2013.01.18 17:01:21.998,1.0495,1.04962,1.65,2.40
2013.01.18 17:01:25.379,1.0495,1.04962,1.13,1.50
2013.01.18 17:01:25.498,1.04951,1.04963,1.13,1.50
2013.01.18 17:01:25.678,1.04951,1.04963,1.13,2.25
2013.01.18 17:01:25.738,1.04949,1.04963,1.80,2.40
2013.01.18 17:01:26.298,1.04949,1.04962,2.40,2.25
2013.01.18 17:01:31.857,1.04949,1.04962,1.65,1.50
2013.01.18 17:01:31.979,1.04952,1.04963,1.50,2.40
2013.01.18 17:01:32.039,1.04955,1.04963,1.50,2.40
2013.01.18 17:01:32.398,1.04951,1.0496,1.73,1.50
2013.01.18 17:01:32.697,1.04951,1.0496,1.50,1.50
2013.01.18 17:01:32.877,1.0495,1.04962,1.65,3.15
2013.01.18 17:01:33.427,1.04949,1.04962,1.88,1.65
2013.01.18 17:01:34.601,1.04949,1.04962,1.88,2.40
2013.01.18 17:01:40.789,1.0495,1.04961,1.65,1.50
2013.01.18 17:01:42.950,1.04949,1.04962,1.13,2.40
2013.01.18 17:01:50.349,1.0495,1.04961,1.65,1.50
2013.01.18 17:01:51.588,1.0495,1.04962,1.65,2.40
2013.01.18 17:02:01.148,1.04952,1.04961,1.13,1.50
2013.01.18 17:02:01.267,1.04952,1.04962,1.35,1.50
2013.01.18 17:02:01.388,1.0495,1.04962,2.03,2.40
2013.01.18 17:02:01.898,1.04949,1.04962,1.88,1.65
2013.01.18 17:02:11.899,1.04952,1.04962,1.50,1.65
2013.01.18 17:02:12.727,1.04952,1.04962,1.50,1.65
2013.01.18 17:02:20.667,1.04952,1.04962,2.25,1.65
2013.01.18 17:02:24.167,1.04955,1.04964,1.50,1.13
2013.01.18 17:02:24.228,1.04954,1.04964,1.65,1.50
2013.01.18 17:02:35.890,1.04952,1.04964,2.48,1.65
2013.01.18 17:02:36.397,1.04952,1.04962,2.25,1.50
2013.01.18 17:02:42.787,1.04952,1.04962,1.50,1.50
2013.01.18 17:02:43.327,1.0495,1.04962,2.48,1.50
2013.01.18 17:02:47.168,1.04951,1.04962,1.73,1.50
2013.01.18 17:02:48.168,1.04951,1.04962,1.73,1.50
2013.01.18 17:02:53.127,1.04951,1.04962,1.73,1.50
2013.01.18 17:02:57.547,1.04952,1.04962,1.50,1.50
2013.01.18 17:03:03.319,1.04952,1.04963,3.00,1.88
2013.01.18 17:03:17.167,1.04953,1.04963,1.13,1.73
2013.01.18 17:03:17.227,1.04953,1.04965,1.88,3.23
2013.01.18 17:03:17.778,1.04953,1.04965,1.35,1.50
2013.01.18 17:03:29.898,1.04954,1.04967,1.13,1.65
2013.01.18 17:03:30.078,1.04954,1.04968,3.38,2.25
2013.01.18 17:03:30.318,1.04955,1.04965,1.13,1.50
2013.01.18 17:03:47.788,1.04954,1.04965,1.13,1.50
2013.01.18 17:04:07.948,1.04952,1.04963,2.10,1.50
2013.01.18 17:04:16.459,1.0495,1.04962,1.73,1.65
2013.01.18 17:04:21.562,1.04948,1.04959,1.88,1.50
2013.01.18 17:04:22.272,1.04948,1.04959,1.88,1.50
2013.01.18 17:04:30.369,1.04948,1.04959,1.88,1.50
2013.01.18 17:04:31.648,1.04948,1.04959,1.88,1.50
2013.01.18 17:04:33.439,1.04949,1.04959,1.73,1.50
2013.01.18 17:04:38.018,1.04949,1.04959,1.73,1.50
2013.01.18 17:04:38.498,1.04945,1.04957,1.73,2.40
2013.01.18 17:04:38.618,1.04945,1.04957,1.73,1.65
2013.01.18 17:04:38.818,1.04945,1.04957,1.73,1.65
2013.01.18 17:04:39.758,1.04945,1.04957,1.73,1.65
2013.01.18 17:04:39.818,1.04943,1.04953,4.95,1.50
2013.01.18 17:04:40.358,1.04943,1.04952,3.45,1.50
2013.01.18 17:04:51.198,1.04942,1.04952,1.88,1.50
2013.01.18 17:04:51.257,1.04942,1.04954,1.88,1.50
2013.01.18 17:04:51.499,1.04944,1.04953,1.13,2.25
2013.01.18 17:04:58.755,1.04943,1.04952,1.13,1.50
2013.01.18 17:05:00.024,1.04942,1.04952,1.35,1.50
2013.01.18 17:05:10.847,1.04943,1.04953,1.13,1.50
2013.01.18 17:05:11.377,1.04943,1.04953,1.13,1.50
2013.01.18 17:05:12.068,1.04944,1.04957,2.48,2.40
2013.01.18 17:05:12.308,1.04943,1.04955,1.88,3.00
2013.01.18 17:05:12.828,1.04943,1.04954,1.88,1.50
2013.01.18 17:05:24.667,1.04943,1.04954,3.38,2.25
2013.01.18 17:05:24.791,1.04945,1.04957,2.48,3.00
2013.01.18 17:05:24.908,1.04945,1.04957,2.48,1.50
2013.01.18 17:05:25.218,1.04946,1.04957,1.73,2.25
2013.01.18 17:05:25.797,1.04946,1.04957,1.73,3.00
2013.01.18 17:05:28.659,1.04947,1.04958,1.20,1.95
2013.01.18 17:05:29.018,1.0495,1.04958,1.50,2.18
2013.01.18 17:05:29.557,1.0495,1.04962,1.73,1.05
2013.01.18 17:05:30.098,1.04948,1.04962,1.35,1.05
2013.01.18 17:05:33.297,1.04948,1.04962,1.35,1.05
2013.01.18 17:05:38.478,1.04948,1.0496,1.13,1.65
2013.01.18 17:05:38.988,1.04948,1.0496,1.13,1.65
2013.01.18 17:05:41.068,1.0495,1.0496,1.73,1.50
2013.01.18 17:05:41.308,1.04949,1.04962,2.48,1.50
2013.01.18 17:05:41.429,1.04952,1.04962,1.50,1.50
2013.01.18 17:05:41.789,1.04952,1.04962,1.13,1.50
2013.01.18 17:05:44.170,1.04951,1.04963,1.50,2.25
2013.01.18 17:05:44.289,1.0495,1.04961,1.73,1.50
2013.01.18 17:05:44.589,1.04949,1.04961,2.48,1.50
2013.01.18 17:05:45.133,1.04949,1.04961,2.48,1.50
2013.01.18 17:05:45.698,1.04949,1.0496,1.73,1.50
2013.01.18 17:05:48.778,1.04951,1.04963,1.50,1.50
2013.01.18 17:05:48.898,1.04951,1.04963,2.25,1.50
2013.01.18 17:05:48.958,1.04952,1.04963,1.20,1.50
2013.01.18 17:05:49.018,1.04956,1.04966,1.73,6.75
2013.01.18 17:05:49.138,1.04956,1.04966,1.73,2.25
2013.01.18 17:05:49.659,1.04955,1.04967,3.23,1.50
2013.01.18 17:06:01.538,1.04956,1.04967,2.48,1.50
2013.01.18 17:06:01.839,1.04958,1.04968,1.88,1.13
2013.01.18 17:06:02.378,1.04961,1.04969,1.13,1.28
2013.01.18 17:06:02.618,1.04961,1.04973,1.13,3.00
2013.01.18 17:06:13.261,1.04963,1.04974,1.88,1.50
2013.01.18 17:06:14.678,1.04963,1.04974,1.88,2.25
2013.01.18 17:06:15.211,1.04963,1.04973,1.88,1.50
2013.01.18 17:06:19.697,1.04963,1.04974,1.88,3.00
2013.01.18 17:06:20.238,1.04963,1.04973,1.88,2.25
2013.01.18 17:06:21.909,1.0496,1.04972,1.73,1.65
2013.01.18 17:06:22.209,1.04959,1.04972,1.73,1.65
2013.01.18 17:06:38.598,1.0496,1.04972,2.10,2.25
2013.01.18 17:06:38.658,1.04961,1.04973,1.13,3.00
2013.01.18 17:06:38.779,1.04963,1.04973,1.13,2.25
2013.01.18 17:06:39.328,1.04963,1.04973,1.13,1.50
2013.01.18 17:06:40.034,1.04963,1.04973,1.13,2.25
2013.01.18 17:06:43.408,1.0496,1.04973,2.48,1.88
2013.01.18 17:06:43.588,1.0496,1.04972,1.73,1.65
2013.01.18 17:06:43.827,1.04961,1.04973,1.50,2.63
2013.01.18 17:06:54.199,1.04961,1.04973,1.13,2.25
2013.01.18 17:06:54.519,1.04962,1.04973,1.13,1.50
2013.01.18 17:06:54.649,1.04962,1.04974,1.13,2.25
2013.01.18 17:06:55.224,1.04962,1.04973,1.13,1.50
2013.01.18 17:06:56.098,1.04964,1.04977,5.48,1.50
2013.01.18 17:06:56.158,1.04964,1.04976,3.23,1.50
2013.01.18 17:06:56.278,1.04963,1.04975,1.88,3.00
2013.01.18 17:07:00.560,1.04961,1.04973,2.10,1.73
2013.01.18 17:07:00.660,1.04961,1.04973,2.10,2.48
2013.01.18 17:07:01.161,1.0496,1.04972,1.73,1.65
2013.01.18 17:07:21.497,1.04959,1.04972,1.88,1.65
2013.01.18 17:07:22.037,1.04959,1.04972,1.88,1.65
2013.01.18 17:07:27.098,1.04959,1.0497,1.73,2.25
2013.01.18 17:07:27.639,1.04958,1.04969,1.13,1.50
2013.01.18 17:07:27.819,1.04957,1.04967,1.50,1.65
2013.01.18 17:07:28.298,1.04952,1.04964,1.88,1.50
2013.01.18 17:07:53.048,1.04952,1.04964,1.13,2.25
2013.01.18 17:07:56.877,1.04952,1.04964,1.13,2.25
2013.01.18 17:08:15.898,1.04952,1.04963,1.35,1.50
2013.01.18 17:08:30.428,1.04951,1.04965,1.35,1.50
2013.01.18 17:08:42.897,1.0495,1.04964,1.35,1.50
2013.01.18 17:08:47.688,1.0495,1.04964,2.10,1.50
2013.01.18 17:08:48.247,1.0495,1.04964,1.35,1.50
2013.01.18 17:08:57.857,1.0495,1.04963,3.60,1.50
2013.01.18 17:08:58.160,1.04956,1.04967,1.13,2.25
2013.01.18 17:08:58.398,1.04959,1.04969,1.73,1.50
2013.01.18 17:08:59.000,1.04959,1.04972,2.48,2.40
2013.01.18 17:09:05.170,1.04962,1.04972,2.25,2.25
2013.01.18 17:09:05.288,1.04964,1.04972,2.40,1.50
2013.01.18 17:09:06.508,1.04965,1.04977,2.48,2.25
2013.01.18 17:09:06.568,1.04966,1.04978,1.73,1.50
2013.01.18 17:09:06.688,1.04966,1.04977,1.73,1.65
2013.01.18 17:09:16.953,1.04964,1.04974,1.13,2.25
2013.01.18 17:09:19.608,1.04964,1.04974,1.88,1.50
2013.01.18 17:09:20.352,1.04964,1.04975,2.63,1.50
2013.01.18 17:09:21.438,1.04964,1.04975,1.88,2.25
2013.01.18 17:09:21.498,1.04964,1.04975,1.88,2.25
2013.01.18 17:09:22.170,1.04964,1.04975,1.88,2.25
2013.01.18 17:09:23.989,1.04964,1.04975,2.63,2.25
2013.01.18 17:09:30.268,1.04963,1.04975,1.13,2.25
2013.01.18 17:09:37.978,1.04963,1.04975,1.88,2.25
2013.01.18 17:09:38.487,1.04963,1.04975,2.63,2.25
2013.01.18 17:09:39.030,1.04964,1.04975,1.73,2.25
2013.01.18 17:09:56.824,1.04964,1.04975,1.35,3.00
2013.01.18 17:10:14.747,1.04967,1.04979,1.65,1.73
2013.01.18 17:10:15.108,1.04968,1.0498,1.50,3.23
2013.01.18 17:10:15.168,1.04968,1.04979,1.50,1.73
2013.01.18 17:10:15.288,1.04969,1.04979,1.65,1.73
2013.01.18 17:10:15.828,1.04969,1.04981,1.88,1.50
2013.01.18 17:10:31.010,1.04969,1.04982,1.88,2.25
2013.01.18 17:10:37.068,1.0497,1.04981,1.13,1.50
2013.01.18 17:10:39.749,1.0497,1.04981,1.13,1.50
2013.01.18 17:10:48.559,1.0497,1.04982,1.88,2.40
2013.01.18 17:10:49.161,1.0497,1.04982,1.88,3.15
2013.01.18 17:11:00.900,1.0497,1.04982,1.73,2.25
2013.01.18 17:11:01.548,1.04969,1.04982,1.88,2.25
2013.01.18 17:11:04.308,1.04969,1.04981,1.13,1.50
2013.01.18 17:11:05.778,1.04969,1.04981,1.13,1.50
2013.01.18 17:11:07.758,1.04969,1.0498,1.13,1.50
2013.01.18 17:11:09.459,1.04969,1.0498,1.13,1.50
2013.01.18 17:11:10.669,1.04969,1.04981,1.13,1.50
2013.01.18 17:11:11.558,1.04969,1.0498,1.13,2.25
2013.01.18 17:11:13.378,1.0497,1.0498,1.13,1.50
2013.01.18 17:11:14.030,1.0497,1.0498,1.13,1.50
2013.01.18 17:11:16.339,1.0497,1.04981,1.13,1.50
2013.01.18 17:11:16.848,1.0497,1.0498,1.13,2.25
2013.01.18 17:11:17.689,1.0497,1.0498,1.13,1.50
2013.01.18 17:11:18.928,1.04968,1.0498,1.35,1.50
2013.01.18 17:11:21.168,1.04968,1.0498,1.35,2.25
2013.01.18 17:11:21.889,1.04967,1.04979,1.43,1.73
2013.01.18 17:11:22.999,1.04967,1.0498,1.13,4.13
2013.01.18 17:11:24.469,1.04967,1.04978,1.13,1.50
2013.01.18 17:11:24.989,1.04967,1.04979,1.13,2.48
2013.01.18 17:11:27.671,1.04967,1.0498,2.33,3.23
2013.01.18 17:11:28.364,1.0497,1.04981,1.13,3.00
2013.01.18 17:11:32.008,1.04969,1.0498,1.13,1.50
2013.01.18 17:11:40.838,1.04969,1.04981,1.13,3.00
2013.01.18 17:11:41.404,1.04969,1.0498,1.13,1.50
2013.01.18 17:11:54.349,1.04969,1.04981,1.13,2.25
2013.01.18 17:11:55.710,1.04969,1.04981,1.13,2.25
2013.01.18 17:11:56.111,1.04969,1.04981,1.13,3.00
2013.01.18 17:11:56.740,1.04968,1.04978,1.43,1.50
2013.01.18 17:11:56.919,1.04967,1.04978,1.43,1.50
2013.01.18 17:12:01.649,1.04967,1.04978,1.43,1.50
2013.01.18 17:12:01.769,1.04968,1.04979,1.13,1.73
2013.01.18 17:12:10.225,1.0497,1.04981,1.13,3.00
2013.01.18 17:12:11.309,1.0497,1.04981,1.13,2.25
2013.01.18 17:12:12.093,1.0497,1.04981,1.13,3.00
2013.01.18 17:12:12.638,1.0497,1.04981,1.13,3.00
2013.01.18 17:12:14.988,1.04969,1.0498,1.13,1.50
2013.01.18 17:12:15.548,1.04969,1.04981,1.13,3.75
2013.01.18 17:12:18.818,1.0497,1.04981,1.13,2.25
2013.01.18 17:12:30.248,1.04966,1.04979,2.48,1.50
2013.01.18 17:12:30.309,1.04965,1.04978,2.03,1.50
2013.01.18 17:12:30.669,1.04964,1.04978,2.10,2.48
2013.01.18 17:12:30.728,1.04963,1.04975,2.85,2.25
2013.01.18 17:12:43.911,1.0496,1.04973,1.58,1.50
2013.01.18 17:12:44.329,1.04962,1.04972,1.58,1.50
2013.01.18 17:12:48.348,1.04962,1.04974,1.35,1.50
2013.01.18 17:13:06.269,1.04962,1.04974,1.50,1.50
2013.01.18 17:13:12.790,1.04962,1.04975,1.50,2.25
2013.01.18 17:13:16.680,1.04967,1.04975,1.13,1.50
2013.01.18 17:13:16.859,1.04967,1.04977,1.13,1.65
2013.01.18 17:13:17.221,1.04968,1.04979,1.13,1.13
2013.01.18 17:13:17.758,1.0497,1.04982,1.13,3.30
2013.01.18 17:13:18.588,1.0497,1.04982,1.13,1.65
2013.01.18 17:13:19.609,1.0497,1.04982,1.13,1.73
2013.01.18 17:13:20.196,1.0497,1.04982,1.13,1.73
2013.01.18 17:13:20.789,1.0497,1.04982,1.13,1.73
2013.01.18 17:13:22.784,1.0497,1.04982,1.88,2.40
2013.01.18 17:13:24.259,1.0497,1.04982,1.88,3.15
2013.01.18 17:13:24.865,1.0497,1.04982,1.13,2.55
2013.01.18 17:13:29.862,1.0497,1.04982,1.13,2.55
2013.01.18 17:13:31.128,1.04969,1.04982,1.13,2.55
2013.01.18 17:13:31.249,1.04967,1.04979,1.13,1.80
2013.01.18 17:13:31.834,1.04966,1.04978,1.13,1.58
2013.01.18 17:13:32.419,1.04966,1.04978,1.20,1.58
2013.01.18 17:13:32.599,1.04966,1.0498,2.18,1.65
2013.01.18 17:13:35.059,1.04969,1.0498,1.13,1.65
2013.01.18 17:13:36.239,1.04969,1.0498,1.13,1.65
2013.01.18 17:13:37.339,1.04969,1.0498,1.13,1.65
2013.01.18 17:13:38.218,1.04969,1.04981,1.13,1.65
2013.01.18 17:13:38.719,1.04969,1.04982,1.13,2.40
2013.01.18 17:13:39.278,1.04969,1.04982,1.13,2.40
2013.01.18 17:13:39.639,1.04966,1.04978,1.88,2.25
2013.01.18 17:13:39.828,1.04966,1.04977,1.35,2.25
2013.01.18 17:13:40.368,1.04966,1.04977,1.35,1.50
2013.01.18 17:13:41.169,1.04966,1.04976,1.35,1.50
2013.01.18 17:13:41.589,1.04963,1.04975,1.50,1.50
2013.01.18 17:13:46.158,1.04965,1.04974,1.35,1.50
2013.01.18 17:13:46.700,1.04966,1.04977,1.35,1.65
2013.01.18 17:13:47.219,1.04966,1.04977,1.35,1.65
2013.01.18 17:13:48.919,1.04966,1.04978,1.35,2.63
2013.01.18 17:13:52.079,1.04966,1.04977,1.35,1.65
2013.01.18 17:13:52.589,1.04965,1.04977,1.35,3.15
2013.01.18 17:13:53.128,1.04964,1.04976,1.35,1.50
2013.01.18 17:13:53.713,1.04966,1.04977,1.35,2.25
2013.01.18 17:13:54.240,1.04965,1.04977,1.35,3.00
2013.01.18 17:13:56.059,1.04965,1.04977,1.35,2.63
2013.01.18 17:13:59.960,1.04967,1.04978,1.88,1.50
2013.01.18 17:14:00.541,1.04967,1.04978,2.10,1.50
2013.01.18 17:14:13.638,1.04969,1.04981,3.38,1.50
2013.01.18 17:14:14.409,1.0497,1.04982,1.73,1.50
2013.01.18 17:14:14.894,1.04972,1.04984,1.50,1.13
2013.01.18 17:14:15.879,1.04972,1.04982,1.50,2.25
2013.01.18 17:14:17.019,1.04969,1.04983,3.38,1.88
2013.01.18 17:14:17.588,1.04969,1.04982,2.63,1.05
2013.01.18 17:14:18.009,1.04969,1.04982,2.63,1.35
2013.01.18 17:14:19.099,1.04969,1.04982,2.63,1.35
2013.01.18 17:14:29.618,1.0497,1.04982,1.73,1.35
2013.01.18 17:14:31.568,1.0497,1.04981,1.73,1.05
2013.01.18 17:14:31.628,1.0497,1.04983,1.73,1.88
2013.01.18 17:14:31.688,1.0497,1.04983,1.73,1.13
2013.01.18 17:14:32.110,1.04976,1.04987,1.50,1.65
2013.01.18 17:14:32.169,1.04976,1.04988,1.50,1.65
2013.01.18 17:14:35.049,1.04978,1.0499,1.50,5.25
2013.01.18 17:14:35.169,1.04979,1.0499,2.40,2.48
2013.01.18 17:14:35.228,1.04979,1.04993,2.40,3.38
2013.01.18 17:14:35.410,1.0498,1.04993,1.73,1.65
2013.01.18 17:14:35.589,1.04984,1.04994,1.88,2.25
2013.01.18 17:14:42.553,1.04984,1.04993,1.13,1.50
2013.01.18 17:14:44.129,1.04984,1.04993,1.13,1.50
2013.01.18 17:14:44.929,1.04984,1.04993,1.13,1.50
2013.01.18 17:14:45.478,1.04984,1.04993,1.13,1.50
2013.01.18 17:14:46.019,1.04984,1.04995,1.13,2.25
2013.01.18 17:14:48.318,1.04984,1.04995,1.13,2.25
2013.01.18 17:14:48.631,1.04981,1.04993,2.48,1.50
2013.01.18 17:14:48.931,1.04979,1.04991,2.63,3.75
2013.01.18 17:14:59.629,1.04979,1.0499,2.63,1.50
2013.01.18 17:15:00.160,1.04979,1.04991,2.63,1.50
2013.01.18 17:15:01.228,1.04979,1.0499,2.63,1.50
2013.01.18 17:15:01.290,1.04979,1.0499,2.63,1.50
2013.01.18 17:15:01.840,1.04979,1.04991,2.40,1.50
2013.01.18 17:15:03.179,1.04979,1.04991,3.15,1.50
2013.01.18 17:15:03.239,1.04979,1.0499,2.40,1.50
2013.01.18 17:15:03.479,1.0498,1.0499,1.50,1.50
2013.01.18 17:15:04.000,1.0498,1.04992,1.50,1.50
2013.01.18 17:15:04.558,1.0498,1.04992,1.50,2.25
2013.01.18 17:15:07.059,1.0498,1.04993,1.65,2.40
2013.01.18 17:15:10.451,1.04978,1.04989,1.50,1.13
2013.01.18 17:15:13.670,1.04978,1.0499,1.65,3.23
2013.01.18 17:15:13.850,1.04979,1.04991,2.63,1.50
2013.01.18 17:15:16.558,1.04981,1.04993,1.73,1.88
2013.01.18 17:15:18.049,1.04981,1.04993,1.73,2.63
2013.01.18 17:15:18.617,1.0498,1.04993,1.73,2.03
2013.01.18 17:15:28.319,1.0498,1.04992,1.73,1.28
2013.01.18 17:15:38.871,1.0498,1.04993,1.13,1.88
2013.01.18 17:15:40.299,1.0498,1.04992,1.13,1.65
2013.01.18 17:16:02.320,1.0498,1.04991,1.73,1.28
2013.01.18 17:16:04.419,1.0498,1.04991,1.73,2.03
2013.01.18 17:16:05.430,1.0498,1.04991,1.73,2.03
2013.01.18 17:16:31.220,1.0498,1.04992,1.13,2.18
2013.01.18 17:16:33.009,1.0498,1.04991,1.13,1.05
2013.01.18 17:16:33.319,1.0498,1.0499,1.13,2.03
2013.01.18 17:16:34.718,1.0498,1.0499,1.13,2.55
2013.01.18 17:16:39.600,1.04979,1.0499,1.88,1.28
2013.01.18 17:16:40.099,1.04979,1.04991,1.88,2.25
2013.01.18 17:16:41.750,1.0498,1.04991,1.13,1.50
2013.01.18 17:16:49.446,1.04976,1.04987,1.50,1.50
2013.01.18 17:16:49.630,1.04974,1.04984,1.13,1.50
2013.01.18 17:16:54.490,1.04972,1.04984,1.73,2.63
2013.01.18 17:16:54.670,1.04971,1.04983,3.23,1.88
2013.01.18 17:16:55.349,1.04971,1.04983,3.23,1.13
2013.01.18 17:17:10.499,1.04971,1.04982,3.23,1.20
2013.01.18 17:17:11.411,1.04971,1.04982,3.23,1.20
2013.01.18 17:17:12.858,1.04971,1.04982,3.23,1.13
2013.01.18 17:17:13.838,1.04971,1.04983,3.23,1.95
2013.01.18 17:17:32.909,1.04971,1.04982,2.48,1.13
2013.01.18 17:17:34.449,1.04971,1.04982,2.48,1.13
2013.01.18 17:17:34.938,1.04971,1.04983,2.48,2.03
2013.01.18 17:17:56.181,1.04969,1.04981,2.63,1.13
2013.01.18 17:18:03.239,1.04969,1.04981,1.88,1.05
2013.01.18 17:18:08.718,1.04969,1.04981,1.88,1.05
2013.01.18 17:18:10.088,1.04969,1.04981,1.88,1.05
2013.01.18 17:18:22.348,1.04969,1.04981,1.13,1.05
2013.01.18 17:18:26.861,1.04969,1.04982,1.13,1.13
2013.01.18 17:18:42.843,1.04969,1.0498,1.13,1.50
2013.01.18 17:18:43.839,1.04969,1.0498,1.13,1.58
2013.01.18 17:18:43.919,1.04969,1.04981,1.13,1.13
2013.01.18 17:18:50.349,1.04969,1.04981,1.13,1.13
2013.01.18 17:18:51.009,1.04969,1.04981,2.63,1.05
2013.01.18 17:18:51.488,1.0497,1.04983,1.50,1.50
2013.01.18 17:18:53.920,1.04969,1.04981,2.63,1.05
2013.01.18 17:19:22.428,1.04969,1.04981,2.63,1.05
2013.01.18 17:20:01.459,1.04969,1.04981,1.13,2.55
2013.01.18 17:20:01.520,1.04968,1.0498,1.88,1.05
2013.01.18 17:20:01.850,1.04968,1.0498,1.65,1.13
2013.01.18 17:20:16.859,1.04968,1.0498,1.65,1.13
2013.01.18 17:20:17.040,1.0497,1.04981,2.63,1.05
2013.01.18 17:20:19.121,1.0497,1.04981,1.88,1.05
2013.01.18 17:20:19.639,1.0497,1.04981,1.88,1.05
2013.01.18 17:20:21.129,1.04971,1.0498,1.50,1.05
2013.01.18 17:20:21.970,1.04971,1.0498,1.50,1.05
2013.01.18 17:20:23.589,1.04971,1.0498,1.50,1.05
2013.01.18 17:20:24.090,1.04971,1.04981,1.50,1.05
2013.01.18 17:21:17.252,1.04969,1.04983,2.03,1.13
2013.01.18 17:21:18.640,1.04969,1.04983,1.88,1.13
2013.01.18 17:21:19.932,1.04966,1.04976,1.88,2.33
2013.01.18 17:21:21.250,1.04965,1.04974,1.13,1.05
2013.01.18 17:21:21.451,1.04963,1.04974,1.13,1.05
2013.01.18 17:21:21.630,1.04962,1.04974,1.13,1.28
2013.01.18 17:21:22.441,1.04962,1.04974,1.13,1.28
2013.01.18 17:21:22.561,1.04965,1.04975,1.13,1.05
2013.01.18 17:21:24.370,1.04965,1.04975,1.13,1.05
2013.01.18 17:21:37.080,1.04967,1.04977,1.13,1.80
2013.01.18 17:21:37.590,1.04965,1.04976,1.88,1.73
2013.01.18 17:21:49.005,1.04965,1.04978,1.13,1.05
2013.01.18 17:21:49.190,1.04968,1.04978,1.13,1.05
2013.01.18 17:21:49.250,1.0497,1.0498,2.40,1.50
2013.01.18 17:21:49.370,1.0497,1.04981,2.40,1.05
2013.01.18 17:21:50.179,1.0497,1.04981,2.40,1.05
2013.01.18 17:22:04.911,1.0497,1.04982,2.40,1.13
2013.01.18 17:22:05.450,1.04971,1.04982,1.50,1.13
2013.01.18 17:22:05.780,1.04973,1.04984,1.88,1.28
2013.01.18 17:22:05.840,1.04974,1.04985,1.13,1.05
2013.01.18 17:22:13.833,1.04974,1.04986,1.13,1.28
2013.01.18 17:22:14.320,1.04974,1.04984,1.13,1.05
2013.01.18 17:22:23.540,1.04974,1.04983,1.13,1.05
2013.01.18 17:22:37.330,1.04974,1.04984,1.13,1.05
2013.01.18 17:22:39.080,1.04974,1.04984,1.13,1.05
2013.01.18 17:22:40.969,1.04974,1.04985,1.13,1.05
2013.01.18 17:22:42.379,1.04974,1.04984,1.13,1.05
2013.01.18 17:22:42.940,1.04974,1.04984,1.13,1.05
2013.01.18 17:22:45.400,1.04974,1.04985,1.13,1.05
2013.01.18 17:22:46.381,1.04974,1.04987,2.63,1.13
2013.01.18 17:22:46.740,1.04978,1.04988,1.50,1.13
2013.01.18 17:22:47.100,1.0498,1.04992,2.25,1.28
2013.01.18 17:22:47.160,1.0498,1.04992,2.48,1.28
2013.01.18 17:22:50.569,1.0498,1.04992,2.48,1.35
2013.01.18 17:22:51.379,1.0498,1.04992,2.48,1.35
2013.01.18 17:22:56.809,1.04981,1.04992,1.50,1.35
2013.01.18 17:23:08.650,1.04981,1.04992,1.50,1.28
2013.01.18 17:23:09.300,1.04981,1.04992,1.50,1.35
2013.01.18 17:23:12.884,1.04981,1.04992,1.50,1.28
2013.01.18 17:23:13.623,1.0498,1.04992,1.73,1.28
2013.01.18 17:23:17.749,1.0498,1.04991,1.73,1.28
2013.01.18 17:23:18.479,1.0498,1.04991,1.73,1.28
2013.01.18 17:23:25.430,1.04978,1.04988,1.73,1.65
2013.01.18 17:23:25.791,1.04974,1.04985,1.13,1.05
2013.01.18 17:23:26.313,1.04974,1.04985,1.13,1.05
2013.01.18 17:23:26.821,1.04974,1.04983,1.13,1.05
2013.01.18 17:23:34.681,1.04974,1.04984,1.13,1.35
2013.01.18 17:23:35.190,1.04972,1.04981,1.13,1.73
2013.01.18 17:23:35.772,1.04971,1.04981,1.50,1.73
2013.01.18 17:23:36.245,1.04971,1.04981,1.50,1.73
2013.01.18 17:23:38.690,1.04972,1.04985,1.13,2.03
2013.01.18 17:23:38.810,1.04972,1.04982,1.88,1.28
2013.01.18 17:23:38.990,1.04974,1.04983,1.13,1.05
2013.01.18 17:23:57.111,1.04974,1.04983,1.13,1.05
2013.01.18 17:23:57.170,1.04974,1.04983,1.13,1.05
2013.01.18 17:24:00.160,1.04972,1.04983,1.20,1.05
2013.01.18 17:24:00.700,1.04974,1.04984,1.13,1.05
2013.01.18 17:24:01.460,1.04974,1.04983,1.88,1.05
2013.01.18 17:24:03.060,1.04972,1.04983,1.20,1.05
2013.01.18 17:24:05.371,1.04974,1.04983,1.88,1.05
2013.01.18 17:24:09.929,1.04972,1.04983,1.88,1.05
2013.01.18 17:24:10.750,1.04974,1.04984,1.13,1.05
2013.01.18 17:24:16.492,1.04971,1.04983,1.73,1.95
2013.01.18 17:24:16.612,1.04972,1.04982,1.73,1.20
2013.01.18 17:24:16.671,1.0497,1.04982,2.63,1.43
2013.01.18 17:24:18.120,1.04972,1.04982,1.50,1.43
2013.01.18 17:24:40.572,1.0497,1.04982,1.73,1.28
2013.01.18 17:24:43.736,1.04972,1.04983,1.50,1.43
2013.01.18 17:24:43.922,1.04975,1.04984,1.50,1.28
2013.01.18 17:24:44.101,1.04975,1.04983,1.50,1.05
2013.01.18 17:24:44.280,1.04977,1.04984,1.13,1.13
2013.01.18 17:24:44.581,1.0498,1.0499,1.65,1.58
2013.01.18 17:24:45.014,1.0498,1.04991,2.63,1.65
2013.01.18 17:24:45.564,1.04977,1.04986,1.73,1.05
2013.01.18 17:24:45.741,1.04977,1.04988,2.25,1.13
2013.01.18 17:24:46.527,1.04978,1.04988,1.50,1.95
2013.01.18 17:24:46.609,1.04974,1.04985,1.13,1.05
2013.01.18 17:24:55.334,1.04974,1.04983,1.13,1.05
2013.01.18 17:25:02.399,1.04974,1.04986,1.13,1.58
2013.01.18 17:25:02.760,1.04974,1.04986,2.63,1.28
2013.01.18 17:25:03.381,1.04974,1.04986,1.88,1.28
2013.01.18 17:25:04.610,1.04974,1.04986,1.13,1.28
2013.01.18 17:25:06.480,1.04974,1.04984,1.13,1.05
2013.01.18 17:25:07.511,1.04974,1.04985,1.13,1.05
2013.01.18 17:25:08.181,1.04974,1.04985,1.13,1.05
2013.01.18 17:25:09.000,1.04974,1.04985,1.13,1.05
2013.01.18 17:25:09.661,1.04974,1.04985,1.88,1.05
2013.01.18 17:25:12.460,1.04974,1.04985,1.13,1.05
2013.01.18 17:25:12.580,1.04974,1.04985,1.88,1.05
2013.01.18 17:25:14.381,1.04974,1.04984,1.50,1.43
2013.01.18 17:25:14.441,1.04972,1.04983,2.25,1.13
2013.01.18 17:25:14.501,1.04972,1.04983,1.50,1.13
2013.01.18 17:25:15.490,1.04971,1.04982,1.50,1.28
2013.01.18 17:25:16.430,1.0497,1.04979,1.50,1.50
2013.01.18 17:25:16.490,1.04971,1.04981,1.50,1.73
2013.01.18 17:25:16.610,1.04971,1.04983,1.50,1.88
2013.01.18 17:25:16.910,1.04974,1.04984,1.13,1.05
2013.01.18 17:25:17.451,1.04974,1.04984,1.13,1.05
2013.01.18 17:25:25.058,1.04974,1.04984,1.13,1.05
2013.01.18 17:25:25.359,1.04973,1.04983,1.50,1.13
2013.01.18 17:25:25.420,1.04971,1.04983,2.25,1.13
2013.01.18 17:25:25.480,1.04971,1.04983,1.50,1.13
2013.01.18 17:25:30.338,1.04971,1.04983,2.25,1.43
2013.01.18 17:25:30.464,1.04973,1.04984,1.65,1.80
2013.01.18 17:25:30.591,1.04979,1.04988,1.65,2.10
2013.01.18 17:25:30.831,1.04974,1.04983,1.50,1.65
2013.01.18 17:25:30.951,1.04973,1.04984,1.88,1.50
2013.01.18 17:25:31.073,1.04973,1.04983,1.88,1.50
2013.01.18 17:25:35.600,1.04972,1.04983,1.88,1.05
2013.01.18 17:25:35.841,1.04972,1.04983,1.13,2.03
2013.01.18 17:25:35.900,1.04971,1.04983,3.00,2.18
2013.01.18 17:25:55.804,1.04972,1.04983,1.50,1.88
2013.01.18 17:25:57.551,1.04972,1.04983,1.50,2.63
2013.01.18 17:26:15.580,1.04972,1.04984,2.25,1.65
2013.01.18 17:26:16.083,1.04972,1.04984,2.25,1.35
2013.01.18 17:26:17.100,1.04972,1.04985,2.25,1.13
2013.01.18 17:26:17.580,1.04975,1.04988,2.40,1.13
2013.01.18 17:26:17.701,1.04976,1.04988,1.50,1.13
2013.01.18 17:26:19.401,1.04977,1.04989,1.13,1.28
2013.01.18 17:26:19.701,1.04979,1.0499,3.38,1.50
2013.01.18 17:26:20.271,1.04979,1.04991,3.38,2.48
2013.01.18 17:26:22.072,1.04981,1.04992,1.50,1.28
2013.01.18 17:26:22.625,1.04981,1.04993,1.50,2.18
2013.01.18 17:26:23.225,1.04981,1.04993,1.50,2.18
2013.01.18 17:26:24.610,1.04983,1.04993,1.50,2.18
2013.01.18 17:26:24.671,1.04984,1.04993,1.73,1.20
2013.01.18 17:26:24.731,1.04986,1.04993,1.50,1.05
2013.01.18 17:26:24.790,1.04987,1.04997,3.75,1.73
2013.01.18 17:26:24.971,1.04989,1.04997,1.50,2.48
2013.01.18 17:26:25.090,1.0499,1.04997,1.13,1.50
2013.01.18 17:26:25.150,1.0499,1.05,1.13,1.88
2013.01.18 17:26:25.710,1.0499,1.05,1.88,1.28
2013.01.18 17:26:26.261,1.0499,1.05,1.13,2.03
2013.01.18 17:26:26.762,1.0499,1.05,1.13,1.73
2013.01.18 17:26:29.017,1.0499,1.05,1.13,1.73
2013.01.18 17:26:29.201,1.04988,1.04997,1.73,1.50
2013.01.18 17:26:29.500,1.04985,1.04995,1.88,1.28
2013.01.18 17:26:30.052,1.04985,1.04995,1.13,1.28
2013.01.18 17:26:31.320,1.04985,1.04995,1.88,1.28
2013.01.18 17:26:34.741,1.04985,1.04996,1.13,1.28
2013.01.18 17:26:37.542,1.04985,1.04997,1.13,2.25
2013.01.18 17:26:38.761,1.04985,1.04994,1.13,1.05
2013.01.18 17:26:45.441,1.04985,1.04993,1.13,1.05
2013.01.18 17:26:45.680,1.04981,1.04992,2.25,1.05
2013.01.18 17:26:45.930,1.04981,1.04992,2.25,1.05
2013.01.18 17:26:45.990,1.04981,1.04992,2.25,1.05
2013.01.18 17:26:46.510,1.04981,1.04992,2.25,1.05
2013.01.18 17:26:48.861,1.04981,1.04992,2.25,1.05
2013.01.18 17:26:49.042,1.04979,1.04989,1.50,5.33
2013.01.18 17:26:49.101,1.04975,1.04989,1.50,5.55
2013.01.18 17:26:49.342,1.0498,1.0499,1.65,1.73
2013.01.18 17:26:49.400,1.0498,1.04992,2.40,1.43
2013.01.18 17:26:50.390,1.04984,1.04992,1.50,1.20
2013.01.18 17:26:50.572,1.04988,1.04997,2.48,2.10
2013.01.18 17:26:50.691,1.04983,1.04995,1.73,1.13
2013.01.18 17:26:50.930,1.04985,1.04996,1.13,2.03
2013.01.18 17:26:51.290,1.04988,1.04998,1.65,1.28
2013.01.18 17:26:51.772,1.04985,1.04996,1.50,1.28
2013.01.18 17:26:52.010,1.04988,1.05,1.50,2.85
2013.01.18 17:26:52.130,1.04989,1.05,1.13,2.85
2013.01.18 17:26:52.669,1.0499,1.05,1.73,1.73
2013.01.18 17:26:53.589,1.0499,1.05,1.73,1.73
2013.01.18 17:26:53.710,1.04991,1.05001,1.50,1.73
2013.01.18 17:26:54.070,1.0499,1.05001,1.73,1.73
2013.01.18 17:26:54.310,1.04988,1.04998,1.50,1.13
2013.01.18 17:26:54.730,1.0499,1.04999,1.50,1.73
2013.01.18 17:26:54.850,1.0499,1.05,1.50,1.50
2013.01.18 17:26:55.531,1.0499,1.05002,2.25,2.03
2013.01.18 17:26:55.831,1.04991,1.05001,1.50,1.73
2013.01.18 17:26:56.363,1.04991,1.05001,1.50,1.73
2013.01.18 17:27:01.430,1.04991,1.05002,1.50,1.28
2013.01.18 17:27:02.410,1.0499,1.05002,3.00,1.28
2013.01.18 17:27:02.892,1.0499,1.05003,1.50,1.88
2013.01.18 17:27:03.416,1.0499,1.05001,1.50,1.28
2013.01.18 17:27:05.541,1.04992,1.05001,1.50,1.28
2013.01.18 17:27:05.781,1.04994,1.05001,1.13,1.05
2013.01.18 17:27:08.392,1.04993,1.05002,1.88,1.05
2013.01.18 17:27:08.452,1.04994,1.05002,2.25,1.05
2013.01.18 17:27:08.811,1.04993,1.05004,2.25,1.13
2013.01.18 17:27:08.871,1.04991,1.05003,2.48,1.13
2013.01.18 17:27:08.930,1.04991,1.05003,1.73,1.13
2013.01.18 17:27:09.682,1.0499,1.05001,1.73,1.73
2013.01.18 17:27:10.220,1.04991,1.05001,1.50,1.95
2013.01.18 17:27:12.581,1.04991,1.05001,1.50,1.20
2013.01.18 17:27:13.134,1.04991,1.05002,1.50,1.35
2013.01.18 17:27:13.260,1.04991,1.05002,1.50,1.35
2013.01.18 17:27:14.550,1.04991,1.05002,1.50,1.35
2013.01.18 17:27:19.020,1.04991,1.05002,2.25,1.13
2013.01.18 17:27:19.140,1.04991,1.05002,2.25,1.13
2013.01.18 17:27:20.880,1.04992,1.05003,1.13,1.20
2013.01.18 17:27:21.061,1.04993,1.05004,1.88,1.20
2013.01.18 17:27:23.470,1.04994,1.05004,1.13,1.20
2013.01.18 17:27:23.651,1.04997,1.05008,1.50,1.73
2013.01.18 17:27:27.751,1.04996,1.05007,1.73,2.55
2013.01.18 17:27:27.810,1.04994,1.05006,1.13,1.73
2013.01.18 17:27:31.052,1.04992,1.05005,1.13,1.28
2013.01.18 17:27:31.300,1.04992,1.05005,1.13,1.28
2013.01.18 17:27:31.697,1.04992,1.05005,1.13,1.28
2013.01.18 17:27:44.980,1.04993,1.05005,1.13,1.13
2013.01.18 17:27:45.620,1.04991,1.05005,1.35,1.13
2013.01.18 17:27:45.681,1.0499,1.05003,3.38,1.80
2013.01.18 17:27:46.273,1.04989,1.05002,2.40,1.13
2013.01.18 17:27:56.252,1.04989,1.05,1.65,1.73
2013.01.18 17:27:56.611,1.04987,1.04997,1.50,1.65
2013.01.18 17:27:56.671,1.04986,1.04997,1.73,2.40
2013.01.18 17:27:56.790,1.04985,1.04994,2.40,1.50
2013.01.18 17:27:57.321,1.04985,1.04993,1.65,2.25
2013.01.18 17:27:58.440,1.04983,1.04992,1.13,1.50
2013.01.18 17:27:58.984,1.04983,1.04992,1.13,1.50
2013.01.18 17:28:00.151,1.0498,1.04992,3.53,1.65
2013.01.18 17:28:00.330,1.04981,1.04991,2.25,1.73
2013.01.18 17:28:04.030,1.04979,1.04991,2.40,1.73
2013.01.18 17:28:09.490,1.04981,1.0499,1.50,1.73
2013.01.18 17:28:14.030,1.04981,1.04989,1.50,1.13
2013.01.18 17:28:33.010,1.04981,1.04991,1.50,1.73
2013.01.18 17:28:34.170,1.04978,1.0499,2.25,1.88
2013.01.18 17:28:34.350,1.04978,1.04989,1.50,1.13
2013.01.18 17:28:46.696,1.04978,1.04991,1.13,2.63
2013.01.18 17:28:46.940,1.0498,1.04991,1.65,1.65
2013.01.18 17:28:54.850,1.0498,1.04992,1.65,2.03
2013.01.18 17:28:55.419,1.0498,1.04991,1.65,1.65
2013.01.18 17:29:03.080,1.0498,1.04991,1.65,1.50
2013.01.18 17:29:13.965,1.0498,1.04991,2.40,1.58
2013.01.18 17:29:38.640,1.0498,1.04991,2.25,1.95
2013.01.18 17:29:39.000,1.04978,1.0499,1.50,2.18
2013.01.18 17:29:39.060,1.04978,1.0499,1.50,2.18
2013.01.18 17:29:41.331,1.04978,1.0499,1.50,2.18
2013.01.18 17:29:41.630,1.0498,1.0499,1.50,1.58
2013.01.18 17:29:45.660,1.0498,1.04989,1.50,1.20
2013.01.18 17:29:45.780,1.04978,1.04989,1.50,1.13
2013.01.18 17:29:46.410,1.04976,1.04987,2.25,1.13
2013.01.18 17:29:51.531,1.04973,1.04987,4.13,2.63
2013.01.18 17:29:52.060,1.04973,1.04984,1.88,1.50
2013.01.18 17:29:54.261,1.04976,1.04987,2.25,1.88
2013.01.18 17:29:54.381,1.04977,1.04987,1.50,1.13
2013.01.18 17:29:54.921,1.04977,1.04989,1.50,2.10
2013.01.18 17:29:55.992,1.04977,1.04989,1.50,2.85
2013.01.18 17:29:58.850,1.04977,1.04989,1.50,2.10
2013.01.18 17:30:01.292,1.04977,1.04989,1.50,2.85
2013.01.18 17:30:01.730,1.04976,1.04987,1.50,1.13
2013.01.18 17:30:02.030,1.04971,1.04983,3.75,1.65
2013.01.18 17:30:02.152,1.04971,1.04982,3.00,1.13
2013.01.18 17:30:02.732,1.04971,1.04981,2.25,1.50
2013.01.18 17:30:04.099,1.04971,1.04982,2.25,1.28
2013.01.18 17:30:04.161,1.04971,1.04982,2.25,1.28
2013.01.18 17:30:10.140,1.04971,1.04982,2.25,1.28
2013.01.18 17:30:11.360,1.04971,1.04982,2.25,2.03
2013.01.18 17:30:11.961,1.04971,1.04982,2.25,1.28
2013.01.18 17:30:12.263,1.04974,1.04981,1.65,1.50
2013.01.18 17:30:12.441,1.04975,1.04985,1.65,1.50
2013.01.18 17:30:12.501,1.04975,1.04985,1.65,1.50
2013.01.18 17:30:13.222,1.04975,1.04985,1.65,1.50
2013.01.18 17:30:16.971,1.04975,1.04984,1.65,1.50
2013.01.18 17:30:17.330,1.04975,1.04985,1.65,2.25
2013.01.18 17:30:17.870,1.04974,1.04984,1.65,2.25
2013.01.18 17:30:24.820,1.04975,1.04985,1.50,1.50
2013.01.18 17:30:26.280,1.04975,1.04986,1.50,1.88
2013.01.18 17:30:30.200,1.04974,1.04984,1.65,1.50
2013.01.18 17:30:46.341,1.04973,1.04983,1.65,1.50
2013.01.18 17:30:47.431,1.04973,1.04983,1.65,2.25
2013.01.18 17:30:51.095,1.04973,1.04982,1.50,1.65
2013.01.18 17:30:51.172,1.04971,1.04981,1.50,1.13
2013.01.18 17:31:12.934,1.04968,1.04979,1.50,1.50
2013.01.18 17:31:13.241,1.04967,1.04973,1.50,1.50
2013.01.18 17:31:13.481,1.04965,1.04973,1.50,1.50
2013.01.18 17:31:13.951,1.04965,1.04973,1.50,1.50
2013.01.18 17:31:14.034,1.04962,1.04973,1.65,1.50
2013.01.18 17:31:14.600,1.04962,1.04973,1.65,2.25
2013.01.18 17:31:16.132,1.04962,1.04973,1.50,2.63
2013.01.18 17:31:16.192,1.04961,1.04973,2.25,2.63
2013.01.18 17:31:16.731,1.0496,1.04972,2.25,1.88
2013.01.18 17:31:20.170,1.04961,1.04972,1.50,1.88
2013.01.18 17:31:21.022,1.0496,1.04972,1.50,1.13
2013.01.18 17:31:24.322,1.0496,1.04972,1.50,2.25
2013.01.18 17:31:28.073,1.0496,1.04972,2.25,2.25
2013.01.18 17:31:28.591,1.0496,1.04972,2.25,1.50
2013.01.18 17:31:29.112,1.0496,1.04973,2.25,1.58
2013.01.18 17:31:31.262,1.04961,1.04973,1.50,1.58
2013.01.18 17:31:32.303,1.04961,1.04973,1.50,1.58
2013.01.18 17:31:32.810,1.04961,1.04973,1.50,1.80
2013.01.18 17:31:33.311,1.04961,1.04972,1.50,1.13
2013.01.18 17:31:33.962,1.04961,1.04971,1.50,1.65
2013.01.18 17:31:34.521,1.04961,1.04971,1.50,1.65
2013.01.18 17:31:35.051,1.0496,1.04971,1.50,2.40
2013.01.18 17:31:35.560,1.0496,1.04971,1.50,1.65
2013.01.18 17:31:41.182,1.04961,1.04972,2.25,1.13
2013.01.18 17:31:43.811,1.04961,1.04973,1.50,2.10
2013.01.18 17:31:46.231,1.0496,1.04973,2.25,1.88
2013.01.18 17:31:46.771,1.0496,1.04973,1.50,1.88
2013.01.18 17:31:47.272,1.0496,1.04972,1.50,1.88
2013.01.18 17:31:50.622,1.04961,1.04972,1.50,1.65
2013.01.18 17:31:55.250,1.04961,1.04972,1.50,1.88
2013.01.18 17:31:55.431,1.04959,1.04969,2.25,1.50
2013.01.18 17:31:55.552,1.04957,1.04967,1.50,1.50
2013.01.18 17:31:55.671,1.04957,1.04968,2.40,1.50
2013.01.18 17:31:55.791,1.0496,1.04972,1.50,2.63
2013.01.18 17:31:57.941,1.0496,1.04972,2.25,1.88
2013.01.18 17:32:02.611,1.0496,1.04972,1.50,1.88
2013.01.18 17:32:07.081,1.0496,1.04972,1.50,1.88
2013.01.18 17:32:07.571,1.0496,1.04972,1.50,1.88
2013.01.18 17:32:09.511,1.0496,1.04972,2.25,1.65
2013.01.18 17:32:17.281,1.04961,1.04974,1.50,2.85
2013.01.18 17:32:18.851,1.04961,1.04973,1.50,1.65
2013.01.18 17:32:22.143,1.04961,1.04971,1.50,1.50
2013.01.18 17:32:32.061,1.04961,1.04971,1.50,1.65
2013.01.18 17:32:34.590,1.04961,1.04971,1.50,1.88
2013.01.18 17:32:35.092,1.04961,1.04971,1.50,1.88
2013.01.18 17:32:35.451,1.04959,1.04969,1.65,1.50
2013.01.18 17:32:35.510,1.04957,1.04969,2.63,1.50
2013.01.18 17:32:40.483,1.04958,1.04971,1.65,1.13
2013.01.18 17:32:41.001,1.04959,1.04971,1.65,1.13
2013.01.18 17:32:43.070,1.04959,1.04971,1.65,1.13
2013.01.18 17:32:43.644,1.04957,1.04971,3.38,1.13
2013.01.18 17:33:09.940,1.04957,1.04972,2.63,1.88
2013.01.18 17:33:10.500,1.0496,1.04972,2.25,1.13
2013.01.18 17:33:22.337,1.04959,1.04972,1.65,1.13
2013.01.18 17:33:22.460,1.04959,1.04972,2.40,1.13
2013.01.18 17:33:26.324,1.0496,1.04973,1.50,1.13
2013.01.18 17:33:26.631,1.04961,1.04975,1.13,2.93
2013.01.18 17:33:26.751,1.04962,1.04975,1.88,1.20
2013.01.18 17:33:27.291,1.04962,1.04975,1.13,1.20
2013.01.18 17:33:45.361,1.04961,1.04974,2.63,1.20
2013.01.18 17:33:49.721,1.04961,1.04972,2.25,1.13
2013.01.18 17:33:50.261,1.04961,1.04972,1.50,1.13
2013.01.18 17:33:50.833,1.04958,1.04971,1.65,1.50
2013.01.18 17:33:58.972,1.0496,1.04972,1.50,1.65
2013.01.18 17:33:59.352,1.04957,1.04971,2.40,1.13
2013.01.18 17:33:59.653,1.04956,1.04963,1.50,1.13
2013.01.18 17:33:59.963,1.04957,1.04965,1.50,2.63
2013.01.18 17:34:00.083,1.04955,1.04962,1.50,1.05
2013.01.18 17:34:00.444,1.0495,1.04961,1.50,1.13
2013.01.18 17:34:04.221,1.04951,1.04962,2.25,1.05
2013.01.18 17:34:04.461,1.04951,1.04963,2.63,1.05
2013.01.18 17:34:05.641,1.04952,1.04963,1.50,1.43
2013.01.18 17:34:06.171,1.0495,1.04963,2.25,1.13
2013.01.18 17:34:07.303,1.04951,1.04964,1.13,1.05
2013.01.18 17:34:07.840,1.04951,1.04964,3.38,1.05
2013.01.18 17:34:16.622,1.04951,1.04962,2.25,1.13
2013.01.18 17:34:17.322,1.0495,1.04961,1.50,1.13
2013.01.18 17:34:26.821,1.0495,1.04962,1.50,2.10
2013.01.18 17:34:26.882,1.04953,1.04962,1.50,1.73
2013.01.18 17:34:26.942,1.04955,1.04962,1.50,1.50
2013.01.18 17:34:27.003,1.04955,1.04965,3.00,1.80
2013.01.18 17:34:27.541,1.04955,1.04967,3.00,2.55
2013.01.18 17:34:28.042,1.04955,1.04967,3.75,1.80
2013.01.18 17:34:30.781,1.04956,1.04966,1.50,1.05
2013.01.18 17:34:31.311,1.04956,1.04966,1.50,1.05
2013.01.18 17:34:31.561,1.04956,1.04966,1.50,1.05
2013.01.18 17:34:32.110,1.04956,1.04966,1.50,1.05
2013.01.18 17:34:32.301,1.04956,1.04966,1.50,1.05
2013.01.18 17:34:32.895,1.04956,1.04966,1.50,1.05
2013.01.18 17:34:36.042,1.04956,1.04967,2.25,1.80
2013.01.18 17:34:40.024,1.04956,1.04966,1.50,1.05
2013.01.18 17:34:40.690,1.04956,1.04966,1.50,1.05
2013.01.18 17:34:43.611,1.04956,1.04966,2.25,1.05
2013.01.18 17:34:48.192,1.04956,1.04967,1.50,2.48
2013.01.18 17:34:48.730,1.04955,1.04967,3.00,2.25
2013.01.18 17:34:49.241,1.04955,1.04967,3.00,2.25
2013.01.18 17:34:49.834,1.04956,1.04967,1.50,1.50
2013.01.18 17:34:50.378,1.04956,1.04967,1.50,1.73
2013.01.18 17:34:50.980,1.04959,1.04968,1.50,1.50
2013.01.18 17:34:51.101,1.04959,1.04969,1.50,1.50
2013.01.18 17:35:01.202,1.04958,1.0497,3.15,1.65
2013.01.18 17:35:01.651,1.04959,1.04971,1.50,1.65
2013.01.18 17:35:02.230,1.04959,1.04972,1.50,2.55
2013.01.18 17:35:07.486,1.04959,1.04971,1.50,1.65
2013.01.18 17:35:08.152,1.0496,1.04972,1.50,1.80
2013.01.18 17:35:09.351,1.04958,1.0497,3.15,1.58
2013.01.18 17:35:10.463,1.0496,1.04972,1.50,2.55
2013.01.18 17:35:21.356,1.04962,1.04972,1.50,2.40
2013.01.18 17:35:21.601,1.04964,1.04975,1.50,1.50
2013.01.18 17:35:21.661,1.04966,1.04973,1.50,1.50
2013.01.18 17:35:21.901,1.04964,1.04976,1.50,2.48
2013.01.18 17:35:21.962,1.04967,1.04978,1.13,2.48
2013.01.18 17:35:22.021,1.04967,1.04978,1.13,1.50
2013.01.18 17:35:22.321,1.04967,1.0498,1.13,3.23
2013.01.18 17:35:22.643,1.04966,1.04979,1.50,1.13
2013.01.18 17:35:23.001,1.04965,1.04975,1.50,1.50
2013.01.18 17:35:23.302,1.04962,1.04975,3.15,1.50
2013.01.18 17:35:23.361,1.04961,1.04974,2.25,1.50
2013.01.18 17:35:27.421,1.04962,1.04974,1.13,3.75
2013.01.18 17:35:27.781,1.04961,1.04973,1.50,1.65
2013.01.18 17:35:28.142,1.04964,1.04974,1.13,1.50
2013.01.18 17:35:28.445,1.04967,1.04976,1.13,1.50
2013.01.18 17:35:28.512,1.04967,1.04978,1.13,2.25
2013.01.18 17:35:28.571,1.04967,1.04979,1.88,1.50
2013.01.18 17:36:06.042,1.04968,1.04982,1.65,1.65
2013.01.18 17:36:14.011,1.04971,1.04982,1.50,2.40
2013.01.18 17:36:18.352,1.04972,1.04985,1.50,2.48
2013.01.18 17:36:18.771,1.0498,1.04989,1.50,2.78
2013.01.18 17:36:18.832,1.0498,1.04989,1.50,2.78
2013.01.18 17:36:19.381,1.04981,1.04989,1.88,1.50
2013.01.18 17:36:19.632,1.04981,1.04992,1.88,8.03
2013.01.18 17:36:21.690,1.04981,1.04992,1.50,1.65
2013.01.18 17:36:22.232,1.04981,1.04992,1.50,1.88
2013.01.18 17:36:22.761,1.0498,1.04992,1.50,2.63
2013.01.18 17:36:24.653,1.0498,1.04992,2.25,1.88
2013.01.18 17:36:24.961,1.04982,1.04994,1.13,2.25
2013.01.18 17:36:26.541,1.04982,1.04994,1.13,2.25
2013.01.18 17:36:27.213,1.04981,1.04991,1.50,1.50
2013.01.18 17:36:27.393,1.04979,1.04991,2.25,1.73
2013.01.18 17:36:28.231,1.0498,1.04991,1.50,1.73
2013.01.18 17:36:28.781,1.0498,1.0499,1.50,1.50
2013.01.18 17:36:31.153,1.04977,1.0499,4.65,1.50
2013.01.18 17:36:31.707,1.04977,1.04989,1.65,1.50
2013.01.18 17:36:42.891,1.04977,1.04988,1.65,1.13
2013.01.18 17:36:43.531,1.04977,1.04987,1.65,1.05
2013.01.18 17:36:44.061,1.04977,1.04988,2.40,1.13
2013.01.18 17:36:44.851,1.04977,1.04989,1.88,1.50
2013.01.18 17:36:45.461,1.04975,1.04989,1.50,2.63
2013.01.18 17:36:45.581,1.04975,1.04989,1.50,1.88
2013.01.18 17:36:46.042,1.04973,1.04986,2.40,1.50
2013.01.18 17:36:46.581,1.04974,1.04986,1.50,1.50
2013.01.18 17:36:47.212,1.04974,1.04986,1.50,1.50
2013.01.18 17:36:47.333,1.04975,1.04987,1.50,1.65
2013.01.18 17:36:47.392,1.04976,1.04988,1.88,1.50
2013.01.18 17:36:48.330,1.04979,1.04991,1.50,1.50
2013.01.18 17:36:49.132,1.0498,1.04992,1.88,2.25
2013.01.18 17:36:49.253,1.04981,1.04992,1.13,1.50
2013.01.18 17:36:57.241,1.0498,1.04992,3.38,1.50
2013.01.18 17:36:57.421,1.0498,1.0499,2.25,1.50
2013.01.18 17:36:57.963,1.0498,1.04993,1.50,1.65
2013.01.18 17:37:00.081,1.0498,1.04993,1.50,1.65
2013.01.18 17:37:00.201,1.04981,1.04993,1.88,1.50
2013.01.18 17:37:00.743,1.04981,1.04994,1.13,1.50
2013.01.18 17:37:02.732,1.04981,1.04993,1.13,1.50
2013.01.18 17:37:04.162,1.04983,1.04995,2.40,1.50
2013.01.18 17:37:04.702,1.04982,1.04994,1.13,1.50
2013.01.18 17:37:05.005,1.04981,1.04993,3.38,1.50
2013.01.18 17:37:09.173,1.04982,1.04994,1.13,1.50
2013.01.18 17:37:12.401,1.04982,1.04993,1.13,1.50
2013.01.18 17:37:14.285,1.04979,1.04994,2.25,1.88
2013.01.18 17:37:15.981,1.04977,1.04991,3.90,1.50
2013.01.18 17:37:16.042,1.04977,1.0499,3.90,1.50
2013.01.18 17:37:16.281,1.04977,1.04991,3.90,1.50
2013.01.18 17:37:18.281,1.04977,1.0499,3.90,1.50
2013.01.18 17:37:20.012,1.04977,1.04991,3.38,1.65
2013.01.18 17:37:20.072,1.04977,1.04991,4.13,1.65
2013.01.18 17:37:21.272,1.04978,1.0499,2.40,1.50
2013.01.18 17:37:21.392,1.04978,1.0499,1.65,1.50
2013.01.18 17:37:21.941,1.04977,1.04989,1.13,1.50
2013.01.18 17:37:22.519,1.04977,1.04989,1.88,1.50
2013.01.18 17:37:31.521,1.04978,1.0499,1.65,1.50
2013.01.18 17:37:32.803,1.04981,1.04993,1.13,1.50
2013.01.18 17:37:37.171,1.04981,1.04993,1.88,1.50
2013.01.18 17:37:45.183,1.0498,1.04993,2.25,1.65
2013.01.18 17:37:45.542,1.04979,1.04991,1.50,1.50
2013.01.18 17:37:46.771,1.0498,1.04991,1.50,2.25
2013.01.18 17:37:47.272,1.04979,1.04991,1.50,2.25
2013.01.18 17:37:47.336,1.04979,1.04991,1.50,2.25
2013.01.18 17:37:48.833,1.0498,1.04991,1.50,1.50
2013.01.18 17:37:49.252,1.04981,1.04993,1.13,1.50
2013.01.18 17:37:49.930,1.04981,1.04994,1.13,1.50
2013.01.18 17:38:07.462,1.04982,1.04994,1.13,1.50
2013.01.18 17:38:08.001,1.04981,1.04994,1.13,1.50
2013.01.18 17:38:14.691,1.04979,1.04993,2.40,1.13
2013.01.18 17:38:15.232,1.04981,1.04993,1.13,2.25
2013.01.18 17:38:15.822,1.04981,1.04993,2.63,1.50
2013.01.18 17:38:17.451,1.04981,1.04993,1.13,1.50
2013.01.18 17:38:18.183,1.0498,1.04992,1.50,1.65
2013.01.18 17:38:18.242,1.04979,1.04992,3.15,1.65
2013.01.18 17:38:19.531,1.04978,1.04989,1.65,1.50
2013.01.18 17:38:21.591,1.04977,1.04991,1.88,1.65
2013.01.18 17:38:23.161,1.04977,1.04991,1.13,1.65
2013.01.18 17:38:23.221,1.04976,1.04988,1.50,1.13
2013.01.18 17:38:23.761,1.04976,1.04988,1.50,1.13
2013.01.18 17:38:25.768,1.04977,1.04989,1.65,1.50
2013.01.18 17:38:26.272,1.04978,1.0499,1.65,1.50
2013.01.18 17:38:26.812,1.04977,1.0499,1.65,1.50
2013.01.18 17:38:31.406,1.04976,1.04989,1.50,1.13
2013.01.18 17:38:31.474,1.04975,1.04989,3.00,1.13
2013.01.18 17:38:31.938,1.04975,1.04989,1.50,1.13
2013.01.18 17:38:35.172,1.04975,1.04989,1.50,1.13
2013.01.18 17:38:35.712,1.04976,1.04987,1.13,1.50
2013.01.18 17:38:37.341,1.04977,1.04989,2.40,1.50
2013.01.18 17:38:37.469,1.04976,1.04988,1.50,1.13
2013.01.18 17:38:37.772,1.04972,1.04984,1.88,1.50
2013.01.18 17:38:44.852,1.04974,1.04986,2.40,1.65
2013.01.18 17:38:44.912,1.04974,1.04986,2.40,1.65
2013.01.18 17:38:44.972,1.04977,1.04987,1.50,1.65
2013.01.18 17:38:45.331,1.04981,1.04989,1.13,1.50
2013.01.18 17:38:45.751,1.04981,1.04991,1.13,3.38
2013.01.18 17:38:46.192,1.0498,1.04991,1.50,1.65
2013.01.18 17:38:47.188,1.0498,1.04992,1.50,1.65
2013.01.18 17:38:48.711,1.04978,1.04991,1.65,1.65
2013.01.18 17:38:48.893,1.04978,1.04991,1.65,1.65
2013.01.18 17:38:52.121,1.04979,1.04991,2.40,1.65
2013.01.18 17:38:52.371,1.04979,1.04992,6.90,1.65
2013.01.18 17:38:52.492,1.04981,1.04992,1.13,1.50
2013.01.18 17:38:59.071,1.0498,1.04992,1.50,1.65
2013.01.18 17:38:59.191,1.04979,1.04992,1.50,2.40
2013.01.18 17:38:59.741,1.04979,1.04991,2.25,1.50
2013.01.18 17:38:59.942,1.04979,1.04991,1.50,2.25
2013.01.18 17:39:00.484,1.04978,1.04989,1.65,2.25
2013.01.18 17:39:01.002,1.04982,1.04989,1.65,1.50
2013.01.18 17:39:01.121,1.04986,1.04994,1.50,1.69
2013.01.18 17:39:01.184,1.04986,1.04995,4.13,2.67
2013.01.18 17:39:01.313,1.04988,1.04996,1.28,2.48
2013.01.18 17:39:01.372,1.04991,1.04998,1.50,1.50
2013.01.18 17:39:01.731,1.04993,1.05001,1.65,3.75
2013.01.18 17:39:01.912,1.04993,1.05005,1.65,2.25
2013.01.18 17:39:02.454,1.04993,1.05005,1.65,2.25
2013.01.18 17:39:04.731,1.04994,1.05006,1.65,1.65
2013.01.18 17:39:05.292,1.04993,1.05005,1.65,1.50
2013.01.18 17:39:05.892,1.04993,1.05005,1.65,1.50
2013.01.18 17:39:09.904,1.04993,1.05006,2.40,2.40
2013.01.18 17:39:10.081,1.04993,1.05006,1.65,2.40
2013.01.18 17:39:10.651,1.04993,1.05003,1.50,1.13
2013.01.18 17:39:11.175,1.0499,1.05002,1.50,1.65
2013.01.18 17:39:12.003,1.04992,1.05003,1.13,1.50
2013.01.18 17:39:12.442,1.04995,1.05006,1.50,1.50
2013.01.18 17:39:12.562,1.04995,1.05007,1.50,1.50
2013.01.18 17:39:13.102,1.04996,1.05008,1.88,1.50
2013.01.18 17:39:13.447,1.04996,1.05008,1.50,1.50
2013.01.18 17:39:13.753,1.04994,1.05006,3.00,1.50
2013.01.18 17:39:14.232,1.04996,1.05008,1.50,3.00
2013.01.18 17:39:14.798,1.04997,1.05007,1.50,1.50
2013.01.18 17:39:15.622,1.04997,1.05008,1.50,1.50
2013.01.18 17:39:16.182,1.04993,1.05006,3.53,1.50
2013.01.18 17:39:16.362,1.04993,1.05005,2.40,1.50
2013.01.18 17:39:19.302,1.04993,1.05005,1.65,1.50
2013.01.18 17:39:19.721,1.04994,1.05003,2.25,1.50
2013.01.18 17:39:19.901,1.04997,1.05009,1.50,3.00
2013.01.18 17:39:20.881,1.04997,1.05009,1.50,2.25
2013.01.18 17:39:21.432,1.04995,1.05005,1.50,1.50
2013.01.18 17:39:21.493,1.04992,1.05004,2.78,1.50
2013.01.18 17:39:21.851,1.04995,1.05009,1.50,3.75
2013.01.18 17:39:22.151,1.04995,1.05007,1.50,1.50
2013.01.18 17:39:24.341,1.04995,1.05007,2.25,1.50
2013.01.18 17:39:25.252,1.04996,1.05007,1.50,1.50
2013.01.18 17:39:25.795,1.04996,1.05007,1.50,1.50
2013.01.18 17:39:26.624,1.04994,1.05008,3.75,2.25
2013.01.18 17:39:26.861,1.04992,1.05004,1.13,1.50
2013.01.18 17:39:27.171,1.04994,1.05004,2.25,1.50
2013.01.18 17:39:27.292,1.04992,1.05002,1.13,1.65
2013.01.18 17:39:27.351,1.04989,1.05002,1.88,1.65
2013.01.18 17:39:27.412,1.0499,1.05002,2.48,1.65
2013.01.18 17:39:27.591,1.04994,1.05007,2.25,4.50
2013.01.18 17:39:27.712,1.04992,1.05004,1.88,1.88
2013.01.18 17:39:27.786,1.04992,1.05004,1.50,2.63
2013.01.18 17:39:28.092,1.04995,1.05007,1.50,1.50
2013.01.18 17:39:29.272,1.04995,1.05008,1.50,1.50
2013.01.18 17:39:30.291,1.04996,1.05008,1.50,1.50
2013.01.18 17:39:30.541,1.04998,1.05009,1.65,2.25
2013.01.18 17:39:33.155,1.04999,1.05011,1.65,1.65
2013.01.18 17:39:35.681,1.04999,1.05011,3.15,1.65
2013.01.18 17:39:47.621,1.04999,1.05009,1.65,1.50
2013.01.18 17:39:47.741,1.04997,1.05007,1.20,2.40
2013.01.18 17:39:48.181,1.04994,1.05004,1.50,1.50
2013.01.18 17:39:48.706,1.04992,1.05004,6.15,1.50
2013.01.18 17:39:50.301,1.04991,1.05004,1.88,1.50
2013.01.18 17:39:52.255,1.04991,1.05004,2.63,1.50
2013.01.18 17:39:53.344,1.04991,1.05004,2.25,1.88
2013.01.18 17:39:53.712,1.04988,1.04999,3.19,1.13
2013.01.18 17:39:54.250,1.04988,1.04999,1.50,1.13
2013.01.18 17:39:54.932,1.04988,1.05001,1.65,1.13
2013.01.18 17:39:55.051,1.04988,1.05002,2.40,1.65
2013.01.18 17:39:56.481,1.04988,1.05002,2.40,1.65
2013.01.18 17:40:08.885,1.04988,1.05002,1.65,1.65
2013.01.18 17:40:10.107,1.04989,1.05002,1.65,1.65
2013.01.18 17:40:16.132,1.04988,1.05,1.65,2.25
2013.01.18 17:40:16.191,1.04987,1.04999,3.00,1.13
2013.01.18 17:40:26.421,1.04987,1.05001,1.13,3.53
2013.01.18 17:40:27.008,1.04989,1.05002,2.40,1.65
2013.01.18 17:40:28.911,1.04989,1.05001,1.65,1.65
2013.01.18 17:40:32.164,1.04986,1.05,1.50,1.50
2013.01.18 17:40:32.472,1.04982,1.04995,1.88,1.50
2013.01.18 17:40:32.775,1.0498,1.04991,1.13,1.73
2013.01.18 17:40:33.322,1.04976,1.04988,1.50,1.88
2013.01.18 17:40:34.353,1.04976,1.04988,2.25,1.88
2013.01.18 17:40:34.413,1.04979,1.04991,1.50,3.38
2013.01.18 17:40:34.953,1.04979,1.04991,1.50,1.50
2013.01.18 17:40:35.841,1.04979,1.04993,1.50,3.15
2013.01.18 17:40:40.982,1.04979,1.04991,1.50,1.50
2013.01.18 17:40:41.542,1.0498,1.04993,3.00,1.65
2013.01.18 17:40:43.390,1.0498,1.04993,1.50,2.40
2013.01.18 17:40:43.941,1.04979,1.04993,2.25,2.40
2013.01.18 17:40:47.554,1.0498,1.04993,1.50,2.40
2013.01.18 17:40:48.041,1.0498,1.04993,1.50,2.40
2013.01.18 17:40:53.742,1.0498,1.04993,1.50,2.40
2013.01.18 17:40:57.507,1.0498,1.04993,1.50,1.65
2013.01.18 17:41:00.703,1.0498,1.04992,1.50,1.65
2013.01.18 17:41:01.061,1.0498,1.04992,2.25,1.65
2013.01.18 17:41:02.122,1.0498,1.04992,1.50,1.65
2013.01.18 17:41:13.572,1.04979,1.04992,1.65,1.65
2013.01.18 17:41:24.623,1.0498,1.04992,1.95,1.65
2013.01.18 17:41:25.062,1.0498,1.04993,3.00,1.13
2013.01.18 17:41:25.705,1.04982,1.04994,2.40,1.50
2013.01.18 17:41:25.777,1.04985,1.04998,1.50,2.40
2013.01.18 17:41:26.283,1.04985,1.04999,2.25,1.88
2013.01.18 17:41:26.823,1.04987,1.04999,1.50,1.13
2013.01.18 17:41:34.093,1.04987,1.04999,2.25,1.88
2013.01.18 17:41:41.831,1.04987,1.04998,2.25,1.13
2013.01.18 17:41:42.862,1.04987,1.04999,2.63,1.50
2013.01.18 17:41:43.042,1.04988,1.05,1.65,1.50
2013.01.18 17:41:43.582,1.0499,1.05003,1.50,1.88
2013.01.18 17:42:00.664,1.0499,1.05003,1.50,2.63
2013.01.18 17:42:07.643,1.04989,1.05002,1.65,1.65
2013.01.18 17:42:07.702,1.04989,1.04999,1.50,1.13
2013.01.18 17:42:08.462,1.04987,1.04999,2.25,1.13
2013.01.18 17:42:10.324,1.04985,1.04999,1.50,1.13
2013.01.18 17:42:10.394,1.04985,1.04998,1.50,1.65
2013.01.18 17:42:23.083,1.04984,1.04997,2.25,1.65
2013.01.18 17:42:23.443,1.04981,1.04996,1.13,2.25
2013.01.18 17:42:23.503,1.0498,1.04993,2.25,1.13
2013.01.18 17:42:23.683,1.0498,1.04992,1.50,1.65
2013.01.18 17:42:26.291,1.04979,1.04993,1.65,1.88
2013.01.18 17:42:28.263,1.04978,1.04993,3.15,1.88
2013.01.18 17:42:32.522,1.04977,1.04989,1.95,1.13
2013.01.18 17:42:33.072,1.04975,1.04988,2.25,1.13
2013.01.18 17:42:37.671,1.04975,1.04988,2.25,1.13
2013.01.18 17:42:39.082,1.04977,1.04988,1.50,1.13
2013.01.18 17:42:39.622,1.04978,1.04988,1.50,1.13
2013.01.18 17:42:41.313,1.04978,1.04989,1.50,1.13
2013.01.18 17:42:41.432,1.04978,1.0499,1.65,2.25
2013.01.18 17:42:46.921,1.04979,1.04992,1.20,1.65
2013.01.18 17:42:57.911,1.04979,1.04994,1.95,1.28
2013.01.18 17:42:58.462,1.0498,1.04995,1.13,1.65
2013.01.18 17:43:12.493,1.04979,1.04993,2.40,1.88
2013.01.18 17:43:15.151,1.0498,1.04993,1.20,1.95
2013.01.18 17:43:24.701,1.0498,1.04992,1.20,1.05
2013.01.18 17:43:25.222,1.04979,1.04991,1.65,1.05
2013.01.18 17:43:26.811,1.04979,1.04991,1.65,1.05
2013.01.18 17:43:27.532,1.04979,1.04991,2.40,1.05
2013.01.18 17:43:33.162,1.04979,1.04991,3.15,1.73
2013.01.18 17:43:33.901,1.04979,1.04993,1.65,1.88
2013.01.18 17:43:34.222,1.04978,1.04993,3.90,1.20
2013.01.18 17:43:34.342,1.04979,1.04993,1.65,1.13
2013.01.18 17:43:34.402,1.0498,1.04995,1.73,1.50
2013.01.18 17:43:34.762,1.04984,1.04997,1.69,1.65
2013.01.18 17:43:35.001,1.04984,1.04997,2.07,1.05
2013.01.18 17:43:35.062,1.04983,1.04998,1.80,1.88
2013.01.18 17:43:35.433,1.04983,1.04999,3.75,1.88
2013.01.18 17:43:35.552,1.04983,1.04999,3.83,1.13
2013.01.18 17:43:35.672,1.04983,1.04999,3.83,1.13
2013.01.18 17:43:35.972,1.04984,1.05,1.50,3.00
2013.01.18 17:43:36.529,1.04989,1.05001,1.50,1.50
2013.01.18 17:43:37.162,1.04989,1.05003,2.25,1.65
2013.01.18 17:43:40.092,1.04988,1.05,1.43,1.13
2013.01.18 17:43:46.821,1.04989,1.05001,1.50,1.50
2013.01.18 17:43:55.411,1.0499,1.05,1.05,1.50
2013.01.18 17:43:57.032,1.0499,1.05,1.05,1.50
2013.01.18 17:43:57.782,1.04989,1.05002,1.95,1.65
2013.01.18 17:44:06.812,1.04989,1.05002,1.20,1.65
2013.01.18 17:44:07.111,1.04989,1.05002,2.40,1.65
2013.01.18 17:44:07.291,1.04988,1.05001,2.40,1.65
2013.01.18 17:44:07.841,1.04988,1.05002,1.50,1.65
2013.01.18 17:44:26.942,1.0499,1.05002,1.05,1.65
2013.01.18 17:44:46.761,1.04989,1.05002,1.65,1.65
2013.01.18 17:44:46.941,1.04989,1.05002,1.65,1.65
2013.01.18 17:45:01.401,1.04989,1.05003,1.80,1.65
2013.01.18 17:45:04.962,1.04988,1.05001,1.65,1.50
2013.01.18 17:45:06.951,1.0499,1.05003,1.05,1.65
2013.01.18 17:45:09.671,1.04988,1.05003,1.65,1.65
2013.01.18 17:45:13.332,1.0499,1.05004,1.05,1.88
2013.01.18 17:45:25.661,1.04991,1.05003,1.88,1.50
2013.01.18 17:45:26.082,1.04991,1.05006,1.65,2.25
2013.01.18 17:45:26.835,1.04991,1.05006,2.18,2.25
2013.01.18 17:45:34.472,1.04992,1.05006,1.65,2.25
2013.01.18 17:45:35.736,1.04994,1.05009,6.23,1.50
2013.01.18 17:45:35.852,1.04995,1.05009,3.00,1.50
2013.01.18 17:45:36.092,1.04996,1.05011,2.48,1.50
2013.01.18 17:45:36.663,1.04997,1.05012,2.07,1.65
2013.01.18 17:45:36.842,1.04998,1.05013,1.65,1.65
2013.01.18 17:45:37.382,1.05,1.05014,1.50,1.50
2013.01.18 17:45:37.972,1.05,1.05014,2.93,1.50
2013.01.18 17:45:54.862,1.05,1.05015,1.43,1.50
2013.01.18 17:45:54.922,1.05,1.05013,1.05,1.88
2013.01.18 17:45:55.043,1.05,1.05013,1.05,2.40
2013.01.18 17:45:55.103,1.04999,1.05011,1.88,1.50
2013.01.18 17:45:55.224,1.04999,1.0501,1.80,1.28
2013.01.18 17:45:55.584,1.04995,1.05007,1.28,1.65
2013.01.18 17:45:55.704,1.04994,1.05007,1.50,1.65
2013.01.18 17:45:55.883,1.04993,1.05007,5.59,1.65
2013.01.18 17:45:56.423,1.04993,1.05002,1.65,1.50
2013.01.18 17:46:05.652,1.04991,1.05003,2.63,1.50
2013.01.18 17:46:07.352,1.04991,1.05003,1.13,1.50
2013.01.18 17:46:18.208,1.04991,1.05003,1.13,1.50
2013.01.18 17:46:33.942,1.04989,1.05003,2.03,1.88
2013.01.18 17:46:35.325,1.04989,1.05003,1.65,1.88
2013.01.18 17:46:35.854,1.04991,1.05003,1.88,1.50
2013.01.18 17:46:40.043,1.04991,1.05004,1.88,1.50
2013.01.18 17:46:54.932,1.04991,1.05003,1.88,1.50
2013.01.18 17:47:17.892,1.04994,1.05007,1.65,1.65
2013.01.18 17:47:18.394,1.04994,1.05008,4.65,2.25
2013.01.18 17:47:22.322,1.04995,1.05008,3.00,2.25
2013.01.18 17:47:22.862,1.04995,1.05008,1.50,1.50
2013.01.18 17:47:25.852,1.04996,1.05009,1.88,1.50
2013.01.18 17:47:26.572,1.04997,1.0501,1.65,1.50
2013.01.18 17:47:27.122,1.04999,1.05011,1.50,1.50
2013.01.18 17:47:39.555,1.04998,1.05012,1.65,1.65
2013.01.18 17:47:41.062,1.04998,1.05012,1.65,1.65
2013.01.18 17:47:45.201,1.04997,1.05012,2.40,1.65
2013.01.18 17:47:45.833,1.04998,1.05012,1.65,1.65
2013.01.18 17:47:46.012,1.04998,1.05012,1.65,1.65
2013.01.18 17:47:46.841,1.04998,1.05012,1.65,1.65
2013.01.18 17:47:51.175,1.04998,1.05011,1.65,1.50
2013.01.18 17:47:51.763,1.04997,1.05012,1.65,1.65
2013.01.18 17:47:53.912,1.04997,1.05011,1.65,1.50
2013.01.18 17:47:58.081,1.04998,1.05011,1.65,1.50
2013.01.18 17:48:06.672,1.04998,1.0501,1.50,1.13
2013.01.18 17:48:07.092,1.04996,1.05008,1.50,1.13
2013.01.18 17:48:12.312,1.04996,1.05009,1.13,1.50
2013.01.18 17:48:16.442,1.04999,1.05013,1.50,2.40
2013.01.18 17:48:23.953,1.04999,1.05012,1.50,2.40
2013.01.18 17:48:26.073,1.04999,1.05012,1.50,3.15
2013.01.18 17:48:26.872,1.04998,1.0501,1.65,1.50
2013.01.18 17:48:29.872,1.04998,1.05012,1.65,1.65
2013.01.18 17:48:29.996,1.04999,1.05013,2.40,1.88
2013.01.18 17:48:30.123,1.04999,1.05013,3.15,1.88
2013.01.18 17:48:30.632,1.04999,1.05013,3.15,1.88
2013.01.18 17:48:35.496,1.05,1.05012,2.25,1.65
2013.01.18 17:48:37.513,1.05002,1.05012,1.50,1.65
2013.01.18 17:48:44.902,1.05,1.05011,1.50,1.65
2013.01.18 17:48:48.134,1.05,1.05014,1.50,3.38
2013.01.18 17:48:51.272,1.05,1.05013,1.28,1.13
2013.01.18 17:48:51.812,1.05,1.05012,1.28,1.13
2013.01.18 17:48:52.582,1.05,1.05012,2.03,1.13
2013.01.18 17:48:53.171,1.05,1.05013,2.03,1.88
2013.01.18 17:49:00.671,1.05,1.05013,1.28,1.88
2013.01.18 17:49:05.882,1.05,1.05012,2.25,1.13
2013.01.18 17:49:06.242,1.05003,1.05014,1.65,1.50
2013.01.18 17:49:06.302,1.05003,1.05017,1.65,1.13
2013.01.18 17:49:06.822,1.05003,1.05018,1.65,3.15
2013.01.18 17:49:07.386,1.05003,1.05018,2.40,3.15
2013.01.18 17:49:26.841,1.05003,1.05016,2.18,1.50
2013.01.18 17:49:27.252,1.05004,1.05018,1.05,1.65
2013.01.18 17:49:36.952,1.05004,1.05019,1.28,4.50
2013.01.18 17:49:37.252,1.05007,1.05018,1.05,1.88
2013.01.18 17:49:38.172,1.05005,1.05018,2.03,1.65
2013.01.18 17:49:38.232,1.05005,1.05018,1.88,1.65
2013.01.18 17:49:38.352,1.05007,1.05019,1.13,1.13
2013.01.18 17:49:38.412,1.05006,1.05019,2.25,1.13
2013.01.18 17:49:38.722,1.05007,1.05021,1.88,4.28
2013.01.18 17:49:39.322,1.05009,1.05022,1.65,2.40
2013.01.18 17:49:39.852,1.05009,1.05021,1.65,1.65
2013.01.18 17:49:43.402,1.05008,1.05021,1.65,1.65
2013.01.18 17:49:44.102,1.05007,1.05021,1.88,1.65
2013.01.18 17:49:46.861,1.05007,1.05021,1.13,2.63
2013.01.18 17:49:47.281,1.05007,1.05019,1.13,1.50
2013.01.18 17:49:48.032,1.05007,1.05019,1.13,1.50
2013.01.18 17:49:48.922,1.05007,1.05019,1.13,1.50
2013.01.18 17:49:51.292,1.05007,1.05019,1.13,1.50
2013.01.18 17:49:55.343,1.05006,1.05019,2.63,1.50
2013.01.18 17:49:55.852,1.05006,1.05019,1.88,1.50
2013.01.18 17:49:56.439,1.05006,1.05019,2.63,1.50
2013.01.18 17:50:00.273,1.05007,1.05019,1.50,1.50
2013.01.18 17:50:00.633,1.05006,1.05017,1.50,1.50
2013.01.18 17:50:00.756,1.05004,1.05017,1.43,1.50
2013.01.18 17:50:01.732,1.05004,1.05017,2.25,1.88
2013.01.18 17:50:02.436,1.05005,1.05017,1.50,1.88
2013.01.18 17:50:02.515,1.05006,1.05019,1.88,1.73
2013.01.18 17:50:02.643,1.05009,1.05021,1.50,1.50
2013.01.18 17:50:03.332,1.05008,1.05021,1.65,2.25
2013.01.18 17:50:03.953,1.05008,1.0502,1.65,1.50
2013.01.18 17:50:04.442,1.05007,1.0502,1.65,1.50
2013.01.18 17:50:04.502,1.05007,1.0502,1.65,1.50
2013.01.18 17:50:10.432,1.05007,1.0502,1.65,1.50
2013.01.18 17:50:10.972,1.05007,1.05019,1.65,1.50
2013.01.18 17:50:13.303,1.05007,1.05019,1.65,1.50
2013.01.18 17:50:22.651,1.05007,1.05019,1.50,1.50
2013.01.18 17:50:23.131,1.05004,1.05018,1.65,1.88
2013.01.18 17:50:30.303,1.05003,1.05016,2.40,1.88
2013.01.18 17:50:30.363,1.05002,1.05015,1.88,1.50
2013.01.18 17:50:30.664,1.05001,1.05013,2.63,1.50
2013.01.18 17:50:31.173,1.05002,1.05013,1.13,1.50
2013.01.18 17:50:40.132,1.05002,1.05014,1.88,1.50
2013.01.18 17:50:40.252,1.05002,1.05016,1.13,2.63
2013.01.18 17:50:43.232,1.05002,1.05015,1.88,1.50
2013.01.18 17:50:45.514,1.05004,1.05016,1.65,2.63
2013.01.18 17:50:46.022,1.05004,1.05016,1.65,1.13
2013.01.18 17:50:46.563,1.05002,1.05016,1.88,1.88
2013.01.18 17:50:47.602,1.05003,1.05016,1.65,1.13
2013.01.18 17:50:51.143,1.05007,1.05019,1.50,3.68
2013.01.18 17:50:51.622,1.05009,1.0502,1.50,1.50
2013.01.18 17:50:54.102,1.05007,1.05021,2.40,1.50
2013.01.18 17:50:54.602,1.05007,1.05021,2.40,1.50
2013.01.18 17:50:55.372,1.05009,1.05022,1.50,2.63
2013.01.18 17:50:56.172,1.05008,1.05022,1.65,2.63
2013.01.18 17:50:56.712,1.05008,1.05022,1.65,2.63
2013.01.18 17:50:58.403,1.05008,1.05022,1.65,2.63
2013.01.18 17:50:58.712,1.05007,1.0502,1.65,1.50
2013.01.18 17:50:59.363,1.05008,1.05021,2.40,1.50
2013.01.18 17:50:59.487,1.0501,1.05023,1.88,1.73
2013.01.18 17:50:59.733,1.0501,1.05022,3.00,1.50
2013.01.18 17:51:02.652,1.0501,1.05022,3.00,1.50
2013.01.18 17:51:14.198,1.0501,1.05022,2.25,1.50
2013.01.18 17:51:17.484,1.0501,1.05021,2.40,1.50
2013.01.18 17:51:19.097,1.05011,1.05022,1.50,1.65
2013.01.18 17:51:19.624,1.05011,1.05023,1.50,1.88
2013.01.18 17:51:19.765,1.05011,1.05023,1.50,1.88
2013.01.18 17:51:21.616,1.05011,1.05023,1.50,1.88
2013.01.18 17:51:23.876,1.05011,1.05023,1.50,1.88
2013.01.18 17:51:24.882,1.05011,1.05023,1.50,1.88
2013.01.18 17:51:26.296,1.05011,1.05023,1.50,1.88
2013.01.18 17:51:27.552,1.05012,1.05023,1.50,1.88
2013.01.18 17:51:28.782,1.05011,1.05022,1.50,1.65
2013.01.18 17:51:28.962,1.05011,1.05023,1.50,1.88
2013.01.18 17:51:29.486,1.05011,1.05023,1.50,1.88
2013.01.18 17:51:29.783,1.05011,1.05023,1.50,1.88
2013.01.18 17:51:31.234,1.0501,1.05023,1.65,2.63
2013.01.18 17:51:31.712,1.05011,1.05021,1.50,1.13
2013.01.18 17:51:31.953,1.05011,1.05021,1.50,1.13
2013.01.18 17:51:32.462,1.05011,1.05021,1.50,1.13
2013.01.18 17:51:32.987,1.05011,1.05021,1.50,1.88
2013.01.18 17:51:33.513,1.05011,1.05022,1.50,1.88
2013.01.18 17:51:34.842,1.05009,1.05023,3.00,1.58
2013.01.18 17:51:35.343,1.05009,1.05022,4.50,1.50
2013.01.18 17:51:37.094,1.0501,1.05023,1.50,3.00
2013.01.18 17:51:38.343,1.0501,1.05023,1.50,3.00
2013.01.18 17:51:39.308,1.05009,1.05021,3.00,1.50
2013.01.18 17:51:42.143,1.0501,1.05022,1.50,2.25
2013.01.18 17:51:43.013,1.05009,1.05022,3.00,2.25
2013.01.18 17:51:44.672,1.05009,1.05022,2.48,2.25
2013.01.18 17:51:44.944,1.05015,1.05024,2.25,1.13
2013.01.18 17:51:45.303,1.05019,1.0503,2.25,1.13
2013.01.18 17:51:45.363,1.05019,1.05033,2.25,2.25
2013.01.18 17:51:45.902,1.05019,1.05032,2.48,1.50
2013.01.18 17:51:46.203,1.05019,1.0503,1.50,1.88
2013.01.18 17:51:47.123,1.05019,1.05029,1.50,1.13
2013.01.18 17:51:48.283,1.05019,1.0503,1.50,1.13
2013.01.18 17:51:48.953,1.05019,1.0503,1.50,1.13
2013.01.18 17:51:51.282,1.05019,1.0503,1.50,1.88
2013.01.18 17:51:53.403,1.0502,1.0503,1.13,1.13
2013.01.18 17:51:53.462,1.05021,1.05034,1.13,2.40
2013.01.18 17:51:53.702,1.05021,1.05034,1.50,2.03
2013.01.18 17:51:54.403,1.05021,1.05034,1.50,2.03
2013.01.18 17:51:58.263,1.05025,1.05034,1.50,1.13
2013.01.18 17:51:58.626,1.05027,1.05039,1.50,2.33
2013.01.18 17:51:59.115,1.05027,1.05036,1.50,1.13
2013.01.18 17:51:59.487,1.05026,1.05034,1.13,1.13
2013.01.18 17:51:59.558,1.05023,1.05034,2.25,1.13
2013.01.18 17:52:00.103,1.05022,1.05033,1.50,1.13
2013.01.18 17:52:01.013,1.05021,1.05033,2.25,1.88
2013.01.18 17:52:01.993,1.05021,1.05033,3.00,1.88
2013.01.18 17:52:03.723,1.05021,1.05033,3.00,1.88
2013.01.18 17:52:04.248,1.05021,1.05033,3.00,1.13
2013.01.18 17:52:07.464,1.05021,1.05033,3.00,1.88
2013.01.18 17:52:08.452,1.05021,1.05033,3.00,1.88
2013.01.18 17:52:09.602,1.05019,1.0503,2.25,1.88
2013.01.18 17:52:12.572,1.05019,1.05029,1.13,1.20
2013.01.18 17:52:16.002,1.05021,1.05033,1.13,1.20
2013.01.18 17:52:16.123,1.05021,1.05033,1.58,1.13
2013.01.18 17:52:16.703,1.05022,1.05033,1.50,1.13
2013.01.18 17:52:17.662,1.05024,1.05033,1.50,1.13
2013.01.18 17:52:18.790,1.05024,1.05033,1.50,1.13
2013.01.18 17:52:23.943,1.05024,1.05036,1.50,1.88
2013.01.18 17:52:24.243,1.05024,1.05034,1.13,1.13
2013.01.18 17:52:24.304,1.05022,1.05034,1.50,1.88
2013.01.18 17:52:24.903,1.0502,1.05031,2.25,1.13
2013.01.18 17:52:27.512,1.05019,1.05031,1.50,1.13
2013.01.18 17:52:28.284,1.05019,1.0503,1.50,1.13
2013.01.18 17:52:28.896,1.05019,1.05029,1.50,1.13
2013.01.18 17:52:46.515,1.05017,1.05028,3.75,1.13
2013.01.18 17:52:47.052,1.05019,1.05029,1.50,1.13
2013.01.18 17:52:49.922,1.05019,1.05029,1.50,1.13
2013.01.18 17:52:57.522,1.05017,1.05029,2.25,1.13
2013.01.18 17:52:58.253,1.05018,1.05028,1.50,1.13
2013.01.18 17:52:58.742,1.05015,1.05027,1.50,1.13
2013.01.18 17:52:58.803,1.05015,1.05027,1.50,1.13
2013.01.18 17:53:00.102,1.05017,1.05029,1.50,1.13
2013.01.18 17:53:00.163,1.05017,1.05029,1.50,1.13
2013.01.18 17:53:00.224,1.05018,1.0503,1.50,3.38
2013.01.18 17:53:00.763,1.05019,1.05033,1.50,2.63
2013.01.18 17:53:04.102,1.0502,1.05033,2.25,2.63
2013.01.18 17:53:04.228,1.05021,1.05033,1.50,1.13
2013.01.18 17:53:04.772,1.05021,1.05033,1.50,1.13
2013.01.18 17:53:06.744,1.0502,1.05033,3.75,1.13
2013.01.18 17:53:08.162,1.05021,1.05033,1.13,1.50
2013.01.18 17:53:08.702,1.05021,1.05033,1.50,1.88
2013.01.18 17:53:32.333,1.05023,1.05034,1.50,1.88
2013.01.18 17:53:56.392,1.05021,1.05034,1.50,1.88
2013.01.18 17:54:00.483,1.05022,1.05034,1.50,1.13
2013.01.18 17:54:01.022,1.05024,1.05037,2.25,1.13
2013.01.18 17:54:01.574,1.05027,1.05039,1.50,1.88
2013.01.18 17:54:01.813,1.05026,1.05036,1.50,2.63
2013.01.18 17:54:01.873,1.05025,1.05036,1.50,2.63
2013.01.18 17:54:02.652,1.05027,1.05039,1.50,1.13
2013.01.18 17:54:11.463,1.05023,1.05033,3.00,1.13
2013.01.18 17:54:12.003,1.05023,1.05035,1.50,1.50
2013.01.18 17:54:19.137,1.05025,1.05035,1.05,1.13
2013.01.18 17:54:19.694,1.05025,1.05034,1.05,1.13
2013.01.18 17:54:20.783,1.05025,1.05035,1.05,1.13
2013.01.18 17:54:21.175,1.05023,1.05033,1.50,1.13
2013.01.18 17:54:21.412,1.05022,1.05032,1.35,1.13
2013.01.18 17:54:22.422,1.05021,1.05032,2.63,1.13
2013.01.18 17:54:25.962,1.05021,1.05031,1.13,1.13
2013.01.18 17:54:26.853,1.05019,1.05031,1.50,1.13
2013.01.18 17:54:27.392,1.05019,1.05029,1.13,1.13
2013.01.18 17:54:27.452,1.05017,1.05029,4.50,1.13
2013.01.18 17:54:27.512,1.05017,1.05029,4.50,1.13
2013.01.18 17:54:29.644,1.05019,1.05031,1.50,1.50
2013.01.18 17:54:30.202,1.05019,1.05033,1.50,3.15
2013.01.18 17:54:36.982,1.05021,1.05033,1.13,1.65
2013.01.18 17:54:56.973,1.05021,1.05033,1.50,1.58
2013.01.18 17:54:57.033,1.05021,1.05033,1.50,1.50
2013.01.18 17:55:01.787,1.05022,1.05033,1.13,1.50
2013.01.18 17:55:03.768,1.05021,1.05033,1.50,1.50
2013.01.18 17:55:04.344,1.0502,1.05033,1.50,1.50
2013.01.18 17:55:04.893,1.0502,1.05033,1.50,1.58
2013.01.18 17:55:05.636,1.05021,1.05033,1.50,1.58
2013.01.18 17:55:16.932,1.05021,1.05033,1.50,1.58
2013.01.18 17:55:17.472,1.05021,1.05033,1.13,1.50
2013.01.18 17:55:30.023,1.05021,1.05034,1.13,1.20
2013.01.18 17:55:32.834,1.05024,1.05035,1.65,3.30
2013.01.18 17:55:33.193,1.05026,1.05037,1.50,1.20
2013.01.18 17:55:33.804,1.05027,1.05038,1.50,1.05
2013.01.18 17:55:33.863,1.05027,1.05038,1.50,1.05
2013.01.18 17:55:34.163,1.05027,1.05039,1.50,1.13
2013.01.18 17:55:38.675,1.05029,1.05043,1.50,3.38
2013.01.18 17:55:39.674,1.05031,1.05043,1.50,1.13
2013.01.18 17:55:40.204,1.0503,1.05043,1.50,1.13
2013.01.18 17:55:45.965,1.0503,1.05043,2.25,1.13
2013.01.18 17:55:46.913,1.0503,1.05043,2.25,1.13
2013.01.18 17:55:46.973,1.0503,1.05043,2.25,1.13
2013.01.18 17:55:47.642,1.05032,1.05044,1.13,1.88
2013.01.18 17:55:47.833,1.05032,1.05044,1.13,1.88
2013.01.18 17:55:48.721,1.05032,1.05049,1.13,2.85
2013.01.18 17:55:48.903,1.05033,1.05046,1.50,2.48
2013.01.18 17:55:48.963,1.05033,1.05046,1.50,2.48
2013.01.18 17:55:49.514,1.05032,1.05046,3.00,1.73
2013.01.18 17:55:59.082,1.05032,1.05046,2.25,1.73
2013.01.18 17:56:07.043,1.05033,1.05047,1.50,1.73
2013.01.18 17:56:07.134,1.05032,1.05044,2.25,1.50
2013.01.18 17:56:16.915,1.05033,1.05045,1.50,1.50
2013.01.18 17:56:19.666,1.05033,1.05044,1.50,1.50
2013.01.18 17:56:26.214,1.05034,1.05044,1.50,2.40
2013.01.18 17:56:26.333,1.0503,1.05041,1.50,1.50
2013.01.18 17:56:26.853,1.0503,1.05042,1.50,1.73
2013.01.18 17:56:31.506,1.0503,1.0504,1.50,1.13
2013.01.18 17:56:31.704,1.05027,1.05037,1.50,1.13
2013.01.18 17:56:31.765,1.05027,1.05037,1.50,1.88
2013.01.18 17:56:31.824,1.05025,1.05034,2.33,1.50
2013.01.18 17:56:31.883,1.05022,1.05034,1.50,1.73
2013.01.18 17:56:32.422,1.05022,1.05033,1.50,1.73
2013.01.18 17:56:34.423,1.05023,1.05035,1.50,1.65
2013.01.18 17:56:34.543,1.05025,1.05037,1.32,2.10
2013.01.18 17:56:34.603,1.05026,1.05038,1.50,1.50
2013.01.18 17:56:34.663,1.05026,1.05038,1.50,1.13
2013.01.18 17:56:35.213,1.05029,1.05039,1.50,1.13
2013.01.18 17:56:35.753,1.05029,1.05039,1.50,1.13
2013.01.18 17:56:36.293,1.05029,1.05038,1.50,1.13
2013.01.18 17:56:41.484,1.05029,1.0504,1.50,2.48
2013.01.18 17:56:41.607,1.05029,1.05042,1.50,1.73
2013.01.18 17:56:42.923,1.05031,1.05042,1.50,2.48
2013.01.18 17:56:49.499,1.05031,1.05043,1.50,2.63
2013.01.18 17:56:50.043,1.05031,1.05042,2.40,1.73
2013.01.18 17:56:50.353,1.05033,1.05042,1.50,1.50
2013.01.18 17:56:51.243,1.05033,1.05047,1.50,2.25
2013.01.18 17:56:51.796,1.05033,1.05045,1.50,1.50
2013.01.18 17:56:54.473,1.05031,1.05044,2.40,1.50
2013.01.18 17:56:59.403,1.05031,1.05044,2.40,1.50
2013.01.18 17:56:59.643,1.05032,1.05044,1.65,1.50
2013.01.18 17:57:01.962,1.05032,1.05044,1.65,2.25
2013.01.18 17:57:03.982,1.05032,1.05045,1.65,1.50
2013.01.18 17:57:04.227,1.05032,1.05044,1.65,1.50
2013.01.18 17:57:14.853,1.05031,1.05042,2.40,1.50
2013.01.18 17:57:15.402,1.05031,1.05043,2.40,1.50
2013.01.18 17:57:18.063,1.05032,1.05045,1.65,1.50
2013.01.18 17:57:18.423,1.05034,1.05045,1.50,1.50
2013.01.18 17:57:19.834,1.05034,1.05045,1.50,1.50
2013.01.18 17:57:20.134,1.05034,1.05045,1.50,1.50
2013.01.18 17:57:20.653,1.05033,1.05045,1.50,1.50
2013.01.18 17:57:21.844,1.05033,1.05043,1.50,1.50
2013.01.18 17:57:32.103,1.05032,1.05044,1.65,1.50
2013.01.18 17:57:36.432,1.05032,1.05046,1.65,2.25
2013.01.18 17:57:36.553,1.05032,1.05045,1.65,1.50
2013.01.18 17:57:40.823,1.05032,1.05048,2.40,2.40
2013.01.18 17:57:40.943,1.05034,1.05049,2.25,3.90
2013.01.18 17:57:41.003,1.05034,1.05049,3.00,3.90
2013.01.18 17:57:41.543,1.05036,1.05049,1.50,1.65
2013.01.18 17:57:42.743,1.05035,1.05048,1.50,1.65
2013.01.18 17:57:43.043,1.05036,1.05047,1.50,1.50
2013.01.18 17:57:43.783,1.05034,1.05046,1.50,1.50
2013.01.18 17:57:44.713,1.05034,1.05045,1.50,1.50
2013.01.18 17:57:47.943,1.05033,1.05045,1.50,2.25
2013.01.18 17:57:50.132,1.05032,1.05042,1.65,1.50
2013.01.18 17:57:50.253,1.05032,1.05044,2.40,1.50
2013.01.18 17:57:50.743,1.05032,1.05044,1.50,2.40
2013.01.18 17:57:52.203,1.05031,1.05041,1.50,5.25
2013.01.18 17:57:52.744,1.0503,1.05042,1.50,1.50
2013.01.18 17:57:53.284,1.0503,1.05042,1.50,1.50
2013.01.18 17:57:53.854,1.0503,1.05043,1.50,2.40
2013.01.18 17:58:01.203,1.0503,1.05045,3.90,2.48
2013.01.18 17:58:01.323,1.05031,1.05047,2.40,1.88
2013.01.18 17:58:01.623,1.05032,1.05047,1.50,3.00
2013.01.18 17:58:02.043,1.05033,1.05045,1.50,1.50
2013.01.18 17:58:02.163,1.05032,1.05044,2.25,1.65
2013.01.18 17:58:02.703,1.05032,1.05044,1.50,2.40
2013.01.18 17:58:03.233,1.05032,1.05044,1.50,1.65
2013.01.18 17:58:03.778,1.05032,1.05044,1.65,1.50
2013.01.18 17:58:03.903,1.05032,1.05044,1.65,1.50
2013.01.18 17:58:04.263,1.0503,1.05043,2.25,1.50
2013.01.18 17:58:05.483,1.05031,1.05044,1.50,1.65
2013.01.18 17:58:06.003,1.0503,1.05043,1.50,1.50
2013.01.18 17:58:07.363,1.0503,1.05043,1.50,1.50
2013.01.18 17:58:07.984,1.05031,1.05044,1.50,1.65
2013.01.18 17:58:11.518,1.05032,1.05045,1.65,1.50
2013.01.18 17:58:11.853,1.05032,1.05046,2.40,1.50
2013.01.18 17:58:12.032,1.05032,1.05047,2.40,2.25
2013.01.18 17:58:12.645,1.05033,1.05047,1.50,1.50
2013.01.18 17:58:12.823,1.05035,1.05048,1.50,1.65
2013.01.18 17:58:13.023,1.05035,1.05049,1.50,3.15
2013.01.18 17:58:13.383,1.05037,1.05049,1.50,1.65
2013.01.18 17:58:13.923,1.05037,1.05049,1.50,1.65
2013.01.18 17:58:21.292,1.05037,1.0505,1.50,3.38
2013.01.18 17:58:23.330,1.05037,1.0505,1.50,3.38
2013.01.18 17:58:24.273,1.05035,1.0505,1.50,3.38
2013.01.18 17:58:24.823,1.05035,1.05048,1.50,1.65
2013.01.18 17:58:25.377,1.05035,1.05047,1.50,3.00
2013.01.18 17:58:26.003,1.05034,1.05046,1.50,1.50
2013.01.18 17:58:26.932,1.05034,1.05047,1.50,1.50
2013.01.18 17:58:31.473,1.05033,1.05047,2.25,1.50
2013.01.18 17:58:32.932,1.05033,1.05047,1.50,1.50
2013.01.18 17:58:33.352,1.05033,1.05047,1.50,2.25
2013.01.18 17:58:33.472,1.05033,1.05047,1.50,2.25
2013.01.18 17:58:34.992,1.05033,1.05047,1.50,2.25
2013.01.18 17:58:35.542,1.05033,1.05046,1.50,2.25
2013.01.18 17:58:36.096,1.05033,1.05046,1.50,1.50
2013.01.18 17:58:36.652,1.05033,1.05047,2.25,1.50
2013.01.18 17:58:37.216,1.05033,1.05046,1.50,1.50
2013.01.18 17:58:39.592,1.05033,1.05046,2.25,1.50
2013.01.18 17:58:40.156,1.05033,1.05047,1.50,1.50
2013.01.18 17:58:47.296,1.05032,1.05046,1.50,1.50
2013.01.18 17:58:47.858,1.05032,1.05046,1.50,2.25
2013.01.18 17:58:56.502,1.05032,1.05047,2.25,2.25
2013.01.18 17:58:56.803,1.05037,1.0505,1.13,3.38
2013.01.18 17:58:57.202,1.05036,1.0505,1.13,4.13
2013.01.18 17:59:02.034,1.05034,1.05046,3.38,1.50
2013.01.18 17:59:02.572,1.05033,1.05047,2.25,1.58
2013.01.18 17:59:13.483,1.05033,1.05047,2.25,2.25
2013.01.18 17:59:13.722,1.05033,1.05047,2.25,1.50
2013.01.18 17:59:14.023,1.05033,1.05047,2.25,1.50
2013.01.18 17:59:14.803,1.05033,1.05047,2.25,1.50
2013.01.18 17:59:15.362,1.05034,1.05048,1.50,2.40
2013.01.18 17:59:15.909,1.05033,1.05048,2.25,1.65
2013.01.18 17:59:17.442,1.05034,1.05049,1.50,3.15
2013.01.18 17:59:19.253,1.05033,1.05048,2.25,1.65
2013.01.18 17:59:19.673,1.05035,1.05049,2.25,2.40
2013.01.18 17:59:19.794,1.05036,1.05049,1.65,2.25
2013.01.18 17:59:19.853,1.05036,1.05049,1.65,1.50
2013.01.18 17:59:20.373,1.05038,1.0505,1.50,2.25
2013.01.18 17:59:21.623,1.05038,1.0505,1.50,2.25
2013.01.18 17:59:31.633,1.05035,1.05049,3.75,2.63
2013.01.18 17:59:33.513,1.05036,1.05049,1.13,2.25
2013.01.18 17:59:34.053,1.05036,1.05049,1.13,3.00
2013.01.18 17:59:36.455,1.05035,1.05048,1.50,1.50
2013.01.18 17:59:36.962,1.05035,1.05047,1.50,1.50
2013.01.18 17:59:38.513,1.05033,1.05047,1.50,2.25
2013.01.18 17:59:38.633,1.05032,1.05046,1.50,1.88
2013.01.18 17:59:39.174,1.05029,1.05043,1.50,2.25
2013.01.18 17:59:39.713,1.05029,1.05043,1.50,2.25
2013.01.18 17:59:39.893,1.05029,1.05043,1.50,2.25
2013.01.18 17:59:40.253,1.05029,1.05043,1.50,2.25
2013.01.18 17:59:40.793,1.05029,1.05043,1.50,3.00
2013.01.18 17:59:43.543,1.0503,1.05043,1.50,3.00
2013.01.18 17:59:44.082,1.0503,1.05042,1.50,2.25
2013.01.18 17:59:52.183,1.05028,1.05041,2.25,1.50
2013.01.18 17:59:52.723,1.05029,1.05042,1.50,2.25
2013.01.18 17:59:53.264,1.05028,1.05042,1.50,2.25
2013.01.18 17:59:56.044,1.05027,1.05042,2.25,1.50
2013.01.18 17:59:56.583,1.05027,1.05042,2.25,2.25
2013.01.18 17:59:57.124,1.05029,1.05042,1.50,1.50
2013.01.18 17:59:57.554,1.05028,1.05042,2.25,2.25
2013.01.18 17:59:57.973,1.05029,1.05042,1.50,1.50
2013.01.18 17:59:58.514,1.05027,1.05042,2.25,2.25
2013.01.18 17:59:59.929,1.05028,1.05042,1.50,2.25
