2011.12.28 16:00:00.026,1.01089,1.01101,1.50,2.63
2011.12.28 16:00:00.108,1.01091,1.01101,1.50,1.88
2011.12.28 16:00:00.751,1.01087,1.01098,3.38,1.50
2011.12.28 16:00:01.267,1.01084,1.01098,5.63,2.63
2011.12.28 16:00:01.622,1.01084,1.01098,5.63,2.63
2011.12.28 16:00:02.073,1.01085,1.01097,1.13,1.50
2011.12.28 16:00:02.496,1.01085,1.01099,2.63,2.25
2011.12.28 16:00:02.855,1.01089,1.01098,1.50,1.13
2011.12.28 16:00:03.500,1.01088,1.01098,1.50,1.50
2011.12.28 16:00:03.649,1.01085,1.01093,1.50,2.10
2011.12.28 16:00:04.008,1.01074,1.01079,1.13,2.25
2011.12.28 16:00:04.093,1.01077,1.01082,1.88,2.25
2011.12.28 16:00:04.822,1.01073,1.01084,1.88,2.25
2011.12.28 16:00:04.926,1.01076,1.01087,1.88,2.48
2011.12.28 16:00:05.227,1.01082,1.01094,1.50,2.36
2011.12.28 16:00:05.965,1.01076,1.0109,1.13,3.00
2011.12.28 16:00:06.050,1.01076,1.0109,1.88,3.00
2011.12.28 16:00:06.197,1.01078,1.01094,1.50,1.61
2011.12.28 16:00:06.347,1.01073,1.01084,2.25,1.50
2011.12.28 16:00:06.496,1.01068,1.01077,5.26,1.88
2011.12.28 16:00:06.714,1.01068,1.01075,1.50,3.00
2011.12.28 16:00:07.311,1.01066,1.01075,1.50,3.00
2011.12.28 16:00:07.412,1.01064,1.01077,1.50,2.63
2011.12.28 16:00:07.490,1.01066,1.01077,1.50,2.63
2011.12.28 16:00:07.804,1.0107,1.01077,1.50,1.88
2011.12.28 16:00:07.887,1.01064,1.01076,3.75,1.50
2011.12.28 16:00:08.044,1.01063,1.01076,1.13,1.50
2011.12.28 16:00:08.590,1.01059,1.01068,1.50,2.25
2011.12.28 16:00:08.683,1.01056,1.01068,1.50,1.50
2011.12.28 16:00:08.765,1.01056,1.01068,2.25,1.50
2011.12.28 16:00:09.072,1.01058,1.0107,3.75,1.88
2011.12.28 16:00:09.167,1.01062,1.01071,1.13,1.50
2011.12.28 16:00:09.248,1.01062,1.01073,1.13,2.25
2011.12.28 16:00:10.070,1.01061,1.01072,2.25,1.13
2011.12.28 16:00:10.276,1.01058,1.01072,4.88,1.88
2011.12.28 16:00:10.520,1.01058,1.01072,1.13,1.88
2011.12.28 16:00:10.608,1.01058,1.01074,1.88,2.25
2011.12.28 16:00:11.391,1.01061,1.01072,1.13,1.13
2011.12.28 16:00:11.607,1.0106,1.01085,2.63,2.85
2011.12.28 16:00:12.173,1.0106,1.01072,1.13,1.88
2011.12.28 16:00:12.713,1.01059,1.01072,2.25,1.88
2011.12.28 16:00:12.815,1.01059,1.01072,4.13,1.88
2011.12.28 16:00:13.598,1.01062,1.01072,1.50,1.88
2011.12.28 16:00:14.215,1.01062,1.01072,1.88,1.88
2011.12.28 16:00:14.434,1.01062,1.01072,1.50,1.88
2011.12.28 16:00:14.655,1.01063,1.01076,1.50,4.43
2011.12.28 16:00:14.737,1.01063,1.01072,1.50,1.13
2011.12.28 16:00:14.822,1.01063,1.01075,1.50,1.13
2011.12.28 16:00:15.519,1.01068,1.01081,4.13,2.25
2011.12.28 16:00:15.603,1.01069,1.01082,2.25,1.88
2011.12.28 16:00:15.955,1.01069,1.01082,2.25,1.88
2011.12.28 16:00:16.454,1.01068,1.01078,1.50,1.88
2011.12.28 16:00:16.934,1.01067,1.01072,1.50,1.50
2011.12.28 16:00:17.035,1.01065,1.01071,2.25,1.13
2011.12.28 16:00:17.234,1.01064,1.01076,1.88,1.50
2011.12.28 16:00:17.326,1.01068,1.01076,1.13,1.50
2011.12.28 16:00:17.839,1.01069,1.01081,2.25,1.50
2011.12.28 16:00:18.356,1.01068,1.01081,1.88,1.50
2011.12.28 16:00:18.699,1.01069,1.01081,1.50,1.50
2011.12.28 16:00:19.051,1.01068,1.01081,1.88,1.50
2011.12.28 16:00:19.544,1.01068,1.01082,1.88,3.38
2011.12.28 16:00:20.079,1.01068,1.01081,1.88,1.50
2011.12.28 16:00:20.501,1.01068,1.01082,1.13,4.13
2011.12.28 16:00:20.644,1.01068,1.01082,1.13,4.88
2011.12.28 16:00:20.724,1.0107,1.01082,1.50,5.63
2011.12.28 16:00:21.446,1.01068,1.01082,3.38,3.38
2011.12.28 16:00:21.524,1.01068,1.01082,2.63,1.88
2011.12.28 16:00:21.881,1.01068,1.0108,2.63,1.50
2011.12.28 16:00:22.371,1.01068,1.01079,2.63,1.50
2011.12.28 16:00:22.912,1.01073,1.01081,1.13,1.50
2011.12.28 16:00:23.000,1.01073,1.01081,1.13,1.50
2011.12.28 16:00:23.431,1.01073,1.01077,1.50,1.13
2011.12.28 16:00:23.787,1.01063,1.01074,1.80,1.13
2011.12.28 16:00:23.939,1.01064,1.01074,1.50,1.88
2011.12.28 16:00:24.369,1.01065,1.01074,1.50,1.13
2011.12.28 16:00:24.564,1.01071,1.01079,1.50,2.25
2011.12.28 16:00:25.054,1.01069,1.0108,2.25,1.50
2011.12.28 16:00:25.343,1.01068,1.01082,1.50,2.25
2011.12.28 16:00:25.793,1.01067,1.0108,3.38,1.50
2011.12.28 16:00:25.885,1.01067,1.0108,2.63,1.50
2011.12.28 16:00:26.384,1.01067,1.01081,1.88,1.88
2011.12.28 16:00:26.452,1.01067,1.0108,1.13,1.50
2011.12.28 16:00:27.020,1.01067,1.0108,1.88,1.50
2011.12.28 16:00:27.521,1.01067,1.0108,1.88,1.50
2011.12.28 16:00:27.622,1.01069,1.0108,1.50,1.50
2011.12.28 16:00:28.114,1.01069,1.0108,1.50,1.50
2011.12.28 16:00:28.670,1.01068,1.0108,2.63,1.50
2011.12.28 16:00:29.045,1.01068,1.0108,2.63,1.50
2011.12.28 16:00:29.128,1.01068,1.0108,2.63,1.50
2011.12.28 16:00:29.276,1.01068,1.0108,2.63,1.50
2011.12.28 16:00:29.437,1.01068,1.0108,3.38,1.50
2011.12.28 16:00:29.732,1.01068,1.0108,5.25,2.25
2011.12.28 16:00:29.803,1.01068,1.0108,4.50,1.50
2011.12.28 16:00:29.886,1.01068,1.0108,4.13,2.25
2011.12.28 16:00:30.363,1.01068,1.01073,1.50,1.50
2011.12.28 16:00:30.542,1.01059,1.01073,1.51,2.25
2011.12.28 16:00:31.107,1.01059,1.01073,1.51,1.88
2011.12.28 16:00:31.683,1.01061,1.01077,1.50,1.13
2011.12.28 16:00:31.763,1.01061,1.01073,2.25,1.13
2011.12.28 16:00:31.908,1.0106,1.01073,1.14,1.88
2011.12.28 16:00:32.192,1.01063,1.01073,1.13,1.88
2011.12.28 16:00:32.755,1.01064,1.01073,1.50,1.88
2011.12.28 16:00:32.833,1.01059,1.01073,1.14,1.88
2011.12.28 16:00:34.058,1.0106,1.01073,1.50,1.88
2011.12.28 16:00:34.204,1.0106,1.01073,2.25,1.88
2011.12.28 16:00:34.564,1.0106,1.01073,2.25,1.88
2011.12.28 16:00:34.643,1.0106,1.01073,2.25,1.88
2011.12.28 16:00:35.201,1.01062,1.01073,1.50,1.88
2011.12.28 16:00:35.763,1.0106,1.01073,3.75,1.88
2011.12.28 16:00:36.112,1.01062,1.01073,1.50,1.88
2011.12.28 16:00:36.835,1.01063,1.01073,1.50,1.88
2011.12.28 16:00:37.275,1.01063,1.01073,1.50,1.13
2011.12.28 16:00:37.705,1.01063,1.01073,1.50,1.88
2011.12.28 16:00:38.202,1.01065,1.01073,1.50,1.13
2011.12.28 16:00:38.576,1.01059,1.01073,2.64,1.88
2011.12.28 16:00:38.859,1.0106,1.01073,1.50,1.88
2011.12.28 16:00:39.147,1.0106,1.01071,1.50,1.50
2011.12.28 16:00:39.226,1.0106,1.01072,1.50,1.50
2011.12.28 16:00:39.308,1.01059,1.01072,1.89,1.50
2011.12.28 16:00:39.942,1.01057,1.0107,3.38,1.50
2011.12.28 16:00:40.259,1.01058,1.01073,1.50,3.38
2011.12.28 16:00:40.352,1.01059,1.01073,2.25,2.63
2011.12.28 16:00:40.434,1.01064,1.01074,1.50,1.50
2011.12.28 16:00:40.518,1.01064,1.01073,1.50,1.88
2011.12.28 16:00:40.734,1.01062,1.01073,2.25,1.88
2011.12.28 16:00:41.212,1.01067,1.01073,1.50,1.88
2011.12.28 16:00:41.896,1.01062,1.01073,2.25,1.88
2011.12.28 16:00:42.344,1.01062,1.0107,1.50,1.50
2011.12.28 16:00:42.704,1.01057,1.01068,1.88,1.50
2011.12.28 16:00:43.056,1.01056,1.01068,1.88,1.13
2011.12.28 16:00:43.141,1.01056,1.01072,2.63,1.88
2011.12.28 16:00:43.500,1.01063,1.0107,1.50,1.50
2011.12.28 16:00:43.644,1.01055,1.01068,3.00,1.13
2011.12.28 16:00:44.458,1.01056,1.01068,1.50,1.88
2011.12.28 16:00:44.673,1.01058,1.01068,1.50,1.88
2011.12.28 16:00:44.949,1.01058,1.01068,1.50,3.38
2011.12.28 16:00:45.300,1.0106,1.01067,1.50,2.25
2011.12.28 16:00:45.580,1.01059,1.01068,1.50,3.38
2011.12.28 16:00:45.653,1.01059,1.01068,1.50,2.63
2011.12.28 16:00:45.931,1.01055,1.01068,1.50,3.38
2011.12.28 16:00:46.427,1.01055,1.01068,1.50,3.38
2011.12.28 16:00:46.647,1.01064,1.01068,1.50,2.63
2011.12.28 16:00:46.722,1.01054,1.01068,1.50,3.38
2011.12.28 16:00:47.235,1.01055,1.01068,1.50,3.38
2011.12.28 16:00:47.525,1.01057,1.01068,1.50,2.63
2011.12.28 16:00:47.609,1.01057,1.01071,2.25,4.50
2011.12.28 16:00:48.035,1.01058,1.01072,1.88,3.38
2011.12.28 16:00:48.122,1.01061,1.01068,2.25,1.13
2011.12.28 16:00:48.196,1.01061,1.01068,1.50,1.13
2011.12.28 16:00:48.282,1.01063,1.01071,1.50,3.00
2011.12.28 16:00:48.425,1.01063,1.01074,1.50,2.25
2011.12.28 16:00:48.929,1.01063,1.01077,1.50,3.00
2011.12.28 16:00:49.217,1.0106,1.01072,1.50,1.88
2011.12.28 16:00:49.561,1.01065,1.01072,1.50,1.88
2011.12.28 16:00:50.058,1.0106,1.01072,2.25,1.88
2011.12.28 16:00:50.207,1.01063,1.01077,1.13,1.88
2011.12.28 16:00:50.287,1.01064,1.01077,1.50,1.88
2011.12.28 16:00:51.151,1.01064,1.01077,2.25,2.63
2011.12.28 16:00:51.507,1.01071,1.01077,1.50,1.13
2011.12.28 16:00:51.583,1.01071,1.01077,1.50,1.13
2011.12.28 16:00:51.790,1.01071,1.0108,1.50,2.25
2011.12.28 16:00:51.937,1.01071,1.01082,1.50,1.13
2011.12.28 16:00:52.156,1.01073,1.01086,2.60,6.00
2011.12.28 16:00:52.590,1.01083,1.01088,1.13,3.38
2011.12.28 16:00:52.720,1.01087,1.01097,3.38,1.13
2011.12.28 16:00:52.802,1.01087,1.01099,3.38,2.25
2011.12.28 16:00:53.301,1.01086,1.01096,1.50,1.50
2011.12.28 16:00:53.377,1.01082,1.01096,2.63,1.50
2011.12.28 16:00:54.052,1.01088,1.01097,1.13,2.25
2011.12.28 16:00:54.415,1.01083,1.01092,2.25,3.00
2011.12.28 16:00:54.495,1.01083,1.01094,2.25,3.00
2011.12.28 16:00:54.647,1.01083,1.01094,1.50,3.00
2011.12.28 16:00:54.871,1.01078,1.01094,1.13,2.25
2011.12.28 16:00:55.297,1.01082,1.01095,3.38,3.00
2011.12.28 16:00:56.937,1.01085,1.01097,1.50,1.50
2011.12.28 16:00:57.155,1.01096,1.01103,1.13,2.63
2011.12.28 16:00:57.517,1.01096,1.01106,1.13,2.25
2011.12.28 16:00:57.608,1.01089,1.01096,1.50,1.13
2011.12.28 16:00:57.682,1.0109,1.01096,1.50,1.13
2011.12.28 16:00:58.252,1.01081,1.01087,1.50,1.50
2011.12.28 16:00:58.325,1.01083,1.01088,2.25,1.50
2011.12.28 16:00:58.685,1.01083,1.01096,2.25,1.88
2011.12.28 16:00:59.159,1.0108,1.01087,3.00,1.50
2011.12.28 16:00:59.795,1.01081,1.01096,1.50,3.38
2011.12.28 16:01:00.363,1.01082,1.01096,1.88,3.38
2011.12.28 16:01:00.829,1.0108,1.01096,5.25,4.13
2011.12.28 16:01:00.914,1.01082,1.01096,3.38,3.38
2011.12.28 16:01:01.533,1.01082,1.01096,3.38,4.13
2011.12.28 16:01:01.890,1.01082,1.0109,2.63,2.25
2011.12.28 16:01:02.452,1.0108,1.01091,1.50,3.00
2011.12.28 16:01:02.535,1.0108,1.01089,2.25,1.50
2011.12.28 16:01:02.621,1.01077,1.01089,2.25,2.25
2011.12.28 16:01:02.905,1.01077,1.01089,3.00,2.25
2011.12.28 16:01:03.050,1.01077,1.01089,3.00,1.50
2011.12.28 16:01:03.479,1.01077,1.01091,3.00,1.50
2011.12.28 16:01:04.024,1.01077,1.01091,3.00,1.50
2011.12.28 16:01:04.582,1.01077,1.01092,3.00,1.88
2011.12.28 16:01:04.724,1.01077,1.01089,3.00,1.50
2011.12.28 16:01:04.896,1.01077,1.01089,3.00,1.50
2011.12.28 16:01:05.242,1.0108,1.0109,1.50,1.50
2011.12.28 16:01:05.387,1.0108,1.0109,1.50,1.01
2011.12.28 16:01:05.810,1.01071,1.01083,4.13,1.50
2011.12.28 16:01:05.894,1.01071,1.01081,3.38,1.50
2011.12.28 16:01:05.979,1.01068,1.01077,2.85,1.50
2011.12.28 16:01:06.473,1.01076,1.01091,1.50,5.63
2011.12.28 16:01:06.683,1.01068,1.01076,2.10,1.50
2011.12.28 16:01:07.039,1.01076,1.01081,1.50,1.50
2011.12.28 16:01:07.117,1.01072,1.01086,2.25,2.25
2011.12.28 16:01:07.500,1.01076,1.01087,1.50,2.63
2011.12.28 16:01:07.590,1.01081,1.01086,1.50,1.50
2011.12.28 16:01:08.014,1.01078,1.01086,1.50,1.50
2011.12.28 16:01:08.094,1.01072,1.01082,1.50,1.50
2011.12.28 16:01:08.175,1.01072,1.01082,1.50,1.50
2011.12.28 16:01:08.330,1.01077,1.01082,1.50,2.63
2011.12.28 16:01:08.866,1.01075,1.01082,1.50,1.88
2011.12.28 16:01:09.021,1.01077,1.01088,2.63,1.50
2011.12.28 16:01:09.100,1.0108,1.01089,1.50,1.50
2011.12.28 16:01:09.318,1.01078,1.01087,1.50,1.13
2011.12.28 16:01:09.672,1.01077,1.01087,3.00,1.88
2011.12.28 16:01:11.854,1.01077,1.01087,1.50,1.88
2011.12.28 16:01:12.420,1.01074,1.01087,1.50,2.63
2011.12.28 16:01:12.501,1.01077,1.01086,1.50,1.50
2011.12.28 16:01:13.133,1.01077,1.01087,1.50,1.88
2011.12.28 16:01:13.824,1.01077,1.01087,1.50,1.88
2011.12.28 16:01:14.326,1.01077,1.01087,1.50,1.88
2011.12.28 16:01:14.829,1.01077,1.01087,2.25,1.13
2011.12.28 16:01:15.180,1.01077,1.01089,2.25,1.13
2011.12.28 16:01:15.252,1.01081,1.01087,1.13,1.13
2011.12.28 16:01:15.390,1.01077,1.01091,2.25,1.13
2011.12.28 16:01:15.463,1.01077,1.01087,2.25,1.13
2011.12.28 16:01:16.132,1.01077,1.01087,1.50,1.13
2011.12.28 16:01:16.273,1.01079,1.01087,1.50,1.13
2011.12.28 16:01:17.450,1.01077,1.01087,2.25,1.13
2011.12.28 16:01:17.581,1.01077,1.01087,2.25,1.13
2011.12.28 16:01:17.919,1.01077,1.01087,1.50,1.13
2011.12.28 16:01:18.986,1.01077,1.01091,2.25,1.13
2011.12.28 16:01:19.365,1.01079,1.01089,1.50,1.88
2011.12.28 16:01:19.781,1.01081,1.01087,1.13,1.13
2011.12.28 16:01:20.240,1.01077,1.01087,1.50,1.13
2011.12.28 16:01:21.423,1.01077,1.01087,2.25,1.13
2011.12.28 16:01:21.772,1.01077,1.01087,1.50,1.13
2011.12.28 16:01:22.902,1.01077,1.01087,1.50,1.88
2011.12.28 16:01:23.253,1.01072,1.01083,3.00,1.13
2011.12.28 16:01:23.604,1.01073,1.01087,2.63,1.88
2011.12.28 16:01:23.984,1.01076,1.01087,1.50,1.88
2011.12.28 16:01:24.546,1.01075,1.01087,1.50,1.88
2011.12.28 16:01:27.699,1.01075,1.01087,1.50,1.88
2011.12.28 16:01:28.259,1.01076,1.01087,1.50,1.88
2011.12.28 16:01:30.980,1.01081,1.01087,1.50,1.88
2011.12.28 16:01:31.334,1.01078,1.01087,1.50,1.13
2011.12.28 16:01:31.602,1.01075,1.01087,2.25,1.13
2011.12.28 16:01:32.050,1.01077,1.01087,1.50,1.13
2011.12.28 16:01:35.302,1.01079,1.01087,1.50,1.13
2011.12.28 16:01:36.951,1.01078,1.01087,1.50,1.13
2011.12.28 16:01:38.482,1.0108,1.01087,1.50,1.13
2011.12.28 16:01:39.937,1.0108,1.01085,1.50,1.13
2011.12.28 16:01:40.083,1.01077,1.01085,3.00,1.13
2011.12.28 16:01:40.222,1.01077,1.01085,3.00,1.13
2011.12.28 16:01:40.505,1.01078,1.01088,1.88,1.50
2011.12.28 16:01:40.722,1.01078,1.0109,1.13,1.50
2011.12.28 16:01:41.138,1.01079,1.01092,1.50,1.88
2011.12.28 16:01:41.215,1.01079,1.01092,1.50,2.63
2011.12.28 16:01:41.576,1.01079,1.01092,2.25,1.13
2011.12.28 16:01:41.730,1.01088,1.01092,1.13,1.13
2011.12.28 16:01:41.805,1.01088,1.01094,1.13,1.50
2011.12.28 16:01:41.957,1.01089,1.01097,1.50,2.25
2011.12.28 16:01:42.033,1.01092,1.01097,1.50,1.88
2011.12.28 16:01:42.594,1.01089,1.01097,1.50,1.50
2011.12.28 16:01:42.992,1.0109,1.01101,1.50,1.50
2011.12.28 16:01:45.394,1.0109,1.01098,1.50,1.13
2011.12.28 16:01:48.901,1.0109,1.01098,1.88,1.13
2011.12.28 16:01:49.047,1.01092,1.01103,2.63,2.25
2011.12.28 16:01:49.199,1.01092,1.01106,4.50,1.13
2011.12.28 16:01:49.277,1.01095,1.01107,1.50,1.50
2011.12.28 16:01:49.742,1.01101,1.01112,1.13,2.63
2011.12.28 16:01:50.174,1.01101,1.01112,1.13,2.25
2011.12.28 16:01:50.721,1.01101,1.01113,1.13,1.88
2011.12.28 16:01:51.065,1.01094,1.01104,3.75,2.25
2011.12.28 16:01:51.623,1.01094,1.01102,1.50,2.25
2011.12.28 16:01:51.700,1.01092,1.01104,1.88,2.25
2011.12.28 16:01:52.123,1.01087,1.01103,3.38,1.88
2011.12.28 16:01:52.338,1.01087,1.01103,3.38,1.88
2011.12.28 16:01:52.839,1.01088,1.01103,2.25,3.38
2011.12.28 16:01:53.393,1.01089,1.01103,1.50,1.88
2011.12.28 16:01:53.473,1.01091,1.01103,1.50,1.13
2011.12.28 16:01:53.755,1.01095,1.01103,1.50,1.13
2011.12.28 16:01:54.307,1.01094,1.01103,1.50,1.13
2011.12.28 16:02:00.672,1.01094,1.01107,1.50,1.13
2011.12.28 16:02:01.071,1.01094,1.01108,1.50,1.88
2011.12.28 16:02:01.557,1.01094,1.01108,1.50,3.38
2011.12.28 16:02:01.903,1.01092,1.01103,1.13,2.25
2011.12.28 16:02:02.393,1.01089,1.01103,1.50,1.88
2011.12.28 16:02:02.537,1.01089,1.01103,1.50,1.88
2011.12.28 16:02:03.331,1.01087,1.01103,1.88,3.38
2011.12.28 16:02:03.894,1.01087,1.01103,1.88,3.38
2011.12.28 16:02:04.410,1.01087,1.01103,1.88,3.38
2011.12.28 16:02:05.463,1.0109,1.01103,1.50,1.88
2011.12.28 16:02:05.822,1.01094,1.01103,1.50,1.88
2011.12.28 16:02:06.164,1.01091,1.01098,1.50,1.13
2011.12.28 16:02:06.431,1.01088,1.01098,1.50,1.13
2011.12.28 16:02:06.940,1.01089,1.01098,1.50,1.13
2011.12.28 16:02:10.287,1.01087,1.01098,1.50,1.13
2011.12.28 16:02:10.362,1.01082,1.01098,7.13,2.25
2011.12.28 16:02:10.783,1.01085,1.01098,1.50,1.88
2011.12.28 16:02:12.531,1.01085,1.01098,1.50,1.88
2011.12.28 16:02:13.292,1.01085,1.01098,1.50,1.88
2011.12.28 16:02:13.841,1.01085,1.01098,2.25,1.88
2011.12.28 16:02:14.252,1.01092,1.01101,1.50,2.25
2011.12.28 16:02:14.611,1.01095,1.01103,1.50,1.88
2011.12.28 16:02:14.683,1.0109,1.01103,1.50,1.88
2011.12.28 16:02:14.757,1.01087,1.01102,4.13,2.25
2011.12.28 16:02:15.301,1.01087,1.01103,2.63,3.00
2011.12.28 16:02:16.680,1.01086,1.01097,1.50,1.13
2011.12.28 16:02:17.279,1.01086,1.01097,1.50,1.88
2011.12.28 16:02:17.497,1.01084,1.01097,1.50,1.88
2011.12.28 16:02:17.858,1.01086,1.01097,1.50,1.88
2011.12.28 16:02:18.360,1.01086,1.01095,1.50,1.50
2011.12.28 16:02:18.502,1.01083,1.01091,1.13,1.50
2011.12.28 16:02:19.055,1.01083,1.01093,1.13,3.00
2011.12.28 16:02:21.751,1.01083,1.01093,1.13,3.38
2011.12.28 16:02:21.895,1.01083,1.01093,1.13,3.38
2011.12.28 16:02:21.976,1.01083,1.01093,1.13,3.38
2011.12.28 16:02:22.074,1.01083,1.01093,1.13,3.38
2011.12.28 16:02:22.603,1.01083,1.01093,1.13,3.38
2011.12.28 16:02:24.093,1.01083,1.01093,1.13,3.00
2011.12.28 16:02:27.394,1.01083,1.01092,1.13,1.50
2011.12.28 16:02:27.725,1.0108,1.0109,2.25,1.50
2011.12.28 16:02:27.883,1.01078,1.01092,3.38,3.75
2011.12.28 16:02:28.208,1.01074,1.01087,1.50,1.88
2011.12.28 16:02:28.743,1.01075,1.01087,1.50,1.88
2011.12.28 16:02:28.955,1.01073,1.01087,2.63,1.88
2011.12.28 16:02:29.393,1.01075,1.01087,1.13,1.88
2011.12.28 16:02:29.536,1.01078,1.01088,1.13,1.50
2011.12.28 16:02:29.967,1.01075,1.01088,2.25,2.63
2011.12.28 16:02:30.112,1.01075,1.01088,2.25,1.88
2011.12.28 16:02:31.578,1.01075,1.01088,1.50,1.88
2011.12.28 16:02:32.120,1.01075,1.01088,1.50,1.88
2011.12.28 16:02:32.642,1.01073,1.01088,1.50,1.88
2011.12.28 16:02:32.902,1.01072,1.01088,3.38,1.88
2011.12.28 16:02:33.183,1.01071,1.01083,1.50,1.13
2011.12.28 16:02:33.886,1.01073,1.01083,1.50,1.88
2011.12.28 16:02:33.976,1.01067,1.01083,1.88,3.38
2011.12.28 16:02:35.167,1.01067,1.01083,1.88,3.38
2011.12.28 16:02:35.247,1.01071,1.01083,1.50,1.88
2011.12.28 16:02:35.828,1.01071,1.01082,1.50,3.00
2011.12.28 16:02:35.906,1.01067,1.01083,1.88,3.38
2011.12.28 16:02:36.461,1.01069,1.01083,2.25,1.88
2011.12.28 16:02:36.534,1.01069,1.01083,2.25,1.88
2011.12.28 16:02:37.603,1.01067,1.01083,2.63,1.88
2011.12.28 16:02:38.119,1.01067,1.01082,1.13,2.25
2011.12.28 16:02:42.152,1.01067,1.01082,1.13,2.25
2011.12.28 16:02:43.711,1.0108,1.01084,1.50,1.50
2011.12.28 16:02:44.015,1.01082,1.01089,3.00,1.13
2011.12.28 16:02:44.096,1.01082,1.01087,2.25,1.13
2011.12.28 16:02:44.313,1.01084,1.01089,1.50,1.13
2011.12.28 16:02:44.602,1.01086,1.01093,1.50,1.50
2011.12.28 16:02:44.684,1.01089,1.01101,1.50,1.50
2011.12.28 16:02:45.212,1.0109,1.01101,1.50,1.50
2011.12.28 16:02:45.356,1.0109,1.01101,1.50,1.50
2011.12.28 16:02:45.791,1.01088,1.01103,2.63,1.13
2011.12.28 16:02:46.141,1.01086,1.01093,1.50,2.25
2011.12.28 16:02:46.952,1.01079,1.01092,2.25,1.50
2011.12.28 16:02:47.097,1.01079,1.01092,2.25,2.25
2011.12.28 16:02:47.252,1.01077,1.01088,3.00,1.88
2011.12.28 16:02:47.752,1.01075,1.01088,2.25,1.88
2011.12.28 16:02:47.949,1.01075,1.01088,2.25,1.88
2011.12.28 16:02:49.622,1.01075,1.01088,1.50,1.88
2011.12.28 16:02:50.182,1.01081,1.01091,1.50,3.75
2011.12.28 16:02:50.324,1.01081,1.01092,1.50,1.50
2011.12.28 16:02:50.639,1.01081,1.01092,1.50,1.50
2011.12.28 16:02:50.723,1.01079,1.01092,1.50,1.50
2011.12.28 16:02:50.931,1.01079,1.0109,1.50,1.88
2011.12.28 16:02:51.005,1.01077,1.0109,2.25,3.75
2011.12.28 16:02:51.572,1.01077,1.01089,2.25,1.13
2011.12.28 16:02:52.064,1.01077,1.01089,1.50,1.88
2011.12.28 16:02:52.213,1.01075,1.01089,1.50,1.88
2011.12.28 16:02:52.576,1.01073,1.01086,1.88,2.25
2011.12.28 16:02:52.668,1.01073,1.01084,1.13,2.25
2011.12.28 16:02:52.744,1.0107,1.01083,2.25,1.13
2011.12.28 16:02:52.816,1.0107,1.01082,2.25,1.50
2011.12.28 16:02:53.032,1.01068,1.01078,1.13,1.13
2011.12.28 16:02:53.594,1.01068,1.01082,1.13,1.50
2011.12.28 16:02:55.413,1.01074,1.01083,1.13,2.25
2011.12.28 16:02:55.554,1.01074,1.01083,1.13,2.25
2011.12.28 16:02:56.322,1.01076,1.01086,1.13,3.00
2011.12.28 16:02:56.713,1.01074,1.01086,2.63,1.50
2011.12.28 16:02:56.790,1.01074,1.01083,1.13,2.25
2011.12.28 16:02:58.319,1.01074,1.01083,1.50,1.50
2011.12.28 16:02:58.400,1.01078,1.01083,1.35,1.50
2011.12.28 16:02:58.948,1.01085,1.01095,2.25,1.50
2011.12.28 16:02:59.036,1.01083,1.01094,1.13,3.00
2011.12.28 16:02:59.114,1.01083,1.01094,1.13,3.00
2011.12.28 16:02:59.676,1.01083,1.01096,1.13,2.25
2011.12.28 16:02:59.891,1.01087,1.01098,1.13,3.00
2011.12.28 16:03:00.039,1.01087,1.01099,1.13,1.50
2011.12.28 16:03:00.591,1.01087,1.01101,1.13,3.00
2011.12.28 16:03:01.584,1.0109,1.01099,2.25,1.50
2011.12.28 16:03:01.650,1.01087,1.01101,3.38,1.50
2011.12.28 16:03:02.128,1.01085,1.01099,2.25,2.25
2011.12.28 16:03:02.489,1.01081,1.01093,1.50,1.88
2011.12.28 16:03:02.708,1.01079,1.01092,1.50,2.25
2011.12.28 16:03:03.126,1.01073,1.01083,2.25,2.25
2011.12.28 16:03:03.684,1.01073,1.01085,1.13,2.25
2011.12.28 16:03:04.182,1.01076,1.01088,1.50,1.13
2011.12.28 16:03:04.251,1.01076,1.01089,1.50,1.88
2011.12.28 16:03:04.813,1.01076,1.01089,1.50,1.88
2011.12.28 16:03:08.641,1.01073,1.01087,2.63,2.25
2011.12.28 16:03:08.995,1.01069,1.01083,2.63,2.25
2011.12.28 16:03:09.355,1.01068,1.01084,3.38,1.88
2011.12.28 16:03:09.958,1.01073,1.01085,1.13,1.50
2011.12.28 16:03:10.525,1.01073,1.01086,1.13,1.50
2011.12.28 16:03:12.442,1.01073,1.01087,2.63,1.50
2011.12.28 16:03:12.581,1.01073,1.01087,2.63,1.50
2011.12.28 16:03:13.732,1.01073,1.01083,1.50,1.13
2011.12.28 16:03:14.081,1.01071,1.01083,2.25,1.88
2011.12.28 16:03:14.924,1.01073,1.01086,1.13,3.00
2011.12.28 16:03:15.214,1.01073,1.01086,1.13,2.25
2011.12.28 16:03:15.353,1.01076,1.01087,1.50,1.50
2011.12.28 16:03:18.299,1.01073,1.01089,2.63,1.88
2011.12.28 16:03:18.376,1.01073,1.01088,2.63,1.13
2011.12.28 16:03:18.875,1.01073,1.01085,1.13,2.25
2011.12.28 16:03:19.103,1.01074,1.01084,1.50,2.25
2011.12.28 16:03:19.300,1.01074,1.01088,1.50,1.50
2011.12.28 16:03:21.999,1.01073,1.01087,3.38,1.88
2011.12.28 16:03:23.942,1.01073,1.01087,3.38,1.13
2011.12.28 16:03:24.410,1.01079,1.01091,2.25,2.25
2011.12.28 16:03:24.499,1.01084,1.01095,2.25,1.88
2011.12.28 16:03:24.787,1.01084,1.01091,1.50,1.13
2011.12.28 16:03:25.147,1.01076,1.01084,2.25,2.25
2011.12.28 16:03:25.226,1.0107,1.01081,1.20,2.25
2011.12.28 16:03:25.771,1.01068,1.01083,3.00,3.38
2011.12.28 16:03:28.902,1.0107,1.01083,1.50,1.88
2011.12.28 16:03:28.971,1.01067,1.01083,1.88,3.38
2011.12.28 16:03:29.432,1.01064,1.01078,3.00,1.13
2011.12.28 16:03:29.571,1.01064,1.01078,2.25,1.88
2011.12.28 16:03:30.935,1.01066,1.01078,1.50,1.88
2011.12.28 16:03:31.263,1.01068,1.01081,1.50,3.00
2011.12.28 16:03:31.599,1.01067,1.01083,1.13,3.38
2011.12.28 16:03:32.617,1.01067,1.01083,2.25,3.38
2011.12.28 16:03:32.696,1.01068,1.01083,1.14,3.38
2011.12.28 16:03:32.780,1.01075,1.01083,1.88,1.50
2011.12.28 16:03:33.062,1.01079,1.01088,2.25,1.13
2011.12.28 16:03:33.135,1.01079,1.01089,2.25,1.88
2011.12.28 16:03:33.639,1.01077,1.01089,2.25,1.13
2011.12.28 16:03:33.711,1.01077,1.01089,1.50,1.88
2011.12.28 16:03:33.780,1.01077,1.01089,1.50,1.88
2011.12.28 16:03:34.060,1.01075,1.01088,2.63,2.25
2011.12.28 16:03:34.831,1.01075,1.01086,1.13,1.50
2011.12.28 16:03:34.911,1.01073,1.01082,1.50,1.13
2011.12.28 16:03:35.058,1.0107,1.01082,2.25,1.88
2011.12.28 16:03:35.142,1.01068,1.01081,2.25,2.25
2011.12.28 16:03:35.650,1.01068,1.01081,1.13,2.25
2011.12.28 16:03:39.775,1.01066,1.01075,1.50,1.88
2011.12.28 16:03:40.067,1.01068,1.01079,1.13,1.88
2011.12.28 16:03:40.143,1.01068,1.01076,1.13,1.50
2011.12.28 16:03:40.217,1.01068,1.0108,1.88,3.00
2011.12.28 16:03:41.024,1.01068,1.01081,1.88,1.50
2011.12.28 16:03:41.116,1.01065,1.01077,2.25,1.13
2011.12.28 16:03:45.230,1.01064,1.01077,1.50,1.13
2011.12.28 16:03:45.631,1.01069,1.01077,1.50,1.13
2011.12.28 16:03:45.900,1.01069,1.01082,1.50,1.88
2011.12.28 16:03:46.438,1.01068,1.01081,1.13,2.25
2011.12.28 16:03:47.681,1.01066,1.01077,1.50,1.13
2011.12.28 16:03:47.952,1.01063,1.01077,3.38,1.88
2011.12.28 16:03:49.180,1.01064,1.01077,1.50,1.88
2011.12.28 16:03:49.536,1.01063,1.01072,1.13,1.50
2011.12.28 16:03:50.174,1.01063,1.01074,1.13,2.25
2011.12.28 16:03:51.785,1.01063,1.01076,2.63,1.50
2011.12.28 16:03:52.060,1.01065,1.01077,3.00,1.88
2011.12.28 16:03:52.420,1.01067,1.01077,1.50,1.88
2011.12.28 16:03:53.014,1.0107,1.01077,1.50,1.13
2011.12.28 16:03:53.560,1.01071,1.01077,1.50,1.13
2011.12.28 16:03:53.704,1.01065,1.01077,2.25,1.13
2011.12.28 16:03:53.903,1.01065,1.01077,2.25,1.13
2011.12.28 16:03:58.920,1.01065,1.01073,2.25,1.13
2011.12.28 16:03:59.133,1.01062,1.01073,1.50,1.13
2011.12.28 16:03:59.206,1.01066,1.01077,1.13,3.00
2011.12.28 16:03:59.424,1.01066,1.01081,3.38,2.25
2011.12.28 16:03:59.504,1.01066,1.01081,3.38,1.50
2011.12.28 16:03:59.574,1.01069,1.01081,1.50,1.50
2011.12.28 16:04:00.117,1.01067,1.01081,1.50,1.50
2011.12.28 16:04:00.199,1.01067,1.01078,1.50,1.88
2011.12.28 16:04:00.342,1.01064,1.01078,3.00,1.88
2011.12.28 16:04:00.869,1.01065,1.01078,1.50,1.88
2011.12.28 16:04:01.594,1.01063,1.01078,1.50,3.38
2011.12.28 16:04:05.122,1.01063,1.01078,1.50,3.38
2011.12.28 16:04:05.405,1.01061,1.01073,2.25,1.88
2011.12.28 16:04:05.551,1.01061,1.01073,1.50,1.88
2011.12.28 16:04:05.869,1.01057,1.01071,1.88,2.25
2011.12.28 16:04:06.529,1.01057,1.01071,1.88,2.25
2011.12.28 16:04:13.203,1.01057,1.01073,3.38,1.88
2011.12.28 16:04:13.824,1.0106,1.01073,1.50,1.88
2011.12.28 16:04:14.232,1.01062,1.01073,1.50,1.13
2011.12.28 16:04:14.596,1.0107,1.0108,1.50,2.25
2011.12.28 16:04:14.676,1.01073,1.0108,1.88,1.50
2011.12.28 16:04:14.753,1.01073,1.01086,1.88,1.50
2011.12.28 16:04:15.243,1.01072,1.01085,4.50,1.13
2011.12.28 16:04:15.454,1.01072,1.01085,1.50,1.88
2011.12.28 16:04:15.660,1.01069,1.01085,3.75,1.88
2011.12.28 16:04:15.731,1.01069,1.01085,1.50,1.88
2011.12.28 16:04:19.010,1.01068,1.01082,1.13,1.88
2011.12.28 16:04:20.688,1.01071,1.01082,1.13,1.88
2011.12.28 16:04:21.051,1.01083,1.01092,1.50,1.88
2011.12.28 16:04:21.263,1.01083,1.01092,1.50,1.13
2011.12.28 16:04:21.616,1.0108,1.01092,1.50,1.88
2011.12.28 16:04:22.687,1.01083,1.01092,1.50,1.88
2011.12.28 16:04:23.253,1.01083,1.01092,1.50,1.13
2011.12.28 16:04:23.671,1.01081,1.01092,1.50,1.13
2011.12.28 16:04:23.746,1.01078,1.01092,2.63,1.88
2011.12.28 16:04:23.966,1.01076,1.01087,3.75,1.13
2011.12.28 16:04:24.268,1.01076,1.01087,2.25,1.88
2011.12.28 16:04:24.343,1.01073,1.01086,1.88,2.25
2011.12.28 16:04:24.880,1.01073,1.01084,1.13,2.25
2011.12.28 16:04:25.906,1.01073,1.01087,1.88,4.13
2011.12.28 16:04:25.991,1.01077,1.01088,1.13,2.25
2011.12.28 16:04:26.066,1.01078,1.01088,2.25,2.25
2011.12.28 16:04:26.351,1.01083,1.01093,1.50,1.88
2011.12.28 16:04:26.421,1.01081,1.01093,1.50,1.88
2011.12.28 16:04:26.561,1.01078,1.01093,2.25,3.38
2011.12.28 16:04:26.761,1.01078,1.01093,1.50,3.75
2011.12.28 16:04:29.262,1.01078,1.01092,1.50,1.88
2011.12.28 16:04:29.820,1.01079,1.01093,1.50,1.88
2011.12.28 16:04:31.394,1.01077,1.01092,3.38,2.25
2011.12.28 16:04:31.934,1.01077,1.0109,1.13,2.25
2011.12.28 16:04:37.686,1.01077,1.01088,1.13,1.13
2011.12.28 16:04:38.041,1.01067,1.0108,1.88,1.50
2011.12.28 16:04:38.591,1.01067,1.01081,1.88,2.25
2011.12.28 16:04:39.258,1.01068,1.01083,2.25,3.38
2011.12.28 16:04:39.336,1.0107,1.01083,1.50,1.88
2011.12.28 16:04:39.851,1.01067,1.01083,3.38,1.88
2011.12.28 16:04:40.052,1.01067,1.01083,3.38,1.88
2011.12.28 16:04:41.448,1.01074,1.01082,1.13,2.25
2011.12.28 16:04:41.662,1.01074,1.01082,1.13,2.25
2011.12.28 16:04:42.173,1.01074,1.01083,1.13,3.75
2011.12.28 16:04:42.688,1.01074,1.01082,1.13,1.50
2011.12.28 16:04:43.201,1.01074,1.01083,1.13,2.25
2011.12.28 16:04:44.241,1.01074,1.01084,1.13,2.25
2011.12.28 16:04:50.456,1.01074,1.01084,1.13,2.25
2011.12.28 16:04:50.534,1.01074,1.01088,1.13,2.63
2011.12.28 16:04:51.039,1.01074,1.01086,1.13,2.25
2011.12.28 16:04:51.181,1.01074,1.01085,1.13,1.50
2011.12.28 16:04:51.521,1.01074,1.01081,1.13,1.50
2011.12.28 16:04:52.069,1.01074,1.01084,1.13,2.25
2011.12.28 16:04:53.884,1.01074,1.01085,1.88,1.50
2011.12.28 16:04:53.968,1.0108,1.01085,1.50,1.50
2011.12.28 16:04:54.047,1.01082,1.01089,1.50,1.50
2011.12.28 16:04:54.120,1.01082,1.01091,2.25,3.00
2011.12.28 16:04:54.194,1.01082,1.01091,2.25,2.25
2011.12.28 16:04:54.276,1.01089,1.01094,1.13,1.13
2011.12.28 16:04:54.497,1.01089,1.01096,1.13,1.50
2011.12.28 16:04:54.997,1.01084,1.01096,4.88,1.50
2011.12.28 16:04:55.441,1.01084,1.01093,1.13,2.25
2011.12.28 16:04:55.896,1.01084,1.01093,1.13,2.25
2011.12.28 16:04:55.981,1.01079,1.01088,3.75,1.13
2011.12.28 16:04:56.261,1.01074,1.01088,3.00,1.88
2011.12.28 16:04:56.334,1.01074,1.01088,1.88,1.88
2011.12.28 16:04:57.098,1.01074,1.01087,1.88,1.50
2011.12.28 16:04:57.481,1.01074,1.01085,1.13,1.50
2011.12.28 16:04:57.640,1.01074,1.0109,1.13,3.38
2011.12.28 16:04:58.191,1.01075,1.0109,1.50,1.88
2011.12.28 16:04:58.593,1.01075,1.0109,1.50,1.88
2011.12.28 16:04:59.131,1.01075,1.0109,1.50,1.88
2011.12.28 16:04:59.665,1.01075,1.0109,1.50,1.88
2011.12.28 16:04:59.821,1.01079,1.0109,2.25,1.13
2011.12.28 16:04:59.971,1.01081,1.01094,1.50,1.88
2011.12.28 16:05:00.049,1.01084,1.01094,1.50,1.13
2011.12.28 16:05:02.213,1.01085,1.01098,1.13,1.50
2011.12.28 16:05:02.492,1.01087,1.01099,1.50,1.88
2011.12.28 16:05:02.706,1.01087,1.01099,1.50,1.88
2011.12.28 16:05:02.856,1.01085,1.01099,1.13,1.88
2011.12.28 16:05:02.937,1.01085,1.01099,1.13,2.25
2011.12.28 16:05:04.151,1.01085,1.01099,1.13,1.88
2011.12.28 16:05:04.503,1.0108,1.01091,3.38,1.50
2011.12.28 16:05:04.783,1.0108,1.01091,1.13,2.25
2011.12.28 16:05:04.857,1.0108,1.0109,1.13,1.13
2011.12.28 16:05:05.010,1.0108,1.0109,1.13,1.88
2011.12.28 16:05:05.525,1.0108,1.01087,1.13,1.13
2011.12.28 16:05:05.617,1.01075,1.01085,1.13,3.00
2011.12.28 16:05:06.184,1.01075,1.01086,1.13,3.83
2011.12.28 16:05:06.537,1.01076,1.01086,1.50,1.17
2011.12.28 16:05:06.612,1.01076,1.01089,1.50,1.88
2011.12.28 16:05:08.183,1.01076,1.01085,1.50,1.88
2011.12.28 16:05:08.321,1.01073,1.01085,2.63,1.13
2011.12.28 16:05:08.466,1.01078,1.01086,1.88,2.25
2011.12.28 16:05:08.613,1.01078,1.0109,1.88,1.88
2011.12.28 16:05:08.752,1.01085,1.01091,1.13,1.50
2011.12.28 16:05:09.033,1.01085,1.01094,1.13,2.25
2011.12.28 16:05:09.937,1.01085,1.01097,1.13,1.50
2011.12.28 16:05:10.223,1.0108,1.01094,1.13,1.88
2011.12.28 16:05:10.780,1.0108,1.01091,1.13,2.25
2011.12.28 16:05:14.323,1.0108,1.01093,1.13,2.25
2011.12.28 16:05:15.839,1.0108,1.01088,1.13,1.13
2011.12.28 16:05:15.914,1.0108,1.01084,1.13,1.50
2011.12.28 16:05:15.986,1.01075,1.0108,1.13,1.50
2011.12.28 16:05:16.482,1.01075,1.01083,1.13,2.25
2011.12.28 16:05:18.182,1.01075,1.01084,1.13,1.50
2011.12.28 16:05:18.326,1.01076,1.01089,1.50,2.25
2011.12.28 16:05:18.623,1.01075,1.01089,1.13,2.25
2011.12.28 16:05:21.102,1.01075,1.01088,1.13,2.63
2011.12.28 16:05:21.622,1.01075,1.01088,1.13,2.25
2011.12.28 16:05:21.748,1.01075,1.01088,1.13,2.25
2011.12.28 16:05:21.881,1.01075,1.01088,1.13,2.25
2011.12.28 16:05:22.316,1.01075,1.01088,1.13,2.25
2011.12.28 16:05:22.537,1.01075,1.01086,1.13,2.25
2011.12.28 16:05:23.201,1.01075,1.01087,1.13,2.55
2011.12.28 16:05:23.276,1.0108,1.01087,1.13,2.25
2011.12.28 16:05:23.810,1.0108,1.01092,1.13,2.25
2011.12.28 16:05:24.973,1.0108,1.01092,1.13,2.25
2011.12.28 16:05:31.958,1.01079,1.01092,1.13,2.25
2011.12.28 16:05:38.163,1.01077,1.01089,2.25,1.13
2011.12.28 16:05:38.372,1.01073,1.01088,3.38,2.25
2011.12.28 16:05:38.726,1.01084,1.0109,1.13,1.50
2011.12.28 16:05:39.519,1.01084,1.01096,1.88,3.00
2011.12.28 16:05:40.022,1.01084,1.01093,1.13,2.25
2011.12.28 16:05:40.937,1.01079,1.01094,3.75,1.88
2011.12.28 16:05:41.015,1.01079,1.0109,2.25,1.50
2011.12.28 16:05:41.515,1.01078,1.01092,1.88,2.25
2011.12.28 16:05:42.414,1.01079,1.01094,2.25,3.38
2011.12.28 16:05:42.684,1.01079,1.01094,2.25,3.38
2011.12.28 16:05:43.505,1.01079,1.01094,2.25,3.38
2011.12.28 16:05:44.044,1.01079,1.01093,2.25,2.62
2011.12.28 16:05:44.394,1.01077,1.01083,1.50,2.63
2011.12.28 16:05:44.678,1.01071,1.01083,1.50,1.13
2011.12.28 16:05:44.891,1.01074,1.01086,1.13,3.00
2011.12.28 16:05:45.366,1.01075,1.01088,1.50,1.88
2011.12.28 16:05:46.531,1.01075,1.01088,2.25,1.88
2011.12.28 16:05:46.673,1.01079,1.01088,1.50,1.88
2011.12.28 16:05:47.011,1.01082,1.01088,1.50,1.13
2011.12.28 16:05:47.974,1.01083,1.01092,1.88,2.25
2011.12.28 16:05:48.338,1.01087,1.01097,1.13,3.75
2011.12.28 16:05:49.119,1.01084,1.01096,2.25,1.50
2011.12.28 16:05:49.412,1.01083,1.01098,1.13,2.63
2011.12.28 16:05:49.483,1.01083,1.01098,1.88,2.63
2011.12.28 16:05:50.031,1.01082,1.01096,2.25,1.50
2011.12.28 16:05:50.242,1.01083,1.01098,3.00,3.38
2011.12.28 16:05:53.048,1.01086,1.01098,2.25,2.63
2011.12.28 16:05:53.472,1.01091,1.01098,1.50,1.13
2011.12.28 16:05:53.557,1.01091,1.01101,2.25,2.25
2011.12.28 16:05:53.641,1.0109,1.01103,3.75,1.13
2011.12.28 16:05:53.715,1.0109,1.01103,1.50,1.88
2011.12.28 16:05:53.934,1.01087,1.01103,3.38,1.88
2011.12.28 16:05:54.081,1.01089,1.01097,2.25,1.13
2011.12.28 16:05:55.657,1.0109,1.01102,2.25,4.50
2011.12.28 16:05:55.734,1.01095,1.01102,1.88,2.63
2011.12.28 16:05:55.885,1.01095,1.01104,1.88,1.50
2011.12.28 16:05:55.964,1.01095,1.01105,1.13,3.00
2011.12.28 16:05:56.255,1.01092,1.01103,3.00,1.88
2011.12.28 16:05:56.336,1.01092,1.01102,1.50,2.25
2011.12.28 16:05:56.487,1.01084,1.01098,3.38,2.63
2011.12.28 16:05:56.633,1.01085,1.01098,2.25,1.13
2011.12.28 16:05:56.705,1.01088,1.011,1.88,3.75
2011.12.28 16:05:56.780,1.01088,1.011,1.88,5.25
2011.12.28 16:05:56.925,1.01088,1.01097,1.88,2.82
2011.12.28 16:05:57.352,1.01081,1.01092,1.50,1.13
2011.12.28 16:05:57.576,1.01078,1.01092,3.38,1.13
2011.12.28 16:05:57.796,1.01081,1.01092,1.50,1.88
2011.12.28 16:05:58.226,1.01079,1.01092,2.25,2.63
2011.12.28 16:05:58.307,1.0108,1.01092,2.25,1.13
2011.12.28 16:05:58.737,1.01083,1.01092,1.50,1.88
2011.12.28 16:05:58.811,1.01079,1.01092,2.25,1.88
2011.12.28 16:05:59.253,1.01076,1.01087,1.50,1.13
2011.12.28 16:05:59.537,1.01077,1.01089,1.88,2.25
2011.12.28 16:05:59.614,1.01077,1.01091,1.13,1.13
2011.12.28 16:05:59.683,1.01074,1.01087,1.50,2.63
2011.12.28 16:05:59.825,1.01073,1.01087,1.88,4.99
2011.12.28 16:06:00.042,1.01073,1.01087,1.13,4.99
2011.12.28 16:06:00.188,1.01073,1.01086,1.13,2.25
2011.12.28 16:06:00.261,1.01073,1.01086,1.13,2.25
2011.12.28 16:06:00.684,1.01068,1.01082,3.38,1.13
2011.12.28 16:06:00.894,1.01068,1.0108,1.13,1.50
2011.12.28 16:06:01.707,1.01068,1.0108,1.88,1.50
2011.12.28 16:06:01.798,1.01073,1.01086,2.25,1.88
2011.12.28 16:06:02.017,1.01073,1.01082,1.50,1.13
2011.12.28 16:06:02.237,1.01072,1.01084,1.88,2.25
2011.12.28 16:06:02.313,1.01072,1.01085,1.88,1.50
2011.12.28 16:06:02.450,1.01073,1.01088,2.25,3.38
2011.12.28 16:06:02.644,1.01073,1.01088,2.25,4.13
2011.12.28 16:06:02.718,1.01073,1.01087,1.50,1.50
2011.12.28 16:06:03.076,1.01072,1.01088,3.38,3.75
2011.12.28 16:06:03.745,1.01072,1.01088,3.38,2.63
2011.12.28 16:06:03.836,1.01082,1.01088,2.25,1.88
2011.12.28 16:06:04.136,1.01082,1.01092,2.25,1.13
2011.12.28 16:06:04.637,1.0108,1.01092,1.50,1.13
2011.12.28 16:06:05.192,1.01081,1.01092,2.25,1.13
2011.12.28 16:06:05.723,1.01081,1.01092,2.25,1.13
2011.12.28 16:06:06.282,1.01081,1.01092,1.50,1.13
2011.12.28 16:06:06.846,1.01081,1.01092,2.25,1.13
2011.12.28 16:06:07.777,1.01082,1.01095,1.13,3.00
2011.12.28 16:06:07.995,1.01083,1.01095,1.88,3.75
2011.12.28 16:06:08.145,1.01083,1.01097,1.88,3.38
2011.12.28 16:06:08.299,1.01085,1.01097,1.50,2.63
2011.12.28 16:06:08.663,1.01097,1.01105,1.88,3.80
2011.12.28 16:06:08.808,1.01097,1.01105,1.13,2.30
2011.12.28 16:06:09.198,1.01094,1.01104,1.13,1.50
2011.12.28 16:06:09.306,1.01094,1.01104,1.13,3.75
2011.12.28 16:06:09.653,1.01092,1.01104,2.25,3.00
2011.12.28 16:06:09.932,1.0109,1.01102,1.50,1.50
2011.12.28 16:06:10.487,1.01088,1.01102,3.38,2.25
2011.12.28 16:06:10.923,1.01088,1.011,1.13,3.00
2011.12.28 16:06:11.220,1.01083,1.01093,1.50,1.13
2011.12.28 16:06:11.575,1.0108,1.01093,1.50,1.88
2011.12.28 16:06:11.655,1.01079,1.01093,1.50,1.88
2011.12.28 16:06:11.803,1.01079,1.01093,1.50,1.88
2011.12.28 16:06:12.503,1.01078,1.01093,2.25,1.88
2011.12.28 16:06:12.586,1.01082,1.01093,1.50,1.13
2011.12.28 16:06:15.913,1.01082,1.01093,2.25,1.13
2011.12.28 16:06:16.444,1.01096,1.011,2.25,2.25
2011.12.28 16:06:16.759,1.01099,1.01104,1.50,3.00
2011.12.28 16:06:17.055,1.01099,1.01104,1.50,2.25
2011.12.28 16:06:17.142,1.01099,1.01104,1.50,2.25
2011.12.28 16:06:17.224,1.01096,1.01104,2.25,1.50
2011.12.28 16:06:17.767,1.01095,1.01105,1.50,1.50
2011.12.28 16:06:18.263,1.01094,1.01105,1.50,2.25
2011.12.28 16:06:18.334,1.01094,1.01105,2.25,2.25
2011.12.28 16:06:18.894,1.01093,1.01104,1.88,1.50
2011.12.28 16:06:19.625,1.01093,1.01105,1.88,2.25
2011.12.28 16:06:19.720,1.01098,1.01104,1.50,1.50
2011.12.28 16:06:20.075,1.01094,1.01105,1.13,1.50
2011.12.28 16:06:20.157,1.01094,1.01105,1.13,1.50
2011.12.28 16:06:20.514,1.01098,1.01105,1.50,1.50
2011.12.28 16:06:20.875,1.01102,1.01106,1.50,1.50
2011.12.28 16:06:21.891,1.01099,1.01104,1.50,1.50
2011.12.28 16:06:22.031,1.01099,1.01104,1.50,1.50
2011.12.28 16:06:22.808,1.01099,1.01104,3.00,1.50
2011.12.28 16:06:22.885,1.01099,1.01104,1.50,1.50
2011.12.28 16:06:23.874,1.01099,1.01105,1.50,1.50
2011.12.28 16:06:24.434,1.011,1.01104,1.50,1.50
2011.12.28 16:06:25.045,1.01098,1.01104,1.50,1.50
2011.12.28 16:06:25.122,1.01093,1.01104,2.63,1.50
2011.12.28 16:06:25.192,1.01093,1.01105,3.38,3.00
2011.12.28 16:06:25.766,1.01099,1.01105,1.50,1.50
2011.12.28 16:06:26.322,1.01099,1.01108,1.50,1.50
2011.12.28 16:06:26.612,1.01101,1.0111,3.00,1.50
2011.12.28 16:06:26.690,1.01101,1.0111,3.08,1.50
2011.12.28 16:06:26.774,1.01108,1.01113,1.13,1.50
2011.12.28 16:06:27.420,1.01113,1.01121,1.88,1.50
2011.12.28 16:06:27.508,1.01113,1.01123,1.88,2.25
2011.12.28 16:06:27.587,1.01113,1.01123,1.88,1.50
2011.12.28 16:06:27.740,1.01114,1.01125,1.50,3.00
2011.12.28 16:06:27.819,1.01113,1.01125,1.88,1.50
2011.12.28 16:06:27.968,1.01111,1.01125,3.00,1.88
2011.12.28 16:06:28.256,1.01117,1.01122,1.13,1.50
2011.12.28 16:06:28.772,1.01116,1.01121,2.25,1.50
2011.12.28 16:06:28.858,1.01111,1.01122,2.25,1.88
2011.12.28 16:06:29.294,1.01111,1.01119,1.50,1.88
2011.12.28 16:06:29.386,1.01107,1.01119,2.25,1.88
2011.12.28 16:06:29.539,1.0111,1.01122,1.50,3.75
2011.12.28 16:06:30.079,1.0111,1.01122,2.25,1.88
2011.12.28 16:06:30.163,1.01108,1.01122,4.13,1.13
2011.12.28 16:06:30.375,1.01113,1.01122,1.50,1.13
2011.12.28 16:06:30.733,1.01113,1.01122,1.50,1.88
2011.12.28 16:06:30.875,1.01113,1.01122,1.50,1.13
2011.12.28 16:06:30.956,1.01109,1.01122,2.25,1.88
2011.12.28 16:06:31.245,1.01113,1.01122,1.50,1.13
2011.12.28 16:06:31.744,1.01111,1.01122,1.50,1.88
2011.12.28 16:06:31.833,1.01113,1.0112,1.50,1.50
2011.12.28 16:06:32.350,1.01111,1.01121,1.50,1.50
2011.12.28 16:06:32.427,1.01108,1.01121,1.88,1.50
2011.12.28 16:06:32.646,1.0111,1.01121,1.50,2.25
2011.12.28 16:06:33.226,1.0111,1.01117,1.50,1.13
2011.12.28 16:06:33.864,1.01108,1.01117,2.25,1.88
2011.12.28 16:06:35.057,1.0111,1.01116,1.50,1.50
2011.12.28 16:06:35.566,1.01108,1.01116,1.50,1.50
2011.12.28 16:06:36.073,1.0111,1.01116,1.50,1.50
2011.12.28 16:06:36.426,1.01108,1.01116,1.50,1.50
2011.12.28 16:06:36.869,1.0111,1.01116,2.25,1.50
2011.12.28 16:06:37.165,1.01115,1.01121,1.13,1.50
2011.12.28 16:06:37.247,1.01117,1.01126,1.13,1.50
2011.12.28 16:06:37.322,1.01114,1.01123,1.50,1.13
2011.12.28 16:06:37.396,1.01114,1.01123,1.50,1.88
2011.12.28 16:06:37.616,1.01109,1.01121,1.88,1.50
2011.12.28 16:06:37.835,1.01112,1.0112,1.50,1.50
2011.12.28 16:06:38.492,1.01112,1.0112,1.50,1.50
2011.12.28 16:06:39.373,1.01112,1.01121,1.50,1.50
2011.12.28 16:06:41.056,1.0111,1.01116,1.50,1.50
2011.12.28 16:06:41.137,1.01107,1.01116,3.00,1.50
2011.12.28 16:06:41.432,1.0111,1.01116,1.50,1.50
2011.12.28 16:06:41.790,1.0111,1.01119,2.25,1.50
2011.12.28 16:06:41.865,1.01114,1.01125,3.38,1.50
2011.12.28 16:06:42.014,1.01121,1.01126,1.50,1.50
2011.12.28 16:06:42.151,1.01119,1.01124,1.50,1.50
2011.12.28 16:06:42.222,1.01119,1.01126,1.50,1.50
2011.12.28 16:06:43.055,1.01119,1.01126,3.38,1.50
2011.12.28 16:06:43.142,1.01119,1.01128,3.38,1.50
2011.12.28 16:06:43.352,1.01119,1.0113,3.38,1.50
2011.12.28 16:06:43.894,1.01119,1.0113,3.38,1.50
2011.12.28 16:06:44.459,1.01125,1.0113,1.13,1.50
2011.12.28 16:06:44.952,1.01125,1.01133,1.13,1.50
2011.12.28 16:06:45.234,1.01125,1.01134,1.13,1.50
2011.12.28 16:06:46.265,1.01125,1.01134,1.13,1.50
2011.12.28 16:06:46.851,1.01125,1.01133,1.13,1.50
2011.12.28 16:06:47.392,1.01125,1.01133,1.51,1.50
2011.12.28 16:06:47.954,1.01138,1.01147,1.88,2.25
2011.12.28 16:06:48.112,1.01138,1.0115,2.63,2.25
2011.12.28 16:06:48.192,1.01138,1.01151,1.88,1.50
2011.12.28 16:06:48.271,1.01142,1.01152,1.50,4.88
2011.12.28 16:06:48.420,1.01138,1.01152,4.13,2.63
2011.12.28 16:06:48.499,1.0114,1.01151,1.13,1.50
2011.12.28 16:06:48.789,1.0114,1.01151,1.13,1.50
2011.12.28 16:06:49.322,1.0114,1.01152,1.13,1.50
2011.12.28 16:06:49.887,1.0114,1.01152,1.13,2.25
2011.12.28 16:06:50.433,1.0114,1.01152,1.13,1.50
2011.12.28 16:06:51.052,1.01146,1.01154,2.10,1.50
2011.12.28 16:06:51.418,1.01149,1.01163,2.10,1.50
2011.12.28 16:06:51.712,1.01154,1.01164,1.50,2.25
2011.12.28 16:06:51.851,1.01153,1.01162,1.13,1.50
2011.12.28 16:06:52.206,1.01155,1.01162,1.13,1.50
2011.12.28 16:06:52.818,1.01151,1.01165,2.25,1.88
2011.12.28 16:06:52.963,1.0115,1.01165,4.50,4.13
2011.12.28 16:06:53.033,1.0115,1.01165,3.00,3.38
2011.12.28 16:06:53.106,1.01155,1.01165,1.50,2.63
2011.12.28 16:06:53.187,1.0115,1.01165,2.25,2.63
2011.12.28 16:06:53.263,1.01159,1.01167,1.13,3.00
2011.12.28 16:06:53.686,1.01155,1.01164,3.00,1.88
2011.12.28 16:06:53.836,1.01155,1.01164,2.25,1.88
2011.12.28 16:06:53.912,1.01152,1.01164,1.13,3.38
2011.12.28 16:06:54.128,1.0115,1.01162,1.88,1.88
2011.12.28 16:06:54.208,1.0115,1.01162,1.88,1.88
2011.12.28 16:06:54.555,1.01155,1.0116,1.13,1.50
2011.12.28 16:06:55.183,1.01155,1.01162,1.13,1.13
2011.12.28 16:06:55.822,1.01155,1.01164,1.13,2.25
2011.12.28 16:06:56.036,1.01155,1.01168,1.13,1.50
2011.12.28 16:06:56.117,1.01155,1.01169,2.63,1.88
2011.12.28 16:06:56.547,1.0116,1.01169,1.50,1.13
2011.12.28 16:06:56.633,1.01156,1.01169,2.25,1.13
2011.12.28 16:06:56.772,1.01155,1.01169,2.63,1.13
2011.12.28 16:06:57.186,1.0116,1.01169,1.50,1.13
2011.12.28 16:06:57.535,1.01162,1.01169,1.50,1.13
2011.12.28 16:06:57.752,1.01159,1.01169,1.50,1.13
2011.12.28 16:06:58.378,1.01159,1.01169,1.50,1.88
2011.12.28 16:06:58.588,1.01155,1.01167,1.13,2.25
2011.12.28 16:07:00.348,1.01158,1.01169,1.50,1.13
2011.12.28 16:07:00.843,1.01155,1.01168,1.13,2.25
2011.12.28 16:07:03.275,1.01157,1.01169,1.50,1.88
2011.12.28 16:07:03.353,1.01157,1.01169,1.50,1.13
2011.12.28 16:07:03.740,1.01166,1.01172,2.25,2.25
2011.12.28 16:07:03.828,1.01163,1.0117,2.25,1.13
2011.12.28 16:07:03.975,1.0116,1.0117,3.00,1.88
2011.12.28 16:07:04.545,1.01154,1.0117,3.38,1.88
2011.12.28 16:07:04.752,1.01157,1.0117,1.50,1.88
2011.12.28 16:07:06.481,1.01154,1.0117,3.38,3.38
2011.12.28 16:07:07.160,1.01156,1.0117,1.50,1.88
2011.12.28 16:07:07.509,1.01154,1.01167,1.13,1.13
2011.12.28 16:07:08.028,1.01156,1.01169,1.50,1.50
2011.12.28 16:07:08.236,1.01154,1.01169,2.63,1.50
2011.12.28 16:07:08.386,1.01156,1.01169,1.50,1.50
2011.12.28 16:07:08.742,1.0116,1.0117,1.50,1.88
2011.12.28 16:07:09.585,1.01159,1.0117,1.50,1.88
2011.12.28 16:07:09.939,1.01161,1.0117,1.50,1.13
2011.12.28 16:07:10.343,1.01158,1.0117,3.00,1.13
2011.12.28 16:07:10.874,1.01157,1.0117,1.50,1.88
2011.12.28 16:07:11.289,1.0116,1.0117,1.50,1.88
2011.12.28 16:07:11.979,1.01157,1.0117,1.50,1.13
2011.12.28 16:07:12.530,1.01158,1.0117,1.50,1.13
2011.12.28 16:07:12.601,1.0116,1.0117,1.50,1.88
2011.12.28 16:07:12.801,1.01158,1.0117,3.75,1.13
2011.12.28 16:07:13.002,1.01154,1.0117,3.38,1.88
2011.12.28 16:07:13.765,1.01154,1.0117,3.38,1.88
2011.12.28 16:07:15.452,1.01154,1.0117,3.38,1.88
2011.12.28 16:07:15.973,1.01154,1.0117,3.38,2.63
2011.12.28 16:07:16.311,1.01154,1.0117,3.38,1.88
2011.12.28 16:07:16.521,1.01154,1.0117,3.38,2.63
2011.12.28 16:07:16.722,1.01154,1.0117,3.38,1.88
2011.12.28 16:07:16.863,1.01154,1.0117,4.13,1.88
2011.12.28 16:07:17.209,1.01162,1.0117,1.88,1.13
2011.12.28 16:07:17.702,1.01171,1.0118,1.50,1.95
2011.12.28 16:07:17.778,1.01169,1.01181,2.63,2.63
2011.12.28 16:07:17.926,1.01171,1.01182,1.50,1.13
2011.12.28 16:07:18.010,1.01171,1.01185,1.50,2.63
2011.12.28 16:07:18.084,1.01175,1.01185,1.50,1.88
2011.12.28 16:07:18.583,1.01172,1.01185,1.50,1.13
2011.12.28 16:07:18.660,1.01171,1.01185,3.00,1.13
2011.12.28 16:07:19.308,1.01169,1.0118,2.25,1.13
2011.12.28 16:07:19.885,1.01169,1.0118,2.25,1.13
2011.12.28 16:07:20.450,1.01169,1.0118,1.50,1.13
2011.12.28 16:07:20.863,1.01167,1.0118,3.00,1.13
2011.12.28 16:07:21.619,1.01166,1.0118,1.50,2.63
2011.12.28 16:07:21.700,1.01165,1.01179,1.50,1.50
2011.12.28 16:07:22.052,1.01164,1.0118,1.88,4.88
2011.12.28 16:07:23.028,1.01166,1.01176,2.25,1.50
2011.12.28 16:07:23.506,1.01164,1.01174,1.13,1.88
2011.12.28 16:07:24.062,1.01164,1.01173,1.13,3.75
2011.12.28 16:07:24.203,1.01161,1.01173,2.25,3.75
2011.12.28 16:07:24.560,1.0116,1.0117,1.88,1.50
2011.12.28 16:07:25.054,1.0116,1.01169,1.50,1.88
2011.12.28 16:07:25.358,1.01164,1.0117,2.25,2.25
2011.12.28 16:07:25.717,1.01168,1.01176,1.50,1.50
2011.12.28 16:07:25.797,1.01168,1.01176,1.50,1.50
2011.12.28 16:07:25.874,1.01165,1.01176,3.38,1.50
2011.12.28 16:07:26.013,1.01169,1.01176,1.50,1.50
2011.12.28 16:07:26.091,1.01166,1.01179,2.25,2.63
2011.12.28 16:07:33.722,1.01165,1.01179,1.13,3.38
2011.12.28 16:07:33.913,1.01165,1.01178,1.13,1.50
2011.12.28 16:07:34.475,1.01165,1.01173,1.13,1.50
2011.12.28 16:07:34.894,1.01165,1.01173,1.13,3.00
2011.12.28 16:07:35.587,1.01165,1.01173,1.13,3.00
2011.12.28 16:07:36.141,1.01165,1.01173,1.13,3.00
2011.12.28 16:07:36.738,1.01165,1.01173,1.13,3.00
2011.12.28 16:07:36.823,1.01158,1.0117,3.75,1.88
2011.12.28 16:07:36.967,1.01158,1.0117,1.50,1.88
2011.12.28 16:07:37.323,1.01159,1.01174,2.63,2.25
2011.12.28 16:07:37.391,1.01159,1.01174,2.63,2.25
2011.12.28 16:07:39.942,1.01159,1.01174,1.50,3.76
2011.12.28 16:07:41.462,1.01157,1.01163,1.50,2.25
2011.12.28 16:07:41.545,1.01155,1.01162,1.13,1.50
2011.12.28 16:07:42.103,1.01155,1.01164,1.13,3.75
2011.12.28 16:07:42.867,1.01155,1.01166,1.13,1.50
2011.12.28 16:07:44.707,1.01155,1.01165,1.13,1.50
2011.12.28 16:07:45.834,1.01155,1.01169,2.63,3.38
2011.12.28 16:07:46.750,1.01159,1.01172,1.13,2.25
2011.12.28 16:07:47.095,1.01161,1.01174,1.50,2.63
2011.12.28 16:07:47.174,1.01161,1.01172,1.50,1.50
2011.12.28 16:07:47.553,1.01154,1.01161,1.88,1.50
2011.12.28 16:07:48.026,1.01151,1.01156,3.00,1.50
2011.12.28 16:07:48.260,1.0114,1.01153,6.38,2.25
2011.12.28 16:07:48.705,1.0114,1.01153,1.88,2.25
2011.12.28 16:07:48.998,1.01145,1.01153,1.13,1.50
2011.12.28 16:07:49.078,1.01145,1.01156,1.13,1.50
2011.12.28 16:07:49.611,1.01145,1.01158,1.13,2.25
2011.12.28 16:08:02.249,1.01145,1.01159,1.88,1.88
2011.12.28 16:08:02.399,1.0115,1.01159,1.50,1.13
2011.12.28 16:08:02.761,1.0115,1.01163,2.25,3.00
2011.12.28 16:08:03.169,1.01154,1.01165,1.13,1.50
2011.12.28 16:08:04.975,1.01154,1.01168,1.13,3.00
2011.12.28 16:08:05.082,1.01148,1.01159,1.88,1.13
2011.12.28 16:08:05.308,1.01146,1.01159,1.50,2.63
2011.12.28 16:08:05.461,1.01145,1.01156,1.13,1.50
2011.12.28 16:08:05.813,1.01145,1.0115,1.88,1.50
2011.12.28 16:08:06.028,1.0114,1.0115,2.63,1.88
2011.12.28 16:08:06.489,1.01136,1.0115,2.25,3.38
2011.12.28 16:08:06.633,1.01136,1.0115,1.50,3.38
2011.12.28 16:08:06.703,1.01135,1.0115,2.25,4.88
2011.12.28 16:08:07.261,1.01135,1.0115,2.25,4.13
2011.12.28 16:08:07.820,1.01135,1.01148,1.50,1.50
2011.12.28 16:08:08.434,1.01134,1.01149,1.13,3.00
2011.12.28 16:08:08.981,1.01134,1.01149,1.88,3.38
2011.12.28 16:08:09.523,1.01134,1.01147,1.88,1.50
2011.12.28 16:08:09.735,1.01132,1.01144,1.50,1.88
2011.12.28 16:08:10.199,1.0113,1.01144,1.13,4.13
2011.12.28 16:08:10.354,1.0113,1.01144,1.13,3.38
2011.12.28 16:08:10.701,1.01135,1.01146,1.88,1.50
2011.12.28 16:08:11.259,1.01135,1.01148,1.13,2.25
2011.12.28 16:08:11.395,1.01135,1.01148,1.88,1.50
2011.12.28 16:08:11.478,1.01139,1.0115,1.13,1.50
2011.12.28 16:08:12.094,1.0114,1.01152,1.50,1.50
2011.12.28 16:08:12.386,1.01139,1.01153,1.13,3.00
2011.12.28 16:08:12.892,1.01139,1.01152,1.13,1.50
2011.12.28 16:08:12.968,1.01139,1.01152,1.13,1.50
2011.12.28 16:08:13.193,1.01141,1.01153,1.50,2.25
2011.12.28 16:08:13.598,1.01144,1.01153,1.13,1.50
2011.12.28 16:08:13.689,1.01141,1.01154,1.50,4.13
2011.12.28 16:08:14.189,1.01141,1.01154,1.50,1.88
2011.12.28 16:08:14.332,1.01141,1.01154,1.50,1.88
2011.12.28 16:08:14.406,1.01143,1.01154,1.50,1.88
2011.12.28 16:08:14.552,1.01141,1.01154,1.50,1.88
2011.12.28 16:08:14.973,1.01141,1.01154,1.50,2.63
2011.12.28 16:08:15.114,1.01141,1.01154,1.50,1.88
2011.12.28 16:08:15.325,1.01141,1.01149,1.50,1.13
2011.12.28 16:08:15.964,1.01139,1.01149,1.50,1.13
2011.12.28 16:08:16.044,1.01139,1.01149,1.50,1.88
2011.12.28 16:08:16.120,1.01135,1.01145,1.88,1.50
2011.12.28 16:08:16.196,1.01135,1.01145,1.13,1.50
2011.12.28 16:08:16.277,1.01135,1.01143,1.13,1.50
2011.12.28 16:08:16.562,1.0113,1.01143,2.63,1.13
2011.12.28 16:08:17.286,1.01129,1.01145,1.88,4.88
2011.12.28 16:08:20.732,1.0113,1.0114,2.25,1.13
2011.12.28 16:08:21.088,1.01125,1.0114,3.00,1.13
2011.12.28 16:08:22.378,1.01127,1.0114,2.25,1.50
2011.12.28 16:08:22.740,1.01124,1.01132,1.13,1.13
2011.12.28 16:08:22.815,1.01121,1.01133,3.00,4.88
2011.12.28 16:08:22.964,1.01119,1.01131,1.13,2.25
2011.12.28 16:08:23.458,1.01118,1.01125,1.50,1.88
2011.12.28 16:08:23.793,1.01118,1.01124,1.50,1.50
2011.12.28 16:08:23.873,1.01111,1.01121,1.88,1.50
2011.12.28 16:08:24.016,1.01111,1.01123,1.88,3.75
2011.12.28 16:08:24.590,1.01111,1.01122,1.13,1.88
2011.12.28 16:08:24.805,1.01115,1.01125,1.13,2.25
2011.12.28 16:08:24.889,1.01115,1.01127,1.13,2.25
2011.12.28 16:08:25.043,1.01119,1.01127,1.13,1.50
2011.12.28 16:08:25.467,1.01123,1.01135,1.50,2.25
2011.12.28 16:08:25.550,1.01123,1.01135,3.00,1.13
2011.12.28 16:08:25.976,1.01124,1.01138,2.63,1.50
2011.12.28 16:08:26.475,1.01121,1.01135,4.50,1.13
2011.12.28 16:08:26.624,1.01121,1.01135,2.25,1.13
2011.12.28 16:08:27.403,1.01121,1.01135,2.25,1.13
2011.12.28 16:08:27.919,1.01121,1.01135,2.25,1.13
2011.12.28 16:08:28.439,1.01121,1.01135,2.25,1.13
2011.12.28 16:08:29.305,1.01121,1.01135,2.25,1.13
2011.12.28 16:08:29.840,1.01121,1.01135,2.25,1.13
2011.12.28 16:08:30.406,1.01121,1.01135,2.25,1.13
2011.12.28 16:08:33.216,1.01121,1.01129,2.25,1.13
2011.12.28 16:08:33.780,1.01121,1.01129,3.00,1.13
2011.12.28 16:08:38.471,1.01121,1.01129,2.25,1.13
2011.12.28 16:08:38.813,1.01121,1.01134,2.25,1.13
2011.12.28 16:08:39.383,1.01124,1.01134,1.50,1.13
2011.12.28 16:08:41.708,1.01124,1.01133,1.50,2.25
2011.12.28 16:08:42.236,1.01124,1.01134,1.50,1.88
2011.12.28 16:08:42.454,1.01121,1.01134,2.25,1.88
2011.12.28 16:08:46.766,1.0112,1.01132,1.88,1.50
2011.12.28 16:08:47.065,1.01113,1.01124,1.50,1.88
2011.12.28 16:08:48.231,1.01111,1.01124,1.50,1.13
2011.12.28 16:08:48.915,1.0111,1.01124,1.88,1.88
2011.12.28 16:08:52.979,1.0111,1.01123,1.88,1.50
2011.12.28 16:08:53.241,1.01107,1.01119,1.50,1.88
2011.12.28 16:08:53.561,1.01107,1.01119,1.50,1.88
2011.12.28 16:08:54.115,1.01106,1.01119,1.50,1.88
2011.12.28 16:08:54.679,1.01106,1.01118,1.50,1.50
2011.12.28 16:08:55.043,1.011,1.01113,1.88,2.25
2011.12.28 16:08:55.581,1.011,1.01113,1.13,3.75
2011.12.28 16:08:56.067,1.01096,1.01107,2.25,3.00
2011.12.28 16:08:56.285,1.011,1.01107,1.13,3.00
2011.12.28 16:08:57.246,1.01099,1.0111,2.25,1.88
2011.12.28 16:08:57.603,1.011,1.01114,1.13,2.25
2011.12.28 16:08:57.673,1.011,1.01114,1.88,1.88
2011.12.28 16:08:58.210,1.011,1.01114,1.13,2.63
2011.12.28 16:08:59.024,1.01101,1.01114,1.50,3.38
2011.12.28 16:08:59.534,1.01103,1.01115,1.50,1.50
2011.12.28 16:08:59.607,1.01105,1.01116,1.13,1.50
2011.12.28 16:08:59.755,1.01114,1.01118,1.13,1.50
2011.12.28 16:08:59.842,1.01114,1.01118,1.13,1.50
2011.12.28 16:09:00.052,1.01114,1.01124,1.13,2.63
2011.12.28 16:09:00.193,1.0111,1.01124,4.13,3.75
2011.12.28 16:09:01.565,1.01111,1.0112,1.50,1.13
2011.12.28 16:09:02.185,1.01111,1.0112,2.25,1.13
2011.12.28 16:09:02.265,1.01111,1.01124,2.25,1.88
2011.12.28 16:09:02.344,1.01111,1.01124,2.25,3.00
2011.12.28 16:09:05.169,1.01117,1.01124,1.13,1.50
2011.12.28 16:09:05.248,1.01119,1.01127,1.13,3.00
2011.12.28 16:09:05.391,1.01119,1.01128,1.13,2.63
2011.12.28 16:09:05.601,1.01119,1.01132,2.63,1.13
2011.12.28 16:09:05.941,1.01119,1.01133,2.63,1.50
2011.12.28 16:09:06.689,1.01119,1.01128,1.13,1.50
2011.12.28 16:09:07.241,1.01119,1.01131,1.13,2.25
2011.12.28 16:09:08.151,1.01119,1.01131,1.88,2.25
2011.12.28 16:09:08.954,1.01119,1.01128,1.13,1.50
2011.12.28 16:09:09.022,1.01114,1.01125,1.88,1.88
2011.12.28 16:09:09.162,1.01113,1.01125,5.25,1.13
2011.12.28 16:09:09.512,1.01119,1.01132,1.88,2.25
2011.12.28 16:09:11.552,1.01119,1.01132,1.88,2.25
2011.12.28 16:09:12.070,1.01119,1.0113,1.88,1.13
2011.12.28 16:09:12.598,1.01119,1.01131,1.88,1.88
2011.12.28 16:09:12.680,1.01119,1.0113,1.13,1.50
2011.12.28 16:09:12.754,1.01116,1.01129,1.50,1.13
2011.12.28 16:09:13.651,1.01115,1.0113,2.25,2.63
2011.12.28 16:09:14.181,1.01115,1.0113,2.25,2.63
2011.12.28 16:09:16.478,1.01119,1.0113,1.50,1.88
2011.12.28 16:09:16.693,1.01122,1.0113,1.50,1.88
2011.12.28 16:09:16.843,1.01128,1.01133,1.50,2.25
2011.12.28 16:09:16.919,1.01128,1.01133,2.63,2.25
2011.12.28 16:09:17.000,1.01128,1.01137,2.63,1.50
2011.12.28 16:09:17.074,1.01128,1.01139,2.63,1.50
2011.12.28 16:09:17.227,1.01134,1.0114,1.13,1.50
2011.12.28 16:09:17.528,1.01134,1.01141,1.13,3.00
2011.12.28 16:09:18.032,1.01134,1.01143,1.13,3.00
2011.12.28 16:09:23.439,1.01134,1.01141,1.13,2.25
2011.12.28 16:09:23.512,1.0113,1.01141,2.25,2.25
2011.12.28 16:09:24.069,1.01129,1.01141,1.88,2.25
2011.12.28 16:09:24.635,1.01126,1.01139,4.50,1.13
2011.12.28 16:09:24.995,1.01124,1.01131,1.50,1.50
2011.12.28 16:09:25.214,1.0112,1.01131,1.88,1.50
2011.12.28 16:09:25.420,1.0112,1.01133,1.88,1.50
2011.12.28 16:09:25.611,1.0112,1.01133,1.88,2.25
2011.12.28 16:09:27.248,1.0112,1.01131,1.88,2.25
2011.12.28 16:09:27.661,1.0112,1.01131,1.88,2.25
2011.12.28 16:09:28.683,1.0112,1.01132,1.88,2.25
2011.12.28 16:09:28.754,1.01121,1.01134,1.50,1.88
2011.12.28 16:09:28.821,1.01124,1.01134,1.50,1.88
2011.12.28 16:09:29.346,1.01124,1.01134,1.50,1.13
2011.12.28 16:09:29.426,1.01121,1.01134,3.00,1.13
2011.12.28 16:09:30.610,1.01123,1.01134,1.13,1.13
2011.12.28 16:09:31.141,1.01123,1.01134,1.13,1.13
2011.12.28 16:09:32.446,1.01124,1.01138,1.13,2.25
2011.12.28 16:09:32.926,1.01128,1.0114,1.50,1.88
2011.12.28 16:09:33.262,1.01131,1.0114,1.50,1.13
2011.12.28 16:09:33.465,1.01129,1.0114,2.25,1.13
2011.12.28 16:09:34.690,1.0114,1.01144,1.13,3.00
2011.12.28 16:09:34.975,1.01141,1.01152,2.25,1.50
2011.12.28 16:09:35.042,1.01144,1.01152,1.13,1.50
2011.12.28 16:09:35.570,1.01144,1.01153,1.13,3.75
2011.12.28 16:09:36.622,1.01144,1.01152,1.13,1.50
2011.12.28 16:09:36.691,1.01141,1.0115,2.25,1.88
2011.12.28 16:09:36.902,1.01135,1.0115,2.25,2.63
2011.12.28 16:09:37.530,1.01138,1.0115,2.25,2.63
2011.12.28 16:09:37.883,1.01142,1.0115,1.50,1.13
2011.12.28 16:09:37.955,1.01142,1.01153,2.25,2.25
2011.12.28 16:09:38.175,1.01144,1.01154,1.50,1.88
2011.12.28 16:09:38.522,1.01139,1.01149,2.25,1.13
2011.12.28 16:09:38.938,1.01139,1.01153,3.38,1.50
2011.12.28 16:09:39.155,1.01142,1.01154,2.25,3.00
2011.12.28 16:09:39.235,1.01144,1.01155,3.75,1.88
2011.12.28 16:09:39.318,1.01149,1.01159,1.13,1.13
2011.12.28 16:09:39.750,1.01149,1.01164,1.13,3.00
2011.12.28 16:09:40.270,1.01149,1.01163,1.13,2.25
2011.12.28 16:09:40.720,1.01149,1.01163,1.13,2.25
2011.12.28 16:09:43.193,1.01148,1.0116,3.75,1.13
2011.12.28 16:09:43.870,1.0115,1.0116,1.50,1.13
2011.12.28 16:09:44.550,1.01147,1.0116,1.50,1.88
2011.12.28 16:09:46.014,1.01146,1.0116,3.00,2.63
2011.12.28 16:09:46.562,1.01149,1.0116,1.50,1.88
2011.12.28 16:09:46.880,1.01151,1.0116,1.50,1.13
2011.12.28 16:09:48.552,1.01148,1.0116,2.25,1.13
2011.12.28 16:09:48.890,1.01145,1.0116,3.00,3.38
2011.12.28 16:09:48.959,1.01145,1.0116,3.00,3.38
2011.12.28 16:09:49.422,1.01145,1.0116,2.25,3.38
2011.12.28 16:09:49.774,1.01145,1.01159,1.50,2.25
2011.12.28 16:09:51.243,1.01148,1.01158,1.13,1.50
2011.12.28 16:09:51.317,1.01148,1.01159,1.88,1.50
2011.12.28 16:09:51.672,1.01148,1.0116,2.63,2.25
2011.12.28 16:09:51.815,1.01146,1.01159,3.75,2.63
2011.12.28 16:09:52.370,1.01145,1.01159,3.38,2.63
2011.12.28 16:09:55.176,1.01149,1.01159,1.50,1.13
2011.12.28 16:09:55.602,1.01151,1.01159,1.50,1.13
2011.12.28 16:09:55.880,1.01149,1.01159,1.50,1.13
2011.12.28 16:09:57.159,1.01152,1.01164,2.60,6.98
2011.12.28 16:09:57.530,1.01164,1.01169,2.25,1.50
2011.12.28 16:09:57.936,1.0117,1.01181,1.13,2.25
2011.12.28 16:09:58.088,1.0117,1.01181,1.13,1.50
2011.12.28 16:09:58.166,1.0117,1.01179,1.13,2.25
2011.12.28 16:09:58.522,1.0117,1.01179,1.88,1.50
2011.12.28 16:09:59.309,1.0117,1.01178,1.88,2.25
2011.12.28 16:09:59.666,1.01165,1.01175,1.50,2.25
2011.12.28 16:09:59.746,1.01165,1.01176,1.50,2.25
2011.12.28 16:10:00.569,1.01165,1.01174,1.13,2.25
2011.12.28 16:10:00.921,1.01165,1.0117,1.13,1.50
2011.12.28 16:10:01.462,1.01165,1.01173,1.13,3.00
2011.12.28 16:10:02.521,1.01165,1.01173,1.13,2.25
2011.12.28 16:10:05.154,1.0116,1.01174,1.13,2.63
2011.12.28 16:10:13.291,1.0116,1.01174,1.13,4.13
2011.12.28 16:10:14.554,1.01161,1.01174,1.50,1.88
2011.12.28 16:10:15.071,1.0116,1.01174,1.88,4.13
2011.12.28 16:10:15.611,1.01161,1.01174,2.25,2.63
2011.12.28 16:10:17.692,1.01164,1.01176,1.88,2.25
2011.12.28 16:10:18.031,1.01166,1.01179,1.50,1.50
2011.12.28 16:10:18.381,1.0117,1.01183,2.25,1.50
2011.12.28 16:10:19.051,1.01167,1.0118,2.25,1.13
2011.12.28 16:10:19.590,1.01167,1.0118,1.50,1.13
2011.12.28 16:10:20.437,1.0117,1.0118,1.50,1.13
2011.12.28 16:10:23.513,1.0117,1.01184,3.38,5.25
2011.12.28 16:10:23.587,1.0117,1.01184,4.13,5.25
2011.12.28 16:10:23.942,1.01178,1.01184,1.13,1.50
2011.12.28 16:10:24.223,1.0118,1.01192,1.88,2.25
2011.12.28 16:10:24.294,1.01184,1.01191,1.13,1.50
2011.12.28 16:10:24.620,1.01184,1.01193,1.13,1.50
2011.12.28 16:10:24.697,1.01184,1.01195,1.88,1.50
2011.12.28 16:10:25.058,1.01184,1.01198,1.88,1.24
2011.12.28 16:10:25.205,1.01186,1.01197,1.50,1.50
2011.12.28 16:10:25.287,1.0119,1.01197,1.13,2.25
2011.12.28 16:10:25.430,1.0119,1.01197,1.88,1.50
2011.12.28 16:10:25.786,1.01188,1.01196,1.50,1.13
2011.12.28 16:10:25.865,1.01184,1.01196,2.25,1.13
2011.12.28 16:10:25.946,1.01185,1.01196,4.50,1.88
2011.12.28 16:10:26.514,1.0119,1.01203,3.00,2.25
2011.12.28 16:10:26.591,1.01186,1.01199,1.50,3.38
2011.12.28 16:10:26.664,1.0119,1.01199,1.13,2.25
2011.12.28 16:10:27.171,1.0119,1.01202,1.88,2.25
2011.12.28 16:10:27.663,1.0119,1.01197,1.88,1.50
2011.12.28 16:10:28.267,1.01188,1.01195,1.88,2.25
2011.12.28 16:10:28.623,1.01185,1.01191,1.88,1.50
2011.12.28 16:10:29.062,1.01185,1.01191,1.88,1.50
2011.12.28 16:10:29.592,1.01185,1.01191,1.88,1.50
2011.12.28 16:10:30.131,1.01185,1.01191,1.88,1.50
2011.12.28 16:10:30.413,1.01185,1.01194,1.88,3.75
2011.12.28 16:10:30.943,1.01185,1.01194,1.88,2.25
2011.12.28 16:10:32.364,1.01185,1.01194,2.63,1.50
2011.12.28 16:10:32.504,1.0119,1.012,1.13,2.25
2011.12.28 16:10:34.643,1.0119,1.01203,1.13,2.25
2011.12.28 16:10:34.782,1.01186,1.012,4.13,1.88
2011.12.28 16:10:36.541,1.01186,1.012,1.50,3.38
2011.12.28 16:10:37.139,1.01186,1.012,2.25,3.38
2011.12.28 16:10:37.639,1.01186,1.012,1.50,3.38
2011.12.28 16:10:37.781,1.01186,1.012,1.50,3.38
2011.12.28 16:10:37.851,1.01186,1.012,1.50,3.38
2011.12.28 16:10:38.371,1.01186,1.012,1.50,3.38
2011.12.28 16:10:38.639,1.01185,1.012,1.50,3.38
2011.12.28 16:10:38.830,1.01185,1.01199,1.50,1.88
2011.12.28 16:10:39.210,1.01184,1.01194,1.88,2.25
2011.12.28 16:10:39.771,1.01184,1.01193,1.13,3.00
2011.12.28 16:10:54.809,1.0118,1.01193,4.88,2.25
2011.12.28 16:10:54.893,1.0118,1.01193,5.25,1.50
2011.12.28 16:10:55.253,1.01194,1.01198,2.25,1.50
2011.12.28 16:10:55.330,1.01194,1.01201,2.63,2.25
2011.12.28 16:10:55.412,1.01198,1.01204,1.13,1.50
2011.12.28 16:10:55.567,1.01204,1.0121,2.63,1.13
2011.12.28 16:10:56.091,1.01205,1.01211,1.50,1.50
2011.12.28 16:10:56.230,1.01204,1.01215,1.13,1.50
2011.12.28 16:10:56.685,1.01204,1.01215,1.13,3.00
2011.12.28 16:10:56.762,1.012,1.01214,3.38,1.88
2011.12.28 16:10:56.960,1.01201,1.01214,1.50,1.88
2011.12.28 16:10:57.432,1.012,1.01214,3.38,1.88
2011.12.28 16:10:57.879,1.012,1.01213,3.38,1.50
2011.12.28 16:10:59.996,1.012,1.01214,1.88,1.88
2011.12.28 16:11:00.605,1.012,1.01214,1.88,1.88
2011.12.28 16:11:01.172,1.012,1.01212,1.88,2.63
2011.12.28 16:11:01.242,1.012,1.01212,1.88,2.63
2011.12.28 16:11:01.782,1.012,1.01212,1.88,1.88
2011.12.28 16:11:02.322,1.012,1.01213,1.88,3.00
2011.12.28 16:11:02.392,1.012,1.01213,1.88,3.00
2011.12.28 16:11:02.464,1.012,1.01213,1.88,3.00
2011.12.28 16:11:02.751,1.012,1.01213,1.88,3.00
2011.12.28 16:11:03.292,1.012,1.01213,1.88,2.63
2011.12.28 16:11:03.803,1.012,1.01213,3.38,1.50
2011.12.28 16:11:05.314,1.012,1.01214,3.38,2.63
2011.12.28 16:11:05.859,1.012,1.01213,3.38,1.50
2011.12.28 16:11:06.129,1.012,1.01214,3.38,2.63
2011.12.28 16:11:06.680,1.012,1.01213,3.38,1.50
2011.12.28 16:11:07.213,1.012,1.01213,3.38,2.25
2011.12.28 16:11:07.732,1.012,1.01214,3.38,2.63
2011.12.28 16:11:08.231,1.012,1.01213,3.38,1.50
2011.12.28 16:11:08.374,1.012,1.01213,3.38,1.50
2011.12.28 16:11:08.501,1.012,1.01213,3.38,1.50
2011.12.28 16:11:08.569,1.012,1.01213,3.38,1.50
2011.12.28 16:11:08.938,1.012,1.01214,3.38,2.63
2011.12.28 16:11:09.458,1.012,1.01214,3.38,2.63
2011.12.28 16:11:09.802,1.01201,1.01208,1.50,1.13
2011.12.28 16:11:09.873,1.01196,1.01208,1.13,2.63
2011.12.28 16:11:10.011,1.01193,1.01204,2.33,3.00
2011.12.28 16:11:10.083,1.01191,1.01202,1.13,1.50
2011.12.28 16:11:10.221,1.01189,1.01202,1.13,2.25
2011.12.28 16:11:11.009,1.01189,1.01204,3.38,2.25
2011.12.28 16:11:12.141,1.01189,1.01203,2.63,2.25
2011.12.28 16:11:12.487,1.01189,1.012,2.63,1.88
2011.12.28 16:11:12.623,1.01187,1.01198,1.50,2.25
2011.12.28 16:11:12.696,1.01187,1.01198,1.50,3.00
2011.12.28 16:11:12.772,1.01189,1.01198,1.13,3.00
2011.12.28 16:11:12.985,1.01189,1.01203,2.63,2.10
2011.12.28 16:11:13.556,1.01189,1.012,1.50,1.88
2011.12.28 16:11:15.780,1.01189,1.01198,1.50,1.88
2011.12.28 16:11:15.866,1.01183,1.01198,1.95,1.88
2011.12.28 16:11:16.023,1.01189,1.01198,1.13,3.00
2011.12.28 16:11:16.237,1.01189,1.01202,1.13,1.13
2011.12.28 16:11:16.313,1.01191,1.01202,1.50,1.13
2011.12.28 16:11:16.386,1.01191,1.01204,1.50,1.88
2011.12.28 16:11:16.466,1.01191,1.012,1.50,1.88
2011.12.28 16:11:18.421,1.01188,1.012,2.25,1.88
2011.12.28 16:11:20.024,1.01188,1.012,2.25,1.13
2011.12.28 16:11:20.096,1.01188,1.01204,3.38,6.38
2011.12.28 16:11:20.177,1.01188,1.01204,3.76,5.63
2011.12.28 16:11:20.652,1.01196,1.01204,1.50,1.50
2011.12.28 16:11:20.945,1.01201,1.0121,1.50,1.13
2011.12.28 16:11:21.673,1.012,1.0121,1.50,1.13
2011.12.28 16:11:22.227,1.01199,1.0121,1.50,1.13
2011.12.28 16:11:23.741,1.01198,1.0121,1.50,1.88
2011.12.28 16:11:23.819,1.01196,1.01209,2.25,2.25
2011.12.28 16:11:24.177,1.01194,1.01205,1.88,1.50
2011.12.28 16:11:24.727,1.01194,1.01205,1.88,2.25
2011.12.28 16:11:25.280,1.01194,1.01207,1.88,2.25
2011.12.28 16:11:27.153,1.01194,1.01207,1.88,2.25
2011.12.28 16:11:28.211,1.01194,1.01208,3.38,1.50
2011.12.28 16:11:28.970,1.01194,1.01208,1.88,3.75
2011.12.28 16:11:29.489,1.01194,1.01208,1.88,3.00
2011.12.28 16:11:30.160,1.01194,1.01208,1.88,3.00
2011.12.28 16:11:31.633,1.01194,1.01207,1.88,1.50
2011.12.28 16:11:32.163,1.01194,1.01208,3.38,1.50
2011.12.28 16:11:32.722,1.01194,1.01208,3.38,1.50
2011.12.28 16:11:33.440,1.01194,1.01208,3.38,1.50
2011.12.28 16:11:34.091,1.01194,1.01208,3.38,1.50
2011.12.28 16:11:34.994,1.01194,1.01207,3.38,1.50
2011.12.28 16:11:35.342,1.01192,1.01205,2.25,1.88
2011.12.28 16:11:37.014,1.01192,1.01205,1.50,1.88
2011.12.28 16:11:37.156,1.01195,1.01207,1.13,3.00
2011.12.28 16:11:37.503,1.01195,1.01207,1.88,3.00
2011.12.28 16:11:38.164,1.01195,1.01207,1.88,3.00
2011.12.28 16:11:38.588,1.01195,1.01207,1.88,3.00
2011.12.28 16:11:39.050,1.0119,1.01202,1.13,2.25
2011.12.28 16:11:41.786,1.0119,1.01204,1.13,2.63
2011.12.28 16:11:41.876,1.0119,1.01198,1.13,1.13
2011.12.28 16:11:42.032,1.01187,1.01194,1.50,1.88
2011.12.28 16:11:42.315,1.01182,1.01194,1.50,1.88
2011.12.28 16:11:42.872,1.01181,1.01194,4.50,1.13
2011.12.28 16:11:43.466,1.01183,1.01197,1.13,2.63
2011.12.28 16:11:44.888,1.01182,1.01196,1.13,1.88
2011.12.28 16:11:45.249,1.01182,1.01196,1.13,1.88
2011.12.28 16:11:45.764,1.01182,1.01196,1.88,1.88
2011.12.28 16:11:50.652,1.01182,1.01196,2.63,1.88
2011.12.28 16:11:51.172,1.01182,1.01196,1.88,1.88
2011.12.28 16:11:53.453,1.01182,1.01196,1.88,1.88
2011.12.28 16:11:53.589,1.01182,1.01196,1.88,1.88
2011.12.28 16:11:54.588,1.01182,1.01196,1.88,1.88
2011.12.28 16:11:54.661,1.01182,1.01196,1.88,1.88
2011.12.28 16:11:54.999,1.01182,1.01196,1.88,1.88
2011.12.28 16:11:57.391,1.01182,1.01196,1.88,1.88
2011.12.28 16:11:57.749,1.01181,1.01192,3.75,1.88
2011.12.28 16:11:57.892,1.01177,1.01192,2.25,3.38
2011.12.28 16:11:58.981,1.01178,1.01192,2.25,1.88
2011.12.28 16:11:59.530,1.01178,1.01192,2.25,1.13
2011.12.28 16:11:59.892,1.01178,1.01186,2.25,1.13
2011.12.28 16:12:00.248,1.01176,1.01186,3.00,1.88
2011.12.28 16:12:00.329,1.01176,1.01188,3.00,1.50
2011.12.28 16:12:00.482,1.01176,1.01182,2.25,1.13
2011.12.28 16:12:00.703,1.01172,1.01182,2.25,1.88
2011.12.28 16:12:01.187,1.01167,1.01182,3.00,4.13
2011.12.28 16:12:01.264,1.01167,1.01177,3.00,1.13
2011.12.28 16:12:01.614,1.01168,1.01181,1.50,1.50
2011.12.28 16:12:01.682,1.01167,1.01177,2.25,1.13
2011.12.28 16:12:02.357,1.01167,1.01177,2.25,1.13
2011.12.28 16:12:02.885,1.01165,1.01177,3.00,1.13
2011.12.28 16:12:05.301,1.01165,1.01177,2.25,1.13
2011.12.28 16:12:05.937,1.0116,1.01177,3.15,1.13
2011.12.28 16:12:06.013,1.01162,1.01177,2.40,3.38
2011.12.28 16:12:06.142,1.01162,1.01177,2.25,3.38
2011.12.28 16:12:06.213,1.01162,1.01177,1.50,3.38
2011.12.28 16:12:06.761,1.01161,1.01173,3.38,2.25
2011.12.28 16:12:07.230,1.01161,1.01173,3.38,2.25
2011.12.28 16:12:09.939,1.01161,1.01173,3.38,3.00
2011.12.28 16:12:10.070,1.01161,1.0117,3.38,1.50
2011.12.28 16:12:11.821,1.0116,1.0117,1.50,1.50
2011.12.28 16:12:12.342,1.01158,1.01171,1.50,1.50
2011.12.28 16:12:13.312,1.01158,1.01171,1.88,1.50
2011.12.28 16:12:13.873,1.01158,1.01171,1.50,1.50
2011.12.28 16:12:15.581,1.01158,1.01171,1.50,1.13
2011.12.28 16:12:16.058,1.01161,1.01174,3.98,2.25
2011.12.28 16:12:16.145,1.01162,1.01175,1.35,1.50
2011.12.28 16:12:16.224,1.01164,1.01177,1.50,1.88
2011.12.28 16:12:16.292,1.01162,1.01177,2.85,3.38
2011.12.28 16:12:18.752,1.01161,1.01175,4.88,1.50
2011.12.28 16:12:19.685,1.01161,1.01175,4.13,2.25
2011.12.28 16:12:20.230,1.01159,1.01171,2.25,1.13
2011.12.28 16:12:21.220,1.01159,1.01171,2.25,1.88
2011.12.28 16:12:21.772,1.01158,1.01171,2.25,2.63
2011.12.28 16:12:22.260,1.01155,1.01167,2.25,1.13
2011.12.28 16:12:22.340,1.01152,1.01167,3.75,4.13
2011.12.28 16:12:22.904,1.01151,1.01165,1.88,1.50
2011.12.28 16:12:23.894,1.01151,1.01165,1.88,1.50
2011.12.28 16:12:24.402,1.01151,1.01165,1.88,1.50
2011.12.28 16:12:24.961,1.01151,1.01165,1.88,1.50
2011.12.28 16:12:25.788,1.01157,1.01167,3.39,1.88
2011.12.28 16:12:26.147,1.01164,1.01174,1.50,3.00
2011.12.28 16:12:26.296,1.01166,1.01174,1.50,3.00
2011.12.28 16:12:26.380,1.01166,1.01174,2.25,3.00
2011.12.28 16:12:26.456,1.01171,1.01175,1.50,1.50
2011.12.28 16:12:26.604,1.0117,1.01175,1.50,1.50
2011.12.28 16:12:27.118,1.01168,1.01177,1.88,1.88
2011.12.28 16:12:27.193,1.01167,1.01177,1.88,1.88
2011.12.28 16:12:27.332,1.01167,1.01177,1.13,1.13
2011.12.28 16:12:27.403,1.01167,1.01177,1.88,1.13
2011.12.28 16:12:27.614,1.01167,1.01177,1.13,1.88
2011.12.28 16:12:27.962,1.01165,1.01172,1.13,1.13
2011.12.28 16:12:28.151,1.01164,1.01172,1.88,1.13
2011.12.28 16:12:28.465,1.01166,1.01176,1.13,2.25
2011.12.28 16:12:28.830,1.01166,1.01179,2.48,2.25
2011.12.28 16:12:28.905,1.01166,1.0118,1.73,3.00
2011.12.28 16:12:29.385,1.01172,1.01182,2.25,1.13
2011.12.28 16:12:29.455,1.01172,1.01182,1.50,1.13
2011.12.28 16:12:29.534,1.01174,1.01182,1.50,1.13
2011.12.28 16:12:29.745,1.01172,1.01186,3.00,1.88
2011.12.28 16:12:34.563,1.01172,1.01184,2.63,1.50
2011.12.28 16:12:34.987,1.01167,1.01182,5.22,1.88
2011.12.28 16:12:35.068,1.01166,1.01182,2.63,3.38
2011.12.28 16:12:35.744,1.01166,1.01176,1.50,1.13
2011.12.28 16:12:36.081,1.01165,1.01176,3.38,1.13
2011.12.28 16:12:37.162,1.01168,1.01176,2.25,1.13
2011.12.28 16:12:37.373,1.01168,1.01176,2.25,1.13
2011.12.28 16:12:38.037,1.01168,1.01176,2.25,1.13
2011.12.28 16:12:38.185,1.01168,1.01182,2.25,1.50
2011.12.28 16:12:40.315,1.01166,1.01182,4.13,3.38
2011.12.28 16:12:40.462,1.01174,1.01184,1.13,2.25
2011.12.28 16:12:41.019,1.01169,1.01181,2.25,1.50
2011.12.28 16:12:41.235,1.01172,1.01182,1.13,2.63
2011.12.28 16:12:41.736,1.0117,1.0118,3.00,1.50
2011.12.28 16:12:41.813,1.0117,1.0118,3.00,1.50
2011.12.28 16:12:41.952,1.01167,1.01179,2.25,1.50
2011.12.28 16:12:42.884,1.01168,1.01179,1.50,1.50
2011.12.28 16:12:42.953,1.01169,1.01181,1.50,1.50
2011.12.28 16:12:43.036,1.01172,1.01184,1.13,2.25
2011.12.28 16:12:46.714,1.01172,1.01184,1.88,1.50
2011.12.28 16:12:46.929,1.01174,1.01187,2.25,1.50
2011.12.28 16:12:47.079,1.01174,1.01188,2.25,1.13
2011.12.28 16:12:47.589,1.01178,1.01183,1.50,1.13
2011.12.28 16:12:47.674,1.01174,1.01183,1.50,1.13
2011.12.28 16:12:47.748,1.01175,1.01188,2.25,3.38
2011.12.28 16:12:47.836,1.01177,1.01187,1.50,1.13
2011.12.28 16:12:47.919,1.01177,1.01189,2.63,1.88
2011.12.28 16:12:47.994,1.01182,1.01189,1.88,1.50
2011.12.28 16:12:48.210,1.01182,1.01193,3.38,2.25
2011.12.28 16:12:48.285,1.01185,1.01195,3.75,1.50
2011.12.28 16:12:48.495,1.01189,1.01198,1.50,1.13
2011.12.28 16:12:48.648,1.0119,1.01202,1.50,2.63
2011.12.28 16:12:48.795,1.01188,1.01202,2.63,2.25
2011.12.28 16:12:50.216,1.01188,1.01202,2.63,1.88
2011.12.28 16:12:50.294,1.01188,1.01201,2.63,1.50
2011.12.28 16:12:50.646,1.01183,1.01191,1.50,1.50
2011.12.28 16:12:50.938,1.01181,1.01191,2.25,1.50
2011.12.28 16:12:51.246,1.01177,1.01191,2.63,1.50
2011.12.28 16:12:51.463,1.01177,1.01193,4.13,1.88
2011.12.28 16:12:52.124,1.01177,1.01191,2.63,2.25
2011.12.28 16:12:52.471,1.01177,1.01191,2.63,2.25
2011.12.28 16:12:54.035,1.01177,1.01192,4.13,2.25
2011.12.28 16:12:54.113,1.01179,1.01193,1.50,1.88
2011.12.28 16:12:54.460,1.01183,1.01193,1.50,1.88
2011.12.28 16:12:54.534,1.01181,1.01193,1.50,1.88
2011.12.28 16:12:55.000,1.01182,1.01193,1.73,1.88
2011.12.28 16:12:55.652,1.01182,1.01187,1.73,1.13
2011.12.28 16:12:55.912,1.0118,1.01187,2.25,1.13
2011.12.28 16:12:56.359,1.01176,1.01187,2.25,1.13
2011.12.28 16:12:56.400,1.01176,1.01187,1.50,1.88
2011.12.28 16:12:56.486,1.01173,1.01187,1.88,3.38
2011.12.28 16:12:56.632,1.01173,1.01187,1.13,3.38
2011.12.28 16:12:59.345,1.01173,1.01184,1.13,3.00
2011.12.28 16:12:59.624,1.01174,1.01187,1.13,3.38
2011.12.28 16:12:59.700,1.01183,1.0119,1.50,2.25
2011.12.28 16:12:59.779,1.01183,1.01191,1.50,1.13
2011.12.28 16:12:59.860,1.01185,1.01193,1.50,2.63
2011.12.28 16:12:59.937,1.01181,1.01193,1.50,2.63
2011.12.28 16:13:00.016,1.01181,1.01193,1.50,2.25
2011.12.28 16:13:00.615,1.01178,1.01193,1.88,1.50
2011.12.28 16:13:02.084,1.0118,1.01194,1.13,1.50
2011.12.28 16:13:02.437,1.0119,1.01194,1.50,1.50
2011.12.28 16:13:02.584,1.01188,1.01194,2.25,1.50
2011.12.28 16:13:02.899,1.01188,1.01198,2.25,1.13
2011.12.28 16:13:03.398,1.01184,1.01198,1.50,1.88
2011.12.28 16:13:03.482,1.01184,1.01196,1.50,1.50
2011.12.28 16:13:03.834,1.01182,1.01194,1.88,1.50
2011.12.28 16:13:04.184,1.01182,1.01196,1.88,2.25
2011.12.28 16:13:04.254,1.01182,1.01194,1.88,2.25
2011.12.28 16:13:04.468,1.01179,1.01192,2.25,3.38
2011.12.28 16:13:04.980,1.01181,1.01192,1.50,1.88
2011.12.28 16:13:05.186,1.01181,1.01189,1.50,1.50
2011.12.28 16:13:05.269,1.01178,1.01186,1.50,1.13
2011.12.28 16:13:05.343,1.01174,1.01186,1.88,1.13
2011.12.28 16:13:05.484,1.01175,1.01186,1.50,1.13
2011.12.28 16:13:06.185,1.01175,1.01186,3.00,1.13
2011.12.28 16:13:06.332,1.01175,1.01188,3.00,1.13
2011.12.28 16:13:06.403,1.01175,1.01188,4.13,1.13
2011.12.28 16:13:06.908,1.01173,1.01184,1.50,1.50
2011.12.28 16:13:07.463,1.01172,1.01184,1.88,1.50
2011.12.28 16:13:07.990,1.01172,1.01186,1.88,2.25
2011.12.28 16:13:15.910,1.01172,1.01186,1.88,2.25
2011.12.28 16:13:16.687,1.01172,1.01183,1.13,1.50
2011.12.28 16:13:16.771,1.01172,1.01181,1.13,1.50
2011.12.28 16:13:18.482,1.01171,1.01181,2.25,1.50
2011.12.28 16:13:18.611,1.01168,1.01182,1.88,2.63
2011.12.28 16:13:18.871,1.01168,1.01182,3.00,2.63
2011.12.28 16:13:21.159,1.01168,1.01182,2.63,2.63
2011.12.28 16:13:25.788,1.01171,1.01182,1.50,2.63
2011.12.28 16:13:26.363,1.01171,1.01182,1.50,1.13
2011.12.28 16:13:26.573,1.0117,1.01182,3.75,1.13
2011.12.28 16:13:27.204,1.01173,1.01185,1.88,1.50
2011.12.28 16:13:27.341,1.01174,1.01187,1.50,1.88
2011.12.28 16:13:27.416,1.01176,1.01188,2.63,1.50
2011.12.28 16:13:27.496,1.01176,1.01189,4.88,1.50
2011.12.28 16:13:27.581,1.01177,1.01191,4.50,2.25
2011.12.28 16:13:29.933,1.01177,1.01191,5.25,2.25
2011.12.28 16:13:30.517,1.01177,1.0119,2.25,1.50
2011.12.28 16:13:31.077,1.01177,1.0119,3.00,2.63
2011.12.28 16:13:31.595,1.01177,1.01188,3.00,1.13
2011.12.28 16:13:32.121,1.01177,1.01189,3.00,3.38
2011.12.28 16:13:32.323,1.01177,1.01187,3.00,1.13
2011.12.28 16:13:33.333,1.01177,1.01191,3.00,2.25
2011.12.28 16:13:33.416,1.01177,1.01183,2.25,1.50
2011.12.28 16:13:33.770,1.01168,1.01172,1.50,1.13
2011.12.28 16:13:33.853,1.01167,1.01172,2.25,1.13
2011.12.28 16:13:34.067,1.01162,1.01172,2.25,1.88
2011.12.28 16:13:34.218,1.01158,1.01172,1.88,1.88
2011.12.28 16:13:34.622,1.01167,1.01175,2.25,1.50
2011.12.28 16:13:34.979,1.01164,1.01172,3.00,2.25
2011.12.28 16:13:35.335,1.01158,1.01172,2.63,1.88
2011.12.28 16:13:35.416,1.0116,1.01172,1.50,1.88
2011.12.28 16:13:38.137,1.01161,1.01172,1.50,1.13
2011.12.28 16:13:38.216,1.01167,1.01175,1.13,2.25
2011.12.28 16:13:38.366,1.01167,1.01177,1.13,1.13
2011.12.28 16:13:39.241,1.01164,1.01178,1.50,1.88
2011.12.28 16:13:39.590,1.01162,1.01176,3.38,2.25
2011.12.28 16:13:42.014,1.01162,1.01178,2.63,1.88
2011.12.28 16:13:42.620,1.01162,1.01171,1.13,2.25
2011.12.28 16:13:45.756,1.01161,1.01172,2.25,1.88
2011.12.28 16:13:45.835,1.01158,1.01172,2.25,1.88
2011.12.28 16:13:46.212,1.01158,1.01172,1.50,1.88
2011.12.28 16:13:46.505,1.01154,1.01167,1.50,2.25
2011.12.28 16:13:47.052,1.01153,1.01167,3.38,1.88
2011.12.28 16:13:47.606,1.01154,1.01167,1.50,1.88
2011.12.28 16:13:49.703,1.01153,1.01167,3.38,1.88
2011.12.28 16:13:52.718,1.01153,1.01167,3.38,1.13
2011.12.28 16:13:53.505,1.0116,1.01167,1.50,1.13
2011.12.28 16:13:53.574,1.01157,1.01167,2.25,1.13
2011.12.28 16:13:53.781,1.01155,1.01167,2.25,1.13
2011.12.28 16:13:54.603,1.01154,1.01167,1.50,1.13
2011.12.28 16:13:59.972,1.01153,1.01167,1.88,1.13
2011.12.28 16:14:05.517,1.01157,1.01168,1.13,2.25
2011.12.28 16:14:06.291,1.01157,1.0117,1.13,2.25
2011.12.28 16:14:10.062,1.01157,1.01167,1.13,1.50
2011.12.28 16:14:10.209,1.01153,1.01163,1.88,2.25
2011.12.28 16:14:10.428,1.01153,1.01161,1.13,1.50
2011.12.28 16:14:10.922,1.01151,1.01161,2.25,2.25
2011.12.28 16:14:11.062,1.01147,1.01161,1.88,2.25
2011.12.28 16:14:11.737,1.01147,1.01161,1.88,1.50
2011.12.28 16:14:12.682,1.01147,1.01161,1.88,2.25
2011.12.28 16:14:12.940,1.01147,1.01161,1.88,2.25
2011.12.28 16:14:15.177,1.01153,1.01162,1.13,3.00
2011.12.28 16:14:19.371,1.01153,1.01162,1.13,2.25
2011.12.28 16:14:20.001,1.01153,1.01162,1.13,3.00
2011.12.28 16:14:20.553,1.01153,1.01162,3.38,3.00
2011.12.28 16:14:20.906,1.01153,1.01159,3.38,3.00
2011.12.28 16:14:21.124,1.01148,1.01159,3.38,3.00
2011.12.28 16:14:22.308,1.01148,1.0116,3.38,1.88
2011.12.28 16:14:25.446,1.01148,1.0116,3.38,1.50
2011.12.28 16:14:28.425,1.01148,1.01158,3.38,1.50
2011.12.28 16:14:28.822,1.01148,1.0116,3.38,3.00
2011.12.28 16:14:31.920,1.01148,1.0116,3.38,3.00
2011.12.28 16:14:33.672,1.01148,1.01158,3.38,1.88
2011.12.28 16:14:34.007,1.01148,1.01155,2.25,2.25
2011.12.28 16:14:34.086,1.01144,1.01153,2.25,1.50
2011.12.28 16:14:36.706,1.01144,1.01155,2.25,1.50
2011.12.28 16:14:36.788,1.01145,1.01155,1.50,1.50
2011.12.28 16:14:38.944,1.01145,1.01153,1.50,1.13
2011.12.28 16:14:39.016,1.01143,1.01153,2.25,1.13
2011.12.28 16:14:39.098,1.01141,1.01153,2.63,1.88
2011.12.28 16:14:39.247,1.01142,1.01156,1.88,1.50
2011.12.28 16:14:40.665,1.01144,1.01153,2.25,1.13
2011.12.28 16:14:40.816,1.01142,1.01153,1.50,1.13
2011.12.28 16:14:40.968,1.0114,1.01153,3.00,1.13
2011.12.28 16:14:41.114,1.01143,1.01157,3.00,2.25
2011.12.28 16:14:41.670,1.01143,1.01158,4.50,2.63
2011.12.28 16:14:42.272,1.01143,1.01158,4.88,1.88
2011.12.28 16:14:42.546,1.01145,1.01158,3.00,1.13
2011.12.28 16:14:43.105,1.01151,1.01158,1.50,1.13
2011.12.28 16:14:44.151,1.01149,1.01158,2.25,1.13
2011.12.28 16:14:44.223,1.01149,1.01162,3.00,1.88
2011.12.28 16:14:44.916,1.01149,1.01163,1.50,1.88
2011.12.28 16:14:46.515,1.01149,1.01157,1.50,1.13
2011.12.28 16:14:47.320,1.0115,1.01157,1.50,1.13
2011.12.28 16:14:48.905,1.01159,1.01163,2.25,1.13
2011.12.28 16:14:48.989,1.01156,1.01163,1.13,1.13
2011.12.28 16:14:49.063,1.01159,1.01163,2.25,1.13
2011.12.28 16:14:49.134,1.01156,1.01163,1.13,1.88
2011.12.28 16:14:49.483,1.01149,1.01163,1.50,2.63
2011.12.28 16:14:50.011,1.01147,1.01162,3.75,2.25
2011.12.28 16:14:50.528,1.01147,1.01161,1.13,2.25
2011.12.28 16:14:52.084,1.01147,1.01158,1.13,1.13
2011.12.28 16:14:52.299,1.01145,1.01158,1.88,2.25
2011.12.28 16:14:52.381,1.01144,1.01157,2.25,1.13
2011.12.28 16:14:52.931,1.01144,1.01155,2.25,3.00
2011.12.28 16:14:53.763,1.01144,1.01156,2.25,2.25
2011.12.28 16:14:54.326,1.01144,1.01157,2.25,2.25
2011.12.28 16:14:54.621,1.01144,1.01156,2.25,2.25
2011.12.28 16:14:55.317,1.01144,1.01152,2.25,1.50
2011.12.28 16:14:55.876,1.01144,1.01155,2.25,2.25
2011.12.28 16:14:56.091,1.01144,1.01155,2.25,2.25
2011.12.28 16:14:56.431,1.01144,1.01155,2.25,3.75
2011.12.28 16:14:56.761,1.01144,1.01155,2.25,2.25
2011.12.28 16:14:59.012,1.01144,1.01155,2.25,2.25
2011.12.28 16:15:00.194,1.01144,1.01157,2.25,1.13
2011.12.28 16:15:00.517,1.01144,1.01157,2.25,1.13
2011.12.28 16:15:01.281,1.01144,1.01154,2.25,3.00
2011.12.28 16:15:01.560,1.01144,1.01153,2.25,1.50
2011.12.28 16:15:02.130,1.01139,1.01153,3.75,1.88
2011.12.28 16:15:02.897,1.01139,1.01152,2.25,1.50
2011.12.28 16:15:04.755,1.01139,1.0115,2.25,1.50
2011.12.28 16:15:04.904,1.01139,1.01153,2.25,3.38
2011.12.28 16:15:05.111,1.01139,1.0115,2.25,1.50
2011.12.28 16:15:05.602,1.01139,1.01153,2.25,4.88
2011.12.28 16:15:06.903,1.01139,1.01153,2.25,6.00
2011.12.28 16:15:07.182,1.01139,1.01152,2.25,1.50
2011.12.28 16:15:07.319,1.01139,1.01153,2.25,4.88
2011.12.28 16:15:08.854,1.01139,1.01152,2.25,2.63
2011.12.28 16:15:11.062,1.01139,1.01152,3.00,1.50
2011.12.28 16:15:11.620,1.01139,1.01153,3.00,4.13
2011.12.28 16:15:12.361,1.01139,1.01153,3.00,5.63
2011.12.28 16:15:12.576,1.01133,1.01144,5.25,2.25
2011.12.28 16:15:12.902,1.01133,1.01142,3.38,2.25
2011.12.28 16:15:13.036,1.01133,1.01143,1.13,1.50
2011.12.28 16:15:13.180,1.01128,1.01142,1.88,1.13
2011.12.28 16:15:13.630,1.01128,1.01142,1.88,1.13
2011.12.28 16:15:14.842,1.01128,1.01142,1.88,1.88
2011.12.28 16:15:15.357,1.01125,1.01134,3.75,1.50
2011.12.28 16:15:15.925,1.01124,1.01134,2.25,3.00
2011.12.28 16:15:18.116,1.01118,1.01133,3.00,2.63
2011.12.28 16:15:18.264,1.01123,1.01133,1.13,1.50
2011.12.28 16:15:18.812,1.01124,1.01133,2.25,1.50
2011.12.28 16:15:21.961,1.01124,1.01134,3.75,1.50
2011.12.28 16:15:22.450,1.01124,1.01132,2.25,1.50
2011.12.28 16:15:26.195,1.01124,1.01134,2.25,3.00
2011.12.28 16:15:26.732,1.01124,1.01131,2.25,1.50
2011.12.28 16:15:27.241,1.01124,1.01132,2.25,3.00
2011.12.28 16:15:29.941,1.01124,1.01133,2.25,1.50
2011.12.28 16:15:30.680,1.01124,1.0113,2.25,1.50
2011.12.28 16:15:31.170,1.01118,1.0113,4.13,2.25
2011.12.28 16:15:32.561,1.01118,1.01132,4.13,1.88
2011.12.28 16:15:32.782,1.01118,1.01128,2.25,1.50
2011.12.28 16:15:33.362,1.01118,1.01128,2.25,1.50
2011.12.28 16:15:33.584,1.01118,1.01132,2.25,2.63
2011.12.28 16:15:37.121,1.01118,1.01132,3.00,2.25
2011.12.28 16:15:40.690,1.01118,1.01132,3.00,2.25
2011.12.28 16:15:41.017,1.01121,1.01133,1.13,1.50
2011.12.28 16:15:41.373,1.01124,1.01137,2.25,5.25
2011.12.28 16:15:42.092,1.01119,1.01135,3.00,1.50
2011.12.28 16:15:42.459,1.01119,1.01135,3.00,1.50
2011.12.28 16:15:43.024,1.01119,1.01136,4.50,1.50
2011.12.28 16:15:43.561,1.01119,1.01136,4.50,1.50
2011.12.28 16:15:44.662,1.01119,1.01133,4.50,1.13
2011.12.28 16:15:44.732,1.01124,1.01136,1.88,1.88
2011.12.28 16:15:44.804,1.01128,1.01136,2.25,1.50
2011.12.28 16:15:44.940,1.01125,1.01137,1.50,2.63
2011.12.28 16:15:45.013,1.01125,1.01136,1.50,1.88
2011.12.28 16:15:45.088,1.01123,1.01136,2.25,1.88
2011.12.28 16:15:48.233,1.01123,1.01134,2.25,2.25
2011.12.28 16:15:48.312,1.01128,1.01136,1.13,3.38
2011.12.28 16:15:48.394,1.0113,1.01141,1.50,1.50
2011.12.28 16:15:48.539,1.01131,1.01142,1.88,1.13
2011.12.28 16:15:48.900,1.01133,1.01147,1.88,3.38
2011.12.28 16:15:49.356,1.01136,1.01147,1.50,1.13
2011.12.28 16:15:49.435,1.01133,1.01147,5.63,1.13
2011.12.28 16:15:50.000,1.01133,1.01143,2.25,1.88
2011.12.28 16:15:50.359,1.01138,1.0115,1.50,3.75
2011.12.28 16:15:50.437,1.01139,1.0115,3.00,2.25
2011.12.28 16:15:50.514,1.01142,1.0115,1.50,1.50
2011.12.28 16:15:51.008,1.01144,1.01155,2.25,2.25
2011.12.28 16:15:51.366,1.01148,1.01153,1.50,1.50
2011.12.28 16:15:51.446,1.01143,1.01157,2.25,1.13
2011.12.28 16:15:51.526,1.01142,1.01156,4.13,1.88
2011.12.28 16:15:51.815,1.01142,1.01156,5.63,2.63
2011.12.28 16:15:52.372,1.01142,1.01154,4.13,2.25
2011.12.28 16:15:52.706,1.01142,1.01154,3.00,2.63
2011.12.28 16:15:52.785,1.01143,1.01154,2.25,1.13
2011.12.28 16:15:53.203,1.01149,1.01158,2.25,1.50
2011.12.28 16:15:53.279,1.01149,1.01162,1.50,2.63
2011.12.28 16:15:53.495,1.01152,1.01162,1.50,1.88
2011.12.28 16:15:53.576,1.01149,1.01162,1.50,1.88
2011.12.28 16:15:53.727,1.01152,1.01164,2.63,2.25
2011.12.28 16:15:53.804,1.01152,1.01165,2.63,2.25
2011.12.28 16:15:54.364,1.01153,1.01165,2.25,2.25
2011.12.28 16:15:54.955,1.01153,1.01164,2.25,1.50
2011.12.28 16:15:55.096,1.01149,1.01164,3.00,1.50
2011.12.28 16:15:55.246,1.01149,1.01163,2.25,1.13
2011.12.28 16:15:55.393,1.01148,1.01162,3.00,1.50
2011.12.28 16:15:55.944,1.01148,1.01162,3.00,1.50
2011.12.28 16:15:57.885,1.01146,1.0116,1.88,2.25
2011.12.28 16:15:58.093,1.0115,1.01163,2.25,2.63
2011.12.28 16:16:00.213,1.01147,1.01163,2.25,2.63
2011.12.28 16:16:00.789,1.01147,1.01161,1.88,1.50
2011.12.28 16:16:03.471,1.01148,1.01163,2.25,4.13
2011.12.28 16:16:03.741,1.01148,1.01163,2.25,3.38
2011.12.28 16:16:03.812,1.01148,1.01163,2.25,3.38
2011.12.28 16:16:04.385,1.01148,1.01163,2.25,4.13
2011.12.28 16:16:04.910,1.01147,1.01162,1.88,3.00
2011.12.28 16:16:05.563,1.01147,1.01163,3.38,2.63
2011.12.28 16:16:10.331,1.01147,1.01163,4.13,2.63
2011.12.28 16:16:11.797,1.01147,1.0116,1.88,1.50
2011.12.28 16:16:12.550,1.01145,1.01158,1.50,2.63
2011.12.28 16:16:12.692,1.01145,1.01156,1.50,1.50
2011.12.28 16:16:13.304,1.01145,1.01158,1.50,1.13
2011.12.28 16:16:14.368,1.01142,1.01158,3.38,1.88
2011.12.28 16:16:14.974,1.01142,1.01158,3.38,1.88
2011.12.28 16:16:15.322,1.01142,1.01158,3.38,1.88
2011.12.28 16:16:15.393,1.01142,1.01158,3.38,1.88
2011.12.28 16:16:15.909,1.01142,1.01158,3.38,1.88
2011.12.28 16:16:16.591,1.01142,1.01158,3.38,1.88
2011.12.28 16:16:16.720,1.01142,1.01158,3.38,1.88
2011.12.28 16:16:17.725,1.01142,1.01158,3.38,1.88
2011.12.28 16:16:18.282,1.01147,1.0116,1.13,1.50
2011.12.28 16:16:20.042,1.01147,1.0116,1.13,1.50
2011.12.28 16:16:20.395,1.01142,1.01152,1.50,1.50
2011.12.28 16:16:24.494,1.01144,1.01152,1.13,1.50
2011.12.28 16:16:25.038,1.01139,1.01153,3.38,1.88
2011.12.28 16:16:25.812,1.01139,1.01153,1.88,1.13
2011.12.28 16:16:25.957,1.01143,1.01154,1.13,1.50
2011.12.28 16:16:26.862,1.01143,1.01156,1.13,2.25
2011.12.28 16:16:28.205,1.01143,1.0115,1.13,1.50
2011.12.28 16:16:28.692,1.01139,1.0115,3.00,1.50
2011.12.28 16:16:28.764,1.01139,1.01153,3.00,3.00
2011.12.28 16:16:28.901,1.01139,1.01153,1.13,3.00
2011.12.28 16:16:29.244,1.01138,1.01151,1.88,1.50
2011.12.28 16:16:32.762,1.01138,1.01151,1.88,2.25
2011.12.28 16:16:33.083,1.01138,1.01146,1.13,1.13
2011.12.28 16:16:33.726,1.01136,1.01146,1.50,1.13
2011.12.28 16:16:34.217,1.01136,1.01143,1.50,1.50
2011.12.28 16:16:34.370,1.01133,1.01143,4.13,1.50
2011.12.28 16:16:34.445,1.01133,1.01143,3.38,2.25
2011.12.28 16:16:34.511,1.01133,1.01143,3.38,2.25
2011.12.28 16:16:34.713,1.01133,1.01149,2.63,4.88
2011.12.28 16:16:35.260,1.01133,1.01149,1.88,3.38
2011.12.28 16:16:35.435,1.01133,1.01149,2.63,3.38
2011.12.28 16:16:36.104,1.01133,1.01149,1.88,3.38
2011.12.28 16:16:36.640,1.01133,1.01149,1.88,3.38
2011.12.28 16:16:36.710,1.01133,1.01149,1.88,3.38
2011.12.28 16:16:37.086,1.01133,1.01149,1.88,3.38
2011.12.28 16:16:37.620,1.01133,1.01149,1.88,3.38
2011.12.28 16:16:38.042,1.01133,1.01149,1.13,3.38
2011.12.28 16:16:38.602,1.01133,1.01147,1.88,2.25
2011.12.28 16:16:39.521,1.01133,1.01146,1.88,2.10
2011.12.28 16:16:39.879,1.01126,1.01133,1.50,1.13
2011.12.28 16:16:40.235,1.01123,1.01131,1.50,1.50
2011.12.28 16:16:40.448,1.01123,1.01131,1.13,1.50
2011.12.28 16:16:40.671,1.01119,1.01131,1.88,1.50
2011.12.28 16:16:41.026,1.01119,1.01129,1.13,1.50
2011.12.28 16:16:41.111,1.01119,1.01132,1.13,1.50
2011.12.28 16:16:41.637,1.01118,1.01132,1.88,2.63
2011.12.28 16:16:43.194,1.01118,1.01131,2.25,1.13
2011.12.28 16:16:43.272,1.01118,1.01131,2.25,1.88
2011.12.28 16:16:45.435,1.01117,1.01131,3.38,2.63
2011.12.28 16:16:45.502,1.01117,1.01131,3.38,2.63
2011.12.28 16:16:46.559,1.01117,1.01131,3.38,1.88
2011.12.28 16:16:49.751,1.01117,1.0113,3.38,1.50
2011.12.28 16:16:50.283,1.01122,1.01131,1.50,1.88
2011.12.28 16:16:50.562,1.0112,1.01133,1.50,3.38
2011.12.28 16:16:50.694,1.0112,1.01133,1.50,1.88
2011.12.28 16:16:50.943,1.01122,1.01134,1.13,1.50
2011.12.28 16:16:53.713,1.01122,1.01133,1.88,3.00
2011.12.28 16:16:53.876,1.01129,1.01141,1.50,2.25
2011.12.28 16:16:53.957,1.01129,1.01142,1.50,1.88
2011.12.28 16:16:54.504,1.01128,1.01142,1.13,1.88
2011.12.28 16:16:54.986,1.01124,1.01133,3.00,1.13
2011.12.28 16:16:55.344,1.01123,1.01131,1.88,1.50
2011.12.28 16:16:55.763,1.01123,1.01135,1.13,2.25
2011.12.28 16:16:56.042,1.01123,1.01137,1.13,1.88
2011.12.28 16:16:56.571,1.01123,1.01136,1.13,1.50
2011.12.28 16:16:56.983,1.01123,1.01133,1.13,3.00
2011.12.28 16:16:57.336,1.01127,1.01136,1.13,1.50
2011.12.28 16:16:57.419,1.01124,1.01133,2.25,1.50
2011.12.28 16:16:57.567,1.01122,1.01133,2.63,1.50
2011.12.28 16:17:03.123,1.01122,1.01132,1.13,1.50
2011.12.28 16:17:03.266,1.01122,1.01134,1.88,1.50
2011.12.28 16:17:03.345,1.01123,1.01138,2.25,3.38
2011.12.28 16:17:03.671,1.01123,1.01138,2.25,3.38
2011.12.28 16:17:03.812,1.01122,1.01137,2.63,2.25
2011.12.28 16:17:04.364,1.01122,1.01137,2.63,2.25
2011.12.28 16:17:06.562,1.01122,1.01133,1.88,1.50
2011.12.28 16:17:06.638,1.01122,1.01133,1.13,3.00
2011.12.28 16:17:07.182,1.01122,1.01132,1.13,1.50
2011.12.28 16:17:08.707,1.01119,1.01132,2.25,2.63
2011.12.28 16:17:09.241,1.01118,1.01132,2.63,3.38
2011.12.28 16:17:10.380,1.01118,1.0113,2.63,1.50
2011.12.28 16:17:11.201,1.01118,1.01132,2.63,1.88
2011.12.28 16:17:14.061,1.01118,1.01132,2.63,1.88
2011.12.28 16:17:15.644,1.01118,1.0113,1.50,1.13
2011.12.28 16:17:15.985,1.01114,1.01126,3.75,1.50
2011.12.28 16:17:16.204,1.01113,1.01123,2.63,3.00
2011.12.28 16:17:16.951,1.01113,1.01123,1.13,3.00
2011.12.28 16:17:17.699,1.01113,1.0112,1.13,2.25
2011.12.28 16:17:18.944,1.01109,1.0112,2.63,2.25
2011.12.28 16:17:19.679,1.01108,1.0112,1.13,1.50
2011.12.28 16:17:19.891,1.01108,1.0112,1.13,1.88
2011.12.28 16:17:21.724,1.01106,1.01116,1.88,1.88
2011.12.28 16:17:21.794,1.01106,1.01116,1.13,1.50
2011.12.28 16:17:22.187,1.01106,1.01116,1.13,1.88
2011.12.28 16:17:22.275,1.01104,1.01114,3.75,1.50
2011.12.28 16:17:22.622,1.011,1.01111,2.25,3.00
2011.12.28 16:17:23.603,1.011,1.01113,2.25,3.75
2011.12.28 16:17:23.743,1.011,1.0111,2.25,1.50
2011.12.28 16:17:24.289,1.01099,1.01112,1.50,2.63
2011.12.28 16:17:24.715,1.01096,1.01108,1.13,1.50
2011.12.28 16:17:25.253,1.01096,1.01106,1.13,1.50
2011.12.28 16:17:26.353,1.01096,1.01107,1.13,1.50
2011.12.28 16:17:27.084,1.01096,1.01107,1.13,1.50
2011.12.28 16:17:27.650,1.01096,1.01107,1.13,1.50
2011.12.28 16:17:28.160,1.01096,1.01107,1.13,1.50
2011.12.28 16:17:29.442,1.01096,1.01107,1.13,1.50
2011.12.28 16:17:31.946,1.01096,1.01107,1.13,2.25
2011.12.28 16:17:32.226,1.01096,1.01103,1.13,2.25
2011.12.28 16:17:32.443,1.01094,1.01104,3.75,3.75
2011.12.28 16:17:32.653,1.01093,1.01101,1.13,2.25
2011.12.28 16:17:33.161,1.01093,1.01102,1.13,2.25
2011.12.28 16:17:33.697,1.01093,1.01102,1.13,2.25
2011.12.28 16:17:34.197,1.01093,1.011,1.13,1.50
2011.12.28 16:17:34.563,1.01093,1.01098,1.13,1.50
2011.12.28 16:17:34.937,1.01084,1.01093,1.50,1.13
2011.12.28 16:17:35.156,1.01083,1.01093,2.25,1.88
2011.12.28 16:17:35.236,1.01078,1.01092,1.13,1.50
2011.12.28 16:17:35.386,1.01078,1.01092,1.13,2.25
2011.12.28 16:17:35.466,1.01083,1.01092,1.13,2.25
2011.12.28 16:17:36.033,1.01083,1.01095,1.13,3.75
2011.12.28 16:17:37.374,1.01083,1.01095,1.13,3.00
2011.12.28 16:17:38.015,1.01079,1.01093,2.63,1.88
2011.12.28 16:17:38.840,1.01078,1.01091,2.25,1.13
2011.12.28 16:17:38.987,1.01077,1.01085,1.13,2.25
2011.12.28 16:17:39.279,1.01073,1.01083,1.13,2.25
2011.12.28 16:17:39.495,1.01073,1.01087,1.88,2.63
2011.12.28 16:17:40.053,1.01073,1.01087,1.88,1.88
2011.12.28 16:17:40.969,1.01072,1.01083,2.25,1.13
2011.12.28 16:17:41.188,1.01073,1.01085,1.88,1.50
2011.12.28 16:17:41.408,1.01073,1.01087,1.88,5.63
2011.12.28 16:17:41.962,1.01073,1.01087,1.13,1.88
2011.12.28 16:17:43.074,1.01073,1.01084,1.13,2.25
2011.12.28 16:17:43.832,1.01073,1.01083,1.13,2.25
2011.12.28 16:17:47.462,1.01073,1.0108,1.13,1.50
2011.12.28 16:17:48.039,1.01073,1.01084,1.13,2.25
2011.12.28 16:17:53.685,1.01073,1.01082,1.88,1.50
2011.12.28 16:17:53.830,1.01073,1.01087,1.88,1.88
2011.12.28 16:17:54.934,1.01073,1.01087,2.63,1.88
2011.12.28 16:17:55.005,1.01077,1.01089,1.13,3.00
2011.12.28 16:17:56.298,1.01077,1.01088,1.13,2.25
2011.12.28 16:17:56.854,1.01072,1.0108,1.50,1.50
2011.12.28 16:17:57.355,1.01072,1.01082,1.13,2.25
2011.12.28 16:17:57.702,1.0107,1.01082,1.50,1.88
2011.12.28 16:17:57.844,1.01069,1.01082,3.00,1.13
2011.12.28 16:17:58.531,1.01068,1.01082,4.13,1.88
2011.12.28 16:17:59.280,1.01068,1.01082,4.13,1.88
2011.12.28 16:17:59.574,1.01068,1.01082,4.13,1.88
2011.12.28 16:18:02.141,1.01068,1.01082,3.38,1.88
2011.12.28 16:18:02.728,1.01068,1.01082,3.38,1.88
2011.12.28 16:18:04.109,1.01068,1.01082,2.63,1.88
2011.12.28 16:18:05.228,1.01068,1.01082,1.13,1.88
2011.12.28 16:18:05.844,1.01063,1.01073,1.13,1.50
2011.12.28 16:18:05.927,1.01059,1.01073,2.25,1.88
2011.12.28 16:18:06.974,1.01058,1.01068,2.25,1.13
2011.12.28 16:18:07.112,1.01057,1.01068,2.25,1.13
2011.12.28 16:18:07.394,1.01053,1.01068,1.88,3.38
2011.12.28 16:18:07.531,1.01052,1.01063,1.88,1.50
2011.12.28 16:18:08.232,1.01052,1.01065,1.88,2.25
2011.12.28 16:18:09.747,1.01052,1.01065,1.88,1.50
2011.12.28 16:18:11.485,1.01052,1.01065,2.25,1.50
2011.12.28 16:18:11.560,1.01056,1.01069,1.13,3.00
2011.12.28 16:18:11.643,1.01058,1.01069,1.88,1.50
2011.12.28 16:18:11.717,1.01061,1.01071,2.63,2.25
2011.12.28 16:18:11.942,1.01069,1.01073,1.50,2.25
2011.12.28 16:18:12.096,1.01073,1.01086,1.88,4.50
2011.12.28 16:18:12.186,1.01075,1.01085,1.50,3.00
2011.12.28 16:18:12.662,1.01077,1.01085,1.13,1.50
2011.12.28 16:18:12.749,1.01074,1.01087,1.50,1.50
2011.12.28 16:18:12.972,1.01072,1.01086,4.50,1.50
2011.12.28 16:18:13.044,1.01073,1.01085,1.50,2.25
2011.12.28 16:18:13.118,1.01072,1.01085,2.63,1.50
2011.12.28 16:18:13.545,1.01072,1.01085,1.13,2.25
2011.12.28 16:18:13.688,1.01072,1.01085,1.13,2.25
2011.12.28 16:18:13.778,1.01069,1.01083,1.50,1.88
2011.12.28 16:18:14.269,1.01066,1.01073,1.88,1.88
2011.12.28 16:18:14.373,1.01058,1.01069,2.25,1.50
2011.12.28 16:18:14.518,1.01058,1.01069,1.13,1.50
2011.12.28 16:18:15.086,1.01057,1.01072,1.50,2.25
2011.12.28 16:18:15.232,1.01057,1.0107,1.13,2.25
2011.12.28 16:18:15.372,1.01057,1.01068,1.88,1.50
2011.12.28 16:18:15.513,1.01057,1.01071,1.88,2.25
2011.12.28 16:18:15.587,1.01058,1.01073,2.25,4.13
2011.12.28 16:18:16.646,1.01059,1.01073,2.25,1.13
2011.12.28 16:18:18.175,1.01062,1.01076,1.13,3.00
2011.12.28 16:18:18.663,1.01062,1.01076,1.88,2.25
2011.12.28 16:18:19.002,1.01068,1.01078,1.13,2.25
2011.12.28 16:18:19.145,1.01065,1.01078,2.25,3.38
2011.12.28 16:18:19.225,1.01065,1.01074,2.25,1.50
2011.12.28 16:18:19.303,1.01062,1.01073,1.50,2.25
2011.12.28 16:18:22.491,1.01062,1.01073,1.13,1.50
2011.12.28 16:18:28.735,1.01065,1.01073,1.50,1.50
2011.12.28 16:18:28.893,1.01069,1.0108,1.13,1.13
2011.12.28 16:18:29.045,1.01077,1.01082,1.13,2.25
2011.12.28 16:18:29.370,1.01077,1.01082,1.88,2.25
2011.12.28 16:18:29.458,1.01083,1.01088,1.13,1.50
2011.12.28 16:18:29.887,1.01083,1.0109,1.13,3.00
2011.12.28 16:18:29.969,1.01079,1.0109,2.25,3.00
2011.12.28 16:18:30.048,1.01077,1.0109,2.25,3.00
2011.12.28 16:18:30.334,1.01077,1.01088,1.13,2.25
2011.12.28 16:18:30.684,1.01077,1.01085,1.13,2.25
2011.12.28 16:18:31.070,1.01073,1.01087,1.13,2.25
2011.12.28 16:18:31.637,1.01072,1.01087,1.88,2.25
2011.12.28 16:18:32.198,1.01072,1.01087,1.13,2.25
2011.12.28 16:18:32.413,1.01078,1.01087,1.13,2.25
2011.12.28 16:18:32.622,1.01078,1.01087,1.13,2.25
2011.12.28 16:18:34.272,1.01076,1.01087,1.13,2.25
2011.12.28 16:18:34.404,1.01072,1.01086,1.88,1.88
2011.12.28 16:18:34.791,1.01072,1.01086,1.13,2.63
2011.12.28 16:18:35.016,1.01072,1.01086,1.13,2.63
2011.12.28 16:18:35.518,1.0107,1.01082,4.50,1.13
2011.12.28 16:18:35.734,1.01068,1.01082,3.00,1.88
2011.12.28 16:18:36.355,1.01068,1.01082,2.25,2.63
2011.12.28 16:18:36.871,1.01068,1.0108,2.25,1.50
2011.12.28 16:18:39.445,1.01068,1.01081,1.50,1.50
2011.12.28 16:18:40.422,1.01066,1.0108,4.13,1.50
2011.12.28 16:18:41.246,1.01066,1.0108,2.63,1.13
2011.12.28 16:18:43.582,1.01066,1.01075,1.13,2.25
2011.12.28 16:18:47.407,1.01066,1.01075,1.13,2.25
2011.12.28 16:18:47.624,1.0106,1.01072,3.00,1.13
2011.12.28 16:18:48.329,1.01062,1.01072,1.50,1.88
2011.12.28 16:18:48.682,1.01062,1.01072,1.50,1.88
2011.12.28 16:18:48.825,1.01056,1.01068,1.13,2.25
2011.12.28 16:18:49.762,1.01054,1.01066,1.13,2.63
2011.12.28 16:18:49.861,1.01049,1.0106,1.50,4.50
2011.12.28 16:18:50.204,1.01048,1.01061,1.50,3.38
2011.12.28 16:18:50.754,1.01048,1.0106,3.00,1.88
2011.12.28 16:18:51.288,1.01048,1.0106,1.50,2.63
2011.12.28 16:18:54.340,1.01047,1.0106,2.63,2.25
2011.12.28 16:18:54.887,1.01047,1.01058,1.13,1.13
2011.12.28 16:18:55.106,1.01047,1.01059,1.13,1.50
2011.12.28 16:18:55.676,1.01047,1.01059,1.13,1.50
2011.12.28 16:18:56.236,1.01047,1.0106,1.88,2.25
2011.12.28 16:18:57.431,1.01051,1.0106,1.13,2.25
2011.12.28 16:18:58.038,1.01051,1.01062,1.13,1.50
2011.12.28 16:18:58.598,1.01051,1.01063,1.13,2.25
2011.12.28 16:18:58.882,1.01051,1.01064,1.13,2.25
2011.12.28 16:19:00.794,1.01051,1.01066,3.75,1.50
2011.12.28 16:19:01.302,1.01051,1.01067,2.63,3.38
2011.12.28 16:19:04.007,1.01051,1.01067,3.00,3.38
2011.12.28 16:19:05.172,1.01053,1.01066,1.13,2.25
2011.12.28 16:19:05.655,1.01052,1.01066,1.88,2.25
2011.12.28 16:19:06.261,1.01051,1.01066,4.88,2.25
2011.12.28 16:19:06.782,1.01051,1.01066,4.13,2.25
2011.12.28 16:19:07.972,1.01051,1.01066,4.13,2.25
2011.12.28 16:19:08.465,1.01051,1.0106,1.13,1.50
2011.12.28 16:19:27.372,1.01051,1.01063,1.13,2.25
2011.12.28 16:19:27.445,1.01052,1.01063,1.13,2.25
2011.12.28 16:19:27.591,1.01054,1.01063,1.50,1.50
2011.12.28 16:19:27.808,1.01056,1.01067,1.50,3.38
2011.12.28 16:19:28.134,1.0106,1.01067,1.50,1.88
2011.12.28 16:19:28.212,1.01058,1.01067,1.50,1.88
2011.12.28 16:19:28.424,1.01056,1.01067,1.13,1.88
2011.12.28 16:19:28.964,1.01057,1.01071,1.50,3.75
2011.12.28 16:19:29.299,1.01056,1.01069,1.13,2.25
2011.12.28 16:19:29.654,1.01056,1.01065,1.13,2.25
2011.12.28 16:19:30.390,1.01056,1.01066,1.13,2.25
2011.12.28 16:19:30.479,1.01052,1.01066,1.13,3.38
2011.12.28 16:19:30.752,1.01052,1.01065,1.13,1.50
2011.12.28 16:19:32.353,1.01052,1.01066,2.63,1.88
2011.12.28 16:19:32.622,1.01052,1.01066,2.63,1.88
2011.12.28 16:19:35.115,1.01052,1.01066,1.13,1.88
2011.12.28 16:19:35.663,1.01052,1.01063,1.13,2.25
2011.12.28 16:19:36.552,1.01052,1.01063,1.13,2.25
2011.12.28 16:19:37.025,1.01052,1.01064,1.13,2.25
2011.12.28 16:19:37.163,1.01052,1.01064,1.13,3.75
2011.12.28 16:19:37.704,1.01052,1.01061,1.13,1.13
2011.12.28 16:19:38.253,1.01052,1.01059,1.13,2.25
2011.12.28 16:19:44.302,1.0105,1.01062,1.13,3.00
2011.12.28 16:19:44.515,1.01046,1.0106,1.88,3.38
2011.12.28 16:19:44.650,1.01046,1.0106,1.88,3.38
2011.12.28 16:19:47.185,1.01045,1.01056,3.75,1.13
2011.12.28 16:19:47.534,1.01047,1.01056,1.50,1.13
2011.12.28 16:19:47.888,1.01049,1.01056,1.50,1.13
2011.12.28 16:19:52.523,1.01049,1.01058,1.50,1.13
2011.12.28 16:19:59.391,1.0105,1.01058,1.50,1.13
2011.12.28 16:19:59.472,1.01057,1.01062,1.13,3.38
2011.12.28 16:19:59.548,1.01057,1.01063,1.13,1.13
2011.12.28 16:19:59.701,1.01057,1.01067,1.13,1.50
2011.12.28 16:19:59.986,1.01056,1.01067,1.50,1.88
2011.12.28 16:20:00.066,1.01054,1.01063,1.50,2.25
2011.12.28 16:20:00.603,1.01053,1.01062,1.13,1.50
2011.12.28 16:20:01.211,1.01053,1.01063,1.13,3.75
2011.12.28 16:20:01.771,1.01053,1.01063,1.13,2.25
2011.12.28 16:20:02.933,1.01049,1.01062,2.25,1.88
2011.12.28 16:20:03.072,1.01048,1.01061,1.13,2.25
2011.12.28 16:20:04.176,1.01048,1.01062,2.63,1.88
2011.12.28 16:20:12.917,1.01048,1.01062,2.63,1.88
2011.12.28 16:20:15.941,1.01048,1.01058,1.13,1.50
2011.12.28 16:20:16.192,1.01048,1.01061,1.13,2.25
2011.12.28 16:20:16.780,1.01048,1.01062,2.63,1.88
2011.12.28 16:20:17.692,1.01048,1.01062,3.38,1.88
2011.12.28 16:20:18.200,1.01048,1.01062,2.63,1.88
2011.12.28 16:20:18.786,1.01048,1.01062,2.63,1.88
2011.12.28 16:20:24.119,1.01048,1.01062,2.63,1.88
2011.12.28 16:20:24.741,1.01049,1.01062,1.50,1.88
2011.12.28 16:20:25.314,1.01048,1.01062,1.88,1.88
2011.12.28 16:20:27.565,1.01048,1.01058,1.13,1.50
2011.12.28 16:20:27.914,1.01048,1.01054,1.13,2.25
2011.12.28 16:20:27.987,1.01043,1.01054,1.88,1.50
2011.12.28 16:20:28.446,1.0104,1.01051,3.75,1.88
2011.12.28 16:20:28.884,1.01038,1.01051,1.50,4.13
2011.12.28 16:20:33.463,1.0104,1.01051,5.10,1.13
2011.12.28 16:20:33.682,1.01045,1.01057,1.13,1.88
2011.12.28 16:20:33.757,1.01044,1.01057,2.25,3.00
2011.12.28 16:20:33.905,1.01041,1.01056,2.63,1.50
2011.12.28 16:20:34.481,1.01041,1.01054,1.13,1.50
2011.12.28 16:20:36.385,1.01041,1.01055,1.13,1.50
2011.12.28 16:20:37.582,1.01041,1.01053,1.13,3.00
2011.12.28 16:20:37.731,1.01041,1.01053,1.13,1.50
2011.12.28 16:20:37.951,1.01038,1.01052,1.50,1.13
2011.12.28 16:20:40.647,1.01038,1.01051,3.38,1.13
2011.12.28 16:20:41.152,1.01038,1.01051,2.63,1.50
2011.12.28 16:20:47.776,1.01038,1.01049,1.88,1.13
2011.12.28 16:20:47.990,1.01036,1.01046,2.25,1.50
2011.12.28 16:20:48.348,1.0103,1.01037,2.25,1.13
2011.12.28 16:20:48.425,1.01024,1.01037,1.50,1.13
2011.12.28 16:20:48.567,1.01022,1.01037,2.25,1.88
2011.12.28 16:20:49.069,1.01024,1.01037,2.25,2.63
2011.12.28 16:20:49.583,1.01023,1.01036,1.88,1.50
2011.12.28 16:20:50.148,1.01023,1.01036,1.13,1.50
2011.12.28 16:20:50.718,1.01026,1.01036,1.13,1.50
2011.12.28 16:20:51.953,1.01026,1.01036,1.13,1.50
2011.12.28 16:20:52.095,1.01024,1.01036,1.13,1.50
2011.12.28 16:20:52.594,1.01024,1.01036,1.13,1.50
2011.12.28 16:20:53.132,1.01024,1.01036,1.13,1.50
2011.12.28 16:20:53.736,1.01024,1.01036,1.13,1.50
2011.12.28 16:20:54.722,1.01024,1.01036,1.13,1.50
2011.12.28 16:20:55.271,1.01024,1.01036,1.13,1.50
2011.12.28 16:20:56.283,1.01024,1.01036,1.13,1.50
2011.12.28 16:20:56.887,1.01033,1.01041,1.50,2.25
2011.12.28 16:20:57.383,1.01032,1.01036,1.13,2.25
2011.12.28 16:20:57.457,1.01033,1.0104,1.50,2.25
2011.12.28 16:20:57.536,1.01032,1.01044,1.13,1.50
2011.12.28 16:20:58.121,1.01032,1.01045,1.13,2.25
2011.12.28 16:20:58.265,1.0103,1.01043,4.50,1.13
2011.12.28 16:20:58.675,1.0103,1.01043,2.25,2.63
2011.12.28 16:20:59.095,1.01032,1.01045,1.13,2.25
2011.12.28 16:21:00.215,1.01032,1.01045,1.13,3.00
2011.12.28 16:21:02.801,1.01032,1.01045,1.13,1.50
2011.12.28 16:21:03.740,1.01032,1.01047,1.13,2.25
2011.12.28 16:21:03.822,1.01035,1.01047,1.50,1.50
2011.12.28 16:21:04.173,1.01038,1.01046,1.13,1.50
2011.12.28 16:21:04.734,1.01038,1.0105,1.13,2.25
2011.12.28 16:21:08.508,1.01038,1.01048,1.13,1.50
2011.12.28 16:21:08.936,1.01032,1.01043,2.25,2.25
2011.12.28 16:21:09.704,1.01032,1.01045,1.13,3.75
2011.12.28 16:21:13.243,1.01034,1.01043,1.13,2.25
2011.12.28 16:21:16.684,1.01034,1.01043,1.13,2.25
2011.12.28 16:21:21.828,1.01037,1.01045,1.13,1.50
2011.12.28 16:21:21.910,1.01037,1.01045,1.13,1.50
2011.12.28 16:21:22.476,1.01037,1.01045,1.13,1.50
2011.12.28 16:21:23.318,1.01037,1.01047,1.13,1.50
2011.12.28 16:21:23.393,1.01037,1.0105,1.13,1.88
2011.12.28 16:21:23.467,1.01044,1.0105,1.13,1.88
2011.12.28 16:21:23.962,1.01044,1.01055,1.13,3.00
2011.12.28 16:21:27.185,1.01042,1.01054,1.13,2.25
2011.12.28 16:21:29.482,1.0104,1.01051,2.25,2.63
2011.12.28 16:21:29.568,1.01035,1.0105,7.50,3.38
2011.12.28 16:21:29.783,1.01037,1.01051,1.50,2.63
2011.12.28 16:21:32.960,1.01045,1.01055,2.63,1.50
2011.12.28 16:21:33.040,1.01045,1.01057,2.63,2.25
2011.12.28 16:21:33.536,1.01047,1.01056,1.50,1.88
2011.12.28 16:21:33.684,1.01042,1.01056,1.13,1.88
2011.12.28 16:21:34.227,1.01042,1.01055,1.13,2.25
2011.12.28 16:21:34.305,1.01042,1.01055,1.13,2.25
2011.12.28 16:21:34.653,1.01042,1.01054,1.13,2.25
2011.12.28 16:21:37.141,1.01042,1.01055,1.13,3.00
2011.12.28 16:21:38.585,1.01042,1.01056,3.38,1.88
2011.12.28 16:21:39.673,1.01047,1.01056,1.50,1.13
2011.12.28 16:21:40.008,1.01051,1.01056,1.50,1.13
2011.12.28 16:21:40.086,1.01049,1.01056,1.88,1.13
2011.12.28 16:21:44.497,1.01048,1.01056,2.25,1.13
2011.12.28 16:21:44.954,1.0105,1.01056,1.50,1.13
2011.12.28 16:21:48.520,1.0105,1.01058,1.50,1.13
2011.12.28 16:21:48.782,1.0105,1.01062,1.50,3.00
2011.12.28 16:21:48.921,1.0105,1.01063,1.50,1.88
2011.12.28 16:21:51.901,1.0105,1.01063,1.50,1.88
2011.12.28 16:21:51.975,1.01053,1.01065,1.13,3.00
2011.12.28 16:21:52.512,1.01053,1.01064,1.13,2.25
2011.12.28 16:21:58.221,1.01053,1.01064,1.13,3.38
2011.12.28 16:21:58.760,1.01052,1.01062,1.13,2.25
2011.12.28 16:21:59.451,1.01053,1.01063,1.13,2.25
2011.12.28 16:22:00.199,1.01053,1.01063,1.13,2.25
2011.12.28 16:22:02.487,1.01053,1.01063,1.13,2.25
2011.12.28 16:22:03.023,1.01053,1.01066,1.13,1.50
2011.12.28 16:22:03.967,1.01055,1.01064,1.13,2.25
2011.12.28 16:22:04.182,1.01056,1.01068,1.50,2.63
2011.12.28 16:22:04.732,1.01055,1.01067,1.13,2.63
2011.12.28 16:22:05.251,1.01055,1.01066,1.13,1.50
2011.12.28 16:22:05.691,1.01057,1.01066,1.13,1.50
2011.12.28 16:22:06.793,1.01057,1.01067,1.13,2.63
2011.12.28 16:22:07.342,1.01057,1.01066,1.13,1.50
2011.12.28 16:22:08.469,1.01057,1.01065,1.13,1.50
2011.12.28 16:22:08.686,1.01051,1.01063,1.50,2.25
2011.12.28 16:22:09.246,1.01048,1.01063,1.88,2.25
2011.12.28 16:22:09.528,1.01048,1.01062,1.88,1.13
2011.12.28 16:22:09.747,1.01045,1.01058,2.25,3.38
2011.12.28 16:22:10.259,1.01044,1.01055,1.13,3.00
2011.12.28 16:22:10.613,1.01044,1.01052,1.13,2.25
2011.12.28 16:22:12.568,1.01044,1.01055,1.13,3.00
2011.12.28 16:22:13.085,1.01044,1.01055,1.13,2.25
2011.12.28 16:22:14.066,1.01044,1.01051,1.13,1.50
2011.12.28 16:22:14.142,1.01044,1.01051,1.13,1.50
2011.12.28 16:22:14.213,1.01039,1.01052,3.38,3.00
2011.12.28 16:22:18.550,1.01039,1.01049,1.13,2.25
2011.12.28 16:22:18.700,1.01037,1.01046,1.88,1.13
2011.12.28 16:22:18.916,1.01037,1.01046,1.13,1.88
2011.12.28 16:22:19.065,1.01034,1.01046,2.25,1.88
2011.12.28 16:22:19.145,1.01032,1.01041,2.25,1.50
2011.12.28 16:22:19.729,1.01027,1.0104,1.50,2.25
2011.12.28 16:22:20.233,1.01027,1.0104,1.13,3.75
2011.12.28 16:22:21.342,1.01027,1.0104,1.13,2.25
2011.12.28 16:22:21.484,1.01024,1.01038,1.13,1.88
2011.12.28 16:22:21.840,1.01023,1.01038,2.25,1.88
2011.12.28 16:22:22.122,1.01022,1.01037,1.13,2.25
2011.12.28 16:22:23.852,1.01022,1.01037,1.88,2.25
2011.12.28 16:22:24.263,1.01024,1.01038,1.50,1.88
2011.12.28 16:22:25.230,1.01028,1.01041,1.50,3.00
2011.12.28 16:22:25.443,1.01028,1.01041,1.50,3.00
2011.12.28 16:22:25.589,1.01025,1.01038,1.50,1.88
2011.12.28 16:22:25.665,1.01023,1.01038,1.88,1.88
2011.12.28 16:22:25.735,1.01024,1.01038,1.50,1.88
2011.12.28 16:22:26.002,1.01023,1.01038,4.50,1.88
2011.12.28 16:22:26.143,1.01025,1.01038,1.50,1.88
2011.12.28 16:22:26.706,1.01024,1.01038,1.50,1.88
2011.12.28 16:22:28.035,1.01023,1.01036,1.50,2.25
2011.12.28 16:22:28.422,1.01022,1.01032,1.13,1.50
2011.12.28 16:22:28.954,1.01022,1.01034,1.13,2.25
2011.12.28 16:22:35.281,1.01022,1.01032,1.13,1.50
2011.12.28 16:22:37.499,1.01022,1.01031,1.13,1.50
2011.12.28 16:22:37.862,1.0102,1.01027,2.25,1.50
2011.12.28 16:22:37.938,1.01017,1.01027,3.75,1.50
2011.12.28 16:22:38.096,1.01017,1.01025,1.50,2.25
2011.12.28 16:22:38.172,1.01012,1.01022,1.50,1.50
2011.12.28 16:22:38.248,1.01016,1.01022,1.13,1.50
2011.12.28 16:22:38.328,1.01017,1.01027,1.50,1.50
2011.12.28 16:22:38.892,1.01016,1.01028,4.88,2.25
2011.12.28 16:22:39.305,1.01016,1.0103,4.88,3.00
2011.12.28 16:22:39.866,1.01018,1.01032,1.50,2.63
2011.12.28 16:22:40.857,1.01019,1.01033,2.25,1.88
2011.12.28 16:22:41.435,1.01023,1.01036,1.13,3.00
2011.12.28 16:22:51.035,1.01023,1.01034,1.88,1.50
2011.12.28 16:22:51.107,1.01027,1.01034,1.13,1.50
2011.12.28 16:22:51.185,1.01027,1.01037,1.13,2.63
2011.12.28 16:22:51.469,1.01027,1.0104,1.13,2.63
2011.12.28 16:22:51.549,1.01027,1.01041,1.88,3.00
2011.12.28 16:22:51.907,1.01035,1.01045,3.38,2.25
2011.12.28 16:22:52.622,1.01035,1.01046,3.38,1.88
2011.12.28 16:22:52.707,1.01033,1.01045,2.63,1.50
2011.12.28 16:22:54.326,1.01032,1.01041,1.13,2.25
2011.12.28 16:22:54.392,1.01029,1.0104,2.25,1.50
2011.12.28 16:22:54.955,1.01028,1.01041,1.88,2.25
2011.12.28 16:22:59.480,1.01027,1.01037,2.25,1.88
2011.12.28 16:22:59.571,1.01023,1.01036,3.30,1.50
2011.12.28 16:23:00.603,1.01023,1.01036,3.30,1.50
2011.12.28 16:23:03.046,1.01023,1.01036,3.30,1.50
2011.12.28 16:23:03.601,1.01023,1.01036,3.14,1.50
2011.12.28 16:23:03.934,1.01023,1.01036,3.14,1.50
2011.12.28 16:23:04.256,1.01028,1.01038,1.13,3.00
2011.12.28 16:23:04.412,1.01029,1.01042,1.50,1.88
2011.12.28 16:23:04.557,1.01032,1.01042,1.50,1.88
2011.12.28 16:23:04.912,1.01029,1.01042,1.50,1.88
2011.12.28 16:23:05.582,1.01029,1.01042,1.50,1.88
2011.12.28 16:23:05.936,1.01029,1.01042,1.50,1.88
2011.12.28 16:23:06.530,1.01029,1.01042,1.80,1.88
2011.12.28 16:23:08.422,1.01029,1.01042,1.80,1.88
2011.12.28 16:23:08.494,1.01029,1.01042,1.50,1.88
2011.12.28 16:23:12.187,1.01029,1.01042,1.88,1.88
2011.12.28 16:23:12.278,1.01037,1.01046,1.88,3.00
2011.12.28 16:23:12.364,1.01037,1.01047,1.88,1.88
2011.12.28 16:23:12.894,1.01038,1.01053,1.50,3.38
2011.12.28 16:23:13.654,1.01038,1.01053,1.50,3.00
2011.12.28 16:23:14.214,1.01038,1.01053,1.50,3.00
2011.12.28 16:23:14.566,1.01037,1.01051,2.63,2.25
2011.12.28 16:23:18.922,1.01037,1.01048,1.50,2.63
2011.12.28 16:23:19.274,1.01032,1.01042,1.50,1.88
2011.12.28 16:23:19.555,1.01028,1.01042,1.88,1.88
2011.12.28 16:23:23.541,1.01029,1.01042,1.50,1.88
2011.12.28 16:23:23.933,1.01033,1.01042,1.50,1.88
2011.12.28 16:23:24.147,1.01029,1.01042,2.25,1.13
2011.12.28 16:23:24.229,1.01033,1.01046,1.13,3.75
2011.12.28 16:23:24.304,1.01033,1.01044,1.13,1.50
2011.12.28 16:23:24.448,1.01029,1.01042,2.63,3.38
2011.12.28 16:23:24.983,1.01028,1.01042,1.13,3.38
2011.12.28 16:23:25.200,1.01028,1.01042,1.13,3.38
2011.12.28 16:23:26.710,1.01028,1.01042,1.13,4.13
2011.12.28 16:23:28.238,1.01028,1.01037,1.50,1.13
2011.12.28 16:23:28.452,1.01026,1.01037,2.25,1.13
2011.12.28 16:23:28.942,1.01028,1.01037,1.50,1.13
2011.12.28 16:23:40.971,1.01028,1.0104,2.25,1.50
2011.12.28 16:23:51.993,1.01032,1.01042,1.13,2.25
2011.12.28 16:23:52.768,1.01033,1.01045,1.50,1.50
2011.12.28 16:23:53.319,1.01032,1.01045,1.13,3.00
2011.12.28 16:23:57.244,1.01032,1.01045,1.13,2.25
2011.12.28 16:23:57.844,1.01032,1.01045,1.13,2.25
2011.12.28 16:23:58.349,1.01032,1.01045,1.13,2.25
2011.12.28 16:24:00.023,1.01032,1.01045,1.13,2.25
2011.12.28 16:24:06.674,1.01032,1.01045,1.13,1.50
2011.12.28 16:24:06.861,1.01032,1.01045,1.13,1.50
2011.12.28 16:24:07.282,1.01032,1.01045,1.13,1.50
2011.12.28 16:24:07.791,1.01032,1.01045,1.13,1.50
2011.12.28 16:24:08.301,1.01032,1.01045,1.13,1.50
2011.12.28 16:24:09.632,1.01035,1.01047,1.50,1.50
2011.12.28 16:24:10.033,1.01037,1.01048,1.50,1.88
2011.12.28 16:24:10.103,1.01035,1.01048,1.50,1.88
2011.12.28 16:24:15.668,1.01033,1.01044,1.88,2.25
2011.12.28 16:24:16.116,1.01029,1.01039,1.13,1.50
2011.12.28 16:24:16.202,1.01027,1.01037,1.13,2.25
2011.12.28 16:24:16.753,1.01026,1.0104,3.38,1.50
2011.12.28 16:24:16.825,1.01029,1.01041,1.50,1.11
2011.12.28 16:24:38.874,1.01033,1.01044,1.13,2.25
2011.12.28 16:24:40.226,1.01033,1.01047,1.13,2.63
2011.12.28 16:24:40.309,1.01033,1.01047,1.88,2.63
2011.12.28 16:24:40.386,1.01035,1.01047,1.50,2.63
2011.12.28 16:24:40.744,1.01038,1.01047,1.50,1.13
2011.12.28 16:24:41.108,1.01036,1.01047,2.25,1.13
2011.12.28 16:24:41.259,1.01036,1.01047,1.50,1.88
2011.12.28 16:24:41.340,1.01033,1.01047,4.88,1.88
2011.12.28 16:24:41.428,1.01033,1.01046,4.13,1.13
2011.12.28 16:24:41.507,1.01033,1.01044,2.63,2.25
2011.12.28 16:24:42.003,1.01033,1.01047,1.88,3.38
2011.12.28 16:24:51.468,1.01035,1.01047,1.50,1.88
2011.12.28 16:24:52.115,1.01035,1.01047,3.00,1.88
2011.12.28 16:24:52.190,1.01034,1.01045,2.63,1.50
2011.12.28 16:24:52.405,1.01034,1.01047,1.13,3.38
2011.12.28 16:24:52.943,1.01033,1.01047,3.38,3.38
2011.12.28 16:24:53.471,1.01034,1.01047,1.50,3.38
2011.12.28 16:24:53.688,1.01034,1.01047,2.63,3.38
2011.12.28 16:24:54.044,1.01035,1.01047,2.63,2.63
2011.12.28 16:24:54.186,1.01038,1.01047,1.50,1.13
2011.12.28 16:24:54.804,1.01036,1.01047,3.00,1.13
2011.12.28 16:24:55.751,1.01036,1.01047,3.00,1.13
2011.12.28 16:24:56.791,1.01034,1.01047,1.50,1.13
2011.12.28 16:24:57.344,1.01033,1.01046,1.88,2.25
2011.12.28 16:24:57.938,1.01036,1.01047,1.50,1.88
2011.12.28 16:24:58.260,1.01034,1.01047,2.25,3.38
2011.12.28 16:25:02.213,1.01033,1.01047,2.63,1.88
2011.12.28 16:25:02.301,1.01033,1.01047,2.63,1.88
2011.12.28 16:25:04.133,1.01033,1.01043,1.13,2.25
2011.12.28 16:25:07.492,1.01033,1.01041,1.13,1.50
2011.12.28 16:25:08.022,1.01033,1.01043,1.13,2.25
2011.12.28 16:25:10.295,1.01034,1.01047,1.50,1.88
2011.12.28 16:25:14.834,1.01033,1.01045,1.13,3.00
2011.12.28 16:25:20.134,1.01033,1.01047,1.13,3.38
2011.12.28 16:25:20.863,1.01033,1.01045,1.13,2.25
2011.12.28 16:25:30.563,1.01033,1.01046,1.13,1.88
2011.12.28 16:25:31.363,1.01033,1.01046,1.13,1.88
2011.12.28 16:25:33.733,1.01033,1.01044,1.13,2.63
2011.12.28 16:25:34.157,1.01033,1.01043,1.13,1.50
2011.12.28 16:25:34.700,1.01033,1.01044,1.13,3.00
2011.12.28 16:25:35.913,1.01033,1.01044,1.13,3.38
2011.12.28 16:25:39.442,1.01033,1.01043,1.13,2.25
2011.12.28 16:25:39.653,1.01033,1.01044,1.13,1.50
2011.12.28 16:25:39.727,1.01034,1.01046,1.50,3.75
2011.12.28 16:25:45.185,1.01034,1.01046,3.00,2.25
2011.12.28 16:25:46.051,1.01034,1.01046,3.00,2.25
2011.12.28 16:25:46.722,1.01034,1.01046,3.00,1.50
2011.12.28 16:25:47.283,1.01033,1.01046,2.63,1.50
2011.12.28 16:25:48.833,1.01034,1.01046,1.88,1.50
2011.12.28 16:25:49.464,1.01034,1.01047,1.88,1.50
2011.12.28 16:25:50.082,1.01034,1.01047,1.88,1.50
2011.12.28 16:25:50.632,1.01034,1.01047,1.88,1.50
2011.12.28 16:25:51.187,1.01034,1.01047,1.13,1.50
2011.12.28 16:25:51.265,1.01039,1.01047,1.13,1.50
2011.12.28 16:25:51.802,1.01039,1.01048,1.13,1.50
2011.12.28 16:25:56.176,1.01031,1.01042,3.38,1.13
2011.12.28 16:25:56.250,1.01031,1.01039,1.13,1.13
2011.12.28 16:25:56.467,1.01028,1.01037,1.13,3.38
2011.12.28 16:25:56.547,1.01024,1.01036,2.25,1.50
2011.12.28 16:25:56.696,1.01023,1.01034,1.13,1.50
2011.12.28 16:25:57.265,1.01023,1.01033,1.13,2.25
2011.12.28 16:25:57.683,1.01023,1.01034,1.13,1.50
2011.12.28 16:25:58.192,1.01023,1.01034,1.13,1.50
2011.12.28 16:26:02.894,1.01023,1.01034,1.13,1.50
2011.12.28 16:26:02.969,1.01019,1.01033,2.25,1.88
2011.12.28 16:26:03.517,1.01017,1.01033,1.88,3.38
2011.12.28 16:26:04.070,1.01018,1.01033,3.00,1.88
2011.12.28 16:26:05.229,1.01021,1.01033,1.50,1.88
2011.12.28 16:26:09.887,1.01019,1.01032,3.75,1.50
2011.12.28 16:26:10.164,1.01017,1.01031,2.63,3.00
2011.12.28 16:26:10.751,1.01017,1.01031,2.63,2.25
2011.12.28 16:26:15.149,1.01017,1.0103,1.13,1.50
2011.12.28 16:26:15.774,1.01015,1.01027,3.00,1.50
2011.12.28 16:26:15.859,1.01017,1.01025,2.63,1.50
2011.12.28 16:26:16.213,1.01017,1.01028,1.13,2.25
2011.12.28 16:26:16.347,1.01017,1.01029,1.13,1.50
2011.12.28 16:26:16.965,1.01017,1.01029,1.13,1.50
2011.12.28 16:26:17.508,1.01017,1.01029,1.13,1.50
2011.12.28 16:26:18.211,1.01017,1.01028,1.13,1.13
2011.12.28 16:26:18.436,1.01017,1.01031,1.50,3.83
2011.12.28 16:26:19.003,1.01016,1.01029,3.38,1.50
2011.12.28 16:26:19.404,1.01018,1.01029,1.13,1.50
2011.12.28 16:26:20.101,1.01018,1.01031,1.13,4.50
2011.12.28 16:26:20.531,1.01017,1.01028,2.25,1.13
2011.12.28 16:26:20.613,1.01016,1.01028,1.50,1.88
2011.12.28 16:26:21.167,1.01017,1.01031,3.38,1.88
2011.12.28 16:26:26.796,1.01018,1.01028,1.50,1.13
2011.12.28 16:26:27.154,1.01016,1.01031,4.13,2.25
2011.12.28 16:26:27.226,1.01016,1.01031,4.13,3.00
2011.12.28 16:26:27.988,1.01016,1.01031,4.13,2.25
2011.12.28 16:26:30.594,1.01016,1.01029,4.20,1.50
2011.12.28 16:26:30.944,1.01013,1.01027,2.25,3.23
2011.12.28 16:26:31.735,1.01012,1.01026,2.63,1.88
2011.12.28 16:26:32.299,1.01012,1.01025,2.63,1.13
2011.12.28 16:26:32.939,1.01012,1.01025,2.63,1.88
2011.12.28 16:26:33.155,1.0101,1.01022,1.13,2.25
2011.12.28 16:26:33.755,1.01007,1.01022,3.00,2.25
2011.12.28 16:26:33.847,1.0101,1.01018,1.88,1.88
2011.12.28 16:26:33.993,1.01005,1.01018,2.25,1.13
2011.12.28 16:26:34.545,1.01007,1.01018,1.50,1.13
2011.12.28 16:26:42.936,1.01007,1.01018,1.50,1.88
2011.12.28 16:26:43.008,1.01003,1.01018,1.50,1.88
2011.12.28 16:26:43.491,1.01003,1.01018,2.25,1.88
2011.12.28 16:26:44.078,1.01006,1.01018,1.50,1.88
2011.12.28 16:26:45.678,1.01003,1.01018,2.25,1.88
2011.12.28 16:26:45.825,1.01003,1.01018,2.25,1.88
2011.12.28 16:26:46.036,1.01006,1.01018,1.50,1.88
2011.12.28 16:26:47.073,1.01005,1.01018,1.50,1.88
2011.12.28 16:26:47.667,1.01005,1.01016,1.50,1.50
2011.12.28 16:26:47.759,1.00999,1.01012,3.00,2.63
2011.12.28 16:26:47.833,1.00998,1.01012,1.88,4.13
2011.12.28 16:26:47.905,1.00998,1.01012,1.88,4.13
2011.12.28 16:26:48.468,1.00998,1.01012,3.38,2.63
2011.12.28 16:26:49.258,1.00998,1.01012,3.38,2.63
2011.12.28 16:26:49.468,1.01002,1.01014,1.88,1.88
2011.12.28 16:26:49.904,1.01002,1.01014,3.38,1.50
2011.12.28 16:26:50.259,1.01,1.01012,2.25,1.13
2011.12.28 16:26:50.815,1.01001,1.01012,1.50,1.88
2011.12.28 16:26:51.166,1.00998,1.01008,1.13,2.25
2011.12.28 16:26:52.437,1.00993,1.01007,3.75,1.88
2011.12.28 16:26:52.588,1.00993,1.01003,1.13,2.25
2011.12.28 16:26:52.899,1.00988,1.01002,3.38,2.63
2011.12.28 16:26:52.989,1.00988,1.01002,3.38,2.63
2011.12.28 16:26:55.279,1.00993,1.01002,1.13,1.50
2011.12.28 16:27:10.533,1.00993,1.01005,1.13,1.50
2011.12.28 16:27:14.247,1.0099,1.01002,2.25,1.88
2011.12.28 16:27:14.537,1.00988,1.01,1.13,1.50
2011.12.28 16:27:15.090,1.00988,1.01,1.88,1.50
2011.12.28 16:27:15.648,1.00988,1.01002,1.88,3.38
2011.12.28 16:27:18.422,1.00988,1.01,1.88,1.50
2011.12.28 16:27:18.955,1.00988,1.01,1.88,2.25
2011.12.28 16:27:24.098,1.00988,1.00998,1.88,1.50
2011.12.28 16:27:24.316,1.00983,1.00997,3.75,1.50
2011.12.28 16:27:24.593,1.00986,1.00997,1.50,1.13
2011.12.28 16:27:24.998,1.00993,1.01003,1.50,1.88
2011.12.28 16:27:25.144,1.00993,1.01003,1.50,1.88
2011.12.28 16:27:25.675,1.00993,1.01003,1.50,1.88
2011.12.28 16:27:27.154,1.00991,1.01003,1.50,1.88
2011.12.28 16:27:27.842,1.00991,1.01003,1.50,1.88
2011.12.28 16:27:27.929,1.00987,1.01001,1.13,2.25
2011.12.28 16:27:28.146,1.00987,1.01001,1.88,2.25
2011.12.28 16:27:30.383,1.00987,1.01002,1.13,2.25
2011.12.28 16:27:41.650,1.00987,1.00999,1.88,1.50
2011.12.28 16:27:41.723,1.00992,1.00999,1.13,1.50
2011.12.28 16:27:42.074,1.00991,1.01002,2.25,1.13
2011.12.28 16:27:42.144,1.00987,1.01002,2.63,1.13
2011.12.28 16:27:42.353,1.00987,1.00999,1.13,2.25
2011.12.28 16:27:42.734,1.00987,1.00999,1.13,2.25
2011.12.28 16:27:45.973,1.00987,1.01001,1.13,2.25
2011.12.28 16:27:46.546,1.00987,1.01001,1.13,2.25
2011.12.28 16:27:54.198,1.00983,1.00987,1.13,1.13
2011.12.28 16:27:54.489,1.00975,1.00987,3.00,1.13
2011.12.28 16:27:54.565,1.00975,1.00987,2.25,1.13
2011.12.28 16:27:55.011,1.00975,1.00987,1.50,1.88
2011.12.28 16:27:55.364,1.00973,1.00987,2.63,1.88
2011.12.28 16:27:55.914,1.00977,1.00988,1.13,2.25
2011.12.28 16:27:55.989,1.00977,1.00988,1.13,2.25
2011.12.28 16:27:56.493,1.00978,1.0099,2.25,1.50
2011.12.28 16:27:56.834,1.0098,1.00992,1.50,1.50
2011.12.28 16:27:59.753,1.00978,1.0099,3.75,1.50
2011.12.28 16:28:01.053,1.00978,1.0099,2.25,1.50
2011.12.28 16:28:01.466,1.00982,1.0099,1.13,1.50
2011.12.28 16:28:01.802,1.00982,1.00992,1.13,1.50
2011.12.28 16:28:06.682,1.0098,1.00992,2.25,1.50
2011.12.28 16:28:06.811,1.00978,1.00992,3.00,1.50
2011.12.28 16:28:07.355,1.00978,1.00992,2.25,2.25
2011.12.28 16:28:07.931,1.00978,1.00992,2.25,2.25
2011.12.28 16:28:08.390,1.00978,1.00992,2.25,1.50
2011.12.28 16:28:08.944,1.00978,1.00992,2.25,2.25
2011.12.28 16:28:09.299,1.00973,1.00985,1.50,2.25
2011.12.28 16:28:11.641,1.00973,1.00985,1.13,3.94
2011.12.28 16:28:12.203,1.00973,1.00986,1.13,3.75
2011.12.28 16:28:13.685,1.00973,1.00985,1.13,2.44
2011.12.28 16:28:14.436,1.00973,1.00985,1.13,1.50
2011.12.28 16:28:23.610,1.00973,1.00983,1.13,1.50
2011.12.28 16:28:24.215,1.00973,1.00986,1.13,1.50
2011.12.28 16:28:25.632,1.00973,1.00985,1.13,3.00
2011.12.28 16:28:29.122,1.00973,1.00982,1.13,2.25
2011.12.28 16:28:29.619,1.00973,1.00985,1.13,4.50
2011.12.28 16:28:30.516,1.00973,1.00983,1.13,2.25
2011.12.28 16:28:30.914,1.00973,1.00986,1.13,3.00
2011.12.28 16:28:32.126,1.00973,1.00982,1.13,2.25
2011.12.28 16:28:32.392,1.00973,1.00984,1.13,2.25
2011.12.28 16:28:33.685,1.00973,1.00985,1.13,4.50
2011.12.28 16:28:33.962,1.00973,1.00984,1.13,2.25
2011.12.28 16:28:34.032,1.00973,1.00984,1.13,2.25
2011.12.28 16:28:34.848,1.00973,1.00984,1.13,2.25
2011.12.28 16:28:34.928,1.00973,1.00985,1.13,3.00
2011.12.28 16:28:36.284,1.00973,1.00986,1.88,1.88
2011.12.28 16:28:36.361,1.00977,1.00986,1.13,1.88
2011.12.28 16:28:36.721,1.00975,1.00986,2.25,3.38
2011.12.28 16:28:36.796,1.00973,1.00985,1.50,1.50
2011.12.28 16:28:37.430,1.00973,1.00986,1.13,3.00
2011.12.28 16:28:38.039,1.00973,1.00985,1.13,1.69
2011.12.28 16:28:38.613,1.00973,1.00986,1.13,3.19
2011.12.28 16:28:39.178,1.00972,1.00985,1.88,3.00
2011.12.28 16:28:47.424,1.00972,1.00985,1.13,1.50
2011.12.28 16:28:47.992,1.00972,1.00984,3.38,1.50
2011.12.28 16:28:48.279,1.00975,1.00984,1.50,1.50
2011.12.28 16:28:48.883,1.00973,1.00985,1.50,1.50
2011.12.28 16:28:48.969,1.00978,1.00987,1.50,1.50
2011.12.28 16:28:49.186,1.00976,1.00988,2.25,2.63
2011.12.28 16:28:49.743,1.00977,1.00988,1.50,2.63
2011.12.28 16:28:50.267,1.00977,1.00988,1.50,2.63
2011.12.28 16:28:51.012,1.00977,1.00988,1.50,2.63
2011.12.28 16:28:51.524,1.00974,1.00988,1.50,2.63
2011.12.28 16:28:51.593,1.00974,1.00987,1.50,1.50
2011.12.28 16:28:51.666,1.00976,1.00988,2.25,2.63
2011.12.28 16:28:52.005,1.00978,1.00988,1.50,2.63
2011.12.28 16:28:52.557,1.00978,1.00988,1.50,2.63
2011.12.28 16:28:52.634,1.00978,1.00988,1.50,2.63
2011.12.28 16:28:53.153,1.00978,1.00988,1.50,2.63
2011.12.28 16:28:53.747,1.00978,1.00988,1.50,2.63
2011.12.28 16:28:55.307,1.00978,1.00988,1.50,2.63
2011.12.28 16:28:55.559,1.00976,1.00988,1.50,2.63
2011.12.28 16:28:55.636,1.00973,1.00988,4.13,2.63
2011.12.28 16:28:56.052,1.00972,1.00985,1.88,1.50
2011.12.28 16:28:56.213,1.00972,1.00985,1.13,3.75
2011.12.28 16:28:56.568,1.00967,1.00978,1.50,1.88
2011.12.28 16:28:57.001,1.00964,1.00978,1.50,2.63
2011.12.28 16:28:57.559,1.00962,1.00978,3.38,2.63
2011.12.28 16:28:57.844,1.00962,1.00978,3.38,2.63
2011.12.28 16:29:00.400,1.00962,1.00972,2.25,1.13
2011.12.28 16:29:07.629,1.00959,1.00972,2.25,1.13
2011.12.28 16:29:08.194,1.00959,1.00972,2.25,1.88
2011.12.28 16:29:09.173,1.00959,1.00972,1.50,1.88
2011.12.28 16:29:09.734,1.00959,1.00972,2.25,1.88
2011.12.28 16:29:11.134,1.00959,1.00972,2.25,1.88
2011.12.28 16:29:11.697,1.00961,1.00972,1.50,1.88
2011.12.28 16:29:11.780,1.00958,1.00972,2.25,1.88
2011.12.28 16:29:13.569,1.0096,1.00972,3.75,1.13
2011.12.28 16:29:14.069,1.00958,1.00972,3.38,1.88
2011.12.28 16:29:14.567,1.00958,1.0097,1.13,2.25
2011.12.28 16:29:14.651,1.00958,1.00967,1.13,1.50
2011.12.28 16:29:15.141,1.00955,1.00963,1.50,1.13
2011.12.28 16:29:15.440,1.00948,1.00956,1.50,1.88
2011.12.28 16:29:15.586,1.00942,1.00952,1.50,1.88
2011.12.28 16:29:15.802,1.00942,1.00952,1.50,1.13
2011.12.28 16:29:16.018,1.00947,1.00957,1.50,1.13
2011.12.28 16:29:16.242,1.00945,1.00952,2.25,1.13
2011.12.28 16:29:16.564,1.00947,1.00952,2.25,1.13
2011.12.28 16:29:19.102,1.00947,1.00952,1.50,1.13
2011.12.28 16:29:19.177,1.00938,1.00952,4.13,1.88
2011.12.28 16:29:19.330,1.00937,1.00947,1.50,2.63
2011.12.28 16:29:19.556,1.00934,1.00943,2.25,1.13
2011.12.28 16:29:19.629,1.00932,1.00943,1.50,1.88
2011.12.28 16:29:19.709,1.00929,1.00943,3.21,1.88
2011.12.28 16:29:20.139,1.00931,1.00941,1.50,1.88
2011.12.28 16:29:20.611,1.00923,1.0094,2.25,2.25
2011.12.28 16:29:20.709,1.00923,1.0094,2.25,2.25
2011.12.28 16:29:21.071,1.00923,1.00938,2.25,1.88
2011.12.28 16:29:21.221,1.00923,1.00938,2.25,1.88
2011.12.28 16:29:21.784,1.00923,1.0094,2.25,3.00
2011.12.28 16:29:22.807,1.00923,1.0094,2.25,3.00
2011.12.28 16:29:23.353,1.00923,1.0094,2.25,3.00
2011.12.28 16:29:23.918,1.00923,1.0094,2.25,3.00
2011.12.28 16:29:24.453,1.00923,1.0094,2.25,3.00
2011.12.28 16:29:24.866,1.00923,1.0094,2.25,3.00
2011.12.28 16:29:25.422,1.00923,1.0094,2.25,3.00
2011.12.28 16:29:25.685,1.00923,1.0094,2.25,3.00
2011.12.28 16:29:26.249,1.00923,1.0094,2.25,3.00
2011.12.28 16:29:26.918,1.00923,1.0094,4.10,2.25
2011.12.28 16:29:27.282,1.00929,1.00942,2.25,3.00
2011.12.28 16:29:27.363,1.00929,1.00941,2.25,1.13
2011.12.28 16:29:28.013,1.00927,1.00936,1.50,1.13
2011.12.28 16:29:28.172,1.00922,1.00932,1.50,2.25
2011.12.28 16:29:28.540,1.0092,1.00933,3.75,2.25
2011.12.28 16:29:28.902,1.0092,1.00933,2.25,2.25
2011.12.28 16:29:29.375,1.00918,1.00935,3.00,4.13
2011.12.28 16:29:29.939,1.00918,1.00935,2.25,2.25
2011.12.28 16:29:30.423,1.00918,1.00935,2.25,3.00
2011.12.28 16:29:30.963,1.00918,1.00935,2.25,3.00
2011.12.28 16:29:31.485,1.00918,1.00935,2.25,3.38
2011.12.28 16:29:32.425,1.00918,1.00935,2.25,3.38
2011.12.28 16:29:32.917,1.00916,1.00931,3.75,2.25
2011.12.28 16:29:33.487,1.00916,1.00931,2.25,3.00
2011.12.28 16:29:34.439,1.00917,1.00932,2.25,3.00
2011.12.28 16:29:35.009,1.0092,1.00934,1.50,1.13
2011.12.28 16:29:35.084,1.00918,1.00933,2.25,2.25
2011.12.28 16:29:35.505,1.00918,1.00933,2.25,2.25
2011.12.28 16:29:36.044,1.00918,1.00933,1.50,2.25
2011.12.28 16:29:36.595,1.00915,1.00932,2.25,2.25
2011.12.28 16:29:37.015,1.00916,1.00932,1.50,2.25
2011.12.28 16:29:37.083,1.00917,1.00932,1.50,2.25
2011.12.28 16:29:38.309,1.00917,1.00931,1.50,3.75
2011.12.28 16:29:38.524,1.00914,1.00929,2.25,4.13
2011.12.28 16:29:38.811,1.00911,1.00928,3.75,2.25
2011.12.28 16:29:39.444,1.00914,1.00928,1.50,2.63
2011.12.28 16:29:39.796,1.00916,1.00927,1.50,1.13
2011.12.28 16:29:40.301,1.00913,1.00926,1.50,1.13
2011.12.28 16:29:40.448,1.00913,1.00926,1.50,1.13
2011.12.28 16:29:40.662,1.00911,1.00926,2.25,2.63
2011.12.28 16:29:41.213,1.00911,1.00926,2.25,3.38
2011.12.28 16:29:41.763,1.00911,1.00926,2.25,3.38
2011.12.28 16:29:42.246,1.00911,1.00922,2.25,2.25
2011.12.28 16:29:42.762,1.0091,1.00923,1.50,1.50
2011.12.28 16:29:43.962,1.00911,1.00925,1.50,2.25
2011.12.28 16:29:44.038,1.00914,1.00927,2.25,4.54
2011.12.28 16:29:44.538,1.00913,1.00928,2.25,3.00
2011.12.28 16:29:44.982,1.00913,1.00927,1.50,1.50
2011.12.28 16:29:45.544,1.00912,1.00923,1.13,2.25
2011.12.28 16:29:46.309,1.00912,1.00926,1.13,2.63
2011.12.28 16:29:46.852,1.00913,1.00926,1.13,2.63
2011.12.28 16:29:47.845,1.00909,1.00923,1.50,2.25
2011.12.28 16:29:48.335,1.00912,1.00924,1.50,1.88
2011.12.28 16:29:49.161,1.00913,1.00926,1.13,1.13
2011.12.28 16:29:49.873,1.00913,1.00926,1.13,1.13
2011.12.28 16:29:55.033,1.00913,1.00925,1.13,2.25
2011.12.28 16:29:55.244,1.0091,1.00921,3.38,1.50
2011.12.28 16:29:56.013,1.0091,1.00923,2.25,1.50
2011.12.28 16:29:56.096,1.00908,1.00922,2.63,1.50
2011.12.28 16:29:56.585,1.00908,1.00922,1.13,4.50
2011.12.28 16:29:56.723,1.00908,1.00922,1.13,4.13
2011.12.28 16:29:59.875,1.0091,1.00922,1.50,1.50
2011.12.28 16:30:00.435,1.00908,1.00923,3.38,2.25
2011.12.28 16:30:01.056,1.00908,1.00923,3.38,2.25
2011.12.28 16:30:01.546,1.00908,1.00923,3.38,2.25
2011.12.28 16:30:02.428,1.00908,1.00923,3.38,3.38
2011.12.28 16:30:03.005,1.00908,1.00917,2.63,1.50
2011.12.28 16:30:03.555,1.00908,1.00917,1.13,1.13
2011.12.28 16:30:03.764,1.00908,1.00918,1.13,4.13
2011.12.28 16:30:03.903,1.00908,1.00917,1.13,1.50
2011.12.28 16:30:04.043,1.00908,1.00918,1.13,3.00
2011.12.28 16:30:04.255,1.00908,1.00916,1.13,1.50
2011.12.28 16:30:04.785,1.00908,1.00916,1.13,1.50
2011.12.28 16:30:04.857,1.00908,1.00917,1.13,1.50
2011.12.28 16:30:05.404,1.00908,1.00916,1.13,1.50
2011.12.28 16:30:05.534,1.00906,1.00916,1.13,1.50
2011.12.28 16:30:06.000,1.00906,1.00917,1.13,2.25
2011.12.28 16:30:06.085,1.00907,1.00918,1.50,1.50
2011.12.28 16:30:06.165,1.00909,1.00921,2.63,1.50
2011.12.28 16:30:06.252,1.00911,1.00923,2.25,1.88
2011.12.28 16:30:06.882,1.00911,1.00925,2.25,4.13
2011.12.28 16:30:06.974,1.00915,1.00925,2.25,1.50
2011.12.28 16:30:07.331,1.0092,1.00925,1.50,1.50
2011.12.28 16:30:07.413,1.00918,1.00928,1.50,2.63
2011.12.28 16:30:07.695,1.00921,1.00929,1.50,1.50
2011.12.28 16:30:07.906,1.00919,1.0093,1.50,2.25
2011.12.28 16:30:08.045,1.00921,1.00929,1.50,1.50
2011.12.28 16:30:08.492,1.00921,1.00934,1.50,2.63
2011.12.28 16:30:08.710,1.00923,1.00934,1.50,1.88
2011.12.28 16:30:09.204,1.0092,1.00934,2.25,1.13
2011.12.28 16:30:09.416,1.0092,1.00934,1.50,1.88
2011.12.28 16:30:09.911,1.00923,1.00935,1.13,1.13
2011.12.28 16:30:14.173,1.0092,1.00933,4.50,1.88
2011.12.28 16:30:14.386,1.00917,1.0093,1.88,2.25
2011.12.28 16:30:14.942,1.00917,1.00928,1.13,1.13
2011.12.28 16:30:15.288,1.00914,1.00927,4.50,1.88
2011.12.28 16:30:15.843,1.00913,1.00926,1.13,2.25
2011.12.28 16:30:15.983,1.00913,1.00927,2.63,1.13
2011.12.28 16:30:16.252,1.00913,1.00925,2.63,1.50
2011.12.28 16:30:17.097,1.00913,1.00925,3.38,1.13
2011.12.28 16:30:17.639,1.00911,1.00916,1.50,1.50
2011.12.28 16:30:17.723,1.00906,1.00916,1.88,1.50
2011.12.28 16:30:17.807,1.00903,1.00912,1.50,1.13
2011.12.28 16:30:18.030,1.009,1.00912,2.63,1.88
2011.12.28 16:30:18.103,1.00899,1.00912,1.50,1.88
2011.12.28 16:30:18.656,1.00901,1.00912,1.50,1.88
2011.12.28 16:30:21.457,1.00898,1.00912,3.38,1.88
2011.12.28 16:30:21.803,1.00898,1.00912,2.63,1.88
2011.12.28 16:30:22.273,1.00901,1.00912,1.50,1.88
2011.12.28 16:30:24.626,1.00905,1.00912,1.50,1.13
2011.12.28 16:30:25.045,1.00905,1.00916,1.50,1.50
2011.12.28 16:30:25.547,1.00904,1.00917,2.25,1.88
2011.12.28 16:30:26.141,1.00905,1.00917,1.13,1.88
2011.12.28 16:30:26.786,1.00904,1.00917,2.25,1.88
2011.12.28 16:30:27.766,1.00904,1.00917,4.13,1.88
2011.12.28 16:30:28.455,1.00905,1.00917,1.13,1.88
2011.12.28 16:30:28.668,1.00903,1.00917,2.63,1.88
2011.12.28 16:30:29.762,1.00902,1.00913,1.50,1.88
2011.12.28 16:30:29.848,1.00899,1.00913,3.00,1.88
2011.12.28 16:30:29.985,1.00897,1.00913,2.63,1.88
2011.12.28 16:30:30.128,1.00897,1.00913,2.63,1.88
2011.12.28 16:30:30.345,1.00897,1.00908,1.13,1.50
2011.12.28 16:30:31.116,1.00899,1.00913,1.50,1.88
2011.12.28 16:30:31.661,1.00898,1.00913,1.50,3.38
2011.12.28 16:30:32.085,1.00897,1.0091,1.13,2.25
2011.12.28 16:30:32.224,1.00897,1.00908,1.13,2.25
2011.12.28 16:30:32.717,1.0089,1.00907,1.50,1.88
2011.12.28 16:30:33.289,1.00893,1.00906,1.13,2.25
2011.12.28 16:30:34.215,1.00893,1.00907,2.63,1.88
2011.12.28 16:30:34.428,1.00893,1.00902,1.50,1.88
2011.12.28 16:30:34.514,1.00889,1.00902,1.50,1.88
2011.12.28 16:30:35.073,1.00888,1.00902,2.63,1.88
2011.12.28 16:30:35.604,1.00888,1.00902,2.63,1.88
2011.12.28 16:30:36.574,1.00889,1.00902,1.50,1.88
2011.12.28 16:30:36.645,1.00889,1.00902,1.50,1.88
2011.12.28 16:30:38.368,1.00889,1.00902,2.25,1.88
2011.12.28 16:30:38.454,1.00896,1.00906,1.13,3.00
2011.12.28 16:30:38.806,1.00901,1.00907,1.50,1.88
2011.12.28 16:30:39.306,1.00901,1.00907,1.50,1.88
2011.12.28 16:30:39.454,1.00898,1.00907,1.50,1.88
2011.12.28 16:30:39.738,1.00893,1.00904,1.88,2.25
2011.12.28 16:30:40.421,1.00893,1.00905,1.13,2.25
2011.12.28 16:30:43.663,1.00893,1.00905,1.13,2.25
2011.12.28 16:30:43.936,1.0089,1.00902,2.25,1.50
2011.12.28 16:30:44.014,1.0089,1.00902,2.25,2.25
2011.12.28 16:30:44.225,1.00887,1.00902,1.13,2.25
2011.12.28 16:30:44.750,1.00888,1.00903,1.50,3.38
2011.12.28 16:30:45.922,1.00887,1.00897,1.13,1.50
2011.12.28 16:30:45.996,1.00887,1.009,3.38,2.25
2011.12.28 16:30:46.414,1.00891,1.00903,1.50,1.88
2011.12.28 16:30:46.555,1.00887,1.00903,2.63,1.88
2011.12.28 16:30:47.045,1.0089,1.00903,1.50,1.88
2011.12.28 16:30:47.542,1.00888,1.00903,1.50,3.38
2011.12.28 16:30:48.601,1.00888,1.00903,1.50,3.38
2011.12.28 16:30:49.161,1.00888,1.00897,1.50,1.13
2011.12.28 16:30:49.306,1.00885,1.00897,2.25,1.88
2011.12.28 16:30:49.444,1.00882,1.00892,1.50,1.13
2011.12.28 16:30:49.514,1.00881,1.00892,2.25,1.13
2011.12.28 16:30:49.924,1.0088,1.00892,3.00,1.88
2011.12.28 16:30:50.278,1.00878,1.00892,2.63,2.63
2011.12.28 16:30:50.361,1.00878,1.00891,1.13,2.25
2011.12.28 16:30:50.507,1.00873,1.00887,3.00,3.75
2011.12.28 16:30:50.647,1.00872,1.00883,1.50,2.25
2011.12.28 16:30:50.941,1.0087,1.00884,3.75,2.25
2011.12.28 16:30:51.015,1.0087,1.00881,1.50,3.00
2011.12.28 16:30:51.094,1.00868,1.00877,1.13,2.25
2011.12.28 16:30:51.508,1.00867,1.00879,3.38,1.50
2011.12.28 16:30:51.737,1.00871,1.00883,2.25,1.88
2011.12.28 16:30:52.177,1.00871,1.00877,2.25,1.13
2011.12.28 16:30:52.259,1.00868,1.00877,1.50,1.13
2011.12.28 16:30:54.954,1.00868,1.00882,2.25,1.88
2011.12.28 16:30:55.026,1.0087,1.00882,2.25,3.38
2011.12.28 16:30:55.390,1.00866,1.00878,3.00,1.13
2011.12.28 16:30:55.993,1.00865,1.00878,3.75,1.13
2011.12.28 16:30:56.212,1.00865,1.00878,3.75,1.13
2011.12.28 16:30:56.283,1.00865,1.00878,3.75,1.13
2011.12.28 16:30:56.805,1.00865,1.00878,3.75,1.13
2011.12.28 16:31:00.266,1.00865,1.00878,2.25,1.13
2011.12.28 16:31:00.476,1.00865,1.00872,2.25,1.13
2011.12.28 16:31:01.226,1.00867,1.00878,1.50,1.13
2011.12.28 16:31:03.964,1.00866,1.00872,3.00,1.13
2011.12.28 16:31:04.526,1.00869,1.00877,1.50,1.13
2011.12.28 16:31:04.740,1.00867,1.00872,2.25,1.13
2011.12.28 16:31:05.071,1.00865,1.0087,1.50,1.13
2011.12.28 16:31:05.152,1.00866,1.00873,2.25,1.13
2011.12.28 16:31:05.507,1.00868,1.00873,1.50,1.13
2011.12.28 16:31:09.176,1.00868,1.00874,2.25,1.13
2011.12.28 16:31:09.319,1.00868,1.00878,3.00,1.13
2011.12.28 16:31:09.400,1.00872,1.00878,1.50,1.13
2011.12.28 16:31:09.551,1.00874,1.00881,1.50,1.13
2011.12.28 16:31:09.915,1.00879,1.00884,1.13,1.13
2011.12.28 16:31:10.017,1.0088,1.00886,2.25,1.13
2011.12.28 16:31:10.442,1.00879,1.00884,1.13,1.13
2011.12.28 16:31:10.728,1.00877,1.00884,1.50,1.13
2011.12.28 16:31:10.808,1.00876,1.00884,1.13,1.13
2011.12.28 16:31:10.885,1.00874,1.00884,3.75,1.13
2011.12.28 16:31:11.468,1.00873,1.00884,2.63,1.13
2011.12.28 16:31:14.769,1.00879,1.00889,1.50,1.13
2011.12.28 16:31:15.196,1.0088,1.00894,1.13,1.88
2011.12.28 16:31:15.754,1.00877,1.0089,2.25,1.13
2011.12.28 16:31:17.170,1.00886,1.00896,2.25,1.88
2011.12.28 16:31:17.530,1.00886,1.00892,2.25,2.25
2011.12.28 16:31:17.608,1.00881,1.00892,3.00,2.25
2011.12.28 16:31:18.025,1.00876,1.0089,3.00,1.13
2011.12.28 16:31:18.095,1.00876,1.0089,3.00,1.88
2011.12.28 16:31:18.444,1.00872,1.00884,2.25,1.13
2011.12.28 16:31:18.854,1.00873,1.00884,2.25,1.13
2011.12.28 16:31:19.385,1.00873,1.00884,3.00,1.13
2011.12.28 16:31:20.694,1.00874,1.00884,1.50,1.13
2011.12.28 16:31:20.827,1.00878,1.00884,1.50,1.13
2011.12.28 16:31:21.944,1.00878,1.0089,1.50,1.88
2011.12.28 16:31:25.352,1.00879,1.0089,1.50,1.13
2011.12.28 16:31:26.421,1.00878,1.0089,2.25,1.13
2011.12.28 16:31:28.967,1.00878,1.00892,3.38,1.50
2011.12.28 16:31:29.050,1.00881,1.00893,3.00,2.25
2011.12.28 16:31:29.407,1.00879,1.00889,3.00,1.13
2011.12.28 16:31:29.780,1.00881,1.00894,2.25,2.63
2011.12.28 16:31:30.515,1.00881,1.00894,2.25,3.38
2011.12.28 16:31:30.662,1.00881,1.00887,2.25,1.13
2011.12.28 16:31:30.971,1.00869,1.00879,2.33,1.13
2011.12.28 16:31:31.118,1.00869,1.0088,1.95,1.50
2011.12.28 16:31:31.716,1.00871,1.00882,2.25,2.25
2011.12.28 16:31:32.255,1.00871,1.00883,2.25,2.25
2011.12.28 16:31:33.056,1.00871,1.00883,2.25,2.25
2011.12.28 16:31:33.673,1.00871,1.00883,2.25,2.25
2011.12.28 16:31:35.893,1.00875,1.00881,2.25,1.13
2011.12.28 16:31:36.177,1.00875,1.00886,3.00,1.50
2011.12.28 16:31:36.317,1.00874,1.00882,1.13,1.50
2011.12.28 16:31:36.538,1.00869,1.00876,2.63,1.50
2011.12.28 16:31:36.616,1.0087,1.00874,1.50,1.13
2011.12.28 16:31:36.755,1.00867,1.00874,2.25,1.13
2011.12.28 16:31:36.967,1.0087,1.0088,1.50,1.88
2011.12.28 16:31:38.025,1.00869,1.00882,1.13,2.25
2011.12.28 16:31:38.169,1.00874,1.00884,1.50,1.50
2011.12.28 16:31:38.526,1.00877,1.00885,1.50,1.13
2011.12.28 16:31:39.089,1.00875,1.00885,3.00,1.13
2011.12.28 16:31:40.264,1.00875,1.00885,1.50,1.88
2011.12.28 16:31:40.335,1.00873,1.00885,3.19,1.88
2011.12.28 16:31:40.549,1.0087,1.00882,2.25,2.25
2011.12.28 16:31:40.626,1.0087,1.00882,2.25,2.25
2011.12.28 16:31:42.397,1.0087,1.00879,2.25,1.13
2011.12.28 16:31:42.763,1.00867,1.00875,1.50,1.88
2011.12.28 16:31:43.337,1.00866,1.00875,2.25,1.88
2011.12.28 16:31:43.969,1.00866,1.00876,2.25,1.88
2011.12.28 16:31:44.564,1.00869,1.00878,3.00,1.88
2011.12.28 16:31:44.843,1.00868,1.00878,2.25,1.13
2011.12.28 16:31:45.632,1.00868,1.0088,2.25,1.13
2011.12.28 16:31:46.682,1.0087,1.00884,1.13,1.88
2011.12.28 16:31:47.187,1.00871,1.00884,2.25,1.88
2011.12.28 16:31:52.605,1.00871,1.00884,2.25,1.88
2011.12.28 16:31:53.371,1.00871,1.00884,3.00,3.38
2011.12.28 16:31:53.589,1.00873,1.00884,1.50,1.13
2011.12.28 16:31:54.040,1.00875,1.00884,1.50,1.13
2011.12.28 16:31:54.592,1.00874,1.00884,1.50,1.13
2011.12.28 16:31:55.226,1.00874,1.00889,2.25,2.63
2011.12.28 16:31:55.294,1.00876,1.00889,3.00,2.63
2011.12.28 16:31:57.229,1.00876,1.00884,3.75,1.13
2011.12.28 16:31:57.377,1.00872,1.00884,3.00,1.88
2011.12.28 16:31:57.872,1.00874,1.00884,1.50,1.13
2011.12.28 16:31:59.384,1.00874,1.00889,1.50,3.38
2011.12.28 16:31:59.530,1.00875,1.00889,3.00,3.38
2011.12.28 16:31:59.946,1.00876,1.00884,1.50,1.13
2011.12.28 16:32:00.408,1.00874,1.00884,1.50,1.13
2011.12.28 16:32:00.759,1.00872,1.00884,1.50,1.13
2011.12.28 16:32:03.077,1.00874,1.00884,1.50,1.13
2011.12.28 16:32:03.226,1.00875,1.00889,1.13,1.88
2011.12.28 16:32:04.781,1.00875,1.00888,1.13,2.63
2011.12.28 16:32:04.875,1.00872,1.0088,2.25,1.50
2011.12.28 16:32:05.015,1.0087,1.0088,4.88,1.50
2011.12.28 16:32:05.988,1.0087,1.00883,3.38,2.25
2011.12.28 16:32:07.317,1.0087,1.00883,3.38,2.25
2011.12.28 16:32:07.876,1.0087,1.00883,3.38,2.25
2011.12.28 16:32:08.423,1.0087,1.00883,3.38,2.25
2011.12.28 16:32:08.564,1.0087,1.00883,3.38,2.25
2011.12.28 16:32:09.101,1.0087,1.00883,3.38,2.25
2011.12.28 16:32:09.534,1.0087,1.00875,1.13,2.25
2011.12.28 16:32:09.806,1.00861,1.00872,2.25,1.50
2011.12.28 16:32:11.265,1.00861,1.00874,2.25,3.38
2011.12.28 16:32:12.314,1.00861,1.00874,2.25,3.38
2011.12.28 16:32:12.525,1.00861,1.00874,2.25,3.38
2011.12.28 16:32:15.695,1.00862,1.00874,2.25,1.13
2011.12.28 16:32:15.836,1.00865,1.00874,1.50,1.13
2011.12.28 16:32:16.053,1.00862,1.00874,1.50,1.88
2011.12.28 16:32:16.562,1.00861,1.00874,3.75,1.88
2011.12.28 16:32:23.273,1.00861,1.00874,2.25,1.88
2011.12.28 16:32:23.829,1.00861,1.00874,2.25,1.88
2011.12.28 16:32:24.937,1.00861,1.00874,2.25,1.88
2011.12.28 16:32:25.725,1.00861,1.00874,2.25,1.88
2011.12.28 16:32:28.505,1.00861,1.00874,2.25,1.88
2011.12.28 16:32:28.643,1.00861,1.00874,2.25,1.88
2011.12.28 16:32:29.022,1.00861,1.00874,2.25,1.88
2011.12.28 16:32:30.436,1.00861,1.00873,2.25,1.50
2011.12.28 16:32:30.982,1.00861,1.00874,2.25,1.88
2011.12.28 16:32:32.442,1.00861,1.00874,2.25,1.88
2011.12.28 16:32:32.859,1.00857,1.00866,1.50,1.50
2011.12.28 16:32:33.289,1.0086,1.0087,1.50,1.88
2011.12.28 16:32:33.368,1.0086,1.0087,1.50,1.13
2011.12.28 16:32:33.871,1.00858,1.0087,2.25,1.13
2011.12.28 16:32:34.621,1.00858,1.0087,2.25,1.88
2011.12.28 16:32:34.698,1.00864,1.00873,1.13,2.25
2011.12.28 16:32:35.124,1.00866,1.00876,2.25,1.13
2011.12.28 16:32:40.305,1.00866,1.00876,2.25,1.13
2011.12.28 16:32:40.662,1.00858,1.00871,2.25,1.88
2011.12.28 16:32:40.807,1.00857,1.00871,2.25,1.13
2011.12.28 16:32:41.105,1.00859,1.00871,1.50,1.13
2011.12.28 16:32:41.247,1.00861,1.00875,1.88,5.25
2011.12.28 16:32:41.805,1.00861,1.00875,3.38,2.25
2011.12.28 16:32:41.880,1.00861,1.00875,4.13,1.13
2011.12.28 16:32:42.241,1.0087,1.00876,1.50,1.50
2011.12.28 16:32:42.320,1.0087,1.0088,1.50,1.13
2011.12.28 16:32:42.406,1.00872,1.0088,1.50,1.13
2011.12.28 16:32:42.761,1.00872,1.00881,1.50,1.88
2011.12.28 16:32:43.090,1.00865,1.00878,4.88,1.50
2011.12.28 16:32:43.947,1.00865,1.00878,1.13,2.25
2011.12.28 16:32:45.603,1.00865,1.00878,1.13,2.25
2011.12.28 16:32:46.028,1.00861,1.00875,4.88,2.63
2011.12.28 16:32:46.108,1.00861,1.00873,4.13,2.25
2011.12.28 16:32:52.488,1.00861,1.00872,3.38,1.50
2011.12.28 16:32:52.854,1.00861,1.00867,2.25,1.13
2011.12.28 16:32:52.935,1.00855,1.00867,4.13,1.13
2011.12.28 16:32:53.495,1.00855,1.00866,1.13,1.13
2011.12.28 16:32:54.045,1.00855,1.00867,1.13,1.88
2011.12.28 16:32:54.256,1.00855,1.0087,3.38,1.50
2011.12.28 16:32:54.748,1.00855,1.0087,3.38,1.13
2011.12.28 16:32:55.306,1.00856,1.00871,2.25,2.25
2011.12.28 16:32:55.377,1.00856,1.00871,1.50,1.88
2011.12.28 16:32:55.654,1.00856,1.00871,2.25,1.88
2011.12.28 16:32:56.264,1.00855,1.00871,3.38,1.88
2011.12.28 16:32:56.542,1.00855,1.00871,3.38,1.88
2011.12.28 16:32:57.101,1.00855,1.00871,3.38,1.13
2011.12.28 16:32:57.774,1.00855,1.00871,3.38,1.88
2011.12.28 16:33:06.341,1.00858,1.00871,2.25,2.25
2011.12.28 16:33:06.492,1.00855,1.00868,1.88,4.13
2011.12.28 16:33:06.641,1.00855,1.00868,1.88,1.88
2011.12.28 16:33:07.141,1.00857,1.0087,2.25,1.13
2011.12.28 16:33:07.657,1.00857,1.00871,2.25,1.88
2011.12.28 16:33:08.682,1.00857,1.00863,2.25,1.13
2011.12.28 16:33:09.565,1.00849,1.00854,1.50,1.91
2011.12.28 16:33:10.086,1.00822,1.00833,3.75,1.13
2011.12.28 16:33:10.237,1.0082,1.00832,4.50,3.00
2011.12.28 16:33:10.358,1.00819,1.00829,4.50,2.25
2011.12.28 16:33:10.625,1.00817,1.00829,5.25,1.50
2011.12.28 16:33:11.184,1.00816,1.00828,1.50,1.50
2011.12.28 16:33:11.582,1.00821,1.00829,1.50,1.80
2011.12.28 16:33:11.678,1.00821,1.00827,1.50,2.25
2011.12.28 16:33:12.292,1.00807,1.00824,1.88,1.88
2011.12.28 16:33:12.408,1.00806,1.00819,3.75,2.25
2011.12.28 16:33:12.552,1.00806,1.00818,3.00,1.88
2011.12.28 16:33:12.637,1.00804,1.00815,2.33,1.80
2011.12.28 16:33:12.861,1.00804,1.00816,1.58,1.05
2011.12.28 16:33:13.081,1.00801,1.00814,2.33,2.25
2011.12.28 16:33:13.168,1.00801,1.00814,2.25,2.40
2011.12.28 16:33:13.907,1.008,1.00811,2.25,3.00
2011.12.28 16:33:14.231,1.00799,1.00814,3.00,3.00
2011.12.28 16:33:14.701,1.00799,1.00811,3.00,3.90
2011.12.28 16:33:14.993,1.0079,1.00805,5.63,3.00
2011.12.28 16:33:15.485,1.0079,1.00803,2.25,2.25
2011.12.28 16:33:16.085,1.0079,1.008,2.25,2.25
2011.12.28 16:33:16.165,1.0079,1.008,2.25,1.88
2011.12.28 16:33:16.247,1.0079,1.00799,2.25,1.50
2011.12.28 16:33:16.552,1.00784,1.00798,6.60,2.25
2011.12.28 16:33:16.949,1.00782,1.00795,4.13,1.50
2011.12.28 16:33:17.194,1.00769,1.0078,3.00,2.25
2011.12.28 16:33:17.668,1.00765,1.00775,3.00,1.88
2011.12.28 16:33:17.763,1.00752,1.00764,1.50,1.13
2011.12.28 16:33:17.836,1.00752,1.00766,1.50,3.00
2011.12.28 16:33:17.984,1.00755,1.00767,2.25,1.88
2011.12.28 16:33:18.498,1.0075,1.00762,1.50,1.50
2011.12.28 16:33:18.617,1.00745,1.00763,1.50,1.50
2011.12.28 16:33:18.710,1.00749,1.00764,1.50,2.25
2011.12.28 16:33:18.874,1.00751,1.00766,2.63,1.80
2011.12.28 16:33:18.954,1.00755,1.00767,2.25,1.13
2011.12.28 16:33:19.034,1.00755,1.0077,2.25,3.38
2011.12.28 16:33:19.336,1.00751,1.00765,1.50,1.13
2011.12.28 16:33:19.422,1.0075,1.00765,1.50,2.63
2011.12.28 16:33:20.031,1.00749,1.00766,2.63,1.88
2011.12.28 16:33:20.120,1.00749,1.00765,2.25,2.63
2011.12.28 16:33:20.205,1.00749,1.00765,2.25,3.75
2011.12.28 16:33:20.557,1.00753,1.00764,2.25,1.50
2011.12.28 16:33:20.727,1.00755,1.00767,3.00,1.13
2011.12.28 16:33:21.249,1.00758,1.00767,1.50,1.13
2011.12.28 16:33:21.333,1.00755,1.00767,3.98,1.13
2011.12.28 16:33:21.483,1.00756,1.00767,1.13,1.13
2011.12.28 16:33:21.929,1.00759,1.00771,1.50,1.88
2011.12.28 16:33:22.014,1.00755,1.00767,3.38,1.13
2011.12.28 16:33:22.087,1.00755,1.00767,3.38,1.13
2011.12.28 16:33:22.637,1.00759,1.00767,1.50,1.13
2011.12.28 16:33:23.724,1.00759,1.00771,2.25,1.80
2011.12.28 16:33:24.018,1.00759,1.00767,1.50,1.13
2011.12.28 16:33:24.994,1.00759,1.00772,2.25,1.13
2011.12.28 16:33:25.441,1.00764,1.00778,1.13,1.88
2011.12.28 16:33:26.014,1.00761,1.00774,2.63,1.13
2011.12.28 16:33:26.111,1.00761,1.00774,1.50,3.38
2011.12.28 16:33:26.401,1.0076,1.00774,2.25,3.38
2011.12.28 16:33:27.657,1.00762,1.00775,1.13,1.13
2011.12.28 16:33:27.743,1.00762,1.00777,1.13,3.38
2011.12.28 16:33:27.954,1.00762,1.00777,1.13,1.50
2011.12.28 16:33:28.504,1.00761,1.00778,1.13,2.63
2011.12.28 16:33:28.945,1.00764,1.00778,2.25,1.88
2011.12.28 16:33:29.496,1.0076,1.00778,3.00,1.88
2011.12.28 16:33:30.671,1.00761,1.00778,1.50,3.38
2011.12.28 16:33:30.776,1.00762,1.00778,3.38,2.63
2011.12.28 16:33:31.282,1.00763,1.00778,1.50,1.13
2011.12.28 16:33:31.945,1.00762,1.00778,1.13,2.63
2011.12.28 16:33:32.021,1.00764,1.00778,2.25,1.88
2011.12.28 16:33:32.438,1.00762,1.00775,1.13,2.25
2011.12.28 16:33:33.062,1.00762,1.00776,1.13,1.50
2011.12.28 16:33:33.276,1.00762,1.00776,1.13,3.00
2011.12.28 16:33:33.701,1.0076,1.00772,2.25,1.88
2011.12.28 16:33:34.065,1.00756,1.00768,1.50,1.13
2011.12.28 16:33:34.717,1.00756,1.00768,5.25,1.13
2011.12.28 16:33:34.806,1.00758,1.00772,1.88,1.28
2011.12.28 16:33:34.876,1.00758,1.0077,1.13,1.50
2011.12.28 16:33:35.795,1.00758,1.00771,1.88,1.50
2011.12.28 16:33:36.326,1.00758,1.00771,1.13,2.25
2011.12.28 16:33:36.685,1.00758,1.00771,1.13,1.50
2011.12.28 16:33:37.185,1.00758,1.00768,1.50,1.13
2011.12.28 16:33:37.753,1.00758,1.00771,2.63,2.25
2011.12.28 16:33:37.968,1.00763,1.00772,1.13,1.50
2011.12.28 16:33:38.663,1.00763,1.00773,1.13,1.13
2011.12.28 16:33:38.957,1.0077,1.00781,1.50,1.13
2011.12.28 16:33:39.107,1.00768,1.00782,2.63,2.63
2011.12.28 16:33:39.175,1.00773,1.00782,1.13,1.50
2011.12.28 16:33:39.741,1.00773,1.00783,1.13,3.00
2011.12.28 16:33:39.820,1.00773,1.00783,1.13,2.25
2011.12.28 16:33:41.453,1.00773,1.00783,1.50,1.50
2011.12.28 16:33:41.672,1.00777,1.00783,1.13,1.50
2011.12.28 16:33:41.754,1.00777,1.00788,1.13,1.50
2011.12.28 16:33:42.077,1.00777,1.00787,1.88,1.50
2011.12.28 16:33:42.370,1.00781,1.00788,1.50,1.88
2011.12.28 16:33:42.593,1.00779,1.00788,1.50,1.88
2011.12.28 16:33:43.149,1.00778,1.00788,1.50,1.88
2011.12.28 16:33:43.661,1.00778,1.00788,1.50,1.13
2011.12.28 16:33:43.742,1.00778,1.00788,1.50,1.88
2011.12.28 16:33:43.888,1.00778,1.00788,1.50,1.13
2011.12.28 16:33:44.040,1.00774,1.00788,2.25,1.13
2011.12.28 16:33:44.467,1.00785,1.00789,1.13,1.50
2011.12.28 16:33:44.825,1.00781,1.00788,1.50,1.88
2011.12.28 16:33:44.975,1.00777,1.00788,2.26,1.88
2011.12.28 16:33:45.479,1.00779,1.00791,1.50,1.50
2011.12.28 16:33:45.628,1.00777,1.00791,3.76,1.50
2011.12.28 16:33:46.198,1.00777,1.00788,2.25,1.13
2011.12.28 16:33:46.350,1.00776,1.00788,3.39,1.88
2011.12.28 16:33:46.503,1.00776,1.00787,1.89,1.50
2011.12.28 16:33:47.064,1.00776,1.00788,1.89,1.88
2011.12.28 16:33:48.498,1.00777,1.00791,1.88,2.63
2011.12.28 16:33:48.856,1.00783,1.00793,1.13,2.25
2011.12.28 16:33:53.501,1.0078,1.00792,2.25,1.88
2011.12.28 16:33:53.652,1.00778,1.00789,2.25,1.50
2011.12.28 16:33:53.961,1.00772,1.00782,2.63,3.75
2011.12.28 16:33:54.332,1.00767,1.00778,1.88,1.13
2011.12.28 16:33:54.693,1.00768,1.00778,3.75,1.13
2011.12.28 16:33:54.781,1.00767,1.00782,4.13,4.13
2011.12.28 16:33:54.927,1.00769,1.00782,3.75,3.00
2011.12.28 16:33:55.007,1.00771,1.00783,1.50,1.88
2011.12.28 16:33:55.574,1.00771,1.00783,1.50,1.88
2011.12.28 16:33:55.789,1.00768,1.00783,2.25,1.88
2011.12.28 16:33:56.614,1.00767,1.00778,3.00,1.13
2011.12.28 16:33:57.008,1.00757,1.00766,1.50,1.50
2011.12.28 16:33:57.324,1.00755,1.00763,2.25,2.25
2011.12.28 16:33:57.557,1.00753,1.00766,1.88,2.63
2011.12.28 16:33:57.968,1.00753,1.00765,1.13,1.13
2011.12.28 16:33:58.994,1.00753,1.00764,1.13,2.25
2011.12.28 16:33:59.906,1.00753,1.00765,1.13,1.88
2011.12.28 16:34:00.254,1.00753,1.00767,1.88,1.88
2011.12.28 16:34:02.830,1.00754,1.00767,1.50,1.13
2011.12.28 16:34:04.232,1.00753,1.00767,3.00,4.13
2011.12.28 16:34:04.589,1.00753,1.00763,1.13,1.50
2011.12.28 16:34:05.494,1.00753,1.00763,1.13,2.25
2011.12.28 16:34:07.135,1.00753,1.00766,1.13,1.13
2011.12.28 16:34:07.696,1.00753,1.00767,2.63,2.63
2011.12.28 16:34:08.134,1.00753,1.00767,3.38,1.88
2011.12.28 16:34:08.704,1.00753,1.00767,3.38,1.13
2011.12.28 16:34:18.435,1.00753,1.00767,3.38,1.13
2011.12.28 16:34:18.860,1.00757,1.00767,2.63,1.13
2011.12.28 16:34:19.236,1.00766,1.00773,1.13,1.88
2011.12.28 16:34:19.559,1.00774,1.00779,1.13,1.50
2011.12.28 16:34:19.854,1.00771,1.00782,3.38,2.63
2011.12.28 16:34:19.931,1.00771,1.00782,2.63,1.88
2011.12.28 16:34:20.009,1.00769,1.00782,1.13,1.88
2011.12.28 16:34:20.225,1.00769,1.00782,1.50,1.88
2011.12.28 16:34:20.638,1.00772,1.00786,1.88,1.50
2011.12.28 16:34:20.929,1.00772,1.00785,2.63,1.13
2011.12.28 16:34:21.014,1.00772,1.00782,2.63,1.13
2011.12.28 16:34:21.467,1.0077,1.00775,3.00,1.50
2011.12.28 16:34:21.561,1.00764,1.00772,1.50,2.25
2011.12.28 16:34:22.078,1.00765,1.00772,1.50,1.13
2011.12.28 16:34:22.507,1.00762,1.00771,1.50,2.25
2011.12.28 16:34:22.659,1.00759,1.00772,2.25,1.88
2011.12.28 16:34:23.087,1.00761,1.00772,1.50,1.88
2011.12.28 16:34:23.795,1.00761,1.00772,1.50,2.63
2011.12.28 16:34:24.578,1.00759,1.00772,2.25,3.38
2011.12.28 16:34:25.134,1.00759,1.00771,2.25,1.50
2011.12.28 16:34:26.379,1.00757,1.00771,3.38,1.88
2011.12.28 16:34:26.796,1.00757,1.00771,3.38,1.88
2011.12.28 16:34:27.539,1.00757,1.00771,3.38,1.88
2011.12.28 16:34:27.623,1.00762,1.00772,1.13,3.00
2011.12.28 16:34:27.957,1.00761,1.00766,2.25,2.63
2011.12.28 16:34:28.096,1.00753,1.00764,1.13,1.50
2011.12.28 16:34:28.163,1.00752,1.00764,1.88,2.25
2011.12.28 16:34:28.774,1.00752,1.00766,1.88,4.13
2011.12.28 16:34:29.534,1.00752,1.00766,1.88,2.63
2011.12.28 16:34:29.606,1.00752,1.00766,1.88,2.63
2011.12.28 16:34:29.991,1.00757,1.00766,1.13,1.88
2011.12.28 16:34:30.292,1.0076,1.00767,1.88,2.25
2011.12.28 16:34:30.437,1.00763,1.00767,1.13,1.50
2011.12.28 16:34:30.663,1.00762,1.00772,2.25,2.63
2011.12.28 16:34:30.748,1.00762,1.0077,1.50,1.50
2011.12.28 16:34:30.835,1.00758,1.0077,1.50,1.50
2011.12.28 16:34:31.615,1.00757,1.00771,2.25,1.50
2011.12.28 16:34:31.699,1.00757,1.00772,3.00,2.63
2011.12.28 16:34:32.061,1.0076,1.00772,1.50,2.63
2011.12.28 16:34:32.833,1.00758,1.00772,1.50,2.63
2011.12.28 16:34:33.431,1.00757,1.00772,3.00,2.63
2011.12.28 16:34:33.511,1.00757,1.00772,1.50,4.13
2011.12.28 16:34:33.660,1.00756,1.00771,2.63,1.50
2011.12.28 16:34:34.165,1.00756,1.0077,2.63,3.00
2011.12.28 16:34:34.249,1.00766,1.0077,1.13,2.25
2011.12.28 16:34:34.477,1.00766,1.00776,3.38,2.25
2011.12.28 16:34:35.262,1.00763,1.00767,2.25,1.13
2011.12.28 16:34:35.354,1.00759,1.00767,2.25,1.88
2011.12.28 16:34:35.434,1.00754,1.00767,1.50,3.38
2011.12.28 16:34:35.927,1.00754,1.00767,3.75,1.88
2011.12.28 16:34:36.484,1.00756,1.00767,2.25,1.88
2011.12.28 16:34:36.834,1.0076,1.00772,2.25,2.25
2011.12.28 16:34:37.147,1.00762,1.00772,1.50,1.88
2011.12.28 16:34:37.229,1.00762,1.00772,1.50,1.13
2011.12.28 16:34:37.446,1.0076,1.00773,2.25,2.63
2011.12.28 16:34:37.865,1.0076,1.00773,1.50,1.88
2011.12.28 16:34:43.048,1.0076,1.00773,2.25,1.88
2011.12.28 16:34:43.410,1.00768,1.00779,1.50,1.88
2011.12.28 16:34:43.728,1.00768,1.00779,1.50,1.88
2011.12.28 16:34:43.822,1.00773,1.00783,1.50,2.63
2011.12.28 16:34:43.900,1.0077,1.00783,2.25,2.63
2011.12.28 16:34:44.422,1.0077,1.00783,2.25,2.63
2011.12.28 16:34:44.988,1.0077,1.00782,1.50,1.50
2011.12.28 16:34:45.064,1.00767,1.00782,2.63,1.50
2011.12.28 16:34:45.611,1.00767,1.00783,2.63,3.38
2011.12.28 16:34:46.318,1.00767,1.00783,1.13,3.38
2011.12.28 16:34:46.678,1.00767,1.00783,1.13,3.38
2011.12.28 16:34:47.244,1.00767,1.00783,1.88,3.38
2011.12.28 16:34:47.789,1.00767,1.00783,1.13,3.38
2011.12.28 16:34:48.295,1.00767,1.00778,1.13,2.25
2011.12.28 16:34:48.714,1.00767,1.00781,1.88,2.25
2011.12.28 16:34:49.127,1.00767,1.00783,3.38,1.88
2011.12.28 16:34:49.276,1.00767,1.00783,4.13,1.88
2011.12.28 16:34:49.907,1.00767,1.0078,1.13,2.25
2011.12.28 16:34:50.048,1.00763,1.00778,2.25,3.38
2011.12.28 16:34:50.381,1.00762,1.00775,1.13,2.25
2011.12.28 16:34:52.847,1.00762,1.00776,1.88,1.50
2011.12.28 16:34:53.566,1.00762,1.00777,1.88,1.50
2011.12.28 16:34:53.848,1.00762,1.00776,4.88,1.50
2011.12.28 16:34:56.078,1.00764,1.00775,1.50,1.50
2011.12.28 16:34:56.778,1.00762,1.00775,1.13,1.50
2011.12.28 16:34:57.138,1.00761,1.00766,2.25,1.88
2011.12.28 16:34:57.219,1.00761,1.00769,2.25,1.50
2011.12.28 16:34:57.300,1.00758,1.00766,1.88,1.50
2011.12.28 16:34:57.379,1.00758,1.0077,1.88,1.50
2011.12.28 16:34:57.666,1.00762,1.00771,1.50,1.13
2011.12.28 16:34:58.281,1.00758,1.00771,3.38,1.50
2011.12.28 16:34:58.777,1.0076,1.00771,1.50,1.50
2011.12.28 16:34:59.130,1.00763,1.00775,1.13,1.50
2011.12.28 16:34:59.279,1.00763,1.00776,1.13,1.50
2011.12.28 16:34:59.361,1.00765,1.00776,1.50,1.50
2011.12.28 16:34:59.896,1.00771,1.0078,1.50,2.25
2011.12.28 16:34:59.973,1.00768,1.00783,1.50,1.88
2011.12.28 16:35:00.468,1.00772,1.00785,1.13,1.13
2011.12.28 16:35:01.040,1.00772,1.00786,1.13,3.00
2011.12.28 16:35:01.190,1.00778,1.00786,1.13,2.25
2011.12.28 16:35:01.681,1.0078,1.00788,1.50,1.50
2011.12.28 16:35:01.759,1.00778,1.00789,2.63,1.50
2011.12.28 16:35:01.833,1.00778,1.00792,2.63,1.88
2011.12.28 16:35:02.331,1.00778,1.00792,2.63,1.88
2011.12.28 16:35:02.760,1.00776,1.00787,1.13,1.88
2011.12.28 16:35:02.911,1.00773,1.00787,3.75,2.25
2011.12.28 16:35:02.993,1.00773,1.00785,2.25,2.25
2011.12.28 16:35:04.716,1.00777,1.00786,1.13,1.50
2011.12.28 16:35:04.786,1.00777,1.00788,1.13,1.50
2011.12.28 16:35:05.461,1.00777,1.00788,1.50,1.88
2011.12.28 16:35:05.549,1.00775,1.00785,1.50,1.50
2011.12.28 16:35:05.628,1.00772,1.00785,1.13,2.25
2011.12.28 16:35:06.130,1.00772,1.00785,1.13,3.38
2011.12.28 16:35:06.485,1.00767,1.00782,1.50,2.25
2011.12.28 16:35:06.699,1.00767,1.0078,1.13,2.25
2011.12.28 16:35:07.874,1.00767,1.0078,1.13,2.25
2011.12.28 16:35:08.414,1.00767,1.0078,1.13,2.25
2011.12.28 16:35:08.974,1.00767,1.0078,1.13,2.25
2011.12.28 16:35:09.594,1.00768,1.00781,1.50,1.50
2011.12.28 16:35:09.679,1.00773,1.00781,1.50,1.50
2011.12.28 16:35:10.104,1.0077,1.00781,1.50,1.50
2011.12.28 16:35:10.316,1.00767,1.00781,2.63,1.50
2011.12.28 16:35:10.865,1.00767,1.0078,3.38,1.50
2011.12.28 16:35:11.430,1.00768,1.00781,1.50,1.50
2011.12.28 16:35:12.599,1.00767,1.00781,2.63,1.50
2011.12.28 16:35:12.674,1.00769,1.00781,1.50,1.50
2011.12.28 16:35:13.096,1.00771,1.0078,1.50,1.50
2011.12.28 16:35:13.163,1.00769,1.0078,2.63,1.50
2011.12.28 16:35:14.434,1.00769,1.0078,2.63,1.50
2011.12.28 16:35:14.992,1.00769,1.0078,1.13,2.25
2011.12.28 16:35:15.944,1.00767,1.0078,1.13,2.25
2011.12.28 16:35:16.764,1.00768,1.0078,1.50,1.50
2011.12.28 16:35:17.267,1.00768,1.0078,1.50,1.50
2011.12.28 16:35:18.914,1.00769,1.0078,1.50,1.50
2011.12.28 16:35:19.433,1.0077,1.0078,1.50,1.50
2011.12.28 16:35:19.518,1.00767,1.00781,1.13,3.00
2011.12.28 16:35:20.066,1.00767,1.0078,1.13,1.50
2011.12.28 16:35:20.556,1.0077,1.0078,1.50,1.50
2011.12.28 16:35:21.099,1.00769,1.0078,1.50,1.50
2011.12.28 16:35:21.660,1.00767,1.0078,3.00,1.50
2011.12.28 16:35:21.737,1.00767,1.0078,2.63,1.50
2011.12.28 16:35:22.094,1.00769,1.00781,1.50,1.50
2011.12.28 16:35:22.602,1.0077,1.00781,1.50,1.50
2011.12.28 16:35:22.679,1.0077,1.00783,2.25,1.88
2011.12.28 16:35:22.758,1.00776,1.00785,1.13,2.63
2011.12.28 16:35:22.905,1.00776,1.00785,1.13,2.25
2011.12.28 16:35:22.977,1.00773,1.00779,1.50,1.88
2011.12.28 16:35:23.115,1.0077,1.00779,4.13,1.88
2011.12.28 16:35:23.186,1.00767,1.00778,1.50,1.50
2011.12.28 16:35:23.873,1.00766,1.00779,2.63,1.88
2011.12.28 16:35:24.089,1.00766,1.00779,2.63,2.63
2011.12.28 16:35:24.655,1.00766,1.00778,1.13,3.00
2011.12.28 16:35:25.175,1.00766,1.00778,1.13,1.50
2011.12.28 16:35:25.747,1.00765,1.00777,2.25,1.50
2011.12.28 16:35:26.294,1.00765,1.00777,2.25,1.50
2011.12.28 16:35:27.018,1.00765,1.00777,2.25,1.50
2011.12.28 16:35:27.377,1.00768,1.00779,1.50,2.63
2011.12.28 16:35:27.725,1.00771,1.00779,1.50,2.63
2011.12.28 16:35:27.853,1.00768,1.00779,1.50,2.63
2011.12.28 16:35:28.207,1.00764,1.00776,3.38,2.25
2011.12.28 16:35:28.626,1.00767,1.00779,1.50,1.88
2011.12.28 16:35:28.957,1.00769,1.00782,1.13,1.13
2011.12.28 16:35:29.637,1.0077,1.00783,1.50,1.88
2011.12.28 16:35:30.205,1.00769,1.00783,2.63,1.88
2011.12.28 16:35:30.768,1.00769,1.00782,1.13,2.25
2011.12.28 16:35:31.125,1.00769,1.00778,1.50,1.13
2011.12.28 16:35:38.360,1.00769,1.00783,2.63,2.25
2011.12.28 16:35:38.721,1.00777,1.00786,1.13,1.50
2011.12.28 16:35:39.256,1.00777,1.00785,1.13,1.50
2011.12.28 16:35:39.465,1.00777,1.00786,1.13,2.25
2011.12.28 16:35:39.747,1.00778,1.0079,1.13,2.25
2011.12.28 16:35:39.971,1.00783,1.0079,1.13,1.50
2011.12.28 16:35:40.936,1.00781,1.00791,2.25,1.50
2011.12.28 16:35:41.324,1.00779,1.00791,1.13,3.75
2011.12.28 16:35:41.607,1.00779,1.00791,1.13,3.00
2011.12.28 16:35:42.884,1.00779,1.0079,1.13,1.50
2011.12.28 16:35:43.283,1.00783,1.00792,1.50,2.25
2011.12.28 16:35:43.705,1.00783,1.00793,1.50,1.88
2011.12.28 16:35:43.906,1.0078,1.00793,1.50,1.88
2011.12.28 16:35:44.583,1.0078,1.00793,1.50,1.88
2011.12.28 16:35:45.138,1.00779,1.00793,2.63,1.88
2011.12.28 16:35:45.612,1.00785,1.00793,1.50,1.13
2011.12.28 16:35:45.966,1.00788,1.00798,1.13,2.63
2011.12.28 16:35:46.038,1.00788,1.00798,1.13,1.13
2011.12.28 16:35:46.118,1.00788,1.008,1.13,1.88
2011.12.28 16:35:46.335,1.00785,1.00798,1.50,1.88
2011.12.28 16:35:46.404,1.00782,1.00798,2.63,1.88
2011.12.28 16:35:46.549,1.00787,1.00797,1.13,1.13
2011.12.28 16:35:46.629,1.00787,1.00797,1.13,1.13
2011.12.28 16:35:47.198,1.00787,1.008,1.13,1.50
2011.12.28 16:35:48.318,1.00788,1.00801,1.88,1.50
2011.12.28 16:35:48.474,1.00793,1.00805,2.25,3.00
2011.12.28 16:35:48.622,1.00795,1.00807,1.13,4.50
2011.12.28 16:35:48.699,1.00795,1.00807,1.13,3.75
2011.12.28 16:35:48.781,1.00793,1.00806,1.50,1.50
2011.12.28 16:35:48.928,1.00796,1.00806,1.50,2.58
2011.12.28 16:35:49.010,1.00796,1.00802,1.50,1.13
2011.12.28 16:35:49.365,1.00801,1.00806,1.50,1.13
2011.12.28 16:35:49.686,1.00788,1.00799,1.88,1.13
2011.12.28 16:35:49.771,1.00788,1.00799,2.63,1.13
2011.12.28 16:35:49.913,1.00787,1.00799,2.25,1.88
2011.12.28 16:35:50.466,1.00789,1.00799,1.50,1.88
2011.12.28 16:35:51.031,1.00791,1.00803,2.44,4.13
2011.12.28 16:35:51.249,1.00793,1.00803,1.13,3.00
2011.12.28 16:35:51.945,1.00789,1.00802,2.63,1.13
2011.12.28 16:35:52.227,1.00789,1.00798,1.50,1.13
2011.12.28 16:35:52.717,1.00789,1.00798,1.50,1.88
2011.12.28 16:35:53.043,1.00791,1.00798,1.50,1.88
2011.12.28 16:35:53.695,1.00791,1.00798,1.50,1.88
2011.12.28 16:35:54.256,1.00791,1.00798,1.50,1.88
2011.12.28 16:35:54.773,1.00791,1.00798,1.50,1.88
2011.12.28 16:35:54.916,1.00789,1.00798,1.50,1.88
2011.12.28 16:35:55.273,1.00784,1.00797,1.88,3.00
2011.12.28 16:35:55.343,1.00784,1.00795,1.13,1.50
2011.12.28 16:35:55.698,1.00787,1.00798,1.50,1.88
2011.12.28 16:35:55.780,1.00787,1.00798,1.50,1.88
2011.12.28 16:35:55.861,1.00785,1.00798,2.25,1.88
2011.12.28 16:35:56.089,1.00789,1.00798,1.50,1.88
2011.12.28 16:35:56.577,1.00793,1.00801,1.13,1.13
2011.12.28 16:35:56.667,1.00793,1.00802,1.13,1.50
2011.12.28 16:35:57.445,1.00793,1.00805,1.50,2.25
2011.12.28 16:35:57.520,1.00796,1.00806,1.50,1.50
2011.12.28 16:35:57.735,1.00796,1.00807,1.50,1.50
2011.12.28 16:35:57.811,1.00799,1.00809,1.50,4.13
2011.12.28 16:35:58.336,1.00799,1.00809,3.00,2.63
2011.12.28 16:35:59.067,1.00799,1.00809,1.50,2.63
2011.12.28 16:35:59.353,1.00793,1.00807,6.38,1.50
2011.12.28 16:35:59.495,1.00793,1.00806,1.13,2.25
2011.12.28 16:36:00.053,1.00793,1.00805,1.13,1.50
2011.12.28 16:36:00.585,1.00793,1.00807,1.13,3.00
2011.12.28 16:36:00.799,1.00792,1.00803,1.50,1.88
2011.12.28 16:36:00.882,1.0079,1.00803,1.50,1.88
2011.12.28 16:36:01.028,1.00789,1.00803,1.13,3.38
2011.12.28 16:36:01.247,1.00789,1.00801,2.25,1.50
2011.12.28 16:36:01.817,1.00792,1.00806,1.13,2.25
2011.12.28 16:36:01.973,1.0079,1.00803,3.00,1.88
2011.12.28 16:36:02.420,1.00788,1.00798,1.50,1.13
2011.12.28 16:36:02.917,1.00789,1.00798,1.50,1.13
2011.12.28 16:36:03.348,1.00787,1.00797,1.50,1.50
2011.12.28 16:36:03.436,1.00783,1.00797,2.25,1.50
2011.12.28 16:36:03.509,1.00783,1.00793,1.50,1.50
2011.12.28 16:36:04.010,1.00781,1.00792,1.50,1.50
2011.12.28 16:36:04.295,1.00777,1.0079,3.38,1.50
2011.12.28 16:36:04.437,1.00779,1.0079,1.50,1.13
2011.12.28 16:36:04.788,1.0078,1.00792,1.50,1.50
2011.12.28 16:36:04.873,1.00782,1.00792,1.50,1.50
2011.12.28 16:36:05.226,1.00785,1.00792,1.50,1.50
2011.12.28 16:36:07.709,1.00785,1.00792,1.50,1.50
2011.12.28 16:36:08.286,1.00782,1.00792,1.50,1.50
2011.12.28 16:36:08.362,1.00784,1.00794,1.50,2.63
2011.12.28 16:36:12.627,1.00784,1.00794,1.50,1.88
2011.12.28 16:36:13.969,1.00784,1.00794,1.50,1.88
2011.12.28 16:36:14.504,1.00784,1.00792,1.50,1.50
2011.12.28 16:36:14.650,1.00778,1.00792,2.63,1.50
2011.12.28 16:36:14.936,1.0078,1.00792,1.50,1.50
2011.12.28 16:36:15.230,1.00778,1.00791,1.13,1.50
2011.12.28 16:36:15.800,1.00778,1.00792,1.13,2.63
2011.12.28 16:36:16.324,1.00778,1.00792,2.63,1.50
2011.12.28 16:36:17.522,1.00778,1.00792,2.63,1.50
2011.12.28 16:36:18.392,1.00778,1.00788,1.13,2.25
2011.12.28 16:36:19.810,1.00775,1.00786,1.50,1.88
2011.12.28 16:36:19.965,1.00774,1.00786,1.13,1.50
2011.12.28 16:36:20.182,1.00774,1.00787,1.13,1.50
2011.12.28 16:36:20.329,1.00774,1.00781,1.13,1.50
2011.12.28 16:36:20.412,1.00773,1.00778,1.50,1.13
2011.12.28 16:36:20.634,1.00771,1.00778,2.25,1.13
2011.12.28 16:36:21.141,1.00769,1.00778,1.50,1.13
2011.12.28 16:36:21.295,1.00769,1.00782,1.50,1.50
2011.12.28 16:36:21.369,1.00769,1.00782,1.50,2.25
2011.12.28 16:36:21.869,1.0077,1.00778,1.50,1.88
2011.12.28 16:36:22.434,1.0077,1.00778,1.50,1.88
2011.12.28 16:36:22.939,1.0077,1.0078,1.50,1.50
2011.12.28 16:36:23.015,1.0077,1.00781,1.88,1.50
2011.12.28 16:36:23.156,1.0077,1.00778,1.50,1.13
2011.12.28 16:36:23.504,1.0077,1.00778,1.50,1.88
2011.12.28 16:36:23.720,1.00768,1.00778,4.13,1.50
2011.12.28 16:36:23.870,1.00771,1.00781,1.50,1.50
2011.12.28 16:36:24.147,1.00763,1.00776,2.63,2.63
2011.12.28 16:36:24.504,1.00767,1.00776,2.63,1.50
2011.12.28 16:36:24.581,1.00767,1.0078,2.63,2.03
2011.12.28 16:36:24.657,1.00769,1.0078,1.50,2.03
2011.12.28 16:36:25.104,1.00771,1.00783,1.50,1.88
2011.12.28 16:36:25.464,1.00771,1.00783,1.50,1.88
2011.12.28 16:36:25.609,1.00768,1.00783,1.50,1.88
2011.12.28 16:36:26.638,1.00768,1.00783,1.50,1.88
2011.12.28 16:36:26.721,1.00772,1.00783,1.50,1.13
2011.12.28 16:36:26.798,1.00772,1.00785,2.63,2.25
2011.12.28 16:36:26.957,1.00774,1.00785,2.25,1.50
2011.12.28 16:36:27.412,1.0078,1.00788,1.50,2.63
2011.12.28 16:36:27.782,1.00788,1.00798,1.50,1.50
2011.12.28 16:36:27.859,1.00785,1.00796,1.50,1.50
2011.12.28 16:36:28.084,1.00788,1.00797,1.13,1.50
2011.12.28 16:36:28.627,1.00792,1.00797,1.13,1.50
2011.12.28 16:36:28.930,1.00787,1.00798,1.50,1.50
2011.12.28 16:36:29.014,1.00787,1.00801,1.13,1.88
2011.12.28 16:36:29.228,1.00792,1.00802,1.13,2.63
2011.12.28 16:36:29.590,1.00788,1.00799,1.50,2.25
2011.12.28 16:36:29.670,1.00792,1.00797,1.13,1.50
2011.12.28 16:36:29.817,1.00792,1.008,1.13,2.25
2011.12.28 16:36:29.968,1.00792,1.00803,1.13,2.25
2011.12.28 16:36:30.537,1.00791,1.00803,2.25,1.88
2011.12.28 16:36:30.970,1.00793,1.00805,1.13,2.25
2011.12.28 16:36:31.325,1.00793,1.00805,1.13,2.25
2011.12.28 16:36:31.396,1.00791,1.00803,2.25,1.88
2011.12.28 16:36:31.523,1.00788,1.00803,2.25,1.88
2011.12.28 16:36:31.666,1.00793,1.00805,1.13,2.25
2011.12.28 16:36:32.217,1.00793,1.00805,1.13,2.25
2011.12.28 16:36:32.423,1.0079,1.00803,2.25,1.88
2011.12.28 16:36:32.565,1.00788,1.00803,2.25,1.88
2011.12.28 16:36:32.765,1.00792,1.00805,1.13,2.25
2011.12.28 16:36:33.116,1.00792,1.00805,1.13,2.25
2011.12.28 16:36:33.646,1.00788,1.00802,2.63,1.88
2011.12.28 16:36:33.788,1.00793,1.00805,1.13,2.25
2011.12.28 16:36:34.510,1.0079,1.00803,2.25,1.88
2011.12.28 16:36:34.586,1.0079,1.00803,2.25,1.88
2011.12.28 16:36:34.658,1.00788,1.00803,1.88,1.88
2011.12.28 16:36:34.740,1.00792,1.00805,1.13,2.25
2011.12.28 16:36:35.440,1.0079,1.00803,2.25,1.88
2011.12.28 16:36:35.800,1.00792,1.00804,1.13,2.25
2011.12.28 16:36:36.413,1.0079,1.00803,2.25,1.88
2011.12.28 16:36:36.698,1.00793,1.00804,1.13,2.25
2011.12.28 16:36:37.324,1.00793,1.00804,1.13,2.25
2011.12.28 16:36:37.394,1.0079,1.00802,2.25,1.88
2011.12.28 16:36:37.743,1.00793,1.00804,1.13,2.25
2011.12.28 16:36:38.409,1.00791,1.00803,2.25,1.88
2011.12.28 16:36:38.553,1.00789,1.00803,1.50,1.88
2011.12.28 16:36:39.104,1.0079,1.00803,1.50,1.88
2011.12.28 16:36:43.017,1.0079,1.00803,1.50,1.88
2011.12.28 16:36:43.094,1.00788,1.00803,1.50,3.38
2011.12.28 16:36:43.237,1.00783,1.00798,2.25,3.38
2011.12.28 16:36:43.385,1.00786,1.00798,1.50,2.63
2011.12.28 16:36:43.876,1.00785,1.00798,3.00,4.13
2011.12.28 16:36:44.227,1.00788,1.008,2.63,1.50
2011.12.28 16:36:44.731,1.00788,1.00797,1.50,1.50
2011.12.28 16:36:44.806,1.00786,1.00798,1.50,2.63
2011.12.28 16:36:45.360,1.00787,1.00796,1.50,1.50
2011.12.28 16:36:45.578,1.00786,1.00796,1.50,3.00
2011.12.28 16:36:45.662,1.00783,1.00794,1.50,1.50
2011.12.28 16:36:45.743,1.00783,1.00796,2.25,1.50
2011.12.28 16:36:45.818,1.00787,1.00796,1.50,1.50
2011.12.28 16:36:46.038,1.00782,1.00797,2.63,3.00
2011.12.28 16:36:46.604,1.00782,1.00795,1.13,2.25
2011.12.28 16:36:47.125,1.00782,1.00795,1.13,2.25
2011.12.28 16:36:49.035,1.00784,1.00797,1.50,1.50
2011.12.28 16:36:49.105,1.00782,1.00797,2.63,3.00
2011.12.28 16:36:50.029,1.00782,1.00794,1.13,1.13
2011.12.28 16:36:50.182,1.00781,1.00788,2.25,1.13
2011.12.28 16:36:50.398,1.00777,1.00788,2.63,1.88
2011.12.28 16:36:50.967,1.00777,1.00788,2.25,1.88
2011.12.28 16:36:51.530,1.00778,1.00788,1.50,1.88
2011.12.28 16:36:51.960,1.00775,1.00781,1.50,1.35
2011.12.28 16:36:52.263,1.00764,1.00768,1.13,1.88
2011.12.28 16:36:52.481,1.00756,1.00768,1.50,1.88
2011.12.28 16:36:52.775,1.00754,1.00767,2.25,2.25
2011.12.28 16:36:52.917,1.00754,1.00768,1.88,1.88
2011.12.28 16:36:53.374,1.00754,1.00762,1.50,1.13
2011.12.28 16:36:53.589,1.00752,1.00763,1.50,2.63
2011.12.28 16:36:54.088,1.00747,1.00763,2.25,2.25
2011.12.28 16:36:54.171,1.00749,1.00762,1.50,1.50
2011.12.28 16:36:54.474,1.00749,1.00761,1.50,1.13
2011.12.28 16:36:55.000,1.00747,1.00758,1.50,1.50
2011.12.28 16:36:55.157,1.00743,1.00755,3.00,2.63
2011.12.28 16:36:55.236,1.00743,1.00754,2.25,1.88
2011.12.28 16:36:55.662,1.00743,1.0075,1.13,1.88
2011.12.28 16:36:56.261,1.00741,1.00752,3.75,1.48
2011.12.28 16:36:57.120,1.00738,1.00755,1.50,2.63
2011.12.28 16:36:57.559,1.00737,1.00752,1.50,2.25
2011.12.28 16:36:58.142,1.0073,1.00747,4.50,2.25
2011.12.28 16:36:58.288,1.0073,1.00747,4.50,2.25
2011.12.28 16:36:58.521,1.0073,1.0074,2.25,1.50
2011.12.28 16:36:58.898,1.00723,1.0073,3.75,2.25
2011.12.28 16:36:58.981,1.00719,1.00728,1.50,1.50
2011.12.28 16:36:59.067,1.00719,1.00728,1.50,1.50
2011.12.28 16:36:59.964,1.00714,1.00724,1.50,2.25
2011.12.28 16:37:00.023,1.00713,1.00724,2.25,2.63
2011.12.28 16:37:00.186,1.00716,1.00729,1.50,2.25
2011.12.28 16:37:00.538,1.00713,1.00728,3.00,1.50
2011.12.28 16:37:01.065,1.00713,1.00728,1.50,1.50
2011.12.28 16:37:01.217,1.00714,1.00725,1.50,1.13
2011.12.28 16:37:01.431,1.00714,1.00725,3.75,1.18
2011.12.28 16:37:02.831,1.00712,1.00719,1.13,1.13
2011.12.28 16:37:02.914,1.00709,1.00719,2.25,1.13
2011.12.28 16:37:02.991,1.0071,1.00719,1.50,1.13
2011.12.28 16:37:03.071,1.00712,1.00723,1.50,2.25
2011.12.28 16:37:03.152,1.00716,1.00723,1.50,2.25
2011.12.28 16:37:03.439,1.00714,1.00723,3.00,1.50
2011.12.28 16:37:03.748,1.00712,1.00723,1.50,1.50
2011.12.28 16:37:04.107,1.00709,1.00723,5.25,1.55
2011.12.28 16:37:04.348,1.00709,1.00723,2.25,3.00
2011.12.28 16:37:04.500,1.00711,1.00723,1.50,1.50
2011.12.28 16:37:04.999,1.00712,1.00724,1.13,1.88
2011.12.28 16:37:06.061,1.00712,1.00722,1.88,1.50
2011.12.28 16:37:06.137,1.00712,1.00724,1.13,1.50
2011.12.28 16:37:07.668,1.00712,1.00725,1.88,1.88
2011.12.28 16:37:07.752,1.00715,1.00725,1.13,1.88
2011.12.28 16:37:08.039,1.00715,1.00728,1.13,1.50
2011.12.28 16:37:08.678,1.00716,1.00728,1.50,1.50
2011.12.28 16:37:08.759,1.00718,1.00729,1.13,1.88
2011.12.28 16:37:09.317,1.00716,1.00726,1.13,2.68
2011.12.28 16:37:09.596,1.00715,1.00723,1.50,1.50
2011.12.28 16:37:09.666,1.00718,1.00723,1.50,1.50
2011.12.28 16:37:10.021,1.00715,1.00725,1.50,1.18
2011.12.28 16:37:10.104,1.00718,1.00729,1.13,1.50
2011.12.28 16:37:10.334,1.00721,1.00734,2.25,3.00
2011.12.28 16:37:10.414,1.00721,1.00732,2.25,1.13
2011.12.28 16:37:10.949,1.00725,1.00733,2.25,1.88
2011.12.28 16:37:11.325,1.00722,1.00731,1.50,2.25
2011.12.28 16:37:11.682,1.00721,1.00727,1.50,1.13
2011.12.28 16:37:11.760,1.00721,1.00731,1.50,1.50
2011.12.28 16:37:12.196,1.00718,1.00732,2.25,1.50
2011.12.28 16:37:12.480,1.00716,1.00725,1.50,1.50
2011.12.28 16:37:12.982,1.00714,1.00725,1.88,1.50
2011.12.28 16:37:13.199,1.00714,1.00727,1.13,1.88
2011.12.28 16:37:13.995,1.00717,1.00729,1.13,2.25
2011.12.28 16:37:14.068,1.00717,1.00731,1.13,3.00
2011.12.28 16:37:14.221,1.00723,1.00733,1.13,1.50
2011.12.28 16:37:14.510,1.0072,1.00733,2.25,1.88
2011.12.28 16:37:14.657,1.00718,1.00733,1.50,3.38
2011.12.28 16:37:14.731,1.00723,1.00733,1.13,2.25
2011.12.28 16:37:15.463,1.00723,1.00731,1.13,2.25
2011.12.28 16:37:15.542,1.00717,1.00731,1.50,2.25
2011.12.28 16:37:15.684,1.00722,1.00731,1.13,2.25
2011.12.28 16:37:16.245,1.00722,1.00734,1.13,2.63
2011.12.28 16:37:16.585,1.00722,1.00734,1.13,2.25
2011.12.28 16:37:17.078,1.00723,1.00738,1.50,1.88
2011.12.28 16:37:17.157,1.00725,1.00738,1.50,1.88
2011.12.28 16:37:18.015,1.00727,1.00739,1.13,1.50
2011.12.28 16:37:18.159,1.00727,1.0074,1.50,2.25
2011.12.28 16:37:18.516,1.00731,1.00742,1.50,2.63
2011.12.28 16:37:18.872,1.00732,1.00747,1.13,2.63
2011.12.28 16:37:19.436,1.00732,1.00747,1.13,2.25
2011.12.28 16:37:20.513,1.00732,1.00747,1.13,2.25
2011.12.28 16:37:23.080,1.00732,1.00745,1.13,1.50
2011.12.28 16:37:23.440,1.00731,1.00737,1.13,2.25
2011.12.28 16:37:23.996,1.00723,1.00735,1.13,2.25
2011.12.28 16:37:24.520,1.00723,1.00737,2.63,1.88
2011.12.28 16:37:26.014,1.00728,1.00738,1.13,2.25
2011.12.28 16:37:26.159,1.00728,1.0074,1.13,1.50
2011.12.28 16:37:26.239,1.00732,1.00743,1.13,3.00
2011.12.28 16:37:26.322,1.00732,1.00743,1.13,3.00
2011.12.28 16:37:26.613,1.00732,1.00743,1.13,2.25
2011.12.28 16:37:26.693,1.0073,1.00738,3.75,1.88
2011.12.28 16:37:26.845,1.0073,1.00738,2.25,1.88
2011.12.28 16:37:27.286,1.00725,1.00738,1.50,1.88
2011.12.28 16:37:27.804,1.00725,1.00738,1.13,1.88
2011.12.28 16:37:27.874,1.00722,1.00738,4.88,1.88
2011.12.28 16:37:27.944,1.00725,1.00738,1.50,1.88
2011.12.28 16:37:29.859,1.00724,1.00738,1.13,3.38
2011.12.28 16:37:30.078,1.00724,1.00738,1.88,2.63
2011.12.28 16:37:30.305,1.00729,1.00742,1.50,3.00
2011.12.28 16:37:30.381,1.00729,1.00742,1.50,3.75
2011.12.28 16:37:30.674,1.00726,1.00738,1.50,3.38
2011.12.28 16:37:30.753,1.00729,1.00737,1.13,2.25
2011.12.28 16:37:31.202,1.00729,1.00738,1.13,2.25
2011.12.28 16:37:31.289,1.00723,1.00738,2.63,1.50
2011.12.28 16:37:31.437,1.00726,1.00739,1.50,1.88
2011.12.28 16:37:31.915,1.00728,1.00737,1.50,1.50
2011.12.28 16:37:32.267,1.0073,1.00739,1.50,1.88
2011.12.28 16:37:32.338,1.0073,1.00739,1.50,1.13
2011.12.28 16:37:32.423,1.00733,1.00741,1.13,3.00
2011.12.28 16:37:32.936,1.00735,1.00745,2.25,1.50
2011.12.28 16:37:33.285,1.00738,1.00749,1.50,1.95
2011.12.28 16:37:33.499,1.00739,1.00749,1.50,1.88
2011.12.28 16:37:33.930,1.0074,1.00753,1.50,1.88
2011.12.28 16:37:34.612,1.0074,1.00753,1.50,1.88
2011.12.28 16:37:34.700,1.00743,1.00755,1.48,1.13
2011.12.28 16:37:34.780,1.00743,1.00757,2.25,1.50
2011.12.28 16:37:35.152,1.00756,1.00763,1.50,3.08
2011.12.28 16:37:35.300,1.00756,1.00763,1.50,1.13
2011.12.28 16:37:35.797,1.00762,1.00768,1.50,1.88
2011.12.28 16:37:36.191,1.00762,1.00769,1.50,1.13
2011.12.28 16:37:36.699,1.00762,1.00774,1.50,1.88
2011.12.28 16:37:37.123,1.00762,1.00774,1.50,1.88
2011.12.28 16:37:38.020,1.00765,1.00774,1.50,1.13
2011.12.28 16:37:38.087,1.00762,1.00774,2.25,1.13
2011.12.28 16:37:38.649,1.00763,1.00778,1.88,1.65
2011.12.28 16:37:38.870,1.00761,1.00774,2.25,1.13
2011.12.28 16:37:39.021,1.00761,1.00774,1.50,1.88
2011.12.28 16:37:39.376,1.00763,1.00774,1.50,1.13
2011.12.28 16:37:40.061,1.00763,1.00774,1.50,1.88
2011.12.28 16:37:40.206,1.00761,1.00774,3.00,1.88
2011.12.28 16:37:40.764,1.00761,1.00774,1.50,1.88
2011.12.28 16:37:41.210,1.00759,1.00774,1.13,1.88
2011.12.28 16:37:41.292,1.00758,1.00774,3.00,1.88
2011.12.28 16:37:41.441,1.00758,1.00772,1.13,2.25
2011.12.28 16:37:41.983,1.00758,1.00772,1.13,2.25
2011.12.28 16:37:42.817,1.00758,1.00773,2.63,1.13
2011.12.28 16:37:43.997,1.00763,1.00775,1.13,3.00
2011.12.28 16:37:44.079,1.0077,1.00777,1.50,1.50
2011.12.28 16:37:44.238,1.00772,1.00782,3.38,4.13
2011.12.28 16:37:44.324,1.00782,1.00787,1.13,6.00
2011.12.28 16:37:44.401,1.00782,1.00787,1.13,3.75
2011.12.28 16:37:44.688,1.00781,1.00792,2.25,2.25
2011.12.28 16:37:44.982,1.00784,1.00792,2.25,2.25
2011.12.28 16:37:45.128,1.00784,1.00793,2.25,1.13
2011.12.28 16:37:45.445,1.00784,1.00788,2.25,1.13
2011.12.28 16:37:45.526,1.00778,1.00791,1.88,1.50
2011.12.28 16:37:45.665,1.00778,1.00791,1.88,2.25
2011.12.28 16:37:45.806,1.00778,1.00791,1.13,2.25
2011.12.28 16:37:45.876,1.00778,1.00791,1.13,2.25
2011.12.28 16:37:46.229,1.00778,1.0079,1.13,1.50
2011.12.28 16:37:46.313,1.00774,1.00788,3.75,1.88
2011.12.28 16:37:46.459,1.00774,1.00784,2.25,1.13
2011.12.28 16:37:46.886,1.00776,1.00784,1.50,1.13
2011.12.28 16:37:47.717,1.00776,1.00789,1.50,2.25
2011.12.28 16:37:48.224,1.00776,1.00789,1.50,1.88
2011.12.28 16:37:48.776,1.00776,1.00789,1.50,1.88
2011.12.28 16:37:52.081,1.00776,1.00789,1.50,1.88
2011.12.28 16:37:52.838,1.00772,1.00784,1.50,1.88
2011.12.28 16:37:53.405,1.00772,1.00784,1.50,1.88
2011.12.28 16:37:54.036,1.00774,1.00784,1.50,1.13
2011.12.28 16:37:54.411,1.00776,1.00784,1.50,1.13
2011.12.28 16:37:58.904,1.00774,1.00784,1.50,1.13
2011.12.28 16:38:00.114,1.00771,1.00784,1.50,1.13
2011.12.28 16:38:00.255,1.00771,1.0078,1.50,1.13
2011.12.28 16:38:00.606,1.00769,1.00775,2.25,1.13
2011.12.28 16:38:02.812,1.00767,1.00775,1.50,1.13
2011.12.28 16:38:02.962,1.00766,1.00778,1.50,1.50
2011.12.28 16:38:03.525,1.00766,1.0078,1.50,1.88
2011.12.28 16:38:03.673,1.00764,1.0078,2.63,4.13
2011.12.28 16:38:03.887,1.00761,1.00769,2.25,1.13
2011.12.28 16:38:04.038,1.00765,1.00777,1.13,2.63
2011.12.28 16:38:04.546,1.00766,1.00779,1.50,1.88
2011.12.28 16:38:05.709,1.00766,1.00771,1.50,1.13
2011.12.28 16:38:05.999,1.00766,1.00779,2.63,1.13
2011.12.28 16:38:06.542,1.00766,1.00779,1.13,2.25
2011.12.28 16:38:07.106,1.00766,1.00779,1.13,2.25
2011.12.28 16:38:08.015,1.00762,1.00766,2.25,1.13
2011.12.28 16:38:08.088,1.00762,1.00769,2.25,1.88
2011.12.28 16:38:08.236,1.00758,1.00766,1.88,1.13
2011.12.28 16:38:08.307,1.00758,1.00766,1.13,1.13
2011.12.28 16:38:08.376,1.00755,1.00766,1.88,1.13
2011.12.28 16:38:08.925,1.00756,1.00766,3.00,1.13
2011.12.28 16:38:08.997,1.00758,1.00766,1.50,1.13
2011.12.28 16:38:09.426,1.00755,1.00766,2.25,1.13
2011.12.28 16:38:09.766,1.00752,1.00765,3.75,1.88
2011.12.28 16:38:09.904,1.00751,1.00762,1.88,1.50
2011.12.28 16:38:10.455,1.00748,1.0076,1.50,1.13
2011.12.28 16:38:10.531,1.00745,1.0076,1.13,1.88
2011.12.28 16:38:10.695,1.00744,1.00756,1.50,1.88
2011.12.28 16:38:11.043,1.00744,1.0075,1.50,1.13
2011.12.28 16:38:11.189,1.00742,1.0075,3.75,1.13
2011.12.28 16:38:11.272,1.00741,1.00754,3.38,1.50
2011.12.28 16:38:11.928,1.00746,1.00754,1.13,1.50
2011.12.28 16:38:12.074,1.00746,1.00758,1.13,2.25
2011.12.28 16:38:12.991,1.00746,1.0076,1.88,3.38
2011.12.28 16:38:14.084,1.00746,1.0076,1.88,3.38
2011.12.28 16:38:14.226,1.00751,1.0076,1.13,2.25
2011.12.28 16:38:14.581,1.00755,1.00763,2.63,1.50
2011.12.28 16:38:14.941,1.00756,1.00771,1.50,3.38
2011.12.28 16:38:15.455,1.00755,1.00767,1.88,1.50
2011.12.28 16:38:15.535,1.00754,1.00766,2.25,1.88
2011.12.28 16:38:15.743,1.00751,1.00764,1.13,1.50
2011.12.28 16:38:15.959,1.00753,1.00766,1.50,3.38
2011.12.28 16:38:16.465,1.00751,1.00764,2.25,2.25
2011.12.28 16:38:16.607,1.00751,1.00764,1.13,2.63
2011.12.28 16:38:17.287,1.00751,1.00761,1.13,2.25
2011.12.28 16:38:17.362,1.00746,1.0076,3.00,2.25
2011.12.28 16:38:17.437,1.00752,1.0076,1.13,2.25
2011.12.28 16:38:17.646,1.00754,1.00766,3.00,1.13
2011.12.28 16:38:17.715,1.00754,1.0076,3.00,1.13
2011.12.28 16:38:17.858,1.00752,1.0076,1.50,1.13
2011.12.28 16:38:18.065,1.00747,1.00759,1.13,1.50
2011.12.28 16:38:18.588,1.00746,1.00759,1.88,1.50
2011.12.28 16:38:18.661,1.00746,1.00759,3.98,1.50
2011.12.28 16:38:18.949,1.00754,1.00768,4.13,2.25
2011.12.28 16:38:19.302,1.00751,1.00766,1.50,3.38
2011.12.28 16:38:19.443,1.00751,1.00763,1.50,1.50
2011.12.28 16:38:19.915,1.0075,1.00765,3.38,3.75
2011.12.28 16:38:20.207,1.0075,1.00765,2.63,2.25
2011.12.28 16:38:20.557,1.00745,1.00761,3.38,1.13
2011.12.28 16:38:21.074,1.00745,1.00761,3.38,1.13
2011.12.28 16:38:23.474,1.0075,1.00764,1.88,3.00
2011.12.28 16:38:23.805,1.0075,1.00764,1.13,3.00
2011.12.28 16:38:24.014,1.0075,1.00764,1.13,3.00
2011.12.28 16:38:24.626,1.00751,1.00764,1.50,3.00
2011.12.28 16:38:24.765,1.0075,1.00762,2.63,2.25
2011.12.28 16:38:25.682,1.0075,1.00762,2.63,2.25
2011.12.28 16:38:25.872,1.0075,1.00764,1.88,3.00
2011.12.28 16:38:26.745,1.0075,1.00764,1.13,3.00
2011.12.28 16:38:27.724,1.0075,1.00764,4.13,1.50
2011.12.28 16:38:28.234,1.0075,1.00764,2.63,3.00
2011.12.28 16:38:28.780,1.0075,1.00762,1.88,2.25
2011.12.28 16:38:30.744,1.0075,1.00764,3.75,1.50
2011.12.28 16:38:31.136,1.00754,1.00764,1.13,1.50
2011.12.28 16:38:31.347,1.00755,1.00767,2.25,1.13
2011.12.28 16:38:31.485,1.00755,1.00765,2.25,1.88
2011.12.28 16:38:31.555,1.00755,1.00765,2.25,1.88
2011.12.28 16:38:31.627,1.00752,1.00765,1.50,1.88
2011.12.28 16:38:32.043,1.00751,1.00763,1.13,2.25
2011.12.28 16:38:32.625,1.00751,1.00761,1.13,2.25
2011.12.28 16:38:32.767,1.00751,1.00765,1.13,1.88
2011.12.28 16:38:34.026,1.00751,1.00765,1.13,1.88
2011.12.28 16:38:34.652,1.00751,1.00764,2.63,1.13
2011.12.28 16:38:35.197,1.00751,1.00765,1.13,1.88
2011.12.28 16:38:35.933,1.00751,1.00765,1.88,1.88
2011.12.28 16:38:37.218,1.00751,1.00765,1.13,1.88
2011.12.28 16:38:39.700,1.00751,1.00765,1.13,1.88
2011.12.28 16:38:44.657,1.00751,1.00765,1.13,1.88
2011.12.28 16:38:44.944,1.00751,1.00765,1.88,1.88
2011.12.28 16:38:45.628,1.00755,1.00765,1.50,1.88
2011.12.28 16:38:46.000,1.00758,1.00769,1.50,1.13
2011.12.28 16:38:46.146,1.00756,1.0077,2.63,2.63
2011.12.28 16:38:46.286,1.00756,1.00765,1.50,1.13
2011.12.28 16:38:46.497,1.00759,1.00771,1.50,1.88
2011.12.28 16:38:47.267,1.00758,1.00771,1.50,1.88
2011.12.28 16:38:47.823,1.00758,1.00771,1.50,1.88
2011.12.28 16:38:47.902,1.00755,1.00765,5.25,1.13
2011.12.28 16:38:48.192,1.00751,1.00765,2.63,3.38
2011.12.28 16:38:48.700,1.00755,1.00765,1.50,1.13
2011.12.28 16:38:48.782,1.00755,1.00768,1.50,4.88
2011.12.28 16:38:48.859,1.00758,1.00768,1.50,3.38
2011.12.28 16:38:49.217,1.0076,1.00768,1.50,3.38
2011.12.28 16:38:49.285,1.00757,1.00768,1.50,3.38
2011.12.28 16:38:49.725,1.00755,1.00768,3.75,1.88
2011.12.28 16:38:50.273,1.00755,1.00768,4.50,1.88
2011.12.28 16:38:50.630,1.00757,1.00763,1.50,1.13
2011.12.28 16:38:50.847,1.00755,1.00763,2.25,1.13
2011.12.28 16:38:50.996,1.00754,1.00769,1.50,3.38
2011.12.28 16:38:51.720,1.00756,1.00769,1.50,1.88
2011.12.28 16:38:52.015,1.0075,1.00764,3.75,1.88
2011.12.28 16:38:52.090,1.0075,1.00762,1.50,1.50
2011.12.28 16:38:52.648,1.00749,1.00759,3.00,1.13
2011.12.28 16:38:52.943,1.00747,1.00759,1.13,2.63
2011.12.28 16:38:53.368,1.00745,1.00759,3.00,1.88
2011.12.28 16:38:53.925,1.00745,1.00759,2.25,1.88
2011.12.28 16:38:54.486,1.00745,1.00759,2.25,1.13
2011.12.28 16:38:54.695,1.00744,1.00759,5.33,1.88
2011.12.28 16:38:58.027,1.00747,1.00759,1.50,1.88
2011.12.28 16:38:58.722,1.00752,1.00763,1.88,1.13
2011.12.28 16:38:59.031,1.00756,1.00763,1.50,1.13
2011.12.28 16:38:59.246,1.00752,1.00763,2.25,1.13
2011.12.28 16:38:59.387,1.00751,1.00763,3.38,1.88
2011.12.28 16:38:59.745,1.00754,1.00763,1.50,1.88
2011.12.28 16:38:59.885,1.00752,1.00763,1.50,1.88
2011.12.28 16:39:00.425,1.0075,1.00763,2.25,1.13
2011.12.28 16:39:02.252,1.00751,1.00763,1.50,1.88
2011.12.28 16:39:05.254,1.00751,1.00763,1.50,1.13
2011.12.28 16:39:06.083,1.00749,1.00763,6.38,1.88
2011.12.28 16:39:06.655,1.00751,1.00763,2.25,1.88
2011.12.28 16:39:08.219,1.00751,1.00763,1.50,1.88
2011.12.28 16:39:08.590,1.00745,1.00754,1.50,1.13
2011.12.28 16:39:08.673,1.00744,1.00749,3.75,1.13
2011.12.28 16:39:08.751,1.00745,1.00754,1.50,1.13
2011.12.28 16:39:08.828,1.00745,1.00756,1.50,2.25
2011.12.28 16:39:08.908,1.00744,1.00758,6.75,3.38
2011.12.28 16:39:09.347,1.00746,1.00758,1.50,1.88
2011.12.28 16:39:10.667,1.00748,1.00758,1.50,1.88
2011.12.28 16:39:11.256,1.00748,1.00758,1.50,1.88
2011.12.28 16:39:12.399,1.00746,1.00758,1.50,1.88
2011.12.28 16:39:13.238,1.00746,1.00753,1.50,1.13
2011.12.28 16:39:13.719,1.00743,1.00748,1.50,1.13
2011.12.28 16:39:13.811,1.00744,1.00748,1.50,1.13
2011.12.28 16:39:14.243,1.00742,1.00748,1.50,3.00
2011.12.28 16:39:14.459,1.00735,1.00739,1.50,1.13
2011.12.28 16:39:14.550,1.00727,1.00734,3.00,1.13
2011.12.28 16:39:14.631,1.00728,1.00734,2.25,1.88
2011.12.28 16:39:15.225,1.00723,1.00734,2.25,1.13
2011.12.28 16:39:15.391,1.00727,1.00734,2.25,1.13
2011.12.28 16:39:15.610,1.0073,1.00734,1.50,1.13
2011.12.28 16:39:16.042,1.00732,1.00738,1.50,1.88
2011.12.28 16:39:16.190,1.00727,1.00734,1.50,1.88
2011.12.28 16:39:16.701,1.0073,1.00734,1.50,1.13
2011.12.28 16:39:16.986,1.00728,1.00735,1.50,1.13
2011.12.28 16:39:17.062,1.00725,1.00735,2.25,1.13
2011.12.28 16:39:17.628,1.00724,1.00735,1.50,1.88
2011.12.28 16:39:18.106,1.00724,1.00735,1.50,1.88
2011.12.28 16:39:18.516,1.00728,1.00735,1.50,1.13
2011.12.28 16:39:18.596,1.00725,1.00735,1.50,1.13
2011.12.28 16:39:19.015,1.00727,1.00735,1.50,1.88
2011.12.28 16:39:19.439,1.00724,1.00735,1.50,1.88
2011.12.28 16:39:20.356,1.00731,1.00735,1.50,1.13
2011.12.28 16:39:20.495,1.00731,1.00739,1.50,1.88
2011.12.28 16:39:21.647,1.00729,1.00739,3.00,1.88
2011.12.28 16:39:21.786,1.00729,1.00739,1.50,1.13
2011.12.28 16:39:21.862,1.00731,1.00739,1.50,1.13
2011.12.28 16:39:21.935,1.00731,1.00744,1.50,1.88
2011.12.28 16:39:22.075,1.00733,1.00744,1.50,1.88
2011.12.28 16:39:22.581,1.00733,1.00744,1.50,1.88
2011.12.28 16:39:24.742,1.00733,1.00744,2.25,1.13
2011.12.28 16:39:25.093,1.00739,1.00749,1.50,1.88
2011.12.28 16:39:25.173,1.0074,1.00749,1.50,1.13
2011.12.28 16:39:25.735,1.00739,1.00749,3.00,1.88
2011.12.28 16:39:25.875,1.00736,1.00749,1.50,1.88
2011.12.28 16:39:26.128,1.0074,1.00752,1.13,2.25
2011.12.28 16:39:26.695,1.0074,1.00754,3.38,1.88
2011.12.28 16:39:30.638,1.00742,1.00754,1.50,1.88
2011.12.28 16:39:30.721,1.00742,1.00754,1.50,1.13
2011.12.28 16:39:30.799,1.00745,1.00754,1.50,1.13
2011.12.28 16:39:31.546,1.00745,1.0076,3.00,3.38
2011.12.28 16:39:32.108,1.00744,1.00759,1.13,2.25
2011.12.28 16:39:34.131,1.00745,1.0076,1.50,3.38
2011.12.28 16:39:34.638,1.00745,1.0076,2.25,3.38
2011.12.28 16:39:34.715,1.00745,1.00754,2.25,1.13
2011.12.28 16:39:34.925,1.00745,1.00759,3.38,1.88
2011.12.28 16:39:36.253,1.00746,1.00759,1.50,1.88
2011.12.28 16:39:36.333,1.0075,1.00759,1.50,1.13
2011.12.28 16:39:36.728,1.00756,1.00765,1.50,1.13
2011.12.28 16:39:37.034,1.0076,1.0077,1.50,1.13
2011.12.28 16:39:37.112,1.0076,1.00768,1.50,1.13
2011.12.28 16:39:37.328,1.0076,1.0077,1.50,1.88
2011.12.28 16:39:37.498,1.00757,1.00767,1.50,1.50
2011.12.28 16:39:37.649,1.00751,1.00759,1.50,1.50
2011.12.28 16:39:38.044,1.00753,1.00759,1.50,1.88
2011.12.28 16:39:38.567,1.00747,1.00758,1.50,1.13
2011.12.28 16:39:39.062,1.00745,1.00752,1.50,1.88
2011.12.28 16:39:39.584,1.00746,1.00752,1.50,1.13
2011.12.28 16:39:39.866,1.00743,1.00752,1.50,1.88
2011.12.28 16:39:39.936,1.00743,1.00752,1.50,1.13
2011.12.28 16:39:40.013,1.00749,1.00757,1.50,1.54
2011.12.28 16:39:40.160,1.00754,1.00762,3.75,1.50
2011.12.28 16:39:40.241,1.00754,1.00762,2.25,4.50
2011.12.28 16:39:40.396,1.00754,1.0076,3.00,1.13
2011.12.28 16:39:40.618,1.00758,1.00766,1.50,1.50
2011.12.28 16:39:41.150,1.0076,1.00764,1.50,1.88
2011.12.28 16:39:41.907,1.00756,1.00764,2.25,2.63
2011.12.28 16:39:42.189,1.0076,1.00764,1.50,1.13
2011.12.28 16:39:43.982,1.0076,1.00768,1.50,1.13
2011.12.28 16:39:45.152,1.0076,1.00769,1.50,1.13
2011.12.28 16:39:50.196,1.0076,1.00774,1.50,1.13
2011.12.28 16:39:50.412,1.00762,1.00772,1.50,1.13
2011.12.28 16:39:50.768,1.00767,1.00772,1.13,1.13
2011.12.28 16:39:50.852,1.00767,1.00776,2.25,2.25
2011.12.28 16:39:51.004,1.00769,1.0078,1.13,2.25
2011.12.28 16:39:51.572,1.00768,1.00782,3.75,1.88
2011.12.28 16:39:53.790,1.0077,1.00782,1.50,1.88
2011.12.28 16:39:54.078,1.00771,1.00785,1.88,3.75
2011.12.28 16:39:54.168,1.00772,1.00785,1.88,1.50
2011.12.28 16:39:54.464,1.00775,1.00787,1.88,2.63
2011.12.28 16:39:54.751,1.00776,1.00787,2.25,1.88
2011.12.28 16:39:56.841,1.00776,1.00787,1.50,1.13
2011.12.28 16:39:57.458,1.00775,1.00787,1.50,1.88
2011.12.28 16:39:59.965,1.00775,1.00787,2.25,1.13
2011.12.28 16:40:00.246,1.00778,1.0079,1.88,1.50
2011.12.28 16:40:00.393,1.00783,1.00792,1.50,1.88
2011.12.28 16:40:00.764,1.00782,1.00795,1.13,1.50
2011.12.28 16:40:01.440,1.00779,1.00793,2.25,1.88
2011.12.28 16:40:01.729,1.00777,1.00793,3.38,1.88
2011.12.28 16:40:02.522,1.00774,1.00788,4.50,1.13
2011.12.28 16:40:02.601,1.00774,1.00788,1.50,2.63
2011.12.28 16:40:02.676,1.00774,1.00788,1.50,2.63
2011.12.28 16:40:03.218,1.00774,1.00788,2.25,1.88
2011.12.28 16:40:04.705,1.00778,1.00789,1.88,1.50
2011.12.28 16:40:05.062,1.00779,1.00791,3.00,1.50
2011.12.28 16:40:05.154,1.00786,1.00797,2.25,1.13
2011.12.28 16:40:05.233,1.0079,1.00801,1.50,1.50
2011.12.28 16:40:05.380,1.0079,1.00802,1.50,2.25
2011.12.28 16:40:05.531,1.00793,1.00802,1.50,1.88
2011.12.28 16:40:05.888,1.0079,1.00802,3.00,1.88
2011.12.28 16:40:07.284,1.00791,1.00802,1.50,1.88
2011.12.28 16:40:07.706,1.00792,1.00805,1.88,1.50
2011.12.28 16:40:07.921,1.00793,1.00808,3.00,1.88
2011.12.28 16:40:08.004,1.00798,1.0081,1.88,2.63
2011.12.28 16:40:08.431,1.00798,1.0081,1.13,3.00
2011.12.28 16:40:08.941,1.00798,1.00812,1.88,4.13
2011.12.28 16:40:10.031,1.00799,1.00812,1.50,1.88
2011.12.28 16:40:10.536,1.00799,1.00812,3.38,2.63
2011.12.28 16:40:11.286,1.00799,1.00812,2.63,1.88
2011.12.28 16:40:11.847,1.00802,1.00812,2.25,1.13
2011.12.28 16:40:12.417,1.00802,1.00812,1.50,1.13
2011.12.28 16:40:12.495,1.008,1.00812,1.50,1.13
2011.12.28 16:40:13.055,1.008,1.00812,1.50,1.88
2011.12.28 16:40:13.263,1.00798,1.00812,1.88,1.88
2011.12.28 16:40:13.483,1.00797,1.00806,3.00,1.13
2011.12.28 16:40:13.569,1.00794,1.00806,3.00,1.88
2011.12.28 16:40:13.723,1.00794,1.00806,1.50,1.13
2011.12.28 16:40:13.869,1.00797,1.00807,1.88,1.50
2011.12.28 16:40:14.434,1.00799,1.00807,1.50,1.13
2011.12.28 16:40:18.094,1.00799,1.00811,3.38,1.88
2011.12.28 16:40:18.170,1.00801,1.00812,2.85,4.13
2011.12.28 16:40:18.250,1.00807,1.00812,1.88,2.25
2011.12.28 16:40:18.399,1.00809,1.00819,1.50,1.88
2011.12.28 16:40:18.476,1.00809,1.00819,1.50,1.50
2011.12.28 16:40:18.693,1.00808,1.00822,1.50,2.63
2011.12.28 16:40:18.975,1.00808,1.00817,1.50,1.13
2011.12.28 16:40:22.278,1.00806,1.00817,2.25,1.13
2011.12.28 16:40:23.097,1.00809,1.00817,1.50,1.13
2011.12.28 16:40:25.295,1.00806,1.00817,1.50,1.13
2011.12.28 16:40:27.667,1.00806,1.00813,1.50,1.13
2011.12.28 16:40:27.876,1.00802,1.00813,5.25,1.13
2011.12.28 16:40:27.949,1.00808,1.00817,1.13,4.50
2011.12.28 16:40:28.303,1.00803,1.00813,1.13,1.13
2011.12.28 16:40:29.414,1.00798,1.00813,1.50,3.38
2011.12.28 16:40:29.830,1.008,1.00813,1.50,1.88
2011.12.28 16:40:32.690,1.00803,1.00815,1.88,2.25
2011.12.28 16:40:33.043,1.00803,1.00817,1.13,3.75
2011.12.28 16:40:33.609,1.00802,1.00816,1.88,3.00
2011.12.28 16:40:33.692,1.00804,1.00816,1.50,3.00
2011.12.28 16:40:33.768,1.00802,1.00816,1.88,2.25
2011.12.28 16:40:34.055,1.00802,1.00814,1.13,1.50
2011.12.28 16:40:34.414,1.00801,1.00811,1.50,1.50
2011.12.28 16:40:34.713,1.00791,1.00803,2.25,1.88
2011.12.28 16:40:35.130,1.00786,1.00797,3.00,1.13
2011.12.28 16:40:35.406,1.00789,1.00797,2.25,1.13
2011.12.28 16:40:35.546,1.00793,1.00801,1.13,2.25
2011.12.28 16:40:36.053,1.00793,1.00804,1.13,2.25
2011.12.28 16:40:36.199,1.00793,1.00804,1.13,2.25
2011.12.28 16:40:37.550,1.0079,1.00803,3.75,1.88
2011.12.28 16:40:37.701,1.0079,1.00797,1.50,1.13
2011.12.28 16:40:37.849,1.00785,1.00797,1.50,1.13
2011.12.28 16:40:38.001,1.00792,1.00797,1.13,2.25
2011.12.28 16:40:38.080,1.00792,1.00799,1.13,1.50
2011.12.28 16:40:38.156,1.00792,1.00805,1.13,2.63
2011.12.28 16:40:38.507,1.00793,1.00803,1.50,1.88
2011.12.28 16:40:38.645,1.00793,1.00803,1.50,1.88
2011.12.28 16:40:38.775,1.0079,1.00803,1.50,1.88
2011.12.28 16:40:39.127,1.00792,1.00803,1.50,1.13
2011.12.28 16:40:39.701,1.00793,1.00807,1.88,3.38
2011.12.28 16:40:44.644,1.00793,1.00807,1.13,3.38
2011.12.28 16:40:45.192,1.00793,1.00801,1.13,1.50
2011.12.28 16:40:45.881,1.00793,1.00803,1.13,3.75
2011.12.28 16:40:46.164,1.0079,1.00803,2.25,3.38
2011.12.28 16:40:46.233,1.0079,1.00803,2.25,3.38
2011.12.28 16:40:46.305,1.00788,1.00803,1.88,3.38
2011.12.28 16:40:47.421,1.00788,1.00803,1.50,3.38
2011.12.28 16:40:47.504,1.00792,1.00803,1.13,1.50
2011.12.28 16:40:47.815,1.00792,1.00805,2.63,2.25
2011.12.28 16:40:47.880,1.00792,1.00804,1.13,2.25
2011.12.28 16:40:48.386,1.00792,1.00801,1.13,1.50
2011.12.28 16:40:48.527,1.0079,1.00802,2.25,1.88
2011.12.28 16:40:48.664,1.00788,1.00802,3.00,1.88
2011.12.28 16:40:49.214,1.00789,1.00802,1.50,1.88
2011.12.28 16:40:51.014,1.00789,1.00802,1.50,1.88
2011.12.28 16:40:51.350,1.00792,1.00806,1.13,4.50
2011.12.28 16:40:54.328,1.00792,1.00805,2.63,1.50
2011.12.28 16:40:54.619,1.00802,1.00812,1.13,1.50
2011.12.28 16:40:54.698,1.008,1.00812,2.25,2.63
2011.12.28 16:40:54.982,1.00805,1.00817,1.50,1.88
2011.12.28 16:40:55.521,1.00803,1.00816,1.88,2.25
2011.12.28 16:40:56.294,1.00803,1.00817,3.38,1.88
2011.12.28 16:40:56.504,1.00803,1.00817,1.13,3.38
2011.12.28 16:40:57.565,1.00807,1.00817,1.50,1.13
2011.12.28 16:40:57.925,1.00811,1.00817,1.50,1.13
2011.12.28 16:40:58.072,1.00808,1.00817,1.50,1.13
2011.12.28 16:40:59.527,1.00808,1.00822,3.38,3.00
2011.12.28 16:41:00.493,1.00808,1.00817,2.25,1.13
2011.12.28 16:41:00.916,1.00808,1.00822,2.25,4.13
2011.12.28 16:41:01.264,1.00808,1.00818,2.25,1.13
2011.12.28 16:41:01.807,1.00808,1.00818,2.25,1.13
2011.12.28 16:41:02.325,1.00808,1.00818,2.25,1.13
2011.12.28 16:41:03.215,1.00808,1.00821,3.38,2.25
2011.12.28 16:41:04.021,1.00808,1.00822,2.63,2.63
2011.12.28 16:41:05.626,1.00808,1.00822,4.13,2.63
2011.12.28 16:41:06.572,1.00808,1.00822,3.38,1.88
2011.12.28 16:41:06.942,1.00815,1.00823,3.38,1.50
2011.12.28 16:41:07.301,1.00818,1.00826,1.13,1.32
2011.12.28 16:41:07.527,1.00822,1.00832,1.50,2.25
2011.12.28 16:41:08.033,1.00823,1.00834,1.13,2.25
2011.12.28 16:41:10.219,1.00823,1.00834,1.13,2.25
2011.12.28 16:41:10.299,1.00827,1.00836,1.13,3.30
2011.12.28 16:41:10.661,1.00819,1.00832,1.50,1.88
2011.12.28 16:41:10.737,1.00818,1.00832,1.13,1.88
2011.12.28 16:41:11.288,1.0082,1.00832,1.50,1.88
2011.12.28 16:41:11.799,1.00823,1.00835,1.13,2.25
2011.12.28 16:41:12.304,1.00823,1.00836,1.13,2.63
2011.12.28 16:41:12.855,1.00823,1.00836,1.13,1.50
2011.12.28 16:41:14.431,1.00826,1.00836,1.13,1.50
2011.12.28 16:41:14.508,1.00826,1.00837,1.88,3.98
2011.12.28 16:41:14.587,1.00826,1.00837,1.13,5.48
2011.12.28 16:41:14.880,1.0083,1.0084,1.50,1.13
2011.12.28 16:41:15.591,1.00829,1.00842,1.50,1.88
2011.12.28 16:41:16.427,1.00832,1.00844,1.13,3.00
2011.12.28 16:41:16.778,1.00829,1.00843,3.75,1.88
2011.12.28 16:41:17.654,1.00831,1.00843,1.50,1.88
2011.12.28 16:41:17.797,1.00829,1.00843,1.50,1.88
2011.12.28 16:41:17.944,1.00833,1.00844,1.13,3.00
2011.12.28 16:41:18.157,1.00831,1.00843,1.05,1.88
2011.12.28 16:41:18.710,1.00831,1.00843,1.50,1.88
2011.12.28 16:41:18.932,1.00833,1.00846,1.13,5.40
2011.12.28 16:41:19.495,1.00835,1.00846,1.50,1.13
2011.12.28 16:41:19.577,1.00837,1.00847,1.50,1.88
2011.12.28 16:41:20.071,1.00839,1.00851,1.50,3.00
2011.12.28 16:41:20.505,1.00837,1.00853,4.13,1.88
2011.12.28 16:41:20.580,1.00839,1.00853,1.50,1.88
2011.12.28 16:41:20.657,1.00839,1.00853,1.50,1.88
2011.12.28 16:41:20.927,1.00839,1.00853,1.50,1.88
2011.12.28 16:41:21.421,1.00839,1.00853,2.25,1.13
2011.12.28 16:41:21.719,1.00849,1.00857,1.50,1.13
2011.12.28 16:41:21.868,1.00845,1.00857,1.50,1.88
2011.12.28 16:41:22.019,1.00844,1.00848,1.50,1.13
2011.12.28 16:41:22.169,1.0084,1.00848,5.25,1.13
2011.12.28 16:41:22.248,1.0084,1.00852,4.50,1.13
2011.12.28 16:41:22.332,1.00839,1.00852,1.50,4.13
2011.12.28 16:41:22.409,1.00839,1.00847,1.50,1.13
2011.12.28 16:41:23.064,1.0084,1.00847,1.50,1.13
2011.12.28 16:41:23.218,1.0084,1.00852,1.50,4.50
2011.12.28 16:41:23.357,1.00842,1.00852,1.50,1.88
2011.12.28 16:41:23.714,1.00842,1.00848,1.50,1.13
2011.12.28 16:41:23.927,1.00839,1.00848,2.25,1.13
2011.12.28 16:41:25.040,1.00842,1.00852,1.50,1.13
2011.12.28 16:41:25.268,1.00846,1.00856,1.13,1.88
2011.12.28 16:41:25.413,1.00846,1.00856,1.88,1.13
2011.12.28 16:41:25.644,1.00842,1.00848,1.50,1.13
2011.12.28 16:41:25.723,1.00842,1.00851,1.50,2.25
2011.12.28 16:41:25.870,1.00842,1.00853,1.50,1.50
2011.12.28 16:41:26.019,1.00845,1.00853,1.50,1.13
2011.12.28 16:41:26.454,1.00847,1.00853,1.50,1.13
2011.12.28 16:41:26.877,1.00846,1.00858,1.50,2.25
2011.12.28 16:41:26.960,1.00843,1.00858,1.50,3.75
2011.12.28 16:41:27.112,1.00843,1.00858,3.75,3.75
2011.12.28 16:41:27.185,1.00843,1.00858,3.75,3.38
2011.12.28 16:41:27.255,1.00846,1.00858,1.50,3.38
2011.12.28 16:41:27.894,1.00847,1.00858,1.50,1.88
2011.12.28 16:41:28.282,1.00842,1.00856,1.13,2.63
2011.12.28 16:41:28.496,1.00839,1.00852,1.50,1.88
2011.12.28 16:41:29.055,1.0084,1.00852,1.50,1.88
2011.12.28 16:41:29.269,1.00842,1.00852,1.50,1.88
2011.12.28 16:41:29.767,1.00843,1.00855,1.50,1.13
2011.12.28 16:41:30.291,1.00839,1.00852,1.50,1.88
2011.12.28 16:41:30.440,1.00839,1.00852,1.50,1.88
2011.12.28 16:41:31.011,1.00838,1.00851,3.38,2.25
2011.12.28 16:41:32.399,1.00838,1.0085,3.38,1.13
2011.12.28 16:41:33.108,1.00838,1.00849,3.38,1.13
2011.12.28 16:41:33.592,1.00833,1.00847,2.25,1.13
2011.12.28 16:41:33.873,1.00832,1.00844,2.63,1.13
2011.12.28 16:41:33.951,1.00834,1.00844,1.50,1.13
2011.12.28 16:41:34.450,1.00836,1.00845,1.50,1.88
2011.12.28 16:41:35.266,1.00836,1.00846,2.63,1.28
2011.12.28 16:41:35.488,1.00836,1.0085,1.88,1.50
2011.12.28 16:41:35.569,1.00834,1.00848,4.50,1.13
2011.12.28 16:41:35.930,1.00833,1.00848,2.25,1.88
2011.12.28 16:41:36.603,1.00835,1.00848,1.50,1.88
2011.12.28 16:41:40.452,1.00837,1.00848,1.50,1.88
2011.12.28 16:41:42.005,1.00837,1.00843,1.50,1.13
2011.12.28 16:41:42.076,1.00832,1.00843,1.50,1.13
2011.12.28 16:41:42.692,1.00832,1.00846,2.63,3.00
2011.12.28 16:41:42.781,1.00832,1.00848,3.38,2.63
2011.12.28 16:41:43.139,1.00839,1.00848,1.50,2.63
2011.12.28 16:41:43.778,1.00837,1.00848,3.00,2.63
2011.12.28 16:41:44.478,1.0084,1.00851,1.50,3.75
2011.12.28 16:41:44.794,1.00842,1.00853,1.50,1.88
2011.12.28 16:41:45.081,1.0084,1.00853,1.50,1.88
2011.12.28 16:41:45.582,1.00843,1.00853,1.50,1.88
2011.12.28 16:41:45.911,1.00843,1.00856,1.50,2.25
2011.12.28 16:41:45.999,1.0085,1.00858,1.50,1.50
2011.12.28 16:41:46.146,1.0085,1.00861,1.50,2.25
2011.12.28 16:41:46.359,1.00853,1.00863,1.50,1.88
2011.12.28 16:41:46.578,1.00851,1.00863,1.50,1.88
2011.12.28 16:41:47.084,1.0085,1.00863,2.25,1.88
2011.12.28 16:41:47.229,1.00853,1.00867,1.13,3.08
2011.12.28 16:41:47.306,1.00853,1.00867,1.13,3.08
2011.12.28 16:41:47.730,1.00858,1.00866,1.13,2.25
2011.12.28 16:41:48.208,1.00852,1.00867,2.18,1.95
2011.12.28 16:41:48.291,1.00851,1.00867,2.03,3.45
2011.12.28 16:41:48.439,1.0085,1.00862,2.55,1.13
2011.12.28 16:41:48.514,1.0085,1.00862,2.55,1.13
2011.12.28 16:41:51.283,1.00853,1.00867,1.13,3.45
2011.12.28 16:41:52.263,1.00853,1.00863,1.50,1.13
2011.12.28 16:41:53.059,1.00851,1.00863,1.50,1.88
2011.12.28 16:41:53.136,1.00851,1.00863,1.50,1.88
2011.12.28 16:41:53.208,1.00846,1.00857,1.50,1.88
2011.12.28 16:41:53.636,1.00844,1.00857,1.50,1.88
2011.12.28 16:41:53.914,1.00846,1.00857,1.50,1.88
2011.12.28 16:41:55.006,1.00846,1.00855,1.50,1.50
2011.12.28 16:41:55.165,1.00842,1.00852,1.50,1.13
2011.12.28 16:41:55.242,1.00838,1.00851,1.88,1.13
2011.12.28 16:41:55.673,1.0084,1.00853,1.50,1.13
2011.12.28 16:41:56.741,1.0084,1.00854,1.50,2.25
2011.12.28 16:41:57.087,1.00838,1.00853,1.88,1.88
2011.12.28 16:41:57.446,1.00837,1.00849,2.40,1.13
2011.12.28 16:41:57.804,1.00837,1.00842,1.50,1.13
2011.12.28 16:41:58.271,1.00833,1.00845,2.63,1.50
2011.12.28 16:41:58.766,1.00833,1.00843,1.13,1.50
2011.12.28 16:41:58.976,1.00833,1.00845,2.63,1.88
2011.12.28 16:41:59.536,1.00833,1.00845,1.13,1.50
2011.12.28 16:42:00.019,1.00833,1.00846,1.13,1.65
2011.12.28 16:42:00.236,1.00833,1.00846,1.13,1.50
2011.12.28 16:42:00.970,1.00837,1.00847,1.13,1.50
2011.12.28 16:42:01.050,1.00837,1.00849,1.13,3.00
2011.12.28 16:42:01.198,1.00834,1.00847,2.25,1.50
2011.12.28 16:42:01.352,1.00832,1.00847,4.13,1.50
2011.12.28 16:42:01.566,1.00832,1.00848,4.88,1.88
2011.12.28 16:42:01.862,1.00832,1.00846,4.88,1.50
2011.12.28 16:42:02.369,1.00834,1.00848,2.25,1.88
2011.12.28 16:42:04.198,1.00834,1.00848,2.25,1.88
2011.12.28 16:42:04.750,1.00836,1.00851,1.13,2.25
2011.12.28 16:42:05.293,1.00836,1.00851,3.38,1.50
2011.12.28 16:42:05.439,1.00836,1.00851,1.88,3.00
2011.12.28 16:42:05.785,1.00837,1.00851,1.13,3.00
2011.12.28 16:42:06.394,1.00843,1.00853,1.13,1.50
2011.12.28 16:42:07.465,1.00843,1.00855,1.88,2.25
2011.12.28 16:42:07.679,1.00843,1.00855,2.63,2.25
2011.12.28 16:42:07.757,1.00847,1.00855,1.88,1.50
2011.12.28 16:42:08.114,1.00851,1.00863,2.63,1.88
2011.12.28 16:42:08.192,1.00851,1.00863,1.88,1.88
2011.12.28 16:42:08.587,1.00849,1.00863,2.25,1.88
2011.12.28 16:42:09.146,1.0085,1.00863,1.13,3.38
2011.12.28 16:42:09.366,1.00847,1.00863,2.25,3.38
2011.12.28 16:42:09.583,1.00847,1.00863,2.25,3.38
2011.12.28 16:42:10.310,1.00848,1.00863,1.13,3.38
2011.12.28 16:42:10.645,1.00847,1.00863,1.13,3.38
2011.12.28 16:42:10.721,1.00846,1.00857,2.63,1.88
2011.12.28 16:42:11.285,1.00843,1.00857,2.93,2.10
2011.12.28 16:42:11.635,1.00843,1.00857,1.43,2.10
2011.12.28 16:42:12.327,1.00843,1.00857,1.43,2.10
2011.12.28 16:42:12.829,1.00843,1.00857,1.13,2.10
2011.12.28 16:42:16.151,1.00843,1.00857,1.13,2.10
2011.12.28 16:42:16.514,1.00843,1.00851,1.13,2.25
2011.12.28 16:42:16.588,1.00839,1.00848,1.05,1.88
2011.12.28 16:42:16.657,1.00834,1.00848,4.50,1.88
2011.12.28 16:42:16.865,1.00834,1.00848,3.75,1.13
2011.12.28 16:42:17.560,1.00834,1.00848,3.00,1.88
2011.12.28 16:42:22.927,1.00834,1.00846,1.50,1.05
2011.12.28 16:42:23.276,1.00832,1.00845,1.28,2.25
2011.12.28 16:42:24.426,1.00832,1.00845,1.28,1.88
2011.12.28 16:42:25.007,1.00832,1.00845,1.13,1.13
2011.12.28 16:42:25.666,1.00832,1.00845,1.28,1.13
2011.12.28 16:42:25.810,1.00832,1.00845,1.28,1.13
2011.12.28 16:42:26.084,1.00832,1.00845,1.28,1.13
2011.12.28 16:42:26.604,1.00832,1.00845,1.28,1.13
2011.12.28 16:42:27.125,1.00833,1.00847,1.50,2.55
2011.12.28 16:42:29.374,1.00832,1.00845,1.13,1.13
2011.12.28 16:42:30.681,1.00831,1.00844,2.55,1.50
2011.12.28 16:42:31.040,1.00821,1.00827,1.13,1.13
2011.12.28 16:42:31.123,1.00818,1.00825,2.63,1.13
2011.12.28 16:42:31.618,1.00815,1.00824,2.25,1.13
2011.12.28 16:42:31.711,1.00812,1.00824,1.88,1.13
2011.12.28 16:42:31.797,1.00817,1.00825,1.13,3.00
2011.12.28 16:42:32.356,1.00818,1.00829,1.50,1.50
2011.12.28 16:42:32.916,1.00817,1.00831,3.38,2.63
2011.12.28 16:42:33.919,1.00817,1.0083,3.38,1.69
2011.12.28 16:42:34.279,1.00817,1.00825,1.50,1.13
2011.12.28 16:42:34.635,1.00812,1.0082,1.13,2.25
2011.12.28 16:42:34.705,1.0081,1.0082,2.25,2.25
2011.12.28 16:42:34.774,1.0081,1.00819,2.25,1.13
2011.12.28 16:42:34.847,1.00808,1.00819,1.13,1.28
2011.12.28 16:42:34.914,1.00803,1.00812,1.50,1.13
2011.12.28 16:42:35.334,1.00798,1.00812,3.38,1.13
2011.12.28 16:42:35.476,1.00799,1.00812,1.50,1.88
2011.12.28 16:42:35.964,1.00802,1.00817,3.38,2.63
2011.12.28 16:42:36.108,1.00805,1.00817,1.50,1.13
2011.12.28 16:42:36.467,1.00813,1.00823,1.13,2.25
2011.12.28 16:42:36.609,1.00813,1.00823,1.13,2.25
2011.12.28 16:42:37.490,1.00813,1.00823,1.50,2.25
2011.12.28 16:42:37.568,1.00815,1.00823,1.50,1.50
2011.12.28 16:42:37.659,1.00817,1.00823,1.13,1.50
2011.12.28 16:42:37.888,1.00819,1.00831,1.88,3.37
2011.12.28 16:42:37.960,1.00819,1.00825,2.63,1.13
2011.12.28 16:42:38.390,1.00822,1.0083,1.88,1.13
2011.12.28 16:42:38.471,1.00825,1.00831,1.13,2.62
2011.12.28 16:42:38.860,1.00822,1.00836,2.63,4.43
2011.12.28 16:42:39.215,1.00817,1.00828,2.63,1.13
2011.12.28 16:42:39.431,1.00818,1.00826,2.25,1.13
2011.12.28 16:42:39.646,1.00814,1.00825,1.50,1.50
2011.12.28 16:42:39.860,1.00814,1.00827,1.50,1.88
2011.12.28 16:42:39.940,1.00815,1.00827,1.50,1.13
2011.12.28 16:42:40.304,1.00816,1.00823,2.25,1.13
2011.12.28 16:42:40.692,1.00819,1.00826,1.50,2.25
2011.12.28 16:42:40.839,1.00819,1.0083,2.25,1.13
2011.12.28 16:42:41.386,1.00818,1.00833,2.25,3.38
2011.12.28 16:42:42.748,1.00819,1.00833,1.88,3.38
2011.12.28 16:42:42.830,1.00823,1.00833,1.13,2.25
2011.12.28 16:42:42.980,1.00819,1.00833,3.00,3.38
2011.12.28 16:42:43.129,1.00818,1.00833,4.50,3.38
2011.12.28 16:42:43.282,1.00817,1.00833,4.50,1.88
2011.12.28 16:42:43.848,1.00817,1.00833,3.38,1.88
2011.12.28 16:42:43.995,1.00817,1.00833,3.38,1.88
2011.12.28 16:42:44.071,1.00817,1.00827,2.25,1.13
2011.12.28 16:42:44.843,1.00819,1.00827,1.50,1.13
2011.12.28 16:42:45.684,1.00817,1.00827,3.75,1.13
2011.12.28 16:42:46.236,1.0082,1.00827,1.50,1.13
2011.12.28 16:42:46.447,1.00817,1.00827,2.25,1.13
2011.12.28 16:42:47.646,1.00815,1.00827,2.25,1.13
2011.12.28 16:42:48.368,1.00815,1.00827,1.50,1.13
2011.12.28 16:42:48.597,1.00813,1.00826,3.38,2.25
2011.12.28 16:42:48.947,1.00813,1.00823,1.13,2.25
2011.12.28 16:42:49.015,1.0081,1.00823,2.25,3.38
2011.12.28 16:42:49.533,1.00809,1.00823,1.50,1.88
2011.12.28 16:42:50.522,1.00807,1.00822,2.63,2.25
2011.12.28 16:42:50.947,1.00807,1.00822,2.63,2.25
2011.12.28 16:42:52.256,1.00807,1.00817,2.63,1.50
2011.12.28 16:42:52.614,1.008,1.00813,3.38,1.88
2011.12.28 16:42:52.688,1.00799,1.00813,3.75,1.88
2011.12.28 16:42:52.768,1.00799,1.00813,2.25,1.88
2011.12.28 16:42:52.849,1.00797,1.00812,2.63,2.25
2011.12.28 16:42:54.389,1.00797,1.00811,1.13,2.25
2011.12.28 16:42:54.474,1.00797,1.00811,1.13,2.25
2011.12.28 16:42:54.823,1.00798,1.00811,1.50,1.88
2011.12.28 16:42:55.384,1.00797,1.00811,1.13,3.00
2011.12.28 16:42:55.895,1.00797,1.00813,2.63,1.88
2011.12.28 16:42:56.103,1.00797,1.00812,1.13,2.25
2011.12.28 16:42:56.624,1.00797,1.00812,1.13,2.25
2011.12.28 16:42:56.705,1.00802,1.00812,1.13,1.50
2011.12.28 16:42:57.058,1.00804,1.00812,1.50,1.13
2011.12.28 16:42:57.278,1.00801,1.00811,3.00,2.25
2011.12.28 16:42:57.363,1.00804,1.00811,1.50,3.00
2011.12.28 16:42:57.438,1.00801,1.00811,2.25,3.00
2011.12.28 16:42:57.588,1.00801,1.00813,1.50,1.13
2011.12.28 16:42:58.155,1.00802,1.00813,1.50,1.13
2011.12.28 16:43:00.996,1.00802,1.00814,2.63,1.50
2011.12.28 16:43:01.474,1.00806,1.00818,2.25,2.63
2011.12.28 16:43:01.756,1.00803,1.00818,3.75,3.38
2011.12.28 16:43:02.460,1.00804,1.00818,1.50,3.38
2011.12.28 16:43:03.365,1.00802,1.00814,1.13,2.25
2011.12.28 16:43:03.923,1.00802,1.00814,1.13,2.25
2011.12.28 16:43:04.743,1.00803,1.00816,1.50,1.50
2011.12.28 16:43:04.884,1.00803,1.00816,1.50,1.13
2011.12.28 16:43:05.344,1.00802,1.00813,1.13,2.25
2011.12.28 16:43:06.536,1.00802,1.00816,2.63,1.13
2011.12.28 16:43:07.444,1.00802,1.00815,2.63,2.25
2011.12.28 16:43:07.515,1.00802,1.00813,1.13,2.25
2011.12.28 16:43:09.858,1.00805,1.00817,3.00,4.65
2011.12.28 16:43:10.209,1.00803,1.00813,1.13,2.25
2011.12.28 16:43:10.911,1.00803,1.00814,1.13,1.50
2011.12.28 16:43:10.988,1.00807,1.00814,1.13,1.50
2011.12.28 16:43:11.271,1.00802,1.00814,3.00,1.50
2011.12.28 16:43:11.350,1.00803,1.00817,2.25,2.25
2011.12.28 16:43:11.744,1.00808,1.00817,1.13,2.25
2011.12.28 16:43:12.109,1.00804,1.00818,1.50,1.88
2011.12.28 16:43:12.265,1.00808,1.00819,1.13,3.75
2011.12.28 16:43:12.757,1.00813,1.00818,1.13,2.25
2011.12.28 16:43:12.829,1.00813,1.00822,1.13,3.75
2011.12.28 16:43:12.979,1.00808,1.00822,1.50,3.38
2011.12.28 16:43:13.427,1.00813,1.00823,1.13,2.52
2011.12.28 16:43:13.717,1.00813,1.00823,1.13,2.25
2011.12.28 16:43:15.572,1.00813,1.00824,1.13,2.25
2011.12.28 16:43:15.657,1.00807,1.00823,3.75,1.88
2011.12.28 16:43:15.734,1.00813,1.00823,1.13,2.25
2011.12.28 16:43:16.089,1.00815,1.00825,3.00,1.13
2011.12.28 16:43:16.169,1.00815,1.00826,3.00,5.33
2011.12.28 16:43:16.247,1.00815,1.00823,2.25,1.88
2011.12.28 16:43:16.389,1.00813,1.00823,1.50,1.88
2011.12.28 16:43:16.464,1.0081,1.00823,2.25,1.88
2011.12.28 16:43:16.536,1.00813,1.00824,1.13,2.63
2011.12.28 16:43:16.673,1.00813,1.00821,1.13,2.25
2011.12.28 16:43:17.233,1.0081,1.00822,2.25,3.38
2011.12.28 16:43:17.305,1.00808,1.00821,1.13,1.50
2011.12.28 16:43:17.375,1.00808,1.00822,1.88,4.13
2011.12.28 16:43:17.747,1.00812,1.00821,1.13,1.50
2011.12.28 16:43:18.294,1.00812,1.00825,1.13,2.63
2011.12.28 16:43:20.042,1.00812,1.00826,1.13,3.38
2011.12.28 16:43:20.760,1.00812,1.00827,1.88,2.40
2011.12.28 16:43:20.836,1.00812,1.00827,1.13,3.90
2011.12.28 16:43:21.210,1.00812,1.00824,1.13,2.25
2011.12.28 16:43:22.952,1.00815,1.00824,1.88,1.50
2011.12.28 16:43:23.101,1.00816,1.00826,1.50,2.48
2011.12.28 16:43:23.245,1.00815,1.0083,3.38,1.36
2011.12.28 16:43:23.708,1.00818,1.0083,1.50,2.11
2011.12.28 16:43:23.797,1.00815,1.0083,1.88,2.11
2011.12.28 16:43:23.944,1.00815,1.00828,1.88,3.38
2011.12.28 16:43:24.087,1.00815,1.00826,1.88,1.13
2011.12.28 16:43:24.162,1.00814,1.00826,2.25,1.80
2011.12.28 16:43:24.376,1.00813,1.00825,1.13,2.25
2011.12.28 16:43:24.915,1.00813,1.00824,1.13,2.25
2011.12.28 16:43:25.878,1.00813,1.00824,1.13,2.25
2011.12.28 16:43:26.556,1.00813,1.00824,1.13,2.25
2011.12.28 16:43:26.903,1.00813,1.00824,1.13,2.25
2011.12.28 16:43:27.462,1.00813,1.00824,1.13,2.25
2011.12.28 16:43:27.973,1.00813,1.00824,1.13,2.25
2011.12.28 16:43:28.178,1.00813,1.00824,1.13,2.25
2011.12.28 16:43:28.397,1.00813,1.00824,1.13,2.25
2011.12.28 16:43:34.771,1.00813,1.00822,1.13,2.25
2011.12.28 16:43:38.839,1.00818,1.00827,1.13,4.13
2011.12.28 16:43:39.138,1.00823,1.00832,1.13,1.13
2011.12.28 16:43:44.173,1.0082,1.00832,2.25,2.25
2011.12.28 16:43:44.303,1.00817,1.00832,3.00,2.25
2011.12.28 16:43:44.445,1.00817,1.00832,2.63,2.25
2011.12.28 16:43:44.935,1.00817,1.00823,1.88,1.50
2011.12.28 16:43:45.319,1.00814,1.00823,3.00,1.50
2011.12.28 16:43:45.404,1.00813,1.00826,1.88,1.50
2011.12.28 16:43:45.602,1.00813,1.00826,1.88,1.50
2011.12.28 16:43:46.094,1.00817,1.00832,2.25,4.88
2011.12.28 16:43:46.951,1.00825,1.0083,1.13,2.25
2011.12.28 16:43:47.100,1.00825,1.00836,1.88,1.88
2011.12.28 16:43:47.385,1.00825,1.00836,3.38,3.08
2011.12.28 16:43:47.868,1.00822,1.00832,1.50,1.88
2011.12.28 16:43:47.943,1.00818,1.00832,1.13,1.88
2011.12.28 16:43:49.094,1.00819,1.00832,1.50,1.88
2011.12.28 16:43:50.186,1.00819,1.00832,2.25,1.88
2011.12.28 16:43:50.768,1.00825,1.00838,3.38,1.58
2011.12.28 16:43:52.781,1.00826,1.00837,1.13,1.58
2011.12.28 16:43:52.869,1.00828,1.00837,1.13,1.58
2011.12.28 16:43:52.954,1.00828,1.00841,1.13,1.50
2011.12.28 16:43:53.168,1.0083,1.00842,1.50,1.88
2011.12.28 16:43:53.729,1.00828,1.00842,4.13,1.88
2011.12.28 16:43:57.464,1.00828,1.00842,3.38,1.88
2011.12.28 16:43:58.427,1.0083,1.00842,1.13,1.88
2011.12.28 16:43:58.838,1.00832,1.00842,1.50,1.88
2011.12.28 16:43:59.351,1.00831,1.00842,1.88,1.88
2011.12.28 16:44:01.513,1.00831,1.00842,1.88,1.88
2011.12.28 16:44:02.387,1.0083,1.00842,1.13,1.88
2011.12.28 16:44:02.945,1.0083,1.00842,1.88,1.88
2011.12.28 16:44:03.498,1.00829,1.00842,2.25,1.88
2011.12.28 16:44:04.066,1.00829,1.00842,1.88,1.88
2011.12.28 16:44:04.850,1.0083,1.00842,1.50,1.88
2011.12.28 16:44:05.386,1.00831,1.00842,1.13,1.13
2011.12.28 16:44:05.935,1.00832,1.00842,1.88,1.13
2011.12.28 16:44:06.272,1.0083,1.00842,1.13,1.13
2011.12.28 16:44:06.524,1.0083,1.00842,2.63,1.13
2011.12.28 16:44:07.043,1.00831,1.00842,1.50,1.13
2011.12.28 16:44:08.385,1.00835,1.00842,1.14,1.13
2011.12.28 16:44:08.751,1.00853,1.00859,1.50,1.13
2011.12.28 16:44:08.975,1.00853,1.00863,2.10,2.63
2011.12.28 16:44:09.050,1.00853,1.00865,2.48,1.50
2011.12.28 16:44:09.133,1.00855,1.00866,1.51,4.88
2011.12.28 16:44:09.216,1.00867,1.00872,1.13,2.25
2011.12.28 16:44:09.291,1.00867,1.00872,1.13,1.50
2011.12.28 16:44:09.368,1.00863,1.00872,4.13,1.50
2011.12.28 16:44:09.436,1.00868,1.00875,1.50,2.25
2011.12.28 16:44:09.582,1.00872,1.00883,1.50,2.25
2011.12.28 16:44:09.663,1.00871,1.00878,3.75,2.25
2011.12.28 16:44:10.092,1.00875,1.00889,2.25,3.00
2011.12.28 16:44:10.309,1.00874,1.00886,3.38,2.25
2011.12.28 16:44:10.387,1.00874,1.00886,2.63,2.25
2011.12.28 16:44:10.531,1.00874,1.00886,1.88,3.75
2011.12.28 16:44:10.681,1.00878,1.00892,1.50,1.50
2011.12.28 16:44:10.826,1.0088,1.00895,2.25,4.50
2011.12.28 16:44:11.038,1.00882,1.00895,1.50,1.50
2011.12.28 16:44:11.107,1.00884,1.00895,1.50,1.50
2011.12.28 16:44:11.387,1.00881,1.00898,2.25,2.25
2011.12.28 16:44:11.949,1.0088,1.00895,2.25,1.50
2011.12.28 16:44:12.239,1.00878,1.00893,4.65,1.50
2011.12.28 16:44:12.599,1.00872,1.00885,1.65,1.13
2011.12.28 16:44:12.684,1.0087,1.00885,1.50,2.25
2011.12.28 16:44:12.829,1.00867,1.00884,2.25,2.25
2011.12.28 16:44:12.914,1.0087,1.00885,1.50,3.00
2011.12.28 16:44:13.871,1.0087,1.00883,1.50,1.90
2011.12.28 16:44:14.018,1.00868,1.00876,1.50,1.90
2011.12.28 16:44:14.107,1.00865,1.00876,1.13,4.13
2011.12.28 16:44:14.460,1.00867,1.00876,1.13,4.50
2011.12.28 16:44:14.962,1.00868,1.00883,1.50,3.40
2011.12.28 16:44:15.372,1.00869,1.00883,1.50,1.88
2011.12.28 16:44:17.322,1.00868,1.00883,1.50,3.38
2011.12.28 16:44:18.693,1.00867,1.00881,1.88,2.25
2011.12.28 16:44:19.244,1.00868,1.00883,1.50,3.38
2011.12.28 16:44:19.456,1.00868,1.00877,1.50,1.13
2011.12.28 16:44:21.630,1.00866,1.00877,2.25,1.13
2011.12.28 16:44:22.374,1.00868,1.00877,1.50,1.13
2011.12.28 16:44:25.210,1.00865,1.00877,1.50,2.25
2011.12.28 16:44:25.291,1.00865,1.00876,1.50,1.50
2011.12.28 16:44:25.510,1.00859,1.00868,2.25,1.13
2011.12.28 16:44:25.732,1.00853,1.00868,3.00,3.38
2011.12.28 16:44:25.809,1.00853,1.00865,3.00,1.50
2011.12.28 16:44:26.438,1.00854,1.00862,1.50,1.13
2011.12.28 16:44:26.521,1.00851,1.00862,2.25,1.13
2011.12.28 16:44:27.160,1.00854,1.00862,1.50,1.13
2011.12.28 16:44:28.002,1.00858,1.00869,1.88,1.88
2011.12.28 16:44:28.146,1.00858,1.00872,1.13,2.63
2011.12.28 16:44:28.220,1.00862,1.00872,1.13,1.50
2011.12.28 16:44:28.574,1.00858,1.00867,2.25,1.88
2011.12.28 16:44:28.647,1.00854,1.00867,2.25,1.88
2011.12.28 16:44:29.039,1.00854,1.00867,3.38,1.13
2011.12.28 16:44:29.473,1.00858,1.00871,1.13,3.00
2011.12.28 16:44:30.036,1.00859,1.00872,1.50,1.88
2011.12.28 16:44:30.575,1.00858,1.00872,2.63,1.88
2011.12.28 16:44:32.006,1.00858,1.00872,2.63,1.88
2011.12.28 16:44:32.565,1.00858,1.00872,1.13,3.38
2011.12.28 16:44:33.108,1.00859,1.00872,1.50,1.88
2011.12.28 16:44:37.590,1.00859,1.00872,1.50,1.88
2011.12.28 16:44:37.735,1.00855,1.00868,3.00,1.88
2011.12.28 16:44:38.092,1.00852,1.00866,1.88,2.25
2011.12.28 16:44:39.621,1.00854,1.00867,1.13,2.25
2011.12.28 16:44:39.917,1.00859,1.00869,1.13,2.25
2011.12.28 16:44:40.477,1.00859,1.00873,1.13,3.38
2011.12.28 16:44:41.037,1.00859,1.00873,1.13,3.38
2011.12.28 16:44:41.622,1.00859,1.00873,1.13,3.38
2011.12.28 16:44:42.172,1.00859,1.00873,1.13,3.38
2011.12.28 16:44:42.941,1.00859,1.00873,1.13,3.38
2011.12.28 16:44:43.782,1.00859,1.00873,1.13,1.88
2011.12.28 16:44:46.266,1.00859,1.00873,2.63,1.88
2011.12.28 16:44:46.813,1.0086,1.00873,1.50,1.88
2011.12.28 16:44:47.323,1.0086,1.00873,1.50,1.88
2011.12.28 16:44:47.843,1.00859,1.00873,1.13,1.88
2011.12.28 16:44:48.510,1.00859,1.00873,1.13,1.88
2011.12.28 16:44:50.336,1.00856,1.00868,1.50,1.88
2011.12.28 16:44:50.409,1.00855,1.00868,1.50,1.88
2011.12.28 16:44:50.992,1.00854,1.00867,1.13,2.25
2011.12.28 16:45:02.968,1.00858,1.00868,1.13,2.25
2011.12.28 16:45:03.316,1.00861,1.00874,1.50,1.88
2011.12.28 16:45:03.527,1.00859,1.00874,1.50,3.38
2011.12.28 16:45:04.087,1.00858,1.00873,1.13,2.25
2011.12.28 16:45:04.437,1.00858,1.0087,1.13,2.25
2011.12.28 16:45:05.118,1.00858,1.00873,1.13,2.25
2011.12.28 16:45:05.336,1.00859,1.00874,1.50,4.88
2011.12.28 16:45:05.896,1.00858,1.0087,1.13,1.50
2011.12.28 16:45:06.486,1.00858,1.0087,1.13,1.50
2011.12.28 16:45:07.057,1.00858,1.0087,1.13,1.50
2011.12.28 16:45:07.701,1.00858,1.00869,1.13,1.50
2011.12.28 16:45:07.776,1.00858,1.00869,1.13,2.25
2011.12.28 16:45:08.803,1.00858,1.0087,1.13,2.25
2011.12.28 16:45:09.005,1.0086,1.00874,1.50,1.88
2011.12.28 16:45:09.553,1.00859,1.0087,1.50,1.50
2011.12.28 16:45:10.133,1.00859,1.0087,1.50,1.50
2011.12.28 16:45:10.693,1.00859,1.0087,1.50,1.50
2011.12.28 16:45:11.794,1.00858,1.0087,1.13,1.50
2011.12.28 16:45:11.938,1.00858,1.00868,1.13,2.25
2011.12.28 16:45:12.510,1.00858,1.00874,1.13,3.38
2011.12.28 16:45:13.408,1.00858,1.0087,1.13,1.50
2011.12.28 16:45:13.544,1.00858,1.00871,1.13,1.50
2011.12.28 16:45:13.677,1.00858,1.00871,1.13,1.50
2011.12.28 16:45:13.744,1.00858,1.00871,1.13,1.50
2011.12.28 16:45:14.096,1.00869,1.00874,1.13,1.50
2011.12.28 16:45:14.312,1.00869,1.00875,1.13,1.50
2011.12.28 16:45:14.456,1.00869,1.0088,1.13,1.50
2011.12.28 16:45:14.669,1.00869,1.0088,1.13,1.50
2011.12.28 16:45:15.670,1.00869,1.00882,2.63,1.50
2011.12.28 16:45:15.749,1.00869,1.00882,3.38,1.50
2011.12.28 16:45:15.970,1.0087,1.00882,1.88,1.50
2011.12.28 16:45:16.186,1.00875,1.00887,1.13,1.50
2011.12.28 16:45:16.329,1.0088,1.00888,1.50,1.13
2011.12.28 16:45:16.619,1.00877,1.00888,1.50,1.13
2011.12.28 16:45:17.141,1.00878,1.00893,1.13,1.13
2011.12.28 16:45:18.983,1.00878,1.00894,1.13,4.13
2011.12.28 16:45:19.132,1.00884,1.00894,1.13,3.00
2011.12.28 16:45:19.665,1.00884,1.00894,1.13,2.25
2011.12.28 16:45:19.953,1.0088,1.00894,2.25,1.88
2011.12.28 16:45:20.035,1.00878,1.00894,3.00,1.88
2011.12.28 16:45:20.113,1.00878,1.00894,3.00,1.88
2011.12.28 16:45:20.190,1.00878,1.00892,1.13,2.25
2011.12.28 16:45:20.758,1.00874,1.00889,2.63,3.38
2011.12.28 16:45:21.043,1.00873,1.00888,1.13,2.25
2011.12.28 16:45:21.604,1.00874,1.00889,1.50,3.38
2011.12.28 16:45:24.635,1.00874,1.00889,2.25,2.63
2011.12.28 16:45:24.984,1.00883,1.00894,1.13,2.25
2011.12.28 16:45:25.409,1.00883,1.00897,2.63,2.78
2011.12.28 16:45:25.694,1.00883,1.00898,2.63,2.25
2011.12.28 16:45:25.837,1.00883,1.00897,1.13,2.25
2011.12.28 16:45:25.905,1.00883,1.00897,1.13,2.25
2011.12.28 16:45:26.574,1.00883,1.00897,1.13,2.25
2011.12.28 16:45:27.132,1.00883,1.00897,1.13,2.25
2011.12.28 16:45:28.280,1.00887,1.00896,1.13,1.13
2011.12.28 16:45:28.640,1.00879,1.00894,2.64,3.38
2011.12.28 16:45:29.142,1.00879,1.00894,3.00,3.38
2011.12.28 16:45:29.225,1.00881,1.00894,1.50,1.88
2011.12.28 16:45:29.682,1.00881,1.00894,2.25,1.13
2011.12.28 16:45:29.765,1.00883,1.00896,1.13,2.70
2011.12.28 16:45:30.123,1.00883,1.00896,1.13,1.20
2011.12.28 16:45:30.471,1.00883,1.00896,1.13,1.20
2011.12.28 16:45:31.205,1.00883,1.00897,1.13,3.23
2011.12.28 16:45:31.350,1.00883,1.00895,1.13,3.00
2011.12.28 16:45:32.183,1.00883,1.00895,1.13,2.25
2011.12.28 16:45:34.099,1.00884,1.00898,1.50,3.00
2011.12.28 16:45:34.589,1.00887,1.009,1.13,3.00
2011.12.28 16:45:35.226,1.00885,1.00899,1.50,1.88
2011.12.28 16:45:35.298,1.00884,1.00899,3.75,4.13
2011.12.28 16:45:35.846,1.00883,1.00897,1.13,2.25
2011.12.28 16:45:40.137,1.00883,1.00897,1.13,2.25
2011.12.28 16:45:47.763,1.00883,1.00897,1.13,2.25
2011.12.28 16:45:48.569,1.00883,1.00894,1.13,2.25
2011.12.28 16:45:48.785,1.00883,1.00895,1.13,2.25
2011.12.28 16:45:49.333,1.00883,1.00895,1.13,2.25
2011.12.28 16:45:49.549,1.00883,1.00898,2.63,2.25
2011.12.28 16:46:13.863,1.00884,1.00899,1.50,4.13
2011.12.28 16:46:14.727,1.00888,1.00899,1.13,2.25
2011.12.28 16:46:15.074,1.00886,1.00898,1.50,1.88
2011.12.28 16:46:15.284,1.00884,1.00898,1.13,3.38
2011.12.28 16:46:16.329,1.00884,1.00898,1.13,3.38
2011.12.28 16:46:16.484,1.00887,1.00898,1.13,2.25
2011.12.28 16:46:16.562,1.00887,1.00898,1.13,1.50
2011.12.28 16:46:16.716,1.00888,1.00903,1.50,3.38
2011.12.28 16:46:16.792,1.00888,1.00903,2.63,3.38
2011.12.28 16:46:17.144,1.00893,1.00906,1.13,5.55
2011.12.28 16:46:18.537,1.00893,1.00904,1.13,2.25
2011.12.28 16:46:22.623,1.00892,1.00904,1.13,2.25
2011.12.28 16:46:23.420,1.00892,1.00906,2.63,1.28
2011.12.28 16:46:23.499,1.00892,1.00908,3.38,1.88
2011.12.28 16:46:23.581,1.00897,1.00909,1.50,1.88
2011.12.28 16:46:23.666,1.00902,1.00909,1.50,1.88
2011.12.28 16:46:23.807,1.00902,1.00909,3.75,1.13
2011.12.28 16:46:24.323,1.00909,1.00917,1.50,2.25
2011.12.28 16:46:24.413,1.0091,1.00918,1.50,1.88
2011.12.28 16:46:24.632,1.0091,1.00922,1.50,1.88
2011.12.28 16:46:24.777,1.0091,1.00918,1.50,1.88
2011.12.28 16:46:25.339,1.00909,1.00918,1.50,3.38
2011.12.28 16:46:25.699,1.00907,1.00913,1.50,1.13
2011.12.28 16:46:25.778,1.009,1.0091,1.50,1.88
2011.12.28 16:46:26.158,1.00899,1.00907,2.25,1.13
2011.12.28 16:46:26.242,1.00899,1.00907,1.50,1.13
2011.12.28 16:46:26.710,1.00905,1.00911,1.13,2.25
2011.12.28 16:46:26.855,1.00905,1.00915,2.63,1.13
2011.12.28 16:46:26.924,1.00906,1.00916,1.50,1.73
2011.12.28 16:46:26.995,1.00906,1.00916,1.50,1.73
2011.12.28 16:46:27.533,1.00905,1.00916,1.13,1.35
2011.12.28 16:46:28.266,1.00902,1.00912,1.50,1.88
2011.12.28 16:46:28.341,1.00904,1.00912,3.75,1.88
2011.12.28 16:46:28.814,1.00898,1.00908,2.25,1.88
2011.12.28 16:46:29.015,1.00895,1.00908,2.25,1.88
2011.12.28 16:46:29.355,1.00898,1.00912,1.13,6.00
2011.12.28 16:46:29.709,1.00898,1.00912,1.13,3.38
2011.12.28 16:46:31.014,1.00898,1.00912,1.13,3.38
2011.12.28 16:46:31.569,1.00898,1.00912,1.13,3.38
2011.12.28 16:46:34.008,1.00903,1.00913,1.13,3.00
2011.12.28 16:46:34.745,1.00903,1.00916,1.13,3.75
2011.12.28 16:46:36.278,1.00903,1.00915,1.13,2.25
2011.12.28 16:46:39.025,1.00903,1.00915,1.13,2.25
2011.12.28 16:46:39.555,1.00903,1.00915,1.13,2.25
2011.12.28 16:46:39.936,1.00903,1.00915,1.13,2.25
2011.12.28 16:46:41.116,1.00903,1.00915,1.13,2.25
2011.12.28 16:46:41.186,1.00903,1.00915,3.23,2.25
2011.12.28 16:46:41.538,1.00925,1.00931,1.50,1.50
2011.12.28 16:46:41.624,1.00927,1.00935,1.50,1.88
2011.12.28 16:46:41.703,1.00926,1.0093,1.13,2.25
2011.12.28 16:46:42.100,1.00933,1.00942,1.50,1.88
2011.12.28 16:46:42.190,1.00931,1.00942,1.50,1.88
2011.12.28 16:46:42.272,1.00937,1.00946,1.13,2.25
2011.12.28 16:46:42.353,1.00937,1.00949,1.13,1.50
2011.12.28 16:46:42.499,1.00941,1.00951,1.13,1.50
2011.12.28 16:46:42.793,1.00939,1.00953,1.50,1.88
2011.12.28 16:46:43.009,1.00937,1.00953,2.63,1.88
2011.12.28 16:46:45.188,1.00937,1.00948,2.63,1.05
2011.12.28 16:46:45.745,1.00938,1.00952,1.50,1.88
2011.12.28 16:46:46.254,1.00937,1.00951,2.63,1.50
2011.12.28 16:46:46.764,1.00937,1.00952,2.63,3.00
2011.12.28 16:46:48.275,1.00943,1.00952,1.13,2.25
2011.12.28 16:46:48.476,1.0094,1.00952,2.25,3.38
2011.12.28 16:46:48.677,1.0094,1.00954,2.25,1.50
2011.12.28 16:46:49.027,1.00938,1.00952,1.50,3.38
2011.12.28 16:46:49.310,1.00939,1.00952,1.50,1.88
2011.12.28 16:46:49.530,1.00946,1.00954,1.13,1.50
2011.12.28 16:46:49.609,1.00946,1.00957,1.13,1.88
2011.12.28 16:46:50.248,1.00946,1.00956,1.13,1.43
2011.12.28 16:46:50.966,1.00945,1.00956,4.88,1.43
2011.12.28 16:46:51.515,1.00945,1.00956,3.75,2.55
2011.12.28 16:46:51.589,1.00942,1.00956,3.38,2.55
2011.12.28 16:46:51.878,1.00944,1.00956,1.50,1.88
2011.12.28 16:46:52.240,1.00949,1.00957,1.50,1.88
2011.12.28 16:46:52.319,1.00947,1.00957,1.50,1.88
2011.12.28 16:46:52.399,1.00944,1.00957,1.50,1.88
2011.12.28 16:46:55.152,1.00945,1.00961,1.13,7.50
2011.12.28 16:46:55.436,1.00945,1.00961,2.63,5.63
2011.12.28 16:46:55.855,1.00945,1.00956,1.50,1.88
2011.12.28 16:46:56.206,1.00946,1.0096,1.88,2.25
2011.12.28 16:46:56.419,1.00947,1.00953,1.50,1.13
2011.12.28 16:46:56.573,1.00943,1.00953,1.50,1.88
2011.12.28 16:46:56.720,1.00942,1.00953,3.75,1.13
2011.12.28 16:46:56.799,1.00943,1.00957,1.50,3.38
2011.12.28 16:46:56.946,1.00943,1.00958,1.50,1.88
2011.12.28 16:46:57.297,1.00945,1.00958,1.50,1.88
2011.12.28 16:46:57.365,1.00943,1.00958,1.50,1.88
2011.12.28 16:46:58.625,1.00943,1.00958,2.48,1.88
2011.12.28 16:46:58.981,1.00957,1.00967,1.50,1.88
2011.12.28 16:46:59.268,1.00962,1.00971,1.50,2.63
2011.12.28 16:46:59.416,1.00964,1.00972,2.25,2.25
2011.12.28 16:46:59.489,1.00966,1.00976,1.13,1.50
2011.12.28 16:46:59.867,1.00964,1.00976,2.25,1.50
2011.12.28 16:46:59.949,1.00968,1.00977,1.50,1.88
2011.12.28 16:47:00.172,1.00966,1.00976,1.50,2.25
2011.12.28 16:47:00.254,1.00963,1.00976,1.88,3.75
2011.12.28 16:47:00.402,1.00968,1.00977,1.50,1.88
2011.12.28 16:47:00.547,1.00968,1.0098,1.50,1.13
2011.12.28 16:47:00.826,1.00969,1.00978,1.50,1.88
2011.12.28 16:47:00.896,1.00967,1.00978,1.50,1.88
2011.12.28 16:47:01.253,1.00962,1.00976,4.13,1.53
2011.12.28 16:47:01.607,1.00964,1.00976,1.50,2.28
2011.12.28 16:47:01.694,1.0096,1.00965,2.25,1.13
2011.12.28 16:47:01.775,1.00957,1.00966,1.88,2.25
2011.12.28 16:47:01.921,1.00958,1.00969,1.50,1.50
2011.12.28 16:47:01.996,1.00963,1.00969,1.13,2.25
2011.12.28 16:47:02.205,1.0096,1.00973,2.25,1.88
2011.12.28 16:47:02.977,1.0096,1.00967,1.50,1.13
2011.12.28 16:47:03.185,1.00959,1.00972,1.50,4.13
2011.12.28 16:47:03.397,1.00958,1.00972,2.63,1.88
2011.12.28 16:47:03.749,1.00961,1.00972,1.50,1.88
2011.12.28 16:47:06.727,1.00961,1.00972,1.50,2.48
2011.12.28 16:47:06.799,1.00958,1.00972,2.63,2.48
2011.12.28 16:47:06.878,1.00958,1.00972,2.63,2.48
2011.12.28 16:47:07.224,1.0096,1.00967,1.50,1.13
2011.12.28 16:47:12.235,1.0096,1.00967,1.50,1.88
2011.12.28 16:47:12.370,1.00956,1.00967,1.50,1.88
2011.12.28 16:47:14.705,1.00956,1.00967,2.25,1.13
2011.12.28 16:47:14.774,1.00959,1.00967,1.50,1.13
2011.12.28 16:47:18.684,1.00957,1.00967,1.50,1.88
2011.12.28 16:47:18.825,1.00955,1.00967,1.50,2.63
2011.12.28 16:47:18.895,1.00953,1.00967,1.13,4.13
2011.12.28 16:47:19.435,1.00954,1.00967,1.50,2.63
2011.12.28 16:47:25.408,1.00954,1.00962,1.50,1.13
2011.12.28 16:47:25.855,1.00957,1.00967,1.50,2.63
2011.12.28 16:47:25.932,1.00954,1.00967,1.50,1.88
2011.12.28 16:47:26.147,1.00956,1.00967,1.50,1.13
2011.12.28 16:47:26.219,1.00954,1.00967,2.25,1.13
2011.12.28 16:47:26.304,1.00957,1.00971,1.13,3.00
2011.12.28 16:47:28.258,1.00963,1.00971,1.13,2.25
2011.12.28 16:47:28.327,1.00963,1.00971,1.13,2.25
2011.12.28 16:47:28.466,1.00963,1.00973,1.13,1.35
2011.12.28 16:47:28.787,1.00963,1.00973,1.13,1.35
2011.12.28 16:47:29.060,1.00963,1.00973,1.13,1.35
2011.12.28 16:47:29.487,1.0096,1.00972,3.00,3.38
2011.12.28 16:47:29.560,1.00959,1.00972,2.25,1.88
2011.12.28 16:47:29.639,1.00959,1.00972,2.25,1.88
2011.12.28 16:47:30.204,1.00959,1.00971,1.50,1.50
2011.12.28 16:47:30.721,1.00959,1.00971,1.50,1.50
2011.12.28 16:47:31.328,1.00959,1.00971,1.50,1.50
2011.12.28 16:47:31.660,1.00963,1.00972,1.13,1.50
2011.12.28 16:47:32.222,1.00966,1.00976,1.13,4.65
2011.12.28 16:47:32.295,1.00966,1.00976,1.13,3.15
2011.12.28 16:47:32.438,1.00966,1.00976,1.13,1.50
2011.12.28 16:47:32.804,1.00964,1.00974,1.13,1.50
2011.12.28 16:47:32.886,1.00964,1.00975,1.88,2.25
2011.12.28 16:47:33.043,1.00969,1.0098,1.50,1.50
2011.12.28 16:47:33.191,1.00969,1.00977,1.50,1.13
2011.12.28 16:47:33.732,1.00966,1.00977,2.25,1.13
2011.12.28 16:47:33.810,1.00966,1.00977,2.25,1.13
2011.12.28 16:47:33.889,1.00969,1.00977,1.50,1.13
2011.12.28 16:47:33.975,1.00971,1.00982,1.50,1.88
2011.12.28 16:47:34.118,1.00969,1.00982,1.50,2.25
2011.12.28 16:47:34.263,1.00967,1.00978,2.25,1.13
2011.12.28 16:47:41.724,1.00966,1.00978,2.25,1.13
2011.12.28 16:47:42.252,1.00966,1.00978,2.25,1.13
2011.12.28 16:47:45.663,1.00965,1.00978,2.25,1.13
2011.12.28 16:47:48.415,1.00968,1.00978,1.50,1.13
2011.12.28 16:47:48.755,1.00968,1.00982,2.25,3.00
2011.12.28 16:47:48.966,1.00968,1.00977,1.50,1.13
2011.12.28 16:47:49.385,1.00968,1.00981,1.13,1.50
2011.12.28 16:47:49.666,1.00968,1.00982,2.63,1.88
2011.12.28 16:47:50.063,1.00965,1.00978,2.25,1.13
2011.12.28 16:47:50.613,1.00967,1.00978,1.50,1.13
2011.12.28 16:47:51.804,1.00967,1.00978,2.25,1.13
2011.12.28 16:47:54.288,1.00967,1.00978,2.25,1.13
2011.12.28 16:47:54.357,1.00969,1.00978,1.50,1.13
2011.12.28 16:47:54.425,1.00969,1.00981,1.50,2.25
2011.12.28 16:47:54.764,1.0097,1.00978,1.50,1.13
2011.12.28 16:47:55.048,1.00968,1.00978,1.50,1.13
2011.12.28 16:47:55.296,1.0097,1.00978,1.50,1.13
2011.12.28 16:47:56.478,1.0097,1.00981,2.25,2.25
2011.12.28 16:47:56.940,1.0097,1.00977,1.50,1.13
2011.12.28 16:47:57.026,1.0097,1.00981,1.50,3.00
2011.12.28 16:47:57.238,1.0097,1.00978,1.50,1.13
2011.12.28 16:47:57.999,1.0097,1.00981,1.50,2.25
2011.12.28 16:47:58.077,1.0097,1.00983,1.50,2.25
2011.12.28 16:47:58.145,1.0097,1.00983,1.50,1.88
2011.12.28 16:47:58.674,1.0097,1.00983,2.25,1.88
2011.12.28 16:47:59.190,1.0097,1.00983,1.50,1.88
2011.12.28 16:48:00.065,1.00967,1.00983,4.13,1.88
2011.12.28 16:48:00.204,1.00967,1.00983,3.38,1.88
2011.12.28 16:48:00.714,1.00967,1.00983,3.38,1.88
2011.12.28 16:48:03.761,1.00968,1.00983,1.13,1.88
2011.12.28 16:48:03.854,1.00975,1.00987,1.50,1.20
2011.12.28 16:48:04.207,1.00977,1.00989,1.13,2.40
2011.12.28 16:48:04.765,1.00976,1.00987,1.50,1.28
2011.12.28 16:48:04.839,1.00974,1.00987,1.50,2.03
2011.12.28 16:48:05.186,1.00976,1.00987,1.50,2.03
2011.12.28 16:48:05.326,1.00973,1.00987,3.38,2.03
2011.12.28 16:48:05.864,1.00975,1.00987,1.13,1.28
2011.12.28 16:48:05.936,1.00978,1.00992,1.13,6.11
2011.12.28 16:48:06.145,1.0098,1.00992,1.50,1.88
2011.12.28 16:48:06.354,1.00983,1.00992,1.50,1.88
2011.12.28 16:48:07.071,1.00983,1.00992,1.50,1.88
2011.12.28 16:48:07.439,1.00989,1.00997,1.50,1.88
2011.12.28 16:48:07.646,1.00989,1.01002,1.50,3.60
2011.12.28 16:48:07.789,1.00991,1.01002,1.50,3.98
2011.12.28 16:48:08.433,1.00991,1.01003,1.50,2.48
2011.12.28 16:48:08.788,1.00993,1.01006,2.25,1.35
2011.12.28 16:48:09.075,1.00995,1.01005,1.50,1.50
2011.12.28 16:48:09.412,1.00993,1.01008,2.25,1.13
2011.12.28 16:48:09.490,1.00997,1.0101,1.13,2.25
2011.12.28 16:48:09.844,1.00997,1.0101,1.13,2.25
2011.12.28 16:48:09.918,1.00993,1.01007,2.25,1.13
2011.12.28 16:48:10.493,1.00992,1.01002,1.50,1.88
2011.12.28 16:48:10.637,1.00988,1.01001,1.88,2.25
2011.12.28 16:48:11.193,1.00988,1.01002,2.63,1.88
2011.12.28 16:48:13.165,1.00986,1.00997,2.25,1.13
2011.12.28 16:48:13.462,1.00988,1.01001,1.13,2.25
2011.12.28 16:48:13.678,1.00991,1.01002,1.50,1.13
2011.12.28 16:48:14.417,1.00991,1.01002,1.50,1.88
2011.12.28 16:48:14.766,1.00988,1.00997,2.25,1.13
2011.12.28 16:48:15.274,1.00989,1.00997,1.50,1.13
2011.12.28 16:48:16.357,1.00986,1.00997,2.25,1.13
2011.12.28 16:48:16.426,1.00986,1.00997,2.25,1.13
2011.12.28 16:48:17.035,1.00986,1.00997,2.25,1.13
2011.12.28 16:48:17.448,1.00987,1.01001,1.88,4.50
2011.12.28 16:48:17.644,1.00987,1.01001,1.88,2.25
2011.12.28 16:48:18.602,1.00987,1.01001,1.88,2.25
2011.12.28 16:48:22.716,1.00989,1.00998,2.25,1.13
2011.12.28 16:48:22.926,1.00989,1.01002,2.25,4.13
2011.12.28 16:48:23.267,1.00989,1.00998,2.25,1.13
2011.12.28 16:48:23.476,1.00989,1.01002,2.25,3.38
2011.12.28 16:48:24.019,1.00987,1.00997,2.25,1.13
2011.12.28 16:48:24.167,1.00988,1.01002,1.88,4.13
2011.12.28 16:48:26.063,1.00989,1.01002,1.50,1.88
2011.12.28 16:48:26.628,1.0099,1.01002,1.50,1.13
2011.12.28 16:48:26.974,1.00995,1.01007,1.50,1.88
2011.12.28 16:48:27.514,1.00993,1.01007,1.88,1.88
2011.12.28 16:48:28.775,1.00993,1.01007,3.38,1.13
2011.12.28 16:48:29.303,1.00993,1.01007,3.38,1.88
2011.12.28 16:48:29.827,1.00993,1.01007,3.38,1.13
2011.12.28 16:48:31.906,1.00998,1.0101,1.13,1.50
2011.12.28 16:48:31.976,1.00998,1.01011,1.88,3.00
2011.12.28 16:48:32.190,1.00998,1.01006,1.13,1.20
2011.12.28 16:48:32.266,1.00994,1.01002,3.75,1.13
2011.12.28 16:48:32.484,1.00994,1.01006,1.13,2.25
2011.12.28 16:48:32.626,1.00994,1.01008,4.13,1.13
2011.12.28 16:48:33.566,1.00995,1.01008,2.25,1.88
2011.12.28 16:48:34.205,1.00995,1.01007,2.25,1.13
2011.12.28 16:48:36.016,1.00995,1.01007,2.25,1.13
2011.12.28 16:48:36.216,1.00995,1.01007,3.75,1.13
2011.12.28 16:48:37.012,1.00995,1.01007,2.25,1.88
2011.12.28 16:48:37.285,1.00992,1.01007,2.25,1.13
2011.12.28 16:48:37.752,1.00997,1.01007,2.25,1.13
2011.12.28 16:48:38.295,1.00996,1.01007,3.00,1.13
2011.12.28 16:48:38.824,1.00997,1.01007,1.50,1.13
2011.12.28 16:48:41.661,1.00996,1.01007,2.25,1.13
2011.12.28 16:48:42.225,1.00992,1.01007,2.25,3.38
2011.12.28 16:48:42.833,1.00994,1.01007,2.25,1.13
2011.12.28 16:48:43.402,1.00994,1.01007,2.25,1.13
2011.12.28 16:48:43.822,1.01,1.01007,1.50,1.13
2011.12.28 16:48:43.904,1.01,1.01011,1.50,4.13
2011.12.28 16:48:43.985,1.01,1.01007,1.50,1.13
2011.12.28 16:48:44.266,1.00997,1.01007,2.25,1.13
2011.12.28 16:48:44.604,1.00994,1.01006,2.25,1.50
2011.12.28 16:48:49.717,1.00992,1.01005,1.88,1.50
2011.12.28 16:48:51.936,1.0099,1.01003,3.75,1.13
2011.12.28 16:48:52.076,1.0099,1.01002,3.75,1.50
2011.12.28 16:48:52.688,1.00989,1.01003,3.38,1.88
2011.12.28 16:48:53.039,1.00993,1.01004,1.13,1.50
2011.12.28 16:48:53.123,1.00993,1.01006,1.88,1.50
2011.12.28 16:48:53.908,1.00993,1.01006,1.13,2.25
2011.12.28 16:48:53.987,1.00991,1.01004,1.50,1.88
2011.12.28 16:48:54.478,1.00988,1.01003,1.88,2.25
2011.12.28 16:48:54.815,1.00987,1.00998,2.25,1.13
2011.12.28 16:48:54.959,1.00987,1.01002,3.38,3.00
2011.12.28 16:48:55.105,1.00987,1.01002,1.88,1.13
2011.12.28 16:48:55.446,1.00987,1.00998,1.50,1.13
2011.12.28 16:48:55.516,1.00988,1.01001,1.13,3.00
2011.12.28 16:48:56.046,1.00988,1.01002,2.63,1.88
2011.12.28 16:48:59.604,1.00988,1.01002,1.88,1.88
2011.12.28 16:49:00.146,1.00988,1.01001,1.88,2.25
2011.12.28 16:49:00.928,1.00989,1.01002,3.00,1.13
2011.12.28 16:49:01.732,1.0099,1.01001,1.50,1.50
2011.12.28 16:49:02.265,1.00988,1.01001,1.88,2.25
2011.12.28 16:49:03.489,1.00987,1.00997,1.50,1.13
2011.12.28 16:49:03.841,1.00983,1.00996,4.13,1.13
2011.12.28 16:49:04.186,1.00981,1.00993,1.50,1.88
2011.12.28 16:49:04.479,1.00977,1.00986,4.13,1.50
2011.12.28 16:49:04.700,1.00977,1.00989,2.97,1.50
2011.12.28 16:49:04.917,1.00978,1.00992,3.35,2.25
2011.12.28 16:49:08.365,1.00978,1.00989,4.10,1.50
2011.12.28 16:49:09.133,1.00978,1.00991,4.10,2.25
2011.12.28 16:49:10.603,1.00979,1.00991,1.50,2.25
2011.12.28 16:49:10.674,1.00979,1.00991,1.50,2.25
2011.12.28 16:49:11.490,1.00985,1.00991,1.13,1.50
2011.12.28 16:49:11.565,1.00985,1.00993,1.13,1.50
2011.12.28 16:49:11.640,1.00985,1.00996,1.13,2.63
2011.12.28 16:49:11.718,1.00984,1.00992,2.25,1.13
2011.12.28 16:49:11.798,1.00982,1.00992,1.50,1.13
2011.12.28 16:49:12.012,1.00982,1.00987,1.50,1.13
2011.12.28 16:49:12.091,1.00977,1.00987,1.50,1.13
2011.12.28 16:49:12.400,1.00975,1.00987,1.50,1.13
2011.12.28 16:49:12.687,1.00973,1.00987,3.38,2.63
2011.12.28 16:49:12.758,1.00973,1.00985,1.88,1.50
2011.12.28 16:49:13.315,1.00973,1.00987,3.38,3.38
2011.12.28 16:49:17.363,1.00974,1.00987,1.50,1.13
2011.12.28 16:49:17.634,1.00973,1.00987,1.88,1.88
2011.12.28 16:49:23.153,1.00973,1.00986,1.88,1.50
2011.12.28 16:49:23.750,1.00974,1.00986,3.00,1.50
2011.12.28 16:49:24.347,1.00977,1.00986,1.13,1.50
2011.12.28 16:49:24.423,1.00977,1.00991,1.13,3.00
2011.12.28 16:49:25.883,1.00977,1.00989,1.13,1.50
2011.12.28 16:49:26.887,1.00975,1.00987,1.50,1.13
2011.12.28 16:49:27.170,1.00973,1.00986,1.88,2.25
2011.12.28 16:49:27.247,1.00978,1.00989,1.13,2.25
2011.12.28 16:49:27.459,1.00975,1.00988,3.00,3.38
2011.12.28 16:49:27.603,1.00972,1.00986,2.25,1.50
2011.12.28 16:49:27.879,1.00972,1.00986,1.88,1.50
2011.12.28 16:49:28.472,1.00977,1.00985,1.13,1.50
2011.12.28 16:49:28.554,1.00977,1.0099,1.13,2.78
2011.12.28 16:49:28.815,1.00977,1.00988,1.13,1.50
2011.12.28 16:49:29.170,1.00973,1.00986,1.13,3.75
2011.12.28 16:49:29.246,1.00973,1.00984,1.13,1.50
2011.12.28 16:49:29.654,1.00969,1.00982,3.00,1.88
2011.12.28 16:49:29.866,1.0097,1.00982,1.50,2.63
2011.12.28 16:49:30.356,1.00972,1.00986,1.13,2.40
2011.12.28 16:49:30.626,1.00972,1.00983,1.13,1.50
2011.12.28 16:49:30.843,1.00969,1.00983,3.00,3.38
2011.12.28 16:49:31.376,1.00969,1.00982,1.50,2.25
2011.12.28 16:49:33.857,1.0097,1.00983,1.50,2.63
2011.12.28 16:49:34.057,1.00969,1.00983,2.25,1.88
2011.12.28 16:49:34.622,1.00969,1.00983,1.50,1.88
2011.12.28 16:49:35.217,1.00969,1.00983,1.50,1.13
2011.12.28 16:49:35.243,1.00972,1.00984,1.13,2.25
2011.12.28 16:49:36.008,1.00969,1.00982,3.75,1.88
2011.12.28 16:49:36.846,1.00969,1.00982,1.50,1.13
2011.12.28 16:49:38.819,1.0097,1.00982,2.25,1.88
2011.12.28 16:49:39.352,1.00968,1.00982,2.63,1.13
2011.12.28 16:49:39.928,1.00972,1.00983,1.13,3.00
2011.12.28 16:49:40.459,1.00972,1.00984,1.13,3.00
2011.12.28 16:49:41.247,1.00968,1.00982,1.13,4.88
2011.12.28 16:49:41.815,1.00968,1.00981,1.13,1.50
2011.12.28 16:49:42.954,1.00968,1.00982,1.13,1.88
2011.12.28 16:49:44.825,1.00968,1.00981,1.13,1.50
2011.12.28 16:49:45.233,1.00968,1.00978,1.13,1.50
2011.12.28 16:49:45.305,1.00968,1.00981,1.13,2.25
2011.12.28 16:49:46.516,1.00973,1.00983,1.13,2.25
2011.12.28 16:49:47.038,1.00973,1.00983,1.13,3.75
2011.12.28 16:49:47.180,1.0097,1.0098,3.00,1.50
2011.12.28 16:49:47.734,1.00968,1.0098,1.88,1.50
2011.12.28 16:49:48.504,1.00968,1.00981,1.88,1.50
2011.12.28 16:49:52.023,1.00968,1.00982,3.38,1.88
2011.12.28 16:49:52.534,1.00968,1.00981,1.13,2.10
2011.12.28 16:49:53.103,1.00968,1.00981,1.88,2.10
2011.12.28 16:49:53.623,1.00968,1.00981,1.13,2.10
2011.12.28 16:49:57.738,1.00968,1.00981,1.13,2.25
2011.12.28 16:50:02.826,1.00968,1.00981,1.88,1.50
2011.12.28 16:50:03.364,1.00968,1.00982,3.38,1.88
2011.12.28 16:50:08.395,1.00968,1.00981,1.88,1.50
2011.12.28 16:50:12.275,1.00968,1.00981,3.00,1.50
2011.12.28 16:50:12.871,1.00977,1.00989,2.63,3.00
2011.12.28 16:50:12.965,1.00979,1.00993,1.50,1.88
2011.12.28 16:50:13.178,1.00979,1.00993,2.25,1.88
2011.12.28 16:50:13.251,1.00979,1.00993,4.13,1.88
2011.12.28 16:50:13.680,1.00979,1.00993,1.50,1.88
2011.12.28 16:50:14.037,1.00983,1.00995,2.25,1.13
2011.12.28 16:50:14.545,1.00989,1.00995,1.13,1.13
2011.12.28 16:50:14.705,1.00985,1.00995,1.20,1.13
2011.12.28 16:50:14.914,1.00987,1.00995,1.50,1.13
2011.12.28 16:50:15.115,1.00987,1.00998,1.50,1.13
2011.12.28 16:50:15.678,1.00987,1.00998,2.25,1.13
2011.12.28 16:50:16.127,1.00986,1.00996,1.50,1.50
2011.12.28 16:50:16.518,1.00986,1.00996,2.60,2.33
2011.12.28 16:50:16.603,1.00977,1.00987,1.88,1.13
2011.12.28 16:50:16.890,1.00974,1.00987,1.96,1.13
2011.12.28 16:50:19.446,1.00973,1.00987,2.34,3.38
2011.12.28 16:50:20.006,1.00973,1.00987,1.88,2.63
2011.12.28 16:50:20.533,1.00973,1.00987,1.88,3.38
2011.12.28 16:50:22.909,1.00973,1.00987,1.13,3.38
2011.12.28 16:50:22.987,1.00973,1.00984,1.13,1.50
2011.12.28 16:50:23.407,1.00973,1.00986,1.88,2.25
2011.12.28 16:50:24.233,1.00973,1.00986,1.88,2.63
2011.12.28 16:50:24.735,1.00973,1.00982,1.13,2.25
2011.12.28 16:50:25.605,1.00973,1.00982,1.13,2.25
2011.12.28 16:50:25.889,1.00973,1.00985,1.88,1.50
2011.12.28 16:50:28.119,1.00973,1.00983,1.88,1.50
2011.12.28 16:50:28.318,1.00973,1.00987,3.38,1.88
2011.12.28 16:50:28.865,1.00973,1.00987,3.38,1.88
2011.12.28 16:50:31.214,1.00973,1.00987,3.38,1.13
2011.12.28 16:50:34.534,1.00973,1.00987,3.38,1.88
2011.12.28 16:50:35.174,1.00973,1.00987,3.38,1.88
2011.12.28 16:50:35.504,1.00973,1.00983,1.88,1.50
2011.12.28 16:50:35.854,1.00973,1.00981,1.13,1.50
2011.12.28 16:50:36.117,1.00973,1.00984,1.88,1.50
2011.12.28 16:50:36.664,1.00973,1.00986,1.88,1.20
2011.12.28 16:50:37.943,1.00973,1.00986,1.88,1.20
2011.12.28 16:50:38.387,1.00973,1.00985,1.13,3.75
2011.12.28 16:50:38.750,1.00973,1.00982,1.13,1.50
2011.12.28 16:50:40.294,1.00973,1.00982,1.13,2.25
2011.12.28 16:50:40.564,1.00973,1.00982,1.13,2.25
2011.12.28 16:50:40.755,1.00969,1.00977,3.00,1.13
2011.12.28 16:50:40.897,1.00965,1.00976,1.50,1.50
2011.12.28 16:50:40.968,1.00963,1.00975,1.88,1.50
2011.12.28 16:50:41.376,1.00964,1.00977,1.50,1.13
2011.12.28 16:50:41.443,1.00964,1.00977,2.25,1.13
2011.12.28 16:50:41.788,1.00967,1.0098,1.88,1.50
2011.12.28 16:50:46.465,1.00968,1.00979,1.50,1.50
2011.12.28 16:50:47.073,1.00966,1.00981,1.88,2.25
2011.12.28 16:50:47.444,1.00969,1.00978,1.50,1.50
2011.12.28 16:50:47.974,1.00967,1.00977,1.50,1.13
2011.12.28 16:50:48.248,1.00968,1.0098,1.50,3.00
2011.12.28 16:50:48.468,1.00965,1.00977,2.25,1.13
2011.12.28 16:50:51.477,1.00965,1.00971,1.50,1.13
2011.12.28 16:50:51.986,1.00963,1.00971,2.25,1.13
2011.12.28 16:50:52.784,1.00963,1.00971,4.10,1.13
2011.12.28 16:50:53.286,1.00963,1.00971,1.50,1.13
2011.12.28 16:50:53.859,1.00962,1.00971,1.13,1.13
2011.12.28 16:50:54.214,1.0096,1.00971,1.15,1.13
2011.12.28 16:50:56.373,1.00958,1.00971,1.50,1.13
2011.12.28 16:50:56.565,1.00958,1.00971,1.50,1.13
2011.12.28 16:50:57.085,1.00959,1.00971,2.25,1.13
2011.12.28 16:50:57.593,1.00958,1.00971,1.50,1.13
2011.12.28 16:50:58.337,1.00957,1.00971,1.88,1.13
2011.12.28 16:51:03.292,1.00958,1.00971,1.50,1.88
2011.12.28 16:51:03.857,1.00958,1.00971,1.50,1.88
2011.12.28 16:51:06.543,1.00957,1.00969,1.88,1.50
2011.12.28 16:51:06.876,1.00954,1.00966,4.13,1.13
2011.12.28 16:51:09.535,1.00956,1.00966,3.00,1.13
2011.12.28 16:51:09.966,1.00958,1.00971,1.50,2.25
2011.12.28 16:51:11.178,1.00956,1.00971,5.22,1.50
2011.12.28 16:51:15.693,1.00956,1.00966,2.25,1.13
2011.12.28 16:51:16.344,1.00956,1.00966,3.00,1.13
2011.12.28 16:51:16.815,1.00955,1.00966,1.92,1.13
2011.12.28 16:51:17.259,1.00955,1.00966,2.25,1.13
2011.12.28 16:51:17.476,1.00957,1.00966,1.50,1.13
2011.12.28 16:51:17.684,1.00957,1.0097,2.25,2.25
2011.12.28 16:51:18.247,1.00958,1.0097,1.50,1.50
2011.12.28 16:51:21.602,1.00958,1.0097,1.50,2.25
2011.12.28 16:51:21.816,1.00957,1.00966,2.25,1.13
2011.12.28 16:51:22.441,1.00957,1.00966,1.50,1.13
2011.12.28 16:51:22.914,1.00956,1.00966,1.88,1.13
2011.12.28 16:51:23.541,1.00957,1.00966,1.50,1.13
2011.12.28 16:51:24.218,1.00954,1.00966,1.50,1.13
2011.12.28 16:51:29.343,1.00952,1.00966,1.88,1.13
2011.12.28 16:51:30.347,1.00953,1.00966,3.00,1.13
2011.12.28 16:51:31.094,1.00956,1.00966,1.50,1.13
2011.12.28 16:51:31.598,1.00955,1.00966,1.50,2.63
2011.12.28 16:51:32.089,1.00953,1.00962,1.50,1.50
2011.12.28 16:51:32.238,1.00952,1.00962,1.13,2.25
2011.12.28 16:51:32.314,1.0095,1.00958,2.25,1.50
2011.12.28 16:51:32.736,1.00947,1.00957,1.13,1.50
2011.12.28 16:51:32.955,1.00943,1.00955,1.50,1.50
2011.12.28 16:51:33.028,1.00943,1.00955,1.50,2.25
2011.12.28 16:51:34.513,1.00942,1.00956,3.38,1.88
2011.12.28 16:51:36.364,1.00942,1.00956,1.88,1.13
2011.12.28 16:51:36.893,1.00942,1.00955,1.88,1.50
2011.12.28 16:51:37.405,1.00942,1.00956,1.88,1.13
2011.12.28 16:51:40.474,1.00942,1.00954,1.88,1.50
2011.12.28 16:51:41.033,1.00942,1.00956,1.88,1.88
2011.12.28 16:51:43.235,1.00942,1.00954,1.88,1.50
2011.12.28 16:51:43.883,1.00942,1.00956,1.88,1.88
2011.12.28 16:51:47.101,1.00945,1.00956,1.50,1.13
2011.12.28 16:51:47.915,1.00947,1.00956,1.88,1.13
2011.12.28 16:51:48.188,1.00947,1.00961,3.38,4.13
2011.12.28 16:51:48.714,1.00947,1.00962,3.00,1.88
2011.12.28 16:51:49.328,1.00947,1.00959,1.50,1.50
2011.12.28 16:51:49.805,1.00947,1.00961,1.50,2.25
2011.12.28 16:51:50.503,1.00946,1.00957,3.38,1.50
2011.12.28 16:51:50.652,1.00947,1.00961,2.25,2.25
2011.12.28 16:51:51.159,1.00947,1.00962,1.50,3.38
2011.12.28 16:51:51.531,1.00947,1.00957,1.50,1.50
2011.12.28 16:51:51.747,1.00946,1.00957,1.88,1.50
2011.12.28 16:51:51.886,1.00946,1.00959,4.10,1.50
2011.12.28 16:51:52.017,1.00947,1.00962,2.63,3.38
2011.12.28 16:51:52.086,1.00946,1.00958,2.63,1.50
2011.12.28 16:51:52.154,1.00946,1.00958,1.88,1.50
2011.12.28 16:51:52.345,1.00946,1.00956,1.88,1.50
2011.12.28 16:51:52.864,1.00948,1.00957,1.50,1.13
2011.12.28 16:51:53.488,1.00944,1.00957,2.63,1.13
2011.12.28 16:51:53.558,1.00943,1.00957,3.00,2.63
2011.12.28 16:51:54.106,1.00941,1.00956,1.88,2.25
2011.12.28 16:52:06.863,1.00941,1.00957,3.38,1.88
2011.12.28 16:52:06.935,1.00947,1.00958,1.13,2.25
2011.12.28 16:52:07.576,1.00947,1.00958,1.13,1.13
2011.12.28 16:52:07.728,1.00942,1.00953,1.50,1.50
2011.12.28 16:52:08.274,1.00942,1.00952,1.13,2.25
2011.12.28 16:52:08.814,1.00942,1.00953,1.13,1.50
2011.12.28 16:52:09.953,1.00942,1.00953,1.13,2.25
2011.12.28 16:52:10.306,1.00942,1.00948,1.13,1.50
2011.12.28 16:52:10.450,1.0094,1.00949,2.25,1.13
2011.12.28 16:52:10.526,1.0094,1.00951,2.25,2.25
2011.12.28 16:52:10.599,1.00938,1.00951,3.00,1.88
2011.12.28 16:52:10.938,1.00941,1.0095,1.13,1.50
2011.12.28 16:52:23.695,1.00941,1.00951,1.13,2.25
2011.12.28 16:52:23.834,1.00941,1.00951,1.13,2.25
2011.12.28 16:52:23.904,1.00941,1.00951,1.13,2.25
2011.12.28 16:52:24.443,1.00941,1.00951,1.13,2.25
2011.12.28 16:52:26.678,1.00941,1.00951,1.13,2.25
2011.12.28 16:52:27.084,1.00941,1.00951,1.13,2.25
2011.12.28 16:52:30.403,1.00941,1.00951,1.13,2.25
2011.12.28 16:52:30.913,1.00941,1.00951,1.13,2.25
2011.12.28 16:52:33.977,1.00941,1.00952,1.13,2.25
2011.12.28 16:52:34.367,1.00944,1.00952,1.13,1.50
2011.12.28 16:52:34.437,1.00944,1.00955,1.13,1.50
2011.12.28 16:52:34.645,1.00949,1.00955,1.50,1.50
2011.12.28 16:52:34.859,1.00947,1.00958,2.63,1.50
2011.12.28 16:52:35.006,1.00947,1.00961,2.63,1.88
2011.12.28 16:52:35.739,1.00952,1.0096,1.13,1.50
2011.12.28 16:52:36.265,1.00952,1.00962,1.13,2.25
2011.12.28 16:52:36.814,1.00952,1.0096,1.13,1.50
2011.12.28 16:52:39.467,1.00952,1.00963,1.13,1.50
2011.12.28 16:52:39.869,1.00955,1.00966,2.25,2.63
2011.12.28 16:52:40.416,1.00957,1.00966,1.50,1.13
2011.12.28 16:52:40.918,1.00956,1.00966,1.50,1.13
2011.12.28 16:52:41.268,1.00953,1.00964,1.50,1.50
2011.12.28 16:52:41.477,1.00952,1.00964,1.88,1.50
2011.12.28 16:52:42.115,1.00952,1.00965,1.88,1.50
2011.12.28 16:52:42.936,1.00952,1.00965,1.88,1.50
2011.12.28 16:52:43.275,1.00952,1.00965,1.88,1.50
2011.12.28 16:52:53.784,1.00953,1.00966,1.50,1.88
2011.12.28 16:52:55.244,1.00954,1.00966,1.50,1.88
2011.12.28 16:52:55.734,1.00952,1.00966,4.13,1.88
2011.12.28 16:52:58.005,1.00952,1.00965,1.88,1.50
2011.12.28 16:52:58.311,1.00944,1.00954,3.00,2.25
2011.12.28 16:52:58.601,1.00942,1.00952,1.88,1.50
2011.12.28 16:52:59.101,1.00942,1.00952,1.13,2.25
2011.12.28 16:53:01.644,1.00942,1.00952,1.13,2.25
2011.12.28 16:53:02.812,1.00942,1.00952,1.13,2.25
2011.12.28 16:53:02.897,1.00942,1.00954,1.13,1.50
2011.12.28 16:53:03.453,1.00942,1.00955,1.13,1.50
2011.12.28 16:53:04.667,1.00942,1.00956,1.88,3.38
2011.12.28 16:53:14.485,1.00942,1.00955,1.88,1.50
2011.12.28 16:53:19.182,1.00942,1.00956,3.38,1.88
2011.12.28 16:53:23.683,1.00945,1.00956,1.13,1.13
2011.12.28 16:53:24.048,1.00947,1.00957,1.89,1.50
2011.12.28 16:53:24.346,1.00952,1.0096,1.13,1.50
2011.12.28 16:53:24.491,1.00956,1.00967,1.50,1.13
2011.12.28 16:53:24.777,1.00954,1.00967,1.88,1.88
2011.12.28 16:53:25.267,1.00954,1.00967,2.25,1.88
2011.12.28 16:53:25.828,1.00953,1.00966,2.63,2.25
2011.12.28 16:53:26.227,1.00951,1.00965,1.88,1.50
2011.12.28 16:53:26.305,1.00949,1.00961,1.50,1.13
2011.12.28 16:53:28.210,1.00951,1.00966,3.75,3.00
2011.12.28 16:53:32.346,1.00951,1.00966,3.38,3.00
2011.12.28 16:53:32.417,1.00951,1.00962,1.88,1.50
2011.12.28 16:53:32.774,1.00941,1.00952,2.25,2.63
2011.12.28 16:53:32.923,1.00939,1.00952,1.50,2.63
2011.12.28 16:53:33.143,1.00941,1.00954,1.13,3.75
2011.12.28 16:53:33.511,1.00941,1.00956,3.38,1.50
2011.12.28 16:53:34.065,1.00942,1.00957,2.25,2.63
2011.12.28 16:53:37.164,1.00946,1.00959,1.13,2.25
2011.12.28 16:53:37.437,1.00942,1.00957,2.25,1.88
2011.12.28 16:53:37.718,1.00947,1.00957,1.13,2.25
2011.12.28 16:53:38.884,1.00947,1.00957,1.50,2.25
2011.12.28 16:53:38.962,1.00948,1.00961,1.88,1.13
2011.12.28 16:53:39.043,1.00952,1.00963,1.13,1.50
2011.12.28 16:53:39.125,1.00952,1.00965,1.13,1.50
2011.12.28 16:53:39.337,1.00952,1.00966,2.63,3.38
2011.12.28 16:53:40.165,1.0095,1.00961,2.25,1.13
2011.12.28 16:53:40.385,1.00948,1.00961,4.50,1.13
2011.12.28 16:53:40.668,1.0095,1.00961,2.63,1.13
2011.12.28 16:53:40.882,1.00947,1.00961,3.00,3.75
2011.12.28 16:53:40.958,1.00947,1.00961,3.75,4.50
2011.12.28 16:53:41.314,1.0095,1.00961,2.25,1.13
2011.12.28 16:53:41.657,1.00953,1.00961,1.50,1.13
2011.12.28 16:53:42.068,1.0095,1.00961,2.25,1.13
2011.12.28 16:53:42.905,1.00952,1.00965,1.13,1.50
2011.12.28 16:53:42.976,1.00952,1.00966,1.13,2.78
2011.12.28 16:53:43.263,1.00948,1.0096,4.50,1.50
2011.12.28 16:53:43.343,1.00948,1.0096,2.25,1.50
2011.12.28 16:53:43.488,1.00946,1.00956,1.50,1.13
2011.12.28 16:53:43.563,1.00945,1.00956,2.25,1.13
2011.12.28 16:53:43.937,1.00942,1.00954,1.13,1.50
2011.12.28 16:53:44.144,1.00942,1.00956,1.88,2.63
2011.12.28 16:53:46.976,1.00947,1.00958,1.88,1.50
2011.12.28 16:53:47.119,1.00947,1.00961,3.38,1.88
2011.12.28 16:53:47.675,1.00947,1.00961,1.88,1.13
2011.12.28 16:53:48.507,1.00947,1.00961,1.13,1.88
2011.12.28 16:53:49.281,1.00947,1.00961,1.88,1.88
2011.12.28 16:53:49.846,1.00947,1.00961,3.75,1.88
2011.12.28 16:53:50.192,1.00952,1.00962,1.13,2.25
2011.12.28 16:53:50.414,1.00948,1.00962,2.25,3.38
2011.12.28 16:53:50.946,1.00946,1.00962,1.88,3.38
2011.12.28 16:53:51.874,1.00946,1.00962,1.88,3.38
2011.12.28 16:53:54.805,1.00946,1.00962,1.88,3.38
2011.12.28 16:53:54.878,1.00946,1.00962,1.88,3.38
2011.12.28 16:53:55.383,1.00946,1.00962,1.88,3.38
2011.12.28 16:53:56.034,1.00946,1.00962,1.88,3.38
2011.12.28 16:53:56.636,1.00946,1.00962,1.88,3.38
2011.12.28 16:53:57.014,1.00946,1.00962,1.88,3.38
2011.12.28 16:53:57.353,1.00946,1.00962,1.88,3.38
2011.12.28 16:53:57.613,1.00946,1.00962,1.88,3.38
2011.12.28 16:53:57.846,1.00946,1.00962,1.88,3.38
2011.12.28 16:53:58.002,1.00946,1.00962,1.88,3.38
2011.12.28 16:53:58.172,1.00946,1.00962,1.88,3.38
2011.12.28 16:53:58.242,1.00946,1.00962,1.88,3.38
2011.12.28 16:53:58.863,1.00946,1.00962,1.88,3.38
2011.12.28 16:53:58.932,1.00946,1.00962,1.88,3.38
2011.12.28 16:53:59.503,1.00946,1.00962,1.88,3.38
2011.12.28 16:53:59.625,1.00946,1.00962,1.88,3.38
2011.12.28 16:54:00.164,1.00946,1.00962,1.88,3.38
2011.12.28 16:54:01.361,1.00946,1.00962,1.88,3.38
2011.12.28 16:54:01.938,1.00946,1.00962,1.88,3.38
2011.12.28 16:54:08.958,1.00952,1.00962,1.13,2.25
2011.12.28 16:54:09.378,1.00947,1.00962,3.75,1.50
2011.12.28 16:54:09.576,1.00947,1.00962,3.38,1.50
2011.12.28 16:54:09.925,1.00952,1.00963,1.13,2.25
2011.12.28 16:54:10.268,1.00952,1.00963,1.13,2.25
2011.12.28 16:54:10.760,1.00949,1.00963,2.25,1.50
2011.12.28 16:54:10.846,1.00946,1.00963,3.38,1.50
2011.12.28 16:54:17.663,1.00951,1.00963,1.13,2.25
2011.12.28 16:54:19.854,1.00951,1.00963,1.13,2.25
2011.12.28 16:54:20.863,1.00951,1.00963,1.13,2.25
2011.12.28 16:54:21.258,1.00948,1.00963,2.25,1.50
2011.12.28 16:54:21.796,1.00947,1.00962,3.38,2.25
2011.12.28 16:54:27.924,1.00947,1.00961,2.63,1.88
2011.12.28 16:54:27.994,1.00947,1.00962,1.50,5.26
2011.12.28 16:54:28.347,1.00941,1.00953,1.58,1.50
2011.12.28 16:54:28.702,1.00952,1.00959,1.13,1.50
2011.12.28 16:54:28.779,1.00952,1.00964,3.38,2.25
2011.12.28 16:54:28.846,1.00955,1.00964,1.13,1.50
2011.12.28 16:54:29.240,1.00952,1.00962,1.50,3.01
2011.12.28 16:54:29.324,1.00952,1.00961,1.50,3.00
2011.12.28 16:54:29.398,1.00946,1.00961,3.75,4.50
2011.12.28 16:54:29.465,1.00947,1.00961,1.88,4.13
2011.12.28 16:54:29.819,1.00947,1.00961,1.88,1.88
2011.12.28 16:54:32.221,1.00946,1.00955,3.38,1.13
2011.12.28 16:54:32.579,1.00952,1.00956,1.13,1.50
2011.12.28 16:54:32.717,1.00949,1.00956,3.75,1.50
2011.12.28 16:54:32.862,1.00949,1.00959,1.50,3.00
2011.12.28 16:54:33.008,1.0095,1.00962,2.25,1.88
2011.12.28 16:54:33.288,1.00947,1.00962,3.00,1.88
2011.12.28 16:54:33.637,1.00947,1.00962,1.50,1.88
2011.12.28 16:54:34.329,1.00946,1.00962,4.13,1.13
2011.12.28 16:54:34.691,1.00942,1.00955,1.20,1.50
2011.12.28 16:54:34.914,1.00941,1.00955,1.95,2.25
2011.12.28 16:54:35.186,1.00945,1.00957,1.50,2.25
2011.12.28 16:54:35.537,1.00945,1.00955,1.50,3.00
2011.12.28 16:54:35.749,1.00941,1.00951,2.47,1.13
2011.12.28 16:54:36.386,1.00939,1.00951,2.25,1.13
2011.12.28 16:54:36.809,1.00938,1.00951,3.00,1.13
2011.12.28 16:54:36.959,1.00938,1.00951,4.50,1.13
2011.12.28 16:54:37.502,1.0094,1.00951,1.50,1.13
2011.12.28 16:54:37.580,1.00938,1.00951,1.50,1.13
2011.12.28 16:54:38.758,1.00938,1.00946,1.50,1.13
2011.12.28 16:54:39.117,1.00934,1.00945,1.50,1.58
2011.12.28 16:54:39.473,1.00931,1.00941,2.63,1.50
2011.12.28 16:54:39.955,1.00927,1.00941,1.50,1.50
2011.12.28 16:54:40.041,1.00931,1.00942,1.13,2.25
2011.12.28 16:54:40.400,1.00933,1.00947,1.50,3.38
2011.12.28 16:54:40.611,1.00934,1.00947,2.25,1.88
2011.12.28 16:54:40.895,1.00932,1.00947,2.25,1.88
2011.12.28 16:54:41.255,1.00931,1.00947,3.38,1.13
2011.12.28 16:54:41.874,1.00931,1.00947,3.38,1.13
2011.12.28 16:54:42.395,1.00931,1.00947,3.38,1.13
2011.12.28 16:54:47.686,1.00931,1.00946,3.38,2.25
2011.12.28 16:54:48.260,1.00931,1.00947,1.88,3.38
2011.12.28 16:54:50.913,1.00929,1.00944,4.50,1.50
2011.12.28 16:54:50.989,1.00929,1.00944,3.75,1.50
2011.12.28 16:54:51.364,1.00929,1.00944,4.50,2.25
2011.12.28 16:54:51.450,1.00931,1.00945,1.88,1.50
2011.12.28 16:54:56.079,1.00932,1.00946,2.25,1.50
2011.12.28 16:54:56.159,1.00932,1.00946,3.00,2.25
2011.12.28 16:54:56.592,1.0093,1.00944,1.13,2.63
2011.12.28 16:54:56.953,1.0093,1.00942,1.13,3.38
2011.12.28 16:54:57.292,1.00927,1.0094,1.50,3.00
2011.12.28 16:54:57.382,1.0092,1.00936,2.25,1.13
2011.12.28 16:54:57.528,1.0092,1.00936,1.88,1.13
2011.12.28 16:54:57.659,1.00919,1.00931,3.00,1.50
2011.12.28 16:54:57.739,1.00919,1.0093,2.25,2.63
2011.12.28 16:54:57.877,1.00916,1.0093,1.50,3.38
2011.12.28 16:54:58.019,1.00916,1.0093,2.25,3.38
2011.12.28 16:54:58.448,1.00914,1.00929,2.25,2.25
2011.12.28 16:54:58.589,1.00911,1.00926,1.58,3.38
2011.12.28 16:54:59.100,1.00908,1.00923,1.50,1.50
2011.12.28 16:54:59.184,1.00906,1.00923,4.50,2.25
2011.12.28 16:54:59.260,1.00906,1.00921,4.13,3.01
2011.12.28 16:54:59.478,1.00906,1.0092,1.88,1.13
2011.12.28 16:54:59.830,1.00906,1.0092,4.88,3.38
2011.12.28 16:54:59.978,1.00906,1.0092,3.38,4.13
2011.12.28 16:55:00.326,1.00905,1.00915,1.50,1.13
2011.12.28 16:55:01.344,1.0091,1.00919,1.88,3.00
2011.12.28 16:55:01.492,1.00908,1.00921,2.25,3.38
2011.12.28 16:55:01.569,1.00906,1.00921,2.25,3.38
2011.12.28 16:55:02.136,1.00905,1.00918,1.88,1.50
2011.12.28 16:55:02.654,1.00905,1.0092,1.88,2.25
2011.12.28 16:55:03.393,1.00905,1.00916,1.13,1.50
2011.12.28 16:55:03.926,1.00905,1.00918,1.13,2.25
2011.12.28 16:55:05.524,1.00905,1.00918,1.88,2.25
2011.12.28 16:55:06.499,1.00903,1.00916,1.13,1.13
2011.12.28 16:55:07.066,1.00901,1.00915,1.13,1.50
2011.12.28 16:55:08.126,1.009,1.00915,3.38,1.50
2011.12.28 16:55:08.199,1.009,1.00915,3.38,1.50
2011.12.28 16:55:08.638,1.00906,1.00916,1.50,1.13
2011.12.28 16:55:08.707,1.00902,1.00916,1.50,2.63
2011.12.28 16:55:08.917,1.00904,1.00916,1.50,2.63
2011.12.28 16:55:09.054,1.00901,1.00916,1.50,2.63
2011.12.28 16:55:10.694,1.00905,1.00916,1.13,1.50
2011.12.28 16:55:11.044,1.00905,1.0092,1.88,1.50
2011.12.28 16:55:12.401,1.00904,1.00916,2.25,3.38
2011.12.28 16:55:12.698,1.00901,1.0091,1.50,2.63
2011.12.28 16:55:12.772,1.00898,1.0091,2.25,2.63
2011.12.28 16:55:13.272,1.00898,1.00911,2.25,3.38
2011.12.28 16:55:13.857,1.00897,1.00911,1.50,2.63
2011.12.28 16:55:18.652,1.00896,1.00903,1.88,1.13
2011.12.28 16:55:18.870,1.00893,1.009,1.50,1.13
2011.12.28 16:55:19.088,1.0089,1.00902,2.63,1.50
2011.12.28 16:55:19.368,1.0089,1.00904,2.63,1.50
2011.12.28 16:55:19.916,1.0089,1.00904,3.38,1.50
2011.12.28 16:55:19.988,1.0089,1.00901,1.50,1.88
2011.12.28 16:55:20.559,1.00889,1.00901,2.25,1.88
2011.12.28 16:55:20.907,1.00889,1.00901,2.25,1.88
2011.12.28 16:55:21.185,1.00891,1.00904,1.88,1.50
2011.12.28 16:55:22.414,1.00891,1.00905,1.88,1.88
2011.12.28 16:55:23.327,1.00891,1.00905,1.88,2.63
2011.12.28 16:55:25.804,1.00891,1.00905,1.88,1.13
2011.12.28 16:55:25.876,1.00893,1.00906,1.13,1.50
2011.12.28 16:55:26.428,1.00891,1.00905,1.88,1.13
2011.12.28 16:55:26.966,1.00891,1.00903,1.13,1.50
2011.12.28 16:55:29.334,1.00891,1.00903,1.13,2.25
2011.12.28 16:55:29.605,1.00886,1.009,5.63,1.13
2011.12.28 16:55:30.254,1.00886,1.009,4.13,1.13
2011.12.28 16:55:30.857,1.00886,1.009,4.13,1.13
2011.12.28 16:55:31.415,1.00886,1.009,4.88,1.13
2011.12.28 16:55:32.935,1.00886,1.00896,1.50,1.13
2011.12.28 16:55:33.080,1.00883,1.00896,2.63,2.63
2011.12.28 16:55:33.694,1.00882,1.00896,2.10,3.38
2011.12.28 16:55:34.244,1.00882,1.00896,3.60,1.13
2011.12.28 16:55:37.167,1.00882,1.00896,3.60,2.63
2011.12.28 16:55:38.115,1.00882,1.00896,3.60,1.13
2011.12.28 16:55:38.396,1.00885,1.00896,1.13,1.13
2011.12.28 16:55:39.817,1.00882,1.00896,3.60,1.13
2011.12.28 16:55:41.914,1.00882,1.00896,3.60,1.88
2011.12.28 16:55:42.967,1.00882,1.00896,1.35,3.38
2011.12.28 16:55:43.528,1.00882,1.00893,1.13,2.25
2011.12.28 16:55:46.948,1.00878,1.00891,2.25,1.13
2011.12.28 16:55:47.019,1.00878,1.00891,2.25,2.63
2011.12.28 16:55:47.239,1.00877,1.00889,3.75,1.50
2011.12.28 16:55:47.605,1.00877,1.00892,1.88,5.63
2011.12.28 16:55:48.145,1.00876,1.0089,1.88,2.25
2011.12.28 16:55:48.361,1.00876,1.00888,1.13,1.50
2011.12.28 16:55:48.722,1.00866,1.00872,1.13,1.50
2011.12.28 16:55:48.797,1.00862,1.00872,1.50,1.50
2011.12.28 16:55:49.279,1.00858,1.00871,1.50,1.88
2011.12.28 16:55:49.681,1.00857,1.00871,2.63,3.38
2011.12.28 16:55:49.768,1.00862,1.00871,1.13,2.25
2011.12.28 16:55:49.978,1.00857,1.00871,1.88,3.38
2011.12.28 16:55:50.052,1.00857,1.00866,1.13,1.50
2011.12.28 16:55:50.612,1.00857,1.00868,1.13,1.50
2011.12.28 16:55:51.156,1.00857,1.00867,1.13,1.50
2011.12.28 16:55:51.366,1.00857,1.00869,1.13,2.25
2011.12.28 16:55:52.077,1.00857,1.00869,1.13,2.25
2011.12.28 16:55:52.144,1.00857,1.00869,1.13,2.25
2011.12.28 16:55:52.677,1.00862,1.0087,1.13,1.50
2011.12.28 16:55:52.746,1.00862,1.00871,1.13,2.25
2011.12.28 16:55:53.160,1.00862,1.00873,1.13,3.00
2011.12.28 16:55:53.309,1.00862,1.0087,1.13,1.50
2011.12.28 16:55:53.455,1.00857,1.00866,1.13,2.63
2011.12.28 16:55:53.529,1.00853,1.00866,1.13,2.63
2011.12.28 16:55:53.608,1.00851,1.00861,2.25,1.50
2011.12.28 16:55:53.676,1.0085,1.00861,1.88,1.50
2011.12.28 16:55:54.230,1.00854,1.00862,1.50,1.50
2011.12.28 16:55:54.588,1.00859,1.00867,2.25,1.13
2011.12.28 16:55:54.738,1.00859,1.0087,1.13,3.00
2011.12.28 16:55:54.880,1.00861,1.0087,1.13,1.50
2011.12.28 16:55:55.257,1.00854,1.00861,1.50,1.13
2011.12.28 16:55:55.340,1.00845,1.00854,1.85,1.50
2011.12.28 16:55:55.418,1.00844,1.00854,3.00,1.50
2011.12.28 16:55:55.489,1.00842,1.00852,1.13,1.50
2011.12.28 16:55:55.719,1.00838,1.00851,1.50,1.13
2011.12.28 16:55:56.212,1.00841,1.00852,1.13,4.13
2011.12.28 16:55:56.776,1.00833,1.00846,3.34,1.88
2011.12.28 16:55:57.740,1.00833,1.00846,1.50,1.88
2011.12.28 16:55:57.895,1.00832,1.00844,3.38,1.50
2011.12.28 16:55:58.300,1.00832,1.0084,1.13,1.50
2011.12.28 16:55:58.450,1.00832,1.00842,1.13,2.25
2011.12.28 16:56:00.677,1.00832,1.00844,1.13,2.25
2011.12.28 16:56:01.208,1.00832,1.00843,1.13,2.25
2011.12.28 16:56:03.894,1.00832,1.00843,1.13,2.25
2011.12.28 16:56:06.925,1.00832,1.00845,1.13,3.00
2011.12.28 16:56:07.479,1.00832,1.00846,1.50,4.88
2011.12.28 16:56:07.696,1.00834,1.00846,2.63,2.63
2011.12.28 16:56:08.238,1.00835,1.00846,1.88,1.88
2011.12.28 16:56:10.179,1.00835,1.00846,1.88,1.88
2011.12.28 16:56:12.008,1.00838,1.00851,2.25,2.93
2011.12.28 16:56:12.427,1.00842,1.00852,1.13,1.13
2011.12.28 16:56:12.995,1.00842,1.00853,1.13,2.25
2011.12.28 16:56:14.868,1.00842,1.00853,1.13,2.25
2011.12.28 16:56:15.385,1.00842,1.00853,1.13,2.25
2011.12.28 16:56:17.844,1.00842,1.00855,1.13,2.25
2011.12.28 16:56:17.921,1.00842,1.00856,3.38,2.63
2011.12.28 16:56:18.477,1.00842,1.00855,2.63,2.25
2011.12.28 16:56:18.878,1.00844,1.00855,1.13,1.50
2011.12.28 16:56:19.428,1.00847,1.00856,1.50,1.88
2011.12.28 16:56:19.960,1.00846,1.00859,1.88,4.05
2011.12.28 16:56:20.253,1.00849,1.0086,2.63,1.50
2011.12.28 16:56:20.541,1.00849,1.00862,1.50,1.13
2011.12.28 16:56:20.687,1.00849,1.00862,2.25,1.13
2011.12.28 16:56:20.977,1.00855,1.00866,1.13,1.43
2011.12.28 16:56:21.116,1.00855,1.00866,1.13,1.88
2011.12.28 16:56:22.181,1.00855,1.00866,1.13,1.13
2011.12.28 16:56:22.713,1.00856,1.00866,2.25,1.13
2011.12.28 16:56:23.849,1.00856,1.00866,2.25,1.13
2011.12.28 16:56:23.929,1.00854,1.00866,2.63,1.88
2011.12.28 16:56:24.083,1.00852,1.00862,1.13,1.88
2011.12.28 16:56:24.228,1.00846,1.00861,2.63,1.50
2011.12.28 16:56:24.306,1.00846,1.00858,2.63,1.50
2011.12.28 16:56:24.654,1.00846,1.00861,2.63,2.25
2011.12.28 16:56:25.015,1.00846,1.00856,1.88,1.50
2011.12.28 16:56:25.663,1.00846,1.00859,1.13,2.25
2011.12.28 16:56:26.198,1.00846,1.00859,1.88,2.25
2011.12.28 16:56:28.629,1.00847,1.00862,3.00,1.88
2011.12.28 16:56:28.710,1.0085,1.00862,1.50,1.88
2011.12.28 16:56:28.993,1.00848,1.00862,2.25,1.13
2011.12.28 16:56:29.268,1.00849,1.00862,1.13,1.13
2011.12.28 16:56:29.407,1.00851,1.00866,1.88,3.90
2011.12.28 16:56:30.165,1.00851,1.00866,1.88,3.15
2011.12.28 16:56:30.516,1.00851,1.00863,1.88,1.50
2011.12.28 16:56:30.657,1.00851,1.00866,1.88,2.25
2011.12.28 16:56:30.726,1.0085,1.00861,3.00,1.13
2011.12.28 16:56:31.133,1.00849,1.00861,1.50,1.13
2011.12.28 16:56:31.695,1.00849,1.00861,2.25,1.13
2011.12.28 16:56:38.134,1.0085,1.00856,2.25,1.13
2011.12.28 16:56:38.346,1.00848,1.00856,2.25,1.13
2011.12.28 16:56:39.835,1.00848,1.00856,2.25,1.13
2011.12.28 16:56:40.394,1.00847,1.00856,1.50,1.13
2011.12.28 16:56:40.608,1.00845,1.00856,1.50,1.13
2011.12.28 16:56:41.025,1.00846,1.00856,1.50,1.13
2011.12.28 16:56:41.504,1.00846,1.00856,1.50,1.13
2011.12.28 16:56:42.064,1.0085,1.00856,1.50,1.13
2011.12.28 16:56:42.210,1.0085,1.0086,2.25,3.30
2011.12.28 16:56:42.786,1.0085,1.00862,2.25,2.78
2011.12.28 16:56:42.874,1.00857,1.0087,1.13,3.75
2011.12.28 16:56:43.296,1.00857,1.00868,1.13,1.50
2011.12.28 16:56:43.368,1.00857,1.00871,2.63,3.38
2011.12.28 16:56:44.124,1.00857,1.00869,1.13,1.50
2011.12.28 16:56:45.495,1.00857,1.00869,1.13,2.25
2011.12.28 16:56:45.785,1.00854,1.00867,3.00,1.88
2011.12.28 16:56:46.148,1.00854,1.00866,1.50,1.65
2011.12.28 16:56:46.508,1.00849,1.00861,1.50,1.88
2011.12.28 16:56:47.256,1.00847,1.0086,3.38,1.50
2011.12.28 16:56:47.818,1.00847,1.00861,1.88,3.38
2011.12.28 16:56:49.987,1.00846,1.00856,1.50,1.13
2011.12.28 16:56:50.385,1.00843,1.00856,2.25,3.38
2011.12.28 16:56:50.892,1.00842,1.00854,1.13,2.25
2011.12.28 16:56:51.244,1.00842,1.00852,1.13,1.50
2011.12.28 16:56:51.317,1.00842,1.00854,1.13,3.00
2011.12.28 16:56:53.037,1.00842,1.00856,1.13,4.88
2011.12.28 16:56:53.234,1.00841,1.00852,2.25,1.13
2011.12.28 16:56:53.380,1.00839,1.00852,3.00,1.88
2011.12.28 16:56:54.939,1.00839,1.00852,3.00,1.88
2011.12.28 16:56:55.157,1.00837,1.00852,3.00,5.25
2011.12.28 16:56:55.663,1.00836,1.0085,3.38,2.25
2011.12.28 16:56:55.964,1.00837,1.00852,2.25,4.13
2011.12.28 16:56:57.552,1.00837,1.0085,1.50,1.50
2011.12.28 16:56:58.065,1.00836,1.0085,2.63,1.80
2011.12.28 16:56:58.582,1.00836,1.0085,2.63,1.80
2011.12.28 16:56:59.083,1.00837,1.00851,2.25,1.05
2011.12.28 16:56:59.592,1.00837,1.00852,2.25,4.95
2011.12.28 16:57:00.133,1.00837,1.00851,3.00,1.05
2011.12.28 16:57:00.555,1.00838,1.00852,1.88,2.63
2011.12.28 16:57:03.234,1.00838,1.00852,1.88,1.13
2011.12.28 16:57:03.902,1.00838,1.00852,1.88,1.13
2011.12.28 16:57:04.113,1.00838,1.00852,1.88,1.13
2011.12.28 16:57:04.362,1.00838,1.00852,1.88,1.13
2011.12.28 16:57:04.910,1.00838,1.00852,1.88,1.88
2011.12.28 16:57:06.095,1.00838,1.00852,1.88,2.63
2011.12.28 16:57:06.304,1.00838,1.00852,1.88,2.63
2011.12.28 16:57:06.536,1.00838,1.00852,1.13,2.63
2011.12.28 16:57:11.692,1.00836,1.0085,4.13,1.13
2011.12.28 16:57:12.274,1.00837,1.0085,1.50,1.13
2011.12.28 16:57:12.633,1.00837,1.0085,1.50,1.13
2011.12.28 16:57:13.325,1.00837,1.0085,1.50,1.13
2011.12.28 16:57:14.070,1.00837,1.0085,1.50,1.13
2011.12.28 16:57:14.544,1.00837,1.0085,1.50,1.13
2011.12.28 16:57:15.731,1.00837,1.00849,1.50,1.35
2011.12.28 16:57:16.097,1.0083,1.00841,1.88,1.50
2011.12.28 16:57:16.523,1.00828,1.00841,1.50,1.88
2011.12.28 16:57:17.248,1.00828,1.00841,1.50,1.13
2011.12.28 16:57:17.597,1.0083,1.00844,1.88,3.00
2011.12.28 16:57:17.738,1.0083,1.00843,1.13,1.13
2011.12.28 16:57:18.147,1.00829,1.0084,2.25,1.13
2011.12.28 16:57:18.813,1.00829,1.0084,2.25,1.13
2011.12.28 16:57:19.464,1.00829,1.0084,2.25,1.13
2011.12.28 16:57:19.536,1.0083,1.00844,1.88,1.50
2011.12.28 16:57:20.093,1.0083,1.00844,1.88,2.25
2011.12.28 16:57:20.623,1.0083,1.00842,1.88,2.25
2011.12.28 16:57:21.185,1.00828,1.00841,1.50,1.88
2011.12.28 16:57:21.468,1.00831,1.00845,1.88,4.13
2011.12.28 16:57:23.017,1.00831,1.00845,1.13,4.13
2011.12.28 16:57:23.229,1.00832,1.00845,1.50,2.63
2011.12.28 16:57:26.284,1.00835,1.00845,2.63,1.13
2011.12.28 16:57:26.615,1.00837,1.00845,1.50,1.13
2011.12.28 16:57:26.888,1.00836,1.00849,3.38,1.05
2011.12.28 16:57:26.963,1.00836,1.0085,4.13,1.13
2011.12.28 16:57:33.443,1.00836,1.00846,1.50,1.13
2011.12.28 16:57:33.584,1.00836,1.00846,1.13,1.13
2011.12.28 16:57:34.387,1.00837,1.00846,1.50,1.88
2011.12.28 16:57:35.145,1.00837,1.00849,3.00,1.05
2011.12.28 16:57:35.216,1.00837,1.0085,1.50,2.55
2011.12.28 16:57:35.355,1.00837,1.00851,1.50,2.63
2011.12.28 16:57:35.496,1.00837,1.00851,1.50,1.88
2011.12.28 16:57:39.438,1.00837,1.00851,1.50,4.13
2011.12.28 16:57:39.806,1.00836,1.00845,1.50,1.13
2011.12.28 16:57:39.948,1.00837,1.00848,1.50,2.25
2011.12.28 16:57:40.166,1.00836,1.00849,1.50,1.50
2011.12.28 16:57:41.336,1.00835,1.00849,1.88,2.63
2011.12.28 16:57:41.424,1.00835,1.00848,1.88,1.28
2011.12.28 16:57:41.779,1.00834,1.00841,1.50,1.88
2011.12.28 16:57:42.072,1.00827,1.0084,1.50,1.50
2011.12.28 16:57:42.288,1.00831,1.0084,1.13,1.50
2011.12.28 16:57:42.504,1.00828,1.0084,2.25,1.13
2011.12.28 16:57:43.240,1.00827,1.0084,1.50,2.63
2011.12.28 16:57:43.459,1.0083,1.00842,1.88,1.88
2011.12.28 16:57:44.028,1.0083,1.00845,1.13,2.25
2011.12.28 16:57:44.546,1.0083,1.00845,1.88,2.25
2011.12.28 16:57:45.192,1.00826,1.0084,3.38,2.63
2011.12.28 16:57:45.409,1.0083,1.00844,1.88,2.55
2011.12.28 16:57:46.074,1.0083,1.00844,1.13,3.75
2011.12.28 16:57:50.607,1.0083,1.00846,1.13,5.55
2011.12.28 16:57:51.319,1.0083,1.00846,1.88,4.50
2011.12.28 16:57:51.536,1.00831,1.00846,1.50,4.50
2011.12.28 16:57:52.086,1.00838,1.00847,2.25,3.00
2011.12.28 16:57:52.244,1.00845,1.0086,1.88,1.73
2011.12.28 16:57:52.388,1.00845,1.0086,1.88,1.73
2011.12.28 16:57:52.472,1.00849,1.00857,1.50,1.20
2011.12.28 16:57:52.617,1.00845,1.00857,1.50,1.13
2011.12.28 16:57:53.038,1.00846,1.00859,2.63,3.00
2011.12.28 16:57:53.597,1.00846,1.00861,1.88,2.25
2011.12.28 16:57:54.084,1.00846,1.00857,1.13,1.50
2011.12.28 16:57:55.482,1.00842,1.00851,2.63,1.13
2011.12.28 16:57:55.697,1.00847,1.00857,1.13,3.38
2011.12.28 16:57:56.201,1.00842,1.00857,2.63,2.40
2011.12.28 16:57:56.494,1.00842,1.00847,1.13,1.50
2011.12.28 16:57:56.576,1.00838,1.00848,1.50,1.13
2011.12.28 16:57:56.651,1.0084,1.00848,1.50,1.50
2011.12.28 16:57:56.868,1.00835,1.00847,1.50,1.88
2011.12.28 16:57:57.152,1.00835,1.00844,1.50,2.25
2011.12.28 16:57:57.766,1.00834,1.00841,1.50,1.13
2011.12.28 16:57:57.983,1.00831,1.00843,2.63,2.25
2011.12.28 16:57:58.058,1.00831,1.00843,1.88,2.25
2011.12.28 16:57:58.620,1.00831,1.00842,1.88,1.50
2011.12.28 16:57:58.769,1.00827,1.00841,6.38,1.13
2011.12.28 16:57:59.284,1.00827,1.00841,4.13,1.13
2011.12.28 16:58:00.416,1.00832,1.00842,1.13,1.50
2011.12.28 16:58:00.555,1.00832,1.00845,1.13,2.63
2011.12.28 16:58:00.626,1.00832,1.00846,1.13,2.63
2011.12.28 16:58:01.052,1.00834,1.00846,1.50,1.88
2011.12.28 16:58:01.417,1.00836,1.00849,1.88,3.00
2011.12.28 16:58:02.252,1.00836,1.0085,1.88,2.25
2011.12.28 16:58:02.755,1.00836,1.0085,1.88,2.25
2011.12.28 16:58:04.386,1.00836,1.00846,1.88,1.50
2011.12.28 16:58:06.045,1.00836,1.00849,3.38,1.50
2011.12.28 16:58:06.589,1.00837,1.00852,2.25,1.88
2011.12.28 16:58:07.984,1.00836,1.0085,1.88,2.25
2011.12.28 16:58:08.194,1.00836,1.00848,1.88,1.50
2011.12.28 16:58:08.548,1.00837,1.00848,1.88,1.50
2011.12.28 16:58:08.698,1.00837,1.00851,1.13,2.25
2011.12.28 16:58:08.770,1.00842,1.00853,1.13,1.50
2011.12.28 16:58:08.983,1.00837,1.00851,4.88,1.13
2011.12.28 16:58:09.511,1.00837,1.00851,3.38,1.88
2011.12.28 16:58:12.493,1.00837,1.0085,2.63,1.50
2011.12.28 16:58:14.526,1.00837,1.00849,1.13,1.50
2011.12.28 16:58:14.753,1.00832,1.00844,1.50,1.50
2011.12.28 16:58:14.970,1.00831,1.00842,1.88,1.50
2011.12.28 16:58:15.185,1.00831,1.00847,1.13,5.63
2011.12.28 16:58:16.358,1.00831,1.00846,3.38,2.25
2011.12.28 16:58:16.914,1.00833,1.00847,2.25,2.63
2011.12.28 16:58:17.621,1.00832,1.00847,2.25,3.38
2011.12.28 16:58:18.177,1.00836,1.00847,1.13,2.25
2011.12.28 16:58:18.713,1.00836,1.0085,1.13,2.25
2011.12.28 16:58:18.996,1.00833,1.00846,2.25,1.88
2011.12.28 16:58:19.535,1.00833,1.00846,2.25,1.88
2011.12.28 16:58:20.076,1.00833,1.00846,2.25,1.88
2011.12.28 16:58:20.974,1.00833,1.00846,2.25,1.13
2011.12.28 16:58:21.634,1.00833,1.00846,2.25,1.13
2011.12.28 16:58:22.023,1.00833,1.00846,2.25,1.13
2011.12.28 16:58:22.569,1.00833,1.00846,2.25,1.13
2011.12.28 16:58:22.931,1.00837,1.00847,1.13,1.50
2011.12.28 16:58:23.625,1.00837,1.00851,1.13,4.28
2011.12.28 16:58:23.705,1.0084,1.00851,1.50,1.88
2011.12.28 16:58:24.223,1.00839,1.00851,1.50,1.88
2011.12.28 16:58:25.215,1.00837,1.00851,3.38,1.88
2011.12.28 16:58:25.796,1.00837,1.00851,1.88,3.38
2011.12.28 16:58:26.404,1.00837,1.00851,1.88,3.38
2011.12.28 16:58:30.425,1.0084,1.00851,1.50,1.88
2011.12.28 16:58:30.780,1.00846,1.00856,1.50,1.13
2011.12.28 16:58:31.284,1.00847,1.00859,2.63,1.50
2011.12.28 16:58:31.833,1.00847,1.0086,2.63,1.50
2011.12.28 16:58:31.912,1.00847,1.0086,2.63,2.25
2011.12.28 16:58:33.975,1.00844,1.00856,4.13,1.13
2011.12.28 16:58:34.324,1.00844,1.00856,1.50,1.13
2011.12.28 16:58:34.397,1.00844,1.00856,1.50,1.13
2011.12.28 16:58:35.436,1.00847,1.00859,1.13,2.25
2011.12.28 16:58:35.718,1.00852,1.00859,1.13,1.50
2011.12.28 16:58:35.797,1.00853,1.00862,1.50,1.13
2011.12.28 16:58:35.936,1.00853,1.00861,1.50,1.88
2011.12.28 16:58:36.078,1.00853,1.00861,1.50,1.88
2011.12.28 16:58:36.157,1.00853,1.00861,1.50,1.88
2011.12.28 16:58:36.495,1.00847,1.0086,2.63,2.25
2011.12.28 16:58:36.906,1.00847,1.00857,1.13,1.50
2011.12.28 16:58:37.446,1.00848,1.00861,1.50,1.88
2011.12.28 16:58:37.576,1.0085,1.00861,1.50,1.88
2011.12.28 16:58:40.465,1.00847,1.00861,4.13,1.88
2011.12.28 16:58:41.017,1.00847,1.00861,1.13,1.88
2011.12.28 16:58:41.156,1.00849,1.00861,1.50,1.88
2011.12.28 16:58:41.494,1.00851,1.00861,1.50,1.88
2011.12.28 16:58:41.760,1.00849,1.00861,1.50,1.88
2011.12.28 16:58:42.384,1.00851,1.00861,1.50,1.88
2011.12.28 16:58:42.897,1.00851,1.00861,1.50,1.13
2011.12.28 16:58:43.643,1.00851,1.00864,2.63,1.50
2011.12.28 16:58:45.430,1.00855,1.00866,1.50,1.50
2011.12.28 16:58:45.514,1.00855,1.00866,1.50,1.88
2011.12.28 16:58:46.075,1.00855,1.00867,2.25,1.13
2011.12.28 16:58:46.216,1.00852,1.00867,3.75,1.88
2011.12.28 16:58:47.607,1.0086,1.00867,1.50,1.13
2011.12.28 16:58:48.084,1.00863,1.00871,2.25,1.50
2011.12.28 16:58:48.161,1.00863,1.00877,1.50,2.63
2011.12.28 16:58:48.240,1.00863,1.00871,1.50,1.88
2011.12.28 16:58:48.390,1.00859,1.00871,2.25,1.13
2011.12.28 16:58:48.473,1.00859,1.00866,2.25,1.13
2011.12.28 16:58:48.620,1.00858,1.00866,2.25,1.13
2011.12.28 16:58:48.976,1.00854,1.00866,3.00,1.13
2011.12.28 16:58:49.535,1.00853,1.00866,2.25,1.13
2011.12.28 16:58:55.234,1.00856,1.00866,2.25,1.13
2011.12.28 16:58:55.590,1.0086,1.00872,1.50,2.25
2011.12.28 16:58:55.738,1.0086,1.00866,1.50,1.13
2011.12.28 16:58:56.011,1.00861,1.00869,1.50,2.25
2011.12.28 16:58:56.090,1.00859,1.00871,2.25,1.13
2011.12.28 16:58:59.674,1.00857,1.00871,3.38,2.63
2011.12.28 16:58:59.748,1.00857,1.00866,2.25,1.13
2011.12.28 16:59:00.636,1.00855,1.00866,2.25,1.13
2011.12.28 16:59:06.596,1.00854,1.00866,2.25,1.13
2011.12.28 16:59:06.806,1.00854,1.00866,2.25,1.13
2011.12.28 16:59:08.441,1.00858,1.00866,1.50,1.13
2011.12.28 16:59:08.797,1.00862,1.00869,1.13,2.25
2011.12.28 16:59:08.875,1.00862,1.00873,1.13,2.25
2011.12.28 16:59:08.962,1.00862,1.00873,1.13,1.50
2011.12.28 16:59:09.395,1.00862,1.00876,2.25,1.13
2011.12.28 16:59:09.691,1.0087,1.00876,1.50,1.13
2011.12.28 16:59:09.843,1.00865,1.00874,2.25,1.13
2011.12.28 16:59:09.986,1.00867,1.00875,1.13,2.25
2011.12.28 16:59:10.197,1.00871,1.00884,1.13,1.50
2011.12.28 16:59:10.407,1.00869,1.00882,2.25,1.88
2011.12.28 16:59:10.479,1.00872,1.00882,1.50,1.88
2011.12.28 16:59:10.556,1.0087,1.00882,1.50,1.88
2011.12.28 16:59:11.201,1.00869,1.00882,1.50,1.88
2011.12.28 16:59:11.724,1.00874,1.00882,1.13,1.13
2011.12.28 16:59:11.804,1.00874,1.00886,2.63,2.25
2011.12.28 16:59:11.880,1.00874,1.00886,2.25,1.50
2011.12.28 16:59:12.435,1.00878,1.00887,1.50,1.88
2011.12.28 16:59:15.292,1.00878,1.00889,2.25,3.00
2011.12.28 16:59:15.437,1.00877,1.00891,1.13,1.88
2011.12.28 16:59:15.815,1.00876,1.00886,3.75,1.13
2011.12.28 16:59:16.098,1.00878,1.00892,1.50,3.00
2011.12.28 16:59:16.176,1.00878,1.00886,2.25,1.13
2011.12.28 16:59:16.450,1.00878,1.00886,1.50,1.13
2011.12.28 16:59:17.085,1.0088,1.00886,1.50,1.13
2011.12.28 16:59:17.370,1.00884,1.00895,1.50,1.50
2011.12.28 16:59:17.449,1.00884,1.00897,2.25,5.63
2011.12.28 16:59:17.596,1.00885,1.00897,2.25,4.88
2011.12.28 16:59:19.167,1.00888,1.00897,1.50,1.88
2011.12.28 16:59:21.221,1.00891,1.009,1.13,2.25
2011.12.28 16:59:21.366,1.00891,1.00903,1.88,1.13
2011.12.28 16:59:21.584,1.00889,1.00902,2.25,1.88
2011.12.28 16:59:21.727,1.00889,1.00902,2.25,1.13
2011.12.28 16:59:22.035,1.00889,1.00902,2.25,1.88
2011.12.28 16:59:22.125,1.00891,1.00906,1.13,2.25
2011.12.28 16:59:22.799,1.00891,1.00906,1.13,2.25
2011.12.28 16:59:23.635,1.00892,1.00907,1.50,3.38
2011.12.28 16:59:24.273,1.00891,1.00905,1.13,2.25
2011.12.28 16:59:26.707,1.0089,1.00901,3.00,1.13
2011.12.28 16:59:27.239,1.00891,1.00901,1.50,1.13
2011.12.28 16:59:42.067,1.00889,1.00901,3.00,1.13
2011.12.28 16:59:42.629,1.00889,1.00901,1.50,1.88
2011.12.28 16:59:42.970,1.00889,1.00897,1.50,1.13
2011.12.28 16:59:45.952,1.00889,1.00899,2.25,2.25
2011.12.28 16:59:46.025,1.00889,1.00901,1.50,1.13
2011.12.28 16:59:46.615,1.00892,1.00901,1.50,1.13
2011.12.28 16:59:46.928,1.00892,1.00907,1.50,3.75
2011.12.28 16:59:47.288,1.00899,1.00907,1.50,1.50
2011.12.28 16:59:47.508,1.00897,1.00907,2.25,1.13
2011.12.28 16:59:47.575,1.00893,1.00907,3.00,1.13
2011.12.28 16:59:48.126,1.00896,1.00907,1.50,1.13
2011.12.28 16:59:48.605,1.00893,1.00907,4.50,1.88
2011.12.28 16:59:49.194,1.00892,1.00906,1.50,1.50
2011.12.28 16:59:49.744,1.00892,1.00907,3.00,2.63
2011.12.28 16:59:55.848,1.00892,1.00907,3.00,1.13
2011.12.28 16:59:56.150,1.009,1.0091,1.50,2.25
2011.12.28 16:59:56.298,1.00901,1.00913,1.13,1.50
2011.12.28 16:59:56.373,1.00903,1.00915,1.50,3.00
2011.12.28 16:59:56.766,1.00911,1.00917,1.50,1.88
2011.12.28 16:59:57.958,1.00911,1.00919,1.50,3.00
2011.12.28 16:59:58.783,1.00909,1.00917,1.50,1.88
2011.12.28 16:59:59.378,1.00909,1.00919,1.50,3.00
2011.12.28 16:59:59.515,1.00911,1.00922,1.50,2.63
2011.12.28 16:59:59.726,1.00911,1.00918,1.50,1.13
