2010.01.20 18:00:00.493,0.90946,0.90964,0.78,2.30
2010.01.20 18:00:01.694,0.90941,0.90959,2.10,0.84
2010.01.20 18:00:02.696,0.90946,0.90963,2.00,1.90
2010.01.20 18:00:03.153,0.90941,0.90959,0.53,0.99
2010.01.20 18:00:03.624,0.90936,0.90954,1.40,1.60
2010.01.20 18:00:03.937,0.90941,0.90957,1.20,0.61
2010.01.20 18:00:07.073,0.90937,0.90949,1.70,0.95
2010.01.20 18:00:07.607,0.90931,0.90949,2.10,1.50
2010.01.20 18:00:12.738,0.90926,0.90944,0.81,0.74
2010.01.20 18:00:30.617,0.90911,0.90928,1.60,1.60
2010.01.20 18:00:39.316,0.90906,0.90923,0.71,1.30
2010.01.20 18:00:39.595,0.90907,0.90923,1.00,1.50
2010.01.20 18:00:39.852,0.90916,0.90927,1.80,2.10
2010.01.20 18:00:40.423,0.90913,0.90929,1.10,1.00
2010.01.20 18:00:40.677,0.90911,0.90928,1.60,2.30
2010.01.20 18:00:41.509,0.90913,0.90929,1.10,1.50
2010.01.20 18:00:42.938,0.90916,0.90933,1.20,2.20
2010.01.20 18:00:44.003,0.90913,0.90924,0.68,3.10
2010.01.20 18:00:44.440,0.90908,0.90923,1.40,1.80
2010.01.20 18:00:44.724,0.90906,0.90923,1.80,1.50
2010.01.20 18:00:44.825,0.90911,0.90927,0.91,0.98
2010.01.20 18:00:54.097,0.90904,0.90913,1.30,0.80
2010.01.20 18:00:54.550,0.90896,0.90913,0.96,1.30
2010.01.20 18:00:54.770,0.90891,0.90908,0.82,2.90
2010.01.20 18:00:56.842,0.90896,0.90909,2.80,2.80
2010.01.20 18:00:58.149,0.90891,0.90908,0.93,1.00
2010.01.20 18:01:00.765,0.90886,0.90903,1.50,1.80
2010.01.20 18:01:03.113,0.90887,0.90904,0.81,1.10
2010.01.20 18:01:03.726,0.90891,0.90908,0.78,1.10
2010.01.20 18:01:13.485,0.90896,0.90914,1.00,1.00
2010.01.20 18:01:15.174,0.90897,0.90914,1.20,1.40
2010.01.20 18:01:15.742,0.90901,0.90919,0.83,2.50
2010.01.20 18:01:18.963,0.90896,0.90914,1.60,1.00
2010.01.20 18:01:30.181,0.90892,0.90909,0.71,0.72
2010.01.20 18:01:30.530,0.90891,0.90909,0.87,0.90
2010.01.20 18:01:40.149,0.90886,0.90904,2.00,2.80
2010.01.20 18:01:42.133,0.90883,0.90899,1.80,1.90
2010.01.20 18:01:42.907,0.90881,0.90899,0.79,1.30
2010.01.20 18:02:05.015,0.90879,0.90894,0.82,2.40
2010.01.20 18:02:05.618,0.90876,0.90894,3.00,0.44
2010.01.20 18:02:05.673,0.90881,0.90896,0.60,0.77
2010.01.20 18:02:06.261,0.90878,0.90894,2.20,1.30
2010.01.20 18:02:06.824,0.90876,0.90894,2.20,1.30
2010.01.20 18:02:08.437,0.90878,0.90894,1.10,0.68
2010.01.20 18:02:08.901,0.90881,0.90899,1.30,1.20
2010.01.20 18:02:22.005,0.90869,0.90884,1.40,1.40
2010.01.20 18:02:22.548,0.90868,0.90884,0.79,2.00
2010.01.20 18:02:23.029,0.9087,0.90884,1.30,1.20
2010.01.20 18:02:23.353,0.90876,0.90884,0.78,1.50
2010.01.20 18:02:23.504,0.90881,0.90899,0.63,1.40
2010.01.20 18:02:23.945,0.90876,0.90894,1.30,0.99
2010.01.20 18:02:25.709,0.90871,0.90889,1.50,1.80
2010.01.20 18:02:35.297,0.90868,0.90884,0.83,0.84
2010.01.20 18:02:35.533,0.90866,0.90884,0.76,1.70
2010.01.20 18:02:35.979,0.90871,0.90887,1.50,0.82
2010.01.20 18:02:40.130,0.90873,0.90889,1.70,1.20
2010.01.20 18:02:40.299,0.90872,0.90889,1.60,1.40
2010.01.20 18:02:40.612,0.90881,0.90892,0.77,2.30
2010.01.20 18:02:40.953,0.90891,0.90902,1.00,2.50
2010.01.20 18:02:44.313,0.90887,0.90899,0.67,0.69
2010.01.20 18:02:44.341,0.90884,0.90899,0.80,1.50
2010.01.20 18:02:44.958,0.90883,0.90899,1.00,0.69
2010.01.20 18:02:49.116,0.90882,0.90899,0.41,0.69
2010.01.20 18:02:49.715,0.90881,0.90899,1.50,1.70
2010.01.20 18:02:54.364,0.90877,0.90894,1.70,1.20
2010.01.20 18:02:54.875,0.90876,0.90894,1.00,1.00
2010.01.20 18:02:58.095,0.90871,0.90889,2.40,1.60
2010.01.20 18:03:04.573,0.90873,0.90889,0.69,1.90
2010.01.20 18:03:05.172,0.90871,0.90889,1.10,0.69
2010.01.20 18:03:06.061,0.90873,0.90889,1.20,0.89
2010.01.20 18:03:06.286,0.90881,0.90897,1.80,1.70
2010.01.20 18:03:06.609,0.90883,0.90899,1.60,2.10
2010.01.20 18:03:06.882,0.90886,0.90904,2.00,1.60
2010.01.20 18:03:26.202,0.90887,0.90904,0.58,1.90
2010.01.20 18:03:27.273,0.90886,0.90904,1.30,0.60
2010.01.20 18:03:36.757,0.90888,0.90904,1.20,1.50
2010.01.20 18:03:37.155,0.90896,0.90912,1.60,1.40
2010.01.20 18:04:21.374,0.90897,0.90914,1.10,0.64
2010.01.20 18:04:22.687,0.90898,0.90914,3.10,2.40
2010.01.20 18:04:27.324,0.90901,0.90919,0.99,1.60
2010.01.20 18:04:27.607,0.90906,0.90922,0.51,0.75
2010.01.20 18:04:52.458,0.90901,0.90919,0.95,1.30
2010.01.20 18:04:58.981,0.90906,0.90923,1.60,2.80
2010.01.20 18:05:04.674,0.90901,0.90919,1.10,1.40
2010.01.20 18:05:14.075,0.90906,0.90923,1.80,0.74
2010.01.20 18:05:48.521,0.90901,0.90919,1.30,1.00
2010.01.20 18:06:01.453,0.90906,0.90924,0.78,1.20
2010.01.20 18:06:01.781,0.90901,0.90919,1.50,1.50
2010.01.20 18:06:04.006,0.90906,0.90921,1.10,2.10
2010.01.20 18:06:23.351,0.90901,0.90919,1.10,1.80
2010.01.20 18:06:53.040,0.90898,0.90914,1.90,1.40
2010.01.20 18:06:53.375,0.90896,0.90914,1.00,0.70
2010.01.20 18:06:53.995,0.90901,0.90916,1.20,1.60
2010.01.20 18:07:00.228,0.90896,0.90914,1.20,2.00
2010.01.20 18:07:03.386,0.90886,0.90904,0.94,3.50
2010.01.20 18:07:03.743,0.90891,0.90906,1.30,1.10
2010.01.20 18:07:05.299,0.90896,0.90912,0.85,1.30
2010.01.20 18:07:07.978,0.90891,0.90909,0.81,1.70
2010.01.20 18:07:27.070,0.90886,0.90904,0.80,1.10
2010.01.20 18:07:27.429,0.90876,0.90894,1.90,1.60
2010.01.20 18:07:27.645,0.90871,0.90889,1.90,2.70
2010.01.20 18:07:27.969,0.90876,0.90891,0.63,1.20
2010.01.20 18:07:56.717,0.90871,0.90889,0.75,2.10
2010.01.20 18:07:57.089,0.90867,0.90884,1.40,1.00
2010.01.20 18:07:57.673,0.90866,0.90884,1.40,1.60
2010.01.20 18:07:59.137,0.90867,0.90884,1.40,0.86
2010.01.20 18:08:01.438,0.90866,0.90884,0.59,1.60
2010.01.20 18:08:01.874,0.90867,0.90884,0.80,1.90
2010.01.20 18:08:05.225,0.90862,0.90879,1.30,1.10
2010.01.20 18:08:07.159,0.90861,0.90879,1.20,1.90
2010.01.20 18:08:29.972,0.90866,0.90882,1.30,1.50
2010.01.20 18:09:32.016,0.90867,0.90884,1.80,1.20
2010.01.20 18:09:32.871,0.90871,0.90889,2.00,1.70
2010.01.20 18:09:33.350,0.90876,0.90894,1.20,1.30
2010.01.20 18:09:34.328,0.90881,0.90899,0.67,2.10
2010.01.20 18:09:35.395,0.90876,0.90894,1.10,2.50
2010.01.20 18:10:05.851,0.90881,0.90892,1.30,0.49
2010.01.20 18:10:50.518,0.90876,0.90894,1.60,0.81
2010.01.20 18:10:51.284,0.90881,0.90896,0.73,2.30
2010.01.20 18:10:53.824,0.90876,0.90894,0.88,1.50
2010.01.20 18:10:57.188,0.90866,0.90881,2.10,1.70
2010.01.20 18:10:57.486,0.90862,0.90879,2.50,0.70
2010.01.20 18:10:57.788,0.90861,0.90879,1.60,1.60
2010.01.20 18:11:12.588,0.90856,0.90874,1.70,1.80
2010.01.20 18:11:23.293,0.90848,0.90864,0.68,1.80
2010.01.20 18:11:23.347,0.90846,0.90864,0.87,0.96
2010.01.20 18:11:23.883,0.90856,0.90866,1.50,1.10
2010.01.20 18:11:26.497,0.90851,0.90869,1.30,2.10
2010.01.20 18:12:02.016,0.90852,0.90869,1.20,1.30
2010.01.20 18:12:02.487,0.90857,0.90869,2.90,1.10
2010.01.20 18:12:02.610,0.90861,0.90879,1.50,1.10
2010.01.20 18:12:02.975,0.90871,0.90881,1.60,0.73
2010.01.20 18:13:09.885,0.90866,0.90884,1.70,1.80
2010.01.20 18:13:10.343,0.90867,0.90884,3.00,2.20
2010.01.20 18:13:10.797,0.90871,0.90889,1.30,1.30
2010.01.20 18:13:28.318,0.90863,0.90874,1.70,1.10
2010.01.20 18:13:28.553,0.90858,0.90874,1.20,0.80
2010.01.20 18:13:28.683,0.90856,0.90874,1.00,0.91
2010.01.20 18:13:29.603,0.90851,0.90869,1.90,1.00
2010.01.20 18:13:36.055,0.90853,0.90869,1.70,2.80
2010.01.20 18:13:36.260,0.90854,0.90869,1.70,1.40
2010.01.20 18:13:36.656,0.90861,0.90877,1.00,1.60
2010.01.20 18:13:36.899,0.90866,0.90881,1.20,1.50
2010.01.20 18:13:39.644,0.90861,0.90879,1.30,1.40
2010.01.20 18:13:40.442,0.90866,0.90882,1.10,0.51
2010.01.20 18:13:43.268,0.90871,0.90884,1.70,1.60
2010.01.20 18:13:59.916,0.90866,0.90884,2.30,2.30
2010.01.20 18:14:04.144,0.90861,0.90879,1.60,0.88
2010.01.20 18:14:50.400,0.90864,0.90879,1.40,1.30
2010.01.20 18:14:50.687,0.90871,0.90889,0.80,1.70
2010.01.20 18:15:02.027,0.90858,0.90874,2.40,1.40
2010.01.20 18:15:02.266,0.90856,0.90874,0.87,1.30
2010.01.20 18:15:02.427,0.90853,0.90869,0.83,0.72
2010.01.20 18:15:02.637,0.90851,0.90869,1.00,1.90
2010.01.20 18:15:02.900,0.90856,0.90873,1.00,1.40
2010.01.20 18:15:13.033,0.90861,0.90877,1.40,0.62
2010.01.20 18:15:15.038,0.90857,0.90874,0.90,1.20
2010.01.20 18:15:15.606,0.90856,0.90874,0.76,0.74
2010.01.20 18:15:34.352,0.90853,0.90869,0.97,0.73
2010.01.20 18:15:34.510,0.90851,0.90869,1.20,2.00
2010.01.20 18:15:38.280,0.90852,0.90869,0.79,0.81
2010.01.20 18:15:38.477,0.90856,0.90873,1.10,2.30
2010.01.20 18:15:38.975,0.90826,0.90844,0.74,1.40
2010.01.20 18:15:39.122,0.90821,0.90839,2.10,1.30
2010.01.20 18:15:39.602,0.90826,0.90844,1.00,2.10
2010.01.20 18:15:40.403,0.90821,0.90838,1.30,1.20
2010.01.20 18:15:40.734,0.90816,0.90834,1.10,0.73
2010.01.20 18:15:41.064,0.90821,0.90839,1.60,0.56
2010.01.20 18:15:41.756,0.90816,0.90834,0.81,1.30
2010.01.20 18:15:43.000,0.90821,0.90839,1.40,0.90
2010.01.20 18:15:43.630,0.90826,0.90844,2.70,2.80
2010.01.20 18:15:43.741,0.90831,0.90845,1.10,2.50
2010.01.20 18:15:47.485,0.90833,0.90849,0.78,3.80
2010.01.20 18:15:47.719,0.90836,0.90851,1.10,1.40
2010.01.20 18:16:05.067,0.90833,0.90849,1.10,0.97
2010.01.20 18:16:05.262,0.90831,0.90849,1.20,2.40
2010.01.20 18:16:05.555,0.90833,0.90849,0.88,1.10
2010.01.20 18:16:05.780,0.90836,0.90852,0.76,1.50
2010.01.20 18:16:10.136,0.90831,0.90834,1.00,2.40
2010.01.20 18:16:10.299,0.90818,0.90834,2.00,2.80
2010.01.20 18:16:10.574,0.9082,0.90834,1.40,1.60
2010.01.20 18:16:10.766,0.90824,0.90834,3.30,0.66
2010.01.20 18:16:10.844,0.90831,0.90845,1.70,1.20
2010.01.20 18:16:12.069,0.90827,0.90834,0.76,1.90
2010.01.20 18:16:12.286,0.90818,0.90834,0.56,0.93
2010.01.20 18:16:12.634,0.90824,0.90834,1.20,2.10
2010.01.20 18:16:12.890,0.90831,0.90848,1.90,0.77
2010.01.20 18:16:13.195,0.90816,0.90834,1.30,1.90
2010.01.20 18:16:13.580,0.90813,0.90829,1.00,1.90
2010.01.20 18:16:13.983,0.90816,0.90834,0.84,1.30
2010.01.20 18:16:14.475,0.90813,0.90829,0.62,2.00
2010.01.20 18:16:14.556,0.90821,0.90837,3.10,1.90
2010.01.20 18:16:15.225,0.90822,0.90839,0.68,0.94
2010.01.20 18:16:15.563,0.90823,0.90839,1.90,0.94
2010.01.20 18:16:15.811,0.90813,0.90829,1.50,1.70
2010.01.20 18:16:17.443,0.90811,0.90826,1.80,0.91
2010.01.20 18:16:17.820,0.90808,0.90824,0.67,3.00
2010.01.20 18:16:18.558,0.90813,0.90824,1.50,1.40
2010.01.20 18:16:19.947,0.90816,0.90834,0.92,1.80
2010.01.20 18:16:27.327,0.90813,0.90829,1.30,0.96
2010.01.20 18:16:28.048,0.90811,0.90829,2.10,1.30
2010.01.20 18:16:43.104,0.90812,0.90829,0.60,1.00
2010.01.20 18:16:48.677,0.90811,0.90829,2.90,1.50
2010.01.20 18:17:09.602,0.90809,0.90824,3.40,1.70
2010.01.20 18:17:15.301,0.90806,0.90824,1.70,1.00
2010.01.20 18:17:15.554,0.90803,0.90819,0.78,2.30
2010.01.20 18:17:18.670,0.90798,0.90814,1.40,1.50
2010.01.20 18:17:19.275,0.90801,0.90818,2.50,0.92
2010.01.20 18:17:19.661,0.90803,0.90819,1.30,0.93
2010.01.20 18:17:21.093,0.90801,0.90819,0.83,0.77
2010.01.20 18:17:21.393,0.90806,0.90824,1.30,1.20
2010.01.20 18:17:21.470,0.90803,0.90814,4.70,1.20
2010.01.20 18:17:21.674,0.90801,0.90819,1.30,1.80
2010.01.20 18:17:21.974,0.90802,0.90819,1.10,0.61
2010.01.20 18:17:22.256,0.90801,0.90819,1.20,1.40
2010.01.20 18:17:22.929,0.90806,0.90823,2.30,2.20
2010.01.20 18:17:25.268,0.90809,0.90824,2.30,1.20
2010.01.20 18:17:25.857,0.90811,0.90829,2.70,2.00
2010.01.20 18:17:29.313,0.9081,0.90824,1.40,2.00
2010.01.20 18:17:29.552,0.90806,0.90824,2.00,1.40
2010.01.20 18:17:32.036,0.90801,0.90814,1.10,1.40
2010.01.20 18:17:32.444,0.90796,0.90814,1.20,1.10
2010.01.20 18:17:32.615,0.90801,0.90819,1.40,1.30
2010.01.20 18:17:32.840,0.90796,0.90814,2.60,1.10
2010.01.20 18:17:34.290,0.90793,0.90809,2.30,0.51
2010.01.20 18:17:35.236,0.90796,0.90814,1.50,1.10
2010.01.20 18:17:35.615,0.90798,0.90814,0.90,1.80
2010.01.20 18:17:35.982,0.90801,0.90819,1.90,1.90
2010.01.20 18:17:38.140,0.90803,0.90819,1.20,0.91
2010.01.20 18:17:38.688,0.90806,0.90824,1.90,1.70
2010.01.20 18:17:48.137,0.90803,0.90819,1.40,2.50
2010.01.20 18:17:48.541,0.90801,0.90819,0.50,1.20
2010.01.20 18:17:49.240,0.90803,0.90819,0.55,1.20
2010.01.20 18:17:49.601,0.90806,0.90824,1.30,0.94
2010.01.20 18:18:41.030,0.90808,0.90824,1.30,1.40
2010.01.20 18:18:46.575,0.90806,0.90824,1.00,2.70
2010.01.20 18:19:03.090,0.90811,0.90827,0.86,1.70
2010.01.20 18:19:11.324,0.90813,0.90829,1.50,2.90
2010.01.20 18:19:11.764,0.90816,0.90834,1.70,1.10
2010.01.20 18:19:13.800,0.90806,0.90824,1.50,0.94
2010.01.20 18:19:15.351,0.90807,0.90824,1.90,0.74
2010.01.20 18:19:15.984,0.90811,0.90829,1.10,0.95
2010.01.20 18:19:34.788,0.90813,0.90829,0.88,1.20
2010.01.20 18:19:36.016,0.90816,0.90834,1.60,0.72
2010.01.20 18:19:36.395,0.90817,0.90834,1.70,1.60
2010.01.20 18:19:36.676,0.90816,0.90834,1.00,0.79
2010.01.20 18:19:49.172,0.90817,0.90834,0.87,2.00
2010.01.20 18:19:49.747,0.90821,0.90839,0.88,1.50
2010.01.20 18:19:53.414,0.90816,0.90834,1.00,1.20
2010.01.20 18:19:56.124,0.90823,0.90834,0.78,1.00
2010.01.20 18:19:56.541,0.90826,0.90842,1.90,1.70
2010.01.20 18:19:57.101,0.90823,0.90834,2.10,2.20
2010.01.20 18:19:57.465,0.90818,0.90834,1.20,1.10
2010.01.20 18:19:57.845,0.90816,0.90834,1.60,1.70
2010.01.20 18:20:00.228,0.90817,0.90834,0.80,1.50
2010.01.20 18:20:00.596,0.90821,0.90839,2.00,1.80
2010.01.20 18:20:01.814,0.90816,0.90834,1.10,1.40
2010.01.20 18:20:03.403,0.90817,0.90834,0.87,0.69
2010.01.20 18:20:03.845,0.90816,0.90834,2.30,2.80
2010.01.20 18:20:04.446,0.90818,0.90834,1.00,2.40
2010.01.20 18:20:04.943,0.90816,0.90834,0.51,0.83
2010.01.20 18:20:05.279,0.90817,0.90834,2.00,1.40
2010.01.20 18:20:07.010,0.90818,0.90834,1.40,0.83
2010.01.20 18:20:07.555,0.90821,0.90839,0.97,1.60
2010.01.20 18:20:12.756,0.90831,0.90842,0.88,2.10
2010.01.20 18:20:15.566,0.90836,0.90851,1.30,1.60
2010.01.20 18:20:20.633,0.90831,0.90849,1.20,2.10
2010.01.20 18:20:21.543,0.90836,0.90852,2.30,1.70
2010.01.20 18:20:30.801,0.90831,0.90849,1.10,1.30
2010.01.20 18:21:27.327,0.90836,0.90851,2.00,1.40
2010.01.20 18:21:28.114,0.90846,0.90853,1.80,1.40
2010.01.20 18:21:28.310,0.90839,0.90849,1.90,0.74
2010.01.20 18:21:28.436,0.90838,0.90849,0.70,2.80
2010.01.20 18:21:28.681,0.90831,0.90849,1.10,1.70
2010.01.20 18:21:28.981,0.90836,0.90853,1.10,1.30
2010.01.20 18:21:57.018,0.90831,0.90849,2.20,1.00
2010.01.20 18:21:58.051,0.90836,0.90852,2.00,1.80
2010.01.20 18:22:05.564,0.90831,0.90849,0.89,1.20
2010.01.20 18:22:18.012,0.90836,0.90851,1.10,2.60
2010.01.20 18:22:32.806,0.90831,0.90849,1.00,1.60
2010.01.20 18:22:38.115,0.90836,0.90851,1.90,1.70
2010.01.20 18:22:57.340,0.90831,0.90849,0.78,2.20
2010.01.20 18:23:24.167,0.90833,0.90849,1.30,0.66
2010.01.20 18:23:24.956,0.90836,0.90854,0.99,0.89
2010.01.20 18:23:25.600,0.90831,0.90849,1.90,1.80
2010.01.20 18:24:25.255,0.90826,0.90844,1.20,2.50
2010.01.20 18:24:39.212,0.90821,0.90839,0.89,1.70
2010.01.20 18:24:39.458,0.90818,0.90834,1.10,0.97
2010.01.20 18:24:39.705,0.90816,0.90834,1.10,2.00
2010.01.20 18:24:49.220,0.90818,0.90834,1.30,1.80
2010.01.20 18:24:55.588,0.90816,0.90834,1.80,1.40
2010.01.20 18:24:56.520,0.90818,0.90834,1.20,2.90
2010.01.20 18:24:58.938,0.90816,0.90834,1.60,2.30
2010.01.20 18:25:09.015,0.90817,0.90834,1.40,1.00
2010.01.20 18:25:23.702,0.90816,0.90834,0.90,1.80
2010.01.20 18:25:27.221,0.90817,0.90834,0.78,0.61
2010.01.20 18:25:29.059,0.90819,0.90834,1.20,1.60
2010.01.20 18:25:29.556,0.90821,0.90839,1.10,1.20
2010.01.20 18:25:29.698,0.90822,0.90839,2.80,1.80
2010.01.20 18:25:30.057,0.90821,0.90839,1.50,1.70
2010.01.20 18:25:30.547,0.90823,0.90839,1.10,2.30
2010.01.20 18:25:31.366,0.90826,0.90844,2.00,0.73
2010.01.20 18:25:43.930,0.90827,0.90844,1.00,0.93
2010.01.20 18:25:53.688,0.90826,0.90844,0.87,1.00
2010.01.20 18:25:59.245,0.90827,0.90844,1.60,1.50
2010.01.20 18:26:07.440,0.90831,0.90849,0.58,0.55
2010.01.20 18:26:43.135,0.90826,0.90844,0.85,1.50
2010.01.20 18:26:48.224,0.90817,0.90834,1.20,1.60
2010.01.20 18:26:48.981,0.90816,0.90834,2.00,0.79
2010.01.20 18:27:12.003,0.90821,0.90837,1.40,2.90
2010.01.20 18:27:16.929,0.90826,0.90843,2.00,2.50
2010.01.20 18:27:19.260,0.90828,0.90844,0.94,1.50
2010.01.20 18:27:20.155,0.90826,0.90844,1.60,0.95
2010.01.20 18:27:20.705,0.90828,0.90844,0.81,2.40
2010.01.20 18:27:21.710,0.90826,0.90844,1.50,1.00
2010.01.20 18:27:22.806,0.90828,0.90844,2.30,2.20
2010.01.20 18:27:35.742,0.90826,0.90844,1.20,0.87
2010.01.20 18:27:39.474,0.90828,0.90844,0.93,1.40
2010.01.20 18:27:40.264,0.90826,0.90844,1.60,2.40
2010.01.20 18:27:42.134,0.90828,0.90844,0.55,2.40
2010.01.20 18:27:42.431,0.90826,0.90844,1.20,1.50
2010.01.20 18:27:42.648,0.90828,0.90844,1.10,1.20
2010.01.20 18:27:42.896,0.90831,0.90849,2.60,3.30
2010.01.20 18:27:44.163,0.90833,0.90849,0.84,0.80
2010.01.20 18:27:44.914,0.90831,0.90849,0.87,2.00
2010.01.20 18:28:00.234,0.90826,0.90844,1.30,1.50
2010.01.20 18:28:01.324,0.90821,0.90839,1.70,1.80
2010.01.20 18:29:08.278,0.90823,0.90839,1.50,1.50
2010.01.20 18:29:10.069,0.90821,0.90839,0.73,2.80
2010.01.20 18:29:16.404,0.90824,0.90839,2.00,0.82
2010.01.20 18:29:16.804,0.90831,0.90849,1.40,1.10
2010.01.20 18:29:31.267,0.90833,0.90849,1.20,1.40
2010.01.20 18:29:31.580,0.90836,0.90854,1.10,1.20
2010.01.20 18:29:48.258,0.90831,0.90849,2.00,1.60
2010.01.20 18:29:48.559,0.90826,0.90844,0.80,0.83
2010.01.20 18:29:48.840,0.90831,0.90847,0.97,2.60
2010.01.20 18:29:54.466,0.90836,0.90851,0.68,1.10
2010.01.20 18:29:55.169,0.90822,0.90842,0.75,0.66
2010.01.20 18:29:55.485,0.90828,0.90848,1.20,1.00
2010.01.20 18:29:55.949,0.90831,0.90849,0.73,0.94
2010.01.20 18:30:00.195,0.90828,0.90844,0.50,1.70
2010.01.20 18:30:00.802,0.90826,0.90844,2.60,2.10
2010.01.20 18:30:02.151,0.90821,0.90839,1.40,0.73
2010.01.20 18:30:02.526,0.9082,0.90834,0.87,0.74
2010.01.20 18:30:02.709,0.90816,0.90834,1.70,1.60
2010.01.20 18:30:07.150,0.90818,0.90834,1.00,2.00
2010.01.20 18:30:07.697,0.90821,0.90839,3.90,3.30
2010.01.20 18:30:12.040,0.90818,0.90834,2.20,0.74
2010.01.20 18:30:12.598,0.90816,0.90834,0.86,1.20
2010.01.20 18:30:12.981,0.90818,0.90834,2.30,1.40
2010.01.20 18:30:19.065,0.90816,0.90834,2.80,0.77
2010.01.20 18:30:23.165,0.90826,0.90836,1.30,1.50
2010.01.20 18:30:23.432,0.90823,0.90834,1.50,1.10
2010.01.20 18:30:23.707,0.90818,0.90834,1.00,1.50
2010.01.20 18:30:25.481,0.90816,0.90834,1.70,0.69
2010.01.20 18:30:29.484,0.90811,0.90829,1.60,1.40
2010.01.20 18:30:35.187,0.90816,0.90834,0.83,1.80
2010.01.20 18:30:41.113,0.90817,0.90834,1.30,1.20
2010.01.20 18:30:42.980,0.90816,0.90834,1.10,1.70
2010.01.20 18:30:57.431,0.90811,0.90829,0.82,0.66
2010.01.20 18:31:00.202,0.90808,0.90824,1.20,0.72
2010.01.20 18:31:00.531,0.90806,0.90824,0.61,1.30
2010.01.20 18:31:00.820,0.90811,0.90826,1.70,1.60
2010.01.20 18:31:04.067,0.90802,0.90819,1.60,1.90
2010.01.20 18:31:04.349,0.90801,0.90819,0.67,3.50
2010.01.20 18:31:04.510,0.90807,0.90819,1.90,1.20
2010.01.20 18:31:04.755,0.90811,0.90828,2.60,0.79
2010.01.20 18:31:20.105,0.90816,0.90834,2.60,2.00
2010.01.20 18:31:49.326,0.90806,0.90824,1.60,1.40
2010.01.20 18:32:02.099,0.9081,0.90824,1.80,0.93
2010.01.20 18:32:02.193,0.90813,0.90824,1.00,2.70
2010.01.20 18:32:02.398,0.90815,0.90824,0.52,1.50
2010.01.20 18:32:02.428,0.90826,0.90837,1.40,1.20
2010.01.20 18:32:02.664,0.90823,0.90829,1.70,2.40
2010.01.20 18:32:02.806,0.90811,0.90829,0.71,1.70
2010.01.20 18:32:02.898,0.9081,0.90824,1.50,0.67
2010.01.20 18:32:03.782,0.90806,0.90824,1.20,1.30
2010.01.20 18:32:04.021,0.90807,0.90824,0.54,0.98
2010.01.20 18:32:04.561,0.90811,0.90829,3.00,0.68
2010.01.20 18:32:25.113,0.90813,0.90829,1.40,1.40
2010.01.20 18:32:25.253,0.90815,0.90829,2.10,1.10
2010.01.20 18:32:25.520,0.90818,0.90829,0.94,1.30
2010.01.20 18:32:25.839,0.90826,0.90836,1.10,1.60
2010.01.20 18:32:27.280,0.90831,0.90849,1.60,0.54
2010.01.20 18:32:52.025,0.90826,0.90844,0.65,1.30
2010.01.20 18:33:00.941,0.90831,0.90847,1.10,1.30
2010.01.20 18:33:12.141,0.90833,0.90849,2.70,1.30
2010.01.20 18:33:12.690,0.90831,0.90849,1.30,1.20
2010.01.20 18:33:32.290,0.90833,0.90849,0.90,0.85
2010.01.20 18:33:32.804,0.90836,0.90854,0.87,0.82
2010.01.20 18:33:33.136,0.90833,0.90844,0.96,1.40
2010.01.20 18:33:33.296,0.90828,0.90844,1.30,1.00
2010.01.20 18:33:33.577,0.90826,0.90844,0.68,1.80
2010.01.20 18:33:33.955,0.90831,0.90847,0.87,1.70
2010.01.20 18:33:37.151,0.90836,0.90852,0.84,1.80
2010.01.20 18:33:37.855,0.90831,0.90849,2.20,1.10
2010.01.20 18:33:40.299,0.90833,0.90849,1.40,0.89
2010.01.20 18:33:40.527,0.90836,0.90854,2.00,1.80
2010.01.20 18:33:43.052,0.90831,0.90849,1.50,1.50
2010.01.20 18:33:57.385,0.90827,0.90844,0.71,0.55
2010.01.20 18:33:57.707,0.90826,0.90844,1.40,1.80
2010.01.20 18:33:58.163,0.90831,0.90847,2.10,1.10
2010.01.20 18:33:59.390,0.90833,0.90849,0.81,1.10
2010.01.20 18:33:59.733,0.90831,0.90849,0.98,0.68
2010.01.20 18:34:00.565,0.90833,0.90849,0.56,1.90
2010.01.20 18:34:02.225,0.90831,0.90849,1.70,1.00
2010.01.20 18:34:02.611,0.90836,0.90851,1.60,0.75
2010.01.20 18:34:04.321,0.90831,0.90849,1.30,1.70
2010.01.20 18:34:04.736,0.90836,0.90852,1.40,1.30
2010.01.20 18:34:10.507,0.90831,0.90849,0.57,1.10
2010.01.20 18:34:12.224,0.90836,0.90852,2.40,0.88
2010.01.20 18:34:15.180,0.90837,0.90854,0.77,2.40
2010.01.20 18:34:15.236,0.90838,0.90854,1.30,2.40
2010.01.20 18:34:15.458,0.90839,0.90854,1.10,1.60
2010.01.20 18:34:15.764,0.90846,0.90862,1.70,2.70
2010.01.20 18:34:15.920,0.90851,0.90866,2.70,0.62
2010.01.20 18:34:16.858,0.90846,0.90863,1.20,2.90
2010.01.20 18:34:18.532,0.90851,0.90868,0.69,1.30
2010.01.20 18:34:24.430,0.90856,0.90868,1.60,1.80
2010.01.20 18:34:24.593,0.90851,0.90869,2.00,1.90
2010.01.20 18:34:32.801,0.90856,0.90873,2.00,1.40
2010.01.20 18:34:33.414,0.90846,0.90864,0.78,2.40
2010.01.20 18:34:33.516,0.90851,0.90867,1.30,0.89
2010.01.20 18:34:34.009,0.90856,0.90873,1.50,1.80
2010.01.20 18:34:34.949,0.90851,0.90868,1.70,3.00
2010.01.20 18:34:35.644,0.90856,0.9087,1.50,1.50
2010.01.20 18:34:38.655,0.90861,0.90878,1.80,2.60
2010.01.20 18:34:44.237,0.90866,0.90883,0.88,2.10
2010.01.20 18:34:46.006,0.90868,0.90884,2.30,1.00
2010.01.20 18:34:46.629,0.90869,0.90884,1.10,1.20
2010.01.20 18:34:46.817,0.90876,0.90892,3.30,1.50
2010.01.20 18:34:47.324,0.90881,0.90896,1.40,1.80
2010.01.20 18:34:47.505,0.90873,0.90889,1.40,1.50
2010.01.20 18:34:47.729,0.90871,0.90888,0.59,3.30
2010.01.20 18:34:52.426,0.90866,0.90884,1.10,0.83
2010.01.20 18:34:53.982,0.90871,0.90887,1.00,0.86
2010.01.20 18:34:55.123,0.90876,0.90891,1.00,1.20
2010.01.20 18:34:55.578,0.90873,0.90889,0.69,1.40
2010.01.20 18:34:55.753,0.90871,0.90889,2.70,1.80
2010.01.20 18:35:00.476,0.90866,0.90884,0.58,1.50
2010.01.20 18:35:00.801,0.90861,0.90879,1.20,1.70
2010.01.20 18:35:07.966,0.90856,0.90874,1.00,1.60
2010.01.20 18:35:18.184,0.90851,0.90869,3.50,1.60
2010.01.20 18:35:18.449,0.90848,0.90864,1.40,1.40
2010.01.20 18:35:18.513,0.90846,0.90864,1.60,3.40
2010.01.20 18:35:18.955,0.90851,0.90867,1.30,0.94
2010.01.20 18:35:21.140,0.90853,0.90869,0.81,1.10
2010.01.20 18:35:21.314,0.90855,0.90869,1.80,1.30
2010.01.20 18:35:21.672,0.90866,0.90877,1.20,2.50
2010.01.20 18:35:21.859,0.90867,0.90884,1.10,1.70
2010.01.20 18:35:22.833,0.90866,0.90883,0.68,1.30
2010.01.20 18:35:25.937,0.90861,0.90879,2.30,1.90
2010.01.20 18:36:06.170,0.90866,0.90882,1.50,1.50
2010.01.20 18:36:06.545,0.90869,0.90884,1.40,0.65
2010.01.20 18:36:06.761,0.90876,0.90889,3.10,3.10
2010.01.20 18:36:07.394,0.90881,0.90889,1.70,1.40
2010.01.20 18:36:16.260,0.90876,0.90893,0.78,1.30
2010.01.20 18:36:18.717,0.90871,0.90889,1.20,0.59
2010.01.20 18:36:20.176,0.90868,0.90884,1.00,0.77
2010.01.20 18:36:23.161,0.90873,0.90884,0.70,0.84
2010.01.20 18:36:23.997,0.90876,0.90893,1.20,0.98
2010.01.20 18:36:24.286,0.90878,0.90894,1.20,2.20
2010.01.20 18:36:24.972,0.90886,0.90897,1.90,4.50
2010.01.20 18:36:25.369,0.90881,0.90899,1.40,0.76
2010.01.20 18:36:31.456,0.90878,0.90894,1.40,0.88
2010.01.20 18:36:31.614,0.90876,0.90894,1.40,0.66
2010.01.20 18:36:34.982,0.90871,0.90889,2.10,0.85
2010.01.20 18:36:36.571,0.90876,0.90894,1.50,0.55
2010.01.20 18:36:38.476,0.90881,0.90898,0.89,0.84
2010.01.20 18:36:39.185,0.90876,0.90894,0.26,0.75
2010.01.20 18:36:40.246,0.90881,0.90898,2.10,1.90
2010.01.20 18:36:48.038,0.90876,0.90894,2.20,1.50
2010.01.20 18:36:51.730,0.90871,0.90889,1.30,1.90
2010.01.20 18:37:03.944,0.90876,0.90892,0.78,2.70
2010.01.20 18:37:04.246,0.90873,0.90889,0.78,2.10
2010.01.20 18:37:04.753,0.90871,0.90889,0.55,1.50
2010.01.20 18:37:05.132,0.90866,0.90884,1.30,0.88
2010.01.20 18:37:05.354,0.90868,0.90884,1.00,1.60
2010.01.20 18:37:05.860,0.90871,0.90889,0.88,0.71
2010.01.20 18:37:17.198,0.90868,0.90884,1.70,0.53
2010.01.20 18:37:21.267,0.90867,0.90884,1.50,1.10
2010.01.20 18:37:21.957,0.90866,0.90884,1.30,1.20
2010.01.20 18:37:27.213,0.90872,0.90884,1.60,1.90
2010.01.20 18:37:27.535,0.90876,0.90893,0.58,2.40
2010.01.20 18:37:27.970,0.90868,0.90879,0.86,0.67
2010.01.20 18:37:28.044,0.90866,0.90884,0.48,1.90
2010.01.20 18:37:28.887,0.90863,0.90879,1.60,1.60
2010.01.20 18:37:30.393,0.90861,0.90879,1.40,1.50
2010.01.20 18:37:31.018,0.90854,0.90864,2.40,1.60
2010.01.20 18:37:31.217,0.90859,0.90864,1.50,1.20
2010.01.20 18:37:31.520,0.90848,0.90864,0.75,1.70
2010.01.20 18:37:31.632,0.90846,0.90864,0.87,1.50
2010.01.20 18:37:31.938,0.90851,0.90867,0.91,0.97
2010.01.20 18:37:34.220,0.90839,0.90854,1.10,1.30
2010.01.20 18:37:34.320,0.90836,0.90854,0.83,1.30
2010.01.20 18:37:34.662,0.90832,0.90849,2.00,1.10
2010.01.20 18:37:34.790,0.90831,0.90849,0.90,1.10
2010.01.20 18:37:36.074,0.90828,0.90844,0.75,0.62
2010.01.20 18:37:37.915,0.90826,0.90844,2.40,1.80
2010.01.20 18:37:38.041,0.90825,0.90834,1.60,1.60
2010.01.20 18:37:38.259,0.90818,0.90834,0.65,1.30
2010.01.20 18:37:38.569,0.90816,0.90834,0.40,1.90
2010.01.20 18:37:38.838,0.90811,0.90829,1.60,5.50
2010.01.20 18:37:39.279,0.90813,0.90829,1.20,1.30
2010.01.20 18:37:39.505,0.90817,0.90829,1.20,1.90
2010.01.20 18:37:39.743,0.90818,0.90834,0.85,1.00
2010.01.20 18:37:40.344,0.90821,0.90839,1.30,0.55
2010.01.20 18:37:42.055,0.90818,0.90834,1.10,0.88
2010.01.20 18:37:43.114,0.90821,0.90839,1.30,1.20
2010.01.20 18:37:43.358,0.90823,0.90839,1.30,1.50
2010.01.20 18:37:43.594,0.90826,0.90844,1.10,1.20
2010.01.20 18:37:43.770,0.90821,0.90834,2.20,1.60
2010.01.20 18:37:43.951,0.90818,0.90834,0.74,2.80
2010.01.20 18:37:44.225,0.90819,0.90834,0.84,2.00
2010.01.20 18:37:44.585,0.90821,0.90839,0.66,2.10
2010.01.20 18:37:47.302,0.90826,0.90843,1.10,1.20
2010.01.20 18:37:47.467,0.90821,0.90839,1.40,2.10
2010.01.20 18:37:47.731,0.90826,0.90843,1.00,2.20
2010.01.20 18:37:48.265,0.90819,0.90834,1.80,1.20
2010.01.20 18:37:48.581,0.90816,0.90834,1.10,1.10
2010.01.20 18:37:48.868,0.90813,0.90829,1.80,2.60
2010.01.20 18:37:49.480,0.90816,0.90834,2.00,2.10
2010.01.20 18:37:51.103,0.90818,0.90834,1.30,0.89
2010.01.20 18:37:51.965,0.90821,0.90839,0.92,2.90
2010.01.20 18:37:54.166,0.90818,0.90824,0.84,2.50
2010.01.20 18:37:54.200,0.9081,0.90824,1.20,2.40
2010.01.20 18:37:54.517,0.90813,0.90824,0.98,1.80
2010.01.20 18:37:54.605,0.90818,0.90824,2.30,0.83
2010.01.20 18:37:54.849,0.90821,0.90833,1.20,0.89
2010.01.20 18:37:55.182,0.90818,0.90834,1.40,0.70
2010.01.20 18:37:56.049,0.90819,0.90834,0.42,2.10
2010.01.20 18:37:56.305,0.90828,0.90834,1.70,1.20
2010.01.20 18:37:56.583,0.90836,0.9084,1.50,1.20
2010.01.20 18:37:56.869,0.90828,0.90839,3.30,1.50
2010.01.20 18:37:57.364,0.90821,0.90839,0.98,1.40
2010.01.20 18:37:57.825,0.90826,0.90843,1.40,1.50
2010.01.20 18:37:58.958,0.90816,0.90834,0.50,0.77
2010.01.20 18:37:59.154,0.90813,0.90829,1.50,0.53
2010.01.20 18:38:01.374,0.90818,0.90829,0.88,2.50
2010.01.20 18:38:06.108,0.90821,0.90839,1.50,0.55
2010.01.20 18:38:09.948,0.90819,0.90834,1.40,0.79
2010.01.20 18:38:11.222,0.90816,0.90832,1.50,0.99
2010.01.20 18:38:11.640,0.90808,0.90824,1.60,1.70
2010.01.20 18:38:11.957,0.90806,0.90824,1.00,0.69
2010.01.20 18:38:14.247,0.90808,0.90824,1.40,1.60
2010.01.20 18:38:14.648,0.90809,0.90824,2.50,0.76
2010.01.20 18:38:14.949,0.90821,0.90833,1.10,2.60
2010.01.20 18:38:16.244,0.90799,0.90814,0.75,0.78
2010.01.20 18:38:16.480,0.90793,0.90808,1.50,1.00
2010.01.20 18:38:16.572,0.90796,0.90808,1.10,1.50
2010.01.20 18:38:16.772,0.90798,0.90808,1.20,2.10
2010.01.20 18:38:18.332,0.90799,0.90814,2.00,0.54
2010.01.20 18:38:18.628,0.90803,0.90814,1.10,1.20
2010.01.20 18:38:18.965,0.90806,0.90824,0.96,1.80
2010.01.20 18:38:20.298,0.90813,0.90824,0.95,1.10
2010.01.20 18:38:21.064,0.90816,0.90833,0.99,1.40
2010.01.20 18:38:23.105,0.90809,0.90824,1.30,1.70
2010.01.20 18:38:23.736,0.90806,0.90824,1.10,1.60
2010.01.20 18:38:24.107,0.90799,0.90809,1.60,1.10
2010.01.20 18:38:25.465,0.90793,0.90809,1.50,0.73
2010.01.20 18:38:25.896,0.90796,0.90814,1.00,1.70
2010.01.20 18:38:26.741,0.90798,0.90814,0.79,1.40
2010.01.20 18:38:28.040,0.90796,0.90814,1.30,0.82
2010.01.20 18:38:28.206,0.90795,0.90804,1.20,2.20
2010.01.20 18:38:28.508,0.90789,0.90804,1.40,0.87
2010.01.20 18:38:28.604,0.90786,0.90804,2.20,1.30
2010.01.20 18:38:28.982,0.90783,0.90799,1.20,1.80
2010.01.20 18:38:29.244,0.90784,0.90799,1.00,1.10
2010.01.20 18:38:29.661,0.90788,0.90799,1.20,1.90
2010.01.20 18:38:29.713,0.90791,0.90809,1.70,1.30
2010.01.20 18:38:30.705,0.90781,0.90799,1.20,0.91
2010.01.20 18:38:32.093,0.90783,0.90799,0.85,1.60
2010.01.20 18:38:32.793,0.90786,0.90803,0.94,2.10
2010.01.20 18:38:34.869,0.90778,0.90794,1.20,1.50
2010.01.20 18:38:35.107,0.90781,0.90799,1.90,1.10
2010.01.20 18:38:35.476,0.90783,0.90799,1.40,3.30
2010.01.20 18:38:35.909,0.90786,0.90804,0.51,1.40
2010.01.20 18:38:36.445,0.90791,0.90806,0.42,1.10
2010.01.20 18:38:37.374,0.90787,0.90804,0.87,1.50
2010.01.20 18:38:37.874,0.90788,0.90804,0.76,1.10
2010.01.20 18:38:38.267,0.90786,0.90802,1.10,1.80
2010.01.20 18:38:38.605,0.90778,0.90794,0.86,1.60
2010.01.20 18:38:38.781,0.90776,0.90794,0.69,0.98
2010.01.20 18:38:39.125,0.90777,0.90794,1.10,2.00
2010.01.20 18:38:40.513,0.90776,0.90794,1.20,0.80
2010.01.20 18:38:43.460,0.90778,0.90794,1.10,2.10
2010.01.20 18:38:45.585,0.90776,0.90794,1.10,1.20
2010.01.20 18:38:47.088,0.90777,0.90794,1.60,0.44
2010.01.20 18:38:47.749,0.90781,0.90799,1.90,0.82
2010.01.20 18:38:48.561,0.90786,0.90803,1.30,1.90
2010.01.20 18:38:49.116,0.90796,0.90806,1.50,0.97
2010.01.20 18:38:49.532,0.90783,0.90799,1.20,0.66
2010.01.20 18:38:49.907,0.90786,0.90804,1.80,0.77
2010.01.20 18:38:50.045,0.90784,0.90794,1.30,3.30
2010.01.20 18:38:50.528,0.90778,0.90794,0.98,1.70
2010.01.20 18:38:50.837,0.90791,0.90798,0.64,1.80
2010.01.20 18:38:51.026,0.90787,0.90804,1.60,0.69
2010.01.20 18:38:51.477,0.90786,0.90804,0.80,0.83
2010.01.20 18:38:51.656,0.90788,0.90804,1.40,1.20
2010.01.20 18:38:51.969,0.90791,0.90809,0.69,0.74
2010.01.20 18:38:53.896,0.90779,0.90794,3.10,1.70
2010.01.20 18:38:55.569,0.90771,0.90789,1.50,0.43
2010.01.20 18:38:56.697,0.90766,0.90784,1.60,2.20
2010.01.20 18:38:57.981,0.90776,0.90787,1.50,1.50
2010.01.20 18:39:00.485,0.90781,0.90793,1.20,1.10
2010.01.20 18:39:02.409,0.90776,0.90794,1.10,1.40
2010.01.20 18:39:17.439,0.90773,0.90784,1.30,0.45
2010.01.20 18:39:17.649,0.90768,0.90784,1.40,1.60
2010.01.20 18:39:18.870,0.90766,0.90784,1.20,2.30
2010.01.20 18:39:20.114,0.90771,0.90787,1.10,2.50
2010.01.20 18:39:22.626,0.90776,0.90793,0.72,1.90
2010.01.20 18:39:23.305,0.90781,0.90797,1.80,1.40
2010.01.20 18:39:27.791,0.90786,0.90804,2.20,1.20
2010.01.20 18:39:29.524,0.90781,0.90799,1.40,0.62
2010.01.20 18:39:31.587,0.90783,0.90799,1.20,0.98
2010.01.20 18:39:32.004,0.90786,0.90804,0.84,1.40
2010.01.20 18:39:35.955,0.90791,0.90807,1.40,1.80
2010.01.20 18:39:40.240,0.90796,0.90808,0.99,1.70
2010.01.20 18:39:40.392,0.90788,0.90804,0.76,1.80
2010.01.20 18:39:40.516,0.90786,0.90804,1.10,1.40
2010.01.20 18:39:40.772,0.90791,0.90807,0.91,1.40
2010.01.20 18:39:51.088,0.90793,0.90809,0.71,4.10
2010.01.20 18:39:52.791,0.90791,0.90809,1.30,0.63
2010.01.20 18:40:14.250,0.90796,0.90813,1.10,1.30
2010.01.20 18:40:40.598,0.90791,0.90809,2.30,1.50
2010.01.20 18:40:50.457,0.90796,0.90812,0.93,2.20
2010.01.20 18:40:53.319,0.90791,0.90809,1.30,1.00
2010.01.20 18:40:56.053,0.90796,0.90811,1.50,0.93
2010.01.20 18:41:03.121,0.90806,0.90812,1.20,2.30
2010.01.20 18:41:03.281,0.90799,0.90809,1.90,0.61
2010.01.20 18:41:03.516,0.90798,0.90809,0.82,0.77
2010.01.20 18:41:03.716,0.90791,0.90809,0.92,0.86
2010.01.20 18:41:03.923,0.90796,0.90813,0.61,2.20
2010.01.20 18:41:08.067,0.90781,0.90794,0.75,1.90
2010.01.20 18:41:08.555,0.90776,0.90794,1.90,1.80
2010.01.20 18:41:08.672,0.90781,0.90798,1.40,1.20
2010.01.20 18:41:10.620,0.90782,0.90799,0.76,0.70
2010.01.20 18:41:13.186,0.90781,0.90799,1.30,1.30
2010.01.20 18:41:14.221,0.90782,0.90799,0.84,0.68
2010.01.20 18:41:14.530,0.90781,0.90799,0.67,0.85
2010.01.20 18:41:14.749,0.90782,0.90799,1.20,2.20
2010.01.20 18:41:21.263,0.90781,0.90799,2.30,2.20
2010.01.20 18:41:21.952,0.90778,0.90794,3.10,1.20
2010.01.20 18:41:22.057,0.90783,0.90794,1.20,1.40
2010.01.20 18:41:22.680,0.90786,0.90804,1.80,0.61
2010.01.20 18:41:27.027,0.90788,0.90804,1.00,0.82
2010.01.20 18:41:27.274,0.90789,0.90804,1.20,1.80
2010.01.20 18:41:27.655,0.90793,0.90804,0.47,1.20
2010.01.20 18:41:27.756,0.90796,0.90814,1.20,1.10
2010.01.20 18:41:28.485,0.90801,0.90817,1.80,0.88
2010.01.20 18:41:34.944,0.90796,0.90814,2.20,1.80
2010.01.20 18:41:36.182,0.90801,0.90818,1.40,0.75
2010.01.20 18:41:38.027,0.90796,0.90809,1.30,0.58
2010.01.20 18:41:38.357,0.90786,0.90799,0.52,2.10
2010.01.20 18:41:38.493,0.90784,0.90799,0.97,1.10
2010.01.20 18:41:38.609,0.90783,0.90799,0.77,1.60
2010.01.20 18:41:38.966,0.90776,0.90794,1.60,0.99
2010.01.20 18:41:47.548,0.90779,0.90794,1.70,1.60
2010.01.20 18:41:52.682,0.90776,0.90794,1.30,1.30
2010.01.20 18:41:53.234,0.90778,0.90794,1.50,0.85
2010.01.20 18:41:54.527,0.90776,0.90794,0.98,1.90
2010.01.20 18:42:01.254,0.90778,0.90794,1.70,1.20
2010.01.20 18:42:01.650,0.90776,0.90794,0.90,0.93
2010.01.20 18:42:07.275,0.90775,0.90784,1.30,1.70
2010.01.20 18:42:07.806,0.90769,0.90784,0.93,0.42
2010.01.20 18:42:08.167,0.90775,0.90784,0.96,1.60
2010.01.20 18:42:08.282,0.90781,0.90799,1.00,1.70
2010.01.20 18:42:08.605,0.90783,0.90799,1.30,1.40
2010.01.20 18:42:08.896,0.90786,0.90802,1.20,1.00
2010.01.20 18:42:09.161,0.90781,0.90799,0.89,2.00
2010.01.20 18:42:09.369,0.90783,0.90799,1.40,1.60
2010.01.20 18:42:09.920,0.90786,0.90804,0.88,3.70
2010.01.20 18:42:11.779,0.90788,0.90804,1.30,1.10
2010.01.20 18:42:16.199,0.90791,0.90809,1.00,0.86
2010.01.20 18:42:16.538,0.90792,0.90809,1.10,1.20
2010.01.20 18:42:16.998,0.90796,0.90814,0.59,1.90
2010.01.20 18:42:17.826,0.90797,0.90814,1.90,0.82
2010.01.20 18:42:18.670,0.90796,0.90814,0.72,0.85
2010.01.20 18:42:23.360,0.90795,0.90804,2.50,0.55
2010.01.20 18:42:23.744,0.90788,0.90804,0.64,0.80
2010.01.20 18:42:24.297,0.90786,0.90804,2.00,2.20
2010.01.20 18:42:24.724,0.90783,0.90799,1.00,2.50
2010.01.20 18:42:25.596,0.90786,0.90804,1.20,2.80
2010.01.20 18:42:40.231,0.90783,0.90799,2.40,0.84
2010.01.20 18:42:40.780,0.90781,0.90799,0.71,0.94
2010.01.20 18:42:42.190,0.90786,0.90803,2.60,0.47
2010.01.20 18:42:42.824,0.90787,0.90804,0.93,0.64
2010.01.20 18:42:50.241,0.90786,0.90804,1.80,2.10
2010.01.20 18:42:59.162,0.90781,0.90799,1.50,1.20
2010.01.20 18:43:32.205,0.90783,0.90799,1.40,1.40
2010.01.20 18:43:32.620,0.90786,0.90804,3.00,0.94
2010.01.20 18:43:43.265,0.90782,0.90799,1.20,0.59
2010.01.20 18:43:43.518,0.90781,0.90799,1.20,1.60
2010.01.20 18:44:08.405,0.90786,0.90801,2.80,1.30
2010.01.20 18:44:13.301,0.90791,0.90807,1.70,1.90
2010.01.20 18:44:16.131,0.90783,0.90784,1.00,1.10
2010.01.20 18:44:16.419,0.90777,0.90784,0.66,1.50
2010.01.20 18:44:16.567,0.90771,0.90784,0.86,1.20
2010.01.20 18:44:16.878,0.90766,0.90784,1.20,1.10
2010.01.20 18:44:18.470,0.90768,0.90784,2.10,0.57
2010.01.20 18:44:18.572,0.90771,0.90789,0.91,0.83
2010.01.20 18:44:20.014,0.90766,0.90784,4.10,0.94
2010.01.20 18:44:21.338,0.90768,0.90784,0.96,2.00
2010.01.20 18:44:21.789,0.90771,0.90789,2.20,1.70
2010.01.20 18:44:23.150,0.90759,0.90774,1.50,1.40
2010.01.20 18:44:23.279,0.90763,0.90774,0.60,0.43
2010.01.20 18:44:23.565,0.90766,0.90784,0.57,1.00
2010.01.20 18:44:23.709,0.90763,0.90779,1.40,2.50
2010.01.20 18:44:23.835,0.90761,0.90779,1.10,2.10
2010.01.20 18:44:25.457,0.90757,0.90774,2.10,2.50
2010.01.20 18:44:27.058,0.90756,0.90774,0.91,0.62
2010.01.20 18:44:41.044,0.9076,0.90774,1.00,2.20
2010.01.20 18:44:41.799,0.90761,0.90779,1.20,1.40
2010.01.20 18:44:42.280,0.90763,0.90779,1.10,1.10
2010.01.20 18:44:42.504,0.90766,0.90784,1.40,1.30
2010.01.20 18:44:42.956,0.90771,0.90788,0.74,1.30
2010.01.20 18:44:43.098,0.90776,0.90791,1.20,1.30
2010.01.20 18:44:44.190,0.90768,0.90784,1.80,2.30
2010.01.20 18:44:44.355,0.90766,0.90784,1.30,2.70
2010.01.20 18:44:44.747,0.90767,0.90784,1.20,1.30
2010.01.20 18:44:44.821,0.90771,0.90789,0.82,1.00
2010.01.20 18:44:46.514,0.90776,0.90792,0.99,1.40
2010.01.20 18:44:47.081,0.90771,0.90789,0.65,1.80
2010.01.20 18:44:48.185,0.90776,0.90792,2.30,2.40
2010.01.20 18:44:48.726,0.90771,0.90789,1.20,0.72
2010.01.20 18:44:53.852,0.90768,0.90784,1.10,1.90
2010.01.20 18:44:54.319,0.90766,0.90784,1.20,1.80
2010.01.20 18:44:54.587,0.90768,0.90784,0.85,1.80
2010.01.20 18:44:54.673,0.90771,0.90789,1.10,0.80
2010.01.20 18:44:56.159,0.90773,0.90789,1.40,0.73
2010.01.20 18:44:56.844,0.90776,0.90794,1.30,3.00
2010.01.20 18:44:59.280,0.90786,0.90797,2.00,1.80
2010.01.20 18:44:59.854,0.90778,0.90794,1.70,1.30
2010.01.20 18:45:00.113,0.90786,0.90802,2.30,1.10
2010.01.20 18:45:00.664,0.90781,0.90799,1.90,3.30
2010.01.20 18:45:01.460,0.90776,0.90794,1.20,1.20
2010.01.20 18:45:14.261,0.90777,0.90794,2.00,1.80
2010.01.20 18:45:14.631,0.90781,0.90799,0.72,1.60
2010.01.20 18:45:35.413,0.90786,0.90803,1.70,1.30
2010.01.20 18:45:43.613,0.90791,0.90807,1.50,1.30
2010.01.20 18:45:44.647,0.90796,0.90811,1.60,1.50
2010.01.20 18:45:46.072,0.90791,0.90809,1.20,0.66
2010.01.20 18:45:46.437,0.90792,0.90809,1.60,0.97
2010.01.20 18:45:46.559,0.90794,0.90809,1.70,0.96
2010.01.20 18:45:46.794,0.90801,0.90818,0.72,1.10
2010.01.20 18:45:47.170,0.90796,0.90812,1.10,1.60
2010.01.20 18:45:48.238,0.90791,0.90809,2.30,2.60
2010.01.20 18:45:49.812,0.90786,0.90804,1.10,1.50
2010.01.20 18:46:02.138,0.90781,0.90799,1.60,1.40
2010.01.20 18:46:12.456,0.90776,0.90794,0.72,0.58
2010.01.20 18:46:16.833,0.90781,0.90796,0.95,1.80
2010.01.20 18:46:21.497,0.90786,0.90802,1.90,1.80
2010.01.20 18:46:28.258,0.90791,0.90808,1.20,1.40
2010.01.20 18:46:57.326,0.90786,0.90804,1.10,2.40
2010.01.20 18:46:58.088,0.90788,0.90804,1.10,0.59
2010.01.20 18:46:58.513,0.90789,0.90804,1.00,1.70
2010.01.20 18:46:58.928,0.90796,0.90812,0.92,1.10
2010.01.20 18:47:09.201,0.90797,0.90814,0.53,0.56
2010.01.20 18:47:09.535,0.90803,0.90814,0.68,1.10
2010.01.20 18:47:09.932,0.90806,0.90821,1.10,1.10
2010.01.20 18:47:14.286,0.90811,0.90827,1.90,1.20
2010.01.20 18:47:14.414,0.90812,0.90829,1.20,1.10
2010.01.20 18:47:14.972,0.90821,0.90831,2.00,0.94
2010.01.20 18:47:16.104,0.90826,0.90843,2.50,1.50
2010.01.20 18:47:16.431,0.90819,0.90834,0.79,1.20
2010.01.20 18:47:16.539,0.90818,0.90834,1.10,1.10
2010.01.20 18:47:16.944,0.90816,0.90834,1.50,1.50
2010.01.20 18:47:26.492,0.90813,0.90829,1.10,2.10
2010.01.20 18:47:26.505,0.90811,0.90829,1.10,0.98
2010.01.20 18:47:27.300,0.90807,0.90824,2.00,0.91
2010.01.20 18:47:31.078,0.90806,0.90824,1.60,1.70
2010.01.20 18:47:31.601,0.90808,0.90824,2.20,2.00
2010.01.20 18:47:31.834,0.90811,0.90829,1.50,1.30
2010.01.20 18:47:32.945,0.90806,0.90824,1.40,0.68
2010.01.20 18:47:33.133,0.90801,0.90819,0.69,1.10
2010.01.20 18:47:36.649,0.90803,0.90819,1.80,0.90
2010.01.20 18:47:37.378,0.90801,0.90819,1.30,2.90
2010.01.20 18:47:39.195,0.90803,0.90819,1.70,1.00
2010.01.20 18:47:39.811,0.90801,0.90819,0.71,0.74
2010.01.20 18:47:42.209,0.90806,0.90822,0.73,1.60
2010.01.20 18:47:43.139,0.90811,0.90827,1.60,1.90
2010.01.20 18:47:58.598,0.90806,0.90824,0.55,1.10
2010.01.20 18:47:59.511,0.90811,0.90828,2.70,1.00
2010.01.20 18:48:18.013,0.90806,0.90824,1.20,1.90
2010.01.20 18:48:18.963,0.90811,0.90827,0.96,1.00
2010.01.20 18:48:26.499,0.90806,0.90824,1.20,1.00
2010.01.20 18:48:32.894,0.90811,0.90828,0.90,0.96
2010.01.20 18:48:33.639,0.90806,0.90824,0.90,0.67
2010.01.20 18:48:38.103,0.90798,0.90814,1.60,1.20
2010.01.20 18:48:38.972,0.90796,0.90814,0.96,2.10
2010.01.20 18:48:39.880,0.90791,0.90809,0.82,0.60
2010.01.20 18:48:41.030,0.90793,0.90809,1.30,2.10
2010.01.20 18:48:41.700,0.90801,0.90813,1.50,1.30
2010.01.20 18:48:52.316,0.90796,0.90813,1.10,1.70
2010.01.20 18:49:08.417,0.90797,0.90814,1.60,1.30
2010.01.20 18:49:09.213,0.90801,0.90819,0.73,2.10
2010.01.20 18:49:09.789,0.90806,0.9082,1.50,1.40
2010.01.20 18:49:21.070,0.90801,0.90819,1.20,2.30
2010.01.20 18:49:21.881,0.90806,0.90824,1.70,2.10
2010.01.20 18:49:22.296,0.90801,0.90819,1.60,0.76
2010.01.20 18:49:23.412,0.90803,0.90819,2.70,1.00
2010.01.20 18:49:23.743,0.90806,0.90824,1.90,1.30
2010.01.20 18:49:29.012,0.90807,0.90824,0.65,0.82
2010.01.20 18:49:29.582,0.90811,0.90829,0.88,0.88
2010.01.20 18:49:54.877,0.90806,0.90824,1.40,0.74
2010.01.20 18:50:25.073,0.90807,0.90824,0.83,1.60
2010.01.20 18:50:26.203,0.90806,0.90824,1.10,1.50
2010.01.20 18:50:26.667,0.90811,0.90827,1.10,0.85
2010.01.20 18:50:29.128,0.90813,0.90829,1.20,1.20
2010.01.20 18:50:29.604,0.90816,0.90834,1.30,0.77
2010.01.20 18:50:30.170,0.90817,0.90834,1.40,2.70
2010.01.20 18:50:30.398,0.90821,0.90839,1.30,0.81
2010.01.20 18:50:30.673,0.90813,0.90829,0.87,0.81
2010.01.20 18:50:31.125,0.90811,0.90823,0.84,1.40
2010.01.20 18:50:31.658,0.90801,0.90819,2.30,2.00
2010.01.20 18:50:31.729,0.90806,0.90823,1.40,0.70
2010.01.20 18:50:33.434,0.90801,0.90819,1.40,0.58
2010.01.20 18:50:33.522,0.90799,0.90814,0.95,0.57
2010.01.20 18:50:34.275,0.90796,0.90814,0.59,1.70
2010.01.20 18:50:38.126,0.90797,0.90814,2.40,1.80
2010.01.20 18:50:38.649,0.90801,0.90819,1.40,2.60
2010.01.20 18:50:43.255,0.90803,0.90819,0.95,1.40
2010.01.20 18:50:44.087,0.90806,0.90821,1.60,1.40
2010.01.20 18:50:46.368,0.90811,0.90828,1.40,1.70
2010.01.20 18:50:48.070,0.90801,0.90814,1.40,1.20
2010.01.20 18:50:48.739,0.90797,0.90814,0.84,1.30
2010.01.20 18:50:50.345,0.90806,0.90821,0.64,1.60
2010.01.20 18:50:51.418,0.90811,0.90828,0.87,0.68
2010.01.20 18:50:53.105,0.90794,0.90804,1.90,1.90
2010.01.20 18:50:53.293,0.90799,0.90804,0.99,1.30
2010.01.20 18:50:53.502,0.90806,0.90822,1.80,0.69
2010.01.20 18:50:53.978,0.90796,0.90814,0.73,2.20
2010.01.20 18:50:56.150,0.90793,0.90804,1.60,1.40
2010.01.20 18:50:56.498,0.90786,0.90804,1.30,1.20
2010.01.20 18:50:56.675,0.90781,0.90799,0.96,1.50
2010.01.20 18:51:01.650,0.90786,0.90803,2.30,0.72
2010.01.20 18:51:05.168,0.90791,0.90807,0.98,1.60
2010.01.20 18:51:09.086,0.9078,0.90794,1.40,2.40
2010.01.20 18:51:09.400,0.90779,0.90794,1.10,1.10
2010.01.20 18:51:09.879,0.90776,0.90794,1.10,1.50
2010.01.20 18:51:10.064,0.90778,0.90794,2.10,1.40
2010.01.20 18:51:10.394,0.90786,0.90802,0.58,2.20
2010.01.20 18:51:10.505,0.90788,0.90804,2.70,1.30
2010.01.20 18:51:10.996,0.90796,0.90812,1.30,1.00
2010.01.20 18:51:13.150,0.90784,0.90794,1.60,1.10
2010.01.20 18:51:13.619,0.90778,0.90794,1.00,1.40
2010.01.20 18:51:13.844,0.90776,0.90794,1.50,1.80
2010.01.20 18:51:47.476,0.90781,0.90798,0.56,1.50
2010.01.20 18:51:53.263,0.90776,0.90775,1.60,2.90
2010.01.20 18:51:53.658,0.90762,0.90775,0.72,1.00
2010.01.20 18:51:53.975,0.90756,0.90774,0.54,1.10
2010.01.20 18:51:54.254,0.90759,0.90774,1.20,2.00
2010.01.20 18:51:54.978,0.90761,0.90779,1.00,1.40
2010.01.20 18:51:57.514,0.90757,0.90774,1.10,2.10
2010.01.20 18:51:58.101,0.90761,0.90774,1.30,0.99
2010.01.20 18:51:58.520,0.90762,0.90779,1.90,1.50
2010.01.20 18:51:58.729,0.90766,0.90784,2.30,1.50
2010.01.20 18:51:59.205,0.90762,0.90779,1.10,1.40
2010.01.20 18:51:59.582,0.90761,0.90779,3.30,0.69
2010.01.20 18:51:59.981,0.90757,0.90774,1.60,1.90
2010.01.20 18:52:00.112,0.90756,0.90774,1.50,1.10
2010.01.20 18:52:00.524,0.90761,0.90774,1.80,1.40
2010.01.20 18:52:02.256,0.90751,0.90764,1.80,0.82
2010.01.20 18:52:02.644,0.90746,0.90764,1.20,1.30
2010.01.20 18:52:03.669,0.90752,0.90764,1.10,0.56
2010.01.20 18:52:06.291,0.90757,0.90769,0.81,1.30
2010.01.20 18:52:06.410,0.90756,0.90774,1.40,2.90
2010.01.20 18:52:06.968,0.90761,0.90779,1.90,0.82
2010.01.20 18:52:16.038,0.90769,0.90779,1.10,0.76
2010.01.20 18:52:16.671,0.90771,0.90785,1.60,1.90
2010.01.20 18:52:17.666,0.90774,0.90789,1.20,0.94
2010.01.20 18:52:21.569,0.90779,0.90789,0.96,0.90
2010.01.20 18:52:22.480,0.90781,0.90797,1.90,0.96
2010.01.20 18:52:23.228,0.90784,0.90798,0.92,2.20
2010.01.20 18:52:23.475,0.90781,0.90798,1.80,1.80
2010.01.20 18:52:23.800,0.90778,0.90794,1.40,2.40
2010.01.20 18:52:24.001,0.90776,0.90792,0.88,1.30
2010.01.20 18:52:24.867,0.90773,0.90788,1.10,1.80
2010.01.20 18:52:25.060,0.90776,0.90794,0.89,0.96
2010.01.20 18:52:25.595,0.90778,0.90794,0.58,1.60
2010.01.20 18:52:26.406,0.90784,0.90794,1.00,1.90
2010.01.20 18:52:27.052,0.90781,0.90798,1.20,2.10
2010.01.20 18:52:27.290,0.90774,0.90789,0.70,1.40
2010.01.20 18:52:27.522,0.90773,0.90789,0.92,1.50
2010.01.20 18:52:27.901,0.90776,0.90789,0.98,1.80
2010.01.20 18:52:38.692,0.90772,0.90789,0.69,1.30
2010.01.20 18:52:40.141,0.90779,0.90789,1.00,0.64
2010.01.20 18:52:40.763,0.90784,0.90794,1.10,1.50
2010.01.20 18:52:44.068,0.90786,0.90798,0.67,0.95
2010.01.20 18:52:44.348,0.90787,0.90803,3.10,1.40
2010.01.20 18:52:44.887,0.90783,0.90798,1.20,1.20
2010.01.20 18:52:46.030,0.90786,0.90798,1.10,0.92
2010.01.20 18:52:46.657,0.90787,0.90798,0.90,0.49
2010.01.20 18:52:48.491,0.90786,0.90799,1.10,1.30
2010.01.20 18:52:48.517,0.90779,0.90794,0.62,1.50
2010.01.20 18:52:49.872,0.90781,0.90798,0.73,0.76
2010.01.20 18:52:50.509,0.90784,0.90798,0.66,0.92
2010.01.20 18:53:00.869,0.90786,0.90799,1.50,1.80
2010.01.20 18:53:02.646,0.90781,0.90798,1.20,1.10
2010.01.20 18:53:29.310,0.90783,0.90799,0.43,2.50
2010.01.20 18:53:29.335,0.90787,0.90799,2.50,2.90
2010.01.20 18:53:29.818,0.90786,0.90803,1.50,1.40
2010.01.20 18:53:32.778,0.90791,0.90803,0.42,1.20
2010.01.20 18:53:35.063,0.90791,0.90806,1.70,1.60
2010.01.20 18:53:35.931,0.90792,0.90808,1.30,1.10
2010.01.20 18:53:43.149,0.90791,0.90807,1.50,1.20
2010.01.20 18:53:43.326,0.90786,0.90804,0.62,0.93
2010.01.20 18:53:43.431,0.90783,0.90794,1.30,1.70
2010.01.20 18:53:43.652,0.90778,0.90794,1.70,0.96
2010.01.20 18:53:43.779,0.90779,0.90794,2.10,1.90
2010.01.20 18:53:43.889,0.90781,0.90799,0.62,2.10
2010.01.20 18:53:45.072,0.90776,0.90794,1.90,0.58
2010.01.20 18:53:45.265,0.9077,0.90784,0.81,1.20
2010.01.20 18:53:45.618,0.90769,0.90784,1.00,1.10
2010.01.20 18:53:45.928,0.90766,0.90784,1.80,0.55
2010.01.20 18:53:52.339,0.90768,0.90784,0.57,1.10
2010.01.20 18:53:52.550,0.90771,0.90789,1.20,0.98
2010.01.20 18:53:55.068,0.90772,0.90789,2.30,0.64
2010.01.20 18:53:57.354,0.90777,0.90789,1.30,1.80
2010.01.20 18:53:58.306,0.90772,0.90789,1.60,2.40
2010.01.20 18:53:58.631,0.90776,0.90792,1.60,1.10
2010.01.20 18:53:59.857,0.90771,0.90789,0.54,1.60
2010.01.20 18:54:01.377,0.90772,0.90789,0.75,1.40
2010.01.20 18:54:24.093,0.90771,0.90786,1.00,1.20
2010.01.20 18:54:24.638,0.90767,0.90774,1.20,2.40
2010.01.20 18:54:24.946,0.90758,0.90774,1.70,0.84
2010.01.20 18:54:25.369,0.90766,0.90782,1.10,1.10
2010.01.20 18:54:30.269,0.90768,0.90784,0.89,2.30
2010.01.20 18:54:30.391,0.90771,0.90789,1.50,1.40
2010.01.20 18:54:30.708,0.90772,0.90789,0.62,2.20
2010.01.20 18:54:31.249,0.90775,0.90789,1.20,1.80
2010.01.20 18:54:31.745,0.90771,0.90789,0.65,1.40
2010.01.20 18:54:32.313,0.90772,0.90789,0.89,0.68
2010.01.20 18:54:32.586,0.90771,0.90789,0.78,2.10
2010.01.20 18:54:32.849,0.90768,0.90784,1.40,1.30
2010.01.20 18:54:33.766,0.90766,0.90784,0.65,0.80
2010.01.20 18:54:35.132,0.90767,0.90784,1.40,0.84
2010.01.20 18:54:35.986,0.90771,0.90788,0.90,1.10
2010.01.20 18:54:37.683,0.90766,0.90784,0.94,0.81
2010.01.20 18:54:53.115,0.90767,0.90784,2.00,1.70
2010.01.20 18:54:53.650,0.90771,0.90784,1.10,2.10
2010.01.20 18:54:53.773,0.90776,0.90789,0.96,1.30
2010.01.20 18:55:16.310,0.90782,0.90793,0.85,1.30
2010.01.20 18:55:16.513,0.90781,0.90798,1.10,1.30
2010.01.20 18:55:16.804,0.90777,0.90794,0.91,1.00
2010.01.20 18:55:31.192,0.90776,0.90792,0.45,0.71
2010.01.20 18:55:31.854,0.90773,0.90789,3.00,0.95
2010.01.20 18:55:33.356,0.90771,0.90789,0.39,0.69
2010.01.20 18:55:33.659,0.90768,0.90784,2.50,0.75
2010.01.20 18:55:36.133,0.90772,0.90784,1.10,1.10
2010.01.20 18:55:36.555,0.90769,0.90784,0.56,1.60
2010.01.20 18:55:37.211,0.90771,0.90789,0.75,1.40
2010.01.20 18:55:37.679,0.90769,0.90784,2.20,2.90
2010.01.20 18:55:38.163,0.90771,0.90789,0.94,1.00
2010.01.20 18:55:38.400,0.90769,0.90784,1.60,1.30
2010.01.20 18:55:38.713,0.90772,0.90784,2.00,1.00
2010.01.20 18:55:39.222,0.90769,0.90784,1.00,1.50
2010.01.20 18:55:39.405,0.90771,0.90789,1.60,2.10
2010.01.20 18:55:39.753,0.90769,0.90784,1.00,1.60
2010.01.20 18:55:40.358,0.90771,0.90788,2.20,2.30
2010.01.20 18:55:40.901,0.90769,0.90784,1.00,1.30
2010.01.20 18:55:42.140,0.90773,0.90784,0.83,1.90
2010.01.20 18:55:42.599,0.90771,0.90784,1.30,1.10
2010.01.20 18:55:42.936,0.90769,0.90784,0.90,4.10
2010.01.20 18:55:45.551,0.90766,0.90784,0.63,2.00
2010.01.20 18:55:46.253,0.90771,0.90787,0.68,0.87
2010.01.20 18:55:48.480,0.90758,0.90774,1.40,1.30
2010.01.20 18:55:48.756,0.90766,0.90774,0.85,0.84
2010.01.20 18:55:50.920,0.90765,0.90774,0.98,1.10
2010.01.20 18:55:51.049,0.90771,0.90777,0.89,1.60
2010.01.20 18:55:51.532,0.90768,0.90784,1.30,0.98
2010.01.20 18:55:51.717,0.90772,0.90784,1.80,0.89
2010.01.20 18:55:54.193,0.90771,0.90788,1.50,1.70
2010.01.20 18:55:54.789,0.90767,0.90784,0.46,1.80
2010.01.20 18:55:56.873,0.90766,0.90784,0.69,0.63
2010.01.20 18:55:57.122,0.90763,0.90779,2.10,1.10
2010.01.20 18:56:00.037,0.90761,0.90779,1.50,1.30
2010.01.20 18:56:00.819,0.90758,0.90774,1.20,1.20
2010.01.20 18:56:04.056,0.90761,0.90779,2.70,1.40
2010.01.20 18:56:33.371,0.90758,0.90774,2.50,0.64
2010.01.20 18:56:37.214,0.9076,0.90774,0.92,1.70
2010.01.20 18:56:37.982,0.90761,0.90779,1.80,1.60
2010.01.20 18:56:47.297,0.90766,0.90784,1.00,1.30
2010.01.20 18:56:47.967,0.90768,0.90784,1.20,2.70
2010.01.20 18:56:52.175,0.90778,0.90784,0.54,0.85
2010.01.20 18:56:52.444,0.90769,0.90784,1.70,1.70
2010.01.20 18:56:52.734,0.90773,0.90784,1.70,1.00
2010.01.20 18:56:52.965,0.90771,0.90787,2.70,1.70
2010.01.20 18:56:56.768,0.90773,0.90789,0.73,0.92
2010.01.20 18:56:59.456,0.90768,0.90784,1.50,1.80
2010.01.20 18:57:00.316,0.90766,0.90783,0.90,3.00
2010.01.20 18:57:00.818,0.90761,0.90779,1.90,1.10
2010.01.20 18:57:01.007,0.90765,0.90779,1.20,0.74
2010.01.20 18:57:01.698,0.90766,0.90784,1.00,1.20
2010.01.20 18:57:09.555,0.90765,0.90779,1.50,0.88
2010.01.20 18:57:10.024,0.90763,0.90779,1.50,1.40
2010.01.20 18:57:21.598,0.90766,0.90784,1.40,1.40
2010.01.20 18:57:32.013,0.90773,0.90784,1.20,2.00
2010.01.20 18:57:32.366,0.90776,0.90793,0.59,0.77
2010.01.20 18:57:32.712,0.90777,0.90793,2.10,1.10
2010.01.20 18:57:36.188,0.90776,0.90786,1.70,1.20
2010.01.20 18:57:36.312,0.90773,0.90779,2.10,0.94
2010.01.20 18:57:36.482,0.90768,0.90779,0.96,1.90
2010.01.20 18:57:36.763,0.90763,0.90779,1.50,1.40
2010.01.20 18:57:36.802,0.90766,0.90784,1.20,1.20
2010.01.20 18:57:39.040,0.90768,0.90784,1.20,0.95
2010.01.20 18:57:44.725,0.90766,0.90784,2.00,1.10
2010.01.20 18:57:58.352,0.90764,0.90774,1.20,1.20
2010.01.20 18:57:58.591,0.90756,0.90774,0.96,1.10
2010.01.20 18:57:59.077,0.90759,0.90774,1.50,0.82
2010.01.20 18:58:16.108,0.90756,0.90774,1.90,1.00
2010.01.20 18:58:16.356,0.90749,0.90764,1.30,2.00
2010.01.20 18:58:16.733,0.90754,0.90766,1.30,2.20
2010.01.20 18:58:28.912,0.90749,0.90766,2.50,1.20
2010.01.20 18:58:29.171,0.90753,0.9077,0.93,1.80
2010.01.20 18:58:33.310,0.90748,0.90766,1.50,2.90
2010.01.20 18:58:35.159,0.90738,0.90756,1.00,0.34
2010.01.20 18:58:35.313,0.90742,0.90756,1.30,1.90
2010.01.20 18:58:35.575,0.90744,0.90756,1.20,1.50
2010.01.20 18:58:35.683,0.90748,0.90766,0.92,0.82
2010.01.20 18:58:35.881,0.90747,0.90761,0.95,1.30
2010.01.20 18:58:36.553,0.90743,0.90761,0.75,0.85
2010.01.20 18:58:37.506,0.90748,0.90765,0.78,1.70
2010.01.20 18:58:38.183,0.90743,0.90761,0.79,1.10
2010.01.20 18:58:38.320,0.90742,0.90756,1.00,1.40
2010.01.20 18:58:38.518,0.90738,0.90756,1.40,1.20
2010.01.20 18:58:38.788,0.90746,0.90756,1.80,2.20
2010.01.20 18:58:39.402,0.90748,0.90766,1.20,1.40
2010.01.20 18:58:40.113,0.90754,0.90766,2.90,1.40
2010.01.20 18:58:40.658,0.90753,0.90771,1.30,1.40
2010.01.20 18:58:40.851,0.90748,0.90766,0.96,0.51
2010.01.20 18:58:42.088,0.90751,0.90766,1.20,0.79
2010.01.20 18:58:42.993,0.90753,0.90771,2.90,1.70
2010.01.20 18:58:46.093,0.90756,0.90771,2.70,3.40
2010.01.20 18:58:46.955,0.90758,0.90776,1.20,1.20
2010.01.20 18:58:47.381,0.90759,0.90776,0.87,1.70
2010.01.20 18:58:48.314,0.90763,0.90778,1.20,2.10
2010.01.20 18:58:48.727,0.90764,0.90778,0.86,2.00
2010.01.20 18:58:49.154,0.90763,0.90778,1.50,1.10
2010.01.20 18:58:49.542,0.90758,0.90776,0.85,1.40
2010.01.20 18:58:49.784,0.90764,0.90776,1.60,1.20
2010.01.20 18:58:52.025,0.90763,0.90778,0.92,1.80
2010.01.20 18:58:52.447,0.90758,0.90776,0.92,1.10
2010.01.20 18:58:52.974,0.90764,0.90776,1.70,2.30
2010.01.20 18:58:58.319,0.90769,0.90781,2.10,1.20
2010.01.20 18:59:02.669,0.90773,0.90786,0.35,0.92
2010.01.20 18:59:09.093,0.90774,0.9079,1.20,1.10
2010.01.20 18:59:09.964,0.90773,0.9079,1.10,1.00
2010.01.20 18:59:14.329,0.90768,0.90786,1.90,2.40
2010.01.20 18:59:14.640,0.90764,0.90781,3.40,0.67
2010.01.20 18:59:15.053,0.90763,0.90781,0.79,1.20
2010.01.20 18:59:19.123,0.90764,0.90781,2.00,2.80
2010.01.20 18:59:19.650,0.90773,0.90788,0.70,0.86
2010.01.20 18:59:19.667,0.90763,0.90781,0.71,1.30
2010.01.20 18:59:39.571,0.90758,0.90776,2.10,1.40
2010.01.20 18:59:41.064,0.90753,0.90777,0.57,1.30
2010.01.20 18:59:42.264,0.90754,0.90777,1.80,1.50
2010.01.20 18:59:42.950,0.90757,0.90777,0.93,1.80
2010.01.20 18:59:47.159,0.90755,0.90779,1.50,2.00
2010.01.20 18:59:47.399,0.90754,0.90775,0.62,0.91
2010.01.20 18:59:47.770,0.90752,0.90775,0.88,1.40
2010.01.20 18:59:52.022,0.90749,0.90773,1.90,1.40
2010.01.20 18:59:52.776,0.90748,0.90772,1.10,1.60
2010.01.20 18:59:58.135,0.90755,0.90772,1.40,0.57
2010.01.20 18:59:58.425,0.90748,0.90766,0.83,2.60
2010.01.20 18:59:58.888,0.90753,0.90767,0.71,0.88
