2016.09.06 22:00:00.151,0.76823,0.76827,0.75,0.19
2016.09.06 22:00:00.203,0.7682,0.76824,0.37,0.75
2016.09.06 22:00:00.254,0.76817,0.76823,0.37,0.19
2016.09.06 22:00:00.356,0.76813,0.76823,0.52,0.19
2016.09.06 22:00:00.408,0.76813,0.76823,1.20,0.94
2016.09.06 22:00:00.459,0.76813,0.76823,0.75,0.94
2016.09.06 22:00:00.510,0.76814,0.76823,1.50,0.94
2016.09.06 22:00:00.765,0.76814,0.76823,2.25,0.94
2016.09.06 22:00:00.816,0.76814,0.76823,0.75,0.94
2016.09.06 22:00:00.867,0.76814,0.76823,0.82,0.94
2016.09.06 22:00:00.919,0.76815,0.76823,0.10,0.94
2016.09.06 22:00:00.970,0.76815,0.76823,0.10,0.94
2016.09.06 22:00:01.021,0.76811,0.76823,0.37,0.94
2016.09.06 22:00:01.072,0.76813,0.76822,0.10,0.75
2016.09.06 22:00:01.123,0.76814,0.76822,0.10,0.75
2016.09.06 22:00:01.245,0.76811,0.76822,1.12,0.75
2016.09.06 22:00:01.347,0.76812,0.76822,0.37,0.75
2016.09.06 22:00:01.470,0.76816,0.76825,0.75,0.15
2016.09.06 22:00:01.554,0.76816,0.76827,0.75,0.10
2016.09.06 22:00:01.656,0.76816,0.76828,0.75,1.01
2016.09.06 22:00:01.708,0.76816,0.76826,0.75,0.75
2016.09.06 22:00:01.963,0.76817,0.76827,0.75,0.75
2016.09.06 22:00:02.014,0.76817,0.76827,0.75,0.10
2016.09.06 22:00:02.349,0.76816,0.76826,1.12,0.10
2016.09.06 22:00:02.452,0.76816,0.76827,0.75,0.10
2016.09.06 22:00:02.503,0.76816,0.76826,0.75,0.82
2016.09.06 22:00:02.555,0.76816,0.76826,0.75,0.90
2016.09.06 22:00:02.606,0.76813,0.76826,2.25,0.90
2016.09.06 22:00:02.708,0.76813,0.76825,2.25,0.75
2016.09.06 22:00:02.759,0.76813,0.76825,2.62,0.75
2016.09.06 22:00:03.169,0.76813,0.76825,1.12,0.75
2016.09.06 22:00:03.270,0.76813,0.76825,0.75,0.75
2016.09.06 22:00:03.321,0.76813,0.76825,0.75,0.82
2016.09.06 22:00:04.277,0.76815,0.76825,0.75,0.82
2016.09.06 22:00:04.381,0.76814,0.76825,0.75,0.10
2016.09.06 22:00:04.483,0.76813,0.76825,0.37,0.90
2016.09.06 22:00:04.534,0.76813,0.76824,0.37,0.10
2016.09.06 22:00:04.588,0.76812,0.76824,0.14,0.90
2016.09.06 22:00:05.165,0.76811,0.76824,0.89,0.90
2016.09.06 22:00:05.216,0.76812,0.76824,0.75,0.90
2016.09.06 22:00:05.268,0.76812,0.76823,0.89,0.10
2016.09.06 22:00:05.319,0.76812,0.76822,0.89,0.82
2016.09.06 22:00:05.370,0.76812,0.76822,0.75,0.82
2016.09.06 22:00:05.421,0.76813,0.76822,0.75,0.75
2016.09.06 22:00:05.777,0.76813,0.76824,0.75,0.10
2016.09.06 22:00:06.199,0.76813,0.76824,0.75,0.82
2016.09.06 22:00:06.519,0.76813,0.76824,0.75,0.10
2016.09.06 22:00:07.908,0.76814,0.76824,0.75,0.10
2016.09.06 22:00:08.064,0.76813,0.76825,0.75,0.75
2016.09.06 22:00:08.115,0.76813,0.76825,0.75,0.75
2016.09.06 22:00:08.248,0.76813,0.76825,0.75,2.25
2016.09.06 22:00:08.402,0.76813,0.76825,0.75,2.25
2016.09.06 22:00:08.453,0.76813,0.76825,0.75,2.32
2016.09.06 22:00:08.504,0.76813,0.76824,0.75,0.10
2016.09.06 22:00:08.889,0.76814,0.76823,0.75,0.75
2016.09.06 22:00:09.401,0.76813,0.76823,0.75,0.75
2016.09.06 22:00:10.091,0.76813,0.76825,0.75,0.82
2016.09.06 22:00:10.295,0.76813,0.76825,0.75,0.75
2016.09.06 22:00:10.981,0.76813,0.76825,0.75,0.82
2016.09.06 22:00:11.032,0.76813,0.76824,0.75,0.10
2016.09.06 22:00:11.134,0.76813,0.76825,0.75,0.75
2016.09.06 22:00:11.235,0.76813,0.76825,0.75,0.75
2016.09.06 22:00:11.286,0.76813,0.76825,0.75,0.82
2016.09.06 22:00:11.337,0.76813,0.76825,0.75,0.75
2016.09.06 22:00:14.401,0.76813,0.76825,0.75,0.82
2016.09.06 22:00:15.129,0.76812,0.76824,0.75,0.75
2016.09.06 22:00:16.071,0.76812,0.76824,0.89,0.75
2016.09.06 22:00:16.122,0.76812,0.76824,0.14,0.82
2016.09.06 22:00:16.174,0.76811,0.76822,1.27,0.10
2016.09.06 22:00:17.111,0.76811,0.76822,1.27,0.10
2016.09.06 22:00:17.162,0.76812,0.76822,0.14,0.10
2016.09.06 22:00:17.213,0.76812,0.76821,0.14,0.75
2016.09.06 22:00:17.264,0.76812,0.76819,0.14,0.10
2016.09.06 22:00:17.468,0.76811,0.76819,0.89,0.10
2016.09.06 22:00:17.673,0.76813,0.76819,0.19,0.10
2016.09.06 22:00:17.775,0.76813,0.76819,0.75,0.10
2016.09.06 22:00:17.826,0.76814,0.76821,1.12,0.15
2016.09.06 22:00:17.954,0.76814,0.76821,0.37,0.10
2016.09.06 22:00:18.005,0.76814,0.76823,0.75,0.90
2016.09.06 22:00:20.721,0.76813,0.76823,0.75,0.15
2016.09.06 22:00:20.772,0.76813,0.76823,0.75,0.10
2016.09.06 22:00:20.823,0.76813,0.76826,0.75,2.25
2016.09.06 22:00:20.874,0.76813,0.76826,0.75,2.32
2016.09.06 22:00:20.925,0.76814,0.76826,0.75,2.40
2016.09.06 22:00:20.976,0.76814,0.76826,0.75,2.32
2016.09.06 22:00:21.027,0.76814,0.76826,0.75,1.57
2016.09.06 22:00:22.909,0.76814,0.76824,0.75,0.75
2016.09.06 22:00:25.045,0.76814,0.76823,0.75,0.75
2016.09.06 22:00:25.147,0.76813,0.76825,0.82,0.75
2016.09.06 22:00:25.198,0.76813,0.76825,0.75,0.75
2016.09.06 22:00:26.245,0.76815,0.76825,0.75,0.75
2016.09.06 22:00:26.296,0.76815,0.76823,0.75,0.10
2016.09.06 22:00:26.841,0.76815,0.76825,0.75,0.82
2016.09.06 22:00:31.833,0.76815,0.76825,0.75,0.10
2016.09.06 22:00:31.923,0.76815,0.76826,0.75,0.90
2016.09.06 22:00:31.974,0.76815,0.76826,0.75,0.82
2016.09.06 22:00:32.025,0.76815,0.76826,0.75,0.75
2016.09.06 22:00:33.535,0.76815,0.76826,0.75,0.75
2016.09.06 22:00:33.857,0.76815,0.76826,0.75,0.75
2016.09.06 22:00:34.629,0.76816,0.76827,0.75,1.50
2016.09.06 22:00:34.680,0.76816,0.76827,0.75,1.87
2016.09.06 22:00:34.731,0.76816,0.76825,0.75,0.75
2016.09.06 22:00:35.038,0.76813,0.76825,0.75,0.75
2016.09.06 22:00:35.241,0.76816,0.76825,0.75,0.75
2016.09.06 22:00:35.292,0.76816,0.76825,0.75,0.75
2016.09.06 22:00:35.343,0.76816,0.76825,0.75,0.82
2016.09.06 22:00:36.193,0.76816,0.76825,0.75,0.75
2016.09.06 22:00:36.717,0.76816,0.76826,0.75,0.75
2016.09.06 22:00:36.768,0.76814,0.76825,0.75,0.75
2016.09.06 22:00:36.819,0.76814,0.76825,0.75,0.75
2016.09.06 22:00:36.870,0.76814,0.76824,0.75,0.75
2016.09.06 22:00:36.921,0.76814,0.76824,0.75,0.75
2016.09.06 22:00:37.074,0.76814,0.76824,0.75,0.75
2016.09.06 22:00:37.125,0.76816,0.76825,0.75,0.75
2016.09.06 22:00:37.478,0.76816,0.76825,0.75,0.75
2016.09.06 22:00:37.529,0.76816,0.76825,0.75,0.82
2016.09.06 22:00:40.025,0.76812,0.76825,0.75,0.82
2016.09.06 22:00:40.127,0.76813,0.76823,0.75,0.75
2016.09.06 22:00:40.178,0.76813,0.76823,0.75,0.75
2016.09.06 22:00:42.311,0.76813,0.76823,0.75,0.75
2016.09.06 22:00:42.362,0.76813,0.76822,0.75,0.10
2016.09.06 22:00:48.087,0.76813,0.76823,0.75,0.75
2016.09.06 22:00:48.138,0.76813,0.76824,0.75,0.15
2016.09.06 22:00:48.189,0.76813,0.76824,0.75,0.10
2016.09.06 22:00:49.637,0.76813,0.76825,0.75,0.82
2016.09.06 22:00:50.944,0.76813,0.76825,0.75,0.75
2016.09.06 22:00:51.485,0.76813,0.76823,0.75,0.75
2016.09.06 22:00:58.669,0.76814,0.76824,0.75,0.75
2016.09.06 22:00:59.233,0.76813,0.76823,0.75,0.75
2016.09.06 22:01:00.582,0.76813,0.76824,0.75,0.75
2016.09.06 22:01:00.918,0.76813,0.76822,0.75,0.75
2016.09.06 22:01:01.466,0.76813,0.76823,0.75,0.75
2016.09.06 22:01:08.978,0.76813,0.76825,0.75,0.75
2016.09.06 22:01:09.080,0.76815,0.76825,0.75,0.75
2016.09.06 22:01:12.879,0.76813,0.76825,0.75,0.75
2016.09.06 22:01:13.009,0.76815,0.76824,0.75,0.75
2016.09.06 22:01:13.647,0.76815,0.76825,0.75,0.75
2016.09.06 22:01:14.697,0.76813,0.76823,0.75,0.75
2016.09.06 22:01:14.749,0.76813,0.76823,0.75,0.75
2016.09.06 22:01:19.015,0.76814,0.76825,0.75,0.75
2016.09.06 22:01:19.118,0.76815,0.76825,0.75,0.75
2016.09.06 22:01:19.696,0.76814,0.76825,0.37,0.75
2016.09.06 22:01:19.747,0.76813,0.76825,1.12,0.75
2016.09.06 22:01:19.798,0.76813,0.76825,0.37,0.75
2016.09.06 22:01:20.219,0.76814,0.76826,0.82,0.75
2016.09.06 22:01:20.321,0.76814,0.76825,0.10,0.75
2016.09.06 22:01:20.423,0.76815,0.76825,0.75,0.75
2016.09.06 22:01:20.525,0.76815,0.76825,0.75,0.75
2016.09.06 22:01:20.712,0.76815,0.76825,0.75,0.75
2016.09.06 22:01:23.231,0.76815,0.76826,0.75,0.75
2016.09.06 22:01:23.334,0.76814,0.76826,0.75,0.75
2016.09.06 22:01:23.386,0.76814,0.76826,0.82,0.75
2016.09.06 22:01:23.808,0.76814,0.76826,0.10,0.75
2016.09.06 22:01:23.910,0.76814,0.76824,0.10,0.75
2016.09.06 22:01:25.144,0.76813,0.76824,1.27,0.75
2016.09.06 22:01:25.245,0.76813,0.76823,1.20,0.75
2016.09.06 22:01:27.147,0.76813,0.76823,0.37,0.75
2016.09.06 22:01:27.655,0.76813,0.76824,0.37,0.75
2016.09.06 22:01:28.106,0.76813,0.76823,0.37,0.75
2016.09.06 22:01:28.157,0.76812,0.76823,0.52,0.75
2016.09.06 22:01:33.128,0.76812,0.76824,1.27,0.75
2016.09.06 22:01:33.637,0.76812,0.76823,1.27,0.75
2016.09.06 22:01:35.815,0.76815,0.76823,0.14,0.75
2016.09.06 22:01:36.613,0.76815,0.76824,0.14,0.75
2016.09.06 22:01:41.880,0.76815,0.76825,0.14,0.75
2016.09.06 22:01:42.784,0.76816,0.76825,0.14,0.75
2016.09.06 22:01:54.055,0.76816,0.76824,0.14,0.75
2016.09.06 22:01:54.606,0.76816,0.76825,0.14,0.75
2016.09.06 22:01:59.595,0.76816,0.76823,0.14,0.75
2016.09.06 22:01:59.697,0.76816,0.76825,0.14,0.75
2016.09.06 22:02:00.199,0.76816,0.76824,0.14,0.75
2016.09.06 22:02:00.722,0.76817,0.76824,0.75,0.75
2016.09.06 22:02:07.411,0.76816,0.76823,0.75,0.75
2016.09.06 22:02:07.941,0.76816,0.76824,0.75,0.75
2016.09.06 22:02:08.607,0.76816,0.76824,0.89,0.75
2016.09.06 22:02:08.912,0.76816,0.76824,0.75,0.75
2016.09.06 22:02:14.417,0.76816,0.76824,0.89,0.75
2016.09.06 22:02:14.748,0.76816,0.76825,0.14,0.75
2016.09.06 22:02:15.058,0.76813,0.76822,1.50,0.75
2016.09.06 22:02:15.110,0.76813,0.76821,0.75,0.75
2016.09.06 22:02:15.161,0.76813,0.76818,0.75,0.37
2016.09.06 22:02:15.467,0.76813,0.76819,0.75,0.37
2016.09.06 22:02:15.519,0.76813,0.76822,0.75,0.75
2016.09.06 22:02:15.571,0.76813,0.76822,0.75,0.75
2016.09.06 22:02:15.623,0.76814,0.76823,0.75,0.75
2016.09.06 22:02:15.675,0.76814,0.76824,0.75,2.32
2016.09.06 22:02:15.788,0.76814,0.76821,0.75,0.22
2016.09.06 22:02:16.060,0.76814,0.76824,0.75,2.25
2016.09.06 22:02:16.111,0.76813,0.76824,1.50,1.57
2016.09.06 22:02:16.162,0.76813,0.76824,1.50,0.10
2016.09.06 22:02:16.213,0.76813,0.76825,1.50,0.75
2016.09.06 22:02:16.264,0.76813,0.76825,1.50,0.75
2016.09.06 22:02:16.315,0.76813,0.76824,1.50,0.75
2016.09.06 22:02:16.416,0.76813,0.76825,1.50,0.75
2016.09.06 22:02:16.518,0.76814,0.76825,0.75,0.75
2016.09.06 22:02:16.570,0.76814,0.76825,0.75,0.75
2016.09.06 22:02:16.621,0.76814,0.76826,1.50,0.75
2016.09.06 22:02:16.673,0.76814,0.76826,1.50,0.75
2016.09.06 22:02:16.739,0.76814,0.76825,0.75,0.75
2016.09.06 22:02:16.790,0.76814,0.76825,1.50,0.75
2016.09.06 22:02:16.842,0.76814,0.76824,1.50,0.10
2016.09.06 22:02:16.893,0.76814,0.76824,0.75,0.82
2016.09.06 22:02:16.979,0.76816,0.76824,0.75,0.82
2016.09.06 22:02:17.183,0.76816,0.76825,0.75,0.10
2016.09.06 22:02:17.285,0.76816,0.76827,0.75,2.32
2016.09.06 22:02:17.387,0.76817,0.76827,1.50,0.75
2016.09.06 22:02:17.489,0.76817,0.76827,0.75,0.75
2016.09.06 22:02:17.840,0.76817,0.76827,0.75,1.12
2016.09.06 22:02:18.043,0.76817,0.76827,0.75,0.75
2016.09.06 22:02:18.683,0.76817,0.76827,0.75,0.75
2016.09.06 22:02:19.192,0.76817,0.76826,0.75,0.75
2016.09.06 22:02:20.071,0.76817,0.76826,0.75,0.75
2016.09.06 22:02:20.122,0.76817,0.76827,0.75,0.75
2016.09.06 22:02:20.224,0.76817,0.76827,1.50,0.75
2016.09.06 22:02:20.720,0.76817,0.76827,1.50,1.50
2016.09.06 22:02:26.116,0.76817,0.76825,0.75,0.75
2016.09.06 22:02:35.129,0.76815,0.76825,1.50,0.75
2016.09.06 22:02:35.231,0.76815,0.76825,1.50,0.10
2016.09.06 22:02:35.333,0.76815,0.76825,0.75,0.10
2016.09.06 22:02:39.432,0.76815,0.76824,0.75,0.75
2016.09.06 22:02:39.653,0.76815,0.76824,0.75,0.82
2016.09.06 22:02:40.189,0.76815,0.76823,0.75,0.10
2016.09.06 22:02:40.560,0.76815,0.76824,0.75,0.82
2016.09.06 22:02:40.764,0.76815,0.76822,0.75,0.10
2016.09.06 22:02:40.936,0.76815,0.76824,0.75,0.90
2016.09.06 22:02:41.038,0.76815,0.76824,0.75,0.82
2016.09.06 22:02:42.442,0.76815,0.76824,0.75,0.10
2016.09.06 22:02:42.493,0.76815,0.76825,0.75,0.82
2016.09.06 22:02:45.715,0.76815,0.76823,0.75,0.10
2016.09.06 22:02:45.918,0.76815,0.76824,0.75,0.15
2016.09.06 22:02:45.969,0.76815,0.76824,0.75,0.10
2016.09.06 22:02:46.832,0.76815,0.76823,0.75,0.75
2016.09.06 22:02:46.884,0.76815,0.76821,0.75,0.10
2016.09.06 22:02:47.991,0.76816,0.76822,0.75,0.10
2016.09.06 22:02:48.066,0.76816,0.76822,0.75,0.10
2016.09.06 22:02:48.117,0.76815,0.76824,0.56,0.10
2016.09.06 22:02:48.168,0.76815,0.76825,0.37,0.82
2016.09.06 22:02:48.219,0.76812,0.76823,1.12,0.75
2016.09.06 22:02:48.424,0.76812,0.76824,1.87,0.82
2016.09.06 22:02:48.659,0.76813,0.76824,0.75,0.82
2016.09.06 22:02:50.270,0.76814,0.76824,0.75,0.82
2016.09.06 22:02:50.321,0.76814,0.76825,0.75,0.90
2016.09.06 22:02:50.423,0.76814,0.76823,0.75,0.10
2016.09.06 22:02:50.987,0.76814,0.76824,0.75,0.10
2016.09.06 22:02:51.037,0.76814,0.76825,0.75,0.82
2016.09.06 22:02:51.139,0.76814,0.76825,0.75,0.10
2016.09.06 22:02:54.448,0.76814,0.76823,0.75,0.75
2016.09.06 22:02:59.342,0.76814,0.76825,0.75,0.75
2016.09.06 22:02:59.444,0.76814,0.76825,0.75,0.75
2016.09.06 22:03:00.036,0.76814,0.76825,0.75,0.75
2016.09.06 22:03:00.174,0.76814,0.76824,0.75,0.75
2016.09.06 22:03:01.448,0.76814,0.76823,0.75,0.75
2016.09.06 22:03:02.938,0.76814,0.76823,1.50,0.75
2016.09.06 22:03:04.685,0.76814,0.76823,1.50,0.75
2016.09.06 22:03:07.762,0.76814,0.76823,1.50,0.75
2016.09.06 22:03:08.220,0.76814,0.76823,1.50,0.82
2016.09.06 22:03:08.271,0.76814,0.76823,1.50,0.10
2016.09.06 22:03:08.915,0.76814,0.76825,1.50,0.90
2016.09.06 22:03:08.966,0.76814,0.76825,1.50,0.82
2016.09.06 22:03:11.096,0.76814,0.76825,1.50,0.10
2016.09.06 22:03:12.471,0.76814,0.76819,0.75,0.75
2016.09.06 22:03:12.522,0.76813,0.76818,0.75,0.37
2016.09.06 22:03:12.573,0.76813,0.76818,0.75,0.37
2016.09.06 22:03:12.777,0.76813,0.76818,0.75,0.37
2016.09.06 22:03:12.828,0.76813,0.7682,0.75,1.50
2016.09.06 22:03:12.880,0.76813,0.76823,1.50,0.37
2016.09.06 22:03:12.931,0.76815,0.76823,0.75,0.37
2016.09.06 22:03:13.019,0.76815,0.76826,1.50,0.45
2016.09.06 22:03:13.070,0.76815,0.76826,1.50,0.10
2016.09.06 22:03:13.170,0.76815,0.76826,1.87,0.10
2016.09.06 22:03:13.272,0.76815,0.76826,1.50,0.10
2016.09.06 22:03:13.832,0.76815,0.76825,1.50,0.10
2016.09.06 22:03:13.935,0.76815,0.76825,1.50,0.15
2016.09.06 22:03:13.986,0.76815,0.76825,1.50,0.10
2016.09.06 22:03:14.037,0.76815,0.76827,1.50,0.15
2016.09.06 22:03:18.387,0.76815,0.76827,1.87,2.40
2016.09.06 22:03:18.438,0.76815,0.76827,1.12,2.40
2016.09.06 22:03:18.489,0.76814,0.76827,1.87,4.65
2016.09.06 22:03:18.541,0.76814,0.76827,1.87,4.57
2016.09.06 22:03:18.592,0.76814,0.76826,1.50,0.75
2016.09.06 22:03:20.061,0.76817,0.76827,0.75,4.57
2016.09.06 22:03:20.113,0.76817,0.76827,0.75,2.32
2016.09.06 22:03:20.164,0.76815,0.76827,1.50,0.82
2016.09.06 22:03:20.215,0.76815,0.76827,0.75,0.82
2016.09.06 22:03:20.266,0.76815,0.76826,0.75,0.75
2016.09.06 22:03:20.369,0.76814,0.76826,1.12,0.75
2016.09.06 22:03:24.055,0.76814,0.76826,1.12,0.75
2016.09.06 22:03:25.758,0.76814,0.76826,0.75,0.75
2016.09.06 22:03:26.760,0.76814,0.76826,1.12,0.75
2016.09.06 22:03:27.142,0.76816,0.76826,0.75,0.75
2016.09.06 22:03:27.193,0.76816,0.76827,0.75,2.32
2016.09.06 22:03:27.295,0.76816,0.76827,0.75,2.25
2016.09.06 22:03:27.397,0.76816,0.76827,0.75,2.32
2016.09.06 22:03:27.596,0.76816,0.76827,0.75,2.25
2016.09.06 22:03:27.702,0.76816,0.76826,0.75,0.10
2016.09.06 22:03:30.170,0.76813,0.76821,2.62,0.75
2016.09.06 22:03:30.221,0.76813,0.76821,1.31,0.75
2016.09.06 22:03:30.344,0.76813,0.76823,0.94,0.75
2016.09.06 22:03:30.548,0.76813,0.76823,0.75,0.75
2016.09.06 22:03:37.108,0.76813,0.76821,0.75,0.75
2016.09.06 22:03:37.685,0.76813,0.76823,0.75,0.75
2016.09.06 22:03:40.024,0.76813,0.76823,1.50,0.75
2016.09.06 22:03:40.125,0.76813,0.76822,0.75,0.75
2016.09.06 22:03:41.593,0.76815,0.76825,0.75,1.50
2016.09.06 22:03:41.645,0.76815,0.76826,0.75,0.82
2016.09.06 22:03:41.696,0.76815,0.76827,1.50,1.12
2016.09.06 22:03:41.747,0.76815,0.76827,1.50,1.50
2016.09.06 22:03:41.798,0.76816,0.76827,0.75,1.50
2016.09.06 22:03:41.849,0.76816,0.76827,0.75,3.75
2016.09.06 22:03:41.900,0.76815,0.76827,1.50,4.50
2016.09.06 22:03:41.951,0.76816,0.76827,0.75,2.25
2016.09.06 22:03:42.086,0.76817,0.76827,0.75,2.25
2016.09.06 22:03:42.188,0.76816,0.76827,1.50,1.50
2016.09.06 22:03:42.652,0.76816,0.76828,1.50,3.45
2016.09.06 22:03:43.024,0.76816,0.76828,1.50,0.10
2016.09.06 22:03:43.126,0.76817,0.76827,0.75,0.75
2016.09.06 22:03:43.255,0.76816,0.76828,1.50,0.10
2016.09.06 22:03:43.357,0.76816,0.76828,0.75,0.10
2016.09.06 22:03:43.511,0.76815,0.76827,1.50,0.10
2016.09.06 22:03:43.562,0.76815,0.76827,1.87,2.32
2016.09.06 22:03:43.665,0.76815,0.76827,1.87,0.10
2016.09.06 22:03:43.836,0.76815,0.76827,1.50,0.10
2016.09.06 22:03:44.663,0.76815,0.76828,1.87,4.57
2016.09.06 22:03:44.717,0.76815,0.76827,1.87,2.25
2016.09.06 22:03:44.768,0.76815,0.76827,1.50,2.25
2016.09.06 22:03:45.234,0.76815,0.76828,1.50,4.57
2016.09.06 22:03:46.205,0.76816,0.76826,0.75,0.75
2016.09.06 22:03:47.190,0.76815,0.76827,0.75,0.75
2016.09.06 22:03:47.242,0.76814,0.76825,3.56,0.10
2016.09.06 22:03:48.586,0.76816,0.76827,0.75,3.15
2016.09.06 22:03:48.637,0.76816,0.76827,0.75,2.40
2016.09.06 22:03:48.739,0.76816,0.76826,1.50,0.75
2016.09.06 22:03:49.008,0.76816,0.76827,0.75,3.15
2016.09.06 22:03:53.118,0.76816,0.76826,1.50,0.75
2016.09.06 22:03:56.071,0.76816,0.76825,1.50,0.10
2016.09.06 22:03:56.122,0.76816,0.76825,0.75,0.10
2016.09.06 22:03:56.326,0.76816,0.76825,0.75,0.15
2016.09.06 22:03:56.428,0.76816,0.76823,0.75,0.10
2016.09.06 22:03:56.984,0.76816,0.76825,0.75,0.10
2016.09.06 22:03:57.209,0.76816,0.76823,0.75,0.10
2016.09.06 22:03:57.638,0.76816,0.76821,0.75,0.10
2016.09.06 22:04:00.582,0.76816,0.76823,0.75,0.15
2016.09.06 22:04:00.694,0.76816,0.76823,0.75,0.10
2016.09.06 22:04:01.050,0.76816,0.76822,1.50,0.10
2016.09.06 22:04:01.153,0.76816,0.76826,1.50,1.20
2016.09.06 22:04:01.458,0.76816,0.76826,1.50,1.85
2016.09.06 22:04:01.509,0.76816,0.76824,1.50,1.12
2016.09.06 22:04:02.896,0.76816,0.76826,1.50,1.20
2016.09.06 22:04:03.245,0.76816,0.76826,1.50,1.00
2016.09.06 22:04:03.550,0.76816,0.76826,1.50,1.00
2016.09.06 22:04:03.755,0.76816,0.76826,1.50,1.00
2016.09.06 22:04:04.448,0.76816,0.76826,1.50,1.10
2016.09.06 22:04:04.602,0.76816,0.76826,1.00,1.10
2016.09.06 22:04:04.653,0.76816,0.76825,1.00,1.00
2016.09.06 22:04:04.756,0.76815,0.76827,1.12,3.07
2016.09.06 22:04:04.807,0.76815,0.76827,1.87,3.07
2016.09.06 22:04:06.906,0.76815,0.76827,1.87,4.01
2016.09.06 22:04:06.957,0.76814,0.76822,1.37,1.00
2016.09.06 22:04:07.059,0.76813,0.76822,1.00,1.00
2016.09.06 22:04:07.568,0.76813,0.76821,1.00,1.00
2016.09.06 22:04:10.521,0.76812,0.76821,1.00,1.00
2016.09.06 22:04:10.622,0.76811,0.76823,1.87,1.00
2016.09.06 22:04:10.725,0.76811,0.76823,1.87,1.12
2016.09.06 22:04:10.826,0.76811,0.76823,1.87,1.10
2016.09.06 22:04:11.715,0.76811,0.76823,1.87,1.00
2016.09.06 22:04:11.766,0.76811,0.76823,1.50,1.00
2016.09.06 22:04:11.973,0.76811,0.76823,1.87,1.00
2016.09.06 22:04:15.811,0.76811,0.76823,1.50,1.00
2016.09.06 22:04:16.435,0.76811,0.76823,1.50,1.10
2016.09.06 22:04:18.510,0.76811,0.76823,1.50,1.00
2016.09.06 22:04:18.561,0.76811,0.76823,1.50,1.00
2016.09.06 22:04:23.663,0.76811,0.76822,1.50,1.20
2016.09.06 22:04:23.714,0.76811,0.76821,1.50,1.50
2016.09.06 22:04:23.765,0.7681,0.76819,1.00,1.87
2016.09.06 22:04:23.816,0.7681,0.76819,1.12,1.87
2016.09.06 22:04:23.867,0.7681,0.76821,1.12,4.12
2016.09.06 22:04:23.918,0.7681,0.76821,1.00,3.00
2016.09.06 22:04:23.969,0.76812,0.76821,1.00,1.00
2016.09.06 22:04:24.071,0.76812,0.76822,1.00,1.25
2016.09.06 22:04:25.073,0.76812,0.76822,1.00,2.06
2016.09.06 22:04:25.175,0.76811,0.76821,1.50,3.00
2016.09.06 22:04:25.277,0.76811,0.76821,1.50,4.12
2016.09.06 22:04:26.089,0.76811,0.76821,1.50,1.00
2016.09.06 22:04:26.140,0.76811,0.76822,1.50,1.69
2016.09.06 22:04:26.191,0.76811,0.76823,1.50,1.29
2016.09.06 22:04:30.080,0.76813,0.76824,1.00,2.14
2016.09.06 22:04:30.131,0.76813,0.76824,1.00,1.95
2016.09.06 22:04:30.182,0.76813,0.76825,1.50,3.07
2016.09.06 22:04:30.284,0.76814,0.76825,1.00,1.00
2016.09.06 22:04:30.385,0.76813,0.76825,1.50,1.50
2016.09.06 22:04:30.436,0.76813,0.76825,1.50,2.25
2016.09.06 22:04:30.487,0.76813,0.76825,1.50,1.75
2016.09.06 22:04:30.691,0.76813,0.76825,3.37,2.25
2016.09.06 22:04:30.742,0.76813,0.76824,3.37,1.12
2016.09.06 22:04:31.283,0.76813,0.76824,1.87,1.12
2016.09.06 22:04:31.385,0.76813,0.76825,1.87,1.75
2016.09.06 22:04:31.668,0.76813,0.76825,1.87,2.25
2016.09.06 22:04:31.751,0.76814,0.76823,1.00,2.17
2016.09.06 22:04:31.803,0.76814,0.76823,1.00,3.67
2016.09.06 22:04:31.856,0.76813,0.76823,1.50,2.02
2016.09.06 22:04:32.718,0.76813,0.76823,1.50,2.77
2016.09.06 22:04:32.986,0.76813,0.76823,1.00,2.40
2016.09.06 22:04:33.095,0.76813,0.76823,1.00,2.77
2016.09.06 22:04:33.146,0.76813,0.76823,1.00,2.02
2016.09.06 22:04:33.197,0.76812,0.76823,1.50,2.02
2016.09.06 22:04:33.248,0.76813,0.76823,1.00,2.02
2016.09.06 22:04:33.788,0.76814,0.76823,1.00,2.02
2016.09.06 22:04:33.839,0.76814,0.76823,1.00,2.47
2016.09.06 22:04:35.146,0.76814,0.76823,1.00,3.22
2016.09.06 22:04:35.197,0.76813,0.76823,1.50,3.22
2016.09.06 22:04:35.248,0.76813,0.76823,1.50,3.52
2016.09.06 22:04:35.299,0.76813,0.76822,1.50,2.17
2016.09.06 22:04:35.440,0.76813,0.76822,1.50,2.10
2016.09.06 22:04:35.592,0.76813,0.76822,1.00,2.10
2016.09.06 22:04:36.047,0.76813,0.76821,1.00,2.10
2016.09.06 22:04:36.098,0.76813,0.76821,1.00,2.85
2016.09.06 22:04:36.607,0.76813,0.76821,1.00,2.85
2016.09.06 22:04:36.718,0.76813,0.76821,1.00,1.00
2016.09.06 22:04:36.808,0.76813,0.76823,1.00,2.25
2016.09.06 22:04:37.128,0.76813,0.76824,1.00,2.36
2016.09.06 22:04:37.230,0.76813,0.76824,1.00,3.56
2016.09.06 22:04:37.281,0.76813,0.76824,1.50,3.56
2016.09.06 22:04:37.383,0.76813,0.76824,1.00,3.56
2016.09.06 22:04:38.019,0.76813,0.76824,1.00,4.31
2016.09.06 22:04:38.650,0.76813,0.76824,1.00,3.56
2016.09.06 22:04:38.701,0.76813,0.76823,1.00,1.42
2016.09.06 22:04:38.752,0.76813,0.76822,1.00,2.10
2016.09.06 22:04:38.803,0.76813,0.76821,1.00,3.00
2016.09.06 22:04:38.925,0.76813,0.76824,1.00,4.99
2016.09.06 22:04:39.027,0.76813,0.76824,1.00,4.09
2016.09.06 22:04:39.079,0.76813,0.76822,1.00,1.00
2016.09.06 22:04:39.130,0.76813,0.76822,1.00,1.35
2016.09.06 22:04:39.385,0.76816,0.76824,1.00,1.57
2016.09.06 22:04:39.436,0.76816,0.76824,1.00,1.50
2016.09.06 22:04:39.539,0.76816,0.76824,1.00,1.35
2016.09.06 22:04:39.591,0.76816,0.76825,1.00,1.60
2016.09.06 22:04:39.643,0.76816,0.76825,1.00,1.37
2016.09.06 22:04:39.695,0.76816,0.76823,1.00,1.35
2016.09.06 22:04:39.817,0.76816,0.76826,1.00,1.65
2016.09.06 22:04:39.869,0.76816,0.76825,1.00,1.40
2016.09.06 22:04:45.479,0.76816,0.76825,1.00,1.30
2016.09.06 22:04:47.052,0.76816,0.76822,1.00,1.20
2016.09.06 22:04:47.227,0.76812,0.76821,1.00,1.20
2016.09.06 22:04:47.278,0.76811,0.76821,1.12,1.20
2016.09.06 22:04:47.329,0.76811,0.76822,1.00,1.65
2016.09.06 22:04:48.130,0.76811,0.76817,1.00,1.12
2016.09.06 22:04:48.182,0.76809,0.76816,1.37,1.00
2016.09.06 22:04:48.233,0.76807,0.76815,1.00,1.00
2016.09.06 22:04:48.336,0.76807,0.76814,1.00,1.00
2016.09.06 22:04:48.388,0.76804,0.76815,1.00,1.00
2016.09.06 22:04:48.490,0.76806,0.76813,1.00,1.00
2016.09.06 22:04:48.593,0.76803,0.76814,2.32,1.00
2016.09.06 22:04:48.644,0.76803,0.76814,2.70,1.00
2016.09.06 22:04:48.747,0.76803,0.76813,3.07,1.00
2016.09.06 22:04:48.798,0.76805,0.76813,1.00,1.00
2016.09.06 22:04:48.966,0.76805,0.76816,1.87,1.00
2016.09.06 22:04:49.017,0.76806,0.76819,1.12,2.62
2016.09.06 22:04:49.069,0.76806,0.76818,1.12,1.57
2016.09.06 22:04:49.120,0.76805,0.76815,1.37,1.00
2016.09.06 22:04:49.172,0.76806,0.76814,1.37,1.00
2016.09.06 22:04:49.223,0.76805,0.76814,1.87,1.00
2016.09.06 22:04:49.274,0.76806,0.76816,1.50,1.00
2016.09.06 22:04:49.325,0.76806,0.76816,1.50,1.00
2016.09.06 22:04:49.377,0.76806,0.76815,1.00,1.00
2016.09.06 22:04:49.784,0.76808,0.76817,1.00,1.00
2016.09.06 22:04:49.835,0.76808,0.76817,1.00,1.12
2016.09.06 22:04:49.886,0.76808,0.76818,1.00,1.50
2016.09.06 22:04:49.937,0.76808,0.76818,1.00,1.12
2016.09.06 22:04:50.078,0.76808,0.76816,1.00,1.00
2016.09.06 22:04:51.434,0.76808,0.76816,1.00,1.00
2016.09.06 22:04:52.027,0.76808,0.76816,1.00,1.00
2016.09.06 22:04:54.312,0.76808,0.76816,1.00,1.00
2016.09.06 22:04:54.415,0.76808,0.76816,1.00,1.00
2016.09.06 22:04:55.289,0.76808,0.76815,1.00,1.00
2016.09.06 22:04:55.396,0.76808,0.76816,1.00,1.00
2016.09.06 22:04:55.498,0.76808,0.76817,1.00,1.50
2016.09.06 22:04:55.601,0.76808,0.76816,1.00,1.00
2016.09.06 22:04:59.125,0.76806,0.76816,2.25,1.00
2016.09.06 22:04:59.227,0.76806,0.76817,2.40,1.50
2016.09.06 22:05:00.173,0.76806,0.76817,2.40,1.00
2016.09.06 22:05:00.225,0.76806,0.76816,1.00,1.00
2016.09.06 22:05:00.537,0.76806,0.76816,1.00,1.00
2016.09.06 22:05:03.245,0.76806,0.76814,1.00,1.00
2016.09.06 22:05:08.555,0.76806,0.76816,1.00,1.00
2016.09.06 22:05:10.456,0.76806,0.76816,1.12,1.00
2016.09.06 22:05:12.742,0.76806,0.76817,1.12,1.00
2016.09.06 22:05:12.793,0.76806,0.76817,1.00,2.25
2016.09.06 22:05:13.564,0.76806,0.76815,1.50,1.00
2016.09.06 22:05:14.009,0.76806,0.76815,1.57,1.00
2016.09.06 22:05:14.060,0.76806,0.76817,1.10,2.25
2016.09.06 22:05:14.265,0.76806,0.76816,1.10,1.00
2016.09.06 22:05:14.367,0.76806,0.76816,1.57,1.00
2016.09.06 22:05:22.595,0.76806,0.76816,1.57,1.00
2016.09.06 22:05:22.697,0.76806,0.76815,1.10,1.00
2016.09.06 22:05:23.212,0.76806,0.76814,1.10,1.00
2016.09.06 22:05:31.416,0.76806,0.76814,1.20,1.00
2016.09.06 22:05:31.467,0.76806,0.76814,1.10,1.00
2016.09.06 22:05:32.702,0.76806,0.76814,1.00,1.00
2016.09.06 22:05:32.804,0.76806,0.76816,1.00,1.00
2016.09.06 22:05:32.865,0.76806,0.76816,1.12,1.00
2016.09.06 22:05:32.929,0.76806,0.76815,1.12,1.00
2016.09.06 22:05:33.101,0.76806,0.76815,1.00,1.00
2016.09.06 22:05:35.330,0.76806,0.76815,1.00,1.00
2016.09.06 22:05:35.381,0.7681,0.76818,1.12,1.00
2016.09.06 22:05:35.432,0.7681,0.76818,1.12,1.00
2016.09.06 22:05:35.483,0.76807,0.76817,1.75,2.25
2016.09.06 22:05:35.589,0.76808,0.76818,1.12,1.12
2016.09.06 22:05:35.640,0.76808,0.76818,1.00,1.12
2016.09.06 22:05:35.692,0.76807,0.76816,1.10,1.00
2016.09.06 22:05:35.743,0.76807,0.76816,1.50,1.00
2016.09.06 22:05:35.794,0.76807,0.76818,1.12,1.00
2016.09.06 22:05:35.896,0.76807,0.76819,1.12,1.12
2016.09.06 22:05:36.101,0.76807,0.76819,1.60,1.50
2016.09.06 22:05:36.305,0.76806,0.76819,1.39,1.50
2016.09.06 22:05:36.509,0.76806,0.76819,2.06,1.50
2016.09.06 22:05:36.560,0.76807,0.76819,1.20,1.50
2016.09.06 22:05:36.611,0.76807,0.76819,2.44,1.50
2016.09.06 22:05:36.662,0.76807,0.76819,1.69,1.50
2016.09.06 22:05:36.764,0.76807,0.76819,1.76,1.50
2016.09.06 22:05:37.097,0.76807,0.76819,1.69,1.50
2016.09.06 22:05:39.331,0.76807,0.76819,1.50,1.12
2016.09.06 22:05:39.534,0.76807,0.76819,1.50,1.50
2016.09.06 22:05:39.810,0.76807,0.7682,2.25,1.75
2016.09.06 22:05:41.894,0.76807,0.7682,2.25,1.50
2016.09.06 22:05:42.030,0.76807,0.7682,2.62,1.50
2016.09.06 22:05:42.081,0.76807,0.7682,1.12,1.50
2016.09.06 22:05:42.234,0.76807,0.7682,1.00,1.50
2016.09.06 22:05:42.285,0.76807,0.7682,1.00,1.50
2016.09.06 22:05:42.336,0.76807,0.7682,1.00,1.75
2016.09.06 22:05:43.114,0.76807,0.7682,1.10,1.75
2016.09.06 22:05:44.226,0.76807,0.7682,1.00,1.75
2016.09.06 22:05:44.993,0.76807,0.7682,1.00,1.50
2016.09.06 22:05:46.572,0.76807,0.7682,1.50,1.50
2016.09.06 22:05:46.624,0.76807,0.76818,1.00,1.00
2016.09.06 22:05:46.726,0.76807,0.76816,1.00,1.00
2016.09.06 22:05:47.235,0.76807,0.76815,1.00,1.00
2016.09.06 22:05:48.805,0.76807,0.76816,1.00,1.00
2016.09.06 22:05:49.011,0.76807,0.76817,1.00,1.00
2016.09.06 22:05:49.909,0.76807,0.76817,1.00,1.50
2016.09.06 22:05:51.842,0.76807,0.76817,1.00,1.00
2016.09.06 22:05:52.516,0.76807,0.76816,1.00,1.00
2016.09.06 22:05:54.212,0.76807,0.76817,1.00,1.00
2016.09.06 22:05:54.723,0.76807,0.76816,1.00,1.00
2016.09.06 22:05:58.576,0.76807,0.76816,1.00,1.00
2016.09.06 22:06:02.207,0.76807,0.76815,1.00,1.00
2016.09.06 22:06:04.501,0.76806,0.76815,1.10,1.00
2016.09.06 22:06:04.552,0.76806,0.76817,1.10,1.50
2016.09.06 22:06:04.654,0.76806,0.76816,1.10,1.00
2016.09.06 22:06:05.535,0.76804,0.76814,1.87,1.00
2016.09.06 22:06:07.504,0.76804,0.76814,1.12,1.00
2016.09.06 22:06:07.759,0.76803,0.76813,1.45,1.00
2016.09.06 22:06:08.353,0.76802,0.76812,1.87,1.00
2016.09.06 22:06:08.404,0.76802,0.76812,2.62,1.00
2016.09.06 22:06:08.456,0.76802,0.76812,1.95,1.00
2016.09.06 22:06:08.508,0.76802,0.76812,2.70,1.00
2016.09.06 22:06:08.560,0.76803,0.76813,1.57,1.00
2016.09.06 22:06:08.611,0.76804,0.76813,1.12,1.00
2016.09.06 22:06:08.663,0.76804,0.76815,1.87,1.00
2016.09.06 22:06:08.765,0.76804,0.76816,1.20,1.00
2016.09.06 22:06:08.816,0.76804,0.76816,1.10,1.00
2016.09.06 22:06:08.868,0.76804,0.76816,1.10,1.00
2016.09.06 22:06:09.033,0.76804,0.76814,1.10,1.00
2016.09.06 22:06:09.441,0.76802,0.76813,1.50,1.00
2016.09.06 22:06:09.544,0.76803,0.76813,1.75,1.00
2016.09.06 22:06:09.647,0.76801,0.76813,3.00,1.00
2016.09.06 22:06:09.698,0.76801,0.76813,2.25,1.00
2016.09.06 22:06:09.749,0.76801,0.76814,2.62,1.00
2016.09.06 22:06:09.801,0.76801,0.76814,4.12,1.00
2016.09.06 22:06:09.922,0.76804,0.76814,1.57,1.00
2016.09.06 22:06:17.544,0.76804,0.76814,1.50,1.00
2016.09.06 22:06:24.175,0.76805,0.76814,1.00,1.00
2016.09.06 22:06:24.302,0.76805,0.76816,1.00,1.50
2016.09.06 22:06:24.509,0.76805,0.76816,1.00,1.00
2016.09.06 22:06:25.026,0.76804,0.76816,1.00,1.00
2016.09.06 22:06:33.739,0.76804,0.76816,1.00,1.00
2016.09.06 22:06:33.859,0.76804,0.76816,1.00,1.00
2016.09.06 22:06:33.910,0.76804,0.76816,1.00,1.50
2016.09.06 22:06:44.726,0.76804,0.76816,1.00,1.00
2016.09.06 22:06:44.777,0.76803,0.76816,1.95,1.00
2016.09.06 22:06:44.828,0.76803,0.76816,3.07,1.00
2016.09.06 22:06:44.879,0.76803,0.76817,1.57,1.50
2016.09.06 22:06:44.930,0.76803,0.76817,2.25,1.50
2016.09.06 22:06:44.981,0.76803,0.76816,3.07,1.00
2016.09.06 22:06:45.199,0.76803,0.76816,4.12,1.00
2016.09.06 22:06:45.403,0.76803,0.76816,3.37,1.00
2016.09.06 22:06:49.792,0.76805,0.76818,1.10,1.00
2016.09.06 22:06:49.996,0.76806,0.76818,1.00,1.00
2016.09.06 22:06:50.267,0.76806,0.76818,1.00,1.00
2016.09.06 22:06:50.318,0.76805,0.76817,1.10,1.00
2016.09.06 22:06:50.369,0.76805,0.76817,1.20,1.00
2016.09.06 22:06:50.420,0.76804,0.76817,1.50,1.00
2016.09.06 22:06:53.339,0.76806,0.76816,1.00,1.00
2016.09.06 22:06:57.401,0.76807,0.76817,1.00,1.00
2016.09.06 22:06:57.503,0.76806,0.76819,1.00,1.20
2016.09.06 22:06:58.390,0.76807,0.76817,1.00,1.00
2016.09.06 22:07:00.209,0.76806,0.76819,1.00,2.25
2016.09.06 22:07:00.362,0.76806,0.76819,1.10,2.25
2016.09.06 22:07:00.617,0.76806,0.76819,1.10,1.12
2016.09.06 22:07:00.770,0.76806,0.76819,1.12,1.12
2016.09.06 22:07:00.923,0.76806,0.76819,1.00,1.12
2016.09.06 22:07:04.221,0.76805,0.76818,1.00,1.10
2016.09.06 22:07:04.323,0.76805,0.76818,1.00,1.00
2016.09.06 22:07:04.425,0.76805,0.76817,1.00,1.00
2016.09.06 22:07:04.771,0.76805,0.76817,1.00,1.00
2016.09.06 22:07:04.903,0.76804,0.76818,2.62,1.00
2016.09.06 22:07:05.033,0.76804,0.76818,2.62,1.20
2016.09.06 22:07:05.575,0.76804,0.76818,2.25,1.20
2016.09.06 22:07:05.626,0.76804,0.76818,2.25,1.27
2016.09.06 22:07:08.036,0.76804,0.76818,2.32,1.12
2016.09.06 22:07:08.203,0.76804,0.76815,1.57,1.00
2016.09.06 22:07:08.254,0.76804,0.76816,1.87,1.00
2016.09.06 22:07:08.305,0.76803,0.76816,2.70,1.00
2016.09.06 22:07:08.357,0.76803,0.76816,3.07,1.00
2016.09.06 22:07:08.632,0.76803,0.76816,3.82,1.00
2016.09.06 22:07:09.585,0.76803,0.76816,3.15,1.00
2016.09.06 22:07:10.172,0.76803,0.76816,2.40,1.00
2016.09.06 22:07:10.224,0.76803,0.76816,1.27,1.00
2016.09.06 22:07:10.276,0.76803,0.76816,2.62,1.00
2016.09.06 22:07:10.742,0.76803,0.76816,3.37,1.00
2016.09.06 22:07:10.945,0.76803,0.76816,2.62,1.00
2016.09.06 22:07:12.795,0.76803,0.76816,1.95,1.00
2016.09.06 22:07:13.148,0.76803,0.76816,2.70,1.00
2016.09.06 22:07:13.902,0.76803,0.76816,3.45,1.00
2016.09.06 22:07:13.953,0.76807,0.76818,1.00,1.00
2016.09.06 22:07:14.055,0.76804,0.76817,1.87,1.00
2016.09.06 22:07:14.106,0.76804,0.76817,1.87,1.00
2016.09.06 22:07:14.158,0.76804,0.76816,1.12,1.00
2016.09.06 22:07:14.209,0.76803,0.76816,3.60,1.00
2016.09.06 22:07:14.310,0.76803,0.76816,5.10,1.00
2016.09.06 22:07:14.805,0.76803,0.76816,4.20,1.00
2016.09.06 22:07:14.855,0.76803,0.76816,5.32,1.00
2016.09.06 22:07:14.906,0.76803,0.76816,3.82,1.00
2016.09.06 22:07:14.957,0.76805,0.76817,1.12,1.00
2016.09.06 22:07:15.008,0.76805,0.76817,1.20,1.00
2016.09.06 22:07:15.059,0.76806,0.76817,1.10,1.00
2016.09.06 22:07:15.110,0.76806,0.76817,1.00,1.00
2016.09.06 22:07:15.212,0.76806,0.76816,1.10,1.00
2016.09.06 22:07:15.263,0.76806,0.76817,1.10,1.00
2016.09.06 22:07:16.411,0.76806,0.76817,1.00,1.00
2016.09.06 22:07:19.154,0.76806,0.76817,1.20,1.00
2016.09.06 22:07:21.273,0.76804,0.76815,3.75,1.00
2016.09.06 22:07:21.325,0.76804,0.76815,2.25,1.00
2016.09.06 22:07:21.376,0.76805,0.76815,1.12,1.00
2016.09.06 22:07:21.705,0.76804,0.76815,2.02,1.00
2016.09.06 22:07:21.934,0.76804,0.76815,1.27,1.00
2016.09.06 22:07:25.230,0.76804,0.76816,1.27,1.00
2016.09.06 22:07:25.753,0.76804,0.76816,1.20,1.00
2016.09.06 22:07:25.951,0.76803,0.76815,4.12,1.00
2016.09.06 22:07:26.053,0.76803,0.76814,2.62,1.00
2016.09.06 22:07:26.154,0.76804,0.76815,1.27,1.00
2016.09.06 22:07:26.340,0.76803,0.76814,1.87,1.00
2016.09.06 22:07:26.442,0.76803,0.76814,2.62,1.00
2016.09.06 22:07:26.733,0.76803,0.76816,2.62,1.00
2016.09.06 22:07:26.937,0.76803,0.76815,1.87,1.00
2016.09.06 22:07:29.568,0.76803,0.76815,2.62,1.00
2016.09.06 22:07:36.193,0.76805,0.76816,1.00,1.00
2016.09.06 22:07:36.244,0.76805,0.76816,1.00,1.50
2016.09.06 22:07:36.295,0.76803,0.76813,1.12,1.00
2016.09.06 22:07:36.392,0.76802,0.76813,2.25,1.00
2016.09.06 22:07:36.445,0.76802,0.76813,1.87,1.00
2016.09.06 22:07:36.497,0.76801,0.76812,2.62,1.00
2016.09.06 22:07:36.548,0.76801,0.76812,2.25,1.00
2016.09.06 22:07:36.600,0.76801,0.76812,1.87,1.00
2016.09.06 22:07:36.651,0.76801,0.76812,1.57,1.00
2016.09.06 22:07:39.668,0.76801,0.76814,3.07,1.00
2016.09.06 22:07:39.719,0.76802,0.76814,1.12,1.00
2016.09.06 22:07:39.771,0.76802,0.76815,1.12,1.00
2016.09.06 22:07:39.851,0.76803,0.76815,1.10,1.00
2016.09.06 22:07:39.902,0.76803,0.76815,1.12,1.00
2016.09.06 22:07:39.953,0.76802,0.76815,1.87,1.00
2016.09.06 22:07:40.463,0.76802,0.76815,3.37,1.00
2016.09.06 22:07:40.515,0.76802,0.76815,2.70,1.00
2016.09.06 22:07:43.016,0.76802,0.76815,3.37,1.00
2016.09.06 22:07:47.395,0.76802,0.76813,2.62,1.00
2016.09.06 22:07:47.503,0.76802,0.76813,1.87,1.00
2016.09.06 22:07:47.607,0.76802,0.76813,2.62,1.00
2016.09.06 22:07:47.658,0.76803,0.76813,1.12,1.00
2016.09.06 22:07:50.249,0.76802,0.76813,1.87,1.00
2016.09.06 22:07:53.156,0.76802,0.76813,2.62,1.00
2016.09.06 22:07:53.208,0.76802,0.76815,1.12,1.00
2016.09.06 22:07:53.310,0.76802,0.76815,1.87,1.00
2016.09.06 22:07:55.300,0.76802,0.76814,1.12,1.00
2016.09.06 22:07:59.039,0.76801,0.76814,4.20,1.00
2016.09.06 22:07:59.090,0.76801,0.76812,2.32,1.00
2016.09.06 22:07:59.243,0.768,0.76812,4.87,1.00
2016.09.06 22:07:59.575,0.76801,0.76813,1.57,1.00
2016.09.06 22:07:59.626,0.76801,0.76813,3.07,1.00
2016.09.06 22:07:59.678,0.76802,0.76813,1.50,1.00
2016.09.06 22:07:59.779,0.76802,0.76813,1.57,1.00
2016.09.06 22:08:00.101,0.76801,0.76813,2.62,1.00
2016.09.06 22:08:00.203,0.76802,0.76812,1.57,1.00
2016.09.06 22:08:04.719,0.76801,0.76814,2.62,1.00
2016.09.06 22:08:04.821,0.76801,0.76814,3.37,1.00
2016.09.06 22:08:12.423,0.76801,0.76814,2.62,1.00
2016.09.06 22:08:12.527,0.76801,0.76811,3.37,1.00
2016.09.06 22:08:13.040,0.76801,0.76812,3.37,1.00
2016.09.06 22:08:17.245,0.76801,0.76814,2.62,1.00
2016.09.06 22:08:17.296,0.76801,0.76814,2.62,1.00
2016.09.06 22:08:17.348,0.76801,0.76814,2.32,1.00
2016.09.06 22:08:17.399,0.76802,0.76815,1.12,1.00
2016.09.06 22:08:17.569,0.76803,0.76816,1.00,1.10
2016.09.06 22:08:17.688,0.76803,0.76816,1.00,1.20
2016.09.06 22:08:17.842,0.76802,0.76815,1.00,1.00
2016.09.06 22:08:18.357,0.76802,0.76815,2.25,1.00
2016.09.06 22:08:18.561,0.76802,0.76815,2.25,1.00
2016.09.06 22:08:22.837,0.76802,0.76814,1.50,1.00
2016.09.06 22:08:23.648,0.76801,0.76814,3.45,1.00
2016.09.06 22:08:23.699,0.76801,0.76814,3.37,1.00
2016.09.06 22:08:23.750,0.76801,0.76812,1.47,1.00
2016.09.06 22:08:23.802,0.76801,0.76812,1.95,1.00
2016.09.06 22:08:23.898,0.76801,0.76812,1.57,1.00
2016.09.06 22:08:23.951,0.76801,0.76813,2.25,1.00
2016.09.06 22:08:24.054,0.76801,0.76812,1.10,1.00
2016.09.06 22:08:24.158,0.76801,0.76812,1.50,1.00
2016.09.06 22:08:24.209,0.76801,0.76812,1.87,1.00
2016.09.06 22:08:24.311,0.76802,0.76812,1.75,1.00
2016.09.06 22:08:24.742,0.76801,0.76812,1.87,1.00
2016.09.06 22:08:26.685,0.76801,0.76812,1.50,1.00
2016.09.06 22:08:26.736,0.76801,0.76812,1.12,1.00
2016.09.06 22:08:31.547,0.768,0.76811,3.82,1.00
2016.09.06 22:08:32.566,0.768,0.76811,2.32,1.00
2016.09.06 22:08:33.122,0.768,0.76813,2.32,1.00
2016.09.06 22:08:33.391,0.768,0.76813,1.65,1.00
2016.09.06 22:08:33.442,0.768,0.76813,1.57,1.00
2016.09.06 22:08:33.494,0.768,0.76813,3.07,1.00
2016.09.06 22:08:42.669,0.768,0.76813,1.57,1.00
2016.09.06 22:08:45.938,0.768,0.76813,1.87,1.00
2016.09.06 22:08:46.046,0.768,0.76813,2.25,1.00
2016.09.06 22:08:50.476,0.76802,0.76813,1.00,1.00
2016.09.06 22:08:50.629,0.76802,0.76813,1.00,1.00
2016.09.06 22:08:50.745,0.76801,0.76812,1.20,1.00
2016.09.06 22:08:50.797,0.76801,0.76812,1.87,1.25
2016.09.06 22:08:51.107,0.76801,0.76812,1.20,1.25
2016.09.06 22:08:51.158,0.76801,0.76812,1.10,1.25
2016.09.06 22:08:52.546,0.76801,0.76812,1.87,1.25
2016.09.06 22:08:53.747,0.76801,0.76812,1.12,1.25
2016.09.06 22:08:53.798,0.76801,0.76812,1.00,1.25
2016.09.06 22:08:53.955,0.76801,0.76811,1.00,1.00
2016.09.06 22:08:55.229,0.768,0.76811,1.00,1.00
2016.09.06 22:08:55.686,0.76799,0.76811,3.90,1.00
2016.09.06 22:08:55.788,0.76799,0.7681,3.15,1.00
2016.09.06 22:08:55.839,0.76799,0.7681,3.82,1.00
2016.09.06 22:08:55.890,0.76799,0.76811,4.12,1.00
2016.09.06 22:08:56.488,0.76799,0.76811,3.75,1.00
2016.09.06 22:08:56.589,0.76799,0.76811,4.50,1.00
2016.09.06 22:08:56.692,0.76799,0.76811,3.75,1.00
2016.09.06 22:08:56.895,0.76799,0.76811,4.50,1.00
2016.09.06 22:08:57.610,0.76799,0.76811,3.75,1.00
2016.09.06 22:09:00.211,0.76799,0.76811,4.50,1.00
2016.09.06 22:09:00.262,0.76799,0.76811,3.37,1.00
2016.09.06 22:09:00.313,0.76799,0.76811,2.62,1.00
2016.09.06 22:09:01.699,0.76799,0.76811,2.70,1.00
2016.09.06 22:09:01.750,0.76799,0.76811,3.07,1.00
2016.09.06 22:09:03.555,0.76799,0.76811,3.82,1.00
2016.09.06 22:09:03.606,0.76799,0.76811,3.07,1.00
2016.09.06 22:09:03.659,0.768,0.76811,1.12,1.00
2016.09.06 22:09:03.761,0.76799,0.76811,4.12,1.00
2016.09.06 22:09:03.864,0.76799,0.76811,3.37,1.00
2016.09.06 22:09:04.074,0.76799,0.76811,3.07,1.00
2016.09.06 22:09:05.315,0.768,0.76811,1.12,1.00
2016.09.06 22:09:05.367,0.76802,0.76815,1.00,1.00
2016.09.06 22:09:05.418,0.76802,0.76815,2.62,1.00
2016.09.06 22:09:05.469,0.76804,0.76816,1.10,1.00
2016.09.06 22:09:05.520,0.76804,0.76816,1.12,1.00
2016.09.06 22:09:05.571,0.76803,0.76816,2.62,1.00
2016.09.06 22:09:05.673,0.76804,0.76816,1.12,1.00
2016.09.06 22:09:05.724,0.76803,0.76816,3.00,1.00
2016.09.06 22:09:05.775,0.76803,0.76816,2.62,1.00
2016.09.06 22:09:05.876,0.76804,0.76817,1.20,1.00
2016.09.06 22:09:05.927,0.76804,0.76817,1.20,1.00
2016.09.06 22:09:06.080,0.76804,0.76817,1.00,1.00
2016.09.06 22:09:06.527,0.76805,0.76817,1.20,1.00
2016.09.06 22:09:06.578,0.76804,0.76817,1.87,1.00
2016.09.06 22:09:06.680,0.76804,0.76816,1.12,1.00
2016.09.06 22:09:06.732,0.76803,0.76816,3.00,1.00
2016.09.06 22:09:06.987,0.76803,0.76816,2.62,1.00
2016.09.06 22:09:07.038,0.76803,0.76816,2.25,1.00
2016.09.06 22:09:07.987,0.76803,0.76816,2.62,1.00
2016.09.06 22:09:08.512,0.76803,0.76816,2.25,1.00
2016.09.06 22:09:18.394,0.76803,0.76816,1.95,1.00
2016.09.06 22:09:19.384,0.76803,0.76816,1.87,1.00
2016.09.06 22:09:19.492,0.76803,0.76815,1.12,1.00
2016.09.06 22:09:19.594,0.76803,0.76815,1.00,1.00
2016.09.06 22:09:35.561,0.76802,0.76815,2.40,1.00
2016.09.06 22:09:35.612,0.76802,0.76814,1.65,1.00
2016.09.06 22:09:35.663,0.76802,0.76814,1.50,1.00
2016.09.06 22:09:38.387,0.76802,0.76814,1.95,1.00
2016.09.06 22:09:38.438,0.76804,0.76817,1.00,1.00
2016.09.06 22:09:38.534,0.76804,0.76816,1.00,1.00
2016.09.06 22:09:39.911,0.76803,0.76815,1.00,1.00
2016.09.06 22:09:39.962,0.76803,0.76815,1.00,1.00
2016.09.06 22:09:40.827,0.76803,0.76816,1.10,1.00
2016.09.06 22:09:40.929,0.76802,0.76816,2.62,1.00
2016.09.06 22:09:41.030,0.76804,0.76815,1.00,1.00
2016.09.06 22:09:43.226,0.76805,0.76817,1.00,1.00
2016.09.06 22:09:43.354,0.76805,0.76816,1.00,1.00
2016.09.06 22:09:48.434,0.76805,0.76817,1.00,1.00
2016.09.06 22:09:50.995,0.76805,0.76817,1.00,1.00
2016.09.06 22:09:51.046,0.76804,0.76816,1.50,1.00
2016.09.06 22:09:51.097,0.76804,0.76816,1.00,1.00
2016.09.06 22:09:51.637,0.76804,0.76815,1.00,1.00
2016.09.06 22:09:52.341,0.76805,0.76817,1.00,1.00
2016.09.06 22:09:52.392,0.76805,0.76817,1.00,1.00
2016.09.06 22:09:56.473,0.76805,0.76818,1.00,1.50
2016.09.06 22:09:56.575,0.76805,0.76817,1.00,1.00
2016.09.06 22:10:00.240,0.76804,0.76817,1.00,1.00
2016.09.06 22:10:00.291,0.76804,0.76817,1.50,1.00
2016.09.06 22:10:01.629,0.76804,0.76817,1.87,1.00
2016.09.06 22:10:01.680,0.76806,0.76817,1.00,1.00
2016.09.06 22:10:03.339,0.76804,0.76817,1.50,1.00
2016.09.06 22:10:03.390,0.76804,0.76815,1.50,1.00
2016.09.06 22:10:05.051,0.76804,0.76815,1.87,1.00
2016.09.06 22:10:05.255,0.76804,0.76815,1.50,1.00
2016.09.06 22:10:05.306,0.76804,0.76815,1.00,1.00
2016.09.06 22:10:06.275,0.76804,0.76816,1.00,1.00
2016.09.06 22:10:06.801,0.76804,0.76815,1.00,1.00
2016.09.06 22:10:14.847,0.76804,0.76815,1.10,1.00
2016.09.06 22:10:16.615,0.76803,0.76815,3.82,1.00
2016.09.06 22:10:17.134,0.76803,0.76816,3.82,1.00
2016.09.06 22:10:21.283,0.76803,0.76816,2.32,1.00
2016.09.06 22:10:21.385,0.76803,0.76814,1.95,1.00
2016.09.06 22:10:21.436,0.76803,0.76814,1.50,1.00
2016.09.06 22:10:21.589,0.76802,0.76814,1.20,1.00
2016.09.06 22:10:26.434,0.76803,0.76814,1.00,1.00
2016.09.06 22:10:31.657,0.76803,0.76814,1.37,1.00
2016.09.06 22:10:36.473,0.76803,0.76814,1.87,1.00
2016.09.06 22:10:36.524,0.76803,0.76816,1.87,1.00
2016.09.06 22:10:40.109,0.76803,0.76815,1.12,1.00
2016.09.06 22:10:40.211,0.76801,0.76811,3.37,1.00
2016.09.06 22:10:40.262,0.76801,0.76811,1.12,1.00
2016.09.06 22:10:40.313,0.768,0.76813,1.87,1.00
2016.09.06 22:10:40.364,0.768,0.76813,1.37,1.00
2016.09.06 22:10:40.466,0.768,0.76813,1.37,1.00
2016.09.06 22:10:44.657,0.768,0.76813,1.12,1.00
2016.09.06 22:10:45.287,0.768,0.76813,1.37,1.00
2016.09.06 22:10:45.338,0.76803,0.76813,1.00,1.00
2016.09.06 22:10:45.440,0.76802,0.76815,1.00,1.00
2016.09.06 22:10:46.376,0.76802,0.76815,1.00,1.10
2016.09.06 22:10:46.427,0.768,0.76812,1.50,1.00
2016.09.06 22:10:46.529,0.768,0.76811,1.50,1.00
2016.09.06 22:10:47.080,0.76798,0.76811,1.00,1.00
2016.09.06 22:10:47.131,0.76797,0.76811,3.00,1.00
2016.09.06 22:10:47.182,0.76797,0.76811,2.62,1.00
2016.09.06 22:10:47.335,0.76797,0.76809,1.87,1.00
2016.09.06 22:10:47.387,0.76797,0.76809,1.50,1.00
2016.09.06 22:10:47.931,0.76796,0.76808,1.50,1.00
2016.09.06 22:10:48.455,0.76796,0.76807,1.50,1.00
2016.09.06 22:10:48.607,0.76796,0.76807,1.87,1.00
2016.09.06 22:10:50.173,0.76796,0.76807,2.62,1.00
2016.09.06 22:10:50.486,0.76796,0.76807,3.00,1.00
2016.09.06 22:10:51.015,0.76796,0.76808,3.00,1.00
2016.09.06 22:10:51.598,0.76796,0.76808,2.62,1.00
2016.09.06 22:10:51.700,0.76796,0.76809,2.25,1.00
2016.09.06 22:10:51.751,0.76796,0.76807,3.00,1.00
2016.09.06 22:10:52.639,0.76796,0.76808,3.00,1.00
2016.09.06 22:10:54.643,0.76796,0.7681,2.25,1.20
2016.09.06 22:10:54.748,0.76797,0.7681,1.00,1.10
2016.09.06 22:10:54.799,0.76797,0.7681,1.00,1.00
2016.09.06 22:10:54.850,0.76797,0.7681,1.50,1.00
2016.09.06 22:10:55.053,0.76798,0.76809,1.00,1.00
2016.09.06 22:10:55.428,0.76798,0.76811,1.00,1.00
2016.09.06 22:10:56.570,0.76797,0.76811,1.50,1.00
2016.09.06 22:10:56.621,0.76797,0.76811,2.25,1.00
2016.09.06 22:10:56.672,0.76797,0.76807,1.50,1.00
2016.09.06 22:10:56.775,0.76797,0.76807,1.00,1.00
2016.09.06 22:10:57.029,0.76799,0.76807,1.00,1.00
2016.09.06 22:10:57.351,0.76799,0.76809,1.00,1.00
2016.09.06 22:10:57.465,0.76799,0.76806,1.00,1.00
2016.09.06 22:10:57.994,0.76799,0.76807,1.00,1.00
2016.09.06 22:11:07.325,0.76798,0.76807,1.00,1.00
2016.09.06 22:11:17.601,0.76798,0.76807,1.00,1.00
2016.09.06 22:11:17.652,0.76797,0.76807,1.00,1.00
2016.09.06 22:11:17.703,0.76797,0.76805,1.00,1.00
2016.09.06 22:11:18.038,0.76796,0.76803,1.00,1.00
2016.09.06 22:11:18.292,0.76796,0.76804,1.00,1.12
2016.09.06 22:11:18.343,0.76796,0.76804,1.00,1.00
2016.09.06 22:11:21.733,0.76795,0.76804,1.00,1.00
2016.09.06 22:11:21.799,0.76795,0.76803,1.00,1.00
2016.09.06 22:11:22.306,0.76795,0.76802,1.00,1.00
2016.09.06 22:11:24.712,0.76795,0.76804,1.00,1.00
2016.09.06 22:11:24.763,0.76795,0.76805,1.00,1.12
2016.09.06 22:11:28.160,0.76795,0.76805,1.00,1.00
2016.09.06 22:11:29.080,0.76795,0.76805,1.00,1.00
2016.09.06 22:11:29.386,0.76795,0.76803,1.00,1.00
2016.09.06 22:11:39.149,0.76799,0.76803,1.00,1.00
2016.09.06 22:11:39.200,0.76799,0.76807,1.00,1.00
2016.09.06 22:11:39.251,0.76799,0.76808,1.00,1.50
2016.09.06 22:11:39.302,0.76799,0.76808,1.00,1.37
2016.09.06 22:11:39.353,0.76799,0.76809,1.00,1.10
2016.09.06 22:11:39.404,0.76799,0.76809,1.00,1.00
2016.09.06 22:11:39.508,0.76801,0.7681,1.00,1.20
2016.09.06 22:11:39.559,0.76801,0.76811,1.00,2.62
2016.09.06 22:11:39.611,0.76801,0.76809,1.00,1.00
2016.09.06 22:11:39.764,0.76801,0.76809,1.00,1.00
2016.09.06 22:11:43.420,0.76801,0.7681,1.00,1.12
2016.09.06 22:11:45.291,0.76801,0.76809,1.00,1.00
2016.09.06 22:11:47.113,0.76801,0.76811,1.00,1.12
2016.09.06 22:11:47.226,0.76801,0.76809,1.00,1.00
2016.09.06 22:11:47.737,0.76801,0.7681,1.00,1.00
2016.09.06 22:11:55.637,0.76801,0.76808,1.00,1.00
2016.09.06 22:12:05.018,0.76801,0.76809,1.00,1.00
2016.09.06 22:12:05.171,0.76799,0.76809,1.00,1.50
2016.09.06 22:12:05.223,0.76799,0.76807,1.00,1.00
2016.09.06 22:12:05.753,0.76799,0.76806,1.00,1.00
2016.09.06 22:12:08.214,0.76799,0.76807,1.00,1.00
2016.09.06 22:12:08.316,0.76797,0.76805,1.00,1.00
2016.09.06 22:12:09.158,0.76797,0.76806,1.00,1.00
2016.09.06 22:12:09.935,0.76799,0.76808,1.00,1.12
2016.09.06 22:12:09.986,0.76799,0.76808,1.00,1.00
2016.09.06 22:12:10.037,0.76799,0.76809,1.00,1.12
2016.09.06 22:12:10.260,0.76799,0.7681,1.00,3.90
2016.09.06 22:12:10.412,0.76799,0.7681,1.00,2.40
2016.09.06 22:12:11.498,0.76799,0.7681,1.00,1.65
2016.09.06 22:12:11.549,0.76799,0.7681,1.00,1.20
2016.09.06 22:12:11.601,0.768,0.76811,1.00,2.81
2016.09.06 22:12:11.652,0.768,0.76809,1.00,1.00
2016.09.06 22:12:12.202,0.768,0.7681,1.00,1.00
2016.09.06 22:12:15.160,0.768,0.7681,1.00,1.12
2016.09.06 22:12:15.609,0.768,0.7681,1.00,1.50
2016.09.06 22:12:18.464,0.76802,0.76811,1.00,1.37
2016.09.06 22:12:18.516,0.76802,0.76811,1.00,1.12
2016.09.06 22:12:18.567,0.76802,0.76811,1.00,1.00
2016.09.06 22:12:18.618,0.76802,0.76811,1.00,1.00
2016.09.06 22:12:21.222,0.76801,0.76811,1.00,1.00
2016.09.06 22:12:21.635,0.76801,0.76811,1.00,1.10
2016.09.06 22:12:22.189,0.76801,0.76811,1.00,1.00
2016.09.06 22:12:23.254,0.76801,0.76811,1.00,1.12
2016.09.06 22:12:23.861,0.76801,0.76811,1.00,1.00
2016.09.06 22:12:28.178,0.76801,0.76809,1.00,1.00
2016.09.06 22:12:29.869,0.76801,0.7681,1.00,1.00
2016.09.06 22:12:30.371,0.76801,0.76811,1.00,1.00
2016.09.06 22:12:34.476,0.76801,0.76813,1.00,1.57
2016.09.06 22:12:34.578,0.76801,0.76813,1.00,1.12
2016.09.06 22:12:34.629,0.76801,0.76813,1.00,1.00
2016.09.06 22:12:34.680,0.76801,0.76811,1.00,1.00
2016.09.06 22:12:35.099,0.768,0.7681,1.00,1.00
2016.09.06 22:12:35.150,0.768,0.76808,1.00,1.00
2016.09.06 22:12:35.353,0.768,0.7681,1.00,1.00
2016.09.06 22:12:38.836,0.76797,0.7681,1.00,1.50
2016.09.06 22:12:41.134,0.76797,0.7681,1.50,1.50
2016.09.06 22:12:41.185,0.76797,0.7681,1.00,1.50
2016.09.06 22:12:41.236,0.76797,0.76808,1.00,1.00
2016.09.06 22:12:41.287,0.76795,0.76807,1.57,1.00
2016.09.06 22:12:41.338,0.76795,0.76807,1.20,1.00
2016.09.06 22:12:41.390,0.76794,0.76807,1.95,1.00
2016.09.06 22:12:41.542,0.76794,0.76807,1.57,1.50
2016.09.06 22:12:41.644,0.76794,0.76807,1.95,1.50
2016.09.06 22:12:41.695,0.76793,0.76806,3.75,1.00
2016.09.06 22:12:42.204,0.76793,0.76805,3.75,1.00
2016.09.06 22:12:42.562,0.76793,0.76805,3.37,1.00
2016.09.06 22:12:42.943,0.76793,0.76805,3.75,1.00
2016.09.06 22:12:44.803,0.76793,0.76805,3.00,1.50
2016.09.06 22:12:45.099,0.76793,0.76805,3.75,1.50
2016.09.06 22:12:45.150,0.76793,0.76805,3.37,1.50
2016.09.06 22:12:45.201,0.76793,0.76805,1.87,1.50
2016.09.06 22:12:45.252,0.76793,0.76805,1.12,1.50
2016.09.06 22:12:45.303,0.76792,0.76803,2.32,1.00
2016.09.06 22:12:45.456,0.76792,0.76803,1.57,1.00
2016.09.06 22:12:45.507,0.76792,0.76804,1.07,1.00
2016.09.06 22:12:47.564,0.76792,0.76805,1.07,1.50
2016.09.06 22:12:47.666,0.76791,0.76805,3.00,1.50
2016.09.06 22:12:54.524,0.76791,0.76805,2.25,1.50
2016.09.06 22:12:54.575,0.76791,0.76804,1.12,1.00
2016.09.06 22:12:55.433,0.76792,0.76804,1.20,1.00
2016.09.06 22:12:55.585,0.76793,0.76806,1.00,1.50
2016.09.06 22:12:58.234,0.76793,0.76806,1.50,1.50
2016.09.06 22:13:01.577,0.76793,0.76806,1.50,1.00
2016.09.06 22:13:01.729,0.76794,0.76807,1.00,1.10
2016.09.06 22:13:02.141,0.76794,0.76807,1.00,1.00
2016.09.06 22:13:03.345,0.76794,0.76807,1.00,1.50
2016.09.06 22:13:03.397,0.76795,0.76805,1.00,1.00
2016.09.06 22:13:03.544,0.76794,0.76804,1.00,2.25
2016.09.06 22:13:03.595,0.7679,0.76804,1.12,2.32
2016.09.06 22:13:03.646,0.76788,0.76803,1.88,1.00
2016.09.06 22:13:03.697,0.76789,0.768,1.00,1.00
2016.09.06 22:13:03.800,0.76789,0.76802,1.00,1.31
2016.09.06 22:13:03.851,0.76789,0.76802,1.00,1.39
2016.09.06 22:13:03.902,0.76788,0.76801,2.25,2.40
2016.09.06 22:13:03.953,0.76788,0.76801,1.00,2.77
2016.09.06 22:13:04.004,0.76788,0.768,1.00,1.10
2016.09.06 22:13:04.056,0.76788,0.768,1.00,1.00
2016.09.06 22:13:04.107,0.7679,0.76801,1.00,1.87
2016.09.06 22:13:04.159,0.7679,0.76801,1.00,1.95
2016.09.06 22:13:04.210,0.76791,0.76801,1.00,1.85
2016.09.06 22:13:04.335,0.76785,0.76798,1.38,1.00
2016.09.06 22:13:04.386,0.76787,0.76798,1.00,1.00
2016.09.06 22:13:04.590,0.76785,0.768,1.20,1.57
2016.09.06 22:13:04.641,0.76786,0.768,1.13,1.10
2016.09.06 22:13:04.692,0.7679,0.768,1.00,1.00
2016.09.06 22:13:04.794,0.7679,0.76801,1.00,1.12
2016.09.06 22:13:04.845,0.7679,0.76801,1.00,1.00
2016.09.06 22:13:10.609,0.76789,0.768,2.25,1.00
2016.09.06 22:13:11.109,0.7679,0.76801,1.00,1.00
2016.09.06 22:13:11.263,0.7679,0.76802,1.00,1.10
2016.09.06 22:13:11.721,0.76789,0.76802,1.87,1.10
2016.09.06 22:13:17.625,0.76789,0.76802,1.50,1.10
2016.09.06 22:13:18.049,0.76789,0.76801,1.50,1.00
2016.09.06 22:13:18.121,0.76788,0.76801,1.00,1.00
2016.09.06 22:13:18.190,0.76788,0.76801,1.00,1.00
2016.09.06 22:13:18.343,0.76787,0.76801,2.33,1.00
2016.09.06 22:13:18.446,0.76787,0.768,3.00,1.00
2016.09.06 22:13:18.548,0.76787,0.768,2.25,1.00
2016.09.06 22:13:19.120,0.76787,0.768,1.00,1.00
2016.09.06 22:13:20.931,0.76786,0.768,3.45,1.00
2016.09.06 22:13:20.982,0.76788,0.768,1.00,1.00
2016.09.06 22:13:21.033,0.76788,0.768,1.50,1.00
2016.09.06 22:13:21.135,0.76789,0.76799,1.00,1.00
2016.09.06 22:13:21.682,0.76789,0.768,1.00,1.00
2016.09.06 22:13:23.345,0.76788,0.76802,1.00,1.10
2016.09.06 22:13:23.447,0.76789,0.768,1.00,1.00
2016.09.06 22:13:24.141,0.76788,0.768,1.00,1.00
2016.09.06 22:13:26.140,0.76789,0.768,1.00,1.00
2016.09.06 22:13:26.245,0.76788,0.76802,1.50,1.00
2016.09.06 22:13:26.297,0.76788,0.76802,1.50,1.00
2016.09.06 22:13:26.949,0.76788,0.76799,1.50,1.00
2016.09.06 22:13:27.087,0.76788,0.768,1.00,1.00
2016.09.06 22:13:29.258,0.76789,0.768,1.00,1.00
2016.09.06 22:13:29.320,0.76788,0.76802,1.50,1.00
2016.09.06 22:13:33.072,0.76788,0.76802,1.00,1.00
2016.09.06 22:13:33.173,0.76788,0.768,1.50,1.00
2016.09.06 22:13:35.071,0.76788,0.76802,1.00,1.00
2016.09.06 22:13:35.172,0.76788,0.76802,1.50,1.00
2016.09.06 22:13:36.120,0.76788,0.76802,1.00,1.00
2016.09.06 22:13:36.171,0.76787,0.76803,3.38,1.57
2016.09.06 22:13:36.274,0.76788,0.76801,1.12,1.00
2016.09.06 22:13:36.838,0.76788,0.76801,1.12,1.00
2016.09.06 22:13:36.940,0.76789,0.76799,1.50,1.12
2016.09.06 22:13:36.991,0.76789,0.76799,1.00,1.12
2016.09.06 22:13:37.042,0.76787,0.76801,2.25,1.87
2016.09.06 22:13:37.093,0.76787,0.76799,1.50,1.00
2016.09.06 22:13:37.144,0.76787,0.76799,3.00,1.87
2016.09.06 22:13:37.195,0.76787,0.76799,3.00,1.12
2016.09.06 22:13:37.246,0.76786,0.76799,1.38,1.37
2016.09.06 22:13:37.297,0.76786,0.76799,1.00,1.37
2016.09.06 22:13:37.349,0.76786,0.76799,2.25,1.87
2016.09.06 22:13:37.400,0.76786,0.76799,1.95,1.87
2016.09.06 22:13:37.451,0.76786,0.76799,1.08,1.37
2016.09.06 22:13:37.502,0.76785,0.76799,1.95,1.37
2016.09.06 22:13:38.145,0.76786,0.76799,1.50,1.37
2016.09.06 22:13:38.243,0.76786,0.768,1.88,1.87
2016.09.06 22:13:40.594,0.76786,0.76799,1.20,1.37
2016.09.06 22:13:41.257,0.76785,0.76799,1.88,1.37
2016.09.06 22:13:41.309,0.76785,0.76799,1.88,1.37
2016.09.06 22:13:41.360,0.76786,0.76799,1.28,1.37
2016.09.06 22:13:41.411,0.76786,0.76799,1.58,1.37
2016.09.06 22:13:42.258,0.76788,0.76799,1.00,1.37
2016.09.06 22:13:47.453,0.76788,0.768,1.00,1.87
2016.09.06 22:13:48.248,0.76786,0.768,2.33,1.37
2016.09.06 22:13:50.252,0.76787,0.768,1.10,1.37
2016.09.06 22:13:51.986,0.76787,0.76798,1.10,1.00
2016.09.06 22:13:52.289,0.76786,0.76799,1.13,1.12
2016.09.06 22:13:53.368,0.76786,0.768,1.88,1.87
2016.09.06 22:13:53.469,0.76788,0.768,1.00,1.87
2016.09.06 22:13:54.854,0.76788,0.768,1.10,1.87
2016.09.06 22:14:00.235,0.76788,0.768,1.00,1.87
2016.09.06 22:14:00.286,0.76788,0.768,1.00,1.87
2016.09.06 22:14:01.269,0.76788,0.768,1.00,1.12
2016.09.06 22:14:01.320,0.76788,0.768,1.00,1.12
2016.09.06 22:14:01.422,0.76788,0.768,1.00,1.00
2016.09.06 22:14:01.677,0.76787,0.76802,1.00,1.87
2016.09.06 22:14:01.779,0.76787,0.76802,1.13,1.50
2016.09.06 22:14:02.256,0.76787,0.76802,1.13,1.00
2016.09.06 22:14:02.307,0.76789,0.76802,1.00,1.00
2016.09.06 22:14:02.867,0.76788,0.76802,1.00,1.00
2016.09.06 22:14:03.590,0.76788,0.76803,1.00,1.20
2016.09.06 22:14:03.840,0.76788,0.76803,1.00,1.12
2016.09.06 22:14:04.486,0.76788,0.76803,1.12,1.12
2016.09.06 22:14:08.406,0.76793,0.76805,1.00,4.31
2016.09.06 22:14:08.457,0.76793,0.76805,1.00,2.81
2016.09.06 22:14:08.527,0.76793,0.76805,1.00,2.81
2016.09.06 22:14:08.578,0.76791,0.76805,3.75,2.25
2016.09.06 22:14:08.680,0.76791,0.76804,3.75,1.00
2016.09.06 22:14:08.833,0.76791,0.76804,4.12,1.00
2016.09.06 22:14:09.443,0.76791,0.76804,2.62,1.00
2016.09.06 22:14:10.609,0.76791,0.76804,1.87,1.00
2016.09.06 22:14:11.376,0.76791,0.76803,1.45,1.00
2016.09.06 22:14:13.389,0.76791,0.76804,1.87,1.00
2016.09.06 22:14:13.440,0.76791,0.76804,2.62,1.00
2016.09.06 22:14:13.491,0.76793,0.76804,1.00,1.00
2016.09.06 22:14:13.586,0.76793,0.76804,1.10,1.00
2016.09.06 22:14:17.686,0.76793,0.76805,1.10,1.00
2016.09.06 22:14:17.912,0.76793,0.76806,1.50,1.00
2016.09.06 22:14:17.963,0.76793,0.76806,2.25,1.00
2016.09.06 22:14:18.138,0.76793,0.76806,3.00,1.00
2016.09.06 22:14:18.189,0.76794,0.76807,1.50,2.25
2016.09.06 22:14:18.240,0.76794,0.76807,1.87,2.25
2016.09.06 22:14:18.319,0.76795,0.76807,1.12,2.25
2016.09.06 22:14:19.281,0.76795,0.76805,1.12,1.00
2016.09.06 22:14:19.383,0.76794,0.76805,1.50,1.00
2016.09.06 22:14:25.319,0.76793,0.76805,2.25,1.00
2016.09.06 22:14:26.287,0.76793,0.76806,3.00,1.00
2016.09.06 22:14:30.225,0.76794,0.76806,1.12,1.00
2016.09.06 22:14:34.391,0.76794,0.76807,1.87,1.00
2016.09.06 22:14:34.442,0.76794,0.76806,1.20,1.00
2016.09.06 22:14:34.493,0.76794,0.76806,1.10,1.00
2016.09.06 22:14:34.973,0.76794,0.76806,1.12,1.00
2016.09.06 22:14:35.024,0.76795,0.76807,1.10,1.50
2016.09.06 22:14:35.075,0.76795,0.76806,1.12,1.00
2016.09.06 22:14:35.126,0.76795,0.76806,1.20,1.00
2016.09.06 22:14:35.228,0.76795,0.76806,1.20,1.50
2016.09.06 22:14:36.201,0.76795,0.76806,1.10,1.50
2016.09.06 22:14:36.252,0.76795,0.76806,1.00,1.50
2016.09.06 22:14:44.272,0.76795,0.76806,1.00,1.50
2016.09.06 22:14:49.335,0.76795,0.76806,1.00,1.50
2016.09.06 22:14:49.526,0.76795,0.76806,1.00,1.50
2016.09.06 22:14:50.218,0.76793,0.76806,1.10,1.00
2016.09.06 22:14:50.320,0.76793,0.76806,1.10,1.50
2016.09.06 22:14:51.912,0.76793,0.76806,2.32,1.50
2016.09.06 22:14:57.070,0.76794,0.76806,1.00,1.50
2016.09.06 22:14:57.223,0.76793,0.76806,2.32,1.50
2016.09.06 22:14:58.529,0.76793,0.76805,2.32,1.00
2016.09.06 22:14:58.845,0.76793,0.76805,1.57,1.00
2016.09.06 22:14:59.129,0.76791,0.76804,3.37,1.50
2016.09.06 22:14:59.181,0.76791,0.76804,2.25,1.00
2016.09.06 22:14:59.232,0.7679,0.76803,3.00,1.00
2016.09.06 22:14:59.283,0.7679,0.76803,2.62,1.00
2016.09.06 22:14:59.334,0.7679,0.76803,3.75,1.00
2016.09.06 22:14:59.690,0.7679,0.76803,3.37,1.00
2016.09.06 22:14:59.741,0.7679,0.76803,3.75,1.00
2016.09.06 22:14:59.792,0.7679,0.76803,4.12,1.00
2016.09.06 22:15:00.403,0.76791,0.76803,1.57,1.00
2016.09.06 22:15:00.505,0.76791,0.76803,1.85,1.00
2016.09.06 22:15:00.556,0.76792,0.76803,1.12,1.00
2016.09.06 22:15:00.760,0.7679,0.76803,4.50,1.00
2016.09.06 22:15:01.195,0.7679,0.76803,3.75,1.00
2016.09.06 22:15:01.246,0.7679,0.76803,3.07,1.00
2016.09.06 22:15:01.297,0.7679,0.76803,2.32,1.00
2016.09.06 22:15:02.240,0.76791,0.76803,1.12,1.00
2016.09.06 22:15:02.291,0.76792,0.76806,1.20,2.25
2016.09.06 22:15:02.342,0.76792,0.76806,1.65,1.00
2016.09.06 22:15:02.393,0.76792,0.76804,2.70,1.00
2016.09.06 22:15:02.496,0.76792,0.76804,3.07,1.00
2016.09.06 22:15:02.548,0.76795,0.76804,1.12,1.00
2016.09.06 22:15:09.768,0.76795,0.76802,1.12,1.00
2016.09.06 22:15:09.870,0.76791,0.76804,1.87,1.00
2016.09.06 22:15:09.921,0.76791,0.76804,1.20,1.00
2016.09.06 22:15:10.608,0.7679,0.76804,4.50,1.00
2016.09.06 22:15:10.710,0.76791,0.76802,1.20,1.00
2016.09.06 22:15:10.762,0.76791,0.76802,1.87,1.00
2016.09.06 22:15:16.680,0.76791,0.76802,1.12,1.00
2016.09.06 22:15:16.782,0.7679,0.76802,2.62,1.00
2016.09.06 22:15:16.833,0.7679,0.76802,1.95,1.00
2016.09.06 22:15:17.556,0.7679,0.76802,2.70,1.00
2016.09.06 22:15:17.607,0.76791,0.76802,1.20,1.00
2016.09.06 22:15:19.303,0.76791,0.76802,1.12,1.00
2016.09.06 22:15:19.354,0.76791,0.76802,1.12,1.00
2016.09.06 22:15:19.637,0.76791,0.76802,1.00,1.00
2016.09.06 22:15:20.647,0.76791,0.76802,1.12,1.00
2016.09.06 22:15:21.394,0.76792,0.76805,1.50,1.00
2016.09.06 22:15:21.445,0.76792,0.76805,1.57,1.00
2016.09.06 22:15:21.496,0.76794,0.76804,1.00,1.00
2016.09.06 22:15:21.700,0.76791,0.76804,3.45,1.00
2016.09.06 22:15:22.286,0.76791,0.76805,3.45,1.00
2016.09.06 22:15:23.746,0.76791,0.76805,4.12,1.00
2016.09.06 22:15:26.903,0.76792,0.76805,1.20,1.00
2016.09.06 22:15:26.954,0.76792,0.76805,1.10,1.00
2016.09.06 22:15:27.005,0.76793,0.76805,1.75,1.00
2016.09.06 22:15:27.057,0.76794,0.76805,1.12,1.00
2016.09.06 22:15:27.108,0.76793,0.76806,1.57,1.50
2016.09.06 22:15:27.159,0.76793,0.76806,1.10,1.50
2016.09.06 22:15:27.210,0.76793,0.76805,1.10,1.00
2016.09.06 22:15:27.517,0.76792,0.76805,1.95,1.00
2016.09.06 22:15:28.508,0.76792,0.76805,3.45,1.00
2016.09.06 22:15:29.565,0.76792,0.76805,3.82,1.00
2016.09.06 22:15:30.312,0.76792,0.76806,3.82,1.50
2016.09.06 22:15:30.363,0.76792,0.76806,3.45,1.50
2016.09.06 22:15:30.414,0.76792,0.76805,3.45,1.00
2016.09.06 22:15:30.516,0.76793,0.76804,1.10,1.00
2016.09.06 22:15:31.722,0.76792,0.76804,3.07,1.00
2016.09.06 22:15:31.774,0.76792,0.76804,2.70,1.00
2016.09.06 22:15:31.825,0.76791,0.76803,2.62,1.00
2016.09.06 22:15:31.876,0.76791,0.76803,1.95,1.00
2016.09.06 22:15:32.000,0.76791,0.76803,1.20,1.00
2016.09.06 22:15:37.568,0.76791,0.76803,1.57,1.00
2016.09.06 22:15:38.726,0.7679,0.76803,4.87,1.00
2016.09.06 22:15:39.383,0.7679,0.76803,5.25,1.00
2016.09.06 22:15:39.698,0.7679,0.76803,4.87,1.00
2016.09.06 22:15:45.421,0.76791,0.76804,1.57,1.00
2016.09.06 22:15:45.523,0.76791,0.76805,1.50,1.50
2016.09.06 22:15:45.627,0.76791,0.76804,1.95,1.00
2016.09.06 22:15:46.593,0.76791,0.76804,1.57,1.00
2016.09.06 22:15:50.832,0.76791,0.76805,1.95,1.50
2016.09.06 22:15:54.274,0.76791,0.76804,1.47,1.00
2016.09.06 22:15:55.276,0.76791,0.76802,1.47,1.00
2016.09.06 22:15:55.825,0.76791,0.76803,1.47,1.00
2016.09.06 22:15:56.651,0.76791,0.76803,1.20,1.00
2016.09.06 22:15:57.066,0.7679,0.76802,1.87,1.00
2016.09.06 22:15:57.117,0.7679,0.76802,1.12,1.00
2016.09.06 22:15:58.284,0.7679,0.76802,1.87,1.00
2016.09.06 22:15:58.386,0.7679,0.76803,2.25,1.00
2016.09.06 22:15:58.437,0.7679,0.76803,3.00,1.00
2016.09.06 22:15:58.514,0.7679,0.76803,3.75,1.00
2016.09.06 22:15:58.617,0.7679,0.76803,5.25,1.00
2016.09.06 22:15:59.136,0.7679,0.76803,4.50,1.00
2016.09.06 22:15:59.187,0.7679,0.76803,3.75,1.00
2016.09.06 22:15:59.238,0.7679,0.76802,3.75,1.50
2016.09.06 22:15:59.339,0.7679,0.76802,3.00,1.50
2016.09.06 22:16:00.368,0.7679,0.76801,3.00,1.00
2016.09.06 22:16:10.294,0.7679,0.76802,3.00,1.00
2016.09.06 22:16:10.560,0.7679,0.76801,1.50,1.00
2016.09.06 22:16:12.546,0.7679,0.76801,1.07,1.00
2016.09.06 22:16:12.597,0.76789,0.76801,3.37,1.00
2016.09.06 22:16:13.106,0.76789,0.76801,4.87,1.00
2016.09.06 22:16:13.208,0.7679,0.76801,1.12,1.00
2016.09.06 22:16:13.310,0.7679,0.76801,1.50,1.00
2016.09.06 22:16:13.361,0.7679,0.76801,1.07,1.00
2016.09.06 22:16:13.942,0.7679,0.768,1.07,1.00
2016.09.06 22:16:16.657,0.76789,0.768,4.12,1.00
2016.09.06 22:16:18.385,0.76789,0.768,4.12,1.00
2016.09.06 22:16:18.635,0.7679,0.768,1.07,1.00
2016.09.06 22:16:19.535,0.76789,0.768,5.25,1.00
2016.09.06 22:16:20.199,0.76789,0.768,5.62,1.00
2016.09.06 22:16:20.731,0.76789,0.768,6.00,1.00
2016.09.06 22:16:20.858,0.76789,0.768,6.00,1.00
2016.09.06 22:16:21.040,0.76789,0.768,4.12,1.00
2016.09.06 22:16:23.447,0.76789,0.768,4.50,1.00
2016.09.06 22:16:23.514,0.76789,0.768,5.25,1.00
2016.09.06 22:16:23.640,0.76789,0.768,4.87,1.00
2016.09.06 22:16:23.742,0.76789,0.768,4.12,1.00
2016.09.06 22:16:23.939,0.76789,0.768,4.87,1.00
2016.09.06 22:16:24.678,0.76789,0.76802,4.87,1.00
2016.09.06 22:16:24.729,0.76789,0.76802,4.50,1.00
2016.09.06 22:16:26.218,0.76789,0.76802,3.75,1.00
2016.09.06 22:16:26.269,0.76789,0.76802,4.12,1.00
2016.09.06 22:16:26.371,0.76789,0.76802,3.75,1.00
2016.09.06 22:16:26.646,0.76789,0.76802,4.12,1.00
2016.09.06 22:16:27.370,0.76789,0.76803,4.12,1.50
2016.09.06 22:16:27.421,0.76789,0.76803,4.87,1.50
2016.09.06 22:16:27.472,0.76789,0.76801,5.25,1.00
2016.09.06 22:16:27.523,0.76791,0.76801,1.37,1.00
2016.09.06 22:16:27.574,0.76791,0.76803,1.50,1.50
2016.09.06 22:16:27.954,0.76791,0.76803,1.12,1.50
2016.09.06 22:16:28.280,0.76791,0.76802,1.12,1.00
2016.09.06 22:16:47.195,0.76791,0.76802,1.12,1.00
2016.09.06 22:16:47.348,0.76789,0.76802,2.62,1.00
2016.09.06 22:16:47.662,0.76789,0.76802,1.95,1.00
2016.09.06 22:16:47.747,0.76789,0.76802,1.57,1.00
2016.09.06 22:16:51.955,0.76789,0.76802,1.95,1.00
2016.09.06 22:16:52.108,0.76789,0.76802,2.32,1.00
2016.09.06 22:16:53.676,0.76789,0.76802,1.95,1.00
2016.09.06 22:16:53.864,0.76789,0.76802,2.70,1.00
2016.09.06 22:16:53.966,0.76789,0.76802,3.45,1.00
2016.09.06 22:16:54.017,0.76789,0.76802,3.75,1.00
2016.09.06 22:16:54.068,0.76789,0.76802,3.37,1.00
2016.09.06 22:16:58.318,0.76789,0.76801,3.37,1.00
2016.09.06 22:16:58.369,0.76789,0.76801,3.75,1.00
2016.09.06 22:16:58.420,0.76789,0.76801,3.45,1.00
2016.09.06 22:16:58.471,0.76789,0.76801,3.07,1.00
2016.09.06 22:17:01.874,0.76789,0.76801,2.70,1.00
2016.09.06 22:17:03.399,0.76789,0.76801,3.07,1.00
2016.09.06 22:17:03.450,0.76789,0.76802,3.82,1.00
2016.09.06 22:17:03.501,0.7679,0.76802,1.37,1.00
2016.09.06 22:17:03.552,0.7679,0.76802,1.50,1.00
2016.09.06 22:17:03.647,0.76791,0.76805,2.70,1.00
2016.09.06 22:17:03.698,0.76791,0.76805,3.45,1.00
2016.09.06 22:17:03.819,0.76793,0.76802,1.75,1.00
2016.09.06 22:17:03.870,0.76793,0.76802,1.12,1.00
2016.09.06 22:17:03.921,0.76792,0.76803,1.75,1.00
2016.09.06 22:17:04.023,0.76793,0.76801,1.12,1.00
2016.09.06 22:17:04.126,0.76792,0.76801,1.75,1.00
2016.09.06 22:17:04.177,0.76792,0.76801,1.12,1.00
2016.09.06 22:17:04.330,0.7679,0.76802,3.75,1.00
2016.09.06 22:17:08.590,0.7679,0.76802,4.50,1.00
2016.09.06 22:17:08.655,0.7679,0.76802,3.75,1.00
2016.09.06 22:17:15.678,0.7679,0.76802,4.50,1.00
2016.09.06 22:17:15.729,0.7679,0.76804,3.82,1.00
2016.09.06 22:17:15.781,0.76791,0.76804,1.50,1.00
2016.09.06 22:17:15.882,0.76792,0.76804,1.57,1.00
2016.09.06 22:17:16.035,0.76792,0.76802,1.57,1.00
2016.09.06 22:17:16.605,0.76792,0.76802,1.20,1.00
2016.09.06 22:17:16.740,0.76792,0.76804,1.20,1.00
2016.09.06 22:17:17.310,0.76792,0.76804,1.50,1.00
2016.09.06 22:17:19.059,0.76794,0.76804,1.00,1.00
2016.09.06 22:17:19.161,0.76794,0.76802,1.00,1.00
2016.09.06 22:17:19.212,0.76792,0.76802,2.25,1.00
2016.09.06 22:17:19.313,0.76791,0.76803,5.25,1.00
2016.09.06 22:17:19.364,0.76791,0.76804,4.50,1.00
2016.09.06 22:17:20.131,0.76791,0.76803,4.50,1.00
2016.09.06 22:17:20.183,0.76792,0.76803,2.25,1.00
2016.09.06 22:17:22.274,0.76792,0.76804,2.25,1.00
2016.09.06 22:17:22.325,0.76792,0.76804,3.00,1.00
2016.09.06 22:17:22.427,0.76792,0.76804,3.37,1.00
2016.09.06 22:17:22.478,0.76792,0.76806,3.37,1.50
2016.09.06 22:17:22.529,0.76792,0.76806,4.50,1.50
2016.09.06 22:17:22.580,0.76792,0.76806,4.87,1.50
2016.09.06 22:17:22.631,0.76792,0.76806,5.25,1.50
2016.09.06 22:17:24.518,0.76793,0.76806,1.20,1.50
2016.09.06 22:17:24.646,0.76793,0.76804,1.20,1.00
2016.09.06 22:17:24.698,0.76792,0.76804,2.62,1.00
2016.09.06 22:17:24.749,0.76794,0.76802,1.12,1.00
2016.09.06 22:17:24.851,0.76793,0.76802,1.75,1.00
2016.09.06 22:17:24.902,0.76793,0.76802,1.12,1.00
2016.09.06 22:17:25.055,0.76792,0.76804,1.75,1.00
2016.09.06 22:17:25.106,0.76791,0.76804,1.50,1.00
2016.09.06 22:17:25.208,0.76791,0.76803,1.12,1.00
2016.09.06 22:17:25.513,0.76791,0.76803,1.75,1.00
2016.09.06 22:17:25.829,0.76791,0.76803,1.87,1.00
2016.09.06 22:17:25.971,0.76791,0.76804,1.75,1.00
2016.09.06 22:17:26.284,0.76791,0.76802,1.75,1.00
2016.09.06 22:17:26.386,0.76791,0.76802,1.47,1.00
2016.09.06 22:17:26.437,0.7679,0.76802,4.20,1.00
2016.09.06 22:17:27.747,0.7679,0.76802,4.57,1.00
2016.09.06 22:17:27.924,0.7679,0.76802,3.82,1.00
2016.09.06 22:17:30.841,0.7679,0.76802,4.57,1.00
2016.09.06 22:17:33.115,0.76792,0.76802,1.00,1.00
2016.09.06 22:17:33.236,0.76791,0.76803,3.07,1.00
2016.09.06 22:17:33.287,0.76791,0.76805,3.45,1.50
2016.09.06 22:17:33.389,0.76791,0.76805,3.07,1.50
2016.09.06 22:17:34.683,0.76792,0.76805,1.47,1.50
2016.09.06 22:17:34.734,0.76797,0.76805,1.00,1.50
2016.09.06 22:17:34.785,0.76798,0.76807,1.00,1.00
2016.09.06 22:17:34.837,0.76798,0.76807,1.00,1.00
2016.09.06 22:17:34.888,0.76795,0.76807,1.12,1.00
2016.09.06 22:17:34.939,0.76794,0.76807,2.62,1.00
2016.09.06 22:17:34.990,0.76793,0.76806,1.95,1.50
2016.09.06 22:17:35.040,0.76795,0.76806,1.37,1.50
2016.09.06 22:17:35.091,0.76795,0.76804,1.12,1.00
2016.09.06 22:17:35.295,0.76794,0.76805,1.12,1.00
2016.09.06 22:17:35.346,0.76793,0.76805,2.62,1.00
2016.09.06 22:17:35.602,0.76793,0.76805,1.87,1.00
2016.09.06 22:17:35.953,0.76793,0.76805,1.50,1.00
2016.09.06 22:17:36.004,0.76792,0.76805,4.01,1.00
2016.09.06 22:17:36.327,0.76792,0.76805,3.64,1.00
2016.09.06 22:17:36.378,0.76792,0.76806,3.64,1.50
2016.09.06 22:17:36.480,0.76792,0.76805,3.64,1.00
2016.09.06 22:17:37.655,0.76792,0.76804,3.64,1.00
2016.09.06 22:17:39.958,0.76792,0.76804,3.64,1.00
2016.09.06 22:17:40.009,0.76793,0.76804,2.25,1.00
2016.09.06 22:17:40.060,0.76793,0.76804,2.25,1.00
2016.09.06 22:17:40.111,0.76792,0.76804,1.01,1.00
2016.09.06 22:17:40.162,0.76793,0.76802,1.75,1.00
2016.09.06 22:17:40.265,0.76793,0.76803,1.12,1.00
2016.09.06 22:17:40.316,0.76792,0.76803,1.69,1.00
2016.09.06 22:17:40.367,0.76792,0.76803,1.32,1.00
2016.09.06 22:17:40.418,0.76791,0.76803,2.06,1.00
2016.09.06 22:17:40.520,0.76792,0.76803,1.20,1.00
2016.09.06 22:17:40.622,0.76791,0.76803,2.06,1.00
2016.09.06 22:17:42.417,0.76791,0.76803,2.44,1.00
2016.09.06 22:17:46.720,0.76791,0.768,1.69,1.00
2016.09.06 22:17:46.773,0.76791,0.768,1.50,1.19
2016.09.06 22:17:46.824,0.7679,0.76796,1.95,1.00
2016.09.06 22:17:46.875,0.76789,0.76796,1.50,1.00
2016.09.06 22:17:46.926,0.7679,0.76803,1.87,2.06
2016.09.06 22:17:47.038,0.7679,0.76803,1.65,1.00
2016.09.06 22:17:47.089,0.7679,0.76801,1.57,1.00
2016.09.06 22:17:47.140,0.7679,0.76801,2.32,1.00
2016.09.06 22:17:47.190,0.7679,0.76803,2.02,1.00
2016.09.06 22:17:47.292,0.7679,0.76803,2.70,1.00
2016.09.06 22:17:47.343,0.7679,0.76803,3.00,1.00
2016.09.06 22:17:47.395,0.7679,0.76803,2.62,1.00
2016.09.06 22:17:47.599,0.7679,0.76803,2.25,1.00
2016.09.06 22:17:48.424,0.76789,0.76803,4.87,1.00
2016.09.06 22:17:48.526,0.7679,0.76803,2.25,1.00
2016.09.06 22:17:48.577,0.7679,0.76803,2.62,1.00
2016.09.06 22:17:48.629,0.7679,0.76803,1.50,1.00
2016.09.06 22:17:48.732,0.7679,0.76802,1.95,1.00
2016.09.06 22:17:48.783,0.7679,0.76799,1.57,1.00
2016.09.06 22:17:48.835,0.76789,0.76799,1.50,1.00
2016.09.06 22:17:48.886,0.76789,0.76795,1.50,1.00
2016.09.06 22:17:48.937,0.76785,0.76795,3.00,1.00
2016.09.06 22:17:48.988,0.76785,0.76794,1.95,1.00
2016.09.06 22:17:49.039,0.76785,0.76794,2.33,1.00
2016.09.06 22:17:49.090,0.76786,0.76794,1.13,1.00
2016.09.06 22:17:49.141,0.76785,0.76794,1.75,1.00
2016.09.06 22:17:49.192,0.76784,0.76795,2.63,1.00
2016.09.06 22:17:49.243,0.76784,0.76795,1.13,1.00
2016.09.06 22:17:49.295,0.76786,0.76795,1.75,1.00
2016.09.06 22:17:49.421,0.76788,0.76795,1.65,1.00
2016.09.06 22:17:49.493,0.76788,0.76801,2.70,1.50
2016.09.06 22:17:49.544,0.76788,0.76801,2.63,1.00
2016.09.06 22:17:49.596,0.76788,0.76799,2.25,1.00
2016.09.06 22:17:49.647,0.76788,0.76799,3.00,1.00
2016.09.06 22:17:49.698,0.76788,0.768,3.37,1.00
2016.09.06 22:17:50.181,0.76788,0.76801,3.37,1.10
2016.09.06 22:17:50.232,0.76788,0.76801,3.37,1.00
2016.09.06 22:17:50.283,0.76789,0.76802,1.00,1.00
2016.09.06 22:17:50.335,0.76789,0.76802,1.00,1.10
2016.09.06 22:17:50.386,0.76789,0.76801,1.00,1.00
2016.09.06 22:17:50.917,0.76789,0.76802,1.00,1.20
2016.09.06 22:17:51.070,0.76789,0.768,1.00,1.00
2016.09.06 22:17:51.375,0.76789,0.76801,1.00,1.00
2016.09.06 22:17:51.477,0.76789,0.76799,1.00,1.00
2016.09.06 22:17:51.579,0.76788,0.768,1.65,1.00
2016.09.06 22:17:51.630,0.76789,0.768,1.50,1.00
2016.09.06 22:17:51.733,0.76787,0.76799,1.65,1.00
2016.09.06 22:17:51.784,0.76787,0.76801,2.03,1.10
2016.09.06 22:17:51.835,0.76787,0.76801,2.03,1.00
2016.09.06 22:17:52.081,0.76789,0.76802,1.00,1.10
2016.09.06 22:17:52.133,0.76789,0.76802,2.25,1.00
2016.09.06 22:17:52.184,0.76789,0.76801,2.25,1.00
2016.09.06 22:17:52.388,0.76789,0.76802,1.50,1.00
2016.09.06 22:17:52.439,0.76789,0.76802,1.50,1.10
2016.09.06 22:17:52.491,0.76789,0.76803,2.25,1.76
2016.09.06 22:17:52.542,0.76789,0.76803,2.25,1.39
2016.09.06 22:17:52.593,0.76789,0.76802,1.50,1.00
2016.09.06 22:17:53.515,0.76789,0.76804,1.50,1.24
2016.09.06 22:17:53.771,0.76789,0.76804,2.25,1.39
2016.09.06 22:17:53.872,0.76789,0.76802,2.25,1.00
2016.09.06 22:17:53.974,0.76789,0.76802,2.32,1.00
2016.09.06 22:17:54.025,0.76789,0.76802,1.10,1.00
2016.09.06 22:17:54.382,0.76789,0.76802,1.57,1.00
2016.09.06 22:17:55.290,0.76789,0.76802,1.10,1.00
2016.09.06 22:17:56.317,0.76789,0.76798,1.10,1.00
2016.09.06 22:17:56.370,0.76789,0.76798,1.57,1.00
2016.09.06 22:17:56.421,0.76789,0.76795,1.00,1.00
2016.09.06 22:17:56.472,0.76787,0.76795,1.38,1.00
2016.09.06 22:17:56.524,0.76784,0.76796,1.13,1.87
2016.09.06 22:17:56.575,0.76787,0.76796,2.18,1.87
2016.09.06 22:17:56.626,0.76786,0.76796,3.68,1.00
2016.09.06 22:17:56.677,0.76786,0.76796,4.88,1.00
2016.09.06 22:17:56.728,0.76787,0.76802,1.28,1.76
2016.09.06 22:17:56.779,0.76787,0.76799,1.58,1.00
2016.09.06 22:17:56.983,0.76787,0.768,1.48,1.00
2016.09.06 22:17:57.034,0.76787,0.768,1.95,1.00
2016.09.06 22:17:57.085,0.76788,0.768,1.13,1.00
2016.09.06 22:17:57.136,0.76787,0.76797,2.25,1.00
2016.09.06 22:17:57.187,0.76787,0.76797,1.00,1.00
2016.09.06 22:17:57.238,0.76785,0.76797,3.45,1.00
2016.09.06 22:17:57.345,0.76785,0.76797,2.10,1.50
2016.09.06 22:17:57.397,0.76785,0.76796,2.48,1.00
2016.09.06 22:17:57.449,0.76786,0.76796,1.28,1.00
2016.09.06 22:17:57.500,0.76785,0.76797,3.15,1.50
2016.09.06 22:17:57.552,0.76785,0.76796,1.28,1.00
2016.09.06 22:17:57.603,0.76785,0.76796,2.03,1.50
2016.09.06 22:17:57.654,0.76786,0.76796,2.10,1.50
2016.09.06 22:17:57.706,0.76787,0.76796,1.20,1.00
2016.09.06 22:17:57.808,0.76787,0.76796,1.95,1.00
2016.09.06 22:17:57.961,0.76787,0.76796,1.88,1.00
2016.09.06 22:17:58.063,0.76787,0.76796,1.38,1.00
2016.09.06 22:17:58.114,0.76787,0.76796,1.00,1.00
2016.09.06 22:17:58.216,0.76786,0.76795,1.65,1.00
2016.09.06 22:17:58.267,0.76785,0.76795,1.13,1.00
2016.09.06 22:17:58.346,0.76787,0.76796,1.75,1.00
2016.09.06 22:17:58.421,0.76785,0.76796,1.13,1.00
2016.09.06 22:17:58.524,0.76785,0.76795,1.20,1.00
2016.09.06 22:17:58.575,0.76785,0.76795,1.50,1.00
2016.09.06 22:17:58.626,0.76787,0.76796,1.70,1.00
2016.09.06 22:17:58.678,0.76787,0.76794,1.13,1.00
2016.09.06 22:17:58.758,0.76785,0.76794,1.13,1.00
2016.09.06 22:17:58.809,0.76784,0.76794,1.75,1.00
2016.09.06 22:17:58.860,0.76783,0.76794,3.38,1.00
2016.09.06 22:17:58.911,0.76783,0.76795,3.38,1.00
2016.09.06 22:17:59.013,0.76784,0.76796,1.58,1.50
2016.09.06 22:17:59.064,0.76786,0.76796,1.13,1.50
2016.09.06 22:17:59.115,0.76786,0.76794,1.13,1.00
2016.09.06 22:17:59.166,0.76786,0.76794,1.13,1.00
2016.09.06 22:17:59.218,0.76785,0.76793,1.13,1.00
2016.09.06 22:17:59.320,0.76785,0.76794,1.13,1.00
2016.09.06 22:17:59.467,0.76783,0.76794,1.75,1.00
2016.09.06 22:18:01.200,0.76783,0.76793,1.75,1.00
2016.09.06 22:18:01.252,0.76783,0.76793,1.13,1.00
2016.09.06 22:18:01.303,0.76782,0.76793,2.63,1.00
2016.09.06 22:18:01.864,0.76782,0.76793,1.75,1.00
2016.09.06 22:18:01.916,0.76783,0.76792,1.12,1.00
2016.09.06 22:18:01.967,0.76785,0.76792,1.12,1.00
2016.09.06 22:18:02.069,0.76783,0.76792,1.75,1.00
2016.09.06 22:18:02.120,0.76784,0.76792,1.12,1.00
2016.09.06 22:18:02.292,0.76786,0.76791,1.12,1.00
2016.09.06 22:18:02.603,0.76784,0.76792,1.75,1.50
2016.09.06 22:18:02.807,0.76785,0.76791,1.12,1.00
2016.09.06 22:18:02.909,0.76785,0.76792,1.12,1.50
2016.09.06 22:18:03.316,0.76784,0.76792,1.75,1.50
2016.09.06 22:18:03.367,0.76784,0.76792,1.12,1.50
2016.09.06 22:18:04.040,0.76784,0.76792,1.75,1.50
2016.09.06 22:18:04.091,0.76781,0.76791,1.50,1.00
2016.09.06 22:18:04.143,0.7678,0.76791,2.25,1.00
2016.09.06 22:18:04.397,0.7678,0.7679,2.25,1.00
2016.09.06 22:18:04.498,0.7678,0.76791,2.25,1.00
2016.09.06 22:18:04.549,0.7678,0.76791,1.75,1.00
2016.09.06 22:18:04.600,0.7678,0.7679,1.75,1.00
2016.09.06 22:18:04.651,0.76781,0.7679,1.12,1.00
2016.09.06 22:18:04.702,0.76781,0.7679,1.75,1.00
2016.09.06 22:18:05.523,0.76781,0.76791,1.12,1.00
2016.09.06 22:18:05.625,0.7678,0.7679,1.12,1.00
2016.09.06 22:18:06.134,0.7678,0.7679,1.87,1.00
2016.09.06 22:18:06.236,0.7678,0.7679,2.25,1.00
2016.09.06 22:18:06.338,0.76781,0.7679,1.12,1.00
2016.09.06 22:18:07.564,0.76781,0.7679,1.12,1.00
2016.09.06 22:18:07.615,0.7678,0.76791,1.75,1.50
2016.09.06 22:18:07.666,0.7678,0.76791,1.12,1.50
2016.09.06 22:18:07.717,0.76779,0.7679,3.19,1.00
2016.09.06 22:18:07.768,0.76779,0.7679,2.81,1.00
2016.09.06 22:18:07.819,0.76779,0.76789,2.81,1.00
2016.09.06 22:18:07.870,0.76782,0.76789,1.12,1.00
2016.09.06 22:18:07.921,0.76782,0.7679,1.12,1.00
2016.09.06 22:18:08.222,0.76781,0.76789,1.12,1.00
2016.09.06 22:18:08.273,0.7678,0.76789,1.50,1.00
2016.09.06 22:18:08.363,0.7678,0.76791,1.07,1.50
2016.09.06 22:18:10.053,0.76781,0.76791,1.10,1.50
2016.09.06 22:18:10.902,0.76781,0.76791,1.50,1.50
2016.09.06 22:18:10.953,0.76781,0.76791,2.25,1.50
2016.09.06 22:18:15.120,0.76781,0.76791,1.87,1.50
2016.09.06 22:18:15.171,0.76781,0.76791,1.20,1.50
2016.09.06 22:18:17.462,0.76781,0.76791,1.20,1.00
2016.09.06 22:18:17.513,0.76781,0.76791,1.85,1.00
2016.09.06 22:18:17.564,0.76781,0.76791,1.12,1.00
2016.09.06 22:18:17.615,0.7678,0.76792,3.37,1.50
2016.09.06 22:18:17.666,0.7678,0.76792,3.00,1.50
2016.09.06 22:18:17.717,0.7678,0.7679,3.00,1.00
2016.09.06 22:18:17.819,0.7678,0.76791,3.00,1.00
2016.09.06 22:18:18.727,0.7678,0.76791,1.50,1.00
2016.09.06 22:18:19.329,0.7678,0.76792,1.12,1.00
2016.09.06 22:18:19.431,0.7678,0.76792,1.50,1.50
2016.09.06 22:18:19.583,0.76781,0.76792,1.20,1.50
2016.09.06 22:18:19.634,0.76781,0.76791,1.75,1.00
2016.09.06 22:18:19.736,0.7678,0.76792,1.87,1.50
2016.09.06 22:18:19.787,0.7678,0.76792,1.20,1.50
2016.09.06 22:18:20.188,0.76783,0.76792,1.00,1.50
2016.09.06 22:18:20.240,0.76786,0.76792,1.00,1.00
2016.09.06 22:18:20.292,0.76784,0.76792,2.25,1.00
2016.09.06 22:18:20.343,0.76784,0.76795,1.87,1.00
2016.09.06 22:18:20.420,0.76784,0.76796,1.75,1.00
2016.09.06 22:18:20.471,0.76785,0.76796,1.87,1.00
2016.09.06 22:18:20.522,0.76786,0.76796,1.27,1.00
2016.09.06 22:18:20.625,0.76788,0.76794,1.75,1.00
2016.09.06 22:18:20.676,0.76788,0.76794,1.75,1.00
2016.09.06 22:18:20.727,0.76787,0.76794,1.12,1.00
2016.09.06 22:18:20.829,0.76785,0.76794,1.01,1.00
2016.09.06 22:18:20.880,0.76784,0.76794,1.39,1.00
2016.09.06 22:18:21.039,0.76783,0.76794,2.44,1.00
2016.09.06 22:18:21.613,0.76783,0.76794,2.25,1.00
2016.09.06 22:18:25.590,0.76783,0.76794,1.87,1.00
2016.09.06 22:18:28.924,0.76783,0.76794,3.37,1.00
2016.09.06 22:18:30.675,0.76783,0.76795,3.37,1.50
2016.09.06 22:18:32.031,0.76783,0.76795,3.75,1.50
2016.09.06 22:18:40.511,0.76783,0.76795,3.75,1.50
2016.09.06 22:18:40.563,0.76788,0.76799,4.87,1.00
2016.09.06 22:18:40.615,0.7679,0.76799,1.87,1.00
2016.09.06 22:18:40.666,0.7679,0.76803,3.75,1.00
2016.09.06 22:18:40.769,0.76792,0.76801,1.12,1.00
2016.09.06 22:18:42.045,0.76791,0.76801,1.12,1.00
2016.09.06 22:18:42.096,0.7679,0.76801,3.00,1.00
2016.09.06 22:18:42.647,0.76791,0.768,1.20,1.00
2016.09.06 22:18:43.375,0.76791,0.76801,1.20,1.00
2016.09.06 22:18:50.683,0.7679,0.76801,1.87,1.00
2016.09.06 22:18:50.836,0.7679,0.76801,1.20,1.00
2016.09.06 22:18:50.887,0.76789,0.76801,4.50,1.00
2016.09.06 22:18:51.962,0.76789,0.76801,5.25,1.00
2016.09.06 22:18:52.514,0.76789,0.76801,4.50,1.00
2016.09.06 22:18:56.268,0.76789,0.76801,4.87,1.00
2016.09.06 22:18:56.319,0.7679,0.76801,1.20,1.00
2016.09.06 22:18:56.370,0.7679,0.76803,1.20,1.00
2016.09.06 22:18:57.380,0.7679,0.76802,1.20,1.00
2016.09.06 22:18:57.928,0.7679,0.76803,1.20,1.00
2016.09.06 22:18:58.456,0.76789,0.76802,5.62,1.00
2016.09.06 22:18:58.558,0.76789,0.768,4.50,1.00
2016.09.06 22:18:58.664,0.76789,0.768,4.87,1.00
2016.09.06 22:18:58.993,0.7679,0.768,1.65,1.00
2016.09.06 22:19:04.692,0.7679,0.76801,1.65,1.00
2016.09.06 22:19:14.014,0.76789,0.76801,4.50,1.00
2016.09.06 22:19:16.431,0.76789,0.76801,3.75,1.00
2016.09.06 22:19:16.918,0.76789,0.76799,3.75,1.00
2016.09.06 22:19:17.937,0.76789,0.76799,4.50,1.00
2016.09.06 22:19:18.102,0.76789,0.76801,4.50,1.00
2016.09.06 22:19:18.153,0.76789,0.76801,4.20,1.00
2016.09.06 22:19:18.268,0.76789,0.76801,4.57,1.00
2016.09.06 22:19:18.576,0.76789,0.76801,4.20,1.00
2016.09.06 22:19:20.241,0.76789,0.76801,4.39,1.00
2016.09.06 22:19:24.977,0.7679,0.76801,1.10,1.00
2016.09.06 22:19:25.028,0.7679,0.76801,2.32,1.00
2016.09.06 22:19:25.079,0.7679,0.76801,2.62,1.00
2016.09.06 22:19:25.130,0.7679,0.76801,3.45,1.00
2016.09.06 22:19:25.634,0.7679,0.76802,3.45,1.00
2016.09.06 22:19:26.914,0.7679,0.76802,3.82,1.00
2016.09.06 22:19:30.102,0.7679,0.76802,3.45,1.00
2016.09.06 22:19:30.153,0.7679,0.76802,1.95,1.00
2016.09.06 22:19:30.227,0.7679,0.76802,1.57,1.00
2016.09.06 22:19:30.278,0.76789,0.768,3.75,1.00
2016.09.06 22:19:30.330,0.76789,0.768,3.00,1.00
2016.09.06 22:19:31.939,0.76789,0.768,1.50,1.00
2016.09.06 22:19:32.463,0.76789,0.76799,1.50,1.00
2016.09.06 22:19:33.049,0.76788,0.76799,7.12,1.00
2016.09.06 22:19:33.609,0.76788,0.768,7.12,1.00
2016.09.06 22:19:36.620,0.76789,0.768,1.45,1.00
2016.09.06 22:19:37.321,0.76788,0.768,7.50,1.00
2016.09.06 22:19:38.312,0.76789,0.76798,1.45,1.00
2016.09.06 22:19:38.463,0.76789,0.76798,1.87,1.00
2016.09.06 22:19:38.520,0.76789,0.768,1.50,1.00
2016.09.06 22:19:38.880,0.76788,0.768,4.87,1.00
2016.09.06 22:19:39.555,0.76789,0.768,1.50,1.00
2016.09.06 22:19:39.771,0.76788,0.768,4.87,1.00
2016.09.06 22:19:39.873,0.76789,0.768,1.50,1.00
2016.09.06 22:19:43.171,0.76788,0.768,6.75,1.00
2016.09.06 22:19:43.222,0.76788,0.76798,6.75,1.00
2016.09.06 22:19:43.273,0.76789,0.76798,1.50,1.00
2016.09.06 22:19:43.324,0.76789,0.76798,1.50,1.87
2016.09.06 22:19:43.375,0.76789,0.76798,2.25,1.87
2016.09.06 22:19:43.477,0.76789,0.76798,3.00,1.87
2016.09.06 22:19:44.392,0.76789,0.76798,1.50,1.87
2016.09.06 22:19:44.911,0.76789,0.76799,1.50,1.00
2016.09.06 22:19:47.263,0.76788,0.76799,3.75,1.00
2016.09.06 22:19:50.225,0.76788,0.76799,3.37,1.00
2016.09.06 22:19:50.329,0.76788,0.76799,2.70,1.00
2016.09.06 22:19:50.507,0.76789,0.76799,1.10,1.00
2016.09.06 22:19:51.321,0.76789,0.76798,1.10,1.00
2016.09.06 22:19:51.855,0.76789,0.76799,1.10,1.00
2016.09.06 22:19:56.211,0.76788,0.76799,2.70,1.00
2016.09.06 22:19:56.365,0.76788,0.76799,3.45,1.00
2016.09.06 22:19:56.416,0.76789,0.76801,1.10,1.25
2016.09.06 22:19:56.467,0.76789,0.76801,1.57,1.25
2016.09.06 22:19:56.519,0.7679,0.76802,1.50,1.00
2016.09.06 22:20:02.677,0.7679,0.76801,1.57,1.00
2016.09.06 22:20:02.728,0.7679,0.76801,1.65,1.00
2016.09.06 22:20:03.868,0.7679,0.76799,1.65,1.00
2016.09.06 22:20:04.408,0.7679,0.768,1.65,1.00
2016.09.06 22:20:05.281,0.7679,0.76801,1.65,1.00
2016.09.06 22:20:09.855,0.76789,0.76801,2.25,1.00
2016.09.06 22:20:09.906,0.76789,0.768,1.50,1.00
2016.09.06 22:20:12.150,0.76789,0.768,1.87,1.00
2016.09.06 22:20:12.252,0.7679,0.76801,1.65,1.00
2016.09.06 22:20:12.760,0.7679,0.76802,1.65,1.00
2016.09.06 22:20:17.962,0.7679,0.76802,1.65,1.00
2016.09.06 22:20:18.056,0.7679,0.76799,1.65,1.00
2016.09.06 22:20:18.107,0.76789,0.76799,3.00,1.00
2016.09.06 22:20:21.542,0.76789,0.76799,2.25,1.00
2016.09.06 22:20:21.593,0.7679,0.76801,1.65,1.00
2016.09.06 22:20:21.695,0.7679,0.76802,1.57,1.00
2016.09.06 22:20:21.746,0.7679,0.76802,1.50,1.00
2016.09.06 22:20:24.285,0.7679,0.76801,1.50,1.00
2016.09.06 22:20:28.195,0.76788,0.76798,3.45,1.00
2016.09.06 22:20:28.551,0.76789,0.76798,1.10,1.00
2016.09.06 22:20:28.646,0.76789,0.76802,1.10,1.00
2016.09.06 22:20:28.928,0.7679,0.76802,1.00,1.00
2016.09.06 22:20:28.979,0.7679,0.76802,1.12,1.00
2016.09.06 22:20:29.209,0.7679,0.76802,2.62,1.00
2016.09.06 22:20:29.260,0.7679,0.76802,3.00,1.00
2016.09.06 22:20:30.208,0.7679,0.768,2.25,1.00
2016.09.06 22:20:30.783,0.7679,0.76801,2.25,1.00
2016.09.06 22:20:34.814,0.7679,0.768,2.25,1.00
2016.09.06 22:20:37.116,0.7679,0.76802,2.25,1.00
2016.09.06 22:20:38.426,0.7679,0.768,2.25,1.00
2016.09.06 22:20:38.780,0.7679,0.76802,2.25,1.00
2016.09.06 22:20:38.833,0.7679,0.76802,1.95,1.00
2016.09.06 22:20:45.843,0.76795,0.76806,1.87,2.06
2016.09.06 22:20:45.894,0.76796,0.76806,1.00,2.06
2016.09.06 22:20:45.945,0.76799,0.76806,2.25,1.00
2016.09.06 22:20:45.996,0.76799,0.76808,3.00,1.00
2016.09.06 22:20:46.047,0.76799,0.76808,3.00,1.00
2016.09.06 22:20:46.098,0.76799,0.76808,3.00,1.00
2016.09.06 22:20:46.149,0.76799,0.76808,2.25,1.00
2016.09.06 22:20:46.200,0.76799,0.76808,3.00,1.00
2016.09.06 22:20:46.251,0.76799,0.76808,3.75,1.00
2016.09.06 22:20:46.354,0.76796,0.76807,3.71,1.00
2016.09.06 22:20:46.405,0.76796,0.76807,2.77,1.00
2016.09.06 22:20:46.513,0.76796,0.76806,1.57,1.00
2016.09.06 22:20:46.564,0.76794,0.76805,3.75,1.00
2016.09.06 22:20:46.717,0.76794,0.76805,3.07,1.00
2016.09.06 22:20:46.971,0.76794,0.76805,1.57,1.00
2016.09.06 22:20:49.111,0.76793,0.76805,1.12,1.00
2016.09.06 22:20:49.205,0.76793,0.76803,1.87,1.00
2016.09.06 22:20:49.728,0.76793,0.76804,1.87,1.00
2016.09.06 22:20:51.083,0.76793,0.76804,1.50,1.00
2016.09.06 22:20:51.135,0.76793,0.76804,1.20,1.00
2016.09.06 22:20:54.997,0.76793,0.76802,1.20,1.00
2016.09.06 22:20:56.317,0.76792,0.76802,1.87,1.00
2016.09.06 22:20:58.507,0.76792,0.76804,1.12,1.00
2016.09.06 22:20:58.558,0.76792,0.76802,1.20,1.00
2016.09.06 22:20:59.087,0.76792,0.76803,1.20,1.00
2016.09.06 22:20:59.189,0.76792,0.76803,1.10,1.00
2016.09.06 22:21:00.269,0.76792,0.76802,1.10,1.00
2016.09.06 22:21:00.573,0.76793,0.76803,1.00,1.00
2016.09.06 22:21:00.675,0.76792,0.76803,1.10,1.00
2016.09.06 22:21:08.473,0.76792,0.76802,1.12,1.00
2016.09.06 22:21:09.275,0.76792,0.76804,1.12,1.00
2016.09.06 22:21:09.326,0.76792,0.76804,1.00,1.00
2016.09.06 22:21:09.376,0.76791,0.76804,1.10,1.00
2016.09.06 22:21:09.993,0.7679,0.76803,3.82,1.00
2016.09.06 22:21:10.095,0.76791,0.76803,1.10,1.00
2016.09.06 22:21:17.708,0.7679,0.76802,1.95,1.00
2016.09.06 22:21:19.665,0.7679,0.76803,1.95,1.00
2016.09.06 22:21:19.766,0.76791,0.76803,1.10,1.00
2016.09.06 22:21:26.102,0.76789,0.76802,4.12,1.00
2016.09.06 22:21:26.408,0.7679,0.76802,1.95,1.00
2016.09.06 22:21:26.509,0.7679,0.76802,1.65,1.00
2016.09.06 22:21:27.716,0.76791,0.76801,1.00,1.00
2016.09.06 22:21:29.526,0.76791,0.76801,1.50,1.00
2016.09.06 22:21:29.577,0.76792,0.76802,1.00,1.00
2016.09.06 22:21:29.679,0.76792,0.76804,1.10,1.00
2016.09.06 22:21:33.195,0.76791,0.76804,1.95,1.00
2016.09.06 22:21:38.224,0.76791,0.76803,1.20,1.00
2016.09.06 22:21:38.326,0.7679,0.76801,1.87,1.00
2016.09.06 22:21:38.428,0.76791,0.76801,1.20,1.00
2016.09.06 22:21:38.734,0.7679,0.76801,1.12,1.00
2016.09.06 22:21:38.849,0.7679,0.76801,1.00,1.00
2016.09.06 22:21:44.380,0.7679,0.76801,2.25,1.00
2016.09.06 22:21:55.284,0.7679,0.76801,3.00,1.00
2016.09.06 22:21:55.405,0.76792,0.76803,1.00,1.00
2016.09.06 22:21:55.457,0.76792,0.76803,1.10,1.00
2016.09.06 22:21:58.350,0.76791,0.76803,1.12,1.00
2016.09.06 22:22:00.241,0.76791,0.76803,3.37,1.00
2016.09.06 22:22:00.343,0.76793,0.76803,1.00,1.00
2016.09.06 22:22:00.444,0.76792,0.76804,1.10,1.00
2016.09.06 22:22:00.573,0.76791,0.76804,3.37,1.50
2016.09.06 22:22:00.624,0.76791,0.76804,1.12,1.50
2016.09.06 22:22:01.335,0.76792,0.76804,1.10,1.50
2016.09.06 22:22:01.437,0.76791,0.76803,1.20,1.00
2016.09.06 22:22:02.211,0.76791,0.76804,1.20,1.50
2016.09.06 22:22:07.345,0.76791,0.76804,1.20,1.87
2016.09.06 22:22:07.832,0.76791,0.76804,1.20,2.62
2016.09.06 22:22:07.883,0.76791,0.76804,1.20,1.87
2016.09.06 22:22:07.934,0.76791,0.76801,1.20,1.00
2016.09.06 22:22:08.036,0.76791,0.76801,1.12,1.00
2016.09.06 22:22:09.344,0.76792,0.76802,1.10,1.00
2016.09.06 22:22:09.445,0.76792,0.76803,1.10,1.00
2016.09.06 22:22:10.358,0.76791,0.76803,1.12,1.00
2016.09.06 22:22:12.031,0.76793,0.76803,1.00,1.00
2016.09.06 22:22:12.133,0.7679,0.76802,2.32,1.00
2016.09.06 22:22:12.237,0.76791,0.76802,1.12,1.00
2016.09.06 22:22:12.339,0.76791,0.76802,1.12,1.12
2016.09.06 22:22:17.909,0.76791,0.76802,1.50,1.12
2016.09.06 22:22:19.769,0.76791,0.76801,1.50,1.00
2016.09.06 22:22:20.968,0.76791,0.76801,1.20,1.00
2016.09.06 22:22:23.764,0.7679,0.76801,1.50,1.00
2016.09.06 22:22:23.859,0.76789,0.768,2.25,1.00
2016.09.06 22:22:23.910,0.76789,0.768,1.00,1.00
2016.09.06 22:22:23.961,0.76789,0.76801,1.00,1.12
2016.09.06 22:22:26.108,0.76789,0.76801,1.00,1.12
2016.09.06 22:22:26.159,0.76788,0.76801,3.00,1.12
2016.09.06 22:22:27.854,0.76789,0.76802,1.00,1.87
2016.09.06 22:22:27.976,0.76789,0.76802,1.00,1.87
2016.09.06 22:22:28.066,0.76789,0.76802,1.00,1.87
2016.09.06 22:22:29.377,0.76789,0.76801,1.00,1.12
2016.09.06 22:22:29.428,0.76789,0.76801,1.00,1.37
2016.09.06 22:22:30.631,0.76789,0.76801,1.00,1.12
2016.09.06 22:22:31.509,0.76789,0.76801,1.00,1.12
2016.09.06 22:22:31.763,0.76789,0.76801,1.50,1.12
2016.09.06 22:22:31.814,0.76789,0.76801,1.50,1.12
2016.09.06 22:22:33.656,0.76789,0.76801,1.50,1.37
2016.09.06 22:22:35.795,0.76789,0.76801,1.00,1.37
2016.09.06 22:22:36.094,0.76789,0.76801,1.50,1.37
2016.09.06 22:22:36.631,0.76789,0.76801,1.50,1.12
2016.09.06 22:22:36.867,0.76789,0.76801,1.00,1.12
2016.09.06 22:22:36.968,0.7679,0.76802,1.00,2.62
2016.09.06 22:22:37.324,0.76789,0.76802,1.00,2.62
2016.09.06 22:22:37.692,0.76789,0.76802,1.00,2.62
2016.09.06 22:22:38.702,0.76789,0.76802,1.00,2.62
2016.09.06 22:22:38.804,0.76789,0.76801,1.00,1.12
2016.09.06 22:22:38.985,0.7679,0.76802,1.00,2.62
2016.09.06 22:22:39.341,0.76791,0.76802,1.00,2.25
2016.09.06 22:22:39.392,0.76791,0.76802,1.00,1.50
2016.09.06 22:22:39.968,0.7679,0.76801,1.00,1.00
2016.09.06 22:22:40.070,0.7679,0.76802,1.00,2.62
2016.09.06 22:22:40.121,0.7679,0.76802,1.00,2.62
2016.09.06 22:22:40.449,0.7679,0.76801,1.00,1.00
2016.09.06 22:22:40.500,0.7679,0.768,1.00,1.00
2016.09.06 22:22:42.914,0.76789,0.768,3.00,1.00
2016.09.06 22:22:43.016,0.7679,0.768,1.00,1.00
2016.09.06 22:22:43.229,0.7679,0.76802,1.00,3.37
2016.09.06 22:22:43.281,0.7679,0.76802,1.00,1.37
2016.09.06 22:22:45.380,0.7679,0.76802,1.00,1.87
2016.09.06 22:22:48.890,0.76789,0.76802,3.07,1.87
2016.09.06 22:22:49.011,0.7679,0.76802,1.00,1.12
2016.09.06 22:22:51.725,0.7679,0.76802,1.00,1.12
2016.09.06 22:22:51.836,0.7679,0.76802,1.00,1.12
2016.09.06 22:22:51.889,0.76789,0.76802,2.32,1.87
2016.09.06 22:22:52.093,0.76789,0.76802,3.07,1.87
2016.09.06 22:22:52.144,0.76789,0.76802,3.07,1.87
2016.09.06 22:22:53.362,0.76789,0.76802,3.07,1.87
2016.09.06 22:22:53.413,0.76789,0.768,3.07,1.00
2016.09.06 22:22:53.682,0.76792,0.76801,1.00,1.00
2016.09.06 22:22:53.733,0.76791,0.76803,1.00,2.25
2016.09.06 22:22:59.290,0.7679,0.76803,1.00,2.25
2016.09.06 22:22:59.405,0.7679,0.76802,1.00,1.00
2016.09.06 22:23:08.221,0.76792,0.76802,1.00,1.00
2016.09.06 22:23:08.848,0.76792,0.76802,1.00,1.50
2016.09.06 22:23:12.869,0.76792,0.76802,1.00,1.87
2016.09.06 22:23:13.036,0.76788,0.768,4.87,1.12
2016.09.06 22:23:13.100,0.76788,0.768,4.87,1.00
2016.09.06 22:23:13.152,0.76788,0.76802,1.87,1.87
2016.09.06 22:23:13.255,0.76788,0.76801,4.50,1.12
2016.09.06 22:23:13.562,0.76788,0.76801,6.00,2.62
2016.09.06 22:23:13.613,0.7679,0.76801,1.00,2.62
2016.09.06 22:23:14.515,0.7679,0.76801,1.00,1.12
2016.09.06 22:23:16.489,0.7679,0.76801,1.00,1.00
2016.09.06 22:23:16.540,0.7679,0.76802,1.00,1.12
2016.09.06 22:23:16.591,0.7679,0.76802,1.00,1.00
2016.09.06 22:23:16.642,0.76791,0.76802,1.00,2.25
2016.09.06 22:23:16.743,0.76791,0.76802,1.00,2.32
2016.09.06 22:23:16.918,0.76791,0.76802,1.00,2.70
2016.09.06 22:23:17.123,0.76791,0.76801,1.00,1.12
2016.09.06 22:23:21.934,0.76791,0.76801,1.00,1.37
2016.09.06 22:23:22.869,0.76791,0.76801,1.00,2.25
2016.09.06 22:23:22.951,0.76787,0.76798,1.20,1.00
2016.09.06 22:23:23.130,0.76783,0.76795,1.75,1.00
2016.09.06 22:23:23.232,0.76785,0.76794,1.12,1.00
2016.09.06 22:23:23.283,0.76786,0.76794,1.75,1.00
2016.09.06 22:23:23.385,0.76786,0.76794,1.75,1.12
2016.09.06 22:23:23.486,0.76785,0.76794,1.12,1.12
2016.09.06 22:23:23.537,0.76783,0.76794,1.12,1.12
2016.09.06 22:23:23.588,0.76782,0.76794,1.87,1.12
2016.09.06 22:23:23.690,0.76782,0.76794,1.87,1.00
2016.09.06 22:23:24.214,0.76782,0.76793,1.87,1.00
2016.09.06 22:23:26.169,0.76783,0.76793,1.20,1.50
2016.09.06 22:23:26.220,0.76783,0.76793,1.10,1.50
2016.09.06 22:23:30.155,0.76782,0.76792,1.20,1.00
2016.09.06 22:23:30.257,0.76782,0.76793,1.20,1.50
2016.09.06 22:23:30.359,0.76781,0.76793,1.87,1.50
2016.09.06 22:23:30.461,0.76782,0.76793,1.10,1.00
2016.09.06 22:23:30.512,0.76782,0.76793,1.00,1.00
2016.09.06 22:23:30.563,0.76781,0.76793,1.10,1.50
2016.09.06 22:23:31.349,0.76783,0.76793,1.00,1.50
2016.09.06 22:23:32.578,0.76782,0.76792,1.00,1.00
2016.09.06 22:23:32.681,0.76781,0.76794,1.10,2.25
2016.09.06 22:23:33.387,0.76781,0.76793,1.10,1.00
2016.09.06 22:23:33.438,0.76781,0.76794,1.10,2.25
2016.09.06 22:23:33.768,0.76782,0.76794,1.00,2.25
2016.09.06 22:23:35.251,0.76781,0.76793,1.10,1.00
2016.09.06 22:23:37.275,0.76781,0.76793,1.50,1.00
2016.09.06 22:23:37.376,0.76781,0.76793,1.87,1.00
2016.09.06 22:23:37.568,0.76782,0.76793,1.20,1.00
2016.09.06 22:23:38.074,0.76782,0.76794,1.20,2.25
2016.09.06 22:23:38.184,0.76782,0.76794,1.20,1.50
2016.09.06 22:23:38.591,0.76782,0.76794,1.20,1.00
2016.09.06 22:23:39.477,0.76783,0.76794,1.10,1.00
2016.09.06 22:23:42.023,0.76783,0.76794,1.10,1.12
2016.09.06 22:23:43.284,0.76782,0.76794,1.20,1.87
2016.09.06 22:23:50.178,0.76781,0.76794,1.87,1.50
2016.09.06 22:23:50.281,0.76782,0.76794,1.20,1.50
2016.09.06 22:23:50.332,0.76782,0.76794,1.20,2.25
2016.09.06 22:23:50.484,0.76782,0.76794,1.20,1.50
2016.09.06 22:23:50.586,0.76782,0.76794,1.20,2.25
2016.09.06 22:23:50.972,0.76781,0.76793,1.87,1.50
2016.09.06 22:23:51.023,0.76781,0.76793,1.87,2.25
2016.09.06 22:23:51.125,0.76781,0.76793,1.87,1.50
2016.09.06 22:23:51.278,0.76781,0.76793,1.87,1.87
2016.09.06 22:23:52.325,0.76781,0.76793,1.87,2.62
2016.09.06 22:23:52.376,0.76782,0.76793,1.20,2.25
2016.09.06 22:23:52.478,0.76783,0.76793,1.10,1.50
2016.09.06 22:23:52.580,0.76782,0.76793,1.20,1.50
2016.09.06 22:23:52.682,0.76781,0.76793,1.87,2.25
2016.09.06 22:23:54.508,0.76781,0.76793,1.87,1.50
2016.09.06 22:23:54.560,0.76782,0.76793,1.20,1.50
2016.09.06 22:24:03.103,0.76781,0.76793,1.12,1.50
2016.09.06 22:24:03.154,0.7678,0.76793,1.87,1.50
2016.09.06 22:24:03.205,0.76782,0.76792,1.00,1.00
2016.09.06 22:24:03.307,0.76782,0.76793,1.00,1.50
2016.09.06 22:24:03.358,0.76782,0.76793,1.10,1.50
2016.09.06 22:24:03.409,0.76783,0.76793,1.00,1.50
2016.09.06 22:24:04.206,0.7678,0.76793,1.87,1.50
2016.09.06 22:24:04.309,0.76782,0.76792,1.10,1.00
2016.09.06 22:24:06.113,0.76782,0.76793,1.10,1.00
2016.09.06 22:24:07.103,0.76781,0.76793,1.20,1.50
2016.09.06 22:24:08.392,0.76781,0.76793,1.95,1.50
2016.09.06 22:24:08.518,0.76782,0.76793,1.10,1.00
2016.09.06 22:24:08.621,0.76783,0.76793,1.00,1.00
2016.09.06 22:24:08.723,0.76781,0.76793,1.20,1.50
2016.09.06 22:24:08.825,0.76781,0.76793,1.12,1.50
2016.09.06 22:24:08.876,0.76781,0.76793,1.10,1.50
2016.09.06 22:24:15.217,0.76782,0.76793,1.00,1.50
2016.09.06 22:24:15.318,0.76782,0.76792,1.00,1.00
2016.09.06 22:24:22.510,0.76782,0.76792,1.12,1.00
2016.09.06 22:24:24.624,0.76782,0.76792,1.00,1.00
2016.09.06 22:24:25.113,0.76781,0.76793,1.10,1.00
2016.09.06 22:24:26.416,0.76781,0.76794,1.10,1.50
2016.09.06 22:24:28.781,0.76788,0.76794,2.62,1.00
2016.09.06 22:24:28.833,0.76788,0.76796,2.62,1.10
2016.09.06 22:24:28.885,0.76786,0.76798,2.25,1.10
2016.09.06 22:24:28.936,0.76785,0.76798,1.12,1.12
2016.09.06 22:24:28.987,0.76784,0.76798,2.44,1.00
2016.09.06 22:24:29.039,0.76785,0.768,1.10,3.19
2016.09.06 22:24:29.120,0.76786,0.76799,1.12,1.00
2016.09.06 22:24:29.171,0.76786,0.76799,1.20,1.00
2016.09.06 22:24:29.222,0.76786,0.768,1.85,3.19
2016.09.06 22:24:29.273,0.76786,0.768,2.17,1.69
2016.09.06 22:24:29.392,0.76786,0.76799,1.42,1.00
2016.09.06 22:24:29.444,0.76785,0.76799,1.12,1.50
2016.09.06 22:24:30.864,0.76785,0.76797,1.12,1.00
2016.09.06 22:24:32.120,0.76784,0.76796,2.32,1.00
2016.09.06 22:24:32.222,0.76784,0.76796,2.25,1.00
2016.09.06 22:24:32.326,0.76784,0.76796,1.95,1.00
2016.09.06 22:24:32.377,0.76784,0.76796,1.65,1.00
2016.09.06 22:24:32.964,0.76786,0.76796,1.87,1.00
2016.09.06 22:24:33.063,0.76791,0.768,1.00,1.00
2016.09.06 22:24:33.114,0.7679,0.76802,1.00,1.50
2016.09.06 22:24:33.234,0.7679,0.76802,1.12,1.50
2016.09.06 22:24:33.285,0.7679,0.76802,1.20,1.00
2016.09.06 22:24:33.542,0.7679,0.76802,1.20,1.50
2016.09.06 22:24:33.645,0.76789,0.76802,1.12,1.00
2016.09.06 22:24:33.747,0.76789,0.76802,1.87,1.00
2016.09.06 22:24:33.849,0.76789,0.76802,1.12,1.00
2016.09.06 22:24:33.951,0.7679,0.76801,1.20,1.00
2016.09.06 22:24:34.347,0.76791,0.76801,1.10,1.00
2016.09.06 22:24:40.537,0.76791,0.76802,1.10,1.00
2016.09.06 22:24:40.638,0.76792,0.76802,1.00,2.25
2016.09.06 22:24:49.926,0.76789,0.768,3.37,1.00
2016.09.06 22:24:49.977,0.76789,0.768,4.12,1.00
2016.09.06 22:24:50.028,0.7679,0.768,1.20,1.00
2016.09.06 22:24:50.173,0.7679,0.768,1.12,1.00
2016.09.06 22:24:50.224,0.7679,0.768,1.00,1.00
2016.09.06 22:24:50.377,0.7679,0.768,1.00,1.00
2016.09.06 22:24:50.428,0.76791,0.76802,1.00,2.25
2016.09.06 22:24:50.784,0.76792,0.76802,1.00,3.00
2016.09.06 22:24:51.326,0.7679,0.76802,1.10,3.00
2016.09.06 22:24:52.083,0.7679,0.76802,1.10,3.00
2016.09.06 22:24:54.803,0.7679,0.76802,1.10,3.00
2016.09.06 22:24:55.632,0.76789,0.76801,1.20,2.25
2016.09.06 22:24:55.734,0.76788,0.76801,6.94,2.25
2016.09.06 22:24:55.836,0.7679,0.768,1.10,1.00
2016.09.06 22:24:56.191,0.7679,0.768,1.00,1.00
2016.09.06 22:24:58.168,0.7679,0.76801,1.00,1.50
2016.09.06 22:24:58.270,0.76791,0.76801,1.10,1.50
2016.09.06 22:24:59.733,0.76791,0.76802,1.10,3.00
2016.09.06 22:25:02.407,0.76791,0.76802,1.10,2.25
2016.09.06 22:25:02.459,0.76791,0.76802,1.10,1.00
2016.09.06 22:25:02.544,0.76791,0.76803,1.10,2.25
2016.09.06 22:25:02.972,0.76791,0.76803,1.10,1.00
2016.09.06 22:25:10.379,0.7679,0.76803,1.12,1.00
2016.09.06 22:25:10.481,0.76792,0.76802,1.00,1.00
2016.09.06 22:25:15.132,0.76792,0.76802,1.00,1.50
2016.09.06 22:25:15.183,0.7679,0.76801,1.12,1.00
2016.09.06 22:25:15.234,0.7679,0.76802,1.12,1.00
2016.09.06 22:25:15.336,0.7679,0.76802,1.00,1.00
2016.09.06 22:25:15.387,0.7679,0.76802,1.00,1.00
2016.09.06 22:25:21.188,0.76789,0.76801,1.69,1.00
2016.09.06 22:25:21.239,0.76789,0.76801,2.06,1.00
2016.09.06 22:25:21.350,0.76788,0.76801,2.51,1.50
2016.09.06 22:25:21.402,0.76789,0.76801,1.31,1.50
2016.09.06 22:25:25.355,0.76789,0.768,1.31,1.00
2016.09.06 22:25:31.870,0.76789,0.768,1.12,1.00
2016.09.06 22:25:31.922,0.76788,0.76798,2.70,1.00
2016.09.06 22:25:31.973,0.76788,0.76798,2.62,1.00
2016.09.06 22:25:32.053,0.76788,0.768,2.62,1.50
2016.09.06 22:25:32.106,0.76788,0.768,3.82,1.50
2016.09.06 22:25:32.158,0.76788,0.768,6.45,1.50
2016.09.06 22:25:32.209,0.76788,0.768,5.70,1.50
2016.09.06 22:25:32.261,0.76788,0.768,4.20,1.50
2016.09.06 22:25:32.312,0.76788,0.76795,1.95,1.00
2016.09.06 22:25:32.364,0.76786,0.76793,1.01,1.00
2016.09.06 22:25:32.415,0.76784,0.76791,1.12,1.00
2016.09.06 22:25:32.510,0.76781,0.76791,1.00,1.00
2016.09.06 22:25:32.615,0.7678,0.76792,1.10,1.00
2016.09.06 22:25:32.785,0.76781,0.76793,1.50,2.25
2016.09.06 22:25:32.846,0.76783,0.76792,1.10,1.00
2016.09.06 22:25:32.897,0.76782,0.76793,1.20,2.25
2016.09.06 22:25:32.948,0.76782,0.76793,1.10,2.25
2016.09.06 22:25:33.156,0.76782,0.76793,1.10,3.00
2016.09.06 22:25:33.207,0.76781,0.76793,1.12,3.00
2016.09.06 22:25:33.309,0.76781,0.76793,1.12,1.50
2016.09.06 22:25:33.411,0.76782,0.76792,1.10,1.00
2016.09.06 22:25:33.513,0.76783,0.76793,1.00,1.00
2016.09.06 22:25:33.564,0.76783,0.76793,1.50,1.00
2016.09.06 22:25:33.615,0.76783,0.76794,1.87,2.62
2016.09.06 22:25:33.667,0.76783,0.76794,1.87,2.25
2016.09.06 22:25:33.747,0.76782,0.76794,1.12,2.25
2016.09.06 22:25:33.799,0.76782,0.76794,1.50,2.25
2016.09.06 22:25:33.851,0.76782,0.76794,1.87,2.25
2016.09.06 22:25:34.312,0.76782,0.76792,1.87,1.00
2016.09.06 22:25:34.414,0.76783,0.76792,1.20,1.00
2016.09.06 22:25:34.516,0.76782,0.76793,1.12,1.00
2016.09.06 22:25:34.567,0.76782,0.76793,1.00,1.00
2016.09.06 22:25:34.663,0.76781,0.76792,1.00,1.00
2016.09.06 22:25:35.312,0.76782,0.76794,1.00,3.75
2016.09.06 22:25:35.363,0.76782,0.76794,1.10,3.75
2016.09.06 22:25:35.414,0.76782,0.76794,1.10,2.25
2016.09.06 22:25:35.516,0.76783,0.76794,1.00,1.50
2016.09.06 22:25:35.618,0.76782,0.76794,1.10,1.50
2016.09.06 22:25:35.720,0.76783,0.76794,1.00,2.25
2016.09.06 22:25:36.095,0.76783,0.76794,1.00,1.50
2016.09.06 22:25:38.089,0.76782,0.76794,1.10,1.50
2016.09.06 22:25:38.344,0.76782,0.76792,1.10,1.50
2016.09.06 22:25:38.395,0.7678,0.76791,1.12,1.50
2016.09.06 22:25:38.487,0.76779,0.76791,3.37,1.00
2016.09.06 22:25:38.539,0.7678,0.76791,1.00,1.00
2016.09.06 22:25:38.645,0.76781,0.76793,1.00,2.25
2016.09.06 22:25:38.696,0.76781,0.76793,1.00,1.50
2016.09.06 22:25:38.801,0.76781,0.76792,1.00,1.00
2016.09.06 22:25:38.852,0.76781,0.76792,1.10,1.00
2016.09.06 22:25:38.904,0.76782,0.76792,1.00,1.00
2016.09.06 22:25:38.955,0.76782,0.76792,1.12,1.00
2016.09.06 22:25:39.006,0.76783,0.76792,1.10,1.00
2016.09.06 22:25:39.108,0.76783,0.76793,1.10,1.50
2016.09.06 22:25:39.210,0.76782,0.76793,1.57,2.25
2016.09.06 22:25:39.265,0.76782,0.76793,2.25,2.25
2016.09.06 22:25:39.317,0.76782,0.76793,2.25,1.50
2016.09.06 22:25:40.798,0.76783,0.76793,1.50,2.25
2016.09.06 22:25:41.548,0.76783,0.76793,1.20,2.25
2016.09.06 22:25:41.700,0.76782,0.76793,1.12,1.50
2016.09.06 22:25:41.802,0.76783,0.76793,1.20,2.25
2016.09.06 22:25:44.101,0.76782,0.76793,1.87,2.25
2016.09.06 22:25:55.224,0.76782,0.76793,1.87,1.50
2016.09.06 22:25:55.325,0.76783,0.76793,1.20,1.50
2016.09.06 22:25:55.427,0.76783,0.76793,1.20,2.25
2016.09.06 22:25:55.529,0.76782,0.76793,1.12,1.50
2016.09.06 22:25:55.580,0.76781,0.76793,1.50,1.50
2016.09.06 22:25:55.631,0.76783,0.76793,1.00,2.25
2016.09.06 22:25:55.733,0.76781,0.76793,1.00,2.25
2016.09.06 22:25:56.744,0.76783,0.76793,1.00,2.25
2016.09.06 22:25:58.556,0.76781,0.76793,1.00,2.25
2016.09.06 22:25:58.607,0.76781,0.76793,1.00,1.50
2016.09.06 22:26:04.147,0.76782,0.76793,1.00,1.50
2016.09.06 22:26:10.657,0.76782,0.76793,1.00,1.00
2016.09.06 22:26:10.759,0.76783,0.76794,1.00,3.00
2016.09.06 22:26:10.810,0.76783,0.76794,1.00,3.00
2016.09.06 22:26:10.861,0.76783,0.76794,1.00,3.75
2016.09.06 22:26:10.912,0.76783,0.76794,1.00,2.25
2016.09.06 22:26:10.963,0.76782,0.76794,1.20,2.25
2016.09.06 22:26:11.065,0.76782,0.76794,1.20,1.50
2016.09.06 22:26:11.963,0.76781,0.76793,1.87,1.00
2016.09.06 22:26:12.065,0.76782,0.76794,1.12,2.62
2016.09.06 22:26:12.115,0.76782,0.76794,1.12,2.62
2016.09.06 22:26:12.217,0.76782,0.76793,1.12,1.00
2016.09.06 22:26:12.268,0.76781,0.76792,1.87,1.00
2016.09.06 22:26:12.421,0.76781,0.76792,1.50,1.00
2016.09.06 22:26:19.343,0.76782,0.76793,1.20,1.00
2016.09.06 22:26:25.953,0.76781,0.76792,1.87,1.00
2016.09.06 22:26:26.055,0.76781,0.76792,1.12,1.00
2016.09.06 22:26:26.106,0.7678,0.76792,1.87,1.00
2016.09.06 22:26:26.268,0.7678,0.76792,1.20,1.00
2016.09.06 22:26:26.320,0.7678,0.76792,1.10,1.00
2016.09.06 22:26:26.372,0.76781,0.76791,1.00,1.00
2016.09.06 22:26:40.759,0.76779,0.76792,1.57,2.25
2016.09.06 22:26:40.810,0.76779,0.76792,1.57,3.00
2016.09.06 22:26:40.862,0.76779,0.76792,1.57,2.25
2016.09.06 22:26:40.913,0.76779,0.76791,1.00,1.00
2016.09.06 22:26:40.965,0.76778,0.7679,1.10,1.00
2016.09.06 22:26:41.016,0.76777,0.7679,1.65,1.50
2016.09.06 22:26:41.067,0.76776,0.76789,3.30,1.00
2016.09.06 22:26:41.118,0.76776,0.76789,1.42,1.00
2016.09.06 22:26:41.169,0.76779,0.7679,1.00,1.00
2016.09.06 22:26:41.299,0.76779,0.7679,1.00,1.00
2016.09.06 22:26:41.351,0.76778,0.7679,1.50,1.00
2016.09.06 22:26:42.231,0.76777,0.7679,1.50,1.00
2016.09.06 22:26:43.168,0.76777,0.7679,1.65,1.00
2016.09.06 22:26:44.158,0.76777,0.7679,2.40,1.00
2016.09.06 22:26:45.086,0.76777,0.76786,1.50,1.50
2016.09.06 22:26:45.138,0.76774,0.76786,3.45,1.50
2016.09.06 22:26:45.236,0.76775,0.76785,1.12,1.00
2016.09.06 22:26:45.288,0.76773,0.76784,1.87,1.50
2016.09.06 22:26:45.396,0.76774,0.76784,1.12,2.25
2016.09.06 22:26:45.651,0.76775,0.76782,1.12,1.00
2016.09.06 22:26:45.701,0.76772,0.76782,1.12,1.00
2016.09.06 22:26:45.803,0.76771,0.76782,1.87,1.00
2016.09.06 22:26:45.905,0.76773,0.76782,1.12,1.00
2016.09.06 22:26:45.956,0.76774,0.76782,1.75,1.00
2016.09.06 22:26:46.007,0.76773,0.76782,1.12,1.00
2016.09.06 22:26:46.058,0.76772,0.76782,1.75,1.00
2016.09.06 22:26:47.006,0.76772,0.76782,1.75,1.50
2016.09.06 22:26:47.108,0.76772,0.76782,1.75,1.00
2016.09.06 22:26:47.262,0.76772,0.76782,2.25,1.50
2016.09.06 22:26:48.471,0.76773,0.76782,1.12,1.00
2016.09.06 22:26:48.878,0.76774,0.76782,1.75,1.00
2016.09.06 22:26:48.929,0.76775,0.76782,1.12,1.00
2016.09.06 22:26:48.980,0.76772,0.76782,1.87,1.00
2016.09.06 22:26:49.184,0.76772,0.76782,1.50,1.00
2016.09.06 22:26:49.975,0.76772,0.76783,1.50,1.00
2016.09.06 22:26:52.131,0.76773,0.76783,1.12,1.00
2016.09.06 22:26:52.960,0.76773,0.76781,1.12,1.00
2016.09.06 22:26:53.618,0.76774,0.76781,1.12,1.00
2016.09.06 22:26:53.720,0.76772,0.76782,1.87,1.00
2016.09.06 22:26:53.974,0.76772,0.76781,1.57,1.00
2016.09.06 22:26:54.025,0.76772,0.76781,1.20,1.00
2016.09.06 22:26:54.076,0.76772,0.76781,1.50,1.00
2016.09.06 22:26:54.127,0.76772,0.76781,1.87,1.00
2016.09.06 22:26:54.178,0.76772,0.76781,1.57,1.00
2016.09.06 22:26:54.382,0.76773,0.76781,1.50,1.00
2016.09.06 22:26:54.488,0.76773,0.76781,1.87,1.00
2016.09.06 22:26:55.011,0.76773,0.76782,1.87,1.00
2016.09.06 22:26:55.990,0.76774,0.76781,1.12,1.00
2016.09.06 22:27:02.295,0.76772,0.76781,1.12,1.00
2016.09.06 22:27:02.346,0.76771,0.76781,2.25,1.00
2016.09.06 22:27:02.397,0.76773,0.76781,1.20,1.00
2016.09.06 22:27:02.602,0.76771,0.76781,2.25,1.00
2016.09.06 22:27:03.033,0.76771,0.76781,2.25,1.50
2016.09.06 22:27:03.378,0.76771,0.76781,2.25,2.25
2016.09.06 22:27:03.429,0.76769,0.76779,1.75,1.00
2016.09.06 22:27:03.480,0.76769,0.76779,1.10,1.00
2016.09.06 22:27:03.633,0.76769,0.76779,1.20,1.00
2016.09.06 22:27:03.884,0.76768,0.76779,2.62,1.00
2016.09.06 22:27:03.935,0.76769,0.76779,1.75,1.00
2016.09.06 22:27:04.037,0.76769,0.76779,2.25,1.00
2016.09.06 22:27:04.088,0.7677,0.76779,1.12,1.00
2016.09.06 22:27:04.526,0.76769,0.76779,1.85,1.00
2016.09.06 22:27:04.577,0.76769,0.76779,2.70,1.00
2016.09.06 22:27:04.628,0.76769,0.76779,3.45,1.00
2016.09.06 22:27:05.208,0.7677,0.76779,1.57,1.00
2016.09.06 22:27:05.326,0.76769,0.76779,4.12,1.00
2016.09.06 22:27:06.243,0.76769,0.76779,3.37,1.00
2016.09.06 22:27:06.780,0.76769,0.7678,3.37,1.00
2016.09.06 22:27:06.831,0.76769,0.7678,4.12,1.00
2016.09.06 22:27:07.356,0.7677,0.7678,1.12,1.00
2016.09.06 22:27:07.407,0.76771,0.7678,1.20,1.00
2016.09.06 22:27:07.458,0.76771,0.76782,1.20,1.50
2016.09.06 22:27:07.509,0.76774,0.76784,1.00,1.50
2016.09.06 22:27:07.611,0.76773,0.76784,1.00,1.00
2016.09.06 22:27:08.146,0.76774,0.76784,1.00,1.00
2016.09.06 22:27:09.373,0.76774,0.76785,1.00,2.25
2016.09.06 22:27:09.441,0.76774,0.76785,1.00,1.00
2016.09.06 22:27:10.197,0.76773,0.76785,1.00,1.50
2016.09.06 22:27:10.496,0.76775,0.76785,1.00,1.50
2016.09.06 22:27:11.011,0.76772,0.76785,1.10,1.50
2016.09.06 22:27:11.163,0.76772,0.76784,1.10,1.00
2016.09.06 22:27:11.215,0.76772,0.76782,1.10,1.00
2016.09.06 22:27:11.317,0.76772,0.76784,1.10,1.50
2016.09.06 22:27:11.500,0.76771,0.76784,1.20,1.50
2016.09.06 22:27:12.231,0.76773,0.76782,1.00,1.00
2016.09.06 22:27:12.838,0.76773,0.76783,1.00,1.00
2016.09.06 22:27:15.097,0.76771,0.76784,1.20,1.50
2016.09.06 22:27:17.901,0.76772,0.76782,1.10,1.00
2016.09.06 22:27:18.005,0.76771,0.76784,1.20,1.50
2016.09.06 22:27:20.182,0.76771,0.76784,1.95,1.00
2016.09.06 22:27:20.539,0.76773,0.76785,1.00,1.12
2016.09.06 22:27:22.538,0.76772,0.76785,1.10,1.12
2016.09.06 22:27:23.735,0.76771,0.76784,1.95,1.00
2016.09.06 22:27:23.841,0.76773,0.76785,1.00,1.87
2016.09.06 22:27:23.952,0.76773,0.76785,1.50,1.50
2016.09.06 22:27:28.559,0.76773,0.76787,1.00,1.37
2016.09.06 22:27:28.611,0.76773,0.76787,1.10,1.00
2016.09.06 22:27:28.695,0.76773,0.76786,1.65,1.00
2016.09.06 22:27:28.746,0.76773,0.76787,1.65,1.12
2016.09.06 22:27:30.157,0.76773,0.76787,1.84,1.12
2016.09.06 22:27:30.208,0.76775,0.76787,1.00,1.00
2016.09.06 22:27:30.362,0.76777,0.76789,1.00,1.12
2016.09.06 22:27:30.413,0.76777,0.76789,1.00,1.00
2016.09.06 22:27:30.464,0.76778,0.76789,1.00,1.00
2016.09.06 22:27:30.581,0.76778,0.76789,1.00,1.10
2016.09.06 22:27:30.808,0.76778,0.76789,1.50,1.10
2016.09.06 22:27:30.910,0.76778,0.76789,1.87,1.10
2016.09.06 22:27:30.961,0.76778,0.76789,1.87,1.00
2016.09.06 22:27:31.395,0.7678,0.76789,1.00,1.00
2016.09.06 22:27:31.446,0.7678,0.76793,1.00,2.25
2016.09.06 22:27:31.498,0.76781,0.76793,1.00,1.87
2016.09.06 22:27:31.549,0.76782,0.76793,1.50,1.50
2016.09.06 22:27:31.600,0.76783,0.76793,1.00,1.00
2016.09.06 22:27:31.698,0.76782,0.76794,1.87,1.12
2016.09.06 22:27:31.750,0.76783,0.76795,1.10,1.37
2016.09.06 22:27:31.817,0.76783,0.76795,1.00,1.12
2016.09.06 22:27:32.021,0.76783,0.76795,1.00,1.00
2016.09.06 22:27:32.123,0.76784,0.76796,1.00,1.12
2016.09.06 22:27:32.225,0.76785,0.76798,1.50,2.62
2016.09.06 22:27:32.277,0.76785,0.76798,1.50,1.37
2016.09.06 22:27:32.328,0.76786,0.76799,1.00,2.62
2016.09.06 22:27:32.430,0.76786,0.76799,1.00,2.70
2016.09.06 22:27:32.481,0.76786,0.76799,1.00,1.27
2016.09.06 22:27:33.663,0.76786,0.76797,1.00,1.00
2016.09.06 22:27:36.975,0.7679,0.76797,1.00,1.00
2016.09.06 22:27:37.026,0.76791,0.768,1.00,2.17
2016.09.06 22:27:37.077,0.76791,0.76801,1.00,1.50
2016.09.06 22:27:37.129,0.7679,0.76801,1.50,1.00
2016.09.06 22:27:37.181,0.7679,0.76801,1.00,1.12
2016.09.06 22:27:37.232,0.7679,0.76799,1.00,1.10
2016.09.06 22:27:37.335,0.76789,0.76801,1.12,1.12
2016.09.06 22:27:37.436,0.76789,0.76801,1.00,1.10
2016.09.06 22:27:37.555,0.7679,0.76801,1.00,1.20
2016.09.06 22:27:37.606,0.76791,0.76801,1.00,1.12
2016.09.06 22:27:37.658,0.76791,0.76803,1.00,1.50
2016.09.06 22:27:37.760,0.76792,0.76803,1.00,2.25
2016.09.06 22:27:37.862,0.76793,0.76803,1.00,1.95
2016.09.06 22:27:37.964,0.76792,0.76802,1.00,1.10
2016.09.06 22:27:38.064,0.76792,0.76802,1.00,1.00
2016.09.06 22:27:38.166,0.76792,0.76802,1.00,1.00
2016.09.06 22:27:38.957,0.76792,0.76803,1.00,1.10
2016.09.06 22:27:40.131,0.76791,0.76803,1.00,1.10
2016.09.06 22:27:40.234,0.7679,0.76801,2.25,1.00
2016.09.06 22:27:40.285,0.7679,0.76801,3.00,1.00
2016.09.06 22:27:40.336,0.7679,0.76802,2.25,1.20
2016.09.06 22:27:40.387,0.7679,0.76802,1.50,1.20
2016.09.06 22:27:40.439,0.7679,0.768,1.50,1.00
2016.09.06 22:27:40.491,0.7679,0.768,1.00,1.00
2016.09.06 22:27:40.542,0.76789,0.768,2.81,1.00
2016.09.06 22:27:40.655,0.76789,0.768,3.19,1.00
2016.09.06 22:27:41.983,0.76789,0.768,2.44,1.00
2016.09.06 22:27:43.087,0.76789,0.768,2.25,1.00
2016.09.06 22:27:46.147,0.76789,0.76802,1.50,1.12
2016.09.06 22:27:46.199,0.76789,0.76802,1.50,1.50
2016.09.06 22:27:46.250,0.76789,0.76802,3.19,1.12
2016.09.06 22:27:46.356,0.76789,0.76802,2.25,1.12
2016.09.06 22:27:46.458,0.76791,0.76802,1.00,1.12
2016.09.06 22:27:46.995,0.76792,0.76802,1.00,1.12
2016.09.06 22:27:47.297,0.76792,0.76803,1.50,1.87
2016.09.06 22:27:47.349,0.76794,0.76805,1.00,2.62
2016.09.06 22:27:47.400,0.76794,0.76805,1.57,1.50
2016.09.06 22:27:47.452,0.76796,0.76805,1.00,1.00
2016.09.06 22:27:47.665,0.76795,0.76805,1.00,1.50
2016.09.06 22:27:47.767,0.76794,0.76805,1.50,1.00
2016.09.06 22:27:47.920,0.76794,0.76805,1.12,1.00
2016.09.06 22:27:48.031,0.76794,0.76805,1.12,1.50
2016.09.06 22:27:48.849,0.76794,0.76805,1.12,1.00
2016.09.06 22:27:48.951,0.76794,0.76807,1.12,3.45
2016.09.06 22:27:49.002,0.76794,0.76807,1.12,1.87
2016.09.06 22:27:49.053,0.76794,0.76807,1.87,1.87
2016.09.06 22:27:49.105,0.76794,0.76807,1.12,1.87
2016.09.06 22:27:49.156,0.76795,0.76805,1.00,1.00
2016.09.06 22:27:52.094,0.76796,0.76807,1.00,1.87
2016.09.06 22:27:52.755,0.76794,0.76807,1.31,2.62
2016.09.06 22:27:52.857,0.76795,0.76807,1.00,1.37
2016.09.06 22:27:53.359,0.76795,0.76807,1.00,1.87
2016.09.06 22:27:56.355,0.76795,0.76807,1.00,1.37
2016.09.06 22:27:57.736,0.76796,0.76807,1.00,1.37
2016.09.06 22:27:57.787,0.76796,0.76807,1.50,1.87
2016.09.06 22:27:57.889,0.76797,0.76807,1.00,1.87
2016.09.06 22:27:58.092,0.76795,0.76807,1.50,1.37
2016.09.06 22:27:58.194,0.76796,0.76807,1.00,1.37
2016.09.06 22:27:58.245,0.76797,0.76807,1.00,1.37
2016.09.06 22:27:58.297,0.76801,0.76807,1.00,1.37
2016.09.06 22:27:58.348,0.76801,0.76809,1.00,1.00
2016.09.06 22:27:58.471,0.76796,0.76807,3.00,1.87
2016.09.06 22:27:58.522,0.76796,0.76807,1.50,1.87
2016.09.06 22:27:58.574,0.76795,0.76805,1.00,1.00
2016.09.06 22:27:58.677,0.76794,0.76805,2.81,1.00
2016.09.06 22:27:58.994,0.76794,0.76805,2.06,1.00
2016.09.06 22:27:59.096,0.76794,0.76805,2.25,1.00
2016.09.06 22:27:59.694,0.76794,0.76805,2.25,1.50
2016.09.06 22:28:00.008,0.76794,0.76805,3.75,1.50
2016.09.06 22:28:01.024,0.76794,0.76805,2.25,1.50
2016.09.06 22:28:01.227,0.76794,0.76805,1.50,1.50
2016.09.06 22:28:01.278,0.76794,0.76805,1.62,1.50
2016.09.06 22:28:01.380,0.76793,0.76805,1.87,1.00
2016.09.06 22:28:01.482,0.76793,0.76805,1.69,1.50
2016.09.06 22:28:02.782,0.76793,0.76803,1.69,1.00
2016.09.06 22:28:02.833,0.76793,0.76803,1.19,1.00
2016.09.06 22:28:02.884,0.76792,0.76803,1.31,1.00
2016.09.06 22:28:02.935,0.76792,0.76803,1.87,1.00
2016.09.06 22:28:02.987,0.76792,0.76803,2.25,1.00
2016.09.06 22:28:03.068,0.76792,0.76803,2.44,1.00
2016.09.06 22:28:03.119,0.76792,0.76803,2.06,1.00
2016.09.06 22:28:03.170,0.76792,0.76803,1.50,1.00
2016.09.06 22:28:03.368,0.76793,0.76803,1.10,1.00
2016.09.06 22:28:03.421,0.76794,0.76803,1.00,1.00
2016.09.06 22:28:03.888,0.76792,0.76803,1.10,1.00
2016.09.06 22:28:04.279,0.76792,0.76803,1.57,1.00
2016.09.06 22:28:11.553,0.76792,0.76803,1.10,1.00
2016.09.06 22:28:11.655,0.76792,0.76803,1.00,1.00
2016.09.06 22:28:11.706,0.7679,0.76803,3.00,1.00
2016.09.06 22:28:11.757,0.7679,0.76803,1.50,1.00
2016.09.06 22:28:11.808,0.7679,0.76802,1.12,1.50
2016.09.06 22:28:11.909,0.7679,0.76802,1.50,1.50
2016.09.06 22:28:11.960,0.7679,0.76802,1.50,1.50
2016.09.06 22:28:12.011,0.7679,0.76802,1.50,1.00
2016.09.06 22:28:13.081,0.7679,0.768,1.31,1.00
2016.09.06 22:28:13.132,0.7679,0.768,2.06,1.00
2016.09.06 22:28:13.183,0.7679,0.768,1.87,1.00
2016.09.06 22:28:13.285,0.7679,0.76799,1.50,1.00
2016.09.06 22:28:14.530,0.7679,0.76799,2.25,1.00
2016.09.06 22:28:14.592,0.7679,0.76797,1.50,1.00
2016.09.06 22:28:14.643,0.76789,0.76797,1.12,1.00
2016.09.06 22:28:14.745,0.76789,0.76797,2.62,1.00
2016.09.06 22:28:14.796,0.76789,0.76797,1.50,1.00
2016.09.06 22:28:22.204,0.76789,0.76797,2.25,1.00
2016.09.06 22:28:22.306,0.76789,0.76797,2.62,1.00
2016.09.06 22:28:30.091,0.76789,0.76797,3.37,1.00
2016.09.06 22:28:30.244,0.76789,0.76797,2.62,1.00
2016.09.06 22:28:30.295,0.76791,0.76802,1.00,1.50
2016.09.06 22:28:30.347,0.76791,0.76802,1.50,1.00
2016.09.06 22:28:30.399,0.76791,0.76803,1.50,2.25
2016.09.06 22:28:30.451,0.76791,0.76803,1.12,2.25
2016.09.06 22:28:30.504,0.76791,0.76803,1.50,2.25
2016.09.06 22:28:31.305,0.76791,0.76803,1.50,2.25
2016.09.06 22:28:31.356,0.7679,0.76802,2.25,1.00
2016.09.06 22:28:31.407,0.7679,0.76802,2.44,1.00
2016.09.06 22:28:31.458,0.7679,0.76802,1.76,1.00
2016.09.06 22:28:31.509,0.7679,0.76802,1.09,1.00
2016.09.06 22:28:31.635,0.7679,0.76802,1.01,1.00
2016.09.06 22:28:31.686,0.7679,0.76802,1.25,1.00
2016.09.06 22:28:31.737,0.7679,0.76802,1.25,1.00
2016.09.06 22:28:31.815,0.7679,0.76802,1.62,1.00
2016.09.06 22:28:32.018,0.7679,0.76803,1.00,3.00
2016.09.06 22:28:32.120,0.7679,0.76802,1.00,1.00
2016.09.06 22:28:32.432,0.76791,0.76801,1.00,1.00
2016.09.06 22:28:32.483,0.76791,0.76803,1.00,1.10
2016.09.06 22:28:32.534,0.76792,0.76803,1.00,1.00
2016.09.06 22:28:32.586,0.76792,0.76804,1.00,1.10
2016.09.06 22:28:32.637,0.76793,0.76804,1.87,1.10
2016.09.06 22:28:32.688,0.76795,0.76806,1.00,1.12
2016.09.06 22:28:32.740,0.76795,0.76807,1.50,2.62
2016.09.06 22:28:32.791,0.76797,0.76809,1.00,1.35
2016.09.06 22:28:32.842,0.76798,0.7681,1.00,1.50
2016.09.06 22:28:32.893,0.76798,0.7681,1.00,1.12
2016.09.06 22:28:32.944,0.76798,0.76812,1.50,4.20
2016.09.06 22:28:32.996,0.76798,0.7681,1.69,1.07
2016.09.06 22:28:33.139,0.76798,0.76809,1.50,2.70
2016.09.06 22:28:33.190,0.76797,0.76809,1.75,1.37
2016.09.06 22:28:33.242,0.76796,0.7681,3.64,1.65
2016.09.06 22:28:33.293,0.76796,0.7681,3.94,1.65
2016.09.06 22:28:33.344,0.76796,0.7681,3.00,1.47
2016.09.06 22:28:33.446,0.76796,0.7681,3.45,1.12
2016.09.06 22:28:33.497,0.76796,0.7681,3.64,1.20
2016.09.06 22:28:33.548,0.76796,0.7681,3.56,1.57
2016.09.06 22:28:33.650,0.76796,0.7681,3.56,1.12
2016.09.06 22:28:33.752,0.76796,0.7681,4.31,1.12
2016.09.06 22:28:33.854,0.76797,0.76811,1.12,1.50
2016.09.06 22:28:33.905,0.76797,0.76811,1.12,2.25
2016.09.06 22:28:33.956,0.76797,0.76811,1.20,2.25
2016.09.06 22:28:34.109,0.76797,0.76811,1.20,1.50
2016.09.06 22:28:34.160,0.76797,0.76809,1.12,1.37
2016.09.06 22:28:34.292,0.76796,0.7681,1.25,2.25
2016.09.06 22:28:34.445,0.76796,0.7681,1.69,2.25
2016.09.06 22:28:34.856,0.76796,0.7681,1.25,2.25
2016.09.06 22:28:35.912,0.76796,0.76808,1.25,1.00
2016.09.06 22:28:35.964,0.76796,0.76808,1.69,1.00
2016.09.06 22:28:36.015,0.76796,0.76808,2.81,1.00
2016.09.06 22:28:36.066,0.76797,0.76808,1.31,1.00
2016.09.06 22:28:40.144,0.76797,0.76808,1.00,1.00
2016.09.06 22:28:43.805,0.76797,0.76808,2.25,1.00
2016.09.06 22:28:43.878,0.76797,0.76808,2.25,1.00
2016.09.06 22:28:44.031,0.76797,0.76808,2.81,1.00
2016.09.06 22:28:44.113,0.76797,0.76809,2.25,1.00
2016.09.06 22:28:44.318,0.76797,0.76809,2.81,1.00
2016.09.06 22:28:46.285,0.76797,0.76809,1.31,1.00
2016.09.06 22:28:46.439,0.76797,0.76808,1.00,1.00
2016.09.06 22:28:47.791,0.76799,0.76808,1.50,1.00
2016.09.06 22:28:48.079,0.76799,0.76808,2.25,1.00
2016.09.06 22:28:48.874,0.76799,0.76808,1.50,1.00
2016.09.06 22:28:48.925,0.76797,0.76808,3.56,1.00
2016.09.06 22:28:49.153,0.76797,0.76808,3.00,1.00
2016.09.06 22:28:49.204,0.76797,0.76812,1.87,3.45
2016.09.06 22:28:49.255,0.76799,0.76812,1.50,1.10
2016.09.06 22:28:49.306,0.76801,0.76814,1.00,4.12
2016.09.06 22:28:49.387,0.76801,0.76814,2.06,1.50
2016.09.06 22:28:49.439,0.76802,0.76816,1.00,2.70
2016.09.06 22:28:49.490,0.76802,0.76813,1.00,1.75
2016.09.06 22:28:49.592,0.76803,0.76813,1.00,1.12
2016.09.06 22:28:50.106,0.76803,0.76814,1.00,1.20
2016.09.06 22:28:50.157,0.76803,0.76815,1.00,2.25
2016.09.06 22:28:50.243,0.76803,0.76814,1.00,1.12
2016.09.06 22:28:50.481,0.76803,0.76813,1.00,1.07
2016.09.06 22:28:50.583,0.76803,0.76813,1.00,1.50
2016.09.06 22:28:51.065,0.76801,0.76813,1.19,1.50
2016.09.06 22:28:51.116,0.76801,0.76813,1.19,1.12
2016.09.06 22:28:51.167,0.76801,0.76815,1.19,2.25
2016.09.06 22:28:51.269,0.76801,0.76815,1.19,1.50
2016.09.06 22:28:51.371,0.76801,0.76815,1.69,1.50
2016.09.06 22:28:51.422,0.76801,0.76815,2.44,1.50
2016.09.06 22:28:51.473,0.76803,0.76813,1.00,1.75
2016.09.06 22:28:51.781,0.76803,0.76815,1.00,1.20
2016.09.06 22:28:51.832,0.76803,0.76815,1.00,1.07
2016.09.06 22:28:51.883,0.76803,0.76815,1.00,1.50
2016.09.06 22:28:51.987,0.76803,0.76813,1.00,1.12
2016.09.06 22:28:52.251,0.768,0.76813,2.25,1.12
2016.09.06 22:28:52.302,0.768,0.76813,1.00,3.00
2016.09.06 22:28:52.404,0.76799,0.76812,1.00,2.25
2016.09.06 22:28:52.456,0.76799,0.7681,1.00,1.50
2016.09.06 22:28:52.558,0.768,0.7681,1.00,1.12
2016.09.06 22:28:52.660,0.768,0.76811,1.69,1.12
2016.09.06 22:28:52.711,0.768,0.76812,1.69,1.75
2016.09.06 22:28:52.763,0.76801,0.76813,1.00,1.87
2016.09.06 22:28:52.814,0.76801,0.76813,1.00,2.25
2016.09.06 22:28:52.916,0.768,0.76812,1.00,1.10
2016.09.06 22:28:52.967,0.768,0.76812,1.00,1.20
2016.09.06 22:28:53.492,0.76801,0.76812,1.00,1.20
2016.09.06 22:28:53.543,0.76801,0.76812,1.00,1.00
2016.09.06 22:28:53.594,0.76801,0.76813,1.00,1.27
2016.09.06 22:28:53.645,0.76801,0.76813,1.00,1.20
2016.09.06 22:28:53.696,0.76801,0.76813,1.00,1.00
2016.09.06 22:28:53.747,0.76801,0.76813,1.50,1.00
2016.09.06 22:28:54.323,0.76801,0.76813,1.00,1.00
2016.09.06 22:28:55.746,0.76801,0.76813,1.00,2.62
2016.09.06 22:28:56.056,0.76802,0.76813,1.00,2.25
2016.09.06 22:28:56.107,0.76802,0.76813,1.00,1.50
2016.09.06 22:28:56.711,0.76801,0.76813,1.00,1.50
2016.09.06 22:28:56.965,0.76802,0.76813,1.00,1.57
2016.09.06 22:28:58.867,0.768,0.76813,2.06,1.57
2016.09.06 22:28:58.918,0.768,0.76812,2.06,1.00
2016.09.06 22:28:59.020,0.76801,0.76812,1.00,1.00
2016.09.06 22:29:01.276,0.768,0.76812,1.50,1.10
2016.09.06 22:29:04.573,0.768,0.76812,1.50,1.10
2016.09.06 22:29:07.729,0.768,0.76811,1.00,2.25
2016.09.06 22:29:07.781,0.76798,0.76811,3.19,2.25
2016.09.06 22:29:07.832,0.76798,0.76811,2.44,3.75
2016.09.06 22:29:07.883,0.76798,0.7681,2.25,1.12
2016.09.06 22:29:08.037,0.76798,0.76809,2.25,1.75
2016.09.06 22:29:08.140,0.76798,0.76808,1.25,1.12
2016.09.06 22:29:08.191,0.76797,0.7681,4.09,1.12
2016.09.06 22:29:08.242,0.76797,0.7681,3.94,1.12
2016.09.06 22:29:08.293,0.76798,0.7681,1.00,1.12
2016.09.06 22:29:08.738,0.76798,0.7681,1.31,1.12
2016.09.06 22:29:08.789,0.76799,0.7681,1.00,1.12
2016.09.06 22:29:10.574,0.76797,0.76809,3.71,1.75
2016.09.06 22:29:10.672,0.76799,0.76808,1.00,1.12
2016.09.06 22:29:10.723,0.76799,0.7681,1.00,1.75
2016.09.06 22:29:12.800,0.76797,0.76809,3.19,1.12
2016.09.06 22:29:12.902,0.76798,0.76809,1.25,1.12
2016.09.06 22:29:13.464,0.76798,0.76809,1.25,1.12
2016.09.06 22:29:13.566,0.76799,0.76809,1.50,1.12
2016.09.06 22:29:14.756,0.76799,0.76808,1.50,1.20
2016.09.06 22:29:14.807,0.76799,0.76808,2.25,1.20
2016.09.06 22:29:14.858,0.76799,0.76808,2.25,1.87
2016.09.06 22:29:14.946,0.76799,0.76807,1.50,1.12
2016.09.06 22:29:15.060,0.76799,0.76808,1.50,1.87
2016.09.06 22:29:15.138,0.76799,0.76808,1.50,1.50
2016.09.06 22:29:15.408,0.76799,0.76808,1.50,1.12
2016.09.06 22:29:15.459,0.76799,0.76808,1.50,1.00
2016.09.06 22:29:15.561,0.76799,0.76808,1.50,1.87
2016.09.06 22:29:16.865,0.76799,0.76808,1.50,1.00
2016.09.06 22:29:17.866,0.76799,0.76808,1.50,2.25
2016.09.06 22:29:17.941,0.76799,0.76808,1.50,1.87
2016.09.06 22:29:26.188,0.76799,0.76808,1.00,1.57
2016.09.06 22:29:26.239,0.76799,0.76808,1.00,1.20
2016.09.06 22:29:28.682,0.76798,0.76808,3.00,1.50
2016.09.06 22:29:28.734,0.76798,0.76808,1.00,1.87
2016.09.06 22:29:28.837,0.76798,0.76807,1.50,1.12
2016.09.06 22:29:29.214,0.76798,0.76807,2.25,1.12
2016.09.06 22:29:29.265,0.76798,0.76807,2.44,1.12
2016.09.06 22:29:30.133,0.76798,0.76807,3.19,1.12
2016.09.06 22:29:30.184,0.76798,0.76807,2.25,1.12
2016.09.06 22:29:30.235,0.76798,0.76807,1.50,1.12
2016.09.06 22:29:30.287,0.76798,0.76807,1.50,1.50
2016.09.06 22:29:30.338,0.76798,0.76807,1.50,1.10
2016.09.06 22:29:30.389,0.76796,0.76807,3.00,1.10
2016.09.06 22:29:30.440,0.76796,0.76807,3.00,1.00
2016.09.06 22:29:30.542,0.76796,0.76808,3.00,1.10
2016.09.06 22:29:30.593,0.76798,0.76808,1.00,1.10
2016.09.06 22:29:31.303,0.76796,0.76808,3.00,1.10
2016.09.06 22:29:32.303,0.76797,0.76808,1.00,1.10
2016.09.06 22:29:32.507,0.76798,0.76808,1.00,1.00
2016.09.06 22:29:32.788,0.76797,0.76808,1.00,1.10
2016.09.06 22:29:32.839,0.76797,0.76808,1.00,1.20
2016.09.06 22:29:35.659,0.76797,0.76808,1.00,1.50
2016.09.06 22:29:37.866,0.76797,0.76808,1.00,1.12
2016.09.06 22:29:37.917,0.76797,0.76808,1.00,1.00
2016.09.06 22:29:39.287,0.76797,0.76808,1.50,1.00
2016.09.06 22:29:39.339,0.76798,0.76808,1.00,1.00
2016.09.06 22:29:39.390,0.76798,0.76808,1.50,1.00
2016.09.06 22:29:40.268,0.76798,0.76806,1.50,1.00
2016.09.06 22:29:40.320,0.76797,0.76806,1.00,1.00
2016.09.06 22:29:40.422,0.76796,0.76805,1.00,1.10
2016.09.06 22:29:40.474,0.76796,0.76806,1.12,1.12
2016.09.06 22:29:40.525,0.76796,0.76806,1.00,2.25
2016.09.06 22:29:40.576,0.76796,0.76806,1.00,2.62
2016.09.06 22:29:40.627,0.76796,0.76805,1.50,1.12
2016.09.06 22:29:40.730,0.76798,0.76806,1.00,1.75
2016.09.06 22:29:40.781,0.76798,0.76807,1.00,2.32
2016.09.06 22:29:40.832,0.768,0.76809,1.00,2.25
2016.09.06 22:29:40.920,0.76799,0.76809,1.00,1.00
2016.09.06 22:29:40.971,0.76799,0.76809,1.00,1.10
2016.09.06 22:29:41.073,0.768,0.76809,1.00,1.00
2016.09.06 22:29:50.124,0.76799,0.76809,1.00,1.00
2016.09.06 22:29:52.061,0.76799,0.76809,1.00,1.10
2016.09.06 22:29:52.438,0.76797,0.76809,1.19,1.10
2016.09.06 22:29:52.540,0.76797,0.76809,2.44,1.10
2016.09.06 22:29:54.489,0.76797,0.76809,3.00,1.10
2016.09.06 22:29:55.020,0.76797,0.76809,2.44,1.10
2016.09.06 22:29:57.289,0.76797,0.76809,3.00,1.10
2016.09.06 22:29:57.340,0.76797,0.76809,3.00,1.20
2016.09.06 22:29:57.392,0.76797,0.76809,3.00,1.50
2016.09.06 22:29:57.903,0.76797,0.76809,2.44,1.50
2016.09.06 22:29:58.009,0.76797,0.76809,3.00,1.12
2016.09.06 22:29:58.061,0.76797,0.76809,3.00,1.00
2016.09.06 22:29:58.249,0.76797,0.76809,1.50,1.00
2016.09.06 22:29:58.309,0.76797,0.76809,1.19,1.00
2016.09.06 22:29:59.601,0.76797,0.76809,1.50,1.00
2016.09.06 22:30:00.155,0.76797,0.76809,2.44,1.00
2016.09.06 22:30:00.206,0.76797,0.76809,2.25,1.87
2016.09.06 22:30:00.258,0.76794,0.76807,2.25,1.20
2016.09.06 22:30:00.309,0.76794,0.76807,1.50,1.10
2016.09.06 22:30:00.361,0.76795,0.76808,1.00,1.57
2016.09.06 22:30:00.413,0.76795,0.76808,1.00,1.95
2016.09.06 22:30:00.464,0.76795,0.76807,1.00,1.57
2016.09.06 22:30:00.516,0.76795,0.76807,1.00,1.50
2016.09.06 22:30:00.567,0.76797,0.76809,1.00,1.37
2016.09.06 22:30:00.618,0.76797,0.76809,1.00,1.47
2016.09.06 22:30:00.736,0.76796,0.76809,1.00,1.47
2016.09.06 22:30:01.056,0.76797,0.76808,1.00,1.12
2016.09.06 22:30:01.107,0.76797,0.76808,1.00,1.10
2016.09.06 22:30:01.768,0.76797,0.76809,1.00,1.57
2016.09.06 22:30:01.882,0.76797,0.76808,1.00,1.10
2016.09.06 22:30:01.988,0.76795,0.76809,1.00,1.57
2016.09.06 22:30:03.401,0.76794,0.76809,1.00,1.57
2016.09.06 22:30:04.742,0.76794,0.76809,1.25,1.57
2016.09.06 22:30:04.794,0.76796,0.76809,1.00,1.57
2016.09.06 22:30:04.896,0.76794,0.76808,1.00,1.47
2016.09.06 22:30:04.947,0.76794,0.76808,1.25,1.47
2016.09.06 22:30:04.998,0.76794,0.76807,1.25,1.12
2016.09.06 22:30:05.278,0.76794,0.76808,1.25,1.47
2016.09.06 22:30:06.181,0.76794,0.76808,1.69,1.95
2016.09.06 22:30:06.283,0.76795,0.76808,1.00,1.95
2016.09.06 22:30:07.510,0.76794,0.76808,1.50,1.47
2016.09.06 22:30:07.561,0.76794,0.76808,1.69,1.47
2016.09.06 22:30:08.249,0.76794,0.76809,1.00,1.57
2016.09.06 22:30:08.300,0.76794,0.76806,1.00,1.00
2016.09.06 22:30:08.351,0.76794,0.76807,1.00,1.50
2016.09.06 22:30:08.402,0.76792,0.76804,1.00,1.00
2016.09.06 22:30:09.148,0.76792,0.76804,1.50,1.00
2016.09.06 22:30:09.199,0.76794,0.76807,1.00,1.12
2016.09.06 22:30:09.301,0.76796,0.76807,1.00,1.87
2016.09.06 22:30:09.521,0.76796,0.76807,1.00,1.12
2016.09.06 22:30:09.572,0.76794,0.76808,1.00,1.87
2016.09.06 22:30:09.674,0.76794,0.76808,1.00,1.87
2016.09.06 22:30:09.725,0.76794,0.76808,1.00,2.25
2016.09.06 22:30:10.158,0.76794,0.76808,1.00,1.50
2016.09.06 22:30:13.910,0.76793,0.76809,1.00,1.95
2016.09.06 22:30:14.274,0.76794,0.76809,1.00,2.32
2016.09.06 22:30:19.606,0.76794,0.76809,1.00,1.95
2016.09.06 22:30:19.657,0.76794,0.76809,1.00,1.57
2016.09.06 22:30:20.114,0.76794,0.76808,1.50,1.12
2016.09.06 22:30:20.777,0.76794,0.76808,2.25,1.12
2016.09.06 22:30:20.829,0.76795,0.76808,1.00,1.12
2016.09.06 22:30:20.932,0.76795,0.76808,1.00,1.00
2016.09.06 22:30:21.457,0.76796,0.76808,1.00,1.00
2016.09.06 22:30:22.132,0.76796,0.76809,1.00,1.87
2016.09.06 22:30:22.575,0.76796,0.76809,1.00,1.50
2016.09.06 22:30:23.386,0.76795,0.76809,1.00,1.50
2016.09.06 22:30:23.505,0.76796,0.76809,1.00,1.00
2016.09.06 22:30:25.578,0.76796,0.76809,1.00,3.75
2016.09.06 22:30:25.631,0.76791,0.76804,1.57,1.00
2016.09.06 22:30:25.683,0.76791,0.76804,1.20,1.00
2016.09.06 22:30:25.734,0.76792,0.76804,1.00,1.00
2016.09.06 22:30:25.786,0.76792,0.76804,1.00,1.00
2016.09.06 22:30:25.837,0.76793,0.76805,1.00,1.00
2016.09.06 22:30:25.990,0.76794,0.76806,1.00,1.12
2016.09.06 22:30:26.392,0.76795,0.76807,1.00,1.50
2016.09.06 22:30:26.494,0.76795,0.76807,1.00,1.00
2016.09.06 22:30:26.545,0.76795,0.76808,1.00,1.50
2016.09.06 22:30:26.647,0.76795,0.76808,1.00,1.00
2016.09.06 22:30:26.698,0.76795,0.76807,1.00,1.12
2016.09.06 22:30:26.785,0.76795,0.76807,1.00,1.50
2016.09.06 22:30:26.836,0.76793,0.76807,1.00,1.57
2016.09.06 22:30:26.887,0.76793,0.76807,1.00,1.95
2016.09.06 22:30:27.416,0.76793,0.76807,1.00,1.57
2016.09.06 22:30:27.467,0.76793,0.76807,2.25,1.10
2016.09.06 22:30:27.518,0.76795,0.76808,1.00,1.50
2016.09.06 22:30:27.569,0.76795,0.76808,1.00,2.25
2016.09.06 22:30:27.620,0.76795,0.76808,1.00,4.12
2016.09.06 22:30:27.671,0.76795,0.76806,1.00,1.00
2016.09.06 22:30:27.722,0.76794,0.76805,1.00,1.00
2016.09.06 22:30:27.824,0.76792,0.76806,2.32,1.12
2016.09.06 22:30:27.959,0.76792,0.76804,2.32,1.00
2016.09.06 22:30:28.487,0.76792,0.76804,1.10,1.00
2016.09.06 22:30:30.463,0.76792,0.76806,1.10,1.50
2016.09.06 22:30:30.515,0.76792,0.76806,1.57,1.50
2016.09.06 22:30:30.876,0.76792,0.76806,1.10,1.12
2016.09.06 22:30:36.820,0.76792,0.76805,1.10,1.00
2016.09.06 22:30:36.871,0.76792,0.76805,1.10,1.37
2016.09.06 22:30:36.923,0.76791,0.76801,1.45,1.00
2016.09.06 22:30:36.974,0.76791,0.76801,1.50,1.00
2016.09.06 22:30:37.025,0.76791,0.76797,1.12,1.00
2016.09.06 22:30:37.076,0.76785,0.76797,2.77,1.00
2016.09.06 22:30:37.128,0.76784,0.76797,3.97,1.50
2016.09.06 22:30:37.179,0.76784,0.76797,3.07,1.50
2016.09.06 22:30:37.231,0.76784,0.76795,1.10,1.00
2016.09.06 22:30:37.333,0.76784,0.76795,1.00,1.00
2016.09.06 22:30:37.470,0.76784,0.76795,1.10,1.00
2016.09.06 22:30:37.521,0.76784,0.76795,1.57,1.00
2016.09.06 22:30:38.161,0.76784,0.76795,1.50,1.00
2016.09.06 22:30:38.213,0.76784,0.76795,1.12,1.00
2016.09.06 22:30:38.813,0.76786,0.76795,1.50,1.00
2016.09.06 22:30:38.864,0.76786,0.76797,1.50,1.00
2016.09.06 22:30:38.916,0.76789,0.76797,2.25,1.00
2016.09.06 22:30:39.018,0.7679,0.76797,1.00,1.00
2016.09.06 22:30:39.224,0.76789,0.76797,2.25,1.00
2016.09.06 22:30:39.327,0.76789,0.76797,1.50,1.00
2016.09.06 22:30:39.930,0.76787,0.76797,2.77,1.00
2016.09.06 22:30:39.981,0.76787,0.76797,2.40,1.00
2016.09.06 22:30:40.032,0.76787,0.76797,2.40,1.00
2016.09.06 22:30:40.083,0.76787,0.76797,2.25,1.00
2016.09.06 22:30:48.016,0.76787,0.76797,2.40,1.00
2016.09.06 22:30:49.388,0.76787,0.76797,3.15,1.00
2016.09.06 22:30:49.439,0.76792,0.76797,1.00,1.00
2016.09.06 22:30:49.541,0.76789,0.76797,1.50,1.00
2016.09.06 22:30:49.592,0.76789,0.76797,1.00,1.00
2016.09.06 22:30:49.643,0.76788,0.76797,3.00,1.00
2016.09.06 22:30:49.695,0.76788,0.76797,3.37,1.00
2016.09.06 22:30:49.746,0.76788,0.76797,4.12,1.00
2016.09.06 22:30:49.848,0.7679,0.76797,1.10,1.00
2016.09.06 22:30:49.950,0.76789,0.76797,1.00,1.00
2016.09.06 22:30:50.052,0.76788,0.76796,1.12,1.00
2016.09.06 22:30:50.154,0.76788,0.76796,2.25,1.00
2016.09.06 22:30:50.205,0.76788,0.76796,1.50,1.00
2016.09.06 22:30:50.739,0.76788,0.76797,1.50,1.00
2016.09.06 22:30:51.451,0.76788,0.76797,2.25,1.00
2016.09.06 22:30:51.523,0.76788,0.76797,3.00,1.00
2016.09.06 22:30:51.574,0.76789,0.76797,1.00,1.00
2016.09.06 22:30:52.917,0.76788,0.76797,3.00,1.00
2016.09.06 22:30:53.247,0.76788,0.76797,2.25,1.00
2016.09.06 22:30:53.349,0.76789,0.76797,1.50,1.00
2016.09.06 22:30:53.452,0.76788,0.76797,2.25,1.00
2016.09.06 22:30:53.554,0.76789,0.76797,1.00,1.00
2016.09.06 22:30:53.969,0.76788,0.76797,3.00,1.00
2016.09.06 22:30:54.071,0.76789,0.76797,1.00,1.00
2016.09.06 22:30:54.122,0.76789,0.76797,1.50,1.00
2016.09.06 22:30:54.173,0.76789,0.76797,1.00,1.00
2016.09.06 22:30:54.224,0.76789,0.76797,1.50,1.00
2016.09.06 22:30:54.856,0.76789,0.76797,1.00,1.00
2016.09.06 22:30:54.958,0.7679,0.76797,1.00,1.00
2016.09.06 22:30:56.153,0.76789,0.76799,1.00,1.00
2016.09.06 22:30:56.255,0.76791,0.76799,1.00,1.00
2016.09.06 22:30:56.763,0.76789,0.76799,1.20,1.00
2016.09.06 22:30:56.865,0.7679,0.76799,1.12,1.00
2016.09.06 22:30:57.384,0.7679,0.768,1.12,1.00
2016.09.06 22:30:57.486,0.76789,0.768,1.85,1.00
2016.09.06 22:30:57.537,0.76789,0.768,2.32,1.00
2016.09.06 22:30:58.149,0.76789,0.768,1.57,1.00
2016.09.06 22:30:58.353,0.7679,0.768,1.12,1.00
2016.09.06 22:30:58.455,0.7679,0.768,1.00,1.00
2016.09.06 22:30:58.610,0.7679,0.768,1.00,1.00
2016.09.06 22:30:58.661,0.76789,0.76798,2.70,1.00
2016.09.06 22:30:58.914,0.76789,0.76798,2.62,1.00
2016.09.06 22:30:58.965,0.76789,0.76798,2.32,1.00
2016.09.06 22:30:59.359,0.76789,0.76798,3.15,1.00
2016.09.06 22:30:59.410,0.76789,0.76798,3.82,1.00
2016.09.06 22:30:59.461,0.7679,0.76798,1.12,1.00
2016.09.06 22:31:00.262,0.7679,0.76799,1.12,1.00
2016.09.06 22:31:00.313,0.7679,0.76799,1.00,1.00
2016.09.06 22:31:01.158,0.7679,0.76799,1.00,1.00
2016.09.06 22:31:01.260,0.7679,0.76799,1.00,1.00
2016.09.06 22:31:01.565,0.76789,0.76799,2.40,1.00
2016.09.06 22:31:01.616,0.76789,0.76799,3.07,1.00
2016.09.06 22:31:01.667,0.76791,0.76799,1.10,1.00
2016.09.06 22:31:02.166,0.76789,0.768,3.82,1.00
2016.09.06 22:31:02.572,0.76789,0.76799,3.07,1.00
2016.09.06 22:31:02.674,0.76789,0.76799,3.82,1.00
2016.09.06 22:31:03.255,0.76789,0.768,3.82,1.00
2016.09.06 22:31:03.679,0.76789,0.76799,3.07,1.00
2016.09.06 22:31:03.832,0.76789,0.768,3.82,1.00
2016.09.06 22:31:03.934,0.76789,0.768,3.07,1.00
2016.09.06 22:31:04.475,0.76789,0.76799,3.07,1.00
2016.09.06 22:31:05.277,0.7679,0.76799,1.12,1.00
2016.09.06 22:31:05.385,0.76792,0.768,1.00,1.00
2016.09.06 22:31:06.300,0.7679,0.768,1.87,1.00
2016.09.06 22:31:06.381,0.76791,0.768,1.10,1.00
2016.09.06 22:31:06.687,0.76792,0.76799,1.00,1.00
2016.09.06 22:31:07.188,0.76791,0.76799,1.10,1.00
2016.09.06 22:31:09.288,0.76791,0.768,1.10,1.00
2016.09.06 22:31:09.796,0.76791,0.76799,1.10,1.00
2016.09.06 22:31:10.484,0.76791,0.76798,1.10,1.00
2016.09.06 22:31:10.690,0.76789,0.76798,1.57,1.00
2016.09.06 22:31:10.894,0.76789,0.768,1.57,1.00
2016.09.06 22:31:10.945,0.76789,0.768,2.32,1.00
2016.09.06 22:31:11.685,0.76789,0.768,2.25,1.00
2016.09.06 22:31:11.736,0.76789,0.768,1.50,1.00
2016.09.06 22:31:11.787,0.76789,0.768,2.25,1.00
2016.09.06 22:31:12.168,0.76791,0.768,1.00,1.00
2016.09.06 22:31:15.054,0.76792,0.768,1.00,1.00
2016.09.06 22:31:16.565,0.76791,0.768,1.00,1.00
2016.09.06 22:31:16.768,0.7679,0.768,1.00,1.00
2016.09.06 22:31:17.653,0.7679,0.768,1.00,1.00
2016.09.06 22:31:18.964,0.76791,0.768,1.00,1.00
2016.09.06 22:31:19.508,0.7679,0.768,1.00,1.00
2016.09.06 22:31:20.262,0.76792,0.768,1.00,1.00
2016.09.06 22:31:20.347,0.76792,0.768,1.00,1.00
2016.09.06 22:31:20.444,0.76792,0.768,1.00,1.00
2016.09.06 22:31:20.962,0.76791,0.768,1.00,1.00
2016.09.06 22:31:26.203,0.7679,0.768,2.25,1.00
2016.09.06 22:31:27.092,0.76791,0.768,1.00,1.00
2016.09.06 22:31:31.602,0.7679,0.768,1.00,1.00
2016.09.06 22:31:31.805,0.76789,0.768,2.25,1.00
2016.09.06 22:31:31.907,0.7679,0.768,1.00,1.00
2016.09.06 22:31:33.922,0.7679,0.768,1.00,1.00
2016.09.06 22:31:34.024,0.7679,0.768,1.00,1.00
2016.09.06 22:31:34.586,0.76791,0.768,1.00,1.00
2016.09.06 22:31:37.717,0.76791,0.76799,1.00,1.00
2016.09.06 22:31:45.204,0.76788,0.76799,2.81,1.00
2016.09.06 22:31:45.255,0.76787,0.76799,2.51,1.50
2016.09.06 22:31:45.306,0.76786,0.76797,1.56,1.00
2016.09.06 22:31:45.398,0.76785,0.76794,1.12,1.00
2016.09.06 22:31:45.449,0.76784,0.76794,1.12,1.00
2016.09.06 22:31:45.501,0.76783,0.76793,2.06,1.00
2016.09.06 22:31:45.554,0.76783,0.76793,1.31,1.00
2016.09.06 22:31:45.672,0.76781,0.76793,1.19,1.00
2016.09.06 22:31:46.028,0.76783,0.76793,1.25,1.00
2016.09.06 22:31:46.350,0.76782,0.76793,1.19,1.00
2016.09.06 22:31:47.122,0.76783,0.76793,1.25,1.00
2016.09.06 22:31:47.529,0.76781,0.76793,1.19,1.00
2016.09.06 22:31:47.906,0.76782,0.76793,1.19,1.00
2016.09.06 22:31:49.441,0.76784,0.76793,1.00,1.00
2016.09.06 22:31:50.632,0.76783,0.76793,1.25,1.00
2016.09.06 22:31:50.734,0.76781,0.76792,1.29,1.00
2016.09.06 22:31:51.313,0.76783,0.76792,1.25,1.00
2016.09.06 22:31:51.415,0.76784,0.76794,1.00,1.00
2016.09.06 22:31:51.593,0.76783,0.76794,1.25,1.00
2016.09.06 22:31:51.644,0.76784,0.76794,1.00,1.00
2016.09.06 22:31:51.746,0.76782,0.76794,1.19,1.00
2016.09.06 22:31:51.849,0.76781,0.76794,1.76,1.00
2016.09.06 22:31:51.900,0.76782,0.76794,1.19,1.00
2016.09.06 22:31:51.951,0.76783,0.76794,1.25,1.00
2016.09.06 22:31:52.053,0.76782,0.76794,1.29,1.00
2016.09.06 22:31:52.104,0.76782,0.76794,1.19,1.00
2016.09.06 22:31:52.155,0.76781,0.76794,1.29,1.00
2016.09.06 22:31:53.378,0.76781,0.76794,1.39,1.00
2016.09.06 22:31:53.430,0.76783,0.76794,1.01,1.00
2016.09.06 22:31:54.040,0.76782,0.76794,1.39,1.00
2016.09.06 22:31:55.033,0.76781,0.76794,2.06,1.00
2016.09.06 22:31:55.246,0.76782,0.76794,1.39,1.00
2016.09.06 22:31:55.347,0.76781,0.76794,2.81,1.00
2016.09.06 22:31:55.412,0.76781,0.76793,1.39,1.00
2016.09.06 22:31:55.463,0.76782,0.76793,1.29,1.00
2016.09.06 22:31:56.441,0.76782,0.76794,1.29,1.00
2016.09.06 22:31:59.532,0.76782,0.76793,1.29,1.00
2016.09.06 22:31:59.634,0.76783,0.76795,1.25,1.12
2016.09.06 22:31:59.685,0.76783,0.76795,1.25,1.00
2016.09.06 22:31:59.736,0.76783,0.76796,1.25,1.50
2016.09.06 22:32:00.027,0.76784,0.76796,1.00,1.00
2016.09.06 22:32:00.353,0.76783,0.76796,1.25,1.00
2016.09.06 22:32:00.455,0.76782,0.76796,1.76,1.00
2016.09.06 22:32:00.506,0.76782,0.76796,2.51,1.00
2016.09.06 22:32:00.557,0.76783,0.76796,1.25,1.00
2016.09.06 22:32:00.678,0.76783,0.76796,1.25,1.12
2016.09.06 22:32:00.983,0.76783,0.76796,1.25,1.12
2016.09.06 22:32:01.034,0.76783,0.76796,1.31,1.12
2016.09.06 22:32:01.585,0.76783,0.76798,1.31,3.94
2016.09.06 22:32:01.739,0.76784,0.76798,1.10,4.69
2016.09.06 22:32:01.842,0.76784,0.76798,1.10,5.06
2016.09.06 22:32:01.917,0.76784,0.76798,1.10,4.31
2016.09.06 22:32:02.138,0.76784,0.76798,1.10,3.94
2016.09.06 22:32:02.195,0.76784,0.76798,1.10,4.69
2016.09.06 22:32:02.246,0.76783,0.76798,1.31,4.69
2016.09.06 22:32:02.347,0.76785,0.76798,1.00,4.69
2016.09.06 22:32:02.696,0.76785,0.76798,1.00,3.94
2016.09.06 22:32:02.747,0.76783,0.76798,1.31,3.94
2016.09.06 22:32:02.849,0.76785,0.76796,1.00,1.12
2016.09.06 22:32:03.042,0.76783,0.76796,1.25,1.12
2016.09.06 22:32:03.144,0.76785,0.76798,1.00,5.06
2016.09.06 22:32:03.247,0.76785,0.76798,1.00,4.69
2016.09.06 22:32:03.297,0.76785,0.76798,1.00,4.50
2016.09.06 22:32:03.399,0.76785,0.76798,1.00,3.75
2016.09.06 22:32:03.452,0.76783,0.76798,1.10,3.75
2016.09.06 22:32:03.763,0.76784,0.76798,1.00,3.75
2016.09.06 22:32:03.837,0.76784,0.76797,1.00,1.37
2016.09.06 22:32:04.040,0.76784,0.76797,1.00,1.37
2016.09.06 22:32:04.330,0.76783,0.76797,1.10,1.37
2016.09.06 22:32:04.432,0.76785,0.76797,1.00,1.37
2016.09.06 22:32:04.636,0.76784,0.76797,1.00,1.37
2016.09.06 22:32:04.687,0.76784,0.76797,1.10,1.37
2016.09.06 22:32:04.788,0.76784,0.76797,1.10,2.62
2016.09.06 22:32:04.839,0.76784,0.76797,1.10,2.62
2016.09.06 22:32:05.043,0.76785,0.76797,1.00,2.62
2016.09.06 22:32:05.401,0.76785,0.76796,1.00,1.37
2016.09.06 22:32:06.994,0.76785,0.76797,2.25,1.00
2016.09.06 22:32:07.045,0.76788,0.76798,1.50,1.00
2016.09.06 22:32:07.221,0.76789,0.76796,1.00,1.00
2016.09.06 22:32:07.578,0.76789,0.76797,1.00,1.00
2016.09.06 22:32:07.629,0.76787,0.76797,1.80,1.00
2016.09.06 22:32:07.731,0.76788,0.76797,1.00,1.00
2016.09.06 22:32:07.782,0.76788,0.76797,1.00,1.00
2016.09.06 22:32:07.985,0.76787,0.76797,1.00,1.00
2016.09.06 22:32:08.081,0.76784,0.76795,2.06,1.50
2016.09.06 22:32:08.133,0.76783,0.76795,1.10,1.12
2016.09.06 22:32:08.184,0.76783,0.76797,1.00,3.45
2016.09.06 22:32:08.235,0.76784,0.76797,1.00,2.70
2016.09.06 22:32:08.286,0.76784,0.76797,1.00,1.37
2016.09.06 22:32:08.426,0.76784,0.76797,1.10,1.37
2016.09.06 22:32:08.477,0.76785,0.76796,1.00,1.12
2016.09.06 22:32:08.529,0.76783,0.76797,1.20,1.37
2016.09.06 22:32:08.581,0.76783,0.76795,1.20,1.00
2016.09.06 22:32:08.734,0.76784,0.76795,1.10,1.00
2016.09.06 22:32:08.836,0.76783,0.76795,1.20,1.00
2016.09.06 22:32:09.142,0.76785,0.76795,1.00,1.00
2016.09.06 22:32:09.193,0.76785,0.76796,1.00,1.12
2016.09.06 22:32:09.244,0.76783,0.76798,1.12,4.87
2016.09.06 22:32:09.295,0.76783,0.76798,1.12,3.37
2016.09.06 22:32:09.346,0.76783,0.76796,1.12,1.12
2016.09.06 22:32:09.448,0.76785,0.76796,1.00,1.12
2016.09.06 22:32:09.550,0.76783,0.76796,1.12,1.12
2016.09.06 22:32:09.825,0.76783,0.76798,1.12,2.62
2016.09.06 22:32:09.877,0.76784,0.76797,1.10,1.37
2016.09.06 22:32:09.981,0.76784,0.76796,1.10,1.12
2016.09.06 22:32:10.251,0.76783,0.76796,1.20,1.12
2016.09.06 22:32:10.353,0.76783,0.76797,1.20,1.87
2016.09.06 22:32:10.453,0.76783,0.76797,1.12,1.87
2016.09.06 22:32:10.555,0.76784,0.76797,1.10,1.37
2016.09.06 22:32:10.861,0.76785,0.76797,1.00,1.87
2016.09.06 22:32:10.912,0.76785,0.76796,1.00,1.12
2016.09.06 22:32:10.963,0.76784,0.76797,1.57,1.87
2016.09.06 22:32:11.014,0.76784,0.76797,1.50,1.87
2016.09.06 22:32:11.065,0.76784,0.76797,1.12,1.87
2016.09.06 22:32:11.480,0.76784,0.76796,1.00,1.12
2016.09.06 22:32:11.582,0.76782,0.76794,1.20,1.00
2016.09.06 22:32:11.684,0.76782,0.7679,1.10,1.00
2016.09.06 22:32:12.210,0.76782,0.76789,1.10,1.00
2016.09.06 22:32:12.261,0.76782,0.76791,1.10,1.00
2016.09.06 22:32:13.531,0.76782,0.76788,1.10,1.00
2016.09.06 22:32:13.582,0.7678,0.76788,1.12,1.00
2016.09.06 22:32:13.837,0.7678,0.76791,1.12,1.00
2016.09.06 22:32:14.113,0.7678,0.76789,1.12,1.00
2016.09.06 22:32:14.420,0.76779,0.7679,1.87,1.00
2016.09.06 22:32:14.472,0.76779,0.7679,3.00,1.00
2016.09.06 22:32:14.727,0.76779,0.76792,3.00,1.87
2016.09.06 22:32:14.778,0.76781,0.76792,1.00,1.87
2016.09.06 22:32:14.829,0.76781,0.76792,1.00,1.12
2016.09.06 22:32:15.185,0.76779,0.76792,1.50,1.12
2016.09.06 22:32:15.300,0.76779,0.76792,1.50,1.87
2016.09.06 22:32:15.453,0.7678,0.76793,1.20,1.62
2016.09.06 22:32:15.504,0.7678,0.76793,1.20,1.00
2016.09.06 22:32:15.555,0.76781,0.76794,1.00,2.62
2016.09.06 22:32:15.606,0.76781,0.76794,1.00,1.12
2016.09.06 22:32:15.759,0.7678,0.76794,1.20,1.12
2016.09.06 22:32:15.963,0.76781,0.76794,1.00,1.12
2016.09.06 22:32:16.372,0.7678,0.76794,1.20,1.12
2016.09.06 22:32:16.632,0.7678,0.76794,1.20,1.00
2016.09.06 22:32:17.281,0.7678,0.76795,1.20,2.62
2016.09.06 22:32:17.974,0.76781,0.76795,1.00,2.62
2016.09.06 22:32:18.097,0.7678,0.76795,1.20,2.62
2016.09.06 22:32:18.353,0.76781,0.76795,1.00,2.62
2016.09.06 22:32:18.455,0.76782,0.76795,1.00,3.37
2016.09.06 22:32:18.664,0.76781,0.76795,1.00,2.62
2016.09.06 22:32:21.384,0.7678,0.76795,1.20,2.62
2016.09.06 22:32:21.777,0.76781,0.76795,1.00,2.62
2016.09.06 22:32:21.879,0.76782,0.76795,1.00,3.37
2016.09.06 22:32:22.084,0.76781,0.76795,1.00,2.62
2016.09.06 22:32:22.186,0.76781,0.76795,1.00,3.37
2016.09.06 22:32:22.288,0.76781,0.76795,1.00,2.62
2016.09.06 22:32:22.390,0.76781,0.76795,1.00,3.37
2016.09.06 22:32:22.795,0.76781,0.76795,1.00,2.62
2016.09.06 22:32:23.029,0.76782,0.76795,1.00,3.37
2016.09.06 22:32:23.270,0.76781,0.76795,1.00,2.62
2016.09.06 22:32:26.705,0.76781,0.76795,1.00,3.37
2016.09.06 22:32:27.193,0.76781,0.76795,1.00,2.62
2016.09.06 22:32:27.993,0.76782,0.76796,1.00,2.06
2016.09.06 22:32:28.093,0.76783,0.76797,1.00,2.44
2016.09.06 22:32:28.145,0.76783,0.76797,1.12,2.25
2016.09.06 22:32:28.196,0.76784,0.76797,1.20,1.87
2016.09.06 22:32:28.248,0.76784,0.76797,1.12,1.00
2016.09.06 22:32:28.299,0.76785,0.76797,1.00,1.00
2016.09.06 22:32:28.503,0.76784,0.76797,1.10,1.00
2016.09.06 22:32:28.708,0.76785,0.76797,1.00,1.00
2016.09.06 22:32:28.874,0.76784,0.76797,1.10,1.00
2016.09.06 22:32:30.170,0.76784,0.76797,1.10,1.12
2016.09.06 22:32:31.172,0.76784,0.76797,1.10,1.00
2016.09.06 22:32:31.325,0.76784,0.76797,1.10,1.50
2016.09.06 22:32:31.376,0.76784,0.76797,1.10,1.87
2016.09.06 22:32:31.478,0.76784,0.76797,1.10,2.25
2016.09.06 22:32:31.631,0.76784,0.76795,1.00,1.12
2016.09.06 22:32:31.784,0.76783,0.76795,1.10,1.12
2016.09.06 22:32:34.163,0.76783,0.76796,1.10,1.37
2016.09.06 22:32:34.214,0.76782,0.76796,1.12,1.37
2016.09.06 22:32:34.265,0.76781,0.76794,1.20,1.00
2016.09.06 22:32:34.317,0.76781,0.76794,1.10,1.00
2016.09.06 22:32:34.368,0.76781,0.76794,1.00,1.00
2016.09.06 22:32:34.716,0.76782,0.76795,1.00,1.12
2016.09.06 22:32:34.815,0.76782,0.76795,1.20,1.12
2016.09.06 22:32:35.081,0.76782,0.76796,1.20,1.87
2016.09.06 22:32:35.132,0.76782,0.76796,1.57,1.12
2016.09.06 22:32:35.235,0.76782,0.76796,1.20,1.50
2016.09.06 22:32:35.286,0.76781,0.76796,1.50,1.50
2016.09.06 22:32:35.337,0.76781,0.76796,1.20,3.07
2016.09.06 22:32:35.388,0.76781,0.76796,1.10,3.82
2016.09.06 22:32:35.592,0.76781,0.76795,1.10,1.37
2016.09.06 22:32:36.603,0.76782,0.76795,1.00,1.37
2016.09.06 22:32:36.883,0.7678,0.76795,1.31,1.37
2016.09.06 22:32:36.934,0.7678,0.76795,2.44,1.37
2016.09.06 22:32:37.015,0.7678,0.76795,2.44,1.00
2016.09.06 22:32:37.067,0.76783,0.76795,1.00,1.12
2016.09.06 22:32:37.170,0.76783,0.76795,1.00,1.37
2016.09.06 22:32:37.221,0.76783,0.76795,1.10,1.37
2016.09.06 22:32:37.526,0.76783,0.76795,1.10,2.62
2016.09.06 22:32:37.577,0.76782,0.76795,1.20,2.62
2016.09.06 22:32:37.628,0.76782,0.76795,1.12,2.62
2016.09.06 22:32:37.679,0.76781,0.76795,1.20,2.62
2016.09.06 22:32:37.730,0.76781,0.76795,1.12,2.62
2016.09.06 22:32:37.782,0.76781,0.76795,1.00,2.62
2016.09.06 22:32:38.521,0.76781,0.76795,1.00,1.37
2016.09.06 22:32:38.795,0.7678,0.76795,1.25,1.37
2016.09.06 22:32:38.897,0.76781,0.76795,1.00,1.37
2016.09.06 22:32:40.765,0.76781,0.76796,1.00,3.07
2016.09.06 22:32:40.816,0.76786,0.76797,1.00,3.37
2016.09.06 22:32:40.867,0.76786,0.76796,1.80,1.00
2016.09.06 22:32:40.918,0.76786,0.76796,3.30,1.00
2016.09.06 22:32:40.970,0.76786,0.76796,4.05,1.00
2016.09.06 22:32:41.022,0.76787,0.76796,1.20,1.00
2016.09.06 22:32:41.073,0.76784,0.76796,1.50,1.00
2016.09.06 22:32:41.125,0.76784,0.76795,1.12,1.12
2016.09.06 22:32:41.177,0.76782,0.76795,1.10,1.12
2016.09.06 22:32:41.279,0.76781,0.76795,1.20,1.12
2016.09.06 22:32:41.482,0.76782,0.76795,1.10,1.12
2016.09.06 22:32:41.584,0.76782,0.76796,1.20,1.37
2016.09.06 22:32:41.635,0.76782,0.76796,1.57,1.37
2016.09.06 22:32:41.788,0.76782,0.76796,1.87,1.37
2016.09.06 22:32:42.801,0.76783,0.76796,1.20,1.37
2016.09.06 22:32:42.903,0.76782,0.76796,1.87,1.37
2016.09.06 22:32:43.005,0.76783,0.76796,1.20,1.37
2016.09.06 22:32:43.126,0.76782,0.76796,1.87,1.37
2016.09.06 22:32:43.290,0.76784,0.76796,1.10,1.37
2016.09.06 22:32:43.384,0.76782,0.76796,1.87,1.37
2016.09.06 22:32:43.827,0.76784,0.76796,1.10,1.37
2016.09.06 22:32:44.706,0.76783,0.76796,1.20,1.37
2016.09.06 22:32:45.294,0.76784,0.76796,1.10,1.37
2016.09.06 22:32:45.701,0.76785,0.76796,1.00,1.37
2016.09.06 22:32:46.397,0.76783,0.76796,1.20,1.37
2016.09.06 22:32:46.591,0.76785,0.76796,1.00,1.37
2016.09.06 22:32:46.693,0.76783,0.76796,1.00,1.37
2016.09.06 22:32:46.744,0.76783,0.76796,1.10,1.37
2016.09.06 22:32:46.795,0.76783,0.76795,1.20,1.37
2016.09.06 22:32:46.897,0.76784,0.76796,1.00,1.37
2016.09.06 22:32:46.999,0.76783,0.76796,1.20,1.37
2016.09.06 22:32:47.101,0.76783,0.76796,1.10,1.37
2016.09.06 22:32:47.305,0.76782,0.76796,1.20,1.37
2016.09.06 22:32:47.407,0.76783,0.76796,1.10,1.37
2016.09.06 22:32:49.751,0.76783,0.76796,1.10,1.00
2016.09.06 22:32:50.417,0.76782,0.76796,1.20,1.00
2016.09.06 22:32:51.617,0.76783,0.76796,1.10,1.00
2016.09.06 22:32:53.447,0.76783,0.76796,1.10,1.37
2016.09.06 22:32:53.498,0.76781,0.76796,2.62,1.37
2016.09.06 22:32:53.601,0.76781,0.76796,1.87,1.37
2016.09.06 22:32:53.652,0.76781,0.76796,1.87,1.12
2016.09.06 22:32:56.318,0.76783,0.76796,1.10,1.12
2016.09.06 22:32:56.420,0.76782,0.76796,1.20,1.12
2016.09.06 22:32:56.593,0.76782,0.76795,1.20,1.00
2016.09.06 22:32:58.611,0.76782,0.76795,1.20,1.12
2016.09.06 22:33:00.807,0.76783,0.76795,1.10,1.12
2016.09.06 22:33:01.132,0.76782,0.76795,1.20,1.00
2016.09.06 22:33:01.183,0.76782,0.76795,1.10,1.00
2016.09.06 22:33:01.235,0.76782,0.76795,1.10,1.12
2016.09.06 22:33:05.662,0.76782,0.76794,1.10,1.00
2016.09.06 22:33:11.609,0.76782,0.76794,1.10,1.37
2016.09.06 22:33:11.660,0.76781,0.76794,1.12,1.37
2016.09.06 22:33:11.711,0.76782,0.76794,1.10,1.37
2016.09.06 22:33:12.351,0.76781,0.76794,1.12,1.37
2016.09.06 22:33:13.425,0.76781,0.76794,1.12,1.12
2016.09.06 22:33:15.914,0.76783,0.76794,1.00,1.12
2016.09.06 22:33:16.120,0.76781,0.76794,1.12,1.12
2016.09.06 22:33:16.222,0.76782,0.76794,1.10,1.12
2016.09.06 22:33:16.612,0.76782,0.76794,1.10,1.00
2016.09.06 22:33:16.918,0.76781,0.76794,1.20,1.00
2016.09.06 22:33:17.037,0.76782,0.76794,1.10,1.00
2016.09.06 22:33:20.666,0.76781,0.76794,1.20,1.00
2016.09.06 22:33:21.956,0.76782,0.76794,1.10,1.00
2016.09.06 22:33:22.634,0.76782,0.76795,1.10,1.00
2016.09.06 22:33:25.467,0.76782,0.76795,1.10,1.37
2016.09.06 22:33:25.652,0.76782,0.76795,1.10,1.00
2016.09.06 22:33:27.116,0.76783,0.76795,1.00,1.00
2016.09.06 22:33:27.167,0.76782,0.76795,1.10,1.00
2016.09.06 22:33:28.055,0.76781,0.76795,1.20,1.00
2016.09.06 22:33:28.712,0.76781,0.76796,1.20,3.37
2016.09.06 22:33:28.796,0.76782,0.76796,1.50,3.37
2016.09.06 22:33:28.847,0.76782,0.76796,1.57,1.12
2016.09.06 22:33:28.949,0.76784,0.76796,1.00,1.12
2016.09.06 22:33:29.001,0.76784,0.76797,1.00,1.37
2016.09.06 22:33:29.052,0.76784,0.76797,1.00,1.87
2016.09.06 22:33:29.154,0.76782,0.76797,1.20,1.37
2016.09.06 22:33:29.459,0.76783,0.76797,1.10,1.37
2016.09.06 22:33:29.561,0.76783,0.76797,1.10,1.87
2016.09.06 22:33:29.680,0.76783,0.76797,1.10,1.37
2016.09.06 22:33:29.731,0.76784,0.76797,1.00,1.37
2016.09.06 22:33:29.833,0.76784,0.76797,1.00,1.87
2016.09.06 22:33:29.939,0.76783,0.76797,1.10,1.37
2016.09.06 22:33:33.329,0.76783,0.76797,1.10,2.62
2016.09.06 22:33:33.489,0.76783,0.76797,1.10,1.37
2016.09.06 22:33:34.040,0.76783,0.76797,1.10,1.50
2016.09.06 22:33:34.244,0.76783,0.76797,1.10,2.25
2016.09.06 22:33:34.345,0.76784,0.76797,1.00,1.50
2016.09.06 22:33:34.396,0.76784,0.76797,1.00,1.50
2016.09.06 22:33:34.498,0.76784,0.76796,1.00,1.12
2016.09.06 22:33:34.652,0.76783,0.76796,1.12,1.87
2016.09.06 22:33:34.703,0.76783,0.76796,1.20,1.00
2016.09.06 22:33:34.947,0.76783,0.76796,1.12,1.00
2016.09.06 22:33:35.252,0.76783,0.76796,1.00,1.00
2016.09.06 22:33:35.354,0.76782,0.76796,1.10,1.00
2016.09.06 22:33:35.405,0.76782,0.76796,1.10,1.37
2016.09.06 22:33:35.456,0.76784,0.76796,1.10,1.37
2016.09.06 22:33:35.507,0.76784,0.76796,1.20,1.87
2016.09.06 22:33:35.603,0.76782,0.76796,2.25,1.87
2016.09.06 22:33:35.799,0.76782,0.76796,1.12,1.87
2016.09.06 22:33:35.851,0.76783,0.76796,1.10,1.37
2016.09.06 22:33:35.902,0.76783,0.76796,1.00,1.37
2016.09.06 22:33:36.004,0.76783,0.76796,1.00,1.87
2016.09.06 22:33:36.360,0.76784,0.76796,1.10,1.87
2016.09.06 22:33:36.665,0.76782,0.76796,1.87,1.87
2016.09.06 22:33:36.970,0.76784,0.76796,1.10,1.87
2016.09.06 22:33:37.072,0.76783,0.76796,1.20,1.87
2016.09.06 22:33:37.139,0.76784,0.76796,1.10,1.87
2016.09.06 22:33:37.241,0.76783,0.76796,1.20,1.87
2016.09.06 22:33:37.556,0.76782,0.76796,1.87,1.87
2016.09.06 22:33:37.708,0.76782,0.76796,1.87,1.12
2016.09.06 22:33:37.759,0.76784,0.76796,1.10,1.12
2016.09.06 22:33:40.365,0.76783,0.76796,1.20,1.12
2016.09.06 22:33:41.002,0.76783,0.76796,1.20,1.37
2016.09.06 22:33:41.054,0.76784,0.76796,1.10,1.37
2016.09.06 22:33:41.156,0.76783,0.76796,1.20,1.37
2016.09.06 22:33:41.867,0.76782,0.76796,1.87,1.37
2016.09.06 22:33:41.959,0.76782,0.76796,1.12,1.37
2016.09.06 22:33:42.012,0.76782,0.76797,1.12,2.25
2016.09.06 22:33:42.063,0.76784,0.76797,1.12,1.87
2016.09.06 22:33:42.166,0.76783,0.76797,1.57,1.87
2016.09.06 22:33:42.319,0.76783,0.76797,1.10,1.87
2016.09.06 22:33:42.369,0.76782,0.76797,1.20,1.87
2016.09.06 22:33:42.471,0.76783,0.76797,1.10,1.87
2016.09.06 22:33:42.522,0.76783,0.76796,1.10,1.37
2016.09.06 22:33:42.573,0.76782,0.76796,1.20,1.37
2016.09.06 22:33:42.675,0.76781,0.76796,3.00,1.37
2016.09.06 22:33:42.726,0.76781,0.76796,1.00,2.62
2016.09.06 22:33:43.201,0.76781,0.76796,1.00,3.00
2016.09.06 22:33:43.410,0.76781,0.76796,1.50,2.62
2016.09.06 22:33:43.461,0.76783,0.76796,1.00,1.12
2016.09.06 22:33:43.512,0.76783,0.76796,1.20,1.37
2016.09.06 22:33:43.563,0.76782,0.76796,1.87,1.37
2016.09.06 22:33:43.614,0.76782,0.76796,1.87,1.12
2016.09.06 22:33:43.665,0.76784,0.76796,1.10,1.12
2016.09.06 22:33:43.767,0.76783,0.76796,1.20,1.12
2016.09.06 22:33:43.920,0.76783,0.76796,1.20,1.37
2016.09.06 22:33:43.971,0.76782,0.76796,1.87,1.37
2016.09.06 22:33:47.356,0.76784,0.76796,1.10,1.37
2016.09.06 22:33:48.079,0.76784,0.76796,1.10,1.50
2016.09.06 22:33:49.151,0.76784,0.76795,1.10,1.00
2016.09.06 22:33:49.202,0.76783,0.76795,1.20,1.00
2016.09.06 22:33:49.304,0.76784,0.76795,1.10,1.00
2016.09.06 22:33:49.355,0.76783,0.76795,1.20,1.00
2016.09.06 22:33:49.825,0.76783,0.76795,1.20,1.12
2016.09.06 22:33:50.561,0.76784,0.76795,1.10,1.12
2016.09.06 22:33:50.819,0.76784,0.76797,1.10,2.25
2016.09.06 22:33:51.408,0.76784,0.76797,1.10,1.50
2016.09.06 22:33:51.459,0.76784,0.76797,1.10,1.00
2016.09.06 22:33:51.611,0.76785,0.76797,1.35,1.00
2016.09.06 22:33:51.662,0.76787,0.76797,2.25,1.00
2016.09.06 22:33:51.714,0.76789,0.76799,1.00,2.32
2016.09.06 22:33:51.765,0.76789,0.76801,1.50,2.62
2016.09.06 22:33:51.817,0.76789,0.76797,1.00,1.00
2016.09.06 22:33:51.868,0.76788,0.76797,2.25,1.00
2016.09.06 22:33:51.983,0.76788,0.76797,1.00,1.00
2016.09.06 22:33:52.034,0.76789,0.76796,1.00,1.50
2016.09.06 22:33:52.137,0.76784,0.76795,2.44,1.00
2016.09.06 22:33:52.189,0.76784,0.76795,2.25,1.00
2016.09.06 22:33:52.241,0.76784,0.76795,1.00,1.00
2016.09.06 22:33:52.292,0.76782,0.76796,1.00,1.87
2016.09.06 22:33:52.344,0.76788,0.76796,1.00,1.00
2016.09.06 22:33:52.395,0.76788,0.76795,1.50,1.00
2016.09.06 22:33:52.446,0.76788,0.76795,1.12,1.00
2016.09.06 22:33:52.498,0.76789,0.76795,1.00,1.00
2016.09.06 22:33:52.701,0.76785,0.76795,1.20,1.00
2016.09.06 22:33:52.752,0.76783,0.76795,1.00,1.12
2016.09.06 22:33:52.803,0.76782,0.76796,1.00,1.87
2016.09.06 22:33:52.905,0.76781,0.76796,1.01,1.37
2016.09.06 22:33:52.956,0.76782,0.76796,1.00,1.12
2016.09.06 22:33:53.093,0.76783,0.76796,1.00,1.12
2016.09.06 22:33:53.153,0.76783,0.76796,1.00,1.00
2016.09.06 22:33:53.250,0.76783,0.76797,1.00,3.56
2016.09.06 22:33:53.555,0.76785,0.76797,2.55,1.62
2016.09.06 22:33:53.606,0.76787,0.76799,1.00,3.90
2016.09.06 22:33:53.657,0.76787,0.76798,1.20,1.00
2016.09.06 22:33:53.708,0.76787,0.76799,1.20,1.47
2016.09.06 22:33:53.759,0.76787,0.76799,1.00,1.47
2016.09.06 22:33:54.066,0.76787,0.768,1.00,1.95
2016.09.06 22:33:54.117,0.76787,0.768,1.20,1.95
2016.09.06 22:33:54.168,0.76788,0.768,1.00,1.95
2016.09.06 22:33:54.254,0.76788,0.768,2.25,1.95
2016.09.06 22:33:54.306,0.76788,0.768,2.25,1.95
2016.09.06 22:33:54.357,0.76788,0.768,1.00,1.95
2016.09.06 22:33:54.408,0.76787,0.768,1.00,1.50
2016.09.06 22:33:54.613,0.76787,0.768,1.20,1.50
2016.09.06 22:33:54.716,0.76787,0.76799,1.20,1.12
2016.09.06 22:33:54.818,0.76787,0.76799,1.00,1.12
2016.09.06 22:33:55.396,0.76788,0.76799,1.00,1.12
2016.09.06 22:33:55.650,0.76788,0.76799,1.00,1.00
2016.09.06 22:33:58.865,0.76788,0.76799,1.00,1.37
2016.09.06 22:33:59.896,0.76787,0.76799,1.00,1.37
2016.09.06 22:34:01.185,0.76787,0.76799,1.00,1.87
2016.09.06 22:34:01.236,0.76787,0.76799,1.00,1.37
2016.09.06 22:34:01.287,0.76786,0.76799,1.20,1.37
2016.09.06 22:34:01.389,0.76785,0.76799,3.67,1.37
2016.09.06 22:34:02.156,0.76785,0.76798,1.12,3.37
2016.09.06 22:34:02.207,0.76784,0.76798,1.37,3.37
2016.09.06 22:34:02.258,0.76784,0.76798,1.00,2.62
2016.09.06 22:34:02.309,0.76783,0.76798,1.20,3.07
2016.09.06 22:34:02.361,0.76783,0.76798,1.10,3.07
2016.09.06 22:34:02.412,0.76784,0.76798,1.00,2.70
2016.09.06 22:34:02.514,0.76785,0.76798,1.00,3.07
2016.09.06 22:34:02.616,0.76783,0.76798,1.10,2.70
2016.09.06 22:34:02.719,0.76784,0.76798,1.00,2.70
2016.09.06 22:34:02.873,0.76785,0.76798,1.00,3.07
2016.09.06 22:34:03.196,0.76785,0.76798,1.00,2.70
2016.09.06 22:34:03.297,0.76785,0.76798,1.00,3.07
2016.09.06 22:34:03.399,0.76785,0.76798,1.00,2.70
2016.09.06 22:34:03.682,0.76786,0.76798,1.00,3.07
2016.09.06 22:34:03.784,0.76784,0.76798,1.00,2.70
2016.09.06 22:34:03.886,0.76785,0.76798,1.00,3.07
2016.09.06 22:34:04.338,0.76786,0.76798,1.00,2.70
2016.09.06 22:34:04.390,0.76784,0.76798,1.00,3.07
2016.09.06 22:34:04.492,0.76785,0.76798,1.00,2.70
2016.09.06 22:34:04.645,0.76785,0.76798,1.00,3.45
2016.09.06 22:34:05.176,0.76786,0.76798,1.00,3.45
2016.09.06 22:34:05.316,0.76786,0.76798,1.00,3.82
2016.09.06 22:34:05.852,0.76785,0.76798,1.00,3.82
2016.09.06 22:34:06.004,0.76783,0.76798,1.57,3.82
2016.09.06 22:34:06.055,0.76783,0.76798,1.10,3.82
2016.09.06 22:34:06.801,0.76784,0.76798,1.00,3.82
2016.09.06 22:34:07.044,0.76785,0.76798,2.55,2.32
2016.09.06 22:34:07.095,0.76789,0.76799,1.00,1.57
2016.09.06 22:34:07.146,0.76789,0.76799,1.00,1.37
2016.09.06 22:34:07.658,0.76788,0.76799,1.00,1.37
2016.09.06 22:34:08.309,0.7679,0.768,1.00,1.10
2016.09.06 22:34:08.361,0.7679,0.768,1.00,1.00
2016.09.06 22:34:08.413,0.7679,0.76798,1.00,1.00
2016.09.06 22:34:08.545,0.7679,0.76798,1.00,1.00
2016.09.06 22:34:08.853,0.7679,0.76798,1.00,1.00
2016.09.06 22:34:08.904,0.76788,0.76798,1.50,1.00
2016.09.06 22:34:09.108,0.76788,0.76797,2.25,1.00
2016.09.06 22:34:09.314,0.76788,0.76797,1.50,1.00
2016.09.06 22:34:09.417,0.76789,0.76797,1.00,1.00
2016.09.06 22:34:09.518,0.76788,0.76797,1.50,1.00
2016.09.06 22:34:09.923,0.76788,0.76798,2.25,1.00
2016.09.06 22:34:10.025,0.76788,0.76798,1.50,1.00
2016.09.06 22:34:10.127,0.76788,0.76797,1.50,1.00
2016.09.06 22:34:10.433,0.76788,0.76797,1.50,1.00
2016.09.06 22:34:10.484,0.76788,0.76797,2.25,1.00
2016.09.06 22:34:10.535,0.76788,0.76797,2.25,1.00
2016.09.06 22:34:10.587,0.76788,0.76797,1.50,1.00
2016.09.06 22:34:10.729,0.76788,0.76797,1.50,1.00
2016.09.06 22:34:10.933,0.76788,0.76797,1.50,1.00
2016.09.06 22:34:11.035,0.76788,0.76797,1.50,1.00
2016.09.06 22:34:11.255,0.76788,0.76797,1.50,1.00
2016.09.06 22:34:11.358,0.76788,0.76797,1.50,1.00
2016.09.06 22:34:11.827,0.76788,0.76797,1.50,1.00
2016.09.06 22:34:11.878,0.76789,0.76797,1.00,1.00
2016.09.06 22:34:11.929,0.76789,0.76797,1.00,1.00
2016.09.06 22:34:12.133,0.76788,0.76797,2.25,1.00
2016.09.06 22:34:12.234,0.76788,0.76797,1.57,1.00
2016.09.06 22:34:12.286,0.76784,0.76797,2.74,1.00
2016.09.06 22:34:12.398,0.76783,0.76795,1.42,1.00
2016.09.06 22:34:12.450,0.76783,0.76795,1.00,1.12
2016.09.06 22:34:12.502,0.76781,0.76795,1.95,1.12
2016.09.06 22:34:12.553,0.76781,0.76795,1.10,1.31
2016.09.06 22:34:12.604,0.76782,0.76795,1.00,1.31
2016.09.06 22:34:12.655,0.76782,0.76795,1.00,1.62
2016.09.06 22:34:12.757,0.76782,0.76795,1.00,1.37
2016.09.06 22:34:12.961,0.76783,0.76795,1.00,1.62
2016.09.06 22:34:13.012,0.76781,0.76795,1.10,1.62
2016.09.06 22:34:13.133,0.76781,0.76795,1.10,1.37
2016.09.06 22:34:13.235,0.76781,0.76795,1.10,1.12
2016.09.06 22:34:13.352,0.76781,0.76795,1.87,1.12
2016.09.06 22:34:13.404,0.76784,0.76795,1.00,1.12
2016.09.06 22:34:13.455,0.76782,0.76786,1.10,1.00
2016.09.06 22:34:13.507,0.76779,0.76786,2.25,1.00
2016.09.06 22:34:13.558,0.76779,0.76787,2.25,1.00
2016.09.06 22:34:13.660,0.76778,0.76791,1.50,2.44
2016.09.06 22:34:13.712,0.76782,0.76791,1.00,1.69
2016.09.06 22:34:13.763,0.76782,0.76791,1.00,1.50
2016.09.06 22:34:13.814,0.7678,0.76791,1.12,1.50
2016.09.06 22:34:13.866,0.7678,0.76793,1.12,1.00
2016.09.06 22:34:13.917,0.76782,0.76793,1.00,1.00
2016.09.06 22:34:13.969,0.76782,0.76795,1.00,3.00
2016.09.06 22:34:14.020,0.76783,0.76795,1.00,3.00
2016.09.06 22:34:14.071,0.76783,0.76795,1.10,1.62
2016.09.06 22:34:14.320,0.76784,0.76795,1.00,1.62
2016.09.06 22:34:15.118,0.76784,0.76797,1.00,1.75
2016.09.06 22:34:15.169,0.76784,0.76797,1.00,1.81
2016.09.06 22:34:15.658,0.76785,0.76797,1.00,1.56
2016.09.06 22:34:15.772,0.76785,0.76797,1.00,1.81
2016.09.06 22:34:16.484,0.76785,0.76797,1.00,1.56
2016.09.06 22:34:16.949,0.76784,0.76797,1.50,1.81
2016.09.06 22:34:17.000,0.76785,0.76797,1.00,1.81
2016.09.06 22:34:17.153,0.76785,0.76797,1.00,1.56
2016.09.06 22:34:18.338,0.76785,0.76797,1.00,1.69
2016.09.06 22:34:18.441,0.76785,0.76797,1.00,1.87
2016.09.06 22:34:18.543,0.76785,0.76795,1.00,1.12
2016.09.06 22:34:18.645,0.76784,0.76795,1.50,1.00
2016.09.06 22:34:18.696,0.76786,0.76795,1.00,1.00
2016.09.06 22:34:19.371,0.76786,0.76795,1.00,1.50
2016.09.06 22:34:19.422,0.76785,0.76794,1.00,1.00
2016.09.06 22:34:19.525,0.76782,0.76794,1.19,1.50
2016.09.06 22:34:20.296,0.76783,0.76794,1.25,1.50
2016.09.06 22:34:20.398,0.76781,0.76794,1.19,1.50
2016.09.06 22:34:20.932,0.76782,0.76794,1.19,1.50
2016.09.06 22:34:21.513,0.76783,0.76794,1.25,1.50
2016.09.06 22:34:21.616,0.76782,0.76794,1.19,1.50
2016.09.06 22:34:22.248,0.76783,0.76794,1.25,1.50
2016.09.06 22:34:24.936,0.76782,0.76794,1.19,1.50
2016.09.06 22:34:25.446,0.76783,0.76794,1.25,1.50
2016.09.06 22:34:25.901,0.76782,0.76794,1.19,1.50
2016.09.06 22:34:25.953,0.76783,0.76794,1.25,1.50
2016.09.06 22:34:26.106,0.76782,0.76794,1.19,1.50
2016.09.06 22:34:26.363,0.76782,0.76793,1.19,1.00
2016.09.06 22:34:26.633,0.76783,0.76793,1.25,1.00
2016.09.06 22:34:27.814,0.76782,0.76793,1.19,1.00
2016.09.06 22:34:28.344,0.76783,0.76793,1.25,1.00
2016.09.06 22:34:28.446,0.76781,0.76793,1.19,1.00
2016.09.06 22:34:28.649,0.76783,0.76793,1.25,1.00
2016.09.06 22:34:28.752,0.76781,0.76793,1.19,1.00
2016.09.06 22:34:29.010,0.76783,0.76793,1.25,1.00
2016.09.06 22:34:29.213,0.76782,0.76793,1.19,1.00
2016.09.06 22:34:30.892,0.76783,0.76793,1.25,1.00
2016.09.06 22:34:30.947,0.76782,0.76793,1.19,1.00
2016.09.06 22:34:31.355,0.76783,0.76793,1.25,1.00
2016.09.06 22:34:31.559,0.76782,0.76793,1.19,1.00
2016.09.06 22:34:31.716,0.76783,0.76793,1.25,1.00
2016.09.06 22:34:33.214,0.76783,0.76793,1.00,1.00
2016.09.06 22:34:33.740,0.76782,0.76793,1.25,1.00
2016.09.06 22:34:33.790,0.76782,0.76793,1.25,1.00
2016.09.06 22:34:33.842,0.76784,0.76793,1.00,1.00
2016.09.06 22:34:34.350,0.76785,0.76793,1.00,1.00
2016.09.06 22:34:34.859,0.76784,0.76793,1.00,1.00
2016.09.06 22:34:35.368,0.76783,0.76793,1.00,1.00
2016.09.06 22:34:35.915,0.76784,0.76793,1.00,1.00
2016.09.06 22:34:37.567,0.76783,0.76793,1.00,1.00
2016.09.06 22:34:38.103,0.76784,0.76793,1.00,1.00
2016.09.06 22:34:39.469,0.76783,0.76793,1.00,1.00
2016.09.06 22:34:41.061,0.76782,0.76792,1.25,1.00
2016.09.06 22:34:42.231,0.76782,0.76792,1.19,1.00
2016.09.06 22:34:44.532,0.76781,0.76792,1.19,1.00
2016.09.06 22:34:45.075,0.76782,0.76792,1.19,1.00
2016.09.06 22:34:45.633,0.76783,0.76792,1.25,1.00
2016.09.06 22:34:45.735,0.76781,0.76792,1.19,1.00
2016.09.06 22:34:46.324,0.76782,0.76792,1.19,1.00
2016.09.06 22:34:46.835,0.76781,0.76792,1.19,1.00
2016.09.06 22:34:47.246,0.76783,0.76792,1.25,1.00
2016.09.06 22:34:48.677,0.76782,0.76792,1.19,1.00
2016.09.06 22:34:48.779,0.76784,0.76794,1.00,1.50
2016.09.06 22:34:49.145,0.76783,0.76794,1.25,1.50
2016.09.06 22:34:49.592,0.76783,0.76794,1.25,1.00
2016.09.06 22:34:50.981,0.76782,0.76794,1.19,1.50
2016.09.06 22:34:51.084,0.76783,0.76794,1.25,1.00
2016.09.06 22:34:51.383,0.76784,0.76794,1.00,1.00
2016.09.06 22:34:56.303,0.76786,0.76794,1.00,1.00
2016.09.06 22:34:56.354,0.76784,0.76794,1.00,1.00
2016.09.06 22:34:56.555,0.76786,0.76794,1.00,1.00
2016.09.06 22:34:56.658,0.76784,0.76794,1.00,1.00
2016.09.06 22:34:56.891,0.76783,0.76794,1.25,1.00
2016.09.06 22:34:57.099,0.76785,0.76794,1.00,1.00
2016.09.06 22:34:57.303,0.76783,0.76794,1.00,1.00
2016.09.06 22:34:57.459,0.76785,0.76794,1.00,1.00
2016.09.06 22:34:58.046,0.76784,0.76794,1.00,1.00
2016.09.06 22:35:00.068,0.76783,0.76794,1.00,1.00
2016.09.06 22:35:00.578,0.76784,0.76794,1.00,1.00
2016.09.06 22:35:02.501,0.76785,0.76794,1.00,1.00
2016.09.06 22:35:03.123,0.76784,0.76794,1.00,1.00
2016.09.06 22:35:03.656,0.76785,0.76794,1.00,1.00
2016.09.06 22:35:03.808,0.76782,0.76794,1.25,1.00
2016.09.06 22:35:03.910,0.76783,0.76794,1.00,1.00
2016.09.06 22:35:04.113,0.76782,0.76794,1.25,1.00
2016.09.06 22:35:04.317,0.76784,0.76794,1.00,1.00
2016.09.06 22:35:04.794,0.76782,0.76794,1.25,1.00
2016.09.06 22:35:05.731,0.76783,0.76794,1.00,1.00
2016.09.06 22:35:06.280,0.76783,0.76793,1.00,1.00
2016.09.06 22:35:06.635,0.76782,0.76793,1.25,1.00
2016.09.06 22:35:07.092,0.76783,0.76793,1.00,1.00
2016.09.06 22:35:08.536,0.76782,0.76793,1.25,1.00
2016.09.06 22:35:08.924,0.76783,0.76793,1.00,1.00
2016.09.06 22:35:09.128,0.76782,0.76793,1.25,1.00
2016.09.06 22:35:09.336,0.76784,0.76793,1.00,1.00
2016.09.06 22:35:09.738,0.76782,0.76793,1.25,1.00
2016.09.06 22:35:10.098,0.76783,0.76793,1.00,1.00
2016.09.06 22:35:10.200,0.76782,0.76793,1.25,1.00
2016.09.06 22:35:10.304,0.76782,0.76793,1.00,1.00
2016.09.06 22:35:10.548,0.76781,0.76794,1.00,2.06
2016.09.06 22:35:11.092,0.76782,0.76794,1.00,2.06
2016.09.06 22:35:12.094,0.76783,0.76794,1.00,2.06
2016.09.06 22:35:12.782,0.76782,0.76794,1.00,2.06
2016.09.06 22:35:13.499,0.76783,0.76794,1.00,2.06
2016.09.06 22:35:14.284,0.76783,0.76794,1.00,1.69
2016.09.06 22:35:14.438,0.76783,0.76794,1.00,1.25
2016.09.06 22:35:14.591,0.76784,0.76794,1.00,1.00
2016.09.06 22:35:14.745,0.76785,0.76795,1.00,1.50
2016.09.06 22:35:14.847,0.76785,0.76795,1.00,1.00
2016.09.06 22:35:14.898,0.76783,0.76795,1.25,1.00
2016.09.06 22:35:14.950,0.76783,0.76795,1.25,1.00
2016.09.06 22:35:15.001,0.76786,0.76795,1.00,1.00
2016.09.06 22:35:15.221,0.76784,0.76795,1.00,1.00
2016.09.06 22:35:15.741,0.76786,0.76795,1.00,1.00
2016.09.06 22:35:16.140,0.76785,0.76796,1.00,1.69
2016.09.06 22:35:16.519,0.76785,0.76795,1.00,1.00
2016.09.06 22:35:17.707,0.76786,0.76795,1.00,1.00
2016.09.06 22:35:17.842,0.76784,0.76795,1.00,1.00
2016.09.06 22:35:18.016,0.76786,0.76795,1.00,1.00
2016.09.06 22:35:18.710,0.76785,0.76795,1.00,1.00
2016.09.06 22:35:19.507,0.76784,0.76795,1.00,1.00
2016.09.06 22:35:19.853,0.76786,0.76795,1.00,1.00
2016.09.06 22:35:20.208,0.76784,0.76795,1.00,1.00
2016.09.06 22:35:21.020,0.76785,0.76795,1.00,1.00
2016.09.06 22:35:21.559,0.76784,0.76795,1.00,1.00
2016.09.06 22:35:21.850,0.76786,0.76795,1.00,1.00
2016.09.06 22:35:22.397,0.76785,0.76795,1.00,1.00
2016.09.06 22:35:24.751,0.76784,0.76795,1.00,1.00
2016.09.06 22:35:25.317,0.76785,0.76795,1.00,1.00
2016.09.06 22:35:25.851,0.76786,0.76795,1.00,1.00
2016.09.06 22:35:26.368,0.76785,0.76795,1.00,1.00
2016.09.06 22:35:27.624,0.76787,0.76797,1.00,1.29
2016.09.06 22:35:27.675,0.76789,0.76798,1.50,1.12
2016.09.06 22:35:27.726,0.76792,0.768,1.00,1.25
2016.09.06 22:35:27.777,0.76792,0.768,1.00,1.00
2016.09.06 22:35:27.828,0.76791,0.76801,1.00,2.25
2016.09.06 22:35:27.879,0.76791,0.76801,1.00,2.25
2016.09.06 22:35:28.036,0.76791,0.768,1.00,1.00
2016.09.06 22:35:28.574,0.76791,0.76801,1.00,1.00
2016.09.06 22:35:31.517,0.76792,0.76801,1.00,1.00
2016.09.06 22:35:32.025,0.76793,0.76802,1.00,1.00
2016.09.06 22:35:32.127,0.76791,0.76802,1.00,1.00
2016.09.06 22:35:32.637,0.76793,0.76802,1.00,1.00
2016.09.06 22:35:32.739,0.76791,0.76802,1.00,1.00
2016.09.06 22:35:33.094,0.76791,0.76802,1.00,2.25
2016.09.06 22:35:33.317,0.76791,0.76802,1.50,2.25
2016.09.06 22:35:33.368,0.76793,0.76802,1.00,2.25
2016.09.06 22:35:33.472,0.76791,0.76802,1.00,2.25
2016.09.06 22:35:33.573,0.76791,0.76802,1.00,1.00
2016.09.06 22:35:33.624,0.76793,0.76802,1.00,1.00
2016.09.06 22:35:34.181,0.76793,0.76802,1.00,2.25
2016.09.06 22:35:34.437,0.76791,0.76802,1.00,2.25
2016.09.06 22:35:34.965,0.76792,0.76802,1.00,2.25
2016.09.06 22:35:35.553,0.76791,0.76802,1.00,2.25
2016.09.06 22:35:36.055,0.76792,0.76802,1.00,2.25
2016.09.06 22:35:38.543,0.76791,0.76802,1.00,2.25
2016.09.06 22:35:39.323,0.76791,0.76802,1.50,2.25
2016.09.06 22:35:39.374,0.76792,0.76802,1.00,2.25
2016.09.06 22:35:39.881,0.76793,0.76802,1.00,1.00
2016.09.06 22:35:39.932,0.76791,0.76802,1.00,1.00
2016.09.06 22:35:40.084,0.76791,0.76802,1.00,2.25
2016.09.06 22:35:40.416,0.76792,0.76802,1.00,1.00
2016.09.06 22:35:40.925,0.76793,0.76802,1.00,1.00
2016.09.06 22:35:40.976,0.76791,0.76802,1.00,1.00
2016.09.06 22:35:41.503,0.76792,0.76802,1.00,2.25
2016.09.06 22:35:42.013,0.76791,0.76802,1.00,2.25
2016.09.06 22:35:42.115,0.76791,0.76802,1.00,1.00
2016.09.06 22:35:42.513,0.76792,0.76802,1.00,2.25
2016.09.06 22:35:43.064,0.76791,0.76802,1.00,2.25
2016.09.06 22:35:43.209,0.76792,0.76802,1.00,1.00
2016.09.06 22:35:43.971,0.76792,0.76802,1.00,1.37
2016.09.06 22:35:44.180,0.76792,0.76802,1.00,2.62
2016.09.06 22:35:44.673,0.76792,0.76802,1.00,2.25
2016.09.06 22:35:45.183,0.76791,0.76802,1.00,2.25
2016.09.06 22:35:45.692,0.76793,0.76802,1.00,2.25
2016.09.06 22:35:46.196,0.76792,0.76802,1.00,2.25
2016.09.06 22:35:46.684,0.76792,0.76802,1.00,1.00
2016.09.06 22:35:47.558,0.76793,0.76802,1.00,1.00
2016.09.06 22:35:47.965,0.76791,0.76802,1.00,1.00
2016.09.06 22:35:48.066,0.76793,0.76802,1.00,1.00
2016.09.06 22:35:48.117,0.76793,0.76802,1.00,2.25
2016.09.06 22:35:48.692,0.76792,0.76802,1.00,2.25
2016.09.06 22:35:49.202,0.76793,0.76802,1.00,2.25
2016.09.06 22:35:49.354,0.76793,0.76802,1.00,1.50
2016.09.06 22:35:49.507,0.76793,0.76802,1.00,1.00
2016.09.06 22:35:49.762,0.76791,0.76802,1.00,1.50
2016.09.06 22:35:49.813,0.76791,0.76802,1.00,1.00
2016.09.06 22:35:50.110,0.76793,0.76802,1.00,1.50
2016.09.06 22:35:50.161,0.76792,0.76802,1.00,1.00
2016.09.06 22:35:50.367,0.76793,0.76802,1.00,1.50
2016.09.06 22:35:50.984,0.76792,0.76802,1.00,1.50
2016.09.06 22:35:51.561,0.76793,0.76802,1.00,1.50
2016.09.06 22:35:51.868,0.76791,0.76802,1.00,1.50
2016.09.06 22:35:52.389,0.76792,0.76802,1.00,1.50
2016.09.06 22:35:56.977,0.76791,0.76802,1.00,1.50
2016.09.06 22:35:57.660,0.76793,0.76802,1.00,1.50
2016.09.06 22:35:58.168,0.76792,0.76802,1.00,1.50
2016.09.06 22:35:58.792,0.76791,0.76802,1.00,1.50
2016.09.06 22:35:59.703,0.76792,0.76802,1.00,1.50
2016.09.06 22:36:00.471,0.76793,0.76802,1.00,1.50
2016.09.06 22:36:01.083,0.76793,0.76802,1.00,1.00
2016.09.06 22:36:01.760,0.76792,0.76802,1.00,2.25
2016.09.06 22:36:01.964,0.76792,0.76802,1.00,1.00
2016.09.06 22:36:02.858,0.76792,0.76802,1.00,1.50
2016.09.06 22:36:03.254,0.76792,0.76802,1.00,1.00
2016.09.06 22:36:04.374,0.76792,0.76803,1.00,2.25
2016.09.06 22:36:04.735,0.76792,0.76803,1.00,2.25
2016.09.06 22:36:04.933,0.76792,0.76802,1.00,1.50
2016.09.06 22:36:05.290,0.76792,0.76802,1.00,1.50
2016.09.06 22:36:05.763,0.76792,0.76801,1.00,1.00
2016.09.06 22:36:05.957,0.76792,0.76803,1.00,3.00
2016.09.06 22:36:06.228,0.76793,0.76802,1.00,1.00
2016.09.06 22:36:06.482,0.76792,0.76802,1.00,1.50
2016.09.06 22:36:09.614,0.76791,0.76802,1.00,1.50
2016.09.06 22:36:10.165,0.76792,0.76802,1.00,1.50
2016.09.06 22:36:12.074,0.76792,0.76801,1.00,1.00
2016.09.06 22:36:12.576,0.76791,0.76801,1.00,1.00
2016.09.06 22:36:12.886,0.76792,0.76802,1.00,1.50
2016.09.06 22:36:13.090,0.76791,0.76801,1.00,1.00
2016.09.06 22:36:13.631,0.76792,0.76802,1.00,1.00
2016.09.06 22:36:13.977,0.76793,0.768,1.00,1.00
2016.09.06 22:36:14.129,0.76791,0.76801,1.00,1.00
2016.09.06 22:36:14.641,0.76791,0.768,1.00,1.00
2016.09.06 22:36:14.793,0.76791,0.76802,1.00,1.50
2016.09.06 22:36:15.403,0.7679,0.76802,1.00,1.50
2016.09.06 22:36:15.883,0.7679,0.76802,1.50,1.50
2016.09.06 22:36:15.960,0.7679,0.76802,1.00,1.50
2016.09.06 22:36:16.115,0.76792,0.76802,1.00,1.50
2016.09.06 22:36:16.602,0.76792,0.768,1.00,1.00
2016.09.06 22:36:17.990,0.76792,0.76802,1.00,2.25
2016.09.06 22:36:18.419,0.76792,0.76799,1.00,1.00
2016.09.06 22:36:18.927,0.76792,0.768,1.00,1.00
2016.09.06 22:36:19.889,0.76791,0.768,1.00,1.00
2016.09.06 22:36:20.499,0.76793,0.768,1.00,1.00
2016.09.06 22:36:20.600,0.76791,0.768,1.00,1.00
2016.09.06 22:36:21.132,0.76793,0.768,1.00,1.00
2016.09.06 22:36:21.192,0.76791,0.768,1.00,1.00
2016.09.06 22:36:21.390,0.76793,0.768,1.00,1.00
2016.09.06 22:36:21.492,0.76791,0.768,1.00,1.00
2016.09.06 22:36:21.690,0.76793,0.768,1.00,1.00
2016.09.06 22:36:21.995,0.76791,0.768,1.00,1.00
2016.09.06 22:36:22.500,0.76792,0.768,1.00,1.00
2016.09.06 22:36:23.082,0.76792,0.76799,1.00,1.00
2016.09.06 22:36:23.589,0.76793,0.76799,1.00,1.00
2016.09.06 22:36:23.640,0.76791,0.76799,1.00,1.00
2016.09.06 22:36:23.692,0.76791,0.76801,1.00,1.00
2016.09.06 22:36:23.793,0.76793,0.76801,1.00,1.00
2016.09.06 22:36:23.895,0.76791,0.76801,1.00,1.00
2016.09.06 22:36:24.835,0.76792,0.76801,1.00,1.00
2016.09.06 22:36:30.030,0.7679,0.76801,1.00,1.00
2016.09.06 22:36:30.234,0.76792,0.76801,1.00,1.00
2016.09.06 22:36:34.084,0.76792,0.76799,1.00,1.00
2016.09.06 22:36:34.136,0.76788,0.76799,2.25,1.00
2016.09.06 22:36:34.237,0.76788,0.76799,1.50,1.10
2016.09.06 22:36:34.288,0.76787,0.76797,1.09,1.00
2016.09.06 22:36:34.339,0.76788,0.76797,1.00,1.00
2016.09.06 22:36:34.441,0.7679,0.76797,1.00,1.00
2016.09.06 22:36:34.944,0.76789,0.76797,1.00,1.00
2016.09.06 22:36:35.808,0.7679,0.76797,1.00,1.00
2016.09.06 22:36:37.033,0.76789,0.76797,1.00,1.00
2016.09.06 22:36:37.491,0.76789,0.76799,1.00,1.10
2016.09.06 22:36:37.644,0.76789,0.76799,1.00,1.00
2016.09.06 22:36:38.157,0.7679,0.76799,1.00,1.00
2016.09.06 22:36:41.104,0.7679,0.76798,1.00,1.00
2016.09.06 22:36:41.183,0.76788,0.76798,1.50,1.00
2016.09.06 22:36:41.234,0.76788,0.76798,1.00,1.00
2016.09.06 22:36:41.539,0.7679,0.76799,1.00,1.00
2016.09.06 22:36:42.028,0.76788,0.76799,1.00,1.00
2016.09.06 22:36:42.568,0.76789,0.76799,1.00,1.00
2016.09.06 22:36:42.720,0.76788,0.76799,1.25,1.00
2016.09.06 22:36:42.937,0.7679,0.76799,1.00,1.00
2016.09.06 22:36:43.857,0.76788,0.76799,1.25,1.00
2016.09.06 22:36:43.958,0.76789,0.76799,1.00,1.00
2016.09.06 22:36:44.131,0.76788,0.76799,1.25,1.00
2016.09.06 22:36:44.232,0.76789,0.76799,1.00,1.00
2016.09.06 22:36:44.772,0.7679,0.76799,1.00,1.00
2016.09.06 22:36:44.824,0.76788,0.76797,1.25,1.00
2016.09.06 22:36:44.875,0.76788,0.76797,1.25,1.00
2016.09.06 22:36:44.926,0.7679,0.76797,1.00,1.00
2016.09.06 22:36:45.359,0.76788,0.76797,1.25,1.00
2016.09.06 22:36:45.563,0.76789,0.76797,1.00,1.00
2016.09.06 22:36:46.754,0.76788,0.76797,1.25,1.00
2016.09.06 22:36:46.856,0.7679,0.76797,1.00,1.00
2016.09.06 22:36:46.957,0.76788,0.76797,1.25,1.00
2016.09.06 22:36:47.059,0.76789,0.76797,1.00,1.00
2016.09.06 22:36:47.235,0.76788,0.76797,1.25,1.00
2016.09.06 22:36:47.489,0.76788,0.76797,1.25,1.00
2016.09.06 22:36:47.605,0.76788,0.76797,1.25,1.00
2016.09.06 22:36:47.758,0.76789,0.76797,1.00,1.00
2016.09.06 22:36:47.860,0.76788,0.76797,1.25,1.00
2016.09.06 22:36:47.962,0.7679,0.76797,1.00,1.00
2016.09.06 22:36:48.132,0.76788,0.76797,1.25,1.00
2016.09.06 22:36:48.336,0.7679,0.76797,1.00,1.00
2016.09.06 22:36:48.437,0.76788,0.76797,1.25,1.00
2016.09.06 22:36:48.640,0.7679,0.76797,1.00,1.00
2016.09.06 22:36:49.235,0.76789,0.76797,1.00,1.00
2016.09.06 22:36:50.075,0.7679,0.76797,1.00,1.00
2016.09.06 22:36:50.574,0.76788,0.76797,1.00,1.00
2016.09.06 22:36:51.075,0.7679,0.76797,1.00,1.00
2016.09.06 22:36:51.978,0.76788,0.76797,1.00,1.00
2016.09.06 22:36:52.029,0.7679,0.76797,1.00,1.00
2016.09.06 22:36:52.234,0.76788,0.76797,1.00,1.00
2016.09.06 22:36:52.336,0.76789,0.76797,1.00,1.00
2016.09.06 22:36:52.590,0.76788,0.76797,1.00,1.00
2016.09.06 22:36:52.641,0.76789,0.76798,1.00,1.00
2016.09.06 22:36:53.176,0.76788,0.76798,1.00,1.00
2016.09.06 22:36:53.279,0.7679,0.76798,1.00,1.00
2016.09.06 22:36:53.330,0.76788,0.76798,1.00,1.00
2016.09.06 22:36:53.431,0.76788,0.76798,1.00,1.00
2016.09.06 22:36:53.686,0.76788,0.76798,1.00,1.00
2016.09.06 22:36:53.788,0.76788,0.76798,1.00,1.00
2016.09.06 22:36:54.355,0.76789,0.76798,1.00,1.00
2016.09.06 22:36:54.457,0.76788,0.76798,1.00,1.00
2016.09.06 22:36:54.508,0.76788,0.76798,1.00,1.00
2016.09.06 22:36:55.066,0.76789,0.76798,1.00,1.00
2016.09.06 22:36:55.320,0.76788,0.76798,1.00,1.00
2016.09.06 22:36:55.636,0.76788,0.76798,1.00,1.00
2016.09.06 22:36:55.687,0.76788,0.76798,1.00,1.00
2016.09.06 22:36:55.738,0.76789,0.76798,1.00,1.00
2016.09.06 22:36:56.751,0.76788,0.76798,1.00,1.00
2016.09.06 22:36:56.804,0.76788,0.76798,1.00,1.00
2016.09.06 22:36:56.855,0.76789,0.76798,1.00,1.00
2016.09.06 22:36:57.464,0.76788,0.76798,1.00,1.00
2016.09.06 22:36:58.230,0.76788,0.76798,1.00,1.00
2016.09.06 22:36:58.332,0.76788,0.76798,1.00,1.00
2016.09.06 22:36:58.873,0.76789,0.76798,1.00,1.00
2016.09.06 22:36:59.178,0.76787,0.76798,2.44,1.00
2016.09.06 22:36:59.382,0.76788,0.76798,1.00,1.00
2016.09.06 22:36:59.484,0.76787,0.76798,2.44,1.00
2016.09.06 22:36:59.585,0.76789,0.76798,1.00,1.00
2016.09.06 22:36:59.687,0.76788,0.76798,1.00,1.00
2016.09.06 22:37:00.569,0.76789,0.76798,1.00,1.00
2016.09.06 22:37:00.746,0.76788,0.76798,1.00,1.00
2016.09.06 22:37:01.357,0.76789,0.76798,1.00,1.00
2016.09.06 22:37:02.675,0.76787,0.76798,1.25,1.00
2016.09.06 22:37:02.778,0.76787,0.76798,1.09,1.00
2016.09.06 22:37:02.990,0.76789,0.76798,1.00,1.00
2016.09.06 22:37:08.665,0.76788,0.76798,1.25,1.00
2016.09.06 22:37:10.490,0.76787,0.76798,1.19,1.00
2016.09.06 22:37:10.592,0.76788,0.76798,1.25,1.00
2016.09.06 22:37:10.702,0.76787,0.76798,1.19,1.00
2016.09.06 22:37:10.917,0.76787,0.76798,1.39,1.00
2016.09.06 22:37:10.968,0.76789,0.76798,1.00,1.00
2016.09.06 22:37:13.666,0.76787,0.76798,1.19,1.00
2016.09.06 22:37:13.819,0.76787,0.76798,2.44,1.00
2016.09.06 22:37:13.870,0.76788,0.76798,1.25,1.00
2016.09.06 22:37:13.921,0.76788,0.76798,1.25,1.00
2016.09.06 22:37:13.972,0.76789,0.76798,1.00,1.00
2016.09.06 22:37:14.586,0.76791,0.76798,1.00,1.00
2016.09.06 22:37:14.850,0.76792,0.76801,1.00,1.50
2016.09.06 22:37:15.053,0.76792,0.768,1.00,1.00
2016.09.06 22:37:15.255,0.76792,0.76801,1.00,1.50
2016.09.06 22:37:15.458,0.76792,0.76799,1.00,1.00
2016.09.06 22:37:16.070,0.76792,0.768,1.00,1.00
2016.09.06 22:37:19.528,0.76792,0.76798,1.00,1.00
2016.09.06 22:37:22.704,0.7679,0.76798,1.00,1.00
2016.09.06 22:37:23.249,0.76791,0.76798,1.00,1.00
2016.09.06 22:37:23.452,0.76791,0.768,1.00,1.00
2016.09.06 22:37:24.830,0.76791,0.76799,1.00,1.00
2016.09.06 22:37:25.337,0.76791,0.768,1.00,1.00
2016.09.06 22:37:30.824,0.76791,0.76797,1.00,1.00
2016.09.06 22:37:30.926,0.76788,0.76796,1.20,1.50
2016.09.06 22:37:31.037,0.76787,0.76796,2.62,1.00
2016.09.06 22:37:31.107,0.7679,0.76797,1.00,1.00
2016.09.06 22:37:31.618,0.7679,0.76798,1.00,1.00
2016.09.06 22:37:31.669,0.7679,0.768,1.00,2.25
2016.09.06 22:37:31.771,0.7679,0.76799,1.00,1.00
2016.09.06 22:37:32.075,0.76792,0.76799,1.00,1.00
2016.09.06 22:37:35.663,0.76792,0.76801,1.00,1.00
2016.09.06 22:37:36.364,0.76792,0.768,1.00,1.00
2016.09.06 22:37:37.469,0.76792,0.76802,1.00,2.25
2016.09.06 22:37:37.571,0.76792,0.76802,1.00,1.50
2016.09.06 22:37:37.684,0.76793,0.76803,1.00,3.00
2016.09.06 22:37:37.736,0.76793,0.76803,1.00,2.25
2016.09.06 22:37:37.856,0.76792,0.76803,1.00,1.00
2016.09.06 22:37:38.394,0.76793,0.76803,1.00,1.00
2016.09.06 22:37:45.686,0.76793,0.76804,1.00,1.50
2016.09.06 22:37:46.043,0.76793,0.76804,1.00,1.00
2016.09.06 22:37:46.290,0.76794,0.76804,1.00,2.25
2016.09.06 22:37:46.392,0.76793,0.76804,1.00,2.25
2016.09.06 22:37:47.068,0.76793,0.76804,1.00,2.25
2016.09.06 22:37:47.272,0.76794,0.76804,1.00,2.25
2016.09.06 22:37:47.579,0.76793,0.76804,1.00,2.25
2016.09.06 22:37:47.790,0.76793,0.76804,1.00,2.25
2016.09.06 22:37:48.367,0.76793,0.76804,1.00,2.25
2016.09.06 22:37:48.693,0.76794,0.76804,1.00,2.25
2016.09.06 22:37:48.795,0.76794,0.76804,1.00,2.25
2016.09.06 22:37:49.452,0.76793,0.76804,1.00,2.25
2016.09.06 22:37:50.145,0.76794,0.76804,1.00,2.25
2016.09.06 22:37:50.696,0.76793,0.76804,1.00,2.25
2016.09.06 22:37:51.852,0.76794,0.76804,1.00,2.25
2016.09.06 22:37:52.443,0.76793,0.76804,1.00,2.25
2016.09.06 22:37:53.217,0.76794,0.76804,1.00,2.25
2016.09.06 22:37:53.573,0.76794,0.76804,1.00,2.25
2016.09.06 22:37:54.055,0.76793,0.76804,1.50,2.25
2016.09.06 22:37:54.156,0.76794,0.76804,1.00,2.25
2016.09.06 22:37:54.207,0.76794,0.76804,1.00,1.50
2016.09.06 22:37:54.676,0.76794,0.76804,1.00,1.50
2016.09.06 22:37:54.778,0.76793,0.76804,1.00,1.50
2016.09.06 22:37:54.930,0.76793,0.76804,1.50,1.50
2016.09.06 22:37:54.981,0.76793,0.76804,1.50,1.50
2016.09.06 22:37:55.032,0.76793,0.76804,1.00,1.50
2016.09.06 22:37:55.928,0.76794,0.76804,1.00,1.50
2016.09.06 22:37:56.460,0.76793,0.76804,1.00,1.50
2016.09.06 22:37:57.286,0.76793,0.76804,1.00,1.69
2016.09.06 22:37:58.167,0.76794,0.76804,1.00,1.69
2016.09.06 22:37:59.167,0.76793,0.76804,1.00,1.69
2016.09.06 22:38:00.548,0.76794,0.76804,1.00,1.69
2016.09.06 22:38:01.076,0.76793,0.76804,1.00,1.69
2016.09.06 22:38:01.586,0.76794,0.76804,1.00,1.69
2016.09.06 22:38:02.325,0.76793,0.76804,1.00,1.69
2016.09.06 22:38:02.836,0.76794,0.76804,1.00,1.69
2016.09.06 22:38:03.302,0.76793,0.76804,1.00,2.44
2016.09.06 22:38:03.353,0.76793,0.76803,1.00,1.00
2016.09.06 22:38:03.405,0.76793,0.76803,1.00,2.25
2016.09.06 22:38:03.506,0.76793,0.76803,1.00,1.00
2016.09.06 22:38:04.025,0.76792,0.76803,1.00,1.00
2016.09.06 22:38:04.636,0.76791,0.76803,1.00,1.00
2016.09.06 22:38:05.177,0.76792,0.76803,1.00,1.00
2016.09.06 22:38:06.750,0.76791,0.76803,1.00,1.00
2016.09.06 22:38:07.245,0.76793,0.76803,1.00,1.00
2016.09.06 22:38:07.784,0.76793,0.76804,1.00,2.25
2016.09.06 22:38:08.310,0.76794,0.76804,1.00,2.25
2016.09.06 22:38:10.048,0.76792,0.76804,1.00,2.25
2016.09.06 22:38:10.099,0.76792,0.76804,1.00,2.25
2016.09.06 22:38:10.595,0.76792,0.76804,1.00,2.62
2016.09.06 22:38:10.748,0.76792,0.76804,1.00,2.81
2016.09.06 22:38:10.850,0.76792,0.76804,1.00,2.62
2016.09.06 22:38:12.253,0.76792,0.76804,1.00,2.81
2016.09.06 22:38:12.761,0.76794,0.76804,1.00,2.81
2016.09.06 22:38:12.863,0.76792,0.76804,1.00,2.81
2016.09.06 22:38:13.390,0.76793,0.76804,1.00,2.81
2016.09.06 22:38:13.492,0.76793,0.76805,2.25,3.26
2016.09.06 22:38:13.543,0.76795,0.76805,1.00,2.51
2016.09.06 22:38:13.594,0.76795,0.76805,1.00,1.76
2016.09.06 22:38:13.696,0.76794,0.76806,1.00,6.07
2016.09.06 22:38:13.747,0.76794,0.76804,1.00,1.25
2016.09.06 22:38:13.798,0.76794,0.76804,1.00,2.44
2016.09.06 22:38:13.849,0.76794,0.76804,1.00,2.44
2016.09.06 22:38:14.757,0.76793,0.76804,1.00,2.44
2016.09.06 22:38:20.238,0.76793,0.76804,1.00,2.25
2016.09.06 22:38:32.969,0.76793,0.76804,1.00,2.25
2016.09.06 22:38:33.071,0.76792,0.76804,1.00,2.32
2016.09.06 22:38:35.217,0.76792,0.76804,1.00,2.51
2016.09.06 22:38:40.585,0.76793,0.76804,1.00,2.51
2016.09.06 22:38:42.237,0.76793,0.76804,1.00,2.32
2016.09.06 22:38:42.770,0.76792,0.76804,1.00,2.32
2016.09.06 22:38:43.776,0.76793,0.76804,1.00,2.32
2016.09.06 22:38:44.644,0.76793,0.76804,1.00,1.57
2016.09.06 22:38:45.185,0.76792,0.76804,1.00,1.57
2016.09.06 22:38:45.683,0.76794,0.76804,1.00,1.57
2016.09.06 22:38:46.338,0.76794,0.76804,1.00,2.32
2016.09.06 22:38:48.899,0.76792,0.76804,1.00,2.32
2016.09.06 22:38:49.401,0.76793,0.76804,1.00,2.32
2016.09.06 22:38:49.950,0.76792,0.76804,1.00,2.32
2016.09.06 22:38:50.422,0.76794,0.76804,1.00,2.32
2016.09.06 22:38:50.525,0.76792,0.76804,1.00,2.32
2016.09.06 22:38:51.062,0.76793,0.76804,1.00,2.32
2016.09.06 22:38:51.725,0.76791,0.76804,1.00,2.32
2016.09.06 22:38:52.268,0.76792,0.76804,1.00,2.32
2016.09.06 22:38:52.773,0.76791,0.76804,1.00,2.32
2016.09.06 22:38:54.019,0.76792,0.76804,1.00,2.32
2016.09.06 22:38:54.566,0.76791,0.76804,1.00,2.32
2016.09.06 22:38:55.328,0.76793,0.76804,1.00,2.32
2016.09.06 22:38:55.934,0.76792,0.76804,1.00,2.32
2016.09.06 22:38:57.226,0.76792,0.76804,1.00,2.51
2016.09.06 22:38:58.400,0.76793,0.76804,1.00,2.51
2016.09.06 22:38:59.866,0.76793,0.76799,1.00,1.00
2016.09.06 22:39:00.123,0.76789,0.76799,3.56,1.00
2016.09.06 22:39:00.276,0.76789,0.76799,3.56,1.00
2016.09.06 22:39:00.821,0.76789,0.768,3.56,1.00
2016.09.06 22:39:00.872,0.76789,0.768,2.06,1.00
2016.09.06 22:39:01.610,0.76789,0.768,2.06,1.00
2016.09.06 22:39:01.763,0.76789,0.768,2.06,1.00
2016.09.06 22:39:02.245,0.7679,0.768,1.25,1.00
2016.09.06 22:39:14.233,0.7679,0.76799,1.25,1.00
2016.09.06 22:39:16.136,0.76789,0.76799,2.14,1.00
2016.09.06 22:39:16.817,0.76789,0.76799,2.89,1.00
2016.09.06 22:39:16.868,0.76789,0.76799,4.39,1.00
2016.09.06 22:39:17.463,0.76789,0.76801,2.89,1.00
2016.09.06 22:39:17.565,0.76789,0.76803,2.89,2.25
2016.09.06 22:39:17.616,0.76793,0.76803,1.00,2.25
2016.09.06 22:39:17.667,0.76793,0.76804,1.00,1.57
2016.09.06 22:39:18.277,0.76793,0.76805,1.00,1.12
2016.09.06 22:39:19.392,0.76793,0.76805,1.00,2.62
2016.09.06 22:39:21.152,0.76794,0.76805,1.00,2.62
2016.09.06 22:39:22.298,0.76794,0.76805,1.00,2.81
2016.09.06 22:39:23.128,0.76793,0.76805,1.00,2.81
2016.09.06 22:39:23.677,0.76794,0.76805,1.00,2.81
2016.09.06 22:39:24.191,0.76793,0.76805,1.00,2.81
2016.09.06 22:39:24.242,0.76794,0.76805,1.00,2.06
2016.09.06 22:39:30.280,0.76795,0.76805,1.00,2.06
2016.09.06 22:39:31.148,0.76794,0.76805,1.00,2.06
2016.09.06 22:39:33.083,0.76794,0.76805,1.00,2.81
2016.09.06 22:39:33.490,0.76793,0.76804,1.00,1.10
2016.09.06 22:39:40.247,0.76793,0.76804,1.00,1.01
2016.09.06 22:39:42.211,0.76793,0.76804,1.00,1.10
2016.09.06 22:39:48.355,0.76795,0.76804,1.00,1.10
2016.09.06 22:39:49.860,0.76793,0.76804,1.00,1.10
2016.09.06 22:39:55.409,0.76794,0.76804,1.00,1.10
2016.09.06 22:39:55.460,0.76794,0.76804,1.00,1.20
2016.09.06 22:39:56.277,0.76795,0.76804,1.00,1.20
2016.09.06 22:39:56.712,0.76795,0.76803,1.00,1.00
2016.09.06 22:39:59.806,0.76795,0.76805,1.00,3.19
2016.09.06 22:40:00.123,0.76793,0.76805,1.00,3.19
2016.09.06 22:40:00.654,0.76794,0.76805,1.00,3.19
2016.09.06 22:40:00.821,0.76793,0.76805,1.00,3.94
2016.09.06 22:40:12.257,0.76793,0.76803,1.00,1.00
2016.09.06 22:40:12.822,0.76792,0.76803,1.00,1.00
2016.09.06 22:40:19.804,0.76795,0.76803,1.00,1.00
2016.09.06 22:40:20.377,0.76794,0.76803,1.00,1.00
2016.09.06 22:40:33.237,0.76793,0.76803,1.00,1.00
2016.09.06 22:40:34.538,0.76794,0.76803,1.00,1.00
2016.09.06 22:40:37.731,0.76794,0.76804,1.00,1.65
2016.09.06 22:40:37.985,0.76794,0.76805,1.00,1.69
2016.09.06 22:40:46.612,0.76794,0.76805,1.00,3.19
2016.09.06 22:40:50.762,0.76794,0.76805,1.00,3.56
2016.09.06 22:41:12.739,0.76794,0.76803,1.00,1.10
2016.09.06 22:41:17.199,0.76794,0.76803,1.00,1.00
2016.09.06 22:41:19.756,0.76794,0.76798,1.00,1.00
2016.09.06 22:41:19.807,0.76792,0.76797,1.50,1.00
2016.09.06 22:41:19.859,0.76793,0.76797,1.00,1.00
2016.09.06 22:41:20.367,0.76792,0.76796,1.00,1.00
2016.09.06 22:41:21.812,0.76793,0.76797,1.00,1.00
2016.09.06 22:41:23.110,0.76794,0.76798,1.00,1.00
2016.09.06 22:41:23.818,0.76793,0.76797,1.00,1.00
2016.09.06 22:41:24.359,0.76794,0.76798,1.00,1.00
2016.09.06 22:41:24.932,0.76793,0.76797,1.00,1.00
2016.09.06 22:41:25.473,0.76794,0.76798,1.00,1.00
2016.09.06 22:41:26.015,0.76793,0.76797,1.00,1.00
2016.09.06 22:41:27.628,0.76794,0.76798,1.00,1.00
2016.09.06 22:41:28.171,0.76793,0.76797,1.00,1.00
2016.09.06 22:41:28.913,0.76794,0.76798,1.00,1.00
2016.09.06 22:41:30.739,0.76793,0.76797,1.00,1.00
2016.09.06 22:41:41.419,0.76794,0.76798,1.00,1.00
2016.09.06 22:41:44.425,0.76793,0.76797,1.00,1.00
2016.09.06 22:41:48.053,0.76792,0.76796,1.00,1.00
2016.09.06 22:41:49.034,0.76794,0.76798,1.00,1.00
2016.09.06 22:41:49.376,0.76792,0.76796,1.00,1.00
2016.09.06 22:41:49.897,0.76793,0.76797,1.00,1.00
2016.09.06 22:41:53.646,0.76794,0.76798,1.00,1.00
2016.09.06 22:41:54.193,0.76793,0.76797,1.00,1.00
2016.09.06 22:41:55.126,0.76792,0.76796,1.00,1.00
2016.09.06 22:41:59.154,0.76792,0.76798,1.00,1.00
2016.09.06 22:41:59.208,0.76792,0.768,1.00,1.00
2016.09.06 22:41:59.565,0.76795,0.76799,1.00,1.00
2016.09.06 22:42:00.914,0.76795,0.76804,1.00,2.62
2016.09.06 22:42:00.965,0.76792,0.76804,1.00,2.62
2016.09.06 22:42:01.321,0.76792,0.76804,1.00,1.87
2016.09.06 22:42:01.373,0.76794,0.76804,1.00,1.87
2016.09.06 22:42:01.661,0.76794,0.76805,1.00,3.07
2016.09.06 22:42:10.738,0.76794,0.76805,1.00,2.32
2016.09.06 22:42:12.273,0.76794,0.76805,1.00,2.51
2016.09.06 22:42:16.184,0.76794,0.76805,1.00,3.26
2016.09.06 22:42:21.196,0.76794,0.76804,1.00,1.12
2016.09.06 22:42:30.178,0.76793,0.76804,1.00,1.12
2016.09.06 22:42:30.442,0.76793,0.76805,1.00,3.07
2016.09.06 22:42:34.186,0.76792,0.76805,1.00,3.82
2016.09.06 22:42:34.392,0.76793,0.76805,1.00,3.07
2016.09.06 22:42:35.652,0.76793,0.76805,1.00,3.45
2016.09.06 22:42:38.655,0.76793,0.76805,1.00,3.07
2016.09.06 22:42:41.272,0.76793,0.76804,1.00,1.12
2016.09.06 22:42:55.739,0.76793,0.76804,1.00,1.10
2016.09.06 22:42:56.291,0.76793,0.76805,1.00,2.89
2016.09.06 22:43:01.697,0.76793,0.76805,1.00,1.39
2016.09.06 22:43:04.411,0.76793,0.76805,1.00,1.09
2016.09.06 22:43:06.126,0.76791,0.76804,1.50,1.00
2016.09.06 22:43:06.177,0.76791,0.76804,1.00,1.00
2016.09.06 22:43:06.228,0.76791,0.76805,1.00,1.09
2016.09.06 22:43:06.593,0.76791,0.76805,1.00,2.59
2016.09.06 22:43:12.041,0.76794,0.76805,1.00,2.59
2016.09.06 22:43:12.194,0.76794,0.76805,1.00,2.40
2016.09.06 22:43:15.197,0.76794,0.76805,1.00,2.70
2016.09.06 22:43:15.248,0.76794,0.76805,1.00,3.00
2016.09.06 22:43:15.350,0.76794,0.76805,1.00,2.32
2016.09.06 22:43:40.653,0.76794,0.76805,1.00,2.70
2016.09.06 22:43:41.673,0.76795,0.76805,1.00,2.70
2016.09.06 22:43:42.180,0.76794,0.76805,1.00,2.70
2016.09.06 22:43:46.902,0.76794,0.76805,1.00,1.20
2016.09.06 22:43:50.243,0.76794,0.76805,1.00,1.39
2016.09.06 22:44:05.221,0.76794,0.76805,1.00,1.20
2016.09.06 22:44:11.279,0.76794,0.76804,1.00,1.10
2016.09.06 22:44:27.743,0.76795,0.76804,1.00,1.10
2016.09.06 22:44:27.846,0.76793,0.76804,1.00,1.00
2016.09.06 22:44:41.316,0.76793,0.76805,1.00,1.10
2016.09.06 22:44:42.176,0.76793,0.76805,1.00,1.01
2016.09.06 22:44:49.997,0.76792,0.76805,1.00,1.01
2016.09.06 22:44:50.201,0.76792,0.76805,1.00,1.10
2016.09.06 22:44:50.354,0.76792,0.76805,1.00,1.20
2016.09.06 22:44:53.962,0.76792,0.76805,1.00,1.10
2016.09.06 22:44:59.742,0.76792,0.76805,1.00,1.20
2016.09.06 22:44:59.793,0.76793,0.76805,1.00,1.95
2016.09.06 22:44:59.844,0.76793,0.76805,1.00,2.62
2016.09.06 22:45:01.726,0.76792,0.76805,1.00,1.87
2016.09.06 22:45:01.777,0.76791,0.76805,1.00,2.62
2016.09.06 22:45:01.879,0.76791,0.76804,1.00,1.20
2016.09.06 22:45:02.047,0.76791,0.76805,1.00,1.87
2016.09.06 22:45:02.382,0.76793,0.76805,1.00,1.87
2016.09.06 22:45:03.460,0.76793,0.76805,1.00,2.25
2016.09.06 22:45:03.511,0.76791,0.76805,1.00,2.62
2016.09.06 22:45:03.704,0.76791,0.76805,1.00,2.25
2016.09.06 22:45:03.806,0.76791,0.76805,1.00,1.57
2016.09.06 22:45:04.010,0.76791,0.76803,1.00,1.00
2016.09.06 22:45:10.530,0.76792,0.76805,1.00,2.70
2016.09.06 22:45:11.048,0.76793,0.76805,1.00,2.70
2016.09.06 22:45:11.403,0.76793,0.76805,1.00,2.32
2016.09.06 22:45:15.514,0.76793,0.76804,1.00,1.00
2016.09.06 22:45:16.215,0.76793,0.76802,1.00,1.00
2016.09.06 22:45:16.378,0.76789,0.76799,1.00,1.00
2016.09.06 22:45:16.737,0.7679,0.76802,1.00,2.44
2016.09.06 22:45:17.271,0.7679,0.76802,1.00,1.19
2016.09.06 22:45:21.605,0.76791,0.76802,1.00,1.19
2016.09.06 22:45:23.651,0.7679,0.76802,1.50,1.19
2016.09.06 22:45:23.906,0.7679,0.76802,1.00,1.19
2016.09.06 22:45:24.008,0.7679,0.76802,1.50,1.19
2016.09.06 22:45:24.306,0.7679,0.76802,1.50,1.29
2016.09.06 22:45:24.358,0.7679,0.76802,1.50,1.39
2016.09.06 22:45:24.409,0.7679,0.76802,1.00,1.39
2016.09.06 22:45:24.576,0.7679,0.76802,1.50,1.39
2016.09.06 22:45:24.627,0.76791,0.76802,1.00,1.39
2016.09.06 22:45:25.034,0.7679,0.76802,1.50,1.39
2016.09.06 22:45:25.340,0.76791,0.76802,1.00,1.39
2016.09.06 22:45:28.120,0.7679,0.76802,1.50,1.39
2016.09.06 22:45:28.222,0.7679,0.76802,1.00,1.39
2016.09.06 22:45:28.832,0.7679,0.76801,1.00,1.01
2016.09.06 22:45:34.282,0.7679,0.76801,1.00,1.25
2016.09.06 22:45:39.473,0.7679,0.768,1.00,1.00
2016.09.06 22:45:39.983,0.76789,0.768,1.00,1.00
2016.09.06 22:45:40.136,0.76788,0.76799,1.25,1.00
2016.09.06 22:45:40.246,0.76787,0.768,1.19,2.25
2016.09.06 22:45:40.298,0.76787,0.768,1.69,2.25
2016.09.06 22:45:40.790,0.76787,0.768,1.69,2.25
2016.09.06 22:45:43.484,0.76787,0.768,1.25,2.44
2016.09.06 22:45:47.269,0.76787,0.768,1.25,2.44
2016.09.06 22:45:48.000,0.76787,0.768,1.25,2.44
2016.09.06 22:45:49.092,0.76787,0.76798,1.25,1.00
2016.09.06 22:45:55.184,0.76787,0.76798,1.25,1.00
2016.09.06 22:45:55.413,0.76787,0.76798,1.25,1.00
2016.09.06 22:45:56.155,0.76787,0.768,1.25,2.44
2016.09.06 22:45:58.719,0.76787,0.768,1.25,2.44
2016.09.06 22:45:58.961,0.76787,0.768,1.25,2.44
2016.09.06 22:45:59.012,0.76787,0.768,1.25,2.89
2016.09.06 22:46:03.225,0.76787,0.76798,1.25,1.25
2016.09.06 22:46:03.913,0.76787,0.76795,1.00,1.00
2016.09.06 22:46:03.964,0.76785,0.76796,1.00,2.25
2016.09.06 22:46:04.015,0.76785,0.76796,1.00,2.70
2016.09.06 22:46:04.067,0.76783,0.76796,1.00,3.45
2016.09.06 22:46:04.118,0.76783,0.76795,1.00,1.95
2016.09.06 22:46:04.169,0.76783,0.76795,1.00,2.32
2016.09.06 22:46:05.842,0.76783,0.76795,1.00,2.25
2016.09.06 22:46:05.984,0.76785,0.76795,1.00,2.25
2016.09.06 22:46:06.561,0.76784,0.76796,1.00,3.07
2016.09.06 22:46:06.612,0.76784,0.76796,1.00,3.45
2016.09.06 22:46:07.192,0.76785,0.76796,1.00,3.45
2016.09.06 22:46:07.493,0.76784,0.76796,1.00,2.70
2016.09.06 22:46:07.613,0.76784,0.76796,1.00,3.45
2016.09.06 22:46:07.765,0.76785,0.76796,1.00,3.26
2016.09.06 22:46:07.918,0.76785,0.76796,1.00,2.51
2016.09.06 22:46:09.040,0.76785,0.76796,1.00,4.01
2016.09.06 22:46:09.091,0.76783,0.76795,1.00,1.25
2016.09.06 22:46:09.142,0.76783,0.76795,1.00,2.25
2016.09.06 22:46:09.193,0.76782,0.76795,1.00,2.44
2016.09.06 22:46:09.244,0.76782,0.76794,1.00,1.00
2016.09.06 22:46:10.162,0.76782,0.76794,1.00,1.50
2016.09.06 22:46:12.453,0.76782,0.76794,1.00,1.00
2016.09.06 22:46:12.853,0.76782,0.76795,1.00,3.07
2016.09.06 22:46:12.955,0.76782,0.76795,1.50,1.95
2016.09.06 22:46:13.070,0.76788,0.76798,2.25,1.12
2016.09.06 22:46:13.144,0.7679,0.76801,1.00,2.25
2016.09.06 22:46:13.196,0.76791,0.76802,1.00,2.51
2016.09.06 22:46:13.247,0.76791,0.76802,1.00,2.14
2016.09.06 22:46:13.350,0.76792,0.76802,1.00,1.76
2016.09.06 22:46:13.807,0.7679,0.76802,1.00,1.76
2016.09.06 22:46:14.044,0.7679,0.76803,1.00,2.89
2016.09.06 22:46:14.629,0.76793,0.76803,1.00,2.89
2016.09.06 22:46:14.680,0.76793,0.76803,1.00,2.70
2016.09.06 22:46:14.885,0.76791,0.76803,1.00,2.70
2016.09.06 22:46:15.089,0.76793,0.76803,1.00,2.70
2016.09.06 22:46:19.311,0.76794,0.76803,1.00,2.70
2016.09.06 22:46:19.414,0.76792,0.76803,1.00,2.62
2016.09.06 22:46:19.465,0.76792,0.76803,1.00,2.32
2016.09.06 22:46:21.522,0.76794,0.76803,1.00,2.32
2016.09.06 22:46:21.774,0.76792,0.76803,1.00,2.32
2016.09.06 22:46:22.691,0.76794,0.76803,1.00,2.32
2016.09.06 22:46:23.227,0.76793,0.76803,1.00,2.32
2016.09.06 22:46:25.419,0.76794,0.76803,1.00,2.32
2016.09.06 22:46:25.542,0.76792,0.76803,1.00,2.32
2016.09.06 22:46:25.594,0.76794,0.76803,1.00,2.32
2016.09.06 22:46:26.180,0.76793,0.76803,1.00,2.32
2016.09.06 22:46:27.201,0.76792,0.76803,1.00,2.32
2016.09.06 22:46:27.720,0.76793,0.76803,1.00,2.32
2016.09.06 22:46:28.285,0.76792,0.76803,1.00,2.32
2016.09.06 22:46:30.244,0.76793,0.76803,1.00,2.32
2016.09.06 22:46:31.701,0.76794,0.76803,1.00,2.32
2016.09.06 22:46:31.807,0.76792,0.76803,1.00,2.32
2016.09.06 22:46:32.028,0.76794,0.76803,1.00,2.32
2016.09.06 22:46:32.130,0.76792,0.76803,1.00,2.32
2016.09.06 22:46:32.677,0.76793,0.76803,1.00,2.32
2016.09.06 22:46:38.038,0.76794,0.76803,1.00,2.32
2016.09.06 22:46:38.547,0.76793,0.76803,1.00,2.32
2016.09.06 22:46:45.155,0.76793,0.76803,1.50,2.32
2016.09.06 22:46:45.257,0.76793,0.76803,1.00,2.32
2016.09.06 22:46:56.328,0.76793,0.76803,1.00,1.57
2016.09.06 22:46:58.639,0.76794,0.76803,1.00,1.57
2016.09.06 22:47:00.061,0.76793,0.76803,1.00,1.57
2016.09.06 22:47:05.153,0.76794,0.76803,1.00,1.57
2016.09.06 22:47:06.758,0.76793,0.76803,1.00,1.57
2016.09.06 22:47:07.278,0.76794,0.76803,1.00,1.57
2016.09.06 22:47:07.561,0.76792,0.76803,1.00,1.57
2016.09.06 22:47:09.142,0.76792,0.76803,1.00,2.32
2016.09.06 22:47:09.703,0.76793,0.76803,1.00,2.32
2016.09.06 22:47:10.869,0.76794,0.76803,1.00,2.32
2016.09.06 22:47:10.971,0.76792,0.76803,1.00,2.32
2016.09.06 22:47:15.729,0.76792,0.76803,1.00,3.07
2016.09.06 22:47:16.887,0.76793,0.76803,1.00,3.07
2016.09.06 22:47:17.237,0.76792,0.76803,1.00,1.57
2016.09.06 22:47:17.740,0.76793,0.76803,1.00,1.57
2016.09.06 22:47:18.545,0.76793,0.76803,1.00,3.07
2016.09.06 22:47:26.312,0.76793,0.76803,1.00,2.32
2016.09.06 22:47:26.563,0.76793,0.76801,1.00,1.00
2016.09.06 22:47:27.162,0.76792,0.76801,1.00,1.00
2016.09.06 22:47:29.885,0.76791,0.76801,1.00,1.00
2016.09.06 22:47:31.709,0.76792,0.76801,1.00,1.00
2016.09.06 22:47:32.228,0.76793,0.76801,1.00,1.00
2016.09.06 22:47:33.904,0.76791,0.76801,1.00,1.00
2016.09.06 22:47:34.406,0.76792,0.76801,1.00,1.00
2016.09.06 22:47:34.953,0.76791,0.76801,1.00,1.00
2016.09.06 22:47:35.684,0.76793,0.76801,1.00,1.00
2016.09.06 22:47:36.779,0.76793,0.76803,1.00,1.57
2016.09.06 22:47:36.882,0.76791,0.76803,1.00,1.57
2016.09.06 22:47:37.399,0.76792,0.76803,1.00,1.57
2016.09.06 22:47:40.899,0.76792,0.76803,1.00,1.50
2016.09.06 22:47:41.755,0.76792,0.76802,1.00,1.00
2016.09.06 22:48:00.295,0.76792,0.76796,1.00,1.00
2016.09.06 22:48:00.346,0.76786,0.76796,3.82,1.00
2016.09.06 22:48:00.397,0.76785,0.76793,1.87,1.00
2016.09.06 22:48:00.448,0.76782,0.76793,2.25,1.00
2016.09.06 22:48:00.499,0.76781,0.76793,1.00,1.00
2016.09.06 22:48:00.550,0.76781,0.76793,1.00,1.25
2016.09.06 22:48:00.601,0.76781,0.76793,1.12,2.44
2016.09.06 22:48:00.703,0.76781,0.76793,1.00,3.19
2016.09.06 22:48:00.807,0.76781,0.76793,1.12,3.19
2016.09.06 22:48:02.734,0.76781,0.76793,1.00,3.19
2016.09.06 22:48:03.047,0.7678,0.76792,2.06,1.50
2016.09.06 22:48:03.109,0.7678,0.76792,1.25,2.25
2016.09.06 22:48:03.160,0.76781,0.76792,1.00,2.25
2016.09.06 22:48:03.212,0.76782,0.76792,1.00,2.32
2016.09.06 22:48:03.315,0.76779,0.7679,1.31,1.00
2016.09.06 22:48:03.417,0.76782,0.7679,1.00,1.00
2016.09.06 22:48:04.839,0.7678,0.76791,1.00,1.50
2016.09.06 22:48:05.335,0.76783,0.76793,1.00,1.10
2016.09.06 22:48:05.387,0.76783,0.76794,1.00,3.19
2016.09.06 22:48:05.439,0.76783,0.76794,1.00,2.44
2016.09.06 22:48:05.695,0.76784,0.7679,1.00,1.00
2016.09.06 22:48:05.747,0.76782,0.7679,1.00,1.00
2016.09.06 22:48:06.052,0.7678,0.7679,1.00,1.00
2016.09.06 22:48:06.154,0.76782,0.7679,1.00,1.00
2016.09.06 22:48:06.358,0.7678,0.7679,1.00,1.00
2016.09.06 22:48:06.685,0.76781,0.76791,1.00,1.50
2016.09.06 22:48:06.736,0.76778,0.76789,1.20,1.00
2016.09.06 22:48:06.838,0.76778,0.76789,1.00,1.00
2016.09.06 22:48:06.943,0.76776,0.76788,1.87,1.00
2016.09.06 22:48:06.995,0.76776,0.76788,1.87,1.00
2016.09.06 22:48:07.047,0.76777,0.76788,2.25,1.00
2016.09.06 22:48:07.099,0.76777,0.76786,2.25,1.00
2016.09.06 22:48:07.151,0.76776,0.76786,1.00,1.00
2016.09.06 22:48:07.202,0.76775,0.76787,1.50,1.12
2016.09.06 22:48:07.254,0.76777,0.76787,1.00,1.12
2016.09.06 22:48:07.305,0.76778,0.7679,1.50,2.81
2016.09.06 22:48:07.357,0.76778,0.76787,1.00,1.20
2016.09.06 22:48:07.506,0.76778,0.76787,1.00,1.57
2016.09.06 22:48:07.557,0.7678,0.76789,1.00,1.75
2016.09.06 22:48:07.608,0.7678,0.76791,1.00,1.57
2016.09.06 22:48:07.659,0.7678,0.76792,1.00,1.12
2016.09.06 22:48:07.761,0.76782,0.76793,1.00,3.75
2016.09.06 22:48:07.812,0.76782,0.76793,1.00,3.07
2016.09.06 22:48:07.914,0.76781,0.76791,1.00,1.00
2016.09.06 22:48:07.965,0.76778,0.76791,2.06,1.00
2016.09.06 22:48:08.016,0.76778,0.76791,2.44,1.00
2016.09.06 22:48:08.111,0.7678,0.76792,1.00,1.87
2016.09.06 22:48:08.162,0.76781,0.76792,1.00,1.12
2016.09.06 22:48:08.213,0.76781,0.76792,1.00,1.31
2016.09.06 22:48:08.264,0.76781,0.76792,1.00,1.19
2016.09.06 22:48:08.497,0.76781,0.76792,1.00,1.00
2016.09.06 22:48:09.013,0.76782,0.7679,1.00,1.50
2016.09.06 22:48:09.064,0.76782,0.7679,1.00,2.25
2016.09.06 22:48:09.115,0.76782,0.7679,1.00,1.00
2016.09.06 22:48:09.166,0.7678,0.76791,1.00,1.20
2016.09.06 22:48:09.370,0.76782,0.76792,1.00,1.87
2016.09.06 22:48:09.421,0.76781,0.76789,1.00,2.25
2016.09.06 22:48:09.472,0.76781,0.76786,1.00,1.12
2016.09.06 22:48:09.524,0.76776,0.76784,1.29,1.00
2016.09.06 22:48:09.575,0.76774,0.76783,1.31,1.00
2016.09.06 22:48:09.627,0.76774,0.76783,1.19,1.00
2016.09.06 22:48:09.735,0.76775,0.76784,1.25,1.00
2016.09.06 22:48:10.414,0.76775,0.76784,1.25,1.50
2016.09.06 22:48:10.940,0.76775,0.76784,1.25,1.00
2016.09.06 22:48:10.991,0.76775,0.76784,1.00,1.00
2016.09.06 22:48:11.043,0.76775,0.76782,1.00,1.00
2016.09.06 22:48:11.569,0.76775,0.76783,1.00,1.00
2016.09.06 22:48:12.971,0.76774,0.76783,1.00,1.00
2016.09.06 22:48:13.022,0.76774,0.76783,1.00,1.00
2016.09.06 22:48:13.109,0.76771,0.76783,1.31,1.00
2016.09.06 22:48:13.160,0.76773,0.76783,1.00,1.00
2016.09.06 22:48:13.533,0.76771,0.76783,1.25,1.00
2016.09.06 22:48:13.584,0.76771,0.76783,1.25,1.69
2016.09.06 22:48:13.686,0.76771,0.76783,1.25,1.50
2016.09.06 22:48:13.788,0.76771,0.76783,1.25,1.00
2016.09.06 22:48:13.941,0.76772,0.76783,1.00,1.00
2016.09.06 22:48:14.043,0.76771,0.76783,1.25,1.00
2016.09.06 22:48:14.246,0.76772,0.76783,1.00,1.00
2016.09.06 22:48:14.449,0.76772,0.76784,1.00,3.94
2016.09.06 22:48:14.500,0.76772,0.76784,1.00,1.50
2016.09.06 22:48:14.597,0.76773,0.76785,1.50,1.10
2016.09.06 22:48:14.649,0.76776,0.76785,1.00,1.00
2016.09.06 22:48:14.904,0.76777,0.76786,1.00,1.50
2016.09.06 22:48:15.628,0.76773,0.76786,2.62,1.00
2016.09.06 22:48:15.679,0.76773,0.76784,1.95,1.00
2016.09.06 22:48:15.730,0.76773,0.76784,1.57,1.00
2016.09.06 22:48:15.832,0.76773,0.76784,1.20,1.00
2016.09.06 22:48:18.555,0.76773,0.76784,2.70,1.50
2016.09.06 22:48:18.606,0.76773,0.76784,1.95,1.50
2016.09.06 22:48:18.657,0.76772,0.76783,1.12,1.00
2016.09.06 22:48:18.709,0.76772,0.76783,1.12,2.25
2016.09.06 22:48:18.760,0.76771,0.76781,1.01,1.00
2016.09.06 22:48:18.811,0.7677,0.76781,2.81,1.00
2016.09.06 22:48:18.862,0.7677,0.76781,2.06,1.00
2016.09.06 22:48:19.006,0.7677,0.76783,2.06,1.50
2016.09.06 22:48:19.059,0.7677,0.76781,2.81,1.00
2016.09.06 22:48:19.111,0.7677,0.76781,2.06,1.00
2016.09.06 22:48:19.213,0.7677,0.76781,4.31,1.00
2016.09.06 22:48:19.264,0.7677,0.76782,4.31,1.00
2016.09.06 22:48:19.315,0.7677,0.76782,2.06,1.00
2016.09.06 22:48:21.037,0.7677,0.76782,1.31,1.00
2016.09.06 22:48:21.089,0.76769,0.76782,2.51,1.00
2016.09.06 22:48:21.140,0.7677,0.76783,1.29,1.00
2016.09.06 22:48:21.294,0.7677,0.76783,2.74,1.00
2016.09.06 22:48:21.396,0.7677,0.76783,1.29,1.00
2016.09.06 22:48:21.497,0.7677,0.76783,2.74,1.00
2016.09.06 22:48:21.599,0.7677,0.76782,1.39,1.00
2016.09.06 22:48:21.650,0.7677,0.76784,1.76,1.00
2016.09.06 22:48:21.701,0.7677,0.76784,2.51,1.00
2016.09.06 22:48:21.753,0.76771,0.76782,1.25,1.00
2016.09.06 22:48:22.353,0.7677,0.76782,1.29,1.00
2016.09.06 22:48:22.480,0.76769,0.76782,3.49,1.00
2016.09.06 22:48:22.639,0.76769,0.76782,3.11,1.00
2016.09.06 22:48:22.896,0.76769,0.76782,3.26,1.00
2016.09.06 22:48:22.947,0.76769,0.76783,3.26,1.00
2016.09.06 22:48:22.998,0.76769,0.76783,3.49,1.00
2016.09.06 22:48:23.272,0.76769,0.76783,3.26,1.00
2016.09.06 22:48:23.322,0.76769,0.76783,3.49,1.00
2016.09.06 22:48:24.094,0.76772,0.76783,1.12,1.00
2016.09.06 22:48:24.145,0.76772,0.76784,2.62,1.00
2016.09.06 22:48:24.196,0.76773,0.76784,1.12,1.00
2016.09.06 22:48:24.501,0.76772,0.76784,4.20,1.00
2016.09.06 22:48:24.984,0.76773,0.76784,1.12,1.00
2016.09.06 22:48:25.601,0.76773,0.76784,1.87,1.00
2016.09.06 22:48:25.906,0.76773,0.76784,1.00,1.00
2016.09.06 22:48:25.958,0.76773,0.76784,1.00,1.50
2016.09.06 22:48:26.066,0.76773,0.76784,1.50,1.50
2016.09.06 22:48:26.270,0.76773,0.76784,1.00,1.00
2016.09.06 22:48:26.322,0.76772,0.76784,3.45,1.00
2016.09.06 22:48:26.526,0.76773,0.76784,1.00,1.00
2016.09.06 22:48:27.035,0.76772,0.76784,2.70,1.00
2016.09.06 22:48:27.086,0.76772,0.76784,3.45,1.00
2016.09.06 22:48:27.277,0.76773,0.76784,1.87,1.50
2016.09.06 22:48:27.328,0.76773,0.76784,1.00,1.50
2016.09.06 22:48:27.379,0.76772,0.76784,3.45,1.00
2016.09.06 22:48:27.467,0.76772,0.76784,4.20,1.00
2016.09.06 22:48:27.569,0.76772,0.76784,4.95,1.00
2016.09.06 22:48:27.874,0.76772,0.76784,4.20,1.00
2016.09.06 22:48:27.976,0.76772,0.76784,4.95,1.00
2016.09.06 22:48:28.078,0.76772,0.76784,4.12,1.00
2016.09.06 22:48:28.129,0.76773,0.76784,1.12,1.00
2016.09.06 22:48:28.282,0.76773,0.76784,1.87,1.50
2016.09.06 22:48:28.527,0.76773,0.76784,1.12,1.00
2016.09.06 22:48:28.699,0.76773,0.76784,1.87,1.00
2016.09.06 22:48:29.058,0.76773,0.76784,1.87,1.50
2016.09.06 22:48:29.160,0.76773,0.76784,2.62,1.50
2016.09.06 22:48:29.261,0.76773,0.76784,1.87,1.50
2016.09.06 22:48:29.488,0.76773,0.76784,1.87,1.00
2016.09.06 22:48:29.759,0.76773,0.76784,1.00,1.00
2016.09.06 22:48:29.912,0.76773,0.76784,1.87,1.00
2016.09.06 22:48:30.014,0.76773,0.76784,1.00,1.00
2016.09.06 22:48:30.227,0.76773,0.76784,1.87,1.00
2016.09.06 22:48:30.329,0.76773,0.76784,1.00,1.00
2016.09.06 22:48:30.583,0.76773,0.76784,1.50,1.50
2016.09.06 22:48:30.634,0.76773,0.76784,1.87,1.50
2016.09.06 22:48:30.685,0.76773,0.76784,1.12,1.00
2016.09.06 22:48:30.837,0.76772,0.76784,3.56,1.00
2016.09.06 22:48:30.939,0.76772,0.76784,2.81,1.00
2016.09.06 22:48:31.218,0.76773,0.76783,1.87,1.00
2016.09.06 22:48:32.200,0.76773,0.76783,1.00,1.00
2016.09.06 22:48:33.198,0.76773,0.76783,1.87,1.00
2016.09.06 22:48:33.402,0.76773,0.76783,1.00,1.00
2016.09.06 22:48:34.824,0.76773,0.76783,1.87,1.00
2016.09.06 22:48:35.189,0.76773,0.76783,2.62,1.00
2016.09.06 22:48:35.667,0.76773,0.76783,1.87,1.00
2016.09.06 22:48:36.298,0.76773,0.76783,1.00,1.00
2016.09.06 22:48:36.349,0.76772,0.76783,2.62,1.00
2016.09.06 22:48:36.400,0.76773,0.76783,1.12,1.00
2016.09.06 22:48:36.806,0.76772,0.76782,4.87,1.00
2016.09.06 22:48:36.858,0.76772,0.76782,4.87,1.00
2016.09.06 22:48:37.015,0.76772,0.76784,2.62,1.00
2016.09.06 22:48:37.180,0.76772,0.76784,2.62,1.00
2016.09.06 22:48:37.232,0.76772,0.76784,1.50,1.00
2016.09.06 22:48:37.283,0.76772,0.76784,1.50,1.00
2016.09.06 22:48:37.438,0.76773,0.76784,1.12,1.00
2016.09.06 22:48:40.030,0.76772,0.76784,1.50,1.00
2016.09.06 22:48:40.081,0.76772,0.76784,1.50,1.00
2016.09.06 22:48:40.957,0.76772,0.76784,1.50,1.00
2016.09.06 22:48:41.026,0.76771,0.76784,7.31,1.00
2016.09.06 22:48:41.077,0.76772,0.76784,1.50,1.00
2016.09.06 22:48:41.187,0.76772,0.76783,1.50,1.00
2016.09.06 22:48:41.848,0.76772,0.76783,1.50,1.00
2016.09.06 22:48:41.899,0.76771,0.76781,4.31,1.00
2016.09.06 22:48:41.973,0.76769,0.7678,2.44,1.00
2016.09.06 22:48:42.097,0.76769,0.7678,3.37,1.50
2016.09.06 22:48:42.148,0.76769,0.7678,3.00,1.00
2016.09.06 22:48:42.200,0.7677,0.76781,1.50,1.00
2016.09.06 22:48:50.215,0.7677,0.76782,1.50,3.00
2016.09.06 22:48:50.544,0.7677,0.76782,1.50,2.25
2016.09.06 22:48:50.646,0.7677,0.76782,1.50,3.00
2016.09.06 22:48:50.928,0.7677,0.76782,1.50,2.25
2016.09.06 22:48:54.197,0.7677,0.76781,2.25,1.00
2016.09.06 22:48:54.903,0.7677,0.76781,2.25,1.00
2016.09.06 22:48:55.005,0.7677,0.76783,1.50,2.25
2016.09.06 22:48:55.106,0.7677,0.76782,1.50,1.00
2016.09.06 22:48:55.208,0.7677,0.76782,2.25,1.00
2016.09.06 22:48:59.840,0.7677,0.76782,1.50,1.00
2016.09.06 22:49:00.237,0.7677,0.76782,2.25,1.00
2016.09.06 22:49:00.288,0.76771,0.76782,1.50,1.00
2016.09.06 22:49:00.339,0.76771,0.76783,3.00,1.00
2016.09.06 22:49:00.390,0.76771,0.76783,3.00,1.00
2016.09.06 22:49:00.441,0.76771,0.76784,3.00,1.00
2016.09.06 22:49:01.809,0.76771,0.76784,2.25,1.50
2016.09.06 22:49:01.976,0.76771,0.76784,3.00,1.00
2016.09.06 22:49:02.517,0.76772,0.76784,1.50,1.00
2016.09.06 22:49:12.077,0.76772,0.76784,1.50,1.30
2016.09.06 22:49:12.179,0.76772,0.76784,1.50,1.35
2016.09.06 22:49:13.425,0.76772,0.76783,1.50,1.00
2016.09.06 22:49:19.116,0.76773,0.76784,1.00,1.00
2016.09.06 22:49:19.220,0.76772,0.76784,3.75,1.00
2016.09.06 22:49:19.271,0.76772,0.76784,3.00,1.00
2016.09.06 22:49:19.474,0.76772,0.76786,2.62,3.00
2016.09.06 22:49:19.525,0.76772,0.76786,2.25,2.25
2016.09.06 22:49:19.628,0.76773,0.76784,1.00,1.00
2016.09.06 22:49:31.190,0.76772,0.76784,1.50,1.00
2016.09.06 22:49:32.175,0.76772,0.76786,2.25,3.19
2016.09.06 22:49:32.277,0.76772,0.76786,2.25,2.44
2016.09.06 22:49:32.329,0.76772,0.76786,2.25,1.69
2016.09.06 22:49:32.488,0.76772,0.76786,2.40,1.69
2016.09.06 22:49:32.592,0.76772,0.76786,2.40,1.50
2016.09.06 22:49:38.362,0.76772,0.76784,1.65,1.00
2016.09.06 22:49:38.463,0.76772,0.76785,1.57,1.00
2016.09.06 22:49:38.514,0.76772,0.76785,1.50,1.00
2016.09.06 22:49:40.185,0.76772,0.76785,1.50,1.12
2016.09.06 22:49:40.947,0.76772,0.76786,2.25,1.87
2016.09.06 22:49:40.998,0.76772,0.76786,2.25,2.66
2016.09.06 22:49:42.451,0.76773,0.76784,1.00,1.00
2016.09.06 22:49:42.654,0.76773,0.76785,1.00,1.12
2016.09.06 22:49:43.192,0.76772,0.76785,2.25,1.12
2016.09.06 22:49:49.055,0.76772,0.76784,2.25,1.00
2016.09.06 22:49:49.656,0.76774,0.76785,1.00,1.10
2016.09.06 22:49:50.816,0.76774,0.76785,1.00,1.00
2016.09.06 22:49:52.700,0.76772,0.76786,3.00,1.50
2016.09.06 22:49:52.751,0.76772,0.76786,3.00,1.87
2016.09.06 22:49:52.802,0.76773,0.76784,1.00,1.00
2016.09.06 22:49:52.903,0.76772,0.76784,2.25,1.00
2016.09.06 22:49:53.073,0.76772,0.76785,1.50,1.50
2016.09.06 22:49:57.125,0.76772,0.76785,2.25,1.00
2016.09.06 22:49:57.176,0.76772,0.76786,3.00,2.59
2016.09.06 22:49:57.227,0.76772,0.76786,3.00,1.65
2016.09.06 22:49:57.278,0.76772,0.76786,3.00,1.76
2016.09.06 22:49:57.330,0.76772,0.76786,3.00,1.69
2016.09.06 22:49:58.101,0.76772,0.76785,2.25,1.00
2016.09.06 22:50:00.853,0.76772,0.76785,2.25,1.00
2016.09.06 22:50:02.220,0.76772,0.76786,2.25,1.65
2016.09.06 22:50:03.899,0.76772,0.76786,2.25,2.81
2016.09.06 22:50:04.398,0.76772,0.76786,2.25,1.65
2016.09.06 22:50:08.814,0.76773,0.76785,1.00,1.00
2016.09.06 22:50:09.403,0.76772,0.76786,2.25,1.65
2016.09.06 22:50:09.658,0.76772,0.76786,2.25,2.02
2016.09.06 22:50:11.583,0.76772,0.76786,2.25,2.02
2016.09.06 22:50:11.634,0.76772,0.76785,2.25,1.12
2016.09.06 22:50:11.939,0.76772,0.76785,2.25,1.00
2016.09.06 22:50:12.878,0.76772,0.76785,2.25,1.00
2016.09.06 22:50:19.457,0.76772,0.76785,1.50,1.50
2016.09.06 22:50:19.508,0.76772,0.76785,1.50,1.50
2016.09.06 22:50:19.883,0.76772,0.76785,1.50,1.87
2016.09.06 22:50:19.934,0.76772,0.76785,1.00,1.87
2016.09.06 22:50:20.036,0.76772,0.76784,1.00,1.00
2016.09.06 22:50:20.529,0.76772,0.76784,2.25,1.00
2016.09.06 22:50:36.233,0.76772,0.76786,2.25,1.84
2016.09.06 22:50:37.077,0.76772,0.76786,2.25,2.21
2016.09.06 22:50:37.130,0.76772,0.76786,2.25,4.67
2016.09.06 22:50:37.202,0.76772,0.76785,1.50,1.12
2016.09.06 22:50:37.253,0.76772,0.76784,1.50,1.00
2016.09.06 22:50:37.355,0.76773,0.76786,1.50,4.49
2016.09.06 22:50:37.458,0.76773,0.76783,1.50,1.00
2016.09.06 22:50:37.645,0.76773,0.76785,1.50,1.20
2016.09.06 22:50:37.745,0.76773,0.76784,1.50,1.00
2016.09.06 22:50:37.948,0.76773,0.76786,1.50,4.01
2016.09.06 22:50:37.999,0.76773,0.76786,1.50,3.26
2016.09.06 22:50:38.050,0.76773,0.76786,1.50,3.19
2016.09.06 22:50:42.195,0.76773,0.76786,1.50,3.00
2016.09.06 22:50:43.952,0.76773,0.76784,1.50,1.00
2016.09.06 22:50:44.056,0.76773,0.76784,2.25,1.00
2016.09.06 22:50:44.158,0.76773,0.76785,2.25,1.12
2016.09.06 22:50:46.306,0.76773,0.76785,2.25,1.00
2016.09.06 22:50:51.153,0.76773,0.76785,2.25,1.50
2016.09.06 22:50:51.204,0.76773,0.76785,2.25,1.87
2016.09.06 22:50:51.255,0.76773,0.76785,1.50,1.87
2016.09.06 22:50:58.738,0.76773,0.76785,1.50,1.50
2016.09.06 22:51:00.058,0.76773,0.76785,1.50,1.87
2016.09.06 22:51:04.692,0.76773,0.76785,2.25,1.87
2016.09.06 22:51:05.278,0.76773,0.76785,2.25,1.12
2016.09.06 22:51:14.784,0.76774,0.76786,1.00,4.15
2016.09.06 22:51:14.835,0.76774,0.76786,1.00,3.02
2016.09.06 22:51:14.886,0.76774,0.76786,1.00,1.00
2016.09.06 22:51:21.714,0.76772,0.76786,2.25,1.00
2016.09.06 22:51:21.794,0.76772,0.76786,3.00,1.00
2016.09.06 22:51:21.845,0.76772,0.76786,3.00,1.00
2016.09.06 22:51:22.606,0.76774,0.76787,1.00,1.01
2016.09.06 22:51:22.657,0.76774,0.76787,1.00,1.69
2016.09.06 22:51:22.708,0.76774,0.76786,1.00,1.00
2016.09.06 22:51:22.759,0.76774,0.76786,1.12,1.00
2016.09.06 22:51:22.810,0.76773,0.76785,1.37,1.00
2016.09.06 22:51:22.861,0.76773,0.76785,1.12,1.00
2016.09.06 22:51:23.013,0.76772,0.76784,3.37,1.00
2016.09.06 22:51:28.697,0.76772,0.76786,3.37,1.50
2016.09.06 22:51:28.749,0.76772,0.76786,3.37,1.87
2016.09.06 22:51:28.800,0.76772,0.76784,2.62,1.00
2016.09.06 22:51:28.922,0.76772,0.76784,2.25,1.00
2016.09.06 22:51:29.227,0.76772,0.76785,2.25,1.50
2016.09.06 22:51:29.626,0.76772,0.76785,2.25,1.87
2016.09.06 22:51:37.422,0.76772,0.76784,1.50,1.00
2016.09.06 22:51:37.473,0.76772,0.76784,1.50,1.12
2016.09.06 22:51:37.829,0.76772,0.76785,1.50,1.37
2016.09.06 22:51:37.931,0.76772,0.76784,2.25,1.12
2016.09.06 22:51:39.781,0.76772,0.76784,2.25,1.00
2016.09.06 22:51:58.135,0.76772,0.76784,2.25,1.00
2016.09.06 22:51:59.277,0.76772,0.76784,2.25,1.00
2016.09.06 22:52:01.735,0.76772,0.76784,2.25,1.12
2016.09.06 22:52:01.837,0.76772,0.76786,2.25,2.25
2016.09.06 22:52:01.889,0.76772,0.76786,2.25,2.25
2016.09.06 22:52:03.208,0.76772,0.76786,2.25,4.16
2016.09.06 22:52:05.215,0.76772,0.76786,2.25,4.35
2016.09.06 22:52:06.622,0.76772,0.76786,2.25,2.44
2016.09.06 22:52:06.808,0.76772,0.76786,2.25,2.06
2016.09.06 22:52:07.584,0.76773,0.76786,1.00,1.62
2016.09.06 22:52:07.635,0.76773,0.76786,1.00,2.85
2016.09.06 22:52:07.686,0.76774,0.76785,1.00,1.12
2016.09.06 22:52:07.737,0.76774,0.76785,1.00,1.00
2016.09.06 22:52:08.673,0.76773,0.76786,1.00,2.47
2016.09.06 22:52:08.724,0.76773,0.76786,1.00,3.22
2016.09.06 22:52:08.775,0.76772,0.76785,2.25,1.00
2016.09.06 22:52:08.876,0.76772,0.76785,1.50,1.00
2016.09.06 22:52:08.978,0.76772,0.76785,2.25,1.00
2016.09.06 22:52:09.182,0.76772,0.76785,2.25,1.00
2016.09.06 22:52:09.356,0.76772,0.76785,1.50,1.00
2016.09.06 22:52:15.550,0.76772,0.76786,2.25,3.79
2016.09.06 22:52:15.601,0.76772,0.76784,1.50,1.00
2016.09.06 22:52:17.176,0.76772,0.76784,2.25,1.00
2016.09.06 22:52:20.207,0.76772,0.76785,2.25,1.12
2016.09.06 22:52:20.309,0.76772,0.76785,2.25,1.00
2016.09.06 22:52:25.398,0.76773,0.76785,1.00,1.12
2016.09.06 22:52:25.500,0.76773,0.76785,1.00,1.87
2016.09.06 22:52:26.768,0.76773,0.76785,1.00,2.10
2016.09.06 22:52:27.335,0.76773,0.76785,1.00,1.87
2016.09.06 22:52:27.437,0.76773,0.76785,1.00,2.10
2016.09.06 22:52:27.957,0.76773,0.76785,1.00,1.87
2016.09.06 22:52:29.688,0.76772,0.76784,1.00,1.00
2016.09.06 22:52:30.406,0.76772,0.76784,1.00,1.12
2016.09.06 22:52:31.029,0.76773,0.76784,1.50,1.12
2016.09.06 22:52:34.039,0.76773,0.76784,1.50,1.00
2016.09.06 22:52:34.141,0.76772,0.76784,3.00,1.00
2016.09.06 22:52:34.269,0.76773,0.76785,1.00,1.50
2016.09.06 22:52:34.320,0.76773,0.76785,1.00,1.50
2016.09.06 22:52:34.857,0.76773,0.76785,1.00,1.87
2016.09.06 22:52:36.406,0.76772,0.76785,2.25,1.87
2016.09.06 22:52:38.010,0.76772,0.76785,2.25,1.12
2016.09.06 22:52:38.244,0.76772,0.76785,2.25,1.20
2016.09.06 22:52:41.705,0.76773,0.76784,1.00,1.00
2016.09.06 22:52:41.816,0.76772,0.76784,2.25,1.00
2016.09.06 22:52:44.434,0.76772,0.76783,1.50,1.00
2016.09.06 22:52:44.536,0.76772,0.76784,1.50,1.12
2016.09.06 22:52:44.688,0.76772,0.76784,1.50,1.00
2016.09.06 22:52:45.147,0.76772,0.76785,1.50,1.95
2016.09.06 22:52:45.776,0.76772,0.76785,1.50,2.32
2016.09.06 22:52:46.176,0.76772,0.76785,1.50,1.95
2016.09.06 22:52:46.277,0.76772,0.76785,1.50,2.32
2016.09.06 22:52:46.582,0.76772,0.76785,1.50,1.95
2016.09.06 22:52:46.888,0.76772,0.76785,1.50,2.32
2016.09.06 22:52:47.494,0.76772,0.76785,1.50,1.95
2016.09.06 22:52:47.697,0.76772,0.76785,1.50,2.32
2016.09.06 22:52:51.206,0.76772,0.76785,1.50,4.61
2016.09.06 22:52:51.257,0.76772,0.76784,1.50,1.50
2016.09.06 22:52:53.436,0.76772,0.76785,1.50,3.82
2016.09.06 22:52:53.487,0.76773,0.76785,1.50,1.95
2016.09.06 22:52:53.537,0.76773,0.76785,1.50,1.47
2016.09.06 22:52:53.697,0.76773,0.76785,2.25,1.95
2016.09.06 22:52:53.799,0.76773,0.76785,2.25,1.47
2016.09.06 22:52:53.850,0.76773,0.76786,2.25,4.50
2016.09.06 22:52:53.901,0.76773,0.76786,2.25,4.12
2016.09.06 22:52:54.196,0.76773,0.76786,2.25,3.56
2016.09.06 22:52:54.463,0.76773,0.76786,2.25,4.12
2016.09.06 22:52:54.596,0.76773,0.76786,2.25,3.56
2016.09.06 22:52:55.701,0.76773,0.76786,2.25,4.12
2016.09.06 22:52:55.764,0.76773,0.76786,2.25,3.56
2016.09.06 22:52:57.466,0.76773,0.76786,2.25,4.12
2016.09.06 22:52:57.581,0.76773,0.76786,2.25,3.56
2016.09.06 22:52:58.776,0.76773,0.76786,2.25,4.12
2016.09.06 22:52:59.010,0.76773,0.76786,2.25,4.35
2016.09.06 22:52:59.251,0.76773,0.76786,1.50,5.10
2016.09.06 22:52:59.302,0.76773,0.76784,1.50,1.00
2016.09.06 22:52:59.942,0.76773,0.76784,1.50,1.50
2016.09.06 22:53:00.402,0.76772,0.76784,1.00,1.50
2016.09.06 22:53:01.965,0.76771,0.76784,1.69,1.50
2016.09.06 22:53:02.816,0.76772,0.76784,1.00,1.37
2016.09.06 22:53:02.867,0.76772,0.76784,1.00,1.37
2016.09.06 22:53:03.819,0.76772,0.76784,1.00,1.12
2016.09.06 22:53:05.870,0.76772,0.76784,1.00,1.12
2016.09.06 22:53:06.629,0.76772,0.76784,1.00,1.37
2016.09.06 22:53:08.584,0.76773,0.76784,1.00,1.37
2016.09.06 22:53:08.635,0.76773,0.76784,2.25,1.12
2016.09.06 22:53:08.685,0.76773,0.76784,2.25,1.12
2016.09.06 22:53:08.788,0.76773,0.76784,2.25,1.00
2016.09.06 22:53:08.890,0.76773,0.76784,2.25,1.00
2016.09.06 22:53:08.941,0.76773,0.76784,1.50,1.00
2016.09.06 22:53:11.654,0.76773,0.76784,1.50,1.12
2016.09.06 22:53:11.992,0.76773,0.76785,2.25,1.47
2016.09.06 22:53:12.093,0.76773,0.76785,2.25,1.37
2016.09.06 22:53:12.887,0.76773,0.76784,1.50,1.50
2016.09.06 22:53:12.938,0.76773,0.76784,1.50,1.87
2016.09.06 22:53:12.989,0.76773,0.76785,1.50,2.62
2016.09.06 22:53:13.056,0.76772,0.76784,1.50,1.50
2016.09.06 22:53:14.498,0.76772,0.76783,1.50,1.50
2016.09.06 22:53:14.600,0.76772,0.76782,1.50,1.37
2016.09.06 22:53:15.109,0.76772,0.76783,1.50,1.37
2016.09.06 22:53:15.684,0.76772,0.76784,1.50,2.32
2016.09.06 22:53:15.786,0.76772,0.76783,2.25,1.37
2016.09.06 22:53:16.489,0.76772,0.76784,1.50,2.32
2016.09.06 22:53:19.813,0.76772,0.76783,1.50,1.37
2016.09.06 22:53:19.864,0.76772,0.76784,1.50,2.32
2016.09.06 22:53:19.915,0.76772,0.76783,1.50,1.50
2016.09.06 22:53:20.276,0.76772,0.76783,2.25,1.50
2016.09.06 22:53:21.904,0.76772,0.76784,1.50,2.70
2016.09.06 22:53:22.005,0.76772,0.76783,1.50,1.37
2016.09.06 22:53:22.107,0.76772,0.76784,1.50,1.87
2016.09.06 22:53:25.106,0.76772,0.76784,1.50,1.50
2016.09.06 22:53:25.865,0.76772,0.76784,2.25,1.50
2016.09.06 22:53:28.908,0.76772,0.76784,2.25,1.50
2016.09.06 22:53:30.085,0.76773,0.76784,1.00,1.50
2016.09.06 22:53:30.288,0.76772,0.76785,1.50,4.42
2016.09.06 22:53:31.602,0.76772,0.76785,1.50,3.82
2016.09.06 22:53:34.997,0.76772,0.76784,1.50,1.00
2016.09.06 22:53:35.048,0.76772,0.76785,1.50,3.82
2016.09.06 22:53:37.659,0.76772,0.76785,1.50,3.45
2016.09.06 22:53:38.655,0.76772,0.76785,1.50,3.82
2016.09.06 22:53:39.055,0.76772,0.76785,1.50,3.45
2016.09.06 22:53:40.447,0.76772,0.76785,1.50,3.82
2016.09.06 22:53:41.552,0.76772,0.76785,1.50,3.45
2016.09.06 22:53:41.953,0.76772,0.76785,1.50,3.82
2016.09.06 22:53:42.054,0.76772,0.76785,1.50,3.45
2016.09.06 22:53:42.262,0.76772,0.76785,1.50,3.82
2016.09.06 22:53:43.555,0.76772,0.76785,1.50,4.42
2016.09.06 22:53:44.112,0.76772,0.76785,2.25,3.67
2016.09.06 22:53:44.163,0.76772,0.76785,2.25,3.07
2016.09.06 22:53:47.779,0.76772,0.76785,2.25,2.70
2016.09.06 22:53:48.997,0.76772,0.76784,1.00,1.87
2016.09.06 22:53:49.048,0.76771,0.76784,2.44,5.25
2016.09.06 22:53:49.099,0.76771,0.76784,1.25,3.07
2016.09.06 22:53:49.150,0.7677,0.76783,2.81,1.37
2016.09.06 22:53:49.201,0.7677,0.76783,2.81,1.50
2016.09.06 22:53:49.253,0.7677,0.76782,2.44,1.00
2016.09.06 22:53:49.354,0.7677,0.76783,3.19,1.00
2016.09.06 22:53:49.406,0.76772,0.76783,1.50,1.00
2016.09.06 22:53:49.519,0.7677,0.76781,2.81,1.00
2016.09.06 22:53:49.673,0.7677,0.76781,1.69,1.00
2016.09.06 22:53:50.145,0.7677,0.76784,2.44,1.95
2016.09.06 22:53:50.196,0.76771,0.76784,1.69,1.57
2016.09.06 22:53:50.247,0.76771,0.76784,1.69,1.57
2016.09.06 22:53:50.349,0.76771,0.76784,2.44,1.57
2016.09.06 22:53:50.399,0.76771,0.76784,2.44,1.50
2016.09.06 22:53:50.501,0.76771,0.76785,2.44,2.02
2016.09.06 22:53:51.467,0.76771,0.76783,2.44,1.00
2016.09.06 22:53:53.469,0.76771,0.76783,2.44,1.50
2016.09.06 22:53:53.520,0.76772,0.76781,1.50,1.00
2016.09.06 22:53:53.572,0.76772,0.76781,1.50,1.50
2016.09.06 22:53:53.624,0.76771,0.76781,1.69,1.50
2016.09.06 22:53:53.675,0.76771,0.76781,1.69,1.50
2016.09.06 22:53:53.828,0.76767,0.7678,3.94,1.50
2016.09.06 22:53:53.879,0.76767,0.76778,1.31,1.00
2016.09.06 22:53:53.930,0.76765,0.76778,2.81,2.25
2016.09.06 22:53:53.981,0.76764,0.76778,2.04,2.25
2016.09.06 22:53:54.101,0.76764,0.76778,1.39,1.50
2016.09.06 22:53:54.153,0.76764,0.76777,1.39,1.00
2016.09.06 22:53:54.254,0.76765,0.76777,1.01,1.50
2016.09.06 22:53:55.148,0.76763,0.76775,4.69,1.00
2016.09.06 22:53:55.200,0.76763,0.76776,2.44,1.50
2016.09.06 22:53:55.318,0.76762,0.76774,1.94,1.50
2016.09.06 22:53:55.371,0.76762,0.76774,1.10,1.50
2016.09.06 22:53:55.473,0.76761,0.76773,2.62,1.00
2016.09.06 22:53:55.575,0.76761,0.76772,2.25,1.00
2016.09.06 22:53:55.626,0.76761,0.76772,2.25,1.00
2016.09.06 22:53:55.769,0.76761,0.76774,2.47,1.00
2016.09.06 22:53:55.820,0.76762,0.76775,1.87,1.00
2016.09.06 22:53:55.871,0.76762,0.76776,1.87,2.25
2016.09.06 22:53:55.922,0.76762,0.76776,2.32,2.25
2016.09.06 22:53:55.973,0.76763,0.76776,1.10,1.50
2016.09.06 22:53:56.024,0.76763,0.76776,1.20,1.50
2016.09.06 22:53:56.075,0.76762,0.76776,4.72,1.50
2016.09.06 22:53:56.126,0.76762,0.76776,4.72,1.00
2016.09.06 22:53:56.286,0.76762,0.76776,4.72,1.50
2016.09.06 22:53:56.337,0.76762,0.76776,4.50,2.25
2016.09.06 22:53:56.388,0.76762,0.76776,4.12,2.25
2016.09.06 22:53:56.643,0.76762,0.76774,4.12,1.00
2016.09.06 22:53:57.303,0.76764,0.76774,1.50,1.00
2016.09.06 22:53:57.354,0.76764,0.76776,1.50,1.50
2016.09.06 22:53:57.481,0.76764,0.76776,1.50,1.00
2016.09.06 22:53:57.733,0.76764,0.76775,1.50,1.00
2016.09.06 22:53:57.784,0.76764,0.76775,1.50,1.00
2016.09.06 22:53:57.835,0.76761,0.76773,4.35,1.00
2016.09.06 22:53:57.887,0.76761,0.76773,2.17,1.00
2016.09.06 22:53:57.938,0.76761,0.76773,1.80,1.00
2016.09.06 22:53:58.090,0.76761,0.76773,1.30,1.00
2016.09.06 22:53:58.143,0.76761,0.76773,1.00,1.00
2016.09.06 22:53:58.397,0.76762,0.76773,1.00,1.00
2016.09.06 22:53:58.448,0.76763,0.76775,1.00,1.50
2016.09.06 22:53:58.500,0.76763,0.76775,1.50,1.00
2016.09.06 22:53:58.602,0.76763,0.76776,1.50,1.87
2016.09.06 22:53:58.656,0.76763,0.76776,1.50,1.00
2016.09.06 22:53:58.758,0.76763,0.76776,1.00,1.00
2016.09.06 22:53:59.362,0.76763,0.76776,1.00,1.12
2016.09.06 22:53:59.862,0.76763,0.76776,1.00,1.00
2016.09.06 22:54:01.875,0.76763,0.76776,1.00,1.12
2016.09.06 22:54:03.278,0.76768,0.76776,1.10,1.00
2016.09.06 22:54:03.329,0.76769,0.76776,2.25,1.00
2016.09.06 22:54:03.380,0.76769,0.76777,1.57,1.00
2016.09.06 22:54:03.431,0.76769,0.76779,2.70,1.00
2016.09.06 22:54:03.482,0.76769,0.76779,4.12,1.00
2016.09.06 22:54:03.584,0.7677,0.76779,1.20,1.00
2016.09.06 22:54:03.737,0.7677,0.76781,1.20,1.00
2016.09.06 22:54:04.272,0.7677,0.76782,1.20,1.00
2016.09.06 22:54:04.374,0.76769,0.76781,1.57,1.00
2016.09.06 22:54:04.476,0.76768,0.7678,1.87,1.00
2016.09.06 22:54:04.527,0.76768,0.7678,1.50,1.00
2016.09.06 22:54:04.578,0.76768,0.76779,1.10,1.00
2016.09.06 22:54:04.680,0.76768,0.76778,1.10,1.00
2016.09.06 22:54:04.731,0.76768,0.76778,1.57,1.00
2016.09.06 22:54:04.782,0.76769,0.76778,1.00,1.00
2016.09.06 22:54:04.834,0.76769,0.76781,3.07,1.00
2016.09.06 22:54:04.885,0.7677,0.76781,1.00,1.00
2016.09.06 22:54:04.935,0.7677,0.76781,1.10,1.00
2016.09.06 22:54:04.987,0.76771,0.76781,1.00,1.00
2016.09.06 22:54:06.520,0.76771,0.76781,2.25,1.00
2016.09.06 22:54:07.940,0.76771,0.76781,2.32,1.00
2016.09.06 22:54:07.991,0.76771,0.76781,2.40,1.00
2016.09.06 22:54:08.350,0.76771,0.76781,1.20,1.00
2016.09.06 22:54:10.482,0.76771,0.76781,1.20,1.12
2016.09.06 22:54:10.533,0.76771,0.76779,1.20,1.00
2016.09.06 22:54:10.584,0.76769,0.76779,1.01,1.00
2016.09.06 22:54:10.635,0.76768,0.76779,3.56,1.00
2016.09.06 22:54:10.686,0.76768,0.76779,3.19,1.00
2016.09.06 22:54:10.737,0.76768,0.76779,2.51,1.00
2016.09.06 22:54:12.273,0.76769,0.76779,1.25,1.00
2016.09.06 22:54:20.033,0.76769,0.7678,1.25,1.12
2016.09.06 22:54:20.135,0.7677,0.76783,1.50,2.81
2016.09.06 22:54:20.187,0.76773,0.76783,1.00,1.25
2016.09.06 22:54:20.306,0.76773,0.76784,1.00,1.69
2016.09.06 22:54:21.874,0.76773,0.76784,1.00,1.69
2016.09.06 22:54:21.976,0.76771,0.76784,1.12,1.69
2016.09.06 22:54:22.628,0.76771,0.76784,1.00,1.69
2016.09.06 22:54:23.235,0.76771,0.76784,1.12,1.69
2016.09.06 22:54:23.540,0.76771,0.76784,1.00,1.69
2016.09.06 22:54:24.718,0.76771,0.76784,1.00,2.06
2016.09.06 22:54:27.966,0.76771,0.76784,1.12,2.06
2016.09.06 22:54:28.227,0.76771,0.76784,1.12,1.69
2016.09.06 22:54:28.329,0.76771,0.76784,1.00,1.69
2016.09.06 22:54:32.700,0.76771,0.76784,1.00,1.69
2016.09.06 22:54:33.158,0.76771,0.76785,1.00,2.81
2016.09.06 22:54:41.731,0.76772,0.76785,1.00,2.81
2016.09.06 22:54:41.893,0.76771,0.76785,1.00,2.81
2016.09.06 22:54:43.642,0.76771,0.76785,1.12,2.81
2016.09.06 22:54:44.167,0.76771,0.76785,1.00,2.81
2016.09.06 22:54:44.476,0.76771,0.76785,1.12,2.81
2016.09.06 22:54:44.870,0.76771,0.76785,1.00,2.81
2016.09.06 22:54:44.921,0.76771,0.76785,1.00,2.81
2016.09.06 22:54:44.972,0.76771,0.76785,1.12,2.81
2016.09.06 22:54:45.024,0.76771,0.76785,1.12,2.81
2016.09.06 22:54:45.166,0.76771,0.76785,1.00,2.81
2016.09.06 22:54:45.644,0.76771,0.76785,1.12,2.81
2016.09.06 22:54:46.150,0.76771,0.76785,1.00,2.81
2016.09.06 22:54:46.591,0.76771,0.76785,1.12,2.81
2016.09.06 22:54:47.147,0.76771,0.76785,1.00,2.81
2016.09.06 22:54:47.350,0.76771,0.76785,1.12,2.81
2016.09.06 22:54:47.795,0.76771,0.76785,1.00,2.81
2016.09.06 22:54:47.948,0.76771,0.76785,1.12,2.81
2016.09.06 22:54:48.832,0.76771,0.76785,1.12,3.56
2016.09.06 22:54:48.883,0.76771,0.76785,1.00,3.56
2016.09.06 22:54:49.801,0.76771,0.76785,1.00,2.81
2016.09.06 22:54:49.852,0.76771,0.76785,1.12,2.81
2016.09.06 22:54:50.383,0.76771,0.76785,1.00,2.81
2016.09.06 22:54:50.627,0.76771,0.76785,1.12,2.81
2016.09.06 22:54:52.163,0.76771,0.76785,1.00,2.81
2016.09.06 22:54:52.589,0.76771,0.76785,1.12,2.81
2016.09.06 22:54:52.693,0.76771,0.76785,1.12,2.44
2016.09.06 22:54:52.745,0.76772,0.76785,1.00,2.44
2016.09.06 22:54:53.742,0.76772,0.76785,1.00,2.81
2016.09.06 22:54:56.317,0.76772,0.76784,1.00,1.31
2016.09.06 22:54:58.771,0.76772,0.76784,1.00,1.31
2016.09.06 22:54:58.924,0.76772,0.76784,1.00,1.25
2016.09.06 22:54:59.427,0.76773,0.76784,1.00,1.25
2016.09.06 22:55:00.123,0.76774,0.76785,1.00,2.06
2016.09.06 22:55:00.174,0.76774,0.76785,1.00,2.06
2016.09.06 22:55:00.225,0.76774,0.76786,1.00,3.71
2016.09.06 22:55:00.276,0.76774,0.76786,1.00,3.34
2016.09.06 22:55:02.202,0.76773,0.76786,1.00,3.34
2016.09.06 22:55:04.839,0.76773,0.76786,1.00,2.96
2016.09.06 22:55:05.721,0.76773,0.76786,1.00,2.21
2016.09.06 22:55:06.229,0.76774,0.76786,1.00,2.21
2016.09.06 22:55:11.900,0.76774,0.76785,1.00,1.31
2016.09.06 22:55:12.502,0.76773,0.76785,1.00,1.31
2016.09.06 22:55:12.554,0.76775,0.76785,1.00,1.31
2016.09.06 22:55:12.605,0.76775,0.76785,1.00,1.19
2016.09.06 22:55:16.877,0.76775,0.76785,1.00,1.31
2016.09.06 22:55:18.867,0.76775,0.76785,1.00,1.19
2016.09.06 22:55:19.298,0.76775,0.76785,1.00,1.19
2016.09.06 22:55:24.175,0.76773,0.76785,1.00,1.19
2016.09.06 22:55:28.742,0.76773,0.76785,1.00,1.19
2016.09.06 22:55:29.930,0.76773,0.76785,1.00,1.19
2016.09.06 22:55:30.758,0.76773,0.76785,1.00,1.19
2016.09.06 22:55:36.724,0.76773,0.76786,1.00,2.81
2016.09.06 22:55:36.775,0.76773,0.76786,1.00,2.81
2016.09.06 22:55:36.878,0.76773,0.76786,1.00,2.81
2016.09.06 22:55:42.586,0.76773,0.76785,1.00,1.19
2016.09.06 22:55:42.687,0.76772,0.76785,1.00,1.19
2016.09.06 22:55:42.992,0.76772,0.76785,1.00,1.56
2016.09.06 22:55:43.751,0.76772,0.76785,1.00,1.56
2016.09.06 22:55:50.408,0.76772,0.76785,1.00,1.31
2016.09.06 22:55:57.758,0.76772,0.76785,1.00,2.06
2016.09.06 22:55:59.213,0.76772,0.76785,1.00,1.31
2016.09.06 22:56:00.216,0.76772,0.76785,1.00,2.06
2016.09.06 22:56:00.920,0.76773,0.76785,1.00,2.06
2016.09.06 22:56:01.022,0.76773,0.76785,1.00,2.06
2016.09.06 22:56:02.220,0.76773,0.76784,1.00,1.25
2016.09.06 22:56:05.227,0.76773,0.76783,1.00,1.00
2016.09.06 22:56:05.828,0.76772,0.76783,1.00,1.00
2016.09.06 22:56:06.227,0.76772,0.76784,1.00,1.25
2016.09.06 22:56:06.736,0.76773,0.76784,1.00,1.25
2016.09.06 22:56:07.274,0.76773,0.76785,1.00,1.31
2016.09.06 22:56:11.291,0.76773,0.76786,1.00,4.09
2016.09.06 22:56:12.944,0.76773,0.76786,1.00,5.21
2016.09.06 22:56:13.045,0.76773,0.76786,1.00,4.46
2016.09.06 22:56:13.231,0.76773,0.76785,1.00,1.31
2016.09.06 22:56:13.895,0.76773,0.76785,1.00,2.06
2016.09.06 22:56:13.946,0.76773,0.76785,1.00,1.69
2016.09.06 22:56:14.990,0.76773,0.76785,1.00,1.19
2016.09.06 22:56:15.042,0.76773,0.76785,1.00,1.31
2016.09.06 22:56:15.144,0.76773,0.76785,1.00,1.19
2016.09.06 22:56:15.245,0.76773,0.76786,1.00,1.46
2016.09.06 22:56:15.906,0.76773,0.76785,1.00,1.19
2016.09.06 22:56:15.957,0.76774,0.76785,1.00,1.19
2016.09.06 22:56:16.059,0.76774,0.76785,1.00,1.19
2016.09.06 22:56:19.657,0.76774,0.76785,1.00,1.31
2016.09.06 22:56:20.883,0.76773,0.76785,1.00,1.31
2016.09.06 22:56:21.239,0.76773,0.76785,1.00,1.19
2016.09.06 22:56:21.341,0.76773,0.76784,1.00,1.25
2016.09.06 22:56:21.961,0.76774,0.76784,1.00,1.25
2016.09.06 22:56:24.166,0.76773,0.76784,1.00,1.25
2016.09.06 22:56:24.268,0.76772,0.76784,1.00,1.31
2016.09.06 22:56:24.370,0.76772,0.76785,1.00,1.56
2016.09.06 22:56:28.673,0.76772,0.76785,1.00,1.56
2016.09.06 22:56:28.777,0.76772,0.76785,1.00,1.56
2016.09.06 22:56:29.279,0.76772,0.76785,1.00,1.56
2016.09.06 22:56:29.381,0.76772,0.76784,1.00,1.56
2016.09.06 22:56:29.499,0.76772,0.76784,1.00,1.56
2016.09.06 22:56:32.254,0.76771,0.76784,1.00,1.56
2016.09.06 22:56:32.355,0.76771,0.76784,1.00,1.56
2016.09.06 22:56:33.479,0.76771,0.76784,1.00,2.81
2016.09.06 22:56:33.878,0.76771,0.76784,1.00,2.44
2016.09.06 22:56:34.475,0.76771,0.76784,1.00,1.19
2016.09.06 22:56:37.707,0.76771,0.76784,1.00,1.56
2016.09.06 22:56:39.261,0.76773,0.76784,1.00,1.56
2016.09.06 22:56:39.312,0.76773,0.76784,1.00,1.19
2016.09.06 22:56:40.469,0.76772,0.76784,1.00,1.19
2016.09.06 22:56:42.384,0.76772,0.76783,1.00,1.25
2016.09.06 22:56:45.282,0.76771,0.76783,1.12,1.25
2016.09.06 22:56:45.384,0.76772,0.76783,1.00,1.25
2016.09.06 22:56:45.916,0.76771,0.76783,1.00,1.25
2016.09.06 22:56:46.386,0.76773,0.76783,1.00,1.25
2016.09.06 22:56:46.436,0.76773,0.76784,1.00,1.69
2016.09.06 22:56:48.075,0.76772,0.76784,1.00,1.69
2016.09.06 22:56:48.299,0.76772,0.76784,1.00,1.19
2016.09.06 22:56:48.402,0.76772,0.76785,1.00,1.19
2016.09.06 22:56:50.382,0.76771,0.76785,2.25,1.19
2016.09.06 22:56:50.433,0.76771,0.76784,1.12,1.31
2016.09.06 22:56:50.617,0.76771,0.76784,1.00,1.31
2016.09.06 22:56:51.399,0.76771,0.76785,1.00,3.19
2016.09.06 22:56:51.932,0.76771,0.76785,1.00,1.56
2016.09.06 22:56:52.034,0.76771,0.76785,1.12,1.56
2016.09.06 22:56:52.670,0.76771,0.76784,1.12,1.31
2016.09.06 22:56:52.722,0.7677,0.76784,1.37,1.31
2016.09.06 22:56:52.773,0.7677,0.76784,1.12,1.31
2016.09.06 22:56:53.304,0.76771,0.76784,1.00,1.31
2016.09.06 22:56:53.406,0.76771,0.76783,1.00,1.00
2016.09.06 22:56:54.307,0.76771,0.76783,1.00,1.00
2016.09.06 22:56:54.358,0.76771,0.76783,1.12,1.12
2016.09.06 22:56:54.409,0.76771,0.76784,1.12,1.62
2016.09.06 22:56:55.679,0.76771,0.76784,1.00,1.62
2016.09.06 22:56:55.914,0.7677,0.76784,1.12,1.62
2016.09.06 22:56:55.965,0.7677,0.76784,1.00,1.62
2016.09.06 22:56:56.016,0.76771,0.76784,1.00,1.62
2016.09.06 22:56:56.067,0.76771,0.76784,1.00,4.69
2016.09.06 22:56:56.168,0.76771,0.76784,1.00,1.62
2016.09.06 22:56:56.321,0.76771,0.76784,1.00,1.62
2016.09.06 22:56:56.717,0.76771,0.76784,1.00,1.62
2016.09.06 22:56:56.870,0.76771,0.76784,1.00,1.31
2016.09.06 22:56:56.921,0.76771,0.76784,1.00,1.31
2016.09.06 22:57:00.931,0.76771,0.76784,1.00,1.31
2016.09.06 22:57:01.035,0.76771,0.76784,1.00,1.31
2016.09.06 22:57:01.736,0.76771,0.76784,1.00,1.31
2016.09.06 22:57:03.211,0.76771,0.76784,1.00,1.31
2016.09.06 22:57:03.464,0.76771,0.76783,1.00,1.00
2016.09.06 22:57:05.050,0.76771,0.76783,1.00,1.00
2016.09.06 22:57:05.100,0.76772,0.76783,1.00,1.00
2016.09.06 22:57:05.921,0.76774,0.76783,1.00,1.00
2016.09.06 22:57:06.067,0.76774,0.76785,1.00,1.29
2016.09.06 22:57:06.118,0.76772,0.76785,1.00,1.29
2016.09.06 22:57:18.087,0.76772,0.76785,1.00,2.14
2016.09.06 22:57:18.139,0.76774,0.76785,1.00,2.14
2016.09.06 22:57:22.165,0.76774,0.76784,1.00,1.19
2016.09.06 22:57:23.126,0.76775,0.76784,1.00,1.19
2016.09.06 22:57:23.177,0.76775,0.76785,1.00,1.39
2016.09.06 22:57:23.749,0.76773,0.76785,1.00,1.39
2016.09.06 22:57:25.133,0.76774,0.76785,1.00,1.39
2016.09.06 22:57:26.193,0.76774,0.76785,1.00,1.29
2016.09.06 22:57:27.157,0.76773,0.76785,1.00,1.29
2016.09.06 22:57:28.410,0.76773,0.76785,1.00,1.39
2016.09.06 22:57:32.173,0.76772,0.76785,1.50,1.39
2016.09.06 22:57:33.127,0.76773,0.76785,1.00,1.39
2016.09.06 22:57:33.284,0.76773,0.76786,1.00,3.94
2016.09.06 22:57:35.701,0.76773,0.76786,1.00,2.81
2016.09.06 22:57:38.342,0.76774,0.76786,1.00,2.81
2016.09.06 22:57:38.393,0.76774,0.76786,1.00,3.94
2016.09.06 22:57:38.495,0.76773,0.76786,1.00,4.69
2016.09.06 22:57:38.599,0.76772,0.76786,1.00,3.56
2016.09.06 22:57:40.895,0.76774,0.76786,1.00,1.69
2016.09.06 22:57:41.000,0.76774,0.76785,1.00,1.76
2016.09.06 22:57:42.180,0.76774,0.76785,1.50,1.76
2016.09.06 22:57:43.138,0.76774,0.76785,1.50,2.14
2016.09.06 22:57:43.240,0.76774,0.76785,1.00,2.14
2016.09.06 22:57:44.144,0.76772,0.76785,2.25,2.14
2016.09.06 22:57:44.195,0.76772,0.76784,2.25,1.25
2016.09.06 22:57:45.343,0.76772,0.76784,1.00,1.25
2016.09.06 22:57:49.363,0.76772,0.76784,1.00,1.69
2016.09.06 22:57:49.465,0.76771,0.76781,1.50,1.00
2016.09.06 22:57:49.548,0.76771,0.76777,1.00,1.00
2016.09.06 22:57:49.600,0.76768,0.76777,1.50,1.00
2016.09.06 22:57:49.652,0.76765,0.76776,1.12,1.00
2016.09.06 22:57:49.754,0.76765,0.76776,1.00,1.12
2016.09.06 22:57:49.857,0.76766,0.76776,1.00,1.00
2016.09.06 22:57:50.061,0.76765,0.76776,1.12,1.00
2016.09.06 22:57:50.164,0.76766,0.76776,1.00,1.00
2016.09.06 22:57:50.215,0.76766,0.76776,1.12,1.00
2016.09.06 22:57:50.407,0.76766,0.76776,1.00,1.00
2016.09.06 22:57:51.656,0.76765,0.76776,1.12,1.00
2016.09.06 22:57:52.357,0.76766,0.76777,1.00,2.25
2016.09.06 22:57:53.014,0.76766,0.76777,1.00,2.25
2016.09.06 22:57:53.143,0.76766,0.76777,1.00,1.00
2016.09.06 22:57:56.978,0.76765,0.76777,1.12,1.50
2016.09.06 22:57:57.029,0.76765,0.76777,1.12,1.50
2016.09.06 22:57:57.081,0.76764,0.76777,1.37,2.25
2016.09.06 22:57:57.384,0.76764,0.76777,1.37,1.50
2016.09.06 22:57:57.488,0.76766,0.76777,1.12,1.00
2016.09.06 22:57:57.641,0.76766,0.76777,1.00,1.00
2016.09.06 22:57:57.998,0.76766,0.76777,1.00,2.25
2016.09.06 22:57:58.633,0.76766,0.76773,1.00,1.00
2016.09.06 22:57:58.685,0.76761,0.76771,2.70,1.12
2016.09.06 22:57:58.737,0.76761,0.76771,1.50,2.25
2016.09.06 22:57:58.788,0.76763,0.76771,1.00,1.12
2016.09.06 22:57:58.840,0.76763,0.76773,1.00,1.12
2016.09.06 22:57:58.891,0.76762,0.76773,1.00,1.00
2016.09.06 22:57:59.107,0.76762,0.76775,1.00,1.69
2016.09.06 22:57:59.532,0.76763,0.76775,1.00,1.69
2016.09.06 22:58:01.188,0.76762,0.76775,1.00,1.69
2016.09.06 22:58:01.239,0.76762,0.76775,1.00,2.81
2016.09.06 22:58:01.290,0.76762,0.76773,1.00,1.00
2016.09.06 22:58:03.396,0.76761,0.76774,1.10,1.00
2016.09.06 22:58:03.499,0.76762,0.76774,1.00,1.00
2016.09.06 22:58:03.922,0.76762,0.76774,1.00,1.12
2016.09.06 22:58:04.440,0.76763,0.76774,1.00,1.12
2016.09.06 22:58:05.865,0.76763,0.76774,1.00,1.50
2016.09.06 22:58:05.967,0.76762,0.76773,1.00,1.00
2016.09.06 22:58:06.070,0.76761,0.76774,2.32,1.00
2016.09.06 22:58:06.121,0.76761,0.76775,2.32,2.06
2016.09.06 22:58:06.172,0.76764,0.76776,1.00,4.76
2016.09.06 22:58:06.273,0.76765,0.76776,1.00,4.20
2016.09.06 22:58:06.375,0.76765,0.76776,1.00,3.07
2016.09.06 22:58:06.528,0.76766,0.76776,1.00,3.00
2016.09.06 22:58:06.579,0.76766,0.76776,1.00,3.37
2016.09.06 22:58:07.102,0.76766,0.76776,1.00,1.87
2016.09.06 22:58:07.255,0.76766,0.76776,1.00,1.12
2016.09.06 22:58:08.066,0.76766,0.76776,1.00,2.62
2016.09.06 22:58:08.400,0.76766,0.76776,1.00,2.25
2016.09.06 22:58:11.431,0.76766,0.76776,1.00,1.50
2016.09.06 22:58:12.258,0.76766,0.76776,1.00,2.25
2016.09.06 22:58:13.276,0.76766,0.76776,1.00,1.50
2016.09.06 22:58:13.378,0.76766,0.76776,1.00,1.87
2016.09.06 22:58:14.392,0.76766,0.76776,1.00,1.50
2016.09.06 22:58:16.405,0.76766,0.76776,1.00,2.25
2016.09.06 22:58:16.714,0.76766,0.76776,1.00,1.87
2016.09.06 22:58:19.671,0.76766,0.76776,1.00,1.50
2016.09.06 22:58:20.183,0.76765,0.76776,1.00,1.50
2016.09.06 22:58:21.241,0.76765,0.76776,1.00,1.50
2016.09.06 22:58:21.292,0.76769,0.76778,1.00,1.19
2016.09.06 22:58:21.370,0.76769,0.7678,1.00,2.25
2016.09.06 22:58:21.421,0.76769,0.76781,1.50,1.87
2016.09.06 22:58:21.473,0.76769,0.76782,1.87,3.64
2016.09.06 22:58:21.525,0.76771,0.7678,1.00,1.00
2016.09.06 22:58:21.729,0.7677,0.7678,1.12,1.00
2016.09.06 22:58:21.780,0.7677,0.7678,1.00,1.00
2016.09.06 22:58:22.633,0.7677,0.76781,1.00,1.00
2016.09.06 22:58:22.684,0.7677,0.76784,1.37,2.14
2016.09.06 22:58:22.736,0.76773,0.76783,1.00,1.19
2016.09.06 22:58:22.787,0.76773,0.76783,1.00,1.00
2016.09.06 22:58:22.838,0.76773,0.76785,1.00,1.39
2016.09.06 22:58:23.295,0.76773,0.76784,1.00,1.25
2016.09.06 22:58:23.346,0.76773,0.76781,1.00,1.00
2016.09.06 22:58:23.398,0.76769,0.76781,2.44,1.00
2016.09.06 22:58:23.449,0.76769,0.76783,1.56,2.25
2016.09.06 22:58:23.572,0.76773,0.76784,1.00,1.25
2016.09.06 22:58:23.990,0.76773,0.76786,1.00,5.06
2016.09.06 22:58:25.478,0.76773,0.76786,1.00,5.81
2016.09.06 22:58:29.544,0.76773,0.76786,1.00,5.81
2016.09.06 22:58:29.696,0.76773,0.76786,1.00,2.06
2016.09.06 22:58:30.382,0.76773,0.76786,1.00,3.19
2016.09.06 22:58:30.433,0.76774,0.76786,1.00,2.81
2016.09.06 22:58:31.498,0.76774,0.76786,1.00,1.69
2016.09.06 22:58:31.613,0.76774,0.76785,1.00,1.19
2016.09.06 22:58:33.183,0.76774,0.76785,1.00,1.19
2016.09.06 22:58:34.531,0.76773,0.76785,1.00,1.19
2016.09.06 22:58:34.749,0.76773,0.76785,1.00,1.19
2016.09.06 22:58:41.483,0.76773,0.76785,1.00,1.19
2016.09.06 22:58:42.566,0.76772,0.76785,1.50,1.19
2016.09.06 22:58:42.617,0.76772,0.76786,1.00,2.44
2016.09.06 22:58:43.517,0.76772,0.76786,1.50,3.56
2016.09.06 22:58:43.568,0.76773,0.76786,1.00,3.56
2016.09.06 22:58:43.828,0.76773,0.76784,1.00,1.69
2016.09.06 22:58:43.879,0.7677,0.76783,1.39,2.62
2016.09.06 22:58:43.930,0.7677,0.76782,1.25,1.00
2016.09.06 22:58:43.981,0.76769,0.76779,1.31,1.00
2016.09.06 22:58:44.032,0.76769,0.76779,1.00,3.94
2016.09.06 22:58:44.083,0.76766,0.76779,1.57,4.31
2016.09.06 22:58:44.134,0.76766,0.76778,1.37,1.00
2016.09.06 22:58:44.236,0.76766,0.76778,1.20,3.75
2016.09.06 22:58:44.338,0.76766,0.76778,1.10,3.00
2016.09.06 22:58:44.389,0.76766,0.76778,1.10,3.00
2016.09.06 22:58:47.721,0.76766,0.76778,1.20,3.00
2016.09.06 22:58:48.680,0.76768,0.76778,1.00,3.00
2016.09.06 22:58:48.731,0.76768,0.76778,1.00,3.90
2016.09.06 22:58:50.420,0.76768,0.76778,1.00,3.00
2016.09.06 22:58:50.471,0.76767,0.76778,1.00,2.25
2016.09.06 22:58:50.522,0.76767,0.76778,1.00,3.15
2016.09.06 22:58:50.881,0.76767,0.76778,1.00,3.90
2016.09.06 22:58:51.322,0.76767,0.76777,1.00,1.00
2016.09.06 22:58:51.424,0.76767,0.76778,1.00,3.00
2016.09.06 22:58:51.475,0.76767,0.76777,1.00,1.50
2016.09.06 22:58:51.577,0.76764,0.76776,2.44,1.50
2016.09.06 22:58:51.628,0.76764,0.76776,2.81,1.87
2016.09.06 22:58:51.679,0.76765,0.76776,1.25,1.87
2016.09.06 22:58:51.730,0.76765,0.76776,1.31,1.87
2016.09.06 22:58:52.473,0.76767,0.76776,1.00,1.50
2016.09.06 22:58:52.575,0.76765,0.76776,1.62,1.50
2016.09.06 22:58:53.559,0.76765,0.76776,2.06,1.87
2016.09.06 22:58:54.894,0.76766,0.76776,1.12,1.87
2016.09.06 22:58:54.945,0.76766,0.76776,1.12,1.50
2016.09.06 22:58:55.268,0.76766,0.76776,1.12,1.87
2016.09.06 22:58:55.522,0.76766,0.76776,1.00,1.87
2016.09.06 22:58:55.573,0.76765,0.76776,1.25,1.87
2016.09.06 22:58:55.674,0.76765,0.76776,1.25,1.50
2016.09.06 22:58:57.150,0.76765,0.76776,1.31,1.50
2016.09.06 22:58:57.255,0.76765,0.76776,1.31,1.87
2016.09.06 22:58:57.306,0.76766,0.76776,1.00,1.87
2016.09.06 22:58:57.545,0.76766,0.76776,1.00,1.50
2016.09.06 22:59:00.155,0.76766,0.76776,1.00,1.00
2016.09.06 22:59:00.207,0.76764,0.76776,1.12,1.19
2016.09.06 22:59:00.259,0.76764,0.76774,1.12,1.00
2016.09.06 22:59:00.310,0.76762,0.76773,1.87,1.69
2016.09.06 22:59:00.361,0.76761,0.76772,1.00,1.12
2016.09.06 22:59:00.412,0.76761,0.76768,1.00,1.00
2016.09.06 22:59:00.464,0.76757,0.76767,1.10,2.62
2016.09.06 22:59:00.515,0.76756,0.76766,1.00,1.25
2016.09.06 22:59:00.566,0.76757,0.76766,1.00,3.56
2016.09.06 22:59:00.617,0.76757,0.76766,1.00,2.81
2016.09.06 22:59:00.668,0.7676,0.76768,1.00,1.00
2016.09.06 22:59:00.720,0.7676,0.76771,1.50,1.31
2016.09.06 22:59:00.771,0.76761,0.76772,1.00,1.69
2016.09.06 22:59:00.885,0.7676,0.76774,1.00,1.00
2016.09.06 22:59:00.938,0.7676,0.76775,1.50,1.10
2016.09.06 22:59:00.990,0.76762,0.76775,1.00,1.10
2016.09.06 22:59:01.194,0.76762,0.76776,1.00,4.50
2016.09.06 22:59:01.762,0.76762,0.76776,1.00,4.69
2016.09.06 22:59:01.814,0.76762,0.76775,1.00,1.01
2016.09.06 22:59:01.942,0.7676,0.76775,1.29,3.26
2016.09.06 22:59:01.994,0.7676,0.76774,1.00,1.39
2016.09.06 22:59:02.045,0.76761,0.76775,1.00,4.31
2016.09.06 22:59:02.097,0.76763,0.76775,1.00,4.69
2016.09.06 22:59:02.199,0.76763,0.76775,1.00,4.31
2016.09.06 22:59:02.250,0.76763,0.76775,1.00,3.94
2016.09.06 22:59:02.301,0.76761,0.76775,1.50,3.94
2016.09.06 22:59:02.352,0.76761,0.76774,1.50,1.39
2016.09.06 22:59:02.403,0.76763,0.76774,1.00,1.10
2016.09.06 22:59:02.454,0.76763,0.76775,1.00,3.37
2016.09.06 22:59:02.860,0.76762,0.76774,1.00,1.10
2016.09.06 22:59:03.061,0.76761,0.76774,1.50,1.57
2016.09.06 22:59:03.179,0.76761,0.76774,1.50,1.10
2016.09.06 22:59:03.387,0.76761,0.76767,1.00,1.12
2016.09.06 22:59:03.438,0.76756,0.76768,2.44,2.62
2016.09.06 22:59:03.489,0.76756,0.76768,1.10,2.81
2016.09.06 22:59:03.540,0.76756,0.76766,1.10,1.00
2016.09.06 22:59:03.643,0.76756,0.76766,1.10,1.00
2016.09.06 22:59:04.717,0.76757,0.76766,1.00,1.00
2016.09.06 22:59:05.493,0.76755,0.76766,1.12,1.00
2016.09.06 22:59:05.544,0.76755,0.76766,1.12,1.50
2016.09.06 22:59:05.697,0.76755,0.76766,1.12,1.00
2016.09.06 22:59:05.748,0.76755,0.76766,3.37,1.00
2016.09.06 22:59:05.799,0.76757,0.76766,1.00,1.00
2016.09.06 22:59:05.901,0.76755,0.76766,1.00,1.00
2016.09.06 22:59:05.952,0.76755,0.76766,1.00,3.00
2016.09.06 22:59:06.004,0.76755,0.76766,1.00,3.00
2016.09.06 22:59:06.055,0.76755,0.76766,1.00,1.50
2016.09.06 22:59:06.156,0.76755,0.76766,1.00,2.62
2016.09.06 22:59:06.258,0.76755,0.76766,1.00,1.50
2016.09.06 22:59:06.309,0.76755,0.76766,1.00,1.50
2016.09.06 22:59:06.517,0.76755,0.76766,1.00,2.25
2016.09.06 22:59:06.568,0.76755,0.76766,1.00,3.37
2016.09.06 22:59:07.387,0.76755,0.76766,1.00,2.25
2016.09.06 22:59:07.488,0.76755,0.76766,1.00,1.19
2016.09.06 22:59:08.484,0.76755,0.76766,1.00,1.31
2016.09.06 22:59:08.604,0.76757,0.76767,1.50,5.44
2016.09.06 22:59:08.682,0.76755,0.76766,1.20,1.69
2016.09.06 22:59:08.733,0.76755,0.76766,1.20,2.44
2016.09.06 22:59:08.784,0.76756,0.76766,1.00,1.19
2016.09.06 22:59:08.835,0.76756,0.76766,1.00,1.19
2016.09.06 22:59:09.191,0.76755,0.76766,1.10,1.19
2016.09.06 22:59:09.293,0.76756,0.76766,1.00,1.19
2016.09.06 22:59:09.395,0.76754,0.76766,1.20,1.19
2016.09.06 22:59:09.497,0.76755,0.76766,1.10,1.19
2016.09.06 22:59:09.649,0.76755,0.76766,1.10,1.56
2016.09.06 22:59:09.803,0.76754,0.76766,1.20,1.56
2016.09.06 22:59:09.900,0.76754,0.76766,1.20,1.56
2016.09.06 22:59:09.951,0.76754,0.76766,1.20,1.69
2016.09.06 22:59:10.002,0.76755,0.76766,1.10,1.69
2016.09.06 22:59:10.053,0.76755,0.76766,1.10,1.56
2016.09.06 22:59:10.256,0.76755,0.76766,1.10,1.56
2016.09.06 22:59:10.888,0.76754,0.76766,1.20,1.56
2016.09.06 22:59:11.091,0.76756,0.76766,1.00,1.56
2016.09.06 22:59:11.476,0.76754,0.76766,2.32,1.56
2016.09.06 22:59:11.527,0.76754,0.76766,1.20,1.56
2016.09.06 22:59:11.679,0.76755,0.76766,1.10,1.56
2016.09.06 22:59:12.396,0.76754,0.76766,1.20,1.56
2016.09.06 22:59:13.137,0.76754,0.76766,2.32,1.56
2016.09.06 22:59:13.224,0.76755,0.76765,1.10,1.56
2016.09.06 22:59:13.427,0.76755,0.76765,1.10,1.31
2016.09.06 22:59:13.478,0.76754,0.76765,1.20,1.31
2016.09.06 22:59:13.529,0.76754,0.76765,2.32,1.56
2016.09.06 22:59:13.581,0.76755,0.76765,1.10,1.56
2016.09.06 22:59:14.350,0.76755,0.76765,1.10,1.31
2016.09.06 22:59:14.451,0.76755,0.76765,1.10,1.56
2016.09.06 22:59:14.604,0.76756,0.76765,1.00,1.56
2016.09.06 22:59:14.824,0.76755,0.76765,1.10,1.56
2016.09.06 22:59:14.875,0.76755,0.76765,1.10,1.31
2016.09.06 22:59:14.926,0.76755,0.76765,1.10,1.56
2016.09.06 22:59:15.028,0.76755,0.76765,1.10,1.31
2016.09.06 22:59:15.129,0.76755,0.76765,1.10,1.56
2016.09.06 22:59:15.231,0.76755,0.76765,1.10,1.31
2016.09.06 22:59:15.333,0.76755,0.76765,1.10,1.56
2016.09.06 22:59:15.383,0.76754,0.76765,1.20,1.56
2016.09.06 22:59:15.434,0.76754,0.76765,3.07,1.56
2016.09.06 22:59:15.485,0.76756,0.76765,1.00,1.56
2016.09.06 22:59:16.502,0.76756,0.76765,1.50,1.56
2016.09.06 22:59:17.164,0.76756,0.76765,1.50,1.19
2016.09.06 22:59:17.317,0.76755,0.76765,1.10,1.19
2016.09.06 22:59:17.419,0.76753,0.76765,3.75,1.19
2016.09.06 22:59:17.470,0.76753,0.76765,4.50,1.19
2016.09.06 22:59:17.521,0.76755,0.76765,1.10,1.19
2016.09.06 22:59:18.029,0.76754,0.76765,1.20,1.19
2016.09.06 22:59:18.303,0.76756,0.76765,1.00,1.19
2016.09.06 22:59:18.608,0.76754,0.76765,1.20,1.19
2016.09.06 22:59:18.813,0.76754,0.76765,1.10,1.19
2016.09.06 22:59:18.965,0.76754,0.76765,1.10,1.56
2016.09.06 22:59:19.067,0.76754,0.76766,1.10,3.19
2016.09.06 22:59:19.118,0.76754,0.76766,1.10,2.44
2016.09.06 22:59:19.169,0.76754,0.76766,1.10,1.56
2016.09.06 22:59:19.421,0.76756,0.76767,1.00,1.69
2016.09.06 22:59:19.472,0.76756,0.76767,1.00,2.81
2016.09.06 22:59:19.675,0.76756,0.76767,1.00,2.06
2016.09.06 22:59:19.881,0.76756,0.76767,1.00,1.56
2016.09.06 22:59:20.236,0.76754,0.76766,1.10,1.56
2016.09.06 22:59:20.287,0.76754,0.76766,1.10,1.69
2016.09.06 22:59:20.338,0.76753,0.76766,4.20,1.69
2016.09.06 22:59:20.389,0.76753,0.76766,3.07,1.56
2016.09.06 22:59:21.353,0.76753,0.76766,1.95,1.56
2016.09.06 22:59:21.404,0.76753,0.76766,3.07,1.69
2016.09.06 22:59:21.455,0.76754,0.76766,1.20,1.69
2016.09.06 22:59:22.464,0.76754,0.76766,1.20,1.56
2016.09.06 22:59:22.667,0.76754,0.76767,1.95,1.56
2016.09.06 22:59:22.719,0.76756,0.76767,1.00,1.56
2016.09.06 22:59:22.872,0.76757,0.76767,1.00,1.31
2016.09.06 22:59:22.924,0.76757,0.76767,1.00,2.06
2016.09.06 22:59:22.976,0.76757,0.76767,1.00,3.19
2016.09.06 22:59:23.028,0.76753,0.76766,3.00,1.19
2016.09.06 22:59:23.117,0.76753,0.76766,2.62,1.69
2016.09.06 22:59:23.168,0.76753,0.76766,1.50,1.69
2016.09.06 22:59:23.270,0.76753,0.76766,2.62,2.06
2016.09.06 22:59:24.396,0.76753,0.76766,1.50,1.69
2016.09.06 22:59:24.650,0.76753,0.76766,2.25,1.19
2016.09.06 22:59:24.701,0.76756,0.76767,1.00,5.44
2016.09.06 22:59:24.833,0.76757,0.76767,1.00,4.31
2016.09.06 22:59:25.242,0.76757,0.76767,1.00,5.06
2016.09.06 22:59:25.294,0.76757,0.76767,1.00,3.94
2016.09.06 22:59:25.345,0.76754,0.76767,1.20,2.81
2016.09.06 22:59:27.384,0.76754,0.76767,1.20,3.94
2016.09.06 22:59:27.435,0.76756,0.76767,1.00,3.19
2016.09.06 22:59:28.239,0.76756,0.76767,1.00,3.56
2016.09.06 22:59:28.325,0.76755,0.76767,1.00,5.06
2016.09.06 22:59:28.376,0.76755,0.76767,1.00,4.69
2016.09.06 22:59:28.427,0.76754,0.76767,1.20,3.94
2016.09.06 22:59:30.095,0.76754,0.76766,1.20,1.31
2016.09.06 22:59:30.249,0.76753,0.76766,2.62,1.31
2016.09.06 22:59:31.715,0.76753,0.76767,3.37,6.19
2016.09.06 22:59:31.816,0.76753,0.76767,3.37,6.56
2016.09.06 22:59:31.918,0.76753,0.76766,3.37,1.31
2016.09.06 22:59:31.969,0.76753,0.76766,4.50,1.69
2016.09.06 22:59:32.550,0.76755,0.76767,1.00,4.69
2016.09.06 22:59:32.601,0.76755,0.76767,1.00,2.81
2016.09.06 22:59:32.652,0.76755,0.76767,1.00,3.56
2016.09.06 22:59:32.754,0.76755,0.76767,1.00,4.69
2016.09.06 22:59:32.805,0.76757,0.76767,1.00,5.06
2016.09.06 22:59:32.907,0.76755,0.76767,1.00,4.69
2016.09.06 22:59:33.062,0.76755,0.76767,1.00,3.94
2016.09.06 22:59:33.113,0.76757,0.76767,1.00,3.94
2016.09.06 22:59:33.164,0.76757,0.76767,1.00,3.56
2016.09.06 22:59:35.188,0.76757,0.76767,1.00,4.31
2016.09.06 22:59:40.883,0.76757,0.76767,1.00,4.69
2016.09.06 22:59:40.936,0.76757,0.76766,1.00,1.19
2016.09.06 22:59:40.987,0.76757,0.76766,1.00,1.31
2016.09.06 22:59:41.038,0.76754,0.76766,1.10,1.31
2016.09.06 22:59:41.700,0.76754,0.76766,1.10,1.19
2016.09.06 22:59:41.852,0.76754,0.76767,1.10,4.69
2016.09.06 22:59:41.954,0.76755,0.76766,1.00,1.19
2016.09.06 22:59:42.187,0.76755,0.76766,1.00,1.31
2016.09.06 22:59:42.241,0.76754,0.76766,1.10,1.31
2016.09.06 22:59:42.748,0.76753,0.76766,4.12,1.31
2016.09.06 22:59:42.951,0.76754,0.76765,1.10,1.19
2016.09.06 22:59:43.256,0.76756,0.76765,1.00,1.19
2016.09.06 22:59:43.957,0.76756,0.76767,1.00,4.69
2016.09.06 22:59:45.262,0.76756,0.76767,1.00,7.31
2016.09.06 22:59:45.963,0.76754,0.76767,1.95,7.31
2016.09.06 22:59:46.064,0.76753,0.76767,2.25,4.69
2016.09.06 22:59:46.166,0.76753,0.76767,3.37,7.31
2016.09.06 22:59:46.861,0.76754,0.76767,1.10,7.31
2016.09.06 22:59:46.945,0.76755,0.76767,1.00,7.31
2016.09.06 22:59:46.996,0.76755,0.76767,1.00,6.94
2016.09.06 22:59:47.352,0.76755,0.76767,1.00,6.19
2016.09.06 22:59:48.360,0.76755,0.76767,1.00,6.00
2016.09.06 22:59:48.411,0.76755,0.76765,1.00,1.20
2016.09.06 22:59:48.462,0.76754,0.76765,1.10,1.20
2016.09.06 22:59:48.513,0.76754,0.76765,1.10,1.00
2016.09.06 22:59:48.768,0.76755,0.76765,1.00,1.00
2016.09.06 22:59:48.860,0.76754,0.76765,1.10,1.20
2016.09.06 22:59:48.911,0.76754,0.76765,1.10,1.00
2016.09.06 22:59:51.366,0.76752,0.76766,3.26,2.77
2016.09.06 22:59:51.417,0.76753,0.76766,1.87,1.12
2016.09.06 22:59:51.546,0.76758,0.76766,1.00,1.12
2016.09.06 22:59:51.598,0.76758,0.76768,1.00,3.37
2016.09.06 22:59:55.585,0.76758,0.76768,1.00,4.12
2016.09.06 22:59:58.405,0.76759,0.76768,1.00,1.00
2016.09.06 22:59:58.456,0.76762,0.76769,1.00,1.00
2016.09.06 22:59:58.507,0.76762,0.76772,1.00,1.01
2016.09.06 22:59:58.660,0.76763,0.76774,1.00,1.02
2016.09.06 22:59:58.711,0.76763,0.76775,1.00,2.14
2016.09.06 22:59:59.068,0.76763,0.76775,1.00,1.69
2016.09.06 22:59:59.790,0.76762,0.76775,1.00,2.44
