2017.01.03 05:00:00.334,0.72331,0.72337,1.00,1.25
2017.01.03 05:00:00.436,0.72332,0.72341,1.00,3.37
2017.01.03 05:00:00.944,0.72333,0.72341,1.00,1.00
2017.01.03 05:00:11.627,0.72331,0.72341,1.50,2.25
2017.01.03 05:00:12.237,0.7233,0.72341,1.00,2.62
2017.01.03 05:00:13.496,0.72329,0.72338,3.56,1.50
2017.01.03 05:00:13.793,0.72325,0.72335,1.00,1.69
2017.01.03 05:00:14.383,0.72326,0.72335,1.00,1.25
2017.01.03 05:00:34.184,0.72324,0.72335,1.12,1.69
2017.01.03 05:00:36.522,0.72325,0.72335,1.00,1.25
2017.01.03 05:00:36.623,0.72327,0.72337,1.12,1.69
2017.01.03 05:00:37.128,0.72328,0.72337,1.00,1.31
2017.01.03 05:00:45.213,0.72327,0.72336,2.62,1.50
2017.01.03 05:00:45.458,0.72323,0.72333,1.12,2.06
2017.01.03 05:00:46.006,0.72324,0.72333,1.00,1.31
2017.01.03 05:00:47.336,0.72326,0.72333,1.00,1.25
2017.01.03 05:00:47.538,0.72327,0.72336,1.00,1.00
2017.01.03 05:00:48.240,0.72325,0.72336,1.50,1.00
2017.01.03 05:00:51.535,0.72327,0.72336,1.00,1.00
2017.01.03 05:00:57.358,0.72327,0.72335,1.00,1.00
2017.01.03 05:00:57.465,0.72325,0.72336,1.00,1.00
2017.01.03 05:00:57.977,0.72325,0.72335,1.00,1.00
2017.01.03 05:01:00.518,0.72325,0.72336,1.00,3.00
2017.01.03 05:01:06.687,0.72325,0.72334,1.69,1.00
2017.01.03 05:01:10.145,0.72325,0.72335,1.00,1.00
2017.01.03 05:01:10.398,0.72326,0.72337,2.25,3.19
2017.01.03 05:01:10.904,0.72327,0.72337,1.00,3.19
2017.01.03 05:01:11.566,0.72326,0.72337,1.50,3.19
2017.01.03 05:01:12.161,0.72326,0.72336,1.50,1.00
2017.01.03 05:01:12.714,0.72327,0.72336,1.00,1.00
2017.01.03 05:01:16.456,0.72328,0.72336,1.00,1.00
2017.01.03 05:01:18.675,0.72327,0.72336,2.44,1.00
2017.01.03 05:01:18.777,0.72325,0.72335,1.12,1.25
2017.01.03 05:01:31.935,0.72329,0.72335,1.00,1.25
2017.01.03 05:01:31.987,0.7233,0.7234,1.00,4.69
2017.01.03 05:01:32.089,0.72331,0.7234,2.62,1.25
2017.01.03 05:01:32.594,0.72332,0.7234,1.12,1.25
2017.01.03 05:01:33.049,0.72332,0.72343,3.19,1.12
2017.01.03 05:01:33.576,0.72333,0.72344,2.25,1.31
2017.01.03 05:01:34.265,0.72334,0.72344,1.00,1.31
2017.01.03 05:01:35.716,0.72334,0.72344,1.00,1.56
2017.01.03 05:01:36.223,0.72334,0.72344,1.00,1.00
2017.01.03 05:01:40.098,0.72335,0.72345,1.00,2.06
2017.01.03 05:01:40.853,0.72336,0.72345,1.00,2.06
2017.01.03 05:01:41.912,0.72335,0.72344,1.00,1.50
2017.01.03 05:01:41.963,0.72335,0.72342,1.00,1.25
2017.01.03 05:01:42.539,0.72334,0.72342,1.00,2.44
2017.01.03 05:01:43.273,0.72333,0.72342,1.50,1.69
2017.01.03 05:01:43.596,0.72335,0.72342,1.00,1.69
2017.01.03 05:01:43.647,0.72333,0.72342,1.50,1.69
2017.01.03 05:01:43.798,0.72335,0.72342,1.00,1.69
2017.01.03 05:01:43.849,0.72333,0.72342,1.50,1.69
2017.01.03 05:01:44.162,0.72335,0.72342,1.00,1.69
2017.01.03 05:01:44.263,0.72333,0.72342,1.50,1.69
2017.01.03 05:01:44.547,0.72335,0.72342,1.00,1.69
2017.01.03 05:01:44.648,0.72333,0.72342,1.50,1.69
2017.01.03 05:01:44.799,0.72335,0.72342,1.00,1.69
2017.01.03 05:01:44.852,0.72333,0.72342,1.50,1.69
2017.01.03 05:01:45.147,0.72335,0.72342,1.00,1.69
2017.01.03 05:01:45.315,0.72333,0.72342,1.50,1.69
2017.01.03 05:01:45.546,0.72335,0.72342,1.00,1.69
2017.01.03 05:01:45.697,0.72333,0.72342,1.50,1.69
2017.01.03 05:01:45.748,0.72335,0.72342,1.00,1.69
2017.01.03 05:01:46.076,0.72333,0.72342,1.50,1.69
2017.01.03 05:01:46.600,0.72334,0.72342,1.00,1.69
2017.01.03 05:01:47.306,0.72333,0.72342,1.50,1.69
2017.01.03 05:01:47.433,0.72335,0.72342,1.00,1.69
2017.01.03 05:01:47.645,0.72333,0.72342,1.50,1.69
2017.01.03 05:01:47.746,0.72335,0.72342,1.00,1.69
2017.01.03 05:01:47.898,0.72333,0.72342,1.50,1.69
2017.01.03 05:01:47.949,0.72335,0.72342,1.00,1.69
2017.01.03 05:01:48.495,0.72334,0.72342,1.00,1.69
2017.01.03 05:01:49.051,0.72333,0.72342,1.50,1.69
2017.01.03 05:01:49.767,0.72334,0.72342,1.00,1.69
2017.01.03 05:01:50.411,0.72333,0.72342,1.00,1.69
2017.01.03 05:01:58.597,0.72333,0.72341,1.00,1.00
2017.01.03 05:01:59.535,0.72332,0.72341,2.62,1.00
2017.01.03 05:02:00.561,0.72333,0.72341,1.00,1.00
2017.01.03 05:02:01.105,0.72332,0.72341,2.62,1.00
2017.01.03 05:02:02.582,0.72332,0.72342,1.87,1.69
2017.01.03 05:02:03.667,0.72332,0.72341,1.87,1.00
2017.01.03 05:02:05.156,0.72333,0.72341,1.00,1.50
2017.01.03 05:02:06.700,0.72331,0.7234,1.37,1.00
2017.01.03 05:02:06.953,0.72329,0.72338,1.50,2.06
2017.01.03 05:02:07.004,0.72329,0.72336,1.00,1.00
2017.01.03 05:02:07.937,0.7233,0.72336,1.00,1.00
2017.01.03 05:02:08.269,0.72328,0.72336,1.69,1.00
2017.01.03 05:02:08.471,0.7233,0.72336,1.00,1.00
2017.01.03 05:02:08.993,0.72329,0.72336,1.00,1.00
2017.01.03 05:02:09.962,0.7233,0.72336,1.00,1.00
2017.01.03 05:02:10.616,0.72329,0.72336,1.00,1.00
2017.01.03 05:02:10.915,0.7233,0.72338,1.00,1.31
2017.01.03 05:02:13.322,0.72331,0.72338,1.00,1.31
2017.01.03 05:02:13.995,0.7233,0.72338,1.00,1.31
2017.01.03 05:02:14.537,0.72331,0.72338,1.00,1.31
2017.01.03 05:02:15.056,0.7233,0.72338,1.00,1.31
2017.01.03 05:02:16.402,0.72331,0.72338,1.00,1.31
2017.01.03 05:02:18.597,0.7233,0.72338,1.00,1.31
2017.01.03 05:02:18.857,0.72332,0.72341,1.25,1.87
2017.01.03 05:02:20.341,0.72332,0.72342,1.25,2.06
2017.01.03 05:02:22.661,0.72331,0.72342,1.50,2.06
2017.01.03 05:02:28.121,0.72331,0.7234,1.50,1.00
2017.01.03 05:02:29.155,0.72331,0.72341,1.00,1.00
2017.01.03 05:02:29.458,0.72329,0.72337,1.00,1.00
2017.01.03 05:02:29.974,0.72328,0.72337,2.25,1.00
2017.01.03 05:02:30.482,0.72327,0.72337,3.37,1.00
2017.01.03 05:02:31.014,0.72327,0.72338,2.62,1.69
2017.01.03 05:02:32.022,0.72329,0.72338,1.00,1.69
2017.01.03 05:02:32.955,0.7233,0.72338,1.00,1.25
2017.01.03 05:02:33.987,0.72331,0.72338,1.00,1.25
2017.01.03 05:02:34.197,0.72332,0.72341,1.00,1.37
2017.01.03 05:02:34.248,0.72332,0.72342,1.00,2.06
2017.01.03 05:02:34.751,0.72331,0.72342,2.62,3.19
2017.01.03 05:02:35.200,0.7233,0.7234,2.62,2.62
2017.01.03 05:02:35.504,0.72328,0.72338,1.12,1.25
2017.01.03 05:02:36.024,0.72329,0.72338,1.00,1.25
2017.01.03 05:02:37.288,0.72331,0.72338,1.00,1.25
2017.01.03 05:02:37.439,0.72333,0.72342,1.00,5.06
2017.01.03 05:02:40.285,0.72331,0.7234,1.00,1.00
2017.01.03 05:02:40.336,0.72329,0.72337,3.75,1.25
2017.01.03 05:02:42.766,0.72329,0.72339,1.00,1.31
2017.01.03 05:02:51.704,0.72332,0.72339,1.00,1.31
2017.01.03 05:02:51.805,0.72332,0.72342,1.69,1.31
2017.01.03 05:02:54.359,0.72332,0.72341,1.69,1.00
2017.01.03 05:02:54.562,0.72332,0.7234,1.25,1.37
2017.01.03 05:02:54.663,0.72329,0.72338,1.00,1.25
2017.01.03 05:02:57.050,0.7233,0.72338,1.00,1.25
2017.01.03 05:03:00.752,0.72331,0.72338,1.00,1.25
2017.01.03 05:03:00.803,0.72332,0.72341,1.69,1.12
2017.01.03 05:03:01.332,0.72333,0.72342,1.00,1.25
2017.01.03 05:03:05.356,0.72333,0.7234,1.50,3.75
2017.01.03 05:03:05.673,0.72332,0.72338,1.69,2.25
2017.01.03 05:03:06.054,0.72332,0.72342,1.69,3.94
2017.01.03 05:03:06.258,0.72332,0.72339,1.69,3.75
2017.01.03 05:03:06.359,0.72332,0.72342,1.69,1.25
2017.01.03 05:03:10.579,0.72332,0.72341,1.69,1.00
2017.01.03 05:03:10.749,0.72332,0.72339,1.25,2.25
2017.01.03 05:03:10.851,0.7233,0.72338,1.50,3.75
2017.01.03 05:03:11.002,0.7233,0.72335,1.00,1.50
2017.01.03 05:03:11.053,0.72328,0.72337,1.87,1.50
2017.01.03 05:03:14.020,0.7233,0.72337,1.50,1.50
2017.01.03 05:03:14.071,0.7233,0.72339,2.25,4.69
2017.01.03 05:03:14.223,0.72333,0.72339,1.00,1.25
2017.01.03 05:03:15.570,0.72332,0.72339,1.00,1.25
2017.01.03 05:03:27.564,0.72332,0.72342,2.44,5.06
2017.01.03 05:03:29.829,0.72334,0.72342,1.00,5.06
2017.01.03 05:03:30.032,0.72336,0.72345,1.00,5.44
2017.01.03 05:03:30.575,0.72337,0.72344,1.00,3.75
2017.01.03 05:03:31.157,0.72335,0.72344,2.06,4.50
2017.01.03 05:03:31.258,0.72335,0.72342,1.00,1.25
2017.01.03 05:03:31.815,0.72334,0.72342,1.00,1.25
2017.01.03 05:03:38.140,0.72336,0.72344,1.00,1.37
2017.01.03 05:03:38.241,0.72339,0.72347,2.44,3.00
2017.01.03 05:03:38.547,0.72341,0.72349,1.00,1.69
2017.01.03 05:03:38.648,0.72342,0.7235,1.50,1.00
2017.01.03 05:03:38.952,0.7234,0.7235,1.00,2.06
2017.01.03 05:03:39.042,0.72337,0.72348,2.06,3.00
2017.01.03 05:03:39.093,0.72337,0.72346,1.69,1.00
2017.01.03 05:03:39.346,0.72339,0.72349,1.50,1.00
2017.01.03 05:03:40.297,0.72339,0.72349,1.50,1.37
2017.01.03 05:03:45.409,0.72339,0.72348,1.00,1.00
2017.01.03 05:03:47.988,0.7234,0.7235,2.25,3.19
2017.01.03 05:03:48.291,0.72343,0.72352,1.00,1.50
2017.01.03 05:03:53.604,0.72343,0.72353,1.50,2.06
2017.01.03 05:03:54.153,0.72344,0.72353,1.00,2.06
2017.01.03 05:03:56.803,0.72344,0.72354,1.00,3.19
2017.01.03 05:03:59.619,0.72345,0.72354,1.00,3.19
2017.01.03 05:04:05.319,0.72345,0.72354,1.00,1.12
2017.01.03 05:04:06.895,0.72343,0.72354,1.00,1.12
2017.01.03 05:04:07.048,0.72342,0.72353,1.69,1.37
2017.01.03 05:04:09.931,0.72343,0.72353,1.00,1.50
2017.01.03 05:04:11.021,0.72342,0.72353,2.06,2.25
2017.01.03 05:04:17.853,0.72342,0.72353,1.69,1.50
2017.01.03 05:04:18.395,0.72343,0.72353,1.00,1.12
2017.01.03 05:04:21.943,0.72343,0.72353,1.00,1.50
2017.01.03 05:04:24.456,0.72346,0.72354,3.19,1.37
2017.01.03 05:04:24.558,0.72348,0.72356,1.00,2.06
2017.01.03 05:04:26.652,0.72349,0.72356,1.00,1.25
2017.01.03 05:04:27.209,0.7235,0.72356,1.00,1.25
2017.01.03 05:04:27.446,0.72348,0.72356,1.00,1.25
2017.01.03 05:04:27.497,0.7235,0.72356,1.00,1.25
2017.01.03 05:04:27.967,0.72348,0.72356,1.12,1.25
2017.01.03 05:04:28.220,0.7235,0.72356,1.00,1.25
2017.01.03 05:04:30.196,0.72349,0.72356,1.00,1.25
2017.01.03 05:04:37.852,0.7235,0.72356,1.00,1.25
2017.01.03 05:04:43.393,0.72349,0.72356,1.00,1.25
2017.01.03 05:04:45.910,0.72348,0.72356,1.00,1.25
2017.01.03 05:04:52.691,0.72347,0.72356,1.00,1.25
2017.01.03 05:04:53.193,0.72348,0.72356,1.00,1.25
2017.01.03 05:04:53.758,0.72349,0.72356,1.00,1.25
2017.01.03 05:04:54.477,0.72349,0.72357,1.00,1.25
2017.01.03 05:04:55.313,0.72347,0.72356,1.37,1.00
2017.01.03 05:04:55.465,0.72346,0.72355,1.00,1.00
2017.01.03 05:04:55.566,0.72346,0.72355,1.00,1.75
2017.01.03 05:04:55.942,0.72346,0.72355,1.00,1.00
2017.01.03 05:04:56.803,0.72347,0.72356,1.00,1.31
2017.01.03 05:05:02.121,0.72346,0.72356,1.00,1.31
2017.01.03 05:05:02.222,0.72348,0.72356,1.00,1.31
2017.01.03 05:05:04.863,0.72346,0.72356,1.00,1.25
2017.01.03 05:05:05.903,0.72348,0.72356,1.00,1.25
2017.01.03 05:05:06.436,0.72347,0.72356,1.50,1.25
2017.01.03 05:05:21.557,0.72346,0.72356,1.00,1.69
2017.01.03 05:05:22.080,0.72347,0.72356,1.00,1.25
2017.01.03 05:05:26.786,0.72348,0.72356,1.00,1.25
2017.01.03 05:05:39.482,0.72348,0.72355,1.00,1.25
2017.01.03 05:05:40.109,0.72347,0.72355,2.25,1.25
2017.01.03 05:05:44.021,0.72348,0.72355,1.00,1.31
2017.01.03 05:06:09.528,0.72348,0.72356,1.00,1.25
2017.01.03 05:06:20.309,0.72347,0.72356,1.00,1.25
2017.01.03 05:06:22.120,0.72346,0.72356,2.25,1.69
2017.01.03 05:06:22.626,0.72346,0.72356,1.50,3.19
2017.01.03 05:06:23.287,0.72346,0.72356,1.50,2.06
2017.01.03 05:06:24.162,0.72347,0.72356,1.00,2.06
2017.01.03 05:06:24.725,0.72347,0.72355,1.00,1.25
2017.01.03 05:06:26.250,0.72348,0.72355,1.00,1.25
2017.01.03 05:06:27.035,0.72347,0.72355,1.50,1.25
2017.01.03 05:06:28.619,0.72348,0.72355,1.00,1.25
2017.01.03 05:06:29.501,0.72347,0.72355,1.00,1.25
2017.01.03 05:06:30.011,0.72348,0.72355,1.00,1.25
2017.01.03 05:06:30.537,0.72347,0.72355,1.00,1.25
2017.01.03 05:06:39.530,0.72347,0.72356,1.00,1.25
2017.01.03 05:06:45.328,0.72346,0.72356,1.50,2.81
2017.01.03 05:06:47.146,0.72347,0.72356,1.00,2.81
2017.01.03 05:06:57.254,0.72347,0.72355,1.00,1.87
2017.01.03 05:06:57.557,0.72346,0.72353,1.00,2.44
2017.01.03 05:06:57.658,0.72342,0.72353,2.25,2.44
2017.01.03 05:06:58.855,0.7234,0.72349,2.62,1.25
2017.01.03 05:06:58.906,0.72339,0.72349,2.81,1.25
2017.01.03 05:06:59.456,0.72339,0.72348,2.06,1.00
2017.01.03 05:06:59.914,0.72342,0.72349,1.00,1.25
2017.01.03 05:07:00.031,0.72343,0.72353,1.50,3.19
2017.01.03 05:07:00.968,0.72343,0.7235,1.50,1.00
2017.01.03 05:07:01.953,0.72343,0.72351,3.00,1.12
2017.01.03 05:07:02.989,0.72344,0.72351,1.00,1.12
2017.01.03 05:07:03.808,0.72343,0.72351,1.50,1.12
2017.01.03 05:07:04.553,0.72344,0.72351,1.00,1.12
2017.01.03 05:07:06.858,0.72344,0.72353,1.00,2.44
2017.01.03 05:07:07.568,0.72343,0.72353,2.25,2.81
2017.01.03 05:07:08.946,0.72343,0.72353,2.25,2.81
2017.01.03 05:07:10.162,0.72343,0.72353,3.00,2.06
2017.01.03 05:07:10.665,0.72343,0.72352,2.25,1.00
2017.01.03 05:07:13.889,0.72343,0.72351,1.00,1.00
2017.01.03 05:07:14.418,0.72342,0.7235,1.50,1.00
2017.01.03 05:07:15.111,0.72341,0.7235,3.19,1.00
2017.01.03 05:07:15.681,0.72341,0.72352,3.19,1.50
2017.01.03 05:07:15.910,0.72342,0.72352,1.19,2.25
2017.01.03 05:07:16.110,0.72341,0.72351,3.00,1.25
2017.01.03 05:07:23.057,0.72343,0.72351,1.37,1.25
2017.01.03 05:07:23.197,0.72346,0.72354,1.00,1.25
2017.01.03 05:07:23.702,0.72347,0.72354,1.00,1.25
2017.01.03 05:07:34.348,0.72346,0.72354,1.00,1.25
2017.01.03 05:07:34.937,0.72344,0.72354,1.87,1.25
2017.01.03 05:07:35.340,0.72344,0.72351,1.50,1.25
2017.01.03 05:07:37.214,0.72345,0.72351,1.00,1.25
2017.01.03 05:07:37.316,0.72345,0.72354,1.50,1.25
2017.01.03 05:07:37.866,0.72346,0.72354,1.00,1.25
2017.01.03 05:07:46.657,0.72345,0.72354,2.25,1.25
2017.01.03 05:07:49.463,0.72345,0.72351,1.00,1.25
2017.01.03 05:07:49.969,0.72344,0.72351,2.25,1.25
2017.01.03 05:07:50.592,0.72345,0.72351,1.50,1.25
2017.01.03 05:07:50.693,0.72345,0.72354,2.25,1.25
2017.01.03 05:07:51.230,0.72347,0.72354,1.00,1.25
2017.01.03 05:07:51.955,0.72346,0.72354,2.25,1.25
2017.01.03 05:07:53.395,0.72347,0.72354,1.00,1.25
2017.01.03 05:07:53.973,0.72346,0.72354,1.50,1.25
2017.01.03 05:07:54.944,0.72345,0.72354,1.50,1.69
2017.01.03 05:07:56.025,0.72346,0.72354,1.00,1.31
2017.01.03 05:07:57.308,0.72345,0.72354,2.25,1.25
2017.01.03 05:07:57.841,0.72346,0.72354,1.00,1.25
2017.01.03 05:07:58.393,0.72347,0.72354,1.00,1.25
2017.01.03 05:07:58.938,0.72345,0.72354,2.25,1.25
2017.01.03 05:07:59.870,0.72346,0.72354,1.00,1.25
2017.01.03 05:08:00.460,0.72345,0.72354,2.25,1.25
2017.01.03 05:08:01.069,0.72346,0.72354,1.00,1.25
2017.01.03 05:08:01.295,0.72351,0.72355,1.00,1.31
2017.01.03 05:08:01.378,0.72351,0.72358,1.00,1.31
2017.01.03 05:08:05.880,0.7235,0.72358,1.00,2.44
2017.01.03 05:08:05.981,0.72346,0.72353,1.12,1.25
2017.01.03 05:08:07.586,0.72347,0.72353,1.00,1.25
2017.01.03 05:08:08.101,0.72346,0.72353,1.00,1.25
2017.01.03 05:08:09.342,0.72347,0.72353,1.00,1.25
2017.01.03 05:08:09.866,0.72346,0.72353,1.50,1.25
2017.01.03 05:08:10.406,0.72347,0.72353,1.00,1.25
2017.01.03 05:08:13.571,0.72346,0.72353,1.50,1.25
2017.01.03 05:08:14.135,0.72347,0.72353,1.00,1.25
2017.01.03 05:08:14.846,0.72346,0.72353,1.00,1.25
2017.01.03 05:08:15.358,0.72347,0.72353,1.00,1.25
2017.01.03 05:08:16.552,0.72346,0.72353,1.00,1.25
2017.01.03 05:08:23.496,0.72346,0.72354,1.00,1.25
2017.01.03 05:08:30.436,0.72348,0.72354,1.00,1.25
2017.01.03 05:08:30.965,0.72347,0.72354,1.00,1.25
2017.01.03 05:08:33.465,0.72346,0.72354,2.25,1.25
2017.01.03 05:08:42.238,0.72344,0.72354,2.62,1.25
2017.01.03 05:08:43.680,0.72345,0.72354,1.00,1.25
2017.01.03 05:08:47.049,0.72347,0.72354,1.50,1.25
2017.01.03 05:08:54.487,0.72347,0.72353,1.00,1.25
2017.01.03 05:09:06.848,0.7235,0.72358,1.00,1.69
2017.01.03 05:09:07.353,0.72348,0.72358,3.00,1.25
2017.01.03 05:09:09.266,0.72348,0.72357,1.12,1.00
2017.01.03 05:09:10.054,0.72349,0.72357,1.00,1.00
2017.01.03 05:09:11.905,0.72349,0.72358,1.00,1.69
2017.01.03 05:09:11.956,0.7235,0.7236,1.50,2.06
2017.01.03 05:09:12.057,0.72352,0.7236,1.50,1.69
2017.01.03 05:09:13.055,0.72353,0.7236,1.00,1.69
2017.01.03 05:09:19.100,0.72351,0.72357,1.00,1.00
2017.01.03 05:09:19.159,0.72348,0.72357,1.87,1.00
2017.01.03 05:09:19.776,0.72348,0.72358,1.87,1.69
2017.01.03 05:09:20.337,0.7235,0.72358,1.00,1.69
2017.01.03 05:09:22.689,0.72351,0.72358,1.00,1.25
2017.01.03 05:09:24.040,0.72352,0.72358,1.00,1.25
2017.01.03 05:09:24.407,0.7235,0.72358,1.12,1.25
2017.01.03 05:09:24.763,0.72348,0.72358,1.12,1.69
2017.01.03 05:09:28.034,0.72349,0.72358,1.00,1.69
2017.01.03 05:09:28.564,0.72348,0.72358,1.12,1.69
2017.01.03 05:09:30.519,0.72348,0.72355,1.00,1.00
2017.01.03 05:09:31.020,0.72347,0.72355,1.00,1.00
2017.01.03 05:09:31.273,0.72344,0.72353,1.00,1.25
2017.01.03 05:09:31.873,0.72345,0.72353,1.00,1.25
2017.01.03 05:09:35.288,0.72346,0.72353,1.00,1.00
2017.01.03 05:09:35.915,0.72346,0.72354,1.00,1.00
2017.01.03 05:09:38.137,0.72345,0.72354,1.50,1.00
2017.01.03 05:09:38.782,0.72344,0.72353,1.69,1.00
2017.01.03 05:09:42.844,0.72346,0.72355,1.00,1.00
2017.01.03 05:09:43.360,0.72346,0.72356,1.00,1.69
2017.01.03 05:09:48.015,0.72345,0.72356,2.25,1.69
2017.01.03 05:09:48.338,0.72347,0.72356,1.00,1.69
2017.01.03 05:09:59.782,0.72344,0.72355,4.69,1.00
2017.01.03 05:10:00.283,0.72345,0.72355,1.50,1.00
2017.01.03 05:10:01.842,0.72345,0.72354,1.50,1.00
2017.01.03 05:10:02.045,0.72343,0.72353,1.87,1.69
2017.01.03 05:10:02.196,0.72342,0.7235,1.00,1.00
2017.01.03 05:10:02.720,0.72341,0.7235,1.69,1.00
2017.01.03 05:10:10.455,0.72342,0.72351,1.00,1.00
2017.01.03 05:10:11.106,0.72343,0.72351,1.00,1.00
2017.01.03 05:10:11.258,0.72341,0.72351,1.31,1.00
2017.01.03 05:10:12.160,0.72342,0.72351,1.00,1.00
2017.01.03 05:10:17.898,0.72342,0.72353,1.50,3.19
2017.01.03 05:10:20.367,0.72342,0.7235,1.25,1.00
2017.01.03 05:10:21.446,0.72342,0.72349,1.25,1.00
2017.01.03 05:10:21.497,0.72338,0.72348,5.06,1.25
2017.01.03 05:10:22.012,0.72338,0.72348,2.81,1.25
2017.01.03 05:10:23.184,0.72341,0.72351,2.06,1.87
2017.01.03 05:10:23.488,0.72344,0.72353,1.00,2.44
2017.01.03 05:10:24.141,0.72344,0.72353,1.00,1.69
2017.01.03 05:10:27.091,0.72345,0.72353,1.00,1.25
2017.01.03 05:10:28.965,0.72344,0.72353,1.50,1.25
2017.01.03 05:10:31.892,0.72343,0.72353,1.87,1.25
2017.01.03 05:10:32.647,0.72341,0.72353,5.06,2.81
2017.01.03 05:10:33.152,0.72343,0.72353,1.00,4.69
2017.01.03 05:10:33.816,0.72342,0.72353,1.87,4.69
2017.01.03 05:10:35.463,0.72343,0.72353,1.00,3.19
2017.01.03 05:10:35.967,0.72342,0.72353,2.62,3.19
2017.01.03 05:10:36.672,0.72343,0.72353,1.00,3.19
2017.01.03 05:10:37.767,0.72342,0.72353,2.62,3.19
2017.01.03 05:10:38.281,0.72343,0.72353,1.00,3.19
2017.01.03 05:10:38.887,0.72342,0.72353,2.62,3.19
2017.01.03 05:10:39.808,0.72343,0.72353,1.00,3.19
2017.01.03 05:10:40.332,0.72342,0.72353,1.87,3.56
2017.01.03 05:10:41.155,0.72343,0.72353,1.00,3.56
2017.01.03 05:10:41.729,0.72342,0.72353,1.87,3.56
2017.01.03 05:10:42.902,0.72344,0.72353,1.00,3.19
2017.01.03 05:10:43.004,0.72341,0.72352,2.81,1.00
2017.01.03 05:10:43.105,0.72341,0.72351,2.06,1.50
2017.01.03 05:10:43.653,0.72339,0.72348,2.62,1.00
2017.01.03 05:10:43.704,0.72338,0.72349,3.19,1.69
2017.01.03 05:10:44.207,0.72338,0.72349,2.06,1.69
2017.01.03 05:10:46.180,0.72338,0.72349,1.12,1.19
2017.01.03 05:10:46.703,0.72338,0.72347,1.12,1.00
2017.01.03 05:10:49.645,0.72337,0.72346,2.25,1.00
2017.01.03 05:10:49.897,0.72337,0.72348,2.25,2.44
2017.01.03 05:10:53.191,0.72337,0.72346,1.00,1.00
2017.01.03 05:10:53.862,0.72337,0.72346,1.00,1.50
2017.01.03 05:10:54.015,0.72334,0.72344,1.12,2.06
2017.01.03 05:10:54.066,0.72334,0.72342,1.12,1.25
2017.01.03 05:10:54.622,0.72333,0.72342,1.00,2.06
2017.01.03 05:10:55.337,0.72332,0.72342,1.50,1.69
2017.01.03 05:10:55.915,0.72331,0.72342,2.62,1.69
2017.01.03 05:10:57.314,0.72333,0.72342,1.00,2.44
2017.01.03 05:10:57.851,0.72332,0.72342,1.50,2.44
2017.01.03 05:11:00.996,0.72331,0.72341,1.00,1.50
2017.01.03 05:11:01.299,0.7233,0.7234,1.31,1.12
2017.01.03 05:11:01.791,0.72333,0.72341,1.00,1.87
2017.01.03 05:11:01.952,0.72332,0.72342,1.00,2.44
2017.01.03 05:11:15.818,0.72333,0.72342,1.00,3.19
2017.01.03 05:11:21.207,0.72334,0.72342,1.00,2.44
2017.01.03 05:11:21.720,0.72333,0.72342,1.00,3.19
2017.01.03 05:11:24.860,0.72333,0.72342,1.00,3.19
2017.01.03 05:11:29.719,0.72332,0.72342,1.69,2.06
2017.01.03 05:11:33.343,0.72333,0.72342,1.00,2.06
2017.01.03 05:11:33.929,0.72333,0.72342,1.00,1.69
2017.01.03 05:11:39.025,0.72332,0.72341,1.69,1.50
2017.01.03 05:11:39.076,0.72329,0.72337,2.25,1.00
2017.01.03 05:11:39.177,0.72328,0.72338,1.31,2.44
2017.01.03 05:11:39.683,0.72329,0.72338,1.50,1.25
2017.01.03 05:11:40.619,0.72328,0.72337,1.69,1.00
2017.01.03 05:11:40.772,0.72326,0.72336,1.00,1.69
2017.01.03 05:11:41.828,0.72325,0.72336,1.50,2.06
2017.01.03 05:11:42.329,0.72326,0.72336,1.00,2.06
2017.01.03 05:11:42.856,0.72325,0.72336,1.50,2.06
2017.01.03 05:11:43.410,0.72326,0.72336,1.00,2.06
2017.01.03 05:11:44.030,0.72325,0.72336,1.50,2.06
2017.01.03 05:11:44.575,0.72326,0.72336,1.00,2.06
2017.01.03 05:11:46.559,0.72327,0.72336,1.00,1.69
2017.01.03 05:11:47.087,0.72326,0.72336,1.00,1.69
2017.01.03 05:11:47.486,0.72329,0.72338,1.00,3.19
2017.01.03 05:11:48.011,0.72328,0.72338,1.69,1.69
2017.01.03 05:11:48.827,0.72328,0.72337,1.25,1.00
2017.01.03 05:11:52.478,0.72328,0.72336,1.25,1.00
2017.01.03 05:11:55.227,0.72328,0.72335,1.25,1.00
2017.01.03 05:11:55.278,0.72325,0.72333,1.00,1.00
2017.01.03 05:11:55.379,0.72324,0.72335,2.44,1.00
2017.01.03 05:11:55.863,0.72326,0.72334,1.00,1.00
2017.01.03 05:11:56.015,0.72324,0.72334,2.06,1.00
2017.01.03 05:11:56.598,0.72325,0.72334,1.00,1.00
2017.01.03 05:11:57.261,0.72324,0.72334,2.44,1.00
2017.01.03 05:11:59.581,0.72326,0.72334,1.00,1.00
2017.01.03 05:12:00.101,0.72327,0.72334,1.00,1.00
2017.01.03 05:12:00.582,0.72325,0.72334,2.25,1.00
2017.01.03 05:12:00.734,0.72324,0.72332,1.25,1.00
2017.01.03 05:12:01.904,0.72322,0.72332,1.50,1.00
2017.01.03 05:12:05.830,0.72324,0.72332,1.00,1.00
2017.01.03 05:12:06.142,0.72324,0.72332,1.00,1.69
2017.01.03 05:12:06.660,0.72324,0.72331,1.00,1.25
2017.01.03 05:12:11.891,0.72323,0.72331,1.12,1.69
2017.01.03 05:12:12.194,0.72326,0.72331,1.00,1.69
2017.01.03 05:12:12.443,0.72324,0.72331,1.12,1.00
2017.01.03 05:12:12.944,0.72325,0.72331,1.00,1.00
2017.01.03 05:12:13.477,0.72324,0.72331,1.12,1.00
2017.01.03 05:12:14.015,0.72325,0.72331,1.00,1.00
2017.01.03 05:12:14.563,0.72326,0.72331,1.00,1.00
2017.01.03 05:12:14.906,0.72324,0.72331,1.12,1.00
2017.01.03 05:12:15.427,0.72325,0.72331,1.00,1.00
2017.01.03 05:12:17.014,0.72322,0.72331,2.62,1.00
2017.01.03 05:12:17.267,0.72322,0.7233,1.50,1.00
2017.01.03 05:12:27.244,0.72322,0.72332,1.31,1.69
2017.01.03 05:12:33.513,0.72322,0.7233,1.25,1.00
2017.01.03 05:12:33.817,0.72322,0.72328,1.25,1.00
2017.01.03 05:12:33.897,0.72318,0.72327,2.06,1.37
2017.01.03 05:12:41.454,0.72318,0.72327,1.31,1.00
2017.01.03 05:12:51.491,0.72317,0.72327,1.31,1.50
2017.01.03 05:12:52.664,0.72317,0.72326,1.31,1.00
2017.01.03 05:12:53.187,0.72317,0.72327,1.31,1.00
2017.01.03 05:12:53.519,0.72318,0.72329,1.00,4.31
2017.01.03 05:12:53.867,0.72318,0.72327,1.00,1.00
2017.01.03 05:12:54.129,0.72318,0.72329,1.00,4.31
2017.01.03 05:12:54.383,0.72318,0.72327,1.00,1.00
2017.01.03 05:12:54.714,0.72318,0.72325,1.25,1.12
2017.01.03 05:12:55.158,0.72315,0.72325,2.44,2.06
2017.01.03 05:12:55.722,0.72315,0.72325,1.69,1.31
2017.01.03 05:12:56.645,0.72316,0.72325,1.00,1.31
2017.01.03 05:12:59.403,0.72316,0.72324,1.00,1.00
2017.01.03 05:13:01.896,0.72316,0.72325,1.00,1.12
2017.01.03 05:13:04.830,0.72316,0.72324,1.00,1.00
2017.01.03 05:13:05.431,0.72316,0.72325,1.00,1.00
2017.01.03 05:13:05.949,0.72314,0.72325,1.50,1.87
2017.01.03 05:13:06.502,0.72315,0.72326,1.50,2.81
2017.01.03 05:13:07.461,0.72315,0.72325,1.50,1.00
2017.01.03 05:13:08.195,0.72315,0.72326,1.50,2.81
2017.01.03 05:13:08.930,0.72315,0.72325,1.50,1.00
2017.01.03 05:13:10.094,0.72315,0.72326,1.50,2.81
2017.01.03 05:13:11.130,0.72316,0.72326,1.00,2.81
2017.01.03 05:13:11.732,0.72316,0.72325,1.00,1.00
2017.01.03 05:13:12.956,0.72316,0.72324,1.00,1.00
2017.01.03 05:13:13.464,0.72316,0.72325,1.00,1.00
2017.01.03 05:13:14.102,0.72315,0.72325,1.50,1.00
2017.01.03 05:13:14.254,0.72315,0.72323,1.00,1.00
2017.01.03 05:13:14.797,0.72314,0.72323,1.25,1.00
2017.01.03 05:13:18.469,0.72314,0.72324,1.25,1.00
2017.01.03 05:13:19.498,0.72314,0.72323,1.25,1.00
2017.01.03 05:13:20.013,0.72314,0.72322,1.25,1.00
2017.01.03 05:13:20.064,0.72314,0.72324,1.25,1.00
2017.01.03 05:13:20.572,0.72314,0.72323,1.25,1.00
2017.01.03 05:13:20.673,0.72314,0.72325,1.69,3.00
2017.01.03 05:13:21.213,0.72316,0.72326,1.00,1.69
2017.01.03 05:13:21.718,0.72317,0.72326,1.12,1.25
2017.01.03 05:13:22.220,0.72317,0.72325,1.12,1.00
2017.01.03 05:13:22.771,0.72317,0.72326,1.12,1.25
2017.01.03 05:13:23.075,0.72323,0.72331,1.00,1.62
2017.01.03 05:13:23.377,0.72325,0.72334,1.69,1.00
2017.01.03 05:13:23.883,0.72325,0.72333,1.69,1.00
2017.01.03 05:13:25.072,0.72325,0.72332,1.25,1.00
2017.01.03 05:13:25.224,0.72323,0.72332,1.12,1.00
2017.01.03 05:13:25.746,0.72323,0.72333,1.12,2.44
2017.01.03 05:13:26.114,0.72323,0.72331,1.12,1.00
2017.01.03 05:13:26.338,0.72323,0.72333,1.12,1.69
2017.01.03 05:13:26.842,0.72323,0.72332,1.12,1.00
2017.01.03 05:13:27.838,0.72323,0.72333,1.12,1.25
2017.01.03 05:13:28.355,0.72323,0.72332,1.12,1.00
2017.01.03 05:13:30.787,0.72323,0.72331,1.12,1.00
2017.01.03 05:13:31.294,0.72322,0.7233,2.25,1.00
2017.01.03 05:13:31.881,0.72322,0.72331,2.62,1.00
2017.01.03 05:13:32.421,0.72322,0.7233,1.12,1.00
2017.01.03 05:13:33.567,0.7232,0.7233,1.00,1.00
2017.01.03 05:13:33.618,0.7232,0.72328,1.00,1.00
2017.01.03 05:13:34.151,0.7232,0.72329,1.00,1.00
2017.01.03 05:13:34.501,0.72315,0.72325,1.50,1.25
2017.01.03 05:13:38.462,0.72315,0.72324,1.00,1.00
2017.01.03 05:13:39.212,0.72315,0.72325,1.00,1.69
2017.01.03 05:13:40.014,0.72316,0.72325,1.50,1.25
2017.01.03 05:13:40.065,0.72319,0.72325,1.00,1.25
2017.01.03 05:13:40.218,0.72319,0.72328,1.00,1.69
2017.01.03 05:13:44.233,0.72318,0.72328,1.00,1.25
2017.01.03 05:13:45.017,0.7232,0.72328,1.00,1.25
2017.01.03 05:13:45.606,0.72319,0.72327,1.50,1.00
2017.01.03 05:13:46.111,0.72319,0.72328,1.00,2.44
2017.01.03 05:13:46.903,0.72319,0.72328,1.00,2.44
2017.01.03 05:13:47.452,0.72319,0.72328,1.00,2.06
2017.01.03 05:13:47.961,0.72319,0.72328,1.00,2.06
2017.01.03 05:13:48.925,0.72319,0.72327,1.00,1.00
2017.01.03 05:13:49.538,0.72319,0.72328,1.00,2.81
2017.01.03 05:13:50.085,0.72319,0.72327,1.00,1.00
2017.01.03 05:13:50.613,0.7232,0.72328,1.00,1.69
2017.01.03 05:13:54.848,0.7232,0.72327,1.00,1.00
2017.01.03 05:13:58.804,0.7232,0.72328,1.00,1.00
2017.01.03 05:13:59.401,0.7232,0.72329,1.00,2.44
2017.01.03 05:13:59.910,0.7232,0.72328,1.00,1.00
2017.01.03 05:14:00.465,0.7232,0.72327,1.00,1.00
2017.01.03 05:14:00.609,0.7232,0.72329,1.00,3.19
2017.01.03 05:14:01.159,0.7232,0.72328,1.00,1.00
2017.01.03 05:14:04.314,0.7232,0.72326,1.00,1.00
2017.01.03 05:14:04.465,0.7232,0.72328,1.00,1.00
2017.01.03 05:14:04.926,0.7232,0.72326,1.00,1.00
2017.01.03 05:14:06.924,0.7232,0.72328,1.00,1.00
2017.01.03 05:14:08.010,0.7232,0.72326,1.00,1.00
2017.01.03 05:14:08.674,0.7232,0.72327,1.00,1.00
2017.01.03 05:14:10.312,0.72319,0.72327,1.00,1.00
2017.01.03 05:14:10.363,0.72317,0.72327,1.69,1.00
2017.01.03 05:14:10.515,0.72317,0.72327,2.06,1.00
2017.01.03 05:14:11.170,0.72319,0.72327,1.37,1.00
2017.01.03 05:14:12.409,0.72317,0.72327,2.06,1.00
2017.01.03 05:14:12.479,0.72317,0.72327,1.69,1.00
2017.01.03 05:14:14.304,0.72317,0.72328,1.69,1.50
2017.01.03 05:14:15.318,0.72317,0.72327,1.69,1.00
2017.01.03 05:14:15.892,0.72317,0.72328,1.69,1.50
2017.01.03 05:14:20.973,0.72317,0.72325,1.69,1.00
2017.01.03 05:14:21.474,0.72317,0.72327,1.69,2.25
2017.01.03 05:14:22.008,0.72317,0.72326,1.69,1.00
2017.01.03 05:14:22.954,0.72317,0.72327,1.69,1.50
2017.01.03 05:14:26.791,0.72317,0.72326,1.69,1.00
2017.01.03 05:14:27.523,0.72317,0.72327,1.69,1.00
2017.01.03 05:14:29.500,0.72317,0.72326,1.69,1.00
2017.01.03 05:14:30.163,0.72317,0.72327,1.69,1.50
2017.01.03 05:14:34.512,0.72317,0.72326,2.44,1.00
2017.01.03 05:14:35.317,0.72317,0.72327,2.44,1.50
2017.01.03 05:14:35.953,0.72317,0.72326,2.44,1.00
2017.01.03 05:14:36.512,0.72317,0.72327,2.44,1.50
2017.01.03 05:14:37.035,0.72317,0.72326,2.44,1.00
2017.01.03 05:14:38.092,0.72317,0.72327,2.44,1.50
2017.01.03 05:14:38.624,0.72317,0.72326,2.44,1.00
2017.01.03 05:14:39.278,0.72317,0.72327,2.44,1.50
2017.01.03 05:14:40.078,0.72317,0.72326,2.44,1.00
2017.01.03 05:14:40.744,0.72317,0.72327,2.44,1.00
2017.01.03 05:14:41.638,0.72317,0.72326,2.44,1.00
2017.01.03 05:14:42.164,0.72317,0.72327,2.44,1.50
2017.01.03 05:14:42.730,0.72317,0.72326,2.44,1.00
2017.01.03 05:14:43.259,0.72317,0.72327,2.44,1.50
2017.01.03 05:14:43.832,0.72317,0.72326,2.44,1.00
2017.01.03 05:14:44.382,0.72317,0.72327,2.44,1.50
2017.01.03 05:14:45.140,0.72317,0.72326,2.44,1.00
2017.01.03 05:14:45.752,0.72317,0.72327,2.44,1.50
2017.01.03 05:14:46.411,0.72317,0.72326,2.44,1.00
2017.01.03 05:14:47.055,0.72317,0.72327,2.44,1.00
2017.01.03 05:14:49.222,0.72317,0.72326,2.44,1.00
2017.01.03 05:14:49.763,0.72317,0.72327,2.44,1.00
2017.01.03 05:14:53.613,0.72317,0.72325,1.69,1.00
2017.01.03 05:14:53.948,0.72317,0.72327,1.69,1.50
2017.01.03 05:14:54.479,0.72318,0.72327,1.25,1.50
2017.01.03 05:14:58.458,0.72318,0.72326,1.25,1.00
2017.01.03 05:14:58.509,0.72316,0.72326,1.50,2.44
2017.01.03 05:14:58.610,0.72314,0.72324,2.81,1.00
2017.01.03 05:14:58.661,0.72314,0.72324,2.44,1.50
2017.01.03 05:14:58.813,0.72314,0.72322,1.12,1.00
2017.01.03 05:15:00.159,0.72314,0.72323,1.00,1.69
2017.01.03 05:15:00.796,0.72314,0.72321,1.00,1.00
2017.01.03 05:15:01.316,0.72314,0.72322,1.00,1.50
2017.01.03 05:15:04.909,0.72313,0.72321,1.87,1.00
2017.01.03 05:15:05.414,0.72313,0.72322,1.87,1.00
2017.01.03 05:15:06.172,0.72313,0.72322,1.00,1.50
2017.01.03 05:15:16.531,0.72313,0.72321,1.00,1.00
2017.01.03 05:15:17.079,0.72313,0.72322,1.12,1.00
2017.01.03 05:15:21.971,0.72314,0.72323,1.00,1.25
2017.01.03 05:15:22.073,0.72316,0.72326,1.25,2.25
2017.01.03 05:15:22.299,0.72315,0.72323,1.37,1.25
2017.01.03 05:15:22.502,0.72313,0.72323,1.69,1.25
2017.01.03 05:15:26.621,0.72313,0.72322,1.31,1.00
2017.01.03 05:15:27.132,0.72313,0.72321,1.31,1.00
2017.01.03 05:15:27.726,0.72313,0.72322,1.31,1.00
2017.01.03 05:15:28.244,0.72313,0.72321,1.31,1.00
2017.01.03 05:15:28.726,0.72313,0.72323,1.31,1.69
2017.01.03 05:15:36.719,0.72313,0.72322,1.25,1.00
2017.01.03 05:15:37.288,0.72313,0.7232,1.69,1.00
2017.01.03 05:15:38.136,0.72313,0.72322,1.69,1.87
2017.01.03 05:15:39.344,0.72313,0.72321,1.69,1.00
2017.01.03 05:15:41.558,0.72313,0.72322,1.00,1.12
2017.01.03 05:15:54.766,0.72313,0.72321,1.12,1.00
2017.01.03 05:15:55.335,0.72313,0.72322,1.12,1.00
2017.01.03 05:15:57.792,0.72313,0.72321,1.12,1.00
2017.01.03 05:15:58.382,0.72313,0.72322,1.12,1.50
2017.01.03 05:15:59.139,0.72313,0.72321,1.12,1.00
2017.01.03 05:15:59.679,0.72313,0.72322,1.12,1.50
2017.01.03 05:16:02.928,0.72316,0.72324,1.50,1.69
2017.01.03 05:16:03.029,0.72315,0.72326,2.06,2.62
2017.01.03 05:16:03.080,0.72315,0.72324,1.69,3.75
2017.01.03 05:16:03.384,0.72313,0.72318,1.50,2.25
2017.01.03 05:16:03.536,0.72313,0.72321,1.37,1.00
2017.01.03 05:16:04.137,0.72313,0.72322,1.87,1.69
2017.01.03 05:16:04.680,0.72313,0.72321,1.87,1.00
2017.01.03 05:16:05.490,0.72313,0.72322,1.87,1.69
2017.01.03 05:16:14.953,0.72314,0.7232,1.12,1.25
2017.01.03 05:16:15.777,0.72318,0.72325,1.00,1.00
2017.01.03 05:16:16.198,0.72315,0.72323,1.87,1.00
2017.01.03 05:16:16.249,0.72314,0.72323,1.50,1.00
2017.01.03 05:16:16.766,0.72313,0.72322,2.81,1.00
2017.01.03 05:16:19.607,0.72313,0.72324,2.44,1.50
2017.01.03 05:16:19.658,0.72316,0.72325,1.50,1.31
2017.01.03 05:16:19.810,0.72315,0.72327,2.25,2.44
2017.01.03 05:16:19.861,0.72315,0.72324,3.00,1.25
2017.01.03 05:16:19.962,0.72314,0.72324,2.25,1.25
2017.01.03 05:16:21.412,0.72316,0.72324,1.00,1.25
2017.01.03 05:16:21.930,0.72317,0.72324,1.00,1.25
2017.01.03 05:16:29.256,0.72316,0.72324,1.00,1.25
2017.01.03 05:16:29.416,0.72314,0.72323,1.87,1.00
2017.01.03 05:16:29.719,0.72314,0.72321,1.00,1.00
2017.01.03 05:16:30.023,0.72306,0.72313,1.12,1.25
2017.01.03 05:16:30.529,0.72306,0.72314,1.50,1.25
2017.01.03 05:16:31.054,0.72306,0.72314,1.00,1.25
2017.01.03 05:16:32.917,0.72303,0.72314,3.37,1.69
2017.01.03 05:16:33.577,0.72304,0.72313,1.12,1.00
2017.01.03 05:16:34.450,0.72304,0.72314,1.12,1.69
2017.01.03 05:16:34.602,0.72306,0.72316,1.87,1.37
2017.01.03 05:16:34.653,0.72306,0.72317,1.12,3.94
2017.01.03 05:16:37.970,0.72309,0.72317,1.00,1.31
2017.01.03 05:16:38.071,0.72309,0.72319,1.12,1.31
2017.01.03 05:16:39.587,0.72307,0.72315,1.87,1.25
2017.01.03 05:16:39.638,0.72307,0.72315,1.00,1.25
2017.01.03 05:16:40.175,0.72308,0.72315,1.12,1.25
2017.01.03 05:16:43.613,0.72306,0.72315,1.50,1.25
2017.01.03 05:16:45.258,0.72306,0.72316,1.50,1.00
2017.01.03 05:16:45.832,0.72307,0.72317,1.00,2.44
2017.01.03 05:16:52.536,0.72306,0.72317,3.37,1.69
2017.01.03 05:16:54.473,0.72307,0.72317,1.00,2.44
2017.01.03 05:17:03.525,0.72307,0.72316,2.25,1.25
2017.01.03 05:17:07.534,0.72308,0.72316,1.00,1.25
2017.01.03 05:17:13.683,0.72306,0.72316,4.69,1.25
2017.01.03 05:17:15.691,0.72308,0.72316,1.00,1.25
2017.01.03 05:17:16.196,0.72309,0.72316,1.00,1.25
2017.01.03 05:17:18.512,0.7231,0.72319,1.25,1.12
2017.01.03 05:17:19.752,0.7231,0.72318,1.25,1.00
2017.01.03 05:17:20.289,0.7231,0.72319,1.25,1.87
2017.01.03 05:17:24.468,0.7231,0.72318,1.25,1.12
2017.01.03 05:17:25.718,0.7231,0.72317,1.25,1.00
2017.01.03 05:17:26.247,0.7231,0.72318,1.25,1.12
2017.01.03 05:17:27.112,0.7231,0.72319,1.69,1.00
2017.01.03 05:17:44.562,0.7231,0.72318,1.25,1.00
2017.01.03 05:17:54.487,0.72309,0.72318,1.69,1.00
2017.01.03 05:17:55.097,0.72309,0.72319,1.25,1.00
2017.01.03 05:17:59.644,0.72309,0.72317,1.25,1.00
2017.01.03 05:17:59.804,0.72305,0.72316,3.56,1.12
2017.01.03 05:18:02.892,0.72307,0.72316,1.00,1.12
2017.01.03 05:18:12.127,0.72308,0.72317,1.00,1.31
2017.01.03 05:18:12.279,0.7231,0.7232,1.25,2.06
2017.01.03 05:18:12.804,0.72311,0.7232,1.00,2.44
2017.01.03 05:18:15.371,0.7231,0.72318,2.06,1.00
2017.01.03 05:18:15.876,0.7231,0.72317,1.25,1.00
2017.01.03 05:18:16.132,0.7231,0.72319,1.31,1.00
2017.01.03 05:18:16.699,0.7231,0.7232,1.31,2.44
2017.01.03 05:18:17.322,0.7231,0.72319,1.31,1.00
2017.01.03 05:18:17.882,0.7231,0.72319,1.62,1.00
2017.01.03 05:18:22.433,0.7231,0.7232,1.62,2.44
2017.01.03 05:18:23.015,0.72312,0.7232,1.00,1.25
2017.01.03 05:18:24.407,0.72313,0.7232,1.00,1.25
2017.01.03 05:18:24.508,0.72311,0.7232,1.50,1.69
2017.01.03 05:18:24.761,0.7231,0.72318,1.62,1.00
2017.01.03 05:18:24.995,0.7231,0.7232,1.62,2.44
2017.01.03 05:18:25.104,0.7231,0.72318,1.62,1.00
2017.01.03 05:18:25.205,0.7231,0.7232,1.62,1.69
2017.01.03 05:18:25.768,0.7231,0.72318,2.06,1.00
2017.01.03 05:18:26.489,0.7231,0.72318,1.31,1.00
2017.01.03 05:18:27.349,0.7231,0.7232,1.31,2.44
2017.01.03 05:18:27.638,0.7231,0.72318,1.31,1.00
2017.01.03 05:18:27.941,0.72317,0.72326,1.00,1.87
2017.01.03 05:18:28.144,0.72315,0.72323,1.00,1.69
2017.01.03 05:18:28.737,0.72314,0.72323,1.00,1.25
2017.01.03 05:18:37.098,0.72314,0.72322,1.00,1.00
2017.01.03 05:18:37.688,0.72313,0.72322,1.31,1.50
2017.01.03 05:18:37.739,0.72313,0.72319,1.31,1.00
2017.01.03 05:18:39.491,0.72313,0.72321,1.31,2.25
2017.01.03 05:18:40.043,0.72313,0.7232,1.31,1.00
2017.01.03 05:18:42.262,0.72313,0.72321,1.31,1.00
2017.01.03 05:18:42.464,0.72313,0.72323,1.31,2.44
2017.01.03 05:18:43.322,0.72314,0.72323,1.00,1.25
2017.01.03 05:18:43.423,0.72316,0.72323,1.00,1.25
2017.01.03 05:18:49.527,0.72314,0.72323,1.12,1.25
2017.01.03 05:18:52.618,0.72316,0.72326,2.44,3.00
2017.01.03 05:18:52.720,0.72316,0.72325,1.69,1.12
2017.01.03 05:18:52.821,0.72316,0.72326,2.44,1.00
2017.01.03 05:18:53.668,0.72317,0.72326,1.00,1.50
2017.01.03 05:18:54.142,0.72316,0.72324,1.69,1.00
2017.01.03 05:18:54.445,0.72313,0.72322,1.25,1.00
2017.01.03 05:18:55.787,0.72313,0.72321,1.25,1.00
2017.01.03 05:18:56.545,0.72313,0.72322,1.25,1.00
2017.01.03 05:18:57.070,0.72313,0.72321,1.25,1.00
2017.01.03 05:18:58.574,0.72313,0.72322,1.25,1.00
2017.01.03 05:18:59.075,0.72313,0.72321,1.25,1.00
2017.01.03 05:18:59.574,0.72311,0.7232,1.00,1.50
2017.01.03 05:19:00.080,0.7231,0.72319,1.00,1.00
2017.01.03 05:19:01.159,0.7231,0.72318,1.00,1.00
2017.01.03 05:19:01.732,0.7231,0.72319,1.00,1.00
2017.01.03 05:19:02.310,0.7231,0.72318,1.00,1.00
2017.01.03 05:19:02.868,0.7231,0.72319,1.00,1.12
2017.01.03 05:19:03.739,0.7231,0.72318,1.00,1.00
2017.01.03 05:19:04.270,0.7231,0.72319,1.00,1.12
2017.01.03 05:19:05.854,0.7231,0.72318,1.00,1.00
2017.01.03 05:19:06.412,0.7231,0.7232,1.00,2.25
2017.01.03 05:19:08.680,0.7231,0.72318,1.00,1.00
2017.01.03 05:19:09.233,0.7231,0.7232,1.00,2.25
2017.01.03 05:19:16.588,0.72308,0.72316,1.00,1.69
2017.01.03 05:19:17.184,0.72307,0.72316,1.00,1.69
2017.01.03 05:19:30.893,0.7231,0.72319,1.25,1.87
2017.01.03 05:19:31.236,0.72312,0.7232,1.00,1.25
2017.01.03 05:19:32.993,0.7231,0.7232,2.44,1.25
2017.01.03 05:19:33.527,0.7231,0.72319,1.69,1.00
2017.01.03 05:19:35.233,0.7231,0.7232,1.69,1.69
2017.01.03 05:19:35.987,0.7231,0.72319,1.69,1.00
2017.01.03 05:19:36.549,0.7231,0.7232,1.69,1.69
2017.01.03 05:19:37.042,0.7231,0.72318,1.69,1.00
2017.01.03 05:19:37.092,0.7231,0.7232,1.69,1.69
2017.01.03 05:19:37.966,0.7231,0.72319,1.69,1.00
2017.01.03 05:19:38.473,0.7231,0.7232,1.69,1.69
2017.01.03 05:19:39.650,0.7231,0.72319,2.06,1.00
2017.01.03 05:19:40.208,0.7231,0.7232,1.69,1.69
2017.01.03 05:19:41.395,0.7231,0.72319,1.69,1.00
2017.01.03 05:19:41.968,0.7231,0.7232,1.69,1.69
2017.01.03 05:19:42.484,0.7231,0.72319,1.69,1.00
2017.01.03 05:19:44.539,0.7231,0.7232,1.69,3.19
2017.01.03 05:19:45.186,0.7231,0.72319,1.69,1.00
2017.01.03 05:19:45.709,0.72311,0.72319,1.00,1.00
2017.01.03 05:19:46.525,0.72311,0.7232,1.00,1.69
2017.01.03 05:19:47.056,0.72311,0.72319,1.00,1.00
2017.01.03 05:19:47.802,0.72311,0.7232,1.00,1.69
2017.01.03 05:19:48.317,0.72311,0.72319,1.00,1.00
2017.01.03 05:19:48.973,0.72311,0.7232,1.00,1.69
2017.01.03 05:19:49.555,0.72311,0.72319,1.00,1.00
2017.01.03 05:19:50.151,0.7231,0.72319,1.69,1.00
2017.01.03 05:19:51.356,0.7231,0.7232,1.69,2.44
2017.01.03 05:19:51.962,0.7231,0.72319,1.69,1.00
2017.01.03 05:19:54.552,0.7231,0.7232,1.00,1.50
2017.01.03 05:19:55.471,0.7231,0.72319,1.00,1.00
2017.01.03 05:19:56.208,0.7231,0.7232,1.00,1.00
2017.01.03 05:19:58.661,0.7231,0.72319,1.00,1.00
2017.01.03 05:19:59.193,0.7231,0.7232,1.00,2.25
2017.01.03 05:19:59.723,0.7231,0.72319,1.00,1.00
2017.01.03 05:20:02.846,0.7231,0.72318,1.00,1.00
2017.01.03 05:20:03.448,0.7231,0.72319,1.00,1.00
2017.01.03 05:20:03.550,0.72311,0.72321,1.00,1.25
2017.01.03 05:20:03.600,0.72313,0.72322,1.50,1.12
2017.01.03 05:20:04.206,0.72313,0.72323,1.00,1.87
2017.01.03 05:20:04.745,0.72313,0.72324,2.25,2.44
2017.01.03 05:20:25.756,0.72313,0.72324,1.00,2.44
2017.01.03 05:20:26.260,0.72312,0.72324,1.69,3.19
2017.01.03 05:20:28.250,0.72312,0.72321,1.25,1.00
2017.01.03 05:20:28.625,0.72314,0.72322,1.00,1.25
2017.01.03 05:20:28.903,0.72315,0.72324,1.25,1.00
2017.01.03 05:20:33.672,0.72315,0.72325,2.44,1.31
2017.01.03 05:20:51.167,0.72315,0.72324,1.69,1.00
2017.01.03 05:20:53.705,0.72317,0.72324,1.00,1.50
2017.01.03 05:20:53.756,0.72314,0.72324,2.44,1.00
2017.01.03 05:20:53.807,0.72317,0.72326,1.00,2.25
2017.01.03 05:20:53.960,0.72319,0.72329,1.00,2.25
2017.01.03 05:20:54.736,0.72322,0.72331,1.00,2.06
2017.01.03 05:20:55.039,0.72324,0.72333,1.00,3.75
2017.01.03 05:20:55.570,0.72324,0.72333,1.00,2.25
2017.01.03 05:20:56.416,0.72324,0.72334,1.00,3.75
2017.01.03 05:20:59.015,0.72324,0.72332,1.00,1.50
2017.01.03 05:20:59.120,0.72322,0.72332,1.69,1.50
2017.01.03 05:21:06.259,0.72323,0.72332,1.00,1.00
2017.01.03 05:21:06.772,0.72323,0.72333,1.00,1.50
2017.01.03 05:21:09.756,0.72322,0.72332,1.69,1.12
2017.01.03 05:21:14.984,0.72323,0.72332,1.00,1.12
2017.01.03 05:21:15.516,0.72324,0.72333,1.00,1.00
2017.01.03 05:21:15.718,0.72322,0.72333,2.06,1.00
2017.01.03 05:21:16.230,0.72322,0.72334,2.06,4.87
2017.01.03 05:21:18.922,0.72323,0.72334,1.00,4.50
2017.01.03 05:21:19.429,0.72324,0.72334,1.00,4.50
2017.01.03 05:21:24.150,0.72322,0.72332,2.44,1.00
2017.01.03 05:21:24.693,0.72323,0.72334,1.69,3.56
2017.01.03 05:21:25.259,0.72324,0.72334,1.00,3.19
2017.01.03 05:21:25.861,0.72324,0.72334,1.00,4.31
2017.01.03 05:21:30.479,0.72323,0.72334,1.25,4.31
2017.01.03 05:21:43.347,0.72323,0.72334,1.69,2.81
2017.01.03 05:21:43.851,0.72324,0.72334,1.00,3.19
2017.01.03 05:21:44.386,0.72324,0.72334,1.00,2.44
2017.01.03 05:21:48.083,0.72324,0.72334,1.00,3.19
2017.01.03 05:21:54.165,0.72325,0.72334,1.00,2.81
2017.01.03 05:21:54.317,0.72325,0.72336,2.44,3.75
2017.01.03 05:21:54.419,0.72328,0.72336,1.25,1.12
2017.01.03 05:21:55.227,0.72328,0.72337,1.69,1.50
2017.01.03 05:22:00.766,0.72331,0.72337,1.00,1.12
2017.01.03 05:22:00.817,0.72332,0.72339,1.00,1.00
2017.01.03 05:22:00.918,0.72332,0.72343,1.69,2.62
2017.01.03 05:22:03.909,0.72332,0.72342,1.25,1.00
2017.01.03 05:22:04.466,0.72332,0.7234,1.25,1.00
2017.01.03 05:22:04.968,0.72332,0.72341,1.25,1.12
2017.01.03 05:22:07.263,0.72332,0.72342,1.69,1.50
2017.01.03 05:22:12.936,0.72332,0.72341,1.25,1.00
2017.01.03 05:22:15.186,0.72332,0.7234,1.25,3.00
2017.01.03 05:22:15.259,0.72329,0.72338,1.25,2.25
2017.01.03 05:22:15.636,0.72329,0.7234,1.69,1.25
2017.01.03 05:22:22.509,0.7233,0.7234,1.00,1.25
2017.01.03 05:22:23.063,0.72329,0.7234,3.19,1.25
2017.01.03 05:22:27.139,0.72331,0.7234,1.00,1.31
2017.01.03 05:22:27.190,0.72329,0.7234,3.19,1.31
2017.01.03 05:22:31.038,0.7233,0.7234,1.00,1.25
2017.01.03 05:22:31.198,0.72332,0.7234,1.00,1.25
2017.01.03 05:22:39.521,0.72332,0.72341,1.00,1.25
2017.01.03 05:22:47.381,0.7233,0.72341,1.50,1.25
2017.01.03 05:22:47.684,0.72328,0.72339,3.75,1.25
2017.01.03 05:22:48.179,0.7233,0.72339,1.00,1.25
2017.01.03 05:22:59.463,0.72328,0.72338,1.50,1.00
2017.01.03 05:23:00.064,0.72328,0.72339,1.12,2.44
2017.01.03 05:23:00.737,0.72329,0.72339,1.12,1.25
2017.01.03 05:23:02.734,0.7233,0.72339,1.00,1.25
2017.01.03 05:23:03.462,0.72331,0.72339,1.00,1.25
2017.01.03 05:23:05.499,0.72331,0.72338,1.00,1.25
2017.01.03 05:23:08.199,0.72331,0.72342,1.69,3.37
2017.01.03 05:23:08.714,0.72332,0.72342,1.00,1.87
2017.01.03 05:23:10.015,0.72331,0.72342,1.25,1.87
2017.01.03 05:23:15.902,0.72331,0.72341,1.25,2.25
2017.01.03 05:23:24.299,0.72332,0.72342,1.00,1.87
2017.01.03 05:23:24.804,0.72331,0.72342,2.44,1.87
2017.01.03 05:23:25.410,0.72331,0.72343,1.69,8.44
2017.01.03 05:23:26.527,0.72332,0.72342,1.25,1.69
2017.01.03 05:23:29.950,0.72332,0.72342,1.69,2.44
2017.01.03 05:23:33.536,0.72332,0.72341,1.69,1.12
2017.01.03 05:23:33.789,0.72328,0.72339,3.75,1.31
2017.01.03 05:23:37.833,0.7233,0.72339,1.00,1.31
2017.01.03 05:23:51.531,0.7233,0.72338,1.00,1.25
2017.01.03 05:23:54.494,0.7233,0.72339,1.00,1.31
2017.01.03 05:24:37.968,0.72329,0.72339,1.12,1.25
2017.01.03 05:24:39.525,0.72329,0.72338,1.12,1.25
2017.01.03 05:24:54.600,0.72329,0.72339,1.00,1.25
2017.01.03 05:24:56.009,0.72328,0.72339,2.25,1.25
2017.01.03 05:24:56.464,0.72328,0.72338,1.00,4.31
2017.01.03 05:24:59.843,0.72326,0.72338,1.00,5.06
2017.01.03 05:24:59.995,0.72326,0.72335,1.00,1.25
2017.01.03 05:25:15.119,0.72327,0.72335,1.00,1.25
2017.01.03 05:25:17.489,0.72327,0.72334,1.00,1.25
2017.01.03 05:25:17.579,0.72325,0.72334,2.25,1.25
2017.01.03 05:25:18.361,0.72326,0.72334,1.00,1.25
2017.01.03 05:25:18.975,0.72325,0.72334,1.00,1.25
2017.01.03 05:25:19.477,0.72326,0.72334,1.00,1.25
2017.01.03 05:25:22.157,0.72327,0.72337,1.00,2.06
2017.01.03 05:25:22.675,0.72326,0.72335,1.00,1.25
2017.01.03 05:25:28.163,0.72328,0.72337,1.00,1.50
2017.01.03 05:25:28.799,0.7233,0.72338,1.00,1.69
2017.01.03 05:25:33.729,0.72329,0.72338,1.00,1.69
2017.01.03 05:25:34.146,0.72329,0.72334,1.00,1.25
2017.01.03 05:25:34.197,0.72329,0.72337,1.50,1.62
2017.01.03 05:25:50.548,0.7233,0.72337,1.00,1.62
2017.01.03 05:25:51.050,0.72329,0.72337,1.50,1.62
2017.01.03 05:26:13.011,0.72327,0.72337,3.37,1.62
2017.01.03 05:26:14.264,0.72327,0.72337,1.87,1.62
2017.01.03 05:26:14.315,0.72329,0.72337,1.00,1.62
2017.01.03 05:26:15.901,0.72328,0.72337,1.50,1.62
2017.01.03 05:26:16.303,0.72326,0.72337,1.69,2.44
2017.01.03 05:26:16.707,0.72328,0.72337,1.00,1.62
2017.01.03 05:26:21.866,0.72329,0.72337,1.00,1.62
2017.01.03 05:26:22.176,0.72331,0.72337,1.00,1.62
2017.01.03 05:26:22.769,0.72331,0.72337,1.00,1.25
2017.01.03 05:26:22.921,0.7233,0.72341,1.50,1.50
2017.01.03 05:26:23.425,0.72331,0.72341,1.00,1.50
2017.01.03 05:26:23.942,0.72332,0.72342,1.50,2.81
2017.01.03 05:26:24.043,0.72332,0.72342,1.50,1.69
2017.01.03 05:26:25.176,0.72333,0.72342,1.00,1.31
2017.01.03 05:26:27.360,0.72334,0.72342,1.00,1.25
2017.01.03 05:26:27.647,0.72335,0.72344,1.00,1.31
2017.01.03 05:26:28.675,0.72336,0.72344,1.00,1.25
2017.01.03 05:26:28.726,0.72334,0.72344,1.50,1.69
2017.01.03 05:26:29.234,0.72334,0.72346,2.44,4.31
2017.01.03 05:26:33.114,0.72335,0.72346,1.00,4.31
2017.01.03 05:26:33.662,0.72334,0.72346,1.69,4.31
2017.01.03 05:26:36.878,0.72334,0.72344,1.69,1.00
2017.01.03 05:26:37.030,0.72333,0.72342,1.12,1.25
2017.01.03 05:26:37.593,0.72332,0.72341,1.25,1.00
2017.01.03 05:26:38.098,0.72332,0.72342,1.25,3.19
2017.01.03 05:26:38.350,0.72332,0.72342,2.44,1.31
2017.01.03 05:26:38.909,0.72333,0.72342,3.37,1.25
2017.01.03 05:26:42.616,0.72334,0.72342,1.00,1.25
2017.01.03 05:26:43.386,0.72333,0.72342,1.12,1.25
2017.01.03 05:26:43.916,0.72332,0.72341,2.06,1.00
2017.01.03 05:26:44.837,0.72332,0.72342,3.56,1.31
2017.01.03 05:26:55.528,0.72333,0.72343,4.87,1.31
2017.01.03 05:27:10.847,0.72334,0.72343,1.00,1.31
2017.01.03 05:27:11.927,0.72333,0.72343,2.62,1.31
2017.01.03 05:27:19.617,0.72335,0.72343,1.00,1.25
2017.01.03 05:27:19.769,0.72334,0.72345,2.44,1.00
2017.01.03 05:27:19.870,0.72336,0.72345,1.00,1.00
2017.01.03 05:27:20.414,0.72335,0.72346,2.25,1.69
2017.01.03 05:27:28.746,0.72335,0.72345,1.00,1.00
2017.01.03 05:27:40.366,0.72334,0.72345,1.69,1.12
2017.01.03 05:27:49.742,0.72333,0.72343,1.12,1.69
2017.01.03 05:27:50.072,0.72331,0.72341,2.44,1.00
2017.01.03 05:27:50.598,0.72333,0.72342,1.50,1.12
2017.01.03 05:27:51.115,0.72333,0.72341,1.00,1.00
2017.01.03 05:27:51.639,0.72332,0.72341,1.00,1.00
2017.01.03 05:27:52.225,0.72332,0.72342,1.00,1.12
2017.01.03 05:28:03.226,0.72334,0.72343,1.00,2.06
2017.01.03 05:28:07.311,0.72335,0.72344,1.25,1.00
2017.01.03 05:28:08.261,0.72336,0.72345,1.00,3.56
2017.01.03 05:28:08.768,0.72337,0.72345,1.00,1.25
2017.01.03 05:28:13.191,0.72337,0.72346,1.00,1.12
2017.01.03 05:28:17.483,0.72338,0.72346,1.00,1.00
2017.01.03 05:28:17.650,0.72339,0.72349,1.25,1.87
2017.01.03 05:28:17.722,0.72341,0.7235,1.00,2.25
2017.01.03 05:28:18.259,0.7234,0.72351,1.00,1.69
2017.01.03 05:28:19.036,0.72343,0.72351,1.25,1.00
2017.01.03 05:28:19.545,0.72343,0.72352,1.25,1.50
2017.01.03 05:28:21.147,0.72343,0.72351,1.25,1.00
2017.01.03 05:28:33.256,0.72339,0.7235,3.00,1.50
2017.01.03 05:28:33.308,0.72338,0.72348,2.44,1.00
2017.01.03 05:28:33.904,0.72338,0.72348,1.25,1.37
2017.01.03 05:28:37.508,0.72339,0.72348,1.12,1.50
2017.01.03 05:28:38.011,0.72339,0.72348,1.12,1.00
2017.01.03 05:28:39.418,0.72339,0.72349,1.00,1.12
2017.01.03 05:28:39.930,0.72338,0.72348,1.69,1.00
2017.01.03 05:28:40.498,0.72338,0.72349,1.69,1.12
2017.01.03 05:28:41.043,0.72338,0.72344,1.25,1.00
2017.01.03 05:28:41.347,0.72333,0.72339,2.25,1.00
2017.01.03 05:28:41.397,0.72333,0.72339,1.69,1.00
2017.01.03 05:28:41.448,0.72331,0.72336,4.12,1.00
2017.01.03 05:28:41.591,0.7233,0.7234,1.69,1.12
2017.01.03 05:28:41.693,0.72335,0.7234,1.25,1.00
2017.01.03 05:28:41.996,0.7233,0.72338,1.37,1.00
2017.01.03 05:28:42.097,0.7233,0.72335,1.00,1.00
2017.01.03 05:28:42.177,0.72329,0.72337,3.56,1.00
2017.01.03 05:28:42.682,0.72329,0.72336,2.96,1.00
2017.01.03 05:28:42.783,0.72329,0.72337,4.46,1.00
2017.01.03 05:28:46.131,0.72334,0.7234,1.25,1.00
2017.01.03 05:28:46.471,0.72332,0.72337,2.62,1.00
2017.01.03 05:28:46.623,0.7233,0.72334,1.31,1.00
2017.01.03 05:28:48.124,0.72332,0.72336,1.00,1.00
2017.01.03 05:28:48.624,0.72331,0.72338,3.19,1.00
2017.01.03 05:28:49.508,0.72334,0.7234,1.31,1.00
2017.01.03 05:28:49.559,0.72332,0.72337,1.50,1.00
2017.01.03 05:28:49.610,0.72331,0.72338,1.12,1.00
2017.01.03 05:28:49.711,0.7233,0.72338,2.25,1.00
2017.01.03 05:28:49.762,0.7233,0.72336,2.25,1.00
2017.01.03 05:28:49.813,0.72332,0.7234,1.37,1.00
2017.01.03 05:28:52.958,0.72333,0.72339,2.06,1.00
2017.01.03 05:28:53.009,0.72335,0.7234,1.69,1.00
2017.01.03 05:29:01.340,0.72333,0.7234,1.31,1.00
2017.01.03 05:29:01.658,0.72333,0.72337,1.31,1.00
2017.01.03 05:29:02.356,0.72329,0.72337,1.12,1.00
2017.01.03 05:29:02.408,0.72329,0.72335,1.00,1.00
2017.01.03 05:29:02.511,0.72328,0.72333,1.25,1.00
2017.01.03 05:29:03.018,0.72326,0.72333,2.81,1.00
2017.01.03 05:29:03.121,0.72326,0.72333,1.50,1.00
2017.01.03 05:29:03.833,0.72327,0.72333,1.00,1.00
2017.01.03 05:29:04.439,0.72327,0.72332,1.00,1.00
2017.01.03 05:29:04.952,0.72325,0.72332,6.00,1.00
2017.01.03 05:29:10.208,0.72325,0.72331,1.37,1.00
2017.01.03 05:29:10.309,0.72324,0.72331,1.12,1.00
2017.01.03 05:29:11.401,0.72325,0.72331,1.00,1.00
2017.01.03 05:29:17.957,0.72326,0.72334,1.00,1.00
2017.01.03 05:29:18.508,0.72327,0.72334,1.00,1.00
2017.01.03 05:29:19.795,0.72326,0.72333,1.00,1.00
2017.01.03 05:29:20.744,0.72325,0.72333,2.62,1.00
2017.01.03 05:29:21.281,0.72324,0.72333,2.44,1.00
2017.01.03 05:29:21.880,0.72325,0.72333,1.00,1.00
2017.01.03 05:29:25.230,0.72324,0.72332,3.19,1.00
2017.01.03 05:29:25.611,0.72326,0.72334,1.00,1.00
2017.01.03 05:29:27.826,0.72325,0.72334,3.75,1.00
2017.01.03 05:29:28.353,0.72325,0.72333,3.75,1.00
2017.01.03 05:29:29.071,0.72326,0.72333,1.00,1.00
2017.01.03 05:29:29.667,0.72325,0.72333,3.75,1.00
2017.01.03 05:29:30.258,0.72326,0.72333,1.00,1.00
2017.01.03 05:29:31.488,0.72325,0.72333,1.50,1.00
2017.01.03 05:29:32.867,0.72325,0.72332,1.50,1.00
2017.01.03 05:29:33.406,0.72325,0.72333,1.50,1.00
2017.01.03 05:29:39.002,0.72326,0.72333,1.00,1.00
2017.01.03 05:29:39.531,0.72325,0.72333,1.50,1.00
2017.01.03 05:29:42.403,0.72326,0.72333,1.00,1.00
2017.01.03 05:29:44.347,0.72325,0.72333,1.50,1.00
2017.01.03 05:29:44.924,0.72326,0.72333,1.00,1.00
2017.01.03 05:29:45.584,0.72325,0.72333,1.50,1.00
2017.01.03 05:29:46.244,0.72326,0.72333,1.12,1.00
2017.01.03 05:29:49.747,0.72324,0.72333,1.69,1.00
2017.01.03 05:29:50.051,0.72324,0.72331,1.31,1.00
2017.01.03 05:30:03.111,0.72323,0.72327,1.00,1.00
2017.01.03 05:30:03.162,0.72321,0.72326,1.12,1.00
2017.01.03 05:30:03.314,0.72317,0.72325,2.62,1.00
2017.01.03 05:30:03.365,0.72316,0.72325,2.25,1.00
2017.01.03 05:30:03.869,0.72316,0.72324,2.25,1.00
2017.01.03 05:30:04.412,0.72316,0.72325,3.37,1.00
2017.01.03 05:30:04.760,0.72316,0.72323,1.87,1.00
2017.01.03 05:30:05.281,0.72315,0.72323,4.31,1.00
2017.01.03 05:30:07.572,0.72316,0.72323,1.75,1.00
2017.01.03 05:30:08.114,0.72316,0.72324,1.75,1.00
2017.01.03 05:30:14.271,0.72315,0.72324,8.06,1.00
2017.01.03 05:30:14.806,0.72315,0.72323,2.25,1.00
2017.01.03 05:30:15.450,0.72316,0.72323,1.00,1.00
2017.01.03 05:30:16.658,0.72316,0.72324,1.00,1.00
2017.01.03 05:30:20.925,0.72315,0.72324,3.00,1.00
2017.01.03 05:30:21.483,0.72316,0.72322,1.00,1.00
2017.01.03 05:30:22.067,0.72315,0.72322,2.25,1.00
2017.01.03 05:30:23.379,0.72316,0.72322,1.00,1.00
2017.01.03 05:30:23.913,0.72315,0.72322,1.50,1.00
2017.01.03 05:30:24.468,0.72316,0.72322,1.00,1.00
2017.01.03 05:30:25.494,0.72315,0.72322,1.50,1.00
2017.01.03 05:30:26.500,0.72316,0.72322,1.00,1.00
2017.01.03 05:30:27.843,0.72315,0.72322,1.00,1.00
2017.01.03 05:30:31.314,0.72316,0.72322,1.00,1.00
2017.01.03 05:30:38.357,0.72315,0.72322,1.00,1.00
2017.01.03 05:30:38.408,0.72315,0.72324,2.44,1.00
2017.01.03 05:30:39.319,0.72315,0.72322,1.25,1.00
2017.01.03 05:30:39.420,0.72313,0.72322,3.56,1.00
2017.01.03 05:30:39.471,0.72313,0.7232,1.69,1.00
2017.01.03 05:30:39.572,0.72311,0.7232,3.75,1.00
2017.01.03 05:30:40.528,0.72312,0.7232,1.00,1.00
2017.01.03 05:30:41.060,0.72313,0.72321,1.12,1.25
2017.01.03 05:30:49.233,0.72312,0.72322,2.62,1.00
2017.01.03 05:31:06.955,0.72312,0.72323,2.62,1.00
2017.01.03 05:31:15.188,0.72314,0.72323,1.00,1.00
2017.01.03 05:31:22.375,0.72312,0.72323,4.87,1.00
2017.01.03 05:31:24.490,0.72314,0.72323,1.00,1.00
2017.01.03 05:31:25.317,0.72313,0.72323,1.12,1.00
2017.01.03 05:31:26.097,0.72314,0.72323,1.00,1.00
2017.01.03 05:31:30.184,0.72314,0.72324,1.00,1.69
2017.01.03 05:31:36.340,0.72315,0.72324,1.00,1.69
2017.01.03 05:31:36.921,0.72314,0.72324,1.00,1.69
2017.01.03 05:31:46.539,0.72316,0.72324,1.50,1.25
2017.01.03 05:31:48.532,0.72315,0.72324,1.00,1.25
2017.01.03 05:31:51.367,0.72315,0.72323,1.00,1.00
2017.01.03 05:32:00.157,0.72314,0.72323,1.00,1.00
2017.01.03 05:32:00.461,0.72312,0.72319,3.75,1.25
2017.01.03 05:32:06.665,0.72312,0.72316,1.00,1.25
2017.01.03 05:32:06.817,0.72308,0.72316,1.00,1.25
2017.01.03 05:32:07.322,0.72309,0.72316,1.00,1.25
2017.01.03 05:32:07.524,0.7231,0.72319,1.50,1.25
2017.01.03 05:32:08.025,0.7231,0.72319,6.00,1.25
2017.01.03 05:32:08.548,0.7231,0.72319,3.37,1.69
2017.01.03 05:32:31.888,0.72311,0.72319,1.00,1.69
2017.01.03 05:32:32.396,0.72312,0.72319,1.00,1.25
2017.01.03 05:32:34.923,0.72311,0.72319,1.00,1.25
2017.01.03 05:32:35.460,0.7231,0.72319,1.50,1.25
2017.01.03 05:32:39.481,0.7231,0.7232,1.00,1.69
2017.01.03 05:32:40.003,0.7231,0.72319,1.00,1.25
2017.01.03 05:32:42.309,0.72309,0.72317,1.12,1.25
2017.01.03 05:32:42.461,0.72307,0.72317,1.12,1.25
2017.01.03 05:32:48.139,0.72308,0.72317,1.00,1.25
2017.01.03 05:32:52.110,0.7231,0.72317,1.00,1.25
2017.01.03 05:32:53.193,0.72311,0.72317,1.00,1.25
2017.01.03 05:32:58.871,0.72312,0.7232,1.00,1.25
2017.01.03 05:32:59.725,0.72313,0.7232,1.00,1.25
2017.01.03 05:33:01.258,0.72312,0.7232,2.62,1.25
2017.01.03 05:33:01.309,0.72314,0.7232,1.50,1.25
2017.01.03 05:33:08.901,0.72313,0.7232,1.12,1.25
2017.01.03 05:33:09.406,0.72312,0.7232,1.00,1.25
2017.01.03 05:33:14.376,0.72311,0.7232,1.00,1.25
2017.01.03 05:33:16.494,0.72311,0.72321,1.00,1.25
2017.01.03 05:33:32.410,0.72312,0.72321,1.00,1.25
2017.01.03 05:33:32.930,0.72311,0.72321,1.50,1.25
2017.01.03 05:33:33.503,0.72312,0.72321,1.00,1.69
2017.01.03 05:33:37.418,0.72308,0.72317,2.25,1.25
2017.01.03 05:33:37.519,0.72307,0.72317,1.50,1.25
2017.01.03 05:34:06.121,0.72308,0.72318,1.00,2.62
2017.01.03 05:34:06.172,0.72311,0.72318,2.44,1.37
2017.01.03 05:34:06.274,0.72311,0.72319,1.25,1.00
2017.01.03 05:34:06.333,0.72311,0.72321,2.44,1.31
2017.01.03 05:34:15.932,0.72311,0.72319,1.25,1.00
2017.01.03 05:34:23.826,0.72311,0.7232,1.25,1.00
2017.01.03 05:34:39.479,0.7231,0.7232,2.81,1.00
2017.01.03 05:34:42.515,0.72311,0.72322,1.00,2.44
2017.01.03 05:34:43.835,0.72312,0.72321,1.00,1.00
2017.01.03 05:35:02.579,0.7231,0.72321,1.25,1.12
2017.01.03 05:35:03.124,0.7231,0.7232,1.31,1.00
2017.01.03 05:35:09.936,0.72309,0.72318,1.50,1.00
2017.01.03 05:35:10.088,0.72306,0.72316,4.12,1.25
2017.01.03 05:35:10.719,0.72308,0.72316,1.00,1.25
2017.01.03 05:35:11.261,0.72307,0.72316,1.50,1.25
2017.01.03 05:35:13.282,0.72306,0.72316,3.37,1.25
2017.01.03 05:35:14.587,0.72306,0.72316,3.37,1.25
2017.01.03 05:35:16.102,0.72306,0.72316,3.37,1.25
2017.01.03 05:35:22.407,0.72306,0.72316,2.25,1.25
2017.01.03 05:35:24.170,0.72306,0.72316,1.87,1.25
2017.01.03 05:35:27.277,0.72306,0.72317,2.25,1.31
2017.01.03 05:35:42.262,0.72307,0.72317,1.12,1.69
2017.01.03 05:35:42.808,0.72308,0.72317,1.00,2.44
2017.01.03 05:35:44.395,0.72306,0.72317,2.25,3.19
2017.01.03 05:35:44.921,0.72308,0.72317,1.00,3.19
2017.01.03 05:35:45.469,0.72307,0.72317,1.12,2.44
2017.01.03 05:35:49.256,0.72307,0.72317,1.37,2.44
2017.01.03 05:35:52.639,0.72306,0.72317,3.37,3.19
2017.01.03 05:35:53.141,0.72307,0.72317,1.00,3.19
2017.01.03 05:35:55.437,0.72307,0.72316,1.37,1.31
2017.01.03 05:35:59.035,0.7231,0.72316,1.12,1.25
2017.01.03 05:35:59.306,0.7231,0.72321,2.62,1.69
2017.01.03 05:35:59.458,0.72311,0.72321,1.50,1.69
2017.01.03 05:36:03.133,0.7231,0.72321,2.25,2.44
2017.01.03 05:36:07.038,0.7231,0.72321,2.62,2.44
2017.01.03 05:36:17.517,0.7231,0.7232,2.62,1.25
2017.01.03 05:36:21.695,0.72312,0.7232,1.00,1.25
2017.01.03 05:36:22.206,0.72313,0.7232,1.00,1.25
2017.01.03 05:36:24.553,0.72313,0.72321,1.50,1.25
2017.01.03 05:36:26.028,0.72311,0.72321,1.12,1.25
2017.01.03 05:36:26.534,0.72311,0.7232,1.12,1.00
2017.01.03 05:37:29.663,0.72309,0.72316,1.37,1.25
2017.01.03 05:37:29.815,0.72306,0.72316,2.62,1.25
2017.01.03 05:37:30.942,0.72306,0.72316,4.12,1.31
2017.01.03 05:37:34.515,0.72306,0.72316,2.62,1.25
2017.01.03 05:37:40.774,0.7231,0.7232,1.50,2.25
2017.01.03 05:37:40.825,0.72311,0.7232,1.87,1.00
2017.01.03 05:37:41.128,0.72311,0.72321,4.12,1.69
2017.01.03 05:37:47.841,0.72313,0.72321,1.00,1.25
2017.01.03 05:37:48.436,0.72313,0.72322,1.00,1.69
2017.01.03 05:37:51.647,0.72311,0.72318,1.12,1.00
2017.01.03 05:37:51.799,0.72308,0.72319,1.87,4.69
2017.01.03 05:37:52.312,0.72309,0.72319,1.12,1.25
2017.01.03 05:37:57.320,0.72309,0.72318,1.12,1.00
2017.01.03 05:38:00.116,0.72312,0.72318,1.00,1.00
2017.01.03 05:38:00.167,0.72312,0.7232,1.12,1.00
2017.01.03 05:38:00.319,0.72312,0.72322,1.50,1.25
2017.01.03 05:38:06.735,0.72313,0.72322,1.00,1.25
2017.01.03 05:38:07.251,0.72312,0.72322,1.12,1.31
2017.01.03 05:38:10.123,0.72314,0.72322,1.00,1.31
2017.01.03 05:38:10.747,0.72313,0.72322,1.00,1.69
2017.01.03 05:38:11.294,0.72311,0.72322,1.37,2.06
2017.01.03 05:38:15.202,0.72312,0.7232,1.12,1.25
2017.01.03 05:38:20.637,0.72313,0.7232,1.00,1.25
2017.01.03 05:38:26.026,0.72312,0.7232,1.87,1.25
2017.01.03 05:38:30.132,0.72313,0.7232,1.00,1.25
2017.01.03 05:38:33.512,0.72312,0.7232,2.25,1.25
2017.01.03 05:38:34.370,0.72311,0.7232,1.75,1.25
2017.01.03 05:38:35.236,0.72311,0.72321,1.75,3.37
2017.01.03 05:38:35.975,0.72312,0.72321,1.50,3.56
2017.01.03 05:38:38.562,0.72311,0.72321,1.62,2.81
2017.01.03 05:38:39.084,0.72311,0.7232,2.06,1.00
2017.01.03 05:38:45.197,0.72311,0.7232,1.69,1.00
2017.01.03 05:38:48.425,0.72309,0.72319,1.00,1.25
2017.01.03 05:38:48.934,0.72308,0.72319,1.87,1.25
2017.01.03 05:38:53.099,0.72308,0.72318,1.12,1.00
2017.01.03 05:38:53.730,0.72308,0.72319,1.50,4.31
2017.01.03 05:38:55.976,0.72311,0.72319,1.00,1.25
2017.01.03 05:38:56.078,0.72311,0.72321,1.00,1.12
2017.01.03 05:38:56.129,0.72313,0.72321,1.50,1.87
2017.01.03 05:38:56.635,0.72313,0.72322,1.00,1.69
2017.01.03 05:38:57.145,0.72312,0.72321,1.00,1.12
2017.01.03 05:39:09.401,0.72309,0.72319,2.62,1.25
2017.01.03 05:39:09.452,0.72311,0.72319,1.00,1.25
2017.01.03 05:39:09.654,0.72311,0.72321,1.00,2.25
2017.01.03 05:39:10.163,0.72312,0.72321,1.00,1.87
2017.01.03 05:39:27.107,0.72311,0.72321,1.00,1.12
2017.01.03 05:39:27.611,0.72311,0.72321,1.25,2.81
2017.01.03 05:39:28.337,0.72311,0.72321,1.25,2.81
2017.01.03 05:39:36.411,0.72311,0.72321,1.25,4.69
2017.01.03 05:39:36.940,0.72311,0.72321,1.25,3.56
2017.01.03 05:39:38.000,0.72311,0.7232,1.25,1.00
2017.01.03 05:39:38.562,0.72311,0.72321,1.25,3.94
2017.01.03 05:39:39.480,0.7231,0.72321,1.69,3.00
2017.01.03 05:39:44.104,0.72308,0.72317,2.81,1.00
2017.01.03 05:39:44.612,0.72308,0.72317,2.06,1.12
2017.01.03 05:39:45.413,0.72308,0.72316,1.31,1.00
2017.01.03 05:39:45.961,0.72308,0.72317,1.25,1.00
2017.01.03 05:39:47.538,0.72308,0.72316,1.31,1.00
2017.01.03 05:39:48.244,0.72308,0.72317,1.31,1.50
2017.01.03 05:39:54.247,0.72308,0.72318,2.06,1.31
2017.01.03 05:39:55.466,0.72309,0.72318,1.00,1.31
2017.01.03 05:39:56.071,0.72308,0.72317,1.31,1.00
2017.01.03 05:39:56.588,0.72308,0.72318,1.31,1.25
2017.01.03 05:39:57.850,0.72308,0.72317,2.06,1.00
2017.01.03 05:39:58.380,0.72309,0.72318,1.00,1.69
2017.01.03 05:39:58.927,0.72308,0.72318,2.06,1.69
2017.01.03 05:39:59.431,0.72308,0.72317,2.06,1.00
2017.01.03 05:40:02.733,0.72308,0.72319,1.87,3.56
2017.01.03 05:40:03.274,0.72307,0.72318,2.81,1.00
2017.01.03 05:40:03.884,0.72308,0.72318,1.50,1.00
2017.01.03 05:40:14.834,0.7231,0.72319,1.00,2.81
2017.01.03 05:40:15.456,0.72309,0.72319,1.12,1.69
2017.01.03 05:40:16.078,0.72308,0.72317,3.00,1.00
2017.01.03 05:40:17.515,0.72309,0.72318,1.87,1.00
2017.01.03 05:40:18.288,0.72308,0.72317,2.25,1.00
2017.01.03 05:40:18.810,0.72309,0.72318,1.50,1.87
2017.01.03 05:40:21.479,0.7231,0.72318,1.00,1.12
2017.01.03 05:40:22.056,0.72309,0.72318,1.00,1.12
2017.01.03 05:40:34.561,0.72307,0.72318,4.31,1.50
2017.01.03 05:40:35.540,0.72307,0.72317,1.69,1.00
2017.01.03 05:40:36.538,0.72307,0.72318,1.69,1.87
2017.01.03 05:40:36.693,0.72307,0.72316,1.69,1.00
2017.01.03 05:40:36.900,0.72307,0.72318,1.69,1.87
2017.01.03 05:40:39.482,0.72308,0.72318,1.25,2.81
2017.01.03 05:40:47.181,0.72308,0.72316,1.69,1.00
2017.01.03 05:40:55.302,0.7231,0.72318,1.00,1.12
2017.01.03 05:40:55.813,0.72309,0.72317,1.50,1.00
2017.01.03 05:40:57.330,0.7231,0.72317,1.00,1.00
2017.01.03 05:40:57.870,0.72309,0.72317,1.00,1.00
2017.01.03 05:41:01.913,0.72309,0.72318,1.00,1.12
2017.01.03 05:41:02.445,0.72308,0.72318,1.12,1.12
2017.01.03 05:41:03.203,0.72307,0.72317,2.44,1.00
2017.01.03 05:41:03.711,0.72307,0.72318,2.44,1.50
2017.01.03 05:41:04.336,0.72307,0.72316,1.50,1.25
2017.01.03 05:41:05.123,0.72308,0.72316,1.00,1.25
2017.01.03 05:41:05.763,0.72307,0.72316,1.00,1.69
2017.01.03 05:41:11.340,0.72305,0.72316,4.69,1.25
2017.01.03 05:41:12.062,0.72306,0.72316,1.00,1.25
2017.01.03 05:41:26.814,0.72307,0.72316,1.00,1.69
2017.01.03 05:41:30.196,0.72307,0.72316,1.00,2.44
2017.01.03 05:41:41.870,0.72306,0.72314,1.12,1.00
2017.01.03 05:41:42.073,0.72304,0.72313,1.00,1.00
2017.01.03 05:41:42.124,0.72304,0.7231,1.00,1.25
2017.01.03 05:41:42.175,0.72301,0.7231,2.62,1.25
2017.01.03 05:41:42.644,0.72303,0.7231,1.00,1.25
2017.01.03 05:41:45.237,0.72304,0.7231,1.00,1.25
2017.01.03 05:41:46.031,0.72303,0.7231,1.00,1.25
2017.01.03 05:41:47.367,0.72302,0.7231,1.50,1.25
2017.01.03 05:41:51.618,0.72301,0.7231,1.87,1.25
2017.01.03 05:41:52.154,0.72302,0.7231,1.00,1.25
2017.01.03 05:41:52.914,0.72303,0.7231,1.00,1.25
2017.01.03 05:42:00.480,0.72303,0.72309,1.00,1.25
2017.01.03 05:42:08.637,0.72304,0.72309,1.00,1.25
2017.01.03 05:42:11.106,0.72303,0.72309,1.00,1.25
2017.01.03 05:42:11.608,0.72302,0.72309,1.12,1.25
2017.01.03 05:42:24.481,0.72302,0.7231,1.12,1.25
2017.01.03 05:42:24.986,0.72302,0.72309,1.12,1.25
2017.01.03 05:42:35.209,0.72304,0.72309,1.00,1.25
2017.01.03 05:42:35.740,0.72305,0.72313,1.50,1.25
2017.01.03 05:42:35.956,0.72307,0.72313,1.00,1.25
2017.01.03 05:42:36.360,0.72305,0.72313,1.00,1.25
2017.01.03 05:42:52.339,0.72304,0.72313,1.00,1.25
2017.01.03 05:42:52.848,0.72303,0.72313,1.12,1.25
2017.01.03 05:42:54.748,0.72304,0.72313,1.00,1.25
2017.01.03 05:42:55.253,0.72303,0.72313,1.87,1.25
2017.01.03 05:42:56.152,0.72304,0.72313,1.00,1.25
2017.01.03 05:42:56.695,0.72303,0.72313,1.12,1.25
2017.01.03 05:42:57.607,0.72304,0.72313,1.00,1.25
2017.01.03 05:42:58.147,0.72303,0.72313,1.12,1.25
2017.01.03 05:42:58.694,0.72304,0.72313,1.00,1.25
2017.01.03 05:42:59.199,0.72303,0.72313,2.02,1.25
2017.01.03 05:43:00.538,0.72304,0.72313,1.00,1.25
2017.01.03 05:43:01.112,0.72303,0.72313,1.87,1.25
2017.01.03 05:43:01.734,0.72304,0.72314,1.25,1.00
2017.01.03 05:43:24.554,0.72305,0.72314,1.25,1.00
2017.01.03 05:43:33.287,0.72305,0.72315,1.69,1.69
2017.01.03 05:43:34.330,0.72305,0.72313,1.25,1.00
2017.01.03 05:43:36.017,0.72305,0.72312,1.25,1.00
2017.01.03 05:43:36.522,0.72305,0.72311,1.25,1.00
2017.01.03 05:43:36.623,0.72305,0.72313,1.25,2.25
2017.01.03 05:43:37.279,0.72305,0.72314,1.25,1.12
2017.01.03 05:43:37.824,0.72306,0.72314,1.00,1.00
2017.01.03 05:43:50.602,0.72306,0.72316,1.00,1.31
2017.01.03 05:43:51.387,0.72307,0.72316,1.00,1.31
2017.01.03 05:43:54.186,0.72308,0.72316,1.00,1.31
2017.01.03 05:43:54.893,0.72307,0.72316,1.50,1.31
2017.01.03 05:44:00.989,0.72308,0.72316,1.00,2.06
2017.01.03 05:44:15.145,0.72306,0.72316,1.00,1.31
2017.01.03 05:44:19.217,0.72308,0.72317,1.25,1.87
2017.01.03 05:44:19.520,0.72313,0.72321,1.00,1.12
2017.01.03 05:44:19.621,0.72314,0.72323,1.00,2.44
2017.01.03 05:44:20.158,0.72313,0.72322,1.00,1.87
2017.01.03 05:44:20.688,0.72312,0.72321,1.12,1.12
2017.01.03 05:44:21.113,0.72313,0.72323,1.00,1.69
2017.01.03 05:44:21.796,0.72312,0.72323,1.12,2.81
2017.01.03 05:44:22.336,0.72314,0.72323,1.00,1.31
2017.01.03 05:44:22.649,0.72317,0.72323,1.00,1.31
2017.01.03 05:44:23.186,0.72318,0.72323,1.00,1.25
2017.01.03 05:44:23.337,0.72318,0.72325,1.00,1.31
2017.01.03 05:44:26.468,0.72317,0.72325,1.00,1.25
2017.01.03 05:44:29.208,0.72316,0.72324,1.00,1.00
2017.01.03 05:44:29.823,0.72316,0.72325,1.00,2.81
2017.01.03 05:44:30.031,0.72318,0.72325,1.00,2.06
2017.01.03 05:44:30.566,0.72319,0.72325,1.00,1.25
2017.01.03 05:44:41.519,0.72319,0.72326,1.00,1.31
2017.01.03 05:44:45.244,0.72318,0.72326,1.00,1.31
2017.01.03 05:45:00.508,0.72316,0.72326,1.00,2.44
2017.01.03 05:45:00.660,0.72316,0.72324,1.00,1.00
2017.01.03 05:45:00.963,0.72316,0.7232,1.00,1.25
2017.01.03 05:45:02.718,0.72312,0.7232,1.87,1.25
2017.01.03 05:45:02.820,0.72312,0.72319,1.00,1.00
2017.01.03 05:45:03.022,0.72314,0.7232,1.00,1.69
2017.01.03 05:45:03.225,0.72314,0.72323,1.00,1.69
2017.01.03 05:45:03.326,0.72314,0.72319,1.50,1.25
2017.01.03 05:45:03.413,0.72316,0.72322,1.00,1.25
2017.01.03 05:45:04.270,0.72317,0.72322,1.00,1.25
2017.01.03 05:45:04.921,0.72316,0.72322,1.00,1.25
2017.01.03 05:45:17.463,0.72314,0.72322,1.12,1.25
2017.01.03 05:45:21.501,0.72314,0.72323,1.12,1.69
2017.01.03 05:45:24.481,0.72314,0.72322,1.12,1.25
2017.01.03 05:45:24.995,0.72314,0.72323,1.12,1.25
2017.01.03 05:45:29.880,0.72315,0.72323,1.00,1.25
2017.01.03 05:45:30.387,0.72315,0.72325,1.12,1.50
2017.01.03 05:45:31.199,0.72314,0.72324,2.44,1.50
2017.01.03 05:45:31.746,0.72314,0.72324,2.06,1.87
2017.01.03 05:45:39.016,0.72312,0.7232,1.87,1.25
2017.01.03 05:45:39.067,0.72311,0.7232,1.50,1.69
2017.01.03 05:45:39.322,0.72314,0.7232,1.00,1.25
2017.01.03 05:45:39.525,0.72315,0.72324,1.00,3.56
2017.01.03 05:45:40.120,0.72314,0.72323,1.12,1.12
2017.01.03 05:45:54.231,0.72312,0.7232,1.87,1.25
2017.01.03 05:45:54.333,0.72311,0.7232,1.12,1.69
2017.01.03 05:45:54.585,0.72309,0.72317,1.12,1.00
2017.01.03 05:45:54.889,0.72317,0.72322,1.00,1.25
2017.01.03 05:45:54.940,0.72317,0.72325,1.00,1.69
2017.01.03 05:45:55.480,0.72316,0.72325,1.00,1.31
2017.01.03 05:45:56.852,0.72315,0.72325,1.69,1.31
2017.01.03 05:45:57.358,0.72315,0.72325,1.25,5.44
2017.01.03 05:45:57.909,0.72314,0.72323,1.00,1.25
2017.01.03 05:46:03.765,0.72315,0.72323,1.00,1.25
2017.01.03 05:46:04.719,0.72315,0.72324,1.00,1.12
2017.01.03 05:46:32.053,0.72314,0.72325,1.00,4.87
2017.01.03 05:46:35.333,0.72314,0.72324,1.00,1.00
2017.01.03 05:46:36.218,0.72313,0.72323,1.87,1.00
2017.01.03 05:46:36.370,0.72312,0.72323,1.69,2.62
2017.01.03 05:46:36.993,0.72313,0.72322,1.00,2.25
2017.01.03 05:46:54.359,0.7231,0.72321,1.87,2.62
2017.01.03 05:46:54.613,0.7231,0.72319,1.00,1.75
2017.01.03 05:46:55.419,0.72311,0.7232,1.00,1.12
2017.01.03 05:46:55.470,0.72313,0.72321,1.25,1.37
2017.01.03 05:46:56.078,0.72313,0.72323,1.69,1.87
2017.01.03 05:47:01.074,0.72313,0.72322,1.25,1.37
2017.01.03 05:47:13.282,0.72313,0.72322,1.25,1.37
2017.01.03 05:47:17.024,0.72313,0.72323,1.25,2.62
2017.01.03 05:47:17.506,0.72315,0.72323,1.00,1.00
2017.01.03 05:47:17.860,0.72313,0.72324,2.81,3.19
2017.01.03 05:47:18.264,0.72313,0.72323,2.06,1.87
2017.01.03 05:47:19.894,0.72313,0.72322,1.25,1.37
2017.01.03 05:47:24.481,0.72312,0.72322,1.69,1.50
2017.01.03 05:47:25.047,0.72313,0.72322,1.25,2.25
2017.01.03 05:47:26.160,0.72311,0.7232,1.00,1.87
2017.01.03 05:47:26.312,0.72309,0.7232,1.69,2.25
2017.01.03 05:47:26.617,0.72313,0.72321,1.69,1.50
2017.01.03 05:47:26.718,0.72313,0.72322,1.69,1.00
2017.01.03 05:47:27.270,0.72313,0.72321,1.69,1.12
2017.01.03 05:47:27.421,0.72313,0.72321,1.25,1.75
2017.01.03 05:47:30.612,0.72313,0.72321,1.69,1.00
2017.01.03 05:47:31.610,0.72313,0.72321,1.25,2.62
2017.01.03 05:47:34.406,0.72313,0.7232,1.25,1.00
2017.01.03 05:47:34.934,0.72313,0.72321,1.25,1.75
2017.01.03 05:47:40.637,0.72309,0.72318,1.69,2.25
2017.01.03 05:47:40.840,0.72306,0.72316,1.69,1.12
2017.01.03 05:47:41.387,0.72306,0.72316,1.25,3.37
2017.01.03 05:47:58.522,0.72307,0.72315,1.25,1.50
2017.01.03 05:48:06.922,0.72307,0.72315,1.25,1.12
2017.01.03 05:48:23.705,0.72307,0.72314,1.25,1.00
2017.01.03 05:48:24.497,0.72306,0.72314,1.25,1.00
2017.01.03 05:48:39.479,0.72307,0.72314,1.25,1.00
2017.01.03 05:48:40.176,0.72306,0.72314,1.25,1.00
2017.01.03 05:48:54.493,0.72307,0.72314,1.25,1.00
2017.01.03 05:49:09.501,0.72306,0.72314,1.25,1.00
2017.01.03 05:49:20.520,0.72306,0.72313,1.25,1.00
2017.01.03 05:49:45.081,0.72306,0.72312,1.25,1.00
2017.01.03 05:49:45.600,0.72306,0.72313,1.25,1.50
2017.01.03 05:49:54.498,0.72307,0.72313,1.25,1.00
2017.01.03 05:49:57.574,0.72307,0.72312,1.25,1.00
2017.01.03 05:50:14.792,0.72307,0.72313,1.25,1.00
2017.01.03 05:50:15.332,0.72307,0.72312,1.25,1.00
2017.01.03 05:50:17.845,0.72307,0.72311,1.25,1.00
2017.01.03 05:50:36.407,0.72307,0.72313,1.25,1.87
2017.01.03 05:50:39.482,0.72306,0.72314,1.25,1.37
2017.01.03 05:50:40.308,0.72307,0.72314,1.25,1.37
2017.01.03 05:50:42.327,0.72305,0.72314,1.25,1.87
2017.01.03 05:50:42.834,0.72305,0.72312,1.25,1.00
2017.01.03 05:50:43.658,0.72305,0.72311,1.25,1.00
2017.01.03 05:50:43.709,0.72303,0.72312,1.50,2.44
2017.01.03 05:50:43.822,0.72299,0.72306,2.62,1.00
2017.01.03 05:50:43.975,0.72294,0.72301,1.62,1.12
2017.01.03 05:50:44.513,0.72294,0.72301,1.25,1.12
2017.01.03 05:50:45.024,0.72294,0.72303,1.25,1.87
2017.01.03 05:50:45.555,0.72294,0.72303,1.25,1.12
2017.01.03 05:50:52.305,0.72291,0.72303,5.77,1.12
2017.01.03 05:50:58.081,0.72294,0.72303,1.00,1.12
2017.01.03 05:50:58.621,0.72292,0.72303,1.37,1.12
2017.01.03 05:51:06.908,0.72292,0.72302,1.87,1.00
2017.01.03 05:51:07.431,0.72292,0.72302,1.00,1.00
2017.01.03 05:51:09.820,0.72292,0.72302,2.62,1.00
2017.01.03 05:51:19.707,0.72294,0.72303,1.00,1.25
2017.01.03 05:51:25.605,0.72294,0.72304,1.00,1.00
2017.01.03 05:51:27.778,0.72292,0.72304,2.25,1.00
2017.01.03 05:51:28.623,0.72292,0.72304,1.87,1.50
2017.01.03 05:51:28.826,0.72292,0.72303,2.62,1.00
2017.01.03 05:51:35.631,0.72292,0.72304,1.87,1.00
2017.01.03 05:51:43.634,0.72293,0.72304,1.50,1.00
2017.01.03 05:51:47.545,0.72293,0.72303,1.50,1.69
2017.01.03 05:51:48.127,0.72292,0.72304,3.15,1.12
2017.01.03 05:51:48.694,0.72293,0.72304,1.50,1.12
2017.01.03 05:51:50.194,0.72292,0.72304,3.94,4.46
2017.01.03 05:51:50.702,0.72293,0.72303,2.06,1.12
2017.01.03 05:52:00.417,0.72294,0.72303,1.00,1.12
2017.01.03 05:52:01.559,0.72298,0.72304,1.25,1.37
2017.01.03 05:52:01.711,0.72298,0.72306,1.25,1.00
2017.01.03 05:52:04.742,0.723,0.72306,1.00,1.00
2017.01.03 05:52:04.894,0.72302,0.72312,1.75,1.25
2017.01.03 05:52:05.162,0.72302,0.7231,1.75,1.00
2017.01.03 05:52:05.340,0.723,0.7231,3.94,1.00
2017.01.03 05:52:05.819,0.72299,0.72308,3.75,1.50
2017.01.03 05:52:05.920,0.72297,0.72307,3.19,1.00
2017.01.03 05:52:08.507,0.72297,0.72309,3.94,3.94
2017.01.03 05:52:08.659,0.72301,0.72311,1.25,1.69
2017.01.03 05:52:12.248,0.72301,0.72309,1.31,1.00
2017.01.03 05:52:19.026,0.72302,0.72311,1.00,1.69
2017.01.03 05:52:19.618,0.72303,0.72311,1.00,1.25
2017.01.03 05:52:23.646,0.72302,0.72312,2.44,1.50
2017.01.03 05:52:23.697,0.72305,0.7231,1.25,1.00
2017.01.03 05:52:23.748,0.72301,0.7231,2.00,1.00
2017.01.03 05:52:23.849,0.72301,0.7231,1.31,1.00
2017.01.03 05:52:28.490,0.72301,0.72309,1.31,1.00
2017.01.03 05:52:33.817,0.72301,0.7231,1.31,1.00
2017.01.03 05:52:41.509,0.72302,0.7231,1.25,1.00
2017.01.03 05:52:45.207,0.72302,0.72309,1.25,1.00
2017.01.03 05:52:45.359,0.72297,0.72306,5.44,1.00
2017.01.03 05:52:45.461,0.72297,0.72306,1.62,1.00
2017.01.03 05:52:45.969,0.72297,0.72306,1.25,1.87
2017.01.03 05:52:46.121,0.72293,0.72304,2.44,1.50
2017.01.03 05:52:52.231,0.72294,0.72305,2.25,1.00
2017.01.03 05:52:52.355,0.72295,0.72306,6.37,2.06
2017.01.03 05:52:57.238,0.72295,0.72306,3.37,2.81
2017.01.03 05:53:03.755,0.72295,0.72306,4.12,2.06
2017.01.03 05:53:04.513,0.72295,0.72305,5.62,1.25
2017.01.03 05:53:05.023,0.72296,0.72305,2.25,1.25
2017.01.03 05:53:05.556,0.72297,0.72307,4.31,1.37
2017.01.03 05:53:05.607,0.72297,0.72308,4.31,1.12
2017.01.03 05:53:10.651,0.72297,0.72309,5.44,3.56
2017.01.03 05:53:13.044,0.72298,0.72308,1.00,1.00
2017.01.03 05:53:13.095,0.723,0.72308,1.25,1.00
2017.01.03 05:53:13.607,0.723,0.72307,1.25,1.00
2017.01.03 05:53:13.845,0.72297,0.72308,2.44,1.87
2017.01.03 05:53:15.914,0.72297,0.72306,1.69,1.00
2017.01.03 05:53:18.877,0.72297,0.72306,1.25,1.50
2017.01.03 05:53:30.102,0.72297,0.72306,1.25,1.37
2017.01.03 05:53:32.549,0.72297,0.72305,1.31,1.12
2017.01.03 05:53:32.701,0.72295,0.72304,1.50,1.50
2017.01.03 05:53:33.203,0.72294,0.72303,1.25,1.12
2017.01.03 05:53:43.360,0.72294,0.72304,2.44,1.00
2017.01.03 05:53:54.008,0.72295,0.72305,1.65,1.31
2017.01.03 05:53:54.643,0.72295,0.72305,2.02,1.31
2017.01.03 05:54:09.481,0.72295,0.72306,3.90,1.69
2017.01.03 05:54:10.017,0.72295,0.72305,3.90,1.25
2017.01.03 05:54:10.377,0.72299,0.72308,2.44,1.87
2017.01.03 05:54:10.630,0.72301,0.7231,1.00,1.00
2017.01.03 05:54:12.111,0.72301,0.72311,1.12,1.69
2017.01.03 05:54:12.200,0.72301,0.72311,1.75,1.69
2017.01.03 05:54:19.050,0.723,0.72311,1.75,2.44
2017.01.03 05:54:29.001,0.723,0.7231,3.00,1.00
2017.01.03 05:54:37.721,0.723,0.72311,2.25,2.44
2017.01.03 05:54:45.922,0.72302,0.72313,1.31,2.25
2017.01.03 05:55:05.548,0.72303,0.72314,1.00,2.81
2017.01.03 05:55:06.706,0.72301,0.72307,1.37,1.00
2017.01.03 05:55:06.841,0.72294,0.72305,1.50,3.37
2017.01.03 05:55:06.967,0.72294,0.72302,1.50,1.00
2017.01.03 05:55:07.488,0.72293,0.72304,2.06,2.62
2017.01.03 05:55:09.051,0.72293,0.72304,2.06,1.87
2017.01.03 05:55:24.483,0.72294,0.72304,1.25,1.00
2017.01.03 05:55:28.835,0.72294,0.72303,1.25,1.00
2017.01.03 05:55:29.344,0.72294,0.72304,1.25,1.50
2017.01.03 05:55:31.102,0.72294,0.72303,1.25,1.00
2017.01.03 05:55:32.215,0.72294,0.72304,1.25,1.50
2017.01.03 05:55:36.604,0.72294,0.72305,1.69,2.81
2017.01.03 05:55:37.698,0.72294,0.72304,1.69,1.00
2017.01.03 05:55:38.233,0.72294,0.72305,1.69,2.81
2017.01.03 05:55:38.964,0.72294,0.72304,1.69,1.00
2017.01.03 05:55:39.481,0.72294,0.72305,1.00,1.87
2017.01.03 05:55:40.213,0.72294,0.72304,1.00,1.00
2017.01.03 05:55:42.474,0.72294,0.72305,1.00,1.87
2017.01.03 05:55:43.888,0.72295,0.72305,1.00,1.12
2017.01.03 05:56:03.329,0.72295,0.72304,1.00,1.00
2017.01.03 05:56:03.909,0.72294,0.72304,1.25,1.00
2017.01.03 05:56:05.358,0.72294,0.72305,1.25,3.19
2017.01.03 05:56:09.482,0.72293,0.72305,1.69,2.25
2017.01.03 05:56:09.983,0.72294,0.72305,1.25,3.94
2017.01.03 05:56:15.342,0.72294,0.72303,1.25,1.00
2017.01.03 05:56:24.481,0.72293,0.72303,1.69,1.00
2017.01.03 05:56:25.025,0.72294,0.72303,1.25,1.00
2017.01.03 05:56:25.537,0.72295,0.72304,1.00,1.00
2017.01.03 05:56:25.840,0.72294,0.72302,1.69,1.00
2017.01.03 05:56:26.359,0.72294,0.72303,1.69,1.00
2017.01.03 05:56:33.468,0.72294,0.72305,1.69,2.21
2017.01.03 05:56:34.001,0.72294,0.72304,1.69,1.00
2017.01.03 05:56:35.439,0.72294,0.72305,1.69,2.06
2017.01.03 05:56:40.076,0.72295,0.72305,1.00,2.06
2017.01.03 05:56:44.459,0.72295,0.72304,1.00,1.00
2017.01.03 05:56:47.033,0.72295,0.72305,1.00,1.69
2017.01.03 05:56:50.450,0.72294,0.72303,1.69,1.00
2017.01.03 05:57:09.481,0.72293,0.72303,2.06,1.00
2017.01.03 05:57:10.026,0.72294,0.72303,1.25,1.00
2017.01.03 05:57:39.480,0.72293,0.72303,2.81,1.00
2017.01.03 05:57:48.714,0.72293,0.72302,1.69,1.87
2017.01.03 05:57:55.078,0.72293,0.72302,3.19,1.87
2017.01.03 05:57:57.083,0.72293,0.72302,3.19,1.87
2017.01.03 05:58:03.852,0.72291,0.72301,2.06,1.69
2017.01.03 05:58:04.357,0.72292,0.72301,1.87,1.25
2017.01.03 05:58:20.403,0.72291,0.72301,4.69,2.81
2017.01.03 05:58:20.505,0.72291,0.72301,5.81,2.81
2017.01.03 05:58:20.808,0.72295,0.72302,1.25,1.00
2017.01.03 05:58:20.960,0.72292,0.72302,5.06,1.00
2017.01.03 05:58:21.481,0.72292,0.72303,4.31,2.62
2017.01.03 05:58:26.041,0.72292,0.72301,3.56,1.87
2017.01.03 05:58:26.545,0.72292,0.72303,4.31,2.62
2017.01.03 05:58:27.309,0.72292,0.72302,3.56,1.87
2017.01.03 05:58:27.998,0.72292,0.72303,3.56,1.87
2017.01.03 05:58:28.546,0.72292,0.72303,3.56,1.87
2017.01.03 05:58:29.582,0.72292,0.72304,2.81,6.19
2017.01.03 05:58:30.130,0.72292,0.72304,2.81,6.19
2017.01.03 05:58:33.012,0.72292,0.72304,5.81,2.44
2017.01.03 05:58:33.603,0.72292,0.72303,5.81,1.00
2017.01.03 05:58:36.193,0.72296,0.72303,1.25,1.12
2017.01.03 05:58:36.348,0.72293,0.72303,1.31,1.12
2017.01.03 05:58:38.660,0.72293,0.72302,1.31,1.00
2017.01.03 05:58:39.180,0.72293,0.72303,1.31,1.50
2017.01.03 05:58:43.299,0.72293,0.72303,1.69,1.87
2017.01.03 05:58:43.828,0.72296,0.72303,1.00,1.87
2017.01.03 05:58:48.384,0.72296,0.72304,1.00,1.87
2017.01.03 05:58:51.222,0.72295,0.72304,1.00,2.62
2017.01.03 05:58:51.822,0.72295,0.72305,1.00,3.94
2017.01.03 05:58:52.425,0.72293,0.72303,2.81,1.50
2017.01.03 05:58:52.930,0.72294,0.72302,1.12,1.87
2017.01.03 05:58:54.204,0.72294,0.72303,1.12,1.87
2017.01.03 05:58:54.744,0.72294,0.72302,1.12,1.87
2017.01.03 05:58:56.079,0.72294,0.72304,1.12,3.37
2017.01.03 05:58:57.614,0.72294,0.72303,1.12,1.87
2017.01.03 05:58:58.150,0.72294,0.72303,1.12,1.87
2017.01.03 05:59:00.063,0.72294,0.72304,1.12,1.12
2017.01.03 05:59:01.296,0.72294,0.72305,1.00,1.12
2017.01.03 05:59:07.098,0.72296,0.72306,1.00,1.50
2017.01.03 05:59:12.053,0.72296,0.72305,1.00,1.87
2017.01.03 05:59:13.080,0.72295,0.72303,1.00,1.25
2017.01.03 05:59:13.613,0.72294,0.72303,1.12,1.31
2017.01.03 05:59:14.130,0.72295,0.72303,1.00,1.25
2017.01.03 05:59:19.605,0.72296,0.72303,1.00,1.25
2017.01.03 05:59:31.509,0.72296,0.72304,1.00,1.31
2017.01.03 05:59:39.480,0.72296,0.72303,1.00,1.25
2017.01.03 05:59:40.021,0.72296,0.72304,1.00,1.69
2017.01.03 05:59:42.054,0.72296,0.72304,1.00,2.81
2017.01.03 05:59:50.380,0.72296,0.72304,1.00,2.81
2017.01.03 05:59:51.990,0.72295,0.72304,1.00,2.81
2017.01.03 05:59:54.480,0.72295,0.72303,1.00,1.25
