2017.01.20 08:00:00.125,0.75578,0.75588,3.56,1.00
2017.01.20 08:00:00.631,0.75576,0.75584,1.00,2.25
2017.01.20 08:00:00.937,0.75578,0.75585,1.00,2.25
2017.01.20 08:00:01.141,0.75577,0.75589,3.00,2.25
2017.01.20 08:00:01.446,0.7558,0.7559,2.62,1.12
2017.01.20 08:00:01.755,0.75585,0.75594,1.37,1.12
2017.01.20 08:00:02.064,0.75589,0.75593,1.00,1.00
2017.01.20 08:00:02.166,0.75589,0.75595,1.00,1.00
2017.01.20 08:00:02.317,0.75589,0.75598,1.50,1.00
2017.01.20 08:00:02.879,0.75588,0.75597,1.00,1.00
2017.01.20 08:00:03.134,0.75587,0.75594,1.00,1.00
2017.01.20 08:00:03.440,0.75586,0.7559,1.00,1.12
2017.01.20 08:00:03.693,0.7558,0.7559,2.44,1.12
2017.01.20 08:00:04.113,0.7558,0.75588,2.44,1.00
2017.01.20 08:00:04.417,0.75579,0.75587,1.50,1.00
2017.01.20 08:00:04.949,0.75579,0.75588,1.00,1.87
2017.01.20 08:00:05.467,0.75579,0.75588,1.00,1.12
2017.01.20 08:00:05.973,0.75578,0.75588,2.06,1.12
2017.01.20 08:00:06.763,0.75579,0.75587,1.00,1.12
2017.01.20 08:00:06.815,0.75579,0.75587,1.37,1.12
2017.01.20 08:00:07.299,0.75579,0.75589,2.25,2.62
2017.01.20 08:00:07.754,0.75577,0.75586,2.06,1.12
2017.01.20 08:00:08.287,0.75577,0.75587,2.06,1.87
2017.01.20 08:00:08.862,0.75577,0.75587,2.06,1.37
2017.01.20 08:00:08.913,0.75577,0.75588,2.81,1.87
2017.01.20 08:00:09.446,0.75578,0.75588,1.31,3.00
2017.01.20 08:00:09.994,0.75577,0.75588,4.54,1.12
2017.01.20 08:00:10.538,0.75578,0.75588,2.06,1.87
2017.01.20 08:00:11.313,0.75578,0.75587,1.62,1.12
2017.01.20 08:00:11.827,0.75578,0.75587,1.62,2.25
2017.01.20 08:00:12.358,0.75578,0.75587,1.62,1.00
2017.01.20 08:00:12.875,0.75576,0.75587,2.44,2.25
2017.01.20 08:00:13.420,0.75577,0.75587,1.69,1.87
2017.01.20 08:00:14.050,0.75579,0.75587,1.00,1.12
2017.01.20 08:00:14.101,0.75579,0.75589,1.00,2.62
2017.01.20 08:00:14.637,0.75581,0.75591,1.00,6.94
2017.01.20 08:00:14.942,0.75584,0.75593,1.00,3.75
2017.01.20 08:00:14.993,0.75584,0.75593,1.50,1.00
2017.01.20 08:00:15.094,0.75588,0.75596,1.00,1.50
2017.01.20 08:00:15.145,0.75586,0.75596,1.12,1.37
2017.01.20 08:00:15.196,0.75586,0.75597,1.50,2.06
2017.01.20 08:00:15.297,0.75586,0.75596,2.62,1.37
2017.01.20 08:00:15.604,0.75588,0.75598,1.50,1.12
2017.01.20 08:00:16.003,0.75586,0.75596,2.06,1.37
2017.01.20 08:00:16.104,0.75587,0.75597,1.25,1.00
2017.01.20 08:00:16.358,0.75588,0.75598,2.62,1.00
2017.01.20 08:00:16.867,0.75589,0.75599,1.50,1.87
2017.01.20 08:00:17.448,0.7559,0.75599,1.12,1.12
2017.01.20 08:00:19.496,0.7559,0.75598,1.00,1.00
2017.01.20 08:00:19.698,0.75588,0.75598,1.00,3.00
2017.01.20 08:00:20.242,0.75587,0.75597,1.31,1.00
2017.01.20 08:00:20.499,0.75588,0.75598,1.37,3.37
2017.01.20 08:00:21.031,0.75588,0.75598,2.25,1.37
2017.01.20 08:00:21.647,0.75589,0.75599,1.37,4.12
2017.01.20 08:00:22.165,0.75589,0.75598,1.37,1.37
2017.01.20 08:00:22.707,0.75589,0.75599,1.37,2.62
2017.01.20 08:00:23.316,0.75589,0.75599,1.50,1.87
2017.01.20 08:00:23.620,0.75589,0.75598,1.50,2.62
2017.01.20 08:00:25.349,0.75588,0.75598,1.75,1.50
2017.01.20 08:00:25.552,0.75588,0.75598,1.00,2.62
2017.01.20 08:00:26.059,0.75588,0.75597,1.00,1.12
2017.01.20 08:00:26.562,0.75587,0.75597,1.69,1.00
2017.01.20 08:00:27.022,0.75589,0.75598,1.00,1.12
2017.01.20 08:00:29.567,0.75589,0.75599,2.25,1.87
2017.01.20 08:00:30.093,0.75591,0.756,1.12,2.06
2017.01.20 08:00:30.600,0.75589,0.75598,2.44,1.00
2017.01.20 08:00:30.956,0.75594,0.756,1.00,1.31
2017.01.20 08:00:31.159,0.75596,0.75603,1.00,1.12
2017.01.20 08:00:31.312,0.75594,0.75605,2.25,1.31
2017.01.20 08:00:31.881,0.75596,0.75606,1.50,1.00
2017.01.20 08:00:32.418,0.75597,0.75607,1.00,1.00
2017.01.20 08:00:33.193,0.75597,0.75608,1.00,2.06
2017.01.20 08:00:33.399,0.75599,0.75608,1.00,2.81
2017.01.20 08:00:33.943,0.75599,0.75608,1.00,1.69
2017.01.20 08:00:34.450,0.75597,0.75608,1.12,3.19
2017.01.20 08:00:35.777,0.75598,0.75608,1.00,2.44
2017.01.20 08:00:36.326,0.75597,0.75608,1.50,2.81
2017.01.20 08:00:36.880,0.75597,0.75607,1.50,1.50
2017.01.20 08:00:37.240,0.75599,0.75608,1.00,1.31
2017.01.20 08:00:37.341,0.75597,0.75607,1.12,1.00
2017.01.20 08:00:37.861,0.75597,0.75608,1.00,3.56
2017.01.20 08:00:37.912,0.75597,0.75605,1.00,1.50
2017.01.20 08:00:38.165,0.75595,0.75605,2.62,2.44
2017.01.20 08:00:38.368,0.75597,0.75606,1.00,1.00
2017.01.20 08:00:38.874,0.75595,0.75605,4.69,1.00
2017.01.20 08:00:39.415,0.75595,0.75606,2.81,1.50
2017.01.20 08:00:39.955,0.75595,0.75606,1.19,3.00
2017.01.20 08:00:40.367,0.75595,0.75605,1.00,2.06
2017.01.20 08:00:40.790,0.75595,0.75607,4.87,6.56
2017.01.20 08:00:41.346,0.75595,0.75607,2.62,2.81
2017.01.20 08:00:41.693,0.75598,0.75607,1.00,1.19
2017.01.20 08:00:41.895,0.75596,0.75607,1.12,1.19
2017.01.20 08:00:42.834,0.75597,0.75607,1.00,1.69
2017.01.20 08:00:42.936,0.75597,0.75609,1.87,2.44
2017.01.20 08:00:43.402,0.75597,0.75606,1.50,1.25
2017.01.20 08:00:43.503,0.75596,0.75606,1.00,1.25
2017.01.20 08:00:43.880,0.75598,0.75608,1.00,1.00
2017.01.20 08:00:44.185,0.75595,0.75606,2.25,1.00
2017.01.20 08:00:44.943,0.75595,0.75605,1.00,1.00
2017.01.20 08:00:45.095,0.75594,0.75604,1.87,1.19
2017.01.20 08:00:45.610,0.75596,0.75604,1.50,1.56
2017.01.20 08:00:45.935,0.75598,0.75605,1.00,1.31
2017.01.20 08:00:46.758,0.75599,0.75605,1.00,1.19
2017.01.20 08:00:47.113,0.75596,0.75602,1.12,1.19
2017.01.20 08:00:47.214,0.75595,0.75602,1.00,1.69
2017.01.20 08:00:47.265,0.75594,0.75602,1.37,1.00
2017.01.20 08:00:47.316,0.75593,0.75603,1.00,4.31
2017.01.20 08:00:47.418,0.75595,0.75601,1.00,1.00
2017.01.20 08:00:47.570,0.75594,0.75605,2.25,2.44
2017.01.20 08:00:47.725,0.75597,0.75607,1.00,3.00
2017.01.20 08:00:47.776,0.75597,0.75607,1.87,1.00
2017.01.20 08:00:48.359,0.75597,0.75608,1.87,1.31
2017.01.20 08:00:50.889,0.75597,0.75607,1.37,1.00
2017.01.20 08:00:51.042,0.75596,0.75603,1.50,1.00
2017.01.20 08:00:51.195,0.75596,0.75604,1.00,1.69
2017.01.20 08:00:51.362,0.75592,0.75604,4.87,2.06
2017.01.20 08:00:51.516,0.75598,0.75604,1.60,2.06
2017.01.20 08:00:51.721,0.75603,0.75612,1.00,2.62
2017.01.20 08:00:51.822,0.75607,0.75614,1.00,1.87
2017.01.20 08:00:51.975,0.75609,0.75619,1.12,1.69
2017.01.20 08:00:52.127,0.7561,0.7562,1.00,1.50
2017.01.20 08:00:52.532,0.75612,0.75621,1.00,2.06
2017.01.20 08:00:52.757,0.7561,0.75621,1.00,2.06
2017.01.20 08:00:52.959,0.75612,0.75621,1.00,1.69
2017.01.20 08:00:53.364,0.7561,0.7562,2.62,1.00
2017.01.20 08:00:53.894,0.7561,0.7562,1.50,1.00
2017.01.20 08:00:54.414,0.7561,0.75621,1.00,1.62
2017.01.20 08:00:56.227,0.75612,0.7562,1.00,1.00
2017.01.20 08:00:56.733,0.7561,0.7562,2.47,1.00
2017.01.20 08:00:57.274,0.7561,0.7562,2.47,1.00
2017.01.20 08:00:57.925,0.75612,0.7562,1.00,1.00
2017.01.20 08:00:58.447,0.7561,0.7562,1.87,1.00
2017.01.20 08:00:59.538,0.7561,0.7562,1.50,1.00
2017.01.20 08:01:00.352,0.7561,0.75621,3.60,1.25
2017.01.20 08:01:01.605,0.7561,0.7562,1.50,1.00
2017.01.20 08:01:02.214,0.7561,0.75621,1.00,2.44
2017.01.20 08:01:02.722,0.7561,0.7562,1.00,1.00
2017.01.20 08:01:04.709,0.7561,0.75621,1.00,4.31
2017.01.20 08:01:06.129,0.75612,0.75621,1.00,2.81
2017.01.20 08:01:06.335,0.7561,0.7562,2.62,1.00
2017.01.20 08:01:10.366,0.7561,0.75619,1.12,2.25
2017.01.20 08:01:11.062,0.75609,0.75619,1.00,3.19
2017.01.20 08:01:11.264,0.75608,0.75616,1.00,1.50
2017.01.20 08:01:11.366,0.75604,0.75615,3.37,1.50
2017.01.20 08:01:11.468,0.75604,0.75615,3.00,1.87
2017.01.20 08:01:11.721,0.75604,0.75611,1.12,1.00
2017.01.20 08:01:11.859,0.75602,0.75611,3.00,1.37
2017.01.20 08:01:12.286,0.756,0.7561,3.37,1.12
2017.01.20 08:01:12.859,0.75601,0.7561,1.50,1.12
2017.01.20 08:01:13.362,0.756,0.7561,1.00,2.44
2017.01.20 08:01:14.487,0.756,0.7561,1.50,1.69
2017.01.20 08:01:18.998,0.756,0.75609,1.12,1.25
2017.01.20 08:01:20.159,0.75602,0.7561,1.00,2.81
2017.01.20 08:01:20.703,0.756,0.7561,1.50,1.31
2017.01.20 08:01:22.304,0.75602,0.75611,1.50,2.06
2017.01.20 08:01:22.609,0.75609,0.75619,2.10,1.69
2017.01.20 08:01:23.834,0.7561,0.75621,3.37,2.81
2017.01.20 08:01:24.339,0.75612,0.75621,1.00,4.31
2017.01.20 08:01:26.435,0.75612,0.75623,2.62,2.44
2017.01.20 08:01:26.956,0.75613,0.75623,1.00,2.81
2017.01.20 08:01:27.708,0.75614,0.75623,1.00,2.06
2017.01.20 08:01:29.445,0.75617,0.75624,1.00,2.25
2017.01.20 08:01:29.638,0.7562,0.7563,1.00,5.06
2017.01.20 08:01:30.148,0.75621,0.75628,1.00,1.00
2017.01.20 08:01:30.847,0.75619,0.75628,1.50,1.00
2017.01.20 08:01:31.371,0.7562,0.75629,1.12,1.25
2017.01.20 08:01:31.701,0.75619,0.75624,1.00,1.00
2017.01.20 08:01:31.854,0.75616,0.75622,3.37,1.31
2017.01.20 08:01:31.905,0.75612,0.75622,1.50,2.06
2017.01.20 08:01:32.057,0.75613,0.75624,4.50,4.69
2017.01.20 08:01:32.209,0.75617,0.75626,1.00,1.31
2017.01.20 08:01:32.412,0.75618,0.75627,1.37,1.19
2017.01.20 08:01:32.743,0.75616,0.75626,1.12,1.31
2017.01.20 08:01:33.270,0.75617,0.75626,1.00,1.31
2017.01.20 08:01:33.472,0.75617,0.75624,1.00,1.00
2017.01.20 08:01:33.523,0.75614,0.75622,2.25,1.25
2017.01.20 08:01:34.080,0.75613,0.75622,1.00,1.31
2017.01.20 08:01:34.367,0.75614,0.75624,1.50,3.75
2017.01.20 08:01:34.418,0.75616,0.75624,1.50,1.12
2017.01.20 08:01:34.540,0.75619,0.75625,1.00,1.25
2017.01.20 08:01:34.793,0.75619,0.75628,1.50,1.69
2017.01.20 08:01:35.263,0.75617,0.75628,1.87,2.44
2017.01.20 08:01:35.790,0.75618,0.75628,1.00,1.69
2017.01.20 08:01:36.575,0.75619,0.75629,1.00,2.44
2017.01.20 08:01:37.085,0.75619,0.75629,1.87,1.50
2017.01.20 08:01:37.805,0.75619,0.75628,1.12,3.00
2017.01.20 08:01:38.058,0.75617,0.75626,1.00,2.40
2017.01.20 08:01:38.363,0.75619,0.75628,1.87,1.50
2017.01.20 08:01:38.775,0.75619,0.7563,1.87,2.77
2017.01.20 08:01:39.570,0.75618,0.75628,5.25,1.00
2017.01.20 08:01:39.773,0.75617,0.75628,2.06,1.87
2017.01.20 08:01:40.948,0.75618,0.75628,1.00,4.50
2017.01.20 08:01:41.463,0.75618,0.75627,1.00,1.50
2017.01.20 08:01:42.002,0.75618,0.75628,1.00,3.75
2017.01.20 08:01:42.512,0.75617,0.75628,1.69,2.25
2017.01.20 08:01:43.407,0.75617,0.75628,1.69,2.77
2017.01.20 08:01:44.316,0.75619,0.75627,1.00,1.12
2017.01.20 08:01:45.480,0.75619,0.75628,1.00,1.12
2017.01.20 08:01:45.944,0.75617,0.75629,1.69,3.00
2017.01.20 08:01:46.552,0.75617,0.75628,2.06,3.00
2017.01.20 08:01:46.909,0.7562,0.75628,1.00,1.50
2017.01.20 08:01:47.162,0.7562,0.7563,1.00,1.37
2017.01.20 08:01:47.780,0.75619,0.7563,1.87,2.62
2017.01.20 08:01:48.338,0.7562,0.7563,1.00,2.62
2017.01.20 08:01:48.593,0.75621,0.75631,1.00,3.34
2017.01.20 08:01:49.138,0.7562,0.75631,1.00,3.19
2017.01.20 08:01:49.853,0.7562,0.7563,1.00,1.00
2017.01.20 08:01:50.359,0.75619,0.75628,1.50,1.00
2017.01.20 08:01:50.872,0.75619,0.75629,1.50,1.87
2017.01.20 08:01:51.883,0.75621,0.7563,1.00,3.00
2017.01.20 08:01:52.089,0.75621,0.75632,1.50,3.56
2017.01.20 08:01:52.620,0.75622,0.75632,1.00,1.87
2017.01.20 08:01:53.269,0.75621,0.75631,2.06,1.87
2017.01.20 08:01:57.519,0.75623,0.75632,1.00,3.00
2017.01.20 08:01:57.671,0.75624,0.75633,1.87,2.25
2017.01.20 08:01:57.722,0.75626,0.75633,1.00,2.25
2017.01.20 08:01:58.139,0.75626,0.75635,1.50,1.31
2017.01.20 08:01:58.190,0.75629,0.75636,1.00,1.87
2017.01.20 08:01:58.292,0.75629,0.75638,1.12,2.06
2017.01.20 08:01:58.819,0.7563,0.75638,1.00,1.50
2017.01.20 08:01:59.286,0.7563,0.7564,1.00,2.62
2017.01.20 08:02:00.247,0.75629,0.75637,2.25,1.19
2017.01.20 08:02:00.349,0.75629,0.75638,1.50,2.62
2017.01.20 08:02:00.400,0.75629,0.75638,1.50,2.25
2017.01.20 08:02:00.605,0.7563,0.75639,1.12,1.00
2017.01.20 08:02:01.138,0.75631,0.75638,1.00,1.00
2017.01.20 08:02:01.531,0.75628,0.75638,3.00,1.50
2017.01.20 08:02:01.734,0.75627,0.75636,1.87,1.84
2017.01.20 08:02:01.886,0.75624,0.75635,2.62,2.25
2017.01.20 08:02:02.394,0.75625,0.75636,1.87,1.69
2017.01.20 08:02:04.418,0.75624,0.75636,2.62,4.31
2017.01.20 08:02:04.617,0.7563,0.75635,1.00,1.37
2017.01.20 08:02:04.668,0.75628,0.75639,2.62,1.00
2017.01.20 08:02:04.872,0.75626,0.75637,2.06,2.62
2017.01.20 08:02:04.974,0.75626,0.75636,1.31,1.00
2017.01.20 08:02:05.329,0.75628,0.75637,1.00,4.87
2017.01.20 08:02:05.380,0.75628,0.75638,1.87,1.00
2017.01.20 08:02:05.431,0.7563,0.75638,1.00,1.00
2017.01.20 08:02:05.583,0.75629,0.7564,2.62,2.81
2017.01.20 08:02:06.117,0.7563,0.75641,1.50,1.50
2017.01.20 08:02:06.983,0.7563,0.75641,1.12,2.25
2017.01.20 08:02:07.517,0.75632,0.75641,1.00,2.25
2017.01.20 08:02:07.618,0.7563,0.75641,2.25,1.50
2017.01.20 08:02:07.884,0.75634,0.75641,1.00,1.37
2017.01.20 08:02:07.986,0.75634,0.75643,1.00,1.50
2017.01.20 08:02:08.087,0.75634,0.75644,1.00,1.00
2017.01.20 08:02:08.593,0.75634,0.75645,1.12,2.40
2017.01.20 08:02:09.117,0.75633,0.75645,5.44,2.77
2017.01.20 08:02:10.759,0.75633,0.75644,3.19,2.25
2017.01.20 08:02:10.962,0.75632,0.75641,3.37,1.00
2017.01.20 08:02:11.176,0.75632,0.75643,1.12,2.06
2017.01.20 08:02:11.480,0.75631,0.75642,2.62,1.37
2017.01.20 08:02:11.798,0.75633,0.75643,1.00,2.06
2017.01.20 08:02:12.103,0.75635,0.75642,1.00,1.87
2017.01.20 08:02:12.204,0.75631,0.75642,3.94,2.25
2017.01.20 08:02:12.732,0.75631,0.75642,1.69,4.50
2017.01.20 08:02:13.859,0.7563,0.7564,1.12,1.12
2017.01.20 08:02:14.403,0.7563,0.75642,1.87,5.44
2017.01.20 08:02:14.478,0.75632,0.75642,1.00,5.44
2017.01.20 08:02:14.529,0.75632,0.75642,1.00,3.19
2017.01.20 08:02:14.784,0.7563,0.75642,2.85,3.94
2017.01.20 08:02:15.087,0.7563,0.75641,1.50,1.87
2017.01.20 08:02:15.600,0.7563,0.75641,1.50,1.12
2017.01.20 08:02:16.133,0.7563,0.75641,1.12,2.25
2017.01.20 08:02:16.638,0.75631,0.75641,1.00,2.25
2017.01.20 08:02:16.941,0.75633,0.75642,1.00,3.00
2017.01.20 08:02:16.992,0.75633,0.75643,1.00,2.25
2017.01.20 08:02:17.296,0.75631,0.75642,1.69,2.40
2017.01.20 08:02:17.811,0.7563,0.7564,1.12,1.87
2017.01.20 08:02:18.417,0.7563,0.75641,1.12,2.62
2017.01.20 08:02:21.200,0.7563,0.7564,1.12,1.00
2017.01.20 08:02:21.718,0.7563,0.75641,1.12,2.25
2017.01.20 08:02:23.329,0.75632,0.75641,1.00,1.00
2017.01.20 08:02:23.835,0.75633,0.75643,1.50,2.25
2017.01.20 08:02:24.041,0.75631,0.75641,1.25,1.50
2017.01.20 08:02:24.143,0.75631,0.75641,1.25,1.50
2017.01.20 08:02:26.141,0.75631,0.75641,1.00,5.62
2017.01.20 08:02:26.808,0.75631,0.7564,1.00,1.50
2017.01.20 08:02:27.213,0.75633,0.75641,1.87,1.12
2017.01.20 08:02:27.461,0.75637,0.75646,1.00,1.12
2017.01.20 08:02:27.614,0.75635,0.75645,3.37,2.25
2017.01.20 08:02:27.664,0.75635,0.75645,1.00,3.00
2017.01.20 08:02:28.069,0.75634,0.75642,1.50,1.50
2017.01.20 08:02:28.272,0.75634,0.75646,1.00,4.87
2017.01.20 08:02:28.857,0.75634,0.75646,1.37,3.00
2017.01.20 08:02:29.697,0.75634,0.75643,1.87,1.50
2017.01.20 08:02:29.849,0.75633,0.75644,1.69,4.50
2017.01.20 08:02:29.951,0.75633,0.75643,1.25,1.87
2017.01.20 08:02:30.761,0.75632,0.75642,1.00,2.62
2017.01.20 08:02:31.294,0.75634,0.75642,1.00,1.00
2017.01.20 08:02:31.396,0.75634,0.75644,1.00,2.25
2017.01.20 08:02:31.889,0.75636,0.75647,1.00,2.81
2017.01.20 08:02:31.941,0.75637,0.75648,1.00,2.81
2017.01.20 08:02:32.042,0.75636,0.75645,1.00,1.50
2017.01.20 08:02:32.250,0.75634,0.75644,1.12,2.25
2017.01.20 08:02:32.876,0.75633,0.75644,2.81,2.25
2017.01.20 08:02:33.505,0.75636,0.75645,1.00,1.87
2017.01.20 08:02:33.559,0.75637,0.75646,1.00,1.50
2017.01.20 08:02:33.762,0.75636,0.75647,1.50,1.31
2017.01.20 08:02:34.274,0.75635,0.75645,1.50,3.00
2017.01.20 08:02:34.376,0.75633,0.75644,3.56,1.00
2017.01.20 08:02:34.428,0.75633,0.75643,2.06,2.25
2017.01.20 08:02:34.975,0.75633,0.75643,1.25,3.75
2017.01.20 08:02:35.512,0.75633,0.75642,1.25,1.37
2017.01.20 08:02:36.623,0.75633,0.75644,2.44,1.75
2017.01.20 08:02:36.674,0.75634,0.75644,1.00,1.50
2017.01.20 08:02:36.725,0.75636,0.75644,1.00,1.12
2017.01.20 08:02:36.878,0.75638,0.75648,1.50,1.50
2017.01.20 08:02:37.259,0.75635,0.75645,1.69,1.00
2017.01.20 08:02:37.360,0.75633,0.75644,3.37,3.56
2017.01.20 08:02:37.563,0.75635,0.75644,1.25,3.37
2017.01.20 08:02:37.855,0.75633,0.75642,1.00,1.37
2017.01.20 08:02:38.650,0.75635,0.75644,2.62,1.50
2017.01.20 08:02:38.853,0.75637,0.75647,1.00,1.00
2017.01.20 08:02:39.380,0.75637,0.75647,1.00,5.81
2017.01.20 08:02:40.383,0.75637,0.75647,2.81,1.00
2017.01.20 08:02:41.248,0.75639,0.75647,1.00,1.00
2017.01.20 08:02:41.299,0.75639,0.75649,1.00,1.69
2017.01.20 08:02:41.759,0.75641,0.75651,1.00,3.94
2017.01.20 08:02:43.264,0.7564,0.7565,1.87,1.19
2017.01.20 08:02:45.772,0.7564,0.75652,4.12,5.25
2017.01.20 08:02:46.292,0.75641,0.75653,1.87,4.12
2017.01.20 08:02:51.493,0.75641,0.7565,1.87,1.50
2017.01.20 08:02:52.987,0.75641,0.75652,4.87,4.87
2017.01.20 08:02:53.622,0.75641,0.7565,3.37,1.50
2017.01.20 08:02:54.789,0.75642,0.75652,1.00,4.87
2017.01.20 08:02:55.295,0.75643,0.75652,1.87,2.25
2017.01.20 08:02:56.882,0.75643,0.75653,1.87,1.50
2017.01.20 08:02:58.112,0.75644,0.75653,1.00,2.62
2017.01.20 08:02:59.157,0.75643,0.75653,1.50,3.00
2017.01.20 08:03:00.242,0.75644,0.75653,1.00,2.62
2017.01.20 08:03:01.842,0.75645,0.75654,1.00,3.56
2017.01.20 08:03:01.944,0.75647,0.75654,1.00,1.00
2017.01.20 08:03:02.097,0.75649,0.7566,5.25,2.44
2017.01.20 08:03:02.666,0.75649,0.75657,1.00,1.69
2017.01.20 08:03:03.172,0.75648,0.75657,1.00,4.31
2017.01.20 08:03:03.310,0.75646,0.75657,1.87,4.31
2017.01.20 08:03:04.416,0.75646,0.75657,1.50,5.44
2017.01.20 08:03:05.416,0.75649,0.75658,1.00,1.87
2017.01.20 08:03:05.518,0.7565,0.7566,1.00,1.69
2017.01.20 08:03:06.641,0.75649,0.75657,1.50,1.00
2017.01.20 08:03:06.945,0.75655,0.75661,2.25,1.75
2017.01.20 08:03:06.996,0.75657,0.75661,1.00,1.00
2017.01.20 08:03:07.097,0.75657,0.75664,1.00,1.87
2017.01.20 08:03:07.198,0.75657,0.75664,1.00,6.37
2017.01.20 08:03:07.249,0.75654,0.75664,1.25,6.37
2017.01.20 08:03:07.933,0.75654,0.75663,1.25,1.50
2017.01.20 08:03:08.105,0.75654,0.75663,1.25,2.25
2017.01.20 08:03:08.629,0.75654,0.75665,1.25,4.50
2017.01.20 08:03:08.882,0.75654,0.75662,1.00,1.00
2017.01.20 08:03:08.984,0.75652,0.75661,1.50,2.25
2017.01.20 08:03:09.664,0.75652,0.75662,1.00,3.37
2017.01.20 08:03:10.224,0.75652,0.75661,1.12,1.50
2017.01.20 08:03:10.326,0.75658,0.75663,1.00,7.12
2017.01.20 08:03:10.428,0.75654,0.75662,1.35,2.25
2017.01.20 08:03:10.529,0.75653,0.75664,1.12,3.94
2017.01.20 08:03:10.580,0.75653,0.75662,1.87,1.00
2017.01.20 08:03:10.639,0.75651,0.75663,3.56,3.00
2017.01.20 08:03:11.291,0.75651,0.75661,1.25,1.00
2017.01.20 08:03:11.797,0.75651,0.75662,1.31,2.25
2017.01.20 08:03:18.751,0.75651,0.75661,2.44,1.50
2017.01.20 08:03:21.054,0.75651,0.75662,1.25,1.87
2017.01.20 08:03:22.695,0.75651,0.75661,2.44,1.00
2017.01.20 08:03:22.948,0.7565,0.7566,1.91,1.50
2017.01.20 08:03:23.454,0.7565,0.75659,1.31,2.25
2017.01.20 08:03:27.133,0.75649,0.75659,1.91,2.25
2017.01.20 08:03:27.438,0.75649,0.75657,1.69,1.00
2017.01.20 08:03:28.174,0.75649,0.75655,1.00,1.00
2017.01.20 08:03:28.275,0.75647,0.75654,1.12,1.12
2017.01.20 08:03:28.326,0.75644,0.75654,3.19,1.00
2017.01.20 08:03:28.595,0.75644,0.75652,1.19,1.00
2017.01.20 08:03:29.428,0.75644,0.75653,1.19,3.37
2017.01.20 08:03:31.177,0.75644,0.75652,1.19,1.00
2017.01.20 08:03:31.641,0.75644,0.7565,1.19,1.00
2017.01.20 08:03:31.744,0.75641,0.7565,1.69,1.00
2017.01.20 08:03:32.305,0.75642,0.75649,1.00,1.00
2017.01.20 08:03:32.831,0.75641,0.7565,1.69,1.50
2017.01.20 08:03:33.375,0.75642,0.7565,1.00,2.25
2017.01.20 08:03:34.096,0.75642,0.75648,1.00,1.00
2017.01.20 08:03:34.638,0.75641,0.75649,1.25,1.00
2017.01.20 08:03:36.981,0.75642,0.75651,1.00,1.87
2017.01.20 08:03:38.820,0.75642,0.75652,2.62,1.12
2017.01.20 08:03:41.420,0.75643,0.75653,1.35,1.37
2017.01.20 08:03:41.979,0.75643,0.75654,3.00,1.87
2017.01.20 08:03:42.881,0.75642,0.75652,6.19,1.00
2017.01.20 08:03:42.932,0.75642,0.7565,4.31,1.00
2017.01.20 08:03:43.452,0.75642,0.7565,1.25,1.00
2017.01.20 08:03:44.838,0.75642,0.75652,1.25,2.25
2017.01.20 08:03:45.448,0.75642,0.75652,1.25,2.25
2017.01.20 08:03:46.401,0.75642,0.75652,1.91,1.50
2017.01.20 08:03:46.947,0.75641,0.75651,2.81,1.12
2017.01.20 08:03:49.559,0.75641,0.7565,2.06,1.00
2017.01.20 08:03:50.064,0.75641,0.7565,1.12,1.00
2017.01.20 08:03:51.218,0.75641,0.75649,1.12,1.00
2017.01.20 08:03:51.750,0.75641,0.7565,1.12,1.00
2017.01.20 08:03:52.600,0.75642,0.7565,1.00,1.00
2017.01.20 08:03:52.752,0.7564,0.7565,2.44,1.50
2017.01.20 08:03:52.802,0.7564,0.75647,2.06,1.00
2017.01.20 08:03:53.308,0.75639,0.75648,1.19,1.12
2017.01.20 08:03:53.561,0.75638,0.75648,1.87,2.62
2017.01.20 08:03:53.662,0.75638,0.75644,1.50,1.00
2017.01.20 08:03:53.713,0.75634,0.75643,3.37,1.00
2017.01.20 08:03:53.814,0.75632,0.75643,3.94,1.50
2017.01.20 08:03:53.916,0.75632,0.75642,1.19,1.37
2017.01.20 08:03:54.150,0.7563,0.7564,5.44,1.00
2017.01.20 08:03:54.683,0.7563,0.7564,2.81,1.87
2017.01.20 08:03:55.372,0.75631,0.75641,1.00,1.87
2017.01.20 08:03:55.524,0.75631,0.75642,1.00,2.25
2017.01.20 08:03:57.053,0.75631,0.75642,1.00,3.00
2017.01.20 08:03:57.634,0.75631,0.75641,1.12,1.00
2017.01.20 08:03:58.167,0.75633,0.75643,1.25,1.50
2017.01.20 08:03:58.522,0.75633,0.75641,3.19,1.00
2017.01.20 08:03:58.825,0.75632,0.75641,1.31,2.25
2017.01.20 08:03:59.383,0.75632,0.75641,1.31,1.37
2017.01.20 08:04:00.729,0.75632,0.75642,1.69,2.62
2017.01.20 08:04:01.274,0.75632,0.75642,4.31,1.50
2017.01.20 08:04:03.132,0.75632,0.75642,3.19,1.50
2017.01.20 08:04:06.160,0.75632,0.75642,1.19,1.35
2017.01.20 08:04:06.741,0.75632,0.75641,2.81,1.00
2017.01.20 08:04:09.213,0.75632,0.75642,2.81,1.12
2017.01.20 08:04:09.366,0.75632,0.75645,5.81,4.87
2017.01.20 08:04:09.468,0.75632,0.75642,2.44,1.50
2017.01.20 08:04:10.176,0.75633,0.75644,1.25,4.12
2017.01.20 08:04:10.706,0.75633,0.75644,2.06,2.62
2017.01.20 08:04:11.355,0.75634,0.75644,1.12,1.50
2017.01.20 08:04:12.466,0.75634,0.75644,1.00,2.62
2017.01.20 08:04:13.086,0.75634,0.75644,1.00,1.50
2017.01.20 08:04:13.456,0.75633,0.75644,2.81,1.87
2017.01.20 08:04:14.939,0.75632,0.75643,1.69,3.00
2017.01.20 08:04:15.307,0.75636,0.75647,2.25,2.25
2017.01.20 08:04:15.358,0.75635,0.75646,2.81,1.37
2017.01.20 08:04:16.970,0.75637,0.75646,1.00,1.00
2017.01.20 08:04:17.447,0.75637,0.75649,2.62,3.00
2017.01.20 08:04:17.951,0.75637,0.75649,2.62,3.37
2017.01.20 08:04:18.053,0.75639,0.75649,1.00,3.37
2017.01.20 08:04:18.562,0.75638,0.75649,1.00,1.87
2017.01.20 08:04:19.077,0.75637,0.75648,3.37,1.00
2017.01.20 08:04:20.308,0.75637,0.75647,3.00,1.00
2017.01.20 08:04:21.297,0.75637,0.75646,1.00,1.12
2017.01.20 08:04:21.449,0.75634,0.75645,3.75,1.57
2017.01.20 08:04:21.651,0.75634,0.75645,5.06,1.87
2017.01.20 08:04:22.170,0.75634,0.75644,3.19,1.12
2017.01.20 08:04:22.762,0.75633,0.75643,1.62,1.00
2017.01.20 08:04:23.313,0.75633,0.75643,1.31,1.00
2017.01.20 08:04:23.930,0.75633,0.75644,2.06,1.00
2017.01.20 08:04:27.663,0.75632,0.75643,5.06,1.00
2017.01.20 08:04:28.170,0.75632,0.75642,2.44,1.50
2017.01.20 08:04:28.714,0.75632,0.75642,1.19,3.00
2017.01.20 08:04:29.337,0.75632,0.75642,3.19,1.50
2017.01.20 08:04:29.489,0.75633,0.75644,2.06,1.50
2017.01.20 08:04:29.540,0.75634,0.75643,1.12,1.12
2017.01.20 08:04:30.080,0.75633,0.75643,2.81,1.37
2017.01.20 08:04:31.584,0.75632,0.75643,4.69,3.00
2017.01.20 08:04:34.270,0.75634,0.75643,1.00,1.37
2017.01.20 08:04:34.495,0.75635,0.75646,3.56,1.50
2017.01.20 08:04:35.431,0.75635,0.75646,1.31,3.37
2017.01.20 08:04:35.971,0.75635,0.75646,1.31,1.87
2017.01.20 08:04:36.506,0.75635,0.75646,1.31,3.00
2017.01.20 08:04:38.406,0.75634,0.75645,3.19,1.87
2017.01.20 08:04:39.671,0.75638,0.75646,1.25,1.37
2017.01.20 08:04:39.773,0.75638,0.75649,2.81,2.62
2017.01.20 08:04:39.925,0.75639,0.75651,2.10,2.06
2017.01.20 08:04:40.049,0.75639,0.75651,2.10,2.81
2017.01.20 08:04:40.353,0.7564,0.75649,1.37,1.00
2017.01.20 08:04:41.686,0.7564,0.7565,1.37,2.25
2017.01.20 08:04:45.335,0.7564,0.75651,1.87,3.19
2017.01.20 08:04:46.949,0.75641,0.75652,2.81,4.12
2017.01.20 08:04:47.232,0.75643,0.75653,1.87,2.25
2017.01.20 08:04:47.536,0.75645,0.75653,1.25,1.12
2017.01.20 08:04:47.840,0.75648,0.75656,1.87,1.00
2017.01.20 08:04:47.943,0.75648,0.75659,1.87,4.12
2017.01.20 08:04:48.246,0.75647,0.75656,3.56,1.00
2017.01.20 08:04:48.348,0.75645,0.75655,3.75,1.00
2017.01.20 08:04:48.513,0.75645,0.75656,1.87,1.12
2017.01.20 08:04:49.228,0.75646,0.75657,1.50,8.62
2017.01.20 08:04:50.579,0.75645,0.75656,3.75,2.92
2017.01.20 08:04:50.743,0.75643,0.75653,1.69,1.50
2017.01.20 08:04:54.030,0.75642,0.75651,1.87,1.35
2017.01.20 08:04:54.081,0.75641,0.75651,1.25,1.35
2017.01.20 08:04:54.131,0.7564,0.75649,3.19,1.00
2017.01.20 08:04:54.647,0.7564,0.75648,1.69,1.00
2017.01.20 08:04:55.443,0.7564,0.7565,1.69,1.50
2017.01.20 08:04:56.862,0.7564,0.7565,1.94,2.25
2017.01.20 08:04:57.376,0.7564,0.7565,1.69,3.75
2017.01.20 08:04:58.119,0.7564,0.75649,1.31,1.50
2017.01.20 08:04:58.322,0.75638,0.75647,1.87,1.50
2017.01.20 08:04:58.423,0.75635,0.75646,6.19,2.25
2017.01.20 08:04:58.968,0.75635,0.75646,4.69,1.00
2017.01.20 08:04:59.529,0.75635,0.75645,2.81,1.00
2017.01.20 08:05:00.146,0.75637,0.75645,1.00,1.00
2017.01.20 08:05:00.248,0.75639,0.75649,1.00,7.50
2017.01.20 08:05:00.420,0.75639,0.75651,1.00,4.69
2017.01.20 08:05:00.622,0.75639,0.75649,1.50,1.00
2017.01.20 08:05:00.940,0.7564,0.75646,1.00,1.00
2017.01.20 08:05:01.092,0.75635,0.75645,2.44,1.12
2017.01.20 08:05:01.546,0.75634,0.75644,1.12,1.12
2017.01.20 08:05:01.764,0.75632,0.75641,2.44,1.00
2017.01.20 08:05:02.068,0.75634,0.75645,6.79,1.50
2017.01.20 08:05:02.539,0.75638,0.75647,1.25,1.12
2017.01.20 08:05:03.045,0.75637,0.75647,2.06,2.25
2017.01.20 08:05:03.349,0.75635,0.75645,3.19,1.00
2017.01.20 08:05:03.887,0.75635,0.75644,1.69,1.00
2017.01.20 08:05:04.419,0.75635,0.75645,1.25,1.00
2017.01.20 08:05:04.996,0.75635,0.75644,1.25,1.00
2017.01.20 08:05:05.692,0.75636,0.75644,1.00,1.12
2017.01.20 08:05:05.895,0.75637,0.75647,3.19,2.25
2017.01.20 08:05:06.350,0.75638,0.75648,1.87,3.00
2017.01.20 08:05:06.503,0.75636,0.75647,2.81,1.87
2017.01.20 08:05:06.960,0.75638,0.75647,3.37,1.00
2017.01.20 08:05:07.859,0.75638,0.75648,2.62,1.00
2017.01.20 08:05:08.913,0.75639,0.75648,4.35,1.50
2017.01.20 08:05:09.065,0.75641,0.75651,1.31,1.00
2017.01.20 08:05:09.267,0.75641,0.7565,1.69,1.87
2017.01.20 08:05:11.458,0.7564,0.7565,1.87,1.87
2017.01.20 08:05:11.816,0.75638,0.75647,2.62,1.00
2017.01.20 08:05:12.416,0.75638,0.75646,2.62,1.00
2017.01.20 08:05:12.986,0.75638,0.75647,1.87,1.00
2017.01.20 08:05:13.949,0.75638,0.75648,1.87,1.12
2017.01.20 08:05:14.483,0.75639,0.75651,4.72,5.25
2017.01.20 08:05:14.542,0.75639,0.7565,2.25,2.25
2017.01.20 08:05:15.084,0.75639,0.75649,1.00,6.00
2017.01.20 08:05:15.605,0.75638,0.75649,2.25,1.12
2017.01.20 08:05:16.283,0.75639,0.7565,2.62,1.37
2017.01.20 08:05:19.010,0.75639,0.75648,1.50,1.00
2017.01.20 08:05:19.111,0.75638,0.75648,1.00,1.50
2017.01.20 08:05:20.224,0.75637,0.75646,1.69,1.00
2017.01.20 08:05:20.427,0.75633,0.75643,5.62,1.00
2017.01.20 08:05:20.857,0.75631,0.7564,1.37,1.00
2017.01.20 08:05:20.959,0.75629,0.7564,5.06,1.50
2017.01.20 08:05:21.371,0.75632,0.75641,1.00,3.37
2017.01.20 08:05:21.422,0.75632,0.75641,3.75,1.00
2017.01.20 08:05:21.474,0.75634,0.75642,1.00,1.12
2017.01.20 08:05:21.626,0.75634,0.75644,1.00,2.25
2017.01.20 08:05:21.829,0.75634,0.75643,1.00,1.50
2017.01.20 08:05:22.598,0.75631,0.75642,3.19,1.50
2017.01.20 08:05:23.118,0.75631,0.75643,2.81,3.75
2017.01.20 08:05:23.626,0.75633,0.75643,1.50,1.87
2017.01.20 08:05:24.135,0.75635,0.75643,1.00,1.12
2017.01.20 08:05:24.237,0.75638,0.75648,1.12,1.50
2017.01.20 08:05:24.340,0.75638,0.75649,5.10,2.62
2017.01.20 08:05:26.671,0.75638,0.75647,1.12,1.00
2017.01.20 08:05:26.824,0.75638,0.75649,1.87,1.87
2017.01.20 08:05:26.876,0.75638,0.75647,1.12,1.00
2017.01.20 08:05:26.927,0.75637,0.75646,1.37,1.00
2017.01.20 08:05:27.231,0.75637,0.75648,2.25,1.12
2017.01.20 08:05:27.758,0.75638,0.75649,1.12,3.37
2017.01.20 08:05:28.786,0.75638,0.75649,3.75,1.37
2017.01.20 08:05:31.208,0.75639,0.75649,1.50,1.50
2017.01.20 08:05:31.556,0.75641,0.75651,1.50,1.87
2017.01.20 08:05:32.062,0.7564,0.75651,3.00,1.87
2017.01.20 08:05:32.549,0.75639,0.75648,1.31,1.00
2017.01.20 08:05:33.068,0.7564,0.7565,1.00,1.37
2017.01.20 08:05:33.608,0.75639,0.7565,4.31,1.37
2017.01.20 08:05:34.800,0.75639,0.75648,2.06,1.00
2017.01.20 08:05:38.411,0.75639,0.75649,1.31,1.87
2017.01.20 08:05:38.929,0.7564,0.75649,1.50,1.87
2017.01.20 08:05:39.723,0.75639,0.75649,3.19,1.87
2017.01.20 08:05:40.336,0.75639,0.75649,3.94,2.25
2017.01.20 08:05:40.850,0.75639,0.75649,2.44,3.37
2017.01.20 08:05:41.910,0.75639,0.75648,1.25,1.00
2017.01.20 08:05:43.303,0.75638,0.75647,2.44,1.00
2017.01.20 08:05:45.538,0.75638,0.75648,1.19,5.25
2017.01.20 08:05:46.136,0.75638,0.75646,1.19,1.00
2017.01.20 08:05:46.663,0.75636,0.75646,1.87,4.87
2017.01.20 08:05:46.715,0.75635,0.75644,1.31,1.00
2017.01.20 08:05:47.397,0.75637,0.75644,3.00,1.12
2017.01.20 08:05:47.701,0.7564,0.75647,1.87,1.00
2017.01.20 08:05:50.399,0.7564,0.75648,1.62,1.50
2017.01.20 08:05:53.247,0.75639,0.75648,1.31,1.50
2017.01.20 08:05:53.348,0.75638,0.75647,1.00,1.00
2017.01.20 08:05:53.501,0.75636,0.75646,1.31,1.87
2017.01.20 08:05:54.062,0.75635,0.75646,2.06,2.25
2017.01.20 08:05:55.568,0.75637,0.75647,1.69,1.37
2017.01.20 08:05:55.778,0.75638,0.75648,1.00,3.00
2017.01.20 08:05:56.373,0.75637,0.75648,4.69,1.87
2017.01.20 08:05:56.963,0.75637,0.75648,4.69,1.87
2017.01.20 08:05:57.546,0.75636,0.75646,2.81,1.00
2017.01.20 08:05:57.597,0.75634,0.75643,4.31,1.00
2017.01.20 08:05:57.648,0.75634,0.75643,1.12,1.00
2017.01.20 08:05:57.749,0.75632,0.75642,1.69,1.00
2017.01.20 08:05:57.901,0.75631,0.75641,3.19,1.37
2017.01.20 08:05:58.407,0.75632,0.75642,1.69,1.00
2017.01.20 08:05:58.950,0.75632,0.75642,1.69,1.37
2017.01.20 08:05:59.630,0.75631,0.75638,1.19,1.00
2017.01.20 08:05:59.884,0.7563,0.75638,1.00,1.00
2017.01.20 08:06:00.470,0.7563,0.75639,1.00,1.00
2017.01.20 08:06:00.880,0.7563,0.75641,1.00,2.62
2017.01.20 08:06:01.457,0.75631,0.75642,2.25,5.25
2017.01.20 08:06:02.990,0.75631,0.7564,1.50,1.00
2017.01.20 08:06:04.008,0.75632,0.7564,1.69,1.00
2017.01.20 08:06:04.210,0.75632,0.75642,2.81,1.12
2017.01.20 08:06:08.413,0.75632,0.75641,2.06,1.00
2017.01.20 08:06:08.616,0.7563,0.7564,1.69,1.00
2017.01.20 08:06:09.141,0.7563,0.75641,2.44,1.12
2017.01.20 08:06:09.640,0.7563,0.75639,1.31,1.00
2017.01.20 08:06:09.843,0.75629,0.75641,4.69,3.00
2017.01.20 08:06:10.321,0.75631,0.75641,1.50,3.37
2017.01.20 08:06:11.723,0.7563,0.75641,2.66,2.62
2017.01.20 08:06:12.780,0.75632,0.75641,1.00,1.87
2017.01.20 08:06:13.033,0.75633,0.75642,1.69,1.50
2017.01.20 08:06:15.847,0.75634,0.75642,5.25,1.50
2017.01.20 08:06:15.898,0.75637,0.75642,1.00,1.00
2017.01.20 08:06:16.038,0.75638,0.75645,1.00,3.00
2017.01.20 08:06:16.112,0.7564,0.75645,1.60,1.00
2017.01.20 08:06:16.213,0.7564,0.75649,1.12,1.00
2017.01.20 08:06:18.169,0.7564,0.7565,1.87,1.12
2017.01.20 08:06:22.832,0.75643,0.7565,1.50,1.12
2017.01.20 08:06:23.090,0.75644,0.75652,1.00,1.12
2017.01.20 08:06:23.396,0.75642,0.75651,1.00,1.12
2017.01.20 08:06:23.802,0.7564,0.75649,4.31,1.00
2017.01.20 08:06:24.308,0.7564,0.7565,5.06,1.00
2017.01.20 08:06:25.951,0.7564,0.75649,2.81,1.00
2017.01.20 08:06:26.462,0.7564,0.75648,1.31,1.00
2017.01.20 08:06:27.156,0.7564,0.75646,1.31,1.00
2017.01.20 08:06:27.461,0.75636,0.75641,1.00,1.00
2017.01.20 08:06:27.512,0.75634,0.75642,1.00,1.50
2017.01.20 08:06:27.854,0.75631,0.75642,2.44,1.50
2017.01.20 08:06:27.955,0.7563,0.75639,3.00,1.00
2017.01.20 08:06:28.006,0.7563,0.75639,1.87,1.00
2017.01.20 08:06:28.511,0.75629,0.75638,1.12,1.50
2017.01.20 08:06:28.865,0.7563,0.75639,1.85,1.12
2017.01.20 08:06:29.372,0.75631,0.75638,1.00,1.00
2017.01.20 08:06:29.955,0.7563,0.75638,1.31,1.00
2017.01.20 08:06:30.562,0.75629,0.7564,3.56,2.62
2017.01.20 08:06:31.072,0.75629,0.75638,4.69,1.00
2017.01.20 08:06:31.918,0.75629,0.7564,3.19,3.37
2017.01.20 08:06:32.432,0.75632,0.75641,1.00,1.50
2017.01.20 08:06:32.947,0.75632,0.75641,1.69,1.12
2017.01.20 08:06:33.251,0.75636,0.75645,2.25,1.00
2017.01.20 08:06:33.758,0.75636,0.75646,1.50,1.00
2017.01.20 08:06:35.204,0.75638,0.75646,1.00,1.00
2017.01.20 08:06:35.507,0.7564,0.75648,1.25,1.00
2017.01.20 08:06:36.056,0.75639,0.75647,1.31,1.50
2017.01.20 08:06:37.099,0.75639,0.75648,1.19,2.62
2017.01.20 08:06:37.409,0.75639,0.75646,1.19,1.00
2017.01.20 08:06:38.152,0.75639,0.75647,1.19,1.50
2017.01.20 08:06:38.866,0.75639,0.75648,1.19,1.00
2017.01.20 08:06:40.105,0.75639,0.75646,1.69,1.00
2017.01.20 08:06:40.206,0.75639,0.75648,1.69,1.00
2017.01.20 08:06:40.359,0.7564,0.7565,1.25,1.87
2017.01.20 08:06:40.866,0.75639,0.75649,1.69,1.12
2017.01.20 08:06:43.306,0.75639,0.75647,1.19,1.00
2017.01.20 08:06:43.443,0.75639,0.75649,1.19,1.87
2017.01.20 08:06:44.723,0.75639,0.75647,1.19,1.50
2017.01.20 08:06:46.277,0.75639,0.75649,1.31,1.12
2017.01.20 08:06:51.000,0.75639,0.7565,1.69,3.37
2017.01.20 08:06:52.069,0.75639,0.7565,2.06,1.37
2017.01.20 08:06:54.512,0.75639,0.75649,1.19,1.87
2017.01.20 08:06:56.676,0.75637,0.75645,1.75,4.50
2017.01.20 08:06:56.727,0.75634,0.75644,2.81,3.00
2017.01.20 08:06:56.778,0.75633,0.75643,3.94,1.50
2017.01.20 08:06:56.879,0.75632,0.75642,1.50,1.87
2017.01.20 08:06:57.516,0.7563,0.75641,3.56,1.50
2017.01.20 08:06:59.420,0.7563,0.75639,2.44,1.00
2017.01.20 08:07:00.477,0.75631,0.75641,1.69,3.00
2017.01.20 08:07:01.564,0.7563,0.7564,2.44,4.72
2017.01.20 08:07:02.546,0.7563,0.75638,1.19,1.00
2017.01.20 08:07:02.847,0.75626,0.75636,2.25,3.15
2017.01.20 08:07:02.898,0.75625,0.75634,3.94,1.50
2017.01.20 08:07:03.203,0.75625,0.75631,1.00,2.25
2017.01.20 08:07:03.254,0.75619,0.75631,5.06,2.25
2017.01.20 08:07:03.773,0.75619,0.75629,2.44,1.00
2017.01.20 08:07:04.286,0.75619,0.75628,2.44,1.00
2017.01.20 08:07:04.521,0.75619,0.75626,1.19,1.00
2017.01.20 08:07:04.572,0.75618,0.75626,2.81,1.00
2017.01.20 08:07:05.114,0.75617,0.75628,4.69,1.87
2017.01.20 08:07:06.357,0.7562,0.7563,1.25,3.37
2017.01.20 08:07:06.409,0.7562,0.7563,1.31,1.00
2017.01.20 08:07:06.510,0.75622,0.75631,1.12,1.00
2017.01.20 08:07:06.763,0.7562,0.75631,1.31,1.50
2017.01.20 08:07:08.019,0.75622,0.75632,1.00,2.62
2017.01.20 08:07:08.577,0.75621,0.75631,3.00,1.37
2017.01.20 08:07:08.732,0.7562,0.7563,2.06,1.00
2017.01.20 08:07:09.188,0.75626,0.7563,1.00,1.50
2017.01.20 08:07:09.239,0.75624,0.75633,2.44,2.62
2017.01.20 08:07:09.291,0.75625,0.75633,1.00,1.00
2017.01.20 08:07:09.511,0.75622,0.75632,1.50,2.10
2017.01.20 08:07:09.714,0.75619,0.75631,5.06,3.60
2017.01.20 08:07:10.577,0.75627,0.75631,1.00,1.87
2017.01.20 08:07:10.679,0.75627,0.75633,1.69,3.37
2017.01.20 08:07:10.894,0.75627,0.75638,2.44,1.00
2017.01.20 08:07:10.945,0.75627,0.75638,3.19,1.00
2017.01.20 08:07:11.451,0.7563,0.7564,1.12,1.00
2017.01.20 08:07:11.987,0.7563,0.75641,1.31,2.62
2017.01.20 08:07:12.854,0.7563,0.75641,2.81,1.50
2017.01.20 08:07:13.359,0.75631,0.75642,3.94,1.87
2017.01.20 08:07:13.866,0.7563,0.75641,1.19,4.12
2017.01.20 08:07:14.654,0.7563,0.75639,1.19,1.60
2017.01.20 08:07:14.705,0.75629,0.75638,1.00,2.10
2017.01.20 08:07:14.857,0.75627,0.75636,2.06,1.00
2017.01.20 08:07:15.161,0.75625,0.75633,1.12,1.50
2017.01.20 08:07:15.312,0.75622,0.75633,2.62,1.50
2017.01.20 08:07:15.616,0.75624,0.75632,1.50,1.87
2017.01.20 08:07:15.744,0.75626,0.75634,1.00,1.12
2017.01.20 08:07:15.896,0.75628,0.75634,1.00,1.00
2017.01.20 08:07:16.351,0.75628,0.75638,1.12,1.35
2017.01.20 08:07:16.864,0.75628,0.75634,1.00,1.00
2017.01.20 08:07:16.916,0.75625,0.75634,1.12,3.75
2017.01.20 08:07:17.124,0.75622,0.75632,1.31,2.47
2017.01.20 08:07:17.175,0.75622,0.75632,1.19,3.22
2017.01.20 08:07:19.279,0.7562,0.7563,3.75,1.12
2017.01.20 08:07:19.798,0.7562,0.75631,1.50,2.25
2017.01.20 08:07:20.103,0.75619,0.7563,1.50,1.50
2017.01.20 08:07:21.634,0.7562,0.75629,1.00,1.00
2017.01.20 08:07:22.177,0.75619,0.7563,1.50,1.12
2017.01.20 08:07:23.016,0.75618,0.7563,4.31,1.12
2017.01.20 08:07:24.917,0.75618,0.7563,4.69,3.22
2017.01.20 08:07:25.273,0.75622,0.7563,1.00,1.50
2017.01.20 08:07:25.874,0.75622,0.75631,1.19,2.62
2017.01.20 08:07:26.178,0.75622,0.7563,1.19,1.72
2017.01.20 08:07:27.038,0.75622,0.7563,1.19,1.00
2017.01.20 08:07:29.151,0.75622,0.7563,1.19,4.35
2017.01.20 08:07:29.202,0.7562,0.75629,1.12,1.35
2017.01.20 08:07:29.707,0.75619,0.75628,1.00,1.30
2017.01.20 08:07:30.528,0.75619,0.75629,1.00,5.10
2017.01.20 08:07:30.831,0.75619,0.75629,2.62,1.12
2017.01.20 08:07:31.185,0.75618,0.75628,1.69,1.35
2017.01.20 08:07:31.659,0.75618,0.75626,1.69,1.00
2017.01.20 08:07:31.963,0.7561,0.75619,5.81,1.37
2017.01.20 08:07:32.469,0.75611,0.75621,1.69,1.50
2017.01.20 08:07:33.561,0.7561,0.7562,2.06,1.37
2017.01.20 08:07:34.016,0.75613,0.75621,1.50,1.12
2017.01.20 08:07:34.391,0.75611,0.7562,1.00,1.00
2017.01.20 08:07:34.594,0.75613,0.7562,2.44,1.00
2017.01.20 08:07:34.797,0.75614,0.75623,1.25,1.00
2017.01.20 08:07:35.131,0.75616,0.75623,1.00,1.00
2017.01.20 08:07:35.435,0.75613,0.75621,2.25,2.10
2017.01.20 08:07:35.486,0.7561,0.75621,1.69,2.10
2017.01.20 08:07:35.793,0.7561,0.75621,1.19,2.25
2017.01.20 08:07:36.300,0.7561,0.75619,1.19,1.50
2017.01.20 08:07:37.090,0.75609,0.75619,1.50,1.50
2017.01.20 08:07:37.848,0.7561,0.75619,1.00,1.50
2017.01.20 08:07:40.159,0.75609,0.75618,1.00,1.30
2017.01.20 08:07:40.700,0.75608,0.75619,1.69,1.50
2017.01.20 08:07:41.252,0.75608,0.75619,2.06,1.50
2017.01.20 08:07:41.758,0.7561,0.7562,1.00,2.25
2017.01.20 08:07:42.269,0.75609,0.75619,1.31,1.30
2017.01.20 08:07:42.780,0.75608,0.75619,1.69,2.10
2017.01.20 08:07:43.337,0.75608,0.75619,1.31,1.12
2017.01.20 08:07:44.693,0.7561,0.7562,1.00,1.50
2017.01.20 08:07:45.048,0.75609,0.75619,3.19,2.85
2017.01.20 08:07:45.099,0.75609,0.75619,2.44,1.00
2017.01.20 08:07:45.572,0.75614,0.75619,1.00,1.00
2017.01.20 08:07:45.674,0.7561,0.7562,2.62,1.00
2017.01.20 08:07:47.143,0.7561,0.75621,2.25,2.62
2017.01.20 08:07:50.049,0.75611,0.75619,1.00,1.00
2017.01.20 08:07:50.505,0.75609,0.75619,2.06,1.72
2017.01.20 08:07:50.766,0.75611,0.75619,1.00,1.00
2017.01.20 08:07:53.034,0.75609,0.75619,1.69,1.72
2017.01.20 08:07:55.458,0.75607,0.75615,4.12,2.85
2017.01.20 08:07:55.559,0.75605,0.75614,2.25,2.47
2017.01.20 08:07:55.819,0.75608,0.75617,1.00,1.56
2017.01.20 08:07:55.870,0.75608,0.75618,1.75,1.00
2017.01.20 08:07:56.376,0.75609,0.75619,1.50,1.87
2017.01.20 08:07:57.661,0.75609,0.75619,1.12,1.12
2017.01.20 08:08:00.828,0.75608,0.75618,1.37,1.35
2017.01.20 08:08:01.172,0.75608,0.75616,1.12,1.00
2017.01.20 08:08:01.325,0.75608,0.75618,1.87,1.12
2017.01.20 08:08:01.427,0.75609,0.75619,1.50,1.12
2017.01.20 08:08:01.934,0.7561,0.75621,1.12,2.06
2017.01.20 08:08:02.460,0.7561,0.75619,1.12,1.00
2017.01.20 08:08:02.965,0.75611,0.7562,1.50,1.12
2017.01.20 08:08:03.489,0.7561,0.7562,2.62,1.12
2017.01.20 08:08:08.872,0.75608,0.75618,4.31,1.00
2017.01.20 08:08:09.192,0.75607,0.75618,3.19,2.25
2017.01.20 08:08:09.736,0.75609,0.75619,1.12,1.50
2017.01.20 08:08:14.113,0.7561,0.75619,1.00,1.50
2017.01.20 08:08:14.662,0.75609,0.75619,1.50,1.12
2017.01.20 08:08:16.571,0.75609,0.75618,1.00,1.00
2017.01.20 08:08:16.963,0.75608,0.75615,1.31,1.00
2017.01.20 08:08:17.244,0.75606,0.75616,1.87,2.10
2017.01.20 08:08:17.748,0.75605,0.75614,2.06,1.00
2017.01.20 08:08:18.052,0.75601,0.75611,5.06,1.12
2017.01.20 08:08:18.204,0.75599,0.75609,2.06,1.00
2017.01.20 08:08:18.738,0.75599,0.75609,2.81,1.37
2017.01.20 08:08:19.292,0.756,0.75609,1.00,2.10
2017.01.20 08:08:19.835,0.75601,0.75611,1.00,1.12
2017.01.20 08:08:20.419,0.75602,0.75611,1.00,1.00
2017.01.20 08:08:20.644,0.75606,0.75614,1.00,1.75
2017.01.20 08:08:20.799,0.75608,0.75617,1.50,1.00
2017.01.20 08:08:20.900,0.75609,0.75619,1.00,2.62
2017.01.20 08:08:21.421,0.75609,0.7562,1.50,3.75
2017.01.20 08:08:24.719,0.7561,0.75619,1.12,1.00
2017.01.20 08:08:25.023,0.75608,0.75618,2.81,1.60
2017.01.20 08:08:25.528,0.75608,0.75618,1.31,1.00
2017.01.20 08:08:26.541,0.75609,0.75618,1.00,1.50
2017.01.20 08:08:26.642,0.75609,0.7562,1.50,1.50
2017.01.20 08:08:26.896,0.75609,0.75618,1.12,1.00
2017.01.20 08:08:27.787,0.75607,0.75618,2.44,1.87
2017.01.20 08:08:33.242,0.75607,0.75616,1.69,1.00
2017.01.20 08:08:33.764,0.75607,0.75616,1.00,1.00
2017.01.20 08:08:40.993,0.75607,0.75616,2.44,1.00
2017.01.20 08:08:41.301,0.75614,0.75623,2.62,1.00
2017.01.20 08:08:41.352,0.75614,0.75622,3.75,1.00
2017.01.20 08:08:41.559,0.75613,0.75622,1.62,1.87
2017.01.20 08:08:41.661,0.75611,0.75622,1.00,3.75
2017.01.20 08:08:42.066,0.7561,0.75619,1.62,1.00
2017.01.20 08:08:42.571,0.75609,0.7562,3.94,1.50
2017.01.20 08:08:43.077,0.75611,0.75621,1.87,1.37
2017.01.20 08:08:43.616,0.75612,0.75621,1.00,1.37
2017.01.20 08:08:44.988,0.75611,0.75621,1.12,1.37
2017.01.20 08:08:45.571,0.75609,0.7562,2.06,1.12
2017.01.20 08:08:46.232,0.75609,0.75619,2.06,1.00
2017.01.20 08:08:47.561,0.75609,0.7562,3.19,2.62
2017.01.20 08:08:49.963,0.75611,0.7562,1.00,1.12
2017.01.20 08:08:52.143,0.75616,0.7562,1.00,1.00
2017.01.20 08:08:52.298,0.75617,0.75626,1.00,5.62
2017.01.20 08:08:52.400,0.75616,0.75626,1.50,1.50
2017.01.20 08:08:52.903,0.75615,0.75626,2.06,3.60
2017.01.20 08:08:53.408,0.75615,0.75626,2.06,2.25
2017.01.20 08:08:56.689,0.75616,0.75626,3.00,1.50
2017.01.20 08:08:56.982,0.75618,0.75626,1.69,1.00
2017.01.20 08:08:57.150,0.75617,0.75628,1.19,1.87
2017.01.20 08:08:57.372,0.75617,0.75626,1.31,1.00
2017.01.20 08:08:58.776,0.75616,0.75623,1.50,1.50
2017.01.20 08:08:58.979,0.75611,0.75621,2.25,1.37
2017.01.20 08:08:59.427,0.75613,0.75623,1.00,3.75
2017.01.20 08:08:59.969,0.75611,0.75623,5.25,3.75
2017.01.20 08:09:00.019,0.75613,0.75623,1.69,1.12
2017.01.20 08:09:00.560,0.75614,0.75624,1.00,1.87
2017.01.20 08:09:00.879,0.75613,0.75622,1.00,1.37
2017.01.20 08:09:01.183,0.75609,0.75618,3.94,1.50
2017.01.20 08:09:03.662,0.75613,0.75618,1.00,1.00
2017.01.20 08:09:03.763,0.75613,0.75622,1.25,2.25
2017.01.20 08:09:04.118,0.75613,0.75621,2.62,1.00
2017.01.20 08:09:04.266,0.75611,0.75621,1.12,1.12
2017.01.20 08:09:04.739,0.75609,0.75621,8.44,4.12
2017.01.20 08:09:05.260,0.7561,0.75621,1.00,3.37
2017.01.20 08:09:05.877,0.75611,0.75621,1.00,3.37
2017.01.20 08:09:06.235,0.75613,0.75621,1.69,1.87
2017.01.20 08:09:06.336,0.75613,0.75624,3.56,1.50
2017.01.20 08:09:06.438,0.75615,0.75626,1.69,4.12
2017.01.20 08:09:06.741,0.75618,0.75627,1.31,1.00
2017.01.20 08:09:07.160,0.75613,0.75622,2.62,2.25
2017.01.20 08:09:07.239,0.75611,0.75621,1.25,1.00
2017.01.20 08:09:08.188,0.75612,0.75621,1.00,1.00
2017.01.20 08:09:08.721,0.75613,0.75623,1.50,1.50
2017.01.20 08:09:09.529,0.75611,0.75621,1.69,1.00
2017.01.20 08:09:10.223,0.75611,0.75621,1.69,1.37
2017.01.20 08:09:10.885,0.7561,0.75619,1.69,1.50
2017.01.20 08:09:11.391,0.75611,0.7562,1.25,1.12
2017.01.20 08:09:12.192,0.7561,0.75618,1.31,1.00
2017.01.20 08:09:12.294,0.75608,0.75618,1.00,2.62
2017.01.20 08:09:12.446,0.75606,0.75613,1.37,1.50
2017.01.20 08:09:12.699,0.75599,0.75608,1.69,1.35
2017.01.20 08:09:13.839,0.75598,0.75608,1.50,1.00
2017.01.20 08:09:14.455,0.75598,0.75608,1.37,2.10
2017.01.20 08:09:14.781,0.75598,0.75609,1.37,2.47
2017.01.20 08:09:15.287,0.75597,0.75608,2.81,2.47
2017.01.20 08:09:15.857,0.75598,0.75608,1.50,3.22
2017.01.20 08:09:16.111,0.75596,0.75606,1.31,1.00
2017.01.20 08:09:16.434,0.75598,0.75608,1.87,1.12
2017.01.20 08:09:16.485,0.756,0.75608,1.00,1.12
2017.01.20 08:09:16.789,0.75595,0.75603,2.62,1.00
2017.01.20 08:09:16.840,0.75595,0.75603,1.37,1.00
2017.01.20 08:09:16.891,0.75596,0.75605,1.12,1.72
2017.01.20 08:09:17.117,0.75598,0.75608,2.25,1.00
2017.01.20 08:09:17.472,0.756,0.75609,1.69,1.12
2017.01.20 08:09:18.133,0.756,0.7561,1.19,1.00
2017.01.20 08:09:18.650,0.756,0.7561,1.87,1.50
2017.01.20 08:09:18.853,0.75598,0.75608,1.69,3.60
2017.01.20 08:09:19.990,0.75599,0.75608,1.00,1.50
2017.01.20 08:09:20.448,0.756,0.75609,1.19,1.00
2017.01.20 08:09:20.601,0.75599,0.7561,2.81,2.25
2017.01.20 08:09:20.652,0.75599,0.75608,1.31,1.50
2017.01.20 08:09:20.956,0.75598,0.75607,1.19,3.60
2017.01.20 08:09:21.473,0.75598,0.75607,1.00,1.00
2017.01.20 08:09:22.063,0.75596,0.75606,3.75,1.00
2017.01.20 08:09:22.317,0.75597,0.75604,1.00,1.12
2017.01.20 08:09:22.823,0.75597,0.75605,1.00,1.87
2017.01.20 08:09:24.367,0.75596,0.75605,1.87,1.87
2017.01.20 08:09:24.929,0.75599,0.75605,1.19,1.87
2017.01.20 08:09:24.980,0.75596,0.75605,3.56,1.87
2017.01.20 08:09:25.183,0.75599,0.75604,1.00,1.12
2017.01.20 08:09:25.235,0.75598,0.75608,1.00,3.75
2017.01.20 08:09:25.431,0.75599,0.75604,1.00,1.12
2017.01.20 08:09:26.434,0.75597,0.75605,6.19,1.12
2017.01.20 08:09:26.862,0.75597,0.75604,1.25,1.50
2017.01.20 08:09:26.914,0.75594,0.75598,1.25,1.00
2017.01.20 08:09:27.067,0.75589,0.75597,1.12,2.85
2017.01.20 08:09:27.171,0.75587,0.75596,2.25,1.12
2017.01.20 08:09:27.374,0.75588,0.75598,1.50,1.00
2017.01.20 08:09:29.461,0.75588,0.75597,1.00,1.00
2017.01.20 08:09:30.001,0.75587,0.75597,2.25,1.00
2017.01.20 08:09:30.531,0.75588,0.75597,1.00,1.12
2017.01.20 08:09:30.633,0.75588,0.75595,1.00,1.00
2017.01.20 08:09:30.845,0.75586,0.75596,2.44,1.00
2017.01.20 08:09:30.997,0.75588,0.75597,1.00,1.00
2017.01.20 08:09:31.502,0.75588,0.75598,1.12,1.50
2017.01.20 08:09:32.024,0.75587,0.75597,1.00,2.10
2017.01.20 08:09:32.505,0.75589,0.75598,1.50,1.50
2017.01.20 08:09:32.657,0.75589,0.756,1.50,3.37
2017.01.20 08:09:33.187,0.75589,0.75598,1.50,1.00
2017.01.20 08:09:33.541,0.75591,0.75598,1.50,1.00
2017.01.20 08:09:33.845,0.75592,0.756,3.56,1.87
2017.01.20 08:09:34.148,0.75597,0.75604,1.19,3.00
2017.01.20 08:09:34.448,0.75592,0.75602,1.69,6.37
2017.01.20 08:09:34.601,0.7559,0.75599,2.06,1.00
2017.01.20 08:09:34.652,0.75593,0.756,1.00,1.87
2017.01.20 08:09:34.702,0.75591,0.75599,1.25,1.12
2017.01.20 08:09:34.806,0.75593,0.756,1.00,1.87
2017.01.20 08:09:35.124,0.75595,0.75601,1.19,1.00
2017.01.20 08:09:35.175,0.75592,0.75602,2.06,1.37
2017.01.20 08:09:35.378,0.75595,0.75602,1.00,1.37
2017.01.20 08:09:35.429,0.75592,0.75602,3.94,1.37
2017.01.20 08:09:35.733,0.7559,0.75599,1.50,1.00
2017.01.20 08:09:36.033,0.75592,0.75599,1.25,1.00
2017.01.20 08:09:36.337,0.75593,0.75601,1.50,1.50
2017.01.20 08:09:37.098,0.75591,0.75601,1.31,2.62
2017.01.20 08:09:37.149,0.7559,0.75599,3.75,1.00
2017.01.20 08:09:37.251,0.75589,0.75599,2.06,1.50
2017.01.20 08:09:37.856,0.75589,0.75599,1.25,2.25
2017.01.20 08:09:38.439,0.75589,0.75597,1.25,1.00
2017.01.20 08:09:38.540,0.75589,0.75595,1.25,1.00
2017.01.20 08:09:39.059,0.75588,0.75594,1.31,1.12
2017.01.20 08:09:40.600,0.75587,0.75594,1.37,1.12
2017.01.20 08:09:40.702,0.75585,0.75595,1.00,3.97
2017.01.20 08:09:41.232,0.75583,0.75594,3.94,1.12
2017.01.20 08:09:41.763,0.75583,0.75593,2.44,1.00
2017.01.20 08:09:42.017,0.7558,0.7559,6.19,1.00
2017.01.20 08:09:42.534,0.7558,0.75589,1.69,1.00
2017.01.20 08:09:42.737,0.7558,0.75591,1.69,3.00
2017.01.20 08:09:43.114,0.75586,0.75592,1.00,1.00
2017.01.20 08:09:43.266,0.75585,0.75594,1.31,1.50
2017.01.20 08:09:43.808,0.75583,0.75593,1.69,2.25
2017.01.20 08:09:43.909,0.75583,0.75591,1.19,1.12
2017.01.20 08:09:44.608,0.75584,0.75591,1.00,1.00
2017.01.20 08:09:45.133,0.75583,0.75592,1.12,2.62
2017.01.20 08:09:45.665,0.75581,0.7559,1.62,1.00
2017.01.20 08:09:46.173,0.7558,0.75589,1.31,3.00
2017.01.20 08:09:46.705,0.7558,0.7559,2.06,1.12
2017.01.20 08:09:47.009,0.75585,0.75593,1.12,6.22
2017.01.20 08:09:47.111,0.75581,0.75591,1.25,1.00
2017.01.20 08:09:47.669,0.7558,0.75591,1.12,2.85
2017.01.20 08:09:48.074,0.75578,0.75588,4.69,1.00
2017.01.20 08:09:50.142,0.75578,0.75587,1.69,1.00
2017.01.20 08:09:50.725,0.7558,0.75587,1.00,1.00
2017.01.20 08:09:51.227,0.7558,0.75589,1.00,1.87
2017.01.20 08:09:51.278,0.75583,0.7559,1.00,1.87
2017.01.20 08:09:51.430,0.75583,0.75592,1.00,1.87
2017.01.20 08:09:51.784,0.75585,0.75594,1.00,3.75
2017.01.20 08:09:51.886,0.75583,0.75594,2.44,2.25
2017.01.20 08:09:52.137,0.75585,0.75594,1.00,2.25
2017.01.20 08:09:52.351,0.75583,0.75594,2.44,1.87
2017.01.20 08:09:52.566,0.75585,0.75594,1.00,1.87
2017.01.20 08:09:52.737,0.75583,0.75594,3.19,1.87
2017.01.20 08:09:53.059,0.75583,0.75592,1.31,1.00
2017.01.20 08:09:53.468,0.75585,0.75593,3.00,1.37
2017.01.20 08:09:53.620,0.75586,0.75594,1.50,1.00
2017.01.20 08:09:53.671,0.75586,0.75591,1.50,1.00
2017.01.20 08:09:53.975,0.75582,0.75588,1.69,1.00
2017.01.20 08:09:54.179,0.7558,0.75586,1.25,1.00
2017.01.20 08:09:54.381,0.75578,0.75587,1.50,1.50
2017.01.20 08:09:54.701,0.75581,0.75587,1.00,1.00
2017.01.20 08:09:54.977,0.75579,0.75586,1.00,1.00
2017.01.20 08:09:55.483,0.75578,0.75586,1.50,1.00
2017.01.20 08:09:55.736,0.75581,0.75586,1.05,1.00
2017.01.20 08:09:56.040,0.7558,0.75588,1.00,1.00
2017.01.20 08:09:56.554,0.75579,0.75589,2.81,1.12
2017.01.20 08:09:57.190,0.75582,0.75591,1.00,1.50
2017.01.20 08:09:57.241,0.75585,0.75591,2.25,1.37
2017.01.20 08:09:57.292,0.75585,0.75592,1.00,1.00
2017.01.20 08:09:57.394,0.75585,0.75594,4.87,1.87
2017.01.20 08:09:57.496,0.75585,0.75595,2.62,1.50
2017.01.20 08:09:57.648,0.75586,0.75595,1.31,1.12
2017.01.20 08:09:58.003,0.75587,0.75597,1.69,1.12
2017.01.20 08:09:58.741,0.75587,0.75597,1.62,1.12
2017.01.20 08:09:58.844,0.75587,0.75594,1.62,1.00
2017.01.20 08:09:59.350,0.75587,0.75594,1.25,1.12
2017.01.20 08:09:59.929,0.75585,0.75595,2.81,1.87
2017.01.20 08:10:00.465,0.75588,0.75594,1.00,1.12
2017.01.20 08:10:00.772,0.75589,0.75594,1.19,1.12
2017.01.20 08:10:00.823,0.75588,0.75594,1.00,1.12
2017.01.20 08:10:01.511,0.75588,0.75595,1.00,1.00
2017.01.20 08:10:01.562,0.75588,0.75598,1.50,1.12
2017.01.20 08:10:02.384,0.75586,0.75597,3.56,1.50
2017.01.20 08:10:02.436,0.75586,0.75595,2.44,1.00
2017.01.20 08:10:02.538,0.75586,0.75595,1.25,1.50
2017.01.20 08:10:03.230,0.75586,0.75594,1.25,1.12
2017.01.20 08:10:03.332,0.75588,0.75595,1.00,1.12
2017.01.20 08:10:03.636,0.75588,0.75598,1.50,3.75
2017.01.20 08:10:03.939,0.75586,0.75596,2.06,2.10
2017.01.20 08:10:05.622,0.75586,0.75595,5.81,1.12
2017.01.20 08:10:06.505,0.75586,0.75594,3.56,1.12
2017.01.20 08:10:06.960,0.75583,0.75594,2.81,2.25
2017.01.20 08:10:07.444,0.75587,0.75594,1.12,1.00
2017.01.20 08:10:07.981,0.75585,0.75594,1.31,1.00
2017.01.20 08:10:08.493,0.75588,0.75594,1.12,1.12
2017.01.20 08:10:08.594,0.75588,0.75598,1.12,3.37
2017.01.20 08:10:09.602,0.75589,0.75598,1.00,1.50
2017.01.20 08:10:10.128,0.75588,0.75598,1.87,1.00
2017.01.20 08:10:10.796,0.75589,0.75598,1.00,1.00
2017.01.20 08:10:11.443,0.75588,0.75598,1.12,1.12
2017.01.20 08:10:11.797,0.75586,0.75597,3.94,1.12
2017.01.20 08:10:12.000,0.75586,0.75594,1.25,1.00
2017.01.20 08:10:12.528,0.75586,0.75595,1.19,5.47
2017.01.20 08:10:13.998,0.75586,0.75595,1.19,4.50
2017.01.20 08:10:15.365,0.75583,0.75594,1.31,1.87
2017.01.20 08:10:15.899,0.75583,0.75593,2.44,1.12
2017.01.20 08:10:16.937,0.75583,0.75593,1.69,1.87
2017.01.20 08:10:17.196,0.75585,0.75593,2.25,1.50
2017.01.20 08:10:17.514,0.7559,0.75594,1.25,1.12
2017.01.20 08:10:17.933,0.75585,0.75595,2.25,1.72
2017.01.20 08:10:18.035,0.75584,0.75593,1.31,4.50
2017.01.20 08:10:18.136,0.75582,0.75592,1.69,1.12
2017.01.20 08:10:18.339,0.75582,0.75591,1.19,1.37
2017.01.20 08:10:18.955,0.75582,0.75592,2.44,1.50
2017.01.20 08:10:21.245,0.75587,0.75593,1.00,2.25
2017.01.20 08:10:21.397,0.75587,0.75596,1.87,4.12
2017.01.20 08:10:21.470,0.75587,0.75596,1.87,1.50
2017.01.20 08:10:21.975,0.75587,0.75598,2.25,2.62
2017.01.20 08:10:22.318,0.7559,0.75598,1.25,1.50
2017.01.20 08:10:22.521,0.75592,0.756,1.00,2.25
2017.01.20 08:10:23.057,0.75592,0.75601,1.00,1.12
2017.01.20 08:10:23.817,0.7559,0.75601,2.44,2.47
2017.01.20 08:10:23.969,0.75589,0.756,4.31,1.72
2017.01.20 08:10:24.508,0.75589,0.756,2.44,1.87
2017.01.20 08:10:24.812,0.75589,0.75598,1.69,2.10
2017.01.20 08:10:25.116,0.75589,0.75594,1.19,1.87
2017.01.20 08:10:25.501,0.75587,0.75594,2.06,1.12
2017.01.20 08:10:26.019,0.75587,0.75594,1.25,1.12
2017.01.20 08:10:26.700,0.75587,0.75595,1.31,1.87
2017.01.20 08:10:27.236,0.75587,0.75594,1.69,1.12
2017.01.20 08:10:27.779,0.75587,0.75595,2.44,1.87
2017.01.20 08:10:29.461,0.75589,0.75595,1.00,1.12
2017.01.20 08:10:29.613,0.75589,0.75599,1.00,3.37
2017.01.20 08:10:30.123,0.75588,0.75599,1.87,2.25
2017.01.20 08:10:31.112,0.75587,0.75598,6.19,1.50
2017.01.20 08:10:31.676,0.75587,0.75598,1.69,3.00
2017.01.20 08:10:31.828,0.75587,0.75596,1.25,1.00
2017.01.20 08:10:32.334,0.75586,0.75595,4.31,1.87
2017.01.20 08:10:32.638,0.7559,0.75599,1.00,1.87
2017.01.20 08:10:33.448,0.75589,0.75599,2.62,3.22
2017.01.20 08:10:34.209,0.7559,0.75599,1.12,3.22
2017.01.20 08:10:34.764,0.7559,0.75599,1.12,2.47
2017.01.20 08:10:35.374,0.7559,0.75599,1.12,2.47
2017.01.20 08:10:36.117,0.7559,0.75599,1.12,2.47
2017.01.20 08:10:36.320,0.75592,0.75601,1.00,1.00
2017.01.20 08:10:37.612,0.75591,0.75601,3.19,1.00
2017.01.20 08:10:37.866,0.75593,0.75599,1.00,1.00
2017.01.20 08:10:37.968,0.75593,0.75602,1.00,1.37
2017.01.20 08:10:38.383,0.75591,0.75602,5.81,1.12
2017.01.20 08:10:38.981,0.75592,0.75602,1.00,1.12
2017.01.20 08:10:39.551,0.75591,0.75602,3.56,1.12
2017.01.20 08:10:40.245,0.75591,0.75601,1.31,2.62
2017.01.20 08:10:40.505,0.7559,0.75599,1.31,1.00
2017.01.20 08:10:41.079,0.7559,0.756,1.19,1.87
2017.01.20 08:10:41.585,0.7559,0.75599,1.19,3.00
2017.01.20 08:10:41.737,0.75588,0.75597,1.12,1.00
2017.01.20 08:10:41.991,0.75586,0.75596,4.31,1.00
2017.01.20 08:10:42.144,0.75586,0.75594,2.81,1.00
2017.01.20 08:10:42.444,0.7558,0.7559,1.25,1.12
2017.01.20 08:10:42.649,0.75579,0.75587,1.69,1.00
2017.01.20 08:10:43.158,0.75579,0.75589,1.69,1.50
2017.01.20 08:10:43.681,0.75579,0.7559,2.44,1.87
2017.01.20 08:10:44.842,0.75581,0.7559,1.00,1.87
2017.01.20 08:10:45.540,0.7558,0.7559,1.25,1.12
2017.01.20 08:10:46.656,0.75581,0.7559,1.00,2.62
2017.01.20 08:10:47.171,0.7558,0.7559,1.25,1.00
2017.01.20 08:10:48.965,0.7558,0.75589,1.69,1.50
2017.01.20 08:10:50.076,0.7558,0.7559,1.31,2.25
2017.01.20 08:10:50.458,0.75579,0.75588,1.69,1.00
2017.01.20 08:10:51.016,0.7558,0.7559,1.69,3.37
2017.01.20 08:10:51.539,0.7558,0.7559,1.69,1.00
2017.01.20 08:10:52.247,0.75582,0.7559,1.00,1.00
2017.01.20 08:10:52.348,0.75579,0.7559,4.31,1.50
2017.01.20 08:10:54.867,0.7558,0.75588,1.31,1.00
2017.01.20 08:10:55.434,0.75581,0.75589,1.00,1.50
2017.01.20 08:10:55.958,0.75581,0.7559,1.00,3.75
2017.01.20 08:10:56.261,0.75579,0.75588,1.69,1.12
2017.01.20 08:10:57.114,0.75579,0.75588,1.00,1.12
2017.01.20 08:10:58.103,0.75578,0.75588,2.62,2.62
2017.01.20 08:10:58.457,0.75585,0.7559,2.44,1.50
2017.01.20 08:10:58.559,0.75586,0.75593,1.00,2.62
2017.01.20 08:10:58.660,0.75587,0.75592,1.19,1.00
2017.01.20 08:10:58.711,0.75585,0.75589,1.69,1.00
2017.01.20 08:10:58.964,0.75578,0.75585,3.94,1.00
2017.01.20 08:11:00.998,0.7558,0.75585,1.00,1.00
2017.01.20 08:11:01.150,0.7558,0.75587,1.12,1.00
2017.01.20 08:11:03.247,0.75577,0.75587,3.56,1.50
2017.01.20 08:11:03.298,0.75577,0.75585,5.44,1.00
2017.01.20 08:11:07.016,0.75577,0.75585,2.06,1.00
2017.01.20 08:11:07.742,0.75575,0.75583,3.37,1.00
2017.01.20 08:11:07.894,0.75571,0.75581,2.81,1.00
2017.01.20 08:11:07.996,0.75571,0.7558,1.25,1.50
2017.01.20 08:11:08.501,0.75569,0.75579,3.94,1.50
2017.01.20 08:11:08.552,0.75569,0.75579,2.25,1.50
2017.01.20 08:11:08.703,0.75571,0.7558,1.00,1.50
2017.01.20 08:11:09.942,0.7557,0.7558,1.00,1.87
2017.01.20 08:11:10.483,0.75572,0.7558,1.00,1.50
2017.01.20 08:11:10.788,0.75577,0.75587,1.31,4.12
2017.01.20 08:11:10.889,0.75578,0.75587,1.50,1.00
2017.01.20 08:11:11.190,0.75577,0.75586,1.12,1.00
2017.01.20 08:11:12.065,0.75577,0.75587,1.12,4.72
2017.01.20 08:11:12.622,0.75577,0.75586,1.75,1.00
2017.01.20 08:11:13.222,0.75578,0.75588,1.87,3.60
2017.01.20 08:11:14.796,0.75578,0.75588,1.87,1.00
2017.01.20 08:11:18.829,0.7558,0.75589,2.25,2.06
2017.01.20 08:11:19.133,0.75583,0.75592,1.12,1.12
2017.01.20 08:11:19.436,0.75581,0.75589,1.62,1.00
2017.01.20 08:11:19.943,0.75582,0.75591,1.00,1.31
2017.01.20 08:11:20.449,0.75581,0.75591,1.50,1.31
2017.01.20 08:11:21.751,0.75582,0.75591,1.00,1.31
2017.01.20 08:11:22.304,0.75581,0.75591,2.25,1.31
2017.01.20 08:11:22.711,0.75581,0.75592,3.00,1.50
2017.01.20 08:11:22.863,0.75585,0.75594,1.00,2.06
2017.01.20 08:11:23.540,0.75583,0.75594,1.12,1.69
2017.01.20 08:11:24.299,0.75587,0.75594,1.00,1.69
2017.01.20 08:11:24.456,0.75588,0.75597,1.69,1.87
2017.01.20 08:11:25.012,0.75586,0.75597,2.44,3.60
2017.01.20 08:11:25.217,0.75584,0.75596,3.94,1.00
2017.01.20 08:11:25.724,0.75585,0.75596,1.12,1.91
2017.01.20 08:11:27.651,0.75584,0.75595,4.31,1.00
2017.01.20 08:11:27.853,0.75588,0.75598,1.00,2.62
2017.01.20 08:11:28.158,0.75593,0.75603,1.50,1.00
2017.01.20 08:11:28.422,0.75596,0.75606,1.75,2.10
2017.01.20 08:11:28.473,0.75595,0.75606,3.19,1.00
2017.01.20 08:11:28.574,0.75596,0.75607,1.12,3.41
2017.01.20 08:11:28.878,0.75598,0.75607,1.37,1.25
2017.01.20 08:11:29.765,0.75598,0.75608,2.62,1.35
2017.01.20 08:11:30.069,0.756,0.7561,1.12,1.50
2017.01.20 08:11:30.222,0.75599,0.75608,1.50,1.00
2017.01.20 08:11:30.526,0.75597,0.75605,1.37,2.62
2017.01.20 08:11:30.577,0.75597,0.75607,1.37,2.10
2017.01.20 08:11:30.678,0.75597,0.75607,1.87,1.87
2017.01.20 08:11:31.032,0.75598,0.75609,1.50,1.12
2017.01.20 08:11:31.389,0.75599,0.75609,1.37,1.72
2017.01.20 08:11:31.610,0.75597,0.75607,1.25,2.10
2017.01.20 08:11:31.762,0.75598,0.75609,5.25,3.60
2017.01.20 08:11:31.965,0.75599,0.7561,1.87,2.47
2017.01.20 08:11:32.469,0.75599,0.7561,3.37,2.10
2017.01.20 08:11:32.622,0.75599,0.75608,1.87,2.10
2017.01.20 08:11:33.164,0.75598,0.75609,2.25,3.60
2017.01.20 08:11:33.676,0.75599,0.7561,1.00,4.12
2017.01.20 08:11:34.205,0.75599,0.7561,1.50,3.97
2017.01.20 08:11:36.253,0.75601,0.75609,1.00,1.00
2017.01.20 08:11:36.354,0.75602,0.75612,1.12,1.31
2017.01.20 08:11:36.698,0.75602,0.75613,1.12,1.50
2017.01.20 08:11:36.849,0.75606,0.75613,1.00,1.50
2017.01.20 08:11:37.102,0.75607,0.75618,3.56,1.87
2017.01.20 08:11:37.153,0.75607,0.75615,2.62,1.00
2017.01.20 08:11:37.457,0.75605,0.75616,1.00,3.79
2017.01.20 08:11:37.534,0.75605,0.75616,1.00,3.79
2017.01.20 08:11:37.706,0.75605,0.75616,1.00,3.41
2017.01.20 08:11:38.214,0.75607,0.75617,1.75,3.56
2017.01.20 08:11:38.569,0.75605,0.75616,1.87,6.04
2017.01.20 08:11:39.345,0.75604,0.75615,2.81,2.10
2017.01.20 08:11:41.085,0.75604,0.75614,1.31,1.50
2017.01.20 08:11:41.186,0.75602,0.75612,1.00,1.69
2017.01.20 08:11:41.338,0.75602,0.7561,1.00,1.00
2017.01.20 08:11:41.846,0.75602,0.75611,2.25,1.50
2017.01.20 08:11:42.353,0.75604,0.75613,1.00,1.37
2017.01.20 08:11:42.404,0.75604,0.75615,1.50,2.44
2017.01.20 08:11:42.686,0.75602,0.75613,6.19,1.00
2017.01.20 08:11:42.994,0.75608,0.75617,1.00,1.00
2017.01.20 08:11:43.461,0.75608,0.75619,1.37,1.72
2017.01.20 08:11:43.968,0.75607,0.75617,3.75,1.50
2017.01.20 08:11:44.019,0.75606,0.75616,1.62,3.60
2017.01.20 08:11:44.492,0.75608,0.75619,1.87,2.62
2017.01.20 08:11:45.963,0.75609,0.75618,1.12,1.00
2017.01.20 08:11:46.064,0.75609,0.7562,3.56,1.50
2017.01.20 08:11:46.185,0.7561,0.7562,2.62,1.00
2017.01.20 08:11:46.237,0.75611,0.75622,1.50,2.25
2017.01.20 08:11:46.491,0.75615,0.75622,1.00,1.12
2017.01.20 08:11:46.593,0.75614,0.75625,2.25,1.87
2017.01.20 08:11:46.868,0.75617,0.75625,1.00,1.00
2017.01.20 08:11:47.021,0.75617,0.75627,1.00,1.12
2017.01.20 08:11:47.123,0.75615,0.75625,2.25,1.12
2017.01.20 08:11:47.332,0.75613,0.75625,1.37,2.25
2017.01.20 08:11:47.852,0.75612,0.75623,4.50,1.12
2017.01.20 08:11:48.155,0.75611,0.75621,5.06,1.12
2017.01.20 08:11:48.459,0.7561,0.75619,2.81,2.10
2017.01.20 08:11:48.510,0.75609,0.7562,3.00,3.56
2017.01.20 08:11:49.479,0.75609,0.7562,1.87,1.25
2017.01.20 08:11:50.624,0.75609,0.75619,1.87,1.00
2017.01.20 08:11:51.131,0.7561,0.7562,1.12,2.44
2017.01.20 08:11:51.593,0.75611,0.75621,1.37,1.31
2017.01.20 08:11:51.694,0.7561,0.75621,1.87,1.31
2017.01.20 08:11:51.948,0.75612,0.75619,1.00,2.10
2017.01.20 08:11:51.999,0.75612,0.7562,1.00,1.05
2017.01.20 08:11:52.100,0.75611,0.75622,1.62,1.50
2017.01.20 08:11:52.764,0.7561,0.75621,4.12,1.00
2017.01.20 08:11:53.292,0.7561,0.7562,2.62,1.00
2017.01.20 08:11:53.343,0.7561,0.7562,1.00,3.60
2017.01.20 08:11:53.850,0.7561,0.75621,2.25,2.62
2017.01.20 08:11:55.360,0.7561,0.7562,1.50,1.00
2017.01.20 08:11:55.887,0.75609,0.75621,1.87,4.50
2017.01.20 08:11:56.039,0.75609,0.75619,2.25,1.35
2017.01.20 08:11:56.141,0.75609,0.75619,1.12,2.85
2017.01.20 08:11:56.658,0.75609,0.75619,1.12,3.60
2017.01.20 08:11:57.177,0.75609,0.75619,1.12,3.60
2017.01.20 08:11:58.262,0.75608,0.75618,2.06,1.00
2017.01.20 08:11:58.465,0.75608,0.75617,1.25,2.47
2017.01.20 08:11:58.746,0.75608,0.75618,1.25,2.25
2017.01.20 08:11:58.949,0.75609,0.75619,1.50,1.87
2017.01.20 08:11:59.455,0.75609,0.7562,2.25,1.12
2017.01.20 08:11:59.960,0.75609,0.75621,2.25,3.00
2017.01.20 08:12:00.286,0.75609,0.7562,1.50,3.60
2017.01.20 08:12:00.732,0.75608,0.75617,1.25,2.25
2017.01.20 08:12:01.036,0.75608,0.7562,3.56,1.50
2017.01.20 08:12:01.462,0.75606,0.75617,5.44,1.00
2017.01.20 08:12:01.966,0.75606,0.75618,3.19,5.47
2017.01.20 08:12:03.461,0.75606,0.75618,5.81,2.47
2017.01.20 08:12:03.789,0.75611,0.7562,1.50,1.00
2017.01.20 08:12:03.840,0.75611,0.75622,1.00,3.56
2017.01.20 08:12:03.941,0.75611,0.75621,1.00,1.37
2017.01.20 08:12:04.346,0.75609,0.75619,1.12,4.72
2017.01.20 08:12:04.852,0.7561,0.7562,1.00,1.37
2017.01.20 08:12:06.958,0.7561,0.75621,1.00,5.25
2017.01.20 08:12:08.329,0.75611,0.75621,1.00,1.50
2017.01.20 08:12:08.734,0.7561,0.75619,1.00,2.10
2017.01.20 08:12:09.048,0.7561,0.75622,1.00,5.44
2017.01.20 08:12:09.453,0.75612,0.75622,1.00,3.75
2017.01.20 08:12:09.961,0.75613,0.75622,1.00,1.50
2017.01.20 08:12:10.537,0.75612,0.75622,1.31,1.00
2017.01.20 08:12:11.145,0.75612,0.75622,1.25,4.50
2017.01.20 08:12:13.555,0.75611,0.75622,1.69,1.12
2017.01.20 08:12:13.859,0.75614,0.75624,2.25,1.50
2017.01.20 08:12:14.324,0.75615,0.75626,1.00,5.10
2017.01.20 08:12:14.578,0.75614,0.75625,1.00,2.25
2017.01.20 08:12:15.169,0.75613,0.75624,1.50,1.87
2017.01.20 08:12:15.724,0.75614,0.75624,1.12,1.12
2017.01.20 08:12:18.609,0.75614,0.75626,2.62,5.44
2017.01.20 08:12:18.812,0.75616,0.75626,1.50,1.54
2017.01.20 08:12:19.115,0.75619,0.75629,1.50,1.50
2017.01.20 08:12:19.621,0.75619,0.75631,1.50,9.56
2017.01.20 08:12:20.338,0.75619,0.75629,1.50,1.00
2017.01.20 08:12:20.860,0.75618,0.7563,2.25,1.31
2017.01.20 08:12:21.510,0.75618,0.75628,1.50,1.35
2017.01.20 08:12:22.026,0.75617,0.75627,2.25,1.00
2017.01.20 08:12:22.336,0.75618,0.75629,1.12,3.00
2017.01.20 08:12:22.844,0.75618,0.75628,1.12,1.00
2017.01.20 08:12:23.878,0.75618,0.75627,1.87,1.00
2017.01.20 08:12:24.108,0.75615,0.75626,2.06,1.87
2017.01.20 08:12:24.166,0.75615,0.75624,1.00,1.00
2017.01.20 08:12:26.132,0.75614,0.75623,1.37,1.00
2017.01.20 08:12:26.184,0.75613,0.75623,2.06,1.00
2017.01.20 08:12:26.700,0.75613,0.75624,1.69,4.12
2017.01.20 08:12:27.561,0.75615,0.75624,1.00,1.00
2017.01.20 08:12:28.079,0.75615,0.75625,2.25,1.25
2017.01.20 08:12:29.132,0.75615,0.75624,1.00,1.00
2017.01.20 08:12:29.437,0.75611,0.75621,3.00,1.12
2017.01.20 08:12:29.984,0.7561,0.7562,2.25,1.87
2017.01.20 08:12:31.575,0.7561,0.75621,4.87,1.50
2017.01.20 08:12:31.626,0.75615,0.75622,1.00,1.87
2017.01.20 08:12:31.778,0.75615,0.75626,1.69,4.87
2017.01.20 08:12:31.879,0.75615,0.75626,1.69,2.25
2017.01.20 08:12:32.400,0.75615,0.75626,1.69,2.85
2017.01.20 08:12:33.137,0.75615,0.75625,1.25,1.50
2017.01.20 08:12:33.238,0.75613,0.75623,1.50,1.00
2017.01.20 08:12:33.289,0.75612,0.75624,2.81,3.19
2017.01.20 08:12:33.557,0.7561,0.75622,6.56,1.00
2017.01.20 08:12:33.861,0.75613,0.75624,1.37,1.25
2017.01.20 08:12:35.140,0.75615,0.75625,1.69,1.72
2017.01.20 08:12:35.359,0.75615,0.75627,1.62,6.04
2017.01.20 08:12:36.133,0.75616,0.75627,1.37,3.04
2017.01.20 08:12:36.439,0.7562,0.75629,1.00,3.19
2017.01.20 08:12:37.028,0.75617,0.75629,5.25,1.31
2017.01.20 08:12:37.559,0.75617,0.75627,1.75,2.29
2017.01.20 08:12:38.072,0.75618,0.7563,4.50,3.60
2017.01.20 08:12:38.224,0.7562,0.75631,2.62,1.12
2017.01.20 08:12:38.275,0.7562,0.75632,3.37,2.06
2017.01.20 08:12:38.477,0.7562,0.75631,2.25,2.25
2017.01.20 08:12:38.614,0.7562,0.75629,1.87,1.00
2017.01.20 08:12:39.121,0.75619,0.75628,1.37,2.10
2017.01.20 08:12:39.281,0.7562,0.75631,1.12,8.10
2017.01.20 08:12:44.002,0.7562,0.75631,2.62,2.85
2017.01.20 08:12:44.104,0.75622,0.75631,1.00,1.72
2017.01.20 08:12:44.205,0.75622,0.75633,2.25,1.12
2017.01.20 08:12:44.653,0.75622,0.75631,1.50,1.00
2017.01.20 08:12:44.957,0.7562,0.7563,3.56,2.47
2017.01.20 08:12:45.058,0.7562,0.75632,2.44,3.60
2017.01.20 08:12:46.394,0.7562,0.75631,2.44,1.00
2017.01.20 08:12:56.483,0.75622,0.75632,1.00,2.85
2017.01.20 08:12:57.006,0.75622,0.75633,3.00,3.00
2017.01.20 08:12:57.416,0.75622,0.7563,1.00,1.00
2017.01.20 08:12:57.821,0.75622,0.75632,1.12,2.85
2017.01.20 08:12:57.973,0.75624,0.75632,1.00,1.00
2017.01.20 08:12:58.125,0.75624,0.75634,1.69,1.87
2017.01.20 08:12:58.328,0.75625,0.75635,2.44,1.12
2017.01.20 08:12:58.481,0.75625,0.75637,3.94,2.47
2017.01.20 08:12:59.397,0.75627,0.75637,1.31,1.60
2017.01.20 08:12:59.902,0.75626,0.75637,2.44,2.85
2017.01.20 08:13:02.714,0.75628,0.75637,1.00,2.10
2017.01.20 08:13:02.816,0.75629,0.75638,1.19,1.50
2017.01.20 08:13:02.968,0.7563,0.75641,1.31,5.25
2017.01.20 08:13:03.221,0.7563,0.75639,1.31,1.00
2017.01.20 08:13:03.475,0.75626,0.75636,1.31,1.00
2017.01.20 08:13:03.627,0.7563,0.75638,1.00,1.50
2017.01.20 08:13:03.779,0.7563,0.7564,1.69,1.50
2017.01.20 08:13:04.056,0.75628,0.75637,1.87,1.00
2017.01.20 08:13:04.581,0.75627,0.75637,1.69,1.50
2017.01.20 08:13:04.885,0.7563,0.7564,1.00,3.75
2017.01.20 08:13:04.935,0.7563,0.7564,1.12,2.25
2017.01.20 08:13:04.986,0.7563,0.75641,2.06,3.00
2017.01.20 08:13:05.461,0.7563,0.75639,2.06,1.60
2017.01.20 08:13:05.512,0.75629,0.75638,1.25,4.72
2017.01.20 08:13:05.593,0.75627,0.75636,2.06,1.72
2017.01.20 08:13:06.109,0.75627,0.75636,2.06,1.35
2017.01.20 08:13:06.624,0.75627,0.75635,1.31,1.00
2017.01.20 08:13:06.676,0.75625,0.75634,2.81,1.50
2017.01.20 08:13:06.777,0.75624,0.75635,1.56,3.22
2017.01.20 08:13:06.828,0.75624,0.75635,1.19,2.47
2017.01.20 08:13:07.131,0.75628,0.75636,1.00,1.35
2017.01.20 08:13:07.233,0.75629,0.75638,1.00,1.00
2017.01.20 08:13:07.740,0.75627,0.75637,1.69,1.00
2017.01.20 08:13:08.846,0.75627,0.75638,1.69,1.00
2017.01.20 08:13:09.125,0.75628,0.7564,1.31,7.50
2017.01.20 08:13:09.332,0.7563,0.7564,1.31,4.87
2017.01.20 08:13:10.315,0.7563,0.75639,1.56,1.00
2017.01.20 08:13:11.219,0.75631,0.75641,1.31,6.60
2017.01.20 08:13:12.126,0.75631,0.7564,1.31,1.00
2017.01.20 08:13:12.328,0.75629,0.75638,1.12,2.10
2017.01.20 08:13:12.946,0.75629,0.75639,1.50,1.30
2017.01.20 08:13:13.047,0.75631,0.75639,1.25,1.12
2017.01.20 08:13:13.693,0.75631,0.75639,1.62,1.00
2017.01.20 08:13:14.199,0.75629,0.7564,3.56,1.50
2017.01.20 08:13:15.835,0.75629,0.75638,4.69,1.00
2017.01.20 08:13:16.588,0.75629,0.75638,2.44,4.35
2017.01.20 08:13:16.639,0.75628,0.75638,1.69,3.60
2017.01.20 08:13:17.017,0.75627,0.75634,1.19,1.00
2017.01.20 08:13:17.068,0.75626,0.75634,1.25,1.00
2017.01.20 08:13:17.121,0.75624,0.75631,2.06,1.00
2017.01.20 08:13:17.223,0.75623,0.75631,1.00,2.25
2017.01.20 08:13:17.324,0.75621,0.75629,1.31,1.60
2017.01.20 08:13:17.527,0.7562,0.7563,2.06,2.25
2017.01.20 08:13:18.043,0.75621,0.75631,1.19,1.12
2017.01.20 08:13:20.904,0.75622,0.75632,1.69,1.00
2017.01.20 08:13:21.006,0.75623,0.75634,1.50,1.50
2017.01.20 08:13:21.524,0.75623,0.75634,2.25,1.12
2017.01.20 08:13:23.594,0.75622,0.75633,3.56,2.10
2017.01.20 08:13:23.746,0.75621,0.75632,3.94,1.30
2017.01.20 08:13:24.596,0.75623,0.75633,1.00,1.67
2017.01.20 08:13:24.697,0.75623,0.75634,1.12,1.50
2017.01.20 08:13:24.849,0.75622,0.75633,1.69,3.22
2017.01.20 08:13:25.818,0.75622,0.75632,1.25,1.72
2017.01.20 08:13:26.332,0.75621,0.75629,1.31,1.60
2017.01.20 08:13:26.636,0.75618,0.75627,1.37,1.72
2017.01.20 08:13:26.787,0.75617,0.75628,2.25,1.50
2017.01.20 08:13:27.300,0.75618,0.75629,1.87,3.37
2017.01.20 08:13:27.839,0.75618,0.75628,1.12,1.35
2017.01.20 08:13:28.396,0.75618,0.75629,1.12,3.60
2017.01.20 08:13:28.699,0.75618,0.75627,1.12,1.00
2017.01.20 08:13:29.129,0.75618,0.75629,3.00,1.00
2017.01.20 08:13:29.636,0.75618,0.75629,2.25,2.25
2017.01.20 08:13:30.171,0.75618,0.75628,2.25,2.25
2017.01.20 08:13:31.313,0.75618,0.75629,2.44,2.85
2017.01.20 08:13:31.892,0.75618,0.75629,2.44,4.35
2017.01.20 08:13:32.440,0.75618,0.75628,1.56,2.85
2017.01.20 08:13:32.958,0.75619,0.7563,1.25,2.25
2017.01.20 08:13:33.212,0.7562,0.75631,1.50,3.00
2017.01.20 08:13:33.414,0.75621,0.75629,1.00,1.00
2017.01.20 08:13:33.617,0.75621,0.75632,1.00,1.50
2017.01.20 08:13:33.668,0.75622,0.75633,1.19,3.60
2017.01.20 08:13:34.258,0.75622,0.7563,1.19,1.00
2017.01.20 08:13:34.765,0.75622,0.75631,1.19,1.87
2017.01.20 08:13:39.491,0.75622,0.7563,1.19,1.00
2017.01.20 08:13:39.543,0.75621,0.7563,1.00,5.10
2017.01.20 08:13:39.796,0.7562,0.75631,1.00,3.97
2017.01.20 08:13:40.303,0.7562,0.75631,1.50,2.25
2017.01.20 08:13:40.812,0.7562,0.7563,3.00,1.50
2017.01.20 08:13:40.926,0.7562,0.7563,1.50,4.35
2017.01.20 08:13:41.079,0.75619,0.75629,1.25,3.97
2017.01.20 08:13:41.130,0.75619,0.75629,1.69,2.47
2017.01.20 08:13:41.383,0.7562,0.75631,2.25,1.50
2017.01.20 08:13:42.205,0.7562,0.7563,1.50,1.00
2017.01.20 08:13:42.407,0.75618,0.75629,3.56,2.85
2017.01.20 08:13:42.458,0.75618,0.75629,3.19,4.72
2017.01.20 08:13:42.762,0.75618,0.75629,2.06,1.35
2017.01.20 08:13:43.321,0.7562,0.7563,1.00,1.87
2017.01.20 08:13:44.745,0.7562,0.75631,1.37,1.50
2017.01.20 08:13:45.294,0.7562,0.75631,1.12,1.12
2017.01.20 08:13:45.345,0.75619,0.75629,5.44,1.35
2017.01.20 08:13:45.398,0.75619,0.75627,2.81,1.00
2017.01.20 08:13:45.905,0.75619,0.75628,1.25,2.47
2017.01.20 08:13:46.411,0.75617,0.75627,2.44,1.00
2017.01.20 08:13:46.790,0.75617,0.75625,1.37,2.40
2017.01.20 08:13:46.943,0.75615,0.75625,2.25,2.25
2017.01.20 08:13:47.684,0.75615,0.75624,1.00,1.50
2017.01.20 08:13:47.735,0.75613,0.75622,4.50,1.00
2017.01.20 08:13:47.938,0.75613,0.75622,1.00,1.87
2017.01.20 08:13:48.140,0.75615,0.75624,1.00,1.12
2017.01.20 08:13:48.191,0.75616,0.75626,1.00,4.50
2017.01.20 08:13:48.343,0.75616,0.75626,1.12,1.00
2017.01.20 08:13:50.577,0.75615,0.75624,1.12,1.00
2017.01.20 08:13:50.926,0.75613,0.75622,1.00,2.62
2017.01.20 08:13:51.234,0.75613,0.75622,1.00,3.56
2017.01.20 08:13:51.437,0.75611,0.75622,1.12,2.06
2017.01.20 08:13:52.457,0.7561,0.75622,4.12,6.04
2017.01.20 08:13:53.434,0.75612,0.75622,5.44,1.50
2017.01.20 08:13:53.738,0.75616,0.75626,1.87,1.69
2017.01.20 08:13:55.615,0.75616,0.75627,1.87,2.81
2017.01.20 08:13:55.936,0.75618,0.75629,1.50,1.12
2017.01.20 08:13:56.340,0.75618,0.75627,1.00,1.35
2017.01.20 08:13:56.862,0.75617,0.75626,1.00,1.00
2017.01.20 08:13:57.454,0.75617,0.75628,1.00,5.85
2017.01.20 08:14:01.065,0.75618,0.75627,1.00,1.50
2017.01.20 08:14:01.757,0.75617,0.75627,1.00,3.97
2017.01.20 08:14:02.279,0.75616,0.75625,1.25,1.50
2017.01.20 08:14:03.226,0.75616,0.75627,1.69,2.62
2017.01.20 08:14:03.429,0.75619,0.7563,1.50,3.94
2017.01.20 08:14:04.110,0.75619,0.7563,1.87,4.69
2017.01.20 08:14:04.615,0.75618,0.75629,5.25,3.56
2017.01.20 08:14:05.121,0.75618,0.75629,1.50,6.79
2017.01.20 08:14:07.069,0.75618,0.75629,1.50,7.16
2017.01.20 08:14:09.421,0.75619,0.75629,2.25,2.81
2017.01.20 08:14:10.007,0.75619,0.75629,4.12,2.10
2017.01.20 08:14:10.310,0.75618,0.75629,1.50,6.19
2017.01.20 08:14:10.564,0.75617,0.75627,1.50,4.72
2017.01.20 08:14:11.070,0.75617,0.75627,5.25,1.50
2017.01.20 08:14:11.595,0.75617,0.75629,3.75,3.56
2017.01.20 08:14:12.373,0.75617,0.75628,3.00,3.97
2017.01.20 08:14:12.525,0.75616,0.75626,1.50,1.00
2017.01.20 08:14:12.777,0.75615,0.75625,1.00,1.37
2017.01.20 08:14:13.432,0.75614,0.75625,2.62,1.37
2017.01.20 08:14:16.810,0.75613,0.75624,4.50,3.37
2017.01.20 08:14:17.870,0.75614,0.75624,1.12,1.00
2017.01.20 08:14:18.488,0.75613,0.75622,1.00,1.50
2017.01.20 08:14:18.691,0.7561,0.7562,1.00,1.00
2017.01.20 08:14:19.095,0.75611,0.75622,4.50,1.69
2017.01.20 08:14:19.705,0.75611,0.75622,7.65,1.31
2017.01.20 08:14:20.239,0.75613,0.75623,1.00,2.06
2017.01.20 08:14:22.940,0.75611,0.75615,3.00,2.44
2017.01.20 08:14:23.153,0.75601,0.75611,1.75,2.47
2017.01.20 08:14:23.305,0.756,0.7561,1.12,1.50
2017.01.20 08:14:24.061,0.756,0.75611,1.00,4.50
2017.01.20 08:14:24.163,0.75602,0.75611,1.00,3.75
2017.01.20 08:14:24.726,0.75601,0.75613,4.50,2.81
2017.01.20 08:14:25.733,0.75602,0.75613,1.00,4.31
2017.01.20 08:14:26.299,0.756,0.75605,4.12,1.72
2017.01.20 08:14:26.503,0.75591,0.75602,4.50,2.06
2017.01.20 08:14:26.604,0.75591,0.75602,1.87,3.19
2017.01.20 08:14:27.189,0.75591,0.75601,1.00,1.31
2017.01.20 08:14:27.613,0.75592,0.75602,1.50,1.31
2017.01.20 08:14:28.018,0.75591,0.75601,2.25,1.25
2017.01.20 08:14:29.252,0.7559,0.75594,2.25,1.35
2017.01.20 08:14:29.405,0.75584,0.75594,1.50,1.35
2017.01.20 08:14:29.557,0.75586,0.75593,1.00,1.00
2017.01.20 08:14:29.810,0.7559,0.75601,1.87,1.37
2017.01.20 08:14:30.347,0.75591,0.75601,1.00,1.00
2017.01.20 08:14:30.889,0.75589,0.75602,2.44,3.75
2017.01.20 08:14:34.430,0.75591,0.75602,1.50,3.75
2017.01.20 08:14:34.705,0.75591,0.75602,1.87,1.12
2017.01.20 08:14:35.303,0.75592,0.75602,1.00,1.12
2017.01.20 08:14:35.354,0.75589,0.75594,3.37,1.00
2017.01.20 08:14:35.405,0.75589,0.75594,1.00,3.22
2017.01.20 08:14:35.457,0.75585,0.75593,1.12,3.60
2017.01.20 08:14:36.020,0.75582,0.75593,2.44,1.37
2017.01.20 08:14:36.909,0.75585,0.75592,3.00,1.00
2017.01.20 08:14:36.980,0.75587,0.75594,1.50,1.75
2017.01.20 08:14:37.132,0.75589,0.75599,1.12,2.25
2017.01.20 08:14:37.234,0.75588,0.756,6.00,1.87
2017.01.20 08:14:37.751,0.75589,0.756,2.25,1.50
2017.01.20 08:14:38.116,0.75587,0.75599,3.56,1.72
2017.01.20 08:14:38.624,0.75589,0.756,1.50,1.12
2017.01.20 08:14:41.090,0.75589,0.75598,1.00,1.50
2017.01.20 08:14:41.243,0.75587,0.75599,2.44,1.12
2017.01.20 08:14:41.344,0.75589,0.75599,1.00,1.37
2017.01.20 08:14:41.648,0.75589,0.75601,3.00,3.94
2017.01.20 08:14:41.816,0.75589,0.75601,2.62,3.94
2017.01.20 08:14:42.018,0.75589,0.75594,1.12,3.60
2017.01.20 08:14:42.293,0.7558,0.7559,2.25,1.50
2017.01.20 08:14:42.344,0.75579,0.7559,3.37,1.50
2017.01.20 08:14:42.547,0.75579,0.75588,1.12,1.00
2017.01.20 08:14:43.559,0.75579,0.75589,1.12,1.12
2017.01.20 08:14:43.762,0.75579,0.75591,3.75,3.00
2017.01.20 08:14:44.301,0.75579,0.75591,5.62,3.00
2017.01.20 08:14:46.005,0.75579,0.75589,3.75,1.00
2017.01.20 08:14:46.513,0.75579,0.75589,1.37,1.00
2017.01.20 08:14:47.044,0.75583,0.75592,3.19,1.87
2017.01.20 08:14:47.146,0.75584,0.75595,1.00,4.31
2017.01.20 08:14:47.422,0.75587,0.75598,1.50,2.25
2017.01.20 08:14:47.574,0.75589,0.756,1.00,3.56
2017.01.20 08:14:47.978,0.75589,0.756,1.87,2.06
2017.01.20 08:14:48.611,0.7559,0.75601,1.37,4.50
2017.01.20 08:14:49.129,0.7559,0.75602,3.37,5.25
2017.01.20 08:14:49.180,0.75589,0.756,4.69,1.00
2017.01.20 08:14:49.486,0.75589,0.75595,1.62,1.00
2017.01.20 08:14:49.990,0.75588,0.75595,1.56,1.00
2017.01.20 08:14:50.503,0.75588,0.75597,1.69,1.00
2017.01.20 08:14:50.765,0.75591,0.75597,1.00,1.00
2017.01.20 08:14:51.202,0.75591,0.75599,2.62,1.00
2017.01.20 08:14:51.710,0.75591,0.75599,1.00,1.12
2017.01.20 08:14:53.742,0.75589,0.75598,1.69,1.00
2017.01.20 08:14:53.793,0.75589,0.75596,1.69,1.00
2017.01.20 08:14:54.861,0.75591,0.75596,1.00,1.50
2017.01.20 08:14:54.963,0.75588,0.75596,1.37,1.00
2017.01.20 08:14:55.468,0.75589,0.75597,1.12,1.00
2017.01.20 08:14:55.999,0.75587,0.75596,1.50,1.00
2017.01.20 08:14:59.147,0.75588,0.75598,1.87,1.69
2017.01.20 08:15:02.792,0.7559,0.75598,1.00,1.19
2017.01.20 08:15:03.059,0.75591,0.75599,1.50,1.12
2017.01.20 08:15:03.860,0.75591,0.756,1.50,1.00
2017.01.20 08:15:04.113,0.75589,0.75598,2.25,1.00
2017.01.20 08:15:04.625,0.7559,0.756,1.12,1.50
2017.01.20 08:15:04.841,0.75589,0.75598,1.50,3.19
2017.01.20 08:15:04.892,0.75588,0.75596,1.00,1.00
2017.01.20 08:15:04.994,0.75586,0.75596,1.50,1.00
2017.01.20 08:15:05.502,0.75586,0.75596,2.25,1.50
2017.01.20 08:15:05.730,0.75587,0.75596,1.50,1.50
2017.01.20 08:15:06.995,0.75587,0.75596,2.25,1.50
2017.01.20 08:15:08.229,0.7559,0.75598,1.00,1.69
2017.01.20 08:15:08.686,0.75588,0.75598,1.12,1.25
2017.01.20 08:15:08.737,0.75588,0.75596,1.12,1.00
2017.01.20 08:15:08.889,0.75586,0.75597,1.50,1.00
2017.01.20 08:15:09.433,0.75589,0.75597,1.50,1.00
2017.01.20 08:15:09.506,0.75587,0.75597,4.50,1.00
2017.01.20 08:15:09.608,0.75588,0.75598,1.50,1.69
2017.01.20 08:15:10.114,0.75589,0.75597,1.87,1.00
2017.01.20 08:15:11.284,0.7559,0.75598,1.50,1.25
2017.01.20 08:15:11.790,0.75589,0.75599,2.25,1.00
2017.01.20 08:15:12.643,0.75589,0.75595,1.37,1.54
2017.01.20 08:15:12.694,0.75588,0.75595,1.37,1.16
2017.01.20 08:15:12.745,0.75587,0.75593,1.37,1.00
2017.01.20 08:15:13.049,0.7558,0.75589,1.50,1.00
2017.01.20 08:15:13.591,0.7558,0.75589,1.12,1.00
2017.01.20 08:15:14.123,0.7558,0.7559,1.12,1.00
2017.01.20 08:15:14.656,0.75579,0.75589,1.50,1.00
2017.01.20 08:15:15.061,0.75578,0.75589,3.00,1.12
2017.01.20 08:15:15.616,0.75577,0.75589,1.50,2.06
2017.01.20 08:15:15.718,0.75577,0.75586,1.50,1.00
2017.01.20 08:15:16.023,0.75571,0.75582,4.31,2.62
2017.01.20 08:15:16.074,0.75571,0.75582,4.69,2.62
2017.01.20 08:15:16.225,0.75571,0.75582,2.44,3.00
2017.01.20 08:15:16.377,0.75572,0.75582,1.50,1.00
2017.01.20 08:15:16.935,0.75572,0.75583,4.50,1.50
2017.01.20 08:15:17.710,0.75572,0.75584,2.25,2.06
2017.01.20 08:15:18.610,0.75573,0.75584,1.37,1.25
2017.01.20 08:15:18.662,0.75573,0.75582,1.37,1.00
2017.01.20 08:15:19.043,0.75575,0.75582,1.87,1.00
2017.01.20 08:15:19.095,0.75577,0.75585,1.12,1.00
2017.01.20 08:15:19.351,0.75577,0.75587,1.87,1.12
2017.01.20 08:15:19.706,0.75576,0.75585,1.87,1.00
2017.01.20 08:15:19.808,0.75575,0.75585,4.87,1.12
2017.01.20 08:15:20.667,0.75576,0.75586,1.50,1.50
2017.01.20 08:15:20.777,0.75576,0.75588,3.75,3.19
2017.01.20 08:15:20.828,0.75577,0.75587,1.50,1.00
2017.01.20 08:15:21.336,0.75579,0.75588,1.00,1.54
2017.01.20 08:15:22.773,0.75578,0.75589,1.00,4.69
2017.01.20 08:15:24.829,0.75578,0.75589,1.87,2.06
2017.01.20 08:15:25.759,0.75577,0.75589,3.37,3.56
2017.01.20 08:15:26.287,0.75577,0.75588,2.25,2.81
2017.01.20 08:15:27.838,0.75577,0.75588,3.00,1.91
2017.01.20 08:15:28.359,0.75578,0.75588,1.00,1.25
2017.01.20 08:15:31.048,0.75577,0.75586,1.87,1.00
2017.01.20 08:15:31.150,0.75577,0.75588,1.87,1.31
2017.01.20 08:15:33.311,0.75578,0.75587,2.62,1.00
2017.01.20 08:15:36.461,0.75578,0.75587,1.87,1.00
2017.01.20 08:15:37.181,0.75578,0.75589,1.12,2.06
2017.01.20 08:15:37.771,0.75578,0.75589,1.50,2.44
2017.01.20 08:15:38.292,0.75577,0.75587,1.50,1.12
2017.01.20 08:15:38.817,0.75577,0.75588,1.37,3.37
2017.01.20 08:15:39.545,0.75577,0.75587,2.25,1.50
2017.01.20 08:15:40.081,0.75577,0.75587,1.50,3.00
2017.01.20 08:15:42.457,0.75576,0.75585,2.62,1.50
2017.01.20 08:15:42.761,0.75571,0.7558,1.50,1.00
2017.01.20 08:15:44.231,0.7557,0.7558,1.12,1.00
2017.01.20 08:15:44.710,0.75572,0.75582,1.00,2.81
2017.01.20 08:15:44.967,0.75572,0.75583,5.06,1.50
2017.01.20 08:15:45.620,0.75576,0.75583,1.00,1.00
2017.01.20 08:15:45.773,0.75576,0.75587,2.25,1.12
2017.01.20 08:15:46.450,0.75577,0.75587,1.37,1.00
2017.01.20 08:15:46.684,0.75578,0.75589,3.37,1.31
2017.01.20 08:15:47.240,0.75579,0.7559,1.50,3.56
2017.01.20 08:15:47.977,0.75578,0.75589,3.75,1.62
2017.01.20 08:15:48.484,0.75579,0.7559,1.00,3.19
2017.01.20 08:15:49.010,0.75579,0.7559,1.37,2.81
2017.01.20 08:15:49.517,0.75578,0.75589,3.00,1.91
2017.01.20 08:15:50.078,0.75579,0.7559,1.00,4.91
2017.01.20 08:15:50.605,0.7558,0.75591,1.50,3.56
2017.01.20 08:15:50.792,0.75581,0.75592,1.00,4.12
2017.01.20 08:15:50.843,0.75581,0.75589,1.00,1.00
2017.01.20 08:15:51.348,0.75579,0.75589,1.87,1.00
2017.01.20 08:15:51.703,0.75577,0.75587,1.87,1.00
2017.01.20 08:15:51.921,0.75579,0.7559,1.50,2.81
2017.01.20 08:15:52.232,0.75581,0.75591,1.87,1.12
2017.01.20 08:15:53.210,0.75581,0.7559,1.00,1.00
2017.01.20 08:15:53.552,0.75579,0.7559,1.25,5.85
2017.01.20 08:15:54.059,0.75578,0.75588,1.00,1.31
2017.01.20 08:15:54.643,0.75579,0.75589,2.62,2.06
2017.01.20 08:15:54.947,0.75579,0.7559,3.00,1.00
2017.01.20 08:15:55.487,0.75582,0.7559,1.00,1.00
2017.01.20 08:15:55.692,0.7558,0.7559,1.12,1.00
2017.01.20 08:15:56.254,0.75579,0.75591,10.12,1.50
2017.01.20 08:15:56.798,0.75579,0.7559,5.62,1.00
2017.01.20 08:15:57.352,0.75579,0.75589,2.62,1.00
2017.01.20 08:15:58.131,0.75579,0.7559,1.50,1.50
2017.01.20 08:16:00.161,0.7558,0.75589,1.00,1.00
2017.01.20 08:16:00.666,0.75578,0.75589,2.81,1.87
2017.01.20 08:16:01.216,0.75578,0.75589,3.19,2.25
2017.01.20 08:16:02.736,0.7558,0.7559,1.00,1.87
2017.01.20 08:16:03.149,0.75582,0.7559,1.00,1.50
2017.01.20 08:16:03.532,0.7558,0.7559,3.37,1.12
2017.01.20 08:16:04.111,0.75579,0.75589,1.50,1.00
2017.01.20 08:16:05.009,0.75578,0.75589,5.06,2.25
2017.01.20 08:16:05.356,0.75578,0.75587,1.50,1.50
2017.01.20 08:16:06.785,0.75578,0.75588,2.25,1.69
2017.01.20 08:16:08.573,0.75578,0.75588,3.37,2.44
2017.01.20 08:16:09.080,0.75579,0.75589,1.12,3.19
2017.01.20 08:16:09.523,0.75581,0.75589,1.00,2.81
2017.01.20 08:16:11.128,0.75582,0.75589,1.00,1.19
2017.01.20 08:16:11.179,0.75582,0.7559,1.00,3.00
2017.01.20 08:16:12.156,0.7558,0.7559,1.50,5.81
2017.01.20 08:16:12.257,0.75579,0.75589,1.12,1.30
2017.01.20 08:16:12.358,0.75582,0.7559,1.00,4.12
2017.01.20 08:16:15.065,0.75581,0.75588,1.00,1.50
2017.01.20 08:16:15.570,0.75581,0.75589,1.00,1.12
2017.01.20 08:16:16.466,0.75582,0.7559,1.00,1.87
2017.01.20 08:16:17.766,0.75581,0.75588,1.00,1.50
2017.01.20 08:16:18.308,0.75581,0.75589,1.00,2.62
2017.01.20 08:16:19.538,0.7558,0.75589,1.12,1.00
2017.01.20 08:16:20.017,0.75582,0.75589,1.00,2.25
2017.01.20 08:16:20.169,0.7558,0.75589,1.12,1.00
2017.01.20 08:16:20.650,0.75582,0.75589,1.00,1.00
2017.01.20 08:16:22.784,0.75582,0.7559,1.00,1.87
2017.01.20 08:16:23.239,0.7558,0.7559,2.25,3.75
2017.01.20 08:16:23.793,0.75583,0.7559,1.00,2.25
2017.01.20 08:16:24.376,0.75582,0.75592,1.00,2.81
2017.01.20 08:16:26.186,0.75584,0.75592,1.00,3.56
2017.01.20 08:16:26.507,0.75592,0.75598,1.12,1.19
2017.01.20 08:16:26.559,0.75592,0.75599,1.00,1.35
2017.01.20 08:16:26.610,0.75594,0.75599,1.00,1.00
2017.01.20 08:16:26.863,0.7559,0.75598,1.37,4.12
2017.01.20 08:16:26.914,0.7559,0.75596,1.87,1.00
2017.01.20 08:16:27.016,0.75589,0.75597,1.00,1.69
2017.01.20 08:16:27.370,0.75588,0.75598,1.50,2.25
2017.01.20 08:16:27.421,0.7559,0.75598,1.00,1.50
2017.01.20 08:16:27.848,0.75592,0.75601,1.00,1.87
2017.01.20 08:16:27.899,0.75592,0.75601,1.00,1.50
2017.01.20 08:16:28.051,0.75595,0.75602,1.00,1.12
2017.01.20 08:16:28.355,0.75593,0.75603,1.00,2.85
2017.01.20 08:16:28.861,0.75594,0.75604,1.00,3.37
2017.01.20 08:16:29.366,0.75593,0.75604,1.50,3.75
2017.01.20 08:16:30.000,0.75593,0.75603,1.00,1.37
2017.01.20 08:16:30.862,0.75594,0.75603,1.87,1.00
2017.01.20 08:16:30.964,0.75597,0.75607,1.00,4.69
2017.01.20 08:16:31.268,0.75595,0.75606,1.00,4.31
2017.01.20 08:16:31.477,0.75593,0.75605,2.25,2.96
2017.01.20 08:16:32.029,0.75593,0.75604,1.12,1.00
2017.01.20 08:16:32.637,0.75593,0.75605,1.12,1.69
2017.01.20 08:16:32.739,0.75595,0.75605,1.00,1.31
2017.01.20 08:16:33.085,0.75596,0.75607,3.75,1.25
2017.01.20 08:16:33.810,0.75596,0.75607,3.75,1.69
2017.01.20 08:16:34.222,0.75595,0.75606,1.50,3.19
2017.01.20 08:16:34.273,0.75593,0.75604,2.62,1.69
2017.01.20 08:16:34.475,0.75592,0.75603,1.00,1.87
2017.01.20 08:16:34.829,0.75593,0.75604,2.62,2.06
2017.01.20 08:16:35.465,0.75592,0.75602,3.00,1.00
2017.01.20 08:16:35.516,0.75592,0.75602,1.00,1.69
2017.01.20 08:16:36.109,0.75591,0.75601,1.12,1.12
2017.01.20 08:16:36.554,0.75589,0.756,3.75,2.10
2017.01.20 08:16:36.706,0.75589,0.75598,1.00,1.00
2017.01.20 08:16:37.822,0.75588,0.75599,1.87,3.00
2017.01.20 08:16:40.916,0.75589,0.75598,1.00,1.00
2017.01.20 08:16:41.453,0.75588,0.75599,1.37,2.85
2017.01.20 08:16:42.322,0.75589,0.75598,1.00,1.69
2017.01.20 08:16:46.692,0.75591,0.75601,1.12,2.44
2017.01.20 08:16:46.743,0.75591,0.75602,2.62,2.44
2017.01.20 08:16:47.570,0.7559,0.75601,3.00,1.69
2017.01.20 08:16:47.925,0.7559,0.75598,1.87,3.94
2017.01.20 08:16:48.129,0.75588,0.75596,1.37,2.44
2017.01.20 08:16:48.231,0.75587,0.75595,1.50,1.00
2017.01.20 08:16:48.943,0.75587,0.75594,1.50,1.00
2017.01.20 08:16:49.095,0.75587,0.75594,1.50,3.37
2017.01.20 08:16:49.247,0.75583,0.75591,2.62,1.00
2017.01.20 08:16:49.348,0.75581,0.75592,1.69,2.62
2017.01.20 08:16:50.959,0.75581,0.75592,1.50,2.06
2017.01.20 08:16:51.237,0.75584,0.75592,1.00,2.44
2017.01.20 08:16:51.541,0.75588,0.75598,1.12,2.44
2017.01.20 08:16:52.529,0.75588,0.75598,1.37,2.81
2017.01.20 08:16:52.732,0.75591,0.75601,1.00,4.80
2017.01.20 08:16:52.833,0.75595,0.75601,1.00,3.67
2017.01.20 08:16:52.986,0.75597,0.75605,1.00,3.37
2017.01.20 08:16:53.139,0.75597,0.75608,1.50,1.37
2017.01.20 08:16:53.189,0.75597,0.75609,2.25,8.44
2017.01.20 08:16:53.342,0.75599,0.7561,1.12,1.50
2017.01.20 08:16:53.922,0.756,0.7561,1.00,1.00
2017.01.20 08:16:54.075,0.75599,0.75608,1.00,1.00
2017.01.20 08:16:54.227,0.75597,0.75608,2.25,1.50
2017.01.20 08:16:54.280,0.75597,0.75608,3.00,1.50
2017.01.20 08:16:54.503,0.75597,0.75608,2.62,1.00
2017.01.20 08:16:54.554,0.75597,0.75608,1.50,1.69
2017.01.20 08:16:54.870,0.75598,0.75608,1.87,1.00
2017.01.20 08:16:55.400,0.756,0.75609,1.12,1.12
2017.01.20 08:16:55.910,0.756,0.7561,1.12,1.31
2017.01.20 08:16:56.068,0.75598,0.7561,1.50,2.06
2017.01.20 08:16:59.027,0.75598,0.75608,1.00,1.35
2017.01.20 08:16:59.280,0.75596,0.75608,1.50,2.06
2017.01.20 08:16:59.541,0.75597,0.75608,4.87,1.19
2017.01.20 08:16:59.955,0.75597,0.75607,1.00,1.54
2017.01.20 08:17:00.258,0.75599,0.75608,1.00,1.19
2017.01.20 08:17:00.767,0.75599,0.75609,2.25,1.31
2017.01.20 08:17:00.970,0.75599,0.7561,3.37,1.31
2017.01.20 08:17:02.244,0.75598,0.75609,2.62,3.04
2017.01.20 08:17:02.295,0.75598,0.75609,1.00,2.44
2017.01.20 08:17:02.873,0.75597,0.75608,2.25,2.25
2017.01.20 08:17:04.901,0.75599,0.75608,1.00,1.12
2017.01.20 08:17:06.860,0.75598,0.75609,3.00,1.31
2017.01.20 08:17:07.496,0.75599,0.75609,1.37,1.69
2017.01.20 08:17:10.044,0.75598,0.75609,5.06,1.50
2017.01.20 08:17:11.127,0.75598,0.75608,3.19,1.50
2017.01.20 08:17:11.633,0.75599,0.7561,2.62,1.69
2017.01.20 08:17:11.813,0.75599,0.75609,1.37,1.60
2017.01.20 08:17:11.914,0.75598,0.75609,1.31,3.60
2017.01.20 08:17:12.546,0.75598,0.75609,1.69,3.60
2017.01.20 08:17:13.302,0.75599,0.75609,1.50,1.00
2017.01.20 08:17:13.607,0.75602,0.75612,1.00,5.06
2017.01.20 08:17:13.709,0.75602,0.75612,1.50,1.00
2017.01.20 08:17:14.214,0.75602,0.75613,1.50,3.37
2017.01.20 08:17:15.325,0.75601,0.7561,2.62,2.85
2017.01.20 08:17:15.427,0.75599,0.75609,2.25,1.35
2017.01.20 08:17:15.630,0.75599,0.75608,1.50,1.00
2017.01.20 08:17:16.492,0.75597,0.75608,5.81,1.00
2017.01.20 08:17:17.141,0.75597,0.75607,5.44,1.00
2017.01.20 08:17:17.360,0.75597,0.75609,4.69,3.60
2017.01.20 08:17:18.342,0.75597,0.75606,1.69,1.50
2017.01.20 08:17:18.544,0.75596,0.75606,1.25,1.00
2017.01.20 08:17:19.061,0.75596,0.75608,4.31,2.06
2017.01.20 08:17:19.576,0.75597,0.75608,1.50,1.19
2017.01.20 08:17:19.817,0.75597,0.75605,1.00,1.00
2017.01.20 08:17:20.398,0.75596,0.75606,1.69,1.12
2017.01.20 08:17:20.724,0.75597,0.75607,1.50,1.25
2017.01.20 08:17:21.286,0.75596,0.75605,4.31,1.00
2017.01.20 08:17:21.337,0.75596,0.75607,3.94,1.69
2017.01.20 08:17:21.439,0.75595,0.75607,9.71,2.06
2017.01.20 08:17:21.946,0.75597,0.75608,1.12,1.31
2017.01.20 08:17:23.218,0.75598,0.75608,1.50,2.81
2017.01.20 08:17:25.778,0.75597,0.75606,1.12,1.50
2017.01.20 08:17:26.133,0.75597,0.75607,5.25,1.69
2017.01.20 08:17:27.275,0.75597,0.75605,1.37,1.00
2017.01.20 08:17:27.325,0.75597,0.75605,1.00,1.72
2017.01.20 08:17:28.637,0.75595,0.75603,4.12,1.00
2017.01.20 08:17:28.739,0.75593,0.75602,1.50,2.25
2017.01.20 08:17:28.840,0.75591,0.75602,2.44,2.62
2017.01.20 08:17:29.402,0.75591,0.75602,1.12,3.00
2017.01.20 08:17:29.908,0.7559,0.75601,4.87,1.00
2017.01.20 08:17:30.451,0.7559,0.756,1.00,2.25
2017.01.20 08:17:32.173,0.7559,0.75599,1.12,1.00
2017.01.20 08:17:32.941,0.7559,0.756,1.87,2.62
2017.01.20 08:17:33.491,0.75591,0.756,1.00,3.00
2017.01.20 08:17:36.000,0.7559,0.75599,1.50,1.50
2017.01.20 08:17:36.222,0.75589,0.75599,2.81,1.50
2017.01.20 08:17:36.740,0.7559,0.756,2.62,3.00
2017.01.20 08:17:41.489,0.75589,0.75599,3.94,1.50
2017.01.20 08:17:41.742,0.75588,0.75597,1.00,1.00
2017.01.20 08:17:42.198,0.75588,0.75599,3.00,2.44
2017.01.20 08:17:43.667,0.75589,0.75599,1.12,1.19
2017.01.20 08:17:44.988,0.75589,0.75599,1.12,1.25
2017.01.20 08:17:45.291,0.75591,0.756,1.00,2.25
2017.01.20 08:17:46.030,0.75591,0.75601,1.87,2.10
2017.01.20 08:17:46.541,0.75592,0.75601,1.50,1.35
2017.01.20 08:17:47.103,0.75592,0.75601,2.25,1.60
2017.01.20 08:17:49.043,0.75591,0.75601,1.87,2.47
2017.01.20 08:17:49.575,0.7559,0.756,1.37,1.00
2017.01.20 08:17:49.905,0.75589,0.756,3.19,3.22
2017.01.20 08:17:50.355,0.75589,0.75598,1.69,1.50
2017.01.20 08:17:51.483,0.75589,0.75599,3.19,3.60
2017.01.20 08:17:52.291,0.75589,0.75598,3.19,1.00
2017.01.20 08:17:53.815,0.7559,0.75598,1.50,1.00
2017.01.20 08:17:54.395,0.75589,0.75598,1.25,1.00
2017.01.20 08:17:55.460,0.75588,0.75598,1.12,3.00
2017.01.20 08:17:55.966,0.75588,0.75597,2.62,1.00
2017.01.20 08:17:56.697,0.75588,0.75598,2.62,3.00
2017.01.20 08:18:00.251,0.75588,0.75594,1.12,1.00
2017.01.20 08:18:00.454,0.75585,0.75594,1.50,1.00
2017.01.20 08:18:00.505,0.75587,0.75593,1.00,1.00
2017.01.20 08:18:01.011,0.75586,0.75593,1.12,1.00
2017.01.20 08:18:01.331,0.75583,0.75591,1.25,1.00
2017.01.20 08:18:01.685,0.75585,0.75592,1.00,1.00
2017.01.20 08:18:01.736,0.75585,0.75594,1.00,1.50
2017.01.20 08:18:02.191,0.75583,0.75594,2.06,4.12
2017.01.20 08:18:02.292,0.75583,0.75594,2.81,3.37
2017.01.20 08:18:02.595,0.75583,0.75592,1.25,1.00
2017.01.20 08:18:03.012,0.75583,0.7559,1.00,1.00
2017.01.20 08:18:03.165,0.75581,0.7559,2.62,1.50
2017.01.20 08:18:04.064,0.75581,0.75591,1.87,3.37
2017.01.20 08:18:04.580,0.75581,0.7559,1.12,1.50
2017.01.20 08:18:04.732,0.7558,0.75588,1.87,1.00
2017.01.20 08:18:04.834,0.75579,0.75588,1.50,1.50
2017.01.20 08:18:05.238,0.75579,0.75586,1.00,1.00
2017.01.20 08:18:05.790,0.75577,0.75586,1.50,1.00
2017.01.20 08:18:08.240,0.75577,0.75588,2.25,3.19
2017.01.20 08:18:10.669,0.75577,0.75587,2.25,1.50
2017.01.20 08:18:10.720,0.75577,0.75585,2.25,1.54
2017.01.20 08:18:11.025,0.75578,0.75584,1.00,2.25
2017.01.20 08:18:11.177,0.75578,0.75587,1.87,1.00
2017.01.20 08:18:11.228,0.75578,0.75588,3.75,2.25
2017.01.20 08:18:11.862,0.75578,0.75588,2.62,1.50
2017.01.20 08:18:13.059,0.75578,0.75587,1.50,1.50
2017.01.20 08:18:13.110,0.75577,0.75587,1.50,1.87
2017.01.20 08:18:13.396,0.75576,0.75585,1.37,1.00
2017.01.20 08:18:17.882,0.75577,0.75586,1.00,1.50
2017.01.20 08:18:18.388,0.75578,0.75587,1.12,1.00
2017.01.20 08:18:18.916,0.75579,0.75588,1.00,1.50
2017.01.20 08:18:19.331,0.75578,0.75586,1.37,1.00
2017.01.20 08:18:19.894,0.75577,0.75586,1.37,1.00
2017.01.20 08:18:20.812,0.75577,0.75587,1.37,1.00
2017.01.20 08:18:21.403,0.75577,0.75587,1.50,3.00
2017.01.20 08:18:23.032,0.75577,0.75586,1.00,1.00
2017.01.20 08:18:23.596,0.75576,0.75586,1.12,1.00
2017.01.20 08:18:24.052,0.75577,0.75587,1.87,1.50
2017.01.20 08:18:25.281,0.75577,0.75587,3.37,2.25
2017.01.20 08:18:25.332,0.75577,0.75589,4.12,3.94
2017.01.20 08:18:25.857,0.75578,0.75588,1.50,1.50
2017.01.20 08:18:26.368,0.75578,0.75589,2.25,1.69
2017.01.20 08:18:27.513,0.75577,0.75589,5.25,2.81
2017.01.20 08:18:29.050,0.75577,0.75588,3.37,1.00
2017.01.20 08:18:29.596,0.75577,0.75589,3.00,2.81
2017.01.20 08:18:30.534,0.75578,0.75589,1.00,2.81
2017.01.20 08:18:31.833,0.75578,0.75588,1.00,1.00
2017.01.20 08:18:35.732,0.75577,0.75588,3.75,1.00
2017.01.20 08:18:36.248,0.75577,0.75587,3.00,1.50
2017.01.20 08:18:36.783,0.75577,0.75588,3.37,2.62
2017.01.20 08:18:37.381,0.75578,0.75589,1.12,2.44
2017.01.20 08:18:37.901,0.75578,0.7559,5.62,2.06
2017.01.20 08:18:38.356,0.75581,0.75591,1.00,1.00
2017.01.20 08:18:40.577,0.75579,0.75591,2.81,2.62
2017.01.20 08:18:41.031,0.75579,0.75589,1.00,3.94
2017.01.20 08:18:42.488,0.75577,0.75584,2.25,1.00
2017.01.20 08:18:42.539,0.75577,0.75584,1.00,2.25
2017.01.20 08:18:42.691,0.75573,0.75582,1.12,1.00
2017.01.20 08:18:43.234,0.75573,0.75583,2.25,1.50
2017.01.20 08:18:43.386,0.75573,0.75583,3.37,1.00
2017.01.20 08:18:43.437,0.75573,0.75585,3.75,6.56
2017.01.20 08:18:43.589,0.75573,0.75583,5.25,1.50
2017.01.20 08:18:43.800,0.75573,0.75583,3.37,2.62
2017.01.20 08:18:47.656,0.75575,0.75584,1.50,1.50
2017.01.20 08:18:47.909,0.75579,0.75589,1.00,2.44
2017.01.20 08:18:48.112,0.75579,0.75589,3.75,1.69
2017.01.20 08:18:49.076,0.75579,0.75591,3.37,4.87
2017.01.20 08:18:50.033,0.75579,0.75591,1.87,4.87
2017.01.20 08:18:50.136,0.75579,0.75591,1.50,4.87
2017.01.20 08:18:51.168,0.75579,0.75589,2.62,1.50
2017.01.20 08:18:52.120,0.75579,0.75589,1.50,1.50
2017.01.20 08:18:53.930,0.75578,0.75589,5.06,2.25
2017.01.20 08:18:54.185,0.75578,0.75589,6.19,2.25
2017.01.20 08:18:55.328,0.7558,0.7559,1.00,2.62
2017.01.20 08:18:55.851,0.75579,0.75589,3.37,1.50
2017.01.20 08:18:57.119,0.75579,0.75591,2.25,3.37
2017.01.20 08:18:59.028,0.75579,0.75591,3.00,2.62
2017.01.20 08:18:59.132,0.75579,0.75591,4.12,2.62
2017.01.20 08:19:00.133,0.75579,0.75589,4.87,1.50
2017.01.20 08:19:00.436,0.75581,0.75591,1.12,2.62
2017.01.20 08:19:00.695,0.75582,0.75593,1.12,4.69
2017.01.20 08:19:01.209,0.75582,0.75592,4.50,1.00
2017.01.20 08:19:01.260,0.75584,0.75593,1.00,1.00
2017.01.20 08:19:01.563,0.75582,0.75594,4.69,3.37
2017.01.20 08:19:01.665,0.75582,0.75594,4.69,3.37
2017.01.20 08:19:01.968,0.75582,0.75592,1.62,1.00
2017.01.20 08:19:02.221,0.7558,0.75592,11.44,1.12
2017.01.20 08:19:02.742,0.75584,0.75592,1.00,3.37
2017.01.20 08:19:03.102,0.75586,0.75593,1.00,3.37
2017.01.20 08:19:03.152,0.75584,0.75593,1.50,3.75
2017.01.20 08:19:03.664,0.75583,0.75593,1.50,2.44
2017.01.20 08:19:03.717,0.75586,0.75594,1.00,1.87
2017.01.20 08:19:03.869,0.75585,0.75595,1.00,6.90
2017.01.20 08:19:03.919,0.75587,0.75595,1.00,7.50
2017.01.20 08:19:04.335,0.75584,0.75595,1.50,3.75
2017.01.20 08:19:04.386,0.75586,0.75595,1.00,6.00
2017.01.20 08:19:05.116,0.75585,0.75595,1.00,2.47
2017.01.20 08:19:05.420,0.75586,0.75595,1.37,1.87
2017.01.20 08:19:05.471,0.75585,0.75595,1.00,2.25
2017.01.20 08:19:05.572,0.75587,0.75595,1.50,1.50
2017.01.20 08:19:05.876,0.75586,0.75594,1.00,1.50
2017.01.20 08:19:06.388,0.75584,0.75594,5.25,1.50
2017.01.20 08:19:06.979,0.75584,0.75594,3.37,1.50
2017.01.20 08:19:08.306,0.75585,0.75594,1.00,1.50
2017.01.20 08:19:08.610,0.75587,0.75595,1.00,1.00
2017.01.20 08:19:09.265,0.75585,0.75595,1.50,3.00
2017.01.20 08:19:09.569,0.75588,0.75595,1.00,1.00
2017.01.20 08:19:09.671,0.75589,0.75598,1.00,2.29
2017.01.20 08:19:10.177,0.75588,0.75599,1.12,2.06
2017.01.20 08:19:10.387,0.75591,0.75599,1.00,1.37
2017.01.20 08:19:10.592,0.75592,0.75603,1.00,4.31
2017.01.20 08:19:10.694,0.75592,0.75603,1.87,2.06
2017.01.20 08:19:10.745,0.75592,0.75603,1.37,5.66
2017.01.20 08:19:11.150,0.7559,0.75599,1.37,1.00
2017.01.20 08:19:11.251,0.75589,0.75601,1.69,3.60
2017.01.20 08:19:11.685,0.7559,0.75601,1.87,1.00
2017.01.20 08:19:12.781,0.75591,0.75602,1.50,3.22
2017.01.20 08:19:15.601,0.75592,0.75603,1.50,2.81
2017.01.20 08:19:16.533,0.75592,0.75602,2.25,1.30
2017.01.20 08:19:17.041,0.75593,0.75603,1.12,4.54
2017.01.20 08:19:18.034,0.75593,0.75603,1.12,4.54
2017.01.20 08:19:19.746,0.75592,0.75601,1.37,1.50
2017.01.20 08:19:19.899,0.7559,0.75601,4.50,3.97
2017.01.20 08:19:20.413,0.75592,0.75602,1.31,1.00
2017.01.20 08:19:20.722,0.75591,0.756,1.69,1.00
2017.01.20 08:19:21.239,0.75591,0.756,1.00,1.35
2017.01.20 08:19:21.761,0.75591,0.75602,1.00,4.12
2017.01.20 08:19:22.584,0.75591,0.75601,1.50,2.47
2017.01.20 08:19:23.089,0.75592,0.75601,1.00,1.50
2017.01.20 08:19:25.803,0.75591,0.75601,1.12,2.25
2017.01.20 08:19:26.322,0.75591,0.75601,1.00,5.10
2017.01.20 08:19:26.852,0.75591,0.75601,1.00,4.50
2017.01.20 08:19:27.198,0.75589,0.75599,2.44,1.00
2017.01.20 08:19:27.725,0.75589,0.75598,1.62,1.50
2017.01.20 08:19:28.246,0.75589,0.75598,1.31,1.50
2017.01.20 08:19:28.308,0.75589,0.756,1.31,4.35
2017.01.20 08:19:29.060,0.75589,0.75599,1.31,1.00
2017.01.20 08:19:29.263,0.75588,0.75597,1.00,1.00
2017.01.20 08:19:29.862,0.75586,0.75595,3.56,1.00
2017.01.20 08:19:29.913,0.75584,0.75595,7.69,1.00
2017.01.20 08:19:30.015,0.75584,0.75595,2.06,2.06
2017.01.20 08:19:30.333,0.75583,0.75593,2.44,1.12
2017.01.20 08:19:30.636,0.75582,0.7559,3.56,1.00
2017.01.20 08:19:31.337,0.75581,0.7559,1.87,1.00
2017.01.20 08:19:31.675,0.7558,0.75588,1.00,1.00
2017.01.20 08:19:32.837,0.7558,0.7559,1.00,1.37
2017.01.20 08:19:33.341,0.7558,0.7559,2.62,1.00
2017.01.20 08:19:35.684,0.75581,0.7559,1.00,1.00
2017.01.20 08:19:36.211,0.7558,0.75591,3.00,2.62
2017.01.20 08:19:36.760,0.75581,0.7559,1.00,1.50
2017.01.20 08:19:37.064,0.7558,0.75588,1.50,1.00
2017.01.20 08:19:37.115,0.7558,0.75591,1.87,4.12
2017.01.20 08:19:37.662,0.7558,0.75589,1.50,1.00
2017.01.20 08:19:40.312,0.7558,0.75588,1.00,1.50
2017.01.20 08:19:40.597,0.75578,0.75586,1.00,1.00
2017.01.20 08:19:40.850,0.75579,0.75588,1.00,1.87
2017.01.20 08:19:41.392,0.75579,0.75587,1.00,1.00
2017.01.20 08:19:41.783,0.75579,0.75589,1.00,2.06
2017.01.20 08:19:42.231,0.75578,0.75587,1.12,1.00
2017.01.20 08:19:42.567,0.75576,0.75584,2.25,1.00
2017.01.20 08:19:42.871,0.75573,0.7558,1.31,1.00
2017.01.20 08:19:45.310,0.75571,0.7558,1.00,1.00
2017.01.20 08:19:46.041,0.75572,0.75581,1.00,2.06
2017.01.20 08:19:46.563,0.75571,0.75581,1.00,1.25
2017.01.20 08:19:47.387,0.75572,0.75581,1.00,1.31
2017.01.20 08:19:49.740,0.75573,0.75581,1.00,1.25
2017.01.20 08:19:50.312,0.75574,0.75583,1.00,1.69
2017.01.20 08:19:51.610,0.75572,0.75582,1.12,2.06
2017.01.20 08:19:52.206,0.75571,0.75581,1.00,3.56
2017.01.20 08:19:52.712,0.75571,0.7558,1.00,1.00
2017.01.20 08:19:52.914,0.75569,0.7558,2.44,1.00
2017.01.20 08:19:53.420,0.7557,0.7558,1.00,1.00
2017.01.20 08:19:53.963,0.75571,0.7558,1.00,1.00
2017.01.20 08:19:55.255,0.75571,0.75581,1.00,3.19
2017.01.20 08:19:56.156,0.75571,0.75582,1.87,2.44
2017.01.20 08:19:56.695,0.75571,0.7558,1.12,1.00
2017.01.20 08:19:57.200,0.75571,0.75581,1.12,1.25
2017.01.20 08:19:58.422,0.75572,0.75583,1.50,3.56
2017.01.20 08:19:58.574,0.75572,0.75583,1.62,1.12
2017.01.20 08:19:58.827,0.75577,0.75585,1.00,3.00
2017.01.20 08:19:58.980,0.7558,0.75589,1.00,3.56
2017.01.20 08:19:59.183,0.75577,0.75588,1.50,3.37
2017.01.20 08:19:59.593,0.75576,0.75588,2.62,3.75
2017.01.20 08:20:00.961,0.75575,0.75586,1.31,4.12
2017.01.20 08:20:01.308,0.75576,0.75584,1.00,1.00
2017.01.20 08:20:01.887,0.75576,0.75585,1.00,1.00
2017.01.20 08:20:03.163,0.75576,0.75586,1.00,1.50
2017.01.20 08:20:03.697,0.75579,0.75587,1.00,1.12
2017.01.20 08:20:03.899,0.7558,0.7559,1.50,1.31
2017.01.20 08:20:04.419,0.75579,0.75588,3.19,1.00
2017.01.20 08:20:04.471,0.75582,0.75591,1.00,1.12
2017.01.20 08:20:05.027,0.75582,0.7559,1.00,1.00
2017.01.20 08:20:05.948,0.75579,0.75586,2.44,1.00
2017.01.20 08:20:06.100,0.75578,0.75588,2.25,1.16
2017.01.20 08:20:07.148,0.75579,0.75587,1.12,1.00
2017.01.20 08:20:07.760,0.75579,0.75586,1.12,1.00
2017.01.20 08:20:08.278,0.75578,0.75586,1.50,1.00
2017.01.20 08:20:08.978,0.75579,0.75586,1.00,1.00
2017.01.20 08:20:09.029,0.75579,0.7559,1.50,4.69
2017.01.20 08:20:09.080,0.75581,0.7559,1.00,3.37
2017.01.20 08:20:09.393,0.75578,0.75588,2.06,2.10
2017.01.20 08:20:09.494,0.75578,0.75588,2.06,1.35
2017.01.20 08:20:10.018,0.75578,0.75589,2.06,1.35
2017.01.20 08:20:10.808,0.75578,0.75589,2.06,2.85
2017.01.20 08:20:11.326,0.75577,0.75587,3.37,1.00
2017.01.20 08:20:11.864,0.75578,0.75587,1.50,1.00
2017.01.20 08:20:12.456,0.75577,0.75587,1.87,2.62
2017.01.20 08:20:12.755,0.75578,0.75587,1.50,1.00
2017.01.20 08:20:13.274,0.75578,0.75586,1.00,1.00
2017.01.20 08:20:13.729,0.75578,0.75588,1.00,1.69
2017.01.20 08:20:14.147,0.75578,0.75586,1.00,1.00
2017.01.20 08:20:14.602,0.75576,0.75584,1.31,1.00
2017.01.20 08:20:14.855,0.75576,0.75586,1.25,1.12
2017.01.20 08:20:16.648,0.75576,0.75585,1.25,1.50
2017.01.20 08:20:16.845,0.75578,0.75587,1.00,2.25
2017.01.20 08:20:17.357,0.75578,0.75589,2.62,1.31
2017.01.20 08:20:20.698,0.75581,0.75589,1.12,1.31
2017.01.20 08:20:20.800,0.75581,0.75592,1.87,4.31
2017.01.20 08:20:21.968,0.75582,0.75591,1.00,1.00
2017.01.20 08:20:22.520,0.75581,0.75591,3.00,1.00
2017.01.20 08:20:23.041,0.75581,0.75593,3.00,4.69
2017.01.20 08:20:24.327,0.75582,0.75593,1.12,2.06
2017.01.20 08:20:25.303,0.75583,0.75593,1.50,2.06
2017.01.20 08:20:25.809,0.75582,0.75594,1.87,5.44
2017.01.20 08:20:26.739,0.75582,0.75592,1.12,5.06
2017.01.20 08:20:27.381,0.75582,0.75592,1.12,1.25
2017.01.20 08:20:27.911,0.75582,0.75591,1.00,1.00
2017.01.20 08:20:28.445,0.75582,0.75592,1.00,1.25
2017.01.20 08:20:28.971,0.75582,0.75591,1.00,1.00
2017.01.20 08:20:29.124,0.75581,0.75589,1.00,1.00
2017.01.20 08:20:30.355,0.7558,0.75589,6.56,1.00
2017.01.20 08:20:30.814,0.7558,0.75592,3.56,3.56
2017.01.20 08:20:30.865,0.7558,0.75589,3.56,1.00
2017.01.20 08:20:31.032,0.7558,0.75591,3.56,1.50
2017.01.20 08:20:31.616,0.75581,0.75591,1.12,1.12
2017.01.20 08:20:32.161,0.75582,0.75591,1.00,1.00
2017.01.20 08:20:32.977,0.7558,0.75591,1.69,3.00
2017.01.20 08:20:33.484,0.75581,0.7559,1.00,1.00
2017.01.20 08:20:33.636,0.75579,0.75588,3.94,1.00
2017.01.20 08:20:34.091,0.75579,0.7559,2.44,3.37
2017.01.20 08:20:34.690,0.75579,0.75589,3.56,2.25
2017.01.20 08:20:34.893,0.75578,0.75587,2.81,1.00
2017.01.20 08:20:34.994,0.75577,0.75587,1.50,1.50
2017.01.20 08:20:35.500,0.75578,0.75588,1.12,1.50
2017.01.20 08:20:36.012,0.75578,0.75587,4.87,1.00
2017.01.20 08:20:36.242,0.75578,0.75589,4.87,2.44
2017.01.20 08:20:36.747,0.7558,0.7559,1.00,2.06
2017.01.20 08:20:37.352,0.75581,0.7559,1.00,1.50
2017.01.20 08:20:38.050,0.75581,0.75589,1.00,1.00
2017.01.20 08:20:38.581,0.7558,0.75589,1.00,1.00
2017.01.20 08:20:39.114,0.7558,0.75591,2.62,1.87
2017.01.20 08:20:39.165,0.75582,0.7559,1.00,1.00
2017.01.20 08:20:39.743,0.7558,0.7559,2.25,1.00
2017.01.20 08:20:40.058,0.75579,0.75585,1.87,1.00
2017.01.20 08:20:40.160,0.75578,0.75585,2.25,1.12
2017.01.20 08:20:40.261,0.75579,0.75587,1.00,1.00
2017.01.20 08:20:40.464,0.75579,0.75588,3.37,1.00
2017.01.20 08:20:41.038,0.75579,0.75588,4.87,1.00
2017.01.20 08:20:42.303,0.7558,0.75591,1.12,4.31
2017.01.20 08:20:42.560,0.75582,0.75592,2.25,1.00
2017.01.20 08:20:42.673,0.75585,0.75594,1.00,4.31
2017.01.20 08:20:42.774,0.75583,0.75593,1.87,1.69
2017.01.20 08:20:42.825,0.75583,0.75591,1.12,1.00
2017.01.20 08:20:43.129,0.75579,0.75591,6.19,1.75
2017.01.20 08:20:43.616,0.75582,0.75592,1.00,1.87
2017.01.20 08:20:43.717,0.75582,0.7559,1.00,1.00
2017.01.20 08:20:44.259,0.75579,0.7559,3.94,1.50
2017.01.20 08:20:44.361,0.75579,0.75589,1.87,1.12
2017.01.20 08:20:44.947,0.75579,0.75589,1.00,1.87
2017.01.20 08:20:47.322,0.75579,0.75587,1.00,1.00
2017.01.20 08:20:47.880,0.75579,0.75589,1.00,4.50
2017.01.20 08:20:51.710,0.75579,0.75587,1.00,1.00
2017.01.20 08:20:52.711,0.75579,0.75586,1.12,1.50
2017.01.20 08:20:52.913,0.75577,0.75585,1.00,1.00
2017.01.20 08:20:52.964,0.7558,0.75586,1.00,4.12
2017.01.20 08:20:53.116,0.7558,0.75588,1.00,1.50
2017.01.20 08:20:53.622,0.75581,0.75588,1.00,1.00
2017.01.20 08:20:54.067,0.75579,0.75587,1.00,1.00
2017.01.20 08:20:56.395,0.75578,0.75587,1.00,1.00
2017.01.20 08:20:56.932,0.75578,0.75588,1.00,2.62
2017.01.20 08:20:57.058,0.75576,0.75584,1.87,1.00
2017.01.20 08:20:57.120,0.75575,0.75583,1.12,1.50
2017.01.20 08:20:57.222,0.75572,0.75581,3.19,1.00
2017.01.20 08:21:00.596,0.75572,0.75581,1.00,3.56
2017.01.20 08:21:02.260,0.75572,0.7558,1.00,1.00
2017.01.20 08:21:06.342,0.75572,0.75581,1.00,2.06
2017.01.20 08:21:06.874,0.75571,0.7558,3.00,1.00
2017.01.20 08:21:15.462,0.75571,0.75581,2.25,1.25
2017.01.20 08:21:22.020,0.75571,0.7558,1.50,1.00
2017.01.20 08:21:22.651,0.75571,0.75582,1.50,2.81
2017.01.20 08:21:27.416,0.75572,0.75582,1.12,1.25
2017.01.20 08:21:27.757,0.75574,0.75583,1.00,1.87
2017.01.20 08:21:29.629,0.75576,0.75586,1.50,2.25
2017.01.20 08:21:29.680,0.75576,0.75587,3.37,1.50
2017.01.20 08:21:30.241,0.75576,0.75587,4.50,1.00
2017.01.20 08:21:31.422,0.75577,0.75588,1.37,2.25
2017.01.20 08:21:31.948,0.75579,0.75589,1.50,3.94
2017.01.20 08:21:40.215,0.7558,0.75589,1.50,1.12
2017.01.20 08:21:44.600,0.75579,0.75589,1.00,3.75
2017.01.20 08:21:44.925,0.75578,0.75587,1.62,1.00
2017.01.20 08:21:45.458,0.75578,0.75589,2.06,4.50
2017.01.20 08:21:48.025,0.75579,0.75589,1.00,6.37
2017.01.20 08:21:48.126,0.75577,0.75587,1.00,1.87
2017.01.20 08:21:48.659,0.75578,0.75587,1.00,1.00
2017.01.20 08:21:49.177,0.75579,0.75588,1.00,1.50
2017.01.20 08:21:49.860,0.75579,0.75589,1.00,3.19
2017.01.20 08:21:50.816,0.75578,0.75589,1.87,3.79
2017.01.20 08:21:50.867,0.75578,0.75587,1.00,1.00
2017.01.20 08:21:51.396,0.75578,0.75588,1.00,1.50
2017.01.20 08:21:53.358,0.75579,0.75588,1.50,1.00
2017.01.20 08:21:53.867,0.75579,0.75589,1.87,1.25
2017.01.20 08:21:55.910,0.7558,0.75591,1.50,5.10
2017.01.20 08:21:58.207,0.75582,0.7559,1.00,1.00
2017.01.20 08:21:58.359,0.75582,0.75592,1.00,1.50
2017.01.20 08:21:58.663,0.75581,0.7559,3.75,1.00
2017.01.20 08:21:59.173,0.75582,0.75593,1.00,5.44
2017.01.20 08:21:59.679,0.75581,0.75593,4.87,5.44
2017.01.20 08:21:59.730,0.75581,0.7559,4.87,1.00
2017.01.20 08:22:00.034,0.75581,0.75588,1.00,1.00
2017.01.20 08:22:00.439,0.7558,0.7559,2.25,4.72
2017.01.20 08:22:02.429,0.75579,0.75585,2.25,1.30
2017.01.20 08:22:02.615,0.75577,0.75588,2.62,3.56
2017.01.20 08:22:02.666,0.75578,0.75588,2.44,2.25
2017.01.20 08:22:02.826,0.7558,0.7559,1.50,1.50
2017.01.20 08:22:03.029,0.75582,0.75591,1.00,1.00
2017.01.20 08:22:03.571,0.75582,0.75593,2.62,2.62
2017.01.20 08:22:03.968,0.75581,0.7559,4.12,1.00
2017.01.20 08:22:04.497,0.75581,0.7559,1.50,2.25
2017.01.20 08:22:05.433,0.7558,0.75589,1.62,1.00
2017.01.20 08:22:05.585,0.75581,0.75592,1.12,3.37
2017.01.20 08:22:05.737,0.75579,0.75585,3.00,1.50
2017.01.20 08:22:05.941,0.75577,0.75587,2.62,2.44
2017.01.20 08:22:06.444,0.75578,0.75587,3.00,1.00
2017.01.20 08:22:06.822,0.7558,0.75589,1.00,3.00
2017.01.20 08:22:07.525,0.7558,0.7559,1.12,3.37
2017.01.20 08:22:08.062,0.75581,0.75589,1.00,1.00
2017.01.20 08:22:11.823,0.75579,0.7559,3.94,3.22
2017.01.20 08:22:12.424,0.75579,0.75589,6.56,1.00
2017.01.20 08:22:12.919,0.75579,0.75589,2.06,1.35
2017.01.20 08:22:13.826,0.75579,0.75588,1.25,1.00
2017.01.20 08:22:19.909,0.75578,0.75586,1.56,2.25
2017.01.20 08:22:20.213,0.75572,0.7558,2.62,2.25
2017.01.20 08:22:20.264,0.7557,0.7558,3.56,3.00
2017.01.20 08:22:20.416,0.7557,0.75578,1.31,1.00
2017.01.20 08:22:20.467,0.7557,0.7558,2.06,3.37
2017.01.20 08:22:21.895,0.75569,0.75578,1.87,1.00
2017.01.20 08:22:22.438,0.75571,0.75578,1.00,1.00
2017.01.20 08:22:23.194,0.75571,0.7558,1.00,3.00
2017.01.20 08:22:23.247,0.75569,0.7558,2.25,2.25
2017.01.20 08:22:23.414,0.75569,0.75578,2.25,1.00
2017.01.20 08:22:23.942,0.75568,0.75579,6.00,2.25
2017.01.20 08:22:24.448,0.75569,0.7558,1.50,3.75
2017.01.20 08:22:24.799,0.75568,0.75577,4.50,1.00
2017.01.20 08:22:25.320,0.75568,0.75578,4.50,1.00
2017.01.20 08:22:25.828,0.75568,0.75579,4.50,3.00
2017.01.20 08:22:27.091,0.75568,0.75579,4.12,3.37
2017.01.20 08:22:28.206,0.75569,0.75579,1.00,3.37
2017.01.20 08:22:28.727,0.75571,0.75579,1.00,1.87
2017.01.20 08:22:41.695,0.75573,0.7558,4.12,1.50
2017.01.20 08:22:41.848,0.75576,0.7558,1.12,1.12
2017.01.20 08:22:41.899,0.75575,0.75585,2.81,1.00
2017.01.20 08:22:41.950,0.75577,0.75585,1.00,1.00
2017.01.20 08:22:42.206,0.75575,0.75586,2.81,4.87
2017.01.20 08:22:42.857,0.75574,0.75584,2.25,1.00
2017.01.20 08:22:43.385,0.75575,0.75585,1.56,1.00
2017.01.20 08:22:44.056,0.75578,0.75587,1.00,5.62
2017.01.20 08:22:44.259,0.75578,0.75589,3.75,1.31
2017.01.20 08:22:46.619,0.7558,0.75589,1.00,1.19
2017.01.20 08:22:47.175,0.75579,0.75589,1.12,1.19
2017.01.20 08:22:48.760,0.75581,0.7559,1.00,1.69
2017.01.20 08:22:48.811,0.7558,0.7559,2.25,1.50
2017.01.20 08:22:49.426,0.7558,0.7559,2.62,1.12
2017.01.20 08:22:50.458,0.7558,0.75589,2.62,1.00
2017.01.20 08:22:50.560,0.75579,0.75587,1.62,1.00
2017.01.20 08:22:50.661,0.75579,0.75587,1.25,1.00
2017.01.20 08:22:51.171,0.75579,0.75586,1.25,1.00
2017.01.20 08:22:51.726,0.75579,0.75587,1.00,1.50
2017.01.20 08:22:53.147,0.75577,0.75586,5.25,1.00
2017.01.20 08:22:53.987,0.75577,0.75587,6.00,2.25
2017.01.20 08:22:54.749,0.75577,0.75587,3.37,1.87
2017.01.20 08:22:56.783,0.75578,0.75588,3.15,1.50
2017.01.20 08:22:56.935,0.75579,0.75589,1.50,2.06
2017.01.20 08:22:56.986,0.75579,0.75587,1.50,1.00
2017.01.20 08:22:57.922,0.75579,0.75586,1.00,1.00
2017.01.20 08:22:58.230,0.75571,0.7558,1.37,1.00
2017.01.20 08:22:58.736,0.75571,0.75578,1.00,1.00
2017.01.20 08:22:59.282,0.75571,0.75579,1.00,1.12
2017.01.20 08:22:59.494,0.75572,0.75581,1.00,3.19
2017.01.20 08:22:59.747,0.75571,0.75579,1.00,1.00
2017.01.20 08:23:00.495,0.75572,0.75579,1.00,1.50
2017.01.20 08:23:01.199,0.75572,0.75578,1.00,2.25
2017.01.20 08:23:01.709,0.75572,0.75579,1.00,1.50
2017.01.20 08:23:07.168,0.75572,0.75578,1.00,1.00
2017.01.20 08:23:10.056,0.75572,0.75579,1.00,1.00
2017.01.20 08:23:12.869,0.75572,0.7558,1.00,3.00
2017.01.20 08:23:14.509,0.75571,0.75581,1.87,1.25
2017.01.20 08:23:14.813,0.75573,0.75583,1.31,1.37
2017.01.20 08:23:15.177,0.75571,0.75581,1.50,2.06
2017.01.20 08:23:15.440,0.75572,0.75583,1.12,3.94
2017.01.20 08:23:15.746,0.75572,0.75581,1.37,1.00
2017.01.20 08:23:15.847,0.75571,0.7558,1.31,1.00
2017.01.20 08:23:16.303,0.75572,0.75582,1.00,3.00
2017.01.20 08:23:16.843,0.75572,0.75583,3.00,2.44
2017.01.20 08:23:17.240,0.75572,0.7558,1.12,1.00
2017.01.20 08:23:18.100,0.75571,0.75582,3.94,4.50
2017.01.20 08:23:18.806,0.75572,0.75582,1.37,3.00
2017.01.20 08:23:19.313,0.75572,0.75583,1.37,1.31
2017.01.20 08:23:19.816,0.75572,0.75582,1.00,1.00
2017.01.20 08:23:20.706,0.75572,0.75581,1.00,1.00
2017.01.20 08:23:20.757,0.75572,0.75579,1.00,1.00
2017.01.20 08:23:22.782,0.75572,0.75578,1.00,1.00
2017.01.20 08:23:24.503,0.75572,0.75579,1.00,3.00
2017.01.20 08:23:30.741,0.75572,0.7558,1.00,4.31
2017.01.20 08:23:31.301,0.75572,0.75579,1.00,1.50
2017.01.20 08:23:31.606,0.75572,0.75576,1.00,1.00
2017.01.20 08:23:31.707,0.7557,0.75576,1.00,1.50
2017.01.20 08:23:31.932,0.7557,0.75578,1.00,4.87
2017.01.20 08:23:32.559,0.75572,0.75578,1.00,2.62
2017.01.20 08:23:32.914,0.75569,0.75574,1.00,1.00
2017.01.20 08:23:33.118,0.75562,0.75572,2.25,1.69
2017.01.20 08:23:33.220,0.75561,0.75568,1.87,1.50
2017.01.20 08:23:33.734,0.75561,0.75569,1.00,1.50
2017.01.20 08:23:34.037,0.7556,0.75567,1.12,1.00
2017.01.20 08:23:34.139,0.7556,0.75569,1.12,1.50
2017.01.20 08:23:35.090,0.75561,0.75569,1.00,1.00
2017.01.20 08:23:35.343,0.75562,0.75572,3.75,1.69
2017.01.20 08:23:37.731,0.75563,0.75573,1.50,2.25
2017.01.20 08:23:37.934,0.75563,0.75574,4.50,1.87
2017.01.20 08:23:38.759,0.75564,0.75572,1.12,1.00
2017.01.20 08:23:39.290,0.75564,0.75573,1.87,1.00
2017.01.20 08:23:39.934,0.75566,0.75574,1.00,1.12
2017.01.20 08:23:40.036,0.75566,0.75576,2.25,1.50
2017.01.20 08:23:40.595,0.75566,0.75576,3.75,1.12
2017.01.20 08:23:42.227,0.75567,0.75577,1.87,2.25
2017.01.20 08:23:42.652,0.75569,0.75577,1.00,1.00
2017.01.20 08:23:43.115,0.75567,0.75577,3.00,1.00
2017.01.20 08:23:43.217,0.75566,0.75575,1.00,1.00
2017.01.20 08:23:43.522,0.75565,0.75573,1.25,1.00
2017.01.20 08:23:43.826,0.75567,0.75573,1.00,1.00
2017.01.20 08:23:43.877,0.75567,0.75577,1.50,2.62
2017.01.20 08:23:44.164,0.75569,0.75577,1.00,1.00
2017.01.20 08:23:44.469,0.75567,0.75573,1.87,1.00
2017.01.20 08:23:44.520,0.75567,0.75573,2.25,1.00
2017.01.20 08:23:44.571,0.75567,0.75576,1.50,1.00
2017.01.20 08:23:45.125,0.75567,0.75577,1.87,1.00
2017.01.20 08:23:46.153,0.75568,0.75577,3.00,1.00
2017.01.20 08:23:46.436,0.75571,0.75579,1.00,1.00
2017.01.20 08:23:46.588,0.75569,0.75579,1.50,1.50
2017.01.20 08:23:46.841,0.75568,0.75577,1.31,1.00
2017.01.20 08:23:47.349,0.75569,0.75578,1.00,1.50
2017.01.20 08:23:53.647,0.75568,0.75577,2.06,1.00
2017.01.20 08:23:54.628,0.75567,0.75577,4.87,1.12
2017.01.20 08:23:56.455,0.75568,0.75577,1.00,1.12
2017.01.20 08:23:57.423,0.75569,0.75577,1.00,1.12
2017.01.20 08:23:58.252,0.75569,0.75578,1.50,1.00
2017.01.20 08:24:01.383,0.75568,0.75577,3.56,1.00
2017.01.20 08:24:01.973,0.75568,0.75575,2.62,1.00
2017.01.20 08:24:02.500,0.75567,0.75575,1.37,1.00
2017.01.20 08:24:02.602,0.75567,0.75577,1.87,1.50
2017.01.20 08:24:03.181,0.75568,0.75578,1.87,3.37
2017.01.20 08:24:05.863,0.75568,0.75577,1.12,1.00
2017.01.20 08:24:06.690,0.75568,0.75578,1.12,2.25
2017.01.20 08:24:07.705,0.75567,0.75578,3.37,1.50
2017.01.20 08:24:07.806,0.75567,0.75576,3.37,1.00
2017.01.20 08:24:08.309,0.75567,0.75577,3.37,1.50
2017.01.20 08:24:16.065,0.75567,0.75577,4.12,1.50
2017.01.20 08:24:16.390,0.75565,0.75571,2.62,4.35
2017.01.20 08:24:16.441,0.75565,0.75571,1.00,4.35
2017.01.20 08:24:16.543,0.75564,0.75568,1.00,1.00
2017.01.20 08:24:16.594,0.75559,0.75568,5.25,1.00
2017.01.20 08:24:16.645,0.7556,0.75568,1.00,1.00
2017.01.20 08:24:17.636,0.75559,0.75567,4.50,1.00
2017.01.20 08:24:18.281,0.75559,0.75567,3.37,1.00
2017.01.20 08:24:19.201,0.75558,0.75565,1.37,1.00
2017.01.20 08:24:19.303,0.75558,0.75567,1.12,1.50
2017.01.20 08:24:19.862,0.75558,0.75567,3.75,1.00
2017.01.20 08:24:20.014,0.75558,0.75567,3.00,1.00
2017.01.20 08:24:21.690,0.75559,0.75568,1.00,1.00
2017.01.20 08:24:27.116,0.75563,0.75568,1.20,1.00
2017.01.20 08:24:27.217,0.75565,0.75571,2.25,1.12
2017.01.20 08:24:27.369,0.75565,0.75573,2.62,1.00
2017.01.20 08:24:27.471,0.75565,0.75573,1.12,1.00
2017.01.20 08:24:27.725,0.75565,0.75576,3.00,3.19
2017.01.20 08:24:28.389,0.75566,0.75576,1.00,1.69
2017.01.20 08:24:28.954,0.75565,0.75575,3.75,1.25
2017.01.20 08:24:29.739,0.75565,0.75574,4.12,1.00
2017.01.20 08:24:30.275,0.75566,0.75575,1.12,1.69
2017.01.20 08:24:30.658,0.75566,0.75573,1.50,1.00
2017.01.20 08:24:30.931,0.75563,0.75571,1.69,2.25
2017.01.20 08:24:32.549,0.7556,0.75569,4.87,1.00
2017.01.20 08:24:32.651,0.7556,0.75569,1.00,3.00
2017.01.20 08:24:34.628,0.75562,0.75571,1.00,1.69
2017.01.20 08:24:35.208,0.75562,0.75571,1.50,1.25
2017.01.20 08:24:37.465,0.75566,0.75572,1.50,1.00
2017.01.20 08:24:37.516,0.75566,0.75574,1.00,1.50
2017.01.20 08:24:37.619,0.75564,0.75574,3.19,1.00
2017.01.20 08:24:37.872,0.75566,0.75574,1.50,1.00
2017.01.20 08:24:37.923,0.75566,0.75576,1.50,1.31
2017.01.20 08:24:38.126,0.75566,0.75574,1.12,1.00
2017.01.20 08:24:38.662,0.75565,0.75575,1.87,1.12
2017.01.20 08:24:39.218,0.75565,0.75574,2.62,1.00
2017.01.20 08:24:39.548,0.75563,0.75569,1.00,1.00
2017.01.20 08:24:39.598,0.7556,0.75569,1.87,1.00
2017.01.20 08:24:39.650,0.7556,0.75567,1.37,1.00
2017.01.20 08:24:40.178,0.75559,0.75567,2.62,1.00
2017.01.20 08:24:42.020,0.75559,0.75566,1.87,1.00
2017.01.20 08:24:42.325,0.75557,0.75566,2.44,1.50
2017.01.20 08:24:42.693,0.75556,0.75564,1.50,1.00
2017.01.20 08:24:42.896,0.75553,0.75564,1.31,2.25
2017.01.20 08:24:42.997,0.75553,0.75562,1.31,1.00
2017.01.20 08:24:45.948,0.75556,0.75562,1.00,1.00
2017.01.20 08:24:45.999,0.75554,0.75562,1.87,1.00
2017.01.20 08:24:46.153,0.75557,0.75563,1.00,1.00
2017.01.20 08:24:46.255,0.75555,0.75565,2.62,1.50
2017.01.20 08:24:46.414,0.75554,0.75563,3.37,1.19
2017.01.20 08:24:46.604,0.75551,0.75561,1.69,1.00
2017.01.20 08:24:46.857,0.75553,0.75563,1.12,1.00
2017.01.20 08:24:47.373,0.75554,0.75563,1.00,1.00
2017.01.20 08:24:47.701,0.75556,0.75563,1.00,1.00
2017.01.20 08:24:47.752,0.75557,0.75566,1.00,3.00
2017.01.20 08:24:48.290,0.75558,0.75567,1.50,1.00
2017.01.20 08:24:48.812,0.75558,0.75568,1.37,2.25
2017.01.20 08:24:50.669,0.75559,0.75569,1.12,2.44
2017.01.20 08:24:51.489,0.75559,0.75569,1.12,2.44
2017.01.20 08:24:53.988,0.75562,0.75569,1.00,1.50
2017.01.20 08:24:54.039,0.75559,0.75569,1.31,1.50
2017.01.20 08:24:54.140,0.75559,0.7557,1.31,2.62
2017.01.20 08:24:54.652,0.75559,0.7557,1.25,3.37
2017.01.20 08:24:55.761,0.75559,0.7557,1.25,3.37
2017.01.20 08:24:56.511,0.7556,0.7557,1.50,4.12
2017.01.20 08:24:57.132,0.7556,0.7557,1.50,1.50
2017.01.20 08:24:59.411,0.7556,0.7557,1.50,1.12
2017.01.20 08:25:00.612,0.7556,0.7557,1.50,1.50
2017.01.20 08:25:01.152,0.7556,0.7557,3.37,3.00
2017.01.20 08:25:01.702,0.7556,0.7557,2.62,1.50
2017.01.20 08:25:01.753,0.75563,0.7557,2.25,1.00
2017.01.20 08:25:02.260,0.75562,0.75571,1.00,1.12
2017.01.20 08:25:02.800,0.75563,0.75572,1.00,1.37
2017.01.20 08:25:03.976,0.75562,0.75571,1.87,1.00
2017.01.20 08:25:04.389,0.7556,0.75569,3.37,1.00
2017.01.20 08:25:04.908,0.7556,0.75571,1.50,3.19
2017.01.20 08:25:05.414,0.75559,0.75569,2.81,1.12
2017.01.20 08:25:06.047,0.75558,0.75566,2.25,1.00
2017.01.20 08:25:06.098,0.75556,0.75566,1.69,1.00
2017.01.20 08:25:06.301,0.75554,0.75564,3.19,3.00
2017.01.20 08:25:06.841,0.75554,0.75563,3.19,1.00
2017.01.20 08:25:07.454,0.75556,0.75565,1.25,1.87
2017.01.20 08:25:07.577,0.75556,0.75566,1.69,3.75
2017.01.20 08:25:09.038,0.75557,0.75567,1.50,1.00
2017.01.20 08:25:09.590,0.75557,0.75568,1.50,5.06
2017.01.20 08:25:09.892,0.75557,0.75568,1.50,5.06
2017.01.20 08:25:10.837,0.75557,0.75568,1.50,4.31
2017.01.20 08:25:11.419,0.75556,0.75567,4.69,1.87
2017.01.20 08:25:11.957,0.75558,0.75568,1.00,4.31
2017.01.20 08:25:12.556,0.75558,0.75567,1.00,1.87
2017.01.20 08:25:13.024,0.75559,0.75567,1.00,1.50
2017.01.20 08:25:13.711,0.7556,0.75568,1.00,1.37
2017.01.20 08:25:13.964,0.75559,0.75567,1.00,1.37
2017.01.20 08:25:14.066,0.75555,0.75566,1.19,6.00
2017.01.20 08:25:14.167,0.75553,0.75563,1.50,1.50
2017.01.20 08:25:14.850,0.75552,0.75563,1.69,1.50
2017.01.20 08:25:15.410,0.75553,0.75563,1.50,1.50
2017.01.20 08:25:16.141,0.75554,0.75563,1.00,1.50
2017.01.20 08:25:16.332,0.75555,0.75565,3.00,1.87
2017.01.20 08:25:16.485,0.75556,0.75567,3.00,1.56
2017.01.20 08:25:16.991,0.75555,0.75559,4.50,1.87
2017.01.20 08:25:17.133,0.75555,0.75559,1.00,1.87
2017.01.20 08:25:17.205,0.7555,0.7556,1.12,3.37
2017.01.20 08:25:17.718,0.75549,0.7556,1.87,3.75
2017.01.20 08:25:24.660,0.7555,0.7556,2.62,4.50
2017.01.20 08:25:25.420,0.7555,0.7556,1.37,3.37
2017.01.20 08:25:28.011,0.75549,0.75559,1.87,1.00
2017.01.20 08:25:29.895,0.75549,0.75558,1.37,1.50
2017.01.20 08:25:30.047,0.75547,0.75556,8.06,1.00
2017.01.20 08:25:30.149,0.75549,0.75558,1.37,1.00
2017.01.20 08:25:30.675,0.75549,0.75558,1.00,1.00
2017.01.20 08:25:33.904,0.7555,0.75559,1.00,1.50
2017.01.20 08:25:35.535,0.75549,0.75558,1.69,1.00
2017.01.20 08:25:36.072,0.75549,0.75559,1.25,3.37
2017.01.20 08:25:38.436,0.7555,0.75559,1.00,1.50
2017.01.20 08:25:39.118,0.75549,0.75557,1.31,1.00
2017.01.20 08:25:39.839,0.75549,0.75558,1.31,1.50
2017.01.20 08:25:40.350,0.75549,0.75557,1.31,1.00
2017.01.20 08:25:40.666,0.75541,0.75549,2.62,1.87
2017.01.20 08:25:40.745,0.75539,0.75548,1.37,1.37
2017.01.20 08:25:40.846,0.75538,0.75546,1.00,1.87
2017.01.20 08:25:41.301,0.75539,0.75547,1.00,1.00
2017.01.20 08:25:41.460,0.75539,0.75545,1.00,1.00
2017.01.20 08:25:41.817,0.75538,0.75547,1.37,1.00
2017.01.20 08:25:42.042,0.75541,0.75548,1.00,1.00
2017.01.20 08:25:42.503,0.75538,0.75548,2.06,1.00
2017.01.20 08:25:43.008,0.75539,0.75547,1.25,1.00
2017.01.20 08:25:43.211,0.75541,0.75547,1.00,1.00
2017.01.20 08:25:43.566,0.75538,0.75547,2.44,1.00
2017.01.20 08:25:44.102,0.75539,0.75548,1.25,1.00
2017.01.20 08:25:44.850,0.75538,0.75547,1.69,1.87
2017.01.20 08:25:44.953,0.75538,0.75545,1.19,1.00
2017.01.20 08:25:45.206,0.7554,0.75548,1.00,1.00
2017.01.20 08:25:45.502,0.75538,0.75546,1.19,1.00
2017.01.20 08:25:45.557,0.75536,0.75545,1.00,1.00
2017.01.20 08:25:46.059,0.75536,0.75545,1.12,2.62
2017.01.20 08:25:46.717,0.75536,0.75545,1.12,1.12
2017.01.20 08:25:47.049,0.75535,0.75543,5.62,1.00
2017.01.20 08:25:47.791,0.75536,0.75543,1.00,1.00
2017.01.20 08:25:47.842,0.75537,0.75546,1.00,1.12
2017.01.20 08:25:47.893,0.75536,0.75543,1.00,1.00
2017.01.20 08:25:48.146,0.75531,0.7554,5.06,1.00
2017.01.20 08:25:48.725,0.75531,0.75541,1.69,1.00
2017.01.20 08:25:49.123,0.75534,0.75542,1.00,1.00
2017.01.20 08:25:49.276,0.75536,0.75545,1.12,1.87
2017.01.20 08:25:49.379,0.75535,0.75543,2.25,1.19
2017.01.20 08:25:49.430,0.75536,0.75543,1.00,1.00
2017.01.20 08:25:49.582,0.75533,0.75542,1.50,1.00
2017.01.20 08:25:49.683,0.75532,0.75542,2.44,1.00
2017.01.20 08:25:50.217,0.75532,0.75542,2.44,3.00
2017.01.20 08:25:50.831,0.75532,0.75542,1.69,1.00
2017.01.20 08:25:51.034,0.75535,0.75543,2.25,1.12
2017.01.20 08:25:51.287,0.7554,0.7555,1.00,2.06
2017.01.20 08:25:51.792,0.75539,0.7555,1.00,2.06
2017.01.20 08:25:53.178,0.75538,0.75547,2.62,1.50
2017.01.20 08:25:53.482,0.75539,0.75545,1.00,1.00
2017.01.20 08:25:53.584,0.75537,0.75545,1.25,1.00
2017.01.20 08:25:53.837,0.75534,0.75542,4.31,1.00
2017.01.20 08:25:53.938,0.75534,0.75542,1.12,1.00
2017.01.20 08:25:53.989,0.75532,0.75542,1.50,1.00
2017.01.20 08:25:54.518,0.75531,0.75541,8.81,1.00
2017.01.20 08:25:55.057,0.75532,0.75542,1.37,1.00
2017.01.20 08:25:55.260,0.75537,0.75543,1.00,1.00
2017.01.20 08:25:55.394,0.75537,0.75545,1.12,1.00
2017.01.20 08:25:55.845,0.75535,0.75545,2.44,1.00
2017.01.20 08:25:56.386,0.75537,0.75544,1.00,1.00
2017.01.20 08:25:56.863,0.75537,0.75546,1.00,1.00
2017.01.20 08:25:57.873,0.75536,0.75546,1.12,1.00
2017.01.20 08:25:57.924,0.75536,0.75544,1.00,1.00
2017.01.20 08:25:58.252,0.75534,0.75542,1.50,1.00
2017.01.20 08:25:58.353,0.75532,0.75541,1.87,1.00
2017.01.20 08:25:58.903,0.75533,0.75541,1.00,1.00
2017.01.20 08:25:59.464,0.75533,0.75541,1.37,1.00
2017.01.20 08:26:00.054,0.75532,0.75541,4.12,1.50
2017.01.20 08:26:00.474,0.75534,0.75543,1.50,1.00
2017.01.20 08:26:00.576,0.75535,0.75545,1.12,1.00
2017.01.20 08:26:00.829,0.75534,0.75543,1.25,1.50
2017.01.20 08:26:01.331,0.75533,0.75543,1.00,1.87
2017.01.20 08:26:02.713,0.75533,0.75541,1.00,1.00
2017.01.20 08:26:03.632,0.75534,0.75542,3.94,1.00
2017.01.20 08:26:03.734,0.75536,0.75545,1.69,1.00
2017.01.20 08:26:03.785,0.75537,0.75547,1.87,1.00
2017.01.20 08:26:03.887,0.75537,0.75548,4.12,1.50
2017.01.20 08:26:04.191,0.75534,0.75543,3.71,1.00
2017.01.20 08:26:04.297,0.75534,0.75546,5.21,2.25
2017.01.20 08:26:05.402,0.75536,0.75547,2.62,1.69
2017.01.20 08:26:05.605,0.75536,0.75546,1.12,1.50
2017.01.20 08:26:06.170,0.75537,0.75547,1.00,3.19
2017.01.20 08:26:06.862,0.75538,0.75547,1.00,1.12
2017.01.20 08:26:07.373,0.75536,0.75546,2.81,1.00
2017.01.20 08:26:07.904,0.75537,0.75547,1.50,2.25
2017.01.20 08:26:08.497,0.75537,0.75546,1.50,1.00
2017.01.20 08:26:09.888,0.75538,0.75546,1.00,1.00
2017.01.20 08:26:09.989,0.75534,0.75539,5.62,1.37
2017.01.20 08:26:10.091,0.75528,0.75537,1.87,1.00
2017.01.20 08:26:10.263,0.75528,0.75535,1.00,1.00
2017.01.20 08:26:10.314,0.75526,0.75535,1.50,1.00
2017.01.20 08:26:10.568,0.75527,0.75536,2.44,1.00
2017.01.20 08:26:10.670,0.75528,0.75538,1.00,1.12
2017.01.20 08:26:10.795,0.75527,0.75536,5.44,1.00
2017.01.20 08:26:11.037,0.75528,0.75538,1.37,2.62
2017.01.20 08:26:11.559,0.75528,0.75537,1.50,1.00
2017.01.20 08:26:11.694,0.75526,0.75537,4.31,1.12
2017.01.20 08:26:12.413,0.75526,0.75537,6.56,1.12
2017.01.20 08:26:12.565,0.75526,0.75535,5.44,1.00
2017.01.20 08:26:13.279,0.75526,0.75535,3.94,1.00
2017.01.20 08:26:14.684,0.75526,0.75534,1.69,1.00
2017.01.20 08:26:14.989,0.75527,0.75531,1.00,1.12
2017.01.20 08:26:15.248,0.75521,0.7553,1.50,1.00
2017.01.20 08:26:15.309,0.75524,0.7553,2.62,1.00
2017.01.20 08:26:15.360,0.75525,0.75533,2.62,1.00
2017.01.20 08:26:15.571,0.75523,0.75532,1.12,1.12
2017.01.20 08:26:15.622,0.75522,0.7553,1.00,1.00
2017.01.20 08:26:15.723,0.75519,0.75529,1.50,1.12
2017.01.20 08:26:15.774,0.75519,0.75527,1.50,1.00
2017.01.20 08:26:16.598,0.75519,0.75528,1.00,3.37
2017.01.20 08:26:19.714,0.75519,0.75529,1.00,4.31
2017.01.20 08:26:20.271,0.75519,0.75529,1.37,4.31
2017.01.20 08:26:22.668,0.75518,0.75527,2.25,1.00
2017.01.20 08:26:22.719,0.75517,0.75527,2.44,1.00
2017.01.20 08:26:23.784,0.75519,0.75527,1.00,1.50
2017.01.20 08:26:24.313,0.75519,0.75528,1.00,1.50
2017.01.20 08:26:25.025,0.75518,0.75528,2.25,1.50
2017.01.20 08:26:27.333,0.75519,0.75528,1.50,1.00
2017.01.20 08:26:27.536,0.75525,0.75534,1.50,1.00
2017.01.20 08:26:27.638,0.75526,0.75536,3.00,2.25
2017.01.20 08:26:27.739,0.75525,0.75536,1.87,2.62
2017.01.20 08:26:28.290,0.75525,0.75535,1.37,1.00
2017.01.20 08:26:28.795,0.75525,0.75536,1.87,1.12
2017.01.20 08:26:28.947,0.75526,0.75536,2.25,1.12
2017.01.20 08:26:29.500,0.75528,0.75537,1.00,1.69
2017.01.20 08:26:31.091,0.75526,0.75533,4.12,1.00
2017.01.20 08:26:31.142,0.75526,0.75534,1.87,1.50
2017.01.20 08:26:31.194,0.75526,0.7553,1.12,1.00
2017.01.20 08:26:31.295,0.75522,0.75529,1.00,1.12
2017.01.20 08:26:31.464,0.75519,0.75529,2.44,2.62
2017.01.20 08:26:31.515,0.75523,0.75529,1.00,1.12
2017.01.20 08:26:31.617,0.75523,0.75532,1.87,1.50
2017.01.20 08:26:31.774,0.75525,0.75532,1.00,1.00
2017.01.20 08:26:31.826,0.75525,0.75534,1.00,1.50
2017.01.20 08:26:32.364,0.75525,0.75535,3.37,1.87
2017.01.20 08:26:32.907,0.75524,0.75533,2.62,1.00
2017.01.20 08:26:33.211,0.75523,0.75529,2.25,1.00
2017.01.20 08:26:33.262,0.7552,0.75529,3.56,1.12
2017.01.20 08:26:33.667,0.7552,0.75526,2.25,1.00
2017.01.20 08:26:33.769,0.75517,0.75525,3.56,1.00
2017.01.20 08:26:33.921,0.75518,0.75527,1.31,1.00
2017.01.20 08:26:34.244,0.7552,0.75528,1.00,1.00
2017.01.20 08:26:34.346,0.7552,0.7553,2.44,1.00
2017.01.20 08:26:34.549,0.75521,0.75529,1.75,1.00
2017.01.20 08:26:34.752,0.7552,0.75528,1.25,1.00
2017.01.20 08:26:35.518,0.7552,0.75527,1.25,1.00
2017.01.20 08:26:38.044,0.75518,0.75526,1.69,1.00
2017.01.20 08:26:38.228,0.75518,0.75528,1.69,1.12
2017.01.20 08:26:38.331,0.75517,0.75526,2.06,1.00
2017.01.20 08:26:38.483,0.75517,0.75526,1.25,1.00
2017.01.20 08:26:38.993,0.75517,0.75527,2.44,1.50
2017.01.20 08:26:39.246,0.75517,0.75527,4.31,1.50
2017.01.20 08:26:39.747,0.75517,0.75527,2.44,1.00
2017.01.20 08:26:40.146,0.75519,0.75529,1.00,2.06
2017.01.20 08:26:40.922,0.75518,0.75529,1.50,1.69
2017.01.20 08:26:41.444,0.75519,0.75529,1.00,1.25
2017.01.20 08:26:44.193,0.75518,0.75529,4.50,1.25
2017.01.20 08:26:45.146,0.75518,0.75528,2.62,1.00
2017.01.20 08:26:45.660,0.75518,0.75529,2.62,3.19
2017.01.20 08:26:46.967,0.75518,0.75529,1.87,1.25
2017.01.20 08:26:50.038,0.7552,0.75529,1.00,1.25
2017.01.20 08:26:50.545,0.75519,0.75527,1.62,1.00
2017.01.20 08:26:51.057,0.75519,0.75528,2.06,1.00
2017.01.20 08:26:55.106,0.7552,0.75528,1.87,1.00
2017.01.20 08:26:55.393,0.75523,0.75533,3.75,1.69
2017.01.20 08:26:55.646,0.75523,0.7553,1.00,1.00
2017.01.20 08:26:55.697,0.75521,0.75529,1.12,1.00
2017.01.20 08:26:56.316,0.7552,0.75529,1.12,1.50
2017.01.20 08:26:59.016,0.75519,0.75529,2.81,1.12
2017.01.20 08:26:59.542,0.75519,0.75529,2.44,1.00
2017.01.20 08:27:00.045,0.75519,0.7553,3.94,2.25
2017.01.20 08:27:00.860,0.75521,0.75531,1.00,3.37
2017.01.20 08:27:01.079,0.75521,0.75528,1.00,1.00
2017.01.20 08:27:01.231,0.75519,0.75527,1.00,1.50
2017.01.20 08:27:01.281,0.75519,0.75525,1.00,1.00
2017.01.20 08:27:01.383,0.75519,0.75527,1.50,1.00
2017.01.20 08:27:01.484,0.75519,0.75529,1.35,1.69
2017.01.20 08:27:01.738,0.75521,0.75529,1.31,1.50
2017.01.20 08:27:01.890,0.75522,0.75531,2.25,1.00
2017.01.20 08:27:02.542,0.75522,0.75531,4.12,1.00
2017.01.20 08:27:03.054,0.75522,0.7553,3.37,1.00
2017.01.20 08:27:03.155,0.75524,0.75531,3.37,1.00
2017.01.20 08:27:03.461,0.75525,0.75534,2.00,1.00
2017.01.20 08:27:03.986,0.75525,0.75535,2.06,1.50
2017.01.20 08:27:04.289,0.75523,0.75532,4.69,1.00
2017.01.20 08:27:04.593,0.75526,0.75534,1.00,1.00
2017.01.20 08:27:05.116,0.75527,0.75535,1.50,1.00
2017.01.20 08:27:05.700,0.75527,0.75537,1.50,2.06
2017.01.20 08:27:05.971,0.75527,0.75535,1.50,1.00
2017.01.20 08:27:06.292,0.75524,0.75533,4.12,1.00
2017.01.20 08:27:06.343,0.75524,0.75533,2.25,1.00
2017.01.20 08:27:06.596,0.75525,0.75535,4.31,1.50
2017.01.20 08:27:07.180,0.75525,0.75535,4.31,1.87
2017.01.20 08:27:08.455,0.75524,0.75533,2.06,1.00
2017.01.20 08:27:08.708,0.75523,0.75531,1.00,1.50
2017.01.20 08:27:09.221,0.75522,0.75532,1.69,1.50
2017.01.20 08:27:10.087,0.75521,0.75529,1.56,1.00
2017.01.20 08:27:10.188,0.7552,0.75531,4.69,1.00
2017.01.20 08:27:10.852,0.75521,0.7553,1.31,1.00
2017.01.20 08:27:11.728,0.75522,0.75533,2.06,2.62
2017.01.20 08:27:12.190,0.75522,0.75531,2.81,1.00
2017.01.20 08:27:15.208,0.75523,0.75531,1.00,1.00
2017.01.20 08:27:15.743,0.75521,0.7553,3.19,1.00
2017.01.20 08:27:16.161,0.75524,0.75532,2.25,1.00
2017.01.20 08:27:16.263,0.75525,0.75534,1.31,1.00
2017.01.20 08:27:16.365,0.75526,0.75536,1.87,1.12
2017.01.20 08:27:16.874,0.75527,0.75537,2.62,1.25
2017.01.20 08:27:17.385,0.75528,0.75536,1.00,1.00
2017.01.20 08:27:23.357,0.75529,0.75536,1.00,1.00
2017.01.20 08:27:23.862,0.75529,0.75538,1.50,1.19
2017.01.20 08:27:25.482,0.7553,0.75538,1.00,1.00
2017.01.20 08:27:26.025,0.75528,0.75538,3.19,1.35
2017.01.20 08:27:26.533,0.75528,0.75537,3.19,1.00
2017.01.20 08:27:28.459,0.75526,0.75535,1.50,1.00
2017.01.20 08:27:28.561,0.75525,0.75535,2.62,1.00
2017.01.20 08:27:29.099,0.75525,0.75536,2.62,1.12
2017.01.20 08:27:31.375,0.75525,0.75536,1.50,1.12
2017.01.20 08:27:31.898,0.75527,0.75536,1.00,1.00
2017.01.20 08:27:32.050,0.75525,0.75535,4.50,1.00
2017.01.20 08:27:32.556,0.75525,0.75536,3.37,1.12
2017.01.20 08:27:33.468,0.75525,0.75535,3.37,1.00
2017.01.20 08:27:34.385,0.75527,0.75535,1.00,1.00
2017.01.20 08:27:35.558,0.75525,0.75535,3.37,1.00
2017.01.20 08:27:35.763,0.75523,0.75531,1.12,1.00
2017.01.20 08:27:36.265,0.75522,0.75531,1.25,1.87
2017.01.20 08:27:36.981,0.75522,0.7553,1.25,1.00
2017.01.20 08:27:37.133,0.7552,0.75529,1.50,1.00
2017.01.20 08:27:37.688,0.75519,0.75529,3.19,1.50
2017.01.20 08:27:38.243,0.75519,0.75528,3.19,1.00
2017.01.20 08:27:38.811,0.75519,0.75528,4.91,1.00
2017.01.20 08:27:38.862,0.75522,0.7553,1.50,1.00
2017.01.20 08:27:39.222,0.7552,0.7553,1.50,1.12
2017.01.20 08:27:39.770,0.7552,0.75528,1.12,1.00
2017.01.20 08:27:40.276,0.75521,0.7553,1.50,1.00
2017.01.20 08:27:40.782,0.7552,0.75531,3.00,2.44
2017.01.20 08:27:41.000,0.7552,0.75528,1.50,1.00
2017.01.20 08:27:41.543,0.75519,0.75528,1.69,1.00
2017.01.20 08:27:42.054,0.75519,0.75529,2.44,1.12
2017.01.20 08:27:43.764,0.75519,0.7553,3.94,1.50
2017.01.20 08:27:44.772,0.7552,0.7553,1.00,1.50
2017.01.20 08:27:45.275,0.7552,0.75528,1.00,3.00
2017.01.20 08:27:45.377,0.75518,0.75527,2.62,3.22
2017.01.20 08:27:45.428,0.75518,0.75527,2.62,3.00
2017.01.20 08:27:45.698,0.75515,0.75524,1.50,1.00
2017.01.20 08:27:45.753,0.75513,0.75523,2.62,1.00
2017.01.20 08:27:45.855,0.75512,0.75522,4.50,3.00
2017.01.20 08:27:46.108,0.75509,0.75521,2.62,3.94
2017.01.20 08:27:46.314,0.75509,0.75519,2.25,1.00
2017.01.20 08:27:46.820,0.75509,0.7552,7.12,1.12
2017.01.20 08:27:47.124,0.75514,0.75525,1.50,4.69
2017.01.20 08:27:47.278,0.75517,0.75528,1.12,2.81
2017.01.20 08:27:47.695,0.75519,0.75529,1.00,2.44
2017.01.20 08:27:47.999,0.75518,0.7553,3.00,3.37
2017.01.20 08:27:48.152,0.7552,0.7553,1.00,3.37
2017.01.20 08:27:48.659,0.7552,0.75529,1.00,1.00
2017.01.20 08:27:50.109,0.75519,0.7553,3.00,1.50
2017.01.20 08:27:50.663,0.75519,0.75529,1.50,1.00
2017.01.20 08:27:51.173,0.75519,0.75529,3.75,1.19
2017.01.20 08:27:54.937,0.75521,0.75529,1.50,1.19
2017.01.20 08:27:56.796,0.7552,0.75529,1.00,1.31
2017.01.20 08:27:57.341,0.75519,0.75529,2.62,2.06
2017.01.20 08:28:01.315,0.75518,0.75527,5.25,1.00
2017.01.20 08:28:01.865,0.75518,0.75527,1.50,1.00
2017.01.20 08:28:02.238,0.75521,0.75529,2.25,1.19
2017.01.20 08:28:02.340,0.75519,0.75529,2.62,1.19
2017.01.20 08:28:05.352,0.75521,0.75529,1.00,1.69
2017.01.20 08:28:07.708,0.75522,0.75529,1.00,1.19
2017.01.20 08:28:07.759,0.75524,0.75531,1.50,1.12
2017.01.20 08:28:07.912,0.75526,0.75533,1.50,1.87
2017.01.20 08:28:08.064,0.75528,0.75536,1.50,2.44
2017.01.20 08:28:08.525,0.75525,0.75534,1.87,1.12
2017.01.20 08:28:08.931,0.75523,0.75534,2.62,3.19
2017.01.20 08:28:14.018,0.75523,0.75532,1.50,1.00
2017.01.20 08:28:14.669,0.75523,0.75533,1.50,2.44
2017.01.20 08:28:15.941,0.75522,0.75532,1.50,1.50
2017.01.20 08:28:18.107,0.75521,0.7553,1.87,2.25
2017.01.20 08:28:18.410,0.75519,0.75526,3.37,1.00
2017.01.20 08:28:18.924,0.75519,0.75528,1.37,1.00
2017.01.20 08:28:21.370,0.75522,0.75528,1.00,1.00
2017.01.20 08:28:21.775,0.7552,0.7553,1.50,2.06
2017.01.20 08:28:23.893,0.75522,0.7553,1.50,1.00
2017.01.20 08:28:24.466,0.7552,0.7553,1.50,1.00
2017.01.20 08:28:24.896,0.75523,0.75532,1.00,3.56
2017.01.20 08:28:24.997,0.75523,0.75532,4.50,1.25
2017.01.20 08:28:25.503,0.75524,0.75532,1.00,1.25
2017.01.20 08:28:26.227,0.75524,0.75532,1.50,1.25
2017.01.20 08:28:26.633,0.75523,0.75532,3.00,1.25
2017.01.20 08:28:27.341,0.7552,0.75529,1.50,1.69
2017.01.20 08:28:27.411,0.75518,0.7553,4.50,2.81
2017.01.20 08:28:27.462,0.75518,0.75529,1.50,1.25
2017.01.20 08:28:27.884,0.75519,0.75529,1.87,1.25
2017.01.20 08:28:32.963,0.75519,0.7553,2.62,1.56
2017.01.20 08:28:35.773,0.75521,0.7553,1.12,1.69
2017.01.20 08:28:39.404,0.75522,0.7553,1.00,1.19
2017.01.20 08:28:39.772,0.75519,0.7553,3.37,2.44
2017.01.20 08:28:46.545,0.7552,0.7553,1.50,1.69
2017.01.20 08:28:49.771,0.7552,0.75529,2.25,1.25
2017.01.20 08:28:49.923,0.75519,0.75529,1.00,1.69
2017.01.20 08:28:50.432,0.75518,0.75529,3.00,2.44
2017.01.20 08:28:53.929,0.75518,0.75528,2.25,1.00
2017.01.20 08:28:54.031,0.75517,0.75526,1.87,1.25
2017.01.20 08:28:56.003,0.75518,0.75526,1.00,1.25
2017.01.20 08:28:56.254,0.75515,0.75526,4.50,1.31
2017.01.20 08:28:56.822,0.75516,0.75525,1.00,1.50
2017.01.20 08:29:00.595,0.75518,0.75526,1.00,1.31
2017.01.20 08:29:01.250,0.75517,0.75526,1.00,1.25
2017.01.20 08:29:01.795,0.75517,0.75526,1.50,1.25
2017.01.20 08:29:03.486,0.75516,0.75525,1.50,1.00
2017.01.20 08:29:03.739,0.75517,0.75524,1.50,1.00
2017.01.20 08:29:03.790,0.75517,0.75526,1.50,1.25
2017.01.20 08:29:04.774,0.75518,0.75526,1.50,1.25
2017.01.20 08:29:04.828,0.75519,0.75529,1.50,2.81
2017.01.20 08:29:05.375,0.75519,0.7553,2.62,2.44
2017.01.20 08:29:05.881,0.75519,0.75528,1.50,1.00
2017.01.20 08:29:12.891,0.7552,0.75527,1.00,1.00
2017.01.20 08:29:12.993,0.7552,0.7553,1.00,2.06
2017.01.20 08:29:13.539,0.75521,0.7553,1.00,1.19
2017.01.20 08:29:14.124,0.7552,0.7553,1.87,2.44
2017.01.20 08:29:14.630,0.75519,0.75528,1.00,1.00
2017.01.20 08:29:15.151,0.75518,0.75528,1.00,1.00
2017.01.20 08:29:15.972,0.75518,0.75528,1.50,1.35
2017.01.20 08:29:16.497,0.75518,0.75527,1.00,1.50
2017.01.20 08:29:19.358,0.75518,0.75527,2.62,1.00
2017.01.20 08:29:20.700,0.75519,0.75529,1.00,1.31
2017.01.20 08:29:21.624,0.75519,0.75527,1.00,1.00
2017.01.20 08:29:21.776,0.75516,0.75525,1.00,2.25
2017.01.20 08:29:21.928,0.75516,0.75523,1.00,1.00
2017.01.20 08:29:22.138,0.75514,0.75523,2.62,1.00
2017.01.20 08:29:22.455,0.75516,0.75523,1.00,1.00
2017.01.20 08:29:22.525,0.75516,0.75526,1.12,2.44
2017.01.20 08:29:23.092,0.75515,0.75526,2.62,4.69
2017.01.20 08:29:23.503,0.75515,0.75525,1.00,4.27
2017.01.20 08:29:23.915,0.75516,0.75526,1.00,1.69
2017.01.20 08:29:24.421,0.75517,0.75526,3.00,1.25
2017.01.20 08:29:24.939,0.75519,0.75526,1.50,1.25
2017.01.20 08:29:27.077,0.75519,0.75529,1.00,1.25
2017.01.20 08:29:27.615,0.75519,0.75529,1.37,2.06
2017.01.20 08:29:28.224,0.75518,0.75529,2.62,2.06
2017.01.20 08:29:28.760,0.75518,0.75527,1.37,2.25
2017.01.20 08:29:29.013,0.75514,0.75524,1.50,4.12
2017.01.20 08:29:29.064,0.75516,0.75524,1.00,2.62
2017.01.20 08:29:29.692,0.75515,0.75525,2.62,1.00
2017.01.20 08:29:30.488,0.75517,0.75525,1.00,1.00
2017.01.20 08:29:30.792,0.75518,0.75526,1.50,1.25
2017.01.20 08:29:30.995,0.75517,0.75525,1.00,1.00
2017.01.20 08:29:31.046,0.75515,0.75525,1.87,1.00
2017.01.20 08:29:31.096,0.75516,0.75526,1.50,2.44
2017.01.20 08:29:31.613,0.75516,0.75526,1.37,1.25
2017.01.20 08:29:32.136,0.75515,0.75526,2.25,2.44
2017.01.20 08:29:32.237,0.75515,0.75524,2.25,1.00
2017.01.20 08:29:32.660,0.75515,0.75526,3.75,1.69
2017.01.20 08:29:33.506,0.75517,0.75526,1.00,1.69
2017.01.20 08:29:34.056,0.75518,0.75526,1.00,1.25
2017.01.20 08:29:34.624,0.75519,0.75526,1.00,1.25
2017.01.20 08:29:34.877,0.75519,0.75529,1.00,1.69
2017.01.20 08:29:35.427,0.75519,0.75529,2.62,1.19
2017.01.20 08:29:35.998,0.75518,0.75529,3.75,2.06
2017.01.20 08:29:37.854,0.75518,0.75527,1.37,1.00
2017.01.20 08:29:37.956,0.75517,0.75528,1.87,5.44
2017.01.20 08:29:38.461,0.75516,0.75525,1.50,1.25
2017.01.20 08:29:39.650,0.75515,0.75525,5.25,1.25
2017.01.20 08:29:43.784,0.75517,0.75525,1.00,1.25
2017.01.20 08:29:44.106,0.75515,0.75523,3.75,1.00
2017.01.20 08:29:44.468,0.75516,0.75526,1.00,2.06
2017.01.20 08:29:44.969,0.75516,0.75526,1.87,1.69
2017.01.20 08:29:45.627,0.75516,0.75525,1.50,1.00
2017.01.20 08:29:46.172,0.75516,0.75526,1.12,1.25
2017.01.20 08:29:46.682,0.75517,0.75527,1.50,1.19
2017.01.20 08:29:47.226,0.75517,0.75527,1.00,1.19
2017.01.20 08:29:47.530,0.75515,0.75526,1.12,2.06
2017.01.20 08:29:47.632,0.75515,0.75526,2.62,1.31
2017.01.20 08:29:48.133,0.75517,0.75525,1.37,2.29
2017.01.20 08:29:48.436,0.75512,0.75521,1.50,1.25
2017.01.20 08:29:48.971,0.75512,0.75521,1.00,1.25
2017.01.20 08:29:49.174,0.7551,0.75519,3.00,1.00
2017.01.20 08:29:49.843,0.7551,0.75518,1.12,1.00
2017.01.20 08:29:50.786,0.75511,0.75518,1.00,1.00
2017.01.20 08:29:51.293,0.75511,0.75517,1.00,1.00
2017.01.20 08:29:52.317,0.7551,0.75517,1.50,1.00
2017.01.20 08:29:52.823,0.7551,0.75518,1.00,1.00
2017.01.20 08:29:53.421,0.75511,0.75518,1.00,1.00
2017.01.20 08:29:59.091,0.75511,0.75518,1.00,3.19
2017.01.20 08:29:59.193,0.75508,0.75516,1.12,1.50
2017.01.20 08:30:00.384,0.75509,0.75516,1.00,1.00
2017.01.20 08:30:00.801,0.75509,0.75514,1.00,1.00
2017.01.20 08:30:01.329,0.75509,0.75515,1.00,1.00
2017.01.20 08:30:01.698,0.75507,0.75515,1.12,1.00
2017.01.20 08:30:02.119,0.75507,0.75517,1.87,1.69
2017.01.20 08:30:02.604,0.75507,0.75515,3.00,1.00
2017.01.20 08:30:02.930,0.75507,0.75512,1.00,1.00
2017.01.20 08:30:02.981,0.75504,0.75512,1.00,1.25
2017.01.20 08:30:03.032,0.75503,0.75511,3.37,1.50
2017.01.20 08:30:03.397,0.75502,0.75508,1.00,2.25
2017.01.20 08:30:03.448,0.755,0.75508,1.00,2.25
2017.01.20 08:30:03.954,0.75499,0.75508,2.47,1.12
2017.01.20 08:30:04.467,0.75499,0.75509,2.10,1.12
2017.01.20 08:30:05.003,0.75501,0.7551,1.00,1.00
2017.01.20 08:30:05.054,0.75502,0.7551,2.10,1.00
2017.01.20 08:30:05.206,0.75503,0.75512,3.60,1.12
2017.01.20 08:30:05.829,0.75503,0.75511,1.30,1.00
2017.01.20 08:30:06.342,0.75504,0.75512,3.60,1.00
2017.01.20 08:30:06.919,0.75504,0.75514,2.25,1.25
2017.01.20 08:30:07.071,0.75504,0.75512,1.00,1.00
2017.01.20 08:30:07.195,0.75502,0.75511,3.37,1.00
2017.01.20 08:30:07.550,0.75503,0.75512,1.67,1.00
2017.01.20 08:30:08.064,0.75502,0.75513,6.97,1.00
2017.01.20 08:30:08.371,0.75504,0.75511,1.00,1.19
2017.01.20 08:30:11.398,0.75502,0.7551,2.47,1.19
2017.01.20 08:30:11.651,0.755,0.7551,3.60,1.19
2017.01.20 08:30:12.040,0.75503,0.75511,1.30,1.69
2017.01.20 08:30:12.586,0.75503,0.75511,2.85,1.19
2017.01.20 08:30:13.121,0.75503,0.75511,1.00,1.19
2017.01.20 08:30:15.217,0.75502,0.75511,1.35,1.69
2017.01.20 08:30:15.522,0.755,0.75504,3.00,1.00
2017.01.20 08:30:15.867,0.75492,0.75499,2.25,1.87
2017.01.20 08:30:15.918,0.7549,0.75497,1.00,1.00
2017.01.20 08:30:16.020,0.75488,0.75498,1.00,1.50
2017.01.20 08:30:16.526,0.75488,0.75498,1.12,2.44
2017.01.20 08:30:17.594,0.75488,0.75495,1.12,1.00
2017.01.20 08:30:17.811,0.75488,0.75497,1.12,1.69
2017.01.20 08:30:18.826,0.75488,0.75496,1.12,1.00
2017.01.20 08:30:21.411,0.75488,0.75498,1.12,1.19
2017.01.20 08:30:23.928,0.75492,0.75497,1.00,1.00
2017.01.20 08:30:24.031,0.75491,0.755,1.72,1.12
2017.01.20 08:30:24.445,0.7549,0.75498,2.62,1.00
2017.01.20 08:30:24.515,0.75491,0.755,1.12,1.00
2017.01.20 08:30:25.235,0.75495,0.755,1.50,1.00
2017.01.20 08:30:25.336,0.75497,0.75504,1.00,1.12
2017.01.20 08:30:25.539,0.75498,0.75508,1.00,1.31
2017.01.20 08:30:26.086,0.75498,0.75507,1.50,1.00
2017.01.20 08:30:27.398,0.75498,0.75506,1.50,1.00
2017.01.20 08:30:28.854,0.75497,0.75505,1.50,1.00
2017.01.20 08:30:28.906,0.75496,0.75505,1.12,1.00
2017.01.20 08:30:29.412,0.75496,0.75506,1.50,1.00
2017.01.20 08:30:30.028,0.75496,0.75505,1.50,1.00
2017.01.20 08:30:30.861,0.75495,0.75504,2.25,1.00
2017.01.20 08:30:31.367,0.75494,0.75504,2.02,1.50
2017.01.20 08:30:31.740,0.75494,0.75503,1.00,3.19
2017.01.20 08:30:31.842,0.75491,0.75501,1.50,2.06
2017.01.20 08:30:32.044,0.75491,0.75499,1.37,1.00
2017.01.20 08:30:32.145,0.7549,0.75501,3.22,1.31
2017.01.20 08:30:32.714,0.75492,0.75501,1.50,1.31
2017.01.20 08:30:32.922,0.75492,0.75502,1.50,2.44
2017.01.20 08:30:33.124,0.75491,0.75499,1.37,1.00
2017.01.20 08:30:33.175,0.7549,0.75499,3.00,1.00
2017.01.20 08:30:33.632,0.75488,0.75497,2.25,1.00
2017.01.20 08:30:34.486,0.75488,0.75497,2.85,1.00
2017.01.20 08:30:35.038,0.75488,0.75497,1.87,1.00
2017.01.20 08:30:35.464,0.75487,0.75495,1.00,1.19
2017.01.20 08:30:35.926,0.75487,0.75497,2.25,1.31
2017.01.20 08:30:38.270,0.7549,0.75499,1.00,1.12
2017.01.20 08:30:38.666,0.75488,0.75497,1.50,1.50
2017.01.20 08:30:45.646,0.7549,0.75497,1.00,1.25
2017.01.20 08:30:47.910,0.75489,0.75499,1.12,3.56
2017.01.20 08:30:48.214,0.75491,0.75499,1.00,1.00
2017.01.20 08:30:48.517,0.75489,0.75499,3.37,1.00
2017.01.20 08:30:49.060,0.75489,0.75498,2.25,1.00
2017.01.20 08:30:49.972,0.75491,0.75498,1.00,1.00
2017.01.20 08:30:50.175,0.75492,0.75501,1.00,1.31
2017.01.20 08:30:53.678,0.75493,0.75502,1.12,1.19
2017.01.20 08:30:54.829,0.75493,0.75502,1.12,1.00
2017.01.20 08:30:55.025,0.75496,0.75502,1.00,1.00
2017.01.20 08:30:55.228,0.75497,0.75505,2.25,1.00
2017.01.20 08:30:55.279,0.75498,0.75507,1.12,1.25
2017.01.20 08:30:55.778,0.75497,0.75503,1.12,1.00
2017.01.20 08:30:56.033,0.75492,0.75501,2.62,1.31
2017.01.20 08:30:56.084,0.7549,0.75499,4.87,1.00
2017.01.20 08:30:56.135,0.7549,0.75499,3.00,1.00
2017.01.20 08:30:56.337,0.7549,0.75499,3.97,1.00
2017.01.20 08:30:56.388,0.7549,0.75501,3.97,1.69
2017.01.20 08:30:57.081,0.7549,0.755,2.62,1.00
2017.01.20 08:30:57.295,0.7549,0.755,1.12,1.50
2017.01.20 08:30:57.397,0.75488,0.75498,3.00,1.00
2017.01.20 08:30:58.054,0.75489,0.75497,1.12,1.00
2017.01.20 08:30:58.155,0.75489,0.75499,2.62,1.87
2017.01.20 08:30:59.663,0.7549,0.75499,1.00,1.00
2017.01.20 08:31:00.763,0.7549,0.755,2.62,3.37
2017.01.20 08:31:01.469,0.75491,0.75498,1.50,1.00
2017.01.20 08:31:01.671,0.75491,0.755,1.50,1.87
2017.01.20 08:31:02.192,0.75489,0.755,3.00,3.37
2017.01.20 08:31:02.293,0.75489,0.75498,2.25,1.00
2017.01.20 08:31:02.496,0.75488,0.75497,4.12,1.00
2017.01.20 08:31:02.703,0.7549,0.75498,1.00,1.00
2017.01.20 08:31:02.998,0.7549,0.755,1.00,3.75
2017.01.20 08:31:03.664,0.7549,0.75498,1.00,1.00
2017.01.20 08:31:03.856,0.7549,0.755,1.00,3.00
2017.01.20 08:31:04.485,0.7549,0.75499,1.00,1.00
2017.01.20 08:31:05.047,0.75489,0.75499,1.50,1.00
2017.01.20 08:31:06.946,0.75489,0.75498,1.00,1.00
2017.01.20 08:31:07.200,0.75488,0.75496,1.00,1.00
2017.01.20 08:31:07.301,0.75486,0.75496,3.00,1.00
2017.01.20 08:31:08.792,0.75486,0.75497,3.00,1.69
2017.01.20 08:31:09.678,0.75488,0.75497,1.12,1.25
2017.01.20 08:31:11.611,0.75489,0.75498,1.00,1.31
2017.01.20 08:31:12.135,0.75488,0.75498,2.62,1.31
2017.01.20 08:31:14.869,0.75489,0.75497,1.00,1.25
2017.01.20 08:31:15.522,0.75494,0.75499,1.00,5.81
2017.01.20 08:31:15.573,0.75493,0.755,1.00,1.87
2017.01.20 08:31:15.674,0.75492,0.75501,1.87,1.25
2017.01.20 08:31:16.029,0.7549,0.755,1.87,1.12
2017.01.20 08:31:16.574,0.7549,0.755,2.25,1.69
2017.01.20 08:31:17.079,0.75491,0.755,1.00,1.19
2017.01.20 08:31:17.702,0.75496,0.75504,2.25,1.69
2017.01.20 08:31:17.804,0.75497,0.75507,1.50,1.31
2017.01.20 08:31:18.210,0.75497,0.75504,1.00,1.19
2017.01.20 08:31:18.463,0.75497,0.75507,1.12,3.75
2017.01.20 08:31:18.565,0.75497,0.75507,1.50,1.50
2017.01.20 08:31:19.091,0.75496,0.75506,1.75,1.50
2017.01.20 08:31:19.141,0.75495,0.75505,3.00,1.87
2017.01.20 08:31:19.243,0.75493,0.75504,5.25,1.31
2017.01.20 08:31:19.783,0.75495,0.75504,1.12,1.31
2017.01.20 08:31:20.120,0.75499,0.75505,1.00,3.19
2017.01.20 08:31:20.172,0.75501,0.75505,1.00,1.12
2017.01.20 08:31:20.223,0.75501,0.75507,1.00,1.00
2017.01.20 08:31:20.729,0.75498,0.75509,2.25,2.44
2017.01.20 08:31:20.931,0.755,0.75508,1.00,1.25
2017.01.20 08:31:21.547,0.75499,0.75509,1.12,4.69
2017.01.20 08:31:25.720,0.75498,0.75507,2.25,1.00
2017.01.20 08:31:26.147,0.75497,0.75503,1.75,1.00
2017.01.20 08:31:26.300,0.75493,0.75501,3.00,1.00
2017.01.20 08:31:26.404,0.7549,0.75501,8.25,1.00
2017.01.20 08:31:26.506,0.75494,0.75502,1.50,1.50
2017.01.20 08:31:26.810,0.75496,0.75505,3.75,1.37
2017.01.20 08:31:26.860,0.75496,0.75507,6.00,1.00
2017.01.20 08:31:27.310,0.75496,0.75505,4.12,1.00
2017.01.20 08:31:27.361,0.75495,0.75505,1.50,1.00
2017.01.20 08:31:27.614,0.75497,0.75507,1.00,3.00
2017.01.20 08:31:27.816,0.75498,0.75508,1.50,1.25
2017.01.20 08:31:28.634,0.75499,0.75507,1.00,1.00
2017.01.20 08:31:29.163,0.75497,0.75506,2.62,1.00
2017.01.20 08:31:29.827,0.75498,0.75508,2.62,1.25
2017.01.20 08:31:30.370,0.75498,0.75507,1.00,1.50
2017.01.20 08:31:31.209,0.75498,0.75506,1.00,1.00
2017.01.20 08:31:31.923,0.75498,0.75507,1.00,1.00
2017.01.20 08:31:33.689,0.75497,0.75507,3.00,3.37
2017.01.20 08:31:33.841,0.75496,0.75503,1.37,1.25
2017.01.20 08:31:34.145,0.75494,0.755,1.00,1.00
2017.01.20 08:31:34.196,0.75492,0.755,3.37,1.00
2017.01.20 08:31:35.225,0.75491,0.755,3.75,1.25
2017.01.20 08:31:35.740,0.75491,0.75499,1.50,1.00
2017.01.20 08:31:36.359,0.75491,0.755,1.50,1.25
2017.01.20 08:31:36.950,0.75493,0.755,2.25,1.00
2017.01.20 08:31:37.001,0.75493,0.75502,6.00,1.12
2017.01.20 08:31:37.404,0.75494,0.75505,4.50,1.69
2017.01.20 08:31:37.931,0.75495,0.75505,1.12,1.69
2017.01.20 08:31:38.083,0.75495,0.75502,2.62,1.00
2017.01.20 08:31:38.336,0.75489,0.75499,3.00,2.25
2017.01.20 08:31:38.438,0.75489,0.75499,2.62,1.50
2017.01.20 08:31:38.943,0.75489,0.75498,1.12,1.00
2017.01.20 08:31:40.631,0.75487,0.75496,2.62,1.00
2017.01.20 08:31:40.932,0.75489,0.75497,2.62,1.00
2017.01.20 08:31:41.348,0.75488,0.75497,1.12,1.25
2017.01.20 08:31:41.924,0.75488,0.75496,1.00,1.00
2017.01.20 08:31:43.944,0.75488,0.75498,2.62,1.69
2017.01.20 08:31:45.339,0.75489,0.75498,6.37,1.00
2017.01.20 08:31:45.847,0.75489,0.75498,2.62,2.25
2017.01.20 08:31:46.436,0.75489,0.75498,3.00,1.50
2017.01.20 08:31:47.063,0.75488,0.75498,4.50,1.00
2017.01.20 08:31:47.603,0.75488,0.75499,5.25,1.12
2017.01.20 08:31:49.156,0.75489,0.75498,1.50,1.00
2017.01.20 08:31:49.500,0.75487,0.75495,2.25,1.19
2017.01.20 08:31:49.883,0.75488,0.75497,1.87,1.00
2017.01.20 08:31:51.467,0.75489,0.75499,3.00,2.44
2017.01.20 08:31:57.951,0.7549,0.755,1.50,1.69
2017.01.20 08:31:58.154,0.7549,0.755,4.50,1.00
2017.01.20 08:31:59.861,0.75491,0.75502,2.62,2.06
2017.01.20 08:32:00.666,0.7549,0.755,3.75,1.00
2017.01.20 08:32:01.171,0.7549,0.755,3.00,1.87
2017.01.20 08:32:02.222,0.75491,0.755,1.50,1.00
2017.01.20 08:32:02.794,0.7549,0.755,2.25,1.50
2017.01.20 08:32:02.947,0.7549,0.75499,1.00,2.44
2017.01.20 08:32:05.813,0.75488,0.75499,4.12,4.69
2017.01.20 08:32:06.875,0.75489,0.75499,3.37,1.69
2017.01.20 08:32:11.764,0.75491,0.75501,1.50,2.62
2017.01.20 08:32:12.301,0.75492,0.75501,2.25,1.00
2017.01.20 08:32:12.797,0.7549,0.75501,5.62,1.00
2017.01.20 08:32:13.012,0.75489,0.755,2.62,6.56
2017.01.20 08:32:14.082,0.7549,0.755,1.50,6.19
2017.01.20 08:32:15.426,0.75492,0.755,1.50,1.50
2017.01.20 08:32:15.678,0.75496,0.75504,1.50,1.12
2017.01.20 08:32:15.903,0.75497,0.75507,3.00,3.94
2017.01.20 08:32:16.408,0.75497,0.75507,2.62,2.44
2017.01.20 08:32:16.828,0.75495,0.75505,3.37,1.25
2017.01.20 08:32:17.330,0.75496,0.75505,1.00,1.31
2017.01.20 08:32:17.749,0.75493,0.75502,3.00,1.31
2017.01.20 08:32:17.800,0.75492,0.75502,1.50,2.44
2017.01.20 08:32:18.028,0.75495,0.75504,2.25,1.50
2017.01.20 08:32:18.231,0.75498,0.75508,1.00,1.69
2017.01.20 08:32:18.759,0.75499,0.75509,1.00,3.56
2017.01.20 08:32:18.911,0.75499,0.75509,1.37,1.00
2017.01.20 08:32:19.434,0.75499,0.75509,1.00,2.62
2017.01.20 08:32:19.952,0.755,0.7551,1.12,1.87
2017.01.20 08:32:20.457,0.75501,0.75511,1.00,1.69
2017.01.20 08:32:20.610,0.75499,0.75509,5.25,1.00
2017.01.20 08:32:20.916,0.75497,0.75506,2.81,1.00
2017.01.20 08:32:21.447,0.75499,0.75508,1.00,1.12
2017.01.20 08:32:21.549,0.75499,0.7551,3.00,2.62
2017.01.20 08:32:21.917,0.75501,0.7551,1.00,2.62
2017.01.20 08:32:22.221,0.75499,0.75508,3.00,1.00
2017.01.20 08:32:22.373,0.755,0.75511,1.50,4.31
2017.01.20 08:32:23.556,0.755,0.75509,1.50,1.00
2017.01.20 08:32:24.090,0.75498,0.75509,1.37,4.12
2017.01.20 08:32:31.049,0.75499,0.75508,1.87,1.50
2017.01.20 08:32:31.252,0.75497,0.75507,2.81,1.00
2017.01.20 08:32:37.069,0.75497,0.75508,4.31,1.12
2017.01.20 08:32:37.561,0.75501,0.75509,1.00,1.12
2017.01.20 08:32:37.662,0.75501,0.75511,1.00,1.31
2017.01.20 08:32:38.186,0.75502,0.75512,2.62,4.50
2017.01.20 08:32:38.692,0.75502,0.75511,1.00,2.25
2017.01.20 08:32:39.197,0.75503,0.75512,1.50,1.50
2017.01.20 08:32:39.715,0.75504,0.75513,1.00,1.00
2017.01.20 08:32:41.369,0.75504,0.75516,4.31,7.12
2017.01.20 08:32:42.698,0.75506,0.75516,1.50,4.87
2017.01.20 08:32:42.799,0.75504,0.75516,4.31,4.12
2017.01.20 08:32:43.666,0.75504,0.75515,5.81,1.12
2017.01.20 08:32:44.352,0.75504,0.75515,3.56,1.00
2017.01.20 08:32:46.399,0.75506,0.75515,1.00,1.00
2017.01.20 08:32:46.601,0.75507,0.75517,2.25,1.00
2017.01.20 08:32:47.139,0.75508,0.75518,1.12,1.25
2017.01.20 08:32:55.202,0.75508,0.75517,1.00,1.00
2017.01.20 08:32:55.883,0.75508,0.75518,1.00,2.44
2017.01.20 08:32:56.404,0.75508,0.75517,1.00,1.00
2017.01.20 08:32:56.906,0.75508,0.75518,1.00,2.44
2017.01.20 08:32:58.768,0.75508,0.75518,1.75,2.44
2017.01.20 08:33:00.645,0.75508,0.75518,1.37,4.69
2017.01.20 08:33:00.958,0.75503,0.7551,1.00,1.00
2017.01.20 08:33:01.479,0.755,0.75511,4.69,2.25
2017.01.20 08:33:01.898,0.755,0.75511,1.87,4.69
2017.01.20 08:33:03.503,0.75501,0.75511,2.25,3.19
2017.01.20 08:33:04.047,0.75501,0.7551,2.25,1.00
2017.01.20 08:33:04.590,0.75502,0.75512,4.12,2.44
2017.01.20 08:33:04.642,0.75503,0.75513,1.00,1.12
2017.01.20 08:33:05.458,0.75504,0.75513,2.25,1.00
2017.01.20 08:33:06.001,0.75506,0.75515,2.25,2.25
2017.01.20 08:33:06.052,0.75507,0.75516,2.25,2.25
2017.01.20 08:33:06.305,0.75505,0.75517,6.19,2.81
2017.01.20 08:33:06.508,0.75505,0.75512,2.81,2.25
2017.01.20 08:33:06.610,0.75501,0.7551,4.50,1.00
2017.01.20 08:33:06.711,0.75501,0.7551,1.00,1.50
2017.01.20 08:33:07.217,0.75501,0.7551,1.00,1.12
2017.01.20 08:33:07.728,0.75499,0.75509,2.25,1.00
2017.01.20 08:33:08.317,0.75499,0.75509,1.87,1.12
2017.01.20 08:33:08.931,0.75499,0.75509,1.87,1.00
2017.01.20 08:33:10.610,0.755,0.75511,4.87,3.56
2017.01.20 08:33:11.015,0.75502,0.75512,2.25,1.69
2017.01.20 08:33:11.637,0.75502,0.75512,2.25,3.94
2017.01.20 08:33:12.193,0.75501,0.75511,2.25,1.69
2017.01.20 08:33:12.346,0.75499,0.7551,5.25,1.00
2017.01.20 08:33:12.600,0.75501,0.75511,2.25,3.94
2017.01.20 08:33:13.623,0.755,0.75511,4.50,4.31
2017.01.20 08:33:14.186,0.755,0.75511,3.75,3.94
2017.01.20 08:33:15.410,0.755,0.7551,1.87,1.00
2017.01.20 08:33:15.714,0.75503,0.75513,1.00,6.75
2017.01.20 08:33:16.216,0.75503,0.75513,2.25,1.87
2017.01.20 08:33:18.149,0.75503,0.75514,1.00,6.56
2017.01.20 08:33:18.463,0.75506,0.75514,4.12,2.25
2017.01.20 08:33:18.666,0.75508,0.75517,2.62,2.06
2017.01.20 08:33:19.295,0.75506,0.75514,3.00,1.00
2017.01.20 08:33:19.433,0.75503,0.75512,2.62,1.00
2017.01.20 08:33:19.657,0.75505,0.75515,4.50,3.00
2017.01.20 08:33:19.708,0.75507,0.75515,2.25,1.00
2017.01.20 08:33:19.860,0.75507,0.75517,2.25,1.12
2017.01.20 08:33:22.926,0.75507,0.75518,3.00,2.44
2017.01.20 08:33:23.000,0.75508,0.75518,3.00,2.44
2017.01.20 08:33:25.665,0.75509,0.75519,3.00,4.12
2017.01.20 08:33:27.284,0.75509,0.75518,2.62,1.00
2017.01.20 08:33:27.588,0.75507,0.75516,2.44,1.00
2017.01.20 08:33:27.639,0.75507,0.75516,1.25,1.00
2017.01.20 08:33:28.414,0.75507,0.75517,2.25,2.81
2017.01.20 08:33:30.128,0.75507,0.75518,2.25,1.56
2017.01.20 08:33:31.041,0.75507,0.75517,3.37,1.31
2017.01.20 08:33:31.143,0.75506,0.75515,2.25,2.40
2017.01.20 08:33:31.245,0.75505,0.75515,2.81,2.25
2017.01.20 08:33:31.448,0.75504,0.75511,1.50,1.00
2017.01.20 08:33:31.516,0.75502,0.75511,4.12,1.00
2017.01.20 08:33:32.087,0.75502,0.75513,3.00,3.75
2017.01.20 08:33:32.646,0.75503,0.75513,1.50,3.00
2017.01.20 08:33:32.806,0.75507,0.75515,2.25,3.19
2017.01.20 08:33:32.957,0.75507,0.75516,2.25,4.87
2017.01.20 08:33:33.882,0.75505,0.75516,5.06,4.12
2017.01.20 08:33:34.797,0.75506,0.75516,1.50,1.12
2017.01.20 08:33:35.303,0.75507,0.75517,4.87,3.56
2017.01.20 08:33:35.822,0.75507,0.75516,2.25,1.12
2017.01.20 08:33:36.327,0.75506,0.75516,4.87,1.12
2017.01.20 08:33:36.853,0.75507,0.75517,3.00,1.69
2017.01.20 08:33:37.371,0.75508,0.75516,1.00,1.00
2017.01.20 08:33:37.952,0.75508,0.75517,1.00,1.69
2017.01.20 08:33:38.484,0.75507,0.75517,3.75,1.69
2017.01.20 08:33:39.180,0.75508,0.75518,1.00,2.06
2017.01.20 08:33:39.755,0.75507,0.75517,2.25,2.81
2017.01.20 08:33:40.260,0.75508,0.75518,2.25,1.12
2017.01.20 08:33:40.816,0.75509,0.75519,3.00,2.62
2017.01.20 08:33:41.019,0.7551,0.7552,1.12,3.75
2017.01.20 08:33:43.584,0.7551,0.75518,1.12,1.00
2017.01.20 08:33:43.768,0.75505,0.75515,1.31,1.00
2017.01.20 08:33:43.870,0.75504,0.75513,1.56,1.00
2017.01.20 08:33:44.587,0.75503,0.75514,7.69,2.62
2017.01.20 08:33:45.549,0.75503,0.75515,7.31,5.25
2017.01.20 08:33:46.219,0.75503,0.75514,7.31,1.12
2017.01.20 08:33:46.531,0.75503,0.75511,6.19,1.00
2017.01.20 08:33:46.582,0.75503,0.75513,3.75,3.00
2017.01.20 08:33:46.633,0.75501,0.75511,5.81,1.00
2017.01.20 08:33:47.189,0.75502,0.75512,1.69,1.50
2017.01.20 08:33:47.698,0.75503,0.75512,1.00,1.50
2017.01.20 08:33:48.001,0.75502,0.7551,3.94,1.00
2017.01.20 08:33:48.544,0.75502,0.75512,2.44,3.75
2017.01.20 08:33:49.129,0.75503,0.75512,1.00,2.62
2017.01.20 08:33:50.563,0.75502,0.75512,2.44,2.62
2017.01.20 08:33:51.077,0.75504,0.75512,1.00,1.00
2017.01.20 08:33:51.622,0.75504,0.75511,1.00,1.00
2017.01.20 08:33:52.212,0.75503,0.75511,2.25,1.00
2017.01.20 08:33:53.202,0.75502,0.75511,1.25,1.00
2017.01.20 08:33:53.812,0.75502,0.75511,1.25,3.00
2017.01.20 08:33:54.346,0.75503,0.75512,3.00,1.37
2017.01.20 08:33:54.649,0.75507,0.75515,2.25,1.87
2017.01.20 08:33:54.801,0.75507,0.75517,2.25,2.25
2017.01.20 08:33:55.593,0.75507,0.75515,2.25,1.00
2017.01.20 08:33:55.694,0.75505,0.75516,3.75,7.80
2017.01.20 08:33:56.228,0.75505,0.75514,3.00,2.25
2017.01.20 08:33:56.738,0.75504,0.75514,3.94,2.25
2017.01.20 08:33:57.854,0.75505,0.75515,1.50,4.50
2017.01.20 08:33:58.466,0.75506,0.75515,2.25,2.62
2017.01.20 08:34:00.573,0.75504,0.75514,4.69,2.25
2017.01.20 08:34:00.928,0.75506,0.75515,2.25,2.25
2017.01.20 08:34:02.559,0.75504,0.75514,2.44,1.00
2017.01.20 08:34:03.077,0.75504,0.75515,3.19,3.75
2017.01.20 08:34:03.566,0.75506,0.75516,2.25,4.12
2017.01.20 08:34:03.873,0.75508,0.75517,2.25,3.00
2017.01.20 08:34:07.024,0.75508,0.75516,1.00,1.00
2017.01.20 08:34:07.716,0.75508,0.75517,1.00,1.00
2017.01.20 08:34:08.261,0.75509,0.75517,2.25,1.00
2017.01.20 08:34:08.516,0.7551,0.75519,3.75,1.12
2017.01.20 08:34:09.793,0.7551,0.75519,2.25,3.00
2017.01.20 08:34:10.415,0.75511,0.75519,2.25,3.00
2017.01.20 08:34:10.809,0.75511,0.7552,3.75,1.25
2017.01.20 08:34:11.012,0.75513,0.75523,1.50,6.75
2017.01.20 08:34:14.829,0.75516,0.75523,1.00,3.00
2017.01.20 08:34:14.930,0.75517,0.75525,3.00,1.00
2017.01.20 08:34:15.209,0.7552,0.75528,1.00,1.31
2017.01.20 08:34:15.462,0.7552,0.7553,3.75,2.62
2017.01.20 08:34:15.816,0.75519,0.75527,1.12,1.50
2017.01.20 08:34:15.968,0.75517,0.75527,1.87,1.50
2017.01.20 08:34:16.019,0.75517,0.75525,1.00,1.00
2017.01.20 08:34:16.323,0.75522,0.7553,2.25,1.00
2017.01.20 08:34:16.648,0.75519,0.75528,1.37,1.50
2017.01.20 08:34:16.800,0.75518,0.75527,3.00,1.50
2017.01.20 08:34:17.003,0.7552,0.75529,3.00,1.37
2017.01.20 08:34:17.206,0.75522,0.75532,1.12,1.69
2017.01.20 08:34:17.735,0.75522,0.75532,1.37,2.44
2017.01.20 08:34:18.259,0.75522,0.75532,1.12,3.75
2017.01.20 08:34:19.171,0.75523,0.75532,1.00,2.25
2017.01.20 08:34:19.222,0.75527,0.75532,1.00,2.25
2017.01.20 08:34:19.497,0.75529,0.75538,1.12,2.06
2017.01.20 08:34:19.548,0.75529,0.75538,1.50,1.25
2017.01.20 08:34:21.184,0.7553,0.75539,2.25,2.06
2017.01.20 08:34:21.698,0.75528,0.75538,3.75,1.69
2017.01.20 08:34:21.906,0.75527,0.75534,3.37,1.00
2017.01.20 08:34:22.007,0.75527,0.75534,1.00,1.00
2017.01.20 08:34:22.589,0.75525,0.75535,3.56,2.25
2017.01.20 08:34:24.209,0.75526,0.75536,3.19,3.37
2017.01.20 08:34:24.311,0.75525,0.75534,3.00,1.25
2017.01.20 08:34:24.632,0.75527,0.75535,1.00,1.12
2017.01.20 08:34:25.733,0.75526,0.75535,3.00,1.12
2017.01.20 08:34:27.426,0.75527,0.75536,1.00,1.37
2017.01.20 08:34:29.748,0.75524,0.75534,4.87,2.81
2017.01.20 08:34:29.799,0.75523,0.75533,8.06,1.50
2017.01.20 08:34:29.901,0.75521,0.75531,2.44,1.00
2017.01.20 08:34:30.085,0.7552,0.75529,1.00,1.50
2017.01.20 08:34:30.596,0.7552,0.75529,3.37,1.50
2017.01.20 08:34:31.203,0.75518,0.75528,3.56,1.50
2017.01.20 08:34:32.913,0.75521,0.75528,1.00,1.00
2017.01.20 08:34:33.437,0.7552,0.75529,1.87,1.30
2017.01.20 08:34:36.134,0.75519,0.75529,2.06,4.72
2017.01.20 08:34:36.286,0.75517,0.75527,1.12,3.04
2017.01.20 08:34:36.438,0.75516,0.75525,2.62,1.12
2017.01.20 08:34:37.034,0.75515,0.75525,1.31,1.50
2017.01.20 08:34:37.349,0.75515,0.75525,1.69,4.87
2017.01.20 08:34:37.851,0.75512,0.75523,5.06,1.50
2017.01.20 08:34:37.902,0.75512,0.75523,3.94,1.50
2017.01.20 08:34:38.428,0.75513,0.75524,2.25,2.44
2017.01.20 08:34:38.962,0.75514,0.75524,1.50,3.94
2017.01.20 08:34:39.496,0.75515,0.75524,1.50,1.69
2017.01.20 08:34:40.442,0.75514,0.75525,1.50,3.94
2017.01.20 08:34:40.645,0.75514,0.75522,2.25,1.50
2017.01.20 08:34:40.696,0.75511,0.7552,2.44,1.00
2017.01.20 08:34:41.206,0.75511,0.7552,1.50,1.00
2017.01.20 08:34:41.315,0.75513,0.7552,1.00,1.00
2017.01.20 08:34:41.467,0.75516,0.75524,1.50,1.50
2017.01.20 08:34:41.518,0.75517,0.75525,1.50,1.37
2017.01.20 08:34:41.570,0.75517,0.75527,1.87,1.00
2017.01.20 08:34:43.867,0.75518,0.75527,2.06,1.00
2017.01.20 08:34:44.150,0.75516,0.75527,2.62,3.41
2017.01.20 08:34:44.201,0.75516,0.75526,1.00,1.87
2017.01.20 08:34:44.251,0.75515,0.75525,2.81,1.87
2017.01.20 08:34:44.783,0.75515,0.75524,1.25,1.00
2017.01.20 08:34:45.323,0.75515,0.75525,1.69,2.25
2017.01.20 08:34:45.627,0.75517,0.75526,1.00,1.00
2017.01.20 08:34:45.984,0.75515,0.75524,1.25,1.00
2017.01.20 08:34:46.571,0.75514,0.75525,3.56,3.37
2017.01.20 08:34:46.723,0.75513,0.75523,1.00,3.00
2017.01.20 08:34:47.230,0.75514,0.75525,1.87,3.56
2017.01.20 08:34:49.024,0.75513,0.75524,2.62,3.94
2017.01.20 08:34:49.961,0.75512,0.75524,2.44,5.06
2017.01.20 08:34:50.861,0.75514,0.75524,1.50,3.56
2017.01.20 08:34:51.165,0.7552,0.75529,1.00,1.00
2017.01.20 08:34:51.666,0.75519,0.7553,1.87,3.22
2017.01.20 08:34:52.171,0.75519,0.7553,1.12,5.47
2017.01.20 08:34:54.558,0.75518,0.75526,1.50,1.00
2017.01.20 08:34:54.811,0.75516,0.75525,1.00,1.00
2017.01.20 08:34:55.166,0.75518,0.75525,1.00,1.00
2017.01.20 08:34:55.318,0.75518,0.75528,1.50,2.06
2017.01.20 08:34:55.820,0.75517,0.75527,1.00,2.06
2017.01.20 08:34:56.348,0.75516,0.75527,2.25,2.44
2017.01.20 08:34:56.917,0.75516,0.75526,1.00,2.62
2017.01.20 08:34:57.507,0.75516,0.75527,5.25,1.25
2017.01.20 08:34:58.008,0.75518,0.75528,2.62,2.06
2017.01.20 08:34:58.110,0.7552,0.75529,1.00,2.62
2017.01.20 08:34:58.180,0.7552,0.7553,1.12,1.87
2017.01.20 08:34:58.686,0.75518,0.7553,5.06,1.87
2017.01.20 08:35:02.478,0.75519,0.75529,3.94,1.50
2017.01.20 08:35:03.636,0.75519,0.75531,4.69,4.69
2017.01.20 08:35:04.570,0.75521,0.75531,1.00,5.44
2017.01.20 08:35:05.114,0.7552,0.75531,3.00,1.69
2017.01.20 08:35:05.216,0.7552,0.75529,3.00,1.00
2017.01.20 08:35:05.419,0.75519,0.75528,1.31,1.00
2017.01.20 08:35:07.439,0.75519,0.75529,2.06,1.00
2017.01.20 08:35:13.388,0.75519,0.75528,1.25,1.00
2017.01.20 08:35:14.438,0.75517,0.75527,5.06,1.00
2017.01.20 08:35:14.745,0.75518,0.75525,1.37,1.00
2017.01.20 08:35:14.847,0.75514,0.75525,3.56,2.25
2017.01.20 08:35:14.998,0.75514,0.75525,2.06,2.25
2017.01.20 08:35:15.150,0.75514,0.75524,1.31,1.87
2017.01.20 08:35:17.120,0.75514,0.75525,3.94,1.50
2017.01.20 08:35:17.424,0.75517,0.75527,4.12,1.69
2017.01.20 08:35:17.626,0.75515,0.75526,2.62,4.31
2017.01.20 08:35:17.930,0.75514,0.75524,4.69,2.25
2017.01.20 08:35:18.307,0.75513,0.75522,2.06,1.00
2017.01.20 08:35:18.763,0.75514,0.75524,3.19,2.25
2017.01.20 08:35:20.037,0.75514,0.75525,3.94,1.50
2017.01.20 08:35:21.031,0.75515,0.75525,3.37,1.00
2017.01.20 08:35:21.660,0.75517,0.75526,1.00,2.06
2017.01.20 08:35:22.247,0.75517,0.75526,1.00,3.19
2017.01.20 08:35:22.938,0.75517,0.75527,2.25,5.44
2017.01.20 08:35:24.585,0.75517,0.75527,3.94,4.12
2017.01.20 08:35:24.635,0.75519,0.75528,1.12,1.50
2017.01.20 08:35:25.041,0.75521,0.7553,1.00,2.81
2017.01.20 08:35:25.546,0.7552,0.7553,1.50,4.12
2017.01.20 08:35:26.584,0.75521,0.7553,1.00,2.62
2017.01.20 08:35:27.100,0.75521,0.75531,1.00,1.00
2017.01.20 08:35:29.240,0.75521,0.7553,1.00,1.00
2017.01.20 08:35:32.255,0.75521,0.7553,1.00,1.50
2017.01.20 08:35:34.676,0.75521,0.7553,1.00,1.12
2017.01.20 08:35:38.676,0.7552,0.7553,3.00,1.00
2017.01.20 08:35:39.223,0.7552,0.75529,1.00,2.85
2017.01.20 08:35:39.729,0.75519,0.75529,1.69,2.62
2017.01.20 08:35:43.102,0.75519,0.75529,3.94,1.37
2017.01.20 08:35:44.034,0.75519,0.75528,1.50,1.12
2017.01.20 08:35:44.636,0.7552,0.75529,1.50,1.62
2017.01.20 08:35:45.383,0.75519,0.75528,1.87,1.12
2017.01.20 08:35:45.980,0.75518,0.75528,1.31,4.12
2017.01.20 08:35:46.553,0.75519,0.75528,1.50,2.25
2017.01.20 08:35:47.696,0.75518,0.75528,2.06,3.00
2017.01.20 08:35:49.255,0.75519,0.75528,1.00,1.00
2017.01.20 08:35:49.921,0.75519,0.75527,1.50,1.00
2017.01.20 08:35:50.421,0.7552,0.75529,1.87,1.31
2017.01.20 08:35:50.968,0.75521,0.7553,1.12,1.87
2017.01.20 08:35:51.492,0.7552,0.75529,1.50,1.50
2017.01.20 08:35:54.656,0.7552,0.75529,1.50,1.87
2017.01.20 08:35:54.960,0.75518,0.75527,3.56,1.00
2017.01.20 08:35:55.461,0.75517,0.75528,2.44,5.10
2017.01.20 08:35:55.986,0.75515,0.75524,4.87,1.12
2017.01.20 08:35:56.190,0.75512,0.75522,1.00,1.69
2017.01.20 08:35:58.068,0.75513,0.75521,1.00,1.12
2017.01.20 08:35:58.616,0.75512,0.75521,2.25,1.12
2017.01.20 08:35:59.676,0.75512,0.75522,2.25,2.06
2017.01.20 08:36:00.604,0.75512,0.75521,2.25,1.00
2017.01.20 08:36:01.109,0.75512,0.75521,2.25,1.87
2017.01.20 08:36:02.237,0.75513,0.75522,1.50,2.00
2017.01.20 08:36:02.288,0.75513,0.75522,2.44,1.00
2017.01.20 08:36:03.111,0.75513,0.75523,2.44,1.00
2017.01.20 08:36:03.226,0.75515,0.75524,1.00,1.12
2017.01.20 08:36:03.277,0.75513,0.75523,3.94,1.00
2017.01.20 08:36:03.379,0.75515,0.75524,1.12,1.00
2017.01.20 08:36:03.682,0.75514,0.75522,1.50,1.00
2017.01.20 08:36:04.696,0.75514,0.75523,1.50,1.00
2017.01.20 08:36:05.257,0.75514,0.75522,1.00,1.00
2017.01.20 08:36:05.510,0.75512,0.75522,3.00,1.12
2017.01.20 08:36:06.027,0.75511,0.75521,2.62,2.62
2017.01.20 08:36:06.574,0.75511,0.75521,2.25,2.62
2017.01.20 08:36:06.844,0.75513,0.75522,1.50,1.50
2017.01.20 08:36:06.997,0.75513,0.75523,2.25,3.94
2017.01.20 08:36:07.514,0.75514,0.75523,1.00,3.56
2017.01.20 08:36:08.417,0.75513,0.75523,3.19,1.00
2017.01.20 08:36:09.866,0.75513,0.75522,1.25,1.00
2017.01.20 08:36:09.917,0.75513,0.75521,1.25,3.22
2017.01.20 08:36:10.069,0.7551,0.75518,1.31,1.00
2017.01.20 08:36:10.170,0.75511,0.7552,3.37,1.12
2017.01.20 08:36:10.695,0.75512,0.75519,2.25,1.00
2017.01.20 08:36:11.024,0.7551,0.75519,1.69,1.00
2017.01.20 08:36:11.396,0.75512,0.75519,1.00,1.00
2017.01.20 08:36:11.608,0.7551,0.75519,2.44,1.00
2017.01.20 08:36:12.442,0.75512,0.75519,1.00,1.00
2017.01.20 08:36:13.714,0.75512,0.75521,1.00,1.12
2017.01.20 08:36:13.765,0.75514,0.75522,2.40,1.50
2017.01.20 08:36:13.917,0.75514,0.75523,5.62,1.12
2017.01.20 08:36:14.366,0.75514,0.75519,1.37,1.00
2017.01.20 08:36:14.417,0.75514,0.75521,1.37,1.00
2017.01.20 08:36:14.468,0.75512,0.75521,1.87,1.00
2017.01.20 08:36:14.519,0.75512,0.75519,1.50,1.00
2017.01.20 08:36:15.061,0.75512,0.7552,1.50,1.00
2017.01.20 08:36:15.326,0.75512,0.75522,1.00,1.69
2017.01.20 08:36:15.733,0.75514,0.75522,1.00,1.69
2017.01.20 08:36:15.986,0.75515,0.75524,1.00,1.50
2017.01.20 08:36:16.547,0.75515,0.75525,1.00,1.69
2017.01.20 08:36:16.872,0.75517,0.75526,2.62,1.00
2017.01.20 08:36:17.187,0.75519,0.75526,1.12,1.00
2017.01.20 08:36:17.490,0.75519,0.75526,1.75,1.00
2017.01.20 08:36:18.039,0.75519,0.75526,1.37,1.00
2017.01.20 08:36:18.725,0.75519,0.75528,1.37,1.12
2017.01.20 08:36:19.332,0.75518,0.75528,3.75,1.00
2017.01.20 08:36:19.862,0.75519,0.75528,1.37,1.00
2017.01.20 08:36:20.698,0.75519,0.75527,1.37,1.00
2017.01.20 08:36:21.214,0.75518,0.75527,1.87,1.00
2017.01.20 08:36:25.732,0.75518,0.75528,1.87,1.00
2017.01.20 08:36:25.783,0.75518,0.75526,1.87,1.00
2017.01.20 08:36:26.327,0.75519,0.75527,2.62,1.00
2017.01.20 08:36:26.873,0.75519,0.75527,3.75,1.00
2017.01.20 08:36:27.278,0.75518,0.75525,2.81,1.00
2017.01.20 08:36:27.329,0.75518,0.75528,2.81,1.50
2017.01.20 08:36:33.758,0.75519,0.75529,2.62,3.00
2017.01.20 08:36:38.248,0.7552,0.75529,1.19,1.00
2017.01.20 08:36:38.551,0.7552,0.75529,1.00,1.72
2017.01.20 08:36:39.093,0.75519,0.75528,1.87,1.00
2017.01.20 08:36:43.145,0.7552,0.75529,1.00,1.72
2017.01.20 08:36:43.663,0.75519,0.75529,4.50,3.60
2017.01.20 08:36:44.355,0.75519,0.75528,3.75,1.00
2017.01.20 08:36:49.236,0.7552,0.75528,2.25,1.00
2017.01.20 08:36:49.492,0.75522,0.75531,1.00,1.31
2017.01.20 08:36:50.013,0.75522,0.75532,2.44,2.25
2017.01.20 08:36:51.135,0.75524,0.75534,2.25,5.44
2017.01.20 08:36:51.439,0.75523,0.75531,2.62,1.00
2017.01.20 08:36:51.847,0.75523,0.75533,1.87,1.00
2017.01.20 08:36:52.389,0.75524,0.75533,1.50,1.00
2017.01.20 08:36:54.144,0.75524,0.75531,1.50,1.00
2017.01.20 08:36:54.195,0.75524,0.75533,1.50,1.00
2017.01.20 08:36:54.296,0.75523,0.75531,1.12,1.00
2017.01.20 08:36:54.826,0.75524,0.75532,2.62,1.00
2017.01.20 08:36:54.978,0.75524,0.75534,1.87,2.81
2017.01.20 08:36:55.332,0.75524,0.75532,1.87,1.00
2017.01.20 08:36:55.535,0.75524,0.75534,1.87,2.06
2017.01.20 08:36:56.018,0.75527,0.75535,1.50,1.50
2017.01.20 08:36:56.279,0.75528,0.75536,3.37,1.00
2017.01.20 08:36:56.967,0.75528,0.75538,3.00,2.06
2017.01.20 08:36:57.119,0.7553,0.75538,1.50,1.12
2017.01.20 08:36:57.271,0.7553,0.7554,1.50,2.25
2017.01.20 08:36:57.525,0.75529,0.75538,1.69,1.50
2017.01.20 08:36:58.144,0.75529,0.75539,1.25,2.62
2017.01.20 08:37:01.023,0.75529,0.75538,1.25,1.00
2017.01.20 08:37:07.857,0.75527,0.75537,5.06,1.50
2017.01.20 08:37:08.271,0.75527,0.75535,4.31,1.00
2017.01.20 08:37:08.524,0.75521,0.7553,1.87,2.62
2017.01.20 08:37:08.727,0.75524,0.75531,1.00,1.37
2017.01.20 08:37:08.930,0.75522,0.75532,3.00,4.31
2017.01.20 08:37:09.727,0.75524,0.75532,1.00,2.81
2017.01.20 08:37:13.537,0.75524,0.75533,1.00,3.56
2017.01.20 08:37:13.840,0.75527,0.75535,1.50,2.25
2017.01.20 08:37:14.042,0.75527,0.75536,1.50,1.00
2017.01.20 08:37:15.817,0.75526,0.75535,2.62,1.00
2017.01.20 08:37:17.105,0.75526,0.75536,2.25,1.50
2017.01.20 08:37:17.902,0.75526,0.75535,3.00,1.00
2017.01.20 08:37:18.445,0.75526,0.75536,3.00,1.12
2017.01.20 08:37:21.521,0.75526,0.75531,1.50,1.00
2017.01.20 08:37:21.622,0.75523,0.75531,1.87,1.00
2017.01.20 08:37:22.129,0.75522,0.75531,1.25,1.00
2017.01.20 08:37:26.573,0.75523,0.75531,1.00,1.00
2017.01.20 08:37:29.398,0.75522,0.75531,2.44,1.00
2017.01.20 08:37:29.550,0.7552,0.7553,4.50,1.72
2017.01.20 08:37:29.702,0.7552,0.75528,1.00,1.00
2017.01.20 08:37:30.251,0.75519,0.75528,2.62,1.00
2017.01.20 08:37:31.028,0.75519,0.7553,1.87,3.37
2017.01.20 08:37:31.180,0.75521,0.7553,1.00,1.00
2017.01.20 08:37:31.282,0.75519,0.7553,3.37,1.00
2017.01.20 08:37:31.333,0.75521,0.7553,1.00,1.00
2017.01.20 08:37:32.510,0.75521,0.75531,1.50,1.50
2017.01.20 08:37:32.954,0.75521,0.75529,1.50,1.00
2017.01.20 08:37:33.208,0.75519,0.75528,2.62,1.00
2017.01.20 08:37:37.710,0.75518,0.75528,1.25,1.00
2017.01.20 08:37:38.240,0.75519,0.75528,1.00,1.30
2017.01.20 08:37:38.645,0.75519,0.7553,3.75,1.50
2017.01.20 08:37:39.049,0.75518,0.75527,2.81,1.00
2017.01.20 08:37:39.150,0.75518,0.75527,2.06,1.00
2017.01.20 08:37:40.084,0.75517,0.75527,1.87,2.62
2017.01.20 08:37:40.286,0.75519,0.75528,1.00,1.31
2017.01.20 08:37:40.870,0.7552,0.75529,1.00,3.19
2017.01.20 08:37:41.325,0.7552,0.7553,1.50,4.35
2017.01.20 08:37:41.845,0.7552,0.7553,1.50,3.37
2017.01.20 08:37:42.347,0.7552,0.7553,1.50,2.62
2017.01.20 08:37:42.896,0.75519,0.75529,2.62,2.47
2017.01.20 08:37:43.780,0.7552,0.7553,1.50,3.37
2017.01.20 08:37:43.932,0.7552,0.75531,3.00,2.81
2017.01.20 08:37:44.034,0.75522,0.7553,1.00,1.50
2017.01.20 08:37:44.085,0.7552,0.7553,1.50,3.90
2017.01.20 08:37:44.514,0.75516,0.75524,1.37,1.00
2017.01.20 08:37:44.768,0.75511,0.75522,4.87,1.87
2017.01.20 08:37:44.869,0.75513,0.75522,1.00,1.87
2017.01.20 08:37:45.021,0.75514,0.75523,1.50,1.12
2017.01.20 08:37:45.862,0.75517,0.75525,1.50,1.37
2017.01.20 08:37:45.913,0.75517,0.75526,1.12,1.00
2017.01.20 08:37:46.427,0.75515,0.75526,3.37,1.12
2017.01.20 08:37:47.774,0.75515,0.75525,1.87,1.00
2017.01.20 08:37:48.712,0.75516,0.75526,1.12,1.50
2017.01.20 08:37:51.789,0.75517,0.75527,1.00,2.62
2017.01.20 08:37:52.094,0.75516,0.75525,3.37,1.00
2017.01.20 08:37:52.615,0.75517,0.75527,1.50,2.25
2017.01.20 08:37:53.121,0.75517,0.75526,3.00,1.12
2017.01.20 08:37:53.589,0.75514,0.75522,1.62,1.50
2017.01.20 08:37:53.675,0.75508,0.75519,6.37,1.00
2017.01.20 08:37:54.180,0.75508,0.75518,2.62,1.12
2017.01.20 08:37:56.207,0.75506,0.75517,5.25,1.25
2017.01.20 08:37:58.954,0.75507,0.75517,1.50,1.69
2017.01.20 08:37:59.475,0.75508,0.75517,1.00,1.69
2017.01.20 08:38:00.009,0.75507,0.75517,1.12,1.31
2017.01.20 08:38:01.090,0.75508,0.75517,1.50,1.31
2017.01.20 08:38:01.753,0.75509,0.75518,1.00,2.81
2017.01.20 08:38:02.299,0.7551,0.75518,1.00,1.69
2017.01.20 08:38:02.605,0.75512,0.7552,1.00,3.19
2017.01.20 08:38:02.706,0.75512,0.7552,1.00,1.69
2017.01.20 08:38:02.961,0.7551,0.75519,2.62,1.00
2017.01.20 08:38:04.133,0.7551,0.7552,1.00,2.81
2017.01.20 08:38:11.147,0.7551,0.75518,1.00,1.00
2017.01.20 08:38:11.400,0.7551,0.7552,2.25,2.81
2017.01.20 08:38:12.048,0.7551,0.7552,1.37,4.16
2017.01.20 08:38:12.098,0.7551,0.75518,1.37,1.00
2017.01.20 08:38:12.649,0.75509,0.75519,3.00,2.25
2017.01.20 08:38:16.925,0.75511,0.75519,1.00,1.50
2017.01.20 08:38:17.266,0.75513,0.75521,1.50,1.37
2017.01.20 08:38:17.418,0.75512,0.75522,1.00,3.00
2017.01.20 08:38:17.923,0.7551,0.75521,3.94,1.87
2017.01.20 08:38:21.775,0.75511,0.7552,1.69,1.00
2017.01.20 08:38:22.282,0.75509,0.75519,2.81,1.72
2017.01.20 08:38:23.239,0.75512,0.7552,1.00,1.37
2017.01.20 08:38:23.859,0.75511,0.7552,1.25,1.37
2017.01.20 08:38:31.666,0.75512,0.75521,1.00,5.25
2017.01.20 08:38:32.184,0.75511,0.75521,1.69,5.25
2017.01.20 08:38:33.829,0.75512,0.75519,1.00,1.00
2017.01.20 08:38:34.032,0.75516,0.7552,1.00,1.12
2017.01.20 08:38:34.083,0.75514,0.75521,1.00,2.25
2017.01.20 08:38:34.185,0.75516,0.75522,1.00,1.00
2017.01.20 08:38:34.337,0.75517,0.75524,1.00,1.00
2017.01.20 08:38:34.454,0.75516,0.75526,4.87,1.00
2017.01.20 08:38:34.556,0.75516,0.75523,1.00,1.00
2017.01.20 08:38:34.709,0.75513,0.75522,4.31,1.00
2017.01.20 08:38:34.759,0.75517,0.75523,1.00,1.00
2017.01.20 08:38:34.912,0.75514,0.75524,4.12,3.00
2017.01.20 08:38:34.963,0.75514,0.75522,3.37,1.12
2017.01.20 08:38:35.469,0.75515,0.75523,1.00,1.00
2017.01.20 08:38:37.577,0.75514,0.75523,1.50,1.00
2017.01.20 08:38:37.913,0.75515,0.75525,1.00,1.87
2017.01.20 08:38:38.015,0.75517,0.75526,1.00,1.69
2017.01.20 08:38:38.167,0.75518,0.75527,1.00,1.87
2017.01.20 08:38:43.595,0.75517,0.75527,1.87,1.00
2017.01.20 08:38:43.797,0.75518,0.75527,1.19,1.35
2017.01.20 08:38:43.899,0.75517,0.75527,2.06,1.35
2017.01.20 08:38:44.083,0.75517,0.75527,2.81,1.35
2017.01.20 08:38:44.187,0.75517,0.75527,2.06,1.35
2017.01.20 08:38:44.237,0.75517,0.75527,2.81,1.35
2017.01.20 08:38:44.698,0.75517,0.75521,1.31,1.00
2017.01.20 08:38:44.749,0.75515,0.75523,1.37,1.12
2017.01.20 08:38:44.800,0.75513,0.75522,1.69,1.00
2017.01.20 08:38:45.318,0.75513,0.75521,1.69,1.00
2017.01.20 08:38:46.856,0.75514,0.75521,1.00,1.00
2017.01.20 08:38:48.362,0.75514,0.75522,1.00,1.12
2017.01.20 08:38:48.513,0.75515,0.75524,1.00,2.62
2017.01.20 08:38:49.162,0.75515,0.75524,1.00,1.87
2017.01.20 08:38:49.695,0.75513,0.75524,3.56,1.87
2017.01.20 08:38:49.747,0.75513,0.7552,2.06,1.00
2017.01.20 08:38:49.798,0.75513,0.75522,1.31,2.62
2017.01.20 08:38:50.014,0.75512,0.7552,1.00,1.00
2017.01.20 08:38:50.580,0.75513,0.7552,1.00,1.00
2017.01.20 08:38:51.311,0.75511,0.7552,3.37,1.00
2017.01.20 08:38:52.115,0.75511,0.7552,1.87,1.60
2017.01.20 08:38:52.621,0.75509,0.75518,2.44,1.00
2017.01.20 08:38:52.723,0.75509,0.7552,2.44,1.50
2017.01.20 08:38:53.589,0.7551,0.75521,2.44,1.50
2017.01.20 08:38:53.662,0.75513,0.75521,1.00,1.00
2017.01.20 08:38:53.864,0.75511,0.75521,3.00,1.12
2017.01.20 08:38:54.374,0.7551,0.75518,1.25,1.00
2017.01.20 08:38:54.881,0.75508,0.75518,2.62,2.10
2017.01.20 08:38:55.744,0.75509,0.75519,1.12,1.87
2017.01.20 08:38:56.294,0.7551,0.75519,1.69,1.50
2017.01.20 08:38:58.686,0.75509,0.7552,1.19,2.85
2017.01.20 08:38:59.202,0.75511,0.75521,1.50,2.25
2017.01.20 08:38:59.506,0.75511,0.75519,1.87,1.60
2017.01.20 08:39:00.031,0.75509,0.75519,3.56,1.00
2017.01.20 08:39:01.823,0.75511,0.7552,1.00,2.25
2017.01.20 08:39:02.353,0.75511,0.7552,1.87,1.00
2017.01.20 08:39:02.854,0.75511,0.75519,1.00,1.12
2017.01.20 08:39:03.382,0.7551,0.75519,1.69,1.12
2017.01.20 08:39:03.793,0.75508,0.75517,1.87,1.00
2017.01.20 08:39:04.307,0.75509,0.75518,1.00,1.12
2017.01.20 08:39:05.101,0.75509,0.75514,1.00,1.00
2017.01.20 08:39:05.373,0.75504,0.75511,1.00,1.00
2017.01.20 08:39:06.051,0.75504,0.75513,1.00,1.37
2017.01.20 08:39:06.406,0.75506,0.75514,1.00,1.12
2017.01.20 08:39:06.710,0.75503,0.75513,1.31,1.00
2017.01.20 08:39:07.632,0.75504,0.75513,1.50,1.00
2017.01.20 08:39:08.162,0.75504,0.75514,2.25,1.50
2017.01.20 08:39:08.683,0.75505,0.75514,1.12,1.00
2017.01.20 08:39:09.150,0.75507,0.75515,1.19,1.00
2017.01.20 08:39:09.201,0.75506,0.75515,3.75,1.00
2017.01.20 08:39:09.404,0.75507,0.75517,1.00,1.00
2017.01.20 08:39:09.556,0.75506,0.75518,8.44,2.85
2017.01.20 08:39:09.881,0.75506,0.75515,4.69,1.00
2017.01.20 08:39:10.272,0.75506,0.75515,3.00,1.00
2017.01.20 08:39:10.630,0.75504,0.75515,3.19,1.00
2017.01.20 08:39:13.015,0.75505,0.75515,1.00,1.00
2017.01.20 08:39:14.141,0.75506,0.75515,1.50,1.00
2017.01.20 08:39:16.254,0.75506,0.75514,1.50,1.00
2017.01.20 08:39:16.890,0.75506,0.75515,2.25,1.12
2017.01.20 08:39:16.992,0.75508,0.75516,1.50,1.50
2017.01.20 08:39:17.093,0.75508,0.75518,2.25,4.31
2017.01.20 08:39:17.610,0.75507,0.75515,1.87,1.00
2017.01.20 08:39:18.114,0.75506,0.75514,1.50,1.00
2017.01.20 08:39:19.011,0.75506,0.75516,1.50,2.81
2017.01.20 08:39:19.528,0.75506,0.75516,1.50,2.44
2017.01.20 08:39:22.231,0.75506,0.75514,1.50,1.00
2017.01.20 08:39:23.402,0.75506,0.75516,1.50,3.75
2017.01.20 08:39:25.133,0.75506,0.75515,1.50,1.00
2017.01.20 08:39:26.869,0.75504,0.75514,2.06,1.50
2017.01.20 08:39:27.396,0.75506,0.75515,1.50,1.12
2017.01.20 08:39:28.328,0.75506,0.75516,2.25,1.00
2017.01.20 08:39:28.839,0.75506,0.75515,1.50,1.00
2017.01.20 08:39:29.453,0.75505,0.75515,5.06,1.00
2017.01.20 08:39:30.372,0.75506,0.75515,1.00,1.00
2017.01.20 08:39:31.133,0.75506,0.75517,2.25,2.81
2017.01.20 08:39:31.635,0.75507,0.75518,3.75,3.19
2017.01.20 08:39:33.511,0.75508,0.75517,2.25,1.25
2017.01.20 08:39:34.021,0.75508,0.75518,2.25,2.25
2017.01.20 08:39:34.381,0.75507,0.75515,1.69,1.00
2017.01.20 08:39:34.887,0.75506,0.75517,2.62,4.12
2017.01.20 08:39:34.938,0.75506,0.75517,3.00,1.87
2017.01.20 08:39:36.030,0.75506,0.75515,3.00,1.00
2017.01.20 08:39:40.162,0.75507,0.75517,1.00,2.62
2017.01.20 08:39:40.416,0.75509,0.75519,1.87,3.75
2017.01.20 08:39:41.000,0.75509,0.75517,1.00,1.00
2017.01.20 08:39:41.355,0.75507,0.75517,1.25,1.00
2017.01.20 08:39:42.574,0.75508,0.75517,1.50,1.50
2017.01.20 08:39:43.396,0.75507,0.75516,2.81,1.00
2017.01.20 08:39:43.447,0.75507,0.75514,1.50,1.00
2017.01.20 08:39:43.650,0.75504,0.75514,2.81,1.00
2017.01.20 08:39:43.954,0.75506,0.75516,1.87,2.62
2017.01.20 08:39:44.924,0.75507,0.75516,1.50,1.12
2017.01.20 08:39:46.857,0.75507,0.75517,2.62,1.25
2017.01.20 08:39:47.261,0.75507,0.75515,1.50,1.00
2017.01.20 08:39:48.160,0.75505,0.75515,4.69,2.40
2017.01.20 08:39:48.467,0.75504,0.75512,3.19,1.00
2017.01.20 08:39:48.621,0.75505,0.75515,2.06,2.62
2017.01.20 08:39:48.874,0.75504,0.75512,1.87,1.00
2017.01.20 08:39:48.976,0.75503,0.75511,1.00,1.00
2017.01.20 08:39:49.128,0.75502,0.75513,2.81,1.87
2017.01.20 08:39:49.229,0.75504,0.75513,1.50,1.50
2017.01.20 08:39:49.544,0.75502,0.75512,2.81,1.12
2017.01.20 08:39:50.050,0.75501,0.75513,5.06,1.87
2017.01.20 08:39:50.897,0.75501,0.75513,3.94,3.37
2017.01.20 08:39:53.859,0.75504,0.75514,1.69,1.37
2017.01.20 08:39:53.962,0.75507,0.75515,1.00,1.87
2017.01.20 08:39:54.114,0.75506,0.75517,5.77,1.12
2017.01.20 08:39:54.988,0.75507,0.75518,3.75,2.06
2017.01.20 08:39:55.668,0.75509,0.75519,1.87,2.62
2017.01.20 08:39:57.611,0.75509,0.75518,1.87,1.00
2017.01.20 08:39:58.142,0.75509,0.75519,2.62,1.12
2017.01.20 08:39:58.658,0.75508,0.75518,2.25,1.00
2017.01.20 08:40:00.479,0.75507,0.75517,6.56,1.00
2017.01.20 08:40:01.828,0.75507,0.75516,4.50,1.00
2017.01.20 08:40:01.980,0.75506,0.75515,1.00,1.50
2017.01.20 08:40:02.253,0.75504,0.75514,2.62,1.00
2017.01.20 08:40:02.464,0.75503,0.75512,2.25,1.00
2017.01.20 08:40:02.667,0.75505,0.75516,2.25,3.37
2017.01.20 08:40:03.184,0.75505,0.75515,3.00,1.00
2017.01.20 08:40:03.740,0.75506,0.75515,1.50,1.00
2017.01.20 08:40:03.799,0.75504,0.75515,3.00,1.00
2017.01.20 08:40:05.304,0.75505,0.75515,1.00,1.00
2017.01.20 08:40:05.816,0.75504,0.75515,3.75,1.00
2017.01.20 08:40:06.324,0.75505,0.75514,1.00,1.00
2017.01.20 08:40:06.588,0.75506,0.75516,1.50,4.50
2017.01.20 08:40:07.093,0.75506,0.75516,1.50,3.37
2017.01.20 08:40:07.831,0.75507,0.75516,1.50,1.37
2017.01.20 08:40:08.236,0.75505,0.75513,2.62,1.50
2017.01.20 08:40:08.338,0.75504,0.75512,1.00,1.00
2017.01.20 08:40:08.440,0.75502,0.75512,3.75,1.50
2017.01.20 08:40:08.959,0.75501,0.75511,1.00,1.87
2017.01.20 08:40:09.478,0.75502,0.75512,1.12,2.62
2017.01.20 08:40:10.019,0.75501,0.75511,1.87,1.00
2017.01.20 08:40:10.130,0.75501,0.75508,1.37,1.00
2017.01.20 08:40:10.181,0.75501,0.7551,1.37,1.00
2017.01.20 08:40:10.562,0.75501,0.75508,1.12,1.00
2017.01.20 08:40:11.270,0.755,0.7551,1.87,1.25
2017.01.20 08:40:13.216,0.755,0.75509,1.37,1.50
2017.01.20 08:40:13.320,0.75498,0.75504,1.00,1.50
2017.01.20 08:40:13.474,0.75496,0.75504,1.00,4.69
2017.01.20 08:40:13.524,0.75493,0.755,1.50,1.60
2017.01.20 08:40:13.628,0.75488,0.75497,3.94,1.35
2017.01.20 08:40:13.822,0.75489,0.75499,3.56,1.50
2017.01.20 08:40:14.327,0.7549,0.75499,1.69,2.10
2017.01.20 08:40:14.400,0.7549,0.75494,1.25,1.00
2017.01.20 08:40:14.451,0.75487,0.75492,2.25,1.00
2017.01.20 08:40:14.553,0.75482,0.7549,2.44,1.00
2017.01.20 08:40:14.604,0.75482,0.75491,1.50,3.22
2017.01.20 08:40:14.655,0.75482,0.75487,1.00,1.00
2017.01.20 08:40:14.970,0.75477,0.75487,6.19,1.00
2017.01.20 08:40:15.071,0.75481,0.75489,1.00,1.00
2017.01.20 08:40:15.223,0.75482,0.75492,1.87,1.00
2017.01.20 08:40:15.375,0.75481,0.7549,3.00,1.00
2017.01.20 08:40:15.527,0.75481,0.75491,2.06,2.25
2017.01.20 08:40:15.628,0.75481,0.75489,1.87,1.00
2017.01.20 08:40:15.729,0.75481,0.75491,1.12,3.00
2017.01.20 08:40:16.258,0.75482,0.75491,1.00,1.12
2017.01.20 08:40:16.360,0.75483,0.75493,1.12,1.50
2017.01.20 08:40:16.935,0.75481,0.75493,5.62,2.25
2017.01.20 08:40:17.036,0.75481,0.75491,1.50,1.00
2017.01.20 08:40:17.434,0.75479,0.75489,3.56,1.00
2017.01.20 08:40:17.738,0.75479,0.75487,1.87,1.00
2017.01.20 08:40:17.840,0.75479,0.7549,3.75,1.00
2017.01.20 08:40:17.993,0.75483,0.75491,1.00,1.50
2017.01.20 08:40:18.094,0.75481,0.75491,1.31,1.50
2017.01.20 08:40:18.495,0.75482,0.75493,1.00,2.44
2017.01.20 08:40:18.709,0.75481,0.75491,6.56,1.00
2017.01.20 08:40:19.013,0.75479,0.75489,7.50,1.50
2017.01.20 08:40:19.115,0.75481,0.75491,1.87,2.44
2017.01.20 08:40:19.216,0.75483,0.75491,1.00,1.00
2017.01.20 08:40:19.502,0.75482,0.75493,2.25,1.50
2017.01.20 08:40:20.115,0.75482,0.75491,1.50,1.12
2017.01.20 08:40:20.267,0.75482,0.75493,1.50,2.62
2017.01.20 08:40:20.935,0.75482,0.75491,1.12,1.00
2017.01.20 08:40:21.442,0.7548,0.75491,2.81,1.12
2017.01.20 08:40:22.413,0.75479,0.7549,6.94,1.50
2017.01.20 08:40:22.616,0.75479,0.7549,4.50,1.50
2017.01.20 08:40:23.119,0.75483,0.75491,1.00,3.00
2017.01.20 08:40:23.271,0.75482,0.75493,2.62,2.81
2017.01.20 08:40:23.784,0.7548,0.75491,1.69,1.50
2017.01.20 08:40:24.101,0.75483,0.75491,1.00,1.00
2017.01.20 08:40:24.187,0.75484,0.75494,1.00,1.69
2017.01.20 08:40:28.306,0.75485,0.75493,1.00,1.31
2017.01.20 08:40:28.509,0.75482,0.7549,1.12,1.00
2017.01.20 08:40:29.017,0.7548,0.7549,5.06,1.00
2017.01.20 08:40:29.704,0.7548,0.75491,2.06,1.12
2017.01.20 08:40:32.990,0.75483,0.75492,1.00,1.37
2017.01.20 08:40:33.091,0.75481,0.75492,1.31,1.37
2017.01.20 08:40:33.142,0.75483,0.75492,1.00,1.37
2017.01.20 08:40:33.294,0.75481,0.75493,3.56,5.06
2017.01.20 08:40:33.396,0.75482,0.75493,1.20,3.19
2017.01.20 08:40:33.704,0.75485,0.75494,3.00,1.50
2017.01.20 08:40:33.908,0.75487,0.75497,2.25,1.00
2017.01.20 08:40:34.438,0.75487,0.75497,1.12,1.12
2017.01.20 08:40:34.731,0.75487,0.75494,1.00,1.87
2017.01.20 08:40:34.833,0.75484,0.75494,2.06,1.00
2017.01.20 08:40:35.403,0.75483,0.75493,2.06,1.00
2017.01.20 08:40:36.190,0.75485,0.75492,1.00,1.00
2017.01.20 08:40:36.293,0.75482,0.75491,1.50,3.37
2017.01.20 08:40:36.345,0.75481,0.75489,4.12,1.60
2017.01.20 08:40:36.396,0.75481,0.75489,1.00,3.97
2017.01.20 08:40:36.498,0.75479,0.75485,1.87,1.35
2017.01.20 08:40:36.599,0.75475,0.75483,3.94,1.00
2017.01.20 08:40:37.025,0.75475,0.75485,1.25,4.12
2017.01.20 08:40:37.380,0.75477,0.75487,1.12,3.19
2017.01.20 08:40:37.430,0.75476,0.75487,2.62,1.31
2017.01.20 08:40:37.481,0.75478,0.75484,1.00,1.00
2017.01.20 08:40:37.785,0.7547,0.75474,1.00,1.00
2017.01.20 08:40:38.329,0.75468,0.75473,1.37,1.00
2017.01.20 08:40:38.430,0.75468,0.75476,1.37,1.00
2017.01.20 08:40:38.683,0.75469,0.75478,3.75,1.00
2017.01.20 08:40:38.735,0.75469,0.75475,1.00,1.00
2017.01.20 08:40:39.139,0.75468,0.75479,1.87,2.47
2017.01.20 08:40:39.346,0.75471,0.75479,1.00,1.12
2017.01.20 08:40:39.873,0.7547,0.75479,1.87,1.00
2017.01.20 08:40:40.176,0.7547,0.75477,1.12,1.00
2017.01.20 08:40:40.682,0.75468,0.75478,6.37,1.00
2017.01.20 08:40:40.733,0.7547,0.7548,1.87,2.44
2017.01.20 08:40:41.036,0.75472,0.75479,1.00,1.00
2017.01.20 08:40:41.443,0.75472,0.75482,1.00,1.50
2017.01.20 08:40:41.972,0.75471,0.75482,1.00,1.50
2017.01.20 08:40:42.430,0.75473,0.75484,1.00,6.37
2017.01.20 08:40:42.483,0.75474,0.75484,2.25,1.87
2017.01.20 08:40:42.787,0.75477,0.75486,1.00,2.25
2017.01.20 08:40:42.838,0.75476,0.75487,6.75,1.31
2017.01.20 08:40:42.889,0.75476,0.75487,8.62,1.31
2017.01.20 08:40:43.196,0.75476,0.75487,2.25,3.04
2017.01.20 08:40:43.502,0.75476,0.75487,6.37,2.44
2017.01.20 08:40:44.042,0.75477,0.75488,1.50,2.29
2017.01.20 08:40:44.422,0.75476,0.75484,3.37,1.25
2017.01.20 08:40:44.624,0.75474,0.75483,1.12,1.00
2017.01.20 08:40:45.138,0.75473,0.75484,1.62,2.25
2017.01.20 08:40:45.894,0.75475,0.75483,1.00,1.00
2017.01.20 08:40:45.995,0.75476,0.75486,1.00,2.25
2017.01.20 08:40:46.198,0.75476,0.75486,4.12,1.00
2017.01.20 08:40:46.299,0.75476,0.75486,1.50,1.00
2017.01.20 08:40:46.832,0.75475,0.75487,4.69,1.87
2017.01.20 08:40:47.389,0.75475,0.75486,3.94,1.00
2017.01.20 08:40:47.926,0.75476,0.75486,4.50,1.50
2017.01.20 08:40:48.519,0.75477,0.75486,1.00,1.50
2017.01.20 08:40:51.548,0.75478,0.75487,1.00,1.12
2017.01.20 08:40:51.771,0.75478,0.75489,1.50,2.81
2017.01.20 08:40:52.309,0.75479,0.7549,2.62,5.81
2017.01.20 08:40:52.586,0.7548,0.7549,1.31,1.00
2017.01.20 08:40:52.840,0.75482,0.75492,2.62,1.50
2017.01.20 08:40:53.341,0.75481,0.75491,8.81,1.00
2017.01.20 08:40:53.552,0.75481,0.75491,4.69,1.00
2017.01.20 08:40:54.094,0.75482,0.75491,1.00,1.12
2017.01.20 08:40:54.608,0.75483,0.75492,1.12,1.00
2017.01.20 08:40:57.442,0.75483,0.75491,1.12,1.00
2017.01.20 08:40:57.948,0.75481,0.75491,4.31,1.00
2017.01.20 08:40:59.309,0.75481,0.75491,2.44,1.00
2017.01.20 08:41:01.024,0.75483,0.75492,1.00,2.25
2017.01.20 08:41:01.329,0.75488,0.75498,1.12,1.50
2017.01.20 08:41:01.785,0.75486,0.75494,1.50,1.00
2017.01.20 08:41:01.836,0.75485,0.75493,1.00,1.50
2017.01.20 08:41:02.089,0.75484,0.75495,1.00,2.06
2017.01.20 08:41:02.794,0.75484,0.75494,1.00,1.50
2017.01.20 08:41:02.946,0.75482,0.75493,1.31,3.60
2017.01.20 08:41:04.670,0.7548,0.75491,1.87,3.60
2017.01.20 08:41:04.721,0.7548,0.75489,1.00,1.00
2017.01.20 08:41:04.974,0.7548,0.75491,1.00,4.50
2017.01.20 08:41:05.227,0.75482,0.75492,1.00,3.37
2017.01.20 08:41:06.166,0.75482,0.75491,1.12,1.00
2017.01.20 08:41:06.692,0.75481,0.75491,1.87,1.00
2017.01.20 08:41:07.046,0.7548,0.75489,1.12,1.35
2017.01.20 08:41:07.552,0.7548,0.7549,1.12,1.12
2017.01.20 08:41:08.959,0.75481,0.75491,1.00,1.87
2017.01.20 08:41:09.165,0.75479,0.7549,1.00,1.72
2017.01.20 08:41:09.569,0.75482,0.75491,1.00,3.37
2017.01.20 08:41:09.889,0.75482,0.75492,1.87,1.00
2017.01.20 08:41:12.421,0.75486,0.75494,1.00,2.62
2017.01.20 08:41:12.573,0.75486,0.75497,2.62,1.69
2017.01.20 08:41:15.455,0.75487,0.75495,1.00,1.00
2017.01.20 08:41:15.659,0.75487,0.75498,1.00,2.47
2017.01.20 08:41:17.413,0.75488,0.75498,1.00,2.25
2017.01.20 08:41:17.666,0.7549,0.75498,1.00,1.00
2017.01.20 08:41:17.767,0.75491,0.75501,1.00,1.87
2017.01.20 08:41:18.275,0.7549,0.755,2.44,1.00
2017.01.20 08:41:23.912,0.7549,0.75499,1.31,1.50
2017.01.20 08:41:25.655,0.75489,0.755,2.06,3.00
2017.01.20 08:41:26.159,0.75489,0.755,1.87,3.00
2017.01.20 08:41:26.683,0.7549,0.755,1.00,2.25
2017.01.20 08:41:27.192,0.75491,0.75499,1.50,1.00
2017.01.20 08:41:27.293,0.75491,0.75501,1.50,1.87
2017.01.20 08:41:28.128,0.7549,0.75499,2.62,1.00
2017.01.20 08:41:28.280,0.75489,0.75499,4.12,1.50
2017.01.20 08:41:28.811,0.75488,0.75498,1.12,1.00
2017.01.20 08:41:29.041,0.7549,0.75498,1.00,1.00
2017.01.20 08:41:29.193,0.75489,0.755,2.25,1.00
2017.01.20 08:41:29.796,0.75489,0.75501,4.12,4.87
2017.01.20 08:41:31.694,0.75489,0.755,1.00,2.62
2017.01.20 08:41:31.745,0.75489,0.75498,1.00,1.00
2017.01.20 08:41:32.291,0.75489,0.755,1.12,2.25
2017.01.20 08:41:32.796,0.7549,0.755,1.50,2.25
2017.01.20 08:41:33.301,0.7549,0.755,2.62,2.25
2017.01.20 08:41:33.871,0.7549,0.75499,1.50,1.00
2017.01.20 08:41:34.395,0.75488,0.75498,1.50,1.00
2017.01.20 08:41:38.908,0.75489,0.75498,1.00,1.00
2017.01.20 08:41:39.411,0.75489,0.75499,1.00,1.00
2017.01.20 08:41:39.997,0.7549,0.75499,1.87,1.00
2017.01.20 08:41:42.302,0.75489,0.75499,1.50,3.00
2017.01.20 08:41:43.129,0.75488,0.75498,4.12,1.50
2017.01.20 08:41:43.634,0.75486,0.75497,1.87,4.31
2017.01.20 08:41:44.176,0.75485,0.75496,2.62,1.50
2017.01.20 08:41:45.884,0.75485,0.75497,3.94,5.25
2017.01.20 08:41:46.410,0.75487,0.75496,1.50,1.87
2017.01.20 08:41:47.236,0.75487,0.75496,1.50,2.25
2017.01.20 08:41:47.752,0.75485,0.75496,3.56,3.37
2017.01.20 08:41:49.346,0.75486,0.75497,1.69,1.87
2017.01.20 08:41:50.468,0.75487,0.75497,1.00,1.50
2017.01.20 08:41:51.092,0.75486,0.75497,4.69,1.50
2017.01.20 08:41:53.711,0.75488,0.75498,1.50,2.06
2017.01.20 08:41:53.986,0.75489,0.755,2.81,1.87
2017.01.20 08:41:54.493,0.75489,0.75499,2.81,1.50
2017.01.20 08:41:57.448,0.7549,0.755,1.31,1.12
2017.01.20 08:41:57.984,0.75491,0.75501,1.50,3.75
2017.01.20 08:41:59.805,0.75493,0.75501,1.50,1.50
2017.01.20 08:42:00.044,0.75494,0.75504,1.50,4.50
2017.01.20 08:42:00.100,0.75496,0.75506,1.50,2.81
2017.01.20 08:42:00.610,0.75496,0.75506,1.50,2.44
2017.01.20 08:42:03.229,0.75498,0.75508,1.50,4.87
2017.01.20 08:42:03.570,0.75501,0.75511,2.25,3.75
2017.01.20 08:42:04.081,0.75499,0.75511,4.31,3.75
2017.01.20 08:42:05.645,0.75499,0.7551,4.31,1.00
2017.01.20 08:42:05.848,0.75498,0.75508,4.31,1.50
2017.01.20 08:42:06.455,0.755,0.75509,1.69,1.12
2017.01.20 08:42:07.005,0.75499,0.75508,3.19,1.00
2017.01.20 08:42:11.602,0.755,0.7551,3.79,1.87
2017.01.20 08:42:11.654,0.755,0.75511,3.94,2.62
2017.01.20 08:42:11.857,0.75501,0.75509,1.00,1.50
2017.01.20 08:42:12.262,0.75499,0.75509,1.50,2.81
2017.01.20 08:42:13.444,0.75499,0.75508,1.87,1.00
2017.01.20 08:42:13.495,0.75497,0.75505,2.44,2.25
2017.01.20 08:42:13.677,0.75493,0.75503,5.62,1.00
2017.01.20 08:42:13.728,0.75493,0.75503,3.75,1.12
2017.01.20 08:42:17.526,0.75492,0.75502,2.62,1.50
2017.01.20 08:42:23.425,0.75494,0.75503,1.50,1.87
2017.01.20 08:42:23.993,0.75494,0.75503,1.50,1.00
2017.01.20 08:42:24.844,0.75492,0.75503,1.12,3.75
2017.01.20 08:42:25.352,0.75492,0.75502,2.25,1.00
2017.01.20 08:42:27.231,0.75494,0.75502,3.00,1.00
2017.01.20 08:42:27.332,0.75495,0.75504,2.25,1.50
2017.01.20 08:42:27.871,0.75495,0.75503,1.50,1.00
2017.01.20 08:42:28.414,0.75494,0.75503,2.25,1.37
2017.01.20 08:42:28.616,0.75494,0.75504,3.00,1.87
2017.01.20 08:42:35.049,0.75494,0.75502,2.25,1.00
2017.01.20 08:42:35.201,0.75492,0.75502,2.62,1.00
2017.01.20 08:42:35.302,0.75491,0.755,4.87,1.00
2017.01.20 08:42:35.472,0.7549,0.755,1.87,1.00
2017.01.20 08:42:35.936,0.75493,0.75501,1.50,2.62
2017.01.20 08:42:36.183,0.75493,0.75503,3.00,2.62
2017.01.20 08:42:36.802,0.75492,0.75502,2.25,1.87
2017.01.20 08:42:37.321,0.75492,0.75501,1.00,1.50
2017.01.20 08:42:37.830,0.75491,0.75501,2.25,1.50
2017.01.20 08:42:38.477,0.75492,0.75502,1.50,2.62
2017.01.20 08:42:39.590,0.75491,0.75501,5.25,2.25
2017.01.20 08:42:39.996,0.75489,0.75499,2.62,2.25
2017.01.20 08:42:40.301,0.75487,0.75494,1.00,2.62
2017.01.20 08:42:40.504,0.75484,0.75493,1.50,1.12
2017.01.20 08:42:40.852,0.75481,0.75493,2.25,3.75
2017.01.20 08:42:41.206,0.75483,0.75493,1.00,2.25
2017.01.20 08:42:41.666,0.75481,0.75492,1.50,1.50
2017.01.20 08:42:41.819,0.7548,0.75489,3.75,1.00
2017.01.20 08:42:42.334,0.75481,0.7549,1.50,1.00
2017.01.20 08:42:43.418,0.7548,0.75491,3.00,2.81
2017.01.20 08:42:45.102,0.75481,0.75491,1.50,2.81
2017.01.20 08:42:45.700,0.75481,0.75491,1.50,1.31
2017.01.20 08:42:47.442,0.75482,0.75492,1.00,3.56
2017.01.20 08:42:48.094,0.75481,0.7549,2.25,1.50
2017.01.20 08:42:48.251,0.75479,0.75489,1.00,1.12
2017.01.20 08:42:48.504,0.75481,0.75489,1.00,1.00
2017.01.20 08:42:48.656,0.75482,0.75491,1.00,1.25
2017.01.20 08:42:49.162,0.75481,0.75491,5.62,1.25
2017.01.20 08:42:51.178,0.75481,0.7549,1.00,1.50
2017.01.20 08:42:51.726,0.75479,0.75489,1.37,1.12
2017.01.20 08:42:52.671,0.7548,0.75491,1.00,7.31
2017.01.20 08:42:53.809,0.7548,0.75485,1.50,1.00
2017.01.20 08:42:54.011,0.75473,0.75483,1.87,1.00
2017.01.20 08:42:54.193,0.75473,0.75483,1.00,5.25
2017.01.20 08:42:54.891,0.75472,0.75482,3.37,1.69
2017.01.20 08:42:55.640,0.75474,0.75482,1.50,1.69
2017.01.20 08:42:56.631,0.75472,0.75483,4.87,2.81
2017.01.20 08:42:56.833,0.75471,0.7548,1.00,1.87
2017.01.20 08:42:57.355,0.75469,0.7548,6.00,1.50
2017.01.20 08:42:58.058,0.75469,0.75478,3.75,1.50
2017.01.20 08:42:58.210,0.75468,0.75478,1.25,1.50
2017.01.20 08:42:58.615,0.7547,0.7548,1.00,2.62
2017.01.20 08:42:58.919,0.75472,0.75482,1.00,3.56
2017.01.20 08:42:59.445,0.75473,0.75482,1.00,1.31
2017.01.20 08:43:00.171,0.75471,0.75482,3.75,1.31
2017.01.20 08:43:00.701,0.75471,0.75482,3.00,2.81
2017.01.20 08:43:01.259,0.75472,0.75481,1.00,1.25
2017.01.20 08:43:02.506,0.7547,0.75481,3.75,3.94
2017.01.20 08:43:02.961,0.75473,0.75481,1.00,1.31
2017.01.20 08:43:03.012,0.75471,0.75483,1.87,4.69
2017.01.20 08:43:03.062,0.75473,0.75483,1.00,4.69
2017.01.20 08:43:03.113,0.75471,0.75483,3.00,4.69
2017.01.20 08:43:04.005,0.75472,0.75482,1.50,1.56
2017.01.20 08:43:04.106,0.75475,0.75483,1.50,2.44
2017.01.20 08:43:04.501,0.75477,0.75482,1.00,1.00
2017.01.20 08:43:04.552,0.75473,0.75482,3.75,1.12
2017.01.20 08:43:04.653,0.75471,0.75482,1.00,2.62
2017.01.20 08:43:05.160,0.75472,0.75482,1.00,1.87
2017.01.20 08:43:05.772,0.75471,0.75481,1.12,1.50
2017.01.20 08:43:05.857,0.7547,0.75481,1.00,3.19
2017.01.20 08:43:06.161,0.75471,0.75482,1.50,2.44
2017.01.20 08:43:06.521,0.75473,0.75482,1.00,1.69
2017.01.20 08:43:06.846,0.75471,0.75481,1.12,1.00
2017.01.20 08:43:07.251,0.7547,0.7548,1.00,1.37
2017.01.20 08:43:10.133,0.75471,0.75481,1.00,2.25
2017.01.20 08:43:10.652,0.7547,0.75481,3.75,1.75
2017.01.20 08:43:11.937,0.75472,0.75481,1.00,1.75
2017.01.20 08:43:12.141,0.75474,0.75485,1.87,5.44
2017.01.20 08:43:12.243,0.75476,0.75484,1.50,1.25
2017.01.20 08:43:12.551,0.7548,0.7549,1.35,1.69
2017.01.20 08:43:12.602,0.7548,0.75491,1.00,2.44
2017.01.20 08:43:12.906,0.75478,0.75489,1.37,1.00
2017.01.20 08:43:13.415,0.75478,0.75489,1.00,1.37
2017.01.20 08:43:13.937,0.75479,0.75489,1.12,1.87
2017.01.20 08:43:14.791,0.7548,0.7549,1.00,1.87
2017.01.20 08:43:15.045,0.7548,0.7549,1.37,1.12
2017.01.20 08:43:15.247,0.75479,0.7549,1.25,7.50
2017.01.20 08:43:15.710,0.75481,0.7549,1.00,1.50
2017.01.20 08:43:16.234,0.7548,0.7549,1.00,3.75
2017.01.20 08:43:16.537,0.75484,0.75493,1.00,3.00
2017.01.20 08:43:16.689,0.75482,0.75492,2.44,1.37
2017.01.20 08:43:16.897,0.75484,0.75492,1.00,1.12
2017.01.20 08:43:16.999,0.75486,0.75495,1.00,1.87
2017.01.20 08:43:17.520,0.75485,0.75496,2.25,2.81
2017.01.20 08:43:18.301,0.75486,0.75496,4.50,2.06
2017.01.20 08:43:18.352,0.75488,0.75498,1.50,2.25
2017.01.20 08:43:18.403,0.75488,0.75498,1.50,1.50
2017.01.20 08:43:19.108,0.75487,0.75498,1.50,2.25
2017.01.20 08:43:19.185,0.75487,0.75498,1.00,3.00
2017.01.20 08:43:19.488,0.75489,0.75498,1.00,1.50
2017.01.20 08:43:20.003,0.75495,0.755,1.00,1.31
2017.01.20 08:43:20.054,0.75493,0.755,1.00,1.12
2017.01.20 08:43:20.267,0.75489,0.75499,3.75,1.00
2017.01.20 08:43:20.319,0.75488,0.75498,1.12,1.00
2017.01.20 08:43:20.839,0.75489,0.75499,1.50,4.12
2017.01.20 08:43:20.991,0.7549,0.75499,1.00,1.12
2017.01.20 08:43:23.561,0.75495,0.75501,1.00,3.56
2017.01.20 08:43:23.612,0.75492,0.75501,1.00,3.19
2017.01.20 08:43:23.714,0.75495,0.75502,1.00,2.81
2017.01.20 08:43:23.918,0.75497,0.75504,1.50,2.25
2017.01.20 08:43:23.969,0.75498,0.75508,1.00,2.25
2017.01.20 08:43:24.562,0.75496,0.75507,3.00,1.69
2017.01.20 08:43:24.714,0.75495,0.75505,2.25,1.69
2017.01.20 08:43:24.917,0.75497,0.75508,1.25,2.62
2017.01.20 08:43:25.018,0.75497,0.75509,2.44,6.56
2017.01.20 08:43:25.540,0.75498,0.75509,1.00,3.56
2017.01.20 08:43:25.591,0.75499,0.75509,1.19,2.62
2017.01.20 08:43:25.703,0.75497,0.75507,1.00,1.50
2017.01.20 08:43:26.224,0.75495,0.75506,1.12,2.21
2017.01.20 08:43:26.731,0.75494,0.75505,2.62,1.00
2017.01.20 08:43:28.163,0.75494,0.75504,1.37,2.25
2017.01.20 08:43:28.265,0.75493,0.75504,2.62,3.37
2017.01.20 08:43:28.316,0.75492,0.75504,2.44,8.40
2017.01.20 08:43:28.827,0.75493,0.75502,1.00,1.00
2017.01.20 08:43:28.929,0.75494,0.75504,1.00,1.00
2017.01.20 08:43:29.431,0.75494,0.75505,1.00,2.62
2017.01.20 08:43:30.276,0.75494,0.75504,1.00,1.00
2017.01.20 08:43:30.804,0.75494,0.75505,1.50,2.02
2017.01.20 08:43:34.447,0.75493,0.75503,1.87,1.50
2017.01.20 08:43:34.548,0.75492,0.75503,1.69,2.25
2017.01.20 08:43:35.062,0.75492,0.75502,2.44,1.00
2017.01.20 08:43:35.742,0.75491,0.75502,2.25,2.44
2017.01.20 08:43:35.843,0.75491,0.755,1.00,1.00
2017.01.20 08:43:38.028,0.75491,0.75501,1.87,3.75
2017.01.20 08:43:39.950,0.75491,0.75499,1.12,1.00
2017.01.20 08:43:40.463,0.7549,0.75498,1.25,1.00
2017.01.20 08:43:41.004,0.7549,0.75499,1.25,1.00
2017.01.20 08:43:41.524,0.7549,0.75499,2.81,1.00
2017.01.20 08:43:41.912,0.7549,0.75501,3.56,2.25
2017.01.20 08:43:42.471,0.75493,0.75501,1.00,1.00
2017.01.20 08:43:42.573,0.75493,0.75503,1.69,1.50
2017.01.20 08:43:42.725,0.75494,0.75503,2.25,1.00
2017.01.20 08:43:43.029,0.75493,0.75501,1.25,1.00
2017.01.20 08:43:43.233,0.7549,0.75501,1.69,1.12
2017.01.20 08:43:43.397,0.7549,0.75499,1.69,1.00
2017.01.20 08:43:44.385,0.7549,0.75498,1.25,1.00
2017.01.20 08:43:49.581,0.7549,0.75499,1.31,3.00
2017.01.20 08:43:51.747,0.75489,0.75497,2.06,1.00
2017.01.20 08:43:52.886,0.75488,0.75499,3.94,3.75
2017.01.20 08:43:53.392,0.7549,0.755,1.25,3.00
2017.01.20 08:44:00.669,0.75493,0.75501,1.00,2.25
2017.01.20 08:44:01.175,0.75492,0.75502,1.00,2.81
2017.01.20 08:44:01.730,0.75491,0.75502,1.50,2.44
2017.01.20 08:44:02.878,0.75491,0.75501,1.00,3.37
2017.01.20 08:44:06.258,0.75493,0.75501,1.00,1.87
2017.01.20 08:44:06.512,0.75493,0.75502,2.44,1.50
2017.01.20 08:44:07.078,0.75494,0.75503,1.00,1.50
2017.01.20 08:44:07.611,0.75495,0.75504,1.00,1.00
2017.01.20 08:44:07.965,0.75496,0.75507,3.75,1.69
2017.01.20 08:44:08.016,0.75497,0.75508,3.37,3.75
2017.01.20 08:44:08.388,0.755,0.7551,1.12,2.81
2017.01.20 08:44:08.692,0.75502,0.7551,1.00,2.81
2017.01.20 08:44:08.845,0.755,0.75511,2.62,2.62
2017.01.20 08:44:11.389,0.75499,0.7551,2.81,4.87
2017.01.20 08:44:12.261,0.755,0.7551,1.00,1.87
2017.01.20 08:44:12.940,0.755,0.75509,1.00,1.00
2017.01.20 08:44:13.494,0.755,0.7551,1.00,1.87
2017.01.20 08:44:14.065,0.75499,0.75509,1.69,2.25
2017.01.20 08:44:14.573,0.75498,0.75509,3.56,3.00
2017.01.20 08:44:16.697,0.75499,0.75509,1.69,1.50
2017.01.20 08:44:17.203,0.75498,0.75507,1.00,1.00
2017.01.20 08:44:17.406,0.75498,0.7551,3.75,2.44
2017.01.20 08:44:20.303,0.75501,0.7551,1.00,1.37
2017.01.20 08:44:20.405,0.75502,0.75512,1.50,3.19
2017.01.20 08:44:20.812,0.755,0.7551,1.25,1.50
2017.01.20 08:44:24.000,0.75501,0.75511,2.25,1.50
2017.01.20 08:44:24.538,0.75502,0.75512,1.50,2.06
2017.01.20 08:44:25.624,0.75501,0.75512,5.25,1.62
2017.01.20 08:44:31.164,0.75501,0.75512,4.50,2.06
2017.01.20 08:44:31.734,0.75502,0.75512,1.00,2.06
2017.01.20 08:44:32.295,0.75501,0.75512,3.75,2.06
2017.01.20 08:44:32.860,0.75502,0.75512,1.50,1.31
2017.01.20 08:44:34.144,0.75503,0.75512,4.31,1.00
2017.01.20 08:44:34.317,0.75507,0.75517,1.87,1.50
2017.01.20 08:44:34.418,0.75508,0.75519,1.50,4.12
2017.01.20 08:44:34.923,0.75509,0.75519,1.00,1.87
2017.01.20 08:44:35.801,0.75507,0.75514,2.62,3.00
2017.01.20 08:44:35.852,0.75507,0.75514,1.00,6.00
2017.01.20 08:44:35.903,0.75507,0.75512,1.00,2.81
2017.01.20 08:44:35.954,0.75505,0.75511,1.00,1.00
2017.01.20 08:44:36.055,0.75501,0.75511,1.31,1.50
2017.01.20 08:44:37.901,0.755,0.7551,2.81,1.00
2017.01.20 08:44:38.407,0.75501,0.75511,1.31,1.12
2017.01.20 08:44:38.912,0.75502,0.75512,1.12,4.31
2017.01.20 08:44:39.847,0.75502,0.7551,1.12,1.00
2017.01.20 08:44:41.282,0.75502,0.75511,1.12,1.00
2017.01.20 08:44:41.808,0.75501,0.75511,1.25,2.62
2017.01.20 08:44:42.551,0.75501,0.75509,1.25,1.00
2017.01.20 08:44:43.090,0.755,0.7551,2.81,1.50
2017.01.20 08:44:45.197,0.75503,0.7551,2.25,1.00
2017.01.20 08:44:45.349,0.75504,0.75514,1.12,2.25
2017.01.20 08:44:45.899,0.75504,0.75514,1.12,1.87
2017.01.20 08:44:46.365,0.75502,0.75512,1.87,1.37
2017.01.20 08:44:46.881,0.75501,0.7551,1.00,1.00
2017.01.20 08:44:47.424,0.755,0.7551,2.44,1.00
2017.01.20 08:44:47.949,0.75501,0.7551,1.50,1.00
2017.01.20 08:44:48.541,0.75501,0.75511,1.50,2.25
2017.01.20 08:44:49.073,0.75501,0.75509,1.50,1.00
2017.01.20 08:44:49.639,0.75499,0.75509,4.69,1.00
2017.01.20 08:44:50.145,0.75501,0.7551,1.00,1.00
2017.01.20 08:44:50.652,0.75499,0.7551,3.19,3.37
2017.01.20 08:44:51.462,0.75499,0.75508,3.19,1.00
2017.01.20 08:44:51.800,0.75498,0.75504,1.00,2.25
2017.01.20 08:44:51.851,0.75492,0.75502,2.62,1.37
2017.01.20 08:44:51.952,0.75491,0.75501,1.31,1.12
2017.01.20 08:44:52.490,0.75491,0.75501,1.25,3.00
2017.01.20 08:44:52.939,0.75488,0.755,4.87,4.12
2017.01.20 08:44:53.444,0.75488,0.75499,2.62,1.50
2017.01.20 08:44:58.477,0.75489,0.75499,1.37,1.37
2017.01.20 08:45:00.010,0.75489,0.75498,1.87,1.37
2017.01.20 08:45:00.529,0.75488,0.75498,1.87,1.12
2017.01.20 08:45:00.846,0.75488,0.75498,1.87,1.00
2017.01.20 08:45:03.982,0.75487,0.75498,2.44,1.12
2017.01.20 08:45:04.504,0.75488,0.75498,1.50,1.12
2017.01.20 08:45:05.040,0.75489,0.75499,1.00,3.00
2017.01.20 08:45:05.293,0.75491,0.755,1.12,1.12
2017.01.20 08:45:07.085,0.75492,0.75501,1.50,2.44
2017.01.20 08:45:07.213,0.75492,0.75502,3.37,1.00
2017.01.20 08:45:07.264,0.75494,0.75504,1.00,3.56
2017.01.20 08:45:07.773,0.75492,0.75503,1.87,2.44
2017.01.20 08:45:09.224,0.7549,0.75501,6.19,1.00
2017.01.20 08:45:10.560,0.75492,0.75502,1.50,4.12
2017.01.20 08:45:10.661,0.75494,0.75503,1.50,3.56
2017.01.20 08:45:10.817,0.75496,0.75505,1.00,1.00
2017.01.20 08:45:11.293,0.75498,0.75508,1.00,9.56
2017.01.20 08:45:11.445,0.75498,0.75508,1.00,3.19
2017.01.20 08:45:11.985,0.75497,0.75509,1.87,3.94
2017.01.20 08:45:12.728,0.75497,0.75509,4.31,2.25
2017.01.20 08:45:14.791,0.75499,0.75509,1.00,1.50
2017.01.20 08:45:14.943,0.75501,0.75511,1.00,3.56
2017.01.20 08:45:15.248,0.75499,0.7551,3.75,1.69
2017.01.20 08:45:15.400,0.75499,0.75506,1.00,1.00
2017.01.20 08:45:15.911,0.75499,0.7551,2.25,1.69
2017.01.20 08:45:17.534,0.75499,0.75508,1.00,1.00
2017.01.20 08:45:18.071,0.75498,0.75508,2.06,3.37
2017.01.20 08:45:18.526,0.755,0.75508,1.00,1.00
2017.01.20 08:45:18.627,0.755,0.7551,1.00,4.31
2017.01.20 08:45:20.356,0.755,0.7551,2.25,3.94
2017.01.20 08:45:23.225,0.75499,0.75509,1.50,1.12
2017.01.20 08:45:23.731,0.755,0.75511,1.00,5.06
2017.01.20 08:45:24.659,0.75498,0.75509,3.56,1.87
2017.01.20 08:45:25.447,0.75499,0.7551,2.62,2.81
2017.01.20 08:45:25.549,0.75501,0.75511,1.50,5.06
2017.01.20 08:45:31.103,0.755,0.75511,3.00,1.25
2017.01.20 08:45:32.454,0.75501,0.75511,1.50,3.94
2017.01.20 08:45:33.323,0.755,0.75511,3.00,1.62
2017.01.20 08:45:33.826,0.75501,0.75511,1.12,1.25
2017.01.20 08:45:34.366,0.755,0.7551,2.62,1.87
2017.01.20 08:45:35.564,0.75501,0.75511,1.12,1.69
2017.01.20 08:45:36.249,0.75502,0.75511,1.00,1.69
2017.01.20 08:45:37.141,0.75503,0.75512,2.25,1.00
2017.01.20 08:45:37.447,0.75506,0.75515,1.00,2.25
2017.01.20 08:45:37.549,0.75506,0.75515,1.00,1.87
2017.01.20 08:45:38.033,0.75508,0.75518,2.62,3.37
2017.01.20 08:45:38.185,0.75509,0.75519,2.25,2.25
2017.01.20 08:45:45.850,0.75511,0.75519,1.00,1.00
2017.01.20 08:45:46.103,0.75511,0.75521,1.37,1.25
2017.01.20 08:45:51.038,0.7551,0.7552,3.19,1.50
2017.01.20 08:45:51.190,0.7551,0.7552,1.00,1.87
2017.01.20 08:45:51.698,0.75511,0.7552,1.12,1.12
2017.01.20 08:45:52.245,0.75509,0.75519,2.62,1.00
2017.01.20 08:45:52.296,0.75509,0.75519,1.87,1.00
2017.01.20 08:45:52.802,0.7551,0.7552,1.00,1.12
2017.01.20 08:45:53.105,0.75512,0.75521,1.00,2.81
2017.01.20 08:45:53.611,0.75512,0.75521,1.00,1.25
2017.01.20 08:45:54.324,0.7551,0.75521,1.87,1.69
2017.01.20 08:45:54.553,0.75509,0.7552,1.00,1.50
2017.01.20 08:45:54.756,0.75512,0.7552,1.00,1.50
2017.01.20 08:45:55.111,0.75515,0.75522,1.00,2.62
2017.01.20 08:45:55.213,0.75513,0.75522,1.12,1.87
2017.01.20 08:45:55.315,0.75517,0.75524,1.00,1.12
2017.01.20 08:45:55.416,0.75517,0.75528,1.00,4.69
2017.01.20 08:45:55.922,0.75518,0.75528,1.00,2.81
2017.01.20 08:45:56.896,0.75518,0.75527,1.00,2.25
2017.01.20 08:45:57.402,0.75518,0.75528,1.50,1.25
2017.01.20 08:46:00.976,0.75517,0.75523,1.87,1.00
2017.01.20 08:46:01.027,0.75515,0.75519,1.87,1.00
2017.01.20 08:46:01.128,0.75512,0.75519,2.62,1.00
2017.01.20 08:46:01.230,0.75511,0.75518,4.50,1.00
2017.01.20 08:46:01.331,0.75511,0.75516,2.25,1.00
2017.01.20 08:46:01.433,0.7551,0.75521,2.00,1.87
2017.01.20 08:46:01.484,0.75509,0.75516,2.62,1.00
2017.01.20 08:46:01.636,0.75509,0.75514,1.00,1.00
2017.01.20 08:46:01.838,0.75507,0.75513,1.25,1.00
2017.01.20 08:46:02.041,0.75505,0.75512,1.87,1.00
2017.01.20 08:46:02.345,0.75503,0.7551,1.12,1.00
2017.01.20 08:46:02.498,0.75501,0.75509,4.87,1.00
2017.01.20 08:46:02.696,0.75503,0.75509,1.00,1.00
2017.01.20 08:46:02.747,0.75501,0.75509,3.00,1.00
2017.01.20 08:46:02.798,0.75503,0.75509,1.00,1.00
2017.01.20 08:46:02.950,0.75504,0.75512,1.00,1.37
2017.01.20 08:46:03.204,0.75504,0.75508,1.00,1.00
2017.01.20 08:46:03.407,0.75499,0.75505,1.87,1.00
2017.01.20 08:46:03.527,0.75498,0.75505,1.00,1.00
2017.01.20 08:46:04.033,0.75497,0.75505,3.56,1.00
2017.01.20 08:46:04.549,0.75497,0.75506,2.44,1.00
2017.01.20 08:46:05.054,0.75497,0.75505,1.69,1.00
2017.01.20 08:46:05.256,0.75496,0.75503,2.25,1.75
2017.01.20 08:46:05.408,0.75491,0.755,1.31,1.00
2017.01.20 08:46:06.632,0.7549,0.755,1.00,1.00
2017.01.20 08:46:07.144,0.75489,0.755,1.50,1.00
2017.01.20 08:46:07.733,0.75491,0.755,1.25,1.00
2017.01.20 08:46:08.610,0.75491,0.75501,1.91,1.00
2017.01.20 08:46:09.067,0.75494,0.75501,1.00,1.00
2017.01.20 08:46:09.169,0.75494,0.75503,1.50,1.31
2017.01.20 08:46:09.745,0.75492,0.75503,1.87,3.94
2017.01.20 08:46:09.847,0.75491,0.75502,1.31,3.00
2017.01.20 08:46:10.151,0.75495,0.75501,1.00,1.37
2017.01.20 08:46:10.354,0.75494,0.75504,4.69,1.00
2017.01.20 08:46:10.456,0.75495,0.75502,1.00,1.00
2017.01.20 08:46:10.557,0.75491,0.75502,2.25,1.50
2017.01.20 08:46:10.709,0.75493,0.75502,1.50,1.00
2017.01.20 08:46:11.021,0.75494,0.75505,1.87,2.81
2017.01.20 08:46:11.722,0.75495,0.75505,1.00,2.81
2017.01.20 08:46:12.224,0.75493,0.75504,2.25,1.25
2017.01.20 08:46:14.453,0.75495,0.75505,1.00,1.69
2017.01.20 08:46:15.904,0.75493,0.75505,1.12,1.69
2017.01.20 08:46:16.156,0.75491,0.75503,6.37,1.50
2017.01.20 08:46:16.409,0.7549,0.75502,2.44,3.37
2017.01.20 08:46:17.050,0.7549,0.755,1.69,1.00
2017.01.20 08:46:18.524,0.75491,0.755,1.00,1.00
2017.01.20 08:46:20.210,0.75492,0.755,2.25,1.00
2017.01.20 08:46:20.362,0.75493,0.75503,1.50,1.37
2017.01.20 08:46:20.691,0.75494,0.75504,1.00,1.25
2017.01.20 08:46:20.742,0.75497,0.75504,1.00,1.25
2017.01.20 08:46:20.894,0.75496,0.75507,3.00,1.37
2017.01.20 08:46:21.251,0.75494,0.75503,2.81,1.50
2017.01.20 08:46:21.303,0.75492,0.75503,2.25,2.62
2017.01.20 08:46:21.455,0.7549,0.75502,5.81,1.00
2017.01.20 08:46:22.006,0.75491,0.75502,2.25,1.50
2017.01.20 08:46:22.233,0.75493,0.75502,1.00,1.50
2017.01.20 08:46:22.485,0.75493,0.75505,4.50,2.44
2017.01.20 08:46:22.587,0.75493,0.75502,1.00,1.50
2017.01.20 08:46:22.941,0.75495,0.75503,1.00,2.62
2017.01.20 08:46:22.992,0.75494,0.75503,1.00,1.00
2017.01.20 08:46:23.510,0.75496,0.75505,1.00,2.06
2017.01.20 08:46:23.769,0.75497,0.75507,1.12,1.00
2017.01.20 08:46:25.125,0.75497,0.75508,1.87,1.69
2017.01.20 08:46:28.285,0.75498,0.75508,1.12,1.25
2017.01.20 08:46:30.747,0.75497,0.75504,1.00,1.00
2017.01.20 08:46:30.899,0.75494,0.75505,2.06,4.27
2017.01.20 08:46:31.303,0.75494,0.75504,1.00,6.19
2017.01.20 08:46:31.405,0.75491,0.75502,3.00,1.00
2017.01.20 08:46:31.557,0.75494,0.75503,1.50,1.00
2017.01.20 08:46:31.868,0.75493,0.75502,1.00,1.50
2017.01.20 08:46:32.580,0.75493,0.75503,2.25,1.87
2017.01.20 08:46:32.884,0.75493,0.75504,1.50,2.06
2017.01.20 08:46:32.935,0.75493,0.75502,1.37,1.00
2017.01.20 08:46:33.037,0.75492,0.75501,1.00,1.00
2017.01.20 08:46:33.621,0.75495,0.75503,1.12,1.12
2017.01.20 08:46:33.723,0.75495,0.75506,1.87,2.62
2017.01.20 08:46:35.303,0.75493,0.75504,3.94,1.00
2017.01.20 08:46:35.507,0.75498,0.75505,1.00,2.62
2017.01.20 08:46:35.608,0.75498,0.75509,1.87,3.37
2017.01.20 08:46:35.759,0.75498,0.7551,3.75,2.25
2017.01.20 08:46:35.924,0.75501,0.7551,1.00,1.00
2017.01.20 08:46:36.227,0.75504,0.75514,1.00,2.81
2017.01.20 08:46:36.762,0.75504,0.75515,2.62,5.06
2017.01.20 08:46:38.772,0.75502,0.75514,2.81,2.44
2017.01.20 08:46:39.083,0.75504,0.75514,2.25,1.31
2017.01.20 08:46:39.319,0.75502,0.75513,1.25,1.37
2017.01.20 08:46:39.735,0.75504,0.75512,1.00,1.37
2017.01.20 08:46:39.836,0.75502,0.75512,1.25,1.12
2017.01.20 08:46:40.376,0.755,0.75511,3.19,2.25
2017.01.20 08:46:40.898,0.75503,0.75513,1.50,1.87
2017.01.20 08:46:42.285,0.75506,0.75514,1.00,2.25
2017.01.20 08:46:42.386,0.75507,0.75516,1.12,1.00
2017.01.20 08:46:42.437,0.75508,0.75518,1.12,2.81
2017.01.20 08:46:45.893,0.7551,0.75518,1.35,1.00
2017.01.20 08:46:46.146,0.75511,0.7552,1.12,1.25
2017.01.20 08:46:47.063,0.7551,0.75519,1.87,1.00
2017.01.20 08:46:48.217,0.7551,0.75521,2.10,3.56
2017.01.20 08:46:49.341,0.75509,0.75519,8.25,1.00
2017.01.20 08:46:49.703,0.75508,0.75519,2.06,1.87
2017.01.20 08:46:49.905,0.75512,0.7552,1.00,1.31
2017.01.20 08:46:50.310,0.7551,0.75521,1.12,1.31
2017.01.20 08:46:50.851,0.75509,0.75521,2.62,2.44
2017.01.20 08:46:52.676,0.7551,0.7552,1.00,1.31
2017.01.20 08:46:54.195,0.75509,0.75519,1.87,1.50
2017.01.20 08:46:54.725,0.75508,0.75519,3.19,1.12
2017.01.20 08:46:55.392,0.75508,0.75519,3.19,1.12
2017.01.20 08:46:57.406,0.7551,0.7552,1.87,1.62
2017.01.20 08:46:57.558,0.75512,0.75523,4.31,1.50
2017.01.20 08:46:57.861,0.75511,0.7552,1.69,1.00
2017.01.20 08:47:00.910,0.7551,0.7552,1.12,1.69
2017.01.20 08:47:03.574,0.7551,0.7552,1.87,2.81
2017.01.20 08:47:04.081,0.7551,0.7552,2.10,2.06
2017.01.20 08:47:05.509,0.7551,0.7552,1.50,1.31
2017.01.20 08:47:06.108,0.75513,0.75522,1.00,3.56
2017.01.20 08:47:06.260,0.75514,0.75523,1.00,1.12
2017.01.20 08:47:06.767,0.75513,0.75524,1.50,3.37
2017.01.20 08:47:07.261,0.75515,0.75523,1.00,1.87
2017.01.20 08:47:07.312,0.75513,0.75523,1.12,1.37
2017.01.20 08:47:08.637,0.75515,0.75523,1.00,1.37
2017.01.20 08:47:08.941,0.75517,0.75528,1.50,3.19
2017.01.20 08:47:08.992,0.75517,0.75528,1.50,1.12
2017.01.20 08:47:09.270,0.75519,0.75529,1.12,3.75
2017.01.20 08:47:09.776,0.75518,0.75529,1.50,1.87
2017.01.20 08:47:10.130,0.75521,0.7553,1.00,1.00
2017.01.20 08:47:10.282,0.75521,0.75532,1.50,1.12
2017.01.20 08:47:10.687,0.75521,0.7553,1.00,1.00
2017.01.20 08:47:10.890,0.75518,0.75528,1.50,1.50
2017.01.20 08:47:13.461,0.75519,0.75529,1.00,2.25
2017.01.20 08:47:14.010,0.7552,0.75531,2.44,3.00
2017.01.20 08:47:14.366,0.75519,0.75528,2.62,1.00
2017.01.20 08:47:14.417,0.75519,0.75528,1.00,1.12
2017.01.20 08:47:14.922,0.75518,0.75529,2.06,3.56
2017.01.20 08:47:16.290,0.75518,0.75529,1.31,1.31
2017.01.20 08:47:17.501,0.75519,0.7553,1.00,3.94
2017.01.20 08:47:17.704,0.7552,0.75531,2.66,1.87
2017.01.20 08:47:17.805,0.7552,0.7553,2.81,1.50
2017.01.20 08:47:17.907,0.75519,0.7553,1.69,1.50
2017.01.20 08:47:19.048,0.75519,0.75529,1.00,1.50
2017.01.20 08:47:19.556,0.75518,0.75528,1.50,1.12
2017.01.20 08:47:19.847,0.75518,0.75528,1.50,3.67
2017.01.20 08:47:20.000,0.75515,0.75523,1.00,1.12
2017.01.20 08:47:20.203,0.75511,0.75522,2.62,1.87
2017.01.20 08:47:20.711,0.75513,0.75523,1.00,1.62
2017.01.20 08:47:24.812,0.75513,0.75523,1.00,2.44
2017.01.20 08:47:24.863,0.75512,0.7552,1.50,1.00
2017.01.20 08:47:25.368,0.7551,0.7552,2.25,1.00
2017.01.20 08:47:26.234,0.7551,0.75521,2.25,1.50
2017.01.20 08:47:26.892,0.75511,0.75522,2.25,5.62
2017.01.20 08:47:27.095,0.75514,0.75523,1.00,2.44
2017.01.20 08:47:30.845,0.75514,0.75521,1.00,1.00
2017.01.20 08:47:30.946,0.75511,0.75521,3.00,1.50
2017.01.20 08:47:31.464,0.75509,0.7552,4.31,1.12
2017.01.20 08:47:32.982,0.7551,0.7552,1.69,1.12
2017.01.20 08:47:33.429,0.7551,0.75518,1.69,2.25
2017.01.20 08:47:33.531,0.75509,0.75517,1.31,1.00
2017.01.20 08:47:39.060,0.75509,0.75518,1.25,1.50
2017.01.20 08:47:39.621,0.75509,0.75519,1.25,3.37
2017.01.20 08:47:40.800,0.75508,0.75518,2.44,1.50
2017.01.20 08:47:42.804,0.75508,0.75519,3.56,4.50
2017.01.20 08:47:49.118,0.75508,0.75517,2.06,1.00
2017.01.20 08:47:49.807,0.75507,0.75517,3.19,1.00
2017.01.20 08:47:51.858,0.75507,0.75518,3.00,3.19
2017.01.20 08:47:53.042,0.75507,0.75517,3.00,2.25
2017.01.20 08:47:53.246,0.75503,0.75513,1.50,2.25
2017.01.20 08:47:53.348,0.75502,0.75511,3.00,1.00
2017.01.20 08:47:53.703,0.75501,0.75509,1.00,1.00
2017.01.20 08:47:53.855,0.75499,0.75509,4.50,1.00
2017.01.20 08:47:55.065,0.755,0.75509,1.00,1.00
2017.01.20 08:47:58.592,0.75501,0.75509,1.00,1.00
2017.01.20 08:47:58.694,0.75503,0.7551,1.50,1.00
2017.01.20 08:47:58.796,0.75503,0.75513,1.50,1.87
2017.01.20 08:48:00.204,0.75502,0.75512,4.87,1.00
2017.01.20 08:48:00.717,0.75502,0.75512,1.00,1.50
2017.01.20 08:48:01.244,0.75503,0.75513,1.00,1.12
2017.01.20 08:48:02.997,0.75503,0.75514,3.37,3.00
2017.01.20 08:48:03.048,0.75505,0.75515,1.00,3.19
2017.01.20 08:48:03.417,0.75504,0.75513,1.00,2.25
2017.01.20 08:48:03.973,0.75503,0.75512,2.25,1.12
2017.01.20 08:48:06.072,0.75504,0.75514,1.50,1.87
2017.01.20 08:48:06.621,0.75504,0.75513,1.12,1.00
2017.01.20 08:48:07.144,0.75504,0.75514,4.50,1.87
2017.01.20 08:48:07.347,0.75502,0.75512,2.25,1.00
2017.01.20 08:48:07.398,0.75502,0.75512,2.25,1.12
2017.01.20 08:48:09.443,0.75503,0.75512,1.50,1.00
2017.01.20 08:48:10.027,0.75503,0.75513,1.87,2.25
2017.01.20 08:48:10.401,0.75504,0.75515,3.75,2.81
2017.01.20 08:48:10.946,0.75505,0.75515,1.00,2.81
2017.01.20 08:48:11.401,0.75504,0.75513,3.00,1.00
2017.01.20 08:48:11.910,0.75504,0.75514,2.25,3.75
2017.01.20 08:48:12.439,0.75504,0.75512,1.00,1.12
2017.01.20 08:48:12.757,0.75501,0.7551,3.37,1.00
2017.01.20 08:48:13.400,0.75501,0.7551,1.87,1.00
2017.01.20 08:48:14.672,0.75501,0.75509,1.12,1.00
2017.01.20 08:48:15.358,0.755,0.7551,2.25,1.00
2017.01.20 08:48:18.831,0.755,0.75511,3.75,3.00
2017.01.20 08:48:19.381,0.75502,0.75513,2.62,3.94
2017.01.20 08:48:23.241,0.75502,0.75509,1.50,1.00
2017.01.20 08:48:23.760,0.755,0.75509,1.37,1.50
2017.01.20 08:48:28.452,0.755,0.75508,1.87,1.00
2017.01.20 08:48:34.388,0.75499,0.75508,2.06,1.00
2017.01.20 08:48:34.921,0.75499,0.75508,1.69,1.00
2017.01.20 08:48:37.692,0.75498,0.75507,2.62,1.00
2017.01.20 08:48:38.193,0.75498,0.75507,2.25,1.00
2017.01.20 08:48:40.582,0.75498,0.75509,3.75,2.81
2017.01.20 08:48:40.909,0.755,0.75509,1.12,1.69
2017.01.20 08:48:45.317,0.75501,0.75509,1.00,1.19
2017.01.20 08:48:45.368,0.75501,0.7551,1.87,1.12
2017.01.20 08:48:45.469,0.75504,0.75512,1.00,1.31
2017.01.20 08:48:45.621,0.75504,0.75513,1.00,1.00
2017.01.20 08:48:46.148,0.75507,0.75515,1.00,2.44
2017.01.20 08:48:46.366,0.75508,0.75517,1.12,2.25
2017.01.20 08:48:48.930,0.75506,0.75516,6.37,1.00
2017.01.20 08:48:49.343,0.75505,0.75513,1.00,1.00
2017.01.20 08:48:49.699,0.75501,0.7551,1.37,1.12
2017.01.20 08:48:50.216,0.75501,0.75511,1.12,6.37
2017.01.20 08:48:50.935,0.755,0.75509,3.00,2.25
2017.01.20 08:48:51.481,0.755,0.75509,2.62,1.87
2017.01.20 08:48:59.497,0.75501,0.75511,3.00,4.50
2017.01.20 08:48:59.548,0.75502,0.75511,1.00,1.00
2017.01.20 08:48:59.650,0.75504,0.75513,1.50,1.00
2017.01.20 08:49:00.155,0.75503,0.75513,2.62,1.12
2017.01.20 08:49:00.596,0.75501,0.75512,1.87,5.06
2017.01.20 08:49:01.431,0.755,0.7551,2.25,1.50
2017.01.20 08:49:01.734,0.75499,0.75508,1.12,1.00
2017.01.20 08:49:03.715,0.755,0.75508,1.00,1.00
2017.01.20 08:49:04.060,0.755,0.7551,2.25,2.62
2017.01.20 08:49:06.055,0.755,0.75509,1.50,1.00
2017.01.20 08:49:06.656,0.755,0.75509,1.37,1.00
2017.01.20 08:49:07.161,0.755,0.7551,1.12,1.50
2017.01.20 08:49:08.844,0.75503,0.7551,1.00,1.50
2017.01.20 08:49:08.895,0.75502,0.75512,3.37,2.44
2017.01.20 08:49:08.997,0.75504,0.75513,1.00,1.87
2017.01.20 08:49:09.502,0.75504,0.75513,1.50,1.50
2017.01.20 08:49:09.857,0.75504,0.75511,1.00,1.00
2017.01.20 08:49:10.075,0.75502,0.75511,3.56,1.00
2017.01.20 08:49:10.163,0.75502,0.75513,3.56,1.00
2017.01.20 08:49:11.080,0.75503,0.75513,1.00,1.00
2017.01.20 08:49:11.585,0.75504,0.75515,1.12,6.00
2017.01.20 08:49:12.093,0.75504,0.75513,1.12,1.00
2017.01.20 08:49:13.189,0.75503,0.75512,3.37,1.00
2017.01.20 08:49:13.444,0.75503,0.7551,2.25,1.00
2017.01.20 08:49:13.957,0.75501,0.7551,1.25,1.50
2017.01.20 08:49:14.059,0.755,0.75508,2.06,1.00
2017.01.20 08:49:15.402,0.755,0.75508,1.00,1.00
2017.01.20 08:49:15.940,0.75498,0.75508,2.81,1.50
2017.01.20 08:49:16.453,0.755,0.75508,1.00,1.69
2017.01.20 08:49:17.032,0.75501,0.75509,1.00,2.81
2017.01.20 08:49:18.198,0.75499,0.75509,1.12,4.69
2017.01.20 08:49:19.032,0.755,0.75508,1.00,1.31
2017.01.20 08:49:19.628,0.75499,0.75509,1.00,5.06
2017.01.20 08:49:20.530,0.755,0.75509,1.00,4.31
2017.01.20 08:49:22.374,0.755,0.75506,1.00,1.00
2017.01.20 08:49:22.675,0.755,0.75508,1.00,2.06
2017.01.20 08:49:24.679,0.75501,0.75508,1.00,2.81
2017.01.20 08:49:25.221,0.755,0.75509,1.50,2.06
2017.01.20 08:49:25.732,0.75499,0.75508,1.00,1.31
2017.01.20 08:49:26.257,0.75499,0.75507,1.00,1.50
2017.01.20 08:49:26.770,0.75499,0.75508,1.00,1.25
2017.01.20 08:49:28.307,0.75499,0.75507,1.00,1.00
2017.01.20 08:49:28.531,0.75495,0.75503,1.75,1.50
2017.01.20 08:49:28.632,0.75495,0.75502,1.00,1.00
2017.01.20 08:49:28.734,0.75496,0.75504,1.00,1.87
2017.01.20 08:49:31.244,0.75494,0.75503,1.50,1.50
2017.01.20 08:49:31.346,0.75492,0.75501,1.50,1.00
2017.01.20 08:49:31.658,0.75497,0.75503,1.00,1.00
2017.01.20 08:49:32.060,0.75493,0.75502,4.12,1.00
2017.01.20 08:49:32.213,0.75492,0.75502,1.87,1.50
2017.01.20 08:49:32.466,0.75493,0.75499,1.00,1.00
2017.01.20 08:49:32.820,0.75491,0.755,2.62,1.50
2017.01.20 08:49:33.073,0.75489,0.75499,2.62,1.00
2017.01.20 08:49:33.619,0.75489,0.75498,1.00,1.50
2017.01.20 08:49:34.508,0.75491,0.75498,1.00,2.25
2017.01.20 08:49:35.014,0.75489,0.75498,3.00,1.00
2017.01.20 08:49:35.553,0.7549,0.75497,1.12,1.00
2017.01.20 08:49:35.756,0.75492,0.755,1.00,1.00
2017.01.20 08:49:35.958,0.7549,0.75499,1.87,1.00
2017.01.20 08:49:36.211,0.75492,0.75499,1.00,1.00
2017.01.20 08:49:36.727,0.75492,0.755,1.00,1.00
2017.01.20 08:49:37.031,0.75489,0.75497,2.25,1.00
2017.01.20 08:49:37.183,0.75488,0.75497,1.31,1.50
2017.01.20 08:49:37.284,0.7549,0.75497,1.00,1.00
2017.01.20 08:49:37.386,0.7549,0.75499,1.50,1.00
2017.01.20 08:49:37.488,0.75492,0.75499,1.00,1.00
2017.01.20 08:49:37.741,0.75494,0.75502,1.00,1.00
2017.01.20 08:49:38.251,0.75492,0.75499,1.00,1.25
2017.01.20 08:49:38.707,0.75489,0.75499,1.87,2.44
2017.01.20 08:49:39.176,0.75489,0.75496,1.12,1.00
2017.01.20 08:49:39.700,0.75488,0.75497,1.37,1.50
2017.01.20 08:49:40.374,0.75488,0.75497,1.00,1.50
2017.01.20 08:49:40.959,0.75487,0.75496,1.87,1.00
2017.01.20 08:49:41.212,0.75483,0.75493,1.00,4.87
2017.01.20 08:49:41.376,0.75481,0.75491,1.50,2.25
2017.01.20 08:49:41.682,0.7548,0.75487,1.12,1.00
2017.01.20 08:49:46.901,0.75479,0.75488,2.25,1.00
2017.01.20 08:49:49.185,0.75479,0.75484,1.37,1.25
2017.01.20 08:49:49.438,0.75469,0.75478,3.75,1.69
2017.01.20 08:49:49.489,0.75469,0.75477,1.00,1.25
2017.01.20 08:49:49.539,0.75467,0.75473,1.37,1.00
2017.01.20 08:49:49.692,0.75464,0.7547,1.00,1.00
2017.01.20 08:49:49.793,0.7546,0.7547,1.50,2.44
2017.01.20 08:49:49.844,0.75459,0.7547,1.50,2.44
2017.01.20 08:49:50.363,0.75458,0.75468,3.00,1.00
2017.01.20 08:49:50.897,0.75458,0.75466,1.50,1.00
2017.01.20 08:49:51.403,0.75458,0.75467,1.00,2.06
2017.01.20 08:49:52.180,0.75459,0.75467,1.00,1.31
2017.01.20 08:49:52.484,0.75459,0.75469,1.87,1.00
2017.01.20 08:49:53.004,0.75464,0.75469,4.65,1.00
2017.01.20 08:49:53.055,0.75464,0.75472,2.25,1.00
2017.01.20 08:49:53.106,0.75466,0.75473,1.00,1.87
2017.01.20 08:49:53.637,0.75466,0.75475,1.87,1.69
2017.01.20 08:49:54.163,0.75468,0.75477,1.12,1.00
2017.01.20 08:49:54.664,0.75467,0.75476,1.12,1.00
2017.01.20 08:49:56.623,0.75466,0.75476,1.87,1.00
2017.01.20 08:49:57.083,0.75466,0.75473,1.12,1.00
2017.01.20 08:49:57.237,0.75463,0.75473,3.37,1.12
2017.01.20 08:49:57.443,0.75466,0.75473,1.00,1.50
2017.01.20 08:49:57.596,0.75469,0.75477,1.00,1.12
2017.01.20 08:49:58.390,0.75468,0.75476,1.37,1.00
2017.01.20 08:49:58.895,0.75467,0.75477,1.50,1.00
2017.01.20 08:49:58.997,0.75467,0.75475,1.12,1.00
2017.01.20 08:49:59.261,0.75467,0.75477,1.87,3.00
2017.01.20 08:50:00.185,0.75467,0.75475,1.12,1.00
2017.01.20 08:50:00.871,0.75466,0.75476,2.62,1.00
2017.01.20 08:50:01.176,0.7547,0.75476,1.00,1.87
2017.01.20 08:50:01.518,0.75467,0.75476,1.87,1.87
2017.01.20 08:50:01.619,0.75465,0.75475,3.37,3.94
2017.01.20 08:50:01.720,0.75464,0.75472,1.00,1.00
2017.01.20 08:50:01.974,0.75467,0.75475,1.00,2.44
2017.01.20 08:50:02.302,0.75463,0.75472,2.25,1.00
2017.01.20 08:50:02.404,0.75463,0.75471,1.00,1.00
2017.01.20 08:50:03.062,0.75464,0.75471,1.00,1.00
2017.01.20 08:50:03.612,0.75463,0.75472,1.00,1.00
2017.01.20 08:50:04.375,0.75461,0.7547,2.25,1.00
2017.01.20 08:50:04.682,0.75463,0.75472,1.12,1.25
2017.01.20 08:50:05.187,0.75464,0.75472,1.12,1.25
2017.01.20 08:50:05.238,0.75467,0.75472,1.00,1.00
2017.01.20 08:50:05.290,0.75467,0.75474,1.12,1.00
2017.01.20 08:50:05.802,0.75466,0.75476,1.37,1.69
2017.01.20 08:50:06.181,0.75465,0.75476,1.87,2.06
2017.01.20 08:50:06.485,0.75467,0.75476,1.12,1.69
2017.01.20 08:50:07.043,0.75467,0.75472,1.00,1.19
2017.01.20 08:50:07.280,0.75463,0.7547,2.62,1.00
2017.01.20 08:50:07.332,0.75461,0.75468,1.00,1.00
2017.01.20 08:50:07.484,0.75463,0.75471,1.00,1.25
2017.01.20 08:50:07.535,0.75461,0.75471,1.12,1.25
2017.01.20 08:50:07.800,0.7546,0.7547,2.25,2.44
2017.01.20 08:50:08.307,0.75459,0.75468,3.37,1.00
2017.01.20 08:50:08.719,0.75462,0.7547,1.00,2.44
2017.01.20 08:50:09.224,0.75461,0.7547,1.12,1.69
2017.01.20 08:50:09.693,0.75459,0.75468,1.12,1.00
2017.01.20 08:50:09.795,0.75459,0.75468,1.87,1.00
2017.01.20 08:50:10.301,0.7546,0.75469,1.37,1.25
2017.01.20 08:50:11.060,0.75459,0.75468,1.50,1.00
2017.01.20 08:50:11.620,0.75458,0.75468,6.00,1.00
2017.01.20 08:50:12.738,0.75458,0.75468,1.50,2.62
2017.01.20 08:50:13.899,0.75458,0.75465,1.00,1.00
2017.01.20 08:50:14.148,0.75457,0.75467,1.37,1.12
2017.01.20 08:50:14.303,0.75457,0.75464,1.37,1.50
2017.01.20 08:50:14.405,0.75451,0.7546,2.25,1.12
2017.01.20 08:50:14.456,0.75449,0.7546,5.62,1.69
2017.01.20 08:50:14.976,0.75451,0.7546,1.00,1.31
2017.01.20 08:50:15.437,0.75449,0.75458,1.37,1.00
2017.01.20 08:50:15.966,0.75451,0.75459,1.00,1.25
2017.01.20 08:50:16.283,0.75453,0.75459,1.50,1.00
2017.01.20 08:50:16.334,0.75454,0.75462,1.00,1.12
2017.01.20 08:50:16.435,0.75456,0.75463,1.00,1.31
2017.01.20 08:50:16.739,0.75453,0.75462,1.87,1.69
2017.01.20 08:50:16.841,0.75451,0.75462,4.50,2.44
2017.01.20 08:50:17.116,0.75454,0.75461,1.50,1.12
2017.01.20 08:50:17.609,0.75452,0.7546,1.00,1.00
2017.01.20 08:50:18.616,0.75454,0.7546,1.00,1.00
2017.01.20 08:50:18.718,0.75454,0.75463,2.25,1.69
2017.01.20 08:50:19.174,0.75451,0.75461,1.87,1.00
2017.01.20 08:50:19.225,0.75453,0.75461,1.00,1.00
2017.01.20 08:50:19.548,0.75456,0.75463,1.12,1.19
2017.01.20 08:50:19.599,0.75457,0.75466,1.00,1.50
2017.01.20 08:50:19.700,0.75455,0.75463,1.50,1.00
2017.01.20 08:50:19.852,0.75453,0.75462,1.00,1.25
2017.01.20 08:50:20.004,0.75457,0.75461,1.00,1.00
2017.01.20 08:50:20.106,0.75456,0.75465,1.00,1.50
2017.01.20 08:50:20.208,0.75457,0.75466,2.62,1.00
2017.01.20 08:50:20.513,0.75459,0.75467,1.37,1.69
2017.01.20 08:50:21.403,0.75459,0.75468,1.50,2.10
2017.01.20 08:50:21.759,0.75461,0.75469,1.00,1.00
2017.01.20 08:50:22.376,0.75461,0.75468,1.00,1.00
2017.01.20 08:50:22.528,0.75459,0.75467,1.00,1.00
2017.01.20 08:50:22.785,0.75461,0.75468,1.50,1.00
2017.01.20 08:50:22.836,0.75461,0.7547,1.00,1.87
2017.01.20 08:50:23.242,0.7546,0.75468,1.00,1.00
2017.01.20 08:50:23.547,0.75457,0.75466,3.00,1.35
2017.01.20 08:50:23.925,0.75461,0.7547,1.50,3.00
2017.01.20 08:50:24.228,0.75458,0.75468,1.50,2.62
2017.01.20 08:50:25.575,0.75459,0.75467,1.00,1.12
2017.01.20 08:50:26.084,0.75457,0.75466,1.31,1.00
2017.01.20 08:50:26.492,0.75454,0.75463,2.62,1.12
2017.01.20 08:50:26.594,0.75452,0.75461,2.62,2.10
2017.01.20 08:50:26.696,0.75451,0.75461,1.87,2.25
2017.01.20 08:50:28.250,0.75451,0.75461,3.00,1.37
2017.01.20 08:50:28.780,0.75452,0.7546,1.00,1.12
2017.01.20 08:50:29.307,0.75451,0.7546,1.12,1.12
2017.01.20 08:50:29.761,0.75449,0.75458,1.00,1.00
2017.01.20 08:50:30.306,0.75448,0.75457,1.00,1.12
2017.01.20 08:50:31.898,0.75446,0.75454,2.81,1.00
2017.01.20 08:50:32.199,0.75439,0.75447,1.19,1.75
2017.01.20 08:50:32.352,0.75439,0.75447,1.19,1.12
2017.01.20 08:50:32.858,0.75439,0.75448,1.00,1.37
2017.01.20 08:50:33.214,0.75439,0.75449,2.44,1.00
2017.01.20 08:50:33.416,0.75438,0.75449,5.81,1.75
2017.01.20 08:50:37.391,0.75437,0.75448,6.56,2.62
2017.01.20 08:50:39.787,0.75439,0.75446,1.87,1.00
2017.01.20 08:50:40.308,0.75439,0.75447,1.87,1.00
2017.01.20 08:50:40.848,0.7544,0.75447,1.00,1.00
2017.01.20 08:50:41.416,0.75439,0.75447,2.62,1.00
2017.01.20 08:50:42.894,0.75441,0.75447,1.00,1.00
2017.01.20 08:50:43.141,0.75445,0.75455,5.25,1.12
2017.01.20 08:50:43.394,0.75447,0.75456,1.25,1.87
2017.01.20 08:50:43.943,0.75446,0.75457,3.94,1.87
2017.01.20 08:50:46.724,0.75447,0.75457,1.31,1.12
2017.01.20 08:50:47.236,0.75447,0.75457,1.69,1.87
2017.01.20 08:50:47.541,0.75445,0.75455,4.69,1.12
2017.01.20 08:50:48.049,0.75445,0.75456,5.81,1.87
2017.01.20 08:50:48.457,0.75446,0.75454,1.94,1.00
2017.01.20 08:50:49.215,0.75446,0.75453,2.44,1.00
2017.01.20 08:50:49.417,0.75443,0.7545,2.44,1.00
2017.01.20 08:50:49.772,0.75443,0.75452,2.06,1.50
2017.01.20 08:50:51.549,0.75444,0.75452,1.00,1.50
2017.01.20 08:50:52.090,0.75443,0.75452,2.06,1.50
2017.01.20 08:50:52.474,0.75445,0.75452,1.00,1.00
2017.01.20 08:50:52.636,0.75446,0.75456,3.94,1.00
2017.01.20 08:50:53.042,0.75446,0.75454,1.37,1.50
2017.01.20 08:50:53.143,0.75443,0.75454,4.31,3.00
2017.01.20 08:50:53.194,0.75443,0.75452,3.19,1.00
2017.01.20 08:50:53.297,0.75444,0.75454,3.00,1.12
2017.01.20 08:50:53.348,0.75446,0.75455,2.25,1.87
2017.01.20 08:50:53.652,0.75444,0.75452,1.50,1.87
2017.01.20 08:50:53.703,0.75444,0.75452,1.12,1.12
2017.01.20 08:50:54.231,0.75442,0.75452,3.94,1.12
2017.01.20 08:50:55.961,0.75443,0.75452,1.25,1.75
2017.01.20 08:50:56.167,0.75441,0.75451,3.75,1.87
2017.01.20 08:50:56.967,0.7544,0.75449,1.25,1.00
2017.01.20 08:50:57.018,0.75438,0.75447,1.69,1.00
2017.01.20 08:50:58.239,0.75438,0.75447,1.00,1.00
2017.01.20 08:50:59.861,0.75438,0.75446,1.00,1.00
2017.01.20 08:51:00.022,0.75436,0.75446,1.31,2.25
2017.01.20 08:51:01.644,0.75435,0.75445,5.44,1.12
2017.01.20 08:51:03.646,0.75437,0.75446,3.00,1.50
2017.01.20 08:51:04.160,0.75436,0.75446,8.06,1.50
2017.01.20 08:51:04.688,0.75436,0.75446,3.56,1.50
2017.01.20 08:51:05.193,0.75437,0.75446,2.62,1.00
2017.01.20 08:51:05.788,0.75437,0.75446,2.62,1.00
2017.01.20 08:51:08.471,0.75436,0.75446,7.31,1.00
2017.01.20 08:51:08.830,0.75436,0.75445,2.25,1.12
2017.01.20 08:51:08.882,0.75434,0.75443,2.81,1.50
2017.01.20 08:51:09.136,0.7543,0.75439,1.00,2.25
2017.01.20 08:51:09.814,0.75427,0.75438,6.56,1.00
2017.01.20 08:51:10.322,0.75429,0.75439,2.06,1.00
2017.01.20 08:51:10.897,0.75429,0.75438,2.06,1.00
2017.01.20 08:51:11.556,0.75427,0.75438,2.62,1.50
2017.01.20 08:51:12.062,0.75427,0.75438,4.35,1.00
2017.01.20 08:51:12.603,0.75429,0.75439,1.50,1.50
2017.01.20 08:51:12.907,0.75428,0.75437,2.25,1.00
2017.01.20 08:51:13.400,0.75426,0.75436,4.69,1.00
2017.01.20 08:51:13.909,0.75426,0.75437,4.69,1.50
2017.01.20 08:51:14.214,0.75428,0.75437,1.50,1.00
2017.01.20 08:51:14.860,0.75426,0.75437,3.56,1.00
2017.01.20 08:51:15.502,0.75425,0.75435,1.75,1.50
2017.01.20 08:51:15.806,0.7542,0.75429,2.81,1.00
2017.01.20 08:51:15.857,0.75419,0.75429,2.44,1.12
2017.01.20 08:51:16.456,0.75419,0.7543,3.19,2.62
2017.01.20 08:51:16.531,0.75421,0.7543,1.00,1.12
2017.01.20 08:51:16.834,0.75423,0.75434,1.50,7.31
2017.01.20 08:51:17.343,0.75422,0.75432,1.12,1.69
2017.01.20 08:51:17.886,0.75425,0.75432,1.50,1.00
2017.01.20 08:51:18.190,0.75427,0.75434,1.12,1.00
2017.01.20 08:51:18.869,0.75427,0.75435,1.00,1.00
2017.01.20 08:51:19.374,0.75427,0.75434,1.00,1.00
2017.01.20 08:51:19.476,0.75427,0.75436,1.00,1.00
2017.01.20 08:51:19.577,0.75428,0.75438,1.87,2.62
2017.01.20 08:51:19.931,0.7543,0.7544,2.44,1.50
2017.01.20 08:51:20.499,0.75431,0.7544,3.56,1.00
2017.01.20 08:51:20.803,0.75431,0.75438,1.62,1.00
2017.01.20 08:51:20.854,0.7543,0.75438,1.00,1.00
2017.01.20 08:51:20.955,0.75428,0.75435,1.00,1.00
2017.01.20 08:51:21.460,0.75428,0.75436,1.50,1.50
2017.01.20 08:51:21.962,0.75428,0.75438,2.25,3.75
2017.01.20 08:51:22.367,0.7543,0.75439,2.44,1.00
2017.01.20 08:51:22.418,0.7543,0.75441,4.13,3.00
2017.01.20 08:51:22.823,0.75431,0.75439,1.00,1.00
2017.01.20 08:51:23.025,0.75428,0.75437,1.00,1.50
2017.01.20 08:51:23.552,0.75428,0.75436,1.00,1.00
2017.01.20 08:51:25.706,0.75428,0.75438,1.00,1.00
2017.01.20 08:51:25.807,0.75432,0.75439,1.50,1.50
2017.01.20 08:51:26.112,0.75435,0.75442,3.56,3.00
2017.01.20 08:51:26.264,0.75438,0.75442,1.00,1.00
2017.01.20 08:51:26.816,0.75438,0.75443,1.12,1.00
2017.01.20 08:51:27.361,0.75438,0.75446,1.12,1.00
2017.01.20 08:51:32.294,0.75438,0.75446,2.25,1.00
2017.01.20 08:51:32.436,0.75441,0.75446,1.00,1.00
2017.01.20 08:51:32.488,0.75441,0.75449,1.00,2.06
2017.01.20 08:51:32.999,0.75441,0.75449,1.00,1.25
2017.01.20 08:51:33.153,0.75441,0.7545,4.12,1.00
2017.01.20 08:51:33.406,0.75443,0.75453,3.34,2.25
2017.01.20 08:51:33.508,0.75445,0.75453,2.62,1.00
2017.01.20 08:51:33.558,0.75445,0.75456,1.87,2.25
2017.01.20 08:51:33.609,0.75446,0.75455,1.50,1.00
2017.01.20 08:51:34.750,0.75446,0.75456,1.50,2.25
2017.01.20 08:51:41.064,0.75448,0.75458,2.25,1.00
2017.01.20 08:51:41.591,0.75449,0.75457,1.00,1.00
2017.01.20 08:51:41.894,0.75443,0.75451,5.81,1.00
2017.01.20 08:51:41.945,0.75443,0.75451,3.94,1.00
2017.01.20 08:51:42.047,0.75445,0.75454,1.87,1.12
2017.01.20 08:51:42.559,0.75445,0.75453,2.62,1.00
2017.01.20 08:51:42.916,0.75444,0.75451,1.37,1.00
2017.01.20 08:51:42.967,0.75443,0.75451,1.69,1.00
2017.01.20 08:51:43.582,0.75442,0.7545,1.00,1.00
2017.01.20 08:51:44.475,0.75441,0.7545,1.00,1.00
2017.01.20 08:51:45.401,0.7544,0.75449,2.81,1.00
2017.01.20 08:51:45.604,0.75438,0.75448,1.12,1.50
2017.01.20 08:51:45.655,0.75438,0.75446,1.12,1.00
2017.01.20 08:51:47.976,0.75438,0.75447,2.62,1.00
2017.01.20 08:51:48.281,0.75441,0.75448,1.37,1.50
2017.01.20 08:51:48.584,0.75444,0.7545,1.87,1.00
2017.01.20 08:51:49.837,0.75444,0.75451,1.37,1.00
2017.01.20 08:51:50.374,0.75446,0.75451,1.00,1.00
2017.01.20 08:51:51.200,0.75444,0.75451,1.37,1.00
2017.01.20 08:51:51.519,0.75445,0.75452,1.12,1.50
2017.01.20 08:51:51.873,0.75444,0.75452,1.87,1.00
2017.01.20 08:51:52.484,0.75444,0.7545,1.87,1.00
2017.01.20 08:51:53.031,0.75444,0.75451,1.12,2.62
2017.01.20 08:51:53.681,0.75444,0.75452,1.12,1.00
2017.01.20 08:51:54.289,0.75444,0.75451,1.87,1.00
2017.01.20 08:51:57.651,0.75444,0.75452,1.87,1.00
2017.01.20 08:51:57.803,0.75443,0.75451,1.50,1.00
2017.01.20 08:51:57.930,0.75445,0.75453,3.00,1.12
2017.01.20 08:51:58.032,0.75446,0.75455,2.62,3.37
2017.01.20 08:51:58.083,0.75446,0.75455,2.62,1.50
2017.01.20 08:52:00.272,0.75447,0.75456,1.00,2.25
2017.01.20 08:52:02.097,0.75447,0.75457,1.00,2.81
2017.01.20 08:52:02.652,0.75447,0.75456,1.00,1.00
2017.01.20 08:52:03.372,0.75446,0.75453,1.37,1.00
2017.01.20 08:52:03.423,0.75445,0.75453,1.12,1.00
2017.01.20 08:52:03.575,0.75443,0.7545,1.37,1.00
2017.01.20 08:52:03.677,0.75441,0.75451,1.25,1.87
2017.01.20 08:52:04.186,0.75442,0.75452,2.62,1.00
2017.01.20 08:52:04.721,0.75442,0.75452,2.25,1.00
2017.01.20 08:52:05.961,0.75445,0.75453,1.00,1.25
2017.01.20 08:52:06.264,0.75447,0.75455,1.50,1.00
2017.01.20 08:52:08.020,0.75446,0.75453,1.12,1.00
2017.01.20 08:52:08.172,0.75444,0.75453,1.00,1.00
2017.01.20 08:52:08.721,0.75443,0.75452,3.19,1.00
2017.01.20 08:52:10.388,0.75443,0.75451,1.69,1.00
2017.01.20 08:52:10.591,0.75441,0.75451,2.06,1.50
2017.01.20 08:52:11.437,0.7544,0.7545,1.31,3.00
2017.01.20 08:52:11.488,0.7544,0.75448,1.12,1.00
2017.01.20 08:52:11.560,0.75439,0.75447,1.00,1.00
2017.01.20 08:52:11.896,0.75436,0.75445,3.94,1.00
2017.01.20 08:52:12.869,0.75435,0.75445,9.71,1.00
2017.01.20 08:52:13.485,0.75436,0.75446,1.62,3.75
2017.01.20 08:52:16.419,0.75438,0.75448,1.00,1.00
2017.01.20 08:52:16.848,0.75438,0.75446,1.50,1.00
2017.01.20 08:52:17.101,0.75439,0.75448,1.12,1.12
2017.01.20 08:52:17.708,0.75439,0.75449,1.50,2.62
2017.01.20 08:52:18.069,0.7544,0.7545,1.50,1.50
2017.01.20 08:52:18.373,0.75443,0.7545,1.00,1.00
2017.01.20 08:52:18.940,0.75443,0.75453,1.00,2.62
2017.01.20 08:52:19.596,0.75442,0.75451,1.37,1.50
2017.01.20 08:52:19.945,0.75439,0.75448,1.69,1.50
2017.01.20 08:52:20.450,0.75441,0.75451,1.00,1.87
2017.01.20 08:52:20.956,0.75442,0.75451,1.00,1.00
2017.01.20 08:52:21.466,0.75441,0.75451,1.12,1.00
2017.01.20 08:52:22.124,0.75441,0.75451,1.12,1.00
2017.01.20 08:52:22.864,0.75441,0.75451,1.37,1.50
2017.01.20 08:52:23.336,0.75445,0.75452,1.00,1.00
2017.01.20 08:52:23.548,0.75447,0.75455,1.00,1.00
2017.01.20 08:52:24.115,0.75447,0.75456,1.00,1.50
2017.01.20 08:52:25.040,0.75447,0.75455,1.00,3.75
2017.01.20 08:52:25.091,0.75445,0.75451,1.50,1.00
2017.01.20 08:52:25.430,0.75441,0.7545,1.56,1.00
2017.01.20 08:52:25.633,0.7544,0.75448,1.00,1.00
2017.01.20 08:52:26.143,0.75438,0.75448,2.06,1.00
2017.01.20 08:52:28.917,0.75437,0.75447,8.06,1.00
2017.01.20 08:52:29.554,0.75437,0.75448,8.06,1.50
2017.01.20 08:52:32.031,0.75437,0.75447,6.56,1.00
2017.01.20 08:52:33.376,0.75438,0.75448,1.31,1.50
2017.01.20 08:52:34.524,0.75437,0.75444,2.25,1.00
2017.01.20 08:52:34.899,0.75436,0.75442,1.37,2.25
2017.01.20 08:52:34.952,0.75432,0.75442,1.62,2.25
2017.01.20 08:52:35.053,0.75435,0.75443,1.00,1.50
2017.01.20 08:52:35.878,0.75433,0.75443,3.00,1.00
2017.01.20 08:52:37.462,0.75433,0.75442,3.00,1.00
2017.01.20 08:52:38.916,0.75433,0.75443,2.25,1.50
2017.01.20 08:52:39.236,0.75433,0.7544,1.37,1.00
2017.01.20 08:52:39.287,0.75431,0.7544,2.06,1.00
2017.01.20 08:52:39.642,0.75432,0.75442,2.06,1.50
2017.01.20 08:52:39.844,0.75431,0.75438,1.12,1.00
2017.01.20 08:52:39.996,0.75431,0.7544,1.50,1.00
2017.01.20 08:52:40.047,0.75431,0.75437,1.50,1.00
2017.01.20 08:52:40.098,0.7543,0.75439,1.31,2.25
2017.01.20 08:52:40.149,0.7543,0.75437,1.31,1.00
2017.01.20 08:52:40.250,0.75428,0.75436,1.37,1.00
2017.01.20 08:52:40.774,0.75429,0.75435,1.37,1.00
2017.01.20 08:52:40.825,0.75428,0.75435,1.00,1.00
2017.01.20 08:52:41.350,0.75428,0.75436,1.00,1.00
2017.01.20 08:52:41.923,0.75428,0.75437,1.00,3.75
2017.01.20 08:52:42.425,0.75428,0.75436,1.00,1.50
2017.01.20 08:52:44.751,0.75428,0.75438,1.50,1.00
2017.01.20 08:52:44.854,0.7543,0.7544,1.87,2.25
2017.01.20 08:52:44.955,0.75431,0.75441,6.94,1.00
2017.01.20 08:52:45.108,0.75434,0.75442,1.37,2.62
2017.01.20 08:52:45.210,0.75432,0.75442,1.69,2.62
2017.01.20 08:52:45.311,0.75435,0.75442,1.12,1.12
2017.01.20 08:52:45.463,0.75435,0.75445,3.19,1.50
2017.01.20 08:52:51.634,0.75435,0.75442,2.44,1.00
2017.01.20 08:52:51.685,0.75434,0.75442,1.50,1.00
2017.01.20 08:52:52.213,0.75432,0.75441,2.06,1.12
2017.01.20 08:52:53.896,0.75431,0.7544,1.12,1.50
2017.01.20 08:52:54.067,0.75429,0.75437,1.12,1.00
2017.01.20 08:52:55.344,0.75429,0.75438,1.00,1.00
2017.01.20 08:52:55.598,0.75431,0.75441,1.00,1.12
2017.01.20 08:52:56.016,0.7543,0.75439,2.25,1.00
2017.01.20 08:52:56.168,0.75429,0.75439,1.87,1.00
2017.01.20 08:52:56.724,0.75429,0.7544,5.06,2.62
2017.01.20 08:52:56.776,0.7543,0.7544,1.50,1.00
2017.01.20 08:52:57.286,0.75431,0.75441,1.37,1.25
2017.01.20 08:52:57.831,0.7543,0.75441,7.87,1.25
2017.01.20 08:52:59.603,0.75431,0.75441,3.71,1.00
2017.01.20 08:52:59.948,0.75435,0.75444,2.81,1.50
2017.01.20 08:53:00.254,0.75439,0.75446,1.00,1.00
2017.01.20 08:53:06.659,0.75437,0.75449,8.06,2.81
2017.01.20 08:53:09.815,0.7544,0.7545,1.12,2.06
2017.01.20 08:53:09.866,0.75441,0.7545,1.65,1.12
2017.01.20 08:53:10.170,0.75438,0.75447,3.37,1.00
2017.01.20 08:53:10.753,0.75438,0.75448,1.00,1.00
2017.01.20 08:53:11.413,0.75438,0.75449,1.00,3.00
2017.01.20 08:53:12.376,0.75437,0.75449,4.87,3.00
2017.01.20 08:53:13.630,0.75437,0.75448,4.87,1.00
2017.01.20 08:53:14.557,0.75437,0.75445,7.12,1.00
2017.01.20 08:53:14.709,0.75438,0.75448,1.00,1.50
2017.01.20 08:53:14.861,0.75438,0.75446,1.12,1.00
2017.01.20 08:53:15.654,0.75437,0.75446,1.12,1.00
2017.01.20 08:53:17.130,0.75437,0.75447,1.00,1.50
2017.01.20 08:53:19.665,0.75437,0.75447,2.25,1.50
2017.01.20 08:53:20.192,0.75438,0.75447,1.50,1.50
2017.01.20 08:53:20.527,0.75447,0.75452,1.37,4.87
2017.01.20 08:53:20.629,0.75448,0.75452,1.00,1.00
2017.01.20 08:53:20.680,0.75448,0.75453,1.50,1.00
2017.01.20 08:53:20.731,0.75448,0.75457,2.25,2.44
2017.01.20 08:53:21.112,0.75448,0.75458,2.25,1.50
2017.01.20 08:53:21.962,0.75449,0.75456,1.12,1.00
2017.01.20 08:53:22.064,0.75448,0.75458,1.50,2.25
2017.01.20 08:53:22.216,0.75449,0.75456,1.00,1.00
2017.01.20 08:53:22.317,0.75449,0.75458,1.12,2.25
2017.01.20 08:53:22.726,0.75451,0.75458,1.37,1.00
2017.01.20 08:53:22.777,0.75451,0.75461,1.37,1.31
2017.01.20 08:53:23.283,0.7545,0.75459,1.00,1.00
2017.01.20 08:53:23.587,0.75449,0.75457,1.37,1.00
2017.01.20 08:53:24.093,0.75448,0.75457,1.37,1.00
2017.01.20 08:53:25.435,0.75448,0.75458,1.37,1.50
2017.01.20 08:53:25.752,0.7545,0.75461,3.75,1.69
2017.01.20 08:53:26.054,0.75449,0.75457,1.00,1.00
2017.01.20 08:53:26.611,0.75449,0.75458,1.12,1.00
2017.01.20 08:53:27.128,0.75449,0.75461,1.37,5.06
2017.01.20 08:53:27.189,0.7545,0.75461,1.12,3.94
2017.01.20 08:53:27.493,0.7545,0.75458,1.37,1.00
2017.01.20 08:53:27.594,0.75448,0.75458,1.50,3.00
2017.01.20 08:53:27.696,0.75447,0.75458,2.06,3.00
2017.01.20 08:53:28.173,0.75449,0.75458,1.00,1.00
2017.01.20 08:53:28.421,0.75451,0.75461,1.31,1.00
2017.01.20 08:53:28.573,0.75448,0.7546,6.94,3.75
2017.01.20 08:53:28.624,0.75448,0.75458,3.94,1.00
2017.01.20 08:53:28.725,0.75448,0.7546,4.69,3.00
2017.01.20 08:53:29.352,0.75448,0.7546,2.81,3.75
2017.01.20 08:53:30.644,0.75448,0.75458,1.19,1.00
2017.01.20 08:53:30.796,0.75446,0.75456,4.12,1.00
2017.01.20 08:53:31.373,0.75446,0.75457,1.37,1.87
2017.01.20 08:53:31.474,0.75447,0.75457,3.00,1.00
2017.01.20 08:53:31.985,0.75447,0.75458,3.37,1.50
2017.01.20 08:53:32.494,0.75447,0.75457,3.00,1.50
2017.01.20 08:53:33.077,0.75447,0.75458,1.50,2.25
2017.01.20 08:53:34.035,0.75449,0.7546,2.47,1.00
2017.01.20 08:53:34.516,0.7545,0.75458,1.00,1.00
2017.01.20 08:53:34.820,0.75447,0.75456,1.00,1.50
2017.01.20 08:53:35.425,0.75446,0.75456,6.94,1.50
2017.01.20 08:53:39.977,0.75446,0.75455,4.69,1.00
2017.01.20 08:53:40.028,0.75446,0.75455,2.44,1.00
2017.01.20 08:53:40.569,0.75446,0.75455,1.12,1.00
2017.01.20 08:53:47.458,0.75446,0.75457,1.50,4.69
2017.01.20 08:53:47.964,0.75446,0.75456,1.69,2.25
2017.01.20 08:53:48.643,0.75447,0.75456,1.50,1.00
2017.01.20 08:53:49.285,0.75447,0.75457,1.50,1.50
2017.01.20 08:53:56.359,0.75446,0.75455,3.56,1.00
2017.01.20 08:53:56.914,0.75446,0.75456,3.56,1.00
2017.01.20 08:53:59.581,0.75447,0.75457,1.00,4.12
2017.01.20 08:53:59.916,0.75447,0.75454,1.00,1.00
2017.01.20 08:54:00.068,0.7544,0.75451,2.44,1.31
2017.01.20 08:54:00.642,0.7544,0.75451,1.25,1.31
2017.01.20 08:54:01.161,0.7544,0.7545,1.69,1.00
2017.01.20 08:54:01.784,0.7544,0.7545,2.44,1.00
2017.01.20 08:54:02.673,0.75439,0.75449,3.56,2.25
2017.01.20 08:54:02.775,0.75438,0.75445,3.56,1.00
2017.01.20 08:54:02.927,0.75438,0.75447,1.69,1.00
2017.01.20 08:54:08.006,0.75438,0.75446,3.19,1.00
2017.01.20 08:54:08.514,0.75438,0.75447,1.50,1.00
2017.01.20 08:54:21.002,0.75437,0.75446,1.75,1.00
2017.01.20 08:54:21.206,0.75436,0.75445,1.37,1.00
2017.01.20 08:54:21.652,0.75435,0.75447,5.44,4.87
2017.01.20 08:54:22.176,0.75436,0.75447,1.00,3.75
2017.01.20 08:54:22.825,0.75436,0.75446,1.50,1.00
2017.01.20 08:54:23.129,0.75436,0.75446,1.12,1.50
2017.01.20 08:54:23.634,0.75437,0.75447,4.50,1.00
2017.01.20 08:54:24.058,0.75437,0.75445,1.50,1.00
2017.01.20 08:54:24.218,0.75437,0.75447,1.50,3.75
2017.01.20 08:54:27.012,0.75437,0.75447,1.12,2.25
2017.01.20 08:54:29.729,0.75437,0.75448,1.50,1.25
2017.01.20 08:54:29.991,0.75438,0.75448,1.87,1.69
2017.01.20 08:54:30.294,0.75438,0.75446,1.87,1.00
2017.01.20 08:54:32.505,0.75438,0.75448,1.87,1.25
2017.01.20 08:54:34.935,0.75439,0.75449,1.00,5.81
2017.01.20 08:54:35.238,0.75441,0.7545,1.00,4.31
2017.01.20 08:54:35.339,0.75441,0.7545,1.00,1.87
2017.01.20 08:54:35.390,0.75439,0.7545,1.31,1.87
2017.01.20 08:54:35.442,0.75441,0.75449,1.00,1.50
2017.01.20 08:54:35.766,0.75438,0.75449,1.69,1.00
2017.01.20 08:54:36.933,0.75437,0.75447,3.19,1.00
2017.01.20 08:54:38.291,0.75438,0.75448,1.19,3.75
2017.01.20 08:54:38.597,0.75437,0.75446,1.00,1.00
2017.01.20 08:54:38.932,0.75439,0.75448,1.00,4.50
2017.01.20 08:54:44.326,0.75437,0.75446,1.12,1.00
2017.01.20 08:54:44.842,0.75436,0.75448,2.62,5.62
2017.01.20 08:54:44.993,0.75438,0.75448,1.00,4.12
2017.01.20 08:54:46.076,0.75438,0.75447,1.00,1.00
2017.01.20 08:54:46.754,0.75437,0.75447,2.25,1.00
2017.01.20 08:54:47.458,0.7544,0.75448,1.00,2.62
2017.01.20 08:54:47.610,0.75437,0.75448,3.37,1.87
2017.01.20 08:54:48.127,0.75437,0.75448,3.75,1.87
2017.01.20 08:54:49.660,0.75437,0.75447,1.50,1.00
2017.01.20 08:54:49.914,0.75437,0.75445,1.00,1.50
2017.01.20 08:54:50.071,0.75435,0.75444,1.00,2.06
2017.01.20 08:54:50.173,0.75433,0.75443,1.00,2.25
2017.01.20 08:54:50.478,0.7543,0.7544,3.56,1.00
2017.01.20 08:54:50.552,0.7543,0.7544,1.00,2.25
2017.01.20 08:54:50.653,0.75429,0.75438,1.12,1.00
2017.01.20 08:54:51.721,0.75429,0.75439,1.12,2.25
2017.01.20 08:54:52.026,0.75432,0.7544,1.00,1.00
2017.01.20 08:54:52.789,0.7543,0.7544,1.12,1.00
2017.01.20 08:54:53.400,0.7543,0.75441,1.12,1.50
2017.01.20 08:54:54.457,0.7543,0.7544,1.12,1.00
2017.01.20 08:54:54.660,0.7543,0.75438,1.00,1.12
2017.01.20 08:54:54.851,0.75428,0.75437,1.25,1.00
2017.01.20 08:54:55.447,0.75427,0.75436,2.06,1.00
2017.01.20 08:54:56.962,0.75429,0.75436,1.00,1.00
2017.01.20 08:54:58.342,0.75429,0.75436,1.19,1.00
2017.01.20 08:54:58.862,0.75429,0.75437,1.69,1.00
2017.01.20 08:55:00.935,0.75429,0.75438,1.19,1.50
2017.01.20 08:55:01.137,0.75429,0.75436,2.06,1.00
2017.01.20 08:55:01.340,0.75429,0.75438,1.31,1.50
2017.01.20 08:55:02.065,0.75431,0.75438,1.00,1.00
2017.01.20 08:55:02.584,0.75429,0.75438,1.31,1.00
2017.01.20 08:55:02.827,0.75433,0.75439,1.50,1.00
2017.01.20 08:55:02.980,0.75435,0.75445,1.56,1.87
2017.01.20 08:55:03.082,0.75437,0.75447,1.50,3.19
2017.01.20 08:55:03.726,0.75437,0.75446,1.69,1.00
2017.01.20 08:55:04.354,0.75438,0.75447,1.25,1.00
2017.01.20 08:55:04.900,0.75438,0.75448,2.44,1.00
2017.01.20 08:55:05.655,0.75438,0.75447,1.69,2.62
2017.01.20 08:55:06.303,0.75438,0.75446,1.69,2.62
2017.01.20 08:55:06.837,0.75437,0.75447,2.81,4.12
2017.01.20 08:55:07.386,0.75438,0.75446,1.31,2.62
2017.01.20 08:55:08.018,0.75438,0.75447,1.31,3.37
2017.01.20 08:55:08.916,0.75438,0.75446,2.06,2.62
2017.01.20 08:55:09.426,0.75438,0.75447,1.31,4.12
2017.01.20 08:55:10.234,0.75438,0.75446,1.31,2.62
2017.01.20 08:55:11.515,0.75437,0.75447,2.06,4.12
2017.01.20 08:55:12.054,0.75437,0.75446,1.56,2.62
2017.01.20 08:55:12.810,0.75437,0.75447,1.56,5.62
2017.01.20 08:55:13.345,0.75437,0.75446,1.56,2.62
2017.01.20 08:55:13.871,0.75437,0.75447,1.56,3.37
2017.01.20 08:55:15.306,0.75438,0.75446,1.31,2.62
2017.01.20 08:55:15.928,0.75437,0.75447,1.56,4.12
2017.01.20 08:55:16.548,0.75437,0.75446,1.56,2.62
2017.01.20 08:55:17.087,0.75437,0.75447,1.56,5.62
2017.01.20 08:55:17.773,0.75437,0.75446,1.56,2.62
2017.01.20 08:55:18.349,0.75438,0.75447,1.69,4.12
2017.01.20 08:55:19.602,0.75437,0.75446,3.56,2.62
2017.01.20 08:55:20.134,0.75437,0.75447,2.81,3.37
2017.01.20 08:55:20.733,0.75437,0.75446,2.81,2.62
2017.01.20 08:55:21.252,0.75437,0.75447,2.81,3.37
2017.01.20 08:55:21.860,0.75437,0.75446,2.81,2.62
2017.01.20 08:55:23.041,0.75437,0.75446,1.31,3.37
2017.01.20 08:55:23.875,0.75437,0.75447,1.31,4.12
2017.01.20 08:55:24.411,0.75437,0.75446,1.31,2.62
2017.01.20 08:55:25.301,0.75436,0.75445,1.62,3.37
2017.01.20 08:55:25.518,0.75433,0.75442,1.50,7.12
2017.01.20 08:55:25.569,0.75432,0.7544,1.50,5.25
2017.01.20 08:55:25.736,0.75428,0.75437,2.81,1.00
2017.01.20 08:55:26.024,0.75428,0.75435,2.44,2.62
2017.01.20 08:55:26.534,0.75428,0.75436,3.19,2.62
2017.01.20 08:55:28.718,0.75428,0.75435,2.44,2.62
2017.01.20 08:55:29.234,0.75428,0.75436,2.44,2.62
2017.01.20 08:55:29.815,0.75428,0.75437,2.44,1.00
2017.01.20 08:55:30.225,0.75428,0.75435,3.19,2.62
2017.01.20 08:55:30.774,0.75428,0.75436,1.69,2.62
2017.01.20 08:55:35.238,0.75428,0.75435,1.00,2.62
2017.01.20 08:55:37.212,0.75428,0.75437,2.25,4.12
2017.01.20 08:55:37.263,0.75431,0.75437,1.00,4.12
2017.01.20 08:55:37.769,0.7543,0.75437,1.00,2.62
2017.01.20 08:55:37.921,0.7543,0.75439,1.12,4.31
2017.01.20 08:55:38.503,0.7543,0.75438,2.62,2.62
2017.01.20 08:55:39.037,0.75429,0.75437,2.25,2.62
2017.01.20 08:55:39.654,0.75434,0.75438,1.50,2.62
2017.01.20 08:55:39.705,0.75434,0.75441,2.25,1.50
2017.01.20 08:55:39.756,0.75437,0.75444,1.00,4.12
2017.01.20 08:55:40.019,0.75437,0.75446,2.25,4.31
2017.01.20 08:55:40.424,0.75439,0.75447,1.00,5.06
2017.01.20 08:55:41.051,0.75437,0.75447,3.37,3.56
2017.01.20 08:55:41.580,0.75438,0.75447,1.00,3.56
2017.01.20 08:55:42.249,0.75438,0.75446,1.00,2.62
2017.01.20 08:55:42.774,0.75438,0.75447,1.00,3.56
2017.01.20 08:55:43.482,0.75437,0.75447,2.62,3.56
2017.01.20 08:55:43.937,0.75437,0.75445,3.00,2.62
2017.01.20 08:55:44.480,0.75437,0.75446,3.00,2.62
2017.01.20 08:55:45.026,0.75437,0.75447,3.00,3.56
2017.01.20 08:55:45.500,0.75437,0.75445,1.37,1.00
2017.01.20 08:55:46.107,0.75437,0.75446,1.00,3.37
2017.01.20 08:55:46.717,0.75436,0.75445,3.00,2.62
2017.01.20 08:55:47.256,0.75436,0.75446,3.75,3.37
2017.01.20 08:55:47.805,0.75436,0.75445,3.75,2.62
2017.01.20 08:55:50.054,0.75436,0.75442,2.62,1.25
2017.01.20 08:55:50.315,0.7543,0.7544,1.00,4.31
2017.01.20 08:55:50.909,0.7543,0.75439,1.00,1.12
2017.01.20 08:55:51.265,0.75428,0.75437,1.12,1.00
2017.01.20 08:55:51.735,0.7543,0.75437,1.00,1.50
2017.01.20 08:55:53.036,0.7543,0.75436,1.00,1.12
2017.01.20 08:55:53.188,0.75427,0.75435,1.50,1.31
2017.01.20 08:55:53.239,0.75426,0.75433,1.50,1.00
2017.01.20 08:55:53.341,0.75424,0.75432,1.20,1.00
2017.01.20 08:55:53.442,0.75426,0.75431,1.00,2.62
2017.01.20 08:55:53.594,0.75425,0.75435,1.00,5.25
2017.01.20 08:55:53.867,0.75425,0.75434,5.62,3.00
2017.01.20 08:55:54.388,0.75427,0.75435,1.87,2.62
2017.01.20 08:55:55.372,0.75427,0.75436,2.62,2.81
2017.01.20 08:55:55.709,0.75427,0.75435,1.12,1.60
2017.01.20 08:55:55.896,0.75424,0.75434,1.00,2.06
2017.01.20 08:55:56.402,0.75422,0.75433,3.37,3.94
2017.01.20 08:55:56.465,0.75425,0.75432,2.25,3.37
2017.01.20 08:55:56.619,0.75425,0.75434,2.62,2.62
2017.01.20 08:55:56.669,0.75427,0.75434,1.00,2.62
2017.01.20 08:55:56.974,0.75429,0.75436,1.00,2.81
2017.01.20 08:55:57.509,0.75428,0.75436,1.00,2.81
2017.01.20 08:55:58.035,0.75426,0.75436,1.87,2.81
2017.01.20 08:55:58.338,0.75429,0.75435,1.00,2.81
2017.01.20 08:55:58.541,0.7543,0.75438,1.00,2.25
2017.01.20 08:55:59.008,0.75427,0.75437,2.25,1.12
2017.01.20 08:55:59.328,0.75426,0.75435,1.50,1.12
2017.01.20 08:55:59.632,0.75425,0.75431,1.00,1.00
2017.01.20 08:55:59.683,0.75423,0.75431,1.87,1.00
2017.01.20 08:55:59.834,0.75421,0.7543,1.12,1.00
2017.01.20 08:56:00.381,0.7542,0.75429,2.62,1.00
2017.01.20 08:56:00.886,0.7542,0.75428,1.87,1.12
2017.01.20 08:56:01.392,0.7542,0.75429,1.50,1.12
2017.01.20 08:56:02.444,0.75421,0.75428,1.00,1.00
2017.01.20 08:56:02.963,0.75421,0.75429,1.50,1.87
2017.01.20 08:56:03.514,0.75422,0.75429,1.00,1.87
2017.01.20 08:56:04.756,0.75422,0.75428,1.00,1.12
2017.01.20 08:56:05.110,0.7542,0.75429,1.12,4.05
2017.01.20 08:56:05.313,0.7542,0.75427,1.00,1.12
2017.01.20 08:56:05.958,0.75419,0.75427,1.12,1.12
2017.01.20 08:56:06.469,0.75419,0.75428,1.12,1.12
2017.01.20 08:56:08.558,0.75421,0.75428,1.00,1.87
2017.01.20 08:56:09.063,0.75421,0.75428,1.00,1.37
2017.01.20 08:56:09.114,0.75419,0.75428,1.87,1.37
2017.01.20 08:56:10.841,0.75419,0.75429,1.87,3.19
2017.01.20 08:56:11.372,0.75417,0.75427,2.62,1.00
2017.01.20 08:56:11.676,0.75417,0.75426,1.12,1.12
2017.01.20 08:56:11.879,0.7542,0.75427,1.00,1.12
2017.01.20 08:56:12.384,0.7542,0.75428,1.00,1.12
2017.01.20 08:56:13.655,0.7542,0.75429,1.00,1.31
2017.01.20 08:56:14.923,0.75419,0.75425,1.12,1.25
2017.01.20 08:56:15.429,0.75418,0.75427,2.62,1.31
2017.01.20 08:56:15.943,0.75419,0.75427,1.12,1.12
2017.01.20 08:56:16.594,0.75419,0.75428,1.50,1.31
2017.01.20 08:56:16.963,0.75417,0.75425,2.25,1.69
2017.01.20 08:56:17.067,0.75417,0.75424,1.12,2.44
2017.01.20 08:56:17.221,0.75415,0.75419,1.00,1.00
2017.01.20 08:56:17.272,0.75412,0.7542,1.50,1.00
2017.01.20 08:56:17.323,0.7541,0.7542,1.37,1.87
2017.01.20 08:56:17.425,0.7541,0.75418,1.00,1.12
2017.01.20 08:56:17.526,0.7541,0.75421,1.00,5.06
2017.01.20 08:56:18.051,0.75409,0.7542,1.87,1.50
2017.01.20 08:56:19.293,0.75409,0.75419,1.87,1.00
2017.01.20 08:56:19.465,0.75408,0.75419,2.25,5.06
2017.01.20 08:56:20.008,0.75408,0.75419,2.62,4.31
2017.01.20 08:56:20.535,0.75409,0.75419,2.25,4.31
2017.01.20 08:56:25.975,0.75407,0.75419,3.37,9.94
2017.01.20 08:56:32.889,0.7541,0.75419,1.00,2.81
2017.01.20 08:56:33.041,0.75411,0.7542,1.00,1.50
2017.01.20 08:56:33.194,0.75415,0.75421,1.50,1.12
2017.01.20 08:56:33.615,0.75416,0.75427,1.87,1.25
2017.01.20 08:56:36.106,0.75417,0.75427,1.00,2.44
2017.01.20 08:56:36.359,0.75419,0.75428,1.00,1.00
2017.01.20 08:56:36.563,0.7542,0.7543,1.00,1.25
2017.01.20 08:56:38.216,0.7542,0.75429,1.00,2.85
2017.01.20 08:56:38.368,0.75418,0.75426,1.87,1.69
2017.01.20 08:56:38.469,0.75416,0.75428,2.25,7.31
2017.01.20 08:56:39.149,0.75417,0.75428,1.87,2.44
2017.01.20 08:56:45.456,0.75417,0.75424,1.00,1.19
2017.01.20 08:56:45.507,0.75416,0.75427,1.87,4.69
2017.01.20 08:56:46.101,0.75418,0.75425,1.00,1.25
2017.01.20 08:56:46.618,0.75417,0.75427,1.50,3.19
2017.01.20 08:56:47.232,0.75416,0.75425,1.00,1.69
2017.01.20 08:56:51.386,0.75417,0.75427,1.37,3.19
2017.01.20 08:56:54.253,0.7542,0.75427,4.50,1.19
2017.01.20 08:56:54.556,0.75421,0.75427,2.25,1.19
2017.01.20 08:56:55.081,0.75421,0.75427,1.50,1.19
2017.01.20 08:56:56.409,0.7542,0.75427,2.25,1.19
2017.01.20 08:56:57.872,0.7542,0.75427,3.00,1.19
2017.01.20 08:56:59.541,0.75424,0.75432,1.00,1.00
2017.01.20 08:56:59.845,0.75421,0.75433,4.12,3.37
2017.01.20 08:56:59.896,0.75421,0.75431,5.25,1.19
2017.01.20 08:57:00.201,0.75426,0.75434,1.00,3.75
2017.01.20 08:57:00.252,0.75427,0.75434,1.50,1.12
2017.01.20 08:57:00.454,0.75428,0.7544,1.50,3.00
2017.01.20 08:57:00.606,0.75428,0.75438,3.75,1.54
2017.01.20 08:57:01.183,0.75426,0.75438,3.75,3.60
2017.01.20 08:57:02.737,0.75427,0.75437,1.50,1.00
2017.01.20 08:57:04.473,0.75426,0.75436,3.00,1.50
2017.01.20 08:57:04.778,0.75421,0.75431,3.00,1.12
2017.01.20 08:57:05.081,0.75426,0.75434,1.00,1.00
2017.01.20 08:57:05.487,0.75428,0.75438,1.87,2.06
2017.01.20 08:57:05.588,0.75428,0.75439,2.25,1.56
2017.01.20 08:57:06.143,0.75429,0.75439,1.37,2.29
2017.01.20 08:57:07.038,0.75427,0.75439,3.37,3.41
2017.01.20 08:57:07.159,0.75427,0.75434,1.87,2.10
2017.01.20 08:57:07.262,0.75426,0.75433,1.12,1.00
2017.01.20 08:57:07.722,0.75425,0.75435,1.50,2.85
2017.01.20 08:57:07.774,0.75426,0.75433,1.00,1.00
2017.01.20 08:57:07.927,0.75421,0.75431,3.75,1.69
2017.01.20 08:57:08.915,0.7542,0.75431,2.62,1.19
2017.01.20 08:57:10.210,0.75422,0.75431,1.00,1.19
2017.01.20 08:57:12.745,0.75423,0.75432,1.00,1.31
2017.01.20 08:57:13.262,0.75422,0.75432,2.25,2.06
2017.01.20 08:57:13.862,0.75422,0.75432,3.00,2.06
2017.01.20 08:57:14.643,0.75424,0.75434,1.00,2.81
2017.01.20 08:57:14.694,0.75424,0.75434,1.87,1.31
2017.01.20 08:57:14.745,0.75428,0.75436,1.00,5.06
2017.01.20 08:57:14.848,0.75428,0.75436,1.12,1.50
2017.01.20 08:57:15.025,0.75428,0.75438,2.25,1.25
2017.01.20 08:57:16.640,0.7543,0.7544,1.00,2.25
2017.01.20 08:57:16.792,0.7543,0.75441,2.25,1.25
2017.01.20 08:57:17.045,0.7543,0.75438,1.87,1.54
2017.01.20 08:57:17.096,0.75428,0.75438,1.50,1.54
2017.01.20 08:57:17.770,0.75431,0.7544,1.00,4.35
2017.01.20 08:57:18.024,0.75432,0.75442,1.12,2.44
2017.01.20 08:57:18.534,0.75432,0.75441,1.00,1.12
2017.01.20 08:57:19.042,0.75431,0.7544,1.87,1.35
2017.01.20 08:57:19.258,0.75431,0.75439,1.12,1.91
2017.01.20 08:57:19.309,0.75428,0.75439,2.25,2.06
2017.01.20 08:57:19.815,0.75428,0.7544,3.37,3.56
2017.01.20 08:57:20.018,0.75431,0.75441,1.00,2.25
2017.01.20 08:57:20.322,0.75432,0.75443,1.00,2.62
2017.01.20 08:57:20.811,0.7543,0.75439,3.19,2.10
2017.01.20 08:57:21.065,0.75431,0.7544,1.00,1.50
2017.01.20 08:57:21.116,0.75431,0.75442,2.25,2.25
2017.01.20 08:57:22.144,0.75432,0.7544,1.12,1.00
2017.01.20 08:57:22.246,0.7543,0.7544,1.31,1.00
2017.01.20 08:57:22.500,0.75433,0.75442,1.00,2.25
2017.01.20 08:57:22.551,0.75433,0.75442,1.00,1.00
2017.01.20 08:57:22.703,0.7543,0.75441,3.56,1.50
2017.01.20 08:57:22.956,0.7543,0.75437,1.31,2.25
2017.01.20 08:57:26.155,0.75428,0.75436,1.37,2.25
2017.01.20 08:57:27.081,0.75429,0.75437,1.00,2.25
2017.01.20 08:57:27.612,0.75427,0.75437,2.62,2.25
2017.01.20 08:57:28.118,0.75425,0.75436,3.19,3.00
2017.01.20 08:57:28.620,0.75426,0.75436,2.06,2.25
2017.01.20 08:57:30.010,0.75426,0.75434,2.06,2.25
2017.01.20 08:57:31.045,0.75426,0.75436,1.62,2.25
2017.01.20 08:57:31.624,0.75425,0.75436,5.81,2.25
2017.01.20 08:57:32.221,0.75425,0.75434,6.19,2.25
2017.01.20 08:57:32.658,0.75427,0.75436,1.00,2.25
2017.01.20 08:57:33.840,0.75428,0.75436,1.00,2.25
2017.01.20 08:57:34.433,0.75427,0.75436,2.25,2.25
2017.01.20 08:57:34.972,0.75427,0.75437,2.25,2.62
2017.01.20 08:57:35.787,0.75427,0.75436,3.00,2.25
2017.01.20 08:57:36.751,0.75428,0.75436,1.00,2.25
2017.01.20 08:57:38.117,0.75428,0.75437,1.00,1.00
2017.01.20 08:57:39.121,0.75428,0.75436,1.00,2.25
2017.01.20 08:57:39.747,0.75427,0.75436,2.25,2.25
2017.01.20 08:57:41.152,0.75427,0.75435,1.00,2.25
2017.01.20 08:57:41.790,0.75426,0.75435,2.06,2.25
2017.01.20 08:57:42.340,0.75426,0.75435,2.44,2.25
2017.01.20 08:57:43.219,0.75427,0.75436,1.87,1.00
2017.01.20 08:57:44.007,0.75428,0.75436,1.00,1.00
2017.01.20 08:57:45.098,0.75427,0.75436,1.87,2.25
2017.01.20 08:57:51.034,0.75427,0.75435,1.87,2.25
2017.01.20 08:57:54.429,0.75426,0.75435,1.69,2.25
2017.01.20 08:57:54.999,0.75426,0.75434,1.31,2.25
2017.01.20 08:57:56.102,0.75426,0.75434,1.31,2.25
2017.01.20 08:57:56.857,0.75426,0.75436,1.31,4.87
2017.01.20 08:57:58.911,0.75425,0.75435,3.94,3.00
2017.01.20 08:58:01.100,0.75426,0.75436,2.06,2.25
2017.01.20 08:58:03.544,0.75427,0.75436,1.69,2.25
2017.01.20 08:58:04.157,0.75428,0.75437,1.12,1.00
2017.01.20 08:58:07.818,0.75428,0.75436,1.12,2.25
2017.01.20 08:58:08.321,0.75428,0.75437,1.50,2.25
2017.01.20 08:58:08.865,0.75428,0.75437,1.12,3.75
2017.01.20 08:58:10.128,0.75428,0.75436,1.12,2.25
2017.01.20 08:58:12.507,0.75428,0.75437,1.00,4.50
2017.01.20 08:58:13.034,0.75428,0.75436,1.00,2.25
2017.01.20 08:58:13.307,0.75426,0.75435,1.31,1.00
2017.01.20 08:58:13.518,0.75424,0.75429,1.31,2.85
2017.01.20 08:58:13.570,0.75422,0.75429,2.25,3.60
2017.01.20 08:58:13.671,0.75418,0.75428,2.06,1.00
2017.01.20 08:58:13.873,0.75418,0.75428,1.25,1.00
2017.01.20 08:58:15.171,0.7542,0.75429,1.00,4.12
2017.01.20 08:58:15.577,0.75417,0.75429,4.69,5.25
2017.01.20 08:58:15.944,0.75417,0.75426,2.06,3.00
2017.01.20 08:58:16.485,0.75417,0.75426,1.12,3.00
2017.01.20 08:58:19.000,0.75417,0.75425,1.12,2.25
2017.01.20 08:58:22.017,0.75417,0.75426,1.12,3.00
2017.01.20 08:58:25.191,0.75417,0.75427,1.00,4.12
2017.01.20 08:58:25.738,0.75418,0.75428,1.00,7.31
2017.01.20 08:58:26.065,0.75422,0.75429,1.00,1.12
2017.01.20 08:58:26.312,0.75424,0.75434,1.50,1.50
2017.01.20 08:58:26.470,0.75423,0.75432,1.00,1.00
2017.01.20 08:58:26.592,0.75421,0.75431,1.69,2.62
2017.01.20 08:58:26.744,0.75419,0.75429,1.50,1.00
2017.01.20 08:58:27.048,0.75424,0.75431,1.12,1.50
2017.01.20 08:58:27.200,0.75424,0.75434,2.81,1.37
2017.01.20 08:58:27.736,0.75425,0.75436,1.00,3.75
2017.01.20 08:58:28.039,0.75424,0.75434,1.31,1.12
2017.01.20 08:58:28.393,0.75422,0.75432,2.25,2.62
2017.01.20 08:58:28.899,0.75424,0.75432,1.12,1.00
2017.01.20 08:58:29.086,0.75425,0.75434,1.00,1.12
2017.01.20 08:58:29.739,0.75425,0.75435,1.00,1.87
2017.01.20 08:58:32.053,0.75424,0.75431,2.25,1.00
2017.01.20 08:58:32.205,0.75419,0.7543,5.06,1.50
2017.01.20 08:58:32.736,0.75419,0.7543,2.44,1.87
2017.01.20 08:58:32.787,0.75419,0.7543,1.50,1.87
2017.01.20 08:58:32.838,0.75421,0.7543,1.00,1.12
2017.01.20 08:58:33.343,0.7542,0.7543,1.50,1.37
2017.01.20 08:58:35.109,0.75423,0.7543,1.20,1.37
2017.01.20 08:58:35.211,0.75425,0.75432,2.62,1.12
2017.01.20 08:58:35.313,0.75426,0.75435,1.50,1.25
2017.01.20 08:58:36.340,0.75428,0.75435,1.00,1.50
2017.01.20 08:58:36.542,0.75428,0.75438,1.50,4.69
2017.01.20 08:58:38.724,0.75427,0.75436,2.62,2.25
2017.01.20 08:58:39.028,0.75425,0.75435,3.94,1.00
2017.01.20 08:58:40.177,0.75427,0.75435,1.00,1.00
2017.01.20 08:58:40.685,0.75426,0.75435,1.12,1.50
2017.01.20 08:58:40.883,0.75426,0.75433,1.12,1.00
2017.01.20 08:58:41.187,0.75422,0.75428,1.00,1.00
2017.01.20 08:58:41.441,0.75419,0.75427,1.87,1.00
2017.01.20 08:58:41.987,0.75419,0.75427,1.00,1.00
2017.01.20 08:58:46.599,0.75418,0.75425,1.37,1.00
2017.01.20 08:58:50.479,0.75418,0.75426,1.37,1.87
2017.01.20 08:58:50.580,0.75416,0.75426,3.00,2.25
2017.01.20 08:58:50.682,0.75416,0.75424,2.25,1.00
2017.01.20 08:58:50.791,0.75416,0.75426,2.25,2.25
2017.01.20 08:58:51.883,0.75417,0.75425,1.50,1.00
2017.01.20 08:58:52.389,0.75417,0.75425,1.87,1.00
2017.01.20 08:58:52.897,0.75417,0.75426,1.50,1.00
2017.01.20 08:58:58.209,0.75416,0.75425,2.25,1.00
2017.01.20 08:58:59.143,0.75416,0.75425,4.50,1.00
2017.01.20 08:59:01.495,0.75417,0.75427,1.37,1.31
2017.01.20 08:59:01.857,0.75417,0.75424,1.87,1.00
2017.01.20 08:59:01.908,0.75417,0.75424,1.00,1.00
2017.01.20 08:59:02.917,0.75416,0.75421,1.50,1.12
2017.01.20 08:59:03.120,0.75408,0.75415,3.00,1.00
2017.01.20 08:59:03.222,0.75407,0.75415,1.12,1.00
2017.01.20 08:59:03.993,0.75407,0.75415,1.87,1.00
2017.01.20 08:59:04.428,0.75408,0.75417,1.50,1.50
2017.01.20 08:59:04.479,0.75408,0.75415,1.50,1.00
2017.01.20 08:59:05.270,0.75408,0.75417,1.50,1.00
2017.01.20 08:59:05.570,0.7541,0.75418,1.37,1.00
2017.01.20 08:59:05.875,0.75414,0.75419,1.00,1.00
2017.01.20 08:59:06.791,0.75413,0.75417,1.00,1.00
2017.01.20 08:59:06.842,0.75411,0.75417,1.12,1.00
2017.01.20 08:59:07.428,0.75411,0.75418,1.00,1.00
2017.01.20 08:59:07.833,0.75409,0.75419,1.69,1.00
2017.01.20 08:59:07.935,0.75411,0.75416,1.00,1.00
2017.01.20 08:59:08.328,0.75412,0.75419,1.00,1.00
2017.01.20 08:59:08.480,0.75411,0.75417,1.00,1.00
2017.01.20 08:59:08.582,0.75409,0.75418,2.81,1.00
2017.01.20 08:59:08.634,0.75412,0.75418,1.00,1.00
2017.01.20 08:59:08.939,0.75414,0.75418,1.00,1.00
2017.01.20 08:59:09.040,0.7541,0.75417,1.00,1.00
2017.01.20 08:59:10.063,0.75408,0.75417,1.37,1.00
2017.01.20 08:59:10.266,0.75408,0.75415,1.37,1.00
2017.01.20 08:59:10.822,0.75408,0.75416,1.37,1.00
2017.01.20 08:59:12.905,0.75408,0.75416,1.00,1.00
2017.01.20 08:59:15.702,0.75408,0.75418,1.00,1.87
2017.01.20 08:59:15.753,0.7541,0.75418,1.00,1.87
2017.01.20 08:59:16.278,0.7541,0.75419,1.37,1.00
2017.01.20 08:59:16.733,0.75408,0.75417,1.87,1.00
2017.01.20 08:59:17.864,0.7541,0.75417,1.00,1.00
2017.01.20 08:59:18.369,0.7541,0.75418,1.00,2.25
2017.01.20 08:59:19.144,0.75408,0.75418,1.12,1.50
2017.01.20 08:59:19.559,0.75411,0.75418,1.00,1.50
2017.01.20 08:59:21.066,0.7541,0.75418,1.00,1.50
2017.01.20 08:59:21.665,0.7541,0.75419,1.00,1.25
2017.01.20 08:59:22.176,0.75411,0.75419,1.00,1.25
2017.01.20 08:59:22.788,0.7541,0.75419,1.00,1.25
2017.01.20 08:59:24.748,0.75409,0.75419,1.12,1.25
2017.01.20 08:59:26.123,0.75409,0.75419,1.50,1.25
2017.01.20 08:59:27.223,0.75409,0.75419,1.12,1.25
2017.01.20 08:59:27.555,0.75411,0.75419,1.00,1.25
2017.01.20 08:59:27.716,0.75411,0.75421,1.87,3.75
2017.01.20 08:59:28.263,0.75413,0.75423,1.09,4.50
2017.01.20 08:59:28.365,0.75414,0.75423,1.65,1.00
2017.01.20 08:59:28.621,0.75415,0.75424,1.37,1.50
2017.01.20 08:59:28.772,0.75414,0.75424,4.12,1.50
2017.01.20 08:59:29.279,0.75414,0.75424,6.00,1.50
2017.01.20 08:59:32.628,0.75414,0.7542,2.25,1.12
2017.01.20 08:59:32.679,0.75412,0.75419,1.37,1.12
2017.01.20 08:59:32.781,0.7541,0.75419,2.81,1.00
2017.01.20 08:59:32.849,0.75413,0.75419,1.00,1.00
2017.01.20 08:59:32.950,0.7541,0.75419,1.25,1.00
2017.01.20 08:59:33.001,0.7541,0.75421,2.44,2.62
2017.01.20 08:59:33.052,0.75411,0.75421,1.37,1.12
2017.01.20 08:59:33.616,0.75411,0.75422,3.37,2.44
2017.01.20 08:59:34.141,0.75411,0.75421,4.87,1.00
2017.01.20 08:59:34.445,0.75414,0.75419,1.00,1.00
2017.01.20 08:59:34.755,0.7541,0.7542,1.31,1.12
2017.01.20 08:59:36.558,0.7541,0.75419,1.31,1.00
2017.01.20 08:59:36.811,0.75411,0.75421,1.50,3.00
2017.01.20 08:59:37.324,0.75412,0.75422,1.00,1.25
2017.01.20 08:59:37.527,0.75414,0.75424,1.50,3.37
2017.01.20 08:59:37.578,0.75414,0.75424,1.50,1.00
2017.01.20 08:59:37.882,0.75413,0.75422,1.87,1.00
2017.01.20 08:59:38.085,0.75412,0.75422,1.62,1.00
2017.01.20 08:59:38.590,0.75412,0.75423,1.62,1.87
2017.01.20 08:59:39.630,0.75414,0.75423,1.20,1.87
2017.01.20 08:59:39.732,0.75413,0.75425,3.52,3.56
2017.01.20 08:59:39.783,0.75414,0.75425,1.50,1.31
2017.01.20 08:59:40.188,0.75415,0.75426,6.37,1.12
2017.01.20 08:59:42.308,0.75415,0.75426,3.00,4.12
2017.01.20 08:59:43.078,0.75415,0.75425,3.00,1.00
2017.01.20 08:59:43.595,0.75416,0.75426,1.37,1.00
2017.01.20 08:59:44.691,0.75417,0.75427,2.25,1.50
2017.01.20 08:59:44.994,0.75421,0.75429,1.00,1.00
2017.01.20 08:59:45.351,0.75418,0.75428,1.50,1.00
2017.01.20 08:59:45.573,0.75418,0.75426,1.50,1.00
2017.01.20 08:59:45.726,0.75419,0.75428,1.00,1.12
2017.01.20 08:59:46.273,0.75418,0.75427,1.12,2.62
2017.01.20 08:59:46.989,0.75418,0.75427,1.37,1.87
2017.01.20 08:59:47.657,0.75418,0.75427,1.50,2.62
2017.01.20 08:59:48.770,0.75418,0.75428,1.50,1.37
2017.01.20 08:59:48.824,0.7542,0.7543,1.87,2.25
2017.01.20 08:59:48.925,0.75422,0.75432,1.00,5.44
2017.01.20 08:59:49.812,0.75423,0.75432,1.12,1.00
2017.01.20 08:59:50.314,0.75422,0.75432,1.12,1.37
2017.01.20 08:59:50.819,0.75422,0.75433,1.87,2.62
2017.01.20 08:59:51.072,0.75421,0.7543,4.69,1.00
2017.01.20 08:59:51.345,0.75421,0.75429,1.00,1.00
2017.01.20 08:59:51.870,0.75421,0.7543,2.25,1.00
2017.01.20 08:59:52.180,0.75421,0.75428,1.50,1.00
2017.01.20 08:59:52.230,0.7542,0.75428,1.50,1.50
2017.01.20 08:59:52.383,0.75417,0.75427,2.06,1.12
2017.01.20 08:59:53.211,0.75417,0.75427,1.69,1.00
2017.01.20 08:59:53.871,0.75417,0.75428,4.31,1.37
2017.01.20 08:59:53.921,0.75418,0.75429,3.37,3.00
2017.01.20 08:59:54.138,0.75418,0.75429,1.12,2.62
2017.01.20 08:59:54.241,0.75418,0.75429,1.50,2.62
2017.01.20 08:59:54.746,0.75417,0.75429,3.56,3.75
2017.01.20 08:59:55.051,0.75417,0.75428,3.56,1.37
2017.01.20 08:59:55.535,0.75418,0.75429,1.37,1.87
2017.01.20 08:59:56.041,0.75418,0.75428,1.00,2.62
2017.01.20 08:59:56.546,0.75417,0.75428,1.62,4.50
2017.01.20 08:59:57.060,0.75417,0.75428,1.62,2.62
2017.01.20 08:59:57.315,0.75417,0.75426,1.62,1.00
2017.01.20 08:59:57.619,0.75415,0.7542,1.00,2.62
2017.01.20 08:59:57.720,0.75413,0.75418,2.25,1.00
2017.01.20 08:59:57.979,0.75411,0.7542,2.25,1.00
2017.01.20 08:59:58.487,0.75411,0.7542,1.12,1.00
2017.01.20 08:59:58.791,0.75411,0.75422,2.62,3.56
2017.01.20 08:59:59.049,0.75414,0.75423,1.00,6.00
2017.01.20 08:59:59.577,0.75412,0.75422,1.75,1.37
2017.01.20 08:59:59.730,0.75411,0.7542,2.62,1.12
