2011.07.29 09:00:00.097,1.09407,1.09423,4.88,3.75
2011.07.29 09:00:00.660,1.09407,1.09423,5.26,3.75
2011.07.29 09:00:01.374,1.09407,1.09423,4.88,3.75
2011.07.29 09:00:01.498,1.09408,1.09423,1.50,4.50
2011.07.29 09:00:01.959,1.09405,1.09419,1.50,3.38
2011.07.29 09:00:02.203,1.09402,1.09418,1.51,1.13
2011.07.29 09:00:02.319,1.09402,1.09418,1.51,1.13
2011.07.29 09:00:02.554,1.09402,1.09417,1.51,1.50
2011.07.29 09:00:02.779,1.09405,1.09419,2.25,2.63
2011.07.29 09:00:02.900,1.09408,1.09419,1.50,1.13
2011.07.29 09:00:03.141,1.09407,1.09423,3.75,3.75
2011.07.29 09:00:03.787,1.09405,1.0942,1.51,3.00
2011.07.29 09:00:04.018,1.09404,1.0942,2.26,2.25
2011.07.29 09:00:04.797,1.09406,1.09423,1.13,1.50
2011.07.29 09:00:05.146,1.09413,1.09427,1.13,1.50
2011.07.29 09:00:05.264,1.09413,1.09427,1.13,1.50
2011.07.29 09:00:05.599,1.09414,1.09428,1.50,1.13
2011.07.29 09:00:05.829,1.09415,1.09429,1.51,1.88
2011.07.29 09:00:05.952,1.09418,1.09431,1.50,2.25
2011.07.29 09:00:06.180,1.09415,1.0943,2.63,2.25
2011.07.29 09:00:10.510,1.09417,1.09432,2.26,1.13
2011.07.29 09:00:11.067,1.09415,1.0943,1.51,3.00
2011.07.29 09:00:11.299,1.09418,1.09431,1.50,1.13
2011.07.29 09:00:11.637,1.09418,1.09434,2.25,5.63
2011.07.29 09:00:12.197,1.09418,1.09434,1.50,4.88
2011.07.29 09:00:14.737,1.09419,1.09434,2.26,3.00
2011.07.29 09:00:15.187,1.09422,1.09434,1.13,2.25
2011.07.29 09:00:15.417,1.09422,1.09438,1.13,1.50
2011.07.29 09:00:15.868,1.09425,1.09439,1.13,3.00
2011.07.29 09:00:16.210,1.0943,1.09443,1.50,2.25
2011.07.29 09:00:16.548,1.09428,1.09443,2.25,1.88
2011.07.29 09:00:16.667,1.09428,1.09443,1.50,2.25
2011.07.29 09:00:16.788,1.09427,1.0944,1.13,3.00
2011.07.29 09:00:17.204,1.09426,1.0944,1.13,3.00
2011.07.29 09:00:17.329,1.09427,1.09443,1.50,1.50
2011.07.29 09:00:17.561,1.09433,1.09444,1.50,1.88
2011.07.29 09:00:17.789,1.09433,1.09447,1.50,1.88
2011.07.29 09:00:19.006,1.09429,1.09445,3.38,1.50
2011.07.29 09:00:19.129,1.09428,1.09443,1.13,3.75
2011.07.29 09:00:24.840,1.09433,1.09447,1.50,1.50
2011.07.29 09:00:25.729,1.0943,1.09446,3.00,1.88
2011.07.29 09:00:25.849,1.0943,1.09445,2.25,2.63
2011.07.29 09:00:26.406,1.09428,1.09443,1.51,4.50
2011.07.29 09:00:26.529,1.0943,1.09443,3.00,1.50
2011.07.29 09:00:26.868,1.09431,1.09445,1.13,1.50
2011.07.29 09:00:28.424,1.09435,1.09447,2.25,1.88
2011.07.29 09:00:28.770,1.09432,1.09445,1.50,1.50
2011.07.29 09:00:29.659,1.09432,1.09446,1.13,2.25
2011.07.29 09:00:30.217,1.09434,1.09449,1.13,4.50
2011.07.29 09:00:30.793,1.09434,1.0945,1.13,3.75
2011.07.29 09:00:43.310,1.09437,1.0945,1.50,3.00
2011.07.29 09:00:43.758,1.09437,1.09448,2.63,1.50
2011.07.29 09:00:44.100,1.0944,1.09449,3.00,1.50
2011.07.29 09:00:44.328,1.09441,1.09456,1.50,1.50
2011.07.29 09:00:48.879,1.09443,1.09457,1.50,2.25
2011.07.29 09:00:49.438,1.09443,1.09457,1.50,2.63
2011.07.29 09:00:50.439,1.09441,1.09454,1.35,1.50
2011.07.29 09:00:50.949,1.09443,1.09456,1.50,1.50
2011.07.29 09:00:55.136,1.09444,1.09458,1.50,1.88
2011.07.29 09:01:00.750,1.09441,1.09454,1.13,2.10
2011.07.29 09:01:00.874,1.09439,1.09452,3.01,1.13
2011.07.29 09:01:00.992,1.09438,1.09452,1.51,1.73
2011.07.29 09:01:01.112,1.09438,1.09452,1.51,5.10
2011.07.29 09:01:01.447,1.09434,1.09449,1.13,2.10
2011.07.29 09:01:02.153,1.09431,1.09446,1.50,1.50
2011.07.29 09:01:07.701,1.09429,1.09443,4.51,1.35
2011.07.29 09:01:08.037,1.0943,1.09445,3.60,1.13
2011.07.29 09:01:15.269,1.09434,1.09446,1.50,1.50
2011.07.29 09:01:15.390,1.09434,1.09446,1.50,1.50
2011.07.29 09:01:15.730,1.09435,1.09449,1.50,3.00
2011.07.29 09:01:15.848,1.09437,1.0945,3.00,2.25
2011.07.29 09:01:16.280,1.09438,1.09451,1.88,1.50
2011.07.29 09:01:17.720,1.09438,1.09453,1.88,1.50
2011.07.29 09:01:17.839,1.09443,1.09454,1.50,1.50
2011.07.29 09:01:38.827,1.09443,1.09455,1.73,1.50
2011.07.29 09:01:38.979,1.09444,1.09457,1.13,1.50
2011.07.29 09:01:39.103,1.09442,1.09457,1.50,1.50
2011.07.29 09:01:39.660,1.09444,1.09458,1.13,1.50
2011.07.29 09:01:39.888,1.09445,1.0946,1.88,3.00
2011.07.29 09:01:40.230,1.09457,1.09469,3.00,1.50
2011.07.29 09:01:40.788,1.09457,1.09464,2.25,1.35
2011.07.29 09:01:40.913,1.09453,1.09465,1.42,2.85
2011.07.29 09:01:41.453,1.09456,1.09465,3.00,1.50
2011.07.29 09:01:41.577,1.09457,1.09468,1.35,1.50
2011.07.29 09:01:42.577,1.09457,1.09469,1.35,1.88
2011.07.29 09:01:45.776,1.09452,1.09467,1.50,3.60
2011.07.29 09:01:54.266,1.09453,1.09467,1.50,2.25
2011.07.29 09:01:54.824,1.09453,1.09467,1.50,2.48
2011.07.29 09:01:55.375,1.09453,1.09467,1.50,1.88
2011.07.29 09:01:56.201,1.09453,1.09467,1.50,1.88
2011.07.29 09:01:56.755,1.09453,1.09467,1.50,1.50
2011.07.29 09:02:02.947,1.09451,1.09466,1.73,1.50
2011.07.29 09:02:03.182,1.09448,1.09463,1.51,1.13
2011.07.29 09:02:03.742,1.09448,1.09462,1.50,1.73
2011.07.29 09:02:04.298,1.09448,1.09462,1.50,1.73
2011.07.29 09:02:04.419,1.09446,1.0946,3.76,1.35
2011.07.29 09:02:04.540,1.09445,1.09459,2.26,3.00
2011.07.29 09:02:04.770,1.09444,1.09459,1.13,3.00
2011.07.29 09:02:06.774,1.09444,1.09459,1.13,3.00
2011.07.29 09:02:06.889,1.09445,1.09459,1.13,3.00
2011.07.29 09:02:07.226,1.09443,1.09459,4.36,3.75
2011.07.29 09:02:08.989,1.09444,1.09459,3.23,2.25
2011.07.29 09:02:09.109,1.09444,1.09461,3.61,1.50
2011.07.29 09:02:09.228,1.09444,1.09461,3.01,2.25
2011.07.29 09:02:11.995,1.09443,1.09457,1.13,1.50
2011.07.29 09:02:12.546,1.09443,1.09459,1.88,1.35
2011.07.29 09:02:13.101,1.09443,1.09459,1.88,1.35
2011.07.29 09:02:17.087,1.09443,1.09457,1.50,2.10
2011.07.29 09:02:19.126,1.09443,1.09457,1.50,2.10
2011.07.29 09:02:21.758,1.09443,1.09457,1.50,2.10
2011.07.29 09:02:22.328,1.09445,1.0946,1.13,4.13
2011.07.29 09:02:22.447,1.09445,1.0946,2.63,2.63
2011.07.29 09:02:22.908,1.0945,1.09466,3.00,3.00
2011.07.29 09:02:23.970,1.09447,1.09461,1.88,1.13
2011.07.29 09:02:24.089,1.09445,1.09459,1.51,1.35
2011.07.29 09:02:24.976,1.09444,1.09458,1.51,1.50
2011.07.29 09:02:28.666,1.09444,1.09459,1.50,1.50
2011.07.29 09:02:30.419,1.09445,1.0946,1.13,3.75
2011.07.29 09:02:30.756,1.09444,1.0946,2.86,3.75
2011.07.29 09:02:31.976,1.09443,1.09459,1.51,2.85
2011.07.29 09:02:35.070,1.09444,1.09459,1.50,2.10
2011.07.29 09:02:35.766,1.09444,1.09459,1.88,1.50
2011.07.29 09:02:36.758,1.09447,1.0946,3.23,3.00
2011.07.29 09:02:36.878,1.09449,1.09462,1.50,1.50
2011.07.29 09:02:37.438,1.09448,1.09462,1.50,1.50
2011.07.29 09:02:38.660,1.09448,1.09461,1.50,1.35
2011.07.29 09:02:38.779,1.09446,1.09459,3.01,1.35
2011.07.29 09:02:38.898,1.09446,1.09461,2.86,3.00
2011.07.29 09:02:39.019,1.09448,1.09462,1.35,1.50
2011.07.29 09:02:39.137,1.09448,1.09462,2.10,1.50
2011.07.29 09:02:39.726,1.09448,1.09462,2.10,1.50
2011.07.29 09:02:40.069,1.09446,1.09459,1.13,1.35
2011.07.29 09:02:40.628,1.09445,1.09458,1.51,1.35
2011.07.29 09:02:42.929,1.09443,1.09458,2.26,1.35
2011.07.29 09:02:43.488,1.09443,1.09458,1.51,2.10
2011.07.29 09:02:44.157,1.09443,1.09458,1.51,2.10
2011.07.29 09:02:56.309,1.09443,1.09458,1.51,2.85
2011.07.29 09:03:01.787,1.09443,1.09457,1.51,2.85
2011.07.29 09:03:01.909,1.09443,1.09453,1.51,2.25
2011.07.29 09:03:02.136,1.09439,1.09453,2.63,3.00
2011.07.29 09:03:02.698,1.09439,1.09453,1.51,3.00
2011.07.29 09:03:04.369,1.09439,1.09453,1.88,3.00
2011.07.29 09:03:05.149,1.09438,1.09453,2.11,3.00
2011.07.29 09:03:11.368,1.09438,1.09452,1.51,2.63
2011.07.29 09:03:18.936,1.09439,1.09453,2.10,3.75
2011.07.29 09:03:19.390,1.09441,1.09453,1.51,2.25
2011.07.29 09:03:20.004,1.09444,1.09458,1.50,1.50
2011.07.29 09:03:20.559,1.09449,1.0946,1.50,3.00
2011.07.29 09:03:21.230,1.09446,1.0946,2.25,1.35
2011.07.29 09:03:21.677,1.09443,1.09459,1.51,3.00
2011.07.29 09:03:23.887,1.09443,1.09457,1.51,1.35
2011.07.29 09:03:24.888,1.09444,1.09459,1.35,4.88
2011.07.29 09:03:27.953,1.09448,1.09459,1.05,3.00
2011.07.29 09:03:28.432,1.09455,1.09466,1.35,1.50
2011.07.29 09:03:29.211,1.09458,1.09464,1.50,2.25
2011.07.29 09:03:29.333,1.09458,1.09471,1.50,2.10
2011.07.29 09:03:33.190,1.09459,1.09471,1.80,1.50
2011.07.29 09:03:33.751,1.09458,1.09472,2.48,1.50
2011.07.29 09:03:34.998,1.09459,1.09471,1.50,1.50
2011.07.29 09:03:35.558,1.0946,1.09473,1.05,3.00
2011.07.29 09:03:36.010,1.09459,1.09473,1.88,3.60
2011.07.29 09:03:36.643,1.0946,1.09473,1.50,3.60
2011.07.29 09:03:37.087,1.0946,1.09473,1.13,3.00
2011.07.29 09:03:37.317,1.09459,1.09473,2.11,3.00
2011.07.29 09:03:37.878,1.09459,1.09473,2.48,3.00
2011.07.29 09:03:40.358,1.09459,1.09473,1.51,3.00
2011.07.29 09:03:40.810,1.09458,1.0947,1.51,1.35
2011.07.29 09:03:41.367,1.09455,1.09471,1.51,3.00
2011.07.29 09:03:42.038,1.09453,1.09467,1.51,1.13
2011.07.29 09:03:42.273,1.0945,1.09465,3.01,2.48
2011.07.29 09:03:43.165,1.09449,1.09461,1.51,1.35
2011.07.29 09:03:43.281,1.09446,1.09461,4.13,1.73
2011.07.29 09:03:43.843,1.09445,1.09459,1.51,1.35
2011.07.29 09:03:44.838,1.09445,1.09461,1.51,3.98
2011.07.29 09:03:47.132,1.09444,1.09456,2.26,1.50
2011.07.29 09:03:47.251,1.09444,1.09455,1.51,1.13
2011.07.29 09:03:47.376,1.0944,1.09453,2.63,1.13
2011.07.29 09:03:47.730,1.09433,1.09444,1.51,2.25
2011.07.29 09:03:47.849,1.09433,1.09447,1.50,2.10
2011.07.29 09:03:48.627,1.09434,1.09447,2.25,1.50
2011.07.29 09:03:49.082,1.09439,1.09449,1.50,3.00
2011.07.29 09:03:49.669,1.09433,1.09448,2.26,2.10
2011.07.29 09:03:50.228,1.09434,1.09447,1.50,1.35
2011.07.29 09:03:50.787,1.09434,1.09449,1.50,3.00
2011.07.29 09:03:51.459,1.09434,1.09449,1.50,1.50
2011.07.29 09:03:51.800,1.09438,1.0945,1.50,3.00
2011.07.29 09:03:52.440,1.09435,1.0945,2.26,3.00
2011.07.29 09:03:52.889,1.09434,1.09448,1.51,1.35
2011.07.29 09:03:53.010,1.09435,1.09451,1.50,2.63
2011.07.29 09:03:53.459,1.09441,1.09453,1.35,1.50
2011.07.29 09:03:53.796,1.09444,1.09457,1.50,1.50
2011.07.29 09:03:54.359,1.09444,1.09458,1.50,1.50
2011.07.29 09:03:56.000,1.09444,1.09458,1.50,1.50
2011.07.29 09:03:56.558,1.09445,1.09458,1.50,2.10
2011.07.29 09:03:58.003,1.09449,1.0946,1.50,1.88
2011.07.29 09:03:58.588,1.09448,1.09461,1.50,1.73
2011.07.29 09:03:58.716,1.09447,1.09459,3.00,1.13
2011.07.29 09:03:58.839,1.09444,1.09459,1.88,1.88
2011.07.29 09:03:59.948,1.09444,1.09458,1.50,2.10
2011.07.29 09:04:00.509,1.09447,1.09459,1.50,1.13
2011.07.29 09:04:00.958,1.09449,1.09461,1.50,2.25
2011.07.29 09:04:02.886,1.09449,1.09462,2.10,1.50
2011.07.29 09:04:03.009,1.09453,1.09468,1.50,1.50
2011.07.29 09:04:05.481,1.09453,1.09467,1.50,2.85
2011.07.29 09:04:06.049,1.09453,1.09468,2.10,1.50
2011.07.29 09:04:07.596,1.09452,1.09467,2.25,1.73
2011.07.29 09:04:08.040,1.09447,1.09455,3.01,1.35
2011.07.29 09:04:08.159,1.09447,1.09454,2.25,1.35
2011.07.29 09:04:08.277,1.09447,1.09454,2.25,1.35
2011.07.29 09:04:08.399,1.0944,1.09453,2.26,3.00
2011.07.29 09:04:08.739,1.09442,1.09456,2.10,2.25
2011.07.29 09:04:09.253,1.09444,1.09458,2.10,1.50
2011.07.29 09:04:09.367,1.09445,1.09459,1.50,1.88
2011.07.29 09:04:09.491,1.09447,1.0946,1.50,3.75
2011.07.29 09:04:09.612,1.09448,1.0946,1.50,1.50
2011.07.29 09:04:10.167,1.09448,1.0946,1.50,1.50
2011.07.29 09:04:12.126,1.09448,1.0946,2.25,1.50
2011.07.29 09:04:15.369,1.09448,1.09462,2.25,1.35
2011.07.29 09:04:17.006,1.09448,1.09463,2.25,3.00
2011.07.29 09:04:17.887,1.0945,1.09464,1.50,3.00
2011.07.29 09:04:18.008,1.09453,1.09466,1.50,2.63
2011.07.29 09:04:18.566,1.09454,1.09468,1.35,2.25
2011.07.29 09:04:28.511,1.09453,1.09467,1.51,1.50
2011.07.29 09:04:28.739,1.09452,1.09465,2.26,1.35
2011.07.29 09:04:29.404,1.09452,1.09464,1.51,3.00
2011.07.29 09:04:29.969,1.09451,1.09463,1.50,1.35
2011.07.29 09:04:30.527,1.09453,1.09463,1.50,1.35
2011.07.29 09:04:31.748,1.09452,1.09463,1.50,2.85
2011.07.29 09:04:31.868,1.0945,1.09463,1.51,2.85
2011.07.29 09:04:32.427,1.0945,1.09464,2.17,4.35
2011.07.29 09:04:33.017,1.09449,1.09462,2.17,1.35
2011.07.29 09:04:33.360,1.09446,1.09458,2.25,1.50
2011.07.29 09:04:33.479,1.09443,1.09458,4.36,1.50
2011.07.29 09:04:34.938,1.09444,1.09459,1.50,1.50
2011.07.29 09:04:35.496,1.09443,1.09458,3.00,1.50
2011.07.29 09:04:37.679,1.09444,1.09459,1.35,1.88
2011.07.29 09:04:38.126,1.09448,1.09461,3.00,1.50
2011.07.29 09:04:49.501,1.09448,1.09462,5.10,3.00
2011.07.29 09:04:49.841,1.09453,1.09466,3.00,1.50
2011.07.29 09:04:50.397,1.09453,1.09468,4.35,2.25
2011.07.29 09:04:51.759,1.0945,1.09463,1.13,1.50
2011.07.29 09:04:52.098,1.0945,1.09466,3.98,2.10
2011.07.29 09:04:52.656,1.09453,1.09468,2.48,2.25
2011.07.29 09:04:53.437,1.09454,1.09468,1.73,1.50
2011.07.29 09:04:53.967,1.09453,1.09468,1.51,1.35
2011.07.29 09:05:02.181,1.09452,1.09468,4.36,1.35
2011.07.29 09:05:02.519,1.0945,1.09465,1.51,1.35
2011.07.29 09:05:03.082,1.09453,1.09467,4.73,1.50
2011.07.29 09:05:03.637,1.09453,1.09469,4.36,3.23
2011.07.29 09:05:04.967,1.09453,1.09465,3.01,1.50
2011.07.29 09:05:05.308,1.0945,1.09463,1.88,1.35
2011.07.29 09:05:06.638,1.09451,1.09465,1.51,1.50
2011.07.29 09:05:08.779,1.09454,1.09466,2.25,1.50
2011.07.29 09:05:09.118,1.09459,1.09471,4.50,2.10
2011.07.29 09:05:09.620,1.09459,1.09471,4.13,1.35
2011.07.29 09:05:09.957,1.09459,1.09471,3.38,1.35
2011.07.29 09:05:10.077,1.09457,1.09469,1.13,1.35
2011.07.29 09:05:10.197,1.09455,1.09469,2.26,1.35
2011.07.29 09:05:11.638,1.09455,1.09469,1.50,1.13
2011.07.29 09:05:17.766,1.09453,1.09469,1.51,2.48
2011.07.29 09:05:18.097,1.09453,1.09466,1.51,1.13
2011.07.29 09:05:18.441,1.09449,1.09462,1.51,1.50
2011.07.29 09:05:18.559,1.09448,1.0946,5.17,1.35
2011.07.29 09:05:18.787,1.09446,1.09459,2.17,1.35
2011.07.29 09:05:19.347,1.09446,1.0946,2.17,1.88
2011.07.29 09:05:19.940,1.09446,1.0946,2.17,2.10
2011.07.29 09:05:20.497,1.09446,1.0946,2.17,2.25
2011.07.29 09:05:20.729,1.09446,1.09458,2.17,1.35
2011.07.29 09:05:21.067,1.09444,1.09458,3.00,2.48
2011.07.29 09:05:21.628,1.09444,1.09457,1.50,1.35
2011.07.29 09:05:21.860,1.09443,1.09455,2.25,1.50
2011.07.29 09:05:22.087,1.09438,1.09455,5.11,2.25
2011.07.29 09:05:24.552,1.0944,1.09455,1.51,1.13
2011.07.29 09:05:25.217,1.09443,1.09456,3.00,4.35
2011.07.29 09:05:25.775,1.09443,1.09456,3.00,4.65
2011.07.29 09:05:26.218,1.09443,1.09451,2.25,2.10
2011.07.29 09:05:26.338,1.09439,1.09451,2.26,2.10
2011.07.29 09:05:28.509,1.09441,1.09455,1.13,3.75
2011.07.29 09:05:28.849,1.09443,1.09457,4.13,1.35
2011.07.29 09:05:29.299,1.09448,1.09461,3.75,3.23
2011.07.29 09:05:29.636,1.09443,1.09457,3.76,2.85
2011.07.29 09:05:30.186,1.09443,1.09457,3.76,2.85
2011.07.29 09:05:30.859,1.09443,1.09457,3.75,2.85
2011.07.29 09:05:32.454,1.09443,1.09457,3.75,2.85
2011.07.29 09:05:36.929,1.09443,1.09455,3.75,1.50
2011.07.29 09:05:37.423,1.0944,1.09447,1.13,2.10
2011.07.29 09:05:37.547,1.09433,1.09447,1.50,3.23
2011.07.29 09:05:38.098,1.09433,1.09447,1.50,3.98
2011.07.29 09:05:39.350,1.09433,1.09447,1.50,3.98
2011.07.29 09:05:42.712,1.09436,1.09446,1.50,2.10
2011.07.29 09:05:42.829,1.09437,1.09449,3.00,1.50
2011.07.29 09:05:42.950,1.09441,1.09451,1.13,1.50
2011.07.29 09:05:43.290,1.09443,1.09457,1.50,3.60
2011.07.29 09:05:43.411,1.09442,1.09457,1.51,3.23
2011.07.29 09:05:43.529,1.09442,1.09457,1.51,2.85
2011.07.29 09:05:44.086,1.09442,1.09457,1.51,4.35
2011.07.29 09:05:45.951,1.0944,1.09456,4.51,1.13
2011.07.29 09:05:46.507,1.0944,1.09454,3.01,1.13
2011.07.29 09:05:46.737,1.0944,1.09456,3.01,2.63
2011.07.29 09:05:48.077,1.09441,1.09456,1.50,2.78
2011.07.29 09:05:48.307,1.0944,1.09453,3.01,1.13
2011.07.29 09:05:51.126,1.0944,1.09453,2.26,1.13
2011.07.29 09:05:51.677,1.09439,1.0945,1.50,2.10
2011.07.29 09:05:53.476,1.09439,1.0945,1.50,2.10
2011.07.29 09:05:53.597,1.09439,1.09454,1.50,4.13
2011.07.29 09:05:55.826,1.09441,1.09453,2.25,1.13
2011.07.29 09:05:55.950,1.09437,1.09446,1.51,2.10
2011.07.29 09:05:56.181,1.09436,1.09446,2.25,2.10
2011.07.29 09:05:56.302,1.09433,1.09446,1.88,2.10
2011.07.29 09:05:56.857,1.09433,1.09446,1.50,2.10
2011.07.29 09:05:57.088,1.09431,1.09446,2.25,2.48
2011.07.29 09:05:57.428,1.09429,1.0944,1.13,2.10
2011.07.29 09:05:57.769,1.09427,1.09436,2.26,2.85
2011.07.29 09:05:58.253,1.09423,1.09437,1.50,2.85
2011.07.29 09:05:59.467,1.09424,1.09437,2.25,3.60
2011.07.29 09:06:02.671,1.09425,1.09437,1.50,2.85
2011.07.29 09:06:03.012,1.09428,1.09437,1.50,2.85
2011.07.29 09:06:03.129,1.09426,1.09437,2.25,2.85
2011.07.29 09:06:03.249,1.09423,1.09437,3.38,2.85
2011.07.29 09:06:04.919,1.09424,1.09437,3.00,2.85
2011.07.29 09:06:05.432,1.09433,1.09445,1.50,2.25
2011.07.29 09:06:05.774,1.09433,1.09447,2.25,2.85
2011.07.29 09:06:05.891,1.09433,1.09446,1.50,1.13
2011.07.29 09:06:06.233,1.09429,1.0944,1.50,2.10
2011.07.29 09:06:06.570,1.09427,1.09437,4.50,2.85
2011.07.29 09:06:06.695,1.09425,1.09437,1.51,2.85
2011.07.29 09:06:08.116,1.09424,1.09437,2.25,2.85
2011.07.29 09:06:08.671,1.09424,1.09437,3.00,2.85
2011.07.29 09:06:09.229,1.09423,1.09436,3.01,2.10
2011.07.29 09:06:11.000,1.09424,1.09437,1.13,2.85
2011.07.29 09:06:11.557,1.09423,1.09437,3.76,2.85
2011.07.29 09:06:12.930,1.09423,1.09437,2.26,3.60
2011.07.29 09:06:13.159,1.0942,1.09431,1.88,1.35
2011.07.29 09:06:13.717,1.0942,1.09431,1.51,1.35
2011.07.29 09:06:14.374,1.0942,1.09431,1.51,1.35
2011.07.29 09:06:14.707,1.09421,1.09433,1.50,2.25
2011.07.29 09:06:15.048,1.09423,1.09436,2.25,2.85
2011.07.29 09:06:16.157,1.09422,1.09436,2.25,3.98
2011.07.29 09:06:16.278,1.09421,1.09431,2.26,1.35
2011.07.29 09:06:17.930,1.09421,1.09434,1.51,2.25
2011.07.29 09:06:18.048,1.09423,1.09434,2.25,2.25
2011.07.29 09:06:18.168,1.09423,1.09437,2.25,3.60
2011.07.29 09:06:19.168,1.09425,1.09437,3.00,2.10
2011.07.29 09:06:19.397,1.09429,1.0944,2.25,2.85
2011.07.29 09:06:19.957,1.09428,1.09441,3.00,2.10
2011.07.29 09:06:26.459,1.09428,1.0944,2.25,1.35
2011.07.29 09:06:26.584,1.09426,1.09436,3.75,2.10
2011.07.29 09:06:26.698,1.09425,1.09436,1.50,2.10
2011.07.29 09:06:30.418,1.09424,1.09437,2.25,2.10
2011.07.29 09:06:31.750,1.09429,1.09439,1.50,1.50
2011.07.29 09:06:31.869,1.09429,1.09441,3.00,1.35
2011.07.29 09:06:32.977,1.09429,1.09441,2.25,1.35
2011.07.29 09:06:35.342,1.09429,1.09441,2.25,1.35
2011.07.29 09:06:36.228,1.09429,1.0944,2.25,2.10
2011.07.29 09:06:36.348,1.09429,1.0944,2.25,2.10
2011.07.29 09:06:36.580,1.09426,1.09437,3.75,1.35
2011.07.29 09:06:37.139,1.09424,1.09437,1.50,1.35
2011.07.29 09:06:37.697,1.09425,1.09438,1.50,1.50
2011.07.29 09:06:38.039,1.09429,1.09441,1.50,4.35
2011.07.29 09:06:38.600,1.09427,1.09441,3.00,4.35
2011.07.29 09:06:40.271,1.09429,1.0944,1.50,1.50
2011.07.29 09:06:40.608,1.09429,1.09441,2.25,3.60
2011.07.29 09:06:41.166,1.09428,1.09441,1.50,3.60
2011.07.29 09:06:41.287,1.09429,1.09441,1.50,3.60
2011.07.29 09:06:41.737,1.09428,1.09441,1.50,3.60
2011.07.29 09:06:42.297,1.09429,1.09441,1.50,3.60
2011.07.29 09:06:46.258,1.09436,1.09441,1.13,1.50
2011.07.29 09:06:46.378,1.09436,1.09443,2.25,2.25
2011.07.29 09:06:46.608,1.09436,1.09449,3.75,2.63
2011.07.29 09:06:46.727,1.09436,1.09449,3.75,1.88
2011.07.29 09:06:47.946,1.09436,1.09449,3.00,2.63
2011.07.29 09:06:48.168,1.09433,1.09447,1.51,2.85
2011.07.29 09:06:49.827,1.09432,1.09446,1.88,2.10
2011.07.29 09:06:50.498,1.09434,1.09446,1.51,2.10
2011.07.29 09:06:51.756,1.09433,1.09446,1.88,2.10
2011.07.29 09:06:54.959,1.09433,1.09447,1.50,3.98
2011.07.29 09:06:55.078,1.09433,1.09444,1.50,1.13
2011.07.29 09:06:55.720,1.0943,1.09441,3.76,2.10
2011.07.29 09:06:55.849,1.09429,1.09441,1.50,2.85
2011.07.29 09:06:55.971,1.09429,1.09437,1.50,2.10
2011.07.29 09:06:56.201,1.09423,1.09437,2.25,2.85
2011.07.29 09:06:56.756,1.09423,1.09437,2.25,2.85
2011.07.29 09:06:57.418,1.09424,1.09437,2.25,2.85
2011.07.29 09:06:57.650,1.09428,1.0944,2.25,2.10
2011.07.29 09:06:57.771,1.09427,1.09437,1.50,2.10
2011.07.29 09:06:57.892,1.09424,1.09437,1.50,2.85
2011.07.29 09:06:58.009,1.09425,1.09437,2.25,2.10
2011.07.29 09:06:58.132,1.09426,1.09441,1.13,1.50
2011.07.29 09:06:58.248,1.09428,1.09443,1.13,1.50
2011.07.29 09:06:59.230,1.09431,1.09446,1.88,2.25
2011.07.29 09:07:03.999,1.0943,1.09441,1.13,2.10
2011.07.29 09:07:04.338,1.09428,1.09441,1.51,2.10
2011.07.29 09:07:06.896,1.09427,1.09441,1.50,2.85
2011.07.29 09:07:07.008,1.09426,1.09433,3.01,1.35
2011.07.29 09:07:07.239,1.09423,1.09435,1.50,2.85
2011.07.29 09:07:07.360,1.09423,1.09437,3.75,1.35
2011.07.29 09:07:07.479,1.09427,1.09441,1.50,3.98
2011.07.29 09:07:07.818,1.09428,1.09436,3.00,2.10
2011.07.29 09:07:08.325,1.09424,1.09436,1.42,2.85
2011.07.29 09:07:08.441,1.09426,1.09436,1.50,2.10
2011.07.29 09:07:08.562,1.09429,1.09439,2.25,1.13
2011.07.29 09:07:08.792,1.09429,1.09437,2.25,1.50
2011.07.29 09:07:09.017,1.09423,1.09437,4.13,2.85
2011.07.29 09:07:12.562,1.09424,1.09439,1.88,1.50
2011.07.29 09:07:12.686,1.09428,1.09441,2.25,3.98
2011.07.29 09:07:12.912,1.09424,1.09437,2.63,2.85
2011.07.29 09:07:13.468,1.09423,1.09437,2.26,2.85
2011.07.29 09:07:14.027,1.09424,1.09437,1.50,2.85
2011.07.29 09:07:17.860,1.09424,1.09438,1.50,2.10
2011.07.29 09:07:20.496,1.09423,1.09438,2.26,2.85
2011.07.29 09:07:21.926,1.09423,1.09437,3.30,1.13
2011.07.29 09:07:22.041,1.0942,1.09433,1.51,1.35
2011.07.29 09:07:22.271,1.09422,1.09436,1.13,1.13
2011.07.29 09:07:22.827,1.09424,1.09438,1.13,2.10
2011.07.29 09:07:28.220,1.09425,1.0944,1.13,3.60
2011.07.29 09:07:28.778,1.09428,1.09443,2.25,2.85
2011.07.29 09:07:29.361,1.09428,1.09443,3.38,2.10
2011.07.29 09:07:29.917,1.09429,1.09443,1.13,2.10
2011.07.29 09:07:31.260,1.09428,1.09441,3.76,2.85
2011.07.29 09:07:31.818,1.09428,1.09437,3.00,1.35
2011.07.29 09:07:32.049,1.09425,1.09437,1.51,1.35
2011.07.29 09:07:32.278,1.09424,1.09437,1.50,1.35
2011.07.29 09:07:34.277,1.09424,1.09438,1.13,1.50
2011.07.29 09:07:35.980,1.09428,1.09442,1.50,1.13
2011.07.29 09:07:38.929,1.09429,1.09444,3.38,2.10
2011.07.29 09:07:39.053,1.09429,1.09446,4.13,4.35
2011.07.29 09:07:40.161,1.09433,1.09445,3.00,1.50
2011.07.29 09:07:41.728,1.09433,1.09445,3.00,1.50
2011.07.29 09:07:42.287,1.09433,1.09446,3.00,3.98
2011.07.29 09:07:42.847,1.09433,1.09446,3.00,3.60
2011.07.29 09:07:46.458,1.09433,1.09444,2.25,1.73
2011.07.29 09:07:47.017,1.09429,1.09443,2.26,2.10
2011.07.29 09:07:47.362,1.09424,1.09439,3.38,1.50
2011.07.29 09:07:47.479,1.09424,1.09439,2.26,1.50
2011.07.29 09:08:15.315,1.09431,1.0944,2.02,3.75
2011.07.29 09:08:15.652,1.09437,1.09448,2.63,1.50
2011.07.29 09:08:15.999,1.09438,1.0945,2.86,1.88
2011.07.29 09:08:16.228,1.09438,1.09453,2.86,4.13
2011.07.29 09:08:16.572,1.09439,1.09453,2.26,2.25
2011.07.29 09:08:16.909,1.09439,1.09453,1.73,3.00
2011.07.29 09:08:17.248,1.09441,1.09456,3.00,3.38
2011.07.29 09:08:17.785,1.09441,1.09455,3.00,2.10
2011.07.29 09:08:18.025,1.09438,1.09449,1.51,1.35
2011.07.29 09:08:20.066,1.09443,1.09457,1.13,2.25
2011.07.29 09:08:20.728,1.09443,1.09458,1.88,2.10
2011.07.29 09:08:21.999,1.09443,1.09457,1.51,1.35
2011.07.29 09:08:22.560,1.09442,1.09457,1.51,2.85
2011.07.29 09:08:23.210,1.09443,1.09457,1.51,2.85
2011.07.29 09:08:23.766,1.09442,1.09457,1.51,2.85
2011.07.29 09:08:24.214,1.09441,1.09454,3.00,1.13
2011.07.29 09:08:24.669,1.09438,1.09452,1.13,1.13
2011.07.29 09:08:24.794,1.09437,1.09449,1.51,1.35
2011.07.29 09:08:24.913,1.09436,1.09449,3.00,2.10
2011.07.29 09:08:25.137,1.09433,1.09449,3.61,1.35
2011.07.29 09:08:26.539,1.09435,1.0945,1.50,2.85
2011.07.29 09:08:26.664,1.09437,1.09451,3.00,2.85
2011.07.29 09:08:27.775,1.0944,1.09453,1.35,2.25
2011.07.29 09:08:27.891,1.09441,1.09455,1.50,1.50
2011.07.29 09:08:28.446,1.09441,1.09456,1.88,1.35
2011.07.29 09:08:42.627,1.09443,1.09457,1.50,3.00
2011.07.29 09:08:47.740,1.09444,1.09458,1.50,2.10
2011.07.29 09:08:50.170,1.09443,1.09456,1.50,2.10
2011.07.29 09:08:50.729,1.09443,1.09457,2.25,2.48
2011.07.29 09:08:51.427,1.09443,1.09457,1.50,2.10
2011.07.29 09:08:51.986,1.09443,1.09457,2.25,1.50
2011.07.29 09:08:52.537,1.09443,1.09457,2.25,1.50
2011.07.29 09:08:56.406,1.09443,1.09457,1.50,2.10
2011.07.29 09:08:57.095,1.09443,1.09457,1.50,2.10
2011.07.29 09:08:58.200,1.09443,1.09457,1.50,2.10
2011.07.29 09:08:58.712,1.09438,1.09452,2.26,2.48
2011.07.29 09:08:59.063,1.09429,1.09443,2.48,1.50
2011.07.29 09:08:59.618,1.09427,1.09442,1.51,1.50
2011.07.29 09:09:00.617,1.09426,1.09441,4.88,1.88
2011.07.29 09:09:00.958,1.09425,1.0944,1.50,3.00
2011.07.29 09:09:01.737,1.09426,1.0944,1.50,3.75
2011.07.29 09:09:01.858,1.09427,1.09441,3.75,2.10
2011.07.29 09:09:02.416,1.09427,1.09441,3.00,2.10
2011.07.29 09:09:07.042,1.09427,1.0944,2.25,1.35
2011.07.29 09:09:07.599,1.09423,1.09438,2.63,1.50
2011.07.29 09:09:13.878,1.09422,1.09436,1.51,1.50
2011.07.29 09:09:16.517,1.09422,1.09436,2.26,1.35
2011.07.29 09:09:19.070,1.09427,1.0944,3.00,2.25
2011.07.29 09:09:19.627,1.09428,1.09441,1.13,2.25
2011.07.29 09:09:20.187,1.09428,1.09441,1.13,1.50
2011.07.29 09:09:22.217,1.09427,1.0944,2.25,1.13
2011.07.29 09:09:22.560,1.09423,1.09437,1.42,1.35
2011.07.29 09:09:23.777,1.09422,1.09437,2.63,2.10
2011.07.29 09:09:24.939,1.09422,1.09436,1.88,2.10
2011.07.29 09:09:25.496,1.09422,1.09437,1.88,2.25
2011.07.29 09:09:27.496,1.09421,1.09437,3.01,2.25
2011.07.29 09:09:29.367,1.09421,1.09437,3.01,2.25
2011.07.29 09:09:29.926,1.09421,1.09437,3.01,4.35
2011.07.29 09:09:39.587,1.09421,1.09436,3.00,2.25
2011.07.29 09:09:39.708,1.09421,1.09435,2.25,1.50
2011.07.29 09:09:40.049,1.09417,1.09433,4.51,3.60
2011.07.29 09:09:40.749,1.09417,1.09433,5.26,4.35
2011.07.29 09:09:43.348,1.09417,1.09432,4.51,3.60
2011.07.29 09:09:46.576,1.09417,1.09432,4.51,1.50
2011.07.29 09:09:47.127,1.09417,1.09432,3.75,1.50
2011.07.29 09:09:47.706,1.09417,1.09432,3.00,1.50
2011.07.29 09:09:48.866,1.09417,1.09431,3.00,2.85
2011.07.29 09:09:49.197,1.09413,1.09427,1.51,1.35
2011.07.29 09:09:49.555,1.09417,1.09429,2.25,1.50
2011.07.29 09:09:49.888,1.09421,1.09431,1.50,1.50
2011.07.29 09:09:50.447,1.09421,1.09433,1.50,6.60
2011.07.29 09:09:51.686,1.09421,1.09433,1.50,4.50
2011.07.29 09:09:54.287,1.09421,1.09433,1.50,6.60
2011.07.29 09:09:54.837,1.09421,1.09433,1.50,4.50
2011.07.29 09:09:55.067,1.09421,1.09433,1.50,4.50
2011.07.29 09:09:56.023,1.09418,1.09432,1.13,1.35
2011.07.29 09:09:56.252,1.0942,1.09432,1.88,1.35
2011.07.29 09:09:56.373,1.09419,1.09433,1.50,1.50
2011.07.29 09:09:56.837,1.0942,1.09433,1.35,1.50
2011.07.29 09:09:56.966,1.09422,1.09435,1.50,1.50
2011.07.29 09:09:58.637,1.09422,1.09435,1.50,1.50
2011.07.29 09:09:59.191,1.09422,1.09436,1.50,2.25
2011.07.29 09:10:00.189,1.09421,1.09434,2.10,1.50
2011.07.29 09:10:00.308,1.0942,1.09432,2.92,2.10
2011.07.29 09:10:00.866,1.09419,1.09432,2.17,2.10
2011.07.29 09:10:01.208,1.09423,1.09433,1.50,3.75
2011.07.29 09:10:02.429,1.09421,1.09434,4.88,1.50
2011.07.29 09:10:04.190,1.09418,1.0943,2.17,2.10
2011.07.29 09:10:04.529,1.09416,1.09429,1.50,1.50
2011.07.29 09:10:04.653,1.09414,1.09427,1.50,1.50
2011.07.29 09:10:04.771,1.09412,1.09427,2.10,1.50
2011.07.29 09:10:07.199,1.09414,1.09427,1.73,1.50
2011.07.29 09:10:07.427,1.09417,1.09431,3.00,3.60
2011.07.29 09:10:11.435,1.09419,1.09431,1.35,1.50
2011.07.29 09:10:11.658,1.09419,1.09433,1.73,3.75
2011.07.29 09:10:12.218,1.09423,1.09435,1.13,1.50
2011.07.29 09:10:12.340,1.09423,1.09436,1.13,3.00
2011.07.29 09:10:14.000,1.09418,1.09432,2.77,1.50
2011.07.29 09:10:14.560,1.09418,1.09433,2.11,3.75
2011.07.29 09:10:15.556,1.09418,1.09432,1.36,1.50
2011.07.29 09:10:19.146,1.09418,1.09433,1.36,3.75
2011.07.29 09:10:22.128,1.09418,1.09432,1.35,1.50
2011.07.29 09:10:27.714,1.09418,1.09432,1.35,1.50
2011.07.29 09:10:28.268,1.09417,1.09432,3.00,2.10
2011.07.29 09:10:33.809,1.09414,1.09429,2.26,1.35
2011.07.29 09:10:33.928,1.09413,1.09429,3.23,1.35
2011.07.29 09:10:35.577,1.09413,1.09427,2.11,1.50
2011.07.29 09:10:36.838,1.09411,1.09427,1.73,2.63
2011.07.29 09:10:37.397,1.0941,1.09425,3.76,1.50
2011.07.29 09:10:37.957,1.09411,1.09425,1.35,1.88
2011.07.29 09:10:39.069,1.09414,1.09426,1.50,1.50
2011.07.29 09:10:39.408,1.09416,1.09426,2.25,1.50
2011.07.29 09:10:39.531,1.09416,1.09426,2.25,1.50
2011.07.29 09:10:39.649,1.09414,1.09426,1.50,1.50
2011.07.29 09:10:41.838,1.09412,1.09426,1.35,3.23
2011.07.29 09:10:42.396,1.09412,1.09426,2.10,1.88
2011.07.29 09:10:48.437,1.09414,1.09426,1.50,1.50
2011.07.29 09:10:49.178,1.09413,1.09426,2.48,1.50
2011.07.29 09:10:53.469,1.09411,1.09425,4.73,1.50
2011.07.29 09:10:53.589,1.09408,1.09423,1.51,1.50
2011.07.29 09:10:53.709,1.09407,1.09422,1.88,1.35
2011.07.29 09:10:54.266,1.09407,1.09421,1.13,3.60
2011.07.29 09:10:55.866,1.09407,1.09422,3.00,2.25
2011.07.29 09:10:56.528,1.09407,1.09419,2.25,2.25
2011.07.29 09:10:56.760,1.09403,1.09419,2.44,2.25
2011.07.29 09:10:57.317,1.09403,1.09419,1.17,2.85
2011.07.29 09:10:57.876,1.09402,1.09419,1.55,2.85
2011.07.29 09:11:01.217,1.09403,1.09419,2.59,2.10
2011.07.29 09:11:01.779,1.09406,1.09419,2.02,1.50
2011.07.29 09:11:02.118,1.09407,1.09421,4.27,1.50
2011.07.29 09:11:03.450,1.09407,1.09419,2.25,1.50
2011.07.29 09:11:03.678,1.09407,1.0942,3.00,1.35
2011.07.29 09:11:03.797,1.09407,1.09422,3.75,2.85
2011.07.29 09:11:06.523,1.09407,1.09419,2.25,1.35
2011.07.29 09:11:06.748,1.09403,1.09418,5.06,1.50
2011.07.29 09:11:07.417,1.09403,1.09419,1.55,1.35
2011.07.29 09:11:08.235,1.09402,1.09417,2.30,1.35
2011.07.29 09:11:08.787,1.09402,1.09417,2.30,1.35
2011.07.29 09:11:09.347,1.09402,1.09419,2.90,1.88
2011.07.29 09:11:10.837,1.09402,1.09417,2.89,1.50
2011.07.29 09:11:22.752,1.09407,1.0942,1.13,3.00
2011.07.29 09:11:22.869,1.09412,1.09423,2.25,1.88
2011.07.29 09:11:23.210,1.09414,1.09421,2.63,2.10
2011.07.29 09:11:23.330,1.09414,1.09423,2.63,2.25
2011.07.29 09:11:23.449,1.09414,1.09426,2.63,2.10
2011.07.29 09:11:23.568,1.09414,1.09426,3.38,2.10
2011.07.29 09:11:23.688,1.09414,1.09426,3.38,2.10
2011.07.29 09:11:24.492,1.09413,1.09426,1.88,2.10
2011.07.29 09:11:31.751,1.09414,1.09428,1.13,1.50
2011.07.29 09:11:32.089,1.09421,1.0943,1.50,1.50
2011.07.29 09:11:32.213,1.09423,1.09431,1.50,2.25
2011.07.29 09:11:32.329,1.09424,1.09436,1.42,1.50
2011.07.29 09:11:32.453,1.09428,1.09437,1.13,2.10
2011.07.29 09:11:32.681,1.0943,1.0944,3.00,1.88
2011.07.29 09:11:32.909,1.0943,1.09445,4.13,1.50
2011.07.29 09:11:34.637,1.09431,1.09446,1.50,2.10
2011.07.29 09:11:47.967,1.09433,1.09446,1.88,2.10
2011.07.29 09:11:50.078,1.09433,1.09446,1.88,2.10
2011.07.29 09:11:52.414,1.09433,1.09448,1.88,2.10
2011.07.29 09:11:59.277,1.09432,1.09447,2.26,3.98
2011.07.29 09:11:59.837,1.09432,1.09447,2.26,3.60
2011.07.29 09:12:00.616,1.09432,1.09447,2.26,3.60
2011.07.29 09:12:03.560,1.09432,1.09442,1.51,1.35
2011.07.29 09:12:04.118,1.09429,1.09443,1.51,3.60
2011.07.29 09:12:04.458,1.09433,1.09443,1.50,2.25
2011.07.29 09:12:04.798,1.09432,1.09446,1.51,2.10
2011.07.29 09:12:05.686,1.0943,1.09445,3.38,1.13
2011.07.29 09:12:06.348,1.09432,1.09446,1.51,3.98
2011.07.29 09:12:16.289,1.09426,1.09437,2.26,2.85
2011.07.29 09:12:16.529,1.09421,1.09433,1.13,1.35
2011.07.29 09:12:16.763,1.09419,1.09432,4.13,1.35
2011.07.29 09:12:16.996,1.09415,1.09429,3.75,1.35
2011.07.29 09:12:17.550,1.09413,1.09428,2.26,1.50
2011.07.29 09:12:18.110,1.09414,1.09429,1.13,2.85
2011.07.29 09:12:18.887,1.09412,1.09429,2.48,2.85
2011.07.29 09:12:19.121,1.09413,1.09429,1.88,2.10
2011.07.29 09:12:19.691,1.09418,1.0943,1.50,3.00
2011.07.29 09:12:19.819,1.09423,1.09436,1.50,2.85
2011.07.29 09:12:20.378,1.09422,1.09438,1.88,1.13
2011.07.29 09:12:25.838,1.09422,1.09436,1.50,1.50
2011.07.29 09:12:26.180,1.09416,1.09429,1.42,1.35
2011.07.29 09:12:26.300,1.09415,1.09428,1.88,1.35
2011.07.29 09:12:30.588,1.09413,1.09428,2.26,1.35
2011.07.29 09:12:31.149,1.09413,1.09426,1.51,1.35
2011.07.29 09:12:31.707,1.09413,1.09426,1.50,1.35
2011.07.29 09:12:36.667,1.09413,1.0943,3.23,2.10
2011.07.29 09:12:37.120,1.09415,1.0943,1.51,1.35
2011.07.29 09:12:37.576,1.09419,1.09431,1.13,1.88
2011.07.29 09:12:38.228,1.09422,1.09436,1.13,1.50
2011.07.29 09:12:38.788,1.09423,1.09436,1.50,2.85
2011.07.29 09:12:39.456,1.09423,1.09436,1.50,3.60
2011.07.29 09:12:53.416,1.09423,1.09435,1.50,1.50
2011.07.29 09:12:53.969,1.09421,1.09433,1.50,2.25
2011.07.29 09:12:54.089,1.09418,1.09432,1.51,1.35
2011.07.29 09:12:54.211,1.09417,1.09426,3.01,1.50
2011.07.29 09:13:05.297,1.09413,1.09427,1.50,2.85
2011.07.29 09:13:05.858,1.09416,1.0943,3.00,4.35
2011.07.29 09:13:06.087,1.09413,1.09426,1.13,2.10
2011.07.29 09:13:13.268,1.09413,1.09426,1.88,2.10
2011.07.29 09:13:13.388,1.09414,1.09426,5.17,2.10
2011.07.29 09:13:13.949,1.09414,1.09426,1.13,2.10
2011.07.29 09:13:14.507,1.09414,1.09426,1.13,2.10
2011.07.29 09:13:16.608,1.09412,1.09426,1.88,2.10
2011.07.29 09:13:23.178,1.09416,1.09427,3.00,1.50
2011.07.29 09:13:23.517,1.09417,1.09431,1.50,4.35
2011.07.29 09:13:26.680,1.09419,1.09433,1.13,1.50
2011.07.29 09:13:27.019,1.09421,1.09436,1.50,4.35
2011.07.29 09:13:27.576,1.09421,1.09436,1.51,3.60
2011.07.29 09:13:33.730,1.09419,1.09431,3.01,2.85
2011.07.29 09:13:33.848,1.09419,1.09431,3.00,2.85
2011.07.29 09:13:34.407,1.09418,1.0943,1.51,2.10
2011.07.29 09:13:37.541,1.09419,1.09433,1.13,2.25
2011.07.29 09:13:37.659,1.0942,1.09436,1.51,2.40
2011.07.29 09:13:38.217,1.0942,1.09436,1.51,1.80
2011.07.29 09:13:38.877,1.0942,1.09436,1.51,1.50
2011.07.29 09:13:45.259,1.09423,1.09437,1.88,3.60
2011.07.29 09:13:45.597,1.09424,1.09437,1.13,1.35
2011.07.29 09:13:45.828,1.09424,1.09437,1.88,1.35
2011.07.29 09:13:46.828,1.09424,1.09439,1.50,1.50
2011.07.29 09:13:49.689,1.09423,1.09438,1.88,1.50
2011.07.29 09:13:53.475,1.09423,1.09439,2.48,1.50
2011.07.29 09:13:55.847,1.09423,1.09439,1.35,2.25
2011.07.29 09:13:57.499,1.09427,1.0944,1.50,3.00
2011.07.29 09:13:58.389,1.09427,1.09441,3.00,3.04
2011.07.29 09:13:59.952,1.09428,1.09441,1.13,2.10
2011.07.29 09:14:00.291,1.09431,1.09447,2.10,2.25
2011.07.29 09:14:04.259,1.09432,1.09445,1.35,3.38
2011.07.29 09:14:04.388,1.09426,1.09437,3.75,1.48
2011.07.29 09:14:04.748,1.09418,1.09433,1.50,2.10
2011.07.29 09:14:05.324,1.09416,1.0943,3.00,1.35
2011.07.29 09:14:06.539,1.09414,1.09429,1.36,3.75
2011.07.29 09:14:21.598,1.09414,1.09428,2.85,1.50
2011.07.29 09:14:21.939,1.09423,1.09434,1.13,1.88
2011.07.29 09:14:22.278,1.09423,1.09435,1.50,1.50
2011.07.29 09:14:22.729,1.09424,1.09436,1.13,2.10
2011.07.29 09:14:23.603,1.09423,1.09436,1.50,2.10
2011.07.29 09:14:27.588,1.09423,1.09436,1.50,2.10
2011.07.29 09:14:32.731,1.09423,1.09436,1.50,1.35
2011.07.29 09:14:34.527,1.09423,1.09437,2.10,1.50
2011.07.29 09:14:36.679,1.09423,1.09436,1.50,1.80
2011.07.29 09:14:36.798,1.09423,1.09436,1.50,1.80
2011.07.29 09:14:37.323,1.09423,1.09436,1.50,1.50
2011.07.29 09:14:37.839,1.09423,1.09437,1.50,1.65
2011.07.29 09:14:40.287,1.09423,1.09437,1.50,1.50
2011.07.29 09:14:43.636,1.09422,1.09436,1.51,1.65
2011.07.29 09:14:44.186,1.09422,1.09436,1.51,1.50
2011.07.29 09:14:45.388,1.0942,1.09435,4.36,2.25
2011.07.29 09:14:45.857,1.09418,1.09432,1.50,2.10
2011.07.29 09:14:45.978,1.09417,1.09427,2.25,1.35
2011.07.29 09:14:46.318,1.09416,1.09427,3.00,1.05
2011.07.29 09:14:46.551,1.09413,1.09426,1.88,1.50
2011.07.29 09:14:46.673,1.09412,1.09425,1.42,1.95
2011.07.29 09:14:47.227,1.09411,1.09425,1.50,1.95
2011.07.29 09:14:47.788,1.09413,1.09425,1.50,1.20
2011.07.29 09:14:53.570,1.09413,1.09427,1.50,1.50
2011.07.29 09:14:53.802,1.09415,1.09427,1.13,3.00
2011.07.29 09:14:54.036,1.09418,1.09427,1.50,2.25
2011.07.29 09:14:54.154,1.09418,1.09431,1.50,2.48
2011.07.29 09:14:54.493,1.09418,1.09431,1.50,2.10
2011.07.29 09:14:54.943,1.0942,1.09434,1.35,1.88
2011.07.29 09:14:55.511,1.09423,1.09436,1.50,1.50
2011.07.29 09:14:56.399,1.09423,1.09436,1.50,1.50
2011.07.29 09:14:56.957,1.09422,1.09436,1.50,1.50
2011.07.29 09:14:58.318,1.09423,1.09436,1.50,1.50
2011.07.29 09:14:58.877,1.09423,1.09436,1.50,1.50
2011.07.29 09:15:01.430,1.0942,1.09433,3.38,1.50
2011.07.29 09:15:01.658,1.09418,1.09433,2.48,3.00
2011.07.29 09:15:03.690,1.09418,1.09433,2.11,3.00
2011.07.29 09:15:04.706,1.09418,1.09433,2.48,3.00
2011.07.29 09:15:06.562,1.0942,1.09433,1.35,3.00
2011.07.29 09:15:07.012,1.09428,1.09433,1.35,2.25
2011.07.29 09:15:07.140,1.09429,1.0944,1.35,1.50
2011.07.29 09:15:09.241,1.09434,1.09444,2.10,3.00
2011.07.29 09:15:09.361,1.09434,1.09447,2.85,3.75
2011.07.29 09:15:09.484,1.09439,1.09449,1.73,3.00
2011.07.29 09:15:09.602,1.09439,1.09453,3.98,1.88
2011.07.29 09:15:09.721,1.09438,1.09452,1.13,2.10
2011.07.29 09:15:09.839,1.09436,1.09448,1.50,1.50
2011.07.29 09:15:09.960,1.09436,1.09447,1.51,1.50
2011.07.29 09:15:10.082,1.09428,1.09432,2.25,2.25
2011.07.29 09:15:10.199,1.09422,1.09432,1.20,3.00
2011.07.29 09:15:10.323,1.09418,1.09432,1.20,5.10
2011.07.29 09:15:10.440,1.09416,1.09432,1.51,5.10
2011.07.29 09:15:10.869,1.09415,1.09428,1.51,2.85
2011.07.29 09:15:10.990,1.09413,1.09428,1.13,2.85
2011.07.29 09:15:11.768,1.09412,1.09428,1.36,2.85
2011.07.29 09:15:12.328,1.09411,1.09428,1.51,4.35
2011.07.29 09:15:12.777,1.09413,1.09428,2.10,2.25
2011.07.29 09:15:14.763,1.0941,1.09424,1.88,1.35
2011.07.29 09:15:15.099,1.09409,1.09421,1.13,2.25
2011.07.29 09:15:15.656,1.09409,1.09421,1.13,2.25
2011.07.29 09:15:16.319,1.09412,1.09421,1.73,2.25
2011.07.29 09:15:16.440,1.09412,1.09428,1.73,5.85
2011.07.29 09:15:17.309,1.09413,1.09428,1.50,4.35
2011.07.29 09:15:30.423,1.09416,1.09428,1.13,4.50
2011.07.29 09:15:30.774,1.09423,1.09436,1.35,1.50
2011.07.29 09:15:31.110,1.09421,1.09437,2.55,2.25
2011.07.29 09:15:31.780,1.09421,1.09437,2.63,2.10
2011.07.29 09:15:32.340,1.09422,1.09437,2.11,1.50
2011.07.29 09:15:37.560,1.0942,1.09437,2.63,2.48
2011.07.29 09:15:38.045,1.09418,1.09432,2.11,1.50
2011.07.29 09:15:38.493,1.09417,1.09432,1.13,1.50
2011.07.29 09:15:38.943,1.09416,1.09429,3.00,1.50
2011.07.29 09:15:39.063,1.09413,1.09429,2.17,3.75
2011.07.29 09:15:39.740,1.0941,1.09423,3.01,1.50
2011.07.29 09:15:40.418,1.09408,1.09423,1.50,4.35
2011.07.29 09:15:40.978,1.09408,1.09421,1.13,1.35
2011.07.29 09:15:42.003,1.09407,1.0942,2.63,1.35
2011.07.29 09:15:42.354,1.09407,1.09417,1.50,1.50
2011.07.29 09:15:42.469,1.09407,1.09421,1.13,2.25
2011.07.29 09:15:43.288,1.09409,1.09421,1.50,2.25
2011.07.29 09:15:43.739,1.09406,1.09414,3.00,1.50
2011.07.29 09:15:43.970,1.09405,1.09414,1.13,2.25
2011.07.29 09:15:44.089,1.09406,1.09417,1.13,1.13
2011.07.29 09:15:44.209,1.09404,1.09418,1.50,1.50
2011.07.29 09:15:45.703,1.09403,1.09414,2.11,1.50
2011.07.29 09:15:45.819,1.09401,1.09414,1.05,4.50
2011.07.29 09:15:45.942,1.094,1.09414,2.48,3.00
2011.07.29 09:15:46.169,1.09403,1.09417,2.25,1.50
2011.07.29 09:15:47.161,1.09405,1.09418,1.42,1.50
2011.07.29 09:15:47.514,1.0941,1.09421,1.35,1.50
2011.07.29 09:15:48.178,1.09412,1.09424,1.13,3.75
2011.07.29 09:15:48.849,1.09414,1.09427,2.10,1.50
2011.07.29 09:15:49.411,1.09414,1.09426,1.50,1.20
2011.07.29 09:15:49.869,1.09414,1.09419,1.50,1.35
2011.07.29 09:15:49.991,1.09405,1.09418,1.13,1.50
2011.07.29 09:15:50.109,1.09404,1.09418,2.10,1.50
2011.07.29 09:15:50.889,1.09404,1.09417,1.50,1.35
2011.07.29 09:15:51.449,1.09404,1.09418,2.10,1.50
2011.07.29 09:15:57.131,1.09403,1.09419,1.51,3.00
2011.07.29 09:15:57.362,1.09405,1.09419,1.13,2.25
2011.07.29 09:15:57.922,1.09406,1.09422,3.60,3.60
2011.07.29 09:15:59.700,1.09406,1.09417,2.25,1.50
2011.07.29 09:15:59.824,1.09403,1.09417,3.23,1.50
2011.07.29 09:16:00.383,1.09403,1.09419,1.36,4.35
2011.07.29 09:16:03.159,1.09403,1.09417,1.36,2.25
2011.07.29 09:16:03.501,1.09399,1.09413,1.40,3.75
2011.07.29 09:16:03.974,1.09402,1.09413,2.10,3.00
2011.07.29 09:16:04.202,1.09403,1.09416,2.11,1.88
2011.07.29 09:16:04.321,1.09404,1.09418,1.35,1.50
2011.07.29 09:16:04.550,1.09408,1.09422,2.10,1.50
2011.07.29 09:16:04.892,1.0941,1.09426,4.13,2.63
2011.07.29 09:16:07.475,1.0941,1.09416,2.25,1.50
2011.07.29 09:16:07.601,1.09405,1.09414,1.13,3.00
2011.07.29 09:16:07.722,1.09401,1.09414,1.51,2.25
2011.07.29 09:16:07.839,1.09403,1.09416,1.35,2.25
2011.07.29 09:16:09.189,1.09404,1.09416,1.73,1.50
2011.07.29 09:16:09.640,1.09403,1.09417,1.51,1.13
2011.07.29 09:16:11.190,1.09403,1.09415,1.13,1.50
2011.07.29 09:16:11.528,1.09401,1.09413,1.13,3.00
2011.07.29 09:16:12.088,1.094,1.09413,2.48,3.00
2011.07.29 09:16:12.752,1.09404,1.09413,1.50,2.25
2011.07.29 09:16:13.269,1.09406,1.09421,4.73,1.13
2011.07.29 09:16:13.828,1.09406,1.09423,4.73,2.25
2011.07.29 09:16:14.638,1.09406,1.09413,2.48,2.25
2011.07.29 09:16:14.980,1.09403,1.09413,1.36,2.25
2011.07.29 09:16:15.099,1.09403,1.09418,2.11,1.50
2011.07.29 09:16:15.555,1.09406,1.09419,2.10,1.88
2011.07.29 09:16:15.896,1.0941,1.09425,3.60,1.50
2011.07.29 09:16:16.016,1.09414,1.09427,1.13,1.50
2011.07.29 09:16:17.488,1.09411,1.09424,1.88,3.60
2011.07.29 09:16:17.606,1.09409,1.09422,2.55,1.50
2011.07.29 09:16:19.259,1.09407,1.09423,1.88,2.10
2011.07.29 09:16:20.492,1.09406,1.09415,3.01,1.50
2011.07.29 09:16:20.723,1.09402,1.09414,1.42,2.25
2011.07.29 09:16:21.242,1.09403,1.09419,2.48,5.63
2011.07.29 09:16:21.799,1.09403,1.09419,2.48,4.88
2011.07.29 09:16:23.023,1.09413,1.09419,1.35,2.25
2011.07.29 09:16:23.142,1.09412,1.09422,3.75,2.10
2011.07.29 09:16:23.263,1.09412,1.09421,3.00,1.35
2011.07.29 09:16:23.493,1.0941,1.0942,1.50,2.25
2011.07.29 09:16:23.610,1.09409,1.09425,3.38,1.50
2011.07.29 09:16:24.611,1.09414,1.09427,1.35,1.50
2011.07.29 09:16:25.549,1.09409,1.09424,1.51,4.35
2011.07.29 09:16:27.100,1.09408,1.09423,1.88,1.50
2011.07.29 09:16:30.718,1.09406,1.09419,3.01,1.35
2011.07.29 09:16:30.952,1.09403,1.09417,1.36,1.50
2011.07.29 09:16:31.510,1.09402,1.09417,2.11,1.50
2011.07.29 09:16:32.732,1.094,1.09415,2.63,1.35
2011.07.29 09:16:33.070,1.09397,1.0941,3.80,1.35
2011.07.29 09:16:34.159,1.09397,1.0941,3.04,2.10
2011.07.29 09:16:34.929,1.09397,1.0941,3.04,1.50
2011.07.29 09:16:35.379,1.09399,1.09411,1.50,1.50
2011.07.29 09:16:35.724,1.09403,1.09417,2.86,1.50
2011.07.29 09:16:35.839,1.09403,1.09419,2.86,4.50
2011.07.29 09:16:35.960,1.09403,1.09417,3.23,1.50
2011.07.29 09:16:36.518,1.094,1.09416,3.01,1.43
2011.07.29 09:16:36.970,1.09405,1.09415,1.50,1.13
2011.07.29 09:16:37.310,1.09403,1.09417,1.88,1.88
2011.07.29 09:16:38.528,1.09401,1.09416,1.35,1.50
2011.07.29 09:16:38.750,1.09405,1.09418,1.50,1.50
2011.07.29 09:16:38.869,1.09407,1.09419,3.00,2.10
2011.07.29 09:16:38.988,1.09407,1.09418,3.00,2.10
2011.07.29 09:16:40.172,1.09407,1.09419,3.00,1.35
2011.07.29 09:16:40.514,1.09407,1.09419,3.00,1.35
2011.07.29 09:16:40.958,1.09402,1.09417,1.88,1.50
2011.07.29 09:16:41.518,1.09401,1.09417,1.88,2.25
2011.07.29 09:16:42.189,1.09406,1.09419,1.50,2.48
2011.07.29 09:16:42.422,1.09406,1.0942,3.75,3.60
2011.07.29 09:16:42.979,1.09406,1.0942,3.75,2.10
2011.07.29 09:16:45.020,1.09406,1.0942,3.00,3.60
2011.07.29 09:16:45.474,1.09405,1.09419,1.13,1.35
2011.07.29 09:16:47.013,1.09405,1.0942,2.26,5.85
2011.07.29 09:16:47.570,1.09406,1.0942,3.00,3.60
2011.07.29 09:16:47.689,1.09406,1.0942,3.00,2.10
2011.07.29 09:16:52.890,1.09406,1.0942,3.00,3.60
2011.07.29 09:16:58.462,1.09415,1.09422,1.50,1.13
2011.07.29 09:16:58.803,1.09419,1.09433,2.11,3.00
2011.07.29 09:16:58.920,1.0942,1.09436,3.38,2.63
2011.07.29 09:17:00.359,1.0942,1.09436,3.38,2.25
2011.07.29 09:17:01.247,1.0942,1.09436,3.38,2.25
2011.07.29 09:17:02.239,1.0942,1.09432,2.63,1.35
2011.07.29 09:17:10.419,1.09418,1.09428,1.51,2.10
2011.07.29 09:17:10.656,1.09414,1.09424,1.42,3.75
2011.07.29 09:17:10.770,1.09409,1.09423,1.51,2.10
2011.07.29 09:17:11.439,1.09408,1.09423,2.63,2.10
2011.07.29 09:17:13.438,1.09408,1.09422,1.88,2.10
2011.07.29 09:17:13.670,1.09408,1.09418,1.13,1.48
2011.07.29 09:17:14.419,1.09397,1.09412,4.13,1.35
2011.07.29 09:17:14.979,1.094,1.09413,1.35,3.75
2011.07.29 09:17:15.649,1.094,1.09416,3.60,2.25
2011.07.29 09:17:16.758,1.09401,1.09416,1.50,2.25
2011.07.29 09:17:17.099,1.094,1.09416,3.60,2.25
2011.07.29 09:17:17.660,1.09402,1.09416,1.35,2.25
2011.07.29 09:17:18.109,1.09402,1.09416,1.35,2.25
2011.07.29 09:17:18.936,1.09406,1.09417,1.50,1.50
2011.07.29 09:17:19.061,1.09406,1.09419,3.75,1.50
2011.07.29 09:17:20.721,1.09406,1.09412,2.25,1.50
2011.07.29 09:17:20.841,1.09402,1.09412,1.13,1.50
2011.07.29 09:17:20.962,1.09402,1.09412,1.50,1.50
2011.07.29 09:17:21.080,1.09402,1.09415,1.50,1.50
2011.07.29 09:17:21.308,1.09402,1.09417,2.25,2.10
2011.07.29 09:17:22.752,1.09401,1.09412,1.13,1.50
2011.07.29 09:17:23.091,1.09401,1.09414,2.11,2.25
2011.07.29 09:17:23.322,1.09401,1.09417,2.11,2.10
2011.07.29 09:17:24.471,1.09402,1.09416,1.13,2.25
2011.07.29 09:17:24.596,1.09399,1.09411,3.38,1.50
2011.07.29 09:17:26.689,1.09398,1.09414,1.73,3.75
2011.07.29 09:17:26.810,1.09401,1.09415,1.35,1.50
2011.07.29 09:17:28.251,1.09402,1.09417,1.73,2.25
2011.07.29 09:17:31.551,1.09406,1.0942,1.50,3.75
2011.07.29 09:17:31.669,1.09407,1.09421,3.00,3.23
2011.07.29 09:17:32.228,1.09407,1.0942,3.00,1.50
2011.07.29 09:17:32.999,1.09407,1.09416,2.25,1.50
2011.07.29 09:17:33.120,1.09404,1.09416,1.13,1.50
2011.07.29 09:17:33.678,1.09403,1.09419,1.73,3.75
2011.07.29 09:17:41.004,1.09406,1.0942,1.13,3.60
2011.07.29 09:17:41.123,1.09403,1.09418,3.30,1.50
2011.07.29 09:17:41.241,1.09403,1.09418,1.88,1.50
2011.07.29 09:17:41.909,1.09402,1.09417,1.51,2.10
2011.07.29 09:17:42.725,1.09401,1.09416,1.51,2.10
2011.07.29 09:17:43.081,1.09399,1.09413,2.26,3.00
2011.07.29 09:17:43.421,1.09401,1.09413,1.35,2.25
2011.07.29 09:17:43.540,1.09403,1.09415,1.50,1.50
2011.07.29 09:17:44.098,1.09402,1.09417,1.13,1.50
2011.07.29 09:17:45.199,1.09401,1.09416,1.73,1.88
2011.07.29 09:17:45.321,1.09399,1.09412,1.36,1.50
2011.07.29 09:17:46.321,1.09399,1.09413,1.36,3.00
2011.07.29 09:17:46.554,1.09401,1.09413,1.50,2.25
2011.07.29 09:17:46.783,1.09403,1.09416,1.13,1.88
2011.07.29 09:17:48.121,1.094,1.09416,3.98,1.88
2011.07.29 09:17:48.243,1.094,1.09407,2.25,1.35
2011.07.29 09:17:48.361,1.09397,1.09407,1.50,1.35
2011.07.29 09:17:48.699,1.09397,1.09412,3.38,1.50
2011.07.29 09:17:49.043,1.09401,1.09414,1.35,1.50
2011.07.29 09:17:49.271,1.09401,1.09414,1.35,1.50
2011.07.29 09:17:50.490,1.094,1.0941,2.85,1.88
2011.07.29 09:17:50.832,1.09401,1.09413,3.00,1.35
2011.07.29 09:17:50.951,1.09401,1.09411,2.25,1.50
2011.07.29 09:17:51.182,1.09401,1.09414,1.35,3.00
2011.07.29 09:17:51.300,1.09401,1.09414,1.35,2.25
2011.07.29 09:17:52.146,1.09401,1.09416,1.73,2.63
2011.07.29 09:17:52.482,1.094,1.09411,2.25,1.50
2011.07.29 09:17:52.826,1.09394,1.09407,2.55,1.50
2011.07.29 09:17:53.165,1.0939,1.09403,1.51,3.00
2011.07.29 09:17:53.392,1.09393,1.09407,1.51,1.13
2011.07.29 09:17:53.947,1.09392,1.09407,3.23,1.50
2011.07.29 09:17:54.500,1.09392,1.09406,1.88,1.35
2011.07.29 09:17:54.620,1.0939,1.09403,2.26,3.75
2011.07.29 09:17:55.509,1.0939,1.09403,1.51,5.10
2011.07.29 09:17:55.739,1.09389,1.09402,2.86,1.50
2011.07.29 09:17:55.969,1.09391,1.09403,1.35,3.00
2011.07.29 09:17:56.091,1.09391,1.09406,3.98,1.88
2011.07.29 09:17:56.633,1.09391,1.09407,3.38,2.10
2011.07.29 09:17:56.970,1.09391,1.09407,3.38,2.85
2011.07.29 09:17:57.423,1.09391,1.094,2.85,1.50
2011.07.29 09:17:57.654,1.09384,1.09394,1.50,3.60
2011.07.29 09:17:57.773,1.09383,1.09394,1.35,3.00
2011.07.29 09:17:58.225,1.09379,1.09394,1.51,3.75
2011.07.29 09:17:59.549,1.09378,1.09394,3.23,3.75
2011.07.29 09:18:03.180,1.0938,1.09394,1.13,3.75
2011.07.29 09:18:03.743,1.09378,1.09383,1.80,2.25
2011.07.29 09:18:03.976,1.09377,1.09383,1.50,2.25
2011.07.29 09:18:04.092,1.09377,1.09392,1.50,5.10
2011.07.29 09:18:04.212,1.09376,1.0939,3.76,1.50
2011.07.29 09:18:04.550,1.09378,1.09391,1.50,3.00
2011.07.29 09:18:04.782,1.09381,1.09396,3.00,3.38
2011.07.29 09:18:04.900,1.09381,1.09396,3.00,3.00
2011.07.29 09:18:09.191,1.09381,1.09393,3.23,1.50
2011.07.29 09:18:09.310,1.09379,1.09393,1.13,3.75
2011.07.29 09:18:13.409,1.09377,1.09392,4.88,1.50
2011.07.29 09:18:21.210,1.09381,1.09393,1.50,2.25
2011.07.29 09:18:21.332,1.09381,1.09396,3.75,2.25
2011.07.29 09:18:21.888,1.09382,1.09396,1.13,3.60
2011.07.29 09:18:24.240,1.09381,1.09393,3.01,1.35
2011.07.29 09:18:24.799,1.0938,1.09393,1.73,2.25
2011.07.29 09:18:24.921,1.0938,1.09396,4.73,1.88
2011.07.29 09:18:25.265,1.09386,1.09396,1.50,1.50
2011.07.29 09:18:25.807,1.09386,1.09396,3.00,1.50
2011.07.29 09:18:26.598,1.09381,1.09396,1.13,1.88
2011.07.29 09:18:27.179,1.09381,1.09396,1.13,1.88
2011.07.29 09:18:30.669,1.0938,1.09396,3.76,1.50
2011.07.29 09:18:34.908,1.09381,1.09396,1.13,2.10
2011.07.29 09:18:35.569,1.0938,1.09396,4.36,2.10
2011.07.29 09:18:36.418,1.09381,1.09396,1.13,2.10
2011.07.29 09:18:37.308,1.09381,1.09396,2.48,1.50
2011.07.29 09:18:43.140,1.09385,1.09399,1.80,1.50
2011.07.29 09:18:43.259,1.09386,1.09401,1.73,5.63
2011.07.29 09:18:43.490,1.09389,1.09402,1.35,1.50
2011.07.29 09:18:43.611,1.09391,1.09404,3.00,2.25
2011.07.29 09:18:43.732,1.09387,1.09401,3.01,1.50
2011.07.29 09:18:44.181,1.09387,1.09401,2.11,1.50
2011.07.29 09:18:44.518,1.09384,1.09399,1.88,1.35
2011.07.29 09:18:47.662,1.09383,1.09397,1.51,1.50
2011.07.29 09:18:47.780,1.09382,1.09397,2.48,1.50
2011.07.29 09:18:49.660,1.09382,1.09397,2.48,2.25
2011.07.29 09:18:49.894,1.09382,1.09397,2.11,2.25
2011.07.29 09:18:50.240,1.09379,1.09391,1.13,1.35
2011.07.29 09:18:50.470,1.09378,1.09393,1.88,3.75
2011.07.29 09:18:51.692,1.09379,1.09393,1.13,3.00
2011.07.29 09:18:51.923,1.09381,1.09396,1.88,1.73
2011.07.29 09:18:52.811,1.09384,1.09399,2.85,1.88
2011.07.29 09:18:53.043,1.09388,1.09399,1.35,1.13
2011.07.29 09:18:53.712,1.09387,1.09401,1.13,1.50
2011.07.29 09:18:54.052,1.09389,1.09403,1.13,1.50
2011.07.29 09:18:54.503,1.0939,1.09405,3.00,2.25
2011.07.29 09:18:55.060,1.09391,1.09406,1.50,2.25
2011.07.29 09:18:57.298,1.09396,1.09407,1.50,1.35
2011.07.29 09:18:57.421,1.09397,1.09409,3.00,1.50
2011.07.29 09:18:59.272,1.09397,1.09407,2.25,1.50
2011.07.29 09:18:59.391,1.09394,1.09407,1.42,1.50
2011.07.29 09:19:00.499,1.09391,1.09406,3.38,2.10
2011.07.29 09:19:01.059,1.09391,1.09407,3.61,1.50
2011.07.29 09:19:13.501,1.09394,1.09407,2.63,1.50
2011.07.29 09:19:13.843,1.09401,1.0941,1.50,3.00
2011.07.29 09:19:14.075,1.09402,1.09415,1.13,1.50
2011.07.29 09:19:14.792,1.09401,1.09416,4.13,1.35
2011.07.29 09:19:15.351,1.09401,1.09416,3.00,1.35
2011.07.29 09:19:16.350,1.09401,1.09417,3.60,2.85
2011.07.29 09:19:19.108,1.09401,1.09417,3.60,2.85
2011.07.29 09:19:19.329,1.09401,1.09417,3.60,2.85
2011.07.29 09:19:19.559,1.09401,1.09417,3.60,2.85
2011.07.29 09:19:20.873,1.09401,1.09417,3.60,2.85
2011.07.29 09:19:21.429,1.09401,1.09417,3.60,2.85
2011.07.29 09:19:22.099,1.09401,1.09416,3.00,1.35
2011.07.29 09:19:22.658,1.09401,1.09416,3.00,1.35
2011.07.29 09:19:22.769,1.09401,1.09416,3.75,1.35
2011.07.29 09:19:23.553,1.09399,1.09416,1.88,3.23
2011.07.29 09:19:23.904,1.09394,1.09404,1.51,3.00
2011.07.29 09:19:24.131,1.09394,1.0941,1.51,3.60
2011.07.29 09:19:24.359,1.09394,1.0941,1.13,4.35
2011.07.29 09:19:24.479,1.09398,1.0941,1.35,3.00
2011.07.29 09:19:25.077,1.09395,1.0941,2.63,3.75
2011.07.29 09:19:25.189,1.09394,1.0941,1.51,3.75
2011.07.29 09:19:25.748,1.09394,1.0941,2.03,3.00
2011.07.29 09:19:26.630,1.09395,1.0941,1.51,3.00
2011.07.29 09:19:26.754,1.09397,1.0941,1.13,2.25
2011.07.29 09:19:27.090,1.09401,1.0941,1.88,2.25
2011.07.29 09:19:27.211,1.09401,1.09417,5.63,1.35
2011.07.29 09:19:30.580,1.09402,1.09418,1.88,1.50
2011.07.29 09:19:31.030,1.09401,1.09417,3.01,3.60
2011.07.29 09:19:31.480,1.09401,1.09412,2.26,1.88
2011.07.29 09:19:31.602,1.09395,1.09404,2.92,2.25
2011.07.29 09:19:31.726,1.09404,1.0941,1.13,2.25
2011.07.29 09:19:31.844,1.09407,1.09417,3.00,1.50
2011.07.29 09:19:32.183,1.09404,1.09416,1.50,2.10
2011.07.29 09:19:33.238,1.094,1.09416,5.48,1.35
2011.07.29 09:19:33.791,1.094,1.09413,3.38,1.35
2011.07.29 09:19:34.019,1.09397,1.09412,3.01,1.50
2011.07.29 09:19:35.348,1.09397,1.09412,3.01,1.88
2011.07.29 09:19:35.569,1.09397,1.09412,3.01,2.48
2011.07.29 09:19:35.913,1.09397,1.09412,3.00,2.85
2011.07.29 09:19:36.468,1.09398,1.09412,1.73,1.50
2011.07.29 09:19:37.691,1.09397,1.09406,2.63,1.35
2011.07.29 09:19:38.227,1.09397,1.09405,2.26,1.50
2011.07.29 09:19:38.350,1.09393,1.09408,1.88,1.50
2011.07.29 09:19:38.913,1.09393,1.09408,3.98,1.50
2011.07.29 09:19:39.141,1.09393,1.09408,4.36,1.50
2011.07.29 09:19:40.031,1.09397,1.09411,3.38,2.85
2011.07.29 09:19:41.469,1.09398,1.09413,2.26,3.00
2011.07.29 09:19:42.579,1.09399,1.09413,1.51,3.00
2011.07.29 09:19:42.811,1.09402,1.09415,2.10,1.50
2011.07.29 09:19:43.591,1.094,1.09416,3.01,1.73
2011.07.29 09:19:44.713,1.094,1.09413,2.26,1.50
2011.07.29 09:19:45.073,1.09405,1.09414,1.50,3.75
2011.07.29 09:19:45.195,1.09407,1.09416,3.00,1.62
2011.07.29 09:19:46.124,1.09403,1.09417,1.13,2.10
2011.07.29 09:19:48.180,1.09403,1.09417,1.50,1.50
2011.07.29 09:19:48.740,1.09403,1.09417,1.51,1.50
2011.07.29 09:19:50.181,1.09406,1.09418,1.50,2.10
2011.07.29 09:19:50.524,1.0941,1.09425,6.23,1.50
2011.07.29 09:19:50.974,1.09416,1.09427,1.50,1.50
2011.07.29 09:19:51.200,1.09417,1.0943,3.00,1.50
2011.07.29 09:19:51.758,1.09417,1.0943,3.00,1.50
2011.07.29 09:19:55.213,1.09419,1.09433,1.73,3.00
2011.07.29 09:19:55.441,1.0942,1.09433,2.63,1.50
2011.07.29 09:19:55.670,1.09421,1.09435,3.01,2.25
2011.07.29 09:19:56.009,1.09421,1.09436,3.01,1.50
2011.07.29 09:19:57.449,1.09421,1.09437,4.51,2.25
2011.07.29 09:19:59.139,1.09421,1.09436,3.76,1.50
2011.07.29 09:19:59.492,1.09418,1.09434,2.86,4.35
2011.07.29 09:20:00.492,1.09421,1.09434,1.36,3.75
2011.07.29 09:20:00.720,1.09421,1.09436,1.73,1.88
2011.07.29 09:20:01.499,1.09421,1.09436,1.88,2.10
2011.07.29 09:20:02.061,1.09422,1.09437,2.10,1.50
2011.07.29 09:20:03.143,1.09422,1.09437,1.50,2.10
2011.07.29 09:20:05.569,1.0942,1.09436,4.36,1.35
2011.07.29 09:20:06.131,1.0942,1.09436,3.61,1.35
2011.07.29 09:20:06.468,1.0942,1.09436,3.61,1.35
2011.07.29 09:20:07.159,1.0942,1.09436,4.36,1.35
2011.07.29 09:20:07.719,1.09421,1.09437,2.11,1.50
2011.07.29 09:20:16.517,1.09422,1.09437,1.50,2.10
2011.07.29 09:20:17.731,1.0942,1.09433,2.26,1.50
2011.07.29 09:20:18.380,1.0942,1.09433,1.36,3.00
2011.07.29 09:20:18.508,1.09421,1.09436,3.01,2.10
2011.07.29 09:20:18.648,1.09421,1.09436,3.01,2.10
2011.07.29 09:20:19.308,1.09421,1.09436,3.01,2.10
2011.07.29 09:20:20.410,1.09421,1.09436,3.01,1.35
2011.07.29 09:20:21.527,1.09421,1.09436,3.38,1.50
2011.07.29 09:20:21.858,1.09421,1.09436,3.61,1.50
2011.07.29 09:20:22.190,1.09421,1.09436,4.36,1.50
2011.07.29 09:20:23.743,1.09421,1.09434,3.01,1.13
2011.07.29 09:20:24.346,1.09419,1.09433,1.51,5.25
2011.07.29 09:20:24.584,1.09412,1.09427,1.13,1.73
2011.07.29 09:20:25.141,1.09411,1.09426,1.88,1.35
2011.07.29 09:20:28.783,1.09409,1.0942,1.51,3.60
2011.07.29 09:20:28.903,1.09405,1.0942,1.51,4.35
2011.07.29 09:20:29.020,1.09404,1.09419,2.26,2.48
2011.07.29 09:20:29.140,1.09404,1.09419,2.25,3.23
2011.07.29 09:20:30.909,1.09401,1.09416,3.01,1.35
2011.07.29 09:20:31.254,1.09405,1.09414,1.50,2.25
2011.07.29 09:20:31.704,1.09406,1.09419,1.13,1.50
2011.07.29 09:20:31.824,1.09406,1.09421,2.48,3.00
2011.07.29 09:20:32.159,1.0941,1.09422,2.25,1.50
2011.07.29 09:20:32.499,1.09412,1.09425,1.35,1.50
2011.07.29 09:20:32.953,1.09412,1.09426,1.35,3.38
2011.07.29 09:20:34.203,1.0941,1.09425,3.00,1.50
2011.07.29 09:20:34.545,1.09407,1.09413,3.76,2.25
2011.07.29 09:20:35.042,1.09404,1.09419,1.51,1.88
2011.07.29 09:20:37.030,1.094,1.09416,4.13,2.10
2011.07.29 09:20:39.102,1.09401,1.09416,1.51,1.35
2011.07.29 09:20:39.223,1.094,1.09416,3.01,1.73
2011.07.29 09:20:40.330,1.09399,1.09415,1.51,1.13
2011.07.29 09:20:41.223,1.09406,1.09415,1.50,1.13
2011.07.29 09:20:41.562,1.09404,1.09417,1.50,1.50
2011.07.29 09:20:42.031,1.094,1.09416,3.38,1.13
2011.07.29 09:20:42.147,1.09399,1.09413,1.88,1.50
2011.07.29 09:20:43.360,1.09399,1.09413,1.50,1.50
2011.07.29 09:20:43.811,1.09403,1.09415,1.50,1.50
2011.07.29 09:20:44.589,1.09403,1.09416,1.50,2.25
2011.07.29 09:20:45.150,1.09403,1.09416,1.50,1.50
2011.07.29 09:20:45.929,1.09404,1.09416,1.50,1.50
2011.07.29 09:20:46.055,1.09406,1.09418,3.00,1.50
2011.07.29 09:20:46.280,1.09406,1.0942,3.75,1.35
2011.07.29 09:20:46.399,1.09406,1.09419,3.00,1.50
2011.07.29 09:20:46.961,1.09403,1.09416,1.13,1.50
2011.07.29 09:20:47.090,1.09398,1.09413,1.51,3.00
2011.07.29 09:20:47.210,1.09397,1.09412,3.01,1.88
2011.07.29 09:20:47.443,1.09398,1.0941,1.50,2.25
2011.07.29 09:20:47.672,1.09397,1.09411,3.01,1.50
2011.07.29 09:20:47.900,1.09394,1.09409,1.51,1.50
2011.07.29 09:20:49.231,1.09394,1.09409,1.51,1.50
2011.07.29 09:20:49.462,1.09396,1.09409,1.50,1.50
2011.07.29 09:20:49.694,1.09402,1.09415,2.10,1.50
2011.07.29 09:20:49.813,1.09406,1.09419,1.50,3.75
2011.07.29 09:20:50.307,1.09408,1.0942,1.35,1.50
2011.07.29 09:20:50.428,1.09408,1.09422,1.35,1.50
2011.07.29 09:20:50.653,1.09408,1.09422,1.35,2.25
2011.07.29 09:20:51.100,1.09403,1.0942,1.51,3.75
2011.07.29 09:20:52.322,1.09404,1.09417,1.50,1.50
2011.07.29 09:20:52.989,1.09404,1.0942,1.88,3.38
2011.07.29 09:20:53.929,1.09403,1.09417,1.51,1.35
2011.07.29 09:20:54.269,1.09403,1.09417,1.51,1.73
2011.07.29 09:20:54.721,1.09401,1.09413,2.26,1.35
2011.07.29 09:20:55.059,1.09399,1.09413,1.51,3.60
2011.07.29 09:20:55.511,1.09403,1.09413,1.50,2.25
2011.07.29 09:20:55.633,1.09403,1.09417,1.50,2.25
2011.07.29 09:20:56.081,1.09405,1.09418,1.13,1.13
2011.07.29 09:20:56.640,1.09403,1.09418,2.86,1.13
2011.07.29 09:20:57.371,1.09402,1.09414,2.17,3.75
2011.07.29 09:20:57.712,1.09407,1.09419,3.00,1.13
2011.07.29 09:20:57.834,1.09404,1.0942,1.51,2.10
2011.07.29 09:20:58.498,1.09404,1.09418,1.51,1.35
2011.07.29 09:20:59.059,1.09404,1.0942,2.11,1.35
2011.07.29 09:20:59.400,1.09407,1.09421,1.50,2.85
2011.07.29 09:20:59.630,1.09407,1.09422,1.50,1.50
2011.07.29 09:20:59.752,1.09404,1.09415,1.51,2.10
2011.07.29 09:20:59.871,1.09401,1.09413,1.42,3.00
2011.07.29 09:21:00.761,1.09404,1.09416,1.35,1.13
2011.07.29 09:21:00.881,1.09403,1.09416,2.26,1.50
2011.07.29 09:21:01.108,1.09403,1.09417,2.63,1.13
2011.07.29 09:21:01.658,1.09404,1.09418,1.51,1.13
2011.07.29 09:21:03.959,1.09407,1.09421,1.35,4.88
2011.07.29 09:21:04.519,1.09408,1.09422,1.50,1.50
2011.07.29 09:21:05.413,1.09407,1.09421,1.73,1.50
2011.07.29 09:21:05.533,1.09405,1.09421,1.13,4.50
2011.07.29 09:21:06.419,1.09403,1.09417,2.26,2.25
2011.07.29 09:21:06.988,1.09403,1.09417,1.51,1.88
2011.07.29 09:21:07.538,1.09403,1.09417,1.51,1.50
2011.07.29 09:21:11.729,1.09403,1.09417,1.51,1.50
2011.07.29 09:21:12.729,1.09403,1.09417,2.11,1.50
2011.07.29 09:21:13.311,1.094,1.09414,1.13,3.00
2011.07.29 09:21:13.433,1.09399,1.09412,1.50,1.35
2011.07.29 09:21:15.971,1.09403,1.09413,2.10,1.50
2011.07.29 09:21:16.092,1.09404,1.09416,1.50,2.63
2011.07.29 09:21:16.650,1.09404,1.09419,1.50,1.13
2011.07.29 09:21:18.031,1.09399,1.09414,3.23,1.50
2011.07.29 09:21:18.370,1.09403,1.09416,1.50,2.85
2011.07.29 09:21:18.713,1.09404,1.09417,1.50,1.13
2011.07.29 09:21:21.141,1.09404,1.09416,2.11,1.50
2011.07.29 09:21:21.261,1.09403,1.09415,3.75,2.10
2011.07.29 09:21:21.491,1.09399,1.09415,1.51,2.85
2011.07.29 09:21:21.940,1.09403,1.09416,1.35,1.88
2011.07.29 09:21:22.060,1.09408,1.09416,3.00,1.50
2011.07.29 09:21:22.559,1.09403,1.09417,3.61,1.50
2011.07.29 09:21:23.121,1.09403,1.09417,3.76,2.10
2011.07.29 09:21:29.017,1.09408,1.0942,3.00,2.10
2011.07.29 09:21:29.352,1.09413,1.09422,3.00,1.50
2011.07.29 09:21:29.580,1.09413,1.09425,3.00,1.50
2011.07.29 09:21:30.138,1.09413,1.09425,3.00,1.50
2011.07.29 09:21:30.908,1.09413,1.09425,3.00,1.50
2011.07.29 09:21:31.900,1.09413,1.09427,3.38,3.98
2011.07.29 09:21:32.245,1.09416,1.09427,2.25,1.13
2011.07.29 09:21:32.472,1.09411,1.09427,4.51,2.10
2011.07.29 09:21:33.218,1.09411,1.09427,3.38,2.10
2011.07.29 09:21:33.664,1.09411,1.09425,2.26,1.50
2011.07.29 09:21:33.889,1.0941,1.09423,1.50,3.00
2011.07.29 09:21:34.449,1.09408,1.09422,1.51,1.50
2011.07.29 09:21:39.243,1.09407,1.09419,2.26,1.35
2011.07.29 09:21:39.473,1.09404,1.09416,1.50,1.50
2011.07.29 09:21:40.032,1.09401,1.09416,1.36,1.50
2011.07.29 09:21:40.262,1.094,1.09416,3.01,1.88
2011.07.29 09:21:40.711,1.09399,1.09413,2.63,3.00
2011.07.29 09:21:40.944,1.09403,1.09413,1.35,2.25
2011.07.29 09:21:41.065,1.09403,1.09417,2.10,2.63
2011.07.29 09:21:41.291,1.09403,1.09417,1.73,1.50
2011.07.29 09:21:43.281,1.09401,1.09415,2.26,2.10
2011.07.29 09:21:43.912,1.094,1.09414,1.51,3.75
2011.07.29 09:21:44.036,1.09398,1.09414,2.26,3.75
2011.07.29 09:21:44.369,1.09399,1.09414,1.51,3.00
2011.07.29 09:21:44.604,1.09402,1.09417,1.50,1.88
2011.07.29 09:21:51.107,1.09401,1.09417,3.00,3.98
2011.07.29 09:21:57.889,1.09402,1.09417,1.35,2.25
2011.07.29 09:21:58.889,1.09401,1.09415,3.60,1.20
2011.07.29 09:21:59.230,1.09391,1.09404,3.01,3.00
2011.07.29 09:21:59.351,1.0939,1.09404,1.51,3.00
2011.07.29 09:21:59.472,1.0939,1.09404,2.48,3.00
2011.07.29 09:22:00.361,1.09392,1.09404,1.13,3.60
2011.07.29 09:22:00.479,1.09393,1.09404,1.50,2.85
2011.07.29 09:22:00.602,1.09393,1.09407,1.50,1.13
2011.07.29 09:22:04.790,1.09391,1.09406,3.76,2.25
2011.07.29 09:22:05.349,1.09391,1.09405,3.01,1.50
2011.07.29 09:22:05.898,1.09391,1.09405,3.01,1.50
2011.07.29 09:22:09.250,1.09394,1.09408,1.73,1.50
2011.07.29 09:22:09.481,1.09398,1.0941,1.35,3.38
2011.07.29 09:22:09.713,1.094,1.09414,3.38,2.10
2011.07.29 09:22:09.833,1.09402,1.09415,1.50,1.50
2011.07.29 09:22:09.952,1.09402,1.09416,1.88,1.13
2011.07.29 09:22:10.509,1.094,1.09415,3.76,1.13
2011.07.29 09:22:10.732,1.094,1.09415,3.01,1.88
2011.07.29 09:22:10.965,1.09398,1.09412,1.36,1.50
2011.07.29 09:22:11.519,1.09398,1.09412,1.36,1.50
2011.07.29 09:22:12.521,1.09394,1.09412,2.26,1.88
2011.07.29 09:22:13.409,1.09393,1.09409,1.88,1.50
2011.07.29 09:22:18.938,1.09394,1.09409,1.51,1.50
2011.07.29 09:22:19.677,1.09395,1.09409,1.42,2.10
2011.07.29 09:22:20.451,1.09395,1.09411,1.50,5.10
2011.07.29 09:22:20.790,1.09397,1.09412,3.00,2.25
2011.07.29 09:22:25.699,1.09397,1.09412,3.00,1.50
2011.07.29 09:22:29.279,1.09397,1.09413,3.00,3.75
2011.07.29 09:22:29.828,1.09399,1.09413,1.35,3.75
2011.07.29 09:22:32.729,1.09397,1.09412,4.51,1.35
2011.07.29 09:22:33.511,1.09399,1.09413,1.36,3.75
2011.07.29 09:22:33.853,1.09398,1.09413,1.51,4.35
2011.07.29 09:22:34.410,1.09397,1.09411,4.36,1.13
2011.07.29 09:22:34.533,1.09397,1.0941,1.50,1.35
2011.07.29 09:22:35.435,1.09394,1.0941,2.26,2.48
2011.07.29 09:22:38.629,1.09394,1.09407,1.51,1.13
2011.07.29 09:22:38.863,1.09392,1.09404,1.50,1.50
2011.07.29 09:22:39.090,1.0939,1.09403,2.26,3.00
2011.07.29 09:22:39.982,1.09392,1.09403,1.35,2.25
2011.07.29 09:22:40.211,1.09393,1.09407,1.50,1.50
2011.07.29 09:22:40.441,1.09392,1.09407,1.35,1.13
2011.07.29 09:22:47.312,1.09391,1.09404,1.88,1.50
2011.07.29 09:22:47.871,1.09389,1.09403,2.26,3.00
2011.07.29 09:22:48.487,1.09389,1.09403,1.51,3.75
2011.07.29 09:22:49.047,1.09386,1.09393,1.50,3.00
2011.07.29 09:22:49.162,1.09382,1.09393,2.17,3.00
2011.07.29 09:22:49.721,1.09379,1.09393,1.88,3.60
2011.07.29 09:22:52.500,1.09381,1.09393,1.51,2.85
2011.07.29 09:22:53.970,1.09382,1.09396,1.51,2.10
2011.07.29 09:22:54.309,1.09379,1.09393,1.51,3.00
2011.07.29 09:22:55.202,1.0938,1.09393,1.36,3.00
2011.07.29 09:22:55.430,1.09384,1.09396,1.50,3.98
2011.07.29 09:22:55.553,1.09379,1.09393,2.63,3.00
2011.07.29 09:22:57.546,1.09383,1.09396,1.50,3.00
2011.07.29 09:22:57.879,1.09382,1.09397,1.51,2.63
2011.07.29 09:22:58.439,1.09383,1.09397,1.50,1.50
2011.07.29 09:22:59.551,1.09383,1.09397,1.50,2.10
2011.07.29 09:23:01.432,1.09383,1.09396,1.50,1.35
2011.07.29 09:23:02.025,1.09378,1.09392,1.51,1.35
2011.07.29 09:23:02.151,1.09375,1.0939,1.51,3.60
2011.07.29 09:23:02.931,1.09376,1.0939,1.51,3.23
2011.07.29 09:23:03.161,1.09378,1.09393,2.10,1.88
2011.07.29 09:23:03.282,1.09378,1.09393,3.60,1.88
2011.07.29 09:23:07.492,1.09375,1.09391,1.73,1.50
2011.07.29 09:23:08.276,1.09378,1.0939,1.50,2.25
2011.07.29 09:23:08.725,1.09376,1.0939,2.26,3.00
2011.07.29 09:23:09.222,1.09376,1.09388,3.00,1.35
2011.07.29 09:23:09.999,1.09371,1.0939,4.36,3.38
2011.07.29 09:23:11.223,1.09375,1.0939,1.13,3.00
2011.07.29 09:23:12.118,1.09377,1.0939,1.35,2.25
2011.07.29 09:23:12.261,1.09378,1.09392,1.50,1.88
2011.07.29 09:23:13.594,1.09377,1.09392,2.10,3.00
2011.07.29 09:23:14.042,1.09382,1.09393,1.50,1.50
2011.07.29 09:23:14.271,1.0938,1.09395,1.50,3.00
2011.07.29 09:23:16.543,1.09382,1.09396,1.50,1.50
2011.07.29 09:23:20.399,1.09384,1.09398,2.25,1.50
2011.07.29 09:23:20.628,1.09385,1.09398,1.13,1.50
2011.07.29 09:23:22.530,1.09384,1.09398,3.38,1.50
2011.07.29 09:23:22.763,1.09384,1.09398,2.20,1.50
2011.07.29 09:23:31.293,1.09382,1.09393,4.08,1.50
2011.07.29 09:23:31.960,1.09383,1.09394,1.50,1.50
2011.07.29 09:23:32.391,1.09384,1.09395,3.38,1.13
2011.07.29 09:23:32.506,1.09384,1.09396,1.13,1.50
2011.07.29 09:23:32.950,1.09384,1.09396,1.50,1.50
2011.07.29 09:23:38.693,1.09384,1.09399,2.48,4.50
2011.07.29 09:23:39.295,1.09387,1.09399,2.25,1.35
2011.07.29 09:23:39.850,1.09383,1.09397,2.48,1.50
2011.07.29 09:23:39.970,1.09383,1.09397,1.73,1.50
2011.07.29 09:23:41.832,1.09378,1.09393,1.88,1.35
2011.07.29 09:23:41.953,1.09378,1.09393,1.88,2.10
2011.07.29 09:23:42.296,1.09376,1.09392,3.61,1.13
2011.07.29 09:23:42.849,1.09374,1.09388,1.36,1.50
2011.07.29 09:23:43.410,1.09373,1.09389,2.63,1.35
2011.07.29 09:23:46.567,1.09375,1.09389,1.50,2.10
2011.07.29 09:23:46.687,1.09377,1.09388,2.25,3.00
2011.07.29 09:23:47.027,1.09369,1.09383,3.61,3.00
2011.07.29 09:23:47.692,1.09371,1.09383,1.13,2.85
2011.07.29 09:23:47.810,1.09373,1.09386,1.51,1.88
2011.07.29 09:23:48.369,1.09371,1.09386,1.13,1.35
2011.07.29 09:23:50.489,1.09373,1.09387,1.36,1.50
2011.07.29 09:23:51.481,1.0937,1.09385,4.13,2.10
2011.07.29 09:23:51.819,1.09368,1.09383,1.88,3.00
2011.07.29 09:23:52.271,1.09371,1.09383,1.13,2.25
2011.07.29 09:23:52.389,1.09372,1.09386,1.50,3.00
2011.07.29 09:23:55.350,1.09371,1.09387,1.13,2.85
2011.07.29 09:23:56.951,1.09373,1.09387,1.88,1.50
2011.07.29 09:24:06.211,1.09371,1.09387,1.36,2.25
2011.07.29 09:24:07.759,1.09373,1.09387,2.85,2.25
2011.07.29 09:24:08.429,1.09373,1.09387,2.85,2.25
2011.07.29 09:24:11.011,1.09372,1.09385,1.13,1.35
2011.07.29 09:24:11.133,1.09369,1.09383,1.42,3.75
2011.07.29 09:24:11.361,1.09369,1.09383,1.51,3.00
2011.07.29 09:24:11.701,1.0937,1.09383,2.10,3.00
2011.07.29 09:24:11.930,1.09374,1.09386,1.50,1.50
2011.07.29 09:24:20.161,1.09374,1.09389,1.13,2.25
2011.07.29 09:24:20.283,1.09377,1.0939,1.13,3.75
2011.07.29 09:24:20.403,1.09379,1.09391,1.50,1.50
2011.07.29 09:24:20.744,1.09383,1.09396,1.36,1.50
2011.07.29 09:24:28.140,1.09384,1.09399,2.40,2.25
2011.07.29 09:24:28.483,1.09385,1.09393,1.13,3.00
2011.07.29 09:24:28.601,1.09378,1.09392,1.13,1.50
2011.07.29 09:24:30.839,1.09377,1.0939,3.00,3.23
2011.07.29 09:24:30.966,1.09373,1.09386,1.13,1.50
2011.07.29 09:24:31.081,1.09373,1.09386,1.36,1.50
2011.07.29 09:24:34.280,1.09374,1.09388,1.50,1.50
2011.07.29 09:24:34.513,1.09376,1.0939,1.50,3.75
2011.07.29 09:24:34.980,1.09376,1.09391,4.50,2.25
2011.07.29 09:24:35.761,1.09376,1.09389,3.30,1.50
2011.07.29 09:24:36.210,1.09374,1.09387,1.35,1.50
2011.07.29 09:24:53.839,1.09374,1.09387,1.95,1.50
2011.07.29 09:24:54.399,1.09373,1.09389,2.02,1.50
2011.07.29 09:25:05.929,1.09374,1.0939,2.48,3.75
2011.07.29 09:25:06.274,1.09384,1.09391,2.10,1.50
2011.07.29 09:25:06.394,1.09384,1.09397,3.52,2.25
2011.07.29 09:25:06.512,1.09384,1.09399,1.80,4.73
2011.07.29 09:25:06.851,1.09384,1.09399,1.73,4.13
2011.07.29 09:25:13.420,1.09385,1.09399,1.51,3.60
2011.07.29 09:25:13.654,1.09387,1.09402,2.25,2.10
2011.07.29 09:25:13.777,1.09389,1.09402,2.10,1.50
2011.07.29 09:25:14.364,1.09392,1.09406,1.73,1.50
2011.07.29 09:25:17.891,1.09392,1.09407,4.36,1.50
2011.07.29 09:25:18.014,1.09392,1.09404,2.92,2.25
2011.07.29 09:25:18.241,1.09393,1.09403,1.36,2.25
2011.07.29 09:25:18.469,1.09393,1.09408,1.36,1.50
2011.07.29 09:25:42.989,1.0939,1.09406,1.51,2.48
2011.07.29 09:25:45.690,1.0939,1.09407,2.48,2.25
2011.07.29 09:25:46.251,1.0939,1.09406,2.11,1.50
2011.07.29 09:25:46.813,1.0939,1.09407,2.11,3.38
2011.07.29 09:25:49.091,1.09391,1.09406,1.36,1.88
2011.07.29 09:25:49.544,1.09395,1.09406,2.26,1.13
2011.07.29 09:25:49.882,1.09397,1.09412,3.00,3.60
2011.07.29 09:25:50.332,1.09397,1.0941,2.25,2.48
2011.07.29 09:25:50.449,1.09394,1.09406,1.36,1.50
2011.07.29 09:25:54.121,1.09394,1.09406,1.35,1.50
2011.07.29 09:26:00.940,1.09396,1.09409,1.50,1.88
2011.07.29 09:26:01.060,1.09396,1.0941,1.50,2.25
2011.07.29 09:26:01.619,1.09397,1.0941,3.00,1.50
2011.07.29 09:26:01.730,1.09397,1.0941,3.00,1.50
2011.07.29 09:26:02.400,1.09397,1.09409,3.00,1.35
2011.07.29 09:26:02.630,1.09394,1.09407,1.51,1.50
2011.07.29 09:26:03.392,1.09396,1.09407,3.00,1.50
2011.07.29 09:26:03.520,1.09396,1.0941,3.75,1.35
2011.07.29 09:26:04.204,1.09393,1.09407,1.35,1.50
2011.07.29 09:26:04.978,1.09391,1.09407,3.01,2.85
2011.07.29 09:26:08.009,1.09391,1.09402,2.25,2.25
2011.07.29 09:26:08.374,1.09386,1.09398,2.26,1.50
2011.07.29 09:26:08.933,1.09383,1.09397,1.36,1.50
2011.07.29 09:26:09.488,1.09383,1.09397,1.36,1.50
2011.07.29 09:26:26.299,1.09383,1.09397,1.13,1.50
2011.07.29 09:26:27.951,1.09383,1.09398,3.15,2.25
2011.07.29 09:26:28.510,1.09383,1.09398,1.88,2.85
2011.07.29 09:26:34.314,1.09386,1.094,1.05,4.88
2011.07.29 09:26:34.664,1.09392,1.09404,1.13,1.50
2011.07.29 09:26:35.013,1.09394,1.09408,1.51,1.13
2011.07.29 09:26:35.350,1.09396,1.09408,2.25,1.50
2011.07.29 09:26:35.581,1.09394,1.09409,2.11,1.50
2011.07.29 09:26:37.152,1.09392,1.09408,2.63,1.50
2011.07.29 09:26:39.032,1.09388,1.09403,3.67,1.35
2011.07.29 09:26:39.589,1.09389,1.09403,1.13,2.10
2011.07.29 09:26:41.733,1.09387,1.09402,1.13,1.13
2011.07.29 09:26:41.962,1.09387,1.094,1.13,3.00
2011.07.29 09:26:43.402,1.09387,1.094,1.13,3.00
2011.07.29 09:26:43.959,1.09387,1.094,1.13,3.00
2011.07.29 09:26:44.510,1.09385,1.09398,1.42,1.50
2011.07.29 09:26:45.129,1.09384,1.094,3.30,3.00
2011.07.29 09:26:45.678,1.09383,1.09398,1.50,1.35
2011.07.29 09:26:46.449,1.09382,1.09397,2.40,1.50
2011.07.29 09:26:49.004,1.09381,1.09395,4.51,1.50
2011.07.29 09:26:49.589,1.09379,1.09393,2.11,3.00
2011.07.29 09:26:49.930,1.09377,1.09388,2.25,1.50
2011.07.29 09:26:50.490,1.09377,1.09391,3.00,2.25
2011.07.29 09:26:53.140,1.09376,1.09391,4.51,2.85
2011.07.29 09:26:53.263,1.09375,1.0939,1.42,2.10
2011.07.29 09:26:53.851,1.09373,1.09389,2.26,1.35
2011.07.29 09:26:54.301,1.09373,1.0939,2.11,1.50
2011.07.29 09:26:54.655,1.09381,1.09394,2.10,4.50
2011.07.29 09:26:54.772,1.09383,1.09394,1.50,3.75
2011.07.29 09:26:54.893,1.09383,1.09397,1.50,2.25
2011.07.29 09:26:55.010,1.09383,1.09398,1.88,1.50
2011.07.29 09:26:56.563,1.09384,1.09399,1.13,3.38
2011.07.29 09:26:58.163,1.09383,1.09397,1.51,1.88
2011.07.29 09:26:58.285,1.0938,1.09392,4.13,1.35
2011.07.29 09:26:58.633,1.09376,1.0939,1.42,3.23
2011.07.29 09:26:58.861,1.09374,1.09389,1.51,1.35
2011.07.29 09:26:59.419,1.09374,1.09389,1.51,1.35
2011.07.29 09:27:03.280,1.09374,1.0939,1.88,3.00
2011.07.29 09:27:04.612,1.09374,1.09386,1.88,1.13
2011.07.29 09:27:04.952,1.09373,1.09386,1.50,3.00
2011.07.29 09:27:05.071,1.09374,1.09387,1.50,2.25
2011.07.29 09:27:34.841,1.09374,1.09388,3.60,1.50
2011.07.29 09:27:34.961,1.09374,1.09387,2.85,1.50
2011.07.29 09:27:48.170,1.09373,1.09387,2.11,1.88
2011.07.29 09:27:48.512,1.09369,1.09384,2.63,3.75
2011.07.29 09:27:48.741,1.09369,1.09384,1.88,5.10
2011.07.29 09:27:49.300,1.09369,1.09383,1.13,1.50
2011.07.29 09:27:49.861,1.09369,1.09384,1.73,3.75
2011.07.29 09:27:51.273,1.09372,1.09384,2.10,3.00
2011.07.29 09:27:51.398,1.09373,1.09386,1.35,1.50
2011.07.29 09:27:51.954,1.09374,1.09388,1.73,3.38
2011.07.29 09:27:52.951,1.09373,1.09386,3.23,1.13
2011.07.29 09:27:53.077,1.09369,1.09383,3.90,3.75
2011.07.29 09:27:53.631,1.0937,1.09383,1.88,3.00
2011.07.29 09:27:54.105,1.09373,1.09387,3.23,2.25
2011.07.29 09:27:54.941,1.09373,1.09387,3.23,1.50
2011.07.29 09:27:55.723,1.09371,1.09385,3.38,1.50
2011.07.29 09:27:56.941,1.09371,1.09383,1.36,2.25
2011.07.29 09:27:57.282,1.09371,1.09386,3.98,2.25
2011.07.29 09:27:57.840,1.09371,1.09386,3.98,1.50
2011.07.29 09:28:01.481,1.09371,1.09385,3.38,1.35
2011.07.29 09:28:01.603,1.09369,1.09381,2.92,1.50
2011.07.29 09:28:09.575,1.09369,1.09384,1.88,5.48
2011.07.29 09:28:09.914,1.09369,1.09381,1.13,1.50
2011.07.29 09:28:10.144,1.09366,1.09377,3.38,2.85
2011.07.29 09:28:10.263,1.09363,1.09377,1.50,3.23
2011.07.29 09:28:10.601,1.09361,1.09376,3.00,1.50
2011.07.29 09:28:12.931,1.09361,1.09372,3.23,1.50
2011.07.29 09:28:13.489,1.09358,1.09372,1.13,1.50
2011.07.29 09:28:13.821,1.09359,1.09373,2.10,3.00
2011.07.29 09:28:15.612,1.09361,1.09375,3.38,2.25
2011.07.29 09:28:28.078,1.09358,1.09372,1.73,2.25
2011.07.29 09:28:28.632,1.09358,1.09372,1.35,1.50
2011.07.29 09:28:33.519,1.09358,1.09372,1.35,2.25
2011.07.29 09:28:36.820,1.09357,1.09372,3.38,1.50
2011.07.29 09:28:37.543,1.09357,1.09371,3.00,1.13
2011.07.29 09:28:37.663,1.09353,1.09366,1.13,1.50
2011.07.29 09:28:41.514,1.09351,1.09365,2.25,3.60
2011.07.29 09:28:41.962,1.09348,1.09363,2.25,4.50
2011.07.29 09:28:42.739,1.09347,1.09363,3.98,4.50
2011.07.29 09:28:53.961,1.09347,1.09361,3.00,2.85
2011.07.29 09:28:54.302,1.09347,1.09359,2.25,1.35
2011.07.29 09:28:54.530,1.09344,1.09356,1.13,2.25
2011.07.29 09:28:55.091,1.09341,1.09356,1.35,2.25
2011.07.29 09:28:59.953,1.09341,1.09353,1.13,1.50
2011.07.29 09:29:00.291,1.09338,1.09352,2.86,1.50
2011.07.29 09:29:01.291,1.09339,1.09353,1.51,3.00
2011.07.29 09:29:01.740,1.09343,1.09353,1.35,3.00
2011.07.29 09:29:01.974,1.09343,1.09356,1.35,1.88
2011.07.29 09:29:12.951,1.0934,1.09355,3.38,1.50
2011.07.29 09:29:13.292,1.09339,1.09351,1.13,1.35
2011.07.29 09:29:13.851,1.09337,1.09351,3.01,2.10
2011.07.29 09:29:15.220,1.09339,1.09353,1.35,3.75
2011.07.29 09:29:16.001,1.09339,1.09353,1.35,4.13
2011.07.29 09:29:24.046,1.09339,1.09352,1.13,1.50
2011.07.29 09:29:24.281,1.09342,1.09353,1.13,3.00
2011.07.29 09:29:24.640,1.0935,1.09359,1.05,1.50
2011.07.29 09:29:24.762,1.09352,1.09362,1.35,1.50
2011.07.29 09:29:24.884,1.09352,1.09365,1.36,2.63
2011.07.29 09:29:25.222,1.09353,1.09366,1.13,1.50
2011.07.29 09:29:25.783,1.09352,1.09367,1.13,2.48
2011.07.29 09:29:26.721,1.0935,1.09366,4.13,1.35
2011.07.29 09:29:27.063,1.0935,1.09366,3.76,1.73
2011.07.29 09:29:27.297,1.0935,1.09366,3.76,1.73
2011.07.29 09:29:27.743,1.0935,1.09364,3.01,1.50
2011.07.29 09:29:27.971,1.09347,1.09361,2.48,1.50
2011.07.29 09:29:28.531,1.09347,1.09362,2.48,1.50
2011.07.29 09:29:33.841,1.09346,1.09361,1.51,3.75
2011.07.29 09:29:33.961,1.09344,1.09359,3.38,1.50
2011.07.29 09:29:35.243,1.09347,1.09358,1.35,2.25
2011.07.29 09:29:35.362,1.09347,1.09362,1.36,1.88
2011.07.29 09:29:35.485,1.09345,1.0936,2.26,1.50
2011.07.29 09:29:40.911,1.09346,1.09358,1.51,3.00
2011.07.29 09:29:41.033,1.09348,1.09361,1.35,1.88
2011.07.29 09:29:41.150,1.09348,1.09362,1.35,3.00
2011.07.29 09:29:41.710,1.09348,1.09362,1.35,3.75
2011.07.29 09:29:42.270,1.09348,1.09362,2.10,3.00
2011.07.29 09:29:42.830,1.09349,1.09362,1.35,3.00
2011.07.29 09:29:43.171,1.09351,1.09362,1.13,3.00
2011.07.29 09:29:43.673,1.09353,1.09366,1.50,1.88
2011.07.29 09:29:44.230,1.09353,1.09366,1.50,1.50
2011.07.29 09:29:50.762,1.0935,1.09366,1.88,3.60
2011.07.29 09:29:51.211,1.0935,1.09366,1.51,3.98
2011.07.29 09:29:52.799,1.0935,1.09362,1.51,3.00
2011.07.29 09:29:53.133,1.0935,1.09365,1.35,1.13
2011.07.29 09:29:53.252,1.0935,1.09366,1.35,2.85
2011.07.29 09:29:53.703,1.0935,1.09366,1.35,2.85
2011.07.29 09:30:11.621,1.09351,1.09366,1.88,1.50
2011.07.29 09:30:12.959,1.09353,1.09367,1.36,1.50
2011.07.29 09:30:15.410,1.09354,1.09366,1.50,1.50
2011.07.29 09:30:19.973,1.09354,1.09366,1.50,1.50
2011.07.29 09:30:20.425,1.09355,1.09367,1.35,1.13
2011.07.29 09:30:21.234,1.09354,1.09366,1.50,1.50
2011.07.29 09:30:22.232,1.09354,1.09367,1.50,1.50
2011.07.29 09:30:24.817,1.09351,1.09367,2.11,2.10
2011.07.29 09:30:30.937,1.09355,1.09366,1.13,1.35
2011.07.29 09:30:31.052,1.09356,1.09368,1.13,1.13
2011.07.29 09:30:31.501,1.09356,1.09366,3.38,1.35
2011.07.29 09:30:31.625,1.09353,1.09366,1.80,2.10
2011.07.29 09:30:32.180,1.09351,1.09366,2.11,1.50
2011.07.29 09:30:36.180,1.09351,1.09366,2.63,2.10
2011.07.29 09:30:36.741,1.09354,1.09368,1.35,1.50
2011.07.29 09:30:36.863,1.09355,1.09369,1.50,1.13
2011.07.29 09:30:36.984,1.09358,1.0937,1.42,1.50
2011.07.29 09:30:37.215,1.09358,1.09372,1.42,5.85
2011.07.29 09:30:37.772,1.09356,1.09372,1.35,3.75
2011.07.29 09:30:37.893,1.0936,1.09372,1.35,3.38
2011.07.29 09:30:38.233,1.09364,1.09376,1.42,2.63
2011.07.29 09:30:38.351,1.09364,1.09376,1.50,1.50
2011.07.29 09:30:44.370,1.09364,1.09379,2.10,1.50
2011.07.29 09:30:46.143,1.09365,1.09376,1.05,1.35
2011.07.29 09:30:46.374,1.0937,1.09385,3.00,1.50
2011.07.29 09:30:46.492,1.09374,1.09386,2.25,1.50
2011.07.29 09:30:47.382,1.09374,1.09386,1.50,1.50
2011.07.29 09:30:47.612,1.09374,1.09386,1.50,2.25
2011.07.29 09:30:47.841,1.09374,1.09386,1.50,1.50
2011.07.29 09:30:48.182,1.0937,1.09382,3.01,1.35
2011.07.29 09:30:48.300,1.0937,1.09382,3.01,1.35
2011.07.29 09:30:48.424,1.09368,1.09381,1.51,1.13
2011.07.29 09:30:48.655,1.09364,1.09379,3.38,1.50
2011.07.29 09:30:49.514,1.09365,1.0938,1.51,3.75
2011.07.29 09:30:50.880,1.09366,1.0938,1.51,3.00
2011.07.29 09:30:51.001,1.09369,1.0938,1.35,2.25
2011.07.29 09:30:51.121,1.09369,1.09383,1.35,4.13
2011.07.29 09:30:51.679,1.09368,1.09382,3.01,1.35
2011.07.29 09:30:54.140,1.09368,1.09382,3.01,1.35
2011.07.29 09:30:56.563,1.09368,1.09382,2.26,1.35
2011.07.29 09:31:02.944,1.0937,1.09383,1.73,3.75
2011.07.29 09:31:03.063,1.09371,1.09383,1.88,3.00
2011.07.29 09:31:03.292,1.09373,1.09387,1.88,1.35
2011.07.29 09:31:07.366,1.09374,1.09387,1.50,1.35
2011.07.29 09:31:13.803,1.09374,1.09388,2.25,1.35
2011.07.29 09:31:14.360,1.09374,1.09388,3.00,1.35
2011.07.29 09:31:23.671,1.09375,1.09389,1.35,1.50
2011.07.29 09:31:23.794,1.09376,1.0939,1.88,1.50
2011.07.29 09:31:24.350,1.09378,1.09391,2.25,1.35
2011.07.29 09:31:32.311,1.09376,1.09389,3.00,1.35
2011.07.29 09:31:32.540,1.09373,1.09389,1.36,2.85
2011.07.29 09:31:34.102,1.09374,1.09389,1.88,2.85
2011.07.29 09:31:34.334,1.09375,1.0939,2.48,3.00
2011.07.29 09:31:34.454,1.09377,1.09392,3.75,2.85
2011.07.29 09:31:34.902,1.09377,1.09392,3.00,3.23
2011.07.29 09:31:35.131,1.09375,1.0939,1.13,5.10
2011.07.29 09:31:37.670,1.09373,1.0939,3.23,5.10
2011.07.29 09:31:40.129,1.09373,1.09389,2.25,1.50
2011.07.29 09:31:49.031,1.09374,1.09389,1.35,1.50
2011.07.29 09:31:50.580,1.09373,1.09388,1.50,1.35
2011.07.29 09:31:51.251,1.09373,1.0939,3.60,5.10
2011.07.29 09:31:52.002,1.09373,1.09387,1.50,1.35
2011.07.29 09:31:57.223,1.09373,1.09385,1.50,1.35
2011.07.29 09:31:57.462,1.09369,1.09383,1.42,1.50
2011.07.29 09:31:58.022,1.0937,1.09384,1.51,3.00
2011.07.29 09:31:58.252,1.0937,1.09384,1.51,3.00
2011.07.29 09:31:58.700,1.0937,1.09384,1.51,3.00
2011.07.29 09:31:59.262,1.0937,1.09384,1.51,3.00
2011.07.29 09:31:59.823,1.0937,1.09384,1.51,3.00
2011.07.29 09:32:00.380,1.0937,1.09384,1.51,3.00
2011.07.29 09:32:00.931,1.0937,1.09383,1.51,1.35
2011.07.29 09:32:04.602,1.0937,1.09384,1.51,3.00
2011.07.29 09:32:05.162,1.09371,1.09384,1.13,3.00
2011.07.29 09:32:05.394,1.09372,1.09384,2.85,2.25
2011.07.29 09:32:05.512,1.09374,1.09387,2.85,1.50
2011.07.29 09:32:05.632,1.09377,1.0939,3.00,1.50
2011.07.29 09:32:06.227,1.09373,1.09387,1.88,1.50
2011.07.29 09:32:06.779,1.09373,1.09387,1.36,1.50
2011.07.29 09:32:14.909,1.09373,1.09389,2.48,1.50
2011.07.29 09:32:15.900,1.09373,1.09389,2.11,1.50
2011.07.29 09:32:22.840,1.09373,1.09389,1.51,2.63
2011.07.29 09:32:35.241,1.09373,1.09387,3.23,1.50
2011.07.29 09:32:36.079,1.09372,1.09387,2.26,1.50
2011.07.29 09:32:49.221,1.09374,1.09389,1.51,1.50
2011.07.29 09:32:49.571,1.09376,1.09391,3.01,2.25
2011.07.29 09:32:49.695,1.09376,1.09388,2.26,1.50
2011.07.29 09:32:49.925,1.09371,1.09386,4.36,1.50
2011.07.29 09:32:50.482,1.0937,1.09383,2.11,2.25
2011.07.29 09:32:50.604,1.09371,1.09386,1.51,1.13
2011.07.29 09:32:52.290,1.09372,1.09385,1.36,3.00
2011.07.29 09:32:52.633,1.0937,1.09382,1.88,1.50
2011.07.29 09:32:52.751,1.09373,1.09385,1.36,1.50
2011.07.29 09:32:52.871,1.09373,1.09386,1.36,1.88
2011.07.29 09:33:00.151,1.09371,1.09384,3.61,1.13
2011.07.29 09:33:00.491,1.09371,1.09381,2.25,1.13
2011.07.29 09:33:00.612,1.09366,1.09381,5.15,1.88
2011.07.29 09:33:01.168,1.09369,1.09381,1.40,1.50
2011.07.29 09:33:02.610,1.09371,1.09382,2.25,1.50
2011.07.29 09:33:03.168,1.09369,1.09382,2.15,1.50
2011.07.29 09:33:05.780,1.09369,1.09381,1.51,1.50
2011.07.29 09:33:06.338,1.09367,1.09381,3.05,2.10
2011.07.29 09:33:10.420,1.09369,1.09381,2.14,1.50
2011.07.29 09:33:10.929,1.09369,1.09382,1.77,1.50
2011.07.29 09:33:12.040,1.09367,1.09381,3.80,2.10
2011.07.29 09:33:12.599,1.09369,1.09382,1.35,1.13
2011.07.29 09:33:28.462,1.09373,1.09383,1.13,3.00
2011.07.29 09:33:28.584,1.09377,1.09387,3.00,2.10
2011.07.29 09:33:28.923,1.09373,1.09389,2.11,2.25
2011.07.29 09:33:31.458,1.09374,1.09386,1.73,1.50
2011.07.29 09:33:31.681,1.09375,1.09389,1.13,1.50
2011.07.29 09:33:32.240,1.09377,1.09391,3.60,1.50
2011.07.29 09:33:32.800,1.09377,1.09391,3.01,2.10
2011.07.29 09:33:33.801,1.09377,1.09391,3.01,2.10
2011.07.29 09:33:33.927,1.09373,1.0939,3.23,1.50
2011.07.29 09:33:34.039,1.09373,1.0939,3.23,1.50
2011.07.29 09:33:34.601,1.09373,1.09388,1.51,2.25
2011.07.29 09:33:35.159,1.09372,1.09387,1.36,1.50
2011.07.29 09:33:35.940,1.09372,1.09388,1.36,2.25
2011.07.29 09:33:43.691,1.09373,1.09388,1.88,2.25
2011.07.29 09:33:43.923,1.09375,1.09388,1.80,1.50
2011.07.29 09:33:44.149,1.09377,1.09391,3.01,1.35
2011.07.29 09:33:44.710,1.09377,1.09392,4.27,2.25
2011.07.29 09:33:45.270,1.09377,1.09392,3.76,2.10
2011.07.29 09:33:46.270,1.09379,1.09393,2.11,3.00
2011.07.29 09:33:46.390,1.0938,1.09393,1.13,2.25
2011.07.29 09:33:46.618,1.0938,1.09396,3.38,2.25
2011.07.29 09:33:47.123,1.0938,1.09396,3.00,2.25
2011.07.29 09:33:48.997,1.09381,1.09396,1.13,2.25
2011.07.29 09:33:53.522,1.0938,1.09392,2.26,1.50
2011.07.29 09:33:54.458,1.09379,1.09393,1.13,3.00
2011.07.29 09:33:55.021,1.09381,1.09393,1.13,2.25
2011.07.29 09:33:55.579,1.09381,1.09394,3.38,1.50
2011.07.29 09:33:56.470,1.09385,1.09396,2.10,1.50
2011.07.29 09:33:56.701,1.09386,1.09402,3.00,2.85
2011.07.29 09:33:57.258,1.09386,1.09402,3.00,2.85
2011.07.29 09:34:05.567,1.09386,1.09402,3.60,2.85
2011.07.29 09:34:07.510,1.09386,1.09402,3.60,2.85
2011.07.29 09:34:08.731,1.09386,1.09402,3.60,2.85
2011.07.29 09:34:09.291,1.09386,1.09402,3.60,2.85
2011.07.29 09:34:10.143,1.09386,1.09402,3.60,2.85
2011.07.29 09:34:17.352,1.09386,1.09402,3.60,2.85
2011.07.29 09:34:24.632,1.09386,1.09402,3.60,2.85
2011.07.29 09:34:25.301,1.09386,1.09402,3.60,2.85
2011.07.29 09:34:25.860,1.09386,1.09401,3.00,1.35
2011.07.29 09:34:26.419,1.09386,1.09401,3.00,1.35
2011.07.29 09:34:28.298,1.09386,1.09401,3.00,1.35
2011.07.29 09:34:28.847,1.09386,1.09401,3.00,1.35
2011.07.29 09:34:29.399,1.09386,1.09402,3.60,2.85
2011.07.29 09:34:29.915,1.09386,1.09402,3.60,2.85
2011.07.29 09:34:33.220,1.09388,1.09402,2.17,2.85
2011.07.29 09:34:33.560,1.09394,1.09404,1.42,3.75
2011.07.29 09:34:33.685,1.09394,1.09404,1.80,3.00
2011.07.29 09:34:34.333,1.09393,1.09407,2.10,1.88
2011.07.29 09:34:34.553,1.09394,1.09407,1.13,1.50
2011.07.29 09:34:34.673,1.09393,1.09407,2.92,1.50
2011.07.29 09:34:39.423,1.09398,1.09409,1.35,1.13
2011.07.29 09:34:39.650,1.09398,1.09411,1.35,3.00
2011.07.29 09:34:40.210,1.09397,1.0941,2.26,2.48
2011.07.29 09:34:40.549,1.09393,1.09408,2.26,1.50
2011.07.29 09:34:41.111,1.09393,1.09408,1.51,1.50
2011.07.29 09:34:41.454,1.09394,1.09408,1.50,1.50
2011.07.29 09:34:42.011,1.09394,1.09408,1.50,2.25
2011.07.29 09:34:42.131,1.09393,1.09407,1.51,1.50
2011.07.29 09:34:43.419,1.09397,1.09408,1.35,2.25
2011.07.29 09:34:43.544,1.09397,1.0941,2.10,2.25
2011.07.29 09:34:43.991,1.09398,1.09412,1.50,1.50
2011.07.29 09:34:44.219,1.09399,1.09413,3.30,1.35
2011.07.29 09:34:44.561,1.094,1.09416,3.75,1.50
2011.07.29 09:34:45.065,1.094,1.09416,3.75,2.25
2011.07.29 09:34:47.073,1.094,1.09416,3.00,2.25
2011.07.29 09:34:47.411,1.09401,1.09416,1.50,2.25
2011.07.29 09:34:48.196,1.09405,1.09418,1.50,2.25
2011.07.29 09:34:48.314,1.09405,1.0942,2.10,1.13
2011.07.29 09:34:48.541,1.09407,1.09421,3.00,1.88
2011.07.29 09:34:48.660,1.09407,1.09418,3.00,1.35
2011.07.29 09:34:48.891,1.09404,1.09416,1.50,1.50
2011.07.29 09:34:49.011,1.09406,1.09418,3.60,1.50
2011.07.29 09:34:49.131,1.09406,1.09421,3.60,2.25
2011.07.29 09:34:49.690,1.09406,1.0942,3.60,1.50
2011.07.29 09:34:50.249,1.09406,1.0942,3.60,1.50
2011.07.29 09:34:50.981,1.09403,1.09417,1.88,1.35
2011.07.29 09:34:51.541,1.09401,1.09416,3.76,1.35
2011.07.29 09:34:54.980,1.09402,1.09417,1.88,1.50
2011.07.29 09:34:55.650,1.09406,1.09419,3.00,1.50
2011.07.29 09:34:56.208,1.09406,1.09419,3.00,1.50
2011.07.29 09:34:56.878,1.09406,1.09421,3.75,1.50
2011.07.29 09:34:57.431,1.09406,1.09421,3.00,1.50
2011.07.29 09:35:00.302,1.09409,1.09422,3.01,1.50
2011.07.29 09:35:00.919,1.09409,1.09421,3.01,1.50
2011.07.29 09:35:05.730,1.09413,1.09421,2.25,1.50
2011.07.29 09:35:05.850,1.09409,1.09423,3.01,1.50
2011.07.29 09:35:06.414,1.09409,1.09422,3.01,1.50
2011.07.29 09:35:07.301,1.09409,1.09422,3.01,1.50
2011.07.29 09:35:08.079,1.09409,1.09421,3.61,1.50
2011.07.29 09:35:08.638,1.09409,1.09421,3.01,1.50
2011.07.29 09:35:12.829,1.09409,1.09422,3.61,1.50
2011.07.29 09:35:18.703,1.0941,1.09422,2.11,1.50
2011.07.29 09:35:18.824,1.09413,1.09424,3.00,1.88
2011.07.29 09:35:19.163,1.0941,1.09424,1.51,1.50
2011.07.29 09:35:19.281,1.09408,1.09422,4.13,2.48
2011.07.29 09:35:19.839,1.09408,1.09422,3.01,2.48
2011.07.29 09:35:20.596,1.09408,1.09422,3.01,1.88
2011.07.29 09:35:21.259,1.09408,1.09422,3.01,1.88
2011.07.29 09:35:21.820,1.09408,1.09422,3.61,1.88
2011.07.29 09:35:22.380,1.09408,1.09422,3.01,1.88
2011.07.29 09:35:22.940,1.09408,1.09422,3.01,1.88
2011.07.29 09:35:25.266,1.09409,1.09424,1.73,1.13
2011.07.29 09:35:25.492,1.09413,1.09423,2.25,1.50
2011.07.29 09:35:25.612,1.09409,1.09423,2.26,1.50
2011.07.29 09:35:26.168,1.09409,1.09422,2.26,1.50
2011.07.29 09:35:28.421,1.09409,1.09422,2.86,1.50
2011.07.29 09:35:28.979,1.09409,1.09422,2.26,1.50
2011.07.29 09:35:31.220,1.0941,1.09425,1.73,1.50
2011.07.29 09:35:31.340,1.0941,1.09425,1.73,1.50
2011.07.29 09:35:31.569,1.09413,1.09426,1.35,1.50
2011.07.29 09:35:35.869,1.09411,1.09426,3.01,2.25
2011.07.29 09:35:35.991,1.09411,1.09425,2.26,1.50
2011.07.29 09:35:36.440,1.09408,1.09421,1.51,1.50
2011.07.29 09:35:43.500,1.09409,1.09422,1.36,1.50
2011.07.29 09:35:43.733,1.0941,1.09423,1.50,3.00
2011.07.29 09:35:43.854,1.09412,1.09425,1.13,1.13
2011.07.29 09:35:44.410,1.09413,1.09427,1.35,1.88
2011.07.29 09:35:46.057,1.09411,1.09426,3.01,2.10
2011.07.29 09:35:46.609,1.09411,1.09426,4.36,1.50
2011.07.29 09:36:03.679,1.09411,1.09426,3.01,1.88
2011.07.29 09:36:04.239,1.09411,1.09426,4.13,1.50
2011.07.29 09:36:05.743,1.09411,1.09422,2.26,1.50
2011.07.29 09:36:06.083,1.09407,1.09423,5.02,4.50
2011.07.29 09:36:18.969,1.09409,1.09422,1.36,1.50
2011.07.29 09:36:20.522,1.09407,1.09421,3.01,1.50
2011.07.29 09:36:21.518,1.09409,1.09421,1.36,1.50
2011.07.29 09:36:22.067,1.09407,1.09421,3.01,1.50
2011.07.29 09:36:28.927,1.09409,1.09421,1.36,1.50
2011.07.29 09:36:30.029,1.09407,1.09421,3.01,1.50
2011.07.29 09:36:30.919,1.09409,1.09421,1.36,1.50
2011.07.29 09:36:33.186,1.09407,1.09421,3.01,1.50
2011.07.29 09:36:35.840,1.09409,1.09421,1.36,1.50
2011.07.29 09:36:36.398,1.09409,1.09422,2.11,1.50
2011.07.29 09:36:46.223,1.09409,1.09423,2.11,3.75
2011.07.29 09:36:46.344,1.09411,1.09426,3.01,2.63
2011.07.29 09:36:46.462,1.09411,1.09423,2.26,1.50
2011.07.29 09:36:46.800,1.09408,1.09422,1.36,1.50
2011.07.29 09:36:47.358,1.09407,1.09422,4.51,1.50
2011.07.29 09:36:51.497,1.09411,1.09423,1.13,3.00
2011.07.29 09:36:51.833,1.09416,1.09423,2.85,2.25
2011.07.29 09:36:52.062,1.09416,1.09431,5.77,2.25
2011.07.29 09:36:52.620,1.09416,1.09431,3.75,1.50
2011.07.29 09:36:52.849,1.09416,1.09431,3.75,2.25
2011.07.29 09:36:53.081,1.09416,1.09426,2.25,1.50
2011.07.29 09:36:53.309,1.09414,1.09427,1.50,1.50
2011.07.29 09:36:58.429,1.09414,1.09429,2.10,1.50
2011.07.29 09:36:58.551,1.09415,1.0943,1.50,1.88
2011.07.29 09:36:59.108,1.09417,1.0943,3.00,1.35
2011.07.29 09:36:59.329,1.09413,1.09427,1.13,1.50
2011.07.29 09:37:21.761,1.0941,1.09422,3.01,2.48
2011.07.29 09:37:21.883,1.09408,1.09421,2.26,2.63
2011.07.29 09:37:22.003,1.09407,1.09419,3.00,3.98
2011.07.29 09:37:22.231,1.09404,1.09419,1.50,2.10
2011.07.29 09:37:22.834,1.09403,1.09416,2.85,1.13
2011.07.29 09:37:23.388,1.09403,1.09416,2.25,1.73
2011.07.29 09:37:24.501,1.09403,1.09417,2.25,1.50
2011.07.29 09:37:25.500,1.09403,1.09417,2.25,1.50
2011.07.29 09:37:27.710,1.09403,1.09417,2.85,1.88
2011.07.29 09:37:28.288,1.09403,1.09416,2.25,1.13
2011.07.29 09:37:29.147,1.09403,1.09417,2.25,1.88
2011.07.29 09:37:34.810,1.09404,1.09417,1.35,1.50
2011.07.29 09:37:35.530,1.09403,1.09415,2.25,4.50
2011.07.29 09:37:37.190,1.09403,1.09414,2.25,1.13
2011.07.29 09:37:37.424,1.09403,1.09415,2.25,2.63
2011.07.29 09:37:37.979,1.09403,1.09415,2.85,1.50
2011.07.29 09:37:38.652,1.09403,1.09415,2.85,1.50
2011.07.29 09:37:39.459,1.09403,1.09415,2.85,1.50
2011.07.29 09:37:40.021,1.09404,1.09417,1.35,1.50
2011.07.29 09:37:40.580,1.09404,1.09417,1.35,1.50
2011.07.29 09:37:46.081,1.09403,1.09417,5.10,1.88
2011.07.29 09:37:47.300,1.09403,1.09417,5.10,2.25
2011.07.29 09:37:48.631,1.09403,1.09417,3.38,2.25
2011.07.29 09:37:49.189,1.09403,1.09417,5.10,2.25
2011.07.29 09:37:49.748,1.09403,1.09417,3.01,2.25
2011.07.29 09:37:50.738,1.09403,1.09417,4.13,2.25
2011.07.29 09:37:51.305,1.09404,1.09417,2.40,2.25
2011.07.29 09:37:51.531,1.09409,1.09422,2.25,2.37
2011.07.29 09:37:52.090,1.09409,1.09422,2.25,4.47
2011.07.29 09:37:52.210,1.09409,1.0942,2.25,1.35
2011.07.29 09:37:52.330,1.09403,1.09418,4.88,1.50
2011.07.29 09:37:52.450,1.09403,1.09418,4.88,1.50
2011.07.29 09:37:53.788,1.09403,1.09417,3.01,1.50
2011.07.29 09:37:54.502,1.09403,1.09417,3.01,1.88
2011.07.29 09:37:54.844,1.09403,1.09417,3.76,1.50
2011.07.29 09:38:02.532,1.094,1.09413,1.13,1.50
2011.07.29 09:38:03.324,1.09405,1.09418,1.35,1.50
2011.07.29 09:38:03.660,1.09403,1.09417,4.88,1.50
2011.07.29 09:38:04.219,1.09403,1.09417,4.51,1.50
2011.07.29 09:38:04.454,1.09416,1.09422,2.25,1.50
2011.07.29 09:38:04.684,1.09418,1.09427,2.26,1.13
2011.07.29 09:38:04.911,1.09413,1.09425,1.51,1.13
2011.07.29 09:38:05.578,1.09412,1.09422,3.01,1.50
2011.07.29 09:38:05.807,1.09409,1.09422,2.26,1.50
2011.07.29 09:38:07.021,1.09409,1.09419,2.26,1.35
2011.07.29 09:38:07.250,1.09405,1.09419,1.51,1.35
2011.07.29 09:38:07.809,1.09404,1.09418,2.86,1.50
2011.07.29 09:38:08.811,1.09402,1.09416,4.36,1.50
2011.07.29 09:38:09.487,1.09407,1.0942,1.50,1.50
2011.07.29 09:38:10.127,1.09408,1.09422,6.60,2.25
2011.07.29 09:38:10.459,1.0941,1.09422,2.10,1.50
2011.07.29 09:38:10.581,1.09413,1.09425,3.00,1.13
2011.07.29 09:38:10.703,1.09413,1.09426,3.60,1.13
2011.07.29 09:38:11.259,1.09413,1.09427,3.00,2.25
2011.07.29 09:38:14.323,1.09413,1.09427,3.00,2.63
2011.07.29 09:38:14.542,1.09413,1.09427,3.00,2.25
2011.07.29 09:38:15.101,1.09413,1.09427,3.38,1.50
2011.07.29 09:38:15.659,1.09413,1.09427,4.05,1.50
2011.07.29 09:38:16.991,1.09413,1.09427,4.05,1.50
2011.07.29 09:38:17.659,1.09415,1.09427,1.05,1.50
2011.07.29 09:38:18.137,1.09414,1.09427,1.05,1.50
2011.07.29 09:38:18.691,1.09413,1.09427,3.38,1.50
2011.07.29 09:38:21.011,1.09413,1.09425,3.60,1.50
2011.07.29 09:38:21.826,1.09409,1.09422,3.76,1.50
2011.07.29 09:38:23.265,1.09412,1.09422,1.35,1.50
2011.07.29 09:38:23.384,1.09412,1.09426,2.40,3.23
2011.07.29 09:38:23.723,1.09414,1.09426,1.35,1.50
2011.07.29 09:38:29.159,1.09414,1.09428,2.10,1.88
2011.07.29 09:38:29.282,1.09417,1.09429,1.35,1.13
2011.07.29 09:38:29.511,1.09418,1.09431,3.00,1.50
2011.07.29 09:38:30.069,1.09418,1.09431,3.00,1.50
2011.07.29 09:38:31.946,1.09418,1.09431,3.00,1.50
2011.07.29 09:38:33.488,1.09418,1.09432,3.00,3.00
2011.07.29 09:38:38.069,1.09418,1.09432,3.00,3.00
2011.07.29 09:38:44.071,1.09418,1.0943,3.00,1.50
2011.07.29 09:38:45.292,1.09418,1.0943,3.00,1.50
2011.07.29 09:38:45.848,1.09418,1.0943,3.00,1.50
2011.07.29 09:38:49.948,1.09418,1.0943,3.00,1.50
2011.07.29 09:38:51.389,1.09418,1.09431,3.00,3.60
2011.07.29 09:38:53.519,1.09418,1.0943,3.00,1.50
2011.07.29 09:38:54.079,1.09418,1.0943,3.00,1.50
2011.07.29 09:38:55.510,1.09418,1.0943,3.00,2.10
2011.07.29 09:38:57.409,1.09418,1.0943,3.00,1.35
2011.07.29 09:39:00.610,1.09418,1.0943,3.00,1.35
2011.07.29 09:39:01.279,1.09418,1.09431,3.00,2.25
2011.07.29 09:39:03.023,1.09418,1.09431,3.00,2.85
2011.07.29 09:39:05.008,1.09418,1.0943,3.00,1.35
2011.07.29 09:39:05.229,1.09418,1.09432,3.00,3.00
2011.07.29 09:39:06.781,1.09418,1.09431,3.00,2.85
2011.07.29 09:39:07.342,1.09418,1.09431,3.00,1.35
2011.07.29 09:39:09.681,1.09419,1.09432,1.13,3.00
2011.07.29 09:39:10.021,1.09423,1.09436,3.00,1.50
2011.07.29 09:39:10.580,1.09423,1.09436,3.00,2.85
2011.07.29 09:39:12.161,1.09424,1.09436,2.85,2.25
2011.07.29 09:39:12.282,1.09425,1.09437,1.73,1.50
2011.07.29 09:39:12.843,1.09423,1.09436,3.00,1.50
2011.07.29 09:39:14.260,1.09423,1.09435,3.00,1.50
2011.07.29 09:39:15.979,1.09423,1.09433,3.00,1.13
2011.07.29 09:39:16.322,1.09418,1.09431,4.36,2.25
2011.07.29 09:39:16.440,1.09418,1.09431,3.61,2.25
2011.07.29 09:39:17.800,1.09418,1.09431,3.01,2.25
2011.07.29 09:39:17.921,1.09419,1.09433,1.13,2.48
2011.07.29 09:39:18.558,1.09418,1.09432,4.36,3.00
2011.07.29 09:39:20.510,1.09418,1.09431,3.76,1.50
2011.07.29 09:39:21.182,1.0942,1.09431,1.36,1.50
2011.07.29 09:39:21.521,1.09424,1.09432,1.35,1.50
2011.07.29 09:39:21.861,1.09423,1.09432,3.01,1.50
2011.07.29 09:39:22.311,1.09423,1.09436,3.01,2.25
2011.07.29 09:39:25.371,1.09423,1.09436,3.01,1.50
2011.07.29 09:39:25.932,1.09423,1.09436,4.05,1.50
2011.07.29 09:39:26.056,1.09429,1.09438,3.00,1.50
2011.07.29 09:39:26.964,1.09429,1.09437,2.25,2.25
2011.07.29 09:39:27.086,1.09423,1.09435,3.01,1.50
2011.07.29 09:39:27.639,1.09423,1.09436,3.01,2.10
2011.07.29 09:39:32.171,1.09423,1.09436,3.01,1.35
2011.07.29 09:39:42.391,1.09423,1.09436,4.13,1.50
2011.07.29 09:39:42.928,1.09428,1.09438,3.00,1.50
2011.07.29 09:39:43.042,1.09428,1.0944,3.38,2.85
2011.07.29 09:39:44.949,1.09428,1.0944,3.00,2.10
2011.07.29 09:39:47.833,1.09428,1.09441,3.75,1.50
2011.07.29 09:39:48.729,1.09428,1.09442,4.05,3.00
2011.07.29 09:39:49.289,1.09428,1.09442,3.38,3.00
2011.07.29 09:39:49.412,1.09428,1.09442,4.80,2.25
2011.07.29 09:39:49.751,1.09438,1.09449,3.00,1.50
2011.07.29 09:39:50.089,1.09438,1.09449,3.00,1.50
2011.07.29 09:39:51.849,1.09438,1.0945,3.00,1.50
2011.07.29 09:39:53.040,1.09438,1.0945,3.00,1.50
2011.07.29 09:39:54.919,1.09438,1.09451,3.00,4.13
2011.07.29 09:39:55.140,1.09434,1.09448,1.50,2.85
2011.07.29 09:39:55.699,1.09436,1.09448,1.50,2.85
2011.07.29 09:39:56.262,1.09436,1.09448,1.50,2.85
2011.07.29 09:39:56.819,1.09435,1.09448,1.50,2.85
2011.07.29 09:39:57.379,1.09435,1.09448,1.50,2.85
2011.07.29 09:39:58.523,1.09438,1.0945,3.75,1.50
2011.07.29 09:39:58.641,1.0944,1.09451,1.50,2.25
2011.07.29 09:39:59.202,1.0944,1.09451,1.50,2.25
2011.07.29 09:40:00.200,1.0944,1.09452,1.51,2.25
2011.07.29 09:40:00.762,1.09442,1.09454,1.50,1.88
2011.07.29 09:40:00.990,1.0944,1.09456,1.36,4.73
2011.07.29 09:40:01.882,1.09443,1.09452,2.25,1.35
2011.07.29 09:40:02.440,1.0944,1.09452,1.50,3.23
2011.07.29 09:40:03.005,1.09439,1.09451,1.50,1.50
2011.07.29 09:40:03.234,1.09434,1.0945,3.01,1.50
2011.07.29 09:40:06.438,1.09434,1.09449,1.50,1.50
2011.07.29 09:40:06.677,1.09435,1.09445,1.50,1.13
2011.07.29 09:40:07.016,1.09435,1.09443,1.50,3.98
2011.07.29 09:40:07.354,1.09429,1.09441,4.50,1.50
2011.07.29 09:40:07.912,1.09429,1.09441,4.50,2.10
2011.07.29 09:40:08.470,1.09429,1.09441,4.50,2.10
2011.07.29 09:40:09.032,1.0943,1.09444,1.80,2.25
2011.07.29 09:40:09.630,1.09433,1.09445,1.35,2.63
2011.07.29 09:40:09.754,1.09435,1.09448,1.51,1.88
2011.07.29 09:40:11.470,1.09438,1.09448,1.50,1.13
2011.07.29 09:40:11.810,1.09439,1.09452,1.50,2.25
2011.07.29 09:40:13.580,1.09439,1.09452,1.50,1.88
2011.07.29 09:40:14.581,1.09439,1.09452,1.50,3.00
2011.07.29 09:40:14.919,1.09438,1.09452,3.00,3.00
2011.07.29 09:40:15.442,1.09438,1.09452,3.00,3.98
2011.07.29 09:40:16.659,1.09438,1.09452,3.60,1.50
2011.07.29 09:40:18.199,1.09438,1.09452,3.00,1.50
2011.07.29 09:40:20.545,1.09438,1.09452,3.60,1.50
2011.07.29 09:40:21.781,1.09438,1.09451,3.00,1.35
2011.07.29 09:40:28.514,1.09438,1.0945,2.25,2.10
2011.07.29 09:40:28.744,1.09433,1.09449,4.42,2.25
2011.07.29 09:40:29.301,1.09433,1.09447,3.00,1.50
2011.07.29 09:40:29.861,1.09433,1.09447,3.00,1.50
2011.07.29 09:40:30.759,1.09433,1.09447,5.10,1.50
2011.07.29 09:40:30.988,1.09433,1.09447,3.00,1.50
2011.07.29 09:40:31.649,1.09433,1.09447,5.10,1.50
2011.07.29 09:40:31.997,1.09433,1.09445,3.00,1.13
2011.07.29 09:40:32.336,1.09433,1.09439,2.25,1.50
2011.07.29 09:40:32.781,1.09423,1.09437,1.13,1.50
2011.07.29 09:40:34.546,1.09423,1.09437,2.86,1.50
2011.07.29 09:40:35.539,1.09423,1.09438,1.88,1.50
2011.07.29 09:40:36.531,1.09427,1.0944,3.00,1.50
2011.07.29 09:40:36.985,1.09427,1.09432,2.25,1.35
2011.07.29 09:40:37.213,1.09418,1.09432,1.50,1.13
2011.07.29 09:40:37.333,1.09417,1.0943,1.36,1.13
2011.07.29 09:40:38.164,1.09417,1.09432,1.35,3.00
2011.07.29 09:40:38.941,1.09418,1.09432,1.50,2.25
2011.07.29 09:40:39.066,1.0942,1.09432,3.60,1.50
2011.07.29 09:40:39.182,1.09421,1.09436,1.50,4.35
2011.07.29 09:40:41.502,1.09425,1.09439,1.50,3.38
2011.07.29 09:40:41.840,1.09427,1.09441,3.00,2.10
2011.07.29 09:40:41.959,1.09427,1.09441,3.00,2.10
2011.07.29 09:40:42.079,1.09427,1.09441,3.00,2.10
2011.07.29 09:40:46.170,1.09428,1.09442,2.85,1.50
2011.07.29 09:40:46.509,1.09427,1.09442,3.60,1.50
2011.07.29 09:40:47.408,1.09427,1.09442,4.35,1.50
2011.07.29 09:40:47.632,1.09427,1.09442,4.35,2.63
2011.07.29 09:40:47.973,1.09427,1.09432,2.25,1.13
2011.07.29 09:40:48.096,1.09422,1.09433,2.25,4.13
2011.07.29 09:40:48.529,1.09418,1.09433,1.36,4.50
2011.07.29 09:40:49.223,1.09419,1.09433,1.73,3.75
2011.07.29 09:40:49.342,1.0942,1.09435,3.01,3.00
2011.07.29 09:40:49.900,1.09421,1.09436,1.51,2.25
2011.07.29 09:40:51.560,1.0942,1.09435,3.61,1.13
2011.07.29 09:40:51.789,1.0942,1.09435,3.61,1.13
2011.07.29 09:40:52.682,1.0942,1.09435,3.01,1.13
2011.07.29 09:40:53.486,1.0942,1.09436,5.11,1.50
2011.07.29 09:40:53.942,1.09425,1.09439,1.50,1.13
2011.07.29 09:40:54.281,1.09427,1.0944,2.25,2.10
2011.07.29 09:40:54.400,1.09423,1.09438,1.13,1.50
2011.07.29 09:40:59.490,1.09425,1.09436,2.10,1.50
2011.07.29 09:40:59.831,1.09425,1.09439,1.50,1.50
2011.07.29 09:41:00.170,1.09427,1.09442,1.51,2.63
2011.07.29 09:41:00.290,1.09427,1.09443,1.50,3.00
2011.07.29 09:41:01.879,1.09428,1.09443,1.51,3.00
2011.07.29 09:41:04.274,1.09428,1.09442,1.51,1.50
2011.07.29 09:41:07.933,1.09426,1.09437,2.25,1.50
2011.07.29 09:41:08.644,1.09421,1.09433,3.01,1.50
2011.07.29 09:41:08.769,1.09418,1.09433,1.51,4.88
2011.07.29 09:41:11.712,1.09419,1.09432,1.36,1.50
2011.07.29 09:41:12.160,1.09421,1.09433,3.38,1.88
2011.07.29 09:41:12.283,1.09423,1.09436,1.35,2.25
2011.07.29 09:41:12.406,1.09423,1.09437,1.35,3.38
2011.07.29 09:41:13.238,1.09423,1.09437,3.23,1.50
2011.07.29 09:41:13.579,1.09421,1.09436,3.01,1.35
2011.07.29 09:41:13.921,1.09423,1.09437,1.13,1.50
2011.07.29 09:41:14.480,1.09422,1.09437,1.73,1.50
2011.07.29 09:41:17.129,1.09423,1.09438,1.35,1.50
2011.07.29 09:41:19.121,1.09423,1.09437,1.35,1.50
2011.07.29 09:41:22.213,1.09422,1.09439,1.73,2.10
2011.07.29 09:41:22.657,1.09425,1.09439,1.50,2.10
2011.07.29 09:41:22.779,1.09426,1.09441,3.00,2.85
2011.07.29 09:41:23.328,1.09427,1.09441,1.35,2.25
2011.07.29 09:41:29.784,1.09424,1.09437,1.36,1.50
2011.07.29 09:41:33.002,1.09427,1.09441,1.35,4.13
2011.07.29 09:41:33.120,1.09427,1.09441,3.60,1.13
2011.07.29 09:41:33.680,1.09427,1.09442,3.60,2.25
2011.07.29 09:41:42.610,1.09428,1.09442,1.50,1.50
2011.07.29 09:41:42.965,1.09434,1.09443,2.85,3.00
2011.07.29 09:41:43.305,1.09433,1.09448,2.63,1.50
2011.07.29 09:41:43.531,1.09437,1.09448,2.25,1.50
2011.07.29 09:41:43.651,1.09432,1.09448,3.23,1.50
2011.07.29 09:41:44.541,1.09433,1.09447,2.86,1.50
2011.07.29 09:41:45.541,1.09432,1.09447,1.13,1.50
2011.07.29 09:41:47.149,1.09431,1.09446,3.01,1.35
2011.07.29 09:41:49.603,1.09431,1.09446,3.01,1.35
2011.07.29 09:41:51.029,1.09431,1.09445,3.01,2.25
2011.07.29 09:41:51.267,1.09431,1.09444,2.26,1.50
2011.07.29 09:41:51.604,1.09426,1.09438,2.25,1.50
2011.07.29 09:41:52.125,1.09422,1.09437,2.11,1.50
2011.07.29 09:41:52.795,1.09423,1.09437,3.98,1.50
2011.07.29 09:41:52.916,1.09424,1.0944,2.85,1.50
2011.07.29 09:41:53.141,1.09428,1.09442,1.35,2.25
2011.07.29 09:41:53.268,1.09428,1.09442,1.73,1.50
2011.07.29 09:41:53.493,1.0943,1.09445,3.00,1.13
2011.07.29 09:41:54.050,1.0943,1.09446,3.38,1.50
2011.07.29 09:41:54.501,1.0943,1.09447,3.76,3.60
2011.07.29 09:41:55.190,1.0943,1.09447,4.51,2.85
2011.07.29 09:41:57.190,1.0943,1.09447,3.76,2.85
2011.07.29 09:41:57.751,1.09431,1.09447,1.13,2.85
2011.07.29 09:42:03.352,1.09431,1.09447,1.13,2.85
2011.07.29 09:42:03.582,1.09432,1.09447,1.88,2.10
2011.07.29 09:42:07.801,1.09433,1.09447,2.10,1.50
2011.07.29 09:42:09.022,1.09431,1.09447,1.13,1.50
2011.07.29 09:42:09.909,1.09431,1.09447,1.13,2.10
2011.07.29 09:42:12.089,1.09433,1.09447,1.35,1.50
2011.07.29 09:42:19.060,1.09433,1.09449,1.50,2.25
2011.07.29 09:42:19.624,1.09433,1.09448,2.26,1.50
2011.07.29 09:42:21.433,1.09433,1.09447,1.13,2.10
2011.07.29 09:42:23.431,1.09433,1.09449,2.11,2.25
2011.07.29 09:42:39.200,1.09433,1.09447,1.88,2.10
2011.07.29 09:42:39.763,1.09433,1.09447,2.11,1.50
2011.07.29 09:42:43.091,1.09433,1.09448,2.48,1.50
2011.07.29 09:42:43.214,1.09432,1.09447,4.36,1.88
2011.07.29 09:42:43.774,1.09433,1.09447,1.88,1.50
2011.07.29 09:42:45.436,1.09432,1.09446,1.35,2.25
2011.07.29 09:42:45.553,1.09431,1.09442,2.26,1.50
2011.07.29 09:42:46.353,1.09428,1.09442,1.51,2.63
2011.07.29 09:42:46.911,1.09428,1.09442,2.48,1.50
2011.07.29 09:42:47.249,1.0943,1.09443,3.01,1.13
2011.07.29 09:42:47.804,1.0943,1.09442,3.01,1.13
2011.07.29 09:42:47.924,1.09428,1.09441,1.51,1.50
2011.07.29 09:42:48.479,1.09427,1.0944,3.01,1.50
2011.07.29 09:42:48.820,1.09427,1.09439,3.00,1.50
2011.07.29 09:42:49.161,1.09427,1.09437,2.25,1.50
2011.07.29 09:42:49.392,1.09423,1.09436,1.13,2.25
2011.07.29 09:42:50.671,1.09424,1.09436,1.35,2.25
2011.07.29 09:42:51.231,1.09424,1.09437,1.35,1.50
2011.07.29 09:42:51.680,1.09422,1.09434,1.51,1.35
2011.07.29 09:42:52.023,1.0942,1.09434,1.73,4.35
2011.07.29 09:42:53.131,1.09419,1.09434,1.88,4.35
2011.07.29 09:42:53.689,1.09419,1.09434,1.36,3.75
2011.07.29 09:42:54.379,1.09421,1.09432,2.11,1.50
2011.07.29 09:42:54.498,1.09423,1.09434,1.35,2.25
2011.07.29 09:42:54.721,1.09424,1.09436,1.35,1.88
2011.07.29 09:42:54.955,1.09425,1.09439,1.13,1.88
2011.07.29 09:42:55.073,1.09427,1.09441,3.00,2.85
2011.07.29 09:42:55.192,1.09427,1.0944,2.25,1.50
2011.07.29 09:42:55.641,1.09427,1.09441,3.75,1.35
2011.07.29 09:42:56.970,1.09427,1.09441,3.60,1.50
2011.07.29 09:42:57.202,1.09427,1.09434,2.25,1.50
2011.07.29 09:42:57.538,1.0942,1.09434,1.88,3.75
2011.07.29 09:42:58.360,1.0942,1.09434,1.88,3.75
2011.07.29 09:42:59.473,1.09422,1.09434,1.13,2.25
2011.07.29 09:42:59.591,1.09423,1.09437,1.50,3.75
2011.07.29 09:43:00.151,1.09423,1.09438,3.61,2.63
2011.07.29 09:43:01.810,1.09427,1.0944,3.00,2.85
2011.07.29 09:43:02.152,1.09423,1.09438,1.88,1.50
2011.07.29 09:43:02.491,1.09423,1.09437,1.51,1.35
2011.07.29 09:43:05.251,1.09423,1.09438,2.86,3.00
2011.07.29 09:43:05.811,1.09421,1.09437,5.48,1.35
2011.07.29 09:43:06.370,1.09421,1.09437,4.88,2.10
2011.07.29 09:43:07.809,1.09423,1.09437,2.86,1.50
2011.07.29 09:43:08.461,1.09427,1.0944,3.00,1.35
2011.07.29 09:43:09.129,1.09427,1.09439,3.60,1.50
2011.07.29 09:43:09.361,1.09429,1.0944,1.35,1.50
2011.07.29 09:43:10.580,1.09429,1.09441,1.35,2.25
2011.07.29 09:43:11.249,1.09429,1.09441,1.35,2.25
2011.07.29 09:43:16.449,1.09429,1.09441,1.35,3.38
2011.07.29 09:43:18.171,1.09429,1.09441,1.35,2.25
2011.07.29 09:43:18.729,1.09429,1.09441,1.35,2.25
2011.07.29 09:43:21.141,1.09429,1.09442,1.73,1.50
2011.07.29 09:43:21.919,1.0943,1.09442,3.15,1.50
2011.07.29 09:43:22.468,1.0943,1.09442,2.10,1.50
2011.07.29 09:43:25.559,1.09429,1.09442,3.23,1.50
2011.07.29 09:43:27.308,1.09429,1.09442,3.23,1.50
2011.07.29 09:43:29.600,1.09429,1.09442,2.85,2.25
2011.07.29 09:43:31.269,1.09429,1.09442,3.90,1.50
2011.07.29 09:43:40.680,1.09431,1.09442,1.88,1.50
2011.07.29 09:43:40.802,1.09434,1.09445,2.10,1.50
2011.07.29 09:43:41.141,1.09434,1.09447,3.23,1.50
2011.07.29 09:43:41.264,1.09438,1.0945,1.35,2.25
2011.07.29 09:43:41.603,1.09443,1.09451,1.35,1.50
2011.07.29 09:43:42.185,1.09441,1.09456,3.98,1.88
2011.07.29 09:43:42.744,1.09441,1.09454,3.60,1.50
2011.07.29 09:43:42.866,1.09441,1.09455,3.00,1.50
2011.07.29 09:43:42.982,1.09441,1.09452,2.25,1.50
2011.07.29 09:43:43.210,1.09437,1.09452,2.11,1.50
2011.07.29 09:43:43.447,1.09436,1.09447,2.86,1.50
2011.07.29 09:43:43.563,1.09434,1.09447,4.73,1.50
2011.07.29 09:43:43.792,1.09438,1.09449,1.35,1.50
2011.07.29 09:43:44.349,1.09434,1.09447,1.36,1.50
2011.07.29 09:43:46.572,1.0943,1.09442,1.88,1.50
2011.07.29 09:43:46.694,1.09429,1.09442,3.61,1.50
2011.07.29 09:43:52.348,1.09429,1.09443,2.11,3.75
2011.07.29 09:43:52.899,1.09429,1.09443,2.11,3.75
2011.07.29 09:43:53.675,1.09429,1.09441,2.11,2.63
2011.07.29 09:43:54.019,1.09422,1.09436,1.51,2.63
2011.07.29 09:43:54.671,1.0942,1.09432,2.11,1.50
2011.07.29 09:43:55.450,1.09419,1.09433,4.73,3.00
2011.07.29 09:43:55.682,1.09423,1.09436,2.86,1.13
2011.07.29 09:44:01.009,1.09423,1.09438,2.86,2.25
2011.07.29 09:44:02.010,1.09423,1.09438,1.73,2.25
2011.07.29 09:44:08.040,1.09423,1.09438,2.86,1.50
2011.07.29 09:44:08.600,1.09423,1.09438,1.36,2.25
2011.07.29 09:44:17.430,1.09421,1.09437,2.63,2.10
2011.07.29 09:44:17.990,1.0942,1.09433,1.36,3.00
2011.07.29 09:44:18.552,1.09423,1.09436,1.13,3.00
2011.07.29 09:44:19.109,1.09423,1.09438,1.13,2.25
2011.07.29 09:44:25.391,1.09424,1.09438,1.35,1.50
2011.07.29 09:44:25.621,1.09427,1.09441,3.00,2.48
2011.07.29 09:44:25.964,1.0943,1.09441,1.35,1.13
2011.07.29 09:44:26.083,1.0943,1.09441,1.35,1.13
2011.07.29 09:44:26.314,1.09432,1.09445,1.35,1.50
2011.07.29 09:44:28.504,1.09432,1.09446,1.88,1.50
2011.07.29 09:44:28.730,1.09431,1.09442,2.63,1.50
2011.07.29 09:44:29.071,1.09431,1.09446,3.76,2.25
2011.07.29 09:44:29.193,1.09431,1.09445,3.75,1.50
2011.07.29 09:44:29.315,1.09429,1.09444,1.13,1.50
2011.07.29 09:44:29.430,1.09429,1.09446,1.88,3.23
2011.07.29 09:44:30.432,1.0943,1.09445,3.00,1.50
2011.07.29 09:44:31.018,1.0943,1.09445,3.75,1.50
2011.07.29 09:44:32.011,1.09431,1.09445,1.13,1.50
2011.07.29 09:44:32.900,1.09431,1.09445,1.35,1.50
2011.07.29 09:44:34.450,1.09433,1.09447,1.35,1.50
2011.07.29 09:44:35.833,1.09433,1.09449,2.11,3.00
2011.07.29 09:44:36.186,1.09441,1.09456,4.65,1.50
2011.07.29 09:44:36.641,1.09443,1.09456,1.50,1.35
2011.07.29 09:44:42.213,1.09442,1.09456,1.50,1.50
2011.07.29 09:44:43.651,1.09444,1.09456,1.50,1.88
2011.07.29 09:44:44.142,1.09447,1.09456,1.13,1.50
2011.07.29 09:44:44.268,1.09445,1.0946,1.13,1.35
2011.07.29 09:44:44.492,1.09444,1.09458,1.13,1.50
2011.07.29 09:44:45.402,1.09444,1.09461,1.50,3.75
2011.07.29 09:44:46.180,1.09447,1.09462,3.61,1.88
2011.07.29 09:44:48.791,1.09448,1.09462,1.35,1.50
2011.07.29 09:44:50.891,1.09449,1.09463,1.35,3.00
2011.07.29 09:44:51.013,1.0945,1.09466,3.75,2.25
2011.07.29 09:44:51.500,1.0945,1.09464,1.51,4.58
2011.07.29 09:44:52.059,1.09449,1.09463,1.36,1.50
2011.07.29 09:44:59.804,1.09451,1.09464,1.51,2.25
2011.07.29 09:45:00.251,1.09449,1.09463,1.51,2.33
2011.07.29 09:45:02.832,1.09448,1.09462,2.86,1.50
2011.07.29 09:45:02.951,1.09448,1.09462,2.11,1.50
2011.07.29 09:45:03.292,1.09446,1.09458,2.25,1.50
2011.07.29 09:45:03.412,1.09443,1.09458,2.11,1.50
2011.07.29 09:45:10.621,1.09443,1.09459,3.61,3.00
2011.07.29 09:45:12.400,1.09443,1.09459,3.61,3.00
2011.07.29 09:45:14.170,1.09443,1.09459,2.11,3.38
2011.07.29 09:45:16.209,1.09443,1.09459,3.61,3.38
2011.07.29 09:45:16.761,1.09443,1.09459,1.51,3.38
2011.07.29 09:45:17.604,1.09444,1.09459,1.36,3.00
2011.07.29 09:45:19.831,1.09444,1.09459,1.36,3.00
2011.07.29 09:45:20.394,1.09444,1.09459,1.36,3.00
2011.07.29 09:45:20.843,1.09444,1.09459,1.73,3.00
2011.07.29 09:45:21.069,1.09444,1.09459,1.13,3.00
2011.07.29 09:45:21.289,1.09444,1.09459,1.13,3.00
2011.07.29 09:45:21.513,1.09447,1.09459,1.35,2.25
2011.07.29 09:45:21.850,1.09447,1.09462,2.11,1.50
2011.07.29 09:45:21.971,1.09447,1.09459,1.51,2.85
2011.07.29 09:45:22.419,1.09447,1.09459,2.11,3.00
2011.07.29 09:45:22.536,1.09448,1.09463,1.51,6.00
2011.07.29 09:45:22.653,1.09447,1.09462,4.73,1.13
2011.07.29 09:45:22.993,1.09445,1.0946,1.13,3.00
2011.07.29 09:45:26.412,1.09443,1.09459,2.63,1.35
2011.07.29 09:45:27.478,1.09444,1.0946,1.13,3.00
2011.07.29 09:45:28.910,1.09444,1.0946,1.13,3.00
2011.07.29 09:45:29.469,1.09444,1.0946,1.13,3.00
2011.07.29 09:45:30.608,1.09444,1.0946,1.13,3.75
2011.07.29 09:45:35.171,1.09444,1.0946,1.13,3.00
2011.07.29 09:45:37.962,1.09444,1.0946,1.13,3.00
2011.07.29 09:45:38.849,1.09444,1.0946,1.13,3.00
2011.07.29 09:45:39.399,1.09444,1.0946,1.13,3.00
2011.07.29 09:45:41.399,1.09444,1.0946,1.88,3.00
2011.07.29 09:45:42.388,1.09444,1.0946,1.88,3.00
2011.07.29 09:45:42.501,1.09449,1.0946,1.50,2.25
2011.07.29 09:45:43.097,1.09447,1.09461,1.35,2.25
2011.07.29 09:45:43.981,1.0945,1.09461,1.35,1.50
2011.07.29 09:45:44.218,1.0945,1.09464,1.13,1.50
2011.07.29 09:45:44.335,1.09449,1.09463,3.38,1.58
2011.07.29 09:45:44.455,1.0945,1.09465,1.13,1.35
2011.07.29 09:45:44.902,1.09452,1.09467,1.88,3.08
2011.07.29 09:45:45.130,1.09452,1.09466,1.88,1.65
2011.07.29 09:45:45.692,1.09448,1.09464,1.88,4.58
2011.07.29 09:45:49.079,1.09448,1.09461,2.63,2.25
2011.07.29 09:45:53.441,1.0945,1.09461,2.11,2.25
2011.07.29 09:45:53.560,1.09451,1.09466,1.51,1.20
2011.07.29 09:45:54.012,1.0945,1.09461,1.51,1.50
2011.07.29 09:45:54.570,1.09448,1.09461,1.36,1.50
2011.07.29 09:45:57.004,1.09446,1.0946,2.63,1.50
2011.07.29 09:45:57.233,1.09444,1.09457,2.11,1.50
2011.07.29 09:45:57.353,1.09443,1.09457,1.51,1.50
2011.07.29 09:45:59.430,1.09443,1.09456,2.11,1.50
2011.07.29 09:45:59.989,1.0944,1.09451,1.51,2.25
2011.07.29 09:46:00.549,1.09439,1.09451,1.88,2.25
2011.07.29 09:46:04.214,1.09443,1.09451,1.35,2.25
2011.07.29 09:46:04.443,1.09443,1.09457,2.48,3.38
2011.07.29 09:46:09.952,1.09446,1.09457,2.10,1.13
2011.07.29 09:46:10.513,1.09446,1.09458,2.10,1.50
2011.07.29 09:46:10.851,1.09449,1.09461,1.35,4.50
2011.07.29 09:46:18.741,1.09449,1.09461,1.35,3.75
2011.07.29 09:46:20.139,1.09447,1.09461,1.36,3.75
2011.07.29 09:46:27.702,1.09449,1.09461,1.35,2.25
2011.07.29 09:46:27.934,1.09449,1.09462,1.35,1.50
2011.07.29 09:46:36.903,1.09449,1.09466,2.11,3.38
2011.07.29 09:46:38.591,1.09451,1.09466,1.50,3.75
2011.07.29 09:46:39.701,1.09449,1.09465,1.51,2.25
2011.07.29 09:46:39.823,1.09448,1.09463,2.26,1.58
2011.07.29 09:46:42.249,1.09447,1.09461,1.50,2.10
2011.07.29 09:46:42.801,1.09449,1.09461,1.35,1.50
2011.07.29 09:46:43.471,1.09449,1.09462,1.73,2.25
2011.07.29 09:46:44.062,1.09449,1.09465,1.73,1.65
2011.07.29 09:46:44.737,1.09449,1.09462,1.13,1.50
2011.07.29 09:46:44.854,1.09447,1.09462,2.11,3.00
2011.07.29 09:46:45.191,1.09446,1.09459,3.61,1.50
2011.07.29 09:46:45.313,1.09445,1.09458,1.13,3.00
2011.07.29 09:46:45.870,1.09442,1.09457,2.85,1.50
2011.07.29 09:46:48.849,1.09442,1.09457,1.13,2.25
2011.07.29 09:46:57.262,1.09443,1.09456,2.85,1.50
2011.07.29 09:46:57.903,1.09446,1.0946,4.13,2.25
2011.07.29 09:46:58.681,1.09446,1.09459,2.85,1.50
2011.07.29 09:46:58.803,1.09444,1.09459,1.88,3.75
2011.07.29 09:46:59.363,1.09444,1.09459,1.13,4.50
2011.07.29 09:47:03.772,1.0944,1.09452,3.01,1.50
2011.07.29 09:47:03.894,1.0944,1.09452,2.25,1.50
2011.07.29 09:47:04.017,1.09436,1.09449,1.88,3.00
2011.07.29 09:47:04.133,1.09434,1.09449,2.92,3.38
2011.07.29 09:47:04.254,1.09434,1.09449,1.50,3.38
2011.07.29 09:47:09.160,1.09436,1.0945,3.00,2.25
2011.07.29 09:47:09.719,1.09437,1.0945,1.35,1.50
2011.07.29 09:47:12.032,1.09439,1.09451,1.73,1.50
2011.07.29 09:47:12.260,1.09439,1.09453,4.35,1.50
2011.07.29 09:47:12.820,1.09439,1.09453,5.10,1.50
2011.07.29 09:47:15.519,1.09449,1.09461,1.73,1.50
2011.07.29 09:47:15.742,1.0945,1.09462,1.35,1.50
2011.07.29 09:47:15.972,1.09449,1.09461,2.25,1.35
2011.07.29 09:47:16.532,1.09446,1.09461,4.51,2.10
2011.07.29 09:47:17.310,1.09446,1.0946,3.75,2.25
2011.07.29 09:47:18.202,1.09446,1.09457,2.25,1.50
2011.07.29 09:47:18.321,1.09443,1.09457,1.42,1.50
2011.07.29 09:47:19.691,1.09443,1.09457,2.85,2.25
2011.07.29 09:47:21.030,1.09442,1.09456,1.13,1.35
2011.07.29 09:47:21.590,1.09443,1.09457,1.35,2.25
2011.07.29 09:47:22.811,1.09443,1.09457,1.35,2.25
2011.07.29 09:47:23.368,1.09443,1.09457,1.35,2.25
2011.07.29 09:47:24.228,1.09442,1.09457,1.13,2.25
2011.07.29 09:47:24.451,1.09445,1.09457,1.50,1.50
2011.07.29 09:47:24.791,1.09447,1.09459,1.35,1.50
2011.07.29 09:47:25.350,1.09447,1.0946,1.35,2.25
2011.07.29 09:47:28.220,1.0945,1.09458,1.50,1.50
2011.07.29 09:47:29.772,1.0945,1.09458,1.50,1.50
2011.07.29 09:47:30.676,1.09449,1.09458,2.25,1.50
2011.07.29 09:47:32.222,1.09449,1.09457,1.50,1.50
2011.07.29 09:47:32.343,1.09444,1.09457,2.17,2.25
2011.07.29 09:47:41.673,1.09444,1.09457,1.42,2.25
2011.07.29 09:47:42.230,1.09444,1.09458,1.42,1.50
2011.07.29 09:47:47.989,1.09444,1.09457,3.60,1.50
2011.07.29 09:47:48.430,1.09444,1.09459,5.48,3.75
2011.07.29 09:47:48.763,1.09454,1.09462,1.50,1.50
2011.07.29 09:47:48.882,1.09454,1.09462,1.50,1.50
2011.07.29 09:47:49.441,1.0945,1.09462,1.35,1.50
2011.07.29 09:47:49.562,1.09449,1.09462,2.10,1.50
2011.07.29 09:47:49.684,1.09448,1.09462,1.51,1.88
2011.07.29 09:47:49.913,1.09444,1.09458,3.30,1.50
2011.07.29 09:47:50.889,1.09445,1.0946,1.13,3.75
2011.07.29 09:47:51.222,1.09459,1.0947,2.10,1.50
2011.07.29 09:47:51.453,1.09456,1.09468,3.00,1.50
2011.07.29 09:47:51.572,1.09454,1.09467,3.52,1.88
2011.07.29 09:47:51.693,1.09452,1.09465,3.00,1.50
2011.07.29 09:47:51.923,1.09451,1.09465,1.13,1.50
2011.07.29 09:47:52.481,1.09454,1.09465,2.85,1.50
2011.07.29 09:47:53.592,1.09454,1.09465,2.85,1.50
2011.07.29 09:48:03.893,1.09454,1.09465,2.85,1.50
2011.07.29 09:48:04.232,1.0945,1.0946,5.10,1.13
2011.07.29 09:48:04.353,1.0945,1.09461,4.35,1.13
2011.07.29 09:48:04.474,1.09447,1.09462,3.00,2.25
2011.07.29 09:48:04.593,1.09444,1.09459,4.73,3.00
2011.07.29 09:48:04.711,1.09444,1.09458,3.60,1.50
2011.07.29 09:48:29.614,1.09444,1.09456,2.85,1.50
2011.07.29 09:48:31.959,1.09444,1.09456,3.52,1.50
2011.07.29 09:48:32.400,1.09444,1.09456,2.85,1.50
2011.07.29 09:48:39.960,1.09444,1.09456,2.85,1.88
2011.07.29 09:48:40.551,1.09444,1.09457,2.85,1.50
2011.07.29 09:48:41.880,1.09444,1.09456,2.85,1.50
2011.07.29 09:48:43.432,1.09444,1.09456,2.85,2.25
2011.07.29 09:48:44.029,1.0944,1.09452,2.10,1.50
2011.07.29 09:48:48.562,1.09439,1.09452,2.10,1.88
2011.07.29 09:48:48.903,1.09439,1.0945,2.10,1.50
2011.07.29 09:48:49.024,1.09434,1.09448,2.63,1.50
2011.07.29 09:48:49.142,1.09433,1.09447,3.98,1.50
2011.07.29 09:48:50.252,1.09439,1.0945,2.10,2.25
2011.07.29 09:48:50.700,1.09443,1.09451,2.85,1.50
2011.07.29 09:48:51.040,1.09443,1.09455,2.85,1.88
2011.07.29 09:48:51.271,1.09443,1.09454,2.85,1.13
2011.07.29 09:48:51.830,1.09443,1.09454,2.85,1.13
2011.07.29 09:48:52.904,1.09443,1.09455,2.85,1.88
2011.07.29 09:48:55.260,1.09443,1.09454,2.85,1.13
2011.07.29 09:48:56.593,1.09443,1.09455,2.85,1.88
2011.07.29 09:48:56.710,1.09443,1.09455,2.85,1.88
2011.07.29 09:48:57.269,1.09443,1.09455,2.85,1.88
2011.07.29 09:49:07.862,1.09443,1.09455,2.85,1.50
2011.07.29 09:49:07.981,1.09443,1.09455,2.85,1.50
2011.07.29 09:49:08.320,1.09444,1.09457,1.42,1.50
2011.07.29 09:49:13.903,1.09445,1.09459,1.50,4.50
2011.07.29 09:49:14.242,1.09449,1.0946,2.10,1.50
2011.07.29 09:49:19.621,1.09449,1.09462,2.10,1.50
2011.07.29 09:49:19.855,1.09451,1.09463,1.05,3.00
2011.07.29 09:49:20.192,1.09453,1.09467,3.23,3.75
2011.07.29 09:49:20.422,1.09453,1.09467,4.36,2.25
2011.07.29 09:49:20.650,1.09453,1.09467,3.61,2.25
2011.07.29 09:49:22.321,1.09453,1.09467,1.36,3.00
2011.07.29 09:49:23.101,1.09453,1.09467,1.36,3.00
2011.07.29 09:49:23.441,1.0945,1.09462,2.86,1.50
2011.07.29 09:49:23.562,1.09447,1.0946,2.26,2.25
2011.07.29 09:49:23.683,1.09445,1.09459,1.42,1.50
2011.07.29 09:49:23.804,1.09444,1.09459,3.98,1.50
2011.07.29 09:49:24.528,1.09444,1.09459,2.85,1.50
2011.07.29 09:49:24.640,1.0945,1.09461,2.10,2.25
2011.07.29 09:49:24.992,1.09454,1.09463,2.85,1.50
2011.07.29 09:49:25.114,1.09453,1.09464,2.85,1.50
2011.07.29 09:49:25.341,1.09454,1.09466,2.85,3.00
2011.07.29 09:49:26.780,1.09454,1.09466,2.85,2.25
2011.07.29 09:49:28.180,1.09454,1.09466,2.85,2.25
2011.07.29 09:49:29.333,1.09454,1.09466,2.85,2.25
2011.07.29 09:49:33.961,1.09454,1.09466,2.85,2.25
2011.07.29 09:49:34.520,1.09453,1.09465,2.85,1.13
2011.07.29 09:49:35.079,1.09453,1.09465,2.85,2.63
2011.07.29 09:49:37.310,1.09453,1.09465,2.85,2.25
2011.07.29 09:49:39.181,1.09453,1.09464,2.10,1.50
2011.07.29 09:49:39.302,1.09448,1.09464,1.13,1.50
2011.07.29 09:49:39.421,1.09453,1.09464,2.85,1.13
2011.07.29 09:49:39.980,1.09453,1.09466,2.85,2.25
2011.07.29 09:49:42.880,1.09453,1.09466,2.85,2.25
2011.07.29 09:49:46.612,1.09453,1.09466,2.85,2.63
2011.07.29 09:49:46.961,1.0945,1.0946,2.10,3.00
2011.07.29 09:49:47.082,1.09444,1.0946,2.17,4.13
2011.07.29 09:49:47.627,1.09443,1.09457,2.85,1.50
2011.07.29 09:49:48.181,1.09444,1.09457,2.10,2.25
2011.07.29 09:49:50.902,1.09444,1.09455,2.10,1.88
2011.07.29 09:49:51.022,1.09441,1.09453,2.26,1.13
2011.07.29 09:49:51.142,1.09439,1.09452,2.86,1.50
2011.07.29 09:49:51.262,1.09439,1.09452,2.11,1.50
2011.07.29 09:49:51.495,1.09437,1.09449,3.00,1.50
2011.07.29 09:49:51.726,1.09433,1.09449,4.27,1.50
2011.07.29 09:49:52.282,1.09433,1.09448,2.86,1.13
2011.07.29 09:49:54.163,1.09433,1.09447,2.85,1.50
2011.07.29 09:49:54.283,1.0943,1.09441,5.11,1.50
2011.07.29 09:49:54.734,1.09429,1.09441,2.85,1.50
2011.07.29 09:49:55.292,1.09429,1.09441,2.85,2.25
2011.07.29 09:49:56.291,1.09433,1.09443,2.85,3.00
2011.07.29 09:49:56.415,1.09433,1.09447,2.85,3.75
2011.07.29 09:49:56.535,1.09433,1.09447,2.85,2.63
2011.07.29 09:49:56.655,1.09439,1.09447,2.10,2.25
2011.07.29 09:49:57.211,1.09439,1.09448,2.85,1.50
2011.07.29 09:49:58.431,1.09439,1.09448,2.10,1.50
2011.07.29 09:49:58.554,1.09437,1.09447,2.25,1.50
2011.07.29 09:49:58.672,1.09433,1.09448,3.23,1.50
2011.07.29 09:50:00.753,1.0944,1.09449,2.10,1.50
2011.07.29 09:50:00.872,1.0944,1.0945,2.10,1.50
2011.07.29 09:50:01.213,1.09444,1.09453,2.10,3.00
2011.07.29 09:50:01.336,1.09444,1.09455,2.10,1.13
2011.07.29 09:50:02.664,1.09444,1.09454,2.10,2.25
2011.07.29 09:50:02.787,1.0944,1.09452,2.25,2.25
2011.07.29 09:50:03.205,1.09435,1.09447,2.25,1.50
2011.07.29 09:50:03.323,1.09434,1.09446,2.86,1.50
2011.07.29 09:50:05.757,1.09431,1.09444,3.00,1.13
2011.07.29 09:50:06.257,1.09429,1.09441,2.85,1.50
2011.07.29 09:50:07.799,1.09429,1.09441,3.60,1.50
2011.07.29 09:50:08.349,1.09429,1.09441,2.85,1.50
2011.07.29 09:50:13.736,1.09429,1.09442,3.60,1.50
2011.07.29 09:50:14.290,1.09438,1.0945,2.85,1.13
2011.07.29 09:50:14.414,1.09444,1.09452,2.10,1.50
2011.07.29 09:50:14.642,1.09444,1.09455,2.10,1.50
2011.07.29 09:50:15.422,1.09443,1.09456,1.35,1.50
2011.07.29 09:50:15.981,1.09443,1.09456,1.35,1.50
2011.07.29 09:50:16.432,1.09443,1.09455,1.35,1.13
2011.07.29 09:50:16.772,1.09441,1.0945,2.25,1.50
2011.07.29 09:50:17.254,1.09434,1.0945,2.11,3.00
2011.07.29 09:50:17.495,1.09439,1.0945,1.13,1.50
2011.07.29 09:50:17.616,1.0944,1.09451,3.00,1.50
2011.07.29 09:50:17.732,1.09439,1.09451,2.85,1.50
2011.07.29 09:50:17.962,1.09444,1.09453,2.10,3.00
2011.07.29 09:50:18.194,1.09441,1.09454,3.00,1.50
2011.07.29 09:50:18.314,1.09441,1.09452,2.25,1.50
2011.07.29 09:50:18.435,1.09441,1.09454,3.00,1.50
2011.07.29 09:50:18.990,1.09444,1.09454,2.10,1.50
2011.07.29 09:50:19.771,1.09444,1.09457,2.10,2.25
2011.07.29 09:50:19.891,1.09444,1.09457,2.10,1.50
2011.07.29 09:50:20.289,1.09444,1.09457,2.10,1.50
2011.07.29 09:50:21.504,1.09449,1.09457,2.10,1.50
2011.07.29 09:50:21.625,1.09449,1.09459,2.10,1.50
2011.07.29 09:50:22.730,1.09447,1.09457,2.25,1.50
2011.07.29 09:50:23.071,1.09443,1.09458,4.36,1.50
2011.07.29 09:50:25.483,1.09449,1.0946,2.85,1.50
2011.07.29 09:50:25.602,1.09449,1.0946,2.85,1.50
2011.07.29 09:50:25.721,1.09449,1.0946,2.85,1.50
2011.07.29 09:50:27.699,1.09449,1.0946,2.85,1.50
2011.07.29 09:50:28.284,1.09449,1.0946,2.85,1.50
2011.07.29 09:50:28.621,1.09452,1.09461,4.50,2.25
2011.07.29 09:50:28.977,1.09457,1.09471,2.63,1.50
2011.07.29 09:50:29.093,1.09457,1.09471,2.63,1.50
2011.07.29 09:50:29.690,1.09457,1.09471,2.25,1.50
2011.07.29 09:50:29.923,1.0946,1.09471,2.10,1.50
2011.07.29 09:50:30.479,1.09459,1.09471,2.10,1.50
2011.07.29 09:50:33.450,1.09457,1.09471,4.35,1.50
2011.07.29 09:50:33.681,1.09457,1.09471,2.25,1.50
2011.07.29 09:50:33.803,1.09457,1.09469,2.25,1.50
2011.07.29 09:50:34.031,1.09453,1.09469,4.36,1.50
2011.07.29 09:50:34.922,1.09454,1.0947,1.13,3.00
2011.07.29 09:50:35.041,1.09459,1.0947,1.35,3.00
2011.07.29 09:50:35.495,1.09463,1.09471,2.85,1.50
2011.07.29 09:50:35.731,1.09463,1.09475,2.85,1.50
2011.07.29 09:50:36.071,1.09463,1.09476,2.85,1.50
2011.07.29 09:50:38.221,1.09468,1.09478,2.85,2.63
2011.07.29 09:50:38.562,1.09467,1.09476,2.25,2.25
2011.07.29 09:50:38.682,1.09463,1.09476,2.85,2.25
2011.07.29 09:50:38.804,1.09463,1.09476,2.85,2.25
2011.07.29 09:50:43.504,1.09467,1.09478,3.00,1.50
2011.07.29 09:50:43.623,1.09467,1.0948,3.00,2.25
2011.07.29 09:50:43.741,1.09467,1.09477,2.25,1.50
2011.07.29 09:50:43.860,1.09464,1.09477,2.10,1.50
2011.07.29 09:50:44.081,1.09464,1.09477,2.10,1.50
2011.07.29 09:50:46.181,1.09464,1.09479,3.23,3.38
2011.07.29 09:50:46.301,1.0947,1.09479,2.10,1.13
2011.07.29 09:50:46.530,1.0947,1.0948,2.10,1.50
2011.07.29 09:50:47.092,1.09469,1.0948,2.85,1.50
2011.07.29 09:50:47.798,1.09467,1.09477,2.25,1.50
2011.07.29 09:50:47.919,1.09464,1.09477,2.10,1.50
2011.07.29 09:50:48.141,1.09464,1.09477,2.10,1.50
2011.07.29 09:50:49.029,1.09464,1.09477,2.10,1.50
2011.07.29 09:50:50.130,1.09464,1.09477,2.10,1.50
2011.07.29 09:50:50.690,1.09464,1.09478,2.48,1.50
2011.07.29 09:50:51.294,1.09464,1.09477,2.10,1.50
2011.07.29 09:50:53.610,1.09464,1.09477,2.10,1.50
2011.07.29 09:50:54.940,1.09464,1.09476,2.10,1.50
2011.07.29 09:50:55.062,1.09461,1.09474,1.51,3.75
2011.07.29 09:50:55.583,1.0946,1.09472,2.86,1.50
2011.07.29 09:50:56.150,1.0946,1.09472,2.11,1.50
2011.07.29 09:50:57.140,1.09459,1.09472,2.86,1.50
2011.07.29 09:50:58.033,1.09463,1.09474,1.35,3.00
2011.07.29 09:50:58.265,1.09463,1.09477,1.36,1.88
2011.07.29 09:50:58.820,1.09463,1.09477,1.36,1.88
2011.07.29 09:50:59.963,1.09462,1.09474,1.51,1.13
2011.07.29 09:51:00.748,1.09463,1.09473,1.35,3.00
2011.07.29 09:51:00.874,1.09454,1.09467,2.26,3.00
2011.07.29 09:51:00.990,1.09454,1.09467,2.17,3.00
2011.07.29 09:51:01.549,1.09454,1.09466,1.51,1.50
2011.07.29 09:51:02.609,1.09454,1.09467,1.51,2.25
2011.07.29 09:51:02.831,1.09457,1.09471,1.35,1.50
2011.07.29 09:51:03.389,1.09457,1.09471,1.35,1.50
2011.07.29 09:51:05.042,1.09457,1.09471,1.35,1.88
2011.07.29 09:51:07.304,1.09459,1.09471,2.10,1.88
2011.07.29 09:51:07.423,1.09454,1.09468,4.36,1.50
2011.07.29 09:51:09.410,1.09459,1.09467,2.10,3.00
2011.07.29 09:51:09.751,1.09459,1.09471,2.85,4.88
2011.07.29 09:51:09.870,1.09459,1.09471,2.85,4.88
2011.07.29 09:51:10.651,1.09461,1.09471,1.13,3.00
2011.07.29 09:51:10.883,1.09466,1.09477,1.50,1.50
2011.07.29 09:51:11.003,1.09463,1.09479,3.00,3.23
2011.07.29 09:51:11.120,1.09462,1.09477,2.02,3.75
2011.07.29 09:51:11.795,1.09462,1.09477,1.36,3.75
2011.07.29 09:51:12.021,1.09462,1.09477,1.36,3.75
2011.07.29 09:51:12.142,1.09462,1.09477,1.36,3.75
2011.07.29 09:51:14.900,1.09463,1.09477,3.23,3.75
2011.07.29 09:51:15.246,1.09465,1.09477,1.80,2.25
2011.07.29 09:51:17.721,1.09464,1.09475,1.13,1.35
2011.07.29 09:51:17.953,1.09459,1.09472,2.26,3.75
2011.07.29 09:51:18.073,1.09459,1.09472,2.11,3.00
2011.07.29 09:51:18.629,1.09459,1.09472,2.48,3.00
2011.07.29 09:51:19.513,1.09461,1.09472,1.35,3.00
2011.07.29 09:51:19.634,1.09461,1.09475,1.36,1.13
2011.07.29 09:51:20.391,1.09457,1.09468,1.13,3.00
2011.07.29 09:51:20.515,1.09454,1.09467,1.13,1.50
2011.07.29 09:51:21.071,1.09451,1.09466,1.51,1.50
2011.07.29 09:51:23.283,1.09455,1.0947,1.50,2.25
2011.07.29 09:51:23.890,1.09455,1.09468,1.50,1.50
2011.07.29 09:51:24.021,1.09456,1.09471,1.73,1.50
2011.07.29 09:51:24.142,1.09459,1.09472,1.13,3.75
2011.07.29 09:51:24.590,1.0946,1.09476,1.36,2.25
2011.07.29 09:51:25.920,1.09462,1.09476,1.13,1.50
2011.07.29 09:51:26.262,1.09463,1.09475,1.13,1.35
2011.07.29 09:51:26.384,1.09461,1.09475,1.50,2.10
2011.07.29 09:51:26.503,1.09461,1.09476,1.50,3.60
2011.07.29 09:51:27.061,1.09461,1.09476,1.13,2.10
2011.07.29 09:51:27.402,1.0946,1.09476,3.98,2.48
2011.07.29 09:51:27.961,1.09459,1.09471,1.35,3.00
2011.07.29 09:51:28.417,1.0946,1.09475,1.35,1.13
2011.07.29 09:51:28.539,1.0946,1.09476,1.73,2.10
2011.07.29 09:51:30.993,1.0946,1.09476,1.35,2.48
2011.07.29 09:51:31.334,1.09466,1.09478,1.50,1.50
2011.07.29 09:51:31.450,1.09466,1.0948,1.50,1.50
2011.07.29 09:51:31.569,1.09466,1.0948,1.50,1.50
2011.07.29 09:51:35.031,1.09463,1.09477,2.17,1.35
2011.07.29 09:51:36.255,1.09466,1.09477,1.50,2.25
2011.07.29 09:51:36.482,1.09466,1.09481,1.50,2.25
2011.07.29 09:51:36.601,1.09466,1.0948,1.50,1.50
2011.07.29 09:51:39.637,1.09466,1.0948,1.50,1.50
2011.07.29 09:51:42.262,1.09463,1.09477,1.80,1.50
2011.07.29 09:51:42.821,1.09462,1.09477,2.86,1.50
2011.07.29 09:51:49.033,1.0946,1.09477,1.88,2.85
2011.07.29 09:51:51.192,1.09465,1.09478,1.50,1.35
2011.07.29 09:51:55.970,1.09465,1.09477,1.35,3.75
2011.07.29 09:51:56.533,1.09463,1.09477,1.36,3.00
2011.07.29 09:52:06.199,1.09461,1.09476,1.36,1.50
2011.07.29 09:52:06.532,1.09456,1.09471,1.51,3.98
2011.07.29 09:52:06.652,1.09454,1.09467,2.63,3.00
2011.07.29 09:52:06.772,1.09453,1.09467,2.86,3.00
2011.07.29 09:52:07.331,1.09453,1.09467,2.86,3.00
2011.07.29 09:52:08.221,1.09455,1.09468,2.86,1.50
2011.07.29 09:52:08.732,1.09454,1.09468,2.48,1.50
2011.07.29 09:52:09.298,1.09453,1.09466,1.50,1.35
2011.07.29 09:52:09.851,1.09451,1.09467,1.73,3.38
2011.07.29 09:52:10.191,1.09451,1.09467,1.73,3.38
2011.07.29 09:52:13.733,1.09449,1.09464,2.11,1.50
2011.07.29 09:52:14.075,1.09445,1.09459,1.13,1.35
2011.07.29 09:52:14.194,1.09444,1.09458,1.51,1.50
2011.07.29 09:52:14.749,1.09443,1.09457,1.36,1.50
2011.07.29 09:52:21.519,1.09444,1.09459,4.36,3.75
2011.07.29 09:52:23.410,1.09446,1.09459,1.50,2.25
2011.07.29 09:52:23.751,1.09448,1.09462,1.51,1.50
2011.07.29 09:52:27.890,1.09448,1.09462,1.88,1.50
2011.07.29 09:52:28.231,1.09453,1.09467,1.13,3.00
2011.07.29 09:52:28.351,1.09453,1.09467,1.13,1.50
2011.07.29 09:52:30.010,1.09453,1.09468,3.23,1.50
2011.07.29 09:52:31.619,1.09453,1.09468,1.13,1.50
2011.07.29 09:52:34.563,1.09453,1.09468,3.23,1.50
2011.07.29 09:52:36.002,1.09456,1.0947,3.00,1.50
2011.07.29 09:52:36.450,1.09458,1.09472,1.35,2.25
2011.07.29 09:52:36.890,1.09456,1.09471,2.25,1.50
2011.07.29 09:52:37.451,1.09453,1.09468,1.36,1.50
2011.07.29 09:52:37.571,1.09453,1.09468,1.36,1.50
2011.07.29 09:52:41.741,1.09453,1.09469,3.61,1.50
2011.07.29 09:52:42.631,1.09453,1.09467,2.86,1.50
2011.07.29 09:52:43.288,1.09453,1.09467,2.86,1.50
2011.07.29 09:52:49.490,1.09452,1.09468,2.48,1.50
2011.07.29 09:52:54.582,1.09451,1.09467,1.50,2.48
2011.07.29 09:52:54.702,1.0945,1.09466,1.51,1.13
2011.07.29 09:52:55.043,1.09447,1.09458,2.25,1.50
2011.07.29 09:52:55.631,1.09442,1.09458,1.51,1.88
2011.07.29 09:52:57.631,1.09442,1.09456,1.35,2.25
2011.07.29 09:53:04.210,1.0944,1.09456,3.38,2.85
2011.07.29 09:53:06.200,1.0944,1.09452,2.63,1.50
2011.07.29 09:53:06.760,1.09437,1.09451,3.01,1.35
2011.07.29 09:53:08.414,1.09437,1.09447,3.01,1.48
2011.07.29 09:53:08.537,1.09434,1.09443,1.42,3.00
2011.07.29 09:53:09.043,1.09429,1.09443,2.11,3.00
2011.07.29 09:53:09.386,1.09437,1.09443,1.50,2.25
2011.07.29 09:53:09.509,1.09437,1.0945,3.00,1.88
2011.07.29 09:53:09.623,1.09437,1.09452,3.00,3.00
2011.07.29 09:53:09.743,1.09438,1.09452,1.13,3.00
2011.07.29 09:53:10.300,1.09442,1.09453,1.35,1.50
2011.07.29 09:53:11.084,1.09441,1.09456,1.51,1.50
2011.07.29 09:53:11.754,1.09446,1.09457,3.00,1.13
2011.07.29 09:53:12.273,1.09441,1.09456,2.11,1.50
2011.07.29 09:53:12.832,1.09444,1.09456,1.35,1.50
2011.07.29 09:53:13.390,1.0944,1.09456,1.13,1.50
2011.07.29 09:53:14.500,1.09444,1.09457,1.35,3.00
2011.07.29 09:53:17.897,1.09442,1.09456,1.73,1.50
2011.07.29 09:53:22.743,1.09442,1.09456,1.88,2.25
2011.07.29 09:53:23.521,1.09445,1.09459,1.50,2.25
2011.07.29 09:53:23.753,1.09446,1.09459,3.00,1.50
2011.07.29 09:53:24.273,1.0945,1.09461,1.35,2.25
2011.07.29 09:53:24.392,1.0945,1.09464,1.35,2.25
2011.07.29 09:53:24.950,1.0945,1.09463,1.35,1.50
2011.07.29 09:53:26.700,1.09453,1.09464,1.35,1.50
2011.07.29 09:53:27.482,1.09451,1.09465,2.63,1.50
2011.07.29 09:53:28.041,1.09453,1.09465,1.35,1.50
2011.07.29 09:53:28.549,1.09451,1.09465,2.63,1.50
2011.07.29 09:53:29.103,1.09453,1.09465,1.35,1.50
2011.07.29 09:53:36.482,1.09451,1.09465,1.13,2.25
2011.07.29 09:53:37.722,1.09449,1.09462,1.51,1.35
2011.07.29 09:53:38.063,1.09447,1.0946,1.50,1.50
2011.07.29 09:53:42.470,1.09447,1.09461,1.50,2.25
2011.07.29 09:53:44.252,1.09444,1.09456,3.38,2.25
2011.07.29 09:53:44.810,1.09444,1.09456,2.17,2.25
2011.07.29 09:53:48.291,1.09444,1.09456,2.48,2.25
2011.07.29 09:53:48.632,1.09449,1.09461,1.13,2.25
2011.07.29 09:53:48.865,1.0945,1.09465,3.23,1.50
2011.07.29 09:53:56.771,1.09454,1.09466,1.35,2.25
2011.07.29 09:53:57.330,1.09454,1.09465,1.35,1.50
2011.07.29 09:53:59.255,1.09458,1.09465,1.27,1.50
2011.07.29 09:53:59.376,1.09459,1.09468,2.02,3.00
2011.07.29 09:53:59.496,1.09464,1.09471,2.10,2.25
2011.07.29 09:53:59.834,1.09469,1.09475,1.05,1.50
2011.07.29 09:54:00.172,1.09469,1.0948,1.50,3.00
2011.07.29 09:54:00.415,1.09467,1.09479,1.13,1.35
2011.07.29 09:54:01.039,1.09464,1.09479,1.51,3.60
2011.07.29 09:54:01.160,1.09464,1.09475,1.35,1.50
2011.07.29 09:54:06.177,1.0946,1.09467,2.25,1.50
2011.07.29 09:54:06.293,1.09453,1.09467,1.51,1.50
2011.07.29 09:54:06.414,1.09452,1.09467,2.86,1.88
2011.07.29 09:54:06.972,1.09451,1.09465,1.13,1.13
2011.07.29 09:54:21.990,1.0945,1.09463,2.25,2.25
2011.07.29 09:54:22.115,1.09449,1.0946,1.13,1.50
2011.07.29 09:54:22.454,1.09451,1.09462,1.35,1.13
2011.07.29 09:54:22.680,1.09451,1.09463,1.35,1.13
2011.07.29 09:54:30.521,1.0945,1.09463,2.25,1.50
2011.07.29 09:54:30.641,1.09448,1.09462,1.13,1.50
2011.07.29 09:54:40.040,1.09448,1.09464,1.50,2.25
2011.07.29 09:54:40.493,1.09449,1.09464,1.13,2.25
2011.07.29 09:54:41.494,1.09451,1.09465,1.13,1.50
2011.07.29 09:54:41.613,1.09451,1.09466,1.88,1.50
2011.07.29 09:54:45.155,1.09455,1.09468,1.50,1.50
2011.07.29 09:54:45.646,1.0946,1.09474,1.13,1.50
2011.07.29 09:54:46.199,1.0946,1.09476,1.88,1.50
2011.07.29 09:54:46.750,1.0946,1.09476,1.51,1.50
2011.07.29 09:54:48.212,1.09459,1.09475,4.13,1.50
2011.07.29 09:54:50.632,1.09464,1.09477,1.35,2.25
2011.07.29 09:54:53.501,1.09461,1.09474,1.51,1.35
2011.07.29 09:54:54.309,1.09459,1.09474,2.11,3.75
2011.07.29 09:54:55.082,1.09463,1.09476,2.10,1.50
2011.07.29 09:55:18.770,1.09466,1.0948,1.50,3.00
2011.07.29 09:55:19.006,1.09467,1.09482,3.60,1.50
2011.07.29 09:55:19.453,1.09469,1.09483,1.13,3.75
2011.07.29 09:55:19.793,1.09477,1.09487,3.00,1.50
2011.07.29 09:55:20.131,1.09477,1.09487,2.25,1.50
2011.07.29 09:55:20.255,1.09473,1.09487,2.25,1.50
2011.07.29 09:55:20.814,1.09471,1.09487,1.51,2.48
2011.07.29 09:55:21.412,1.09471,1.09486,1.36,2.25
2011.07.29 09:55:21.969,1.09471,1.09486,1.35,1.50
2011.07.29 09:55:23.290,1.09472,1.09488,1.13,2.85
2011.07.29 09:55:24.182,1.09471,1.09487,2.11,3.75
2011.07.29 09:55:28.693,1.09473,1.09485,1.50,1.50
2011.07.29 09:55:28.925,1.09474,1.09488,3.23,1.50
2011.07.29 09:55:29.045,1.09474,1.09486,1.88,2.25
2011.07.29 09:55:29.605,1.09472,1.09485,1.13,1.50
2011.07.29 09:55:32.254,1.09475,1.09487,1.50,3.00
2011.07.29 09:55:32.371,1.09476,1.0949,1.50,3.23
2011.07.29 09:55:32.931,1.09476,1.0949,1.50,2.85
2011.07.29 09:55:33.759,1.09477,1.0949,1.50,2.85
2011.07.29 09:55:39.875,1.09482,1.09496,1.88,2.25
2011.07.29 09:55:40.767,1.09481,1.09493,1.88,3.75
2011.07.29 09:55:41.101,1.09483,1.09493,1.50,2.25
2011.07.29 09:55:41.662,1.09483,1.09496,1.88,2.10
2011.07.29 09:55:41.890,1.09483,1.09496,1.88,2.10
2011.07.29 09:55:45.925,1.09482,1.09494,1.51,1.35
2011.07.29 09:55:46.048,1.0948,1.09491,1.13,2.25
2011.07.29 09:55:46.164,1.09478,1.09491,1.88,1.50
2011.07.29 09:55:46.394,1.09478,1.09491,1.51,2.25
2011.07.29 09:55:46.950,1.09477,1.09491,4.36,2.25
2011.07.29 09:55:47.531,1.09479,1.09491,1.35,2.25
2011.07.29 09:55:48.091,1.09477,1.0949,4.36,1.50
2011.07.29 09:55:49.093,1.09479,1.0949,1.35,1.50
2011.07.29 09:55:49.653,1.09477,1.09491,4.51,2.25
2011.07.29 09:55:50.210,1.09477,1.0949,4.51,1.50
2011.07.29 09:55:51.656,1.09479,1.09491,1.35,2.25
2011.07.29 09:55:53.201,1.09478,1.0949,1.50,1.50
2011.07.29 09:55:53.761,1.09478,1.0949,1.50,1.50
2011.07.29 09:55:55.310,1.09478,1.09491,1.50,2.25
2011.07.29 09:55:55.999,1.09477,1.09485,3.01,1.50
2011.07.29 09:55:56.346,1.09473,1.09483,1.36,3.00
2011.07.29 09:55:58.225,1.09476,1.09486,2.25,1.50
2011.07.29 09:55:58.561,1.09477,1.09489,3.00,1.50
2011.07.29 09:55:59.672,1.09478,1.09491,1.35,3.75
2011.07.29 09:56:01.057,1.09478,1.09491,1.35,1.50
2011.07.29 09:56:02.711,1.09477,1.09485,2.85,1.50
2011.07.29 09:56:02.835,1.09474,1.09483,1.42,3.00
2011.07.29 09:56:02.954,1.09473,1.0948,1.35,1.50
2011.07.29 09:56:03.075,1.09473,1.09486,2.10,2.63
2011.07.29 09:56:07.083,1.09469,1.09482,1.42,1.50
2011.07.29 09:56:07.421,1.0947,1.09481,1.51,1.50
2011.07.29 09:56:07.544,1.09473,1.09484,1.35,3.75
2011.07.29 09:56:07.667,1.09473,1.09486,2.10,1.88
2011.07.29 09:56:08.220,1.09473,1.09486,3.60,1.50
2011.07.29 09:56:10.570,1.09473,1.09485,2.10,1.50
2011.07.29 09:56:11.352,1.09473,1.09485,2.10,1.50
2011.07.29 09:56:11.912,1.09473,1.09485,2.10,1.50
2011.07.29 09:56:12.911,1.09474,1.09485,1.35,1.50
2011.07.29 09:56:13.470,1.09472,1.09485,2.11,1.50
2011.07.29 09:56:15.068,1.09473,1.09485,2.10,1.50
2011.07.29 09:56:17.933,1.09474,1.09486,3.23,1.50
2011.07.29 09:56:18.052,1.09476,1.09489,3.75,1.50
2011.07.29 09:56:18.610,1.09477,1.09493,1.35,3.00
2011.07.29 09:56:23.641,1.09479,1.09493,1.88,2.25
2011.07.29 09:56:23.983,1.09482,1.09496,2.10,3.00
2011.07.29 09:56:24.211,1.09482,1.09493,1.73,1.50
2011.07.29 09:56:24.334,1.09481,1.0949,1.42,1.50
2011.07.29 09:56:24.564,1.09483,1.09494,1.35,2.25
2011.07.29 09:56:25.167,1.09484,1.09496,1.13,1.50
2011.07.29 09:56:25.942,1.09482,1.09496,1.88,1.50
2011.07.29 09:56:27.271,1.09482,1.09496,1.88,1.50
2011.07.29 09:56:28.932,1.09481,1.09496,1.88,1.13
2011.07.29 09:56:29.451,1.09479,1.09487,2.63,2.25
2011.07.29 09:56:30.120,1.09476,1.09487,2.25,2.25
2011.07.29 09:56:30.353,1.09473,1.09487,4.36,2.25
2011.07.29 09:56:35.723,1.09474,1.09487,1.36,2.25
2011.07.29 09:56:35.955,1.09477,1.09487,1.35,1.50
2011.07.29 09:56:36.074,1.09477,1.09489,1.35,2.25
2011.07.29 09:56:36.303,1.09479,1.09492,1.13,1.50
2011.07.29 09:56:36.532,1.0948,1.09495,3.75,2.25
2011.07.29 09:56:40.225,1.09485,1.09496,1.35,3.00
2011.07.29 09:56:40.452,1.09487,1.09499,1.50,1.50
2011.07.29 09:56:41.010,1.09487,1.09499,1.50,2.25
2011.07.29 09:56:41.890,1.09487,1.095,1.50,1.50
2011.07.29 09:56:42.451,1.09487,1.095,1.50,2.10
2011.07.29 09:56:43.561,1.09486,1.09499,4.35,2.25
2011.07.29 09:56:43.950,1.09486,1.09498,3.60,1.50
2011.07.29 09:56:44.289,1.09483,1.09496,1.50,3.00
2011.07.29 09:56:47.652,1.09484,1.09496,1.50,1.50
2011.07.29 09:56:47.993,1.09486,1.09498,3.00,1.50
2011.07.29 09:56:48.514,1.09486,1.09499,3.00,1.50
2011.07.29 09:56:59.411,1.09487,1.095,1.35,2.25
2011.07.29 09:56:59.970,1.09487,1.09501,1.35,4.50
2011.07.29 09:57:00.741,1.09486,1.09499,2.25,1.50
2011.07.29 09:57:01.530,1.09473,1.09487,1.51,2.25
2011.07.29 09:57:02.413,1.09473,1.09487,2.86,2.25
2011.07.29 09:57:02.970,1.09472,1.09487,2.26,2.25
2011.07.29 09:57:03.421,1.09472,1.09482,1.51,1.50
2011.07.29 09:57:03.775,1.09466,1.09479,2.26,1.50
2011.07.29 09:57:04.330,1.09466,1.09476,1.51,1.50
2011.07.29 09:57:04.882,1.09468,1.09475,1.50,1.50
2011.07.29 09:57:05.226,1.09463,1.09472,3.00,2.85
2011.07.29 09:57:05.347,1.09457,1.09471,2.26,1.35
2011.07.29 09:57:05.796,1.09457,1.09471,1.50,2.10
2011.07.29 09:57:06.363,1.09456,1.0947,2.10,1.50
2011.07.29 09:57:08.135,1.09456,1.09465,1.35,1.50
2011.07.29 09:57:08.475,1.09445,1.09451,1.42,2.25
2011.07.29 09:57:08.814,1.09448,1.09461,1.50,2.25
2011.07.29 09:57:10.783,1.09449,1.09462,1.73,1.50
2011.07.29 09:57:11.012,1.0945,1.09466,1.50,2.63
2011.07.29 09:57:14.660,1.09453,1.09467,1.50,3.00
2011.07.29 09:57:16.437,1.09459,1.09467,1.35,2.25
2011.07.29 09:57:17.083,1.09464,1.09476,3.98,1.50
2011.07.29 09:57:17.203,1.09464,1.09479,3.98,1.88
2011.07.29 09:57:17.321,1.09465,1.09479,2.25,1.13
2011.07.29 09:57:17.881,1.09468,1.09482,1.35,3.00
2011.07.29 09:57:18.225,1.09466,1.09479,3.01,1.35
2011.07.29 09:57:18.781,1.09464,1.09477,2.26,2.10
2011.07.29 09:57:19.561,1.09464,1.09476,1.13,2.85
2011.07.29 09:57:19.797,1.09468,1.09477,1.13,2.10
2011.07.29 09:57:20.410,1.0947,1.09486,3.75,2.25
2011.07.29 09:57:21.182,1.0947,1.09486,3.76,1.50
2011.07.29 09:57:22.295,1.09476,1.09487,1.50,1.50
2011.07.29 09:57:22.522,1.09477,1.0949,3.00,4.35
2011.07.29 09:57:23.190,1.09477,1.0949,3.00,2.85
2011.07.29 09:57:34.692,1.09477,1.09491,3.00,1.50
2011.07.29 09:57:36.033,1.09477,1.0949,3.23,2.85
2011.07.29 09:57:40.006,1.09477,1.09487,2.25,1.35
2011.07.29 09:57:40.585,1.0947,1.09481,2.25,1.50
2011.07.29 09:57:41.140,1.09467,1.0948,3.00,2.85
2011.07.29 09:57:43.793,1.09467,1.09481,4.73,2.25
2011.07.29 09:57:44.138,1.09473,1.09486,1.50,3.23
2011.07.29 09:57:46.902,1.09473,1.09486,1.50,2.10
2011.07.29 09:57:58.183,1.09474,1.09486,2.25,1.50
2011.07.29 09:57:58.647,1.09478,1.09488,1.50,2.25
2011.07.29 09:57:58.765,1.09483,1.09495,1.50,1.50
2011.07.29 09:57:59.981,1.09483,1.09496,1.50,3.60
2011.07.29 09:58:01.092,1.09483,1.09496,1.50,2.85
2011.07.29 09:58:08.251,1.09483,1.09496,1.50,2.85
2011.07.29 09:58:10.142,1.09483,1.09496,1.50,1.35
2011.07.29 09:58:10.267,1.09479,1.09492,1.51,1.50
2011.07.29 09:58:10.382,1.09479,1.09492,1.51,1.50
2011.07.29 09:58:10.614,1.09478,1.09491,1.50,1.13
2011.07.29 09:58:10.952,1.09476,1.0949,3.01,1.88
2011.07.29 09:58:11.182,1.09473,1.09487,2.11,2.25
2011.07.29 09:58:12.861,1.09474,1.09487,1.36,2.25
2011.07.29 09:58:15.621,1.09474,1.09487,1.36,2.25
2011.07.29 09:58:16.513,1.09474,1.09487,1.36,2.25
2011.07.29 09:58:16.632,1.09474,1.09487,1.36,2.25
2011.07.29 09:58:17.190,1.09474,1.09487,1.36,2.25
2011.07.29 09:58:17.753,1.09473,1.09487,1.51,1.50
2011.07.29 09:58:19.521,1.09473,1.09487,1.50,1.50
2011.07.29 09:58:21.790,1.09473,1.09489,2.85,1.50
2011.07.29 09:58:24.210,1.09473,1.09489,1.50,2.10
2011.07.29 09:58:26.290,1.09474,1.09489,1.35,2.25
2011.07.29 09:58:26.744,1.09473,1.09485,1.35,1.50
2011.07.29 09:58:26.865,1.09471,1.09485,1.51,1.50
2011.07.29 09:58:27.096,1.09473,1.09488,1.51,4.13
2011.07.29 09:58:32.420,1.09477,1.0949,1.50,3.00
2011.07.29 09:58:33.133,1.09482,1.09495,1.50,1.13
2011.07.29 09:58:33.693,1.09482,1.09496,1.50,1.50
2011.07.29 09:58:34.255,1.09486,1.09497,1.50,1.50
2011.07.29 09:58:34.374,1.09487,1.09497,3.00,2.25
2011.07.29 09:58:34.932,1.09483,1.09498,1.50,1.50
2011.07.29 09:58:35.163,1.09483,1.09498,1.50,1.50
2011.07.29 09:58:36.293,1.09483,1.09497,1.50,1.35
2011.07.29 09:58:36.413,1.09483,1.09497,1.50,2.48
2011.07.29 09:58:37.642,1.0948,1.09495,1.13,1.50
2011.07.29 09:58:37.981,1.09479,1.09493,1.13,1.50
2011.07.29 09:58:38.214,1.09479,1.09494,1.88,1.13
2011.07.29 09:58:40.423,1.09482,1.09496,1.50,1.50
2011.07.29 09:58:46.905,1.09482,1.0949,2.25,1.73
2011.07.29 09:58:47.132,1.09474,1.09488,1.51,1.13
2011.07.29 09:58:47.911,1.09474,1.09489,1.51,1.50
2011.07.29 09:58:48.912,1.09474,1.09488,2.11,1.13
2011.07.29 09:58:49.811,1.09474,1.09489,2.11,1.50
2011.07.29 09:58:59.240,1.09474,1.09489,1.51,2.10
2011.07.29 09:59:02.501,1.09474,1.09489,1.51,1.50
2011.07.29 09:59:02.843,1.09481,1.09495,3.00,1.13
2011.07.29 09:59:02.961,1.09481,1.09496,3.00,2.10
2011.07.29 09:59:03.550,1.09483,1.09496,1.50,1.35
2011.07.29 09:59:04.100,1.09483,1.09497,1.50,1.50
2011.07.29 09:59:15.475,1.09483,1.09497,1.50,2.10
2011.07.29 09:59:16.033,1.09483,1.09497,1.50,2.85
2011.07.29 09:59:21.570,1.09483,1.09497,1.50,2.10
2011.07.29 09:59:21.912,1.09478,1.09493,1.51,3.75
2011.07.29 09:59:22.471,1.09478,1.09492,1.51,1.35
2011.07.29 09:59:22.813,1.09477,1.0949,3.00,1.73
2011.07.29 09:59:23.044,1.09473,1.09487,2.26,1.13
2011.07.29 09:59:26.811,1.09473,1.09488,1.51,1.50
2011.07.29 09:59:29.053,1.09473,1.09488,2.17,1.50
2011.07.29 09:59:34.294,1.09473,1.09488,1.36,1.35
2011.07.29 09:59:34.965,1.09473,1.09488,1.36,1.35
2011.07.29 09:59:36.570,1.09473,1.09489,1.96,2.25
2011.07.29 09:59:37.121,1.09473,1.09489,1.36,2.25
2011.07.29 09:59:37.680,1.09473,1.09489,2.11,1.50
2011.07.29 09:59:38.241,1.09473,1.09489,2.11,1.50
2011.07.29 09:59:38.800,1.09473,1.09489,2.11,1.50
2011.07.29 09:59:39.606,1.09473,1.09488,2.71,1.50
2011.07.29 09:59:40.160,1.09473,1.09489,2.11,1.50
2011.07.29 09:59:40.721,1.09473,1.09489,1.36,2.63
2011.07.29 09:59:41.590,1.09473,1.09487,1.36,1.50
2011.07.29 09:59:42.580,1.09473,1.09487,1.36,1.50
2011.07.29 09:59:43.239,1.09473,1.09487,1.36,1.50
2011.07.29 09:59:45.259,1.09473,1.09487,1.51,1.50
2011.07.29 09:59:45.782,1.09472,1.09486,1.51,1.50
2011.07.29 09:59:46.329,1.09469,1.09483,2.26,3.00
2011.07.29 09:59:51.014,1.09472,1.09486,1.51,1.13
2011.07.29 09:59:56.973,1.09475,1.0949,1.50,3.00
2011.07.29 09:59:57.095,1.09477,1.0949,1.35,3.00
2011.07.29 09:59:57.216,1.09479,1.09492,1.35,1.50
2011.07.29 09:59:57.333,1.09479,1.09494,1.35,3.75
2011.07.29 09:59:57.672,1.09481,1.09494,3.00,1.50
2011.07.29 09:59:59.254,1.09481,1.09491,2.25,1.50
2011.07.29 09:59:59.594,1.09476,1.09489,2.25,1.35
2011.07.29 09:59:59.714,1.09476,1.0949,3.00,1.73
