2016.12.06 02:00:00.041,0.74514,0.74524,3.75,1.00
2016.12.06 02:00:00.143,0.74514,0.74522,1.00,1.00
2016.12.06 02:00:00.649,0.74513,0.74522,2.25,1.50
2016.12.06 02:00:01.195,0.74515,0.74522,1.00,1.00
2016.12.06 02:00:01.504,0.7451,0.74517,1.00,1.00
2016.12.06 02:00:01.808,0.74513,0.74517,1.00,1.00
2016.12.06 02:00:01.859,0.74509,0.74517,1.00,1.69
2016.12.06 02:00:02.373,0.7451,0.74518,1.00,1.00
2016.12.06 02:00:02.528,0.74509,0.74515,1.12,2.25
2016.12.06 02:00:02.680,0.74501,0.74511,1.00,1.12
2016.12.06 02:00:02.832,0.74501,0.74509,1.00,1.00
2016.12.06 02:00:03.137,0.74504,0.7451,1.00,1.00
2016.12.06 02:00:03.442,0.74506,0.74514,1.50,1.50
2016.12.06 02:00:03.493,0.74508,0.74514,1.00,1.00
2016.12.06 02:00:03.849,0.7451,0.74516,1.00,1.69
2016.12.06 02:00:04.354,0.74511,0.74517,1.00,1.00
2016.12.06 02:00:04.708,0.74507,0.74517,2.81,1.50
2016.12.06 02:00:04.759,0.74509,0.74515,1.00,1.25
2016.12.06 02:00:04.861,0.74503,0.74512,2.44,1.12
2016.12.06 02:00:04.913,0.74502,0.74512,1.00,1.12
2016.12.06 02:00:05.015,0.74505,0.74513,1.00,2.06
2016.12.06 02:00:05.117,0.74506,0.74515,1.00,2.44
2016.12.06 02:00:05.168,0.74506,0.74515,1.00,1.69
2016.12.06 02:00:05.270,0.74509,0.74515,1.00,1.25
2016.12.06 02:00:05.372,0.74511,0.74518,1.00,1.00
2016.12.06 02:00:06.402,0.74512,0.74518,1.00,1.00
2016.12.06 02:00:06.453,0.74512,0.7452,1.00,1.69
2016.12.06 02:00:06.859,0.74512,0.74518,1.00,1.00
2016.12.06 02:00:07.112,0.74512,0.7452,1.00,1.00
2016.12.06 02:00:07.720,0.74514,0.74518,1.00,1.00
2016.12.06 02:00:07.922,0.74514,0.74521,1.00,1.00
2016.12.06 02:00:08.250,0.74516,0.74522,1.00,1.25
2016.12.06 02:00:11.024,0.74517,0.74525,1.00,1.00
2016.12.06 02:00:11.226,0.74515,0.74522,1.00,1.00
2016.12.06 02:00:11.328,0.74515,0.74525,1.00,4.12
2016.12.06 02:00:11.778,0.74517,0.74525,1.00,1.00
2016.12.06 02:00:12.082,0.74516,0.74523,1.00,1.00
2016.12.06 02:00:12.184,0.74514,0.74523,2.06,1.00
2016.12.06 02:00:12.286,0.74516,0.74523,1.00,1.00
2016.12.06 02:00:12.490,0.74513,0.74521,1.00,1.00
2016.12.06 02:00:13.668,0.74515,0.74521,1.00,1.00
2016.12.06 02:00:14.440,0.74515,0.74522,1.00,1.00
2016.12.06 02:00:17.157,0.74515,0.74523,1.00,1.69
2016.12.06 02:00:17.207,0.74513,0.74523,1.12,3.94
2016.12.06 02:00:17.539,0.74515,0.74522,1.00,1.12
2016.12.06 02:00:17.800,0.74512,0.74521,2.25,1.00
2016.12.06 02:00:17.851,0.74512,0.74518,1.37,1.00
2016.12.06 02:00:17.901,0.74511,0.74518,1.00,1.00
2016.12.06 02:00:18.881,0.74511,0.74519,1.50,1.00
2016.12.06 02:00:19.425,0.7451,0.74519,1.00,1.00
2016.12.06 02:00:20.857,0.74511,0.74519,1.00,1.00
2016.12.06 02:00:21.280,0.74513,0.7452,1.00,1.12
2016.12.06 02:00:22.299,0.74511,0.7452,1.50,1.00
2016.12.06 02:00:22.827,0.74512,0.74521,1.00,1.87
2016.12.06 02:00:23.047,0.74517,0.74523,1.00,2.62
2016.12.06 02:00:23.149,0.74515,0.74522,1.00,1.00
2016.12.06 02:00:23.339,0.74512,0.7452,1.12,1.00
2016.12.06 02:00:23.644,0.74514,0.7452,1.00,1.00
2016.12.06 02:00:24.862,0.74514,0.74522,1.00,1.69
2016.12.06 02:00:27.231,0.74513,0.74522,1.00,1.25
2016.12.06 02:00:27.434,0.74511,0.7452,1.00,1.00
2016.12.06 02:00:27.687,0.74507,0.74517,1.00,2.25
2016.12.06 02:00:29.134,0.74509,0.74517,1.00,1.00
2016.12.06 02:00:29.641,0.74509,0.74518,1.00,1.00
2016.12.06 02:00:30.313,0.74509,0.74513,1.00,1.00
2016.12.06 02:00:30.364,0.74506,0.74511,1.00,1.00
2016.12.06 02:00:30.467,0.74502,0.74511,1.87,1.12
2016.12.06 02:00:30.721,0.74501,0.74511,1.50,1.87
2016.12.06 02:00:30.873,0.74504,0.74511,1.00,1.37
2016.12.06 02:00:31.232,0.74502,0.74511,1.00,1.12
2016.12.06 02:00:31.385,0.74501,0.74509,1.00,1.00
2016.12.06 02:00:31.893,0.74501,0.7451,1.00,1.12
2016.12.06 02:00:32.542,0.74503,0.7451,1.00,1.12
2016.12.06 02:00:33.046,0.74501,0.74511,1.00,1.12
2016.12.06 02:00:33.152,0.74499,0.74507,2.06,1.00
2016.12.06 02:00:33.508,0.74496,0.74505,5.44,1.00
2016.12.06 02:00:34.015,0.74496,0.74505,2.06,1.00
2016.12.06 02:00:34.621,0.74497,0.74506,1.50,1.12
2016.12.06 02:00:34.925,0.74493,0.745,1.31,1.00
2016.12.06 02:00:35.331,0.74494,0.74502,1.00,1.12
2016.12.06 02:00:35.842,0.74494,0.74503,1.00,3.37
2016.12.06 02:00:36.363,0.74494,0.74502,1.00,1.00
2016.12.06 02:00:36.871,0.74493,0.74502,1.69,1.50
2016.12.06 02:00:37.225,0.74491,0.745,1.12,1.00
2016.12.06 02:00:37.731,0.74491,0.74499,1.00,1.00
2016.12.06 02:00:38.950,0.74492,0.745,1.00,2.62
2016.12.06 02:00:39.102,0.74492,0.74502,1.50,4.69
2016.12.06 02:00:39.153,0.74494,0.74502,1.00,3.56
2016.12.06 02:00:39.205,0.74492,0.74502,1.00,4.31
2016.12.06 02:00:39.710,0.74491,0.74501,1.87,3.37
2016.12.06 02:00:40.236,0.74492,0.745,1.00,1.12
2016.12.06 02:00:40.744,0.74491,0.745,1.87,1.12
2016.12.06 02:00:41.961,0.74492,0.74501,1.00,2.62
2016.12.06 02:00:42.468,0.74491,0.74501,1.87,2.62
2016.12.06 02:00:43.385,0.74491,0.745,1.12,1.12
2016.12.06 02:00:43.924,0.74491,0.74501,1.87,2.62
2016.12.06 02:00:44.647,0.74492,0.74501,1.00,2.62
2016.12.06 02:00:45.386,0.74491,0.74501,1.87,1.87
2016.12.06 02:00:45.943,0.74491,0.74501,1.87,2.62
2016.12.06 02:00:46.450,0.74492,0.745,1.00,1.50
2016.12.06 02:00:48.314,0.74492,0.745,1.00,1.87
2016.12.06 02:00:48.820,0.7449,0.745,3.56,1.00
2016.12.06 02:00:51.959,0.7449,0.74499,2.81,3.37
2016.12.06 02:00:52.469,0.7449,0.745,2.81,3.37
2016.12.06 02:00:52.975,0.7449,0.74499,2.81,2.62
2016.12.06 02:00:53.512,0.7449,0.745,2.81,4.12
2016.12.06 02:00:53.563,0.7449,0.74498,2.81,1.00
2016.12.06 02:00:54.073,0.7449,0.74497,1.25,2.62
2016.12.06 02:00:54.940,0.7449,0.74498,1.25,3.37
2016.12.06 02:00:55.448,0.74489,0.74498,1.31,2.62
2016.12.06 02:00:58.168,0.74489,0.74498,1.31,1.37
2016.12.06 02:00:58.687,0.74489,0.74499,1.31,2.62
2016.12.06 02:00:58.839,0.7449,0.745,1.00,1.12
2016.12.06 02:00:58.991,0.74491,0.74501,1.87,2.62
2016.12.06 02:00:59.295,0.74494,0.74502,1.00,1.00
2016.12.06 02:00:59.346,0.74494,0.74504,1.00,1.12
2016.12.06 02:01:00.245,0.74493,0.74504,2.62,2.25
2016.12.06 02:01:00.780,0.74494,0.74505,1.00,4.12
2016.12.06 02:01:01.747,0.74492,0.74505,5.44,4.87
2016.12.06 02:01:02.253,0.74494,0.74505,1.12,3.37
2016.12.06 02:01:02.809,0.74494,0.74504,1.12,1.12
2016.12.06 02:01:03.316,0.74494,0.74505,2.62,1.87
2016.12.06 02:01:03.895,0.74495,0.74505,1.00,1.87
2016.12.06 02:01:04.371,0.74494,0.74503,1.50,1.12
2016.12.06 02:01:04.826,0.74494,0.74503,1.12,2.62
2016.12.06 02:01:05.332,0.74495,0.74503,1.12,2.62
2016.12.06 02:01:06.886,0.74495,0.74503,1.12,1.87
2016.12.06 02:01:07.394,0.74495,0.74503,1.12,1.00
2016.12.06 02:01:09.356,0.74495,0.74502,1.12,1.00
2016.12.06 02:01:09.508,0.74496,0.74504,1.00,1.12
2016.12.06 02:01:10.014,0.74497,0.74505,1.00,1.50
2016.12.06 02:01:11.231,0.74497,0.74504,1.00,1.00
2016.12.06 02:01:11.771,0.74497,0.74505,1.00,1.87
2016.12.06 02:01:11.873,0.74495,0.74505,1.00,1.87
2016.12.06 02:01:12.394,0.74496,0.74505,1.00,1.00
2016.12.06 02:01:12.746,0.74497,0.74503,1.00,1.00
2016.12.06 02:01:13.285,0.74496,0.74504,1.00,2.25
2016.12.06 02:01:16.518,0.74493,0.74503,4.12,1.00
2016.12.06 02:01:18.525,0.74494,0.74504,1.87,1.00
2016.12.06 02:01:23.497,0.74494,0.74502,1.12,1.00
2016.12.06 02:01:29.398,0.74496,0.74503,1.00,1.00
2016.12.06 02:01:29.917,0.74497,0.74503,1.00,1.00
2016.12.06 02:01:32.970,0.74497,0.74504,1.00,1.00
2016.12.06 02:01:33.515,0.74496,0.74504,1.00,1.50
2016.12.06 02:01:40.996,0.74496,0.74505,1.00,1.00
2016.12.06 02:01:41.249,0.74502,0.74512,1.87,3.37
2016.12.06 02:01:41.300,0.74502,0.7451,1.00,1.00
2016.12.06 02:01:41.402,0.745,0.7451,1.50,2.25
2016.12.06 02:01:41.503,0.745,0.74508,1.12,1.00
2016.12.06 02:01:42.009,0.74499,0.74509,1.25,1.00
2016.12.06 02:01:43.062,0.74499,0.74507,1.69,1.00
2016.12.06 02:01:43.568,0.74498,0.74507,1.00,1.00
2016.12.06 02:01:44.073,0.74498,0.74506,1.50,1.00
2016.12.06 02:01:46.993,0.74499,0.74509,1.00,3.37
2016.12.06 02:01:48.489,0.74498,0.74507,1.00,1.00
2016.12.06 02:01:49.720,0.74498,0.74508,1.50,1.12
2016.12.06 02:01:51.761,0.74499,0.74508,1.00,1.00
2016.12.06 02:01:51.914,0.74501,0.74509,1.00,1.00
2016.12.06 02:01:52.419,0.745,0.74509,1.00,1.00
2016.12.06 02:01:52.925,0.74501,0.7451,1.00,1.69
2016.12.06 02:01:54.219,0.74502,0.7451,1.00,1.25
2016.12.06 02:01:55.851,0.74501,0.7451,1.00,1.25
2016.12.06 02:01:59.543,0.74501,0.74509,1.00,1.00
2016.12.06 02:02:05.695,0.74502,0.74509,1.00,1.00
2016.12.06 02:02:05.746,0.74502,0.74511,1.00,4.50
2016.12.06 02:02:07.967,0.74501,0.74511,1.00,5.25
2016.12.06 02:02:10.000,0.74503,0.74511,1.00,3.75
2016.12.06 02:02:10.519,0.74504,0.74512,3.37,1.00
2016.12.06 02:02:11.043,0.74504,0.74513,3.37,3.94
2016.12.06 02:02:12.641,0.74504,0.74512,1.00,1.00
2016.12.06 02:02:12.944,0.74501,0.74509,3.37,1.12
2016.12.06 02:02:13.459,0.74502,0.74509,1.00,1.00
2016.12.06 02:02:13.763,0.74504,0.74511,1.00,1.87
2016.12.06 02:02:14.455,0.74502,0.74511,3.37,1.87
2016.12.06 02:02:15.012,0.74503,0.74511,2.62,1.87
2016.12.06 02:02:19.424,0.74502,0.74511,3.37,1.12
2016.12.06 02:02:19.576,0.74502,0.74508,2.62,1.00
2016.12.06 02:02:19.877,0.74497,0.74503,1.00,1.00
2016.12.06 02:02:20.014,0.74495,0.74503,1.12,1.00
2016.12.06 02:02:20.621,0.74496,0.74504,1.00,1.00
2016.12.06 02:02:21.136,0.74497,0.74505,2.62,1.00
2016.12.06 02:02:21.672,0.74498,0.74506,1.12,1.69
2016.12.06 02:02:22.671,0.74499,0.74506,1.12,1.69
2016.12.06 02:02:24.965,0.74498,0.74508,1.87,2.25
2016.12.06 02:02:25.492,0.74499,0.74508,1.37,1.50
2016.12.06 02:02:25.695,0.74498,0.74508,1.87,1.50
2016.12.06 02:02:26.302,0.74497,0.74507,4.31,1.00
2016.12.06 02:02:28.272,0.74498,0.74507,1.00,1.12
2016.12.06 02:02:31.342,0.74499,0.74507,1.00,1.00
2016.12.06 02:02:31.840,0.74497,0.74507,3.19,1.00
2016.12.06 02:02:31.993,0.74498,0.74505,1.00,1.00
2016.12.06 02:02:32.534,0.74497,0.74505,3.56,1.00
2016.12.06 02:02:35.023,0.74496,0.74505,1.87,1.00
2016.12.06 02:02:35.327,0.74495,0.74502,1.25,1.00
2016.12.06 02:02:37.235,0.74495,0.74503,3.56,1.00
2016.12.06 02:02:37.539,0.74497,0.74504,2.62,1.00
2016.12.06 02:02:38.567,0.74496,0.74504,4.87,1.00
2016.12.06 02:02:38.871,0.74498,0.74505,2.62,1.00
2016.12.06 02:02:38.922,0.74498,0.74507,2.62,2.62
2016.12.06 02:02:39.428,0.74497,0.74507,4.87,1.12
2016.12.06 02:02:43.001,0.74498,0.74507,2.62,1.12
2016.12.06 02:02:43.516,0.74498,0.74506,2.62,1.00
2016.12.06 02:02:44.613,0.74499,0.74507,1.50,1.87
2016.12.06 02:02:44.918,0.74499,0.74503,2.62,1.50
2016.12.06 02:02:44.969,0.74496,0.74503,3.00,2.25
2016.12.06 02:02:45.070,0.74494,0.745,2.62,1.00
2016.12.06 02:02:45.172,0.74493,0.74502,4.50,1.12
2016.12.06 02:02:45.375,0.74496,0.74504,1.12,2.25
2016.12.06 02:02:45.779,0.74494,0.74504,3.37,2.25
2016.12.06 02:02:46.437,0.74495,0.74504,2.62,2.25
2016.12.06 02:02:46.984,0.74496,0.74504,1.12,2.25
2016.12.06 02:02:47.491,0.74495,0.74504,2.62,2.25
2016.12.06 02:02:47.542,0.74495,0.74502,2.62,1.00
2016.12.06 02:02:47.848,0.74492,0.745,3.37,1.00
2016.12.06 02:02:48.155,0.7449,0.74495,1.25,1.00
2016.12.06 02:02:48.206,0.74487,0.74495,2.81,1.50
2016.12.06 02:02:52.664,0.74486,0.74491,1.37,1.50
2016.12.06 02:02:52.767,0.74482,0.7449,2.62,1.00
2016.12.06 02:02:52.867,0.74483,0.74491,1.00,1.00
2016.12.06 02:02:56.362,0.74484,0.74494,1.00,2.62
2016.12.06 02:02:56.631,0.74487,0.74494,1.00,1.12
2016.12.06 02:02:57.136,0.74488,0.74495,1.00,1.25
2016.12.06 02:03:00.941,0.74488,0.74497,1.00,1.00
2016.12.06 02:03:01.479,0.74488,0.74498,1.00,3.94
2016.12.06 02:03:01.530,0.74488,0.74498,1.00,3.56
2016.12.06 02:03:01.833,0.74488,0.74497,1.00,1.37
2016.12.06 02:03:02.495,0.74489,0.74498,1.00,3.19
2016.12.06 02:03:02.597,0.74494,0.745,1.00,1.50
2016.12.06 02:03:02.751,0.74496,0.74505,1.00,2.25
2016.12.06 02:03:03.005,0.74498,0.74507,1.00,2.62
2016.12.06 02:03:03.324,0.74501,0.74508,1.00,1.00
2016.12.06 02:03:03.375,0.74498,0.74508,1.00,1.00
2016.12.06 02:03:03.426,0.745,0.74508,1.00,1.50
2016.12.06 02:03:05.342,0.745,0.74509,1.00,2.62
2016.12.06 02:03:06.896,0.74498,0.74509,1.00,4.87
2016.12.06 02:03:07.149,0.74498,0.74506,1.00,1.25
2016.12.06 02:03:07.641,0.74499,0.74508,1.00,1.00
2016.12.06 02:03:10.747,0.745,0.74508,1.00,1.00
2016.12.06 02:03:16.385,0.745,0.74508,1.00,2.25
2016.12.06 02:03:16.973,0.745,0.74509,1.00,2.25
2016.12.06 02:03:26.077,0.745,0.74506,1.00,1.00
2016.12.06 02:03:28.767,0.745,0.74507,1.00,1.12
2016.12.06 02:03:28.970,0.74498,0.74507,3.00,1.00
2016.12.06 02:03:30.490,0.745,0.74507,1.00,1.00
2016.12.06 02:03:31.655,0.745,0.74508,1.00,1.12
2016.12.06 02:03:31.961,0.74502,0.74508,1.00,1.12
2016.12.06 02:03:32.519,0.74502,0.74509,1.00,1.69
2016.12.06 02:03:34.691,0.74504,0.74509,1.00,1.00
2016.12.06 02:03:34.792,0.74505,0.74512,1.00,1.50
2016.12.06 02:03:34.995,0.74507,0.74513,1.00,1.25
2016.12.06 02:03:35.501,0.74506,0.74513,1.00,1.69
2016.12.06 02:03:37.105,0.74505,0.74513,1.50,1.69
2016.12.06 02:03:37.610,0.74505,0.74512,1.00,1.00
2016.12.06 02:03:39.890,0.74504,0.74512,1.50,1.00
2016.12.06 02:03:40.548,0.74505,0.74512,1.00,1.00
2016.12.06 02:03:41.055,0.74504,0.74512,1.50,1.00
2016.12.06 02:03:41.207,0.74505,0.74515,1.50,4.12
2016.12.06 02:03:41.259,0.74505,0.74512,1.87,1.00
2016.12.06 02:03:41.364,0.74506,0.74515,1.50,1.50
2016.12.06 02:03:41.872,0.74506,0.74516,1.50,1.69
2016.12.06 02:03:42.227,0.74508,0.74516,1.00,1.69
2016.12.06 02:03:42.891,0.74508,0.74518,1.00,4.12
2016.12.06 02:03:43.439,0.74509,0.74518,1.00,4.12
2016.12.06 02:03:45.280,0.74508,0.74518,1.50,3.37
2016.12.06 02:03:45.433,0.74512,0.74518,1.00,1.50
2016.12.06 02:03:45.535,0.74511,0.74521,1.50,1.87
2016.12.06 02:03:45.687,0.74513,0.74521,1.00,1.00
2016.12.06 02:03:45.790,0.74511,0.74521,1.50,1.00
2016.12.06 02:03:46.319,0.74511,0.7452,1.12,3.75
2016.12.06 02:03:46.854,0.74512,0.7452,1.00,3.75
2016.12.06 02:03:54.766,0.74512,0.74519,1.00,1.00
2016.12.06 02:03:58.582,0.7451,0.74519,1.00,1.25
2016.12.06 02:03:59.344,0.74511,0.74519,1.00,1.69
2016.12.06 02:03:59.893,0.74512,0.74519,1.00,1.69
2016.12.06 02:04:01.489,0.74512,0.7452,1.00,1.50
2016.12.06 02:04:01.995,0.74512,0.74521,1.00,2.62
2016.12.06 02:04:05.611,0.74513,0.74521,1.00,2.25
2016.12.06 02:04:06.489,0.74514,0.74523,1.50,5.44
2016.12.06 02:04:07.026,0.74515,0.74523,1.00,1.69
2016.12.06 02:04:08.600,0.74516,0.74523,1.00,1.25
2016.12.06 02:04:10.619,0.74515,0.74523,1.00,1.69
2016.12.06 02:04:16.708,0.74513,0.74523,1.12,2.81
2016.12.06 02:04:16.861,0.74512,0.74522,1.50,2.62
2016.12.06 02:04:17.166,0.74514,0.74522,1.00,2.25
2016.12.06 02:04:17.668,0.74513,0.74522,1.50,1.00
2016.12.06 02:04:19.088,0.74514,0.74522,1.00,1.00
2016.12.06 02:04:20.085,0.74513,0.74522,1.87,1.00
2016.12.06 02:04:22.739,0.74514,0.74522,3.00,1.00
2016.12.06 02:04:23.250,0.74514,0.74523,3.37,1.69
2016.12.06 02:04:24.657,0.74514,0.74522,3.00,1.00
2016.12.06 02:04:25.769,0.74514,0.74523,3.37,1.00
2016.12.06 02:04:32.840,0.74515,0.74523,1.00,1.00
2016.12.06 02:04:32.942,0.74515,0.74525,1.00,6.75
2016.12.06 02:04:33.651,0.74515,0.74523,3.37,1.00
2016.12.06 02:04:46.905,0.74515,0.74524,2.25,3.00
2016.12.06 02:04:47.692,0.74515,0.74524,2.25,3.75
2016.12.06 02:04:51.233,0.74515,0.74521,2.25,1.00
2016.12.06 02:04:51.436,0.7451,0.74518,3.00,1.12
2016.12.06 02:04:51.640,0.7451,0.74517,3.00,1.37
2016.12.06 02:04:51.742,0.7451,0.74518,3.00,2.62
2016.12.06 02:04:52.439,0.74507,0.74512,2.62,1.00
2016.12.06 02:04:52.552,0.74504,0.74513,5.62,1.87
2016.12.06 02:04:53.059,0.74504,0.74512,2.25,1.12
2016.12.06 02:04:53.590,0.74504,0.74511,2.25,1.00
2016.12.06 02:04:55.545,0.74503,0.74511,2.25,1.00
2016.12.06 02:04:56.128,0.74503,0.74512,3.00,3.19
2016.12.06 02:04:56.432,0.74506,0.74512,2.25,1.00
2016.12.06 02:04:56.484,0.74506,0.74514,2.25,1.00
2016.12.06 02:04:56.687,0.74507,0.74516,2.25,2.44
2016.12.06 02:04:57.193,0.74508,0.74516,2.25,2.44
2016.12.06 02:04:57.738,0.74509,0.74516,1.00,1.25
2016.12.06 02:04:59.330,0.74508,0.74516,1.50,1.69
2016.12.06 02:05:00.814,0.74509,0.74516,1.00,1.25
2016.12.06 02:05:01.843,0.7451,0.74517,1.00,1.00
2016.12.06 02:05:02.097,0.74512,0.7452,1.00,1.87
2016.12.06 02:05:02.550,0.74514,0.7452,1.00,1.00
2016.12.06 02:05:06.099,0.74515,0.74522,2.25,1.12
2016.12.06 02:05:06.605,0.74513,0.74521,2.62,1.50
2016.12.06 02:05:06.706,0.74511,0.74521,3.37,1.50
2016.12.06 02:05:07.212,0.74511,0.7452,3.00,1.12
2016.12.06 02:05:08.391,0.74511,0.74521,3.75,3.37
2016.12.06 02:05:08.898,0.74511,0.7452,2.25,1.00
2016.12.06 02:05:10.398,0.74512,0.7452,1.00,1.00
2016.12.06 02:05:10.499,0.74514,0.74521,1.00,3.00
2016.12.06 02:05:11.049,0.74513,0.74521,2.25,2.25
2016.12.06 02:05:11.555,0.74512,0.74521,1.00,3.00
2016.12.06 02:05:12.440,0.74513,0.74521,2.25,1.00
2016.12.06 02:05:15.404,0.74513,0.7452,2.25,1.00
2016.12.06 02:05:15.909,0.74512,0.7452,1.00,1.12
2016.12.06 02:05:16.445,0.74511,0.74519,3.00,1.00
2016.12.06 02:05:21.116,0.74511,0.74521,3.00,3.00
2016.12.06 02:05:21.421,0.74513,0.74522,1.00,3.56
2016.12.06 02:05:26.492,0.74515,0.74522,2.25,1.25
2016.12.06 02:05:29.455,0.74514,0.74522,3.37,1.25
2016.12.06 02:05:32.367,0.74516,0.74522,1.00,1.25
2016.12.06 02:05:33.479,0.74515,0.74522,1.00,1.25
2016.12.06 02:05:37.100,0.74514,0.74521,2.25,1.00
2016.12.06 02:05:37.404,0.7451,0.74516,1.31,1.00
2016.12.06 02:05:37.455,0.74508,0.74516,3.37,1.00
2016.12.06 02:05:39.703,0.74508,0.74517,1.50,1.00
2016.12.06 02:05:40.928,0.74511,0.74517,1.50,1.00
2016.12.06 02:05:41.030,0.74511,0.7452,1.50,1.00
2016.12.06 02:05:41.563,0.74512,0.74521,1.12,1.00
2016.12.06 02:05:42.649,0.74514,0.74524,1.69,1.87
2016.12.06 02:05:42.953,0.74512,0.74519,1.25,1.00
2016.12.06 02:05:43.459,0.74512,0.74518,1.25,1.00
2016.12.06 02:05:44.859,0.74509,0.74518,2.25,1.00
2016.12.06 02:05:45.366,0.74509,0.74517,3.00,1.00
2016.12.06 02:05:47.240,0.74511,0.74517,1.25,1.00
2016.12.06 02:05:53.497,0.74511,0.74518,1.25,1.00
2016.12.06 02:06:02.049,0.74511,0.74515,1.25,1.00
2016.12.06 02:06:02.151,0.74506,0.74515,1.69,1.50
2016.12.06 02:06:02.657,0.74506,0.74514,1.25,1.00
2016.12.06 02:06:05.199,0.74506,0.74515,1.25,1.00
2016.12.06 02:06:11.457,0.74507,0.74515,1.00,1.00
2016.12.06 02:06:11.988,0.74506,0.74515,1.69,1.00
2016.12.06 02:06:12.494,0.74507,0.74515,1.00,1.00
2016.12.06 02:06:13.014,0.74506,0.74515,1.25,1.00
2016.12.06 02:06:14.100,0.74507,0.74515,1.00,1.00
2016.12.06 02:06:14.613,0.74506,0.74515,1.25,1.00
2016.12.06 02:06:15.138,0.74507,0.74515,1.00,1.00
2016.12.06 02:06:15.640,0.74506,0.74515,1.25,1.00
2016.12.06 02:06:15.943,0.74506,0.74513,1.25,1.00
2016.12.06 02:06:20.441,0.74507,0.74513,1.25,1.00
2016.12.06 02:06:23.874,0.74507,0.74514,1.25,1.00
2016.12.06 02:06:24.380,0.74507,0.74513,1.25,2.25
2016.12.06 02:06:24.886,0.74506,0.74513,1.25,1.50
2016.12.06 02:06:25.591,0.74504,0.74513,1.25,1.50
2016.12.06 02:06:26.042,0.74506,0.74514,1.25,1.00
2016.12.06 02:06:26.346,0.74506,0.74512,1.25,1.50
2016.12.06 02:06:30.016,0.74506,0.74514,1.25,1.00
2016.12.06 02:06:30.371,0.74506,0.74512,1.25,1.00
2016.12.06 02:06:30.923,0.74504,0.74512,1.25,1.00
2016.12.06 02:06:32.289,0.74505,0.74512,1.25,1.00
2016.12.06 02:06:32.441,0.74503,0.74512,1.25,1.00
2016.12.06 02:06:32.593,0.74505,0.74512,1.25,1.00
2016.12.06 02:06:34.646,0.74502,0.74512,1.00,1.50
2016.12.06 02:06:34.748,0.74501,0.7451,4.31,1.00
2016.12.06 02:06:35.053,0.74501,0.74507,1.25,1.00
2016.12.06 02:06:35.205,0.74501,0.74509,1.25,1.12
2016.12.06 02:06:35.810,0.74501,0.7451,1.25,3.75
2016.12.06 02:06:46.931,0.74503,0.7451,1.00,1.00
2016.12.06 02:06:47.033,0.74501,0.7451,2.06,1.00
2016.12.06 02:06:47.539,0.74502,0.7451,1.00,1.00
2016.12.06 02:06:48.537,0.74501,0.7451,2.06,1.50
2016.12.06 02:06:49.044,0.74501,0.74509,1.25,1.50
2016.12.06 02:06:49.550,0.74501,0.74508,1.25,1.12
2016.12.06 02:06:49.753,0.74499,0.74508,1.25,1.37
2016.12.06 02:06:50.056,0.74499,0.74504,1.25,1.00
2016.12.06 02:06:50.208,0.74494,0.74502,2.44,1.00
2016.12.06 02:06:50.442,0.74492,0.74499,1.25,1.00
2016.12.06 02:06:50.747,0.74492,0.74497,1.25,1.00
2016.12.06 02:06:52.994,0.74489,0.74497,2.06,1.00
2016.12.06 02:06:53.530,0.7449,0.74497,1.00,1.00
2016.12.06 02:06:54.037,0.74489,0.74497,2.44,1.00
2016.12.06 02:06:54.543,0.7449,0.74497,1.00,1.00
2016.12.06 02:06:59.845,0.74489,0.74497,1.69,1.00
2016.12.06 02:07:00.352,0.74489,0.74498,1.25,2.25
2016.12.06 02:07:04.138,0.7449,0.74498,1.00,1.87
2016.12.06 02:07:04.684,0.74489,0.74497,2.44,1.00
2016.12.06 02:07:06.461,0.74486,0.74494,2.25,1.00
2016.12.06 02:07:06.562,0.74487,0.74496,1.00,4.12
2016.12.06 02:07:06.765,0.74486,0.74494,1.12,1.00
2016.12.06 02:07:07.639,0.74487,0.74495,1.00,2.62
2016.12.06 02:07:08.153,0.74486,0.74496,1.12,3.75
2016.12.06 02:07:08.691,0.74486,0.74496,1.12,4.50
2016.12.06 02:07:09.238,0.74486,0.74496,1.12,3.75
2016.12.06 02:07:10.132,0.74487,0.74496,1.69,1.00
2016.12.06 02:07:10.638,0.7449,0.74498,1.00,2.25
2016.12.06 02:07:11.144,0.74491,0.745,1.50,3.00
2016.12.06 02:07:11.668,0.74492,0.745,1.69,1.50
2016.12.06 02:07:13.881,0.74492,0.745,1.69,1.12
2016.12.06 02:07:14.662,0.74488,0.74497,1.00,2.25
2016.12.06 02:07:15.169,0.74489,0.74498,1.00,1.75
2016.12.06 02:07:15.675,0.7449,0.74498,1.00,1.75
2016.12.06 02:07:15.726,0.74488,0.74497,1.50,1.50
2016.12.06 02:07:16.233,0.74489,0.74498,1.00,1.75
2016.12.06 02:07:16.747,0.7449,0.74498,1.25,1.75
2016.12.06 02:07:19.997,0.74488,0.74498,3.00,1.75
2016.12.06 02:07:21.745,0.7449,0.74499,1.00,1.12
2016.12.06 02:07:21.898,0.74494,0.74503,1.00,1.75
2016.12.06 02:07:21.999,0.74494,0.74503,1.50,1.87
2016.12.06 02:07:22.342,0.74493,0.74503,1.69,5.25
2016.12.06 02:07:22.402,0.74493,0.74503,1.69,4.50
2016.12.06 02:07:23.261,0.74494,0.74503,1.00,2.62
2016.12.06 02:07:23.785,0.74493,0.74502,1.69,1.12
2016.12.06 02:07:24.493,0.74494,0.74502,1.00,1.00
2016.12.06 02:07:25.020,0.74493,0.74502,2.44,1.12
2016.12.06 02:07:25.577,0.74493,0.74503,2.44,1.12
2016.12.06 02:07:26.942,0.74494,0.74503,1.00,1.12
2016.12.06 02:07:26.994,0.74496,0.74503,1.00,1.12
2016.12.06 02:07:28.009,0.74498,0.74505,1.00,4.12
2016.12.06 02:07:28.167,0.74498,0.74505,1.00,2.25
2016.12.06 02:07:29.335,0.745,0.74507,1.25,1.37
2016.12.06 02:07:29.437,0.745,0.74509,2.44,1.00
2016.12.06 02:07:29.634,0.74503,0.74511,1.00,2.25
2016.12.06 02:07:29.685,0.74503,0.74512,1.00,2.06
2016.12.06 02:07:29.787,0.74505,0.74513,1.00,1.00
2016.12.06 02:07:29.910,0.74506,0.74515,1.00,3.00
2016.12.06 02:07:30.417,0.74508,0.74516,1.00,1.00
2016.12.06 02:07:30.923,0.74511,0.74516,1.00,1.00
2016.12.06 02:07:30.974,0.74511,0.74518,1.00,1.00
2016.12.06 02:07:31.126,0.74509,0.74518,1.69,1.00
2016.12.06 02:07:31.649,0.7451,0.74518,1.00,2.25
2016.12.06 02:07:32.698,0.74509,0.74517,1.25,1.00
2016.12.06 02:07:35.427,0.74509,0.74515,1.25,1.00
2016.12.06 02:07:37.891,0.74507,0.74515,1.50,1.00
2016.12.06 02:07:41.126,0.74509,0.74515,1.25,1.00
2016.12.06 02:07:50.987,0.74507,0.74515,1.31,1.00
2016.12.06 02:07:51.492,0.74507,0.74514,1.25,1.00
2016.12.06 02:07:52.992,0.74507,0.74513,1.31,1.00
2016.12.06 02:07:53.778,0.74507,0.74515,2.81,1.00
2016.12.06 02:08:01.693,0.74507,0.74516,1.50,1.00
2016.12.06 02:08:02.137,0.74508,0.74518,1.69,1.87
2016.12.06 02:08:02.241,0.7451,0.74518,1.00,1.00
2016.12.06 02:08:07.344,0.7451,0.7452,1.50,1.50
2016.12.06 02:08:07.915,0.74511,0.7452,1.00,1.50
2016.12.06 02:08:09.706,0.7451,0.7452,1.50,1.50
2016.12.06 02:08:10.723,0.74514,0.74521,1.69,1.00
2016.12.06 02:08:10.774,0.74514,0.74523,1.69,2.25
2016.12.06 02:08:18.203,0.74514,0.74521,1.25,1.00
2016.12.06 02:08:18.357,0.74512,0.74521,1.00,3.00
2016.12.06 02:08:18.408,0.7451,0.74521,2.44,3.75
2016.12.06 02:08:18.912,0.74511,0.74521,1.00,2.62
2016.12.06 02:08:20.161,0.7451,0.7452,2.44,1.50
2016.12.06 02:08:22.992,0.74511,0.74521,1.00,3.75
2016.12.06 02:08:23.093,0.74513,0.74521,1.00,2.25
2016.12.06 02:08:23.599,0.74513,0.74522,1.00,1.25
2016.12.06 02:08:31.189,0.74512,0.7452,1.50,1.50
2016.12.06 02:08:31.966,0.74512,0.74521,1.10,4.12
2016.12.06 02:08:32.472,0.74512,0.74521,1.00,3.75
2016.12.06 02:08:34.849,0.74511,0.74521,1.00,3.75
2016.12.06 02:08:35.564,0.7451,0.74521,2.29,3.75
2016.12.06 02:08:36.064,0.74512,0.7452,1.00,1.00
2016.12.06 02:08:36.571,0.74512,0.74519,1.00,1.00
2016.12.06 02:08:45.040,0.7451,0.74519,2.62,1.00
2016.12.06 02:08:48.636,0.7451,0.7452,1.00,3.00
2016.12.06 02:08:49.296,0.74509,0.7452,3.56,3.00
2016.12.06 02:08:49.803,0.74509,0.7452,6.56,3.00
2016.12.06 02:08:50.470,0.7451,0.7452,1.87,3.00
2016.12.06 02:08:50.571,0.74509,0.7452,6.56,3.00
2016.12.06 02:08:51.079,0.7451,0.74519,1.12,1.50
2016.12.06 02:08:51.585,0.74509,0.74519,4.31,1.50
2016.12.06 02:08:54.050,0.7451,0.74519,1.00,1.50
2016.12.06 02:08:54.252,0.74512,0.74519,1.12,1.00
2016.12.06 02:08:54.758,0.74511,0.74519,1.12,1.50
2016.12.06 02:08:55.274,0.7451,0.7452,3.56,1.00
2016.12.06 02:08:55.795,0.74511,0.7452,1.00,2.25
2016.12.06 02:08:56.301,0.7451,0.7452,3.56,2.25
2016.12.06 02:08:56.808,0.7451,0.74519,1.25,2.62
2016.12.06 02:08:58.305,0.7451,0.74517,1.25,1.50
2016.12.06 02:09:06.648,0.7451,0.74518,1.25,2.25
2016.12.06 02:09:09.382,0.7451,0.74517,1.25,1.00
2016.12.06 02:09:09.535,0.74507,0.74517,4.69,1.00
2016.12.06 02:09:09.586,0.74507,0.74515,2.44,2.25
2016.12.06 02:09:10.042,0.74509,0.74519,2.06,1.12
2016.12.06 02:09:10.145,0.74512,0.7452,1.25,1.12
2016.12.06 02:09:10.651,0.74512,0.74522,2.81,2.62
2016.12.06 02:09:11.409,0.74512,0.74522,2.06,2.62
2016.12.06 02:09:11.712,0.74514,0.74523,1.87,1.00
2016.12.06 02:09:12.273,0.74513,0.74523,1.87,1.00
2016.12.06 02:09:12.795,0.74513,0.74523,3.37,1.00
2016.12.06 02:09:13.326,0.74514,0.74522,1.12,1.00
2016.12.06 02:09:15.539,0.74513,0.74523,1.87,1.00
2016.12.06 02:09:16.045,0.74514,0.74523,1.00,1.00
2016.12.06 02:09:16.550,0.74513,0.74523,2.62,1.00
2016.12.06 02:09:17.056,0.74514,0.74523,1.12,1.00
2016.12.06 02:09:17.360,0.74512,0.74521,1.69,1.00
2016.12.06 02:09:17.889,0.74513,0.74521,1.00,1.00
2016.12.06 02:09:22.097,0.74514,0.74521,1.00,1.00
2016.12.06 02:09:22.602,0.74513,0.74522,1.87,1.00
2016.12.06 02:09:23.106,0.74513,0.74522,2.62,1.00
2016.12.06 02:09:23.612,0.74512,0.74522,4.69,1.00
2016.12.06 02:09:24.117,0.74512,0.74522,3.94,1.00
2016.12.06 02:09:29.025,0.74513,0.74522,1.00,1.00
2016.12.06 02:09:29.541,0.74512,0.74523,3.75,2.25
2016.12.06 02:09:30.043,0.74512,0.74523,3.75,2.25
2016.12.06 02:09:30.591,0.74512,0.74523,3.75,2.25
2016.12.06 02:09:32.002,0.74514,0.74522,1.50,1.00
2016.12.06 02:09:32.508,0.74513,0.74521,1.00,1.00
2016.12.06 02:09:36.357,0.74513,0.74523,1.12,1.50
2016.12.06 02:09:41.068,0.74514,0.74523,1.87,1.00
2016.12.06 02:09:41.222,0.74516,0.74525,1.00,1.12
2016.12.06 02:09:41.526,0.74518,0.74526,1.25,1.00
2016.12.06 02:09:42.036,0.74518,0.74527,1.25,1.12
2016.12.06 02:09:43.122,0.74518,0.74526,1.25,1.00
2016.12.06 02:09:50.489,0.74518,0.74525,1.25,1.00
2016.12.06 02:09:51.019,0.74518,0.74526,1.31,1.00
2016.12.06 02:09:51.526,0.74518,0.74525,1.25,1.00
2016.12.06 02:09:52.698,0.74518,0.74526,1.25,1.00
2016.12.06 02:09:56.719,0.74518,0.74524,1.25,1.00
2016.12.06 02:09:56.770,0.74515,0.74524,1.87,1.00
2016.12.06 02:09:56.821,0.74515,0.74522,1.87,1.00
2016.12.06 02:09:57.328,0.74514,0.74522,2.06,1.00
2016.12.06 02:09:57.643,0.74514,0.74519,1.25,1.00
2016.12.06 02:09:57.745,0.74511,0.74519,1.00,1.00
2016.12.06 02:09:58.251,0.7451,0.74519,2.44,1.00
2016.12.06 02:10:00.741,0.74513,0.7452,2.81,1.00
2016.12.06 02:10:00.906,0.74515,0.74523,1.00,1.12
2016.12.06 02:10:01.134,0.74515,0.74526,1.87,3.00
2016.12.06 02:10:01.702,0.74516,0.74526,1.25,2.25
2016.12.06 02:10:02.208,0.74517,0.74525,1.00,1.00
2016.12.06 02:10:02.715,0.74516,0.74525,1.25,1.00
2016.12.06 02:10:05.468,0.74516,0.74523,1.25,1.00
2016.12.06 02:10:06.892,0.74517,0.74526,1.00,1.50
2016.12.06 02:10:09.550,0.74517,0.74528,1.00,5.62
2016.12.06 02:10:09.651,0.74517,0.74526,1.00,1.50
2016.12.06 02:10:10.106,0.74519,0.74526,1.00,1.50
2016.12.06 02:10:10.611,0.74519,0.74527,1.00,1.50
2016.12.06 02:10:11.515,0.74519,0.74528,1.00,2.25
2016.12.06 02:10:12.039,0.74518,0.74528,1.00,2.25
2016.12.06 02:10:12.584,0.7452,0.74528,1.00,2.25
2016.12.06 02:10:13.090,0.74519,0.74529,1.50,2.25
2016.12.06 02:10:16.983,0.74518,0.74529,1.00,3.00
2016.12.06 02:10:17.492,0.74519,0.74529,1.00,3.00
2016.12.06 02:10:25.641,0.74518,0.74528,1.12,3.56
2016.12.06 02:10:26.396,0.74518,0.74527,1.00,1.00
2016.12.06 02:10:27.733,0.74518,0.74526,1.00,1.50
2016.12.06 02:10:31.335,0.74518,0.74527,1.00,1.87
2016.12.06 02:10:37.906,0.74519,0.74527,1.00,1.00
2016.12.06 02:10:38.917,0.74519,0.74528,1.50,1.31
2016.12.06 02:10:40.195,0.7452,0.74529,1.00,2.62
2016.12.06 02:10:40.962,0.74519,0.74529,1.00,2.62
2016.12.06 02:10:41.468,0.74518,0.74528,1.00,1.12
2016.12.06 02:10:41.976,0.74519,0.74529,1.00,1.87
2016.12.06 02:10:42.280,0.74521,0.74529,1.00,3.37
2016.12.06 02:10:44.201,0.74521,0.74527,1.00,1.00
2016.12.06 02:10:44.497,0.74519,0.74527,1.00,1.00
2016.12.06 02:10:47.803,0.7452,0.74527,1.00,1.00
2016.12.06 02:10:47.854,0.74518,0.74527,1.00,1.00
2016.12.06 02:10:47.905,0.74516,0.74523,1.12,1.50
2016.12.06 02:10:47.956,0.74514,0.74522,1.87,1.87
2016.12.06 02:10:48.007,0.74514,0.7452,1.12,1.50
2016.12.06 02:10:48.079,0.7451,0.7452,1.37,1.87
2016.12.06 02:10:48.130,0.7451,0.74519,1.00,1.50
2016.12.06 02:10:50.109,0.74515,0.74519,1.00,1.00
2016.12.06 02:10:50.211,0.74514,0.74521,1.25,1.12
2016.12.06 02:10:50.262,0.74514,0.74523,4.69,2.62
2016.12.06 02:10:50.314,0.74516,0.74524,1.00,1.87
2016.12.06 02:10:50.821,0.74517,0.74525,1.69,1.87
2016.12.06 02:10:54.156,0.74518,0.74526,1.00,1.50
2016.12.06 02:10:54.309,0.74518,0.74527,1.00,1.87
2016.12.06 02:10:54.816,0.74517,0.74526,1.25,1.00
2016.12.06 02:11:00.225,0.74517,0.74525,1.25,1.00
2016.12.06 02:11:02.174,0.74514,0.74521,1.69,1.50
2016.12.06 02:11:02.428,0.7451,0.74519,1.12,1.00
2016.12.06 02:11:02.965,0.7451,0.74518,1.00,1.00
2016.12.06 02:11:16.715,0.74509,0.74519,1.25,3.37
2016.12.06 02:11:18.843,0.7451,0.74521,1.00,3.37
2016.12.06 02:11:18.996,0.74512,0.74521,3.75,1.00
2016.12.06 02:11:19.660,0.74513,0.74521,1.00,1.00
2016.12.06 02:11:20.169,0.74512,0.74521,1.00,1.00
2016.12.06 02:11:21.030,0.74512,0.74522,1.50,2.25
2016.12.06 02:11:21.555,0.74513,0.74522,1.69,1.50
2016.12.06 02:11:22.044,0.74514,0.74524,1.87,1.00
2016.12.06 02:11:22.703,0.74513,0.74524,2.81,2.62
2016.12.06 02:11:23.209,0.74513,0.74523,2.44,1.00
2016.12.06 02:11:23.919,0.74515,0.74523,1.00,1.00
2016.12.06 02:11:24.427,0.74514,0.74522,1.00,1.00
2016.12.06 02:11:29.660,0.74513,0.74524,3.56,1.87
2016.12.06 02:11:29.711,0.74515,0.74524,1.00,1.87
2016.12.06 02:11:30.622,0.74515,0.74523,1.00,1.00
2016.12.06 02:11:30.825,0.74514,0.74525,1.00,3.75
2016.12.06 02:11:33.887,0.74514,0.74523,1.00,1.00
2016.12.06 02:11:34.392,0.74514,0.74524,1.00,1.00
2016.12.06 02:11:35.097,0.74513,0.74524,3.56,1.00
2016.12.06 02:11:35.617,0.74513,0.74523,2.44,1.00
2016.12.06 02:11:39.587,0.74513,0.74522,1.69,1.00
2016.12.06 02:11:43.683,0.74513,0.74523,3.94,1.00
2016.12.06 02:11:44.190,0.74513,0.74522,2.44,1.00
2016.12.06 02:11:53.690,0.74514,0.74523,1.00,1.00
2016.12.06 02:11:54.992,0.74514,0.74522,1.69,1.00
2016.12.06 02:11:56.189,0.74514,0.74524,2.44,1.50
2016.12.06 02:11:59.077,0.74514,0.74522,1.25,1.00
2016.12.06 02:12:06.491,0.74514,0.74524,1.25,1.87
2016.12.06 02:12:06.694,0.74514,0.74522,1.25,1.00
2016.12.06 02:12:08.333,0.74515,0.74523,1.00,1.50
2016.12.06 02:12:08.838,0.74514,0.74523,1.25,1.50
2016.12.06 02:12:11.318,0.74514,0.74522,1.25,1.00
2016.12.06 02:12:14.439,0.74514,0.74523,1.25,1.50
2016.12.06 02:12:21.525,0.74514,0.74521,1.25,1.00
2016.12.06 02:12:24.415,0.74513,0.74521,1.69,1.00
2016.12.06 02:12:31.156,0.74514,0.74521,1.00,1.00
2016.12.06 02:12:31.257,0.74514,0.74523,1.00,1.00
2016.12.06 02:12:32.347,0.74515,0.74523,1.00,1.00
2016.12.06 02:12:32.551,0.74517,0.74525,1.00,1.00
2016.12.06 02:12:32.911,0.74519,0.74525,1.00,1.00
2016.12.06 02:12:33.284,0.7452,0.74527,1.00,2.25
2016.12.06 02:12:36.039,0.7452,0.74529,1.69,1.12
2016.12.06 02:12:43.850,0.7452,0.7453,3.79,1.87
2016.12.06 02:12:45.448,0.7452,0.74528,1.69,1.00
2016.12.06 02:12:47.437,0.7452,0.7453,1.69,1.50
2016.12.06 02:12:47.938,0.7452,0.74527,1.25,1.00
2016.12.06 02:12:50.296,0.7452,0.7453,1.25,1.50
2016.12.06 02:12:50.398,0.7452,0.74528,1.25,1.00
2016.12.06 02:12:50.955,0.7452,0.74529,1.25,1.00
2016.12.06 02:12:59.325,0.7452,0.7453,1.25,1.12
2016.12.06 02:13:03.427,0.7452,0.7453,1.69,2.25
2016.12.06 02:13:03.945,0.7452,0.7453,2.44,2.25
2016.12.06 02:13:04.475,0.7452,0.7453,1.69,2.25
2016.12.06 02:13:05.692,0.7452,0.7453,1.69,2.25
2016.12.06 02:13:06.350,0.7452,0.74529,1.69,1.00
2016.12.06 02:13:18.687,0.7452,0.7453,1.69,2.62
2016.12.06 02:13:21.394,0.7452,0.74528,1.69,1.00
2016.12.06 02:13:21.597,0.7452,0.7453,1.69,2.62
2016.12.06 02:13:24.505,0.74521,0.7453,1.25,2.62
2016.12.06 02:13:30.054,0.74521,0.7453,1.25,2.25
2016.12.06 02:13:30.581,0.74521,0.7453,1.25,1.87
2016.12.06 02:13:30.892,0.74525,0.7453,1.00,1.37
2016.12.06 02:13:30.943,0.74525,0.74531,1.00,1.00
2016.12.06 02:13:30.994,0.74525,0.74533,1.00,1.00
2016.12.06 02:13:32.087,0.74526,0.74533,1.00,1.00
2016.12.06 02:13:32.641,0.74525,0.74533,1.00,1.50
2016.12.06 02:13:33.148,0.74524,0.74532,1.00,1.00
2016.12.06 02:13:33.686,0.74524,0.74533,1.00,1.00
2016.12.06 02:13:34.992,0.74523,0.74533,1.69,3.00
2016.12.06 02:13:35.094,0.74525,0.74532,1.00,1.00
2016.12.06 02:13:35.600,0.74526,0.74532,1.00,1.00
2016.12.06 02:13:40.618,0.74526,0.74533,1.00,1.00
2016.12.06 02:13:41.929,0.74526,0.74535,1.00,4.12
2016.12.06 02:13:43.132,0.74526,0.74534,1.00,1.00
2016.12.06 02:13:43.641,0.74526,0.74535,1.00,5.62
2016.12.06 02:13:44.046,0.74525,0.74533,1.00,1.00
2016.12.06 02:13:44.301,0.74523,0.74532,1.25,2.25
2016.12.06 02:13:44.852,0.74523,0.74531,1.25,1.50
2016.12.06 02:13:45.401,0.74523,0.74532,1.25,1.50
2016.12.06 02:13:46.140,0.74523,0.74531,1.25,1.00
2016.12.06 02:13:51.836,0.74524,0.74532,1.00,1.87
2016.12.06 02:13:53.666,0.74524,0.7453,1.00,1.00
2016.12.06 02:13:55.736,0.74524,0.74532,1.69,1.50
2016.12.06 02:13:59.000,0.74524,0.74531,1.25,1.50
2016.12.06 02:14:06.189,0.74524,0.7453,1.25,1.50
2016.12.06 02:14:06.240,0.7452,0.7453,2.44,2.25
2016.12.06 02:14:06.746,0.74521,0.74529,1.00,1.00
2016.12.06 02:14:17.889,0.74521,0.7453,1.50,1.87
2016.12.06 02:14:18.041,0.74523,0.74531,1.00,1.50
2016.12.06 02:14:19.202,0.74523,0.74532,1.00,1.87
2016.12.06 02:14:21.486,0.74523,0.74531,1.00,1.50
2016.12.06 02:14:22.031,0.74523,0.74532,1.00,3.37
2016.12.06 02:14:24.054,0.74521,0.7453,3.00,1.00
2016.12.06 02:14:24.591,0.74522,0.7453,1.00,1.00
2016.12.06 02:14:25.113,0.74521,0.7453,3.94,1.00
2016.12.06 02:14:26.090,0.74522,0.7453,1.00,1.00
2016.12.06 02:14:26.600,0.74521,0.7453,1.69,1.00
2016.12.06 02:14:26.954,0.74523,0.74533,2.44,3.00
2016.12.06 02:14:27.460,0.74524,0.74533,1.12,1.00
2016.12.06 02:14:27.965,0.74525,0.74533,1.00,1.00
2016.12.06 02:14:28.420,0.74526,0.74535,1.00,2.62
2016.12.06 02:14:28.961,0.74525,0.74534,1.12,3.00
2016.12.06 02:14:29.922,0.74523,0.74531,1.69,1.00
2016.12.06 02:14:30.427,0.74523,0.7453,1.25,1.00
2016.12.06 02:14:34.518,0.7452,0.7453,1.69,1.12
2016.12.06 02:14:34.619,0.7452,0.74527,1.62,1.00
2016.12.06 02:14:35.164,0.7452,0.74527,1.25,1.00
2016.12.06 02:14:35.707,0.7452,0.7453,1.25,3.75
2016.12.06 02:14:41.496,0.7452,0.74529,1.25,1.50
2016.12.06 02:14:42.500,0.7452,0.74528,1.25,1.50
2016.12.06 02:14:42.551,0.7452,0.7453,1.25,3.75
2016.12.06 02:14:43.547,0.74518,0.74525,1.00,1.00
2016.12.06 02:14:43.851,0.74516,0.74523,1.25,3.00
2016.12.06 02:14:44.003,0.74516,0.74525,1.25,1.37
2016.12.06 02:14:44.054,0.74516,0.74526,1.25,2.25
2016.12.06 02:14:44.437,0.74518,0.74528,1.69,1.87
2016.12.06 02:14:44.943,0.74519,0.74529,1.00,1.50
2016.12.06 02:14:45.944,0.74519,0.7453,1.00,4.12
2016.12.06 02:14:47.835,0.74519,0.74529,1.00,1.00
2016.12.06 02:14:48.140,0.74518,0.74527,1.00,3.00
2016.12.06 02:14:48.645,0.74517,0.74525,1.00,1.00
2016.12.06 02:14:49.626,0.74517,0.74526,1.00,3.37
2016.12.06 02:14:49.929,0.74519,0.74527,1.00,1.87
2016.12.06 02:14:50.485,0.74519,0.74528,1.00,1.50
2016.12.06 02:14:52.243,0.74519,0.74527,1.00,1.50
2016.12.06 02:14:52.776,0.74519,0.74528,1.00,1.12
2016.12.06 02:14:56.688,0.74518,0.74527,1.69,1.00
2016.12.06 02:14:57.194,0.74518,0.74526,1.25,2.62
2016.12.06 02:15:01.460,0.74518,0.74525,1.25,1.00
2016.12.06 02:15:03.184,0.74518,0.74526,1.25,2.62
2016.12.06 02:15:03.590,0.74519,0.74528,1.00,4.12
2016.12.06 02:15:08.438,0.74519,0.74529,1.69,2.25
2016.12.06 02:15:15.537,0.7452,0.74529,1.50,1.12
2016.12.06 02:15:15.588,0.74522,0.74529,1.25,1.00
2016.12.06 02:15:16.186,0.74522,0.7453,1.25,2.62
2016.12.06 02:15:17.592,0.74523,0.7453,1.00,1.00
2016.12.06 02:15:17.845,0.74523,0.74533,1.00,4.87
2016.12.06 02:15:18.384,0.74524,0.74532,1.00,1.00
2016.12.06 02:15:19.466,0.74524,0.74533,1.00,3.37
2016.12.06 02:15:20.084,0.74525,0.74532,1.00,1.00
2016.12.06 02:15:22.459,0.74524,0.74532,1.50,1.00
2016.12.06 02:15:22.987,0.74524,0.74533,1.00,2.25
2016.12.06 02:15:23.536,0.74523,0.74533,2.25,2.25
2016.12.06 02:15:24.167,0.74524,0.74533,1.00,2.25
2016.12.06 02:15:25.977,0.74522,0.74532,1.31,2.25
2016.12.06 02:15:26.489,0.74522,0.74531,1.25,1.12
2016.12.06 02:15:27.262,0.74522,0.74531,1.25,1.50
2016.12.06 02:15:28.789,0.74522,0.74533,1.69,5.25
2016.12.06 02:15:29.295,0.74522,0.74532,2.44,1.12
2016.12.06 02:15:31.994,0.74522,0.74532,1.69,3.37
2016.12.06 02:15:33.438,0.74522,0.74532,1.00,1.12
2016.12.06 02:15:34.411,0.74522,0.74531,1.00,1.50
2016.12.06 02:15:35.434,0.74522,0.74532,1.00,3.00
2016.12.06 02:15:35.939,0.74522,0.74531,1.00,1.50
2016.12.06 02:15:37.920,0.74521,0.74531,1.25,1.00
2016.12.06 02:15:38.441,0.74522,0.74531,1.00,1.00
2016.12.06 02:15:38.959,0.74522,0.74532,1.00,5.62
2016.12.06 02:15:40.036,0.74521,0.74531,1.69,1.00
2016.12.06 02:15:40.541,0.74521,0.7453,1.25,1.00
2016.12.06 02:15:41.267,0.74521,0.7453,1.25,4.12
2016.12.06 02:15:41.806,0.74521,0.74529,1.25,1.37
2016.12.06 02:15:58.788,0.74521,0.7453,1.25,4.87
2016.12.06 02:16:00.999,0.74519,0.7453,1.50,4.87
2016.12.06 02:16:01.664,0.74518,0.74528,3.56,2.25
2016.12.06 02:16:01.765,0.74518,0.74527,1.25,3.75
2016.12.06 02:16:02.309,0.74518,0.74527,1.25,3.37
2016.12.06 02:16:02.777,0.74516,0.74526,1.00,1.00
2016.12.06 02:16:03.775,0.74515,0.74526,1.69,2.25
2016.12.06 02:16:03.877,0.74516,0.74524,1.00,1.00
2016.12.06 02:16:04.396,0.74516,0.74525,1.00,1.00
2016.12.06 02:16:06.444,0.74516,0.74524,1.00,1.50
2016.12.06 02:16:06.988,0.74516,0.74525,1.00,2.25
2016.12.06 02:16:07.495,0.74516,0.74525,1.00,3.00
2016.12.06 02:16:10.247,0.74515,0.74522,1.25,1.50
2016.12.06 02:16:10.298,0.74513,0.74521,1.00,1.00
2016.12.06 02:16:10.399,0.74511,0.74521,2.81,1.12
2016.12.06 02:16:10.983,0.74512,0.74522,1.00,3.37
2016.12.06 02:16:11.492,0.74511,0.74522,2.44,1.87
2016.12.06 02:16:12.145,0.74511,0.74521,3.94,1.00
2016.12.06 02:16:18.141,0.74512,0.74521,1.00,1.00
2016.12.06 02:16:20.439,0.74511,0.74521,2.44,1.00
2016.12.06 02:16:20.987,0.74512,0.74521,1.00,1.00
2016.12.06 02:16:21.491,0.74511,0.74521,4.69,1.00
2016.12.06 02:16:22.631,0.74513,0.74522,1.00,1.12
2016.12.06 02:16:25.145,0.74514,0.74523,1.00,2.25
2016.12.06 02:16:25.398,0.74517,0.74526,1.69,1.50
2016.12.06 02:16:25.903,0.74517,0.74528,3.19,3.37
2016.12.06 02:16:29.540,0.74516,0.74527,1.12,3.00
2016.12.06 02:16:29.591,0.74516,0.74527,1.00,4.12
2016.12.06 02:16:29.743,0.74514,0.74524,1.69,2.25
2016.12.06 02:16:30.250,0.74514,0.74523,1.69,1.00
2016.12.06 02:16:30.301,0.74514,0.74521,1.69,1.00
2016.12.06 02:16:36.322,0.74514,0.7452,1.25,1.12
2016.12.06 02:16:36.373,0.74512,0.7452,1.12,1.12
2016.12.06 02:16:36.879,0.74511,0.7452,1.87,1.50
2016.12.06 02:16:39.335,0.74512,0.7452,1.12,1.87
2016.12.06 02:16:39.842,0.74511,0.7452,2.62,1.50
2016.12.06 02:16:50.388,0.74511,0.74519,1.37,1.12
2016.12.06 02:16:52.941,0.74511,0.7452,1.37,1.00
2016.12.06 02:16:53.447,0.74512,0.74522,1.00,2.62
2016.12.06 02:16:54.044,0.74511,0.74522,2.62,2.25
2016.12.06 02:16:54.549,0.74512,0.74522,1.00,2.25
2016.12.06 02:17:02.658,0.74513,0.74522,1.00,2.25
2016.12.06 02:17:03.189,0.74512,0.74522,1.50,2.25
2016.12.06 02:17:03.290,0.74514,0.74522,1.25,1.00
2016.12.06 02:17:03.830,0.74514,0.74521,1.25,1.00
2016.12.06 02:17:04.336,0.74514,0.7452,1.25,1.00
2016.12.06 02:17:07.790,0.74514,0.74521,1.69,2.62
2016.12.06 02:17:10.780,0.74515,0.74522,1.00,1.50
2016.12.06 02:17:11.439,0.74515,0.74521,1.00,1.50
2016.12.06 02:17:13.284,0.74515,0.74522,1.00,1.87
2016.12.06 02:17:13.792,0.74517,0.74522,1.00,1.00
2016.12.06 02:17:14.336,0.74517,0.74523,1.00,3.00
2016.12.06 02:17:15.390,0.74515,0.74523,1.00,3.00
2016.12.06 02:17:16.040,0.74518,0.74524,1.00,1.37
2016.12.06 02:17:16.141,0.7452,0.74526,1.00,1.50
2016.12.06 02:17:16.681,0.74521,0.74527,1.00,2.62
2016.12.06 02:17:25.539,0.7452,0.74527,1.00,2.62
2016.12.06 02:17:26.086,0.7452,0.74527,1.00,2.25
2016.12.06 02:17:28.988,0.7452,0.74527,1.00,1.12
2016.12.06 02:17:33.371,0.74522,0.74528,1.00,1.50
2016.12.06 02:17:35.385,0.74521,0.74528,1.00,1.50
2016.12.06 02:17:40.121,0.74521,0.7453,1.69,3.75
2016.12.06 02:17:52.737,0.74521,0.74529,1.25,1.37
2016.12.06 02:17:59.437,0.74521,0.74529,1.25,1.12
2016.12.06 02:18:09.438,0.7452,0.74529,1.69,1.00
2016.12.06 02:18:16.190,0.74521,0.74531,1.50,2.62
2016.12.06 02:18:16.242,0.74526,0.74531,1.00,1.37
2016.12.06 02:18:16.294,0.74526,0.74533,1.00,1.37
2016.12.06 02:18:16.446,0.74526,0.74536,1.69,1.87
2016.12.06 02:18:16.649,0.74524,0.74532,2.44,1.00
2016.12.06 02:18:16.700,0.74526,0.74535,1.00,1.50
2016.12.06 02:18:16.802,0.74524,0.74535,2.44,2.25
2016.12.06 02:18:17.654,0.74526,0.74534,1.00,2.25
2016.12.06 02:18:18.160,0.74527,0.74535,1.25,1.87
2016.12.06 02:18:22.144,0.74526,0.74535,1.00,1.12
2016.12.06 02:18:22.649,0.74525,0.74534,1.50,1.50
2016.12.06 02:18:26.147,0.74523,0.74531,2.44,1.50
2016.12.06 02:18:27.761,0.74523,0.74532,1.25,2.25
2016.12.06 02:18:28.065,0.74523,0.7453,1.25,1.00
2016.12.06 02:18:31.890,0.74523,0.74531,1.25,1.00
2016.12.06 02:18:32.396,0.74523,0.74532,1.69,3.00
2016.12.06 02:18:39.596,0.74524,0.74533,1.00,1.00
2016.12.06 02:18:39.798,0.74526,0.74536,1.00,3.75
2016.12.06 02:18:40.339,0.74526,0.74536,1.00,4.12
2016.12.06 02:18:42.045,0.74529,0.74536,1.25,2.62
2016.12.06 02:18:42.197,0.7453,0.74537,1.00,1.50
2016.12.06 02:18:42.702,0.7453,0.74538,1.00,1.00
2016.12.06 02:18:44.540,0.7453,0.74539,1.00,1.50
2016.12.06 02:18:48.010,0.7453,0.74538,1.00,1.00
2016.12.06 02:18:48.519,0.7453,0.74539,1.00,2.44
2016.12.06 02:18:49.051,0.74529,0.74539,1.50,2.44
2016.12.06 02:18:59.390,0.74531,0.74539,1.00,1.25
2016.12.06 02:19:09.454,0.74531,0.7454,1.00,2.06
2016.12.06 02:19:15.594,0.74532,0.74541,1.00,1.50
2016.12.06 02:19:16.100,0.74533,0.74541,1.00,1.00
2016.12.06 02:19:16.659,0.74535,0.74541,1.00,1.00
2016.12.06 02:19:16.710,0.74536,0.74543,1.50,1.00
2016.12.06 02:19:16.812,0.74537,0.74545,1.00,2.62
2016.12.06 02:19:16.914,0.74535,0.74545,2.62,3.00
2016.12.06 02:19:17.221,0.74534,0.74543,2.62,2.25
2016.12.06 02:19:17.423,0.74532,0.74542,2.25,1.25
2016.12.06 02:19:17.963,0.74532,0.74542,1.00,2.44
2016.12.06 02:19:26.108,0.74532,0.7454,1.50,1.00
2016.12.06 02:19:26.210,0.7453,0.74541,3.94,2.25
2016.12.06 02:19:26.311,0.7453,0.74539,2.44,1.50
2016.12.06 02:19:29.142,0.7453,0.74538,1.25,1.00
2016.12.06 02:19:29.551,0.7453,0.7454,1.25,3.37
2016.12.06 02:19:32.756,0.7453,0.74541,2.44,3.37
2016.12.06 02:19:32.958,0.74532,0.74541,1.00,2.62
2016.12.06 02:19:33.464,0.74533,0.74542,1.50,1.25
2016.12.06 02:19:35.075,0.74532,0.7454,1.50,1.00
2016.12.06 02:19:35.177,0.7453,0.7454,1.31,1.87
2016.12.06 02:19:35.683,0.74529,0.7454,2.44,4.12
2016.12.06 02:19:35.785,0.74531,0.74539,1.00,1.00
2016.12.06 02:19:36.290,0.74531,0.7454,1.00,1.12
2016.12.06 02:19:41.091,0.7453,0.7454,2.44,1.00
2016.12.06 02:19:41.611,0.7453,0.74539,1.25,1.87
2016.12.06 02:19:45.890,0.74532,0.74541,1.00,4.50
2016.12.06 02:19:46.396,0.74533,0.74541,1.00,1.00
2016.12.06 02:19:49.382,0.74533,0.74542,1.00,1.25
2016.12.06 02:19:54.335,0.74532,0.74542,1.12,1.25
2016.12.06 02:19:54.839,0.74531,0.74541,1.00,3.00
2016.12.06 02:19:55.348,0.7453,0.7454,1.00,1.12
2016.12.06 02:19:58.683,0.74531,0.74541,1.00,2.62
2016.12.06 02:19:59.189,0.74532,0.74541,1.00,1.50
2016.12.06 02:20:04.105,0.74531,0.7454,1.00,1.00
2016.12.06 02:20:08.173,0.74531,0.7454,1.00,2.62
2016.12.06 02:20:15.650,0.7453,0.74539,1.00,1.87
2016.12.06 02:20:21.549,0.7453,0.74538,1.00,1.00
2016.12.06 02:20:21.857,0.74525,0.74533,1.37,1.00
2016.12.06 02:20:22.009,0.74523,0.74533,1.50,1.69
2016.12.06 02:20:22.516,0.74522,0.74532,1.00,1.50
2016.12.06 02:20:28.086,0.74521,0.7453,1.12,1.00
2016.12.06 02:20:34.496,0.7452,0.7453,1.12,2.25
2016.12.06 02:20:35.001,0.74521,0.74529,1.00,1.00
2016.12.06 02:20:36.791,0.74521,0.7453,1.00,3.37
2016.12.06 02:20:38.155,0.74523,0.74532,1.00,5.25
2016.12.06 02:20:38.256,0.74521,0.74531,1.00,1.12
2016.12.06 02:20:38.460,0.74523,0.74531,1.00,1.12
2016.12.06 02:20:38.787,0.74522,0.74533,1.00,5.44
2016.12.06 02:20:39.040,0.74523,0.74531,1.00,1.00
2016.12.06 02:20:39.192,0.74521,0.74532,1.50,1.12
2016.12.06 02:20:39.720,0.74521,0.74531,2.62,2.25
2016.12.06 02:20:40.328,0.74521,0.74532,1.00,2.25
2016.12.06 02:20:50.530,0.74521,0.74532,1.00,4.87
2016.12.06 02:20:51.689,0.74522,0.7453,1.00,1.00
2016.12.06 02:21:01.591,0.74523,0.74532,1.00,3.75
2016.12.06 02:21:02.098,0.74523,0.74531,1.87,1.00
2016.12.06 02:21:03.727,0.74524,0.74531,1.00,1.00
2016.12.06 02:21:04.718,0.74524,0.74532,1.00,1.00
2016.12.06 02:21:04.870,0.74527,0.74534,2.25,1.87
2016.12.06 02:21:04.923,0.74527,0.74535,3.00,1.12
2016.12.06 02:21:05.004,0.7453,0.74537,1.00,2.06
2016.12.06 02:21:07.740,0.7453,0.7454,1.00,2.62
2016.12.06 02:21:14.165,0.7453,0.7454,1.12,4.12
2016.12.06 02:21:15.267,0.7453,0.7454,1.12,3.37
2016.12.06 02:21:16.254,0.7453,0.74539,1.12,1.00
2016.12.06 02:21:16.790,0.74531,0.7454,1.00,4.12
2016.12.06 02:21:17.296,0.74533,0.74541,1.00,3.94
2016.12.06 02:21:17.864,0.74534,0.74541,1.12,1.25
2016.12.06 02:21:19.586,0.74535,0.74543,1.00,1.37
2016.12.06 02:21:20.093,0.74531,0.74541,1.87,1.00
2016.12.06 02:21:20.144,0.74534,0.74542,1.00,2.25
2016.12.06 02:21:20.324,0.74534,0.74544,3.00,1.50
2016.12.06 02:21:20.628,0.74533,0.7454,1.37,1.00
2016.12.06 02:21:20.679,0.74532,0.74542,1.50,1.00
2016.12.06 02:21:20.730,0.74532,0.7454,1.00,1.00
2016.12.06 02:21:21.235,0.74531,0.74542,1.00,7.16
2016.12.06 02:21:21.741,0.74532,0.74542,1.00,3.94
2016.12.06 02:21:22.293,0.74532,0.74542,1.00,3.19
2016.12.06 02:21:23.692,0.74532,0.74541,1.00,1.50
2016.12.06 02:21:25.072,0.74532,0.74542,1.00,2.81
2016.12.06 02:21:35.384,0.74533,0.74542,1.00,2.06
2016.12.06 02:21:43.138,0.74533,0.74541,1.00,1.00
2016.12.06 02:21:43.189,0.74531,0.74541,1.00,2.25
2016.12.06 02:21:43.291,0.74529,0.7454,1.50,1.00
2016.12.06 02:21:43.797,0.74529,0.74539,1.00,1.00
2016.12.06 02:21:44.303,0.74529,0.74538,1.00,1.50
2016.12.06 02:21:44.810,0.74529,0.74539,1.00,2.25
2016.12.06 02:21:47.940,0.7453,0.74539,1.00,2.25
2016.12.06 02:21:48.246,0.74532,0.7454,1.00,1.50
2016.12.06 02:21:48.449,0.7453,0.7454,1.00,2.25
2016.12.06 02:21:50.171,0.7453,0.74539,1.00,1.50
2016.12.06 02:21:51.141,0.74528,0.74535,1.50,1.00
2016.12.06 02:21:51.192,0.74528,0.74537,1.00,2.81
2016.12.06 02:21:51.243,0.74528,0.74535,1.00,1.12
2016.12.06 02:21:51.345,0.74527,0.74537,1.00,2.81
2016.12.06 02:21:51.396,0.74529,0.74537,1.00,2.81
2016.12.06 02:21:51.751,0.74529,0.74539,1.00,2.25
2016.12.06 02:21:52.459,0.74531,0.74539,1.00,1.87
2016.12.06 02:21:53.588,0.74531,0.74539,1.00,2.25
2016.12.06 02:21:54.183,0.7453,0.74538,1.00,1.12
2016.12.06 02:21:55.203,0.7453,0.7454,1.00,2.06
2016.12.06 02:21:56.636,0.7453,0.74538,1.00,1.00
2016.12.06 02:21:56.738,0.7453,0.7454,1.00,1.31
2016.12.06 02:21:57.387,0.7453,0.74538,1.00,1.00
2016.12.06 02:21:57.489,0.7453,0.7454,1.00,2.06
2016.12.06 02:21:58.215,0.7453,0.74539,1.00,1.00
2016.12.06 02:21:58.814,0.7453,0.7454,1.00,2.06
2016.12.06 02:21:59.406,0.7453,0.74539,1.00,1.00
2016.12.06 02:21:59.911,0.7453,0.7454,1.00,2.06
2016.12.06 02:22:00.417,0.74531,0.74539,1.00,1.00
2016.12.06 02:22:03.346,0.74531,0.74538,1.00,1.00
2016.12.06 02:22:03.892,0.74531,0.74539,1.00,1.00
2016.12.06 02:22:12.690,0.74531,0.74539,1.00,3.19
2016.12.06 02:22:12.943,0.74529,0.74539,1.00,5.81
2016.12.06 02:22:13.576,0.74529,0.74539,1.00,3.56
2016.12.06 02:22:13.778,0.74529,0.74537,1.00,1.00
2016.12.06 02:22:13.829,0.74529,0.74539,1.00,3.56
2016.12.06 02:22:22.258,0.7453,0.74539,1.00,3.19
2016.12.06 02:22:22.764,0.74531,0.74539,1.50,1.25
2016.12.06 02:22:26.556,0.74533,0.74539,1.00,1.25
2016.12.06 02:22:26.607,0.74533,0.74541,1.00,2.62
2016.12.06 02:22:27.536,0.74533,0.74542,1.00,1.12
2016.12.06 02:22:28.739,0.74535,0.74543,1.00,3.37
2016.12.06 02:22:29.296,0.74537,0.74544,1.00,3.56
2016.12.06 02:22:29.347,0.74537,0.74545,1.50,1.12
2016.12.06 02:22:29.398,0.74534,0.74542,3.75,1.50
2016.12.06 02:22:29.500,0.74532,0.74543,3.19,1.87
2016.12.06 02:22:29.551,0.74532,0.74541,3.19,1.00
2016.12.06 02:22:30.076,0.74532,0.74542,1.25,3.75
2016.12.06 02:22:30.380,0.74531,0.7454,1.00,1.50
2016.12.06 02:22:32.280,0.74532,0.74541,1.00,1.00
2016.12.06 02:22:32.801,0.74531,0.7454,1.00,1.00
2016.12.06 02:22:33.363,0.74532,0.74541,1.00,1.87
2016.12.06 02:22:33.898,0.74532,0.7454,1.00,1.00
2016.12.06 02:22:34.437,0.74532,0.74541,1.00,1.87
2016.12.06 02:22:34.943,0.74532,0.7454,1.00,1.12
2016.12.06 02:22:38.112,0.74532,0.74541,1.00,1.12
2016.12.06 02:22:47.481,0.74532,0.7454,1.00,1.00
2016.12.06 02:22:47.995,0.7453,0.7454,1.12,1.00
2016.12.06 02:22:48.502,0.74531,0.74539,1.00,2.25
2016.12.06 02:22:49.537,0.74529,0.74538,1.69,1.00
2016.12.06 02:22:49.739,0.7453,0.74541,1.50,3.37
2016.12.06 02:22:49.790,0.74532,0.7454,1.00,1.00
2016.12.06 02:22:50.296,0.74531,0.74542,1.00,5.06
2016.12.06 02:22:51.891,0.74531,0.7454,1.00,1.00
2016.12.06 02:22:52.445,0.7453,0.74541,5.62,1.00
2016.12.06 02:22:59.050,0.74532,0.74541,1.00,3.19
2016.12.06 02:23:05.671,0.74533,0.74541,1.00,1.69
2016.12.06 02:23:06.177,0.74533,0.74542,1.00,1.12
2016.12.06 02:23:06.689,0.74534,0.74542,1.00,1.00
2016.12.06 02:23:07.077,0.74532,0.74542,3.00,1.00
2016.12.06 02:23:07.431,0.74532,0.7454,2.25,1.00
2016.12.06 02:23:07.533,0.74532,0.74542,1.00,1.87
2016.12.06 02:23:11.535,0.74532,0.74541,1.50,1.00
2016.12.06 02:23:11.636,0.74532,0.74541,1.00,1.75
2016.12.06 02:23:18.124,0.74532,0.74541,1.00,1.50
2016.12.06 02:23:18.436,0.7453,0.7454,1.50,2.62
2016.12.06 02:23:26.164,0.74531,0.74539,1.00,1.87
2016.12.06 02:23:26.669,0.74531,0.74539,1.00,1.00
2016.12.06 02:23:30.256,0.74531,0.74539,1.00,2.25
2016.12.06 02:23:30.778,0.74532,0.7454,1.00,1.00
2016.12.06 02:23:31.308,0.74532,0.74542,1.50,3.94
2016.12.06 02:23:34.486,0.74532,0.74542,1.50,3.19
2016.12.06 02:23:35.035,0.74532,0.74541,1.50,1.00
2016.12.06 02:23:37.231,0.74531,0.7454,2.25,3.00
2016.12.06 02:23:37.733,0.7453,0.74539,2.44,1.12
2016.12.06 02:23:42.146,0.7453,0.74539,1.00,1.87
2016.12.06 02:23:44.239,0.7453,0.7454,1.50,3.75
2016.12.06 02:23:56.191,0.74531,0.74539,1.00,1.50
2016.12.06 02:23:56.696,0.74532,0.7454,1.00,1.50
2016.12.06 02:23:58.643,0.74533,0.7454,1.00,1.50
2016.12.06 02:24:02.395,0.74533,0.74541,1.00,1.00
2016.12.06 02:24:06.016,0.74531,0.74542,1.00,4.31
2016.12.06 02:24:06.067,0.74531,0.74539,1.00,1.00
2016.12.06 02:24:06.586,0.7453,0.74539,1.87,1.00
2016.12.06 02:24:13.373,0.7453,0.74538,1.87,1.00
2016.12.06 02:24:13.879,0.74529,0.74537,1.31,1.00
2016.12.06 02:24:21.246,0.74529,0.74536,1.31,1.00
2016.12.06 02:24:21.798,0.74529,0.74537,1.25,1.00
2016.12.06 02:24:22.304,0.74529,0.74536,1.25,1.00
2016.12.06 02:24:23.113,0.74529,0.74538,1.25,1.00
2016.12.06 02:24:24.458,0.7453,0.74538,1.25,1.00
2016.12.06 02:24:33.582,0.7453,0.74537,1.25,1.00
2016.12.06 02:24:34.088,0.7453,0.74538,2.44,1.00
2016.12.06 02:24:56.662,0.74529,0.74538,5.81,1.00
2016.12.06 02:24:57.168,0.74529,0.74539,8.81,1.00
2016.12.06 02:24:57.622,0.74531,0.74539,1.00,1.00
2016.12.06 02:24:57.673,0.74529,0.74539,9.56,1.00
2016.12.06 02:24:59.035,0.74535,0.74542,1.00,2.25
2016.12.06 02:24:59.188,0.74533,0.74542,1.31,1.00
2016.12.06 02:24:59.696,0.74532,0.74542,2.25,1.00
2016.12.06 02:25:00.239,0.74533,0.74543,1.00,2.06
2016.12.06 02:25:02.371,0.74533,0.74542,1.00,1.00
2016.12.06 02:25:02.873,0.74533,0.74543,1.00,2.06
2016.12.06 02:25:07.914,0.74536,0.74543,1.00,1.31
2016.12.06 02:25:08.117,0.74532,0.74542,3.00,3.00
2016.12.06 02:25:26.434,0.74535,0.74542,1.00,1.00
2016.12.06 02:25:26.485,0.74535,0.74545,1.87,3.00
2016.12.06 02:25:26.637,0.74535,0.74543,1.37,1.50
2016.12.06 02:25:26.738,0.74533,0.74543,3.37,2.44
2016.12.06 02:25:27.244,0.74533,0.74542,1.12,2.25
2016.12.06 02:25:34.264,0.74534,0.74542,1.00,2.25
2016.12.06 02:25:43.839,0.74535,0.74543,1.00,1.25
2016.12.06 02:25:44.740,0.74534,0.74543,1.00,1.69
2016.12.06 02:25:45.256,0.74534,0.74542,1.00,1.00
2016.12.06 02:25:46.467,0.74533,0.74542,3.00,1.00
2016.12.06 02:25:53.194,0.74536,0.74544,1.00,1.50
2016.12.06 02:25:53.700,0.74534,0.74543,3.00,1.00
2016.12.06 02:25:56.036,0.74535,0.74543,1.00,1.00
2016.12.06 02:25:56.744,0.74535,0.74542,1.00,1.00
2016.12.06 02:25:59.213,0.74533,0.74543,1.00,3.37
2016.12.06 02:26:04.079,0.74532,0.74543,5.06,2.62
2016.12.06 02:26:05.545,0.74533,0.74543,1.00,1.12
2016.12.06 02:26:06.079,0.74533,0.74542,1.00,1.50
2016.12.06 02:26:08.915,0.74533,0.74543,1.00,1.12
2016.12.06 02:26:13.903,0.74534,0.74544,1.00,3.00
2016.12.06 02:26:16.218,0.74535,0.74544,1.50,2.25
2016.12.06 02:26:38.490,0.74534,0.74543,1.12,2.25
2016.12.06 02:26:39.000,0.74533,0.74543,2.25,2.62
2016.12.06 02:26:41.960,0.74533,0.74542,1.50,1.00
2016.12.06 02:26:51.490,0.74533,0.74543,2.25,1.12
2016.12.06 02:27:03.956,0.74535,0.74543,1.00,1.00
2016.12.06 02:27:04.545,0.74534,0.74543,1.00,1.00
2016.12.06 02:27:05.489,0.74536,0.74543,1.00,1.00
2016.12.06 02:27:05.642,0.74534,0.74543,1.00,1.00
2016.12.06 02:27:06.189,0.74535,0.74543,1.00,1.00
2016.12.06 02:27:08.248,0.74535,0.74545,3.37,1.12
2016.12.06 02:27:08.299,0.74538,0.74546,1.00,2.44
2016.12.06 02:27:09.162,0.74538,0.74548,2.25,4.12
2016.12.06 02:27:09.315,0.74539,0.74549,1.00,1.50
2016.12.06 02:27:14.590,0.7454,0.74549,1.00,1.00
2016.12.06 02:27:15.093,0.74539,0.74549,1.87,1.50
2016.12.06 02:27:17.499,0.74539,0.74548,1.00,1.00
2016.12.06 02:27:18.041,0.74539,0.74549,1.00,1.12
2016.12.06 02:27:22.291,0.74538,0.74549,1.12,1.00
2016.12.06 02:27:27.486,0.74539,0.74549,1.00,1.50
2016.12.06 02:27:28.004,0.7454,0.74549,1.00,1.12
2016.12.06 02:27:29.264,0.74539,0.74547,1.00,1.00
2016.12.06 02:27:30.074,0.7454,0.74548,1.00,1.00
2016.12.06 02:27:31.171,0.7454,0.74547,1.00,1.00
2016.12.06 02:27:31.676,0.74539,0.74547,1.00,1.00
2016.12.06 02:27:32.182,0.74541,0.74549,1.00,1.50
2016.12.06 02:27:32.687,0.74541,0.74549,1.00,1.00
2016.12.06 02:27:34.466,0.74541,0.74548,1.00,1.00
2016.12.06 02:27:34.516,0.74539,0.74549,1.00,1.12
2016.12.06 02:27:44.015,0.74539,0.74548,1.00,1.00
2016.12.06 02:27:46.186,0.74539,0.74547,1.00,1.00
2016.12.06 02:27:46.701,0.7454,0.74548,1.00,2.25
2016.12.06 02:27:56.780,0.74541,0.74549,1.00,1.87
2016.12.06 02:28:01.069,0.74538,0.74547,3.37,1.00
2016.12.06 02:28:01.170,0.74538,0.74545,1.00,1.00
2016.12.06 02:28:01.704,0.74537,0.74544,1.00,1.00
2016.12.06 02:28:02.235,0.74536,0.74544,1.00,1.00
2016.12.06 02:28:04.111,0.74535,0.74545,4.87,1.00
2016.12.06 02:28:05.961,0.74535,0.74543,3.00,1.00
2016.12.06 02:28:06.316,0.74535,0.74539,1.00,1.00
2016.12.06 02:28:06.367,0.74533,0.74539,1.12,1.00
2016.12.06 02:28:06.468,0.74531,0.74539,1.12,1.00
2016.12.06 02:28:06.826,0.74534,0.7454,1.00,1.00
2016.12.06 02:28:06.927,0.74534,0.74542,3.19,1.00
2016.12.06 02:28:07.130,0.74535,0.74543,1.50,1.00
2016.12.06 02:28:07.484,0.74535,0.74545,1.50,1.87
2016.12.06 02:28:07.998,0.74535,0.74545,1.00,1.12
2016.12.06 02:28:19.955,0.74534,0.74542,2.81,1.00
2016.12.06 02:28:20.259,0.7453,0.74538,5.06,1.00
2016.12.06 02:28:23.198,0.7453,0.74539,2.44,1.12
2016.12.06 02:28:24.141,0.74532,0.7454,1.00,1.87
2016.12.06 02:28:24.445,0.74536,0.74544,1.00,1.69
2016.12.06 02:28:24.950,0.74537,0.74544,1.00,1.25
2016.12.06 02:28:26.542,0.74537,0.74547,1.00,5.06
2016.12.06 02:28:27.059,0.74537,0.74547,1.00,2.81
2016.12.06 02:28:29.689,0.74537,0.74547,1.00,2.44
2016.12.06 02:28:32.487,0.74538,0.74547,1.50,1.25
2016.12.06 02:28:35.046,0.7454,0.74547,1.00,1.25
2016.12.06 02:28:35.410,0.74541,0.74549,1.00,1.12
2016.12.06 02:28:35.765,0.7454,0.74551,1.50,2.06
2016.12.06 02:28:36.291,0.7454,0.7455,2.25,1.12
2016.12.06 02:28:36.797,0.74541,0.74549,1.00,1.00
2016.12.06 02:28:45.391,0.74541,0.74547,1.00,1.00
2016.12.06 02:28:45.442,0.74541,0.74549,1.00,1.12
2016.12.06 02:28:47.502,0.74539,0.74548,2.06,1.00
2016.12.06 02:28:57.691,0.7454,0.74548,1.00,1.00
2016.12.06 02:29:01.685,0.7454,0.7455,1.50,1.50
2016.12.06 02:29:01.736,0.74545,0.74551,1.00,1.75
2016.12.06 02:29:01.788,0.74544,0.74552,1.00,1.37
2016.12.06 02:29:01.889,0.74543,0.74553,1.12,1.00
2016.12.06 02:29:08.637,0.74544,0.74554,1.00,2.81
2016.12.06 02:29:09.382,0.74543,0.74553,2.25,1.00
2016.12.06 02:29:10.637,0.74542,0.74551,3.94,1.00
2016.12.06 02:29:10.942,0.74541,0.74549,1.00,1.00
2016.12.06 02:29:11.626,0.74541,0.74551,2.25,3.00
2016.12.06 02:29:11.677,0.74543,0.74552,1.00,2.06
2016.12.06 02:29:12.183,0.74543,0.74552,1.87,1.25
2016.12.06 02:29:12.703,0.74544,0.74553,1.00,1.00
2016.12.06 02:29:13.235,0.74543,0.74553,4.87,1.00
2016.12.06 02:29:13.540,0.74545,0.74553,1.00,1.00
2016.12.06 02:29:13.693,0.74543,0.74553,3.37,1.00
2016.12.06 02:29:17.533,0.74543,0.74551,1.00,1.00
2016.12.06 02:29:21.498,0.74543,0.74553,1.00,3.37
2016.12.06 02:29:24.946,0.74542,0.74551,1.25,1.00
2016.12.06 02:29:25.250,0.74541,0.74549,1.00,1.00
2016.12.06 02:29:27.757,0.74539,0.74543,1.00,1.50
2016.12.06 02:29:27.859,0.74536,0.7454,1.12,1.25
2016.12.06 02:29:27.960,0.7453,0.74538,1.50,1.00
2016.12.06 02:29:28.541,0.74531,0.74539,1.00,1.00
2016.12.06 02:29:29.047,0.74532,0.74539,1.00,1.00
2016.12.06 02:29:32.341,0.7453,0.74539,3.37,1.00
2016.12.06 02:29:32.997,0.7453,0.7454,4.87,2.44
2016.12.06 02:29:33.199,0.7453,0.74536,1.00,1.00
2016.12.06 02:29:33.351,0.74528,0.74537,1.87,1.50
2016.12.06 02:29:33.560,0.74528,0.74538,1.50,1.87
2016.12.06 02:29:34.672,0.74529,0.74538,1.00,1.12
2016.12.06 02:29:39.135,0.74529,0.74539,3.00,1.50
2016.12.06 02:29:39.693,0.74531,0.7454,1.00,3.94
2016.12.06 02:29:39.745,0.74535,0.74541,1.00,1.00
2016.12.06 02:29:39.948,0.7454,0.74547,1.00,1.25
2016.12.06 02:29:40.253,0.74539,0.74543,1.00,3.00
2016.12.06 02:29:40.406,0.74528,0.74538,3.19,1.50
2016.12.06 02:29:40.672,0.7453,0.74538,1.37,1.50
2016.12.06 02:29:41.483,0.74529,0.74539,2.62,1.50
2016.12.06 02:29:41.989,0.7453,0.74539,1.87,1.00
2016.12.06 02:29:42.538,0.7453,0.7454,4.87,1.69
2016.12.06 02:29:43.046,0.7453,0.7454,3.00,1.69
2016.12.06 02:29:44.094,0.74531,0.7454,1.00,1.25
2016.12.06 02:29:46.463,0.74528,0.74532,9.00,1.00
2016.12.06 02:29:46.564,0.74527,0.74536,3.37,3.19
2016.12.06 02:29:47.070,0.74529,0.74539,1.12,3.00
2016.12.06 02:29:47.600,0.7453,0.74539,1.00,2.25
2016.12.06 02:29:49.215,0.74529,0.74539,1.87,2.25
2016.12.06 02:29:52.653,0.7453,0.74539,1.00,2.25
2016.12.06 02:29:53.157,0.74529,0.74539,2.62,2.25
2016.12.06 02:29:56.690,0.7453,0.74539,1.00,2.62
2016.12.06 02:29:57.200,0.74529,0.74537,3.75,1.12
2016.12.06 02:29:59.490,0.7453,0.74539,1.00,1.87
2016.12.06 02:30:00.245,0.74528,0.74536,1.87,1.50
2016.12.06 02:30:00.498,0.7453,0.74537,1.00,1.87
2016.12.06 02:30:00.852,0.7453,0.74538,1.00,1.00
2016.12.06 02:30:10.189,0.74531,0.74539,1.50,1.00
2016.12.06 02:30:10.241,0.74536,0.74541,1.00,1.37
2016.12.06 02:30:10.292,0.74534,0.74541,1.12,1.37
2016.12.06 02:30:10.344,0.74537,0.74543,1.00,1.69
2016.12.06 02:30:10.445,0.74537,0.74547,1.87,1.12
2016.12.06 02:30:10.811,0.74538,0.74545,1.00,1.00
2016.12.06 02:30:11.721,0.74537,0.74545,2.25,1.00
2016.12.06 02:30:12.445,0.74538,0.74545,1.00,1.00
2016.12.06 02:30:13.470,0.74537,0.74545,2.25,1.00
2016.12.06 02:30:14.483,0.74538,0.74545,1.00,1.00
2016.12.06 02:30:16.058,0.74537,0.74545,2.25,1.00
2016.12.06 02:30:16.601,0.74538,0.74545,1.00,1.00
2016.12.06 02:30:17.485,0.74537,0.74545,2.25,1.00
2016.12.06 02:30:17.792,0.74539,0.74545,1.00,1.00
2016.12.06 02:30:20.359,0.74537,0.74545,3.75,1.00
2016.12.06 02:30:20.934,0.74538,0.74545,1.12,1.00
2016.12.06 02:30:23.497,0.74539,0.74545,1.00,1.00
2016.12.06 02:30:26.533,0.74538,0.74545,2.06,1.00
2016.12.06 02:30:28.791,0.74539,0.74545,1.00,1.00
2016.12.06 02:30:29.365,0.74538,0.74545,1.25,1.00
2016.12.06 02:30:29.914,0.74539,0.74545,1.00,1.00
2016.12.06 02:30:30.635,0.74538,0.74545,1.25,1.00
2016.12.06 02:30:33.740,0.74536,0.74542,2.25,1.00
2016.12.06 02:30:33.892,0.74534,0.74541,4.87,1.00
2016.12.06 02:30:35.692,0.74534,0.74543,4.12,1.00
2016.12.06 02:30:37.586,0.74535,0.74543,1.00,1.00
2016.12.06 02:30:43.788,0.74533,0.74543,3.75,1.12
2016.12.06 02:30:43.889,0.74533,0.7454,1.12,1.00
2016.12.06 02:30:43.940,0.74531,0.7454,1.50,1.12
2016.12.06 02:30:44.491,0.7453,0.74539,1.00,1.00
2016.12.06 02:30:45.230,0.74531,0.74539,1.00,1.00
2016.12.06 02:30:58.049,0.74531,0.74538,1.00,1.00
2016.12.06 02:30:58.575,0.74531,0.74539,1.00,1.00
2016.12.06 02:31:03.872,0.74531,0.74538,1.00,1.00
2016.12.06 02:31:04.389,0.74531,0.74539,1.00,1.50
2016.12.06 02:31:11.893,0.74532,0.74539,1.00,1.00
2016.12.06 02:31:11.944,0.74535,0.74541,1.00,1.87
2016.12.06 02:31:12.047,0.74536,0.74544,1.00,1.25
2016.12.06 02:31:12.149,0.74539,0.74544,1.00,1.25
2016.12.06 02:31:12.200,0.74539,0.74547,1.12,2.25
2016.12.06 02:31:12.707,0.74538,0.74548,1.37,1.69
2016.12.06 02:31:21.373,0.74538,0.74547,1.37,1.00
2016.12.06 02:31:21.879,0.74538,0.74548,1.37,2.44
2016.12.06 02:31:35.918,0.74538,0.74548,1.12,1.00
2016.12.06 02:31:38.640,0.7454,0.74548,1.00,1.00
2016.12.06 02:31:39.143,0.74539,0.74549,1.00,2.81
2016.12.06 02:31:50.545,0.7454,0.74548,1.50,1.25
2016.12.06 02:31:51.964,0.74539,0.74548,1.00,1.69
2016.12.06 02:31:56.885,0.74538,0.74548,2.62,1.00
2016.12.06 02:32:00.121,0.74538,0.74545,1.12,1.00
2016.12.06 02:32:00.274,0.74536,0.74544,1.87,1.69
2016.12.06 02:32:00.477,0.74536,0.74546,3.19,3.37
2016.12.06 02:32:01.019,0.74537,0.74546,1.00,3.56
2016.12.06 02:32:01.521,0.74537,0.74546,1.37,1.69
2016.12.06 02:32:15.416,0.74538,0.74546,1.87,1.25
2016.12.06 02:32:15.871,0.74539,0.74548,1.12,1.00
2016.12.06 02:32:25.563,0.7454,0.74548,1.00,1.50
2016.12.06 02:32:26.019,0.74542,0.74549,1.00,1.25
2016.12.06 02:32:26.543,0.74541,0.74549,1.00,1.69
2016.12.06 02:32:29.951,0.74541,0.74548,1.00,1.00
2016.12.06 02:32:31.013,0.74541,0.74549,1.12,1.25
2016.12.06 02:32:31.919,0.74539,0.74549,1.37,1.69
2016.12.06 02:32:32.426,0.7454,0.74548,1.00,1.12
2016.12.06 02:32:39.402,0.74541,0.74549,1.00,1.87
2016.12.06 02:32:39.554,0.74541,0.7455,1.00,1.69
2016.12.06 02:32:40.060,0.7454,0.7455,1.12,3.56
2016.12.06 02:32:40.585,0.74541,0.7455,1.00,1.25
2016.12.06 02:32:44.684,0.74539,0.74549,2.25,1.00
2016.12.06 02:32:47.939,0.74539,0.74547,3.00,1.00
2016.12.06 02:32:48.449,0.7454,0.74547,1.00,1.00
2016.12.06 02:32:49.309,0.74539,0.74547,2.62,1.00
2016.12.06 02:32:51.898,0.74538,0.74547,1.00,1.00
2016.12.06 02:32:52.201,0.74537,0.74545,3.75,1.00
2016.12.06 02:32:56.930,0.74539,0.74547,1.00,1.00
2016.12.06 02:32:57.183,0.7454,0.74549,1.12,1.87
2016.12.06 02:32:59.031,0.7454,0.74548,1.87,1.00
2016.12.06 02:32:59.221,0.74538,0.74547,1.87,1.00
2016.12.06 02:32:59.575,0.74537,0.74545,1.50,1.00
2016.12.06 02:33:00.233,0.74536,0.74544,2.62,1.00
2016.12.06 02:33:00.537,0.74536,0.74542,1.12,1.00
2016.12.06 02:33:00.790,0.74536,0.74545,1.87,1.69
2016.12.06 02:33:00.841,0.74536,0.74543,1.50,1.00
2016.12.06 02:33:00.892,0.74536,0.74543,1.50,1.00
2016.12.06 02:33:01.474,0.74536,0.74543,1.37,1.00
2016.12.06 02:33:02.315,0.74536,0.74543,1.12,1.00
2016.12.06 02:33:07.084,0.74536,0.74545,1.87,1.69
2016.12.06 02:33:07.677,0.74536,0.74545,1.87,1.69
2016.12.06 02:33:18.414,0.74536,0.74544,1.87,1.25
2016.12.06 02:33:21.229,0.74536,0.74544,1.12,1.25
2016.12.06 02:33:24.446,0.74536,0.74545,1.12,1.69
2016.12.06 02:33:31.044,0.74536,0.74545,1.37,1.69
2016.12.06 02:33:43.143,0.74535,0.74545,1.87,1.31
2016.12.06 02:33:43.648,0.74537,0.74545,1.00,1.31
2016.12.06 02:33:44.438,0.74537,0.74548,1.12,4.87
2016.12.06 02:33:44.540,0.74537,0.74548,1.12,4.12
2016.12.06 02:33:45.713,0.74538,0.74548,1.00,1.87
2016.12.06 02:33:46.243,0.74539,0.74548,1.00,1.87
2016.12.06 02:33:47.735,0.7454,0.74549,1.00,5.44
2016.12.06 02:33:57.396,0.7454,0.74549,1.00,3.56
2016.12.06 02:34:15.621,0.74541,0.74549,1.00,1.69
2016.12.06 02:34:16.188,0.7454,0.74549,1.50,1.69
2016.12.06 02:34:20.161,0.7454,0.74549,1.00,4.69
2016.12.06 02:34:20.667,0.7454,0.74549,1.00,3.56
2016.12.06 02:34:21.463,0.74541,0.74549,1.00,2.06
2016.12.06 02:34:22.001,0.74542,0.7455,1.00,1.50
2016.12.06 02:34:27.783,0.74541,0.7455,1.12,1.87
2016.12.06 02:34:29.225,0.74539,0.74549,2.81,1.12
2016.12.06 02:34:30.643,0.74539,0.74548,2.06,1.00
2016.12.06 02:34:31.175,0.74539,0.74549,2.06,1.12
2016.12.06 02:34:33.207,0.74539,0.74547,2.06,1.00
2016.12.06 02:34:33.717,0.74539,0.74548,2.06,1.00
2016.12.06 02:34:38.542,0.74539,0.74549,2.81,1.87
2016.12.06 02:34:38.900,0.74541,0.74549,1.00,1.50
2016.12.06 02:34:39.451,0.7454,0.74548,1.00,1.00
2016.12.06 02:34:39.705,0.74538,0.74548,2.44,1.00
2016.12.06 02:34:44.390,0.7454,0.74548,1.00,1.00
2016.12.06 02:34:44.694,0.74542,0.74549,1.00,1.50
2016.12.06 02:34:51.688,0.74543,0.74551,1.00,1.00
2016.12.06 02:34:51.790,0.74545,0.74552,1.00,1.37
2016.12.06 02:34:52.094,0.7454,0.74547,1.00,2.62
2016.12.06 02:34:52.608,0.74541,0.74546,1.00,1.00
2016.12.06 02:34:55.226,0.7454,0.74546,1.00,1.00
2016.12.06 02:34:56.437,0.7454,0.74548,1.00,2.06
2016.12.06 02:34:59.411,0.74538,0.74548,3.56,2.44
2016.12.06 02:34:59.917,0.74539,0.74548,1.00,2.44
2016.12.06 02:35:00.843,0.74538,0.74548,1.69,2.44
2016.12.06 02:35:01.622,0.74539,0.74548,1.25,1.50
2016.12.06 02:35:02.135,0.74538,0.74548,1.00,1.50
2016.12.06 02:35:04.812,0.74538,0.74547,1.00,1.00
2016.12.06 02:35:05.362,0.74538,0.74548,1.00,2.25
2016.12.06 02:35:08.533,0.7454,0.74548,1.00,1.00
2016.12.06 02:35:09.038,0.74541,0.74548,1.00,1.00
2016.12.06 02:35:09.596,0.74541,0.74547,1.00,1.00
2016.12.06 02:35:10.239,0.74539,0.74547,1.00,1.00
2016.12.06 02:35:16.426,0.7454,0.74547,1.00,1.00
2016.12.06 02:35:18.442,0.74539,0.74547,1.00,1.00
2016.12.06 02:35:24.352,0.7454,0.74549,1.00,2.25
2016.12.06 02:35:33.889,0.7454,0.74549,1.00,1.37
2016.12.06 02:35:35.841,0.74541,0.74548,1.50,1.12
2016.12.06 02:35:36.299,0.74539,0.74548,4.69,1.00
2016.12.06 02:35:36.808,0.74539,0.74547,2.81,1.00
2016.12.06 02:35:38.383,0.74539,0.74548,2.81,1.00
2016.12.06 02:35:38.889,0.7454,0.74548,1.00,1.00
2016.12.06 02:35:39.395,0.74541,0.74549,1.00,1.12
2016.12.06 02:35:39.975,0.74539,0.74549,2.25,1.12
2016.12.06 02:35:40.935,0.74539,0.7455,3.00,1.12
2016.12.06 02:35:41.364,0.7454,0.74548,1.12,1.00
2016.12.06 02:35:41.567,0.74538,0.74547,1.00,1.12
2016.12.06 02:35:41.770,0.7454,0.74547,1.00,1.12
2016.12.06 02:35:42.308,0.74539,0.74546,1.00,1.00
2016.12.06 02:35:45.197,0.74539,0.74547,1.00,1.12
2016.12.06 02:35:45.734,0.74539,0.74548,1.69,1.12
2016.12.06 02:35:47.651,0.7454,0.74549,1.00,1.87
2016.12.06 02:35:52.245,0.74541,0.7455,3.75,1.87
2016.12.06 02:35:52.852,0.74541,0.7455,3.37,3.37
2016.12.06 02:35:53.358,0.7454,0.74548,3.75,1.00
2016.12.06 02:35:53.900,0.74541,0.74548,1.00,1.50
2016.12.06 02:35:54.439,0.7454,0.74548,1.50,1.12
2016.12.06 02:36:00.465,0.7454,0.74549,3.37,3.00
2016.12.06 02:36:00.769,0.74542,0.74551,1.50,3.19
2016.12.06 02:36:01.072,0.7454,0.74548,4.87,1.00
2016.12.06 02:36:01.578,0.7454,0.7455,4.12,6.00
2016.12.06 02:36:02.085,0.74541,0.74549,1.00,2.62
2016.12.06 02:36:04.041,0.74541,0.7455,1.87,1.00
2016.12.06 02:36:04.498,0.74541,0.74548,1.00,1.00
2016.12.06 02:36:05.040,0.7454,0.74548,2.25,1.87
2016.12.06 02:36:05.343,0.74542,0.7455,1.00,4.12
2016.12.06 02:36:06.618,0.74542,0.74551,1.00,1.69
2016.12.06 02:36:06.923,0.7454,0.74549,2.62,1.37
2016.12.06 02:36:07.440,0.74542,0.7455,1.00,4.50
2016.12.06 02:36:07.836,0.7454,0.7455,3.37,1.87
2016.12.06 02:36:07.989,0.7454,0.74547,2.62,1.00
2016.12.06 02:36:08.490,0.7454,0.74548,1.00,1.00
2016.12.06 02:36:10.403,0.7454,0.74549,1.00,3.56
2016.12.06 02:36:12.395,0.7454,0.74549,1.00,3.56
2016.12.06 02:36:15.486,0.74539,0.74549,1.12,3.19
2016.12.06 02:36:16.503,0.7454,0.74549,1.12,3.56
2016.12.06 02:36:17.009,0.74539,0.74549,1.12,4.31
2016.12.06 02:36:17.517,0.7454,0.74549,1.12,4.31
2016.12.06 02:36:18.043,0.7454,0.74549,1.87,1.25
2016.12.06 02:36:18.582,0.7454,0.74548,1.00,1.50
2016.12.06 02:36:19.337,0.74541,0.74548,1.00,1.00
2016.12.06 02:36:24.011,0.7454,0.74548,2.62,1.50
2016.12.06 02:36:25.857,0.7454,0.74547,1.00,1.00
2016.12.06 02:36:26.362,0.74539,0.74548,2.62,2.25
2016.12.06 02:36:30.532,0.7454,0.74548,1.00,1.69
2016.12.06 02:36:39.041,0.74542,0.74548,1.00,1.25
2016.12.06 02:36:39.244,0.74542,0.7455,1.50,2.25
2016.12.06 02:36:39.750,0.74542,0.74551,1.50,3.37
2016.12.06 02:36:40.787,0.74542,0.74549,1.50,1.00
2016.12.06 02:36:41.118,0.74545,0.74554,1.00,9.94
2016.12.06 02:36:41.220,0.74545,0.74554,1.00,3.94
2016.12.06 02:36:41.271,0.74547,0.74554,1.00,2.06
2016.12.06 02:36:41.778,0.74546,0.74554,1.00,2.81
2016.12.06 02:36:42.304,0.74545,0.74554,1.50,2.06
2016.12.06 02:36:45.429,0.74544,0.74554,2.62,2.06
2016.12.06 02:36:49.489,0.74546,0.74554,1.00,1.62
2016.12.06 02:36:49.995,0.74546,0.74554,1.50,1.25
2016.12.06 02:36:51.539,0.74546,0.74552,1.00,1.00
2016.12.06 02:36:51.872,0.74546,0.74554,1.00,3.56
2016.12.06 02:36:52.377,0.74545,0.74553,1.00,1.00
2016.12.06 02:36:52.940,0.74545,0.74554,1.00,2.81
2016.12.06 02:36:53.487,0.74545,0.74553,1.00,1.00
2016.12.06 02:36:55.177,0.74545,0.74551,1.00,1.00
2016.12.06 02:36:55.228,0.74543,0.74551,1.12,1.00
2016.12.06 02:36:55.430,0.74542,0.74548,1.00,1.00
2016.12.06 02:36:55.734,0.74539,0.74547,1.87,1.00
2016.12.06 02:36:56.341,0.74539,0.74548,1.87,2.25
2016.12.06 02:36:56.848,0.74539,0.74547,1.00,2.25
2016.12.06 02:37:01.729,0.74541,0.74548,1.00,1.25
2016.12.06 02:37:02.160,0.74542,0.7455,1.00,1.87
2016.12.06 02:37:02.667,0.74543,0.7455,1.00,1.12
2016.12.06 02:37:03.178,0.74543,0.74551,1.00,1.00
2016.12.06 02:37:17.644,0.74544,0.74554,2.62,3.37
2016.12.06 02:37:17.998,0.74544,0.74553,1.00,1.37
2016.12.06 02:37:19.888,0.74544,0.74553,1.00,2.25
2016.12.06 02:37:23.866,0.74544,0.74554,1.12,4.50
2016.12.06 02:37:24.374,0.74543,0.74553,2.25,1.12
2016.12.06 02:37:24.900,0.74544,0.74552,1.00,1.00
2016.12.06 02:37:29.527,0.74544,0.74551,1.00,1.00
2016.12.06 02:37:30.051,0.74544,0.74552,1.00,1.87
2016.12.06 02:37:30.507,0.74544,0.74552,1.00,2.62
2016.12.06 02:37:31.902,0.74544,0.74552,1.00,1.00
2016.12.06 02:37:32.449,0.74544,0.74551,1.00,1.00
2016.12.06 02:37:32.955,0.74544,0.74552,1.00,1.50
2016.12.06 02:37:36.693,0.74544,0.74553,1.00,1.50
2016.12.06 02:37:37.200,0.74543,0.74553,2.25,1.00
2016.12.06 02:37:37.741,0.74544,0.74552,1.00,1.00
2016.12.06 02:37:42.939,0.74544,0.74554,1.00,5.25
2016.12.06 02:37:43.446,0.74544,0.74553,1.00,1.12
2016.12.06 02:37:44.157,0.74544,0.74552,1.00,1.00
2016.12.06 02:37:44.696,0.74544,0.74553,1.00,1.12
2016.12.06 02:37:45.774,0.74544,0.74551,1.00,1.00
2016.12.06 02:37:46.633,0.74543,0.7455,1.12,1.00
2016.12.06 02:37:47.140,0.74542,0.74551,1.87,1.00
2016.12.06 02:37:47.693,0.74542,0.74552,1.87,5.62
2016.12.06 02:37:51.485,0.74542,0.74551,1.87,1.00
2016.12.06 02:37:51.941,0.74541,0.74549,1.25,1.50
2016.12.06 02:37:58.041,0.7454,0.74549,1.00,2.62
2016.12.06 02:37:59.418,0.74541,0.7455,1.00,1.12
2016.12.06 02:37:59.793,0.74543,0.74552,1.50,1.69
2016.12.06 02:38:04.228,0.74543,0.74551,1.00,1.00
2016.12.06 02:38:04.735,0.74543,0.74552,1.00,2.44
2016.12.06 02:38:09.242,0.74544,0.74552,1.00,1.25
2016.12.06 02:38:09.546,0.74545,0.74555,3.00,1.69
2016.12.06 02:38:10.053,0.74544,0.74554,1.00,2.62
2016.12.06 02:38:10.104,0.74544,0.74552,1.00,2.25
2016.12.06 02:38:10.256,0.74542,0.74551,1.50,1.50
2016.12.06 02:38:10.661,0.74544,0.74552,1.00,2.44
2016.12.06 02:38:14.048,0.74545,0.74553,1.00,3.00
2016.12.06 02:38:14.555,0.74544,0.74553,1.50,2.25
2016.12.06 02:38:20.869,0.74545,0.74553,1.00,2.25
2016.12.06 02:38:21.375,0.74546,0.74552,1.00,1.00
2016.12.06 02:38:21.904,0.74546,0.74553,1.00,1.50
2016.12.06 02:38:23.011,0.74546,0.74552,1.00,1.00
2016.12.06 02:38:23.940,0.74546,0.74553,1.00,1.50
2016.12.06 02:38:29.231,0.74546,0.74555,1.50,3.56
2016.12.06 02:38:29.282,0.74548,0.74555,1.00,2.81
2016.12.06 02:38:29.587,0.74552,0.74559,1.00,2.44
2016.12.06 02:38:30.093,0.74551,0.74558,1.50,1.00
2016.12.06 02:38:33.330,0.74551,0.74559,1.00,2.44
2016.12.06 02:38:33.482,0.74552,0.74561,1.00,1.31
2016.12.06 02:38:33.583,0.74554,0.74561,1.00,1.25
2016.12.06 02:38:33.887,0.74559,0.74566,1.00,3.19
2016.12.06 02:38:33.989,0.7456,0.74567,1.00,1.00
2016.12.06 02:38:34.537,0.7456,0.74568,1.00,1.69
2016.12.06 02:38:37.165,0.7456,0.74569,1.00,1.12
2016.12.06 02:38:37.219,0.74562,0.74569,1.00,1.12
2016.12.06 02:38:37.422,0.74563,0.74572,1.00,1.12
2016.12.06 02:38:37.624,0.74565,0.74574,1.00,4.12
2016.12.06 02:38:39.556,0.74565,0.74573,3.37,1.00
2016.12.06 02:38:40.062,0.74565,0.74574,1.00,2.62
2016.12.06 02:38:40.577,0.74564,0.74574,1.00,3.00
2016.12.06 02:38:43.224,0.74563,0.74574,7.31,3.75
2016.12.06 02:38:44.241,0.74564,0.74574,2.62,3.00
2016.12.06 02:38:47.138,0.74563,0.74574,6.56,3.00
2016.12.06 02:38:47.644,0.74564,0.74574,1.50,2.25
2016.12.06 02:38:48.174,0.74565,0.74574,1.00,2.25
2016.12.06 02:38:49.831,0.74565,0.7457,1.00,1.00
2016.12.06 02:38:49.933,0.74563,0.74573,4.31,5.25
2016.12.06 02:38:50.290,0.74563,0.7457,3.56,1.00
2016.12.06 02:38:50.796,0.74563,0.7457,1.25,1.87
2016.12.06 02:39:00.188,0.74563,0.74571,1.69,2.62
2016.12.06 02:39:01.017,0.74562,0.74571,1.69,2.62
2016.12.06 02:39:01.438,0.74562,0.74569,1.69,1.00
2016.12.06 02:39:01.591,0.74562,0.74571,1.69,3.00
2016.12.06 02:39:01.642,0.74562,0.74569,1.25,1.00
2016.12.06 02:39:09.085,0.74561,0.74569,1.87,1.00
2016.12.06 02:39:12.420,0.74567,0.7457,1.00,1.00
2016.12.06 02:39:12.471,0.74564,0.7457,1.00,1.00
2016.12.06 02:39:12.633,0.74565,0.74574,1.12,2.25
2016.12.06 02:39:12.786,0.74566,0.74577,1.25,2.25
2016.12.06 02:39:12.888,0.74568,0.74578,1.00,3.94
2016.12.06 02:39:13.401,0.74568,0.74578,1.87,1.31
2016.12.06 02:39:13.907,0.74569,0.74578,1.12,1.31
2016.12.06 02:39:14.414,0.74568,0.74578,3.37,1.25
2016.12.06 02:39:14.919,0.74569,0.74578,1.12,1.25
2016.12.06 02:39:18.477,0.74569,0.74578,1.12,1.25
2016.12.06 02:39:21.338,0.7457,0.7458,5.06,1.87
2016.12.06 02:39:21.650,0.74574,0.74582,1.00,1.31
2016.12.06 02:39:21.702,0.74572,0.74582,2.62,2.81
2016.12.06 02:39:22.361,0.74574,0.74582,1.00,1.69
2016.12.06 02:39:25.634,0.74573,0.74584,1.12,2.25
2016.12.06 02:39:26.147,0.74573,0.74583,1.12,1.00
2016.12.06 02:39:26.692,0.74572,0.74583,1.12,1.00
2016.12.06 02:39:27.235,0.74572,0.74584,1.12,2.25
2016.12.06 02:39:27.739,0.74573,0.74584,1.12,2.25
2016.12.06 02:39:28.244,0.74573,0.74583,1.12,1.00
2016.12.06 02:39:30.684,0.74573,0.7458,1.12,1.50
2016.12.06 02:39:30.886,0.74574,0.74582,1.00,1.87
2016.12.06 02:39:34.191,0.74573,0.74581,1.00,1.00
2016.12.06 02:39:34.699,0.74573,0.7458,1.00,1.00
2016.12.06 02:39:35.208,0.74573,0.74581,1.00,1.87
2016.12.06 02:39:36.114,0.74573,0.7458,1.00,1.00
2016.12.06 02:39:36.638,0.74573,0.74581,1.00,1.87
2016.12.06 02:39:44.168,0.74574,0.74582,1.00,2.62
2016.12.06 02:39:51.482,0.74574,0.74582,1.00,1.50
2016.12.06 02:39:59.561,0.74574,0.74581,1.00,1.00
2016.12.06 02:40:00.110,0.74573,0.74582,1.00,2.44
2016.12.06 02:40:00.732,0.74573,0.74581,1.00,1.50
2016.12.06 02:40:01.238,0.74574,0.74582,1.00,6.19
2016.12.06 02:40:01.644,0.74572,0.74582,1.12,6.94
2016.12.06 02:40:10.930,0.74572,0.7458,1.00,1.00
2016.12.06 02:40:16.567,0.74572,0.74582,1.00,4.50
2016.12.06 02:40:16.669,0.74573,0.74583,1.50,3.19
2016.12.06 02:40:16.842,0.74575,0.74583,1.00,1.25
2016.12.06 02:40:17.146,0.74577,0.74585,1.00,1.50
2016.12.06 02:40:17.454,0.74579,0.74587,1.00,1.00
2016.12.06 02:40:17.959,0.74579,0.74588,1.00,1.87
2016.12.06 02:40:18.316,0.74581,0.74588,1.00,2.62
2016.12.06 02:40:18.960,0.74581,0.74587,1.00,1.00
2016.12.06 02:40:19.763,0.74581,0.74588,1.00,2.62
2016.12.06 02:40:20.373,0.74581,0.74587,1.00,1.00
2016.12.06 02:40:20.955,0.7458,0.74587,1.00,1.00
2016.12.06 02:40:21.558,0.7458,0.74588,1.00,2.62
2016.12.06 02:40:22.374,0.7458,0.74587,1.00,1.00
2016.12.06 02:40:22.918,0.7458,0.74588,1.00,1.50
2016.12.06 02:40:23.424,0.74581,0.74589,1.00,4.69
2016.12.06 02:40:25.297,0.74581,0.74588,1.00,1.00
2016.12.06 02:40:25.802,0.74581,0.74589,1.00,4.69
2016.12.06 02:40:26.274,0.74579,0.74588,1.12,1.50
2016.12.06 02:40:26.325,0.74579,0.74586,1.12,1.50
2016.12.06 02:40:26.753,0.74578,0.74586,1.12,1.12
2016.12.06 02:40:27.415,0.74578,0.74586,1.00,1.12
2016.12.06 02:40:27.922,0.74577,0.74585,1.00,1.00
2016.12.06 02:40:28.731,0.74576,0.74584,1.00,1.00
2016.12.06 02:40:28.884,0.74576,0.74586,1.00,1.12
2016.12.06 02:40:29.985,0.74576,0.74585,1.00,1.00
2016.12.06 02:40:30.188,0.74578,0.74587,1.00,2.62
2016.12.06 02:40:31.165,0.74576,0.74585,1.87,1.00
2016.12.06 02:40:31.216,0.74575,0.74582,1.12,1.00
2016.12.06 02:40:31.520,0.74573,0.74579,1.00,1.00
2016.12.06 02:40:33.965,0.74572,0.74579,1.87,1.00
2016.12.06 02:40:34.238,0.74575,0.74583,1.00,2.06
2016.12.06 02:40:34.541,0.74573,0.74581,1.00,1.00
2016.12.06 02:40:34.846,0.74574,0.74583,1.00,2.06
2016.12.06 02:40:35.245,0.74573,0.74581,1.00,1.00
2016.12.06 02:40:45.094,0.74572,0.74581,1.00,1.50
2016.12.06 02:40:45.397,0.7457,0.74579,1.00,1.50
2016.12.06 02:40:45.802,0.74569,0.74577,1.00,1.25
2016.12.06 02:40:46.308,0.74568,0.74577,1.00,1.69
2016.12.06 02:40:57.969,0.74566,0.74576,1.50,1.00
2016.12.06 02:41:04.064,0.74568,0.74578,1.00,2.44
2016.12.06 02:41:13.160,0.74569,0.74577,1.00,1.00
2016.12.06 02:41:13.681,0.7457,0.74578,1.00,2.06
2016.12.06 02:41:14.191,0.7457,0.74578,1.00,1.31
2016.12.06 02:41:21.537,0.74569,0.74578,1.50,1.31
2016.12.06 02:41:32.917,0.74571,0.74578,1.00,1.31
2016.12.06 02:41:39.440,0.74571,0.74577,1.00,1.25
2016.12.06 02:41:47.982,0.74569,0.74577,2.25,1.25
2016.12.06 02:41:56.972,0.74568,0.74577,1.00,1.69
2016.12.06 02:42:43.957,0.74569,0.74578,1.00,1.69
2016.12.06 02:42:44.463,0.7457,0.74578,1.00,1.69
2016.12.06 02:42:50.387,0.7457,0.74578,1.00,1.31
2016.12.06 02:42:54.180,0.74569,0.74577,1.00,1.00
2016.12.06 02:42:54.382,0.74567,0.74578,1.00,2.06
2016.12.06 02:42:54.888,0.74567,0.74577,1.00,1.25
2016.12.06 02:42:58.995,0.74569,0.74577,1.00,1.69
2016.12.06 02:43:09.076,0.74569,0.74578,1.00,1.50
2016.12.06 02:43:09.583,0.74569,0.74577,1.00,1.00
2016.12.06 02:43:10.495,0.74568,0.74578,1.31,1.87
2016.12.06 02:43:11.050,0.74568,0.74577,1.25,1.50
2016.12.06 02:43:19.716,0.74568,0.74576,1.25,1.00
2016.12.06 02:43:20.482,0.74568,0.74578,1.25,1.12
2016.12.06 02:43:20.533,0.74568,0.74576,1.69,1.00
2016.12.06 02:43:21.039,0.74569,0.74577,1.00,1.00
2016.12.06 02:43:26.883,0.7457,0.74578,1.00,1.00
2016.12.06 02:43:27.389,0.74569,0.74578,1.00,1.00
2016.12.06 02:43:27.793,0.74571,0.74579,1.00,1.12
2016.12.06 02:43:27.895,0.74571,0.74581,1.00,1.12
2016.12.06 02:43:28.401,0.74572,0.74581,1.00,1.87
2016.12.06 02:43:30.742,0.74572,0.74579,1.00,1.00
2016.12.06 02:43:33.442,0.7457,0.74579,2.06,1.00
2016.12.06 02:43:33.594,0.7457,0.74577,1.00,1.00
2016.12.06 02:43:33.746,0.74568,0.74577,1.31,1.00
2016.12.06 02:43:34.453,0.74568,0.74575,1.25,1.00
2016.12.06 02:43:37.695,0.74568,0.74576,1.25,1.00
2016.12.06 02:43:38.201,0.74568,0.74575,1.25,1.00
2016.12.06 02:43:38.505,0.74568,0.74577,1.69,1.00
2016.12.06 02:43:40.994,0.74568,0.74576,1.25,1.00
2016.12.06 02:43:45.371,0.74568,0.74573,1.25,1.00
2016.12.06 02:43:45.422,0.74566,0.74572,1.00,1.00
2016.12.06 02:43:45.473,0.74566,0.74574,1.00,1.00
2016.12.06 02:43:45.524,0.74564,0.74572,1.00,1.00
2016.12.06 02:43:46.031,0.74563,0.74572,4.31,1.00
2016.12.06 02:43:46.846,0.74563,0.74571,3.19,1.00
2016.12.06 02:43:47.353,0.74562,0.7457,1.12,1.00
2016.12.06 02:43:47.504,0.74563,0.74572,1.00,1.12
2016.12.06 02:43:49.544,0.74565,0.74573,1.00,1.25
2016.12.06 02:43:51.664,0.74565,0.74575,2.25,3.75
2016.12.06 02:43:52.171,0.74565,0.74575,1.00,1.87
2016.12.06 02:44:03.200,0.74565,0.74574,1.00,1.00
2016.12.06 02:44:03.706,0.74565,0.74575,1.50,1.87
2016.12.06 02:44:04.634,0.74563,0.7457,1.50,1.69
2016.12.06 02:44:04.736,0.74561,0.7457,1.12,2.06
2016.12.06 02:44:05.241,0.74562,0.7457,1.00,2.06
2016.12.06 02:44:13.240,0.74559,0.74563,1.12,1.00
2016.12.06 02:44:13.364,0.74558,0.74565,1.50,1.25
2016.12.06 02:44:13.416,0.74556,0.74564,1.12,1.00
2016.12.06 02:44:13.518,0.74557,0.74566,1.00,1.25
2016.12.06 02:44:13.670,0.74559,0.74566,1.00,1.25
2016.12.06 02:44:14.176,0.74559,0.74568,1.00,1.87
2016.12.06 02:44:14.683,0.74559,0.74568,1.00,1.12
2016.12.06 02:44:15.274,0.7456,0.74569,1.00,2.62
2016.12.06 02:44:17.347,0.7456,0.74567,1.00,1.00
2016.12.06 02:44:17.891,0.7456,0.74569,1.00,3.37
2016.12.06 02:44:18.852,0.74555,0.7456,1.87,2.44
2016.12.06 02:44:18.903,0.7455,0.7456,3.75,2.44
2016.12.06 02:44:19.258,0.74549,0.74559,1.69,1.87
2016.12.06 02:44:22.853,0.74548,0.74554,1.00,1.00
2016.12.06 02:44:22.909,0.74546,0.74554,1.00,1.00
2016.12.06 02:44:23.061,0.74549,0.74555,1.00,1.25
2016.12.06 02:44:23.407,0.74557,0.74564,1.00,3.79
2016.12.06 02:44:23.812,0.74558,0.74566,1.00,1.69
2016.12.06 02:44:24.471,0.74558,0.74565,1.00,1.12
2016.12.06 02:44:24.989,0.74557,0.74563,1.00,1.00
2016.12.06 02:44:25.797,0.74555,0.74563,1.50,1.00
2016.12.06 02:44:26.353,0.74554,0.74563,1.00,2.44
2016.12.06 02:44:26.860,0.74553,0.74563,1.00,2.44
2016.12.06 02:44:31.164,0.74553,0.74563,1.12,2.00
2016.12.06 02:44:31.518,0.74555,0.74563,1.00,2.81
2016.12.06 02:44:31.619,0.74555,0.74563,1.00,2.06
2016.12.06 02:44:32.530,0.74557,0.74566,1.00,3.37
2016.12.06 02:44:32.833,0.7456,0.74567,1.00,1.31
2016.12.06 02:44:34.217,0.74557,0.74561,1.00,1.00
2016.12.06 02:44:34.370,0.74549,0.74558,2.62,1.00
2016.12.06 02:44:34.421,0.74549,0.74556,2.25,1.00
2016.12.06 02:44:34.472,0.74548,0.74557,1.12,1.00
2016.12.06 02:44:34.775,0.7455,0.74558,1.50,1.00
2016.12.06 02:44:35.130,0.74552,0.74561,1.50,1.00
2016.12.06 02:44:35.637,0.74551,0.74561,2.62,1.00
2016.12.06 02:44:35.840,0.74553,0.74561,1.00,1.00
2016.12.06 02:44:35.942,0.74551,0.74561,1.87,1.00
2016.12.06 02:44:36.094,0.74552,0.74559,1.00,1.00
2016.12.06 02:44:36.196,0.74549,0.74559,1.50,1.00
2016.12.06 02:44:36.752,0.74548,0.74559,2.81,1.87
2016.12.06 02:44:37.854,0.74549,0.74559,1.00,1.12
2016.12.06 02:44:38.361,0.7455,0.7456,1.00,3.75
2016.12.06 02:44:46.080,0.74551,0.7456,1.00,1.50
2016.12.06 02:44:46.182,0.74553,0.74561,1.00,1.12
2016.12.06 02:44:46.689,0.74552,0.74562,1.00,2.44
2016.12.06 02:44:47.124,0.74554,0.74562,1.00,2.44
2016.12.06 02:44:53.819,0.74557,0.74562,1.00,1.69
2016.12.06 02:44:54.022,0.74555,0.74564,1.00,1.00
2016.12.06 02:44:54.527,0.74555,0.74563,1.00,1.00
2016.12.06 02:44:59.040,0.74552,0.74561,1.31,1.00
2016.12.06 02:44:59.192,0.74552,0.74559,1.25,1.00
2016.12.06 02:44:59.739,0.74551,0.74559,1.00,1.00
2016.12.06 02:45:01.192,0.74547,0.74557,2.81,1.00
2016.12.06 02:45:01.727,0.74547,0.74557,1.69,1.00
2016.12.06 02:45:17.146,0.74548,0.74557,1.50,1.00
2016.12.06 02:45:17.653,0.74547,0.74556,1.25,1.00
2016.12.06 02:45:23.917,0.74547,0.74554,1.25,1.00
2016.12.06 02:45:24.221,0.74542,0.74549,1.25,1.00
2016.12.06 02:45:24.474,0.7454,0.74549,1.00,1.00
2016.12.06 02:45:25.751,0.74541,0.74549,1.00,1.00
2016.12.06 02:45:26.077,0.74542,0.74551,1.00,1.12
2016.12.06 02:45:26.483,0.74543,0.74553,1.00,1.12
2016.12.06 02:45:29.092,0.74542,0.7455,3.00,1.00
2016.12.06 02:45:29.627,0.74542,0.74553,1.50,1.12
2016.12.06 02:45:30.183,0.74542,0.7455,1.87,1.00
2016.12.06 02:45:30.689,0.74542,0.74551,1.00,1.25
2016.12.06 02:45:33.097,0.74541,0.74549,1.50,1.00
2016.12.06 02:45:33.250,0.74541,0.74551,1.00,3.94
2016.12.06 02:45:33.301,0.74543,0.74551,1.00,3.56
2016.12.06 02:45:34.423,0.74544,0.74551,1.00,1.31
2016.12.06 02:45:34.827,0.74546,0.74553,1.00,1.12
2016.12.06 02:45:36.194,0.74546,0.74554,1.00,4.50
2016.12.06 02:45:38.101,0.74544,0.74552,1.50,1.12
2016.12.06 02:45:38.658,0.74544,0.74553,1.00,2.62
2016.12.06 02:45:39.614,0.74544,0.74553,1.00,2.62
2016.12.06 02:45:39.715,0.74544,0.74553,1.00,1.12
2016.12.06 02:45:40.322,0.74546,0.74554,1.00,1.37
2016.12.06 02:45:40.373,0.74547,0.74555,1.00,2.44
2016.12.06 02:45:40.929,0.74547,0.74555,1.00,1.69
2016.12.06 02:45:42.092,0.74545,0.74555,1.00,4.69
2016.12.06 02:45:42.606,0.74546,0.74555,1.00,1.69
2016.12.06 02:45:43.112,0.74547,0.74554,1.00,1.00
2016.12.06 02:45:46.290,0.74545,0.74552,1.00,1.00
2016.12.06 02:45:46.391,0.74542,0.74553,1.87,7.69
2016.12.06 02:45:46.897,0.74543,0.74552,1.12,1.87
2016.12.06 02:45:47.494,0.74544,0.74552,1.00,2.62
2016.12.06 02:45:48.202,0.74544,0.74553,1.00,1.31
2016.12.06 02:45:50.408,0.74545,0.74553,1.00,1.31
2016.12.06 02:45:52.319,0.74544,0.74553,1.00,1.25
2016.12.06 02:45:52.724,0.74545,0.74551,1.00,1.00
2016.12.06 02:45:52.825,0.74544,0.74553,1.50,4.31
2016.12.06 02:45:53.129,0.74544,0.74551,1.50,1.00
2016.12.06 02:45:54.492,0.74543,0.74551,2.62,1.00
2016.12.06 02:45:55.250,0.74543,0.74553,1.50,5.44
2016.12.06 02:45:55.604,0.74545,0.74551,1.00,1.50
2016.12.06 02:45:56.248,0.74545,0.74552,1.00,1.00
2016.12.06 02:45:56.796,0.74544,0.74552,1.50,1.00
2016.12.06 02:45:57.302,0.74543,0.74553,1.00,3.94
2016.12.06 02:45:57.606,0.7454,0.7455,1.00,3.19
2016.12.06 02:46:03.345,0.74539,0.7455,1.00,6.94
2016.12.06 02:46:03.851,0.7454,0.74548,1.00,1.37
2016.12.06 02:46:04.735,0.74538,0.74548,1.00,1.37
2016.12.06 02:46:05.342,0.74538,0.74548,1.12,1.00
2016.12.06 02:46:05.848,0.74539,0.74549,1.00,1.12
2016.12.06 02:46:06.051,0.74541,0.74549,1.00,1.00
2016.12.06 02:46:06.557,0.74542,0.7455,1.00,1.00
2016.12.06 02:46:06.709,0.7454,0.74551,2.81,1.00
2016.12.06 02:46:07.689,0.74541,0.74551,1.00,1.12
2016.12.06 02:46:08.238,0.74542,0.74551,1.00,1.00
2016.12.06 02:46:09.940,0.7454,0.7455,4.69,1.00
2016.12.06 02:46:11.181,0.74541,0.7455,1.50,1.00
2016.12.06 02:46:12.652,0.7454,0.7455,3.94,1.00
2016.12.06 02:46:12.905,0.7454,0.74548,2.06,1.00
2016.12.06 02:46:25.735,0.74541,0.74548,1.00,1.00
2016.12.06 02:46:25.907,0.74542,0.74551,2.25,1.00
2016.12.06 02:46:26.412,0.74543,0.74548,1.00,1.00
2016.12.06 02:46:26.919,0.74541,0.74549,1.00,1.00
2016.12.06 02:46:32.534,0.74543,0.74549,1.00,1.00
2016.12.06 02:46:33.044,0.74543,0.74551,1.00,1.00
2016.12.06 02:46:34.089,0.74543,0.7455,1.00,1.00
2016.12.06 02:46:35.061,0.74543,0.74551,1.00,1.00
2016.12.06 02:46:35.214,0.74545,0.74552,1.00,1.00
2016.12.06 02:46:37.789,0.74545,0.74553,1.00,1.00
2016.12.06 02:46:38.549,0.74545,0.74553,1.00,1.50
2016.12.06 02:46:39.050,0.74546,0.74552,1.00,1.12
2016.12.06 02:46:39.726,0.74544,0.74552,1.50,1.12
2016.12.06 02:46:41.555,0.74544,0.7455,1.00,1.00
2016.12.06 02:46:42.013,0.74543,0.74552,1.25,1.00
2016.12.06 02:46:42.268,0.74545,0.74552,1.00,1.00
2016.12.06 02:46:42.541,0.74543,0.74552,3.94,1.00
2016.12.06 02:46:43.158,0.74544,0.74554,1.00,3.37
2016.12.06 02:46:43.485,0.74547,0.74554,1.25,1.00
2016.12.06 02:46:44.503,0.74546,0.74554,1.25,1.00
2016.12.06 02:46:50.133,0.74546,0.74552,1.25,1.00
2016.12.06 02:46:52.278,0.74546,0.74551,1.25,1.00
2016.12.06 02:47:02.421,0.74545,0.74551,1.25,1.00
2016.12.06 02:47:11.219,0.74545,0.74552,1.25,1.00
2016.12.06 02:47:22.391,0.74545,0.74553,1.25,3.00
2016.12.06 02:47:22.912,0.74545,0.74552,1.25,2.25
2016.12.06 02:47:24.458,0.74546,0.74552,1.25,3.00
2016.12.06 02:47:29.088,0.74546,0.74553,1.25,3.00
2016.12.06 02:47:32.732,0.74546,0.74552,1.25,1.00
2016.12.06 02:47:33.250,0.74546,0.74553,1.25,3.00
2016.12.06 02:47:33.795,0.74546,0.74552,1.25,3.00
2016.12.06 02:47:39.442,0.74545,0.74552,1.25,1.00
2016.12.06 02:47:40.446,0.74545,0.74553,1.25,1.50
2016.12.06 02:47:41.475,0.74546,0.74553,1.00,1.50
2016.12.06 02:47:48.068,0.74546,0.74554,2.25,4.12
2016.12.06 02:47:48.632,0.74545,0.74554,1.25,4.12
2016.12.06 02:47:48.950,0.74545,0.74552,1.25,1.00
2016.12.06 02:47:54.423,0.74546,0.74552,1.25,1.00
2016.12.06 02:47:55.242,0.74546,0.74554,3.19,1.87
2016.12.06 02:47:55.345,0.74547,0.74556,2.25,2.62
2016.12.06 02:47:55.853,0.74548,0.74556,2.44,1.00
2016.12.06 02:47:58.926,0.74548,0.74557,3.94,3.37
2016.12.06 02:47:59.432,0.74548,0.74556,4.69,1.50
2016.12.06 02:48:09.216,0.74548,0.74557,1.69,1.87
2016.12.06 02:48:10.989,0.74549,0.74557,1.00,2.62
2016.12.06 02:48:29.590,0.74548,0.74557,3.56,2.62
2016.12.06 02:48:31.593,0.74548,0.74555,3.56,1.00
2016.12.06 02:48:37.934,0.74549,0.74555,3.19,1.00
2016.12.06 02:48:37.985,0.74549,0.74557,3.19,1.12
2016.12.06 02:48:38.490,0.7455,0.74557,2.25,1.00
2016.12.06 02:48:45.340,0.74549,0.74557,3.19,1.00
2016.12.06 02:48:51.742,0.7455,0.74557,1.00,1.00
2016.12.06 02:48:53.787,0.74551,0.74557,2.25,1.00
2016.12.06 02:48:56.773,0.74549,0.74557,3.94,1.00
2016.12.06 02:48:58.730,0.74549,0.74556,3.94,1.00
2016.12.06 02:48:59.816,0.7455,0.74556,1.00,1.00
2016.12.06 02:49:00.787,0.74549,0.74556,3.94,1.00
2016.12.06 02:49:01.785,0.74551,0.74556,2.25,1.00
2016.12.06 02:49:02.808,0.7455,0.74556,2.25,1.00
2016.12.06 02:49:06.830,0.74549,0.74556,3.94,1.00
2016.12.06 02:49:07.816,0.7455,0.74556,1.00,1.00
2016.12.06 02:49:09.038,0.74551,0.74558,1.25,1.12
2016.12.06 02:49:19.541,0.74551,0.7456,3.19,5.62
2016.12.06 02:49:20.047,0.74552,0.7456,1.00,5.62
2016.12.06 02:49:22.838,0.74552,0.74559,1.00,1.87
2016.12.06 02:49:28.535,0.74552,0.7456,1.00,4.50
2016.12.06 02:49:29.877,0.74551,0.7456,1.69,4.50
2016.12.06 02:49:35.924,0.74552,0.7456,2.25,4.50
2016.12.06 02:49:43.037,0.74552,0.7456,3.19,4.87
2016.12.06 02:49:43.915,0.74552,0.7456,3.19,1.87
2016.12.06 02:49:44.067,0.74553,0.74562,2.25,1.87
2016.12.06 02:49:44.574,0.74552,0.74561,3.19,1.50
2016.12.06 02:49:45.181,0.74553,0.74562,3.00,1.87
2016.12.06 02:49:45.687,0.74553,0.74562,3.00,1.37
2016.12.06 02:49:46.825,0.74554,0.74563,2.25,4.50
2016.12.06 02:49:47.331,0.74553,0.74562,2.25,1.50
2016.12.06 02:49:48.145,0.74553,0.7456,1.00,1.37
2016.12.06 02:49:48.651,0.74552,0.74561,1.69,4.12
2016.12.06 02:49:49.990,0.74556,0.74562,1.00,2.62
2016.12.06 02:49:50.092,0.74556,0.74566,2.25,5.62
2016.12.06 02:49:50.295,0.74558,0.74565,1.00,2.25
2016.12.06 02:49:50.447,0.74556,0.74564,3.00,1.00
2016.12.06 02:49:50.981,0.74556,0.74565,3.00,2.25
2016.12.06 02:49:56.537,0.74556,0.74564,1.00,1.50
2016.12.06 02:49:58.717,0.74555,0.74564,1.69,4.12
2016.12.06 02:50:01.434,0.74555,0.74563,2.44,1.00
2016.12.06 02:50:02.990,0.74555,0.74564,1.25,3.37
2016.12.06 02:50:08.746,0.74554,0.74564,3.94,3.75
2016.12.06 02:50:13.793,0.74555,0.74564,1.00,4.87
2016.12.06 02:50:17.195,0.74555,0.74562,1.00,1.00
2016.12.06 02:50:17.808,0.74554,0.74562,2.25,1.00
2016.12.06 02:50:20.780,0.74557,0.74564,1.00,1.12
2016.12.06 02:50:20.932,0.74558,0.74566,1.00,3.37
2016.12.06 02:50:21.892,0.74559,0.74566,1.00,1.00
2016.12.06 02:50:22.426,0.74559,0.74568,1.00,3.00
2016.12.06 02:50:48.911,0.7456,0.74568,2.25,3.00
2016.12.06 02:50:51.046,0.74559,0.74568,1.00,3.00
2016.12.06 02:50:53.959,0.7456,0.74568,2.25,3.00
2016.12.06 02:51:04.660,0.7456,0.74568,3.00,1.12
2016.12.06 02:51:05.069,0.74562,0.74568,1.25,1.12
2016.12.06 02:51:05.780,0.74562,0.74571,1.25,3.37
2016.12.06 02:51:10.322,0.74562,0.74569,3.19,1.00
2016.12.06 02:51:28.486,0.74562,0.7457,1.69,1.12
2016.12.06 02:51:35.764,0.74563,0.74571,1.00,1.37
2016.12.06 02:51:35.815,0.74565,0.74574,1.69,2.25
2016.12.06 02:51:36.018,0.74566,0.74575,1.00,1.00
2016.12.06 02:51:37.128,0.74569,0.74575,1.25,1.00
2016.12.06 02:51:46.656,0.74569,0.74576,1.25,1.00
2016.12.06 02:51:49.017,0.74569,0.74578,3.19,3.00
2016.12.06 02:51:51.613,0.74569,0.74578,3.19,2.25
2016.12.06 02:51:52.186,0.7457,0.74578,2.25,2.25
2016.12.06 02:51:56.782,0.74569,0.74578,1.31,2.62
2016.12.06 02:52:09.028,0.7457,0.74578,1.00,1.00
2016.12.06 02:52:09.335,0.74572,0.74579,2.44,1.00
2016.12.06 02:52:10.379,0.74571,0.74579,1.00,1.00
2016.12.06 02:52:10.892,0.7457,0.74578,4.31,1.00
2016.12.06 02:52:21.476,0.74571,0.74578,2.25,1.12
2016.12.06 02:52:22.111,0.74571,0.7458,2.25,1.50
2016.12.06 02:52:23.071,0.74571,0.74578,2.25,1.00
2016.12.06 02:52:35.438,0.74572,0.74578,2.25,1.00
2016.12.06 02:52:41.445,0.74571,0.74578,1.00,1.00
2016.12.06 02:52:45.740,0.74573,0.74581,1.25,3.00
2016.12.06 02:52:46.247,0.74573,0.74579,1.25,1.00
2016.12.06 02:52:46.779,0.74573,0.7458,1.25,1.50
2016.12.06 02:52:47.686,0.7457,0.74575,5.81,1.00
2016.12.06 02:52:47.737,0.7457,0.74577,1.25,1.50
2016.12.06 02:52:48.243,0.74569,0.74576,2.25,1.00
2016.12.06 02:52:48.749,0.74569,0.74577,2.25,2.25
2016.12.06 02:52:49.013,0.74569,0.74575,2.25,1.00
2016.12.06 02:52:49.827,0.74567,0.74575,2.62,1.00
2016.12.06 02:52:51.881,0.74569,0.74575,1.00,1.00
2016.12.06 02:52:52.972,0.74569,0.74576,1.00,1.00
2016.12.06 02:52:53.304,0.74564,0.7457,2.06,1.00
2016.12.06 02:52:53.355,0.74564,0.74572,1.25,1.00
2016.12.06 02:52:53.608,0.74564,0.7457,3.19,1.00
2016.12.06 02:52:54.064,0.74566,0.74573,1.00,2.25
2016.12.06 02:52:54.166,0.74567,0.74574,1.00,1.12
2016.12.06 02:52:55.040,0.74566,0.74574,2.62,1.12
2016.12.06 02:52:55.294,0.74564,0.74574,3.19,1.12
2016.12.06 02:53:05.089,0.74564,0.74573,2.06,1.00
2016.12.06 02:53:06.736,0.74565,0.74573,1.00,1.00
2016.12.06 02:53:07.270,0.74564,0.74573,2.06,1.00
2016.12.06 02:53:09.295,0.74564,0.74572,2.06,1.00
2016.12.06 02:53:09.548,0.74564,0.74574,1.69,3.37
2016.12.06 02:53:11.432,0.74565,0.74574,1.25,2.62
2016.12.06 02:53:24.116,0.74565,0.74571,1.25,1.00
2016.12.06 02:53:24.167,0.74561,0.74571,2.62,1.50
2016.12.06 02:53:24.218,0.7456,0.74569,2.81,1.00
2016.12.06 02:53:24.826,0.7456,0.74569,1.69,1.50
2016.12.06 02:53:25.329,0.7456,0.74569,1.69,1.00
2016.12.06 02:53:28.565,0.7456,0.74569,1.69,1.50
2016.12.06 02:53:29.071,0.7456,0.74569,1.69,1.00
2016.12.06 02:53:30.144,0.7456,0.7457,1.69,4.50
2016.12.06 02:53:32.966,0.7456,0.7457,1.69,3.00
2016.12.06 02:53:45.901,0.74559,0.74567,3.19,1.00
2016.12.06 02:54:05.996,0.74559,0.74569,1.69,2.62
2016.12.06 02:54:09.281,0.74559,0.74567,1.69,1.00
2016.12.06 02:54:09.817,0.74558,0.74567,2.06,1.00
2016.12.06 02:54:11.744,0.74557,0.74565,3.75,1.00
2016.12.06 02:54:12.048,0.74556,0.74566,1.50,4.31
2016.12.06 02:54:12.150,0.74557,0.74561,1.00,1.50
2016.12.06 02:54:12.201,0.74556,0.74563,1.37,2.25
2016.12.06 02:54:12.252,0.74554,0.74563,1.12,1.00
2016.12.06 02:54:12.404,0.74555,0.74565,1.00,3.60
2016.12.06 02:54:12.657,0.74553,0.74561,1.12,1.00
2016.12.06 02:54:13.165,0.74551,0.7456,2.81,1.00
2016.12.06 02:54:13.710,0.74552,0.74561,1.87,1.00
2016.12.06 02:54:14.311,0.74553,0.74562,1.00,1.00
2016.12.06 02:54:15.070,0.74552,0.74562,2.62,1.00
2016.12.06 02:54:15.373,0.74551,0.7456,2.81,1.00
2016.12.06 02:54:15.930,0.74552,0.7456,1.00,1.00
2016.12.06 02:54:16.432,0.74551,0.7456,5.44,1.00
2016.12.06 02:54:16.887,0.74553,0.74562,1.00,1.00
2016.12.06 02:54:17.425,0.74552,0.74561,1.50,1.00
2016.12.06 02:54:17.943,0.74552,0.7456,1.00,1.00
2016.12.06 02:54:18.146,0.74552,0.74562,1.50,2.25
2016.12.06 02:54:18.956,0.74552,0.74563,1.87,1.00
2016.12.06 02:54:19.722,0.74554,0.74563,1.37,2.25
2016.12.06 02:54:20.027,0.74557,0.74565,1.12,1.87
2016.12.06 02:54:20.539,0.74555,0.74566,1.87,4.31
2016.12.06 02:54:21.046,0.74555,0.74565,1.87,1.50
2016.12.06 02:54:21.557,0.74555,0.74564,1.12,1.00
2016.12.06 02:54:22.076,0.74555,0.74563,1.12,1.25
2016.12.06 02:54:23.988,0.74552,0.74562,3.37,1.00
2016.12.06 02:54:24.040,0.74552,0.74562,2.25,1.00
2016.12.06 02:54:24.496,0.74551,0.74559,2.25,1.00
2016.12.06 02:54:24.598,0.74549,0.74558,1.12,1.00
2016.12.06 02:54:25.132,0.74548,0.74558,2.62,1.00
2016.12.06 02:54:26.603,0.74548,0.74556,2.62,1.00
2016.12.06 02:54:32.139,0.74548,0.74558,2.62,1.50
2016.12.06 02:54:40.514,0.74549,0.74558,1.00,1.87
2016.12.06 02:54:41.019,0.74548,0.74558,2.62,1.87
2016.12.06 02:54:48.443,0.7455,0.74559,1.00,1.50
2016.12.06 02:54:48.747,0.74552,0.7456,1.00,1.25
2016.12.06 02:54:49.287,0.74551,0.7456,2.25,1.25
2016.12.06 02:54:49.894,0.74552,0.7456,1.00,1.25
2016.12.06 02:54:50.541,0.74551,0.7456,3.75,1.25
2016.12.06 02:54:51.046,0.74552,0.7456,1.00,1.25
2016.12.06 02:54:51.551,0.74551,0.7456,3.00,1.25
2016.12.06 02:54:52.313,0.74552,0.7456,1.00,1.25
2016.12.06 02:54:52.860,0.74551,0.7456,4.50,1.25
2016.12.06 02:54:53.367,0.74552,0.7456,1.50,1.25
2016.12.06 02:54:53.873,0.74553,0.7456,1.00,1.25
2016.12.06 02:54:54.278,0.74552,0.74562,2.62,3.19
2016.12.06 02:55:00.147,0.74553,0.74562,1.00,3.19
2016.12.06 02:55:00.681,0.74552,0.74562,1.87,3.19
2016.12.06 02:55:01.431,0.74553,0.74562,1.00,3.19
2016.12.06 02:55:01.955,0.74552,0.74562,1.87,3.19
2016.12.06 02:55:04.834,0.74553,0.74562,1.00,3.19
2016.12.06 02:55:05.339,0.74552,0.74562,1.12,3.19
2016.12.06 02:55:06.078,0.74553,0.74562,1.00,3.19
2016.12.06 02:55:06.806,0.74551,0.74562,4.72,3.19
2016.12.06 02:55:12.430,0.74551,0.74561,5.47,1.25
2016.12.06 02:55:13.895,0.74553,0.74561,1.00,1.25
2016.12.06 02:55:14.446,0.74551,0.74561,4.12,1.25
2016.12.06 02:55:21.941,0.74551,0.74559,4.50,1.00
2016.12.06 02:55:25.991,0.74551,0.74559,2.62,1.00
2016.12.06 02:55:26.497,0.74552,0.74559,1.87,1.00
2016.12.06 02:55:26.700,0.74552,0.74561,2.25,1.00
2016.12.06 02:55:27.206,0.74553,0.74561,3.37,1.00
2016.12.06 02:55:27.725,0.74553,0.74562,4.50,1.00
2016.12.06 02:55:34.076,0.74554,0.74562,1.50,1.00
2016.12.06 02:55:35.576,0.74553,0.74562,3.00,1.00
2016.12.06 02:55:40.617,0.74556,0.74565,1.00,2.44
2016.12.06 02:55:43.324,0.74556,0.74565,1.00,1.25
2016.12.06 02:55:44.804,0.74556,0.74567,1.69,3.37
2016.12.06 02:55:44.906,0.74559,0.74567,1.00,3.37
2016.12.06 02:55:50.185,0.74558,0.74567,1.00,1.87
2016.12.06 02:55:50.489,0.7456,0.74568,1.00,2.81
2016.12.06 02:56:01.003,0.7456,0.74568,1.00,2.06
2016.12.06 02:56:01.914,0.7456,0.74568,1.00,1.31
2016.12.06 02:56:03.179,0.74558,0.74567,1.50,1.00
2016.12.06 02:56:12.196,0.74559,0.74567,1.00,1.00
2016.12.06 02:56:12.744,0.74558,0.74567,1.87,1.00
2016.12.06 02:56:13.249,0.74558,0.74568,2.62,2.44
2016.12.06 02:56:15.162,0.74559,0.74568,1.00,2.44
2016.12.06 02:56:15.670,0.74558,0.74568,2.62,2.44
2016.12.06 02:56:15.973,0.74558,0.74566,3.37,1.00
2016.12.06 02:56:20.534,0.74556,0.74564,3.94,1.00
2016.12.06 02:56:20.737,0.74554,0.74562,1.87,1.00
2016.12.06 02:56:21.273,0.74553,0.74561,2.25,1.00
2016.12.06 02:56:21.782,0.74553,0.7456,1.50,1.00
2016.12.06 02:56:31.598,0.74553,0.74561,1.50,1.00
2016.12.06 02:56:32.122,0.74552,0.74561,1.69,1.00
2016.12.06 02:56:38.428,0.74553,0.74561,1.25,1.00
2016.12.06 02:56:39.505,0.74553,0.74559,1.25,1.00
2016.12.06 02:56:39.556,0.74549,0.74559,5.62,1.00
2016.12.06 02:56:39.607,0.74549,0.74557,1.87,1.00
2016.12.06 02:56:39.708,0.74548,0.74557,3.19,1.00
2016.12.06 02:56:40.856,0.74548,0.74558,1.50,1.12
2016.12.06 02:56:40.908,0.74547,0.74554,2.25,1.00
2016.12.06 02:56:41.009,0.74544,0.74552,1.00,1.00
2016.12.06 02:56:41.212,0.74542,0.74552,4.87,1.00
2016.12.06 02:56:42.336,0.74542,0.74551,1.50,1.00
2016.12.06 02:56:51.045,0.74539,0.74543,4.87,1.00
2016.12.06 02:56:51.148,0.74531,0.7454,1.00,1.00
2016.12.06 02:56:51.200,0.74531,0.74536,1.00,1.37
2016.12.06 02:56:51.353,0.74525,0.74535,4.72,2.06
2016.12.06 02:56:51.404,0.74526,0.74535,1.00,2.06
2016.12.06 02:56:51.714,0.74524,0.74535,2.25,2.81
2016.12.06 02:56:51.765,0.74526,0.74535,1.00,2.81
2016.12.06 02:56:52.272,0.74525,0.74534,1.12,1.25
2016.12.06 02:56:52.324,0.74526,0.74537,1.00,2.62
2016.12.06 02:56:52.829,0.74526,0.74537,1.12,1.87
2016.12.06 02:56:53.335,0.74526,0.74538,1.87,3.37
2016.12.06 02:56:54.268,0.74527,0.74538,1.00,2.62
2016.12.06 02:56:54.845,0.74527,0.74537,1.00,1.12
2016.12.06 02:56:58.561,0.74529,0.74535,1.00,1.12
2016.12.06 02:56:58.804,0.74526,0.74535,3.37,1.37
2016.12.06 02:56:59.338,0.74527,0.74535,1.00,1.37
2016.12.06 02:56:59.875,0.74528,0.74535,1.00,1.37
2016.12.06 02:57:00.229,0.74526,0.74535,1.12,1.37
2016.12.06 02:57:00.685,0.74528,0.74535,1.00,1.37
2016.12.06 02:57:01.190,0.74527,0.74535,1.00,1.37
2016.12.06 02:57:01.548,0.74529,0.74535,1.00,1.37
2016.12.06 02:57:02.985,0.74528,0.74535,1.00,1.87
2016.12.06 02:57:03.492,0.74528,0.74536,2.25,1.87
2016.12.06 02:57:07.241,0.74528,0.74536,2.25,1.12
2016.12.06 02:57:11.490,0.74529,0.74536,1.00,1.12
2016.12.06 02:57:12.039,0.74528,0.74537,2.25,2.62
2016.12.06 02:57:12.585,0.74529,0.74537,1.00,2.62
2016.12.06 02:57:13.087,0.74528,0.74536,1.50,1.50
2016.12.06 02:57:13.591,0.74526,0.74535,2.62,1.00
2016.12.06 02:57:14.097,0.74525,0.74535,5.06,1.50
2016.12.06 02:57:14.199,0.74527,0.74535,1.00,1.50
2016.12.06 02:57:14.301,0.74525,0.74535,5.06,1.50
2016.12.06 02:57:14.636,0.74525,0.74533,3.19,1.00
2016.12.06 02:57:15.397,0.74525,0.74534,1.00,1.00
2016.12.06 02:57:16.705,0.74524,0.74534,2.25,2.25
2016.12.06 02:57:17.132,0.74526,0.74534,1.00,1.50
2016.12.06 02:57:18.950,0.74526,0.74535,2.25,1.12
2016.12.06 02:57:19.496,0.74527,0.74535,1.00,1.00
2016.12.06 02:57:20.004,0.74526,0.74535,2.25,1.00
2016.12.06 02:57:20.341,0.74528,0.74535,1.00,1.00
2016.12.06 02:57:20.848,0.74527,0.74535,1.00,1.00
2016.12.06 02:57:23.942,0.74528,0.74535,1.00,1.00
2016.12.06 02:57:24.288,0.74526,0.74535,2.25,1.00
2016.12.06 02:57:24.786,0.74528,0.74535,1.00,1.00
2016.12.06 02:57:25.315,0.74527,0.74535,1.00,1.00
2016.12.06 02:57:25.820,0.74528,0.74535,1.00,1.00
2016.12.06 02:57:25.871,0.74526,0.74535,2.25,1.00
2016.12.06 02:57:26.485,0.74527,0.74535,1.00,1.00
2016.12.06 02:57:26.991,0.74526,0.74535,2.25,1.00
2016.12.06 02:57:29.112,0.74527,0.74535,1.00,1.00
2016.12.06 02:57:29.639,0.74526,0.74535,1.50,1.00
2016.12.06 02:57:30.250,0.74527,0.74535,1.00,1.00
2016.12.06 02:57:30.938,0.74526,0.74535,2.25,1.00
2016.12.06 02:57:31.498,0.74527,0.74535,1.00,1.00
2016.12.06 02:57:32.083,0.74526,0.74535,2.25,1.00
2016.12.06 02:57:33.140,0.74527,0.74535,1.00,1.00
2016.12.06 02:57:33.717,0.74526,0.74535,2.25,1.00
2016.12.06 02:57:36.210,0.74527,0.74535,1.00,1.00
2016.12.06 02:57:36.743,0.74526,0.74535,2.25,1.00
2016.12.06 02:57:37.855,0.74527,0.74535,1.00,1.00
2016.12.06 02:57:38.360,0.74526,0.74535,1.50,1.00
2016.12.06 02:57:38.888,0.74527,0.74535,1.00,1.00
2016.12.06 02:57:39.422,0.74526,0.74535,2.25,1.00
2016.12.06 02:57:39.938,0.74527,0.74535,1.00,1.00
2016.12.06 02:57:40.943,0.74526,0.74535,1.50,1.00
2016.12.06 02:57:44.343,0.74525,0.74535,3.00,1.00
2016.12.06 02:57:44.845,0.74526,0.74535,1.00,1.50
2016.12.06 02:57:45.584,0.74527,0.74535,1.00,1.50
2016.12.06 02:57:48.306,0.74526,0.74535,1.00,1.50
2016.12.06 02:57:49.036,0.74525,0.74535,3.00,1.50
2016.12.06 02:57:49.391,0.74527,0.74534,1.00,1.00
2016.12.06 02:57:51.206,0.74526,0.74534,1.00,1.00
2016.12.06 02:57:51.712,0.74527,0.74534,1.00,1.00
2016.12.06 02:57:52.218,0.74527,0.74535,1.00,1.00
2016.12.06 02:57:52.522,0.74524,0.74535,2.06,1.00
2016.12.06 02:57:52.623,0.74524,0.74533,2.06,1.00
2016.12.06 02:57:52.927,0.74521,0.74531,1.37,2.25
2016.12.06 02:57:53.233,0.7452,0.74529,1.00,1.00
2016.12.06 02:57:53.537,0.74522,0.74529,1.00,1.00
2016.12.06 02:57:53.842,0.74524,0.7453,1.00,1.00
2016.12.06 02:57:53.893,0.74522,0.74531,1.00,1.12
2016.12.06 02:57:54.400,0.74523,0.74531,1.00,1.12
2016.12.06 02:57:54.451,0.74521,0.74531,1.50,1.12
2016.12.06 02:57:54.680,0.74521,0.74529,1.00,2.25
2016.12.06 02:57:54.882,0.74518,0.74527,1.25,1.00
2016.12.06 02:57:55.096,0.74516,0.74525,1.00,1.00
2016.12.06 02:57:55.400,0.7452,0.74527,1.00,1.25
2016.12.06 02:57:55.806,0.74522,0.74528,1.00,1.00
2016.12.06 02:57:55.960,0.7452,0.74528,1.00,1.00
2016.12.06 02:57:56.112,0.74521,0.7453,1.00,1.50
2016.12.06 02:57:56.618,0.74522,0.74529,1.00,1.00
2016.12.06 02:57:57.125,0.74521,0.74529,1.12,1.00
2016.12.06 02:57:58.106,0.74522,0.7453,1.00,1.50
2016.12.06 02:57:58.181,0.7452,0.7453,1.00,1.50
2016.12.06 02:57:58.383,0.74522,0.7453,1.00,1.50
2016.12.06 02:57:58.536,0.7452,0.7453,1.00,1.50
2016.12.06 02:57:59.093,0.74521,0.74528,1.00,1.00
2016.12.06 02:57:59.599,0.74519,0.74527,1.00,1.00
2016.12.06 02:57:59.864,0.74516,0.74527,1.87,1.69
2016.12.06 02:58:00.371,0.74518,0.74526,1.00,1.00
2016.12.06 02:58:00.877,0.74516,0.74526,3.75,1.00
2016.12.06 02:58:01.484,0.74516,0.74526,1.50,1.00
2016.12.06 02:58:02.040,0.74517,0.74526,1.00,1.00
2016.12.06 02:58:02.558,0.74518,0.74526,1.00,1.00
2016.12.06 02:58:03.323,0.74518,0.74527,1.00,1.69
2016.12.06 02:58:05.589,0.74519,0.74527,1.00,1.69
2016.12.06 02:58:06.118,0.74518,0.74527,1.00,1.69
2016.12.06 02:58:06.639,0.74519,0.74527,1.00,1.69
2016.12.06 02:58:07.185,0.74518,0.74527,1.50,1.69
2016.12.06 02:58:08.212,0.74519,0.74527,1.00,1.69
2016.12.06 02:58:08.736,0.74518,0.74527,1.50,1.69
2016.12.06 02:58:09.941,0.74519,0.74527,1.00,1.69
2016.12.06 02:58:10.604,0.74518,0.74527,1.00,1.69
2016.12.06 02:58:13.321,0.74518,0.74526,1.00,1.00
2016.12.06 02:58:14.028,0.74518,0.74525,1.00,1.00
2016.12.06 02:58:14.534,0.74519,0.74525,1.00,1.00
2016.12.06 02:58:17.561,0.74519,0.74526,3.00,1.00
2016.12.06 02:58:21.605,0.7452,0.74526,2.25,1.00
2016.12.06 02:58:22.748,0.7452,0.74527,3.00,1.31
2016.12.06 02:58:24.312,0.74519,0.74527,3.00,1.31
2016.12.06 02:58:30.621,0.7452,0.74527,2.25,1.31
2016.12.06 02:58:31.442,0.74519,0.74527,3.00,1.31
2016.12.06 02:58:33.452,0.7452,0.74527,2.25,1.25
2016.12.06 02:58:40.489,0.74521,0.74527,2.25,1.25
2016.12.06 02:58:41.041,0.74523,0.74528,1.00,1.00
2016.12.06 02:58:41.194,0.74524,0.74532,2.25,2.06
2016.12.06 02:58:42.085,0.74525,0.74532,1.00,1.69
2016.12.06 02:58:42.641,0.74526,0.74534,1.00,2.25
2016.12.06 02:58:43.147,0.74527,0.74534,2.25,1.00
2016.12.06 02:58:44.229,0.74527,0.74535,2.25,1.87
2016.12.06 02:58:44.735,0.74526,0.74535,2.62,1.87
2016.12.06 02:58:46.633,0.74527,0.74535,2.25,1.12
2016.12.06 02:58:48.174,0.74527,0.74534,2.25,1.00
2016.12.06 02:58:51.601,0.74527,0.74536,2.25,3.19
2016.12.06 02:59:00.695,0.74528,0.74536,1.00,2.25
2016.12.06 02:59:01.715,0.74526,0.74536,2.62,3.00
2016.12.06 02:59:02.224,0.74526,0.74535,2.62,1.50
2016.12.06 02:59:04.712,0.74527,0.74535,1.00,1.50
2016.12.06 02:59:07.603,0.74527,0.74536,1.00,2.25
2016.12.06 02:59:08.753,0.74528,0.74536,1.00,1.12
2016.12.06 02:59:10.384,0.74527,0.74536,1.00,1.25
2016.12.06 02:59:11.012,0.74526,0.74536,1.00,1.69
2016.12.06 02:59:11.535,0.74526,0.74535,1.00,2.25
2016.12.06 02:59:12.040,0.74525,0.74535,1.00,2.25
2016.12.06 02:59:20.125,0.74524,0.7453,1.00,1.00
2016.12.06 02:59:20.279,0.74521,0.74529,1.00,1.00
2016.12.06 02:59:20.476,0.74518,0.74529,3.94,1.00
2016.12.06 02:59:20.578,0.74518,0.74529,2.44,1.75
2016.12.06 02:59:20.679,0.74519,0.74529,1.00,1.00
2016.12.06 02:59:21.186,0.7452,0.7453,2.25,1.00
2016.12.06 02:59:21.692,0.7452,0.74531,2.25,1.50
2016.12.06 02:59:23.435,0.74519,0.74527,1.12,1.50
2016.12.06 02:59:23.588,0.74517,0.74526,2.62,1.50
2016.12.06 02:59:24.043,0.74519,0.74527,1.00,1.69
2016.12.06 02:59:25.001,0.74517,0.74527,3.75,1.25
2016.12.06 02:59:25.613,0.74518,0.74527,1.00,1.25
2016.12.06 02:59:26.237,0.74517,0.74527,3.75,1.25
2016.12.06 02:59:32.740,0.74518,0.74527,1.00,1.25
2016.12.06 02:59:33.246,0.74517,0.74527,4.87,1.25
2016.12.06 02:59:35.840,0.74518,0.74527,1.00,1.25
2016.12.06 02:59:36.347,0.74517,0.74527,3.00,1.25
2016.12.06 02:59:38.105,0.74518,0.74527,1.00,1.25
2016.12.06 02:59:39.085,0.74517,0.74527,4.50,1.25
2016.12.06 02:59:41.445,0.74518,0.74528,1.00,3.56
2016.12.06 02:59:42.039,0.74518,0.74526,1.00,1.00
2016.12.06 02:59:42.548,0.74517,0.74526,2.25,1.00
2016.12.06 02:59:43.689,0.74518,0.74526,1.00,1.00
2016.12.06 02:59:44.256,0.74517,0.74526,3.00,1.00
2016.12.06 02:59:47.441,0.74518,0.74526,1.00,1.00
2016.12.06 02:59:47.974,0.74517,0.74526,3.75,1.00
