2016.12.13 14:00:00.575,0.75112,0.75122,1.00,3.75
2016.12.13 14:00:01.110,0.75111,0.75121,1.00,1.00
2016.12.13 14:00:01.616,0.75112,0.75122,1.50,1.37
2016.12.13 14:00:02.131,0.75112,0.75123,1.12,3.94
2016.12.13 14:00:05.524,0.75111,0.75122,3.00,5.25
2016.12.13 14:00:06.042,0.75111,0.75121,1.50,1.50
2016.12.13 14:00:08.576,0.75111,0.7512,1.50,1.00
2016.12.13 14:00:08.942,0.75109,0.75118,1.87,1.00
2016.12.13 14:00:09.144,0.75108,0.75119,1.87,1.50
2016.12.13 14:00:12.826,0.75109,0.75119,2.25,1.12
2016.12.13 14:00:12.928,0.75111,0.7512,1.00,1.50
2016.12.13 14:00:13.232,0.75112,0.75122,2.47,4.69
2016.12.13 14:00:13.872,0.75111,0.75122,4.50,3.56
2016.12.13 14:00:14.024,0.75111,0.75121,4.12,1.00
2016.12.13 14:00:16.569,0.75113,0.75121,1.00,1.50
2016.12.13 14:00:17.132,0.75113,0.75122,3.00,2.81
2016.12.13 14:00:17.691,0.75114,0.75122,1.00,1.31
2016.12.13 14:00:18.197,0.75113,0.75121,1.00,1.00
2016.12.13 14:00:19.109,0.75112,0.75122,1.50,6.19
2016.12.13 14:00:19.413,0.7511,0.75119,1.25,1.50
2016.12.13 14:00:20.122,0.7511,0.75119,1.69,3.75
2016.12.13 14:00:20.628,0.7511,0.75119,1.69,3.37
2016.12.13 14:00:21.537,0.7511,0.75119,1.69,1.00
2016.12.13 14:00:22.043,0.7511,0.7512,1.31,6.00
2016.12.13 14:00:23.079,0.7511,0.75118,1.31,1.00
2016.12.13 14:00:23.588,0.7511,0.75119,1.31,4.50
2016.12.13 14:00:24.753,0.75108,0.75118,5.62,1.00
2016.12.13 14:00:25.260,0.75109,0.75119,1.37,6.75
2016.12.13 14:00:27.398,0.75108,0.75116,1.00,1.00
2016.12.13 14:00:27.651,0.75106,0.75115,1.25,1.87
2016.12.13 14:00:27.855,0.75107,0.75118,4.87,2.62
2016.12.13 14:00:27.906,0.75108,0.75118,1.50,2.25
2016.12.13 14:00:28.513,0.75108,0.75119,4.87,3.75
2016.12.13 14:00:30.514,0.75108,0.75118,3.37,1.00
2016.12.13 14:00:30.919,0.75109,0.7512,2.25,5.06
2016.12.13 14:00:31.020,0.7511,0.7512,1.37,3.19
2016.12.13 14:00:33.931,0.7511,0.7512,1.87,5.06
2016.12.13 14:00:35.212,0.7511,0.7512,1.00,6.94
2016.12.13 14:00:40.439,0.75109,0.75116,1.37,1.00
2016.12.13 14:00:40.642,0.75107,0.75115,1.87,5.81
2016.12.13 14:00:40.694,0.75107,0.75113,1.12,1.12
2016.12.13 14:00:40.947,0.75103,0.75112,1.31,1.00
2016.12.13 14:00:41.404,0.75106,0.75114,1.50,2.62
2016.12.13 14:00:41.760,0.75104,0.75114,3.37,1.00
2016.12.13 14:00:42.307,0.75105,0.75114,2.62,1.00
2016.12.13 14:00:43.742,0.75104,0.75114,2.62,1.87
2016.12.13 14:00:44.249,0.75104,0.75113,2.62,1.00
2016.12.13 14:00:45.204,0.75103,0.75112,1.87,1.00
2016.12.13 14:00:48.061,0.75101,0.75112,1.12,3.37
2016.12.13 14:00:48.164,0.751,0.7511,7.12,1.12
2016.12.13 14:00:48.541,0.751,0.75112,7.12,6.37
2016.12.13 14:00:49.074,0.75101,0.75111,1.50,2.25
2016.12.13 14:00:51.121,0.75102,0.75111,1.00,1.50
2016.12.13 14:00:51.627,0.75101,0.75111,3.37,1.50
2016.12.13 14:00:52.154,0.75101,0.75112,2.62,6.00
2016.12.13 14:00:52.660,0.75101,0.75111,2.25,1.00
2016.12.13 14:00:53.430,0.75101,0.75112,2.25,4.87
2016.12.13 14:00:54.460,0.75101,0.7511,2.25,1.00
2016.12.13 14:00:55.219,0.75101,0.75105,1.00,1.00
2016.12.13 14:00:55.321,0.75099,0.75107,1.37,1.00
2016.12.13 14:00:55.372,0.75099,0.75105,1.00,1.00
2016.12.13 14:00:55.620,0.75097,0.75105,1.50,2.06
2016.12.13 14:00:55.780,0.75094,0.75102,1.37,1.00
2016.12.13 14:00:56.286,0.75094,0.75102,3.00,1.00
2016.12.13 14:00:56.787,0.75094,0.75104,4.87,1.12
2016.12.13 14:00:57.141,0.75094,0.75102,1.87,1.00
2016.12.13 14:00:57.458,0.75093,0.751,1.00,1.00
2016.12.13 14:00:57.963,0.75092,0.751,1.12,1.00
2016.12.13 14:00:58.672,0.75091,0.75098,1.50,1.00
2016.12.13 14:00:59.220,0.75091,0.75098,2.62,1.00
2016.12.13 14:01:00.077,0.75091,0.75099,1.87,1.00
2016.12.13 14:01:01.286,0.75091,0.75097,1.87,1.00
2016.12.13 14:01:02.501,0.75091,0.75097,1.37,1.00
2016.12.13 14:01:03.274,0.75091,0.75099,1.37,1.00
2016.12.13 14:01:05.122,0.75091,0.75099,3.00,1.00
2016.12.13 14:01:05.174,0.75093,0.75099,1.00,1.00
2016.12.13 14:01:05.276,0.75091,0.75099,2.25,1.00
2016.12.13 14:01:05.570,0.75093,0.75099,1.00,1.00
2016.12.13 14:01:05.671,0.75093,0.75101,1.12,1.50
2016.12.13 14:01:06.027,0.75093,0.75099,1.12,1.00
2016.12.13 14:01:06.078,0.75093,0.75102,1.00,3.75
2016.12.13 14:01:06.585,0.75091,0.75102,1.87,6.00
2016.12.13 14:01:07.087,0.75091,0.75101,3.37,3.37
2016.12.13 14:01:10.257,0.75091,0.751,1.00,3.19
2016.12.13 14:01:10.359,0.75089,0.75097,2.25,1.50
2016.12.13 14:01:10.411,0.75089,0.75096,1.12,1.12
2016.12.13 14:01:10.463,0.75086,0.75096,3.75,2.62
2016.12.13 14:01:10.617,0.75084,0.75093,1.12,1.50
2016.12.13 14:01:10.720,0.75082,0.75092,2.62,1.87
2016.12.13 14:01:13.295,0.75081,0.75092,1.12,5.25
2016.12.13 14:01:15.887,0.75081,0.75092,3.37,4.87
2016.12.13 14:01:16.601,0.75081,0.75092,4.12,5.62
2016.12.13 14:01:17.262,0.75081,0.75092,4.12,4.87
2016.12.13 14:01:18.756,0.75081,0.75091,1.87,1.12
2016.12.13 14:01:19.667,0.75081,0.7509,1.50,1.00
2016.12.13 14:01:20.187,0.75081,0.75091,1.12,1.87
2016.12.13 14:01:20.702,0.75081,0.7509,1.12,1.00
2016.12.13 14:01:20.854,0.75081,0.75092,1.12,7.87
2016.12.13 14:01:22.825,0.75081,0.75091,1.87,1.00
2016.12.13 14:01:23.345,0.75081,0.75092,1.12,5.25
2016.12.13 14:01:23.926,0.75081,0.75091,1.87,1.00
2016.12.13 14:01:24.433,0.75081,0.75092,3.37,5.62
2016.12.13 14:01:24.944,0.75082,0.75091,1.12,1.00
2016.12.13 14:01:26.356,0.75082,0.75092,3.00,4.50
2016.12.13 14:01:27.027,0.75082,0.75091,3.75,1.00
2016.12.13 14:01:28.411,0.75081,0.75092,7.69,3.75
2016.12.13 14:01:29.258,0.75082,0.75091,1.12,1.00
2016.12.13 14:01:30.070,0.75081,0.75092,7.69,3.75
2016.12.13 14:01:30.593,0.75083,0.75092,2.62,2.62
2016.12.13 14:01:32.238,0.75084,0.75092,3.37,1.00
2016.12.13 14:01:32.441,0.75086,0.75093,1.12,1.25
2016.12.13 14:01:32.745,0.75086,0.75095,1.00,1.00
2016.12.13 14:01:32.797,0.75088,0.75095,3.00,1.00
2016.12.13 14:01:32.950,0.75091,0.75099,2.62,1.31
2016.12.13 14:01:33.255,0.7509,0.75094,3.00,1.00
2016.12.13 14:01:33.366,0.75089,0.75095,1.00,3.75
2016.12.13 14:01:33.418,0.75085,0.75094,6.00,1.00
2016.12.13 14:01:33.881,0.75088,0.75096,1.50,1.12
2016.12.13 14:01:34.084,0.75089,0.75099,4.87,5.44
2016.12.13 14:01:35.472,0.7509,0.75099,2.62,4.69
2016.12.13 14:01:35.998,0.75089,0.75099,4.12,2.44
2016.12.13 14:01:36.566,0.7509,0.75099,2.62,1.69
2016.12.13 14:01:37.134,0.75089,0.75099,5.62,3.19
2016.12.13 14:01:38.329,0.75088,0.75098,5.62,1.00
2016.12.13 14:01:39.039,0.7509,0.75098,2.62,1.00
2016.12.13 14:01:39.553,0.75089,0.75098,3.75,1.00
2016.12.13 14:01:40.318,0.7509,0.75098,2.62,1.00
2016.12.13 14:01:41.236,0.75089,0.75098,4.50,1.00
2016.12.13 14:01:42.426,0.75088,0.75095,1.50,1.00
2016.12.13 14:01:42.579,0.75085,0.75093,1.25,2.62
2016.12.13 14:01:42.872,0.75083,0.75093,4.31,2.62
2016.12.13 14:01:44.758,0.75083,0.75091,2.62,1.50
2016.12.13 14:01:44.860,0.75081,0.7509,3.37,1.50
2016.12.13 14:01:45.419,0.75082,0.7509,2.62,1.87
2016.12.13 14:01:46.616,0.75081,0.7509,2.62,1.87
2016.12.13 14:01:47.173,0.75082,0.7509,2.62,1.87
2016.12.13 14:01:47.715,0.75081,0.75091,3.37,1.50
2016.12.13 14:01:48.352,0.75081,0.75091,4.12,2.62
2016.12.13 14:01:50.613,0.75082,0.75092,3.00,3.56
2016.12.13 14:01:51.625,0.75081,0.7509,3.75,1.00
2016.12.13 14:01:52.131,0.75081,0.75089,2.62,1.50
2016.12.13 14:01:52.653,0.75082,0.75089,2.62,2.25
2016.12.13 14:01:53.722,0.75081,0.75089,2.62,2.25
2016.12.13 14:01:56.041,0.75082,0.7509,2.62,2.25
2016.12.13 14:01:56.564,0.75082,0.7509,2.62,1.50
2016.12.13 14:01:57.071,0.75081,0.75091,3.37,4.12
2016.12.13 14:01:57.667,0.75081,0.7509,3.37,1.00
2016.12.13 14:01:58.182,0.75081,0.75091,3.37,5.62
2016.12.13 14:01:58.687,0.75082,0.7509,2.62,1.00
2016.12.13 14:01:59.193,0.75082,0.75091,2.62,5.62
2016.12.13 14:02:05.630,0.75081,0.75092,6.00,3.75
2016.12.13 14:02:06.162,0.75082,0.75092,2.62,1.50
2016.12.13 14:02:06.922,0.75083,0.75092,1.00,1.50
2016.12.13 14:02:07.557,0.75082,0.75091,1.00,1.12
2016.12.13 14:02:08.665,0.75081,0.75091,3.00,2.62
2016.12.13 14:02:10.015,0.75082,0.75091,2.62,3.37
2016.12.13 14:02:10.318,0.75082,0.75089,2.62,1.00
2016.12.13 14:02:10.853,0.75081,0.7509,3.00,2.25
2016.12.13 14:02:11.311,0.75082,0.75091,2.62,2.25
2016.12.13 14:02:11.825,0.75081,0.75091,3.75,3.00
2016.12.13 14:02:12.454,0.75081,0.7509,3.75,1.00
2016.12.13 14:02:13.357,0.75082,0.7509,2.62,1.00
2016.12.13 14:02:13.510,0.75082,0.75088,1.12,1.12
2016.12.13 14:02:13.864,0.7508,0.75089,3.37,3.00
2016.12.13 14:02:14.366,0.75081,0.7509,1.12,5.25
2016.12.13 14:02:14.724,0.75082,0.75088,1.12,1.00
2016.12.13 14:02:15.235,0.75081,0.7509,1.12,7.50
2016.12.13 14:02:16.089,0.75081,0.75089,1.12,3.00
2016.12.13 14:02:17.406,0.75082,0.75089,1.12,3.00
2016.12.13 14:02:17.957,0.75082,0.7509,1.12,7.50
2016.12.13 14:02:18.463,0.75082,0.75089,1.12,1.50
2016.12.13 14:02:18.564,0.75082,0.75087,1.12,3.94
2016.12.13 14:02:18.615,0.75078,0.75086,1.12,1.87
2016.12.13 14:02:18.666,0.75077,0.75084,2.25,1.12
2016.12.13 14:02:18.978,0.75076,0.75082,1.00,2.25
2016.12.13 14:02:19.033,0.75073,0.75082,2.62,1.37
2016.12.13 14:02:19.582,0.75073,0.7508,1.87,1.00
2016.12.13 14:02:20.088,0.75072,0.7508,1.50,1.00
2016.12.13 14:02:20.593,0.75072,0.75082,2.25,4.31
2016.12.13 14:02:21.101,0.75072,0.75082,1.87,3.56
2016.12.13 14:02:21.607,0.75072,0.75082,2.25,2.06
2016.12.13 14:02:22.523,0.75072,0.75082,2.62,2.06
2016.12.13 14:02:23.030,0.75072,0.75082,2.25,3.56
2016.12.13 14:02:25.086,0.75072,0.75082,2.25,3.19
2016.12.13 14:02:32.615,0.75072,0.75081,2.25,1.50
2016.12.13 14:02:33.122,0.75072,0.75081,1.50,1.50
2016.12.13 14:02:37.276,0.75071,0.75081,2.06,3.00
2016.12.13 14:02:38.289,0.75072,0.75081,1.00,2.25
2016.12.13 14:02:38.826,0.75071,0.7508,2.44,1.87
2016.12.13 14:02:38.980,0.75073,0.75081,1.00,3.37
2016.12.13 14:02:39.487,0.75073,0.75082,1.12,3.56
2016.12.13 14:02:39.791,0.75071,0.7508,2.81,1.00
2016.12.13 14:02:43.663,0.75071,0.7508,1.69,1.12
2016.12.13 14:02:47.676,0.75072,0.7508,1.00,1.12
2016.12.13 14:02:47.778,0.75073,0.75082,1.00,4.31
2016.12.13 14:02:48.283,0.75073,0.75081,1.12,1.00
2016.12.13 14:02:48.821,0.75073,0.75082,1.12,1.69
2016.12.13 14:02:50.817,0.75074,0.75082,1.50,1.69
2016.12.13 14:02:50.919,0.75077,0.75082,1.00,1.00
2016.12.13 14:02:51.022,0.75078,0.75085,1.12,1.12
2016.12.13 14:02:51.529,0.75078,0.75086,1.50,1.25
2016.12.13 14:02:51.682,0.75075,0.75086,5.06,9.19
2016.12.13 14:02:52.203,0.75076,0.75086,1.25,5.25
2016.12.13 14:02:53.631,0.75076,0.75086,1.69,2.25
2016.12.13 14:02:56.865,0.75077,0.75086,1.00,1.50
2016.12.13 14:02:57.171,0.75079,0.75087,1.50,1.25
2016.12.13 14:02:57.681,0.75077,0.75087,1.00,1.69
2016.12.13 14:02:58.184,0.75077,0.75087,1.20,1.25
2016.12.13 14:02:59.231,0.75076,0.75086,6.94,1.00
2016.12.13 14:03:00.034,0.75078,0.75086,1.00,1.12
2016.12.13 14:03:00.086,0.75076,0.75086,1.69,1.00
2016.12.13 14:03:00.592,0.75076,0.75086,1.69,1.50
2016.12.13 14:03:02.744,0.75079,0.75086,1.00,1.50
2016.12.13 14:03:02.846,0.75079,0.75087,1.00,1.69
2016.12.13 14:03:04.202,0.75078,0.75087,3.00,1.31
2016.12.13 14:03:04.769,0.75079,0.75087,1.00,1.31
2016.12.13 14:03:05.928,0.75077,0.75087,6.37,1.31
2016.12.13 14:03:10.227,0.75077,0.75085,1.00,1.50
2016.12.13 14:03:10.328,0.75075,0.75084,3.00,1.25
2016.12.13 14:03:11.143,0.75076,0.75084,1.12,1.25
2016.12.13 14:03:11.650,0.75076,0.75085,3.37,2.25
2016.12.13 14:03:11.701,0.75077,0.75087,1.50,1.37
2016.12.13 14:03:12.056,0.75079,0.75088,1.87,1.62
2016.12.13 14:03:12.596,0.75079,0.75088,1.87,1.25
2016.12.13 14:03:13.108,0.75078,0.75088,3.37,1.25
2016.12.13 14:03:13.454,0.7508,0.7509,2.47,4.87
2016.12.13 14:03:15.622,0.7508,0.75089,1.87,1.00
2016.12.13 14:03:16.335,0.7508,0.75087,1.12,1.00
2016.12.13 14:03:16.437,0.75078,0.75087,1.12,1.69
2016.12.13 14:03:18.293,0.75079,0.75087,2.25,1.25
2016.12.13 14:03:19.317,0.75078,0.75087,1.00,1.25
2016.12.13 14:03:19.824,0.75079,0.75087,3.22,1.25
2016.12.13 14:03:20.331,0.75079,0.75087,3.75,1.25
2016.12.13 14:03:31.474,0.7508,0.75091,2.06,6.19
2016.12.13 14:03:31.525,0.75081,0.75091,3.60,2.06
2016.12.13 14:03:31.781,0.75083,0.75094,1.00,5.25
2016.12.13 14:03:31.832,0.75086,0.75094,3.04,3.00
2016.12.13 14:03:32.138,0.75089,0.75097,1.00,1.25
2016.12.13 14:03:32.745,0.75089,0.75097,5.25,1.25
2016.12.13 14:03:32.796,0.75091,0.75101,1.00,3.00
2016.12.13 14:03:32.946,0.75091,0.75102,1.72,9.56
2016.12.13 14:03:38.949,0.75092,0.75101,1.00,1.00
2016.12.13 14:03:39.831,0.75093,0.75102,3.60,2.25
2016.12.13 14:03:39.933,0.75094,0.75103,6.22,1.00
2016.12.13 14:03:40.035,0.75095,0.75105,1.50,1.69
2016.12.13 14:03:40.565,0.75094,0.75104,2.25,1.00
2016.12.13 14:03:41.274,0.75096,0.75104,1.50,1.00
2016.12.13 14:03:41.589,0.75099,0.75107,3.00,1.00
2016.12.13 14:03:41.640,0.751,0.75111,4.16,2.06
2016.12.13 14:03:42.148,0.751,0.7511,3.56,1.00
2016.12.13 14:03:43.337,0.751,0.75111,3.56,3.56
2016.12.13 14:03:44.426,0.751,0.75108,2.44,1.00
2016.12.13 14:03:44.631,0.75098,0.75107,1.50,1.00
2016.12.13 14:03:44.732,0.75099,0.75109,1.50,2.06
2016.12.13 14:03:44.885,0.75099,0.75109,2.62,1.25
2016.12.13 14:03:45.393,0.751,0.75109,1.00,1.25
2016.12.13 14:03:45.901,0.751,0.75111,3.00,4.87
2016.12.13 14:03:47.041,0.751,0.75112,2.85,4.69
2016.12.13 14:03:47.544,0.75101,0.75112,1.50,2.44
2016.12.13 14:03:49.873,0.75103,0.75113,1.25,1.50
2016.12.13 14:03:50.178,0.75105,0.75114,1.50,1.69
2016.12.13 14:03:50.477,0.75108,0.75118,1.87,3.56
2016.12.13 14:03:51.023,0.75108,0.75117,1.12,1.00
2016.12.13 14:03:51.226,0.75107,0.75115,2.44,1.00
2016.12.13 14:03:51.733,0.75107,0.75116,1.25,2.62
2016.12.13 14:03:52.072,0.7511,0.75118,1.50,1.25
2016.12.13 14:03:52.376,0.75111,0.75118,1.37,1.25
2016.12.13 14:03:53.099,0.75112,0.75121,1.12,2.25
2016.12.13 14:03:53.150,0.75114,0.75122,1.00,1.50
2016.12.13 14:03:53.252,0.75114,0.75123,1.00,4.31
2016.12.13 14:03:53.353,0.75115,0.75123,1.37,3.94
2016.12.13 14:03:53.541,0.75117,0.75126,1.87,3.00
2016.12.13 14:03:53.593,0.75119,0.75126,1.12,1.50
2016.12.13 14:03:53.898,0.75119,0.75127,1.87,1.69
2016.12.13 14:03:54.252,0.75119,0.75129,1.37,1.12
2016.12.13 14:03:54.789,0.7512,0.7513,1.00,2.06
2016.12.13 14:03:55.295,0.75119,0.75129,2.62,1.00
2016.12.13 14:03:55.801,0.75119,0.75128,1.87,1.00
2016.12.13 14:03:56.369,0.7512,0.7513,1.00,2.44
2016.12.13 14:03:57.079,0.75119,0.7513,3.37,2.06
2016.12.13 14:03:57.612,0.7512,0.75129,1.00,1.00
2016.12.13 14:03:58.124,0.75119,0.7513,5.25,3.56
2016.12.13 14:03:58.794,0.7512,0.75129,1.37,1.00
2016.12.13 14:03:59.148,0.75122,0.7513,1.87,1.25
2016.12.13 14:04:01.373,0.75123,0.75133,1.12,2.62
2016.12.13 14:04:01.729,0.75125,0.75133,1.00,1.87
2016.12.13 14:04:05.476,0.75122,0.75133,4.50,3.00
2016.12.13 14:04:05.982,0.75123,0.75133,1.87,1.12
2016.12.13 14:04:07.638,0.75123,0.75132,1.12,1.00
2016.12.13 14:04:08.669,0.75122,0.75132,1.87,1.00
2016.12.13 14:04:08.976,0.75121,0.7513,1.50,1.31
2016.12.13 14:04:09.636,0.75121,0.7513,1.00,1.31
2016.12.13 14:04:15.632,0.75121,0.7513,4.87,1.25
2016.12.13 14:04:16.139,0.75121,0.7513,4.12,1.25
2016.12.13 14:04:16.645,0.75122,0.7513,2.25,1.25
2016.12.13 14:04:16.747,0.75122,0.75132,2.81,1.50
2016.12.13 14:04:17.251,0.75123,0.75132,1.50,1.00
2016.12.13 14:04:17.910,0.75123,0.75131,1.00,3.00
2016.12.13 14:04:18.113,0.75121,0.7513,1.00,2.44
2016.12.13 14:04:18.316,0.7512,0.7513,2.10,2.44
2016.12.13 14:04:18.609,0.75122,0.7513,1.00,1.31
2016.12.13 14:04:19.923,0.75121,0.7513,1.00,1.31
2016.12.13 14:04:22.650,0.75122,0.7513,1.00,1.25
2016.12.13 14:04:24.725,0.75121,0.7513,1.00,1.25
2016.12.13 14:04:27.572,0.7512,0.75126,3.75,1.31
2016.12.13 14:04:27.878,0.75115,0.75122,1.00,1.12
2016.12.13 14:04:27.930,0.75113,0.75123,2.62,1.87
2016.12.13 14:04:28.886,0.75114,0.75124,1.50,2.44
2016.12.13 14:04:29.393,0.75113,0.75124,2.62,3.94
2016.12.13 14:04:30.354,0.75115,0.75124,4.12,2.44
2016.12.13 14:04:30.695,0.7512,0.75127,3.60,2.62
2016.12.13 14:04:30.746,0.7512,0.75128,4.35,1.00
2016.12.13 14:04:30.848,0.7512,0.75131,2.62,2.44
2016.12.13 14:04:34.152,0.75122,0.7513,1.00,1.00
2016.12.13 14:04:34.658,0.75122,0.75131,1.00,1.25
2016.12.13 14:04:36.804,0.75123,0.75131,1.00,1.69
2016.12.13 14:04:36.960,0.7512,0.7513,1.00,1.00
2016.12.13 14:04:37.012,0.75119,0.75128,2.25,1.00
2016.12.13 14:04:37.316,0.75115,0.75124,1.69,1.12
2016.12.13 14:04:37.570,0.75117,0.75126,3.75,1.25
2016.12.13 14:04:38.049,0.75117,0.75126,4.87,1.25
2016.12.13 14:04:39.377,0.75115,0.75125,3.19,1.12
2016.12.13 14:04:39.681,0.75117,0.75126,2.25,1.69
2016.12.13 14:04:40.194,0.75119,0.7513,1.12,2.25
2016.12.13 14:04:40.245,0.75119,0.7513,1.87,1.87
2016.12.13 14:04:42.088,0.7512,0.75126,1.00,1.50
2016.12.13 14:04:42.139,0.75118,0.75126,1.87,2.25
2016.12.13 14:04:42.291,0.75115,0.75125,1.12,1.87
2016.12.13 14:04:43.182,0.75114,0.75125,3.19,2.25
2016.12.13 14:04:43.689,0.75115,0.75125,1.00,3.00
2016.12.13 14:04:44.227,0.75114,0.75125,2.44,4.50
2016.12.13 14:04:44.769,0.75115,0.75125,1.00,4.50
2016.12.13 14:04:45.308,0.75114,0.75124,1.69,1.00
2016.12.13 14:04:45.812,0.75114,0.75125,3.94,3.37
2016.12.13 14:04:46.317,0.75114,0.75125,2.81,2.62
2016.12.13 14:04:49.831,0.75114,0.75124,1.12,1.69
2016.12.13 14:04:50.382,0.75113,0.75123,2.25,1.50
2016.12.13 14:04:50.974,0.75112,0.75123,3.37,1.87
2016.12.13 14:05:00.957,0.75114,0.75123,1.00,1.00
2016.12.13 14:05:01.463,0.75114,0.75124,1.87,1.31
2016.12.13 14:05:01.968,0.75114,0.75124,1.37,2.81
2016.12.13 14:05:02.474,0.75113,0.75124,1.87,4.31
2016.12.13 14:05:03.004,0.75112,0.75124,1.87,6.56
2016.12.13 14:05:03.662,0.75113,0.75124,1.50,8.06
2016.12.13 14:05:03.814,0.75114,0.75124,1.12,3.56
2016.12.13 14:05:08.048,0.75113,0.75123,1.50,1.25
2016.12.13 14:05:10.028,0.75113,0.75123,3.37,1.31
2016.12.13 14:05:10.534,0.75113,0.75123,5.25,1.25
2016.12.13 14:05:12.925,0.75113,0.75123,3.37,1.69
2016.12.13 14:05:13.027,0.75113,0.75123,1.12,2.81
2016.12.13 14:05:13.532,0.75112,0.75123,1.69,5.06
2016.12.13 14:05:17.242,0.75109,0.75113,1.50,1.25
2016.12.13 14:05:17.344,0.75107,0.75112,1.00,1.00
2016.12.13 14:05:17.395,0.75106,0.75112,1.50,1.75
2016.12.13 14:05:17.446,0.75103,0.75112,1.69,1.87
2016.12.13 14:05:17.549,0.75103,0.75112,1.25,1.87
2016.12.13 14:05:18.056,0.75102,0.75111,1.00,1.25
2016.12.13 14:05:18.765,0.75103,0.75111,1.00,1.25
2016.12.13 14:05:20.350,0.75102,0.75111,1.00,1.25
2016.12.13 14:05:20.402,0.751,0.75111,4.69,2.44
2016.12.13 14:05:20.908,0.751,0.7511,3.94,1.30
2016.12.13 14:05:24.534,0.75101,0.75111,3.00,2.44
2016.12.13 14:05:25.040,0.75102,0.75111,1.12,1.25
2016.12.13 14:05:28.329,0.751,0.75111,4.69,2.06
2016.12.13 14:05:28.835,0.751,0.75111,2.81,3.19
2016.12.13 14:05:29.340,0.75101,0.75111,1.00,3.19
2016.12.13 14:05:29.860,0.751,0.75111,4.69,2.44
2016.12.13 14:05:31.632,0.75101,0.75111,1.00,3.94
2016.12.13 14:05:31.937,0.75101,0.75111,2.62,1.69
2016.12.13 14:05:32.448,0.75102,0.75111,1.50,1.31
2016.12.13 14:05:32.953,0.75101,0.75111,3.37,2.06
2016.12.13 14:05:37.406,0.75102,0.75111,1.00,1.31
2016.12.13 14:05:37.911,0.75103,0.75111,1.00,1.31
2016.12.13 14:05:38.739,0.75102,0.75111,1.00,1.31
2016.12.13 14:05:39.289,0.75103,0.75111,1.50,1.31
2016.12.13 14:05:41.230,0.75102,0.75111,1.00,1.69
2016.12.13 14:05:43.399,0.75101,0.75111,1.50,2.44
2016.12.13 14:05:45.691,0.75101,0.75111,1.12,2.81
2016.12.13 14:05:48.435,0.751,0.7511,2.44,1.50
2016.12.13 14:05:48.941,0.751,0.7511,2.81,1.87
2016.12.13 14:05:49.323,0.75101,0.75111,1.87,2.06
2016.12.13 14:05:59.656,0.75103,0.75111,1.00,1.25
2016.12.13 14:05:59.859,0.75103,0.75113,1.50,1.00
2016.12.13 14:06:00.416,0.75104,0.75113,1.87,1.00
2016.12.13 14:06:01.361,0.75102,0.75111,4.87,1.25
2016.12.13 14:06:01.817,0.75104,0.75113,1.00,1.12
2016.12.13 14:06:02.341,0.75104,0.75112,1.00,1.00
2016.12.13 14:06:02.865,0.75104,0.75113,1.00,1.00
2016.12.13 14:06:05.948,0.75102,0.75111,6.75,1.25
2016.12.13 14:06:06.454,0.75101,0.75111,2.62,2.44
2016.12.13 14:06:06.960,0.75101,0.75111,1.00,2.44
2016.12.13 14:06:07.683,0.751,0.75111,3.19,2.44
2016.12.13 14:06:10.475,0.751,0.75105,1.69,1.00
2016.12.13 14:06:10.577,0.75096,0.75106,3.00,1.87
2016.12.13 14:06:10.628,0.75097,0.75104,1.00,1.50
2016.12.13 14:06:10.730,0.75095,0.75103,3.00,1.00
2016.12.13 14:06:12.622,0.75094,0.75103,1.69,1.00
2016.12.13 14:06:14.281,0.75094,0.75102,1.69,1.00
2016.12.13 14:06:16.291,0.75094,0.75103,1.25,1.00
2016.12.13 14:06:16.796,0.75093,0.75102,1.12,1.50
2016.12.13 14:06:16.898,0.75091,0.75102,5.06,1.87
2016.12.13 14:06:17.151,0.75092,0.75102,3.75,2.25
2016.12.13 14:06:20.619,0.7509,0.751,3.00,2.81
2016.12.13 14:06:20.670,0.7509,0.751,1.12,5.81
2016.12.13 14:06:21.179,0.75091,0.75099,1.25,1.00
2016.12.13 14:06:21.483,0.75091,0.75101,2.44,1.25
2016.12.13 14:06:29.679,0.75093,0.75101,1.12,1.25
2016.12.13 14:06:30.866,0.75093,0.75103,4.50,1.00
2016.12.13 14:06:31.019,0.75097,0.75104,1.00,1.50
2016.12.13 14:06:31.223,0.751,0.75108,1.00,1.00
2016.12.13 14:06:31.885,0.75099,0.75108,1.00,1.87
2016.12.13 14:06:32.471,0.75097,0.75108,8.02,1.87
2016.12.13 14:06:33.485,0.75097,0.75105,3.00,1.00
2016.12.13 14:06:33.738,0.75095,0.75104,1.12,1.31
2016.12.13 14:06:34.561,0.75095,0.75104,2.62,1.31
2016.12.13 14:06:35.067,0.75095,0.75104,1.50,1.25
2016.12.13 14:06:35.792,0.75095,0.75104,5.25,1.25
2016.12.13 14:06:37.581,0.75095,0.75104,6.75,1.25
2016.12.13 14:06:40.561,0.75097,0.75104,1.00,1.25
2016.12.13 14:06:40.714,0.75098,0.75108,5.25,1.62
2016.12.13 14:06:41.220,0.75098,0.75108,4.50,1.25
2016.12.13 14:06:41.788,0.75099,0.75108,3.00,1.25
2016.12.13 14:06:41.991,0.75097,0.75107,3.00,1.87
2016.12.13 14:06:42.448,0.75096,0.75105,1.50,2.44
2016.12.13 14:06:42.752,0.75095,0.75104,1.37,4.12
2016.12.13 14:06:42.954,0.75094,0.75104,1.87,4.87
2016.12.13 14:06:43.322,0.75093,0.75102,1.50,1.37
2016.12.13 14:06:43.576,0.75091,0.75102,1.50,5.06
2016.12.13 14:06:50.173,0.75092,0.75102,1.12,3.56
2016.12.13 14:06:50.224,0.75094,0.75102,1.00,2.06
2016.12.13 14:06:50.276,0.75093,0.75103,3.60,1.12
2016.12.13 14:06:50.377,0.75095,0.75105,1.00,3.19
2016.12.13 14:06:50.924,0.75094,0.75105,1.50,4.31
2016.12.13 14:06:51.426,0.75094,0.75105,2.25,1.69
2016.12.13 14:06:51.833,0.75102,0.75106,1.00,1.87
2016.12.13 14:06:51.987,0.75101,0.75107,2.62,1.00
2016.12.13 14:06:52.088,0.75101,0.7511,1.37,1.25
2016.12.13 14:06:52.415,0.751,0.7511,3.00,1.69
2016.12.13 14:06:52.950,0.751,0.7511,1.87,2.44
2016.12.13 14:06:55.961,0.751,0.7511,1.87,1.69
2016.12.13 14:06:56.619,0.751,0.7511,2.62,1.69
2016.12.13 14:07:10.074,0.751,0.75109,1.87,1.25
2016.12.13 14:07:17.152,0.75101,0.75109,4.12,1.25
2016.12.13 14:07:17.659,0.751,0.75109,4.50,1.25
2016.12.13 14:07:26.517,0.75101,0.75109,3.75,1.25
2016.12.13 14:07:27.855,0.75102,0.75113,3.00,2.62
2016.12.13 14:07:28.007,0.75104,0.75114,1.50,2.44
2016.12.13 14:07:28.332,0.75108,0.75116,1.87,1.62
2016.12.13 14:07:28.526,0.75107,0.75115,1.00,1.87
2016.12.13 14:07:28.580,0.75105,0.75115,3.56,1.50
2016.12.13 14:07:29.089,0.75106,0.75116,1.00,6.94
2016.12.13 14:07:29.600,0.75108,0.75116,1.00,1.25
2016.12.13 14:07:31.543,0.75108,0.75118,1.00,1.00
2016.12.13 14:07:31.594,0.75107,0.75116,4.31,1.00
2016.12.13 14:07:32.102,0.75107,0.75117,4.31,2.62
2016.12.13 14:07:33.352,0.75109,0.75119,1.50,2.62
2016.12.13 14:07:33.454,0.7511,0.7512,1.87,1.31
2016.12.13 14:07:33.556,0.75111,0.75121,3.79,1.00
2016.12.13 14:07:34.063,0.75112,0.75123,3.37,4.12
2016.12.13 14:07:34.565,0.75112,0.75123,1.37,3.75
2016.12.13 14:07:37.313,0.75114,0.75122,1.00,1.50
2016.12.13 14:07:37.822,0.75113,0.75122,1.00,2.25
2016.12.13 14:07:38.329,0.75112,0.75122,1.00,2.25
2016.12.13 14:07:39.831,0.75114,0.75121,1.00,1.12
2016.12.13 14:07:39.882,0.75112,0.75122,1.50,2.25
2016.12.13 14:07:39.984,0.75112,0.75123,4.72,4.50
2016.12.13 14:07:40.035,0.75114,0.75123,1.00,1.00
2016.12.13 14:07:41.838,0.75114,0.75122,1.12,1.00
2016.12.13 14:07:47.126,0.75114,0.75124,4.50,1.31
2016.12.13 14:07:47.632,0.75114,0.75124,5.25,2.06
2016.12.13 14:07:48.138,0.75114,0.75124,3.00,2.06
2016.12.13 14:07:48.688,0.75114,0.75124,3.75,2.06
2016.12.13 14:07:49.351,0.75114,0.75124,3.75,1.31
2016.12.13 14:07:49.554,0.75116,0.75124,1.00,1.31
2016.12.13 14:07:49.858,0.75114,0.75124,3.75,3.19
2016.12.13 14:07:50.375,0.75115,0.75124,1.12,3.94
2016.12.13 14:07:50.873,0.75116,0.75126,1.87,2.62
2016.12.13 14:07:50.975,0.75118,0.75125,1.12,3.75
2016.12.13 14:07:51.536,0.75117,0.75124,1.00,1.12
2016.12.13 14:07:52.861,0.75117,0.75125,1.50,1.00
2016.12.13 14:07:52.962,0.75117,0.75127,1.87,3.56
2016.12.13 14:07:53.165,0.75117,0.75127,2.62,2.81
2016.12.13 14:07:54.123,0.75117,0.75127,4.12,1.31
2016.12.13 14:07:58.781,0.75118,0.75127,3.37,1.31
2016.12.13 14:07:59.287,0.75118,0.75127,1.50,1.31
2016.12.13 14:07:59.794,0.75119,0.75127,1.00,1.25
2016.12.13 14:08:00.394,0.7512,0.75127,1.00,1.25
2016.12.13 14:08:00.496,0.7512,0.7513,1.50,1.50
2016.12.13 14:08:00.952,0.75122,0.75131,1.00,2.06
2016.12.13 14:08:01.156,0.75125,0.75134,1.12,3.19
2016.12.13 14:08:01.258,0.75126,0.75135,1.87,1.37
2016.12.13 14:08:01.310,0.75127,0.75136,2.62,1.25
2016.12.13 14:08:01.361,0.75129,0.75136,1.00,1.25
2016.12.13 14:08:01.698,0.75125,0.75134,2.06,1.00
2016.12.13 14:08:01.850,0.75123,0.75133,2.25,1.00
2016.12.13 14:08:02.363,0.75123,0.75134,2.25,7.31
2016.12.13 14:08:02.920,0.75122,0.75134,4.50,5.44
2016.12.13 14:08:03.461,0.75123,0.75134,1.87,5.81
2016.12.13 14:08:03.968,0.75123,0.75133,1.00,2.62
2016.12.13 14:08:04.476,0.75122,0.75132,1.12,2.25
2016.12.13 14:08:04.750,0.75123,0.75133,1.12,6.00
2016.12.13 14:08:05.459,0.75122,0.75132,3.75,1.50
2016.12.13 14:08:05.764,0.75121,0.75132,5.81,1.87
2016.12.13 14:08:06.332,0.75122,0.75132,1.00,1.50
2016.12.13 14:08:10.455,0.75122,0.75133,1.00,3.75
2016.12.13 14:08:10.963,0.75122,0.75132,2.25,1.50
2016.12.13 14:08:14.083,0.75123,0.75132,1.00,1.50
2016.12.13 14:08:15.673,0.75123,0.75133,1.00,3.37
2016.12.13 14:08:18.937,0.75122,0.75133,3.37,6.37
2016.12.13 14:08:19.089,0.75124,0.75133,1.00,4.87
2016.12.13 14:08:19.595,0.75123,0.75133,1.00,5.62
2016.12.13 14:08:20.435,0.75123,0.75132,1.00,1.50
2016.12.13 14:08:20.991,0.75123,0.75131,1.00,1.00
2016.12.13 14:08:21.093,0.75123,0.75133,1.00,5.06
2016.12.13 14:08:21.397,0.75122,0.75131,1.25,1.00
2016.12.13 14:08:21.713,0.75121,0.7513,1.12,1.62
2016.12.13 14:08:22.220,0.7512,0.7513,1.12,1.54
2016.12.13 14:08:23.461,0.7512,0.75128,1.12,1.00
2016.12.13 14:08:24.168,0.7512,0.75129,1.00,1.00
2016.12.13 14:08:24.672,0.75121,0.7513,1.00,1.25
2016.12.13 14:08:25.634,0.75121,0.75129,1.00,1.00
2016.12.13 14:08:26.158,0.75121,0.7513,1.00,1.69
2016.12.13 14:08:26.523,0.7512,0.75127,1.87,4.69
2016.12.13 14:08:26.675,0.75114,0.75124,8.06,1.50
2016.12.13 14:08:26.777,0.75114,0.75124,5.06,1.87
2016.12.13 14:08:27.284,0.75115,0.75124,1.00,2.81
2016.12.13 14:08:27.848,0.75115,0.75125,1.62,1.12
2016.12.13 14:08:28.354,0.75115,0.75125,1.25,3.00
2016.12.13 14:08:30.034,0.75115,0.75124,1.25,1.37
2016.12.13 14:08:30.338,0.75112,0.75122,1.69,1.50
2016.12.13 14:08:32.229,0.75113,0.75123,1.00,5.44
2016.12.13 14:08:32.740,0.75112,0.75123,1.69,2.44
2016.12.13 14:08:32.842,0.75112,0.75123,2.81,2.06
2016.12.13 14:08:34.024,0.75113,0.75123,1.12,3.19
2016.12.13 14:08:34.331,0.75113,0.75123,4.12,1.31
2016.12.13 14:08:34.533,0.75113,0.75123,7.12,1.25
2016.12.13 14:08:35.124,0.75115,0.75125,3.56,1.50
2016.12.13 14:08:36.491,0.75115,0.75126,3.94,1.31
2016.12.13 14:08:36.741,0.75115,0.75124,2.44,1.00
2016.12.13 14:08:36.944,0.75113,0.75123,3.56,2.06
2016.12.13 14:08:42.098,0.75114,0.75123,1.00,2.06
2016.12.13 14:08:45.322,0.75113,0.75123,5.06,2.06
2016.12.13 14:08:48.619,0.75113,0.75122,1.31,2.25
2016.12.13 14:08:48.721,0.75113,0.7512,1.31,1.00
2016.12.13 14:08:49.545,0.75113,0.75121,1.25,3.37
2016.12.13 14:08:50.094,0.75113,0.7512,1.25,1.00
2016.12.13 14:08:50.610,0.75113,0.75121,1.25,4.12
2016.12.13 14:08:51.126,0.75113,0.7512,1.25,1.50
2016.12.13 14:08:52.727,0.75113,0.75121,1.25,1.87
2016.12.13 14:08:52.930,0.7511,0.7512,1.00,3.19
2016.12.13 14:08:53.132,0.75109,0.75118,1.87,1.00
2016.12.13 14:08:53.640,0.75109,0.75119,1.50,1.00
2016.12.13 14:08:53.946,0.75104,0.75114,2.62,2.81
2016.12.13 14:08:54.048,0.75103,0.75114,3.19,3.56
2016.12.13 14:08:55.020,0.75103,0.75113,1.25,1.00
2016.12.13 14:08:55.481,0.75102,0.75112,1.00,6.19
2016.12.13 14:08:56.005,0.75101,0.75112,3.37,3.94
2016.12.13 14:09:00.727,0.75101,0.75112,2.62,2.44
2016.12.13 14:09:01.385,0.75103,0.75113,1.00,3.37
2016.12.13 14:09:01.689,0.75105,0.75114,1.87,1.00
2016.12.13 14:09:01.927,0.75107,0.75115,1.50,1.25
2016.12.13 14:09:02.231,0.75107,0.75117,1.69,5.25
2016.12.13 14:09:02.383,0.7511,0.75118,1.50,1.31
2016.12.13 14:09:02.688,0.75108,0.75114,1.00,1.00
2016.12.13 14:09:02.841,0.75105,0.75114,1.00,1.87
2016.12.13 14:09:02.892,0.75103,0.75112,4.12,1.25
2016.12.13 14:09:05.605,0.75102,0.75112,1.12,3.56
2016.12.13 14:09:06.149,0.75103,0.75112,1.00,1.31
2016.12.13 14:09:08.186,0.75102,0.75112,1.00,6.19
2016.12.13 14:09:12.296,0.75102,0.75111,1.00,1.00
2016.12.13 14:09:14.008,0.75101,0.75111,2.62,1.50
2016.12.13 14:09:18.028,0.75102,0.75111,1.00,2.25
2016.12.13 14:09:19.043,0.75101,0.75111,1.87,1.00
2016.12.13 14:09:19.885,0.75101,0.75112,3.00,3.19
2016.12.13 14:09:20.547,0.75102,0.75112,1.00,3.94
2016.12.13 14:09:21.053,0.75101,0.75112,3.37,3.19
2016.12.13 14:09:21.725,0.75102,0.75112,1.50,2.44
2016.12.13 14:09:22.273,0.75103,0.75114,3.00,4.87
2016.12.13 14:09:25.159,0.75103,0.75112,1.87,1.00
2016.12.13 14:09:25.363,0.75101,0.75111,1.12,1.50
2016.12.13 14:09:25.870,0.751,0.75111,5.62,1.50
2016.12.13 14:09:28.638,0.751,0.7511,4.12,1.00
2016.12.13 14:09:32.926,0.75101,0.7511,1.12,1.00
2016.12.13 14:09:33.432,0.751,0.7511,1.50,1.00
2016.12.13 14:09:34.042,0.751,0.7511,1.50,1.00
2016.12.13 14:09:36.963,0.751,0.7511,1.12,1.00
2016.12.13 14:09:37.914,0.75099,0.75109,3.75,1.00
2016.12.13 14:09:38.253,0.75098,0.75107,1.87,2.25
2016.12.13 14:09:38.411,0.75094,0.75104,1.87,1.69
2016.12.13 14:09:38.462,0.75094,0.75102,1.50,1.00
2016.12.13 14:09:41.385,0.75092,0.75103,3.00,2.44
2016.12.13 14:09:41.992,0.75095,0.75103,1.50,1.25
2016.12.13 14:09:42.512,0.75093,0.75103,1.50,2.06
2016.12.13 14:09:43.018,0.75092,0.75103,5.62,3.56
2016.12.13 14:09:50.991,0.75092,0.75102,2.62,2.25
2016.12.13 14:09:51.143,0.75091,0.75101,2.06,1.00
2016.12.13 14:09:51.959,0.75092,0.75102,1.00,4.12
2016.12.13 14:09:52.478,0.75091,0.75102,2.44,4.50
2016.12.13 14:09:52.985,0.75091,0.75099,1.69,1.00
2016.12.13 14:09:53.594,0.75091,0.75099,5.06,1.00
2016.12.13 14:09:54.001,0.75092,0.75102,1.72,2.62
2016.12.13 14:09:54.508,0.75093,0.75101,1.00,1.25
2016.12.13 14:09:55.042,0.75091,0.75101,3.22,1.25
2016.12.13 14:09:55.807,0.75091,0.75101,1.00,3.94
2016.12.13 14:09:56.311,0.7509,0.751,2.47,1.12
2016.12.13 14:09:58.075,0.7509,0.75099,1.87,1.00
2016.12.13 14:09:58.127,0.75089,0.75096,1.25,1.12
2016.12.13 14:09:58.330,0.75083,0.75092,2.25,1.00
2016.12.13 14:09:58.837,0.75082,0.75091,1.50,1.69
2016.12.13 14:09:59.707,0.75081,0.7509,1.37,1.00
2016.12.13 14:10:00.218,0.75081,0.75089,1.87,1.00
2016.12.13 14:10:00.731,0.75081,0.7509,1.37,1.50
2016.12.13 14:10:00.934,0.7508,0.7509,3.00,1.12
2016.12.13 14:10:02.413,0.7508,0.75089,1.00,1.00
2016.12.13 14:10:05.189,0.75078,0.7509,5.06,3.37
2016.12.13 14:10:05.290,0.75079,0.75088,1.87,1.00
2016.12.13 14:10:05.747,0.75078,0.75089,1.31,3.37
2016.12.13 14:10:06.406,0.75078,0.75089,1.31,3.37
2016.12.13 14:10:06.919,0.75078,0.75087,2.06,1.00
2016.12.13 14:10:07.021,0.75078,0.75089,2.81,4.12
2016.12.13 14:10:07.527,0.75078,0.75089,1.31,4.12
2016.12.13 14:10:08.034,0.75077,0.75086,1.00,2.81
2016.12.13 14:10:08.364,0.75073,0.75083,1.75,1.12
2016.12.13 14:10:08.872,0.75073,0.75083,2.25,1.87
2016.12.13 14:10:09.379,0.75072,0.75082,1.50,2.62
2016.12.13 14:10:09.893,0.75075,0.75083,1.35,3.00
2016.12.13 14:10:10.102,0.75076,0.75086,1.27,1.12
2016.12.13 14:10:10.355,0.75075,0.75084,1.87,1.00
2016.12.13 14:10:10.610,0.75073,0.75082,1.12,1.50
2016.12.13 14:10:10.915,0.75072,0.75079,1.50,1.00
2016.12.13 14:10:11.315,0.75072,0.75081,1.50,1.00
2016.12.13 14:10:11.518,0.75075,0.75084,1.50,4.31
2016.12.13 14:10:12.026,0.75074,0.75081,1.12,1.00
2016.12.13 14:10:12.283,0.75072,0.75081,1.12,1.50
2016.12.13 14:10:12.791,0.75072,0.75081,4.35,1.00
2016.12.13 14:10:13.206,0.75072,0.75082,1.12,1.00
2016.12.13 14:10:13.821,0.75072,0.7508,1.30,1.00
2016.12.13 14:10:15.379,0.75077,0.75081,2.25,1.50
2016.12.13 14:10:15.431,0.75077,0.75084,1.00,1.69
2016.12.13 14:10:15.483,0.75077,0.75084,1.00,1.25
2016.12.13 14:10:15.535,0.75075,0.75084,1.87,1.69
2016.12.13 14:10:15.739,0.75078,0.75085,1.00,1.00
2016.12.13 14:10:15.994,0.75075,0.75083,1.00,1.25
2016.12.13 14:10:16.096,0.75072,0.75083,4.31,3.56
2016.12.13 14:10:16.147,0.75072,0.7508,3.56,1.00
2016.12.13 14:10:16.248,0.75072,0.75083,3.56,3.19
2016.12.13 14:10:16.299,0.75074,0.75083,1.25,1.50
2016.12.13 14:10:16.451,0.75072,0.75083,3.00,1.50
2016.12.13 14:10:17.156,0.75072,0.75082,1.50,1.00
2016.12.13 14:10:17.257,0.75072,0.7508,1.50,1.00
2016.12.13 14:10:17.763,0.75072,0.75081,2.62,1.00
2016.12.13 14:10:18.045,0.75074,0.75083,1.00,1.87
2016.12.13 14:10:18.551,0.75072,0.75083,1.87,3.00
2016.12.13 14:10:19.008,0.75072,0.75082,1.12,1.50
2016.12.13 14:10:19.951,0.75073,0.75082,1.00,2.62
2016.12.13 14:10:20.457,0.75071,0.75082,3.56,1.50
2016.12.13 14:10:21.006,0.75073,0.75082,1.00,1.12
2016.12.13 14:10:21.917,0.75071,0.75082,3.19,1.50
2016.12.13 14:10:22.222,0.75069,0.75079,2.81,1.00
2016.12.13 14:10:22.732,0.7507,0.7508,1.87,1.31
2016.12.13 14:10:23.845,0.7507,0.75078,1.87,1.00
2016.12.13 14:10:24.354,0.75069,0.75077,1.69,1.50
2016.12.13 14:10:25.796,0.75067,0.75077,4.50,2.44
2016.12.13 14:10:27.825,0.75066,0.75074,3.75,1.00
2016.12.13 14:10:27.927,0.75063,0.75073,1.50,2.25
2016.12.13 14:10:27.978,0.75063,0.75071,1.50,1.00
2016.12.13 14:10:28.482,0.75063,0.75072,1.00,1.12
2016.12.13 14:10:28.837,0.75062,0.75071,1.00,2.62
2016.12.13 14:10:29.040,0.7506,0.7507,1.12,3.56
2016.12.13 14:10:29.546,0.7506,0.75069,1.12,1.00
2016.12.13 14:10:30.061,0.75059,0.7507,1.50,5.81
2016.12.13 14:10:31.539,0.7506,0.7507,1.00,3.56
2016.12.13 14:10:32.047,0.75059,0.7507,1.00,3.56
2016.12.13 14:10:32.705,0.75059,0.75069,1.00,2.25
2016.12.13 14:10:33.206,0.75059,0.75069,1.00,5.25
2016.12.13 14:10:34.066,0.75059,0.75068,1.00,1.87
2016.12.13 14:10:41.651,0.75059,0.75069,1.00,4.69
2016.12.13 14:10:42.669,0.75059,0.75068,1.00,1.00
2016.12.13 14:10:45.200,0.7506,0.75068,1.00,1.00
2016.12.13 14:10:48.110,0.75059,0.75068,2.25,1.00
2016.12.13 14:10:48.638,0.75059,0.75067,1.00,1.00
2016.12.13 14:10:50.200,0.75058,0.75067,1.00,1.50
2016.12.13 14:10:50.722,0.75059,0.75067,1.00,1.50
2016.12.13 14:10:52.127,0.75059,0.75066,1.00,1.00
2016.12.13 14:10:52.633,0.75058,0.75066,1.00,1.00
2016.12.13 14:10:52.786,0.75054,0.75063,4.87,1.50
2016.12.13 14:10:52.837,0.75054,0.75063,1.00,2.25
2016.12.13 14:10:53.386,0.75053,0.75062,3.75,1.87
2016.12.13 14:10:53.894,0.75053,0.75061,1.00,1.12
2016.12.13 14:10:54.439,0.75053,0.75062,1.12,1.87
2016.12.13 14:10:55.299,0.75054,0.75062,1.00,1.87
2016.12.13 14:10:55.806,0.75055,0.75064,1.65,1.87
2016.12.13 14:10:56.027,0.75053,0.75063,1.00,1.00
2016.12.13 14:10:56.078,0.75052,0.75061,2.44,1.00
2016.12.13 14:10:56.620,0.75052,0.75061,1.31,1.87
2016.12.13 14:10:57.241,0.75049,0.75059,4.69,1.00
2016.12.13 14:10:57.343,0.75048,0.75056,5.25,2.06
2016.12.13 14:10:57.547,0.75046,0.75054,1.50,2.62
2016.12.13 14:10:57.649,0.75046,0.75052,1.50,1.00
2016.12.13 14:10:57.817,0.75044,0.75052,2.44,1.12
2016.12.13 14:10:58.153,0.75042,0.75051,1.00,1.00
2016.12.13 14:10:59.319,0.75041,0.7505,1.50,1.00
2016.12.13 14:10:59.825,0.75041,0.75049,1.50,1.00
2016.12.13 14:11:00.411,0.75039,0.75049,3.19,1.12
2016.12.13 14:11:00.767,0.75039,0.75047,1.12,1.25
2016.12.13 14:11:01.125,0.75036,0.75046,2.44,1.87
2016.12.13 14:11:01.227,0.75037,0.75043,1.00,1.00
2016.12.13 14:11:01.457,0.75034,0.75043,1.00,3.00
2016.12.13 14:11:01.964,0.75032,0.75042,1.00,1.12
2016.12.13 14:11:02.501,0.75033,0.75043,2.47,2.25
2016.12.13 14:11:03.009,0.75032,0.75042,1.50,1.12
2016.12.13 14:11:03.539,0.75031,0.75042,3.37,1.87
2016.12.13 14:11:03.867,0.75037,0.75043,1.50,1.37
2016.12.13 14:11:03.918,0.75037,0.75045,1.00,3.00
2016.12.13 14:11:04.121,0.75034,0.75043,3.19,1.00
2016.12.13 14:11:04.628,0.75034,0.75043,2.06,1.87
2016.12.13 14:11:05.119,0.75037,0.75045,1.50,1.12
2016.12.13 14:11:05.628,0.75037,0.75046,1.87,2.06
2016.12.13 14:11:05.731,0.75038,0.75048,1.12,1.00
2016.12.13 14:11:06.192,0.75042,0.75051,1.50,3.00
2016.12.13 14:11:06.345,0.75043,0.75051,1.00,1.00
2016.12.13 14:11:06.599,0.75047,0.75052,1.00,1.25
2016.12.13 14:11:06.753,0.75047,0.75056,2.25,1.00
2016.12.13 14:11:06.855,0.75047,0.75058,1.87,4.50
2016.12.13 14:11:07.058,0.75047,0.75055,1.50,1.00
2016.12.13 14:11:07.264,0.75045,0.75056,1.87,3.37
2016.12.13 14:11:07.671,0.75047,0.75056,3.37,2.25
2016.12.13 14:11:07.824,0.75045,0.75056,2.81,1.69
2016.12.13 14:11:08.078,0.75045,0.75054,2.44,1.00
2016.12.13 14:11:08.828,0.75047,0.75054,2.25,1.12
2016.12.13 14:11:08.930,0.75048,0.75056,1.00,2.06
2016.12.13 14:11:09.184,0.7505,0.75056,1.00,1.25
2016.12.13 14:11:09.286,0.75048,0.75056,1.50,1.25
2016.12.13 14:11:09.762,0.75045,0.75055,2.06,1.87
2016.12.13 14:11:09.914,0.75047,0.75054,1.00,1.50
2016.12.13 14:11:10.421,0.75046,0.75055,1.37,1.12
2016.12.13 14:11:11.316,0.75048,0.75055,1.00,1.00
2016.12.13 14:11:11.670,0.75048,0.75057,1.87,3.56
2016.12.13 14:11:12.433,0.75048,0.75056,1.87,1.00
2016.12.13 14:11:12.962,0.75048,0.75057,1.12,1.31
2016.12.13 14:11:13.933,0.75046,0.75057,3.75,3.19
2016.12.13 14:11:14.035,0.75046,0.75055,4.12,1.00
2016.12.13 14:11:14.390,0.75044,0.75055,2.44,5.25
2016.12.13 14:11:14.860,0.75044,0.75053,1.25,2.25
2016.12.13 14:11:15.164,0.75041,0.75051,1.50,1.50
2016.12.13 14:11:15.670,0.7504,0.7505,1.31,3.00
2016.12.13 14:11:16.840,0.75043,0.7505,3.19,1.00
2016.12.13 14:11:17.095,0.75048,0.75058,1.87,2.25
2016.12.13 14:11:17.197,0.75049,0.75059,1.00,6.34
2016.12.13 14:11:17.744,0.75049,0.75059,1.87,2.81
2016.12.13 14:11:20.754,0.75048,0.75059,2.62,1.69
2016.12.13 14:11:23.481,0.75048,0.75058,4.35,1.37
2016.12.13 14:11:23.998,0.75047,0.75058,4.12,3.90
2016.12.13 14:11:24.877,0.75047,0.75058,2.25,1.37
2016.12.13 14:11:26.314,0.7505,0.75059,1.12,1.31
2016.12.13 14:11:27.178,0.75051,0.75059,1.00,1.25
2016.12.13 14:11:28.252,0.75057,0.75062,1.00,1.50
2016.12.13 14:11:28.557,0.75056,0.75065,1.00,3.75
2016.12.13 14:11:28.659,0.75054,0.75062,4.12,1.25
2016.12.13 14:11:28.711,0.75055,0.75062,1.00,1.25
2016.12.13 14:11:29.016,0.75053,0.75062,1.12,1.25
2016.12.13 14:11:32.656,0.75056,0.75063,1.00,1.50
2016.12.13 14:11:32.960,0.75054,0.75062,1.62,3.00
2016.12.13 14:11:33.465,0.75054,0.75062,1.31,3.00
2016.12.13 14:11:35.072,0.75053,0.75061,1.00,2.62
2016.12.13 14:11:35.452,0.75051,0.75061,3.56,2.62
2016.12.13 14:11:35.655,0.75055,0.75062,1.00,1.87
2016.12.13 14:11:35.859,0.75052,0.75062,2.81,4.31
2016.12.13 14:11:37.139,0.75052,0.7506,1.25,1.00
2016.12.13 14:11:39.340,0.75052,0.75061,1.31,2.25
2016.12.13 14:11:40.891,0.75052,0.75062,1.31,3.56
2016.12.13 14:11:41.315,0.75052,0.7506,1.31,2.25
2016.12.13 14:11:41.928,0.75053,0.75062,1.50,2.06
2016.12.13 14:11:42.435,0.75053,0.75062,1.12,1.69
2016.12.13 14:11:42.941,0.75054,0.75062,1.00,1.69
2016.12.13 14:11:43.446,0.75054,0.75062,1.00,1.25
2016.12.13 14:11:43.975,0.75053,0.75062,1.12,1.25
2016.12.13 14:11:44.808,0.75052,0.75062,2.06,3.56
2016.12.13 14:11:45.465,0.75052,0.75062,2.81,3.56
2016.12.13 14:11:46.808,0.75054,0.75062,1.00,2.06
2016.12.13 14:11:47.521,0.75055,0.75064,1.20,1.12
2016.12.13 14:11:47.573,0.75057,0.75066,1.00,3.19
2016.12.13 14:11:47.882,0.75059,0.75066,1.00,1.25
2016.12.13 14:11:48.389,0.75058,0.75067,1.12,2.25
2016.12.13 14:11:48.914,0.75058,0.75068,1.12,2.25
2016.12.13 14:11:49.484,0.75059,0.75068,1.00,2.25
2016.12.13 14:11:49.788,0.75061,0.75071,2.25,3.75
2016.12.13 14:11:50.293,0.75061,0.75071,3.60,2.25
2016.12.13 14:11:53.945,0.75061,0.75071,1.00,1.50
2016.12.13 14:11:54.502,0.75061,0.7507,1.00,1.00
2016.12.13 14:11:54.755,0.75059,0.75069,1.00,1.87
2016.12.13 14:11:55.008,0.75059,0.75069,1.87,1.87
2016.12.13 14:11:55.518,0.7506,0.75069,1.12,1.87
2016.12.13 14:11:55.924,0.75062,0.75071,1.00,1.00
2016.12.13 14:11:56.433,0.75062,0.75072,1.00,3.19
2016.12.13 14:11:56.971,0.75061,0.75072,2.06,2.81
2016.12.13 14:11:58.437,0.75061,0.7507,2.06,1.50
2016.12.13 14:11:58.956,0.75061,0.7507,1.25,2.62
2016.12.13 14:12:02.911,0.75061,0.75069,1.25,1.50
2016.12.13 14:12:04.026,0.75061,0.75069,1.25,1.00
2016.12.13 14:12:07.306,0.75061,0.75071,1.69,4.12
2016.12.13 14:12:07.661,0.75061,0.75071,1.25,5.62
2016.12.13 14:12:08.533,0.75061,0.75071,2.06,3.37
2016.12.13 14:12:09.039,0.75066,0.75071,1.50,2.25
2016.12.13 14:12:09.192,0.75067,0.75074,1.31,1.00
2016.12.13 14:12:09.399,0.75065,0.75074,1.00,1.87
2016.12.13 14:12:09.915,0.75064,0.75073,1.25,1.00
2016.12.13 14:12:13.428,0.75064,0.75074,1.69,4.87
2016.12.13 14:12:14.447,0.75063,0.75073,1.87,2.44
2016.12.13 14:12:15.522,0.75063,0.75072,1.00,1.00
2016.12.13 14:12:16.138,0.75063,0.75073,1.00,4.31
2016.12.13 14:12:16.341,0.75062,0.7507,1.00,1.00
2016.12.13 14:12:16.443,0.7506,0.7507,3.56,1.00
2016.12.13 14:12:16.950,0.75059,0.75068,1.12,1.12
2016.12.13 14:12:17.268,0.75054,0.75063,1.50,1.50
2016.12.13 14:12:18.078,0.75054,0.75065,1.87,1.50
2016.12.13 14:12:18.754,0.75053,0.75063,2.81,1.00
2016.12.13 14:12:19.716,0.75053,0.75063,2.06,1.50
2016.12.13 14:12:20.279,0.75053,0.75062,1.31,1.00
2016.12.13 14:12:21.112,0.75053,0.75062,2.81,1.00
2016.12.13 14:12:21.163,0.75054,0.75065,2.25,3.00
2016.12.13 14:12:21.214,0.75056,0.75065,1.00,2.25
2016.12.13 14:12:21.760,0.75055,0.75064,1.12,1.87
2016.12.13 14:12:22.066,0.7506,0.75069,1.00,1.69
2016.12.13 14:12:24.168,0.7506,0.75068,1.00,1.12
2016.12.13 14:12:24.578,0.75061,0.75071,2.44,2.62
2016.12.13 14:12:24.720,0.75061,0.75071,2.06,1.87
2016.12.13 14:12:25.226,0.75062,0.7507,1.00,1.87
2016.12.13 14:12:25.480,0.7506,0.75068,1.00,1.12
2016.12.13 14:12:25.987,0.75059,0.75069,1.87,1.69
2016.12.13 14:12:26.723,0.7506,0.75069,1.00,2.81
2016.12.13 14:12:27.231,0.75059,0.75068,1.12,1.00
2016.12.13 14:12:27.799,0.7506,0.75069,1.00,2.81
2016.12.13 14:12:28.558,0.7506,0.75068,1.00,1.00
2016.12.13 14:12:29.064,0.7506,0.75065,1.00,1.00
2016.12.13 14:12:29.166,0.75058,0.75066,3.19,1.00
2016.12.13 14:12:29.674,0.75058,0.75067,1.69,1.00
2016.12.13 14:12:30.415,0.75058,0.75069,3.56,4.69
2016.12.13 14:12:30.517,0.7506,0.75068,1.00,1.00
2016.12.13 14:12:31.276,0.7506,0.75069,1.00,2.81
2016.12.13 14:12:32.727,0.75059,0.75069,1.50,3.94
2016.12.13 14:12:33.396,0.75059,0.75068,1.50,1.87
2016.12.13 14:12:33.851,0.75059,0.75065,1.00,1.87
2016.12.13 14:12:34.054,0.75054,0.75062,1.87,2.06
2016.12.13 14:12:34.560,0.75052,0.75061,3.56,1.12
2016.12.13 14:12:35.066,0.75052,0.75062,3.79,1.69
2016.12.13 14:12:36.233,0.75054,0.75062,1.00,1.25
2016.12.13 14:12:36.615,0.75054,0.75062,1.37,1.25
2016.12.13 14:12:36.969,0.75054,0.75062,1.00,1.25
2016.12.13 14:12:38.765,0.75053,0.75062,1.87,2.06
2016.12.13 14:12:40.286,0.75053,0.7506,1.00,1.25
2016.12.13 14:12:40.337,0.7505,0.7506,4.87,3.56
2016.12.13 14:12:40.486,0.7505,0.75058,2.25,1.12
2016.12.13 14:12:40.538,0.75049,0.75058,2.44,1.00
2016.12.13 14:12:41.049,0.7505,0.7506,1.50,6.37
2016.12.13 14:12:41.556,0.7505,0.7506,1.00,2.62
2016.12.13 14:12:42.008,0.75053,0.75061,1.00,3.00
2016.12.13 14:12:42.059,0.75053,0.75062,1.00,1.00
2016.12.13 14:12:42.668,0.75052,0.75063,2.29,2.44
2016.12.13 14:12:44.279,0.75053,0.75063,1.00,3.19
2016.12.13 14:12:44.783,0.75052,0.75063,4.09,3.19
2016.12.13 14:12:45.290,0.75053,0.75063,2.62,1.25
2016.12.13 14:12:45.541,0.75055,0.75063,1.00,1.25
2016.12.13 14:12:45.845,0.75055,0.75063,1.75,1.25
2016.12.13 14:12:46.366,0.75055,0.75063,1.37,1.25
2016.12.13 14:12:47.074,0.75054,0.75063,2.62,1.25
2016.12.13 14:12:47.580,0.75055,0.75063,1.00,1.25
2016.12.13 14:12:48.087,0.75054,0.75063,3.75,1.25
2016.12.13 14:12:48.595,0.75055,0.75063,1.12,1.31
2016.12.13 14:12:48.952,0.75053,0.75062,1.00,1.00
2016.12.13 14:12:49.206,0.75049,0.75061,6.37,1.69
2016.12.13 14:12:49.308,0.75049,0.75061,4.12,2.81
2016.12.13 14:12:49.359,0.75049,0.75061,4.87,4.69
2016.12.13 14:12:49.867,0.7505,0.75061,1.00,3.19
2016.12.13 14:12:50.423,0.7505,0.75061,2.10,4.69
2016.12.13 14:12:50.678,0.75053,0.75063,3.00,1.69
2016.12.13 14:12:50.982,0.75054,0.75064,5.06,1.12
2016.12.13 14:12:52.670,0.75054,0.75064,3.56,1.12
2016.12.13 14:12:53.739,0.75057,0.75065,1.00,2.06
2016.12.13 14:12:53.791,0.75059,0.75068,1.12,1.00
2016.12.13 14:12:53.842,0.75061,0.75068,1.35,1.00
2016.12.13 14:12:53.893,0.75061,0.7507,1.35,2.44
2016.12.13 14:12:55.480,0.7506,0.7507,1.50,2.81
2016.12.13 14:12:55.784,0.7506,0.75069,1.12,2.25
2016.12.13 14:12:55.885,0.7506,0.75069,1.12,4.12
2016.12.13 14:12:58.255,0.75063,0.7507,1.00,3.19
2016.12.13 14:12:58.516,0.75063,0.75073,3.00,1.31
2016.12.13 14:12:59.124,0.75063,0.75073,1.00,3.19
2016.12.13 14:12:59.662,0.75062,0.75072,4.31,1.12
2016.12.13 14:13:00.334,0.75062,0.75073,1.25,6.94
2016.12.13 14:13:00.536,0.75062,0.75071,1.25,1.00
2016.12.13 14:13:00.842,0.75062,0.75069,1.25,1.87
2016.12.13 14:13:01.155,0.75059,0.75069,2.62,1.12
2016.12.13 14:13:02.782,0.75059,0.75068,3.37,1.00
2016.12.13 14:13:03.324,0.75059,0.75069,2.62,1.12
2016.12.13 14:13:03.986,0.75059,0.75067,1.00,1.00
2016.12.13 14:13:04.240,0.75057,0.75066,2.25,1.25
2016.12.13 14:13:04.291,0.75059,0.75066,1.37,1.69
2016.12.13 14:13:04.545,0.75059,0.75068,1.37,2.62
2016.12.13 14:13:05.916,0.75059,0.75068,1.87,3.37
2016.12.13 14:13:06.436,0.7506,0.75069,1.35,2.25
2016.12.13 14:13:06.790,0.75059,0.75067,1.50,1.00
2016.12.13 14:13:08.277,0.75059,0.75068,1.37,4.50
2016.12.13 14:13:08.917,0.75059,0.75067,1.37,1.87
2016.12.13 14:13:09.225,0.75057,0.75065,1.50,1.87
2016.12.13 14:13:09.276,0.75057,0.75062,1.50,1.00
2016.12.13 14:13:09.428,0.75053,0.75062,2.44,1.12
2016.12.13 14:13:09.529,0.75053,0.75062,1.69,1.12
2016.12.13 14:13:09.987,0.75053,0.7506,1.00,2.25
2016.12.13 14:13:10.494,0.75052,0.7506,1.87,2.25
2016.12.13 14:13:11.038,0.75052,0.75062,1.87,3.37
2016.12.13 14:13:11.544,0.75053,0.75062,1.00,4.12
2016.12.13 14:13:11.899,0.75053,0.75059,1.00,2.25
2016.12.13 14:13:12.000,0.75051,0.75059,1.00,3.00
2016.12.13 14:13:12.052,0.75051,0.75057,1.00,1.87
2016.12.13 14:13:12.447,0.75049,0.75058,1.00,3.19
2016.12.13 14:13:12.549,0.75049,0.75059,2.29,2.25
2016.12.13 14:13:13.573,0.75049,0.75059,2.06,3.75
2016.12.13 14:13:14.089,0.7505,0.75058,1.00,1.12
2016.12.13 14:13:14.607,0.75049,0.75058,1.69,2.25
2016.12.13 14:13:14.861,0.75049,0.75058,2.44,2.25
2016.12.13 14:13:15.722,0.75051,0.75059,3.37,1.12
2016.12.13 14:13:16.278,0.75052,0.75059,2.62,1.87
2016.12.13 14:13:16.785,0.75051,0.75059,2.62,1.00
2016.12.13 14:13:18.176,0.75051,0.75058,1.87,1.00
2016.12.13 14:13:18.581,0.75051,0.7506,1.00,4.69
2016.12.13 14:13:19.088,0.75051,0.7506,3.37,3.19
2016.12.13 14:13:21.253,0.75054,0.75062,1.50,3.19
2016.12.13 14:13:21.760,0.75055,0.75062,1.12,3.19
2016.12.13 14:13:22.267,0.75054,0.75061,1.87,2.25
2016.12.13 14:13:22.861,0.75055,0.75061,1.12,2.25
2016.12.13 14:13:23.404,0.75054,0.75061,1.87,2.25
2016.12.13 14:13:24.934,0.75053,0.75061,2.62,2.25
2016.12.13 14:13:25.035,0.75053,0.75061,1.87,2.25
2016.12.13 14:13:25.945,0.75054,0.75062,1.00,3.19
2016.12.13 14:13:25.996,0.75056,0.75064,1.50,1.87
2016.12.13 14:13:26.301,0.75059,0.75068,2.25,2.62
2016.12.13 14:13:27.781,0.7506,0.75067,1.50,2.25
2016.12.13 14:13:28.136,0.75059,0.75069,3.00,4.87
2016.12.13 14:13:28.642,0.75059,0.75069,2.25,4.12
2016.12.13 14:13:30.178,0.75059,0.75068,4.50,1.00
2016.12.13 14:13:30.482,0.75057,0.75067,3.37,2.25
2016.12.13 14:13:31.004,0.75058,0.75068,2.25,1.00
2016.12.13 14:13:31.523,0.75058,0.75069,2.25,5.25
2016.12.13 14:13:36.820,0.75059,0.75068,1.50,2.25
2016.12.13 14:13:38.712,0.75058,0.75067,1.37,1.50
2016.12.13 14:13:39.222,0.75057,0.75066,1.87,1.12
2016.12.13 14:13:39.471,0.75057,0.75068,4.50,1.87
2016.12.13 14:13:39.977,0.75058,0.75069,2.62,2.25
2016.12.13 14:13:40.923,0.7506,0.75069,2.25,1.50
2016.12.13 14:13:41.130,0.75062,0.75071,2.25,1.00
2016.12.13 14:13:41.636,0.75062,0.75072,2.25,4.50
2016.12.13 14:13:42.176,0.75062,0.75071,2.25,1.00
2016.12.13 14:13:42.687,0.75061,0.75071,1.00,1.00
2016.12.13 14:13:46.828,0.75062,0.75071,1.00,1.00
2016.12.13 14:13:47.134,0.75065,0.75075,1.00,3.00
2016.12.13 14:13:47.388,0.75065,0.75073,1.12,1.00
2016.12.13 14:13:47.942,0.75063,0.75073,3.94,1.50
2016.12.13 14:13:48.468,0.75063,0.75075,3.94,4.50
2016.12.13 14:13:49.229,0.75064,0.75074,1.50,1.50
2016.12.13 14:13:49.867,0.75063,0.75074,3.19,1.87
2016.12.13 14:13:50.979,0.75063,0.75072,4.16,2.25
2016.12.13 14:13:51.485,0.75064,0.75073,1.00,2.25
2016.12.13 14:13:52.205,0.75064,0.75074,1.12,1.87
2016.12.13 14:13:53.168,0.75065,0.75074,1.00,1.87
2016.12.13 14:13:53.682,0.75063,0.75074,7.31,1.12
2016.12.13 14:13:54.037,0.75063,0.75072,1.72,1.69
2016.12.13 14:13:54.543,0.75062,0.75072,1.00,3.94
2016.12.13 14:13:54.959,0.75064,0.75073,1.54,1.00
2016.12.13 14:13:55.825,0.75063,0.75072,1.12,1.69
2016.12.13 14:13:57.125,0.75062,0.75072,4.35,1.69
2016.12.13 14:13:57.662,0.75063,0.75072,1.00,1.69
2016.12.13 14:13:58.133,0.75063,0.75072,2.85,1.25
2016.12.13 14:13:58.641,0.75063,0.75072,3.75,1.25
2016.12.13 14:14:00.437,0.75064,0.75072,2.25,1.25
2016.12.13 14:14:00.539,0.75067,0.75076,1.00,1.69
2016.12.13 14:14:01.054,0.75067,0.75076,4.50,1.25
2016.12.13 14:14:01.408,0.75068,0.75079,1.87,2.62
2016.12.13 14:14:01.510,0.75069,0.75079,2.10,2.62
2016.12.13 14:14:02.130,0.75071,0.7508,1.30,1.25
2016.12.13 14:14:02.333,0.75068,0.75078,3.00,1.87
2016.12.13 14:14:02.536,0.75069,0.75079,1.50,4.12
2016.12.13 14:14:03.043,0.7507,0.75079,1.72,1.50
2016.12.13 14:14:03.145,0.75071,0.7508,1.00,1.69
2016.12.13 14:14:03.698,0.75069,0.7508,3.37,1.69
2016.12.13 14:14:05.061,0.75071,0.7508,1.00,1.69
2016.12.13 14:14:05.411,0.75072,0.75082,2.85,2.81
2016.12.13 14:14:06.493,0.75072,0.75082,2.10,2.06
2016.12.13 14:14:06.849,0.7507,0.7508,1.87,2.06
2016.12.13 14:14:06.950,0.7507,0.7508,1.00,6.94
2016.12.13 14:14:07.560,0.75069,0.7508,2.10,5.44
2016.12.13 14:14:08.091,0.7507,0.7508,1.35,3.19
2016.12.13 14:14:08.243,0.75071,0.7508,1.35,2.06
2016.12.13 14:14:12.486,0.75072,0.75082,1.00,3.56
2016.12.13 14:14:12.994,0.75072,0.75082,1.35,2.81
2016.12.13 14:14:14.388,0.75071,0.75081,3.19,1.12
2016.12.13 14:14:20.203,0.75071,0.7508,2.06,1.00
2016.12.13 14:14:23.498,0.75071,0.75079,1.00,1.69
2016.12.13 14:14:23.600,0.75069,0.75079,2.25,2.06
2016.12.13 14:14:24.776,0.75069,0.75079,5.14,1.25
2016.12.13 14:14:25.288,0.75071,0.75079,1.12,1.25
2016.12.13 14:14:25.827,0.7507,0.75079,1.00,2.06
2016.12.13 14:14:27.620,0.7507,0.75079,1.00,1.25
2016.12.13 14:14:28.099,0.75072,0.75079,1.00,1.25
2016.12.13 14:14:28.202,0.75072,0.75082,2.10,1.69
2016.12.13 14:14:28.253,0.75073,0.75082,1.37,1.69
2016.12.13 14:14:29.775,0.75075,0.75082,4.87,1.25
2016.12.13 14:14:29.827,0.75074,0.75084,3.37,1.00
2016.12.13 14:14:29.928,0.75074,0.75084,1.50,1.87
2016.12.13 14:14:30.237,0.75076,0.75085,1.00,4.87
2016.12.13 14:14:30.543,0.75083,0.75088,1.35,1.37
2016.12.13 14:14:30.594,0.75083,0.75091,1.35,2.44
2016.12.13 14:14:31.123,0.75082,0.7509,1.00,1.00
2016.12.13 14:14:31.653,0.75081,0.75091,2.06,2.06
2016.12.13 14:14:33.121,0.75083,0.75091,1.00,2.06
2016.12.13 14:14:36.581,0.75083,0.7509,1.00,1.00
2016.12.13 14:14:36.632,0.75081,0.75089,1.00,2.44
2016.12.13 14:14:36.734,0.75078,0.75088,3.56,1.50
2016.12.13 14:14:36.785,0.75079,0.75088,2.47,3.37
2016.12.13 14:14:37.292,0.7508,0.75088,1.00,1.50
2016.12.13 14:14:39.815,0.7508,0.75089,2.85,2.06
2016.12.13 14:14:40.068,0.75081,0.7509,4.54,2.62
2016.12.13 14:14:40.322,0.75081,0.7509,1.12,1.69
2016.12.13 14:14:40.525,0.75079,0.75088,1.12,1.12
2016.12.13 14:14:41.028,0.75078,0.75088,1.69,2.25
2016.12.13 14:14:41.535,0.75079,0.75088,1.00,1.50
2016.12.13 14:14:41.924,0.75079,0.75085,1.00,1.00
2016.12.13 14:14:42.027,0.75075,0.75084,1.12,4.50
2016.12.13 14:14:42.078,0.75074,0.75082,2.25,1.00
2016.12.13 14:14:42.130,0.75073,0.75082,1.12,2.81
2016.12.13 14:14:42.282,0.75078,0.75083,1.00,1.37
2016.12.13 14:14:42.544,0.75084,0.75094,2.05,1.50
2016.12.13 14:14:42.595,0.75083,0.75093,3.94,3.00
2016.12.13 14:14:42.848,0.75086,0.75093,1.00,1.37
2016.12.13 14:14:43.001,0.75084,0.75094,3.97,1.12
2016.12.13 14:14:43.255,0.75084,0.75094,4.50,1.87
2016.12.13 14:14:43.559,0.75088,0.75099,1.31,6.19
2016.12.13 14:14:44.083,0.75089,0.75099,1.00,2.81
2016.12.13 14:14:44.238,0.75087,0.75095,3.75,1.00
2016.12.13 14:14:44.544,0.75084,0.75092,1.25,1.00
2016.12.13 14:14:44.645,0.75086,0.75093,1.00,1.50
2016.12.13 14:14:45.051,0.75088,0.75094,1.00,1.37
2016.12.13 14:14:45.292,0.75085,0.75093,2.81,1.50
2016.12.13 14:14:45.598,0.75085,0.7509,1.31,1.00
2016.12.13 14:14:45.851,0.75084,0.75093,3.94,1.87
2016.12.13 14:14:45.953,0.75086,0.75093,1.00,1.12
2016.12.13 14:14:46.461,0.75087,0.75094,1.00,1.12
2016.12.13 14:14:48.480,0.75085,0.75095,3.00,1.50
2016.12.13 14:14:48.860,0.75084,0.75093,1.69,3.00
2016.12.13 14:14:49.063,0.75082,0.75093,1.00,4.69
2016.12.13 14:14:49.570,0.75081,0.75092,3.37,1.37
2016.12.13 14:14:50.083,0.75081,0.75091,1.50,1.87
2016.12.13 14:14:52.033,0.75082,0.75091,1.00,1.37
2016.12.13 14:14:52.540,0.75083,0.75091,1.00,1.37
2016.12.13 14:14:54.949,0.75082,0.75092,1.72,3.75
2016.12.13 14:14:55.333,0.75081,0.75092,3.37,4.87
2016.12.13 14:14:55.839,0.75081,0.75091,1.37,2.62
2016.12.13 14:14:56.370,0.75081,0.75091,1.12,2.25
2016.12.13 14:14:57.390,0.75081,0.75089,1.12,1.00
2016.12.13 14:14:57.898,0.7508,0.75089,1.50,1.12
2016.12.13 14:15:00.342,0.7508,0.7509,2.10,1.62
2016.12.13 14:15:00.495,0.75081,0.75092,2.85,8.25
2016.12.13 14:15:00.546,0.75085,0.75092,2.29,1.12
2016.12.13 14:15:00.832,0.75086,0.75095,1.00,6.00
2016.12.13 14:15:01.036,0.75088,0.75097,1.69,3.00
2016.12.13 14:15:01.543,0.75089,0.75098,1.12,1.00
2016.12.13 14:15:02.100,0.7509,0.75099,1.00,2.44
2016.12.13 14:15:02.606,0.75089,0.75099,1.12,2.44
2016.12.13 14:15:02.657,0.75091,0.75099,1.00,1.69
2016.12.13 14:15:02.759,0.75091,0.75099,1.00,1.25
2016.12.13 14:15:02.962,0.75091,0.75101,2.44,2.81
2016.12.13 14:15:03.577,0.75092,0.75101,1.00,2.06
2016.12.13 14:15:04.083,0.75091,0.75101,3.19,1.31
2016.12.13 14:15:04.590,0.7509,0.751,1.50,2.06
2016.12.13 14:15:04.642,0.7509,0.75098,1.50,1.00
2016.12.13 14:15:05.186,0.75089,0.75099,1.87,1.50
2016.12.13 14:15:06.281,0.75089,0.75097,1.87,1.50
2016.12.13 14:15:06.788,0.75088,0.75095,1.12,2.25
2016.12.13 14:15:06.907,0.75086,0.75095,1.75,2.25
2016.12.13 14:15:06.959,0.75085,0.75093,1.00,1.00
2016.12.13 14:15:07.466,0.75084,0.75094,2.06,5.62
2016.12.13 14:15:07.973,0.75084,0.75094,3.19,3.00
2016.12.13 14:15:08.127,0.75084,0.75092,2.81,1.00
2016.12.13 14:15:08.662,0.75084,0.75092,1.69,1.00
2016.12.13 14:15:09.178,0.75084,0.75093,1.69,2.25
2016.12.13 14:15:09.381,0.75082,0.75092,1.87,1.12
2016.12.13 14:15:10.089,0.75085,0.75093,3.19,1.50
2016.12.13 14:15:10.289,0.75086,0.75095,1.37,2.25
2016.12.13 14:15:10.795,0.75085,0.75095,2.44,4.12
2016.12.13 14:15:10.998,0.75085,0.75094,1.31,1.37
2016.12.13 14:15:11.606,0.75085,0.75094,2.06,1.50
2016.12.13 14:15:11.911,0.75088,0.75096,1.00,1.25
2016.12.13 14:15:12.231,0.75092,0.751,1.35,2.25
2016.12.13 14:15:13.193,0.75091,0.751,1.00,2.25
2016.12.13 14:15:13.553,0.7509,0.75098,1.00,3.00
2016.12.13 14:15:14.059,0.75095,0.75101,1.00,2.25
2016.12.13 14:15:14.110,0.75094,0.75102,1.00,1.87
2016.12.13 14:15:14.312,0.75096,0.75103,1.00,4.50
2016.12.13 14:15:14.363,0.75094,0.75103,3.60,1.12
2016.12.13 14:15:14.870,0.75095,0.75103,1.00,1.50
2016.12.13 14:15:15.327,0.75096,0.75106,1.50,2.06
2016.12.13 14:15:15.467,0.75097,0.75106,3.37,2.00
2016.12.13 14:15:15.519,0.75101,0.75109,1.00,1.87
2016.12.13 14:15:15.925,0.75102,0.7511,1.00,1.69
2016.12.13 14:15:16.179,0.751,0.7511,1.00,2.44
2016.12.13 14:15:16.434,0.75099,0.75109,1.00,3.00
2016.12.13 14:15:17.218,0.75098,0.75108,2.62,3.37
2016.12.13 14:15:17.522,0.75098,0.75107,1.37,3.94
2016.12.13 14:15:17.675,0.75097,0.75105,1.12,1.00
2016.12.13 14:15:17.929,0.75097,0.75107,1.87,2.06
2016.12.13 14:15:18.183,0.75099,0.75107,1.00,1.25
2016.12.13 14:15:22.414,0.75099,0.75109,1.00,3.75
2016.12.13 14:15:22.721,0.75102,0.75109,1.00,2.25
2016.12.13 14:15:23.235,0.75102,0.7511,1.00,5.44
2016.12.13 14:15:23.785,0.75102,0.75109,1.00,2.25
2016.12.13 14:15:24.496,0.75099,0.75109,2.10,2.25
2016.12.13 14:15:24.699,0.75098,0.75107,1.00,1.00
2016.12.13 14:15:25.027,0.75096,0.75104,2.25,1.12
2016.12.13 14:15:25.331,0.75099,0.75107,1.00,1.25
2016.12.13 14:15:27.443,0.75097,0.75106,1.00,1.00
2016.12.13 14:15:28.098,0.75097,0.75107,3.94,3.00
2016.12.13 14:15:28.630,0.75098,0.75107,1.00,2.25
2016.12.13 14:15:28.790,0.75098,0.75109,3.75,4.87
2016.12.13 14:15:31.319,0.751,0.75109,1.00,3.37
2016.12.13 14:15:38.252,0.751,0.75108,1.00,1.25
2016.12.13 14:15:39.430,0.75099,0.75103,1.00,1.00
2016.12.13 14:15:39.531,0.75096,0.75101,1.00,2.06
2016.12.13 14:15:39.583,0.75093,0.751,1.00,2.25
2016.12.13 14:15:39.736,0.75091,0.751,1.12,3.75
2016.12.13 14:15:40.611,0.75091,0.75101,1.12,4.69
2016.12.13 14:15:41.118,0.75091,0.75101,1.50,4.31
2016.12.13 14:15:42.629,0.75092,0.751,1.00,2.62
2016.12.13 14:15:43.018,0.75095,0.75101,1.00,1.50
2016.12.13 14:15:43.272,0.75094,0.75102,2.06,1.00
2016.12.13 14:15:43.538,0.75096,0.75102,1.00,2.25
2016.12.13 14:15:43.639,0.75094,0.75103,1.00,4.87
2016.12.13 14:15:43.690,0.75094,0.75102,1.00,4.50
2016.12.13 14:15:44.198,0.75094,0.75102,2.06,1.87
2016.12.13 14:15:44.503,0.75097,0.75103,1.00,1.12
2016.12.13 14:15:44.554,0.75095,0.75103,1.00,1.12
2016.12.13 14:15:44.969,0.75095,0.75103,1.00,1.87
2016.12.13 14:15:45.070,0.75095,0.75104,1.00,6.75
2016.12.13 14:15:45.375,0.75093,0.75101,1.00,1.12
2016.12.13 14:15:45.832,0.75091,0.751,1.00,2.25
2016.12.13 14:15:46.373,0.7509,0.751,1.87,2.25
2016.12.13 14:15:46.892,0.75091,0.751,1.00,3.37
2016.12.13 14:15:47.759,0.7509,0.751,1.87,3.37
2016.12.13 14:15:48.326,0.7509,0.75099,1.87,1.00
2016.12.13 14:15:49.424,0.7509,0.751,3.37,3.37
2016.12.13 14:15:49.627,0.75094,0.75101,2.44,1.37
2016.12.13 14:15:49.779,0.75094,0.75104,1.31,6.37
2016.12.13 14:15:49.882,0.75094,0.75101,1.25,2.25
2016.12.13 14:15:50.386,0.75091,0.751,1.37,2.25
2016.12.13 14:15:50.488,0.75091,0.751,1.12,2.62
2016.12.13 14:15:50.994,0.7509,0.751,1.12,2.62
2016.12.13 14:15:52.974,0.75091,0.751,1.00,2.62
2016.12.13 14:15:53.025,0.75094,0.75101,1.00,1.50
2016.12.13 14:15:53.076,0.75093,0.75102,1.50,2.81
2016.12.13 14:15:53.178,0.75092,0.751,1.37,2.25
2016.12.13 14:15:53.711,0.75091,0.75101,2.25,5.06
2016.12.13 14:15:54.066,0.75091,0.751,1.50,1.12
2016.12.13 14:15:56.915,0.75095,0.751,1.00,2.62
2016.12.13 14:15:57.372,0.75095,0.75104,1.87,5.25
2016.12.13 14:15:57.879,0.75095,0.75103,1.00,1.87
2016.12.13 14:15:58.386,0.75096,0.75104,1.00,5.62
2016.12.13 14:15:58.692,0.75096,0.75104,1.00,3.00
2016.12.13 14:15:59.882,0.75098,0.75104,1.00,3.00
2016.12.13 14:16:00.235,0.75095,0.75104,2.25,3.00
2016.12.13 14:16:01.898,0.75096,0.75104,1.00,3.00
2016.12.13 14:16:02.309,0.75096,0.75104,1.50,1.87
2016.12.13 14:16:02.425,0.75096,0.75105,1.00,5.06
2016.12.13 14:16:03.703,0.75096,0.75104,1.00,1.00
2016.12.13 14:16:04.753,0.75096,0.75105,1.00,5.44
2016.12.13 14:16:04.804,0.75098,0.75105,1.00,5.44
2016.12.13 14:16:05.317,0.75099,0.75107,1.00,1.00
2016.12.13 14:16:05.418,0.75099,0.75109,1.50,5.06
2016.12.13 14:16:05.925,0.751,0.75109,1.00,4.69
2016.12.13 14:16:06.398,0.751,0.75107,1.00,2.25
2016.12.13 14:16:06.786,0.75098,0.75103,1.00,1.37
2016.12.13 14:16:06.837,0.75098,0.75105,1.00,4.50
2016.12.13 14:16:08.783,0.75098,0.75104,1.00,1.12
2016.12.13 14:16:09.290,0.75098,0.75105,1.00,5.25
2016.12.13 14:16:09.948,0.751,0.75105,1.00,1.12
2016.12.13 14:16:09.999,0.75098,0.75107,1.00,1.87
2016.12.13 14:16:10.154,0.75099,0.75108,1.87,3.94
2016.12.13 14:16:10.580,0.75101,0.75108,1.00,3.19
2016.12.13 14:16:10.783,0.75099,0.75108,1.12,3.19
2016.12.13 14:16:12.016,0.75099,0.75107,1.12,1.00
2016.12.13 14:16:14.171,0.75099,0.75108,1.00,3.56
2016.12.13 14:16:14.742,0.75098,0.75108,1.12,5.06
2016.12.13 14:16:14.793,0.751,0.75108,1.00,5.06
2016.12.13 14:16:15.424,0.751,0.75106,1.00,1.00
2016.12.13 14:16:15.778,0.75098,0.75105,1.12,2.25
2016.12.13 14:16:16.183,0.75098,0.75103,1.00,2.25
2016.12.13 14:16:16.640,0.75098,0.75106,1.00,3.19
2016.12.13 14:16:17.147,0.75099,0.75107,1.12,1.00
2016.12.13 14:16:17.755,0.75099,0.75109,1.12,4.31
2016.12.13 14:16:17.806,0.75101,0.75109,1.00,4.31
2016.12.13 14:16:18.317,0.751,0.75109,1.00,3.19
2016.12.13 14:16:18.838,0.751,0.75108,1.00,1.00
2016.12.13 14:16:19.790,0.751,0.75109,1.00,3.19
2016.12.13 14:16:22.079,0.75101,0.75109,1.00,3.19
2016.12.13 14:16:22.618,0.751,0.75109,1.00,3.19
2016.12.13 14:16:23.097,0.751,0.75107,1.00,1.50
2016.12.13 14:16:23.402,0.75098,0.75107,1.00,3.37
2016.12.13 14:16:23.705,0.75098,0.75105,1.00,1.25
2016.12.13 14:16:23.909,0.75094,0.75103,2.44,4.12
2016.12.13 14:16:25.646,0.75094,0.75103,2.06,3.00
2016.12.13 14:16:27.088,0.75096,0.75104,2.25,1.00
2016.12.13 14:16:27.392,0.751,0.75105,1.00,1.25
2016.12.13 14:16:27.851,0.751,0.75109,1.00,2.25
2016.12.13 14:16:28.767,0.751,0.75108,1.00,2.25
2016.12.13 14:16:29.628,0.75101,0.75108,1.00,2.25
2016.12.13 14:16:30.159,0.75101,0.75109,1.00,2.25
2016.12.13 14:16:32.171,0.75101,0.75105,1.00,1.25
2016.12.13 14:16:32.323,0.75098,0.75105,1.00,1.25
2016.12.13 14:16:32.781,0.75098,0.75107,1.50,1.00
2016.12.13 14:16:33.201,0.751,0.75108,1.00,3.19
2016.12.13 14:16:44.039,0.751,0.75107,1.12,2.25
2016.12.13 14:16:44.141,0.75098,0.75106,1.50,2.25
2016.12.13 14:16:44.648,0.75099,0.75106,1.00,2.25
2016.12.13 14:16:45.157,0.75099,0.75107,1.00,2.25
2016.12.13 14:16:46.175,0.75099,0.75106,1.00,2.25
2016.12.13 14:16:47.045,0.75097,0.75106,3.19,2.25
2016.12.13 14:16:47.178,0.75097,0.75104,2.25,1.25
2016.12.13 14:16:47.230,0.75095,0.75104,1.00,3.56
2016.12.13 14:16:47.534,0.75097,0.75104,1.00,1.25
2016.12.13 14:16:48.361,0.75098,0.75104,1.00,1.25
2016.12.13 14:16:48.885,0.75097,0.75103,1.00,2.25
2016.12.13 14:16:48.936,0.75094,0.75102,1.00,2.25
2016.12.13 14:16:49.442,0.75094,0.75102,1.00,3.00
2016.12.13 14:16:49.544,0.75096,0.75103,1.50,3.00
2016.12.13 14:16:49.747,0.75096,0.75104,1.00,2.44
2016.12.13 14:16:49.949,0.75094,0.75103,1.50,1.00
2016.12.13 14:16:50.304,0.75094,0.75101,1.00,1.00
2016.12.13 14:16:51.324,0.75094,0.75102,1.00,3.00
2016.12.13 14:16:51.830,0.75093,0.75102,2.06,3.75
2016.12.13 14:16:52.393,0.75093,0.75101,2.06,1.00
2016.12.13 14:16:54.623,0.75095,0.75101,1.00,3.00
2016.12.13 14:16:54.674,0.75095,0.75103,1.00,1.12
2016.12.13 14:16:55.182,0.75096,0.75103,1.00,2.25
2016.12.13 14:16:55.692,0.75097,0.75106,7.31,1.50
2016.12.13 14:16:55.844,0.75098,0.75106,2.25,1.00
2016.12.13 14:16:56.673,0.75099,0.75108,1.12,5.44
2016.12.13 14:16:57.702,0.75098,0.75107,4.12,2.25
2016.12.13 14:16:58.728,0.75098,0.75108,3.37,5.06
2016.12.13 14:16:59.255,0.75098,0.75107,1.87,1.00
2016.12.13 14:16:59.306,0.75097,0.75107,3.19,3.75
2016.12.13 14:16:59.459,0.75099,0.75107,1.00,5.25
2016.12.13 14:16:59.763,0.75097,0.75104,1.00,1.12
2016.12.13 14:17:00.606,0.75097,0.75105,1.00,3.94
2016.12.13 14:17:01.062,0.75099,0.75105,1.00,3.19
2016.12.13 14:17:01.630,0.75097,0.75105,1.00,3.19
2016.12.13 14:17:02.136,0.75098,0.75105,1.00,3.19
2016.12.13 14:17:02.770,0.75096,0.75105,1.50,3.94
2016.12.13 14:17:03.277,0.75096,0.75105,1.00,6.19
2016.12.13 14:17:03.782,0.75097,0.75104,1.00,1.12
2016.12.13 14:17:04.758,0.75096,0.75104,1.00,1.12
2016.12.13 14:17:05.373,0.75097,0.75104,1.00,1.12
2016.12.13 14:17:06.430,0.75097,0.75105,1.00,1.69
2016.12.13 14:17:06.936,0.75098,0.75105,1.00,1.25
2016.12.13 14:17:08.741,0.75094,0.75105,6.75,5.81
2016.12.13 14:17:08.844,0.75096,0.75103,1.50,1.00
2016.12.13 14:17:09.148,0.75098,0.75103,1.00,2.62
2016.12.13 14:17:09.402,0.75098,0.75105,1.00,3.94
2016.12.13 14:17:10.068,0.75097,0.75105,1.00,5.06
2016.12.13 14:17:11.769,0.75099,0.75105,1.00,1.69
2016.12.13 14:17:15.183,0.75098,0.75105,1.12,1.25
2016.12.13 14:17:18.074,0.75098,0.75104,1.12,1.25
2016.12.13 14:17:19.412,0.75097,0.75104,1.12,1.25
2016.12.13 14:17:19.922,0.75096,0.75104,1.00,3.19
2016.12.13 14:17:20.292,0.75098,0.75104,1.00,1.25
2016.12.13 14:17:25.064,0.75098,0.75105,1.00,1.25
2016.12.13 14:17:27.006,0.75097,0.75105,1.00,1.25
2016.12.13 14:17:27.890,0.75098,0.75105,1.00,1.25
2016.12.13 14:17:32.178,0.751,0.75105,1.00,1.25
2016.12.13 14:17:32.684,0.751,0.75107,1.50,2.25
2016.12.13 14:17:33.227,0.75101,0.75108,1.00,1.25
2016.12.13 14:17:33.826,0.75101,0.75107,1.00,1.00
2016.12.13 14:17:35.871,0.75101,0.75108,1.00,3.56
2016.12.13 14:17:37.188,0.75098,0.75108,2.25,3.56
2016.12.13 14:17:38.173,0.75099,0.75108,1.00,3.56
2016.12.13 14:17:38.679,0.75098,0.75108,2.25,3.56
2016.12.13 14:17:39.473,0.75098,0.75107,2.25,1.00
2016.12.13 14:17:39.626,0.751,0.75108,1.00,5.06
2016.12.13 14:17:39.935,0.75099,0.75106,1.00,2.25
2016.12.13 14:17:40.305,0.75096,0.75103,1.00,2.25
2016.12.13 14:17:41.015,0.75096,0.75105,1.00,4.31
2016.12.13 14:17:41.525,0.75097,0.75105,1.00,5.06
2016.12.13 14:17:42.132,0.75098,0.75105,1.00,1.25
2016.12.13 14:17:43.104,0.75096,0.75103,1.50,1.00
2016.12.13 14:17:43.307,0.75096,0.75105,1.12,4.31
2016.12.13 14:17:43.889,0.75097,0.75105,1.00,3.56
2016.12.13 14:17:45.157,0.75097,0.75104,1.00,2.25
2016.12.13 14:17:45.514,0.75094,0.75103,2.06,4.87
2016.12.13 14:17:45.664,0.75094,0.75102,1.31,3.00
2016.12.13 14:17:45.817,0.75092,0.75102,1.87,4.31
2016.12.13 14:17:46.324,0.75093,0.75102,1.00,5.44
2016.12.13 14:17:46.629,0.75095,0.75101,1.50,2.62
2016.12.13 14:17:46.731,0.75096,0.75103,1.00,1.50
2016.12.13 14:17:47.239,0.75096,0.75104,1.00,4.12
2016.12.13 14:17:48.020,0.75098,0.75104,1.00,2.25
2016.12.13 14:17:48.528,0.75096,0.75104,1.12,2.25
2016.12.13 14:17:49.135,0.75098,0.75104,1.00,2.62
2016.12.13 14:17:51.223,0.75095,0.75104,1.50,2.62
2016.12.13 14:17:52.222,0.75095,0.75103,2.25,1.00
2016.12.13 14:17:53.441,0.75096,0.75103,1.12,1.50
2016.12.13 14:17:53.543,0.75094,0.75101,1.25,1.00
2016.12.13 14:17:54.050,0.75093,0.75101,1.00,2.25
2016.12.13 14:17:54.558,0.75092,0.75101,1.00,2.25
2016.12.13 14:17:54.817,0.75094,0.75101,1.00,2.25
2016.12.13 14:17:55.181,0.75095,0.75103,2.29,1.12
2016.12.13 14:17:55.232,0.75097,0.75103,1.00,1.12
2016.12.13 14:17:55.738,0.75096,0.75103,1.00,1.12
2016.12.13 14:17:56.195,0.75097,0.75105,1.00,3.75
2016.12.13 14:17:56.449,0.75096,0.75103,2.25,2.25
2016.12.13 14:17:56.955,0.75096,0.75103,1.00,2.25
2016.12.13 14:17:57.466,0.75096,0.75102,1.00,1.00
2016.12.13 14:17:57.568,0.75096,0.75104,1.50,3.37
2016.12.13 14:17:57.670,0.75098,0.75107,1.00,8.44
2016.12.13 14:17:57.771,0.75099,0.75107,1.00,1.12
2016.12.13 14:17:59.810,0.75099,0.75106,1.00,3.00
2016.12.13 14:17:59.861,0.75097,0.75106,1.12,3.75
2016.12.13 14:18:00.014,0.75097,0.75104,1.00,2.25
2016.12.13 14:18:00.377,0.75095,0.75103,1.00,1.12
2016.12.13 14:18:00.926,0.75093,0.75103,2.62,1.12
2016.12.13 14:18:01.028,0.75093,0.75101,1.50,1.00
2016.12.13 14:18:04.957,0.75092,0.75102,1.87,4.12
2016.12.13 14:18:05.464,0.75092,0.751,1.12,1.00
2016.12.13 14:18:05.981,0.7509,0.75098,1.50,1.00
2016.12.13 14:18:06.185,0.75088,0.75096,1.12,2.25
2016.12.13 14:18:06.742,0.7509,0.75096,1.00,2.25
2016.12.13 14:18:06.894,0.7509,0.75099,3.19,2.25
2016.12.13 14:18:06.996,0.75091,0.751,1.37,1.87
2016.12.13 14:18:07.308,0.7509,0.751,3.56,1.50
2016.12.13 14:18:08.874,0.75091,0.751,1.00,1.87
2016.12.13 14:18:10.039,0.7509,0.751,2.44,3.37
2016.12.13 14:18:10.924,0.75093,0.751,1.50,1.50
2016.12.13 14:18:11.134,0.75093,0.75103,1.50,3.00
2016.12.13 14:18:11.185,0.75092,0.75103,1.50,4.12
2016.12.13 14:18:11.236,0.75095,0.75103,1.69,1.87
2016.12.13 14:18:11.744,0.75096,0.75103,1.50,1.12
2016.12.13 14:18:13.090,0.75096,0.75104,1.00,1.00
2016.12.13 14:18:15.069,0.75095,0.75104,3.56,1.00
2016.12.13 14:18:15.817,0.75096,0.75104,1.00,2.25
2016.12.13 14:18:15.918,0.75098,0.75107,1.00,1.12
2016.12.13 14:18:16.121,0.75099,0.75109,3.00,1.50
2016.12.13 14:18:16.629,0.75101,0.7511,1.00,2.06
2016.12.13 14:18:17.135,0.751,0.7511,1.12,1.31
2016.12.13 14:18:20.885,0.751,0.75108,1.12,1.50
2016.12.13 14:18:21.393,0.75099,0.75108,1.00,1.87
2016.12.13 14:18:21.495,0.75099,0.75109,1.00,4.50
2016.12.13 14:18:22.001,0.751,0.75109,1.00,4.87
2016.12.13 14:18:22.341,0.751,0.75107,1.00,1.00
2016.12.13 14:18:22.495,0.75097,0.75108,2.44,1.00
2016.12.13 14:18:22.800,0.75097,0.75106,2.44,2.25
2016.12.13 14:18:23.104,0.75097,0.75106,1.00,8.44
2016.12.13 14:18:23.610,0.75098,0.75106,1.00,5.81
2016.12.13 14:18:23.985,0.75098,0.75106,1.00,2.44
2016.12.13 14:18:24.241,0.75099,0.75108,1.00,1.12
2016.12.13 14:18:24.747,0.751,0.75109,1.00,3.94
2016.12.13 14:18:25.281,0.75098,0.75107,1.25,1.87
2016.12.13 14:18:26.152,0.75098,0.75105,1.25,1.00
2016.12.13 14:18:26.658,0.75098,0.75106,1.25,1.50
2016.12.13 14:18:44.574,0.75097,0.75106,1.00,3.19
2016.12.13 14:18:45.091,0.75096,0.75106,1.50,4.69
2016.12.13 14:18:45.496,0.75098,0.75106,1.00,3.19
2016.12.13 14:18:50.171,0.75098,0.75105,1.00,1.87
2016.12.13 14:18:50.222,0.75096,0.75104,1.00,1.00
2016.12.13 14:18:50.376,0.75094,0.75103,1.25,1.00
2016.12.13 14:18:50.427,0.75096,0.75103,1.00,1.12
2016.12.13 14:18:50.832,0.75098,0.75105,1.00,1.87
2016.12.13 14:18:51.836,0.75098,0.75106,1.00,4.87
2016.12.13 14:18:55.833,0.75099,0.75106,1.00,3.00
2016.12.13 14:18:56.811,0.75097,0.75106,1.00,3.00
2016.12.13 14:18:57.331,0.75097,0.75107,1.00,4.69
2016.12.13 14:18:57.837,0.75097,0.75107,1.00,2.81
2016.12.13 14:19:00.182,0.75098,0.75107,1.00,2.06
2016.12.13 14:19:00.334,0.75099,0.75108,1.00,1.00
2016.12.13 14:19:00.840,0.75099,0.75109,2.25,2.62
2016.12.13 14:19:06.228,0.75101,0.7511,1.00,3.94
2016.12.13 14:19:06.735,0.75101,0.7511,1.00,3.94
2016.12.13 14:19:07.949,0.75102,0.7511,1.00,3.56
2016.12.13 14:19:08.487,0.75101,0.7511,1.00,2.44
2016.12.13 14:19:17.074,0.75101,0.75109,1.12,1.00
2016.12.13 14:19:21.052,0.75101,0.7511,1.00,2.81
2016.12.13 14:19:24.956,0.75102,0.7511,1.00,1.69
2016.12.13 14:19:25.464,0.75101,0.75109,1.00,1.00
2016.12.13 14:19:28.562,0.75101,0.7511,1.00,3.19
2016.12.13 14:19:28.830,0.751,0.75108,1.00,1.00
2016.12.13 14:19:29.033,0.75098,0.75108,3.00,1.50
2016.12.13 14:19:29.539,0.75098,0.75108,3.37,2.62
2016.12.13 14:19:30.451,0.75098,0.75107,4.87,1.00
2016.12.13 14:19:30.958,0.75096,0.75105,1.75,1.00
2016.12.13 14:19:31.009,0.75095,0.75104,2.62,1.00
2016.12.13 14:19:31.112,0.75094,0.75102,1.37,1.50
2016.12.13 14:19:31.164,0.75093,0.75102,1.12,2.25
2016.12.13 14:19:31.268,0.75091,0.75102,3.75,5.25
2016.12.13 14:19:31.787,0.75091,0.751,1.00,1.00
2016.12.13 14:19:33.191,0.7509,0.751,1.69,1.50
2016.12.13 14:19:39.076,0.75091,0.751,1.00,1.87
2016.12.13 14:19:40.870,0.75091,0.75098,1.00,1.00
2016.12.13 14:19:44.114,0.75091,0.751,1.00,5.62
2016.12.13 14:19:44.165,0.75093,0.751,1.00,1.12
2016.12.13 14:19:44.416,0.75093,0.75102,1.50,1.12
2016.12.13 14:19:46.686,0.75093,0.75103,2.62,1.87
2016.12.13 14:19:47.193,0.75094,0.75103,1.00,1.87
2016.12.13 14:19:47.799,0.75093,0.75103,2.62,1.87
2016.12.13 14:19:49.115,0.75096,0.75103,1.00,2.81
2016.12.13 14:19:49.623,0.75097,0.75104,1.00,1.87
2016.12.13 14:19:49.827,0.75097,0.75106,3.00,1.25
2016.12.13 14:19:49.878,0.75099,0.75106,1.00,1.25
2016.12.13 14:19:49.980,0.75099,0.75108,1.00,5.25
2016.12.13 14:19:50.435,0.75099,0.75106,1.00,1.00
2016.12.13 14:19:50.725,0.75097,0.75106,1.50,1.31
2016.12.13 14:19:53.026,0.75098,0.75107,1.00,1.37
2016.12.13 14:19:53.532,0.75098,0.75108,1.00,4.12
2016.12.13 14:19:54.044,0.75097,0.75107,4.91,1.12
2016.12.13 14:19:54.550,0.75098,0.75107,1.00,1.12
2016.12.13 14:19:58.431,0.75097,0.75107,3.56,1.12
2016.12.13 14:19:58.583,0.75098,0.75108,2.25,2.62
2016.12.13 14:19:59.089,0.75098,0.75109,3.00,2.62
2016.12.13 14:20:00.367,0.75098,0.75107,1.00,1.87
2016.12.13 14:20:00.672,0.75098,0.75104,1.00,1.12
2016.12.13 14:20:01.523,0.75097,0.75104,1.00,1.50
2016.12.13 14:20:02.030,0.75096,0.75103,2.44,1.50
2016.12.13 14:20:02.537,0.75096,0.75103,2.44,1.87
2016.12.13 14:20:06.130,0.75097,0.75103,1.00,1.37
2016.12.13 14:20:06.635,0.75096,0.75103,1.25,1.37
2016.12.13 14:20:07.219,0.75097,0.75103,1.00,1.37
2016.12.13 14:20:11.420,0.75098,0.75103,1.00,1.37
2016.12.13 14:20:11.573,0.75098,0.75107,1.69,1.50
2016.12.13 14:20:11.725,0.75098,0.75108,7.31,1.50
2016.12.13 14:20:12.237,0.75098,0.75109,7.31,3.94
2016.12.13 14:20:13.369,0.751,0.75109,1.00,2.44
2016.12.13 14:20:13.877,0.751,0.75109,1.00,1.25
2016.12.13 14:20:14.575,0.75099,0.75109,4.12,1.25
2016.12.13 14:20:15.333,0.75099,0.75109,4.87,1.25
2016.12.13 14:20:15.844,0.751,0.75109,1.87,1.25
2016.12.13 14:20:23.021,0.75105,0.75111,1.20,4.12
2016.12.13 14:20:23.123,0.75106,0.75114,1.54,4.12
2016.12.13 14:20:23.225,0.75106,0.75114,1.31,1.00
2016.12.13 14:20:23.580,0.75106,0.75116,1.25,2.44
2016.12.13 14:20:23.733,0.75106,0.75114,1.25,1.00
2016.12.13 14:20:25.155,0.75106,0.75113,1.25,1.00
2016.12.13 14:20:25.671,0.75106,0.75114,1.25,1.50
2016.12.13 14:20:26.228,0.75106,0.75115,1.31,1.87
2016.12.13 14:20:26.836,0.75106,0.75116,1.31,6.94
2016.12.13 14:20:27.204,0.75106,0.75114,1.31,1.00
2016.12.13 14:20:27.763,0.75106,0.75115,1.25,1.12
2016.12.13 14:20:28.270,0.75106,0.75114,1.31,1.00
2016.12.13 14:20:29.384,0.75106,0.75115,1.25,1.50
2016.12.13 14:20:30.246,0.75107,0.75116,1.00,2.06
2016.12.13 14:20:30.553,0.75108,0.75119,8.85,1.87
2016.12.13 14:20:30.655,0.75109,0.75119,3.60,1.00
2016.12.13 14:20:30.807,0.7511,0.75119,4.35,1.12
2016.12.13 14:20:31.316,0.7511,0.75119,1.37,1.50
2016.12.13 14:20:32.382,0.75111,0.7512,1.30,3.94
2016.12.13 14:20:33.568,0.7511,0.75118,2.10,1.00
2016.12.13 14:20:34.074,0.7511,0.75118,1.00,1.00
2016.12.13 14:20:34.219,0.7511,0.7512,2.10,4.69
2016.12.13 14:20:36.990,0.7511,0.75119,1.35,1.00
2016.12.13 14:20:37.920,0.75109,0.75119,1.50,1.00
2016.12.13 14:20:38.215,0.75111,0.7512,1.00,1.69
2016.12.13 14:20:38.975,0.75111,0.7512,2.10,1.69
2016.12.13 14:20:39.482,0.75111,0.7512,3.00,2.06
2016.12.13 14:20:40.024,0.75111,0.7512,3.60,1.31
2016.12.13 14:20:40.632,0.75111,0.7512,3.60,1.69
2016.12.13 14:20:42.420,0.75111,0.7512,3.60,2.44
2016.12.13 14:20:42.849,0.75111,0.75116,1.00,1.00
2016.12.13 14:20:43.002,0.75107,0.75113,1.12,1.25
2016.12.13 14:20:43.207,0.75104,0.75113,1.00,1.31
2016.12.13 14:20:43.696,0.75105,0.75115,2.81,2.62
2016.12.13 14:20:44.050,0.75107,0.75115,1.00,1.00
2016.12.13 14:20:44.557,0.75106,0.75115,3.37,1.00
2016.12.13 14:20:45.984,0.75106,0.75116,1.12,3.94
2016.12.13 14:20:46.288,0.75105,0.75114,1.31,1.00
2016.12.13 14:20:46.793,0.75105,0.75113,1.25,1.00
2016.12.13 14:20:49.198,0.75105,0.75113,4.54,1.00
2016.12.13 14:20:49.505,0.75109,0.75116,1.37,1.25
2016.12.13 14:20:50.011,0.75109,0.75117,1.50,1.50
2016.12.13 14:20:50.922,0.75109,0.75116,1.50,1.00
2016.12.13 14:20:51.226,0.75105,0.75112,1.25,1.00
2016.12.13 14:20:52.238,0.75105,0.75113,1.25,1.00
2016.12.13 14:20:52.569,0.75107,0.75113,1.50,1.00
2016.12.13 14:20:52.722,0.75109,0.75116,1.00,1.25
2016.12.13 14:20:52.925,0.75107,0.75113,1.00,1.00
2016.12.13 14:20:53.178,0.75103,0.7511,3.37,1.00
2016.12.13 14:20:54.536,0.75102,0.75111,6.75,1.00
2016.12.13 14:20:56.531,0.75106,0.75113,1.00,1.12
2016.12.13 14:20:57.121,0.75107,0.75114,1.37,1.00
2016.12.13 14:20:57.223,0.75107,0.75117,1.12,4.31
2016.12.13 14:20:57.375,0.75108,0.75115,1.00,1.00
2016.12.13 14:20:57.629,0.75108,0.75118,1.12,2.25
2016.12.13 14:20:58.136,0.75108,0.75118,1.87,2.62
2016.12.13 14:20:59.370,0.75107,0.75116,2.44,1.00
2016.12.13 14:20:59.523,0.75106,0.75113,1.87,1.00
2016.12.13 14:21:00.239,0.75105,0.75114,5.44,1.00
2016.12.13 14:21:00.846,0.75105,0.75114,3.56,1.00
2016.12.13 14:21:01.353,0.75105,0.75113,2.44,1.00
2016.12.13 14:21:01.903,0.75105,0.75112,1.25,1.00
2016.12.13 14:21:02.412,0.75105,0.75113,1.25,2.25
2016.12.13 14:21:03.144,0.75105,0.75113,1.25,2.62
2016.12.13 14:21:04.589,0.75103,0.75112,1.00,1.12
2016.12.13 14:21:05.156,0.75102,0.75112,3.75,1.87
2016.12.13 14:21:05.663,0.75102,0.75111,3.75,1.00
2016.12.13 14:21:06.542,0.75102,0.75111,4.50,1.00
2016.12.13 14:21:07.069,0.75101,0.75111,2.44,1.00
2016.12.13 14:21:08.680,0.75101,0.75111,2.66,1.12
2016.12.13 14:21:09.198,0.75101,0.7511,4.16,1.00
2016.12.13 14:21:12.328,0.75102,0.7511,2.25,1.00
2016.12.13 14:21:14.924,0.75105,0.7511,1.00,1.00
2016.12.13 14:21:15.076,0.75104,0.75112,3.00,1.00
2016.12.13 14:21:15.585,0.75105,0.75112,1.25,1.50
2016.12.13 14:21:15.686,0.75103,0.75112,1.50,1.00
2016.12.13 14:21:16.520,0.75102,0.75111,1.00,1.00
2016.12.13 14:21:16.673,0.75101,0.75108,1.31,1.00
2016.12.13 14:21:19.033,0.751,0.75108,2.10,1.00
2016.12.13 14:21:19.539,0.75101,0.75109,1.00,1.00
2016.12.13 14:21:19.844,0.75102,0.75111,4.12,1.50
2016.12.13 14:21:20.351,0.75101,0.75111,3.19,1.87
2016.12.13 14:21:20.660,0.75101,0.75109,1.31,1.00
2016.12.13 14:21:21.597,0.75101,0.75108,1.31,1.00
2016.12.13 14:21:22.255,0.75099,0.75108,1.72,1.00
2016.12.13 14:21:22.762,0.75099,0.75109,1.12,2.06
2016.12.13 14:21:23.271,0.75099,0.75107,1.00,1.00
2016.12.13 14:21:23.424,0.75096,0.75106,2.44,5.44
2016.12.13 14:21:23.475,0.75096,0.75102,2.44,1.00
2016.12.13 14:21:25.370,0.75096,0.75103,1.25,1.00
2016.12.13 14:21:31.386,0.75096,0.75102,1.25,1.00
2016.12.13 14:21:33.517,0.75092,0.75102,5.62,1.00
2016.12.13 14:21:34.025,0.75092,0.75102,3.00,1.00
2016.12.13 14:21:34.781,0.75092,0.75102,3.00,1.50
2016.12.13 14:21:35.367,0.75093,0.75102,1.50,1.00
2016.12.13 14:21:36.902,0.75092,0.75102,3.00,1.50
2016.12.13 14:21:37.474,0.75092,0.751,1.50,1.00
2016.12.13 14:21:37.985,0.75091,0.751,1.25,2.25
2016.12.13 14:21:38.593,0.75091,0.75097,1.25,1.00
2016.12.13 14:21:38.694,0.75089,0.75097,4.12,1.00
2016.12.13 14:21:41.005,0.75093,0.75101,1.00,1.00
2016.12.13 14:21:41.513,0.75092,0.75102,2.06,4.87
2016.12.13 14:21:42.324,0.75091,0.751,1.50,1.12
2016.12.13 14:21:43.333,0.7509,0.751,3.04,1.12
2016.12.13 14:21:43.850,0.75091,0.751,1.12,1.12
2016.12.13 14:21:46.029,0.75092,0.75101,1.50,2.44
2016.12.13 14:21:46.080,0.75093,0.75102,2.25,1.87
2016.12.13 14:21:46.182,0.75094,0.75104,1.12,2.62
2016.12.13 14:21:47.818,0.75093,0.75104,1.87,5.62
2016.12.13 14:21:48.325,0.75094,0.75105,1.00,5.44
2016.12.13 14:21:50.124,0.75093,0.75103,2.25,1.87
2016.12.13 14:21:50.908,0.75092,0.75103,6.19,1.87
2016.12.13 14:21:51.414,0.75092,0.75103,5.44,4.12
2016.12.13 14:21:51.924,0.75092,0.75103,4.69,2.62
2016.12.13 14:21:52.361,0.75094,0.75103,1.00,1.12
2016.12.13 14:21:52.869,0.75093,0.75103,3.37,1.87
2016.12.13 14:21:53.375,0.75093,0.75103,2.25,3.00
2016.12.13 14:21:54.692,0.75092,0.75103,4.69,3.37
2016.12.13 14:21:54.997,0.7509,0.751,2.81,3.75
2016.12.13 14:21:55.762,0.7509,0.751,1.31,3.37
2016.12.13 14:21:59.291,0.7509,0.751,2.81,2.25
2016.12.13 14:22:00.836,0.7509,0.75099,3.56,1.00
2016.12.13 14:22:01.344,0.7509,0.751,3.56,1.50
2016.12.13 14:22:09.282,0.75092,0.75101,1.00,2.81
2016.12.13 14:22:09.839,0.75093,0.75101,1.00,1.25
2016.12.13 14:22:10.370,0.75093,0.75103,1.69,2.62
2016.12.13 14:22:11.129,0.75094,0.75103,1.50,1.50
2016.12.13 14:22:11.671,0.75094,0.75104,1.87,2.81
2016.12.13 14:22:18.173,0.75094,0.75104,1.87,5.44
2016.12.13 14:22:20.614,0.75094,0.75104,1.50,2.81
2016.12.13 14:22:20.666,0.75097,0.75105,1.00,1.87
2016.12.13 14:22:20.717,0.75098,0.75106,1.50,1.50
2016.12.13 14:22:20.872,0.75098,0.75108,3.75,1.12
2016.12.13 14:22:20.975,0.75098,0.75107,2.62,1.00
2016.12.13 14:22:21.077,0.75097,0.75106,3.00,1.50
2016.12.13 14:22:21.230,0.75098,0.75108,1.00,1.87
2016.12.13 14:22:21.738,0.75098,0.75109,1.00,6.19
2016.12.13 14:22:22.266,0.75098,0.75108,1.12,2.25
2016.12.13 14:22:22.773,0.75098,0.75107,1.12,1.00
2016.12.13 14:22:23.334,0.75098,0.75108,1.12,1.00
2016.12.13 14:22:23.906,0.75098,0.75109,3.00,2.81
2016.12.13 14:22:24.162,0.75098,0.75106,1.50,1.00
2016.12.13 14:22:24.518,0.75098,0.75108,1.00,5.25
2016.12.13 14:22:25.026,0.75099,0.75109,1.12,5.06
2016.12.13 14:22:36.780,0.75099,0.75108,2.62,1.00
2016.12.13 14:22:37.307,0.75098,0.75109,5.62,1.25
2016.12.13 14:22:37.813,0.75099,0.75109,2.25,1.25
2016.12.13 14:22:38.319,0.751,0.75109,1.87,1.25
2016.12.13 14:22:39.331,0.75101,0.75111,1.00,5.06
2016.12.13 14:22:39.871,0.751,0.75111,6.19,3.19
2016.12.13 14:22:40.326,0.75102,0.75111,1.00,3.94
2016.12.13 14:22:41.543,0.751,0.7511,4.31,1.00
2016.12.13 14:22:42.555,0.751,0.75111,3.19,5.06
2016.12.13 14:22:43.092,0.751,0.7511,4.69,1.00
2016.12.13 14:22:47.983,0.75101,0.7511,1.50,1.00
2016.12.13 14:22:49.196,0.751,0.7511,2.44,1.00
2016.12.13 14:22:54.959,0.751,0.75109,1.25,1.12
2016.12.13 14:22:55.061,0.751,0.75107,1.25,1.00
2016.12.13 14:22:55.365,0.751,0.7511,1.31,3.75
2016.12.13 14:22:55.871,0.751,0.7511,2.06,1.87
2016.12.13 14:22:58.289,0.75101,0.7511,1.00,1.87
2016.12.13 14:22:59.250,0.751,0.75111,4.31,6.94
2016.12.13 14:23:00.075,0.751,0.75109,1.31,1.50
2016.12.13 14:23:00.129,0.75098,0.75109,10.50,2.44
2016.12.13 14:23:00.433,0.75099,0.75107,1.12,1.00
2016.12.13 14:23:00.535,0.75097,0.75106,3.37,1.00
2016.12.13 14:23:00.641,0.75097,0.75106,3.00,1.75
2016.12.13 14:23:00.692,0.75095,0.75105,2.62,2.06
2016.12.13 14:23:00.946,0.75093,0.75103,6.75,1.00
2016.12.13 14:23:01.661,0.75093,0.75102,1.50,1.00
2016.12.13 14:23:02.170,0.75093,0.75103,1.50,2.25
2016.12.13 14:23:02.322,0.75092,0.75102,1.69,2.62
2016.12.13 14:23:03.406,0.75094,0.75102,1.00,1.37
2016.12.13 14:23:03.559,0.75095,0.75104,1.00,1.00
2016.12.13 14:23:04.068,0.75094,0.75104,3.37,1.50
2016.12.13 14:23:04.575,0.75093,0.75103,1.12,1.12
2016.12.13 14:23:06.375,0.75092,0.75101,5.06,1.12
2016.12.13 14:23:10.008,0.75091,0.75102,3.75,5.44
2016.12.13 14:23:10.521,0.75091,0.751,1.00,1.12
2016.12.13 14:23:11.027,0.7509,0.751,4.31,2.25
2016.12.13 14:23:11.620,0.7509,0.751,2.81,1.50
2016.12.13 14:23:19.493,0.7509,0.75098,1.12,1.00
2016.12.13 14:23:19.746,0.75085,0.75094,2.81,3.37
2016.12.13 14:23:20.302,0.75085,0.75094,1.25,2.62
2016.12.13 14:23:21.598,0.75085,0.75092,1.25,1.00
2016.12.13 14:23:22.713,0.75082,0.75092,1.87,2.81
2016.12.13 14:23:23.688,0.75082,0.75091,1.87,1.00
2016.12.13 14:23:24.193,0.75082,0.75092,1.87,2.81
2016.12.13 14:23:24.872,0.75082,0.75091,1.87,1.00
2016.12.13 14:23:25.471,0.75082,0.75092,1.87,2.06
2016.12.13 14:23:26.062,0.75082,0.75092,1.50,3.94
2016.12.13 14:23:26.573,0.75081,0.7509,2.44,1.50
2016.12.13 14:23:27.080,0.75081,0.75089,1.25,1.00
2016.12.13 14:23:28.485,0.75081,0.7509,1.25,3.00
2016.12.13 14:23:30.343,0.75081,0.75091,3.19,3.37
2016.12.13 14:23:30.688,0.75083,0.75092,1.50,1.25
2016.12.13 14:23:31.549,0.75084,0.75092,1.00,1.25
2016.12.13 14:23:32.300,0.75083,0.75092,4.12,1.25
2016.12.13 14:23:32.856,0.75084,0.75092,1.50,1.25
2016.12.13 14:23:33.009,0.75087,0.75097,5.25,2.06
2016.12.13 14:23:33.669,0.75088,0.75095,1.00,1.87
2016.12.13 14:23:33.771,0.75086,0.75096,1.87,3.37
2016.12.13 14:23:33.873,0.75086,0.75097,3.37,2.44
2016.12.13 14:23:33.925,0.75089,0.75097,1.00,1.12
2016.12.13 14:23:34.027,0.7509,0.75099,1.00,2.81
2016.12.13 14:23:34.534,0.75089,0.75098,2.25,1.00
2016.12.13 14:23:38.389,0.75089,0.75099,2.62,1.69
2016.12.13 14:23:38.491,0.75091,0.75101,1.12,1.50
2016.12.13 14:23:38.644,0.75093,0.75103,3.00,1.87
2016.12.13 14:23:38.847,0.75094,0.75104,1.12,1.00
2016.12.13 14:23:39.100,0.75096,0.75105,1.50,3.19
2016.12.13 14:23:39.151,0.75097,0.75106,2.25,1.37
2016.12.13 14:23:39.332,0.75098,0.75107,1.50,1.12
2016.12.13 14:23:39.536,0.75099,0.75109,1.50,2.81
2016.12.13 14:23:40.053,0.751,0.75109,1.12,1.25
2016.12.13 14:23:43.782,0.751,0.75105,1.00,1.00
2016.12.13 14:23:43.884,0.75098,0.75107,1.87,3.37
2016.12.13 14:23:43.935,0.75096,0.75107,5.06,4.12
2016.12.13 14:23:44.442,0.75096,0.75106,3.56,1.87
2016.12.13 14:23:44.696,0.751,0.75106,1.00,1.37
2016.12.13 14:23:44.797,0.751,0.75109,1.00,1.31
2016.12.13 14:23:45.317,0.75099,0.75109,2.62,1.25
2016.12.13 14:23:46.583,0.751,0.75109,1.00,1.25
2016.12.13 14:23:52.718,0.75099,0.75109,2.62,2.06
2016.12.13 14:23:57.642,0.75099,0.75108,1.87,1.00
2016.12.13 14:23:58.352,0.75099,0.75109,1.87,1.69
2016.12.13 14:23:58.862,0.75099,0.75108,3.00,1.00
2016.12.13 14:23:59.482,0.75099,0.75109,1.50,1.69
2016.12.13 14:24:00.918,0.75098,0.75106,1.12,4.50
2016.12.13 14:24:01.222,0.75096,0.75106,2.44,3.00
2016.12.13 14:24:01.743,0.75097,0.75106,1.12,1.37
2016.12.13 14:24:02.914,0.75096,0.75105,1.31,1.87
2016.12.13 14:24:03.421,0.75096,0.75104,1.12,1.12
2016.12.13 14:24:08.322,0.75096,0.75105,1.50,1.25
2016.12.13 14:24:08.835,0.75095,0.75106,4.69,1.87
2016.12.13 14:24:11.248,0.75096,0.75105,1.50,2.25
2016.12.13 14:24:11.554,0.75093,0.75101,1.25,1.00
2016.12.13 14:24:12.061,0.75091,0.75101,3.00,2.44
2016.12.13 14:24:12.594,0.75092,0.75101,1.37,2.44
2016.12.13 14:24:13.180,0.75091,0.75101,3.00,1.69
2016.12.13 14:24:13.708,0.75092,0.75101,1.37,1.69
2016.12.13 14:24:14.423,0.75091,0.75101,3.75,1.69
2016.12.13 14:24:15.224,0.75092,0.75101,1.87,2.44
2016.12.13 14:24:15.730,0.75091,0.75101,1.50,2.06
2016.12.13 14:24:16.421,0.75091,0.75101,1.37,3.94
2016.12.13 14:24:16.523,0.7509,0.751,4.69,1.12
2016.12.13 14:24:17.030,0.75091,0.75101,1.12,3.94
2016.12.13 14:24:17.536,0.75091,0.75101,2.62,2.06
2016.12.13 14:24:18.220,0.75091,0.75101,3.37,2.06
2016.12.13 14:24:19.386,0.75091,0.75101,2.62,3.56
2016.12.13 14:24:22.520,0.7509,0.75101,6.56,2.81
2016.12.13 14:24:23.257,0.75091,0.75101,1.12,3.56
2016.12.13 14:24:24.316,0.7509,0.75101,7.31,2.81
2016.12.13 14:24:26.263,0.75091,0.75101,1.12,2.06
2016.12.13 14:24:26.668,0.7509,0.75099,1.25,1.37
2016.12.13 14:24:26.972,0.7509,0.75096,1.12,1.87
2016.12.13 14:24:27.023,0.75087,0.75094,1.00,1.00
2016.12.13 14:24:27.125,0.75085,0.75094,1.69,1.37
2016.12.13 14:24:27.901,0.75084,0.75094,3.00,1.50
2016.12.13 14:24:28.412,0.75085,0.75094,1.00,1.50
2016.12.13 14:24:28.716,0.75083,0.75093,7.12,1.00
2016.12.13 14:24:29.071,0.75083,0.75093,3.75,4.12
2016.12.13 14:24:29.173,0.75081,0.75091,4.12,1.87
2016.12.13 14:24:29.699,0.75082,0.75091,1.50,2.62
2016.12.13 14:24:29.853,0.75084,0.75091,1.00,1.00
2016.12.13 14:24:30.363,0.75083,0.75094,2.44,3.94
2016.12.13 14:24:30.931,0.75084,0.75093,1.00,1.50
2016.12.13 14:24:31.849,0.75083,0.75093,2.44,1.50
2016.12.13 14:24:32.457,0.75083,0.75092,2.44,1.50
2016.12.13 14:24:33.074,0.75084,0.75091,1.00,1.12
2016.12.13 14:24:33.581,0.75083,0.75092,2.44,1.50
2016.12.13 14:24:34.759,0.75084,0.75092,1.00,2.25
2016.12.13 14:24:35.266,0.75083,0.75092,2.44,1.50
2016.12.13 14:24:39.143,0.75082,0.75091,2.25,1.69
2016.12.13 14:24:39.648,0.75081,0.75091,1.69,3.19
2016.12.13 14:24:40.170,0.75082,0.75091,1.00,1.69
2016.12.13 14:24:43.429,0.75083,0.75091,1.00,2.06
2016.12.13 14:24:44.197,0.75082,0.75091,1.87,1.31
2016.12.13 14:24:45.217,0.75083,0.75091,1.50,1.31
2016.12.13 14:24:45.269,0.75083,0.75093,1.69,2.62
2016.12.13 14:24:47.324,0.75083,0.75092,1.69,1.00
2016.12.13 14:24:47.831,0.75083,0.75093,3.19,2.62
2016.12.13 14:24:49.711,0.75083,0.75092,1.69,1.00
2016.12.13 14:24:50.931,0.75083,0.75091,1.25,1.00
2016.12.13 14:24:51.436,0.75083,0.75093,1.25,3.37
2016.12.13 14:24:54.681,0.75083,0.75092,1.25,2.62
2016.12.13 14:24:55.188,0.75083,0.75092,1.25,1.87
2016.12.13 14:24:55.694,0.75081,0.75091,3.00,1.00
2016.12.13 14:24:55.846,0.7508,0.75089,3.56,1.00
2016.12.13 14:24:56.388,0.7508,0.7509,2.06,1.00
2016.12.13 14:24:57.803,0.7508,0.75089,1.31,1.00
2016.12.13 14:24:58.309,0.7508,0.7509,1.31,1.00
2016.12.13 14:25:00.371,0.7508,0.75089,3.19,1.00
2016.12.13 14:25:00.887,0.7508,0.7509,3.94,1.87
2016.12.13 14:25:01.431,0.7508,0.75089,3.19,1.00
2016.12.13 14:25:03.500,0.7508,0.75087,2.06,1.00
2016.12.13 14:25:03.854,0.7508,0.75089,1.69,1.00
2016.12.13 14:25:04.057,0.7508,0.75091,1.69,5.62
2016.12.13 14:25:05.739,0.7508,0.7509,1.31,1.00
2016.12.13 14:25:06.247,0.7508,0.75089,1.25,1.00
2016.12.13 14:25:07.262,0.7508,0.7509,1.25,1.50
2016.12.13 14:25:07.870,0.7508,0.75089,1.25,1.00
2016.12.13 14:25:08.411,0.7508,0.7509,1.25,1.50
2016.12.13 14:25:09.233,0.75081,0.75092,3.00,3.94
2016.12.13 14:25:09.335,0.75082,0.75092,1.50,1.69
2016.12.13 14:25:10.044,0.75083,0.75092,1.00,1.69
2016.12.13 14:25:11.677,0.75082,0.75092,2.25,2.44
2016.12.13 14:25:12.234,0.75082,0.75091,1.00,1.00
2016.12.13 14:25:12.336,0.75082,0.75089,1.00,1.00
2016.12.13 14:25:12.438,0.75081,0.75092,1.50,4.69
2016.12.13 14:25:12.939,0.75081,0.75091,1.00,1.50
2016.12.13 14:25:13.466,0.75082,0.75092,1.87,1.25
2016.12.13 14:25:15.035,0.75082,0.75091,2.25,1.00
2016.12.13 14:25:15.390,0.75084,0.75093,2.25,1.87
2016.12.13 14:25:15.896,0.75084,0.75094,1.87,2.25
2016.12.13 14:25:16.407,0.75084,0.75093,2.25,1.50
2016.12.13 14:25:16.915,0.75084,0.75094,3.00,1.87
2016.12.13 14:25:18.179,0.75086,0.75094,1.00,1.87
2016.12.13 14:25:19.779,0.75085,0.75094,1.50,1.87
2016.12.13 14:25:24.273,0.75085,0.75093,1.00,1.00
2016.12.13 14:25:24.795,0.75085,0.75094,1.00,2.62
2016.12.13 14:25:29.127,0.75086,0.75094,1.00,1.87
2016.12.13 14:25:31.330,0.75085,0.75094,1.50,1.87
2016.12.13 14:25:35.722,0.75086,0.75094,1.00,2.06
2016.12.13 14:25:36.228,0.75085,0.75094,1.00,2.06
2016.12.13 14:25:38.127,0.75084,0.75094,2.81,2.06
2016.12.13 14:25:42.731,0.75085,0.75093,1.00,1.00
2016.12.13 14:25:43.237,0.75086,0.75093,1.00,1.00
2016.12.13 14:25:43.368,0.75084,0.75093,1.50,1.00
2016.12.13 14:25:44.272,0.75083,0.75093,3.94,1.00
2016.12.13 14:25:45.135,0.75083,0.75093,3.19,3.37
2016.12.13 14:25:45.741,0.75083,0.75093,1.25,4.12
2016.12.13 14:25:46.664,0.75083,0.75091,1.25,1.37
2016.12.13 14:25:47.782,0.7508,0.75089,2.81,1.00
2016.12.13 14:25:47.833,0.7508,0.75087,1.50,1.00
2016.12.13 14:25:48.036,0.75076,0.75084,1.50,2.25
2016.12.13 14:25:48.240,0.75074,0.75083,1.00,1.12
2016.12.13 14:25:48.774,0.75073,0.75083,1.69,1.00
2016.12.13 14:25:50.031,0.75077,0.75083,1.50,1.00
2016.12.13 14:25:50.133,0.75078,0.75087,2.25,1.50
2016.12.13 14:25:50.317,0.75079,0.75088,1.00,1.69
2016.12.13 14:25:50.823,0.75078,0.75088,3.75,1.69
2016.12.13 14:25:52.914,0.75078,0.75087,2.62,1.00
2016.12.13 14:25:53.066,0.7508,0.75088,1.00,1.69
2016.12.13 14:25:53.269,0.75081,0.75091,2.25,1.37
2016.12.13 14:25:53.370,0.75084,0.75092,1.25,1.87
2016.12.13 14:25:53.472,0.75084,0.75092,5.81,1.00
2016.12.13 14:25:53.523,0.75087,0.75092,1.25,1.00
2016.12.13 14:25:53.625,0.75087,0.75097,2.06,2.00
2016.12.13 14:25:53.726,0.75088,0.75097,1.12,1.31
2016.12.13 14:25:54.044,0.75087,0.75095,1.25,1.00
2016.12.13 14:25:54.145,0.75084,0.75094,2.44,2.81
2016.12.13 14:25:54.248,0.75084,0.75092,1.25,1.00
2016.12.13 14:25:54.300,0.75081,0.75091,2.62,1.00
2016.12.13 14:25:54.402,0.7508,0.75089,3.19,1.12
2016.12.13 14:25:55.017,0.7508,0.75089,1.25,1.00
2016.12.13 14:25:55.674,0.75081,0.75089,1.00,1.00
2016.12.13 14:25:56.181,0.7508,0.7509,1.69,1.12
2016.12.13 14:25:58.552,0.7508,0.75091,4.31,2.25
2016.12.13 14:25:59.058,0.75081,0.75091,1.87,1.50
2016.12.13 14:26:00.127,0.75082,0.75091,1.00,1.00
2016.12.13 14:26:01.847,0.75082,0.75092,3.00,2.06
2016.12.13 14:26:02.151,0.75087,0.75094,1.00,1.00
2016.12.13 14:26:02.457,0.75085,0.75093,1.50,3.00
2016.12.13 14:26:03.529,0.75084,0.75092,1.69,3.37
2016.12.13 14:26:10.424,0.75084,0.75093,1.25,1.87
2016.12.13 14:26:10.929,0.75085,0.75093,1.00,1.12
2016.12.13 14:26:11.741,0.75085,0.75091,1.00,1.37
2016.12.13 14:26:12.097,0.75081,0.7509,3.56,1.00
2016.12.13 14:26:14.582,0.75081,0.75089,2.06,1.00
2016.12.13 14:26:14.886,0.75081,0.75091,1.31,1.69
2016.12.13 14:26:14.988,0.75084,0.75093,1.00,2.25
2016.12.13 14:26:15.534,0.75083,0.75092,2.81,1.00
2016.12.13 14:26:15.889,0.75082,0.7509,1.87,1.00
2016.12.13 14:26:21.242,0.75081,0.75091,2.81,1.25
2016.12.13 14:26:21.977,0.75081,0.75091,2.44,2.06
2016.12.13 14:26:23.062,0.75083,0.75091,1.00,1.31
2016.12.13 14:26:23.571,0.75082,0.75091,1.00,1.31
2016.12.13 14:26:26.987,0.75082,0.7509,1.00,1.00
2016.12.13 14:26:27.494,0.75081,0.75089,1.25,3.00
2016.12.13 14:26:29.640,0.75079,0.75085,1.37,1.00
2016.12.13 14:26:29.741,0.75076,0.75086,2.44,4.50
2016.12.13 14:26:29.944,0.75075,0.75085,2.25,7.69
2016.12.13 14:26:30.464,0.75074,0.75084,1.87,2.62
2016.12.13 14:26:30.971,0.75074,0.75083,1.87,1.00
2016.12.13 14:26:31.584,0.75074,0.75084,2.25,3.37
2016.12.13 14:26:31.685,0.75077,0.75086,1.50,2.25
2016.12.13 14:26:32.201,0.75076,0.75085,1.25,1.50
2016.12.13 14:26:32.669,0.75074,0.75083,2.25,1.00
2016.12.13 14:26:32.973,0.75074,0.75085,3.00,3.56
2016.12.13 14:26:33.178,0.75074,0.75083,1.37,1.12
2016.12.13 14:26:33.282,0.75073,0.75083,4.69,1.87
2016.12.13 14:26:33.457,0.75073,0.7508,1.12,1.50
2016.12.13 14:26:33.763,0.75073,0.75078,1.12,1.00
2016.12.13 14:26:34.016,0.75071,0.75078,1.25,1.00
2016.12.13 14:26:36.504,0.75071,0.7508,1.69,1.00
2016.12.13 14:26:36.606,0.75074,0.75082,1.25,3.75
2016.12.13 14:26:36.910,0.75075,0.75084,1.50,1.87
2016.12.13 14:26:37.062,0.75074,0.75084,1.31,1.50
2016.12.13 14:26:37.881,0.75074,0.75083,1.31,1.00
2016.12.13 14:26:38.408,0.75074,0.75084,1.31,1.50
2016.12.13 14:26:38.510,0.75076,0.75085,1.00,2.25
2016.12.13 14:26:39.016,0.75074,0.75085,2.44,1.87
2016.12.13 14:26:40.659,0.75074,0.75084,3.19,1.00
2016.12.13 14:26:40.963,0.75074,0.75082,1.69,1.00
2016.12.13 14:26:41.217,0.75072,0.7508,1.00,1.50
2016.12.13 14:26:41.318,0.7507,0.7508,1.50,1.87
2016.12.13 14:26:51.282,0.7507,0.75079,1.87,1.00
2016.12.13 14:26:52.288,0.7507,0.7508,1.87,2.62
2016.12.13 14:26:54.022,0.7507,0.75079,2.25,1.00
2016.12.13 14:26:54.570,0.75069,0.75078,2.81,1.00
2016.12.13 14:26:55.533,0.75069,0.75079,1.25,2.62
2016.12.13 14:26:55.584,0.75069,0.75077,1.25,3.00
2016.12.13 14:26:55.926,0.75063,0.7507,1.62,1.00
2016.12.13 14:26:55.978,0.75061,0.7507,1.50,2.81
2016.12.13 14:26:56.029,0.7506,0.7507,4.31,3.94
2016.12.13 14:26:56.080,0.75061,0.75068,1.00,1.00
2016.12.13 14:26:56.256,0.75059,0.75068,3.00,1.00
2016.12.13 14:26:56.560,0.75059,0.7507,4.12,2.25
2016.12.13 14:26:57.070,0.75061,0.7507,1.12,1.00
2016.12.13 14:26:57.832,0.7506,0.7507,1.00,3.75
2016.12.13 14:26:57.934,0.7506,0.7507,2.25,1.87
2016.12.13 14:26:58.036,0.7506,0.7507,1.00,1.50
2016.12.13 14:26:58.755,0.75063,0.7507,1.00,1.00
2016.12.13 14:26:58.958,0.75067,0.75076,1.87,1.00
2016.12.13 14:26:59.010,0.75069,0.75076,1.00,1.00
2016.12.13 14:26:59.162,0.75069,0.75078,1.00,2.06
2016.12.13 14:26:59.264,0.75071,0.75078,1.00,1.69
2016.12.13 14:26:59.771,0.75071,0.7508,1.00,1.00
2016.12.13 14:26:59.823,0.75074,0.75081,1.00,1.69
2016.12.13 14:27:00.072,0.75074,0.75083,1.50,1.00
2016.12.13 14:27:00.578,0.75074,0.75082,1.50,1.00
2016.12.13 14:27:00.782,0.75073,0.75081,2.44,1.00
2016.12.13 14:27:01.851,0.75072,0.7508,1.12,1.50
2016.12.13 14:27:01.902,0.75071,0.75078,1.37,1.00
2016.12.13 14:27:02.004,0.75073,0.7508,1.00,2.25
2016.12.13 14:27:02.106,0.75071,0.7508,1.12,1.12
2016.12.13 14:27:02.615,0.75072,0.75081,1.00,2.44
2016.12.13 14:27:03.403,0.75071,0.75079,1.00,1.00
2016.12.13 14:27:03.908,0.75069,0.75079,3.56,1.00
2016.12.13 14:27:05.228,0.75069,0.75079,3.94,1.50
2016.12.13 14:27:05.735,0.75069,0.75077,1.69,1.00
2016.12.13 14:27:06.040,0.75067,0.75074,1.12,1.00
2016.12.13 14:27:06.203,0.75064,0.75074,2.44,1.87
2016.12.13 14:27:06.709,0.75064,0.75075,2.81,5.06
2016.12.13 14:27:08.134,0.75066,0.75075,1.00,4.31
2016.12.13 14:27:08.438,0.75068,0.75077,1.12,1.12
2016.12.13 14:27:08.944,0.75068,0.75078,2.62,1.25
2016.12.13 14:27:09.420,0.75071,0.75078,1.00,1.25
2016.12.13 14:27:09.965,0.75071,0.7508,1.00,7.69
2016.12.13 14:27:10.471,0.75072,0.7508,1.00,2.81
2016.12.13 14:27:11.054,0.75073,0.7508,1.00,1.31
2016.12.13 14:27:11.561,0.75071,0.7508,1.87,1.25
2016.12.13 14:27:12.067,0.7507,0.75078,2.81,1.50
2016.12.13 14:27:12.476,0.75072,0.7508,1.00,1.25
2016.12.13 14:27:15.812,0.75073,0.7508,1.00,1.25
2016.12.13 14:27:16.218,0.75075,0.7508,1.00,1.25
2016.12.13 14:27:16.738,0.75074,0.7508,1.00,1.25
2016.12.13 14:27:17.649,0.75072,0.7508,1.50,1.25
2016.12.13 14:27:17.985,0.7507,0.75079,2.06,1.87
2016.12.13 14:27:18.240,0.75069,0.75076,1.50,1.00
2016.12.13 14:27:18.544,0.75067,0.75073,1.50,1.12
2016.12.13 14:27:18.646,0.75065,0.75073,1.50,1.00
2016.12.13 14:27:19.148,0.75064,0.75072,2.06,1.12
2016.12.13 14:27:19.402,0.75062,0.75072,4.16,1.31
2016.12.13 14:27:19.911,0.75063,0.75072,2.10,1.31
2016.12.13 14:27:20.523,0.75064,0.75072,4.35,1.31
2016.12.13 14:27:20.624,0.75067,0.75076,3.75,1.87
2016.12.13 14:27:20.726,0.75068,0.75077,2.25,1.69
2016.12.13 14:27:20.880,0.75069,0.75078,1.87,2.81
2016.12.13 14:27:21.285,0.75068,0.75076,1.00,1.00
2016.12.13 14:27:21.795,0.75066,0.75075,2.06,1.12
2016.12.13 14:27:22.613,0.75066,0.75075,1.25,2.25
2016.12.13 14:27:23.782,0.75066,0.75074,1.25,1.00
2016.12.13 14:27:25.239,0.75067,0.75075,2.25,1.50
2016.12.13 14:27:25.392,0.75068,0.75076,1.00,1.87
2016.12.13 14:27:25.861,0.75066,0.75075,1.69,1.00
2016.12.13 14:27:26.369,0.75065,0.75074,1.50,3.56
2016.12.13 14:27:26.471,0.75067,0.75074,1.25,1.12
2016.12.13 14:27:26.631,0.75067,0.75076,1.25,2.62
2016.12.13 14:27:28.410,0.75068,0.75076,1.00,1.87
2016.12.13 14:27:28.664,0.75067,0.75076,1.25,3.37
2016.12.13 14:27:29.450,0.75067,0.75075,1.25,1.12
2016.12.13 14:27:33.479,0.75067,0.75076,2.44,1.87
2016.12.13 14:27:33.783,0.75074,0.75081,1.25,1.37
2016.12.13 14:27:33.970,0.75074,0.75082,1.25,1.00
2016.12.13 14:27:38.050,0.75074,0.75082,1.25,3.37
2016.12.13 14:27:38.567,0.75073,0.75081,1.00,1.31
2016.12.13 14:27:42.836,0.75074,0.75082,2.44,1.12
2016.12.13 14:27:43.382,0.75074,0.75083,3.19,1.50
2016.12.13 14:27:45.083,0.75074,0.75082,1.25,1.00
2016.12.13 14:27:45.591,0.75074,0.75081,1.25,1.12
2016.12.13 14:27:46.551,0.7507,0.75079,3.19,1.50
2016.12.13 14:27:46.658,0.75069,0.75078,1.00,1.69
2016.12.13 14:27:46.912,0.7507,0.7508,4.35,2.62
2016.12.13 14:27:46.963,0.75071,0.7508,5.10,1.50
2016.12.13 14:27:47.470,0.75072,0.75081,2.10,1.25
2016.12.13 14:27:47.977,0.75071,0.75081,3.37,1.25
2016.12.13 14:27:51.629,0.75071,0.7508,3.37,1.00
2016.12.13 14:27:53.226,0.75078,0.75082,1.00,2.25
2016.12.13 14:27:53.481,0.75085,0.75092,1.00,1.12
2016.12.13 14:27:53.583,0.75087,0.75093,1.00,1.37
2016.12.13 14:27:53.872,0.75091,0.75101,1.00,4.12
2016.12.13 14:27:53.923,0.75091,0.75099,1.50,1.00
2016.12.13 14:27:54.429,0.7509,0.751,1.69,1.00
2016.12.13 14:27:55.514,0.7509,0.751,2.06,1.12
2016.12.13 14:27:55.818,0.7509,0.75097,1.31,1.00
2016.12.13 14:27:56.123,0.75086,0.75094,1.69,1.87
2016.12.13 14:27:56.225,0.75086,0.75095,3.56,1.12
2016.12.13 14:27:56.326,0.75088,0.75096,1.50,2.81
2016.12.13 14:27:56.772,0.75089,0.75097,1.25,1.12
2016.12.13 14:27:56.975,0.75087,0.75095,1.50,3.19
2016.12.13 14:27:57.281,0.75086,0.7509,1.00,1.50
2016.12.13 14:27:57.433,0.75081,0.75089,1.00,1.00
2016.12.13 14:27:58.074,0.75081,0.7509,1.00,3.75
2016.12.13 14:27:58.581,0.7508,0.7509,1.00,1.12
2016.12.13 14:27:59.427,0.75082,0.7509,1.00,1.12
2016.12.13 14:27:59.628,0.75084,0.75093,1.50,1.12
2016.12.13 14:28:00.692,0.75084,0.75093,1.00,2.25
2016.12.13 14:28:01.241,0.75083,0.75093,1.25,3.00
2016.12.13 14:28:01.545,0.75084,0.75091,1.00,1.00
2016.12.13 14:28:01.647,0.75082,0.75091,1.12,3.19
2016.12.13 14:28:01.850,0.75084,0.75091,1.00,2.44
2016.12.13 14:28:02.306,0.75084,0.75089,1.00,1.00
2016.12.13 14:28:02.446,0.75081,0.75089,2.44,1.00
2016.12.13 14:28:03.003,0.75081,0.75089,1.87,1.12
2016.12.13 14:28:03.543,0.75081,0.75089,1.00,1.12
2016.12.13 14:28:04.048,0.7508,0.75089,1.50,1.12
2016.12.13 14:28:05.543,0.75081,0.75089,1.00,1.12
2016.12.13 14:28:06.050,0.7508,0.75089,1.00,1.37
2016.12.13 14:28:06.551,0.75078,0.75088,1.50,7.31
2016.12.13 14:28:06.660,0.75077,0.75085,1.50,1.00
2016.12.13 14:28:06.711,0.75078,0.75087,1.50,2.62
2016.12.13 14:28:06.813,0.7508,0.75088,1.00,2.06
2016.12.13 14:28:06.915,0.7508,0.75088,1.00,1.25
2016.12.13 14:28:07.373,0.75081,0.75091,1.87,1.69
2016.12.13 14:28:07.424,0.75083,0.75091,1.25,1.00
2016.12.13 14:28:07.677,0.75084,0.75093,1.87,2.25
2016.12.13 14:28:08.183,0.75083,0.75092,1.25,1.00
2016.12.13 14:28:08.764,0.75083,0.75093,1.69,2.25
2016.12.13 14:28:09.850,0.75084,0.75093,1.00,2.25
2016.12.13 14:28:14.063,0.75084,0.75093,1.00,3.00
2016.12.13 14:28:14.519,0.75086,0.75093,1.87,1.50
2016.12.13 14:28:14.672,0.75088,0.75096,1.00,1.50
2016.12.13 14:28:15.077,0.75088,0.75097,1.00,1.50
2016.12.13 14:28:15.592,0.75088,0.75096,1.00,1.00
2016.12.13 14:28:16.101,0.75088,0.75097,1.00,1.12
2016.12.13 14:28:16.356,0.75086,0.75095,2.62,1.00
2016.12.13 14:28:16.667,0.75084,0.75094,1.12,3.37
2016.12.13 14:28:19.381,0.75083,0.75093,3.37,1.12
2016.12.13 14:28:19.967,0.75084,0.75093,1.00,1.12
2016.12.13 14:28:21.304,0.75084,0.75092,1.00,1.00
2016.12.13 14:28:23.826,0.75083,0.75092,3.00,1.50
2016.12.13 14:28:24.805,0.75083,0.75091,1.50,1.00
2016.12.13 14:28:26.963,0.75082,0.75091,3.94,1.00
2016.12.13 14:28:28.281,0.75082,0.7509,1.69,1.00
2016.12.13 14:28:28.801,0.75081,0.7509,1.00,1.50
2016.12.13 14:28:30.178,0.75081,0.75091,1.00,3.75
2016.12.13 14:28:32.560,0.75082,0.75091,1.00,1.12
2016.12.13 14:28:34.099,0.75083,0.75091,1.00,1.00
2016.12.13 14:28:35.964,0.75083,0.7509,1.50,1.50
2016.12.13 14:28:36.470,0.75081,0.7509,1.87,1.50
2016.12.13 14:28:37.030,0.75082,0.7509,1.50,1.00
2016.12.13 14:28:38.173,0.75082,0.75092,2.25,4.31
2016.12.13 14:28:38.679,0.75082,0.75091,3.75,1.50
2016.12.13 14:28:39.192,0.75082,0.75089,1.00,1.50
2016.12.13 14:28:39.699,0.7508,0.75089,2.62,1.00
2016.12.13 14:28:40.269,0.75079,0.75089,1.69,4.50
2016.12.13 14:28:40.320,0.75078,0.75087,2.62,2.44
2016.12.13 14:28:40.422,0.75077,0.75085,1.87,1.50
2016.12.13 14:28:40.626,0.75075,0.75084,1.50,2.62
2016.12.13 14:28:40.931,0.75074,0.75081,4.50,1.00
2016.12.13 14:28:41.455,0.75074,0.75083,3.00,1.50
2016.12.13 14:28:43.401,0.75074,0.75081,2.25,1.00
2016.12.13 14:28:44.109,0.75075,0.75081,1.00,1.00
2016.12.13 14:28:45.023,0.75075,0.75083,1.87,1.50
2016.12.13 14:28:45.524,0.75076,0.75083,1.00,1.00
2016.12.13 14:28:46.121,0.75075,0.75083,1.87,1.00
2016.12.13 14:28:50.251,0.75075,0.75084,1.12,1.12
2016.12.13 14:28:50.353,0.75074,0.75082,1.87,1.00
2016.12.13 14:28:50.877,0.75074,0.75083,1.50,1.00
2016.12.13 14:28:52.558,0.75078,0.75084,1.00,1.37
2016.12.13 14:28:52.874,0.75083,0.7509,1.00,1.50
2016.12.13 14:28:52.925,0.75086,0.7509,1.00,1.12
2016.12.13 14:28:52.977,0.75084,0.7509,1.50,1.12
2016.12.13 14:28:53.179,0.75085,0.75092,1.00,1.87
2016.12.13 14:28:54.175,0.75084,0.75093,1.50,3.75
2016.12.13 14:28:57.024,0.75084,0.75093,1.00,1.50
2016.12.13 14:28:58.198,0.75084,0.75092,1.00,1.25
2016.12.13 14:28:59.421,0.75083,0.75092,1.87,1.69
2016.12.13 14:29:04.018,0.75083,0.75091,1.87,1.00
2016.12.13 14:29:06.036,0.75082,0.75091,2.62,1.50
2016.12.13 14:29:06.542,0.75082,0.75092,1.12,5.06
2016.12.13 14:29:08.761,0.75082,0.75091,1.12,1.00
2016.12.13 14:29:09.470,0.75083,0.75091,1.00,1.00
2016.12.13 14:29:09.997,0.75084,0.75091,1.00,1.00
2016.12.13 14:29:10.540,0.75084,0.75092,1.00,2.44
2016.12.13 14:29:11.096,0.75083,0.75092,2.25,1.69
2016.12.13 14:29:11.602,0.75084,0.75092,1.00,1.69
2016.12.13 14:29:12.355,0.75083,0.75092,1.00,3.19
2016.12.13 14:29:14.184,0.75083,0.75092,1.00,3.56
2016.12.13 14:29:14.741,0.75082,0.75089,1.87,1.00
2016.12.13 14:29:15.246,0.75082,0.7509,1.12,2.25
2016.12.13 14:29:15.794,0.75081,0.75089,1.50,1.12
2016.12.13 14:29:15.947,0.75081,0.75091,2.25,1.87
2016.12.13 14:29:16.454,0.75081,0.7509,2.25,1.00
2016.12.13 14:29:16.972,0.7508,0.75086,1.12,1.25
2016.12.13 14:29:17.075,0.75076,0.75085,2.62,1.00
2016.12.13 14:29:17.278,0.75075,0.75084,2.62,1.00
2016.12.13 14:29:17.785,0.75075,0.75084,1.00,3.75
2016.12.13 14:29:18.973,0.75076,0.75084,1.00,2.62
2016.12.13 14:29:21.695,0.75075,0.75084,1.00,2.25
2016.12.13 14:29:29.204,0.75075,0.75082,1.50,1.00
2016.12.13 14:29:29.710,0.75075,0.75083,1.00,1.87
2016.12.13 14:29:29.863,0.75073,0.75082,1.12,1.00
2016.12.13 14:29:30.389,0.75074,0.75081,2.25,1.00
2016.12.13 14:29:30.895,0.75073,0.75082,1.00,3.37
2016.12.13 14:29:31.401,0.75073,0.75081,1.00,1.00
2016.12.13 14:29:31.907,0.75073,0.75082,1.00,3.00
2016.12.13 14:29:32.450,0.75072,0.75082,2.25,2.25
2016.12.13 14:29:32.764,0.75074,0.7508,1.00,1.00
2016.12.13 14:29:32.866,0.75072,0.7508,1.00,2.10
2016.12.13 14:29:32.967,0.75072,0.75078,1.00,2.25
2016.12.13 14:29:33.119,0.75069,0.75079,1.12,1.69
2016.12.13 14:29:33.221,0.75071,0.75079,1.50,1.69
2016.12.13 14:29:33.997,0.75071,0.75079,1.50,1.62
2016.12.13 14:29:35.491,0.7507,0.75078,1.12,1.12
2016.12.13 14:29:36.810,0.75069,0.75079,2.25,3.56
2016.12.13 14:29:37.119,0.75073,0.75082,1.00,1.37
2016.12.13 14:29:37.622,0.75074,0.75083,1.00,3.56
2016.12.13 14:29:38.128,0.75073,0.75083,1.00,5.44
2016.12.13 14:29:39.353,0.75074,0.75081,1.00,1.87
2016.12.13 14:29:39.875,0.75073,0.75081,1.00,1.87
2016.12.13 14:29:41.526,0.75074,0.75081,1.00,1.00
2016.12.13 14:29:41.794,0.75075,0.75083,1.00,1.69
2016.12.13 14:29:41.896,0.75077,0.75083,1.00,1.25
2016.12.13 14:29:42.048,0.75075,0.75083,1.12,1.25
2016.12.13 14:29:44.321,0.7508,0.75085,1.00,1.37
2016.12.13 14:29:44.423,0.75079,0.75088,3.00,1.69
2016.12.13 14:29:44.525,0.75082,0.75091,1.35,2.62
2016.12.13 14:29:44.844,0.75085,0.75094,1.00,1.87
2016.12.13 14:29:45.152,0.75083,0.75092,1.12,1.12
2016.12.13 14:29:48.775,0.75083,0.75091,1.00,1.00
2016.12.13 14:29:49.945,0.75083,0.75092,1.00,1.87
2016.12.13 14:29:50.494,0.75081,0.75092,3.97,1.12
2016.12.13 14:29:52.651,0.75082,0.7509,1.12,1.00
2016.12.13 14:29:55.426,0.75081,0.7509,2.25,1.00
2016.12.13 14:29:57.087,0.75081,0.7509,2.85,1.00
2016.12.13 14:29:57.795,0.75082,0.75092,1.35,3.00
2016.12.13 14:30:00.256,0.75081,0.75091,5.25,1.00
2016.12.13 14:30:00.462,0.75081,0.75089,3.00,1.00
2016.12.13 14:30:00.969,0.7508,0.7509,6.94,1.87
2016.12.13 14:30:01.350,0.7508,0.75086,1.50,1.00
2016.12.13 14:30:01.452,0.7508,0.75088,1.50,1.31
2016.12.13 14:30:01.807,0.75082,0.75089,1.00,1.00
2016.12.13 14:30:02.110,0.75085,0.75092,1.00,1.50
2016.12.13 14:30:02.641,0.75084,0.75092,1.12,1.00
2016.12.13 14:30:03.148,0.75085,0.75092,1.00,1.00
2016.12.13 14:30:03.571,0.75087,0.75093,1.50,1.12
2016.12.13 14:30:03.874,0.7509,0.75094,1.00,4.50
2016.12.13 14:30:04.026,0.75087,0.75094,1.00,1.00
2016.12.13 14:30:04.532,0.75088,0.75095,1.00,1.00
2016.12.13 14:30:04.814,0.75085,0.75092,3.19,1.00
2016.12.13 14:30:04.865,0.75085,0.75093,1.00,1.00
2016.12.13 14:30:05.277,0.75084,0.75089,1.00,1.00
2016.12.13 14:30:05.429,0.75082,0.75088,1.00,1.00
2016.12.13 14:30:05.480,0.7508,0.75088,1.69,1.00
2016.12.13 14:30:05.834,0.7508,0.75086,3.04,1.00
2016.12.13 14:30:06.088,0.75078,0.75087,1.87,1.00
2016.12.13 14:30:06.302,0.75077,0.75083,1.00,1.00
2016.12.13 14:30:06.404,0.75075,0.75083,1.00,1.12
2016.12.13 14:30:06.910,0.75075,0.75082,1.00,1.00
2016.12.13 14:30:07.417,0.75075,0.75083,1.12,1.00
2016.12.13 14:30:07.924,0.75075,0.75083,1.87,1.00
2016.12.13 14:30:08.562,0.75079,0.75085,1.00,2.25
2016.12.13 14:30:08.615,0.75079,0.75086,1.00,1.12
2016.12.13 14:30:09.123,0.75079,0.75088,1.00,4.31
2016.12.13 14:30:09.376,0.75079,0.75085,1.00,1.00
2016.12.13 14:30:09.630,0.75077,0.75086,3.00,1.00
2016.12.13 14:30:09.787,0.75077,0.75083,1.12,1.00
2016.12.13 14:30:09.838,0.75075,0.75082,1.50,1.00
2016.12.13 14:30:09.939,0.75073,0.75081,1.12,1.00
2016.12.13 14:30:10.447,0.75073,0.7508,1.00,1.00
2016.12.13 14:30:10.650,0.75073,0.75078,1.00,1.00
2016.12.13 14:30:10.854,0.75073,0.7508,1.00,3.56
2016.12.13 14:30:11.162,0.75069,0.7508,7.31,3.94
2016.12.13 14:30:11.213,0.7507,0.75079,1.12,1.50
2016.12.13 14:30:11.517,0.75071,0.75079,2.85,1.00
2016.12.13 14:30:12.023,0.75073,0.7508,1.00,1.69
2016.12.13 14:30:12.428,0.75071,0.75078,1.12,1.00
2016.12.13 14:30:12.966,0.7507,0.75079,1.37,1.00
2016.12.13 14:30:13.478,0.75069,0.75079,6.79,1.12
2016.12.13 14:30:14.206,0.7507,0.75077,1.12,1.00
2016.12.13 14:30:14.714,0.75069,0.75077,1.69,1.00
2016.12.13 14:30:15.750,0.75068,0.75073,1.12,1.00
2016.12.13 14:30:15.903,0.75065,0.75072,1.50,1.00
2016.12.13 14:30:16.004,0.75063,0.7507,1.75,1.00
2016.12.13 14:30:16.056,0.75062,0.7507,1.50,1.00
2016.12.13 14:30:16.311,0.75062,0.75072,3.60,1.12
2016.12.13 14:30:16.818,0.75062,0.75071,2.25,1.00
2016.12.13 14:30:17.034,0.7506,0.75069,4.31,1.00
2016.12.13 14:30:17.339,0.7506,0.75067,3.60,1.00
2016.12.13 14:30:17.440,0.75063,0.75069,1.00,1.00
2016.12.13 14:30:18.047,0.75063,0.75067,1.00,1.00
2016.12.13 14:30:18.098,0.75063,0.75069,1.00,1.00
2016.12.13 14:30:18.149,0.75061,0.75069,3.00,1.37
2016.12.13 14:30:18.251,0.75061,0.7507,3.22,1.12
2016.12.13 14:30:18.798,0.75063,0.75071,1.00,1.50
2016.12.13 14:30:18.901,0.75067,0.75073,1.00,1.50
2016.12.13 14:30:19.053,0.75067,0.75075,5.25,2.44
2016.12.13 14:30:19.359,0.75065,0.75072,1.37,1.00
2016.12.13 14:30:19.512,0.75063,0.7507,1.50,1.00
2016.12.13 14:30:20.779,0.75062,0.75071,1.00,1.12
2016.12.13 14:30:21.958,0.75062,0.7507,1.50,1.00
2016.12.13 14:30:22.468,0.75062,0.75069,1.37,1.00
2016.12.13 14:30:22.570,0.75061,0.75069,4.69,1.00
2016.12.13 14:30:23.073,0.75063,0.75071,1.00,1.00
2016.12.13 14:30:23.479,0.75064,0.75073,1.87,1.00
2016.12.13 14:30:23.884,0.75064,0.75071,1.87,1.00
2016.12.13 14:30:24.189,0.75064,0.75068,1.00,1.00
2016.12.13 14:30:24.240,0.75062,0.75068,1.00,1.00
2016.12.13 14:30:24.763,0.75062,0.75069,1.00,1.00
2016.12.13 14:30:25.269,0.75062,0.7507,1.00,1.00
2016.12.13 14:30:25.776,0.75061,0.75069,4.72,1.00
2016.12.13 14:30:25.877,0.75061,0.75066,4.12,1.00
2016.12.13 14:30:26.381,0.75061,0.75067,1.31,1.00
2016.12.13 14:30:26.889,0.75062,0.75068,1.00,1.00
2016.12.13 14:30:27.419,0.75061,0.75068,1.25,1.00
2016.12.13 14:30:27.914,0.75061,0.7507,3.79,1.00
2016.12.13 14:30:27.965,0.75062,0.75071,1.60,1.50
2016.12.13 14:30:28.472,0.75064,0.7507,1.00,1.00
2016.12.13 14:30:30.584,0.75064,0.75071,1.00,1.00
2016.12.13 14:30:30.977,0.75062,0.75071,3.97,1.00
2016.12.13 14:30:31.484,0.75062,0.75071,4.35,1.00
2016.12.13 14:30:31.738,0.75062,0.75069,1.50,1.00
2016.12.13 14:30:32.044,0.75061,0.75066,1.00,1.00
2016.12.13 14:30:32.298,0.75059,0.75067,1.50,1.12
2016.12.13 14:30:32.435,0.75059,0.75067,5.62,1.87
2016.12.13 14:30:32.486,0.75062,0.7507,1.35,1.12
2016.12.13 14:30:32.994,0.75063,0.75072,1.00,2.44
2016.12.13 14:30:33.198,0.75067,0.75074,1.00,3.37
2016.12.13 14:30:33.401,0.7507,0.75078,1.87,1.50
2016.12.13 14:30:33.554,0.75072,0.75079,1.30,1.00
2016.12.13 14:30:33.732,0.75072,0.75082,3.22,1.00
2016.12.13 14:30:33.884,0.75074,0.75081,1.00,1.00
2016.12.13 14:30:34.087,0.75072,0.75081,1.00,1.00
2016.12.13 14:30:34.189,0.7507,0.7508,5.06,2.25
2016.12.13 14:30:34.696,0.75071,0.7508,1.00,1.87
2016.12.13 14:30:36.289,0.75071,0.75078,1.00,1.00
2016.12.13 14:30:37.029,0.75071,0.7508,1.00,2.62
2016.12.13 14:30:38.288,0.75072,0.7508,1.00,1.50
2016.12.13 14:30:38.800,0.7507,0.75081,4.16,1.87
2016.12.13 14:30:39.356,0.75071,0.7508,1.72,1.12
2016.12.13 14:30:41.341,0.75071,0.75078,1.87,1.00
2016.12.13 14:30:41.618,0.7507,0.75078,1.25,1.00
2016.12.13 14:30:42.993,0.75069,0.75078,2.25,1.00
2016.12.13 14:30:44.361,0.75069,0.75073,1.00,1.00
2016.12.13 14:30:44.514,0.75063,0.75071,5.62,1.00
2016.12.13 14:30:44.716,0.75062,0.7507,1.50,1.12
2016.12.13 14:30:45.229,0.75062,0.7507,2.47,1.12
2016.12.13 14:30:45.483,0.75062,0.75068,1.12,1.00
2016.12.13 14:30:45.585,0.7506,0.75068,2.25,1.00
2016.12.13 14:30:46.492,0.7506,0.75069,1.72,1.00
2016.12.13 14:30:46.999,0.75061,0.7507,1.35,1.31
2016.12.13 14:30:47.505,0.75062,0.7507,1.50,1.00
2016.12.13 14:30:51.690,0.75063,0.75072,1.12,1.12
2016.12.13 14:30:52.976,0.75063,0.75071,2.62,1.00
2016.12.13 14:30:58.796,0.75064,0.75071,3.00,1.00
2016.12.13 14:30:58.847,0.75067,0.75075,2.62,1.75
2016.12.13 14:30:59.021,0.75069,0.75076,3.37,1.25
2016.12.13 14:30:59.073,0.75072,0.75079,1.50,1.37
2016.12.13 14:30:59.124,0.75072,0.75081,2.25,2.44
2016.12.13 14:30:59.175,0.75077,0.75081,1.50,1.12
2016.12.13 14:30:59.328,0.75078,0.75086,1.50,2.44
2016.12.13 14:30:59.582,0.75078,0.75088,2.81,1.87
2016.12.13 14:31:00.267,0.75078,0.75088,2.44,1.12
2016.12.13 14:31:00.370,0.75078,0.75086,1.69,1.50
2016.12.13 14:31:00.930,0.75078,0.75087,1.25,1.50
2016.12.13 14:31:01.377,0.75079,0.75088,1.50,1.12
2016.12.13 14:31:01.547,0.75081,0.7509,1.35,2.06
2016.12.13 14:31:02.054,0.75081,0.75089,2.44,1.00
2016.12.13 14:31:03.011,0.75081,0.7509,1.69,1.50
2016.12.13 14:31:03.518,0.75081,0.7509,1.69,1.87
2016.12.13 14:31:03.924,0.75081,0.75091,3.41,2.62
2016.12.13 14:31:04.481,0.75087,0.75093,1.50,4.12
2016.12.13 14:31:04.665,0.75089,0.75097,2.25,1.50
2016.12.13 14:31:04.767,0.75089,0.75099,4.12,1.87
2016.12.13 14:31:05.122,0.75091,0.75099,1.00,1.00
2016.12.13 14:31:05.431,0.75092,0.75102,2.81,3.37
2016.12.13 14:31:05.941,0.75092,0.75102,3.19,1.50
2016.12.13 14:31:08.454,0.75092,0.75101,2.44,1.00
2016.12.13 14:31:08.859,0.75091,0.75101,1.69,2.44
2016.12.13 14:31:09.763,0.75091,0.75099,3.19,1.00
2016.12.13 14:31:11.934,0.7509,0.75099,2.25,1.50
2016.12.13 14:31:12.710,0.75089,0.75099,2.62,3.00
2016.12.13 14:31:13.228,0.75089,0.75099,4.87,1.12
2016.12.13 14:31:14.205,0.75089,0.75098,3.00,1.50
2016.12.13 14:31:17.101,0.75089,0.75098,1.87,1.12
2016.12.13 14:31:19.669,0.75089,0.75099,1.37,1.00
2016.12.13 14:31:20.313,0.75089,0.75098,1.37,1.50
2016.12.13 14:31:20.823,0.75089,0.75098,1.00,1.50
2016.12.13 14:31:21.333,0.75088,0.75098,1.87,3.37
2016.12.13 14:31:21.789,0.7509,0.75098,1.00,1.87
2016.12.13 14:31:22.314,0.7509,0.75098,2.25,1.00
2016.12.13 14:31:22.820,0.7509,0.75098,1.00,1.00
2016.12.13 14:31:26.923,0.75089,0.75094,1.87,1.00
2016.12.13 14:31:27.178,0.75092,0.75098,1.00,2.06
2016.12.13 14:31:27.331,0.7509,0.751,1.00,1.37
2016.12.13 14:31:27.907,0.75092,0.751,1.00,1.50
2016.12.13 14:31:28.417,0.75092,0.75101,1.12,1.00
2016.12.13 14:31:28.926,0.75092,0.75102,1.50,2.81
2016.12.13 14:31:29.433,0.75093,0.75101,1.00,1.00
2016.12.13 14:31:29.940,0.75091,0.75101,2.25,1.50
2016.12.13 14:31:30.448,0.7509,0.751,3.37,1.00
2016.12.13 14:31:32.612,0.75093,0.75102,1.25,1.87
2016.12.13 14:31:32.715,0.75093,0.75104,3.19,4.31
2016.12.13 14:31:32.766,0.75094,0.75102,1.00,1.00
2016.12.13 14:31:33.273,0.75093,0.75102,1.69,1.00
2016.12.13 14:31:33.780,0.75096,0.75103,4.50,1.00
2016.12.13 14:31:34.137,0.75099,0.75103,1.00,1.12
2016.12.13 14:31:34.239,0.75093,0.75103,1.12,1.87
2016.12.13 14:31:35.402,0.75092,0.75103,2.44,1.50
2016.12.13 14:31:39.928,0.75093,0.75103,1.00,1.50
2016.12.13 14:31:40.957,0.75092,0.75103,2.81,1.50
2016.12.13 14:31:41.949,0.75093,0.75103,1.35,2.25
2016.12.13 14:31:44.071,0.75092,0.75102,4.31,1.00
2016.12.13 14:31:44.582,0.75092,0.75102,1.69,1.50
2016.12.13 14:31:45.884,0.75093,0.75102,1.00,1.00
2016.12.13 14:31:46.398,0.75093,0.75101,1.00,1.00
2016.12.13 14:31:46.904,0.75092,0.75102,1.69,1.50
2016.12.13 14:31:47.948,0.75092,0.75101,1.25,1.00
2016.12.13 14:31:49.975,0.75091,0.75101,1.50,1.00
2016.12.13 14:31:50.518,0.75091,0.75101,1.87,1.00
2016.12.13 14:31:51.074,0.75093,0.75101,1.00,1.00
2016.12.13 14:31:51.580,0.75092,0.751,1.12,1.00
2016.12.13 14:31:52.339,0.75092,0.75102,1.12,2.81
2016.12.13 14:31:54.442,0.75093,0.75102,1.00,2.81
2016.12.13 14:31:54.796,0.75091,0.751,5.62,1.00
2016.12.13 14:31:55.099,0.7509,0.75099,1.25,1.00
2016.12.13 14:31:55.617,0.75089,0.75099,6.37,1.50
2016.12.13 14:31:56.921,0.75089,0.75098,3.75,1.00
2016.12.13 14:31:57.466,0.75089,0.75099,3.00,1.00
2016.12.13 14:31:57.975,0.75089,0.75099,3.75,1.00
2016.12.13 14:32:02.046,0.75089,0.75097,2.62,1.00
2016.12.13 14:32:02.198,0.75089,0.75097,1.12,1.00
2016.12.13 14:32:02.721,0.75089,0.75098,2.25,1.50
2016.12.13 14:32:03.733,0.75091,0.75099,1.00,1.00
2016.12.13 14:32:04.827,0.75091,0.75098,1.00,1.00
2016.12.13 14:32:05.357,0.7509,0.75098,1.00,1.00
2016.12.13 14:32:06.196,0.7509,0.75099,1.00,2.25
2016.12.13 14:32:06.702,0.7509,0.75098,1.00,1.00
2016.12.13 14:32:07.221,0.7509,0.75099,1.00,1.00
2016.12.13 14:32:10.182,0.75091,0.75099,1.00,1.00
2016.12.13 14:32:10.742,0.75091,0.751,1.00,3.94
2016.12.13 14:32:11.553,0.75091,0.75099,1.00,1.00
2016.12.13 14:32:12.358,0.75091,0.75098,1.00,1.00
2016.12.13 14:32:12.460,0.75091,0.751,1.00,8.44
2016.12.13 14:32:14.129,0.75092,0.75098,1.00,1.00
2016.12.13 14:32:14.436,0.75097,0.75101,1.00,1.00
2016.12.13 14:32:14.489,0.75096,0.75102,1.69,1.00
2016.12.13 14:32:14.541,0.75096,0.75104,1.69,1.50
2016.12.13 14:32:15.093,0.75096,0.75104,1.25,1.87
2016.12.13 14:32:15.346,0.75099,0.75104,1.00,1.37
2016.12.13 14:32:15.498,0.751,0.75109,1.00,3.56
2016.12.13 14:32:16.005,0.75098,0.75104,4.31,1.00
2016.12.13 14:32:16.334,0.75097,0.75104,1.12,1.00
2016.12.13 14:32:16.893,0.75096,0.75104,1.25,1.00
2016.12.13 14:32:17.405,0.75096,0.75105,1.25,2.62
2016.12.13 14:32:20.225,0.75096,0.75103,1.25,1.00
2016.12.13 14:32:20.782,0.75096,0.75105,1.69,1.12
2016.12.13 14:32:21.288,0.75096,0.75104,1.25,1.00
2016.12.13 14:32:21.697,0.75096,0.75102,1.25,1.00
2016.12.13 14:32:23.732,0.75096,0.75103,1.25,1.12
2016.12.13 14:32:24.037,0.75094,0.75101,1.00,1.00
2016.12.13 14:32:24.139,0.75092,0.75101,2.62,1.00
2016.12.13 14:32:24.456,0.75092,0.75101,3.37,1.87
2016.12.13 14:32:24.559,0.75093,0.75103,3.37,1.69
2016.12.13 14:32:25.066,0.75093,0.75102,4.12,1.00
2016.12.13 14:32:25.573,0.75093,0.75102,1.87,1.50
2016.12.13 14:32:26.407,0.75093,0.75102,2.62,1.50
2016.12.13 14:32:26.811,0.75093,0.751,1.37,1.00
2016.12.13 14:32:27.328,0.75092,0.751,1.37,1.00
2016.12.13 14:32:27.852,0.75092,0.75099,1.37,1.00
2016.12.13 14:32:28.208,0.7509,0.75098,1.50,1.00
2016.12.13 14:32:29.675,0.7509,0.75099,1.87,1.00
2016.12.13 14:32:30.183,0.75091,0.751,1.00,2.06
2016.12.13 14:32:30.704,0.7509,0.751,1.87,2.06
2016.12.13 14:32:32.069,0.75091,0.751,1.50,2.06
2016.12.13 14:32:34.177,0.75091,0.75098,1.50,1.00
2016.12.13 14:32:34.684,0.7509,0.75097,1.87,1.00
2016.12.13 14:32:37.844,0.7509,0.75099,1.87,1.00
2016.12.13 14:32:38.379,0.75091,0.751,1.00,2.06
2016.12.13 14:32:40.374,0.75091,0.75099,4.87,1.00
2016.12.13 14:32:43.390,0.75091,0.75098,2.62,1.00
2016.12.13 14:32:43.542,0.75091,0.751,3.75,1.00
2016.12.13 14:32:44.048,0.75092,0.75101,3.37,1.12
2016.12.13 14:32:48.178,0.75093,0.75101,1.00,1.12
2016.12.13 14:32:48.687,0.75091,0.75101,5.62,1.12
2016.12.13 14:32:49.194,0.75091,0.751,4.87,1.00
2016.12.13 14:32:53.425,0.7509,0.751,6.94,1.00
2016.12.13 14:32:54.035,0.75092,0.751,1.00,1.00
2016.12.13 14:32:57.069,0.75091,0.751,1.69,1.00
2016.12.13 14:32:58.676,0.75092,0.751,1.00,1.00
2016.12.13 14:32:58.828,0.75097,0.75103,1.00,3.37
2016.12.13 14:32:58.930,0.75098,0.75104,1.87,1.00
2016.12.13 14:32:58.981,0.751,0.75104,1.00,1.00
2016.12.13 14:32:59.239,0.75105,0.7511,1.25,1.00
2016.12.13 14:32:59.492,0.75102,0.75109,1.87,1.00
2016.12.13 14:33:02.712,0.75101,0.7511,6.37,1.00
2016.12.13 14:33:03.269,0.75101,0.7511,3.00,1.12
2016.12.13 14:33:03.785,0.75101,0.7511,2.25,1.12
2016.12.13 14:33:04.292,0.75101,0.75109,2.25,1.00
2016.12.13 14:33:06.328,0.75101,0.7511,1.12,1.12
2016.12.13 14:33:07.257,0.75101,0.75109,2.62,1.00
2016.12.13 14:33:08.654,0.75101,0.7511,2.25,1.12
2016.12.13 14:33:11.536,0.75101,0.75109,2.25,1.00
2016.12.13 14:33:11.944,0.751,0.75107,1.31,1.00
2016.12.13 14:33:18.954,0.751,0.75108,2.06,1.50
2016.12.13 14:33:19.258,0.75102,0.7511,1.00,1.00
2016.12.13 14:33:19.643,0.75101,0.75108,1.00,1.00
2016.12.13 14:33:20.150,0.751,0.75107,2.81,1.00
2016.12.13 14:33:20.302,0.75103,0.75111,1.00,1.12
2016.12.13 14:33:20.811,0.75102,0.75111,2.25,1.00
2016.12.13 14:33:23.193,0.75102,0.75112,2.62,1.00
2016.12.13 14:33:23.549,0.75102,0.7511,3.37,1.00
2016.12.13 14:33:24.085,0.75102,0.75111,1.12,1.00
2016.12.13 14:33:27.321,0.75101,0.75111,5.44,1.00
2016.12.13 14:33:27.878,0.75101,0.7511,3.56,1.00
2016.12.13 14:33:28.413,0.75101,0.75111,4.31,1.00
2016.12.13 14:33:28.725,0.75101,0.75109,4.31,1.00
2016.12.13 14:33:32.224,0.75101,0.7511,2.06,1.12
2016.12.13 14:33:32.528,0.75102,0.75112,1.00,1.69
2016.12.13 14:33:33.708,0.75103,0.75112,1.87,1.69
2016.12.13 14:33:34.467,0.75102,0.75111,4.50,1.00
2016.12.13 14:33:34.682,0.75105,0.75111,1.50,1.00
2016.12.13 14:33:34.734,0.75105,0.75113,4.12,1.00
2016.12.13 14:33:37.030,0.75104,0.75112,3.19,1.00
2016.12.13 14:33:37.536,0.75104,0.75112,1.69,1.00
2016.12.13 14:33:38.700,0.75104,0.75111,1.69,1.00
2016.12.13 14:33:39.209,0.75102,0.7511,1.87,1.00
2016.12.13 14:33:42.939,0.75102,0.7511,1.87,1.00
2016.12.13 14:33:43.498,0.75103,0.7511,1.00,1.00
2016.12.13 14:33:44.305,0.75101,0.7511,8.44,1.00
2016.12.13 14:33:46.204,0.75101,0.75109,8.44,1.00
2016.12.13 14:33:46.711,0.75101,0.75109,2.44,1.00
2016.12.13 14:33:47.221,0.751,0.75108,1.50,1.00
2016.12.13 14:33:55.584,0.751,0.75107,1.37,1.00
2016.12.13 14:33:55.736,0.75098,0.75107,5.44,1.00
2016.12.13 14:33:56.253,0.75099,0.75108,1.87,1.00
2016.12.13 14:33:56.759,0.751,0.75108,1.87,1.00
2016.12.13 14:33:57.301,0.75101,0.75109,4.12,2.06
2016.12.13 14:34:00.176,0.75101,0.75109,2.25,1.25
2016.12.13 14:34:00.788,0.75101,0.75109,1.50,1.69
2016.12.13 14:34:01.378,0.751,0.75109,1.12,1.69
2016.12.13 14:34:02.164,0.75101,0.75109,1.00,1.69
2016.12.13 14:34:02.670,0.75102,0.7511,1.50,1.00
2016.12.13 14:34:03.197,0.75102,0.75111,1.00,1.00
2016.12.13 14:34:07.224,0.75101,0.7511,2.44,1.00
2016.12.13 14:34:07.739,0.75101,0.75112,2.44,2.25
2016.12.13 14:34:08.252,0.75101,0.75112,4.31,1.87
2016.12.13 14:34:08.758,0.75101,0.75111,3.56,1.12
2016.12.13 14:34:12.677,0.75101,0.7511,3.19,1.00
2016.12.13 14:34:15.482,0.75101,0.75112,2.81,1.87
2016.12.13 14:34:16.917,0.75102,0.75111,1.12,1.00
2016.12.13 14:34:21.877,0.75102,0.75112,1.50,6.37
2016.12.13 14:34:22.130,0.75104,0.75112,1.00,1.12
2016.12.13 14:34:25.895,0.75104,0.75114,1.50,8.06
2016.12.13 14:34:26.221,0.75112,0.75117,1.00,1.00
2016.12.13 14:34:26.322,0.75112,0.75119,1.50,1.50
2016.12.13 14:34:26.830,0.75112,0.7512,1.87,1.25
2016.12.13 14:34:28.137,0.75111,0.7512,1.12,1.25
2016.12.13 14:34:28.845,0.75113,0.7512,1.00,1.25
2016.12.13 14:34:31.130,0.75113,0.75122,2.25,1.12
2016.12.13 14:34:31.839,0.75113,0.75121,2.25,1.00
2016.12.13 14:34:33.934,0.75113,0.75123,2.25,5.44
2016.12.13 14:34:34.136,0.75115,0.75123,1.00,2.06
2016.12.13 14:34:36.886,0.75115,0.75123,1.00,3.94
2016.12.13 14:34:37.763,0.75115,0.75122,1.00,1.50
2016.12.13 14:34:38.856,0.75115,0.75123,1.00,3.56
2016.12.13 14:34:42.233,0.75114,0.75123,2.25,3.19
2016.12.13 14:34:45.081,0.75113,0.75121,2.62,1.00
2016.12.13 14:34:45.587,0.75112,0.75121,2.81,1.12
2016.12.13 14:34:46.455,0.75112,0.7512,2.06,1.00
2016.12.13 14:34:47.113,0.75112,0.75119,1.69,1.00
2016.12.13 14:34:47.887,0.75112,0.75121,1.69,2.25
2016.12.13 14:34:48.242,0.75114,0.75122,1.00,1.50
2016.12.13 14:34:48.748,0.75114,0.75123,1.00,3.56
2016.12.13 14:34:49.395,0.75113,0.75123,2.62,2.62
2016.12.13 14:34:50.785,0.75112,0.75123,7.12,2.62
2016.12.13 14:34:51.291,0.75113,0.75123,1.00,3.37
2016.12.13 14:34:52.232,0.75116,0.75123,1.12,3.37
2016.12.13 14:34:52.435,0.75119,0.75127,4.87,1.25
2016.12.13 14:34:52.689,0.75117,0.75126,1.50,1.50
2016.12.13 14:34:52.892,0.75116,0.75126,3.56,1.50
2016.12.13 14:34:53.044,0.75117,0.75125,1.00,1.50
2016.12.13 14:34:53.197,0.75118,0.75127,1.12,1.69
2016.12.13 14:34:53.351,0.7512,0.75127,1.00,1.25
2016.12.13 14:34:58.007,0.75121,0.75127,1.00,1.25
2016.12.13 14:34:58.513,0.7512,0.75127,1.87,1.25
2016.12.13 14:35:00.336,0.75121,0.7513,1.00,1.12
2016.12.13 14:35:00.489,0.75123,0.75131,1.00,1.00
2016.12.13 14:35:00.997,0.75122,0.75131,1.50,1.00
2016.12.13 14:35:01.515,0.7512,0.7513,4.12,1.00
2016.12.13 14:35:03.062,0.75121,0.75131,1.12,3.00
2016.12.13 14:35:05.097,0.7512,0.7513,6.37,1.00
2016.12.13 14:35:06.527,0.7512,0.75129,1.37,1.00
2016.12.13 14:35:07.034,0.7512,0.7513,1.87,1.00
2016.12.13 14:35:07.800,0.7512,0.75128,1.50,1.69
2016.12.13 14:35:08.309,0.7512,0.75128,1.12,3.19
2016.12.13 14:35:13.461,0.7512,0.75129,1.50,1.00
2016.12.13 14:35:13.765,0.7512,0.7513,2.62,1.12
2016.12.13 14:35:14.274,0.7512,0.7513,2.25,1.12
2016.12.13 14:35:14.925,0.7512,0.75129,2.25,1.00
2016.12.13 14:35:15.431,0.7512,0.75128,1.87,1.00
2016.12.13 14:35:15.938,0.75121,0.75129,1.50,1.00
2016.12.13 14:35:16.467,0.7512,0.75128,3.19,1.00
2016.12.13 14:35:21.307,0.7512,0.75129,3.19,1.00
2016.12.13 14:35:22.823,0.75125,0.75131,1.00,2.44
2016.12.13 14:35:22.874,0.75127,0.75135,1.00,1.31
2016.12.13 14:35:22.976,0.75128,0.75135,1.87,1.25
2016.12.13 14:35:23.179,0.75128,0.75135,1.00,1.25
2016.12.13 14:35:23.634,0.75126,0.75134,1.00,1.69
2016.12.13 14:35:23.737,0.75123,0.75132,2.25,1.00
2016.12.13 14:35:31.633,0.75123,0.75131,1.00,1.00
2016.12.13 14:35:32.141,0.75121,0.7513,3.56,1.00
2016.12.13 14:35:32.293,0.75121,0.7513,3.19,1.00
2016.12.13 14:35:33.485,0.75121,0.75129,1.31,1.00
2016.12.13 14:35:35.398,0.75121,0.75131,2.44,1.00
2016.12.13 14:35:35.924,0.75123,0.75132,2.25,1.00
2016.12.13 14:35:36.931,0.75122,0.75131,1.12,1.00
2016.12.13 14:35:37.237,0.75141,0.75145,1.00,5.25
2016.12.13 14:35:37.339,0.75143,0.75147,1.00,1.12
2016.12.13 14:35:37.390,0.75143,0.75151,1.00,2.25
2016.12.13 14:35:38.259,0.75142,0.7515,1.50,1.50
2016.12.13 14:35:38.310,0.75142,0.7515,1.00,1.12
2016.12.13 14:35:39.810,0.75141,0.7515,1.00,2.25
2016.12.13 14:35:39.861,0.7514,0.75148,1.50,1.25
2016.12.13 14:35:40.381,0.7514,0.75149,1.00,1.25
2016.12.13 14:35:41.887,0.7514,0.75148,1.00,1.00
2016.12.13 14:35:42.395,0.75139,0.75148,1.50,1.00
2016.12.13 14:35:42.923,0.7514,0.75149,1.00,1.69
2016.12.13 14:35:44.668,0.7514,0.75148,1.50,1.00
2016.12.13 14:35:45.175,0.7514,0.75149,1.00,1.25
2016.12.13 14:35:49.866,0.75141,0.75149,1.00,1.25
2016.12.13 14:35:50.426,0.7514,0.75149,3.00,1.25
2016.12.13 14:35:50.948,0.75141,0.75149,1.00,1.25
2016.12.13 14:35:54.188,0.7514,0.75149,4.87,1.25
2016.12.13 14:35:54.643,0.75141,0.75145,1.00,1.00
2016.12.13 14:35:54.694,0.75141,0.75149,1.00,3.19
2016.12.13 14:35:55.201,0.7514,0.75149,2.62,1.25
2016.12.13 14:35:55.824,0.75141,0.75149,1.00,1.25
2016.12.13 14:35:58.830,0.7514,0.75148,1.12,1.00
2016.12.13 14:35:58.932,0.75137,0.75146,1.50,2.06
2016.12.13 14:35:59.035,0.75135,0.75146,3.75,2.06
2016.12.13 14:35:59.350,0.75139,0.75147,1.00,3.75
2016.12.13 14:35:59.553,0.75141,0.75148,1.00,1.31
2016.12.13 14:36:02.458,0.7514,0.75148,1.00,1.25
2016.12.13 14:36:04.283,0.75141,0.75148,1.00,1.25
2016.12.13 14:36:07.726,0.7514,0.75148,2.62,1.25
2016.12.13 14:36:08.232,0.75141,0.75148,1.50,1.25
2016.12.13 14:36:08.740,0.7514,0.75148,1.12,1.25
2016.12.13 14:36:10.361,0.75141,0.75148,1.00,1.25
2016.12.13 14:36:10.514,0.75139,0.75148,3.75,1.25
2016.12.13 14:36:11.022,0.7514,0.75148,1.00,1.25
2016.12.13 14:36:11.530,0.75138,0.75148,3.00,1.25
2016.12.13 14:36:12.292,0.7514,0.75148,1.00,1.25
2016.12.13 14:36:13.063,0.75141,0.75148,1.00,1.25
2016.12.13 14:36:15.589,0.7514,0.75148,1.87,1.69
2016.12.13 14:36:16.449,0.75141,0.75148,1.00,1.69
2016.12.13 14:36:17.071,0.75141,0.75149,1.00,1.69
2016.12.13 14:36:18.402,0.7514,0.75149,3.00,1.25
2016.12.13 14:36:27.216,0.75139,0.75148,1.00,1.00
2016.12.13 14:36:28.636,0.75138,0.75145,2.25,1.00
2016.12.13 14:36:28.805,0.75135,0.75144,1.37,1.00
2016.12.13 14:36:28.907,0.75134,0.75144,1.69,1.00
2016.12.13 14:36:29.112,0.75139,0.75145,1.00,1.50
2016.12.13 14:36:29.215,0.75139,0.75147,1.12,1.87
2016.12.13 14:36:29.520,0.75138,0.75149,3.00,3.94
2016.12.13 14:36:30.112,0.7514,0.75148,1.50,1.00
2016.12.13 14:36:30.669,0.75139,0.75147,1.12,1.00
2016.12.13 14:36:30.770,0.7514,0.75149,1.00,2.06
2016.12.13 14:36:32.665,0.7514,0.75148,1.00,1.00
2016.12.13 14:36:33.200,0.75139,0.75148,3.37,1.00
2016.12.13 14:36:34.286,0.7514,0.75149,1.00,2.44
2016.12.13 14:36:34.793,0.75141,0.75149,1.00,2.06
2016.12.13 14:36:34.996,0.75139,0.75149,2.62,2.81
2016.12.13 14:36:35.908,0.75139,0.75145,1.12,1.00
2016.12.13 14:36:36.010,0.75135,0.75144,1.87,1.00
2016.12.13 14:36:36.112,0.75135,0.75143,1.50,1.00
2016.12.13 14:36:36.468,0.75134,0.75145,3.94,2.25
2016.12.13 14:36:37.310,0.75134,0.75145,2.44,5.62
2016.12.13 14:36:37.818,0.75134,0.75144,1.25,1.00
2016.12.13 14:36:38.421,0.75135,0.75145,1.12,1.00
2016.12.13 14:36:39.274,0.75134,0.75144,1.25,1.50
2016.12.13 14:36:39.780,0.75134,0.75143,1.25,1.12
2016.12.13 14:36:40.294,0.75132,0.7514,1.00,1.00
2016.12.13 14:36:40.599,0.7513,0.75138,2.81,1.00
2016.12.13 14:36:41.105,0.7513,0.75138,1.69,1.00
2016.12.13 14:36:44.235,0.7513,0.75139,1.69,1.00
2016.12.13 14:36:44.536,0.75132,0.75139,1.00,1.00
2016.12.13 14:36:44.963,0.7513,0.75139,5.81,1.00
2016.12.13 14:36:49.121,0.7513,0.75138,2.44,1.00
2016.12.13 14:36:51.736,0.7513,0.75139,2.44,1.00
2016.12.13 14:36:52.270,0.7513,0.75138,2.44,1.00
2016.12.13 14:36:53.232,0.7513,0.75139,5.44,1.00
2016.12.13 14:36:53.492,0.75132,0.75142,2.25,2.25
2016.12.13 14:36:54.000,0.75133,0.75142,1.12,1.87
2016.12.13 14:36:56.283,0.75135,0.75142,1.87,1.00
2016.12.13 14:36:56.791,0.75134,0.75143,4.87,1.25
2016.12.13 14:36:58.080,0.75135,0.75142,1.87,1.25
2016.12.13 14:36:59.780,0.75137,0.75142,1.50,1.25
2016.12.13 14:36:59.831,0.75138,0.75146,1.00,3.75
2016.12.13 14:36:59.933,0.75138,0.75147,2.62,1.12
2016.12.13 14:37:00.442,0.75138,0.75147,1.00,1.00
2016.12.13 14:37:00.991,0.75139,0.75148,1.00,1.00
2016.12.13 14:37:01.498,0.75139,0.75149,1.00,1.69
2016.12.13 14:37:02.064,0.7514,0.75149,1.00,1.69
2016.12.13 14:37:02.266,0.75139,0.75148,1.50,1.37
2016.12.13 14:37:02.774,0.75138,0.75147,3.37,1.37
2016.12.13 14:37:03.384,0.75139,0.75149,2.25,5.81
2016.12.13 14:37:03.577,0.75139,0.75149,3.37,2.06
2016.12.13 14:37:04.101,0.7514,0.75149,1.00,2.06
2016.12.13 14:37:08.831,0.75141,0.75149,1.00,1.25
2016.12.13 14:37:11.891,0.75142,0.75149,1.00,1.25
2016.12.13 14:37:12.679,0.75142,0.75151,1.00,1.87
2016.12.13 14:37:14.197,0.75142,0.75151,1.00,1.75
2016.12.13 14:37:14.603,0.75141,0.75151,1.00,1.87
2016.12.13 14:37:15.210,0.75143,0.75151,1.00,1.87
2016.12.13 14:37:15.538,0.75139,0.75148,4.12,1.25
2016.12.13 14:37:15.894,0.75142,0.75148,1.00,1.25
2016.12.13 14:37:15.996,0.7514,0.75148,2.62,1.25
2016.12.13 14:37:16.098,0.75142,0.75148,1.00,1.25
2016.12.13 14:37:17.013,0.75142,0.7515,1.00,1.00
2016.12.13 14:37:17.268,0.75144,0.75151,1.00,1.00
2016.12.13 14:37:17.523,0.75142,0.75151,1.00,1.00
2016.12.13 14:37:18.342,0.75143,0.75151,1.00,1.50
2016.12.13 14:37:18.647,0.75148,0.75151,1.00,1.00
2016.12.13 14:37:18.698,0.75148,0.75154,1.00,2.62
2016.12.13 14:37:18.749,0.75152,0.75157,3.94,4.87
2016.12.13 14:37:18.902,0.75164,0.75168,1.00,4.87
2016.12.13 14:37:18.953,0.75165,0.75169,1.00,1.00
2016.12.13 14:37:19.108,0.75167,0.75173,1.75,2.44
2016.12.13 14:37:19.271,0.75173,0.75177,2.62,1.00
2016.12.13 14:37:19.383,0.75173,0.75179,3.75,1.00
2016.12.13 14:37:20.230,0.75173,0.75181,1.12,1.25
2016.12.13 14:37:21.956,0.75174,0.75181,1.00,1.25
2016.12.13 14:37:22.888,0.75173,0.75181,1.50,1.25
2016.12.13 14:37:23.699,0.75176,0.75181,1.00,1.25
2016.12.13 14:37:25.184,0.75175,0.75181,1.50,1.25
2016.12.13 14:37:26.201,0.75174,0.75181,1.50,1.25
2016.12.13 14:37:30.059,0.75173,0.75181,1.00,1.25
2016.12.13 14:37:30.621,0.75173,0.75181,1.00,2.06
2016.12.13 14:37:32.226,0.75173,0.75181,1.00,1.25
2016.12.13 14:37:33.481,0.75171,0.75181,1.50,1.25
2016.12.13 14:37:34.392,0.75172,0.75181,1.00,1.25
2016.12.13 14:37:34.990,0.75171,0.75181,4.12,1.25
2016.12.13 14:37:35.597,0.75172,0.75181,1.00,1.25
2016.12.13 14:37:37.373,0.75173,0.75181,1.00,1.25
2016.12.13 14:37:37.790,0.75171,0.75181,1.87,1.25
2016.12.13 14:37:38.320,0.75172,0.75181,1.00,1.25
2016.12.13 14:37:38.879,0.75173,0.75181,1.00,1.25
2016.12.13 14:37:38.981,0.75172,0.75183,1.69,1.12
2016.12.13 14:37:39.033,0.75178,0.75184,1.00,3.75
2016.12.13 14:37:39.390,0.7518,0.75184,1.00,1.50
2016.12.13 14:37:39.441,0.7518,0.75187,1.00,3.75
2016.12.13 14:37:39.493,0.75177,0.75187,1.12,5.25
2016.12.13 14:37:39.544,0.75177,0.75184,1.00,1.25
2016.12.13 14:37:39.748,0.75174,0.75182,3.00,1.00
2016.12.13 14:37:39.901,0.75176,0.75182,1.12,1.00
2016.12.13 14:37:40.306,0.75178,0.75183,1.00,1.00
2016.12.13 14:37:40.408,0.75179,0.75186,2.62,1.50
2016.12.13 14:37:40.608,0.75181,0.75188,1.00,1.25
2016.12.13 14:37:40.913,0.75182,0.75192,1.00,4.31
2016.12.13 14:37:41.067,0.75183,0.75192,1.00,1.31
2016.12.13 14:37:41.118,0.75185,0.75192,1.00,1.31
2016.12.13 14:37:41.422,0.75183,0.7519,1.37,1.25
2016.12.13 14:37:41.560,0.75181,0.7519,4.50,1.25
2016.12.13 14:37:42.066,0.75181,0.7519,2.25,1.31
2016.12.13 14:37:42.574,0.75181,0.75191,1.12,2.47
2016.12.13 14:37:42.828,0.75181,0.75187,1.12,1.25
2016.12.13 14:37:43.132,0.75181,0.75191,1.12,3.04
2016.12.13 14:37:43.436,0.7518,0.75185,1.50,1.00
2016.12.13 14:37:43.538,0.7518,0.75188,1.12,3.37
2016.12.13 14:37:43.996,0.7518,0.75192,2.25,4.69
2016.12.13 14:37:44.505,0.7518,0.75192,1.87,3.56
2016.12.13 14:37:45.358,0.75181,0.75192,1.00,1.69
2016.12.13 14:37:45.863,0.7518,0.75192,5.62,1.54
2016.12.13 14:37:46.269,0.7518,0.75192,2.25,1.25
2016.12.13 14:37:46.421,0.7518,0.75192,1.50,3.79
2016.12.13 14:37:47.115,0.75179,0.75192,4.69,3.41
2016.12.13 14:37:47.634,0.7518,0.75192,1.87,1.91
2016.12.13 14:37:48.140,0.7518,0.75192,4.87,1.31
2016.12.13 14:37:48.448,0.75181,0.75192,1.37,1.31
2016.12.13 14:37:49.257,0.7518,0.75191,1.50,1.00
2016.12.13 14:37:49.668,0.75183,0.75192,7.50,1.31
2016.12.13 14:37:50.478,0.75183,0.75194,3.00,1.37
2016.12.13 14:37:50.853,0.75183,0.75195,3.75,3.94
2016.12.13 14:37:51.308,0.75183,0.75192,2.25,1.00
2016.12.13 14:37:51.612,0.75183,0.75194,1.50,2.25
2016.12.13 14:37:52.267,0.75183,0.75193,1.50,1.00
2016.12.13 14:37:53.026,0.75183,0.75192,1.00,1.00
2016.12.13 14:37:53.636,0.75181,0.75192,1.87,2.81
2016.12.13 14:37:54.142,0.75181,0.75192,1.12,3.94
2016.12.13 14:37:57.465,0.7518,0.75187,1.37,1.25
2016.12.13 14:37:57.668,0.75173,0.75184,5.51,1.31
2016.12.13 14:37:57.972,0.75173,0.75183,3.19,1.50
2016.12.13 14:37:58.298,0.75173,0.75184,4.31,3.56
2016.12.13 14:37:58.909,0.75175,0.75184,2.25,1.69
2016.12.13 14:37:59.416,0.75174,0.75184,1.50,1.69
2016.12.13 14:38:00.135,0.75173,0.75184,4.69,2.44
2016.12.13 14:38:00.592,0.75175,0.75184,1.00,1.31
2016.12.13 14:38:01.108,0.75174,0.75184,1.00,1.69
2016.12.13 14:38:01.615,0.75174,0.75184,1.00,1.69
2016.12.13 14:38:02.122,0.75175,0.75184,1.50,1.25
2016.12.13 14:38:02.687,0.75177,0.75185,1.12,1.50
2016.12.13 14:38:02.738,0.75177,0.75187,1.12,2.62
2016.12.13 14:38:02.840,0.75179,0.75188,1.00,1.25
2016.12.13 14:38:02.993,0.75179,0.75191,3.00,1.87
2016.12.13 14:38:03.602,0.75182,0.7519,1.00,1.12
2016.12.13 14:38:04.888,0.75184,0.75192,1.00,5.81
2016.12.13 14:38:05.268,0.75181,0.75191,1.00,1.12
2016.12.13 14:38:06.533,0.7518,0.7519,1.00,1.00
2016.12.13 14:38:06.736,0.75178,0.75185,2.62,1.00
2016.12.13 14:38:06.956,0.75174,0.75183,1.25,1.50
2016.12.13 14:38:07.464,0.75174,0.75185,1.31,4.12
2016.12.13 14:38:08.281,0.75175,0.75185,1.35,2.62
2016.12.13 14:38:08.534,0.75177,0.75186,1.00,1.25
2016.12.13 14:38:09.437,0.75177,0.75186,4.12,1.25
2016.12.13 14:38:09.741,0.75176,0.75183,1.00,1.62
2016.12.13 14:38:10.064,0.75179,0.75183,1.50,1.00
2016.12.13 14:38:10.317,0.75183,0.75189,2.44,1.00
2016.12.13 14:38:10.368,0.75185,0.75189,2.44,1.00
2016.12.13 14:38:10.420,0.75185,0.75192,1.50,1.00
2016.12.13 14:38:10.573,0.75183,0.75194,1.69,5.44
2016.12.13 14:38:10.624,0.75182,0.75191,1.87,2.44
2016.12.13 14:38:10.929,0.75179,0.75189,1.12,1.00
2016.12.13 14:38:11.084,0.75181,0.75191,3.37,1.62
2016.12.13 14:38:11.590,0.75182,0.75191,1.00,2.06
2016.12.13 14:38:12.098,0.75181,0.75191,5.62,1.31
2016.12.13 14:38:12.768,0.75184,0.75192,1.00,2.62
2016.12.13 14:38:12.870,0.75183,0.75193,1.87,1.00
2016.12.13 14:38:13.390,0.75183,0.75193,1.00,2.62
2016.12.13 14:38:13.799,0.75181,0.75191,1.12,2.25
2016.12.13 14:38:15.391,0.7518,0.7519,1.00,1.50
2016.12.13 14:38:15.696,0.75178,0.75187,1.12,1.31
2016.12.13 14:38:16.005,0.75178,0.75187,1.00,2.00
2016.12.13 14:38:16.158,0.75178,0.75187,1.00,1.69
2016.12.13 14:38:16.611,0.7518,0.75187,1.00,1.25
2016.12.13 14:38:16.970,0.75177,0.75187,1.87,2.06
2016.12.13 14:38:17.224,0.75177,0.75185,1.12,1.00
2016.12.13 14:38:17.530,0.7518,0.75187,1.00,1.31
2016.12.13 14:38:18.053,0.75178,0.75187,1.00,1.31
2016.12.13 14:38:18.353,0.7518,0.75187,1.00,1.25
2016.12.13 14:38:18.711,0.75178,0.75187,1.00,1.25
2016.12.13 14:38:19.218,0.75178,0.75187,1.00,1.62
2016.12.13 14:38:20.096,0.75177,0.75187,1.87,2.06
2016.12.13 14:38:20.731,0.75178,0.75187,1.12,1.69
2016.12.13 14:38:20.834,0.7518,0.75187,1.00,1.31
2016.12.13 14:38:21.344,0.75178,0.75189,2.25,1.00
2016.12.13 14:38:21.749,0.75177,0.75187,1.87,1.12
2016.12.13 14:38:22.255,0.75179,0.75188,1.12,2.25
2016.12.13 14:38:22.611,0.75177,0.75188,2.25,3.37
2016.12.13 14:38:22.764,0.75177,0.75185,1.12,1.69
2016.12.13 14:38:22.967,0.75174,0.75183,1.31,1.00
2016.12.13 14:38:23.475,0.75174,0.75183,1.25,1.37
2016.12.13 14:38:23.982,0.75174,0.75181,1.25,1.00
2016.12.13 14:38:24.438,0.75178,0.75184,1.00,1.75
2016.12.13 14:38:24.590,0.75178,0.75185,1.12,1.69
2016.12.13 14:38:25.097,0.75175,0.75184,1.12,1.00
2016.12.13 14:38:25.427,0.75174,0.75182,3.56,1.00
2016.12.13 14:38:26.137,0.75174,0.75183,1.25,2.25
2016.12.13 14:38:26.645,0.75174,0.75183,1.31,1.50
2016.12.13 14:38:27.189,0.75174,0.75181,1.31,1.00
2016.12.13 14:38:28.430,0.75175,0.75183,1.00,1.12
2016.12.13 14:38:28.532,0.75177,0.75185,1.50,1.69
2016.12.13 14:38:29.095,0.75178,0.75183,1.00,1.00
2016.12.13 14:38:29.197,0.75176,0.75185,1.37,1.69
2016.12.13 14:38:30.331,0.75176,0.75184,1.37,1.00
2016.12.13 14:38:30.636,0.75178,0.75185,1.50,1.25
2016.12.13 14:38:30.687,0.75179,0.75187,2.62,1.87
2016.12.13 14:38:31.196,0.75179,0.75187,2.62,1.00
2016.12.13 14:38:31.711,0.75179,0.75189,1.37,2.44
2016.12.13 14:38:32.574,0.75179,0.75188,1.37,1.00
2016.12.13 14:38:33.887,0.75179,0.75187,1.37,1.00
2016.12.13 14:38:34.952,0.75177,0.75185,3.00,2.06
2016.12.13 14:38:35.055,0.75175,0.75185,6.37,1.25
2016.12.13 14:38:35.359,0.75176,0.75182,2.25,1.00
2016.12.13 14:38:35.411,0.75176,0.75184,1.37,2.25
2016.12.13 14:38:35.715,0.75174,0.75184,4.31,2.25
2016.12.13 14:38:36.298,0.75175,0.75183,1.12,1.00
2016.12.13 14:38:36.451,0.75176,0.75185,3.75,1.69
2016.12.13 14:38:36.806,0.75178,0.75185,1.87,1.25
2016.12.13 14:38:37.060,0.75178,0.75187,3.56,1.00
2016.12.13 14:38:38.883,0.75179,0.75187,1.50,1.00
2016.12.13 14:38:38.934,0.75182,0.75188,1.00,1.00
2016.12.13 14:38:39.086,0.75181,0.7519,1.00,1.50
2016.12.13 14:38:39.358,0.7518,0.75188,1.12,1.00
2016.12.13 14:38:40.835,0.75179,0.75187,1.31,1.00
2016.12.13 14:38:41.342,0.75179,0.75188,2.44,1.00
2016.12.13 14:38:43.092,0.75179,0.75187,1.69,1.00
2016.12.13 14:38:43.399,0.75174,0.75182,1.69,1.00
2016.12.13 14:38:43.903,0.75174,0.75181,1.25,1.00
2016.12.13 14:38:44.409,0.75174,0.75182,1.31,1.00
2016.12.13 14:38:44.915,0.75174,0.75181,1.25,1.00
2016.12.13 14:38:46.938,0.75174,0.75182,1.25,1.50
2016.12.13 14:38:47.445,0.75174,0.75181,1.25,1.00
2016.12.13 14:38:47.951,0.75174,0.75182,1.25,1.00
2016.12.13 14:38:53.564,0.75176,0.75184,2.85,2.25
2016.12.13 14:38:53.768,0.75177,0.75187,3.94,1.87
2016.12.13 14:38:54.275,0.75177,0.75187,6.37,1.00
2016.12.13 14:38:55.924,0.75178,0.75188,1.12,1.87
2016.12.13 14:38:56.442,0.75178,0.75188,1.12,2.25
2016.12.13 14:38:56.976,0.75178,0.75186,1.12,1.00
2016.12.13 14:38:57.478,0.75177,0.75187,3.00,1.12
2016.12.13 14:38:58.284,0.75179,0.75188,1.00,1.37
2016.12.13 14:38:58.794,0.75179,0.75188,3.37,1.00
2016.12.13 14:39:01.028,0.75179,0.75189,8.25,1.69
2016.12.13 14:39:01.341,0.75182,0.7519,1.00,1.12
2016.12.13 14:39:01.847,0.75182,0.75191,1.00,1.50
2016.12.13 14:39:02.354,0.75181,0.7519,1.69,1.00
2016.12.13 14:39:02.696,0.75181,0.75188,1.25,1.00
2016.12.13 14:39:03.218,0.75181,0.75191,1.69,2.25
2016.12.13 14:39:03.724,0.75182,0.75191,3.00,1.00
2016.12.13 14:39:04.517,0.75181,0.75191,5.44,1.12
2016.12.13 14:39:05.023,0.75181,0.7519,3.56,1.00
2016.12.13 14:39:07.490,0.75182,0.7519,1.00,1.12
2016.12.13 14:39:08.363,0.75182,0.75191,1.00,1.00
2016.12.13 14:39:08.922,0.75181,0.75191,4.69,1.00
2016.12.13 14:39:10.292,0.75181,0.7519,3.19,1.00
2016.12.13 14:39:15.074,0.75182,0.75192,1.50,2.81
2016.12.13 14:39:15.125,0.75183,0.75192,4.12,1.69
2016.12.13 14:39:15.713,0.75183,0.75188,3.00,1.00
2016.12.13 14:39:15.918,0.7518,0.75187,1.12,1.00
2016.12.13 14:39:16.425,0.7518,0.75188,1.00,1.00
2016.12.13 14:39:17.011,0.75181,0.75189,1.00,2.06
2016.12.13 14:39:17.062,0.75179,0.75189,5.06,2.06
2016.12.13 14:39:17.580,0.7518,0.75189,1.00,2.06
2016.12.13 14:39:18.141,0.75182,0.75189,1.00,1.12
2016.12.13 14:39:18.493,0.75182,0.75192,2.62,1.00
2016.12.13 14:39:18.545,0.75184,0.75192,1.00,1.00
2016.12.13 14:39:19.052,0.75183,0.75192,1.50,1.00
2016.12.13 14:39:19.357,0.75193,0.75197,1.12,7.87
2016.12.13 14:39:19.510,0.75193,0.75197,1.12,1.50
2016.12.13 14:39:19.851,0.7519,0.75196,12.79,3.25
2016.12.13 14:39:19.902,0.75193,0.75202,1.12,2.44
2016.12.13 14:39:20.264,0.75192,0.752,1.00,1.00
2016.12.13 14:39:20.772,0.75192,0.75201,1.00,3.00
2016.12.13 14:39:21.303,0.75191,0.752,1.69,1.00
2016.12.13 14:39:21.760,0.7519,0.75199,1.12,4.69
2016.12.13 14:39:22.269,0.7519,0.75199,1.12,3.94
2016.12.13 14:39:22.784,0.7519,0.75198,1.12,1.00
2016.12.13 14:39:23.645,0.75189,0.75196,1.37,1.50
2016.12.13 14:39:23.952,0.75185,0.75191,1.00,2.25
2016.12.13 14:39:24.256,0.75185,0.75193,1.00,2.25
2016.12.13 14:39:24.510,0.75189,0.75193,1.00,1.00
2016.12.13 14:39:24.662,0.75191,0.75196,1.00,1.00
2016.12.13 14:39:24.860,0.75191,0.75199,1.00,1.31
2016.12.13 14:39:24.911,0.75189,0.75197,1.12,3.37
2016.12.13 14:39:25.164,0.75184,0.75193,2.06,1.00
2016.12.13 14:39:25.671,0.75184,0.75192,1.69,2.25
2016.12.13 14:39:27.515,0.75184,0.75192,1.50,3.37
2016.12.13 14:39:27.769,0.7518,0.75191,1.69,3.75
2016.12.13 14:39:27.820,0.7518,0.7519,3.19,2.62
2016.12.13 14:39:28.140,0.75174,0.75181,2.44,1.50
2016.12.13 14:39:28.293,0.75172,0.75179,1.50,1.00
2016.12.13 14:39:28.698,0.7517,0.75179,6.04,1.00
2016.12.13 14:39:31.071,0.7517,0.75177,1.31,1.00
2016.12.13 14:39:35.930,0.7517,0.75178,1.69,1.00
2016.12.13 14:39:36.031,0.75171,0.7518,1.50,1.12
2016.12.13 14:39:36.184,0.75172,0.75182,1.50,1.50
2016.12.13 14:39:36.488,0.75173,0.75182,2.44,1.00
2016.12.13 14:39:36.539,0.75173,0.75182,2.06,1.00
2016.12.13 14:39:37.662,0.75173,0.75181,1.69,1.00
2016.12.13 14:39:38.175,0.75173,0.7518,1.69,1.00
2016.12.13 14:39:39.043,0.75183,0.75187,2.85,8.62
2016.12.13 14:39:39.095,0.75191,0.75195,1.00,2.62
2016.12.13 14:39:39.147,0.75194,0.75201,1.75,2.25
2016.12.13 14:39:39.199,0.75196,0.75202,1.12,3.19
2016.12.13 14:39:39.708,0.75197,0.75202,1.87,1.25
2016.12.13 14:39:40.288,0.75197,0.75201,1.00,1.25
2016.12.13 14:39:40.643,0.75194,0.752,2.25,1.25
2016.12.13 14:39:42.229,0.75193,0.75203,1.87,1.87
2016.12.13 14:39:42.331,0.75198,0.75204,1.00,1.50
2016.12.13 14:39:42.585,0.75195,0.75204,1.50,1.00
2016.12.13 14:39:42.889,0.75194,0.75202,1.00,1.00
2016.12.13 14:39:43.407,0.75192,0.75202,2.81,1.00
2016.12.13 14:39:44.893,0.75193,0.75202,1.00,1.37
2016.12.13 14:39:45.410,0.75193,0.75202,1.12,1.00
2016.12.13 14:39:45.915,0.75193,0.75203,1.72,1.00
2016.12.13 14:39:46.220,0.75195,0.75203,1.00,2.62
2016.12.13 14:39:47.537,0.75194,0.75202,1.00,1.12
2016.12.13 14:39:48.054,0.75193,0.75202,1.00,1.12
2016.12.13 14:39:49.077,0.75193,0.75202,1.00,1.50
2016.12.13 14:39:49.331,0.75191,0.75201,1.12,1.87
2016.12.13 14:39:49.585,0.7519,0.75198,3.37,1.00
2016.12.13 14:39:49.990,0.75189,0.75197,1.00,1.37
2016.12.13 14:39:50.505,0.75189,0.75197,1.00,1.12
2016.12.13 14:39:51.764,0.75189,0.75197,1.00,1.37
2016.12.13 14:39:52.270,0.75188,0.75197,1.12,1.37
2016.12.13 14:39:52.577,0.75186,0.75193,1.00,1.00
2016.12.13 14:39:52.882,0.75187,0.75192,1.00,1.37
2016.12.13 14:39:53.280,0.75184,0.75192,1.00,1.37
2016.12.13 14:39:53.788,0.75183,0.75192,1.25,1.37
2016.12.13 14:39:54.320,0.75183,0.75192,1.25,1.00
2016.12.13 14:39:54.922,0.75183,0.75193,1.69,1.87
2016.12.13 14:39:55.024,0.75183,0.75191,1.25,1.12
2016.12.13 14:39:55.329,0.75182,0.75189,1.00,1.37
2016.12.13 14:39:55.634,0.7518,0.75189,3.37,1.50
2016.12.13 14:39:57.041,0.75181,0.7519,1.00,1.75
2016.12.13 14:39:58.244,0.75181,0.75189,1.35,1.00
2016.12.13 14:39:59.002,0.75181,0.75191,1.60,4.12
2016.12.13 14:39:59.510,0.75183,0.75191,1.00,6.00
2016.12.13 14:39:59.662,0.75181,0.75191,1.35,4.12
2016.12.13 14:40:00.177,0.75181,0.75191,1.60,4.12
2016.12.13 14:40:00.683,0.75181,0.7519,1.00,1.50
2016.12.13 14:40:01.072,0.75183,0.75191,1.00,1.50
2016.12.13 14:40:04.512,0.75186,0.75191,1.00,1.00
2016.12.13 14:40:04.664,0.75186,0.75194,1.00,2.62
2016.12.13 14:40:05.694,0.75188,0.75194,1.00,1.12
2016.12.13 14:40:05.847,0.75186,0.75195,1.12,1.69
2016.12.13 14:40:06.050,0.75185,0.75194,1.00,1.50
2016.12.13 14:40:06.564,0.75186,0.75194,1.00,3.37
2016.12.13 14:40:06.767,0.75189,0.75197,1.50,2.44
2016.12.13 14:40:07.276,0.75189,0.75197,1.87,1.31
2016.12.13 14:40:07.847,0.7519,0.75197,1.00,1.31
2016.12.13 14:40:08.354,0.75191,0.75197,1.00,1.25
2016.12.13 14:40:09.238,0.75188,0.75197,1.50,2.81
2016.12.13 14:40:09.289,0.75186,0.75194,4.69,1.00
2016.12.13 14:40:09.341,0.75185,0.75193,2.25,1.87
2016.12.13 14:40:09.443,0.75183,0.75191,1.37,1.12
2016.12.13 14:40:09.949,0.75183,0.75192,1.00,2.25
2016.12.13 14:40:10.261,0.75183,0.7519,1.00,1.00
2016.12.13 14:40:11.224,0.75182,0.7519,1.35,1.00
2016.12.13 14:40:11.275,0.75183,0.75192,1.00,3.56
2016.12.13 14:40:11.326,0.75183,0.7519,1.00,1.12
2016.12.13 14:40:11.430,0.75183,0.75192,1.00,3.94
2016.12.13 14:40:12.499,0.75188,0.75192,1.00,2.25
2016.12.13 14:40:12.652,0.75189,0.75198,1.00,3.00
2016.12.13 14:40:12.703,0.75191,0.75199,1.00,4.50
2016.12.13 14:40:13.307,0.75191,0.75199,1.00,2.25
2016.12.13 14:40:13.359,0.75189,0.75197,1.50,1.00
2016.12.13 14:40:14.627,0.75189,0.75198,1.12,2.25
2016.12.13 14:40:15.191,0.75189,0.75197,1.12,1.12
2016.12.13 14:40:15.700,0.75189,0.75199,1.12,3.75
2016.12.13 14:40:16.749,0.75189,0.75197,1.12,1.12
2016.12.13 14:40:17.255,0.75189,0.75198,1.12,2.25
2016.12.13 14:40:17.762,0.75189,0.75198,2.25,1.00
2016.12.13 14:40:18.090,0.7519,0.752,1.12,3.94
2016.12.13 14:40:18.546,0.7519,0.75198,1.12,1.12
2016.12.13 14:40:19.056,0.75189,0.75197,1.50,1.12
2016.12.13 14:40:19.581,0.75189,0.75198,1.50,1.50
2016.12.13 14:40:20.990,0.75197,0.75201,1.87,1.00
2016.12.13 14:40:21.041,0.75197,0.75203,1.00,1.00
2016.12.13 14:40:21.193,0.75194,0.75203,1.37,1.50
2016.12.13 14:40:21.497,0.75194,0.75204,2.62,3.75
2016.12.13 14:40:22.256,0.752,0.75204,2.47,1.12
2016.12.13 14:40:22.307,0.752,0.75205,1.50,1.50
2016.12.13 14:40:22.409,0.75201,0.7521,1.00,3.60
2016.12.13 14:40:22.572,0.75201,0.7521,1.50,1.00
2016.12.13 14:40:23.028,0.752,0.75209,2.62,1.00
2016.12.13 14:40:23.383,0.75201,0.75209,1.37,1.00
2016.12.13 14:40:24.045,0.75201,0.75208,2.62,1.00
2016.12.13 14:40:24.147,0.75201,0.7521,2.62,1.12
2016.12.13 14:40:24.654,0.75201,0.75211,1.87,1.69
2016.12.13 14:40:24.806,0.75201,0.75209,1.87,1.00
2016.12.13 14:40:25.333,0.75201,0.7521,4.87,1.25
2016.12.13 14:40:25.659,0.75207,0.75213,1.00,2.62
2016.12.13 14:40:25.761,0.75207,0.75214,1.50,2.06
2016.12.13 14:40:25.863,0.75206,0.75212,1.50,1.00
2016.12.13 14:40:26.167,0.75206,0.7521,1.00,1.00
2016.12.13 14:40:26.218,0.75206,0.75213,2.25,1.87
2016.12.13 14:40:26.320,0.75208,0.75216,1.50,2.25
2016.12.13 14:40:26.500,0.75209,0.75217,1.12,3.94
2016.12.13 14:40:26.553,0.75211,0.75216,1.00,1.00
2016.12.13 14:40:26.858,0.75211,0.75216,4.50,1.50
2016.12.13 14:40:26.909,0.75211,0.75217,4.87,2.25
2016.12.13 14:40:26.960,0.75211,0.75221,4.87,1.00
2016.12.13 14:40:27.163,0.75211,0.75219,3.37,1.00
2016.12.13 14:40:27.766,0.7521,0.75219,2.62,1.00
2016.12.13 14:40:27.971,0.7521,0.75219,1.87,1.00
2016.12.13 14:40:28.478,0.75211,0.75219,1.00,1.00
2016.12.13 14:40:28.985,0.75212,0.7522,1.00,1.00
2016.12.13 14:40:29.492,0.75211,0.75219,1.00,1.31
2016.12.13 14:40:29.999,0.7521,0.75219,1.00,1.69
2016.12.13 14:40:30.202,0.75208,0.75218,5.06,1.50
2016.12.13 14:40:30.305,0.75208,0.75218,4.69,2.25
2016.12.13 14:40:32.798,0.7521,0.75219,1.12,1.69
2016.12.13 14:40:34.317,0.7521,0.75218,1.12,1.00
2016.12.13 14:40:36.121,0.75212,0.75219,1.00,1.25
2016.12.13 14:40:36.425,0.75217,0.75221,1.00,1.12
2016.12.13 14:40:36.637,0.75218,0.75223,1.12,1.00
2016.12.13 14:40:36.841,0.75218,0.75224,3.37,1.50
2016.12.13 14:40:36.946,0.75217,0.75224,1.50,1.50
2016.12.13 14:40:37.303,0.75216,0.75222,1.37,1.69
2016.12.13 14:40:37.355,0.75214,0.75222,2.25,1.69
2016.12.13 14:40:37.963,0.75213,0.75222,1.50,1.69
2016.12.13 14:40:38.470,0.75213,0.75221,1.12,1.69
2016.12.13 14:40:38.979,0.75211,0.75221,1.87,3.41
2016.12.13 14:40:39.548,0.75211,0.75221,1.00,3.94
2016.12.13 14:40:39.752,0.75211,0.75219,1.00,1.00
2016.12.13 14:40:40.361,0.75211,0.7522,1.00,1.00
2016.12.13 14:40:42.505,0.75211,0.75218,1.00,1.00
2016.12.13 14:40:42.986,0.75211,0.75221,1.00,2.44
2016.12.13 14:40:43.529,0.75212,0.7522,1.50,1.00
2016.12.13 14:40:44.205,0.75212,0.75219,1.00,1.00
2016.12.13 14:40:44.559,0.7521,0.75219,4.12,1.00
2016.12.13 14:40:44.864,0.7521,0.75219,5.25,1.00
2016.12.13 14:40:49.546,0.7521,0.75218,3.00,1.00
2016.12.13 14:40:50.320,0.7521,0.7522,1.50,1.00
2016.12.13 14:40:51.942,0.75214,0.75221,1.00,1.69
2016.12.13 14:40:53.398,0.75219,0.75223,1.00,2.25
2016.12.13 14:40:53.449,0.75217,0.75222,1.50,1.00
2016.12.13 14:40:53.500,0.75215,0.75222,1.00,1.00
2016.12.13 14:40:53.551,0.75215,0.75224,1.00,1.50
2016.12.13 14:40:54.058,0.75215,0.75223,1.00,1.12
2016.12.13 14:40:54.109,0.75213,0.75224,1.50,3.75
2016.12.13 14:40:56.800,0.75214,0.75223,1.00,1.00
2016.12.13 14:40:57.916,0.75213,0.75223,1.12,2.62
2016.12.13 14:40:58.801,0.75213,0.75221,1.12,1.00
2016.12.13 14:40:59.309,0.75212,0.7522,4.31,1.00
2016.12.13 14:40:59.918,0.75213,0.75221,1.12,1.00
2016.12.13 14:41:00.020,0.75216,0.75223,3.00,1.00
2016.12.13 14:41:00.324,0.75217,0.75223,1.50,1.00
2016.12.13 14:41:00.746,0.75216,0.75223,1.00,1.50
2016.12.13 14:41:00.798,0.75214,0.75223,3.75,1.50
2016.12.13 14:41:01.305,0.75214,0.75223,1.87,1.50
2016.12.13 14:41:01.509,0.75214,0.75221,1.12,1.00
2016.12.13 14:41:02.023,0.75213,0.75221,2.62,1.00
2016.12.13 14:41:02.328,0.75213,0.75221,2.62,1.00
2016.12.13 14:41:02.989,0.75213,0.75222,1.37,1.12
2016.12.13 14:41:05.626,0.75212,0.75221,1.00,1.00
2016.12.13 14:41:06.132,0.75211,0.7522,1.31,1.00
2016.12.13 14:41:06.638,0.75211,0.75219,1.31,1.00
2016.12.13 14:41:13.255,0.75211,0.75221,2.06,3.00
2016.12.13 14:41:13.306,0.75213,0.75221,1.00,3.00
2016.12.13 14:41:13.648,0.75218,0.75223,1.12,1.00
2016.12.13 14:41:13.800,0.75216,0.75223,1.50,1.00
2016.12.13 14:41:14.461,0.75214,0.75224,1.75,4.31
2016.12.13 14:41:14.968,0.75217,0.75224,1.00,1.00
2016.12.13 14:41:15.592,0.75217,0.75223,1.12,1.00
2016.12.13 14:41:15.795,0.75215,0.75222,2.44,1.00
2016.12.13 14:41:16.251,0.7522,0.75225,1.00,1.50
2016.12.13 14:41:16.505,0.75225,0.75232,1.00,1.25
2016.12.13 14:41:16.774,0.75223,0.75232,1.12,1.25
2016.12.13 14:41:17.384,0.75222,0.75232,1.87,1.54
2016.12.13 14:41:19.629,0.75224,0.75232,1.00,1.31
2016.12.13 14:41:19.933,0.75221,0.75229,1.12,1.00
2016.12.13 14:41:20.493,0.75222,0.7523,1.00,1.00
2016.12.13 14:41:21.563,0.75222,0.75232,1.00,4.69
2016.12.13 14:41:22.069,0.75222,0.7523,1.12,1.00
2016.12.13 14:41:23.039,0.7522,0.75229,1.12,1.00
2016.12.13 14:41:26.137,0.75221,0.75229,1.00,1.00
2016.12.13 14:41:26.678,0.7522,0.75228,1.00,1.00
2016.12.13 14:41:28.602,0.75221,0.75228,1.00,1.00
2016.12.13 14:41:30.227,0.7522,0.75228,3.37,1.00
2016.12.13 14:41:32.425,0.75221,0.75228,1.00,1.00
2016.12.13 14:41:33.817,0.75223,0.75231,1.00,3.37
2016.12.13 14:41:33.868,0.75223,0.75231,1.00,1.50
2016.12.13 14:41:34.369,0.75223,0.75231,1.87,1.50
2016.12.13 14:41:34.675,0.75222,0.75229,1.00,1.00
2016.12.13 14:41:35.236,0.75222,0.7523,1.00,1.00
2016.12.13 14:41:35.660,0.75226,0.75234,1.00,1.00
2016.12.13 14:41:35.966,0.75228,0.75236,1.12,1.50
2016.12.13 14:41:36.473,0.75229,0.75237,1.50,1.00
2016.12.13 14:41:36.777,0.75226,0.75235,3.56,1.00
2016.12.13 14:41:37.019,0.75228,0.75237,1.50,1.50
2016.12.13 14:41:37.526,0.75229,0.75238,1.00,1.00
2016.12.13 14:41:38.032,0.7523,0.75238,1.12,1.00
2016.12.13 14:41:38.898,0.75231,0.75238,1.00,1.00
2016.12.13 14:41:39.404,0.7523,0.75238,1.31,1.35
2016.12.13 14:41:40.427,0.7523,0.75238,1.12,1.60
2016.12.13 14:41:40.478,0.75229,0.75239,4.12,2.44
2016.12.13 14:41:40.985,0.7523,0.75239,2.81,1.00
2016.12.13 14:41:41.550,0.7523,0.75238,2.81,1.00
2016.12.13 14:41:42.058,0.75229,0.75237,1.37,1.35
2016.12.13 14:41:42.645,0.75229,0.75233,1.12,1.35
2016.12.13 14:41:42.746,0.75227,0.75232,1.00,1.00
2016.12.13 14:41:42.798,0.75224,0.75231,2.62,1.00
2016.12.13 14:41:43.709,0.75224,0.75232,1.00,1.12
2016.12.13 14:41:44.187,0.75225,0.75234,1.00,1.12
2016.12.13 14:41:44.694,0.75224,0.75234,3.75,1.12
2016.12.13 14:41:44.897,0.75226,0.75236,1.00,4.69
2016.12.13 14:41:44.947,0.75225,0.75236,4.12,3.19
2016.12.13 14:41:45.455,0.75226,0.75234,1.87,1.00
2016.12.13 14:41:46.736,0.75225,0.75234,1.00,1.12
2016.12.13 14:41:47.786,0.75225,0.75233,1.00,1.00
2016.12.13 14:41:48.191,0.75224,0.75235,3.37,1.50
2016.12.13 14:41:49.012,0.75225,0.75235,1.50,1.50
2016.12.13 14:41:52.289,0.75225,0.75234,1.00,1.00
2016.12.13 14:41:52.797,0.75225,0.75233,1.00,1.50
2016.12.13 14:41:52.949,0.75223,0.75231,3.56,1.00
2016.12.13 14:41:53.495,0.75221,0.75231,4.50,1.12
2016.12.13 14:41:54.001,0.75224,0.75231,1.00,1.12
2016.12.13 14:41:54.305,0.75222,0.75231,2.62,1.12
2016.12.13 14:41:54.820,0.75222,0.75232,1.87,1.69
2016.12.13 14:41:55.023,0.75224,0.7523,1.00,1.00
2016.12.13 14:41:55.124,0.75222,0.75229,1.87,1.00
2016.12.13 14:41:55.681,0.7522,0.75227,1.12,1.00
2016.12.13 14:41:56.211,0.75219,0.75228,1.00,1.37
2016.12.13 14:42:00.880,0.75218,0.75228,1.50,1.00
2016.12.13 14:42:01.471,0.75218,0.75227,1.50,1.00
2016.12.13 14:42:03.616,0.75218,0.75225,2.25,1.00
2016.12.13 14:42:03.871,0.7521,0.7522,5.44,2.25
2016.12.13 14:42:03.973,0.7521,0.75218,5.44,1.00
2016.12.13 14:42:04.175,0.75211,0.7522,1.00,3.00
2016.12.13 14:42:04.603,0.75211,0.75218,1.00,1.00
2016.12.13 14:42:05.718,0.75211,0.75217,1.00,1.00
2016.12.13 14:42:06.147,0.75209,0.75217,2.62,1.00
2016.12.13 14:42:06.654,0.7521,0.75217,1.50,1.00
2016.12.13 14:42:07.161,0.75208,0.75216,2.81,1.00
2016.12.13 14:42:07.415,0.75214,0.75218,1.00,1.12
2016.12.13 14:42:07.517,0.75214,0.75221,3.19,1.50
2016.12.13 14:42:12.601,0.75216,0.75223,3.00,1.50
2016.12.13 14:42:12.652,0.75218,0.75225,1.12,1.69
2016.12.13 14:42:13.170,0.75218,0.75225,2.62,1.25
2016.12.13 14:42:13.948,0.75219,0.75227,1.87,1.00
2016.12.13 14:42:14.000,0.75222,0.75229,1.00,1.50
2016.12.13 14:42:14.524,0.75221,0.75229,1.87,1.00
2016.12.13 14:42:15.082,0.75222,0.7523,1.00,2.25
2016.12.13 14:42:16.768,0.75223,0.7523,1.00,1.00
2016.12.13 14:42:17.275,0.75223,0.75231,1.00,1.12
2016.12.13 14:42:17.784,0.75222,0.75231,1.12,1.12
2016.12.13 14:42:18.291,0.75221,0.7523,2.62,1.00
2016.12.13 14:42:19.124,0.75221,0.75228,1.12,1.00
2016.12.13 14:42:19.550,0.75218,0.75227,5.81,1.50
2016.12.13 14:42:19.601,0.75218,0.75225,2.81,1.00
2016.12.13 14:42:20.057,0.75219,0.75227,1.00,1.87
2016.12.13 14:42:20.260,0.75218,0.75225,3.56,1.00
2016.12.13 14:42:20.765,0.75218,0.75224,1.25,1.00
2016.12.13 14:42:21.299,0.75218,0.75225,1.69,1.00
2016.12.13 14:42:21.603,0.75219,0.75225,1.87,1.00
2016.12.13 14:42:22.365,0.75219,0.75227,1.37,1.00
2016.12.13 14:42:22.915,0.75218,0.75226,1.69,1.00
2016.12.13 14:42:23.624,0.75218,0.75226,1.31,1.00
2016.12.13 14:42:24.657,0.75218,0.75223,1.31,1.00
2016.12.13 14:42:24.911,0.75215,0.75224,3.00,3.00
2016.12.13 14:42:25.063,0.75217,0.75225,1.00,1.50
2016.12.13 14:42:25.419,0.75222,0.75228,1.00,1.00
2016.12.13 14:42:25.824,0.7522,0.75227,1.12,1.00
2016.12.13 14:42:26.685,0.7522,0.75228,2.62,1.00
2016.12.13 14:42:26.894,0.75219,0.75228,1.50,2.25
2016.12.13 14:42:27.152,0.75219,0.75226,1.00,1.00
2016.12.13 14:42:27.407,0.75213,0.75222,3.19,1.00
2016.12.13 14:42:28.268,0.75213,0.75222,1.00,1.12
2016.12.13 14:42:29.178,0.75212,0.7522,4.31,1.00
2016.12.13 14:42:30.921,0.75212,0.75219,1.00,1.50
2016.12.13 14:42:34.996,0.75214,0.75219,1.00,1.00
2016.12.13 14:42:35.402,0.75214,0.75221,1.00,1.00
2016.12.13 14:42:35.453,0.75219,0.75223,1.00,2.25
2016.12.13 14:42:35.506,0.75218,0.75224,1.87,2.25
2016.12.13 14:42:36.266,0.75218,0.75224,1.50,1.00
2016.12.13 14:42:36.367,0.75218,0.75224,1.87,1.00
2016.12.13 14:42:36.857,0.75217,0.75223,1.37,1.50
2016.12.13 14:42:36.908,0.75217,0.75222,1.37,1.50
2016.12.13 14:42:37.010,0.75216,0.75222,1.87,1.50
2016.12.13 14:42:37.162,0.75216,0.75221,1.00,1.00
2016.12.13 14:42:37.466,0.75214,0.75221,1.12,1.50
2016.12.13 14:42:38.004,0.75216,0.75222,1.00,1.87
2016.12.13 14:42:38.512,0.75213,0.75221,1.37,1.00
2016.12.13 14:42:39.035,0.75213,0.7522,1.12,1.00
2016.12.13 14:42:40.428,0.75216,0.75222,1.00,1.12
2016.12.13 14:42:40.962,0.75215,0.75223,1.00,2.25
2016.12.13 14:42:41.165,0.75213,0.75222,1.50,1.50
2016.12.13 14:42:41.318,0.75216,0.75223,1.00,1.12
2016.12.13 14:42:41.777,0.75217,0.75225,1.50,1.00
2016.12.13 14:42:42.294,0.75219,0.75225,3.00,1.00
2016.12.13 14:42:42.801,0.75218,0.75226,4.50,2.25
2016.12.13 14:42:43.308,0.75219,0.75225,1.12,1.00
2016.12.13 14:42:43.836,0.75219,0.75225,1.87,1.00
2016.12.13 14:42:44.343,0.75219,0.75226,1.87,1.50
2016.12.13 14:42:45.160,0.75219,0.75226,1.12,1.00
2016.12.13 14:42:48.136,0.75218,0.75226,1.50,1.00
2016.12.13 14:42:49.007,0.75218,0.75225,1.50,1.00
2016.12.13 14:42:49.614,0.75217,0.75225,4.12,1.00
2016.12.13 14:42:51.428,0.75219,0.75226,1.50,1.00
2016.12.13 14:42:51.985,0.75219,0.75225,2.25,1.00
2016.12.13 14:42:52.521,0.75219,0.75226,3.00,1.00
2016.12.13 14:42:53.069,0.75219,0.75225,1.00,1.00
2016.12.13 14:42:53.576,0.75218,0.75225,2.25,1.00
2016.12.13 14:42:54.104,0.75217,0.75223,1.12,1.00
2016.12.13 14:42:54.309,0.75214,0.75223,1.00,1.87
2016.12.13 14:42:54.816,0.75216,0.75223,1.00,1.12
2016.12.13 14:42:55.223,0.75215,0.75221,1.00,1.00
2016.12.13 14:42:55.274,0.75213,0.75221,1.50,1.00
2016.12.13 14:42:56.388,0.75213,0.7522,1.00,1.00
2016.12.13 14:42:56.932,0.75212,0.7522,1.00,1.00
2016.12.13 14:42:57.591,0.75213,0.7522,1.00,1.00
2016.12.13 14:42:58.121,0.75212,0.7522,1.00,1.00
2016.12.13 14:42:58.466,0.75214,0.75221,1.00,2.25
2016.12.13 14:42:58.721,0.75216,0.75224,1.25,2.25
2016.12.13 14:42:58.823,0.75214,0.75223,5.25,1.00
2016.12.13 14:42:59.329,0.75214,0.75222,1.87,1.50
2016.12.13 14:42:59.879,0.75213,0.75222,1.12,1.00
2016.12.13 14:43:00.334,0.75212,0.7522,2.25,1.00
2016.12.13 14:43:00.689,0.75211,0.75218,3.00,1.00
2016.12.13 14:43:01.408,0.7521,0.75218,4.69,1.00
2016.12.13 14:43:01.763,0.7521,0.7522,2.81,1.12
2016.12.13 14:43:02.635,0.75211,0.7522,1.00,1.12
2016.12.13 14:43:03.142,0.7521,0.75219,3.19,1.00
2016.12.13 14:43:03.771,0.75211,0.75219,1.00,1.00
2016.12.13 14:43:04.281,0.75211,0.75218,1.00,1.00
2016.12.13 14:43:04.789,0.7521,0.75217,2.81,1.50
2016.12.13 14:43:05.295,0.7521,0.75217,1.69,1.50
2016.12.13 14:43:05.914,0.7521,0.75216,1.00,1.50
2016.12.13 14:43:05.966,0.7521,0.75214,1.00,1.50
2016.12.13 14:43:06.017,0.75208,0.75214,1.00,1.50
2016.12.13 14:43:06.170,0.75206,0.75212,1.50,2.25
2016.12.13 14:43:06.271,0.75204,0.75211,1.00,2.25
2016.12.13 14:43:06.980,0.75203,0.75211,3.00,1.50
2016.12.13 14:43:07.492,0.75203,0.7521,1.00,1.00
2016.12.13 14:43:07.998,0.75202,0.7521,1.69,1.00
2016.12.13 14:43:09.124,0.75202,0.75211,2.44,3.37
2016.12.13 14:43:09.630,0.75202,0.7521,1.69,2.25
2016.12.13 14:43:10.288,0.75203,0.7521,1.00,2.25
2016.12.13 14:43:10.895,0.75202,0.7521,1.25,2.25
2016.12.13 14:43:11.502,0.75202,0.75208,1.25,1.00
2016.12.13 14:43:11.807,0.75194,0.75198,1.00,1.00
2016.12.13 14:43:12.010,0.75191,0.75198,1.69,1.00
2016.12.13 14:43:12.668,0.75191,0.75197,1.69,1.00
2016.12.13 14:43:13.272,0.75193,0.75199,3.00,1.87
2016.12.13 14:43:13.526,0.75195,0.75202,1.12,1.87
2016.12.13 14:43:13.982,0.75193,0.75201,2.06,1.12
2016.12.13 14:43:14.180,0.75192,0.75199,1.50,1.50
2016.12.13 14:43:14.484,0.75194,0.75201,1.00,2.81
2016.12.13 14:43:14.940,0.75193,0.75199,1.00,1.00
2016.12.13 14:43:15.245,0.75192,0.75198,1.00,1.50
2016.12.13 14:43:15.296,0.75192,0.75199,1.00,1.00
2016.12.13 14:43:17.599,0.7519,0.75199,2.81,1.00
2016.12.13 14:43:18.730,0.75191,0.75199,1.00,1.00
2016.12.13 14:43:19.029,0.75193,0.75199,1.00,1.00
2016.12.13 14:43:19.537,0.75193,0.752,1.00,1.00
2016.12.13 14:43:19.841,0.75198,0.75203,1.00,1.00
2016.12.13 14:43:20.327,0.75196,0.75202,1.00,1.00
2016.12.13 14:43:20.631,0.75194,0.752,1.25,1.00
2016.12.13 14:43:21.701,0.75195,0.752,1.00,1.00
2016.12.13 14:43:21.855,0.75196,0.75203,4.50,1.12
2016.12.13 14:43:22.109,0.75198,0.75203,1.00,1.00
2016.12.13 14:43:22.414,0.752,0.75204,1.00,1.00
2016.12.13 14:43:22.950,0.75199,0.75204,1.12,1.00
2016.12.13 14:43:23.559,0.752,0.75205,1.00,1.00
2016.12.13 14:43:23.864,0.75202,0.75206,1.00,1.00
2016.12.13 14:43:23.915,0.75202,0.75207,1.00,1.50
2016.12.13 14:43:24.429,0.75201,0.75207,1.87,1.00
2016.12.13 14:43:24.632,0.75206,0.7521,1.00,2.25
2016.12.13 14:43:24.683,0.75205,0.75212,1.87,1.00
2016.12.13 14:43:24.734,0.75207,0.75213,1.00,1.00
2016.12.13 14:43:25.039,0.75209,0.75213,1.00,1.00
2016.12.13 14:43:25.662,0.7521,0.75214,1.00,1.00
2016.12.13 14:43:25.763,0.75211,0.75217,1.00,1.00
2016.12.13 14:43:27.253,0.75212,0.75217,1.00,1.00
2016.12.13 14:43:27.456,0.7521,0.75217,1.87,2.25
2016.12.13 14:43:27.659,0.75209,0.75214,1.87,1.00
2016.12.13 14:43:28.013,0.75209,0.75217,1.87,1.50
2016.12.13 14:43:28.216,0.75209,0.75215,1.12,1.00
2016.12.13 14:43:28.610,0.75212,0.75217,1.00,1.00
2016.12.13 14:43:28.662,0.75212,0.75219,1.00,1.00
2016.12.13 14:43:31.047,0.75214,0.75219,1.00,1.00
2016.12.13 14:43:31.512,0.75213,0.75221,1.50,1.50
2016.12.13 14:43:32.530,0.75213,0.7522,1.00,1.00
2016.12.13 14:43:33.070,0.75213,0.75221,1.50,3.00
2016.12.13 14:43:33.576,0.75212,0.75221,1.69,1.87
2016.12.13 14:43:34.952,0.75212,0.75219,1.69,1.00
2016.12.13 14:43:35.459,0.75212,0.7522,1.69,1.00
2016.12.13 14:43:36.478,0.75212,0.75218,1.69,1.00
2016.12.13 14:43:36.580,0.75209,0.75218,3.75,1.50
2016.12.13 14:43:37.101,0.75209,0.75218,3.37,2.62
2016.12.13 14:43:40.675,0.75211,0.75216,1.12,1.00
2016.12.13 14:43:40.777,0.75211,0.75218,1.12,1.50
2016.12.13 14:43:42.570,0.75209,0.75218,1.12,1.50
2016.12.13 14:43:42.978,0.75211,0.75218,1.00,1.00
2016.12.13 14:43:43.284,0.7521,0.75215,1.00,1.00
2016.12.13 14:43:43.386,0.75208,0.75214,1.00,1.00
2016.12.13 14:43:43.893,0.75209,0.75214,1.00,1.00
2016.12.13 14:43:45.164,0.75211,0.75215,1.00,1.00
2016.12.13 14:43:45.215,0.75211,0.75216,1.00,1.00
2016.12.13 14:43:45.266,0.7521,0.75214,1.00,1.00
2016.12.13 14:43:45.414,0.75211,0.75216,1.00,1.00
2016.12.13 14:43:46.289,0.75209,0.75216,1.00,1.00
2016.12.13 14:43:47.869,0.75207,0.75213,3.19,1.00
2016.12.13 14:43:48.072,0.75203,0.7521,1.00,1.00
2016.12.13 14:43:48.123,0.75203,0.75208,1.00,1.00
2016.12.13 14:43:48.428,0.75202,0.75206,1.00,1.00
2016.12.13 14:43:48.617,0.75201,0.75206,1.69,1.00
2016.12.13 14:43:50.085,0.75201,0.75207,1.00,1.50
2016.12.13 14:43:50.591,0.75201,0.75206,1.00,1.00
2016.12.13 14:43:51.570,0.75203,0.75207,1.00,1.50
2016.12.13 14:43:52.086,0.75203,0.75207,1.00,1.00
2016.12.13 14:43:52.137,0.75201,0.75206,1.00,1.00
2016.12.13 14:43:52.690,0.752,0.75206,1.00,1.00
2016.12.13 14:43:52.793,0.75201,0.75208,1.00,1.87
2016.12.13 14:43:53.200,0.75204,0.75209,1.00,1.69
2016.12.13 14:43:54.577,0.75205,0.7521,1.00,2.62
2016.12.13 14:43:54.779,0.75203,0.75211,1.00,4.69
2016.12.13 14:43:55.084,0.75202,0.75208,1.00,1.00
2016.12.13 14:43:55.399,0.752,0.75206,1.00,1.12
2016.12.13 14:43:55.703,0.75202,0.75207,1.00,1.50
2016.12.13 14:43:57.432,0.75202,0.75207,1.00,1.87
2016.12.13 14:43:57.939,0.75201,0.75207,1.00,1.50
2016.12.13 14:43:59.199,0.75202,0.75207,1.00,1.50
2016.12.13 14:44:00.824,0.75204,0.75208,1.00,2.62
2016.12.13 14:44:00.926,0.75202,0.75208,1.00,1.12
2016.12.13 14:44:01.461,0.75202,0.75207,1.00,1.00
2016.12.13 14:44:01.970,0.75201,0.75208,1.00,2.25
2016.12.13 14:44:02.477,0.75202,0.75207,1.00,1.00
2016.12.13 14:44:02.887,0.752,0.75208,1.00,1.00
2016.12.13 14:44:03.394,0.752,0.75207,1.00,1.00
2016.12.13 14:44:03.910,0.752,0.75206,1.00,2.25
2016.12.13 14:44:04.376,0.75199,0.75205,1.00,1.87
2016.12.13 14:44:04.630,0.75191,0.75198,1.00,1.12
2016.12.13 14:44:04.783,0.75191,0.75198,1.00,2.25
2016.12.13 14:44:05.138,0.75189,0.75197,1.00,1.69
2016.12.13 14:44:05.494,0.75191,0.75197,1.00,1.69
2016.12.13 14:44:06.010,0.75192,0.75197,1.00,1.25
2016.12.13 14:44:06.162,0.75192,0.75199,1.00,1.87
2016.12.13 14:44:06.669,0.75191,0.75197,1.00,1.00
2016.12.13 14:44:07.175,0.7519,0.75197,1.00,1.00
2016.12.13 14:44:07.887,0.7519,0.75198,1.00,3.19
2016.12.13 14:44:08.395,0.75189,0.75198,1.00,3.19
2016.12.13 14:44:08.967,0.75189,0.75197,1.00,1.00
2016.12.13 14:44:09.473,0.75188,0.75197,3.00,1.00
2016.12.13 14:44:10.489,0.75189,0.75197,1.00,1.50
2016.12.13 14:44:11.222,0.7519,0.75197,1.00,1.12
2016.12.13 14:44:12.214,0.75189,0.75197,1.00,2.25
2016.12.13 14:44:12.519,0.75189,0.75195,1.00,1.12
2016.12.13 14:44:12.876,0.75188,0.75194,1.00,2.62
2016.12.13 14:44:12.927,0.75185,0.75191,1.00,1.12
2016.12.13 14:44:13.263,0.75184,0.75189,1.00,1.00
2016.12.13 14:44:13.315,0.75182,0.75189,1.00,1.00
2016.12.13 14:44:13.926,0.75183,0.75189,1.00,1.00
2016.12.13 14:44:15.238,0.75182,0.75189,1.00,1.00
2016.12.13 14:44:15.289,0.75186,0.75191,1.00,1.37
2016.12.13 14:44:15.392,0.75187,0.75194,1.50,1.00
2016.12.13 14:44:15.494,0.75188,0.75196,1.25,1.50
2016.12.13 14:44:15.748,0.7519,0.75197,1.00,2.25
2016.12.13 14:44:17.137,0.75188,0.75197,2.44,2.25
2016.12.13 14:44:18.035,0.75188,0.75196,2.44,1.00
2016.12.13 14:44:18.340,0.75188,0.75193,1.25,1.00
2016.12.13 14:44:18.391,0.75188,0.75196,1.25,1.12
2016.12.13 14:44:19.050,0.75189,0.75196,1.00,1.00
2016.12.13 14:44:19.457,0.75188,0.75193,1.25,1.00
2016.12.13 14:44:19.661,0.75189,0.75196,1.00,1.12
2016.12.13 14:44:21.525,0.75188,0.75196,1.69,1.00
2016.12.13 14:44:21.678,0.75187,0.75193,1.00,1.50
2016.12.13 14:44:21.729,0.75184,0.75192,1.00,1.12
2016.12.13 14:44:22.237,0.75184,0.75191,1.00,1.00
2016.12.13 14:44:24.395,0.75187,0.75192,1.00,1.12
2016.12.13 14:44:24.448,0.75188,0.75195,1.00,2.62
2016.12.13 14:44:24.954,0.75188,0.75196,1.00,1.50
2016.12.13 14:44:26.429,0.75188,0.75195,1.00,1.00
2016.12.13 14:44:26.481,0.75186,0.75193,1.12,1.00
2016.12.13 14:44:26.989,0.75187,0.75192,1.12,1.00
2016.12.13 14:44:27.040,0.75187,0.75194,2.25,1.50
2016.12.13 14:44:27.937,0.75187,0.75192,1.00,1.00
2016.12.13 14:44:28.241,0.75182,0.75189,1.00,1.00
2016.12.13 14:44:28.853,0.75183,0.75189,1.00,1.00
2016.12.13 14:44:29.528,0.75185,0.75191,1.00,1.00
2016.12.13 14:44:29.833,0.75188,0.75194,1.00,1.00
2016.12.13 14:44:30.136,0.75188,0.75197,1.50,1.69
2016.12.13 14:44:30.587,0.75191,0.75197,1.00,2.44
2016.12.13 14:44:31.094,0.75191,0.75196,1.00,1.00
2016.12.13 14:44:31.806,0.75191,0.75197,1.00,1.00
2016.12.13 14:44:32.313,0.7519,0.75196,1.00,1.00
2016.12.13 14:44:32.719,0.7519,0.75198,1.00,2.62
2016.12.13 14:44:32.872,0.75192,0.75198,1.00,1.00
2016.12.13 14:44:33.375,0.75192,0.75199,1.00,1.00
2016.12.13 14:44:33.883,0.7519,0.75199,3.37,1.00
2016.12.13 14:44:34.424,0.7519,0.75199,2.62,1.50
2016.12.13 14:44:35.135,0.7519,0.75198,1.87,1.00
2016.12.13 14:44:35.440,0.7519,0.75196,1.12,1.00
2016.12.13 14:44:35.794,0.75188,0.75193,1.12,1.00
2016.12.13 14:44:36.121,0.75183,0.75191,2.25,1.00
2016.12.13 14:44:36.629,0.75184,0.75191,1.12,1.00
2016.12.13 14:44:37.139,0.75184,0.7519,1.00,1.00
2016.12.13 14:44:37.368,0.75185,0.75192,1.00,2.06
2016.12.13 14:44:37.875,0.75185,0.7519,1.00,1.00
2016.12.13 14:44:38.382,0.75184,0.7519,1.50,1.00
2016.12.13 14:44:38.837,0.75187,0.75191,1.00,1.00
2016.12.13 14:44:39.011,0.75187,0.75196,4.12,2.06
2016.12.13 14:44:39.519,0.75188,0.75196,1.00,1.25
2016.12.13 14:44:39.925,0.7519,0.75197,1.00,1.50
2016.12.13 14:44:41.392,0.75192,0.75197,1.12,1.50
2016.12.13 14:44:41.545,0.75193,0.75203,4.12,1.75
2016.12.13 14:44:41.596,0.75195,0.75203,1.00,1.37
2016.12.13 14:44:41.900,0.75195,0.75202,1.87,1.00
2016.12.13 14:44:42.196,0.75195,0.75204,3.37,2.62
2016.12.13 14:44:42.247,0.75197,0.75201,1.00,1.00
2016.12.13 14:44:42.298,0.75197,0.75203,1.00,1.00
2016.12.13 14:44:42.349,0.75197,0.75201,1.00,1.00
2016.12.13 14:44:42.452,0.75193,0.75199,1.37,1.00
2016.12.13 14:44:42.503,0.75192,0.75199,1.50,1.50
2016.12.13 14:44:43.314,0.75193,0.752,1.00,1.00
2016.12.13 14:44:44.277,0.75192,0.752,1.12,1.50
2016.12.13 14:44:45.360,0.75193,0.752,1.00,1.50
2016.12.13 14:44:45.917,0.75193,0.75199,1.00,1.00
2016.12.13 14:44:46.172,0.7519,0.75199,2.06,1.00
2016.12.13 14:44:46.707,0.7519,0.75198,1.31,1.00
2016.12.13 14:44:47.824,0.75188,0.75192,4.87,1.00
2016.12.13 14:44:48.044,0.75185,0.75192,1.62,1.50
2016.12.13 14:44:48.095,0.75183,0.75192,1.87,2.81
2016.12.13 14:44:48.606,0.75184,0.75191,1.12,1.00
2016.12.13 14:44:49.293,0.75185,0.75191,1.00,1.00
2016.12.13 14:44:49.803,0.75183,0.75191,1.87,1.00
2016.12.13 14:44:51.691,0.75182,0.75191,5.62,1.69
2016.12.13 14:44:52.201,0.75182,0.75189,1.50,1.00
2016.12.13 14:44:53.366,0.75181,0.75189,1.12,1.00
2016.12.13 14:44:53.792,0.7518,0.75187,2.06,1.00
2016.12.13 14:44:54.518,0.75179,0.75187,1.87,1.00
2016.12.13 14:44:56.167,0.75177,0.75185,2.62,1.00
2016.12.13 14:44:56.676,0.75178,0.75186,1.87,1.25
2016.12.13 14:44:56.981,0.7518,0.75186,1.00,1.25
2016.12.13 14:44:57.340,0.7518,0.75188,1.00,1.00
2016.12.13 14:44:57.695,0.75182,0.75189,1.00,1.69
2016.12.13 14:44:58.887,0.7518,0.75189,2.62,1.25
2016.12.13 14:44:59.852,0.75182,0.75189,1.00,1.25
2016.12.13 14:45:01.016,0.75181,0.75189,2.62,1.69
2016.12.13 14:45:02.592,0.75181,0.75189,1.87,1.25
2016.12.13 14:45:02.896,0.75181,0.75189,1.12,1.25
2016.12.13 14:45:03.404,0.75181,0.75189,2.62,1.25
2016.12.13 14:45:04.102,0.75181,0.75187,1.37,1.00
2016.12.13 14:45:04.304,0.7518,0.75187,1.12,1.00
2016.12.13 14:45:04.457,0.7518,0.75189,1.87,1.69
2016.12.13 14:45:04.965,0.75181,0.75189,1.00,1.25
2016.12.13 14:45:06.461,0.75183,0.75189,1.00,1.25
2016.12.13 14:45:07.018,0.75182,0.75189,1.00,1.25
2016.12.13 14:45:07.536,0.75181,0.75189,1.00,2.44
2016.12.13 14:45:09.095,0.75179,0.75189,2.62,1.69
2016.12.13 14:45:09.500,0.75179,0.75189,1.50,4.69
2016.12.13 14:45:10.264,0.75177,0.75186,3.75,1.25
2016.12.13 14:45:10.417,0.75175,0.75185,1.00,4.12
2016.12.13 14:45:10.469,0.75174,0.75183,2.62,1.37
2016.12.13 14:45:10.977,0.75173,0.75181,1.87,1.00
2016.12.13 14:45:12.712,0.75174,0.75181,1.00,1.00
2016.12.13 14:45:13.910,0.75173,0.75181,1.12,1.00
2016.12.13 14:45:14.254,0.75178,0.75185,1.12,1.25
2016.12.13 14:45:14.659,0.75176,0.75183,3.37,1.00
2016.12.13 14:45:14.711,0.75176,0.75183,1.12,1.00
2016.12.13 14:45:15.230,0.75175,0.75182,1.00,1.00
2016.12.13 14:45:17.448,0.75173,0.7518,1.12,1.00
2016.12.13 14:45:17.935,0.75175,0.75181,1.00,1.69
2016.12.13 14:45:18.523,0.75174,0.75181,1.12,1.69
2016.12.13 14:45:19.031,0.75174,0.7518,1.00,1.00
2016.12.13 14:45:19.237,0.75177,0.75185,1.00,3.19
2016.12.13 14:45:19.643,0.75176,0.75182,1.12,1.50
2016.12.13 14:45:19.694,0.75174,0.75181,4.50,1.12
2016.12.13 14:45:19.928,0.75172,0.75179,5.25,1.00
2016.12.13 14:45:20.333,0.75172,0.75181,4.50,1.87
2016.12.13 14:45:20.839,0.75172,0.7518,1.50,1.00
2016.12.13 14:45:21.042,0.7517,0.75179,1.50,1.00
2016.12.13 14:45:21.412,0.75171,0.75179,1.37,1.00
2016.12.13 14:45:22.736,0.75171,0.7518,2.62,1.00
2016.12.13 14:45:23.040,0.7517,0.7518,1.12,3.00
2016.12.13 14:45:23.244,0.7517,0.75178,1.12,1.87
2016.12.13 14:45:23.903,0.75171,0.75178,1.00,1.87
2016.12.13 14:45:24.430,0.7517,0.75178,2.25,1.87
2016.12.13 14:45:24.735,0.75168,0.75178,2.25,3.37
2016.12.13 14:45:25.347,0.7517,0.75178,1.00,5.25
2016.12.13 14:45:29.901,0.75169,0.75177,1.00,1.12
2016.12.13 14:45:30.458,0.75168,0.75177,3.37,1.12
2016.12.13 14:45:30.980,0.75167,0.75177,3.19,1.00
2016.12.13 14:45:31.789,0.75169,0.75178,1.00,4.12
2016.12.13 14:45:32.314,0.75168,0.75178,1.00,5.25
2016.12.13 14:45:32.823,0.75167,0.75177,2.81,1.50
2016.12.13 14:45:33.127,0.75164,0.75172,1.12,1.87
2016.12.13 14:45:33.682,0.75163,0.75173,3.19,4.50
2016.12.13 14:45:33.985,0.75165,0.75173,1.00,3.37
2016.12.13 14:45:34.492,0.75164,0.75172,1.12,1.00
2016.12.13 14:45:35.381,0.75168,0.75172,1.00,1.00
2016.12.13 14:45:35.483,0.75168,0.75175,1.69,1.00
2016.12.13 14:45:35.585,0.75168,0.75177,2.06,1.00
2016.12.13 14:45:36.092,0.75169,0.75178,1.00,1.12
2016.12.13 14:45:36.460,0.75168,0.75177,1.69,3.75
2016.12.13 14:45:36.513,0.75165,0.75175,3.37,1.37
2016.12.13 14:45:36.615,0.75165,0.75172,1.00,1.00
2016.12.13 14:45:37.126,0.75164,0.75172,1.50,1.00
2016.12.13 14:45:37.735,0.75163,0.75173,1.69,1.50
2016.12.13 14:45:38.247,0.75163,0.75173,2.44,1.50
2016.12.13 14:45:40.542,0.75168,0.75174,1.00,1.87
2016.12.13 14:45:40.644,0.75169,0.75174,1.00,1.00
2016.12.13 14:45:40.695,0.75169,0.75177,1.00,2.25
2016.12.13 14:45:41.196,0.75169,0.75177,1.00,1.50
2016.12.13 14:45:41.712,0.75168,0.75177,1.69,1.00
2016.12.13 14:45:41.865,0.75168,0.75179,1.69,3.94
2016.12.13 14:45:42.321,0.75168,0.75177,1.69,1.00
2016.12.13 14:45:44.809,0.75168,0.75176,1.00,1.00
2016.12.13 14:45:45.315,0.75167,0.75176,5.25,1.00
2016.12.13 14:45:46.035,0.75167,0.75177,1.50,1.12
2016.12.13 14:45:47.065,0.75167,0.75176,1.87,1.12
2016.12.13 14:45:47.369,0.7517,0.75178,1.50,2.62
2016.12.13 14:45:47.674,0.75172,0.75178,1.50,1.12
2016.12.13 14:45:47.980,0.75178,0.75184,1.00,1.12
2016.12.13 14:45:48.298,0.75178,0.75186,1.00,4.12
2016.12.13 14:45:48.815,0.75178,0.75185,1.00,1.87
2016.12.13 14:45:51.478,0.75176,0.75181,1.87,1.00
2016.12.13 14:45:51.626,0.75174,0.75181,1.12,2.25
2016.12.13 14:45:51.778,0.7517,0.75179,4.87,1.00
2016.12.13 14:45:51.830,0.7517,0.7518,2.25,1.00
2016.12.13 14:45:52.337,0.75171,0.7518,1.87,1.00
2016.12.13 14:45:52.844,0.75171,0.7518,1.00,2.25
2016.12.13 14:45:53.257,0.75169,0.75177,2.62,1.00
2016.12.13 14:45:53.409,0.75167,0.75176,5.81,1.00
2016.12.13 14:45:53.460,0.75168,0.75174,1.12,1.00
2016.12.13 14:45:53.612,0.75166,0.75174,3.00,1.00
2016.12.13 14:45:53.770,0.75166,0.75172,1.00,1.00
2016.12.13 14:45:53.922,0.75167,0.75176,1.50,3.56
2016.12.13 14:45:54.317,0.75165,0.75173,2.25,1.00
2016.12.13 14:45:54.470,0.75167,0.75173,1.00,1.00
2016.12.13 14:45:54.571,0.75167,0.75175,1.00,2.62
2016.12.13 14:45:55.077,0.75167,0.75177,1.50,6.56
2016.12.13 14:45:55.690,0.75167,0.75175,1.87,1.00
2016.12.13 14:45:55.792,0.75166,0.75172,1.69,1.00
2016.12.13 14:45:55.843,0.75164,0.75172,1.87,1.00
2016.12.13 14:45:55.995,0.75162,0.75171,2.81,2.25
2016.12.13 14:45:56.504,0.75164,0.75172,1.00,1.50
2016.12.13 14:45:57.183,0.75165,0.75172,1.00,1.00
2016.12.13 14:45:57.487,0.75168,0.75175,1.00,1.00
2016.12.13 14:45:57.943,0.75166,0.75174,1.50,1.87
2016.12.13 14:45:58.472,0.75166,0.75173,1.00,1.12
2016.12.13 14:45:58.982,0.75165,0.75173,1.31,1.12
2016.12.13 14:45:59.337,0.75163,0.75171,1.50,1.00
2016.12.13 14:45:59.872,0.75162,0.75171,1.69,1.00
2016.12.13 14:46:00.215,0.75167,0.75175,3.75,2.81
2016.12.13 14:46:00.519,0.75168,0.75175,2.25,1.00
2016.12.13 14:46:00.621,0.75168,0.75177,1.50,1.12
2016.12.13 14:46:01.127,0.75168,0.75176,2.25,1.00
2016.12.13 14:46:02.257,0.75169,0.75177,1.50,1.50
2016.12.13 14:46:03.133,0.75169,0.75178,1.00,2.81
2016.12.13 14:46:05.691,0.75169,0.75177,1.50,1.00
2016.12.13 14:46:06.273,0.75168,0.75178,3.00,1.69
2016.12.13 14:46:07.133,0.75168,0.75177,1.50,1.00
2016.12.13 14:46:07.669,0.75168,0.75176,2.25,1.00
2016.12.13 14:46:08.232,0.75166,0.75176,3.19,1.87
2016.12.13 14:46:08.334,0.75166,0.75174,2.06,1.50
2016.12.13 14:46:08.689,0.75166,0.75176,4.69,1.00
2016.12.13 14:46:08.740,0.75166,0.75176,5.44,1.00
2016.12.13 14:46:09.838,0.75168,0.75177,1.12,1.50
2016.12.13 14:46:10.294,0.75168,0.75175,2.25,1.00
2016.12.13 14:46:10.758,0.75167,0.75177,1.12,1.12
2016.12.13 14:46:12.244,0.75168,0.75177,1.00,2.25
2016.12.13 14:46:12.800,0.75168,0.75176,3.00,1.00
2016.12.13 14:46:13.284,0.7517,0.75178,1.00,1.87
2016.12.13 14:46:13.821,0.75169,0.75177,2.25,1.00
2016.12.13 14:46:14.433,0.7517,0.75178,1.00,1.00
2016.12.13 14:46:14.804,0.75168,0.75178,8.06,1.50
2016.12.13 14:46:15.393,0.75169,0.75178,1.00,1.87
2016.12.13 14:46:16.101,0.75169,0.75177,1.00,1.00
2016.12.13 14:46:16.152,0.75168,0.75172,4.12,1.00
2016.12.13 14:46:16.376,0.75162,0.75169,2.81,1.87
2016.12.13 14:46:16.427,0.75162,0.75171,1.31,1.00
2016.12.13 14:46:16.529,0.75165,0.75172,1.50,1.37
2016.12.13 14:46:16.682,0.75166,0.75174,1.69,1.50
2016.12.13 14:46:16.733,0.75166,0.75175,1.69,3.37
2016.12.13 14:46:17.243,0.75167,0.75176,3.37,1.00
2016.12.13 14:46:17.364,0.75166,0.75174,1.31,1.50
2016.12.13 14:46:17.681,0.75162,0.7517,6.19,1.00
2016.12.13 14:46:18.189,0.75162,0.75169,1.31,1.00
2016.12.13 14:46:18.682,0.75159,0.75167,7.31,1.00
2016.12.13 14:46:19.006,0.75162,0.7517,1.31,1.37
2016.12.13 14:46:19.108,0.75162,0.75171,1.31,1.50
2016.12.13 14:46:19.615,0.75162,0.7517,1.62,1.00
2016.12.13 14:46:20.121,0.75162,0.7517,1.25,1.00
2016.12.13 14:46:20.633,0.7516,0.75168,3.00,1.00
2016.12.13 14:46:21.509,0.7516,0.75167,1.50,1.00
2016.12.13 14:46:21.613,0.75159,0.75167,3.37,1.00
2016.12.13 14:46:22.136,0.75158,0.75166,3.00,1.00
2016.12.13 14:46:22.642,0.75159,0.75167,1.12,1.12
2016.12.13 14:46:22.693,0.75159,0.75169,3.00,5.25
2016.12.13 14:46:22.744,0.75163,0.7517,1.00,3.00
2016.12.13 14:46:22.846,0.75163,0.75171,1.00,2.81
2016.12.13 14:46:23.187,0.75165,0.75171,1.25,1.00
2016.12.13 14:46:23.289,0.75163,0.7517,1.00,1.12
2016.12.13 14:46:23.340,0.75163,0.75172,1.00,1.12
2016.12.13 14:46:23.543,0.75161,0.7517,4.87,1.12
2016.12.13 14:46:24.050,0.75162,0.75171,2.25,1.12
2016.12.13 14:46:25.349,0.75161,0.75171,1.87,1.87
2016.12.13 14:46:25.868,0.7516,0.7517,2.62,3.75
2016.12.13 14:46:26.276,0.75162,0.7517,1.00,1.87
2016.12.13 14:46:27.958,0.75162,0.75169,1.00,1.00
2016.12.13 14:46:28.465,0.75162,0.7517,1.00,3.75
2016.12.13 14:46:28.973,0.75162,0.75169,1.00,1.12
2016.12.13 14:46:29.585,0.75162,0.7517,1.00,1.87
2016.12.13 14:46:29.989,0.7516,0.75169,3.00,1.00
2016.12.13 14:46:30.142,0.75164,0.7517,1.50,1.00
2016.12.13 14:46:30.294,0.75166,0.75174,1.00,1.69
2016.12.13 14:46:30.345,0.75167,0.75174,1.50,1.25
2016.12.13 14:46:30.667,0.75169,0.75176,1.37,1.00
2016.12.13 14:46:30.718,0.75169,0.75178,1.37,5.06
2016.12.13 14:46:32.085,0.7517,0.75179,1.87,3.00
2016.12.13 14:46:32.591,0.7517,0.75178,1.87,1.87
2016.12.13 14:46:34.071,0.75171,0.75179,1.00,2.25
2016.12.13 14:46:34.529,0.75174,0.75181,1.00,1.00
2016.12.13 14:46:35.173,0.75173,0.75181,1.00,3.00
2016.12.13 14:46:35.681,0.75174,0.75182,1.00,1.12
2016.12.13 14:46:36.188,0.75173,0.75181,1.69,1.50
2016.12.13 14:46:36.695,0.75173,0.75182,2.06,2.62
2016.12.13 14:46:37.008,0.75173,0.75178,1.25,1.50
2016.12.13 14:46:37.261,0.7517,0.75177,1.00,1.69
2016.12.13 14:46:40.106,0.75169,0.75177,1.12,3.56
2016.12.13 14:46:40.662,0.7517,0.75177,1.00,2.06
2016.12.13 14:46:41.173,0.75171,0.75177,1.00,1.31
2016.12.13 14:46:41.831,0.75172,0.75179,1.00,2.62
2016.12.13 14:46:41.932,0.75172,0.75179,1.00,1.00
2016.12.13 14:46:42.439,0.75173,0.75179,1.00,1.50
2016.12.13 14:46:42.623,0.75171,0.75178,1.00,1.37
2016.12.13 14:46:43.180,0.7517,0.75179,1.00,1.87
2016.12.13 14:46:43.636,0.75171,0.75179,1.00,1.50
2016.12.13 14:46:43.738,0.75173,0.75179,1.00,1.50
2016.12.13 14:46:44.345,0.75173,0.75178,1.00,1.00
2016.12.13 14:46:45.017,0.75173,0.75179,1.00,1.50
2016.12.13 14:46:45.220,0.75171,0.75179,1.00,2.25
2016.12.13 14:46:45.944,0.75171,0.75175,1.00,1.00
2016.12.13 14:46:46.045,0.75169,0.75176,1.12,1.50
2016.12.13 14:46:46.553,0.7517,0.75175,1.00,1.50
2016.12.13 14:46:47.129,0.7517,0.75176,1.00,1.50
2016.12.13 14:46:47.637,0.7517,0.75175,1.00,1.00
2016.12.13 14:46:48.144,0.7517,0.75176,1.00,1.50
2016.12.13 14:46:48.651,0.7517,0.75175,1.00,1.00
2016.12.13 14:46:48.917,0.75172,0.75176,1.00,1.50
2016.12.13 14:46:48.969,0.75172,0.75177,1.00,1.25
2016.12.13 14:46:49.930,0.75172,0.75178,1.00,1.00
2016.12.13 14:46:54.642,0.75171,0.75178,1.00,1.50
2016.12.13 14:46:56.526,0.7517,0.75178,1.00,1.50
2016.12.13 14:46:56.627,0.7517,0.75176,1.00,1.00
2016.12.13 14:46:56.729,0.75167,0.75175,1.87,1.50
2016.12.13 14:46:57.083,0.75166,0.75175,1.87,1.12
2016.12.13 14:46:57.185,0.75164,0.75174,4.50,1.50
2016.12.13 14:46:57.846,0.75165,0.75174,1.00,3.37
2016.12.13 14:46:58.454,0.75165,0.75174,2.25,3.00
2016.12.13 14:46:59.013,0.75165,0.75173,2.25,1.00
2016.12.13 14:46:59.525,0.75165,0.75175,1.00,11.81
2016.12.13 14:46:59.982,0.75164,0.75173,4.87,1.50
2016.12.13 14:47:00.286,0.75167,0.75174,1.00,1.00
2016.12.13 14:47:00.646,0.75165,0.75174,1.00,1.00
2016.12.13 14:47:01.253,0.75166,0.75174,1.00,1.00
2016.12.13 14:47:01.812,0.75164,0.75172,1.12,1.00
2016.12.13 14:47:02.117,0.75162,0.7517,3.19,1.00
2016.12.13 14:47:02.472,0.75162,0.7517,1.25,1.00
2016.12.13 14:47:02.574,0.7516,0.7517,1.50,1.00
2016.12.13 14:47:02.881,0.75163,0.75169,1.00,1.12
2016.12.13 14:47:03.387,0.75161,0.7517,1.50,4.87
2016.12.13 14:47:03.438,0.7516,0.7517,2.25,2.62
2016.12.13 14:47:03.490,0.75162,0.75169,1.00,1.12
2016.12.13 14:47:03.998,0.75161,0.75169,1.87,1.12
2016.12.13 14:47:04.344,0.75165,0.7517,1.12,1.50
2016.12.13 14:47:04.395,0.75165,0.75174,1.00,3.19
2016.12.13 14:47:04.901,0.75164,0.75174,1.50,4.31
2016.12.13 14:47:05.560,0.75163,0.75173,1.12,4.12
2016.12.13 14:47:06.066,0.75163,0.75172,1.00,1.50
2016.12.13 14:47:06.625,0.75162,0.75172,1.12,5.62
2016.12.13 14:47:06.980,0.75164,0.75171,1.00,1.87
2016.12.13 14:47:07.526,0.75164,0.75172,1.00,1.00
2016.12.13 14:47:08.843,0.75165,0.75173,1.50,3.75
2016.12.13 14:47:09.160,0.75168,0.75174,1.00,1.25
2016.12.13 14:47:09.261,0.75168,0.75176,1.00,1.12
2016.12.13 14:47:09.770,0.75168,0.75177,1.87,2.06
2016.12.13 14:47:10.074,0.75171,0.75177,1.00,1.31
2016.12.13 14:47:12.145,0.75171,0.75179,1.00,1.50
2016.12.13 14:47:14.053,0.75171,0.7518,1.00,2.62
2016.12.13 14:47:14.566,0.75169,0.7518,2.25,6.37
2016.12.13 14:47:15.208,0.75169,0.75179,1.50,1.00
2016.12.13 14:47:16.972,0.75169,0.75179,1.50,1.37
2016.12.13 14:47:19.152,0.75169,0.75177,2.25,1.00
2016.12.13 14:47:19.659,0.75169,0.75175,1.00,1.00
2016.12.13 14:47:19.862,0.75169,0.75177,1.00,2.06
2016.12.13 14:47:24.580,0.75171,0.75177,1.00,1.25
2016.12.13 14:47:30.748,0.75171,0.75179,1.00,6.37
2016.12.13 14:47:31.256,0.75171,0.7518,1.00,5.44
2016.12.13 14:47:33.680,0.7517,0.75179,1.50,1.87
2016.12.13 14:47:38.024,0.75171,0.75179,1.00,1.87
2016.12.13 14:47:38.278,0.75173,0.7518,1.00,1.25
2016.12.13 14:47:38.784,0.75172,0.7518,1.12,1.25
2016.12.13 14:47:39.465,0.75171,0.7518,1.00,1.25
2016.12.13 14:47:39.769,0.75173,0.7518,1.00,1.25
2016.12.13 14:47:40.287,0.75174,0.7518,1.00,1.25
2016.12.13 14:47:40.615,0.75178,0.75186,1.00,1.62
2016.12.13 14:47:41.122,0.75177,0.75186,1.12,4.69
2016.12.13 14:47:41.427,0.75179,0.75186,1.00,2.44
2016.12.13 14:47:41.994,0.75179,0.75186,1.87,2.06
2016.12.13 14:47:42.102,0.7518,0.75188,1.12,1.50
2016.12.13 14:47:42.610,0.75179,0.75189,2.25,4.31
2016.12.13 14:47:44.921,0.75179,0.75188,2.25,1.00
2016.12.13 14:47:45.529,0.75179,0.75189,1.87,9.56
2016.12.13 14:47:46.035,0.75179,0.75188,1.87,1.00
2016.12.13 14:47:46.693,0.75179,0.75189,1.87,8.06
2016.12.13 14:47:47.325,0.75179,0.75188,1.87,1.00
2016.12.13 14:47:51.982,0.75179,0.75189,1.87,9.19
2016.12.13 14:47:52.186,0.75178,0.75182,1.00,1.00
2016.12.13 14:47:52.470,0.75173,0.7518,2.25,1.12
2016.12.13 14:47:52.521,0.75172,0.7518,1.87,1.12
2016.12.13 14:47:53.028,0.75171,0.75179,1.50,2.25
2016.12.13 14:47:54.047,0.75171,0.75179,1.50,1.87
2016.12.13 14:47:54.553,0.75169,0.75178,1.87,1.12
2016.12.13 14:47:55.059,0.75169,0.75178,1.00,1.12
2016.12.13 14:47:57.177,0.7517,0.75178,1.00,1.12
2016.12.13 14:47:58.430,0.75168,0.75174,1.12,1.00
2016.12.13 14:47:58.583,0.75165,0.75172,1.12,1.12
2016.12.13 14:47:58.685,0.75167,0.75173,1.00,1.00
2016.12.13 14:47:58.889,0.75169,0.75176,1.00,2.06
2016.12.13 14:48:01.328,0.75168,0.75176,1.50,1.25
2016.12.13 14:48:01.939,0.75169,0.75176,1.00,1.25
2016.12.13 14:48:02.914,0.7517,0.75176,1.00,1.25
2016.12.13 14:48:03.776,0.75169,0.75176,1.00,1.25
2016.12.13 14:48:04.081,0.75166,0.75174,1.00,3.37
2016.12.13 14:48:04.132,0.75164,0.75171,1.37,1.00
2016.12.13 14:48:04.293,0.75161,0.7517,1.12,3.00
2016.12.13 14:48:04.800,0.75161,0.75169,1.00,1.00
2016.12.13 14:48:04.852,0.75159,0.75169,6.19,2.25
2016.12.13 14:48:05.256,0.7516,0.75167,1.00,1.00
2016.12.13 14:48:05.795,0.75162,0.75167,1.00,1.00
2016.12.13 14:48:05.846,0.75162,0.75169,1.00,4.12
2016.12.13 14:48:06.555,0.7516,0.75169,1.00,2.62
2016.12.13 14:48:07.272,0.75161,0.75169,1.00,2.62
2016.12.13 14:48:07.742,0.75159,0.75167,3.19,1.00
2016.12.13 14:48:08.252,0.75159,0.75168,3.56,1.00
2016.12.13 14:48:08.759,0.75159,0.75167,3.56,1.00
2016.12.13 14:48:11.328,0.7516,0.75167,1.00,1.69
2016.12.13 14:48:11.834,0.75158,0.75167,3.00,1.69
2016.12.13 14:48:12.188,0.75158,0.75165,1.50,1.00
2016.12.13 14:48:12.508,0.75161,0.75166,1.00,1.50
2016.12.13 14:48:13.106,0.75161,0.75167,1.00,2.44
2016.12.13 14:48:15.340,0.7516,0.75167,1.00,1.25
2016.12.13 14:48:18.056,0.75158,0.75167,3.75,2.81
2016.12.13 14:48:18.360,0.75154,0.75162,6.37,1.00
2016.12.13 14:48:18.522,0.75153,0.75159,1.00,1.00
2016.12.13 14:48:18.623,0.7515,0.75158,4.87,1.00
2016.12.13 14:48:19.334,0.7515,0.75158,3.00,1.00
2016.12.13 14:48:19.846,0.75151,0.75158,1.00,1.50
2016.12.13 14:48:20.353,0.7515,0.75158,1.00,1.00
2016.12.13 14:48:21.287,0.75152,0.75158,1.00,1.00
2016.12.13 14:48:21.390,0.75152,0.7516,1.50,1.50
2016.12.13 14:48:22.450,0.75151,0.75159,1.50,1.00
2016.12.13 14:48:22.808,0.75153,0.7516,1.00,1.00
2016.12.13 14:48:23.115,0.7515,0.75158,2.25,1.00
2016.12.13 14:48:23.521,0.75149,0.75156,1.75,1.00
2016.12.13 14:48:23.572,0.75149,0.75156,1.12,1.00
2016.12.13 14:48:23.787,0.75149,0.75158,2.25,1.50
2016.12.13 14:48:24.293,0.75149,0.75157,3.00,1.00
2016.12.13 14:48:24.749,0.7515,0.75159,1.50,1.87
2016.12.13 14:48:25.066,0.75154,0.7516,1.00,1.00
2016.12.13 14:48:25.370,0.75158,0.75164,2.06,1.87
2016.12.13 14:48:25.977,0.75158,0.75165,1.00,1.37
2016.12.13 14:48:26.129,0.75158,0.75166,1.00,1.87
2016.12.13 14:48:26.247,0.75156,0.75166,2.44,1.87
2016.12.13 14:48:26.298,0.75156,0.75162,1.00,1.00
2016.12.13 14:48:26.607,0.75152,0.75158,1.50,1.00
2016.12.13 14:48:27.064,0.75151,0.75157,1.12,1.00
2016.12.13 14:48:28.172,0.75149,0.75157,2.62,1.00
2016.12.13 14:48:28.679,0.75149,0.75157,1.12,1.00
2016.12.13 14:48:29.237,0.7515,0.75157,1.00,1.00
2016.12.13 14:48:29.745,0.75149,0.75157,3.00,1.00
2016.12.13 14:48:30.862,0.7515,0.75157,1.00,1.00
2016.12.13 14:48:31.015,0.75148,0.75157,2.44,1.00
2016.12.13 14:48:31.523,0.75149,0.75156,1.00,1.00
2016.12.13 14:48:31.784,0.75147,0.75156,6.37,1.00
2016.12.13 14:48:31.987,0.75149,0.75155,1.25,1.00
2016.12.13 14:48:32.038,0.75148,0.75157,1.00,1.50
2016.12.13 14:48:32.141,0.75148,0.75155,1.00,1.00
2016.12.13 14:48:32.546,0.75147,0.75157,3.37,2.25
2016.12.13 14:48:33.322,0.75147,0.75157,6.00,3.00
2016.12.13 14:48:33.729,0.75147,0.75155,3.75,1.00
2016.12.13 14:48:33.780,0.75147,0.75157,3.75,2.25
2016.12.13 14:48:33.933,0.75147,0.75155,3.00,1.00
2016.12.13 14:48:34.452,0.75146,0.75152,1.00,1.00
2016.12.13 14:48:34.503,0.75144,0.75152,1.50,1.00
2016.12.13 14:48:34.605,0.75142,0.75149,1.87,1.00
2016.12.13 14:48:35.111,0.75141,0.75149,3.56,1.00
2016.12.13 14:48:35.726,0.75145,0.75149,1.00,1.00
2016.12.13 14:48:35.828,0.75145,0.75154,3.00,1.12
2016.12.13 14:48:35.879,0.75145,0.75155,4.12,2.81
2016.12.13 14:48:36.133,0.75145,0.75153,1.12,1.00
2016.12.13 14:48:36.387,0.75146,0.75155,1.00,1.12
2016.12.13 14:48:36.952,0.75147,0.75155,1.12,1.50
2016.12.13 14:48:37.461,0.75148,0.75155,1.00,1.00
2016.12.13 14:48:37.967,0.75148,0.75154,1.00,1.00
2016.12.13 14:48:38.272,0.75148,0.75156,1.00,1.00
2016.12.13 14:48:39.761,0.75148,0.75155,1.87,1.00
2016.12.13 14:48:39.964,0.75146,0.75155,3.94,1.50
2016.12.13 14:48:41.045,0.75146,0.75156,5.06,2.62
2016.12.13 14:48:42.384,0.75146,0.75155,3.94,1.00
2016.12.13 14:48:42.890,0.75147,0.75155,1.00,1.00
2016.12.13 14:48:43.398,0.75147,0.75156,5.25,1.00
2016.12.13 14:48:43.556,0.75148,0.75156,2.62,1.00
2016.12.13 14:48:43.608,0.7515,0.75159,1.12,1.50
2016.12.13 14:48:43.659,0.75152,0.75159,1.00,1.12
2016.12.13 14:48:44.168,0.75152,0.75161,1.50,1.37
2016.12.13 14:48:45.815,0.75151,0.75161,3.37,1.87
2016.12.13 14:48:46.634,0.75151,0.75161,1.12,4.12
2016.12.13 14:48:48.409,0.75151,0.7516,1.00,1.50
2016.12.13 14:48:53.861,0.75153,0.75161,1.00,2.25
2016.12.13 14:48:57.303,0.75154,0.75161,1.00,1.00
2016.12.13 14:48:59.271,0.75155,0.75162,1.00,1.37
2016.12.13 14:48:59.373,0.75155,0.75164,1.00,4.87
2016.12.13 14:48:59.525,0.75154,0.75162,1.00,1.87
2016.12.13 14:48:59.830,0.75157,0.75164,1.00,1.50
2016.12.13 14:48:59.983,0.75158,0.75166,1.00,5.06
2016.12.13 14:49:00.445,0.75156,0.75164,1.00,1.00
2016.12.13 14:49:00.597,0.75157,0.75166,1.50,2.06
2016.12.13 14:49:01.104,0.75156,0.75166,3.37,2.06
2016.12.13 14:49:01.408,0.75158,0.75166,1.00,1.31
2016.12.13 14:49:01.939,0.75157,0.75166,1.87,2.06
2016.12.13 14:49:02.446,0.75156,0.75165,1.37,1.12
2016.12.13 14:49:02.752,0.75154,0.75162,1.00,1.00
2016.12.13 14:49:03.333,0.75157,0.75165,1.00,3.75
2016.12.13 14:49:03.447,0.75157,0.75165,1.50,1.50
2016.12.13 14:49:03.853,0.75155,0.75165,1.00,2.25
2016.12.13 14:49:04.258,0.75153,0.75163,2.62,1.00
2016.12.13 14:49:04.801,0.75155,0.75163,1.00,1.12
2016.12.13 14:49:06.495,0.75154,0.75163,1.50,1.12
2016.12.13 14:49:07.206,0.75153,0.75163,1.87,1.12
2016.12.13 14:49:07.533,0.7515,0.75159,1.50,1.12
2016.12.13 14:49:07.889,0.75149,0.75159,3.00,1.50
2016.12.13 14:49:08.851,0.7515,0.75159,1.00,1.50
2016.12.13 14:49:11.243,0.7515,0.7516,1.00,5.25
2016.12.13 14:49:13.492,0.7515,0.75159,1.00,1.00
2016.12.13 14:49:13.543,0.75149,0.75157,3.00,1.00
2016.12.13 14:49:14.205,0.7515,0.75158,1.00,2.62
2016.12.13 14:49:15.118,0.7515,0.7516,2.62,5.25
2016.12.13 14:49:15.827,0.7515,0.7516,2.25,3.00
2016.12.13 14:49:16.466,0.7515,0.75159,1.50,1.00
2016.12.13 14:49:16.972,0.7515,0.7516,1.50,2.25
2016.12.13 14:49:18.924,0.75151,0.7516,1.00,3.00
2016.12.13 14:49:19.440,0.7515,0.7516,3.00,3.75
2016.12.13 14:49:21.243,0.75151,0.7516,1.00,2.25
2016.12.13 14:49:21.547,0.75156,0.75165,1.00,3.75
2016.12.13 14:49:22.090,0.75156,0.75165,1.25,5.62
2016.12.13 14:49:22.546,0.75157,0.75166,1.00,3.94
2016.12.13 14:49:22.597,0.75156,0.75164,1.12,1.00
2016.12.13 14:49:23.039,0.75154,0.75161,1.69,1.00
2016.12.13 14:49:23.090,0.75153,0.75161,1.12,1.00
2016.12.13 14:49:23.596,0.75154,0.75161,1.00,1.00
2016.12.13 14:49:23.648,0.75154,0.75163,1.87,1.87
2016.12.13 14:49:24.154,0.75154,0.75164,4.12,1.31
2016.12.13 14:49:24.929,0.75155,0.75163,1.12,1.00
2016.12.13 14:49:25.435,0.75154,0.75164,2.62,4.87
2016.12.13 14:49:25.895,0.75153,0.75161,1.00,1.87
2016.12.13 14:49:25.946,0.75151,0.75161,3.00,1.87
2016.12.13 14:49:26.201,0.75156,0.75161,1.00,1.87
2016.12.13 14:49:26.353,0.75156,0.75163,1.00,1.00
2016.12.13 14:49:26.405,0.75155,0.75165,1.12,1.12
2016.12.13 14:49:26.508,0.75157,0.75165,1.00,1.12
2016.12.13 14:49:26.813,0.75159,0.75167,1.12,1.50
2016.12.13 14:49:27.926,0.75158,0.75167,1.00,1.00
2016.12.13 14:49:30.086,0.75157,0.75167,1.50,4.12
2016.12.13 14:49:30.419,0.75156,0.75165,1.25,1.50
2016.12.13 14:49:30.926,0.75156,0.75163,1.25,1.00
2016.12.13 14:49:31.491,0.75154,0.75163,1.37,1.00
2016.12.13 14:49:31.692,0.75152,0.75162,2.81,3.00
2016.12.13 14:49:31.895,0.7515,0.7516,1.50,1.50
2016.12.13 14:49:32.401,0.7515,0.75159,1.00,1.12
2016.12.13 14:49:33.888,0.75151,0.7516,1.00,1.12
2016.12.13 14:49:33.991,0.75151,0.75162,2.25,6.56
2016.12.13 14:49:34.143,0.75153,0.75162,1.00,2.25
2016.12.13 14:49:34.645,0.75152,0.75162,1.50,2.25
2016.12.13 14:49:35.606,0.75153,0.75162,1.00,2.25
2016.12.13 14:49:36.540,0.75152,0.75162,1.12,3.00
2016.12.13 14:49:37.046,0.75151,0.75161,2.81,3.00
2016.12.13 14:49:37.553,0.7515,0.75159,1.37,1.87
2016.12.13 14:49:37.713,0.75149,0.75159,2.62,2.25
2016.12.13 14:49:38.984,0.75149,0.75158,1.12,1.00
2016.12.13 14:49:39.086,0.75149,0.75157,1.00,1.87
2016.12.13 14:49:39.619,0.75148,0.75156,1.50,1.12
2016.12.13 14:49:41.308,0.75149,0.75157,1.00,2.25
2016.12.13 14:49:41.561,0.75147,0.75157,1.87,2.62
2016.12.13 14:49:41.763,0.7515,0.75158,1.00,4.87
2016.12.13 14:49:42.017,0.7515,0.75158,1.50,2.25
2016.12.13 14:49:42.448,0.75148,0.75156,1.12,1.12
2016.12.13 14:49:42.954,0.75148,0.75157,1.12,3.37
2016.12.13 14:49:43.922,0.75147,0.75156,3.00,1.12
2016.12.13 14:49:44.228,0.75146,0.75153,1.50,1.12
2016.12.13 14:49:44.735,0.75146,0.75154,1.00,3.75
2016.12.13 14:49:45.598,0.75146,0.75154,1.00,3.00
2016.12.13 14:49:46.004,0.75147,0.75155,1.12,2.44
2016.12.13 14:49:46.207,0.75147,0.75157,2.62,2.25
2016.12.13 14:49:46.714,0.75149,0.75157,1.12,2.25
2016.12.13 14:49:48.030,0.7515,0.75159,1.12,4.87
2016.12.13 14:49:48.536,0.75151,0.7516,1.00,3.75
2016.12.13 14:49:49.043,0.75151,0.75159,1.50,1.37
2016.12.13 14:49:49.995,0.75151,0.75159,1.50,1.00
2016.12.13 14:49:51.821,0.7515,0.75158,1.12,3.75
2016.12.13 14:49:52.074,0.75149,0.75156,1.25,1.00
2016.12.13 14:49:52.734,0.75149,0.75157,1.25,2.25
2016.12.13 14:49:53.258,0.75149,0.75158,1.25,1.87
2016.12.13 14:49:54.364,0.75152,0.75158,1.00,1.12
2016.12.13 14:49:54.720,0.75152,0.7516,1.00,1.12
2016.12.13 14:49:55.469,0.7515,0.75161,2.25,3.56
2016.12.13 14:49:55.622,0.75152,0.7516,1.00,1.12
2016.12.13 14:49:55.977,0.7515,0.7516,3.75,1.12
2016.12.13 14:49:57.360,0.7515,0.75159,1.12,1.50
2016.12.13 14:49:57.462,0.75148,0.75157,2.25,1.00
2016.12.13 14:49:57.615,0.75147,0.75156,3.00,1.00
2016.12.13 14:49:57.716,0.75148,0.75157,1.37,1.12
2016.12.13 14:49:58.224,0.75148,0.75158,4.50,2.62
2016.12.13 14:49:58.530,0.75147,0.75156,1.50,1.00
2016.12.13 14:49:59.158,0.75147,0.75157,4.50,1.00
2016.12.13 14:49:59.714,0.75147,0.75158,3.75,1.87
2016.12.13 14:50:00.778,0.75149,0.75158,1.50,1.12
2016.12.13 14:50:01.084,0.75151,0.75159,1.00,1.00
2016.12.13 14:50:01.587,0.75151,0.7516,1.00,1.50
2016.12.13 14:50:02.042,0.75149,0.7516,6.94,1.00
2016.12.13 14:50:02.556,0.7515,0.7516,1.00,3.37
2016.12.13 14:50:03.062,0.75149,0.7516,4.69,1.87
2016.12.13 14:50:04.226,0.7515,0.7516,2.25,1.12
2016.12.13 14:50:04.277,0.75152,0.7516,1.00,1.87
2016.12.13 14:50:04.683,0.75149,0.7516,6.56,1.00
2016.12.13 14:50:04.835,0.75148,0.75158,5.25,1.12
2016.12.13 14:50:05.361,0.75148,0.75157,1.12,1.00
2016.12.13 14:50:06.228,0.75149,0.75158,1.00,3.37
2016.12.13 14:50:09.856,0.75149,0.75156,1.00,1.12
2016.12.13 14:50:10.370,0.75148,0.75157,2.25,1.50
2016.12.13 14:50:10.725,0.75147,0.75156,2.25,2.62
2016.12.13 14:50:10.988,0.75148,0.75157,1.00,1.87
2016.12.13 14:50:11.039,0.75146,0.75156,1.00,1.00
2016.12.13 14:50:11.293,0.75148,0.75156,1.00,1.50
2016.12.13 14:50:12.474,0.75146,0.75155,1.87,1.00
2016.12.13 14:50:12.630,0.75145,0.75154,3.56,1.12
2016.12.13 14:50:13.136,0.75145,0.75152,1.12,1.50
2016.12.13 14:50:13.397,0.75142,0.75152,3.00,1.50
2016.12.13 14:50:13.550,0.75144,0.75152,1.00,1.12
2016.12.13 14:50:13.854,0.75142,0.75149,1.12,1.00
2016.12.13 14:50:14.385,0.75142,0.7515,3.00,1.00
2016.12.13 14:50:15.129,0.75142,0.75152,1.50,3.37
2016.12.13 14:50:15.512,0.75141,0.75149,3.94,1.00
2016.12.13 14:50:16.020,0.75141,0.7515,1.00,1.12
2016.12.13 14:50:16.324,0.75143,0.7515,1.00,1.12
2016.12.13 14:50:16.426,0.7514,0.75148,1.50,1.00
2016.12.13 14:50:16.757,0.75141,0.7515,1.00,1.12
2016.12.13 14:50:17.372,0.75141,0.75149,1.00,1.00
2016.12.13 14:50:17.913,0.75141,0.75148,1.00,1.00
2016.12.13 14:50:18.448,0.7514,0.75148,1.00,1.00
2016.12.13 14:50:18.954,0.75141,0.75148,1.00,1.00
2016.12.13 14:50:19.474,0.7514,0.75148,1.50,1.00
2016.12.13 14:50:19.983,0.75141,0.75148,1.00,1.00
2016.12.13 14:50:21.138,0.7514,0.75148,1.00,1.00
2016.12.13 14:50:21.647,0.75141,0.75149,1.50,1.00
2016.12.13 14:50:22.150,0.75142,0.75149,1.00,1.00
2016.12.13 14:50:22.353,0.75139,0.75149,4.87,1.00
2016.12.13 14:50:22.557,0.75143,0.75148,1.00,1.00
2016.12.13 14:50:22.659,0.75141,0.75149,1.00,1.12
2016.12.13 14:50:23.318,0.75139,0.75149,4.87,1.00
2016.12.13 14:50:23.419,0.75139,0.75147,1.87,1.00
2016.12.13 14:50:23.640,0.75137,0.75147,1.87,2.25
2016.12.13 14:50:23.743,0.75139,0.75147,1.00,1.12
2016.12.13 14:50:24.378,0.75137,0.75145,2.25,1.00
2016.12.13 14:50:25.129,0.75135,0.75145,1.00,1.50
2016.12.13 14:50:25.333,0.75134,0.75144,1.00,5.06
2016.12.13 14:50:25.867,0.75135,0.75144,1.00,2.44
2016.12.13 14:50:26.932,0.75134,0.75143,1.12,1.12
2016.12.13 14:50:27.186,0.75131,0.75142,1.00,5.44
2016.12.13 14:50:27.710,0.75131,0.7514,1.50,1.00
2016.12.13 14:50:28.117,0.75132,0.75142,1.50,5.25
2016.12.13 14:50:28.625,0.75133,0.75142,1.12,2.25
2016.12.13 14:50:29.172,0.75134,0.75143,1.00,3.75
2016.12.13 14:50:29.678,0.75135,0.75143,1.00,4.12
2016.12.13 14:50:29.780,0.75136,0.75144,1.00,3.37
2016.12.13 14:50:29.933,0.75136,0.75142,1.00,1.00
2016.12.13 14:50:30.518,0.75135,0.75142,1.00,1.00
2016.12.13 14:50:30.720,0.75133,0.75142,1.87,1.00
2016.12.13 14:50:31.271,0.75133,0.75141,1.87,1.00
2016.12.13 14:50:32.113,0.75134,0.75143,1.00,1.80
2016.12.13 14:50:32.621,0.75134,0.75142,1.00,1.00
2016.12.13 14:50:32.925,0.75132,0.75142,2.25,5.25
2016.12.13 14:50:33.431,0.75132,0.75141,1.50,3.75
2016.12.13 14:50:33.772,0.7513,0.75138,1.87,1.00
2016.12.13 14:50:34.076,0.75132,0.7514,1.00,1.12
2016.12.13 14:50:34.586,0.75133,0.7514,1.00,1.00
2016.12.13 14:50:35.904,0.75133,0.75139,1.00,1.00
2016.12.13 14:50:36.410,0.75133,0.75141,1.00,5.44
2016.12.13 14:50:36.715,0.75129,0.75139,6.94,2.25
2016.12.13 14:50:36.766,0.75129,0.75137,4.69,1.00
2016.12.13 14:50:37.327,0.7513,0.75137,1.00,1.12
2016.12.13 14:50:37.833,0.75129,0.75137,2.06,1.12
2016.12.13 14:50:40.631,0.7513,0.75138,1.00,2.25
2016.12.13 14:50:41.138,0.75132,0.75138,1.00,1.50
2016.12.13 14:50:41.351,0.75132,0.7514,1.50,2.25
2016.12.13 14:50:41.857,0.75131,0.7514,1.50,1.87
2016.12.13 14:50:42.774,0.75132,0.7514,1.00,1.87
2016.12.13 14:50:42.825,0.75135,0.7514,1.00,1.12
2016.12.13 14:50:43.035,0.75136,0.75143,1.00,1.00
2016.12.13 14:50:43.288,0.75133,0.75143,1.50,1.00
2016.12.13 14:50:43.795,0.75134,0.75143,1.00,1.50
2016.12.13 14:50:44.343,0.75135,0.75143,1.00,2.25
2016.12.13 14:50:45.104,0.75138,0.75143,1.00,1.00
2016.12.13 14:50:45.256,0.75137,0.75146,2.25,2.25
2016.12.13 14:50:45.460,0.75138,0.75147,1.00,1.50
2016.12.13 14:50:45.670,0.75137,0.75145,1.00,1.00
2016.12.13 14:50:46.485,0.75134,0.75144,3.00,2.44
2016.12.13 14:50:46.891,0.75132,0.75142,2.44,2.25
2016.12.13 14:50:47.200,0.75134,0.75142,1.00,1.50
2016.12.13 14:50:47.707,0.75133,0.75141,1.00,1.50
2016.12.13 14:50:48.503,0.75132,0.75141,1.00,1.00
2016.12.13 14:50:49.468,0.75135,0.75141,1.00,1.00
2016.12.13 14:50:49.621,0.75137,0.75145,1.00,1.12
2016.12.13 14:50:49.926,0.75134,0.75145,3.94,6.00
2016.12.13 14:50:50.071,0.75138,0.75145,1.00,1.00
2016.12.13 14:50:50.334,0.75136,0.75146,1.00,2.81
2016.12.13 14:50:50.537,0.75135,0.75143,1.12,1.00
2016.12.13 14:50:51.045,0.75136,0.75145,1.00,1.37
2016.12.13 14:50:51.197,0.75137,0.75146,1.12,3.19
2016.12.13 14:50:51.551,0.75135,0.75146,1.50,3.94
2016.12.13 14:50:51.602,0.75135,0.75144,1.00,1.12
2016.12.13 14:50:53.138,0.75136,0.75145,1.00,1.50
2016.12.13 14:50:53.645,0.75135,0.75145,1.00,3.00
2016.12.13 14:50:53.950,0.75141,0.75147,1.00,1.87
2016.12.13 14:50:54.103,0.7514,0.75149,1.00,4.50
2016.12.13 14:50:54.630,0.75141,0.75149,1.00,4.87
2016.12.13 14:50:55.136,0.75141,0.75149,1.00,1.50
2016.12.13 14:50:55.654,0.75139,0.75149,1.87,2.02
2016.12.13 14:50:55.806,0.75141,0.75149,1.00,1.50
2016.12.13 14:50:56.312,0.75141,0.7515,1.12,1.69
2016.12.13 14:50:56.818,0.75144,0.75152,2.44,1.00
2016.12.13 14:50:57.024,0.75145,0.75154,1.00,1.00
2016.12.13 14:50:57.328,0.75144,0.75152,3.56,1.00
2016.12.13 14:50:57.866,0.75144,0.75152,1.69,1.00
2016.12.13 14:50:58.250,0.75142,0.7515,1.87,1.00
2016.12.13 14:50:59.313,0.75142,0.75149,1.12,1.00
2016.12.13 14:50:59.828,0.75141,0.75145,1.25,4.12
2016.12.13 14:50:59.879,0.75136,0.75144,3.75,1.00
2016.12.13 14:50:59.930,0.75137,0.75145,1.00,1.00
2016.12.13 14:51:00.031,0.75139,0.75146,1.00,1.50
2016.12.13 14:51:00.540,0.75139,0.75147,3.37,1.12
2016.12.13 14:51:00.743,0.75139,0.75149,1.12,1.50
2016.12.13 14:51:01.255,0.7514,0.75149,1.00,1.00
2016.12.13 14:51:01.711,0.75138,0.75146,1.50,2.25
2016.12.13 14:51:01.914,0.75135,0.75144,1.50,1.50
2016.12.13 14:51:02.319,0.75135,0.75146,3.00,2.06
2016.12.13 14:51:02.841,0.75138,0.75147,1.50,1.00
2016.12.13 14:51:03.549,0.75138,0.75146,1.00,1.00
2016.12.13 14:51:03.601,0.75139,0.75145,1.37,1.00
2016.12.13 14:51:03.703,0.75137,0.75145,1.62,1.00
2016.12.13 14:51:04.210,0.75137,0.75145,1.25,1.12
2016.12.13 14:51:04.508,0.75134,0.75142,3.19,1.00
2016.12.13 14:51:05.016,0.75134,0.75143,1.25,1.12
2016.12.13 14:51:05.375,0.75134,0.75141,1.25,1.00
2016.12.13 14:51:05.679,0.75131,0.75139,2.25,1.00
2016.12.13 14:51:06.220,0.75132,0.75141,1.12,1.50
2016.12.13 14:51:06.726,0.75131,0.7514,3.00,1.00
2016.12.13 14:51:07.263,0.75131,0.7514,2.62,1.00
2016.12.13 14:51:08.207,0.75132,0.7514,1.00,1.00
2016.12.13 14:51:08.258,0.75133,0.75142,1.00,1.12
2016.12.13 14:51:08.562,0.75135,0.75143,1.50,1.00
2016.12.13 14:51:08.866,0.75137,0.75145,3.37,1.00
2016.12.13 14:51:10.482,0.75137,0.75144,2.25,1.00
2016.12.13 14:51:10.534,0.75136,0.75144,1.50,1.12
2016.12.13 14:51:10.737,0.75134,0.75143,2.06,1.00
2016.12.13 14:51:12.316,0.75134,0.7514,1.31,1.00
2016.12.13 14:51:12.418,0.75132,0.7514,2.62,1.00
2016.12.13 14:51:12.831,0.75132,0.75138,1.50,1.00
2016.12.13 14:51:13.866,0.75132,0.7514,1.12,1.00
2016.12.13 14:51:15.093,0.75132,0.75138,1.00,1.00
2016.12.13 14:51:15.600,0.75131,0.75138,2.06,1.00
2016.12.13 14:51:16.158,0.75129,0.75138,1.50,1.00
2016.12.13 14:51:16.387,0.75129,0.75136,1.00,1.00
2016.12.13 14:51:16.691,0.75129,0.75139,2.25,1.00
2016.12.13 14:51:16.793,0.75131,0.75139,1.00,1.00
2016.12.13 14:51:18.281,0.75131,0.75141,1.50,1.87
2016.12.13 14:51:18.589,0.75137,0.75146,2.62,4.69
2016.12.13 14:51:18.792,0.75138,0.75146,1.50,1.25
2016.12.13 14:51:19.503,0.75138,0.75148,2.25,1.50
2016.12.13 14:51:19.655,0.75141,0.75148,1.00,1.00
2016.12.13 14:51:20.163,0.7514,0.75148,1.00,1.00
2016.12.13 14:51:21.186,0.75138,0.75147,1.12,2.25
2016.12.13 14:51:21.288,0.75137,0.75145,2.81,1.00
2016.12.13 14:51:21.491,0.75137,0.75147,2.81,1.00
2016.12.13 14:51:21.745,0.7514,0.75147,1.00,1.00
2016.12.13 14:51:21.795,0.7514,0.75149,1.00,3.94
2016.12.13 14:51:23.585,0.7514,0.75148,1.50,1.00
2016.12.13 14:51:23.636,0.75139,0.75144,1.50,1.00
2016.12.13 14:51:23.738,0.75137,0.75145,3.00,1.00
2016.12.13 14:51:24.156,0.75137,0.75147,1.00,1.69
2016.12.13 14:51:24.410,0.75139,0.75147,1.00,2.44
2016.12.13 14:51:25.979,0.75137,0.75148,2.81,3.37
2016.12.13 14:51:28.024,0.75137,0.75147,5.06,1.00
2016.12.13 14:51:28.568,0.75137,0.75146,1.25,1.50
2016.12.13 14:51:28.619,0.75135,0.75145,4.31,1.50
2016.12.13 14:51:29.126,0.75135,0.75143,1.25,1.00
2016.12.13 14:51:29.329,0.75132,0.75141,1.12,1.00
2016.12.13 14:51:29.836,0.7513,0.7514,1.69,2.62
2016.12.13 14:51:30.330,0.75133,0.75141,1.00,1.50
2016.12.13 14:51:30.382,0.75133,0.75142,1.00,1.50
2016.12.13 14:51:32.202,0.75133,0.75141,1.00,1.00
2016.12.13 14:51:32.708,0.75132,0.7514,1.00,1.00
2016.12.13 14:51:33.230,0.75131,0.7514,1.12,1.00
2016.12.13 14:51:33.736,0.75131,0.75141,1.12,2.25
2016.12.13 14:51:33.939,0.7513,0.75138,4.69,1.00
2016.12.13 14:51:34.445,0.7513,0.75138,2.44,1.00
2016.12.13 14:51:37.697,0.7513,0.75139,1.25,1.00
2016.12.13 14:51:38.691,0.7513,0.75137,1.25,1.00
2016.12.13 14:51:39.755,0.7513,0.75139,1.69,1.00
2016.12.13 14:51:40.304,0.7513,0.7514,1.69,3.00
2016.12.13 14:51:40.810,0.7513,0.75139,1.69,1.00
2016.12.13 14:51:41.318,0.75128,0.75138,4.12,1.00
2016.12.13 14:51:41.838,0.75128,0.75139,6.00,1.87
2016.12.13 14:51:42.372,0.7513,0.75138,1.00,1.00
2016.12.13 14:51:43.204,0.75129,0.7514,3.56,4.50
2016.12.13 14:51:44.267,0.75129,0.75138,2.81,1.00
2016.12.13 14:51:44.482,0.75128,0.75138,2.25,2.25
2016.12.13 14:51:44.542,0.7513,0.75138,1.25,2.25
2016.12.13 14:51:45.049,0.7513,0.75137,1.25,1.00
2016.12.13 14:51:45.555,0.7513,0.75138,1.69,1.50
2016.12.13 14:51:46.267,0.75128,0.75138,1.12,1.00
2016.12.13 14:51:46.776,0.75128,0.75138,2.62,1.12
2016.12.13 14:51:47.031,0.75128,0.75133,1.37,1.00
2016.12.13 14:51:47.188,0.75126,0.75132,1.00,1.25
2016.12.13 14:51:47.392,0.75128,0.75132,1.00,1.00
2016.12.13 14:51:47.699,0.7513,0.75134,1.12,1.00
2016.12.13 14:51:48.155,0.7513,0.75138,1.12,1.12
2016.12.13 14:51:49.182,0.75131,0.7514,1.00,2.25
2016.12.13 14:51:49.335,0.75132,0.75141,1.00,1.87
2016.12.13 14:51:50.978,0.75134,0.75142,1.00,3.94
2016.12.13 14:51:51.487,0.75133,0.75142,1.00,2.81
2016.12.13 14:51:52.765,0.75134,0.75142,1.00,1.25
2016.12.13 14:51:52.968,0.75136,0.75145,1.00,3.75
2016.12.13 14:51:53.019,0.75139,0.75145,1.00,1.50
2016.12.13 14:51:53.222,0.75139,0.75147,1.00,1.69
2016.12.13 14:51:53.678,0.75141,0.75149,1.00,2.81
2016.12.13 14:51:54.199,0.75142,0.75149,1.00,1.25
2016.12.13 14:51:55.727,0.75143,0.75149,1.50,1.25
2016.12.13 14:51:55.981,0.75145,0.75153,1.00,1.12
2016.12.13 14:51:56.032,0.75148,0.75155,1.50,1.87
2016.12.13 14:51:56.235,0.75151,0.75158,1.00,2.06
2016.12.13 14:51:56.535,0.75149,0.75158,1.12,2.06
2016.12.13 14:51:57.043,0.75151,0.7516,1.00,5.25
2016.12.13 14:51:57.603,0.7515,0.75159,1.00,1.87
2016.12.13 14:51:57.913,0.75147,0.75156,5.25,1.50
2016.12.13 14:51:58.833,0.75148,0.75155,1.50,1.00
2016.12.13 14:51:59.356,0.75148,0.75156,1.50,1.00
2016.12.13 14:52:00.280,0.75148,0.75157,3.75,1.12
2016.12.13 14:52:02.027,0.75149,0.75156,1.12,1.00
2016.12.13 14:52:03.061,0.75148,0.75157,3.75,1.12
2016.12.13 14:52:05.777,0.75149,0.75157,1.50,1.12
2016.12.13 14:52:07.784,0.75148,0.75156,2.25,1.00
2016.12.13 14:52:07.836,0.75148,0.75156,1.00,1.00
2016.12.13 14:52:08.359,0.75148,0.75157,1.12,1.12
2016.12.13 14:52:08.410,0.75149,0.75157,1.50,1.12
2016.12.13 14:52:08.918,0.75149,0.75157,1.00,1.12
2016.12.13 14:52:10.574,0.75149,0.75156,1.00,1.00
2016.12.13 14:52:12.294,0.75149,0.75158,1.00,1.50
2016.12.13 14:52:14.627,0.7515,0.75157,1.00,1.00
2016.12.13 14:52:15.174,0.7515,0.75158,1.50,1.00
2016.12.13 14:52:15.680,0.7515,0.75159,1.00,1.00
2016.12.13 14:52:16.350,0.75151,0.75159,1.00,1.00
2016.12.13 14:52:16.686,0.75153,0.75159,1.00,1.00
2016.12.13 14:52:16.737,0.75151,0.75159,3.37,1.00
2016.12.13 14:52:17.245,0.75153,0.75162,3.00,1.12
2016.12.13 14:52:17.297,0.75158,0.75164,1.37,1.87
2016.12.13 14:52:17.399,0.75157,0.75166,1.87,1.00
2016.12.13 14:52:18.071,0.75157,0.75166,1.00,1.00
2016.12.13 14:52:18.578,0.75158,0.75167,1.12,1.00
2016.12.13 14:52:19.084,0.75157,0.75166,1.37,1.00
2016.12.13 14:52:19.590,0.75158,0.75167,1.12,1.00
2016.12.13 14:52:21.008,0.75158,0.75166,1.12,1.00
2016.12.13 14:52:21.211,0.75156,0.75164,1.69,1.00
2016.12.13 14:52:21.516,0.75158,0.75167,1.00,1.50
2016.12.13 14:52:22.027,0.75158,0.75167,1.00,1.87
2016.12.13 14:52:22.534,0.75157,0.75167,1.12,1.87
2016.12.13 14:52:23.040,0.75157,0.75167,1.50,1.12
2016.12.13 14:52:23.447,0.75159,0.75167,1.12,1.00
2016.12.13 14:52:23.953,0.75158,0.75167,1.87,1.00
2016.12.13 14:52:24.773,0.75158,0.75166,2.62,1.00
2016.12.13 14:52:30.367,0.75158,0.75165,1.12,1.00
2016.12.13 14:52:30.469,0.75156,0.75164,2.81,1.00
2016.12.13 14:52:30.672,0.75153,0.75162,1.37,1.12
2016.12.13 14:52:30.824,0.75152,0.75163,3.00,2.62
2016.12.13 14:52:31.716,0.75152,0.75161,1.00,1.50
2016.12.13 14:52:31.818,0.7515,0.7516,3.37,1.72
2016.12.13 14:52:32.325,0.75149,0.75159,3.00,1.00
2016.12.13 14:52:33.104,0.75149,0.75158,1.50,1.87
2016.12.13 14:52:33.510,0.75147,0.75158,2.62,6.79
2016.12.13 14:52:33.948,0.75149,0.75158,2.81,2.62
2016.12.13 14:52:34.455,0.75149,0.75159,2.81,1.87
2016.12.13 14:52:35.368,0.75149,0.75158,2.81,1.00
2016.12.13 14:52:35.928,0.75149,0.75159,2.06,2.62
2016.12.13 14:52:36.840,0.75149,0.75158,2.06,1.00
2016.12.13 14:52:39.431,0.75149,0.75158,1.31,1.00
2016.12.13 14:52:40.178,0.75149,0.75157,1.31,1.00
2016.12.13 14:52:40.686,0.75149,0.75158,2.06,1.00
2016.12.13 14:52:41.242,0.75149,0.75159,2.81,1.50
2016.12.13 14:52:42.538,0.75149,0.75158,1.31,1.60
2016.12.13 14:52:43.045,0.75148,0.75156,1.50,1.00
2016.12.13 14:52:43.575,0.75148,0.75156,1.87,1.00
2016.12.13 14:52:43.627,0.75149,0.75158,1.31,1.50
2016.12.13 14:52:44.387,0.7515,0.75159,1.00,1.00
2016.12.13 14:52:44.894,0.75149,0.75159,2.81,1.00
2016.12.13 14:52:46.080,0.75149,0.75155,1.12,1.50
2016.12.13 14:52:46.384,0.75141,0.75149,1.37,1.00
2016.12.13 14:52:46.744,0.7514,0.75149,1.12,1.00
2016.12.13 14:52:48.539,0.75139,0.75147,1.31,1.72
2016.12.13 14:52:48.843,0.75136,0.7514,3.00,1.00
2016.12.13 14:52:49.097,0.75131,0.7514,3.37,1.12
2016.12.13 14:52:50.220,0.7513,0.7514,1.00,1.12
2016.12.13 14:52:50.424,0.7513,0.75138,1.00,1.00
2016.12.13 14:52:50.940,0.75128,0.75138,2.81,1.12
2016.12.13 14:52:51.273,0.7513,0.7514,1.12,1.12
2016.12.13 14:52:51.781,0.75131,0.7514,1.00,1.00
2016.12.13 14:52:52.695,0.7513,0.7514,1.50,1.00
2016.12.13 14:52:53.201,0.75131,0.7514,1.00,1.00
2016.12.13 14:52:53.556,0.75133,0.75141,1.00,1.00
2016.12.13 14:52:53.827,0.75131,0.75141,3.56,1.00
2016.12.13 14:52:54.285,0.7513,0.75138,1.50,1.00
2016.12.13 14:52:54.791,0.75129,0.75138,1.25,1.12
2016.12.13 14:52:56.019,0.75129,0.75139,3.94,1.00
2016.12.13 14:52:56.323,0.75129,0.75136,2.06,1.00
2016.12.13 14:52:56.849,0.75129,0.75136,1.25,1.00
2016.12.13 14:53:00.146,0.75129,0.75137,1.25,1.50
2016.12.13 14:53:00.654,0.75129,0.75137,1.25,2.25
2016.12.13 14:53:00.960,0.75122,0.75131,3.37,1.00
2016.12.13 14:53:01.478,0.75121,0.7513,3.94,1.00
2016.12.13 14:53:02.858,0.75121,0.7513,4.31,1.00
2016.12.13 14:53:04.163,0.75125,0.75133,1.50,2.25
2016.12.13 14:53:04.265,0.75125,0.75136,3.37,1.00
2016.12.13 14:53:04.570,0.75128,0.75136,1.00,1.50
2016.12.13 14:53:04.728,0.75128,0.75137,1.37,1.00
2016.12.13 14:53:05.032,0.75128,0.75135,1.37,1.00
2016.12.13 14:53:05.185,0.75127,0.75135,1.12,1.00
2016.12.13 14:53:05.873,0.75127,0.75136,1.12,1.12
2016.12.13 14:53:06.381,0.75128,0.75136,1.00,1.12
2016.12.13 14:53:08.058,0.75128,0.75138,1.00,1.72
2016.12.13 14:53:08.565,0.75128,0.75138,1.50,1.37
2016.12.13 14:53:10.690,0.75128,0.75138,1.50,3.19
2016.12.13 14:53:10.845,0.75127,0.75137,1.12,3.00
2016.12.13 14:53:11.100,0.75129,0.75137,1.69,1.50
2016.12.13 14:53:11.202,0.7513,0.75139,1.12,3.00
2016.12.13 14:53:11.304,0.75132,0.75139,2.44,1.50
2016.12.13 14:53:11.466,0.75133,0.75141,3.75,1.00
2016.12.13 14:53:11.585,0.75136,0.75145,1.00,1.12
2016.12.13 14:53:12.092,0.75135,0.75145,1.87,1.12
2016.12.13 14:53:12.143,0.75135,0.75143,1.12,1.50
2016.12.13 14:53:12.454,0.75129,0.75137,1.00,1.12
2016.12.13 14:53:12.962,0.75128,0.75138,2.62,1.87
2016.12.13 14:53:14.172,0.75129,0.75137,1.12,1.00
2016.12.13 14:53:15.340,0.75128,0.75138,1.87,1.72
2016.12.13 14:53:15.671,0.75126,0.75135,1.69,1.12
2016.12.13 14:53:16.178,0.75127,0.75135,1.00,1.12
2016.12.13 14:53:16.382,0.75124,0.75133,1.12,1.50
2016.12.13 14:53:16.639,0.75126,0.75134,1.00,1.12
2016.12.13 14:53:17.180,0.75124,0.75134,2.25,1.00
2016.12.13 14:53:17.712,0.75126,0.75135,1.00,1.12
2016.12.13 14:53:19.591,0.75128,0.75136,1.00,1.50
2016.12.13 14:53:19.642,0.75128,0.75137,2.25,1.00
2016.12.13 14:53:19.795,0.75131,0.75138,1.00,1.00
2016.12.13 14:53:20.118,0.75135,0.75144,2.25,1.50
2016.12.13 14:53:20.292,0.75138,0.75145,1.25,3.37
2016.12.13 14:53:20.345,0.75135,0.75145,1.12,2.62
2016.12.13 14:53:20.751,0.75136,0.75146,1.12,1.50
2016.12.13 14:53:21.012,0.75138,0.75147,1.12,1.00
2016.12.13 14:53:21.520,0.75136,0.75146,1.50,1.12
2016.12.13 14:53:21.824,0.75135,0.75144,8.44,1.50
2016.12.13 14:53:21.875,0.75135,0.75143,1.00,1.00
2016.12.13 14:53:21.926,0.75133,0.75143,1.12,3.00
2016.12.13 14:53:21.977,0.75132,0.75143,1.50,6.75
2016.12.13 14:53:22.322,0.75138,0.75143,1.00,1.87
2016.12.13 14:53:22.424,0.75138,0.75148,1.00,6.37
2016.12.13 14:53:22.476,0.7514,0.75148,1.00,1.50
2016.12.13 14:53:22.984,0.75139,0.75148,1.00,1.37
2016.12.13 14:53:24.851,0.75138,0.75147,1.12,1.12
2016.12.13 14:53:25.357,0.75137,0.75146,1.00,2.25
2016.12.13 14:53:25.864,0.75138,0.75147,1.00,3.22
2016.12.13 14:53:26.166,0.75133,0.75143,1.87,3.00
2016.12.13 14:53:26.470,0.75132,0.75141,2.06,2.25
2016.12.13 14:53:26.622,0.7513,0.75141,1.50,5.44
2016.12.13 14:53:27.129,0.7513,0.7514,1.12,2.85
2016.12.13 14:53:28.011,0.7513,0.75138,1.00,1.35
2016.12.13 14:53:28.518,0.7513,0.75137,1.12,1.25
2016.12.13 14:53:30.096,0.75131,0.75137,1.00,1.25
2016.12.13 14:53:32.421,0.75129,0.75137,1.37,1.25
2016.12.13 14:53:32.927,0.75129,0.75137,1.00,1.25
2016.12.13 14:53:33.830,0.75128,0.75136,1.50,1.00
2016.12.13 14:53:34.186,0.7513,0.75137,1.00,1.69
2016.12.13 14:53:34.288,0.75131,0.75137,1.12,1.25
2016.12.13 14:53:35.649,0.75131,0.75141,1.00,5.44
2016.12.13 14:53:36.716,0.75129,0.75139,2.81,1.72
2016.12.13 14:53:36.818,0.75129,0.75138,2.44,2.10
2016.12.13 14:53:37.279,0.75131,0.75139,1.00,1.87
2016.12.13 14:53:37.584,0.75129,0.75137,1.69,1.00
2016.12.13 14:53:38.090,0.75129,0.75139,2.44,3.00
2016.12.13 14:53:40.737,0.75131,0.75139,1.00,3.00
2016.12.13 14:53:41.281,0.75131,0.75139,1.00,1.00
2016.12.13 14:53:42.199,0.7513,0.7514,1.12,1.87
2016.12.13 14:53:42.528,0.75136,0.75142,1.00,1.00
2016.12.13 14:53:42.580,0.75138,0.75145,1.00,1.31
2016.12.13 14:53:42.884,0.75136,0.75146,1.00,4.12
2016.12.13 14:53:43.395,0.75135,0.75146,2.62,3.37
2016.12.13 14:53:45.024,0.75137,0.75145,1.00,1.37
2016.12.13 14:53:45.540,0.75135,0.75144,1.50,1.87
2016.12.13 14:53:46.098,0.75136,0.75144,1.00,1.12
2016.12.13 14:53:46.453,0.75134,0.7514,1.37,1.00
2016.12.13 14:53:46.555,0.75133,0.75139,1.00,1.00
2016.12.13 14:53:47.060,0.75131,0.75138,1.50,1.00
2016.12.13 14:53:48.077,0.75129,0.75137,1.87,1.00
2016.12.13 14:53:48.128,0.75128,0.75138,1.87,1.00
2016.12.13 14:53:48.236,0.75127,0.75137,1.50,1.50
2016.12.13 14:53:48.812,0.75126,0.75135,2.06,1.00
2016.12.13 14:53:52.525,0.75125,0.75135,1.50,1.37
2016.12.13 14:53:52.627,0.75126,0.75136,1.50,2.81
2016.12.13 14:53:53.130,0.75128,0.75136,1.00,2.81
2016.12.13 14:53:54.041,0.75127,0.75136,1.12,1.25
2016.12.13 14:53:54.556,0.75128,0.75136,1.00,1.25
2016.12.13 14:53:55.015,0.75126,0.75136,1.50,2.06
2016.12.13 14:53:55.618,0.75126,0.75134,1.00,3.00
2016.12.13 14:53:55.724,0.75124,0.75133,1.25,1.50
2016.12.13 14:53:57.042,0.75124,0.75133,1.25,1.12
2016.12.13 14:53:57.551,0.75124,0.75132,1.69,1.00
2016.12.13 14:53:58.082,0.75124,0.7513,1.25,1.00
2016.12.13 14:53:58.134,0.75122,0.7513,1.00,1.00
2016.12.13 14:53:58.637,0.75121,0.75129,1.00,1.12
2016.12.13 14:54:00.090,0.7512,0.75128,1.12,1.00
2016.12.13 14:54:00.597,0.75121,0.75129,1.00,1.12
2016.12.13 14:54:00.749,0.75121,0.75131,3.00,1.12
2016.12.13 14:54:00.952,0.75123,0.75132,3.19,1.00
2016.12.13 14:54:01.145,0.75125,0.75136,1.12,4.12
2016.12.13 14:54:01.248,0.75125,0.75133,1.12,1.00
2016.12.13 14:54:01.859,0.75124,0.75132,1.12,1.00
2016.12.13 14:54:01.964,0.75122,0.75132,1.87,1.87
2016.12.13 14:54:02.068,0.75121,0.75132,4.87,1.87
2016.12.13 14:54:02.222,0.75122,0.75132,1.50,1.50
2016.12.13 14:54:02.762,0.75124,0.75133,1.00,4.69
2016.12.13 14:54:03.068,0.75121,0.75131,2.25,1.72
2016.12.13 14:54:03.223,0.7512,0.7513,1.00,3.75
2016.12.13 14:54:03.725,0.7512,0.7513,1.00,4.50
2016.12.13 14:54:06.721,0.7512,0.75127,1.00,1.00
2016.12.13 14:54:07.232,0.75119,0.75128,1.87,1.00
2016.12.13 14:54:08.147,0.75119,0.75128,1.12,1.87
2016.12.13 14:54:08.682,0.75119,0.75128,1.12,1.87
2016.12.13 14:54:14.089,0.75119,0.75128,1.12,1.50
2016.12.13 14:54:15.155,0.75119,0.75124,1.12,1.00
2016.12.13 14:54:15.360,0.75111,0.75119,2.06,1.00
2016.12.13 14:54:15.766,0.75111,0.75121,1.12,2.44
2016.12.13 14:54:16.224,0.75113,0.75122,4.50,1.50
2016.12.13 14:54:16.739,0.75113,0.75122,1.12,1.12
2016.12.13 14:54:17.245,0.75112,0.75122,2.06,1.87
2016.12.13 14:54:17.752,0.75113,0.75123,1.12,2.62
2016.12.13 14:54:18.284,0.75113,0.75121,1.00,1.00
2016.12.13 14:54:18.841,0.75112,0.75121,2.81,1.00
2016.12.13 14:54:19.375,0.75112,0.7512,2.81,1.00
2016.12.13 14:54:20.195,0.75113,0.75123,1.00,4.87
2016.12.13 14:54:20.297,0.75117,0.75123,1.00,1.00
2016.12.13 14:54:20.399,0.75117,0.75125,1.00,1.12
2016.12.13 14:54:20.500,0.75117,0.75127,2.25,2.44
2016.12.13 14:54:22.418,0.75118,0.75129,5.25,1.50
2016.12.13 14:54:22.468,0.7512,0.75129,1.50,1.37
2016.12.13 14:54:22.780,0.75122,0.7513,2.44,1.00
2016.12.13 14:54:22.882,0.75124,0.75133,1.00,3.37
2016.12.13 14:54:22.933,0.75126,0.75133,3.37,1.50
2016.12.13 14:54:23.237,0.75128,0.75133,1.00,1.00
2016.12.13 14:54:23.288,0.75128,0.75137,1.50,1.50
2016.12.13 14:54:23.946,0.75128,0.75138,1.00,4.16
2016.12.13 14:54:24.210,0.75128,0.75136,1.50,1.00
2016.12.13 14:54:24.564,0.75128,0.75134,1.00,1.00
2016.12.13 14:54:24.818,0.75126,0.75134,1.00,1.12
2016.12.13 14:54:25.325,0.75126,0.75135,1.00,1.12
2016.12.13 14:54:25.705,0.75128,0.75137,1.12,1.00
2016.12.13 14:54:26.212,0.75128,0.75138,2.62,1.69
2016.12.13 14:54:26.516,0.75127,0.75136,1.12,1.00
2016.12.13 14:54:27.056,0.75126,0.75135,1.87,1.00
2016.12.13 14:54:28.967,0.75125,0.75135,2.62,1.00
2016.12.13 14:54:29.473,0.75125,0.75136,3.00,1.00
2016.12.13 14:54:29.776,0.75125,0.75133,1.50,1.00
2016.12.13 14:54:29.979,0.75125,0.75135,1.12,1.12
2016.12.13 14:54:31.721,0.75125,0.75134,1.87,1.00
2016.12.13 14:54:32.023,0.75123,0.75133,1.12,2.25
2016.12.13 14:54:32.532,0.75121,0.7513,2.44,1.00
2016.12.13 14:54:33.074,0.75121,0.7513,1.69,1.00
2016.12.13 14:54:33.734,0.7512,0.7513,2.62,1.37
2016.12.13 14:54:34.240,0.7512,0.7513,2.25,1.12
2016.12.13 14:54:34.543,0.7512,0.75128,1.50,1.00
2016.12.13 14:54:37.674,0.7512,0.75129,2.62,1.00
2016.12.13 14:54:38.467,0.7512,0.75129,1.50,1.00
2016.12.13 14:54:38.872,0.75124,0.75131,1.00,1.87
2016.12.13 14:54:39.025,0.75125,0.75135,1.25,1.87
2016.12.13 14:54:39.127,0.75125,0.75133,4.69,1.00
2016.12.13 14:54:39.229,0.75123,0.75133,2.62,1.00
2016.12.13 14:54:39.332,0.75123,0.75131,2.25,1.00
2016.12.13 14:54:39.941,0.75122,0.75132,1.00,1.12
2016.12.13 14:54:40.255,0.7512,0.75129,2.62,1.00
2016.12.13 14:54:41.485,0.75119,0.75129,2.25,1.00
2016.12.13 14:54:43.448,0.75119,0.75129,1.12,1.72
2016.12.13 14:54:43.955,0.75118,0.75127,3.19,1.35
2016.12.13 14:54:44.463,0.75119,0.75128,1.12,1.30
2016.12.13 14:54:49.546,0.75118,0.75124,1.37,2.25
2016.12.13 14:54:49.648,0.75116,0.75122,1.00,1.00
2016.12.13 14:54:49.700,0.75113,0.75122,3.94,1.00
2016.12.13 14:54:49.957,0.75115,0.75124,1.00,3.00
2016.12.13 14:54:50.465,0.75117,0.75126,1.00,3.00
2016.12.13 14:54:50.566,0.75117,0.75126,1.00,4.50
2016.12.13 14:54:50.892,0.75119,0.75127,1.00,1.69
2016.12.13 14:54:51.198,0.75117,0.75127,1.00,1.69
2016.12.13 14:54:54.438,0.75118,0.75126,1.50,1.00
2016.12.13 14:54:54.641,0.7512,0.75127,1.00,1.54
2016.12.13 14:54:55.666,0.75118,0.75127,1.50,1.54
2016.12.13 14:54:56.527,0.75119,0.75127,1.00,1.69
2016.12.13 14:54:57.081,0.7512,0.75127,1.00,1.91
2016.12.13 14:54:57.593,0.75119,0.75127,1.00,2.44
2016.12.13 14:54:58.049,0.75116,0.75124,3.00,1.00
2016.12.13 14:54:58.201,0.75115,0.75124,1.00,1.00
2016.12.13 14:54:58.303,0.75117,0.75125,1.00,1.37
2016.12.13 14:54:58.807,0.75117,0.75127,1.00,9.56
2016.12.13 14:54:59.212,0.75117,0.75127,1.00,6.41
2016.12.13 14:54:59.731,0.75117,0.75126,1.00,1.00
2016.12.13 14:55:00.740,0.75118,0.75126,1.00,1.00
2016.12.13 14:55:00.792,0.7512,0.75127,1.00,1.69
2016.12.13 14:55:00.893,0.75119,0.75129,1.00,7.16
2016.12.13 14:55:01.399,0.7512,0.75129,1.12,5.29
2016.12.13 14:55:03.025,0.7512,0.75129,1.12,1.85
2016.12.13 14:55:03.693,0.7512,0.75129,1.12,2.29
2016.12.13 14:55:04.250,0.7512,0.75129,1.12,3.79
2016.12.13 14:55:05.124,0.75119,0.75129,1.50,2.29
2016.12.13 14:55:05.277,0.75122,0.7513,1.00,1.12
2016.12.13 14:55:05.429,0.75121,0.75132,5.25,1.12
2016.12.13 14:55:05.531,0.75121,0.75132,1.87,2.85
2016.12.13 14:55:05.734,0.7512,0.7513,1.50,1.50
2016.12.13 14:55:06.113,0.7512,0.75128,1.00,1.35
2016.12.13 14:55:07.488,0.75119,0.75126,1.00,1.00
2016.12.13 14:55:07.641,0.75117,0.75126,2.62,1.12
2016.12.13 14:55:07.844,0.75116,0.75124,2.62,1.00
2016.12.13 14:55:08.047,0.75113,0.75122,3.00,1.00
2016.12.13 14:55:08.301,0.75111,0.75119,5.44,1.00
2016.12.13 14:55:08.454,0.75112,0.75121,1.00,1.00
2016.12.13 14:55:08.916,0.75112,0.75123,3.37,3.00
2016.12.13 14:55:08.967,0.75114,0.75122,2.25,1.00
2016.12.13 14:55:09.172,0.75117,0.75126,1.87,1.00
2016.12.13 14:55:09.223,0.75117,0.75126,2.25,1.00
2016.12.13 14:55:09.830,0.75117,0.75127,2.62,1.25
2016.12.13 14:55:10.360,0.75116,0.75127,4.87,2.44
2016.12.13 14:55:10.411,0.75116,0.75125,5.62,1.00
2016.12.13 14:55:12.025,0.75116,0.75125,1.12,1.00
2016.12.13 14:55:12.817,0.75117,0.75127,1.00,5.81
2016.12.13 14:55:13.120,0.75119,0.75127,1.50,1.25
2016.12.13 14:55:15.447,0.75119,0.75129,1.00,1.00
2016.12.13 14:55:15.498,0.75121,0.75129,1.00,1.00
2016.12.13 14:55:16.005,0.75121,0.7513,1.00,1.12
2016.12.13 14:55:17.048,0.7512,0.7513,1.12,1.12
2016.12.13 14:55:20.396,0.75121,0.75131,1.00,3.37
2016.12.13 14:55:21.805,0.7512,0.75129,1.12,1.50
2016.12.13 14:55:22.166,0.75118,0.75128,2.44,2.10
2016.12.13 14:55:22.673,0.75119,0.75128,1.00,2.25
2016.12.13 14:55:24.187,0.75118,0.75127,1.69,1.30
2016.12.13 14:55:25.612,0.75117,0.75124,1.12,2.25
2016.12.13 14:55:25.663,0.75115,0.75123,1.50,1.12
2016.12.13 14:55:25.765,0.75113,0.75122,1.87,1.00
2016.12.13 14:55:26.238,0.75116,0.75121,1.00,1.00
2016.12.13 14:55:26.344,0.75117,0.75123,1.00,1.00
2016.12.13 14:55:26.446,0.75115,0.75125,1.69,1.50
2016.12.13 14:55:26.497,0.75115,0.75123,2.06,1.50
2016.12.13 14:55:27.004,0.75115,0.75123,1.69,2.25
2016.12.13 14:55:27.309,0.75119,0.75126,1.00,1.87
2016.12.13 14:55:27.818,0.75119,0.75127,1.00,1.25
2016.12.13 14:55:32.077,0.75117,0.75127,1.12,2.44
2016.12.13 14:55:32.355,0.75116,0.75125,1.50,2.85
2016.12.13 14:55:32.406,0.75115,0.75124,1.31,1.12
2016.12.13 14:55:32.609,0.75113,0.75123,3.00,1.12
2016.12.13 14:55:32.914,0.75115,0.75123,1.00,1.87
2016.12.13 14:55:33.422,0.75114,0.75122,1.25,2.62
2016.12.13 14:55:33.931,0.75114,0.75121,1.25,1.00
2016.12.13 14:55:34.438,0.75114,0.75122,1.69,1.87
2016.12.13 14:55:34.691,0.75115,0.75124,1.12,1.12
2016.12.13 14:55:35.028,0.75115,0.75123,1.00,1.12
2016.12.13 14:55:35.434,0.75118,0.75124,1.00,1.50
2016.12.13 14:55:35.536,0.75117,0.75125,1.00,1.87
2016.12.13 14:55:35.638,0.75116,0.75123,1.37,1.12
2016.12.13 14:55:35.790,0.75114,0.75122,1.00,1.50
2016.12.13 14:55:37.227,0.75115,0.75123,1.00,1.75
2016.12.13 14:55:37.329,0.75116,0.75124,1.00,1.00
2016.12.13 14:55:37.684,0.75113,0.75124,2.25,2.25
2016.12.13 14:55:37.785,0.75113,0.75124,1.50,3.75
2016.12.13 14:55:38.327,0.75114,0.75124,1.00,3.75
2016.12.13 14:55:38.634,0.75118,0.75127,1.00,1.69
2016.12.13 14:55:39.141,0.75117,0.75127,1.00,3.41
2016.12.13 14:55:39.647,0.75117,0.75126,1.00,1.50
2016.12.13 14:55:40.117,0.75115,0.75124,1.00,1.00
2016.12.13 14:55:40.220,0.75113,0.75123,1.50,3.00
2016.12.13 14:55:40.373,0.75116,0.75125,1.00,7.12
2016.12.13 14:55:40.526,0.75116,0.75126,1.00,1.87
2016.12.13 14:55:40.628,0.75118,0.75126,1.00,1.00
2016.12.13 14:55:41.145,0.75119,0.75126,1.00,1.37
2016.12.13 14:55:41.500,0.75116,0.75126,1.37,1.72
2016.12.13 14:55:41.652,0.75115,0.75125,1.87,1.12
2016.12.13 14:55:41.804,0.75117,0.75124,1.00,1.00
2016.12.13 14:55:41.906,0.75115,0.75125,1.50,2.10
2016.12.13 14:55:42.422,0.75114,0.75124,1.12,1.12
2016.12.13 14:55:42.627,0.75114,0.75124,1.00,2.25
2016.12.13 14:55:43.134,0.75113,0.75122,1.50,1.00
2016.12.13 14:55:43.792,0.75115,0.75124,1.00,2.25
2016.12.13 14:55:43.843,0.75115,0.75124,1.00,1.87
2016.12.13 14:55:44.139,0.75113,0.75123,1.87,1.37
2016.12.13 14:55:45.790,0.75113,0.75122,1.00,1.87
2016.12.13 14:55:48.804,0.75112,0.75122,2.81,1.37
2016.12.13 14:55:49.310,0.75113,0.75122,1.00,1.37
2016.12.13 14:55:50.588,0.75114,0.75122,1.50,1.37
2016.12.13 14:55:50.740,0.75116,0.75124,1.00,1.12
2016.12.13 14:55:50.943,0.75115,0.75122,1.00,1.50
2016.12.13 14:55:51.045,0.75112,0.75123,2.62,3.00
2016.12.13 14:55:51.551,0.75112,0.75122,2.62,1.87
2016.12.13 14:55:52.647,0.75114,0.75123,1.00,2.62
2016.12.13 14:55:53.922,0.75116,0.75123,1.00,1.12
2016.12.13 14:55:54.024,0.75117,0.75125,1.00,1.50
2016.12.13 14:55:54.177,0.75118,0.75127,1.00,2.25
2016.12.13 14:55:55.207,0.75119,0.75127,1.00,1.00
2016.12.13 14:55:56.567,0.75119,0.75128,1.00,1.31
2016.12.13 14:55:57.529,0.7512,0.75128,1.00,1.31
2016.12.13 14:55:58.651,0.75121,0.75128,1.00,1.25
2016.12.13 14:55:59.638,0.75122,0.75127,2.62,1.00
2016.12.13 14:55:59.697,0.75127,0.75132,1.00,1.12
2016.12.13 14:55:59.749,0.75128,0.75137,1.00,7.31
2016.12.13 14:55:59.851,0.75126,0.75134,1.37,1.00
2016.12.13 14:55:59.952,0.75124,0.75134,1.12,2.25
2016.12.13 14:56:00.308,0.75123,0.75132,1.37,1.87
2016.12.13 14:56:00.359,0.75122,0.75131,1.00,2.62
2016.12.13 14:56:00.563,0.7512,0.7513,2.25,2.25
2016.12.13 14:56:00.872,0.7512,0.75128,1.12,1.00
2016.12.13 14:56:01.228,0.75122,0.75129,1.00,1.00
2016.12.13 14:56:01.990,0.75122,0.7513,1.00,2.25
2016.12.13 14:56:02.142,0.7512,0.7513,1.87,2.25
2016.12.13 14:56:02.686,0.75122,0.7513,1.00,3.37
2016.12.13 14:56:02.993,0.75125,0.75134,1.50,1.87
2016.12.13 14:56:03.097,0.75126,0.75135,1.00,3.75
2016.12.13 14:56:03.605,0.75125,0.75134,1.00,2.44
2016.12.13 14:56:05.228,0.75124,0.75134,1.00,6.19
2016.12.13 14:56:05.766,0.75123,0.75131,1.00,1.00
2016.12.13 14:56:06.071,0.75121,0.75131,1.50,2.44
2016.12.13 14:56:06.578,0.7512,0.75131,1.87,3.19
2016.12.13 14:56:15.948,0.7512,0.7513,1.00,6.00
2016.12.13 14:56:16.455,0.75119,0.75128,1.69,1.00
2016.12.13 14:56:16.642,0.75117,0.75126,2.25,3.00
2016.12.13 14:56:16.946,0.75116,0.75126,1.87,3.75
2016.12.13 14:56:17.452,0.75117,0.75126,1.00,3.75
2016.12.13 14:56:18.565,0.75117,0.75126,1.00,3.00
2016.12.13 14:56:19.682,0.75116,0.75126,1.50,2.25
2016.12.13 14:56:20.659,0.75116,0.75124,1.00,1.50
2016.12.13 14:56:20.811,0.75113,0.75122,1.12,2.62
2016.12.13 14:56:20.963,0.75116,0.75123,1.00,1.50
2016.12.13 14:56:21.014,0.75116,0.75126,1.50,2.62
2016.12.13 14:56:21.116,0.75116,0.75126,2.25,1.00
2016.12.13 14:56:21.633,0.75118,0.75126,1.00,1.50
2016.12.13 14:56:22.393,0.75117,0.75126,1.00,1.00
2016.12.13 14:56:22.444,0.7512,0.75127,1.00,1.69
2016.12.13 14:56:22.950,0.7512,0.75127,1.00,1.25
2016.12.13 14:56:23.514,0.75121,0.75127,1.00,1.25
2016.12.13 14:56:24.171,0.75119,0.75127,1.87,1.25
2016.12.13 14:56:24.887,0.7512,0.75127,1.12,1.25
2016.12.13 14:56:25.697,0.75121,0.75129,1.00,2.62
2016.12.13 14:56:26.061,0.75118,0.75127,3.19,1.00
2016.12.13 14:56:26.316,0.75115,0.75123,1.00,1.00
2016.12.13 14:56:26.975,0.75116,0.75124,1.00,1.50
2016.12.13 14:56:29.472,0.75116,0.75124,1.00,1.00
2016.12.13 14:56:29.980,0.75116,0.75125,1.00,3.00
2016.12.13 14:56:30.132,0.75119,0.75126,1.00,1.50
2016.12.13 14:56:30.239,0.75119,0.75127,2.25,1.00
2016.12.13 14:56:30.445,0.7512,0.7513,1.50,1.50
2016.12.13 14:56:30.952,0.75121,0.7513,1.50,1.00
2016.12.13 14:56:32.729,0.75121,0.75129,1.00,2.25
2016.12.13 14:56:32.882,0.75118,0.75127,1.87,1.00
2016.12.13 14:56:32.933,0.75118,0.75127,1.50,1.50
2016.12.13 14:56:33.654,0.75118,0.75128,1.50,1.87
2016.12.13 14:56:34.172,0.75118,0.75128,1.00,5.25
2016.12.13 14:56:35.501,0.75117,0.75128,1.50,6.00
2016.12.13 14:56:35.858,0.75115,0.75124,5.44,3.00
2016.12.13 14:56:36.011,0.75113,0.75123,1.31,2.62
2016.12.13 14:56:37.220,0.75114,0.75124,1.00,3.19
2016.12.13 14:56:37.729,0.75114,0.75124,2.10,1.69
2016.12.13 14:56:38.085,0.75113,0.75122,2.00,1.50
2016.12.13 14:56:38.137,0.75113,0.75122,1.31,1.12
2016.12.13 14:56:39.511,0.75113,0.75121,1.00,1.25
2016.12.13 14:56:43.693,0.75114,0.75123,4.69,1.50
2016.12.13 14:56:43.794,0.75117,0.75125,1.00,1.87
2016.12.13 14:56:43.896,0.75116,0.75127,1.87,2.25
2016.12.13 14:56:43.947,0.75116,0.75127,1.87,1.50
2016.12.13 14:56:44.251,0.75114,0.75124,3.19,1.50
2016.12.13 14:56:44.353,0.75113,0.75123,2.62,1.12
2016.12.13 14:56:44.708,0.75112,0.75121,3.75,1.00
2016.12.13 14:56:45.216,0.75112,0.75121,1.50,1.00
2016.12.13 14:56:46.347,0.75112,0.75123,4.35,3.37
2016.12.13 14:56:46.651,0.75115,0.75124,1.00,1.12
2016.12.13 14:56:47.603,0.75114,0.75123,1.50,1.12
2016.12.13 14:56:47.654,0.75113,0.75123,1.12,1.12
2016.12.13 14:56:47.705,0.75112,0.75121,2.62,1.00
2016.12.13 14:56:49.777,0.75113,0.75122,1.72,1.00
2016.12.13 14:56:50.078,0.75114,0.75125,1.87,2.44
2016.12.13 14:56:50.435,0.75117,0.75124,1.50,1.00
2016.12.13 14:56:50.486,0.75115,0.75125,4.31,2.25
2016.12.13 14:56:50.537,0.75117,0.75126,1.12,3.00
2016.12.13 14:56:51.147,0.75117,0.75128,1.35,4.87
2016.12.13 14:56:51.313,0.75116,0.75126,7.16,1.00
2016.12.13 14:56:51.819,0.75117,0.75126,1.35,1.00
2016.12.13 14:56:52.426,0.75118,0.75126,1.00,1.00
2016.12.13 14:56:52.947,0.75118,0.75125,1.00,2.62
2016.12.13 14:56:53.454,0.75116,0.75126,1.87,4.12
2016.12.13 14:56:53.505,0.75116,0.75124,1.12,1.50
2016.12.13 14:56:53.809,0.75112,0.75119,1.12,1.50
2016.12.13 14:56:56.615,0.75112,0.75119,3.97,1.00
2016.12.13 14:56:57.139,0.75112,0.7512,4.72,1.00
2016.12.13 14:56:58.877,0.75113,0.75122,2.47,4.12
2016.12.13 14:56:59.384,0.75114,0.75121,1.30,1.00
2016.12.13 14:56:59.890,0.75113,0.7512,1.72,1.00
2016.12.13 14:57:00.626,0.75113,0.75121,1.12,1.00
2016.12.13 14:57:00.930,0.75112,0.75119,1.00,1.00
2016.12.13 14:57:01.436,0.7511,0.75119,3.56,1.00
2016.12.13 14:57:04.788,0.75112,0.7512,1.00,1.87
2016.12.13 14:57:05.303,0.7511,0.75119,5.44,1.87
2016.12.13 14:57:07.416,0.7511,0.75119,1.25,2.25
2016.12.13 14:57:07.922,0.7511,0.75119,1.25,5.25
2016.12.13 14:57:08.525,0.7511,0.75119,1.25,3.00
2016.12.13 14:57:09.032,0.7511,0.75118,1.25,1.00
2016.12.13 14:57:18.340,0.7511,0.75119,1.25,1.12
2016.12.13 14:57:18.942,0.75111,0.75119,1.00,1.00
2016.12.13 14:57:19.450,0.7511,0.75119,3.56,1.00
2016.12.13 14:57:19.956,0.7511,0.75118,1.25,1.00
2016.12.13 14:57:27.777,0.7511,0.75119,1.62,1.50
2016.12.13 14:57:28.102,0.75116,0.75123,1.00,2.62
2016.12.13 14:57:28.306,0.75118,0.75126,2.25,1.50
2016.12.13 14:57:28.459,0.75117,0.75124,5.62,1.00
2016.12.13 14:57:28.764,0.75118,0.75126,1.00,1.00
2016.12.13 14:57:29.271,0.75118,0.75127,1.12,1.12
2016.12.13 14:57:29.778,0.75118,0.75128,3.75,4.87
2016.12.13 14:57:29.829,0.7512,0.75128,1.00,4.12
2016.12.13 14:57:31.049,0.75119,0.75128,1.50,2.25
2016.12.13 14:57:31.606,0.75119,0.75127,1.50,1.00
2016.12.13 14:57:32.116,0.75118,0.75126,1.12,1.00
2016.12.13 14:57:32.975,0.75117,0.75126,1.12,3.00
2016.12.13 14:57:34.507,0.75118,0.75126,1.00,1.50
2016.12.13 14:57:34.811,0.75119,0.75128,1.87,1.69
2016.12.13 14:57:35.269,0.75118,0.75127,1.50,1.00
2016.12.13 14:57:36.175,0.75118,0.75127,1.87,1.00
2016.12.13 14:57:36.683,0.75117,0.75126,1.87,2.25
2016.12.13 14:57:37.222,0.75117,0.75126,1.37,2.25
2016.12.13 14:57:37.729,0.75117,0.75125,1.87,1.00
2016.12.13 14:57:37.882,0.7512,0.75128,1.12,3.19
2016.12.13 14:57:38.479,0.7512,0.75125,1.12,1.00
2016.12.13 14:57:38.581,0.75117,0.75124,2.25,1.00
2016.12.13 14:57:38.827,0.75119,0.75126,1.12,1.00
2016.12.13 14:57:39.333,0.75117,0.75126,1.37,1.00
2016.12.13 14:57:39.740,0.7512,0.75127,1.00,1.00
2016.12.13 14:57:40.045,0.75117,0.75125,1.87,1.00
2016.12.13 14:57:40.470,0.75117,0.75127,1.87,2.62
2016.12.13 14:57:40.573,0.7512,0.75127,1.00,1.00
2016.12.13 14:57:40.880,0.75118,0.75125,1.12,1.00
2016.12.13 14:57:41.691,0.75118,0.75127,1.50,1.00
2016.12.13 14:57:42.225,0.75119,0.75128,1.00,1.69
2016.12.13 14:57:43.934,0.75119,0.75125,1.00,1.00
2016.12.13 14:57:44.035,0.75117,0.75125,3.75,1.00
2016.12.13 14:57:44.137,0.7512,0.75128,1.00,1.25
2016.12.13 14:57:44.443,0.75126,0.75132,1.00,1.87
2016.12.13 14:57:44.595,0.75126,0.75134,1.00,2.81
2016.12.13 14:57:44.890,0.75126,0.7513,1.00,1.00
2016.12.13 14:57:44.941,0.75124,0.75132,1.00,1.12
2016.12.13 14:57:45.450,0.75123,0.75131,1.00,1.12
2016.12.13 14:57:46.159,0.75123,0.7513,1.00,1.00
2016.12.13 14:57:50.135,0.75123,0.75129,1.00,1.00
2016.12.13 14:57:50.972,0.75121,0.75129,1.12,1.00
2016.12.13 14:57:55.835,0.75121,0.7513,1.12,1.12
2016.12.13 14:57:55.987,0.75123,0.75131,1.00,2.25
2016.12.13 14:57:56.038,0.75124,0.75133,1.30,1.12
2016.12.13 14:57:56.141,0.75126,0.75134,1.50,1.00
2016.12.13 14:57:56.446,0.75131,0.75137,1.00,1.25
2016.12.13 14:57:56.950,0.7513,0.75138,1.00,3.00
2016.12.13 14:57:57.559,0.75131,0.75138,1.00,1.00
2016.12.13 14:57:58.727,0.75129,0.75138,1.12,1.00
2016.12.13 14:57:59.134,0.75129,0.75136,1.00,1.00
2016.12.13 14:58:00.011,0.75129,0.75137,1.00,1.00
2016.12.13 14:58:00.366,0.75131,0.75138,1.00,1.00
2016.12.13 14:58:03.035,0.7513,0.75138,1.00,1.00
2016.12.13 14:58:03.542,0.75131,0.75138,1.50,1.00
2016.12.13 14:58:04.159,0.75131,0.75139,1.50,1.50
2016.12.13 14:58:07.695,0.7513,0.75139,3.37,1.00
2016.12.13 14:58:08.742,0.75132,0.75139,1.00,1.00
2016.12.13 14:58:09.258,0.75132,0.7514,1.00,2.06
2016.12.13 14:58:09.765,0.75131,0.7514,1.00,1.69
2016.12.13 14:58:10.812,0.75131,0.7514,4.12,1.69
2016.12.13 14:58:11.572,0.75132,0.75141,2.81,1.00
2016.12.13 14:58:11.911,0.75137,0.75143,2.25,1.37
2016.12.13 14:58:12.015,0.75139,0.75148,1.50,3.94
2016.12.13 14:58:12.067,0.75141,0.75148,1.00,3.19
2016.12.13 14:58:12.362,0.75138,0.75147,1.50,1.00
2016.12.13 14:58:13.969,0.7514,0.75148,1.00,2.44
2016.12.13 14:58:14.487,0.7514,0.75148,2.25,1.00
2016.12.13 14:58:15.014,0.7514,0.75149,1.00,1.12
2016.12.13 14:58:15.591,0.75139,0.75147,1.00,1.00
2016.12.13 14:58:16.097,0.75138,0.75149,5.06,1.50
2016.12.13 14:58:16.401,0.7514,0.75148,1.00,1.12
2016.12.13 14:58:16.907,0.75141,0.75148,1.00,2.62
2016.12.13 14:58:18.665,0.75139,0.75148,1.00,1.12
2016.12.13 14:58:19.190,0.7514,0.75148,1.00,1.12
2016.12.13 14:58:24.048,0.7514,0.75148,1.00,1.50
2016.12.13 14:58:24.339,0.7514,0.75149,1.00,1.12
2016.12.13 14:58:24.593,0.7514,0.75147,1.00,1.00
2016.12.13 14:58:26.966,0.7514,0.75148,1.00,2.25
2016.12.13 14:58:28.762,0.75139,0.75148,1.00,1.00
2016.12.13 14:58:29.372,0.75139,0.75148,1.00,3.00
2016.12.13 14:58:29.701,0.75141,0.75148,1.00,1.12
2016.12.13 14:58:30.059,0.75139,0.75149,2.25,2.25
2016.12.13 14:58:30.920,0.75139,0.75148,3.37,1.12
2016.12.13 14:58:31.465,0.75139,0.75148,2.25,1.12
2016.12.13 14:58:31.977,0.75139,0.75148,5.25,1.00
2016.12.13 14:58:32.332,0.75141,0.7515,1.50,2.62
2016.12.13 14:58:32.492,0.75143,0.7515,1.00,1.00
2016.12.13 14:58:32.645,0.75143,0.75152,1.00,1.87
2016.12.13 14:58:32.798,0.75142,0.7515,3.00,1.00
2016.12.13 14:58:33.103,0.75138,0.75148,5.06,2.25
2016.12.13 14:58:33.649,0.75139,0.75148,1.00,2.25
2016.12.13 14:58:35.744,0.75139,0.75145,1.00,1.50
2016.12.13 14:58:35.896,0.75137,0.75144,1.00,1.00
2016.12.13 14:58:35.948,0.75137,0.75142,1.50,1.00
2016.12.13 14:58:35.999,0.75135,0.75142,1.12,1.50
2016.12.13 14:58:36.050,0.75133,0.75142,1.50,1.50
2016.12.13 14:58:36.202,0.75135,0.75143,1.00,2.62
2016.12.13 14:58:36.381,0.7514,0.75147,1.50,1.50
2016.12.13 14:58:36.888,0.75141,0.75148,1.00,1.87
2016.12.13 14:58:38.978,0.7514,0.75148,1.50,1.12
2016.12.13 14:58:39.485,0.75141,0.75148,1.00,1.12
2016.12.13 14:58:43.099,0.7514,0.75148,1.00,1.12
2016.12.13 14:58:44.855,0.75139,0.75149,1.12,2.25
2016.12.13 14:58:45.499,0.75141,0.75149,1.00,1.87
2016.12.13 14:58:46.409,0.75141,0.7515,1.50,2.44
2016.12.13 14:58:47.186,0.75143,0.75151,1.00,2.25
2016.12.13 14:58:47.491,0.75148,0.75155,1.00,2.62
2016.12.13 14:58:47.826,0.75145,0.75152,1.00,1.00
2016.12.13 14:58:48.332,0.75145,0.75153,1.00,1.87
2016.12.13 14:58:48.435,0.75148,0.75154,1.00,1.12
2016.12.13 14:58:48.789,0.75145,0.75154,1.00,2.25
2016.12.13 14:58:49.295,0.75145,0.75152,1.00,1.00
2016.12.13 14:58:49.846,0.75144,0.75152,1.00,2.25
2016.12.13 14:58:50.506,0.75143,0.75152,2.62,2.62
2016.12.13 14:58:52.599,0.75143,0.75152,1.50,1.00
2016.12.13 14:58:53.872,0.75142,0.75152,3.37,1.50
2016.12.13 14:58:54.048,0.75141,0.7515,2.62,1.00
2016.12.13 14:58:54.151,0.75139,0.75149,3.94,1.87
2016.12.13 14:58:54.658,0.75139,0.75149,3.19,1.50
2016.12.13 14:58:55.017,0.7514,0.7515,2.25,1.50
2016.12.13 14:58:55.221,0.75141,0.75151,3.37,1.00
2016.12.13 14:58:55.734,0.75142,0.75151,2.06,1.00
2016.12.13 14:58:56.138,0.75145,0.75151,1.00,1.00
2016.12.13 14:58:56.684,0.75144,0.75151,1.00,1.00
2016.12.13 14:58:57.343,0.75142,0.75151,2.81,1.00
2016.12.13 14:58:57.700,0.75142,0.75147,1.00,1.00
2016.12.13 14:58:57.803,0.75139,0.75147,2.44,1.00
2016.12.13 14:58:58.006,0.7514,0.75149,1.00,1.00
2016.12.13 14:58:58.867,0.75139,0.75149,2.44,1.00
2016.12.13 14:58:59.237,0.75141,0.7515,1.00,2.25
2016.12.13 14:59:00.051,0.75142,0.7515,1.00,1.50
2016.12.13 14:59:00.569,0.75143,0.7515,1.12,1.00
2016.12.13 14:59:03.962,0.75143,0.75151,2.47,1.00
2016.12.13 14:59:04.013,0.75144,0.75153,2.25,1.87
2016.12.13 14:59:04.064,0.75146,0.75153,1.00,1.12
2016.12.13 14:59:04.749,0.75146,0.75154,1.50,1.00
2016.12.13 14:59:05.055,0.75148,0.75155,1.50,1.00
2016.12.13 14:59:05.212,0.75146,0.75155,2.25,1.00
2016.12.13 14:59:05.468,0.75146,0.75152,1.50,1.00
2016.12.13 14:59:05.570,0.75146,0.75155,1.00,2.06
2016.12.13 14:59:05.621,0.75149,0.75156,1.25,1.12
2016.12.13 14:59:05.723,0.7515,0.75159,1.00,6.56
2016.12.13 14:59:05.911,0.7515,0.75154,1.00,1.00
2016.12.13 14:59:06.013,0.75148,0.75156,2.25,1.50
2016.12.13 14:59:06.520,0.75151,0.75157,1.00,1.00
2016.12.13 14:59:06.774,0.75151,0.75159,1.00,3.19
2016.12.13 14:59:07.313,0.75151,0.75158,1.00,1.00
2016.12.13 14:59:07.819,0.75151,0.75159,1.00,1.00
2016.12.13 14:59:09.087,0.7515,0.75158,1.12,1.00
2016.12.13 14:59:10.784,0.75148,0.75159,10.69,1.00
2016.12.13 14:59:12.159,0.7515,0.75161,1.87,5.62
2016.12.13 14:59:12.214,0.75152,0.75161,1.00,1.50
2016.12.13 14:59:13.657,0.75154,0.75161,1.00,1.00
2016.12.13 14:59:14.207,0.75155,0.75161,1.00,1.00
2016.12.13 14:59:15.000,0.75154,0.75162,1.00,1.00
2016.12.13 14:59:15.207,0.75151,0.7516,1.00,1.12
2016.12.13 14:59:15.720,0.7515,0.75159,1.87,1.00
2016.12.13 14:59:16.278,0.75149,0.75158,1.25,1.50
2016.12.13 14:59:16.792,0.75149,0.75159,1.25,1.00
2016.12.13 14:59:17.451,0.7515,0.75158,1.00,1.00
2016.12.13 14:59:17.503,0.75149,0.7516,5.44,4.12
2016.12.13 14:59:18.025,0.75151,0.7516,1.50,1.00
2016.12.13 14:59:18.330,0.75163,0.7517,1.00,3.94
2016.12.13 14:59:18.381,0.75164,0.75171,1.00,1.87
2016.12.13 14:59:18.483,0.75164,0.75173,1.00,1.12
2016.12.13 14:59:18.636,0.75167,0.75174,1.00,1.00
2016.12.13 14:59:18.941,0.75163,0.75173,1.50,2.81
2016.12.13 14:59:19.129,0.75163,0.75171,1.00,1.12
2016.12.13 14:59:19.332,0.75161,0.7517,1.69,1.87
2016.12.13 14:59:19.383,0.75161,0.75168,1.69,1.00
2016.12.13 14:59:19.889,0.7516,0.75168,1.87,1.00
2016.12.13 14:59:20.490,0.75161,0.75168,1.00,1.00
2016.12.13 14:59:22.125,0.7516,0.75168,1.00,1.00
2016.12.13 14:59:23.467,0.7516,0.7517,1.00,2.62
2016.12.13 14:59:23.772,0.75158,0.75167,1.50,1.00
2016.12.13 14:59:24.077,0.75157,0.75165,1.00,1.12
2016.12.13 14:59:24.596,0.75157,0.75165,1.00,1.50
2016.12.13 14:59:24.647,0.75155,0.75164,1.12,2.62
2016.12.13 14:59:25.153,0.75154,0.75164,1.50,1.50
2016.12.13 14:59:25.457,0.75156,0.75164,1.00,1.50
2016.12.13 14:59:25.811,0.75154,0.75161,2.25,1.12
2016.12.13 14:59:26.317,0.75153,0.75161,1.00,1.00
2016.12.13 14:59:26.621,0.75156,0.75165,1.12,1.87
2016.12.13 14:59:26.825,0.75157,0.75167,1.12,2.62
2016.12.13 14:59:27.053,0.75155,0.75165,2.81,1.00
2016.12.13 14:59:27.561,0.75155,0.75165,2.25,1.00
2016.12.13 14:59:28.443,0.75155,0.75164,1.00,1.12
2016.12.13 14:59:28.747,0.75154,0.75162,1.00,1.12
2016.12.13 14:59:29.254,0.75154,0.75161,1.00,1.00
2016.12.13 14:59:29.482,0.75154,0.75163,1.12,1.12
2016.12.13 14:59:30.550,0.75154,0.75165,1.50,1.12
2016.12.13 14:59:30.678,0.75157,0.75164,1.50,1.00
2016.12.13 14:59:30.781,0.75154,0.75165,1.00,5.62
2016.12.13 14:59:30.985,0.75157,0.75165,1.00,1.12
2016.12.13 14:59:31.491,0.75157,0.75166,1.00,1.12
2016.12.13 14:59:31.802,0.75153,0.75161,3.00,1.00
2016.12.13 14:59:32.055,0.75153,0.75163,3.75,2.25
2016.12.13 14:59:32.208,0.75153,0.75163,3.00,3.37
2016.12.13 14:59:32.715,0.75152,0.75162,2.25,2.25
2016.12.13 14:59:33.969,0.75155,0.75163,1.00,2.62
2016.12.13 14:59:34.071,0.75156,0.75165,1.00,2.25
2016.12.13 14:59:34.274,0.75156,0.75166,1.00,3.94
2016.12.13 14:59:34.538,0.75154,0.75163,2.06,1.00
2016.12.13 14:59:34.690,0.75154,0.75164,3.56,1.12
2016.12.13 14:59:35.199,0.75154,0.75162,2.06,1.00
2016.12.13 14:59:35.586,0.75153,0.75163,1.12,3.00
2016.12.13 14:59:35.891,0.75155,0.75163,1.00,3.00
2016.12.13 14:59:36.096,0.75157,0.75166,1.50,1.69
2016.12.13 14:59:36.248,0.75156,0.75165,1.50,1.00
2016.12.13 14:59:36.553,0.75154,0.75164,3.19,1.12
2016.12.13 14:59:37.114,0.75154,0.75163,3.19,1.00
2016.12.13 14:59:37.215,0.75155,0.75163,1.37,1.00
2016.12.13 14:59:37.317,0.75155,0.75165,1.87,1.00
2016.12.13 14:59:40.474,0.75158,0.75165,1.00,1.50
2016.12.13 14:59:40.728,0.75156,0.75165,1.87,1.87
2016.12.13 14:59:41.964,0.75157,0.75165,1.00,1.00
2016.12.13 14:59:44.784,0.75155,0.75165,2.62,1.50
2016.12.13 14:59:46.528,0.75157,0.75165,1.12,1.00
2016.12.13 14:59:47.034,0.75156,0.75165,1.00,1.00
2016.12.13 14:59:47.742,0.75156,0.75166,1.00,4.69
2016.12.13 14:59:48.278,0.75156,0.75164,1.00,1.00
2016.12.13 14:59:49.866,0.75155,0.75163,1.87,1.00
2016.12.13 14:59:50.322,0.75156,0.75166,1.12,3.94
2016.12.13 14:59:50.575,0.75159,0.75166,1.00,1.25
2016.12.13 14:59:50.879,0.75157,0.75165,1.50,1.50
2016.12.13 14:59:51.988,0.75156,0.75165,1.00,2.25
2016.12.13 14:59:52.039,0.75156,0.75165,1.37,4.12
2016.12.13 14:59:52.546,0.75157,0.75165,1.00,1.12
2016.12.13 14:59:53.261,0.75156,0.75165,1.50,1.12
2016.12.13 14:59:54.856,0.75155,0.75164,1.12,1.00
2016.12.13 14:59:55.362,0.75155,0.75163,1.50,1.87
2016.12.13 14:59:59.708,0.75154,0.75162,1.12,1.00
