2009.07.10 03:00:06.039,0.77926,0.77944,1.50,0.78
2009.07.10 03:00:06.442,0.77923,0.77939,1.20,0.75
2009.07.10 03:00:06.812,0.77921,0.77939,1.70,1.10
2009.07.10 03:00:09.114,0.77924,0.77939,2.00,1.30
2009.07.10 03:00:09.260,0.77926,0.77944,1.50,1.10
2009.07.10 03:00:09.424,0.77931,0.77949,1.00,1.70
2009.07.10 03:00:09.739,0.77926,0.77944,0.78,1.40
2009.07.10 03:00:09.994,0.77921,0.77939,0.89,0.56
2009.07.10 03:00:10.153,0.77926,0.77944,0.72,1.40
2009.07.10 03:00:10.438,0.77921,0.77939,1.20,1.00
2009.07.10 03:00:10.645,0.77926,0.77944,0.96,2.00
2009.07.10 03:00:10.934,0.77921,0.77939,1.10,1.00
2009.07.10 03:00:11.177,0.77926,0.77944,0.67,2.60
2009.07.10 03:00:11.317,0.77921,0.77939,1.90,1.80
2009.07.10 03:00:11.538,0.77926,0.77944,0.69,1.10
2009.07.10 03:00:11.859,0.77921,0.77939,1.90,1.50
2009.07.10 03:00:12.193,0.77924,0.77939,0.74,1.30
2009.07.10 03:00:12.418,0.77926,0.77944,1.20,0.73
2009.07.10 03:00:12.956,0.77931,0.77949,1.60,1.50
2009.07.10 03:00:17.715,0.77926,0.77944,2.70,1.20
2009.07.10 03:00:18.758,0.77931,0.77949,2.00,0.63
2009.07.10 03:00:21.228,0.77932,0.77949,1.10,1.10
2009.07.10 03:00:21.445,0.77939,0.77949,0.55,1.40
2009.07.10 03:00:21.575,0.77946,0.77954,0.97,1.30
2009.07.10 03:00:21.901,0.77941,0.77959,1.30,1.50
2009.07.10 03:00:25.250,0.77936,0.77954,1.20,1.80
2009.07.10 03:00:28.241,0.77937,0.77954,1.40,1.10
2009.07.10 03:00:28.532,0.77944,0.77954,1.20,0.98
2009.07.10 03:00:28.762,0.77946,0.77964,2.50,1.40
2009.07.10 03:00:29.402,0.77951,0.77969,1.60,1.30
2009.07.10 03:00:29.738,0.77956,0.77974,1.20,1.00
2009.07.10 03:00:33.484,0.77951,0.77969,1.50,1.90
2009.07.10 03:00:39.414,0.77954,0.77969,0.82,1.10
2009.07.10 03:00:39.575,0.77956,0.77974,0.52,1.50
2009.07.10 03:00:41.472,0.77961,0.77979,1.10,1.00
2009.07.10 03:00:44.250,0.77956,0.77974,1.90,0.76
2009.07.10 03:00:45.232,0.77951,0.77969,1.20,1.00
2009.07.10 03:00:46.988,0.77956,0.77974,0.88,0.97
2009.07.10 03:00:47.049,0.77951,0.77969,0.71,1.60
2009.07.10 03:00:47.436,0.77956,0.77974,1.30,1.60
2009.07.10 03:00:47.568,0.77951,0.77969,1.40,1.10
2009.07.10 03:00:47.780,0.77946,0.77964,1.00,1.40
2009.07.10 03:00:49.293,0.77938,0.77954,0.62,1.00
2009.07.10 03:00:49.616,0.77936,0.77954,1.50,1.10
2009.07.10 03:00:49.710,0.77941,0.77959,0.98,0.87
2009.07.10 03:00:51.358,0.77944,0.77959,1.70,1.00
2009.07.10 03:00:51.753,0.77946,0.77964,0.81,1.70
2009.07.10 03:00:58.209,0.77939,0.77954,1.00,0.84
2009.07.10 03:00:58.801,0.77936,0.77954,1.10,0.92
2009.07.10 03:00:59.327,0.77941,0.77959,2.50,1.20
2009.07.10 03:00:59.419,0.77946,0.77964,1.30,0.95
2009.07.10 03:00:59.764,0.77951,0.77969,1.00,1.30
2009.07.10 03:01:00.544,0.77946,0.77964,0.48,1.10
2009.07.10 03:01:02.809,0.77951,0.77969,1.50,0.70
2009.07.10 03:01:03.942,0.77941,0.77959,1.60,0.95
2009.07.10 03:01:14.014,0.77943,0.77959,1.50,0.97
2009.07.10 03:01:14.412,0.77944,0.77959,1.30,1.30
2009.07.10 03:01:14.648,0.77951,0.77964,0.80,1.20
2009.07.10 03:01:14.958,0.77956,0.77974,1.30,1.80
2009.07.10 03:01:20.171,0.77951,0.77969,1.10,1.20
2009.07.10 03:01:20.563,0.77953,0.77969,2.90,1.60
2009.07.10 03:01:20.797,0.77956,0.77974,1.00,0.97
2009.07.10 03:01:21.328,0.77951,0.77969,1.10,1.40
2009.07.10 03:01:21.543,0.77953,0.77969,1.20,1.60
2009.07.10 03:01:21.780,0.77956,0.77974,1.40,1.60
2009.07.10 03:01:24.985,0.77959,0.77974,4.40,1.00
2009.07.10 03:01:25.727,0.77961,0.77974,0.89,1.10
2009.07.10 03:01:27.278,0.77956,0.77974,1.40,1.20
2009.07.10 03:01:30.232,0.77951,0.77969,1.50,0.84
2009.07.10 03:01:30.846,0.77956,0.77964,1.50,0.80
2009.07.10 03:01:33.094,0.77955,0.77969,1.60,1.20
2009.07.10 03:01:33.372,0.77966,0.77974,0.71,2.00
2009.07.10 03:01:33.747,0.7797,0.77974,1.80,1.30
2009.07.10 03:01:34.220,0.77966,0.77984,1.20,1.90
2009.07.10 03:01:34.280,0.77965,0.77979,1.00,0.89
2009.07.10 03:01:34.516,0.77961,0.77979,1.90,1.50
2009.07.10 03:01:34.914,0.7796,0.77974,0.80,0.86
2009.07.10 03:01:36.390,0.77956,0.77974,1.40,1.70
2009.07.10 03:01:36.620,0.77961,0.77979,1.50,1.80
2009.07.10 03:01:38.975,0.7797,0.77979,1.30,1.40
2009.07.10 03:01:41.192,0.7798,0.77984,0.69,2.00
2009.07.10 03:01:41.773,0.77985,0.77994,0.93,0.73
2009.07.10 03:01:44.096,0.77993,0.77999,0.81,1.90
2009.07.10 03:01:44.479,0.78,0.77999,1.20,0.64
2009.07.10 03:01:44.643,0.77996,0.78014,2.70,1.70
2009.07.10 03:01:44.764,0.78001,0.78014,1.60,1.00
2009.07.10 03:01:48.392,0.78006,0.78019,2.50,1.50
2009.07.10 03:01:48.859,0.78001,0.78019,1.70,0.98
2009.07.10 03:01:52.198,0.78,0.78014,1.50,1.50
2009.07.10 03:01:52.607,0.78001,0.78014,1.50,1.10
2009.07.10 03:01:52.988,0.78002,0.78019,0.97,1.90
2009.07.10 03:01:55.351,0.78018,0.78019,1.40,1.10
2009.07.10 03:01:55.546,0.78022,0.78019,1.30,0.84
2009.07.10 03:01:56.290,0.78027,0.78039,1.50,1.70
2009.07.10 03:01:56.340,0.78032,0.78046,2.00,1.20
2009.07.10 03:01:56.812,0.78027,0.78044,0.36,1.20
2009.07.10 03:01:57.332,0.78031,0.78049,0.95,1.00
2009.07.10 03:01:57.603,0.78035,0.78049,0.86,0.78
2009.07.10 03:01:57.771,0.78037,0.78049,2.10,1.60
2009.07.10 03:01:58.157,0.78042,0.78054,0.87,0.94
2009.07.10 03:01:58.535,0.78041,0.78059,0.54,1.40
2009.07.10 03:01:58.770,0.78037,0.78054,1.10,1.80
2009.07.10 03:01:59.263,0.78042,0.78054,1.60,1.20
2009.07.10 03:01:59.990,0.78041,0.78059,1.80,1.70
2009.07.10 03:02:00.906,0.7804,0.78054,0.68,1.00
2009.07.10 03:02:01.437,0.78038,0.78054,1.20,1.70
2009.07.10 03:02:01.798,0.78037,0.78054,0.78,0.89
2009.07.10 03:02:04.044,0.78052,0.78054,0.69,1.30
2009.07.10 03:02:04.181,0.78057,0.78054,2.60,1.80
2009.07.10 03:02:04.342,0.78056,0.78071,1.10,1.60
2009.07.10 03:02:04.466,0.78051,0.78059,2.00,1.20
2009.07.10 03:02:04.641,0.7805,0.78059,1.10,1.10
2009.07.10 03:02:04.734,0.78042,0.78059,2.40,1.80
2009.07.10 03:02:04.979,0.78047,0.78059,2.30,1.60
2009.07.10 03:02:05.481,0.78046,0.78064,0.75,1.00
2009.07.10 03:02:05.526,0.78042,0.78059,1.00,0.91
2009.07.10 03:02:06.298,0.78041,0.78059,1.20,1.40
2009.07.10 03:02:06.354,0.7804,0.78054,3.20,0.93
2009.07.10 03:02:06.944,0.78036,0.78054,0.56,1.50
2009.07.10 03:02:07.110,0.78045,0.78054,0.89,1.40
2009.07.10 03:02:07.376,0.78046,0.78059,1.60,0.72
2009.07.10 03:02:07.644,0.78049,0.78064,0.79,1.00
2009.07.10 03:02:07.799,0.78051,0.78069,1.60,1.20
2009.07.10 03:02:08.409,0.78049,0.78064,0.89,1.10
2009.07.10 03:02:08.980,0.78046,0.78064,0.91,0.93
2009.07.10 03:02:10.177,0.78044,0.78054,0.94,1.40
2009.07.10 03:02:10.383,0.78041,0.78054,1.60,1.90
2009.07.10 03:02:10.796,0.78036,0.78054,1.20,1.20
2009.07.10 03:02:11.012,0.78039,0.78054,2.00,1.10
2009.07.10 03:02:11.258,0.78041,0.78059,1.60,2.20
2009.07.10 03:02:11.541,0.78039,0.78054,0.63,1.70
2009.07.10 03:02:11.945,0.78036,0.78054,2.00,1.20
2009.07.10 03:02:12.366,0.78039,0.78054,0.74,1.10
2009.07.10 03:02:12.628,0.78041,0.78058,0.56,0.93
2009.07.10 03:02:13.484,0.78036,0.78054,1.10,0.98
2009.07.10 03:02:13.556,0.78031,0.78049,2.40,1.60
2009.07.10 03:02:14.045,0.78026,0.78044,1.80,0.79
2009.07.10 03:02:14.407,0.78024,0.78034,0.84,0.70
2009.07.10 03:02:14.579,0.78021,0.78034,2.00,1.70
2009.07.10 03:02:14.801,0.78016,0.78034,1.10,0.99
2009.07.10 03:02:17.001,0.78014,0.78029,1.30,0.76
2009.07.10 03:02:17.530,0.78011,0.78029,0.62,1.90
2009.07.10 03:02:19.801,0.78006,0.78024,0.88,1.20
2009.07.10 03:02:22.494,0.78013,0.78024,1.30,1.00
2009.07.10 03:02:22.648,0.78016,0.78034,1.00,1.30
2009.07.10 03:02:24.285,0.78011,0.78024,1.40,1.10
2009.07.10 03:02:24.928,0.78006,0.78024,1.50,0.80
2009.07.10 03:02:25.470,0.78008,0.78024,1.20,1.80
2009.07.10 03:02:25.927,0.78011,0.78029,1.60,0.92
2009.07.10 03:02:27.604,0.78006,0.78024,0.88,1.00
2009.07.10 03:02:29.489,0.78001,0.78019,1.00,1.30
2009.07.10 03:02:31.369,0.77996,0.78009,1.20,1.20
2009.07.10 03:02:31.813,0.77991,0.78009,1.50,0.84
2009.07.10 03:02:32.007,0.77986,0.78008,0.97,1.50
2009.07.10 03:02:32.899,0.77982,0.78008,1.30,0.75
2009.07.10 03:02:34.163,0.77981,0.77994,0.93,0.81
2009.07.10 03:02:34.877,0.77976,0.77994,2.40,1.40
2009.07.10 03:02:36.906,0.77971,0.77989,1.80,1.60
2009.07.10 03:02:38.005,0.77972,0.77989,0.88,0.92
2009.07.10 03:02:38.889,0.77976,0.77994,1.20,0.89
2009.07.10 03:02:39.298,0.77972,0.77989,1.90,1.00
2009.07.10 03:02:39.856,0.77971,0.77989,1.30,0.86
2009.07.10 03:02:41.480,0.77976,0.77994,1.70,1.10
2009.07.10 03:02:41.928,0.77979,0.77994,0.90,1.50
2009.07.10 03:02:44.425,0.77978,0.77994,1.40,1.20
2009.07.10 03:02:44.590,0.77981,0.77999,1.20,1.60
2009.07.10 03:02:53.245,0.77986,0.78004,1.10,1.50
2009.07.10 03:02:53.507,0.77991,0.78009,1.20,1.80
2009.07.10 03:03:11.024,0.77996,0.78014,1.20,1.40
2009.07.10 03:03:11.645,0.77997,0.78014,1.70,1.70
2009.07.10 03:03:11.980,0.78001,0.78019,1.70,0.87
2009.07.10 03:03:15.021,0.78009,0.78019,1.30,1.30
2009.07.10 03:03:15.800,0.78011,0.78029,2.10,0.89
2009.07.10 03:03:28.401,0.78004,0.78019,0.96,1.70
2009.07.10 03:03:29.034,0.78009,0.78019,1.50,0.52
2009.07.10 03:03:29.278,0.78019,0.78024,0.95,2.30
2009.07.10 03:03:29.403,0.78016,0.78034,1.20,0.91
2009.07.10 03:03:29.508,0.78011,0.78029,1.30,0.70
2009.07.10 03:03:29.668,0.78006,0.78028,0.83,0.98
2009.07.10 03:03:29.980,0.78003,0.78028,1.30,0.66
2009.07.10 03:03:32.701,0.78011,0.78029,1.80,1.40
2009.07.10 03:03:36.495,0.78006,0.78024,1.40,1.40
2009.07.10 03:03:37.059,0.78008,0.78024,2.70,1.40
2009.07.10 03:03:37.917,0.78011,0.78029,2.40,0.98
2009.07.10 03:03:41.011,0.78024,0.78029,0.89,0.71
2009.07.10 03:03:41.651,0.78026,0.78034,0.93,1.00
2009.07.10 03:03:42.453,0.78028,0.78044,1.10,0.89
2009.07.10 03:03:42.505,0.78031,0.78049,0.83,0.86
2009.07.10 03:03:46.312,0.78026,0.78044,1.30,1.30
2009.07.10 03:03:49.089,0.78021,0.78034,1.60,0.56
2009.07.10 03:03:49.603,0.78016,0.78034,0.84,1.80
2009.07.10 03:03:52.328,0.78006,0.78024,1.80,1.80
2009.07.10 03:03:53.037,0.78011,0.78029,0.92,1.50
2009.07.10 03:03:53.238,0.78017,0.78029,0.62,2.00
2009.07.10 03:03:53.489,0.78019,0.78029,0.70,0.97
2009.07.10 03:03:53.660,0.78026,0.78034,0.81,1.30
2009.07.10 03:03:53.992,0.78031,0.78046,1.20,1.40
2009.07.10 03:03:54.940,0.78021,0.78039,1.10,0.58
2009.07.10 03:03:55.084,0.78026,0.78041,1.40,1.80
2009.07.10 03:03:55.369,0.78019,0.78038,0.98,1.00
2009.07.10 03:03:55.497,0.78014,0.78038,0.85,1.80
2009.07.10 03:03:55.641,0.78012,0.78036,1.60,0.81
2009.07.10 03:03:55.959,0.78006,0.78024,2.20,0.74
2009.07.10 03:03:56.126,0.78012,0.78024,1.20,1.60
2009.07.10 03:03:56.632,0.78016,0.78026,2.50,0.92
2009.07.10 03:03:56.853,0.78021,0.78039,0.75,1.00
2009.07.10 03:03:57.685,0.78026,0.78041,0.57,1.40
2009.07.10 03:03:58.478,0.78031,0.78046,1.40,1.50
2009.07.10 03:03:58.591,0.78026,0.78044,2.40,1.10
2009.07.10 03:03:59.151,0.78021,0.78034,1.40,1.90
2009.07.10 03:03:59.385,0.78016,0.78034,2.10,2.30
2009.07.10 03:03:59.767,0.78026,0.78039,1.20,1.90
2009.07.10 03:04:01.073,0.78029,0.78044,0.79,1.00
2009.07.10 03:04:01.249,0.78036,0.78049,0.83,1.80
2009.07.10 03:04:01.496,0.78031,0.78044,2.10,1.20
2009.07.10 03:04:01.645,0.78026,0.78044,1.10,1.20
2009.07.10 03:04:01.670,0.78036,0.78044,0.80,1.80
2009.07.10 03:04:01.988,0.78039,0.78044,1.20,0.64
2009.07.10 03:04:02.254,0.78046,0.78049,1.30,1.70
2009.07.10 03:04:02.507,0.78041,0.78054,0.86,1.40
2009.07.10 03:04:02.767,0.78036,0.78054,2.40,0.60
2009.07.10 03:04:06.245,0.78026,0.78044,2.50,1.30
2009.07.10 03:04:06.335,0.78031,0.78044,0.70,1.40
2009.07.10 03:04:06.722,0.78034,0.78044,2.00,1.40
2009.07.10 03:04:06.972,0.78041,0.78049,0.65,1.70
2009.07.10 03:04:07.034,0.78036,0.78054,2.00,1.60
2009.07.10 03:04:07.979,0.78031,0.78049,0.73,1.10
2009.07.10 03:04:08.088,0.78026,0.78048,2.00,1.30
2009.07.10 03:04:09.037,0.78022,0.78048,1.20,1.20
2009.07.10 03:04:09.499,0.78036,0.78048,1.10,0.84
2009.07.10 03:04:09.510,0.78039,0.78048,2.40,1.10
2009.07.10 03:04:09.972,0.78046,0.78049,2.60,0.95
2009.07.10 03:04:10.501,0.78051,0.78069,1.50,1.90
2009.07.10 03:04:14.110,0.78052,0.78069,0.91,0.78
2009.07.10 03:04:14.444,0.78059,0.78069,0.69,1.30
2009.07.10 03:04:14.516,0.78061,0.78074,1.20,1.00
2009.07.10 03:04:14.926,0.78056,0.78074,1.20,1.10
2009.07.10 03:04:16.194,0.78051,0.78054,0.58,2.20
2009.07.10 03:04:16.955,0.78036,0.78054,1.20,0.82
2009.07.10 03:04:17.070,0.78026,0.78044,0.94,0.82
2009.07.10 03:04:17.972,0.78031,0.78049,2.70,1.50
2009.07.10 03:04:19.357,0.78034,0.78049,1.50,0.60
2009.07.10 03:04:19.776,0.78036,0.78054,1.60,1.10
2009.07.10 03:04:23.076,0.78044,0.78054,2.60,1.30
2009.07.10 03:04:23.720,0.78046,0.78059,1.80,1.60
2009.07.10 03:04:24.426,0.78047,0.78064,1.60,1.60
2009.07.10 03:04:24.709,0.78051,0.78069,0.97,1.20
2009.07.10 03:04:26.328,0.78047,0.78064,1.00,0.68
2009.07.10 03:04:26.867,0.78046,0.78064,1.20,2.10
2009.07.10 03:04:35.746,0.78051,0.78069,0.65,0.56
2009.07.10 03:04:39.070,0.78046,0.78049,1.00,1.10
2009.07.10 03:04:39.806,0.78031,0.78049,1.40,0.87
2009.07.10 03:04:40.027,0.78039,0.78049,1.10,0.98
2009.07.10 03:04:40.350,0.78041,0.78054,2.90,0.66
2009.07.10 03:04:40.703,0.78039,0.78054,1.30,1.10
2009.07.10 03:04:40.791,0.78041,0.78059,0.77,2.80
2009.07.10 03:04:43.558,0.78036,0.78054,1.50,0.90
2009.07.10 03:04:45.452,0.78041,0.78059,0.61,1.00
2009.07.10 03:04:46.503,0.78036,0.78054,2.30,1.40
2009.07.10 03:04:52.714,0.78041,0.78059,0.81,0.72
2009.07.10 03:04:55.330,0.78036,0.78046,1.40,1.20
2009.07.10 03:04:55.926,0.78031,0.78046,1.40,1.20
2009.07.10 03:04:58.529,0.78026,0.78043,1.40,0.81
2009.07.10 03:04:59.084,0.78031,0.78046,0.68,0.70
2009.07.10 03:05:04.572,0.78026,0.78042,1.60,1.80
2009.07.10 03:05:05.097,0.78031,0.78046,0.58,1.10
2009.07.10 03:05:17.945,0.78026,0.7804,0.61,1.10
2009.07.10 03:05:18.169,0.78031,0.7804,0.57,1.30
2009.07.10 03:05:22.110,0.78026,0.78042,1.60,0.60
2009.07.10 03:05:26.232,0.78021,0.78037,1.70,0.86
2009.07.10 03:05:26.451,0.78024,0.78037,0.82,1.60
2009.07.10 03:05:26.539,0.78026,0.78037,1.40,1.60
2009.07.10 03:05:26.883,0.78016,0.78031,0.89,0.94
2009.07.10 03:05:27.588,0.78011,0.78028,0.91,0.79
2009.07.10 03:05:28.141,0.78016,0.78028,1.80,0.63
2009.07.10 03:05:29.227,0.78011,0.78026,0.96,1.60
2009.07.10 03:05:29.554,0.78016,0.78032,2.20,1.00
2009.07.10 03:05:30.085,0.78009,0.78021,1.70,0.99
2009.07.10 03:05:36.007,0.7801,0.78024,0.46,1.30
2009.07.10 03:05:36.566,0.78016,0.78032,1.80,1.20
2009.07.10 03:05:39.100,0.78011,0.78029,1.10,1.00
2009.07.10 03:05:41.500,0.78006,0.78022,1.40,1.10
2009.07.10 03:05:42.546,0.78011,0.78026,0.89,0.95
2009.07.10 03:05:44.453,0.78006,0.78022,1.20,0.88
2009.07.10 03:05:46.555,0.78001,0.78017,1.70,1.40
2009.07.10 03:05:47.047,0.78004,0.78016,1.30,1.20
2009.07.10 03:05:47.325,0.78001,0.78016,1.10,0.41
2009.07.10 03:05:47.401,0.78003,0.78016,1.10,1.80
2009.07.10 03:05:47.662,0.78001,0.78016,1.10,1.40
2009.07.10 03:05:47.731,0.78004,0.78016,1.10,0.93
2009.07.10 03:05:47.976,0.78006,0.7802,1.00,1.80
2009.07.10 03:05:48.076,0.78001,0.78004,1.00,2.40
2009.07.10 03:05:48.598,0.77989,0.78004,0.98,0.82
2009.07.10 03:05:48.808,0.77986,0.78002,1.40,0.84
2009.07.10 03:05:49.268,0.77987,0.78002,1.00,1.50
2009.07.10 03:05:49.391,0.77989,0.78002,0.94,0.98
2009.07.10 03:05:49.750,0.77996,0.78002,0.27,1.90
2009.07.10 03:05:54.217,0.77991,0.78009,0.97,1.50
2009.07.10 03:05:54.396,0.77994,0.78007,1.30,1.20
2009.07.10 03:05:54.835,0.77996,0.78014,0.67,1.60
2009.07.10 03:05:55.027,0.77991,0.78004,2.30,1.70
2009.07.10 03:05:55.208,0.77986,0.78004,1.20,0.82
2009.07.10 03:05:55.288,0.77989,0.78004,1.60,0.96
2009.07.10 03:05:55.432,0.7799,0.78004,1.30,1.10
2009.07.10 03:05:55.669,0.77994,0.78004,0.84,0.87
2009.07.10 03:05:55.804,0.77996,0.78009,1.20,0.72
2009.07.10 03:05:55.942,0.77991,0.78009,1.70,1.20
2009.07.10 03:05:58.028,0.77994,0.78009,0.66,1.00
2009.07.10 03:05:58.595,0.77996,0.78014,0.82,1.50
2009.07.10 03:05:58.852,0.77991,0.78007,2.90,1.50
2009.07.10 03:06:00.038,0.77986,0.78004,2.00,0.82
2009.07.10 03:06:00.832,0.77991,0.78006,1.20,1.80
2009.07.10 03:06:01.287,0.77996,0.78013,2.00,1.30
2009.07.10 03:06:03.140,0.77991,0.78004,0.98,1.30
2009.07.10 03:06:03.321,0.77986,0.78004,0.91,1.00
2009.07.10 03:06:03.639,0.77994,0.78004,1.30,1.60
2009.07.10 03:06:03.988,0.78001,0.78009,1.70,1.00
2009.07.10 03:06:04.152,0.78004,0.78016,0.61,1.10
2009.07.10 03:06:04.339,0.78006,0.78023,2.60,1.50
2009.07.10 03:06:04.969,0.78009,0.78023,1.20,1.50
2009.07.10 03:06:05.275,0.78006,0.78023,1.20,1.40
2009.07.10 03:06:10.247,0.78001,0.78012,2.80,1.70
2009.07.10 03:06:10.436,0.77996,0.78012,1.10,1.00
2009.07.10 03:06:10.758,0.77991,0.78009,0.63,1.20
2009.07.10 03:06:11.012,0.77994,0.78007,0.76,0.81
2009.07.10 03:06:11.569,0.78001,0.78007,0.68,1.70
2009.07.10 03:06:11.817,0.77996,0.78012,0.79,1.20
2009.07.10 03:06:12.882,0.78001,0.78016,1.20,2.00
2009.07.10 03:06:13.426,0.77996,0.78007,1.80,1.40
2009.07.10 03:06:14.098,0.77991,0.78007,1.30,0.74
2009.07.10 03:06:15.492,0.77995,0.78009,0.88,0.92
2009.07.10 03:06:15.967,0.78001,0.78016,0.74,1.40
2009.07.10 03:06:16.431,0.78006,0.78021,1.00,0.88
2009.07.10 03:06:22.188,0.78001,0.78016,1.60,0.42
2009.07.10 03:06:22.435,0.78004,0.78016,1.10,1.30
2009.07.10 03:06:22.634,0.78006,0.78016,2.60,0.86
2009.07.10 03:06:22.797,0.78001,0.78019,1.20,0.92
2009.07.10 03:06:23.154,0.78004,0.78016,1.80,0.83
2009.07.10 03:06:23.611,0.78006,0.7802,0.80,0.53
2009.07.10 03:06:23.905,0.78001,0.78016,0.70,1.10
2009.07.10 03:06:28.358,0.77996,0.7801,1.40,2.20
2009.07.10 03:06:54.153,0.77991,0.78004,1.50,2.00
2009.07.10 03:06:54.306,0.77986,0.78004,1.70,1.60
2009.07.10 03:06:54.546,0.77989,0.78002,1.10,1.80
2009.07.10 03:06:54.773,0.77994,0.78002,1.50,0.91
2009.07.10 03:06:54.834,0.78001,0.78002,2.20,1.00
2009.07.10 03:06:55.038,0.77996,0.78014,1.30,1.40
2009.07.10 03:06:58.050,0.77986,0.78001,1.30,0.89
2009.07.10 03:06:58.559,0.77989,0.78001,1.30,1.40
2009.07.10 03:06:58.991,0.77996,0.78001,1.70,1.80
2009.07.10 03:07:00.231,0.77981,0.77994,2.20,1.10
2009.07.10 03:07:00.943,0.77986,0.77999,0.87,1.20
2009.07.10 03:07:04.514,0.77991,0.78006,0.83,1.20
2009.07.10 03:07:13.125,0.77992,0.78009,1.90,0.54
2009.07.10 03:07:13.227,0.77999,0.78009,1.00,0.96
2009.07.10 03:07:13.555,0.78006,0.78014,0.97,1.50
2009.07.10 03:07:13.660,0.78001,0.78009,2.20,1.20
2009.07.10 03:07:13.887,0.77996,0.78009,1.30,1.80
2009.07.10 03:07:14.162,0.77991,0.78009,1.10,1.00
2009.07.10 03:07:19.353,0.77986,0.78002,1.90,1.10
2009.07.10 03:07:31.127,0.77981,0.77994,0.66,1.30
2009.07.10 03:07:31.434,0.77976,0.7799,1.30,0.93
2009.07.10 03:07:31.753,0.77979,0.7799,1.30,0.87
2009.07.10 03:07:32.554,0.77986,0.7799,1.20,0.93
2009.07.10 03:07:33.774,0.77981,0.77996,1.00,2.10
2009.07.10 03:07:34.998,0.77976,0.7799,1.40,1.70
2009.07.10 03:07:35.498,0.77981,0.77996,1.00,1.60
2009.07.10 03:07:35.681,0.77961,0.77977,1.60,1.30
2009.07.10 03:07:37.040,0.77956,0.77973,1.60,1.30
2009.07.10 03:07:38.033,0.77951,0.77969,2.20,1.60
2009.07.10 03:07:38.326,0.77946,0.77961,1.60,2.10
2009.07.10 03:07:38.357,0.77944,0.77968,1.60,1.20
2009.07.10 03:07:38.536,0.77943,0.77968,1.00,0.61
2009.07.10 03:07:38.682,0.77944,0.77968,2.60,1.30
2009.07.10 03:07:38.968,0.77951,0.77968,1.40,1.20
2009.07.10 03:07:39.947,0.77946,0.77962,2.50,0.84
2009.07.10 03:07:40.129,0.77936,0.77947,0.93,0.69
2009.07.10 03:07:40.307,0.77931,0.77947,0.75,1.80
2009.07.10 03:07:40.410,0.77936,0.77947,1.10,1.30
2009.07.10 03:07:40.504,0.77938,0.77954,0.83,1.60
2009.07.10 03:07:40.725,0.77939,0.77954,1.50,1.20
2009.07.10 03:07:40.833,0.77941,0.77954,1.20,0.60
2009.07.10 03:07:41.373,0.77946,0.77964,1.30,1.30
2009.07.10 03:07:42.094,0.77941,0.77953,1.40,1.50
2009.07.10 03:07:42.868,0.77936,0.77953,1.20,1.60
2009.07.10 03:07:44.236,0.77938,0.77954,0.99,1.20
2009.07.10 03:07:44.475,0.77943,0.77954,1.80,1.30
2009.07.10 03:07:44.961,0.77946,0.77959,1.70,4.00
2009.07.10 03:07:45.589,0.77951,0.77964,1.40,1.60
2009.07.10 03:07:49.888,0.77946,0.77963,0.84,1.60
2009.07.10 03:07:50.695,0.77951,0.77963,1.30,1.40
2009.07.10 03:07:53.308,0.77946,0.77962,0.99,1.30
2009.07.10 03:07:54.307,0.77942,0.77959,1.90,0.99
2009.07.10 03:07:54.874,0.77941,0.77959,1.30,1.50
2009.07.10 03:07:56.429,0.77936,0.77952,1.30,0.62
2009.07.10 03:07:58.524,0.77931,0.77949,2.20,0.93
2009.07.10 03:08:00.289,0.77926,0.77943,2.00,0.71
2009.07.10 03:08:00.668,0.77931,0.77943,1.60,1.20
2009.07.10 03:08:04.091,0.77936,0.77954,0.98,1.20
2009.07.10 03:08:05.433,0.77931,0.77949,1.60,1.20
2009.07.10 03:08:10.542,0.77926,0.77944,1.00,1.60
2009.07.10 03:08:11.513,0.77931,0.77949,1.10,1.10
2009.07.10 03:08:12.015,0.77926,0.77934,1.70,1.70
2009.07.10 03:08:12.336,0.77916,0.77934,1.50,1.40
2009.07.10 03:08:12.556,0.77919,0.77934,0.50,0.76
2009.07.10 03:08:12.691,0.77926,0.77934,1.00,0.86
2009.07.10 03:08:12.866,0.77931,0.7794,0.86,2.80
2009.07.10 03:08:13.301,0.77926,0.77937,0.62,0.66
2009.07.10 03:08:13.538,0.77921,0.77937,0.80,0.88
2009.07.10 03:08:13.782,0.77926,0.77937,2.10,0.76
2009.07.10 03:08:14.070,0.77921,0.77939,1.20,1.50
2009.07.10 03:08:14.419,0.77926,0.77941,0.84,1.80
2009.07.10 03:08:14.570,0.77921,0.77939,1.50,0.96
2009.07.10 03:08:14.890,0.77926,0.77943,1.40,1.10
2009.07.10 03:08:15.586,0.77921,0.77938,1.50,0.96
2009.07.10 03:08:16.040,0.77926,0.77938,2.80,1.40
2009.07.10 03:08:18.033,0.77931,0.77941,1.20,0.64
2009.07.10 03:08:19.024,0.77926,0.77943,1.20,0.57
2009.07.10 03:08:20.086,0.77931,0.77943,0.97,1.10
2009.07.10 03:08:20.573,0.77938,0.77949,2.10,2.10
2009.07.10 03:08:20.781,0.77946,0.77964,1.40,0.97
2009.07.10 03:08:21.083,0.77941,0.77954,1.80,0.76
2009.07.10 03:08:21.526,0.77936,0.77954,0.93,1.10
2009.07.10 03:08:21.850,0.77941,0.77958,1.60,1.00
2009.07.10 03:08:22.036,0.77946,0.77961,1.10,0.99
2009.07.10 03:08:22.519,0.77941,0.77959,1.00,1.10
2009.07.10 03:08:22.741,0.77946,0.77961,0.72,1.30
2009.07.10 03:08:23.033,0.77951,0.77961,1.30,1.30
2009.07.10 03:08:23.503,0.77956,0.77969,2.10,1.60
2009.07.10 03:08:26.615,0.77961,0.7797,3.20,1.10
2009.07.10 03:08:27.002,0.77966,0.77979,0.96,1.00
2009.07.10 03:08:27.335,0.77961,0.77979,1.20,1.30
2009.07.10 03:08:27.572,0.77957,0.77974,1.70,1.10
2009.07.10 03:08:27.624,0.77956,0.77974,0.80,1.60
2009.07.10 03:08:27.931,0.77936,0.77954,0.90,2.80
2009.07.10 03:08:28.014,0.77931,0.77947,0.64,1.10
2009.07.10 03:08:28.292,0.77926,0.77944,3.40,0.90
2009.07.10 03:08:28.665,0.77921,0.77936,2.50,0.94
2009.07.10 03:08:28.837,0.77926,0.77936,1.00,1.10
2009.07.10 03:08:31.036,0.77935,0.77941,2.20,1.10
2009.07.10 03:08:31.285,0.77939,0.77941,1.70,0.67
2009.07.10 03:08:31.334,0.77946,0.77949,1.80,1.60
2009.07.10 03:08:31.508,0.77941,0.77952,1.90,1.60
2009.07.10 03:08:31.760,0.77936,0.77952,0.75,2.60
2009.07.10 03:08:31.852,0.77941,0.77952,1.30,0.90
2009.07.10 03:08:32.164,0.77946,0.77959,1.50,0.53
2009.07.10 03:08:32.421,0.77951,0.77967,1.50,0.42
2009.07.10 03:08:32.526,0.77946,0.77952,1.10,0.45
2009.07.10 03:08:32.992,0.77936,0.77952,1.90,0.83
2009.07.10 03:08:33.361,0.77931,0.77946,0.77,0.70
2009.07.10 03:08:33.972,0.77936,0.77952,0.73,1.30
2009.07.10 03:08:34.311,0.77941,0.77958,0.72,1.00
2009.07.10 03:08:34.392,0.77946,0.77958,1.80,1.10
2009.07.10 03:08:34.806,0.77951,0.77962,0.80,1.20
2009.07.10 03:08:35.204,0.77946,0.77959,1.40,0.85
2009.07.10 03:08:35.742,0.77941,0.77959,1.60,1.80
2009.07.10 03:08:45.120,0.77947,0.77958,0.74,1.00
2009.07.10 03:08:45.211,0.77948,0.77958,1.40,1.20
2009.07.10 03:08:45.339,0.77956,0.77966,1.80,0.90
2009.07.10 03:08:45.565,0.77951,0.77969,1.20,1.20
2009.07.10 03:08:45.761,0.77956,0.77966,1.60,1.20
2009.07.10 03:08:45.863,0.77961,0.7797,1.40,1.50
2009.07.10 03:09:03.059,0.77964,0.77977,0.93,1.10
2009.07.10 03:09:03.575,0.77968,0.77977,0.82,0.97
2009.07.10 03:09:03.990,0.77976,0.77984,1.80,0.93
2009.07.10 03:09:04.063,0.77971,0.77977,0.87,0.89
2009.07.10 03:09:04.611,0.77961,0.77977,0.77,0.74
2009.07.10 03:09:04.976,0.77966,0.77977,1.50,0.97
2009.07.10 03:09:07.740,0.77961,0.77978,1.30,1.40
2009.07.10 03:09:08.512,0.77956,0.77974,0.89,1.30
2009.07.10 03:09:09.767,0.77946,0.77963,1.00,1.00
2009.07.10 03:09:10.254,0.77941,0.77957,1.40,1.10
2009.07.10 03:09:11.194,0.77936,0.77951,0.86,1.40
2009.07.10 03:09:11.938,0.77931,0.77946,1.20,1.30
2009.07.10 03:09:12.430,0.77926,0.77941,0.71,1.60
2009.07.10 03:09:13.060,0.77921,0.77939,2.90,1.40
2009.07.10 03:09:16.881,0.77916,0.77932,0.49,2.00
2009.07.10 03:09:17.273,0.77911,0.77921,3.40,0.71
2009.07.10 03:09:17.813,0.77906,0.77921,1.10,1.50
2009.07.10 03:09:21.193,0.77908,0.77921,1.70,1.90
2009.07.10 03:09:21.274,0.77916,0.77921,0.97,0.76
2009.07.10 03:09:21.577,0.77911,0.7792,1.10,1.30
2009.07.10 03:09:21.933,0.77906,0.7792,0.93,0.53
2009.07.10 03:09:22.295,0.77908,0.7792,1.30,0.98
2009.07.10 03:09:22.409,0.77911,0.77924,0.87,1.20
2009.07.10 03:09:22.753,0.77916,0.77932,1.10,1.60
2009.07.10 03:09:24.257,0.77921,0.77936,3.10,2.20
2009.07.10 03:09:24.519,0.77924,0.77936,2.00,1.20
2009.07.10 03:09:24.760,0.77926,0.77936,1.60,0.89
2009.07.10 03:09:26.790,0.77931,0.77946,1.90,2.00
2009.07.10 03:09:27.290,0.77934,0.77949,2.70,1.60
2009.07.10 03:09:27.920,0.77936,0.77952,3.00,1.70
2009.07.10 03:09:35.859,0.77941,0.77957,1.20,0.96
2009.07.10 03:09:38.226,0.77936,0.77948,1.40,1.30
2009.07.10 03:09:38.531,0.77931,0.77948,2.80,0.78
2009.07.10 03:09:38.832,0.77926,0.77941,1.20,1.10
2009.07.10 03:09:39.097,0.77931,0.77946,0.81,1.80
2009.07.10 03:09:42.545,0.77926,0.77942,0.68,1.60
2009.07.10 03:09:47.648,0.77921,0.77938,0.98,1.50
2009.07.10 03:09:53.552,0.77916,0.77932,1.30,1.50
2009.07.10 03:09:56.075,0.77921,0.77939,1.10,0.59
2009.07.10 03:09:57.900,0.77926,0.7794,1.00,1.30
2009.07.10 03:09:58.323,0.77924,0.77938,1.10,2.00
2009.07.10 03:09:58.764,0.77921,0.77938,1.40,1.00
2009.07.10 03:10:03.217,0.77924,0.77939,1.70,1.90
2009.07.10 03:10:03.836,0.77926,0.77943,1.30,0.91
2009.07.10 03:10:04.240,0.77931,0.77944,1.30,1.10
2009.07.10 03:10:04.364,0.77933,0.77947,2.90,1.30
2009.07.10 03:10:04.743,0.77941,0.77949,1.10,1.40
2009.07.10 03:10:05.977,0.77936,0.77954,1.60,1.70
2009.07.10 03:10:08.113,0.77938,0.77954,2.10,1.60
2009.07.10 03:10:08.639,0.77946,0.77954,0.61,1.40
2009.07.10 03:10:10.280,0.77941,0.77959,0.69,1.10
2009.07.10 03:10:11.361,0.77936,0.77954,1.20,0.78
2009.07.10 03:10:11.950,0.77931,0.77949,1.80,1.30
2009.07.10 03:10:14.543,0.77936,0.77952,1.30,1.30
2009.07.10 03:10:15.559,0.77946,0.77954,0.97,1.40
2009.07.10 03:10:16.668,0.77951,0.77964,0.47,0.81
2009.07.10 03:10:18.135,0.77953,0.77969,2.40,1.40
2009.07.10 03:10:18.600,0.77961,0.77969,1.30,1.00
2009.07.10 03:10:18.864,0.77956,0.77974,0.91,0.71
2009.07.10 03:10:20.151,0.77958,0.77974,1.90,2.20
2009.07.10 03:10:20.336,0.77966,0.77974,0.88,1.50
2009.07.10 03:10:20.603,0.77961,0.77974,0.89,0.88
2009.07.10 03:10:20.864,0.77956,0.77974,1.40,0.76
2009.07.10 03:10:21.299,0.77951,0.77964,1.50,0.78
2009.07.10 03:10:21.471,0.77948,0.77964,1.40,1.30
2009.07.10 03:10:21.786,0.77956,0.77964,0.96,1.20
2009.07.10 03:10:31.391,0.77951,0.77969,1.40,1.60
2009.07.10 03:10:32.238,0.77956,0.77969,1.20,1.20
2009.07.10 03:10:32.627,0.77951,0.77969,1.30,1.10
2009.07.10 03:10:32.702,0.77956,0.77971,2.20,1.40
2009.07.10 03:10:43.715,0.77951,0.77969,1.90,1.60
2009.07.10 03:10:53.198,0.77946,0.77962,0.71,0.87
2009.07.10 03:10:59.451,0.77951,0.77966,1.30,1.20
2009.07.10 03:11:00.014,0.77956,0.77969,1.90,0.81
2009.07.10 03:11:00.509,0.77951,0.77969,1.30,1.60
2009.07.10 03:11:00.789,0.77956,0.77969,2.20,0.34
2009.07.10 03:11:03.079,0.77961,0.77974,1.10,1.30
2009.07.10 03:11:03.524,0.77956,0.77974,1.20,0.97
2009.07.10 03:11:04.098,0.77961,0.77974,0.89,1.00
2009.07.10 03:11:04.525,0.77951,0.77969,0.97,0.80
2009.07.10 03:11:04.751,0.77956,0.77968,1.10,1.40
2009.07.10 03:11:06.061,0.77951,0.77968,1.20,1.20
2009.07.10 03:11:06.769,0.77946,0.7796,1.30,1.40
2009.07.10 03:11:08.109,0.77941,0.77956,1.40,1.10
2009.07.10 03:11:11.134,0.77936,0.77952,1.20,1.20
2009.07.10 03:11:11.917,0.77941,0.77959,1.90,1.10
2009.07.10 03:11:12.837,0.77946,0.77964,0.94,0.65
2009.07.10 03:11:13.060,0.77941,0.77959,1.10,1.50
2009.07.10 03:11:14.392,0.77936,0.77954,1.70,0.68
2009.07.10 03:11:15.507,0.77941,0.77959,0.87,1.40
2009.07.10 03:11:16.241,0.77936,0.77954,1.30,1.10
2009.07.10 03:11:16.402,0.77941,0.77959,1.20,0.85
2009.07.10 03:11:16.516,0.77936,0.77954,1.30,1.20
2009.07.10 03:11:16.997,0.77941,0.77959,0.43,1.10
2009.07.10 03:11:18.966,0.77936,0.77954,1.00,1.90
2009.07.10 03:11:20.771,0.77931,0.77949,1.60,1.20
2009.07.10 03:11:21.076,0.77936,0.77953,1.00,0.78
2009.07.10 03:11:21.694,0.77931,0.77949,1.30,0.62
2009.07.10 03:11:22.062,0.77926,0.77944,1.70,1.10
2009.07.10 03:11:22.736,0.77931,0.77946,1.50,1.20
2009.07.10 03:11:30.167,0.77926,0.77934,1.10,0.74
2009.07.10 03:11:30.259,0.77916,0.77934,0.51,0.93
2009.07.10 03:11:30.590,0.7792,0.77934,1.90,2.30
2009.07.10 03:11:30.767,0.77926,0.77938,1.30,0.89
2009.07.10 03:11:30.807,0.77931,0.77949,1.10,0.95
2009.07.10 03:11:31.240,0.77926,0.77944,1.60,0.55
2009.07.10 03:11:33.055,0.77921,0.77938,0.77,1.40
2009.07.10 03:11:33.824,0.77916,0.77934,1.90,0.85
2009.07.10 03:11:34.170,0.77911,0.77929,1.40,1.20
2009.07.10 03:11:34.601,0.77907,0.77923,1.30,0.68
2009.07.10 03:11:35.580,0.77906,0.77923,1.10,1.10
2009.07.10 03:11:37.168,0.77901,0.77917,1.40,0.68
2009.07.10 03:11:38.200,0.77895,0.77908,1.40,1.60
2009.07.10 03:11:38.478,0.77891,0.77908,0.96,1.30
2009.07.10 03:11:38.503,0.77894,0.77908,2.20,1.50
2009.07.10 03:11:38.937,0.77896,0.77911,1.00,0.90
2009.07.10 03:11:39.150,0.77891,0.77907,0.83,0.87
2009.07.10 03:11:39.502,0.77894,0.77907,2.10,1.00
2009.07.10 03:11:39.779,0.77896,0.77912,0.77,1.40
2009.07.10 03:11:41.291,0.77891,0.77906,0.95,1.10
2009.07.10 03:11:41.630,0.77894,0.77906,1.10,1.70
2009.07.10 03:11:41.912,0.77896,0.77912,1.20,0.80
2009.07.10 03:11:45.000,0.77891,0.77903,1.00,1.40
2009.07.10 03:11:45.241,0.77886,0.77903,0.94,0.76
2009.07.10 03:11:45.356,0.77888,0.77903,1.90,2.10
2009.07.10 03:11:45.616,0.77896,0.77909,2.20,0.70
2009.07.10 03:11:45.775,0.77891,0.77909,1.10,1.30
2009.07.10 03:11:45.986,0.77886,0.77903,0.90,0.46
2009.07.10 03:11:50.182,0.77881,0.77884,1.70,1.30
2009.07.10 03:11:50.326,0.77866,0.77884,0.86,0.82
2009.07.10 03:11:50.529,0.77873,0.77884,2.20,1.40
2009.07.10 03:11:50.747,0.77876,0.77885,2.10,0.67
2009.07.10 03:11:50.960,0.77881,0.77898,1.00,1.10
2009.07.10 03:11:51.254,0.77886,0.77903,0.57,1.10
2009.07.10 03:11:51.941,0.77891,0.77906,0.84,0.87
2009.07.10 03:11:54.952,0.77896,0.77913,1.10,0.75
2009.07.10 03:11:55.423,0.77891,0.77908,0.97,0.94
2009.07.10 03:11:59.263,0.77896,0.77908,1.10,1.40
2009.07.10 03:12:00.863,0.77901,0.77914,0.74,1.10
2009.07.10 03:12:01.208,0.77886,0.77903,1.30,1.70
2009.07.10 03:12:02.040,0.77889,0.77903,0.84,0.95
2009.07.10 03:12:02.340,0.77896,0.77909,1.20,1.20
2009.07.10 03:12:02.723,0.77901,0.77917,2.00,1.90
2009.07.10 03:12:02.939,0.77896,0.77912,1.10,1.60
2009.07.10 03:12:03.498,0.77901,0.77917,1.30,1.30
2009.07.10 03:12:03.889,0.77911,0.77924,1.20,0.59
2009.07.10 03:12:04.190,0.77906,0.77924,2.10,0.87
2009.07.10 03:12:04.596,0.77911,0.77922,0.49,1.00
2009.07.10 03:12:04.894,0.77916,0.77927,1.90,1.10
2009.07.10 03:12:06.366,0.77921,0.77937,0.68,1.60
2009.07.10 03:12:07.259,0.77926,0.77942,0.73,1.30
2009.07.10 03:12:10.362,0.77921,0.77939,0.71,1.30
2009.07.10 03:12:14.441,0.77916,0.77934,1.40,0.84
2009.07.10 03:12:14.926,0.77921,0.77938,1.90,1.50
2009.07.10 03:12:15.121,0.77916,0.77929,1.40,1.50
2009.07.10 03:12:15.237,0.77911,0.77929,1.30,1.40
2009.07.10 03:12:15.452,0.77916,0.7793,2.40,1.70
2009.07.10 03:12:15.717,0.7791,0.77922,1.00,0.80
2009.07.10 03:12:15.850,0.77906,0.77922,1.20,0.71
2009.07.10 03:12:16.280,0.77911,0.77929,2.20,0.62
2009.07.10 03:12:16.533,0.77906,0.7792,1.60,1.40
2009.07.10 03:12:17.280,0.77901,0.77919,1.80,1.30
2009.07.10 03:12:17.774,0.77896,0.77914,1.50,0.87
2009.07.10 03:12:18.245,0.77891,0.77909,1.20,1.50
2009.07.10 03:12:18.739,0.77886,0.77904,1.10,0.89
2009.07.10 03:12:19.321,0.77896,0.77909,1.10,0.77
2009.07.10 03:12:19.822,0.77901,0.77916,1.00,1.60
2009.07.10 03:12:20.208,0.77906,0.77922,1.40,1.10
2009.07.10 03:12:20.951,0.77901,0.77919,1.50,1.50
2009.07.10 03:12:21.018,0.77904,0.77917,1.60,1.70
2009.07.10 03:12:21.349,0.77906,0.77917,1.60,1.70
2009.07.10 03:12:21.705,0.77901,0.77919,0.78,0.80
2009.07.10 03:12:27.060,0.77904,0.77918,1.00,1.00
2009.07.10 03:12:27.718,0.77906,0.77921,1.30,1.60
2009.07.10 03:12:31.179,0.77901,0.77919,1.10,1.70
2009.07.10 03:12:31.450,0.77896,0.77914,0.89,1.40
2009.07.10 03:12:31.781,0.77901,0.77912,1.80,1.30
2009.07.10 03:12:33.092,0.77904,0.77916,0.97,1.30
2009.07.10 03:12:33.562,0.77906,0.77921,0.84,1.70
2009.07.10 03:12:34.349,0.77901,0.77914,2.10,1.30
2009.07.10 03:12:34.607,0.77896,0.77914,1.60,1.80
2009.07.10 03:12:37.412,0.77901,0.77916,1.20,1.70
2009.07.10 03:12:38.136,0.77896,0.77903,0.72,1.20
2009.07.10 03:12:39.116,0.77886,0.77903,0.93,1.10
2009.07.10 03:12:39.294,0.77892,0.77903,2.90,0.86
2009.07.10 03:12:39.479,0.77899,0.77903,1.40,1.40
2009.07.10 03:12:39.712,0.77906,0.77909,0.64,0.93
2009.07.10 03:12:39.998,0.77911,0.77925,2.30,1.10
2009.07.10 03:12:45.359,0.77916,0.77933,1.60,0.63
2009.07.10 03:12:47.101,0.77921,0.77939,1.20,1.20
2009.07.10 03:12:49.129,0.77924,0.77939,0.92,3.90
2009.07.10 03:12:49.995,0.77926,0.77941,0.97,0.65
2009.07.10 03:12:50.001,0.77921,0.77939,1.00,0.94
2009.07.10 03:12:51.139,0.77916,0.77934,1.60,1.70
2009.07.10 03:12:51.258,0.77919,0.77934,1.10,1.10
2009.07.10 03:12:51.593,0.77924,0.77934,1.40,1.00
2009.07.10 03:12:51.686,0.77926,0.77939,0.73,1.40
2009.07.10 03:12:51.818,0.77921,0.77939,1.20,0.69
2009.07.10 03:12:55.119,0.77924,0.77939,0.93,1.20
2009.07.10 03:12:55.281,0.77926,0.7794,1.40,1.40
2009.07.10 03:12:55.551,0.77921,0.77939,1.20,2.00
2009.07.10 03:12:55.999,0.77924,0.77939,2.20,1.20
2009.07.10 03:12:56.298,0.77926,0.77939,2.20,1.40
2009.07.10 03:12:56.572,0.77921,0.77939,1.40,0.93
2009.07.10 03:12:58.824,0.77926,0.77943,1.10,1.10
2009.07.10 03:12:59.024,0.77921,0.77939,0.60,1.60
2009.07.10 03:12:59.564,0.77926,0.77941,1.10,0.75
2009.07.10 03:12:59.798,0.77921,0.77939,1.30,1.50
2009.07.10 03:13:00.854,0.77916,0.77934,1.50,1.50
2009.07.10 03:13:03.042,0.77911,0.77924,2.80,1.70
2009.07.10 03:13:03.288,0.77906,0.77924,0.74,1.10
2009.07.10 03:13:03.502,0.77909,0.77924,1.10,1.60
2009.07.10 03:13:03.706,0.7791,0.77924,1.20,1.30
2009.07.10 03:13:03.991,0.77916,0.77934,0.70,1.70
2009.07.10 03:13:06.263,0.77911,0.77929,2.30,0.91
2009.07.10 03:13:06.465,0.77914,0.77929,0.75,0.70
2009.07.10 03:13:06.794,0.77916,0.77931,1.10,1.20
2009.07.10 03:13:07.141,0.77911,0.77929,0.89,1.10
2009.07.10 03:13:12.126,0.77914,0.77929,1.10,1.30
2009.07.10 03:13:12.365,0.77916,0.77933,0.97,1.60
2009.07.10 03:13:12.825,0.77921,0.77936,0.85,2.50
2009.07.10 03:13:13.394,0.77926,0.77944,0.71,0.85
2009.07.10 03:13:13.686,0.77931,0.77949,0.77,0.93
2009.07.10 03:13:19.231,0.77926,0.77944,1.30,0.95
2009.07.10 03:13:19.709,0.77931,0.77949,1.10,2.20
2009.07.10 03:13:21.074,0.77927,0.77944,2.80,1.00
2009.07.10 03:13:21.419,0.77926,0.77944,1.30,0.97
2009.07.10 03:13:21.555,0.77929,0.77944,1.40,1.40
2009.07.10 03:13:21.939,0.77936,0.77949,1.30,0.99
2009.07.10 03:13:22.031,0.77941,0.77959,0.78,1.20
2009.07.10 03:13:23.068,0.77936,0.77954,1.10,1.50
2009.07.10 03:13:24.777,0.77931,0.77949,0.66,1.20
2009.07.10 03:13:25.245,0.77934,0.77949,1.70,1.50
2009.07.10 03:13:25.629,0.77936,0.77949,1.60,1.10
2009.07.10 03:13:25.958,0.77931,0.77949,1.10,2.50
2009.07.10 03:13:27.168,0.77926,0.77944,1.90,0.70
2009.07.10 03:13:28.042,0.77931,0.77944,1.00,1.20
2009.07.10 03:13:28.763,0.77936,0.77951,0.93,0.68
2009.07.10 03:13:29.876,0.77931,0.77948,1.20,1.80
2009.07.10 03:13:30.925,0.77936,0.77954,3.90,1.50
2009.07.10 03:13:31.068,0.77931,0.77942,2.00,0.96
2009.07.10 03:13:31.331,0.77926,0.77942,1.20,1.10
2009.07.10 03:13:31.665,0.77929,0.77942,1.30,0.84
2009.07.10 03:13:31.967,0.77936,0.77949,2.20,1.30
2009.07.10 03:13:32.438,0.77931,0.77949,1.10,0.79
2009.07.10 03:13:32.504,0.77936,0.77952,3.10,1.20
2009.07.10 03:13:33.363,0.77931,0.77949,2.10,1.20
2009.07.10 03:13:33.890,0.77936,0.77952,0.59,0.63
2009.07.10 03:13:34.098,0.77931,0.77949,1.20,1.90
2009.07.10 03:13:34.772,0.77936,0.77952,0.70,1.60
2009.07.10 03:13:35.038,0.77931,0.77948,1.40,2.00
2009.07.10 03:13:35.339,0.77936,0.77948,0.78,1.30
2009.07.10 03:13:35.623,0.77931,0.77949,2.00,1.10
2009.07.10 03:13:35.969,0.77936,0.77954,1.30,1.90
2009.07.10 03:13:36.301,0.77931,0.77949,1.00,0.71
2009.07.10 03:13:42.029,0.77932,0.77948,1.40,1.10
2009.07.10 03:13:42.364,0.77939,0.77948,2.50,1.30
2009.07.10 03:13:42.437,0.77946,0.77954,1.00,0.78
2009.07.10 03:13:42.652,0.77941,0.77954,1.10,1.60
2009.07.10 03:13:42.808,0.77936,0.77954,0.91,1.70
2009.07.10 03:13:46.061,0.77931,0.77949,2.20,2.00
2009.07.10 03:13:49.010,0.77926,0.77941,1.60,0.93
2009.07.10 03:13:49.807,0.77931,0.77946,0.53,0.75
2009.07.10 03:13:52.964,0.77926,0.7794,1.60,0.86
2009.07.10 03:13:53.249,0.77931,0.77946,1.20,0.93
2009.07.10 03:13:53.525,0.77926,0.77944,2.50,0.68
2009.07.10 03:13:54.232,0.77931,0.77941,1.50,1.50
2009.07.10 03:13:54.489,0.77926,0.77944,2.00,0.99
2009.07.10 03:13:54.952,0.77931,0.77942,0.78,1.40
2009.07.10 03:13:56.449,0.77926,0.77942,1.30,0.88
2009.07.10 03:14:00.176,0.77921,0.77939,1.00,0.70
2009.07.10 03:14:00.978,0.77926,0.77944,0.95,1.90
2009.07.10 03:14:01.487,0.77921,0.77939,1.40,2.20
2009.07.10 03:14:05.282,0.77924,0.77939,2.40,1.30
2009.07.10 03:14:05.424,0.77926,0.77943,1.60,0.76
2009.07.10 03:14:05.968,0.77921,0.77936,0.76,1.20
2009.07.10 03:14:09.425,0.77931,0.77939,0.99,0.94
2009.07.10 03:14:09.958,0.77936,0.77944,1.40,0.85
2009.07.10 03:14:10.330,0.77931,0.77944,1.30,1.50
2009.07.10 03:14:10.473,0.77933,0.77944,1.60,1.30
2009.07.10 03:14:10.683,0.77926,0.77944,1.60,1.50
2009.07.10 03:14:14.084,0.77936,0.77949,1.10,1.50
2009.07.10 03:14:14.297,0.77931,0.77939,0.64,1.70
2009.07.10 03:14:14.577,0.77926,0.77939,1.10,1.20
2009.07.10 03:14:14.799,0.77921,0.77939,1.30,1.20
2009.07.10 03:14:15.022,0.77926,0.7794,1.70,1.10
2009.07.10 03:14:16.292,0.77921,0.77939,1.40,1.10
2009.07.10 03:14:16.568,0.77931,0.77944,1.30,1.40
2009.07.10 03:14:16.698,0.77926,0.77944,1.50,1.40
2009.07.10 03:14:17.459,0.77931,0.77946,1.00,0.92
2009.07.10 03:14:17.870,0.77936,0.77951,1.30,0.78
2009.07.10 03:14:18.385,0.77937,0.77954,2.70,1.80
2009.07.10 03:14:18.686,0.77941,0.77956,1.50,1.20
2009.07.10 03:14:19.248,0.77946,0.7796,1.30,0.69
2009.07.10 03:14:19.478,0.77947,0.77964,1.60,0.88
2009.07.10 03:14:19.734,0.77951,0.77966,0.94,1.30
2009.07.10 03:14:21.262,0.77952,0.77969,1.00,1.10
2009.07.10 03:14:21.571,0.77954,0.77969,0.51,1.50
2009.07.10 03:14:21.724,0.77961,0.77977,3.90,0.84
2009.07.10 03:14:22.176,0.77956,0.77974,0.97,1.20
2009.07.10 03:14:22.545,0.77961,0.77979,0.90,0.86
2009.07.10 03:14:23.332,0.77956,0.77974,3.80,2.00
2009.07.10 03:14:24.133,0.77961,0.77979,1.40,1.00
2009.07.10 03:14:28.671,0.77956,0.77974,1.40,1.60
2009.07.10 03:14:29.014,0.77961,0.77979,1.40,1.70
2009.07.10 03:14:33.899,0.77956,0.77974,0.84,1.00
2009.07.10 03:14:34.350,0.77946,0.77964,1.20,0.74
2009.07.10 03:14:34.711,0.77941,0.77959,1.30,1.60
2009.07.10 03:14:35.343,0.77946,0.77964,0.90,0.88
2009.07.10 03:14:37.259,0.77947,0.77964,2.10,1.60
2009.07.10 03:14:37.423,0.77949,0.77964,1.40,1.10
2009.07.10 03:14:37.929,0.77956,0.77966,2.00,1.10
2009.07.10 03:14:38.116,0.77951,0.77964,1.30,1.30
2009.07.10 03:14:38.489,0.77946,0.77964,2.70,1.50
2009.07.10 03:14:38.971,0.77951,0.77969,1.00,1.10
2009.07.10 03:14:39.392,0.77946,0.77964,0.98,0.71
2009.07.10 03:14:41.327,0.77951,0.77967,1.20,1.30
2009.07.10 03:14:46.333,0.77946,0.77964,0.93,0.92
2009.07.10 03:14:47.617,0.77951,0.77966,2.30,1.30
2009.07.10 03:14:48.144,0.77954,0.77969,1.40,1.30
2009.07.10 03:14:48.974,0.77956,0.77974,1.50,0.92
2009.07.10 03:14:51.142,0.77959,0.77974,1.10,1.40
2009.07.10 03:14:51.626,0.77964,0.77974,0.43,1.20
2009.07.10 03:14:51.675,0.77966,0.77979,1.50,0.66
2009.07.10 03:14:57.241,0.77961,0.77974,2.50,2.60
2009.07.10 03:14:57.505,0.77956,0.77974,0.65,1.20
2009.07.10 03:14:58.576,0.77951,0.77969,0.92,1.20
2009.07.10 03:14:59.202,0.77954,0.77969,1.10,0.95
2009.07.10 03:14:59.998,0.77956,0.77974,2.40,1.70
2009.07.10 03:15:00.589,0.77961,0.77978,1.50,0.84
2009.07.10 03:15:03.330,0.77964,0.77979,0.87,1.60
2009.07.10 03:15:03.812,0.77966,0.77981,0.92,1.00
2009.07.10 03:15:04.391,0.77964,0.77979,0.94,1.20
2009.07.10 03:15:04.636,0.77961,0.77979,0.69,1.00
2009.07.10 03:15:06.936,0.77956,0.77972,1.30,0.68
2009.07.10 03:15:07.009,0.77951,0.77964,1.40,1.90
2009.07.10 03:15:07.248,0.77946,0.77964,2.40,0.76
2009.07.10 03:15:07.492,0.77941,0.77959,1.10,1.70
2009.07.10 03:15:07.798,0.77939,0.77954,0.82,1.70
2009.07.10 03:15:07.988,0.77936,0.77954,1.50,0.77
2009.07.10 03:15:08.235,0.77939,0.77954,1.40,0.70
2009.07.10 03:15:08.573,0.77941,0.77954,2.50,0.75
2009.07.10 03:15:08.976,0.77946,0.77964,2.00,1.40
2009.07.10 03:15:11.046,0.77941,0.77949,0.59,2.30
2009.07.10 03:15:11.301,0.77936,0.77949,1.80,0.39
2009.07.10 03:15:11.440,0.77931,0.77949,0.91,1.80
2009.07.10 03:15:11.757,0.77934,0.77949,0.84,1.30
2009.07.10 03:15:11.831,0.77936,0.77954,0.84,1.40
2009.07.10 03:15:13.480,0.77941,0.77959,1.20,1.10
2009.07.10 03:15:14.232,0.77944,0.77959,1.60,1.00
2009.07.10 03:15:14.576,0.77946,0.77964,1.10,1.90
2009.07.10 03:15:17.249,0.77936,0.77954,1.60,1.00
2009.07.10 03:15:18.238,0.77939,0.77954,1.90,1.60
2009.07.10 03:15:18.515,0.77946,0.77963,0.72,1.40
2009.07.10 03:15:23.785,0.77951,0.77969,1.20,1.60
2009.07.10 03:15:45.041,0.77954,0.77969,2.00,0.85
2009.07.10 03:15:45.843,0.77956,0.77974,0.68,0.92
2009.07.10 03:15:47.451,0.77961,0.77979,2.60,1.70
2009.07.10 03:15:47.599,0.77956,0.77974,1.60,1.70
2009.07.10 03:15:48.475,0.77961,0.77979,1.10,1.60
2009.07.10 03:15:54.202,0.77956,0.77974,0.96,0.92
2009.07.10 03:15:54.597,0.77961,0.77979,1.80,0.85
2009.07.10 03:16:07.475,0.77964,0.77979,1.70,1.30
2009.07.10 03:16:07.694,0.77966,0.77984,1.50,1.50
2009.07.10 03:16:08.344,0.77961,0.77974,1.10,0.99
2009.07.10 03:16:09.107,0.77956,0.77974,0.85,1.60
2009.07.10 03:16:09.533,0.77951,0.77969,0.96,0.85
2009.07.10 03:16:09.831,0.77946,0.77964,1.60,1.80
2009.07.10 03:16:10.082,0.77951,0.77969,0.78,1.60
2009.07.10 03:16:10.576,0.77946,0.77964,1.30,1.50
2009.07.10 03:16:10.703,0.77936,0.77954,1.10,1.70
2009.07.10 03:16:13.500,0.77941,0.77956,1.20,0.52
2009.07.10 03:16:15.219,0.77946,0.77963,0.72,1.40
2009.07.10 03:16:15.602,0.77941,0.77959,1.70,0.87
2009.07.10 03:16:16.090,0.77936,0.77954,1.20,1.60
2009.07.10 03:16:17.012,0.77941,0.77956,0.79,2.70
2009.07.10 03:16:18.654,0.77936,0.77954,2.20,0.94
2009.07.10 03:16:19.006,0.77931,0.77949,0.77,0.87
2009.07.10 03:16:20.261,0.77926,0.77944,1.10,0.93
2009.07.10 03:16:22.117,0.77921,0.77939,1.70,1.00
2009.07.10 03:16:22.678,0.77922,0.77939,2.00,1.40
2009.07.10 03:16:23.203,0.77921,0.77939,1.30,1.70
2009.07.10 03:16:23.275,0.77922,0.77939,0.83,1.30
2009.07.10 03:16:23.532,0.77929,0.77939,0.62,0.81
2009.07.10 03:16:23.967,0.77936,0.77951,1.40,2.10
2009.07.10 03:16:24.833,0.77941,0.77956,1.90,0.81
2009.07.10 03:16:25.243,0.77939,0.77954,1.70,1.40
2009.07.10 03:16:25.816,0.77936,0.77954,1.30,0.92
2009.07.10 03:16:27.478,0.77934,0.77949,1.30,0.87
2009.07.10 03:16:27.626,0.77931,0.77949,1.10,2.90
2009.07.10 03:16:28.014,0.77934,0.77949,1.10,0.79
2009.07.10 03:16:28.847,0.77936,0.77954,2.10,1.90
2009.07.10 03:16:29.374,0.77934,0.77949,1.20,1.20
2009.07.10 03:16:29.590,0.77931,0.77949,0.80,1.20
2009.07.10 03:16:34.940,0.77926,0.77944,0.88,0.96
2009.07.10 03:16:36.311,0.77924,0.77939,0.77,1.90
2009.07.10 03:16:36.899,0.77921,0.77939,1.20,0.68
2009.07.10 03:16:37.648,0.77916,0.77934,1.00,1.50
2009.07.10 03:16:39.068,0.77897,0.77914,1.30,2.30
2009.07.10 03:16:39.373,0.77896,0.77914,1.20,2.30
2009.07.10 03:16:39.668,0.77902,0.77914,1.20,0.64
2009.07.10 03:16:39.859,0.77906,0.77922,1.20,0.94
2009.07.10 03:16:44.265,0.77911,0.77929,0.76,1.60
2009.07.10 03:16:45.316,0.77914,0.77929,0.93,0.98
2009.07.10 03:16:45.617,0.77916,0.77934,1.40,2.50
2009.07.10 03:16:45.965,0.77921,0.77939,1.90,1.30
2009.07.10 03:16:47.100,0.77924,0.77939,0.91,0.90
2009.07.10 03:16:47.794,0.77926,0.77942,1.30,1.50
2009.07.10 03:16:48.361,0.77924,0.77939,1.00,1.00
2009.07.10 03:16:48.778,0.77921,0.77939,1.50,1.50
2009.07.10 03:16:51.481,0.77924,0.77939,1.40,0.37
2009.07.10 03:16:51.568,0.77926,0.77944,1.10,1.20
2009.07.10 03:16:54.285,0.77921,0.77934,0.79,1.10
2009.07.10 03:16:54.405,0.77916,0.77934,1.30,0.86
2009.07.10 03:16:54.783,0.77911,0.77929,0.65,1.10
2009.07.10 03:16:55.230,0.77906,0.77924,1.00,1.30
2009.07.10 03:16:56.766,0.77901,0.77919,1.40,0.73
2009.07.10 03:16:57.894,0.77896,0.77914,2.60,1.40
2009.07.10 03:16:58.111,0.77901,0.77919,1.20,0.89
2009.07.10 03:16:59.434,0.77896,0.77904,0.99,1.00
2009.07.10 03:16:59.722,0.77886,0.77904,0.67,1.50
2009.07.10 03:17:00.106,0.77882,0.77899,1.50,0.88
2009.07.10 03:17:00.783,0.77881,0.77899,1.10,2.00
2009.07.10 03:17:04.231,0.77876,0.77894,1.60,1.80
2009.07.10 03:17:04.902,0.77881,0.77899,2.60,1.50
2009.07.10 03:17:07.013,0.77876,0.77884,1.40,0.86
2009.07.10 03:17:07.280,0.77866,0.77884,1.20,1.20
2009.07.10 03:17:07.288,0.77869,0.77884,1.10,1.00
2009.07.10 03:17:07.482,0.77876,0.77889,1.00,1.00
2009.07.10 03:17:07.629,0.77871,0.77889,1.70,1.10
2009.07.10 03:17:07.821,0.77874,0.77889,1.40,1.30
2009.07.10 03:17:07.982,0.77881,0.77894,0.79,1.10
2009.07.10 03:17:08.095,0.77871,0.77889,0.86,0.97
2009.07.10 03:17:09.055,0.77874,0.77889,1.10,0.98
2009.07.10 03:17:09.270,0.77881,0.77894,0.82,1.60
2009.07.10 03:17:09.437,0.77886,0.77904,0.68,0.90
2009.07.10 03:17:09.747,0.77889,0.77904,0.73,1.40
2009.07.10 03:17:09.817,0.77891,0.77909,1.10,1.10
2009.07.10 03:17:11.225,0.77889,0.77904,0.99,0.41
2009.07.10 03:17:11.820,0.77886,0.77904,1.10,1.20
2009.07.10 03:17:13.900,0.77891,0.77909,1.40,1.60
2009.07.10 03:17:14.072,0.77886,0.77904,2.40,1.40
2009.07.10 03:17:14.297,0.77891,0.77909,1.20,1.00
2009.07.10 03:17:14.666,0.77886,0.77899,2.20,2.00
2009.07.10 03:17:14.780,0.77889,0.77899,0.66,1.40
2009.07.10 03:17:15.167,0.77884,0.77894,0.57,0.61
2009.07.10 03:17:15.271,0.77886,0.77902,1.50,2.10
2009.07.10 03:17:15.553,0.77887,0.77904,1.30,1.20
2009.07.10 03:17:15.809,0.77889,0.77904,0.92,0.91
2009.07.10 03:17:16.371,0.77896,0.77909,0.92,0.88
2009.07.10 03:17:17.277,0.77891,0.77909,2.10,0.62
2009.07.10 03:17:20.561,0.77896,0.77914,1.00,2.40
2009.07.10 03:17:21.039,0.77889,0.77904,1.10,1.30
2009.07.10 03:17:21.267,0.77886,0.77904,1.30,0.73
2009.07.10 03:17:21.590,0.77889,0.77899,1.50,0.88
2009.07.10 03:17:21.703,0.77886,0.77899,3.20,1.20
2009.07.10 03:17:21.976,0.7789,0.77899,1.70,0.60
2009.07.10 03:17:22.365,0.77891,0.77899,1.40,0.92
2009.07.10 03:17:22.675,0.77881,0.77899,1.00,1.00
2009.07.10 03:17:23.215,0.77884,0.77899,2.70,1.20
2009.07.10 03:17:23.771,0.77886,0.77904,0.83,0.83
2009.07.10 03:17:25.393,0.77881,0.77894,0.73,0.98
2009.07.10 03:17:25.680,0.77876,0.77894,1.60,1.00
2009.07.10 03:17:26.158,0.77871,0.77889,1.00,2.00
2009.07.10 03:17:28.253,0.77874,0.77889,1.40,1.40
2009.07.10 03:17:28.663,0.77876,0.77894,0.60,0.77
2009.07.10 03:17:28.961,0.77871,0.77889,1.40,0.75
2009.07.10 03:17:29.779,0.77866,0.77884,1.10,1.00
2009.07.10 03:17:49.665,0.77871,0.77889,1.80,1.60
2009.07.10 03:17:51.248,0.77866,0.77884,1.80,1.10
2009.07.10 03:17:51.404,0.77861,0.77879,1.20,0.65
2009.07.10 03:17:51.734,0.77864,0.77879,0.71,0.84
2009.07.10 03:17:51.867,0.77866,0.77884,1.20,0.74
2009.07.10 03:17:52.011,0.77856,0.77874,2.00,1.50
2009.07.10 03:17:53.654,0.77851,0.77869,1.10,0.92
2009.07.10 03:17:54.654,0.77846,0.77864,0.91,1.10
2009.07.10 03:17:57.470,0.77841,0.77858,1.40,1.40
2009.07.10 03:17:57.839,0.77846,0.77864,0.58,0.65
2009.07.10 03:18:01.166,0.77841,0.77852,1.80,0.95
2009.07.10 03:18:02.141,0.77844,0.77859,1.40,0.85
2009.07.10 03:18:02.955,0.77846,0.77864,0.59,0.79
2009.07.10 03:18:03.391,0.77841,0.77859,1.30,0.73
2009.07.10 03:18:04.424,0.77836,0.77854,0.76,1.20
2009.07.10 03:18:04.874,0.77841,0.77859,1.00,1.20
2009.07.10 03:18:06.910,0.77846,0.77864,0.95,1.30
2009.07.10 03:18:09.193,0.77841,0.77859,1.40,0.76
2009.07.10 03:18:09.665,0.77846,0.77864,1.60,0.96
2009.07.10 03:18:10.076,0.77851,0.77869,1.40,1.10
2009.07.10 03:18:10.230,0.77846,0.77864,1.70,0.72
2009.07.10 03:18:10.263,0.77841,0.77854,0.77,0.56
2009.07.10 03:18:10.475,0.77837,0.77854,0.66,1.20
2009.07.10 03:18:10.555,0.77836,0.77854,1.10,1.50
2009.07.10 03:18:10.738,0.77842,0.77854,1.40,0.75
2009.07.10 03:18:10.854,0.77849,0.77854,0.83,1.40
2009.07.10 03:18:10.918,0.77856,0.77859,1.20,2.20
2009.07.10 03:18:11.082,0.77851,0.77854,1.20,1.30
2009.07.10 03:18:11.451,0.77836,0.77854,1.20,1.20
2009.07.10 03:18:11.522,0.77839,0.77854,0.77,1.10
2009.07.10 03:18:11.787,0.77846,0.77859,0.68,1.40
2009.07.10 03:18:12.212,0.77841,0.77859,0.94,1.00
2009.07.10 03:18:12.605,0.77836,0.77854,2.20,1.10
2009.07.10 03:18:13.223,0.77839,0.77854,1.40,0.82
2009.07.10 03:18:13.278,0.77841,0.77859,1.40,1.20
2009.07.10 03:18:13.612,0.77844,0.77859,0.80,1.30
2009.07.10 03:18:13.864,0.77846,0.77864,1.90,0.83
2009.07.10 03:18:16.124,0.77841,0.77854,0.63,1.40
2009.07.10 03:18:16.376,0.77836,0.77854,3.20,1.30
2009.07.10 03:18:16.525,0.77839,0.77854,1.90,1.50
2009.07.10 03:18:16.967,0.77841,0.77859,0.91,1.00
2009.07.10 03:18:17.285,0.77844,0.77859,0.60,1.60
2009.07.10 03:18:17.870,0.77846,0.77864,0.75,1.10
2009.07.10 03:18:20.076,0.77844,0.77854,1.80,0.97
2009.07.10 03:18:20.376,0.77841,0.77854,0.85,1.30
2009.07.10 03:18:20.553,0.77836,0.77854,2.40,2.70
2009.07.10 03:18:20.785,0.77839,0.77854,1.20,1.20
2009.07.10 03:18:20.937,0.77841,0.77859,1.60,0.77
2009.07.10 03:18:21.531,0.77844,0.77859,0.98,1.10
2009.07.10 03:18:22.847,0.77846,0.77864,0.70,1.10
2009.07.10 03:18:26.304,0.77851,0.77866,0.72,1.20
2009.07.10 03:18:26.561,0.77854,0.77869,1.90,0.79
2009.07.10 03:18:26.736,0.77856,0.77874,0.88,1.10
2009.07.10 03:18:29.105,0.77858,0.77874,1.50,1.20
2009.07.10 03:18:29.374,0.77864,0.77874,1.10,1.60
2009.07.10 03:18:29.546,0.77871,0.77879,1.50,0.96
2009.07.10 03:18:29.877,0.77866,0.77884,0.65,1.60
2009.07.10 03:18:33.468,0.77861,0.77879,1.50,1.20
2009.07.10 03:18:34.095,0.77859,0.77874,1.10,0.62
2009.07.10 03:18:34.307,0.77856,0.77874,1.40,0.74
2009.07.10 03:18:34.513,0.77857,0.77874,1.20,0.90
2009.07.10 03:18:34.726,0.77864,0.77874,1.10,0.88
2009.07.10 03:18:34.886,0.77866,0.77879,2.40,1.60
2009.07.10 03:18:43.043,0.77871,0.77889,0.64,0.58
2009.07.10 03:18:46.835,0.77866,0.77884,1.60,0.81
2009.07.10 03:18:47.010,0.77871,0.77889,2.00,1.00
2009.07.10 03:18:47.825,0.77866,0.77884,2.60,0.94
2009.07.10 03:18:48.983,0.77861,0.77879,1.40,1.20
2009.07.10 03:18:50.237,0.77864,0.77879,0.84,0.79
2009.07.10 03:18:50.917,0.77871,0.77884,1.50,1.40
2009.07.10 03:18:51.198,0.77866,0.77884,2.40,0.93
2009.07.10 03:18:52.559,0.77861,0.77879,1.80,1.80
2009.07.10 03:18:53.022,0.77864,0.77879,1.40,0.96
2009.07.10 03:18:53.242,0.77866,0.77882,1.10,1.90
2009.07.10 03:18:53.434,0.77861,0.77874,0.96,2.00
2009.07.10 03:18:53.602,0.77856,0.77874,1.50,1.30
2009.07.10 03:18:53.966,0.77861,0.77879,1.10,1.00
2009.07.10 03:18:54.033,0.77856,0.77874,1.50,1.80
2009.07.10 03:18:55.239,0.77851,0.77869,2.10,1.30
2009.07.10 03:18:58.458,0.77854,0.77869,0.99,0.81
2009.07.10 03:18:58.982,0.77856,0.77874,1.20,1.20
2009.07.10 03:19:01.086,0.77861,0.77879,0.73,1.40
2009.07.10 03:19:07.491,0.77866,0.77884,1.30,1.20
2009.07.10 03:19:18.231,0.77871,0.77889,1.80,1.90
2009.07.10 03:19:18.324,0.77866,0.77884,1.10,0.70
2009.07.10 03:19:18.516,0.77871,0.77889,1.30,0.82
2009.07.10 03:19:18.957,0.77866,0.77884,2.30,1.40
2009.07.10 03:19:22.181,0.77861,0.77879,0.54,1.20
2009.07.10 03:19:22.600,0.77862,0.77879,1.80,1.80
2009.07.10 03:19:22.786,0.77866,0.77884,1.70,0.88
2009.07.10 03:19:27.894,0.77861,0.77879,1.10,1.20
2009.07.10 03:19:34.797,0.77866,0.77879,1.00,1.70
2009.07.10 03:19:35.365,0.77871,0.77884,1.70,0.98
2009.07.10 03:19:36.100,0.77874,0.77889,0.92,2.70
2009.07.10 03:19:36.559,0.77876,0.77889,0.71,0.90
2009.07.10 03:19:40.943,0.77871,0.77889,1.00,0.99
2009.07.10 03:19:43.118,0.77874,0.77889,1.40,2.80
2009.07.10 03:19:43.565,0.77876,0.77891,1.10,1.20
2009.07.10 03:19:44.499,0.77871,0.77889,1.60,1.10
2009.07.10 03:19:51.704,0.77866,0.77884,1.20,1.40
2009.07.10 03:19:57.223,0.77871,0.77887,0.66,1.20
2009.07.10 03:19:58.319,0.77866,0.77884,0.91,1.00
2009.07.10 03:20:04.351,0.77861,0.77879,0.75,0.88
2009.07.10 03:20:09.021,0.77856,0.77874,0.74,1.50
2009.07.10 03:20:13.745,0.77861,0.77879,1.60,2.30
2009.07.10 03:20:22.175,0.77864,0.77879,1.40,1.40
2009.07.10 03:20:22.747,0.77866,0.77884,2.00,1.30
2009.07.10 03:20:24.264,0.77861,0.77879,1.40,2.10
2009.07.10 03:20:33.147,0.77864,0.77879,2.00,1.40
2009.07.10 03:20:33.715,0.77866,0.77884,1.90,1.10
2009.07.10 03:20:38.193,0.77861,0.77874,1.00,1.30
2009.07.10 03:20:38.956,0.77856,0.77874,0.83,0.77
2009.07.10 03:20:40.271,0.77861,0.77879,1.10,1.50
2009.07.10 03:20:48.340,0.77866,0.77884,0.73,1.30
2009.07.10 03:20:48.834,0.77861,0.77879,1.60,0.65
2009.07.10 03:20:56.013,0.77864,0.77879,1.30,1.50
2009.07.10 03:20:56.561,0.77866,0.77884,1.00,1.60
2009.07.10 03:20:56.725,0.77861,0.77879,1.60,1.10
2009.07.10 03:20:58.321,0.77866,0.77884,0.79,0.96
2009.07.10 03:21:00.773,0.77871,0.77886,2.10,0.94
2009.07.10 03:21:03.798,0.77866,0.77884,0.74,1.20
2009.07.10 03:21:08.329,0.77871,0.77889,1.10,0.97
2009.07.10 03:21:08.768,0.77876,0.77892,0.50,0.87
2009.07.10 03:21:12.019,0.77871,0.77884,0.77,1.70
2009.07.10 03:21:12.401,0.77866,0.77884,1.40,0.92
2009.07.10 03:21:12.777,0.77871,0.77889,1.20,0.67
2009.07.10 03:21:15.206,0.77874,0.77889,0.83,1.00
2009.07.10 03:21:15.567,0.77876,0.77894,0.98,1.60
2009.07.10 03:21:15.920,0.77871,0.77889,1.20,0.80
2009.07.10 03:21:16.224,0.77874,0.77889,2.90,0.59
2009.07.10 03:21:16.842,0.77876,0.77894,1.70,1.10
2009.07.10 03:21:26.196,0.77871,0.77889,2.20,0.92
2009.07.10 03:21:26.527,0.77866,0.77884,2.00,0.58
2009.07.10 03:21:26.790,0.77871,0.77889,0.71,0.92
2009.07.10 03:21:27.211,0.77866,0.77884,1.20,1.00
2009.07.10 03:21:27.783,0.77871,0.77889,1.20,1.50
2009.07.10 03:21:29.028,0.77866,0.77884,1.20,2.50
2009.07.10 03:21:29.483,0.77871,0.77889,1.10,1.20
2009.07.10 03:21:29.742,0.77866,0.77884,0.93,1.50
2009.07.10 03:21:32.308,0.77861,0.77874,1.10,1.10
2009.07.10 03:21:32.798,0.77858,0.77874,1.40,0.55
2009.07.10 03:21:36.011,0.77866,0.77879,1.50,2.00
2009.07.10 03:21:36.359,0.77871,0.77888,1.50,0.97
2009.07.10 03:21:36.798,0.77866,0.77884,2.10,1.10
2009.07.10 03:21:39.640,0.77871,0.77889,0.96,1.20
2009.07.10 03:21:40.066,0.77874,0.77889,1.50,1.30
2009.07.10 03:21:40.368,0.77876,0.77894,1.60,1.50
2009.07.10 03:21:40.961,0.77871,0.77889,0.76,1.20
2009.07.10 03:21:45.107,0.77874,0.77889,2.10,1.50
2009.07.10 03:21:45.578,0.77876,0.77894,1.30,0.90
2009.07.10 03:21:46.114,0.77871,0.77889,1.20,1.70
2009.07.10 03:21:49.471,0.77866,0.77884,1.50,1.60
2009.07.10 03:21:51.820,0.77861,0.77879,0.94,0.57
2009.07.10 03:21:52.055,0.77864,0.77879,1.00,1.20
2009.07.10 03:21:52.388,0.77866,0.77884,1.90,0.62
2009.07.10 03:21:52.695,0.77861,0.77879,2.30,2.50
2009.07.10 03:21:53.072,0.77864,0.77879,0.93,0.60
2009.07.10 03:21:53.567,0.77866,0.77884,1.00,1.50
2009.07.10 03:21:53.718,0.77861,0.77879,1.70,0.74
2009.07.10 03:21:55.124,0.77864,0.77879,1.50,0.88
2009.07.10 03:21:55.522,0.77866,0.77884,0.77,2.10
2009.07.10 03:21:58.022,0.77871,0.77888,1.10,1.50
2009.07.10 03:21:58.855,0.77866,0.77884,1.50,0.60
2009.07.10 03:22:00.522,0.77871,0.77889,1.20,1.40
2009.07.10 03:22:01.817,0.77866,0.77884,1.40,1.40
2009.07.10 03:22:17.013,0.77869,0.77884,0.99,1.00
2009.07.10 03:22:17.431,0.77874,0.77884,0.62,0.93
2009.07.10 03:22:17.856,0.77876,0.77889,0.81,1.40
2009.07.10 03:22:18.055,0.77871,0.77889,0.87,1.20
2009.07.10 03:22:27.004,0.77874,0.77889,0.64,1.20
2009.07.10 03:22:27.292,0.77876,0.77894,1.20,0.77
2009.07.10 03:22:27.435,0.77874,0.77889,0.95,1.70
2009.07.10 03:22:27.507,0.77871,0.77889,1.60,1.30
2009.07.10 03:22:27.741,0.77874,0.77889,0.66,1.20
2009.07.10 03:22:27.999,0.77876,0.77894,0.55,1.30
2009.07.10 03:22:32.122,0.77881,0.77899,2.80,0.84
2009.07.10 03:22:32.840,0.77886,0.77904,0.88,1.20
2009.07.10 03:22:34.575,0.77891,0.77909,1.00,1.30
2009.07.10 03:22:36.385,0.77896,0.77909,1.40,0.66
2009.07.10 03:22:36.558,0.77886,0.77904,1.20,1.40
2009.07.10 03:22:37.121,0.77884,0.77894,0.91,1.60
2009.07.10 03:22:37.264,0.77881,0.77894,0.92,0.88
2009.07.10 03:22:37.441,0.77876,0.77894,2.10,1.60
2009.07.10 03:22:37.729,0.77879,0.77894,1.80,1.20
2009.07.10 03:22:37.882,0.77886,0.77899,1.10,1.10
2009.07.10 03:22:38.201,0.7788,0.77893,1.30,1.10
2009.07.10 03:22:38.429,0.77876,0.77893,1.40,0.90
2009.07.10 03:22:38.593,0.77879,0.77893,1.60,0.99
2009.07.10 03:22:38.753,0.77886,0.77899,1.60,0.88
2009.07.10 03:22:40.391,0.77881,0.77899,1.60,0.86
2009.07.10 03:22:48.851,0.77876,0.77894,1.80,1.20
2009.07.10 03:23:03.223,0.77866,0.77884,1.60,1.60
2009.07.10 03:23:04.648,0.77871,0.77889,0.93,0.88
2009.07.10 03:23:05.276,0.77865,0.77879,1.40,1.10
2009.07.10 03:23:05.683,0.77861,0.77879,0.87,0.93
2009.07.10 03:23:08.691,0.77856,0.77874,0.90,1.40
2009.07.10 03:23:09.444,0.77861,0.77872,1.60,1.10
2009.07.10 03:23:09.654,0.77856,0.7787,1.20,0.92
2009.07.10 03:23:11.883,0.77846,0.77864,1.70,0.92
2009.07.10 03:23:12.984,0.77841,0.77859,1.10,1.10
2009.07.10 03:23:13.128,0.77846,0.77864,0.69,0.88
2009.07.10 03:23:13.394,0.77841,0.77854,0.74,1.80
2009.07.10 03:23:13.654,0.77836,0.77854,2.30,1.20
2009.07.10 03:23:13.986,0.77841,0.77856,1.80,2.60
2009.07.10 03:23:14.888,0.77836,0.77854,1.30,1.30
2009.07.10 03:23:16.041,0.77834,0.77844,1.40,2.10
2009.07.10 03:23:16.266,0.77831,0.77844,1.30,1.50
2009.07.10 03:23:16.402,0.77826,0.77844,1.90,0.72
2009.07.10 03:23:16.652,0.77831,0.77849,1.10,0.72
2009.07.10 03:23:16.965,0.77826,0.77844,1.20,0.96
2009.07.10 03:23:21.041,0.77831,0.77846,1.20,1.00
2009.07.10 03:23:21.492,0.77834,0.77849,2.10,1.30
2009.07.10 03:23:21.988,0.77836,0.77854,0.89,1.30
2009.07.10 03:23:22.431,0.77834,0.77849,1.50,1.90
2009.07.10 03:23:22.936,0.77831,0.77849,1.30,1.60
2009.07.10 03:23:28.099,0.77826,0.77844,1.70,1.50
2009.07.10 03:23:28.320,0.77831,0.77844,0.80,1.10
2009.07.10 03:23:28.545,0.77835,0.77849,0.66,1.40
2009.07.10 03:23:28.609,0.77836,0.77854,1.10,1.50
2009.07.10 03:23:28.895,0.77841,0.77859,1.70,0.82
2009.07.10 03:23:29.200,0.77845,0.77859,1.10,1.70
2009.07.10 03:23:29.971,0.77846,0.77864,0.89,0.87
2009.07.10 03:23:30.089,0.77844,0.77859,0.62,0.73
2009.07.10 03:23:30.324,0.77842,0.77859,1.80,0.79
2009.07.10 03:23:30.508,0.77841,0.77859,0.89,0.76
2009.07.10 03:23:30.920,0.77837,0.77854,1.40,0.82
2009.07.10 03:23:31.798,0.77836,0.77854,1.40,1.60
2009.07.10 03:23:35.066,0.77831,0.77849,1.70,0.99
2009.07.10 03:23:35.714,0.77836,0.77854,1.90,1.60
2009.07.10 03:23:36.492,0.77831,0.77849,1.70,0.90
2009.07.10 03:23:43.444,0.77826,0.77844,1.50,1.40
2009.07.10 03:23:43.605,0.77821,0.77839,1.30,0.82
2009.07.10 03:23:48.818,0.77816,0.77834,0.89,0.73
2009.07.10 03:23:49.339,0.77811,0.77829,0.66,0.84
2009.07.10 03:23:49.676,0.77815,0.77829,1.60,1.70
2009.07.10 03:23:50.049,0.77821,0.77834,0.75,0.98
2009.07.10 03:23:50.441,0.77822,0.77839,2.80,2.10
2009.07.10 03:23:50.771,0.77826,0.77844,0.92,1.30
2009.07.10 03:23:51.171,0.77821,0.77834,1.20,1.30
2009.07.10 03:23:51.298,0.77817,0.77834,0.51,1.40
2009.07.10 03:23:51.663,0.77823,0.77834,0.92,1.20
2009.07.10 03:23:51.994,0.77824,0.77834,1.90,0.92
2009.07.10 03:23:52.415,0.77831,0.77844,1.20,1.10
2009.07.10 03:23:52.588,0.77826,0.77844,0.73,2.30
2009.07.10 03:23:53.085,0.77821,0.77839,1.80,0.87
2009.07.10 03:23:53.384,0.77823,0.77839,1.10,1.20
2009.07.10 03:23:53.858,0.77826,0.77839,0.83,0.89
2009.07.10 03:23:54.310,0.77823,0.77839,1.10,0.76
2009.07.10 03:23:54.572,0.77821,0.77839,1.30,0.91
2009.07.10 03:23:54.726,0.77826,0.77839,1.10,1.30
2009.07.10 03:23:55.399,0.77831,0.77844,1.70,1.30
2009.07.10 03:23:56.067,0.77826,0.77844,0.75,1.10
2009.07.10 03:23:56.943,0.77821,0.77839,1.70,1.20
2009.07.10 03:23:59.156,0.77816,0.77824,1.20,0.53
2009.07.10 03:23:59.443,0.77806,0.77824,1.40,0.81
2009.07.10 03:23:59.637,0.7781,0.77824,0.63,1.30
2009.07.10 03:23:59.817,0.77816,0.77824,1.00,1.20
2009.07.10 03:24:00.122,0.77819,0.77834,1.30,0.78
2009.07.10 03:24:00.842,0.77826,0.77834,1.00,1.40
2009.07.10 03:24:03.017,0.77824,0.77834,1.10,1.60
2009.07.10 03:24:04.021,0.77816,0.77834,0.57,0.84
2009.07.10 03:24:07.835,0.77811,0.77829,0.66,0.74
2009.07.10 03:24:08.035,0.77806,0.77824,1.30,1.30
2009.07.10 03:24:08.337,0.77807,0.77824,1.70,1.60
2009.07.10 03:24:08.687,0.77809,0.77824,1.50,1.10
2009.07.10 03:24:08.808,0.77816,0.77824,2.30,1.10
2009.07.10 03:24:09.110,0.77828,0.77834,1.70,0.80
2009.07.10 03:24:09.510,0.77816,0.77834,0.93,0.87
2009.07.10 03:24:10.432,0.77821,0.77834,1.20,1.20
2009.07.10 03:24:12.394,0.77826,0.77839,1.30,1.20
2009.07.10 03:24:12.524,0.77821,0.77839,1.60,0.97
2009.07.10 03:24:14.418,0.77816,0.77834,1.70,0.82
2009.07.10 03:24:19.968,0.77811,0.77829,0.66,0.89
2009.07.10 03:24:20.759,0.77816,0.77834,1.30,1.20
2009.07.10 03:24:31.231,0.77821,0.77839,1.10,1.10
2009.07.10 03:24:38.127,0.77822,0.77839,0.89,1.30
2009.07.10 03:24:38.213,0.77829,0.77839,1.30,1.10
2009.07.10 03:24:38.595,0.77836,0.77844,0.69,0.87
2009.07.10 03:24:38.762,0.77831,0.77849,1.10,2.20
2009.07.10 03:24:38.998,0.77826,0.77844,1.70,0.83
2009.07.10 03:24:44.538,0.77831,0.77849,2.70,1.10
2009.07.10 03:24:52.297,0.77836,0.77854,1.70,1.10
2009.07.10 03:25:00.411,0.77816,0.77834,1.10,1.40
2009.07.10 03:25:00.994,0.7782,0.77834,1.30,0.72
2009.07.10 03:25:01.128,0.77826,0.77839,0.56,1.40
2009.07.10 03:25:05.475,0.77831,0.77849,2.00,1.10
2009.07.10 03:25:05.663,0.77826,0.77844,1.20,0.90
2009.07.10 03:25:06.891,0.77821,0.77839,1.70,0.72
2009.07.10 03:25:07.272,0.77824,0.77839,0.94,1.60
2009.07.10 03:25:07.364,0.77826,0.77844,2.20,0.57
2009.07.10 03:25:07.774,0.77821,0.77839,1.60,1.10
2009.07.10 03:25:08.053,0.77824,0.77839,1.20,1.70
2009.07.10 03:25:08.938,0.77826,0.77842,0.76,0.93
2009.07.10 03:25:09.796,0.77821,0.77839,2.80,1.60
2009.07.10 03:25:11.119,0.77824,0.77839,0.92,1.40
2009.07.10 03:25:11.637,0.77826,0.77844,0.49,0.89
2009.07.10 03:25:13.473,0.77831,0.77846,1.20,0.72
2009.07.10 03:25:21.661,0.77826,0.77844,1.10,1.30
2009.07.10 03:25:22.224,0.77831,0.77849,1.70,0.86
2009.07.10 03:25:30.206,0.77836,0.77854,1.80,0.75
2009.07.10 03:25:32.252,0.77841,0.77859,0.90,1.10
2009.07.10 03:25:35.155,0.77836,0.77854,0.58,2.30
2009.07.10 03:25:35.751,0.77841,0.77859,2.40,0.86
2009.07.10 03:25:36.029,0.77836,0.77854,1.00,1.20
2009.07.10 03:25:36.262,0.77831,0.77844,1.90,2.40
2009.07.10 03:25:36.441,0.77827,0.77844,0.98,0.71
2009.07.10 03:25:36.647,0.77826,0.77844,1.00,0.82
2009.07.10 03:25:36.949,0.77821,0.77839,1.20,0.93
2009.07.10 03:25:37.873,0.77816,0.77834,0.86,2.00
2009.07.10 03:25:38.627,0.77811,0.77829,0.45,0.75
2009.07.10 03:25:39.261,0.77814,0.77829,0.75,1.70
2009.07.10 03:25:39.979,0.77816,0.77834,1.60,1.20
2009.07.10 03:25:40.264,0.77821,0.77836,1.60,1.30
2009.07.10 03:25:41.123,0.77826,0.77844,0.83,0.69
2009.07.10 03:25:41.512,0.77821,0.77839,0.81,2.00
2009.07.10 03:25:42.246,0.77826,0.77844,0.84,1.30
2009.07.10 03:25:42.429,0.77821,0.77839,0.58,1.20
2009.07.10 03:25:42.597,0.77826,0.77844,1.60,1.50
2009.07.10 03:25:42.954,0.77821,0.77839,0.95,1.80
2009.07.10 03:25:43.064,0.77826,0.77844,1.40,1.40
2009.07.10 03:25:43.636,0.7782,0.77834,1.00,1.20
2009.07.10 03:25:43.913,0.77816,0.77834,0.54,1.30
2009.07.10 03:25:46.512,0.77811,0.77829,2.40,1.50
2009.07.10 03:25:47.338,0.77814,0.77829,1.10,1.60
2009.07.10 03:25:47.777,0.77816,0.77834,1.80,1.60
2009.07.10 03:25:49.084,0.77814,0.77824,1.40,0.83
2009.07.10 03:25:49.339,0.77811,0.77824,1.90,1.30
2009.07.10 03:25:49.442,0.77806,0.77824,1.90,1.30
2009.07.10 03:25:49.782,0.77801,0.77819,1.00,2.10
2009.07.10 03:25:49.939,0.77796,0.77814,1.20,1.10
2009.07.10 03:25:50.506,0.77789,0.77794,1.20,0.76
2009.07.10 03:25:51.212,0.77784,0.77794,1.30,0.83
2009.07.10 03:25:51.305,0.77776,0.77794,0.93,0.70
2009.07.10 03:25:51.562,0.77772,0.77789,2.90,0.83
2009.07.10 03:25:51.781,0.77776,0.77794,0.62,0.96
2009.07.10 03:25:52.989,0.77781,0.77799,0.94,1.50
2009.07.10 03:25:53.205,0.77784,0.77799,0.62,0.49
2009.07.10 03:25:53.345,0.77786,0.77801,1.20,0.79
2009.07.10 03:25:53.707,0.77781,0.77799,1.60,0.78
2009.07.10 03:25:55.041,0.77784,0.77799,1.10,1.30
2009.07.10 03:25:55.745,0.77786,0.77799,2.40,1.20
2009.07.10 03:26:00.016,0.77788,0.77804,1.10,1.60
2009.07.10 03:26:00.340,0.77789,0.77804,1.00,0.76
2009.07.10 03:26:00.702,0.77794,0.77804,1.40,1.40
2009.07.10 03:26:00.896,0.77794,0.77804,0.66,1.00
2009.07.10 03:26:01.551,0.77801,0.77819,0.85,0.71
2009.07.10 03:26:02.120,0.77796,0.77804,1.30,2.10
2009.07.10 03:26:02.319,0.77786,0.77804,1.60,1.40
2009.07.10 03:26:02.370,0.77788,0.77804,2.00,1.50
2009.07.10 03:26:02.543,0.77789,0.77804,1.40,1.60
2009.07.10 03:26:02.692,0.7779,0.77804,1.10,0.98
2009.07.10 03:26:02.968,0.77796,0.77814,1.30,0.87
2009.07.10 03:26:03.465,0.77801,0.77818,1.20,0.75
2009.07.10 03:26:06.154,0.77806,0.77824,0.92,0.91
2009.07.10 03:26:08.201,0.7781,0.77824,1.10,0.98
2009.07.10 03:26:08.394,0.77811,0.77824,1.00,1.00
2009.07.10 03:26:08.958,0.77816,0.77834,1.30,1.00
2009.07.10 03:26:09.063,0.77811,0.77819,0.63,0.88
2009.07.10 03:26:09.701,0.77801,0.77819,0.94,1.40
2009.07.10 03:26:10.039,0.77796,0.77814,1.50,1.60
2009.07.10 03:26:10.475,0.77801,0.77819,0.98,1.20
2009.07.10 03:26:10.832,0.77806,0.77824,1.40,1.80
2009.07.10 03:26:11.809,0.77811,0.77829,0.56,1.40
2009.07.10 03:26:13.216,0.77806,0.77824,1.10,0.58
2009.07.10 03:26:14.003,0.77811,0.77828,0.71,1.30
2009.07.10 03:26:14.339,0.77814,0.77829,2.80,1.40
2009.07.10 03:26:14.478,0.77816,0.77834,1.50,1.30
2009.07.10 03:26:14.645,0.77814,0.77829,1.00,1.20
2009.07.10 03:26:14.952,0.77811,0.77829,2.30,0.83
2009.07.10 03:26:17.427,0.77816,0.77834,1.30,1.10
2009.07.10 03:26:18.048,0.77821,0.77836,2.10,1.30
2009.07.10 03:26:18.517,0.77826,0.77844,1.60,1.40
2009.07.10 03:26:22.579,0.77831,0.77849,0.67,0.83
2009.07.10 03:26:23.254,0.77836,0.77854,1.10,1.50
2009.07.10 03:26:23.939,0.77831,0.77849,1.80,0.54
2009.07.10 03:26:27.451,0.77826,0.77839,1.40,1.20
2009.07.10 03:26:27.671,0.77821,0.77839,2.50,1.30
2009.07.10 03:26:30.334,0.77826,0.77844,1.10,0.67
2009.07.10 03:26:31.248,0.77821,0.77839,1.70,1.10
2009.07.10 03:26:43.330,0.77824,0.77839,1.00,0.61
2009.07.10 03:26:43.500,0.77826,0.77844,0.78,0.77
2009.07.10 03:26:54.175,0.77821,0.77834,1.20,1.30
2009.07.10 03:26:54.567,0.77816,0.77834,0.67,0.98
2009.07.10 03:26:54.743,0.77821,0.77839,3.20,1.50
2009.07.10 03:26:57.107,0.77824,0.77839,1.40,0.39
2009.07.10 03:26:57.480,0.77826,0.77844,0.93,0.54
2009.07.10 03:26:57.870,0.77821,0.77839,0.63,1.20
2009.07.10 03:26:59.167,0.77826,0.77844,1.20,1.30
2009.07.10 03:27:00.722,0.77831,0.77849,1.20,1.40
2009.07.10 03:27:01.307,0.77826,0.77844,1.30,1.90
2009.07.10 03:27:02.268,0.77829,0.77844,2.60,1.40
2009.07.10 03:27:02.797,0.77836,0.77849,1.70,0.70
2009.07.10 03:27:07.265,0.77831,0.77839,2.00,1.00
2009.07.10 03:27:07.645,0.77826,0.77839,1.00,1.40
2009.07.10 03:27:07.707,0.77821,0.77839,1.60,0.97
2009.07.10 03:27:13.330,0.77824,0.77839,2.00,0.68
2009.07.10 03:27:13.979,0.77826,0.77844,1.10,1.10
2009.07.10 03:27:16.099,0.77821,0.77839,1.70,0.86
2009.07.10 03:27:17.971,0.77826,0.77844,0.89,1.40
2009.07.10 03:27:21.050,0.77831,0.77846,2.30,1.10
2009.07.10 03:27:22.016,0.77834,0.77849,3.70,1.40
2009.07.10 03:27:22.612,0.77836,0.77854,1.50,0.84
2009.07.10 03:27:23.990,0.77831,0.77849,0.78,0.92
2009.07.10 03:27:25.015,0.77834,0.77849,1.20,0.87
2009.07.10 03:27:25.679,0.77836,0.77854,0.51,1.00
2009.07.10 03:27:30.373,0.77839,0.77854,1.10,1.50
2009.07.10 03:27:30.687,0.77841,0.77859,2.60,1.10
2009.07.10 03:27:31.244,0.77836,0.77854,1.00,2.40
2009.07.10 03:27:32.202,0.77839,0.77854,2.70,1.70
2009.07.10 03:27:33.192,0.7784,0.77854,0.59,0.78
2009.07.10 03:27:33.740,0.77846,0.77864,0.63,1.60
2009.07.10 03:27:36.032,0.77847,0.77864,1.20,1.40
2009.07.10 03:27:36.543,0.77851,0.77869,1.20,1.50
2009.07.10 03:27:38.478,0.77847,0.77864,0.89,1.70
2009.07.10 03:27:46.071,0.77851,0.77869,2.10,1.70
2009.07.10 03:27:46.385,0.77846,0.77864,1.10,1.30
2009.07.10 03:27:46.503,0.77852,0.77864,1.10,0.76
2009.07.10 03:27:46.733,0.77847,0.77864,1.80,1.10
2009.07.10 03:27:46.837,0.77851,0.77869,0.67,0.81
2009.07.10 03:27:50.701,0.77846,0.77864,1.70,0.91
2009.07.10 03:27:53.529,0.77852,0.77864,0.68,1.50
2009.07.10 03:27:56.490,0.77853,0.77869,1.40,1.10
2009.07.10 03:28:01.434,0.77858,0.77869,1.70,1.30
2009.07.10 03:28:08.184,0.77863,0.77874,2.60,2.20
2009.07.10 03:28:08.540,0.77862,0.77879,0.92,1.30
2009.07.10 03:28:08.873,0.77867,0.77879,1.10,1.50
2009.07.10 03:28:09.363,0.77866,0.77884,0.73,1.00
2009.07.10 03:28:09.985,0.77862,0.77879,1.20,1.40
2009.07.10 03:28:12.064,0.77867,0.77879,1.80,1.50
2009.07.10 03:28:15.230,0.77866,0.77884,0.77,0.87
2009.07.10 03:28:15.414,0.77871,0.77889,2.00,1.10
2009.07.10 03:28:15.860,0.77877,0.77889,0.90,0.48
2009.07.10 03:28:16.558,0.77876,0.77894,1.00,1.20
2009.07.10 03:28:17.110,0.77881,0.77899,1.60,1.80
2009.07.10 03:28:17.621,0.77887,0.77899,1.70,0.89
2009.07.10 03:28:18.187,0.77891,0.77909,0.89,1.20
2009.07.10 03:28:18.336,0.77886,0.77904,1.10,2.30
2009.07.10 03:28:18.868,0.77887,0.77904,1.90,0.85
2009.07.10 03:28:20.391,0.77891,0.77909,1.10,1.10
2009.07.10 03:28:21.492,0.77897,0.77909,0.91,0.96
2009.07.10 03:28:21.845,0.77896,0.77914,1.40,0.77
2009.07.10 03:28:31.680,0.77901,0.77919,1.30,1.80
2009.07.10 03:28:32.338,0.77899,0.77914,1.10,0.85
2009.07.10 03:28:32.788,0.77896,0.77914,1.30,0.86
2009.07.10 03:28:35.159,0.77901,0.77919,1.20,1.80
2009.07.10 03:28:37.051,0.77902,0.77919,0.99,1.80
2009.07.10 03:28:37.221,0.77904,0.77919,2.20,1.10
2009.07.10 03:28:37.356,0.77906,0.77924,0.93,0.61
2009.07.10 03:28:37.466,0.77901,0.77914,1.30,0.95
2009.07.10 03:28:37.578,0.77896,0.77914,1.10,0.54
2009.07.10 03:28:37.762,0.77897,0.77914,1.30,1.70
2009.07.10 03:28:37.871,0.77901,0.77916,1.10,0.72
2009.07.10 03:28:40.061,0.77902,0.77919,1.90,1.30
2009.07.10 03:28:40.373,0.77904,0.77919,1.80,2.10
2009.07.10 03:28:40.461,0.77906,0.77924,2.20,1.20
2009.07.10 03:28:40.733,0.77901,0.77914,1.50,1.30
2009.07.10 03:28:40.974,0.77896,0.77914,0.71,1.10
2009.07.10 03:28:41.168,0.77891,0.77909,0.88,1.60
2009.07.10 03:28:42.115,0.77892,0.77909,2.00,1.70
2009.07.10 03:28:42.881,0.77896,0.77914,2.10,1.20
2009.07.10 03:28:45.044,0.77897,0.77914,0.86,2.00
2009.07.10 03:28:45.343,0.77901,0.77919,1.50,0.68
2009.07.10 03:28:45.764,0.77896,0.77914,1.10,1.20
2009.07.10 03:28:48.265,0.77891,0.77909,0.71,0.95
2009.07.10 03:28:48.534,0.77892,0.77909,1.60,1.80
2009.07.10 03:28:48.726,0.77896,0.77914,0.82,0.78
2009.07.10 03:28:49.103,0.77892,0.77904,0.54,2.40
2009.07.10 03:28:49.854,0.77886,0.77904,2.00,1.70
2009.07.10 03:28:50.709,0.77891,0.77909,0.77,1.90
2009.07.10 03:28:51.328,0.77892,0.77909,1.40,1.50
2009.07.10 03:28:51.496,0.77896,0.77914,0.79,1.40
2009.07.10 03:28:51.802,0.77901,0.77917,1.00,0.99
2009.07.10 03:28:55.026,0.77904,0.77919,1.30,1.20
2009.07.10 03:28:55.647,0.77906,0.77924,1.70,1.10
2009.07.10 03:28:59.379,0.77901,0.77919,1.90,0.88
2009.07.10 03:29:07.015,0.77896,0.77914,1.20,2.20
2009.07.10 03:29:07.325,0.77891,0.77909,1.00,1.50
2009.07.10 03:29:07.533,0.77886,0.77903,2.50,1.10
2009.07.10 03:29:07.953,0.77881,0.77894,1.20,1.90
2009.07.10 03:29:08.486,0.77876,0.77894,1.30,1.30
2009.07.10 03:29:08.975,0.77881,0.77899,0.58,0.82
2009.07.10 03:29:11.274,0.77876,0.77894,0.97,1.90
2009.07.10 03:29:12.043,0.7788,0.77894,1.40,0.99
2009.07.10 03:29:12.358,0.77891,0.77899,2.10,1.20
2009.07.10 03:29:12.526,0.77896,0.77909,0.85,0.99
2009.07.10 03:29:12.889,0.77901,0.77914,1.00,1.10
2009.07.10 03:29:16.095,0.77906,0.77919,0.82,0.82
2009.07.10 03:29:16.259,0.77911,0.77919,1.40,0.99
2009.07.10 03:29:16.489,0.77916,0.77924,0.81,0.61
2009.07.10 03:29:16.523,0.77911,0.77919,1.00,1.30
2009.07.10 03:29:16.780,0.77901,0.77919,2.20,0.75
2009.07.10 03:29:16.973,0.77906,0.77924,0.61,1.10
2009.07.10 03:29:17.190,0.77901,0.77904,1.50,2.50
2009.07.10 03:29:17.657,0.77886,0.77904,0.76,0.83
2009.07.10 03:29:17.982,0.77889,0.77904,1.10,2.40
2009.07.10 03:29:18.289,0.77896,0.77909,0.98,1.60
2009.07.10 03:29:18.825,0.77891,0.77909,1.20,1.30
2009.07.10 03:29:19.072,0.77894,0.77909,1.20,2.00
2009.07.10 03:29:19.878,0.77901,0.77919,1.40,1.30
2009.07.10 03:29:20.556,0.77906,0.77924,0.78,1.30
2009.07.10 03:29:22.020,0.77904,0.77919,1.00,1.20
2009.07.10 03:29:22.384,0.77901,0.77919,1.70,1.50
2009.07.10 03:29:22.816,0.77906,0.77924,1.00,1.50
2009.07.10 03:29:23.055,0.77904,0.77914,2.10,1.30
2009.07.10 03:29:23.280,0.77896,0.77914,0.71,0.51
2009.07.10 03:29:23.639,0.77899,0.77914,0.96,0.98
2009.07.10 03:29:23.805,0.77901,0.77919,1.20,0.87
2009.07.10 03:29:25.694,0.77906,0.77924,0.98,1.60
2009.07.10 03:29:26.116,0.77909,0.77924,1.60,0.97
2009.07.10 03:29:26.209,0.77911,0.77924,0.94,1.80
2009.07.10 03:29:26.434,0.77916,0.77934,1.80,0.87
2009.07.10 03:29:26.514,0.77909,0.77919,0.91,1.40
2009.07.10 03:29:26.766,0.77906,0.77919,0.97,1.50
2009.07.10 03:29:26.853,0.77901,0.77919,1.40,1.30
2009.07.10 03:29:27.353,0.77906,0.77924,2.00,0.82
2009.07.10 03:29:27.897,0.77911,0.77929,1.40,1.00
2009.07.10 03:29:28.012,0.77906,0.77924,1.70,0.79
2009.07.10 03:29:28.607,0.77911,0.77926,0.99,1.50
2009.07.10 03:29:31.562,0.77916,0.77934,1.00,0.99
2009.07.10 03:29:33.003,0.77913,0.77924,1.00,0.67
2009.07.10 03:29:33.512,0.77906,0.77924,0.74,0.86
2009.07.10 03:29:35.255,0.77901,0.77919,0.88,1.10
2009.07.10 03:29:37.169,0.77906,0.77924,0.79,1.90
2009.07.10 03:29:39.957,0.77901,0.77919,1.40,0.93
2009.07.10 03:29:44.770,0.77896,0.77914,1.00,1.00
2009.07.10 03:29:46.147,0.77901,0.77919,1.80,1.20
2009.07.10 03:29:55.243,0.77904,0.77919,0.85,1.60
2009.07.10 03:29:55.278,0.77906,0.77924,1.90,0.92
2009.07.10 03:29:55.559,0.77901,0.77914,2.20,1.50
2009.07.10 03:29:55.807,0.77896,0.77914,0.55,0.78
2009.07.10 03:29:57.468,0.77901,0.77919,0.77,1.00
2009.07.10 03:30:03.202,0.77903,0.77919,1.10,1.50
2009.07.10 03:30:03.540,0.77906,0.77924,1.90,0.72
2009.07.10 03:30:04.557,0.77901,0.77919,1.00,0.99
2009.07.10 03:30:14.122,0.77896,0.77914,1.00,1.20
2009.07.10 03:30:14.735,0.77891,0.77904,0.84,0.72
2009.07.10 03:30:17.588,0.77886,0.77904,0.74,1.20
2009.07.10 03:30:18.062,0.77889,0.77904,0.85,2.00
2009.07.10 03:30:18.550,0.77896,0.77904,0.83,1.20
2009.07.10 03:30:18.949,0.77891,0.77899,1.50,1.00
2009.07.10 03:30:19.015,0.77886,0.77904,1.10,1.70
2009.07.10 03:30:19.927,0.77891,0.77904,1.30,1.90
2009.07.10 03:30:20.437,0.77886,0.77904,1.40,1.30
2009.07.10 03:30:21.688,0.77881,0.77894,1.30,0.93
2009.07.10 03:30:22.223,0.77876,0.77894,2.10,1.30
2009.07.10 03:30:22.698,0.77871,0.77889,1.60,1.90
2009.07.10 03:30:23.870,0.77876,0.77892,0.78,1.80
2009.07.10 03:30:27.035,0.77869,0.77874,1.30,1.10
2009.07.10 03:30:27.228,0.77866,0.77874,1.30,1.30
2009.07.10 03:30:27.496,0.77856,0.77874,0.88,1.10
2009.07.10 03:30:27.513,0.77859,0.77874,1.90,0.74
2009.07.10 03:30:27.789,0.77866,0.77877,0.40,0.64
2009.07.10 03:30:27.872,0.77861,0.77879,1.10,1.10
2009.07.10 03:30:29.167,0.77856,0.77874,2.30,1.10
2009.07.10 03:30:29.522,0.77859,0.77874,2.60,1.10
2009.07.10 03:30:29.892,0.77866,0.77877,0.63,0.84
2009.07.10 03:30:31.980,0.77861,0.77879,1.90,1.40
2009.07.10 03:30:32.293,0.77856,0.77874,1.00,0.70
2009.07.10 03:30:32.527,0.77861,0.77877,2.00,0.60
2009.07.10 03:30:33.086,0.77856,0.77874,1.90,1.40
2009.07.10 03:30:33.271,0.77851,0.77869,0.63,1.50
2009.07.10 03:30:33.652,0.77852,0.77869,3.00,0.90
2009.07.10 03:30:33.841,0.77856,0.77872,0.95,1.50
2009.07.10 03:30:34.060,0.77852,0.77869,0.75,0.85
2009.07.10 03:30:34.663,0.77851,0.77869,2.30,0.92
2009.07.10 03:30:35.557,0.77846,0.77864,0.53,1.10
2009.07.10 03:30:37.051,0.77851,0.77866,1.30,0.96
2009.07.10 03:30:38.559,0.77846,0.77864,0.85,0.94
2009.07.10 03:30:45.059,0.77839,0.77849,1.10,1.30
2009.07.10 03:30:45.651,0.77831,0.77849,1.50,1.20
2009.07.10 03:30:47.053,0.77826,0.77844,1.00,1.60
2009.07.10 03:30:47.842,0.77831,0.77847,0.86,1.00
2009.07.10 03:30:50.010,0.77826,0.77844,1.50,1.10
2009.07.10 03:30:51.987,0.77821,0.77839,0.96,1.70
2009.07.10 03:30:52.263,0.77826,0.77842,1.40,1.50
2009.07.10 03:30:53.364,0.77831,0.77849,1.00,1.40
2009.07.10 03:30:55.439,0.77826,0.77844,1.20,2.10
2009.07.10 03:30:55.603,0.77831,0.77849,1.70,0.92
2009.07.10 03:30:58.247,0.77826,0.77844,0.90,1.60
2009.07.10 03:30:59.122,0.77836,0.77847,1.80,1.90
2009.07.10 03:30:59.391,0.77829,0.77844,0.86,1.10
2009.07.10 03:30:59.877,0.77826,0.77844,0.96,0.94
2009.07.10 03:31:00.439,0.77831,0.77847,1.70,0.76
2009.07.10 03:31:00.772,0.77826,0.77844,1.40,0.61
2009.07.10 03:31:04.169,0.77831,0.77847,2.10,1.00
2009.07.10 03:31:06.009,0.77826,0.77844,1.20,2.20
2009.07.10 03:31:07.738,0.77831,0.77847,1.60,2.40
2009.07.10 03:31:11.298,0.77834,0.77849,0.85,0.99
2009.07.10 03:31:11.904,0.77836,0.77854,0.74,2.00
2009.07.10 03:31:12.487,0.77831,0.77849,1.10,0.98
2009.07.10 03:31:12.589,0.77836,0.77854,1.20,1.60
2009.07.10 03:31:13.152,0.77841,0.77859,1.10,1.40
2009.07.10 03:31:14.163,0.77844,0.77859,2.30,1.00
2009.07.10 03:31:14.520,0.77846,0.77864,2.20,3.20
2009.07.10 03:31:14.819,0.77841,0.77854,1.30,1.10
2009.07.10 03:31:15.832,0.77836,0.77854,2.00,1.00
2009.07.10 03:31:17.871,0.77831,0.77849,1.40,1.20
2009.07.10 03:31:20.327,0.77836,0.77854,1.10,1.10
2009.07.10 03:31:20.563,0.77831,0.77849,0.43,1.60
2009.07.10 03:31:24.984,0.77826,0.77844,1.50,1.10
2009.07.10 03:31:28.047,0.77821,0.77829,1.70,1.40
2009.07.10 03:31:28.282,0.77816,0.77829,0.60,1.80
2009.07.10 03:31:28.628,0.77811,0.77829,0.86,2.20
2009.07.10 03:31:28.836,0.77806,0.77824,1.20,1.00
2009.07.10 03:31:31.062,0.77801,0.77819,0.89,1.00
2009.07.10 03:31:31.947,0.77806,0.77824,0.90,1.40
2009.07.10 03:31:32.141,0.77811,0.77829,1.20,0.88
2009.07.10 03:31:41.241,0.77814,0.77829,2.80,1.80
2009.07.10 03:31:41.865,0.77816,0.77834,2.80,1.00
2009.07.10 03:31:44.082,0.77814,0.77824,0.79,2.20
2009.07.10 03:31:44.502,0.77811,0.77824,1.20,0.80
2009.07.10 03:31:44.825,0.77806,0.77824,1.30,0.93
2009.07.10 03:31:47.075,0.77801,0.77819,1.40,0.61
2009.07.10 03:31:49.345,0.77806,0.77824,1.40,1.60
2009.07.10 03:31:49.623,0.77811,0.77829,1.80,1.70
2009.07.10 03:31:50.946,0.77806,0.77824,1.00,1.40
2009.07.10 03:31:53.817,0.77811,0.77829,1.30,1.10
2009.07.10 03:31:54.476,0.77816,0.77834,0.98,0.99
2009.07.10 03:31:55.446,0.77811,0.77829,1.10,0.73
2009.07.10 03:31:58.304,0.77814,0.77829,1.30,1.10
2009.07.10 03:31:58.920,0.77816,0.77834,0.84,1.10
2009.07.10 03:32:05.750,0.77821,0.77839,0.75,1.10
2009.07.10 03:32:07.253,0.77816,0.77834,0.59,1.50
2009.07.10 03:32:08.957,0.77821,0.77836,1.10,1.00
2009.07.10 03:32:09.149,0.77824,0.77839,1.80,2.00
2009.07.10 03:32:09.302,0.77826,0.77844,1.70,1.50
2009.07.10 03:32:09.744,0.77831,0.77849,1.30,2.10
2009.07.10 03:32:09.769,0.77836,0.77854,0.77,1.20
2009.07.10 03:32:10.219,0.77831,0.77844,1.20,1.20
2009.07.10 03:32:10.561,0.77826,0.77844,1.40,1.10
2009.07.10 03:32:12.699,0.77831,0.77846,1.60,0.60
2009.07.10 03:32:17.280,0.77826,0.77844,1.10,3.20
2009.07.10 03:32:18.574,0.77831,0.77849,1.10,1.60
2009.07.10 03:32:22.108,0.77834,0.77849,1.60,0.70
2009.07.10 03:32:22.520,0.77836,0.77854,2.20,1.90
2009.07.10 03:32:24.974,0.77841,0.77856,1.30,0.88
2009.07.10 03:32:27.053,0.77844,0.77859,1.20,2.40
2009.07.10 03:32:27.988,0.77846,0.77863,1.30,0.80
2009.07.10 03:32:28.266,0.77841,0.77854,1.30,0.82
2009.07.10 03:32:28.391,0.77836,0.77854,2.30,1.30
2009.07.10 03:32:28.769,0.77841,0.77859,1.20,1.10
2009.07.10 03:32:29.309,0.77826,0.77844,1.30,0.49
2009.07.10 03:32:29.387,0.77829,0.77844,0.71,1.90
2009.07.10 03:32:29.971,0.77836,0.77849,1.50,0.67
2009.07.10 03:32:32.202,0.7783,0.77844,2.70,1.30
2009.07.10 03:32:32.823,0.77826,0.77844,1.20,0.99
2009.07.10 03:32:43.104,0.77829,0.77844,1.00,0.83
2009.07.10 03:32:43.592,0.77834,0.77844,0.73,0.94
2009.07.10 03:32:43.685,0.77836,0.77849,0.86,1.50
2009.07.10 03:32:52.808,0.77841,0.77859,0.77,0.51
2009.07.10 03:32:53.100,0.77836,0.77854,1.60,1.20
2009.07.10 03:32:53.521,0.77841,0.77859,1.50,1.40
2009.07.10 03:32:57.387,0.77836,0.77854,0.59,1.10
2009.07.10 03:33:00.335,0.77841,0.77859,1.40,2.30
2009.07.10 03:33:00.732,0.77836,0.77854,1.10,0.81
2009.07.10 03:33:01.621,0.77841,0.77859,1.20,0.90
2009.07.10 03:33:15.124,0.77836,0.77854,0.85,0.65
2009.07.10 03:33:17.822,0.77841,0.77859,0.59,1.00
2009.07.10 03:33:31.360,0.77844,0.77859,1.30,1.90
2009.07.10 03:33:31.848,0.77851,0.77864,1.30,1.40
2009.07.10 03:33:32.202,0.77854,0.77869,0.74,1.90
2009.07.10 03:33:32.619,0.77856,0.77874,1.10,0.64
2009.07.10 03:33:32.942,0.77851,0.77869,1.30,0.97
2009.07.10 03:33:40.249,0.77846,0.77864,0.61,1.10
2009.07.10 03:33:43.394,0.77844,0.77859,0.98,0.72
2009.07.10 03:33:43.985,0.77841,0.77859,1.30,1.30
2009.07.10 03:33:45.434,0.77843,0.77859,0.96,1.00
2009.07.10 03:33:46.717,0.77846,0.77864,0.80,0.88
2009.07.10 03:33:58.599,0.77851,0.77869,0.41,1.40
2009.07.10 03:34:01.191,0.77846,0.77864,1.20,1.40
2009.07.10 03:34:01.933,0.77851,0.77869,1.30,1.20
2009.07.10 03:34:09.164,0.77853,0.77869,2.30,1.40
2009.07.10 03:34:09.286,0.77854,0.77869,0.81,0.93
2009.07.10 03:34:09.387,0.77856,0.77874,1.80,1.10
2009.07.10 03:34:09.622,0.77861,0.77879,0.69,1.60
2009.07.10 03:34:09.825,0.77864,0.77879,1.00,0.80
2009.07.10 03:34:09.986,0.77866,0.77884,1.70,1.00
2009.07.10 03:34:10.435,0.77861,0.77879,0.90,0.99
2009.07.10 03:34:14.055,0.77856,0.77874,1.40,0.54
2009.07.10 03:34:16.455,0.77851,0.77869,0.84,1.10
2009.07.10 03:34:18.794,0.77856,0.77874,0.86,1.40
2009.07.10 03:34:22.183,0.77861,0.77879,1.20,1.20
2009.07.10 03:34:22.747,0.77856,0.77874,0.86,1.80
2009.07.10 03:34:28.359,0.77861,0.77879,0.86,0.85
2009.07.10 03:34:32.476,0.77864,0.77879,0.86,1.00
2009.07.10 03:34:32.897,0.77866,0.77884,1.60,1.50
2009.07.10 03:34:40.040,0.77861,0.77874,0.97,1.40
2009.07.10 03:34:40.527,0.77856,0.77874,1.30,0.90
2009.07.10 03:34:40.918,0.77861,0.77879,0.86,0.80
2009.07.10 03:34:45.939,0.77856,0.77874,1.10,0.95
2009.07.10 03:34:46.114,0.77851,0.77869,1.30,2.10
2009.07.10 03:34:47.517,0.77846,0.77864,0.60,1.60
2009.07.10 03:34:48.376,0.77851,0.77869,0.73,2.20
2009.07.10 03:34:54.598,0.77856,0.77874,0.50,0.84
2009.07.10 03:35:14.337,0.77858,0.77874,0.88,1.40
2009.07.10 03:35:14.765,0.77866,0.77884,1.50,1.40
2009.07.10 03:35:15.199,0.77861,0.77879,1.40,0.93
2009.07.10 03:35:21.949,0.77866,0.77884,1.30,1.50
2009.07.10 03:35:25.350,0.77869,0.77884,1.60,0.69
2009.07.10 03:35:25.685,0.77876,0.77886,1.70,0.50
2009.07.10 03:35:32.476,0.77871,0.77889,0.92,0.63
2009.07.10 03:35:35.033,0.77866,0.77884,2.30,1.40
2009.07.10 03:35:37.316,0.77869,0.77884,1.70,1.20
2009.07.10 03:35:37.710,0.77871,0.77889,2.30,0.89
2009.07.10 03:35:43.221,0.77872,0.77889,0.94,1.30
2009.07.10 03:35:43.465,0.77874,0.77889,1.20,0.50
2009.07.10 03:35:43.741,0.77876,0.77894,1.80,0.81
2009.07.10 03:35:43.967,0.77871,0.77889,0.58,1.20
2009.07.10 03:35:57.278,0.77874,0.77889,0.84,1.90
2009.07.10 03:35:57.726,0.77876,0.77894,1.20,1.40
2009.07.10 03:36:01.213,0.77877,0.77894,1.70,0.53
2009.07.10 03:36:01.294,0.77881,0.77899,1.70,1.00
2009.07.10 03:36:01.716,0.77882,0.77899,0.51,1.40
2009.07.10 03:36:01.866,0.77886,0.77904,3.00,0.82
2009.07.10 03:36:02.920,0.77881,0.77899,1.70,1.00
2009.07.10 03:36:05.971,0.77886,0.77901,3.30,0.56
2009.07.10 03:36:08.579,0.77891,0.77909,0.83,0.94
2009.07.10 03:36:09.521,0.77896,0.77914,1.70,1.20
2009.07.10 03:36:17.735,0.77901,0.77918,0.90,0.67
2009.07.10 03:36:18.357,0.77896,0.77914,1.10,0.99
2009.07.10 03:36:18.793,0.77901,0.77919,1.10,1.10
2009.07.10 03:36:19.602,0.77896,0.77914,1.10,1.30
2009.07.10 03:36:21.517,0.77901,0.77918,1.80,0.88
2009.07.10 03:36:22.160,0.77896,0.77914,1.10,1.20
2009.07.10 03:36:22.426,0.77892,0.77904,0.51,0.84
2009.07.10 03:36:22.736,0.77891,0.77904,1.20,1.00
2009.07.10 03:36:22.959,0.77886,0.77904,0.89,0.72
2009.07.10 03:36:23.001,0.77881,0.77899,1.30,1.20
2009.07.10 03:36:23.618,0.77886,0.77904,2.10,2.40
2009.07.10 03:36:36.806,0.77881,0.77899,1.20,1.20
2009.07.10 03:36:37.116,0.77882,0.77899,1.30,0.94
2009.07.10 03:36:37.430,0.77886,0.77904,0.94,0.96
2009.07.10 03:36:37.530,0.77882,0.77899,0.92,0.86
2009.07.10 03:36:37.891,0.77881,0.77899,1.10,0.72
2009.07.10 03:36:38.047,0.77882,0.77899,0.88,1.00
2009.07.10 03:36:38.623,0.77886,0.77904,0.97,0.68
2009.07.10 03:36:41.386,0.77891,0.77906,0.71,1.30
2009.07.10 03:36:41.581,0.77896,0.77914,1.60,1.40
2009.07.10 03:36:42.235,0.77891,0.77909,1.10,1.30
2009.07.10 03:36:45.405,0.77894,0.77909,1.00,1.80
2009.07.10 03:36:45.713,0.77896,0.77912,1.50,1.10
2009.07.10 03:36:46.194,0.77893,0.77909,1.50,1.10
2009.07.10 03:36:46.953,0.77891,0.77909,1.10,1.20
2009.07.10 03:36:50.509,0.77886,0.77904,1.30,0.88
2009.07.10 03:36:51.319,0.77891,0.77909,0.77,0.65
2009.07.10 03:37:03.240,0.77886,0.77904,1.50,1.30
2009.07.10 03:37:06.275,0.77891,0.77907,1.10,2.20
2009.07.10 03:37:17.200,0.77887,0.77904,1.30,0.84
2009.07.10 03:37:17.592,0.77886,0.77904,1.90,0.83
2009.07.10 03:37:18.214,0.77888,0.77904,0.88,1.00
2009.07.10 03:37:18.460,0.77889,0.77904,0.84,0.77
2009.07.10 03:37:18.617,0.77894,0.77904,1.30,0.73
2009.07.10 03:37:18.882,0.77896,0.77914,1.40,1.20
2009.07.10 03:37:21.351,0.77889,0.77904,1.50,1.20
2009.07.10 03:37:21.971,0.77886,0.77904,1.50,1.30
2009.07.10 03:37:22.321,0.77888,0.77904,0.54,1.20
2009.07.10 03:37:22.515,0.77891,0.77909,1.50,1.30
2009.07.10 03:37:26.180,0.77887,0.77904,1.20,1.70
2009.07.10 03:37:26.745,0.77886,0.77904,2.10,1.40
2009.07.10 03:37:28.410,0.77881,0.77899,0.97,1.40
2009.07.10 03:37:32.226,0.77884,0.77899,1.10,1.70
2009.07.10 03:37:32.868,0.77886,0.77904,0.88,0.69
2009.07.10 03:37:37.041,0.77884,0.77899,0.97,0.77
2009.07.10 03:37:37.318,0.77881,0.77899,1.60,0.98
2009.07.10 03:37:37.565,0.77886,0.77904,0.88,1.60
2009.07.10 03:37:37.673,0.77884,0.77899,0.88,1.90
2009.07.10 03:37:37.996,0.77881,0.77899,0.77,1.30
2009.07.10 03:37:44.062,0.77884,0.77899,0.65,1.10
2009.07.10 03:37:44.605,0.77886,0.77904,1.10,1.40
2009.07.10 03:37:45.960,0.77881,0.77899,1.30,3.00
2009.07.10 03:37:50.401,0.77876,0.77894,1.40,1.40
2009.07.10 03:37:51.977,0.77881,0.77899,1.30,1.30
2009.07.10 03:37:53.642,0.77876,0.77894,0.93,1.20
2009.07.10 03:37:56.048,0.77874,0.77879,1.40,1.60
2009.07.10 03:37:56.219,0.77866,0.77879,2.20,1.60
2009.07.10 03:37:56.480,0.77861,0.77879,0.68,0.84
2009.07.10 03:37:56.714,0.77864,0.77879,1.10,2.30
2009.07.10 03:37:56.879,0.77866,0.77884,1.60,1.00
2009.07.10 03:37:57.603,0.77861,0.77879,1.30,2.40
2009.07.10 03:38:01.217,0.77866,0.77884,1.90,1.30
2009.07.10 03:38:01.473,0.77871,0.77889,0.86,1.50
2009.07.10 03:38:01.826,0.77866,0.77884,0.94,0.81
2009.07.10 03:38:04.278,0.77871,0.77889,0.63,1.00
2009.07.10 03:38:04.628,0.77874,0.77889,0.77,1.60
2009.07.10 03:38:05.176,0.77876,0.77894,0.94,0.90
2009.07.10 03:38:05.381,0.77871,0.77884,0.77,1.10
2009.07.10 03:38:05.684,0.77869,0.77884,1.30,1.80
2009.07.10 03:38:05.808,0.77876,0.77886,0.33,0.52
2009.07.10 03:38:06.175,0.77874,0.77889,1.50,1.20
2009.07.10 03:38:06.315,0.77871,0.77889,1.40,1.20
2009.07.10 03:38:06.519,0.77876,0.77894,1.30,0.79
2009.07.10 03:38:06.783,0.77871,0.77889,1.10,1.90
2009.07.10 03:38:09.086,0.77874,0.77889,1.90,1.10
2009.07.10 03:38:09.491,0.77876,0.77894,1.50,1.90
2009.07.10 03:38:09.815,0.77871,0.77889,0.78,2.50
2009.07.10 03:38:10.192,0.77874,0.77889,1.30,0.90
2009.07.10 03:38:10.639,0.77876,0.77894,2.00,0.89
2009.07.10 03:38:10.995,0.77871,0.77889,2.50,0.99
2009.07.10 03:38:11.360,0.77874,0.77889,2.20,0.89
2009.07.10 03:38:11.916,0.77876,0.77894,1.70,1.60
2009.07.10 03:38:21.385,0.77881,0.77899,0.87,1.60
2009.07.10 03:38:21.536,0.77876,0.77894,0.77,1.10
2009.07.10 03:38:25.324,0.77871,0.77889,2.40,0.91
2009.07.10 03:38:28.731,0.77866,0.77884,1.30,0.83
2009.07.10 03:38:29.693,0.77871,0.77889,1.30,1.80
2009.07.10 03:38:30.114,0.77866,0.77884,1.20,0.84
2009.07.10 03:38:30.215,0.77867,0.77884,1.10,1.00
2009.07.10 03:38:30.536,0.77869,0.77884,0.85,1.10
2009.07.10 03:38:30.745,0.77872,0.77884,1.10,0.71
2009.07.10 03:38:30.937,0.77876,0.77894,1.50,0.70
2009.07.10 03:38:31.080,0.77871,0.77889,1.70,1.30
2009.07.10 03:38:31.554,0.77872,0.77889,1.50,2.40
2009.07.10 03:38:31.882,0.77876,0.77894,0.84,0.99
2009.07.10 03:38:37.437,0.77871,0.77888,0.82,1.00
2009.07.10 03:38:38.439,0.77876,0.77893,1.20,1.10
2009.07.10 03:38:38.667,0.77871,0.77888,1.80,0.56
2009.07.10 03:38:40.843,0.77866,0.77883,0.89,1.50
2009.07.10 03:38:42.205,0.77861,0.77878,1.10,0.63
2009.07.10 03:38:44.132,0.77866,0.77883,1.20,1.50
2009.07.10 03:38:44.473,0.77869,0.77883,1.90,1.40
2009.07.10 03:38:44.969,0.77876,0.77883,1.00,0.60
2009.07.10 03:38:45.007,0.77871,0.77884,0.87,0.88
2009.07.10 03:38:45.183,0.77866,0.77883,1.50,0.99
2009.07.10 03:38:45.487,0.77869,0.77883,2.70,1.30
2009.07.10 03:38:45.592,0.77876,0.77889,1.20,1.40
2009.07.10 03:38:45.748,0.77871,0.77883,1.50,0.94
2009.07.10 03:38:45.955,0.77866,0.77883,1.40,0.61
2009.07.10 03:38:50.173,0.77861,0.77878,1.60,0.66
2009.07.10 03:38:50.594,0.77866,0.77883,1.50,1.40
2009.07.10 03:38:50.858,0.77861,0.77878,1.70,1.20
2009.07.10 03:38:51.940,0.77866,0.77883,1.40,1.50
2009.07.10 03:38:52.141,0.77869,0.77883,2.10,0.99
2009.07.10 03:38:52.474,0.77876,0.77893,1.40,0.65
2009.07.10 03:38:52.603,0.77871,0.77884,0.56,0.80
2009.07.10 03:38:52.836,0.77866,0.77883,1.30,0.98
2009.07.10 03:38:57.235,0.77871,0.77888,1.10,1.10
2009.07.10 03:38:57.745,0.77866,0.77884,1.80,1.20
2009.07.10 03:38:58.026,0.77871,0.77888,2.60,0.63
2009.07.10 03:39:01.042,0.77866,0.77883,1.20,1.00
2009.07.10 03:39:02.225,0.77869,0.77883,3.00,0.93
2009.07.10 03:39:02.601,0.77871,0.77884,0.80,0.63
2009.07.10 03:39:02.841,0.77876,0.77893,1.70,1.30
2009.07.10 03:39:05.159,0.77871,0.77884,2.50,1.30
2009.07.10 03:39:05.542,0.77866,0.77883,0.80,1.20
2009.07.10 03:39:12.785,0.77861,0.77879,1.40,0.60
2009.07.10 03:39:13.178,0.77856,0.77873,1.20,1.60
2009.07.10 03:39:13.915,0.77866,0.77879,1.40,0.69
2009.07.10 03:39:14.253,0.77871,0.77878,1.20,2.00
2009.07.10 03:39:50.164,0.77866,0.77884,0.51,2.40
2009.07.10 03:39:50.765,0.77861,0.77879,2.10,1.20
2009.07.10 03:39:52.935,0.77866,0.77884,1.40,0.91
2009.07.10 03:39:53.269,0.77861,0.77879,1.20,0.96
2009.07.10 03:39:55.669,0.77866,0.77884,1.50,0.69
2009.07.10 03:39:56.198,0.77861,0.77879,2.50,0.95
2009.07.10 03:39:56.451,0.77859,0.77874,0.92,0.67
2009.07.10 03:39:56.896,0.77856,0.77874,1.30,0.91
2009.07.10 03:39:59.270,0.77859,0.77874,1.20,1.50
2009.07.10 03:39:59.500,0.77866,0.77874,2.60,0.77
2009.07.10 03:40:00.700,0.77861,0.77879,1.30,1.20
2009.07.10 03:40:01.119,0.77856,0.77874,2.20,0.90
2009.07.10 03:40:01.311,0.77861,0.77879,0.80,0.70
2009.07.10 03:40:01.696,0.77858,0.77874,2.10,1.50
2009.07.10 03:40:01.924,0.77856,0.77874,0.64,1.70
2009.07.10 03:40:02.232,0.77863,0.77874,0.61,0.91
2009.07.10 03:40:02.334,0.77869,0.77874,3.30,2.20
2009.07.10 03:40:02.722,0.77876,0.77882,1.60,1.00
2009.07.10 03:40:03.661,0.77871,0.77884,1.50,1.30
2009.07.10 03:40:04.068,0.77866,0.77884,1.70,0.90
2009.07.10 03:40:04.356,0.77861,0.77874,0.98,1.50
2009.07.10 03:40:04.733,0.77856,0.77874,1.50,0.89
2009.07.10 03:40:06.068,0.77859,0.77874,0.80,1.10
2009.07.10 03:40:06.648,0.77861,0.77874,1.20,1.20
2009.07.10 03:40:06.950,0.77866,0.77883,1.50,1.20
2009.07.10 03:40:07.148,0.77871,0.77884,0.75,1.70
2009.07.10 03:40:08.163,0.77866,0.77884,1.10,0.73
2009.07.10 03:40:08.752,0.77871,0.77889,1.40,1.40
2009.07.10 03:40:09.238,0.77866,0.77884,1.60,1.10
2009.07.10 03:40:09.545,0.77861,0.77879,1.30,0.81
2009.07.10 03:40:11.098,0.77859,0.77874,0.96,1.20
2009.07.10 03:40:11.564,0.77856,0.77874,0.93,0.85
2009.07.10 03:40:15.557,0.77861,0.77879,1.30,1.40
2009.07.10 03:40:17.389,0.77866,0.77883,0.85,0.99
2009.07.10 03:40:18.043,0.77861,0.77879,1.30,1.90
2009.07.10 03:40:19.156,0.77858,0.77874,1.10,1.20
2009.07.10 03:40:19.587,0.77856,0.77874,0.77,0.71
2009.07.10 03:40:19.860,0.77861,0.77879,0.47,1.50
2009.07.10 03:40:21.737,0.77856,0.77874,0.87,1.20
2009.07.10 03:40:47.125,0.7787,0.77874,2.10,1.50
2009.07.10 03:40:47.930,0.77876,0.77879,1.00,1.30
2009.07.10 03:40:50.070,0.77871,0.77884,2.10,0.85
2009.07.10 03:40:50.308,0.77866,0.77884,1.10,1.60
2009.07.10 03:40:50.472,0.77867,0.77884,2.00,1.10
2009.07.10 03:40:50.602,0.77869,0.77884,0.88,1.10
2009.07.10 03:40:50.739,0.77871,0.77884,2.40,0.84
2009.07.10 03:40:50.972,0.77876,0.77889,0.81,0.99
2009.07.10 03:40:52.816,0.77871,0.77889,1.80,1.80
2009.07.10 03:40:53.103,0.77874,0.77889,1.20,0.94
2009.07.10 03:40:53.301,0.77876,0.77893,0.80,1.10
2009.07.10 03:40:53.571,0.77871,0.77884,0.86,0.95
2009.07.10 03:40:53.762,0.77866,0.77884,2.10,0.74
2009.07.10 03:40:53.852,0.77871,0.77886,0.90,0.95
2009.07.10 03:40:54.374,0.77866,0.77884,1.30,1.70
2009.07.10 03:40:54.803,0.77871,0.77889,4.30,0.74
2009.07.10 03:40:55.088,0.77874,0.77889,0.99,1.00
2009.07.10 03:40:55.313,0.77876,0.77893,0.92,1.40
2009.07.10 03:40:55.677,0.77871,0.77889,1.50,0.88
2009.07.10 03:40:55.861,0.77866,0.77884,2.40,1.10
2009.07.10 03:40:56.241,0.77861,0.77874,0.87,1.80
2009.07.10 03:40:56.726,0.77856,0.77874,0.55,1.60
2009.07.10 03:40:57.188,0.77861,0.77879,1.10,1.10
2009.07.10 03:40:58.028,0.77866,0.77883,3.10,1.70
2009.07.10 03:40:59.175,0.77871,0.77889,1.40,0.75
2009.07.10 03:40:59.488,0.77874,0.77889,1.50,0.74
2009.07.10 03:40:59.905,0.77876,0.77894,0.69,1.30
2009.07.10 03:41:00.007,0.77874,0.77889,1.20,1.60
2009.07.10 03:41:00.655,0.77871,0.77889,1.20,2.10
2009.07.10 03:41:01.721,0.77876,0.77894,1.30,1.10
2009.07.10 03:41:06.085,0.77881,0.77897,1.70,0.96
2009.07.10 03:41:11.032,0.77884,0.77899,1.70,0.63
2009.07.10 03:41:11.390,0.77886,0.77903,1.60,0.97
2009.07.10 03:41:11.657,0.77881,0.77899,1.10,1.10
2009.07.10 03:41:11.773,0.77876,0.77894,1.20,1.10
2009.07.10 03:41:17.129,0.7788,0.77894,0.51,1.30
2009.07.10 03:41:17.351,0.77876,0.77894,0.95,0.62
2009.07.10 03:41:17.545,0.77879,0.77894,1.40,2.80
2009.07.10 03:41:17.968,0.77884,0.77894,1.20,0.93
2009.07.10 03:41:18.685,0.77886,0.77899,2.20,1.80
2009.07.10 03:41:19.171,0.77881,0.77894,1.20,0.63
2009.07.10 03:41:19.761,0.77876,0.77894,0.85,0.93
2009.07.10 03:41:26.020,0.77871,0.77874,1.00,1.30
2009.07.10 03:41:26.172,0.77856,0.77874,1.30,1.10
2009.07.10 03:41:26.416,0.77865,0.77874,1.20,1.20
2009.07.10 03:41:26.638,0.77871,0.77882,1.50,1.20
2009.07.10 03:41:26.675,0.77866,0.77884,2.30,0.79
2009.07.10 03:41:26.974,0.77861,0.77879,0.81,1.00
2009.07.10 03:41:28.004,0.77862,0.77879,0.51,0.90
2009.07.10 03:41:28.249,0.77869,0.77879,0.95,1.30
2009.07.10 03:41:28.425,0.77862,0.77879,0.53,1.10
2009.07.10 03:41:28.504,0.77869,0.77879,0.81,0.89
2009.07.10 03:41:28.706,0.77876,0.77884,1.10,0.90
2009.07.10 03:41:28.814,0.77871,0.77884,1.40,1.60
2009.07.10 03:41:28.997,0.77866,0.77884,1.20,1.30
2009.07.10 03:41:32.036,0.77871,0.77889,1.20,0.91
2009.07.10 03:41:33.274,0.77866,0.77884,1.20,1.50
2009.07.10 03:41:33.535,0.77861,0.77874,1.20,1.80
2009.07.10 03:41:33.844,0.77856,0.77874,1.90,0.95
2009.07.10 03:41:35.306,0.77851,0.77864,0.96,1.30
2009.07.10 03:41:35.431,0.77849,0.77864,1.70,1.10
2009.07.10 03:41:35.923,0.77846,0.77864,1.00,0.74
2009.07.10 03:41:37.060,0.77839,0.77854,0.92,1.00
2009.07.10 03:41:37.771,0.77836,0.77854,0.76,1.30
2009.07.10 03:41:38.173,0.77831,0.77849,1.20,0.95
2009.07.10 03:41:38.955,0.77836,0.77854,1.40,0.89
2009.07.10 03:41:39.045,0.77841,0.77859,1.80,1.50
2009.07.10 03:41:41.899,0.77836,0.77854,1.80,2.00
2009.07.10 03:41:43.291,0.77841,0.77859,1.10,1.10
2009.07.10 03:41:47.032,0.77836,0.77844,1.70,1.20
2009.07.10 03:41:47.289,0.77826,0.77844,1.60,1.00
2009.07.10 03:41:47.654,0.77831,0.77844,1.90,0.80
2009.07.10 03:41:47.906,0.77836,0.77849,2.00,1.20
2009.07.10 03:41:48.345,0.77841,0.77859,1.20,1.60
2009.07.10 03:41:48.507,0.77836,0.77854,1.80,0.77
2009.07.10 03:41:50.119,0.77826,0.77844,0.55,2.40
2009.07.10 03:41:50.629,0.77829,0.77844,0.69,0.79
2009.07.10 03:41:50.938,0.77836,0.77849,0.71,1.00
2009.07.10 03:41:52.311,0.77839,0.77854,1.20,1.40
2009.07.10 03:41:52.567,0.77846,0.77859,1.90,0.88
2009.07.10 03:41:53.052,0.77841,0.77859,2.60,1.50
2009.07.10 03:41:53.649,0.77836,0.77854,0.67,0.91
2009.07.10 03:41:53.814,0.77841,0.77859,2.90,1.20
2009.07.10 03:41:56.860,0.77836,0.77854,1.30,1.40
2009.07.10 03:41:57.275,0.77831,0.77844,2.80,1.30
2009.07.10 03:41:57.369,0.77829,0.77844,2.10,0.70
2009.07.10 03:41:57.795,0.77836,0.77849,1.10,1.20
2009.07.10 03:41:58.718,0.77831,0.77849,0.88,1.20
2009.07.10 03:42:01.305,0.77826,0.77844,1.70,0.92
2009.07.10 03:42:01.670,0.77831,0.77849,0.60,1.40
2009.07.10 03:42:02.700,0.77826,0.77844,1.30,1.60
2009.07.10 03:42:07.448,0.77831,0.77849,1.20,0.87
2009.07.10 03:42:08.232,0.77834,0.77849,1.60,1.30
2009.07.10 03:42:08.761,0.77836,0.77854,0.96,0.71
2009.07.10 03:42:14.976,0.77841,0.77859,4.20,2.10
2009.07.10 03:42:24.302,0.77844,0.77859,0.86,1.00
2009.07.10 03:42:24.354,0.77846,0.77864,0.85,0.88
2009.07.10 03:42:24.886,0.77851,0.77869,1.00,2.70
2009.07.10 03:42:27.111,0.77846,0.77864,2.10,1.70
2009.07.10 03:42:31.240,0.7785,0.77864,1.10,0.97
2009.07.10 03:42:31.574,0.77854,0.77864,0.81,0.63
2009.07.10 03:42:31.884,0.77856,0.77869,1.00,1.10
2009.07.10 03:42:38.935,0.77851,0.77869,1.60,0.95
2009.07.10 03:42:43.039,0.77846,0.77864,0.86,1.30
2009.07.10 03:42:44.569,0.77841,0.77859,2.00,0.74
2009.07.10 03:43:02.363,0.77836,0.77854,0.84,1.60
2009.07.10 03:43:04.387,0.77831,0.77839,2.00,1.60
2009.07.10 03:43:04.524,0.77826,0.77839,0.87,0.96
2009.07.10 03:43:05.175,0.77821,0.77839,0.82,0.96
2009.07.10 03:43:07.031,0.77826,0.77844,1.40,1.20
2009.07.10 03:43:16.847,0.77821,0.77839,0.93,1.30
2009.07.10 03:43:18.134,0.77816,0.77824,2.10,1.70
2009.07.10 03:43:18.326,0.77814,0.77824,3.80,1.30
2009.07.10 03:43:18.397,0.77806,0.77824,2.20,0.73
2009.07.10 03:43:18.614,0.77807,0.77824,2.00,1.20
2009.07.10 03:43:18.733,0.77809,0.77824,1.00,1.20
2009.07.10 03:43:18.996,0.77816,0.77829,1.20,1.10
2009.07.10 03:43:19.189,0.77811,0.77829,1.60,1.20
2009.07.10 03:43:19.562,0.77806,0.77824,0.65,1.10
2009.07.10 03:43:19.690,0.77801,0.77819,1.20,1.70
2009.07.10 03:43:20.099,0.77804,0.77819,0.69,1.30
2009.07.10 03:43:20.390,0.77806,0.77824,0.31,0.88
2009.07.10 03:43:20.625,0.77804,0.77819,0.76,1.20
2009.07.10 03:43:20.764,0.77801,0.77819,0.97,1.20
2009.07.10 03:43:21.015,0.77804,0.77819,1.40,1.60
2009.07.10 03:43:21.308,0.77806,0.77824,0.84,1.90
2009.07.10 03:43:21.483,0.77801,0.77819,1.40,1.50
2009.07.10 03:43:21.778,0.77804,0.77819,1.60,1.20
2009.07.10 03:43:21.892,0.77806,0.77824,1.00,1.80
2009.07.10 03:43:22.496,0.77811,0.77826,1.60,1.70
2009.07.10 03:43:23.234,0.77814,0.77829,1.40,1.50
2009.07.10 03:43:23.468,0.77816,0.77834,1.80,1.30
2009.07.10 03:43:23.628,0.77821,0.77836,1.00,1.40
2009.07.10 03:43:23.898,0.77816,0.77834,1.90,1.30
2009.07.10 03:43:24.397,0.77821,0.77839,2.00,1.30
2009.07.10 03:43:24.542,0.77826,0.77844,0.70,1.00
2009.07.10 03:43:26.372,0.77831,0.77849,2.40,1.00
2009.07.10 03:43:33.225,0.77834,0.77849,1.40,1.30
2009.07.10 03:43:33.558,0.77836,0.77854,0.57,2.40
2009.07.10 03:43:34.221,0.77834,0.77849,2.80,0.92
2009.07.10 03:43:34.266,0.77831,0.77849,0.72,0.74
2009.07.10 03:43:34.723,0.77834,0.77849,0.70,0.97
2009.07.10 03:43:34.756,0.77836,0.77854,0.74,0.94
2009.07.10 03:43:36.346,0.77841,0.77859,1.80,0.64
2009.07.10 03:43:36.947,0.77846,0.77864,1.20,0.92
2009.07.10 03:44:02.534,0.77841,0.77859,1.70,1.50
2009.07.10 03:44:09.078,0.77836,0.77849,2.20,1.00
2009.07.10 03:44:09.544,0.77831,0.77849,1.50,1.30
2009.07.10 03:44:09.895,0.77826,0.77844,2.30,1.70
2009.07.10 03:44:10.110,0.77821,0.77839,1.50,2.00
2009.07.10 03:44:11.996,0.77816,0.77834,1.00,1.10
2009.07.10 03:44:12.210,0.77811,0.77829,1.10,0.68
2009.07.10 03:44:12.399,0.77812,0.77829,1.40,0.98
2009.07.10 03:44:12.744,0.77816,0.77834,0.83,1.00
2009.07.10 03:44:13.106,0.77807,0.77824,0.54,1.10
2009.07.10 03:44:13.428,0.77806,0.77824,1.80,1.10
2009.07.10 03:44:13.679,0.77811,0.77829,1.70,1.30
2009.07.10 03:44:17.297,0.77812,0.77829,1.10,1.70
2009.07.10 03:44:17.519,0.77816,0.77834,1.00,0.72
2009.07.10 03:44:17.706,0.77811,0.77829,1.10,1.50
2009.07.10 03:44:18.273,0.77816,0.77834,1.10,0.70
2009.07.10 03:44:18.349,0.77822,0.77834,1.40,0.92
2009.07.10 03:44:18.826,0.77826,0.77836,1.50,1.60
2009.07.10 03:44:22.053,0.77827,0.77844,1.30,1.40
2009.07.10 03:44:22.984,0.77831,0.77849,1.50,1.60
2009.07.10 03:44:23.489,0.77832,0.77849,1.20,1.90
2009.07.10 03:44:23.924,0.77836,0.77854,0.85,0.92
2009.07.10 03:44:25.075,0.77831,0.77849,0.93,1.30
2009.07.10 03:44:29.097,0.77832,0.77849,1.00,0.75
2009.07.10 03:44:29.543,0.77836,0.77854,1.10,0.92
2009.07.10 03:44:30.086,0.77837,0.77854,2.60,1.10
2009.07.10 03:44:30.191,0.77841,0.77859,0.76,1.90
2009.07.10 03:44:30.296,0.77842,0.77859,0.96,1.30
2009.07.10 03:44:30.514,0.77846,0.77864,1.20,0.61
2009.07.10 03:44:30.694,0.77852,0.77864,0.62,0.59
2009.07.10 03:44:30.830,0.77856,0.77874,0.71,1.30
2009.07.10 03:44:30.925,0.77857,0.77874,1.20,1.20
2009.07.10 03:44:31.026,0.77856,0.77874,1.20,1.20
2009.07.10 03:44:31.321,0.77851,0.77869,1.10,0.72
2009.07.10 03:44:31.339,0.77852,0.77869,2.30,0.72
2009.07.10 03:44:31.550,0.77856,0.77874,1.10,1.30
2009.07.10 03:44:31.742,0.77857,0.77874,1.60,1.00
2009.07.10 03:44:31.966,0.77856,0.77874,1.50,1.50
2009.07.10 03:44:32.072,0.77852,0.77869,1.60,0.99
2009.07.10 03:44:33.579,0.77857,0.77869,2.00,0.94
2009.07.10 03:44:34.838,0.77856,0.77874,1.90,1.10
2009.07.10 03:44:35.054,0.77851,0.77864,0.42,1.20
2009.07.10 03:44:35.463,0.77846,0.77864,0.94,1.80
2009.07.10 03:44:35.748,0.77841,0.77859,2.00,1.20
2009.07.10 03:44:35.919,0.77836,0.77854,0.94,0.92
2009.07.10 03:44:36.145,0.77837,0.77854,2.40,0.52
2009.07.10 03:44:36.518,0.77841,0.77859,1.50,0.93
2009.07.10 03:44:36.888,0.77842,0.77859,1.40,1.10
2009.07.10 03:44:37.039,0.77846,0.77864,0.89,0.91
2009.07.10 03:44:37.495,0.77841,0.77859,0.90,1.40
2009.07.10 03:44:37.614,0.77842,0.77859,1.20,1.50
2009.07.10 03:44:37.788,0.77846,0.77864,1.10,1.10
2009.07.10 03:44:38.192,0.77841,0.77859,1.20,1.30
2009.07.10 03:44:40.005,0.77836,0.77854,0.64,1.30
2009.07.10 03:44:40.297,0.77837,0.77854,1.90,1.30
2009.07.10 03:44:40.570,0.77841,0.77859,2.10,1.10
2009.07.10 03:44:40.726,0.77847,0.77859,2.20,1.00
2009.07.10 03:44:40.913,0.77851,0.77864,1.10,1.20
2009.07.10 03:44:42.104,0.77847,0.77864,1.40,0.79
2009.07.10 03:44:42.843,0.77846,0.77864,1.20,0.96
2009.07.10 03:44:43.002,0.77841,0.77854,1.90,1.10
2009.07.10 03:44:43.418,0.77836,0.77854,1.60,1.70
2009.07.10 03:44:43.730,0.77831,0.77849,0.92,0.82
2009.07.10 03:44:44.107,0.77826,0.77844,1.70,1.20
2009.07.10 03:44:44.398,0.77822,0.77839,1.80,1.50
2009.07.10 03:44:44.465,0.77821,0.77839,1.00,1.40
2009.07.10 03:44:44.613,0.77822,0.77839,0.92,1.30
2009.07.10 03:44:44.953,0.77826,0.77844,1.50,1.60
2009.07.10 03:44:45.306,0.77821,0.77839,0.99,0.94
2009.07.10 03:44:45.595,0.77822,0.77839,1.70,3.20
2009.07.10 03:44:45.711,0.77826,0.77844,1.90,1.80
2009.07.10 03:44:48.284,0.77821,0.77839,1.10,0.89
2009.07.10 03:44:48.377,0.77822,0.77839,1.70,0.77
2009.07.10 03:44:48.907,0.77826,0.77844,1.10,1.90
2009.07.10 03:44:49.055,0.77821,0.77834,0.97,1.60
2009.07.10 03:44:49.133,0.77818,0.77834,1.30,1.30
2009.07.10 03:44:49.286,0.77816,0.77834,0.98,1.70
2009.07.10 03:44:49.342,0.77811,0.77824,1.50,1.20
2009.07.10 03:44:49.400,0.7781,0.77824,2.00,1.40
2009.07.10 03:44:49.509,0.77809,0.77824,1.00,0.91
2009.07.10 03:44:49.659,0.77807,0.77824,1.40,1.50
2009.07.10 03:44:49.702,0.77806,0.77824,0.46,0.92
2009.07.10 03:44:49.883,0.77811,0.77829,1.60,1.50
2009.07.10 03:44:49.931,0.77806,0.77824,0.85,1.10
2009.07.10 03:44:52.018,0.77801,0.77819,2.10,0.76
2009.07.10 03:44:52.265,0.77805,0.77819,0.96,1.90
2009.07.10 03:44:52.736,0.77811,0.77824,1.00,1.80
2009.07.10 03:44:52.866,0.77806,0.77824,2.80,1.00
2009.07.10 03:44:54.248,0.77801,0.77819,0.81,1.90
2009.07.10 03:44:55.240,0.77796,0.77814,2.00,0.67
2009.07.10 03:44:59.271,0.77801,0.77819,0.64,0.81
2009.07.10 03:45:02.710,0.77796,0.77814,1.50,1.60
2009.07.10 03:45:03.605,0.77801,0.77819,0.84,0.90
2009.07.10 03:45:04.009,0.77796,0.77804,1.60,1.30
2009.07.10 03:45:04.257,0.77792,0.77804,2.80,0.84
2009.07.10 03:45:04.433,0.77787,0.77804,1.10,2.70
2009.07.10 03:45:04.605,0.77786,0.77804,1.90,0.91
2009.07.10 03:45:04.804,0.77792,0.77804,1.50,0.91
2009.07.10 03:45:04.985,0.77796,0.77812,1.90,1.70
2009.07.10 03:45:05.127,0.77801,0.77819,1.50,1.00
2009.07.10 03:45:05.263,0.77796,0.77804,1.30,2.30
2009.07.10 03:45:05.473,0.77786,0.77804,1.90,1.80
2009.07.10 03:45:05.528,0.77791,0.77804,0.87,1.30
2009.07.10 03:45:05.748,0.77796,0.77814,2.20,1.10
2009.07.10 03:45:05.989,0.77791,0.77809,0.89,1.00
2009.07.10 03:45:10.309,0.77792,0.77809,2.10,1.10
2009.07.10 03:45:10.349,0.77796,0.77814,1.20,1.10
2009.07.10 03:45:10.889,0.77791,0.77809,1.00,1.10
2009.07.10 03:45:13.508,0.77796,0.77814,1.40,1.40
2009.07.10 03:45:15.814,0.77791,0.77809,1.40,0.99
2009.07.10 03:45:17.003,0.77789,0.77804,1.70,1.60
2009.07.10 03:45:17.611,0.77786,0.77804,1.40,0.73
2009.07.10 03:45:19.468,0.77791,0.77809,1.10,2.30
2009.07.10 03:45:21.178,0.77793,0.77809,0.48,0.88
2009.07.10 03:45:21.367,0.77796,0.77814,1.30,1.50
2009.07.10 03:45:21.994,0.77791,0.77809,1.70,0.93
2009.07.10 03:45:22.493,0.77793,0.77809,0.83,1.00
2009.07.10 03:45:22.819,0.77796,0.77814,1.00,0.88
2009.07.10 03:45:25.015,0.77801,0.77819,2.20,0.76
2009.07.10 03:45:25.770,0.77806,0.77824,1.20,1.10
2009.07.10 03:45:29.132,0.77801,0.77819,1.20,1.20
2009.07.10 03:45:32.090,0.77799,0.77814,1.00,1.50
2009.07.10 03:45:32.866,0.77796,0.77814,0.55,1.20
2009.07.10 03:45:52.393,0.77801,0.77816,1.90,0.91
2009.07.10 03:45:53.062,0.77804,0.77819,1.20,0.89
2009.07.10 03:45:53.657,0.77806,0.77824,1.00,1.50
2009.07.10 03:46:00.552,0.77811,0.77829,1.20,0.68
2009.07.10 03:46:03.909,0.77816,0.77834,2.00,1.00
2009.07.10 03:46:17.769,0.77811,0.77829,0.96,1.90
2009.07.10 03:46:20.358,0.77813,0.77829,1.10,1.40
2009.07.10 03:46:20.811,0.77816,0.77834,2.10,1.30
2009.07.10 03:46:26.332,0.7782,0.77834,1.20,1.30
2009.07.10 03:46:26.987,0.77826,0.77836,1.20,0.85
2009.07.10 03:46:28.141,0.77821,0.77839,0.68,0.91
2009.07.10 03:46:28.360,0.77824,0.77839,1.90,1.30
2009.07.10 03:46:28.835,0.77826,0.77844,1.30,0.86
2009.07.10 03:46:29.085,0.77828,0.77844,1.70,1.30
2009.07.10 03:46:29.369,0.7783,0.77844,0.64,0.69
2009.07.10 03:46:29.433,0.77836,0.77849,1.00,1.90
2009.07.10 03:46:29.626,0.7783,0.77844,1.10,1.50
2009.07.10 03:46:29.984,0.77826,0.77844,2.20,1.60
2009.07.10 03:46:34.710,0.77831,0.77849,2.50,1.10
2009.07.10 03:46:36.141,0.77826,0.77844,1.40,0.94
2009.07.10 03:46:39.046,0.77828,0.77844,3.40,0.76
2009.07.10 03:46:39.940,0.77836,0.77846,1.80,0.55
2009.07.10 03:46:43.184,0.77831,0.77849,1.00,1.70
2009.07.10 03:46:46.222,0.77836,0.77851,1.10,1.00
2009.07.10 03:46:46.845,0.77831,0.77849,1.00,0.96
2009.07.10 03:46:48.028,0.77834,0.77849,0.78,1.50
2009.07.10 03:46:48.844,0.77836,0.77852,1.20,0.96
2009.07.10 03:46:50.011,0.77831,0.77849,1.80,0.77
2009.07.10 03:46:52.362,0.77826,0.77841,0.67,1.40
2009.07.10 03:46:54.229,0.77832,0.77844,1.10,1.70
2009.07.10 03:46:54.350,0.77836,0.77849,0.95,1.30
2009.07.10 03:46:54.937,0.77831,0.77849,1.30,1.90
2009.07.10 03:46:56.248,0.77836,0.77854,0.93,0.94
2009.07.10 03:46:57.092,0.77831,0.77849,0.80,1.60
2009.07.10 03:46:57.172,0.77834,0.77849,0.92,1.40
2009.07.10 03:46:57.321,0.77836,0.77854,1.50,1.00
2009.07.10 03:46:57.430,0.77842,0.77854,0.67,1.40
2009.07.10 03:46:57.711,0.77846,0.77856,1.70,1.10
2009.07.10 03:46:57.735,0.77847,0.77864,1.40,1.10
2009.07.10 03:46:57.993,0.77851,0.77868,3.00,1.10
2009.07.10 03:46:58.247,0.77847,0.77864,1.90,1.10
2009.07.10 03:46:58.443,0.77846,0.77864,2.30,1.00
2009.07.10 03:46:58.701,0.77847,0.77864,1.00,1.20
2009.07.10 03:46:58.942,0.77851,0.77869,1.20,1.40
2009.07.10 03:47:00.350,0.77853,0.77869,2.40,1.10
2009.07.10 03:47:00.704,0.77856,0.77874,1.10,1.40
2009.07.10 03:47:01.222,0.77851,0.77869,1.60,1.70
2009.07.10 03:47:01.628,0.77854,0.77869,1.60,0.64
2009.07.10 03:47:01.689,0.77856,0.77874,2.10,1.50
2009.07.10 03:47:04.040,0.77857,0.77874,1.00,0.50
2009.07.10 03:47:04.383,0.77861,0.77879,1.10,1.90
2009.07.10 03:47:04.453,0.77856,0.77874,1.70,0.63
2009.07.10 03:47:04.743,0.77857,0.77874,1.10,0.80
2009.07.10 03:47:04.843,0.77861,0.77879,1.60,2.50
2009.07.10 03:47:05.794,0.77856,0.77874,1.40,1.20
2009.07.10 03:47:06.374,0.77851,0.77869,1.10,0.72
2009.07.10 03:47:08.952,0.77846,0.77864,0.88,1.70
2009.07.10 03:47:09.395,0.77841,0.77859,1.60,1.40
2009.07.10 03:47:11.831,0.77836,0.77854,1.20,2.50
2009.07.10 03:47:12.091,0.77837,0.77854,1.70,1.30
2009.07.10 03:47:12.468,0.77836,0.77854,2.50,1.60
2009.07.10 03:47:12.966,0.77841,0.77859,1.40,0.85
2009.07.10 03:47:14.862,0.77836,0.77854,2.20,1.30
2009.07.10 03:47:17.141,0.77837,0.77854,1.00,0.99
2009.07.10 03:47:17.272,0.77836,0.77854,1.50,1.40
2009.07.10 03:47:17.392,0.77841,0.77859,1.10,1.10
2009.07.10 03:47:17.611,0.77836,0.77854,0.89,2.60
2009.07.10 03:47:17.784,0.77837,0.77854,1.50,0.68
2009.07.10 03:47:17.862,0.77841,0.77859,0.66,1.30
2009.07.10 03:47:18.091,0.77836,0.77854,0.87,1.80
2009.07.10 03:47:20.092,0.77841,0.77856,0.96,1.10
2009.07.10 03:47:23.044,0.77842,0.77856,1.30,1.40
2009.07.10 03:47:23.473,0.77843,0.77859,0.87,1.40
2009.07.10 03:47:23.765,0.77846,0.77862,0.58,1.20
2009.07.10 03:47:24.285,0.77847,0.77862,1.10,0.97
2009.07.10 03:47:24.738,0.77851,0.77868,2.70,1.50
2009.07.10 03:47:27.340,0.77854,0.77868,1.10,2.50
2009.07.10 03:47:27.884,0.77856,0.77872,1.30,1.40
2009.07.10 03:47:28.133,0.77857,0.77874,1.20,0.65
2009.07.10 03:47:28.444,0.77856,0.77874,1.10,1.50
2009.07.10 03:47:28.673,0.77861,0.77875,1.20,1.20
2009.07.10 03:47:31.315,0.77856,0.77874,0.94,0.67
2009.07.10 03:47:31.392,0.77851,0.77869,1.10,2.40
2009.07.10 03:47:31.913,0.77846,0.77864,1.50,1.60
2009.07.10 03:47:33.041,0.77847,0.77864,0.59,0.86
2009.07.10 03:47:33.342,0.77846,0.77864,0.79,0.85
2009.07.10 03:47:33.875,0.77851,0.77865,1.00,1.20
2009.07.10 03:47:35.445,0.77854,0.77869,0.99,1.70
2009.07.10 03:47:35.904,0.77856,0.77872,1.30,0.73
2009.07.10 03:47:36.802,0.77851,0.77869,1.40,1.10
2009.07.10 03:47:38.100,0.77846,0.77864,1.00,1.10
2009.07.10 03:47:38.447,0.77847,0.77864,2.90,1.60
2009.07.10 03:47:38.708,0.77846,0.77861,1.40,1.20
2009.07.10 03:47:38.878,0.77851,0.77861,2.10,1.10
2009.07.10 03:47:39.070,0.77846,0.77864,1.10,1.50
2009.07.10 03:47:42.295,0.77836,0.77854,1.20,1.30
2009.07.10 03:47:42.472,0.77839,0.77854,0.92,0.77
2009.07.10 03:47:42.963,0.77841,0.77859,1.80,1.70
2009.07.10 03:47:44.178,0.77836,0.77854,1.20,1.60
2009.07.10 03:48:00.621,0.77846,0.77856,0.93,0.55
2009.07.10 03:48:06.053,0.77841,0.77859,0.92,1.00
2009.07.10 03:48:10.050,0.77844,0.77859,1.00,0.85
2009.07.10 03:48:10.277,0.77846,0.77863,2.50,1.20
2009.07.10 03:48:10.529,0.77841,0.77859,1.20,1.20
2009.07.10 03:48:10.747,0.77844,0.77859,0.61,0.92
2009.07.10 03:48:10.829,0.77846,0.77863,2.20,0.99
2009.07.10 03:48:13.160,0.77854,0.77863,1.10,0.90
2009.07.10 03:48:13.323,0.77856,0.77869,1.60,1.80
2009.07.10 03:48:13.466,0.77851,0.77869,0.83,1.50
2009.07.10 03:48:13.550,0.77854,0.77869,1.40,1.20
2009.07.10 03:48:13.669,0.77856,0.77874,1.20,1.50
2009.07.10 03:48:13.901,0.77861,0.77875,1.40,0.78
2009.07.10 03:48:14.041,0.77856,0.77874,0.88,1.00
2009.07.10 03:48:14.919,0.77851,0.77869,1.30,0.96
2009.07.10 03:48:15.197,0.77846,0.77864,0.88,0.57
2009.07.10 03:48:15.762,0.77841,0.77859,0.57,0.98
2009.07.10 03:48:16.200,0.77844,0.77859,0.70,1.80
2009.07.10 03:48:16.579,0.77846,0.77864,2.10,0.93
2009.07.10 03:48:16.749,0.77841,0.77859,1.70,2.10
2009.07.10 03:48:21.184,0.77843,0.77859,1.70,1.50
2009.07.10 03:48:21.343,0.77844,0.77859,1.30,0.71
2009.07.10 03:48:21.708,0.77846,0.77864,2.10,1.60
2009.07.10 03:48:21.842,0.77841,0.77859,2.50,0.83
2009.07.10 03:48:22.123,0.77844,0.77859,0.59,1.20
2009.07.10 03:48:22.274,0.77846,0.7786,1.30,1.40
2009.07.10 03:48:22.402,0.77841,0.77859,1.90,1.70
2009.07.10 03:48:22.648,0.77844,0.77859,1.20,0.65
2009.07.10 03:48:22.905,0.77846,0.7786,0.68,2.00
2009.07.10 03:48:44.525,0.77841,0.77859,1.50,0.60
2009.07.10 03:48:50.014,0.77842,0.77859,1.60,2.00
2009.07.10 03:48:50.601,0.77854,0.77859,1.20,2.20
2009.07.10 03:48:50.924,0.77856,0.77864,1.50,1.30
2009.07.10 03:48:51.191,0.77851,0.77864,0.67,2.20
2009.07.10 03:48:51.423,0.77846,0.77864,0.69,0.89
2009.07.10 03:48:51.713,0.77849,0.77864,0.62,1.10
2009.07.10 03:48:51.843,0.77851,0.77869,1.30,0.42
2009.07.10 03:48:52.908,0.77846,0.77864,0.86,0.91
2009.07.10 03:48:53.644,0.77841,0.77859,0.85,0.72
2009.07.10 03:48:55.368,0.77844,0.77859,1.30,1.50
2009.07.10 03:48:55.610,0.77846,0.77864,1.50,1.10
2009.07.10 03:48:56.061,0.77849,0.77864,0.57,3.60
2009.07.10 03:48:56.345,0.77851,0.77866,2.00,0.88
2009.07.10 03:48:56.623,0.77846,0.77864,1.10,1.20
2009.07.10 03:48:56.837,0.77851,0.77869,1.30,0.79
2009.07.10 03:48:57.220,0.77854,0.77869,0.75,1.40
2009.07.10 03:48:57.319,0.77856,0.77874,1.10,1.70
2009.07.10 03:48:57.510,0.77854,0.77869,0.95,1.00
2009.07.10 03:48:57.918,0.77851,0.77869,1.30,1.00
2009.07.10 03:48:58.146,0.77856,0.77874,1.00,1.80
2009.07.10 03:48:58.961,0.77851,0.77869,1.50,0.79
2009.07.10 03:48:59.060,0.77854,0.77869,2.10,2.40
2009.07.10 03:48:59.253,0.77856,0.77874,0.68,0.87
2009.07.10 03:48:59.307,0.77854,0.77869,1.60,1.00
2009.07.10 03:48:59.527,0.77851,0.77869,1.50,1.40
2009.07.10 03:48:59.611,0.77854,0.77869,1.50,1.20
2009.07.10 03:48:59.750,0.77856,0.77874,0.84,1.10
2009.07.10 03:48:59.887,0.77851,0.77869,1.20,1.10
2009.07.10 03:49:00.254,0.77854,0.77869,0.78,2.30
2009.07.10 03:49:00.481,0.77856,0.77874,0.74,1.30
2009.07.10 03:49:00.965,0.77861,0.77879,2.00,1.30
2009.07.10 03:49:01.150,0.77856,0.77874,1.30,1.40
2009.07.10 03:49:01.324,0.77851,0.77869,1.10,1.20
2009.07.10 03:49:01.563,0.77854,0.77869,1.50,2.90
2009.07.10 03:49:01.772,0.77856,0.77874,1.00,0.77
2009.07.10 03:49:02.093,0.77858,0.77874,0.29,1.60
2009.07.10 03:49:02.476,0.77861,0.77879,0.68,2.20
2009.07.10 03:49:02.748,0.77856,0.77874,1.10,1.60
2009.07.10 03:49:03.885,0.77851,0.77869,0.97,1.70
2009.07.10 03:49:05.086,0.77853,0.77869,1.20,1.70
2009.07.10 03:49:05.320,0.77854,0.77869,1.40,1.50
2009.07.10 03:49:05.495,0.77856,0.77874,1.40,1.90
2009.07.10 03:49:05.664,0.77851,0.77869,0.82,0.90
2009.07.10 03:49:05.687,0.77853,0.77869,1.50,1.30
2009.07.10 03:49:05.870,0.77856,0.77874,1.70,0.62
2009.07.10 03:49:06.241,0.7785,0.77864,0.89,1.20
2009.07.10 03:49:06.612,0.77846,0.77864,2.30,1.90
2009.07.10 03:49:09.134,0.77854,0.77864,1.00,0.66
2009.07.10 03:49:09.488,0.77856,0.7787,1.20,2.60
2009.07.10 03:49:09.707,0.77858,0.77874,1.50,0.77
2009.07.10 03:49:09.873,0.77861,0.77879,1.80,2.70
2009.07.10 03:49:17.471,0.77858,0.77874,1.50,0.84
2009.07.10 03:49:19.334,0.77859,0.77874,1.20,1.20
2009.07.10 03:49:24.241,0.77861,0.77876,1.20,0.96
2009.07.10 03:49:24.343,0.77864,0.77879,0.91,1.40
2009.07.10 03:49:24.555,0.77866,0.77882,0.76,0.84
2009.07.10 03:49:24.768,0.77861,0.77879,1.00,1.30
2009.07.10 03:49:45.148,0.77866,0.7788,0.78,1.20
2009.07.10 03:49:45.510,0.77863,0.77879,1.30,0.99
2009.07.10 03:49:45.725,0.77861,0.77879,2.30,0.95
2009.07.10 03:49:47.624,0.77866,0.7788,1.50,0.93
2009.07.10 03:49:48.174,0.77861,0.77879,3.10,0.95
2009.07.10 03:49:50.191,0.77866,0.77883,1.10,0.94
2009.07.10 03:49:50.524,0.77868,0.77884,1.80,1.30
2009.07.10 03:49:50.989,0.77871,0.77885,1.20,1.20
2009.07.10 03:49:56.328,0.77874,0.77889,1.80,0.87
2009.07.10 03:49:56.346,0.77876,0.77892,0.74,1.10
2009.07.10 03:49:56.855,0.77871,0.77889,1.20,0.77
2009.07.10 03:49:59.968,0.77876,0.77892,0.88,0.89
2009.07.10 03:50:00.101,0.77871,0.77889,0.56,1.70
2009.07.10 03:50:01.562,0.77866,0.77884,1.10,0.78
2009.07.10 03:50:02.015,0.77861,0.77879,1.00,1.50
2009.07.10 03:50:02.116,0.77863,0.77879,1.20,0.85
2009.07.10 03:50:02.233,0.77861,0.77879,0.79,2.60
2009.07.10 03:50:02.350,0.77858,0.77874,2.00,1.30
2009.07.10 03:50:02.554,0.77857,0.77874,2.50,0.79
2009.07.10 03:50:02.621,0.77856,0.77874,1.30,1.10
2009.07.10 03:50:02.720,0.7786,0.77874,1.40,1.20
2009.07.10 03:50:02.883,0.77863,0.77874,0.79,3.20
2009.07.10 03:50:02.912,0.77866,0.77884,1.60,1.20
2009.07.10 03:50:03.066,0.77876,0.77888,0.70,0.93
2009.07.10 03:50:03.130,0.77866,0.77879,1.00,3.50
2009.07.10 03:50:03.343,0.77862,0.77879,1.30,1.50
2009.07.10 03:50:03.439,0.77861,0.77879,1.50,0.91
2009.07.10 03:50:03.530,0.77863,0.77879,1.20,1.70
2009.07.10 03:50:03.698,0.77866,0.77881,1.50,0.51
2009.07.10 03:50:03.835,0.77863,0.77864,0.81,0.56
2009.07.10 03:50:03.972,0.7786,0.77864,1.40,1.20
2009.07.10 03:50:04.282,0.77853,0.77864,0.49,1.30
2009.07.10 03:50:04.600,0.77846,0.77864,1.40,1.40
2009.07.10 03:50:05.149,0.77841,0.77859,0.77,1.10
2009.07.10 03:50:06.657,0.77836,0.77854,0.80,1.40
2009.07.10 03:50:08.311,0.77826,0.77844,1.70,0.96
2009.07.10 03:50:08.817,0.77836,0.77846,1.50,1.20
2009.07.10 03:50:09.196,0.77826,0.77844,0.73,1.10
2009.07.10 03:50:09.400,0.77831,0.77844,2.80,1.40
2009.07.10 03:50:09.715,0.77826,0.77844,0.85,0.92
2009.07.10 03:50:09.938,0.77821,0.77839,1.60,0.97
2009.07.10 03:50:10.443,0.77816,0.77831,1.40,1.40
2009.07.10 03:50:10.771,0.77811,0.77828,1.20,1.10
2009.07.10 03:50:11.135,0.77816,0.77828,1.50,1.20
2009.07.10 03:50:11.476,0.77811,0.77824,1.10,1.00
2009.07.10 03:50:11.674,0.77806,0.77823,1.30,1.20
2009.07.10 03:50:12.909,0.77811,0.77829,2.00,1.60
2009.07.10 03:50:15.330,0.77814,0.77829,0.68,0.93
2009.07.10 03:50:15.393,0.77816,0.77831,1.50,0.54
2009.07.10 03:50:15.726,0.77821,0.77836,1.40,0.93
2009.07.10 03:50:17.347,0.77823,0.77839,2.60,1.20
2009.07.10 03:50:17.908,0.77826,0.77841,1.60,1.40
2009.07.10 03:50:25.783,0.77831,0.77849,1.80,1.90
2009.07.10 03:50:28.296,0.77834,0.77849,2.50,1.20
2009.07.10 03:50:28.520,0.77836,0.77851,1.10,1.10
2009.07.10 03:50:31.757,0.77831,0.77849,0.93,0.78
2009.07.10 03:50:34.240,0.77834,0.77849,3.20,2.00
2009.07.10 03:50:34.535,0.77836,0.77849,1.10,1.80
2009.07.10 03:50:36.180,0.77839,0.77851,0.99,0.81
2009.07.10 03:50:36.416,0.77841,0.77851,2.60,1.40
2009.07.10 03:50:36.937,0.77846,0.77856,1.40,1.80
2009.07.10 03:50:41.724,0.77851,0.77855,1.10,2.20
2009.07.10 03:50:42.273,0.77849,0.7786,1.40,0.80
2009.07.10 03:50:42.341,0.77846,0.7786,1.40,1.60
2009.07.10 03:50:42.969,0.77841,0.77855,1.40,1.30
2009.07.10 03:50:44.057,0.77849,0.77856,0.40,0.42
2009.07.10 03:50:44.222,0.77851,0.77856,1.90,0.61
2009.07.10 03:50:44.402,0.77841,0.77857,0.94,0.64
2009.07.10 03:50:44.703,0.77844,0.77857,1.20,0.97
2009.07.10 03:50:44.897,0.77846,0.77862,1.10,1.10
2009.07.10 03:50:45.433,0.77841,0.77856,0.84,1.50
2009.07.10 03:50:46.318,0.77844,0.77856,0.63,1.80
2009.07.10 03:50:46.711,0.77846,0.77856,0.92,1.20
2009.07.10 03:50:52.287,0.77849,0.77856,1.10,1.60
2009.07.10 03:50:52.542,0.77851,0.77856,0.84,1.70
2009.07.10 03:50:53.214,0.77846,0.77857,1.20,0.70
2009.07.10 03:50:55.349,0.77849,0.77857,0.92,1.50
2009.07.10 03:50:55.834,0.77851,0.77857,1.90,1.70
2009.07.10 03:51:01.442,0.77836,0.77852,0.70,2.00
2009.07.10 03:51:01.670,0.77831,0.77849,0.78,1.40
2009.07.10 03:51:03.005,0.77841,0.7785,3.00,0.84
2009.07.10 03:51:03.402,0.77831,0.77848,2.70,3.00
2009.07.10 03:51:03.715,0.77834,0.77848,0.63,1.10
2009.07.10 03:51:03.977,0.77841,0.77854,1.00,0.98
2009.07.10 03:51:04.465,0.77836,0.77854,1.80,1.10
2009.07.10 03:51:05.037,0.77841,0.77854,1.30,0.80
2009.07.10 03:51:05.617,0.77846,0.77857,1.30,0.73
2009.07.10 03:51:06.991,0.77841,0.77853,1.20,1.30
2009.07.10 03:51:07.047,0.77836,0.77853,0.85,0.60
2009.07.10 03:51:07.648,0.77841,0.77853,0.83,1.20
2009.07.10 03:51:08.210,0.77836,0.77853,0.57,1.10
2009.07.10 03:51:08.531,0.77841,0.77854,0.70,0.62
2009.07.10 03:51:08.766,0.77846,0.77857,0.83,1.70
2009.07.10 03:51:10.356,0.77851,0.77866,0.86,1.20
2009.07.10 03:51:10.794,0.77846,0.77864,1.20,1.10
2009.07.10 03:51:12.644,0.77841,0.77858,0.94,0.82
2009.07.10 03:51:13.361,0.77836,0.77852,0.79,1.20
2009.07.10 03:51:13.579,0.77831,0.77846,1.20,1.10
2009.07.10 03:51:14.977,0.77836,0.7785,0.83,2.30
2009.07.10 03:51:16.117,0.77841,0.77854,1.60,2.00
2009.07.10 03:51:16.381,0.77846,0.77863,1.10,0.72
2009.07.10 03:51:16.503,0.77836,0.77849,1.80,1.10
2009.07.10 03:51:16.880,0.77831,0.77849,1.30,1.60
2009.07.10 03:51:17.753,0.77826,0.77844,0.95,1.60
2009.07.10 03:51:28.594,0.77821,0.77839,2.10,1.20
2009.07.10 03:51:29.239,0.77816,0.77832,1.20,1.70
2009.07.10 03:51:35.807,0.77806,0.77822,2.30,0.80
2009.07.10 03:51:38.022,0.77801,0.77817,1.50,1.30
2009.07.10 03:51:38.978,0.77796,0.77814,1.70,1.50
2009.07.10 03:51:39.461,0.77791,0.77809,1.20,1.50
2009.07.10 03:51:40.135,0.77796,0.77809,0.64,1.00
2009.07.10 03:51:40.957,0.77801,0.77814,1.50,1.80
2009.07.10 03:51:41.092,0.77802,0.77819,0.81,0.87
2009.07.10 03:51:41.516,0.77808,0.77819,1.10,0.69
2009.07.10 03:51:41.749,0.77816,0.77824,0.74,0.69
2009.07.10 03:51:42.271,0.77821,0.77836,1.30,1.10
2009.07.10 03:51:48.317,0.77816,0.77824,0.88,0.58
2009.07.10 03:51:48.628,0.77814,0.77824,1.20,0.85
2009.07.10 03:51:48.875,0.77807,0.77824,0.92,1.40
2009.07.10 03:51:49.102,0.77806,0.77824,1.30,0.52
2009.07.10 03:51:49.484,0.77808,0.77824,0.79,1.10
2009.07.10 03:51:49.712,0.77816,0.77829,1.60,0.67
2009.07.10 03:51:50.207,0.77811,0.77824,0.99,1.40
2009.07.10 03:51:50.321,0.77806,0.77824,0.77,0.62
2009.07.10 03:51:50.636,0.77804,0.77819,1.10,2.00
2009.07.10 03:51:50.976,0.77801,0.77819,1.10,0.98
2009.07.10 03:51:51.274,0.77796,0.77813,0.65,2.00
2009.07.10 03:51:51.435,0.77797,0.77813,1.00,2.40
2009.07.10 03:51:51.996,0.77801,0.77813,3.00,0.74
2009.07.10 03:51:54.002,0.77804,0.77817,0.54,1.20
2009.07.10 03:51:54.984,0.77806,0.77822,0.90,1.60
2009.07.10 03:51:56.310,0.77811,0.77826,1.70,0.71
2009.07.10 03:51:58.621,0.77806,0.77822,1.20,0.88
2009.07.10 03:52:05.887,0.77811,0.77825,1.30,1.60
2009.07.10 03:52:06.402,0.77814,0.77829,0.73,1.40
2009.07.10 03:52:06.979,0.77816,0.7783,1.90,1.00
2009.07.10 03:52:07.296,0.77821,0.77837,2.00,1.70
2009.07.10 03:52:07.390,0.77826,0.77837,1.20,1.50
2009.07.10 03:52:07.891,0.77821,0.77838,0.79,1.50
2009.07.10 03:52:10.043,0.77823,0.77839,1.40,1.70
2009.07.10 03:52:10.381,0.77824,0.77839,1.00,1.20
2009.07.10 03:52:10.735,0.77831,0.77843,2.10,1.80
2009.07.10 03:52:12.960,0.77821,0.77839,1.70,0.75
2009.07.10 03:52:13.947,0.77816,0.77834,1.30,1.40
2009.07.10 03:52:15.127,0.77811,0.77821,1.20,1.60
2009.07.10 03:52:18.969,0.77806,0.7782,1.20,1.10
2009.07.10 03:52:20.092,0.77801,0.77817,1.60,1.00
2009.07.10 03:52:22.998,0.77796,0.77812,3.50,1.30
2009.07.10 03:52:25.995,0.77801,0.77818,1.00,0.93
2009.07.10 03:52:27.366,0.77804,0.77818,3.70,0.54
2009.07.10 03:52:27.622,0.77806,0.77822,0.87,1.20
2009.07.10 03:52:29.458,0.77811,0.77829,0.78,1.00
2009.07.10 03:52:33.208,0.77806,0.77824,1.50,1.90
2009.07.10 03:52:34.575,0.77811,0.77829,2.00,1.40
2009.07.10 03:52:35.261,0.77813,0.77829,1.70,1.30
2009.07.10 03:52:35.723,0.77816,0.77832,1.40,1.10
2009.07.10 03:52:51.235,0.77814,0.77824,0.87,1.20
2009.07.10 03:52:51.632,0.77811,0.77824,0.83,0.93
2009.07.10 03:52:51.753,0.77806,0.77824,2.50,1.60
2009.07.10 03:52:54.126,0.77816,0.77829,1.70,1.40
2009.07.10 03:52:54.533,0.77811,0.77824,1.40,0.79
2009.07.10 03:52:54.816,0.77806,0.77824,1.10,1.60
2009.07.10 03:52:57.622,0.77816,0.77826,2.00,0.96
2009.07.10 03:53:05.033,0.77821,0.77834,1.40,1.10
2009.07.10 03:53:05.436,0.77822,0.77838,1.70,1.50
2009.07.10 03:53:05.648,0.77824,0.77838,1.80,1.30
2009.07.10 03:53:05.899,0.77826,0.77844,0.76,1.80
2009.07.10 03:53:15.271,0.77824,0.77838,1.80,0.82
2009.07.10 03:53:15.924,0.77821,0.77838,0.77,0.83
2009.07.10 03:53:18.176,0.77824,0.77839,0.96,1.90
2009.07.10 03:53:18.811,0.77826,0.77842,0.95,1.20
2009.07.10 03:53:22.230,0.77821,0.77836,1.40,1.30
2009.07.10 03:53:26.975,0.77826,0.77839,1.40,0.94
2009.07.10 03:53:27.416,0.77824,0.77839,1.10,1.60
2009.07.10 03:53:27.672,0.77821,0.77839,1.40,1.40
2009.07.10 03:53:30.247,0.77824,0.77839,0.88,1.50
2009.07.10 03:53:30.826,0.77826,0.77839,1.80,1.10
2009.07.10 03:53:39.647,0.77831,0.77849,1.50,0.98
2009.07.10 03:53:44.699,0.77826,0.77843,2.00,1.70
2009.07.10 03:53:58.263,0.77824,0.77834,2.50,2.50
2009.07.10 03:53:58.601,0.77821,0.77834,1.20,1.40
2009.07.10 03:53:58.722,0.77816,0.77833,1.50,2.60
2009.07.10 03:54:00.494,0.77821,0.77833,2.20,1.40
2009.07.10 03:54:02.133,0.77816,0.77834,1.10,0.80
2009.07.10 03:54:02.280,0.77821,0.77836,2.70,0.69
2009.07.10 03:54:02.657,0.77824,0.77836,1.30,0.86
2009.07.10 03:54:02.763,0.77826,0.77841,0.66,0.98
2009.07.10 03:54:05.743,0.77821,0.77838,0.84,1.40
2009.07.10 03:54:08.265,0.77824,0.77839,1.50,1.10
2009.07.10 03:54:08.911,0.77826,0.77843,0.81,1.20
2009.07.10 03:54:22.304,0.77822,0.77839,1.30,2.00
2009.07.10 03:54:22.527,0.77821,0.77839,1.10,1.10
2009.07.10 03:54:23.216,0.77816,0.77833,0.64,0.73
2009.07.10 03:54:23.616,0.77821,0.77833,1.30,0.82
2009.07.10 03:54:23.740,0.77816,0.77833,1.30,1.20
2009.07.10 03:54:24.849,0.77806,0.77824,0.84,2.10
2009.07.10 03:54:25.387,0.77811,0.77829,1.40,0.58
2009.07.10 03:54:26.078,0.77806,0.77824,1.30,1.40
2009.07.10 03:54:26.799,0.77811,0.77826,2.00,1.10
2009.07.10 03:54:27.662,0.77816,0.7783,1.90,0.85
2009.07.10 03:54:34.047,0.77821,0.77835,0.59,1.10
2009.07.10 03:54:35.101,0.77816,0.77832,1.10,0.96
2009.07.10 03:54:35.269,0.77811,0.77826,1.60,1.70
2009.07.10 03:54:35.476,0.77815,0.77829,1.20,1.90
2009.07.10 03:54:35.786,0.77816,0.77829,0.99,0.94
2009.07.10 03:54:35.895,0.77826,0.77833,0.80,1.00
2009.07.10 03:54:36.164,0.77821,0.77834,0.97,1.60
2009.07.10 03:54:36.548,0.77816,0.77834,0.91,0.79
2009.07.10 03:54:37.308,0.77811,0.77829,1.60,1.20
2009.07.10 03:54:37.498,0.77812,0.77829,1.10,0.94
2009.07.10 03:54:37.799,0.77811,0.77829,1.30,2.30
2009.07.10 03:54:42.652,0.77806,0.77822,0.46,1.40
2009.07.10 03:54:47.406,0.77811,0.77822,1.90,0.91
2009.07.10 03:54:47.568,0.77816,0.77822,1.00,1.10
2009.07.10 03:54:49.353,0.77821,0.77834,2.00,0.80
2009.07.10 03:54:50.812,0.77816,0.7783,0.92,1.00
2009.07.10 03:54:51.613,0.77821,0.77837,0.91,0.84
2009.07.10 03:54:55.859,0.77816,0.77834,1.80,0.81
2009.07.10 03:54:57.236,0.77821,0.77839,1.40,1.80
2009.07.10 03:54:57.716,0.77816,0.77834,2.80,1.10
2009.07.10 03:54:58.577,0.77821,0.77837,1.00,1.10
2009.07.10 03:54:59.287,0.77816,0.77834,1.30,2.10
2009.07.10 03:54:59.641,0.77811,0.77829,2.00,1.80
2009.07.10 03:55:06.147,0.77806,0.77824,1.20,0.92
2009.07.10 03:55:06.546,0.77811,0.77826,2.70,1.20
2009.07.10 03:55:07.054,0.77806,0.77824,1.70,1.50
2009.07.10 03:55:07.307,0.77816,0.77826,0.75,1.10
2009.07.10 03:55:07.426,0.77811,0.77818,0.75,1.40
2009.07.10 03:55:07.735,0.77806,0.77818,2.10,0.72
2009.07.10 03:55:07.886,0.77801,0.77818,0.76,1.20
2009.07.10 03:55:10.310,0.77806,0.77818,1.20,1.70
2009.07.10 03:55:16.147,0.778,0.77804,1.50,1.10
2009.07.10 03:55:16.281,0.77789,0.77803,0.95,1.50
2009.07.10 03:55:16.422,0.77786,0.77803,1.70,0.57
2009.07.10 03:55:16.582,0.77793,0.77803,0.87,0.80
2009.07.10 03:55:16.683,0.77801,0.77809,1.20,1.20
2009.07.10 03:55:16.937,0.77796,0.77814,1.70,2.00
2009.07.10 03:55:18.783,0.77801,0.77816,0.68,0.95
2009.07.10 03:55:20.010,0.77796,0.77814,1.80,0.75
2009.07.10 03:55:21.182,0.77792,0.77809,2.20,0.92
2009.07.10 03:55:22.227,0.77791,0.77809,1.30,0.68
2009.07.10 03:55:23.069,0.77786,0.77801,1.30,0.71
2009.07.10 03:55:23.352,0.77787,0.77801,1.10,1.30
2009.07.10 03:55:23.747,0.77786,0.77801,2.10,1.30
2009.07.10 03:55:23.793,0.77781,0.77799,1.60,1.80
2009.07.10 03:55:27.031,0.77786,0.77803,1.10,1.00
2009.07.10 03:55:27.720,0.77791,0.77807,1.30,0.71
2009.07.10 03:55:28.109,0.77794,0.77809,0.86,0.92
2009.07.10 03:55:28.768,0.77796,0.77814,1.30,0.86
2009.07.10 03:55:29.079,0.77791,0.77809,0.77,0.58
2009.07.10 03:55:29.455,0.77794,0.77809,1.30,1.20
2009.07.10 03:55:29.670,0.77796,0.77814,0.86,1.30
2009.07.10 03:55:30.518,0.77791,0.77809,1.40,1.30
2009.07.10 03:55:35.177,0.77796,0.77814,0.96,0.68
2009.07.10 03:55:35.346,0.77801,0.77814,1.50,1.00
2009.07.10 03:55:35.642,0.77796,0.77809,0.88,1.90
2009.07.10 03:55:35.869,0.77791,0.77809,1.50,1.30
2009.07.10 03:55:36.124,0.77796,0.7781,0.76,1.00
2009.07.10 03:55:40.159,0.77801,0.77819,1.20,1.10
2009.07.10 03:55:40.628,0.77796,0.77814,1.50,1.70
2009.07.10 03:55:46.384,0.77801,0.77817,1.50,0.88
2009.07.10 03:55:46.734,0.77806,0.77823,1.30,2.00
2009.07.10 03:55:50.086,0.77804,0.77819,1.60,1.60
2009.07.10 03:55:50.703,0.77801,0.77819,0.79,1.30
2009.07.10 03:55:51.412,0.77804,0.77819,1.00,0.80
2009.07.10 03:55:51.578,0.77806,0.77824,0.63,1.30
2009.07.10 03:55:56.976,0.77811,0.77829,0.66,1.30
2009.07.10 03:55:57.618,0.77806,0.77824,1.40,1.70
2009.07.10 03:55:58.845,0.77811,0.77828,0.74,0.74
2009.07.10 03:56:00.019,0.77816,0.77833,1.50,1.20
2009.07.10 03:56:00.749,0.77811,0.77829,2.20,1.00
2009.07.10 03:56:02.449,0.77806,0.77824,0.90,0.88
2009.07.10 03:56:02.925,0.77811,0.77828,0.55,1.00
2009.07.10 03:56:03.128,0.77806,0.77824,0.67,0.74
2009.07.10 03:56:03.363,0.77811,0.77829,0.45,1.60
2009.07.10 03:56:03.759,0.77806,0.77824,1.30,1.10
2009.07.10 03:56:04.992,0.77816,0.77826,1.00,0.97
2009.07.10 03:56:05.043,0.77811,0.77829,1.30,0.51
2009.07.10 03:56:05.619,0.77806,0.77824,1.70,0.94
2009.07.10 03:56:05.732,0.77811,0.77826,0.92,2.30
2009.07.10 03:56:08.093,0.77814,0.77829,1.60,1.30
2009.07.10 03:56:08.994,0.77816,0.77833,0.82,1.40
2009.07.10 03:56:09.156,0.77811,0.77829,1.00,1.20
2009.07.10 03:56:09.632,0.77806,0.77824,0.95,1.10
2009.07.10 03:56:09.819,0.77811,0.77828,1.20,0.89
2009.07.10 03:56:10.097,0.77806,0.77819,0.78,1.10
2009.07.10 03:56:10.593,0.77801,0.77819,0.74,0.97
2009.07.10 03:56:10.945,0.77809,0.77819,1.00,1.10
2009.07.10 03:56:11.116,0.77811,0.77823,1.40,1.90
2009.07.10 03:56:11.297,0.77806,0.77814,1.50,1.10
2009.07.10 03:56:11.532,0.77801,0.77814,1.10,0.77
2009.07.10 03:56:11.635,0.77796,0.77814,1.20,1.20
2009.07.10 03:56:11.967,0.77801,0.77818,1.70,1.10
2009.07.10 03:56:12.049,0.77804,0.77819,1.50,1.00
2009.07.10 03:56:12.485,0.77806,0.77823,0.99,1.10
2009.07.10 03:56:12.678,0.77817,0.77823,0.94,0.65
2009.07.10 03:56:12.834,0.77826,0.77829,2.60,1.60
2009.07.10 03:56:13.300,0.77824,0.77829,2.60,1.30
2009.07.10 03:56:13.605,0.77811,0.77829,1.40,1.10
2009.07.10 03:56:13.766,0.77816,0.7783,1.20,2.00
2009.07.10 03:56:14.294,0.77811,0.77828,0.85,1.20
2009.07.10 03:56:15.334,0.77814,0.77828,0.51,1.50
2009.07.10 03:56:15.986,0.77816,0.77828,1.10,1.50
2009.07.10 03:56:16.994,0.77811,0.77828,1.30,1.50
2009.07.10 03:56:18.061,0.77806,0.77823,1.90,1.10
2009.07.10 03:56:23.306,0.77807,0.77823,1.90,1.10
2009.07.10 03:56:23.348,0.77816,0.77828,0.80,1.10
2009.07.10 03:56:23.766,0.77811,0.77828,0.93,1.30
2009.07.10 03:56:28.726,0.77814,0.77829,0.90,0.80
2009.07.10 03:56:29.161,0.77816,0.77834,1.50,1.20
2009.07.10 03:56:29.485,0.77811,0.77829,1.50,0.69
2009.07.10 03:56:29.544,0.77806,0.77824,1.10,1.00
2009.07.10 03:56:29.875,0.77811,0.77829,0.62,1.00
2009.07.10 03:56:30.172,0.77806,0.77824,0.82,1.20
2009.07.10 03:56:30.618,0.77811,0.77826,1.50,1.10
2009.07.10 03:56:32.493,0.77812,0.77826,2.30,0.79
2009.07.10 03:56:32.744,0.77816,0.77826,1.20,1.00
2009.07.10 03:56:39.683,0.77811,0.77825,1.20,1.20
2009.07.10 03:56:40.675,0.77806,0.77824,1.30,1.50
2009.07.10 03:56:41.404,0.77811,0.77825,2.30,1.30
2009.07.10 03:56:45.416,0.77806,0.77814,0.90,0.99
2009.07.10 03:56:45.941,0.77796,0.77814,2.30,1.30
2009.07.10 03:56:48.021,0.77791,0.77804,0.58,0.88
2009.07.10 03:56:48.902,0.77786,0.77804,2.20,1.40
2009.07.10 03:56:49.485,0.77791,0.77809,1.20,1.10
2009.07.10 03:56:59.249,0.77792,0.77809,1.20,2.30
2009.07.10 03:56:59.480,0.77796,0.77814,1.30,0.88
2009.07.10 03:56:59.675,0.77801,0.77819,0.67,1.60
2009.07.10 03:56:59.994,0.77796,0.77814,1.40,0.90
2009.07.10 03:57:00.330,0.77806,0.77819,1.30,0.68
2009.07.10 03:57:00.557,0.77801,0.77819,0.98,1.30
2009.07.10 03:57:00.885,0.77806,0.77824,1.70,0.78
2009.07.10 03:57:03.125,0.77811,0.77825,1.30,0.90
2009.07.10 03:57:03.460,0.77812,0.77829,1.30,1.10
2009.07.10 03:57:03.736,0.77816,0.77833,0.73,0.98
2009.07.10 03:57:04.216,0.77811,0.77829,2.60,2.20
2009.07.10 03:57:05.296,0.77806,0.77824,2.20,0.76
2009.07.10 03:57:06.126,0.77808,0.77824,1.30,0.50
2009.07.10 03:57:06.458,0.77812,0.77824,1.00,2.10
2009.07.10 03:57:06.629,0.77816,0.77829,1.70,0.56
2009.07.10 03:57:06.928,0.77811,0.77829,0.91,1.30
2009.07.10 03:57:18.139,0.77812,0.77829,0.81,0.94
2009.07.10 03:57:18.626,0.77816,0.77834,0.83,1.90
2009.07.10 03:57:18.736,0.77811,0.77829,1.50,0.71
2009.07.10 03:57:25.443,0.77806,0.77824,1.20,2.10
2009.07.10 03:57:25.850,0.77811,0.77829,1.00,1.60
2009.07.10 03:57:28.242,0.77812,0.77829,0.70,1.60
2009.07.10 03:57:28.586,0.77816,0.77834,1.00,1.60
2009.07.10 03:57:30.041,0.77812,0.77829,2.30,1.30
2009.07.10 03:57:30.577,0.77811,0.77829,1.20,1.30
2009.07.10 03:57:53.351,0.77813,0.77829,0.51,1.60
2009.07.10 03:57:53.780,0.77816,0.77834,1.70,1.10
2009.07.10 03:57:56.071,0.77817,0.77834,2.00,0.93
2009.07.10 03:57:56.342,0.77819,0.77834,1.20,1.80
2009.07.10 03:57:56.901,0.77821,0.77836,1.10,1.10
2009.07.10 03:57:58.165,0.77824,0.77839,1.80,0.68
2009.07.10 03:57:58.331,0.77826,0.77844,1.30,1.60
2009.07.10 03:57:58.445,0.77831,0.77849,1.40,1.30
2009.07.10 03:57:58.735,0.77836,0.77853,0.75,1.00
2009.07.10 03:57:58.804,0.77831,0.77849,1.50,0.97
2009.07.10 03:58:06.221,0.77826,0.77844,0.90,1.20
2009.07.10 03:58:08.076,0.77831,0.77849,0.69,1.60
2009.07.10 03:58:11.017,0.77832,0.77849,1.70,1.40
2009.07.10 03:58:11.382,0.77846,0.77854,1.90,1.20
2009.07.10 03:58:11.617,0.77841,0.77849,1.50,1.30
2009.07.10 03:58:11.892,0.77831,0.77849,1.20,1.10
2009.07.10 03:58:12.966,0.77836,0.77853,1.20,0.65
2009.07.10 03:58:13.428,0.77831,0.77849,2.20,0.82
2009.07.10 03:58:16.418,0.77836,0.77854,1.30,1.80
2009.07.10 03:58:16.829,0.77831,0.77849,1.30,1.70
2009.07.10 03:58:25.168,0.77834,0.77849,1.40,1.50
2009.07.10 03:58:25.508,0.77836,0.77854,1.80,1.10
2009.07.10 03:58:25.974,0.77831,0.77849,1.40,0.67
2009.07.10 03:58:26.015,0.77832,0.77849,0.85,1.00
2009.07.10 03:58:26.253,0.77836,0.77849,1.60,1.20
2009.07.10 03:58:26.710,0.77841,0.77859,1.70,2.10
2009.07.10 03:58:26.997,0.77836,0.77854,1.60,0.88
2009.07.10 03:58:27.332,0.77841,0.77859,0.45,0.71
2009.07.10 03:58:27.673,0.77846,0.77864,1.00,1.60
2009.07.10 03:58:28.655,0.77841,0.77859,0.72,0.88
2009.07.10 03:58:29.104,0.77846,0.77864,1.20,1.30
2009.07.10 03:58:29.965,0.77851,0.77869,1.30,2.20
2009.07.10 03:58:30.152,0.77846,0.77864,2.80,0.78
2009.07.10 03:58:30.629,0.77851,0.77869,1.00,0.95
2009.07.10 03:58:30.821,0.77846,0.77864,2.30,1.40
2009.07.10 03:58:31.156,0.77851,0.77869,0.71,1.70
2009.07.10 03:58:31.439,0.77846,0.77864,2.30,0.61
2009.07.10 03:58:31.862,0.77851,0.77869,1.20,1.30
2009.07.10 03:58:32.107,0.77854,0.77869,2.00,0.60
2009.07.10 03:58:32.624,0.77856,0.77874,1.60,0.72
2009.07.10 03:58:32.907,0.77851,0.77869,1.70,1.60
2009.07.10 03:58:39.125,0.77844,0.77854,0.62,1.50
2009.07.10 03:58:39.396,0.77836,0.77854,0.85,0.67
2009.07.10 03:58:39.639,0.77839,0.77854,0.91,0.93
2009.07.10 03:58:39.902,0.77846,0.77857,0.91,1.00
2009.07.10 03:58:40.316,0.77841,0.77859,1.10,1.00
2009.07.10 03:58:40.540,0.77844,0.77859,1.10,0.74
2009.07.10 03:58:40.679,0.77851,0.77861,1.30,1.00
2009.07.10 03:58:41.153,0.77846,0.77864,2.60,0.81
2009.07.10 03:58:42.171,0.77839,0.77854,0.71,0.79
2009.07.10 03:58:42.750,0.77836,0.77854,1.70,0.84
2009.07.10 03:58:43.309,0.77839,0.77854,2.80,1.60
2009.07.10 03:58:43.793,0.77846,0.77857,1.10,0.83
2009.07.10 03:58:44.025,0.77851,0.77867,0.82,0.88
2009.07.10 03:58:44.610,0.77847,0.77864,2.40,1.20
2009.07.10 03:58:44.758,0.77846,0.77864,1.60,1.40
2009.07.10 03:58:45.342,0.77851,0.77869,1.50,1.10
2009.07.10 03:58:46.352,0.77846,0.77864,1.40,0.74
2009.07.10 03:58:47.155,0.77839,0.77854,1.60,0.71
2009.07.10 03:58:47.448,0.77836,0.77854,0.72,1.40
2009.07.10 03:58:47.663,0.77844,0.77854,1.60,1.20
2009.07.10 03:58:47.875,0.77851,0.77857,0.91,1.50
2009.07.10 03:58:48.335,0.77846,0.77864,2.30,1.40
2009.07.10 03:58:49.011,0.77849,0.77864,0.75,1.20
2009.07.10 03:58:49.865,0.77856,0.77867,0.85,0.73
2009.07.10 03:58:50.181,0.77851,0.77869,0.92,0.89
2009.07.10 03:58:50.400,0.77846,0.77864,1.20,1.10
2009.07.10 03:58:50.617,0.77839,0.77854,1.20,1.10
2009.07.10 03:58:50.977,0.77836,0.77854,0.95,1.20
2009.07.10 03:58:51.228,0.77837,0.77854,1.80,1.00
2009.07.10 03:58:51.609,0.77841,0.77857,0.65,0.89
2009.07.10 03:58:51.915,0.77846,0.77862,1.80,0.74
2009.07.10 03:58:52.394,0.77851,0.77867,1.80,0.94
2009.07.10 03:58:52.576,0.77846,0.77864,1.70,1.50
2009.07.10 03:58:53.081,0.77851,0.77867,2.20,2.00
2009.07.10 03:58:53.342,0.77854,0.77869,1.30,1.80
2009.07.10 03:58:53.850,0.77856,0.77872,1.20,0.99
2009.07.10 03:58:54.122,0.77849,0.77864,0.97,0.85
2009.07.10 03:58:54.558,0.77846,0.77864,1.40,0.59
2009.07.10 03:58:54.703,0.77851,0.77867,1.00,0.83
2009.07.10 03:58:55.096,0.77854,0.77869,1.10,0.59
2009.07.10 03:58:55.585,0.77856,0.77872,1.50,1.30
2009.07.10 03:58:58.062,0.77859,0.77874,1.60,1.40
2009.07.10 03:58:58.650,0.77866,0.77877,2.50,2.50
2009.07.10 03:58:58.728,0.77861,0.77879,1.10,1.50
2009.07.10 03:58:59.002,0.77854,0.77869,0.81,1.60
2009.07.10 03:58:59.339,0.77853,0.77869,1.20,1.30
2009.07.10 03:58:59.892,0.77851,0.77869,0.98,1.60
2009.07.10 03:59:00.843,0.77856,0.77872,1.30,0.74
2009.07.10 03:59:05.201,0.77858,0.77874,1.60,0.68
2009.07.10 03:59:05.515,0.77864,0.77874,1.00,1.10
2009.07.10 03:59:05.755,0.77871,0.77876,2.00,1.00
2009.07.10 03:59:06.324,0.77866,0.77884,2.50,0.95
2009.07.10 03:59:06.691,0.77871,0.77889,0.80,1.40
2009.07.10 03:59:08.328,0.77856,0.77874,2.20,1.90
2009.07.10 03:59:08.544,0.77861,0.77877,0.93,0.92
2009.07.10 03:59:10.014,0.77862,0.77879,1.00,1.70
2009.07.10 03:59:10.197,0.77869,0.77879,1.00,1.30
2009.07.10 03:59:10.469,0.77876,0.77894,0.63,1.00
2009.07.10 03:59:10.616,0.77877,0.77894,0.77,1.40
2009.07.10 03:59:10.685,0.77884,0.77894,1.50,0.81
2009.07.10 03:59:10.968,0.77891,0.77896,2.70,0.90
2009.07.10 03:59:11.412,0.77886,0.77904,1.70,1.70
2009.07.10 03:59:11.888,0.77891,0.77909,1.10,1.70
2009.07.10 03:59:13.010,0.77896,0.77911,1.20,0.95
2009.07.10 03:59:13.441,0.77886,0.77904,1.50,1.10
2009.07.10 03:59:13.967,0.77891,0.77906,0.74,1.40
2009.07.10 03:59:14.093,0.77894,0.77909,1.20,1.30
2009.07.10 03:59:14.285,0.77896,0.77911,0.96,1.10
2009.07.10 03:59:14.480,0.77894,0.77904,0.88,1.00
2009.07.10 03:59:14.627,0.77888,0.77904,0.79,1.30
2009.07.10 03:59:14.952,0.77886,0.77904,0.96,1.20
2009.07.10 03:59:15.184,0.77891,0.77908,0.87,2.50
2009.07.10 03:59:15.989,0.77886,0.77904,1.30,1.80
2009.07.10 03:59:16.009,0.77881,0.77889,2.00,1.10
2009.07.10 03:59:16.213,0.77879,0.77889,1.30,1.20
2009.07.10 03:59:16.559,0.77874,0.77889,1.30,1.20
2009.07.10 03:59:16.654,0.77871,0.77889,1.50,0.87
2009.07.10 03:59:16.814,0.77876,0.77892,1.50,1.10
2009.07.10 03:59:17.059,0.77869,0.77884,1.30,0.86
2009.07.10 03:59:17.191,0.77866,0.77884,1.50,1.40
2009.07.10 03:59:17.361,0.77868,0.77884,2.30,1.20
2009.07.10 03:59:17.478,0.77869,0.77884,1.10,0.78
2009.07.10 03:59:17.655,0.77876,0.77887,1.80,1.00
2009.07.10 03:59:17.834,0.77869,0.77884,1.30,1.60
2009.07.10 03:59:17.923,0.77866,0.77884,1.50,1.50
2009.07.10 03:59:18.042,0.77872,0.77884,1.60,1.30
2009.07.10 03:59:18.292,0.77879,0.77884,1.20,0.89
2009.07.10 03:59:18.587,0.77886,0.77887,1.40,0.92
2009.07.10 03:59:18.716,0.77879,0.77889,0.65,1.10
2009.07.10 03:59:18.987,0.77871,0.77889,1.50,0.81
2009.07.10 03:59:19.152,0.77874,0.77889,2.40,1.30
2009.07.10 03:59:19.452,0.77881,0.77891,0.63,1.20
2009.07.10 03:59:19.993,0.77876,0.77894,0.66,0.51
2009.07.10 03:59:20.218,0.77879,0.77894,1.20,0.51
2009.07.10 03:59:20.808,0.77886,0.77897,2.30,0.92
2009.07.10 03:59:21.218,0.77881,0.77899,1.90,1.30
2009.07.10 03:59:21.349,0.77884,0.77899,1.20,1.10
2009.07.10 03:59:21.566,0.77886,0.77904,1.00,0.92
2009.07.10 03:59:21.895,0.77881,0.77899,0.85,0.44
2009.07.10 03:59:22.407,0.77884,0.77899,0.56,1.60
2009.07.10 03:59:22.973,0.77886,0.77902,1.00,0.95
2009.07.10 03:59:23.207,0.77879,0.77894,0.67,1.80
2009.07.10 03:59:23.771,0.77881,0.77896,1.40,1.50
2009.07.10 03:59:24.042,0.77886,0.77902,1.40,1.10
2009.07.10 03:59:24.569,0.77879,0.77894,1.20,2.20
2009.07.10 03:59:24.980,0.77876,0.77894,0.80,0.90
2009.07.10 03:59:25.920,0.77881,0.77899,1.40,1.50
2009.07.10 03:59:26.464,0.77876,0.77894,2.00,1.10
2009.07.10 03:59:27.014,0.77879,0.77894,1.40,0.98
2009.07.10 03:59:27.294,0.77883,0.77894,1.70,1.30
2009.07.10 03:59:27.373,0.77886,0.77897,1.10,1.20
2009.07.10 03:59:27.550,0.77879,0.77889,1.40,1.90
2009.07.10 03:59:27.666,0.77871,0.77889,0.77,1.80
2009.07.10 03:59:27.989,0.77866,0.77884,0.96,1.00
2009.07.10 03:59:28.037,0.77861,0.77879,1.20,2.40
2009.07.10 03:59:28.292,0.77862,0.77879,2.00,0.79
2009.07.10 03:59:28.412,0.77869,0.77879,1.40,1.20
2009.07.10 03:59:28.509,0.77876,0.77881,1.40,2.00
2009.07.10 03:59:28.684,0.77868,0.77879,1.50,0.82
2009.07.10 03:59:28.863,0.77864,0.77879,2.60,1.50
2009.07.10 03:59:29.297,0.77861,0.77879,1.10,1.00
2009.07.10 03:59:29.466,0.77866,0.77882,1.30,0.88
2009.07.10 03:59:29.676,0.77861,0.77879,1.20,1.90
2009.07.10 03:59:31.119,0.77862,0.77879,1.30,1.20
2009.07.10 03:59:31.265,0.77869,0.77879,1.10,1.20
2009.07.10 03:59:31.677,0.77876,0.77881,0.85,1.30
2009.07.10 03:59:31.801,0.77871,0.77889,0.87,1.50
2009.07.10 03:59:32.046,0.77864,0.77869,1.10,0.57
2009.07.10 03:59:32.230,0.7786,0.77869,1.10,1.70
2009.07.10 03:59:32.448,0.77854,0.77869,1.40,1.00
2009.07.10 03:59:32.635,0.77851,0.77869,1.70,1.60
2009.07.10 03:59:32.796,0.77856,0.77872,0.84,0.51
2009.07.10 03:59:32.953,0.77851,0.77869,1.00,0.74
2009.07.10 03:59:33.011,0.77856,0.77874,1.10,1.70
2009.07.10 03:59:34.225,0.77861,0.77879,1.60,1.10
2009.07.10 03:59:39.121,0.77862,0.77879,0.95,1.00
2009.07.10 03:59:39.348,0.77869,0.77879,2.30,1.10
2009.07.10 03:59:39.490,0.77876,0.77894,0.79,1.50
2009.07.10 03:59:39.727,0.77869,0.77874,2.00,1.10
2009.07.10 03:59:39.809,0.77856,0.7787,1.40,1.00
2009.07.10 03:59:40.073,0.77859,0.77874,0.56,0.66
2009.07.10 03:59:40.569,0.77866,0.77877,1.30,1.00
2009.07.10 03:59:41.085,0.77861,0.77879,1.40,1.20
2009.07.10 03:59:44.075,0.77854,0.77869,1.30,0.90
2009.07.10 03:59:44.707,0.77851,0.77869,0.95,0.88
2009.07.10 03:59:46.483,0.77856,0.77872,1.30,1.10
2009.07.10 03:59:46.637,0.77861,0.77877,2.00,0.81
2009.07.10 03:59:47.071,0.77856,0.77874,1.60,1.30
2009.07.10 03:59:47.591,0.77851,0.77869,0.84,0.83
2009.07.10 03:59:48.070,0.77856,0.77872,1.10,0.90
2009.07.10 03:59:49.249,0.77859,0.77874,0.69,3.10
2009.07.10 03:59:49.250,0.77866,0.77877,1.80,1.90
2009.07.10 03:59:49.571,0.77854,0.77869,0.79,1.10
2009.07.10 03:59:49.967,0.77851,0.77869,2.00,1.20
2009.07.10 03:59:51.471,0.77856,0.77872,0.87,0.97
2009.07.10 03:59:51.667,0.77861,0.77877,2.00,2.10
2009.07.10 03:59:54.166,0.77856,0.77874,3.00,1.00
2009.07.10 03:59:55.557,0.77851,0.77869,1.00,0.96
2009.07.10 03:59:57.221,0.77846,0.77864,2.00,1.60
2009.07.10 03:59:58.209,0.77851,0.77867,0.90,1.50
2009.07.10 03:59:58.635,0.77854,0.77869,0.79,1.20
2009.07.10 03:59:58.746,0.77856,0.77872,2.20,1.00
2009.07.10 03:59:59.149,0.77861,0.77877,1.60,1.10
2009.07.10 03:59:59.650,0.77856,0.77874,1.40,0.91
