2015.05.14 06:00:00.476,0.81238,0.81247,1.00,1.80
2015.05.14 06:00:00.526,0.81238,0.81247,1.00,1.72
2015.05.14 06:00:00.734,0.81238,0.81247,1.00,2.77
2015.05.14 06:00:01.183,0.81238,0.81248,1.20,1.27
2015.05.14 06:00:01.284,0.81238,0.8125,1.27,2.85
2015.05.14 06:00:01.842,0.81238,0.8125,1.65,1.65
2015.05.14 06:00:02.393,0.81238,0.81247,1.20,1.17
2015.05.14 06:00:02.848,0.81238,0.81248,1.12,2.10
2015.05.14 06:00:03.431,0.81238,0.81246,1.12,1.00
2015.05.14 06:00:03.684,0.81234,0.81242,1.10,1.20
2015.05.14 06:00:03.836,0.81233,0.81242,1.10,1.27
2015.05.14 06:00:06.027,0.8123,0.81242,1.35,2.10
2015.05.14 06:00:10.535,0.8123,0.81238,1.17,1.00
2015.05.14 06:00:10.788,0.81228,0.81239,2.47,1.10
2015.05.14 06:00:11.681,0.81228,0.81237,1.65,1.00
2015.05.14 06:00:12.186,0.81228,0.81236,1.20,1.00
2015.05.14 06:00:12.732,0.81228,0.81235,1.10,1.00
2015.05.14 06:00:13.265,0.81228,0.81235,1.17,1.00
2015.05.14 06:00:13.467,0.81228,0.81235,1.20,1.00
2015.05.14 06:00:14.080,0.81228,0.81235,1.17,1.00
2015.05.14 06:00:14.181,0.81228,0.81235,1.10,1.00
2015.05.14 06:00:15.661,0.81228,0.81234,1.00,1.00
2015.05.14 06:00:15.813,0.81222,0.81234,1.37,1.17
2015.05.14 06:00:15.914,0.81219,0.81231,1.35,1.00
2015.05.14 06:00:16.015,0.81219,0.81228,1.35,1.00
2015.05.14 06:00:16.322,0.81219,0.81226,1.20,1.00
2015.05.14 06:00:16.675,0.81217,0.81226,1.30,1.00
2015.05.14 06:00:17.215,0.81217,0.81226,1.72,1.00
2015.05.14 06:00:19.119,0.81218,0.81226,1.27,1.00
2015.05.14 06:00:20.101,0.81215,0.81224,3.15,1.00
2015.05.14 06:00:20.303,0.81216,0.81223,1.17,1.00
2015.05.14 06:00:20.847,0.81214,0.81223,1.35,1.00
2015.05.14 06:00:21.213,0.81214,0.81223,3.52,1.00
2015.05.14 06:00:21.926,0.81214,0.81223,2.40,1.00
2015.05.14 06:00:22.128,0.81214,0.81223,4.57,1.00
2015.05.14 06:00:22.432,0.81212,0.8122,2.77,1.00
2015.05.14 06:00:22.566,0.81212,0.8122,1.72,1.00
2015.05.14 06:00:22.718,0.81215,0.8122,1.65,1.00
2015.05.14 06:00:22.821,0.81215,0.81223,2.55,1.00
2015.05.14 06:00:23.361,0.81215,0.81224,1.80,1.00
2015.05.14 06:00:24.224,0.81217,0.81224,1.15,1.00
2015.05.14 06:00:24.732,0.81217,0.81224,1.80,1.00
2015.05.14 06:00:25.836,0.81217,0.81224,1.72,1.00
2015.05.14 06:00:26.347,0.81217,0.81224,2.02,1.00
2015.05.14 06:00:28.235,0.81215,0.81222,1.20,1.00
2015.05.14 06:00:28.741,0.81214,0.81222,2.32,1.00
2015.05.14 06:00:29.336,0.81212,0.81221,1.72,1.10
2015.05.14 06:00:29.846,0.81212,0.8122,1.35,1.00
2015.05.14 06:00:30.366,0.81212,0.81221,1.27,1.10
2015.05.14 06:00:31.660,0.81212,0.8122,1.17,1.00
2015.05.14 06:00:32.606,0.81215,0.8122,1.00,1.00
2015.05.14 06:00:33.294,0.81215,0.81221,1.00,1.10
2015.05.14 06:00:33.345,0.81212,0.81221,1.17,1.10
2015.05.14 06:00:36.036,0.81211,0.81221,2.40,1.00
2015.05.14 06:00:36.570,0.81212,0.81223,1.65,1.00
2015.05.14 06:00:40.126,0.81213,0.81223,2.25,1.15
2015.05.14 06:00:40.227,0.81213,0.81222,1.27,1.20
2015.05.14 06:00:40.429,0.81212,0.8122,1.50,1.00
2015.05.14 06:00:40.631,0.81213,0.81223,1.10,1.10
2015.05.14 06:00:41.134,0.81212,0.81224,3.15,1.17
2015.05.14 06:00:42.434,0.81214,0.81224,1.35,1.00
2015.05.14 06:00:42.489,0.81214,0.81226,2.85,1.20
2015.05.14 06:00:42.741,0.81216,0.81228,1.15,1.17
2015.05.14 06:00:43.672,0.81216,0.81229,1.72,1.30
2015.05.14 06:00:44.446,0.81219,0.81231,1.72,2.02
2015.05.14 06:00:46.441,0.8122,0.81233,1.65,1.27
2015.05.14 06:00:47.200,0.81223,0.81234,1.50,1.65
2015.05.14 06:00:47.250,0.81223,0.81235,1.65,1.65
2015.05.14 06:00:47.352,0.81224,0.81236,1.15,1.30
2015.05.14 06:00:47.567,0.81229,0.81238,1.00,1.30
2015.05.14 06:00:47.974,0.81226,0.81239,1.17,1.25
2015.05.14 06:00:48.572,0.81227,0.81238,1.00,3.45
2015.05.14 06:00:48.790,0.81225,0.81237,1.10,3.45
2015.05.14 06:00:49.204,0.81223,0.81234,1.17,1.55
2015.05.14 06:00:49.388,0.81221,0.81233,1.20,4.20
2015.05.14 06:00:49.893,0.81218,0.81229,1.07,1.57
2015.05.14 06:00:50.450,0.81216,0.81229,1.80,2.02
2015.05.14 06:00:50.675,0.81216,0.81229,1.80,1.55
2015.05.14 06:00:51.950,0.81216,0.81229,1.80,2.02
2015.05.14 06:00:54.484,0.81215,0.81228,2.55,2.02
2015.05.14 06:00:55.084,0.81217,0.81228,1.17,1.45
2015.05.14 06:00:55.286,0.81215,0.81228,2.92,2.77
2015.05.14 06:00:59.186,0.81216,0.81228,1.17,1.55
2015.05.14 06:01:00.745,0.81218,0.81226,1.10,1.47
2015.05.14 06:01:01.058,0.81218,0.81224,1.00,1.27
2015.05.14 06:01:01.110,0.81216,0.81224,1.00,1.35
2015.05.14 06:01:01.698,0.81216,0.81223,1.00,1.15
2015.05.14 06:01:02.203,0.81216,0.81224,1.00,4.20
2015.05.14 06:01:02.773,0.81216,0.81224,1.00,2.02
2015.05.14 06:01:03.291,0.81215,0.81222,1.00,1.52
2015.05.14 06:01:04.373,0.81215,0.81222,1.00,2.10
2015.05.14 06:01:06.012,0.81217,0.81222,1.00,2.02
2015.05.14 06:01:08.136,0.81215,0.81222,1.00,2.02
2015.05.14 06:01:09.016,0.81217,0.81222,1.00,2.02
2015.05.14 06:01:09.332,0.81215,0.81222,1.00,2.02
2015.05.14 06:01:09.762,0.81217,0.81222,1.00,2.02
2015.05.14 06:01:10.209,0.81215,0.81222,1.00,2.02
2015.05.14 06:01:10.419,0.81217,0.81222,1.00,2.02
2015.05.14 06:01:10.701,0.81217,0.81225,1.00,1.65
2015.05.14 06:01:10.802,0.81217,0.81228,2.40,2.85
2015.05.14 06:01:10.904,0.8122,0.81228,1.00,1.37
2015.05.14 06:01:11.206,0.8122,0.81227,1.00,2.02
2015.05.14 06:01:11.992,0.8122,0.81227,1.00,1.57
2015.05.14 06:01:12.803,0.8122,0.81226,1.00,1.75
2015.05.14 06:01:13.332,0.81219,0.81226,1.00,1.57
2015.05.14 06:01:13.642,0.81217,0.81226,1.00,1.57
2015.05.14 06:01:14.252,0.81217,0.81227,1.00,4.27
2015.05.14 06:01:14.353,0.81217,0.81226,1.10,1.37
2015.05.14 06:01:14.882,0.81217,0.81227,1.10,2.02
2015.05.14 06:01:15.394,0.81217,0.81228,1.65,2.02
2015.05.14 06:01:15.936,0.81217,0.81228,1.57,1.62
2015.05.14 06:01:16.259,0.81217,0.81228,1.65,1.62
2015.05.14 06:01:16.778,0.81217,0.81228,1.65,2.10
2015.05.14 06:01:17.625,0.81217,0.81227,1.00,1.65
2015.05.14 06:01:18.191,0.81216,0.81227,1.57,2.10
2015.05.14 06:01:18.783,0.81216,0.81227,1.57,2.10
2015.05.14 06:01:19.093,0.81219,0.81227,1.00,1.72
2015.05.14 06:01:19.144,0.81217,0.81227,1.00,1.72
2015.05.14 06:01:19.846,0.81218,0.81227,1.10,1.10
2015.05.14 06:01:20.316,0.81218,0.81227,1.07,1.00
2015.05.14 06:01:21.141,0.81218,0.81227,1.10,1.50
2015.05.14 06:01:22.142,0.81218,0.81227,1.57,1.65
2015.05.14 06:01:22.647,0.81218,0.81227,1.65,1.57
2015.05.14 06:01:23.252,0.81218,0.81227,1.20,1.50
2015.05.14 06:01:23.894,0.81218,0.81225,1.65,1.00
2015.05.14 06:01:24.407,0.81217,0.81225,1.10,1.00
2015.05.14 06:01:25.026,0.81217,0.81225,1.07,1.00
2015.05.14 06:01:25.544,0.81217,0.81225,1.00,1.00
2015.05.14 06:01:26.406,0.81218,0.81225,1.00,1.00
2015.05.14 06:01:26.864,0.81216,0.81223,1.07,1.00
2015.05.14 06:01:27.565,0.81215,0.81223,1.00,2.32
2015.05.14 06:01:28.444,0.81215,0.81222,1.00,1.57
2015.05.14 06:01:28.901,0.81215,0.81222,1.00,2.32
2015.05.14 06:01:29.256,0.81214,0.81222,1.00,3.30
2015.05.14 06:01:29.803,0.81216,0.81221,1.00,1.30
2015.05.14 06:01:32.430,0.81215,0.81221,1.00,1.00
2015.05.14 06:01:34.115,0.81214,0.81221,1.00,1.65
2015.05.14 06:01:34.644,0.81215,0.81221,1.00,1.65
2015.05.14 06:01:35.170,0.81214,0.81221,1.00,1.65
2015.05.14 06:01:36.897,0.81214,0.81221,1.00,1.72
2015.05.14 06:01:38.598,0.81212,0.81221,1.10,2.10
2015.05.14 06:01:39.843,0.81212,0.81219,1.10,1.00
2015.05.14 06:01:40.486,0.81212,0.8122,1.10,2.25
2015.05.14 06:01:41.581,0.81209,0.81218,1.17,1.00
2015.05.14 06:01:41.784,0.81205,0.81216,1.65,1.00
2015.05.14 06:01:41.835,0.81205,0.81214,1.65,1.00
2015.05.14 06:01:42.153,0.81209,0.81214,1.00,1.00
2015.05.14 06:01:46.640,0.81208,0.81212,1.00,1.00
2015.05.14 06:01:46.994,0.81209,0.81214,1.00,1.72
2015.05.14 06:01:47.500,0.81208,0.81214,1.00,1.57
2015.05.14 06:01:47.872,0.81208,0.81212,1.00,1.00
2015.05.14 06:01:48.226,0.81207,0.81214,1.00,1.10
2015.05.14 06:01:48.630,0.81207,0.81212,1.00,1.00
2015.05.14 06:01:49.085,0.81209,0.81214,1.00,1.57
2015.05.14 06:01:49.226,0.81211,0.81215,1.00,1.10
2015.05.14 06:01:49.378,0.81209,0.81215,1.10,1.00
2015.05.14 06:01:49.581,0.81207,0.81215,1.20,1.00
2015.05.14 06:01:49.733,0.81204,0.81217,1.15,1.20
2015.05.14 06:01:49.935,0.81207,0.81216,1.10,1.07
2015.05.14 06:01:50.477,0.81205,0.81216,1.57,1.65
2015.05.14 06:01:51.513,0.81205,0.81212,1.00,1.10
2015.05.14 06:01:52.014,0.81205,0.81211,1.00,1.57
2015.05.14 06:01:52.266,0.81207,0.81216,2.70,2.02
2015.05.14 06:01:52.368,0.81204,0.81213,1.15,1.00
2015.05.14 06:01:52.419,0.81204,0.81213,1.07,1.07
2015.05.14 06:01:52.677,0.81202,0.81212,1.15,1.00
2015.05.14 06:01:52.743,0.81201,0.8121,1.15,1.00
2015.05.14 06:01:52.796,0.81201,0.8121,1.10,1.07
2015.05.14 06:01:53.336,0.81199,0.81209,3.07,1.10
2015.05.14 06:01:57.221,0.81199,0.81208,2.62,1.15
2015.05.14 06:01:57.649,0.81197,0.81208,5.02,1.10
2015.05.14 06:01:58.200,0.81198,0.81208,1.65,1.20
2015.05.14 06:01:58.744,0.81198,0.81207,1.12,1.10
2015.05.14 06:01:59.048,0.81197,0.81207,3.07,1.10
2015.05.14 06:01:59.559,0.81197,0.81207,3.15,1.10
2015.05.14 06:01:59.712,0.81195,0.81204,1.20,1.10
2015.05.14 06:01:59.763,0.81193,0.81204,1.27,1.65
2015.05.14 06:01:59.865,0.81192,0.81199,2.02,1.00
2015.05.14 06:01:59.967,0.81192,0.81199,1.00,1.00
2015.05.14 06:02:00.312,0.81188,0.81197,1.35,1.00
2015.05.14 06:02:00.465,0.81183,0.81195,3.82,1.50
2015.05.14 06:02:00.567,0.81182,0.81195,1.35,1.65
2015.05.14 06:02:00.622,0.8118,0.81192,1.45,1.07
2015.05.14 06:02:00.926,0.8118,0.81191,1.07,1.17
2015.05.14 06:02:01.469,0.8118,0.81191,1.00,1.35
2015.05.14 06:02:02.133,0.81182,0.81191,1.00,1.35
2015.05.14 06:02:02.437,0.81169,0.81178,1.00,1.15
2015.05.14 06:02:02.487,0.81162,0.81178,3.52,2.02
2015.05.14 06:02:02.841,0.81166,0.81177,1.27,1.07
2015.05.14 06:02:03.053,0.81166,0.81178,1.25,1.10
2015.05.14 06:02:03.535,0.81168,0.81179,1.15,1.00
2015.05.14 06:02:04.348,0.81168,0.8118,1.15,1.57
2015.05.14 06:02:04.983,0.81167,0.81179,1.15,1.00
2015.05.14 06:02:05.534,0.81167,0.8118,1.15,1.10
2015.05.14 06:02:11.612,0.81168,0.81182,1.65,1.80
2015.05.14 06:02:12.147,0.81168,0.81179,1.65,1.10
2015.05.14 06:02:12.467,0.81168,0.81179,1.65,1.10
2015.05.14 06:02:14.377,0.81172,0.8118,1.00,1.07
2015.05.14 06:02:14.682,0.81176,0.81189,1.87,7.87
2015.05.14 06:02:14.783,0.81176,0.8119,3.52,2.40
2015.05.14 06:02:14.885,0.81177,0.81191,1.15,2.17
2015.05.14 06:02:15.394,0.81178,0.81191,1.15,2.47
2015.05.14 06:02:15.495,0.81177,0.8119,1.15,1.15
2015.05.14 06:02:16.037,0.81177,0.81191,1.65,1.65
2015.05.14 06:02:16.543,0.81177,0.81189,1.15,1.27
2015.05.14 06:02:16.959,0.81176,0.81186,1.15,1.10
2015.05.14 06:02:17.111,0.81173,0.81186,1.35,1.72
2015.05.14 06:02:17.612,0.81172,0.81184,1.27,1.15
2015.05.14 06:02:17.663,0.81172,0.81184,1.15,1.15
2015.05.14 06:02:18.169,0.81171,0.81183,1.95,1.15
2015.05.14 06:02:18.513,0.81171,0.81183,2.02,1.07
2015.05.14 06:02:19.064,0.81172,0.81184,1.65,1.37
2015.05.14 06:02:20.513,0.81172,0.81184,1.17,1.15
2015.05.14 06:02:20.615,0.81172,0.81184,2.02,1.15
2015.05.14 06:02:20.969,0.81172,0.81184,2.02,1.15
2015.05.14 06:02:21.121,0.81174,0.81187,1.15,1.35
2015.05.14 06:02:21.172,0.81175,0.81188,3.07,1.72
2015.05.14 06:02:21.223,0.81177,0.8119,1.15,3.22
2015.05.14 06:02:21.273,0.81177,0.8119,3.07,2.92
2015.05.14 06:02:21.425,0.81177,0.8119,1.15,3.60
2015.05.14 06:02:21.586,0.81177,0.8119,1.15,2.92
2015.05.14 06:02:21.890,0.81177,0.8119,3.15,1.15
2015.05.14 06:02:22.196,0.81178,0.81191,1.72,1.17
2015.05.14 06:02:22.721,0.81178,0.81191,1.25,1.65
2015.05.14 06:02:23.225,0.81179,0.81191,1.17,1.65
2015.05.14 06:02:23.388,0.8118,0.8119,1.07,1.10
2015.05.14 06:02:24.002,0.8118,0.81191,1.35,1.10
2015.05.14 06:02:24.479,0.8118,0.81192,1.35,2.02
2015.05.14 06:02:25.204,0.8118,0.81192,1.80,1.15
2015.05.14 06:02:25.710,0.8118,0.81192,1.10,2.02
2015.05.14 06:02:26.408,0.8118,0.81192,1.20,2.02
2015.05.14 06:02:29.410,0.81179,0.81191,5.02,1.07
2015.05.14 06:02:29.511,0.81179,0.81191,4.95,1.65
2015.05.14 06:02:29.636,0.81177,0.81187,1.20,1.27
2015.05.14 06:02:29.939,0.81172,0.81183,1.47,2.32
2015.05.14 06:02:29.990,0.81172,0.81184,1.55,1.17
2015.05.14 06:02:30.041,0.81173,0.81186,1.27,1.65
2015.05.14 06:02:30.193,0.81175,0.81186,1.07,1.32
2015.05.14 06:02:30.737,0.81175,0.81187,1.17,1.35
2015.05.14 06:02:33.614,0.81177,0.81189,1.07,1.25
2015.05.14 06:02:33.716,0.81178,0.81189,1.07,1.27
2015.05.14 06:02:34.239,0.81179,0.8119,1.15,1.17
2015.05.14 06:02:34.340,0.81178,0.8119,1.15,1.65
2015.05.14 06:02:34.499,0.81178,0.8119,1.15,1.57
2015.05.14 06:02:34.702,0.81178,0.8119,1.15,1.57
2015.05.14 06:02:34.803,0.81181,0.81191,1.10,1.65
2015.05.14 06:02:34.911,0.81181,0.81192,1.10,1.27
2015.05.14 06:02:35.013,0.81181,0.81192,1.10,1.17
2015.05.14 06:02:35.317,0.81181,0.81192,1.25,1.20
2015.05.14 06:02:35.549,0.8118,0.81193,1.22,1.15
2015.05.14 06:02:37.249,0.8118,0.81192,1.27,1.17
2015.05.14 06:02:37.552,0.81179,0.8119,1.65,1.15
2015.05.14 06:02:38.074,0.81179,0.81188,1.17,1.10
2015.05.14 06:02:38.620,0.81177,0.81189,1.25,1.17
2015.05.14 06:02:39.150,0.81176,0.81188,1.80,3.90
2015.05.14 06:02:43.341,0.81176,0.81186,1.17,1.57
2015.05.14 06:02:43.755,0.81174,0.81186,1.72,1.65
2015.05.14 06:02:43.856,0.81174,0.81186,1.37,1.65
2015.05.14 06:02:43.957,0.81173,0.81185,1.42,1.15
2015.05.14 06:02:44.494,0.81171,0.81184,4.42,2.40
2015.05.14 06:02:45.093,0.81171,0.81184,3.67,2.40
2015.05.14 06:02:45.598,0.81171,0.81183,2.92,1.17
2015.05.14 06:02:46.158,0.81171,0.81183,2.85,1.17
2015.05.14 06:02:46.723,0.81171,0.81181,2.02,1.17
2015.05.14 06:02:47.484,0.81168,0.8118,1.27,2.02
2015.05.14 06:02:47.978,0.81169,0.81181,1.17,3.52
2015.05.14 06:02:48.140,0.81169,0.81181,1.17,3.52
2015.05.14 06:02:49.042,0.81169,0.81181,1.07,4.27
2015.05.14 06:02:49.622,0.81168,0.8118,1.25,1.20
2015.05.14 06:02:49.673,0.81166,0.81177,2.02,1.07
2015.05.14 06:02:49.976,0.81165,0.81176,1.22,1.07
2015.05.14 06:02:50.077,0.81163,0.81172,4.65,1.87
2015.05.14 06:02:50.229,0.81163,0.81172,1.35,1.87
2015.05.14 06:02:50.330,0.81163,0.81173,1.27,1.10
2015.05.14 06:02:50.840,0.81163,0.81174,1.27,2.77
2015.05.14 06:02:51.389,0.81163,0.81174,1.10,2.40
2015.05.14 06:02:52.497,0.81163,0.81173,1.10,1.07
2015.05.14 06:02:53.003,0.8116,0.81171,1.17,1.20
2015.05.14 06:02:53.520,0.8116,0.81171,1.15,1.20
2015.05.14 06:02:54.028,0.8116,0.81172,1.17,3.97
2015.05.14 06:02:55.314,0.81162,0.81171,1.00,1.10
2015.05.14 06:02:55.466,0.81163,0.81173,1.10,1.10
2015.05.14 06:02:55.617,0.81164,0.81174,1.07,1.17
2015.05.14 06:02:56.216,0.81164,0.81174,1.00,1.07
2015.05.14 06:02:56.540,0.81163,0.81174,1.20,1.15
2015.05.14 06:02:57.060,0.81163,0.81174,1.27,1.15
2015.05.14 06:02:57.561,0.81162,0.81174,1.35,1.15
2015.05.14 06:02:58.268,0.81164,0.81174,1.00,1.65
2015.05.14 06:02:58.420,0.81164,0.81174,1.00,1.65
2015.05.14 06:02:58.959,0.81164,0.81174,1.10,1.10
2015.05.14 06:02:59.010,0.81164,0.81174,1.07,1.00
2015.05.14 06:02:59.077,0.81165,0.81177,1.17,1.72
2015.05.14 06:02:59.229,0.81166,0.81178,1.17,1.20
2015.05.14 06:02:59.779,0.81167,0.8118,1.15,2.10
2015.05.14 06:03:00.298,0.81168,0.81181,1.25,2.10
2015.05.14 06:03:00.803,0.81168,0.81179,1.25,1.00
2015.05.14 06:03:03.344,0.81168,0.81179,1.15,1.57
2015.05.14 06:03:06.651,0.81166,0.81177,2.17,1.00
2015.05.14 06:03:06.752,0.81163,0.81176,4.20,2.70
2015.05.14 06:03:06.803,0.81162,0.81175,1.35,1.17
2015.05.14 06:03:06.854,0.81162,0.81173,1.27,1.07
2015.05.14 06:03:07.363,0.81162,0.81173,1.27,1.30
2015.05.14 06:03:07.726,0.81162,0.81173,1.27,1.17
2015.05.14 06:03:08.043,0.81162,0.81173,1.27,1.65
2015.05.14 06:03:08.255,0.8116,0.81173,1.65,1.65
2015.05.14 06:03:09.432,0.8116,0.81172,1.65,1.65
2015.05.14 06:03:13.820,0.8116,0.8117,2.77,1.00
2015.05.14 06:03:14.367,0.8116,0.8117,2.77,1.20
2015.05.14 06:03:15.283,0.8116,0.8117,1.95,2.10
2015.05.14 06:03:15.905,0.8116,0.81169,1.87,1.25
2015.05.14 06:03:16.160,0.81153,0.81161,1.00,1.20
2015.05.14 06:03:16.211,0.81151,0.81161,1.20,1.30
2015.05.14 06:03:16.464,0.81149,0.81161,2.10,2.40
2015.05.14 06:03:16.971,0.81151,0.81161,1.00,1.15
2015.05.14 06:03:17.123,0.81149,0.81161,1.65,1.15
2015.05.14 06:03:17.214,0.81149,0.81161,1.72,1.15
2015.05.14 06:03:17.729,0.81149,0.81163,2.92,1.15
2015.05.14 06:03:17.830,0.81149,0.81162,1.35,1.65
2015.05.14 06:03:17.982,0.81149,0.81162,1.27,1.65
2015.05.14 06:03:18.487,0.81149,0.81162,2.40,1.57
2015.05.14 06:03:18.911,0.81149,0.81161,2.40,1.47
2015.05.14 06:03:19.212,0.81134,0.81142,1.87,1.57
2015.05.14 06:03:19.313,0.81134,0.8114,1.87,1.00
2015.05.14 06:03:19.617,0.81133,0.81145,2.77,1.27
2015.05.14 06:03:19.668,0.81134,0.81145,1.07,1.30
2015.05.14 06:03:19.769,0.81134,0.81145,1.17,1.07
2015.05.14 06:03:19.921,0.81133,0.81146,2.70,1.72
2015.05.14 06:03:19.971,0.81135,0.81146,1.10,1.72
2015.05.14 06:03:20.123,0.81131,0.81145,2.02,2.55
2015.05.14 06:03:20.755,0.81133,0.81145,2.32,1.57
2015.05.14 06:03:21.008,0.81133,0.81145,1.17,1.65
2015.05.14 06:03:21.546,0.81131,0.81143,1.15,1.05
2015.05.14 06:03:23.205,0.81131,0.81145,1.27,2.55
2015.05.14 06:03:23.508,0.81132,0.81145,1.65,1.20
2015.05.14 06:03:23.609,0.81133,0.81148,3.07,4.27
2015.05.14 06:03:24.116,0.81133,0.81147,1.25,1.27
2015.05.14 06:03:24.880,0.81133,0.81147,3.15,1.30
2015.05.14 06:03:26.537,0.81135,0.81147,1.15,1.20
2015.05.14 06:03:27.085,0.81135,0.81147,1.15,1.27
2015.05.14 06:03:27.186,0.81133,0.81148,1.27,2.10
2015.05.14 06:03:27.591,0.81135,0.81147,2.32,1.17
2015.05.14 06:03:27.793,0.81134,0.81147,1.15,1.10
2015.05.14 06:03:27.946,0.81133,0.81145,3.45,1.00
2015.05.14 06:03:28.249,0.81139,0.81147,1.95,1.20
2015.05.14 06:03:29.684,0.81139,0.81147,1.95,1.10
2015.05.14 06:03:29.987,0.81139,0.81146,1.87,1.17
2015.05.14 06:03:30.139,0.81134,0.81145,1.20,1.20
2015.05.14 06:03:30.240,0.81132,0.81143,2.32,1.07
2015.05.14 06:03:30.581,0.81132,0.8114,1.95,1.07
2015.05.14 06:03:31.726,0.81132,0.81141,1.87,1.15
2015.05.14 06:03:32.134,0.81127,0.81141,4.65,1.72
2015.05.14 06:03:32.572,0.81131,0.81141,1.87,1.27
2015.05.14 06:03:32.673,0.81127,0.81141,3.15,1.27
2015.05.14 06:03:32.724,0.81127,0.81141,3.15,1.27
2015.05.14 06:03:33.241,0.81127,0.81142,5.32,1.80
2015.05.14 06:03:33.934,0.81128,0.81142,2.02,1.80
2015.05.14 06:03:34.237,0.81129,0.81142,2.70,1.35
2015.05.14 06:03:34.644,0.81129,0.81143,1.27,1.35
2015.05.14 06:03:34.696,0.8113,0.81144,1.15,1.80
2015.05.14 06:03:34.797,0.8113,0.81144,1.17,1.80
2015.05.14 06:03:35.187,0.81132,0.81146,1.27,3.97
2015.05.14 06:03:35.365,0.81133,0.81147,3.45,2.55
2015.05.14 06:03:35.871,0.81133,0.81145,2.02,1.20
2015.05.14 06:03:36.389,0.81135,0.81145,1.52,1.10
2015.05.14 06:03:36.913,0.81137,0.81147,1.10,1.27
2015.05.14 06:03:37.230,0.81136,0.81147,2.77,1.30
2015.05.14 06:03:37.937,0.81138,0.81148,2.02,1.10
2015.05.14 06:03:38.441,0.81138,0.81148,1.87,1.15
2015.05.14 06:03:39.374,0.81138,0.81148,2.02,1.20
2015.05.14 06:03:39.677,0.81138,0.81147,1.87,1.15
2015.05.14 06:03:39.929,0.81136,0.81147,2.40,1.15
2015.05.14 06:03:40.461,0.81136,0.81145,1.87,1.10
2015.05.14 06:03:40.958,0.81136,0.81147,2.02,1.20
2015.05.14 06:03:41.009,0.81136,0.81145,2.02,1.00
2015.05.14 06:03:41.550,0.81136,0.81145,1.95,1.07
2015.05.14 06:03:41.910,0.81134,0.81144,1.10,1.07
2015.05.14 06:03:42.113,0.81131,0.81141,1.20,1.10
2015.05.14 06:03:42.516,0.81129,0.81139,2.55,1.00
2015.05.14 06:03:43.947,0.81129,0.81138,2.10,1.00
2015.05.14 06:03:44.505,0.81129,0.81138,1.17,1.00
2015.05.14 06:03:45.014,0.81129,0.81138,1.17,1.00
2015.05.14 06:03:45.560,0.81129,0.81138,1.15,1.10
2015.05.14 06:03:46.068,0.81129,0.81137,1.65,1.00
2015.05.14 06:03:46.459,0.81129,0.81139,1.17,1.10
2015.05.14 06:03:48.063,0.81129,0.81139,1.65,1.10
2015.05.14 06:03:48.164,0.81129,0.81139,1.17,1.20
2015.05.14 06:03:49.848,0.8113,0.81139,1.20,1.07
2015.05.14 06:03:50.553,0.8113,0.81139,1.20,1.00
2015.05.14 06:03:51.755,0.8113,0.81139,1.30,1.07
2015.05.14 06:03:52.277,0.81129,0.81139,1.15,1.10
2015.05.14 06:03:52.930,0.81129,0.81139,1.35,1.10
2015.05.14 06:03:53.436,0.81129,0.81139,1.15,1.07
2015.05.14 06:03:53.971,0.81129,0.81139,1.10,1.17
2015.05.14 06:03:54.488,0.81127,0.81136,1.72,1.10
2015.05.14 06:03:55.022,0.81127,0.81135,1.30,1.00
2015.05.14 06:03:55.548,0.81126,0.81135,2.10,1.00
2015.05.14 06:03:55.701,0.81125,0.81134,1.27,1.10
2015.05.14 06:03:55.903,0.81123,0.81132,1.15,1.00
2015.05.14 06:03:56.055,0.81121,0.81133,1.27,1.65
2015.05.14 06:03:56.156,0.81119,0.81131,2.47,1.07
2015.05.14 06:03:56.683,0.81119,0.81131,1.55,1.15
2015.05.14 06:03:57.987,0.81119,0.81128,1.10,1.07
2015.05.14 06:03:59.187,0.81118,0.81128,1.27,1.20
2015.05.14 06:03:59.854,0.81118,0.81128,1.80,1.10
2015.05.14 06:04:00.057,0.81118,0.81127,1.20,2.25
2015.05.14 06:04:00.158,0.81115,0.81127,2.40,1.07
2015.05.14 06:04:00.310,0.81114,0.81125,3.15,1.20
2015.05.14 06:04:00.462,0.81116,0.81127,3.52,1.07
2015.05.14 06:04:00.622,0.81117,0.81128,1.27,1.10
2015.05.14 06:04:00.774,0.81117,0.81128,1.22,1.00
2015.05.14 06:04:01.298,0.81117,0.81129,1.30,1.10
2015.05.14 06:04:02.095,0.81118,0.81129,2.77,1.10
2015.05.14 06:04:02.609,0.81118,0.81129,1.35,1.10
2015.05.14 06:04:03.170,0.81118,0.81129,1.35,1.10
2015.05.14 06:04:03.687,0.81119,0.81129,1.47,1.10
2015.05.14 06:04:07.310,0.8112,0.8113,1.20,1.20
2015.05.14 06:04:07.817,0.8112,0.81131,1.65,1.20
2015.05.14 06:04:08.097,0.8112,0.81131,1.15,1.17
2015.05.14 06:04:09.811,0.8112,0.81131,1.07,1.20
2015.05.14 06:04:10.313,0.81118,0.81131,4.72,1.17
2015.05.14 06:04:10.841,0.8112,0.81131,1.17,1.10
2015.05.14 06:04:13.111,0.81122,0.81132,1.07,1.20
2015.05.14 06:04:13.415,0.81125,0.81137,1.80,1.10
2015.05.14 06:04:13.819,0.81128,0.81137,1.17,1.10
2015.05.14 06:04:13.971,0.81128,0.8114,1.35,1.65
2015.05.14 06:04:14.917,0.81129,0.81141,1.25,1.20
2015.05.14 06:04:15.023,0.8113,0.81143,2.40,1.15
2015.05.14 06:04:15.505,0.81135,0.81145,1.07,1.17
2015.05.14 06:04:15.706,0.81133,0.81145,1.15,1.10
2015.05.14 06:04:15.981,0.81132,0.81144,1.35,1.07
2015.05.14 06:04:16.337,0.8113,0.81141,2.10,1.00
2015.05.14 06:04:16.539,0.81129,0.81141,1.27,1.15
2015.05.14 06:04:16.691,0.81129,0.81138,1.17,1.07
2015.05.14 06:04:17.197,0.81127,0.81138,1.15,1.50
2015.05.14 06:04:17.510,0.81126,0.81136,2.40,1.10
2015.05.14 06:04:18.011,0.81126,0.81136,3.07,1.10
2015.05.14 06:04:18.368,0.81126,0.81136,3.15,1.00
2015.05.14 06:04:18.750,0.81127,0.81138,1.15,1.65
2015.05.14 06:04:21.446,0.81127,0.81137,1.27,1.00
2015.05.14 06:04:21.976,0.81128,0.81138,1.10,1.10
2015.05.14 06:04:22.710,0.81128,0.81139,1.07,1.10
2015.05.14 06:04:23.086,0.81129,0.81141,2.02,1.27
2015.05.14 06:04:23.827,0.81131,0.81142,1.27,1.15
2015.05.14 06:04:24.802,0.81132,0.81142,2.32,1.00
2015.05.14 06:04:24.936,0.81134,0.81144,1.15,1.00
2015.05.14 06:04:24.987,0.81136,0.81147,1.17,2.77
2015.05.14 06:04:25.089,0.81136,0.81148,1.15,1.20
2015.05.14 06:04:28.193,0.81138,0.81151,1.17,2.85
2015.05.14 06:04:28.244,0.81138,0.81151,1.15,2.47
2015.05.14 06:04:28.406,0.81138,0.81151,1.25,1.72
2015.05.14 06:04:29.308,0.81138,0.8115,1.27,1.20
2015.05.14 06:04:29.420,0.81138,0.8115,1.25,1.07
2015.05.14 06:04:30.722,0.81136,0.81148,1.35,1.07
2015.05.14 06:04:30.823,0.81136,0.81148,1.27,1.65
2015.05.14 06:04:30.925,0.81136,0.81148,1.20,1.65
2015.05.14 06:04:31.428,0.81137,0.81148,1.17,1.57
2015.05.14 06:04:31.998,0.81137,0.81148,1.20,1.65
2015.05.14 06:04:32.107,0.81137,0.81148,1.17,1.65
2015.05.14 06:04:33.312,0.81137,0.81147,1.20,1.10
2015.05.14 06:04:35.445,0.81137,0.81148,1.17,1.65
2015.05.14 06:04:35.996,0.81137,0.81148,1.07,1.65
2015.05.14 06:04:38.745,0.81137,0.81148,1.07,1.65
2015.05.14 06:04:39.149,0.81137,0.8115,1.15,6.52
2015.05.14 06:04:39.675,0.81138,0.81149,1.07,1.27
2015.05.14 06:04:40.224,0.81138,0.81149,1.10,1.27
2015.05.14 06:04:40.525,0.8114,0.81149,1.00,1.27
2015.05.14 06:04:40.830,0.81142,0.8115,1.00,3.52
2015.05.14 06:04:42.400,0.8114,0.8115,1.00,1.15
2015.05.14 06:04:42.575,0.81142,0.8115,1.00,1.15
2015.05.14 06:04:44.360,0.81141,0.8115,1.00,1.65
2015.05.14 06:04:45.340,0.81139,0.81148,1.10,1.07
2015.05.14 06:04:46.773,0.81139,0.81148,1.00,1.57
2015.05.14 06:04:47.178,0.81139,0.81148,1.00,1.57
2015.05.14 06:04:48.349,0.81139,0.81148,1.00,1.07
2015.05.14 06:04:48.879,0.81138,0.81147,1.00,1.65
2015.05.14 06:04:49.387,0.81138,0.81147,1.00,1.65
2015.05.14 06:04:50.050,0.81138,0.81147,1.00,1.65
2015.05.14 06:04:50.556,0.81138,0.81145,1.00,2.62
2015.05.14 06:04:50.657,0.81134,0.81145,1.27,2.70
2015.05.14 06:04:50.809,0.81134,0.81145,1.10,2.77
2015.05.14 06:04:51.213,0.81129,0.81143,1.35,1.15
2015.05.14 06:04:54.577,0.81129,0.81143,1.35,1.15
2015.05.14 06:04:57.477,0.8113,0.81144,1.80,2.02
2015.05.14 06:05:00.336,0.81134,0.81145,1.10,1.07
2015.05.14 06:05:00.387,0.81134,0.81147,1.17,4.35
2015.05.14 06:05:01.005,0.81137,0.81147,1.17,3.45
2015.05.14 06:05:01.885,0.81136,0.81149,1.17,3.15
2015.05.14 06:05:02.188,0.81135,0.81144,1.00,1.10
2015.05.14 06:05:02.391,0.8113,0.81144,1.65,2.70
2015.05.14 06:05:02.736,0.81131,0.81144,2.40,2.70
2015.05.14 06:05:04.111,0.81132,0.81144,2.77,2.70
2015.05.14 06:05:04.314,0.81132,0.81145,4.35,1.12
2015.05.14 06:05:04.683,0.81137,0.81147,1.00,4.95
2015.05.14 06:05:05.226,0.81136,0.81143,1.00,1.10
2015.05.14 06:05:05.767,0.81136,0.81145,1.10,1.45
2015.05.14 06:05:06.367,0.81136,0.81145,1.00,1.07
2015.05.14 06:05:06.670,0.81136,0.81144,1.00,1.65
2015.05.14 06:05:07.190,0.81136,0.81144,1.00,1.15
2015.05.14 06:05:08.189,0.81136,0.81144,1.00,1.17
2015.05.14 06:05:08.341,0.81135,0.81146,1.17,1.95
2015.05.14 06:05:08.889,0.81136,0.81147,1.15,2.77
2015.05.14 06:05:09.093,0.81136,0.81146,1.07,1.07
2015.05.14 06:05:09.609,0.81136,0.81144,1.10,1.20
2015.05.14 06:05:12.207,0.81135,0.81144,1.10,1.57
2015.05.14 06:05:15.937,0.81136,0.81144,1.00,1.17
2015.05.14 06:05:16.810,0.81136,0.81144,1.00,1.65
2015.05.14 06:05:17.132,0.81136,0.81144,1.00,1.15
2015.05.14 06:05:18.874,0.81135,0.81144,1.00,1.65
2015.05.14 06:05:25.583,0.81136,0.81144,1.00,1.65
2015.05.14 06:05:25.889,0.81135,0.81144,1.00,3.82
2015.05.14 06:05:26.406,0.81135,0.81144,1.00,1.65
2015.05.14 06:05:26.923,0.81135,0.81142,1.00,1.10
2015.05.14 06:05:28.672,0.81135,0.81143,1.00,1.65
2015.05.14 06:05:28.773,0.81135,0.81143,1.00,1.65
2015.05.14 06:05:32.851,0.81135,0.81144,1.00,1.65
2015.05.14 06:05:33.355,0.81136,0.81145,1.10,1.57
2015.05.14 06:05:33.456,0.81136,0.81144,1.10,1.07
2015.05.14 06:05:34.085,0.81136,0.81146,1.00,2.40
2015.05.14 06:05:34.476,0.81136,0.81145,1.00,1.07
2015.05.14 06:05:35.455,0.81136,0.81144,1.00,1.20
2015.05.14 06:05:36.333,0.81136,0.81144,1.00,1.65
2015.05.14 06:05:37.682,0.81136,0.81145,1.10,1.65
2015.05.14 06:05:40.883,0.81135,0.81145,1.07,1.50
2015.05.14 06:05:41.206,0.81135,0.81145,1.07,1.07
2015.05.14 06:05:41.747,0.81135,0.81143,1.10,1.10
2015.05.14 06:05:42.221,0.81135,0.81145,1.20,1.20
2015.05.14 06:05:42.727,0.81135,0.81144,1.20,1.00
2015.05.14 06:05:43.270,0.81134,0.81144,1.65,1.57
2015.05.14 06:05:43.799,0.81134,0.81143,1.10,2.40
2015.05.14 06:05:44.343,0.81132,0.81141,1.15,1.00
2015.05.14 06:05:47.922,0.81129,0.81141,3.15,1.07
2015.05.14 06:05:48.023,0.81128,0.81141,1.72,1.57
2015.05.14 06:05:48.175,0.81127,0.8114,1.35,1.15
2015.05.14 06:05:48.326,0.81126,0.81139,1.30,1.65
2015.05.14 06:05:48.427,0.81126,0.81139,1.30,1.65
2015.05.14 06:05:48.529,0.81126,0.81139,1.32,1.65
2015.05.14 06:05:48.762,0.81126,0.81139,1.35,1.65
2015.05.14 06:05:48.813,0.81126,0.81139,1.35,1.65
2015.05.14 06:05:49.422,0.81126,0.81139,1.37,1.65
2015.05.14 06:05:50.817,0.81127,0.81136,1.00,1.07
2015.05.14 06:05:51.709,0.81127,0.81136,1.00,1.15
2015.05.14 06:05:52.012,0.81126,0.81133,1.00,1.17
2015.05.14 06:05:52.113,0.81124,0.81133,1.10,1.17
2015.05.14 06:05:54.314,0.81123,0.81133,1.27,1.00
2015.05.14 06:05:54.843,0.81123,0.81132,1.10,1.00
2015.05.14 06:05:55.353,0.81123,0.81135,1.72,2.40
2015.05.14 06:05:55.605,0.81123,0.81135,2.77,2.40
2015.05.14 06:05:57.362,0.81125,0.81134,1.20,1.10
2015.05.14 06:05:58.303,0.81126,0.81135,1.17,1.65
2015.05.14 06:05:58.842,0.81126,0.81134,1.17,1.15
2015.05.14 06:05:59.370,0.81126,0.81134,1.10,1.15
2015.05.14 06:05:59.926,0.81124,0.81135,1.20,2.40
2015.05.14 06:06:00.314,0.81124,0.81133,1.10,1.17
2015.05.14 06:06:00.827,0.81123,0.81133,1.57,1.65
2015.05.14 06:06:01.341,0.81123,0.81133,1.65,1.65
2015.05.14 06:06:01.594,0.81124,0.81133,1.07,1.20
2015.05.14 06:06:01.924,0.81125,0.81133,1.20,1.20
2015.05.14 06:06:03.490,0.81125,0.81134,1.50,1.10
2015.05.14 06:06:03.744,0.81124,0.81133,1.20,1.07
2015.05.14 06:06:03.904,0.81125,0.81133,1.07,1.07
2015.05.14 06:06:04.409,0.81125,0.81133,1.20,1.07
2015.05.14 06:06:06.163,0.81124,0.81133,1.15,1.17
2015.05.14 06:06:06.507,0.81124,0.81133,1.10,1.10
2015.05.14 06:06:07.662,0.81124,0.81132,1.00,1.00
2015.05.14 06:06:08.193,0.81124,0.81132,1.00,1.17
2015.05.14 06:06:08.739,0.81123,0.81132,1.00,1.17
2015.05.14 06:06:09.818,0.81123,0.81131,1.00,1.17
2015.05.14 06:06:10.326,0.81123,0.81131,1.00,1.65
2015.05.14 06:06:11.572,0.8112,0.81129,1.00,1.20
2015.05.14 06:06:11.673,0.8112,0.81125,1.00,1.00
2015.05.14 06:06:11.825,0.81115,0.81125,2.32,1.00
2015.05.14 06:06:11.926,0.81115,0.81122,1.20,1.10
2015.05.14 06:06:12.460,0.81114,0.81121,1.00,1.00
2015.05.14 06:06:12.923,0.81114,0.81121,1.00,1.25
2015.05.14 06:06:13.125,0.81111,0.81121,1.65,1.10
2015.05.14 06:06:14.303,0.81111,0.81121,1.15,1.10
2015.05.14 06:06:15.276,0.81113,0.81122,1.00,1.30
2015.05.14 06:06:15.873,0.81113,0.81122,1.00,1.37
2015.05.14 06:06:17.530,0.81113,0.81122,1.00,1.37
2015.05.14 06:06:17.852,0.81108,0.81121,3.15,1.20
2015.05.14 06:06:17.903,0.81108,0.81116,1.65,1.00
2015.05.14 06:06:18.004,0.81108,0.81116,1.00,1.15
2015.05.14 06:06:18.055,0.81105,0.81115,1.15,1.20
2015.05.14 06:06:18.156,0.81101,0.81114,3.82,1.27
2015.05.14 06:06:18.207,0.81101,0.81114,1.65,2.85
2015.05.14 06:06:18.308,0.81101,0.81113,1.00,1.32
2015.05.14 06:06:18.502,0.81097,0.81111,2.40,1.25
2015.05.14 06:06:21.152,0.81098,0.81109,1.17,1.17
2015.05.14 06:06:21.354,0.81097,0.81105,1.17,1.07
2015.05.14 06:06:21.405,0.81097,0.81104,1.10,1.65
2015.05.14 06:06:21.506,0.81095,0.81102,1.12,1.15
2015.05.14 06:06:21.557,0.81095,0.81102,1.00,1.15
2015.05.14 06:06:21.810,0.81089,0.81102,1.17,3.07
2015.05.14 06:06:22.316,0.81088,0.81101,1.17,3.52
2015.05.14 06:06:22.417,0.81088,0.81101,1.17,1.35
2015.05.14 06:06:23.414,0.81087,0.811,1.27,1.22
2015.05.14 06:06:23.515,0.81086,0.81099,3.90,1.27
2015.05.14 06:06:23.823,0.81086,0.81097,1.72,1.20
2015.05.14 06:06:24.126,0.81085,0.81096,1.07,2.02
2015.05.14 06:06:24.379,0.81087,0.81098,1.10,2.02
2015.05.14 06:06:24.481,0.81087,0.81098,1.15,1.15
2015.05.14 06:06:24.822,0.81087,0.81098,3.15,1.00
2015.05.14 06:06:25.014,0.81087,0.81098,1.25,1.00
2015.05.14 06:06:25.259,0.81086,0.81097,1.25,1.10
2015.05.14 06:06:25.360,0.81086,0.81097,1.72,1.10
2015.05.14 06:06:25.870,0.81086,0.81099,2.40,2.77
2015.05.14 06:06:25.921,0.81084,0.81098,1.72,1.35
2015.05.14 06:06:26.174,0.81085,0.81097,1.65,1.10
2015.05.14 06:06:26.521,0.81088,0.81099,1.15,1.20
2015.05.14 06:06:27.081,0.81088,0.81099,1.15,1.00
2015.05.14 06:06:27.337,0.81087,0.811,1.10,1.65
2015.05.14 06:06:27.439,0.81087,0.811,1.15,1.72
2015.05.14 06:06:28.260,0.81087,0.81099,1.15,1.10
2015.05.14 06:06:29.033,0.8109,0.811,1.00,1.65
2015.05.14 06:06:29.134,0.8109,0.81101,1.17,2.10
2015.05.14 06:06:29.442,0.81091,0.81101,1.00,2.02
2015.05.14 06:06:30.037,0.8109,0.81099,1.00,4.50
2015.05.14 06:06:30.138,0.81088,0.811,1.27,1.65
2015.05.14 06:06:31.043,0.81092,0.81101,1.00,5.02
2015.05.14 06:06:31.346,0.8109,0.81098,1.00,2.32
2015.05.14 06:06:31.447,0.81091,0.811,1.00,2.70
2015.05.14 06:06:31.602,0.81089,0.811,1.00,2.70
2015.05.14 06:06:32.379,0.81086,0.811,1.72,5.32
2015.05.14 06:06:33.652,0.81087,0.81098,1.00,1.15
2015.05.14 06:06:34.181,0.81088,0.811,1.10,2.40
2015.05.14 06:06:35.157,0.81087,0.81098,1.07,2.70
2015.05.14 06:06:35.647,0.81084,0.81096,1.72,3.45
2015.05.14 06:06:35.760,0.81084,0.81094,1.10,3.82
2015.05.14 06:06:36.063,0.81083,0.81092,1.00,2.32
2015.05.14 06:06:36.165,0.81083,0.81093,1.00,1.27
2015.05.14 06:06:36.674,0.81083,0.81093,1.00,6.37
2015.05.14 06:06:37.423,0.81081,0.81093,1.10,5.40
2015.05.14 06:06:38.154,0.81081,0.81091,1.00,1.72
2015.05.14 06:06:38.205,0.81079,0.81091,1.10,1.72
2015.05.14 06:06:38.401,0.81081,0.81091,1.00,1.72
2015.05.14 06:06:38.909,0.81081,0.81091,1.00,1.72
2015.05.14 06:06:39.373,0.81081,0.81091,1.00,3.90
2015.05.14 06:06:40.056,0.81078,0.81091,1.17,3.90
2015.05.14 06:06:40.652,0.81078,0.81092,1.17,3.22
2015.05.14 06:06:41.209,0.81079,0.81088,1.30,1.50
2015.05.14 06:06:41.361,0.81077,0.81089,1.10,2.77
2015.05.14 06:06:42.087,0.81075,0.8109,1.35,1.35
2015.05.14 06:06:42.633,0.81078,0.81089,1.10,1.25
2015.05.14 06:06:42.684,0.81078,0.81089,1.00,3.15
2015.05.14 06:06:42.836,0.81074,0.81087,2.10,2.40
2015.05.14 06:06:42.886,0.81074,0.81082,1.35,1.87
2015.05.14 06:06:42.987,0.81074,0.81082,1.00,1.95
2015.05.14 06:06:43.139,0.81077,0.81085,1.00,5.02
2015.05.14 06:06:43.190,0.81077,0.81087,1.00,3.90
2015.05.14 06:06:43.291,0.81077,0.81089,1.00,2.47
2015.05.14 06:06:43.493,0.81077,0.8109,1.17,4.05
2015.05.14 06:06:44.011,0.81077,0.81089,1.17,1.55
2015.05.14 06:06:44.314,0.81074,0.81084,1.00,3.97
2015.05.14 06:06:44.415,0.81074,0.81084,1.00,1.80
2015.05.14 06:06:44.869,0.81069,0.81081,3.52,1.87
2015.05.14 06:06:45.325,0.81068,0.81079,1.00,1.52
2015.05.14 06:06:45.376,0.8107,0.81078,1.00,2.40
2015.05.14 06:06:45.448,0.81067,0.81078,1.00,2.40
2015.05.14 06:06:45.499,0.81068,0.81079,1.00,1.42
2015.05.14 06:06:45.600,0.81067,0.8108,1.07,4.05
2015.05.14 06:06:46.527,0.81069,0.8108,1.10,3.67
2015.05.14 06:06:47.029,0.81068,0.8108,1.65,3.67
2015.05.14 06:06:47.407,0.81068,0.8108,1.65,1.72
2015.05.14 06:06:47.924,0.81069,0.81081,1.25,2.32
2015.05.14 06:06:48.889,0.81072,0.81083,1.00,5.47
2015.05.14 06:06:49.591,0.81072,0.81083,1.00,2.55
2015.05.14 06:06:50.313,0.81072,0.81083,1.17,2.32
2015.05.14 06:06:51.726,0.81072,0.81083,1.07,3.15
2015.05.14 06:06:52.029,0.81071,0.81082,1.10,1.27
2015.05.14 06:06:52.536,0.81071,0.81081,1.10,1.10
2015.05.14 06:06:52.892,0.81071,0.81081,1.10,1.17
2015.05.14 06:06:53.436,0.81071,0.81082,1.00,2.77
2015.05.14 06:06:53.986,0.81071,0.81082,1.20,2.02
2015.05.14 06:06:54.497,0.81072,0.81083,1.10,3.30
2015.05.14 06:06:54.805,0.81075,0.81083,1.00,3.82
2015.05.14 06:06:54.956,0.81073,0.81085,1.15,1.17
2015.05.14 06:06:55.122,0.81078,0.81087,1.20,1.10
2015.05.14 06:06:55.173,0.8108,0.81087,1.00,1.00
2015.05.14 06:06:55.224,0.8108,0.81093,1.17,2.92
2015.05.14 06:06:55.737,0.81081,0.81094,1.00,3.52
2015.05.14 06:06:56.274,0.81082,0.81094,1.10,5.02
2015.05.14 06:06:56.801,0.81081,0.81093,1.10,2.47
2015.05.14 06:06:57.003,0.81079,0.81092,1.05,1.65
2015.05.14 06:06:57.205,0.81078,0.8109,1.57,2.32
2015.05.14 06:06:57.728,0.81078,0.8109,1.65,2.40
2015.05.14 06:06:57.829,0.81078,0.8109,1.65,1.25
2015.05.14 06:06:58.031,0.81079,0.8109,1.17,1.17
2015.05.14 06:06:58.535,0.81083,0.81092,1.00,1.65
2015.05.14 06:06:58.817,0.81083,0.81093,1.10,1.20
2015.05.14 06:06:59.020,0.81083,0.81093,1.17,1.20
2015.05.14 06:06:59.744,0.81083,0.81093,1.20,1.72
2015.05.14 06:07:00.287,0.81079,0.81092,6.15,1.87
2015.05.14 06:07:00.439,0.8108,0.8109,4.65,1.00
2015.05.14 06:07:00.540,0.8108,0.8109,2.77,1.00
2015.05.14 06:07:00.893,0.81078,0.81091,2.47,3.15
2015.05.14 06:07:01.433,0.81078,0.8109,1.30,1.15
2015.05.14 06:07:01.747,0.81077,0.81088,1.20,1.17
2015.05.14 06:07:01.848,0.81075,0.81088,2.77,1.35
2015.05.14 06:07:02.125,0.81074,0.81085,1.30,1.57
2015.05.14 06:07:02.227,0.81074,0.81085,1.10,3.15
2015.05.14 06:07:02.631,0.81076,0.81085,1.00,1.65
2015.05.14 06:07:03.242,0.81076,0.81087,1.00,5.70
2015.05.14 06:07:03.747,0.81075,0.81084,1.00,1.65
2015.05.14 06:07:04.050,0.81075,0.81083,1.00,2.32
2015.05.14 06:07:04.579,0.81074,0.81082,1.00,3.82
2015.05.14 06:07:04.846,0.81073,0.81082,1.00,3.82
2015.05.14 06:07:05.282,0.81073,0.81082,1.00,1.72
2015.05.14 06:07:05.351,0.81075,0.81082,1.00,1.72
2015.05.14 06:07:05.963,0.81074,0.81082,1.00,3.07
2015.05.14 06:07:06.224,0.81076,0.81083,1.00,1.72
2015.05.14 06:07:06.325,0.81076,0.81083,1.07,1.65
2015.05.14 06:07:06.577,0.81074,0.81084,1.27,1.00
2015.05.14 06:07:06.628,0.81074,0.81082,1.27,1.00
2015.05.14 06:07:06.872,0.81075,0.81083,1.65,1.00
2015.05.14 06:07:07.973,0.81074,0.81084,1.27,1.07
2015.05.14 06:07:08.427,0.81074,0.81086,1.65,1.15
2015.05.14 06:07:08.783,0.81075,0.81087,2.32,1.17
2015.05.14 06:07:09.292,0.81076,0.81087,1.32,1.20
2015.05.14 06:07:09.793,0.81078,0.81087,1.00,1.20
2015.05.14 06:07:11.439,0.81078,0.81088,1.17,1.00
2015.05.14 06:07:11.980,0.81078,0.8109,1.65,1.42
2015.05.14 06:07:12.183,0.81078,0.8109,2.40,1.42
2015.05.14 06:07:12.700,0.81078,0.8109,1.72,1.27
2015.05.14 06:07:12.852,0.81079,0.81091,1.37,3.15
2015.05.14 06:07:13.685,0.8108,0.81091,1.00,2.77
2015.05.14 06:07:14.228,0.81079,0.81091,1.57,2.77
2015.05.14 06:07:14.734,0.81079,0.81091,1.50,2.77
2015.05.14 06:07:16.059,0.81078,0.8109,1.20,1.27
2015.05.14 06:07:16.480,0.81076,0.81088,1.35,1.15
2015.05.14 06:07:17.014,0.81076,0.81086,1.10,1.17
2015.05.14 06:07:17.378,0.81072,0.81086,3.15,5.62
2015.05.14 06:07:17.530,0.81072,0.81084,1.27,1.15
2015.05.14 06:07:18.068,0.81071,0.81082,2.17,2.02
2015.05.14 06:07:18.595,0.81072,0.81082,1.15,1.87
2015.05.14 06:07:19.393,0.81072,0.81082,1.65,1.87
2015.05.14 06:07:20.373,0.81074,0.81084,1.30,1.65
2015.05.14 06:07:20.678,0.81075,0.81085,1.30,1.20
2015.05.14 06:07:20.779,0.81077,0.81085,1.17,1.00
2015.05.14 06:07:21.309,0.81077,0.81089,1.17,2.40
2015.05.14 06:07:25.393,0.81077,0.81088,1.00,1.65
2015.05.14 06:07:25.897,0.81075,0.81087,1.65,3.82
2015.05.14 06:07:26.386,0.81072,0.81085,2.77,2.40
2015.05.14 06:07:26.923,0.81072,0.81084,2.10,1.15
2015.05.14 06:07:27.074,0.81071,0.81082,3.37,1.15
2015.05.14 06:07:27.583,0.81071,0.81083,1.45,2.32
2015.05.14 06:07:28.091,0.81072,0.81084,1.27,3.82
2015.05.14 06:07:28.594,0.8107,0.81083,3.45,2.02
2015.05.14 06:07:29.099,0.8107,0.81083,2.92,2.02
2015.05.14 06:07:29.301,0.81074,0.81083,1.00,2.02
2015.05.14 06:07:30.002,0.81073,0.81083,1.10,3.52
2015.05.14 06:07:32.507,0.81073,0.81083,1.10,3.45
2015.05.14 06:07:33.017,0.81073,0.81083,1.10,2.02
2015.05.14 06:07:33.526,0.81074,0.81083,1.10,2.02
2015.05.14 06:07:33.831,0.81075,0.81083,1.07,2.70
2015.05.14 06:07:34.135,0.81079,0.8109,1.00,5.47
2015.05.14 06:07:34.236,0.81079,0.81091,2.25,3.52
2015.05.14 06:07:34.727,0.81081,0.81092,1.00,3.52
2015.05.14 06:07:34.828,0.81081,0.81092,1.20,3.52
2015.05.14 06:07:38.512,0.81082,0.81093,1.50,2.77
2015.05.14 06:07:39.047,0.81082,0.81091,1.10,1.65
2015.05.14 06:07:39.098,0.81079,0.81085,1.72,1.87
2015.05.14 06:07:39.251,0.81078,0.81085,1.17,1.87
2015.05.14 06:07:39.302,0.81078,0.81087,1.07,1.10
2015.05.14 06:07:39.454,0.81076,0.81087,1.00,3.22
2015.05.14 06:07:39.656,0.81076,0.81087,1.15,1.72
2015.05.14 06:07:40.421,0.8108,0.8109,1.00,2.40
2015.05.14 06:07:40.608,0.81081,0.8109,1.00,1.80
2015.05.14 06:07:41.119,0.81081,0.81091,1.00,2.40
2015.05.14 06:07:45.566,0.81079,0.81088,1.17,1.50
2015.05.14 06:07:45.860,0.81074,0.81086,1.30,2.40
2015.05.14 06:07:46.386,0.81075,0.81084,1.00,1.20
2015.05.14 06:07:47.236,0.81074,0.81084,1.20,1.20
2015.05.14 06:07:48.158,0.81076,0.81086,1.00,1.25
2015.05.14 06:07:48.717,0.81076,0.81087,1.10,1.35
2015.05.14 06:07:49.791,0.81076,0.81087,1.47,1.35
2015.05.14 06:07:50.094,0.81083,0.81093,1.00,2.32
2015.05.14 06:07:50.297,0.81078,0.81092,1.72,2.32
2015.05.14 06:07:50.798,0.81079,0.81089,1.00,1.15
2015.05.14 06:07:52.757,0.81079,0.81089,1.00,1.22
2015.05.14 06:07:52.808,0.81077,0.81087,1.00,1.15
2015.05.14 06:07:52.859,0.81077,0.81087,1.00,3.07
2015.05.14 06:07:52.910,0.81075,0.81085,1.20,1.17
2015.05.14 06:07:53.112,0.81073,0.81083,1.65,1.10
2015.05.14 06:07:53.280,0.81074,0.81084,1.07,1.17
2015.05.14 06:07:53.382,0.81076,0.81088,1.65,1.35
2015.05.14 06:07:54.559,0.81077,0.81088,1.00,1.37
2015.05.14 06:07:54.711,0.81075,0.81085,1.20,1.20
2015.05.14 06:07:54.965,0.81073,0.81085,1.17,1.17
2015.05.14 06:07:57.445,0.81074,0.81083,1.07,1.17
2015.05.14 06:07:57.749,0.81074,0.81081,1.00,1.15
2015.05.14 06:07:57.800,0.81071,0.81081,1.10,1.15
2015.05.14 06:07:58.255,0.81071,0.81078,1.00,1.15
2015.05.14 06:07:58.661,0.81069,0.81077,1.12,1.15
2015.05.14 06:07:58.964,0.81069,0.81079,1.00,1.15
2015.05.14 06:07:59.467,0.81069,0.81078,1.00,1.17
2015.05.14 06:07:59.568,0.81069,0.81078,1.00,1.20
2015.05.14 06:08:00.477,0.81069,0.8108,1.57,1.17
2015.05.14 06:08:00.861,0.8107,0.81081,2.10,1.17
2015.05.14 06:08:02.986,0.81072,0.8108,1.00,2.32
2015.05.14 06:08:03.290,0.81071,0.81077,1.00,5.25
2015.05.14 06:08:03.645,0.81066,0.81072,1.00,1.00
2015.05.14 06:08:03.696,0.81066,0.81071,1.00,5.25
2015.05.14 06:08:03.848,0.81062,0.8107,1.87,4.50
2015.05.14 06:08:03.899,0.8106,0.81068,1.95,2.32
2015.05.14 06:08:04.001,0.81066,0.81076,1.00,4.27
2015.05.14 06:08:04.102,0.81063,0.81074,2.62,1.25
2015.05.14 06:08:04.153,0.81063,0.81071,1.10,3.00
2015.05.14 06:08:04.479,0.81064,0.8107,1.00,1.15
2015.05.14 06:08:04.819,0.81061,0.81069,1.00,2.32
2015.05.14 06:08:04.870,0.81063,0.81071,1.00,3.07
2015.05.14 06:08:04.972,0.81064,0.81072,1.00,1.15
2015.05.14 06:08:05.491,0.81065,0.81072,1.00,1.15
2015.05.14 06:08:07.297,0.81065,0.81072,1.00,1.15
2015.05.14 06:08:07.570,0.81064,0.81073,2.70,1.50
2015.05.14 06:08:07.620,0.81067,0.81073,1.00,1.50
2015.05.14 06:08:07.671,0.81067,0.81075,1.00,1.20
2015.05.14 06:08:07.823,0.81065,0.81077,1.27,1.25
2015.05.14 06:08:07.874,0.81062,0.81075,3.52,3.07
2015.05.14 06:08:08.177,0.81063,0.81074,1.55,1.15
2015.05.14 06:08:08.228,0.81062,0.81074,2.10,1.15
2015.05.14 06:08:08.869,0.81062,0.81073,1.65,1.17
2015.05.14 06:08:09.401,0.81062,0.81073,1.65,1.65
2015.05.14 06:08:11.374,0.81061,0.81071,1.65,1.07
2015.05.14 06:08:12.195,0.81061,0.8107,1.20,2.32
2015.05.14 06:08:12.297,0.81061,0.81071,1.20,1.15
2015.05.14 06:08:12.813,0.81061,0.81071,1.00,3.07
2015.05.14 06:08:13.317,0.81062,0.81071,1.00,3.07
2015.05.14 06:08:13.419,0.81062,0.81071,1.00,1.15
2015.05.14 06:08:13.684,0.81062,0.81071,1.00,3.07
2015.05.14 06:08:13.785,0.81062,0.81071,1.00,1.15
2015.05.14 06:08:13.987,0.8106,0.81071,1.20,5.25
2015.05.14 06:08:14.139,0.81059,0.81069,1.20,1.65
2015.05.14 06:08:14.291,0.81059,0.81067,1.00,1.15
2015.05.14 06:08:14.392,0.81054,0.81065,1.20,1.17
2015.05.14 06:08:14.494,0.81054,0.81064,1.00,1.15
2015.05.14 06:08:15.014,0.81055,0.81063,1.00,1.15
2015.05.14 06:08:15.568,0.81054,0.81063,1.00,1.17
2015.05.14 06:08:15.871,0.81056,0.81065,1.00,2.32
2015.05.14 06:08:15.922,0.81056,0.81067,1.10,2.85
2015.05.14 06:08:16.225,0.81057,0.81068,1.17,1.15
2015.05.14 06:08:16.929,0.81057,0.8107,2.47,2.77
2015.05.14 06:08:17.081,0.81057,0.81068,1.15,1.07
2015.05.14 06:08:17.233,0.81055,0.81067,2.32,3.45
2015.05.14 06:08:17.781,0.81055,0.81066,1.20,1.15
2015.05.14 06:08:18.818,0.81057,0.81066,1.00,1.20
2015.05.14 06:08:19.021,0.81057,0.81068,1.65,1.07
2015.05.14 06:08:19.172,0.81055,0.81068,1.27,2.77
2015.05.14 06:08:19.324,0.81054,0.81064,1.57,1.15
2015.05.14 06:08:19.631,0.81056,0.81066,1.00,1.25
2015.05.14 06:08:19.833,0.81054,0.81065,1.00,1.15
2015.05.14 06:08:20.379,0.81054,0.81065,1.17,1.15
2015.05.14 06:08:22.320,0.81056,0.81065,1.00,1.15
2015.05.14 06:08:23.449,0.81056,0.81066,1.10,1.10
2015.05.14 06:08:23.997,0.81055,0.81067,1.20,3.15
2015.05.14 06:08:25.121,0.81055,0.81067,1.17,1.65
2015.05.14 06:08:25.428,0.81057,0.81068,1.07,1.35
2015.05.14 06:08:25.962,0.81059,0.81069,1.57,1.17
2015.05.14 06:08:27.160,0.81059,0.81069,2.25,1.07
2015.05.14 06:08:29.510,0.81059,0.81069,2.77,1.20
2015.05.14 06:08:29.814,0.81059,0.81069,2.77,1.10
2015.05.14 06:08:30.095,0.8106,0.81071,1.15,1.50
2015.05.14 06:08:30.668,0.81062,0.81071,1.17,1.00
2015.05.14 06:08:30.972,0.81063,0.81076,1.15,1.65
2015.05.14 06:08:31.224,0.81069,0.81077,1.00,2.32
2015.05.14 06:08:31.275,0.81069,0.81079,1.10,1.27
2015.05.14 06:08:31.477,0.81065,0.81076,1.42,1.20
2015.05.14 06:08:31.528,0.81065,0.81076,1.35,1.17
2015.05.14 06:08:32.075,0.81063,0.81073,1.65,1.17
2015.05.14 06:08:32.379,0.81063,0.81074,1.17,1.10
2015.05.14 06:08:33.281,0.81063,0.81074,1.10,1.17
2015.05.14 06:08:33.383,0.81061,0.81074,4.95,1.07
2015.05.14 06:08:33.484,0.81062,0.81074,1.00,1.15
2015.05.14 06:08:33.736,0.81061,0.81071,3.52,1.10
2015.05.14 06:08:33.837,0.81061,0.81071,1.80,1.20
2015.05.14 06:08:34.190,0.81063,0.81073,1.00,1.17
2015.05.14 06:08:34.725,0.81062,0.81073,1.10,1.17
2015.05.14 06:08:35.632,0.81063,0.81073,1.00,1.17
2015.05.14 06:08:36.208,0.81063,0.81075,1.10,2.47
2015.05.14 06:08:36.309,0.81063,0.81076,1.20,1.35
2015.05.14 06:08:36.562,0.81065,0.81076,1.00,1.32
2015.05.14 06:08:37.132,0.81066,0.81076,1.00,1.35
2015.05.14 06:08:37.702,0.81065,0.81076,1.10,1.35
2015.05.14 06:08:38.040,0.81066,0.81077,1.65,1.30
2015.05.14 06:08:38.513,0.81068,0.81079,1.00,3.82
2015.05.14 06:08:39.064,0.81065,0.81078,1.27,1.30
2015.05.14 06:08:39.215,0.81064,0.81076,1.55,1.15
2015.05.14 06:08:39.729,0.81064,0.81077,2.02,1.35
2015.05.14 06:08:39.881,0.81066,0.8108,1.17,4.27
2015.05.14 06:08:40.450,0.81065,0.81079,2.02,1.32
2015.05.14 06:08:41.577,0.81065,0.81079,2.02,1.30
2015.05.14 06:08:41.882,0.81066,0.81079,1.15,1.25
2015.05.14 06:08:42.403,0.81067,0.81081,1.15,2.10
2015.05.14 06:08:42.705,0.8107,0.81085,1.15,1.35
2015.05.14 06:08:43.009,0.81076,0.81086,1.17,1.15
2015.05.14 06:08:43.059,0.81076,0.81087,1.17,2.47
2015.05.14 06:08:43.388,0.81075,0.81086,1.17,1.20
2015.05.14 06:08:43.489,0.81075,0.81087,1.15,1.57
2015.05.14 06:08:43.590,0.81074,0.81087,1.15,2.40
2015.05.14 06:08:43.873,0.81073,0.81084,3.15,1.07
2015.05.14 06:08:43.925,0.81072,0.81084,1.32,1.15
2015.05.14 06:08:44.438,0.81073,0.81084,1.17,1.10
2015.05.14 06:08:45.038,0.81073,0.81084,1.10,1.17
2015.05.14 06:08:46.196,0.81074,0.81084,1.00,1.17
2015.05.14 06:08:46.712,0.81075,0.81085,1.00,1.25
2015.05.14 06:08:47.686,0.81076,0.81087,1.50,5.40
2015.05.14 06:08:47.738,0.81076,0.81087,1.57,2.47
2015.05.14 06:08:47.789,0.81078,0.81088,1.00,2.10
2015.05.14 06:08:47.891,0.81078,0.81089,1.10,1.72
2015.05.14 06:08:48.144,0.81078,0.81089,1.15,1.50
2015.05.14 06:08:48.396,0.81078,0.8109,1.20,1.52
2015.05.14 06:08:49.911,0.81076,0.81087,2.77,1.07
2015.05.14 06:08:49.962,0.81076,0.81087,1.57,1.15
2015.05.14 06:08:50.113,0.81073,0.81083,1.27,1.07
2015.05.14 06:08:50.243,0.81072,0.81083,1.27,1.17
2015.05.14 06:08:50.346,0.81071,0.81082,1.27,3.00
2015.05.14 06:08:50.498,0.81071,0.81081,1.00,1.15
2015.05.14 06:08:50.852,0.81069,0.81079,1.20,1.07
2015.05.14 06:08:51.377,0.81069,0.81079,1.00,1.80
2015.05.14 06:08:55.710,0.81069,0.81079,1.00,1.80
2015.05.14 06:08:56.114,0.81069,0.81079,1.00,2.02
2015.05.14 06:08:56.621,0.81067,0.81077,1.00,1.62
2015.05.14 06:08:56.741,0.81065,0.81076,1.07,1.65
2015.05.14 06:08:56.843,0.81063,0.81074,1.65,1.52
2015.05.14 06:08:56.995,0.81063,0.8107,1.10,1.37
2015.05.14 06:08:57.147,0.8106,0.81069,1.15,1.12
2015.05.14 06:08:57.199,0.8106,0.81069,1.07,1.95
2015.05.14 06:08:57.351,0.81059,0.81069,1.00,2.02
2015.05.14 06:08:57.889,0.81059,0.81069,1.00,2.02
2015.05.14 06:08:58.293,0.81059,0.81066,1.00,1.00
2015.05.14 06:08:58.344,0.81054,0.81066,2.77,1.07
2015.05.14 06:08:58.596,0.81053,0.81064,1.27,1.07
2015.05.14 06:08:58.900,0.81052,0.81061,1.00,1.27
2015.05.14 06:08:58.950,0.81052,0.8106,1.00,1.10
2015.05.14 06:08:59.051,0.81052,0.8106,1.00,1.15
2015.05.14 06:08:59.573,0.8105,0.81059,1.12,1.27
2015.05.14 06:09:00.243,0.8105,0.81058,1.12,1.15
2015.05.14 06:09:00.344,0.8105,0.81058,1.12,1.15
2015.05.14 06:09:01.044,0.8105,0.81056,1.12,1.00
2015.05.14 06:09:01.297,0.81048,0.81056,1.12,1.00
2015.05.14 06:09:01.815,0.81046,0.81056,3.52,1.57
2015.05.14 06:09:02.232,0.81046,0.81056,2.62,1.52
2015.05.14 06:09:02.334,0.81042,0.81055,1.15,2.40
2015.05.14 06:09:02.385,0.81041,0.81052,6.07,1.00
2015.05.14 06:09:02.536,0.81041,0.81051,1.57,1.95
2015.05.14 06:09:03.055,0.81041,0.8105,1.65,1.20
2015.05.14 06:09:03.564,0.8104,0.8105,1.10,1.52
2015.05.14 06:09:04.937,0.8104,0.8105,1.10,1.65
2015.05.14 06:09:05.964,0.8104,0.8105,1.10,1.10
2015.05.14 06:09:06.271,0.8104,0.81051,1.00,3.97
2015.05.14 06:09:06.422,0.81041,0.81052,1.10,1.30
2015.05.14 06:09:06.927,0.81042,0.81052,1.00,1.72
2015.05.14 06:09:07.553,0.81042,0.81051,1.00,1.17
2015.05.14 06:09:08.067,0.81043,0.8105,1.00,1.15
2015.05.14 06:09:08.326,0.81043,0.81052,1.00,1.25
2015.05.14 06:09:09.047,0.81043,0.81053,1.00,1.15
2015.05.14 06:09:09.552,0.81044,0.81055,1.00,3.07
2015.05.14 06:09:09.603,0.81044,0.81055,1.00,1.15
2015.05.14 06:09:12.885,0.81043,0.81055,1.20,1.15
2015.05.14 06:09:14.540,0.81043,0.81055,2.77,1.15
2015.05.14 06:09:14.592,0.81043,0.81056,4.95,1.25
2015.05.14 06:09:14.646,0.81046,0.81056,1.17,1.27
2015.05.14 06:09:15.169,0.81044,0.81056,1.17,1.65
2015.05.14 06:09:17.098,0.81045,0.81057,1.07,1.80
2015.05.14 06:09:17.425,0.81045,0.81057,1.15,1.27
2015.05.14 06:09:18.039,0.81044,0.81055,2.32,1.00
2015.05.14 06:09:18.090,0.81043,0.81055,1.15,1.10
2015.05.14 06:09:18.444,0.81041,0.81054,1.17,1.72
2015.05.14 06:09:18.495,0.81041,0.81054,1.17,1.72
2015.05.14 06:09:19.003,0.81043,0.81054,1.00,1.72
2015.05.14 06:09:19.557,0.81042,0.81052,1.10,1.10
2015.05.14 06:09:25.919,0.81039,0.81051,1.72,1.07
2015.05.14 06:09:26.292,0.81039,0.81047,1.17,1.00
2015.05.14 06:09:26.596,0.81034,0.81044,1.12,1.65
2015.05.14 06:09:26.647,0.8103,0.81041,2.47,1.17
2015.05.14 06:09:27.152,0.8103,0.81043,1.72,1.15
2015.05.14 06:09:27.253,0.81032,0.81046,3.52,1.72
2015.05.14 06:09:27.455,0.81035,0.81048,1.35,1.25
2015.05.14 06:09:27.506,0.81035,0.81048,1.35,1.27
2015.05.14 06:09:27.557,0.81035,0.81049,1.35,1.22
2015.05.14 06:09:28.284,0.81036,0.81048,2.17,2.02
2015.05.14 06:09:28.334,0.81036,0.81048,1.72,2.02
2015.05.14 06:09:28.690,0.81035,0.81049,1.35,1.32
2015.05.14 06:09:28.842,0.81035,0.81048,1.25,4.95
2015.05.14 06:09:29.044,0.81033,0.81047,2.47,1.27
2015.05.14 06:09:29.195,0.81033,0.81043,2.77,1.87
2015.05.14 06:09:29.519,0.81034,0.81043,2.55,1.87
2015.05.14 06:09:29.838,0.81034,0.81046,6.14,1.87
2015.05.14 06:09:30.041,0.81035,0.81043,1.87,1.87
2015.05.14 06:09:30.636,0.81035,0.81045,2.37,1.87
2015.05.14 06:09:30.839,0.81035,0.81042,2.72,1.87
2015.05.14 06:09:31.041,0.81035,0.81046,1.22,1.87
2015.05.14 06:09:31.395,0.81035,0.81043,1.22,1.87
2015.05.14 06:09:31.909,0.81036,0.81043,1.25,1.87
2015.05.14 06:09:31.960,0.81036,0.81043,1.25,1.87
2015.05.14 06:09:32.498,0.81035,0.81043,1.35,1.87
2015.05.14 06:09:32.650,0.81034,0.81043,1.80,1.87
2015.05.14 06:09:32.852,0.81036,0.81043,1.17,1.87
2015.05.14 06:09:32.957,0.81033,0.81043,1.72,1.87
2015.05.14 06:09:33.493,0.81033,0.81043,1.27,1.87
2015.05.14 06:09:33.827,0.81033,0.81045,1.15,1.00
2015.05.14 06:09:34.468,0.81032,0.81045,1.42,1.17
2015.05.14 06:09:34.628,0.81034,0.81045,1.15,1.20
2015.05.14 06:09:34.748,0.81034,0.81045,1.17,1.15
2015.05.14 06:09:35.358,0.81032,0.81044,1.27,1.17
2015.05.14 06:09:36.260,0.81032,0.81043,1.15,1.00
2015.05.14 06:09:36.790,0.81032,0.81043,1.15,1.17
2015.05.14 06:09:37.048,0.8103,0.81042,1.25,1.17
2015.05.14 06:09:37.603,0.8103,0.81042,1.15,1.57
2015.05.14 06:09:38.121,0.8103,0.81041,1.15,1.00
2015.05.14 06:09:42.272,0.81028,0.81041,1.42,1.10
2015.05.14 06:09:42.423,0.81028,0.81038,1.32,1.00
2015.05.14 06:09:42.575,0.81027,0.81038,1.35,1.07
2015.05.14 06:09:42.676,0.81027,0.81041,3.52,1.27
2015.05.14 06:09:42.878,0.81028,0.81041,1.27,2.02
2015.05.14 06:09:43.409,0.81028,0.8104,1.25,1.10
2015.05.14 06:09:43.944,0.81028,0.81041,2.77,2.02
2015.05.14 06:09:45.517,0.81029,0.81041,2.02,1.27
2015.05.14 06:09:46.038,0.81029,0.81041,2.02,1.20
2015.05.14 06:09:46.982,0.81029,0.8104,2.02,1.00
2015.05.14 06:09:48.595,0.81029,0.81042,2.77,2.77
2015.05.14 06:09:49.134,0.81029,0.81042,3.15,2.70
2015.05.14 06:09:51.688,0.81033,0.81041,1.00,1.12
2015.05.14 06:10:01.491,0.81034,0.81042,1.17,1.87
2015.05.14 06:10:01.845,0.81034,0.81045,1.10,5.02
2015.05.14 06:10:02.359,0.81034,0.81045,1.10,2.02
2015.05.14 06:10:02.714,0.81034,0.81043,1.00,1.15
2015.05.14 06:10:04.499,0.81034,0.81043,1.00,2.40
2015.05.14 06:10:05.002,0.81034,0.81043,1.00,2.40
2015.05.14 06:10:08.421,0.81034,0.81042,1.00,1.65
2015.05.14 06:10:09.060,0.81034,0.81042,1.00,1.57
2015.05.14 06:10:09.618,0.81034,0.81042,1.00,1.65
2015.05.14 06:10:10.127,0.81034,0.81042,1.00,2.40
2015.05.14 06:10:11.198,0.81034,0.81042,1.00,1.25
2015.05.14 06:10:11.528,0.81034,0.81042,1.00,1.20
2015.05.14 06:10:12.358,0.81036,0.81043,1.87,1.35
2015.05.14 06:10:12.712,0.81034,0.81042,2.40,1.00
2015.05.14 06:10:12.864,0.81036,0.81044,1.87,1.00
2015.05.14 06:10:13.386,0.81042,0.81047,1.50,1.27
2015.05.14 06:10:13.942,0.81042,0.81048,1.50,4.20
2015.05.14 06:10:14.478,0.81041,0.81048,1.87,4.20
2015.05.14 06:10:15.037,0.81041,0.81048,1.87,2.02
2015.05.14 06:10:15.619,0.81041,0.81048,1.87,1.17
2015.05.14 06:10:15.720,0.81041,0.81048,1.87,1.15
2015.05.14 06:10:15.922,0.81041,0.81048,1.87,1.17
2015.05.14 06:10:16.660,0.81041,0.81049,3.37,1.00
2015.05.14 06:10:16.761,0.81041,0.81052,3.60,1.10
2015.05.14 06:10:17.014,0.81044,0.81052,1.45,1.10
2015.05.14 06:10:17.267,0.81047,0.81055,1.95,1.00
2015.05.14 06:10:17.368,0.81052,0.81056,1.87,1.65
2015.05.14 06:10:17.571,0.81052,0.81061,1.95,4.20
2015.05.14 06:10:17.837,0.81052,0.81062,2.02,2.02
2015.05.14 06:10:18.355,0.81052,0.81062,1.95,2.02
2015.05.14 06:10:18.457,0.81052,0.81062,1.95,2.02
2015.05.14 06:10:21.092,0.81052,0.81063,1.95,2.02
2015.05.14 06:10:22.306,0.81057,0.81063,1.87,2.40
2015.05.14 06:10:23.260,0.81055,0.81063,1.87,3.82
2015.05.14 06:10:23.860,0.81054,0.81063,1.87,1.65
2015.05.14 06:10:24.053,0.81052,0.81063,2.02,1.17
2015.05.14 06:10:24.154,0.81052,0.81063,2.02,1.10
2015.05.14 06:10:24.205,0.81052,0.81063,2.02,1.00
2015.05.14 06:10:24.711,0.81052,0.81063,1.87,1.15
2015.05.14 06:10:27.008,0.81052,0.81061,1.87,1.27
2015.05.14 06:10:27.519,0.81052,0.81061,1.87,1.25
2015.05.14 06:10:27.860,0.81054,0.81062,1.87,1.72
2015.05.14 06:10:28.172,0.81055,0.8106,1.87,1.17
2015.05.14 06:10:28.497,0.81054,0.8106,1.87,1.55
2015.05.14 06:10:34.106,0.81051,0.8106,1.27,1.37
2015.05.14 06:10:37.291,0.81051,0.81061,1.27,1.37
2015.05.14 06:10:37.818,0.81053,0.81063,1.20,2.02
2015.05.14 06:10:38.137,0.81053,0.81063,1.20,2.02
2015.05.14 06:10:38.494,0.81053,0.81063,1.57,1.47
2015.05.14 06:10:38.595,0.81053,0.81063,1.65,1.47
2015.05.14 06:10:38.945,0.81056,0.81063,1.00,1.12
2015.05.14 06:10:38.996,0.81056,0.81066,1.00,1.72
2015.05.14 06:10:39.047,0.81057,0.81066,1.07,1.65
2015.05.14 06:10:39.599,0.81057,0.81066,1.10,1.37
2015.05.14 06:10:40.497,0.81056,0.81066,1.20,1.57
2015.05.14 06:10:41.729,0.81056,0.81066,1.07,1.45
2015.05.14 06:10:42.250,0.81056,0.81066,1.00,1.55
2015.05.14 06:10:42.863,0.81056,0.81066,1.17,1.47
2015.05.14 06:10:43.406,0.81056,0.81066,1.15,1.37
2015.05.14 06:10:43.958,0.81056,0.81066,1.00,1.55
2015.05.14 06:10:44.516,0.81055,0.81066,1.72,1.55
2015.05.14 06:10:44.861,0.81055,0.81066,1.80,1.55
2015.05.14 06:10:44.962,0.81055,0.81066,1.80,1.52
2015.05.14 06:10:45.328,0.81056,0.81066,2.70,1.45
2015.05.14 06:10:46.335,0.81057,0.81067,1.27,1.57
2015.05.14 06:10:46.867,0.81057,0.81067,1.17,1.37
2015.05.14 06:10:47.378,0.81057,0.81067,1.00,1.52
2015.05.14 06:10:47.480,0.81055,0.81067,1.30,1.52
2015.05.14 06:10:48.319,0.81055,0.81067,1.30,1.52
2015.05.14 06:10:50.149,0.81055,0.81067,1.35,1.47
2015.05.14 06:10:50.351,0.81055,0.81067,1.37,1.55
2015.05.14 06:10:50.666,0.81056,0.81067,1.17,1.10
2015.05.14 06:10:51.222,0.81056,0.81067,1.20,1.15
2015.05.14 06:10:51.774,0.81056,0.81067,1.17,1.15
2015.05.14 06:10:52.064,0.81056,0.81067,1.65,1.00
2015.05.14 06:10:52.468,0.81058,0.8107,1.65,2.17
2015.05.14 06:10:52.974,0.8106,0.81069,1.00,1.35
2015.05.14 06:10:55.101,0.8106,0.81069,1.00,1.42
2015.05.14 06:10:55.801,0.8106,0.81069,1.00,1.20
2015.05.14 06:10:55.974,0.8106,0.81069,1.00,1.27
2015.05.14 06:10:56.176,0.8106,0.81071,1.00,3.30
2015.05.14 06:10:56.688,0.81061,0.81071,1.00,2.47
2015.05.14 06:10:57.434,0.81061,0.81071,1.00,2.47
2015.05.14 06:10:58.266,0.81061,0.8107,1.00,1.27
2015.05.14 06:10:58.979,0.81061,0.8107,1.00,1.27
2015.05.14 06:11:00.027,0.81061,0.81069,1.00,1.00
2015.05.14 06:11:00.078,0.81058,0.81069,1.72,1.10
2015.05.14 06:11:00.129,0.81057,0.81067,1.22,1.00
2015.05.14 06:11:00.433,0.81057,0.81067,1.10,1.17
2015.05.14 06:11:00.991,0.81057,0.81067,1.17,1.17
2015.05.14 06:11:01.540,0.81057,0.81067,1.10,1.17
2015.05.14 06:11:01.693,0.81057,0.81067,1.10,1.10
2015.05.14 06:11:02.093,0.81057,0.81067,1.10,1.17
2015.05.14 06:11:03.095,0.81057,0.81067,1.07,1.07
2015.05.14 06:11:04.398,0.81058,0.81068,1.20,1.27
2015.05.14 06:11:04.991,0.81059,0.81068,1.00,1.27
2015.05.14 06:11:05.507,0.81059,0.81071,1.17,2.17
2015.05.14 06:11:07.300,0.81059,0.81072,1.10,2.77
2015.05.14 06:11:07.402,0.81059,0.81071,1.10,2.85
2015.05.14 06:11:07.503,0.81059,0.81072,1.10,2.77
2015.05.14 06:11:07.707,0.81061,0.81072,1.00,2.77
2015.05.14 06:11:08.567,0.81061,0.8107,1.00,2.70
2015.05.14 06:11:08.618,0.81059,0.81069,1.10,4.20
2015.05.14 06:11:08.721,0.81056,0.81066,1.00,1.17
2015.05.14 06:11:09.246,0.81057,0.81066,1.65,1.00
2015.05.14 06:11:09.298,0.81059,0.81068,1.17,2.62
2015.05.14 06:11:09.808,0.81061,0.81068,1.00,1.87
2015.05.14 06:11:10.313,0.81061,0.81068,1.00,1.50
2015.05.14 06:11:11.613,0.81061,0.8107,1.00,1.27
2015.05.14 06:11:12.012,0.81062,0.81071,1.07,1.95
2015.05.14 06:11:12.217,0.81063,0.81072,1.17,1.12
2015.05.14 06:11:12.777,0.81063,0.81073,1.17,1.10
2015.05.14 06:11:13.282,0.81063,0.81074,1.15,1.12
2015.05.14 06:11:13.831,0.81065,0.81075,1.65,1.00
2015.05.14 06:11:14.085,0.8107,0.81083,1.22,1.07
2015.05.14 06:11:14.661,0.81071,0.81084,1.25,1.65
2015.05.14 06:11:14.828,0.81071,0.81084,1.72,1.65
2015.05.14 06:11:15.448,0.81072,0.81086,1.65,2.92
2015.05.14 06:11:15.802,0.81075,0.81086,1.17,1.57
2015.05.14 06:11:16.348,0.81077,0.81086,1.00,1.17
2015.05.14 06:11:17.876,0.81075,0.81086,1.10,1.17
2015.05.14 06:11:18.378,0.81075,0.81086,1.20,1.15
2015.05.14 06:11:18.961,0.81075,0.81086,1.17,1.15
2015.05.14 06:11:20.002,0.81077,0.81086,1.07,1.07
2015.05.14 06:11:20.054,0.81078,0.81088,1.20,2.02
2015.05.14 06:11:20.308,0.81078,0.81089,1.80,1.07
2015.05.14 06:11:20.662,0.81076,0.81087,2.02,1.17
2015.05.14 06:11:21.278,0.81079,0.81088,1.05,1.00
2015.05.14 06:11:21.800,0.81079,0.81088,1.37,1.00
2015.05.14 06:11:22.305,0.8108,0.81088,1.25,1.00
2015.05.14 06:11:22.703,0.81081,0.8109,1.20,1.12
2015.05.14 06:11:22.977,0.81084,0.8109,1.00,1.12
2015.05.14 06:11:26.238,0.81084,0.81092,1.00,1.20
2015.05.14 06:11:27.144,0.81083,0.81093,1.10,1.95
2015.05.14 06:11:27.296,0.81083,0.81093,1.15,1.87
2015.05.14 06:11:27.819,0.81084,0.81095,1.17,1.47
2015.05.14 06:11:28.351,0.81084,0.81095,1.10,1.55
2015.05.14 06:11:29.199,0.81084,0.81095,1.07,1.52
2015.05.14 06:11:29.707,0.81084,0.81095,1.00,1.52
2015.05.14 06:11:30.248,0.81084,0.81092,1.00,1.00
2015.05.14 06:11:33.036,0.81083,0.81094,1.17,1.20
2015.05.14 06:11:33.550,0.81083,0.81094,1.10,1.55
2015.05.14 06:11:34.057,0.81084,0.81094,1.00,1.52
2015.05.14 06:11:34.601,0.81083,0.81092,1.00,1.20
2015.05.14 06:11:34.816,0.81083,0.81089,1.00,1.07
2015.05.14 06:11:34.967,0.81077,0.81088,1.65,1.00
2015.05.14 06:11:35.018,0.81076,0.81088,2.40,1.07
2015.05.14 06:11:35.170,0.81078,0.81087,1.35,1.10
2015.05.14 06:11:35.220,0.81081,0.81087,1.00,1.00
2015.05.14 06:11:35.271,0.81081,0.81089,1.00,1.00
2015.05.14 06:11:35.323,0.81081,0.81089,1.07,1.00
2015.05.14 06:11:35.513,0.81082,0.81091,1.10,1.12
2015.05.14 06:11:36.028,0.81082,0.81091,1.07,1.10
2015.05.14 06:11:36.547,0.81082,0.81091,1.00,1.10
2015.05.14 06:11:37.356,0.81082,0.81091,1.00,5.25
2015.05.14 06:11:37.407,0.81079,0.81091,1.07,8.25
2015.05.14 06:11:37.458,0.81077,0.81088,1.57,3.30
2015.05.14 06:11:37.509,0.81076,0.81088,1.57,4.20
2015.05.14 06:11:37.714,0.81079,0.81088,1.00,1.10
2015.05.14 06:11:37.866,0.81079,0.81089,1.10,1.17
2015.05.14 06:11:38.068,0.81081,0.81089,1.10,1.10
2015.05.14 06:11:39.064,0.8108,0.81091,1.07,1.55
2015.05.14 06:11:39.596,0.81081,0.81091,1.15,1.20
2015.05.14 06:11:39.777,0.81079,0.81091,1.72,1.95
2015.05.14 06:11:39.828,0.81079,0.81091,1.65,4.87
2015.05.14 06:11:39.930,0.81077,0.81089,1.07,1.65
2015.05.14 06:11:39.981,0.81076,0.81087,1.20,1.27
2015.05.14 06:11:40.032,0.81076,0.81087,1.47,1.27
2015.05.14 06:11:40.311,0.81079,0.8109,1.57,2.02
2015.05.14 06:11:40.834,0.81079,0.8109,1.80,1.27
2015.05.14 06:11:41.336,0.81079,0.81091,1.80,1.27
2015.05.14 06:11:41.662,0.81081,0.81093,1.17,2.02
2015.05.14 06:11:42.166,0.81082,0.81093,1.00,1.52
2015.05.14 06:11:42.495,0.81076,0.81089,1.12,4.95
2015.05.14 06:11:42.748,0.81078,0.81088,1.00,1.15
2015.05.14 06:11:45.578,0.81079,0.81091,1.95,3.45
2015.05.14 06:11:45.629,0.81079,0.81091,2.02,1.52
2015.05.14 06:11:45.680,0.81081,0.81092,1.00,2.77
2015.05.14 06:11:45.832,0.81081,0.81092,1.10,2.02
2015.05.14 06:11:46.851,0.81081,0.81092,1.00,1.27
2015.05.14 06:11:47.252,0.81081,0.81092,1.07,1.20
2015.05.14 06:11:48.326,0.81084,0.81092,1.00,1.00
2015.05.14 06:11:53.617,0.81084,0.81094,1.00,1.27
2015.05.14 06:11:54.168,0.81084,0.81094,1.07,1.27
2015.05.14 06:11:54.886,0.81085,0.81094,1.00,1.20
2015.05.14 06:11:55.475,0.81083,0.81094,1.07,1.27
2015.05.14 06:11:56.972,0.81084,0.81094,2.70,1.27
2015.05.14 06:11:57.212,0.81084,0.81094,2.70,1.20
2015.05.14 06:12:00.623,0.81084,0.81092,2.62,2.25
2015.05.14 06:12:00.724,0.81084,0.81094,1.87,1.15
2015.05.14 06:12:00.927,0.81081,0.81091,1.07,2.32
2015.05.14 06:12:01.129,0.8108,0.8109,1.00,1.65
2015.05.14 06:12:01.230,0.81078,0.81089,1.00,1.27
2015.05.14 06:12:01.793,0.81077,0.81087,1.00,1.15
2015.05.14 06:12:02.590,0.81077,0.81087,1.07,1.15
2015.05.14 06:12:03.243,0.81077,0.81088,1.15,1.20
2015.05.14 06:12:03.755,0.81079,0.8109,1.10,3.15
2015.05.14 06:12:04.058,0.81076,0.81082,1.80,1.87
2015.05.14 06:12:04.109,0.81075,0.81081,1.35,1.87
2015.05.14 06:12:04.262,0.81075,0.81081,1.20,1.87
2015.05.14 06:12:04.413,0.81076,0.81087,1.10,1.15
2015.05.14 06:12:04.565,0.81078,0.81088,1.00,2.77
2015.05.14 06:12:06.806,0.81077,0.81082,1.10,1.87
2015.05.14 06:12:06.857,0.81075,0.81082,1.00,1.87
2015.05.14 06:12:07.595,0.81073,0.81082,1.30,1.87
2015.05.14 06:12:07.797,0.81073,0.8108,1.10,1.87
2015.05.14 06:12:08.000,0.81073,0.81083,1.10,1.72
2015.05.14 06:12:08.253,0.81069,0.8108,1.17,1.17
2015.05.14 06:12:08.355,0.81068,0.81079,1.10,1.55
2015.05.14 06:12:08.456,0.81065,0.81078,1.22,1.27
2015.05.14 06:12:08.557,0.81064,0.81076,1.27,1.27
2015.05.14 06:12:08.762,0.81061,0.81074,3.97,1.17
2015.05.14 06:12:10.437,0.81066,0.81076,1.00,1.27
2015.05.14 06:12:10.588,0.81068,0.81077,1.00,2.02
2015.05.14 06:12:10.941,0.81068,0.81077,1.00,1.27
2015.05.14 06:12:15.970,0.81068,0.81077,1.00,1.10
2015.05.14 06:12:19.286,0.81069,0.81078,1.00,1.27
2015.05.14 06:12:19.488,0.81069,0.8108,1.65,1.20
2015.05.14 06:12:20.002,0.81071,0.81082,1.72,2.40
2015.05.14 06:12:20.622,0.81072,0.81082,1.00,2.40
2015.05.14 06:12:21.125,0.81071,0.81082,1.72,2.02
2015.05.14 06:12:26.038,0.81071,0.81082,1.65,2.40
2015.05.14 06:12:26.893,0.81074,0.81082,1.20,2.25
2015.05.14 06:12:30.569,0.81074,0.81082,1.10,1.95
2015.05.14 06:12:32.956,0.81075,0.81082,1.00,1.95
2015.05.14 06:12:33.361,0.81077,0.81086,1.00,4.20
2015.05.14 06:12:33.513,0.81077,0.81086,1.00,2.02
2015.05.14 06:12:33.563,0.81079,0.81088,1.00,3.45
2015.05.14 06:12:33.614,0.81079,0.81088,1.00,1.47
2015.05.14 06:12:34.019,0.8108,0.81088,1.07,1.00
2015.05.14 06:12:34.539,0.8108,0.81088,1.10,1.10
2015.05.14 06:12:35.064,0.81079,0.81088,1.10,1.17
2015.05.14 06:12:35.422,0.81074,0.81086,1.27,1.65
2015.05.14 06:12:35.523,0.81074,0.81086,1.00,2.77
2015.05.14 06:12:36.067,0.81073,0.81084,1.20,1.72
2015.05.14 06:12:36.582,0.81072,0.81084,1.15,1.30
2015.05.14 06:12:36.920,0.81073,0.81086,1.15,1.72
2015.05.14 06:12:37.436,0.81077,0.81087,1.00,2.17
2015.05.14 06:12:39.038,0.81077,0.81084,1.00,1.00
2015.05.14 06:12:39.089,0.81075,0.81084,1.20,1.00
2015.05.14 06:12:39.602,0.81074,0.81087,1.15,2.17
2015.05.14 06:12:39.768,0.81077,0.81087,1.00,2.92
2015.05.14 06:12:39.818,0.81074,0.81087,1.65,2.17
2015.05.14 06:12:40.319,0.81074,0.81084,2.40,1.00
2015.05.14 06:12:40.837,0.81075,0.81085,1.00,1.15
2015.05.14 06:12:41.857,0.81074,0.81083,1.00,1.17
2015.05.14 06:12:42.383,0.81074,0.81083,1.00,1.10
2015.05.14 06:12:42.434,0.81074,0.81083,1.00,1.17
2015.05.14 06:12:42.638,0.81074,0.81083,1.00,1.20
2015.05.14 06:12:43.749,0.81074,0.81083,1.00,1.17
2015.05.14 06:12:44.361,0.81074,0.81083,1.00,1.15
2015.05.14 06:12:45.648,0.81074,0.81084,1.00,2.40
2015.05.14 06:12:45.951,0.81076,0.81084,1.00,1.17
2015.05.14 06:12:47.124,0.81077,0.81084,1.00,1.15
2015.05.14 06:12:47.226,0.81077,0.81087,1.00,1.27
2015.05.14 06:12:48.639,0.81077,0.81087,1.10,2.02
2015.05.14 06:12:49.145,0.81079,0.81089,1.00,1.72
2015.05.14 06:12:49.347,0.81076,0.81087,1.25,1.27
2015.05.14 06:12:49.599,0.81079,0.81089,1.00,1.62
2015.05.14 06:12:49.852,0.81077,0.81086,1.20,1.00
2015.05.14 06:12:50.360,0.81078,0.81089,1.00,1.72
2015.05.14 06:12:51.395,0.81077,0.81087,1.20,1.20
2015.05.14 06:12:54.769,0.81077,0.81087,1.00,1.15
2015.05.14 06:12:54.921,0.81074,0.81086,1.20,1.15
2015.05.14 06:12:55.370,0.81074,0.81085,1.65,1.27
2015.05.14 06:13:05.896,0.81071,0.81083,1.15,1.15
2015.05.14 06:13:05.997,0.81071,0.81083,1.15,1.07
2015.05.14 06:13:06.305,0.81071,0.81083,1.17,1.17
2015.05.14 06:13:06.685,0.81071,0.81083,1.15,1.07
2015.05.14 06:13:07.168,0.81071,0.81083,1.17,1.37
2015.05.14 06:13:08.753,0.8107,0.81084,2.40,1.80
2015.05.14 06:13:09.256,0.8107,0.81084,2.40,1.80
2015.05.14 06:13:09.307,0.8107,0.81084,4.57,1.80
2015.05.14 06:13:10.384,0.81071,0.81084,1.15,1.35
2015.05.14 06:13:10.697,0.81075,0.81085,1.65,1.47
2015.05.14 06:13:11.000,0.81081,0.81086,1.00,1.87
2015.05.14 06:13:11.152,0.81081,0.81088,1.00,2.02
2015.05.14 06:13:13.038,0.81077,0.81088,1.65,1.87
2015.05.14 06:13:13.190,0.81075,0.81087,1.17,3.90
2015.05.14 06:13:13.695,0.81078,0.81087,1.10,3.52
2015.05.14 06:13:17.100,0.81076,0.81087,1.17,2.77
2015.05.14 06:13:17.638,0.81077,0.81087,1.10,2.92
2015.05.14 06:13:17.739,0.81075,0.81087,1.20,3.67
2015.05.14 06:13:17.891,0.81076,0.81087,1.07,1.80
2015.05.14 06:13:17.942,0.81077,0.81087,1.10,1.30
2015.05.14 06:13:17.993,0.81079,0.81089,1.07,1.65
2015.05.14 06:13:18.295,0.81077,0.81086,1.15,1.87
2015.05.14 06:13:18.800,0.8108,0.81087,1.00,2.02
2015.05.14 06:13:19.333,0.8108,0.81088,1.00,1.95
2015.05.14 06:13:20.526,0.8108,0.81088,1.65,1.87
2015.05.14 06:13:24.999,0.81082,0.81088,1.17,1.87
2015.05.14 06:13:27.534,0.81082,0.81088,1.10,1.87
2015.05.14 06:13:27.638,0.81082,0.8109,1.10,1.95
2015.05.14 06:13:31.929,0.81082,0.8109,1.07,1.87
2015.05.14 06:13:33.240,0.81082,0.8109,1.00,1.87
2015.05.14 06:13:36.334,0.8108,0.81087,1.65,1.87
2015.05.14 06:13:36.435,0.81076,0.81086,1.27,1.47
2015.05.14 06:13:36.637,0.81075,0.81085,1.07,1.25
2015.05.14 06:13:36.738,0.81075,0.81086,1.00,1.22
2015.05.14 06:13:36.940,0.81077,0.81088,1.10,2.10
2015.05.14 06:13:37.554,0.81077,0.81087,1.17,1.35
2015.05.14 06:13:40.065,0.81075,0.81087,1.57,2.85
2015.05.14 06:13:40.167,0.81074,0.81086,1.17,1.65
2015.05.14 06:13:40.319,0.81073,0.81082,2.85,1.87
2015.05.14 06:13:40.521,0.81072,0.81082,1.20,2.02
2015.05.14 06:13:40.723,0.81073,0.81082,1.17,1.87
2015.05.14 06:13:41.063,0.81073,0.81083,1.17,1.12
2015.05.14 06:13:42.170,0.81075,0.81085,1.10,1.17
2015.05.14 06:13:42.373,0.81076,0.81086,1.20,1.20
2015.05.14 06:13:42.474,0.81076,0.81086,1.17,1.20
2015.05.14 06:13:44.065,0.81075,0.81086,1.15,1.30
2015.05.14 06:13:44.583,0.81074,0.81085,1.65,1.27
2015.05.14 06:13:45.106,0.81075,0.81085,1.17,1.27
2015.05.14 06:13:45.258,0.81077,0.81088,1.17,1.27
2015.05.14 06:13:45.762,0.81078,0.8109,1.15,4.05
2015.05.14 06:13:47.438,0.81079,0.8109,2.40,3.52
2015.05.14 06:13:48.001,0.81079,0.8109,2.40,3.07
2015.05.14 06:13:48.484,0.81081,0.8109,1.17,2.70
2015.05.14 06:13:54.896,0.81082,0.81091,1.07,3.15
2015.05.14 06:13:58.634,0.81082,0.8109,1.57,1.87
2015.05.14 06:14:03.096,0.81082,0.8109,1.15,1.87
2015.05.14 06:14:03.632,0.81082,0.81091,1.15,2.70
2015.05.14 06:14:04.666,0.81082,0.81091,1.15,2.62
2015.05.14 06:14:05.188,0.81082,0.81089,1.15,1.87
2015.05.14 06:14:11.835,0.81081,0.81091,2.02,1.87
2015.05.14 06:14:14.407,0.81082,0.81092,1.27,2.77
2015.05.14 06:14:19.664,0.81082,0.81093,2.02,1.57
2015.05.14 06:14:20.534,0.81082,0.81093,1.95,2.10
2015.05.14 06:14:21.057,0.8108,0.81091,2.02,1.00
2015.05.14 06:14:21.443,0.81082,0.81091,1.27,1.00
2015.05.14 06:14:22.424,0.81083,0.81092,1.15,1.00
2015.05.14 06:14:23.361,0.81084,0.81093,1.07,1.10
2015.05.14 06:14:23.412,0.81084,0.81093,1.10,1.10
2015.05.14 06:14:24.556,0.81084,0.81093,1.17,1.10
2015.05.14 06:14:29.043,0.81084,0.81093,1.15,1.10
2015.05.14 06:14:33.313,0.81085,0.81094,1.17,1.57
2015.05.14 06:14:36.775,0.81085,0.81094,1.10,1.65
2015.05.14 06:14:41.437,0.81085,0.81095,1.20,1.10
2015.05.14 06:14:41.488,0.81086,0.81095,1.15,1.00
2015.05.14 06:14:41.791,0.81093,0.81097,1.00,1.00
2015.05.14 06:14:42.144,0.81092,0.81101,1.10,1.00
2015.05.14 06:14:43.089,0.81092,0.81101,1.20,1.07
2015.05.14 06:14:43.190,0.81093,0.81102,1.17,1.00
2015.05.14 06:14:46.658,0.81096,0.81103,1.00,1.00
2015.05.14 06:14:46.862,0.81096,0.81106,1.17,1.57
2015.05.14 06:14:46.963,0.81095,0.81106,1.20,1.65
2015.05.14 06:14:47.014,0.81096,0.81106,1.15,1.00
2015.05.14 06:14:47.417,0.81095,0.81106,1.27,1.65
2015.05.14 06:14:47.985,0.81095,0.81106,1.10,1.65
2015.05.14 06:14:48.298,0.81095,0.81106,1.65,1.57
2015.05.14 06:14:48.601,0.81101,0.8111,1.10,1.87
2015.05.14 06:14:49.149,0.81102,0.81111,1.00,2.02
2015.05.14 06:14:49.356,0.81102,0.81111,1.00,1.65
2015.05.14 06:14:49.862,0.81101,0.81111,1.07,1.57
2015.05.14 06:14:50.831,0.81101,0.81111,1.00,1.65
2015.05.14 06:14:51.081,0.81102,0.81108,1.00,1.00
2015.05.14 06:14:51.132,0.81099,0.81108,1.57,1.15
2015.05.14 06:14:51.233,0.81099,0.81106,1.00,1.15
2015.05.14 06:14:51.334,0.81099,0.81106,1.20,1.10
2015.05.14 06:14:51.435,0.81101,0.81107,1.00,1.10
2015.05.14 06:14:51.537,0.81101,0.8111,1.20,1.00
2015.05.14 06:14:51.840,0.81102,0.81112,1.07,1.20
2015.05.14 06:14:52.385,0.81102,0.8111,1.10,1.00
2015.05.14 06:14:53.259,0.81102,0.8111,1.15,1.00
2015.05.14 06:14:53.785,0.81102,0.81113,1.17,1.10
2015.05.14 06:14:54.289,0.81104,0.81115,1.20,2.77
2015.05.14 06:14:56.036,0.81102,0.81113,3.52,1.00
2015.05.14 06:14:56.586,0.81103,0.81114,1.10,1.55
2015.05.14 06:14:57.121,0.81103,0.81114,1.17,1.47
2015.05.14 06:14:58.040,0.81103,0.81114,1.17,1.20
2015.05.14 06:15:00.897,0.81103,0.81114,1.20,1.27
2015.05.14 06:15:02.187,0.81103,0.81114,1.27,1.07
2015.05.14 06:15:02.289,0.81103,0.81114,1.30,1.15
2015.05.14 06:15:02.883,0.81103,0.81113,1.15,1.12
2015.05.14 06:15:03.460,0.81103,0.81113,1.15,1.37
2015.05.14 06:15:04.173,0.81101,0.81111,1.15,1.00
2015.05.14 06:15:04.375,0.81101,0.81109,2.32,1.00
2015.05.14 06:15:04.477,0.81097,0.81106,1.52,1.10
2015.05.14 06:15:04.578,0.81096,0.81106,1.20,1.07
2015.05.14 06:15:07.318,0.81096,0.81105,1.07,1.47
2015.05.14 06:15:08.299,0.81096,0.81105,1.07,1.47
2015.05.14 06:15:08.822,0.81096,0.81105,1.07,1.20
2015.05.14 06:15:09.125,0.81094,0.81105,1.27,1.45
2015.05.14 06:15:09.598,0.81091,0.81101,4.95,1.37
2015.05.14 06:15:09.800,0.81087,0.81098,1.12,2.77
2015.05.14 06:15:09.851,0.81085,0.81096,1.65,1.47
2015.05.14 06:15:10.104,0.81085,0.81095,1.17,1.47
2015.05.14 06:15:10.205,0.81085,0.81095,1.10,1.47
2015.05.14 06:15:10.511,0.81085,0.81095,1.10,1.20
2015.05.14 06:15:10.612,0.81085,0.81095,1.17,1.20
2015.05.14 06:15:11.167,0.81088,0.81097,1.00,1.55
2015.05.14 06:15:11.672,0.81087,0.81096,1.00,1.95
2015.05.14 06:15:11.976,0.81087,0.81096,1.20,1.87
2015.05.14 06:15:12.128,0.81085,0.81096,1.30,2.02
2015.05.14 06:15:12.674,0.81087,0.81095,1.00,1.52
2015.05.14 06:15:12.729,0.81087,0.81097,1.20,2.10
2015.05.14 06:15:13.667,0.8109,0.81099,1.00,2.02
2015.05.14 06:15:14.454,0.81086,0.81097,1.17,1.95
2015.05.14 06:15:14.505,0.81086,0.81097,1.07,2.02
2015.05.14 06:15:14.657,0.81084,0.81097,1.20,2.17
2015.05.14 06:15:14.759,0.81084,0.81097,1.15,3.67
2015.05.14 06:15:15.012,0.81085,0.81096,1.17,1.55
2015.05.14 06:15:15.104,0.81088,0.81098,1.07,2.02
2015.05.14 06:15:15.206,0.81092,0.81099,1.00,1.10
2015.05.14 06:15:15.358,0.81089,0.81102,2.02,1.35
2015.05.14 06:15:15.610,0.81091,0.81105,1.27,2.02
2015.05.14 06:15:16.154,0.81094,0.81106,1.17,2.92
2015.05.14 06:15:16.762,0.81094,0.81106,1.10,2.02
2015.05.14 06:15:18.426,0.81094,0.81106,1.10,2.02
2015.05.14 06:15:18.944,0.81094,0.81106,1.10,2.02
2015.05.14 06:15:20.307,0.81094,0.81106,1.10,2.02
2015.05.14 06:15:20.559,0.81098,0.81107,1.00,1.65
2015.05.14 06:15:21.220,0.81096,0.81108,1.07,2.77
2015.05.14 06:15:22.648,0.81096,0.81107,1.27,1.45
2015.05.14 06:15:22.951,0.81099,0.81108,1.00,2.02
2015.05.14 06:15:23.587,0.81098,0.81108,1.10,1.55
2015.05.14 06:15:23.688,0.81099,0.8111,1.20,2.17
2015.05.14 06:15:25.015,0.81099,0.8111,1.10,2.10
2015.05.14 06:15:26.315,0.81099,0.81109,1.00,1.55
2015.05.14 06:15:28.653,0.81099,0.81109,1.00,1.55
2015.05.14 06:15:28.805,0.81099,0.81109,1.00,1.55
2015.05.14 06:15:29.719,0.81097,0.81108,1.00,1.55
2015.05.14 06:15:30.632,0.81097,0.81108,1.00,2.17
2015.05.14 06:15:31.669,0.81097,0.81106,1.00,1.52
2015.05.14 06:15:32.561,0.81098,0.81107,1.00,2.10
2015.05.14 06:15:33.267,0.81098,0.81107,1.00,1.52
2015.05.14 06:15:33.774,0.81097,0.81106,1.10,1.20
2015.05.14 06:15:34.084,0.811,0.81109,1.00,4.27
2015.05.14 06:15:34.185,0.811,0.81109,1.00,1.65
2015.05.14 06:15:34.760,0.811,0.81109,1.00,1.52
2015.05.14 06:15:35.814,0.81098,0.81109,1.20,2.02
2015.05.14 06:15:36.433,0.81099,0.8111,1.00,3.67
2015.05.14 06:15:36.945,0.81099,0.8111,1.00,2.92
2015.05.14 06:15:37.594,0.81098,0.81107,1.00,1.20
2015.05.14 06:15:37.918,0.81096,0.81105,1.15,1.00
2015.05.14 06:15:38.466,0.81095,0.81104,2.02,1.10
2015.05.14 06:15:39.398,0.81095,0.81106,2.10,1.45
2015.05.14 06:15:39.886,0.81095,0.81106,2.02,1.55
2015.05.14 06:15:39.943,0.81098,0.81106,1.87,1.55
2015.05.14 06:15:41.804,0.81098,0.81106,1.87,1.27
2015.05.14 06:15:42.359,0.81098,0.81106,1.87,1.12
2015.05.14 06:15:44.973,0.81098,0.81108,1.87,1.52
2015.05.14 06:15:45.504,0.81097,0.81108,2.40,1.52
2015.05.14 06:15:46.867,0.81097,0.81108,2.77,1.52
2015.05.14 06:15:47.485,0.81097,0.81107,2.02,1.55
2015.05.14 06:15:47.986,0.81097,0.81107,2.02,1.55
2015.05.14 06:15:50.894,0.81097,0.81105,1.10,1.12
2015.05.14 06:15:51.198,0.81095,0.81104,3.00,1.10
2015.05.14 06:15:52.203,0.81095,0.81104,2.25,1.47
2015.05.14 06:15:54.535,0.81094,0.81104,1.10,1.47
2015.05.14 06:15:55.013,0.81097,0.81104,1.87,1.47
2015.05.14 06:15:55.128,0.81094,0.81104,1.10,1.47
2015.05.14 06:15:56.201,0.81094,0.81104,1.10,1.47
2015.05.14 06:15:56.708,0.81094,0.81102,1.00,1.55
2015.05.14 06:15:57.211,0.81094,0.81101,1.00,1.47
2015.05.14 06:15:57.526,0.81091,0.81095,1.57,1.00
2015.05.14 06:15:57.679,0.81088,0.81093,1.00,1.20
2015.05.14 06:15:57.730,0.81083,0.81093,1.25,1.20
2015.05.14 06:15:58.789,0.81083,0.81095,1.00,2.70
2015.05.14 06:15:59.347,0.81083,0.81094,1.00,2.70
2015.05.14 06:16:00.474,0.81083,0.81095,1.10,2.70
2015.05.14 06:16:00.991,0.81084,0.81095,1.00,2.70
2015.05.14 06:16:01.093,0.81084,0.81095,2.40,1.52
2015.05.14 06:16:01.194,0.81087,0.81096,2.62,1.52
2015.05.14 06:16:01.651,0.8109,0.81096,1.87,1.10
2015.05.14 06:16:02.622,0.81091,0.811,1.87,2.85
2015.05.14 06:16:03.127,0.81092,0.81096,1.87,1.10
2015.05.14 06:16:03.380,0.81089,0.81095,1.87,1.00
2015.05.14 06:16:03.632,0.81092,0.81096,1.87,1.10
2015.05.14 06:16:04.053,0.81089,0.81096,1.87,1.20
2015.05.14 06:16:04.205,0.81088,0.81092,1.87,1.00
2015.05.14 06:16:04.444,0.81087,0.81092,1.87,1.00
2015.05.14 06:16:05.520,0.81087,0.81094,1.87,1.20
2015.05.14 06:16:06.301,0.81087,0.81096,2.77,1.10
2015.05.14 06:16:06.402,0.81088,0.81098,1.65,1.10
2015.05.14 06:16:06.453,0.81089,0.81099,1.57,1.20
2015.05.14 06:16:07.008,0.81092,0.81102,2.32,1.17
2015.05.14 06:16:07.566,0.81092,0.81102,2.32,1.17
2015.05.14 06:16:11.629,0.81092,0.81102,1.47,1.27
2015.05.14 06:16:12.906,0.81092,0.81102,1.47,1.20
2015.05.14 06:16:14.021,0.81092,0.81102,1.55,1.20
2015.05.14 06:16:14.585,0.81094,0.81103,1.00,1.20
2015.05.14 06:16:15.034,0.81097,0.81106,1.00,2.17
2015.05.14 06:16:15.338,0.81098,0.81109,1.52,1.65
2015.05.14 06:16:15.641,0.81101,0.81112,1.27,2.02
2015.05.14 06:16:16.047,0.811,0.81109,1.20,1.10
2015.05.14 06:16:16.249,0.811,0.81109,1.12,1.15
2015.05.14 06:16:16.350,0.81101,0.81111,1.10,1.20
2015.05.14 06:16:16.502,0.81103,0.81111,1.00,1.20
2015.05.14 06:16:17.363,0.81101,0.81112,1.45,1.55
2015.05.14 06:16:17.872,0.81101,0.81111,1.55,1.20
2015.05.14 06:16:22.638,0.81101,0.81111,1.37,1.27
2015.05.14 06:16:23.246,0.81101,0.81111,1.47,1.20
2015.05.14 06:16:26.819,0.81101,0.81111,1.47,1.35
2015.05.14 06:16:27.320,0.81101,0.8111,1.10,1.17
2015.05.14 06:16:28.273,0.81101,0.81111,1.47,1.42
2015.05.14 06:16:32.607,0.81101,0.81112,1.55,2.85
2015.05.14 06:16:33.136,0.81101,0.81112,2.02,3.15
2015.05.14 06:16:33.704,0.81102,0.81112,1.57,1.17
2015.05.14 06:16:34.251,0.81102,0.81113,1.57,1.52
2015.05.14 06:16:34.686,0.81102,0.81113,1.47,1.15
2015.05.14 06:16:34.888,0.81102,0.81113,1.57,1.15
2015.05.14 06:16:35.640,0.81102,0.81113,1.47,1.15
2015.05.14 06:16:37.973,0.81102,0.81113,1.20,1.27
2015.05.14 06:16:38.674,0.81103,0.81114,1.10,2.17
2015.05.14 06:16:40.708,0.81103,0.81112,1.00,1.20
2015.05.14 06:16:41.402,0.81103,0.81113,1.00,1.27
2015.05.14 06:16:41.952,0.81103,0.81113,1.00,1.52
2015.05.14 06:16:45.501,0.81101,0.81112,1.45,2.02
2015.05.14 06:16:46.271,0.81103,0.81112,1.87,1.65
2015.05.14 06:16:46.473,0.81107,0.81115,1.00,1.35
2015.05.14 06:16:46.524,0.81109,0.81115,1.57,1.20
2015.05.14 06:16:46.625,0.8111,0.81117,1.10,1.10
2015.05.14 06:16:46.676,0.81108,0.81115,1.17,1.00
2015.05.14 06:16:46.727,0.81107,0.81115,1.45,1.10
2015.05.14 06:16:47.232,0.81108,0.81117,1.47,1.17
2015.05.14 06:16:48.011,0.81108,0.81117,1.47,1.10
2015.05.14 06:16:48.561,0.81108,0.81117,1.20,1.00
2015.05.14 06:16:48.713,0.81106,0.81117,2.77,1.07
2015.05.14 06:16:48.814,0.81106,0.81117,1.87,2.02
2015.05.14 06:16:49.217,0.81105,0.81115,1.20,1.17
2015.05.14 06:16:49.629,0.81102,0.81113,2.40,1.27
2015.05.14 06:16:50.223,0.81102,0.81113,1.65,1.27
2015.05.14 06:16:51.126,0.81103,0.81113,1.07,1.20
2015.05.14 06:16:51.650,0.81103,0.81114,1.50,2.02
2015.05.14 06:16:59.819,0.81103,0.81113,1.27,1.27
2015.05.14 06:17:00.347,0.81103,0.81113,1.00,1.35
2015.05.14 06:17:00.895,0.81103,0.81113,1.07,1.27
2015.05.14 06:17:01.436,0.81103,0.81113,1.10,2.02
2015.05.14 06:17:07.924,0.81103,0.81113,1.07,2.10
2015.05.14 06:17:09.828,0.81103,0.81113,1.07,1.20
2015.05.14 06:17:10.441,0.81105,0.81116,1.20,1.17
2015.05.14 06:17:10.725,0.81108,0.81118,2.02,1.20
2015.05.14 06:17:11.231,0.81108,0.8112,2.02,2.10
2015.05.14 06:17:15.016,0.8111,0.81121,1.17,1.45
2015.05.14 06:17:15.067,0.8111,0.81121,1.15,1.47
2015.05.14 06:17:15.543,0.8111,0.81121,1.65,1.57
2015.05.14 06:17:15.644,0.8111,0.81121,1.65,1.47
2015.05.14 06:17:15.746,0.8111,0.81121,1.65,1.47
2015.05.14 06:17:16.262,0.8111,0.81121,1.65,1.37
2015.05.14 06:17:17.388,0.81111,0.81121,1.15,1.47
2015.05.14 06:17:17.904,0.81111,0.81121,1.15,1.27
2015.05.14 06:17:18.632,0.81111,0.81122,1.27,1.72
2015.05.14 06:17:22.138,0.8111,0.81123,2.02,1.15
2015.05.14 06:17:22.189,0.81111,0.81123,2.70,1.15
2015.05.14 06:17:22.290,0.8111,0.81123,2.02,1.15
2015.05.14 06:17:23.011,0.8111,0.81123,3.45,1.15
2015.05.14 06:17:26.210,0.81113,0.81124,1.52,1.42
2015.05.14 06:17:26.746,0.81113,0.81124,1.55,1.72
2015.05.14 06:17:27.359,0.81113,0.81124,1.47,1.75
2015.05.14 06:17:27.882,0.81113,0.81124,1.27,1.65
2015.05.14 06:17:28.472,0.81113,0.81124,1.20,1.72
2015.05.14 06:17:28.675,0.81113,0.81124,1.27,1.65
2015.05.14 06:17:29.076,0.81113,0.81122,1.27,1.20
2015.05.14 06:17:29.624,0.81114,0.81124,1.00,1.72
2015.05.14 06:17:30.930,0.81114,0.81124,1.12,1.70
2015.05.14 06:17:32.356,0.81114,0.81124,1.00,1.62
2015.05.14 06:17:33.332,0.81114,0.81124,1.00,1.35
2015.05.14 06:17:33.967,0.81114,0.81124,1.00,1.35
2015.05.14 06:17:34.555,0.81114,0.81124,1.00,1.35
2015.05.14 06:17:36.113,0.81114,0.81124,1.10,1.35
2015.05.14 06:17:37.216,0.81114,0.81124,1.07,1.27
2015.05.14 06:17:37.478,0.81119,0.81127,1.07,1.27
2015.05.14 06:17:37.631,0.81123,0.81132,1.07,1.62
2015.05.14 06:17:37.682,0.81127,0.81132,2.25,1.17
2015.05.14 06:17:37.937,0.81131,0.81144,1.27,3.45
2015.05.14 06:17:38.089,0.81132,0.81146,1.20,2.85
2015.05.14 06:17:38.191,0.81132,0.81143,1.12,2.32
2015.05.14 06:17:38.494,0.81124,0.81137,1.55,2.70
2015.05.14 06:17:39.000,0.81124,0.81135,2.02,1.20
2015.05.14 06:17:39.391,0.81126,0.81136,1.87,1.52
2015.05.14 06:17:39.600,0.81126,0.81138,1.12,1.52
2015.05.14 06:17:40.256,0.81126,0.81138,1.57,1.65
2015.05.14 06:17:40.407,0.81127,0.81139,2.02,1.75
2015.05.14 06:17:40.508,0.81127,0.81139,1.27,1.62
2015.05.14 06:17:41.033,0.81129,0.81139,1.00,1.52
2015.05.14 06:17:41.285,0.81129,0.81141,1.27,2.92
2015.05.14 06:17:41.807,0.81131,0.81143,1.00,3.90
2015.05.14 06:17:42.310,0.81131,0.8114,1.00,1.20
2015.05.14 06:17:42.361,0.81129,0.81137,1.17,1.00
2015.05.14 06:17:42.463,0.81127,0.81136,1.10,1.37
2015.05.14 06:17:42.709,0.81127,0.81139,2.02,1.42
2015.05.14 06:17:43.694,0.81129,0.8114,1.27,2.10
2015.05.14 06:17:44.198,0.8113,0.8114,1.00,1.52
2015.05.14 06:17:45.116,0.8113,0.81142,1.17,1.72
2015.05.14 06:17:45.318,0.8113,0.81142,1.27,1.20
2015.05.14 06:17:45.844,0.8113,0.8114,4.87,1.00
2015.05.14 06:17:46.320,0.81132,0.81141,3.45,1.00
2015.05.14 06:17:46.716,0.81135,0.81143,4.87,1.00
2015.05.14 06:17:46.867,0.81137,0.81145,2.02,1.00
2015.05.14 06:17:46.969,0.81137,0.81147,2.77,1.00
2015.05.14 06:17:47.020,0.81138,0.81147,2.70,1.00
2015.05.14 06:17:47.521,0.81137,0.81147,4.95,1.00
2015.05.14 06:17:48.028,0.81138,0.81148,2.70,1.00
2015.05.14 06:17:48.331,0.81141,0.81149,2.70,1.00
2015.05.14 06:17:48.585,0.81141,0.8115,2.32,1.10
2015.05.14 06:17:49.398,0.81138,0.8115,4.95,1.00
2015.05.14 06:17:49.515,0.8114,0.8115,2.70,1.00
2015.05.14 06:17:50.312,0.81138,0.8115,2.77,1.00
2015.05.14 06:17:50.826,0.81138,0.8115,1.52,1.00
2015.05.14 06:17:51.130,0.81136,0.8115,5.62,1.00
2015.05.14 06:17:51.231,0.81134,0.81149,2.10,1.50
2015.05.14 06:17:51.333,0.81134,0.81149,1.15,2.72
2015.05.14 06:17:52.953,0.81133,0.81144,5.02,1.00
2015.05.14 06:17:53.104,0.81136,0.81147,1.17,1.10
2015.05.14 06:17:53.374,0.8114,0.8115,1.17,1.00
2015.05.14 06:17:53.577,0.8114,0.81154,2.40,1.80
2015.05.14 06:17:54.551,0.81142,0.81154,1.27,3.07
2015.05.14 06:17:56.154,0.81142,0.81155,3.90,3.22
2015.05.14 06:17:56.356,0.81145,0.81156,1.17,1.10
2015.05.14 06:17:56.558,0.81145,0.81156,1.15,1.10
2015.05.14 06:17:56.862,0.81144,0.81154,1.17,1.00
2015.05.14 06:17:57.064,0.81143,0.81152,1.15,1.00
2015.05.14 06:17:57.165,0.81143,0.81152,1.00,1.20
2015.05.14 06:17:57.680,0.8114,0.81151,1.52,1.10
2015.05.14 06:17:58.152,0.81143,0.81155,1.10,2.10
2015.05.14 06:17:58.431,0.81144,0.81155,1.17,1.27
2015.05.14 06:17:58.482,0.81144,0.81155,1.17,1.30
2015.05.14 06:17:59.013,0.81146,0.81157,1.10,1.35
2015.05.14 06:17:59.064,0.81147,0.81157,1.07,1.25
2015.05.14 06:17:59.600,0.81148,0.81158,1.10,1.17
2015.05.14 06:18:00.464,0.81149,0.81159,1.00,1.35
2015.05.14 06:18:01.022,0.81149,0.8116,1.00,1.35
2015.05.14 06:18:01.324,0.81149,0.8116,1.07,2.10
2015.05.14 06:18:01.678,0.81149,0.81161,1.15,2.02
2015.05.14 06:18:01.942,0.81149,0.81161,1.07,2.02
2015.05.14 06:18:02.245,0.81149,0.81158,1.15,1.00
2015.05.14 06:18:02.831,0.81149,0.81158,3.45,1.00
2015.05.14 06:18:04.665,0.8115,0.81159,2.02,1.00
2015.05.14 06:18:05.029,0.81151,0.81163,1.15,1.20
2015.05.14 06:18:05.568,0.81151,0.81164,1.15,4.35
2015.05.14 06:18:06.135,0.81149,0.81162,1.25,1.07
2015.05.14 06:18:06.438,0.81151,0.81163,1.15,1.65
2015.05.14 06:18:06.640,0.81151,0.81164,1.15,1.35
2015.05.14 06:18:07.160,0.81151,0.81164,1.15,1.27
2015.05.14 06:18:07.973,0.81151,0.81164,1.15,1.10
2015.05.14 06:18:08.842,0.81155,0.81166,1.00,3.30
2015.05.14 06:18:08.943,0.81156,0.81166,1.07,2.55
2015.05.14 06:18:09.145,0.81156,0.81167,1.17,1.30
2015.05.14 06:18:09.548,0.81157,0.81168,1.17,1.60
2015.05.14 06:18:10.869,0.81156,0.81169,6.37,1.17
2015.05.14 06:18:11.180,0.81158,0.81169,3.07,2.62
2015.05.14 06:18:12.982,0.81159,0.81169,4.50,2.62
2015.05.14 06:18:13.084,0.81159,0.81171,5.25,1.57
2015.05.14 06:18:13.236,0.8116,0.81172,3.07,2.02
2015.05.14 06:18:13.707,0.8116,0.81172,1.15,1.10
2015.05.14 06:18:14.239,0.81161,0.81172,1.10,1.17
2015.05.14 06:18:15.882,0.8116,0.81172,1.25,1.07
2015.05.14 06:18:15.983,0.8116,0.81172,1.25,1.15
2015.05.14 06:18:18.340,0.81162,0.81173,1.00,1.15
2015.05.14 06:18:20.073,0.81161,0.81171,1.10,1.10
2015.05.14 06:18:20.174,0.81161,0.81171,1.10,1.25
2015.05.14 06:18:22.384,0.81158,0.8117,1.15,1.65
2015.05.14 06:18:22.435,0.81158,0.8117,1.15,1.17
2015.05.14 06:18:22.738,0.81154,0.81168,1.27,3.67
2015.05.14 06:18:22.941,0.81153,0.81168,1.70,3.59
2015.05.14 06:18:24.408,0.81155,0.81168,3.07,3.89
2015.05.14 06:18:24.611,0.81156,0.81168,4.27,1.00
2015.05.14 06:18:24.814,0.81156,0.81171,4.27,2.77
2015.05.14 06:18:25.412,0.81158,0.81171,2.70,1.10
2015.05.14 06:18:25.962,0.81158,0.81171,4.35,1.07
2015.05.14 06:18:26.113,0.81157,0.8117,2.17,1.65
2015.05.14 06:18:26.618,0.81158,0.8117,1.27,1.15
2015.05.14 06:18:28.329,0.81158,0.81168,1.17,1.00
2015.05.14 06:18:28.834,0.81156,0.81168,1.72,1.17
2015.05.14 06:18:29.216,0.81156,0.81168,1.25,1.07
2015.05.14 06:18:29.546,0.81158,0.81171,1.65,2.10
2015.05.14 06:18:30.080,0.81158,0.8117,1.20,1.15
2015.05.14 06:18:30.660,0.81155,0.81168,2.10,1.17
2015.05.14 06:18:30.761,0.81154,0.81166,2.10,1.07
2015.05.14 06:18:30.862,0.81154,0.81165,1.20,1.57
2015.05.14 06:18:31.107,0.81152,0.81163,1.20,1.15
2015.05.14 06:18:31.834,0.81151,0.81163,1.20,1.65
2015.05.14 06:18:32.346,0.81151,0.81162,1.17,1.17
2015.05.14 06:18:32.865,0.81151,0.81162,1.15,1.20
2015.05.14 06:18:33.378,0.81151,0.81162,1.10,1.17
2015.05.14 06:18:33.740,0.81151,0.8116,1.00,2.25
2015.05.14 06:18:34.292,0.81151,0.8116,1.00,1.15
2015.05.14 06:18:36.361,0.81152,0.81159,1.00,1.15
2015.05.14 06:18:37.140,0.8115,0.81159,1.00,1.15
2015.05.14 06:18:37.671,0.81148,0.8116,1.17,2.77
2015.05.14 06:18:43.353,0.81148,0.8116,3.52,1.15
2015.05.14 06:18:43.611,0.81152,0.81161,1.00,2.32
2015.05.14 06:18:43.662,0.81152,0.81162,1.20,1.20
2015.05.14 06:18:44.020,0.81154,0.81163,1.00,1.65
2015.05.14 06:18:44.554,0.81154,0.81163,1.00,1.65
2015.05.14 06:18:44.655,0.81154,0.81163,1.00,1.65
2015.05.14 06:18:45.169,0.81154,0.81162,1.00,1.10
2015.05.14 06:18:45.371,0.81149,0.81162,1.25,1.17
2015.05.14 06:18:45.473,0.81148,0.81162,1.22,1.65
2015.05.14 06:18:45.988,0.81147,0.8116,1.72,1.17
2015.05.14 06:18:46.089,0.81147,0.8116,3.60,1.07
2015.05.14 06:18:46.371,0.81147,0.8116,1.42,1.17
2015.05.14 06:18:47.496,0.81148,0.8116,1.25,1.07
2015.05.14 06:18:49.140,0.81148,0.81163,3.90,4.72
2015.05.14 06:18:49.191,0.81148,0.81163,6.07,1.80
2015.05.14 06:18:49.494,0.8115,0.81162,2.47,1.10
2015.05.14 06:18:49.595,0.81152,0.81163,1.10,1.17
2015.05.14 06:18:51.142,0.81152,0.81165,1.17,1.72
2015.05.14 06:18:51.194,0.81153,0.81165,1.17,1.65
2015.05.14 06:18:51.501,0.81152,0.81162,1.00,2.32
2015.05.14 06:18:51.624,0.81152,0.81164,1.00,1.27
2015.05.14 06:18:51.776,0.81152,0.81162,1.00,2.32
2015.05.14 06:18:52.090,0.81154,0.81161,1.00,1.15
2015.05.14 06:18:52.191,0.81154,0.81161,1.00,1.17
2015.05.14 06:18:53.793,0.81154,0.81162,1.00,1.15
2015.05.14 06:18:53.995,0.81153,0.81162,1.00,2.32
2015.05.14 06:18:54.379,0.81153,0.81162,1.00,1.25
2015.05.14 06:18:54.481,0.8115,0.81162,1.00,1.25
2015.05.14 06:18:57.686,0.81148,0.81161,1.27,1.15
2015.05.14 06:18:58.207,0.81148,0.81161,1.17,1.15
2015.05.14 06:18:58.742,0.81148,0.81161,1.20,1.15
2015.05.14 06:18:59.089,0.81148,0.8116,1.10,2.32
2015.05.14 06:18:59.493,0.81146,0.81155,1.20,1.15
2015.05.14 06:18:59.645,0.81139,0.81153,1.72,1.65
2015.05.14 06:18:59.863,0.81139,0.81152,1.17,2.40
2015.05.14 06:19:00.413,0.81139,0.81153,1.15,5.10
2015.05.14 06:19:02.212,0.81135,0.8115,6.82,1.17
2015.05.14 06:19:03.549,0.81147,0.81154,1.87,6.45
2015.05.14 06:19:03.600,0.81149,0.81154,1.87,1.30
2015.05.14 06:19:03.855,0.81149,0.81157,1.87,1.20
2015.05.14 06:19:04.007,0.81145,0.81156,2.85,1.15
2015.05.14 06:19:04.245,0.81144,0.81154,1.00,1.17
2015.05.14 06:19:04.447,0.81145,0.81155,1.10,1.10
2015.05.14 06:19:05.610,0.81145,0.81157,1.15,1.95
2015.05.14 06:19:06.139,0.81145,0.81157,1.17,2.02
2015.05.14 06:19:06.497,0.81144,0.81156,1.17,1.57
2015.05.14 06:19:07.021,0.81144,0.81156,1.20,1.65
2015.05.14 06:19:08.207,0.81144,0.81156,1.17,1.15
2015.05.14 06:19:08.525,0.81146,0.81157,1.17,1.17
2015.05.14 06:19:08.727,0.81148,0.81161,1.15,4.80
2015.05.14 06:19:09.238,0.81148,0.81162,1.17,2.85
2015.05.14 06:19:10.335,0.81148,0.81162,1.72,1.32
2015.05.14 06:19:12.160,0.81149,0.81161,1.27,3.07
2015.05.14 06:19:12.446,0.81149,0.81161,1.25,1.15
2015.05.14 06:19:12.989,0.81149,0.81161,1.30,1.15
2015.05.14 06:19:14.954,0.81146,0.81156,1.07,1.07
2015.05.14 06:19:15.005,0.81146,0.81156,1.00,1.15
2015.05.14 06:19:15.056,0.81144,0.81151,1.20,1.00
2015.05.14 06:19:15.578,0.81143,0.8115,1.00,1.10
2015.05.14 06:19:18.606,0.81139,0.81152,2.47,1.15
2015.05.14 06:19:19.462,0.81138,0.81152,1.80,1.15
2015.05.14 06:19:19.563,0.81138,0.81152,1.80,1.15
2015.05.14 06:19:21.264,0.81138,0.81152,1.32,1.15
2015.05.14 06:19:23.092,0.81139,0.81153,2.77,1.65
2015.05.14 06:19:23.968,0.81139,0.81152,3.52,1.15
2015.05.14 06:19:24.573,0.81139,0.81152,2.10,1.17
2015.05.14 06:19:24.944,0.81141,0.8115,1.20,1.17
2015.05.14 06:19:25.461,0.81141,0.8115,1.00,1.65
2015.05.14 06:19:25.793,0.81138,0.81149,1.32,1.07
2015.05.14 06:19:26.249,0.81137,0.81148,1.65,1.17
2015.05.14 06:19:26.568,0.81136,0.81149,1.80,1.65
2015.05.14 06:19:27.680,0.81139,0.8115,1.00,1.15
2015.05.14 06:19:27.732,0.81139,0.8115,1.17,1.10
2015.05.14 06:19:31.757,0.8114,0.81151,1.15,1.65
2015.05.14 06:19:32.545,0.81141,0.8115,1.20,1.00
2015.05.14 06:19:33.095,0.81142,0.81151,1.20,1.57
2015.05.14 06:19:33.659,0.81142,0.81151,1.10,1.65
2015.05.14 06:19:42.764,0.81144,0.81153,1.00,2.47
2015.05.14 06:19:42.916,0.81143,0.81154,1.17,1.30
2015.05.14 06:19:43.218,0.81142,0.81151,1.20,1.00
2015.05.14 06:19:43.758,0.81141,0.8115,1.10,1.00
2015.05.14 06:19:45.016,0.81141,0.8115,1.15,1.00
2015.05.14 06:19:45.302,0.81141,0.8115,1.20,1.00
2015.05.14 06:19:50.603,0.81141,0.8115,1.17,1.00
2015.05.14 06:19:51.105,0.81141,0.8115,1.20,1.00
2015.05.14 06:19:52.648,0.81141,0.8115,1.15,1.00
2015.05.14 06:19:53.149,0.81141,0.8115,1.10,1.17
2015.05.14 06:19:53.848,0.81141,0.8115,1.00,1.20
2015.05.14 06:19:55.166,0.81139,0.8115,1.72,1.10
2015.05.14 06:19:59.130,0.81139,0.8115,1.72,1.00
2015.05.14 06:19:59.631,0.81139,0.8115,1.72,1.10
2015.05.14 06:20:00.144,0.81141,0.8115,1.10,1.00
2015.05.14 06:20:01.079,0.8114,0.81152,2.40,1.80
2015.05.14 06:20:01.231,0.81141,0.81153,1.65,1.15
2015.05.14 06:20:01.937,0.81141,0.81152,2.40,2.40
2015.05.14 06:20:02.932,0.81141,0.81152,2.40,2.25
2015.05.14 06:20:04.179,0.81141,0.81152,2.40,2.40
2015.05.14 06:20:04.482,0.8114,0.81149,1.50,1.20
2015.05.14 06:20:05.189,0.8114,0.8115,1.57,1.27
2015.05.14 06:20:07.616,0.8114,0.8115,1.10,1.20
2015.05.14 06:20:07.768,0.81141,0.81151,1.15,1.30
2015.05.14 06:20:08.490,0.81142,0.81151,1.95,1.12
2015.05.14 06:20:09.201,0.81142,0.81151,1.27,1.20
2015.05.14 06:20:11.758,0.8114,0.81151,2.02,1.35
2015.05.14 06:20:12.617,0.8114,0.81151,2.02,1.62
2015.05.14 06:20:14.609,0.81141,0.8115,1.17,1.12
2015.05.14 06:20:15.770,0.81142,0.8115,1.95,1.12
2015.05.14 06:20:16.116,0.81145,0.8115,1.87,1.12
2015.05.14 06:20:16.905,0.81142,0.8115,1.87,1.12
2015.05.14 06:20:17.600,0.81142,0.8115,1.87,1.37
2015.05.14 06:20:18.602,0.81142,0.8115,1.87,1.12
2015.05.14 06:20:19.606,0.81141,0.8115,1.57,1.47
2015.05.14 06:20:20.151,0.81141,0.8115,1.00,1.47
2015.05.14 06:20:20.817,0.81139,0.81148,3.52,1.20
2015.05.14 06:20:21.812,0.81139,0.81148,1.57,1.47
2015.05.14 06:20:22.851,0.8114,0.81148,1.10,1.47
2015.05.14 06:20:23.850,0.8114,0.81149,1.10,1.55
2015.05.14 06:20:24.152,0.8114,0.81149,1.10,2.32
2015.05.14 06:20:24.455,0.81135,0.81144,2.32,1.00
2015.05.14 06:20:24.557,0.81133,0.81142,2.77,1.12
2015.05.14 06:20:24.861,0.81133,0.81144,2.77,1.52
2015.05.14 06:20:25.389,0.81134,0.81144,1.10,1.52
2015.05.14 06:20:25.892,0.81135,0.81144,1.00,1.47
2015.05.14 06:20:26.430,0.81133,0.81144,4.27,1.47
2015.05.14 06:20:26.939,0.81135,0.81144,1.00,1.47
2015.05.14 06:20:27.292,0.81137,0.81146,1.00,1.75
2015.05.14 06:20:27.596,0.81139,0.81147,1.10,1.47
2015.05.14 06:20:28.115,0.81138,0.81147,1.87,2.10
2015.05.14 06:20:29.146,0.81138,0.81146,1.87,1.37
2015.05.14 06:20:30.182,0.81138,0.81147,1.95,1.47
2015.05.14 06:20:30.727,0.81138,0.81147,1.87,1.47
2015.05.14 06:20:31.531,0.81136,0.81147,1.65,1.47
2015.05.14 06:20:32.211,0.81137,0.81147,1.07,1.47
2015.05.14 06:20:32.788,0.81137,0.81148,2.40,1.55
2015.05.14 06:20:33.350,0.81137,0.81146,2.40,1.00
2015.05.14 06:20:34.419,0.81137,0.81148,2.40,1.55
2015.05.14 06:20:35.820,0.81139,0.81149,1.57,1.57
2015.05.14 06:20:37.714,0.8114,0.81149,1.07,1.20
2015.05.14 06:20:38.228,0.8114,0.81151,1.65,2.70
2015.05.14 06:20:38.749,0.8114,0.81151,1.65,2.70
2015.05.14 06:20:38.850,0.8114,0.81151,1.57,2.77
2015.05.14 06:20:39.277,0.8114,0.81151,1.65,2.70
2015.05.14 06:20:39.792,0.8114,0.81151,1.15,1.95
2015.05.14 06:20:39.842,0.8114,0.81151,1.17,1.95
2015.05.14 06:20:40.421,0.8114,0.81151,1.15,2.62
2015.05.14 06:20:40.701,0.8114,0.81151,1.15,2.62
2015.05.14 06:20:41.119,0.8114,0.81151,1.15,2.62
2015.05.14 06:20:41.323,0.81143,0.81153,1.15,2.02
2015.05.14 06:20:41.688,0.81142,0.81149,1.15,1.00
2015.05.14 06:20:41.739,0.8114,0.81149,1.80,1.00
2015.05.14 06:20:41.790,0.81142,0.81151,1.10,1.12
2015.05.14 06:20:41.992,0.81142,0.81152,1.17,1.57
2015.05.14 06:20:44.275,0.81142,0.81152,1.17,1.00
2015.05.14 06:20:44.427,0.81144,0.81153,1.07,1.00
2015.05.14 06:20:44.730,0.81143,0.81153,1.25,1.37
2015.05.14 06:20:44.933,0.81141,0.81153,1.15,1.72
2015.05.14 06:20:45.388,0.81145,0.81152,1.00,1.52
2015.05.14 06:20:45.490,0.81146,0.81156,1.00,1.27
2015.05.14 06:20:45.542,0.81146,0.81157,1.15,1.75
2015.05.14 06:20:45.679,0.81146,0.81157,1.20,2.02
2015.05.14 06:20:45.730,0.81148,0.81157,1.00,1.55
2015.05.14 06:20:46.036,0.8115,0.81159,1.65,1.37
2015.05.14 06:20:46.442,0.81149,0.8116,1.27,2.70
2015.05.14 06:20:46.594,0.81147,0.8116,1.20,3.52
2015.05.14 06:20:46.796,0.81143,0.81158,2.02,1.62
2015.05.14 06:20:46.847,0.81143,0.81151,1.95,1.07
2015.05.14 06:20:47.072,0.81145,0.81151,2.62,1.10
2015.05.14 06:20:47.376,0.81145,0.81153,1.87,2.70
2015.05.14 06:20:47.477,0.81148,0.81157,2.62,2.47
2015.05.14 06:20:47.789,0.81148,0.81156,2.62,1.52
2015.05.14 06:20:48.143,0.81146,0.81153,1.00,1.45
2015.05.14 06:20:48.349,0.81149,0.81154,1.87,1.55
2015.05.14 06:20:48.854,0.81147,0.81151,1.87,1.20
2015.05.14 06:20:48.905,0.81145,0.81151,1.87,1.20
2015.05.14 06:20:49.805,0.81145,0.81152,1.87,1.45
2015.05.14 06:20:51.664,0.81143,0.81153,1.95,2.10
2015.05.14 06:20:51.866,0.81147,0.81153,1.87,2.02
2015.05.14 06:20:52.169,0.81149,0.81155,1.87,1.00
2015.05.14 06:20:52.261,0.81149,0.81155,1.87,1.25
2015.05.14 06:20:52.784,0.81148,0.81155,1.87,1.72
2015.05.14 06:20:54.219,0.81148,0.81156,1.87,2.85
2015.05.14 06:20:54.480,0.8115,0.81158,1.00,1.50
2015.05.14 06:20:54.582,0.81148,0.8116,2.40,1.07
2015.05.14 06:20:55.717,0.8115,0.81162,1.12,1.72
2015.05.14 06:20:56.026,0.8115,0.81159,1.00,1.57
2015.05.14 06:20:56.259,0.8115,0.81159,1.87,1.35
2015.05.14 06:20:56.837,0.8115,0.81162,1.12,2.85
2015.05.14 06:20:57.349,0.8115,0.81162,1.55,2.85
2015.05.14 06:20:58.895,0.81154,0.81162,1.00,1.70
2015.05.14 06:20:58.997,0.81154,0.81164,1.00,1.52
2015.05.14 06:20:59.099,0.81154,0.81165,1.60,1.00
2015.05.14 06:20:59.150,0.81157,0.81167,1.10,1.27
2015.05.14 06:20:59.408,0.81158,0.81169,1.15,1.65
2015.05.14 06:20:59.560,0.8116,0.81171,1.07,1.35
2015.05.14 06:21:00.067,0.8116,0.81172,1.00,1.72
2015.05.14 06:21:00.323,0.81158,0.81169,1.17,1.17
2015.05.14 06:21:00.627,0.81155,0.81167,3.15,1.35
2015.05.14 06:21:01.083,0.81157,0.81168,1.07,2.17
2015.05.14 06:21:01.487,0.81159,0.81171,1.47,2.40
2015.05.14 06:21:01.538,0.81161,0.81171,1.87,1.60
2015.05.14 06:21:02.070,0.81161,0.81173,3.00,2.47
2015.05.14 06:21:03.795,0.81165,0.81173,1.00,1.15
2015.05.14 06:21:03.896,0.81168,0.81174,1.00,1.20
2015.05.14 06:21:03.998,0.81168,0.81178,1.52,1.57
2015.05.14 06:21:04.049,0.81171,0.81179,1.00,1.45
2015.05.14 06:21:04.150,0.81171,0.8118,1.17,1.00
2015.05.14 06:21:04.269,0.81175,0.8118,1.00,1.00
2015.05.14 06:21:04.501,0.81175,0.81183,1.00,1.75
2015.05.14 06:21:04.703,0.81176,0.81184,1.10,1.65
2015.05.14 06:21:05.207,0.81176,0.81185,1.00,1.47
2015.05.14 06:21:05.375,0.81176,0.81185,1.00,1.10
2015.05.14 06:21:05.908,0.81175,0.81185,1.20,1.47
2015.05.14 06:21:06.060,0.81175,0.81183,1.20,1.87
2015.05.14 06:21:06.161,0.81175,0.81185,1.20,1.47
2015.05.14 06:21:06.312,0.81176,0.81186,1.65,1.57
2015.05.14 06:21:06.413,0.81178,0.81188,1.10,1.65
2015.05.14 06:21:06.464,0.8118,0.81188,1.00,1.65
2015.05.14 06:21:06.542,0.8118,0.81189,1.57,1.15
2015.05.14 06:21:06.593,0.81181,0.81189,1.07,1.45
2015.05.14 06:21:06.795,0.81182,0.81192,1.15,2.40
2015.05.14 06:21:06.915,0.81182,0.81191,1.00,1.57
2015.05.14 06:21:07.170,0.8118,0.81188,1.15,1.00
2015.05.14 06:21:07.221,0.81177,0.81188,1.35,1.12
2015.05.14 06:21:07.272,0.81176,0.81185,3.52,1.00
2015.05.14 06:21:07.374,0.81174,0.81184,1.17,1.65
2015.05.14 06:21:07.505,0.81173,0.81184,1.10,1.65
2015.05.14 06:21:07.966,0.81176,0.81187,1.00,5.02
2015.05.14 06:21:08.123,0.81176,0.81187,2.40,1.35
2015.05.14 06:21:08.325,0.81178,0.81189,1.65,1.65
2015.05.14 06:21:08.629,0.81179,0.8119,1.17,1.15
2015.05.14 06:21:08.831,0.81178,0.81189,1.10,1.42
2015.05.14 06:21:09.136,0.81178,0.81189,1.65,1.20
2015.05.14 06:21:09.339,0.81179,0.81189,1.17,1.00
2015.05.14 06:21:09.822,0.81177,0.81189,1.65,1.55
2015.05.14 06:21:09.873,0.81177,0.81188,1.20,1.35
2015.05.14 06:21:10.328,0.81174,0.81187,1.72,1.35
2015.05.14 06:21:10.734,0.81176,0.81188,1.57,1.62
2015.05.14 06:21:10.836,0.81177,0.81189,1.17,1.72
2015.05.14 06:21:11.336,0.81177,0.81188,1.00,1.52
2015.05.14 06:21:11.641,0.81179,0.81188,1.00,1.52
2015.05.14 06:21:12.146,0.81178,0.8119,1.10,3.60
2015.05.14 06:21:12.502,0.81175,0.81187,1.72,1.27
2015.05.14 06:21:12.734,0.81174,0.81186,1.30,3.45
2015.05.14 06:21:13.240,0.81173,0.81186,1.00,4.65
2015.05.14 06:21:13.745,0.81173,0.81186,2.10,2.02
2015.05.14 06:21:14.307,0.81173,0.81186,2.10,1.52
2015.05.14 06:21:15.530,0.81173,0.81186,2.10,1.52
2015.05.14 06:21:15.742,0.81173,0.81186,1.72,1.62
2015.05.14 06:21:16.297,0.81172,0.81184,1.27,1.72
2015.05.14 06:21:16.454,0.81172,0.81184,1.25,2.10
2015.05.14 06:21:16.859,0.81172,0.81184,1.20,2.10
2015.05.14 06:21:17.248,0.81172,0.81184,1.27,2.10
2015.05.14 06:21:17.718,0.81171,0.81184,1.25,2.10
2015.05.14 06:21:18.232,0.81171,0.81182,1.10,1.17
2015.05.14 06:21:18.334,0.81168,0.81181,1.35,1.45
2015.05.14 06:21:18.889,0.8117,0.81181,1.20,1.25
2015.05.14 06:21:19.422,0.8117,0.81181,1.17,1.20
2015.05.14 06:21:19.924,0.81171,0.81182,1.15,1.20
2015.05.14 06:21:20.462,0.81173,0.81182,1.00,1.20
2015.05.14 06:21:21.020,0.81173,0.81183,1.10,1.17
2015.05.14 06:21:21.525,0.81174,0.81185,1.07,1.15
2015.05.14 06:21:21.576,0.81175,0.81186,1.15,1.20
2015.05.14 06:21:21.627,0.81175,0.81186,1.15,1.17
2015.05.14 06:21:21.779,0.81176,0.81187,1.20,1.17
2015.05.14 06:21:21.931,0.81176,0.81187,1.20,1.17
2015.05.14 06:21:22.490,0.81177,0.81187,1.00,1.25
2015.05.14 06:21:22.716,0.81174,0.81186,1.72,1.65
2015.05.14 06:21:22.766,0.81174,0.81185,1.57,2.32
2015.05.14 06:21:23.271,0.8117,0.81184,1.25,2.10
2015.05.14 06:21:23.583,0.81167,0.81175,1.12,4.50
2015.05.14 06:21:23.685,0.81167,0.81178,1.65,1.37
2015.05.14 06:21:23.988,0.81168,0.81181,1.15,1.42
2015.05.14 06:21:24.038,0.81168,0.81181,1.15,3.60
2015.05.14 06:21:24.379,0.81166,0.81178,1.57,3.15
2015.05.14 06:21:24.682,0.81167,0.81177,1.07,1.27
2015.05.14 06:21:25.199,0.81167,0.81179,1.00,2.02
2015.05.14 06:21:25.528,0.8117,0.81183,1.17,4.27
2015.05.14 06:21:27.291,0.8117,0.81183,1.25,1.25
2015.05.14 06:21:27.936,0.8117,0.81183,1.25,1.25
2015.05.14 06:21:29.106,0.81172,0.81183,1.00,1.60
2015.05.14 06:21:30.469,0.81172,0.81183,1.10,1.35
2015.05.14 06:21:31.290,0.81173,0.81183,1.00,2.10
2015.05.14 06:21:31.795,0.81173,0.81183,1.00,1.27
2015.05.14 06:21:31.845,0.81173,0.81183,1.00,1.27
2015.05.14 06:21:32.372,0.81173,0.81183,1.00,1.27
2015.05.14 06:21:32.474,0.81171,0.81183,2.17,1.27
2015.05.14 06:21:32.895,0.81172,0.81184,1.10,1.62
2015.05.14 06:21:34.748,0.81172,0.81184,1.07,1.62
2015.05.14 06:21:35.377,0.81172,0.81184,1.17,1.52
2015.05.14 06:21:35.941,0.81172,0.81184,1.15,1.52
2015.05.14 06:21:38.381,0.81172,0.81184,1.17,1.52
2015.05.14 06:21:38.886,0.81172,0.81183,1.20,1.27
2015.05.14 06:21:39.156,0.81172,0.81184,1.07,1.52
2015.05.14 06:21:40.291,0.81172,0.81182,1.20,1.10
2015.05.14 06:21:40.821,0.81172,0.81184,1.17,1.52
2015.05.14 06:21:43.301,0.81172,0.81184,1.17,1.52
2015.05.14 06:21:43.813,0.81172,0.81184,1.25,1.47
2015.05.14 06:21:44.319,0.81173,0.81183,1.17,1.20
2015.05.14 06:21:44.564,0.81173,0.81183,1.65,1.20
2015.05.14 06:21:47.401,0.81172,0.81183,1.17,1.27
2015.05.14 06:21:47.502,0.81171,0.81181,2.40,1.45
2015.05.14 06:21:47.806,0.81168,0.8118,1.52,1.52
2015.05.14 06:21:48.378,0.81169,0.8118,1.35,1.55
2015.05.14 06:21:48.889,0.8117,0.81182,1.25,1.47
2015.05.14 06:21:48.990,0.81172,0.81182,1.07,1.20
2015.05.14 06:21:49.494,0.81172,0.81182,1.15,1.12
2015.05.14 06:21:49.999,0.81172,0.81183,1.27,1.47
2015.05.14 06:21:50.290,0.81172,0.81183,1.27,1.47
2015.05.14 06:21:50.620,0.81172,0.81183,1.27,1.57
2015.05.14 06:21:51.180,0.81172,0.81183,1.10,1.55
2015.05.14 06:21:51.981,0.81171,0.81183,1.07,2.10
2015.05.14 06:21:52.483,0.81171,0.81182,1.00,2.02
2015.05.14 06:21:52.787,0.81168,0.8118,1.42,1.20
2015.05.14 06:21:53.397,0.81167,0.81179,1.62,1.17
2015.05.14 06:21:53.610,0.81167,0.81179,1.65,1.20
2015.05.14 06:21:53.812,0.81168,0.81181,1.42,1.52
2015.05.14 06:21:54.586,0.8117,0.81181,1.20,2.02
2015.05.14 06:21:55.133,0.81169,0.8118,1.10,1.27
2015.05.14 06:21:56.287,0.81168,0.81179,1.17,1.47
2015.05.14 06:21:56.541,0.81165,0.81176,1.15,2.10
2015.05.14 06:21:56.592,0.81167,0.81175,1.10,1.07
2015.05.14 06:21:56.794,0.81169,0.81178,1.17,1.00
2015.05.14 06:21:56.913,0.8117,0.8118,1.10,1.27
2015.05.14 06:21:56.964,0.8117,0.8118,1.15,1.20
2015.05.14 06:21:57.692,0.81171,0.8118,3.07,1.12
2015.05.14 06:21:57.949,0.81171,0.81182,1.15,1.37
2015.05.14 06:21:59.707,0.81171,0.81182,1.17,1.57
2015.05.14 06:22:00.900,0.81173,0.81183,1.07,1.87
2015.05.14 06:22:01.460,0.81173,0.81183,1.10,1.47
2015.05.14 06:22:01.993,0.81173,0.81183,1.07,1.95
2015.05.14 06:22:02.707,0.81173,0.81183,1.07,1.87
2015.05.14 06:22:03.308,0.81173,0.81183,1.65,1.00
2015.05.14 06:22:03.359,0.81174,0.81185,1.17,1.27
2015.05.14 06:22:03.713,0.81174,0.81184,1.17,2.02
2015.05.14 06:22:03.763,0.81174,0.81184,1.10,2.02
2015.05.14 06:22:03.915,0.81174,0.81186,1.20,1.35
2015.05.14 06:22:04.277,0.81175,0.81185,1.10,1.10
2015.05.14 06:22:04.945,0.81175,0.81185,1.20,1.20
2015.05.14 06:22:05.096,0.81175,0.81185,1.20,1.20
2015.05.14 06:22:05.630,0.81174,0.81186,1.62,1.95
2015.05.14 06:22:05.759,0.81174,0.81184,1.47,1.15
2015.05.14 06:22:06.317,0.81174,0.81184,1.57,1.10
2015.05.14 06:22:07.123,0.81174,0.81184,1.50,1.07
2015.05.14 06:22:07.325,0.81171,0.81182,2.40,1.10
2015.05.14 06:22:07.426,0.81173,0.81182,1.07,1.10
2015.05.14 06:22:08.316,0.81173,0.81182,1.10,1.07
2015.05.14 06:22:08.641,0.81177,0.81186,1.00,2.17
2015.05.14 06:22:09.157,0.81178,0.81186,1.00,1.57
2015.05.14 06:22:09.208,0.81178,0.81186,1.00,1.20
2015.05.14 06:22:09.460,0.81176,0.81185,1.10,1.27
2015.05.14 06:22:09.997,0.81174,0.81185,2.10,1.95
2015.05.14 06:22:10.561,0.81174,0.81185,1.65,2.02
2015.05.14 06:22:11.088,0.81174,0.81185,1.57,2.02
2015.05.14 06:22:11.729,0.81174,0.81185,1.57,2.02
2015.05.14 06:22:12.237,0.81175,0.81185,1.17,1.87
2015.05.14 06:22:12.641,0.81172,0.81183,1.65,1.07
2015.05.14 06:22:13.301,0.81173,0.81183,1.15,1.00
2015.05.14 06:22:13.604,0.8118,0.81188,1.00,1.20
2015.05.14 06:22:14.137,0.81178,0.81189,1.15,3.67
2015.05.14 06:22:14.538,0.81178,0.81189,1.17,3.67
2015.05.14 06:22:15.057,0.81178,0.81188,1.17,1.47
2015.05.14 06:22:15.798,0.81178,0.81189,1.65,1.95
2015.05.14 06:22:16.348,0.81178,0.81189,1.65,1.95
2015.05.14 06:22:16.819,0.81176,0.81187,1.10,2.02
2015.05.14 06:22:17.336,0.81176,0.81184,1.10,1.00
2015.05.14 06:22:17.639,0.81177,0.81187,1.07,2.10
2015.05.14 06:22:18.340,0.81177,0.81187,1.07,1.45
2015.05.14 06:22:20.917,0.81175,0.81186,1.25,1.95
2015.05.14 06:22:20.968,0.81175,0.81184,1.27,1.00
2015.05.14 06:22:21.553,0.81173,0.81184,2.47,1.07
2015.05.14 06:22:21.654,0.81173,0.81184,2.02,2.02
2015.05.14 06:22:22.178,0.81173,0.81182,1.57,1.12
2015.05.14 06:22:24.670,0.81173,0.81182,1.47,1.37
2015.05.14 06:22:25.356,0.81174,0.81183,1.20,1.17
2015.05.14 06:22:25.558,0.81179,0.81188,1.00,1.42
2015.05.14 06:22:26.065,0.8118,0.81188,1.10,1.00
2015.05.14 06:22:26.599,0.8118,0.81189,1.20,1.00
2015.05.14 06:22:27.119,0.81178,0.81189,2.02,1.57
2015.05.14 06:22:27.169,0.81179,0.81189,1.10,1.95
2015.05.14 06:22:27.685,0.8118,0.81189,1.00,2.10
2015.05.14 06:22:28.714,0.81179,0.81189,1.10,2.02
2015.05.14 06:22:29.022,0.81181,0.81189,1.07,1.47
2015.05.14 06:22:29.545,0.81181,0.81189,1.07,1.10
2015.05.14 06:22:29.596,0.8118,0.81189,1.20,1.17
2015.05.14 06:22:30.119,0.8118,0.81189,1.07,1.10
2015.05.14 06:22:31.330,0.81181,0.8119,1.20,1.12
2015.05.14 06:22:31.845,0.81181,0.81192,2.10,1.57
2015.05.14 06:22:33.620,0.81181,0.81192,2.02,1.55
2015.05.14 06:22:35.586,0.81181,0.81192,1.20,1.55
2015.05.14 06:22:36.092,0.81182,0.81192,1.00,1.52
2015.05.14 06:22:36.194,0.81182,0.81192,1.10,1.10
2015.05.14 06:22:37.058,0.81181,0.81192,1.07,1.17
2015.05.14 06:22:37.109,0.8118,0.81191,1.72,1.15
2015.05.14 06:22:37.362,0.8118,0.81189,1.10,2.77
2015.05.14 06:22:37.665,0.81177,0.81185,1.10,1.00
2015.05.14 06:22:37.975,0.81181,0.8119,1.00,2.70
2015.05.14 06:22:38.026,0.81181,0.81191,1.00,2.02
2015.05.14 06:22:38.576,0.81181,0.81191,1.65,1.45
2015.05.14 06:22:39.143,0.81181,0.81191,1.65,1.57
2015.05.14 06:22:40.228,0.81181,0.81191,1.65,1.27
2015.05.14 06:22:46.303,0.81182,0.81191,2.02,1.07
2015.05.14 06:22:46.838,0.81182,0.81191,1.20,1.10
2015.05.14 06:22:47.292,0.81184,0.81191,1.00,1.00
2015.05.14 06:22:47.819,0.81184,0.81193,1.00,1.65
2015.05.14 06:22:49.037,0.81184,0.81193,1.20,1.12
2015.05.14 06:22:49.613,0.81184,0.81194,1.10,1.52
2015.05.14 06:22:53.467,0.81185,0.81195,1.12,1.15
2015.05.14 06:22:53.619,0.8119,0.81198,1.00,1.00
2015.05.14 06:22:53.720,0.81191,0.81198,1.65,1.00
2015.05.14 06:22:53.771,0.81191,0.81202,2.02,1.07
2015.05.14 06:22:54.077,0.81191,0.81203,1.62,1.20
2015.05.14 06:22:54.466,0.81193,0.81206,1.57,1.72
2015.05.14 06:22:54.772,0.81201,0.81209,1.10,1.25
2015.05.14 06:22:54.873,0.81201,0.81212,1.55,1.35
2015.05.14 06:22:55.377,0.812,0.81213,1.07,1.62
2015.05.14 06:22:55.639,0.81199,0.81208,1.27,1.50
2015.05.14 06:22:55.742,0.81194,0.81208,2.77,1.22
2015.05.14 06:22:55.944,0.81195,0.81206,1.10,1.52
2015.05.14 06:22:56.098,0.81196,0.81208,1.17,1.72
2015.05.14 06:22:56.199,0.81199,0.81208,1.00,1.07
2015.05.14 06:22:56.760,0.81198,0.81208,1.27,1.10
2015.05.14 06:22:58.230,0.81199,0.81211,2.02,1.65
2015.05.14 06:22:58.533,0.81202,0.81216,2.02,2.47
2015.05.14 06:22:59.066,0.81201,0.81215,3.52,1.70
2015.05.14 06:22:59.508,0.81207,0.81215,1.00,1.35
2015.05.14 06:22:59.765,0.81211,0.81218,1.00,1.10
2015.05.14 06:22:59.867,0.81211,0.81222,1.07,1.65
2015.05.14 06:23:00.171,0.81208,0.8122,1.65,1.20
2015.05.14 06:23:00.272,0.81206,0.81218,1.20,2.10
2015.05.14 06:23:00.324,0.81206,0.81214,1.07,1.00
2015.05.14 06:23:00.665,0.81201,0.81214,3.45,1.95
2015.05.14 06:23:00.768,0.81201,0.81214,1.52,2.17
2015.05.14 06:23:00.970,0.81203,0.81214,1.07,2.40
2015.05.14 06:23:01.072,0.81202,0.81215,1.15,1.72
2015.05.14 06:23:01.173,0.81202,0.81215,1.52,1.52
2015.05.14 06:23:01.437,0.81203,0.81215,1.65,1.55
2015.05.14 06:23:01.761,0.81204,0.81217,1.35,1.52
2015.05.14 06:23:02.064,0.81205,0.81217,1.35,1.27
2015.05.14 06:23:02.624,0.81207,0.81217,1.00,2.02
2015.05.14 06:23:03.165,0.81204,0.81217,2.10,2.02
2015.05.14 06:23:03.707,0.81206,0.81218,1.95,1.15
2015.05.14 06:23:03.859,0.81211,0.81221,1.07,1.20
2015.05.14 06:23:04.367,0.81209,0.81221,1.35,1.27
2015.05.14 06:23:04.646,0.81209,0.81217,1.20,1.10
2015.05.14 06:23:05.232,0.8121,0.81221,1.00,3.45
2015.05.14 06:23:05.384,0.81209,0.81221,1.35,1.52
2015.05.14 06:23:05.933,0.81211,0.81221,1.00,2.02
2015.05.14 06:23:06.705,0.81211,0.81217,1.00,1.00
2015.05.14 06:23:07.224,0.81209,0.81218,1.27,1.00
2015.05.14 06:23:07.745,0.81211,0.81218,1.00,1.00
2015.05.14 06:23:08.375,0.8121,0.81218,1.20,1.00
2015.05.14 06:23:09.177,0.81211,0.81218,1.00,1.00
2015.05.14 06:23:10.882,0.81211,0.81218,1.07,1.00
2015.05.14 06:23:11.430,0.81211,0.81219,1.07,1.00
2015.05.14 06:23:11.938,0.81211,0.81219,1.10,1.10
2015.05.14 06:23:13.433,0.8121,0.81219,3.52,1.10
2015.05.14 06:23:14.093,0.81211,0.81219,1.10,1.10
2015.05.14 06:23:14.306,0.81214,0.81222,1.87,1.10
2015.05.14 06:23:14.509,0.81218,0.81227,1.52,1.00
2015.05.14 06:23:14.559,0.81223,0.8123,1.00,1.27
2015.05.14 06:23:14.610,0.81223,0.8123,1.00,1.10
2015.05.14 06:23:14.762,0.81223,0.81236,1.07,4.20
2015.05.14 06:23:14.812,0.81223,0.81233,1.00,1.52
2015.05.14 06:23:15.290,0.8122,0.81233,1.27,1.27
2015.05.14 06:23:15.498,0.8122,0.81232,1.27,1.22
2015.05.14 06:23:15.801,0.81219,0.81231,1.00,1.27
2015.05.14 06:23:15.903,0.81219,0.8123,1.12,1.65
2015.05.14 06:23:16.105,0.81214,0.81227,1.20,3.15
2015.05.14 06:23:16.156,0.81215,0.81227,1.17,3.15
2015.05.14 06:23:16.207,0.81215,0.81227,1.15,1.25
2015.05.14 06:23:16.330,0.81215,0.81226,1.20,1.35
2015.05.14 06:23:16.987,0.81214,0.81223,1.45,1.27
2015.05.14 06:23:17.290,0.81214,0.81225,1.52,1.50
2015.05.14 06:23:17.796,0.81214,0.81227,1.55,1.27
2015.05.14 06:23:19.715,0.81212,0.81225,1.27,1.35
2015.05.14 06:23:19.766,0.81212,0.81225,1.52,1.72
2015.05.14 06:23:20.069,0.81217,0.81228,1.07,1.52
2015.05.14 06:23:20.573,0.81216,0.81225,1.52,1.00
2015.05.14 06:23:21.191,0.81216,0.81225,1.52,1.00
2015.05.14 06:23:22.075,0.81216,0.81225,1.55,1.00
2015.05.14 06:23:22.227,0.81214,0.81223,1.15,1.00
2015.05.14 06:23:22.379,0.81213,0.81223,1.65,1.17
2015.05.14 06:23:22.581,0.81215,0.81226,1.52,1.27
2015.05.14 06:23:23.086,0.81215,0.81224,1.47,1.17
2015.05.14 06:23:23.279,0.81217,0.81227,1.52,1.17
2015.05.14 06:23:23.899,0.81216,0.8123,1.52,1.72
2015.05.14 06:23:24.431,0.81215,0.81229,2.77,1.72
2015.05.14 06:23:24.481,0.81215,0.81229,2.77,2.10
2015.05.14 06:23:25.001,0.81214,0.81227,1.52,1.60
2015.05.14 06:23:25.304,0.81212,0.81225,3.15,1.22
2015.05.14 06:23:26.631,0.81213,0.81226,1.07,4.65
2015.05.14 06:23:27.035,0.81211,0.81224,3.00,3.52
2015.05.14 06:23:28.230,0.81212,0.81223,1.87,3.90
2015.05.14 06:23:29.038,0.81212,0.81222,1.95,1.70
2015.05.14 06:23:30.449,0.81212,0.81223,1.87,3.90
2015.05.14 06:23:30.753,0.81212,0.81224,2.77,1.20
2015.05.14 06:23:30.956,0.81214,0.81224,1.65,1.20
2015.05.14 06:23:31.057,0.81214,0.81226,1.15,2.10
2015.05.14 06:23:31.461,0.81211,0.81225,3.15,1.72
2015.05.14 06:23:31.714,0.81211,0.81224,3.07,3.52
2015.05.14 06:23:32.018,0.81218,0.81227,2.02,1.57
2015.05.14 06:23:32.119,0.81215,0.81228,2.02,1.72
2015.05.14 06:23:32.221,0.81216,0.81226,1.20,2.02
2015.05.14 06:23:32.475,0.81212,0.81226,3.52,3.60
2015.05.14 06:23:32.526,0.81211,0.81224,5.10,1.52
2015.05.14 06:23:33.040,0.81211,0.81224,2.17,1.47
2015.05.14 06:23:34.623,0.81213,0.81227,1.65,3.97
2015.05.14 06:23:35.156,0.81213,0.81227,2.40,2.92
2015.05.14 06:23:35.705,0.81213,0.81227,2.40,3.67
2015.05.14 06:23:35.806,0.81213,0.81227,2.40,2.92
2015.05.14 06:23:36.473,0.81213,0.81227,2.40,2.17
2015.05.14 06:23:38.365,0.81213,0.81227,2.40,4.35
2015.05.14 06:23:38.567,0.81213,0.81227,2.32,4.35
2015.05.14 06:23:38.769,0.81213,0.81225,1.57,2.70
2015.05.14 06:23:39.338,0.81213,0.81226,1.17,1.72
2015.05.14 06:23:40.665,0.81216,0.81228,1.10,4.65
2015.05.14 06:23:40.951,0.81216,0.81229,2.77,1.72
2015.05.14 06:23:41.462,0.81216,0.81229,2.02,1.72
2015.05.14 06:23:41.729,0.81219,0.81229,1.00,1.72
2015.05.14 06:23:42.083,0.81218,0.81231,2.10,1.72
2015.05.14 06:23:42.285,0.81219,0.81231,1.20,3.52
2015.05.14 06:23:42.967,0.81218,0.81229,1.00,1.27
2015.05.14 06:23:43.391,0.81215,0.81226,1.17,1.27
2015.05.14 06:23:43.694,0.81214,0.81226,1.20,1.35
2015.05.14 06:23:44.252,0.81213,0.81226,1.65,1.35
2015.05.14 06:23:44.776,0.81213,0.81226,1.57,1.62
2015.05.14 06:23:45.282,0.81215,0.81226,1.20,1.25
2015.05.14 06:23:45.993,0.81215,0.81227,1.65,1.62
2015.05.14 06:23:46.506,0.81215,0.81227,1.65,1.65
2015.05.14 06:23:47.046,0.81215,0.81227,1.17,1.62
2015.05.14 06:23:48.618,0.81215,0.81227,1.15,1.35
2015.05.14 06:23:49.127,0.81215,0.81227,1.15,1.62
2015.05.14 06:23:49.430,0.81213,0.81224,4.57,1.37
2015.05.14 06:23:49.582,0.81213,0.81224,1.65,1.67
2015.05.14 06:23:50.112,0.81213,0.81224,1.27,1.42
2015.05.14 06:23:50.618,0.81212,0.81224,1.27,1.72
2015.05.14 06:23:51.126,0.8121,0.81224,2.02,2.17
2015.05.14 06:23:51.769,0.8121,0.81221,2.02,1.27
2015.05.14 06:23:52.346,0.8121,0.81221,2.02,1.12
2015.05.14 06:23:53.366,0.8121,0.81219,3.45,1.00
2015.05.14 06:23:53.467,0.81206,0.81215,2.10,1.10
2015.05.14 06:23:53.547,0.81206,0.81215,1.27,1.27
2015.05.14 06:23:53.751,0.81203,0.81216,2.02,2.17
2015.05.14 06:23:53.902,0.81203,0.81216,2.40,1.75
2015.05.14 06:23:54.413,0.81205,0.81216,1.27,1.57
2015.05.14 06:23:55.534,0.81206,0.81216,1.20,1.10
2015.05.14 06:23:56.044,0.81206,0.81218,1.22,1.95
2015.05.14 06:23:56.584,0.81207,0.81218,1.65,1.27
2015.05.14 06:23:57.093,0.81207,0.8122,1.72,2.85
2015.05.14 06:23:57.479,0.81209,0.8122,1.20,3.52
2015.05.14 06:23:57.681,0.81209,0.8122,1.35,1.45
2015.05.14 06:23:58.188,0.8121,0.81222,1.25,2.85
2015.05.14 06:23:58.690,0.8121,0.81222,1.27,2.85
2015.05.14 06:23:59.233,0.8121,0.81222,1.25,2.02
2015.05.14 06:24:01.798,0.8121,0.81222,1.72,1.57
2015.05.14 06:24:02.085,0.81208,0.81217,2.32,1.20
2015.05.14 06:24:02.489,0.81206,0.81218,2.10,1.62
2015.05.14 06:24:03.010,0.81206,0.81218,2.10,1.62
2015.05.14 06:24:03.516,0.81206,0.81218,2.02,1.62
2015.05.14 06:24:04.200,0.81206,0.81217,1.62,1.27
2015.05.14 06:24:06.501,0.81207,0.8122,1.55,2.85
2015.05.14 06:24:06.602,0.81207,0.81221,2.02,3.97
2015.05.14 06:24:07.107,0.81208,0.81221,1.27,2.92
2015.05.14 06:24:07.208,0.81208,0.81221,1.27,2.17
2015.05.14 06:24:07.747,0.81209,0.81221,1.27,3.52
2015.05.14 06:24:07.798,0.81209,0.81221,1.27,1.35
2015.05.14 06:24:09.429,0.81209,0.81221,2.02,1.62
2015.05.14 06:24:10.329,0.81212,0.81221,1.12,1.65
2015.05.14 06:24:10.430,0.81212,0.81223,1.20,2.02
2015.05.14 06:24:10.846,0.81216,0.81225,1.87,1.35
2015.05.14 06:24:10.947,0.81217,0.81225,1.37,1.17
2015.05.14 06:24:11.049,0.81217,0.81229,2.02,1.17
2015.05.14 06:24:11.100,0.81217,0.81225,1.07,1.10
2015.05.14 06:24:11.151,0.81216,0.81225,1.10,1.20
2015.05.14 06:24:11.268,0.81213,0.81224,1.35,1.20
2015.05.14 06:24:11.319,0.81215,0.81224,1.87,1.15
2015.05.14 06:24:11.421,0.81217,0.81227,1.12,1.70
2015.05.14 06:24:11.522,0.81217,0.81227,1.27,1.27
2015.05.14 06:24:11.624,0.81217,0.81229,1.20,1.62
2015.05.14 06:24:11.927,0.81214,0.81226,1.80,1.37
2015.05.14 06:24:12.029,0.81213,0.81224,1.15,1.55
2015.05.14 06:24:12.130,0.81212,0.81223,2.55,1.20
2015.05.14 06:24:12.675,0.81212,0.81223,1.95,1.35
2015.05.14 06:24:13.406,0.81212,0.81223,1.17,1.57
2015.05.14 06:24:13.918,0.81211,0.81224,1.25,2.02
2015.05.14 06:24:14.471,0.81211,0.81224,1.32,1.65
2015.05.14 06:24:15.148,0.81211,0.81224,1.70,1.62
2015.05.14 06:24:15.657,0.81211,0.81224,1.72,1.52
2015.05.14 06:24:17.060,0.81211,0.81224,1.72,1.55
2015.05.14 06:24:17.913,0.8121,0.8122,5.25,2.25
2015.05.14 06:24:18.015,0.81209,0.81219,2.25,2.32
2015.05.14 06:24:18.117,0.81209,0.81221,1.87,4.87
2015.05.14 06:24:18.655,0.81209,0.8122,1.47,2.32
2015.05.14 06:24:18.944,0.81209,0.8122,1.10,2.32
2015.05.14 06:24:19.604,0.81209,0.81215,1.10,1.07
2015.05.14 06:24:19.706,0.81205,0.81215,1.00,1.52
2015.05.14 06:24:19.858,0.81204,0.81214,1.27,3.45
2015.05.14 06:24:20.161,0.81207,0.81217,1.10,1.47
2015.05.14 06:24:20.811,0.81207,0.81217,1.20,1.07
2015.05.14 06:24:21.333,0.81208,0.81219,1.10,1.15
2015.05.14 06:24:22.049,0.81212,0.8122,1.00,1.30
2015.05.14 06:24:22.100,0.8121,0.8122,1.20,1.20
2015.05.14 06:24:22.151,0.81212,0.81225,1.00,4.57
2015.05.14 06:24:22.692,0.81211,0.81224,2.02,4.95
2015.05.14 06:24:24.072,0.8121,0.81224,2.47,1.62
2015.05.14 06:24:25.456,0.8121,0.81223,2.40,2.70
2015.05.14 06:24:27.804,0.81209,0.81223,2.47,4.20
2015.05.14 06:24:28.470,0.81209,0.81221,2.10,1.35
2015.05.14 06:24:29.273,0.81209,0.8122,2.10,1.00
2015.05.14 06:24:30.069,0.81209,0.81221,1.35,1.35
2015.05.14 06:24:30.883,0.8121,0.81224,1.27,2.17
2015.05.14 06:24:31.394,0.8121,0.81224,2.85,2.02
2015.05.14 06:24:31.961,0.81211,0.81224,1.72,1.55
2015.05.14 06:24:32.895,0.81211,0.81224,1.72,1.55
2015.05.14 06:24:33.439,0.81211,0.81224,1.72,1.55
2015.05.14 06:24:33.964,0.81211,0.81224,1.72,1.47
2015.05.14 06:24:34.990,0.81211,0.81224,3.90,1.47
2015.05.14 06:24:35.529,0.81212,0.81224,2.77,1.47
2015.05.14 06:24:36.710,0.81218,0.81227,1.07,2.02
2015.05.14 06:24:36.761,0.81218,0.81227,1.15,1.50
2015.05.14 06:24:36.964,0.81219,0.81229,1.27,1.00
2015.05.14 06:24:37.986,0.81219,0.81231,1.65,2.40
2015.05.14 06:24:39.859,0.81219,0.81229,2.47,1.00
2015.05.14 06:24:40.397,0.81219,0.81229,2.02,1.10
2015.05.14 06:24:41.263,0.81219,0.81229,1.27,1.00
2015.05.14 06:24:41.914,0.81219,0.81229,1.65,1.00
2015.05.14 06:24:42.866,0.81219,0.81229,2.47,1.00
2015.05.14 06:24:43.417,0.8122,0.8123,1.20,1.20
2015.05.14 06:24:43.696,0.8122,0.8123,1.27,1.20
2015.05.14 06:24:45.885,0.8122,0.81231,3.22,1.00
2015.05.14 06:24:47.628,0.81225,0.81232,1.07,1.07
2015.05.14 06:24:47.730,0.81226,0.81235,1.22,1.10
2015.05.14 06:24:47.882,0.81227,0.81238,1.62,1.27
2015.05.14 06:24:47.983,0.81229,0.81239,1.17,2.02
2015.05.14 06:24:48.560,0.81232,0.81241,1.00,1.67
2015.05.14 06:24:49.103,0.81231,0.81243,1.20,2.10
2015.05.14 06:24:49.648,0.81232,0.8124,1.07,1.00
2015.05.14 06:24:49.699,0.81231,0.81243,4.95,1.10
2015.05.14 06:24:49.800,0.81231,0.81243,1.27,2.10
2015.05.14 06:24:50.314,0.8123,0.81243,1.52,2.10
2015.05.14 06:24:52.628,0.8123,0.81241,1.27,1.00
2015.05.14 06:24:52.790,0.8123,0.81241,1.20,1.72
2015.05.14 06:24:53.824,0.81233,0.81241,1.50,1.35
2015.05.14 06:24:54.077,0.81234,0.81245,1.65,1.45
2015.05.14 06:24:54.280,0.81232,0.81241,2.32,1.00
2015.05.14 06:24:54.330,0.8123,0.81241,2.02,1.00
2015.05.14 06:24:56.762,0.8123,0.81241,1.17,1.27
2015.05.14 06:24:56.915,0.8123,0.81241,1.10,1.35
2015.05.14 06:24:57.323,0.81229,0.81238,2.77,1.00
2015.05.14 06:25:00.033,0.81226,0.81237,3.60,1.00
2015.05.14 06:25:00.134,0.81225,0.81235,1.10,1.15
2015.05.14 06:25:00.336,0.81222,0.81233,1.95,1.27
2015.05.14 06:25:01.000,0.81221,0.81231,1.07,1.07
2015.05.14 06:25:01.516,0.8122,0.81231,1.07,1.72
2015.05.14 06:25:02.853,0.8122,0.81231,1.10,2.02
2015.05.14 06:25:03.358,0.8122,0.81231,1.10,1.72
2015.05.14 06:25:03.897,0.81219,0.81231,1.95,2.17
2015.05.14 06:25:04.286,0.81219,0.81229,1.27,1.10
2015.05.14 06:25:04.740,0.81218,0.81229,1.55,1.27
2015.05.14 06:25:05.245,0.81218,0.81229,1.52,1.20
2015.05.14 06:25:05.397,0.81216,0.81227,3.07,1.20
2015.05.14 06:25:05.448,0.81215,0.81227,1.27,2.02
2015.05.14 06:25:05.499,0.81214,0.81227,1.72,1.52
2015.05.14 06:25:05.751,0.81212,0.81224,1.72,2.85
2015.05.14 06:25:06.306,0.81212,0.81224,1.20,3.22
2015.05.14 06:25:06.626,0.81212,0.81222,1.10,1.35
2015.05.14 06:25:07.170,0.8121,0.81222,2.02,2.10
2015.05.14 06:25:08.413,0.81209,0.81221,2.40,1.27
2015.05.14 06:25:08.937,0.81211,0.81221,1.50,1.27
2015.05.14 06:25:10.784,0.81211,0.81222,1.72,2.02
2015.05.14 06:25:11.308,0.81213,0.81222,1.12,2.02
2015.05.14 06:25:11.814,0.81213,0.81222,1.12,2.02
2015.05.14 06:25:12.327,0.81213,0.81222,1.12,2.02
2015.05.14 06:25:19.806,0.81213,0.81224,1.17,2.77
2015.05.14 06:25:22.533,0.81213,0.81224,1.17,2.70
2015.05.14 06:25:23.038,0.81213,0.81224,1.20,2.77
2015.05.14 06:25:26.438,0.81211,0.81224,1.35,2.77
2015.05.14 06:25:26.492,0.81211,0.81224,1.27,2.77
2015.05.14 06:25:26.644,0.81211,0.81224,1.35,3.52
2015.05.14 06:25:27.422,0.81213,0.81224,1.00,5.70
2015.05.14 06:25:27.654,0.81213,0.81224,1.00,3.52
2015.05.14 06:25:28.743,0.81213,0.81224,1.00,3.52
2015.05.14 06:25:29.302,0.81213,0.81224,1.00,3.52
2015.05.14 06:25:29.944,0.81213,0.81224,1.00,3.52
2015.05.14 06:25:30.483,0.81213,0.81224,1.00,3.52
2015.05.14 06:25:32.148,0.81213,0.81224,1.00,5.70
2015.05.14 06:25:32.249,0.81213,0.81224,1.00,3.52
2015.05.14 06:25:33.167,0.81213,0.81224,1.00,3.52
2015.05.14 06:25:33.678,0.81213,0.81224,1.07,3.52
2015.05.14 06:25:34.437,0.81213,0.81224,1.17,2.02
2015.05.14 06:25:34.639,0.81215,0.81226,1.45,1.07
2015.05.14 06:25:34.690,0.81216,0.81227,1.90,1.12
2015.05.14 06:25:34.942,0.81218,0.81231,2.85,1.65
2015.05.14 06:25:34.993,0.8122,0.81232,1.17,1.65
2015.05.14 06:25:35.971,0.8122,0.81233,1.72,1.55
2015.05.14 06:25:37.762,0.81221,0.81234,1.72,1.27
2015.05.14 06:25:38.302,0.81221,0.81233,1.72,1.15
2015.05.14 06:25:38.827,0.81221,0.81234,1.42,2.02
2015.05.14 06:25:39.803,0.8122,0.81234,1.67,1.52
2015.05.14 06:25:40.057,0.81221,0.81234,2.85,1.55
2015.05.14 06:25:41.984,0.8122,0.81233,6.45,1.20
2015.05.14 06:25:42.571,0.8122,0.81233,2.10,1.27
2015.05.14 06:25:42.961,0.8122,0.81233,2.10,1.57
2015.05.14 06:25:43.371,0.8122,0.81233,2.10,1.27
2015.05.14 06:25:44.853,0.8122,0.81233,1.42,1.57
2015.05.14 06:25:45.894,0.8122,0.81233,1.70,1.27
2015.05.14 06:25:49.869,0.8122,0.81234,1.52,2.02
2015.05.14 06:25:50.687,0.8122,0.81233,1.52,1.55
2015.05.14 06:25:54.887,0.8122,0.81233,1.27,2.02
2015.05.14 06:25:56.908,0.8122,0.81233,1.52,1.52
2015.05.14 06:25:57.880,0.81219,0.81233,1.62,1.27
2015.05.14 06:25:58.893,0.8122,0.81234,1.27,2.02
2015.05.14 06:25:59.429,0.8122,0.81234,1.27,2.02
2015.05.14 06:25:59.954,0.8122,0.81234,1.52,2.02
2015.05.14 06:26:02.007,0.81219,0.81233,1.62,2.02
2015.05.14 06:26:03.059,0.81219,0.81231,1.62,1.00
2015.05.14 06:26:03.161,0.81219,0.81231,1.62,1.15
2015.05.14 06:26:03.713,0.81219,0.81231,1.62,1.15
2015.05.14 06:26:04.016,0.81217,0.81225,1.10,1.47
2015.05.14 06:26:04.117,0.81214,0.81224,1.10,1.55
2015.05.14 06:26:05.124,0.81212,0.81224,1.27,2.85
2015.05.14 06:26:06.048,0.81212,0.81222,1.00,1.15
2015.05.14 06:26:06.627,0.81211,0.81224,1.95,2.85
2015.05.14 06:26:07.432,0.81211,0.81223,1.20,3.45
2015.05.14 06:26:08.031,0.8121,0.81221,1.00,1.65
2015.05.14 06:26:08.082,0.81208,0.81221,1.65,2.47
2015.05.14 06:26:08.436,0.81211,0.81219,1.00,1.65
2015.05.14 06:26:08.841,0.81211,0.81221,1.07,2.47
2015.05.14 06:26:09.342,0.81211,0.81221,1.10,1.80
2015.05.14 06:26:09.863,0.8121,0.81221,2.02,1.25
2015.05.14 06:26:10.268,0.8121,0.81221,1.27,2.55
2015.05.14 06:26:10.470,0.8121,0.81221,1.20,2.55
2015.05.14 06:26:11.320,0.81208,0.81219,1.65,2.02
2015.05.14 06:26:11.373,0.81208,0.81219,1.65,2.32
2015.05.14 06:26:11.575,0.81209,0.81219,1.07,1.65
2015.05.14 06:26:11.777,0.8121,0.81221,2.02,4.27
2015.05.14 06:26:12.144,0.8121,0.8122,1.52,1.27
2015.05.14 06:26:15.164,0.8121,0.81221,1.55,2.10
2015.05.14 06:26:16.555,0.81209,0.81221,1.52,1.27
2015.05.14 06:26:17.102,0.8121,0.81222,1.55,1.42
2015.05.14 06:26:17.622,0.8121,0.81222,1.27,1.70
2015.05.14 06:26:18.142,0.8121,0.81222,1.27,1.70
2015.05.14 06:26:18.676,0.8121,0.81222,1.52,2.17
2015.05.14 06:26:19.056,0.8121,0.81221,1.57,1.22
2015.05.14 06:26:19.580,0.8121,0.81222,1.27,2.47
2015.05.14 06:26:20.127,0.81209,0.81222,1.52,1.27
2015.05.14 06:26:20.645,0.81208,0.81222,1.52,1.72
2015.05.14 06:26:22.909,0.81209,0.81221,1.17,2.02
2015.05.14 06:26:23.447,0.81209,0.81221,1.17,2.17
2015.05.14 06:26:23.772,0.81209,0.81221,1.10,4.35
2015.05.14 06:26:24.322,0.81209,0.81221,1.00,2.17
2015.05.14 06:26:24.968,0.81209,0.81221,1.12,2.85
2015.05.14 06:26:25.629,0.81208,0.8122,1.55,1.62
2015.05.14 06:26:26.145,0.81208,0.81219,1.55,1.15
2015.05.14 06:26:27.183,0.81208,0.81219,1.07,2.77
2015.05.14 06:26:27.234,0.81205,0.81216,1.87,1.15
2015.05.14 06:26:27.285,0.81205,0.81215,1.50,2.32
2015.05.14 06:26:27.437,0.81203,0.81214,1.00,4.20
2015.05.14 06:26:27.539,0.81204,0.81214,1.00,1.27
2015.05.14 06:26:28.086,0.81205,0.81216,1.00,2.47
2015.05.14 06:26:29.810,0.81203,0.81215,2.70,1.22
2015.05.14 06:26:30.672,0.81205,0.81216,1.10,1.62
2015.05.14 06:26:30.976,0.8121,0.81219,1.50,1.20
2015.05.14 06:26:31.178,0.81207,0.81219,2.02,1.27
2015.05.14 06:26:31.453,0.81204,0.81219,2.17,2.70
2015.05.14 06:26:31.966,0.81204,0.81219,1.27,2.77
2015.05.14 06:26:32.516,0.81204,0.81219,1.55,2.77
2015.05.14 06:26:33.077,0.81204,0.81216,1.87,1.27
2015.05.14 06:26:33.128,0.81204,0.81216,1.87,1.52
2015.05.14 06:26:33.649,0.81204,0.81216,1.27,1.52
2015.05.14 06:26:34.163,0.81205,0.81216,1.07,1.55
2015.05.14 06:26:34.710,0.81205,0.81216,1.20,1.15
2015.05.14 06:26:35.252,0.81205,0.81218,2.47,2.02
2015.05.14 06:26:35.766,0.81205,0.81216,1.27,1.95
2015.05.14 06:26:36.170,0.81206,0.81216,3.07,1.37
2015.05.14 06:26:36.457,0.81208,0.81218,1.15,1.47
2015.05.14 06:26:36.508,0.81208,0.81218,3.82,1.37
2015.05.14 06:26:36.609,0.81208,0.8122,3.07,2.70
2015.05.14 06:26:38.009,0.8121,0.8122,1.17,1.37
2015.05.14 06:26:39.552,0.8121,0.8122,1.17,1.75
2015.05.14 06:26:40.088,0.8121,0.81218,1.17,1.00
2015.05.14 06:26:40.391,0.81209,0.81218,1.15,1.50
2015.05.14 06:26:40.917,0.81209,0.81218,1.17,3.00
2015.05.14 06:26:42.422,0.81206,0.81217,1.65,1.20
2015.05.14 06:26:42.936,0.81206,0.81217,1.17,1.95
2015.05.14 06:26:43.852,0.81206,0.81215,1.17,1.00
2015.05.14 06:26:45.206,0.81206,0.81217,1.17,1.95
2015.05.14 06:26:45.754,0.81206,0.81217,1.15,1.95
2015.05.14 06:26:45.970,0.81206,0.81215,1.15,1.00
2015.05.14 06:26:46.474,0.81206,0.81215,1.10,1.50
2015.05.14 06:26:46.525,0.81206,0.81214,1.10,1.37
2015.05.14 06:26:46.829,0.81203,0.81213,1.15,1.55
2015.05.14 06:26:46.937,0.81203,0.81212,1.20,1.95
2015.05.14 06:26:47.549,0.81199,0.81211,1.52,1.55
2015.05.14 06:26:48.084,0.812,0.81212,1.15,1.45
2015.05.14 06:26:48.263,0.812,0.81212,1.15,1.52
2015.05.14 06:26:48.862,0.812,0.81213,1.15,2.02
2015.05.14 06:26:49.383,0.812,0.81213,1.17,2.02
2015.05.14 06:26:50.168,0.81203,0.81214,1.17,1.52
2015.05.14 06:26:50.472,0.81204,0.81217,1.15,1.62
2015.05.14 06:26:50.612,0.81208,0.81217,1.10,1.20
2015.05.14 06:26:51.125,0.81208,0.81217,1.07,1.95
2015.05.14 06:26:51.846,0.81209,0.81219,1.17,1.95
2015.05.14 06:26:53.764,0.81207,0.81216,1.27,1.00
2015.05.14 06:26:53.815,0.81207,0.81216,1.30,1.00
2015.05.14 06:26:53.974,0.81204,0.81213,1.17,1.00
2015.05.14 06:26:54.025,0.81203,0.81212,1.65,1.00
2015.05.14 06:26:54.076,0.81203,0.81214,2.40,1.00
2015.05.14 06:26:54.584,0.81204,0.81215,1.65,2.02
2015.05.14 06:26:55.089,0.81204,0.81215,1.22,1.27
2015.05.14 06:26:55.640,0.81204,0.81215,1.22,1.57
2015.05.14 06:26:55.893,0.81204,0.81215,1.22,1.57
2015.05.14 06:26:56.425,0.81206,0.81215,2.02,1.10
2015.05.14 06:26:57.302,0.81206,0.81215,1.17,1.00
2015.05.14 06:26:57.542,0.81206,0.81215,1.20,1.00
2015.05.14 06:26:59.300,0.81205,0.81214,1.20,1.00
2015.05.14 06:26:59.401,0.81209,0.81216,1.50,1.17
2015.05.14 06:26:59.503,0.81209,0.81217,1.50,1.12
2015.05.14 06:26:59.604,0.81212,0.81217,1.00,1.12
2015.05.14 06:26:59.882,0.81209,0.81219,2.10,1.37
2015.05.14 06:27:00.669,0.81209,0.8122,2.10,2.70
2015.05.14 06:27:01.210,0.81209,0.8122,2.17,2.70
2015.05.14 06:27:01.557,0.8121,0.8122,1.25,1.87
2015.05.14 06:27:01.709,0.8121,0.8122,1.27,1.87
2015.05.14 06:27:01.873,0.8121,0.8122,1.27,1.87
2015.05.14 06:27:03.903,0.8121,0.81221,1.35,2.70
2015.05.14 06:27:04.385,0.8121,0.81221,1.35,3.45
2015.05.14 06:27:04.687,0.8121,0.81221,1.27,3.52
2015.05.14 06:27:05.764,0.8121,0.81221,1.15,3.82
2015.05.14 06:27:06.397,0.81209,0.8122,2.10,1.45
2015.05.14 06:27:07.613,0.81211,0.8122,1.10,1.92
2015.05.14 06:27:08.158,0.81209,0.81219,2.10,1.10
2015.05.14 06:27:08.687,0.81209,0.8122,1.35,3.90
2015.05.14 06:27:10.807,0.81209,0.8122,1.15,3.90
2015.05.14 06:27:11.059,0.81209,0.8122,1.10,3.90
2015.05.14 06:27:12.404,0.81209,0.81218,1.00,1.45
2015.05.14 06:27:12.936,0.81209,0.81218,1.00,1.95
2015.05.14 06:27:13.393,0.81211,0.81219,1.00,1.37
2015.05.14 06:27:14.087,0.81209,0.81218,1.17,1.37
2015.05.14 06:27:14.420,0.81204,0.81213,1.50,3.45
2015.05.14 06:27:14.522,0.81201,0.81208,3.00,1.00
2015.05.14 06:27:14.674,0.81187,0.81198,1.27,6.30
2015.05.14 06:27:14.978,0.81182,0.81193,1.10,2.70
2015.05.14 06:27:15.080,0.81182,0.8119,1.00,2.70
2015.05.14 06:27:15.132,0.8118,0.8119,1.10,2.32
2015.05.14 06:27:15.183,0.8118,0.81192,1.17,1.52
2015.05.14 06:27:15.284,0.8118,0.81191,1.00,3.45
2015.05.14 06:27:15.789,0.8118,0.8119,1.00,1.15
2015.05.14 06:27:15.890,0.8118,0.81191,1.20,1.27
2015.05.14 06:27:16.410,0.8118,0.81192,1.65,1.52
2015.05.14 06:27:16.921,0.81178,0.81192,5.77,1.57
2015.05.14 06:27:17.522,0.81178,0.81194,5.77,2.02
2015.05.14 06:27:21.661,0.81178,0.81191,4.65,1.47
2015.05.14 06:27:21.712,0.81178,0.81191,2.17,1.55
2015.05.14 06:27:22.225,0.81177,0.81191,1.42,2.02
2015.05.14 06:27:22.478,0.81177,0.81191,1.42,3.45
2015.05.14 06:27:22.984,0.81176,0.81189,1.35,2.40
2015.05.14 06:27:23.504,0.81176,0.81187,2.10,1.45
2015.05.14 06:27:24.242,0.81176,0.81186,1.20,1.27
2015.05.14 06:27:25.738,0.81175,0.81188,1.55,1.65
2015.05.14 06:27:26.291,0.81175,0.81188,1.47,1.65
2015.05.14 06:27:26.839,0.81175,0.81188,1.52,1.65
2015.05.14 06:27:27.341,0.81175,0.81188,1.55,1.65
2015.05.14 06:27:28.487,0.81174,0.81187,1.25,1.55
2015.05.14 06:27:28.995,0.81173,0.81185,2.02,1.20
2015.05.14 06:27:29.259,0.81173,0.81185,1.10,1.27
2015.05.14 06:27:29.769,0.81173,0.81185,1.15,1.27
2015.05.14 06:27:30.342,0.81173,0.81185,1.10,2.02
2015.05.14 06:27:30.650,0.81173,0.81185,1.15,2.02
2015.05.14 06:27:32.302,0.81173,0.81185,1.65,1.52
2015.05.14 06:27:33.081,0.81173,0.81185,1.07,1.52
2015.05.14 06:27:38.324,0.81172,0.81184,1.07,1.65
2015.05.14 06:27:38.375,0.81172,0.81184,1.10,3.52
2015.05.14 06:27:38.476,0.81172,0.81184,1.20,1.62
2015.05.14 06:27:38.577,0.81172,0.81183,1.00,3.45
2015.05.14 06:27:39.098,0.81171,0.81181,1.20,1.17
2015.05.14 06:27:41.509,0.81171,0.81181,1.27,1.27
2015.05.14 06:27:42.041,0.81168,0.8118,4.20,1.95
2015.05.14 06:27:42.243,0.81168,0.81179,1.47,1.15
2015.05.14 06:27:42.747,0.81168,0.81179,1.55,1.20
2015.05.14 06:27:42.899,0.81168,0.81179,1.65,1.65
2015.05.14 06:27:43.486,0.81167,0.81178,2.40,1.10
2015.05.14 06:27:43.813,0.81167,0.81178,2.40,1.10
2015.05.14 06:27:44.320,0.81168,0.81178,1.20,1.07
2015.05.14 06:27:44.860,0.81168,0.81178,1.27,1.00
2015.05.14 06:27:45.397,0.81168,0.81178,1.20,1.07
2015.05.14 06:27:45.926,0.81168,0.81178,1.27,1.10
2015.05.14 06:27:46.077,0.81168,0.81178,1.20,1.10
2015.05.14 06:27:46.729,0.81168,0.8118,1.72,1.27
2015.05.14 06:27:47.636,0.81168,0.8118,1.65,1.17
2015.05.14 06:27:51.546,0.81168,0.8118,1.62,1.10
2015.05.14 06:27:52.051,0.81168,0.81179,2.17,1.00
2015.05.14 06:27:52.152,0.81166,0.81177,1.50,1.15
2015.05.14 06:27:52.354,0.81168,0.81179,1.10,1.27
2015.05.14 06:27:52.405,0.81169,0.81179,1.95,1.17
2015.05.14 06:27:52.888,0.81171,0.81182,1.95,1.62
2015.05.14 06:27:53.192,0.81173,0.81181,1.20,1.12
2015.05.14 06:27:53.344,0.81174,0.81186,1.57,2.02
2015.05.14 06:27:53.445,0.81175,0.81189,1.42,1.62
2015.05.14 06:27:53.546,0.81175,0.81189,3.60,1.27
2015.05.14 06:27:53.849,0.81179,0.81191,4.20,1.95
2015.05.14 06:27:54.154,0.81181,0.81195,4.27,3.52
2015.05.14 06:27:54.546,0.81185,0.81195,1.17,1.20
2015.05.14 06:27:56.052,0.81186,0.81196,1.07,1.20
2015.05.14 06:27:56.565,0.81188,0.81198,1.27,1.00
2015.05.14 06:27:57.101,0.81187,0.812,4.20,1.17
2015.05.14 06:27:57.572,0.81187,0.812,2.02,1.42
2015.05.14 06:27:58.533,0.81187,0.812,1.55,1.42
2015.05.14 06:27:59.337,0.81187,0.81194,1.17,1.00
2015.05.14 06:27:59.488,0.81184,0.81193,1.37,1.17
2015.05.14 06:27:59.539,0.81184,0.81195,1.00,1.52
2015.05.14 06:27:59.640,0.81181,0.81194,2.40,1.35
2015.05.14 06:28:00.809,0.81181,0.81193,2.32,1.15
2015.05.14 06:28:00.910,0.81181,0.81193,2.40,1.17
2015.05.14 06:28:05.598,0.81181,0.81193,2.77,1.52
2015.05.14 06:28:06.443,0.81181,0.81192,1.20,1.27
2015.05.14 06:28:07.076,0.8118,0.81192,1.72,2.02
2015.05.14 06:28:07.602,0.8118,0.81192,1.72,2.02
2015.05.14 06:28:08.119,0.8118,0.81192,1.65,2.02
2015.05.14 06:28:08.636,0.8118,0.81192,1.65,2.02
2015.05.14 06:28:09.137,0.8118,0.81192,1.65,2.02
2015.05.14 06:28:10.140,0.8118,0.81192,1.65,2.02
2015.05.14 06:28:10.673,0.8118,0.81192,1.65,2.02
2015.05.14 06:28:11.760,0.8118,0.81192,1.35,2.02
2015.05.14 06:28:12.281,0.8118,0.81192,1.35,2.02
2015.05.14 06:28:12.816,0.8118,0.81192,1.27,2.02
2015.05.14 06:28:14.341,0.8118,0.81192,1.20,2.02
2015.05.14 06:28:17.162,0.81179,0.81191,1.95,2.02
2015.05.14 06:28:17.263,0.81179,0.81191,2.02,2.02
2015.05.14 06:28:17.767,0.81179,0.81191,2.02,1.07
2015.05.14 06:28:18.280,0.81179,0.81191,2.02,1.65
2015.05.14 06:28:18.851,0.81179,0.81191,2.02,1.65
2015.05.14 06:28:19.539,0.8118,0.81192,1.20,2.02
2015.05.14 06:28:20.169,0.8118,0.81192,1.20,2.02
2015.05.14 06:28:20.544,0.8118,0.81192,1.27,2.02
2015.05.14 06:28:21.395,0.81182,0.81192,1.07,1.07
2015.05.14 06:28:21.699,0.81187,0.81197,2.10,1.65
2015.05.14 06:28:22.009,0.81192,0.81198,1.00,1.00
2015.05.14 06:28:22.110,0.81192,0.812,1.47,1.50
2015.05.14 06:28:22.516,0.81192,0.81204,1.72,2.02
2015.05.14 06:28:22.719,0.81196,0.81204,1.00,1.52
2015.05.14 06:28:22.972,0.81193,0.81204,1.27,1.57
2015.05.14 06:28:23.174,0.81191,0.81201,1.65,1.00
2015.05.14 06:28:23.326,0.8119,0.81201,1.62,1.17
2015.05.14 06:28:23.836,0.8119,0.812,1.37,1.17
2015.05.14 06:28:23.888,0.81186,0.81196,2.47,1.00
2015.05.14 06:28:24.293,0.81185,0.81196,1.72,1.07
2015.05.14 06:28:24.635,0.81184,0.81194,1.27,1.20
2015.05.14 06:28:25.181,0.81184,0.81194,2.02,1.00
2015.05.14 06:28:28.440,0.81184,0.81193,2.02,1.00
2015.05.14 06:28:28.643,0.81181,0.81193,1.27,1.65
2015.05.14 06:28:28.766,0.8118,0.8119,1.75,1.20
2015.05.14 06:28:29.276,0.81179,0.81193,1.65,4.95
2015.05.14 06:28:30.570,0.81178,0.81192,1.80,5.02
2015.05.14 06:28:31.089,0.8118,0.81191,1.00,1.15
2015.05.14 06:28:31.241,0.81182,0.81193,1.00,3.60
2015.05.14 06:28:31.342,0.81182,0.81194,1.57,1.42
2015.05.14 06:28:31.595,0.81185,0.81195,1.00,1.22
2015.05.14 06:28:31.696,0.81187,0.81195,1.00,1.20
2015.05.14 06:28:32.251,0.81184,0.81197,2.10,1.62
2015.05.14 06:28:33.784,0.81185,0.81197,1.55,1.72
2015.05.14 06:28:33.974,0.8119,0.81197,1.00,1.00
2015.05.14 06:28:34.075,0.81188,0.81201,1.52,1.72
2015.05.14 06:28:34.590,0.81188,0.81202,2.02,2.92
2015.05.14 06:28:35.091,0.8119,0.81198,1.27,1.00
2015.05.14 06:28:35.399,0.81189,0.812,1.52,1.27
2015.05.14 06:28:35.709,0.81189,0.812,1.52,1.27
2015.05.14 06:28:38.631,0.81187,0.81198,3.52,1.00
2015.05.14 06:28:40.456,0.81187,0.81198,1.35,1.20
2015.05.14 06:28:40.958,0.81186,0.81197,2.02,1.00
2015.05.14 06:28:41.501,0.81187,0.81197,1.27,1.00
2015.05.14 06:28:42.060,0.81187,0.81197,1.27,1.00
2015.05.14 06:28:42.638,0.81187,0.81197,1.27,1.00
2015.05.14 06:28:44.260,0.81187,0.81197,1.35,1.00
2015.05.14 06:28:45.797,0.81185,0.81196,1.72,1.00
2015.05.14 06:28:45.848,0.81184,0.81194,4.95,1.00
2015.05.14 06:28:46.102,0.81181,0.8119,1.27,1.00
2015.05.14 06:28:46.355,0.8118,0.81194,4.27,2.10
2015.05.14 06:28:46.457,0.81182,0.81194,2.02,1.57
2015.05.14 06:28:46.760,0.81179,0.81193,1.35,2.77
2015.05.14 06:28:47.114,0.81178,0.81192,1.35,1.62
2015.05.14 06:28:47.360,0.81182,0.81191,2.32,1.50
2015.05.14 06:28:47.461,0.81182,0.81193,1.00,3.15
2015.05.14 06:28:47.563,0.81183,0.81193,1.27,1.27
2015.05.14 06:28:47.613,0.81181,0.81191,4.20,1.00
2015.05.14 06:28:47.815,0.81179,0.81191,6.00,1.12
2015.05.14 06:28:47.866,0.81179,0.81191,1.27,1.20
2015.05.14 06:28:48.178,0.81177,0.81193,4.35,5.70
2015.05.14 06:28:49.872,0.81179,0.81188,2.02,1.00
2015.05.14 06:28:50.847,0.81179,0.8119,3.15,1.45
2015.05.14 06:28:51.690,0.81179,0.81187,1.87,1.00
2015.05.14 06:28:52.195,0.81179,0.81189,1.00,1.62
2015.05.14 06:28:52.498,0.81174,0.81184,3.15,1.00
2015.05.14 06:28:52.549,0.81174,0.81186,3.07,1.10
2015.05.14 06:28:53.057,0.81174,0.81188,5.02,1.47
2015.05.14 06:28:53.360,0.81175,0.81186,1.15,1.47
2015.05.14 06:28:53.881,0.81173,0.81186,1.35,3.52
2015.05.14 06:28:54.385,0.81171,0.81185,2.85,1.55
2015.05.14 06:28:55.959,0.81171,0.81183,4.95,1.37
2015.05.14 06:28:56.488,0.8117,0.81182,2.70,1.95
2015.05.14 06:28:57.855,0.81171,0.81182,2.32,1.87
2015.05.14 06:28:58.374,0.81171,0.81182,2.70,1.37
2015.05.14 06:28:58.582,0.8117,0.81182,1.52,1.37
2015.05.14 06:28:58.683,0.8117,0.81182,1.47,3.45
2015.05.14 06:28:59.295,0.8117,0.81182,1.20,3.45
2015.05.14 06:28:59.869,0.81167,0.81179,1.65,1.20
2015.05.14 06:29:00.072,0.81165,0.81177,1.10,2.70
2015.05.14 06:29:00.493,0.81164,0.81174,1.10,3.07
2015.05.14 06:29:00.645,0.81162,0.81174,1.10,3.07
2015.05.14 06:29:02.809,0.81159,0.81173,1.72,1.55
2015.05.14 06:29:03.011,0.81158,0.81172,1.42,2.02
2015.05.14 06:29:03.112,0.81158,0.8117,1.35,1.27
2015.05.14 06:29:04.006,0.81159,0.81169,1.27,1.17
2015.05.14 06:29:04.883,0.81159,0.81169,1.27,1.00
2015.05.14 06:29:05.086,0.81157,0.81169,1.30,2.77
2015.05.14 06:29:05.287,0.81156,0.81169,1.27,2.77
2015.05.14 06:29:06.597,0.81156,0.81169,1.65,5.70
2015.05.14 06:29:07.112,0.81155,0.81167,1.35,1.27
2015.05.14 06:29:07.660,0.81155,0.81169,2.85,2.85
2015.05.14 06:29:07.967,0.81156,0.81169,2.02,2.02
2015.05.14 06:29:08.291,0.81155,0.81168,1.42,1.55
2015.05.14 06:29:08.884,0.81156,0.81168,1.65,1.57
2015.05.14 06:29:09.487,0.81156,0.81169,2.02,1.27
2015.05.14 06:29:09.690,0.81158,0.81169,2.02,1.10
2015.05.14 06:29:10.048,0.81159,0.81171,1.27,1.10
2015.05.14 06:29:10.586,0.8116,0.81171,1.52,1.12
2015.05.14 06:29:11.698,0.8116,0.81172,2.02,2.02
2015.05.14 06:29:12.600,0.8116,0.81172,4.20,2.70
2015.05.14 06:29:14.608,0.8116,0.81172,2.17,2.02
2015.05.14 06:29:16.607,0.8116,0.81172,2.17,2.02
2015.05.14 06:29:25.362,0.8116,0.8117,1.37,1.17
2015.05.14 06:29:25.565,0.81157,0.8117,2.10,1.27
2015.05.14 06:29:25.868,0.81157,0.81169,2.02,1.15
2015.05.14 06:29:26.389,0.81156,0.81169,1.17,2.02
2015.05.14 06:29:27.338,0.81156,0.81169,1.55,1.52
2015.05.14 06:29:29.682,0.81156,0.81169,2.17,1.52
2015.05.14 06:29:30.232,0.81156,0.8117,2.17,2.02
2015.05.14 06:29:30.384,0.81156,0.8117,2.17,2.02
2015.05.14 06:29:30.887,0.81156,0.81169,1.70,1.27
2015.05.14 06:29:31.288,0.81156,0.81169,3.60,1.27
2015.05.14 06:29:31.811,0.81156,0.81169,1.70,1.17
2015.05.14 06:29:32.881,0.81156,0.8117,4.35,2.77
2015.05.14 06:29:34.182,0.81156,0.8117,2.17,3.15
2015.05.14 06:29:34.726,0.81156,0.8117,1.70,3.15
2015.05.14 06:29:35.575,0.81156,0.81169,1.72,1.27
2015.05.14 06:29:35.888,0.81153,0.81164,2.17,1.07
2015.05.14 06:29:35.938,0.81153,0.81164,2.17,1.15
2015.05.14 06:29:36.471,0.81151,0.81164,2.17,1.15
2015.05.14 06:29:36.522,0.81152,0.81166,1.62,2.10
2015.05.14 06:29:36.623,0.81154,0.81167,1.45,1.60
2015.05.14 06:29:37.029,0.81156,0.81167,1.55,1.27
2015.05.14 06:29:37.487,0.81154,0.81165,1.72,1.20
2015.05.14 06:29:38.007,0.81154,0.81165,1.65,1.20
2015.05.14 06:29:39.176,0.81154,0.81165,1.27,1.95
2015.05.14 06:29:39.227,0.81152,0.81164,3.22,1.20
2015.05.14 06:29:39.530,0.81151,0.81163,1.17,3.45
2015.05.14 06:29:39.582,0.81148,0.81163,2.10,3.45
2015.05.14 06:29:39.683,0.81148,0.81163,1.70,1.35
2015.05.14 06:29:39.938,0.81148,0.81162,1.70,1.52
2015.05.14 06:29:40.443,0.81148,0.81162,1.60,1.60
2015.05.14 06:29:40.797,0.81148,0.81162,1.67,1.55
2015.05.14 06:29:43.124,0.81148,0.81162,3.60,1.20
2015.05.14 06:29:44.351,0.81149,0.81162,1.27,1.27
2015.05.14 06:29:44.894,0.81149,0.81162,1.27,1.20
2015.05.14 06:29:45.404,0.81149,0.81162,4.20,1.17
2015.05.14 06:29:45.923,0.8115,0.81162,2.85,1.10
2015.05.14 06:29:48.122,0.81149,0.81162,1.27,1.65
2015.05.14 06:29:49.816,0.81149,0.81162,3.45,1.95
2015.05.14 06:29:50.398,0.8115,0.81162,2.85,1.95
2015.05.14 06:29:50.952,0.81149,0.81162,1.27,1.95
2015.05.14 06:29:51.471,0.81149,0.81162,1.27,2.02
2015.05.14 06:29:51.828,0.81147,0.8116,2.77,1.27
2015.05.14 06:29:52.365,0.81146,0.81159,1.60,1.57
2015.05.14 06:29:52.690,0.81146,0.81158,1.60,1.52
2015.05.14 06:29:52.741,0.81146,0.81158,1.60,1.52
2015.05.14 06:29:53.248,0.81145,0.81156,1.27,1.10
2015.05.14 06:29:53.793,0.81144,0.81157,1.72,1.27
2015.05.14 06:29:54.298,0.81146,0.81159,1.27,1.52
2015.05.14 06:29:54.949,0.81146,0.81159,1.35,3.45
2015.05.14 06:29:55.152,0.8114,0.81152,1.72,1.20
2015.05.14 06:29:56.996,0.8114,0.81152,2.10,1.35
2015.05.14 06:29:57.198,0.81139,0.81151,3.30,1.65
2015.05.14 06:29:57.602,0.81139,0.81151,1.32,1.10
2015.05.14 06:29:57.703,0.81139,0.81151,1.27,1.15
2015.05.14 06:29:57.924,0.81139,0.81151,1.32,1.10
2015.05.14 06:29:58.443,0.81138,0.8115,1.42,1.20
2015.05.14 06:29:59.111,0.81138,0.8115,1.37,1.17
2015.05.14 06:29:59.650,0.81138,0.81151,1.72,1.27
2015.05.14 06:30:00.229,0.81139,0.81152,1.27,1.75
2015.05.14 06:30:00.816,0.81139,0.81152,1.35,1.62
2015.05.14 06:30:02.015,0.81139,0.81152,1.60,1.62
2015.05.14 06:30:02.563,0.81139,0.81152,1.60,1.35
2015.05.14 06:30:03.014,0.81139,0.81152,1.60,1.35
2015.05.14 06:30:03.641,0.81139,0.81151,1.62,1.17
2015.05.14 06:30:04.015,0.81139,0.81151,1.60,1.10
2015.05.14 06:30:04.320,0.81139,0.81146,1.20,1.07
2015.05.14 06:30:04.522,0.81137,0.81146,1.27,1.10
2015.05.14 06:30:04.724,0.81139,0.8115,1.27,1.10
2015.05.14 06:30:05.244,0.81138,0.81152,2.10,1.65
2015.05.14 06:30:05.774,0.81139,0.81153,1.65,2.10
2015.05.14 06:30:06.320,0.81139,0.81153,1.65,3.52
2015.05.14 06:30:07.436,0.81139,0.81152,1.62,1.65
2015.05.14 06:30:08.060,0.81138,0.81153,6.45,2.10
2015.05.14 06:30:08.731,0.8114,0.81153,1.65,1.60
2015.05.14 06:30:09.295,0.8114,0.81153,1.65,1.62
2015.05.14 06:30:09.551,0.8114,0.81153,1.65,1.60
2015.05.14 06:30:10.448,0.8114,0.81151,1.20,1.52
2015.05.14 06:30:11.457,0.81137,0.8115,2.40,1.20
2015.05.14 06:30:11.790,0.81137,0.8115,2.40,1.27
2015.05.14 06:30:12.487,0.81137,0.8115,2.40,1.17
2015.05.14 06:30:13.022,0.81137,0.8115,4.57,1.17
2015.05.14 06:30:13.553,0.81137,0.8115,2.40,1.27
2015.05.14 06:30:15.752,0.81139,0.81151,1.62,2.02
2015.05.14 06:30:16.247,0.81138,0.81151,2.47,3.52
2015.05.14 06:30:17.274,0.81138,0.8115,1.72,1.27
2015.05.14 06:30:17.816,0.81138,0.8115,1.72,1.27
2015.05.14 06:30:18.733,0.81138,0.8115,1.72,1.17
2015.05.14 06:30:18.884,0.81139,0.81152,1.35,1.27
2015.05.14 06:30:21.395,0.81142,0.81153,1.00,1.27
2015.05.14 06:30:21.761,0.81142,0.81154,4.95,1.27
2015.05.14 06:30:22.041,0.81147,0.81159,1.35,1.27
2015.05.14 06:30:22.143,0.81148,0.8116,4.57,1.65
2015.05.14 06:30:22.295,0.81154,0.81163,1.00,2.17
2015.05.14 06:30:22.615,0.81151,0.81165,2.17,1.55
2015.05.14 06:30:22.817,0.81156,0.81165,1.12,1.17
2015.05.14 06:30:22.969,0.81157,0.8117,1.27,2.17
2015.05.14 06:30:23.070,0.81157,0.8117,1.27,2.17
2015.05.14 06:30:23.604,0.81157,0.8117,1.35,2.02
2015.05.14 06:30:26.016,0.8116,0.81171,1.20,1.62
2015.05.14 06:30:26.975,0.8116,0.81171,1.20,1.27
2015.05.14 06:30:34.656,0.81161,0.81171,1.10,1.17
2015.05.14 06:30:34.959,0.8116,0.81172,1.10,3.45
2015.05.14 06:30:35.010,0.8116,0.81172,1.10,1.27
2015.05.14 06:30:35.981,0.81161,0.81173,1.17,2.10
2015.05.14 06:30:36.546,0.81161,0.81173,1.17,2.02
2015.05.14 06:30:37.095,0.81161,0.81173,1.27,2.02
2015.05.14 06:30:37.700,0.81161,0.81173,1.27,2.02
2015.05.14 06:30:37.901,0.81161,0.81173,1.27,2.02
2015.05.14 06:30:38.509,0.81161,0.81173,1.20,2.02
2015.05.14 06:30:39.191,0.81161,0.81173,1.27,2.02
2015.05.14 06:30:39.393,0.81161,0.81173,1.20,2.02
2015.05.14 06:30:40.104,0.81161,0.81173,1.15,2.02
2015.05.14 06:30:40.634,0.81161,0.81173,1.15,2.47
2015.05.14 06:30:41.859,0.81161,0.81173,1.15,2.02
2015.05.14 06:30:42.523,0.81163,0.81173,1.00,2.02
2015.05.14 06:30:43.059,0.81163,0.81173,1.10,2.02
2015.05.14 06:30:43.608,0.81163,0.81173,1.10,2.02
2015.05.14 06:30:44.154,0.81163,0.81173,1.10,1.65
2015.05.14 06:30:47.779,0.81163,0.81172,1.00,2.40
2015.05.14 06:30:47.830,0.81161,0.81171,1.00,1.15
2015.05.14 06:30:48.376,0.8116,0.81171,1.00,1.80
2015.05.14 06:30:49.033,0.8116,0.81171,1.07,1.80
2015.05.14 06:30:50.535,0.8116,0.8117,1.10,1.15
2015.05.14 06:30:52.022,0.8116,0.81168,1.10,1.17
2015.05.14 06:30:52.530,0.81156,0.81163,1.12,1.10
2015.05.14 06:30:52.632,0.81156,0.81163,1.00,1.27
2015.05.14 06:30:52.683,0.81153,0.81163,1.10,1.27
2015.05.14 06:30:53.410,0.81153,0.81163,1.07,1.20
2015.05.14 06:30:53.950,0.81153,0.81163,1.10,1.20
2015.05.14 06:30:55.127,0.81153,0.81163,1.00,1.27
2015.05.14 06:30:56.407,0.81153,0.81162,1.00,1.27
2015.05.14 06:30:56.732,0.81153,0.81159,1.00,1.27
2015.05.14 06:30:56.833,0.8115,0.81159,1.10,1.27
2015.05.14 06:30:57.430,0.8115,0.81158,1.00,1.17
2015.05.14 06:30:57.978,0.8115,0.81158,1.00,1.27
2015.05.14 06:31:00.245,0.8115,0.81159,1.00,2.10
2015.05.14 06:31:05.955,0.8115,0.81163,1.20,5.02
2015.05.14 06:31:06.460,0.81151,0.81164,1.65,2.77
2015.05.14 06:31:06.561,0.81153,0.81165,1.00,1.65
2015.05.14 06:31:07.060,0.81156,0.81166,1.10,1.80
2015.05.14 06:31:07.402,0.81158,0.81168,1.00,1.72
2015.05.14 06:31:07.913,0.81159,0.81169,1.00,1.90
2015.05.14 06:31:08.442,0.81159,0.81168,1.00,1.15
2015.05.14 06:31:09.968,0.81159,0.8117,1.00,3.15
2015.05.14 06:31:10.605,0.81159,0.8117,1.95,2.40
2015.05.14 06:31:12.345,0.81159,0.8117,1.27,2.02
2015.05.14 06:31:12.625,0.81155,0.81165,1.00,1.55
2015.05.14 06:31:13.147,0.81156,0.81166,1.00,1.52
2015.05.14 06:31:13.691,0.81155,0.81168,2.17,1.72
2015.05.14 06:31:16.168,0.81157,0.81168,1.17,1.65
2015.05.14 06:31:16.684,0.81157,0.81168,1.30,1.65
2015.05.14 06:31:17.166,0.81157,0.81168,2.92,1.20
2015.05.14 06:31:17.672,0.81159,0.8117,2.02,2.02
2015.05.14 06:31:18.423,0.8116,0.8117,1.67,2.02
2015.05.14 06:31:18.777,0.81159,0.8117,1.72,2.32
2015.05.14 06:31:19.320,0.81159,0.8117,1.72,3.15
2015.05.14 06:31:23.688,0.81158,0.81168,2.10,1.10
2015.05.14 06:31:24.193,0.81158,0.81168,1.10,1.65
2015.05.14 06:31:24.728,0.81158,0.81168,1.20,1.57
2015.05.14 06:31:24.992,0.81158,0.81168,1.20,1.57
2015.05.14 06:31:27.401,0.81156,0.81167,1.95,1.20
2015.05.14 06:31:27.503,0.81156,0.81167,1.57,1.52
2015.05.14 06:31:27.971,0.81153,0.81164,2.02,1.95
2015.05.14 06:31:28.173,0.8115,0.81161,1.57,1.07
2015.05.14 06:31:28.476,0.81148,0.8116,2.10,1.27
2015.05.14 06:31:28.577,0.81147,0.8116,2.10,5.85
2015.05.14 06:31:29.087,0.81148,0.8116,1.20,4.65
2015.05.14 06:31:30.306,0.81148,0.81159,1.95,1.60
2015.05.14 06:31:30.817,0.81148,0.8116,1.20,2.47
2015.05.14 06:31:31.366,0.81148,0.81159,1.47,1.17
2015.05.14 06:31:37.940,0.81147,0.8116,1.55,1.27
2015.05.14 06:31:39.006,0.81147,0.81161,2.02,4.20
2015.05.14 06:31:39.309,0.81143,0.81155,1.27,3.07
2015.05.14 06:31:39.511,0.81141,0.81153,2.02,1.27
2015.05.14 06:31:40.036,0.81142,0.81154,1.10,1.52
2015.05.14 06:31:40.558,0.81143,0.81155,1.20,2.77
2015.05.14 06:31:41.333,0.81144,0.81155,1.00,2.77
2015.05.14 06:31:42.299,0.81143,0.81155,2.02,2.02
2015.05.14 06:31:43.027,0.81145,0.81155,1.10,2.02
2015.05.14 06:31:43.538,0.81145,0.81155,1.07,1.45
2015.05.14 06:31:44.890,0.81143,0.81155,1.72,2.02
2015.05.14 06:31:45.783,0.81143,0.81155,1.17,2.77
2015.05.14 06:31:46.798,0.81144,0.81156,1.07,2.77
2015.05.14 06:31:49.020,0.81143,0.81155,2.02,1.27
2015.05.14 06:31:52.206,0.81145,0.81155,1.37,1.27
2015.05.14 06:31:52.371,0.81142,0.81154,2.47,1.20
2015.05.14 06:31:52.727,0.81142,0.81154,1.35,1.45
2015.05.14 06:31:53.302,0.81141,0.81153,1.22,1.20
2015.05.14 06:31:53.666,0.81139,0.81153,1.72,1.15
2015.05.14 06:31:54.425,0.81139,0.81151,1.42,1.00
2015.05.14 06:31:55.971,0.81139,0.81151,1.70,1.10
2015.05.14 06:32:00.632,0.8114,0.81152,1.35,1.27
2015.05.14 06:32:01.174,0.8114,0.81152,1.35,1.27
2015.05.14 06:32:01.751,0.8114,0.81152,1.35,1.27
2015.05.14 06:32:02.086,0.8114,0.81152,1.35,1.27
2015.05.14 06:32:02.665,0.81144,0.81154,1.00,1.27
2015.05.14 06:32:02.968,0.81147,0.81161,3.45,1.27
2015.05.14 06:32:03.479,0.81147,0.81163,1.60,2.47
2015.05.14 06:32:04.378,0.81149,0.81161,1.65,1.20
2015.05.14 06:32:04.723,0.81149,0.81161,1.62,1.15
2015.05.14 06:32:05.245,0.81149,0.81161,1.62,1.07
2015.05.14 06:32:05.599,0.8115,0.81163,1.27,1.52
2015.05.14 06:32:06.725,0.81149,0.81163,1.52,2.02
2015.05.14 06:32:07.229,0.81149,0.81161,1.27,2.02
2015.05.14 06:32:07.763,0.81149,0.81161,1.27,2.02
2015.05.14 06:32:08.305,0.81149,0.81161,1.27,2.02
2015.05.14 06:32:08.889,0.81149,0.81161,1.27,2.02
2015.05.14 06:32:09.776,0.81149,0.81161,1.15,2.02
2015.05.14 06:32:10.029,0.81147,0.81161,2.10,2.02
2015.05.14 06:32:10.332,0.81146,0.81156,1.72,1.00
2015.05.14 06:32:10.874,0.81146,0.81156,1.17,1.47
2015.05.14 06:32:11.025,0.81144,0.81154,1.25,1.20
2015.05.14 06:32:11.512,0.81141,0.81152,3.52,1.50
2015.05.14 06:32:11.613,0.81139,0.81153,5.70,1.52
2015.05.14 06:32:12.174,0.8114,0.81153,2.85,2.02
2015.05.14 06:32:12.714,0.8114,0.81153,2.85,2.02
2015.05.14 06:32:15.030,0.81141,0.81153,1.17,2.02
2015.05.14 06:32:15.537,0.81139,0.81152,2.85,1.12
2015.05.14 06:32:21.724,0.81144,0.81154,1.00,1.55
2015.05.14 06:32:21.876,0.81144,0.81155,1.52,1.27
2015.05.14 06:32:22.234,0.81144,0.81153,1.70,1.00
2015.05.14 06:32:22.790,0.8114,0.81154,4.27,1.95
2015.05.14 06:32:24.305,0.81142,0.81154,1.42,1.20
2015.05.14 06:32:24.802,0.81143,0.81155,4.27,1.95
2015.05.14 06:32:25.210,0.81148,0.81158,1.07,1.07
2015.05.14 06:32:25.312,0.8115,0.8116,1.10,2.32
2015.05.14 06:32:25.362,0.81151,0.8116,1.57,1.57
2015.05.14 06:32:25.470,0.81151,0.81163,2.10,2.02
2015.05.14 06:32:25.723,0.81153,0.81165,2.02,1.95
2015.05.14 06:32:26.234,0.81154,0.81166,2.10,1.55
2015.05.14 06:32:29.067,0.81154,0.81164,1.10,1.20
2015.05.14 06:32:29.596,0.81152,0.81164,1.27,1.20
2015.05.14 06:32:29.748,0.81151,0.81162,1.20,1.20
2015.05.14 06:32:30.275,0.8115,0.81162,1.52,1.17
2015.05.14 06:32:30.912,0.81151,0.81165,1.35,2.10
2015.05.14 06:32:31.696,0.81153,0.81165,1.27,1.55
2015.05.14 06:32:32.150,0.81153,0.81165,1.52,1.10
2015.05.14 06:32:32.464,0.81156,0.81167,1.27,1.55
2015.05.14 06:32:33.056,0.81157,0.81167,1.17,1.10
2015.05.14 06:32:33.320,0.81154,0.81166,1.72,1.57
2015.05.14 06:32:33.673,0.81154,0.81164,1.17,1.00
2015.05.14 06:32:34.455,0.81154,0.81166,1.27,2.10
2015.05.14 06:32:34.882,0.81156,0.81166,2.70,1.27
2015.05.14 06:32:35.033,0.81158,0.81169,1.20,2.40
2015.05.14 06:32:35.134,0.81158,0.81169,1.17,1.27
2015.05.14 06:32:43.903,0.8116,0.8117,1.00,2.77
2015.05.14 06:32:44.732,0.8116,0.8117,1.00,4.20
2015.05.14 06:32:45.136,0.81158,0.8117,3.90,2.17
2015.05.14 06:32:45.662,0.81158,0.8117,3.90,2.17
2015.05.14 06:32:48.645,0.81158,0.8117,2.77,2.17
2015.05.14 06:32:48.847,0.81157,0.81166,1.00,1.27
2015.05.14 06:32:48.898,0.81157,0.81166,1.00,1.27
2015.05.14 06:32:48.950,0.81153,0.81166,1.37,3.45
2015.05.14 06:32:49.137,0.81151,0.81163,1.65,1.55
2015.05.14 06:32:49.340,0.81151,0.81163,1.45,1.60
2015.05.14 06:32:52.574,0.81149,0.81163,1.52,2.10
2015.05.14 06:32:53.528,0.81149,0.81163,2.02,1.60
2015.05.14 06:32:53.832,0.81149,0.81163,4.20,1.62
2015.05.14 06:32:54.340,0.81151,0.81163,1.52,1.60
2015.05.14 06:32:54.848,0.81151,0.81163,1.47,1.52
2015.05.14 06:32:55.101,0.81151,0.81163,2.10,1.10
2015.05.14 06:32:58.773,0.81152,0.81162,2.02,1.00
2015.05.14 06:32:59.177,0.81153,0.81163,2.40,1.10
2015.05.14 06:32:59.278,0.81153,0.81165,1.65,1.62
2015.05.14 06:32:59.819,0.81153,0.81163,1.65,1.17
2015.05.14 06:33:00.239,0.81154,0.81163,1.27,1.07
2015.05.14 06:33:00.290,0.81155,0.81167,3.07,1.25
2015.05.14 06:33:00.725,0.81159,0.81169,1.55,1.07
2015.05.14 06:33:00.776,0.81159,0.81171,1.52,1.35
2015.05.14 06:33:00.877,0.81161,0.81171,1.27,1.20
2015.05.14 06:33:01.397,0.81161,0.81171,1.20,1.20
2015.05.14 06:33:01.942,0.81161,0.81171,1.20,1.12
2015.05.14 06:33:02.471,0.81161,0.81172,1.35,1.37
2015.05.14 06:33:02.573,0.81161,0.81173,2.10,1.10
2015.05.14 06:33:02.777,0.81162,0.81173,1.27,1.15
2015.05.14 06:33:03.290,0.81162,0.81173,1.65,1.17
2015.05.14 06:33:03.694,0.81166,0.81176,1.00,1.15
2015.05.14 06:33:03.846,0.81168,0.81179,1.17,1.95
2015.05.14 06:33:04.149,0.8117,0.81181,1.20,1.72
2015.05.14 06:33:04.200,0.8117,0.81181,1.20,1.65
2015.05.14 06:33:04.713,0.8117,0.81183,2.17,1.47
2015.05.14 06:33:05.236,0.8117,0.81183,2.17,1.47
2015.05.14 06:33:06.136,0.8117,0.81183,2.17,1.47
2015.05.14 06:33:07.106,0.81173,0.81184,1.35,1.55
2015.05.14 06:33:07.618,0.81173,0.81184,2.10,1.45
2015.05.14 06:33:08.821,0.81174,0.81184,1.65,1.00
2015.05.14 06:33:09.023,0.81175,0.81186,1.35,1.20
2015.05.14 06:33:09.226,0.81176,0.81187,4.20,1.00
2015.05.14 06:33:09.327,0.81179,0.8119,1.15,1.20
2015.05.14 06:33:09.865,0.81178,0.81192,1.15,1.52
2015.05.14 06:33:10.705,0.8118,0.81193,1.07,2.02
2015.05.14 06:33:10.908,0.81181,0.81194,1.07,2.47
2015.05.14 06:33:11.738,0.81182,0.81194,1.07,1.35
2015.05.14 06:33:12.552,0.81181,0.81193,2.10,1.47
2015.05.14 06:33:13.076,0.81182,0.81195,1.27,1.52
2015.05.14 06:33:15.756,0.81183,0.81195,1.17,1.55
2015.05.14 06:33:15.858,0.81183,0.81195,1.10,1.52
2015.05.14 06:33:16.165,0.81184,0.81195,1.17,1.70
2015.05.14 06:33:16.711,0.81184,0.81195,1.10,1.62
2015.05.14 06:33:18.244,0.81181,0.81192,1.95,1.17
2015.05.14 06:33:18.558,0.81173,0.81186,2.02,4.20
2015.05.14 06:33:18.608,0.81173,0.81185,1.27,1.27
2015.05.14 06:33:19.137,0.81171,0.81185,3.52,1.27
2015.05.14 06:33:19.288,0.81173,0.81185,1.27,1.20
2015.05.14 06:33:19.591,0.81174,0.81186,1.20,1.35
2015.05.14 06:33:19.895,0.81176,0.81188,1.20,1.72
2015.05.14 06:33:19.946,0.81178,0.81189,1.57,3.52
2015.05.14 06:33:20.301,0.8118,0.81193,1.15,2.92
2015.05.14 06:33:21.090,0.81182,0.81194,1.15,1.65
2015.05.14 06:33:21.650,0.81184,0.81197,1.52,2.47
2015.05.14 06:33:21.701,0.81185,0.81197,2.02,1.35
2015.05.14 06:33:21.753,0.81185,0.81198,2.02,1.35
2015.05.14 06:33:22.056,0.81193,0.81202,1.00,2.77
2015.05.14 06:33:22.564,0.81193,0.81203,1.00,2.77
2015.05.14 06:33:23.072,0.81193,0.81204,1.00,3.15
2015.05.14 06:33:23.903,0.81193,0.81205,1.00,6.82
2015.05.14 06:33:24.444,0.81194,0.81203,1.00,1.60
2015.05.14 06:33:25.813,0.81194,0.81203,1.00,1.57
2015.05.14 06:33:27.519,0.81194,0.81203,1.00,1.62
2015.05.14 06:33:28.323,0.81194,0.81203,1.00,1.62
2015.05.14 06:33:29.222,0.81194,0.81204,1.00,2.17
2015.05.14 06:33:33.138,0.81194,0.81203,1.00,3.52
2015.05.14 06:33:33.372,0.81192,0.81202,1.00,2.10
2015.05.14 06:33:34.346,0.81192,0.81201,1.00,2.02
2015.05.14 06:33:34.863,0.81192,0.81201,1.00,2.02
2015.05.14 06:33:35.408,0.81193,0.81201,1.00,1.20
2015.05.14 06:33:36.286,0.81193,0.81204,1.00,1.62
2015.05.14 06:33:36.338,0.81195,0.81205,1.00,1.70
2015.05.14 06:33:36.853,0.81197,0.81206,1.00,1.55
2015.05.14 06:33:36.958,0.812,0.81209,1.10,1.25
2015.05.14 06:33:37.060,0.812,0.81211,1.65,1.35
2015.05.14 06:33:37.567,0.81202,0.81213,1.00,1.62
2015.05.14 06:33:38.073,0.81202,0.81215,1.10,2.47
2015.05.14 06:33:38.174,0.81202,0.81212,1.00,2.62
2015.05.14 06:33:38.696,0.81202,0.81213,1.00,2.77
2015.05.14 06:33:38.966,0.81202,0.81214,1.00,1.70
2015.05.14 06:33:39.472,0.81202,0.81214,1.10,1.70
2015.05.14 06:33:39.997,0.81202,0.81214,1.15,1.70
2015.05.14 06:33:40.269,0.81202,0.81215,1.20,1.72
2015.05.14 06:33:40.421,0.81203,0.81216,1.17,4.27
2015.05.14 06:33:40.964,0.81203,0.81216,1.00,4.27
2015.05.14 06:33:42.087,0.81203,0.81216,1.45,1.70
2015.05.14 06:33:42.390,0.81204,0.81218,1.27,1.62
2015.05.14 06:33:42.441,0.81204,0.81218,1.27,1.62
2015.05.14 06:33:42.958,0.81206,0.81218,1.10,4.20
2015.05.14 06:33:43.110,0.81206,0.81219,2.02,1.52
2015.05.14 06:33:43.312,0.81208,0.81219,1.00,3.45
2015.05.14 06:33:43.637,0.81204,0.81214,1.00,1.25
2015.05.14 06:33:43.689,0.81201,0.81214,2.10,1.72
2015.05.14 06:33:44.204,0.81201,0.81214,1.65,1.62
2015.05.14 06:33:44.507,0.81202,0.81215,2.02,1.60
2015.05.14 06:33:44.760,0.81204,0.81217,2.10,2.85
2015.05.14 06:33:44.862,0.81206,0.81217,2.02,1.12
2015.05.14 06:33:45.257,0.81206,0.81217,3.22,1.27
2015.05.14 06:33:45.544,0.81206,0.8122,3.30,1.52
2015.05.14 06:33:45.994,0.81206,0.81218,2.17,1.55
2015.05.14 06:33:46.146,0.81202,0.81215,2.02,2.02
2015.05.14 06:33:46.507,0.812,0.81214,1.70,1.52
2015.05.14 06:33:47.965,0.812,0.81213,1.72,1.27
2015.05.14 06:33:50.967,0.812,0.81214,1.72,1.52
2015.05.14 06:33:51.447,0.81202,0.81215,1.55,1.80
2015.05.14 06:33:51.750,0.81205,0.81218,1.57,1.52
2015.05.14 06:33:52.257,0.81207,0.81219,1.12,1.27
2015.05.14 06:33:52.580,0.81202,0.81213,1.65,2.32
2015.05.14 06:33:52.907,0.81201,0.81213,2.77,1.52
2015.05.14 06:33:53.168,0.81203,0.81216,1.27,1.52
2015.05.14 06:33:53.673,0.81204,0.81217,1.37,1.52
2015.05.14 06:33:54.043,0.81204,0.81216,1.27,3.45
2015.05.14 06:33:54.346,0.81203,0.81211,1.87,2.77
2015.05.14 06:33:54.397,0.812,0.81211,1.00,2.85
2015.05.14 06:33:54.908,0.81198,0.81211,1.27,2.85
2015.05.14 06:33:55.423,0.81198,0.81211,1.12,5.77
2015.05.14 06:33:56.748,0.81198,0.81211,1.87,5.02
2015.05.14 06:33:57.311,0.81198,0.81212,1.95,1.67
2015.05.14 06:33:57.842,0.81198,0.81211,2.02,2.85
2015.05.14 06:33:59.134,0.81198,0.81212,2.02,3.60
2015.05.14 06:33:59.628,0.81196,0.81211,2.17,4.35
2015.05.14 06:33:59.729,0.81196,0.81206,1.27,2.62
2015.05.14 06:34:00.084,0.81193,0.81205,1.20,3.45
2015.05.14 06:34:00.591,0.81192,0.81204,3.22,1.27
2015.05.14 06:34:01.381,0.81194,0.81205,1.12,1.25
2015.05.14 06:34:01.432,0.81196,0.81206,1.00,4.65
2015.05.14 06:34:01.483,0.81196,0.81207,1.17,1.35
2015.05.14 06:34:01.585,0.81196,0.8121,1.17,1.67
2015.05.14 06:34:01.702,0.81197,0.81211,2.02,2.47
2015.05.14 06:34:02.244,0.812,0.81213,1.00,5.70
2015.05.14 06:34:03.915,0.81199,0.81212,2.10,1.52
2015.05.14 06:34:04.486,0.81199,0.81212,2.02,1.52
2015.05.14 06:34:04.867,0.81199,0.81212,1.27,1.52
2015.05.14 06:34:12.086,0.812,0.81212,1.00,1.62
2015.05.14 06:34:12.624,0.81198,0.81212,2.02,1.62
2015.05.14 06:34:13.173,0.812,0.81213,1.12,7.20
2015.05.14 06:34:13.887,0.812,0.81213,1.37,7.20
2015.05.14 06:34:14.425,0.812,0.81214,1.62,2.85
2015.05.14 06:34:14.955,0.81199,0.81213,1.52,1.72
2015.05.14 06:34:15.721,0.812,0.81213,1.67,1.62
2015.05.14 06:34:16.331,0.812,0.81214,1.62,1.60
2015.05.14 06:34:16.641,0.812,0.81214,1.62,1.52
2015.05.14 06:34:17.163,0.812,0.81214,1.65,1.52
2015.05.14 06:34:17.684,0.81201,0.81214,1.10,4.35
2015.05.14 06:34:18.025,0.8121,0.81222,1.00,3.22
2015.05.14 06:34:18.535,0.81208,0.81222,1.57,2.70
2015.05.14 06:34:19.068,0.81209,0.81222,1.20,3.60
2015.05.14 06:34:19.472,0.81208,0.8122,1.47,2.32
2015.05.14 06:34:19.674,0.81204,0.81214,1.00,1.27
2015.05.14 06:34:19.826,0.81204,0.81213,1.00,1.35
2015.05.14 06:34:20.340,0.81204,0.81213,1.00,1.72
2015.05.14 06:34:20.878,0.81204,0.81211,1.00,1.25
2015.05.14 06:34:21.279,0.81204,0.81213,1.00,1.72
2015.05.14 06:34:21.381,0.81202,0.81217,2.40,1.90
2015.05.14 06:34:21.550,0.81204,0.81218,1.65,2.47
2015.05.14 06:34:21.601,0.81204,0.8122,1.72,2.77
2015.05.14 06:34:22.151,0.81204,0.8122,3.90,4.20
2015.05.14 06:34:22.875,0.81206,0.8122,2.40,1.70
2015.05.14 06:34:23.541,0.81206,0.8122,5.32,1.70
2015.05.14 06:34:23.743,0.81206,0.8122,2.40,1.62
2015.05.14 06:34:24.072,0.81206,0.81219,3.82,1.55
2015.05.14 06:34:27.371,0.81206,0.8122,2.40,1.67
2015.05.14 06:34:27.626,0.81207,0.81219,1.07,2.17
2015.05.14 06:34:28.161,0.81207,0.81218,1.00,1.60
2015.05.14 06:34:28.313,0.81204,0.81216,1.35,2.02
2015.05.14 06:34:29.035,0.81204,0.81215,1.07,1.17
2015.05.14 06:34:29.477,0.81203,0.81213,1.37,1.27
2015.05.14 06:34:29.833,0.81201,0.81212,1.27,2.02
2015.05.14 06:34:30.355,0.812,0.81211,1.57,1.27
2015.05.14 06:34:30.863,0.812,0.81211,1.57,1.55
2015.05.14 06:34:35.166,0.81197,0.81208,1.52,1.87
2015.05.14 06:34:35.513,0.81192,0.81202,1.65,1.10
2015.05.14 06:34:37.258,0.81195,0.81203,1.00,1.07
2015.05.14 06:34:37.360,0.81195,0.81205,1.47,1.10
2015.05.14 06:34:37.888,0.81195,0.81204,1.57,1.00
2015.05.14 06:34:38.409,0.81195,0.81203,1.27,1.00
2015.05.14 06:34:38.974,0.81194,0.81203,1.47,1.00
2015.05.14 06:34:39.481,0.81193,0.81202,2.40,1.00
2015.05.14 06:34:42.113,0.81193,0.81202,1.65,1.00
2015.05.14 06:34:43.888,0.81194,0.81205,2.40,1.10
2015.05.14 06:34:43.991,0.81195,0.81205,2.77,1.00
2015.05.14 06:34:44.261,0.81196,0.81208,2.02,1.20
2015.05.14 06:34:44.769,0.81199,0.81208,1.07,1.10
2015.05.14 06:34:45.890,0.81197,0.81209,4.20,1.00
2015.05.14 06:34:47.162,0.81199,0.8121,2.02,1.12
2015.05.14 06:34:48.141,0.81199,0.81209,1.52,1.00
2015.05.14 06:34:48.681,0.81197,0.81208,4.35,1.00
2015.05.14 06:34:48.732,0.81197,0.81208,1.75,1.07
2015.05.14 06:34:49.267,0.81197,0.81208,1.52,1.12
2015.05.14 06:34:49.520,0.81195,0.81208,2.77,2.02
2015.05.14 06:34:50.344,0.81196,0.81204,1.27,1.00
2015.05.14 06:34:50.858,0.81196,0.81204,1.27,1.00
2015.05.14 06:34:53.347,0.81194,0.81204,1.27,1.00
2015.05.14 06:34:53.751,0.81194,0.81203,1.20,1.00
2015.05.14 06:34:56.955,0.81194,0.81204,2.02,1.10
2015.05.14 06:34:58.822,0.81194,0.81206,1.52,1.17
2015.05.14 06:34:59.453,0.81195,0.81207,2.77,1.35
2015.05.14 06:34:59.664,0.81194,0.81206,2.40,1.15
2015.05.14 06:34:59.967,0.81193,0.81203,1.10,1.15
2015.05.14 06:35:02.860,0.81193,0.81203,1.20,1.20
2015.05.14 06:35:03.154,0.81194,0.81205,1.15,1.57
2015.05.14 06:35:03.255,0.81194,0.81205,2.02,1.20
2015.05.14 06:35:03.458,0.81196,0.81206,1.27,1.20
2015.05.14 06:35:03.559,0.81195,0.81206,1.65,1.30
2015.05.14 06:35:04.080,0.81196,0.81207,1.27,1.20
2015.05.14 06:35:04.282,0.81197,0.81207,1.52,1.10
2015.05.14 06:35:05.586,0.81198,0.81207,1.52,1.00
2015.05.14 06:35:05.637,0.812,0.81209,1.12,1.20
2015.05.14 06:35:06.553,0.81198,0.81209,2.02,1.20
2015.05.14 06:35:11.287,0.81198,0.81209,1.45,1.17
2015.05.14 06:35:11.490,0.81198,0.81211,2.77,1.35
2015.05.14 06:35:11.881,0.81202,0.81211,1.00,1.25
2015.05.14 06:35:12.185,0.81205,0.81214,1.52,1.00
2015.05.14 06:35:12.691,0.81208,0.81215,1.47,1.00
2015.05.14 06:35:13.096,0.81208,0.81219,1.55,1.35
2015.05.14 06:35:13.298,0.81207,0.81219,1.52,1.35
2015.05.14 06:35:13.848,0.81206,0.81219,4.20,1.42
2015.05.14 06:35:18.273,0.8121,0.81221,1.27,1.07
2015.05.14 06:35:18.324,0.8121,0.81221,1.27,1.10
2015.05.14 06:35:19.691,0.8121,0.81221,1.27,1.10
2015.05.14 06:35:20.015,0.8121,0.8122,1.20,1.07
2015.05.14 06:35:21.325,0.8121,0.8122,1.27,1.10
2015.05.14 06:35:23.115,0.8121,0.81217,2.02,1.00
2015.05.14 06:35:26.080,0.81209,0.81215,1.45,1.00
2015.05.14 06:35:26.132,0.81208,0.81215,1.00,1.07
2015.05.14 06:35:26.233,0.81204,0.81212,1.27,1.10
2015.05.14 06:35:26.335,0.81203,0.81211,1.20,1.10
2015.05.14 06:35:26.537,0.81203,0.81213,1.65,1.00
2015.05.14 06:35:26.933,0.81203,0.81213,1.57,1.10
2015.05.14 06:35:27.388,0.81205,0.81213,1.07,1.00
2015.05.14 06:35:27.540,0.81205,0.81215,4.27,1.10
2015.05.14 06:35:28.046,0.81206,0.81215,2.02,1.00
2015.05.14 06:35:28.590,0.81206,0.81215,3.15,1.00
2015.05.14 06:35:28.742,0.81206,0.81215,3.15,1.00
2015.05.14 06:35:28.945,0.81207,0.81216,4.27,1.00
2015.05.14 06:35:31.158,0.81209,0.81217,1.10,1.00
2015.05.14 06:35:36.152,0.81208,0.81217,2.02,1.00
2015.05.14 06:35:36.665,0.81208,0.81217,2.02,1.00
2015.05.14 06:35:37.185,0.81208,0.81217,1.20,1.00
2015.05.14 06:35:37.710,0.81208,0.81217,1.15,1.00
2015.05.14 06:35:45.179,0.8121,0.81217,1.00,1.00
2015.05.14 06:35:45.230,0.8121,0.81219,1.07,1.20
2015.05.14 06:35:45.382,0.81213,0.81223,1.00,2.10
2015.05.14 06:35:45.685,0.81216,0.81224,1.65,1.00
2015.05.14 06:35:45.736,0.81214,0.81224,1.27,1.20
2015.05.14 06:35:45.786,0.81213,0.81224,3.22,1.57
2015.05.14 06:35:45.837,0.81213,0.81224,1.27,2.02
2015.05.14 06:35:47.448,0.81212,0.81225,2.10,2.85
2015.05.14 06:35:47.650,0.81213,0.81225,2.77,2.10
2015.05.14 06:35:48.274,0.81214,0.81226,1.10,2.77
2015.05.14 06:35:49.271,0.81214,0.81226,1.17,1.52
2015.05.14 06:35:49.574,0.81211,0.81224,2.55,2.02
2015.05.14 06:35:50.544,0.81211,0.81222,1.20,1.55
2015.05.14 06:35:51.061,0.81211,0.81222,1.10,1.65
2015.05.14 06:35:52.073,0.8121,0.81222,1.27,2.10
2015.05.14 06:35:52.604,0.8121,0.81223,1.17,2.92
2015.05.14 06:35:53.572,0.81209,0.81222,2.85,2.10
2015.05.14 06:35:54.593,0.81209,0.81222,2.47,2.10
2015.05.14 06:35:56.614,0.81209,0.81222,2.85,2.10
2015.05.14 06:35:57.131,0.81211,0.81223,1.17,1.55
2015.05.14 06:35:57.679,0.81212,0.81224,1.20,2.77
2015.05.14 06:35:58.082,0.81212,0.81224,1.65,2.77
2015.05.14 06:35:58.408,0.81216,0.81226,1.27,1.00
2015.05.14 06:35:58.510,0.81217,0.81231,1.27,4.65
2015.05.14 06:35:59.015,0.8122,0.81232,1.00,1.62
2015.05.14 06:36:02.227,0.8122,0.81232,1.10,1.62
2015.05.14 06:36:02.582,0.8122,0.81232,1.10,3.52
2015.05.14 06:36:02.887,0.81219,0.81232,1.65,1.55
2015.05.14 06:36:05.201,0.81218,0.81231,3.45,2.02
2015.05.14 06:36:05.303,0.81218,0.8123,1.55,1.55
2015.05.14 06:36:05.807,0.81218,0.8123,1.55,1.62
2015.05.14 06:36:06.009,0.81214,0.81225,6.15,1.12
2015.05.14 06:36:06.109,0.81212,0.81225,2.17,2.02
2015.05.14 06:36:06.645,0.81212,0.81223,1.67,1.27
2015.05.14 06:36:07.205,0.81212,0.81223,1.62,1.27
2015.05.14 06:36:09.178,0.81213,0.81226,1.65,3.67
2015.05.14 06:36:11.120,0.81215,0.81226,1.57,2.77
2015.05.14 06:36:15.101,0.81216,0.81227,1.15,1.65
2015.05.14 06:36:15.405,0.81213,0.81225,1.42,1.52
2015.05.14 06:36:15.607,0.81213,0.81225,1.12,1.52
2015.05.14 06:36:17.638,0.81212,0.81225,2.40,3.22
2015.05.14 06:36:18.636,0.81213,0.81225,1.95,1.62
2015.05.14 06:36:19.157,0.81213,0.81225,2.02,1.65
2015.05.14 06:36:20.667,0.81213,0.81225,1.27,2.10
2015.05.14 06:36:21.185,0.81212,0.81224,1.52,1.52
2015.05.14 06:36:25.364,0.81212,0.81224,1.65,1.55
2015.05.14 06:36:26.505,0.81214,0.81226,1.15,2.40
2015.05.14 06:36:27.356,0.81215,0.81226,1.17,1.65
2015.05.14 06:36:30.146,0.81214,0.81226,2.02,1.27
2015.05.14 06:36:30.656,0.81216,0.81228,2.02,2.10
2015.05.14 06:36:31.341,0.81216,0.81228,4.95,1.47
2015.05.14 06:36:31.392,0.81219,0.81229,1.15,1.55
2015.05.14 06:36:31.443,0.81219,0.81229,1.15,1.55
2015.05.14 06:36:32.163,0.81219,0.81229,1.15,1.57
2015.05.14 06:36:32.672,0.8122,0.81231,1.17,2.10
2015.05.14 06:36:33.771,0.8122,0.81231,3.07,1.52
2015.05.14 06:36:34.177,0.81221,0.81232,1.15,3.15
2015.05.14 06:36:34.981,0.81221,0.81232,1.17,1.65
2015.05.14 06:36:35.487,0.81219,0.81232,1.52,1.65
2015.05.14 06:36:36.633,0.81219,0.8123,1.52,1.07
2015.05.14 06:36:37.295,0.81219,0.8123,1.17,1.15
2015.05.14 06:36:41.569,0.81217,0.81228,3.82,1.47
2015.05.14 06:36:41.671,0.81217,0.81225,1.00,1.12
2015.05.14 06:36:41.975,0.81212,0.81224,1.27,1.35
2015.05.14 06:36:42.379,0.81211,0.81221,1.15,1.37
2015.05.14 06:36:42.787,0.81209,0.81221,2.77,2.17
2015.05.14 06:36:43.090,0.81209,0.81221,4.95,2.10
2015.05.14 06:36:44.381,0.8121,0.81222,2.02,3.52
2015.05.14 06:36:45.755,0.8121,0.81222,4.20,3.52
2015.05.14 06:36:46.923,0.81211,0.81223,2.02,2.40
2015.05.14 06:36:47.252,0.81212,0.81223,3.07,1.57
2015.05.14 06:36:47.811,0.81212,0.81223,3.45,1.12
2015.05.14 06:36:47.963,0.81214,0.81226,1.15,1.62
2015.05.14 06:36:48.514,0.81214,0.81226,1.15,2.40
2015.05.14 06:36:49.314,0.81214,0.81226,1.15,2.02
2015.05.14 06:36:51.308,0.81214,0.81226,1.15,2.02
2015.05.14 06:36:51.411,0.81213,0.81225,1.15,1.95
2015.05.14 06:36:51.615,0.81211,0.81223,1.15,1.95
2015.05.14 06:36:51.716,0.81211,0.8122,1.15,1.00
2015.05.14 06:36:52.235,0.81211,0.81221,1.15,1.10
2015.05.14 06:36:52.582,0.81211,0.81221,1.15,1.17
2015.05.14 06:36:53.144,0.81217,0.81223,2.02,1.00
2015.05.14 06:36:53.245,0.81217,0.81226,1.87,1.20
2015.05.14 06:36:53.347,0.81218,0.81228,1.15,1.72
2015.05.14 06:36:53.499,0.81218,0.81229,1.15,1.27
2015.05.14 06:36:53.955,0.81219,0.8123,1.15,1.17
2015.05.14 06:36:54.476,0.8122,0.8123,1.00,1.65
2015.05.14 06:36:55.429,0.8122,0.8123,1.07,1.17
2015.05.14 06:36:55.960,0.8122,0.8123,1.27,1.10
2015.05.14 06:36:56.963,0.81222,0.81234,1.17,2.10
2015.05.14 06:36:57.389,0.81223,0.81234,1.17,1.55
2015.05.14 06:36:57.440,0.81223,0.81235,1.15,1.62
2015.05.14 06:36:57.580,0.81223,0.81235,1.15,1.62
2015.05.14 06:36:58.659,0.81224,0.81236,1.15,2.17
2015.05.14 06:36:58.962,0.81222,0.81234,2.02,1.45
2015.05.14 06:36:59.466,0.81222,0.81233,2.02,1.20
2015.05.14 06:37:00.344,0.81222,0.81234,1.17,1.62
2015.05.14 06:37:00.681,0.81222,0.81234,1.17,1.62
2015.05.14 06:37:01.209,0.81222,0.81234,1.15,2.10
2015.05.14 06:37:01.714,0.81222,0.81234,1.15,1.65
2015.05.14 06:37:02.046,0.81222,0.81232,1.10,1.20
2015.05.14 06:37:02.725,0.81222,0.81232,1.10,2.02
2015.05.14 06:37:03.248,0.81218,0.81231,3.45,1.55
2015.05.14 06:37:05.069,0.81219,0.8123,1.27,1.57
2015.05.14 06:37:07.371,0.81219,0.8123,1.27,1.62
2015.05.14 06:37:07.909,0.81218,0.81231,1.55,2.17
2015.05.14 06:37:08.163,0.81218,0.81231,3.45,2.10
2015.05.14 06:37:08.891,0.81219,0.81231,1.17,2.02
2015.05.14 06:37:09.413,0.81219,0.81231,1.25,2.02
2015.05.14 06:37:09.952,0.81219,0.81231,1.25,1.45
2015.05.14 06:37:10.470,0.81219,0.81231,1.27,1.55
2015.05.14 06:37:10.977,0.81219,0.81231,1.25,1.45
2015.05.14 06:37:13.566,0.81219,0.8123,1.15,1.47
2015.05.14 06:37:13.912,0.8122,0.8123,1.17,1.47
2015.05.14 06:37:14.013,0.81218,0.8123,1.65,1.55
2015.05.14 06:37:14.523,0.81218,0.8123,1.65,2.92
2015.05.14 06:37:15.094,0.81218,0.8123,1.15,2.17
2015.05.14 06:37:15.272,0.81216,0.81224,5.25,1.00
2015.05.14 06:37:15.322,0.81214,0.81224,1.80,1.12
2015.05.14 06:37:15.373,0.81214,0.81224,3.22,1.37
2015.05.14 06:37:15.894,0.81213,0.81223,2.40,2.02
2015.05.14 06:37:16.232,0.81211,0.81221,1.17,1.27
2015.05.14 06:37:18.497,0.81211,0.81221,1.17,1.55
2015.05.14 06:37:18.599,0.81209,0.81219,1.25,1.37
2015.05.14 06:37:18.700,0.81209,0.81219,1.00,1.52
2015.05.14 06:37:19.232,0.81208,0.81219,1.27,1.55
2015.05.14 06:37:19.746,0.81211,0.8122,1.20,1.37
2015.05.14 06:37:20.513,0.81211,0.8122,1.10,1.12
2015.05.14 06:37:21.030,0.81211,0.8122,1.10,1.20
2015.05.14 06:37:25.233,0.81211,0.81221,1.15,2.10
2015.05.14 06:37:25.446,0.81211,0.81221,1.20,1.42
2015.05.14 06:37:25.956,0.81211,0.81221,1.10,1.55
2015.05.14 06:37:27.585,0.81213,0.81219,1.50,1.20
2015.05.14 06:37:28.106,0.81213,0.8122,1.57,1.57
2015.05.14 06:37:28.426,0.81214,0.81222,1.50,1.35
2015.05.14 06:37:28.528,0.81215,0.81223,1.57,1.87
2015.05.14 06:37:28.679,0.81217,0.81227,1.00,1.72
2015.05.14 06:37:28.730,0.81219,0.81228,1.10,3.15
2015.05.14 06:37:28.781,0.81219,0.81228,1.10,1.35
2015.05.14 06:37:28.832,0.81219,0.81228,1.65,1.20
2015.05.14 06:37:29.323,0.81219,0.8123,1.17,2.02
2015.05.14 06:37:29.852,0.8122,0.8123,1.15,1.20
2015.05.14 06:37:30.003,0.81223,0.8123,1.50,1.20
2015.05.14 06:37:31.714,0.81224,0.8123,1.50,1.10
2015.05.14 06:37:31.916,0.81226,0.81233,1.50,1.00
2015.05.14 06:37:32.320,0.81228,0.81234,1.50,1.10
2015.05.14 06:37:32.371,0.81228,0.81236,1.50,1.57
2015.05.14 06:37:32.422,0.81226,0.81236,1.95,1.10
2015.05.14 06:37:32.473,0.81227,0.81237,1.17,1.00
2015.05.14 06:37:32.981,0.81228,0.81237,1.57,1.00
2015.05.14 06:37:33.597,0.81229,0.81237,1.27,1.00
2015.05.14 06:37:34.105,0.81229,0.81237,1.27,1.00
2015.05.14 06:37:34.394,0.81229,0.81237,1.27,1.00
2015.05.14 06:37:34.973,0.81229,0.81237,1.27,1.00
2015.05.14 06:37:36.209,0.81229,0.81237,1.27,1.00
2015.05.14 06:37:36.380,0.81229,0.81237,1.27,1.00
2015.05.14 06:37:36.889,0.81229,0.81237,1.27,1.00
2015.05.14 06:37:45.505,0.81229,0.81237,1.15,1.00
2015.05.14 06:37:46.007,0.81229,0.81237,1.15,1.00
2015.05.14 06:37:47.413,0.81229,0.81237,1.15,1.00
2015.05.14 06:37:48.222,0.81229,0.81237,1.17,1.00
2015.05.14 06:37:48.651,0.81229,0.81235,1.17,1.00
2015.05.14 06:37:48.752,0.81227,0.81236,1.25,1.00
2015.05.14 06:37:49.278,0.81226,0.81236,1.65,1.12
2015.05.14 06:37:49.531,0.81226,0.81236,3.82,1.12
2015.05.14 06:37:50.042,0.81227,0.81236,1.17,1.12
2015.05.14 06:37:53.743,0.81229,0.81237,1.07,1.47
2015.05.14 06:37:53.987,0.81229,0.81237,1.57,1.37
2015.05.14 06:37:54.690,0.81229,0.81237,1.57,1.12
2015.05.14 06:37:55.240,0.81229,0.81237,1.65,1.12
2015.05.14 06:37:56.267,0.81229,0.81237,1.65,1.00
2015.05.14 06:37:56.368,0.81229,0.81237,1.65,1.00
2015.05.14 06:37:57.254,0.8123,0.81239,1.20,1.87
2015.05.14 06:37:57.407,0.8123,0.81239,1.65,1.37
2015.05.14 06:37:57.970,0.81231,0.81239,1.65,1.00
2015.05.14 06:37:58.021,0.81231,0.81241,1.65,1.50
2015.05.14 06:37:58.550,0.81231,0.81241,1.65,1.12
2015.05.14 06:38:00.694,0.81231,0.81241,1.65,1.12
2015.05.14 06:38:01.526,0.81231,0.81241,1.65,1.87
2015.05.14 06:38:02.116,0.81231,0.81241,1.65,1.87
2015.05.14 06:38:02.168,0.81231,0.81238,1.17,1.00
2015.05.14 06:38:02.727,0.81231,0.81238,1.00,1.00
2015.05.14 06:38:03.254,0.8123,0.81238,1.00,1.00
2015.05.14 06:38:03.862,0.81231,0.81238,1.00,1.00
2015.05.14 06:38:04.685,0.81232,0.81238,1.00,1.00
2015.05.14 06:38:05.191,0.81231,0.81239,1.10,1.10
2015.05.14 06:38:06.212,0.81232,0.81239,1.00,1.00
2015.05.14 06:38:06.737,0.81232,0.81239,1.07,1.00
2015.05.14 06:38:07.343,0.81232,0.81241,1.07,1.95
2015.05.14 06:38:08.052,0.81233,0.81242,1.07,2.70
2015.05.14 06:38:09.241,0.81232,0.81242,1.10,2.70
2015.05.14 06:38:13.431,0.81231,0.81241,1.00,1.55
2015.05.14 06:38:13.935,0.81231,0.8124,1.00,1.47
2015.05.14 06:38:14.443,0.8123,0.8124,1.57,1.95
2015.05.14 06:38:15.595,0.81229,0.8124,1.20,2.02
2015.05.14 06:38:15.855,0.81229,0.8124,1.10,2.02
2015.05.14 06:38:16.046,0.8123,0.8124,1.00,2.77
2015.05.14 06:38:16.548,0.81229,0.8124,1.10,2.02
2015.05.14 06:38:17.569,0.81229,0.8124,1.50,2.02
2015.05.14 06:38:18.088,0.81229,0.8124,1.57,2.02
2015.05.14 06:38:18.351,0.8123,0.8124,1.50,2.77
2015.05.14 06:38:18.854,0.81229,0.8124,1.57,2.02
2015.05.14 06:38:19.907,0.81231,0.8124,1.00,2.77
2015.05.14 06:38:20.409,0.8123,0.8124,1.10,2.02
2015.05.14 06:38:20.853,0.81232,0.8124,1.00,1.20
2015.05.14 06:38:21.362,0.81232,0.81241,1.07,1.47
2015.05.14 06:38:32.898,0.81233,0.81241,1.00,1.45
2015.05.14 06:38:33.447,0.81231,0.81241,1.57,1.95
2015.05.14 06:38:37.122,0.81231,0.81241,1.57,1.95
2015.05.14 06:38:38.060,0.81232,0.81241,1.10,1.95
2015.05.14 06:38:39.517,0.81233,0.81241,1.00,1.95
2015.05.14 06:38:40.064,0.81233,0.81241,1.00,1.00
2015.05.14 06:38:40.670,0.81232,0.81241,1.10,1.00
2015.05.14 06:38:41.024,0.81232,0.81241,1.17,1.00
2015.05.14 06:38:41.538,0.81232,0.81241,1.17,1.37
2015.05.14 06:38:43.073,0.81233,0.81241,1.07,1.12
2015.05.14 06:38:43.575,0.81232,0.81241,1.07,1.95
2015.05.14 06:38:44.120,0.81231,0.81241,1.17,1.95
2015.05.14 06:38:45.073,0.81232,0.81241,1.07,1.95
2015.05.14 06:38:49.051,0.8123,0.81241,1.15,1.95
2015.05.14 06:38:55.061,0.81231,0.81241,1.65,1.47
2015.05.14 06:38:56.106,0.8123,0.81241,1.65,1.20
2015.05.14 06:39:01.484,0.81232,0.81242,1.15,1.65
2015.05.14 06:39:01.991,0.81232,0.81242,3.15,1.95
2015.05.14 06:39:02.294,0.81235,0.81245,1.20,1.67
2015.05.14 06:39:02.798,0.81236,0.81245,1.00,2.10
2015.05.14 06:39:02.849,0.81233,0.81245,1.65,2.10
2015.05.14 06:39:03.307,0.81232,0.81242,1.10,1.55
2015.05.14 06:39:03.812,0.81231,0.81242,2.40,1.65
2015.05.14 06:39:06.078,0.81231,0.81242,1.65,1.27
2015.05.14 06:39:06.583,0.81231,0.81243,2.02,1.62
2015.05.14 06:39:06.886,0.81237,0.81245,1.00,1.72
2015.05.14 06:39:07.139,0.81238,0.81248,1.17,2.10
2015.05.14 06:39:07.318,0.81239,0.81247,1.65,2.02
2015.05.14 06:39:07.419,0.81235,0.81245,1.35,1.50
2015.05.14 06:39:07.492,0.81236,0.81245,1.10,1.57
2015.05.14 06:39:07.551,0.81236,0.81243,1.00,1.00
2015.05.14 06:39:07.624,0.81233,0.81243,1.95,1.00
2015.05.14 06:39:08.041,0.81236,0.81242,3.00,1.10
2015.05.14 06:39:08.092,0.81238,0.81246,1.00,1.57
2015.05.14 06:39:08.142,0.81241,0.81248,1.00,1.17
2015.05.14 06:39:08.193,0.81242,0.81249,1.00,1.10
2015.05.14 06:39:08.367,0.81242,0.81251,1.17,1.12
2015.05.14 06:39:08.823,0.81244,0.81253,1.17,2.02
2015.05.14 06:39:08.874,0.81247,0.81255,1.10,1.95
2015.05.14 06:39:09.197,0.81252,0.81261,1.15,2.02
2015.05.14 06:39:09.350,0.81258,0.81267,1.65,1.17
2015.05.14 06:39:09.401,0.81264,0.81273,1.00,1.27
2015.05.14 06:39:09.553,0.8127,0.8128,1.57,2.10
2015.05.14 06:39:09.755,0.81275,0.8128,1.10,1.20
2015.05.14 06:39:09.856,0.81271,0.81283,3.07,1.00
2015.05.14 06:39:09.958,0.81271,0.81285,2.40,3.15
2015.05.14 06:39:10.110,0.8127,0.81283,1.65,2.10
2015.05.14 06:39:10.161,0.81273,0.81283,1.07,1.52
2015.05.14 06:39:10.542,0.81273,0.81285,1.15,1.55
2015.05.14 06:39:10.665,0.81274,0.81287,2.32,1.62
2015.05.14 06:39:10.993,0.81274,0.81284,1.57,1.17
2015.05.14 06:39:11.162,0.81272,0.81283,2.62,1.12
2015.05.14 06:39:11.637,0.81271,0.81282,1.12,1.75
2015.05.14 06:39:12.255,0.8127,0.81281,1.00,1.45
2015.05.14 06:39:13.234,0.81269,0.81282,1.87,1.87
2015.05.14 06:39:13.538,0.8127,0.81282,1.00,1.37
2015.05.14 06:39:14.045,0.8127,0.81281,1.17,1.00
2015.05.14 06:39:14.547,0.8127,0.81282,1.50,1.00
2015.05.14 06:39:14.850,0.81269,0.81282,1.17,1.00
2015.05.14 06:39:15.153,0.81271,0.81283,3.45,1.12
2015.05.14 06:39:15.456,0.81275,0.81286,2.32,1.12
2015.05.14 06:39:15.557,0.81273,0.81286,4.35,1.95
2015.05.14 06:39:15.702,0.81273,0.81286,1.42,2.02
2015.05.14 06:39:16.055,0.81272,0.81285,1.30,1.52
2015.05.14 06:39:16.561,0.81272,0.81283,1.30,1.10
2015.05.14 06:39:16.764,0.81271,0.81283,2.77,1.10
2015.05.14 06:39:17.262,0.8127,0.81283,1.35,1.55
2015.05.14 06:39:17.566,0.81266,0.81275,4.35,1.47
2015.05.14 06:39:17.971,0.81266,0.81274,3.00,1.92
2015.05.14 06:39:18.274,0.8126,0.81272,1.32,1.17
2015.05.14 06:39:18.661,0.81258,0.8127,2.77,2.62
2015.05.14 06:39:18.863,0.81256,0.81268,1.52,1.70
2015.05.14 06:39:19.116,0.81255,0.81269,3.60,1.65
2015.05.14 06:39:19.167,0.81255,0.81269,1.70,1.65
2015.05.14 06:39:19.672,0.81256,0.81269,1.62,1.45
2015.05.14 06:39:19.978,0.81257,0.81272,2.77,2.77
2015.05.14 06:39:20.953,0.81258,0.81271,2.10,2.02
2015.05.14 06:39:21.459,0.81255,0.81271,7.57,2.85
2015.05.14 06:39:21.762,0.81264,0.81274,1.07,1.07
2015.05.14 06:39:22.016,0.81268,0.81281,1.35,3.15
2015.05.14 06:39:22.268,0.81267,0.81281,4.65,3.45
2015.05.14 06:39:22.590,0.81263,0.81275,3.45,1.20
2015.05.14 06:39:22.691,0.81262,0.81274,1.27,1.20
2015.05.14 06:39:22.845,0.81259,0.81274,3.45,2.77
2015.05.14 06:39:23.271,0.81258,0.81272,2.40,1.50
2015.05.14 06:39:24.792,0.81258,0.81272,1.67,2.77
2015.05.14 06:39:25.789,0.81259,0.81272,1.72,1.27
2015.05.14 06:39:27.437,0.81259,0.81272,2.92,2.02
2015.05.14 06:39:27.692,0.81259,0.81272,5.85,2.77
2015.05.14 06:39:28.400,0.8126,0.81273,1.35,2.77
2015.05.14 06:39:29.135,0.8126,0.81272,2.17,1.10
2015.05.14 06:39:29.706,0.8126,0.81273,2.17,2.77
2015.05.14 06:39:30.402,0.81259,0.81273,2.47,2.77
2015.05.14 06:39:31.011,0.81261,0.81273,1.35,1.87
2015.05.14 06:39:31.841,0.81261,0.81275,2.85,1.52
2015.05.14 06:39:32.364,0.81262,0.81275,1.27,2.77
2015.05.14 06:39:32.859,0.81261,0.81276,1.62,4.35
2015.05.14 06:39:33.313,0.81262,0.81271,1.27,1.87
2015.05.14 06:39:33.416,0.81262,0.81271,1.20,1.87
2015.05.14 06:39:33.921,0.81261,0.81271,1.27,2.02
2015.05.14 06:39:34.445,0.81261,0.81271,1.17,2.25
2015.05.14 06:39:34.972,0.81261,0.8127,1.10,2.40
2015.05.14 06:39:35.935,0.81261,0.8127,1.00,2.77
2015.05.14 06:39:37.926,0.81261,0.8127,1.00,1.95
2015.05.14 06:39:39.294,0.8126,0.81269,1.50,1.95
2015.05.14 06:39:39.573,0.81262,0.81269,1.00,1.95
2015.05.14 06:39:40.699,0.81262,0.81271,1.00,2.02
2015.05.14 06:39:41.204,0.81262,0.81271,1.00,1.65
2015.05.14 06:39:42.293,0.81263,0.81271,1.00,1.92
2015.05.14 06:39:42.828,0.81263,0.81271,1.00,1.87
2015.05.14 06:39:43.335,0.81263,0.81271,2.40,1.87
2015.05.14 06:39:43.838,0.81263,0.81274,3.90,1.17
2015.05.14 06:39:43.890,0.81264,0.81275,1.35,1.52
2015.05.14 06:39:44.042,0.81264,0.81275,1.27,1.52
2015.05.14 06:39:44.841,0.81265,0.81274,1.00,1.47
2015.05.14 06:39:44.942,0.81266,0.81276,1.00,3.15
2015.05.14 06:39:45.456,0.81264,0.81275,1.55,1.20
2015.05.14 06:39:46.460,0.81264,0.81276,1.55,1.65
2015.05.14 06:39:46.977,0.81262,0.81275,1.52,1.27
2015.05.14 06:39:47.079,0.81267,0.81276,1.00,1.72
2015.05.14 06:39:47.382,0.81268,0.8128,3.52,1.65
2015.05.14 06:39:47.433,0.81268,0.8128,3.52,1.57
2015.05.14 06:39:47.484,0.81268,0.81281,2.77,1.30
2015.05.14 06:39:48.307,0.81267,0.8128,4.35,1.00
2015.05.14 06:39:48.966,0.81268,0.81279,1.62,1.50
2015.05.14 06:39:49.511,0.81267,0.8128,4.35,2.25
2015.05.14 06:39:50.686,0.81267,0.81279,5.85,1.50
2015.05.14 06:39:50.890,0.81267,0.81277,3.97,1.87
2015.05.14 06:39:50.991,0.81266,0.81277,1.15,1.95
2015.05.14 06:39:51.093,0.81264,0.81275,2.85,1.87
2015.05.14 06:39:51.397,0.81263,0.81275,1.52,3.52
2015.05.14 06:39:51.816,0.81265,0.81276,2.62,3.22
2015.05.14 06:39:51.918,0.81265,0.81278,4.20,2.32
2015.05.14 06:39:52.019,0.81267,0.81278,2.70,2.25
2015.05.14 06:39:52.272,0.81267,0.8128,2.70,2.47
2015.05.14 06:39:52.774,0.81267,0.8128,2.77,1.57
2015.05.14 06:39:53.422,0.81267,0.8128,2.77,1.57
2015.05.14 06:39:53.927,0.81267,0.8128,1.52,2.40
2015.05.14 06:39:54.130,0.81267,0.8128,1.52,2.40
2015.05.14 06:39:54.231,0.81265,0.81278,1.70,1.57
2015.05.14 06:39:54.752,0.81264,0.81278,4.35,1.97
2015.05.14 06:39:55.931,0.81265,0.81277,1.62,1.65
2015.05.14 06:39:56.033,0.81267,0.81277,1.27,1.20
2015.05.14 06:39:56.185,0.81267,0.81279,1.27,1.57
2015.05.14 06:39:56.387,0.81267,0.81279,2.10,3.00
2015.05.14 06:39:56.758,0.81264,0.81276,3.22,1.20
2015.05.14 06:39:57.263,0.81264,0.81275,1.35,1.07
2015.05.14 06:39:57.735,0.81263,0.81276,1.42,1.65
2015.05.14 06:39:58.724,0.81263,0.81275,1.72,1.17
2015.05.14 06:40:00.794,0.81264,0.81276,1.20,1.62
2015.05.14 06:40:01.337,0.81264,0.81276,1.27,3.60
2015.05.14 06:40:01.872,0.81262,0.81276,2.47,3.15
2015.05.14 06:40:02.175,0.81262,0.81276,5.40,2.40
2015.05.14 06:40:02.595,0.81263,0.81275,1.17,2.25
2015.05.14 06:40:03.101,0.81261,0.81275,2.85,2.75
2015.05.14 06:40:03.324,0.81259,0.81272,4.20,3.00
2015.05.14 06:40:03.477,0.81257,0.81267,1.10,1.50
2015.05.14 06:40:03.578,0.81258,0.81267,1.00,1.10
2015.05.14 06:40:03.679,0.81258,0.81269,1.65,1.27
2015.05.14 06:40:03.731,0.81258,0.81269,2.85,1.07
2015.05.14 06:40:04.241,0.81259,0.81271,1.35,2.02
2015.05.14 06:40:04.544,0.81259,0.81271,4.27,2.02
2015.05.14 06:40:04.746,0.8126,0.81273,1.15,3.52
2015.05.14 06:40:05.963,0.8126,0.81273,1.35,3.52
2015.05.14 06:40:06.269,0.81268,0.81278,1.17,1.95
2015.05.14 06:40:06.862,0.81266,0.81278,2.02,2.70
2015.05.14 06:40:07.466,0.81266,0.81276,1.27,1.12
2015.05.14 06:40:08.202,0.81266,0.81276,1.17,1.27
2015.05.14 06:40:08.740,0.81264,0.81276,2.17,2.40
2015.05.14 06:40:08.791,0.81264,0.81276,2.17,2.40
2015.05.14 06:40:09.321,0.81263,0.81275,2.02,1.35
2015.05.14 06:40:10.055,0.81262,0.81274,2.10,1.65
2015.05.14 06:40:10.599,0.81262,0.81274,2.10,1.65
2015.05.14 06:40:10.750,0.81263,0.81272,1.10,1.00
2015.05.14 06:40:11.606,0.81261,0.81274,2.17,1.65
2015.05.14 06:40:11.910,0.81259,0.81272,4.35,1.17
2015.05.14 06:40:12.063,0.81259,0.81273,1.75,7.27
2015.05.14 06:40:12.611,0.81259,0.81272,1.72,2.85
2015.05.14 06:40:13.892,0.81258,0.81272,1.72,1.62
2015.05.14 06:40:14.992,0.81258,0.81272,2.47,1.62
2015.05.14 06:40:19.396,0.81258,0.81272,1.72,3.52
2015.05.14 06:40:20.033,0.81258,0.81272,2.47,1.35
2015.05.14 06:40:21.503,0.81259,0.81274,1.42,7.27
2015.05.14 06:40:21.806,0.81262,0.81275,1.27,5.55
2015.05.14 06:40:24.559,0.81261,0.81275,1.55,4.72
2015.05.14 06:40:24.609,0.81261,0.81274,1.55,2.70
2015.05.14 06:40:26.217,0.81261,0.81274,1.72,3.07
2015.05.14 06:40:27.690,0.8126,0.81274,6.07,2.62
2015.05.14 06:40:27.741,0.81262,0.81275,3.37,2.02
2015.05.14 06:40:27.792,0.81262,0.81274,3.37,2.40
2015.05.14 06:40:27.893,0.81262,0.81271,1.10,1.20
2015.05.14 06:40:28.399,0.8126,0.81272,2.77,1.20
2015.05.14 06:40:29.282,0.81262,0.81275,1.42,5.40
2015.05.14 06:40:30.645,0.81261,0.81273,1.52,2.02
2015.05.14 06:40:30.746,0.8126,0.81273,1.35,2.02
2015.05.14 06:40:31.113,0.81261,0.81273,1.17,1.52
2015.05.14 06:40:32.322,0.8126,0.81273,1.70,1.27
2015.05.14 06:40:35.020,0.81261,0.81273,2.40,2.02
2015.05.14 06:40:35.479,0.81265,0.81274,1.10,1.20
2015.05.14 06:40:35.581,0.81266,0.81277,1.12,3.15
2015.05.14 06:40:35.988,0.81266,0.81279,3.97,2.02
2015.05.14 06:40:36.292,0.81267,0.81281,1.72,1.62
2015.05.14 06:40:36.444,0.81267,0.81282,1.72,4.20
2015.05.14 06:40:36.847,0.81269,0.81282,1.27,1.52
2015.05.14 06:40:37.179,0.8127,0.81283,1.65,3.52
2015.05.14 06:40:37.704,0.8127,0.81283,1.72,3.52
2015.05.14 06:40:38.232,0.8127,0.81283,2.47,2.02
2015.05.14 06:40:38.759,0.8127,0.81283,2.10,1.20
2015.05.14 06:40:39.281,0.81271,0.81284,1.72,2.77
2015.05.14 06:40:40.452,0.81274,0.81283,1.00,2.02
2015.05.14 06:40:40.957,0.81274,0.81283,1.00,2.02
2015.05.14 06:40:41.059,0.81273,0.81284,1.17,2.02
2015.05.14 06:40:41.211,0.81276,0.81286,1.00,1.17
2015.05.14 06:40:41.514,0.81278,0.81291,1.80,1.27
2015.05.14 06:40:42.163,0.81279,0.81293,1.42,3.52
2015.05.14 06:40:42.316,0.8128,0.81292,2.85,1.27
2015.05.14 06:40:42.519,0.81281,0.81293,2.17,1.55
2015.05.14 06:40:43.047,0.81281,0.81293,1.35,1.52
2015.05.14 06:40:43.578,0.8128,0.81293,1.42,1.52
2015.05.14 06:40:43.781,0.8128,0.81293,2.17,1.55
2015.05.14 06:40:44.682,0.81279,0.81293,3.52,1.52
2015.05.14 06:40:44.834,0.81279,0.81292,2.17,1.27
2015.05.14 06:40:46.327,0.81279,0.81292,2.77,1.52
2015.05.14 06:40:46.861,0.81279,0.81292,2.77,1.47
2015.05.14 06:40:47.311,0.81278,0.81284,5.77,1.87
2015.05.14 06:40:47.413,0.81277,0.81283,1.07,1.87
2015.05.14 06:40:47.665,0.81278,0.81286,1.00,2.77
2015.05.14 06:40:47.817,0.81277,0.81287,1.00,1.55
2015.05.14 06:40:47.919,0.81277,0.81289,2.10,2.02
2015.05.14 06:40:48.059,0.81278,0.8129,1.42,1.27
2015.05.14 06:40:48.363,0.81279,0.81291,1.35,1.20
2015.05.14 06:40:48.464,0.8128,0.81292,1.42,1.20
2015.05.14 06:40:49.060,0.8128,0.81292,1.42,1.20
2015.05.14 06:40:49.111,0.8128,0.81292,1.42,1.27
2015.05.14 06:40:49.951,0.81281,0.81292,1.07,1.27
2015.05.14 06:40:50.506,0.81281,0.81292,1.20,1.27
2015.05.14 06:40:51.661,0.8128,0.81292,2.17,1.27
2015.05.14 06:40:52.233,0.81281,0.81292,1.17,1.20
2015.05.14 06:40:53.546,0.81281,0.81292,1.15,1.57
2015.05.14 06:40:54.060,0.81281,0.81293,1.22,1.52
2015.05.14 06:40:56.097,0.81279,0.81288,2.02,1.00
2015.05.14 06:40:56.401,0.81279,0.81287,1.12,1.07
2015.05.14 06:40:56.502,0.81281,0.81291,1.00,1.65
2015.05.14 06:40:56.701,0.81281,0.81293,1.20,1.27
2015.05.14 06:40:57.004,0.81281,0.81293,1.27,1.27
2015.05.14 06:40:59.383,0.81281,0.81293,2.32,1.15
2015.05.14 06:41:00.428,0.81281,0.81293,2.10,1.52
2015.05.14 06:41:01.110,0.81281,0.81294,1.62,2.02
2015.05.14 06:41:03.755,0.81281,0.81293,1.10,1.62
2015.05.14 06:41:04.109,0.81281,0.81293,1.00,3.52
2015.05.14 06:41:04.661,0.81281,0.81293,1.00,1.62
2015.05.14 06:41:05.575,0.81279,0.81293,2.10,1.62
2015.05.14 06:41:06.444,0.81279,0.81291,1.95,1.65
2015.05.14 06:41:06.978,0.81279,0.81291,1.95,2.10
2015.05.14 06:41:07.429,0.81279,0.81291,1.95,2.10
2015.05.14 06:41:08.135,0.81279,0.81291,2.02,2.10
2015.05.14 06:41:08.605,0.81279,0.81287,1.15,2.62
2015.05.14 06:41:08.707,0.81276,0.81286,1.00,1.15
2015.05.14 06:41:08.757,0.81275,0.81284,1.50,1.15
2015.05.14 06:41:08.859,0.81276,0.81286,1.12,2.10
2015.05.14 06:41:08.910,0.81279,0.81286,1.00,1.25
2015.05.14 06:41:09.068,0.81279,0.81287,1.00,1.17
2015.05.14 06:41:09.119,0.81277,0.81288,1.87,1.65
2015.05.14 06:41:11.530,0.81276,0.81287,1.95,1.27
2015.05.14 06:41:11.783,0.81273,0.81283,1.37,1.15
2015.05.14 06:41:11.833,0.81273,0.81283,1.37,1.15
2015.05.14 06:41:12.683,0.81271,0.81282,5.40,1.17
2015.05.14 06:41:13.194,0.81271,0.81282,3.82,1.17
2015.05.14 06:41:13.597,0.81271,0.81282,1.20,1.17
2015.05.14 06:41:15.300,0.8127,0.8128,1.27,1.17
2015.05.14 06:41:15.351,0.81269,0.8128,2.10,2.02
2015.05.14 06:41:15.603,0.81269,0.81277,1.20,1.17
2015.05.14 06:41:15.899,0.81265,0.81278,1.27,2.02
2015.05.14 06:41:16.357,0.81267,0.81279,1.00,1.52
2015.05.14 06:41:17.165,0.81267,0.81279,1.07,1.52
2015.05.14 06:41:17.585,0.81267,0.8128,2.10,1.27
2015.05.14 06:41:17.687,0.81268,0.8128,3.22,1.10
2015.05.14 06:41:18.459,0.8127,0.81282,1.65,1.52
2015.05.14 06:41:19.075,0.8127,0.81282,2.10,1.12
2015.05.14 06:41:19.586,0.81272,0.81282,1.62,1.17
2015.05.14 06:41:20.165,0.81274,0.81283,1.20,1.15
2015.05.14 06:41:20.872,0.81274,0.81283,1.00,1.20
2015.05.14 06:41:21.188,0.81274,0.81283,1.00,1.15
2015.05.14 06:41:22.236,0.81275,0.81285,1.00,2.32
2015.05.14 06:41:22.287,0.81275,0.81286,1.27,1.07
2015.05.14 06:41:22.458,0.81278,0.81287,1.10,1.20
2015.05.14 06:41:22.971,0.81278,0.81288,1.15,1.07
2015.05.14 06:41:23.860,0.81282,0.81289,1.00,1.27
2015.05.14 06:41:24.062,0.81282,0.8129,1.00,1.52
2015.05.14 06:41:28.007,0.81282,0.8129,1.00,1.15
2015.05.14 06:41:28.212,0.81282,0.8129,1.00,1.10
2015.05.14 06:41:29.598,0.81281,0.8129,1.20,1.12
2015.05.14 06:41:30.142,0.81281,0.8129,1.00,1.27
2015.05.14 06:41:31.544,0.81281,0.81287,1.00,1.00
2015.05.14 06:41:31.848,0.81277,0.81286,1.20,1.15
2015.05.14 06:41:31.899,0.81276,0.81286,1.12,1.17
2015.05.14 06:41:32.000,0.81277,0.81289,1.72,1.52
2015.05.14 06:41:32.540,0.81278,0.8129,1.27,2.77
2015.05.14 06:41:33.047,0.81278,0.8129,2.02,2.02
2015.05.14 06:41:34.875,0.81281,0.8129,1.00,2.02
2015.05.14 06:41:35.178,0.81279,0.8129,1.30,2.02
2015.05.14 06:41:35.558,0.81281,0.8129,1.00,2.02
2015.05.14 06:41:36.064,0.8128,0.8129,1.12,2.02
2015.05.14 06:41:37.107,0.81278,0.8129,2.92,2.02
2015.05.14 06:41:40.568,0.8128,0.81291,1.00,4.20
2015.05.14 06:41:40.943,0.81278,0.8129,2.40,1.55
2015.05.14 06:41:41.145,0.81281,0.81291,1.00,4.27
2015.05.14 06:41:41.670,0.81279,0.81291,1.95,4.27
2015.05.14 06:41:42.131,0.81281,0.81291,1.10,2.10
2015.05.14 06:41:43.765,0.81281,0.81291,1.00,1.65
2015.05.14 06:41:44.698,0.81284,0.81291,1.50,1.17
2015.05.14 06:41:44.749,0.81285,0.81294,1.10,1.20
2015.05.14 06:41:44.901,0.81285,0.81295,2.17,1.10
2015.05.14 06:41:45.103,0.81285,0.81296,3.07,1.65
2015.05.14 06:41:45.482,0.81287,0.81298,1.35,1.57
2015.05.14 06:41:45.584,0.81287,0.81298,2.10,1.10
2015.05.14 06:41:46.089,0.81289,0.813,1.42,1.27
2015.05.14 06:41:46.633,0.81289,0.813,2.77,1.27
2015.05.14 06:41:47.699,0.81289,0.813,1.72,1.27
2015.05.14 06:41:47.801,0.81289,0.813,1.30,1.65
2015.05.14 06:41:47.852,0.81288,0.81299,1.72,1.65
2015.05.14 06:41:48.387,0.81287,0.81299,1.27,4.20
2015.05.14 06:41:48.489,0.81288,0.813,1.67,2.85
2015.05.14 06:41:49.529,0.8129,0.81301,1.00,1.35
2015.05.14 06:41:49.631,0.8129,0.81301,2.70,1.25
2015.05.14 06:41:49.681,0.8129,0.81303,3.15,2.02
2015.05.14 06:41:50.241,0.8129,0.81303,5.40,1.52
2015.05.14 06:41:50.393,0.81293,0.81302,1.20,1.57
2015.05.14 06:41:50.666,0.81294,0.81304,1.65,1.00
2015.05.14 06:41:50.868,0.81293,0.81302,1.95,1.00
2015.05.14 06:41:50.919,0.81293,0.81302,1.10,1.10
2015.05.14 06:41:51.021,0.81295,0.81302,1.87,1.10
2015.05.14 06:41:51.324,0.81295,0.813,1.87,1.00
2015.05.14 06:41:51.588,0.81292,0.813,1.20,1.00
2015.05.14 06:41:52.536,0.8129,0.81298,1.75,1.00
2015.05.14 06:41:52.688,0.8129,0.81298,1.20,1.00
2015.05.14 06:41:53.193,0.81287,0.81298,2.47,1.17
2015.05.14 06:41:53.726,0.81287,0.81296,2.47,1.00
2015.05.14 06:41:54.029,0.81287,0.81296,2.40,1.17
2015.05.14 06:41:54.484,0.81287,0.81294,1.95,1.07
2015.05.14 06:41:55.514,0.81287,0.81293,1.87,1.17
2015.05.14 06:41:55.833,0.81286,0.8129,1.87,1.10
2015.05.14 06:41:56.086,0.81284,0.81291,1.87,1.10
2015.05.14 06:41:56.617,0.81284,0.8129,1.87,1.00
2015.05.14 06:41:58.029,0.81281,0.8129,1.65,1.10
2015.05.14 06:41:59.341,0.81281,0.8129,1.27,1.00
2015.05.14 06:41:59.443,0.81281,0.8129,1.35,1.00
2015.05.14 06:41:59.963,0.81281,0.8129,1.27,1.00
2015.05.14 06:42:00.065,0.81281,0.8129,1.35,1.00
2015.05.14 06:42:00.267,0.8128,0.8129,1.20,1.20
2015.05.14 06:42:01.270,0.81279,0.8129,1.27,1.47
2015.05.14 06:42:01.784,0.81278,0.81287,1.65,2.70
2015.05.14 06:42:01.986,0.81271,0.81282,1.67,1.12
2015.05.14 06:42:02.532,0.81271,0.81283,2.77,2.02
2015.05.14 06:42:03.034,0.81272,0.81282,2.02,1.20
2015.05.14 06:42:03.540,0.81272,0.81283,1.95,2.02
2015.05.14 06:42:04.294,0.81272,0.81283,2.40,2.02
2015.05.14 06:42:04.572,0.81272,0.81283,2.32,2.02
2015.05.14 06:42:05.368,0.81272,0.81283,2.77,1.57
2015.05.14 06:42:05.897,0.81273,0.81283,3.60,1.00
2015.05.14 06:42:06.645,0.81275,0.81283,1.50,1.10
2015.05.14 06:42:07.360,0.81274,0.81283,2.62,1.10
2015.05.14 06:42:07.923,0.81275,0.81283,1.50,1.10
2015.05.14 06:42:08.176,0.81277,0.81285,1.57,1.00
2015.05.14 06:42:08.687,0.81276,0.81285,2.85,1.00
2015.05.14 06:42:09.293,0.81276,0.81285,3.60,1.00
2015.05.14 06:42:10.004,0.81276,0.81285,1.35,1.00
2015.05.14 06:42:10.343,0.81276,0.81287,3.60,1.10
2015.05.14 06:42:10.845,0.81279,0.81288,1.20,1.10
2015.05.14 06:42:11.395,0.81279,0.81288,1.27,1.10
2015.05.14 06:42:11.918,0.81279,0.81288,1.10,1.17
2015.05.14 06:42:12.461,0.81278,0.81288,1.50,2.40
2015.05.14 06:42:12.906,0.81279,0.81289,1.07,1.07
2015.05.14 06:42:13.209,0.8128,0.81289,2.70,1.57
2015.05.14 06:42:13.513,0.81282,0.81291,1.95,1.12
2015.05.14 06:42:13.564,0.8128,0.81291,1.32,1.20
2015.05.14 06:42:13.968,0.81281,0.81289,2.85,1.00
2015.05.14 06:42:14.170,0.81281,0.81291,2.85,1.00
2015.05.14 06:42:14.353,0.81283,0.81293,4.50,1.57
2015.05.14 06:42:14.505,0.81288,0.81298,3.82,1.00
2015.05.14 06:42:15.481,0.81289,0.81298,2.77,1.00
2015.05.14 06:42:16.012,0.81289,0.81299,2.77,1.00
2015.05.14 06:42:16.569,0.81291,0.81299,1.25,1.00
2015.05.14 06:42:17.970,0.81291,0.81301,1.25,1.20
2015.05.14 06:42:18.792,0.8129,0.81302,2.02,1.20
2015.05.14 06:42:19.097,0.8129,0.81302,2.02,1.27
2015.05.14 06:42:19.928,0.8129,0.81302,1.27,1.27
2015.05.14 06:42:20.502,0.8129,0.81302,2.77,1.27
2015.05.14 06:42:21.490,0.8129,0.81302,1.55,1.20
2015.05.14 06:42:21.995,0.8129,0.81302,1.27,1.12
2015.05.14 06:42:23.587,0.8129,0.81302,1.27,1.20
2015.05.14 06:42:24.118,0.8129,0.81302,2.02,1.17
2015.05.14 06:42:26.246,0.8129,0.81301,1.27,1.27
2015.05.14 06:42:27.799,0.8129,0.813,1.20,1.27
2015.05.14 06:42:28.102,0.81282,0.81292,2.25,1.15
2015.05.14 06:42:28.608,0.8128,0.8129,2.02,1.20
2015.05.14 06:42:29.325,0.8128,0.8129,2.02,1.10
2015.05.14 06:42:29.527,0.8128,0.81291,1.95,2.02
2015.05.14 06:42:31.619,0.81281,0.81291,1.00,2.02
2015.05.14 06:42:31.822,0.81281,0.81291,1.00,2.85
2015.05.14 06:42:32.326,0.81281,0.81289,1.00,1.27
2015.05.14 06:42:37.102,0.81279,0.81289,1.20,1.27
2015.05.14 06:42:40.630,0.81279,0.81289,1.12,1.27
2015.05.14 06:42:41.135,0.81279,0.81289,1.12,1.35
2015.05.14 06:42:41.358,0.81279,0.81287,1.00,1.57
2015.05.14 06:42:41.611,0.81274,0.81286,5.32,1.35
2015.05.14 06:42:42.141,0.81274,0.81285,1.27,1.47
2015.05.14 06:42:42.684,0.81273,0.81285,2.10,1.55
2015.05.14 06:42:43.227,0.81273,0.81284,1.57,2.17
2015.05.14 06:42:43.550,0.81272,0.81282,1.27,1.07
2015.05.14 06:42:44.772,0.81268,0.81278,4.20,1.00
2015.05.14 06:42:44.924,0.81268,0.81277,1.00,2.02
2015.05.14 06:42:45.025,0.81269,0.81273,1.00,1.00
2015.05.14 06:42:45.177,0.81265,0.81277,1.47,3.60
2015.05.14 06:42:45.375,0.81266,0.81278,1.52,1.65
2015.05.14 06:42:45.894,0.81266,0.81278,1.52,1.15
2015.05.14 06:42:46.399,0.81266,0.81279,2.77,1.72
2015.05.14 06:42:46.753,0.81266,0.81279,3.52,4.65
2015.05.14 06:42:47.444,0.81266,0.81278,1.52,1.32
2015.05.14 06:42:49.537,0.81267,0.81278,1.20,1.42
2015.05.14 06:42:51.256,0.81267,0.81278,1.27,1.10
2015.05.14 06:42:52.410,0.81265,0.81277,1.20,1.07
2015.05.14 06:42:52.461,0.81265,0.81276,1.12,1.52
2015.05.14 06:42:52.666,0.81262,0.81273,2.25,1.52
2015.05.14 06:42:52.821,0.81261,0.81273,1.57,2.02
2015.05.14 06:42:53.541,0.81261,0.81273,1.10,2.77
2015.05.14 06:42:58.930,0.8126,0.81271,2.02,2.10
2015.05.14 06:42:59.475,0.8126,0.8127,1.07,1.07
2015.05.14 06:43:00.980,0.8126,0.81272,1.15,2.02
2015.05.14 06:43:01.253,0.81262,0.81273,1.55,1.45
2015.05.14 06:43:01.303,0.81264,0.81273,1.17,1.10
2015.05.14 06:43:01.506,0.81267,0.81276,1.10,1.45
2015.05.14 06:43:01.809,0.81267,0.81277,1.62,1.00
2015.05.14 06:43:02.113,0.81268,0.8128,1.27,1.20
2015.05.14 06:43:02.367,0.81269,0.81281,1.52,1.37
2015.05.14 06:43:03.201,0.81272,0.81282,1.10,1.10
2015.05.14 06:43:03.302,0.81272,0.81282,1.15,1.10
2015.05.14 06:43:03.806,0.81273,0.81283,1.20,1.20
2015.05.14 06:43:04.109,0.81277,0.81288,1.27,1.65
2015.05.14 06:43:04.462,0.81278,0.81291,1.15,2.17
2015.05.14 06:43:05.482,0.81279,0.81291,1.27,2.10
2015.05.14 06:43:06.002,0.81278,0.81291,1.52,1.35
2015.05.14 06:43:06.349,0.81279,0.81291,3.52,1.27
2015.05.14 06:43:07.289,0.8128,0.81293,1.55,3.97
2015.05.14 06:43:07.821,0.81281,0.81294,1.27,2.10
2015.05.14 06:43:08.429,0.81281,0.81294,2.17,1.52
2015.05.14 06:43:09.396,0.81281,0.81295,1.27,2.92
2015.05.14 06:43:09.497,0.81281,0.81295,1.27,3.67
2015.05.14 06:43:10.603,0.8128,0.81293,1.35,1.20
2015.05.14 06:43:11.108,0.81278,0.81292,5.77,1.17
2015.05.14 06:43:11.614,0.8128,0.8129,1.27,1.12
2015.05.14 06:43:12.429,0.8128,0.81291,1.10,2.77
2015.05.14 06:43:12.930,0.81278,0.8129,1.27,1.35
2015.05.14 06:43:13.531,0.81278,0.8129,1.27,1.35
2015.05.14 06:43:14.087,0.81279,0.8129,1.17,1.95
2015.05.14 06:43:14.592,0.81279,0.8129,1.15,2.85
2015.05.14 06:43:15.911,0.81279,0.8129,1.17,2.85
2015.05.14 06:43:16.424,0.81277,0.8129,1.72,2.85
2015.05.14 06:43:16.728,0.81273,0.81284,1.12,2.10
2015.05.14 06:43:17.231,0.81271,0.81284,2.10,2.10
2015.05.14 06:43:18.605,0.81271,0.81284,1.72,2.10
2015.05.14 06:43:19.107,0.81271,0.81282,1.65,1.17
2015.05.14 06:43:24.283,0.81272,0.81283,1.00,1.62
2015.05.14 06:43:24.791,0.81272,0.81283,1.45,1.35
2015.05.14 06:43:25.357,0.81273,0.81284,1.57,1.55
2015.05.14 06:43:25.817,0.81272,0.81283,2.10,1.15
2015.05.14 06:43:26.352,0.81272,0.81283,2.10,1.07
2015.05.14 06:43:27.839,0.81272,0.81283,1.87,1.27
2015.05.14 06:43:28.342,0.81272,0.81283,1.47,1.27
2015.05.14 06:43:28.863,0.81272,0.81283,1.00,1.27
2015.05.14 06:43:30.119,0.81272,0.81283,1.17,1.27
2015.05.14 06:43:31.730,0.81272,0.81283,1.10,1.27
2015.05.14 06:43:32.068,0.81272,0.81283,1.10,1.27
2015.05.14 06:43:32.421,0.81272,0.81283,1.10,2.02
2015.05.14 06:43:32.522,0.81272,0.81282,1.20,1.20
2015.05.14 06:43:33.111,0.81272,0.81283,1.20,2.77
2015.05.14 06:43:34.806,0.81272,0.81283,1.20,2.02
2015.05.14 06:43:39.740,0.81272,0.81283,2.25,2.02
2015.05.14 06:43:43.845,0.81272,0.81282,1.20,2.02
2015.05.14 06:43:43.896,0.81274,0.81282,1.00,2.02
2015.05.14 06:43:44.562,0.81273,0.81283,1.50,1.52
2015.05.14 06:43:45.069,0.81274,0.81284,1.00,1.65
2015.05.14 06:43:50.628,0.81272,0.81284,1.20,5.02
2015.05.14 06:43:50.679,0.81272,0.81283,1.12,1.27
2015.05.14 06:43:51.198,0.81272,0.81283,1.27,2.02
2015.05.14 06:43:52.416,0.81271,0.8128,1.17,1.12
2015.05.14 06:43:52.779,0.81269,0.81281,1.62,3.45
2015.05.14 06:43:53.311,0.81268,0.81281,2.10,1.57
2015.05.14 06:43:53.513,0.81268,0.81275,1.25,1.00
2015.05.14 06:43:53.564,0.81266,0.81274,2.02,1.00
2015.05.14 06:43:53.615,0.81266,0.81272,2.02,1.00
2015.05.14 06:43:53.716,0.81262,0.81272,1.65,1.95
2015.05.14 06:43:53.767,0.81262,0.81272,1.65,2.02
2015.05.14 06:43:53.868,0.81262,0.81272,1.15,1.95
2015.05.14 06:43:54.171,0.81262,0.81272,1.10,2.02
2015.05.14 06:43:54.670,0.81264,0.81274,1.10,1.52
2015.05.14 06:43:55.187,0.81264,0.81276,1.07,4.27
2015.05.14 06:43:55.896,0.81265,0.81276,2.32,2.02
2015.05.14 06:43:57.167,0.81267,0.81277,1.00,2.77
2015.05.14 06:43:57.369,0.81267,0.81277,1.20,2.70
2015.05.14 06:43:57.900,0.81267,0.81276,1.95,1.50
2015.05.14 06:43:58.412,0.81267,0.81278,1.20,1.55
2015.05.14 06:43:59.188,0.81267,0.81278,1.12,1.52
2015.05.14 06:43:59.346,0.81269,0.81279,1.00,4.27
2015.05.14 06:43:59.649,0.81273,0.81279,1.00,2.02
2015.05.14 06:44:01.576,0.81271,0.81279,1.00,2.40
2015.05.14 06:44:02.582,0.81271,0.8128,1.57,1.72
2015.05.14 06:44:04.431,0.81272,0.81283,1.00,3.45
2015.05.14 06:44:04.532,0.81272,0.81283,1.07,1.27
2015.05.14 06:44:05.163,0.81275,0.81285,1.12,4.20
2015.05.14 06:44:05.420,0.81273,0.81285,3.52,2.02
2015.05.14 06:44:05.471,0.81273,0.81285,3.45,3.15
2015.05.14 06:44:06.170,0.81273,0.81284,3.45,1.52
2015.05.14 06:44:06.613,0.81272,0.81281,1.20,1.10
2015.05.14 06:44:06.664,0.81271,0.81281,1.95,1.20
2015.05.14 06:44:06.917,0.8127,0.81281,1.10,2.47
2015.05.14 06:44:07.422,0.8127,0.81278,1.00,2.40
2015.05.14 06:44:07.932,0.81269,0.81277,1.00,1.27
2015.05.14 06:44:08.134,0.81266,0.81278,1.10,1.90
2015.05.14 06:44:08.186,0.81265,0.81277,1.07,2.77
2015.05.14 06:44:08.490,0.81263,0.81273,3.75,1.27
2015.05.14 06:44:08.995,0.81264,0.81273,1.12,1.35
2015.05.14 06:44:09.602,0.81263,0.81273,1.65,2.10
2015.05.14 06:44:10.112,0.81263,0.81273,1.20,1.80
2015.05.14 06:44:11.255,0.81263,0.81273,1.10,1.80
2015.05.14 06:44:11.711,0.81259,0.81273,1.55,2.17
2015.05.14 06:44:12.165,0.81259,0.81271,1.20,1.52
2015.05.14 06:44:12.468,0.81257,0.81263,1.00,1.65
2015.05.14 06:44:12.519,0.81249,0.81263,1.27,1.72
2015.05.14 06:44:13.071,0.81248,0.81262,2.02,1.22
2015.05.14 06:44:13.582,0.81248,0.81262,2.77,1.25
2015.05.14 06:44:14.805,0.81248,0.81262,1.52,2.10
2015.05.14 06:44:14.908,0.81248,0.81262,3.45,2.10
2015.05.14 06:44:17.331,0.81248,0.81262,1.52,2.10
2015.05.14 06:44:20.211,0.81248,0.81262,3.52,2.10
2015.05.14 06:44:20.773,0.81248,0.81262,2.77,2.10
2015.05.14 06:44:21.303,0.81248,0.81262,2.77,2.10
2015.05.14 06:44:21.717,0.81248,0.81262,2.02,2.10
2015.05.14 06:44:22.031,0.81248,0.8126,1.12,2.85
2015.05.14 06:44:22.327,0.81245,0.81255,2.02,1.00
2015.05.14 06:44:22.631,0.81243,0.81252,1.12,2.02
2015.05.14 06:44:31.245,0.81242,0.81251,1.57,1.00
2015.05.14 06:44:33.358,0.81242,0.81251,1.57,1.17
2015.05.14 06:44:33.777,0.81243,0.81253,2.70,1.95
2015.05.14 06:44:34.282,0.81243,0.81253,2.70,1.57
2015.05.14 06:44:34.800,0.81243,0.81253,2.70,1.17
2015.05.14 06:44:35.255,0.81246,0.81256,1.00,3.60
2015.05.14 06:44:35.457,0.81246,0.81256,1.57,1.20
2015.05.14 06:44:35.559,0.81247,0.81258,1.07,3.22
2015.05.14 06:44:35.660,0.81247,0.81258,2.02,1.35
2015.05.14 06:44:36.184,0.81249,0.8126,1.27,1.72
2015.05.14 06:44:37.883,0.81249,0.81258,1.20,1.00
2015.05.14 06:44:38.289,0.81247,0.81257,1.07,1.57
2015.05.14 06:44:38.594,0.81246,0.81256,1.87,1.72
2015.05.14 06:44:42.597,0.81247,0.81256,1.00,1.37
2015.05.14 06:44:43.107,0.81248,0.81258,1.00,2.47
2015.05.14 06:44:44.352,0.81246,0.81258,1.65,2.17
2015.05.14 06:44:46.173,0.81246,0.81258,2.62,2.17
2015.05.14 06:44:46.275,0.81248,0.81259,1.17,1.42
2015.05.14 06:44:46.578,0.81252,0.81261,1.10,1.45
2015.05.14 06:44:48.418,0.81253,0.81262,1.00,2.02
2015.05.14 06:44:48.881,0.81253,0.81262,1.00,4.20
2015.05.14 06:44:49.432,0.81253,0.81262,1.00,2.02
2015.05.14 06:44:49.967,0.81253,0.81261,1.00,1.25
2015.05.14 06:44:50.671,0.81253,0.81262,1.10,2.10
2015.05.14 06:44:51.009,0.81256,0.81263,1.65,1.00
2015.05.14 06:44:51.111,0.81256,0.81267,1.65,1.35
2015.05.14 06:44:51.516,0.81258,0.81269,1.07,1.65
2015.05.14 06:44:52.707,0.81259,0.81269,1.17,1.17
2015.05.14 06:44:53.254,0.81259,0.8127,1.10,1.42
2015.05.14 06:44:54.079,0.81259,0.8127,1.07,1.42
2015.05.14 06:44:58.606,0.81259,0.8127,1.10,2.17
2015.05.14 06:44:59.696,0.81259,0.8127,1.20,1.65
2015.05.14 06:45:01.727,0.81259,0.8127,1.27,1.57
2015.05.14 06:45:02.748,0.81259,0.8127,1.55,1.20
2015.05.14 06:45:03.523,0.8126,0.81271,1.12,1.62
2015.05.14 06:45:04.098,0.8126,0.81271,1.27,2.10
2015.05.14 06:45:05.610,0.81261,0.81272,1.15,1.65
2015.05.14 06:45:06.150,0.81261,0.81272,1.27,1.55
2015.05.14 06:45:07.212,0.81261,0.81273,2.02,1.20
2015.05.14 06:45:10.406,0.81261,0.8127,1.27,1.00
2015.05.14 06:45:11.447,0.8126,0.8127,1.35,1.00
2015.05.14 06:45:12.083,0.81259,0.8127,4.35,1.00
2015.05.14 06:45:17.930,0.81259,0.81269,3.45,1.00
2015.05.14 06:45:18.032,0.81259,0.81267,1.10,1.00
2015.05.14 06:45:18.537,0.81257,0.81267,1.27,1.20
2015.05.14 06:45:18.728,0.81254,0.81265,1.95,1.57
2015.05.14 06:45:18.829,0.81253,0.81265,1.47,2.10
2015.05.14 06:45:19.356,0.81253,0.81262,1.55,1.00
2015.05.14 06:45:19.883,0.81253,0.81264,2.02,1.57
2015.05.14 06:45:20.035,0.81254,0.81264,1.52,1.00
2015.05.14 06:45:20.354,0.81254,0.81264,1.55,1.00
2015.05.14 06:45:21.794,0.81253,0.81263,1.42,1.00
2015.05.14 06:45:21.946,0.81252,0.81263,1.20,1.65
2015.05.14 06:45:22.263,0.81252,0.81261,1.27,1.00
2015.05.14 06:45:22.942,0.81252,0.81262,1.17,1.10
2015.05.14 06:45:23.825,0.81252,0.81262,1.10,1.10
2015.05.14 06:45:24.344,0.81251,0.81261,2.47,1.00
2015.05.14 06:45:24.547,0.81251,0.81261,2.47,1.00
2015.05.14 06:45:25.059,0.81251,0.81261,2.40,1.00
2015.05.14 06:45:25.570,0.81251,0.81261,2.40,1.00
2015.05.14 06:45:29.257,0.81253,0.81264,2.02,1.20
2015.05.14 06:45:29.866,0.81253,0.81264,5.85,1.10
2015.05.14 06:45:30.367,0.81253,0.81264,4.35,1.10
2015.05.14 06:45:30.931,0.81253,0.81264,3.30,1.10
2015.05.14 06:45:30.981,0.81253,0.81262,3.22,1.10
2015.05.14 06:45:31.767,0.81253,0.81264,2.02,1.10
2015.05.14 06:45:31.869,0.81254,0.81262,1.20,1.00
2015.05.14 06:45:32.340,0.81254,0.81262,1.20,1.00
2015.05.14 06:45:32.870,0.81254,0.81263,2.02,1.00
2015.05.14 06:45:32.972,0.81255,0.81265,1.27,1.10
2015.05.14 06:45:34.167,0.81256,0.81265,1.27,1.00
2015.05.14 06:45:34.795,0.81256,0.81265,1.20,1.17
2015.05.14 06:45:35.313,0.81256,0.81265,1.17,1.10
2015.05.14 06:45:35.824,0.81256,0.81265,1.15,1.00
2015.05.14 06:45:36.338,0.81256,0.81265,1.55,1.00
2015.05.14 06:45:39.407,0.81256,0.81265,1.52,1.00
2015.05.14 06:45:40.117,0.81256,0.81265,1.95,1.00
2015.05.14 06:45:41.231,0.81256,0.81265,1.52,1.00
2015.05.14 06:45:42.903,0.81256,0.81266,2.02,1.00
2015.05.14 06:45:43.409,0.81257,0.81266,2.17,1.00
2015.05.14 06:45:43.711,0.81258,0.81267,2.70,1.00
2015.05.14 06:45:44.639,0.81258,0.81269,4.35,1.00
2015.05.14 06:45:46.097,0.8126,0.81267,1.27,1.00
2015.05.14 06:45:46.938,0.8126,0.81267,1.12,1.00
2015.05.14 06:45:48.130,0.81257,0.81267,6.45,1.00
2015.05.14 06:45:48.847,0.81257,0.81268,4.20,1.00
2015.05.14 06:45:58.034,0.81259,0.81268,3.52,1.00
2015.05.14 06:45:58.570,0.8126,0.81268,2.02,1.00
2015.05.14 06:45:59.240,0.8126,0.81268,2.77,1.00
2015.05.14 06:45:59.392,0.81258,0.81266,1.25,1.00
2015.05.14 06:45:59.594,0.81253,0.81263,3.97,1.00
2015.05.14 06:46:00.160,0.81254,0.81262,1.65,1.00
2015.05.14 06:46:00.676,0.81254,0.81263,1.65,1.00
2015.05.14 06:46:01.227,0.81254,0.81263,2.40,1.00
2015.05.14 06:46:01.739,0.81255,0.81264,1.55,1.00
2015.05.14 06:46:02.898,0.81255,0.81264,2.77,1.00
2015.05.14 06:46:03.397,0.81255,0.81263,1.12,1.07
2015.05.14 06:46:03.933,0.81253,0.81261,2.70,1.00
2015.05.14 06:46:05.519,0.81253,0.81261,1.12,1.00
2015.05.14 06:46:06.521,0.81253,0.81261,1.47,1.00
2015.05.14 06:46:08.192,0.81253,0.81261,1.95,1.00
2015.05.14 06:46:10.097,0.81253,0.81261,1.27,1.00
2015.05.14 06:46:12.453,0.81253,0.8126,1.10,1.00
2015.05.14 06:46:20.338,0.81253,0.8126,1.27,1.00
2015.05.14 06:46:20.742,0.81255,0.81262,1.27,1.00
2015.05.14 06:46:22.858,0.81256,0.81262,1.00,1.00
2015.05.14 06:46:24.336,0.81256,0.81263,1.00,1.00
2015.05.14 06:46:24.840,0.81255,0.81263,1.20,1.00
2015.05.14 06:46:25.219,0.81256,0.81264,1.35,1.50
2015.05.14 06:46:25.522,0.81258,0.81267,4.12,1.00
2015.05.14 06:46:26.055,0.8126,0.81268,1.17,1.00
2015.05.14 06:46:30.065,0.8126,0.81271,2.77,1.07
2015.05.14 06:46:30.115,0.81265,0.81271,1.00,1.07
2015.05.14 06:46:30.166,0.81265,0.81274,1.47,2.47
2015.05.14 06:46:30.267,0.81266,0.81274,2.02,1.50
2015.05.14 06:46:30.776,0.81267,0.81274,1.55,1.00
2015.05.14 06:46:31.048,0.81267,0.81277,1.55,1.17
2015.05.14 06:46:31.558,0.81267,0.81277,1.52,1.00
2015.05.14 06:46:33.569,0.81268,0.81277,2.77,1.00
2015.05.14 06:46:34.090,0.81269,0.81277,1.50,1.00
2015.05.14 06:46:34.660,0.81268,0.81277,1.27,1.00
2015.05.14 06:46:34.812,0.81268,0.81279,1.27,1.10
2015.05.14 06:46:35.378,0.81268,0.81279,1.27,1.15
2015.05.14 06:46:35.479,0.81268,0.81279,1.27,1.07
2015.05.14 06:46:36.512,0.8127,0.81282,2.70,1.60
2015.05.14 06:46:37.764,0.81273,0.81283,1.50,3.60
2015.05.14 06:46:38.086,0.81274,0.81283,1.50,1.75
2015.05.14 06:46:38.636,0.81273,0.81284,1.65,2.47
2015.05.14 06:46:39.135,0.81276,0.81284,1.00,2.10
2015.05.14 06:46:39.438,0.81277,0.81288,1.52,1.27
2015.05.14 06:46:39.490,0.81277,0.8129,1.55,2.17
2015.05.14 06:46:40.095,0.81278,0.81289,2.77,1.07
2015.05.14 06:46:40.675,0.8128,0.81292,1.65,5.77
2015.05.14 06:46:40.726,0.8128,0.81292,1.65,3.60
2015.05.14 06:46:41.239,0.8128,0.81292,1.65,2.02
2015.05.14 06:46:41.812,0.8128,0.81293,2.02,3.60
2015.05.14 06:46:42.115,0.81283,0.81295,1.65,3.67
2015.05.14 06:46:42.822,0.81282,0.81295,3.52,2.77
2015.05.14 06:46:43.106,0.81283,0.81293,1.95,1.10
2015.05.14 06:46:43.210,0.81282,0.81294,2.77,1.07
2015.05.14 06:46:44.805,0.81282,0.81295,1.52,1.35
2015.05.14 06:46:45.006,0.81283,0.81296,1.27,1.70
2015.05.14 06:46:45.309,0.81283,0.81295,2.85,1.27
2015.05.14 06:46:46.414,0.81286,0.81296,1.57,1.37
2015.05.14 06:46:46.667,0.81289,0.81301,1.55,1.50
2015.05.14 06:46:47.187,0.81289,0.81303,2.40,2.47
2015.05.14 06:46:47.695,0.8129,0.81303,1.65,2.47
2015.05.14 06:46:48.237,0.81289,0.81303,2.40,2.47
2015.05.14 06:46:48.779,0.81289,0.81303,2.40,2.47
2015.05.14 06:46:49.336,0.81288,0.81301,3.90,1.62
2015.05.14 06:46:49.904,0.81288,0.81301,5.70,1.65
2015.05.14 06:46:50.160,0.81294,0.81303,1.10,1.22
2015.05.14 06:46:50.211,0.81294,0.81305,1.57,2.40
2015.05.14 06:46:50.414,0.81299,0.81311,1.15,2.77
2015.05.14 06:46:50.519,0.81299,0.81311,1.15,1.60
2015.05.14 06:46:50.621,0.81299,0.81311,1.15,1.67
2015.05.14 06:46:50.938,0.81299,0.8131,1.65,1.17
2015.05.14 06:46:51.451,0.81299,0.81311,1.17,1.25
2015.05.14 06:46:51.552,0.81299,0.81311,3.15,1.20
2015.05.14 06:46:52.076,0.81299,0.81312,3.52,2.17
2015.05.14 06:46:52.682,0.81299,0.81311,2.77,1.57
2015.05.14 06:46:53.002,0.81299,0.81312,3.45,1.62
2015.05.14 06:46:53.508,0.81299,0.81313,1.52,2.85
2015.05.14 06:46:54.047,0.81299,0.81313,3.45,2.10
2015.05.14 06:46:54.395,0.81299,0.81313,3.15,2.10
2015.05.14 06:46:54.799,0.81299,0.81312,4.95,1.45
2015.05.14 06:46:55.340,0.81299,0.81312,2.77,1.47
2015.05.14 06:46:55.936,0.81299,0.81313,1.52,2.85
2015.05.14 06:46:56.483,0.81299,0.81312,2.77,1.27
2015.05.14 06:46:56.988,0.81299,0.81312,2.02,1.20
2015.05.14 06:46:57.445,0.81299,0.81311,4.95,1.27
2015.05.14 06:46:57.739,0.81299,0.8131,2.77,1.10
2015.05.14 06:46:58.248,0.81298,0.8131,4.27,1.20
2015.05.14 06:46:58.503,0.81299,0.81308,2.02,1.00
2015.05.14 06:46:59.051,0.81298,0.8131,2.10,1.10
2015.05.14 06:46:59.623,0.81299,0.8131,2.70,1.10
2015.05.14 06:46:59.927,0.81297,0.81307,1.27,1.00
2015.05.14 06:47:00.323,0.81294,0.81306,2.77,1.05
2015.05.14 06:47:00.526,0.81294,0.81307,2.77,1.42
2015.05.14 06:47:01.032,0.81295,0.81308,1.52,1.72
2015.05.14 06:47:01.476,0.81294,0.81308,2.10,1.60
2015.05.14 06:47:02.481,0.81294,0.81307,3.60,1.30
2015.05.14 06:47:03.028,0.81299,0.81308,1.57,1.20
2015.05.14 06:47:03.796,0.81299,0.8131,1.95,1.17
2015.05.14 06:47:04.372,0.813,0.8131,1.50,1.17
2015.05.14 06:47:04.936,0.813,0.81311,1.95,1.17
2015.05.14 06:47:05.089,0.813,0.81311,2.10,1.20
2015.05.14 06:47:05.392,0.81301,0.81311,1.27,1.17
2015.05.14 06:47:05.513,0.81301,0.81311,1.35,1.00
2015.05.14 06:47:05.767,0.81302,0.81314,2.10,1.35
2015.05.14 06:47:06.020,0.81302,0.81313,3.60,1.15
2015.05.14 06:47:06.187,0.81302,0.81313,3.97,1.10
2015.05.14 06:47:06.542,0.81305,0.81316,1.57,1.55
2015.05.14 06:47:06.593,0.81305,0.81317,2.02,1.65
2015.05.14 06:47:06.644,0.81308,0.81318,1.57,1.95
2015.05.14 06:47:06.695,0.81308,0.81318,1.65,1.12
2015.05.14 06:47:07.100,0.81308,0.81321,3.22,1.95
2015.05.14 06:47:07.404,0.81312,0.81322,2.02,1.50
2015.05.14 06:47:07.707,0.81312,0.81322,4.35,1.00
2015.05.14 06:47:07.860,0.81317,0.81324,1.00,1.00
2015.05.14 06:47:08.009,0.81317,0.81326,1.20,1.20
2015.05.14 06:47:08.427,0.81316,0.81327,6.15,1.00
2015.05.14 06:47:08.541,0.81318,0.81331,2.02,1.72
2015.05.14 06:47:09.021,0.81318,0.81332,3.45,1.70
2015.05.14 06:47:09.729,0.81317,0.8133,1.80,1.47
2015.05.14 06:47:10.279,0.81317,0.81331,1.22,2.10
2015.05.14 06:47:10.330,0.81317,0.81329,1.22,1.27
2015.05.14 06:47:10.846,0.81315,0.81327,4.27,1.20
2015.05.14 06:47:11.346,0.81324,0.8133,1.07,3.07
2015.05.14 06:47:11.397,0.81324,0.8133,1.17,1.17
2015.05.14 06:47:11.650,0.81321,0.81331,1.20,2.40
2015.05.14 06:47:11.751,0.81321,0.81325,1.10,1.50
2015.05.14 06:47:12.118,0.81317,0.81325,1.27,1.50
2015.05.14 06:47:12.298,0.81315,0.81323,1.25,1.50
2015.05.14 06:47:12.400,0.81313,0.81321,1.50,1.65
2015.05.14 06:47:12.654,0.81313,0.81321,1.00,2.32
2015.05.14 06:47:12.864,0.8131,0.81322,2.70,1.25
2015.05.14 06:47:12.965,0.81313,0.81322,1.37,1.25
2015.05.14 06:47:13.067,0.81312,0.81322,1.12,1.25
2015.05.14 06:47:13.370,0.8131,0.81322,2.85,1.25
2015.05.14 06:47:13.532,0.8131,0.81322,2.85,1.25
2015.05.14 06:47:14.798,0.81311,0.8132,1.45,1.95
2015.05.14 06:47:15.337,0.81311,0.81321,1.65,1.95
2015.05.14 06:47:15.864,0.81311,0.81321,1.62,1.87
2015.05.14 06:47:16.836,0.81311,0.81321,1.42,1.50
2015.05.14 06:47:17.358,0.81311,0.8132,1.42,1.50
2015.05.14 06:47:17.905,0.81311,0.81322,1.42,2.02
2015.05.14 06:47:18.413,0.81311,0.81323,1.17,2.10
2015.05.14 06:47:18.808,0.81316,0.81323,1.00,1.62
2015.05.14 06:47:18.858,0.81319,0.81324,1.00,1.65
2015.05.14 06:47:18.909,0.81315,0.81323,1.17,1.10
2015.05.14 06:47:18.960,0.81315,0.81323,1.17,1.00
2015.05.14 06:47:19.212,0.81312,0.81326,4.42,1.55
2015.05.14 06:47:19.862,0.81312,0.81326,2.92,2.10
2015.05.14 06:47:20.022,0.81313,0.81328,3.60,3.97
2015.05.14 06:47:20.086,0.81315,0.81329,1.35,5.17
2015.05.14 06:47:20.349,0.81315,0.81326,1.20,1.45
2015.05.14 06:47:20.890,0.81312,0.81326,2.17,2.02
2015.05.14 06:47:21.414,0.81312,0.81325,2.17,1.57
2015.05.14 06:47:21.954,0.81313,0.81326,1.42,1.55
2015.05.14 06:47:22.468,0.81312,0.81326,2.17,2.02
2015.05.14 06:47:23.046,0.81312,0.81325,1.80,1.55
2015.05.14 06:47:24.075,0.81312,0.81326,2.85,1.52
2015.05.14 06:47:24.619,0.81312,0.81327,4.05,2.02
2015.05.14 06:47:24.807,0.81312,0.81327,4.05,4.20
2015.05.14 06:47:25.385,0.81312,0.81326,4.80,1.52
2015.05.14 06:47:25.699,0.81312,0.81325,4.05,1.55
2015.05.14 06:47:26.441,0.81311,0.81323,1.80,1.55
2015.05.14 06:47:26.543,0.8131,0.81323,4.05,2.02
2015.05.14 06:47:27.081,0.8131,0.81321,2.55,1.47
2015.05.14 06:47:27.601,0.81314,0.81321,1.00,1.47
2015.05.14 06:47:27.753,0.81314,0.81325,1.00,2.47
2015.05.14 06:47:28.107,0.81311,0.81324,2.85,1.72
2015.05.14 06:47:28.309,0.81313,0.81325,1.17,1.35
2015.05.14 06:47:28.679,0.81312,0.81325,2.70,1.62
2015.05.14 06:47:29.187,0.81312,0.81325,2.32,2.10
2015.05.14 06:47:29.725,0.81312,0.81325,2.32,1.35
2015.05.14 06:47:30.593,0.81313,0.81323,1.27,1.12
2015.05.14 06:47:31.666,0.81313,0.81325,1.15,1.62
2015.05.14 06:47:32.959,0.81313,0.81325,1.27,1.45
2015.05.14 06:47:33.453,0.81312,0.81324,1.72,1.55
2015.05.14 06:47:33.957,0.81312,0.81324,1.35,1.57
2015.05.14 06:47:34.587,0.81312,0.81325,1.72,2.02
2015.05.14 06:47:35.196,0.81315,0.81325,1.20,1.07
2015.05.14 06:47:35.499,0.81322,0.81329,1.15,1.00
2015.05.14 06:47:35.550,0.81322,0.81332,1.15,1.20
2015.05.14 06:47:36.073,0.81322,0.81333,1.15,1.12
2015.05.14 06:47:36.376,0.81323,0.81333,2.70,1.00
2015.05.14 06:47:37.819,0.81321,0.81333,6.52,1.00
2015.05.14 06:47:37.971,0.81326,0.81335,2.32,1.12
2015.05.14 06:47:38.073,0.81328,0.81337,1.15,1.72
2015.05.14 06:47:38.477,0.81329,0.8134,2.70,1.20
2015.05.14 06:47:39.094,0.8133,0.81341,2.47,1.10
2015.05.14 06:47:39.599,0.81332,0.81343,2.02,1.87
2015.05.14 06:47:40.808,0.81333,0.81343,1.25,1.87
2015.05.14 06:47:41.111,0.81333,0.81344,3.52,2.62
2015.05.14 06:47:41.616,0.81332,0.81342,1.72,1.00
2015.05.14 06:47:42.034,0.81331,0.81344,5.02,1.55
2015.05.14 06:47:42.910,0.81332,0.81344,2.47,1.15
2015.05.14 06:47:43.415,0.81334,0.81345,1.45,1.27
2015.05.14 06:47:43.920,0.81334,0.81345,2.02,1.10
2015.05.14 06:47:44.612,0.81334,0.81345,1.27,1.07
2015.05.14 06:47:45.151,0.81332,0.81345,3.15,1.15
2015.05.14 06:47:45.680,0.81332,0.81344,2.02,1.07
2015.05.14 06:47:46.184,0.81333,0.81345,1.07,2.02
2015.05.14 06:47:47.635,0.81332,0.81345,2.77,3.15
2015.05.14 06:47:47.974,0.81324,0.81338,1.27,1.52
2015.05.14 06:47:48.076,0.81329,0.81337,1.12,1.52
2015.05.14 06:47:48.178,0.81329,0.81338,1.27,1.00
2015.05.14 06:47:48.381,0.81333,0.81342,1.00,1.72
2015.05.14 06:47:48.482,0.81334,0.81342,1.20,1.00
2015.05.14 06:47:48.584,0.81334,0.81346,1.15,3.22
2015.05.14 06:47:49.089,0.81334,0.81343,1.17,1.20
2015.05.14 06:47:49.394,0.81336,0.81347,1.27,1.47
2015.05.14 06:47:49.596,0.81337,0.81349,1.25,1.95
2015.05.14 06:47:49.697,0.81337,0.81349,4.27,1.57
2015.05.14 06:47:50.504,0.8134,0.8135,1.27,1.00
2015.05.14 06:47:51.019,0.8134,0.8135,1.15,1.10
2015.05.14 06:47:51.529,0.8134,0.81352,1.15,1.47
2015.05.14 06:47:52.059,0.8134,0.81352,1.27,1.20
2015.05.14 06:47:52.364,0.8134,0.81352,1.27,1.27
2015.05.14 06:47:52.581,0.8134,0.81352,1.27,1.20
2015.05.14 06:47:53.090,0.81343,0.81352,1.50,1.20
2015.05.14 06:47:53.593,0.81342,0.81352,2.02,1.27
2015.05.14 06:47:53.905,0.81344,0.81353,1.00,1.52
2015.05.14 06:47:54.426,0.81343,0.81353,2.40,1.57
2015.05.14 06:47:56.319,0.81341,0.81352,1.65,1.20
2015.05.14 06:47:56.877,0.81343,0.81352,1.50,1.20
2015.05.14 06:47:57.378,0.81342,0.81354,2.70,1.72
2015.05.14 06:47:57.429,0.81342,0.81354,2.70,2.47
2015.05.14 06:47:57.479,0.81345,0.81353,1.50,1.55
2015.05.14 06:47:57.698,0.81344,0.81354,1.17,1.20
2015.05.14 06:47:57.800,0.81344,0.81355,4.57,1.50
2015.05.14 06:47:58.053,0.81352,0.81365,1.15,2.02
2015.05.14 06:47:58.269,0.81353,0.81368,1.65,4.65
2015.05.14 06:47:58.575,0.81358,0.81372,1.15,1.97
2015.05.14 06:47:58.677,0.81358,0.81374,3.45,3.90
2015.05.14 06:47:58.982,0.8136,0.81376,5.25,1.65
2015.05.14 06:47:59.033,0.8136,0.81376,3.00,1.57
2015.05.14 06:47:59.084,0.81362,0.81377,1.00,1.87
2015.05.14 06:47:59.387,0.81361,0.81374,1.00,1.47
2015.05.14 06:47:59.640,0.8136,0.81372,1.00,1.00
2015.05.14 06:48:00.143,0.81361,0.81373,1.00,1.10
2015.05.14 06:48:00.608,0.81361,0.81371,2.25,1.00
2015.05.14 06:48:01.155,0.81361,0.81372,1.00,1.00
2015.05.14 06:48:01.713,0.8136,0.81369,1.00,1.00
2015.05.14 06:48:01.866,0.81355,0.81367,2.25,1.00
2015.05.14 06:48:02.018,0.81356,0.81364,1.00,1.00
2015.05.14 06:48:02.339,0.81356,0.81366,1.50,1.50
2015.05.14 06:48:02.905,0.81357,0.81366,1.50,1.20
2015.05.14 06:48:03.370,0.8136,0.81367,1.00,1.45
2015.05.14 06:48:03.532,0.81364,0.81378,2.10,4.27
2015.05.14 06:48:03.583,0.81368,0.81378,1.10,3.52
2015.05.14 06:48:03.635,0.81368,0.81378,1.20,1.57
2015.05.14 06:48:03.736,0.81366,0.81376,1.17,1.55
2015.05.14 06:48:04.039,0.81369,0.81378,1.00,3.07
2015.05.14 06:48:04.558,0.81367,0.81374,2.02,1.50
2015.05.14 06:48:05.075,0.81367,0.81374,1.10,1.50
2015.05.14 06:48:05.622,0.81367,0.81373,1.00,1.50
2015.05.14 06:48:06.134,0.81367,0.81374,1.00,1.50
2015.05.14 06:48:06.248,0.81367,0.81377,1.00,2.02
2015.05.14 06:48:07.076,0.81368,0.81377,1.00,2.02
2015.05.14 06:48:07.525,0.81369,0.81379,1.57,1.65
2015.05.14 06:48:08.060,0.81371,0.81381,1.00,5.32
2015.05.14 06:48:08.262,0.81371,0.81381,1.12,5.40
2015.05.14 06:48:08.364,0.81371,0.81381,1.27,1.00
2015.05.14 06:48:08.502,0.81371,0.81382,1.27,4.95
2015.05.14 06:48:08.553,0.81371,0.81383,1.27,1.12
2015.05.14 06:48:08.756,0.81372,0.81384,2.32,2.40
2015.05.14 06:48:09.272,0.81372,0.81384,1.27,1.95
2015.05.14 06:48:09.475,0.81372,0.81384,1.20,2.02
2015.05.14 06:48:10.162,0.81371,0.81383,1.10,1.27
2015.05.14 06:48:10.314,0.81371,0.81381,1.10,1.17
2015.05.14 06:48:10.617,0.81369,0.8138,1.20,2.40
2015.05.14 06:48:11.137,0.81369,0.81381,1.17,2.02
2015.05.14 06:48:11.548,0.81369,0.81381,1.10,1.37
2015.05.14 06:48:12.119,0.8137,0.8138,1.00,1.12
2015.05.14 06:48:12.635,0.8137,0.81379,1.00,1.00
2015.05.14 06:48:13.152,0.81369,0.8138,1.00,1.87
2015.05.14 06:48:14.577,0.81369,0.81378,1.12,1.00
2015.05.14 06:48:14.628,0.81369,0.81378,1.12,1.07
2015.05.14 06:48:15.178,0.81368,0.81378,1.00,1.52
2015.05.14 06:48:15.380,0.81365,0.81377,1.27,1.27
2015.05.14 06:48:15.886,0.81364,0.81378,1.67,1.52
2015.05.14 06:48:15.937,0.81365,0.81378,3.90,1.45
2015.05.14 06:48:15.988,0.81366,0.81378,2.40,1.57
2015.05.14 06:48:16.292,0.81367,0.8138,2.02,1.57
2015.05.14 06:48:16.495,0.81369,0.8138,1.70,1.50
2015.05.14 06:48:16.952,0.81372,0.81382,1.15,1.00
2015.05.14 06:48:17.205,0.8137,0.81381,1.27,1.55
2015.05.14 06:48:17.510,0.81369,0.81376,1.00,1.65
2015.05.14 06:48:17.846,0.81367,0.81373,1.00,1.27
2015.05.14 06:48:18.741,0.81364,0.81373,1.00,1.52
2015.05.14 06:48:19.500,0.81364,0.81374,1.10,1.55
2015.05.14 06:48:20.306,0.81362,0.81374,1.15,1.52
2015.05.14 06:48:20.843,0.81362,0.81374,1.15,1.47
2015.05.14 06:48:21.173,0.81362,0.81373,3.07,1.37
2015.05.14 06:48:21.747,0.81362,0.81373,1.15,1.47
2015.05.14 06:48:22.265,0.81363,0.81374,1.15,1.65
2015.05.14 06:48:22.670,0.81362,0.81374,1.27,1.65
2015.05.14 06:48:23.203,0.81362,0.81375,1.27,1.62
2015.05.14 06:48:23.923,0.81362,0.81374,1.52,1.30
2015.05.14 06:48:24.075,0.81364,0.81376,1.15,1.52
2015.05.14 06:48:24.600,0.81365,0.81376,1.10,1.52
2015.05.14 06:48:25.159,0.81363,0.81375,1.10,2.70
2015.05.14 06:48:26.093,0.81363,0.81375,1.47,3.45
2015.05.14 06:48:26.883,0.81363,0.81376,1.52,1.72
2015.05.14 06:48:27.393,0.81363,0.81376,1.27,2.92
2015.05.14 06:48:28.048,0.81363,0.81376,1.27,4.27
2015.05.14 06:48:28.200,0.81363,0.81376,1.27,2.10
2015.05.14 06:48:28.967,0.81363,0.81376,1.27,2.10
2015.05.14 06:48:29.783,0.81363,0.81373,1.17,1.00
2015.05.14 06:48:30.288,0.81364,0.81373,1.27,1.00
2015.05.14 06:48:30.339,0.81364,0.81375,2.02,1.10
2015.05.14 06:48:30.521,0.81367,0.81376,1.00,1.20
2015.05.14 06:48:30.673,0.81364,0.81376,1.65,1.52
2015.05.14 06:48:30.977,0.81368,0.81377,1.00,2.00
2015.05.14 06:48:31.335,0.81366,0.81378,1.00,5.77
2015.05.14 06:48:31.487,0.81365,0.81375,1.00,2.70
2015.05.14 06:48:31.639,0.81363,0.81374,1.20,1.52
2015.05.14 06:48:31.791,0.81363,0.81368,1.00,2.25
2015.05.14 06:48:31.937,0.81357,0.81365,1.00,3.45
2015.05.14 06:48:31.989,0.81352,0.81363,1.15,2.70
2015.05.14 06:48:32.191,0.81354,0.81365,1.50,5.77
2015.05.14 06:48:32.444,0.81351,0.81364,1.35,2.70
2015.05.14 06:48:32.949,0.81351,0.81363,1.27,1.27
2015.05.14 06:48:33.051,0.81351,0.81363,1.12,2.02
2015.05.14 06:48:34.489,0.81351,0.81361,1.12,1.27
2015.05.14 06:48:34.998,0.81351,0.81362,1.12,1.52
2015.05.14 06:48:35.502,0.81351,0.81361,1.00,1.27
2015.05.14 06:48:35.808,0.81347,0.81357,1.27,1.20
2015.05.14 06:48:35.925,0.81347,0.81357,1.00,1.27
2015.05.14 06:48:36.127,0.81346,0.81355,1.00,1.52
2015.05.14 06:48:36.178,0.81344,0.81355,1.10,1.52
2015.05.14 06:48:36.543,0.81342,0.81355,1.27,1.52
2015.05.14 06:48:37.459,0.81342,0.81354,1.57,1.52
2015.05.14 06:48:38.005,0.81342,0.81354,1.10,1.52
2015.05.14 06:48:38.207,0.81342,0.81353,1.00,1.17
2015.05.14 06:48:38.511,0.81343,0.81349,1.00,1.07
2015.05.14 06:48:38.714,0.81343,0.8135,1.00,1.10
2015.05.14 06:48:39.247,0.81343,0.8135,1.00,1.45
2015.05.14 06:48:39.878,0.81343,0.81351,1.00,1.27
2015.05.14 06:48:42.354,0.8134,0.8135,1.07,1.47
2015.05.14 06:48:42.405,0.8134,0.81349,1.57,1.12
2015.05.14 06:48:42.456,0.8134,0.81347,1.00,1.52
2015.05.14 06:48:42.507,0.81338,0.81346,1.00,1.55
2015.05.14 06:48:42.558,0.81337,0.81346,1.57,4.27
2015.05.14 06:48:42.660,0.81334,0.81346,1.17,1.72
2015.05.14 06:48:42.862,0.81333,0.81345,1.27,1.35
2015.05.14 06:48:43.394,0.81333,0.81345,1.27,1.35
2015.05.14 06:48:43.697,0.81338,0.81345,1.00,1.25
2015.05.14 06:48:43.881,0.81339,0.81351,1.55,1.72
2015.05.14 06:48:44.387,0.81341,0.8135,1.00,1.10
2015.05.14 06:48:44.438,0.81341,0.81351,1.00,1.17
2015.05.14 06:48:44.590,0.81341,0.81351,1.00,1.17
2015.05.14 06:48:44.842,0.81341,0.8135,1.00,1.07
2015.05.14 06:48:45.747,0.81339,0.81349,1.55,1.17
2015.05.14 06:48:46.555,0.8134,0.8135,1.20,1.27
2015.05.14 06:48:47.059,0.8134,0.81351,1.27,1.52
2015.05.14 06:48:47.638,0.8134,0.8135,1.20,1.10
2015.05.14 06:48:48.140,0.8134,0.81351,1.20,1.17
2015.05.14 06:48:48.343,0.8134,0.81351,1.27,1.10
2015.05.14 06:48:49.405,0.8134,0.81353,1.27,2.10
2015.05.14 06:48:49.944,0.8134,0.81352,1.27,1.15
2015.05.14 06:48:51.410,0.8134,0.81353,1.27,2.10
2015.05.14 06:48:51.933,0.8134,0.81353,1.27,2.10
2015.05.14 06:48:52.864,0.81341,0.81353,1.17,1.65
2015.05.14 06:48:53.400,0.81342,0.81353,1.00,1.27
2015.05.14 06:48:54.350,0.81341,0.81353,2.02,2.02
2015.05.14 06:48:54.896,0.81342,0.8135,1.00,1.20
2015.05.14 06:48:55.098,0.81338,0.8135,2.02,1.65
2015.05.14 06:48:55.402,0.81339,0.81347,1.50,1.00
2015.05.14 06:48:55.711,0.81335,0.81347,1.15,1.27
2015.05.14 06:48:55.891,0.81334,0.81347,2.17,1.55
2015.05.14 06:48:56.728,0.81334,0.81347,2.02,1.95
2015.05.14 06:48:57.185,0.81336,0.81347,3.07,1.10
2015.05.14 06:48:57.691,0.81336,0.81348,3.82,1.20
2015.05.14 06:48:57.793,0.81336,0.81348,1.65,1.20
2015.05.14 06:48:57.886,0.81335,0.81348,2.10,1.95
2015.05.14 06:48:58.189,0.81334,0.81345,1.35,1.10
2015.05.14 06:48:58.597,0.81333,0.81345,1.72,2.70
2015.05.14 06:48:58.901,0.81331,0.81343,2.17,1.55
2015.05.14 06:48:59.407,0.81331,0.81343,3.45,1.47
2015.05.14 06:48:59.660,0.8133,0.81343,2.85,2.02
2015.05.14 06:48:59.916,0.81332,0.81343,1.15,1.27
2015.05.14 06:49:00.439,0.81331,0.81343,1.27,1.12
2015.05.14 06:49:00.951,0.81331,0.81343,2.17,1.20
2015.05.14 06:49:01.002,0.81331,0.81343,4.35,1.20
2015.05.14 06:49:01.628,0.81331,0.81343,2.17,1.20
2015.05.14 06:49:02.177,0.81333,0.81343,1.27,1.12
2015.05.14 06:49:02.683,0.81331,0.81343,1.15,1.17
2015.05.14 06:49:03.037,0.8133,0.81342,1.35,2.70
2015.05.14 06:49:03.544,0.8133,0.81342,1.27,1.55
2015.05.14 06:49:04.235,0.81329,0.81342,2.92,1.27
2015.05.14 06:49:04.748,0.81329,0.81342,2.02,4.20
2015.05.14 06:49:05.059,0.81329,0.81342,2.10,1.27
2015.05.14 06:49:05.579,0.8133,0.81343,1.27,2.10
2015.05.14 06:49:05.630,0.8133,0.81344,2.02,1.60
2015.05.14 06:49:06.633,0.81332,0.81344,1.62,1.52
2015.05.14 06:49:08.735,0.81331,0.81343,1.35,1.17
2015.05.14 06:49:09.247,0.8133,0.81343,1.52,3.52
2015.05.14 06:49:11.178,0.81329,0.81342,2.77,1.95
2015.05.14 06:49:11.680,0.81329,0.81343,3.52,3.60
2015.05.14 06:49:12.186,0.81333,0.81344,1.15,1.37
2015.05.14 06:49:12.954,0.81331,0.81345,5.85,1.55
2015.05.14 06:49:13.539,0.81332,0.81345,1.42,1.55
2015.05.14 06:49:13.640,0.81332,0.81345,1.42,1.52
2015.05.14 06:49:14.196,0.81332,0.81345,1.42,1.52
2015.05.14 06:49:14.718,0.81331,0.81344,2.17,1.27
2015.05.14 06:49:15.376,0.81331,0.81344,3.45,1.27
2015.05.14 06:49:15.528,0.8133,0.81343,1.62,1.17
2015.05.14 06:49:15.982,0.8133,0.81343,4.20,1.17
2015.05.14 06:49:16.532,0.81331,0.81344,1.62,1.47
2015.05.14 06:49:17.374,0.81332,0.81344,1.62,1.20
2015.05.14 06:49:17.677,0.81332,0.81344,1.65,1.17
2015.05.14 06:49:18.227,0.81332,0.81344,1.52,1.27
2015.05.14 06:49:18.738,0.81332,0.81344,1.60,1.20
2015.05.14 06:49:19.684,0.81332,0.81345,2.10,2.02
2015.05.14 06:49:19.989,0.81335,0.81349,1.42,4.35
2015.05.14 06:49:20.191,0.81335,0.81348,2.17,2.77
2015.05.14 06:49:20.293,0.81338,0.81349,1.07,2.32
2015.05.14 06:49:20.394,0.81339,0.8135,1.52,1.27
2015.05.14 06:49:22.877,0.8134,0.8135,1.20,1.07
2015.05.14 06:49:23.898,0.8134,0.8135,1.10,1.17
2015.05.14 06:49:24.425,0.8134,0.8135,1.20,1.20
2015.05.14 06:49:25.005,0.8134,0.8135,1.57,1.20
2015.05.14 06:49:26.247,0.81341,0.81351,1.47,1.10
2015.05.14 06:49:26.551,0.81348,0.81361,2.02,2.40
2015.05.14 06:49:26.945,0.8135,0.81362,1.27,2.02
2015.05.14 06:49:27.774,0.8135,0.81361,1.52,1.20
2015.05.14 06:49:28.710,0.81352,0.81364,1.12,2.02
2015.05.14 06:49:29.262,0.81352,0.81364,1.20,2.02
2015.05.14 06:49:31.035,0.81352,0.81363,1.47,1.27
2015.05.14 06:49:31.893,0.81352,0.81363,1.45,1.27
2015.05.14 06:49:32.217,0.8136,0.81368,1.00,1.20
2015.05.14 06:49:32.419,0.81362,0.81371,1.00,1.62
2015.05.14 06:49:32.925,0.81361,0.8137,2.17,1.10
2015.05.14 06:49:33.447,0.81361,0.8137,1.55,1.00
2015.05.14 06:49:33.574,0.81361,0.81372,1.55,1.20
2015.05.14 06:49:33.978,0.81362,0.8137,1.15,1.50
2015.05.14 06:49:34.323,0.8136,0.81368,2.02,1.50
2015.05.14 06:49:34.849,0.8136,0.81369,1.65,1.50
2015.05.14 06:49:35.355,0.81359,0.81368,1.10,1.37
2015.05.14 06:49:35.407,0.81359,0.81366,1.00,3.90
2015.05.14 06:49:35.559,0.81354,0.81361,1.00,1.50
2015.05.14 06:49:35.913,0.81353,0.81361,1.00,1.65
2015.05.14 06:49:36.582,0.81351,0.81359,1.10,1.57
2015.05.14 06:49:37.835,0.81351,0.81358,1.00,1.57
2015.05.14 06:49:37.886,0.81349,0.81358,1.27,1.57
2015.05.14 06:49:38.039,0.81347,0.81357,1.10,1.65
2015.05.14 06:49:38.342,0.81347,0.81355,1.00,4.20
2015.05.14 06:49:39.133,0.81346,0.81353,1.87,1.27
2015.05.14 06:49:40.625,0.81347,0.81353,1.12,1.27
2015.05.14 06:49:40.792,0.81341,0.8135,3.30,1.50
2015.05.14 06:49:41.303,0.81341,0.8135,4.12,1.57
2015.05.14 06:49:41.902,0.81341,0.81349,4.12,1.50
2015.05.14 06:49:42.427,0.81341,0.8135,4.20,1.50
2015.05.14 06:49:43.138,0.81343,0.8135,1.27,1.50
2015.05.14 06:49:43.685,0.81342,0.81349,1.37,1.50
2015.05.14 06:49:44.239,0.81342,0.81348,1.37,1.50
2015.05.14 06:49:45.302,0.81342,0.81349,1.37,1.57
2015.05.14 06:49:45.857,0.81342,0.81348,1.47,1.50
2015.05.14 06:49:46.429,0.81341,0.81349,3.52,1.87
2015.05.14 06:49:46.952,0.81341,0.81348,3.37,1.50
2015.05.14 06:49:47.460,0.81341,0.81349,2.70,1.95
2015.05.14 06:49:48.130,0.81341,0.81348,2.77,1.50
2015.05.14 06:49:48.332,0.81341,0.81349,1.20,1.57
2015.05.14 06:49:48.661,0.81341,0.81348,1.27,1.50
2015.05.14 06:49:48.971,0.81341,0.81348,1.20,1.50
2015.05.14 06:49:49.162,0.81341,0.81348,1.27,1.50
2015.05.14 06:49:49.656,0.81343,0.81353,1.10,1.95
2015.05.14 06:49:50.166,0.81343,0.81352,1.57,1.87
2015.05.14 06:49:50.718,0.81343,0.81353,1.57,2.70
2015.05.14 06:49:51.511,0.81343,0.81353,1.57,1.95
2015.05.14 06:49:52.535,0.81345,0.81356,1.07,3.15
2015.05.14 06:49:52.688,0.81347,0.81358,1.65,2.02
2015.05.14 06:49:53.225,0.81349,0.81359,1.00,1.62
2015.05.14 06:49:53.377,0.81347,0.81357,1.20,1.57
2015.05.14 06:49:53.681,0.81343,0.81355,3.60,2.02
2015.05.14 06:49:54.068,0.81345,0.81353,1.10,2.10
2015.05.14 06:49:54.598,0.81346,0.81352,1.00,1.12
2015.05.14 06:49:54.851,0.81343,0.81353,1.00,2.92
2015.05.14 06:49:55.360,0.81342,0.81351,1.10,2.10
2015.05.14 06:49:58.165,0.81342,0.81349,1.00,1.00
2015.05.14 06:49:58.677,0.81342,0.8135,1.10,1.27
2015.05.14 06:49:59.804,0.81342,0.81349,1.00,1.00
2015.05.14 06:50:00.310,0.81342,0.81351,1.00,2.10
2015.05.14 06:50:00.815,0.81343,0.81352,1.10,1.55
2015.05.14 06:50:01.294,0.81344,0.81354,1.07,1.45
2015.05.14 06:50:01.446,0.81345,0.81354,1.10,1.37
2015.05.14 06:50:01.648,0.81345,0.81355,1.10,1.20
2015.05.14 06:50:01.699,0.81347,0.81354,1.10,1.00
2015.05.14 06:50:01.901,0.81349,0.81359,1.10,1.67
2015.05.14 06:50:02.306,0.81346,0.81356,1.25,1.07
2015.05.14 06:50:02.818,0.81347,0.81357,1.07,1.27
2015.05.14 06:50:03.332,0.81347,0.81357,1.07,1.45
2015.05.14 06:50:04.392,0.81347,0.81358,1.57,1.55
2015.05.14 06:50:04.493,0.81349,0.8136,1.00,1.32
2015.05.14 06:50:04.645,0.81348,0.81361,3.45,2.32
2015.05.14 06:50:05.151,0.8135,0.81362,1.15,1.52
2015.05.14 06:50:05.689,0.8135,0.81362,1.15,1.52
2015.05.14 06:50:07.420,0.8135,0.81363,1.65,1.65
2015.05.14 06:50:07.929,0.8135,0.81363,1.65,1.62
2015.05.14 06:50:09.003,0.8135,0.81362,1.15,1.52
2015.05.14 06:50:09.306,0.81349,0.81361,2.70,1.27
2015.05.14 06:50:09.817,0.81349,0.8136,1.95,1.17
2015.05.14 06:50:10.188,0.81349,0.81358,1.10,1.87
2015.05.14 06:50:10.391,0.81346,0.81355,1.00,2.77
2015.05.14 06:50:10.590,0.81344,0.81354,1.00,1.52
2015.05.14 06:50:12.344,0.81344,0.81352,1.00,1.27
2015.05.14 06:50:12.863,0.81344,0.81352,1.00,1.25
2015.05.14 06:50:14.853,0.81344,0.81353,1.10,1.35
2015.05.14 06:50:15.357,0.81345,0.81353,1.00,1.10
2015.05.14 06:50:21.663,0.81345,0.8135,1.00,1.50
2015.05.14 06:50:21.714,0.81343,0.8135,1.00,1.50
2015.05.14 06:50:22.225,0.81343,0.81349,1.00,1.50
2015.05.14 06:50:22.744,0.81343,0.8135,1.00,1.50
2015.05.14 06:50:23.304,0.81342,0.81351,1.10,2.25
2015.05.14 06:50:23.770,0.81342,0.81349,1.10,1.50
2015.05.14 06:50:24.294,0.81342,0.81348,1.10,1.50
2015.05.14 06:50:24.838,0.81342,0.8135,1.10,1.50
2015.05.14 06:50:25.349,0.81342,0.8135,1.10,1.50
2015.05.14 06:50:25.854,0.81342,0.8135,1.17,1.50
2015.05.14 06:50:26.456,0.81342,0.8135,1.10,1.57
2015.05.14 06:50:26.958,0.81343,0.8135,1.00,1.50
2015.05.14 06:50:27.976,0.81343,0.8135,1.00,1.50
2015.05.14 06:50:28.539,0.81343,0.8135,1.00,1.50
2015.05.14 06:50:29.296,0.81343,0.8135,1.00,1.50
2015.05.14 06:50:29.650,0.8134,0.8135,1.57,1.50
2015.05.14 06:50:30.189,0.8134,0.8135,1.20,1.50
2015.05.14 06:50:30.696,0.8134,0.81349,1.20,1.50
2015.05.14 06:50:31.284,0.8134,0.81348,1.20,1.50
2015.05.14 06:50:31.832,0.8134,0.81349,1.20,2.25
2015.05.14 06:50:31.883,0.81339,0.81348,1.17,1.57
2015.05.14 06:50:32.187,0.81334,0.81344,1.07,1.07
2015.05.14 06:50:32.692,0.81334,0.81342,1.07,1.00
2015.05.14 06:50:33.889,0.81332,0.81342,1.27,1.20
2015.05.14 06:50:34.486,0.81332,0.81342,1.17,1.12
2015.05.14 06:50:35.004,0.81332,0.81342,1.20,1.27
2015.05.14 06:50:35.281,0.81331,0.81339,1.35,1.00
2015.05.14 06:50:35.849,0.81328,0.81339,2.92,1.10
2015.05.14 06:50:37.405,0.81327,0.81338,4.65,1.50
2015.05.14 06:50:37.918,0.81327,0.81339,3.15,3.07
2015.05.14 06:50:38.425,0.81328,0.81338,2.92,1.50
2015.05.14 06:50:38.983,0.81328,0.81339,2.17,2.25
2015.05.14 06:50:39.606,0.81328,0.81338,2.92,1.50
2015.05.14 06:50:40.138,0.81328,0.81339,2.17,1.00
2015.05.14 06:50:40.492,0.81328,0.81339,4.72,1.00
2015.05.14 06:50:41.341,0.81331,0.81338,1.17,1.00
2015.05.14 06:50:41.869,0.81331,0.81338,1.00,1.12
2015.05.14 06:50:42.293,0.81327,0.81335,1.30,1.00
2015.05.14 06:50:42.474,0.81323,0.81334,1.25,1.55
2015.05.14 06:50:42.526,0.81322,0.8133,1.10,1.00
2015.05.14 06:50:43.077,0.81322,0.81329,1.10,1.00
2015.05.14 06:50:44.588,0.81318,0.81329,3.15,1.00
2015.05.14 06:50:45.097,0.81318,0.81328,1.65,1.00
2015.05.14 06:50:46.812,0.81317,0.81328,2.77,1.00
2015.05.14 06:50:46.915,0.81318,0.81328,2.85,1.00
2015.05.14 06:50:47.221,0.81317,0.81328,2.77,1.10
2015.05.14 06:50:49.710,0.81317,0.81328,2.02,1.00
2015.05.14 06:50:49.849,0.81317,0.81328,4.20,1.00
2015.05.14 06:50:51.204,0.81317,0.81328,2.02,1.00
2015.05.14 06:50:51.356,0.81315,0.81326,5.32,1.00
2015.05.14 06:50:51.876,0.81315,0.81326,1.72,1.00
2015.05.14 06:50:52.588,0.81315,0.81327,1.72,1.12
2015.05.14 06:50:52.891,0.81314,0.8132,1.30,1.00
2015.05.14 06:50:53.429,0.81311,0.8132,2.10,1.00
2015.05.14 06:50:54.664,0.8131,0.8132,2.40,1.00
2015.05.14 06:50:56.095,0.8131,0.81318,1.65,1.00
2015.05.14 06:50:56.247,0.81309,0.81318,1.72,1.00
2015.05.14 06:50:56.776,0.81306,0.81318,3.52,1.10
2015.05.14 06:50:57.281,0.81306,0.81318,1.62,1.10
2015.05.14 06:50:57.838,0.81306,0.81318,1.62,1.10
2015.05.14 06:50:58.390,0.81305,0.81316,1.42,1.00
2015.05.14 06:50:58.694,0.81303,0.81311,1.72,1.07
2015.05.14 06:50:58.846,0.81303,0.81312,1.80,1.10
2015.05.14 06:50:58.998,0.81304,0.81315,1.65,1.20
2015.05.14 06:50:59.453,0.81303,0.81316,3.45,2.17
2015.05.14 06:50:59.872,0.81305,0.81317,1.52,1.20
2015.05.14 06:51:00.245,0.81305,0.81317,2.40,1.00
2015.05.14 06:51:00.753,0.81307,0.81319,1.52,1.35
2015.05.14 06:51:03.802,0.81307,0.81315,1.62,1.00
2015.05.14 06:51:03.853,0.81306,0.81315,1.32,1.10
2015.05.14 06:51:04.004,0.81305,0.81313,1.27,1.00
2015.05.14 06:51:04.106,0.81305,0.81314,2.47,1.10
2015.05.14 06:51:04.157,0.81305,0.81314,1.65,1.07
2015.05.14 06:51:04.460,0.81306,0.81315,1.07,1.55
2015.05.14 06:51:04.662,0.81308,0.81317,1.00,2.17
2015.05.14 06:51:05.207,0.81309,0.81317,1.00,1.62
2015.05.14 06:51:05.359,0.81308,0.81317,1.00,1.62
2015.05.14 06:51:10.273,0.81308,0.81317,1.00,1.62
2015.05.14 06:51:10.375,0.81306,0.81315,1.10,3.45
2015.05.14 06:51:10.679,0.81304,0.81315,1.10,6.52
2015.05.14 06:51:11.256,0.81306,0.81313,1.07,1.00
2015.05.14 06:51:11.307,0.81306,0.81318,1.17,2.47
2015.05.14 06:51:11.460,0.81308,0.81318,1.10,1.27
2015.05.14 06:51:11.611,0.8131,0.81318,1.00,1.27
2015.05.14 06:51:12.116,0.8131,0.81317,1.00,1.10
2015.05.14 06:51:13.887,0.8131,0.81315,1.00,1.00
2015.05.14 06:51:14.127,0.81305,0.81313,1.00,1.20
2015.05.14 06:51:14.632,0.81304,0.81313,1.10,1.27
2015.05.14 06:51:15.214,0.81303,0.81313,1.00,2.10
2015.05.14 06:51:15.567,0.81301,0.81312,1.10,2.85
2015.05.14 06:51:16.279,0.81301,0.81312,1.17,2.47
2015.05.14 06:51:16.789,0.81301,0.81312,1.10,1.72
2015.05.14 06:51:17.093,0.81301,0.81311,1.00,3.52
2015.05.14 06:51:17.606,0.81301,0.8131,1.00,3.60
2015.05.14 06:51:17.867,0.81301,0.8131,1.00,2.17
2015.05.14 06:51:18.864,0.81301,0.8131,1.00,1.72
2015.05.14 06:51:19.471,0.81301,0.8131,1.00,1.70
2015.05.14 06:51:19.572,0.81301,0.8131,1.00,2.17
2015.05.14 06:51:21.295,0.81299,0.8131,1.20,2.02
2015.05.14 06:51:21.346,0.81299,0.81304,1.10,1.00
2015.05.14 06:51:21.397,0.81294,0.81304,1.20,1.20
2015.05.14 06:51:21.448,0.81294,0.81303,1.10,1.10
2015.05.14 06:51:21.499,0.81294,0.81303,1.00,1.65
2015.05.14 06:51:21.702,0.81291,0.81303,1.45,1.72
2015.05.14 06:51:22.247,0.81291,0.81302,1.20,1.42
2015.05.14 06:51:23.447,0.81291,0.81303,1.27,1.35
2015.05.14 06:51:23.699,0.81291,0.81303,1.20,1.35
2015.05.14 06:51:24.002,0.81291,0.81303,1.27,2.77
2015.05.14 06:51:24.309,0.81291,0.81303,1.27,2.10
2015.05.14 06:51:24.858,0.81292,0.81305,1.15,6.22
2015.05.14 06:51:24.909,0.81293,0.81305,1.52,1.42
2015.05.14 06:51:24.960,0.81294,0.81306,3.45,1.20
2015.05.14 06:51:25.112,0.813,0.81309,1.00,1.72
2015.05.14 06:51:25.365,0.81302,0.81311,1.00,2.47
2015.05.14 06:51:25.891,0.81301,0.81311,1.10,3.97
2015.05.14 06:51:26.194,0.81298,0.81308,1.10,1.07
2015.05.14 06:51:26.581,0.81295,0.81305,1.27,1.12
2015.05.14 06:51:26.733,0.81293,0.81304,1.15,1.57
2015.05.14 06:51:26.835,0.81292,0.81303,1.27,2.10
2015.05.14 06:51:27.037,0.81292,0.81302,1.27,1.20
2015.05.14 06:51:27.210,0.81292,0.81304,1.27,2.17
2015.05.14 06:51:27.715,0.81292,0.81302,1.55,1.00
2015.05.14 06:51:28.492,0.81292,0.81303,1.52,1.27
2015.05.14 06:51:28.963,0.81292,0.81303,1.12,1.52
2015.05.14 06:51:31.817,0.81293,0.81303,1.10,1.35
2015.05.14 06:51:31.868,0.81294,0.81304,1.00,1.32
2015.05.14 06:51:31.919,0.81295,0.81304,2.25,1.15
2015.05.14 06:51:32.123,0.81297,0.81304,1.20,1.00
2015.05.14 06:51:32.174,0.81301,0.81305,1.00,1.10
2015.05.14 06:51:32.377,0.81299,0.81304,1.00,1.00
2015.05.14 06:51:32.488,0.81297,0.81304,1.10,1.00
2015.05.14 06:51:32.943,0.81298,0.81307,1.55,1.75
2015.05.14 06:51:33.461,0.81298,0.81308,1.55,1.45
2015.05.14 06:51:33.808,0.81301,0.81311,1.00,3.15
2015.05.14 06:51:33.960,0.81299,0.81307,1.00,1.00
2015.05.14 06:51:34.061,0.81295,0.81305,2.32,2.02
2015.05.14 06:51:34.163,0.81293,0.81304,1.00,1.27
2015.05.14 06:51:34.671,0.81292,0.81304,2.70,2.10
2015.05.14 06:51:35.198,0.81293,0.81304,1.50,2.85
2015.05.14 06:51:35.702,0.81292,0.81304,2.70,2.10
2015.05.14 06:51:36.391,0.81293,0.81303,1.50,1.72
2015.05.14 06:51:36.694,0.81291,0.81298,1.20,1.50
2015.05.14 06:51:36.998,0.81288,0.81295,1.00,1.55
2015.05.14 06:51:37.302,0.81281,0.81292,1.37,1.35
2015.05.14 06:51:37.857,0.81281,0.81292,1.47,1.35
2015.05.14 06:51:38.386,0.81281,0.81294,1.55,4.20
2015.05.14 06:51:39.866,0.81281,0.81293,1.52,2.17
2015.05.14 06:51:40.377,0.81281,0.81293,1.15,2.17
2015.05.14 06:51:40.888,0.81281,0.81291,1.10,1.10
2015.05.14 06:51:42.364,0.81281,0.81291,1.47,1.10
2015.05.14 06:51:42.702,0.81287,0.81299,1.27,2.02
2015.05.14 06:51:43.207,0.81291,0.813,1.00,1.72
2015.05.14 06:51:43.713,0.81291,0.81303,1.00,3.30
2015.05.14 06:51:44.235,0.81291,0.81303,1.00,5.47
2015.05.14 06:51:46.104,0.81291,0.81301,1.00,2.17
2015.05.14 06:51:46.458,0.81292,0.81301,1.00,2.17
2015.05.14 06:51:46.914,0.8129,0.81302,1.10,3.60
2015.05.14 06:51:47.183,0.8129,0.81302,1.10,1.42
2015.05.14 06:51:47.720,0.8129,0.81302,2.40,1.42
2015.05.14 06:51:47.772,0.8129,0.81302,1.57,2.17
2015.05.14 06:51:48.075,0.81287,0.81295,2.25,1.72
2015.05.14 06:51:48.586,0.81286,0.81296,2.25,1.80
2015.05.14 06:51:49.164,0.81287,0.81296,1.50,2.17
2015.05.14 06:51:49.693,0.81286,0.81296,1.10,2.55
2015.05.14 06:51:53.378,0.81286,0.81296,1.00,4.35
2015.05.14 06:51:53.479,0.81286,0.81296,1.00,3.52
2015.05.14 06:51:53.933,0.81288,0.81296,1.00,1.80
2015.05.14 06:51:54.135,0.81289,0.81298,1.00,2.17
2015.05.14 06:51:54.287,0.81289,0.81297,1.27,1.10
2015.05.14 06:51:54.707,0.81289,0.81301,2.77,1.72
2015.05.14 06:51:55.235,0.81289,0.81301,2.77,1.72
2015.05.14 06:51:56.311,0.81289,0.81301,3.52,1.72
2015.05.14 06:51:57.084,0.81289,0.81299,2.77,1.35
2015.05.14 06:51:58.117,0.81289,0.81298,1.10,1.65
2015.05.14 06:51:58.644,0.8129,0.81299,1.00,2.40
2015.05.14 06:51:59.150,0.8129,0.81299,1.00,1.55
2015.05.14 06:51:59.655,0.8129,0.81301,1.00,2.10
2015.05.14 06:52:00.631,0.8129,0.81301,1.17,1.60
2015.05.14 06:52:01.500,0.8129,0.81301,1.15,1.52
2015.05.14 06:52:01.602,0.8129,0.81301,1.27,1.00
2015.05.14 06:52:02.610,0.81293,0.81303,1.20,2.85
2015.05.14 06:52:05.334,0.81293,0.81303,1.00,1.60
2015.05.14 06:52:06.136,0.81293,0.81303,1.00,1.60
2015.05.14 06:52:06.658,0.81293,0.81303,1.10,1.62
2015.05.14 06:52:08.158,0.81289,0.81302,1.62,2.10
2015.05.14 06:52:08.680,0.81288,0.81302,2.10,2.10
2015.05.14 06:52:09.195,0.81288,0.81302,1.60,2.10
2015.05.14 06:52:09.549,0.81288,0.81302,1.62,2.10
2015.05.14 06:52:10.081,0.81296,0.81301,1.00,1.25
2015.05.14 06:52:10.176,0.81296,0.81301,1.00,1.10
2015.05.14 06:52:10.227,0.81296,0.81307,1.50,5.40
2015.05.14 06:52:10.379,0.81296,0.81305,1.55,2.25
2015.05.14 06:52:10.430,0.81295,0.81305,1.65,3.07
2015.05.14 06:52:10.482,0.81295,0.81305,1.00,1.15
2015.05.14 06:52:10.634,0.81292,0.81303,1.60,2.02
2015.05.14 06:52:11.149,0.81292,0.81303,1.72,2.77
2015.05.14 06:52:11.696,0.81292,0.81304,1.72,1.62
2015.05.14 06:52:12.051,0.81295,0.81306,1.47,2.25
2015.05.14 06:52:12.102,0.81295,0.81308,1.55,3.30
2015.05.14 06:52:12.305,0.81298,0.81305,1.07,1.00
2015.05.14 06:52:12.558,0.81295,0.81308,2.17,7.87
2015.05.14 06:52:12.660,0.81296,0.81308,1.37,6.15
2015.05.14 06:52:12.808,0.81296,0.81309,4.35,1.15
2015.05.14 06:52:14.020,0.81297,0.8131,2.02,1.60
2015.05.14 06:52:14.541,0.81298,0.8131,1.20,1.60
2015.05.14 06:52:14.895,0.813,0.81311,1.37,2.77
2015.05.14 06:52:15.401,0.813,0.81312,1.00,2.77
2015.05.14 06:52:15.907,0.81298,0.81311,2.17,2.77
2015.05.14 06:52:16.903,0.81299,0.81312,1.57,2.10
2015.05.14 06:52:19.892,0.81299,0.81311,2.85,1.27
2015.05.14 06:52:21.892,0.813,0.81311,1.10,1.27
2015.05.14 06:52:23.528,0.813,0.81311,1.10,3.07
2015.05.14 06:52:24.039,0.81299,0.8131,1.20,1.15
2015.05.14 06:52:24.406,0.81299,0.8131,1.10,1.65
2015.05.14 06:52:25.041,0.81299,0.8131,1.10,1.27
2015.05.14 06:52:25.551,0.81299,0.8131,1.20,1.27
2015.05.14 06:52:26.066,0.81299,0.8131,1.00,1.27
2015.05.14 06:52:28.938,0.81299,0.8131,1.37,2.02
2015.05.14 06:52:30.492,0.81298,0.8131,1.95,1.52
2015.05.14 06:52:30.543,0.81298,0.81309,1.95,1.55
2015.05.14 06:52:31.532,0.81298,0.8131,2.02,4.20
2015.05.14 06:52:34.068,0.81298,0.81308,1.57,1.17
2015.05.14 06:52:34.593,0.81298,0.81308,1.62,1.10
2015.05.14 06:52:36.488,0.81297,0.81308,1.60,1.07
2015.05.14 06:52:37.921,0.81296,0.81307,1.35,1.00
2015.05.14 06:52:38.265,0.81288,0.81299,2.02,1.87
2015.05.14 06:52:39.164,0.81288,0.81299,1.72,2.70
2015.05.14 06:52:39.695,0.81292,0.81302,1.10,1.55
2015.05.14 06:52:40.215,0.81292,0.81302,2.02,1.07
2015.05.14 06:52:40.468,0.81294,0.81303,1.50,1.10
2015.05.14 06:52:40.990,0.81293,0.81304,1.10,1.65
2015.05.14 06:52:42.572,0.81293,0.81304,1.00,1.15
2015.05.14 06:52:42.774,0.81293,0.81303,1.00,2.32
2015.05.14 06:52:42.875,0.81293,0.81303,1.00,1.15
2015.05.14 06:52:43.794,0.81292,0.81303,1.12,2.77
2015.05.14 06:52:44.150,0.81292,0.81299,1.00,1.87
2015.05.14 06:52:45.129,0.81292,0.81299,1.00,2.02
2015.05.14 06:52:45.232,0.8129,0.81299,1.00,2.02
2015.05.14 06:52:46.218,0.8129,0.81299,1.00,2.02
2015.05.14 06:52:49.214,0.8129,0.81301,1.00,3.52
2015.05.14 06:52:49.740,0.8129,0.81298,1.00,1.52
2015.05.14 06:52:50.167,0.81288,0.81299,1.00,1.62
2015.05.14 06:52:50.275,0.8129,0.81299,1.00,1.35
2015.05.14 06:52:50.529,0.8129,0.81302,1.12,1.67
2015.05.14 06:52:51.444,0.8129,0.81301,1.20,2.70
2015.05.14 06:52:51.970,0.8129,0.81302,1.27,3.45
2015.05.14 06:52:52.299,0.81291,0.81302,1.45,2.02
2015.05.14 06:52:52.350,0.81292,0.81302,1.20,1.20
2015.05.14 06:52:52.604,0.81295,0.81304,1.00,3.15
2015.05.14 06:52:52.868,0.81298,0.81311,2.02,1.27
2015.05.14 06:52:53.375,0.81301,0.81311,1.00,1.27
2015.05.14 06:52:55.236,0.81299,0.8131,1.00,4.20
2015.05.14 06:52:55.337,0.81297,0.81307,1.50,1.17
2015.05.14 06:52:55.748,0.81297,0.81306,1.00,1.17
2015.05.14 06:52:56.301,0.81296,0.81306,1.20,1.17
2015.05.14 06:52:56.435,0.81296,0.81307,1.27,1.15
2015.05.14 06:52:56.958,0.81296,0.81307,1.27,1.15
2015.05.14 06:52:57.620,0.81296,0.81306,1.27,1.17
2015.05.14 06:52:57.774,0.81296,0.81306,1.20,1.10
2015.05.14 06:52:58.300,0.81297,0.81308,1.10,1.27
2015.05.14 06:52:58.654,0.81297,0.81308,1.67,1.27
2015.05.14 06:52:58.856,0.81295,0.81306,2.47,1.17
2015.05.14 06:52:59.378,0.81296,0.81307,1.42,1.65
2015.05.14 06:52:59.854,0.81297,0.81308,1.20,2.77
2015.05.14 06:53:00.015,0.81297,0.81308,1.10,3.52
2015.05.14 06:53:00.521,0.81297,0.81309,1.12,1.27
2015.05.14 06:53:00.856,0.81297,0.81308,1.27,1.17
2015.05.14 06:53:01.660,0.81297,0.81311,1.75,3.52
2015.05.14 06:53:02.207,0.81297,0.8131,2.85,1.27
2015.05.14 06:53:02.764,0.81298,0.8131,1.20,1.27
2015.05.14 06:53:03.326,0.81298,0.8131,1.57,1.52
2015.05.14 06:53:04.347,0.81298,0.81311,1.20,1.52
2015.05.14 06:53:07.276,0.81298,0.81309,1.20,1.15
2015.05.14 06:53:08.318,0.81298,0.81304,1.10,1.00
2015.05.14 06:53:08.419,0.81293,0.81303,1.17,1.50
2015.05.14 06:53:08.470,0.81292,0.81302,2.25,1.27
2015.05.14 06:53:08.974,0.81291,0.81303,1.20,1.52
2015.05.14 06:53:09.484,0.81292,0.81302,1.00,1.62
2015.05.14 06:53:09.986,0.81291,0.81302,1.12,1.62
2015.05.14 06:53:10.298,0.81296,0.81304,1.00,4.95
2015.05.14 06:53:10.400,0.81298,0.81309,1.50,6.97
2015.05.14 06:53:10.552,0.813,0.81309,1.00,3.90
2015.05.14 06:53:10.654,0.81298,0.81308,1.00,1.27
2015.05.14 06:53:10.961,0.813,0.8131,1.07,1.45
2015.05.14 06:53:11.466,0.81299,0.81312,1.17,1.67
2015.05.14 06:53:12.881,0.813,0.81311,1.00,4.20
2015.05.14 06:53:13.572,0.81299,0.81311,1.10,3.45
2015.05.14 06:53:14.137,0.81299,0.81311,1.00,1.52
2015.05.14 06:53:14.441,0.81296,0.81303,1.15,1.00
2015.05.14 06:53:14.492,0.81292,0.81302,1.32,1.12
2015.05.14 06:53:14.593,0.81292,0.81302,1.10,1.65
2015.05.14 06:53:14.897,0.8129,0.81302,1.10,2.47
2015.05.14 06:53:15.601,0.81291,0.813,1.00,1.20
2015.05.14 06:53:16.153,0.81291,0.813,1.00,1.27
2015.05.14 06:53:16.890,0.8129,0.81302,1.12,3.60
2015.05.14 06:53:17.458,0.81291,0.81302,1.00,3.60
2015.05.14 06:53:17.970,0.81291,0.81302,1.00,8.70
2015.05.14 06:53:18.274,0.81289,0.813,1.00,1.15
2015.05.14 06:53:18.812,0.81288,0.81298,1.20,1.20
2015.05.14 06:53:19.384,0.81288,0.81298,1.00,1.15
2015.05.14 06:53:19.889,0.81289,0.81297,1.00,1.10
2015.05.14 06:53:20.428,0.8129,0.81297,1.00,1.10
2015.05.14 06:53:20.479,0.8129,0.81299,1.10,1.12
2015.05.14 06:53:20.693,0.81292,0.81299,1.10,1.12
2015.05.14 06:53:21.219,0.81292,0.813,1.00,1.00
2015.05.14 06:53:21.698,0.81291,0.813,1.00,1.17
2015.05.14 06:53:22.254,0.8129,0.813,1.27,1.35
2015.05.14 06:53:22.759,0.8129,0.81298,1.27,1.00
2015.05.14 06:53:22.861,0.8129,0.813,1.27,1.12
2015.05.14 06:53:23.926,0.81292,0.813,1.00,1.12
2015.05.14 06:53:24.476,0.81291,0.813,1.25,1.00
2015.05.14 06:53:24.729,0.8129,0.813,1.10,1.10
2015.05.14 06:53:25.278,0.81289,0.81298,1.27,1.00
2015.05.14 06:53:25.779,0.81288,0.81298,1.52,1.00
2015.05.14 06:53:26.314,0.81286,0.81297,1.27,1.20
2015.05.14 06:53:26.617,0.81286,0.81297,1.20,1.27
2015.05.14 06:53:28.227,0.81285,0.81295,1.00,1.65
2015.05.14 06:53:28.499,0.81282,0.81292,2.02,1.17
2015.05.14 06:53:28.803,0.81281,0.81289,1.07,1.00
2015.05.14 06:53:29.327,0.8128,0.81289,1.12,1.17
2015.05.14 06:53:29.842,0.81278,0.81289,1.55,1.10
2015.05.14 06:53:30.392,0.81281,0.81289,1.00,1.00
2015.05.14 06:53:30.905,0.8128,0.81289,1.27,1.00
2015.05.14 06:53:31.596,0.81281,0.81289,1.00,1.00
2015.05.14 06:53:32.146,0.81281,0.81288,1.00,1.87
2015.05.14 06:53:32.648,0.8128,0.81288,1.20,1.87
2015.05.14 06:53:32.699,0.8128,0.81288,1.17,1.87
2015.05.14 06:53:33.221,0.81283,0.81288,1.12,1.87
2015.05.14 06:53:33.726,0.81282,0.81288,1.20,1.87
2015.05.14 06:53:34.030,0.81284,0.81288,1.00,1.87
2015.05.14 06:53:34.316,0.81283,0.81291,1.00,1.87
2015.05.14 06:53:34.822,0.81283,0.81288,1.20,1.87
2015.05.14 06:53:35.331,0.81282,0.81288,1.35,1.87
2015.05.14 06:53:36.610,0.81283,0.81288,1.00,1.87
2015.05.14 06:53:36.907,0.81282,0.8129,1.20,1.00
2015.05.14 06:53:38.625,0.81283,0.8129,1.00,1.00
2015.05.14 06:53:40.137,0.81282,0.8129,1.20,1.00
2015.05.14 06:53:40.651,0.81283,0.8129,1.00,1.00
2015.05.14 06:53:41.246,0.81282,0.8129,1.20,1.00
2015.05.14 06:53:42.054,0.81283,0.8129,1.00,1.00
2015.05.14 06:53:42.626,0.81282,0.8129,1.20,1.00
2015.05.14 06:53:43.728,0.81283,0.8129,1.00,1.00
2015.05.14 06:53:44.531,0.81282,0.8129,1.20,1.00
2015.05.14 06:53:45.277,0.81284,0.8129,1.00,1.00
2015.05.14 06:53:45.531,0.81284,0.81292,1.00,1.20
2015.05.14 06:53:45.799,0.81283,0.81293,2.25,1.27
2015.05.14 06:53:46.303,0.81286,0.81293,1.10,1.00
2015.05.14 06:53:46.817,0.81285,0.81294,1.20,1.10
2015.05.14 06:53:46.968,0.81285,0.81294,1.20,1.10
2015.05.14 06:53:47.618,0.81286,0.81294,1.00,1.10
2015.05.14 06:53:47.976,0.81284,0.81294,1.30,1.15
2015.05.14 06:53:48.684,0.81284,0.81294,1.67,1.15
2015.05.14 06:53:49.477,0.81284,0.81293,2.17,1.10
2015.05.14 06:53:57.768,0.81286,0.81293,1.00,1.10
2015.05.14 06:53:58.276,0.81285,0.81293,1.10,1.10
2015.05.14 06:54:01.070,0.81282,0.81293,1.80,1.95
2015.05.14 06:54:01.571,0.81283,0.81292,1.10,1.00
2015.05.14 06:54:02.119,0.81282,0.81291,1.37,1.00
2015.05.14 06:54:12.017,0.81284,0.81292,1.00,1.00
2015.05.14 06:54:12.531,0.81284,0.81292,1.17,1.00
2015.05.14 06:54:12.761,0.81283,0.81293,1.00,1.15
2015.05.14 06:54:13.803,0.81283,0.81292,1.20,1.07
2015.05.14 06:54:14.310,0.81283,0.81291,1.17,1.00
2015.05.14 06:54:14.844,0.81281,0.8129,1.35,1.00
2015.05.14 06:54:15.451,0.81282,0.8129,1.00,1.00
2015.05.14 06:54:15.953,0.81281,0.8129,1.30,1.00
2015.05.14 06:54:16.167,0.81282,0.8129,1.07,1.00
2015.05.14 06:54:16.717,0.81281,0.8129,1.27,1.00
2015.05.14 06:54:17.842,0.8128,0.8129,2.17,1.00
2015.05.14 06:54:18.428,0.81282,0.8129,1.00,1.00
2015.05.14 06:54:18.971,0.8128,0.8129,2.17,1.00
2015.05.14 06:54:20.443,0.8128,0.8129,2.17,1.00
2015.05.14 06:54:20.950,0.81282,0.8129,1.17,1.00
2015.05.14 06:54:21.355,0.81281,0.8129,1.27,1.00
2015.05.14 06:54:21.866,0.81281,0.8129,1.35,1.00
2015.05.14 06:54:22.389,0.81281,0.8129,1.27,1.00
2015.05.14 06:54:23.527,0.8128,0.8129,2.17,1.00
2015.05.14 06:54:24.120,0.8128,0.8129,2.17,1.00
2015.05.14 06:54:26.145,0.81278,0.81287,1.72,1.00
2015.05.14 06:54:26.246,0.81275,0.81286,1.57,1.65
2015.05.14 06:54:26.297,0.81275,0.81283,1.57,1.47
2015.05.14 06:54:26.348,0.81272,0.81283,2.17,1.57
2015.05.14 06:54:26.449,0.81273,0.8128,1.27,1.00
2015.05.14 06:54:26.965,0.81271,0.8128,3.22,1.00
2015.05.14 06:54:29.002,0.8127,0.81278,1.27,2.25
2015.05.14 06:54:29.104,0.81268,0.81276,1.00,3.45
2015.05.14 06:54:29.155,0.81265,0.81273,1.20,1.15
2015.05.14 06:54:29.205,0.81264,0.8127,1.12,1.00
2015.05.14 06:54:29.256,0.81262,0.8127,2.10,1.00
2015.05.14 06:54:29.899,0.81264,0.8127,1.00,1.00
2015.05.14 06:54:30.404,0.81264,0.81271,1.10,1.10
2015.05.14 06:54:30.910,0.81263,0.81272,1.00,1.17
2015.05.14 06:54:32.409,0.81263,0.81272,1.37,1.07
2015.05.14 06:54:32.927,0.81264,0.81275,1.12,4.20
2015.05.14 06:54:33.463,0.81264,0.81275,1.20,2.02
2015.05.14 06:54:33.968,0.81264,0.81272,1.00,1.00
2015.05.14 06:54:34.869,0.81264,0.81272,1.00,1.27
2015.05.14 06:54:35.376,0.81263,0.81272,1.10,1.20
2015.05.14 06:54:35.780,0.81261,0.81271,1.20,1.27
2015.05.14 06:54:38.529,0.81262,0.81272,1.00,1.27
2015.05.14 06:54:39.080,0.81262,0.81272,1.20,1.27
2015.05.14 06:54:40.127,0.81262,0.81271,1.20,1.00
2015.05.14 06:54:41.766,0.81262,0.81273,1.95,1.17
2015.05.14 06:54:42.070,0.81269,0.81274,1.07,1.00
2015.05.14 06:54:42.121,0.81269,0.81277,1.65,1.00
2015.05.14 06:54:42.324,0.81271,0.81279,1.15,1.12
2015.05.14 06:54:42.425,0.81272,0.8128,1.15,1.12
2015.05.14 06:54:42.526,0.81274,0.81286,1.15,1.97
2015.05.14 06:54:42.729,0.81275,0.81286,1.17,1.90
2015.05.14 06:54:42.932,0.81281,0.8129,1.20,2.32
2015.05.14 06:54:43.481,0.81281,0.81291,1.00,2.55
2015.05.14 06:54:44.048,0.81279,0.81292,1.07,4.35
2015.05.14 06:54:44.351,0.81278,0.81285,1.00,3.07
2015.05.14 06:54:44.402,0.81276,0.81285,1.10,1.00
2015.05.14 06:54:44.923,0.81274,0.81287,1.15,1.32
2015.05.14 06:54:45.126,0.81274,0.81284,1.07,1.07
2015.05.14 06:54:45.652,0.81274,0.81284,1.00,2.17
2015.05.14 06:54:46.160,0.81274,0.81284,1.50,4.42
2015.05.14 06:54:46.740,0.81273,0.81282,2.25,1.65
2015.05.14 06:54:47.745,0.81273,0.81282,2.25,2.02
2015.05.14 06:54:48.310,0.81272,0.81283,1.50,2.10
2015.05.14 06:54:48.916,0.81273,0.81282,1.50,2.02
2015.05.14 06:54:49.468,0.81272,0.81282,1.50,1.27
2015.05.14 06:54:50.015,0.81273,0.81282,1.00,1.27
2015.05.14 06:54:50.518,0.81273,0.81282,1.00,1.55
2015.05.14 06:54:50.859,0.81276,0.81282,1.50,1.20
2015.05.14 06:54:51.061,0.81275,0.81283,1.00,1.00
2015.05.14 06:54:51.163,0.81275,0.81282,1.15,1.00
2015.05.14 06:54:51.365,0.81275,0.81287,1.52,2.02
2015.05.14 06:54:51.970,0.81278,0.81285,1.50,1.17
2015.05.14 06:54:52.125,0.81275,0.81286,1.12,1.72
2015.05.14 06:54:52.260,0.81276,0.81286,1.10,1.10
2015.05.14 06:54:52.464,0.81278,0.81287,1.50,3.60
2015.05.14 06:54:52.829,0.8128,0.81287,1.50,1.27
2015.05.14 06:54:53.032,0.8128,0.81289,1.50,1.35
2015.05.14 06:54:53.537,0.81281,0.8129,1.50,1.80
2015.05.14 06:54:54.084,0.81282,0.81291,2.25,1.62
2015.05.14 06:54:54.488,0.81283,0.81292,1.50,2.47
2015.05.14 06:54:55.028,0.81282,0.81292,1.00,1.22
2015.05.14 06:54:55.585,0.81283,0.81291,1.50,1.25
2015.05.14 06:54:56.092,0.81283,0.81291,1.50,1.20
2015.05.14 06:54:56.243,0.81286,0.81292,1.50,1.35
2015.05.14 06:54:56.548,0.81291,0.81297,1.50,1.17
2015.05.14 06:54:56.888,0.81292,0.81297,1.65,1.00
2015.05.14 06:54:56.939,0.81292,0.81301,1.65,1.17
2015.05.14 06:54:57.400,0.81289,0.81302,2.40,6.52
2015.05.14 06:54:57.501,0.8129,0.81299,2.40,1.20
2015.05.14 06:54:57.704,0.81289,0.81299,3.07,1.17
2015.05.14 06:54:58.300,0.81289,0.81299,1.15,1.65
2015.05.14 06:54:59.554,0.81293,0.813,1.50,3.07
2015.05.14 06:54:59.836,0.81293,0.81302,1.50,1.72
2015.05.14 06:55:00.140,0.81294,0.81303,1.57,1.72
2015.05.14 06:55:00.657,0.81295,0.81303,1.50,1.17
2015.05.14 06:55:01.198,0.81294,0.81302,1.50,1.07
2015.05.14 06:55:01.709,0.81295,0.81303,1.50,1.95
2015.05.14 06:55:02.240,0.81293,0.81303,1.65,1.00
2015.05.14 06:55:02.291,0.81293,0.81303,4.57,1.00
2015.05.14 06:55:02.815,0.81294,0.81302,3.15,1.12
2015.05.14 06:55:02.867,0.81294,0.81302,1.80,1.12
2015.05.14 06:55:03.380,0.81294,0.81303,1.57,1.07
2015.05.14 06:55:03.582,0.81298,0.81303,1.57,1.07
2015.05.14 06:55:04.138,0.81297,0.81302,2.32,1.00
2015.05.14 06:55:04.643,0.81295,0.81302,1.15,1.00
2015.05.14 06:55:05.100,0.81298,0.81303,1.50,1.00
2015.05.14 06:55:05.271,0.81299,0.81309,1.65,1.95
2015.05.14 06:55:05.779,0.81302,0.81309,1.20,2.02
2015.05.14 06:55:06.184,0.81304,0.81308,1.00,2.02
2015.05.14 06:55:06.285,0.81304,0.81314,1.00,2.77
2015.05.14 06:55:06.336,0.81304,0.81316,1.15,2.77
2015.05.14 06:55:06.506,0.81306,0.81317,1.27,1.25
2015.05.14 06:55:06.561,0.81308,0.81319,1.65,1.92
2015.05.14 06:55:06.917,0.8131,0.81316,1.65,1.00
2015.05.14 06:55:07.120,0.81311,0.81322,1.57,1.55
2015.05.14 06:55:07.222,0.81311,0.81324,2.40,1.62
2015.05.14 06:55:07.770,0.81314,0.81324,1.57,2.77
2015.05.14 06:55:08.321,0.81314,0.81322,1.65,1.00
2015.05.14 06:55:08.473,0.81317,0.81328,1.15,1.37
2015.05.14 06:55:08.547,0.81319,0.8133,1.65,1.95
2015.05.14 06:55:08.649,0.81318,0.81329,3.15,1.47
2015.05.14 06:55:08.700,0.81318,0.81329,2.10,1.10
2015.05.14 06:55:08.904,0.81321,0.81332,1.27,1.47
2015.05.14 06:55:09.318,0.81323,0.81331,1.57,1.00
2015.05.14 06:55:09.537,0.81321,0.81332,1.27,1.10
2015.05.14 06:55:09.871,0.8132,0.81329,1.17,1.10
2015.05.14 06:55:10.188,0.81317,0.81324,1.72,1.00
2015.05.14 06:55:10.669,0.81318,0.81322,1.65,1.00
2015.05.14 06:55:10.770,0.81317,0.81322,1.57,1.00
2015.05.14 06:55:10.821,0.81315,0.8132,2.02,1.00
2015.05.14 06:55:10.872,0.81315,0.8132,1.57,1.00
2015.05.14 06:55:11.201,0.81311,0.8132,2.17,1.00
2015.05.14 06:55:12.093,0.81313,0.8132,1.50,1.00
2015.05.14 06:55:12.261,0.81313,0.81322,1.50,1.27
2015.05.14 06:55:12.798,0.81312,0.81321,1.65,1.12
2015.05.14 06:55:13.317,0.81311,0.81322,2.02,1.87
2015.05.14 06:55:15.454,0.81312,0.81322,1.57,2.77
2015.05.14 06:55:15.707,0.81309,0.81318,1.65,1.00
2015.05.14 06:55:15.759,0.81309,0.81318,1.50,1.10
2015.05.14 06:55:16.120,0.81309,0.8132,2.02,1.65
2015.05.14 06:55:16.627,0.81311,0.8132,1.65,1.00
2015.05.14 06:55:17.156,0.81312,0.81322,1.50,2.02
2015.05.14 06:55:17.660,0.81312,0.81322,1.57,1.95
2015.05.14 06:55:19.023,0.81314,0.81324,1.50,1.62
2015.05.14 06:55:19.479,0.81313,0.81324,2.10,1.47
2015.05.14 06:55:19.814,0.81317,0.81326,2.70,1.00
2015.05.14 06:55:19.865,0.81318,0.81326,1.15,1.00
2015.05.14 06:55:19.967,0.81318,0.81326,1.52,1.00
2015.05.14 06:55:20.018,0.81319,0.81329,2.02,1.12
2015.05.14 06:55:20.553,0.81318,0.8133,2.77,1.47
2015.05.14 06:55:21.767,0.81319,0.8133,1.65,1.37
2015.05.14 06:55:22.160,0.81319,0.81331,2.77,1.27
2015.05.14 06:55:22.272,0.81319,0.81332,4.27,1.95
2015.05.14 06:55:22.829,0.8132,0.8133,2.02,1.00
2015.05.14 06:55:22.880,0.8132,0.8133,1.95,1.07
2015.05.14 06:55:23.386,0.81319,0.81329,2.17,1.17
2015.05.14 06:55:24.104,0.81317,0.81329,2.17,1.00
2015.05.14 06:55:25.131,0.81316,0.81327,5.02,1.00
2015.05.14 06:55:25.182,0.81315,0.81327,3.90,1.20
2015.05.14 06:55:25.385,0.81316,0.81329,1.27,1.57
2015.05.14 06:55:25.796,0.81317,0.81329,2.32,1.47
2015.05.14 06:55:25.998,0.81316,0.8133,3.60,2.02
2015.05.14 06:55:26.536,0.81319,0.8133,1.87,2.10
2015.05.14 06:55:26.789,0.81318,0.81327,1.57,2.17
2015.05.14 06:55:27.094,0.81313,0.81325,1.57,3.07
2015.05.14 06:55:27.608,0.81314,0.81323,1.50,1.15
2015.05.14 06:55:28.165,0.81313,0.81325,1.57,2.47
2015.05.14 06:55:28.469,0.81314,0.81326,2.02,1.55
2015.05.14 06:55:28.774,0.81317,0.81326,1.57,1.12
2015.05.14 06:55:29.281,0.81317,0.81328,1.65,1.47
2015.05.14 06:55:29.790,0.81316,0.81328,1.52,1.45
2015.05.14 06:55:29.992,0.81314,0.81325,2.17,1.00
2015.05.14 06:55:30.499,0.81316,0.81326,1.65,2.62
2015.05.14 06:55:31.022,0.81316,0.81326,1.57,1.95
2015.05.14 06:55:31.572,0.81313,0.81325,1.65,3.00
2015.05.14 06:55:31.623,0.81313,0.81324,1.57,2.32
2015.05.14 06:55:31.725,0.81315,0.81324,1.50,1.15
2015.05.14 06:55:31.776,0.81312,0.81323,2.47,1.52
2015.05.14 06:55:31.878,0.8131,0.81322,1.65,2.70
2015.05.14 06:55:32.448,0.81311,0.8132,1.50,1.17
2015.05.14 06:55:32.802,0.81309,0.81319,1.95,1.17
2015.05.14 06:55:33.107,0.81307,0.81318,1.27,1.17
2015.05.14 06:55:33.618,0.81306,0.81318,1.70,1.10
2015.05.14 06:55:34.023,0.81306,0.81318,1.55,1.15
2015.05.14 06:55:34.563,0.81306,0.81317,1.55,1.20
2015.05.14 06:55:35.028,0.81306,0.81317,1.52,1.20
2015.05.14 06:55:35.398,0.81306,0.81318,1.52,1.52
2015.05.14 06:55:35.915,0.81306,0.81318,1.62,1.57
2015.05.14 06:55:36.176,0.81306,0.81315,1.65,1.00
2015.05.14 06:55:36.227,0.81305,0.81315,1.32,1.00
2015.05.14 06:55:36.733,0.81304,0.81315,2.62,1.20
2015.05.14 06:55:37.275,0.81305,0.81317,1.55,2.47
2015.05.14 06:55:37.326,0.81305,0.81317,1.55,2.47
2015.05.14 06:55:37.528,0.81305,0.81317,1.52,3.15
2015.05.14 06:55:38.037,0.81305,0.81317,3.45,1.65
2015.05.14 06:55:38.997,0.81305,0.81317,4.20,1.27
2015.05.14 06:55:39.512,0.81306,0.81318,4.95,1.65
2015.05.14 06:55:39.816,0.8131,0.81319,3.45,1.00
2015.05.14 06:55:40.340,0.81309,0.81322,7.87,1.45
2015.05.14 06:55:40.879,0.81309,0.81322,7.87,1.37
2015.05.14 06:55:41.950,0.81311,0.81323,2.70,2.02
2015.05.14 06:55:42.455,0.81313,0.81323,2.32,1.47
2015.05.14 06:55:42.810,0.81313,0.81324,2.32,1.57
2015.05.14 06:55:43.534,0.81311,0.81324,4.35,1.17
2015.05.14 06:55:44.057,0.81312,0.81324,2.77,1.10
2015.05.14 06:55:44.854,0.81311,0.81324,6.60,1.07
2015.05.14 06:55:46.047,0.81316,0.81324,1.27,1.00
2015.05.14 06:55:46.199,0.81319,0.81329,1.15,1.95
2015.05.14 06:55:46.716,0.81317,0.8133,4.20,1.95
2015.05.14 06:55:47.356,0.81317,0.81329,3.45,1.10
2015.05.14 06:55:47.833,0.81316,0.81328,3.67,1.00
2015.05.14 06:55:48.820,0.81316,0.81327,2.17,1.00
2015.05.14 06:55:49.869,0.81315,0.81327,1.42,1.12
2015.05.14 06:55:50.996,0.81315,0.81327,2.17,2.77
2015.05.14 06:55:51.452,0.81316,0.81327,1.35,1.95
2015.05.14 06:55:54.174,0.81317,0.81328,1.20,1.55
2015.05.14 06:55:54.326,0.81317,0.81327,1.52,1.00
2015.05.14 06:55:54.838,0.81319,0.81329,1.10,1.55
2015.05.14 06:55:55.141,0.81317,0.81328,1.72,1.55
2015.05.14 06:55:55.445,0.81317,0.81326,1.10,1.20
2015.05.14 06:55:55.597,0.81313,0.81324,1.00,1.52
2015.05.14 06:55:55.749,0.81311,0.81323,2.40,2.85
2015.05.14 06:55:56.309,0.81309,0.81321,2.10,1.27
2015.05.14 06:55:57.949,0.81308,0.8132,2.55,1.45
2015.05.14 06:55:58.101,0.81303,0.81315,2.10,1.17
2015.05.14 06:55:58.151,0.81303,0.81313,1.65,1.07
2015.05.14 06:55:58.202,0.81302,0.81312,1.80,1.20
2015.05.14 06:55:58.354,0.81301,0.8131,1.20,1.00
2015.05.14 06:55:58.659,0.81309,0.81314,1.07,1.20
2015.05.14 06:55:58.761,0.8131,0.81316,1.45,1.00
2015.05.14 06:55:58.913,0.81308,0.81317,1.15,1.00
2015.05.14 06:55:59.065,0.81312,0.81316,1.10,1.00
2015.05.14 06:55:59.167,0.81314,0.81322,1.17,1.00
2015.05.14 06:55:59.421,0.81313,0.81318,1.35,1.00
2015.05.14 06:55:59.522,0.8131,0.81318,1.25,1.00
2015.05.14 06:55:59.775,0.81309,0.81317,1.17,1.00
2015.05.14 06:55:59.981,0.81308,0.81315,1.27,1.00
2015.05.14 06:56:00.133,0.81305,0.81315,1.52,1.10
2015.05.14 06:56:01.204,0.81304,0.81313,1.35,1.00
2015.05.14 06:56:01.305,0.81304,0.81313,1.35,1.00
2015.05.14 06:56:02.054,0.81303,0.81313,1.42,1.50
2015.05.14 06:56:02.587,0.81303,0.81313,1.32,1.57
2015.05.14 06:56:04.168,0.81304,0.81312,1.17,1.00
2015.05.14 06:56:04.423,0.81305,0.81317,1.57,1.72
2015.05.14 06:56:04.474,0.81306,0.81317,1.45,2.70
2015.05.14 06:56:04.525,0.81306,0.81317,1.52,2.62
2015.05.14 06:56:05.060,0.81306,0.81317,1.52,1.27
2015.05.14 06:56:05.593,0.81307,0.81318,1.47,2.02
2015.05.14 06:56:05.644,0.81307,0.81318,1.47,2.02
2015.05.14 06:56:06.168,0.81307,0.81318,1.07,1.65
2015.05.14 06:56:08.040,0.81313,0.81318,1.00,2.77
2015.05.14 06:56:08.242,0.81315,0.81323,2.02,1.50
2015.05.14 06:56:08.293,0.81316,0.81325,1.47,1.50
2015.05.14 06:56:08.445,0.81314,0.81323,1.65,1.10
2015.05.14 06:56:08.748,0.81314,0.81319,1.00,1.00
2015.05.14 06:56:09.213,0.81312,0.81319,2.25,1.00
2015.05.14 06:56:09.726,0.81311,0.81321,1.10,2.40
2015.05.14 06:56:10.276,0.81308,0.8132,1.35,5.02
2015.05.14 06:56:10.377,0.81307,0.8132,2.17,2.02
2015.05.14 06:56:10.680,0.81306,0.81316,1.27,2.25
2015.05.14 06:56:10.882,0.81302,0.81313,1.27,1.17
2015.05.14 06:56:11.428,0.81302,0.81313,1.30,1.17
2015.05.14 06:56:11.782,0.81304,0.81313,1.00,1.20
2015.05.14 06:56:12.086,0.81305,0.81315,1.27,1.00
2015.05.14 06:56:12.403,0.81306,0.81317,1.25,2.70
2015.05.14 06:56:12.707,0.81306,0.81318,3.60,1.10
2015.05.14 06:56:13.498,0.81306,0.81318,3.60,1.47
2015.05.14 06:56:14.204,0.81306,0.81318,1.67,1.55
2015.05.14 06:56:16.037,0.81305,0.81317,3.45,2.02
2015.05.14 06:56:16.088,0.81304,0.81317,1.27,2.02
2015.05.14 06:56:16.190,0.81302,0.81315,1.27,1.55
2015.05.14 06:56:16.716,0.81301,0.81314,2.02,2.77
2015.05.14 06:56:17.229,0.81302,0.81313,1.22,2.32
2015.05.14 06:56:19.280,0.81302,0.81313,1.35,1.47
2015.05.14 06:56:20.318,0.81302,0.81313,1.22,1.20
2015.05.14 06:56:21.538,0.81302,0.81313,1.25,1.20
2015.05.14 06:56:22.225,0.81302,0.81313,1.25,1.27
2015.05.14 06:56:22.494,0.81301,0.81313,2.47,4.27
2015.05.14 06:56:23.038,0.81301,0.81313,2.47,4.27
2015.05.14 06:56:24.766,0.81301,0.81312,1.42,2.02
2015.05.14 06:56:26.835,0.81301,0.81312,1.35,2.02
2015.05.14 06:56:27.366,0.81301,0.81311,1.35,1.95
2015.05.14 06:56:27.917,0.81301,0.81312,1.27,2.02
2015.05.14 06:56:30.409,0.81302,0.81313,1.20,2.02
2015.05.14 06:56:30.918,0.81302,0.81313,3.67,1.07
2015.05.14 06:56:31.626,0.81302,0.81313,3.67,1.07
2015.05.14 06:56:32.127,0.81302,0.81313,2.10,1.17
2015.05.14 06:56:33.076,0.81304,0.81313,1.00,1.17
2015.05.14 06:56:33.430,0.81304,0.81313,1.00,1.10
2015.05.14 06:56:33.531,0.81304,0.81313,1.00,1.17
2015.05.14 06:56:34.067,0.81304,0.81313,1.20,1.17
2015.05.14 06:56:34.592,0.81304,0.81313,1.12,1.17
2015.05.14 06:56:36.438,0.81302,0.81312,2.85,1.57
2015.05.14 06:56:36.768,0.81301,0.8131,1.12,1.10
2015.05.14 06:56:38.351,0.81304,0.81312,1.00,1.17
2015.05.14 06:56:38.654,0.81305,0.81312,1.37,1.17
2015.05.14 06:56:38.755,0.81306,0.81315,2.10,1.00
2015.05.14 06:56:39.009,0.81307,0.81317,2.92,2.32
2015.05.14 06:56:39.531,0.81309,0.81317,1.47,1.00
2015.05.14 06:56:40.064,0.81309,0.81318,1.55,1.10
2015.05.14 06:56:41.954,0.81309,0.81318,1.65,1.00
2015.05.14 06:56:42.159,0.81309,0.81318,1.62,1.00
2015.05.14 06:56:42.661,0.81309,0.81321,1.62,1.15
2015.05.14 06:56:44.878,0.8131,0.81322,2.77,1.27
2015.05.14 06:56:45.380,0.8131,0.81322,2.77,1.27
2015.05.14 06:56:45.927,0.8131,0.81322,1.27,1.27
2015.05.14 06:56:47.245,0.8131,0.81322,1.15,1.15
2015.05.14 06:56:48.490,0.8131,0.81322,1.27,1.27
2015.05.14 06:56:50.073,0.8131,0.81322,1.27,1.27
2015.05.14 06:56:50.419,0.8131,0.81322,1.27,1.27
2015.05.14 06:56:51.280,0.8131,0.81322,1.27,1.27
2015.05.14 06:56:53.166,0.8131,0.81322,1.27,1.20
2015.05.14 06:56:54.067,0.81309,0.81322,1.62,1.27
2015.05.14 06:56:56.092,0.81309,0.81322,1.15,1.15
2015.05.14 06:56:58.918,0.81309,0.81322,1.45,1.27
2015.05.14 06:56:59.444,0.81308,0.81322,2.02,1.42
2015.05.14 06:56:59.904,0.81307,0.81318,1.17,1.10
2015.05.14 06:57:00.005,0.81307,0.81317,1.10,1.27
2015.05.14 06:57:00.309,0.81303,0.81312,1.00,1.55
2015.05.14 06:57:00.613,0.813,0.8131,1.00,1.35
2015.05.14 06:57:00.823,0.81298,0.8131,1.87,1.35
2015.05.14 06:57:01.262,0.81297,0.81304,1.17,1.00
2015.05.14 06:57:01.313,0.81297,0.81304,1.00,1.20
2015.05.14 06:57:01.364,0.81293,0.81306,3.15,2.10
2015.05.14 06:57:01.465,0.81293,0.81301,1.10,1.00
2015.05.14 06:57:01.618,0.81291,0.81301,1.20,1.20
2015.05.14 06:57:02.444,0.81291,0.81301,1.17,1.10
2015.05.14 06:57:02.963,0.81291,0.81302,1.15,1.12
2015.05.14 06:57:03.514,0.81292,0.81303,1.07,2.02
2015.05.14 06:57:04.026,0.81291,0.81303,2.40,2.02
2015.05.14 06:57:04.784,0.81294,0.81304,1.00,1.62
2015.05.14 06:57:04.886,0.81295,0.81307,1.10,3.22
2015.05.14 06:57:04.981,0.81297,0.81308,1.10,2.10
2015.05.14 06:57:05.285,0.81298,0.81308,1.07,1.45
2015.05.14 06:57:05.795,0.81299,0.81308,1.87,1.10
2015.05.14 06:57:06.335,0.81299,0.81311,1.20,1.52
2015.05.14 06:57:10.538,0.81299,0.81311,1.00,2.10
2015.05.14 06:57:11.045,0.81297,0.81311,2.10,2.85
2015.05.14 06:57:11.557,0.81296,0.81309,1.52,1.27
2015.05.14 06:57:11.860,0.81295,0.81306,1.65,3.45
2015.05.14 06:57:11.962,0.81291,0.81302,2.85,1.27
2015.05.14 06:57:12.635,0.81291,0.81302,2.40,1.20
2015.05.14 06:57:13.170,0.81293,0.81303,1.00,1.55
2015.05.14 06:57:15.428,0.81293,0.81303,1.00,1.52
2015.05.14 06:57:15.943,0.81293,0.81303,1.00,1.52
2015.05.14 06:57:16.479,0.81293,0.81303,1.00,1.52
2015.05.14 06:57:17.233,0.81293,0.81303,1.00,1.55
2015.05.14 06:57:17.752,0.81293,0.81305,1.65,2.10
2015.05.14 06:57:20.539,0.81295,0.81305,1.00,1.52
2015.05.14 06:57:24.183,0.81293,0.81305,1.72,1.52
2015.05.14 06:57:24.730,0.81294,0.81305,1.27,1.45
2015.05.14 06:57:27.166,0.81294,0.81306,1.72,1.47
2015.05.14 06:57:27.677,0.81294,0.81306,2.47,1.55
2015.05.14 06:57:28.081,0.81295,0.81307,1.87,1.45
2015.05.14 06:57:28.596,0.81295,0.81307,1.25,1.55
2015.05.14 06:57:31.199,0.81296,0.81307,1.27,1.47
2015.05.14 06:57:33.561,0.81296,0.81307,1.27,1.52
2015.05.14 06:57:35.104,0.81295,0.81306,1.10,1.55
2015.05.14 06:57:35.612,0.81293,0.81305,2.40,2.02
2015.05.14 06:57:39.671,0.81292,0.81304,1.72,1.37
2015.05.14 06:57:40.195,0.81292,0.81304,1.22,1.37
2015.05.14 06:57:40.731,0.81292,0.81304,3.90,1.47
2015.05.14 06:57:41.040,0.81297,0.81306,1.15,1.00
2015.05.14 06:57:41.192,0.81298,0.81308,1.17,1.10
2015.05.14 06:57:41.725,0.813,0.81312,1.17,1.52
2015.05.14 06:57:42.866,0.813,0.81312,1.15,1.52
2015.05.14 06:57:44.489,0.81301,0.81313,1.65,2.02
2015.05.14 06:57:45.190,0.81302,0.81313,1.00,2.02
2015.05.14 06:57:45.706,0.81301,0.81315,2.02,2.10
2015.05.14 06:57:46.110,0.81304,0.81316,1.10,6.45
2015.05.14 06:57:46.568,0.81306,0.81314,1.00,1.27
2015.05.14 06:57:46.720,0.81308,0.81318,1.10,1.27
2015.05.14 06:57:47.124,0.8131,0.8132,1.00,1.52
2015.05.14 06:57:48.810,0.8131,0.8132,1.10,1.52
2015.05.14 06:57:49.075,0.81304,0.81315,1.65,1.47
2015.05.14 06:57:49.587,0.81306,0.81316,1.00,1.55
2015.05.14 06:57:50.424,0.81306,0.81316,1.00,2.02
2015.05.14 06:57:53.903,0.81306,0.81316,1.07,1.55
2015.05.14 06:57:54.256,0.81305,0.81315,1.00,1.52
2015.05.14 06:57:55.230,0.81305,0.81314,1.00,1.57
2015.05.14 06:57:56.238,0.81305,0.81314,1.00,1.27
2015.05.14 06:57:57.538,0.81305,0.81314,1.00,1.27
2015.05.14 06:57:58.504,0.81305,0.81314,1.10,2.02
2015.05.14 06:58:00.175,0.81305,0.81316,1.50,3.60
2015.05.14 06:58:00.478,0.81309,0.81321,1.07,2.85
2015.05.14 06:58:01.347,0.8131,0.81321,1.10,2.02
2015.05.14 06:58:06.248,0.8131,0.81321,1.00,2.77
2015.05.14 06:58:12.140,0.8131,0.81321,1.00,1.62
2015.05.14 06:58:12.766,0.81308,0.81321,2.55,1.62
2015.05.14 06:58:13.845,0.8131,0.81321,1.00,1.52
2015.05.14 06:58:13.988,0.81311,0.81322,1.57,1.27
2015.05.14 06:58:14.039,0.81313,0.81323,1.07,1.27
2015.05.14 06:58:14.343,0.81312,0.81324,1.72,1.52
2015.05.14 06:58:14.873,0.81312,0.81324,1.30,1.52
2015.05.14 06:58:15.226,0.81311,0.81322,1.25,2.02
2015.05.14 06:58:15.731,0.81311,0.81321,1.20,1.57
2015.05.14 06:58:17.789,0.81309,0.81321,2.02,1.52
2015.05.14 06:58:18.293,0.81306,0.81318,3.22,1.27
2015.05.14 06:58:18.495,0.81306,0.81318,1.35,1.27
2015.05.14 06:58:18.799,0.81303,0.81313,1.00,1.55
2015.05.14 06:58:19.215,0.81304,0.81315,1.17,1.55
2015.05.14 06:58:20.234,0.81305,0.81317,1.80,4.20
2015.05.14 06:58:20.335,0.81305,0.81317,2.47,2.02
2015.05.14 06:58:20.539,0.81307,0.81317,1.17,1.57
2015.05.14 06:58:20.640,0.81307,0.81319,2.40,3.67
2015.05.14 06:58:20.843,0.81308,0.8132,2.40,1.52
2015.05.14 06:58:21.360,0.8131,0.81322,1.20,2.77
2015.05.14 06:58:21.904,0.81309,0.81322,3.52,1.52
2015.05.14 06:58:22.289,0.81313,0.81323,1.20,1.57
2015.05.14 06:58:22.340,0.81313,0.81323,1.17,1.10
2015.05.14 06:58:22.390,0.81314,0.81323,1.17,1.00
2015.05.14 06:58:22.645,0.81313,0.81324,1.80,2.02
2015.05.14 06:58:23.441,0.81313,0.81324,1.80,2.77
2015.05.14 06:58:25.381,0.81313,0.81324,1.80,1.45
2015.05.14 06:58:25.932,0.81314,0.81325,1.25,1.95
2015.05.14 06:58:26.440,0.81315,0.81326,1.25,4.20
2015.05.14 06:58:26.543,0.81314,0.81326,1.72,1.95
2015.05.14 06:58:26.695,0.81315,0.81327,1.65,1.45
2015.05.14 06:58:27.049,0.81318,0.81331,1.15,1.57
2015.05.14 06:58:31.105,0.8132,0.81332,1.20,1.65
2015.05.14 06:58:31.846,0.8132,0.81332,1.20,1.62
2015.05.14 06:58:33.723,0.8132,0.81332,1.10,1.62
2015.05.14 06:58:34.252,0.8132,0.81332,1.10,3.52
2015.05.14 06:58:34.794,0.8132,0.81332,1.10,1.62
2015.05.14 06:58:35.324,0.8132,0.81332,1.07,2.10
2015.05.14 06:58:35.831,0.8132,0.81332,1.00,1.62
2015.05.14 06:58:36.340,0.8132,0.81332,1.10,2.10
2015.05.14 06:58:36.849,0.8132,0.81332,1.72,2.02
2015.05.14 06:58:37.460,0.81323,0.81332,1.10,1.55
2015.05.14 06:58:38.895,0.81321,0.81332,1.25,1.55
2015.05.14 06:58:39.316,0.81319,0.81331,1.42,1.55
2015.05.14 06:58:40.598,0.81318,0.81329,1.27,2.02
2015.05.14 06:58:40.700,0.81315,0.81327,3.97,3.52
2015.05.14 06:58:40.801,0.81315,0.81326,1.37,1.95
2015.05.14 06:58:41.206,0.81317,0.81326,1.15,1.00
2015.05.14 06:58:41.256,0.81318,0.81329,1.17,1.72
2015.05.14 06:58:41.776,0.81318,0.8133,1.25,1.47
2015.05.14 06:58:42.679,0.81318,0.81332,1.35,1.52
2015.05.14 06:58:42.881,0.81318,0.81332,1.80,2.02
2015.05.14 06:58:47.687,0.81319,0.81332,1.15,4.20
2015.05.14 06:58:48.891,0.81319,0.81332,1.15,2.02
2015.05.14 06:58:49.996,0.81319,0.81332,1.20,1.52
2015.05.14 06:58:50.999,0.81319,0.81332,1.65,1.52
2015.05.14 06:58:51.303,0.81319,0.81332,1.10,1.52
2015.05.14 06:58:51.807,0.81319,0.81332,1.15,1.52
2015.05.14 06:58:53.807,0.81319,0.81332,1.10,1.52
2015.05.14 06:58:56.109,0.81319,0.81332,1.27,1.52
2015.05.14 06:58:56.211,0.81319,0.81332,1.20,1.52
2015.05.14 06:58:57.213,0.81319,0.81332,1.27,2.02
2015.05.14 06:58:57.721,0.81319,0.81328,1.27,1.10
2015.05.14 06:58:59.139,0.81319,0.81328,1.20,1.00
2015.05.14 06:58:59.467,0.81319,0.81328,2.02,1.00
2015.05.14 06:59:00.002,0.81319,0.81328,1.57,1.10
2015.05.14 06:59:00.980,0.81321,0.81328,1.00,1.00
2015.05.14 06:59:01.031,0.81321,0.81331,1.17,1.37
2015.05.14 06:59:01.574,0.8132,0.81331,1.42,1.00
2015.05.14 06:59:02.971,0.8132,0.81331,1.35,1.17
2015.05.14 06:59:03.077,0.81319,0.81331,2.17,1.07
2015.05.14 06:59:07.337,0.81318,0.81328,5.70,1.00
2015.05.14 06:59:07.939,0.81318,0.81328,2.17,1.00
2015.05.14 06:59:08.394,0.81316,0.81326,2.77,1.00
2015.05.14 06:59:08.546,0.81315,0.81326,1.27,1.65
2015.05.14 06:59:08.799,0.81314,0.81322,1.10,1.10
2015.05.14 06:59:10.241,0.81313,0.81324,1.55,1.95
2015.05.14 06:59:10.568,0.81313,0.81324,1.55,2.02
2015.05.14 06:59:11.040,0.81313,0.81324,2.02,2.02
2015.05.14 06:59:11.555,0.81313,0.81324,1.57,2.02
2015.05.14 06:59:12.878,0.81313,0.81322,1.20,1.00
2015.05.14 06:59:12.980,0.8131,0.81322,1.80,2.02
2015.05.14 06:59:13.132,0.81308,0.81321,2.85,1.17
2015.05.14 06:59:15.154,0.81309,0.81321,1.35,1.27
2015.05.14 06:59:15.696,0.81309,0.81321,1.35,1.27
2015.05.14 06:59:21.236,0.81307,0.81318,2.47,1.00
2015.05.14 06:59:21.540,0.81302,0.81312,3.00,1.17
2015.05.14 06:59:21.895,0.813,0.8131,1.37,1.65
2015.05.14 06:59:23.667,0.813,0.81309,1.00,1.65
2015.05.14 06:59:24.098,0.81299,0.81309,1.20,1.65
2015.05.14 06:59:24.301,0.81298,0.81309,2.02,1.10
2015.05.14 06:59:24.908,0.813,0.81309,1.00,1.10
2015.05.14 06:59:26.383,0.81299,0.81309,1.20,1.10
2015.05.14 06:59:27.088,0.813,0.81309,1.00,1.10
2015.05.14 06:59:27.786,0.81299,0.81309,1.20,1.10
2015.05.14 06:59:28.332,0.813,0.81309,1.00,1.10
2015.05.14 06:59:28.535,0.813,0.81311,1.27,1.20
2015.05.14 06:59:28.585,0.81304,0.81311,1.00,1.17
2015.05.14 06:59:28.787,0.81306,0.81315,2.77,1.12
2015.05.14 06:59:29.509,0.81307,0.81317,1.95,1.20
2015.05.14 06:59:29.711,0.81308,0.81317,1.07,1.10
2015.05.14 06:59:30.217,0.81306,0.81317,2.10,1.00
2015.05.14 06:59:30.724,0.81304,0.81316,3.15,1.00
2015.05.14 06:59:30.826,0.81305,0.81316,1.10,2.77
2015.05.14 06:59:30.978,0.81303,0.81312,1.27,1.00
2015.05.14 06:59:31.029,0.81302,0.81312,1.27,1.00
2015.05.14 06:59:31.180,0.813,0.8131,2.47,1.00
2015.05.14 06:59:31.982,0.81299,0.81308,2.77,1.00
2015.05.14 06:59:32.035,0.81298,0.81308,1.70,1.00
2015.05.14 06:59:32.346,0.81298,0.81308,3.60,1.00
2015.05.14 06:59:33.051,0.81298,0.81308,2.17,1.00
2015.05.14 06:59:34.213,0.81298,0.81308,1.27,1.20
2015.05.14 06:59:34.467,0.81296,0.81307,1.27,1.07
2015.05.14 06:59:34.517,0.81295,0.81307,1.72,1.27
2015.05.14 06:59:34.670,0.81293,0.81305,1.25,4.12
2015.05.14 06:59:34.939,0.81291,0.813,1.55,1.00
2015.05.14 06:59:35.495,0.81289,0.81299,2.10,1.00
2015.05.14 06:59:35.546,0.81289,0.81299,2.10,1.00
2015.05.14 06:59:37.757,0.81289,0.81299,1.35,1.00
2015.05.14 06:59:38.448,0.8129,0.81299,1.10,1.10
2015.05.14 06:59:38.802,0.81288,0.813,1.95,2.17
2015.05.14 06:59:38.954,0.81287,0.81299,3.45,1.30
2015.05.14 06:59:39.466,0.81288,0.81298,1.27,1.00
2015.05.14 06:59:40.254,0.81288,0.81298,2.02,1.00
2015.05.14 06:59:40.659,0.81289,0.81298,1.27,1.00
2015.05.14 06:59:41.224,0.81289,0.81301,1.27,1.27
2015.05.14 06:59:41.275,0.81289,0.81301,1.27,1.87
2015.05.14 06:59:41.782,0.81291,0.813,1.35,1.00
2015.05.14 06:59:43.250,0.8129,0.813,2.10,1.00
2015.05.14 06:59:43.562,0.81291,0.813,1.35,1.00
2015.05.14 06:59:43.967,0.81294,0.81302,1.65,1.00
2015.05.14 06:59:44.270,0.81294,0.81304,1.25,1.20
2015.05.14 06:59:44.665,0.81295,0.81304,1.00,1.17
2015.05.14 06:59:45.020,0.81291,0.81301,1.80,1.10
2015.05.14 06:59:45.536,0.81289,0.81301,3.22,1.07
2015.05.14 06:59:45.840,0.81289,0.81298,1.55,1.00
2015.05.14 06:59:46.377,0.8129,0.813,1.10,1.20
2015.05.14 06:59:46.922,0.81286,0.81297,2.47,1.00
2015.05.14 06:59:46.972,0.81286,0.81297,1.27,1.65
2015.05.14 06:59:47.074,0.81284,0.81295,1.52,3.82
2015.05.14 06:59:47.226,0.81281,0.81292,1.42,1.10
2015.05.14 06:59:47.327,0.81281,0.81292,2.02,1.17
2015.05.14 06:59:47.834,0.81282,0.81291,1.17,1.10
2015.05.14 06:59:48.339,0.81279,0.81288,4.35,1.00
2015.05.14 06:59:48.860,0.81281,0.81288,1.07,1.00
2015.05.14 06:59:50.382,0.8128,0.81288,1.20,1.00
2015.05.14 06:59:50.558,0.81277,0.81285,1.35,1.00
2015.05.14 06:59:50.659,0.81277,0.81285,1.17,1.00
2015.05.14 06:59:50.762,0.81278,0.81283,1.10,1.00
2015.05.14 06:59:50.864,0.81276,0.81284,1.10,1.00
2015.05.14 06:59:50.966,0.81273,0.81285,1.22,1.52
2015.05.14 06:59:51.117,0.81271,0.81281,2.02,1.00
2015.05.14 06:59:51.269,0.8127,0.81281,1.72,1.00
2015.05.14 06:59:51.780,0.81271,0.81281,1.35,1.07
2015.05.14 06:59:52.867,0.81269,0.81279,3.97,1.10
2015.05.14 06:59:53.387,0.8127,0.81281,1.65,1.20
2015.05.14 06:59:54.202,0.81274,0.81282,1.95,1.00
2015.05.14 06:59:54.303,0.81274,0.81284,4.27,1.00
2015.05.14 06:59:54.405,0.81276,0.81288,2.70,1.00
2015.05.14 06:59:54.507,0.81277,0.81288,1.52,1.00
2015.05.14 06:59:55.014,0.81276,0.81287,3.75,1.07
2015.05.14 06:59:55.115,0.81273,0.81283,2.02,1.07
2015.05.14 06:59:55.359,0.81276,0.81285,1.20,1.10
2015.05.14 06:59:55.410,0.81276,0.81287,1.47,1.27
2015.05.14 06:59:56.020,0.81276,0.81288,1.55,1.17
2015.05.14 06:59:56.528,0.81276,0.81288,2.92,1.20
2015.05.14 06:59:58.131,0.81276,0.81287,2.17,1.00
2015.05.14 06:59:58.646,0.81276,0.81287,2.17,1.00
2015.05.14 06:59:59.996,0.81276,0.81287,1.70,1.07
