2008.08.25 06:00:03.038,0.86721,0.86743,1.60,3.40
2008.08.25 06:00:03.888,0.86724,0.86744,1.10,2.00
2008.08.25 06:00:04.062,0.86726,0.86742,0.74,0.93
2008.08.25 06:00:04.645,0.86729,0.86742,1.70,1.50
2008.08.25 06:00:08.218,0.86724,0.86749,1.40,1.20
2008.08.25 06:00:29.738,0.86722,0.86746,0.41,1.50
2008.08.25 06:00:31.041,0.86719,0.86745,2.40,2.10
2008.08.25 06:00:31.401,0.86726,0.86743,2.40,0.65
2008.08.25 06:00:31.726,0.86725,0.86743,1.60,1.10
2008.08.25 06:00:32.257,0.86722,0.86742,1.70,1.30
2008.08.25 06:00:32.548,0.8672,0.86742,3.90,1.10
2008.08.25 06:00:32.806,0.86718,0.86742,1.80,3.00
2008.08.25 06:00:33.900,0.86719,0.86742,1.50,1.70
2008.08.25 06:00:38.114,0.86729,0.86743,0.60,2.20
2008.08.25 06:00:38.455,0.8673,0.86743,2.50,1.20
2008.08.25 06:00:38.639,0.86735,0.86753,3.20,0.90
2008.08.25 06:00:38.815,0.86737,0.86758,0.96,2.70
2008.08.25 06:00:39.248,0.86739,0.86761,4.10,0.56
2008.08.25 06:00:39.611,0.8674,0.86761,2.00,0.86
2008.08.25 06:00:39.872,0.86742,0.86761,0.42,1.70
2008.08.25 06:00:40.635,0.8674,0.86763,1.80,2.70
2008.08.25 06:00:50.355,0.86737,0.8676,1.70,1.70
2008.08.25 06:00:57.235,0.86741,0.86763,1.50,1.10
2008.08.25 06:00:57.411,0.86746,0.86763,0.68,0.88
2008.08.25 06:00:57.724,0.86745,0.86763,1.60,1.00
2008.08.25 06:00:58.363,0.86742,0.86763,0.87,1.10
2008.08.25 06:01:02.025,0.86747,0.86768,1.80,1.90
2008.08.25 06:01:02.283,0.86745,0.86768,0.94,1.40
2008.08.25 06:01:02.559,0.86746,0.86769,1.10,3.10
2008.08.25 06:01:02.957,0.86747,0.86769,1.20,2.80
2008.08.25 06:01:03.032,0.86746,0.8677,0.82,1.50
2008.08.25 06:01:03.852,0.86744,0.86768,0.78,0.71
2008.08.25 06:01:05.120,0.86747,0.86768,1.80,1.30
2008.08.25 06:01:05.489,0.86745,0.8677,1.10,1.80
2008.08.25 06:01:05.743,0.86746,0.86771,0.61,1.90
2008.08.25 06:01:05.997,0.86747,0.86769,1.30,2.20
2008.08.25 06:01:06.140,0.86746,0.8677,1.80,1.30
2008.08.25 06:01:06.918,0.86744,0.86768,1.40,2.50
2008.08.25 06:01:07.531,0.86743,0.86768,2.60,1.60
2008.08.25 06:01:10.113,0.86744,0.86768,1.40,1.20
2008.08.25 06:01:10.446,0.86746,0.86768,2.20,1.30
2008.08.25 06:01:10.689,0.86749,0.8677,0.99,1.30
2008.08.25 06:01:10.938,0.86755,0.8677,1.30,4.00
2008.08.25 06:01:11.078,0.86757,0.86776,0.78,3.10
2008.08.25 06:01:11.348,0.86754,0.86776,0.50,1.00
2008.08.25 06:01:11.526,0.86752,0.86776,0.79,6.20
2008.08.25 06:01:11.758,0.86755,0.86779,2.50,1.70
2008.08.25 06:01:11.953,0.86753,0.86778,1.60,0.80
2008.08.25 06:01:14.156,0.86752,0.86778,2.00,1.10
2008.08.25 06:01:24.823,0.86753,0.86778,1.00,0.99
2008.08.25 06:01:27.356,0.86752,0.86778,2.40,3.20
2008.08.25 06:01:28.334,0.86754,0.86778,2.00,2.90
2008.08.25 06:01:28.590,0.86757,0.86778,0.57,1.00
2008.08.25 06:01:30.272,0.86759,0.86778,1.40,1.50
2008.08.25 06:01:31.089,0.86757,0.86782,1.40,3.40
2008.08.25 06:01:31.210,0.86754,0.86766,1.30,0.99
2008.08.25 06:01:31.377,0.86748,0.86766,0.91,1.30
2008.08.25 06:01:31.449,0.86747,0.86766,1.70,2.60
2008.08.25 06:01:31.575,0.86749,0.86768,1.20,0.51
2008.08.25 06:01:31.776,0.86754,0.8677,2.80,0.75
2008.08.25 06:01:31.881,0.86755,0.8677,1.60,1.70
2008.08.25 06:01:32.209,0.86757,0.86776,1.70,2.20
2008.08.25 06:01:34.063,0.86752,0.86766,2.10,1.20
2008.08.25 06:01:34.303,0.86747,0.86766,0.91,1.40
2008.08.25 06:01:34.489,0.86742,0.86763,0.79,0.72
2008.08.25 06:01:34.605,0.86739,0.86763,0.94,0.58
2008.08.25 06:01:34.780,0.86742,0.86763,1.20,0.95
2008.08.25 06:01:34.855,0.86745,0.86763,1.10,1.30
2008.08.25 06:01:35.203,0.86747,0.86765,1.10,2.40
2008.08.25 06:01:35.535,0.8674,0.86763,0.86,1.30
2008.08.25 06:01:35.872,0.86739,0.86763,2.10,2.60
2008.08.25 06:01:37.822,0.86737,0.86762,1.10,2.30
2008.08.25 06:02:01.278,0.86732,0.86751,1.50,1.20
2008.08.25 06:02:01.471,0.8673,0.86751,1.20,2.50
2008.08.25 06:02:01.811,0.86729,0.86751,1.70,2.20
2008.08.25 06:02:07.468,0.86727,0.8674,1.00,0.93
2008.08.25 06:02:09.641,0.86726,0.86741,1.30,1.20
2008.08.25 06:02:14.290,0.86725,0.86741,1.60,1.90
2008.08.25 06:02:14.470,0.86723,0.86741,1.40,0.58
2008.08.25 06:02:14.766,0.86722,0.86738,2.00,2.10
2008.08.25 06:02:15.240,0.86719,0.86733,1.10,2.10
2008.08.25 06:02:15.364,0.86729,0.86738,0.59,0.74
2008.08.25 06:02:15.703,0.86727,0.86738,0.79,1.90
2008.08.25 06:02:15.979,0.86725,0.86738,0.59,0.85
2008.08.25 06:02:16.043,0.86722,0.86738,1.70,0.45
2008.08.25 06:02:18.076,0.86726,0.86738,1.10,2.90
2008.08.25 06:02:18.820,0.86725,0.86738,1.20,1.10
2008.08.25 06:02:19.391,0.86723,0.86738,3.70,1.90
2008.08.25 06:02:27.479,0.86722,0.8674,2.40,1.80
2008.08.25 06:02:33.838,0.86724,0.86741,1.50,1.70
2008.08.25 06:02:38.354,0.86722,0.86743,0.90,1.80
2008.08.25 06:02:39.498,0.8672,0.86743,0.74,0.59
2008.08.25 06:02:39.795,0.86719,0.86738,0.71,1.70
2008.08.25 06:02:41.716,0.86718,0.86739,2.40,3.40
2008.08.25 06:02:43.059,0.86719,0.86743,0.65,4.00
2008.08.25 06:02:48.321,0.86723,0.86742,0.81,1.10
2008.08.25 06:02:48.937,0.86725,0.86742,1.40,2.50
2008.08.25 06:03:12.162,0.86726,0.86743,2.50,3.30
2008.08.25 06:03:22.479,0.86722,0.86736,2.30,1.20
2008.08.25 06:03:22.745,0.86717,0.86736,1.40,0.81
2008.08.25 06:03:50.096,0.86718,0.86735,0.54,0.69
2008.08.25 06:04:04.712,0.86717,0.86742,0.92,1.80
2008.08.25 06:04:06.498,0.86715,0.86733,1.10,1.10
2008.08.25 06:04:06.784,0.86711,0.86733,1.60,1.90
2008.08.25 06:04:07.452,0.86708,0.86733,1.20,1.70
2008.08.25 06:04:11.702,0.86715,0.86732,1.20,2.40
2008.08.25 06:04:12.443,0.86712,0.86733,0.47,1.10
2008.08.25 06:04:13.166,0.86709,0.86732,1.80,0.54
2008.08.25 06:04:14.105,0.86707,0.86732,1.30,0.91
2008.08.25 06:04:14.236,0.86706,0.86728,2.50,1.60
2008.08.25 06:04:14.337,0.86705,0.86726,1.90,2.10
2008.08.25 06:04:14.569,0.86703,0.86725,1.10,1.90
2008.08.25 06:04:14.742,0.86699,0.86725,1.10,1.80
2008.08.25 06:04:14.963,0.86702,0.86725,0.74,1.70
2008.08.25 06:04:17.408,0.86701,0.86726,1.60,1.30
2008.08.25 06:04:17.973,0.86702,0.86728,0.69,3.70
2008.08.25 06:04:18.910,0.86701,0.86726,0.72,1.00
2008.08.25 06:04:21.106,0.86699,0.86723,0.74,1.30
2008.08.25 06:04:36.454,0.867,0.86725,1.20,0.56
2008.08.25 06:04:36.669,0.86698,0.86721,2.00,1.20
2008.08.25 06:04:43.012,0.86699,0.86723,1.50,2.00
2008.08.25 06:04:49.963,0.86698,0.86723,0.89,0.27
2008.08.25 06:04:50.092,0.86699,0.86723,1.90,1.70
2008.08.25 06:04:50.779,0.86698,0.86723,0.75,1.30
2008.08.25 06:04:52.972,0.86699,0.86723,2.50,0.75
2008.08.25 06:04:57.134,0.86702,0.86725,2.00,2.70
2008.08.25 06:04:57.322,0.86699,0.86706,0.84,1.00
2008.08.25 06:04:57.415,0.86689,0.86706,3.40,2.90
2008.08.25 06:04:57.743,0.86695,0.86706,1.80,1.50
2008.08.25 06:04:57.848,0.86697,0.86708,1.20,1.10
2008.08.25 06:04:59.246,0.86693,0.86717,3.20,2.80
2008.08.25 06:05:00.018,0.86692,0.86717,1.90,1.70
2008.08.25 06:05:00.548,0.86691,0.86708,1.60,0.74
2008.08.25 06:05:00.902,0.86689,0.86706,2.70,2.50
2008.08.25 06:05:01.262,0.86695,0.86711,0.94,2.00
2008.08.25 06:05:01.728,0.86691,0.86713,1.00,2.10
2008.08.25 06:05:02.397,0.86689,0.86713,1.10,0.79
2008.08.25 06:05:02.531,0.86692,0.86715,0.88,0.97
2008.08.25 06:05:03.625,0.86689,0.86714,2.30,0.44
2008.08.25 06:05:28.212,0.86691,0.86714,0.89,1.40
2008.08.25 06:05:28.589,0.86692,0.86714,0.96,1.70
2008.08.25 06:05:32.530,0.86691,0.86714,0.59,4.30
2008.08.25 06:05:36.545,0.86692,0.86714,1.20,1.80
2008.08.25 06:05:42.162,0.86689,0.86714,1.90,1.70
2008.08.25 06:05:42.554,0.86691,0.86714,2.40,1.20
2008.08.25 06:05:52.195,0.86689,0.86714,0.68,0.80
2008.08.25 06:05:52.925,0.86691,0.86714,1.70,1.10
2008.08.25 06:06:02.385,0.86689,0.86714,0.85,2.70
2008.08.25 06:06:02.849,0.86691,0.86714,2.60,1.70
2008.08.25 06:06:11.204,0.86692,0.86714,2.20,3.90
2008.08.25 06:06:12.820,0.86689,0.86714,0.93,3.10
2008.08.25 06:06:14.322,0.86691,0.86714,1.00,1.80
2008.08.25 06:06:22.159,0.86689,0.86714,1.50,2.90
2008.08.25 06:06:24.247,0.86691,0.86714,2.00,1.60
2008.08.25 06:06:32.126,0.86689,0.86714,1.10,0.71
2008.08.25 06:06:34.173,0.86691,0.86714,2.10,0.58
2008.08.25 06:06:39.953,0.86687,0.86706,1.20,0.98
2008.08.25 06:06:45.123,0.86682,0.86703,1.30,2.50
2008.08.25 06:06:45.640,0.86679,0.86703,1.00,1.30
2008.08.25 06:06:47.388,0.86678,0.86703,2.30,0.96
2008.08.25 06:06:50.226,0.86679,0.86703,0.80,1.30
2008.08.25 06:06:50.496,0.86684,0.86703,1.10,1.90
2008.08.25 06:06:50.776,0.86685,0.86703,1.70,3.10
2008.08.25 06:06:52.202,0.86682,0.86701,1.30,0.81
2008.08.25 06:06:52.582,0.8668,0.86701,2.40,0.83
2008.08.25 06:06:52.740,0.86679,0.86701,0.66,1.30
2008.08.25 06:07:03.114,0.86677,0.86701,0.89,0.85
2008.08.25 06:08:01.486,0.86672,0.86691,1.30,2.40
2008.08.25 06:08:01.924,0.86669,0.8669,1.60,2.50
2008.08.25 06:08:06.725,0.86664,0.86686,1.60,1.00
2008.08.25 06:08:07.691,0.86658,0.86681,0.81,1.70
2008.08.25 06:08:10.898,0.8666,0.86683,1.20,0.60
2008.08.25 06:08:16.047,0.86669,0.86683,2.50,1.40
2008.08.25 06:08:16.150,0.86671,0.86683,0.76,3.80
2008.08.25 06:08:16.414,0.86675,0.86683,0.96,0.98
2008.08.25 06:08:16.523,0.86677,0.86683,1.10,1.30
2008.08.25 06:08:16.666,0.86672,0.86685,1.10,2.00
2008.08.25 06:08:16.715,0.8667,0.86686,1.60,5.60
2008.08.25 06:08:16.882,0.86665,0.86686,2.30,1.20
2008.08.25 06:08:18.453,0.86666,0.86686,1.20,2.00
2008.08.25 06:08:19.755,0.86665,0.86691,1.90,1.00
2008.08.25 06:08:24.210,0.86663,0.86683,1.60,1.20
2008.08.25 06:08:24.260,0.86662,0.86683,1.30,1.10
2008.08.25 06:08:24.695,0.86659,0.86683,1.00,0.82
2008.08.25 06:08:24.969,0.86661,0.86683,1.20,2.10
2008.08.25 06:08:31.792,0.86665,0.86681,1.10,1.30
2008.08.25 06:08:33.095,0.86662,0.86683,1.30,0.84
2008.08.25 06:08:33.679,0.86659,0.86682,1.50,1.50
2008.08.25 06:08:34.586,0.86658,0.86676,1.10,0.67
2008.08.25 06:08:58.042,0.8666,0.86675,1.30,1.50
2008.08.25 06:09:04.458,0.86659,0.8668,1.40,1.80
2008.08.25 06:09:04.917,0.86658,0.86676,1.10,0.87
2008.08.25 06:09:06.599,0.86657,0.86676,3.50,1.50
2008.08.25 06:09:43.094,0.86652,0.86671,1.90,1.30
2008.08.25 06:09:43.463,0.8665,0.86671,0.89,1.40
2008.08.25 06:09:43.888,0.86647,0.86668,0.69,1.80
2008.08.25 06:09:44.319,0.86645,0.86671,1.50,2.90
2008.08.25 06:09:44.989,0.86644,0.86668,1.10,0.92
2008.08.25 06:09:49.675,0.86641,0.86666,1.20,1.90
2008.08.25 06:09:50.227,0.86638,0.86653,0.98,2.00
2008.08.25 06:09:50.926,0.86637,0.86653,1.70,1.60
2008.08.25 06:09:55.338,0.86638,0.8666,2.40,1.90
2008.08.25 06:09:55.672,0.86645,0.86661,1.50,3.10
2008.08.25 06:10:00.308,0.86641,0.86654,1.20,0.90
2008.08.25 06:10:00.504,0.8664,0.86656,1.50,0.69
2008.08.25 06:10:00.937,0.86637,0.86656,2.70,1.30
2008.08.25 06:10:04.024,0.86639,0.86661,0.57,0.44
2008.08.25 06:10:07.295,0.86642,0.86661,2.00,1.40
2008.08.25 06:10:07.537,0.86645,0.86661,1.70,1.70
2008.08.25 06:10:07.755,0.86647,0.86667,0.69,2.80
2008.08.25 06:10:08.115,0.86649,0.86668,0.83,1.60
2008.08.25 06:10:08.636,0.8665,0.86671,0.99,1.60
2008.08.25 06:10:08.953,0.86649,0.86669,1.30,1.10
2008.08.25 06:10:14.247,0.86647,0.86671,0.65,1.40
2008.08.25 06:10:28.272,0.86645,0.86663,0.99,4.00
2008.08.25 06:10:28.661,0.86638,0.86663,1.70,3.00
2008.08.25 06:10:28.707,0.86637,0.86663,1.50,3.90
2008.08.25 06:10:33.474,0.8664,0.86661,1.70,1.90
2008.08.25 06:10:33.669,0.86645,0.86663,1.40,1.10
2008.08.25 06:10:35.184,0.86637,0.86656,0.60,0.89
2008.08.25 06:10:41.866,0.86638,0.86656,1.20,1.00
2008.08.25 06:10:56.249,0.86639,0.86661,2.50,1.20
2008.08.25 06:11:30.390,0.86644,0.86664,1.20,0.95
2008.08.25 06:11:30.777,0.86646,0.86666,0.97,2.70
2008.08.25 06:11:31.577,0.86647,0.86667,0.62,0.70
2008.08.25 06:11:38.257,0.86644,0.86669,1.20,1.40
2008.08.25 06:11:38.388,0.86643,0.86667,1.10,1.60
2008.08.25 06:11:38.692,0.86642,0.86667,1.30,1.60
2008.08.25 06:11:56.415,0.8664,0.86666,1.90,1.40
2008.08.25 06:11:56.611,0.86641,0.86666,1.90,2.40
2008.08.25 06:11:59.835,0.8664,0.86664,0.91,4.40
2008.08.25 06:12:15.060,0.86644,0.86664,1.30,0.52
2008.08.25 06:12:15.403,0.86645,0.86664,2.60,0.94
2008.08.25 06:12:15.953,0.86647,0.86666,1.40,1.30
2008.08.25 06:12:17.180,0.8665,0.86666,3.10,2.40
2008.08.25 06:12:17.489,0.86655,0.86667,0.79,1.30
2008.08.25 06:12:17.826,0.86657,0.8667,1.20,2.80
2008.08.25 06:12:18.145,0.86651,0.8666,2.30,1.40
2008.08.25 06:12:18.763,0.86647,0.8666,1.30,3.00
2008.08.25 06:12:19.902,0.86645,0.86665,1.40,1.70
2008.08.25 06:12:31.348,0.86642,0.86655,1.90,0.91
2008.08.25 06:12:31.501,0.86638,0.86655,0.61,1.80
2008.08.25 06:12:32.172,0.86637,0.86654,2.20,2.20
2008.08.25 06:12:33.686,0.86638,0.86662,1.20,1.80
2008.08.25 06:12:34.162,0.86637,0.86661,0.82,0.93
2008.08.25 06:12:34.566,0.8664,0.86661,1.10,1.40
2008.08.25 06:12:35.178,0.86639,0.86663,1.20,1.60
2008.08.25 06:12:35.924,0.86637,0.86656,2.30,1.20
2008.08.25 06:12:36.854,0.86635,0.86653,0.90,0.48
2008.08.25 06:12:38.009,0.86632,0.86653,1.80,1.00
2008.08.25 06:12:38.418,0.86631,0.86653,1.10,0.70
2008.08.25 06:12:38.602,0.86628,0.86653,2.70,1.20
2008.08.25 06:12:38.996,0.86627,0.86647,0.68,2.20
2008.08.25 06:12:39.662,0.86625,0.86647,1.60,1.80
2008.08.25 06:12:40.063,0.86619,0.86642,0.88,0.56
2008.08.25 06:12:40.823,0.86621,0.86641,1.60,1.30
2008.08.25 06:12:45.015,0.86619,0.86641,2.20,1.10
2008.08.25 06:12:45.277,0.86634,0.86636,1.30,1.10
2008.08.25 06:12:45.323,0.86635,0.86637,1.40,2.60
2008.08.25 06:12:45.475,0.86631,0.86641,1.20,1.80
2008.08.25 06:12:45.592,0.86627,0.86641,1.30,1.30
2008.08.25 06:12:45.841,0.8663,0.8665,1.30,1.10
2008.08.25 06:12:45.937,0.86627,0.8665,0.61,0.90
2008.08.25 06:12:46.179,0.86624,0.86648,1.40,1.20
2008.08.25 06:12:46.438,0.86622,0.86648,1.70,1.70
2008.08.25 06:12:46.689,0.86624,0.86648,1.00,0.82
2008.08.25 06:12:54.217,0.86621,0.86645,2.80,1.50
2008.08.25 06:12:54.356,0.8662,0.86643,0.89,1.50
2008.08.25 06:12:54.774,0.86627,0.86643,0.52,1.70
2008.08.25 06:12:55.685,0.86625,0.86643,1.40,0.62
2008.08.25 06:12:59.085,0.86621,0.86636,1.00,4.80
2008.08.25 06:12:59.473,0.86619,0.86636,1.80,2.30
2008.08.25 06:12:59.722,0.86626,0.8664,0.62,1.30
2008.08.25 06:12:59.835,0.86625,0.8664,1.50,2.30
2008.08.25 06:13:05.133,0.86621,0.86636,3.30,1.30
2008.08.25 06:13:05.671,0.86617,0.86636,1.60,0.96
2008.08.25 06:13:07.077,0.8662,0.86636,0.46,0.37
2008.08.25 06:13:08.489,0.86626,0.8664,0.72,5.40
2008.08.25 06:13:08.531,0.86625,0.8664,0.65,2.00
2008.08.25 06:13:09.249,0.86622,0.86643,1.80,1.90
2008.08.25 06:13:09.310,0.86621,0.86643,1.20,1.20
2008.08.25 06:13:09.502,0.86619,0.86643,2.10,1.70
2008.08.25 06:13:09.829,0.86621,0.86643,0.35,2.20
2008.08.25 06:13:11.214,0.86624,0.86643,2.40,0.93
2008.08.25 06:13:11.578,0.86626,0.86643,1.10,3.40
2008.08.25 06:13:11.774,0.86625,0.86643,1.30,1.40
2008.08.25 06:13:34.228,0.86626,0.86643,2.10,1.20
2008.08.25 06:13:43.172,0.86622,0.86643,2.00,1.40
2008.08.25 06:13:43.407,0.86621,0.86643,0.99,1.60
2008.08.25 06:13:43.838,0.86619,0.86643,1.70,0.90
2008.08.25 06:13:44.474,0.86621,0.86643,1.50,0.70
2008.08.25 06:13:48.175,0.86624,0.86643,0.95,1.30
2008.08.25 06:13:48.399,0.86626,0.86643,1.80,1.70
2008.08.25 06:13:48.660,0.86624,0.86643,1.60,2.00
2008.08.25 06:13:48.979,0.86625,0.86643,0.87,2.00
2008.08.25 06:13:51.498,0.86622,0.86643,1.20,3.10
2008.08.25 06:13:51.584,0.86619,0.86643,0.75,0.93
2008.08.25 06:13:52.454,0.86621,0.86643,2.30,1.10
2008.08.25 06:13:54.160,0.86625,0.86643,1.50,1.80
2008.08.25 06:13:56.111,0.86622,0.86643,0.89,5.40
2008.08.25 06:13:56.569,0.86619,0.86643,0.89,0.59
2008.08.25 06:13:56.960,0.86621,0.86643,1.60,1.10
2008.08.25 06:14:07.408,0.86626,0.86641,1.60,1.40
2008.08.25 06:14:07.620,0.86625,0.86643,0.85,4.10
2008.08.25 06:14:09.058,0.86622,0.86643,1.40,4.20
2008.08.25 06:14:09.574,0.86621,0.86643,1.60,0.63
2008.08.25 06:14:09.772,0.86629,0.86643,0.61,0.76
2008.08.25 06:14:12.324,0.86632,0.86647,3.40,1.50
2008.08.25 06:14:13.059,0.86634,0.86653,1.20,1.10
2008.08.25 06:14:13.723,0.86637,0.86654,6.30,2.90
2008.08.25 06:14:22.207,0.86634,0.86653,0.47,0.91
2008.08.25 06:14:25.598,0.86632,0.86653,1.20,1.60
2008.08.25 06:14:38.232,0.86634,0.86653,2.30,1.50
2008.08.25 06:14:38.369,0.86635,0.86653,1.10,0.52
2008.08.25 06:14:38.692,0.86639,0.86653,1.20,1.10
2008.08.25 06:15:12.065,0.86644,0.86653,1.20,1.50
2008.08.25 06:15:12.347,0.86645,0.86653,1.20,1.90
2008.08.25 06:15:12.597,0.86647,0.86657,3.00,1.20
2008.08.25 06:15:12.795,0.8665,0.86664,2.20,2.60
2008.08.25 06:15:16.099,0.86655,0.86671,1.90,1.30
2008.08.25 06:15:16.326,0.86651,0.86671,2.00,0.96
2008.08.25 06:15:16.553,0.86652,0.86671,0.78,0.37
2008.08.25 06:15:16.780,0.86655,0.86671,1.90,1.90
2008.08.25 06:15:16.812,0.86657,0.86676,1.90,1.50
2008.08.25 06:15:31.097,0.86655,0.86678,1.40,1.50
2008.08.25 06:15:31.535,0.86652,0.86678,0.61,1.10
2008.08.25 06:15:33.055,0.86659,0.86678,1.70,1.30
2008.08.25 06:15:33.201,0.8666,0.86678,1.90,0.72
2008.08.25 06:15:33.286,0.86665,0.86678,1.60,1.60
2008.08.25 06:15:33.444,0.86661,0.86681,2.60,0.70
2008.08.25 06:15:33.660,0.8666,0.86681,1.10,0.68
2008.08.25 06:15:33.725,0.86657,0.86677,1.20,1.10
2008.08.25 06:15:33.898,0.86655,0.86677,1.10,1.80
2008.08.25 06:15:36.201,0.86659,0.86677,0.93,0.87
2008.08.25 06:15:36.300,0.86663,0.86677,1.00,0.68
2008.08.25 06:15:36.740,0.86659,0.86681,1.80,1.10
2008.08.25 06:15:36.853,0.86665,0.86681,1.80,0.68
2008.08.25 06:15:59.476,0.86666,0.86681,1.30,0.89
2008.08.25 06:16:06.162,0.86661,0.86681,4.30,1.20
2008.08.25 06:16:06.649,0.8666,0.86681,1.50,1.80
2008.08.25 06:16:06.724,0.86658,0.86678,1.30,0.88
2008.08.25 06:16:07.481,0.86657,0.86678,0.75,0.81
2008.08.25 06:16:10.066,0.86658,0.86677,0.94,1.10
2008.08.25 06:16:10.384,0.86657,0.86679,0.64,0.89
2008.08.25 06:16:10.576,0.86655,0.86679,1.20,1.50
2008.08.25 06:16:10.910,0.86657,0.86679,1.10,1.20
2008.08.25 06:16:12.091,0.86658,0.86676,1.00,2.50
2008.08.25 06:16:12.917,0.86657,0.8668,1.10,1.00
2008.08.25 06:16:28.743,0.86655,0.8668,0.72,1.90
2008.08.25 06:16:29.324,0.86654,0.86678,0.68,1.20
2008.08.25 06:16:29.445,0.86652,0.86678,1.40,2.50
2008.08.25 06:16:29.812,0.86654,0.86678,0.90,1.60
2008.08.25 06:16:48.642,0.86658,0.86677,0.84,1.30
2008.08.25 06:16:49.138,0.86659,0.86681,1.70,1.30
2008.08.25 06:16:56.073,0.86669,0.8668,1.40,1.30
2008.08.25 06:16:56.204,0.86673,0.8668,1.70,0.73
2008.08.25 06:16:56.481,0.86675,0.86693,1.40,2.30
2008.08.25 06:16:56.558,0.8668,0.86693,1.30,1.60
2008.08.25 06:16:56.808,0.86678,0.86694,0.93,1.50
2008.08.25 06:16:56.954,0.86684,0.86694,0.98,2.30
2008.08.25 06:16:57.147,0.8668,0.86694,0.64,1.70
2008.08.25 06:16:57.325,0.86686,0.86694,2.10,1.50
2008.08.25 06:16:57.702,0.86682,0.86694,0.59,1.20
2008.08.25 06:16:57.867,0.86685,0.86694,3.30,0.89
2008.08.25 06:16:58.589,0.86682,0.86707,3.40,2.10
2008.08.25 06:16:59.238,0.86681,0.86705,1.60,0.95
2008.08.25 06:16:59.665,0.86682,0.86707,0.48,0.93
2008.08.25 06:17:01.746,0.86681,0.86703,1.30,1.30
2008.08.25 06:17:04.336,0.86679,0.86703,1.20,0.65
2008.08.25 06:17:04.962,0.86684,0.86705,1.10,1.60
2008.08.25 06:17:05.584,0.86682,0.86706,2.60,3.90
2008.08.25 06:17:06.063,0.86689,0.86707,1.40,1.60
2008.08.25 06:17:06.527,0.86692,0.86707,2.10,0.47
2008.08.25 06:17:06.883,0.86695,0.86707,1.30,1.50
2008.08.25 06:17:07.589,0.86697,0.86717,2.60,1.20
2008.08.25 06:17:10.055,0.867,0.86721,1.50,1.40
2008.08.25 06:17:10.596,0.86705,0.86721,1.60,0.90
2008.08.25 06:17:11.622,0.86707,0.86728,2.20,1.00
2008.08.25 06:17:18.010,0.86702,0.86717,0.85,1.60
2008.08.25 06:17:18.503,0.86699,0.86717,3.80,1.40
2008.08.25 06:17:19.069,0.86698,0.86718,1.10,2.20
2008.08.25 06:17:19.980,0.86697,0.86718,1.30,1.60
2008.08.25 06:17:21.319,0.86698,0.86721,1.20,1.40
2008.08.25 06:17:21.763,0.86702,0.86724,1.30,2.50
2008.08.25 06:17:24.492,0.86699,0.8672,0.95,1.50
2008.08.25 06:17:32.866,0.86698,0.86717,2.20,0.81
2008.08.25 06:17:33.520,0.86705,0.86717,0.56,1.10
2008.08.25 06:17:34.162,0.86703,0.86722,2.40,1.10
2008.08.25 06:17:34.661,0.867,0.86721,1.40,6.20
2008.08.25 06:17:34.671,0.86699,0.86721,0.86,1.30
2008.08.25 06:17:42.431,0.86698,0.86721,2.30,1.70
2008.08.25 06:17:44.641,0.86697,0.86721,2.40,0.74
2008.08.25 06:17:59.183,0.86698,0.86715,3.10,0.85
2008.08.25 06:18:00.206,0.86697,0.86715,2.10,4.40
2008.08.25 06:18:00.384,0.86698,0.86715,1.10,1.00
2008.08.25 06:18:00.733,0.867,0.86715,2.10,2.90
2008.08.25 06:18:04.702,0.86697,0.8671,3.20,1.90
2008.08.25 06:18:05.802,0.86698,0.8671,1.10,1.00
2008.08.25 06:18:12.108,0.86702,0.86716,1.90,1.20
2008.08.25 06:18:27.058,0.86707,0.86722,0.95,4.00
2008.08.25 06:18:28.332,0.86702,0.86717,0.91,2.10
2008.08.25 06:18:30.348,0.86727,0.86717,0.88,1.90
2008.08.25 06:18:31.088,0.86717,0.86731,1.80,2.40
2008.08.25 06:18:31.531,0.867,0.86718,1.50,1.10
2008.08.25 06:18:31.776,0.86702,0.86718,0.74,0.75
2008.08.25 06:18:36.255,0.86705,0.86728,0.96,0.80
2008.08.25 06:18:36.634,0.86702,0.86725,1.50,2.20
2008.08.25 06:18:41.745,0.86707,0.86728,1.80,3.90
2008.08.25 06:18:44.189,0.86705,0.86728,1.20,1.60
2008.08.25 06:18:44.666,0.867,0.86723,0.64,2.90
2008.08.25 06:18:45.024,0.86702,0.86722,2.20,3.50
2008.08.25 06:18:46.622,0.867,0.86722,2.40,1.30
2008.08.25 06:18:47.494,0.86702,0.86722,1.20,0.97
2008.08.25 06:18:49.273,0.86698,0.86723,1.90,1.10
2008.08.25 06:18:49.616,0.86697,0.86721,2.40,0.84
2008.08.25 06:18:49.857,0.867,0.86719,3.90,1.60
2008.08.25 06:19:24.960,0.86697,0.86718,1.60,0.63
2008.08.25 06:19:28.294,0.867,0.86718,1.50,1.10
2008.08.25 06:19:44.845,0.86697,0.86718,2.50,2.00
2008.08.25 06:19:48.456,0.867,0.86718,1.40,1.80
2008.08.25 06:20:20.116,0.86697,0.86718,1.10,0.97
2008.08.25 06:20:20.834,0.86694,0.86718,1.80,2.80
2008.08.25 06:20:22.197,0.86692,0.86708,1.40,1.70
2008.08.25 06:20:22.557,0.86687,0.86706,1.80,1.30
2008.08.25 06:20:22.748,0.86684,0.86703,1.20,0.88
2008.08.25 06:20:23.455,0.86681,0.86703,2.20,1.50
2008.08.25 06:20:23.632,0.86679,0.86702,2.70,2.70
2008.08.25 06:20:24.912,0.86677,0.86701,1.10,1.90
2008.08.25 06:20:31.152,0.8668,0.86702,0.41,0.46
2008.08.25 06:20:31.617,0.86676,0.86697,4.60,1.40
2008.08.25 06:20:31.909,0.86675,0.86694,2.10,0.62
2008.08.25 06:20:32.344,0.86672,0.86692,1.00,0.94
2008.08.25 06:20:32.655,0.8667,0.86692,0.61,0.72
2008.08.25 06:20:38.889,0.86672,0.86692,1.20,0.79
2008.08.25 06:20:52.380,0.86667,0.86689,0.36,1.10
2008.08.25 06:20:55.106,0.86665,0.86683,1.70,0.62
2008.08.25 06:20:55.612,0.86662,0.86685,1.10,2.10
2008.08.25 06:20:56.899,0.86665,0.86684,1.30,1.10
2008.08.25 06:21:02.281,0.8666,0.86681,0.61,2.10
2008.08.25 06:21:16.250,0.86655,0.86677,0.88,1.20
2008.08.25 06:21:17.497,0.8665,0.86672,3.00,1.30
2008.08.25 06:21:17.607,0.86647,0.86666,1.50,0.78
2008.08.25 06:21:18.820,0.8665,0.86668,1.50,0.62
2008.08.25 06:21:20.816,0.86647,0.86667,2.60,1.50
2008.08.25 06:21:51.702,0.8665,0.86668,1.10,3.20
2008.08.25 06:21:53.236,0.86647,0.86667,0.51,2.10
2008.08.25 06:21:56.508,0.8665,0.8667,2.60,2.00
2008.08.25 06:21:57.571,0.86647,0.86666,1.10,2.60
2008.08.25 06:21:58.311,0.8665,0.86666,2.10,3.10
2008.08.25 06:21:58.539,0.86652,0.86666,2.90,2.00
2008.08.25 06:21:58.794,0.86655,0.86667,1.40,1.00
2008.08.25 06:21:59.797,0.8665,0.86672,1.90,2.50
2008.08.25 06:22:05.433,0.86655,0.86671,1.40,0.64
2008.08.25 06:22:05.942,0.8665,0.8667,1.10,0.96
2008.08.25 06:22:11.732,0.86652,0.8667,1.90,0.60
2008.08.25 06:22:31.393,0.86645,0.86667,0.74,0.61
2008.08.25 06:22:31.626,0.86642,0.86663,1.90,1.50
2008.08.25 06:22:41.125,0.86645,0.86664,0.57,0.94
2008.08.25 06:23:08.312,0.86642,0.86664,0.82,1.20
2008.08.25 06:23:16.452,0.86645,0.86664,1.60,1.30
2008.08.25 06:25:24.368,0.8664,0.86656,0.82,1.30
2008.08.25 06:25:24.682,0.86645,0.86663,1.50,0.70
2008.08.25 06:25:25.485,0.8664,0.86656,0.24,1.20
2008.08.25 06:25:25.763,0.8665,0.86658,0.85,1.30
2008.08.25 06:25:26.567,0.86652,0.86663,1.00,0.76
2008.08.25 06:25:29.382,0.86655,0.86663,2.70,4.00
2008.08.25 06:27:30.463,0.86646,0.86671,1.60,0.52
2008.08.25 06:27:36.110,0.86645,0.86665,1.90,1.80
2008.08.25 06:28:07.185,0.86646,0.86664,1.80,1.50
2008.08.25 06:28:07.879,0.86647,0.86664,2.30,1.70
2008.08.25 06:28:22.088,0.86641,0.86646,2.40,0.82
2008.08.25 06:28:22.284,0.86642,0.86646,1.90,0.49
2008.08.25 06:28:22.533,0.86627,0.86646,2.20,2.10
2008.08.25 06:28:22.675,0.86622,0.86643,2.70,0.97
2008.08.25 06:28:22.999,0.8662,0.86643,0.94,2.10
2008.08.25 06:28:24.071,0.86618,0.86643,1.10,1.40
2008.08.25 06:28:24.883,0.86617,0.86643,1.70,1.60
2008.08.25 06:28:36.075,0.8661,0.86626,0.94,0.58
2008.08.25 06:28:36.591,0.86611,0.86626,0.79,1.40
2008.08.25 06:28:36.724,0.86617,0.86633,0.67,1.50
2008.08.25 06:28:37.057,0.8662,0.86639,0.96,1.10
2008.08.25 06:28:38.604,0.86617,0.86636,1.00,1.10
2008.08.25 06:28:39.224,0.8662,0.86639,2.70,1.90
2008.08.25 06:28:40.350,0.86621,0.86639,2.00,0.78
2008.08.25 06:28:40.766,0.86625,0.86641,0.81,0.91
2008.08.25 06:28:52.101,0.8662,0.86643,0.60,1.60
2008.08.25 06:28:52.500,0.86622,0.86643,1.50,1.20
2008.08.25 06:28:53.202,0.86625,0.86643,1.60,0.83
2008.08.25 06:28:53.932,0.86627,0.86643,2.30,0.37
2008.08.25 06:28:54.999,0.86625,0.86643,0.80,0.79
2008.08.25 06:28:57.889,0.86622,0.86641,0.55,1.10
2008.08.25 06:29:15.269,0.86618,0.86635,0.73,1.80
2008.08.25 06:29:15.906,0.86617,0.86631,0.64,0.56
2008.08.25 06:29:16.087,0.86618,0.86638,1.10,0.36
2008.08.25 06:29:16.604,0.86622,0.86638,1.50,0.88
2008.08.25 06:29:16.718,0.8662,0.86638,1.40,1.90
2008.08.25 06:29:17.707,0.86618,0.86638,1.20,0.95
2008.08.25 06:29:19.405,0.86622,0.86641,0.77,1.70
2008.08.25 06:29:24.645,0.86618,0.86641,2.80,1.80
2008.08.25 06:29:30.647,0.86617,0.86636,0.90,2.50
2008.08.25 06:29:31.036,0.8662,0.86633,1.30,0.89
2008.08.25 06:29:35.006,0.86615,0.86633,1.60,0.77
2008.08.25 06:29:35.340,0.86614,0.86631,0.69,1.90
2008.08.25 06:29:35.419,0.86613,0.86623,0.89,1.10
2008.08.25 06:29:35.683,0.86612,0.86623,1.90,1.50
2008.08.25 06:29:35.807,0.86615,0.86623,2.10,0.41
2008.08.25 06:29:36.096,0.86617,0.86633,2.30,0.71
2008.08.25 06:29:41.149,0.86619,0.86632,1.40,1.20
2008.08.25 06:29:41.895,0.86612,0.86632,2.70,2.90
2008.08.25 06:29:42.128,0.8661,0.86632,1.60,1.00
2008.08.25 06:29:47.484,0.86608,0.86628,1.50,1.80
2008.08.25 06:29:47.646,0.86607,0.86628,0.47,1.30
2008.08.25 06:29:50.736,0.86602,0.86623,1.10,2.50
2008.08.25 06:30:05.093,0.86607,0.86623,1.40,1.60
2008.08.25 06:30:09.018,0.86605,0.86622,0.97,2.60
2008.08.25 06:30:09.300,0.86604,0.86616,1.90,2.40
2008.08.25 06:30:09.516,0.86602,0.86616,0.66,2.70
2008.08.25 06:30:09.788,0.86597,0.86613,1.60,1.80
2008.08.25 06:30:09.964,0.866,0.86613,1.80,0.58
2008.08.25 06:30:10.944,0.86602,0.86623,1.80,1.60
2008.08.25 06:30:18.367,0.86597,0.86622,0.93,0.61
2008.08.25 06:30:20.059,0.86602,0.86619,0.88,0.59
2008.08.25 06:30:27.257,0.86605,0.86622,2.00,1.40
2008.08.25 06:30:27.362,0.86612,0.86624,1.90,0.88
2008.08.25 06:30:27.982,0.86615,0.86624,1.30,0.56
2008.08.25 06:30:28.751,0.86617,0.86633,2.90,1.70
2008.08.25 06:30:33.029,0.86616,0.86633,3.10,1.80
2008.08.25 06:30:33.316,0.86617,0.8664,1.60,2.80
2008.08.25 06:30:33.414,0.86618,0.86641,1.20,0.94
2008.08.25 06:30:33.586,0.86617,0.86641,2.70,1.90
2008.08.25 06:30:33.822,0.86622,0.86641,0.88,1.40
2008.08.25 06:30:33.934,0.86627,0.86644,1.30,3.80
2008.08.25 06:30:34.110,0.8663,0.86646,0.80,1.50
2008.08.25 06:30:34.747,0.86632,0.86647,1.70,2.10
2008.08.25 06:30:35.471,0.86622,0.86648,1.10,2.00
2008.08.25 06:30:40.059,0.86626,0.86648,1.50,0.74
2008.08.25 06:30:41.282,0.86632,0.86648,1.40,1.10
2008.08.25 06:30:46.306,0.86627,0.86648,0.93,0.59
2008.08.25 06:30:46.512,0.86624,0.86645,1.20,0.74
2008.08.25 06:30:46.959,0.86622,0.86645,1.90,1.50
2008.08.25 06:30:47.231,0.86618,0.86643,0.84,0.37
2008.08.25 06:30:47.548,0.86617,0.86643,2.90,1.30
2008.08.25 06:30:47.718,0.86615,0.86638,1.40,0.96
2008.08.25 06:30:48.986,0.86614,0.86638,1.00,2.00
2008.08.25 06:30:50.980,0.86615,0.86638,1.60,1.10
2008.08.25 06:30:59.530,0.86612,0.86636,2.40,1.20
2008.08.25 06:31:04.305,0.86616,0.86636,0.84,3.20
2008.08.25 06:31:04.562,0.86619,0.86639,1.30,1.20
2008.08.25 06:31:04.749,0.8662,0.8664,0.91,1.40
2008.08.25 06:31:05.924,0.86625,0.8664,1.90,1.40
2008.08.25 06:31:47.583,0.86627,0.86644,1.00,1.20
2008.08.25 06:31:48.470,0.86622,0.86648,0.86,2.00
2008.08.25 06:31:50.746,0.86618,0.86639,0.63,0.53
2008.08.25 06:31:51.355,0.86617,0.86636,1.20,1.10
2008.08.25 06:31:51.738,0.86622,0.86639,2.00,2.00
2008.08.25 06:31:52.198,0.86617,0.86636,2.40,0.84
2008.08.25 06:31:52.559,0.86622,0.8664,2.10,1.20
2008.08.25 06:31:53.064,0.86617,0.86639,0.71,1.50
2008.08.25 06:31:53.581,0.86622,0.86641,2.10,1.10
2008.08.25 06:31:54.174,0.86617,0.86636,0.81,0.93
2008.08.25 06:31:54.750,0.86622,0.86642,2.20,1.70
2008.08.25 06:31:56.620,0.8662,0.86641,0.65,1.30
2008.08.25 06:31:58.065,0.86617,0.86641,1.40,0.99
2008.08.25 06:32:02.522,0.8662,0.8664,1.40,0.89
2008.08.25 06:32:11.930,0.86625,0.86638,1.80,0.59
2008.08.25 06:32:12.296,0.86627,0.86647,0.89,1.80
2008.08.25 06:32:12.885,0.8663,0.86647,1.10,1.40
2008.08.25 06:32:19.824,0.86625,0.86647,1.00,2.80
2008.08.25 06:32:34.137,0.86618,0.8663,2.40,1.50
2008.08.25 06:32:34.669,0.8661,0.86626,1.20,1.90
2008.08.25 06:32:35.462,0.8662,0.86634,2.20,1.10
2008.08.25 06:32:35.803,0.86625,0.86634,1.40,1.00
2008.08.25 06:32:41.187,0.86627,0.86647,2.80,1.30
2008.08.25 06:32:41.540,0.86632,0.86649,1.50,2.50
2008.08.25 06:32:42.119,0.86635,0.8665,1.30,4.40
2008.08.25 06:32:49.116,0.86625,0.8665,1.70,1.50
2008.08.25 06:32:49.345,0.86624,0.86643,1.10,2.20
2008.08.25 06:32:49.715,0.86622,0.86643,3.30,2.40
2008.08.25 06:32:52.235,0.86627,0.86647,1.10,1.20
2008.08.25 06:32:52.406,0.8663,0.86649,1.30,1.90
2008.08.25 06:32:52.624,0.86635,0.86649,0.90,1.80
2008.08.25 06:32:52.772,0.86637,0.86651,0.69,0.95
2008.08.25 06:32:53.212,0.86642,0.8666,1.20,0.61
2008.08.25 06:32:53.684,0.86647,0.86666,2.00,1.20
2008.08.25 06:32:54.151,0.86655,0.86668,1.70,2.50
2008.08.25 06:32:54.692,0.86652,0.86668,1.40,2.10
2008.08.25 06:32:57.229,0.86639,0.86656,0.96,1.30
2008.08.25 06:32:57.936,0.86637,0.86656,1.90,2.10
2008.08.25 06:32:58.656,0.86635,0.86653,0.92,1.30
2008.08.25 06:32:59.277,0.86636,0.86653,0.83,0.83
2008.08.25 06:32:59.830,0.86642,0.86653,1.10,0.84
2008.08.25 06:33:00.758,0.86647,0.86664,0.62,2.00
2008.08.25 06:33:01.423,0.8665,0.86666,0.64,1.20
2008.08.25 06:33:01.917,0.86652,0.86669,0.97,0.70
2008.08.25 06:33:02.019,0.8665,0.86669,1.40,0.59
2008.08.25 06:33:10.232,0.86647,0.86671,1.50,0.67
2008.08.25 06:33:11.486,0.86645,0.86668,1.70,1.70
2008.08.25 06:33:11.714,0.86642,0.86668,1.80,1.00
2008.08.25 06:33:15.286,0.86646,0.86668,1.90,0.76
2008.08.25 06:33:15.407,0.86652,0.8667,2.10,1.40
2008.08.25 06:33:15.758,0.86647,0.86666,2.00,1.40
2008.08.25 06:33:16.123,0.86652,0.86672,1.30,1.00
2008.08.25 06:33:16.979,0.86655,0.86676,1.10,1.90
2008.08.25 06:33:18.277,0.86651,0.86668,2.40,0.91
2008.08.25 06:33:18.913,0.86647,0.86666,2.70,2.90
2008.08.25 06:33:21.291,0.86652,0.8667,1.50,2.90
2008.08.25 06:33:22.182,0.86655,0.86674,1.00,1.60
2008.08.25 06:33:24.122,0.8665,0.86674,2.10,0.92
2008.08.25 06:33:25.349,0.86651,0.86675,2.60,0.93
2008.08.25 06:33:25.938,0.86655,0.86675,3.80,0.83
2008.08.25 06:33:56.156,0.86652,0.86677,0.98,0.86
2008.08.25 06:33:56.880,0.8665,0.86676,1.30,0.94
2008.08.25 06:34:02.367,0.86647,0.86672,1.40,0.80
2008.08.25 06:34:02.847,0.8665,0.86674,1.50,0.54
2008.08.25 06:34:08.215,0.86647,0.86673,0.93,2.00
2008.08.25 06:34:08.593,0.86645,0.86667,1.00,1.80
2008.08.25 06:34:20.911,0.86642,0.86667,1.20,1.10
2008.08.25 06:34:24.288,0.86637,0.86662,1.00,2.10
2008.08.25 06:34:24.484,0.86635,0.86657,1.30,0.85
2008.08.25 06:34:24.753,0.86632,0.86657,1.00,1.10
2008.08.25 06:34:26.222,0.86637,0.86662,0.61,0.52
2008.08.25 06:34:26.498,0.8664,0.86663,2.00,1.00
2008.08.25 06:34:26.743,0.86647,0.86666,2.50,2.30
2008.08.25 06:34:26.755,0.8665,0.8667,1.50,1.20
2008.08.25 06:34:27.420,0.86655,0.8667,0.92,0.44
2008.08.25 06:34:27.572,0.86657,0.86676,2.20,1.50
2008.08.25 06:34:28.281,0.86655,0.86677,1.50,0.86
2008.08.25 06:34:29.103,0.86652,0.86677,3.00,2.00
2008.08.25 06:34:31.468,0.86647,0.86672,0.54,1.10
2008.08.25 06:34:32.215,0.8665,0.86673,1.20,2.80
2008.08.25 06:34:32.958,0.86657,0.86673,1.40,1.90
2008.08.25 06:34:41.957,0.8665,0.86666,1.30,1.10
2008.08.25 06:34:42.459,0.86657,0.86672,1.80,2.00
2008.08.25 06:34:46.215,0.86667,0.86676,1.50,1.80
2008.08.25 06:34:46.565,0.86662,0.86683,0.61,1.90
2008.08.25 06:34:46.706,0.86667,0.86683,0.78,5.30
2008.08.25 06:34:47.213,0.86677,0.86686,1.10,1.20
2008.08.25 06:34:47.831,0.8668,0.86696,0.55,1.50
2008.08.25 06:34:48.396,0.86686,0.86696,1.70,2.40
2008.08.25 06:34:48.833,0.86697,0.86696,1.50,1.10
2008.08.25 06:34:49.552,0.86707,0.86716,1.30,0.78
2008.08.25 06:34:50.307,0.86702,0.86716,1.30,0.95
2008.08.25 06:34:58.148,0.867,0.86722,4.60,1.50
2008.08.25 06:35:01.031,0.86691,0.86716,1.40,3.20
2008.08.25 06:35:01.775,0.8669,0.86706,1.30,0.76
2008.08.25 06:35:02.280,0.86696,0.86712,1.80,1.80
2008.08.25 06:35:02.625,0.867,0.86716,1.90,1.20
2008.08.25 06:35:02.855,0.86697,0.86717,2.10,1.10
2008.08.25 06:35:04.014,0.86692,0.86715,1.30,0.86
2008.08.25 06:35:04.601,0.86695,0.86715,1.30,4.90
2008.08.25 06:35:05.100,0.867,0.86717,1.90,1.40
2008.08.25 06:35:05.511,0.86697,0.86718,1.80,3.00
2008.08.25 06:35:10.485,0.86693,0.86719,1.10,1.50
2008.08.25 06:35:12.133,0.8669,0.86711,2.00,0.51
2008.08.25 06:35:12.456,0.86687,0.86706,1.30,1.20
2008.08.25 06:35:12.888,0.8669,0.86706,1.30,1.00
2008.08.25 06:35:13.236,0.86695,0.86712,0.70,1.40
2008.08.25 06:35:13.936,0.86693,0.86716,3.30,0.77
2008.08.25 06:35:14.924,0.86692,0.86713,1.30,1.90
2008.08.25 06:35:16.420,0.86688,0.8671,1.00,0.79
2008.08.25 06:35:16.883,0.86687,0.86706,2.00,3.00
2008.08.25 06:35:17.890,0.86685,0.86704,2.00,0.91
2008.08.25 06:35:19.339,0.86687,0.86706,1.20,2.50
2008.08.25 06:35:20.577,0.86692,0.86711,1.50,1.90
2008.08.25 06:35:21.802,0.8669,0.86711,0.86,0.66
2008.08.25 06:35:22.507,0.86687,0.86707,1.40,1.90
2008.08.25 06:35:25.200,0.86685,0.86697,2.20,0.64
2008.08.25 06:35:25.323,0.86681,0.86695,0.72,0.57
2008.08.25 06:35:25.717,0.86672,0.86695,2.20,0.64
2008.08.25 06:35:25.935,0.8667,0.86689,1.60,2.00
2008.08.25 06:35:26.046,0.86675,0.86696,1.60,0.90
2008.08.25 06:35:27.333,0.86671,0.8669,1.70,1.50
2008.08.25 06:35:27.940,0.86667,0.86686,2.10,2.00
2008.08.25 06:35:28.968,0.8667,0.86683,1.40,3.10
2008.08.25 06:35:30.215,0.86673,0.86683,1.30,1.10
2008.08.25 06:35:30.488,0.86675,0.86683,0.68,1.30
2008.08.25 06:35:30.628,0.8668,0.86693,0.98,2.20
2008.08.25 06:35:30.812,0.86685,0.86703,2.30,1.40
2008.08.25 06:35:31.270,0.86686,0.86703,1.20,2.50
2008.08.25 06:35:31.661,0.86685,0.86703,1.10,1.40
2008.08.25 06:35:31.737,0.86687,0.86703,1.00,1.70
2008.08.25 06:35:32.541,0.86682,0.86703,1.50,1.90
2008.08.25 06:35:51.393,0.86685,0.86703,1.00,1.90
2008.08.25 06:35:52.254,0.86687,0.86703,1.50,3.20
2008.08.25 06:35:53.099,0.86685,0.86703,1.60,0.88
2008.08.25 06:35:53.349,0.86687,0.86703,1.60,1.50
2008.08.25 06:35:53.820,0.86695,0.86703,1.90,2.50
2008.08.25 06:35:54.039,0.86697,0.86713,1.50,0.86
2008.08.25 06:35:54.529,0.867,0.86713,1.60,1.90
2008.08.25 06:35:55.320,0.86697,0.86713,1.50,1.70
2008.08.25 06:35:55.549,0.86692,0.86713,0.49,3.30
2008.08.25 06:36:13.239,0.8669,0.86711,0.91,0.74
2008.08.25 06:36:14.210,0.86689,0.86704,1.10,1.40
2008.08.25 06:36:14.595,0.86687,0.86706,0.70,1.40
2008.08.25 06:36:15.459,0.86688,0.86703,2.10,2.10
2008.08.25 06:36:16.068,0.8669,0.86703,1.60,1.60
2008.08.25 06:36:17.209,0.86692,0.86703,1.70,5.00
2008.08.25 06:36:17.831,0.86698,0.86703,1.50,1.60
2008.08.25 06:36:24.497,0.86697,0.86713,1.50,0.78
2008.08.25 06:36:24.663,0.86692,0.86713,1.00,3.40
2008.08.25 06:36:30.155,0.867,0.86713,0.86,0.77
2008.08.25 06:36:30.867,0.86708,0.86713,0.77,1.40
2008.08.25 06:36:31.367,0.86707,0.86723,0.39,1.00
2008.08.25 06:36:31.615,0.86702,0.86723,1.40,2.00
2008.08.25 06:36:45.222,0.86699,0.86721,1.10,2.00
2008.08.25 06:36:45.783,0.86698,0.86715,2.70,1.90
2008.08.25 06:36:47.072,0.867,0.86721,0.82,1.30
2008.08.25 06:36:49.054,0.86706,0.86723,2.30,2.70
2008.08.25 06:36:49.896,0.86708,0.86723,0.64,1.40
2008.08.25 06:36:56.251,0.86709,0.86729,0.61,1.80
2008.08.25 06:36:56.933,0.86702,0.86723,1.40,1.40
2008.08.25 06:36:59.059,0.86708,0.86723,1.50,1.20
2008.08.25 06:37:12.255,0.8671,0.86723,3.30,1.90
2008.08.25 06:37:12.340,0.86713,0.86723,1.10,1.50
2008.08.25 06:37:12.699,0.86718,0.86723,1.80,0.69
2008.08.25 06:37:13.362,0.8672,0.86733,1.90,0.75
2008.08.25 06:37:14.515,0.86718,0.86738,0.96,1.40
2008.08.25 06:37:15.031,0.86717,0.86731,2.00,2.00
2008.08.25 06:37:30.995,0.86718,0.86735,2.00,2.40
2008.08.25 06:37:32.319,0.86727,0.86739,1.90,1.90
2008.08.25 06:37:33.035,0.86728,0.86742,2.50,1.30
2008.08.25 06:37:33.934,0.86737,0.86749,1.40,2.00
2008.08.25 06:37:34.746,0.86738,0.86752,2.60,2.00
2008.08.25 06:37:35.051,0.86747,0.86762,1.20,0.60
2008.08.25 06:37:35.415,0.86738,0.86762,1.50,1.30
2008.08.25 06:37:35.717,0.8674,0.86762,3.40,1.10
2008.08.25 06:37:36.305,0.86736,0.86758,0.79,1.30
2008.08.25 06:37:36.641,0.86732,0.86753,1.60,0.61
2008.08.25 06:37:36.669,0.8673,0.86753,2.70,0.77
2008.08.25 06:37:38.470,0.86729,0.86753,3.30,0.97
2008.08.25 06:37:38.876,0.86727,0.86753,1.30,1.50
2008.08.25 06:37:39.476,0.86726,0.86743,2.20,2.00
2008.08.25 06:37:39.997,0.86722,0.86743,1.40,1.60
2008.08.25 06:37:40.612,0.8672,0.86743,0.51,1.20
2008.08.25 06:37:56.073,0.86719,0.8674,1.40,1.50
2008.08.25 06:37:56.370,0.86716,0.86736,0.48,2.10
2008.08.25 06:37:56.743,0.86715,0.86736,1.50,0.96
2008.08.25 06:37:57.217,0.8671,0.86731,1.40,1.70
2008.08.25 06:37:57.942,0.86709,0.86731,2.10,1.60
2008.08.25 06:37:58.149,0.86702,0.86722,1.10,1.20
2008.08.25 06:37:58.399,0.86701,0.86722,1.10,1.20
2008.08.25 06:37:58.877,0.86699,0.86722,1.60,1.20
2008.08.25 06:37:59.087,0.86692,0.86712,1.40,1.80
2008.08.25 06:37:59.649,0.86691,0.86712,4.20,2.00
2008.08.25 06:37:59.896,0.86689,0.86712,1.10,0.75
2008.08.25 06:38:00.316,0.86682,0.86703,0.66,0.91
2008.08.25 06:38:00.391,0.86685,0.86708,0.94,0.52
2008.08.25 06:38:00.688,0.86687,0.86711,2.50,1.80
2008.08.25 06:38:01.512,0.86683,0.86708,1.50,4.00
2008.08.25 06:38:02.506,0.86685,0.86708,0.81,0.53
2008.08.25 06:38:04.462,0.86693,0.86707,0.75,2.20
2008.08.25 06:38:04.786,0.86697,0.86707,1.80,1.50
2008.08.25 06:38:05.271,0.867,0.86716,2.80,0.94
2008.08.25 06:38:05.376,0.86705,0.86722,1.80,1.70
2008.08.25 06:38:05.796,0.86702,0.86722,0.78,1.00
2008.08.25 06:38:06.123,0.86706,0.86722,1.20,2.40
2008.08.25 06:38:06.376,0.86715,0.86725,0.62,1.70
2008.08.25 06:38:06.593,0.867,0.86723,1.70,0.64
2008.08.25 06:38:06.741,0.86699,0.86723,0.91,0.93
2008.08.25 06:38:06.907,0.86697,0.86716,0.83,2.10
2008.08.25 06:38:09.404,0.86702,0.86722,1.70,1.20
2008.08.25 06:38:11.096,0.86693,0.86718,1.70,1.20
2008.08.25 06:38:11.174,0.86701,0.86718,1.20,3.00
2008.08.25 06:38:11.337,0.86705,0.86718,1.20,1.90
2008.08.25 06:38:11.533,0.86706,0.86718,1.60,0.85
2008.08.25 06:38:11.668,0.86707,0.86718,1.70,1.20
2008.08.25 06:38:11.859,0.86712,0.86729,1.50,0.59
2008.08.25 06:38:15.159,0.86707,0.86731,1.00,1.70
2008.08.25 06:38:17.328,0.86712,0.8673,0.61,2.00
2008.08.25 06:38:18.186,0.86692,0.86713,1.10,1.20
2008.08.25 06:38:18.323,0.86706,0.86728,1.70,1.90
2008.08.25 06:38:18.423,0.86703,0.86728,2.40,1.30
2008.08.25 06:38:18.677,0.86702,0.86723,2.40,1.60
2008.08.25 06:38:18.936,0.86699,0.86718,1.90,0.97
2008.08.25 06:38:19.203,0.86691,0.86713,1.80,2.40
2008.08.25 06:38:19.582,0.86689,0.86713,1.40,1.20
2008.08.25 06:38:20.002,0.86688,0.86713,1.70,2.30
2008.08.25 06:38:20.360,0.86687,0.86712,1.00,1.20
2008.08.25 06:38:20.580,0.86686,0.86711,0.57,2.10
2008.08.25 06:38:20.647,0.86685,0.86703,1.90,4.30
2008.08.25 06:38:20.884,0.86681,0.86703,1.20,1.60
2008.08.25 06:38:21.023,0.86679,0.86698,2.40,2.40
2008.08.25 06:38:21.275,0.86675,0.86695,0.91,3.00
2008.08.25 06:38:21.371,0.86681,0.86695,1.80,2.10
2008.08.25 06:38:21.561,0.86687,0.86704,0.92,1.80
2008.08.25 06:38:21.746,0.86688,0.86711,3.90,5.10
2008.08.25 06:38:21.925,0.86696,0.86711,2.10,3.30
2008.08.25 06:38:22.019,0.86702,0.86714,2.30,2.10
2008.08.25 06:38:22.324,0.86706,0.86714,1.60,1.30
2008.08.25 06:38:22.455,0.86707,0.86714,1.00,1.10
2008.08.25 06:38:22.521,0.86712,0.86724,1.10,0.49
2008.08.25 06:38:22.804,0.86717,0.86724,2.00,3.90
2008.08.25 06:38:22.875,0.86721,0.86734,1.10,1.30
2008.08.25 06:38:23.200,0.86727,0.86734,0.76,1.50
2008.08.25 06:38:23.399,0.86732,0.86744,0.82,0.35
2008.08.25 06:38:23.666,0.86733,0.86744,0.81,0.80
2008.08.25 06:38:23.787,0.86732,0.86744,2.10,2.50
2008.08.25 06:38:25.004,0.86727,0.86742,1.60,1.70
2008.08.25 06:38:25.327,0.86717,0.86742,0.84,1.40
2008.08.25 06:38:25.623,0.86713,0.86733,2.10,0.99
2008.08.25 06:38:25.848,0.8671,0.8673,1.20,2.90
2008.08.25 06:38:26.073,0.86707,0.86723,1.10,1.60
2008.08.25 06:38:26.365,0.86701,0.86723,0.70,3.30
2008.08.25 06:38:26.735,0.867,0.86715,1.60,1.20
2008.08.25 06:38:26.866,0.86695,0.86715,2.40,3.20
2008.08.25 06:38:27.389,0.86697,0.86719,1.50,2.00
2008.08.25 06:38:27.908,0.867,0.86719,1.20,1.30
2008.08.25 06:38:28.206,0.86702,0.86719,2.90,1.00
2008.08.25 06:38:28.629,0.86705,0.86723,1.60,2.80
2008.08.25 06:38:30.109,0.86707,0.86723,2.30,1.00
2008.08.25 06:38:30.612,0.86705,0.86723,0.58,0.82
2008.08.25 06:38:31.012,0.86706,0.86723,2.40,0.80
2008.08.25 06:38:31.405,0.86707,0.86723,1.20,1.20
2008.08.25 06:38:31.670,0.86705,0.86723,1.90,1.00
2008.08.25 06:38:32.022,0.86718,0.86723,1.10,3.10
2008.08.25 06:38:32.749,0.86722,0.86736,1.60,1.10
2008.08.25 06:38:33.124,0.86717,0.86738,0.97,1.10
2008.08.25 06:38:38.454,0.8671,0.86733,0.66,1.50
2008.08.25 06:38:38.833,0.86707,0.86732,1.40,1.90
2008.08.25 06:38:40.166,0.86709,0.86723,1.00,0.86
2008.08.25 06:38:40.784,0.86714,0.86727,0.90,2.50
2008.08.25 06:38:41.264,0.86717,0.86727,1.20,0.68
2008.08.25 06:38:41.593,0.86727,0.86728,0.97,5.60
2008.08.25 06:38:41.836,0.86729,0.86734,1.40,1.20
2008.08.25 06:38:42.481,0.86732,0.86735,1.80,1.10
2008.08.25 06:38:42.967,0.86717,0.86726,2.00,1.40
2008.08.25 06:38:43.418,0.86727,0.86734,0.19,1.30
2008.08.25 06:38:43.591,0.86729,0.86735,1.90,0.89
2008.08.25 06:38:44.406,0.86732,0.86736,1.60,0.95
2008.08.25 06:38:44.642,0.86737,0.86744,1.90,2.40
2008.08.25 06:38:45.054,0.86739,0.86745,1.10,1.70
2008.08.25 06:38:45.241,0.86737,0.86745,2.00,1.00
2008.08.25 06:38:45.565,0.86743,0.86745,2.80,0.48
2008.08.25 06:38:45.623,0.86745,0.86745,2.40,1.50
2008.08.25 06:38:45.822,0.86752,0.86763,0.76,1.80
2008.08.25 06:38:46.327,0.86747,0.86756,1.40,2.30
2008.08.25 06:38:46.481,0.86742,0.86756,1.20,2.30
2008.08.25 06:38:46.975,0.86747,0.8676,0.25,1.10
2008.08.25 06:38:47.130,0.86742,0.86756,1.30,1.40
2008.08.25 06:38:47.985,0.86747,0.86763,0.60,1.60
2008.08.25 06:38:48.167,0.86737,0.86755,0.69,2.90
2008.08.25 06:38:48.372,0.86733,0.86755,1.20,1.20
2008.08.25 06:38:48.692,0.86732,0.86755,1.60,1.60
2008.08.25 06:38:48.972,0.86725,0.86743,2.70,2.30
2008.08.25 06:38:49.188,0.86726,0.86743,0.90,1.80
2008.08.25 06:38:49.351,0.86732,0.86743,1.50,1.70
2008.08.25 06:38:49.904,0.8674,0.86753,2.00,0.86
2008.08.25 06:38:50.185,0.86745,0.86753,1.50,0.51
2008.08.25 06:38:50.753,0.8674,0.86753,1.70,2.60
2008.08.25 06:38:53.752,0.86735,0.86753,2.90,1.90
2008.08.25 06:38:54.193,0.86743,0.86753,2.70,0.78
2008.08.25 06:38:54.741,0.86745,0.86753,2.30,3.90
2008.08.25 06:38:55.497,0.8675,0.86763,0.52,0.65
2008.08.25 06:38:55.847,0.86755,0.86773,0.65,0.52
2008.08.25 06:38:56.113,0.86752,0.86773,2.20,1.30
2008.08.25 06:38:56.593,0.86747,0.86766,1.90,1.50
2008.08.25 06:38:56.774,0.86748,0.86763,0.88,1.60
2008.08.25 06:38:57.607,0.86752,0.86772,1.30,1.50
2008.08.25 06:39:02.221,0.86747,0.86771,1.20,0.68
2008.08.25 06:39:02.792,0.86745,0.86763,1.50,4.30
2008.08.25 06:39:04.281,0.86747,0.86763,0.88,0.86
2008.08.25 06:39:09.211,0.86757,0.86763,0.41,1.20
2008.08.25 06:39:09.342,0.86762,0.86779,0.87,1.40
2008.08.25 06:39:09.685,0.86765,0.86783,2.00,3.60
2008.08.25 06:39:11.228,0.8676,0.86783,1.10,1.50
2008.08.25 06:39:11.649,0.86762,0.86783,1.70,1.20
2008.08.25 06:39:16.247,0.8676,0.86779,1.10,1.60
2008.08.25 06:39:20.362,0.86757,0.86776,2.10,0.98
2008.08.25 06:39:20.519,0.86755,0.86773,1.20,2.20
2008.08.25 06:39:23.283,0.8675,0.86768,1.50,1.20
2008.08.25 06:39:23.416,0.86742,0.86766,1.30,1.70
2008.08.25 06:39:23.942,0.8674,0.86763,0.40,0.83
2008.08.25 06:39:27.006,0.8673,0.86751,3.40,1.30
2008.08.25 06:39:28.879,0.86732,0.86751,0.91,1.40
2008.08.25 06:39:29.385,0.86727,0.86748,1.30,2.00
2008.08.25 06:39:29.634,0.86722,0.86743,0.67,0.88
2008.08.25 06:39:30.032,0.86719,0.86743,0.38,1.20
2008.08.25 06:39:30.374,0.86722,0.86743,2.60,1.10
2008.08.25 06:39:30.510,0.86742,0.86743,0.74,0.71
2008.08.25 06:39:30.711,0.86745,0.86743,2.10,1.10
2008.08.25 06:39:30.865,0.8675,0.86763,0.58,1.80
2008.08.25 06:39:31.237,0.86747,0.86766,1.20,2.30
2008.08.25 06:39:33.475,0.8674,0.86763,1.20,4.30
2008.08.25 06:39:33.522,0.86739,0.86759,1.30,1.10
2008.08.25 06:39:34.104,0.86737,0.86758,2.10,0.87
2008.08.25 06:39:34.541,0.86736,0.86758,1.60,0.73
2008.08.25 06:39:37.782,0.86735,0.86759,1.60,2.60
2008.08.25 06:39:48.009,0.86732,0.86756,2.20,1.60
2008.08.25 06:39:48.608,0.8673,0.86755,0.78,0.56
2008.08.25 06:39:49.696,0.86732,0.86756,1.10,1.80
2008.08.25 06:39:52.017,0.86729,0.86751,1.70,1.60
2008.08.25 06:39:52.336,0.86726,0.86751,1.80,1.80
2008.08.25 06:39:52.795,0.86725,0.8675,2.60,1.80
2008.08.25 06:39:53.675,0.86727,0.86751,1.60,0.47
2008.08.25 06:39:55.963,0.86737,0.86753,1.30,0.82
2008.08.25 06:39:56.444,0.8674,0.86753,1.80,5.20
2008.08.25 06:39:56.867,0.86737,0.86756,1.10,0.99
2008.08.25 06:39:57.290,0.8674,0.86759,0.95,1.80
2008.08.25 06:40:04.350,0.86733,0.86756,1.10,1.60
2008.08.25 06:40:04.939,0.8673,0.86751,1.30,0.97
2008.08.25 06:40:05.084,0.86727,0.86751,1.60,1.80
2008.08.25 06:40:05.639,0.86726,0.86751,2.50,0.77
2008.08.25 06:40:06.545,0.86727,0.86751,3.30,0.72
2008.08.25 06:40:07.327,0.86732,0.86753,1.60,2.40
2008.08.25 06:40:07.644,0.86735,0.86755,1.20,1.40
2008.08.25 06:40:07.698,0.8674,0.86755,2.00,4.20
2008.08.25 06:40:08.586,0.86737,0.86758,0.83,3.10
2008.08.25 06:40:10.424,0.86735,0.86756,2.90,1.60
2008.08.25 06:40:10.761,0.8674,0.86756,1.80,2.60
2008.08.25 06:40:11.128,0.86737,0.86756,0.99,2.60
2008.08.25 06:40:11.753,0.86735,0.86756,1.30,1.50
2008.08.25 06:40:12.490,0.86732,0.8675,1.10,1.30
2008.08.25 06:40:12.750,0.8673,0.86753,1.10,2.20
2008.08.25 06:40:13.684,0.86735,0.86755,1.80,0.48
2008.08.25 06:40:14.400,0.8674,0.86756,0.94,1.20
2008.08.25 06:40:14.560,0.86737,0.86756,1.70,1.50
2008.08.25 06:40:21.292,0.86735,0.86756,3.40,3.40
2008.08.25 06:40:23.594,0.86737,0.86755,1.60,1.50
2008.08.25 06:40:29.232,0.8675,0.86755,1.40,1.30
2008.08.25 06:40:29.391,0.86752,0.86755,1.20,1.70
2008.08.25 06:40:29.618,0.86755,0.86755,2.20,2.00
2008.08.25 06:40:29.927,0.86747,0.86771,1.90,1.20
2008.08.25 06:40:30.470,0.86746,0.86767,0.66,0.27
2008.08.25 06:40:30.664,0.86747,0.86772,0.74,5.40
2008.08.25 06:40:31.972,0.86745,0.8677,0.70,2.40
2008.08.25 06:40:40.921,0.86746,0.86771,1.70,1.00
2008.08.25 06:40:42.047,0.86745,0.86769,2.20,1.20
2008.08.25 06:40:42.735,0.86746,0.86771,0.80,1.40
2008.08.25 06:40:49.319,0.86737,0.86755,1.10,0.70
2008.08.25 06:40:49.851,0.86735,0.86753,0.72,2.10
2008.08.25 06:40:50.223,0.8673,0.86751,1.60,0.96
2008.08.25 06:40:50.637,0.86729,0.86752,1.80,0.63
2008.08.25 06:40:53.184,0.8673,0.86753,2.00,1.20
2008.08.25 06:40:53.454,0.86735,0.86753,2.30,0.93
2008.08.25 06:40:53.940,0.8674,0.86759,1.80,4.80
2008.08.25 06:40:58.335,0.86745,0.86753,1.60,1.30
2008.08.25 06:40:58.527,0.8674,0.86753,3.00,0.94
2008.08.25 06:40:59.396,0.86737,0.86753,1.60,1.50
2008.08.25 06:40:59.503,0.86742,0.86759,0.70,1.50
2008.08.25 06:41:03.050,0.8674,0.86757,2.40,1.90
2008.08.25 06:41:03.613,0.86732,0.86755,1.40,3.70
2008.08.25 06:41:04.409,0.86735,0.86755,3.60,0.97
2008.08.25 06:41:12.380,0.86737,0.86755,1.60,1.50
2008.08.25 06:41:15.302,0.8673,0.86755,1.10,1.20
2008.08.25 06:41:17.255,0.86732,0.86752,1.10,3.40
2008.08.25 06:41:25.957,0.86727,0.86751,1.90,0.81
2008.08.25 06:41:27.320,0.86732,0.86752,1.40,1.20
2008.08.25 06:41:28.428,0.86737,0.86753,1.20,2.50
2008.08.25 06:41:36.130,0.86735,0.86753,0.97,3.10
2008.08.25 06:41:37.487,0.86737,0.86753,0.86,1.20
2008.08.25 06:41:49.368,0.86729,0.86747,0.54,0.94
2008.08.25 06:41:49.991,0.86727,0.86745,2.00,0.92
2008.08.25 06:41:50.002,0.86725,0.8674,1.10,1.30
2008.08.25 06:41:50.634,0.8672,0.8674,1.20,1.10
2008.08.25 06:41:50.891,0.86722,0.86743,0.89,0.73
2008.08.25 06:41:51.249,0.86725,0.86746,2.90,1.80
2008.08.25 06:41:51.619,0.86735,0.86748,0.74,1.30
2008.08.25 06:42:06.250,0.8673,0.86751,1.00,0.66
2008.08.25 06:42:06.810,0.86732,0.86752,1.10,1.50
2008.08.25 06:42:11.706,0.8673,0.86752,1.50,0.98
2008.08.25 06:42:14.488,0.86732,0.86752,1.60,0.80
2008.08.25 06:42:15.447,0.8673,0.86752,1.30,2.10
2008.08.25 06:42:18.250,0.86732,0.86751,0.61,0.78
2008.08.25 06:42:30.133,0.86727,0.86742,2.00,2.30
2008.08.25 06:42:30.763,0.86722,0.86736,6.80,2.20
2008.08.25 06:42:31.511,0.8672,0.86736,3.70,1.30
2008.08.25 06:42:33.301,0.86719,0.86736,3.30,1.80
2008.08.25 06:42:33.876,0.86717,0.86736,2.90,1.70
2008.08.25 06:42:34.029,0.86712,0.86733,0.91,1.30
2008.08.25 06:42:34.981,0.86709,0.86732,1.20,1.10
2008.08.25 06:42:35.365,0.8671,0.86732,1.60,1.60
2008.08.25 06:42:35.779,0.86707,0.86732,0.55,0.47
2008.08.25 06:42:36.315,0.86706,0.86723,1.70,2.40
2008.08.25 06:42:36.744,0.86702,0.86723,1.70,0.79
2008.08.25 06:42:37.590,0.86707,0.86723,1.10,1.30
2008.08.25 06:42:38.897,0.86702,0.86723,3.00,0.95
2008.08.25 06:42:39.220,0.86699,0.86722,4.00,1.50
2008.08.25 06:42:39.442,0.86698,0.86722,1.60,1.60
2008.08.25 06:42:39.692,0.86697,0.86717,4.10,0.97
2008.08.25 06:42:39.794,0.86696,0.86717,2.40,2.20
2008.08.25 06:42:40.070,0.86695,0.86717,1.20,0.90
2008.08.25 06:42:40.355,0.8669,0.86712,2.70,0.73
2008.08.25 06:42:40.429,0.86694,0.86713,3.20,3.20
2008.08.25 06:42:40.747,0.86695,0.86715,3.50,1.40
2008.08.25 06:42:40.909,0.86697,0.86713,2.50,1.30
2008.08.25 06:42:41.468,0.867,0.86713,0.78,1.80
2008.08.25 06:42:41.503,0.86707,0.86719,0.60,1.10
2008.08.25 06:42:42.456,0.86712,0.86724,0.48,2.70
2008.08.25 06:42:44.220,0.86715,0.86728,1.80,0.97
2008.08.25 06:42:44.496,0.8672,0.86729,1.10,1.50
2008.08.25 06:42:44.725,0.86717,0.86729,2.10,1.40
2008.08.25 06:42:44.796,0.8672,0.86732,1.10,2.20
2008.08.25 06:42:45.681,0.86722,0.86735,3.00,0.66
2008.08.25 06:42:46.031,0.8672,0.86736,2.90,1.00
2008.08.25 06:42:46.627,0.86722,0.86739,1.40,2.80
2008.08.25 06:42:47.775,0.8672,0.86739,0.80,1.10
2008.08.25 06:42:48.435,0.86722,0.86741,0.77,2.60
2008.08.25 06:42:48.964,0.8672,0.86741,0.84,1.00
2008.08.25 06:42:49.320,0.86722,0.86742,0.52,1.70
2008.08.25 06:42:50.404,0.8672,0.86742,1.00,1.50
2008.08.25 06:42:51.052,0.86722,0.86742,1.40,1.20
2008.08.25 06:42:52.761,0.8672,0.86742,1.60,1.50
2008.08.25 06:42:53.609,0.86722,0.86742,1.40,2.20
2008.08.25 06:42:58.102,0.86718,0.86736,1.70,1.90
2008.08.25 06:42:58.904,0.8671,0.86732,2.10,2.00
2008.08.25 06:43:00.028,0.86717,0.86735,1.60,1.90
2008.08.25 06:43:00.534,0.86722,0.86738,0.61,1.90
2008.08.25 06:43:01.653,0.86725,0.86739,1.20,1.70
2008.08.25 06:43:12.894,0.86727,0.86742,1.20,2.30
2008.08.25 06:43:15.236,0.86721,0.86746,0.81,3.40
2008.08.25 06:43:15.683,0.8672,0.86745,2.40,1.40
2008.08.25 06:43:17.624,0.86722,0.86742,2.60,2.70
2008.08.25 06:43:18.126,0.86725,0.86745,0.76,1.10
2008.08.25 06:43:18.465,0.86727,0.86745,3.20,0.49
2008.08.25 06:43:18.946,0.86732,0.86746,1.10,1.20
2008.08.25 06:43:23.903,0.86727,0.86746,2.00,1.40
2008.08.25 06:43:27.551,0.86722,0.86747,1.40,1.00
2008.08.25 06:43:41.376,0.86727,0.86743,0.87,0.89
2008.08.25 06:43:43.309,0.86725,0.86743,2.30,3.10
2008.08.25 06:43:43.602,0.86723,0.86743,1.20,0.91
2008.08.25 06:43:43.983,0.86722,0.86743,3.80,0.57
2008.08.25 06:43:44.540,0.86727,0.86745,0.89,3.40
2008.08.25 06:43:45.287,0.86729,0.86745,1.30,0.64
2008.08.25 06:43:45.663,0.86725,0.86745,0.66,1.60
2008.08.25 06:43:45.950,0.86727,0.86746,1.00,1.10
2008.08.25 06:43:46.394,0.86732,0.86751,2.10,0.62
2008.08.25 06:43:48.226,0.86733,0.86753,1.30,1.60
2008.08.25 06:43:48.945,0.86737,0.86753,1.10,1.60
2008.08.25 06:43:51.196,0.86738,0.86753,1.20,1.00
2008.08.25 06:43:51.260,0.86742,0.86759,0.48,2.20
2008.08.25 06:43:51.573,0.86745,0.86759,0.99,0.87
2008.08.25 06:43:51.868,0.86747,0.86759,1.30,1.30
2008.08.25 06:43:53.510,0.8675,0.86763,1.80,2.90
2008.08.25 06:43:54.532,0.8676,0.86773,1.20,1.20
2008.08.25 06:43:55.034,0.86757,0.86773,1.30,1.40
2008.08.25 06:43:55.482,0.86765,0.86782,1.30,1.90
2008.08.25 06:43:55.700,0.86757,0.86776,2.50,2.30
2008.08.25 06:43:56.751,0.86755,0.86773,0.89,1.80
2008.08.25 06:43:57.287,0.86758,0.86773,2.10,1.00
2008.08.25 06:43:57.503,0.86757,0.86776,0.73,0.60
2008.08.25 06:43:57.810,0.8676,0.86773,1.10,1.10
2008.08.25 06:43:58.325,0.86763,0.86773,0.53,1.70
2008.08.25 06:43:58.698,0.86765,0.86773,1.10,0.98
2008.08.25 06:43:59.454,0.86763,0.86776,1.10,1.80
2008.08.25 06:43:59.558,0.86757,0.86776,0.84,0.96
2008.08.25 06:44:00.230,0.86753,0.86773,0.80,1.10
2008.08.25 06:44:00.663,0.86757,0.86773,1.20,1.20
2008.08.25 06:44:00.958,0.86745,0.86761,1.30,0.74
2008.08.25 06:44:01.062,0.86743,0.86761,1.30,0.56
2008.08.25 06:44:01.263,0.86739,0.86762,1.10,1.10
2008.08.25 06:44:01.379,0.86743,0.86762,1.30,1.80
2008.08.25 06:44:01.436,0.86745,0.86763,1.70,1.20
2008.08.25 06:44:01.660,0.86747,0.86763,3.20,3.10
2008.08.25 06:44:01.799,0.8676,0.86768,1.50,0.64
2008.08.25 06:44:01.944,0.86765,0.86768,0.99,2.10
2008.08.25 06:44:02.182,0.86763,0.86768,0.95,1.00
2008.08.25 06:44:02.223,0.8675,0.86768,1.60,2.40
2008.08.25 06:44:02.479,0.86756,0.86768,1.40,3.40
2008.08.25 06:44:02.737,0.86757,0.86776,1.10,2.20
2008.08.25 06:44:02.906,0.86761,0.86776,2.00,0.98
2008.08.25 06:44:03.054,0.86766,0.86781,0.45,1.20
2008.08.25 06:44:03.239,0.86762,0.86781,1.20,1.50
2008.08.25 06:44:03.366,0.86765,0.86781,0.96,0.51
2008.08.25 06:44:03.507,0.86766,0.86783,1.30,0.81
2008.08.25 06:44:03.666,0.86767,0.86783,0.33,1.80
2008.08.25 06:44:03.851,0.86762,0.86776,0.84,1.90
2008.08.25 06:44:03.967,0.86757,0.86776,0.72,0.98
2008.08.25 06:44:04.228,0.86759,0.86776,1.70,1.90
2008.08.25 06:44:04.504,0.86765,0.86776,1.00,0.91
2008.08.25 06:44:04.854,0.86771,0.86776,1.30,1.50
2008.08.25 06:44:05.741,0.86769,0.86791,0.64,1.50
2008.08.25 06:44:13.075,0.86767,0.86788,1.30,0.53
2008.08.25 06:44:14.063,0.86766,0.86783,1.50,0.31
2008.08.25 06:44:14.200,0.86764,0.86783,0.58,0.52
2008.08.25 06:44:14.594,0.86763,0.86783,0.92,1.40
2008.08.25 06:44:14.661,0.86765,0.86783,1.30,0.89
2008.08.25 06:44:14.806,0.86767,0.86783,2.90,1.00
2008.08.25 06:44:15.103,0.86766,0.86786,1.10,2.10
2008.08.25 06:44:15.694,0.86764,0.86786,0.69,2.00
2008.08.25 06:44:19.461,0.86763,0.86786,1.40,0.38
2008.08.25 06:44:20.042,0.8676,0.86779,0.60,1.20
2008.08.25 06:44:20.721,0.86765,0.86779,0.77,1.00
2008.08.25 06:44:21.296,0.86767,0.86779,1.50,2.40
2008.08.25 06:44:21.496,0.86769,0.86779,1.30,0.94
2008.08.25 06:44:21.879,0.86767,0.86779,2.20,1.80
2008.08.25 06:44:24.059,0.86765,0.86783,0.46,0.65
2008.08.25 06:44:24.418,0.86762,0.86783,0.77,1.00
2008.08.25 06:44:24.677,0.86765,0.86779,4.70,0.91
2008.08.25 06:44:26.563,0.86767,0.86783,1.30,0.67
2008.08.25 06:44:30.206,0.8677,0.86787,1.20,1.20
2008.08.25 06:44:38.845,0.86767,0.86789,4.40,0.85
2008.08.25 06:44:43.265,0.86763,0.86781,0.73,1.30
2008.08.25 06:44:43.826,0.86757,0.86775,3.40,0.49
2008.08.25 06:44:46.154,0.8676,0.8678,1.00,0.59
2008.08.25 06:44:46.651,0.86762,0.86783,1.80,1.70
2008.08.25 06:44:46.801,0.86767,0.86783,1.30,2.30
2008.08.25 06:44:50.698,0.86758,0.86776,0.80,1.70
2008.08.25 06:44:53.672,0.86762,0.86779,0.53,3.10
2008.08.25 06:44:54.073,0.86767,0.86783,1.90,1.50
2008.08.25 06:44:58.809,0.86772,0.86785,1.50,0.78
2008.08.25 06:45:02.034,0.86767,0.86782,1.70,1.20
2008.08.25 06:45:02.264,0.86763,0.86776,1.30,1.30
2008.08.25 06:45:02.740,0.86762,0.86776,1.70,4.70
2008.08.25 06:45:02.990,0.86757,0.86776,1.40,1.70
2008.08.25 06:45:05.039,0.86762,0.86782,0.69,0.74
2008.08.25 06:45:05.849,0.86767,0.86783,0.94,0.66
2008.08.25 06:45:12.197,0.86772,0.86789,1.50,1.90
2008.08.25 06:45:13.564,0.86767,0.86785,0.72,0.65
2008.08.25 06:45:41.301,0.86762,0.86784,1.60,0.92
2008.08.25 06:45:42.288,0.86765,0.86784,1.80,3.20
2008.08.25 06:45:42.665,0.86767,0.86784,1.70,2.00
2008.08.25 06:45:43.040,0.86763,0.86783,0.85,0.86
2008.08.25 06:45:43.849,0.86762,0.86783,0.59,1.10
2008.08.25 06:45:44.167,0.86767,0.86783,1.50,4.70
2008.08.25 06:45:45.497,0.8677,0.86785,0.82,1.10
2008.08.25 06:45:52.585,0.86772,0.86784,1.70,1.00
2008.08.25 06:45:53.492,0.86775,0.86789,1.00,2.50
2008.08.25 06:45:53.615,0.86777,0.86793,0.98,0.75
2008.08.25 06:45:54.066,0.86782,0.868,1.10,2.20
2008.08.25 06:45:54.524,0.86777,0.868,0.88,1.30
2008.08.25 06:45:55.074,0.86775,0.86797,1.90,1.60
2008.08.25 06:45:55.303,0.86773,0.86796,1.10,3.90
2008.08.25 06:45:55.673,0.86771,0.86796,2.00,0.95
2008.08.25 06:45:55.767,0.86775,0.86797,1.90,0.83
2008.08.25 06:45:56.156,0.86777,0.86797,1.90,1.20
2008.08.25 06:45:56.653,0.86782,0.86797,0.99,0.41
2008.08.25 06:45:57.346,0.86777,0.86801,1.20,2.80
2008.08.25 06:45:59.761,0.86782,0.86802,1.60,2.50
2008.08.25 06:46:00.247,0.86787,0.86801,1.20,2.40
2008.08.25 06:46:02.068,0.8679,0.86803,0.84,1.70
2008.08.25 06:46:02.151,0.86792,0.86803,1.10,1.30
2008.08.25 06:46:02.387,0.86795,0.86803,0.71,3.40
2008.08.25 06:46:02.452,0.86797,0.86812,1.10,1.80
2008.08.25 06:46:02.629,0.868,0.86812,0.54,1.20
2008.08.25 06:46:02.763,0.86805,0.86813,0.75,0.94
2008.08.25 06:46:02.996,0.86807,0.86821,1.70,2.20
2008.08.25 06:46:06.172,0.8681,0.86826,1.60,0.88
2008.08.25 06:46:06.259,0.86813,0.86826,1.40,0.98
2008.08.25 06:46:06.584,0.86815,0.86829,2.00,0.97
2008.08.25 06:46:06.798,0.86817,0.86829,1.40,0.80
2008.08.25 06:46:07.311,0.8681,0.86831,0.96,2.00
2008.08.25 06:46:07.380,0.86808,0.86826,3.90,0.91
2008.08.25 06:46:07.849,0.868,0.86823,0.84,1.80
2008.08.25 06:46:10.002,0.8681,0.86818,2.60,0.75
2008.08.25 06:46:10.401,0.86815,0.86823,2.30,0.83
2008.08.25 06:46:10.641,0.86811,0.86828,0.91,1.80
2008.08.25 06:46:10.963,0.86808,0.86828,1.40,0.78
2008.08.25 06:46:12.122,0.86805,0.86821,0.69,0.39
2008.08.25 06:46:13.140,0.8681,0.86821,0.92,5.00
2008.08.25 06:46:13.603,0.86812,0.86831,0.98,2.70
2008.08.25 06:46:13.976,0.86815,0.86831,0.60,4.30
2008.08.25 06:46:17.196,0.86811,0.86823,0.63,4.30
2008.08.25 06:46:17.482,0.86808,0.86823,1.90,1.30
2008.08.25 06:46:17.713,0.86805,0.86826,2.20,5.10
2008.08.25 06:46:19.360,0.86808,0.86826,0.75,1.30
2008.08.25 06:46:20.033,0.86807,0.8683,1.90,1.20
2008.08.25 06:46:20.567,0.8681,0.86828,1.00,2.60
2008.08.25 06:46:20.998,0.86815,0.86828,0.71,2.40
2008.08.25 06:46:21.166,0.86817,0.86833,1.00,0.96
2008.08.25 06:46:21.673,0.8682,0.86833,0.78,2.90
2008.08.25 06:46:22.408,0.86819,0.86833,3.00,0.94
2008.08.25 06:46:22.886,0.86822,0.86842,1.20,0.66
2008.08.25 06:46:25.159,0.86825,0.86833,2.30,1.30
2008.08.25 06:46:25.692,0.86822,0.86833,2.40,1.40
2008.08.25 06:46:28.696,0.8682,0.86833,1.20,0.87
2008.08.25 06:46:31.228,0.86817,0.86833,1.00,1.90
2008.08.25 06:46:31.727,0.8682,0.86833,1.50,1.60
2008.08.25 06:46:34.116,0.86822,0.86833,1.80,0.80
2008.08.25 06:46:35.927,0.86825,0.86842,1.90,2.60
2008.08.25 06:46:36.219,0.86827,0.86846,1.10,3.40
2008.08.25 06:46:37.128,0.86825,0.86844,1.00,2.30
2008.08.25 06:46:37.608,0.86827,0.86846,1.80,0.57
2008.08.25 06:46:38.158,0.8683,0.86851,0.82,2.80
2008.08.25 06:46:38.522,0.86827,0.8685,2.40,3.60
2008.08.25 06:46:40.206,0.86825,0.86847,1.10,1.50
2008.08.25 06:46:41.028,0.86827,0.86843,1.70,0.70
2008.08.25 06:46:41.790,0.86825,0.86843,0.72,0.77
2008.08.25 06:46:42.090,0.86827,0.86843,1.60,2.10
2008.08.25 06:46:43.082,0.86829,0.86843,2.50,1.30
2008.08.25 06:46:43.277,0.8683,0.86843,1.10,3.30
2008.08.25 06:46:43.630,0.86835,0.86843,1.70,0.86
2008.08.25 06:46:43.938,0.86837,0.86853,3.40,1.90
2008.08.25 06:46:52.070,0.86831,0.86853,2.10,1.10
2008.08.25 06:46:52.512,0.8683,0.86853,0.70,1.30
2008.08.25 06:46:55.354,0.86832,0.8685,1.20,2.10
2008.08.25 06:47:09.472,0.8683,0.8685,3.90,0.79
2008.08.25 06:47:11.908,0.86827,0.86845,2.20,1.30
2008.08.25 06:47:17.139,0.86825,0.8684,1.90,0.84
2008.08.25 06:47:17.606,0.86821,0.86836,0.97,1.70
2008.08.25 06:47:17.918,0.8682,0.86836,0.48,1.20
2008.08.25 06:47:23.355,0.86822,0.8684,0.68,1.10
2008.08.25 06:47:28.425,0.8682,0.86836,1.20,0.96
2008.08.25 06:47:36.097,0.86817,0.86833,1.00,0.81
2008.08.25 06:47:37.100,0.86815,0.86833,0.65,4.60
2008.08.25 06:47:47.711,0.86807,0.8683,0.83,0.96
2008.08.25 06:47:48.179,0.8681,0.8683,2.00,0.70
2008.08.25 06:47:48.587,0.86807,0.8683,1.30,0.71
2008.08.25 06:47:49.411,0.8681,0.8683,1.80,2.80
2008.08.25 06:47:49.923,0.86812,0.8683,1.20,1.40
2008.08.25 06:47:51.599,0.8681,0.8683,1.10,2.30
2008.08.25 06:47:52.379,0.86814,0.86826,2.40,1.80
2008.08.25 06:47:52.864,0.86815,0.86827,1.60,0.80
2008.08.25 06:47:56.888,0.86812,0.86831,1.00,2.70
2008.08.25 06:48:26.062,0.86807,0.86827,2.10,0.87
2008.08.25 06:48:28.513,0.86812,0.86831,1.30,0.55
2008.08.25 06:48:30.337,0.86817,0.86831,0.61,1.40
2008.08.25 06:48:32.987,0.86815,0.86833,1.10,1.40
2008.08.25 06:48:33.340,0.86812,0.86832,0.92,1.30
2008.08.25 06:48:35.440,0.86807,0.86826,0.62,1.50
2008.08.25 06:48:36.101,0.86809,0.86826,1.50,0.78
2008.08.25 06:48:36.256,0.86814,0.86826,1.70,0.53
2008.08.25 06:48:36.504,0.86815,0.86829,1.00,1.90
2008.08.25 06:48:36.600,0.86816,0.86833,0.76,1.70
2008.08.25 06:48:36.857,0.86817,0.86833,3.70,1.60
2008.08.25 06:48:37.286,0.86815,0.86833,3.10,0.89
2008.08.25 06:48:44.388,0.86817,0.86833,1.40,1.00
2008.08.25 06:48:44.928,0.8682,0.86833,0.65,1.60
2008.08.25 06:48:46.263,0.86817,0.86833,1.70,0.27
2008.08.25 06:48:52.246,0.86815,0.86833,2.20,1.50
2008.08.25 06:48:53.658,0.8681,0.86826,0.94,0.49
2008.08.25 06:48:55.173,0.86811,0.86826,2.40,0.99
2008.08.25 06:48:55.369,0.86812,0.86826,2.30,0.98
2008.08.25 06:48:55.485,0.86813,0.86826,2.10,0.75
2008.08.25 06:48:55.635,0.86815,0.86829,1.10,2.10
2008.08.25 06:48:55.869,0.86817,0.86829,2.00,1.70
2008.08.25 06:48:56.363,0.8682,0.86836,1.50,2.00
2008.08.25 06:48:59.183,0.86817,0.86836,1.30,1.80
2008.08.25 06:49:02.219,0.86813,0.86826,2.20,1.40
2008.08.25 06:49:02.484,0.86811,0.86826,0.88,1.30
2008.08.25 06:49:02.966,0.86807,0.86826,1.10,1.10
2008.08.25 06:49:11.124,0.86803,0.86816,1.10,3.10
2008.08.25 06:49:11.721,0.868,0.86816,2.20,1.30
2008.08.25 06:49:12.002,0.86802,0.86822,1.50,1.80
2008.08.25 06:50:05.044,0.86807,0.86824,1.50,1.10
2008.08.25 06:50:05.789,0.8681,0.86826,1.40,1.50
2008.08.25 06:50:10.118,0.86807,0.86826,1.70,1.40
2008.08.25 06:50:10.324,0.86808,0.86828,2.00,1.90
2008.08.25 06:50:10.677,0.86807,0.86831,1.10,1.50
2008.08.25 06:50:10.985,0.8681,0.86829,1.90,1.80
2008.08.25 06:50:14.047,0.86807,0.86831,1.10,2.60
2008.08.25 06:50:14.324,0.8681,0.8683,2.00,1.20
2008.08.25 06:50:14.470,0.86811,0.8683,2.00,1.10
2008.08.25 06:50:14.654,0.8681,0.8683,1.70,0.64
2008.08.25 06:50:14.988,0.86815,0.8683,0.69,1.50
2008.08.25 06:50:15.560,0.86807,0.86823,2.60,0.59
2008.08.25 06:50:17.188,0.8681,0.86831,0.97,1.70
2008.08.25 06:50:19.145,0.86812,0.86831,1.80,1.20
2008.08.25 06:50:19.342,0.86815,0.86833,2.40,2.00
2008.08.25 06:50:19.793,0.86817,0.86836,0.54,3.60
2008.08.25 06:50:20.454,0.86822,0.86836,2.10,1.70
2008.08.25 06:50:20.849,0.86827,0.86839,4.00,0.85
2008.08.25 06:50:32.002,0.86823,0.8684,1.10,0.33
2008.08.25 06:50:32.270,0.86822,0.8684,0.53,2.00
2008.08.25 06:50:32.472,0.86825,0.8684,0.77,1.20
2008.08.25 06:50:32.702,0.86827,0.86846,5.30,2.00
2008.08.25 06:50:32.950,0.86825,0.86841,2.00,1.10
2008.08.25 06:50:33.127,0.86822,0.86841,1.10,2.70
2008.08.25 06:50:47.228,0.8682,0.86838,0.67,1.30
2008.08.25 06:50:50.319,0.86822,0.86843,2.40,1.50
2008.08.25 06:50:50.383,0.86825,0.86843,1.70,0.89
2008.08.25 06:50:50.864,0.86827,0.86845,1.10,3.50
2008.08.25 06:51:08.165,0.86825,0.86835,1.60,1.90
2008.08.25 06:51:08.626,0.86822,0.86835,1.80,1.50
2008.08.25 06:51:08.686,0.8682,0.86835,0.88,1.70
2008.08.25 06:51:10.218,0.86821,0.86835,0.98,1.10
2008.08.25 06:51:10.663,0.86825,0.8684,1.90,1.60
2008.08.25 06:51:10.777,0.86827,0.8684,1.70,0.63
2008.08.25 06:52:07.563,0.86825,0.86843,1.70,2.30
2008.08.25 06:52:53.137,0.8683,0.86848,0.49,2.00
2008.08.25 06:52:53.947,0.86828,0.86848,2.70,0.59
2008.08.25 06:52:54.069,0.86827,0.86845,1.20,2.10
2008.08.25 06:52:54.169,0.86824,0.86843,1.90,2.20
2008.08.25 06:52:54.269,0.86825,0.86843,1.20,1.80
2008.08.25 06:52:54.301,0.86827,0.86843,2.60,1.50
2008.08.25 06:52:54.410,0.86829,0.86851,0.73,0.67
2008.08.25 06:52:54.514,0.86828,0.86848,2.70,0.57
2008.08.25 06:52:54.632,0.86825,0.86845,2.70,2.20
2008.08.25 06:52:54.639,0.86827,0.86843,1.40,1.20
2008.08.25 06:52:54.755,0.86825,0.86843,2.20,0.78
2008.08.25 06:52:54.879,0.86821,0.86843,1.00,2.80
2008.08.25 06:52:54.991,0.8682,0.8684,2.00,1.10
2008.08.25 06:52:56.537,0.86821,0.8684,0.92,2.10
2008.08.25 06:52:59.682,0.8682,0.8684,0.57,2.10
2008.08.25 06:53:09.591,0.86817,0.86835,2.50,1.00
2008.08.25 06:53:21.342,0.86818,0.86836,1.90,0.96
2008.08.25 06:53:21.682,0.8682,0.8684,3.10,1.20
2008.08.25 06:53:30.763,0.86818,0.8684,0.37,1.50
2008.08.25 06:53:31.575,0.8682,0.8684,0.82,3.00
2008.08.25 06:53:33.293,0.86817,0.86835,1.10,4.00
2008.08.25 06:53:48.241,0.86818,0.86835,1.80,1.50
2008.08.25 06:53:48.892,0.86821,0.86836,1.20,1.80
2008.08.25 06:53:49.452,0.8682,0.8684,0.69,0.86
2008.08.25 06:53:52.082,0.86817,0.86835,1.50,1.30
2008.08.25 06:54:07.851,0.86818,0.86836,1.60,0.98
2008.08.25 06:54:08.070,0.8682,0.8684,1.30,1.20
2008.08.25 06:54:08.329,0.86824,0.86843,2.20,0.70
2008.08.25 06:54:08.648,0.86825,0.86843,1.00,2.90
2008.08.25 06:54:08.804,0.86827,0.86843,1.40,0.49
2008.08.25 06:54:09.266,0.86825,0.86843,1.30,2.60
2008.08.25 06:54:09.541,0.86824,0.8684,1.40,1.80
2008.08.25 06:54:09.976,0.86825,0.8684,1.50,0.79
2008.08.25 06:54:10.306,0.86824,0.8684,1.40,0.98
2008.08.25 06:54:10.557,0.86825,0.8684,1.70,1.90
2008.08.25 06:54:11.777,0.86824,0.86843,1.90,1.00
2008.08.25 06:54:13.518,0.86825,0.8684,1.10,0.87
2008.08.25 06:54:14.605,0.86824,0.86843,0.81,0.46
2008.08.25 06:54:15.138,0.86825,0.86843,1.70,1.60
2008.08.25 06:54:16.293,0.86824,0.86843,0.48,1.40
2008.08.25 06:54:16.964,0.86823,0.8684,2.00,2.10
2008.08.25 06:54:17.465,0.86821,0.8684,1.00,1.70
2008.08.25 06:54:21.383,0.86824,0.8684,1.10,0.91
2008.08.25 06:54:21.617,0.86825,0.86845,2.30,2.20
2008.08.25 06:54:32.714,0.86828,0.86843,1.70,1.90
2008.08.25 06:54:33.430,0.8683,0.8685,1.30,0.93
2008.08.25 06:54:36.150,0.86831,0.86848,1.70,0.99
2008.08.25 06:54:36.484,0.8683,0.86848,0.84,1.80
2008.08.25 06:54:36.833,0.86831,0.86848,1.40,2.60
2008.08.25 06:54:41.018,0.86827,0.86843,2.20,0.79
2008.08.25 06:54:45.245,0.86825,0.86843,1.70,1.10
2008.08.25 06:55:09.417,0.8683,0.86845,0.80,2.10
2008.08.25 06:55:09.694,0.86831,0.86848,2.00,2.60
2008.08.25 06:55:10.844,0.86827,0.86843,2.00,1.30
2008.08.25 06:55:18.533,0.86825,0.86843,1.50,1.20
2008.08.25 06:55:21.931,0.86817,0.86835,1.90,1.10
2008.08.25 06:55:23.265,0.8682,0.86833,0.59,1.40
2008.08.25 06:55:23.379,0.86817,0.86833,1.30,1.20
2008.08.25 06:55:23.915,0.86818,0.86836,1.20,2.80
2008.08.25 06:55:24.971,0.86821,0.86843,1.90,1.90
2008.08.25 06:55:29.621,0.86824,0.86845,0.91,2.80
2008.08.25 06:55:34.013,0.86825,0.86845,2.00,1.70
2008.08.25 06:55:56.252,0.86824,0.86843,1.30,0.97
2008.08.25 06:55:56.796,0.86825,0.86843,0.86,2.20
2008.08.25 06:55:59.289,0.86824,0.86843,1.50,0.77
2008.08.25 06:56:01.386,0.86825,0.86843,1.40,0.97
2008.08.25 06:56:07.728,0.86824,0.86843,0.63,2.50
2008.08.25 06:56:10.492,0.86825,0.86843,1.40,1.50
2008.08.25 06:56:26.367,0.86828,0.86843,0.83,1.10
2008.08.25 06:56:26.920,0.86825,0.86843,1.70,1.00
2008.08.25 06:56:27.019,0.86827,0.86843,1.50,0.51
2008.08.25 06:56:27.655,0.86825,0.86843,1.80,0.67
2008.08.25 06:56:27.950,0.86827,0.86843,0.68,1.10
2008.08.25 06:56:28.068,0.86825,0.86843,2.00,0.67
2008.08.25 06:56:34.158,0.86828,0.86843,0.64,2.90
2008.08.25 06:56:34.671,0.86825,0.86843,2.00,1.10
2008.08.25 06:56:44.749,0.86828,0.86843,2.70,0.89
2008.08.25 06:56:46.147,0.86825,0.86843,1.00,0.77
2008.08.25 06:56:54.625,0.86828,0.86843,1.70,0.60
2008.08.25 06:56:56.634,0.86825,0.86843,2.30,0.85
2008.08.25 06:57:04.587,0.86828,0.86843,1.30,1.10
2008.08.25 06:57:06.858,0.86825,0.86843,1.20,0.89
2008.08.25 06:57:07.153,0.86828,0.86843,1.10,0.94
2008.08.25 06:57:07.480,0.86825,0.86846,0.95,4.90
2008.08.25 06:57:07.951,0.86828,0.86846,1.20,1.60
2008.08.25 06:57:17.275,0.8683,0.86846,2.50,1.00
2008.08.25 06:57:22.022,0.86828,0.86843,1.80,2.90
2008.08.25 06:57:22.595,0.86827,0.86843,0.69,1.60
2008.08.25 06:57:23.051,0.86825,0.86845,2.50,0.86
2008.08.25 06:57:23.355,0.8683,0.86845,1.70,2.10
2008.08.25 06:57:23.707,0.86825,0.86845,0.89,0.54
2008.08.25 06:57:23.939,0.86828,0.86845,1.40,0.80
2008.08.25 06:57:29.286,0.8683,0.86848,0.98,1.60
2008.08.25 06:57:31.061,0.86831,0.86848,1.40,1.50
2008.08.25 06:57:31.486,0.8683,0.86848,1.20,3.20
2008.08.25 06:57:31.738,0.86828,0.86848,1.30,1.10
2008.08.25 06:57:31.979,0.8683,0.86845,1.50,1.50
2008.08.25 06:57:32.487,0.86828,0.86848,1.70,1.40
2008.08.25 06:57:33.078,0.8683,0.86845,1.60,1.20
2008.08.25 06:57:33.424,0.86828,0.86845,2.90,1.40
2008.08.25 06:57:33.989,0.86827,0.86848,1.30,3.70
2008.08.25 06:57:38.037,0.86839,0.86845,1.50,0.55
2008.08.25 06:57:38.430,0.86841,0.86845,2.90,1.60
2008.08.25 06:57:38.675,0.86844,0.86853,1.30,2.20
2008.08.25 06:57:38.835,0.86845,0.86863,0.95,1.60
2008.08.25 06:57:40.146,0.86847,0.86866,1.00,0.80
2008.08.25 06:57:40.987,0.86848,0.86866,1.50,0.46
2008.08.25 06:57:41.028,0.86847,0.86866,1.40,1.10
2008.08.25 06:57:51.209,0.86849,0.8687,0.68,1.40
2008.08.25 06:57:51.483,0.86854,0.8687,1.30,1.20
2008.08.25 06:57:51.668,0.86852,0.86873,2.30,1.80
2008.08.25 06:57:51.769,0.86848,0.86873,1.40,1.40
2008.08.25 06:57:52.360,0.86849,0.8687,1.30,1.00
2008.08.25 06:57:54.096,0.8686,0.8687,2.40,0.87
2008.08.25 06:57:54.322,0.86864,0.8687,1.40,2.10
2008.08.25 06:57:54.480,0.86858,0.8688,1.30,3.10
2008.08.25 06:57:54.637,0.86855,0.8688,0.54,2.40
2008.08.25 06:57:54.762,0.86854,0.86873,1.70,2.30
2008.08.25 06:57:54.915,0.86849,0.86873,2.30,1.60
2008.08.25 06:57:55.292,0.8685,0.86873,1.00,2.10
2008.08.25 06:57:55.363,0.86852,0.86873,0.94,1.60
2008.08.25 06:57:55.811,0.8685,0.86871,4.00,0.89
2008.08.25 06:57:59.838,0.86848,0.86868,3.00,1.30
2008.08.25 06:58:03.808,0.86847,0.86866,1.20,0.94
2008.08.25 06:58:20.320,0.86841,0.86863,1.20,1.40
2008.08.25 06:58:20.699,0.86838,0.86863,1.10,1.80
2008.08.25 06:58:21.198,0.86836,0.86853,1.20,1.70
2008.08.25 06:58:21.257,0.86835,0.86853,2.40,0.95
2008.08.25 06:58:21.726,0.86841,0.86853,1.80,1.20
2008.08.25 06:58:21.751,0.86846,0.86862,2.70,3.30
2008.08.25 06:58:23.298,0.86848,0.86863,1.20,1.10
2008.08.25 06:58:23.392,0.86849,0.86867,1.90,2.70
2008.08.25 06:58:23.954,0.86847,0.86865,1.10,1.30
2008.08.25 06:58:28.374,0.86853,0.86865,1.20,1.00
2008.08.25 06:58:28.595,0.86854,0.86867,0.71,1.20
2008.08.25 06:58:36.801,0.86855,0.86873,0.97,2.40
2008.08.25 06:58:43.251,0.86851,0.86871,1.10,1.20
2008.08.25 06:58:43.512,0.86848,0.86868,0.59,2.30
2008.08.25 06:58:43.860,0.86847,0.86865,0.95,0.80
2008.08.25 06:58:48.892,0.86848,0.86866,0.72,1.30
2008.08.25 06:58:50.353,0.86847,0.86863,1.80,1.90
2008.08.25 06:58:56.140,0.86838,0.86855,3.00,0.44
2008.08.25 06:58:57.019,0.86837,0.86853,1.80,1.70
2008.08.25 06:58:57.402,0.86834,0.86858,2.10,0.95
2008.08.25 06:58:57.791,0.86833,0.86858,1.10,1.20
2008.08.25 06:59:00.864,0.86832,0.86855,2.10,1.50
2008.08.25 06:59:01.213,0.86836,0.86855,1.60,0.61
2008.08.25 06:59:01.721,0.86838,0.86858,0.84,0.55
2008.08.25 06:59:02.460,0.86837,0.86858,0.63,1.30
2008.08.25 06:59:05.434,0.86841,0.86858,1.30,0.93
2008.08.25 06:59:05.972,0.86844,0.86862,2.00,2.00
2008.08.25 06:59:14.810,0.86845,0.86863,0.73,2.30
2008.08.25 06:59:34.881,0.86846,0.86863,0.53,1.80
2008.08.25 06:59:35.278,0.86844,0.86863,2.30,0.83
2008.08.25 06:59:36.973,0.86846,0.86863,1.50,1.80
2008.08.25 06:59:40.076,0.86851,0.86866,1.80,0.97
2008.08.25 06:59:40.729,0.86854,0.86871,0.72,1.80
2008.08.25 06:59:48.191,0.86855,0.86871,2.70,2.40
2008.08.25 06:59:53.184,0.86851,0.8687,1.00,0.95
2008.08.25 06:59:53.975,0.86848,0.8687,0.86,1.10
2008.08.25 06:59:54.029,0.86847,0.86866,0.61,1.50
2008.08.25 06:59:54.446,0.86845,0.86866,1.70,1.90
2008.08.25 06:59:54.502,0.86844,0.86861,1.30,1.80
2008.08.25 06:59:54.826,0.86843,0.86861,1.60,2.90
2008.08.25 06:59:55.072,0.86842,0.86861,1.30,0.44
2008.08.25 06:59:55.204,0.8685,0.86861,0.90,0.64
2008.08.25 06:59:55.572,0.86854,0.86868,1.00,1.80
2008.08.25 06:59:55.725,0.86851,0.86865,1.00,1.50
2008.08.25 06:59:55.959,0.86845,0.86864,2.20,1.10
2008.08.25 06:59:56.336,0.86838,0.86858,1.30,0.92
2008.08.25 06:59:56.891,0.86837,0.86855,3.50,2.60
