2014.07.31 14:00:00.333,0.92958,0.92968,1.84,1.57
2014.07.31 14:00:00.536,0.9296,0.92969,1.69,1.02
2014.07.31 14:00:01.142,0.92959,0.92969,1.77,2.89
2014.07.31 14:00:01.649,0.92959,0.92969,1.84,2.82
2014.07.31 14:00:02.154,0.92958,0.92968,1.84,1.69
2014.07.31 14:00:02.676,0.92958,0.92968,1.39,1.29
2014.07.31 14:00:03.232,0.92958,0.92969,4.39,3.72
2014.07.31 14:00:03.337,0.92958,0.92965,2.33,1.00
2014.07.31 14:00:03.489,0.92956,0.92964,1.69,1.00
2014.07.31 14:00:03.742,0.92956,0.92962,1.58,1.00
2014.07.31 14:00:03.895,0.92956,0.92965,1.84,1.25
2014.07.31 14:00:03.947,0.92955,0.92965,2.14,2.52
2014.07.31 14:00:04.149,0.92957,0.92964,1.50,1.00
2014.07.31 14:00:04.452,0.92959,0.92965,1.50,1.00
2014.07.31 14:00:04.655,0.92959,0.92967,2.25,1.25
2014.07.31 14:00:05.362,0.92959,0.92965,1.00,1.00
2014.07.31 14:00:05.448,0.92955,0.92965,1.77,1.20
2014.07.31 14:00:05.953,0.92955,0.92964,1.02,1.25
2014.07.31 14:00:06.256,0.92955,0.92962,1.00,1.19
2014.07.31 14:00:06.408,0.92953,0.92961,1.10,2.07
2014.07.31 14:00:06.914,0.92951,0.92961,1.77,2.89
2014.07.31 14:00:07.418,0.92951,0.92961,1.69,4.47
2014.07.31 14:00:07.778,0.92954,0.92961,1.00,2.97
2014.07.31 14:00:07.930,0.92954,0.92962,1.08,1.58
2014.07.31 14:00:08.385,0.92955,0.92964,1.39,1.69
2014.07.31 14:00:08.891,0.92954,0.92963,1.84,1.25
2014.07.31 14:00:09.043,0.92953,0.92962,1.10,1.95
2014.07.31 14:00:09.296,0.92951,0.92961,3.72,1.19
2014.07.31 14:00:09.806,0.92951,0.92961,2.89,1.77
2014.07.31 14:00:11.477,0.92951,0.92961,1.88,2.59
2014.07.31 14:00:12.603,0.92951,0.92961,2.07,2.59
2014.07.31 14:00:14.045,0.92951,0.92961,2.07,2.59
2014.07.31 14:00:14.561,0.92951,0.9296,2.07,1.02
2014.07.31 14:00:15.946,0.9295,0.9296,3.64,1.77
2014.07.31 14:00:16.458,0.92949,0.92959,4.02,1.39
2014.07.31 14:00:16.997,0.92949,0.92959,1.02,2.14
2014.07.31 14:00:17.503,0.92949,0.92959,1.33,2.07
2014.07.31 14:00:18.008,0.92949,0.92959,1.39,2.14
2014.07.31 14:00:18.514,0.9295,0.92959,1.00,1.39
2014.07.31 14:00:19.037,0.9295,0.92959,1.25,1.39
2014.07.31 14:00:19.592,0.9295,0.92958,1.25,1.00
2014.07.31 14:00:20.147,0.9295,0.92959,1.25,1.39
2014.07.31 14:00:22.626,0.9295,0.9296,1.25,3.72
2014.07.31 14:00:23.142,0.92949,0.9296,1.69,3.72
2014.07.31 14:00:24.590,0.92949,0.92958,1.25,1.33
2014.07.31 14:00:25.095,0.92949,0.92959,1.77,1.39
2014.07.31 14:00:25.903,0.92949,0.9296,1.77,3.72
2014.07.31 14:00:26.783,0.9295,0.9296,1.25,2.22
2014.07.31 14:00:27.095,0.92952,0.9296,1.00,2.22
2014.07.31 14:00:28.387,0.9295,0.9296,1.69,2.22
2014.07.31 14:00:30.045,0.9295,0.9296,1.84,2.07
2014.07.31 14:00:30.574,0.9295,0.9296,1.02,2.14
2014.07.31 14:00:33.799,0.9295,0.92956,1.02,1.00
2014.07.31 14:00:34.540,0.92949,0.92956,1.77,1.00
2014.07.31 14:00:35.133,0.92949,0.92955,1.77,1.00
2014.07.31 14:00:35.673,0.92949,0.92956,1.77,1.00
2014.07.31 14:00:36.238,0.92949,0.92955,1.77,1.00
2014.07.31 14:00:40.888,0.92949,0.92957,1.77,1.13
2014.07.31 14:00:41.922,0.92949,0.92956,1.77,1.00
2014.07.31 14:00:42.444,0.92949,0.92955,1.69,1.00
2014.07.31 14:00:45.891,0.92948,0.92955,1.69,1.00
2014.07.31 14:00:47.328,0.92948,0.92956,1.77,1.13
2014.07.31 14:00:47.898,0.92948,0.92955,1.69,1.00
2014.07.31 14:00:52.254,0.92948,0.92956,1.02,1.13
2014.07.31 14:00:53.612,0.92948,0.92955,1.25,1.00
2014.07.31 14:00:56.428,0.92949,0.92955,1.00,1.00
2014.07.31 14:00:56.950,0.92948,0.92955,1.69,1.00
2014.07.31 14:00:57.491,0.92948,0.92955,1.69,1.00
2014.07.31 14:00:58.646,0.92948,0.92955,1.69,1.00
2014.07.31 14:00:59.160,0.92949,0.92955,1.00,1.00
2014.07.31 14:01:02.802,0.92948,0.92953,1.10,1.00
2014.07.31 14:01:03.679,0.92948,0.92953,1.08,1.00
2014.07.31 14:01:04.184,0.92948,0.92954,1.18,1.00
2014.07.31 14:01:04.689,0.92949,0.92955,1.10,1.00
2014.07.31 14:01:05.143,0.92949,0.92957,1.02,1.13
2014.07.31 14:01:05.706,0.9295,0.92957,1.00,1.00
2014.07.31 14:01:06.325,0.9295,0.92956,1.02,1.00
2014.07.31 14:01:07.123,0.9295,0.92955,1.25,1.00
2014.07.31 14:01:08.336,0.9295,0.92956,1.25,1.00
2014.07.31 14:01:09.012,0.92949,0.92955,2.44,1.00
2014.07.31 14:01:09.626,0.92949,0.92955,1.00,1.00
2014.07.31 14:01:12.487,0.92949,0.92953,1.25,1.00
2014.07.31 14:01:12.946,0.92949,0.92955,1.00,1.00
2014.07.31 14:01:13.480,0.92948,0.92958,1.25,3.72
2014.07.31 14:01:14.192,0.92948,0.92957,1.00,1.39
2014.07.31 14:01:14.445,0.92948,0.92956,1.00,1.38
2014.07.31 14:01:14.961,0.92948,0.92956,1.19,1.13
2014.07.31 14:01:17.767,0.92948,0.92957,1.19,1.20
2014.07.31 14:01:18.272,0.92948,0.92957,2.52,1.00
2014.07.31 14:01:20.536,0.92948,0.92956,1.77,1.00
2014.07.31 14:01:20.587,0.92948,0.92956,1.10,1.25
2014.07.31 14:01:20.638,0.92946,0.9295,1.00,1.00
2014.07.31 14:01:20.739,0.92946,0.9295,1.00,1.50
2014.07.31 14:01:20.790,0.9294,0.9295,1.65,1.69
2014.07.31 14:01:20.840,0.92939,0.92948,1.84,1.00
2014.07.31 14:01:21.346,0.92938,0.92948,1.84,2.25
2014.07.31 14:01:21.703,0.92941,0.92949,1.29,1.50
2014.07.31 14:01:22.207,0.92939,0.92948,2.22,1.00
2014.07.31 14:01:23.196,0.92938,0.92948,2.97,1.50
2014.07.31 14:01:25.376,0.92939,0.92949,1.39,1.77
2014.07.31 14:01:25.899,0.92939,0.92948,2.07,1.10
2014.07.31 14:01:27.450,0.92939,0.92948,2.82,1.10
2014.07.31 14:01:28.451,0.92939,0.92948,2.82,1.10
2014.07.31 14:01:33.886,0.92938,0.92948,3.64,1.02
2014.07.31 14:01:34.406,0.92938,0.92947,3.64,1.00
2014.07.31 14:01:34.953,0.92938,0.92948,3.64,1.10
2014.07.31 14:01:35.459,0.92938,0.92947,2.89,1.00
2014.07.31 14:01:35.964,0.92938,0.92949,2.89,2.97
2014.07.31 14:01:36.472,0.92938,0.92949,1.95,2.97
2014.07.31 14:01:36.999,0.92938,0.92948,2.89,1.02
2014.07.31 14:01:37.512,0.92938,0.92948,2.82,1.33
2014.07.31 14:01:38.018,0.92938,0.92948,2.14,1.02
2014.07.31 14:01:38.321,0.92936,0.92946,3.64,1.10
2014.07.31 14:01:38.624,0.92935,0.92942,1.00,1.00
2014.07.31 14:01:39.122,0.92933,0.92941,1.25,1.00
2014.07.31 14:01:39.375,0.92933,0.92943,1.29,1.84
2014.07.31 14:01:39.577,0.92932,0.92943,1.02,3.34
2014.07.31 14:01:40.387,0.92931,0.92941,1.77,1.20
2014.07.31 14:01:41.297,0.92931,0.92942,1.77,1.28
2014.07.31 14:01:41.550,0.92934,0.92945,1.47,3.64
2014.07.31 14:01:42.055,0.92935,0.92946,1.18,2.89
2014.07.31 14:01:42.661,0.92934,0.92944,1.37,1.13
2014.07.31 14:01:42.813,0.92933,0.92944,2.97,1.95
2014.07.31 14:01:42.864,0.92933,0.92942,2.97,1.00
2014.07.31 14:01:43.370,0.92935,0.92943,1.25,1.50
2014.07.31 14:01:43.522,0.92935,0.92945,1.77,1.95
2014.07.31 14:01:44.027,0.92936,0.92945,1.02,1.00
2014.07.31 14:01:44.078,0.92935,0.92943,1.77,1.00
2014.07.31 14:01:44.332,0.92934,0.92943,1.10,2.63
2014.07.31 14:01:44.848,0.92933,0.92942,1.02,1.00
2014.07.31 14:01:46.196,0.92934,0.92942,1.00,1.00
2014.07.31 14:01:48.059,0.92934,0.92943,1.09,2.25
2014.07.31 14:01:48.160,0.92934,0.92945,2.97,2.70
2014.07.31 14:01:48.514,0.92936,0.92946,1.84,1.13
2014.07.31 14:01:49.019,0.92938,0.92948,2.33,1.39
2014.07.31 14:01:50.815,0.92939,0.92948,1.00,1.55
2014.07.31 14:01:51.320,0.92938,0.92948,2.44,1.55
2014.07.31 14:01:51.825,0.92938,0.92948,2.44,1.55
2014.07.31 14:01:52.684,0.92939,0.92948,1.19,1.55
2014.07.31 14:01:54.800,0.92938,0.92949,3.94,2.22
2014.07.31 14:01:55.204,0.92942,0.92947,1.00,1.10
2014.07.31 14:01:55.507,0.92946,0.92952,3.08,1.00
2014.07.31 14:01:55.558,0.92946,0.92956,3.15,1.38
2014.07.31 14:01:55.913,0.92948,0.92957,1.84,1.25
2014.07.31 14:01:56.419,0.92948,0.92957,2.59,1.13
2014.07.31 14:01:56.470,0.92953,0.92959,1.00,2.33
2014.07.31 14:01:56.571,0.92952,0.92957,1.00,1.13
2014.07.31 14:01:56.877,0.92949,0.92957,1.77,1.00
2014.07.31 14:01:57.393,0.9295,0.92958,1.00,1.25
2014.07.31 14:01:57.903,0.92949,0.92959,2.07,1.47
2014.07.31 14:01:59.473,0.9295,0.92959,1.00,1.47
2014.07.31 14:01:59.994,0.92949,0.92959,1.88,1.47
2014.07.31 14:02:00.511,0.92949,0.92959,2.07,1.47
2014.07.31 14:02:01.226,0.92949,0.92959,1.13,1.47
2014.07.31 14:02:03.233,0.92949,0.92959,1.20,2.14
2014.07.31 14:02:03.745,0.92949,0.92959,1.32,2.22
2014.07.31 14:02:04.259,0.9295,0.92959,1.00,1.47
2014.07.31 14:02:04.765,0.92949,0.92959,1.13,2.22
2014.07.31 14:02:05.269,0.9295,0.92959,1.25,1.47
2014.07.31 14:02:06.329,0.9295,0.92959,1.25,1.39
2014.07.31 14:02:06.834,0.9295,0.92959,1.25,1.39
2014.07.31 14:02:07.404,0.92949,0.92959,2.07,1.47
2014.07.31 14:02:07.917,0.92949,0.92959,2.14,1.39
2014.07.31 14:02:08.432,0.92949,0.92959,2.07,1.47
2014.07.31 14:02:08.947,0.9295,0.92959,1.25,1.39
2014.07.31 14:02:11.194,0.9295,0.9296,1.32,1.47
2014.07.31 14:02:14.049,0.9295,0.9296,1.32,1.47
2014.07.31 14:02:14.604,0.92949,0.9296,2.82,2.22
2014.07.31 14:02:15.119,0.92949,0.9296,2.89,2.97
2014.07.31 14:02:15.652,0.92949,0.9296,2.82,2.97
2014.07.31 14:02:18.881,0.92949,0.9296,1.39,3.72
2014.07.31 14:02:20.853,0.9295,0.9296,1.19,1.47
2014.07.31 14:02:21.257,0.92953,0.9296,1.00,1.28
2014.07.31 14:02:21.510,0.92958,0.92968,1.39,3.64
2014.07.31 14:02:22.015,0.92958,0.92969,3.72,2.14
2014.07.31 14:02:22.565,0.92959,0.92969,1.47,1.19
2014.07.31 14:02:23.073,0.92959,0.92969,1.74,1.25
2014.07.31 14:02:23.900,0.92959,0.92969,1.57,1.33
2014.07.31 14:02:24.407,0.92958,0.92969,5.07,2.22
2014.07.31 14:02:24.913,0.92958,0.92969,3.64,2.97
2014.07.31 14:02:25.450,0.92958,0.92969,3.57,2.97
2014.07.31 14:02:25.955,0.92958,0.92969,2.14,2.97
2014.07.31 14:02:30.301,0.92958,0.92968,1.39,2.14
2014.07.31 14:02:30.657,0.92958,0.92964,1.13,1.00
2014.07.31 14:02:30.708,0.92956,0.92964,1.58,1.08
2014.07.31 14:02:30.910,0.92954,0.9296,1.00,1.00
2014.07.31 14:02:31.062,0.92951,0.9296,1.25,1.39
2014.07.31 14:02:31.575,0.9295,0.9296,1.32,2.22
2014.07.31 14:02:32.076,0.9295,0.9296,1.32,2.97
2014.07.31 14:02:32.613,0.9295,0.9296,1.32,2.97
2014.07.31 14:02:32.916,0.92952,0.92961,2.89,1.25
2014.07.31 14:02:33.421,0.92954,0.92963,1.10,2.07
2014.07.31 14:02:33.572,0.92954,0.92963,1.10,1.13
2014.07.31 14:02:33.875,0.92959,0.92963,1.00,1.00
2014.07.31 14:02:33.976,0.92959,0.92967,1.00,1.55
2014.07.31 14:02:35.867,0.9296,0.92967,1.00,1.39
2014.07.31 14:02:37.177,0.92959,0.92968,1.00,2.22
2014.07.31 14:02:38.709,0.92959,0.92968,1.25,2.22
2014.07.31 14:02:39.683,0.92958,0.92968,1.69,2.22
2014.07.31 14:02:40.785,0.92959,0.92968,1.50,1.47
2014.07.31 14:02:41.291,0.9296,0.9297,1.58,2.89
2014.07.31 14:02:41.796,0.92959,0.9297,2.89,2.97
2014.07.31 14:02:42.297,0.92959,0.9297,2.97,2.89
2014.07.31 14:02:42.872,0.92961,0.9297,1.50,1.39
2014.07.31 14:02:43.379,0.9296,0.9297,1.00,1.47
2014.07.31 14:02:44.643,0.92961,0.92971,1.00,2.22
2014.07.31 14:02:44.846,0.92963,0.92971,2.25,1.09
2014.07.31 14:02:44.998,0.92966,0.92974,1.00,1.25
2014.07.31 14:02:45.503,0.92965,0.92975,1.25,1.84
2014.07.31 14:02:45.907,0.92965,0.92973,1.00,1.33
2014.07.31 14:02:46.210,0.92962,0.92971,1.39,1.00
2014.07.31 14:02:46.261,0.92962,0.92971,1.32,1.08
2014.07.31 14:02:46.766,0.92961,0.92971,1.63,1.34
2014.07.31 14:02:47.272,0.92961,0.9297,1.25,1.47
2014.07.31 14:02:47.776,0.92959,0.9297,2.14,2.97
2014.07.31 14:02:48.332,0.92959,0.92969,1.39,1.29
2014.07.31 14:02:48.952,0.92959,0.92969,1.39,1.39
2014.07.31 14:02:53.467,0.92961,0.9297,1.00,1.72
2014.07.31 14:02:53.770,0.92965,0.92975,1.33,2.44
2014.07.31 14:02:54.175,0.92967,0.92975,1.58,1.00
2014.07.31 14:02:54.225,0.92967,0.92977,1.58,1.00
2014.07.31 14:02:54.730,0.92967,0.92977,1.77,1.77
2014.07.31 14:02:55.285,0.92967,0.92977,2.52,1.77
2014.07.31 14:02:57.132,0.92967,0.92977,2.52,2.14
2014.07.31 14:02:59.499,0.92967,0.92976,2.89,1.00
2014.07.31 14:03:00.507,0.92967,0.92976,2.14,1.00
2014.07.31 14:03:01.011,0.92967,0.92976,2.89,1.00
2014.07.31 14:03:02.384,0.92967,0.92977,2.89,1.39
2014.07.31 14:03:02.889,0.92967,0.92977,2.89,1.10
2014.07.31 14:03:03.394,0.92967,0.92976,2.89,1.00
2014.07.31 14:03:03.927,0.92967,0.92977,2.89,1.02
2014.07.31 14:03:07.336,0.92967,0.92976,2.89,1.00
2014.07.31 14:03:07.851,0.92967,0.92977,2.89,1.02
2014.07.31 14:03:12.208,0.92967,0.92977,2.07,1.33
2014.07.31 14:03:13.288,0.92967,0.92977,2.14,1.02
2014.07.31 14:03:14.116,0.92967,0.92976,2.14,1.00
2014.07.31 14:03:14.873,0.92967,0.92975,1.00,1.25
2014.07.31 14:03:14.975,0.92964,0.92972,1.58,1.00
2014.07.31 14:03:15.328,0.92961,0.9297,2.59,1.00
2014.07.31 14:03:15.616,0.92961,0.9297,1.02,1.25
2014.07.31 14:03:15.667,0.92962,0.9297,1.19,1.00
2014.07.31 14:03:15.921,0.92961,0.92972,1.84,1.77
2014.07.31 14:03:16.023,0.92961,0.92971,1.69,1.18
2014.07.31 14:03:16.548,0.92961,0.92971,1.77,1.00
2014.07.31 14:03:17.054,0.92961,0.92972,2.59,1.02
2014.07.31 14:03:17.581,0.92961,0.92972,2.89,1.47
2014.07.31 14:03:17.885,0.9296,0.92968,2.89,1.00
2014.07.31 14:03:17.986,0.92959,0.92968,3.64,1.00
2014.07.31 14:03:20.430,0.92959,0.92968,2.07,1.18
2014.07.31 14:03:20.935,0.92959,0.92968,2.07,1.10
2014.07.31 14:03:21.737,0.92959,0.92968,1.32,1.18
2014.07.31 14:03:22.275,0.92959,0.92968,1.32,1.10
2014.07.31 14:03:22.796,0.92959,0.92968,1.32,1.09
2014.07.31 14:03:23.345,0.92959,0.92967,1.32,1.10
2014.07.31 14:03:24.153,0.92958,0.92968,3.64,1.10
2014.07.31 14:03:24.658,0.92958,0.92968,3.64,1.02
2014.07.31 14:03:25.166,0.92958,0.92967,3.64,1.00
2014.07.31 14:03:27.218,0.92958,0.92969,2.89,5.22
2014.07.31 14:03:27.722,0.92958,0.92969,2.82,5.22
2014.07.31 14:03:28.271,0.92958,0.92969,2.89,5.22
2014.07.31 14:03:28.878,0.92958,0.92969,2.82,5.22
2014.07.31 14:03:29.382,0.92958,0.92968,1.32,2.47
2014.07.31 14:03:29.887,0.92958,0.92968,1.32,2.47
2014.07.31 14:03:33.347,0.92958,0.92967,1.25,2.02
2014.07.31 14:03:33.499,0.92956,0.92966,1.77,4.40
2014.07.31 14:03:33.702,0.92955,0.92964,1.10,4.32
2014.07.31 14:03:34.005,0.92952,0.92963,1.19,2.53
2014.07.31 14:03:34.539,0.92952,0.92962,1.25,1.34
2014.07.31 14:03:38.625,0.92952,0.92961,1.38,1.84
2014.07.31 14:03:39.131,0.92952,0.92962,2.14,1.77
2014.07.31 14:03:39.636,0.92951,0.9296,1.67,1.50
2014.07.31 14:03:39.787,0.9295,0.92959,2.14,2.52
2014.07.31 14:03:40.717,0.92949,0.92959,2.07,2.59
2014.07.31 14:03:41.231,0.92949,0.92959,1.67,3.34
2014.07.31 14:03:41.336,0.92949,0.92959,1.38,5.59
2014.07.31 14:03:51.054,0.92949,0.92958,1.13,1.37
2014.07.31 14:03:51.668,0.92949,0.92958,1.88,1.37
2014.07.31 14:03:52.256,0.92949,0.92959,1.39,1.39
2014.07.31 14:03:53.353,0.92949,0.92959,1.38,1.84
2014.07.31 14:03:53.878,0.92949,0.92959,1.13,2.97
2014.07.31 14:03:55.052,0.92949,0.92958,1.13,2.59
2014.07.31 14:03:55.579,0.92949,0.92958,1.13,2.59
2014.07.31 14:03:57.374,0.92949,0.92958,1.88,1.29
2014.07.31 14:03:57.886,0.92949,0.92959,2.07,1.37
2014.07.31 14:03:58.897,0.92949,0.92959,1.32,2.22
2014.07.31 14:03:59.402,0.92949,0.92959,1.20,2.89
2014.07.31 14:03:59.503,0.92949,0.92959,1.20,2.14
2014.07.31 14:03:59.755,0.92949,0.92959,1.32,2.89
2014.07.31 14:04:00.264,0.92949,0.92959,1.32,2.97
2014.07.31 14:04:01.218,0.92947,0.92954,2.40,1.00
2014.07.31 14:04:01.472,0.92942,0.92952,1.58,1.39
2014.07.31 14:04:01.978,0.92943,0.92952,1.69,1.02
2014.07.31 14:04:02.432,0.92945,0.92954,1.58,1.19
2014.07.31 14:04:02.937,0.92945,0.92954,1.65,1.19
2014.07.31 14:04:03.038,0.92945,0.92955,1.65,1.25
2014.07.31 14:04:03.587,0.92945,0.92955,1.84,1.69
2014.07.31 14:04:03.840,0.92947,0.92956,1.65,1.69
2014.07.31 14:04:04.345,0.92948,0.92957,2.78,1.19
2014.07.31 14:04:05.152,0.92949,0.92958,1.10,2.07
2014.07.31 14:04:08.169,0.92949,0.92958,1.39,1.25
2014.07.31 14:04:09.480,0.92949,0.92958,1.39,1.00
2014.07.31 14:04:09.996,0.92949,0.92959,2.14,2.14
2014.07.31 14:04:11.341,0.92949,0.92958,2.14,1.00
2014.07.31 14:04:13.114,0.92949,0.92959,2.89,2.14
2014.07.31 14:04:16.130,0.92949,0.92959,2.07,2.14
2014.07.31 14:04:16.645,0.92949,0.92959,2.14,2.14
2014.07.31 14:04:17.159,0.92949,0.92959,2.07,2.22
2014.07.31 14:04:18.882,0.92949,0.92959,2.89,1.39
2014.07.31 14:04:19.386,0.92949,0.92959,2.07,1.47
2014.07.31 14:04:19.888,0.92949,0.92959,2.14,2.14
2014.07.31 14:04:22.110,0.92949,0.92958,2.14,1.00
2014.07.31 14:04:22.626,0.92949,0.92958,2.07,1.02
2014.07.31 14:04:25.157,0.92949,0.92959,1.32,2.97
2014.07.31 14:04:26.133,0.92949,0.92958,1.32,1.08
2014.07.31 14:04:26.646,0.92949,0.92958,1.32,1.09
2014.07.31 14:04:27.258,0.92949,0.92958,1.32,1.02
2014.07.31 14:04:27.881,0.92949,0.92959,2.07,2.97
2014.07.31 14:04:28.397,0.92949,0.92959,2.82,1.47
2014.07.31 14:04:28.906,0.92949,0.92959,2.82,1.47
2014.07.31 14:04:29.422,0.92949,0.92959,2.82,1.47
2014.07.31 14:04:31.524,0.92949,0.92959,2.82,2.22
2014.07.31 14:04:32.395,0.92949,0.92959,2.07,1.47
2014.07.31 14:04:32.902,0.92953,0.92962,1.00,2.03
2014.07.31 14:04:32.953,0.92953,0.92962,1.00,1.58
2014.07.31 14:04:33.105,0.92955,0.92964,1.69,1.10
2014.07.31 14:04:34.705,0.92955,0.92963,1.13,1.02
2014.07.31 14:04:34.756,0.92952,0.92963,2.97,1.39
2014.07.31 14:04:34.807,0.92952,0.92963,3.64,1.39
2014.07.31 14:04:35.312,0.92953,0.92962,1.63,1.09
2014.07.31 14:04:35.834,0.92953,0.92962,2.14,1.25
2014.07.31 14:04:36.288,0.92954,0.92964,2.22,1.25
2014.07.31 14:04:36.793,0.92954,0.92964,1.57,1.84
2014.07.31 14:04:37.197,0.92953,0.92963,1.69,1.08
2014.07.31 14:04:37.247,0.92953,0.92963,1.32,1.47
2014.07.31 14:04:37.753,0.92953,0.92964,2.14,2.97
2014.07.31 14:04:38.208,0.92955,0.92964,1.39,1.02
2014.07.31 14:04:39.117,0.92954,0.92964,2.89,1.10
2014.07.31 14:04:40.128,0.92954,0.92964,2.89,1.02
2014.07.31 14:04:40.635,0.92953,0.92964,1.84,4.39
2014.07.31 14:04:42.204,0.92954,0.92964,2.07,1.37
2014.07.31 14:04:42.709,0.92956,0.92964,1.25,1.10
2014.07.31 14:04:44.250,0.92954,0.92965,2.44,4.09
2014.07.31 14:04:44.452,0.92952,0.92963,3.34,1.32
2014.07.31 14:04:44.502,0.92952,0.92963,3.27,1.39
2014.07.31 14:04:45.049,0.92952,0.92963,2.44,2.97
2014.07.31 14:04:45.562,0.92951,0.92962,2.44,1.40
2014.07.31 14:04:46.066,0.92951,0.92962,2.52,1.09
2014.07.31 14:04:46.370,0.92949,0.9296,4.39,2.22
2014.07.31 14:04:46.875,0.92949,0.92959,2.07,1.84
2014.07.31 14:04:47.414,0.92949,0.92959,2.14,1.77
2014.07.31 14:04:48.789,0.92949,0.92959,2.07,1.33
2014.07.31 14:04:53.793,0.92952,0.9296,1.00,2.03
2014.07.31 14:04:54.097,0.92958,0.92965,2.07,1.00
2014.07.31 14:04:54.148,0.92958,0.92968,2.07,1.09
2014.07.31 14:04:54.654,0.92958,0.92968,2.52,1.02
2014.07.31 14:04:55.286,0.92958,0.92969,2.44,1.47
2014.07.31 14:04:55.801,0.92958,0.92969,3.57,1.72
2014.07.31 14:04:56.306,0.92958,0.92969,3.57,1.72
2014.07.31 14:04:56.934,0.92958,0.92968,2.82,1.47
2014.07.31 14:04:57.702,0.92958,0.92967,2.07,1.10
2014.07.31 14:04:58.217,0.92958,0.92967,2.07,1.08
2014.07.31 14:04:58.779,0.92958,0.92967,1.32,1.10
2014.07.31 14:04:59.323,0.92958,0.92967,1.32,1.18
2014.07.31 14:05:00.043,0.92958,0.92962,1.00,1.00
2014.07.31 14:05:00.195,0.92953,0.92959,1.00,1.00
2014.07.31 14:05:00.296,0.92955,0.92959,1.00,1.10
2014.07.31 14:05:00.498,0.92954,0.92965,1.65,2.33
2014.07.31 14:05:00.549,0.92955,0.92965,1.19,2.59
2014.07.31 14:05:00.953,0.92956,0.92965,2.59,1.00
2014.07.31 14:05:01.410,0.92958,0.92967,1.25,2.52
2014.07.31 14:05:02.974,0.92958,0.92967,1.39,1.00
2014.07.31 14:05:07.009,0.92957,0.92968,2.89,2.89
2014.07.31 14:05:07.973,0.9296,0.92968,1.00,1.77
2014.07.31 14:05:08.682,0.92959,0.92968,1.69,1.02
2014.07.31 14:05:09.289,0.92959,0.92968,1.69,1.10
2014.07.31 14:05:09.804,0.92959,0.92968,1.19,1.18
2014.07.31 14:05:10.321,0.92958,0.92968,2.52,1.10
2014.07.31 14:05:10.827,0.92958,0.92968,2.52,1.02
2014.07.31 14:05:11.135,0.92959,0.92967,1.25,1.08
2014.07.31 14:05:11.640,0.92959,0.92967,1.25,1.00
2014.07.31 14:05:12.148,0.92958,0.92968,2.89,1.39
2014.07.31 14:05:13.353,0.92958,0.92967,2.89,1.00
2014.07.31 14:05:13.902,0.92958,0.92968,2.14,1.39
2014.07.31 14:05:15.111,0.92958,0.92967,2.14,1.00
2014.07.31 14:05:17.217,0.92958,0.92967,1.47,1.00
2014.07.31 14:05:17.761,0.92958,0.92967,1.47,1.00
2014.07.31 14:05:18.561,0.92958,0.92968,2.22,2.07
2014.07.31 14:05:20.438,0.92958,0.92967,1.47,1.00
2014.07.31 14:05:24.901,0.92958,0.92966,1.47,1.00
2014.07.31 14:05:25.432,0.92958,0.92967,1.47,1.00
2014.07.31 14:05:29.040,0.92958,0.92967,2.22,1.00
2014.07.31 14:05:29.545,0.92958,0.92967,2.22,1.00
2014.07.31 14:05:30.796,0.92958,0.92967,2.22,1.00
2014.07.31 14:05:31.513,0.92958,0.92969,2.22,2.89
2014.07.31 14:05:32.027,0.92959,0.92969,1.47,1.32
2014.07.31 14:05:32.546,0.92959,0.9297,2.14,4.47
2014.07.31 14:05:33.051,0.92959,0.9297,2.22,4.39
2014.07.31 14:05:33.571,0.92959,0.9297,2.07,4.47
2014.07.31 14:05:34.150,0.92959,0.9297,2.89,4.47
2014.07.31 14:05:40.656,0.9296,0.92968,1.32,1.00
2014.07.31 14:05:45.413,0.92959,0.92969,2.14,1.02
2014.07.31 14:05:46.614,0.92961,0.9297,1.00,2.22
2014.07.31 14:05:46.716,0.92965,0.9297,1.00,1.00
2014.07.31 14:05:46.766,0.92965,0.92972,1.39,1.10
2014.07.31 14:05:46.817,0.92965,0.92974,1.47,1.69
2014.07.31 14:05:47.322,0.92966,0.92975,1.18,1.32
2014.07.31 14:05:47.867,0.92966,0.92974,1.02,1.00
2014.07.31 14:05:48.372,0.92966,0.92974,1.09,1.00
2014.07.31 14:05:48.877,0.92966,0.92975,1.02,1.32
2014.07.31 14:05:49.382,0.92966,0.92974,1.02,1.00
2014.07.31 14:05:49.938,0.92966,0.92974,1.33,1.00
2014.07.31 14:05:50.444,0.92966,0.92975,1.77,1.32
2014.07.31 14:05:51.785,0.92966,0.92975,2.14,1.00
2014.07.31 14:05:52.329,0.92966,0.92975,2.14,1.25
2014.07.31 14:05:54.426,0.92966,0.92975,1.95,1.19
2014.07.31 14:05:55.285,0.92965,0.92974,1.25,2.97
2014.07.31 14:05:55.790,0.92963,0.92973,1.47,1.69
2014.07.31 14:05:56.299,0.92963,0.92973,1.10,1.10
2014.07.31 14:05:56.400,0.92964,0.92973,1.47,1.25
2014.07.31 14:05:56.905,0.92964,0.92974,1.02,2.89
2014.07.31 14:05:57.460,0.92965,0.92974,1.00,1.77
2014.07.31 14:05:58.823,0.92963,0.92974,2.22,3.27
2014.07.31 14:05:59.342,0.92966,0.92974,1.00,1.25
2014.07.31 14:06:00.303,0.92964,0.92974,2.22,1.25
2014.07.31 14:06:00.614,0.92963,0.92973,1.39,1.29
2014.07.31 14:06:01.322,0.92964,0.92974,1.77,1.77
2014.07.31 14:06:01.827,0.92965,0.92974,1.58,1.69
2014.07.31 14:06:02.332,0.92965,0.92974,1.18,1.69
2014.07.31 14:06:02.852,0.92965,0.92974,1.10,1.19
2014.07.31 14:06:03.156,0.92966,0.92974,1.28,1.19
2014.07.31 14:06:03.703,0.92966,0.92974,1.20,1.25
2014.07.31 14:06:07.445,0.92967,0.92975,1.00,1.69
2014.07.31 14:06:08.516,0.92966,0.92975,1.95,1.69
2014.07.31 14:06:09.020,0.92964,0.92974,2.22,1.19
2014.07.31 14:06:09.575,0.92963,0.92974,2.97,2.44
2014.07.31 14:06:09.676,0.92963,0.92974,2.14,2.59
2014.07.31 14:06:10.181,0.92963,0.92973,2.22,1.19
2014.07.31 14:06:15.892,0.92964,0.92974,1.48,1.10
2014.07.31 14:06:15.994,0.92967,0.92974,1.00,1.25
2014.07.31 14:06:16.499,0.92966,0.92975,1.50,2.14
2014.07.31 14:06:26.362,0.92965,0.92975,2.14,2.22
2014.07.31 14:06:26.867,0.92965,0.92975,2.14,2.14
2014.07.31 14:06:40.381,0.92966,0.92974,1.25,1.00
2014.07.31 14:06:45.857,0.92967,0.92974,1.50,1.00
2014.07.31 14:06:54.095,0.92966,0.92974,2.44,1.00
2014.07.31 14:06:55.104,0.92966,0.92975,2.44,1.39
2014.07.31 14:06:56.295,0.92966,0.92974,1.32,1.00
2014.07.31 14:06:56.600,0.92963,0.92972,1.25,1.39
2014.07.31 14:06:56.752,0.92963,0.92974,2.22,3.64
2014.07.31 14:06:56.903,0.92963,0.92971,2.14,1.00
2014.07.31 14:06:57.409,0.92966,0.9297,1.25,1.00
2014.07.31 14:06:57.460,0.92966,0.92975,1.25,2.22
2014.07.31 14:06:57.966,0.92967,0.92976,1.00,2.22
2014.07.31 14:06:59.026,0.92966,0.92976,2.07,2.22
2014.07.31 14:06:59.543,0.92967,0.92975,1.00,1.02
2014.07.31 14:07:01.564,0.92966,0.92975,1.69,1.39
2014.07.31 14:07:02.174,0.92966,0.92975,1.69,1.39
2014.07.31 14:07:02.678,0.92966,0.92975,1.25,1.39
2014.07.31 14:07:03.891,0.92966,0.92975,1.69,1.20
2014.07.31 14:07:05.009,0.92966,0.92975,1.77,1.32
2014.07.31 14:07:05.574,0.92966,0.92976,1.77,1.57
2014.07.31 14:07:06.333,0.92966,0.92977,2.52,2.78
2014.07.31 14:07:06.434,0.92969,0.92977,1.50,1.39
2014.07.31 14:07:06.686,0.92969,0.92978,2.89,1.69
2014.07.31 14:07:10.838,0.92969,0.92978,2.82,1.10
2014.07.31 14:07:17.999,0.92969,0.92979,4.47,1.77
2014.07.31 14:07:35.863,0.92969,0.92979,3.64,1.77
2014.07.31 14:07:36.167,0.92967,0.92977,1.47,3.57
2014.07.31 14:07:36.217,0.92967,0.92977,1.25,3.72
2014.07.31 14:07:44.589,0.92968,0.92977,1.10,1.69
2014.07.31 14:07:44.741,0.92969,0.92978,1.39,2.44
2014.07.31 14:07:45.251,0.92969,0.92978,1.63,1.02
2014.07.31 14:07:50.813,0.92968,0.92978,1.77,1.48
2014.07.31 14:07:50.864,0.92968,0.92978,1.10,1.13
2014.07.31 14:07:51.471,0.92967,0.92978,2.52,2.97
2014.07.31 14:07:52.005,0.92967,0.92978,2.59,2.52
2014.07.31 14:07:52.512,0.92967,0.92978,1.84,3.27
2014.07.31 14:07:53.394,0.92967,0.92978,2.14,3.64
2014.07.31 14:07:57.132,0.92967,0.92977,1.84,1.19
2014.07.31 14:07:57.663,0.92968,0.92977,1.29,1.00
2014.07.31 14:08:00.958,0.92967,0.92976,2.97,1.00
2014.07.31 14:08:01.210,0.92967,0.92976,1.25,1.77
2014.07.31 14:08:01.716,0.92966,0.92975,1.69,1.10
2014.07.31 14:08:02.244,0.92966,0.92975,1.02,1.25
2014.07.31 14:08:02.951,0.92966,0.92975,1.84,1.25
2014.07.31 14:08:03.456,0.92967,0.92976,1.02,1.32
2014.07.31 14:08:11.046,0.92966,0.92976,1.32,2.22
2014.07.31 14:08:11.328,0.92966,0.92972,1.28,1.00
2014.07.31 14:08:11.430,0.92963,0.92971,1.15,1.25
2014.07.31 14:08:11.481,0.92961,0.92971,1.69,1.47
2014.07.31 14:08:11.987,0.92959,0.9297,3.64,2.97
2014.07.31 14:08:12.661,0.92959,0.9297,2.22,4.39
2014.07.31 14:08:13.329,0.92959,0.9297,1.84,4.39
2014.07.31 14:08:13.581,0.9296,0.9297,2.14,2.14
2014.07.31 14:08:13.884,0.92959,0.9297,3.27,3.72
2014.07.31 14:08:14.440,0.9296,0.9297,1.29,3.64
2014.07.31 14:08:14.946,0.92959,0.9297,1.77,2.78
2014.07.31 14:08:15.450,0.92959,0.92969,2.14,2.89
2014.07.31 14:08:16.092,0.92959,0.92969,1.84,1.63
2014.07.31 14:08:16.597,0.92961,0.9297,1.25,2.89
2014.07.31 14:08:16.648,0.92961,0.9297,2.44,1.95
2014.07.31 14:08:16.900,0.92964,0.92972,1.84,1.00
2014.07.31 14:08:17.153,0.92965,0.92975,1.39,2.89
2014.07.31 14:08:18.175,0.92965,0.92975,2.14,2.14
2014.07.31 14:08:18.944,0.92966,0.92975,1.25,1.47
2014.07.31 14:08:19.449,0.92966,0.92975,1.69,1.39
2014.07.31 14:08:21.578,0.92966,0.92975,1.69,1.47
2014.07.31 14:08:22.102,0.92966,0.92975,1.69,1.39
2014.07.31 14:08:24.322,0.92965,0.92975,1.32,3.72
2014.07.31 14:08:26.635,0.92964,0.92975,3.64,4.47
2014.07.31 14:08:27.200,0.92966,0.92975,1.00,1.47
2014.07.31 14:08:29.315,0.92965,0.92976,2.14,5.97
2014.07.31 14:08:29.828,0.92965,0.92976,2.82,3.72
2014.07.31 14:08:30.349,0.92966,0.92976,1.02,2.97
2014.07.31 14:08:32.185,0.92966,0.92976,1.84,2.82
2014.07.31 14:08:32.697,0.92966,0.92976,1.77,2.89
2014.07.31 14:08:34.810,0.92966,0.92976,1.84,2.82
2014.07.31 14:08:35.329,0.92966,0.92976,2.14,1.32
2014.07.31 14:08:38.706,0.92966,0.92977,2.22,5.07
2014.07.31 14:08:39.225,0.92966,0.92977,2.22,5.14
2014.07.31 14:08:41.849,0.92966,0.92977,2.97,3.57
2014.07.31 14:08:42.203,0.92968,0.92978,1.67,2.52
2014.07.31 14:08:42.708,0.92969,0.92979,1.67,1.77
2014.07.31 14:08:43.213,0.92969,0.92979,1.57,1.84
2014.07.31 14:08:43.947,0.92969,0.92979,2.14,1.09
2014.07.31 14:08:44.200,0.92972,0.9298,1.38,1.65
2014.07.31 14:08:44.302,0.92974,0.92981,1.32,1.00
2014.07.31 14:08:44.403,0.92974,0.92983,1.39,1.00
2014.07.31 14:08:44.606,0.92977,0.92983,1.25,1.00
2014.07.31 14:08:44.757,0.9298,0.92989,1.00,1.28
2014.07.31 14:08:44.909,0.9298,0.92989,1.19,1.20
2014.07.31 14:08:45.162,0.92983,0.9299,1.00,1.95
2014.07.31 14:08:45.516,0.92985,0.92992,1.19,1.18
2014.07.31 14:08:45.618,0.92987,0.92996,1.25,1.09
2014.07.31 14:08:46.072,0.92989,0.92997,1.00,1.29
2014.07.31 14:08:46.174,0.92989,0.92998,1.13,1.58
2014.07.31 14:08:46.688,0.92989,0.92999,2.07,2.22
2014.07.31 14:08:47.354,0.92988,0.92999,2.82,2.97
2014.07.31 14:08:47.860,0.92987,0.92998,3.64,1.47
2014.07.31 14:08:48.476,0.92987,0.92997,2.44,1.47
2014.07.31 14:08:48.781,0.92987,0.92996,1.00,2.22
2014.07.31 14:08:48.983,0.92984,0.92993,1.69,1.47
2014.07.31 14:08:49.488,0.92984,0.92993,1.25,2.22
2014.07.31 14:08:50.240,0.92983,0.92993,1.19,1.47
2014.07.31 14:08:50.749,0.92983,0.92993,1.29,2.14
2014.07.31 14:08:51.352,0.92982,0.92993,3.34,2.14
2014.07.31 14:08:53.434,0.92982,0.9299,2.97,1.00
2014.07.31 14:08:54.563,0.92981,0.9299,2.14,1.00
2014.07.31 14:08:55.865,0.92982,0.92992,1.25,1.84
2014.07.31 14:08:56.375,0.92982,0.9299,1.25,1.00
2014.07.31 14:08:58.182,0.92981,0.9299,1.32,1.02
2014.07.31 14:09:00.330,0.92981,0.9299,1.25,1.39
2014.07.31 14:09:02.017,0.9298,0.9299,3.19,1.55
2014.07.31 14:09:02.626,0.9298,0.9299,3.94,1.47
2014.07.31 14:09:07.660,0.9298,0.9299,1.25,1.74
2014.07.31 14:09:08.307,0.92983,0.92991,1.50,1.72
2014.07.31 14:09:08.459,0.92986,0.92993,1.00,1.25
2014.07.31 14:09:09.368,0.92985,0.92994,1.25,1.47
2014.07.31 14:09:09.520,0.92985,0.92993,1.00,1.34
2014.07.31 14:09:09.621,0.92983,0.92993,1.25,1.34
2014.07.31 14:09:10.730,0.92983,0.92993,1.25,2.97
2014.07.31 14:09:13.156,0.92986,0.92993,1.50,2.14
2014.07.31 14:09:13.410,0.92987,0.92994,1.50,1.10
2014.07.31 14:09:13.915,0.92987,0.92996,1.50,2.14
2014.07.31 14:09:14.420,0.92987,0.92996,1.69,2.22
2014.07.31 14:09:15.285,0.92987,0.92996,1.50,2.14
2014.07.31 14:09:17.333,0.92987,0.92996,1.69,1.39
2014.07.31 14:09:17.878,0.92987,0.92996,1.69,1.47
2014.07.31 14:09:18.399,0.92987,0.92996,1.69,1.39
2014.07.31 14:09:18.913,0.92987,0.92996,1.69,1.47
2014.07.31 14:09:19.418,0.92987,0.92997,2.44,3.72
2014.07.31 14:09:23.161,0.92987,0.92996,1.00,2.22
2014.07.31 14:09:23.465,0.92985,0.92993,1.50,1.40
2014.07.31 14:09:23.769,0.92985,0.92994,1.50,2.14
2014.07.31 14:09:25.684,0.92987,0.92994,1.50,1.39
2014.07.31 14:09:25.887,0.92987,0.92996,1.69,1.39
2014.07.31 14:09:26.845,0.92987,0.92996,1.50,2.14
2014.07.31 14:09:27.893,0.92987,0.92996,1.69,1.39
2014.07.31 14:09:45.308,0.92987,0.92998,2.82,3.34
2014.07.31 14:09:45.359,0.92991,0.92998,1.50,2.59
2014.07.31 14:09:45.461,0.92989,0.92998,2.82,1.10
2014.07.31 14:09:45.714,0.92992,0.93,1.50,3.72
2014.07.31 14:09:46.926,0.92988,0.92999,3.64,1.09
2014.07.31 14:09:47.482,0.92989,0.92999,3.57,1.33
2014.07.31 14:09:47.684,0.92989,0.92999,3.65,1.09
2014.07.31 14:09:48.200,0.92989,0.92999,2.82,2.22
2014.07.31 14:09:48.863,0.92989,0.92999,2.25,2.22
2014.07.31 14:09:49.896,0.92989,0.92999,2.07,2.22
2014.07.31 14:09:50.613,0.92989,0.92999,1.69,2.22
2014.07.31 14:09:51.130,0.92987,0.92998,3.64,1.47
2014.07.31 14:09:51.700,0.92987,0.92998,2.89,2.22
2014.07.31 14:09:53.074,0.92987,0.92998,2.89,2.22
2014.07.31 14:09:57.511,0.92987,0.92998,2.82,2.22
2014.07.31 14:09:58.024,0.92987,0.92998,2.89,2.22
2014.07.31 14:09:58.787,0.92987,0.92998,2.82,2.22
2014.07.31 14:09:59.314,0.92987,0.92998,2.89,2.22
2014.07.31 14:10:00.237,0.92987,0.92998,2.82,2.22
2014.07.31 14:10:00.439,0.92985,0.92995,1.88,1.33
2014.07.31 14:10:00.541,0.92984,0.92994,1.02,2.89
2014.07.31 14:10:00.591,0.92983,0.92993,1.69,1.47
2014.07.31 14:10:01.099,0.92982,0.92992,1.19,1.84
2014.07.31 14:10:01.553,0.92982,0.92992,2.52,1.09
2014.07.31 14:10:01.806,0.9298,0.9299,2.89,1.10
2014.07.31 14:10:02.311,0.92982,0.92992,3.19,1.47
2014.07.31 14:10:03.009,0.92982,0.92992,3.50,1.47
2014.07.31 14:10:03.513,0.92982,0.92992,3.50,1.47
2014.07.31 14:10:04.049,0.92982,0.92992,2.75,1.47
2014.07.31 14:10:04.599,0.92982,0.92992,2.75,1.47
2014.07.31 14:10:05.624,0.92982,0.92992,1.25,2.22
2014.07.31 14:10:06.142,0.92982,0.92991,2.38,1.10
2014.07.31 14:10:06.344,0.92984,0.92995,5.15,2.22
2014.07.31 14:10:07.037,0.92985,0.92995,3.14,1.29
2014.07.31 14:10:07.895,0.92986,0.92996,1.25,2.22
2014.07.31 14:10:08.431,0.92986,0.92996,1.69,2.97
2014.07.31 14:10:09.666,0.92989,0.92996,1.00,1.39
2014.07.31 14:10:11.079,0.9299,0.92997,1.00,1.47
2014.07.31 14:10:11.594,0.9299,0.92997,1.00,1.39
2014.07.31 14:10:13.963,0.92991,0.92997,1.00,1.20
2014.07.31 14:10:18.661,0.9299,0.92998,1.00,1.47
2014.07.31 14:10:19.179,0.92989,0.92998,1.69,1.47
2014.07.31 14:10:20.249,0.92987,0.92998,2.07,3.72
2014.07.31 14:10:20.765,0.92987,0.92997,1.19,1.78
2014.07.31 14:10:21.278,0.92987,0.92997,1.25,2.22
2014.07.31 14:10:22.253,0.92987,0.92997,1.25,2.22
2014.07.31 14:10:22.763,0.92987,0.92997,1.25,2.22
2014.07.31 14:10:23.269,0.92987,0.92997,1.25,2.22
2014.07.31 14:10:23.782,0.92987,0.92997,1.25,2.22
2014.07.31 14:10:28.313,0.92987,0.92997,1.25,2.22
2014.07.31 14:10:28.826,0.92987,0.92997,1.25,2.22
2014.07.31 14:10:29.355,0.92987,0.92997,1.25,2.22
2014.07.31 14:10:30.383,0.92987,0.92997,1.25,2.22
2014.07.31 14:10:30.686,0.92989,0.92998,1.00,1.72
2014.07.31 14:10:31.197,0.92989,0.92998,2.25,1.47
2014.07.31 14:10:31.752,0.92989,0.92998,2.44,1.39
2014.07.31 14:10:33.000,0.92989,0.92998,2.44,1.39
2014.07.31 14:10:33.505,0.92989,0.92998,2.44,1.39
2014.07.31 14:10:35.640,0.92989,0.92998,1.69,1.39
2014.07.31 14:10:36.157,0.9299,0.92998,1.00,1.39
2014.07.31 14:10:36.925,0.9299,0.92998,1.00,1.39
2014.07.31 14:10:37.588,0.92991,0.92999,1.00,1.47
2014.07.31 14:10:38.093,0.92992,0.93,1.00,3.72
2014.07.31 14:10:38.632,0.92993,0.93,1.00,2.97
2014.07.31 14:10:38.837,0.92991,0.93,1.00,3.72
2014.07.31 14:10:39.344,0.9299,0.93,1.32,3.72
2014.07.31 14:10:40.954,0.92989,0.93,2.14,2.97
2014.07.31 14:10:41.459,0.92991,0.93,1.00,2.97
2014.07.31 14:10:41.813,0.92991,0.93001,1.47,1.32
2014.07.31 14:10:41.966,0.92994,0.93002,1.02,1.00
2014.07.31 14:10:42.471,0.92994,0.93003,1.84,1.25
2014.07.31 14:10:42.875,0.92999,0.93004,1.00,1.00
2014.07.31 14:10:43.078,0.92999,0.93008,1.00,2.89
2014.07.31 14:10:43.583,0.92998,0.93008,1.00,2.97
2014.07.31 14:10:45.178,0.92997,0.93007,1.77,2.14
2014.07.31 14:10:48.166,0.93001,0.93007,1.00,1.39
2014.07.31 14:10:48.679,0.93002,0.93009,1.00,3.72
2014.07.31 14:10:49.202,0.93002,0.93009,1.00,3.72
2014.07.31 14:10:50.488,0.93001,0.93009,1.00,1.47
2014.07.31 14:10:52.336,0.93002,0.93009,1.00,1.47
2014.07.31 14:10:55.624,0.93002,0.9301,1.00,2.97
2014.07.31 14:10:58.376,0.93002,0.9301,1.00,2.97
2014.07.31 14:10:58.898,0.93002,0.9301,1.00,2.97
2014.07.31 14:10:59.880,0.93002,0.9301,1.00,2.97
2014.07.31 14:11:00.435,0.93002,0.9301,1.00,2.97
2014.07.31 14:11:01.781,0.93002,0.9301,1.00,2.22
2014.07.31 14:11:02.295,0.93002,0.9301,1.00,2.22
2014.07.31 14:11:03.676,0.93003,0.9301,1.00,2.22
2014.07.31 14:11:04.199,0.93003,0.9301,1.00,2.22
2014.07.31 14:11:04.973,0.93002,0.9301,1.00,2.22
2014.07.31 14:11:05.477,0.93003,0.9301,1.00,2.22
2014.07.31 14:11:05.995,0.93002,0.9301,1.00,2.22
2014.07.31 14:11:06.501,0.93003,0.9301,1.00,2.22
2014.07.31 14:11:07.010,0.93004,0.9301,1.00,2.22
2014.07.31 14:11:07.836,0.93,0.9301,1.32,2.22
2014.07.31 14:11:08.088,0.93002,0.9301,1.00,1.47
2014.07.31 14:11:08.593,0.93002,0.9301,1.00,2.22
2014.07.31 14:11:09.098,0.93001,0.9301,1.00,2.22
2014.07.31 14:11:09.603,0.93,0.9301,1.69,2.22
2014.07.31 14:11:10.161,0.92999,0.9301,2.44,3.28
2014.07.31 14:11:10.666,0.93,0.93009,1.25,1.78
2014.07.31 14:11:11.210,0.92999,0.93009,1.69,1.72
2014.07.31 14:11:11.733,0.92999,0.93009,1.69,1.74
2014.07.31 14:11:12.237,0.92999,0.93009,1.69,2.22
2014.07.31 14:11:12.702,0.92999,0.93005,1.25,1.00
2014.07.31 14:11:13.882,0.92999,0.93007,1.25,1.00
2014.07.31 14:11:15.641,0.92999,0.93008,1.25,2.14
2014.07.31 14:11:16.873,0.92999,0.93008,1.25,2.14
2014.07.31 14:11:17.389,0.92999,0.93008,1.25,2.14
2014.07.31 14:11:18.666,0.92999,0.93008,1.00,2.14
2014.07.31 14:11:21.364,0.92999,0.93008,1.02,1.32
2014.07.31 14:11:22.391,0.92999,0.93009,2.07,1.47
2014.07.31 14:11:23.839,0.93,0.9301,1.25,3.34
2014.07.31 14:11:24.344,0.93,0.9301,1.25,3.34
2014.07.31 14:11:24.975,0.93,0.93009,1.25,1.09
2014.07.31 14:11:25.490,0.93001,0.93009,1.00,1.02
2014.07.31 14:11:25.999,0.93001,0.93009,1.00,1.09
2014.07.31 14:11:26.252,0.93001,0.9301,2.14,1.69
2014.07.31 14:11:26.757,0.93001,0.9301,1.25,1.39
2014.07.31 14:11:30.849,0.93002,0.93011,1.00,3.72
2014.07.31 14:11:31.354,0.93003,0.93009,1.00,1.13
2014.07.31 14:11:31.404,0.92998,0.93005,3.90,1.00
2014.07.31 14:11:31.889,0.92997,0.93002,1.10,1.00
2014.07.31 14:11:31.991,0.92994,0.93004,1.65,1.02
2014.07.31 14:11:32.143,0.92997,0.93005,1.00,1.65
2014.07.31 14:11:32.658,0.92997,0.93007,2.33,2.14
2014.07.31 14:11:33.185,0.92997,0.93007,2.52,1.32
2014.07.31 14:11:34.171,0.92997,0.93007,2.22,1.32
2014.07.31 14:11:39.868,0.93,0.93007,1.00,1.32
2014.07.31 14:11:40.386,0.93001,0.93008,1.00,1.39
2014.07.31 14:11:41.415,0.93001,0.93008,1.00,1.28
2014.07.31 14:11:41.928,0.93001,0.93008,1.00,1.13
2014.07.31 14:11:44.043,0.93002,0.93009,1.00,2.22
2014.07.31 14:11:44.558,0.93002,0.93009,1.00,2.14
2014.07.31 14:11:44.860,0.93004,0.93011,1.18,1.38
2014.07.31 14:11:44.911,0.93007,0.93013,1.00,1.00
2014.07.31 14:11:45.012,0.93007,0.93016,2.14,1.33
2014.07.31 14:11:45.117,0.93012,0.93018,1.00,3.72
2014.07.31 14:11:45.625,0.93011,0.93019,1.00,2.97
2014.07.31 14:11:46.351,0.93007,0.93014,1.58,1.00
2014.07.31 14:11:46.453,0.93005,0.93014,3.45,1.19
2014.07.31 14:11:46.860,0.93007,0.93016,1.00,2.14
2014.07.31 14:11:46.910,0.93007,0.93016,1.25,1.39
2014.07.31 14:11:47.534,0.93007,0.93017,1.69,2.97
2014.07.31 14:11:48.074,0.93007,0.93017,1.69,2.97
2014.07.31 14:11:48.428,0.93011,0.93018,1.00,2.22
2014.07.31 14:11:48.933,0.93011,0.93019,1.00,2.22
2014.07.31 14:11:51.621,0.93011,0.93019,1.00,2.14
2014.07.31 14:11:52.191,0.9301,0.93019,1.25,2.14
2014.07.31 14:11:52.707,0.9301,0.93019,1.00,2.14
2014.07.31 14:11:52.859,0.93008,0.93019,2.97,2.89
2014.07.31 14:11:53.364,0.93007,0.93018,2.14,3.72
2014.07.31 14:11:53.869,0.93007,0.93017,1.47,1.32
2014.07.31 14:11:54.374,0.93007,0.93017,1.25,2.22
2014.07.31 14:11:56.374,0.9301,0.93018,1.00,3.72
2014.07.31 14:11:56.889,0.9301,0.93018,1.00,2.22
2014.07.31 14:11:57.193,0.93004,0.93013,1.58,1.38
2014.07.31 14:11:57.748,0.93004,0.93013,1.00,2.52
2014.07.31 14:11:58.106,0.93002,0.93012,1.25,1.84
2014.07.31 14:12:00.760,0.93002,0.93011,1.00,1.67
2014.07.31 14:12:01.115,0.93,0.9301,2.14,2.14
2014.07.31 14:12:02.868,0.93001,0.9301,1.00,2.97
2014.07.31 14:12:03.835,0.93005,0.9301,1.00,1.84
2014.07.31 14:12:03.937,0.93007,0.93012,1.00,1.00
2014.07.31 14:12:03.988,0.93007,0.93014,1.00,1.25
2014.07.31 14:12:04.241,0.93004,0.93014,1.25,2.97
2014.07.31 14:12:04.755,0.93003,0.93012,1.25,1.09
2014.07.31 14:12:05.007,0.93003,0.93013,1.29,2.89
2014.07.31 14:12:05.108,0.93003,0.9301,1.19,1.00
2014.07.31 14:12:05.614,0.93001,0.93009,4.69,1.00
2014.07.31 14:12:05.715,0.93001,0.93008,1.69,1.00
2014.07.31 14:12:06.248,0.93,0.93007,1.25,1.00
2014.07.31 14:12:06.955,0.92999,0.93009,2.14,1.39
2014.07.31 14:12:09.896,0.92999,0.93009,2.07,2.22
2014.07.31 14:12:11.756,0.93003,0.93009,1.00,1.47
2014.07.31 14:12:12.327,0.93002,0.93009,1.00,1.47
2014.07.31 14:12:14.835,0.93003,0.93009,1.00,1.47
2014.07.31 14:12:15.399,0.93003,0.93009,1.00,1.32
2014.07.31 14:12:16.574,0.93003,0.93009,1.88,1.00
2014.07.31 14:12:16.625,0.93004,0.93011,1.63,1.58
2014.07.31 14:12:16.726,0.93004,0.93013,2.14,1.25
2014.07.31 14:12:16.979,0.93006,0.93015,1.00,1.18
2014.07.31 14:12:17.030,0.93006,0.93015,1.25,1.02
2014.07.31 14:12:17.434,0.93008,0.93016,1.25,1.00
2014.07.31 14:12:18.090,0.93007,0.93018,3.64,2.22
2014.07.31 14:12:20.037,0.93007,0.93018,2.70,2.22
2014.07.31 14:12:20.379,0.93005,0.93014,1.00,2.14
2014.07.31 14:12:20.885,0.93005,0.93012,1.00,1.00
2014.07.31 14:12:21.390,0.93006,0.93012,1.00,1.00
2014.07.31 14:12:21.895,0.93006,0.93013,1.00,1.00
2014.07.31 14:12:22.826,0.93006,0.93014,1.00,1.39
2014.07.31 14:12:23.871,0.93005,0.93014,1.25,1.39
2014.07.31 14:12:24.524,0.93005,0.93013,1.25,1.00
2014.07.31 14:12:24.828,0.93004,0.93012,1.00,3.27
2014.07.31 14:12:25.080,0.93001,0.93011,2.44,3.64
2014.07.31 14:12:26.671,0.93002,0.9301,1.00,2.22
2014.07.31 14:12:28.355,0.93003,0.9301,1.00,2.22
2014.07.31 14:12:28.864,0.93004,0.93011,1.00,1.47
2014.07.31 14:12:29.370,0.93003,0.93011,1.00,2.22
2014.07.31 14:12:29.939,0.93003,0.93011,1.00,2.22
2014.07.31 14:12:31.536,0.93002,0.93011,1.00,2.22
2014.07.31 14:12:32.047,0.93002,0.9301,1.00,1.47
2014.07.31 14:12:32.564,0.93003,0.9301,1.00,2.22
2014.07.31 14:12:33.650,0.93002,0.9301,1.00,2.22
2014.07.31 14:12:34.110,0.93,0.93009,1.32,1.09
2014.07.31 14:12:34.627,0.92999,0.93008,1.69,1.47
2014.07.31 14:12:35.297,0.92999,0.93008,1.02,2.07
2014.07.31 14:12:35.398,0.93001,0.93008,1.00,2.44
2014.07.31 14:12:36.066,0.93,0.93009,1.20,1.19
2014.07.31 14:12:37.349,0.93,0.93009,1.39,1.25
2014.07.31 14:12:37.859,0.93001,0.93009,1.00,1.02
2014.07.31 14:12:39.566,0.93,0.93009,1.32,1.02
2014.07.31 14:12:40.071,0.93001,0.93009,1.00,1.02
2014.07.31 14:12:42.767,0.93001,0.93009,1.00,1.69
2014.07.31 14:12:43.826,0.93001,0.93005,1.00,1.00
2014.07.31 14:12:43.978,0.92997,0.93006,1.15,1.32
2014.07.31 14:12:44.079,0.92994,0.93003,1.50,1.67
2014.07.31 14:12:44.332,0.92993,0.93,1.18,1.00
2014.07.31 14:12:44.635,0.92992,0.93,1.77,1.00
2014.07.31 14:12:44.837,0.92992,0.93001,2.89,1.25
2014.07.31 14:12:45.090,0.92995,0.93004,1.00,2.89
2014.07.31 14:12:45.948,0.92995,0.93005,1.00,3.72
2014.07.31 14:12:46.972,0.92995,0.93005,1.25,2.97
2014.07.31 14:12:48.053,0.92994,0.93004,1.39,2.14
2014.07.31 14:12:48.561,0.92994,0.93004,1.20,1.95
2014.07.31 14:12:49.149,0.92993,0.93003,3.72,1.00
2014.07.31 14:12:49.654,0.92994,0.93004,1.20,2.14
2014.07.31 14:12:51.917,0.92994,0.93004,1.39,1.13
2014.07.31 14:12:55.339,0.92994,0.93004,2.07,1.39
2014.07.31 14:12:55.846,0.92994,0.93004,2.14,1.39
2014.07.31 14:12:56.367,0.92994,0.93004,1.39,1.39
2014.07.31 14:12:59.300,0.92993,0.93001,2.97,1.00
2014.07.31 14:12:59.452,0.92992,0.93,1.10,1.32
2014.07.31 14:12:59.856,0.92991,0.92998,1.25,1.00
2014.07.31 14:13:00.361,0.92992,0.92998,1.00,1.00
2014.07.31 14:13:01.378,0.92992,0.92998,1.00,1.00
2014.07.31 14:13:01.529,0.92992,0.93001,1.88,1.00
2014.07.31 14:13:02.051,0.92994,0.93002,2.70,1.25
2014.07.31 14:13:02.580,0.92994,0.93002,2.95,1.25
2014.07.31 14:13:02.732,0.92995,0.93005,2.39,1.39
2014.07.31 14:13:03.237,0.92996,0.93005,2.13,1.02
2014.07.31 14:13:05.806,0.92996,0.93004,1.39,1.50
2014.07.31 14:13:05.907,0.92995,0.93001,1.00,1.10
2014.07.31 14:13:06.210,0.92994,0.93,1.00,1.18
2014.07.31 14:13:06.362,0.92992,0.92998,1.00,1.00
2014.07.31 14:13:08.846,0.92991,0.92998,1.00,1.00
2014.07.31 14:13:09.366,0.92992,0.92998,1.00,1.00
2014.07.31 14:13:09.847,0.92989,0.92998,1.19,1.28
2014.07.31 14:13:09.898,0.92988,0.92996,1.00,1.69
2014.07.31 14:13:12.353,0.92988,0.92996,1.00,1.77
2014.07.31 14:13:12.759,0.92986,0.92997,2.97,4.39
2014.07.31 14:13:15.397,0.92988,0.92997,1.00,2.97
2014.07.31 14:13:15.911,0.92987,0.92997,1.39,2.89
2014.07.31 14:13:23.650,0.92987,0.92997,1.20,3.53
2014.07.31 14:13:24.198,0.92987,0.92997,1.32,3.72
2014.07.31 14:13:30.826,0.92988,0.92997,1.00,1.39
2014.07.31 14:13:31.543,0.92987,0.92997,2.89,1.39
2014.07.31 14:13:32.099,0.92987,0.92997,2.82,1.47
2014.07.31 14:13:33.188,0.92988,0.92997,1.25,1.39
2014.07.31 14:13:33.703,0.92988,0.92997,1.25,1.47
2014.07.31 14:13:34.320,0.92987,0.92997,1.39,2.14
2014.07.31 14:13:35.329,0.92988,0.92997,1.00,2.22
2014.07.31 14:13:35.886,0.92987,0.92997,1.32,2.22
2014.07.31 14:13:39.410,0.92988,0.92997,1.00,2.14
2014.07.31 14:13:43.898,0.92987,0.92997,1.39,2.14
2014.07.31 14:13:44.411,0.92987,0.92997,1.39,2.07
2014.07.31 14:13:46.973,0.92988,0.92997,1.25,2.14
2014.07.31 14:13:47.933,0.92988,0.92997,1.10,1.32
2014.07.31 14:13:48.185,0.92991,0.92998,1.00,1.02
2014.07.31 14:13:48.488,0.92993,0.92998,1.00,1.25
2014.07.31 14:13:48.994,0.92994,0.93,1.00,1.47
2014.07.31 14:13:49.111,0.92992,0.93,1.00,1.78
2014.07.31 14:13:49.618,0.92988,0.92998,1.77,1.20
2014.07.31 14:13:49.669,0.92988,0.92998,1.02,1.47
2014.07.31 14:13:50.190,0.92987,0.92997,1.32,2.22
2014.07.31 14:13:50.915,0.92987,0.92994,1.32,1.50
2014.07.31 14:13:51.218,0.92984,0.9299,1.00,2.22
2014.07.31 14:13:51.743,0.92983,0.92989,1.00,2.25
2014.07.31 14:13:52.410,0.92984,0.9299,1.00,1.58
2014.07.31 14:13:52.511,0.92983,0.92992,1.28,1.69
2014.07.31 14:13:52.562,0.92983,0.92989,1.18,1.50
2014.07.31 14:13:52.814,0.92985,0.92992,1.00,1.50
2014.07.31 14:13:52.916,0.92987,0.92993,1.00,1.00
2014.07.31 14:13:53.453,0.92986,0.92994,1.00,2.52
2014.07.31 14:13:53.967,0.92986,0.92994,1.00,2.52
2014.07.31 14:13:54.356,0.92984,0.92994,1.77,2.52
2014.07.31 14:13:54.881,0.92985,0.92992,1.00,1.00
2014.07.31 14:13:57.421,0.92986,0.92994,1.00,3.64
2014.07.31 14:13:57.945,0.92986,0.92992,1.00,1.00
2014.07.31 14:13:58.860,0.92986,0.92993,1.00,1.25
2014.07.31 14:13:59.618,0.92986,0.92994,1.00,2.70
2014.07.31 14:14:00.913,0.92986,0.92994,1.00,1.39
2014.07.31 14:14:03.146,0.92986,0.92994,1.00,1.39
2014.07.31 14:14:06.776,0.92986,0.92994,1.00,1.39
2014.07.31 14:14:07.645,0.92986,0.92994,1.00,1.39
2014.07.31 14:14:08.164,0.92986,0.92994,1.00,1.39
2014.07.31 14:14:10.521,0.92986,0.92994,1.00,2.22
2014.07.31 14:14:11.026,0.92985,0.92994,1.00,2.14
2014.07.31 14:14:11.612,0.92986,0.92994,1.00,2.14
2014.07.31 14:14:12.127,0.92985,0.92994,1.00,2.22
2014.07.31 14:14:14.380,0.92986,0.92994,1.00,2.14
2014.07.31 14:14:14.910,0.92988,0.92994,1.00,1.33
2014.07.31 14:14:15.415,0.92988,0.92996,1.00,2.97
2014.07.31 14:14:15.920,0.92988,0.92996,1.00,2.22
2014.07.31 14:14:16.445,0.92987,0.92996,1.25,2.97
2014.07.31 14:14:17.144,0.92988,0.92996,1.00,2.97
2014.07.31 14:14:17.651,0.92987,0.92996,1.00,2.97
2014.07.31 14:14:21.102,0.92988,0.92996,1.00,2.97
2014.07.31 14:14:21.615,0.92987,0.92996,1.13,1.77
2014.07.31 14:14:22.120,0.92986,0.92996,1.39,2.14
2014.07.31 14:14:22.651,0.92987,0.92996,1.00,2.14
2014.07.31 14:14:25.591,0.92985,0.92995,3.64,1.02
2014.07.31 14:14:27.440,0.92985,0.92996,4.32,2.22
2014.07.31 14:14:27.951,0.92985,0.92996,4.40,1.47
2014.07.31 14:14:29.075,0.92985,0.92996,4.47,1.32
2014.07.31 14:14:29.437,0.92989,0.92997,2.13,1.25
2014.07.31 14:14:29.891,0.92989,0.92999,2.39,1.77
2014.07.31 14:14:30.667,0.92993,0.92999,1.00,1.77
2014.07.31 14:14:31.431,0.92994,0.92999,1.00,1.00
2014.07.31 14:14:31.735,0.93,0.93006,1.00,1.00
2014.07.31 14:14:31.837,0.93002,0.93008,1.00,1.32
2014.07.31 14:14:32.394,0.93003,0.93009,1.00,2.22
2014.07.31 14:14:32.899,0.93003,0.93009,1.00,2.22
2014.07.31 14:14:33.474,0.93003,0.93009,1.00,1.39
2014.07.31 14:14:38.883,0.93002,0.93009,1.00,1.39
2014.07.31 14:14:41.624,0.93001,0.93009,1.00,1.39
2014.07.31 14:14:43.643,0.93002,0.93009,1.00,1.39
2014.07.31 14:14:45.839,0.93003,0.93009,1.00,1.39
2014.07.31 14:14:46.818,0.93002,0.93009,1.00,2.14
2014.07.31 14:14:47.339,0.93003,0.93009,1.00,2.14
2014.07.31 14:14:51.744,0.93002,0.9301,1.00,2.22
2014.07.31 14:14:53.091,0.93002,0.9301,1.00,2.22
2014.07.31 14:14:54.383,0.93002,0.9301,1.00,2.22
2014.07.31 14:14:54.930,0.93002,0.9301,1.00,2.22
2014.07.31 14:14:55.440,0.93002,0.9301,1.00,2.22
2014.07.31 14:14:56.684,0.93002,0.9301,1.00,2.22
2014.07.31 14:14:57.215,0.93002,0.9301,1.00,2.22
2014.07.31 14:14:57.519,0.93009,0.93015,1.00,1.18
2014.07.31 14:14:57.620,0.93007,0.93016,1.10,1.50
2014.07.31 14:14:57.671,0.93007,0.93016,1.00,2.22
2014.07.31 14:14:57.722,0.93005,0.93013,1.02,1.13
2014.07.31 14:14:57.772,0.93005,0.93013,1.10,1.38
2014.07.31 14:14:58.277,0.93006,0.93012,1.00,1.09
2014.07.31 14:14:58.807,0.93005,0.93012,1.00,1.09
2014.07.31 14:14:59.312,0.93004,0.93012,1.00,2.59
2014.07.31 14:14:59.832,0.93004,0.93011,1.00,1.15
2014.07.31 14:15:00.962,0.93004,0.93011,1.00,1.40
2014.07.31 14:15:01.316,0.93001,0.93011,1.19,1.78
2014.07.31 14:15:01.670,0.93,0.9301,2.82,1.47
2014.07.31 14:15:02.179,0.93,0.9301,2.07,1.47
2014.07.31 14:15:03.692,0.93,0.9301,1.25,2.97
2014.07.31 14:15:04.206,0.93,0.9301,1.25,2.97
2014.07.31 14:15:07.014,0.93,0.9301,1.00,2.97
2014.07.31 14:15:10.775,0.92999,0.9301,2.89,2.97
2014.07.31 14:15:12.582,0.93,0.9301,1.00,2.97
2014.07.31 14:15:20.102,0.93002,0.9301,1.00,2.89
2014.07.31 14:15:20.628,0.93002,0.9301,1.00,2.89
2014.07.31 14:15:22.877,0.93003,0.9301,1.00,1.47
2014.07.31 14:15:23.650,0.93003,0.9301,1.00,1.39
2014.07.31 14:15:24.715,0.93003,0.9301,1.00,1.39
2014.07.31 14:15:25.335,0.93003,0.9301,1.00,1.47
2014.07.31 14:15:25.877,0.93003,0.9301,1.00,1.47
2014.07.31 14:15:27.373,0.93001,0.9301,1.25,1.47
2014.07.31 14:15:28.369,0.93002,0.9301,1.00,1.47
2014.07.31 14:15:32.681,0.93002,0.9301,1.88,1.09
2014.07.31 14:15:32.832,0.93003,0.93012,1.39,1.25
2014.07.31 14:15:32.883,0.93006,0.93012,1.00,1.25
2014.07.31 14:15:33.135,0.93007,0.93016,1.00,2.22
2014.07.31 14:15:33.337,0.93006,0.93014,1.00,1.84
2014.07.31 14:15:33.842,0.93005,0.93014,1.25,1.02
2014.07.31 14:15:34.378,0.93005,0.93014,1.00,1.29
2014.07.31 14:15:34.896,0.93006,0.93015,1.50,1.39
2014.07.31 14:15:35.926,0.93006,0.93017,2.82,2.97
2014.07.31 14:15:36.027,0.93006,0.93017,2.89,2.97
2014.07.31 14:15:36.536,0.93007,0.93017,1.25,2.97
2014.07.31 14:15:37.046,0.93007,0.93017,1.25,2.97
2014.07.31 14:15:38.026,0.93007,0.93017,1.25,2.97
2014.07.31 14:15:38.380,0.93011,0.93017,1.00,2.14
2014.07.31 14:15:38.633,0.93011,0.93018,1.00,2.22
2014.07.31 14:15:39.181,0.93012,0.93018,1.00,1.25
2014.07.31 14:15:40.141,0.93011,0.93018,1.00,1.00
2014.07.31 14:15:42.565,0.9301,0.93018,1.25,1.00
2014.07.31 14:15:43.752,0.93011,0.93018,1.00,1.25
2014.07.31 14:15:47.593,0.9301,0.93018,1.00,1.25
2014.07.31 14:15:48.950,0.93011,0.93018,1.00,1.32
2014.07.31 14:15:51.903,0.93014,0.93019,1.00,1.95
2014.07.31 14:15:52.427,0.93015,0.93021,1.00,1.34
2014.07.31 14:15:52.979,0.93014,0.93023,1.00,1.15
2014.07.31 14:15:53.081,0.93014,0.93023,1.10,1.00
2014.07.31 14:15:53.132,0.93013,0.93021,1.18,1.32
2014.07.31 14:15:53.234,0.93011,0.93021,1.39,2.14
2014.07.31 14:15:53.587,0.9301,0.93021,2.59,2.89
2014.07.31 14:15:54.092,0.93011,0.93022,2.44,2.97
2014.07.31 14:15:56.870,0.93013,0.93021,1.00,1.72
2014.07.31 14:15:57.388,0.93013,0.93022,1.00,3.72
2014.07.31 14:15:58.199,0.93014,0.93022,1.00,3.72
2014.07.31 14:15:58.719,0.93015,0.93022,1.00,2.97
2014.07.31 14:16:00.677,0.93017,0.93022,1.00,1.00
2014.07.31 14:16:00.829,0.93018,0.93024,3.19,1.10
2014.07.31 14:16:00.930,0.9302,0.93024,1.00,1.00
2014.07.31 14:16:01.031,0.9302,0.93026,1.00,1.00
2014.07.31 14:16:01.486,0.93017,0.93026,2.59,1.13
2014.07.31 14:16:01.587,0.93014,0.93023,1.72,1.00
2014.07.31 14:16:01.638,0.93014,0.93023,1.29,1.13
2014.07.31 14:16:01.740,0.93014,0.93022,1.10,1.08
2014.07.31 14:16:02.245,0.93013,0.93022,1.00,1.34
2014.07.31 14:16:02.749,0.93014,0.93022,1.00,1.34
2014.07.31 14:16:04.437,0.93013,0.93022,1.00,1.84
2014.07.31 14:16:05.823,0.93015,0.93022,1.00,1.15
2014.07.31 14:16:05.975,0.93017,0.93024,1.00,1.58
2014.07.31 14:16:06.026,0.93017,0.93024,1.00,1.77
2014.07.31 14:16:06.076,0.93015,0.93024,1.00,2.59
2014.07.31 14:16:06.228,0.93013,0.93024,1.00,3.64
2014.07.31 14:16:06.430,0.93011,0.93022,1.77,4.47
2014.07.31 14:16:06.977,0.9301,0.93022,4.32,4.47
2014.07.31 14:16:07.487,0.9301,0.93022,3.64,4.47
2014.07.31 14:16:08.302,0.9301,0.93021,3.64,2.97
2014.07.31 14:16:08.611,0.93012,0.93021,1.00,2.97
2014.07.31 14:16:09.171,0.93014,0.93021,1.00,1.47
2014.07.31 14:16:09.695,0.93015,0.93022,1.00,2.59
2014.07.31 14:16:10.603,0.93016,0.93021,1.00,1.70
2014.07.31 14:16:11.171,0.93018,0.93023,1.00,1.00
2014.07.31 14:16:11.221,0.93019,0.93024,1.00,1.00
2014.07.31 14:16:11.272,0.93015,0.93022,1.19,1.00
2014.07.31 14:16:11.374,0.93015,0.93023,1.00,2.22
2014.07.31 14:16:11.576,0.93013,0.93022,1.00,1.74
2014.07.31 14:16:11.727,0.93013,0.93021,1.00,1.47
2014.07.31 14:16:12.132,0.93015,0.93021,1.00,1.09
2014.07.31 14:16:12.675,0.93014,0.93021,1.00,1.40
2014.07.31 14:16:13.445,0.93014,0.93021,1.00,1.40
2014.07.31 14:16:14.366,0.93013,0.93021,1.00,1.09
2014.07.31 14:16:18.194,0.93014,0.93021,1.00,1.37
2014.07.31 14:16:19.469,0.93014,0.93021,1.00,1.02
2014.07.31 14:16:20.186,0.93014,0.93021,1.00,1.29
2014.07.31 14:16:23.595,0.93014,0.93021,1.00,1.02
2014.07.31 14:16:24.319,0.93015,0.93021,1.00,1.25
2014.07.31 14:16:24.890,0.93016,0.93022,1.20,1.50
2014.07.31 14:16:24.991,0.93016,0.93024,2.14,1.00
2014.07.31 14:16:25.092,0.93016,0.93026,3.64,1.32
2014.07.31 14:16:25.143,0.93021,0.93026,1.00,1.32
2014.07.31 14:16:25.295,0.93021,0.93028,1.00,1.39
2014.07.31 14:16:25.799,0.93022,0.93028,1.00,1.47
2014.07.31 14:16:27.325,0.93021,0.93028,1.00,1.47
2014.07.31 14:16:27.880,0.93022,0.93028,1.00,1.47
2014.07.31 14:16:28.770,0.93021,0.93029,1.00,2.97
2014.07.31 14:16:29.405,0.93018,0.93029,1.69,2.97
2014.07.31 14:16:29.557,0.93017,0.93024,2.89,1.00
2014.07.31 14:16:29.608,0.93017,0.93024,1.58,1.25
2014.07.31 14:16:29.760,0.93015,0.93025,2.82,1.47
2014.07.31 14:16:30.063,0.93017,0.93026,1.00,2.97
2014.07.31 14:16:30.215,0.93017,0.93026,1.00,1.28
2014.07.31 14:16:30.735,0.93018,0.93027,1.50,2.97
2014.07.31 14:16:31.596,0.93017,0.93027,1.25,2.97
2014.07.31 14:16:33.244,0.93016,0.93027,2.89,2.97
2014.07.31 14:16:34.167,0.93017,0.93027,1.00,2.97
2014.07.31 14:16:35.344,0.93017,0.93027,1.02,2.89
2014.07.31 14:16:36.103,0.9302,0.93027,1.00,2.22
2014.07.31 14:16:36.608,0.93021,0.93028,1.00,1.47
2014.07.31 14:16:37.316,0.93021,0.93029,1.00,2.22
2014.07.31 14:16:37.837,0.93021,0.93029,1.00,2.22
2014.07.31 14:16:39.213,0.93021,0.93029,1.00,2.97
2014.07.31 14:16:39.717,0.93022,0.93029,1.00,2.22
2014.07.31 14:16:40.268,0.93022,0.93029,1.00,1.47
2014.07.31 14:16:41.857,0.93021,0.93029,1.00,1.47
2014.07.31 14:16:42.362,0.93022,0.93029,1.00,1.47
2014.07.31 14:16:43.318,0.93022,0.9303,1.00,2.59
2014.07.31 14:16:43.369,0.93025,0.93032,1.00,2.18
2014.07.31 14:16:43.571,0.93028,0.93033,1.00,1.02
2014.07.31 14:16:43.622,0.93022,0.93032,1.34,1.63
2014.07.31 14:16:43.824,0.93022,0.9303,1.00,1.55
2014.07.31 14:16:44.127,0.93025,0.93031,1.00,1.84
2014.07.31 14:16:44.581,0.93026,0.93032,1.00,1.00
2014.07.31 14:16:44.683,0.93028,0.93032,1.00,1.50
2014.07.31 14:16:44.893,0.93023,0.93031,2.25,1.29
2014.07.31 14:16:45.191,0.93025,0.93031,1.00,1.09
2014.07.31 14:16:45.696,0.93025,0.93031,1.00,1.40
2014.07.31 14:16:48.086,0.93026,0.93033,1.00,2.93
2014.07.31 14:16:48.288,0.93029,0.93035,1.00,3.72
2014.07.31 14:16:48.390,0.93023,0.93033,1.69,2.22
2014.07.31 14:16:48.440,0.93023,0.93032,2.25,2.22
2014.07.31 14:16:48.844,0.93025,0.93031,1.00,1.84
2014.07.31 14:16:49.097,0.93026,0.93033,1.00,1.47
2014.07.31 14:16:49.602,0.93026,0.93036,1.69,1.09
2014.07.31 14:16:50.111,0.93027,0.93037,2.52,1.29
2014.07.31 14:16:50.162,0.9303,0.93037,1.00,1.39
2014.07.31 14:16:50.464,0.93032,0.93039,1.00,2.97
2014.07.31 14:16:51.189,0.93032,0.93039,1.00,2.97
2014.07.31 14:16:51.740,0.93031,0.93039,1.00,2.97
2014.07.31 14:16:52.281,0.9303,0.93038,1.00,1.20
2014.07.31 14:16:52.810,0.9303,0.93038,1.00,1.39
2014.07.31 14:16:53.929,0.93031,0.93039,1.00,2.97
2014.07.31 14:16:54.434,0.93032,0.93039,1.00,2.97
2014.07.31 14:16:55.413,0.93032,0.93039,1.00,2.22
2014.07.31 14:16:56.536,0.93031,0.93039,1.00,1.47
2014.07.31 14:16:59.767,0.93029,0.93039,1.25,2.22
2014.07.31 14:17:00.850,0.93029,0.93038,1.00,1.39
2014.07.31 14:17:03.797,0.93028,0.93038,2.89,2.14
2014.07.31 14:17:05.123,0.93029,0.93038,1.00,2.22
2014.07.31 14:17:07.212,0.93029,0.93038,1.00,2.22
2014.07.31 14:17:07.729,0.93029,0.93038,1.00,2.22
2014.07.31 14:17:08.016,0.93029,0.93034,1.00,1.00
2014.07.31 14:17:08.117,0.93024,0.93032,1.00,1.00
2014.07.31 14:17:08.269,0.93021,0.9303,1.65,1.19
2014.07.31 14:17:08.320,0.93022,0.93029,1.00,1.69
2014.07.31 14:17:08.421,0.9302,0.93029,1.25,1.39
2014.07.31 14:17:09.379,0.9302,0.9303,2.52,1.95
2014.07.31 14:17:10.516,0.9302,0.9303,1.29,1.39
2014.07.31 14:17:11.024,0.9302,0.93031,2.14,1.84
2014.07.31 14:17:11.908,0.9302,0.93031,2.82,1.34
2014.07.31 14:17:16.800,0.93021,0.9303,1.19,1.18
2014.07.31 14:17:18.127,0.93021,0.9303,1.25,1.09
2014.07.31 14:17:20.359,0.93021,0.93031,1.19,1.40
2014.07.31 14:17:20.611,0.93021,0.93032,2.14,2.59
2014.07.31 14:17:21.116,0.93022,0.93032,1.32,2.59
2014.07.31 14:17:22.906,0.93022,0.93031,1.25,1.78
2014.07.31 14:17:23.411,0.9302,0.9303,1.39,1.77
2014.07.31 14:17:23.917,0.9302,0.93031,2.14,2.59
2014.07.31 14:17:24.019,0.9302,0.93031,2.97,1.77
2014.07.31 14:17:24.221,0.9302,0.9303,1.69,1.28
2014.07.31 14:17:24.950,0.9302,0.9303,1.69,1.47
2014.07.31 14:17:25.465,0.9302,0.93031,2.52,2.22
2014.07.31 14:17:26.651,0.9302,0.93031,2.89,1.84
2014.07.31 14:17:29.877,0.93021,0.93031,1.67,1.02
2014.07.31 14:17:32.268,0.9302,0.93031,3.72,1.77
2014.07.31 14:17:33.277,0.9302,0.93031,2.97,1.77
2014.07.31 14:17:35.689,0.9302,0.93031,2.89,1.84
2014.07.31 14:17:36.203,0.9302,0.93031,2.97,1.77
2014.07.31 14:17:38.423,0.9302,0.93031,2.22,2.52
2014.07.31 14:17:41.673,0.9302,0.9303,1.77,1.39
2014.07.31 14:17:42.190,0.9302,0.9303,1.69,1.47
2014.07.31 14:17:44.428,0.93019,0.93028,2.89,1.25
2014.07.31 14:17:44.833,0.93019,0.93025,1.20,1.00
2014.07.31 14:17:45.085,0.93015,0.93024,1.10,1.69
2014.07.31 14:17:45.136,0.93014,0.93021,1.00,1.69
2014.07.31 14:17:45.441,0.93011,0.93019,1.47,1.00
2014.07.31 14:17:45.946,0.93011,0.93021,1.69,1.09
2014.07.31 14:17:46.988,0.93011,0.93021,1.77,1.02
2014.07.31 14:17:52.009,0.93011,0.93021,1.77,1.39
2014.07.31 14:17:52.518,0.9301,0.93021,3.57,2.22
2014.07.31 14:17:53.473,0.9301,0.93021,3.57,2.22
2014.07.31 14:17:56.078,0.9301,0.93021,3.57,2.22
2014.07.31 14:17:58.609,0.93009,0.93018,2.14,1.00
2014.07.31 14:17:58.710,0.93009,0.93018,1.39,1.25
2014.07.31 14:18:00.874,0.93009,0.93018,1.39,1.25
2014.07.31 14:18:01.645,0.93009,0.93016,1.47,1.00
2014.07.31 14:18:01.797,0.93006,0.93014,1.10,1.50
2014.07.31 14:18:01.898,0.93003,0.93011,3.34,1.38
2014.07.31 14:18:01.999,0.93002,0.9301,1.00,2.63
2014.07.31 14:18:02.101,0.93,0.93009,1.00,1.20
2014.07.31 14:18:02.862,0.93,0.9301,1.50,1.84
2014.07.31 14:18:03.385,0.93,0.93009,1.00,3.64
2014.07.31 14:18:04.672,0.93,0.93009,1.19,2.70
2014.07.31 14:18:05.177,0.93,0.9301,1.13,3.72
2014.07.31 14:18:05.683,0.93,0.93011,2.44,2.97
2014.07.31 14:18:06.888,0.93,0.9301,2.14,2.14
2014.07.31 14:18:07.393,0.93,0.93009,2.25,1.39
2014.07.31 14:18:07.898,0.92999,0.93009,1.95,1.39
2014.07.31 14:18:08.707,0.92999,0.93009,1.13,2.22
2014.07.31 14:18:09.212,0.92999,0.93009,1.13,2.22
2014.07.31 14:18:12.206,0.92999,0.93008,1.00,1.20
2014.07.31 14:18:12.777,0.92999,0.93008,1.13,1.29
2014.07.31 14:18:13.237,0.93001,0.93008,1.00,1.02
2014.07.31 14:18:13.748,0.93002,0.93008,1.00,1.02
2014.07.31 14:18:13.900,0.93003,0.9301,1.00,1.02
2014.07.31 14:18:14.405,0.93002,0.9301,1.00,1.47
2014.07.31 14:18:19.477,0.93003,0.93009,1.00,1.39
2014.07.31 14:18:20.136,0.93003,0.93009,1.00,1.39
2014.07.31 14:18:21.219,0.93003,0.9301,1.00,3.72
2014.07.31 14:18:21.741,0.93004,0.9301,1.00,3.72
2014.07.31 14:18:22.256,0.93003,0.93009,1.00,1.20
2014.07.31 14:18:22.877,0.93003,0.93009,1.00,1.39
2014.07.31 14:18:23.700,0.93002,0.93009,1.00,1.47
2014.07.31 14:18:24.315,0.93003,0.93009,1.00,1.39
2014.07.31 14:18:25.441,0.93002,0.9301,1.00,3.72
2014.07.31 14:18:25.952,0.93003,0.9301,1.00,2.97
2014.07.31 14:18:26.465,0.93003,0.9301,1.00,2.97
2014.07.31 14:18:27.842,0.93002,0.9301,1.00,2.97
2014.07.31 14:18:29.051,0.93003,0.93009,1.00,1.47
2014.07.31 14:18:31.605,0.93003,0.93009,1.00,1.47
2014.07.31 14:18:32.122,0.93002,0.93009,1.00,1.47
2014.07.31 14:18:32.638,0.93003,0.9301,1.00,3.72
2014.07.31 14:18:33.143,0.93003,0.9301,1.00,2.97
2014.07.31 14:18:37.435,0.93002,0.9301,1.00,2.97
2014.07.31 14:18:38.877,0.93002,0.9301,1.00,3.72
2014.07.31 14:18:39.386,0.93002,0.9301,1.00,3.64
2014.07.31 14:18:42.717,0.93002,0.9301,1.00,2.89
2014.07.31 14:18:46.837,0.93002,0.9301,1.00,2.14
2014.07.31 14:18:49.553,0.93002,0.9301,1.00,2.89
2014.07.31 14:18:50.676,0.93002,0.9301,1.00,2.89
2014.07.31 14:18:51.695,0.93002,0.9301,1.00,2.89
2014.07.31 14:18:52.694,0.93002,0.9301,1.00,2.89
2014.07.31 14:18:54.803,0.93002,0.9301,1.00,2.89
2014.07.31 14:18:55.006,0.93003,0.9301,1.39,1.00
2014.07.31 14:18:55.108,0.93004,0.93014,1.48,2.52
2014.07.31 14:18:55.411,0.93005,0.93014,1.13,1.02
2014.07.31 14:18:55.462,0.93005,0.93013,1.00,1.38
2014.07.31 14:18:55.967,0.93004,0.93012,1.00,1.13
2014.07.31 14:18:56.445,0.93002,0.93011,1.10,1.32
2014.07.31 14:18:56.976,0.93002,0.93011,1.00,2.22
2014.07.31 14:18:57.489,0.93002,0.9301,1.00,2.14
2014.07.31 14:18:57.994,0.93001,0.9301,1.25,2.14
2014.07.31 14:19:05.671,0.93,0.93009,1.25,1.39
2014.07.31 14:19:06.230,0.93001,0.93009,1.00,1.39
2014.07.31 14:19:06.735,0.93,0.93009,1.25,1.39
2014.07.31 14:19:07.362,0.92998,0.93009,2.59,2.14
2014.07.31 14:19:08.702,0.92997,0.93007,2.97,1.25
2014.07.31 14:19:09.225,0.92997,0.93006,2.14,1.00
2014.07.31 14:19:09.733,0.92997,0.93006,2.14,1.25
2014.07.31 14:19:12.618,0.92999,0.93008,1.00,2.22
2014.07.31 14:19:12.921,0.92998,0.93009,3.72,2.14
2014.07.31 14:19:13.581,0.92999,0.93009,1.57,1.84
2014.07.31 14:19:14.095,0.92999,0.93009,1.67,1.77
2014.07.31 14:19:14.609,0.92999,0.93007,1.39,1.00
2014.07.31 14:19:15.115,0.92998,0.93009,3.64,2.22
2014.07.31 14:19:15.899,0.92998,0.93009,4.39,1.47
2014.07.31 14:19:17.314,0.92998,0.93009,1.02,2.97
2014.07.31 14:19:17.819,0.92997,0.93006,1.39,1.25
2014.07.31 14:19:26.663,0.92998,0.93007,1.00,2.22
2014.07.31 14:19:30.747,0.92997,0.93006,2.82,1.02
2014.07.31 14:19:32.191,0.92997,0.93004,1.00,1.00
2014.07.31 14:19:32.494,0.92992,0.93,1.25,1.00
2014.07.31 14:19:33.503,0.9299,0.93,1.84,1.69
2014.07.31 14:19:35.100,0.92991,0.93,1.69,1.95
2014.07.31 14:19:35.201,0.92993,0.93001,1.50,1.02
2014.07.31 14:19:35.722,0.92991,0.93002,2.22,2.89
2014.07.31 14:19:36.049,0.92994,0.93002,1.09,1.00
2014.07.31 14:19:36.150,0.92996,0.93004,1.10,1.32
2014.07.31 14:19:36.655,0.92996,0.93004,1.18,1.25
2014.07.31 14:19:38.418,0.92997,0.93005,1.39,1.00
2014.07.31 14:19:38.520,0.92997,0.93006,2.14,1.25
2014.07.31 14:19:39.069,0.92997,0.93006,2.22,1.25
2014.07.31 14:19:42.751,0.92997,0.93007,2.97,1.32
2014.07.31 14:19:43.317,0.92998,0.93007,2.22,1.25
2014.07.31 14:19:43.822,0.92998,0.93008,2.97,1.25
2014.07.31 14:19:50.182,0.92998,0.93008,2.22,2.07
2014.07.31 14:19:51.918,0.92998,0.93008,3.34,1.25
2014.07.31 14:19:52.575,0.92999,0.93008,1.77,1.00
2014.07.31 14:19:53.584,0.92999,0.93008,1.02,1.25
2014.07.31 14:19:56.911,0.92998,0.93008,2.22,1.32
2014.07.31 14:19:58.110,0.92998,0.93008,2.22,1.32
2014.07.31 14:19:58.681,0.92998,0.93008,2.22,1.32
2014.07.31 14:20:00.535,0.92998,0.93009,2.22,3.64
2014.07.31 14:20:04.394,0.92998,0.93007,1.39,1.00
2014.07.31 14:20:04.934,0.92998,0.93008,2.14,1.39
2014.07.31 14:20:05.448,0.92998,0.93008,2.14,1.39
2014.07.31 14:20:07.651,0.92998,0.93009,3.72,2.14
2014.07.31 14:20:08.164,0.93,0.93009,1.25,1.39
2014.07.31 14:20:25.445,0.92998,0.93008,1.84,1.38
2014.07.31 14:20:26.013,0.92998,0.93007,1.29,1.13
2014.07.31 14:20:30.657,0.92998,0.93008,2.14,1.39
2014.07.31 14:20:31.657,0.92998,0.93008,2.14,1.39
2014.07.31 14:20:33.163,0.92998,0.93008,1.39,2.07
2014.07.31 14:20:33.681,0.92998,0.93008,1.39,2.14
2014.07.31 14:20:34.737,0.92998,0.93008,2.14,1.39
2014.07.31 14:20:37.090,0.92998,0.93009,2.14,3.72
2014.07.31 14:20:38.982,0.92998,0.93009,1.95,2.97
2014.07.31 14:20:39.491,0.92998,0.93009,2.14,3.72
2014.07.31 14:20:41.662,0.92998,0.93009,2.14,3.72
2014.07.31 14:20:41.814,0.92999,0.93009,1.47,2.82
2014.07.31 14:20:44.103,0.92999,0.93008,1.47,1.00
2014.07.31 14:20:44.710,0.92999,0.93007,1.18,1.13
2014.07.31 14:20:44.862,0.92997,0.93005,1.10,1.00
2014.07.31 14:20:44.912,0.92994,0.93003,1.34,1.00
2014.07.31 14:20:45.014,0.92991,0.93002,2.52,1.18
2014.07.31 14:20:45.545,0.92992,0.93002,1.19,1.18
2014.07.31 14:20:46.054,0.92992,0.93002,1.19,1.09
2014.07.31 14:20:50.193,0.92991,0.93002,2.14,1.84
2014.07.31 14:20:50.345,0.92994,0.93004,2.03,1.69
2014.07.31 14:20:50.852,0.92996,0.93006,1.02,3.64
2014.07.31 14:20:51.357,0.92996,0.93006,2.89,2.07
2014.07.31 14:20:55.418,0.92998,0.93007,1.02,1.32
2014.07.31 14:20:55.932,0.92998,0.93007,1.19,1.20
2014.07.31 14:20:56.862,0.92998,0.93006,1.19,1.00
2014.07.31 14:20:57.387,0.92997,0.93007,1.47,2.82
2014.07.31 14:20:59.242,0.92997,0.93006,1.02,1.32
2014.07.31 14:20:59.773,0.92997,0.93006,1.09,1.32
2014.07.31 14:21:00.637,0.92997,0.93007,1.09,2.89
2014.07.31 14:21:01.100,0.92997,0.93007,1.47,2.82
2014.07.31 14:21:02.075,0.92997,0.93006,1.10,1.13
2014.07.31 14:21:02.537,0.92996,0.93006,1.13,2.22
2014.07.31 14:21:03.195,0.92996,0.93005,1.32,1.02
2014.07.31 14:21:08.831,0.92996,0.93004,1.13,1.00
2014.07.31 14:21:09.427,0.92995,0.93002,1.10,1.00
2014.07.31 14:21:09.612,0.92991,0.93,1.95,1.00
2014.07.31 14:21:09.867,0.9299,0.92998,1.13,1.00
2014.07.31 14:21:12.240,0.92989,0.92998,1.39,1.69
2014.07.31 14:21:13.167,0.92992,0.92999,1.50,2.70
2014.07.31 14:21:13.471,0.92993,0.93001,1.95,1.25
2014.07.31 14:21:13.623,0.92994,0.93004,1.13,1.47
2014.07.31 14:21:13.877,0.92993,0.93002,1.08,1.08
2014.07.31 14:21:13.928,0.92992,0.92999,1.00,1.10
2014.07.31 14:21:14.182,0.92989,0.92999,1.50,1.40
2014.07.31 14:21:14.233,0.92993,0.92999,1.00,1.08
2014.07.31 14:21:14.283,0.92993,0.92999,1.00,1.10
2014.07.31 14:21:14.385,0.92993,0.93004,3.00,2.59
2014.07.31 14:21:14.436,0.92993,0.93004,3.08,2.52
2014.07.31 14:21:14.487,0.92995,0.93004,1.18,1.69
2014.07.31 14:21:14.992,0.92994,0.93004,1.18,1.25
2014.07.31 14:21:15.043,0.92994,0.93004,1.18,2.44
2014.07.31 14:21:15.144,0.92993,0.93001,1.18,1.00
2014.07.31 14:21:15.347,0.92991,0.93,1.50,1.02
2014.07.31 14:21:15.852,0.9299,0.92999,1.00,1.10
2014.07.31 14:21:16.379,0.92989,0.92998,1.37,1.00
2014.07.31 14:21:17.664,0.92989,0.92997,1.29,1.00
2014.07.31 14:21:18.730,0.92989,0.92998,1.29,1.00
2014.07.31 14:21:21.298,0.9299,0.93,1.20,1.39
2014.07.31 14:21:25.412,0.92991,0.93,1.00,2.22
2014.07.31 14:21:25.933,0.92989,0.93,1.95,2.97
2014.07.31 14:21:31.159,0.9299,0.93,1.20,1.39
2014.07.31 14:21:32.418,0.9299,0.93,2.14,1.39
2014.07.31 14:21:32.928,0.9299,0.93,2.07,1.47
2014.07.31 14:21:33.930,0.92991,0.92999,1.00,1.02
2014.07.31 14:21:34.496,0.9299,0.92999,1.32,1.02
2014.07.31 14:21:35.007,0.9299,0.92999,1.32,1.10
2014.07.31 14:21:35.930,0.92989,0.92999,2.14,1.02
2014.07.31 14:21:36.905,0.92989,0.92998,2.14,1.00
2014.07.31 14:21:37.516,0.92988,0.92998,1.47,1.69
2014.07.31 14:21:38.578,0.92987,0.92997,2.22,1.19
2014.07.31 14:21:39.144,0.92988,0.92997,1.20,1.19
2014.07.31 14:21:39.925,0.92988,0.92997,1.48,1.19
2014.07.31 14:21:40.696,0.92988,0.92998,2.14,1.77
2014.07.31 14:21:41.200,0.92988,0.92998,1.77,1.77
2014.07.31 14:21:41.806,0.92988,0.92998,1.84,1.69
2014.07.31 14:21:43.816,0.9299,0.92998,1.00,1.19
2014.07.31 14:21:44.822,0.92989,0.92999,1.84,3.57
2014.07.31 14:21:48.007,0.92989,0.92999,1.84,1.32
2014.07.31 14:21:48.519,0.92989,0.93,2.59,5.89
2014.07.31 14:21:55.443,0.92989,0.93,2.59,4.39
2014.07.31 14:21:56.552,0.92989,0.92999,1.84,1.32
2014.07.31 14:21:57.260,0.92989,0.92999,1.77,1.39
2014.07.31 14:21:58.118,0.92989,0.92999,1.84,1.32
2014.07.31 14:21:58.678,0.92989,0.92999,1.77,1.39
2014.07.31 14:21:59.459,0.92989,0.92999,1.84,1.32
2014.07.31 14:22:00.969,0.92989,0.93,1.77,3.72
2014.07.31 14:22:01.475,0.92989,0.93,1.84,5.14
2014.07.31 14:22:02.402,0.92989,0.93,1.77,3.72
2014.07.31 14:22:02.971,0.9299,0.93,1.10,2.89
2014.07.31 14:22:03.489,0.9299,0.93,1.02,2.14
2014.07.31 14:22:04.207,0.9299,0.93,1.00,2.14
2014.07.31 14:22:04.863,0.92993,0.93,1.00,2.14
2014.07.31 14:22:04.914,0.92993,0.93,1.00,1.10
2014.07.31 14:22:05.116,0.92995,0.93001,1.00,1.00
2014.07.31 14:22:05.369,0.92995,0.93004,1.33,1.25
2014.07.31 14:22:05.532,0.92995,0.93003,1.10,2.44
2014.07.31 14:22:05.784,0.92993,0.93003,1.10,3.27
2014.07.31 14:22:06.188,0.92995,0.93004,1.50,1.77
2014.07.31 14:22:06.694,0.92995,0.93004,1.65,1.19
2014.07.31 14:22:07.199,0.92995,0.93005,1.84,1.32
2014.07.31 14:22:07.654,0.92995,0.93004,1.25,2.14
2014.07.31 14:22:07.755,0.92993,0.93002,1.10,1.70
2014.07.31 14:22:08.260,0.92991,0.93002,1.69,2.97
2014.07.31 14:22:08.778,0.92991,0.93001,1.69,1.47
2014.07.31 14:22:09.499,0.92992,0.93001,1.50,1.39
2014.07.31 14:22:09.701,0.92994,0.93002,1.00,2.97
2014.07.31 14:22:10.218,0.92992,0.93002,1.65,2.82
2014.07.31 14:22:10.825,0.92992,0.93002,1.00,2.22
2014.07.31 14:22:11.633,0.92993,0.93002,1.00,1.74
2014.07.31 14:22:12.235,0.92993,0.93002,1.00,1.74
2014.07.31 14:22:14.316,0.92996,0.93002,1.00,1.74
2014.07.31 14:22:14.418,0.92996,0.93004,1.00,3.38
2014.07.31 14:22:14.620,0.92996,0.93002,1.00,1.00
2014.07.31 14:22:14.873,0.92992,0.93003,1.40,2.44
2014.07.31 14:22:14.974,0.92994,0.93003,1.10,1.00
2014.07.31 14:22:16.337,0.92994,0.93005,2.52,1.84
2014.07.31 14:22:16.640,0.92994,0.93004,1.58,1.39
2014.07.31 14:22:17.145,0.92993,0.93002,1.00,2.22
2014.07.31 14:22:17.653,0.92992,0.93002,1.25,2.22
2014.07.31 14:22:20.177,0.92994,0.93003,1.00,1.84
2014.07.31 14:22:20.278,0.92994,0.93004,1.58,2.14
2014.07.31 14:22:20.632,0.92996,0.93005,1.00,1.47
2014.07.31 14:22:21.138,0.92995,0.93005,1.00,1.47
2014.07.31 14:22:23.581,0.92995,0.93005,1.02,1.20
2014.07.31 14:22:24.560,0.92995,0.93004,1.02,1.00
2014.07.31 14:22:32.430,0.92995,0.93004,1.00,1.67
2014.07.31 14:22:33.389,0.92996,0.93005,1.00,1.84
2014.07.31 14:22:34.725,0.92996,0.93005,1.00,2.22
2014.07.31 14:22:35.229,0.92995,0.93005,1.25,2.22
2014.07.31 14:22:35.735,0.92995,0.93005,1.25,2.22
2014.07.31 14:22:35.887,0.92995,0.93005,1.25,4.47
2014.07.31 14:22:36.089,0.92991,0.93002,2.44,2.22
2014.07.31 14:22:36.842,0.92991,0.93002,2.44,2.22
2014.07.31 14:22:37.366,0.92991,0.93002,2.44,3.72
2014.07.31 14:22:38.654,0.92991,0.93002,1.69,2.22
2014.07.31 14:22:38.806,0.92994,0.93003,1.58,1.13
2014.07.31 14:22:39.326,0.92995,0.93004,1.00,1.39
2014.07.31 14:22:39.831,0.92995,0.93005,1.02,2.14
2014.07.31 14:22:44.388,0.92996,0.93005,1.00,1.74
2014.07.31 14:22:44.901,0.92995,0.93006,1.77,2.97
2014.07.31 14:22:46.191,0.92995,0.93006,1.77,2.97
2014.07.31 14:22:49.973,0.92995,0.93005,1.77,1.67
2014.07.31 14:22:52.883,0.92996,0.93006,1.00,2.22
2014.07.31 14:22:53.395,0.92995,0.93006,1.77,4.47
2014.07.31 14:22:54.005,0.92995,0.93006,1.84,4.39
2014.07.31 14:23:02.545,0.92996,0.93006,1.69,2.97
2014.07.31 14:23:03.410,0.92996,0.93006,1.77,1.67
2014.07.31 14:23:03.926,0.92996,0.93006,1.84,1.57
2014.07.31 14:23:05.366,0.92996,0.93006,1.84,2.07
2014.07.31 14:23:06.636,0.92996,0.93004,1.08,1.19
2014.07.31 14:23:06.687,0.92995,0.93004,1.10,1.19
2014.07.31 14:23:06.940,0.92996,0.93006,1.25,3.72
2014.07.31 14:23:12.111,0.92997,0.93006,1.00,2.14
2014.07.31 14:23:17.491,0.92995,0.93006,1.37,2.14
2014.07.31 14:23:18.928,0.92997,0.93006,1.10,1.57
2014.07.31 14:23:20.866,0.92995,0.93004,1.84,1.13
2014.07.31 14:23:20.968,0.92994,0.93001,1.15,1.00
2014.07.31 14:23:21.018,0.92994,0.93001,1.00,1.00
2014.07.31 14:23:21.170,0.9299,0.93001,2.22,1.77
2014.07.31 14:23:23.195,0.9299,0.93,2.22,1.19
2014.07.31 14:23:23.447,0.9299,0.93,1.39,2.14
2014.07.31 14:23:24.253,0.9299,0.93,1.20,3.64
2014.07.31 14:23:47.792,0.92989,0.92999,1.77,2.14
2014.07.31 14:23:48.315,0.92989,0.92999,1.58,2.14
2014.07.31 14:23:53.611,0.9299,0.92999,1.00,2.14
2014.07.31 14:23:54.148,0.9299,0.92999,1.00,2.14
2014.07.31 14:23:55.143,0.92989,0.92999,1.77,2.14
2014.07.31 14:23:55.885,0.92991,0.92999,1.00,2.14
2014.07.31 14:23:56.400,0.92992,0.92999,1.00,2.14
2014.07.31 14:23:57.691,0.92993,0.93,1.00,2.97
2014.07.31 14:23:58.210,0.92993,0.93,1.00,2.97
2014.07.31 14:23:59.033,0.92993,0.93,1.58,1.08
2014.07.31 14:23:59.084,0.92994,0.93001,1.18,1.25
2014.07.31 14:23:59.388,0.92994,0.93004,2.59,2.07
2014.07.31 14:23:59.915,0.92996,0.93004,1.00,1.57
2014.07.31 14:24:01.401,0.92995,0.93004,1.10,2.07
2014.07.31 14:24:01.912,0.92996,0.93004,1.00,2.07
2014.07.31 14:24:02.063,0.92996,0.93002,1.00,1.38
2014.07.31 14:24:02.165,0.92994,0.93001,1.00,1.32
2014.07.31 14:24:02.670,0.92993,0.93,1.00,1.02
2014.07.31 14:24:03.192,0.92993,0.93,1.00,2.89
2014.07.31 14:24:05.292,0.92993,0.93,1.00,1.88
2014.07.31 14:24:05.494,0.92994,0.93002,1.18,1.19
2014.07.31 14:24:05.696,0.92995,0.93004,1.00,1.67
2014.07.31 14:24:06.428,0.92995,0.93003,1.00,1.67
2014.07.31 14:24:06.953,0.92994,0.93002,1.00,2.14
2014.07.31 14:24:07.556,0.92993,0.93002,1.00,2.97
2014.07.31 14:24:08.445,0.92992,0.93002,1.00,2.22
2014.07.31 14:24:09.123,0.92993,0.93002,1.00,4.47
2014.07.31 14:24:09.427,0.92991,0.93001,1.00,4.47
2014.07.31 14:24:09.952,0.9299,0.93001,1.50,5.22
2014.07.31 14:24:13.385,0.92991,0.92999,1.00,1.77
2014.07.31 14:24:15.511,0.9299,0.92999,1.00,1.29
2014.07.31 14:24:16.016,0.92991,0.92999,1.00,2.14
2014.07.31 14:24:22.735,0.9299,0.92999,1.00,2.14
2014.07.31 14:24:23.673,0.9299,0.92999,1.00,2.14
2014.07.31 14:24:24.826,0.92989,0.92999,1.10,2.14
2014.07.31 14:24:28.040,0.92989,0.92998,1.00,2.14
2014.07.31 14:24:28.545,0.92989,0.92998,1.00,1.67
2014.07.31 14:24:30.491,0.92989,0.92998,1.25,1.39
2014.07.31 14:24:35.751,0.92989,0.92999,1.00,3.72
2014.07.31 14:24:37.168,0.92989,0.92997,1.00,1.32
2014.07.31 14:24:37.422,0.92983,0.92992,1.77,1.10
2014.07.31 14:24:37.780,0.92987,0.92995,1.10,1.08
2014.07.31 14:24:38.337,0.92984,0.92994,1.08,1.77
2014.07.31 14:24:38.388,0.92983,0.92993,2.25,1.40
2014.07.31 14:24:38.539,0.92985,0.92993,1.00,1.84
2014.07.31 14:24:38.641,0.92985,0.92993,1.00,1.02
2014.07.31 14:24:39.115,0.92987,0.92994,1.00,1.29
2014.07.31 14:24:39.646,0.92987,0.92995,1.00,1.84
2014.07.31 14:24:40.667,0.92987,0.92994,1.00,1.32
2014.07.31 14:24:40.768,0.92984,0.92993,1.08,1.32
2014.07.31 14:24:40.920,0.92987,0.92993,1.00,1.50
2014.07.31 14:24:41.445,0.92986,0.92995,1.10,1.19
2014.07.31 14:24:50.222,0.92986,0.92994,1.10,1.19
2014.07.31 14:24:50.527,0.9298,0.92989,1.00,1.29
2014.07.31 14:24:51.032,0.92979,0.92989,2.44,1.47
2014.07.31 14:24:56.844,0.9298,0.9299,1.25,3.72
2014.07.31 14:24:57.350,0.92981,0.9299,1.10,1.29
2014.07.31 14:24:57.855,0.92981,0.92991,1.02,2.14
2014.07.31 14:24:59.340,0.92981,0.92991,1.25,2.22
2014.07.31 14:25:01.606,0.92981,0.92991,1.25,2.22
2014.07.31 14:25:15.653,0.9298,0.92991,2.89,2.97
2014.07.31 14:25:16.895,0.92981,0.92991,1.00,2.97
2014.07.31 14:25:17.166,0.92984,0.92992,1.00,1.65
2014.07.31 14:25:17.267,0.92985,0.92992,1.00,1.00
2014.07.31 14:25:17.368,0.92987,0.92995,1.00,2.22
2014.07.31 14:25:17.570,0.92987,0.92997,2.52,1.39
2014.07.31 14:25:18.346,0.92987,0.92998,2.44,3.72
2014.07.31 14:25:18.498,0.92986,0.92996,1.58,1.67
2014.07.31 14:25:19.003,0.92987,0.92996,1.00,2.52
2014.07.31 14:25:19.509,0.92986,0.92995,1.65,1.19
2014.07.31 14:25:20.042,0.92986,0.92996,1.84,1.19
2014.07.31 14:25:20.975,0.92986,0.92996,1.84,1.25
2014.07.31 14:25:22.057,0.92986,0.92996,1.84,1.19
2014.07.31 14:25:24.168,0.92986,0.92996,1.84,1.32
2014.07.31 14:25:24.992,0.92986,0.92996,1.84,1.32
2014.07.31 14:25:26.665,0.92986,0.92996,1.84,1.32
2014.07.31 14:25:27.202,0.92986,0.92996,1.09,1.32
2014.07.31 14:25:27.706,0.92986,0.92996,1.25,2.22
2014.07.31 14:25:29.705,0.92986,0.92995,1.10,2.07
2014.07.31 14:25:30.009,0.92982,0.92992,1.25,2.22
2014.07.31 14:25:30.160,0.92981,0.92989,1.77,1.00
2014.07.31 14:25:30.463,0.92979,0.92988,2.89,1.25
2014.07.31 14:25:34.808,0.92979,0.92989,1.39,1.02
2014.07.31 14:25:35.212,0.92985,0.92991,1.00,1.18
2014.07.31 14:25:35.364,0.92985,0.92994,1.29,1.50
2014.07.31 14:25:35.566,0.92987,0.92996,1.09,1.63
2014.07.31 14:25:36.072,0.92987,0.92997,1.09,2.07
2014.07.31 14:25:36.729,0.92987,0.92997,1.09,2.07
2014.07.31 14:25:39.706,0.92987,0.92997,1.09,2.07
2014.07.31 14:25:42.984,0.92987,0.92997,1.02,1.67
2014.07.31 14:25:45.294,0.92987,0.92996,1.10,1.32
2014.07.31 14:25:45.799,0.92987,0.92997,1.77,2.14
2014.07.31 14:25:55.623,0.92987,0.92997,2.59,2.07
2014.07.31 14:26:00.878,0.92987,0.92997,1.40,1.32
2014.07.31 14:26:01.392,0.92987,0.92997,1.34,1.32
2014.07.31 14:26:02.727,0.92987,0.92997,1.37,1.32
2014.07.31 14:26:03.343,0.92987,0.92997,1.34,1.63
2014.07.31 14:26:03.858,0.92987,0.92997,1.37,1.63
2014.07.31 14:26:05.712,0.92987,0.92997,1.84,1.32
2014.07.31 14:26:06.721,0.92987,0.92997,1.37,2.07
2014.07.31 14:26:07.875,0.92987,0.92997,1.02,3.64
2014.07.31 14:26:08.380,0.92987,0.92997,1.09,2.82
2014.07.31 14:26:12.090,0.92987,0.92997,1.37,1.32
2014.07.31 14:26:12.703,0.92987,0.92997,1.37,1.63
2014.07.31 14:26:13.248,0.92987,0.92997,1.39,1.39
2014.07.31 14:26:14.426,0.92987,0.92997,1.37,1.63
2014.07.31 14:26:15.392,0.92987,0.92997,1.77,1.32
2014.07.31 14:26:15.897,0.92987,0.92996,1.29,1.00
2014.07.31 14:26:16.402,0.92987,0.92995,1.02,1.00
2014.07.31 14:26:18.795,0.92987,0.92996,1.02,1.25
2014.07.31 14:26:19.300,0.92987,0.92995,1.02,1.00
2014.07.31 14:26:20.897,0.92987,0.92995,1.29,1.00
2014.07.31 14:26:22.337,0.92987,0.92995,1.25,1.00
2014.07.31 14:26:28.268,0.92987,0.92996,1.02,1.25
2014.07.31 14:26:28.890,0.92986,0.92994,1.58,1.00
2014.07.31 14:26:29.194,0.92985,0.92991,1.25,1.00
2014.07.31 14:26:29.699,0.92984,0.9299,1.00,1.10
2014.07.31 14:26:29.750,0.92982,0.9299,1.00,1.02
2014.07.31 14:26:30.154,0.92982,0.92992,1.19,1.65
2014.07.31 14:26:30.256,0.92983,0.92992,1.02,1.25
2014.07.31 14:26:30.357,0.92983,0.92992,1.25,1.40
2014.07.31 14:26:30.819,0.92981,0.9299,1.25,2.14
2014.07.31 14:26:31.122,0.9298,0.92989,1.69,1.28
2014.07.31 14:26:31.649,0.9298,0.92989,1.69,1.20
2014.07.31 14:26:32.154,0.9298,0.92989,1.25,2.14
2014.07.31 14:26:32.685,0.92979,0.92989,2.52,2.89
2014.07.31 14:26:37.688,0.92979,0.92989,2.07,2.97
2014.07.31 14:26:38.251,0.92979,0.92989,2.14,2.89
2014.07.31 14:26:39.907,0.92979,0.92989,2.07,2.97
2014.07.31 14:26:40.632,0.92979,0.92989,2.14,2.97
2014.07.31 14:26:41.151,0.92979,0.92989,2.07,2.97
2014.07.31 14:26:46.812,0.92979,0.92989,2.14,2.14
2014.07.31 14:26:48.250,0.9298,0.9299,1.77,1.39
2014.07.31 14:26:52.964,0.9298,0.9299,1.19,2.22
2014.07.31 14:26:53.870,0.9298,0.9299,1.25,2.97
2014.07.31 14:26:54.580,0.9298,0.92989,1.25,1.47
2014.07.31 14:26:55.093,0.92979,0.92988,1.69,1.78
2014.07.31 14:26:56.116,0.92979,0.92989,2.44,1.72
2014.07.31 14:26:58.115,0.92979,0.92989,1.69,1.72
2014.07.31 14:26:58.620,0.92979,0.92988,1.25,1.47
2014.07.31 14:26:59.176,0.92979,0.92989,1.69,2.22
2014.07.31 14:27:00.286,0.92979,0.92989,1.69,2.22
2014.07.31 14:27:00.994,0.92979,0.92988,1.77,1.13
2014.07.31 14:27:03.077,0.92979,0.92988,1.77,1.38
2014.07.31 14:27:03.581,0.92979,0.92988,1.69,1.47
2014.07.31 14:27:12.162,0.92979,0.92989,1.69,2.22
2014.07.31 14:27:12.618,0.92978,0.92985,1.00,1.77
2014.07.31 14:27:12.719,0.92972,0.92979,1.58,1.00
2014.07.31 14:27:12.820,0.92972,0.92979,1.25,1.00
2014.07.31 14:27:12.972,0.92973,0.9298,1.77,1.00
2014.07.31 14:27:13.377,0.9297,0.9298,3.27,1.10
2014.07.31 14:27:13.630,0.9297,0.92978,2.52,1.00
2014.07.31 14:27:13.832,0.9297,0.9298,3.27,1.10
2014.07.31 14:27:14.388,0.92971,0.9298,1.00,1.20
2014.07.31 14:27:14.439,0.92974,0.9298,1.00,1.20
2014.07.31 14:27:14.742,0.9298,0.92986,1.00,1.00
2014.07.31 14:27:14.894,0.92978,0.92988,2.89,1.39
2014.07.31 14:27:14.945,0.92979,0.92988,1.25,1.39
2014.07.31 14:27:16.004,0.92977,0.92986,1.84,1.00
2014.07.31 14:27:19.287,0.92977,0.92985,1.08,1.69
2014.07.31 14:27:19.539,0.92973,0.92982,1.32,1.09
2014.07.31 14:27:20.044,0.92973,0.92982,1.39,1.25
2014.07.31 14:27:20.196,0.92975,0.92983,1.00,1.58
2014.07.31 14:27:20.701,0.92976,0.92984,1.19,1.10
2014.07.31 14:27:20.853,0.92976,0.92986,1.77,1.02
2014.07.31 14:27:21.438,0.92978,0.92986,1.10,1.25
2014.07.31 14:27:21.966,0.92977,0.92987,1.84,1.32
2014.07.31 14:27:22.992,0.92977,0.92987,2.22,1.32
2014.07.31 14:27:23.508,0.92978,0.92987,1.02,1.32
2014.07.31 14:27:25.613,0.92977,0.92987,2.22,1.32
2014.07.31 14:27:26.120,0.92978,0.92987,1.77,1.63
2014.07.31 14:27:26.222,0.92978,0.92987,3.34,1.13
2014.07.31 14:27:26.727,0.9298,0.92989,1.00,2.14
2014.07.31 14:27:30.814,0.92979,0.92989,2.52,2.14
2014.07.31 14:27:31.016,0.92979,0.92989,1.02,3.64
2014.07.31 14:27:31.521,0.92978,0.92989,4.09,2.14
2014.07.31 14:27:32.026,0.92979,0.92989,1.02,1.67
2014.07.31 14:27:32.682,0.92978,0.92988,2.59,1.19
2014.07.31 14:27:34.074,0.92979,0.92984,1.10,1.00
2014.07.31 14:27:34.276,0.92975,0.92982,1.02,1.00
2014.07.31 14:27:34.579,0.92974,0.92984,1.47,2.07
2014.07.31 14:27:34.680,0.92974,0.92984,1.28,2.82
2014.07.31 14:27:34.832,0.92973,0.92982,1.10,1.57
2014.07.31 14:27:35.337,0.92974,0.9298,1.08,1.00
2014.07.31 14:27:35.488,0.92974,0.92983,1.09,1.25
2014.07.31 14:27:35.993,0.92973,0.92982,1.40,1.69
2014.07.31 14:27:36.094,0.92973,0.92982,1.02,2.44
2014.07.31 14:27:36.297,0.92976,0.92982,1.00,1.69
2014.07.31 14:27:36.702,0.92976,0.92984,1.33,1.00
2014.07.31 14:27:36.854,0.92979,0.92984,1.00,1.00
2014.07.31 14:27:37.360,0.92978,0.92985,2.52,1.00
2014.07.31 14:27:38.822,0.92977,0.92983,1.18,1.00
2014.07.31 14:27:38.923,0.92977,0.92985,1.00,1.58
2014.07.31 14:27:38.974,0.92976,0.92985,1.00,1.95
2014.07.31 14:27:39.278,0.92971,0.9298,1.34,1.00
2014.07.31 14:27:39.581,0.9297,0.92978,3.34,1.00
2014.07.31 14:27:39.834,0.9297,0.92978,3.34,1.00
2014.07.31 14:27:40.339,0.9297,0.92978,2.59,1.00
2014.07.31 14:27:40.542,0.9297,0.9298,2.59,1.25
2014.07.31 14:27:46.734,0.92972,0.92981,1.02,2.82
2014.07.31 14:27:46.996,0.92974,0.92981,1.00,1.00
2014.07.31 14:27:47.148,0.92976,0.92985,1.00,1.77
2014.07.31 14:27:47.350,0.92975,0.92986,3.34,2.14
2014.07.31 14:27:47.855,0.92977,0.92986,1.25,1.47
2014.07.31 14:27:50.156,0.92977,0.92986,1.25,1.39
2014.07.31 14:27:50.362,0.92977,0.92984,1.00,1.00
2014.07.31 14:27:50.828,0.92975,0.92985,1.13,3.72
2014.07.31 14:27:50.930,0.92976,0.92985,1.02,1.32
2014.07.31 14:27:51.449,0.92977,0.92986,1.25,1.39
2014.07.31 14:27:52.108,0.92977,0.92985,1.25,1.38
2014.07.31 14:27:52.462,0.92975,0.92984,1.32,1.77
2014.07.31 14:27:52.563,0.92975,0.92983,1.00,1.38
2014.07.31 14:27:52.665,0.92975,0.92984,1.69,1.10
2014.07.31 14:27:53.172,0.92975,0.92983,1.10,1.25
2014.07.31 14:27:53.576,0.92974,0.92982,1.10,1.19
2014.07.31 14:27:53.879,0.92972,0.92981,1.77,1.25
2014.07.31 14:27:54.736,0.92971,0.9298,1.29,1.50
2014.07.31 14:27:55.252,0.9297,0.9298,1.29,2.52
2014.07.31 14:27:55.761,0.92969,0.92979,2.97,1.00
2014.07.31 14:27:56.307,0.92969,0.92979,2.22,1.25
2014.07.31 14:27:57.283,0.92969,0.92978,2.22,1.00
2014.07.31 14:27:59.177,0.92968,0.92978,3.72,1.25
2014.07.31 14:28:01.956,0.92972,0.9298,1.00,2.97
2014.07.31 14:28:04.146,0.92971,0.92979,1.00,1.39
2014.07.31 14:28:04.449,0.9297,0.92978,1.00,1.55
2014.07.31 14:28:05.898,0.92968,0.92977,1.25,1.39
2014.07.31 14:28:06.101,0.92968,0.92974,1.00,1.00
2014.07.31 14:28:06.405,0.92966,0.92972,1.00,2.07
2014.07.31 14:28:06.507,0.92963,0.92971,1.10,1.32
2014.07.31 14:28:07.012,0.92962,0.92971,1.02,2.07
2014.07.31 14:28:08.349,0.92965,0.92971,1.00,1.32
2014.07.31 14:28:08.661,0.92967,0.92971,1.00,1.32
2014.07.31 14:28:09.227,0.92967,0.92972,1.00,1.77
2014.07.31 14:28:09.379,0.92967,0.92974,1.00,1.39
2014.07.31 14:28:09.429,0.92969,0.92973,1.00,1.25
2014.07.31 14:28:09.632,0.92966,0.92972,1.00,1.69
2014.07.31 14:28:09.886,0.92964,0.92971,1.00,1.25
2014.07.31 14:28:10.391,0.92963,0.9297,1.00,1.25
2014.07.31 14:28:10.936,0.92963,0.92969,1.00,1.00
2014.07.31 14:28:11.446,0.92963,0.9297,1.69,1.88
2014.07.31 14:28:11.598,0.92963,0.92973,2.97,1.25
2014.07.31 14:28:11.649,0.92968,0.92973,1.00,1.00
2014.07.31 14:28:12.133,0.92968,0.92975,1.00,1.10
2014.07.31 14:28:12.184,0.9297,0.92975,1.00,1.10
2014.07.31 14:28:12.639,0.92968,0.92977,1.00,2.89
2014.07.31 14:28:13.404,0.92967,0.92977,2.14,2.14
2014.07.31 14:28:14.844,0.92967,0.92977,2.14,2.07
2014.07.31 14:28:16.263,0.92968,0.92977,1.02,2.07
2014.07.31 14:28:17.483,0.92968,0.92977,1.10,1.32
2014.07.31 14:28:17.934,0.92966,0.92975,2.44,1.39
2014.07.31 14:28:18.264,0.92966,0.92973,1.50,1.00
2014.07.31 14:28:18.779,0.92966,0.92974,1.00,1.25
2014.07.31 14:28:19.082,0.92968,0.92977,1.10,2.07
2014.07.31 14:28:19.385,0.92968,0.92978,3.72,1.32
2014.07.31 14:28:19.661,0.9297,0.92978,1.00,2.07
2014.07.31 14:28:20.165,0.92968,0.92978,1.77,2.89
2014.07.31 14:28:20.691,0.92967,0.92978,3.72,3.64
2014.07.31 14:28:22.435,0.92967,0.92977,1.77,1.63
2014.07.31 14:28:22.909,0.92967,0.92973,1.00,1.00
2014.07.31 14:28:23.162,0.92965,0.92972,1.00,1.58
2014.07.31 14:28:23.667,0.92964,0.92972,1.25,1.10
2014.07.31 14:28:24.197,0.92965,0.92972,1.00,1.02
2014.07.31 14:28:24.707,0.92965,0.92973,1.32,1.50
2014.07.31 14:28:24.858,0.92965,0.92974,2.97,1.00
2014.07.31 14:28:25.377,0.92967,0.92977,1.58,3.64
2014.07.31 14:28:25.896,0.92967,0.92977,1.77,2.89
2014.07.31 14:28:30.031,0.92967,0.92977,1.77,2.14
2014.07.31 14:28:31.228,0.92967,0.92977,1.77,2.14
2014.07.31 14:28:43.500,0.92967,0.92974,1.00,1.00
2014.07.31 14:28:43.803,0.92965,0.92972,1.00,2.22
2014.07.31 14:28:43.904,0.92963,0.9297,1.00,1.02
2014.07.31 14:28:44.424,0.92962,0.92969,1.00,1.00
2014.07.31 14:28:45.041,0.92961,0.92969,1.10,1.25
2014.07.31 14:28:45.909,0.9296,0.92968,1.00,1.25
2014.07.31 14:28:46.415,0.92961,0.92969,1.10,1.25
2014.07.31 14:28:47.344,0.92961,0.9297,1.02,1.32
2014.07.31 14:28:49.955,0.92962,0.9297,1.50,1.32
2014.07.31 14:28:50.006,0.92964,0.92971,1.00,2.14
2014.07.31 14:28:50.208,0.92965,0.92973,1.10,1.25
2014.07.31 14:28:51.046,0.92965,0.92973,1.10,1.32
2014.07.31 14:28:51.199,0.92963,0.9297,1.58,1.00
2014.07.31 14:28:51.704,0.9296,0.9297,2.22,1.50
2014.07.31 14:28:52.321,0.9296,0.9297,1.74,1.69
2014.07.31 14:28:53.556,0.9296,0.9297,1.47,2.07
2014.07.31 14:28:54.091,0.9296,0.9297,2.97,1.32
2014.07.31 14:28:54.629,0.9296,0.9297,2.97,1.32
2014.07.31 14:28:55.658,0.9296,0.9297,1.47,1.32
2014.07.31 14:28:56.177,0.9296,0.92969,1.47,1.00
2014.07.31 14:28:56.946,0.92959,0.92969,2.97,1.25
2014.07.31 14:28:57.460,0.92959,0.92968,1.84,1.32
2014.07.31 14:28:57.663,0.92958,0.92967,2.97,1.00
2014.07.31 14:28:58.168,0.92958,0.92968,2.59,1.25
2014.07.31 14:28:59.136,0.92959,0.92969,1.47,1.32
2014.07.31 14:28:59.642,0.9296,0.9297,3.72,1.32
2014.07.31 14:29:00.415,0.92962,0.9297,1.00,1.32
2014.07.31 14:29:01.537,0.9296,0.9297,3.72,1.32
2014.07.31 14:29:06.682,0.9296,0.9297,2.97,1.32
2014.07.31 14:29:10.479,0.9296,0.92969,1.84,1.32
2014.07.31 14:29:11.003,0.9296,0.92969,1.84,1.32
2014.07.31 14:29:12.896,0.92962,0.9297,1.00,2.07
2014.07.31 14:29:14.085,0.92961,0.92969,1.00,2.14
2014.07.31 14:29:14.602,0.92962,0.92969,1.00,2.07
2014.07.31 14:29:15.332,0.9296,0.92969,1.09,2.07
2014.07.31 14:29:15.845,0.9296,0.92969,1.00,2.14
2014.07.31 14:29:19.508,0.9296,0.92969,1.25,2.14
2014.07.31 14:29:20.429,0.9296,0.92968,1.69,2.33
2014.07.31 14:29:20.581,0.92959,0.92969,2.07,1.47
2014.07.31 14:29:21.131,0.92959,0.92969,1.32,1.47
2014.07.31 14:29:21.586,0.92957,0.92968,4.02,2.03
2014.07.31 14:29:21.838,0.92957,0.92964,1.58,1.00
2014.07.31 14:29:22.092,0.92952,0.92961,1.00,2.22
2014.07.31 14:29:22.294,0.9295,0.92958,1.32,1.00
2014.07.31 14:29:22.748,0.9295,0.9296,2.89,1.39
2014.07.31 14:29:23.253,0.9295,0.9296,1.32,2.22
2014.07.31 14:29:24.029,0.92949,0.92956,2.82,1.00
2014.07.31 14:29:25.157,0.92949,0.92956,1.32,1.00
2014.07.31 14:29:25.832,0.92948,0.92956,1.13,1.00
2014.07.31 14:29:26.346,0.92947,0.92957,1.20,1.13
2014.07.31 14:29:26.650,0.92947,0.92955,1.39,1.00
2014.07.31 14:29:27.155,0.92947,0.92956,1.47,1.25
2014.07.31 14:29:28.517,0.92947,0.92957,1.47,1.32
2014.07.31 14:29:29.074,0.92946,0.92956,1.53,1.00
2014.07.31 14:29:29.377,0.92946,0.92953,1.00,1.00
2014.07.31 14:29:29.883,0.92945,0.92953,1.25,1.00
2014.07.31 14:29:30.608,0.92945,0.92952,1.10,1.00
2014.07.31 14:29:31.141,0.92945,0.92951,1.10,1.00
2014.07.31 14:29:31.646,0.92944,0.92952,1.77,1.00
2014.07.31 14:29:32.151,0.92944,0.92953,1.84,1.69
2014.07.31 14:29:32.940,0.92944,0.92952,2.22,1.00
2014.07.31 14:29:33.454,0.92944,0.92953,2.22,1.25
2014.07.31 14:29:36.449,0.92944,0.92953,2.07,1.15
2014.07.31 14:29:36.862,0.92944,0.92951,1.00,1.20
2014.07.31 14:29:37.065,0.92941,0.9295,1.32,1.15
2014.07.31 14:29:37.577,0.9294,0.9295,2.82,1.18
2014.07.31 14:29:37.954,0.92942,0.92951,1.88,1.15
2014.07.31 14:29:38.105,0.92943,0.92952,1.63,1.77
2014.07.31 14:29:38.622,0.92943,0.92952,2.14,1.25
2014.07.31 14:29:39.151,0.92943,0.92952,2.82,1.10
2014.07.31 14:29:39.657,0.92943,0.92953,2.89,1.77
2014.07.31 14:29:40.549,0.92946,0.92953,1.00,1.77
2014.07.31 14:29:41.003,0.92946,0.92955,1.58,2.89
2014.07.31 14:29:41.508,0.92947,0.92956,1.13,1.29
2014.07.31 14:29:42.051,0.92947,0.92957,2.14,1.39
2014.07.31 14:29:42.152,0.92948,0.92958,2.82,1.65
2014.07.31 14:29:42.304,0.92949,0.92959,1.39,2.97
2014.07.31 14:29:42.658,0.92949,0.92958,1.10,1.32
2014.07.31 14:29:43.162,0.92948,0.92957,1.69,1.39
2014.07.31 14:29:43.488,0.92948,0.92957,1.69,1.47
2014.07.31 14:29:43.999,0.92948,0.92958,1.50,2.97
2014.07.31 14:29:45.248,0.92948,0.92957,1.69,1.39
2014.07.31 14:29:45.994,0.92948,0.92957,1.69,1.39
2014.07.31 14:29:48.765,0.92948,0.92957,1.77,1.32
2014.07.31 14:29:49.271,0.92948,0.92957,1.84,1.32
2014.07.31 14:29:50.087,0.92948,0.92958,1.09,2.89
2014.07.31 14:29:50.591,0.92948,0.92958,2.89,1.39
2014.07.31 14:29:51.938,0.92948,0.92959,2.59,4.39
2014.07.31 14:29:52.241,0.92955,0.9296,1.18,2.25
2014.07.31 14:29:52.392,0.92956,0.92963,1.10,1.50
2014.07.31 14:29:52.443,0.92957,0.92966,1.08,1.95
2014.07.31 14:29:53.402,0.92957,0.92967,1.84,1.19
2014.07.31 14:29:54.064,0.92957,0.92967,1.84,1.29
2014.07.31 14:29:54.426,0.92958,0.92968,1.33,3.64
2014.07.31 14:29:58.782,0.92957,0.92968,3.72,2.07
2014.07.31 14:29:59.286,0.92957,0.92968,3.72,2.14
2014.07.31 14:29:59.801,0.92957,0.92968,2.59,2.89
2014.07.31 14:30:00.416,0.92957,0.92968,2.97,2.89
2014.07.31 14:30:01.410,0.92957,0.92968,4.09,3.64
2014.07.31 14:30:01.927,0.92957,0.92967,1.02,3.64
2014.07.31 14:30:02.436,0.92957,0.92967,2.59,1.19
2014.07.31 14:30:03.369,0.92957,0.92967,1.47,2.82
2014.07.31 14:30:03.876,0.92958,0.92968,1.47,2.07
2014.07.31 14:30:05.464,0.92959,0.92968,1.02,1.32
2014.07.31 14:30:06.636,0.92959,0.92968,1.33,2.07
2014.07.31 14:30:07.141,0.92959,0.92967,1.02,1.00
2014.07.31 14:30:07.820,0.92959,0.92967,1.39,1.00
2014.07.31 14:30:10.424,0.92959,0.92968,1.37,1.00
2014.07.31 14:30:11.291,0.92959,0.92967,1.09,1.00
2014.07.31 14:30:11.796,0.92959,0.92968,1.84,1.69
2014.07.31 14:30:17.192,0.92961,0.92968,1.00,1.00
2014.07.31 14:30:17.733,0.92961,0.92969,1.09,2.25
2014.07.31 14:30:18.270,0.92961,0.92969,1.40,1.50
2014.07.31 14:30:18.523,0.92965,0.92969,1.00,1.00
2014.07.31 14:30:18.625,0.92967,0.92973,1.58,1.00
2014.07.31 14:30:18.676,0.92967,0.92974,1.65,1.00
2014.07.31 14:30:18.727,0.92968,0.92977,1.40,1.69
2014.07.31 14:30:19.232,0.92969,0.92977,1.18,1.25
2014.07.31 14:30:19.738,0.92969,0.92978,1.40,1.32
2014.07.31 14:30:20.306,0.92975,0.92979,1.00,3.00
2014.07.31 14:30:20.508,0.92975,0.92983,1.10,1.00
2014.07.31 14:30:20.609,0.92977,0.92984,1.00,2.25
2014.07.31 14:30:20.912,0.92982,0.92986,1.50,1.00
2014.07.31 14:30:21.014,0.92977,0.92986,1.65,1.00
2014.07.31 14:30:21.166,0.92982,0.92989,2.25,1.50
2014.07.31 14:30:21.470,0.92983,0.92991,1.00,1.77
2014.07.31 14:30:21.976,0.92984,0.92991,1.00,1.69
2014.07.31 14:30:22.488,0.92983,0.92991,1.00,1.69
2014.07.31 14:30:23.058,0.92982,0.92991,3.27,1.69
2014.07.31 14:30:24.865,0.92983,0.92991,1.00,1.77
2014.07.31 14:30:26.194,0.92982,0.92991,3.19,1.77
2014.07.31 14:30:26.734,0.92983,0.92991,1.00,1.77
2014.07.31 14:30:32.481,0.92985,0.92991,1.00,1.10
2014.07.31 14:30:32.633,0.92985,0.92994,2.89,1.00
2014.07.31 14:30:32.734,0.92988,0.92996,1.00,1.47
2014.07.31 14:30:33.037,0.92986,0.92996,3.19,2.22
2014.07.31 14:30:33.795,0.92987,0.92997,2.25,2.97
2014.07.31 14:30:34.098,0.92987,0.92998,3.27,3.72
2014.07.31 14:30:34.906,0.92987,0.92994,1.10,1.00
2014.07.31 14:30:35.228,0.92983,0.92991,1.09,1.00
2014.07.31 14:30:35.734,0.92982,0.92991,1.84,1.00
2014.07.31 14:30:36.290,0.92982,0.92991,1.77,1.25
2014.07.31 14:30:37.059,0.92982,0.9299,1.69,1.00
2014.07.31 14:30:40.582,0.92982,0.9299,1.50,1.77
2014.07.31 14:30:44.740,0.92982,0.9299,1.50,1.77
2014.07.31 14:30:47.820,0.92982,0.9299,1.50,1.77
2014.07.31 14:30:48.786,0.92982,0.9299,1.50,1.58
2014.07.31 14:30:49.089,0.92982,0.92987,1.50,1.00
2014.07.31 14:30:49.241,0.92978,0.92985,2.89,1.00
2014.07.31 14:30:50.176,0.92978,0.92985,2.89,1.00
2014.07.31 14:30:50.328,0.92978,0.92983,1.00,1.00
2014.07.31 14:30:50.480,0.92972,0.9298,1.95,1.25
2014.07.31 14:30:51.025,0.92972,0.92979,1.88,1.00
2014.07.31 14:30:54.651,0.92972,0.92979,3.25,1.00
2014.07.31 14:30:54.853,0.92973,0.92981,2.97,1.00
2014.07.31 14:30:55.106,0.92976,0.92983,1.58,1.00
2014.07.31 14:30:55.409,0.92974,0.92982,2.44,1.20
2014.07.31 14:30:59.860,0.92977,0.92982,1.50,1.10
2014.07.31 14:30:59.961,0.92977,0.92984,1.50,1.10
2014.07.31 14:31:00.062,0.92977,0.92986,1.84,1.25
2014.07.31 14:31:00.567,0.92977,0.92988,4.09,2.44
2014.07.31 14:31:01.129,0.92978,0.92988,1.37,1.25
2014.07.31 14:31:04.483,0.92978,0.92988,1.47,1.19
2014.07.31 14:31:05.045,0.92978,0.92988,1.84,1.00
2014.07.31 14:31:05.360,0.92982,0.92989,1.50,1.25
2014.07.31 14:31:05.865,0.92981,0.9299,1.00,2.59
2014.07.31 14:31:06.427,0.92981,0.9299,2.44,1.77
2014.07.31 14:31:08.661,0.92981,0.9299,2.25,1.77
2014.07.31 14:31:10.651,0.92982,0.9299,2.25,2.14
2014.07.31 14:31:11.155,0.92982,0.9299,2.25,1.02
2014.07.31 14:31:17.088,0.92982,0.9299,1.50,1.09
2014.07.31 14:31:17.989,0.92982,0.9299,1.50,1.02
2014.07.31 14:31:24.180,0.92982,0.9299,1.88,1.84
2014.07.31 14:31:24.952,0.92982,0.9299,1.88,1.77
2014.07.31 14:31:25.463,0.92982,0.9299,1.88,1.84
2014.07.31 14:31:26.007,0.92982,0.9299,1.88,1.02
2014.07.31 14:31:26.527,0.92982,0.9299,1.88,1.09
2014.07.31 14:31:30.997,0.92982,0.9299,1.50,1.02
2014.07.31 14:31:31.936,0.92982,0.9299,1.50,1.09
2014.07.31 14:31:32.442,0.92982,0.9299,1.50,1.02
2014.07.31 14:31:35.119,0.92982,0.9299,1.50,1.84
2014.07.31 14:31:35.624,0.92982,0.9299,1.50,1.84
2014.07.31 14:31:36.315,0.92982,0.9299,1.50,1.84
2014.07.31 14:31:38.587,0.92982,0.9299,1.50,1.77
2014.07.31 14:31:41.148,0.92982,0.9299,1.50,1.77
2014.07.31 14:31:42.233,0.92982,0.9299,1.50,2.59
2014.07.31 14:31:42.737,0.92982,0.9299,1.50,2.59
2014.07.31 14:31:43.878,0.92982,0.9299,1.50,2.59
2014.07.31 14:31:44.535,0.92982,0.9299,1.50,1.77
2014.07.31 14:31:47.149,0.92982,0.92988,1.50,1.00
2014.07.31 14:31:50.104,0.92982,0.92988,1.50,1.00
2014.07.31 14:31:50.622,0.92982,0.92988,1.50,1.00
2014.07.31 14:31:54.320,0.92982,0.92987,1.50,1.00
2014.07.31 14:31:58.875,0.92982,0.92989,1.50,1.77
2014.07.31 14:31:59.839,0.92982,0.92988,1.50,1.00
2014.07.31 14:32:01.948,0.92982,0.92989,1.50,1.69
2014.07.31 14:32:03.882,0.9298,0.92989,2.14,1.69
2014.07.31 14:32:04.134,0.9298,0.92986,2.07,1.00
2014.07.31 14:32:04.438,0.92972,0.9298,2.33,1.50
2014.07.31 14:32:04.956,0.92972,0.92979,1.50,1.02
2014.07.31 14:32:05.575,0.92972,0.92978,1.50,1.00
2014.07.31 14:32:07.123,0.92972,0.92979,1.50,1.25
2014.07.31 14:32:07.739,0.92971,0.92979,2.14,1.00
2014.07.31 14:32:08.257,0.92971,0.92978,2.14,1.00
2014.07.31 14:32:08.767,0.92971,0.92977,1.95,1.00
2014.07.31 14:32:11.944,0.92972,0.92977,1.00,1.00
2014.07.31 14:32:12.622,0.92972,0.92976,1.00,1.00
2014.07.31 14:32:13.384,0.92972,0.92977,1.00,1.00
2014.07.31 14:32:13.637,0.92971,0.92975,2.25,1.00
2014.07.31 14:32:13.738,0.92971,0.9298,1.10,2.44
2014.07.31 14:32:14.244,0.92969,0.92979,1.84,1.25
2014.07.31 14:32:14.750,0.92969,0.92979,2.07,1.77
2014.07.31 14:32:16.172,0.92969,0.92979,2.07,1.84
2014.07.31 14:32:17.597,0.92969,0.92979,2.82,1.84
2014.07.31 14:32:17.850,0.92972,0.92979,1.50,1.09
2014.07.31 14:32:18.355,0.92971,0.92979,1.88,1.02
2014.07.31 14:32:19.679,0.92971,0.9298,2.07,1.77
2014.07.31 14:32:20.196,0.92971,0.9298,2.14,1.69
2014.07.31 14:32:22.086,0.92977,0.92981,1.00,2.25
2014.07.31 14:32:22.187,0.92977,0.92982,1.00,1.00
2014.07.31 14:32:22.288,0.92977,0.92987,1.50,2.22
2014.07.31 14:32:22.391,0.92977,0.92984,2.33,1.00
2014.07.31 14:32:22.694,0.92975,0.92981,1.00,1.00
2014.07.31 14:32:22.846,0.92972,0.92982,1.09,2.52
2014.07.31 14:32:23.357,0.92972,0.9298,1.25,1.00
2014.07.31 14:32:23.862,0.92971,0.92979,1.77,1.00
2014.07.31 14:32:26.093,0.9297,0.92979,2.22,1.25
2014.07.31 14:32:27.232,0.9297,0.92981,2.97,3.27
2014.07.31 14:32:27.642,0.92975,0.92981,1.13,1.10
2014.07.31 14:32:27.844,0.92977,0.92986,1.32,1.02
2014.07.31 14:32:28.378,0.92977,0.92987,1.09,1.57
2014.07.31 14:32:30.128,0.92976,0.92987,3.72,2.14
2014.07.31 14:32:30.744,0.92976,0.92987,5.22,2.07
2014.07.31 14:32:31.710,0.92977,0.92987,1.47,2.14
2014.07.31 14:32:31.862,0.92976,0.92984,1.20,1.00
2014.07.31 14:32:32.284,0.92976,0.92982,1.00,1.00
2014.07.31 14:32:32.436,0.92973,0.92981,1.00,1.25
2014.07.31 14:32:32.950,0.92971,0.92981,2.97,1.69
2014.07.31 14:32:33.460,0.92971,0.92981,2.22,1.69
2014.07.31 14:32:33.969,0.92971,0.92981,2.22,1.50
2014.07.31 14:32:34.171,0.92974,0.92983,1.00,2.59
2014.07.31 14:32:34.676,0.92974,0.92984,1.02,3.34
2014.07.31 14:32:35.191,0.92974,0.92984,1.84,1.69
2014.07.31 14:32:35.494,0.92976,0.92986,1.19,2.59
2014.07.31 14:32:36.026,0.92976,0.92986,3.34,1.25
2014.07.31 14:32:40.124,0.92976,0.92984,2.97,1.00
2014.07.31 14:32:40.427,0.92975,0.92981,1.50,1.00
2014.07.31 14:32:40.478,0.92973,0.92982,1.25,1.65
2014.07.31 14:32:41.033,0.92976,0.92983,1.00,2.89
2014.07.31 14:32:41.235,0.92978,0.92985,1.00,1.00
2014.07.31 14:32:41.336,0.92978,0.92983,1.00,1.00
2014.07.31 14:32:41.538,0.92975,0.92983,1.10,1.69
2014.07.31 14:32:41.741,0.92975,0.92985,1.02,1.77
2014.07.31 14:32:41.943,0.92975,0.92982,1.18,1.00
2014.07.31 14:32:42.095,0.92974,0.92982,1.50,1.69
2014.07.31 14:32:42.347,0.92972,0.92982,1.77,4.02
2014.07.31 14:32:42.869,0.92972,0.92982,1.84,3.94
2014.07.31 14:32:43.381,0.92972,0.92982,1.65,3.94
2014.07.31 14:32:44.217,0.92972,0.9298,1.18,1.00
2014.07.31 14:32:44.729,0.92972,0.92981,1.18,1.69
2014.07.31 14:32:46.838,0.92972,0.9298,1.18,1.00
2014.07.31 14:32:53.290,0.92972,0.92981,1.72,1.00
2014.07.31 14:32:53.442,0.92977,0.92985,1.28,1.00
2014.07.31 14:32:53.594,0.92977,0.92986,1.84,1.25
2014.07.31 14:32:54.471,0.92978,0.92987,1.40,1.25
2014.07.31 14:32:56.787,0.92978,0.92987,1.40,1.38
2014.07.31 14:32:57.573,0.92978,0.92987,1.47,1.00
2014.07.31 14:32:59.829,0.92978,0.92987,1.47,1.00
2014.07.31 14:33:00.139,0.92978,0.92985,1.15,1.38
2014.07.31 14:33:00.291,0.92978,0.92983,1.00,1.69
2014.07.31 14:33:00.342,0.92974,0.92983,1.18,2.44
2014.07.31 14:33:00.595,0.92972,0.92979,1.28,1.00
2014.07.31 14:33:01.119,0.92971,0.9298,1.47,1.50
2014.07.31 14:33:01.656,0.92971,0.9298,1.47,1.00
2014.07.31 14:33:02.184,0.92971,0.9298,1.78,1.00
2014.07.31 14:33:03.641,0.92971,0.92981,1.78,2.44
2014.07.31 14:33:04.430,0.9297,0.9298,2.97,1.00
2014.07.31 14:33:04.936,0.9297,0.92981,2.97,3.19
2014.07.31 14:33:05.481,0.9297,0.92981,2.97,3.19
2014.07.31 14:33:06.027,0.9297,0.92981,2.97,3.19
2014.07.31 14:33:06.543,0.9297,0.92981,2.97,3.19
2014.07.31 14:33:11.900,0.9297,0.9298,2.97,1.25
2014.07.31 14:33:12.415,0.9297,0.92979,2.97,1.00
2014.07.31 14:33:12.980,0.9297,0.92979,2.97,1.00
2014.07.31 14:33:13.492,0.9297,0.92979,2.97,1.00
2014.07.31 14:33:14.789,0.9297,0.9298,2.14,1.77
2014.07.31 14:33:19.167,0.9297,0.9298,1.74,1.69
2014.07.31 14:33:20.392,0.9297,0.9298,1.47,1.69
2014.07.31 14:33:22.509,0.9297,0.9298,1.55,1.50
2014.07.31 14:33:22.813,0.92973,0.92983,1.19,1.77
2014.07.31 14:33:23.015,0.92976,0.92985,1.25,1.02
2014.07.31 14:33:23.268,0.92976,0.92983,1.08,1.00
2014.07.31 14:33:23.318,0.92975,0.92983,1.00,1.10
2014.07.31 14:33:23.621,0.92974,0.92982,1.10,1.69
2014.07.31 14:33:23.723,0.92972,0.92979,1.00,1.50
2014.07.31 14:33:24.229,0.9297,0.9298,3.34,1.02
2014.07.31 14:33:25.659,0.92973,0.9298,1.00,1.00
2014.07.31 14:33:25.962,0.92973,0.92982,1.84,1.00
2014.07.31 14:33:26.316,0.92973,0.92982,1.25,1.09
2014.07.31 14:33:27.356,0.92971,0.92982,2.52,1.84
2014.07.31 14:33:30.959,0.92971,0.92981,2.14,1.10
2014.07.31 14:33:31.264,0.92976,0.92985,1.47,1.00
2014.07.31 14:33:31.768,0.92977,0.92987,1.39,5.14
2014.07.31 14:33:31.970,0.92977,0.92987,4.39,1.02
2014.07.31 14:33:32.475,0.92978,0.92988,2.89,1.39
2014.07.31 14:33:33.307,0.92978,0.92988,2.14,1.20
2014.07.31 14:33:33.610,0.92977,0.92987,2.59,2.07
2014.07.31 14:33:34.116,0.92977,0.92987,3.27,1.77
2014.07.31 14:33:34.623,0.92977,0.92987,2.52,1.77
2014.07.31 14:33:35.863,0.92977,0.92985,1.02,1.00
2014.07.31 14:33:36.267,0.92972,0.92983,4.77,1.00
2014.07.31 14:33:36.570,0.92977,0.92987,1.09,1.69
2014.07.31 14:33:36.924,0.92979,0.92988,1.25,1.02
2014.07.31 14:33:37.842,0.92979,0.92986,1.25,1.13
2014.07.31 14:33:38.349,0.92978,0.92987,1.47,2.44
2014.07.31 14:33:38.978,0.92978,0.92987,1.47,1.25
2014.07.31 14:33:40.020,0.9298,0.92989,1.13,4.02
2014.07.31 14:33:40.526,0.92979,0.92988,1.39,1.69
2014.07.31 14:33:41.050,0.92979,0.92987,1.39,1.00
2014.07.31 14:33:45.602,0.92979,0.92987,1.32,1.00
2014.07.31 14:33:46.116,0.92979,0.92987,1.39,1.00
2014.07.31 14:33:46.887,0.92979,0.92988,1.39,1.25
2014.07.31 14:33:48.987,0.92979,0.92988,2.07,1.02
2014.07.31 14:33:49.290,0.92974,0.92982,1.00,1.00
2014.07.31 14:33:49.594,0.92971,0.92979,2.14,1.00
2014.07.31 14:33:49.901,0.92974,0.9298,1.13,1.50
2014.07.31 14:33:49.951,0.92974,0.92982,1.28,1.00
2014.07.31 14:33:50.053,0.92976,0.92984,1.84,1.00
2014.07.31 14:33:50.204,0.92977,0.92986,1.84,1.00
2014.07.31 14:33:50.729,0.92979,0.92987,1.00,1.25
2014.07.31 14:33:54.355,0.92979,0.92988,1.69,1.77
2014.07.31 14:33:54.870,0.92979,0.92988,1.88,1.84
2014.07.31 14:33:54.920,0.92982,0.92988,1.00,1.65
2014.07.31 14:33:54.971,0.92982,0.92989,1.00,2.14
2014.07.31 14:33:55.476,0.92981,0.92989,1.00,1.39
2014.07.31 14:33:55.981,0.9298,0.9299,1.25,4.47
2014.07.31 14:33:56.506,0.92978,0.92987,2.07,1.65
2014.07.31 14:33:57.011,0.92978,0.92987,2.07,1.58
2014.07.31 14:33:57.562,0.92978,0.92988,2.89,1.69
2014.07.31 14:33:58.885,0.92978,0.92988,2.07,3.34
2014.07.31 14:33:59.405,0.92978,0.92988,2.14,2.52
2014.07.31 14:34:01.439,0.92978,0.92988,1.77,3.27
2014.07.31 14:34:01.952,0.92979,0.92989,1.69,1.84
2014.07.31 14:34:02.457,0.9298,0.92989,1.25,1.02
2014.07.31 14:34:02.982,0.9298,0.92989,1.69,1.10
2014.07.31 14:34:03.488,0.92978,0.92988,2.82,2.59
2014.07.31 14:34:04.028,0.92978,0.92988,2.59,1.69
2014.07.31 14:34:04.937,0.92978,0.92988,2.07,2.59
2014.07.31 14:34:05.593,0.92978,0.92987,1.39,1.25
2014.07.31 14:34:08.618,0.92978,0.92988,2.14,1.29
2014.07.31 14:34:08.770,0.92979,0.92989,1.20,1.39
2014.07.31 14:34:09.290,0.9298,0.9299,1.32,3.72
2014.07.31 14:34:10.062,0.9298,0.92988,1.32,1.00
2014.07.31 14:34:10.567,0.92978,0.92988,2.22,1.19
2014.07.31 14:34:11.076,0.92978,0.92988,1.39,2.52
2014.07.31 14:34:12.854,0.92978,0.92988,1.39,1.77
2014.07.31 14:34:12.955,0.92983,0.92989,1.00,4.02
2014.07.31 14:34:13.157,0.9298,0.92989,1.00,2.52
2014.07.31 14:34:13.309,0.9298,0.92989,1.00,1.20
2014.07.31 14:34:13.359,0.92983,0.92989,1.00,1.20
2014.07.31 14:34:13.864,0.92982,0.9299,1.50,1.58
2014.07.31 14:34:15.526,0.92982,0.92992,2.44,2.03
2014.07.31 14:34:15.829,0.92989,0.92999,2.82,2.97
2014.07.31 14:34:16.334,0.9299,0.92999,1.69,1.39
2014.07.31 14:34:23.147,0.9299,0.93,1.00,2.97
2014.07.31 14:34:23.653,0.9299,0.93,2.07,1.47
2014.07.31 14:34:26.151,0.92989,0.92999,1.39,2.95
2014.07.31 14:34:26.403,0.92988,0.92999,2.97,4.33
2014.07.31 14:34:26.606,0.92987,0.92998,3.64,3.59
2014.07.31 14:34:27.138,0.92987,0.92997,1.39,3.20
2014.07.31 14:34:27.567,0.92986,0.92996,2.52,2.15
2014.07.31 14:34:27.719,0.92983,0.92994,1.65,4.40
2014.07.31 14:34:28.023,0.92986,0.92992,1.00,1.65
2014.07.31 14:34:28.126,0.92986,0.92995,1.58,1.00
2014.07.31 14:34:28.278,0.92987,0.92997,1.77,1.77
2014.07.31 14:34:28.804,0.92986,0.92997,2.97,3.64
2014.07.31 14:34:30.246,0.92988,0.92997,1.02,1.32
2014.07.31 14:34:31.136,0.92988,0.92998,3.64,1.39
2014.07.31 14:34:33.147,0.92988,0.92998,4.47,1.13
2014.07.31 14:34:34.311,0.92988,0.92998,4.47,1.32
2014.07.31 14:34:35.318,0.92989,0.92998,1.39,1.00
2014.07.31 14:34:35.823,0.92989,0.92999,1.39,1.39
2014.07.31 14:34:39.189,0.92989,0.92999,2.97,1.32
2014.07.31 14:34:39.543,0.9299,0.92999,1.28,1.00
2014.07.31 14:34:39.846,0.92996,0.93,1.00,1.00
2014.07.31 14:34:39.897,0.92997,0.93003,1.45,1.00
2014.07.31 14:34:39.948,0.92997,0.93005,2.22,1.50
2014.07.31 14:34:40.099,0.92998,0.93007,1.78,1.25
2014.07.31 14:34:40.604,0.92998,0.93007,1.40,1.69
2014.07.31 14:34:42.949,0.92998,0.93007,5.14,1.00
2014.07.31 14:34:48.627,0.92998,0.93007,1.84,1.32
2014.07.31 14:34:49.149,0.92998,0.93006,1.09,1.00
2014.07.31 14:34:49.962,0.92998,0.93006,1.20,1.69
2014.07.31 14:34:50.924,0.92998,0.93006,2.14,1.00
2014.07.31 14:34:51.658,0.92998,0.93007,2.07,1.02
2014.07.31 14:34:55.159,0.92998,0.93008,2.97,1.02
2014.07.31 14:34:55.678,0.92999,0.93008,1.47,1.00
2014.07.31 14:34:57.371,0.92999,0.93008,2.22,1.00
2014.07.31 14:34:58.688,0.92999,0.93008,1.47,1.25
2014.07.31 14:34:59.218,0.92999,0.93008,1.47,1.25
2014.07.31 14:35:01.249,0.92998,0.93008,2.97,1.25
2014.07.31 14:35:01.725,0.92996,0.93005,1.65,1.19
2014.07.31 14:35:01.827,0.92995,0.93003,2.82,1.50
2014.07.31 14:35:02.081,0.92995,0.93005,2.97,1.25
2014.07.31 14:35:02.335,0.92998,0.93006,1.18,1.69
2014.07.31 14:35:09.609,0.92998,0.93006,2.22,1.50
2014.07.31 14:35:09.926,0.93,0.93008,1.02,1.50
2014.07.31 14:35:10.431,0.93001,0.93009,1.25,1.58
2014.07.31 14:35:10.948,0.93001,0.9301,1.69,1.77
2014.07.31 14:35:11.468,0.93002,0.9301,1.25,1.10
2014.07.31 14:35:15.441,0.93001,0.9301,2.14,1.25
2014.07.31 14:35:16.432,0.93002,0.9301,1.00,1.25
2014.07.31 14:35:16.533,0.93004,0.93011,1.00,1.25
2014.07.31 14:35:16.837,0.93006,0.93012,1.00,1.10
2014.07.31 14:35:16.989,0.93005,0.93014,1.65,1.50
2014.07.31 14:35:17.191,0.93007,0.93015,1.39,1.00
2014.07.31 14:35:17.696,0.93008,0.93015,1.19,1.00
2014.07.31 14:35:18.224,0.93008,0.93016,1.19,1.00
2014.07.31 14:35:19.306,0.93007,0.93016,2.89,1.00
2014.07.31 14:35:19.560,0.93006,0.93013,1.10,1.00
2014.07.31 14:35:19.864,0.93003,0.9301,1.25,1.18
2014.07.31 14:35:20.452,0.93003,0.9301,1.25,1.20
2014.07.31 14:35:20.958,0.93002,0.9301,1.32,1.10
2014.07.31 14:35:21.471,0.93002,0.93011,2.44,1.18
2014.07.31 14:35:22.131,0.93002,0.9301,1.13,1.10
2014.07.31 14:35:23.297,0.93003,0.9301,1.19,1.10
2014.07.31 14:35:23.550,0.93009,0.93017,1.25,1.18
2014.07.31 14:35:23.651,0.93007,0.93014,1.84,1.50
2014.07.31 14:35:23.803,0.93004,0.93013,1.10,1.00
2014.07.31 14:35:23.854,0.93004,0.93013,1.00,1.15
2014.07.31 14:35:24.361,0.93003,0.93012,1.69,1.10
2014.07.31 14:35:24.463,0.93002,0.93011,1.77,1.69
2014.07.31 14:35:24.969,0.93002,0.93011,1.69,1.09
2014.07.31 14:35:25.907,0.93001,0.93011,2.89,1.09
2014.07.31 14:35:26.413,0.93003,0.93011,1.25,1.58
2014.07.31 14:35:26.918,0.93002,0.93011,1.19,1.18
2014.07.31 14:35:27.492,0.93001,0.93009,1.32,1.00
2014.07.31 14:35:27.927,0.93,0.93008,1.39,1.00
2014.07.31 14:35:28.433,0.93,0.93007,1.39,1.00
2014.07.31 14:35:29.442,0.92999,0.93007,1.20,1.00
2014.07.31 14:35:29.712,0.92997,0.93002,1.08,1.00
2014.07.31 14:35:29.764,0.92996,0.93002,1.50,1.00
2014.07.31 14:35:29.865,0.92994,0.93002,1.25,1.58
2014.07.31 14:35:30.377,0.92993,0.93002,1.32,1.84
2014.07.31 14:35:33.752,0.92997,0.93001,1.50,1.10
2014.07.31 14:35:33.954,0.92999,0.93008,1.13,1.10
2014.07.31 14:35:34.106,0.93001,0.93008,1.19,1.00
2014.07.31 14:35:34.257,0.93001,0.9301,2.44,1.10
2014.07.31 14:35:34.762,0.93001,0.9301,1.19,1.18
2014.07.31 14:35:36.197,0.93001,0.93009,1.25,1.10
2014.07.31 14:35:36.702,0.92999,0.93008,2.89,1.00
2014.07.31 14:35:36.948,0.93002,0.93009,1.50,1.10
2014.07.31 14:35:37.252,0.93004,0.93011,1.69,1.18
2014.07.31 14:35:37.786,0.93004,0.93011,1.69,1.18
2014.07.31 14:35:38.707,0.93004,0.93011,1.69,1.15
2014.07.31 14:35:42.281,0.93004,0.93011,2.44,1.18
2014.07.31 14:35:42.796,0.93004,0.93011,3.19,1.10
2014.07.31 14:35:46.725,0.93004,0.93011,3.19,1.00
2014.07.31 14:35:46.876,0.93007,0.93016,3.64,1.10
2014.07.31 14:35:47.129,0.9301,0.93017,1.19,1.10
2014.07.31 14:35:47.655,0.93012,0.93019,1.50,1.10
2014.07.31 14:35:48.328,0.93012,0.93019,1.69,1.08
2014.07.31 14:35:49.090,0.93012,0.93019,1.50,1.20
2014.07.31 14:35:53.949,0.93012,0.9302,1.69,1.10
2014.07.31 14:35:54.403,0.93014,0.93021,1.25,1.65
2014.07.31 14:35:54.908,0.93014,0.93021,2.44,1.10
2014.07.31 14:35:55.414,0.93014,0.93021,2.44,1.18
2014.07.31 14:35:55.956,0.93014,0.93021,2.44,1.10
2014.07.31 14:35:56.714,0.93014,0.93021,1.50,1.15
2014.07.31 14:35:57.232,0.93014,0.93021,1.50,1.18
2014.07.31 14:35:57.801,0.93014,0.93021,1.50,1.10
2014.07.31 14:35:58.474,0.93014,0.93021,1.50,1.18
2014.07.31 14:35:58.986,0.93014,0.93021,1.50,1.10
2014.07.31 14:35:59.291,0.93017,0.93025,1.84,1.00
2014.07.31 14:35:59.342,0.93017,0.93027,2.59,1.50
2014.07.31 14:35:59.747,0.93021,0.93029,1.50,1.25
2014.07.31 14:36:00.284,0.93022,0.93029,1.50,1.00
2014.07.31 14:36:01.687,0.9302,0.93029,1.02,1.25
2014.07.31 14:36:02.207,0.9302,0.93028,1.02,1.00
2014.07.31 14:36:02.772,0.93019,0.93028,1.02,1.25
2014.07.31 14:36:04.364,0.9302,0.93028,1.00,1.02
2014.07.31 14:36:04.733,0.93022,0.93028,1.50,1.00
2014.07.31 14:36:05.691,0.93022,0.93029,2.25,1.10
2014.07.31 14:36:06.876,0.93023,0.93029,1.00,1.10
2014.07.31 14:36:07.027,0.93023,0.93031,1.00,1.09
2014.07.31 14:36:07.532,0.93023,0.93031,1.25,1.18
2014.07.31 14:36:08.045,0.93024,0.93032,2.44,1.18
2014.07.31 14:36:08.147,0.93026,0.93032,1.25,1.18
2014.07.31 14:36:08.451,0.93032,0.93038,1.50,1.65
2014.07.31 14:36:08.502,0.93032,0.93038,1.50,1.65
2014.07.31 14:36:08.706,0.93032,0.93039,1.69,1.58
2014.07.31 14:36:11.524,0.9303,0.93037,2.52,1.00
2014.07.31 14:36:11.827,0.93032,0.93039,1.50,1.02
2014.07.31 14:36:12.920,0.93032,0.9304,2.25,1.02
2014.07.31 14:36:13.437,0.93032,0.93041,3.19,1.58
2014.07.31 14:36:13.891,0.93034,0.93041,1.69,1.00
2014.07.31 14:36:14.428,0.93034,0.93042,3.94,1.50
2014.07.31 14:36:14.630,0.93038,0.93047,1.65,1.00
2014.07.31 14:36:14.681,0.93042,0.93047,1.50,1.00
2014.07.31 14:36:15.085,0.93041,0.93049,1.50,1.58
2014.07.31 14:36:15.489,0.93041,0.93049,1.50,2.09
2014.07.31 14:36:15.691,0.93037,0.93044,1.00,2.32
2014.07.31 14:36:15.742,0.93034,0.93044,1.02,2.39
2014.07.31 14:36:16.247,0.93037,0.93044,1.50,3.43
2014.07.31 14:36:16.449,0.93037,0.93046,2.40,1.00
2014.07.31 14:36:16.703,0.93038,0.93047,1.84,1.00
2014.07.31 14:36:17.006,0.93042,0.93047,1.50,1.00
2014.07.31 14:36:17.259,0.93042,0.93049,1.50,1.00
2014.07.31 14:36:18.884,0.9304,0.93049,1.02,1.32
2014.07.31 14:36:18.986,0.93039,0.93049,1.84,2.32
2014.07.31 14:36:19.289,0.93038,0.93046,1.50,2.58
2014.07.31 14:36:19.441,0.93035,0.93045,2.25,2.87
2014.07.31 14:36:20.400,0.93034,0.93044,2.44,1.84
2014.07.31 14:36:20.905,0.93034,0.93044,2.25,2.59
2014.07.31 14:36:21.057,0.93037,0.93045,1.50,1.65
2014.07.31 14:36:21.108,0.93037,0.93045,1.50,1.50
2014.07.31 14:36:21.209,0.93037,0.93047,4.09,1.25
2014.07.31 14:36:22.180,0.93038,0.93048,1.84,1.25
2014.07.31 14:36:23.385,0.93045,0.93051,1.50,1.72
2014.07.31 14:36:23.486,0.93044,0.93051,1.50,1.09
2014.07.31 14:36:23.689,0.93042,0.93051,2.52,1.25
2014.07.31 14:36:25.158,0.93043,0.93052,1.50,1.29
2014.07.31 14:36:25.562,0.93042,0.93049,2.59,1.00
2014.07.31 14:36:25.714,0.93041,0.93049,2.33,1.25
2014.07.31 14:36:26.219,0.93042,0.9305,1.69,1.00
2014.07.31 14:36:26.723,0.93042,0.93051,2.44,2.52
2014.07.31 14:36:26.825,0.93047,0.93051,1.00,1.50
2014.07.31 14:36:26.926,0.93051,0.93057,1.50,1.50
2014.07.31 14:36:27.431,0.93055,0.9306,1.50,1.00
2014.07.31 14:36:27.887,0.93055,0.9306,1.50,1.00
2014.07.31 14:36:29.105,0.93055,0.93059,1.50,1.00
2014.07.31 14:36:29.207,0.93052,0.93059,3.27,1.00
2014.07.31 14:36:29.729,0.93052,0.93059,1.69,1.00
2014.07.31 14:36:30.815,0.93052,0.93059,2.44,1.00
2014.07.31 14:36:36.315,0.93052,0.93059,2.44,1.00
2014.07.31 14:36:36.567,0.93052,0.93061,2.44,1.02
2014.07.31 14:36:37.430,0.93052,0.93061,2.44,1.10
2014.07.31 14:36:41.038,0.93052,0.93061,1.77,1.25
2014.07.31 14:36:41.569,0.93052,0.93061,1.69,1.09
2014.07.31 14:36:42.590,0.93054,0.9306,1.39,1.00
2014.07.31 14:36:42.641,0.93056,0.93062,1.50,1.00
2014.07.31 14:36:42.692,0.93056,0.93066,2.33,3.64
2014.07.31 14:36:43.097,0.93056,0.93064,1.69,1.58
2014.07.31 14:36:43.248,0.93053,0.93063,3.19,1.40
2014.07.31 14:36:43.602,0.93058,0.93064,1.50,1.65
2014.07.31 14:36:43.703,0.93058,0.93064,1.50,1.00
2014.07.31 14:36:43.754,0.93056,0.93065,2.44,1.09
2014.07.31 14:36:44.007,0.93054,0.93065,2.44,4.39
2014.07.31 14:36:44.511,0.93053,0.93064,3.19,4.70
2014.07.31 14:36:45.058,0.93053,0.93064,3.19,2.47
2014.07.31 14:36:45.566,0.93053,0.93064,3.19,5.89
2014.07.31 14:36:46.081,0.93053,0.93064,3.19,3.72
2014.07.31 14:36:46.586,0.93054,0.93064,1.00,3.72
2014.07.31 14:36:47.096,0.93053,0.93064,1.69,3.72
2014.07.31 14:36:48.288,0.93053,0.93063,1.69,1.37
2014.07.31 14:36:48.597,0.93057,0.93066,2.40,1.19
2014.07.31 14:36:49.112,0.93057,0.93066,2.33,1.19
2014.07.31 14:36:49.416,0.93053,0.93062,1.19,1.18
2014.07.31 14:36:50.224,0.93053,0.93062,1.25,1.09
2014.07.31 14:36:50.779,0.93052,0.93062,3.94,1.40
2014.07.31 14:36:52.622,0.93052,0.93061,1.57,1.18
2014.07.31 14:36:53.131,0.93052,0.93061,1.32,1.09
2014.07.31 14:36:53.658,0.93052,0.93061,1.32,1.02
2014.07.31 14:36:54.637,0.93052,0.9306,1.32,1.00
2014.07.31 14:36:55.383,0.93052,0.93059,1.00,1.00
2014.07.31 14:36:55.886,0.93051,0.93059,1.32,1.00
2014.07.31 14:36:56.392,0.93051,0.93058,1.20,1.00
2014.07.31 14:36:56.907,0.93051,0.9306,1.13,1.29
2014.07.31 14:37:00.552,0.93049,0.93059,2.89,2.52
2014.07.31 14:37:02.920,0.93049,0.93059,2.14,1.77
2014.07.31 14:37:03.427,0.93049,0.93059,1.32,2.59
2014.07.31 14:37:04.906,0.93049,0.93059,1.39,2.52
2014.07.31 14:37:07.724,0.93051,0.93059,1.00,1.39
2014.07.31 14:37:07.875,0.93048,0.93058,2.89,1.02
2014.07.31 14:37:10.595,0.93048,0.93058,2.82,2.14
2014.07.31 14:37:11.227,0.93048,0.93058,2.07,2.22
2014.07.31 14:37:11.530,0.93047,0.93051,2.25,1.00
2014.07.31 14:37:11.683,0.93042,0.93049,1.69,1.95
2014.07.31 14:37:11.784,0.93038,0.93048,3.72,1.20
2014.07.31 14:37:11.835,0.93039,0.93048,1.19,1.20
2014.07.31 14:37:12.339,0.93038,0.93048,2.89,2.14
2014.07.31 14:37:17.564,0.9304,0.93048,1.00,1.69
2014.07.31 14:37:18.068,0.93038,0.93049,3.72,1.20
2014.07.31 14:37:18.796,0.93045,0.9305,1.00,2.52
2014.07.31 14:37:18.949,0.93046,0.93052,1.00,1.65
2014.07.31 14:37:19.151,0.93041,0.93049,6.64,1.50
2014.07.31 14:37:19.304,0.93039,0.93049,2.97,2.25
2014.07.31 14:37:20.378,0.93038,0.93049,3.72,2.44
2014.07.31 14:37:22.596,0.93038,0.93049,3.64,1.47
2014.07.31 14:37:23.111,0.93038,0.93049,3.64,1.47
2014.07.31 14:37:25.596,0.9304,0.93049,1.00,2.22
2014.07.31 14:37:26.932,0.93039,0.93048,1.32,1.02
2014.07.31 14:37:27.442,0.93039,0.93048,2.07,1.10
2014.07.31 14:37:29.349,0.93039,0.93049,2.22,1.32
2014.07.31 14:37:30.121,0.9304,0.9305,2.14,2.89
2014.07.31 14:37:32.888,0.93041,0.93051,2.52,1.58
2014.07.31 14:37:32.951,0.93044,0.93051,1.00,1.10
2014.07.31 14:37:33.204,0.93048,0.93057,1.25,2.89
2014.07.31 14:37:33.709,0.93049,0.93058,1.00,2.14
2014.07.31 14:37:34.214,0.93048,0.93057,1.10,1.32
2014.07.31 14:37:34.719,0.93047,0.93058,1.77,4.47
2014.07.31 14:37:36.608,0.93047,0.93057,1.25,1.72
2014.07.31 14:37:37.154,0.93047,0.93057,1.25,1.74
2014.07.31 14:37:37.812,0.93047,0.93057,1.25,1.72
2014.07.31 14:37:38.419,0.93047,0.93052,1.00,1.50
2014.07.31 14:37:38.722,0.93047,0.93054,1.25,1.58
2014.07.31 14:37:39.227,0.93045,0.93056,1.77,4.84
2014.07.31 14:37:40.234,0.93046,0.93056,1.00,4.09
2014.07.31 14:37:40.486,0.93046,0.93057,2.52,3.72
2014.07.31 14:37:41.362,0.93047,0.93057,1.77,1.39
2014.07.31 14:37:41.868,0.93046,0.93057,2.52,3.72
2014.07.31 14:37:42.392,0.93046,0.93057,2.52,4.47
2014.07.31 14:37:42.898,0.93046,0.93055,1.29,1.50
2014.07.31 14:37:43.548,0.93045,0.93055,3.72,1.69
2014.07.31 14:37:44.053,0.93045,0.93055,3.72,1.69
2014.07.31 14:37:46.355,0.93046,0.93055,1.25,1.84
2014.07.31 14:37:46.608,0.93048,0.93055,1.00,1.95
2014.07.31 14:37:46.709,0.93048,0.93057,1.02,2.07
2014.07.31 14:37:47.214,0.93048,0.93059,4.39,3.72
2014.07.31 14:37:47.618,0.93048,0.93059,3.27,4.47
2014.07.31 14:37:48.122,0.93048,0.93058,1.02,3.65
2014.07.31 14:37:49.576,0.93047,0.93057,1.02,3.65
2014.07.31 14:37:51.544,0.93048,0.93056,1.10,1.69
2014.07.31 14:37:51.898,0.93048,0.93058,3.72,1.00
2014.07.31 14:37:52.402,0.9305,0.93059,1.39,3.19
2014.07.31 14:37:54.805,0.93049,0.93059,1.32,3.64
2014.07.31 14:37:56.016,0.93049,0.93059,2.14,3.27
2014.07.31 14:38:00.381,0.9305,0.93058,1.32,1.00
2014.07.31 14:38:01.226,0.9305,0.93059,1.32,2.52
2014.07.31 14:38:01.882,0.93053,0.93059,1.00,2.25
2014.07.31 14:38:02.202,0.93057,0.93065,1.00,1.02
2014.07.31 14:38:02.354,0.93058,0.93062,1.10,1.50
2014.07.31 14:38:02.405,0.93056,0.93062,1.00,2.25
2014.07.31 14:38:02.557,0.93053,0.93061,1.84,1.50
2014.07.31 14:38:02.936,0.93053,0.93064,2.59,3.27
2014.07.31 14:38:03.491,0.93053,0.93062,1.77,1.08
2014.07.31 14:38:04.358,0.93053,0.93062,1.77,1.10
2014.07.31 14:38:04.409,0.93054,0.93064,1.29,2.52
2014.07.31 14:38:04.814,0.93055,0.93063,1.00,1.33
2014.07.31 14:38:05.332,0.93054,0.93062,1.25,1.18
2014.07.31 14:38:05.635,0.93052,0.93062,1.69,1.15
2014.07.31 14:38:06.544,0.93052,0.93062,1.50,1.40
2014.07.31 14:38:06.645,0.93054,0.93063,1.45,1.08
2014.07.31 14:38:06.948,0.93057,0.93065,1.50,2.25
2014.07.31 14:38:08.084,0.93057,0.93065,2.63,2.25
2014.07.31 14:38:10.448,0.93057,0.93065,1.50,2.33
2014.07.31 14:38:11.005,0.93058,0.93065,1.00,1.50
2014.07.31 14:38:11.512,0.93058,0.93066,1.10,2.25
2014.07.31 14:38:13.205,0.93057,0.93066,1.20,3.19
2014.07.31 14:38:13.256,0.93057,0.93064,1.00,2.25
2014.07.31 14:38:13.458,0.93052,0.93061,1.18,1.50
2014.07.31 14:38:13.560,0.93051,0.9306,1.77,2.25
2014.07.31 14:38:14.064,0.93051,0.93059,1.77,2.25
2014.07.31 14:38:14.317,0.93052,0.93061,1.20,1.50
2014.07.31 14:38:14.469,0.93052,0.93061,1.78,1.00
2014.07.31 14:38:14.974,0.93053,0.93062,2.22,1.00
2014.07.31 14:38:15.429,0.93053,0.93063,1.25,1.09
2014.07.31 14:38:15.636,0.93054,0.93064,2.59,2.25
2014.07.31 14:38:16.040,0.93054,0.93063,1.00,1.09
2014.07.31 14:38:16.560,0.93055,0.93064,1.09,1.25
2014.07.31 14:38:16.863,0.93052,0.93062,1.69,1.65
2014.07.31 14:38:17.398,0.93052,0.93062,2.44,1.18
2014.07.31 14:38:17.860,0.93056,0.93062,1.00,1.10
2014.07.31 14:38:18.062,0.93056,0.93065,1.10,1.19
2014.07.31 14:38:18.790,0.93056,0.93065,1.25,1.02
2014.07.31 14:38:23.139,0.93056,0.93065,2.14,1.00
2014.07.31 14:38:24.107,0.93056,0.93065,1.32,1.77
2014.07.31 14:38:27.112,0.93056,0.93065,1.39,1.50
2014.07.31 14:38:28.121,0.93055,0.93065,2.89,1.77
2014.07.31 14:38:29.052,0.93055,0.93065,1.58,2.45
2014.07.31 14:38:29.153,0.93054,0.93063,1.10,2.39
2014.07.31 14:38:29.371,0.93052,0.93062,1.39,3.97
2014.07.31 14:38:29.877,0.93051,0.9306,1.00,3.89
2014.07.31 14:38:30.129,0.93055,0.9306,1.00,1.77
2014.07.31 14:38:30.281,0.93053,0.93062,1.37,1.00
2014.07.31 14:38:30.433,0.93053,0.93062,1.10,4.32
2014.07.31 14:38:30.938,0.93052,0.93061,1.32,2.84
2014.07.31 14:38:31.246,0.93052,0.93061,2.07,1.10
2014.07.31 14:38:31.398,0.93052,0.93059,2.07,1.50
2014.07.31 14:38:31.600,0.93051,0.93059,1.00,2.44
2014.07.31 14:38:32.157,0.93051,0.93059,1.00,2.69
2014.07.31 14:38:32.872,0.93051,0.93059,1.19,3.63
2014.07.31 14:38:33.377,0.93051,0.93059,1.00,3.52
2014.07.31 14:38:33.913,0.9305,0.93059,1.25,3.99
2014.07.31 14:38:35.907,0.93049,0.93057,1.39,1.00
2014.07.31 14:38:36.453,0.93048,0.93057,1.39,1.50
2014.07.31 14:38:36.958,0.93048,0.93056,1.39,1.00
2014.07.31 14:38:37.539,0.93048,0.93055,1.39,1.00
2014.07.31 14:38:37.741,0.93048,0.93053,1.00,1.00
2014.07.31 14:38:37.842,0.93044,0.9305,1.10,1.00
2014.07.31 14:38:38.347,0.93044,0.93049,1.00,3.19
2014.07.31 14:38:38.398,0.93042,0.93049,1.00,2.44
2014.07.31 14:38:44.222,0.93041,0.93049,1.20,2.44
2014.07.31 14:38:47.589,0.9304,0.93049,1.32,4.02
2014.07.31 14:38:49.475,0.9304,0.93049,1.13,4.02
2014.07.31 14:38:52.488,0.9304,0.93048,1.00,1.32
2014.07.31 14:38:54.594,0.9304,0.93048,1.00,1.02
2014.07.31 14:38:55.099,0.93039,0.93048,1.32,1.09
2014.07.31 14:38:55.503,0.93039,0.93049,3.72,1.50
2014.07.31 14:38:56.487,0.9304,0.93049,1.20,3.19
2014.07.31 14:38:57.989,0.93039,0.93047,1.39,1.00
2014.07.31 14:38:58.555,0.93039,0.93048,1.47,1.25
2014.07.31 14:38:59.693,0.93039,0.93047,1.47,1.00
2014.07.31 14:39:00.209,0.93039,0.93047,1.39,1.00
2014.07.31 14:39:00.716,0.93038,0.93048,2.22,1.69
2014.07.31 14:39:01.237,0.93038,0.93047,2.14,1.69
2014.07.31 14:39:05.233,0.93038,0.93047,1.39,1.69
2014.07.31 14:39:08.661,0.93038,0.93047,1.39,1.69
2014.07.31 14:39:13.132,0.93038,0.93048,2.14,2.52
2014.07.31 14:39:13.637,0.9304,0.93048,1.20,1.25
2014.07.31 14:39:19.682,0.9304,0.93049,1.39,3.19
2014.07.31 14:39:20.715,0.9304,0.93048,1.10,1.25
2014.07.31 14:39:31.535,0.93042,0.93049,1.00,3.34
2014.07.31 14:39:34.061,0.9304,0.93049,1.13,3.34
2014.07.31 14:39:51.439,0.93039,0.93048,1.69,2.14
2014.07.31 14:39:51.945,0.93039,0.93047,1.00,1.25
2014.07.31 14:39:52.469,0.93039,0.93047,1.00,1.70
2014.07.31 14:39:52.974,0.93038,0.93047,1.25,2.14
2014.07.31 14:39:53.176,0.93038,0.93042,1.00,1.00
2014.07.31 14:39:53.329,0.93034,0.93039,1.00,1.00
2014.07.31 14:39:53.430,0.93032,0.93039,1.00,1.13
2014.07.31 14:39:53.531,0.9303,0.93039,1.25,1.95
2014.07.31 14:39:53.684,0.9303,0.93036,1.13,1.00
2014.07.31 14:39:54.188,0.93029,0.93035,1.00,1.00
2014.07.31 14:39:54.441,0.93029,0.93037,1.00,1.77
2014.07.31 14:39:54.946,0.93029,0.93036,1.00,1.00
2014.07.31 14:39:55.472,0.93029,0.93037,1.00,1.02
2014.07.31 14:39:55.977,0.93029,0.93036,1.00,1.00
2014.07.31 14:39:56.498,0.93029,0.93037,1.00,1.25
2014.07.31 14:40:00.359,0.93032,0.93038,1.00,1.29
2014.07.31 14:40:00.881,0.93032,0.93038,1.00,1.02
2014.07.31 14:40:01.399,0.93032,0.93038,1.00,1.09
2014.07.31 14:40:01.910,0.93032,0.93038,1.00,1.09
2014.07.31 14:40:02.427,0.93031,0.93038,1.00,1.02
2014.07.31 14:40:02.970,0.93031,0.93038,1.00,1.09
2014.07.31 14:40:03.452,0.93029,0.93038,1.00,1.47
2014.07.31 14:40:07.095,0.93029,0.93039,1.32,4.47
2014.07.31 14:40:07.635,0.93029,0.93039,1.32,4.47
2014.07.31 14:40:13.514,0.93029,0.93038,1.63,1.09
2014.07.31 14:40:14.173,0.93029,0.93038,1.00,2.22
2014.07.31 14:40:21.376,0.93029,0.93038,1.25,1.47
2014.07.31 14:40:22.000,0.93029,0.93038,1.25,1.78
2014.07.31 14:40:22.570,0.93029,0.93038,1.25,1.47
2014.07.31 14:40:23.130,0.93029,0.93039,1.69,2.97
2014.07.31 14:40:24.415,0.93029,0.93039,2.07,2.97
2014.07.31 14:40:25.000,0.93029,0.93039,1.69,2.97
2014.07.31 14:40:25.511,0.93029,0.93039,1.69,2.97
2014.07.31 14:40:26.174,0.93029,0.93039,2.07,2.97
2014.07.31 14:40:26.842,0.93029,0.93039,2.07,2.97
2014.07.31 14:40:27.455,0.9303,0.93039,1.00,2.97
2014.07.31 14:40:27.969,0.9303,0.93039,1.00,2.97
2014.07.31 14:40:28.477,0.93029,0.93039,2.07,2.97
2014.07.31 14:40:29.051,0.93029,0.93039,2.07,2.22
2014.07.31 14:40:29.597,0.93029,0.93039,2.07,2.22
2014.07.31 14:40:30.102,0.93029,0.93039,2.07,2.22
2014.07.31 14:40:30.920,0.93029,0.93039,2.07,1.47
2014.07.31 14:40:31.425,0.9303,0.93039,1.25,1.47
2014.07.31 14:40:31.950,0.9303,0.93039,1.25,1.47
2014.07.31 14:40:32.483,0.9303,0.93039,1.25,1.47
2014.07.31 14:40:33.523,0.9303,0.93039,1.25,1.47
2014.07.31 14:40:34.085,0.9303,0.93039,1.25,1.47
2014.07.31 14:40:34.607,0.9303,0.93039,1.25,1.47
2014.07.31 14:40:35.678,0.9303,0.93039,1.25,1.47
2014.07.31 14:40:36.241,0.9303,0.93039,1.25,2.97
2014.07.31 14:40:36.752,0.9303,0.93039,1.25,2.97
2014.07.31 14:40:37.266,0.9303,0.93039,1.25,2.97
2014.07.31 14:40:37.875,0.93029,0.93039,2.07,2.97
2014.07.31 14:40:38.415,0.93029,0.93039,2.07,2.97
2014.07.31 14:40:40.151,0.93029,0.93039,2.07,2.97
2014.07.31 14:40:41.244,0.93029,0.93039,1.32,2.97
2014.07.31 14:40:41.799,0.93029,0.93039,1.32,2.97
2014.07.31 14:40:42.327,0.93029,0.93039,1.32,2.97
2014.07.31 14:40:46.250,0.93029,0.93039,1.32,2.97
2014.07.31 14:40:46.871,0.93029,0.93039,1.32,2.97
2014.07.31 14:40:47.512,0.93029,0.93038,1.32,1.40
2014.07.31 14:40:48.409,0.93029,0.93038,1.25,2.22
2014.07.31 14:40:49.074,0.93029,0.93038,1.32,1.40
2014.07.31 14:40:49.745,0.93029,0.93038,1.32,1.09
2014.07.31 14:40:50.255,0.93029,0.93038,1.25,2.97
2014.07.31 14:40:53.533,0.93029,0.93037,1.25,1.10
2014.07.31 14:40:54.039,0.93029,0.93037,1.25,1.28
2014.07.31 14:40:54.393,0.93026,0.93036,2.14,1.77
2014.07.31 14:40:54.899,0.93026,0.93035,2.14,1.00
2014.07.31 14:40:56.328,0.93026,0.93036,2.14,2.89
2014.07.31 14:40:56.841,0.93026,0.93036,2.07,2.22
2014.07.31 14:40:57.623,0.93026,0.93036,2.14,2.22
2014.07.31 14:40:58.128,0.93026,0.93036,1.32,2.22
2014.07.31 14:41:00.252,0.93026,0.93035,2.89,1.00
2014.07.31 14:41:02.660,0.93026,0.93036,3.64,1.02
2014.07.31 14:41:03.459,0.93026,0.93036,3.57,1.33
2014.07.31 14:41:03.989,0.93026,0.93036,3.64,1.02
2014.07.31 14:41:05.455,0.93026,0.93036,3.57,1.33
2014.07.31 14:41:05.970,0.93027,0.93036,1.39,1.25
2014.07.31 14:41:10.798,0.93026,0.93036,2.97,1.69
2014.07.31 14:41:11.367,0.93026,0.93036,2.82,1.84
2014.07.31 14:41:11.873,0.93026,0.93036,2.89,1.77
2014.07.31 14:41:12.406,0.93026,0.93035,2.82,1.10
2014.07.31 14:41:15.067,0.93026,0.93036,2.89,1.77
2014.07.31 14:41:15.370,0.93026,0.93032,1.10,1.00
2014.07.31 14:41:15.623,0.93022,0.93031,1.25,1.09
2014.07.31 14:41:15.926,0.93023,0.93031,1.19,1.65
2014.07.31 14:41:16.078,0.93027,0.93035,1.00,1.39
2014.07.31 14:41:16.937,0.93027,0.93035,1.00,1.32
2014.07.31 14:41:31.846,0.93027,0.93036,2.07,1.02
2014.07.31 14:41:32.371,0.93027,0.93036,1.32,1.84
2014.07.31 14:41:32.885,0.93027,0.93036,1.32,1.77
2014.07.31 14:41:33.656,0.93027,0.93036,2.07,1.10
2014.07.31 14:41:34.178,0.93029,0.93037,1.00,1.77
2014.07.31 14:41:34.685,0.93029,0.93038,1.32,1.18
2014.07.31 14:41:35.654,0.93029,0.93039,2.07,1.65
2014.07.31 14:41:35.856,0.93037,0.93043,1.00,1.50
2014.07.31 14:41:35.957,0.9304,0.93046,1.00,1.50
2014.07.31 14:41:36.463,0.93038,0.93048,2.59,1.00
2014.07.31 14:41:36.967,0.93038,0.93047,1.25,2.52
2014.07.31 14:41:37.623,0.93038,0.93046,1.25,1.00
2014.07.31 14:41:39.035,0.93038,0.93045,1.00,1.00
2014.07.31 14:41:39.899,0.93038,0.93046,1.00,1.02
2014.07.31 14:41:40.584,0.93038,0.93045,1.00,1.00
2014.07.31 14:41:43.532,0.93038,0.93047,1.25,2.22
2014.07.31 14:41:46.113,0.93038,0.93047,1.69,1.47
2014.07.31 14:41:46.899,0.93038,0.93047,1.69,2.22
2014.07.31 14:41:47.410,0.93038,0.93047,1.25,3.72
2014.07.31 14:41:48.332,0.93038,0.93047,1.25,3.72
2014.07.31 14:41:49.524,0.93038,0.93047,1.25,3.72
2014.07.31 14:41:50.027,0.93038,0.93047,1.25,3.72
2014.07.31 14:41:50.641,0.93038,0.93046,1.00,1.29
2014.07.31 14:41:51.669,0.93037,0.93046,1.69,1.39
2014.07.31 14:41:52.225,0.93037,0.93046,1.19,1.47
2014.07.31 14:41:52.730,0.93037,0.93046,1.25,2.22
2014.07.31 14:41:53.667,0.93037,0.93045,1.77,1.00
2014.07.31 14:41:55.081,0.93037,0.93047,2.14,3.64
2014.07.31 14:41:56.466,0.93037,0.93047,2.14,1.77
2014.07.31 14:41:56.970,0.93038,0.93047,1.19,1.77
2014.07.31 14:41:57.575,0.93037,0.93045,1.65,1.00
2014.07.31 14:41:57.979,0.93039,0.93047,1.25,1.02
2014.07.31 14:41:58.484,0.9304,0.93048,1.00,2.14
2014.07.31 14:42:00.991,0.93039,0.93048,1.69,1.47
2014.07.31 14:42:01.496,0.9304,0.93048,1.00,1.47
2014.07.31 14:42:01.748,0.93038,0.93047,1.69,1.29
2014.07.31 14:42:19.468,0.93038,0.93046,1.00,1.29
2014.07.31 14:42:21.872,0.93038,0.93047,1.00,1.67
2014.07.31 14:42:22.398,0.93038,0.93046,1.00,1.32
2014.07.31 14:42:25.404,0.93037,0.93045,1.00,1.32
2014.07.31 14:42:25.909,0.93035,0.93045,3.64,1.77
2014.07.31 14:42:26.414,0.93036,0.93045,1.32,1.02
2014.07.31 14:42:32.635,0.93037,0.93047,1.02,2.14
2014.07.31 14:42:33.143,0.93037,0.93046,1.25,1.39
2014.07.31 14:42:35.032,0.93037,0.93047,1.77,2.89
2014.07.31 14:42:38.683,0.93036,0.93044,1.58,1.32
2014.07.31 14:42:38.987,0.93035,0.93041,1.00,2.14
2014.07.31 14:42:39.301,0.93032,0.9304,1.25,1.09
2014.07.31 14:42:39.831,0.93031,0.93041,2.44,2.59
2014.07.31 14:42:40.337,0.93034,0.93041,1.00,2.97
2014.07.31 14:42:40.842,0.93032,0.93042,1.19,2.97
2014.07.31 14:42:41.388,0.93032,0.9304,1.25,1.39
2014.07.31 14:42:42.155,0.93032,0.9304,2.07,1.10
2014.07.31 14:42:42.357,0.93034,0.93042,1.77,1.00
2014.07.31 14:42:42.861,0.93034,0.93042,1.69,1.48
2014.07.31 14:42:43.064,0.93033,0.93041,1.00,1.74
2014.07.31 14:42:43.568,0.93031,0.93041,1.19,3.72
2014.07.31 14:42:44.174,0.93031,0.9304,1.25,1.47
2014.07.31 14:42:44.576,0.93031,0.9304,1.25,2.22
2014.07.31 14:42:44.779,0.93033,0.93041,2.44,1.00
2014.07.31 14:42:45.311,0.93034,0.93042,1.25,1.02
2014.07.31 14:42:45.818,0.93034,0.93042,1.00,1.84
2014.07.31 14:42:46.345,0.93033,0.93042,1.25,1.84
2014.07.31 14:42:47.213,0.93031,0.93041,3.19,2.97
2014.07.31 14:42:48.233,0.93031,0.9304,1.69,2.14
2014.07.31 14:42:48.672,0.93033,0.9304,1.00,1.32
2014.07.31 14:42:49.197,0.93034,0.93041,1.00,1.67
2014.07.31 14:42:50.740,0.93034,0.93042,1.00,3.72
2014.07.31 14:42:51.964,0.93034,0.93042,1.00,3.72
2014.07.31 14:42:52.940,0.93034,0.93042,1.00,3.72
2014.07.31 14:42:53.450,0.93033,0.93042,1.25,3.72
2014.07.31 14:42:55.185,0.93031,0.93041,2.44,2.97
2014.07.31 14:42:55.540,0.9303,0.93039,2.44,2.14
2014.07.31 14:42:59.460,0.93031,0.93038,1.00,1.02
2014.07.31 14:42:59.965,0.93032,0.93039,1.00,1.69
2014.07.31 14:43:00.217,0.93032,0.9304,1.00,1.13
2014.07.31 14:43:03.284,0.93033,0.93041,1.00,2.97
2014.07.31 14:43:04.820,0.93034,0.93041,1.00,1.84
2014.07.31 14:43:04.971,0.93035,0.93041,1.32,1.10
2014.07.31 14:43:05.073,0.93036,0.93044,1.39,1.25
2014.07.31 14:43:05.578,0.93037,0.93045,1.00,1.19
2014.07.31 14:43:06.082,0.93037,0.93046,1.02,2.07
2014.07.31 14:43:06.996,0.93037,0.93046,1.77,1.32
2014.07.31 14:43:07.612,0.93036,0.93043,1.28,1.00
2014.07.31 14:43:07.916,0.93035,0.93041,1.13,1.10
2014.07.31 14:43:08.401,0.93032,0.93041,2.07,1.02
2014.07.31 14:43:08.944,0.93032,0.93041,1.25,2.97
2014.07.31 14:43:09.903,0.93032,0.9304,1.00,1.29
2014.07.31 14:43:11.120,0.93032,0.93041,2.44,2.97
2014.07.31 14:43:13.417,0.93032,0.93041,3.57,2.40
2014.07.31 14:43:13.568,0.93034,0.93042,2.89,1.00
2014.07.31 14:43:14.075,0.93034,0.93043,1.00,1.10
2014.07.31 14:43:14.126,0.93034,0.93041,1.10,1.25
2014.07.31 14:43:14.429,0.93032,0.93041,1.25,2.59
2014.07.31 14:43:14.948,0.93032,0.93041,3.19,2.59
2014.07.31 14:43:16.458,0.93032,0.9304,1.00,1.39
2014.07.31 14:43:16.964,0.93031,0.9304,3.19,1.39
2014.07.31 14:43:18.029,0.93033,0.9304,1.00,1.39
2014.07.31 14:43:18.582,0.93033,0.93041,1.00,2.22
2014.07.31 14:43:19.866,0.93033,0.93042,2.07,1.77
2014.07.31 14:43:20.371,0.93033,0.93043,4.09,1.19
2014.07.31 14:43:20.691,0.93036,0.93045,2.44,1.02
2014.07.31 14:43:21.197,0.93038,0.93046,1.00,1.29
2014.07.31 14:43:21.922,0.93038,0.93044,1.00,1.02
2014.07.31 14:43:22.124,0.93036,0.93044,1.00,2.52
2014.07.31 14:43:22.329,0.93033,0.93043,3.94,2.59
2014.07.31 14:43:22.480,0.93033,0.93042,2.44,1.40
2014.07.31 14:43:22.682,0.93032,0.93041,1.25,1.84
2014.07.31 14:43:23.189,0.9303,0.93038,4.32,1.00
2014.07.31 14:43:23.846,0.93033,0.93038,1.38,1.00
2014.07.31 14:43:23.998,0.93031,0.9304,2.97,1.25
2014.07.31 14:43:24.099,0.93032,0.9304,1.25,1.02
2014.07.31 14:43:24.605,0.93031,0.9304,1.69,1.47
2014.07.31 14:43:25.152,0.93031,0.9304,1.25,2.22
2014.07.31 14:43:27.828,0.93032,0.9304,1.00,2.22
2014.07.31 14:43:28.030,0.93033,0.93041,1.19,1.08
2014.07.31 14:43:28.081,0.93033,0.93041,1.77,1.00
2014.07.31 14:43:28.182,0.93034,0.93043,2.44,1.02
2014.07.31 14:43:28.688,0.93035,0.93045,2.59,2.44
2014.07.31 14:43:29.628,0.93036,0.93046,1.69,2.59
2014.07.31 14:43:29.830,0.93036,0.93046,1.00,2.14
2014.07.31 14:43:30.134,0.93032,0.93043,1.69,4.47
2014.07.31 14:43:31.133,0.93032,0.93041,2.07,1.02
2014.07.31 14:43:32.160,0.93032,0.93041,1.25,2.14
2014.07.31 14:43:33.188,0.9303,0.9304,4.39,1.29
2014.07.31 14:43:36.205,0.93032,0.9304,1.00,1.29
2014.07.31 14:43:36.713,0.93031,0.9304,1.25,2.14
2014.07.31 14:43:45.567,0.9303,0.9304,3.57,2.97
2014.07.31 14:43:46.125,0.9303,0.9304,2.82,2.97
2014.07.31 14:43:47.220,0.9303,0.9304,2.82,2.97
2014.07.31 14:43:47.762,0.9303,0.9304,2.82,2.97
2014.07.31 14:43:48.311,0.9303,0.9304,2.82,2.97
2014.07.31 14:43:50.169,0.9303,0.9304,2.82,2.97
2014.07.31 14:43:51.251,0.9303,0.9304,2.82,2.97
2014.07.31 14:43:51.774,0.9303,0.9304,2.82,2.97
2014.07.31 14:43:52.279,0.9303,0.9304,2.82,2.97
2014.07.31 14:43:54.848,0.9303,0.9304,3.57,2.22
2014.07.31 14:43:55.380,0.9303,0.9304,3.57,2.22
2014.07.31 14:43:56.595,0.9303,0.9304,3.57,2.22
2014.07.31 14:43:57.266,0.9303,0.9304,2.82,2.22
2014.07.31 14:43:58.245,0.9303,0.9304,2.82,2.22
2014.07.31 14:43:58.855,0.9303,0.9304,2.82,2.22
2014.07.31 14:44:01.913,0.9303,0.93041,1.50,2.78
2014.07.31 14:44:02.014,0.93031,0.93041,2.14,2.89
2014.07.31 14:44:02.085,0.93031,0.93041,2.97,2.07
2014.07.31 14:44:02.187,0.93034,0.93041,1.00,1.84
2014.07.31 14:44:02.644,0.93036,0.93045,1.19,2.22
2014.07.31 14:44:02.997,0.93037,0.93043,1.00,1.33
2014.07.31 14:44:03.150,0.93034,0.93043,1.69,2.22
2014.07.31 14:44:03.707,0.93034,0.93043,1.25,2.97
2014.07.31 14:44:03.910,0.93035,0.93043,1.63,1.40
2014.07.31 14:44:04.012,0.93035,0.93045,1.74,1.69
2014.07.31 14:44:04.517,0.93036,0.93046,2.07,2.14
2014.07.31 14:44:05.213,0.93036,0.93044,1.77,1.13
2014.07.31 14:44:05.365,0.93036,0.93043,1.00,2.52
2014.07.31 14:44:05.467,0.93034,0.93042,1.32,1.09
2014.07.31 14:44:06.022,0.93034,0.93041,1.00,1.28
2014.07.31 14:44:06.537,0.93032,0.93041,1.19,2.22
2014.07.31 14:44:07.051,0.93031,0.93041,2.82,2.14
2014.07.31 14:44:09.359,0.93034,0.93042,1.38,1.18
2014.07.31 14:44:09.511,0.93037,0.93044,1.00,1.25
2014.07.31 14:44:09.714,0.93037,0.93047,1.25,2.97
2014.07.31 14:44:10.237,0.93037,0.93047,2.52,2.89
2014.07.31 14:44:11.777,0.93037,0.93043,1.00,1.00
2014.07.31 14:44:12.080,0.93033,0.93042,1.19,1.84
2014.07.31 14:44:12.586,0.93032,0.93041,1.25,1.37
2014.07.31 14:44:13.293,0.93033,0.93042,1.57,2.59
2014.07.31 14:44:13.495,0.93034,0.93043,1.74,1.25
2014.07.31 14:44:14.386,0.93033,0.93042,2.59,1.25
2014.07.31 14:44:14.872,0.93032,0.93041,1.69,1.39
2014.07.31 14:44:15.531,0.93032,0.93041,1.25,1.47
2014.07.31 14:44:19.039,0.93031,0.93041,2.07,2.97
2014.07.31 14:44:19.544,0.93031,0.93041,2.82,2.22
2014.07.31 14:44:20.831,0.93032,0.93041,1.69,1.09
2014.07.31 14:44:22.097,0.93033,0.93042,1.25,1.84
2014.07.31 14:44:22.610,0.93033,0.93042,1.25,1.84
2014.07.31 14:44:22.884,0.93034,0.93043,1.00,1.95
2014.07.31 14:44:22.936,0.93035,0.93045,1.57,1.40
2014.07.31 14:44:24.372,0.93034,0.93044,1.84,2.82
2014.07.31 14:44:24.879,0.93034,0.93042,1.19,1.10
2014.07.31 14:44:26.044,0.93033,0.93042,1.69,1.02
2014.07.31 14:44:27.283,0.93033,0.93042,1.25,2.52
2014.07.31 14:44:28.660,0.93033,0.93041,1.00,2.89
2014.07.31 14:44:28.967,0.93032,0.9304,1.25,2.97
2014.07.31 14:44:29.473,0.93031,0.9304,1.69,2.97
2014.07.31 14:44:29.988,0.93031,0.9304,1.25,2.97
2014.07.31 14:44:33.692,0.93031,0.9304,1.25,2.97
2014.07.31 14:44:34.197,0.93031,0.9304,1.25,2.97
2014.07.31 14:44:34.783,0.93031,0.9304,1.25,2.97
2014.07.31 14:44:35.312,0.93031,0.9304,1.25,2.97
2014.07.31 14:44:37.419,0.93031,0.9304,1.25,2.97
2014.07.31 14:44:41.276,0.93034,0.9304,1.00,2.97
2014.07.31 14:44:41.529,0.93035,0.93043,1.25,1.40
2014.07.31 14:44:41.630,0.93033,0.93041,2.25,1.29
2014.07.31 14:44:42.135,0.93031,0.9304,1.19,1.47
2014.07.31 14:44:42.640,0.9303,0.9304,2.82,2.22
2014.07.31 14:44:43.180,0.9303,0.9304,2.07,2.97
2014.07.31 14:44:43.704,0.9303,0.93039,1.32,1.37
2014.07.31 14:44:44.769,0.9303,0.9304,2.07,2.97
2014.07.31 14:44:45.710,0.9303,0.93039,1.32,1.40
2014.07.31 14:44:46.222,0.93029,0.93039,2.07,1.84
2014.07.31 14:44:52.567,0.93029,0.93039,2.82,1.84
2014.07.31 14:44:54.102,0.93029,0.93039,2.82,1.84
2014.07.31 14:44:54.615,0.93029,0.93039,2.07,1.84
2014.07.31 14:44:55.135,0.93029,0.93039,2.07,1.84
2014.07.31 14:45:00.578,0.93029,0.93038,1.19,1.39
2014.07.31 14:45:00.932,0.93028,0.93037,1.50,2.14
2014.07.31 14:45:01.236,0.93026,0.9303,1.00,1.58
2014.07.31 14:45:01.287,0.93022,0.9303,1.00,2.59
2014.07.31 14:45:01.795,0.93021,0.93029,1.25,1.33
2014.07.31 14:45:02.300,0.9302,0.93029,1.25,2.59
2014.07.31 14:45:04.208,0.93019,0.93028,1.32,1.33
2014.07.31 14:45:04.718,0.93018,0.93028,2.82,1.84
2014.07.31 14:45:12.188,0.93018,0.93027,1.88,1.77
2014.07.31 14:45:13.678,0.93017,0.93027,2.14,2.52
2014.07.31 14:45:20.424,0.93017,0.93027,1.10,2.14
2014.07.31 14:45:20.944,0.93017,0.93027,1.77,2.89
2014.07.31 14:45:26.730,0.93017,0.93026,1.39,1.69
2014.07.31 14:45:27.851,0.93017,0.93026,2.14,1.25
2014.07.31 14:45:29.366,0.93016,0.93026,2.03,1.25
2014.07.31 14:45:30.357,0.93017,0.93026,1.39,1.25
2014.07.31 14:45:30.780,0.93016,0.93026,2.82,2.22
2014.07.31 14:45:31.084,0.93015,0.93021,1.00,2.89
2014.07.31 14:45:31.135,0.9301,0.9302,2.82,1.84
2014.07.31 14:45:31.641,0.9301,0.9302,1.19,2.97
2014.07.31 14:45:32.247,0.93009,0.93019,1.32,2.22
2014.07.31 14:45:32.752,0.93009,0.93019,2.07,2.97
2014.07.31 14:45:34.347,0.93009,0.93017,2.07,1.00
2014.07.31 14:45:36.967,0.93009,0.93017,1.32,1.02
2014.07.31 14:45:39.382,0.93009,0.93016,1.32,1.00
2014.07.31 14:45:41.723,0.93008,0.93016,2.44,1.08
2014.07.31 14:45:41.926,0.93008,0.93012,1.00,1.00
2014.07.31 14:45:42.128,0.93001,0.93009,1.00,1.10
2014.07.31 14:45:42.280,0.92999,0.93009,2.07,2.97
2014.07.31 14:45:42.850,0.92999,0.93008,2.07,1.02
2014.07.31 14:45:43.359,0.92999,0.93008,2.07,1.09
2014.07.31 14:45:44.610,0.92999,0.93008,2.07,1.09
2014.07.31 14:45:46.355,0.93001,0.93008,1.25,1.10
2014.07.31 14:45:46.860,0.92999,0.93009,2.14,2.97
2014.07.31 14:45:47.365,0.92999,0.93009,1.32,3.72
2014.07.31 14:45:47.870,0.92999,0.93009,1.32,2.97
2014.07.31 14:45:49.589,0.93004,0.93009,1.13,1.18
2014.07.31 14:45:49.741,0.93004,0.93011,1.39,1.00
2014.07.31 14:45:50.094,0.93006,0.93013,1.02,1.00
2014.07.31 14:45:50.296,0.93008,0.93017,1.32,1.77
2014.07.31 14:45:50.801,0.93007,0.93017,2.07,4.39
2014.07.31 14:45:53.577,0.93007,0.93016,1.25,2.14
2014.07.31 14:45:54.440,0.93006,0.93014,1.39,1.00
2014.07.31 14:45:54.945,0.93006,0.93015,1.32,1.02
2014.07.31 14:45:58.864,0.93006,0.93014,2.22,1.00
2014.07.31 14:45:59.963,0.93006,0.93014,1.39,1.25
2014.07.31 14:46:00.476,0.93006,0.93015,1.47,1.19
2014.07.31 14:46:00.993,0.93006,0.93016,1.74,3.19
2014.07.31 14:46:05.349,0.93006,0.93014,1.74,1.00
2014.07.31 14:46:05.863,0.93006,0.93015,1.74,1.25
2014.07.31 14:46:06.375,0.93006,0.93014,1.74,1.00
2014.07.31 14:46:07.863,0.93006,0.93013,1.74,1.00
2014.07.31 14:46:08.368,0.93006,0.93014,1.47,1.00
2014.07.31 14:46:08.889,0.93006,0.93015,2.22,1.25
2014.07.31 14:46:10.100,0.93006,0.93015,1.47,1.19
2014.07.31 14:46:10.685,0.93006,0.93015,1.47,1.69
2014.07.31 14:46:11.243,0.93006,0.93014,1.47,1.25
2014.07.31 14:46:13.409,0.93006,0.93015,1.47,1.25
2014.07.31 14:46:13.925,0.93006,0.93014,1.47,1.00
2014.07.31 14:46:14.457,0.93006,0.93015,1.39,1.19
2014.07.31 14:46:14.963,0.93006,0.93015,1.47,1.19
2014.07.31 14:46:15.470,0.93006,0.93015,1.47,1.25
2014.07.31 14:46:20.642,0.93006,0.93014,1.39,1.25
2014.07.31 14:46:21.211,0.93006,0.93015,1.47,1.19
2014.07.31 14:46:21.716,0.93006,0.93015,1.47,1.25
2014.07.31 14:46:29.097,0.93007,0.93016,2.14,1.25
2014.07.31 14:46:29.349,0.93008,0.93014,2.07,1.50
2014.07.31 14:46:29.450,0.93006,0.93014,1.00,1.50
2014.07.31 14:46:29.754,0.93008,0.93016,1.00,1.29
2014.07.31 14:46:30.007,0.93006,0.93014,1.25,1.69
2014.07.31 14:46:30.209,0.93008,0.93016,1.00,1.77
2014.07.31 14:46:30.360,0.93008,0.93017,1.19,2.14
2014.07.31 14:46:30.512,0.93008,0.93017,1.00,3.72
2014.07.31 14:46:31.049,0.93007,0.93017,1.32,3.72
2014.07.31 14:46:40.933,0.93006,0.93015,2.22,1.25
2014.07.31 14:46:41.438,0.93006,0.93016,2.22,2.82
2014.07.31 14:46:44.585,0.93008,0.93016,1.00,2.44
2014.07.31 14:46:45.108,0.93006,0.93016,2.97,1.69
2014.07.31 14:46:45.625,0.93006,0.93016,2.22,2.44
2014.07.31 14:46:46.143,0.93006,0.93015,2.22,1.25
2014.07.31 14:46:47.490,0.93006,0.93016,2.22,2.44
2014.07.31 14:46:48.003,0.93006,0.93015,2.22,1.25
2014.07.31 14:47:06.506,0.93007,0.93016,1.29,2.07
2014.07.31 14:47:07.027,0.93006,0.93016,2.97,2.07
2014.07.31 14:47:07.595,0.93006,0.93016,2.97,2.07
2014.07.31 14:47:09.909,0.93007,0.93017,1.02,3.64
2014.07.31 14:47:11.001,0.93007,0.93017,1.29,3.64
2014.07.31 14:47:12.108,0.93007,0.93017,1.02,3.64
2014.07.31 14:47:19.140,0.93007,0.93016,1.29,1.32
2014.07.31 14:47:20.159,0.93007,0.93015,1.25,1.25
2014.07.31 14:47:21.332,0.93006,0.93013,1.77,1.00
2014.07.31 14:47:21.485,0.93004,0.93012,1.88,1.25
2014.07.31 14:47:21.586,0.93004,0.9301,1.13,1.00
2014.07.31 14:47:22.091,0.93002,0.93011,5.22,1.25
2014.07.31 14:47:22.636,0.93003,0.93011,1.00,1.84
2014.07.31 14:47:22.939,0.93006,0.93013,1.00,1.53
2014.07.31 14:47:23.040,0.93006,0.93013,1.13,1.00
2014.07.31 14:47:23.545,0.93005,0.93013,1.13,1.19
2014.07.31 14:47:23.596,0.93005,0.93014,2.07,1.77
2014.07.31 14:47:24.101,0.93007,0.93016,1.69,2.97
2014.07.31 14:47:25.818,0.93007,0.93014,1.25,1.00
2014.07.31 14:47:25.868,0.93007,0.93012,1.00,1.00
2014.07.31 14:47:25.969,0.93005,0.93012,1.00,1.25
2014.07.31 14:47:26.323,0.93003,0.93011,1.25,1.09
2014.07.31 14:47:26.828,0.93004,0.93011,1.32,1.00
2014.07.31 14:47:27.365,0.93004,0.93012,1.39,1.25
2014.07.31 14:47:27.909,0.93004,0.93012,2.14,1.00
2014.07.31 14:47:29.623,0.93003,0.93011,1.58,2.07
2014.07.31 14:47:30.128,0.93003,0.93011,1.02,1.25
2014.07.31 14:47:30.633,0.93003,0.9301,1.25,1.00
2014.07.31 14:47:31.593,0.93002,0.93009,1.69,1.00
2014.07.31 14:47:32.106,0.93001,0.93009,2.82,1.00
2014.07.31 14:47:33.109,0.93001,0.9301,2.82,1.02
2014.07.31 14:47:33.412,0.93003,0.93011,2.14,1.10
2014.07.31 14:47:33.917,0.93004,0.93012,1.39,1.25
2014.07.31 14:47:34.754,0.93005,0.93012,1.00,1.25
2014.07.31 14:47:40.013,0.93005,0.9301,1.00,1.50
2014.07.31 14:47:40.266,0.93003,0.93009,1.00,1.50
2014.07.31 14:47:40.771,0.93003,0.9301,1.00,1.77
2014.07.31 14:47:42.087,0.93003,0.93009,1.00,1.50
2014.07.31 14:47:42.592,0.93002,0.93009,1.25,1.50
2014.07.31 14:47:43.214,0.93002,0.93009,1.25,1.65
2014.07.31 14:47:43.752,0.93002,0.93009,1.25,1.58
2014.07.31 14:47:45.568,0.93001,0.93009,1.25,1.77
2014.07.31 14:47:54.995,0.93001,0.9301,2.07,2.59
2014.07.31 14:47:55.147,0.93003,0.93012,2.22,2.44
2014.07.31 14:47:55.687,0.93005,0.93014,1.25,3.64
2014.07.31 14:47:56.192,0.93005,0.93012,2.07,1.00
2014.07.31 14:47:56.399,0.93005,0.9301,1.32,1.50
2014.07.31 14:47:56.551,0.93001,0.93009,1.69,1.10
2014.07.31 14:47:57.056,0.93001,0.9301,1.69,2.14
2014.07.31 14:47:57.107,0.93002,0.9301,1.63,1.02
2014.07.31 14:47:57.208,0.93004,0.93012,1.48,1.00
2014.07.31 14:47:58.247,0.93002,0.93012,2.97,2.52
2014.07.31 14:47:58.348,0.93003,0.93012,1.77,1.50
2014.07.31 14:47:58.652,0.93006,0.93015,1.40,3.94
2014.07.31 14:47:59.157,0.93007,0.93015,1.10,3.19
2014.07.31 14:47:59.661,0.93007,0.93015,2.14,2.25
2014.07.31 14:48:00.166,0.93007,0.93015,1.25,1.25
2014.07.31 14:48:11.404,0.93007,0.93016,1.77,1.32
2014.07.31 14:48:11.910,0.93007,0.93016,1.77,1.32
2014.07.31 14:48:12.433,0.93008,0.93017,1.39,1.69
2014.07.31 14:48:12.939,0.93009,0.93018,1.19,1.39
2014.07.31 14:48:15.030,0.93008,0.93018,2.89,3.64
2014.07.31 14:48:16.113,0.93009,0.93018,1.19,1.39
2014.07.31 14:48:19.271,0.93009,0.93018,1.19,1.39
2014.07.31 14:48:19.574,0.93009,0.93015,1.19,1.00
2014.07.31 14:48:19.827,0.93008,0.93015,1.25,1.00
2014.07.31 14:48:29.399,0.93008,0.93016,1.25,1.32
2014.07.31 14:48:31.686,0.93009,0.93018,1.25,2.22
2014.07.31 14:48:32.695,0.93009,0.93018,1.69,1.39
2014.07.31 14:48:33.213,0.93009,0.93018,1.25,4.39
2014.07.31 14:48:34.337,0.93009,0.93017,1.00,2.07
2014.07.31 14:48:35.205,0.93007,0.93017,3.72,2.07
2014.07.31 14:48:47.349,0.93007,0.93014,1.25,1.00
2014.07.31 14:48:50.835,0.93008,0.93014,1.00,1.00
2014.07.31 14:48:55.201,0.93008,0.93015,1.77,1.00
2014.07.31 14:48:55.716,0.93009,0.93015,1.50,1.00
2014.07.31 14:48:56.843,0.93008,0.93015,1.25,1.00
2014.07.31 14:49:02.065,0.93009,0.93015,1.00,1.00
2014.07.31 14:49:03.379,0.93009,0.93016,2.07,1.00
2014.07.31 14:49:03.894,0.9301,0.93018,1.00,2.59
2014.07.31 14:49:04.403,0.9301,0.93018,1.25,1.25
2014.07.31 14:49:05.313,0.9301,0.93018,1.69,1.10
2014.07.31 14:49:07.446,0.93014,0.93018,1.00,1.10
2014.07.31 14:49:07.648,0.93015,0.93022,1.32,1.00
2014.07.31 14:49:07.750,0.93016,0.93024,1.69,1.10
2014.07.31 14:49:12.138,0.93017,0.93024,1.69,1.00
2014.07.31 14:49:13.112,0.93017,0.93024,1.25,1.00
2014.07.31 14:49:18.540,0.93017,0.93024,1.69,1.00
2014.07.31 14:49:19.289,0.93017,0.93026,1.69,1.39
2014.07.31 14:49:22.675,0.93018,0.93026,1.25,1.47
2014.07.31 14:49:23.180,0.93018,0.93026,1.25,1.39
2014.07.31 14:49:24.121,0.93017,0.93026,1.69,1.47
2014.07.31 14:49:24.687,0.93017,0.93026,1.69,1.39
2014.07.31 14:49:28.419,0.93017,0.93026,1.00,3.64
2014.07.31 14:49:28.672,0.93013,0.93024,1.69,2.97
2014.07.31 14:49:29.025,0.93013,0.93023,1.19,4.47
2014.07.31 14:49:30.902,0.93011,0.9302,3.57,1.02
2014.07.31 14:49:31.406,0.93011,0.93019,1.25,2.44
2014.07.31 14:49:32.333,0.93012,0.93019,1.25,1.00
2014.07.31 14:49:32.889,0.93013,0.93019,1.00,1.00
2014.07.31 14:49:33.041,0.93013,0.93021,2.97,1.00
2014.07.31 14:49:33.142,0.93015,0.93021,2.07,1.00
2014.07.31 14:49:33.294,0.93016,0.93025,1.00,1.02
2014.07.31 14:49:33.344,0.93016,0.93023,1.69,1.00
2014.07.31 14:49:33.500,0.93017,0.93025,1.25,1.25
2014.07.31 14:49:34.371,0.93017,0.93025,1.69,1.00
2014.07.31 14:49:34.895,0.93017,0.93026,1.69,1.02
2014.07.31 14:49:38.727,0.93017,0.93026,1.69,1.39
2014.07.31 14:49:43.519,0.93017,0.93026,2.14,1.25
2014.07.31 14:49:44.893,0.93017,0.93025,1.58,1.19
2014.07.31 14:49:45.400,0.93017,0.93027,1.69,2.89
2014.07.31 14:49:46.545,0.93017,0.93027,2.07,2.97
2014.07.31 14:49:49.006,0.93017,0.93025,1.19,1.00
2014.07.31 14:49:49.309,0.93015,0.93022,1.00,1.25
2014.07.31 14:49:49.814,0.93013,0.93022,1.19,1.77
2014.07.31 14:49:50.319,0.93013,0.93022,1.19,1.84
2014.07.31 14:49:50.824,0.93012,0.93021,1.69,1.09
2014.07.31 14:49:55.283,0.93012,0.93021,1.19,1.02
2014.07.31 14:49:55.804,0.93012,0.93022,1.19,2.97
2014.07.31 14:49:56.129,0.93014,0.93022,1.84,1.00
2014.07.31 14:49:56.433,0.93015,0.93022,1.40,1.00
2014.07.31 14:49:56.484,0.93015,0.93022,1.00,1.84
2014.07.31 14:49:56.586,0.93013,0.93022,1.25,1.84
2014.07.31 14:49:57.092,0.93012,0.93022,2.44,1.74
2014.07.31 14:49:57.596,0.93013,0.93023,1.19,3.72
2014.07.31 14:49:58.209,0.93015,0.93023,1.19,1.95
2014.07.31 14:49:58.310,0.93013,0.93022,1.29,1.25
2014.07.31 14:49:58.764,0.93013,0.93022,1.19,1.40
2014.07.31 14:49:59.297,0.93012,0.93022,1.19,1.84
2014.07.31 14:50:00.853,0.93012,0.93022,1.19,1.84
2014.07.31 14:50:01.646,0.93012,0.93022,1.19,2.22
2014.07.31 14:50:02.101,0.9301,0.93018,1.02,1.25
2014.07.31 14:50:02.618,0.9301,0.93017,1.39,1.00
2014.07.31 14:50:03.126,0.9301,0.93019,1.39,1.69
2014.07.31 14:50:03.635,0.9301,0.93019,2.89,1.25
2014.07.31 14:50:05.723,0.93011,0.93019,1.19,1.00
2014.07.31 14:50:07.218,0.93012,0.93019,3.27,1.00
2014.07.31 14:50:07.370,0.93015,0.93022,1.39,1.00
2014.07.31 14:50:07.471,0.93016,0.93025,2.07,1.02
2014.07.31 14:50:08.229,0.93016,0.93024,1.13,1.19
2014.07.31 14:50:08.381,0.93015,0.93025,2.14,2.97
2014.07.31 14:50:08.886,0.93015,0.93024,1.29,1.13
2014.07.31 14:50:09.390,0.93014,0.93024,2.22,2.07
2014.07.31 14:50:10.367,0.93014,0.93024,2.14,2.14
2014.07.31 14:50:12.841,0.93014,0.93024,1.47,1.32
2014.07.31 14:50:13.044,0.93013,0.93023,1.77,2.89
2014.07.31 14:50:14.228,0.93013,0.93022,1.19,1.77
2014.07.31 14:50:14.821,0.93013,0.93022,1.19,1.84
2014.07.31 14:50:15.351,0.93012,0.93022,1.19,2.59
2014.07.31 14:50:17.697,0.93013,0.93022,1.19,1.84
2014.07.31 14:50:18.000,0.93016,0.93024,1.47,1.25
2014.07.31 14:50:18.505,0.93016,0.93025,1.39,2.44
2014.07.31 14:50:19.052,0.93016,0.93025,2.14,1.25
2014.07.31 14:50:19.910,0.93016,0.93024,1.00,1.67
2014.07.31 14:50:20.213,0.93013,0.93022,1.19,1.84
2014.07.31 14:50:20.774,0.93014,0.93022,1.63,1.09
2014.07.31 14:50:21.026,0.93015,0.93025,2.97,2.82
2014.07.31 14:50:21.792,0.93016,0.93025,1.19,2.14
2014.07.31 14:50:21.953,0.93015,0.93022,1.10,1.00
2014.07.31 14:50:22.459,0.93014,0.93022,1.25,1.47
2014.07.31 14:50:22.914,0.93014,0.93023,1.69,1.02
2014.07.31 14:50:23.419,0.93015,0.93023,1.39,1.00
2014.07.31 14:50:23.772,0.93016,0.93026,2.14,2.89
2014.07.31 14:50:25.927,0.93016,0.93026,2.07,2.97
2014.07.31 14:50:26.903,0.93016,0.93026,2.07,2.22
2014.07.31 14:50:27.421,0.93017,0.93026,1.19,2.22
2014.07.31 14:50:28.745,0.93017,0.93026,1.69,1.39
2014.07.31 14:50:33.152,0.93017,0.93026,1.25,1.39
2014.07.31 14:50:34.465,0.93018,0.93027,1.77,2.07
2014.07.31 14:50:34.970,0.93018,0.93026,1.69,1.13
2014.07.31 14:50:35.474,0.93018,0.93026,1.25,1.32
2014.07.31 14:50:36.704,0.93018,0.93026,1.25,2.32
2014.07.31 14:50:37.340,0.93018,0.93026,1.25,1.32
2014.07.31 14:50:37.846,0.93017,0.93026,1.25,3.28
2014.07.31 14:50:38.200,0.93016,0.93026,1.00,2.97
2014.07.31 14:50:38.503,0.93011,0.93021,1.19,3.72
2014.07.31 14:50:38.907,0.9301,0.9302,1.25,5.22
2014.07.31 14:50:40.039,0.9301,0.93019,1.00,2.47
2014.07.31 14:50:45.999,0.93012,0.93016,1.00,1.00
2014.07.31 14:50:46.302,0.93012,0.93019,2.97,1.00
2014.07.31 14:50:46.808,0.93011,0.93019,1.69,1.95
2014.07.31 14:50:46.858,0.93011,0.93017,1.69,1.00
2014.07.31 14:50:46.909,0.9301,0.93017,1.25,1.00
2014.07.31 14:50:47.466,0.9301,0.93016,1.25,1.13
2014.07.31 14:50:49.401,0.9301,0.93015,1.00,1.00
2014.07.31 14:50:55.112,0.93009,0.93015,1.25,1.00
2014.07.31 14:51:03.469,0.93008,0.93015,1.25,1.00
2014.07.31 14:51:04.708,0.93008,0.93015,1.69,1.00
2014.07.31 14:51:05.715,0.93008,0.93015,1.69,1.00
2014.07.31 14:51:06.785,0.93008,0.93015,2.44,1.00
2014.07.31 14:51:11.926,0.93008,0.93015,1.69,1.00
2014.07.31 14:51:12.432,0.93009,0.93015,1.00,1.00
2014.07.31 14:51:12.735,0.93009,0.93017,1.69,1.13
2014.07.31 14:51:13.353,0.93009,0.93017,1.77,1.38
2014.07.31 14:51:13.656,0.93008,0.93017,1.25,2.14
2014.07.31 14:51:13.808,0.93007,0.93014,1.69,1.00
2014.07.31 14:51:14.357,0.93007,0.93014,1.25,1.00
2014.07.31 14:51:22.925,0.93009,0.93014,1.00,1.00
2014.07.31 14:51:23.229,0.93013,0.93017,1.02,1.00
2014.07.31 14:51:23.280,0.93013,0.93021,1.09,1.69
2014.07.31 14:51:23.482,0.93015,0.93023,1.77,1.25
2014.07.31 14:51:23.987,0.93015,0.93024,4.09,1.25
2014.07.31 14:51:24.694,0.93016,0.93024,1.77,1.00
2014.07.31 14:51:37.552,0.93015,0.93024,1.18,2.07
2014.07.31 14:51:37.603,0.93013,0.93022,1.08,1.08
2014.07.31 14:51:37.704,0.93013,0.93022,1.25,2.59
2014.07.31 14:51:38.209,0.93012,0.93022,1.32,2.97
2014.07.31 14:51:38.412,0.93013,0.93022,2.82,1.84
2014.07.31 14:51:38.564,0.93016,0.93022,1.69,1.00
2014.07.31 14:51:39.120,0.93016,0.93023,2.52,1.00
2014.07.31 14:51:39.625,0.93016,0.93023,1.69,1.00
2014.07.31 14:51:39.727,0.93012,0.93023,2.59,2.32
2014.07.31 14:51:40.241,0.93012,0.93023,1.39,3.72
2014.07.31 14:51:40.757,0.93013,0.93023,1.77,1.95
2014.07.31 14:51:41.276,0.93015,0.93023,2.97,1.00
2014.07.31 14:51:41.790,0.93016,0.93023,1.29,1.00
2014.07.31 14:51:42.853,0.93016,0.93025,1.69,1.39
2014.07.31 14:51:54.635,0.93017,0.93025,2.07,1.00
2014.07.31 14:51:55.146,0.93018,0.93027,1.25,2.97
2014.07.31 14:51:56.383,0.93018,0.93027,1.25,2.97
2014.07.31 14:51:56.894,0.93018,0.93027,1.25,2.97
2014.07.31 14:51:57.812,0.93018,0.93027,1.25,2.97
2014.07.31 14:51:58.328,0.93018,0.93027,1.25,2.97
2014.07.31 14:52:02.556,0.93018,0.93027,1.77,1.32
2014.07.31 14:52:03.563,0.93018,0.93027,1.02,2.07
2014.07.31 14:52:13.258,0.93015,0.93021,1.50,1.00
2014.07.31 14:52:13.360,0.93013,0.93018,2.25,1.00
2014.07.31 14:52:13.764,0.9301,0.93017,2.07,1.00
2014.07.31 14:52:14.630,0.9301,0.93017,1.39,1.00
2014.07.31 14:52:15.742,0.9301,0.93018,1.39,1.25
2014.07.31 14:52:16.284,0.9301,0.93017,1.32,1.00
2014.07.31 14:52:16.936,0.9301,0.93017,2.07,1.00
2014.07.31 14:52:19.984,0.9301,0.93017,1.25,1.00
2014.07.31 14:52:20.287,0.9301,0.93015,1.25,1.00
2014.07.31 14:52:22.758,0.9301,0.93016,1.25,1.00
2014.07.31 14:52:23.377,0.9301,0.93015,1.00,1.00
2014.07.31 14:52:23.882,0.93008,0.93014,1.77,1.00
2014.07.31 14:52:24.431,0.93007,0.93014,2.22,1.00
2014.07.31 14:52:25.707,0.93007,0.93014,2.14,1.00
2014.07.31 14:52:26.233,0.93007,0.93013,2.14,1.00
2014.07.31 14:52:26.802,0.93007,0.93016,1.10,1.57
2014.07.31 14:52:26.955,0.93003,0.93008,1.25,1.00
2014.07.31 14:52:27.470,0.93003,0.93007,1.25,1.00
2014.07.31 14:52:27.976,0.93002,0.93007,1.25,1.00
2014.07.31 14:52:28.077,0.93,0.93007,1.32,1.00
2014.07.31 14:52:30.702,0.93,0.93006,1.25,1.00
2014.07.31 14:52:34.440,0.92999,0.93006,2.52,1.00
2014.07.31 14:52:35.423,0.92999,0.93006,2.44,1.00
2014.07.31 14:52:36.042,0.92999,0.93007,1.58,1.19
2014.07.31 14:52:36.295,0.92993,0.92999,1.37,1.00
2014.07.31 14:52:36.447,0.92992,0.92998,1.69,1.00
2014.07.31 14:52:36.952,0.92991,0.92997,1.77,1.00
2014.07.31 14:52:37.485,0.92989,0.92996,1.37,1.00
2014.07.31 14:52:38.468,0.92988,0.92996,4.47,1.00
2014.07.31 14:52:40.362,0.92989,0.92997,1.02,1.25
2014.07.31 14:52:40.901,0.92989,0.92996,1.29,1.00
2014.07.31 14:52:41.462,0.92988,0.92996,2.97,1.00
2014.07.31 14:52:41.976,0.92987,0.92996,2.89,1.25
2014.07.31 14:52:43.410,0.92991,0.92996,1.50,1.00
2014.07.31 14:52:43.561,0.92989,0.92997,1.69,1.32
2014.07.31 14:52:44.067,0.92987,0.92997,3.72,2.07
2014.07.31 14:52:48.294,0.92987,0.92993,1.20,1.00
2014.07.31 14:52:48.547,0.92985,0.92992,1.00,1.32
2014.07.31 14:52:48.851,0.92986,0.92995,1.02,1.19
2014.07.31 14:52:49.356,0.92986,0.92995,3.34,1.19
2014.07.31 14:52:49.896,0.92986,0.92996,4.47,1.69
2014.07.31 14:52:50.405,0.92987,0.92996,2.97,1.19
2014.07.31 14:52:50.924,0.92987,0.92997,2.89,2.89
2014.07.31 14:52:51.742,0.92988,0.92997,1.29,1.32
2014.07.31 14:52:51.995,0.9299,0.92997,1.63,1.00
2014.07.31 14:52:52.197,0.92991,0.92999,1.32,1.02
2014.07.31 14:52:52.501,0.92992,0.93,1.38,1.58
2014.07.31 14:52:52.703,0.92994,0.93003,1.47,1.19
2014.07.31 14:52:53.153,0.92994,0.93004,1.74,1.50
2014.07.31 14:52:53.457,0.92996,0.93004,2.07,1.18
2014.07.31 14:52:53.559,0.92996,0.93006,2.82,2.22
2014.07.31 14:52:55.534,0.92997,0.93007,3.19,1.74
2014.07.31 14:52:58.656,0.92999,0.93008,1.25,2.22
2014.07.31 14:52:58.909,0.93001,0.93008,1.00,2.14
2014.07.31 14:52:59.648,0.93001,0.93009,1.00,3.72
2014.07.31 14:53:00.153,0.93,0.93009,1.25,3.72
2014.07.31 14:53:00.701,0.93,0.93009,1.25,3.72
2014.07.31 14:53:01.214,0.93001,0.93009,1.00,3.72
2014.07.31 14:53:04.057,0.93001,0.93009,1.00,3.72
2014.07.31 14:53:04.561,0.93001,0.93009,1.00,2.97
2014.07.31 14:53:07.085,0.93001,0.93009,1.00,2.97
2014.07.31 14:53:07.604,0.93001,0.93009,1.00,3.72
2014.07.31 14:53:08.134,0.92998,0.93008,4.77,1.39
2014.07.31 14:53:08.336,0.93001,0.93006,1.00,1.00
2014.07.31 14:53:08.865,0.93001,0.93008,1.00,1.39
2014.07.31 14:53:15.163,0.93,0.93008,1.00,2.22
2014.07.31 14:53:15.677,0.92998,0.93008,2.44,3.22
2014.07.31 14:53:16.190,0.92998,0.93008,1.25,2.97
2014.07.31 14:53:17.042,0.92998,0.93008,1.25,2.97
2014.07.31 14:53:17.729,0.92998,0.93008,1.25,2.97
2014.07.31 14:53:18.236,0.92998,0.93007,1.00,2.50
2014.07.31 14:53:19.265,0.92998,0.93007,1.25,2.22
2014.07.31 14:53:19.774,0.92998,0.93007,1.25,2.22
2014.07.31 14:53:21.996,0.92998,0.93007,1.25,2.22
2014.07.31 14:53:22.860,0.92998,0.93007,1.25,2.22
2014.07.31 14:53:23.374,0.92998,0.93007,1.25,2.22
2014.07.31 14:53:24.764,0.92998,0.93007,1.69,2.22
2014.07.31 14:53:25.286,0.92998,0.93007,1.69,2.22
2014.07.31 14:53:32.887,0.92997,0.93002,1.00,1.00
2014.07.31 14:53:32.988,0.92996,0.93004,1.00,1.58
2014.07.31 14:53:33.190,0.92995,0.93,1.32,1.00
2014.07.31 14:53:33.393,0.92992,0.93,1.25,1.09
2014.07.31 14:53:37.180,0.92991,0.93001,2.82,2.97
2014.07.31 14:53:37.699,0.92994,0.93002,1.13,1.18
2014.07.31 14:53:37.801,0.92994,0.93004,2.22,2.07
2014.07.31 14:53:37.954,0.92996,0.93005,2.14,1.00
2014.07.31 14:53:38.468,0.92997,0.93006,1.09,2.07
2014.07.31 14:53:39.077,0.92997,0.93006,1.02,2.07
2014.07.31 14:53:39.939,0.92997,0.93007,2.52,2.14
2014.07.31 14:53:43.211,0.92998,0.93007,1.47,1.69
2014.07.31 14:53:43.759,0.93,0.93008,1.00,1.19
2014.07.31 14:53:44.648,0.92999,0.93009,2.89,1.77
2014.07.31 14:53:48.781,0.93001,0.93009,1.25,1.02
2014.07.31 14:53:53.778,0.93001,0.93009,1.69,1.09
2014.07.31 14:53:54.789,0.93001,0.93009,1.25,1.40
2014.07.31 14:53:55.006,0.92998,0.93008,1.69,2.97
2014.07.31 14:53:55.520,0.92998,0.93007,1.19,1.47
2014.07.31 14:53:56.044,0.92997,0.93007,2.82,2.22
2014.07.31 14:53:58.568,0.92998,0.93007,1.39,1.25
2014.07.31 14:53:58.619,0.93002,0.93007,1.00,1.25
2014.07.31 14:53:59.150,0.93003,0.93009,1.00,1.77
2014.07.31 14:53:59.655,0.93003,0.9301,1.00,2.22
2014.07.31 14:54:00.160,0.93006,0.93012,1.00,2.03
2014.07.31 14:54:00.362,0.93007,0.93014,1.00,1.88
2014.07.31 14:54:00.888,0.93008,0.93014,1.00,1.13
2014.07.31 14:54:01.614,0.93009,0.93016,1.00,1.28
2014.07.31 14:54:01.766,0.9301,0.93018,1.00,2.89
2014.07.31 14:54:01.918,0.93013,0.93018,1.00,1.10
2014.07.31 14:54:02.434,0.93012,0.93019,1.00,1.09
2014.07.31 14:54:02.944,0.93012,0.93019,1.00,1.25
2014.07.31 14:54:03.462,0.93011,0.93019,1.25,1.02
2014.07.31 14:54:04.626,0.93012,0.93019,1.00,1.02
2014.07.31 14:54:05.131,0.93014,0.9302,1.00,1.47
2014.07.31 14:54:05.636,0.93014,0.9302,1.00,1.78
2014.07.31 14:54:05.889,0.93011,0.93019,1.25,1.09
2014.07.31 14:54:06.193,0.9301,0.93017,1.00,2.14
2014.07.31 14:54:06.295,0.93008,0.93017,1.25,2.14
2014.07.31 14:54:15.539,0.93012,0.93017,1.00,1.69
2014.07.31 14:54:15.640,0.93012,0.93018,1.00,1.00
2014.07.31 14:54:15.943,0.93013,0.93019,1.69,1.00
2014.07.31 14:54:16.095,0.93014,0.93023,1.47,1.25
2014.07.31 14:54:16.955,0.93013,0.93023,2.97,2.44
2014.07.31 14:54:17.849,0.93018,0.93023,1.00,1.29
2014.07.31 14:54:18.152,0.93024,0.93031,1.00,1.00
2014.07.31 14:54:18.263,0.93025,0.93034,1.00,1.84
2014.07.31 14:54:18.416,0.93027,0.93034,1.00,1.18
2014.07.31 14:54:18.517,0.93028,0.93038,1.58,1.77
2014.07.31 14:54:18.669,0.93029,0.93039,2.44,2.97
2014.07.31 14:54:19.175,0.93028,0.93039,2.44,3.72
2014.07.31 14:54:19.783,0.93028,0.93038,2.44,3.35
2014.07.31 14:54:20.289,0.93028,0.93038,2.44,2.87
2014.07.31 14:54:22.188,0.93028,0.93038,2.44,3.24
2014.07.31 14:54:22.491,0.93024,0.93031,1.00,2.22
2014.07.31 14:54:22.592,0.93022,0.93031,1.69,2.22
2014.07.31 14:54:22.996,0.9302,0.9303,2.52,2.90
2014.07.31 14:54:24.094,0.9302,0.9303,2.44,2.22
2014.07.31 14:54:24.611,0.9302,0.93029,1.69,2.22
2014.07.31 14:54:27.331,0.9302,0.93027,1.10,1.19
2014.07.31 14:54:27.850,0.93017,0.93026,2.97,1.25
2014.07.31 14:54:28.309,0.93017,0.93024,2.22,1.00
2014.07.31 14:54:28.613,0.93012,0.9302,1.69,1.10
2014.07.31 14:54:29.118,0.93012,0.9302,1.25,1.39
2014.07.31 14:54:31.085,0.93013,0.9302,1.00,1.63
2014.07.31 14:54:31.237,0.93015,0.93022,1.32,1.58
2014.07.31 14:54:31.742,0.93014,0.93022,1.25,1.77
2014.07.31 14:54:32.291,0.93014,0.93022,1.00,2.52
2014.07.31 14:54:32.810,0.93013,0.93022,1.25,3.34
2014.07.31 14:54:33.389,0.93013,0.93021,1.25,1.02
2014.07.31 14:54:34.038,0.93015,0.93021,1.00,1.02
2014.07.31 14:54:34.341,0.93017,0.93023,1.00,1.25
2014.07.31 14:54:34.492,0.93013,0.93021,1.50,1.32
2014.07.31 14:54:34.997,0.93013,0.93023,2.44,2.97
2014.07.31 14:54:35.502,0.93012,0.93022,1.69,2.59
2014.07.31 14:54:36.007,0.93012,0.93021,1.25,1.47
2014.07.31 14:54:39.923,0.93012,0.93021,1.69,1.47
2014.07.31 14:54:42.644,0.93011,0.9302,1.50,1.47
2014.07.31 14:54:42.695,0.93013,0.9302,1.00,1.09
2014.07.31 14:54:43.151,0.93011,0.9302,2.44,1.47
2014.07.31 14:54:45.607,0.93015,0.9302,1.00,1.37
2014.07.31 14:54:45.658,0.93015,0.93022,1.00,1.25
2014.07.31 14:54:46.162,0.93016,0.93024,1.00,1.29
2014.07.31 14:54:51.046,0.93016,0.93025,1.25,2.14
2014.07.31 14:54:51.376,0.93015,0.93023,1.00,1.29
2014.07.31 14:54:51.670,0.93012,0.9302,1.25,1.02
2014.07.31 14:54:52.751,0.93011,0.9302,1.25,2.14
2014.07.31 14:54:53.764,0.93011,0.93019,1.00,1.19
2014.07.31 14:54:54.348,0.93012,0.93019,1.00,1.19
2014.07.31 14:54:54.854,0.93012,0.9302,1.00,2.14
2014.07.31 14:54:55.865,0.93014,0.9302,1.38,1.69
2014.07.31 14:54:56.017,0.93015,0.93023,1.20,1.19
2014.07.31 14:54:56.118,0.93015,0.93024,2.14,1.25
2014.07.31 14:54:56.623,0.93016,0.93026,2.97,1.32
2014.07.31 14:54:58.184,0.93017,0.93027,1.77,2.14
2014.07.31 14:54:58.715,0.93018,0.93025,1.00,1.19
2014.07.31 14:54:58.867,0.93015,0.93025,2.52,2.14
2014.07.31 14:55:00.194,0.93018,0.93025,1.00,2.14
2014.07.31 14:55:00.699,0.93017,0.93025,1.00,2.07
2014.07.31 14:55:01.002,0.93016,0.93024,1.00,2.97
2014.07.31 14:55:01.154,0.93014,0.93022,1.00,2.14
2014.07.31 14:55:01.306,0.93012,0.93021,1.69,2.22
2014.07.31 14:55:01.824,0.9301,0.9302,5.14,1.39
2014.07.31 14:55:02.341,0.9301,0.9302,2.07,2.97
2014.07.31 14:55:02.873,0.9301,0.93019,1.25,2.22
2014.07.31 14:55:03.841,0.93009,0.93019,1.88,3.72
2014.07.31 14:55:04.346,0.93009,0.93017,1.50,1.19
2014.07.31 14:55:04.700,0.93008,0.93014,1.10,1.00
2014.07.31 14:55:04.801,0.93003,0.93012,2.52,1.00
2014.07.31 14:55:04.852,0.93003,0.93012,1.69,1.84
2014.07.31 14:55:04.954,0.93001,0.9301,1.25,1.47
2014.07.31 14:55:05.477,0.93002,0.93011,1.32,1.84
2014.07.31 14:55:05.982,0.93002,0.93011,1.25,1.84
2014.07.31 14:55:06.184,0.93003,0.93012,1.84,2.25
2014.07.31 14:55:06.488,0.93006,0.93016,2.52,2.14
2014.07.31 14:55:06.998,0.93007,0.93017,1.29,2.89
2014.07.31 14:55:08.913,0.93007,0.93016,3.24,1.19
2014.07.31 14:55:09.116,0.93004,0.93014,1.69,2.89
2014.07.31 14:55:10.002,0.93004,0.93012,1.10,1.19
2014.07.31 14:55:10.508,0.93002,0.93012,1.29,1.77
2014.07.31 14:55:11.016,0.93003,0.93012,2.02,1.19
2014.07.31 14:55:11.527,0.93003,0.93013,2.83,2.22
2014.07.31 14:55:13.052,0.93004,0.93012,1.00,2.14
2014.07.31 14:55:13.204,0.93,0.9301,2.89,1.77
2014.07.31 14:55:14.456,0.93001,0.93011,1.19,2.97
2014.07.31 14:55:14.972,0.93,0.9301,3.64,1.39
2014.07.31 14:55:18.753,0.93003,0.93011,1.25,1.48
2014.07.31 14:55:19.006,0.93005,0.93014,1.84,2.44
2014.07.31 14:55:19.512,0.93004,0.93014,1.84,4.69
2014.07.31 14:55:20.017,0.93005,0.93013,1.37,1.00
2014.07.31 14:55:20.528,0.93006,0.93014,1.09,2.44
2014.07.31 14:55:21.410,0.93006,0.93015,1.84,1.25
2014.07.31 14:55:21.928,0.93006,0.93015,2.22,1.25
2014.07.31 14:55:22.444,0.93006,0.93015,2.22,1.25
2014.07.31 14:55:22.958,0.93006,0.93015,2.22,1.25
2014.07.31 14:55:23.474,0.93006,0.93015,2.22,1.25
2014.07.31 14:55:24.295,0.93006,0.93015,2.22,1.25
2014.07.31 14:55:24.808,0.93006,0.93015,2.22,1.25
2014.07.31 14:55:25.383,0.93006,0.93016,2.22,5.07
2014.07.31 14:55:25.484,0.93006,0.93014,1.28,1.69
2014.07.31 14:55:25.788,0.93002,0.93012,1.69,1.84
2014.07.31 14:55:25.889,0.93002,0.9301,1.00,1.34
2014.07.31 14:55:26.091,0.93,0.93008,1.00,1.39
2014.07.31 14:55:26.293,0.92998,0.93006,1.25,1.77
2014.07.31 14:55:28.434,0.92996,0.93006,2.97,3.57
2014.07.31 14:55:33.835,0.92997,0.93006,1.77,2.82
2014.07.31 14:55:35.794,0.92997,0.93006,1.19,2.97
2014.07.31 14:55:36.315,0.92996,0.93004,2.07,1.10
2014.07.31 14:55:36.871,0.92996,0.93004,1.32,1.02
2014.07.31 14:55:37.954,0.92996,0.93002,1.00,1.00
2014.07.31 14:55:38.258,0.92992,0.93001,1.32,1.40
2014.07.31 14:55:39.066,0.92991,0.93001,1.69,2.22
2014.07.31 14:55:39.773,0.92992,0.93002,1.32,4.39
2014.07.31 14:55:39.875,0.92992,0.93002,1.19,1.84
2014.07.31 14:55:40.402,0.92992,0.93002,1.32,2.97
2014.07.31 14:55:40.605,0.92993,0.93003,2.14,1.65
2014.07.31 14:55:40.656,0.92995,0.93003,1.32,1.10
2014.07.31 14:55:40.968,0.92997,0.93004,1.00,1.69
2014.07.31 14:55:41.682,0.92996,0.93005,1.69,2.14
2014.07.31 14:55:41.990,0.92996,0.93003,1.00,1.02
2014.07.31 14:55:42.394,0.92993,0.93003,3.64,1.77
2014.07.31 14:55:42.749,0.92996,0.93003,1.00,1.02
2014.07.31 14:55:43.254,0.92995,0.93004,1.77,2.44
2014.07.31 14:55:44.745,0.92997,0.93004,1.00,2.44
2014.07.31 14:55:45.258,0.92996,0.93004,1.25,2.44
2014.07.31 14:55:46.016,0.92996,0.93004,1.19,1.00
2014.07.31 14:55:48.515,0.92997,0.93005,1.25,1.02
2014.07.31 14:55:50.141,0.92997,0.93005,1.25,2.22
2014.07.31 14:55:51.160,0.92995,0.93005,2.25,2.97
2014.07.31 14:55:51.312,0.92992,0.93,1.25,1.10
2014.07.31 14:55:51.414,0.92992,0.93,1.19,1.15
2014.07.31 14:55:51.929,0.92991,0.92997,1.69,1.00
2014.07.31 14:55:52.082,0.92989,0.92997,1.32,1.10
2014.07.31 14:55:52.385,0.92988,0.92995,2.07,1.00
2014.07.31 14:55:52.993,0.92988,0.92995,1.00,1.50
2014.07.31 14:55:53.498,0.92987,0.92995,1.25,1.32
2014.07.31 14:55:54.137,0.92987,0.92992,1.25,1.00
2014.07.31 14:55:54.289,0.92984,0.92994,3.57,2.97
2014.07.31 14:55:54.802,0.92985,0.92992,1.25,1.00
2014.07.31 14:55:55.307,0.92986,0.92992,1.25,1.00
2014.07.31 14:55:56.910,0.92982,0.92992,1.34,1.69
2014.07.31 14:55:57.213,0.92985,0.92992,1.19,1.00
2014.07.31 14:55:58.931,0.92985,0.92994,1.47,1.69
2014.07.31 14:56:01.211,0.92986,0.92994,1.19,1.00
2014.07.31 14:56:01.818,0.92985,0.92994,1.02,2.82
2014.07.31 14:56:02.562,0.92986,0.92994,1.19,1.00
2014.07.31 14:56:03.073,0.92986,0.92995,1.19,2.14
2014.07.31 14:56:04.531,0.92986,0.92995,1.32,1.84
2014.07.31 14:56:05.037,0.92986,0.92995,2.22,1.25
2014.07.31 14:56:05.341,0.92989,0.92997,1.25,1.63
2014.07.31 14:56:05.442,0.92988,0.92997,1.77,2.07
2014.07.31 14:56:05.493,0.92988,0.92997,1.69,2.22
2014.07.31 14:56:06.150,0.92986,0.92995,2.14,1.00
2014.07.31 14:56:06.403,0.92985,0.92995,2.59,4.32
2014.07.31 14:56:06.738,0.92981,0.92988,1.19,1.10
2014.07.31 14:56:06.890,0.9298,0.92988,1.25,1.02
2014.07.31 14:56:07.396,0.92979,0.92988,1.69,1.09
2014.07.31 14:56:08.104,0.9298,0.92987,1.32,1.10
2014.07.31 14:56:08.610,0.9298,0.92988,2.07,1.10
2014.07.31 14:56:09.125,0.92979,0.92987,2.07,1.00
2014.07.31 14:56:09.630,0.92979,0.92987,1.32,1.18
2014.07.31 14:56:09.884,0.92977,0.92983,1.00,1.50
2014.07.31 14:56:10.036,0.92973,0.9298,1.50,1.00
2014.07.31 14:56:10.491,0.92974,0.92982,1.32,1.25
2014.07.31 14:56:11.097,0.92974,0.92982,2.14,1.00
2014.07.31 14:56:11.475,0.92974,0.9298,1.20,1.00
2014.07.31 14:56:11.990,0.92972,0.92979,1.19,1.00
2014.07.31 14:56:12.495,0.92971,0.92978,1.19,1.00
2014.07.31 14:56:12.748,0.92969,0.92978,1.19,2.14
2014.07.31 14:56:13.355,0.92968,0.92975,1.19,1.00
2014.07.31 14:56:13.658,0.92964,0.92973,2.22,1.69
2014.07.31 14:56:13.860,0.92964,0.9297,1.00,1.25
2014.07.31 14:56:14.219,0.92964,0.92973,1.25,1.84
2014.07.31 14:56:14.320,0.92965,0.92973,1.69,1.58
2014.07.31 14:56:15.362,0.92966,0.92975,1.19,1.84
2014.07.31 14:56:15.737,0.92965,0.92975,1.00,2.59
2014.07.31 14:56:15.839,0.92965,0.9297,1.00,1.00
2014.07.31 14:56:15.992,0.92961,0.92968,1.25,1.10
2014.07.31 14:56:16.245,0.92962,0.92968,1.19,1.10
2014.07.31 14:56:16.346,0.92962,0.9297,1.19,1.95
2014.07.31 14:56:16.448,0.92963,0.9297,2.44,1.58
2014.07.31 14:56:16.549,0.92963,0.92972,1.19,1.10
2014.07.31 14:56:17.054,0.92964,0.92971,1.00,1.08
2014.07.31 14:56:17.307,0.92963,0.92971,1.29,1.00
2014.07.31 14:56:17.551,0.92962,0.9297,1.00,2.52
2014.07.31 14:56:17.602,0.92962,0.92969,1.00,1.08
2014.07.31 14:56:17.855,0.92959,0.92968,1.69,1.77
2014.07.31 14:56:18.562,0.92959,0.92968,1.19,1.33
2014.07.31 14:56:19.067,0.92959,0.92968,1.19,1.02
2014.07.31 14:56:19.572,0.92959,0.92968,1.19,1.84
2014.07.31 14:56:19.926,0.92958,0.92962,1.50,1.00
2014.07.31 14:56:20.230,0.92958,0.92964,1.69,1.00
2014.07.31 14:56:20.697,0.92958,0.92966,1.25,1.25
2014.07.31 14:56:21.240,0.92958,0.92968,2.07,2.97
2014.07.31 14:56:22.211,0.92959,0.92968,1.19,2.97
2014.07.31 14:56:22.363,0.92959,0.92965,1.19,1.00
2014.07.31 14:56:22.616,0.92957,0.92965,2.59,1.00
2014.07.31 14:56:23.122,0.92957,0.92964,1.25,1.58
2014.07.31 14:56:23.669,0.92957,0.92965,1.25,1.02
2014.07.31 14:56:25.446,0.92957,0.92966,1.69,1.39
2014.07.31 14:56:26.471,0.92957,0.92966,1.02,2.07
2014.07.31 14:56:27.634,0.92957,0.92966,1.77,1.32
2014.07.31 14:56:28.672,0.92957,0.92966,4.39,1.00
2014.07.31 14:56:28.975,0.92963,0.92972,1.32,1.77
2014.07.31 14:56:29.922,0.92963,0.92972,2.82,1.02
2014.07.31 14:56:30.479,0.92963,0.92972,2.07,1.84
2014.07.31 14:56:30.783,0.92962,0.9297,1.00,1.72
2014.07.31 14:56:30.833,0.9296,0.9297,1.25,2.22
2014.07.31 14:56:31.339,0.92959,0.92968,1.25,2.59
2014.07.31 14:56:31.491,0.92962,0.92968,1.50,1.08
2014.07.31 14:56:31.644,0.92963,0.9297,1.29,1.00
2014.07.31 14:56:31.745,0.92963,0.92972,1.77,1.25
2014.07.31 14:56:32.708,0.92962,0.92972,1.77,1.77
2014.07.31 14:56:32.861,0.92962,0.92971,1.25,1.34
2014.07.31 14:56:33.164,0.92961,0.92969,1.19,1.15
2014.07.31 14:56:33.519,0.92959,0.92969,1.69,1.84
2014.07.31 14:56:34.103,0.92959,0.92968,1.25,1.74
2014.07.31 14:56:34.633,0.92958,0.92967,1.69,1.09
2014.07.31 14:56:35.151,0.92958,0.92967,1.25,1.77
2014.07.31 14:56:36.082,0.92959,0.92967,1.00,2.14
2014.07.31 14:56:36.617,0.92959,0.92968,1.25,2.22
2014.07.31 14:56:37.131,0.92959,0.92968,1.69,1.47
2014.07.31 14:56:37.651,0.92958,0.92968,1.69,2.22
2014.07.31 14:56:38.167,0.92958,0.92968,1.69,2.22
2014.07.31 14:56:38.811,0.92958,0.92967,1.25,1.37
2014.07.31 14:56:40.819,0.92958,0.92965,1.25,1.00
2014.07.31 14:56:40.971,0.92956,0.92965,1.25,1.34
2014.07.31 14:56:41.324,0.92956,0.92966,1.69,1.37
2014.07.31 14:56:42.237,0.92957,0.92967,1.19,1.72
2014.07.31 14:56:42.753,0.92957,0.92967,1.19,1.74
2014.07.31 14:56:44.190,0.92958,0.92968,2.52,2.14
2014.07.31 14:56:45.276,0.92959,0.92968,1.69,1.47
2014.07.31 14:56:45.781,0.92963,0.92968,1.25,1.38
2014.07.31 14:56:45.933,0.92963,0.92971,1.37,1.38
2014.07.31 14:56:45.984,0.92963,0.92972,2.59,1.25
2014.07.31 14:56:46.187,0.92966,0.92974,1.19,1.48
2014.07.31 14:56:46.238,0.92967,0.92976,1.25,1.84
2014.07.31 14:56:46.848,0.92968,0.92976,1.00,1.69
2014.07.31 14:56:47.001,0.92969,0.92977,1.19,1.20
2014.07.31 14:56:48.407,0.92967,0.92977,2.52,2.14
2014.07.31 14:56:48.913,0.92969,0.92977,1.50,2.14
2014.07.31 14:56:49.419,0.92968,0.92977,1.69,1.39
2014.07.31 14:56:50.396,0.92969,0.92977,1.19,1.20
2014.07.31 14:56:51.009,0.92969,0.92977,1.25,1.39
2014.07.31 14:56:51.690,0.9297,0.92977,1.19,1.13
2014.07.31 14:56:52.196,0.9297,0.92978,1.25,1.39
2014.07.31 14:56:52.500,0.92965,0.92974,1.58,1.50
2014.07.31 14:56:52.703,0.92968,0.92976,1.69,1.02
2014.07.31 14:56:54.446,0.92968,0.92974,1.00,1.25
2014.07.31 14:56:54.699,0.92965,0.92972,1.00,1.02
2014.07.31 14:56:54.851,0.92965,0.92971,1.00,1.29
2014.07.31 14:56:54.952,0.92963,0.92971,1.00,1.27
2014.07.31 14:56:55.458,0.92962,0.9297,1.25,1.02
2014.07.31 14:56:55.996,0.92961,0.9297,1.19,1.09
2014.07.31 14:56:56.517,0.9296,0.9297,3.94,1.84
2014.07.31 14:56:57.124,0.9296,0.9297,2.44,2.59
2014.07.31 14:56:57.752,0.9296,0.92969,1.69,1.02
2014.07.31 14:56:58.267,0.9296,0.92969,1.69,1.09
2014.07.31 14:57:00.375,0.9296,0.92969,1.69,1.02
2014.07.31 14:57:00.880,0.9296,0.92969,1.69,1.09
2014.07.31 14:57:03.118,0.92963,0.92969,1.09,1.00
2014.07.31 14:57:03.169,0.92964,0.92972,3.08,1.00
2014.07.31 14:57:03.220,0.92965,0.92972,1.29,1.00
2014.07.31 14:57:03.270,0.92966,0.92974,1.69,2.07
2014.07.31 14:57:04.208,0.92966,0.92974,3.19,1.00
2014.07.31 14:57:09.080,0.92966,0.92973,2.52,1.00
2014.07.31 14:57:09.232,0.92965,0.92972,1.10,1.19
2014.07.31 14:57:09.384,0.92963,0.92971,1.00,2.52
2014.07.31 14:57:09.687,0.92965,0.92971,1.00,1.25
2014.07.31 14:57:10.477,0.92965,0.92972,1.00,1.25
2014.07.31 14:57:11.784,0.92964,0.92972,1.00,2.89
2014.07.31 14:57:11.997,0.92962,0.9297,1.25,1.39
2014.07.31 14:57:12.705,0.92962,0.9297,1.25,2.22
2014.07.31 14:57:13.531,0.9296,0.92968,1.69,1.00
2014.07.31 14:57:14.203,0.92962,0.92968,1.77,1.00
2014.07.31 14:57:14.304,0.92963,0.92971,2.59,1.00
2014.07.31 14:57:14.818,0.92963,0.92973,3.27,2.52
2014.07.31 14:57:15.367,0.92964,0.92973,1.19,1.09
2014.07.31 14:57:15.914,0.92963,0.92973,1.77,4.39
2014.07.31 14:57:16.519,0.92964,0.92973,1.29,1.69
2014.07.31 14:57:16.721,0.92963,0.92972,1.09,1.69
2014.07.31 14:57:17.024,0.9296,0.92968,1.69,1.00
2014.07.31 14:57:17.176,0.92959,0.92967,1.02,1.02
2014.07.31 14:57:17.277,0.92957,0.92964,3.27,1.00
2014.07.31 14:57:17.378,0.92957,0.92966,3.27,1.25
2014.07.31 14:57:18.798,0.92957,0.92967,2.33,1.77
2014.07.31 14:57:18.849,0.92957,0.92962,1.58,1.00
2014.07.31 14:57:19.152,0.92955,0.92965,3.19,3.72
2014.07.31 14:57:19.254,0.92958,0.92966,1.00,2.22
2014.07.31 14:57:20.199,0.92958,0.92966,1.50,1.20
2014.07.31 14:57:21.130,0.92958,0.92962,1.50,1.00
2014.07.31 14:57:21.231,0.92956,0.92962,1.25,1.00
2014.07.31 14:57:21.845,0.92958,0.92962,1.00,1.00
2014.07.31 14:57:21.896,0.92958,0.92965,1.00,2.07
2014.07.31 14:57:22.402,0.92959,0.92968,1.25,2.22
2014.07.31 14:57:23.236,0.92959,0.92968,1.69,1.47
2014.07.31 14:57:23.946,0.92959,0.92968,1.69,1.47
2014.07.31 14:57:24.779,0.92959,0.92968,2.44,1.47
2014.07.31 14:57:24.931,0.92959,0.92968,2.44,1.47
2014.07.31 14:57:26.598,0.92961,0.92968,1.00,1.47
2014.07.31 14:57:27.607,0.92961,0.92969,1.00,2.22
2014.07.31 14:57:34.498,0.92961,0.92969,1.00,2.89
2014.07.31 14:57:35.008,0.9296,0.92967,1.69,1.13
2014.07.31 14:57:38.546,0.9296,0.92967,1.50,1.63
2014.07.31 14:57:39.385,0.9296,0.92967,1.00,1.32
2014.07.31 14:57:46.281,0.9296,0.92968,1.25,1.39
2014.07.31 14:57:46.824,0.92959,0.92968,1.02,3.07
2014.07.31 14:57:47.354,0.92959,0.92968,1.77,3.07
2014.07.31 14:57:47.900,0.92959,0.92967,1.25,1.63
2014.07.31 14:57:51.305,0.92958,0.92965,1.58,1.25
2014.07.31 14:57:51.407,0.92957,0.92961,1.10,1.00
2014.07.31 14:57:51.457,0.92955,0.92961,1.10,1.00
2014.07.31 14:57:51.508,0.92955,0.92959,1.10,1.00
2014.07.31 14:57:51.609,0.92951,0.92959,2.22,1.25
2014.07.31 14:57:51.710,0.92951,0.92958,1.02,1.00
2014.07.31 14:57:52.570,0.9295,0.92958,1.25,1.69
2014.07.31 14:57:53.229,0.9295,0.92958,1.69,1.00
2014.07.31 14:57:53.331,0.92951,0.92958,1.40,1.50
2014.07.31 14:57:53.432,0.9295,0.92958,1.84,1.00
2014.07.31 14:57:54.341,0.92949,0.92958,2.52,1.69
2014.07.31 14:57:56.439,0.9295,0.92958,1.19,1.00
2014.07.31 14:57:56.540,0.92951,0.92958,1.84,1.00
2014.07.31 14:57:56.743,0.92951,0.9296,1.69,1.39
2014.07.31 14:57:56.944,0.92951,0.92958,1.69,1.00
2014.07.31 14:57:57.638,0.92951,0.92958,1.25,1.00
2014.07.31 14:58:00.270,0.92951,0.92958,3.34,1.00
2014.07.31 14:58:00.371,0.92954,0.92962,1.10,3.19
2014.07.31 14:58:00.473,0.92954,0.92963,1.10,2.25
2014.07.31 14:58:00.577,0.92956,0.92963,1.00,1.50
2014.07.31 14:58:01.097,0.92956,0.92964,1.77,1.13
2014.07.31 14:58:02.797,0.92956,0.92964,1.02,1.32
2014.07.31 14:58:06.308,0.92955,0.92962,3.34,1.00
2014.07.31 14:58:07.397,0.92955,0.92962,3.34,1.38
2014.07.31 14:58:07.600,0.92954,0.92962,1.00,2.97
2014.07.31 14:58:07.651,0.92952,0.92959,1.25,1.00
2014.07.31 14:58:07.955,0.9295,0.92957,1.29,1.00
2014.07.31 14:58:08.744,0.92949,0.92957,2.52,1.00
2014.07.31 14:58:09.047,0.92955,0.9296,1.00,1.10
2014.07.31 14:58:09.098,0.92955,0.9296,1.00,1.10
2014.07.31 14:58:09.300,0.92955,0.92962,1.69,1.00
2014.07.31 14:58:09.537,0.92955,0.9296,1.58,1.00
2014.07.31 14:58:09.740,0.92953,0.9296,1.50,1.00
2014.07.31 14:58:10.145,0.92955,0.92961,1.00,1.69
2014.07.31 14:58:10.650,0.92954,0.9296,1.77,1.00
2014.07.31 14:58:11.156,0.92954,0.92961,1.02,1.00
2014.07.31 14:58:11.661,0.92954,0.92959,1.08,1.25
2014.07.31 14:58:11.763,0.92953,0.92959,1.10,1.25
2014.07.31 14:58:11.916,0.92951,0.92958,1.25,1.00
2014.07.31 14:58:12.439,0.92951,0.92959,1.47,1.69
2014.07.31 14:58:12.490,0.92952,0.92959,1.69,1.00
2014.07.31 14:58:12.895,0.92954,0.92962,1.84,1.00
2014.07.31 14:58:13.198,0.92955,0.92964,1.09,2.44
2014.07.31 14:58:13.502,0.92953,0.92961,1.15,3.19
2014.07.31 14:58:13.704,0.92951,0.9296,1.25,1.77
2014.07.31 14:58:14.567,0.92951,0.9296,1.69,1.77
2014.07.31 14:58:14.617,0.92951,0.9296,1.69,2.14
2014.07.31 14:58:14.719,0.92951,0.9296,1.69,1.39
2014.07.31 14:58:15.754,0.92953,0.92961,1.00,2.97
2014.07.31 14:58:17.002,0.92955,0.92962,1.00,1.84
2014.07.31 14:58:17.406,0.92955,0.92962,1.10,1.00
2014.07.31 14:58:17.558,0.92953,0.92961,1.00,3.70
2014.07.31 14:58:18.062,0.92952,0.92961,1.00,6.20
2014.07.31 14:58:18.567,0.92951,0.9296,1.02,3.57
2014.07.31 14:58:19.072,0.92951,0.9296,1.02,5.32
2014.07.31 14:58:19.841,0.92951,0.92959,1.00,2.77
2014.07.31 14:58:20.145,0.92949,0.92958,1.10,4.19
2014.07.31 14:58:20.297,0.92946,0.92955,1.37,2.32
2014.07.31 14:58:20.347,0.92945,0.92955,2.22,3.82
2014.07.31 14:58:20.550,0.92945,0.92954,1.02,2.69
2014.07.31 14:58:24.254,0.92943,0.92952,2.97,1.69
2014.07.31 14:58:25.075,0.92943,0.92952,2.97,1.25
2014.07.31 14:58:25.176,0.92945,0.92954,2.07,1.02
2014.07.31 14:58:25.531,0.92947,0.92954,1.00,2.77
2014.07.31 14:58:26.049,0.92946,0.92954,1.13,1.69
2014.07.31 14:58:26.564,0.92946,0.92955,1.32,2.52
2014.07.31 14:58:35.758,0.92946,0.92955,2.44,1.02
2014.07.31 14:58:37.172,0.92947,0.92955,1.19,1.10
2014.07.31 14:58:37.677,0.92947,0.92955,1.25,1.25
2014.07.31 14:58:38.572,0.92947,0.92954,1.25,1.00
2014.07.31 14:58:38.876,0.92944,0.92951,1.69,1.00
2014.07.31 14:58:39.179,0.92943,0.92951,1.00,1.25
2014.07.31 14:58:39.281,0.92943,0.92951,1.00,2.22
2014.07.31 14:58:39.786,0.92943,0.9295,3.58,1.00
2014.07.31 14:58:39.837,0.92943,0.92952,3.58,1.69
2014.07.31 14:58:40.345,0.92943,0.92952,3.52,1.25
2014.07.31 14:58:40.887,0.92943,0.92951,2.02,1.25
2014.07.31 14:58:41.952,0.92945,0.92953,2.50,1.29
2014.07.31 14:58:42.609,0.92945,0.92954,4.25,1.09
2014.07.31 14:58:42.761,0.92946,0.92955,2.44,1.39
2014.07.31 14:58:44.448,0.92946,0.92955,2.44,1.47
2014.07.31 14:58:44.952,0.92946,0.92953,1.00,1.25
2014.07.31 14:58:48.319,0.92945,0.92953,2.44,1.32
2014.07.31 14:58:49.343,0.92944,0.92953,2.44,2.52
2014.07.31 14:58:50.250,0.92944,0.92952,1.00,3.34
2014.07.31 14:58:50.756,0.92945,0.92952,1.00,1.25
2014.07.31 14:58:51.261,0.92944,0.92952,1.25,1.25
2014.07.31 14:58:52.176,0.92943,0.9295,3.19,1.00
2014.07.31 14:58:52.479,0.92942,0.9295,1.00,2.97
2014.07.31 14:58:52.581,0.92941,0.9295,1.69,2.97
2014.07.31 14:58:53.101,0.92941,0.92948,1.69,1.10
2014.07.31 14:58:53.622,0.92941,0.92948,1.69,1.18
2014.07.31 14:58:54.135,0.92941,0.92948,1.25,1.10
2014.07.31 14:58:54.641,0.9294,0.92947,1.69,1.10
2014.07.31 14:58:55.146,0.9294,0.92948,1.69,2.52
2014.07.31 14:58:56.279,0.9294,0.92948,1.50,2.52
2014.07.31 14:58:57.393,0.9294,0.92948,1.00,2.22
2014.07.31 14:58:57.899,0.92938,0.92948,3.94,2.97
2014.07.31 14:58:58.486,0.92938,0.92947,2.44,1.39
2014.07.31 14:58:58.992,0.92938,0.92947,1.25,2.89
2014.07.31 14:59:00.392,0.92939,0.92948,1.19,2.22
2014.07.31 14:59:00.897,0.92941,0.92949,1.50,2.22
2014.07.31 14:59:01.406,0.92941,0.92948,1.00,2.14
2014.07.31 14:59:01.557,0.92938,0.92948,2.44,2.22
2014.07.31 14:59:01.608,0.92941,0.92948,1.00,2.22
2014.07.31 14:59:01.961,0.92938,0.92948,2.44,2.22
2014.07.31 14:59:02.163,0.92941,0.92948,1.00,2.22
2014.07.31 14:59:02.668,0.92941,0.92948,1.00,1.47
2014.07.31 14:59:02.769,0.92938,0.92948,2.44,2.22
2014.07.31 14:59:03.436,0.92939,0.92948,1.19,1.47
2014.07.31 14:59:03.589,0.92943,0.92949,1.00,1.00
2014.07.31 14:59:03.893,0.92945,0.92952,1.00,1.32
2014.07.31 14:59:04.398,0.92944,0.92952,1.00,1.32
2014.07.31 14:59:04.903,0.92945,0.92954,1.69,2.22
2014.07.31 14:59:05.449,0.92946,0.92955,1.69,1.72
2014.07.31 14:59:05.803,0.92946,0.92954,1.25,2.22
2014.07.31 14:59:06.056,0.92944,0.92951,1.00,1.39
2014.07.31 14:59:06.460,0.92943,0.92951,1.00,1.47
2014.07.31 14:59:07.121,0.92943,0.9295,1.00,1.40
2014.07.31 14:59:07.476,0.9294,0.92948,1.00,1.40
2014.07.31 14:59:07.830,0.92938,0.92947,2.44,1.37
2014.07.31 14:59:08.234,0.9294,0.92948,1.00,1.84
2014.07.31 14:59:08.841,0.92941,0.92948,1.00,1.10
2014.07.31 14:59:09.346,0.92942,0.9295,1.00,1.53
2014.07.31 14:59:09.498,0.92942,0.9295,1.00,2.22
2014.07.31 14:59:10.003,0.92942,0.9295,1.00,2.97
2014.07.31 14:59:10.256,0.92946,0.92954,1.25,1.95
2014.07.31 14:59:10.357,0.92946,0.92954,1.19,2.20
2014.07.31 14:59:10.408,0.92944,0.92954,1.58,2.47
2014.07.31 14:59:10.459,0.92946,0.92954,1.00,3.22
2014.07.31 14:59:10.560,0.92943,0.92954,1.10,4.03
2014.07.31 14:59:10.762,0.92945,0.92954,1.00,3.28
2014.07.31 14:59:10.814,0.92945,0.92954,1.25,2.97
2014.07.31 14:59:10.915,0.92946,0.92954,1.69,1.20
2014.07.31 14:59:11.440,0.92947,0.92956,1.25,2.22
2014.07.31 14:59:12.006,0.92947,0.92956,1.25,4.39
2014.07.31 14:59:12.466,0.92947,0.92957,2.44,2.97
2014.07.31 14:59:12.517,0.9295,0.92957,1.00,2.22
2014.07.31 14:59:12.770,0.92948,0.92956,1.25,1.78
2014.07.31 14:59:13.297,0.92948,0.92956,1.00,1.67
2014.07.31 14:59:13.651,0.92947,0.92955,3.34,1.00
2014.07.31 14:59:13.753,0.92947,0.92957,3.34,1.69
2014.07.31 14:59:14.057,0.92949,0.92957,1.69,1.10
2014.07.31 14:59:15.976,0.92949,0.92958,2.07,1.40
2014.07.31 14:59:16.494,0.92949,0.92958,2.07,1.09
2014.07.31 14:59:17.024,0.92949,0.92958,1.69,1.47
2014.07.31 14:59:18.844,0.92949,0.92958,1.69,1.47
2014.07.31 14:59:19.393,0.92949,0.92959,1.69,3.72
2014.07.31 14:59:20.310,0.92948,0.92957,1.25,2.14
2014.07.31 14:59:20.815,0.92947,0.92955,1.69,1.13
2014.07.31 14:59:21.674,0.92947,0.92954,2.44,1.00
2014.07.31 14:59:22.140,0.92946,0.92952,1.00,1.25
2014.07.31 14:59:22.445,0.92943,0.92951,1.00,1.84
2014.07.31 14:59:22.698,0.92942,0.92951,1.25,1.84
2014.07.31 14:59:23.507,0.92942,0.92949,1.00,1.00
2014.07.31 14:59:23.759,0.92944,0.9295,1.10,1.88
2014.07.31 14:59:24.064,0.92941,0.92948,1.29,1.00
2014.07.31 14:59:24.216,0.92943,0.92951,1.19,1.10
2014.07.31 14:59:24.721,0.92945,0.92953,1.25,2.40
2014.07.31 14:59:25.278,0.92945,0.92955,1.25,2.33
2014.07.31 14:59:25.328,0.92946,0.92954,1.19,1.00
2014.07.31 14:59:25.379,0.92945,0.92954,1.02,1.00
2014.07.31 14:59:25.431,0.92947,0.92952,1.00,1.00
2014.07.31 14:59:25.856,0.92945,0.92952,1.77,1.00
2014.07.31 14:59:26.414,0.92945,0.92951,1.00,1.00
2014.07.31 14:59:26.515,0.92943,0.9295,1.00,1.00
2014.07.31 14:59:26.919,0.92941,0.9295,1.08,1.08
2014.07.31 14:59:26.970,0.9294,0.92948,1.69,1.18
2014.07.31 14:59:27.021,0.92941,0.92948,1.29,1.08
2014.07.31 14:59:27.072,0.92941,0.92949,1.37,1.00
2014.07.31 14:59:27.520,0.9294,0.92949,1.25,2.70
2014.07.31 14:59:27.621,0.9294,0.92947,1.25,1.00
2014.07.31 14:59:27.924,0.92939,0.92944,1.00,1.10
2014.07.31 14:59:28.025,0.92935,0.92944,1.69,1.10
2014.07.31 14:59:28.481,0.92937,0.92947,1.69,2.59
2014.07.31 14:59:28.989,0.92939,0.92947,1.00,1.84
2014.07.31 14:59:29.725,0.92939,0.92947,1.25,1.20
2014.07.31 14:59:30.634,0.92939,0.92947,1.25,1.48
2014.07.31 14:59:31.100,0.92938,0.92944,1.00,1.00
2014.07.31 14:59:31.606,0.92937,0.92945,1.00,1.39
2014.07.31 14:59:32.325,0.92937,0.92943,1.00,1.00
2014.07.31 14:59:32.479,0.92935,0.92942,1.00,1.25
2014.07.31 14:59:32.530,0.92935,0.92941,1.00,1.55
2014.07.31 14:59:32.682,0.92931,0.92939,1.00,2.97
2014.07.31 14:59:33.187,0.9293,0.92939,1.25,2.22
2014.07.31 14:59:33.894,0.9293,0.92939,1.25,2.22
2014.07.31 14:59:34.400,0.9293,0.92938,1.25,1.02
2014.07.31 14:59:34.905,0.92929,0.92937,2.52,1.00
2014.07.31 14:59:35.410,0.92929,0.92937,1.50,1.00
2014.07.31 14:59:35.764,0.92931,0.92936,1.00,1.00
2014.07.31 14:59:35.966,0.92929,0.92936,1.25,1.10
2014.07.31 14:59:37.256,0.92929,0.92938,1.69,1.47
2014.07.31 14:59:37.796,0.9293,0.92939,1.25,2.97
2014.07.31 14:59:38.301,0.9293,0.92939,1.00,2.97
2014.07.31 14:59:39.058,0.92929,0.92939,1.50,2.22
2014.07.31 14:59:39.570,0.92929,0.92939,1.69,2.97
2014.07.31 14:59:39.722,0.92931,0.92939,1.69,1.18
2014.07.31 14:59:39.834,0.92936,0.9294,1.00,1.58
2014.07.31 14:59:39.885,0.92931,0.92935,1.00,1.00
2014.07.31 14:59:40.037,0.92928,0.92936,1.00,1.77
2014.07.31 14:59:40.138,0.9293,0.92936,1.00,1.09
2014.07.31 14:59:40.239,0.92931,0.92938,1.00,1.10
2014.07.31 14:59:40.441,0.92932,0.92939,1.84,1.00
2014.07.31 14:59:40.593,0.9293,0.9294,2.59,1.00
2014.07.31 14:59:40.694,0.9293,0.92938,1.69,1.00
2014.07.31 14:59:41.199,0.9293,0.92939,2.44,1.10
2014.07.31 14:59:41.618,0.92935,0.9294,1.00,1.00
2014.07.31 14:59:41.668,0.92935,0.92942,1.00,1.58
2014.07.31 14:59:41.944,0.92936,0.92946,2.44,2.03
2014.07.31 14:59:42.096,0.92936,0.92946,3.27,1.28
2014.07.31 14:59:42.603,0.92936,0.92946,2.52,1.20
2014.07.31 14:59:42.653,0.92936,0.92946,1.25,2.14
2014.07.31 14:59:43.161,0.92936,0.92943,1.69,1.00
2014.07.31 14:59:43.566,0.92938,0.92947,1.25,1.48
2014.07.31 14:59:44.072,0.92938,0.92947,1.19,1.55
2014.07.31 14:59:44.880,0.92938,0.92947,1.00,1.55
2014.07.31 14:59:45.397,0.92944,0.92949,1.00,1.00
2014.07.31 14:59:45.549,0.92945,0.92955,1.88,1.20
2014.07.31 14:59:45.600,0.92948,0.92955,1.50,1.28
2014.07.31 14:59:45.903,0.92953,0.92957,1.00,1.10
2014.07.31 14:59:46.308,0.92953,0.9296,1.00,2.22
2014.07.31 14:59:46.818,0.92953,0.9296,1.00,2.22
2014.07.31 14:59:47.484,0.92953,0.9296,1.00,2.03
2014.07.31 14:59:47.535,0.92951,0.92959,1.00,2.22
2014.07.31 14:59:47.636,0.92949,0.92959,1.69,2.22
2014.07.31 14:59:47.838,0.9295,0.92959,1.19,1.15
2014.07.31 14:59:47.940,0.92955,0.92961,1.00,3.08
2014.07.31 14:59:48.041,0.92955,0.92963,1.69,1.10
2014.07.31 14:59:48.244,0.92955,0.92961,1.00,1.00
2014.07.31 14:59:48.295,0.92953,0.92961,1.25,1.50
2014.07.31 14:59:48.396,0.92954,0.9296,1.08,1.00
2014.07.31 14:59:48.549,0.92954,0.92962,1.29,1.00
2014.07.31 14:59:48.852,0.92952,0.9296,1.02,1.00
2014.07.31 14:59:49.054,0.92952,0.92959,1.00,1.08
2014.07.31 14:59:49.358,0.92952,0.92959,1.19,1.15
2014.07.31 14:59:49.460,0.92952,0.92961,1.84,1.00
2014.07.31 14:59:49.763,0.92953,0.92959,1.00,1.10
2014.07.31 14:59:50.068,0.9295,0.92958,1.19,1.08
2014.07.31 14:59:50.421,0.92952,0.92959,1.15,1.00
2014.07.31 14:59:50.523,0.92956,0.92963,1.00,1.10
2014.07.31 14:59:50.574,0.92956,0.92961,1.25,1.00
2014.07.31 14:59:50.676,0.92956,0.92963,1.00,1.10
2014.07.31 14:59:50.878,0.92955,0.9296,1.25,1.00
2014.07.31 14:59:51.081,0.92952,0.92961,1.00,2.97
2014.07.31 14:59:51.589,0.9295,0.9296,2.44,2.22
2014.07.31 14:59:51.842,0.92951,0.9296,1.25,2.22
2014.07.31 14:59:52.600,0.9295,0.92959,2.82,1.84
2014.07.31 14:59:53.111,0.9295,0.92959,1.69,2.22
2014.07.31 14:59:53.616,0.9295,0.92959,1.69,2.22
2014.07.31 14:59:54.172,0.9295,0.92959,1.63,1.84
2014.07.31 14:59:54.375,0.92956,0.92964,1.50,1.34
2014.07.31 14:59:54.426,0.92959,0.92966,1.00,2.52
2014.07.31 14:59:54.528,0.92959,0.92967,1.25,1.15
2014.07.31 14:59:54.629,0.92959,0.92967,2.44,1.00
2014.07.31 14:59:55.135,0.92959,0.92968,1.69,1.84
2014.07.31 14:59:55.338,0.92961,0.92968,1.00,1.47
2014.07.31 14:59:55.915,0.92961,0.92967,1.00,1.29
2014.07.31 14:59:56.066,0.92958,0.92966,1.69,1.32
2014.07.31 14:59:56.218,0.92958,0.92964,1.50,1.19
2014.07.31 14:59:56.558,0.92956,0.92964,1.19,1.18
2014.07.31 14:59:56.609,0.92957,0.92964,1.25,1.10
2014.07.31 14:59:57.116,0.92958,0.92966,1.25,1.47
2014.07.31 14:59:57.625,0.92958,0.92962,1.00,1.00
2014.07.31 14:59:57.726,0.92957,0.92964,1.00,1.39
2014.07.31 14:59:57.980,0.92959,0.92966,1.00,1.47
2014.07.31 14:59:58.081,0.92958,0.92967,1.25,2.59
2014.07.31 14:59:58.588,0.92958,0.92967,1.69,1.09
2014.07.31 14:59:59.146,0.9296,0.92967,1.38,1.10
2014.07.31 14:59:59.298,0.9296,0.9297,1.88,2.97
2014.07.31 14:59:59.349,0.92961,0.92967,1.00,1.00
2014.07.31 14:59:59.552,0.92965,0.92973,1.25,1.50
2014.07.31 14:59:59.602,0.92968,0.92974,1.00,1.10
2014.07.31 14:59:59.654,0.92972,0.92977,1.25,1.10
2014.07.31 14:59:59.755,0.92973,0.92981,1.25,1.15
2014.07.31 14:59:59.806,0.92973,0.92981,1.25,1.18
2014.07.31 14:59:59.958,0.9297,0.92977,1.25,1.00
