2014.07.06 23:00:00.270,0.93565,0.93573,1.00,1.00
2014.07.06 23:00:26.603,0.93566,0.93573,1.00,1.50
2014.07.06 23:00:26.906,0.93565,0.93573,1.00,1.88
2014.07.06 23:00:27.176,0.93566,0.93573,1.00,1.50
2014.07.06 23:00:27.681,0.93565,0.93573,1.00,1.50
2014.07.06 23:00:29.659,0.93562,0.93573,1.13,1.50
2014.07.06 23:00:34.086,0.93563,0.93573,1.00,1.50
2014.07.06 23:00:41.300,0.93562,0.93573,1.13,1.50
2014.07.06 23:00:52.107,0.93563,0.93573,1.00,1.00
2014.07.06 23:00:52.310,0.93565,0.93573,1.00,1.00
2014.07.06 23:00:52.562,0.93566,0.93575,1.00,1.00
2014.07.06 23:00:53.101,0.93566,0.93576,1.50,1.00
2014.07.06 23:00:53.759,0.93567,0.93576,1.00,1.00
2014.07.06 23:00:54.276,0.93567,0.93577,1.00,1.00
2014.07.06 23:01:00.306,0.93567,0.93578,1.00,1.00
2014.07.06 23:01:15.644,0.93567,0.93575,1.50,1.00
2014.07.06 23:01:23.469,0.93568,0.93575,1.00,1.00
2014.07.06 23:01:32.668,0.93569,0.93575,1.00,1.00
2014.07.06 23:01:32.820,0.93569,0.93578,1.00,1.00
2014.07.06 23:01:33.123,0.93574,0.93579,1.00,1.00
2014.07.06 23:01:33.174,0.93574,0.93582,1.00,1.00
2014.07.06 23:01:33.281,0.93574,0.93584,1.00,1.00
2014.07.06 23:01:33.383,0.93574,0.93579,1.00,1.00
2014.07.06 23:01:33.585,0.93575,0.93584,1.00,1.13
2014.07.06 23:01:33.686,0.93578,0.93584,1.50,1.00
2014.07.06 23:01:33.990,0.93576,0.93585,1.50,1.50
2014.07.06 23:02:11.086,0.93576,0.93587,1.00,1.00
2014.07.06 23:02:19.687,0.93575,0.93587,1.73,1.50
2014.07.06 23:02:20.206,0.93574,0.93586,1.73,1.00
2014.07.06 23:02:20.727,0.93574,0.93586,1.73,1.00
2014.07.06 23:02:41.682,0.93579,0.93587,1.00,1.50
2014.07.06 23:02:41.886,0.9358,0.93589,1.00,1.00
2014.07.06 23:02:42.089,0.9358,0.93591,1.00,1.13
2014.07.06 23:02:55.826,0.93579,0.93591,2.11,1.13
2014.07.06 23:02:56.330,0.9358,0.93592,1.00,3.38
2014.07.06 23:02:56.837,0.93579,0.93591,2.11,1.13
2014.07.06 23:02:58.391,0.93578,0.9359,2.86,1.00
2014.07.06 23:02:58.594,0.93578,0.93588,2.48,1.38
2014.07.06 23:02:58.695,0.93575,0.93586,1.73,1.00
2014.07.06 23:02:58.847,0.93578,0.93586,1.00,1.00
2014.07.06 23:02:59.201,0.93573,0.93585,1.73,1.50
2014.07.06 23:02:59.252,0.93573,0.93583,1.31,1.00
2014.07.06 23:02:59.757,0.93573,0.93584,1.31,1.00
2014.07.06 23:03:26.381,0.93573,0.93583,1.31,1.00
2014.07.06 23:03:59.444,0.93572,0.93584,1.73,1.00
2014.07.06 23:04:00.114,0.93574,0.93584,1.00,1.00
2014.07.06 23:04:10.962,0.93574,0.93583,1.00,1.00
2014.07.06 23:04:20.293,0.93574,0.93582,1.00,1.00
2014.07.06 23:04:22.670,0.93574,0.93583,1.00,1.00
2014.07.06 23:04:23.179,0.93574,0.93582,1.00,1.00
2014.07.06 23:04:45.329,0.93574,0.93583,1.00,1.00
2014.07.06 23:04:57.030,0.93574,0.93584,1.00,1.00
2014.07.06 23:05:00.128,0.93571,0.93584,1.31,1.00
2014.07.06 23:05:06.236,0.93571,0.93583,1.31,1.00
2014.07.06 23:05:47.393,0.93572,0.93583,1.00,1.00
2014.07.06 23:05:48.068,0.93572,0.93583,1.23,1.00
2014.07.06 23:06:00.145,0.93575,0.93585,1.00,1.00
2014.07.06 23:06:00.449,0.93578,0.93585,1.00,1.00
2014.07.06 23:06:00.651,0.93576,0.93585,1.00,1.00
2014.07.06 23:06:00.752,0.93578,0.93585,1.00,1.00
2014.07.06 23:06:00.954,0.93576,0.93587,1.00,1.00
2014.07.06 23:06:08.246,0.93574,0.93586,2.86,1.00
2014.07.06 23:06:08.348,0.93574,0.93584,1.23,1.00
2014.07.06 23:06:08.449,0.93573,0.93584,1.36,1.00
2014.07.06 23:06:41.225,0.93573,0.93583,1.31,1.00
2014.07.06 23:06:42.210,0.93573,0.93584,1.31,1.50
2014.07.06 23:06:42.804,0.93573,0.93583,1.31,1.00
2014.07.06 23:06:53.685,0.93575,0.93583,1.00,1.00
2014.07.06 23:07:09.051,0.93574,0.93583,1.00,1.00
2014.07.06 23:09:03.857,0.93573,0.93583,1.31,1.00
2014.07.06 23:10:02.545,0.93571,0.93583,1.36,1.00
2014.07.06 23:10:04.927,0.93571,0.93583,1.36,1.08
2014.07.06 23:10:05.710,0.93571,0.93583,1.43,1.15
2014.07.06 23:10:15.582,0.93572,0.93583,2.25,1.08
2014.07.06 23:10:15.735,0.93578,0.93587,1.00,1.18
2014.07.06 23:10:16.241,0.93578,0.93588,1.00,4.95
2014.07.06 23:10:16.393,0.93575,0.93584,1.06,1.00
2014.07.06 23:10:16.646,0.93573,0.93582,1.46,1.00
2014.07.06 23:10:17.151,0.93573,0.93582,1.08,1.48
2014.07.06 23:10:17.311,0.93573,0.93582,1.00,1.53
2014.07.06 23:10:18.362,0.9357,0.93579,1.73,1.10
2014.07.06 23:10:18.565,0.93567,0.93574,1.81,1.00
2014.07.06 23:10:18.685,0.93567,0.93574,1.33,1.00
2014.07.06 23:10:19.192,0.93566,0.93574,1.33,1.00
2014.07.06 23:10:30.042,0.93565,0.93574,1.81,1.00
2014.07.06 23:10:34.340,0.93567,0.93574,1.00,1.00
2014.07.06 23:10:34.390,0.93569,0.93578,1.00,2.33
2014.07.06 23:10:34.542,0.93569,0.93579,1.50,1.65
2014.07.06 23:10:35.057,0.9357,0.93579,1.00,1.65
2014.07.06 23:10:35.596,0.9357,0.93579,1.00,1.20
2014.07.06 23:10:38.551,0.9357,0.9358,1.10,1.10
2014.07.06 23:10:38.854,0.93574,0.93581,1.00,2.03
2014.07.06 23:10:41.173,0.93574,0.93582,1.00,1.53
2014.07.06 23:10:43.103,0.93574,0.93582,1.00,1.53
2014.07.06 23:11:01.096,0.9357,0.9358,1.06,1.10
2014.07.06 23:11:03.323,0.9357,0.9358,1.00,1.18
2014.07.06 23:11:14.476,0.9357,0.9358,1.10,1.10
2014.07.06 23:11:15.032,0.9357,0.9358,1.00,1.18
2014.07.06 23:11:23.974,0.9357,0.9358,1.10,1.10
2014.07.06 23:11:32.545,0.9357,0.9358,1.00,1.08
2014.07.06 23:11:42.659,0.9357,0.9358,1.10,1.10
2014.07.06 23:11:44.414,0.93569,0.93579,1.18,1.00
2014.07.06 23:11:44.515,0.93569,0.93577,1.10,2.25
2014.07.06 23:11:44.768,0.93565,0.93573,1.00,1.18
2014.07.06 23:11:45.374,0.93564,0.93573,1.00,1.18
2014.07.06 23:11:46.069,0.93564,0.93573,1.00,1.10
2014.07.06 23:12:07.078,0.93569,0.93574,1.00,1.10
2014.07.06 23:12:09.088,0.93568,0.93574,1.00,1.00
2014.07.06 23:12:09.138,0.93564,0.93574,1.88,1.13
2014.07.06 23:12:09.292,0.93564,0.93572,1.00,1.00
2014.07.06 23:12:31.313,0.93564,0.93573,1.10,1.50
2014.07.06 23:12:34.305,0.93564,0.93575,1.58,2.03
2014.07.06 23:12:34.608,0.93565,0.93576,1.15,1.00
2014.07.06 23:12:35.113,0.93565,0.93576,1.18,1.10
2014.07.06 23:12:41.673,0.93564,0.93576,4.06,1.00
2014.07.06 23:12:42.361,0.93564,0.93576,1.88,1.10
2014.07.06 23:12:47.781,0.93564,0.93576,4.81,1.00
2014.07.06 23:12:48.441,0.93564,0.93576,2.63,1.10
2014.07.06 23:12:55.261,0.93564,0.93576,4.81,1.00
2014.07.06 23:12:55.776,0.93564,0.93576,2.63,1.10
2014.07.06 23:13:01.033,0.93564,0.93576,4.06,1.50
2014.07.06 23:13:01.589,0.93564,0.93576,1.88,1.58
2014.07.06 23:13:02.227,0.93564,0.93576,4.06,1.50
2014.07.06 23:13:02.915,0.93564,0.93576,1.88,1.58
2014.07.06 23:13:13.697,0.93564,0.93576,3.31,1.00
2014.07.06 23:13:14.367,0.93564,0.93576,1.46,1.10
2014.07.06 23:13:14.905,0.93564,0.93576,3.31,1.00
2014.07.06 23:13:15.614,0.93565,0.93577,1.18,1.65
2014.07.06 23:13:15.917,0.93565,0.93577,2.33,1.50
2014.07.06 23:13:21.042,0.93565,0.93576,2.33,1.00
2014.07.06 23:13:21.549,0.93565,0.93577,1.15,1.58
2014.07.06 23:13:22.302,0.93565,0.93577,1.18,2.40
2014.07.06 23:13:22.807,0.93563,0.93575,1.81,1.18
2014.07.06 23:13:23.341,0.93563,0.93575,1.81,1.15
2014.07.06 23:13:24.789,0.93563,0.93575,1.88,1.18
2014.07.06 23:13:25.259,0.93563,0.93573,1.23,1.18
2014.07.06 23:13:32.748,0.93563,0.93573,1.33,1.10
2014.07.06 23:13:34.604,0.93563,0.93573,1.23,1.18
2014.07.06 23:13:36.117,0.93563,0.93573,1.33,1.10
2014.07.06 23:13:36.656,0.93563,0.93574,1.23,1.15
2014.07.06 23:13:37.161,0.93563,0.93574,1.33,1.18
2014.07.06 23:13:37.697,0.93563,0.93574,1.23,1.15
2014.07.06 23:13:41.452,0.93563,0.93574,1.33,1.18
2014.07.06 23:13:42.430,0.93563,0.93574,1.23,1.15
2014.07.06 23:13:49.441,0.93563,0.93574,1.33,1.18
2014.07.06 23:13:50.440,0.93563,0.93573,1.23,1.18
2014.07.06 23:13:51.369,0.93563,0.93573,1.33,1.20
2014.07.06 23:13:51.916,0.93563,0.93573,1.23,1.08
2014.07.06 23:13:53.584,0.93563,0.93573,1.33,1.20
2014.07.06 23:13:54.095,0.93563,0.93573,1.23,1.18
2014.07.06 23:13:54.630,0.93563,0.93573,1.33,1.10
2014.07.06 23:13:55.350,0.93563,0.93573,1.23,1.18
2014.07.06 23:14:04.330,0.93563,0.93573,1.33,1.20
2014.07.06 23:14:06.580,0.93563,0.93573,1.23,1.08
2014.07.06 23:14:07.128,0.93562,0.93573,1.23,1.15
2014.07.06 23:14:09.424,0.93562,0.93572,1.23,1.53
2014.07.06 23:14:10.130,0.93561,0.93572,1.23,1.53
2014.07.06 23:14:19.935,0.93561,0.93572,2.18,1.18
2014.07.06 23:14:20.445,0.93561,0.93572,2.26,1.00
2014.07.06 23:14:22.908,0.93561,0.93573,2.26,1.10
2014.07.06 23:14:25.413,0.93561,0.93572,1.38,1.38
2014.07.06 23:14:25.818,0.93559,0.93571,2.26,1.20
2014.07.06 23:14:26.369,0.93559,0.93571,4.43,1.13
2014.07.06 23:14:28.625,0.93559,0.93571,2.26,1.20
2014.07.06 23:14:29.282,0.93559,0.93571,4.43,1.13
2014.07.06 23:14:30.847,0.93559,0.93571,2.26,1.20
2014.07.06 23:14:31.370,0.93559,0.93571,4.43,1.13
2014.07.06 23:14:35.803,0.9356,0.93572,3.68,1.00
2014.07.06 23:14:36.325,0.9356,0.93571,2.93,1.00
2014.07.06 23:14:36.721,0.93559,0.93572,2.26,2.03
2014.07.06 23:14:36.923,0.93559,0.93569,1.51,1.00
2014.07.06 23:14:37.773,0.93559,0.93569,3.68,1.00
2014.07.06 23:14:38.486,0.93559,0.9357,3.68,1.00
2014.07.06 23:14:39.512,0.93559,0.9357,1.51,1.00
2014.07.06 23:14:46.654,0.93559,0.93569,1.51,1.00
2014.07.06 23:14:47.157,0.93559,0.93569,1.51,1.00
2014.07.06 23:15:03.572,0.93559,0.9357,1.51,1.58
2014.07.06 23:15:03.889,0.93565,0.9357,1.00,1.58
2014.07.06 23:15:04.193,0.93558,0.93564,1.31,1.13
2014.07.06 23:15:04.345,0.93556,0.93564,1.00,2.03
2014.07.06 23:15:10.327,0.93556,0.93564,1.00,1.95
2014.07.06 23:15:10.631,0.93557,0.93565,1.09,1.00
2014.07.06 23:15:11.388,0.93558,0.93565,1.29,1.00
2014.07.06 23:15:23.194,0.93556,0.93565,1.88,1.00
2014.07.06 23:15:23.448,0.93556,0.93564,1.31,1.00
2014.07.06 23:15:24.450,0.93555,0.93564,1.81,1.00
2014.07.06 23:15:38.103,0.93555,0.93565,1.06,1.10
2014.07.06 23:15:38.633,0.93555,0.93562,1.06,1.00
2014.07.06 23:15:39.037,0.93555,0.9356,1.00,1.00
2014.07.06 23:15:56.438,0.93555,0.93561,1.00,1.00
2014.07.06 23:16:00.132,0.93556,0.93561,1.00,1.00
2014.07.06 23:16:20.608,0.93553,0.93559,1.33,1.50
2014.07.06 23:16:20.962,0.93552,0.93558,1.00,1.00
2014.07.06 23:16:21.487,0.93551,0.93558,1.00,1.00
2014.07.06 23:16:41.419,0.93551,0.93557,1.10,1.00
2014.07.06 23:16:55.154,0.93549,0.93554,1.13,1.00
2014.07.06 23:16:55.360,0.93544,0.9355,1.41,1.00
2014.07.06 23:16:55.564,0.93545,0.93549,1.00,1.00
2014.07.06 23:16:56.103,0.93545,0.93549,1.50,1.00
2014.07.06 23:16:56.643,0.93545,0.9355,1.50,1.00
2014.07.06 23:17:03.246,0.93545,0.93551,1.00,1.50
2014.07.06 23:17:04.190,0.93544,0.93551,1.00,1.13
2014.07.06 23:17:26.375,0.93544,0.93552,1.00,1.50
2014.07.06 23:17:28.332,0.93544,0.93552,1.00,1.48
2014.07.06 23:17:37.996,0.93544,0.93549,1.00,1.00
2014.07.06 23:17:38.694,0.93544,0.9355,1.00,1.00
2014.07.06 23:17:58.745,0.93544,0.93551,1.00,1.13
2014.07.06 23:18:04.306,0.93543,0.93551,1.00,1.13
2014.07.06 23:18:27.927,0.93544,0.93551,1.00,1.13
2014.07.06 23:18:42.334,0.93543,0.93551,1.00,1.13
2014.07.06 23:18:42.843,0.93544,0.93551,1.00,1.13
2014.07.06 23:18:56.408,0.93544,0.9355,1.00,1.00
2014.07.06 23:19:11.455,0.93544,0.93551,1.00,1.13
2014.07.06 23:19:23.673,0.93544,0.93553,1.00,4.20
2014.07.06 23:19:25.722,0.93544,0.93553,1.00,2.03
2014.07.06 23:19:26.255,0.93544,0.93553,1.00,4.20
2014.07.06 23:19:26.758,0.93544,0.93553,1.00,2.03
2014.07.06 23:19:42.432,0.93543,0.93553,1.00,2.03
2014.07.06 23:19:42.976,0.93544,0.93553,1.00,2.78
2014.07.06 23:19:46.823,0.93543,0.93553,1.00,2.03
2014.07.06 23:20:32.755,0.93544,0.93553,1.00,2.03
2014.07.06 23:20:32.806,0.93544,0.93553,1.00,2.03
2014.07.06 23:20:33.407,0.93544,0.93553,1.00,1.95
2014.07.06 23:20:33.928,0.93544,0.93553,1.00,2.03
2014.07.06 23:20:35.163,0.93543,0.93553,1.50,2.78
2014.07.06 23:20:37.919,0.93543,0.93553,1.10,2.78
2014.07.06 23:20:38.836,0.93543,0.93553,1.00,2.70
2014.07.06 23:20:39.639,0.93543,0.93553,1.10,2.78
2014.07.06 23:20:41.500,0.93543,0.93553,1.10,2.70
2014.07.06 23:20:42.371,0.93542,0.93553,1.10,2.78
2014.07.06 23:20:42.901,0.93543,0.93553,1.10,2.70
2014.07.06 23:20:43.449,0.93543,0.93553,1.10,1.95
2014.07.06 23:20:45.265,0.93543,0.93553,1.10,1.95
2014.07.06 23:20:45.795,0.93543,0.93553,1.00,2.03
2014.07.06 23:20:46.396,0.93544,0.93553,1.00,1.58
2014.07.06 23:20:46.953,0.93544,0.93553,1.00,1.95
2014.07.06 23:20:47.529,0.93544,0.93553,1.00,1.58
2014.07.06 23:20:48.883,0.93544,0.93553,1.00,1.95
2014.07.06 23:20:49.397,0.93544,0.93553,1.00,1.58
2014.07.06 23:21:13.838,0.93547,0.93553,1.00,1.10
2014.07.06 23:21:14.166,0.93549,0.93555,1.00,1.00
2014.07.06 23:21:15.302,0.93549,0.93558,1.65,1.00
2014.07.06 23:21:15.834,0.9355,0.93559,1.18,1.00
2014.07.06 23:21:31.359,0.93549,0.93555,1.20,1.00
2014.07.06 23:21:31.584,0.93549,0.93559,2.03,1.00
2014.07.06 23:21:32.089,0.93551,0.93559,1.00,1.00
2014.07.06 23:21:45.651,0.9355,0.93559,1.88,1.10
2014.07.06 23:22:07.569,0.9355,0.93559,1.95,1.00
2014.07.06 23:22:07.873,0.93555,0.93563,1.10,2.25
2014.07.06 23:22:08.154,0.93555,0.93564,1.58,1.00
2014.07.06 23:22:08.696,0.93555,0.93564,1.65,1.00
2014.07.06 23:22:09.226,0.93555,0.93564,1.58,1.00
2014.07.06 23:22:11.222,0.93555,0.93564,1.58,1.00
2014.07.06 23:22:11.774,0.93555,0.93564,1.58,1.00
2014.07.06 23:22:14.887,0.93555,0.93564,1.65,1.00
2014.07.06 23:22:15.497,0.93555,0.93564,1.58,1.00
2014.07.06 23:22:17.239,0.93555,0.93564,1.58,1.00
2014.07.06 23:22:17.751,0.93555,0.93565,2.40,1.00
2014.07.06 23:22:18.004,0.93555,0.93565,2.33,1.10
2014.07.06 23:22:42.344,0.9356,0.93567,1.08,1.58
2014.07.06 23:22:42.751,0.9356,0.9357,3.83,1.00
2014.07.06 23:22:42.852,0.93562,0.93572,1.18,2.63
2014.07.06 23:22:42.954,0.93565,0.93573,1.00,2.33
2014.07.06 23:22:43.501,0.93565,0.93574,1.00,1.10
2014.07.06 23:22:54.891,0.93565,0.93574,1.38,1.10
2014.07.06 23:23:08.852,0.93565,0.93574,1.55,1.00
2014.07.06 23:23:09.156,0.9357,0.93577,4.20,1.00
2014.07.06 23:23:09.409,0.93575,0.93581,1.38,1.00
2014.07.06 23:23:09.813,0.93575,0.93584,1.48,1.88
2014.07.06 23:23:10.347,0.93575,0.93584,1.48,1.88
2014.07.06 23:23:10.928,0.93575,0.93583,1.38,1.00
2014.07.06 23:23:13.620,0.93575,0.93583,1.00,1.00
2014.07.06 23:23:27.352,0.93575,0.93584,1.00,1.95
2014.07.06 23:23:32.510,0.93575,0.93584,1.00,2.03
2014.07.06 23:23:59.699,0.93575,0.93583,1.00,1.48
2014.07.06 23:23:59.750,0.93572,0.93581,1.18,1.00
2014.07.06 23:24:04.299,0.93571,0.93581,1.51,1.00
2014.07.06 23:24:04.850,0.93571,0.93581,1.28,1.58
2014.07.06 23:24:05.388,0.93571,0.93581,1.28,1.50
2014.07.06 23:24:16.130,0.93574,0.93583,1.13,1.55
2014.07.06 23:24:16.639,0.93574,0.93584,1.13,2.03
2014.07.06 23:24:29.022,0.93574,0.93583,1.00,1.20
2014.07.06 23:24:29.325,0.93576,0.93585,3.08,1.00
2014.07.06 23:24:29.831,0.93577,0.93586,1.15,1.00
2014.07.06 23:24:32.503,0.93577,0.93586,1.18,1.00
2014.07.06 23:24:33.032,0.93577,0.93586,1.15,1.00
2014.07.06 23:25:00.148,0.93576,0.93584,2.56,1.38
2014.07.06 23:25:00.249,0.93575,0.93581,1.41,1.00
2014.07.06 23:25:00.351,0.93574,0.93583,1.06,1.00
2014.07.06 23:25:00.553,0.93574,0.93585,1.18,1.10
2014.07.06 23:25:00.806,0.93575,0.93586,1.15,2.25
2014.07.06 23:25:01.111,0.93576,0.93586,3.08,1.00
2014.07.06 23:25:05.345,0.93576,0.93586,3.49,1.88
2014.07.06 23:25:05.655,0.93579,0.93587,1.10,1.10
2014.07.06 23:25:05.705,0.93579,0.93585,1.10,1.00
2014.07.06 23:25:06.211,0.93577,0.93586,1.27,1.00
2014.07.06 23:25:07.034,0.93576,0.93586,1.32,1.00
2014.07.06 23:25:07.439,0.9358,0.93586,1.00,1.00
2014.07.06 23:25:07.591,0.93582,0.93589,1.10,1.00
2014.07.06 23:25:07.692,0.93585,0.93591,1.00,1.13
2014.07.06 23:25:07.844,0.93585,0.93595,1.70,2.52
2014.07.06 23:25:08.147,0.93589,0.93594,1.00,1.13
2014.07.06 23:25:08.249,0.93584,0.93594,2.52,1.20
2014.07.06 23:25:08.812,0.93584,0.93594,1.69,1.47
2014.07.06 23:25:10.151,0.93583,0.9359,1.77,1.00
2014.07.06 23:25:10.353,0.93582,0.9359,1.25,1.00
2014.07.06 23:25:11.651,0.93582,0.93589,1.02,1.00
2014.07.06 23:25:14.399,0.93582,0.93591,1.02,1.50
2014.07.06 23:25:20.202,0.93584,0.93591,1.00,1.00
2014.07.06 23:25:20.505,0.93585,0.93591,1.23,1.00
2014.07.06 23:25:23.536,0.93585,0.93592,1.23,1.25
2014.07.06 23:25:24.200,0.93585,0.93593,1.23,1.40
2014.07.06 23:25:29.656,0.93585,0.93594,1.31,4.39
2014.07.06 23:25:30.158,0.93584,0.93594,1.73,2.22
2014.07.06 23:25:32.750,0.93584,0.93594,1.73,2.22
2014.07.06 23:25:34.173,0.93584,0.93594,1.73,2.97
2014.07.06 23:25:40.737,0.93584,0.93592,1.73,1.29
2014.07.06 23:25:41.267,0.93584,0.93592,1.31,1.29
2014.07.06 23:25:42.373,0.93584,0.93593,1.31,1.09
2014.07.06 23:25:53.382,0.93584,0.93592,1.31,1.29
2014.07.06 23:25:55.389,0.93584,0.93593,1.31,2.22
2014.07.06 23:25:56.394,0.93584,0.93592,1.31,1.29
2014.07.06 23:26:00.436,0.93584,0.93593,1.31,2.22
2014.07.06 23:26:02.779,0.93584,0.93592,1.31,1.77
2014.07.06 23:26:03.356,0.93584,0.93592,1.00,1.84
2014.07.06 23:26:04.016,0.93584,0.93592,1.00,1.84
2014.07.06 23:26:10.023,0.93584,0.93592,1.00,2.59
2014.07.06 23:26:10.992,0.93584,0.93592,1.00,1.84
2014.07.06 23:26:17.103,0.93584,0.93591,1.00,1.47
2014.07.06 23:26:22.227,0.93584,0.93592,1.00,2.59
2014.07.06 23:26:22.834,0.93584,0.93591,1.00,1.39
2014.07.06 23:26:23.585,0.9358,0.93591,1.99,1.37
2014.07.06 23:26:27.096,0.9358,0.9359,1.81,1.29
2014.07.06 23:26:28.099,0.9358,0.93591,1.81,1.37
2014.07.06 23:26:32.810,0.9358,0.93592,2.82,1.84
2014.07.06 23:26:33.396,0.9358,0.93592,2.74,1.84
2014.07.06 23:26:34.470,0.9358,0.93592,2.82,1.84
2014.07.06 23:26:35.045,0.9358,0.93592,2.74,2.59
2014.07.06 23:26:37.621,0.9358,0.93592,2.82,2.52
2014.07.06 23:26:38.158,0.93581,0.93592,1.32,1.77
2014.07.06 23:26:38.681,0.93581,0.93592,1.24,1.84
2014.07.06 23:26:39.296,0.93581,0.93592,1.32,1.77
2014.07.06 23:26:39.918,0.93581,0.93592,1.24,1.84
2014.07.06 23:26:41.143,0.9358,0.93592,2.82,2.59
2014.07.06 23:26:48.526,0.93584,0.93592,1.00,2.59
2014.07.06 23:26:50.168,0.93584,0.93591,1.00,1.29
2014.07.06 23:26:55.311,0.93584,0.93592,1.00,2.59
2014.07.06 23:26:58.274,0.93584,0.93592,1.00,2.59
2014.07.06 23:27:03.289,0.93584,0.93592,1.00,2.59
2014.07.06 23:27:18.536,0.93584,0.93591,1.00,1.29
2014.07.06 23:27:30.366,0.93584,0.93592,1.00,2.59
2014.07.06 23:27:32.766,0.93584,0.93592,1.00,1.58
2014.07.06 23:27:33.477,0.93584,0.93592,1.00,1.65
2014.07.06 23:27:34.074,0.93584,0.93592,1.00,1.77
2014.07.06 23:27:34.666,0.93584,0.93592,1.00,1.84
2014.07.06 23:27:47.660,0.93584,0.93591,1.00,1.29
2014.07.06 23:27:48.554,0.9358,0.93591,2.07,1.29
2014.07.06 23:27:49.323,0.9358,0.93592,2.82,2.59
2014.07.06 23:27:54.707,0.9358,0.93591,2.07,1.29
2014.07.06 23:28:04.727,0.9358,0.93592,2.07,2.22
2014.07.06 23:28:08.854,0.9358,0.93592,2.07,2.22
2014.07.06 23:28:10.832,0.9358,0.93592,2.82,2.22
2014.07.06 23:28:19.851,0.93581,0.93593,1.99,2.22
2014.07.06 23:28:20.844,0.9358,0.93592,2.82,2.22
2014.07.06 23:28:27.762,0.9358,0.93592,2.74,2.22
2014.07.06 23:28:28.265,0.93581,0.93592,1.24,1.47
2014.07.06 23:28:28.885,0.9358,0.93592,2.82,2.22
2014.07.06 23:28:30.070,0.93581,0.93592,1.24,1.28
2014.07.06 23:28:31.230,0.93581,0.93592,1.49,1.28
2014.07.06 23:28:31.743,0.93581,0.93592,1.24,1.28
2014.07.06 23:28:36.204,0.9358,0.93592,2.82,1.47
2014.07.06 23:28:36.902,0.9358,0.93592,2.82,1.47
2014.07.06 23:28:37.406,0.9358,0.93592,2.82,2.22
2014.07.06 23:28:44.695,0.9358,0.93592,2.74,2.22
2014.07.06 23:28:45.111,0.93583,0.93593,1.25,3.08
2014.07.06 23:28:45.436,0.9359,0.93595,1.00,1.10
2014.07.06 23:28:45.689,0.9359,0.93597,1.00,1.47
2014.07.06 23:28:46.195,0.9359,0.93599,1.00,1.09
2014.07.06 23:28:47.267,0.9359,0.93599,1.00,1.09
2014.07.06 23:28:47.794,0.9359,0.93599,1.00,1.09
2014.07.06 23:28:48.936,0.9359,0.93599,1.00,1.09
2014.07.06 23:28:49.342,0.93587,0.93595,1.99,1.38
2014.07.06 23:28:49.595,0.93585,0.93595,2.29,1.70
2014.07.06 23:28:51.380,0.93585,0.93594,1.73,1.39
2014.07.06 23:28:51.431,0.93585,0.93593,1.73,2.82
2014.07.06 23:28:51.633,0.93579,0.93586,1.73,1.77
2014.07.06 23:28:51.684,0.93575,0.93586,1.24,1.84
2014.07.06 23:28:52.009,0.93575,0.93585,1.73,2.14
2014.07.06 23:28:52.312,0.9358,0.93586,1.00,1.27
2014.07.06 23:28:52.523,0.93575,0.93583,1.31,1.10
2014.07.06 23:28:53.141,0.93575,0.93583,1.31,1.18
2014.07.06 23:28:55.882,0.93574,0.93585,2.67,2.89
2014.07.06 23:28:55.993,0.9358,0.93587,1.00,1.18
2014.07.06 23:28:56.517,0.9358,0.93587,1.00,1.34
2014.07.06 23:29:03.885,0.93575,0.93585,1.31,2.14
2014.07.06 23:29:04.340,0.93575,0.93585,1.31,4.39
2014.07.06 23:29:32.899,0.93575,0.93584,1.00,2.89
2014.07.06 23:30:04.115,0.93572,0.93584,2.67,3.64
2014.07.06 23:30:07.384,0.93573,0.93584,1.49,2.89
2014.07.06 23:30:09.117,0.93572,0.93581,1.92,1.10
2014.07.06 23:30:09.387,0.93572,0.93576,1.69,1.50
2014.07.06 23:30:09.447,0.93569,0.93576,1.00,3.83
2014.07.06 23:30:09.500,0.93566,0.93575,1.00,2.63
2014.07.06 23:30:09.566,0.93564,0.93574,1.92,1.28
2014.07.06 23:30:09.616,0.93564,0.93574,1.92,1.90
2014.07.06 23:30:09.869,0.93562,0.93571,1.99,1.88
2014.07.06 23:30:10.386,0.93564,0.93574,1.00,2.22
2014.07.06 23:30:34.620,0.93564,0.93572,1.25,2.03
2014.07.06 23:30:35.155,0.93564,0.93572,1.00,2.03
2014.07.06 23:30:35.682,0.93564,0.93572,1.00,2.03
2014.07.06 23:30:40.921,0.93564,0.93572,1.25,2.03
2014.07.06 23:30:41.618,0.93564,0.93568,1.00,1.00
2014.07.06 23:30:41.921,0.93557,0.93563,1.33,1.00
2014.07.06 23:30:42.023,0.93556,0.93564,1.10,2.25
2014.07.06 23:30:42.276,0.93555,0.93563,1.10,3.94
2014.07.06 23:30:42.579,0.93554,0.93563,1.77,1.00
2014.07.06 23:30:43.345,0.93551,0.93558,1.00,1.28
2014.07.06 23:30:43.649,0.93549,0.93556,1.50,1.00
2014.07.06 23:30:44.117,0.93549,0.93559,1.50,4.84
2014.07.06 23:30:44.622,0.9355,0.93559,1.69,1.58
2014.07.06 23:30:44.926,0.93554,0.93561,1.00,1.18
2014.07.06 23:30:48.092,0.93554,0.93562,1.00,4.77
2014.07.06 23:30:48.194,0.93551,0.93559,1.77,1.88
2014.07.06 23:30:48.414,0.93554,0.9356,1.00,1.00
2014.07.06 23:30:48.924,0.93554,0.93562,1.50,1.65
2014.07.06 23:30:49.620,0.93554,0.93562,1.69,1.10
2014.07.06 23:30:57.136,0.93555,0.93562,1.00,1.10
2014.07.06 23:30:59.329,0.93555,0.93563,1.25,1.00
2014.07.06 23:30:59.979,0.93555,0.93563,2.44,1.00
2014.07.06 23:31:00.080,0.93555,0.93565,2.59,2.25
2014.07.06 23:31:01.522,0.93557,0.93566,1.10,1.32
2014.07.06 23:31:24.915,0.93557,0.93566,1.29,1.13
2014.07.06 23:31:25.925,0.93556,0.93566,2.59,1.13
2014.07.06 23:31:35.175,0.93557,0.93566,1.29,1.13
2014.07.06 23:31:36.041,0.93556,0.93566,2.59,1.13
2014.07.06 23:31:45.201,0.93557,0.93566,1.29,1.13
2014.07.06 23:31:46.062,0.93556,0.93566,2.59,1.13
2014.07.06 23:31:52.081,0.93557,0.93567,1.29,1.48
2014.07.06 23:31:53.115,0.93556,0.93567,2.59,1.39
2014.07.06 23:31:54.955,0.93557,0.93567,2.14,1.48
2014.07.06 23:31:55.056,0.93562,0.93567,1.63,1.00
2014.07.06 23:31:55.359,0.93568,0.93573,1.19,2.18
2014.07.06 23:31:55.461,0.93568,0.93576,1.19,1.10
2014.07.06 23:32:02.700,0.93569,0.93577,1.25,1.00
2014.07.06 23:32:03.707,0.93569,0.93577,1.25,1.18
2014.07.06 23:32:05.551,0.93569,0.93577,1.25,1.20
2014.07.06 23:32:46.979,0.93569,0.93575,1.25,1.00
2014.07.06 23:32:49.385,0.93569,0.93574,1.00,1.00
2014.07.06 23:32:53.308,0.93569,0.93577,1.00,1.10
2014.07.06 23:32:55.646,0.93568,0.93577,1.25,1.10
2014.07.06 23:32:55.798,0.93571,0.93577,1.00,1.00
2014.07.06 23:32:55.951,0.93571,0.93579,1.84,1.13
2014.07.06 23:32:56.052,0.93571,0.93581,1.27,1.13
2014.07.06 23:32:56.153,0.93575,0.93581,1.00,1.10
2014.07.06 23:32:56.659,0.93575,0.93582,1.00,1.00
2014.07.06 23:33:56.266,0.93571,0.93582,3.72,1.77
2014.07.06 23:34:00.607,0.93571,0.93582,3.34,1.58
2014.07.06 23:34:01.216,0.93573,0.93582,1.19,1.58
2014.07.06 23:34:01.781,0.93575,0.93582,1.00,1.58
2014.07.06 23:34:03.031,0.93575,0.93582,1.00,1.58
2014.07.06 23:34:04.134,0.93575,0.93582,1.00,1.84
2014.07.06 23:34:04.678,0.93575,0.93582,1.00,1.84
2014.07.06 23:34:46.319,0.93575,0.93582,1.00,1.02
2014.07.06 23:34:53.934,0.93575,0.93583,1.00,1.02
2014.07.06 23:34:54.550,0.93575,0.93583,1.00,1.09
2014.07.06 23:34:54.848,0.93579,0.93584,1.00,1.58
2014.07.06 23:34:54.899,0.93579,0.93584,1.00,1.00
2014.07.06 23:34:55.102,0.93579,0.93586,1.00,1.77
2014.07.06 23:34:55.153,0.93575,0.93585,1.15,1.32
2014.07.06 23:34:55.254,0.93578,0.93586,1.00,2.44
2014.07.06 23:34:55.406,0.93579,0.93588,1.00,1.02
2014.07.06 23:34:55.912,0.93579,0.9359,1.77,2.59
2014.07.06 23:34:56.380,0.93583,0.93591,1.25,2.33
2014.07.06 23:34:56.431,0.93584,0.93591,1.25,2.33
2014.07.06 23:34:56.956,0.93585,0.93593,1.25,1.28
2014.07.06 23:34:57.461,0.93585,0.93593,1.25,1.10
2014.07.06 23:34:57.984,0.93586,0.93593,1.25,1.10
2014.07.06 23:34:58.386,0.93584,0.93593,1.25,1.10
2014.07.06 23:34:58.895,0.93584,0.93593,1.69,1.18
2014.07.06 23:35:00.567,0.93584,0.93593,1.69,1.10
2014.07.06 23:35:02.107,0.93584,0.93591,1.29,1.00
2014.07.06 23:35:02.641,0.93583,0.93591,1.37,1.00
2014.07.06 23:35:03.204,0.93584,0.93593,1.69,1.95
2014.07.06 23:35:04.171,0.93584,0.93593,1.69,2.03
2014.07.06 23:35:05.192,0.93584,0.93593,1.69,2.03
2014.07.06 23:35:05.699,0.93584,0.93593,1.69,2.78
2014.07.06 23:35:06.229,0.93584,0.93593,1.69,1.65
2014.07.06 23:35:06.763,0.93584,0.93593,1.25,1.65
2014.07.06 23:35:07.361,0.93583,0.93591,1.19,1.00
2014.07.06 23:35:07.462,0.93581,0.9359,2.07,1.00
2014.07.06 23:35:13.080,0.93584,0.9359,1.25,1.00
2014.07.06 23:35:13.233,0.93584,0.93593,1.00,1.84
2014.07.06 23:35:15.596,0.93584,0.93593,1.25,1.58
2014.07.06 23:35:17.115,0.93584,0.93594,1.77,1.02
2014.07.06 23:35:17.654,0.93584,0.93594,2.52,1.10
2014.07.06 23:35:18.229,0.93584,0.93594,1.02,1.02
2014.07.06 23:35:18.738,0.93584,0.93594,1.25,1.09
2014.07.06 23:35:19.368,0.93584,0.93594,1.25,1.47
2014.07.06 23:35:20.055,0.93584,0.93594,1.25,1.09
2014.07.06 23:35:21.208,0.93584,0.93594,1.69,1.18
2014.07.06 23:35:25.185,0.93584,0.93594,1.25,1.09
2014.07.06 23:35:27.244,0.93584,0.93594,1.25,3.27
2014.07.06 23:35:30.562,0.93583,0.93589,1.19,1.00
2014.07.06 23:35:30.614,0.93582,0.93589,1.36,1.00
2014.07.06 23:35:30.665,0.93579,0.93586,1.00,3.08
2014.07.06 23:35:30.971,0.93575,0.93585,1.49,3.45
2014.07.06 23:35:31.579,0.93575,0.93585,1.19,1.15
2014.07.06 23:35:32.135,0.93574,0.93585,3.42,1.40
2014.07.06 23:35:32.572,0.93576,0.93586,1.18,2.44
2014.07.06 23:35:33.095,0.93576,0.93586,1.24,1.02
2014.07.06 23:35:33.600,0.93575,0.93586,1.99,1.84
2014.07.06 23:35:34.209,0.93575,0.93586,2.82,1.77
2014.07.06 23:35:34.827,0.93576,0.93586,1.29,1.58
2014.07.06 23:35:40.713,0.93576,0.93586,1.02,1.02
2014.07.06 23:35:42.723,0.93576,0.93586,1.77,1.10
2014.07.06 23:35:44.932,0.93576,0.93586,1.69,1.18
2014.07.06 23:35:48.906,0.93576,0.93587,1.84,1.39
2014.07.06 23:35:50.115,0.93576,0.93587,2.59,1.32
2014.07.06 23:36:01.575,0.93576,0.93587,1.65,2.07
2014.07.06 23:36:01.677,0.93578,0.93588,1.39,1.02
2014.07.06 23:36:01.728,0.93578,0.93588,3.57,1.25
2014.07.06 23:36:02.031,0.93584,0.93592,1.00,1.25
2014.07.06 23:36:02.553,0.93584,0.93593,1.25,1.10
2014.07.06 23:36:07.187,0.93584,0.93594,1.69,1.65
2014.07.06 23:36:09.080,0.93584,0.93594,2.52,1.20
2014.07.06 23:36:09.807,0.93584,0.93594,1.77,1.02
2014.07.06 23:36:10.309,0.93584,0.93594,2.59,1.00
2014.07.06 23:36:12.129,0.93587,0.93595,1.23,1.02
2014.07.06 23:36:15.940,0.93587,0.93595,1.31,1.02
2014.07.06 23:36:16.471,0.93589,0.93596,1.00,2.59
2014.07.06 23:36:16.675,0.93593,0.93603,1.50,3.64
2014.07.06 23:36:16.725,0.93593,0.93603,1.73,3.94
2014.07.06 23:36:16.827,0.93594,0.93603,1.73,1.84
2014.07.06 23:36:18.244,0.93594,0.93603,1.92,1.15
2014.07.06 23:36:18.548,0.93594,0.93603,1.92,1.10
2014.07.06 23:36:19.340,0.93595,0.93604,1.68,1.02
2014.07.06 23:36:19.643,0.93599,0.93605,1.00,1.00
2014.07.06 23:36:20.149,0.93599,0.93606,1.00,1.00
2014.07.06 23:36:27.027,0.93599,0.93606,1.00,1.77
2014.07.06 23:36:27.700,0.93599,0.93606,1.00,1.84
2014.07.06 23:36:27.903,0.93596,0.93604,1.23,1.00
2014.07.06 23:36:28.256,0.93595,0.93605,1.17,1.77
2014.07.06 23:36:32.848,0.93595,0.93605,1.49,1.18
2014.07.06 23:36:33.853,0.93594,0.93605,3.87,1.09
2014.07.06 23:36:35.774,0.93594,0.93605,3.94,1.02
2014.07.06 23:36:44.338,0.93595,0.93606,1.24,2.22
2014.07.06 23:36:44.949,0.93594,0.93606,3.19,2.97
2014.07.06 23:36:45.700,0.93594,0.93604,2.07,2.07
2014.07.06 23:36:45.751,0.93594,0.93604,1.99,2.14
2014.07.06 23:36:46.269,0.93594,0.93603,1.17,1.18
2014.07.06 23:36:46.773,0.93594,0.93605,2.07,1.77
2014.07.06 23:36:47.280,0.93594,0.93604,1.17,1.09
2014.07.06 23:36:47.919,0.93594,0.93604,1.17,1.40
2014.07.06 23:36:48.725,0.93594,0.93604,1.17,1.40
2014.07.06 23:36:49.728,0.93594,0.93604,1.17,1.09
2014.07.06 23:36:50.266,0.93594,0.93604,1.17,1.09
2014.07.06 23:36:52.320,0.93595,0.93604,1.50,1.09
2014.07.06 23:36:52.522,0.93595,0.93601,1.50,1.00
2014.07.06 23:36:58.178,0.93595,0.93601,1.50,1.00
2014.07.06 23:36:58.482,0.9359,0.93595,1.73,1.00
2014.07.06 23:36:58.998,0.9359,0.93595,1.50,1.00
2014.07.06 23:37:00.466,0.9359,0.93595,1.50,1.08
2014.07.06 23:37:01.147,0.9359,0.93595,1.50,1.10
2014.07.06 23:37:03.869,0.9359,0.93597,1.50,1.77
2014.07.06 23:37:04.444,0.9359,0.93597,1.50,1.00
2014.07.06 23:37:05.592,0.9359,0.93599,1.50,2.22
2014.07.06 23:37:11.013,0.9359,0.93598,1.50,1.47
2014.07.06 23:37:11.553,0.9359,0.93596,1.50,1.00
2014.07.06 23:37:14.254,0.9359,0.93598,2.82,1.18
2014.07.06 23:37:14.305,0.93591,0.936,1.29,1.58
2014.07.06 23:37:14.356,0.93591,0.936,1.77,1.00
2014.07.06 23:37:14.407,0.93595,0.936,2.25,1.00
2014.07.06 23:37:14.458,0.93595,0.93603,2.25,1.84
2014.07.06 23:37:14.963,0.93595,0.93604,2.25,1.47
2014.07.06 23:37:16.074,0.93595,0.93604,2.25,1.47
2014.07.06 23:37:16.585,0.93595,0.93604,2.25,1.47
2014.07.06 23:37:21.409,0.93595,0.93599,2.25,1.00
2014.07.06 23:37:21.763,0.93589,0.93598,2.44,1.20
2014.07.06 23:37:21.865,0.93589,0.93596,2.25,1.00
2014.07.06 23:37:23.883,0.93589,0.93597,2.33,1.58
2014.07.06 23:37:24.588,0.93589,0.93597,2.40,1.00
2014.07.06 23:37:25.233,0.93589,0.93597,2.33,1.10
2014.07.06 23:37:32.560,0.93589,0.93596,1.50,1.25
2014.07.06 23:37:32.762,0.93585,0.93596,2.82,2.82
2014.07.06 23:37:33.329,0.93585,0.93595,2.07,1.00
2014.07.06 23:37:33.481,0.93586,0.93596,3.49,1.25
2014.07.06 23:37:34.020,0.93586,0.93596,1.32,1.25
2014.07.06 23:37:34.701,0.93585,0.93596,2.82,2.07
2014.07.06 23:37:35.217,0.93585,0.93596,4.99,2.07
2014.07.06 23:37:40.877,0.93585,0.93596,2.82,2.07
2014.07.06 23:37:44.438,0.93585,0.93596,4.99,2.07
2014.07.06 23:37:45.202,0.93587,0.93596,1.10,1.32
2014.07.06 23:37:45.747,0.93587,0.93596,1.18,1.25
2014.07.06 23:37:46.506,0.93586,0.93596,1.32,1.02
2014.07.06 23:37:47.186,0.93585,0.93596,2.07,2.52
2014.07.06 23:37:47.692,0.93585,0.93596,2.82,1.77
2014.07.06 23:37:49.700,0.93585,0.93596,2.07,2.52
2014.07.06 23:37:51.735,0.93585,0.93596,2.82,1.77
2014.07.06 23:37:52.955,0.93585,0.93596,2.82,1.77
2014.07.06 23:38:00.172,0.93588,0.93596,1.25,1.10
2014.07.06 23:38:00.475,0.93594,0.93601,1.50,1.58
2014.07.06 23:38:00.779,0.93594,0.93603,2.25,1.77
2014.07.06 23:38:03.566,0.93594,0.93603,2.52,1.00
2014.07.06 23:38:04.071,0.93594,0.93604,3.27,1.02
2014.07.06 23:38:04.586,0.93594,0.93604,4.02,1.10
2014.07.06 23:38:09.568,0.93597,0.93604,1.00,1.00
2014.07.06 23:38:26.462,0.93596,0.93604,1.10,1.00
2014.07.06 23:38:28.844,0.93595,0.93603,1.18,1.69
2014.07.06 23:38:29.097,0.93593,0.93601,1.58,1.00
2014.07.06 23:38:29.148,0.93593,0.936,1.58,1.63
2014.07.06 23:38:29.300,0.93591,0.936,1.10,2.07
2014.07.06 23:38:40.487,0.9359,0.93598,1.18,1.32
2014.07.06 23:38:46.199,0.9359,0.93597,1.18,1.19
2014.07.06 23:38:48.869,0.9359,0.936,1.18,3.19
2014.07.06 23:38:49.085,0.93589,0.93598,1.73,1.39
2014.07.06 23:38:49.388,0.93591,0.93598,1.00,1.20
2014.07.06 23:38:49.843,0.93591,0.93601,1.08,2.82
2014.07.06 23:38:50.298,0.93589,0.93599,3.57,1.13
2014.07.06 23:38:50.830,0.93589,0.93599,2.07,1.63
2014.07.06 23:38:51.526,0.93589,0.93599,2.07,1.63
2014.07.06 23:38:58.806,0.93589,0.93598,2.63,1.32
2014.07.06 23:38:59.308,0.93589,0.936,2.07,2.07
2014.07.06 23:38:59.917,0.93589,0.93599,1.09,1.63
2014.07.06 23:39:00.576,0.93589,0.93599,1.40,1.63
2014.07.06 23:39:00.779,0.93589,0.93599,1.25,1.78
2014.07.06 23:39:01.285,0.93589,0.93598,1.25,1.20
2014.07.06 23:39:01.822,0.93589,0.93598,1.25,1.28
2014.07.06 23:39:03.116,0.93589,0.93598,1.25,1.28
2014.07.06 23:39:03.697,0.93589,0.93599,1.40,1.63
2014.07.06 23:39:04.015,0.93589,0.936,1.25,5.14
2014.07.06 23:39:04.570,0.93589,0.93599,1.09,1.63
2014.07.06 23:39:05.108,0.93589,0.936,1.77,2.97
2014.07.06 23:39:05.948,0.93589,0.93599,1.69,2.82
2014.07.06 23:39:06.528,0.93589,0.93598,1.25,1.28
2014.07.06 23:39:07.057,0.93589,0.93599,1.02,1.39
2014.07.06 23:39:09.356,0.9359,0.936,2.14,1.08
2014.07.06 23:39:09.408,0.9359,0.93601,2.22,1.77
2014.07.06 23:39:09.560,0.93593,0.93601,1.00,2.07
2014.07.06 23:39:09.863,0.93597,0.93601,1.00,1.00
2014.07.06 23:39:09.914,0.93598,0.93605,1.58,1.33
2014.07.06 23:39:10.016,0.936,0.93607,1.00,1.19
2014.07.06 23:39:10.521,0.936,0.93608,1.00,2.14
2014.07.06 23:39:11.187,0.936,0.93608,1.00,1.39
2014.07.06 23:39:12.946,0.936,0.93609,1.00,5.14
2014.07.06 23:39:13.450,0.936,0.93608,1.00,3.64
2014.07.06 23:39:15.205,0.936,0.93609,1.33,3.00
2014.07.06 23:39:15.256,0.936,0.93609,1.09,1.00
2014.07.06 23:39:15.761,0.93601,0.9361,1.18,2.07
2014.07.06 23:39:17.182,0.93601,0.9361,1.18,2.82
2014.07.06 23:39:17.983,0.93601,0.9361,1.10,2.82
2014.07.06 23:39:24.095,0.93601,0.9361,1.18,2.82
2014.07.06 23:39:24.720,0.936,0.93607,1.31,1.00
2014.07.06 23:39:25.251,0.936,0.93609,1.00,2.97
2014.07.06 23:39:27.728,0.936,0.93608,1.00,1.29
2014.07.06 23:39:31.186,0.936,0.93608,1.00,3.27
2014.07.06 23:39:31.287,0.936,0.93608,1.00,1.29
2014.07.06 23:39:32.729,0.936,0.93607,1.00,1.19
2014.07.06 23:39:42.726,0.936,0.93606,1.00,1.19
2014.07.06 23:39:43.757,0.936,0.93608,1.50,1.29
2014.07.06 23:39:46.754,0.936,0.93607,1.50,1.19
2014.07.06 23:39:47.472,0.936,0.93608,1.50,1.39
2014.07.06 23:39:47.776,0.93602,0.93608,1.00,1.13
2014.07.06 23:39:47.879,0.93603,0.9361,1.00,1.32
2014.07.06 23:39:47.929,0.93605,0.9361,1.00,1.32
2014.07.06 23:39:48.182,0.93605,0.93613,1.58,1.00
2014.07.06 23:39:48.436,0.93607,0.93615,1.00,3.64
2014.07.06 23:39:50.756,0.93606,0.93615,1.00,2.97
2014.07.06 23:39:51.268,0.93607,0.93615,1.00,1.40
2014.07.06 23:39:52.390,0.93607,0.93615,1.00,3.27
2014.07.06 23:39:53.256,0.93607,0.93615,1.00,1.40
2014.07.06 23:40:03.125,0.93607,0.93615,1.00,1.09
2014.07.06 23:40:03.587,0.9361,0.93615,1.00,1.09
2014.07.06 23:40:03.689,0.9361,0.93618,1.50,2.82
2014.07.06 23:40:04.197,0.9361,0.93618,1.50,1.39
2014.07.06 23:40:05.395,0.93611,0.93618,1.00,1.20
2014.07.06 23:40:06.101,0.93614,0.93621,1.13,1.77
2014.07.06 23:40:06.255,0.9362,0.93626,1.50,1.10
2014.07.06 23:40:06.306,0.93622,0.93626,1.00,1.00
2014.07.06 23:40:06.616,0.93622,0.93626,1.00,1.00
2014.07.06 23:40:06.870,0.93624,0.9363,1.00,1.50
2014.07.06 23:40:07.225,0.93626,0.93633,1.00,1.84
2014.07.06 23:40:07.730,0.93625,0.93633,1.50,1.65
2014.07.06 23:40:09.588,0.93625,0.93633,1.50,1.65
2014.07.06 23:40:10.249,0.93625,0.93633,1.00,1.65
2014.07.06 23:40:10.781,0.93625,0.93633,1.00,1.65
2014.07.06 23:40:11.135,0.93623,0.93628,1.69,1.00
2014.07.06 23:40:11.440,0.93615,0.93622,1.19,1.88
2014.07.06 23:40:11.491,0.93611,0.93618,6.42,1.00
2014.07.06 23:40:11.643,0.93611,0.93618,1.32,1.00
2014.07.06 23:40:11.896,0.9361,0.93616,1.84,1.00
2014.07.06 23:40:12.319,0.93607,0.93615,1.38,2.44
2014.07.06 23:40:12.945,0.93607,0.93614,1.23,1.00
2014.07.06 23:40:13.468,0.93607,0.93613,1.23,1.00
2014.07.06 23:40:13.877,0.93607,0.93615,1.23,1.50
2014.07.06 23:40:14.394,0.93607,0.93615,1.88,1.00
2014.07.06 23:40:14.914,0.93607,0.93615,1.24,1.00
2014.07.06 23:40:17.615,0.93607,0.93614,1.33,1.00
2014.07.06 23:40:26.333,0.93608,0.93615,1.31,1.69
2014.07.06 23:40:28.347,0.93607,0.93615,1.73,1.77
2014.07.06 23:40:38.753,0.93607,0.93614,1.00,1.18
2014.07.06 23:40:39.007,0.93605,0.93612,1.17,1.10
2014.07.06 23:40:42.505,0.93605,0.93611,1.31,1.00
2014.07.06 23:40:42.657,0.93602,0.9361,1.23,1.78
2014.07.06 23:40:42.758,0.936,0.93606,1.73,1.00
2014.07.06 23:40:43.199,0.93597,0.93605,1.31,1.18
2014.07.06 23:40:43.302,0.936,0.93606,1.00,1.39
2014.07.06 23:41:06.848,0.93601,0.9361,1.00,2.14
2014.07.06 23:41:10.627,0.936,0.93604,1.69,1.00
2014.07.06 23:41:41.168,0.93598,0.93604,1.50,1.00
2014.07.06 23:42:08.956,0.93598,0.93606,1.73,1.69
2014.07.06 23:42:14.891,0.93598,0.93606,2.26,1.00
2014.07.06 23:42:15.095,0.93598,0.93607,4.43,1.25
2014.07.06 23:42:15.145,0.93598,0.93609,5.37,1.69
2014.07.06 23:42:15.348,0.93603,0.93609,1.10,1.25
2014.07.06 23:42:15.500,0.93603,0.93612,1.20,1.25
2014.07.06 23:42:15.651,0.93603,0.93613,1.40,1.69
2014.07.06 23:42:16.164,0.93605,0.93613,1.41,1.25
2014.07.06 23:42:27.696,0.93604,0.93613,1.33,1.25
2014.07.06 23:42:28.225,0.93604,0.93613,1.23,1.29
2014.07.06 23:42:28.757,0.93604,0.93613,1.23,1.02
2014.07.06 23:42:32.718,0.93604,0.93613,1.23,1.29
2014.07.06 23:42:33.721,0.93604,0.93613,1.23,1.02
2014.07.06 23:42:39.774,0.93604,0.93613,1.23,1.29
2014.07.06 23:42:41.146,0.93603,0.93612,2.18,1.25
2014.07.06 23:43:01.594,0.93603,0.93613,1.81,1.02
2014.07.06 23:43:02.593,0.93603,0.93612,1.81,1.25
2014.07.06 23:43:11.169,0.93603,0.93607,1.58,1.00
2014.07.06 23:43:11.424,0.93599,0.93607,1.33,1.25
2014.07.06 23:43:11.677,0.93598,0.93607,1.06,1.69
2014.07.06 23:43:12.031,0.93598,0.93606,1.10,1.69
2014.07.06 23:43:13.044,0.93598,0.93606,1.00,1.77
2014.07.06 23:43:18.755,0.93598,0.93605,1.00,1.25
2014.07.06 23:43:19.436,0.93595,0.93604,1.13,1.69
2014.07.06 23:43:19.689,0.93593,0.93602,1.13,1.25
2014.07.06 23:43:20.191,0.93593,0.93602,1.18,1.69
2014.07.06 23:43:20.750,0.93593,0.93602,1.18,1.69
2014.07.06 23:43:21.714,0.93593,0.93602,1.10,1.69
2014.07.06 23:43:22.685,0.93593,0.93602,1.08,1.69
2014.07.06 23:43:24.652,0.93593,0.93602,1.20,1.69
2014.07.06 23:43:25.175,0.93593,0.93602,1.18,1.69
2014.07.06 23:43:25.708,0.93593,0.93602,1.18,1.69
2014.07.06 23:43:28.615,0.93593,0.93602,1.10,1.69
2014.07.06 23:43:29.668,0.93593,0.93601,1.00,1.19
2014.07.06 23:43:34.812,0.93593,0.93602,1.00,1.10
2014.07.06 23:43:35.341,0.93593,0.93602,1.00,1.77
2014.07.06 23:43:39.931,0.93593,0.93601,1.00,1.77
2014.07.06 23:43:50.787,0.93593,0.93601,1.08,1.19
2014.07.06 23:43:51.527,0.93593,0.93601,1.18,1.25
2014.07.06 23:43:52.059,0.93593,0.93601,1.10,1.25
2014.07.06 23:44:01.605,0.93591,0.93599,1.09,1.00
2014.07.06 23:44:02.111,0.93589,0.93599,1.46,1.69
2014.07.06 23:44:02.738,0.93589,0.93599,1.46,1.69
2014.07.06 23:44:03.256,0.93588,0.93599,2.63,2.52
2014.07.06 23:44:03.803,0.93588,0.93599,2.63,2.52
2014.07.06 23:44:14.894,0.93588,0.93599,2.40,3.27
2014.07.06 23:44:15.990,0.93588,0.93597,1.10,1.00
2014.07.06 23:44:16.294,0.93585,0.93594,1.00,1.84
2014.07.06 23:44:16.547,0.93583,0.93593,1.95,1.77
2014.07.06 23:44:19.208,0.93583,0.93592,1.20,1.19
2014.07.06 23:44:52.294,0.93583,0.9359,1.00,1.25
2014.07.06 23:44:52.887,0.93585,0.9359,1.00,1.25
2014.07.06 23:45:00.230,0.93585,0.93593,1.00,2.59
2014.07.06 23:45:00.743,0.93585,0.93593,1.00,2.59
2014.07.06 23:45:01.292,0.93585,0.93593,1.00,2.59
2014.07.06 23:45:03.253,0.93585,0.93593,1.00,1.84
2014.07.06 23:45:04.037,0.93585,0.93593,1.00,2.22
2014.07.06 23:45:05.571,0.93585,0.93593,1.00,2.22
2014.07.06 23:45:07.164,0.93585,0.93593,1.00,2.22
2014.07.06 23:45:07.723,0.93585,0.93593,1.00,2.22
2014.07.06 23:45:09.824,0.93585,0.93593,1.00,2.22
2014.07.06 23:45:10.366,0.93585,0.93593,1.00,2.22
2014.07.06 23:45:11.425,0.93585,0.93593,1.00,2.22
2014.07.06 23:45:12.085,0.93585,0.93593,1.00,2.22
2014.07.06 23:45:12.984,0.93585,0.93593,1.00,2.22
2014.07.06 23:45:13.490,0.93585,0.93593,1.00,2.22
2014.07.06 23:45:14.115,0.93587,0.93593,1.00,1.65
2014.07.06 23:45:14.418,0.9359,0.93597,1.50,1.00
2014.07.06 23:45:14.923,0.9359,0.93599,1.50,1.39
2014.07.06 23:45:15.431,0.9359,0.936,1.50,5.22
2014.07.06 23:45:21.035,0.9359,0.936,2.59,3.57
2014.07.06 23:45:21.656,0.9359,0.936,1.77,4.39
2014.07.06 23:45:32.318,0.9359,0.936,2.52,4.20
2014.07.06 23:45:33.314,0.9359,0.936,1.77,4.39
2014.07.06 23:45:43.342,0.9359,0.936,2.52,2.70
2014.07.06 23:45:56.371,0.9359,0.936,2.52,2.14
2014.07.06 23:45:57.376,0.9359,0.936,3.27,1.95
2014.07.06 23:46:03.303,0.93591,0.936,1.19,3.08
2014.07.06 23:46:03.354,0.93594,0.936,1.50,1.20
2014.07.06 23:46:03.556,0.93595,0.93603,1.00,1.47
2014.07.06 23:47:03.451,0.93593,0.93603,3.19,1.18
2014.07.06 23:47:04.065,0.93593,0.93603,3.19,1.00
2014.07.06 23:47:04.772,0.93593,0.93604,3.19,1.32
2014.07.06 23:47:07.199,0.93593,0.93604,3.19,1.13
2014.07.06 23:47:08.212,0.93593,0.93604,3.19,1.32
2014.07.06 23:47:17.033,0.93593,0.93604,2.25,1.13
2014.07.06 23:47:36.035,0.93593,0.93604,3.19,1.32
2014.07.06 23:48:03.625,0.93593,0.93604,3.42,1.40
2014.07.06 23:48:12.437,0.93594,0.93604,1.19,1.15
2014.07.06 23:48:13.441,0.93593,0.93604,2.67,1.40
2014.07.06 23:48:15.819,0.93593,0.93603,2.67,1.15
2014.07.06 23:48:16.477,0.93593,0.93603,1.69,1.40
2014.07.06 23:48:17.022,0.93593,0.93603,1.69,1.09
2014.07.06 23:48:17.579,0.93593,0.93603,1.69,1.40
2014.07.06 23:48:18.136,0.93593,0.93603,1.69,1.09
2014.07.06 23:48:20.877,0.93593,0.93603,1.69,1.40
2014.07.06 23:48:21.416,0.93593,0.93603,1.69,1.09
2014.07.06 23:48:22.544,0.93593,0.93601,1.69,1.00
2014.07.06 23:48:23.049,0.93591,0.93601,1.84,1.00
2014.07.06 23:48:24.158,0.93593,0.93601,1.69,1.00
2014.07.06 23:48:24.671,0.93594,0.93604,1.00,2.59
2014.07.06 23:48:26.126,0.93594,0.93604,1.25,4.02
2014.07.06 23:48:26.719,0.93594,0.93604,1.00,2.59
2014.07.06 23:48:32.102,0.93594,0.93603,1.00,1.09
2014.07.06 23:48:32.661,0.93594,0.93603,1.00,1.09
2014.07.06 23:48:35.136,0.93594,0.93599,1.00,1.00
2014.07.06 23:48:35.390,0.93589,0.93597,1.00,1.13
2014.07.06 23:48:35.542,0.93585,0.93596,2.74,2.22
2014.07.06 23:48:35.593,0.93585,0.93596,2.74,2.22
2014.07.06 23:48:36.101,0.93586,0.93596,1.24,1.39
2014.07.06 23:48:37.442,0.93585,0.93596,2.07,2.89
2014.07.06 23:48:39.416,0.93585,0.93595,1.88,1.19
2014.07.06 23:48:46.455,0.93584,0.93595,4.17,2.22
2014.07.06 23:48:46.607,0.93584,0.93595,3.19,2.97
2014.07.06 23:48:50.108,0.93586,0.93594,1.50,1.09
2014.07.06 23:48:50.361,0.93584,0.93594,1.25,1.09
2014.07.06 23:49:38.115,0.93583,0.93591,1.29,1.13
2014.07.06 23:49:38.267,0.93581,0.93591,2.07,1.13
2014.07.06 23:49:38.570,0.9358,0.93586,3.57,1.00
2014.07.06 23:49:38.722,0.93578,0.93586,1.59,1.00
2014.07.06 23:49:39.687,0.93577,0.93586,2.07,1.00
2014.07.06 23:49:39.898,0.93579,0.93589,1.50,1.37
2014.07.06 23:49:40.101,0.9358,0.93591,1.10,2.59
2014.07.06 23:49:41.026,0.9358,0.93591,1.00,2.59
2014.07.06 23:49:41.576,0.93579,0.93591,1.84,2.59
2014.07.06 23:49:49.884,0.93584,0.93591,1.00,1.65
2014.07.06 23:49:50.419,0.93584,0.93592,1.00,1.58
2014.07.06 23:49:50.948,0.93584,0.93592,1.00,1.58
2014.07.06 23:49:52.710,0.93584,0.93593,1.00,2.52
2014.07.06 23:49:53.655,0.93584,0.93593,1.25,1.65
2014.07.06 23:49:56.510,0.93584,0.93591,1.00,1.00
2014.07.06 23:49:56.814,0.93576,0.93585,1.69,2.25
2014.07.06 23:49:56.865,0.93576,0.93585,1.24,2.25
2014.07.06 23:49:57.168,0.93575,0.93581,1.17,1.00
2014.07.06 23:49:57.270,0.93575,0.93585,1.25,1.84
2014.07.06 23:50:11.219,0.93575,0.93584,1.19,1.10
2014.07.06 23:50:12.210,0.93574,0.93584,2.52,1.10
2014.07.06 23:50:12.946,0.93574,0.93584,2.44,1.18
2014.07.06 23:50:13.481,0.93574,0.93584,1.69,1.09
2014.07.06 23:50:14.192,0.93574,0.93584,1.69,1.18
2014.07.06 23:50:20.378,0.93574,0.93584,1.69,1.15
2014.07.06 23:50:21.298,0.93574,0.93584,1.25,1.15
2014.07.06 23:50:32.742,0.93574,0.93584,1.69,1.15
2014.07.06 23:50:33.746,0.93574,0.93584,1.25,1.40
2014.07.06 23:50:34.758,0.93574,0.93584,1.69,1.15
2014.07.06 23:50:35.528,0.93574,0.93584,1.69,1.18
2014.07.06 23:50:36.080,0.93574,0.93584,1.25,1.40
2014.07.06 23:50:38.772,0.93574,0.93584,1.69,1.15
2014.07.06 23:50:39.757,0.93574,0.93584,1.25,1.40
2014.07.06 23:50:40.872,0.93574,0.93584,1.25,1.09
2014.07.06 23:50:41.383,0.93574,0.93584,1.25,1.40
2014.07.06 23:50:41.917,0.93574,0.93584,1.69,1.15
2014.07.06 23:50:43.708,0.93574,0.93581,1.25,1.10
2014.07.06 23:50:43.860,0.93574,0.93579,1.00,1.00
2014.07.06 23:50:43.911,0.93572,0.93579,1.50,1.20
2014.07.06 23:50:44.012,0.9357,0.93579,2.25,2.14
2014.07.06 23:50:44.572,0.9357,0.93578,1.50,1.40
2014.07.06 23:50:45.173,0.9357,0.93578,1.50,1.09
2014.07.06 23:50:51.316,0.9357,0.93578,1.50,1.15
2014.07.06 23:50:55.132,0.9357,0.93578,1.50,3.64
2014.07.06 23:50:55.684,0.9357,0.93578,1.50,1.47
2014.07.06 23:51:04.000,0.9357,0.93578,1.50,1.32
2014.07.06 23:51:15.373,0.9357,0.93577,1.50,1.00
2014.07.06 23:51:15.474,0.9357,0.93577,1.50,1.40
2014.07.06 23:51:16.240,0.9357,0.93578,1.00,2.22
2014.07.06 23:51:16.856,0.9357,0.93578,1.00,3.64
2014.07.06 23:51:17.363,0.9357,0.93578,1.00,1.47
2014.07.06 23:51:24.092,0.9357,0.93578,1.00,1.47
2014.07.06 23:51:24.887,0.9357,0.93578,1.00,1.47
2014.07.06 23:51:26.131,0.9357,0.93578,1.00,3.64
2014.07.06 23:51:26.648,0.9357,0.93578,1.00,1.47
2014.07.06 23:51:28.624,0.9357,0.93578,1.00,3.64
2014.07.06 23:51:29.044,0.9357,0.93578,1.00,1.39
2014.07.06 23:51:31.892,0.9357,0.93577,1.00,1.00
2014.07.06 23:51:32.044,0.9357,0.93577,1.00,1.09
2014.07.06 23:51:32.580,0.9357,0.93577,1.00,3.27
2014.07.06 23:51:34.404,0.93567,0.93575,1.92,1.18
2014.07.06 23:51:34.711,0.93565,0.93574,1.17,1.18
2014.07.06 23:51:37.906,0.93565,0.93575,1.31,2.59
2014.07.06 23:51:49.461,0.93565,0.93574,1.31,1.29
2014.07.06 23:51:50.463,0.93565,0.93575,1.31,2.59
2014.07.06 23:52:03.580,0.93565,0.93574,1.31,1.09
2014.07.06 23:52:04.243,0.93565,0.93574,1.31,1.40
2014.07.06 23:52:04.783,0.93565,0.93574,1.31,1.09
2014.07.06 23:52:08.603,0.93565,0.93574,1.31,1.09
2014.07.06 23:52:24.642,0.93565,0.93575,1.81,1.69
2014.07.06 23:52:24.989,0.93564,0.9357,1.88,1.00
2014.07.06 23:52:25.141,0.93565,0.93573,2.48,1.69
2014.07.06 23:52:25.192,0.93565,0.93575,2.74,2.14
2014.07.06 23:52:25.497,0.93567,0.93575,1.33,1.00
2014.07.06 23:52:40.169,0.93567,0.93575,1.23,1.15
2014.07.06 23:52:40.790,0.93566,0.93575,2.48,1.40
2014.07.06 23:52:41.983,0.93566,0.93575,2.48,1.84
2014.07.06 23:52:52.592,0.93566,0.93574,2.48,1.40
2014.07.06 23:52:53.124,0.93566,0.93574,1.73,1.40
2014.07.06 23:53:06.858,0.93566,0.93574,1.73,3.27
2014.07.06 23:53:21.803,0.93566,0.93574,1.50,2.22
2014.07.06 23:53:22.716,0.93566,0.93574,1.50,4.39
2014.07.06 23:53:23.350,0.93566,0.93574,1.50,2.22
2014.07.06 23:53:24.249,0.93566,0.93574,1.50,4.39
2014.07.06 23:53:24.804,0.93566,0.93574,1.50,1.47
2014.07.06 23:53:25.443,0.93566,0.93574,1.50,3.27
2014.07.06 23:53:25.958,0.93566,0.93574,1.50,1.84
2014.07.06 23:53:26.625,0.93566,0.93574,1.50,4.02
2014.07.06 23:53:27.723,0.93566,0.93574,1.50,1.40
2014.07.06 23:53:30.750,0.93566,0.93574,1.50,3.27
2014.07.06 23:53:31.628,0.93566,0.93574,1.50,1.40
2014.07.06 23:53:33.776,0.93566,0.93574,1.50,1.40
2014.07.06 23:53:35.908,0.93566,0.93574,1.50,1.09
2014.07.06 23:53:36.579,0.93566,0.93574,1.50,1.09
2014.07.06 23:53:40.177,0.93566,0.93574,1.50,1.40
2014.07.06 23:53:40.768,0.93566,0.93574,1.50,1.40
2014.07.06 23:53:42.141,0.93566,0.93574,1.50,1.09
2014.07.06 23:53:45.984,0.93566,0.93574,1.50,1.09
2014.07.06 23:53:46.610,0.93566,0.93574,1.50,1.40
2014.07.06 23:54:00.956,0.93566,0.93574,1.50,1.84
2014.07.06 23:54:10.283,0.93566,0.93574,1.50,1.02
2014.07.06 23:54:11.092,0.93566,0.93574,1.50,1.09
2014.07.06 23:54:11.701,0.93566,0.93574,1.50,1.02
2014.07.06 23:54:12.222,0.93566,0.93574,1.50,1.09
2014.07.06 23:54:12.919,0.93566,0.93574,1.50,1.09
2014.07.06 23:54:13.450,0.93566,0.93574,1.50,1.09
2014.07.06 23:54:14.009,0.93566,0.93574,1.50,1.02
2014.07.06 23:54:17.884,0.93566,0.93574,1.50,1.77
2014.07.06 23:54:21.905,0.93566,0.93574,1.50,1.02
2014.07.06 23:54:22.589,0.93566,0.93574,1.50,1.09
2014.07.06 23:54:23.133,0.93566,0.93574,1.50,1.02
2014.07.06 23:54:23.665,0.93566,0.93574,1.50,1.09
2014.07.06 23:54:24.240,0.93566,0.93574,1.50,1.02
2014.07.06 23:54:28.245,0.93566,0.93574,1.50,1.33
2014.07.06 23:54:28.748,0.93566,0.93574,1.50,1.02
2014.07.06 23:54:29.273,0.93566,0.93574,1.50,1.09
2014.07.06 23:54:29.853,0.93566,0.93574,1.50,1.02
2014.07.06 23:54:33.025,0.93566,0.93575,1.50,1.02
2014.07.06 23:54:33.578,0.93566,0.93577,2.74,2.52
2014.07.06 23:54:34.184,0.93566,0.93577,2.82,1.69
2014.07.06 23:54:34.690,0.93566,0.93577,3.57,1.25
2014.07.06 23:54:35.823,0.93566,0.93577,3.57,1.02
2014.07.06 23:54:36.357,0.93566,0.93577,3.57,1.25
2014.07.06 23:54:45.092,0.93566,0.93576,4.32,1.00
2014.07.06 23:54:45.727,0.93566,0.93576,4.32,1.00
2014.07.06 23:54:46.318,0.93566,0.93576,4.32,1.00
2014.07.06 23:54:46.842,0.93566,0.93575,2.07,1.00
2014.07.06 23:54:53.229,0.93565,0.93575,3.31,2.52
2014.07.06 23:54:53.748,0.93565,0.93575,2.25,2.97
2014.07.06 23:55:15.766,0.93565,0.93575,2.25,2.59
2014.07.06 23:55:43.765,0.93565,0.93575,1.00,2.97
2014.07.06 23:55:44.893,0.93565,0.93575,1.00,5.14
2014.07.06 23:55:45.667,0.93565,0.93575,1.00,2.97
2014.07.06 23:55:46.656,0.93564,0.93575,2.67,2.22
2014.07.06 23:55:53.315,0.93564,0.93574,1.92,1.09
2014.07.06 23:55:53.820,0.93564,0.93574,1.92,1.09
2014.07.06 23:56:27.097,0.93564,0.93575,2.74,2.97
2014.07.06 23:56:27.401,0.93568,0.93578,1.00,1.29
2014.07.06 23:56:27.704,0.93569,0.93578,2.33,1.19
2014.07.06 23:56:35.347,0.93569,0.93579,2.33,2.44
2014.07.06 23:56:42.364,0.93569,0.93578,2.33,1.19
2014.07.06 23:56:42.967,0.93569,0.93578,2.52,1.00
2014.07.06 23:56:46.182,0.93569,0.9358,2.52,4.32
2014.07.06 23:56:46.714,0.9357,0.9358,3.08,2.07
2014.07.06 23:56:47.245,0.9357,0.9358,3.27,1.32
2014.07.06 23:56:48.056,0.9357,0.9358,3.08,2.07
2014.07.06 23:56:52.118,0.9357,0.9358,4.02,1.13
2014.07.06 23:56:52.679,0.9357,0.9358,3.08,2.07
2014.07.06 23:56:57.408,0.9357,0.9358,3.27,1.32
2014.07.06 23:56:59.329,0.9357,0.9358,1.40,1.32
2014.07.06 23:56:59.825,0.9357,0.93579,1.15,1.19
2014.07.06 23:57:00.434,0.9357,0.9358,1.15,2.07
2014.07.06 23:57:01.202,0.9357,0.9358,3.08,2.07
2014.07.06 23:57:01.969,0.9357,0.9358,1.15,2.07
2014.07.06 23:57:02.500,0.9357,0.9358,3.08,2.07
2014.07.06 23:57:03.004,0.9357,0.9358,1.15,2.07
2014.07.06 23:57:03.663,0.9357,0.9358,3.08,2.07
2014.07.06 23:57:04.172,0.9357,0.9358,1.40,1.32
2014.07.06 23:57:06.185,0.93573,0.9358,1.10,1.50
2014.07.06 23:57:06.489,0.93578,0.93584,2.33,1.00
2014.07.06 23:57:06.742,0.93582,0.9359,1.65,1.13
2014.07.06 23:57:07.604,0.93585,0.93592,1.00,1.25
2014.07.06 23:57:07.908,0.93587,0.93594,1.50,1.25
2014.07.06 23:57:08.597,0.93587,0.93595,1.65,1.00
2014.07.06 23:57:09.135,0.93587,0.93595,2.59,1.00
2014.07.06 23:57:10.970,0.93588,0.93595,1.09,1.00
2014.07.06 23:57:15.650,0.93588,0.93595,1.84,1.00
2014.07.06 23:57:16.195,0.93588,0.93595,1.84,1.00
2014.07.06 23:57:18.207,0.93588,0.93595,1.18,1.00
2014.07.06 23:57:18.798,0.93588,0.93595,1.15,1.00
2014.07.06 23:57:41.891,0.93587,0.93595,3.34,1.00
2014.07.06 23:57:47.426,0.93587,0.93595,1.58,1.58
2014.07.06 23:57:47.931,0.93587,0.93595,1.50,3.27
2014.07.06 23:57:49.714,0.93587,0.93595,1.50,2.52
2014.07.06 23:57:53.690,0.93587,0.93595,1.50,3.27
2014.07.06 23:57:58.701,0.93587,0.93595,1.50,2.52
2014.07.06 23:57:59.438,0.93587,0.93595,1.50,2.59
2014.07.06 23:58:01.703,0.93587,0.93595,1.50,2.52
2014.07.06 23:58:05.316,0.93587,0.93595,1.50,2.59
2014.07.06 23:58:17.772,0.93587,0.93595,1.50,1.77
2014.07.06 23:58:18.533,0.93587,0.93595,1.50,1.84
2014.07.06 23:58:33.613,0.93587,0.93594,1.50,1.63
2014.07.06 23:58:33.916,0.93584,0.9359,1.40,1.00
2014.07.06 23:58:33.967,0.93587,0.93595,1.50,3.19
2014.07.06 23:58:34.119,0.93587,0.93595,2.33,1.50
2014.07.06 23:58:34.422,0.93591,0.93598,2.33,1.25
2014.07.06 23:58:34.938,0.93591,0.93599,2.33,1.69
2014.07.06 23:58:35.569,0.9359,0.93599,2.33,1.69
2014.07.06 23:58:38.571,0.9359,0.93599,2.33,2.07
2014.07.06 23:58:38.623,0.93588,0.93595,3.27,1.00
2014.07.06 23:58:39.253,0.93587,0.93595,5.74,1.00
2014.07.06 23:58:39.590,0.93589,0.93599,2.33,1.69
2014.07.06 23:58:40.555,0.9359,0.93599,2.33,1.19
2014.07.06 23:58:41.061,0.93589,0.936,2.52,2.07
2014.07.06 23:58:41.569,0.9359,0.936,2.33,2.07
2014.07.06 23:58:43.379,0.93589,0.936,4.69,2.07
2014.07.06 23:58:43.900,0.9359,0.936,2.33,2.07
2014.07.06 23:58:44.498,0.93589,0.936,4.69,2.07
2014.07.06 23:58:45.045,0.9359,0.93598,2.33,1.57
2014.07.06 23:58:45.197,0.93587,0.93595,3.83,1.00
2014.07.06 23:58:45.299,0.93587,0.93595,1.50,1.00
2014.07.06 23:58:45.602,0.93587,0.93595,1.58,1.00
2014.07.06 23:58:46.144,0.93587,0.93595,4.77,1.00
2014.07.06 23:58:50.479,0.93587,0.93595,1.50,1.77
2014.07.06 23:58:54.488,0.93587,0.93595,1.50,2.52
2014.07.06 23:58:55.478,0.93587,0.93595,1.50,1.77
2014.07.06 23:58:56.493,0.93587,0.93595,1.50,2.52
2014.07.06 23:58:58.496,0.93587,0.93595,1.50,1.77
2014.07.06 23:59:00.504,0.93587,0.93595,1.50,2.52
2014.07.06 23:59:18.106,0.93587,0.93594,1.50,1.19
2014.07.06 23:59:19.064,0.93587,0.93595,1.50,2.52
