2017.09.18 15:00:00.060,0.79717,0.79723,1.00,3.63
2017.09.18 15:00:00.268,0.79717,0.79725,1.00,3.10
2017.09.18 15:00:00.602,0.79719,0.79725,1.00,2.28
2017.09.18 15:00:00.806,0.79717,0.79724,1.00,1.00
2017.09.18 15:00:01.318,0.79717,0.79726,1.00,2.25
2017.09.18 15:00:01.369,0.7972,0.79728,1.00,2.70
2017.09.18 15:00:01.884,0.79718,0.79728,1.50,1.50
2017.09.18 15:00:02.430,0.79719,0.79728,3.75,1.00
2017.09.18 15:00:02.481,0.79721,0.79728,1.00,1.00
2017.09.18 15:00:03.006,0.79721,0.79729,1.00,1.00
2017.09.18 15:00:05.398,0.79721,0.79728,1.00,1.55
2017.09.18 15:00:05.960,0.79722,0.79728,1.00,1.55
2017.09.18 15:00:06.012,0.79723,0.79732,1.00,3.07
2017.09.18 15:00:06.117,0.79722,0.7973,1.00,1.07
2017.09.18 15:00:06.470,0.79725,0.79731,1.00,1.00
2017.09.18 15:00:06.522,0.79725,0.79735,1.00,2.92
2017.09.18 15:00:06.573,0.79725,0.79732,1.12,1.00
2017.09.18 15:00:06.883,0.79723,0.79731,1.87,1.00
2017.09.18 15:00:07.285,0.79725,0.79732,1.50,1.00
2017.09.18 15:00:07.388,0.79725,0.79734,2.25,1.00
2017.09.18 15:00:07.490,0.79724,0.79732,1.00,1.00
2017.09.18 15:00:08.041,0.79723,0.79733,3.56,1.12
2017.09.18 15:00:08.405,0.79728,0.79735,1.00,1.00
2017.09.18 15:00:08.865,0.79726,0.79735,1.00,1.50
2017.09.18 15:00:08.917,0.79724,0.79733,3.37,1.50
2017.09.18 15:00:09.367,0.79726,0.79735,1.00,4.95
2017.09.18 15:00:09.675,0.79728,0.79736,1.00,1.95
2017.09.18 15:00:09.778,0.79728,0.79738,1.00,6.64
2017.09.18 15:00:09.981,0.7973,0.79737,1.00,1.95
2017.09.18 15:00:10.033,0.79727,0.79737,3.37,1.20
2017.09.18 15:00:10.190,0.79726,0.79734,1.00,2.25
2017.09.18 15:00:10.393,0.79723,0.79733,3.82,1.00
2017.09.18 15:00:10.496,0.79724,0.79731,1.00,1.00
2017.09.18 15:00:11.041,0.79725,0.79732,1.00,1.12
2017.09.18 15:00:11.606,0.79725,0.79733,1.00,2.32
2017.09.18 15:00:11.912,0.79729,0.79737,1.00,2.10
2017.09.18 15:00:12.436,0.7973,0.79738,1.00,4.05
2017.09.18 15:00:14.156,0.7973,0.79736,1.00,3.37
2017.09.18 15:00:14.217,0.79728,0.79736,1.00,2.55
2017.09.18 15:00:14.319,0.79726,0.79734,1.25,1.87
2017.09.18 15:00:14.825,0.79725,0.79734,1.00,5.51
2017.09.18 15:00:15.334,0.79725,0.79732,1.00,1.50
2017.09.18 15:00:15.604,0.79725,0.79734,1.00,1.25
2017.09.18 15:00:15.655,0.79727,0.79734,1.00,1.25
2017.09.18 15:00:16.170,0.79726,0.79734,1.00,2.14
2017.09.18 15:00:16.612,0.79724,0.79733,1.00,2.10
2017.09.18 15:00:17.115,0.79724,0.79732,1.50,1.50
2017.09.18 15:00:17.218,0.79724,0.79734,1.00,4.99
2017.09.18 15:00:17.768,0.79724,0.79733,1.00,2.25
2017.09.18 15:00:19.122,0.79724,0.79732,1.00,1.30
2017.09.18 15:00:19.931,0.79723,0.79732,1.00,2.17
2017.09.18 15:00:20.085,0.79721,0.79729,3.64,1.00
2017.09.18 15:00:20.594,0.7972,0.79728,2.44,1.00
2017.09.18 15:00:21.143,0.79721,0.79729,5.44,1.00
2017.09.18 15:00:21.655,0.7972,0.79728,3.45,1.00
2017.09.18 15:00:22.203,0.7972,0.79728,1.50,1.00
2017.09.18 15:00:22.518,0.7972,0.79724,1.00,1.00
2017.09.18 15:00:22.620,0.79717,0.79724,3.64,1.00
2017.09.18 15:00:22.671,0.79718,0.79726,2.14,1.00
2017.09.18 15:00:23.181,0.7972,0.79727,2.32,1.00
2017.09.18 15:00:23.677,0.79725,0.79731,1.00,1.50
2017.09.18 15:00:23.728,0.79725,0.79733,1.50,1.00
2017.09.18 15:00:23.831,0.79727,0.79734,1.87,1.00
2017.09.18 15:00:24.313,0.79725,0.79732,2.14,1.00
2017.09.18 15:00:24.670,0.79727,0.79734,1.00,1.00
2017.09.18 15:00:25.272,0.79728,0.79735,1.10,1.00
2017.09.18 15:00:25.583,0.79723,0.79732,7.69,1.00
2017.09.18 15:00:25.971,0.79726,0.79735,3.75,1.12
2017.09.18 15:00:26.073,0.79726,0.79734,1.87,1.12
2017.09.18 15:00:26.176,0.79728,0.79736,1.00,1.25
2017.09.18 15:00:26.434,0.79732,0.79741,1.00,1.12
2017.09.18 15:00:26.978,0.79732,0.79741,1.95,1.00
2017.09.18 15:00:27.570,0.79734,0.79741,1.00,1.00
2017.09.18 15:00:27.726,0.79734,0.79743,1.20,1.00
2017.09.18 15:00:27.830,0.79737,0.79744,1.50,1.00
2017.09.18 15:00:28.032,0.7974,0.7975,1.37,2.89
2017.09.18 15:00:28.344,0.79741,0.7975,1.00,4.76
2017.09.18 15:00:28.449,0.79738,0.79746,1.00,2.47
2017.09.18 15:00:28.969,0.79736,0.79746,3.19,1.00
2017.09.18 15:00:29.461,0.79736,0.79742,1.25,1.00
2017.09.18 15:00:29.974,0.79735,0.79744,1.25,1.87
2017.09.18 15:00:30.507,0.79734,0.79744,1.50,3.64
2017.09.18 15:00:30.984,0.79736,0.79746,1.00,5.89
2017.09.18 15:00:31.140,0.79734,0.79744,2.62,2.51
2017.09.18 15:00:31.449,0.79736,0.79743,1.00,1.50
2017.09.18 15:00:31.965,0.79735,0.79743,1.00,1.00
2017.09.18 15:00:33.152,0.79736,0.79743,1.00,1.87
2017.09.18 15:00:33.654,0.79736,0.79744,1.00,1.01
2017.09.18 15:00:34.447,0.79735,0.79744,1.12,1.01
2017.09.18 15:00:34.955,0.79736,0.79744,1.00,1.31
2017.09.18 15:00:35.504,0.79734,0.79743,2.25,1.12
2017.09.18 15:00:35.810,0.79736,0.79745,1.25,1.95
2017.09.18 15:00:36.141,0.79744,0.79751,1.00,1.91
2017.09.18 15:00:36.657,0.79744,0.79751,1.00,1.69
2017.09.18 15:00:37.127,0.79742,0.7975,1.57,1.00
2017.09.18 15:00:37.393,0.79743,0.7975,1.87,1.00
2017.09.18 15:00:37.903,0.79746,0.79752,1.12,1.00
2017.09.18 15:00:38.222,0.7975,0.7976,2.62,3.22
2017.09.18 15:00:38.273,0.79752,0.79759,1.37,1.00
2017.09.18 15:00:38.479,0.79747,0.79757,2.89,2.06
2017.09.18 15:00:38.664,0.79746,0.79755,1.37,1.69
2017.09.18 15:00:39.100,0.79749,0.79757,1.57,2.06
2017.09.18 15:00:39.171,0.79744,0.79754,3.64,3.19
2017.09.18 15:00:39.223,0.79744,0.79752,2.14,1.00
2017.09.18 15:00:39.574,0.7974,0.79748,1.12,1.00
2017.09.18 15:00:40.081,0.79738,0.79744,1.00,1.00
2017.09.18 15:00:40.133,0.79736,0.79744,1.87,1.50
2017.09.18 15:00:40.710,0.79736,0.79746,3.45,3.75
2017.09.18 15:00:40.815,0.79735,0.79742,1.12,1.00
2017.09.18 15:00:41.349,0.79732,0.79741,1.87,1.25
2017.09.18 15:00:41.860,0.79733,0.79742,1.12,1.87
2017.09.18 15:00:42.377,0.79732,0.79741,1.87,1.00
2017.09.18 15:00:42.429,0.79735,0.79741,1.37,1.00
2017.09.18 15:00:42.480,0.79735,0.79743,1.87,1.50
2017.09.18 15:00:43.003,0.79737,0.79745,1.12,1.69
2017.09.18 15:00:43.209,0.79735,0.79743,1.12,1.50
2017.09.18 15:00:43.755,0.79735,0.79743,1.12,2.25
2017.09.18 15:00:44.262,0.79734,0.79743,1.25,2.25
2017.09.18 15:00:44.417,0.79732,0.79741,1.20,3.00
2017.09.18 15:00:45.029,0.79732,0.7974,1.12,1.00
2017.09.18 15:00:46.039,0.79733,0.7974,1.00,3.74
2017.09.18 15:00:47.372,0.79733,0.79741,1.00,1.00
2017.09.18 15:00:47.780,0.79733,0.79739,1.00,1.50
2017.09.18 15:00:48.240,0.79731,0.79738,1.12,1.00
2017.09.18 15:00:49.355,0.79729,0.79736,1.50,2.25
2017.09.18 15:00:49.773,0.79726,0.79734,4.20,1.50
2017.09.18 15:00:49.927,0.79723,0.79731,1.01,1.00
2017.09.18 15:00:50.744,0.79723,0.79729,3.37,1.00
2017.09.18 15:00:50.795,0.79723,0.79731,7.20,1.00
2017.09.18 15:00:50.847,0.79725,0.79733,3.75,1.00
2017.09.18 15:00:51.423,0.79727,0.79733,1.00,1.00
2017.09.18 15:00:51.783,0.79725,0.79733,1.12,1.00
2017.09.18 15:00:52.327,0.79724,0.79733,2.81,1.00
2017.09.18 15:00:52.533,0.79726,0.79733,1.00,1.00
2017.09.18 15:00:52.585,0.79724,0.79734,1.50,4.57
2017.09.18 15:00:52.789,0.79724,0.79733,1.00,4.12
2017.09.18 15:00:53.315,0.79722,0.79731,1.69,1.12
2017.09.18 15:00:53.854,0.79722,0.7973,1.69,1.00
2017.09.18 15:00:54.415,0.79721,0.7973,1.00,7.01
2017.09.18 15:00:54.916,0.7972,0.79729,3.00,3.00
2017.09.18 15:00:55.868,0.7972,0.79729,1.50,3.19
2017.09.18 15:00:55.920,0.7972,0.7973,1.50,4.57
2017.09.18 15:00:56.486,0.7972,0.7973,1.50,4.57
2017.09.18 15:00:57.099,0.79719,0.79729,3.37,4.69
2017.09.18 15:00:57.333,0.7972,0.79729,1.19,6.19
2017.09.18 15:00:57.438,0.79719,0.79729,3.56,3.94
2017.09.18 15:00:57.950,0.79719,0.79728,4.01,1.69
2017.09.18 15:00:58.484,0.79719,0.79727,1.00,1.00
2017.09.18 15:00:58.998,0.7972,0.79728,1.00,1.25
2017.09.18 15:00:59.370,0.79718,0.79727,1.20,2.85
2017.09.18 15:00:59.421,0.79718,0.79725,1.20,1.35
2017.09.18 15:00:59.758,0.7972,0.79727,1.00,2.25
2017.09.18 15:01:01.387,0.7972,0.79728,1.12,2.62
2017.09.18 15:01:03.283,0.79722,0.79729,1.00,1.69
2017.09.18 15:01:03.537,0.7972,0.79728,1.00,3.00
2017.09.18 15:01:04.092,0.7972,0.79727,1.00,1.00
2017.09.18 15:01:04.146,0.79721,0.79729,1.00,2.29
2017.09.18 15:01:04.357,0.7972,0.79727,1.00,3.04
2017.09.18 15:01:04.612,0.79721,0.79729,1.00,5.62
2017.09.18 15:01:05.126,0.79721,0.79729,1.00,5.47
2017.09.18 15:01:05.731,0.79722,0.79729,1.00,1.12
2017.09.18 15:01:06.139,0.7972,0.79729,1.50,1.00
2017.09.18 15:01:06.346,0.79721,0.79728,1.00,1.69
2017.09.18 15:01:06.851,0.79721,0.79729,1.00,3.41
2017.09.18 15:01:07.436,0.79721,0.79729,1.00,4.72
2017.09.18 15:01:07.938,0.79721,0.79729,1.00,2.62
2017.09.18 15:01:09.332,0.7972,0.79728,1.00,3.41
2017.09.18 15:01:09.641,0.7972,0.79726,1.00,2.17
2017.09.18 15:01:10.155,0.7972,0.79726,1.00,1.00
2017.09.18 15:01:10.783,0.7972,0.79725,1.00,1.30
2017.09.18 15:01:10.834,0.79716,0.79725,1.10,3.22
2017.09.18 15:01:10.937,0.79717,0.79723,1.00,1.50
2017.09.18 15:01:11.142,0.79715,0.79723,1.50,2.81
2017.09.18 15:01:11.347,0.79718,0.79723,1.00,1.31
2017.09.18 15:01:11.539,0.79719,0.79726,1.00,2.06
2017.09.18 15:01:11.692,0.79721,0.79728,1.00,1.54
2017.09.18 15:01:11.794,0.7972,0.79729,1.00,4.80
2017.09.18 15:01:12.100,0.79723,0.79729,1.00,3.79
2017.09.18 15:01:12.444,0.79722,0.7973,1.12,1.50
2017.09.18 15:01:12.853,0.79725,0.79733,1.00,1.31
2017.09.18 15:01:13.365,0.79725,0.79734,1.00,8.66
2017.09.18 15:01:13.777,0.79726,0.79732,3.37,1.00
2017.09.18 15:01:13.925,0.79724,0.79731,4.39,1.00
2017.09.18 15:01:13.977,0.79724,0.79733,8.89,1.00
2017.09.18 15:01:14.492,0.79726,0.79733,1.00,1.00
2017.09.18 15:01:14.836,0.79725,0.79731,1.12,1.00
2017.09.18 15:01:14.939,0.79722,0.79731,4.57,1.00
2017.09.18 15:01:14.991,0.79723,0.79728,1.69,1.00
2017.09.18 15:01:15.618,0.79722,0.79732,3.56,1.50
2017.09.18 15:01:15.722,0.79724,0.7973,1.50,1.00
2017.09.18 15:01:16.302,0.79721,0.79729,3.56,1.00
2017.09.18 15:01:16.608,0.79725,0.79731,1.00,1.12
2017.09.18 15:01:17.145,0.79725,0.79733,1.00,2.36
2017.09.18 15:01:17.662,0.79725,0.79731,1.00,1.00
2017.09.18 15:01:18.204,0.79725,0.79733,1.00,2.14
2017.09.18 15:01:19.351,0.79725,0.79734,1.00,7.80
2017.09.18 15:01:19.660,0.79726,0.79732,1.00,9.49
2017.09.18 15:01:20.182,0.79726,0.79732,1.00,1.00
2017.09.18 15:01:24.303,0.79726,0.79733,1.00,2.29
2017.09.18 15:01:24.405,0.79724,0.79733,1.00,4.05
2017.09.18 15:01:24.761,0.79724,0.7973,1.00,1.50
2017.09.18 15:01:27.547,0.79724,0.79731,1.00,2.62
2017.09.18 15:01:27.650,0.79725,0.79734,1.12,2.44
2017.09.18 15:01:28.162,0.79725,0.79733,1.12,6.04
2017.09.18 15:01:29.032,0.79728,0.79732,1.00,1.30
2017.09.18 15:01:29.225,0.79729,0.79735,1.00,2.29
2017.09.18 15:01:29.327,0.79726,0.79735,3.37,1.76
2017.09.18 15:01:29.430,0.79726,0.79732,1.00,1.12
2017.09.18 15:01:30.031,0.79725,0.79733,1.00,4.01
2017.09.18 15:01:30.987,0.79725,0.79732,1.20,1.25
2017.09.18 15:01:31.499,0.79727,0.79733,1.00,1.00
2017.09.18 15:01:31.848,0.79726,0.79733,1.00,2.44
2017.09.18 15:01:31.899,0.79727,0.79733,1.00,1.50
2017.09.18 15:01:32.330,0.79729,0.79734,1.00,2.47
2017.09.18 15:01:32.827,0.79726,0.79734,1.00,2.62
2017.09.18 15:01:33.285,0.79728,0.79733,1.00,1.00
2017.09.18 15:01:33.795,0.79727,0.79733,1.00,2.62
2017.09.18 15:01:34.325,0.79726,0.79733,1.00,2.85
2017.09.18 15:01:35.335,0.79726,0.79733,1.00,3.60
2017.09.18 15:01:35.875,0.79726,0.79732,1.00,1.35
2017.09.18 15:01:36.182,0.79724,0.79731,1.00,2.10
2017.09.18 15:01:37.372,0.79726,0.79732,1.00,3.60
2017.09.18 15:01:37.424,0.79724,0.79732,1.00,2.85
2017.09.18 15:01:38.121,0.79724,0.79731,1.00,1.50
2017.09.18 15:01:38.708,0.79727,0.79732,1.00,4.35
2017.09.18 15:01:39.242,0.79726,0.79732,1.00,4.50
2017.09.18 15:01:40.157,0.79727,0.79732,1.00,4.50
2017.09.18 15:01:41.413,0.79726,0.79732,1.12,1.30
2017.09.18 15:01:41.718,0.79728,0.79733,1.00,1.00
2017.09.18 15:01:42.024,0.7973,0.79734,1.00,1.87
2017.09.18 15:01:42.176,0.79728,0.79734,1.00,1.72
2017.09.18 15:01:42.742,0.79727,0.79735,1.87,1.25
2017.09.18 15:01:42.793,0.79729,0.79736,1.00,9.38
2017.09.18 15:01:43.163,0.79735,0.79741,1.00,1.00
2017.09.18 15:01:43.472,0.79726,0.79734,6.00,2.81
2017.09.18 15:01:43.676,0.79725,0.79732,1.00,3.04
2017.09.18 15:01:44.190,0.79724,0.79733,1.10,1.31
2017.09.18 15:01:44.345,0.79726,0.79735,1.00,7.95
2017.09.18 15:01:44.396,0.79726,0.79735,2.25,4.76
2017.09.18 15:01:44.946,0.79726,0.79734,1.00,2.29
2017.09.18 15:01:45.666,0.79725,0.79733,1.87,1.24
2017.09.18 15:01:46.293,0.79725,0.79733,1.00,4.54
2017.09.18 15:01:46.819,0.79725,0.79733,1.00,3.97
2017.09.18 15:01:47.330,0.79724,0.79732,1.00,3.41
2017.09.18 15:01:47.895,0.79724,0.79731,1.00,1.50
2017.09.18 15:01:48.236,0.79723,0.79729,1.00,1.00
2017.09.18 15:01:48.817,0.79722,0.7973,1.50,1.25
2017.09.18 15:01:49.387,0.79722,0.79727,1.00,2.25
2017.09.18 15:01:49.438,0.7972,0.79727,1.00,1.50
2017.09.18 15:01:49.988,0.79718,0.79726,1.00,1.50
2017.09.18 15:01:50.732,0.79719,0.79727,2.62,1.25
2017.09.18 15:01:52.582,0.79719,0.79729,4.50,1.69
2017.09.18 15:01:53.070,0.79723,0.79731,1.00,8.36
2017.09.18 15:01:54.409,0.79723,0.79728,1.00,1.19
2017.09.18 15:01:54.461,0.79723,0.79729,1.00,2.62
2017.09.18 15:01:54.980,0.79723,0.79728,1.00,1.00
2017.09.18 15:01:55.490,0.79722,0.79728,1.00,1.25
2017.09.18 15:01:56.463,0.79722,0.7973,1.00,3.97
2017.09.18 15:01:58.302,0.79724,0.79729,1.00,1.05
2017.09.18 15:01:59.001,0.79724,0.79731,1.00,4.16
2017.09.18 15:01:59.399,0.79721,0.79725,1.00,1.87
2017.09.18 15:01:59.450,0.79718,0.79725,1.50,1.37
2017.09.18 15:01:59.553,0.7972,0.79728,1.00,5.17
2017.09.18 15:01:59.809,0.7972,0.79729,1.00,3.41
2017.09.18 15:02:00.329,0.7972,0.79728,1.00,1.69
2017.09.18 15:02:00.883,0.7972,0.79728,1.00,1.87
2017.09.18 15:02:00.991,0.79721,0.79729,1.00,1.16
2017.09.18 15:02:01.095,0.79721,0.79727,1.00,2.10
2017.09.18 15:02:01.249,0.79718,0.79726,1.50,2.29
2017.09.18 15:02:01.818,0.79719,0.79726,1.00,2.29
2017.09.18 15:02:02.327,0.79718,0.79726,1.00,4.16
2017.09.18 15:02:02.831,0.79719,0.79727,1.00,2.85
2017.09.18 15:02:03.337,0.79718,0.79726,1.00,1.30
2017.09.18 15:02:03.445,0.79716,0.79724,1.00,1.30
2017.09.18 15:02:03.957,0.79716,0.79724,1.00,4.91
2017.09.18 15:02:04.059,0.79717,0.79725,1.00,2.70
2017.09.18 15:02:04.111,0.79717,0.79725,1.00,8.32
2017.09.18 15:02:04.366,0.79715,0.79722,1.00,1.30
2017.09.18 15:02:04.469,0.79715,0.7972,1.00,1.00
2017.09.18 15:02:04.818,0.79717,0.79723,1.00,1.62
2017.09.18 15:02:05.142,0.79715,0.79722,1.00,1.30
2017.09.18 15:02:05.692,0.79716,0.79722,1.00,1.25
2017.09.18 15:02:06.265,0.79716,0.79723,1.00,3.22
2017.09.18 15:02:07.099,0.79716,0.79722,1.00,1.25
2017.09.18 15:02:08.689,0.79715,0.79722,1.00,2.06
2017.09.18 15:02:09.280,0.79716,0.79721,1.00,1.69
2017.09.18 15:02:09.434,0.79713,0.7972,1.50,1.91
2017.09.18 15:02:09.486,0.7971,0.79718,1.20,1.00
2017.09.18 15:02:09.998,0.7971,0.79719,1.00,1.00
2017.09.18 15:02:10.133,0.79712,0.7972,1.00,4.80
2017.09.18 15:02:10.443,0.7971,0.79718,1.12,1.07
2017.09.18 15:02:11.371,0.7971,0.79715,1.12,1.50
2017.09.18 15:02:11.423,0.79707,0.79715,3.75,1.50
2017.09.18 15:02:11.525,0.79707,0.79712,1.00,2.70
2017.09.18 15:02:11.577,0.79704,0.79711,1.00,1.12
2017.09.18 15:02:11.628,0.79702,0.79711,1.50,1.95
2017.09.18 15:02:12.162,0.79704,0.79712,1.00,3.00
2017.09.18 15:02:13.188,0.79704,0.79712,1.00,4.12
2017.09.18 15:02:13.773,0.79703,0.79711,1.69,1.12
2017.09.18 15:02:14.280,0.79703,0.7971,1.50,1.12
2017.09.18 15:02:14.893,0.79702,0.7971,1.50,2.70
2017.09.18 15:02:15.462,0.79703,0.79711,1.00,1.20
2017.09.18 15:02:16.943,0.79702,0.7971,3.56,1.00
2017.09.18 15:02:19.187,0.79703,0.79711,2.06,1.00
2017.09.18 15:02:19.502,0.79705,0.79713,1.19,1.50
2017.09.18 15:02:19.760,0.79704,0.79712,1.69,2.32
2017.09.18 15:02:20.294,0.79707,0.79714,1.00,4.01
2017.09.18 15:02:20.803,0.79706,0.79713,1.00,1.00
2017.09.18 15:02:20.855,0.79704,0.79714,1.25,3.64
2017.09.18 15:02:22.264,0.79704,0.79714,1.25,3.64
2017.09.18 15:02:22.736,0.79704,0.7971,1.25,1.25
2017.09.18 15:02:23.287,0.79705,0.79711,1.00,1.00
2017.09.18 15:02:23.709,0.79705,0.79713,1.00,3.00
2017.09.18 15:02:24.416,0.79703,0.79712,3.64,1.00
2017.09.18 15:02:25.126,0.79703,0.79713,3.56,6.75
2017.09.18 15:02:25.436,0.79708,0.79714,1.00,1.00
2017.09.18 15:02:25.490,0.79706,0.79714,1.00,1.00
2017.09.18 15:02:25.542,0.79706,0.79716,1.50,4.20
2017.09.18 15:02:26.021,0.79709,0.79716,1.00,1.00
2017.09.18 15:02:26.124,0.79709,0.79719,1.37,5.62
2017.09.18 15:02:26.714,0.79712,0.7972,1.00,7.39
2017.09.18 15:02:27.256,0.79712,0.7972,1.00,6.75
2017.09.18 15:02:27.765,0.79713,0.79722,1.00,4.39
2017.09.18 15:02:27.867,0.79714,0.79723,1.00,2.14
2017.09.18 15:02:28.807,0.79714,0.79723,1.12,1.88
2017.09.18 15:02:29.198,0.79717,0.79724,1.00,3.83
2017.09.18 15:02:29.249,0.79715,0.79724,1.12,2.89
2017.09.18 15:02:29.423,0.79715,0.79724,1.00,3.83
2017.09.18 15:02:29.474,0.79712,0.7972,1.00,1.50
2017.09.18 15:02:29.525,0.79715,0.7972,1.00,1.50
2017.09.18 15:02:29.627,0.79713,0.79721,1.00,4.20
2017.09.18 15:02:30.138,0.79714,0.7972,1.00,1.69
2017.09.18 15:02:30.704,0.79714,0.7972,1.00,2.63
2017.09.18 15:02:31.214,0.79714,0.79721,1.00,3.38
2017.09.18 15:02:31.781,0.79714,0.79721,1.00,1.01
2017.09.18 15:02:32.451,0.79714,0.79721,1.00,2.06
2017.09.18 15:02:32.698,0.79714,0.79721,1.00,1.69
2017.09.18 15:02:32.799,0.79714,0.79721,1.00,2.06
2017.09.18 15:02:32.901,0.79714,0.79721,1.00,1.69
2017.09.18 15:02:32.953,0.79714,0.79721,1.00,1.88
2017.09.18 15:02:33.055,0.79714,0.79721,1.00,1.69
2017.09.18 15:02:33.313,0.79712,0.7972,1.12,1.25
2017.09.18 15:02:34.188,0.79711,0.7972,2.25,1.69
2017.09.18 15:02:34.392,0.7971,0.7972,2.32,4.31
2017.09.18 15:02:34.856,0.79707,0.79713,1.10,1.00
2017.09.18 15:02:34.959,0.79703,0.79711,1.25,2.81
2017.09.18 15:02:35.011,0.79701,0.7971,1.12,3.38
2017.09.18 15:02:35.943,0.79701,0.79706,1.50,1.00
2017.09.18 15:02:36.199,0.79701,0.79709,1.50,1.88
2017.09.18 15:02:36.301,0.79703,0.79709,1.00,1.00
2017.09.18 15:02:36.646,0.79705,0.79711,1.00,1.25
2017.09.18 15:02:37.943,0.79704,0.79711,1.00,1.25
2017.09.18 15:02:38.549,0.79702,0.7971,1.50,1.69
2017.09.18 15:02:38.907,0.79702,0.79709,1.00,1.20
2017.09.18 15:02:39.263,0.79701,0.7971,2.25,3.07
2017.09.18 15:02:39.714,0.79701,0.79707,1.00,1.00
2017.09.18 15:02:41.175,0.79699,0.79705,1.87,1.00
2017.09.18 15:02:41.648,0.797,0.79707,1.87,1.20
2017.09.18 15:02:42.361,0.797,0.79707,1.00,2.32
2017.09.18 15:02:42.616,0.79698,0.79704,1.69,1.00
2017.09.18 15:02:42.876,0.79697,0.79704,1.12,1.37
2017.09.18 15:02:42.927,0.79694,0.797,1.50,1.00
2017.09.18 15:02:43.234,0.79691,0.79696,1.12,4.50
2017.09.18 15:02:43.570,0.79687,0.7969,1.00,1.00
2017.09.18 15:02:43.623,0.79685,0.7969,1.00,1.20
2017.09.18 15:02:43.674,0.79686,0.7969,1.00,1.10
2017.09.18 15:02:43.776,0.79689,0.79694,1.12,1.64
2017.09.18 15:02:43.930,0.79689,0.79695,1.12,1.95
2017.09.18 15:02:44.438,0.79689,0.79695,1.12,1.07
2017.09.18 15:02:45.085,0.79689,0.79696,1.50,2.32
2017.09.18 15:02:45.289,0.7969,0.79695,1.00,3.07
2017.09.18 15:02:45.469,0.79688,0.79693,1.00,1.31
2017.09.18 15:02:45.573,0.79688,0.79693,1.00,1.62
2017.09.18 15:02:45.624,0.79688,0.79693,1.00,1.50
2017.09.18 15:02:46.168,0.79686,0.79694,1.12,3.37
2017.09.18 15:02:46.677,0.79687,0.79693,1.00,1.00
2017.09.18 15:02:47.244,0.79685,0.79694,4.87,3.00
2017.09.18 15:02:47.616,0.79688,0.79694,1.00,2.62
2017.09.18 15:02:47.871,0.79685,0.79692,1.00,2.70
2017.09.18 15:02:47.973,0.79686,0.79693,1.00,1.57
2017.09.18 15:02:48.026,0.79688,0.79694,1.00,2.62
2017.09.18 15:02:48.274,0.79686,0.79693,1.00,1.30
2017.09.18 15:02:48.529,0.79688,0.79693,1.00,1.00
2017.09.18 15:02:48.631,0.79688,0.79695,1.00,2.31
2017.09.18 15:02:48.835,0.7969,0.79696,1.00,1.48
2017.09.18 15:02:49.360,0.7969,0.79696,1.00,1.30
2017.09.18 15:02:49.862,0.79689,0.79694,1.00,1.87
2017.09.18 15:02:49.913,0.79684,0.79692,1.12,1.31
2017.09.18 15:02:50.170,0.79686,0.79693,1.00,1.25
2017.09.18 15:02:50.475,0.79689,0.79698,1.00,3.94
2017.09.18 15:02:50.802,0.79689,0.79698,1.00,1.31
2017.09.18 15:02:51.326,0.79689,0.79698,1.00,3.64
2017.09.18 15:02:51.933,0.79689,0.79699,1.00,8.51
2017.09.18 15:02:52.456,0.79689,0.79698,1.00,2.32
2017.09.18 15:02:52.903,0.79694,0.79699,1.00,2.14
2017.09.18 15:02:53.006,0.79694,0.79702,1.00,3.37
2017.09.18 15:02:53.058,0.79694,0.79702,1.00,1.50
2017.09.18 15:02:53.578,0.79694,0.79702,1.00,3.00
2017.09.18 15:02:53.835,0.79695,0.79703,1.00,2.62
2017.09.18 15:02:54.341,0.79693,0.79703,3.64,1.69
2017.09.18 15:02:54.495,0.79696,0.79703,1.00,1.69
2017.09.18 15:02:55.037,0.79696,0.79704,1.00,2.89
2017.09.18 15:02:55.338,0.79702,0.79708,1.00,3.75
2017.09.18 15:02:55.730,0.79702,0.79708,1.00,3.19
2017.09.18 15:02:57.597,0.79704,0.79711,1.00,1.76
2017.09.18 15:02:58.109,0.79703,0.79711,1.00,2.25
2017.09.18 15:02:59.321,0.79704,0.79711,1.00,1.62
2017.09.18 15:02:59.831,0.79703,0.79711,1.00,3.56
2017.09.18 15:03:00.043,0.79701,0.79711,2.25,4.12
2017.09.18 15:03:00.586,0.79702,0.79711,1.00,2.81
2017.09.18 15:03:01.144,0.79701,0.79709,1.00,1.00
2017.09.18 15:03:01.556,0.79705,0.79712,1.00,1.19
2017.09.18 15:03:01.995,0.79703,0.7971,1.00,1.00
2017.09.18 15:03:02.762,0.79702,0.7971,1.50,1.00
2017.09.18 15:03:02.813,0.79704,0.79712,1.00,3.83
2017.09.18 15:03:03.135,0.79704,0.79712,1.00,4.20
2017.09.18 15:03:03.237,0.79701,0.7971,1.69,1.95
2017.09.18 15:03:04.067,0.79702,0.79709,1.00,1.57
2017.09.18 15:03:04.759,0.797,0.79706,1.19,1.00
2017.09.18 15:03:05.224,0.79699,0.79706,3.37,1.00
2017.09.18 15:03:05.734,0.797,0.79705,1.00,1.00
2017.09.18 15:03:06.251,0.79699,0.79705,2.06,1.00
2017.09.18 15:03:06.404,0.79701,0.79705,1.00,1.00
2017.09.18 15:03:09.530,0.79701,0.79707,1.00,1.95
2017.09.18 15:03:10.506,0.79701,0.79707,1.00,1.47
2017.09.18 15:03:11.816,0.79701,0.79707,1.00,1.20
2017.09.18 15:03:13.269,0.79701,0.79708,1.00,5.51
2017.09.18 15:03:13.423,0.79703,0.79709,1.00,3.00
2017.09.18 15:03:13.525,0.79704,0.7971,1.00,1.01
2017.09.18 15:03:13.577,0.79702,0.7971,1.00,2.06
2017.09.18 15:03:13.628,0.79702,0.7971,1.00,4.01
2017.09.18 15:03:14.088,0.797,0.79708,2.25,2.14
2017.09.18 15:03:14.600,0.797,0.79709,1.00,8.89
2017.09.18 15:03:15.283,0.797,0.79708,1.00,1.76
2017.09.18 15:03:15.798,0.797,0.79706,1.00,1.25
2017.09.18 15:03:16.872,0.797,0.79708,1.00,3.26
2017.09.18 15:03:17.407,0.79701,0.79708,1.00,2.51
2017.09.18 15:03:18.414,0.79701,0.79709,1.00,10.39
2017.09.18 15:03:18.962,0.79701,0.79708,1.00,1.10
2017.09.18 15:03:19.014,0.79699,0.79706,1.00,1.00
2017.09.18 15:03:20.528,0.79699,0.79707,1.00,1.87
2017.09.18 15:03:20.762,0.797,0.7971,4.31,1.12
2017.09.18 15:03:21.018,0.79704,0.79712,1.25,2.06
2017.09.18 15:03:21.327,0.79708,0.79716,1.00,4.13
2017.09.18 15:03:21.533,0.79709,0.79716,1.12,1.25
2017.09.18 15:03:21.672,0.7971,0.79719,1.12,1.57
2017.09.18 15:03:22.028,0.79712,0.7972,1.00,3.37
2017.09.18 15:03:22.283,0.79712,0.79723,2.14,7.20
2017.09.18 15:03:23.011,0.79712,0.79721,1.47,1.00
2017.09.18 15:03:23.804,0.79712,0.7972,1.00,1.50
2017.09.18 15:03:24.010,0.7971,0.79719,1.00,3.00
2017.09.18 15:03:24.165,0.79708,0.79717,2.44,1.20
2017.09.18 15:03:24.268,0.79704,0.79712,1.25,1.00
2017.09.18 15:03:24.774,0.79702,0.79711,1.44,1.00
2017.09.18 15:03:25.030,0.79703,0.79713,3.00,2.25
2017.09.18 15:03:25.551,0.79703,0.79712,2.62,1.00
2017.09.18 15:03:26.198,0.79702,0.79712,2.06,1.87
2017.09.18 15:03:26.707,0.79703,0.79713,2.81,1.95
2017.09.18 15:03:27.268,0.79704,0.79713,1.00,1.00
2017.09.18 15:03:27.897,0.79704,0.79714,1.00,2.25
2017.09.18 15:03:28.151,0.79707,0.79716,1.38,1.01
2017.09.18 15:03:28.456,0.79711,0.79716,1.00,1.00
2017.09.18 15:03:28.762,0.79708,0.79716,1.00,1.00
2017.09.18 15:03:29.328,0.79708,0.79715,1.00,1.00
2017.09.18 15:03:29.841,0.79708,0.79716,3.38,1.00
2017.09.18 15:03:30.209,0.79707,0.79712,3.19,1.00
2017.09.18 15:03:30.260,0.79707,0.79716,2.25,2.25
2017.09.18 15:03:30.818,0.79708,0.79717,2.81,1.57
2017.09.18 15:03:31.890,0.79708,0.79717,3.00,1.00
2017.09.18 15:03:32.399,0.79708,0.79716,1.00,1.00
2017.09.18 15:03:33.206,0.79708,0.79717,2.25,2.25
2017.09.18 15:03:34.155,0.79708,0.79717,3.00,3.75
2017.09.18 15:03:35.176,0.79708,0.79718,6.37,2.70
2017.09.18 15:03:35.791,0.79708,0.79718,6.56,1.95
2017.09.18 15:03:36.407,0.79708,0.79718,6.37,1.20
2017.09.18 15:03:36.459,0.79712,0.79719,1.00,3.64
2017.09.18 15:03:36.968,0.79712,0.79718,1.00,1.07
2017.09.18 15:03:37.677,0.7971,0.79718,1.00,2.32
2017.09.18 15:03:38.986,0.79712,0.79719,1.00,2.51
2017.09.18 15:03:39.190,0.79711,0.7972,1.00,1.20
2017.09.18 15:03:39.714,0.79712,0.7972,1.00,1.10
2017.09.18 15:03:40.875,0.79712,0.79722,1.00,6.64
2017.09.18 15:03:41.418,0.79712,0.79721,1.00,1.39
2017.09.18 15:03:41.927,0.79712,0.79721,1.00,1.01
2017.09.18 15:03:42.029,0.79714,0.79722,1.12,2.51
2017.09.18 15:03:42.568,0.79714,0.79722,1.12,1.00
2017.09.18 15:03:43.109,0.79714,0.79721,1.12,1.00
2017.09.18 15:03:43.161,0.79714,0.79724,1.50,4.01
2017.09.18 15:03:43.569,0.79714,0.79721,1.00,1.00
2017.09.18 15:03:44.761,0.79713,0.79721,1.12,2.44
2017.09.18 15:03:45.068,0.79711,0.79718,2.25,1.00
2017.09.18 15:03:46.048,0.79714,0.79718,1.00,1.00
2017.09.18 15:03:46.100,0.79713,0.7972,1.87,1.00
2017.09.18 15:03:46.151,0.79713,0.79722,5.81,1.31
2017.09.18 15:03:46.258,0.79717,0.79726,6.56,1.69
2017.09.18 15:03:46.461,0.79719,0.79727,1.12,1.00
2017.09.18 15:03:47.195,0.79719,0.79726,3.75,1.00
2017.09.18 15:03:47.613,0.79718,0.79726,3.19,1.12
2017.09.18 15:03:48.122,0.79717,0.79722,1.12,1.00
2017.09.18 15:03:48.286,0.79714,0.79721,1.87,1.00
2017.09.18 15:03:48.338,0.79713,0.79718,2.44,1.00
2017.09.18 15:03:48.802,0.7971,0.79717,3.56,1.00
2017.09.18 15:03:49.119,0.79708,0.79716,1.37,1.00
2017.09.18 15:03:49.171,0.79707,0.79714,2.44,1.00
2017.09.18 15:03:49.324,0.79703,0.79709,1.12,1.00
2017.09.18 15:03:49.848,0.79701,0.79708,1.69,1.00
2017.09.18 15:03:50.825,0.79701,0.79707,1.50,1.00
2017.09.18 15:03:52.349,0.79702,0.79709,1.00,1.00
2017.09.18 15:03:52.938,0.79702,0.79711,1.00,2.89
2017.09.18 15:03:53.458,0.797,0.79707,3.37,1.00
2017.09.18 15:03:53.969,0.79699,0.79706,1.31,1.10
2017.09.18 15:03:54.122,0.79699,0.79706,1.00,1.10
2017.09.18 15:03:54.997,0.79699,0.79705,1.00,1.00
2017.09.18 15:03:55.150,0.79697,0.79702,2.44,1.00
2017.09.18 15:03:55.370,0.79693,0.797,1.56,1.00
2017.09.18 15:03:55.490,0.79691,0.79699,1.50,1.00
2017.09.18 15:03:56.050,0.79693,0.79702,1.37,2.70
2017.09.18 15:03:56.296,0.79693,0.79701,1.37,2.32
2017.09.18 15:03:56.500,0.79693,0.79703,1.37,6.64
2017.09.18 15:03:57.010,0.79695,0.79704,1.00,4.57
2017.09.18 15:03:57.226,0.79699,0.79705,1.00,1.12
2017.09.18 15:03:57.744,0.79697,0.79706,1.50,1.57
2017.09.18 15:03:58.202,0.79694,0.79702,2.81,1.00
2017.09.18 15:03:58.356,0.79694,0.79702,1.31,5.89
2017.09.18 15:03:58.923,0.79694,0.79702,1.31,3.94
2017.09.18 15:03:59.436,0.79695,0.79703,1.00,1.57
2017.09.18 15:03:59.691,0.79697,0.79704,1.00,1.57
2017.09.18 15:04:00.009,0.797,0.79707,1.00,3.07
2017.09.18 15:04:00.060,0.797,0.79708,1.00,1.31
2017.09.18 15:04:00.112,0.79702,0.79709,1.00,3.19
2017.09.18 15:04:00.366,0.79703,0.79712,1.00,4.95
2017.09.18 15:04:00.672,0.79701,0.79709,1.25,3.00
2017.09.18 15:04:00.978,0.797,0.79707,2.06,1.00
2017.09.18 15:04:01.482,0.797,0.79708,1.12,1.50
2017.09.18 15:04:02.094,0.797,0.79707,1.12,1.00
2017.09.18 15:04:02.455,0.79698,0.79706,1.12,1.00
2017.09.18 15:04:03.083,0.79698,0.79707,1.87,1.00
2017.09.18 15:04:03.134,0.79701,0.79708,1.00,1.10
2017.09.18 15:04:03.724,0.797,0.79708,1.00,2.32
2017.09.18 15:04:04.273,0.79699,0.79708,2.44,1.50
2017.09.18 15:04:04.807,0.79701,0.79709,1.00,4.88
2017.09.18 15:04:05.358,0.79701,0.79706,1.00,1.25
2017.09.18 15:04:05.932,0.79701,0.79707,1.00,1.00
2017.09.18 15:04:06.394,0.797,0.79709,1.00,7.69
2017.09.18 15:04:06.922,0.797,0.79708,1.00,1.50
2017.09.18 15:04:07.407,0.797,0.79706,1.00,1.00
2017.09.18 15:04:07.796,0.79698,0.79705,1.00,1.50
2017.09.18 15:04:07.847,0.79696,0.79705,1.31,3.00
2017.09.18 15:04:07.899,0.79698,0.79705,1.00,1.50
2017.09.18 15:04:08.400,0.79697,0.79705,1.00,1.57
2017.09.18 15:04:09.127,0.79697,0.79704,1.00,1.50
2017.09.18 15:04:09.775,0.79696,0.79704,1.12,1.76
2017.09.18 15:04:10.374,0.79694,0.79704,2.89,1.50
2017.09.18 15:04:11.013,0.79696,0.79704,1.00,1.37
2017.09.18 15:04:11.077,0.79698,0.79706,1.12,2.44
2017.09.18 15:04:11.230,0.797,0.79707,1.00,1.00
2017.09.18 15:04:11.580,0.79702,0.79709,1.00,3.45
2017.09.18 15:04:12.141,0.79702,0.79709,1.00,3.37
2017.09.18 15:04:12.447,0.79696,0.79704,1.37,1.87
2017.09.18 15:04:13.015,0.79695,0.79705,1.37,2.70
2017.09.18 15:04:13.546,0.79696,0.79705,1.12,3.64
2017.09.18 15:04:14.080,0.79695,0.79704,1.37,1.50
2017.09.18 15:04:14.539,0.79695,0.79702,1.12,1.50
2017.09.18 15:04:14.867,0.79694,0.79702,1.12,2.32
2017.09.18 15:04:15.176,0.79692,0.797,2.06,1.57
2017.09.18 15:04:15.695,0.79692,0.797,1.00,1.07
2017.09.18 15:04:16.200,0.79692,0.797,1.00,1.10
2017.09.18 15:04:16.712,0.79692,0.79702,1.00,3.56
2017.09.18 15:04:17.231,0.79692,0.79701,1.44,1.87
2017.09.18 15:04:17.752,0.79692,0.79701,1.00,1.87
2017.09.18 15:04:18.785,0.79691,0.79701,3.37,1.50
2017.09.18 15:04:19.293,0.79691,0.797,1.12,1.50
2017.09.18 15:04:19.800,0.79692,0.79701,1.25,1.50
2017.09.18 15:04:19.903,0.79699,0.79703,1.00,1.57
2017.09.18 15:04:20.160,0.79699,0.79709,1.25,4.95
2017.09.18 15:04:20.314,0.79699,0.79708,1.00,1.20
2017.09.18 15:04:20.469,0.79699,0.79706,1.00,1.57
2017.09.18 15:04:20.521,0.79695,0.79704,1.50,4.31
2017.09.18 15:04:20.573,0.79693,0.79702,1.12,1.57
2017.09.18 15:04:21.110,0.79692,0.79702,1.00,3.07
2017.09.18 15:04:21.415,0.79696,0.79704,1.00,1.76
2017.09.18 15:04:21.929,0.79697,0.79704,1.00,1.20
2017.09.18 15:04:22.235,0.79699,0.79706,1.00,1.31
2017.09.18 15:04:22.876,0.797,0.79706,1.00,1.25
2017.09.18 15:04:22.978,0.79698,0.79706,1.00,1.39
2017.09.18 15:04:23.536,0.797,0.79707,1.00,1.76
2017.09.18 15:04:24.037,0.79697,0.79705,1.69,1.00
2017.09.18 15:04:24.088,0.79699,0.79706,1.00,2.32
2017.09.18 15:04:24.624,0.797,0.79706,1.00,1.00
2017.09.18 15:04:27.398,0.797,0.79708,1.00,3.26
2017.09.18 15:04:28.703,0.797,0.79707,1.00,1.07
2017.09.18 15:04:28.913,0.797,0.79708,1.00,1.10
2017.09.18 15:04:29.016,0.797,0.79708,1.00,2.32
2017.09.18 15:04:29.171,0.79697,0.79706,3.19,4.87
2017.09.18 15:04:29.223,0.79696,0.79704,1.56,2.25
2017.09.18 15:04:29.635,0.79698,0.79706,1.00,1.20
2017.09.18 15:04:30.203,0.79698,0.79708,1.12,4.57
2017.09.18 15:04:30.892,0.79699,0.79708,1.00,2.32
2017.09.18 15:04:32.418,0.79699,0.79707,1.00,1.07
2017.09.18 15:04:33.041,0.79699,0.79708,1.00,4.95
2017.09.18 15:04:34.187,0.79699,0.79708,1.88,1.45
2017.09.18 15:04:34.725,0.79699,0.79709,1.87,3.82
2017.09.18 15:04:35.236,0.79699,0.79709,2.25,2.70
2017.09.18 15:04:35.748,0.79699,0.79709,3.37,3.82
2017.09.18 15:04:36.332,0.79699,0.79708,3.00,1.07
2017.09.18 15:04:36.907,0.79699,0.79709,3.00,5.51
2017.09.18 15:04:37.578,0.79699,0.79709,3.94,3.00
2017.09.18 15:04:38.351,0.797,0.79709,1.00,3.38
2017.09.18 15:04:38.859,0.79699,0.79708,1.00,1.00
2017.09.18 15:04:39.952,0.797,0.79709,1.00,2.06
2017.09.18 15:04:40.485,0.797,0.79709,1.00,1.69
2017.09.18 15:04:42.144,0.79701,0.7971,1.00,1.25
2017.09.18 15:04:42.674,0.79702,0.79711,1.00,2.81
2017.09.18 15:04:43.808,0.79702,0.7971,1.50,1.00
2017.09.18 15:04:44.347,0.79702,0.79711,1.00,1.50
2017.09.18 15:04:44.777,0.79702,0.79713,2.63,4.20
2017.09.18 15:04:45.314,0.79702,0.79712,1.00,1.00
2017.09.18 15:04:45.670,0.79707,0.79714,1.50,1.20
2017.09.18 15:04:45.992,0.79711,0.79719,1.12,2.51
2017.09.18 15:04:46.353,0.79713,0.79721,1.00,3.38
2017.09.18 15:04:46.856,0.79712,0.79721,1.00,2.29
2017.09.18 15:04:47.364,0.79712,0.79721,1.00,2.55
2017.09.18 15:04:47.891,0.79712,0.79721,1.00,1.88
2017.09.18 15:04:48.416,0.79712,0.79722,1.12,1.69
2017.09.18 15:04:48.825,0.79714,0.79722,1.00,2.06
2017.09.18 15:04:49.372,0.79714,0.79723,1.00,3.26
2017.09.18 15:04:49.781,0.79714,0.79722,1.00,1.53
2017.09.18 15:04:49.982,0.79714,0.79722,1.00,1.88
2017.09.18 15:04:51.924,0.79714,0.79723,1.00,4.50
2017.09.18 15:04:52.541,0.79714,0.79723,1.00,4.88
2017.09.18 15:04:53.130,0.79714,0.79722,1.00,1.80
2017.09.18 15:04:53.660,0.79714,0.79722,1.00,1.48
2017.09.18 15:04:53.762,0.79712,0.79722,2.25,1.10
2017.09.18 15:04:54.393,0.79712,0.79722,1.00,1.10
2017.09.18 15:04:54.933,0.79712,0.7972,1.00,1.25
2017.09.18 15:04:55.465,0.79712,0.79721,1.69,1.50
2017.09.18 15:04:55.808,0.79711,0.79719,3.75,1.00
2017.09.18 15:04:56.349,0.79712,0.79719,1.00,1.00
2017.09.18 15:04:57.606,0.79711,0.79719,1.31,1.00
2017.09.18 15:04:58.116,0.79711,0.79721,3.56,2.44
2017.09.18 15:04:58.640,0.79712,0.79721,1.12,2.44
2017.09.18 15:04:59.252,0.79711,0.79721,3.07,2.25
2017.09.18 15:05:00.200,0.79711,0.79721,2.14,1.00
2017.09.18 15:05:02.259,0.79711,0.79721,1.62,2.32
2017.09.18 15:05:02.464,0.79708,0.79718,4.31,1.00
2017.09.18 15:05:02.965,0.79709,0.79719,2.62,1.31
2017.09.18 15:05:03.582,0.79709,0.79717,1.00,1.00
2017.09.18 15:05:05.163,0.79708,0.79717,1.00,1.00
2017.09.18 15:05:06.059,0.79708,0.79716,1.00,1.50
2017.09.18 15:05:06.111,0.79705,0.79713,1.12,1.50
2017.09.18 15:05:06.271,0.79702,0.79711,1.69,1.00
2017.09.18 15:05:06.779,0.79702,0.79712,1.31,1.50
2017.09.18 15:05:07.129,0.79701,0.7971,1.19,3.00
2017.09.18 15:05:07.487,0.79705,0.79716,3.75,1.76
2017.09.18 15:05:07.589,0.79708,0.79717,1.20,1.87
2017.09.18 15:05:07.733,0.7971,0.79718,1.00,1.00
2017.09.18 15:05:08.195,0.7971,0.7972,1.87,2.85
2017.09.18 15:05:08.732,0.79711,0.7972,1.00,3.04
2017.09.18 15:05:09.288,0.79711,0.7972,1.00,3.94
2017.09.18 15:05:09.796,0.79711,0.7972,1.00,2.25
2017.09.18 15:05:10.314,0.79711,0.79721,1.00,2.36
2017.09.18 15:05:11.084,0.79711,0.79721,1.00,2.92
2017.09.18 15:05:11.593,0.79709,0.79719,2.32,1.87
2017.09.18 15:05:12.152,0.79708,0.79719,3.45,1.87
2017.09.18 15:05:12.719,0.79708,0.79719,2.89,1.25
2017.09.18 15:05:13.436,0.79708,0.79719,2.44,2.14
2017.09.18 15:05:13.488,0.79708,0.79718,1.62,1.87
2017.09.18 15:05:13.591,0.79708,0.79718,1.25,2.25
2017.09.18 15:05:13.796,0.79709,0.79718,1.87,1.20
2017.09.18 15:05:15.902,0.79707,0.79713,1.69,1.00
2017.09.18 15:05:16.106,0.79704,0.79714,1.62,2.32
2017.09.18 15:05:16.939,0.79703,0.79712,1.87,1.12
2017.09.18 15:05:17.684,0.79705,0.79712,1.00,1.12
2017.09.18 15:05:18.313,0.79703,0.79713,1.47,4.69
2017.09.18 15:05:18.894,0.79703,0.79713,1.10,4.69
2017.09.18 15:05:19.904,0.79704,0.79713,1.00,1.95
2017.09.18 15:05:21.342,0.79706,0.79715,1.00,2.06
2017.09.18 15:05:21.645,0.79709,0.79719,1.00,4.54
2017.09.18 15:05:21.900,0.79711,0.79719,1.00,1.05
2017.09.18 15:05:23.228,0.79711,0.79719,1.00,2.47
2017.09.18 15:05:23.843,0.79711,0.7972,1.00,5.29
2017.09.18 15:05:24.885,0.79708,0.79716,2.51,1.35
2017.09.18 15:05:24.937,0.79705,0.79714,4.57,1.13
2017.09.18 15:05:25.039,0.79705,0.79714,1.12,1.50
2017.09.18 15:05:25.346,0.79709,0.79718,1.00,8.74
2017.09.18 15:05:25.861,0.79709,0.79717,1.00,2.85
2017.09.18 15:05:26.626,0.7971,0.79719,1.00,5.51
2017.09.18 15:05:27.164,0.79711,0.79719,1.00,2.06
2017.09.18 15:05:27.370,0.79711,0.7972,1.00,1.60
2017.09.18 15:05:27.901,0.79712,0.79721,1.00,4.72
2017.09.18 15:05:28.917,0.79712,0.79721,1.00,2.29
2017.09.18 15:05:30.048,0.79712,0.7972,1.12,1.05
2017.09.18 15:05:30.551,0.79713,0.7972,1.00,2.29
2017.09.18 15:05:31.171,0.79713,0.7972,1.00,2.48
2017.09.18 15:05:31.718,0.79713,0.79721,1.00,2.81
2017.09.18 15:05:32.074,0.79713,0.79721,1.00,1.91
2017.09.18 15:05:32.125,0.79713,0.79722,1.00,4.16
2017.09.18 15:05:33.531,0.79714,0.79722,1.00,3.41
2017.09.18 15:05:34.038,0.79714,0.79723,1.00,8.10
2017.09.18 15:05:35.790,0.79714,0.79722,1.12,6.41
2017.09.18 15:05:38.489,0.79714,0.79721,1.00,2.63
2017.09.18 15:05:38.847,0.79711,0.7972,1.62,2.10
2017.09.18 15:05:38.950,0.79711,0.79721,2.14,4.16
2017.09.18 15:05:39.471,0.79711,0.79721,1.20,2.66
2017.09.18 15:05:40.151,0.79711,0.79721,1.87,3.07
2017.09.18 15:05:41.175,0.79712,0.79722,1.00,4.16
2017.09.18 15:05:41.700,0.79712,0.79721,1.00,1.54
2017.09.18 15:05:42.247,0.79712,0.79721,1.00,1.61
2017.09.18 15:05:42.693,0.79714,0.79722,1.00,3.86
2017.09.18 15:05:44.903,0.79714,0.79721,1.00,1.35
2017.09.18 15:05:45.467,0.79714,0.79722,1.00,3.41
2017.09.18 15:05:47.808,0.79714,0.79721,1.00,1.54
2017.09.18 15:05:48.014,0.79711,0.79722,1.50,7.05
2017.09.18 15:05:48.520,0.79711,0.79722,1.00,6.49
2017.09.18 15:05:49.019,0.79711,0.7972,1.50,1.44
2017.09.18 15:05:49.585,0.79712,0.7972,1.00,1.31
2017.09.18 15:05:49.914,0.79712,0.79719,1.00,1.31
2017.09.18 15:05:50.229,0.7971,0.7972,1.69,2.29
2017.09.18 15:05:50.675,0.7971,0.79719,1.69,1.37
2017.09.18 15:05:50.784,0.7971,0.7972,1.69,2.36
2017.09.18 15:05:50.940,0.79706,0.79715,1.37,4.12
2017.09.18 15:05:51.043,0.79704,0.79714,2.44,3.38
2017.09.18 15:05:51.466,0.79704,0.79713,1.50,1.69
2017.09.18 15:05:51.568,0.79707,0.79714,1.00,1.00
2017.09.18 15:05:51.723,0.79708,0.79716,2.44,1.12
2017.09.18 15:05:51.992,0.7971,0.79718,1.00,1.50
2017.09.18 15:05:52.501,0.79709,0.79719,1.12,4.31
2017.09.18 15:05:52.603,0.7971,0.79719,1.00,1.20
2017.09.18 15:05:53.152,0.79709,0.79719,1.87,2.51
2017.09.18 15:05:53.511,0.79711,0.7972,1.00,2.10
2017.09.18 15:05:54.088,0.79711,0.79719,1.00,1.87
2017.09.18 15:05:54.804,0.7971,0.7972,1.37,1.19
2017.09.18 15:05:55.677,0.7971,0.79719,1.57,1.05
2017.09.18 15:05:56.252,0.79711,0.79721,1.00,6.30
2017.09.18 15:05:58.936,0.79712,0.79719,1.00,1.05
2017.09.18 15:06:01.925,0.79712,0.79721,1.20,2.06
2017.09.18 15:06:02.468,0.79714,0.79721,1.10,1.31
2017.09.18 15:06:02.574,0.79714,0.79721,1.10,1.12
2017.09.18 15:06:03.083,0.79714,0.79722,1.00,1.00
2017.09.18 15:06:03.265,0.79714,0.79723,1.95,4.50
2017.09.18 15:06:03.776,0.79717,0.79724,1.19,1.00
2017.09.18 15:06:04.402,0.79718,0.79724,2.51,1.00
2017.09.18 15:06:05.145,0.79718,0.79728,3.45,2.63
2017.09.18 15:06:05.300,0.79722,0.7973,1.00,1.50
2017.09.18 15:06:05.933,0.79723,0.79731,1.00,2.66
2017.09.18 15:06:06.151,0.79721,0.79729,1.12,1.13
2017.09.18 15:06:06.853,0.7972,0.79729,2.14,1.00
2017.09.18 15:06:07.575,0.79719,0.79728,2.44,1.12
2017.09.18 15:06:08.102,0.79721,0.79728,1.00,1.37
2017.09.18 15:06:08.154,0.79721,0.7973,1.50,1.25
2017.09.18 15:06:08.205,0.79723,0.79732,1.00,4.12
2017.09.18 15:06:08.513,0.79723,0.79733,3.07,4.69
2017.09.18 15:06:08.668,0.79724,0.79732,1.10,1.50
2017.09.18 15:06:09.576,0.79724,0.79733,1.07,1.50
2017.09.18 15:06:09.800,0.79728,0.79736,1.00,1.31
2017.09.18 15:06:09.852,0.79728,0.79738,1.10,1.50
2017.09.18 15:06:09.905,0.79732,0.79739,1.00,1.69
2017.09.18 15:06:10.164,0.79732,0.7974,1.00,1.69
2017.09.18 15:06:10.722,0.79732,0.7974,1.00,1.88
2017.09.18 15:06:11.363,0.79732,0.7974,1.00,1.00
2017.09.18 15:06:11.938,0.79732,0.79741,1.00,4.35
2017.09.18 15:06:12.040,0.79729,0.7974,2.14,2.06
2017.09.18 15:06:12.423,0.79729,0.7974,2.89,2.25
2017.09.18 15:06:13.110,0.79729,0.7974,2.14,1.95
2017.09.18 15:06:13.640,0.7973,0.7974,1.25,1.69
2017.09.18 15:06:14.254,0.7973,0.7974,1.25,2.44
2017.09.18 15:06:14.843,0.7973,0.7974,1.25,2.81
2017.09.18 15:06:14.995,0.79732,0.7974,1.00,2.25
2017.09.18 15:06:15.353,0.79732,0.79741,1.00,4.35
2017.09.18 15:06:15.871,0.79732,0.79741,1.00,4.92
2017.09.18 15:06:16.330,0.79732,0.79741,1.00,4.35
2017.09.18 15:06:17.104,0.7973,0.79739,3.26,1.00
2017.09.18 15:06:17.557,0.79727,0.79734,1.12,1.87
2017.09.18 15:06:17.659,0.79725,0.79734,1.25,2.81
2017.09.18 15:06:18.251,0.79724,0.79734,1.00,1.87
2017.09.18 15:06:18.791,0.79724,0.79733,1.49,1.00
2017.09.18 15:06:19.243,0.79722,0.79732,2.14,1.00
2017.09.18 15:06:19.754,0.79723,0.79732,1.00,1.31
2017.09.18 15:06:20.049,0.79721,0.79731,1.31,1.39
2017.09.18 15:06:21.603,0.7972,0.79731,4.12,1.50
2017.09.18 15:06:24.031,0.79721,0.79731,1.01,1.00
2017.09.18 15:06:24.643,0.79721,0.79732,5.14,2.25
2017.09.18 15:06:25.789,0.79721,0.79732,3.07,2.25
2017.09.18 15:06:26.343,0.79722,0.79732,1.00,2.25
2017.09.18 15:06:28.255,0.79723,0.79733,1.87,1.87
2017.09.18 15:06:29.313,0.79723,0.79733,1.50,1.87
2017.09.18 15:06:29.826,0.79724,0.79733,1.00,1.87
2017.09.18 15:06:32.229,0.79724,0.79733,1.00,2.32
2017.09.18 15:06:36.812,0.79724,0.79733,1.00,3.07
2017.09.18 15:06:38.373,0.79724,0.79732,1.00,1.50
2017.09.18 15:06:38.883,0.79724,0.79733,1.00,1.00
2017.09.18 15:06:40.504,0.79725,0.79735,1.00,6.56
2017.09.18 15:06:41.017,0.79725,0.79734,1.00,1.12
2017.09.18 15:06:43.339,0.79726,0.79734,1.00,1.12
2017.09.18 15:06:43.658,0.79733,0.79738,1.50,1.37
2017.09.18 15:06:43.712,0.79733,0.79738,4.12,1.00
2017.09.18 15:06:43.763,0.79735,0.79742,1.00,1.37
2017.09.18 15:06:43.867,0.79736,0.79744,1.00,1.00
2017.09.18 15:06:44.404,0.79735,0.79746,2.32,6.27
2017.09.18 15:06:44.949,0.79736,0.79745,1.00,2.82
2017.09.18 15:06:45.536,0.79735,0.79745,1.50,1.12
2017.09.18 15:06:47.065,0.79737,0.79746,2.62,2.44
2017.09.18 15:06:47.372,0.79741,0.7975,1.00,3.75
2017.09.18 15:06:47.707,0.79745,0.79753,1.00,4.69
2017.09.18 15:06:47.809,0.79745,0.79753,1.00,1.87
2017.09.18 15:06:48.533,0.79745,0.79753,1.00,3.94
2017.09.18 15:06:49.083,0.79744,0.79753,1.00,2.25
2017.09.18 15:06:49.838,0.79744,0.79753,1.10,3.00
2017.09.18 15:06:50.361,0.79744,0.79753,1.00,2.62
2017.09.18 15:06:50.871,0.79744,0.79753,1.00,1.50
2017.09.18 15:06:51.404,0.79744,0.79753,1.50,1.00
2017.09.18 15:06:53.058,0.79744,0.79754,1.00,1.75
2017.09.18 15:06:53.582,0.79744,0.79754,1.00,1.12
2017.09.18 15:06:54.834,0.79743,0.79754,3.56,4.20
2017.09.18 15:06:55.671,0.79743,0.79753,1.69,3.45
2017.09.18 15:06:56.194,0.79743,0.79753,1.69,3.07
2017.09.18 15:06:57.064,0.79743,0.7975,1.69,2.06
2017.09.18 15:06:57.168,0.7974,0.79748,1.12,1.12
2017.09.18 15:06:57.271,0.7974,0.7975,1.25,1.01
2017.09.18 15:06:57.374,0.79741,0.7975,1.00,3.94
2017.09.18 15:06:57.477,0.79741,0.7975,1.00,1.01
2017.09.18 15:06:58.027,0.79741,0.7975,1.00,1.20
2017.09.18 15:06:58.233,0.79741,0.79747,1.00,1.50
2017.09.18 15:06:58.285,0.79737,0.79745,1.00,5.06
2017.09.18 15:06:58.711,0.79735,0.79743,1.00,1.00
2017.09.18 15:07:00.133,0.79735,0.79744,1.00,3.37
2017.09.18 15:07:00.287,0.79734,0.79744,1.00,3.64
2017.09.18 15:07:00.815,0.79733,0.79744,1.25,4.57
2017.09.18 15:07:01.925,0.79732,0.79742,2.81,1.10
2017.09.18 15:07:03.904,0.79732,0.79743,2.44,3.26
2017.09.18 15:07:04.584,0.79732,0.79743,3.19,3.45
2017.09.18 15:07:05.123,0.79733,0.79743,1.00,4.39
2017.09.18 15:07:05.526,0.79731,0.79739,1.19,1.12
2017.09.18 15:07:06.267,0.79731,0.79738,1.19,1.12
2017.09.18 15:07:06.935,0.79731,0.79737,1.19,1.00
2017.09.18 15:07:06.986,0.79728,0.79738,1.87,1.95
2017.09.18 15:07:07.833,0.79729,0.79738,1.12,4.95
2017.09.18 15:07:07.936,0.79731,0.79739,1.00,1.12
2017.09.18 15:07:08.039,0.79731,0.7974,1.00,1.20
2017.09.18 15:07:10.548,0.79733,0.7974,1.44,1.00
2017.09.18 15:07:11.089,0.79732,0.79743,4.12,1.87
2017.09.18 15:07:11.596,0.79732,0.79743,2.44,1.50
2017.09.18 15:07:12.907,0.79732,0.79743,2.32,1.50
2017.09.18 15:07:13.448,0.79733,0.79743,1.00,1.57
2017.09.18 15:07:14.756,0.79733,0.79742,3.19,1.00
2017.09.18 15:07:15.370,0.79733,0.79744,3.94,3.93
2017.09.18 15:07:16.122,0.79733,0.79744,4.95,4.57
2017.09.18 15:07:16.479,0.79733,0.79744,4.76,2.14
2017.09.18 15:07:16.992,0.79733,0.79743,2.44,2.25
2017.09.18 15:07:18.249,0.79733,0.79743,2.44,1.95
2017.09.18 15:07:19.014,0.79735,0.79743,1.00,1.95
2017.09.18 15:07:21.789,0.79737,0.79743,1.00,1.00
2017.09.18 15:07:22.270,0.79737,0.79748,2.32,2.25
2017.09.18 15:07:22.477,0.79741,0.79748,1.00,1.37
2017.09.18 15:07:22.943,0.79737,0.79745,3.64,1.12
2017.09.18 15:07:23.257,0.79737,0.79744,1.00,5.70
2017.09.18 15:07:23.760,0.79737,0.79744,1.00,3.82
2017.09.18 15:07:24.344,0.79737,0.79744,1.00,5.62
2017.09.18 15:07:26.267,0.79737,0.79743,1.00,1.87
2017.09.18 15:07:30.335,0.79737,0.79743,1.00,1.69
2017.09.18 15:07:31.572,0.79737,0.79744,1.00,3.75
2017.09.18 15:07:33.265,0.79736,0.79743,1.25,1.39
2017.09.18 15:07:33.317,0.79734,0.79743,1.00,1.76
2017.09.18 15:07:33.741,0.79736,0.79742,1.00,1.50
2017.09.18 15:07:34.277,0.79736,0.79742,1.00,1.00
2017.09.18 15:07:34.860,0.79735,0.79742,1.00,1.00
2017.09.18 15:07:35.170,0.79737,0.79744,1.00,5.62
2017.09.18 15:07:35.691,0.79737,0.79744,1.00,3.56
2017.09.18 15:07:36.241,0.79737,0.79744,1.00,5.25
2017.09.18 15:07:37.776,0.79732,0.79744,4.76,4.12
2017.09.18 15:07:38.309,0.79732,0.79744,4.76,4.12
2017.09.18 15:07:42.576,0.79735,0.79742,1.00,1.00
2017.09.18 15:07:45.817,0.79735,0.79744,1.00,6.37
2017.09.18 15:07:46.123,0.79737,0.79744,1.00,7.12
2017.09.18 15:07:46.734,0.79737,0.79744,1.00,5.06
2017.09.18 15:07:47.705,0.79738,0.79745,1.00,1.50
2017.09.18 15:07:48.011,0.79744,0.79752,1.00,2.62
2017.09.18 15:07:48.528,0.79745,0.79753,1.00,4.31
2017.09.18 15:07:49.638,0.79745,0.79753,1.00,2.25
2017.09.18 15:07:49.690,0.79746,0.79753,1.00,1.00
2017.09.18 15:07:51.544,0.79746,0.79753,1.00,1.50
2017.09.18 15:07:52.196,0.79746,0.79753,1.00,4.01
2017.09.18 15:07:52.855,0.79745,0.79752,1.00,2.44
2017.09.18 15:07:53.399,0.79746,0.79753,1.00,1.50
2017.09.18 15:07:53.908,0.79747,0.79754,1.00,4.50
2017.09.18 15:07:54.498,0.79746,0.79754,1.00,3.00
2017.09.18 15:07:55.182,0.79747,0.79754,1.00,2.44
2017.09.18 15:07:56.867,0.79747,0.79753,1.00,1.25
2017.09.18 15:07:56.969,0.79744,0.79753,3.75,2.62
2017.09.18 15:07:57.513,0.79745,0.79753,2.44,2.25
2017.09.18 15:07:58.126,0.79746,0.79753,1.00,2.25
2017.09.18 15:07:58.658,0.79745,0.79754,1.00,2.81
2017.09.18 15:07:59.169,0.79746,0.79754,1.00,1.87
2017.09.18 15:07:59.997,0.79745,0.79754,1.50,2.06
2017.09.18 15:08:00.614,0.79746,0.79754,1.00,3.19
2017.09.18 15:08:01.191,0.79746,0.79754,1.00,2.06
2017.09.18 15:08:01.397,0.79746,0.79754,1.00,3.75
2017.09.18 15:08:01.499,0.79745,0.79754,3.75,1.00
2017.09.18 15:08:02.963,0.79745,0.79754,1.00,5.44
2017.09.18 15:08:04.206,0.79744,0.79754,1.00,3.26
2017.09.18 15:08:04.773,0.79743,0.79753,1.95,1.31
2017.09.18 15:08:05.398,0.79743,0.79754,1.01,3.07
2017.09.18 15:08:05.910,0.79744,0.79753,1.00,1.62
2017.09.18 15:08:06.467,0.79743,0.79754,1.76,2.70
2017.09.18 15:08:07.325,0.79744,0.79753,1.00,1.50
2017.09.18 15:08:10.734,0.79743,0.79753,1.01,1.81
2017.09.18 15:08:11.805,0.79744,0.79754,1.00,4.20
2017.09.18 15:08:12.440,0.79743,0.79753,1.76,1.50
2017.09.18 15:08:13.068,0.79744,0.79753,1.00,1.50
2017.09.18 15:08:13.624,0.79743,0.79754,1.01,2.70
2017.09.18 15:08:15.113,0.79743,0.79753,1.10,1.25
2017.09.18 15:08:15.692,0.79743,0.79753,1.10,1.87
2017.09.18 15:08:16.401,0.79743,0.79753,1.10,1.87
2017.09.18 15:08:16.912,0.79743,0.79753,1.10,2.62
2017.09.18 15:08:17.715,0.79743,0.79753,1.10,3.56
2017.09.18 15:08:18.406,0.79743,0.79753,1.00,4.20
2017.09.18 15:08:18.924,0.79742,0.79751,1.01,1.00
2017.09.18 15:08:20.865,0.7974,0.7975,3.26,1.87
2017.09.18 15:08:25.333,0.79741,0.7975,2.51,1.00
2017.09.18 15:08:25.852,0.79741,0.7975,2.14,1.00
2017.09.18 15:08:27.736,0.7974,0.79751,4.20,3.37
2017.09.18 15:08:28.287,0.79741,0.7975,1.10,1.00
2017.09.18 15:08:28.792,0.7974,0.7975,1.12,2.25
2017.09.18 15:08:29.244,0.79738,0.79742,1.12,1.00
2017.09.18 15:08:29.296,0.79735,0.79743,1.39,1.00
2017.09.18 15:08:29.450,0.79732,0.79742,4.39,1.00
2017.09.18 15:08:29.654,0.79734,0.79742,1.00,1.00
2017.09.18 15:08:29.960,0.79739,0.79749,3.45,2.06
2017.09.18 15:08:30.011,0.79739,0.79749,4.20,1.12
2017.09.18 15:08:30.789,0.79741,0.7975,1.00,1.62
2017.09.18 15:08:31.363,0.79741,0.7975,3.82,1.25
2017.09.18 15:08:31.874,0.79741,0.7975,4.95,1.00
2017.09.18 15:08:32.403,0.79742,0.7975,1.00,1.00
2017.09.18 15:08:34.126,0.79741,0.7975,3.82,1.00
2017.09.18 15:08:34.665,0.79741,0.7975,5.70,1.00
2017.09.18 15:08:35.881,0.79741,0.79749,2.51,1.00
2017.09.18 15:08:36.722,0.7974,0.79749,1.00,1.69
2017.09.18 15:08:37.231,0.79739,0.79749,1.50,1.69
2017.09.18 15:08:37.571,0.79739,0.79746,1.12,1.37
2017.09.18 15:08:37.622,0.79736,0.79743,1.00,1.00
2017.09.18 15:08:37.775,0.79734,0.79743,1.00,1.50
2017.09.18 15:08:38.285,0.79733,0.79742,4.76,1.00
2017.09.18 15:08:38.992,0.79733,0.79741,1.50,1.00
2017.09.18 15:08:39.503,0.79732,0.7974,5.89,1.00
2017.09.18 15:08:40.155,0.79732,0.7974,5.18,1.00
2017.09.18 15:08:40.698,0.79732,0.7974,3.75,1.00
2017.09.18 15:08:42.337,0.79735,0.79742,1.25,1.12
2017.09.18 15:08:42.847,0.79734,0.79741,1.88,1.00
2017.09.18 15:08:43.110,0.79733,0.79741,3.56,1.00
2017.09.18 15:08:43.619,0.79733,0.79741,4.31,1.00
2017.09.18 15:08:44.157,0.79732,0.79741,4.95,1.00
2017.09.18 15:08:44.311,0.79734,0.79741,1.37,1.00
2017.09.18 15:08:44.823,0.79735,0.79742,1.87,1.00
2017.09.18 15:08:45.503,0.79736,0.79744,2.06,1.69
2017.09.18 15:08:45.555,0.79739,0.79746,2.06,3.37
2017.09.18 15:08:45.607,0.79739,0.79748,3.07,3.00
2017.09.18 15:08:45.659,0.7974,0.79748,2.14,1.00
2017.09.18 15:08:45.812,0.79741,0.7975,4.01,1.62
2017.09.18 15:08:46.355,0.79741,0.7975,1.95,1.25
2017.09.18 15:08:47.203,0.79741,0.7975,6.82,1.37
2017.09.18 15:08:47.721,0.79741,0.7975,3.83,1.12
2017.09.18 15:08:49.889,0.79741,0.7975,7.69,1.37
2017.09.18 15:08:50.400,0.79742,0.7975,1.57,1.00
2017.09.18 15:08:51.689,0.79744,0.7975,1.00,1.00
2017.09.18 15:08:52.247,0.79743,0.7975,2.62,1.00
2017.09.18 15:08:53.119,0.79744,0.7975,1.50,1.00
2017.09.18 15:08:53.575,0.79744,0.79752,4.37,1.12
2017.09.18 15:08:53.627,0.79749,0.79755,1.00,3.37
2017.09.18 15:08:53.678,0.79747,0.79755,4.87,1.87
2017.09.18 15:08:53.730,0.7975,0.79757,1.10,1.69
2017.09.18 15:08:54.036,0.7975,0.79759,3.45,1.25
2017.09.18 15:08:54.750,0.79749,0.79757,4.00,1.00
2017.09.18 15:08:55.288,0.79749,0.79757,2.62,1.00
2017.09.18 15:08:55.777,0.79749,0.79757,4.20,1.00
2017.09.18 15:08:56.320,0.79749,0.79755,1.50,1.50
2017.09.18 15:08:56.423,0.7975,0.79758,1.20,1.37
2017.09.18 15:08:56.933,0.79749,0.79758,3.26,1.25
2017.09.18 15:08:57.441,0.79749,0.79758,1.01,1.00
2017.09.18 15:08:57.646,0.79751,0.79758,1.00,1.00
2017.09.18 15:08:58.379,0.79751,0.79761,1.10,1.44
2017.09.18 15:09:01.025,0.79751,0.79759,1.76,1.00
2017.09.18 15:09:01.281,0.79749,0.79758,3.45,1.12
2017.09.18 15:09:01.794,0.79749,0.79757,1.44,1.00
2017.09.18 15:09:02.299,0.7975,0.79758,1.00,1.50
2017.09.18 15:09:02.773,0.79749,0.79753,2.25,1.00
2017.09.18 15:09:02.825,0.79746,0.79753,1.50,1.00
2017.09.18 15:09:03.000,0.79745,0.79752,1.12,1.00
2017.09.18 15:09:03.503,0.79743,0.79752,1.95,1.00
2017.09.18 15:09:04.230,0.79743,0.79752,1.10,1.00
2017.09.18 15:09:11.403,0.79743,0.79752,1.37,1.13
2017.09.18 15:09:14.582,0.79742,0.79751,2.32,1.00
2017.09.18 15:09:14.634,0.79742,0.79748,1.12,1.00
2017.09.18 15:09:14.787,0.7974,0.79748,2.14,1.00
2017.09.18 15:09:15.332,0.79741,0.79748,1.00,1.00
2017.09.18 15:09:15.989,0.7974,0.79748,1.00,1.00
2017.09.18 15:09:16.447,0.79739,0.79746,3.19,1.00
2017.09.18 15:09:16.963,0.79739,0.79747,2.06,1.00
2017.09.18 15:09:17.472,0.79739,0.79746,1.69,1.00
2017.09.18 15:09:18.546,0.79738,0.79746,2.14,1.00
2017.09.18 15:09:18.750,0.79739,0.79748,1.69,2.25
2017.09.18 15:09:19.300,0.79738,0.79747,1.76,1.00
2017.09.18 15:09:20.624,0.79737,0.79746,1.31,2.25
2017.09.18 15:09:22.357,0.79738,0.79745,1.00,3.00
2017.09.18 15:09:22.408,0.79736,0.79744,2.06,1.00
2017.09.18 15:09:22.459,0.79736,0.79742,1.69,1.00
2017.09.18 15:09:22.763,0.79734,0.79742,2.62,1.00
2017.09.18 15:09:23.119,0.79732,0.7974,2.17,1.00
2017.09.18 15:09:23.753,0.79731,0.79739,3.56,1.00
2017.09.18 15:09:24.492,0.7973,0.79739,2.06,1.00
2017.09.18 15:09:25.376,0.7973,0.79739,2.25,1.00
2017.09.18 15:09:25.883,0.7973,0.7974,1.12,1.69
2017.09.18 15:09:26.816,0.79731,0.7974,1.88,1.31
2017.09.18 15:09:29.345,0.79731,0.79742,1.88,6.08
2017.09.18 15:09:29.896,0.79732,0.79742,2.25,1.20
2017.09.18 15:09:30.152,0.79731,0.7974,1.69,1.69
2017.09.18 15:09:30.670,0.7973,0.79739,1.50,1.50
2017.09.18 15:09:31.749,0.79731,0.7974,1.00,1.31
2017.09.18 15:09:31.952,0.7973,0.79735,1.50,1.50
2017.09.18 15:09:32.241,0.79725,0.79732,1.87,1.00
2017.09.18 15:09:32.547,0.79723,0.79732,1.00,3.00
2017.09.18 15:09:33.075,0.79723,0.79732,1.00,4.57
2017.09.18 15:09:33.127,0.79724,0.79732,1.37,4.57
2017.09.18 15:09:33.892,0.79724,0.79732,1.37,3.07
2017.09.18 15:09:34.299,0.79723,0.79732,1.37,3.26
2017.09.18 15:09:34.351,0.79722,0.79732,1.00,3.07
2017.09.18 15:09:34.453,0.79724,0.79732,1.00,1.20
2017.09.18 15:09:34.504,0.79722,0.79732,1.25,1.20
2017.09.18 15:09:35.022,0.79723,0.79732,1.00,3.00
2017.09.18 15:09:35.379,0.79721,0.79732,5.29,3.45
2017.09.18 15:09:36.147,0.79721,0.79732,7.35,3.07
2017.09.18 15:09:36.662,0.79722,0.79732,1.19,3.45
2017.09.18 15:09:37.143,0.79721,0.79732,5.10,2.70
2017.09.18 15:09:37.792,0.79721,0.79732,1.31,4.76
2017.09.18 15:09:38.473,0.79722,0.79733,4.69,4.01
2017.09.18 15:09:38.990,0.79722,0.79733,1.95,4.39
2017.09.18 15:09:39.512,0.79722,0.79733,2.62,5.51
2017.09.18 15:09:40.039,0.79722,0.79733,2.25,5.51
2017.09.18 15:09:40.941,0.79722,0.79732,1.00,1.12
2017.09.18 15:09:41.443,0.79722,0.79732,1.69,1.45
2017.09.18 15:09:43.035,0.79721,0.7973,1.00,1.01
2017.09.18 15:09:43.088,0.79724,0.79731,1.00,2.51
2017.09.18 15:09:43.446,0.79721,0.7973,2.25,3.26
2017.09.18 15:09:43.498,0.79721,0.79728,1.00,1.00
2017.09.18 15:09:43.806,0.79723,0.79731,1.00,3.64
2017.09.18 15:09:45.037,0.79722,0.79729,1.00,1.00
2017.09.18 15:09:45.561,0.79722,0.7973,1.00,6.75
2017.09.18 15:09:45.612,0.79722,0.7973,1.00,6.75
2017.09.18 15:09:45.979,0.79722,0.7973,1.00,3.56
2017.09.18 15:09:46.081,0.79722,0.7973,1.00,4.95
2017.09.18 15:09:47.075,0.79721,0.7973,1.00,3.26
2017.09.18 15:09:47.127,0.79721,0.79728,1.00,1.50
2017.09.18 15:09:47.635,0.79721,0.79728,1.00,3.75
2017.09.18 15:09:48.358,0.79721,0.79728,1.00,3.94
2017.09.18 15:09:48.818,0.79716,0.79724,1.00,1.50
2017.09.18 15:09:49.790,0.79717,0.79724,1.00,2.62
2017.09.18 15:09:50.408,0.79717,0.79723,1.00,4.50
2017.09.18 15:09:50.958,0.79716,0.79722,1.00,1.25
2017.09.18 15:09:51.345,0.79718,0.79725,1.00,1.37
2017.09.18 15:09:51.721,0.79722,0.79729,1.00,4.87
2017.09.18 15:09:51.926,0.79724,0.79729,1.00,1.87
2017.09.18 15:09:52.358,0.79724,0.79731,1.00,3.37
2017.09.18 15:09:52.879,0.79724,0.79731,1.00,2.25
2017.09.18 15:09:53.828,0.79725,0.79732,1.00,1.50
2017.09.18 15:09:53.879,0.79727,0.79734,1.00,5.44
2017.09.18 15:09:54.566,0.79726,0.79733,1.00,4.88
2017.09.18 15:09:55.098,0.79726,0.79734,1.00,4.50
2017.09.18 15:09:55.622,0.79726,0.79733,1.00,1.88
2017.09.18 15:09:56.672,0.79726,0.79732,1.00,1.00
2017.09.18 15:09:57.222,0.79726,0.79734,1.00,4.50
2017.09.18 15:09:57.637,0.79724,0.79734,1.12,3.94
2017.09.18 15:09:58.388,0.79724,0.79734,1.95,3.37
2017.09.18 15:09:59.454,0.79724,0.79733,1.12,1.00
2017.09.18 15:10:00.014,0.79724,0.79732,1.87,1.00
2017.09.18 15:10:00.517,0.79724,0.79733,1.31,1.50
2017.09.18 15:10:00.569,0.79726,0.79734,1.00,1.50
2017.09.18 15:10:01.110,0.79725,0.79734,2.62,1.50
2017.09.18 15:10:01.493,0.79725,0.79735,2.62,2.81
2017.09.18 15:10:02.018,0.79725,0.79735,1.12,4.13
2017.09.18 15:10:03.353,0.79725,0.79733,1.12,4.13
2017.09.18 15:10:03.967,0.79725,0.79734,1.00,4.58
2017.09.18 15:10:04.247,0.79724,0.79733,1.87,2.81
2017.09.18 15:10:04.349,0.79724,0.79733,1.87,2.25
2017.09.18 15:10:04.901,0.79723,0.79732,1.76,1.87
2017.09.18 15:10:05.364,0.79725,0.79733,1.87,1.31
2017.09.18 15:10:05.891,0.79725,0.79734,1.87,5.70
2017.09.18 15:10:06.594,0.79725,0.79733,1.00,1.12
2017.09.18 15:10:07.104,0.79726,0.79734,1.00,4.95
2017.09.18 15:10:08.314,0.79726,0.79734,1.12,6.56
2017.09.18 15:10:08.855,0.7973,0.79736,1.12,1.87
2017.09.18 15:10:09.058,0.7973,0.79739,1.50,2.63
2017.09.18 15:10:09.562,0.7973,0.7974,1.50,3.75
2017.09.18 15:10:09.615,0.79732,0.79739,1.00,1.87
2017.09.18 15:10:09.667,0.79728,0.79736,1.12,4.50
2017.09.18 15:10:09.718,0.79727,0.79734,1.00,1.00
2017.09.18 15:10:10.234,0.79727,0.79735,1.00,1.87
2017.09.18 15:10:10.647,0.79729,0.79735,1.00,1.50
2017.09.18 15:10:10.801,0.79729,0.79738,1.00,3.82
2017.09.18 15:10:11.325,0.79729,0.79738,1.00,4.39
2017.09.18 15:10:13.102,0.79729,0.79736,1.00,1.00
2017.09.18 15:10:13.775,0.79726,0.79734,2.25,1.25
2017.09.18 15:10:14.284,0.79726,0.79734,1.50,1.37
2017.09.18 15:10:14.791,0.79725,0.79732,1.00,1.25
2017.09.18 15:10:15.600,0.79725,0.79733,1.00,2.81
2017.09.18 15:10:16.873,0.79725,0.79732,1.00,1.25
2017.09.18 15:10:17.980,0.79725,0.79733,1.00,2.81
2017.09.18 15:10:18.507,0.79725,0.79732,1.00,1.31
2017.09.18 15:10:19.778,0.79725,0.79733,1.00,2.06
2017.09.18 15:10:20.967,0.79725,0.79734,1.00,1.31
2017.09.18 15:10:21.774,0.79724,0.79735,1.57,3.37
2017.09.18 15:10:22.280,0.79725,0.79734,1.50,1.87
2017.09.18 15:10:22.789,0.79724,0.79733,3.00,1.50
2017.09.18 15:10:23.827,0.79724,0.79734,2.25,6.00
2017.09.18 15:10:24.334,0.79724,0.79733,1.69,1.25
2017.09.18 15:10:24.855,0.79724,0.79734,1.50,1.50
2017.09.18 15:10:25.363,0.79724,0.79733,1.50,2.06
2017.09.18 15:10:25.983,0.79724,0.79734,2.25,6.38
2017.09.18 15:10:26.700,0.79724,0.79733,2.25,1.88
2017.09.18 15:10:27.262,0.79724,0.79734,2.25,3.94
2017.09.18 15:10:27.770,0.79724,0.79733,1.50,1.88
2017.09.18 15:10:28.275,0.79724,0.79734,1.50,4.69
2017.09.18 15:10:28.876,0.79725,0.79734,1.50,2.89
2017.09.18 15:10:29.385,0.79725,0.79734,1.50,1.31
2017.09.18 15:10:29.960,0.79725,0.79734,1.50,1.69
2017.09.18 15:10:31.265,0.79725,0.79734,1.50,2.81
2017.09.18 15:10:32.148,0.79725,0.79733,1.00,1.69
2017.09.18 15:10:32.662,0.79725,0.79734,1.00,4.20
2017.09.18 15:10:33.176,0.79725,0.79733,1.00,1.25
2017.09.18 15:10:33.772,0.79725,0.79734,1.00,1.95
2017.09.18 15:10:35.498,0.79725,0.79734,1.00,3.45
2017.09.18 15:10:41.481,0.79725,0.79734,1.00,4.50
2017.09.18 15:10:42.071,0.79725,0.79733,1.00,2.25
2017.09.18 15:10:42.622,0.79725,0.79733,1.00,2.63
2017.09.18 15:10:42.777,0.79723,0.79732,1.50,2.81
2017.09.18 15:10:44.039,0.79723,0.79733,1.12,4.76
2017.09.18 15:10:44.243,0.79725,0.79733,1.00,2.06
2017.09.18 15:10:44.890,0.79725,0.79734,1.00,5.33
2017.09.18 15:10:47.621,0.79725,0.79734,1.00,2.70
2017.09.18 15:10:48.549,0.79725,0.79733,1.00,1.50
2017.09.18 15:10:50.112,0.79725,0.79734,1.00,7.58
2017.09.18 15:10:50.762,0.79725,0.79733,1.00,3.00
2017.09.18 15:10:52.379,0.79725,0.79733,1.00,2.81
2017.09.18 15:10:52.919,0.79725,0.79732,1.00,2.44
2017.09.18 15:10:53.453,0.79725,0.79733,1.00,3.94
2017.09.18 15:10:54.548,0.79725,0.79732,1.00,1.13
2017.09.18 15:10:55.208,0.79725,0.79733,1.00,3.19
2017.09.18 15:10:56.347,0.79725,0.79732,1.00,1.13
2017.09.18 15:10:56.399,0.79723,0.79732,2.62,1.13
2017.09.18 15:11:02.173,0.79723,0.79733,3.45,5.06
2017.09.18 15:11:02.721,0.79723,0.79732,3.37,4.50
2017.09.18 15:11:08.699,0.79723,0.79733,3.45,3.56
2017.09.18 15:11:09.270,0.79723,0.79733,3.45,3.94
2017.09.18 15:11:09.805,0.79723,0.79733,2.62,3.56
2017.09.18 15:11:10.316,0.79723,0.79733,2.62,3.19
2017.09.18 15:11:10.846,0.79723,0.79734,2.62,5.44
2017.09.18 15:11:11.392,0.79724,0.79733,1.00,2.25
2017.09.18 15:11:12.499,0.79723,0.79734,2.62,6.00
2017.09.18 15:11:13.011,0.79723,0.79733,2.62,5.06
2017.09.18 15:11:13.646,0.79724,0.79732,1.00,1.00
2017.09.18 15:11:15.497,0.79724,0.79733,1.12,2.62
2017.09.18 15:11:16.158,0.79723,0.79733,1.87,3.83
2017.09.18 15:11:17.960,0.79723,0.79733,1.87,2.89
2017.09.18 15:11:18.476,0.79723,0.79733,1.87,4.01
2017.09.18 15:11:18.981,0.79723,0.79733,1.87,3.83
2017.09.18 15:11:19.571,0.79723,0.79733,1.95,4.12
2017.09.18 15:11:20.111,0.79723,0.79733,1.87,1.88
2017.09.18 15:11:20.651,0.79723,0.79733,2.62,3.56
2017.09.18 15:11:21.293,0.79723,0.79733,1.87,1.88
2017.09.18 15:11:21.951,0.79724,0.79733,1.00,1.88
2017.09.18 15:11:23.354,0.79724,0.79733,1.00,3.56
2017.09.18 15:11:24.565,0.79724,0.79733,1.00,2.25
2017.09.18 15:11:25.080,0.79724,0.79733,1.00,5.44
2017.09.18 15:11:25.531,0.79726,0.79733,1.00,1.50
2017.09.18 15:11:26.129,0.79726,0.79734,2.25,1.00
2017.09.18 15:11:26.701,0.79726,0.79735,2.25,3.00
2017.09.18 15:11:27.031,0.79729,0.79736,1.00,4.69
2017.09.18 15:11:27.135,0.7973,0.79738,1.00,3.37
2017.09.18 15:11:27.289,0.79728,0.79736,1.00,8.44
2017.09.18 15:11:27.831,0.79727,0.79734,1.00,2.06
2017.09.18 15:11:34.020,0.79727,0.79735,1.00,4.69
2017.09.18 15:11:34.563,0.79727,0.79734,1.00,1.87
2017.09.18 15:11:35.722,0.79726,0.79734,1.00,2.25
2017.09.18 15:11:40.142,0.79724,0.79732,1.12,1.25
2017.09.18 15:11:40.947,0.79723,0.79731,1.12,1.12
2017.09.18 15:11:41.305,0.79721,0.79729,1.31,1.12
2017.09.18 15:11:41.828,0.79719,0.79729,3.37,2.06
2017.09.18 15:11:42.135,0.79717,0.79724,1.10,1.69
2017.09.18 15:11:42.510,0.79716,0.79724,1.00,4.69
2017.09.18 15:11:43.981,0.79716,0.79724,1.00,3.94
2017.09.18 15:11:45.060,0.79716,0.79724,1.00,1.69
2017.09.18 15:11:46.506,0.79716,0.79724,1.00,3.38
2017.09.18 15:11:46.951,0.7972,0.79726,1.00,2.44
2017.09.18 15:11:47.056,0.7972,0.79727,1.00,3.56
2017.09.18 15:11:47.483,0.79716,0.79721,1.50,1.00
2017.09.18 15:11:47.662,0.79714,0.79721,1.00,1.25
2017.09.18 15:11:48.572,0.79714,0.79722,1.00,1.13
2017.09.18 15:11:50.531,0.79714,0.79722,1.00,2.44
2017.09.18 15:11:51.034,0.79714,0.79723,1.00,3.75
2017.09.18 15:11:51.539,0.79714,0.79722,1.00,1.19
2017.09.18 15:11:52.304,0.79714,0.79722,1.00,1.25
2017.09.18 15:11:52.894,0.79714,0.79723,1.00,6.00
2017.09.18 15:11:53.047,0.79714,0.79722,1.00,1.19
2017.09.18 15:11:53.350,0.79713,0.79717,1.00,1.87
2017.09.18 15:11:53.502,0.79713,0.79718,1.00,1.87
2017.09.18 15:11:53.554,0.79708,0.79716,1.50,2.25
2017.09.18 15:11:53.656,0.79713,0.7972,1.00,3.94
2017.09.18 15:11:53.809,0.79714,0.79721,1.00,1.87
2017.09.18 15:11:54.715,0.79711,0.79718,1.10,1.25
2017.09.18 15:11:55.059,0.79714,0.79721,1.00,1.31
2017.09.18 15:11:55.368,0.79712,0.79719,1.00,1.00
2017.09.18 15:11:55.875,0.79713,0.79719,1.00,2.44
2017.09.18 15:11:56.385,0.79713,0.79718,1.00,1.25
2017.09.18 15:11:56.894,0.79713,0.79719,1.00,1.50
2017.09.18 15:11:57.405,0.79713,0.7972,1.00,5.25
2017.09.18 15:11:57.793,0.79713,0.79718,1.00,1.00
2017.09.18 15:11:57.997,0.79713,0.7972,1.00,2.44
2017.09.18 15:11:58.507,0.79713,0.79719,1.00,2.25
2017.09.18 15:11:59.253,0.79713,0.7972,1.00,2.25
2017.09.18 15:12:00.354,0.79715,0.79721,1.00,3.94
2017.09.18 15:12:01.070,0.79715,0.7972,1.00,1.50
2017.09.18 15:12:01.595,0.79715,0.79721,1.00,3.19
2017.09.18 15:12:02.121,0.79716,0.79723,1.00,1.56
2017.09.18 15:12:02.479,0.79716,0.79724,1.00,3.38
2017.09.18 15:12:03.004,0.79717,0.79724,1.00,1.88
2017.09.18 15:12:03.454,0.79721,0.79725,1.00,1.50
2017.09.18 15:12:03.506,0.79723,0.79728,1.00,1.69
2017.09.18 15:12:03.558,0.79719,0.79727,1.95,1.87
2017.09.18 15:12:03.609,0.79718,0.79725,2.32,1.50
2017.09.18 15:12:03.661,0.79716,0.79724,1.50,2.06
2017.09.18 15:12:04.078,0.79715,0.79724,1.00,2.25
2017.09.18 15:12:04.181,0.79715,0.79724,1.00,1.76
2017.09.18 15:12:04.704,0.79715,0.79724,1.00,2.70
2017.09.18 15:12:05.296,0.79715,0.79723,1.00,1.20
2017.09.18 15:12:05.704,0.79717,0.79723,1.00,1.37
2017.09.18 15:12:05.857,0.79717,0.79723,1.00,1.50
2017.09.18 15:12:06.389,0.79718,0.79724,1.00,1.12
2017.09.18 15:12:06.492,0.79718,0.79726,1.00,2.44
2017.09.18 15:12:06.595,0.79716,0.79725,1.10,3.75
2017.09.18 15:12:07.157,0.79716,0.79725,1.00,11.70
2017.09.18 15:12:07.700,0.79716,0.79724,1.00,1.50
2017.09.18 15:12:08.047,0.79718,0.79724,1.00,1.31
2017.09.18 15:12:08.355,0.7972,0.79727,1.00,1.31
2017.09.18 15:12:08.407,0.7972,0.79728,1.00,2.81
2017.09.18 15:12:08.509,0.79722,0.79729,1.00,1.87
2017.09.18 15:12:09.060,0.79723,0.79729,1.00,1.69
2017.09.18 15:12:09.579,0.79724,0.7973,1.00,2.25
2017.09.18 15:12:10.108,0.79724,0.79729,1.00,1.25
2017.09.18 15:12:10.160,0.79724,0.79731,1.00,3.37
2017.09.18 15:12:11.225,0.79725,0.79731,1.00,2.62
2017.09.18 15:12:11.726,0.79724,0.79729,1.00,1.50
2017.09.18 15:12:11.879,0.79722,0.79729,1.00,1.00
2017.09.18 15:12:12.744,0.79722,0.7973,1.00,1.87
2017.09.18 15:12:13.103,0.79722,0.79729,1.00,2.44
2017.09.18 15:12:13.409,0.79724,0.79729,1.00,2.44
2017.09.18 15:12:13.945,0.79724,0.79729,1.00,1.50
2017.09.18 15:12:14.505,0.79725,0.7973,1.00,2.62
2017.09.18 15:12:14.710,0.79723,0.79729,1.00,1.00
2017.09.18 15:12:15.508,0.79723,0.79729,1.00,1.19
2017.09.18 15:12:16.181,0.79723,0.79729,1.00,1.00
2017.09.18 15:12:16.683,0.79723,0.7973,1.00,2.44
2017.09.18 15:12:17.006,0.79724,0.79729,1.00,1.19
2017.09.18 15:12:17.565,0.79724,0.7973,1.00,1.87
2017.09.18 15:12:17.792,0.79722,0.79728,1.00,1.00
2017.09.18 15:12:18.512,0.79722,0.79728,1.00,1.69
2017.09.18 15:12:19.033,0.79722,0.79729,1.00,2.14
2017.09.18 15:12:19.364,0.7972,0.79725,1.00,1.69
2017.09.18 15:12:19.415,0.79717,0.79726,1.00,5.33
2017.09.18 15:12:19.517,0.79716,0.79725,1.00,5.33
2017.09.18 15:12:20.596,0.79718,0.79724,1.00,1.00
2017.09.18 15:12:21.107,0.79718,0.79726,1.00,1.31
2017.09.18 15:12:21.639,0.79719,0.79727,1.00,3.45
2017.09.18 15:12:22.506,0.79719,0.79726,1.00,1.32
2017.09.18 15:12:23.027,0.79717,0.79725,1.00,1.95
2017.09.18 15:12:23.545,0.79717,0.79726,1.00,6.26
2017.09.18 15:12:24.231,0.79717,0.79726,1.19,2.33
2017.09.18 15:12:24.700,0.7972,0.79726,1.00,2.70
2017.09.18 15:12:25.237,0.79721,0.79728,1.00,4.20
2017.09.18 15:12:25.545,0.79723,0.79727,1.00,1.50
2017.09.18 15:12:25.597,0.79723,0.79729,1.00,2.51
2017.09.18 15:12:26.108,0.79722,0.7973,1.00,2.89
2017.09.18 15:12:26.609,0.79724,0.79729,1.00,1.95
2017.09.18 15:12:26.711,0.79724,0.79731,1.00,3.26
2017.09.18 15:12:26.978,0.79724,0.7973,1.00,1.19
2017.09.18 15:12:27.451,0.79724,0.79731,1.00,3.64
2017.09.18 15:12:27.862,0.79724,0.7973,1.00,1.29
2017.09.18 15:12:28.385,0.79724,0.79731,1.00,2.89
2017.09.18 15:12:28.907,0.79723,0.79731,1.00,3.64
2017.09.18 15:12:30.351,0.79721,0.7973,3.00,1.44
2017.09.18 15:12:31.021,0.79721,0.79731,3.37,3.64
2017.09.18 15:12:32.105,0.79721,0.79729,1.00,3.94
2017.09.18 15:12:32.156,0.79721,0.79728,1.00,1.19
2017.09.18 15:12:32.615,0.79721,0.7973,1.00,4.01
2017.09.18 15:12:33.618,0.79721,0.7973,1.00,3.26
2017.09.18 15:12:35.404,0.79721,0.79731,1.00,1.20
2017.09.18 15:12:35.910,0.79721,0.79731,1.87,1.58
2017.09.18 15:12:36.431,0.79721,0.79732,1.87,6.08
2017.09.18 15:12:36.980,0.79721,0.79732,1.87,4.76
2017.09.18 15:12:39.400,0.79722,0.79732,2.62,1.57
2017.09.18 15:12:39.902,0.79723,0.79732,1.12,2.14
2017.09.18 15:12:40.702,0.79723,0.79732,1.12,4.76
2017.09.18 15:12:41.252,0.79723,0.79731,1.00,1.25
2017.09.18 15:12:41.818,0.79723,0.79731,1.00,1.19
2017.09.18 15:12:42.452,0.79723,0.79732,1.00,4.01
2017.09.18 15:12:42.706,0.79723,0.7973,1.00,1.19
2017.09.18 15:12:42.859,0.7972,0.79727,1.69,1.00
2017.09.18 15:12:43.385,0.79719,0.79728,2.06,1.00
2017.09.18 15:12:44.245,0.79719,0.79728,2.06,1.44
2017.09.18 15:12:44.465,0.79714,0.79721,1.00,1.00
2017.09.18 15:12:45.670,0.79714,0.79719,1.00,1.00
2017.09.18 15:12:45.722,0.79714,0.79721,1.00,1.00
2017.09.18 15:12:45.927,0.79713,0.79719,1.12,1.00
2017.09.18 15:12:46.615,0.79714,0.79719,1.00,1.00
2017.09.18 15:12:46.966,0.79712,0.79719,3.37,1.00
2017.09.18 15:12:47.519,0.79713,0.79719,1.00,1.00
2017.09.18 15:12:47.859,0.79711,0.79719,1.87,1.00
2017.09.18 15:12:48.258,0.7971,0.79717,1.50,1.00
2017.09.18 15:12:52.184,0.79709,0.79716,1.50,1.00
2017.09.18 15:12:52.771,0.79709,0.79717,1.00,3.19
2017.09.18 15:12:53.244,0.79708,0.79713,1.00,1.00
2017.09.18 15:12:53.759,0.79707,0.79714,4.72,1.00
2017.09.18 15:12:54.793,0.79705,0.79713,1.50,1.00
2017.09.18 15:12:55.099,0.79704,0.7971,1.37,1.00
2017.09.18 15:12:55.927,0.79704,0.7971,1.00,1.00
2017.09.18 15:12:56.606,0.79703,0.7971,3.19,1.00
2017.09.18 15:12:57.131,0.79703,0.7971,2.81,1.00
2017.09.18 15:12:58.170,0.79703,0.79713,2.06,1.57
2017.09.18 15:12:58.807,0.79703,0.79713,1.31,1.00
2017.09.18 15:12:59.475,0.79703,0.79713,2.44,1.00
2017.09.18 15:12:59.947,0.79706,0.79713,1.00,1.00
2017.09.18 15:13:00.141,0.79706,0.79716,1.87,1.39
2017.09.18 15:13:00.649,0.79707,0.79716,2.25,1.00
2017.09.18 15:13:02.076,0.79707,0.79713,1.50,1.00
2017.09.18 15:13:02.381,0.79704,0.79713,4.31,1.00
2017.09.18 15:13:02.933,0.79704,0.79712,2.06,1.00
2017.09.18 15:13:04.666,0.79705,0.79715,2.81,1.76
2017.09.18 15:13:05.341,0.79706,0.79715,2.62,1.00
2017.09.18 15:13:05.443,0.79707,0.79717,4.12,1.10
2017.09.18 15:13:05.691,0.79709,0.79718,1.12,1.39
2017.09.18 15:13:06.200,0.7971,0.79718,1.12,1.25
2017.09.18 15:13:08.076,0.79712,0.79718,1.00,1.00
2017.09.18 15:13:08.432,0.79713,0.7972,1.00,1.12
2017.09.18 15:13:09.048,0.79714,0.79721,1.00,1.12
2017.09.18 15:13:10.254,0.79712,0.79721,1.12,1.00
2017.09.18 15:13:11.054,0.79712,0.7972,1.12,1.00
2017.09.18 15:13:11.564,0.79711,0.7972,1.31,1.00
2017.09.18 15:13:12.342,0.79712,0.79721,1.00,3.26
2017.09.18 15:13:12.647,0.79711,0.79717,1.62,2.44
2017.09.18 15:13:12.699,0.79708,0.79718,1.57,3.00
2017.09.18 15:13:12.750,0.79707,0.79715,2.06,1.50
2017.09.18 15:13:13.064,0.79709,0.79718,1.12,4.39
2017.09.18 15:13:13.609,0.79709,0.79718,1.12,3.64
2017.09.18 15:13:13.926,0.79705,0.79715,1.31,4.69
2017.09.18 15:13:14.255,0.79707,0.79715,1.00,2.14
2017.09.18 15:13:14.764,0.79706,0.79714,1.00,1.50
2017.09.18 15:13:15.965,0.79706,0.79715,1.37,5.25
2017.09.18 15:13:16.373,0.79709,0.79716,1.00,1.69
2017.09.18 15:13:16.628,0.79707,0.79716,1.50,1.25
2017.09.18 15:13:16.781,0.79705,0.79714,3.00,1.25
2017.09.18 15:13:17.329,0.79706,0.79716,1.87,1.19
2017.09.18 15:13:18.035,0.79706,0.79716,1.37,1.69
2017.09.18 15:13:19.934,0.79709,0.79717,1.00,3.56
2017.09.18 15:13:21.685,0.7971,0.79717,1.12,1.31
2017.09.18 15:13:21.788,0.79711,0.79719,1.00,3.00
2017.09.18 15:13:25.088,0.79712,0.79719,1.00,1.25
2017.09.18 15:13:25.612,0.79711,0.79719,2.14,1.25
2017.09.18 15:13:26.305,0.79711,0.79721,2.70,1.12
2017.09.18 15:13:26.807,0.79712,0.79722,1.00,4.20
2017.09.18 15:13:27.390,0.79712,0.7972,1.25,1.25
2017.09.18 15:13:28.729,0.79713,0.7972,1.00,1.25
2017.09.18 15:13:29.543,0.79713,0.79721,1.00,1.12
2017.09.18 15:13:30.054,0.79714,0.79723,3.64,1.19
2017.09.18 15:13:31.212,0.79714,0.79723,1.31,1.44
2017.09.18 15:13:31.730,0.79714,0.79722,5.14,1.12
2017.09.18 15:13:35.613,0.79714,0.79724,5.14,1.69
2017.09.18 15:13:36.903,0.79714,0.79722,6.19,1.12
2017.09.18 15:13:40.759,0.79719,0.79726,1.00,1.50
2017.09.18 15:13:41.100,0.79723,0.79729,2.62,1.00
2017.09.18 15:13:41.254,0.79723,0.79733,2.70,3.19
2017.09.18 15:13:41.305,0.79726,0.79733,1.00,3.19
2017.09.18 15:13:41.560,0.7973,0.79738,1.12,1.69
2017.09.18 15:13:41.664,0.7973,0.79734,1.00,1.12
2017.09.18 15:13:42.201,0.79729,0.79735,1.10,1.37
2017.09.18 15:13:42.354,0.79727,0.79732,1.00,1.87
2017.09.18 15:13:42.507,0.79724,0.79732,1.20,1.00
2017.09.18 15:13:42.783,0.79724,0.79734,2.32,1.50
2017.09.18 15:13:45.860,0.79725,0.79734,3.00,1.69
2017.09.18 15:13:46.732,0.79725,0.79734,2.89,1.25
2017.09.18 15:13:47.719,0.79725,0.79733,1.12,1.00
2017.09.18 15:13:48.233,0.79725,0.79735,1.12,3.56
2017.09.18 15:13:48.779,0.79725,0.79733,1.57,1.00
2017.09.18 15:13:49.743,0.79725,0.79734,2.32,1.69
2017.09.18 15:13:50.052,0.79725,0.79733,1.10,1.44
2017.09.18 15:13:50.103,0.79725,0.79734,1.10,1.88
2017.09.18 15:13:50.155,0.79725,0.79733,1.95,1.25
2017.09.18 15:13:50.702,0.79725,0.79734,2.70,1.88
2017.09.18 15:13:51.722,0.79725,0.79734,1.57,1.25
2017.09.18 15:13:52.229,0.79725,0.79733,1.62,1.00
2017.09.18 15:13:52.759,0.79725,0.79734,1.37,1.69
2017.09.18 15:13:53.397,0.79725,0.79733,1.62,1.00
2017.09.18 15:13:53.732,0.79731,0.79737,1.00,2.44
2017.09.18 15:13:54.410,0.79731,0.79738,1.00,1.87
2017.09.18 15:13:54.966,0.79732,0.79737,1.00,1.25
2017.09.18 15:13:55.357,0.79732,0.79739,1.00,4.69
2017.09.18 15:13:55.560,0.79732,0.79737,1.00,1.25
2017.09.18 15:13:56.097,0.79732,0.79738,1.00,1.00
2017.09.18 15:13:56.325,0.79732,0.7974,1.00,1.50
2017.09.18 15:13:56.428,0.79731,0.79737,1.20,1.00
2017.09.18 15:13:56.632,0.79731,0.79739,1.00,2.44
2017.09.18 15:13:57.371,0.79731,0.79738,1.00,1.00
2017.09.18 15:13:57.872,0.79731,0.79739,1.50,1.00
2017.09.18 15:13:58.702,0.79732,0.79739,1.00,1.50
2017.09.18 15:13:59.229,0.79732,0.7974,1.00,1.25
2017.09.18 15:13:59.433,0.79734,0.7974,1.00,1.00
2017.09.18 15:13:59.535,0.79735,0.79743,1.00,1.31
2017.09.18 15:14:00.058,0.79732,0.79738,5.51,2.82
2017.09.18 15:14:00.211,0.79727,0.79736,1.87,2.44
2017.09.18 15:14:00.313,0.79727,0.79735,1.00,1.69
2017.09.18 15:14:00.955,0.79725,0.79734,2.89,1.12
2017.09.18 15:14:01.467,0.79725,0.79735,2.70,1.00
2017.09.18 15:14:01.858,0.79729,0.79735,1.12,2.25
2017.09.18 15:14:01.910,0.79726,0.79734,1.00,1.00
2017.09.18 15:14:04.520,0.79726,0.79734,1.12,2.62
2017.09.18 15:14:05.971,0.79729,0.79734,1.00,1.37
2017.09.18 15:14:06.094,0.79731,0.79737,1.00,1.19
2017.09.18 15:14:06.145,0.79728,0.79737,1.50,2.81
2017.09.18 15:14:10.294,0.7973,0.79738,1.00,1.58
2017.09.18 15:14:10.396,0.7973,0.79738,1.10,1.00
2017.09.18 15:14:10.908,0.7973,0.79739,1.00,1.12
2017.09.18 15:14:11.329,0.79729,0.79737,1.25,1.00
2017.09.18 15:14:11.863,0.7973,0.79738,1.10,1.00
2017.09.18 15:14:12.474,0.79731,0.79739,1.00,1.25
2017.09.18 15:14:12.984,0.79731,0.79738,1.00,1.00
2017.09.18 15:14:13.508,0.79731,0.79739,1.00,1.25
2017.09.18 15:14:14.162,0.79731,0.7974,1.00,1.87
2017.09.18 15:14:14.698,0.79731,0.79739,1.00,1.25
2017.09.18 15:14:15.567,0.7973,0.79738,2.62,1.00
2017.09.18 15:14:16.232,0.7973,0.79739,1.95,1.31
2017.09.18 15:14:16.894,0.7973,0.79738,1.47,1.00
2017.09.18 15:14:17.439,0.79731,0.79739,1.20,1.31
2017.09.18 15:14:19.257,0.79732,0.7974,1.00,1.69
2017.09.18 15:14:19.309,0.79733,0.79741,1.00,4.31
2017.09.18 15:14:19.859,0.79734,0.79742,1.00,1.69
2017.09.18 15:14:20.378,0.79733,0.79741,2.62,1.00
2017.09.18 15:14:21.073,0.79733,0.79742,2.62,1.00
2017.09.18 15:14:21.578,0.79733,0.79741,2.62,1.00
2017.09.18 15:14:22.051,0.79735,0.79742,1.00,1.00
2017.09.18 15:14:22.401,0.79736,0.79744,5.14,1.00
2017.09.18 15:14:22.962,0.79736,0.79745,1.01,1.12
2017.09.18 15:14:23.350,0.79735,0.79743,4.76,1.00
2017.09.18 15:14:24.035,0.79735,0.79744,3.07,1.50
2017.09.18 15:14:24.623,0.79735,0.79743,3.07,1.00
2017.09.18 15:14:25.143,0.79735,0.79743,1.87,1.00
2017.09.18 15:14:25.700,0.79735,0.79744,1.20,1.12
2017.09.18 15:14:26.249,0.79735,0.79743,1.20,1.00
2017.09.18 15:14:28.251,0.79735,0.79744,1.20,1.12
2017.09.18 15:14:30.008,0.79735,0.79743,1.10,1.25
2017.09.18 15:14:31.258,0.79735,0.79744,1.20,1.31
2017.09.18 15:14:32.108,0.79735,0.79743,1.20,1.25
2017.09.18 15:14:33.284,0.79735,0.79744,1.20,1.31
2017.09.18 15:14:34.019,0.79735,0.79743,1.87,1.25
2017.09.18 15:14:35.363,0.79737,0.79743,1.00,1.25
2017.09.18 15:14:36.528,0.79737,0.79744,1.00,1.31
2017.09.18 15:14:37.384,0.79737,0.79743,1.00,1.25
2017.09.18 15:14:38.197,0.79737,0.79744,1.00,2.06
2017.09.18 15:14:39.923,0.79737,0.79743,1.00,1.25
2017.09.18 15:14:40.383,0.79737,0.79745,1.00,2.44
2017.09.18 15:14:40.694,0.79738,0.79747,1.95,1.50
2017.09.18 15:14:40.746,0.79738,0.79745,1.01,1.50
2017.09.18 15:14:41.303,0.79737,0.79745,1.00,3.00
2017.09.18 15:14:41.861,0.79737,0.79744,1.12,1.00
2017.09.18 15:14:42.397,0.79737,0.79745,1.50,1.00
2017.09.18 15:14:42.903,0.79737,0.79745,1.12,4.13
2017.09.18 15:14:43.973,0.79736,0.79742,1.50,1.00
2017.09.18 15:14:44.279,0.79735,0.7974,1.25,1.00
2017.09.18 15:14:44.534,0.79735,0.79743,1.25,1.50
2017.09.18 15:14:45.042,0.79736,0.79743,1.00,3.75
2017.09.18 15:14:45.093,0.79736,0.7974,1.00,1.00
2017.09.18 15:14:45.297,0.79735,0.79743,1.69,1.50
2017.09.18 15:14:45.451,0.79737,0.79745,1.00,1.50
2017.09.18 15:14:45.953,0.79736,0.79744,1.50,1.25
2017.09.18 15:14:46.608,0.79736,0.79745,1.00,2.44
2017.09.18 15:14:47.140,0.79736,0.79743,1.50,1.50
2017.09.18 15:14:48.112,0.79736,0.79744,1.50,6.26
2017.09.18 15:14:48.519,0.79736,0.79743,1.00,1.27
2017.09.18 15:14:49.048,0.79736,0.79744,1.00,3.97
2017.09.18 15:14:49.696,0.79736,0.79743,1.00,1.65
2017.09.18 15:14:50.157,0.79733,0.79737,2.25,2.25
2017.09.18 15:14:50.464,0.79731,0.79735,2.62,1.00
2017.09.18 15:14:50.567,0.79725,0.79732,1.12,1.00
2017.09.18 15:14:51.740,0.79724,0.79732,1.20,1.00
2017.09.18 15:14:52.251,0.79723,0.79731,1.25,1.00
2017.09.18 15:14:52.302,0.79723,0.79728,1.25,1.00
2017.09.18 15:14:52.354,0.79722,0.7973,2.25,1.00
2017.09.18 15:14:57.326,0.79723,0.7973,1.36,1.00
2017.09.18 15:14:57.872,0.79722,0.7973,3.00,1.00
2017.09.18 15:14:59.450,0.79723,0.7973,2.17,1.00
2017.09.18 15:15:00.060,0.79726,0.79734,1.61,1.00
2017.09.18 15:15:00.305,0.79727,0.79736,3.37,1.00
2017.09.18 15:15:01.517,0.79729,0.79736,1.00,1.00
2017.09.18 15:15:01.657,0.79727,0.79736,1.00,4.87
2017.09.18 15:15:01.708,0.79724,0.79733,7.93,1.00
2017.09.18 15:15:02.165,0.79725,0.79731,2.23,1.00
2017.09.18 15:15:02.618,0.79726,0.79733,1.22,1.00
2017.09.18 15:15:02.670,0.79726,0.79734,1.54,1.00
2017.09.18 15:15:02.772,0.79728,0.79736,1.00,1.12
2017.09.18 15:15:03.301,0.79728,0.79736,4.31,1.00
2017.09.18 15:15:04.855,0.79729,0.79736,1.76,1.00
2017.09.18 15:15:05.481,0.79729,0.79736,1.31,1.00
2017.09.18 15:15:05.533,0.79726,0.79733,3.19,1.00
2017.09.18 15:15:05.839,0.79727,0.79733,3.07,1.00
2017.09.18 15:15:06.247,0.79726,0.79734,3.80,1.00
2017.09.18 15:15:06.491,0.79727,0.79736,4.18,1.00
2017.09.18 15:15:06.542,0.79729,0.79737,2.70,1.00
2017.09.18 15:15:07.056,0.79729,0.79737,6.82,1.00
2017.09.18 15:15:07.813,0.79728,0.79737,2.32,1.00
2017.09.18 15:15:08.337,0.79728,0.79737,4.57,1.00
2017.09.18 15:15:08.645,0.79727,0.79732,1.31,1.00
2017.09.18 15:15:08.848,0.79724,0.79732,2.44,1.00
2017.09.18 15:15:15.400,0.79725,0.79733,2.06,1.00
2017.09.18 15:15:20.005,0.79724,0.79732,1.66,1.00
2017.09.18 15:15:26.728,0.79724,0.79732,2.51,1.00
2017.09.18 15:15:28.520,0.79727,0.79736,1.00,5.14
2017.09.18 15:15:28.572,0.79729,0.79738,1.00,3.56
2017.09.18 15:15:29.083,0.79728,0.79738,1.31,1.00
2017.09.18 15:15:29.932,0.79728,0.79738,1.62,1.01
2017.09.18 15:15:30.449,0.79729,0.79739,1.37,2.44
2017.09.18 15:15:30.963,0.79731,0.7974,3.94,1.10
2017.09.18 15:15:33.180,0.79731,0.7974,4.31,1.00
2017.09.18 15:15:33.282,0.79731,0.79742,4.50,1.12
2017.09.18 15:15:33.944,0.79732,0.79743,1.37,6.26
2017.09.18 15:15:34.504,0.79733,0.79743,2.06,1.69
2017.09.18 15:15:35.713,0.79735,0.79743,1.50,1.00
2017.09.18 15:15:36.023,0.79738,0.79744,1.00,1.25
2017.09.18 15:15:36.126,0.7974,0.79748,1.69,4.69
2017.09.18 15:15:36.575,0.79738,0.79746,1.12,2.25
2017.09.18 15:15:37.084,0.79738,0.79749,1.95,5.62
2017.09.18 15:15:37.246,0.79739,0.7975,4.57,2.62
2017.09.18 15:15:37.755,0.79741,0.79751,1.95,2.44
2017.09.18 15:15:37.970,0.79741,0.79751,1.50,1.00
2017.09.18 15:15:38.490,0.79742,0.79751,1.10,2.06
2017.09.18 15:15:40.547,0.79743,0.79751,1.00,1.00
2017.09.18 15:15:40.870,0.79744,0.79753,1.00,1.00
2017.09.18 15:15:41.479,0.79744,0.79754,3.00,1.69
2017.09.18 15:15:42.598,0.79743,0.7975,2.62,1.00
2017.09.18 15:15:42.907,0.79741,0.7975,1.69,1.00
2017.09.18 15:15:43.528,0.79742,0.79751,1.00,3.00
2017.09.18 15:15:44.043,0.79742,0.7975,1.00,1.25
2017.09.18 15:15:44.198,0.79744,0.79751,1.00,1.87
2017.09.18 15:15:46.474,0.79744,0.7975,1.00,1.25
2017.09.18 15:15:47.290,0.79744,0.79752,1.00,1.95
2017.09.18 15:15:47.836,0.79744,0.79753,1.50,1.25
2017.09.18 15:15:48.453,0.79745,0.79754,1.00,4.13
2017.09.18 15:15:48.987,0.79745,0.79754,1.00,3.00
2017.09.18 15:15:49.498,0.79746,0.79754,1.12,1.00
2017.09.18 15:15:49.550,0.79748,0.79755,1.00,2.89
2017.09.18 15:15:49.835,0.79751,0.7976,1.10,4.50
2017.09.18 15:15:49.990,0.79747,0.79755,4.87,2.25
2017.09.18 15:15:50.093,0.79747,0.79754,1.87,1.31
2017.09.18 15:15:50.594,0.79746,0.79752,1.00,1.25
2017.09.18 15:15:51.052,0.79744,0.79749,1.00,1.00
2017.09.18 15:15:51.104,0.79741,0.79749,2.89,1.00
2017.09.18 15:15:51.206,0.79741,0.79746,1.01,1.00
2017.09.18 15:15:51.366,0.79739,0.79745,1.00,1.25
2017.09.18 15:15:51.622,0.7974,0.79747,1.00,1.25
2017.09.18 15:15:52.204,0.7974,0.79749,1.10,4.50
2017.09.18 15:15:52.631,0.79738,0.79746,2.51,1.69
2017.09.18 15:15:52.733,0.79736,0.79744,3.00,1.13
2017.09.18 15:15:52.988,0.79736,0.79743,1.50,1.44
2017.09.18 15:15:53.040,0.79736,0.79744,1.50,1.13
2017.09.18 15:15:53.846,0.79736,0.79743,1.00,1.13
2017.09.18 15:15:54.367,0.79736,0.79743,1.00,1.44
2017.09.18 15:15:54.629,0.79736,0.79744,1.00,2.62
2017.09.18 15:15:55.134,0.79736,0.79744,1.00,2.63
2017.09.18 15:15:55.705,0.79736,0.79743,1.00,2.06
2017.09.18 15:15:56.222,0.79736,0.79744,1.00,5.51
2017.09.18 15:15:56.768,0.79736,0.79743,1.00,1.88
2017.09.18 15:15:57.278,0.79736,0.79744,1.00,3.63
2017.09.18 15:15:57.950,0.79736,0.79744,1.00,4.57
2017.09.18 15:15:58.001,0.79736,0.79743,1.00,1.43
2017.09.18 15:15:58.053,0.79736,0.79744,1.00,2.88
2017.09.18 15:15:58.715,0.79736,0.79743,1.00,1.00
2017.09.18 15:15:59.506,0.79735,0.79743,1.00,4.12
2017.09.18 15:15:59.558,0.79734,0.7974,1.00,1.00
2017.09.18 15:15:59.610,0.79732,0.79739,2.14,1.50
2017.09.18 15:16:00.152,0.79731,0.7974,1.57,1.50
2017.09.18 15:16:00.412,0.79729,0.79737,1.57,3.94
2017.09.18 15:16:00.590,0.79725,0.79733,3.19,1.00
2017.09.18 15:16:01.100,0.79724,0.79734,3.00,1.10
2017.09.18 15:16:02.135,0.79724,0.79734,3.75,1.10
2017.09.18 15:16:02.659,0.79724,0.79734,1.87,1.20
2017.09.18 15:16:03.174,0.79724,0.79734,2.44,1.10
2017.09.18 15:16:03.225,0.79724,0.79732,1.69,1.00
2017.09.18 15:16:03.886,0.79724,0.79732,3.19,1.00
2017.09.18 15:16:04.497,0.79724,0.79732,1.69,1.00
2017.09.18 15:16:06.471,0.79724,0.79732,6.37,1.00
2017.09.18 15:16:06.573,0.79726,0.79735,4.69,1.00
2017.09.18 15:16:06.624,0.79726,0.79733,1.00,1.00
2017.09.18 15:16:07.131,0.79725,0.79732,1.00,1.00
2017.09.18 15:16:09.675,0.79724,0.79732,3.19,1.00
2017.09.18 15:16:11.427,0.79724,0.79732,6.00,1.00
2017.09.18 15:16:12.233,0.79726,0.79732,1.25,1.00
2017.09.18 15:16:12.386,0.79726,0.79735,2.62,1.10
2017.09.18 15:16:12.591,0.79725,0.79734,5.81,1.12
2017.09.18 15:16:13.236,0.79726,0.79734,1.00,1.12
2017.09.18 15:16:13.751,0.79725,0.79734,1.50,1.87
2017.09.18 15:16:13.955,0.79727,0.79735,2.25,1.87
2017.09.18 15:16:14.058,0.79731,0.79742,2.70,3.19
2017.09.18 15:16:14.211,0.79735,0.79742,1.25,1.00
2017.09.18 15:16:14.313,0.79736,0.79744,1.01,1.12
2017.09.18 15:16:14.831,0.79735,0.79745,5.25,3.75
2017.09.18 15:16:15.413,0.79735,0.79745,3.00,1.87
2017.09.18 15:16:15.961,0.79738,0.79746,1.10,1.00
2017.09.18 15:16:16.114,0.79735,0.79745,1.31,2.25
2017.09.18 15:16:16.609,0.79739,0.79745,1.00,1.00
2017.09.18 15:16:16.660,0.79739,0.79748,1.50,2.25
2017.09.18 15:16:16.763,0.79738,0.79746,3.64,1.00
2017.09.18 15:16:17.212,0.79737,0.79744,2.06,1.00
2017.09.18 15:16:17.365,0.79734,0.79742,4.95,1.00
2017.09.18 15:16:17.876,0.79734,0.79743,2.89,1.87
2017.09.18 15:16:18.403,0.79734,0.79742,2.89,1.00
2017.09.18 15:16:20.108,0.79734,0.79743,2.14,1.87
2017.09.18 15:16:20.893,0.79734,0.79742,1.95,1.00
2017.09.18 15:16:21.047,0.79736,0.79744,2.70,1.50
2017.09.18 15:16:21.404,0.79737,0.79744,1.19,1.00
2017.09.18 15:16:22.076,0.79737,0.79744,1.10,1.00
2017.09.18 15:16:22.872,0.79736,0.79745,5.81,1.00
2017.09.18 15:16:24.639,0.79736,0.79744,6.19,1.00
2017.09.18 15:16:24.741,0.79739,0.79748,2.14,1.87
2017.09.18 15:16:25.148,0.79741,0.7975,1.20,1.12
2017.09.18 15:16:25.740,0.79741,0.7975,3.07,1.50
2017.09.18 15:16:26.275,0.79741,0.7975,2.51,1.00
2017.09.18 15:16:27.515,0.79741,0.79749,2.14,1.00
2017.09.18 15:16:28.048,0.79741,0.79748,1.95,1.00
2017.09.18 15:16:29.097,0.79741,0.79749,1.10,1.50
2017.09.18 15:16:29.691,0.79741,0.7975,1.07,1.12
2017.09.18 15:16:29.999,0.79736,0.79746,7.57,4.12
2017.09.18 15:16:30.154,0.79737,0.79748,8.55,1.12
2017.09.18 15:16:30.308,0.79741,0.79749,1.00,1.00
2017.09.18 15:16:30.851,0.7974,0.79748,1.10,1.00
2017.09.18 15:16:31.757,0.7974,0.79747,1.10,1.00
2017.09.18 15:16:32.417,0.7974,0.79748,1.10,1.00
2017.09.18 15:16:33.200,0.79739,0.79745,1.57,1.50
2017.09.18 15:16:33.302,0.79737,0.79745,1.57,1.12
2017.09.18 15:16:33.787,0.79738,0.79746,1.37,1.12
2017.09.18 15:16:34.296,0.79738,0.79747,2.14,1.50
2017.09.18 15:16:34.835,0.79737,0.79746,6.82,1.00
2017.09.18 15:16:35.258,0.79737,0.79745,2.32,1.87
2017.09.18 15:16:35.411,0.79736,0.79743,5.51,1.00
2017.09.18 15:16:36.430,0.79736,0.79744,3.82,1.87
2017.09.18 15:16:37.864,0.79736,0.79744,2.14,1.00
2017.09.18 15:16:40.191,0.79738,0.79745,1.12,1.00
2017.09.18 15:16:40.844,0.79738,0.79744,1.12,1.00
2017.09.18 15:16:41.685,0.79738,0.79745,1.12,2.25
2017.09.18 15:16:42.260,0.79738,0.79744,1.12,1.00
2017.09.18 15:16:42.509,0.79738,0.79746,1.37,1.00
2017.09.18 15:16:42.612,0.79741,0.79746,1.00,2.25
2017.09.18 15:16:42.663,0.7974,0.79748,1.00,1.13
2017.09.18 15:16:42.716,0.79742,0.79748,1.00,2.44
2017.09.18 15:16:42.964,0.79743,0.7975,1.00,3.75
2017.09.18 15:16:43.320,0.79745,0.79752,1.00,2.81
2017.09.18 15:16:43.473,0.79746,0.79754,1.50,1.25
2017.09.18 15:16:44.471,0.79746,0.79753,1.00,1.00
2017.09.18 15:16:45.412,0.79746,0.79754,1.00,1.25
2017.09.18 15:16:46.403,0.79746,0.79753,1.00,1.00
2017.09.18 15:16:46.975,0.79746,0.79754,1.00,1.50
2017.09.18 15:16:49.318,0.79746,0.79753,1.00,1.00
2017.09.18 15:16:50.382,0.79746,0.79754,1.00,1.00
2017.09.18 15:16:51.650,0.79749,0.79754,1.00,1.00
2017.09.18 15:16:51.803,0.79747,0.79754,2.70,1.00
2017.09.18 15:16:52.322,0.79746,0.79754,1.12,1.00
2017.09.18 15:16:53.075,0.79746,0.79755,1.12,2.25
2017.09.18 15:16:53.786,0.79746,0.79754,1.87,1.00
2017.09.18 15:16:54.374,0.79746,0.79755,1.50,1.00
2017.09.18 15:16:55.327,0.79748,0.79756,1.87,1.87
2017.09.18 15:16:56.109,0.79748,0.79755,1.87,1.50
2017.09.18 15:16:56.797,0.79748,0.79756,1.50,3.00
2017.09.18 15:16:57.340,0.79746,0.79755,1.95,3.56
2017.09.18 15:16:57.955,0.79746,0.79755,1.50,1.87
2017.09.18 15:16:58.869,0.79746,0.79754,1.57,1.00
2017.09.18 15:16:59.508,0.79746,0.79755,1.12,3.94
2017.09.18 15:17:00.148,0.79746,0.79754,1.20,1.00
2017.09.18 15:17:00.773,0.79747,0.79755,1.12,1.12
2017.09.18 15:17:01.284,0.79747,0.79754,1.12,1.00
2017.09.18 15:17:01.799,0.79747,0.79755,1.12,1.12
2017.09.18 15:17:02.384,0.79747,0.79754,1.12,1.00
2017.09.18 15:17:02.999,0.79746,0.79755,2.04,1.87
2017.09.18 15:17:03.517,0.79746,0.79754,1.50,1.00
2017.09.18 15:17:04.049,0.79746,0.79755,1.50,1.87
2017.09.18 15:17:04.358,0.79752,0.79761,1.22,2.25
2017.09.18 15:17:04.410,0.79753,0.79763,1.50,5.70
2017.09.18 15:17:05.046,0.79753,0.79761,1.00,1.37
2017.09.18 15:17:07.171,0.79752,0.79756,1.25,2.25
2017.09.18 15:17:07.330,0.79747,0.79756,1.12,1.00
2017.09.18 15:17:07.940,0.79746,0.79755,2.25,1.50
2017.09.18 15:17:08.575,0.79746,0.79756,3.37,3.75
2017.09.18 15:17:09.111,0.79746,0.79754,1.50,1.50
2017.09.18 15:17:09.794,0.79745,0.79756,6.00,4.95
2017.09.18 15:17:10.101,0.79747,0.79756,1.12,1.50
2017.09.18 15:17:10.632,0.79747,0.79757,1.12,3.37
2017.09.18 15:17:11.416,0.79747,0.79756,1.31,1.50
2017.09.18 15:17:12.359,0.79747,0.79757,1.31,4.50
2017.09.18 15:17:12.666,0.79746,0.79754,1.00,1.00
2017.09.18 15:17:13.208,0.79746,0.79755,1.00,4.69
2017.09.18 15:17:13.921,0.79744,0.79755,4.39,4.69
2017.09.18 15:17:14.225,0.79746,0.79755,2.81,2.62
2017.09.18 15:17:14.746,0.79745,0.79754,2.44,1.00
2017.09.18 15:17:15.279,0.79745,0.79755,2.06,1.20
2017.09.18 15:17:15.816,0.79745,0.79754,3.19,1.00
2017.09.18 15:17:16.366,0.79745,0.79755,3.19,3.37
2017.09.18 15:17:16.901,0.79745,0.79754,3.19,1.00
2017.09.18 15:17:17.156,0.79751,0.7976,1.12,2.32
2017.09.18 15:17:17.578,0.79753,0.7976,1.00,1.00
2017.09.18 15:17:17.928,0.79749,0.7976,4.76,1.50
2017.09.18 15:17:18.032,0.79748,0.79755,6.64,1.00
2017.09.18 15:17:18.134,0.79747,0.79755,1.69,3.00
2017.09.18 15:17:18.185,0.79746,0.79753,2.51,1.00
2017.09.18 15:17:18.238,0.79745,0.79753,3.19,1.00
2017.09.18 15:17:18.745,0.79745,0.79754,1.12,1.00
2017.09.18 15:17:20.650,0.79752,0.79759,1.00,2.25
2017.09.18 15:17:20.753,0.79751,0.7976,1.00,1.69
2017.09.18 15:17:20.969,0.79753,0.79761,1.00,1.00
2017.09.18 15:17:21.122,0.79754,0.79763,1.12,1.57
2017.09.18 15:17:21.428,0.79754,0.79761,1.12,1.25
2017.09.18 15:17:21.948,0.79754,0.79762,1.00,1.50
2017.09.18 15:17:22.503,0.79753,0.79763,1.00,2.06
2017.09.18 15:17:23.192,0.79753,0.79762,1.00,1.00
2017.09.18 15:17:23.851,0.79753,0.79761,1.00,1.50
2017.09.18 15:17:24.366,0.79752,0.7976,2.89,1.00
2017.09.18 15:17:24.881,0.79752,0.79761,2.81,1.00
2017.09.18 15:17:25.383,0.79753,0.79762,1.69,1.12
2017.09.18 15:17:25.893,0.79754,0.79761,1.00,1.00
2017.09.18 15:17:26.394,0.79754,0.79762,1.00,1.50
2017.09.18 15:17:26.911,0.79754,0.79763,3.45,1.00
2017.09.18 15:17:27.428,0.79754,0.79764,4.39,2.25
2017.09.18 15:17:28.348,0.79754,0.79764,1.87,1.50
2017.09.18 15:17:28.656,0.79747,0.79754,1.00,1.50
2017.09.18 15:17:29.025,0.79746,0.79752,1.00,1.00
2017.09.18 15:17:30.866,0.79744,0.79752,1.31,1.00
2017.09.18 15:17:33.960,0.79743,0.79752,6.30,1.00
2017.09.18 15:17:35.627,0.79743,0.79752,7.05,1.00
2017.09.18 15:17:36.184,0.79743,0.79752,6.30,1.00
2017.09.18 15:17:36.713,0.79743,0.79752,6.86,1.00
2017.09.18 15:17:37.255,0.79744,0.79752,1.69,1.00
2017.09.18 15:17:38.491,0.79744,0.79752,2.06,1.00
2017.09.18 15:17:39.150,0.79744,0.79752,5.25,1.00
2017.09.18 15:17:39.600,0.79749,0.79753,1.00,1.00
2017.09.18 15:17:39.653,0.79746,0.79754,2.79,1.00
2017.09.18 15:17:39.858,0.79747,0.79756,3.37,1.00
2017.09.18 15:17:40.420,0.79747,0.79757,4.10,2.44
2017.09.18 15:17:40.879,0.79747,0.79755,2.70,1.00
2017.09.18 15:17:41.479,0.79747,0.79755,1.55,1.00
2017.09.18 15:17:41.781,0.79744,0.79751,2.06,1.00
2017.09.18 15:17:42.327,0.79744,0.79751,5.04,1.00
2017.09.18 15:17:42.838,0.79744,0.79751,2.04,1.00
2017.09.18 15:17:43.093,0.79744,0.79754,1.12,3.56
2017.09.18 15:17:45.995,0.79744,0.79754,1.29,2.89
2017.09.18 15:17:46.661,0.79743,0.79754,5.86,3.64
2017.09.18 15:17:47.323,0.79744,0.79754,1.29,3.26
2017.09.18 15:17:47.840,0.79743,0.79754,5.49,3.19
2017.09.18 15:17:49.048,0.79743,0.79754,4.74,1.76
2017.09.18 15:17:49.568,0.79744,0.79754,1.25,3.08
2017.09.18 15:17:50.831,0.79743,0.79751,1.10,1.00
2017.09.18 15:17:51.034,0.79743,0.79753,1.12,4.39
2017.09.18 15:17:51.549,0.79743,0.79753,1.25,6.19
2017.09.18 15:17:52.099,0.79743,0.79751,1.50,1.00
2017.09.18 15:17:54.179,0.79741,0.79746,1.12,1.00
2017.09.18 15:17:54.234,0.79739,0.79745,1.87,1.00
2017.09.18 15:17:54.336,0.79735,0.79744,4.87,1.50
2017.09.18 15:17:54.490,0.79735,0.79743,1.50,1.00
2017.09.18 15:17:54.993,0.79736,0.79743,1.00,1.00
2017.09.18 15:17:56.035,0.79734,0.79743,1.57,1.00
2017.09.18 15:17:57.114,0.79734,0.79743,3.64,1.00
2017.09.18 15:17:57.625,0.79734,0.79743,2.70,1.00
2017.09.18 15:17:58.775,0.79733,0.79741,1.12,1.00
2017.09.18 15:17:58.877,0.7973,0.79739,1.20,1.69
2017.09.18 15:17:59.034,0.79729,0.79735,1.95,1.00
2017.09.18 15:17:59.085,0.79726,0.79733,1.12,1.00
2017.09.18 15:17:59.137,0.79725,0.7973,1.10,1.00
2017.09.18 15:17:59.444,0.79722,0.7973,8.74,1.00
2017.09.18 15:17:59.993,0.79722,0.7973,9.94,1.00
2017.09.18 15:18:00.654,0.79723,0.7973,1.00,1.00
2017.09.18 15:18:01.524,0.79723,0.79729,3.00,1.00
2017.09.18 15:18:02.039,0.79723,0.79732,1.69,1.00
2017.09.18 15:18:02.142,0.79723,0.7973,3.75,1.00
2017.09.18 15:18:02.450,0.7973,0.79736,1.50,3.56
2017.09.18 15:18:02.656,0.79732,0.79739,1.00,1.00
2017.09.18 15:18:03.802,0.79734,0.79742,1.00,1.19
2017.09.18 15:18:04.318,0.79734,0.79743,1.12,2.25
2017.09.18 15:18:05.606,0.79735,0.79743,1.00,4.39
2017.09.18 15:18:08.421,0.79736,0.79743,1.00,2.62
2017.09.18 15:18:10.827,0.79736,0.79744,1.00,3.26
2017.09.18 15:18:11.464,0.79736,0.79745,1.25,3.75
2017.09.18 15:18:12.001,0.79736,0.79744,1.50,1.00
2017.09.18 15:18:12.697,0.79736,0.79745,1.50,1.87
2017.09.18 15:18:13.396,0.79736,0.79744,1.00,1.00
2017.09.18 15:18:14.099,0.79736,0.79745,1.00,6.00
2017.09.18 15:18:14.673,0.79735,0.79744,1.00,2.62
2017.09.18 15:18:15.188,0.79735,0.79743,1.00,2.25
2017.09.18 15:18:15.729,0.79735,0.79744,1.00,2.25
2017.09.18 15:18:16.242,0.79736,0.79744,1.25,1.00
2017.09.18 15:18:18.904,0.79737,0.79744,1.00,1.00
2017.09.18 15:18:19.128,0.79737,0.79746,1.50,2.81
2017.09.18 15:18:19.637,0.79736,0.79746,1.87,5.06
2017.09.18 15:18:20.152,0.79737,0.79745,1.00,1.50
2017.09.18 15:18:20.700,0.79737,0.79746,1.00,5.81
2017.09.18 15:18:20.805,0.7974,0.79748,1.00,6.26
2017.09.18 15:18:20.909,0.79741,0.79749,1.00,1.69
2017.09.18 15:18:21.180,0.79743,0.79749,1.00,3.00
2017.09.18 15:18:21.385,0.79741,0.79749,1.00,2.25
2017.09.18 15:18:21.748,0.79738,0.79746,1.95,3.75
2017.09.18 15:18:22.296,0.79737,0.79746,1.00,4.39
2017.09.18 15:18:22.807,0.79737,0.79745,1.00,1.50
2017.09.18 15:18:23.443,0.79737,0.79744,1.00,1.50
2017.09.18 15:18:24.558,0.79735,0.79742,1.00,1.00
2017.09.18 15:18:25.481,0.79735,0.79743,1.00,1.00
2017.09.18 15:18:26.123,0.79735,0.79742,1.00,1.00
2017.09.18 15:18:27.070,0.79735,0.79744,1.00,4.20
2017.09.18 15:18:27.225,0.79734,0.79741,1.00,1.00
2017.09.18 15:18:27.740,0.79734,0.79742,1.00,1.12
2017.09.18 15:18:28.250,0.79735,0.79742,1.00,1.00
2017.09.18 15:18:28.839,0.79735,0.79743,1.00,2.44
2017.09.18 15:18:29.265,0.79735,0.79741,1.00,1.00
2017.09.18 15:18:29.858,0.79735,0.79742,1.00,1.00
2017.09.18 15:18:30.457,0.79735,0.79743,1.00,3.94
2017.09.18 15:18:31.196,0.79736,0.79742,1.00,1.00
2017.09.18 15:18:31.705,0.79736,0.79743,1.00,1.50
2017.09.18 15:18:32.678,0.79736,0.79744,1.00,1.69
2017.09.18 15:18:33.221,0.79736,0.79743,1.00,1.00
2017.09.18 15:18:33.736,0.79736,0.79744,1.00,1.69
2017.09.18 15:18:34.736,0.79736,0.79743,1.00,1.00
2017.09.18 15:18:35.288,0.79736,0.79744,1.00,3.83
2017.09.18 15:18:36.159,0.79737,0.79746,1.87,1.10
2017.09.18 15:18:36.702,0.79739,0.79746,1.00,1.00
2017.09.18 15:18:37.242,0.79739,0.79747,1.00,1.87
2017.09.18 15:18:37.783,0.79739,0.79746,1.00,1.00
2017.09.18 15:18:38.309,0.79739,0.79747,1.00,1.25
2017.09.18 15:18:39.136,0.79739,0.79746,1.00,1.00
2017.09.18 15:18:39.680,0.79739,0.79747,1.00,1.25
2017.09.18 15:18:40.647,0.79739,0.79746,1.00,1.00
2017.09.18 15:18:41.183,0.7974,0.79747,1.00,1.25
2017.09.18 15:18:41.712,0.7974,0.79748,1.00,1.69
2017.09.18 15:18:42.018,0.79738,0.79746,1.87,3.19
2017.09.18 15:18:42.323,0.7974,0.79748,1.00,1.69
2017.09.18 15:18:42.476,0.7974,0.79749,1.00,1.50
2017.09.18 15:18:43.013,0.79741,0.79749,1.00,1.50
2017.09.18 15:18:43.556,0.79741,0.7975,1.00,2.70
2017.09.18 15:18:43.866,0.79743,0.7975,1.00,2.70
2017.09.18 15:18:44.853,0.79744,0.79752,1.00,5.14
2017.09.18 15:18:45.057,0.79744,0.79753,1.00,5.14
2017.09.18 15:18:45.887,0.79744,0.79752,1.00,1.25
2017.09.18 15:18:46.455,0.79744,0.79753,1.00,4.20
2017.09.18 15:18:46.963,0.79744,0.79752,1.00,3.37
2017.09.18 15:18:47.780,0.79744,0.79752,1.37,1.50
2017.09.18 15:18:48.345,0.79746,0.79752,1.00,3.00
2017.09.18 15:18:49.272,0.79744,0.79753,1.12,1.56
2017.09.18 15:18:49.775,0.79744,0.79752,1.12,1.00
2017.09.18 15:18:50.286,0.79744,0.79753,1.12,3.00
2017.09.18 15:18:51.515,0.79744,0.79752,1.12,1.00
2017.09.18 15:18:52.058,0.79745,0.79753,1.00,2.81
2017.09.18 15:18:52.727,0.79745,0.79752,1.00,1.00
2017.09.18 15:18:53.385,0.79745,0.79753,1.00,2.81
2017.09.18 15:18:53.896,0.79745,0.79752,1.00,1.00
2017.09.18 15:18:54.413,0.79745,0.79753,1.00,2.06
2017.09.18 15:18:56.858,0.79747,0.79754,1.00,1.69
2017.09.18 15:19:01.042,0.79747,0.79752,1.00,1.00
2017.09.18 15:19:01.918,0.79747,0.79753,1.00,2.62
2017.09.18 15:19:02.176,0.79744,0.79753,1.12,3.75
2017.09.18 15:19:02.717,0.79744,0.79752,1.12,1.50
2017.09.18 15:19:03.387,0.79743,0.79748,1.00,1.50
2017.09.18 15:19:03.696,0.79739,0.79741,1.50,1.00
2017.09.18 15:19:03.802,0.79733,0.79741,1.56,1.00
2017.09.18 15:19:04.472,0.79731,0.79741,2.62,2.89
2017.09.18 15:19:04.575,0.7973,0.79739,4.31,2.44
2017.09.18 15:19:05.235,0.7973,0.79739,1.31,2.70
2017.09.18 15:19:05.843,0.79729,0.79738,1.87,1.00
2017.09.18 15:19:06.357,0.79731,0.7974,1.12,2.62
2017.09.18 15:19:06.663,0.79732,0.7974,3.19,1.00
2017.09.18 15:19:07.207,0.79732,0.79741,3.19,1.01
2017.09.18 15:19:07.716,0.79732,0.79742,1.69,2.70
2017.09.18 15:19:08.240,0.79732,0.79742,2.44,3.19
2017.09.18 15:19:17.333,0.79732,0.79741,1.50,1.50
2017.09.18 15:19:17.871,0.79731,0.79739,1.37,1.00
2017.09.18 15:19:17.974,0.7973,0.79739,2.06,1.00
2017.09.18 15:19:18.497,0.7973,0.7974,1.37,1.20
2017.09.18 15:19:18.600,0.79731,0.79741,1.87,2.89
2017.09.18 15:19:19.115,0.79732,0.79741,1.37,1.25
2017.09.18 15:19:20.194,0.79732,0.79741,1.31,1.25
2017.09.18 15:19:20.911,0.79734,0.79741,1.00,1.00
2017.09.18 15:19:21.469,0.79734,0.79742,3.56,1.00
2017.09.18 15:19:22.006,0.79734,0.79742,1.31,1.00
2017.09.18 15:19:22.470,0.79736,0.79742,1.00,1.00
2017.09.18 15:19:22.572,0.79737,0.79745,1.31,2.25
2017.09.18 15:19:22.821,0.79739,0.79747,1.10,1.00
2017.09.18 15:19:23.079,0.79741,0.79749,1.00,1.00
2017.09.18 15:19:23.389,0.79743,0.7975,1.00,1.50
2017.09.18 15:19:23.935,0.79743,0.79751,1.00,2.62
2017.09.18 15:19:24.684,0.7974,0.79748,1.95,1.00
2017.09.18 15:19:25.231,0.7974,0.79748,1.50,1.00
2017.09.18 15:19:25.740,0.79738,0.79747,1.95,1.00
2017.09.18 15:19:26.049,0.79739,0.79747,1.00,1.00
2017.09.18 15:19:27.022,0.79739,0.79746,1.00,1.76
2017.09.18 15:19:27.193,0.79736,0.79744,2.81,1.00
2017.09.18 15:19:27.500,0.79736,0.79746,7.20,1.00
2017.09.18 15:19:27.907,0.79737,0.79744,2.62,1.00
2017.09.18 15:19:28.009,0.79735,0.79744,1.87,1.50
2017.09.18 15:19:29.446,0.79735,0.79744,1.50,2.44
2017.09.18 15:19:30.371,0.79734,0.79743,6.45,1.00
2017.09.18 15:19:31.784,0.79734,0.79742,1.37,1.00
2017.09.18 15:19:32.302,0.79733,0.79742,1.37,1.00
2017.09.18 15:19:32.809,0.79732,0.79742,1.87,1.10
2017.09.18 15:19:34.282,0.79733,0.7974,1.12,1.00
2017.09.18 15:19:36.633,0.79734,0.7974,1.69,1.00
2017.09.18 15:19:37.142,0.79732,0.7974,4.24,1.00
2017.09.18 15:19:37.670,0.79733,0.79742,1.31,1.00
2017.09.18 15:19:38.760,0.79733,0.79741,4.31,1.00
2017.09.18 15:19:39.934,0.79732,0.79741,1.12,1.00
2017.09.18 15:19:40.540,0.79732,0.7974,1.87,1.00
2017.09.18 15:19:43.059,0.79732,0.7974,1.37,1.00
2017.09.18 15:19:44.015,0.79732,0.79741,4.50,1.00
2017.09.18 15:19:45.051,0.79732,0.79741,3.45,1.00
2017.09.18 15:19:48.190,0.79732,0.79741,2.25,1.00
2017.09.18 15:19:48.796,0.79732,0.79739,1.87,1.00
2017.09.18 15:19:49.100,0.79729,0.79733,1.87,1.00
2017.09.18 15:19:49.152,0.79726,0.79733,1.12,1.00
2017.09.18 15:19:49.203,0.79726,0.79731,1.00,1.00
2017.09.18 15:19:49.255,0.79723,0.7973,2.32,1.00
2017.09.18 15:19:49.306,0.79722,0.79725,1.95,1.00
2017.09.18 15:19:49.358,0.79719,0.79723,2.62,1.25
2017.09.18 15:19:49.410,0.79713,0.79717,5.32,1.50
2017.09.18 15:19:49.543,0.7971,0.79718,1.00,1.50
2017.09.18 15:19:49.595,0.79709,0.79715,1.00,1.00
2017.09.18 15:19:49.646,0.7971,0.79717,2.25,1.12
2017.09.18 15:19:50.040,0.79709,0.79718,5.25,1.50
2017.09.18 15:19:50.348,0.79714,0.79719,1.00,1.00
2017.09.18 15:19:50.503,0.79714,0.79722,1.12,2.44
2017.09.18 15:19:50.656,0.79716,0.79722,1.50,1.00
2017.09.18 15:19:50.812,0.79717,0.79724,1.87,1.00
2017.09.18 15:19:50.863,0.79716,0.79726,1.87,2.14
2017.09.18 15:19:51.016,0.79716,0.79724,1.50,1.00
2017.09.18 15:19:51.575,0.79715,0.79724,1.31,2.25
2017.09.18 15:19:52.093,0.79715,0.79724,4.31,2.25
2017.09.18 15:19:53.078,0.79715,0.79724,2.44,1.50
2017.09.18 15:19:53.637,0.79717,0.79724,1.00,1.00
2017.09.18 15:19:53.961,0.79719,0.79727,1.20,1.00
2017.09.18 15:19:54.470,0.79719,0.79727,2.14,1.00
2017.09.18 15:19:54.980,0.79719,0.79729,1.95,2.81
2017.09.18 15:19:55.328,0.79716,0.79725,3.00,1.50
2017.09.18 15:19:55.851,0.79714,0.79724,1.37,1.00
2017.09.18 15:19:56.105,0.79713,0.79724,1.95,3.64
2017.09.18 15:19:56.514,0.79713,0.79721,1.12,1.25
2017.09.18 15:19:56.981,0.79714,0.79723,1.50,1.12
2017.09.18 15:19:57.084,0.79715,0.79723,1.31,1.00
2017.09.18 15:19:57.136,0.79714,0.79723,2.44,1.00
2017.09.18 15:19:58.366,0.79713,0.79722,1.12,2.25
2017.09.18 15:19:58.570,0.79714,0.79722,1.19,1.00
2017.09.18 15:19:58.774,0.79713,0.79722,3.37,1.12
2017.09.18 15:19:59.179,0.79715,0.79724,1.19,1.87
2017.09.18 15:19:59.690,0.79719,0.79725,1.00,1.25
2017.09.18 15:19:59.876,0.79719,0.79728,1.00,5.06
2017.09.18 15:19:59.928,0.79716,0.79725,1.00,1.25
2017.09.18 15:20:00.510,0.79716,0.79724,1.25,1.50
2017.09.18 15:20:02.250,0.79716,0.79724,2.62,1.00
2017.09.18 15:20:02.506,0.79718,0.79727,1.50,1.25
2017.09.18 15:20:03.681,0.79716,0.79724,1.32,1.50
2017.09.18 15:20:03.886,0.79715,0.79723,1.00,1.00
2017.09.18 15:20:04.396,0.79714,0.79723,1.10,2.25
2017.09.18 15:20:04.989,0.79714,0.79723,2.13,1.00
2017.09.18 15:20:05.536,0.79715,0.79724,1.12,2.25
2017.09.18 15:20:06.062,0.79715,0.79723,1.12,1.50
2017.09.18 15:20:06.996,0.79716,0.79725,1.87,5.25
2017.09.18 15:20:07.048,0.79718,0.79725,1.00,1.50
2017.09.18 15:20:07.370,0.79719,0.79727,2.32,1.00
2017.09.18 15:20:07.880,0.7972,0.7973,1.20,2.44
2017.09.18 15:20:08.395,0.79719,0.79726,1.57,1.00
2017.09.18 15:20:08.447,0.79718,0.79726,1.20,1.00
2017.09.18 15:20:08.602,0.79718,0.79728,4.20,2.81
2017.09.18 15:20:09.311,0.79719,0.79728,1.00,2.44
2017.09.18 15:20:09.464,0.7972,0.79728,1.37,2.44
2017.09.18 15:20:10.409,0.79718,0.79727,2.62,1.50
2017.09.18 15:20:11.059,0.79719,0.79727,1.47,1.00
2017.09.18 15:20:11.536,0.79717,0.79726,3.45,1.00
2017.09.18 15:20:12.030,0.7972,0.79729,1.12,5.44
2017.09.18 15:20:12.424,0.79722,0.79731,1.12,1.31
2017.09.18 15:20:12.831,0.79722,0.79733,4.69,3.37
2017.09.18 15:20:13.438,0.79724,0.79733,1.00,2.44
2017.09.18 15:20:13.998,0.79724,0.79732,1.20,1.00
2017.09.18 15:20:14.353,0.79725,0.79735,3.56,3.26
2017.09.18 15:20:15.888,0.79725,0.79735,1.95,2.44
2017.09.18 15:20:16.244,0.79725,0.79733,1.12,1.50
2017.09.18 15:20:16.784,0.79726,0.79733,1.50,1.50
2017.09.18 15:20:17.608,0.79728,0.79736,2.44,1.69
2017.09.18 15:20:17.956,0.79729,0.79739,3.45,1.19
2017.09.18 15:20:18.058,0.79727,0.79736,1.95,3.19
2017.09.18 15:20:18.569,0.79728,0.79735,1.12,2.25
2017.09.18 15:20:19.308,0.79726,0.79735,1.01,3.37
2017.09.18 15:20:20.973,0.79725,0.79735,2.81,2.25
2017.09.18 15:20:21.351,0.79728,0.79737,1.00,3.94
2017.09.18 15:20:21.555,0.79728,0.79738,2.70,1.69
2017.09.18 15:20:21.930,0.79728,0.79735,1.37,1.25
2017.09.18 15:20:22.489,0.79727,0.79736,1.37,1.69
2017.09.18 15:20:22.825,0.7973,0.79738,1.00,2.44
2017.09.18 15:20:22.877,0.7973,0.79738,1.00,1.00
2017.09.18 15:20:22.929,0.79732,0.7974,1.00,3.56
2017.09.18 15:20:23.032,0.79732,0.79742,1.50,4.87
2017.09.18 15:20:23.548,0.79733,0.79742,1.87,1.31
2017.09.18 15:20:23.750,0.79735,0.79743,1.00,1.50
2017.09.18 15:20:24.262,0.79735,0.79744,1.00,2.06
2017.09.18 15:20:24.517,0.79732,0.7974,4.57,1.00
2017.09.18 15:20:26.642,0.79733,0.7974,2.14,1.00
2017.09.18 15:20:31.244,0.79732,0.79739,2.14,1.00
2017.09.18 15:20:32.096,0.79734,0.79739,1.50,1.00
2017.09.18 15:20:32.251,0.79734,0.79741,1.50,1.00
2017.09.18 15:20:37.901,0.79734,0.7974,1.12,1.00
2017.09.18 15:20:42.391,0.79733,0.7974,1.00,1.00
2017.09.18 15:20:42.962,0.79732,0.79739,1.00,1.00
2017.09.18 15:20:43.523,0.79733,0.7974,1.00,2.25
2017.09.18 15:20:44.035,0.79734,0.79741,1.00,1.00
2017.09.18 15:20:45.272,0.79735,0.79741,1.00,1.00
2017.09.18 15:20:45.426,0.79736,0.79744,1.87,1.00
2017.09.18 15:20:45.580,0.79738,0.79747,1.87,1.19
2017.09.18 15:20:46.112,0.79738,0.79747,3.37,1.00
2017.09.18 15:20:46.649,0.79739,0.79748,1.12,1.50
2017.09.18 15:20:47.000,0.79735,0.79744,2.80,1.69
2017.09.18 15:20:47.515,0.79736,0.79743,1.12,1.00
2017.09.18 15:20:50.158,0.79735,0.79743,1.00,1.00
2017.09.18 15:20:50.702,0.79735,0.79742,1.00,1.00
2017.09.18 15:20:52.860,0.79734,0.79742,4.39,1.00
2017.09.18 15:20:53.170,0.79736,0.79745,1.31,1.56
2017.09.18 15:20:53.681,0.79735,0.79743,2.62,1.12
2017.09.18 15:20:55.053,0.79734,0.79743,3.56,1.00
2017.09.18 15:20:55.662,0.79734,0.79743,6.56,1.00
2017.09.18 15:20:56.205,0.79734,0.79743,5.81,1.00
2017.09.18 15:20:57.218,0.79735,0.79743,1.00,1.00
2017.09.18 15:20:57.747,0.79734,0.79743,2.62,1.00
2017.09.18 15:20:59.625,0.79735,0.79743,1.25,1.00
2017.09.18 15:21:00.134,0.79736,0.79746,1.50,1.94
2017.09.18 15:21:00.447,0.79739,0.79748,1.87,1.00
2017.09.18 15:21:00.955,0.79739,0.7975,2.62,7.69
2017.09.18 15:21:02.276,0.79741,0.79749,1.00,1.69
2017.09.18 15:21:02.480,0.79742,0.79751,1.50,1.87
2017.09.18 15:21:03.878,0.79742,0.79753,4.50,4.88
2017.09.18 15:21:04.440,0.79742,0.79753,3.64,5.33
2017.09.18 15:21:06.866,0.79744,0.79753,1.87,2.44
2017.09.18 15:21:08.630,0.79745,0.79755,2.70,1.31
2017.09.18 15:21:08.681,0.79745,0.79756,7.95,5.51
2017.09.18 15:21:09.334,0.79745,0.79755,1.12,4.69
2017.09.18 15:21:09.838,0.79744,0.79754,2.44,1.50
2017.09.18 15:21:14.646,0.79745,0.79754,4.31,1.00
2017.09.18 15:21:15.178,0.79743,0.79753,4.57,2.06
2017.09.18 15:21:15.700,0.79743,0.79753,3.45,2.06
2017.09.18 15:21:19.573,0.79743,0.79752,1.37,1.50
2017.09.18 15:21:20.882,0.79743,0.79752,1.87,4.12
2017.09.18 15:21:21.516,0.79744,0.79752,1.00,1.00
2017.09.18 15:21:22.066,0.79744,0.79752,1.37,1.00
2017.09.18 15:21:23.147,0.79744,0.79753,1.87,4.50
2017.09.18 15:21:25.528,0.79744,0.79749,1.37,1.00
2017.09.18 15:21:26.245,0.79744,0.79751,2.06,1.00
2017.09.18 15:21:27.047,0.79743,0.7975,1.50,1.00
2017.09.18 15:21:27.149,0.79742,0.79751,2.89,1.00
2017.09.18 15:21:28.792,0.79743,0.7975,1.12,1.00
2017.09.18 15:21:28.946,0.7974,0.79748,2.70,1.25
2017.09.18 15:21:29.203,0.79736,0.79743,1.12,1.00
2017.09.18 15:21:29.739,0.79734,0.79742,5.44,1.00
2017.09.18 15:21:32.928,0.79734,0.79742,1.31,1.00
2017.09.18 15:21:33.407,0.79736,0.79743,1.00,1.00
2017.09.18 15:21:33.908,0.79734,0.79743,6.49,1.00
2017.09.18 15:21:34.429,0.79735,0.79744,1.95,1.00
2017.09.18 15:21:34.901,0.79735,0.79742,1.20,1.00
2017.09.18 15:21:35.054,0.79734,0.79744,2.44,2.06
2017.09.18 15:21:35.592,0.79732,0.79744,4.42,1.12
2017.09.18 15:21:35.694,0.79732,0.79742,6.30,1.00
2017.09.18 15:21:36.492,0.79734,0.79742,1.00,1.12
2017.09.18 15:21:37.000,0.79732,0.79742,2.51,1.12
2017.09.18 15:21:37.522,0.79732,0.79739,1.00,1.50
2017.09.18 15:21:38.094,0.79732,0.7974,1.00,2.25
2017.09.18 15:21:38.454,0.7973,0.79739,2.14,1.50
2017.09.18 15:21:38.972,0.79729,0.79739,2.62,1.69
2017.09.18 15:21:40.342,0.79729,0.79736,1.00,1.00
2017.09.18 15:21:40.444,0.79725,0.79734,2.70,1.50
2017.09.18 15:21:40.938,0.79724,0.79734,1.10,3.00
2017.09.18 15:21:41.449,0.79723,0.79733,1.69,1.12
2017.09.18 15:21:43.794,0.79723,0.79732,1.44,1.00
2017.09.18 15:21:49.217,0.79724,0.79733,3.60,1.00
2017.09.18 15:21:49.269,0.79728,0.79736,1.00,2.44
2017.09.18 15:21:49.515,0.79726,0.79734,1.10,1.00
2017.09.18 15:21:50.205,0.79726,0.79734,1.00,1.87
2017.09.18 15:21:50.461,0.79723,0.79734,3.86,1.87
2017.09.18 15:21:51.021,0.79723,0.79732,5.74,1.00
2017.09.18 15:21:53.292,0.79724,0.79734,1.35,1.95
2017.09.18 15:21:53.446,0.79725,0.79734,3.00,1.00
2017.09.18 15:21:54.017,0.79725,0.79735,3.45,1.31
2017.09.18 15:21:55.839,0.79725,0.79735,1.10,1.25
2017.09.18 15:21:56.453,0.79724,0.79734,1.12,1.00
2017.09.18 15:21:57.433,0.79723,0.79734,1.19,2.62
2017.09.18 15:21:57.943,0.79723,0.79733,1.50,1.00
2017.09.18 15:21:58.737,0.79722,0.79733,7.42,1.00
2017.09.18 15:21:59.148,0.79726,0.79732,1.25,1.00
2017.09.18 15:21:59.201,0.79724,0.79732,1.00,1.00
2017.09.18 15:21:59.710,0.79723,0.79732,3.37,1.00
2017.09.18 15:22:02.802,0.79724,0.79732,1.25,1.00
2017.09.18 15:22:04.121,0.79723,0.79732,1.69,1.00
2017.09.18 15:22:05.107,0.79722,0.79732,3.82,1.00
2017.09.18 15:22:05.363,0.79722,0.79732,4.57,1.00
2017.09.18 15:22:05.609,0.79722,0.79732,3.45,1.00
2017.09.18 15:22:06.126,0.79722,0.79732,3.07,1.00
2017.09.18 15:22:06.641,0.79722,0.79732,2.89,1.00
2017.09.18 15:22:07.157,0.79722,0.79732,3.37,1.12
2017.09.18 15:22:07.717,0.79724,0.79733,1.00,3.75
2017.09.18 15:22:09.586,0.79723,0.79733,2.25,1.12
2017.09.18 15:22:10.090,0.79723,0.79734,1.91,2.81
2017.09.18 15:22:10.619,0.79723,0.79734,2.92,2.44
2017.09.18 15:22:11.127,0.79723,0.79734,2.92,2.44
2017.09.18 15:22:11.660,0.79723,0.79733,2.70,1.00
2017.09.18 15:22:12.175,0.79722,0.79733,3.41,1.12
2017.09.18 15:22:13.488,0.79722,0.79733,1.62,3.56
2017.09.18 15:22:14.497,0.79724,0.79733,1.00,1.87
2017.09.18 15:22:14.866,0.79722,0.79733,1.69,3.67
2017.09.18 15:22:15.375,0.79722,0.79733,4.12,1.87
2017.09.18 15:22:18.142,0.79722,0.79731,1.00,1.00
2017.09.18 15:22:18.510,0.79721,0.79729,3.19,1.50
2017.09.18 15:22:18.663,0.79721,0.79729,1.00,1.00
2017.09.18 15:22:19.143,0.79721,0.79726,1.00,1.87
2017.09.18 15:22:19.195,0.79715,0.79724,1.20,3.00
2017.09.18 15:22:19.247,0.79714,0.79723,2.44,1.12
2017.09.18 15:22:20.245,0.79714,0.79723,2.62,1.12
2017.09.18 15:22:20.735,0.79716,0.79725,1.25,2.06
2017.09.18 15:22:20.786,0.79718,0.79725,1.00,2.06
2017.09.18 15:22:20.939,0.79715,0.79725,2.06,4.69
2017.09.18 15:22:21.478,0.79715,0.79725,1.31,4.31
2017.09.18 15:22:22.113,0.79716,0.79725,1.00,4.31
2017.09.18 15:22:22.654,0.79715,0.79725,2.81,3.56
2017.09.18 15:22:22.847,0.79716,0.79725,1.19,4.31
2017.09.18 15:22:24.899,0.79716,0.79725,1.25,1.50
2017.09.18 15:22:25.051,0.79717,0.79726,1.00,2.25
2017.09.18 15:22:25.555,0.79717,0.79726,1.00,2.25
2017.09.18 15:22:26.116,0.79717,0.79726,1.00,2.25
2017.09.18 15:22:26.629,0.79718,0.79726,3.26,1.00
2017.09.18 15:22:27.202,0.79718,0.79727,3.26,1.50
2017.09.18 15:22:27.366,0.79716,0.79721,1.69,1.00
2017.09.18 15:22:27.672,0.79714,0.7972,3.19,1.00
2017.09.18 15:22:27.878,0.79713,0.79721,3.64,1.00
2017.09.18 15:22:28.394,0.79713,0.79721,3.07,1.00
2017.09.18 15:22:28.908,0.79713,0.79721,1.31,1.00
2017.09.18 15:22:29.430,0.79713,0.79721,2.06,1.00
2017.09.18 15:22:29.737,0.79713,0.79719,1.31,1.00
2017.09.18 15:22:30.914,0.79713,0.79719,2.06,1.00
2017.09.18 15:22:31.498,0.79713,0.79719,1.31,1.00
2017.09.18 15:22:32.012,0.79713,0.79719,2.06,1.00
2017.09.18 15:22:32.536,0.79713,0.79719,1.31,1.00
2017.09.18 15:22:33.163,0.79713,0.79718,1.12,1.00
2017.09.18 15:22:34.376,0.79712,0.79718,1.72,1.00
2017.09.18 15:22:35.742,0.79712,0.79718,1.69,1.00
2017.09.18 15:22:36.270,0.79712,0.79718,1.69,1.00
2017.09.18 15:22:38.394,0.79711,0.79718,1.12,1.00
2017.09.18 15:22:38.496,0.79709,0.79717,4.31,1.00
2017.09.18 15:22:38.700,0.79708,0.79713,4.39,1.00
2017.09.18 15:22:38.752,0.79706,0.79712,2.14,1.00
2017.09.18 15:22:38.854,0.79704,0.79709,2.25,1.00
2017.09.18 15:22:38.905,0.79704,0.79709,2.06,1.00
2017.09.18 15:22:39.393,0.79704,0.79711,2.81,1.00
2017.09.18 15:22:39.903,0.79704,0.79712,2.89,1.00
2017.09.18 15:22:40.159,0.79704,0.7971,4.76,1.00
2017.09.18 15:22:40.697,0.79705,0.7971,1.50,1.00
2017.09.18 15:22:41.214,0.79705,0.7971,1.19,1.00
2017.09.18 15:22:42.049,0.79705,0.7971,1.69,1.00
2017.09.18 15:22:42.587,0.79705,0.7971,2.44,1.00
2017.09.18 15:22:42.791,0.79704,0.79709,5.06,1.00
2017.09.18 15:22:43.321,0.79705,0.79709,2.44,1.00
2017.09.18 15:22:43.823,0.79705,0.7971,2.44,1.00
2017.09.18 15:22:44.395,0.79704,0.79709,3.94,1.00
2017.09.18 15:22:44.898,0.79702,0.79709,4.39,1.00
2017.09.18 15:22:44.949,0.79704,0.79709,1.00,1.00
2017.09.18 15:22:45.566,0.79703,0.79709,1.50,1.00
2017.09.18 15:22:46.151,0.79703,0.79711,3.60,1.00
2017.09.18 15:22:46.540,0.79703,0.79709,1.50,1.00
2017.09.18 15:22:47.140,0.79703,0.7971,3.49,1.00
2017.09.18 15:22:48.622,0.79703,0.7971,3.37,1.00
2017.09.18 15:22:49.171,0.79703,0.7971,2.62,1.00
2017.09.18 15:22:51.325,0.79703,0.7971,2.66,1.00
2017.09.18 15:22:52.650,0.79703,0.7971,2.06,1.00
2017.09.18 15:22:53.181,0.79702,0.79709,2.62,1.00
2017.09.18 15:22:54.434,0.79701,0.79709,3.60,1.00
2017.09.18 15:22:55.056,0.79702,0.7971,2.25,1.00
2017.09.18 15:22:55.567,0.79702,0.7971,2.06,1.00
2017.09.18 15:22:56.347,0.79701,0.7971,1.50,1.00
2017.09.18 15:22:56.872,0.797,0.7971,5.81,1.00
2017.09.18 15:22:57.348,0.797,0.7971,1.69,1.12
2017.09.18 15:22:58.453,0.797,0.7971,1.56,1.10
2017.09.18 15:23:00.399,0.79701,0.7971,1.44,1.00
2017.09.18 15:23:00.911,0.797,0.7971,1.62,1.50
2017.09.18 15:23:02.112,0.79698,0.79706,1.50,1.87
2017.09.18 15:23:02.422,0.79697,0.79702,3.00,2.25
2017.09.18 15:23:02.473,0.79692,0.797,3.75,1.00
2017.09.18 15:23:02.752,0.79696,0.79704,4.12,1.76
2017.09.18 15:23:02.804,0.79695,0.79705,1.50,5.44
2017.09.18 15:23:03.060,0.79692,0.79701,4.54,1.00
2017.09.18 15:23:03.722,0.79692,0.79701,1.72,1.00
2017.09.18 15:23:04.583,0.79692,0.79703,1.87,2.81
2017.09.18 15:23:04.839,0.79692,0.79701,1.12,1.00
2017.09.18 15:23:05.043,0.79692,0.79703,1.50,5.25
2017.09.18 15:23:05.545,0.79692,0.79703,1.31,6.00
2017.09.18 15:23:06.066,0.79692,0.79703,1.69,6.00
2017.09.18 15:23:06.683,0.79692,0.79702,1.12,1.10
2017.09.18 15:23:07.208,0.79692,0.79701,1.12,1.00
2017.09.18 15:23:09.222,0.79691,0.79702,2.10,1.57
2017.09.18 15:23:09.731,0.79691,0.79702,2.10,2.70
2017.09.18 15:23:09.969,0.79693,0.79702,1.00,2.70
2017.09.18 15:23:10.865,0.79692,0.79702,1.25,2.14
2017.09.18 15:23:11.171,0.79692,0.79702,1.25,1.70
2017.09.18 15:23:11.273,0.79692,0.79702,1.25,1.01
2017.09.18 15:23:11.806,0.79692,0.79701,1.00,1.00
2017.09.18 15:23:12.214,0.79694,0.79702,1.50,1.25
2017.09.18 15:23:12.521,0.79698,0.79705,1.00,1.19
2017.09.18 15:23:12.572,0.79698,0.79707,1.00,2.89
2017.09.18 15:23:13.775,0.79694,0.79704,1.69,1.50
2017.09.18 15:23:14.237,0.79694,0.79704,1.12,5.51
2017.09.18 15:23:14.840,0.79693,0.79703,1.30,1.20
2017.09.18 15:23:15.351,0.79692,0.79702,1.00,4.95
2017.09.18 15:23:16.328,0.79695,0.79701,1.00,1.25
2017.09.18 15:23:18.470,0.79695,0.79703,1.00,1.10
2017.09.18 15:23:19.011,0.79696,0.79703,1.00,1.00
2017.09.18 15:23:19.564,0.79695,0.79704,1.00,6.64
2017.09.18 15:23:19.717,0.79693,0.79703,1.00,3.45
2017.09.18 15:23:19.768,0.79691,0.79702,6.22,1.39
2017.09.18 15:23:20.615,0.79691,0.79702,1.31,1.76
2017.09.18 15:23:21.116,0.79691,0.797,1.00,1.31
2017.09.18 15:23:28.164,0.79691,0.797,1.00,4.39
2017.09.18 15:23:28.481,0.79689,0.797,1.12,8.14
2017.09.18 15:23:29.208,0.79689,0.79699,1.12,1.32
2017.09.18 15:23:31.243,0.79689,0.79699,1.12,4.95
2017.09.18 15:23:31.748,0.79689,0.79698,1.12,1.12
2017.09.18 15:23:38.206,0.79689,0.79699,2.62,2.89
2017.09.18 15:23:40.809,0.79689,0.79696,1.50,1.00
2017.09.18 15:23:40.911,0.79687,0.79696,5.81,1.00
2017.09.18 15:23:41.431,0.79686,0.79695,2.62,1.00
2017.09.18 15:23:41.738,0.79685,0.79693,1.12,1.00
2017.09.18 15:23:42.044,0.79683,0.7969,1.00,1.00
2017.09.18 15:23:42.855,0.79681,0.7969,1.91,1.00
2017.09.18 15:23:43.960,0.79681,0.7969,1.91,1.00
2017.09.18 15:23:44.486,0.79681,0.7969,3.04,1.00
2017.09.18 15:23:45.073,0.79681,0.7969,5.85,1.00
2017.09.18 15:23:45.961,0.79681,0.7969,6.04,1.00
2017.09.18 15:23:46.508,0.79681,0.7969,4.54,1.00
2017.09.18 15:23:47.237,0.79681,0.7969,4.54,1.00
2017.09.18 15:23:47.848,0.79681,0.7969,3.56,1.00
2017.09.18 15:23:48.473,0.79681,0.79691,6.75,1.12
2017.09.18 15:23:49.016,0.79682,0.79692,1.25,1.00
2017.09.18 15:23:49.320,0.79682,0.7969,2.06,1.00
2017.09.18 15:23:49.824,0.79682,0.79691,1.87,1.00
2017.09.18 15:23:50.602,0.79681,0.79691,3.75,1.50
2017.09.18 15:23:51.949,0.79682,0.79691,1.87,1.50
2017.09.18 15:23:52.487,0.79682,0.79691,1.00,1.00
2017.09.18 15:23:53.555,0.79686,0.79692,2.25,1.00
2017.09.18 15:23:53.606,0.79687,0.79695,2.25,1.50
2017.09.18 15:23:53.658,0.79688,0.79697,1.87,1.01
2017.09.18 15:23:54.166,0.79689,0.79697,1.00,1.25
2017.09.18 15:23:54.827,0.79688,0.79697,3.18,1.25
2017.09.18 15:23:55.774,0.79688,0.79697,3.93,1.25
2017.09.18 15:23:58.134,0.7969,0.79698,2.25,1.31
2017.09.18 15:23:58.187,0.79692,0.797,1.00,1.39
2017.09.18 15:23:58.630,0.79696,0.79704,1.50,1.95
2017.09.18 15:23:58.683,0.79696,0.79706,3.37,4.01
2017.09.18 15:23:58.887,0.79698,0.79706,1.50,1.01
2017.09.18 15:23:59.641,0.79696,0.79706,4.69,1.50
2017.09.18 15:23:59.947,0.79693,0.79701,2.25,1.00
2017.09.18 15:23:59.999,0.79693,0.79704,2.99,2.14
2017.09.18 15:24:00.525,0.79694,0.79703,4.72,1.00
2017.09.18 15:24:02.117,0.79697,0.79705,1.50,1.50
2017.09.18 15:24:02.717,0.79696,0.79705,2.62,1.50
2017.09.18 15:24:03.023,0.79694,0.79703,2.64,1.00
2017.09.18 15:24:03.284,0.79695,0.79705,4.70,1.12
2017.09.18 15:24:03.436,0.79697,0.79706,1.50,1.87
2017.09.18 15:24:04.602,0.79697,0.79708,2.25,5.70
2017.09.18 15:24:04.941,0.79695,0.79706,4.33,3.26
2017.09.18 15:24:05.747,0.79694,0.79705,3.76,1.57
2017.09.18 15:24:06.084,0.79693,0.79702,1.00,1.57
2017.09.18 15:24:06.666,0.79693,0.79701,1.00,1.00
2017.09.18 15:24:06.999,0.79691,0.79701,1.69,1.00
2017.09.18 15:24:07.434,0.79693,0.79701,1.00,1.00
2017.09.18 15:24:07.639,0.79691,0.79701,1.50,1.01
2017.09.18 15:24:08.194,0.79692,0.79702,1.12,1.69
2017.09.18 15:24:08.348,0.79694,0.79701,1.00,1.25
2017.09.18 15:24:08.870,0.79693,0.79701,1.12,1.25
2017.09.18 15:24:09.418,0.79691,0.79702,3.56,3.44
2017.09.18 15:24:11.193,0.79693,0.79701,1.00,1.69
2017.09.18 15:24:12.373,0.79691,0.79702,1.50,5.69
2017.09.18 15:24:12.475,0.7969,0.79699,1.00,2.69
2017.09.18 15:24:12.833,0.79692,0.79701,1.00,2.06
2017.09.18 15:24:13.372,0.79693,0.79701,1.00,1.19
2017.09.18 15:24:13.617,0.79689,0.79698,2.44,1.95
2017.09.18 15:24:13.719,0.79688,0.79696,2.25,1.00
2017.09.18 15:24:14.024,0.79688,0.79694,1.12,1.00
2017.09.18 15:24:15.131,0.79689,0.79696,1.00,1.19
2017.09.18 15:24:17.627,0.79689,0.79698,1.00,1.10
2017.09.18 15:24:19.397,0.79689,0.79697,1.00,2.25
2017.09.18 15:24:19.946,0.79688,0.79698,1.00,4.69
2017.09.18 15:24:21.178,0.79688,0.79698,1.12,2.06
2017.09.18 15:24:21.832,0.79689,0.79698,1.00,3.56
2017.09.18 15:24:27.021,0.79689,0.79697,1.00,1.25
2017.09.18 15:24:30.594,0.79689,0.79697,1.00,2.44
2017.09.18 15:24:31.203,0.79689,0.79697,1.00,1.69
2017.09.18 15:24:33.101,0.79689,0.79697,1.00,1.19
2017.09.18 15:24:33.703,0.79689,0.79698,1.00,2.81
2017.09.18 15:24:34.358,0.79689,0.79699,1.00,6.45
2017.09.18 15:24:38.296,0.79691,0.79698,1.00,1.25
2017.09.18 15:24:38.835,0.79692,0.79698,1.87,1.25
2017.09.18 15:24:38.938,0.79695,0.79704,1.87,3.64
2017.09.18 15:24:39.448,0.79696,0.79704,1.50,2.25
2017.09.18 15:24:40.100,0.79697,0.79705,1.12,3.26
2017.09.18 15:24:41.583,0.79695,0.79704,1.12,6.64
2017.09.18 15:24:42.123,0.79694,0.79703,1.00,1.20
2017.09.18 15:24:42.429,0.79699,0.79706,1.12,1.19
2017.09.18 15:24:44.999,0.79696,0.79705,1.50,2.44
2017.09.18 15:24:45.102,0.79694,0.79704,1.87,4.01
2017.09.18 15:24:45.647,0.79692,0.79702,1.87,1.50
2017.09.18 15:24:46.567,0.79692,0.79703,1.87,4.01
2017.09.18 15:24:47.070,0.79692,0.79702,1.87,4.57
2017.09.18 15:24:47.588,0.79692,0.79701,1.50,5.62
2017.09.18 15:24:52.896,0.79692,0.79699,1.00,1.25
2017.09.18 15:24:53.148,0.79689,0.79697,1.12,1.57
2017.09.18 15:24:53.710,0.79689,0.79698,1.12,4.01
2017.09.18 15:24:54.233,0.7969,0.79698,1.00,2.51
2017.09.18 15:24:55.045,0.7969,0.79697,1.00,1.50
2017.09.18 15:24:58.406,0.79692,0.79698,1.00,2.43
2017.09.18 15:25:01.376,0.79692,0.79697,1.00,1.00
2017.09.18 15:25:01.478,0.7969,0.79697,1.00,1.00
2017.09.18 15:25:02.920,0.79689,0.79696,1.00,1.25
2017.09.18 15:25:03.520,0.79689,0.79697,1.00,2.81
2017.09.18 15:25:08.477,0.79689,0.79696,1.00,1.25
2017.09.18 15:25:09.335,0.79686,0.79693,2.44,1.87
2017.09.18 15:25:09.641,0.79686,0.79691,2.44,1.01
2017.09.18 15:25:09.693,0.79684,0.79691,1.00,1.01
2017.09.18 15:25:10.402,0.79682,0.79691,1.00,3.26
2017.09.18 15:25:10.913,0.79682,0.7969,1.00,1.00
2017.09.18 15:25:11.117,0.79685,0.79691,1.00,2.44
2017.09.18 15:25:11.365,0.79683,0.7969,1.00,1.00
2017.09.18 15:25:12.382,0.79683,0.79691,1.00,1.31
2017.09.18 15:25:14.279,0.79684,0.79692,1.00,3.94
2017.09.18 15:25:17.547,0.79683,0.79692,1.00,2.81
2017.09.18 15:25:18.789,0.79683,0.79691,1.00,6.19
2017.09.18 15:25:19.139,0.7968,0.79688,1.12,1.12
2017.09.18 15:25:19.343,0.79682,0.7969,1.00,2.14
2017.09.18 15:25:19.954,0.79683,0.79691,1.00,2.62
2017.09.18 15:25:21.424,0.79683,0.79691,1.00,1.25
2017.09.18 15:25:28.746,0.79683,0.7969,1.00,1.00
2017.09.18 15:25:29.925,0.79684,0.7969,1.00,1.12
2017.09.18 15:25:30.942,0.79684,0.79692,1.00,9.19
2017.09.18 15:25:31.754,0.79684,0.7969,1.00,1.00
2017.09.18 15:25:32.279,0.79684,0.79691,1.00,3.37
2017.09.18 15:25:32.820,0.79683,0.79691,1.00,3.82
2017.09.18 15:25:33.565,0.79683,0.7969,1.00,2.44
2017.09.18 15:25:34.085,0.79682,0.7969,1.00,2.81
2017.09.18 15:25:34.394,0.79683,0.79688,1.00,1.31
2017.09.18 15:25:34.634,0.7968,0.79689,2.62,1.19
2017.09.18 15:25:35.302,0.7968,0.79689,2.62,1.19
2017.09.18 15:25:36.172,0.7968,0.79687,3.00,1.00
2017.09.18 15:25:36.703,0.7968,0.79688,1.50,2.44
2017.09.18 15:25:37.112,0.79679,0.79686,1.87,1.00
2017.09.18 15:25:37.993,0.79679,0.79686,1.37,1.00
2017.09.18 15:25:38.300,0.79677,0.79684,1.50,1.00
2017.09.18 15:25:38.605,0.79678,0.79687,2.81,1.00
2017.09.18 15:25:38.961,0.7968,0.79689,1.00,4.39
2017.09.18 15:25:39.502,0.79682,0.79689,1.00,1.12
2017.09.18 15:25:39.962,0.7968,0.79687,1.12,1.00
2017.09.18 15:25:40.787,0.79681,0.79687,1.00,1.00
2017.09.18 15:25:40.889,0.79681,0.7969,1.00,1.00
2017.09.18 15:25:41.188,0.79681,0.79692,5.14,3.56
2017.09.18 15:25:41.493,0.79683,0.79691,1.20,1.00
2017.09.18 15:25:42.083,0.79684,0.79694,2.14,5.25
2017.09.18 15:25:42.593,0.79684,0.79693,1.00,1.69
2017.09.18 15:25:43.019,0.79685,0.79693,2.81,1.00
2017.09.18 15:25:43.073,0.79689,0.79696,1.00,1.00
2017.09.18 15:25:43.124,0.79691,0.79698,1.00,1.00
2017.09.18 15:25:43.432,0.79693,0.797,1.00,2.06
2017.09.18 15:25:43.746,0.79687,0.79697,2.24,3.37
2017.09.18 15:25:44.897,0.79687,0.79697,1.69,2.81
2017.09.18 15:25:45.459,0.79687,0.79696,1.69,1.00
2017.09.18 15:25:46.195,0.79687,0.79697,1.69,1.31
2017.09.18 15:25:46.424,0.79686,0.79694,1.00,1.00
2017.09.18 15:25:46.859,0.79685,0.79694,1.25,4.31
2017.09.18 15:25:47.167,0.79686,0.79694,1.00,1.25
2017.09.18 15:25:47.766,0.79686,0.79695,1.00,1.12
2017.09.18 15:25:48.345,0.79685,0.79694,2.06,1.00
2017.09.18 15:25:49.400,0.79686,0.79694,1.50,1.00
2017.09.18 15:25:50.504,0.79687,0.79696,1.00,2.25
2017.09.18 15:25:50.908,0.79689,0.79697,1.00,2.62
2017.09.18 15:25:51.216,0.79691,0.797,1.12,1.00
2017.09.18 15:25:51.766,0.79691,0.79699,1.31,1.00
2017.09.18 15:25:52.276,0.79691,0.79701,1.50,2.25
2017.09.18 15:25:54.527,0.79691,0.79699,1.69,1.00
2017.09.18 15:25:55.160,0.79693,0.79699,1.00,1.25
2017.09.18 15:25:55.639,0.79693,0.79701,1.00,1.25
2017.09.18 15:25:56.179,0.79694,0.79702,1.00,1.31
2017.09.18 15:25:57.580,0.79694,0.79704,1.00,4.87
2017.09.18 15:25:58.090,0.79695,0.79704,1.00,1.31
2017.09.18 15:25:58.592,0.79695,0.79704,1.00,2.25
2017.09.18 15:25:59.599,0.79695,0.79704,1.00,1.69
2017.09.18 15:26:00.108,0.79696,0.79705,1.00,2.62
2017.09.18 15:26:03.277,0.79696,0.79702,1.00,1.69
2017.09.18 15:26:03.328,0.79695,0.79704,1.00,3.37
2017.09.18 15:26:03.481,0.79694,0.79703,1.00,1.87
2017.09.18 15:26:04.039,0.79696,0.79702,1.00,2.44
2017.09.18 15:26:05.420,0.79695,0.79702,1.00,3.94
2017.09.18 15:26:05.725,0.79695,0.797,1.00,1.50
2017.09.18 15:26:07.020,0.79695,0.79701,1.00,2.25
2017.09.18 15:26:07.578,0.79695,0.797,1.00,1.25
2017.09.18 15:26:08.113,0.79695,0.79701,1.00,3.94
2017.09.18 15:26:10.414,0.79695,0.79702,1.00,2.06
2017.09.18 15:26:10.975,0.79695,0.79704,1.00,3.00
2017.09.18 15:26:11.232,0.79695,0.79705,1.00,4.50
2017.09.18 15:26:12.022,0.79695,0.79704,1.00,1.25
2017.09.18 15:26:16.487,0.79695,0.79705,1.00,1.50
2017.09.18 15:26:16.843,0.79699,0.79705,1.00,1.00
2017.09.18 15:26:16.996,0.79702,0.79709,1.00,2.81
2017.09.18 15:26:17.593,0.79702,0.79708,1.00,1.00
2017.09.18 15:26:18.226,0.79702,0.7971,1.00,1.25
2017.09.18 15:26:18.364,0.79704,0.79711,1.00,3.94
2017.09.18 15:26:19.717,0.79704,0.79711,1.00,1.25
2017.09.18 15:26:20.226,0.79704,0.79712,1.00,1.31
2017.09.18 15:26:20.533,0.79705,0.79715,1.50,4.50
2017.09.18 15:26:20.665,0.79707,0.79715,1.00,1.37
2017.09.18 15:26:20.717,0.79704,0.79715,1.95,1.87
2017.09.18 15:26:20.936,0.79708,0.79715,1.00,1.37
2017.09.18 15:26:21.440,0.79708,0.79716,1.00,3.00
2017.09.18 15:26:21.944,0.79705,0.79716,1.12,3.19
2017.09.18 15:26:22.097,0.79705,0.79715,1.87,3.00
2017.09.18 15:26:22.302,0.79705,0.79715,1.00,1.00
2017.09.18 15:26:22.853,0.79705,0.79716,1.00,5.70
2017.09.18 15:26:23.006,0.79706,0.79716,1.00,5.44
2017.09.18 15:26:23.467,0.79707,0.79715,1.00,3.38
2017.09.18 15:26:24.008,0.79706,0.79715,1.95,2.06
2017.09.18 15:26:24.365,0.79709,0.79717,1.00,2.06
2017.09.18 15:26:24.416,0.7971,0.79719,1.10,1.62
2017.09.18 15:26:24.468,0.79712,0.7972,1.00,2.25
2017.09.18 15:26:24.519,0.79712,0.79721,1.00,1.19
2017.09.18 15:26:24.698,0.79712,0.79722,1.00,2.25
2017.09.18 15:26:25.281,0.79714,0.79723,1.00,3.94
2017.09.18 15:26:25.899,0.79714,0.79723,1.00,3.56
2017.09.18 15:26:26.441,0.79714,0.79723,1.00,4.12
2017.09.18 15:26:26.983,0.79715,0.79723,1.00,1.62
2017.09.18 15:26:27.648,0.79715,0.79724,1.00,2.44
2017.09.18 15:26:28.608,0.79715,0.79723,1.00,1.19
2017.09.18 15:26:29.227,0.79715,0.79724,1.00,2.44
2017.09.18 15:26:30.410,0.79715,0.79724,1.00,2.44
2017.09.18 15:26:31.375,0.79715,0.79723,1.00,2.25
2017.09.18 15:26:31.933,0.79715,0.79723,1.00,2.25
2017.09.18 15:26:34.732,0.79715,0.79723,1.00,2.81
2017.09.18 15:26:34.869,0.79715,0.79723,1.00,2.25
2017.09.18 15:26:38.255,0.79715,0.79723,1.00,3.38
2017.09.18 15:26:41.705,0.79715,0.79723,1.00,1.00
2017.09.18 15:26:42.217,0.79715,0.79723,1.00,1.88
2017.09.18 15:26:42.485,0.79713,0.79718,1.25,1.00
2017.09.18 15:26:42.792,0.79712,0.7972,1.00,4.50
2017.09.18 15:26:43.345,0.79712,0.79721,1.00,1.88
2017.09.18 15:26:44.198,0.79712,0.79721,1.19,1.88
2017.09.18 15:26:44.549,0.79716,0.79725,1.12,3.75
2017.09.18 15:26:44.959,0.79716,0.79725,1.12,1.25
2017.09.18 15:26:45.415,0.79718,0.79727,1.00,3.19
2017.09.18 15:26:45.722,0.7972,0.79728,1.00,4.50
2017.09.18 15:26:46.239,0.79721,0.79727,1.00,1.25
2017.09.18 15:26:47.896,0.79721,0.79728,1.00,2.81
2017.09.18 15:26:48.406,0.79721,0.79727,1.00,1.25
2017.09.18 15:26:48.923,0.79721,0.79729,1.31,1.88
2017.09.18 15:26:49.457,0.79722,0.79731,1.00,4.69
2017.09.18 15:26:49.961,0.79722,0.79731,1.00,2.62
2017.09.18 15:26:51.096,0.79724,0.79731,1.00,1.31
2017.09.18 15:26:52.787,0.79724,0.79731,1.00,1.25
2017.09.18 15:26:52.940,0.79725,0.79733,1.00,3.00
2017.09.18 15:26:53.099,0.79727,0.79735,1.00,1.37
2017.09.18 15:26:53.151,0.79728,0.79737,2.70,1.00
2017.09.18 15:26:53.254,0.79727,0.79735,1.95,1.69
2017.09.18 15:26:53.766,0.79726,0.79734,1.25,1.00
2017.09.18 15:26:54.236,0.79724,0.79734,5.70,1.19
2017.09.18 15:26:54.390,0.79726,0.79734,1.00,3.94
2017.09.18 15:26:54.905,0.79724,0.79732,1.69,2.44
2017.09.18 15:26:55.510,0.79723,0.79732,4.31,1.69
2017.09.18 15:26:56.032,0.79723,0.79731,2.81,1.00
2017.09.18 15:26:56.425,0.79723,0.79733,2.51,2.06
2017.09.18 15:26:56.967,0.79723,0.79732,2.81,1.50
2017.09.18 15:26:57.468,0.79724,0.79734,1.76,4.31
2017.09.18 15:26:57.723,0.79726,0.79735,1.00,1.62
2017.09.18 15:26:58.245,0.79726,0.79735,1.00,8.44
2017.09.18 15:26:58.764,0.79727,0.79734,1.00,1.50
2017.09.18 15:26:59.386,0.79727,0.79735,1.00,3.37
2017.09.18 15:26:59.931,0.79727,0.79734,1.00,1.50
2017.09.18 15:27:00.114,0.79725,0.79734,1.00,1.31
2017.09.18 15:27:00.643,0.79725,0.79734,1.00,3.75
2017.09.18 15:27:01.246,0.79725,0.79734,1.25,2.62
2017.09.18 15:27:02.491,0.79725,0.79731,1.25,1.00
2017.09.18 15:27:03.029,0.79723,0.79732,1.00,1.69
2017.09.18 15:27:03.081,0.79725,0.79733,1.00,1.19
2017.09.18 15:27:03.235,0.79725,0.79734,1.00,2.25
2017.09.18 15:27:04.605,0.79725,0.79734,1.00,1.31
2017.09.18 15:27:05.444,0.79725,0.79734,1.00,1.15
2017.09.18 15:27:05.983,0.79726,0.79734,1.00,1.00
2017.09.18 15:27:06.492,0.79726,0.79735,1.00,3.67
2017.09.18 15:27:07.025,0.79726,0.79735,1.00,4.80
2017.09.18 15:27:07.197,0.7973,0.79735,1.00,1.15
2017.09.18 15:27:07.248,0.79732,0.79738,1.00,1.50
2017.09.18 15:27:07.453,0.79734,0.7974,1.00,2.36
2017.09.18 15:27:07.963,0.79734,0.79739,1.00,1.50
2017.09.18 15:27:08.015,0.79734,0.79741,1.00,2.74
2017.09.18 15:27:08.602,0.79734,0.7974,1.00,1.15
2017.09.18 15:27:09.121,0.79734,0.79741,1.00,2.74
2017.09.18 15:27:09.674,0.79734,0.79743,1.00,5.06
2017.09.18 15:27:09.827,0.79735,0.79745,1.00,4.50
2017.09.18 15:27:09.930,0.79735,0.79744,1.00,2.55
2017.09.18 15:27:09.981,0.79735,0.79744,1.00,2.25
2017.09.18 15:27:10.218,0.79735,0.79742,1.00,1.50
2017.09.18 15:27:10.775,0.79735,0.79743,1.00,2.25
2017.09.18 15:27:11.463,0.79735,0.79742,1.00,1.00
2017.09.18 15:27:12.059,0.79735,0.79743,1.00,2.25
2017.09.18 15:27:12.592,0.79735,0.79742,1.00,1.00
2017.09.18 15:27:13.406,0.79735,0.79743,1.00,3.00
2017.09.18 15:27:13.926,0.79734,0.79742,1.12,1.00
2017.09.18 15:27:14.783,0.79734,0.79743,1.00,3.75
2017.09.18 15:27:15.526,0.79734,0.79742,1.00,1.25
2017.09.18 15:27:16.236,0.79734,0.79743,1.00,3.19
2017.09.18 15:27:17.808,0.79734,0.79742,1.00,1.00
2017.09.18 15:27:18.435,0.79734,0.79743,1.00,4.12
2017.09.18 15:27:20.350,0.79733,0.7974,1.31,2.25
2017.09.18 15:27:20.663,0.79726,0.79734,1.50,1.00
2017.09.18 15:27:21.841,0.79728,0.79736,1.00,1.12
2017.09.18 15:27:21.995,0.79729,0.79738,1.12,1.25
2017.09.18 15:27:22.199,0.79733,0.7974,1.00,3.75
2017.09.18 15:27:22.757,0.79733,0.79741,1.00,3.26
2017.09.18 15:27:23.066,0.79733,0.79739,1.00,1.00
2017.09.18 15:27:23.567,0.79733,0.7974,1.00,1.00
2017.09.18 15:27:24.435,0.79733,0.79739,1.00,1.00
2017.09.18 15:27:25.084,0.79733,0.7974,1.00,1.25
2017.09.18 15:27:25.187,0.79728,0.79737,4.01,4.50
2017.09.18 15:27:25.341,0.79727,0.79735,2.44,1.50
2017.09.18 15:27:25.848,0.79727,0.79736,1.50,3.75
2017.09.18 15:27:26.373,0.79728,0.79736,1.00,2.25
2017.09.18 15:27:26.901,0.79728,0.79737,1.00,5.70
2017.09.18 15:27:27.569,0.79728,0.79736,1.00,1.50
2017.09.18 15:27:28.303,0.79728,0.79737,1.00,5.70
2017.09.18 15:27:28.608,0.7973,0.79737,1.12,1.50
2017.09.18 15:27:29.062,0.79731,0.79739,1.00,3.94
2017.09.18 15:27:29.368,0.79731,0.79737,1.00,1.25
2017.09.18 15:27:29.901,0.79733,0.79738,1.00,1.50
2017.09.18 15:27:29.953,0.79733,0.7974,1.00,2.06
2017.09.18 15:27:30.056,0.79729,0.79731,1.00,2.44
2017.09.18 15:27:30.108,0.79719,0.79724,1.00,1.00
2017.09.18 15:27:30.210,0.79716,0.79723,1.00,1.12
2017.09.18 15:27:30.313,0.79716,0.79721,1.00,2.25
2017.09.18 15:27:30.622,0.79707,0.79713,2.81,1.00
2017.09.18 15:27:30.674,0.79706,0.79713,1.12,1.00
2017.09.18 15:27:30.979,0.79706,0.79713,1.12,1.00
2017.09.18 15:27:31.284,0.79706,0.79715,1.37,1.00
2017.09.18 15:27:33.833,0.79706,0.79714,3.56,1.00
2017.09.18 15:27:33.988,0.79708,0.79716,1.50,1.20
2017.09.18 15:27:34.090,0.79708,0.79718,2.81,1.00
2017.09.18 15:27:34.356,0.7971,0.79718,1.50,1.00
2017.09.18 15:27:36.051,0.79709,0.79718,3.94,1.00
2017.09.18 15:27:36.571,0.7971,0.79717,1.50,1.00
2017.09.18 15:27:39.300,0.7971,0.79719,1.50,1.00
2017.09.18 15:27:40.125,0.7971,0.79719,1.50,1.00
2017.09.18 15:27:41.654,0.7971,0.79719,1.87,1.00
2017.09.18 15:27:42.415,0.79711,0.7972,1.12,1.00
2017.09.18 15:27:43.451,0.79711,0.7972,1.87,2.25
2017.09.18 15:27:50.289,0.7971,0.7972,2.44,2.44
2017.09.18 15:27:50.544,0.79709,0.79717,1.25,1.69
2017.09.18 15:27:51.052,0.79709,0.79717,1.62,1.00
2017.09.18 15:27:51.593,0.79711,0.79718,1.00,1.00
2017.09.18 15:27:52.467,0.79711,0.79719,1.12,1.00
2017.09.18 15:27:53.773,0.7971,0.7972,3.00,1.10
2017.09.18 15:27:54.323,0.79712,0.7972,1.62,2.06
2017.09.18 15:27:54.374,0.79713,0.79721,1.25,1.00
2017.09.18 15:27:54.914,0.79712,0.7972,1.31,1.25
2017.09.18 15:27:55.222,0.79711,0.79717,2.06,1.00
2017.09.18 15:27:55.726,0.7971,0.79717,1.37,1.00
2017.09.18 15:27:56.362,0.7971,0.79717,1.12,1.00
2017.09.18 15:27:59.170,0.7971,0.79718,1.12,2.25
2017.09.18 15:27:59.859,0.79709,0.79719,4.39,1.69
2017.09.18 15:28:00.470,0.79709,0.79719,3.64,2.44
2017.09.18 15:28:00.776,0.79704,0.79711,1.00,1.00
2017.09.18 15:28:01.340,0.79704,0.7971,1.00,1.00
2017.09.18 15:28:01.854,0.79702,0.7971,2.06,1.00
2017.09.18 15:28:03.941,0.79706,0.79712,1.50,1.00
2017.09.18 15:28:03.992,0.79704,0.79712,1.95,1.00
2017.09.18 15:28:04.503,0.79706,0.79714,1.62,1.00
2017.09.18 15:28:04.555,0.79706,0.79716,3.45,1.00
2017.09.18 15:28:05.653,0.79708,0.79716,1.76,1.00
2017.09.18 15:28:07.723,0.79709,0.79717,1.50,1.00
2017.09.18 15:28:08.233,0.79709,0.79717,1.37,1.00
2017.09.18 15:28:12.530,0.7971,0.79719,1.87,1.25
2017.09.18 15:28:15.067,0.79711,0.79719,1.00,1.00
2017.09.18 15:28:15.595,0.7971,0.79719,6.07,1.00
2017.09.18 15:28:16.110,0.79711,0.79719,1.00,1.00
2017.09.18 15:28:25.348,0.79711,0.7972,1.31,1.00
2017.09.18 15:28:26.526,0.79711,0.7972,2.44,1.00
2017.09.18 15:28:27.088,0.79711,0.7972,2.06,1.00
2017.09.18 15:28:28.869,0.79711,0.7972,2.81,1.00
2017.09.18 15:28:29.395,0.79711,0.7972,5.06,1.00
2017.09.18 15:28:31.591,0.79711,0.7972,4.50,1.00
2017.09.18 15:28:31.965,0.79714,0.79723,2.06,1.00
2017.09.18 15:28:32.486,0.79715,0.79724,1.31,1.00
2017.09.18 15:28:33.267,0.79715,0.79724,1.31,1.69
2017.09.18 15:28:33.840,0.79715,0.79722,1.31,1.00
2017.09.18 15:28:34.634,0.79713,0.79722,1.87,2.62
2017.09.18 15:28:35.150,0.79712,0.79722,3.19,2.06
2017.09.18 15:28:39.906,0.79713,0.79719,1.00,1.87
2017.09.18 15:28:39.957,0.79711,0.79719,1.00,3.00
2017.09.18 15:28:40.470,0.7971,0.79719,1.69,2.06
2017.09.18 15:28:41.300,0.79711,0.79719,1.25,1.87
2017.09.18 15:28:41.897,0.79713,0.79719,1.00,1.00
2017.09.18 15:28:42.304,0.79711,0.79719,1.00,1.50
2017.09.18 15:28:44.097,0.7971,0.79719,6.41,1.50
2017.09.18 15:28:44.655,0.7971,0.79719,8.29,1.50
2017.09.18 15:28:45.616,0.7971,0.79719,5.44,1.12
2017.09.18 15:28:46.130,0.79711,0.79719,1.00,1.12
2017.09.18 15:28:46.651,0.7971,0.79718,1.62,1.12
2017.09.18 15:28:46.855,0.79713,0.79721,1.25,1.50
2017.09.18 15:28:46.958,0.79717,0.79727,1.00,3.56
2017.09.18 15:28:47.061,0.79717,0.79727,2.70,2.62
2017.09.18 15:28:47.349,0.79718,0.79728,1.25,4.13
2017.09.18 15:28:47.451,0.79718,0.79727,1.25,1.19
2017.09.18 15:28:47.873,0.79716,0.79724,1.87,2.25
2017.09.18 15:28:48.128,0.79714,0.79722,1.00,1.37
2017.09.18 15:28:48.629,0.79713,0.79722,1.31,1.37
2017.09.18 15:28:49.355,0.79714,0.79721,1.00,1.12
2017.09.18 15:28:49.893,0.79713,0.79721,1.39,1.12
2017.09.18 15:28:55.801,0.79712,0.79721,4.31,1.50
2017.09.18 15:29:03.531,0.79712,0.79721,4.50,1.00
2017.09.18 15:29:06.829,0.79712,0.79721,2.25,1.12
2017.09.18 15:29:07.135,0.79714,0.79723,1.00,3.37
2017.09.18 15:29:07.650,0.79714,0.79722,1.00,1.25
2017.09.18 15:29:08.486,0.79717,0.79724,1.00,2.06
2017.09.18 15:29:08.996,0.79716,0.79724,1.00,1.00
2017.09.18 15:29:09.842,0.79716,0.79723,1.00,2.06
2017.09.18 15:29:14.338,0.79715,0.79723,1.12,1.63
2017.09.18 15:29:26.067,0.79715,0.79724,1.00,3.19
2017.09.18 15:29:28.380,0.79715,0.79724,1.00,3.75
2017.09.18 15:29:28.482,0.79717,0.79724,1.00,1.31
2017.09.18 15:29:28.828,0.79722,0.79729,1.00,1.12
2017.09.18 15:29:29.339,0.79723,0.79729,1.00,1.13
2017.09.18 15:29:29.442,0.79723,0.79731,1.00,1.50
2017.09.18 15:29:30.295,0.79723,0.79732,1.00,4.69
2017.09.18 15:29:30.984,0.79723,0.79732,1.00,3.94
2017.09.18 15:29:36.512,0.79723,0.79732,1.00,2.44
2017.09.18 15:29:37.562,0.79723,0.79732,1.00,4.31
2017.09.18 15:29:38.088,0.79722,0.79732,1.50,1.00
2017.09.18 15:29:39.299,0.79722,0.79732,3.45,1.69
2017.09.18 15:29:39.909,0.79724,0.79732,1.44,1.00
2017.09.18 15:29:40.423,0.79725,0.79733,1.00,1.00
2017.09.18 15:29:41.535,0.79727,0.79734,1.00,1.37
2017.09.18 15:29:41.588,0.79727,0.79736,1.00,2.81
2017.09.18 15:29:41.741,0.79729,0.79737,1.00,6.00
2017.09.18 15:29:42.284,0.79729,0.79736,1.00,1.00
2017.09.18 15:29:42.460,0.79727,0.79735,1.25,1.12
2017.09.18 15:29:42.766,0.79729,0.79735,1.00,1.50
2017.09.18 15:29:42.817,0.79727,0.79736,1.25,2.62
2017.09.18 15:29:42.919,0.79727,0.79736,1.00,13.31
2017.09.18 15:29:43.515,0.79727,0.79735,1.00,1.00
2017.09.18 15:29:44.128,0.79727,0.79734,1.00,1.87
2017.09.18 15:29:45.420,0.79727,0.79735,1.00,1.50
2017.09.18 15:29:45.798,0.7973,0.79735,1.00,1.00
2017.09.18 15:29:45.850,0.79732,0.79738,1.00,1.00
2017.09.18 15:29:45.954,0.79734,0.79739,1.00,1.87
2017.09.18 15:29:46.465,0.79734,0.79739,1.00,1.50
2017.09.18 15:29:46.768,0.79733,0.79741,1.00,1.69
2017.09.18 15:29:47.453,0.79734,0.79741,1.00,3.00
2017.09.18 15:29:48.004,0.79735,0.79743,1.00,1.31
2017.09.18 15:29:48.106,0.79737,0.79744,1.00,3.19
2017.09.18 15:29:49.565,0.79738,0.79744,1.00,1.50
2017.09.18 15:29:49.667,0.79738,0.79746,1.00,3.37
2017.09.18 15:29:50.179,0.79738,0.79745,1.00,1.00
2017.09.18 15:29:51.192,0.79739,0.79745,1.00,2.44
2017.09.18 15:29:51.243,0.7974,0.79747,1.00,1.12
2017.09.18 15:29:51.396,0.79737,0.79746,1.25,6.37
2017.09.18 15:29:51.549,0.7974,0.79747,1.00,5.81
2017.09.18 15:29:51.601,0.79738,0.79746,2.62,1.50
2017.09.18 15:29:51.806,0.7974,0.79748,1.00,1.00
2017.09.18 15:29:52.140,0.79741,0.7975,1.00,4.31
2017.09.18 15:29:52.651,0.79744,0.79749,1.00,1.50
2017.09.18 15:29:53.162,0.79744,0.7975,1.00,2.25
2017.09.18 15:29:53.710,0.79744,0.79751,1.00,1.00
2017.09.18 15:29:54.230,0.79745,0.79754,1.00,4.39
2017.09.18 15:29:54.580,0.79746,0.79755,1.25,2.25
2017.09.18 15:29:55.090,0.79746,0.79754,1.25,1.50
2017.09.18 15:29:55.439,0.79746,0.79752,1.25,1.00
2017.09.18 15:29:55.948,0.79746,0.79753,1.25,1.50
2017.09.18 15:29:56.595,0.79746,0.79755,1.25,3.00
2017.09.18 15:29:57.590,0.79746,0.79755,1.69,3.75
2017.09.18 15:29:58.140,0.79746,0.79755,1.25,4.87
2017.09.18 15:29:58.683,0.79746,0.79755,1.25,3.00
2017.09.18 15:29:59.196,0.79746,0.79753,1.69,1.50
2017.09.18 15:30:00.121,0.79747,0.79754,1.00,2.44
2017.09.18 15:30:00.349,0.79745,0.79752,1.12,1.00
2017.09.18 15:30:00.451,0.79745,0.7975,1.00,1.00
2017.09.18 15:30:00.553,0.79745,0.79752,1.00,1.00
2017.09.18 15:30:00.656,0.79747,0.79753,1.00,1.12
2017.09.18 15:30:01.829,0.79746,0.79754,1.00,5.44
2017.09.18 15:30:02.360,0.79746,0.79753,1.00,1.25
2017.09.18 15:30:02.971,0.79746,0.79754,1.00,3.94
2017.09.18 15:30:04.040,0.79746,0.79753,1.00,1.87
2017.09.18 15:30:04.530,0.79744,0.79751,1.19,1.00
2017.09.18 15:30:04.633,0.79743,0.7975,1.50,1.00
2017.09.18 15:30:04.684,0.79741,0.79746,2.62,3.75
2017.09.18 15:30:04.787,0.79737,0.79745,2.81,2.25
2017.09.18 15:30:04.942,0.79736,0.79745,1.69,2.25
2017.09.18 15:30:05.458,0.79736,0.79745,1.00,1.50
2017.09.18 15:30:05.601,0.79739,0.79747,1.00,3.19
2017.09.18 15:30:05.907,0.79737,0.79745,1.39,1.69
2017.09.18 15:30:06.413,0.79737,0.79745,1.00,3.00
2017.09.18 15:30:06.931,0.79737,0.79744,1.00,1.37
2017.09.18 15:30:10.030,0.79737,0.79745,1.00,3.00
2017.09.18 15:30:12.917,0.79738,0.79745,1.00,2.62
2017.09.18 15:30:13.487,0.79738,0.79744,1.00,1.37
2017.09.18 15:30:13.589,0.79738,0.79745,1.00,1.87
2017.09.18 15:30:14.763,0.79736,0.79745,1.25,2.06
2017.09.18 15:30:15.641,0.79741,0.79746,1.00,1.69
2017.09.18 15:30:16.000,0.79742,0.79751,1.00,1.00
2017.09.18 15:30:16.511,0.79743,0.79752,1.00,1.37
2017.09.18 15:30:17.374,0.79743,0.79752,1.25,2.62
2017.09.18 15:30:17.426,0.79742,0.79749,1.31,1.00
2017.09.18 15:30:17.949,0.79742,0.7975,1.31,1.00
2017.09.18 15:30:18.255,0.79743,0.79752,1.25,3.37
2017.09.18 15:30:18.510,0.79743,0.7975,1.25,1.00
2017.09.18 15:30:18.823,0.79741,0.79746,1.25,1.87
2017.09.18 15:30:19.383,0.7974,0.79745,1.31,1.37
2017.09.18 15:30:19.485,0.79735,0.79745,3.37,1.37
2017.09.18 15:30:20.685,0.79734,0.79744,3.94,1.12
2017.09.18 15:30:21.188,0.79735,0.79744,1.00,1.31
2017.09.18 15:30:21.363,0.79737,0.79744,1.00,1.25
2017.09.18 15:30:21.517,0.79735,0.79746,4.39,4.12
2017.09.18 15:30:21.921,0.79735,0.79744,2.70,1.00
2017.09.18 15:30:22.446,0.79735,0.79745,1.95,2.81
2017.09.18 15:30:23.083,0.79735,0.79744,2.70,1.25
2017.09.18 15:30:23.608,0.79735,0.79745,2.32,2.81
2017.09.18 15:30:24.430,0.79735,0.79744,2.32,1.25
2017.09.18 15:30:25.107,0.79735,0.79745,2.32,3.00
2017.09.18 15:30:25.809,0.79735,0.79744,2.32,1.44
2017.09.18 15:30:26.329,0.79735,0.79745,2.25,1.50
2017.09.18 15:30:26.863,0.79735,0.79743,2.25,1.25
2017.09.18 15:30:27.393,0.79735,0.79744,1.00,2.25
2017.09.18 15:30:30.789,0.79735,0.79744,1.00,1.12
2017.09.18 15:30:33.113,0.79736,0.79745,1.00,4.31
2017.09.18 15:30:34.093,0.79736,0.79743,1.00,1.00
2017.09.18 15:30:35.034,0.79736,0.79744,1.00,1.12
2017.09.18 15:30:35.565,0.79736,0.79743,1.00,1.00
2017.09.18 15:30:36.452,0.79736,0.79744,1.00,1.12
2017.09.18 15:30:37.135,0.79736,0.79743,1.00,1.00
2017.09.18 15:30:38.206,0.79736,0.79744,1.00,1.12
2017.09.18 15:30:39.639,0.79736,0.79743,1.00,1.00
2017.09.18 15:30:40.223,0.79736,0.79744,1.00,1.12
2017.09.18 15:30:41.103,0.79736,0.79743,1.00,1.00
2017.09.18 15:30:53.888,0.79735,0.79743,1.12,1.87
2017.09.18 15:30:57.175,0.79736,0.79744,1.00,1.37
2017.09.18 15:30:57.655,0.79735,0.79745,1.87,1.87
2017.09.18 15:30:57.707,0.79741,0.79746,1.00,1.50
2017.09.18 15:30:57.760,0.79738,0.79747,1.00,1.47
2017.09.18 15:30:57.811,0.79741,0.79747,1.00,1.12
2017.09.18 15:30:58.357,0.7974,0.79748,1.00,2.81
2017.09.18 15:30:58.926,0.79739,0.79747,1.00,1.31
2017.09.18 15:30:59.362,0.79736,0.79744,1.00,1.00
2017.09.18 15:30:59.669,0.79735,0.79741,1.31,1.00
2017.09.18 15:31:11.717,0.79736,0.79741,1.00,1.00
2017.09.18 15:31:14.781,0.79735,0.79741,1.31,1.00
2017.09.18 15:31:15.360,0.79736,0.79741,1.00,1.00
2017.09.18 15:31:16.392,0.79735,0.79741,1.12,1.00
2017.09.18 15:31:16.896,0.79736,0.79741,1.00,1.00
2017.09.18 15:31:18.623,0.79735,0.79741,1.12,1.00
2017.09.18 15:31:19.482,0.79736,0.79741,1.00,1.00
2017.09.18 15:31:20.176,0.79735,0.79741,1.12,1.00
2017.09.18 15:31:23.798,0.79736,0.79741,1.00,1.00
2017.09.18 15:31:24.474,0.79735,0.79741,1.12,1.00
2017.09.18 15:31:26.324,0.79736,0.79741,1.00,1.00
2017.09.18 15:31:28.370,0.79739,0.79745,1.50,1.50
2017.09.18 15:31:28.475,0.79739,0.79747,3.00,1.25
2017.09.18 15:31:29.046,0.79739,0.79748,3.75,1.00
2017.09.18 15:31:29.596,0.79738,0.79746,2.62,1.00
2017.09.18 15:31:29.902,0.79736,0.79742,1.00,1.00
2017.09.18 15:31:30.236,0.79736,0.79745,3.56,1.00
2017.09.18 15:31:30.390,0.79736,0.79743,4.12,1.00
2017.09.18 15:31:30.441,0.79735,0.79743,2.25,1.00
2017.09.18 15:31:30.951,0.79736,0.79742,1.00,1.00
2017.09.18 15:31:34.006,0.79735,0.79742,1.12,1.00
2017.09.18 15:31:36.211,0.79738,0.79747,1.00,5.44
2017.09.18 15:31:36.519,0.7974,0.79748,1.12,5.62
2017.09.18 15:31:38.731,0.7974,0.79749,1.12,3.94
2017.09.18 15:31:39.259,0.79741,0.7975,1.00,1.19
2017.09.18 15:31:44.041,0.79742,0.7975,1.00,1.19
2017.09.18 15:31:46.308,0.79741,0.7975,1.00,1.31
2017.09.18 15:31:46.913,0.7974,0.7975,3.00,3.19
2017.09.18 15:31:48.883,0.79741,0.7975,2.44,1.12
2017.09.18 15:31:49.384,0.79741,0.7975,1.87,1.00
2017.09.18 15:31:49.888,0.79742,0.7975,1.00,1.00
2017.09.18 15:31:51.588,0.79742,0.7975,3.75,1.00
2017.09.18 15:31:52.198,0.79742,0.7975,3.64,1.00
2017.09.18 15:31:54.937,0.79742,0.7975,3.00,1.00
2017.09.18 15:31:55.924,0.79742,0.7975,2.06,1.00
2017.09.18 15:31:56.546,0.79742,0.7975,2.25,1.00
2017.09.18 15:31:57.207,0.79742,0.7975,1.31,1.00
2017.09.18 15:31:57.763,0.79743,0.7975,1.00,1.00
2017.09.18 15:31:58.315,0.79742,0.7975,1.12,1.00
2017.09.18 15:31:59.002,0.79742,0.7975,1.50,1.00
2017.09.18 15:31:59.341,0.79744,0.79752,1.12,1.00
2017.09.18 15:31:59.786,0.79745,0.79752,1.69,1.00
2017.09.18 15:31:59.990,0.79744,0.79752,1.12,1.00
2017.09.18 15:32:02.911,0.79743,0.79754,1.87,3.37
2017.09.18 15:32:03.522,0.79743,0.79754,1.87,2.62
2017.09.18 15:32:04.127,0.79743,0.79753,2.81,1.00
2017.09.18 15:32:04.671,0.79744,0.79752,1.50,1.50
2017.09.18 15:32:05.284,0.79744,0.79753,1.37,4.12
2017.09.18 15:32:05.832,0.79744,0.79752,1.37,1.50
2017.09.18 15:32:08.146,0.79745,0.79753,1.00,1.50
2017.09.18 15:32:08.745,0.79746,0.79753,1.00,1.00
2017.09.18 15:32:10.038,0.79746,0.79752,1.00,1.00
2017.09.18 15:32:10.351,0.79746,0.79754,1.00,3.19
2017.09.18 15:32:11.042,0.79745,0.79753,1.12,1.00
2017.09.18 15:32:11.661,0.79745,0.79752,1.12,1.00
2017.09.18 15:32:12.223,0.79745,0.79753,1.12,1.00
2017.09.18 15:32:12.726,0.79745,0.79752,1.12,1.00
2017.09.18 15:32:13.235,0.79745,0.79753,1.12,1.00
2017.09.18 15:32:13.849,0.79745,0.79752,1.12,1.00
2017.09.18 15:32:13.951,0.79745,0.79754,1.12,1.69
2017.09.18 15:32:14.419,0.79746,0.79752,1.00,1.50
2017.09.18 15:32:14.882,0.79746,0.79754,1.00,3.19
2017.09.18 15:32:15.534,0.79745,0.79754,1.12,2.51
2017.09.18 15:32:16.062,0.79746,0.79753,1.00,1.00
2017.09.18 15:32:16.610,0.79745,0.79753,1.87,1.00
2017.09.18 15:32:17.160,0.79746,0.79753,1.00,1.00
2017.09.18 15:32:19.217,0.79745,0.7975,1.12,1.00
2017.09.18 15:32:23.819,0.79746,0.79752,1.00,1.00
2017.09.18 15:32:24.024,0.79748,0.79755,1.12,1.56
2017.09.18 15:32:24.077,0.79749,0.79757,1.69,1.19
2017.09.18 15:32:24.332,0.79747,0.79755,1.12,1.12
2017.09.18 15:32:24.383,0.79746,0.79753,1.87,1.00
2017.09.18 15:32:24.727,0.79746,0.79751,1.00,1.00
2017.09.18 15:32:25.436,0.79745,0.79751,1.31,1.00
2017.09.18 15:32:26.891,0.79745,0.79752,1.87,1.00
2017.09.18 15:32:28.330,0.79746,0.79752,1.00,1.00
2017.09.18 15:32:31.640,0.79745,0.79752,1.12,1.00
2017.09.18 15:32:31.969,0.79745,0.7975,1.12,1.00
2017.09.18 15:32:34.680,0.79746,0.7975,1.00,1.00
2017.09.18 15:32:35.227,0.79745,0.7975,1.12,1.12
2017.09.18 15:32:37.001,0.79745,0.79752,1.12,1.12
2017.09.18 15:32:42.206,0.79746,0.79752,1.00,1.87
2017.09.18 15:32:42.604,0.79742,0.79752,1.69,1.87
2017.09.18 15:32:43.114,0.79742,0.7975,1.19,1.00
2017.09.18 15:32:43.634,0.79742,0.7975,1.25,1.00
2017.09.18 15:32:45.903,0.7974,0.79749,3.00,1.00
2017.09.18 15:32:46.007,0.79739,0.79748,2.06,1.00
2017.09.18 15:32:46.802,0.79738,0.79747,2.47,1.50
2017.09.18 15:32:48.173,0.79739,0.79748,1.87,2.25
2017.09.18 15:32:50.472,0.7974,0.79748,1.00,1.12
2017.09.18 15:32:51.473,0.7974,0.79748,1.44,1.12
2017.09.18 15:32:51.985,0.7974,0.79748,1.00,1.12
2017.09.18 15:33:00.735,0.79739,0.79748,2.70,1.50
2017.09.18 15:33:01.408,0.79738,0.79747,2.06,1.00
2017.09.18 15:33:01.962,0.79738,0.79748,2.81,1.00
2017.09.18 15:33:02.490,0.79738,0.79748,3.26,1.31
2017.09.18 15:33:02.541,0.7974,0.79748,1.00,1.00
2017.09.18 15:33:02.947,0.79739,0.79744,1.12,1.00
2017.09.18 15:33:03.053,0.79736,0.79743,1.87,1.00
2017.09.18 15:33:03.207,0.79738,0.79746,1.50,1.87
2017.09.18 15:33:03.362,0.79741,0.79748,1.00,1.31
2017.09.18 15:33:03.460,0.79739,0.79748,2.89,1.31
2017.09.18 15:33:03.512,0.79739,0.79749,3.56,2.44
2017.09.18 15:33:04.137,0.79739,0.79748,1.00,4.69
2017.09.18 15:33:04.509,0.79737,0.79744,1.00,1.50
2017.09.18 15:33:04.561,0.79739,0.79748,2.14,3.56
2017.09.18 15:33:05.070,0.79739,0.79748,2.06,3.00
2017.09.18 15:33:05.172,0.79739,0.79746,1.12,1.00
2017.09.18 15:33:05.723,0.79737,0.79748,3.19,6.38
2017.09.18 15:33:06.582,0.79738,0.79748,1.00,6.00
2017.09.18 15:33:07.447,0.79739,0.79747,1.00,1.50
2017.09.18 15:33:08.837,0.79737,0.79748,5.14,7.13
2017.09.18 15:33:09.086,0.79739,0.79748,1.00,4.12
2017.09.18 15:33:09.244,0.79739,0.79748,3.00,1.31
2017.09.18 15:33:09.752,0.7974,0.79749,1.00,2.06
2017.09.18 15:33:19.171,0.79741,0.79749,1.00,2.06
2017.09.18 15:33:22.911,0.7974,0.79749,1.12,1.31
2017.09.18 15:33:23.975,0.7974,0.79749,2.25,1.31
2017.09.18 15:33:24.495,0.7974,0.79749,2.06,1.31
2017.09.18 15:33:26.359,0.7974,0.79749,2.25,1.31
2017.09.18 15:33:26.983,0.7974,0.79749,1.88,1.31
2017.09.18 15:33:27.199,0.79741,0.7975,1.44,2.44
2017.09.18 15:33:27.767,0.7974,0.7975,3.08,2.44
2017.09.18 15:33:27.870,0.7974,0.7975,3.64,2.25
2017.09.18 15:33:28.683,0.79741,0.7975,1.31,1.50
2017.09.18 15:33:29.993,0.79741,0.79751,1.31,2.63
2017.09.18 15:33:32.710,0.79743,0.79751,1.00,1.25
2017.09.18 15:33:33.183,0.79747,0.79754,1.87,1.50
2017.09.18 15:33:33.643,0.79747,0.79756,1.87,1.00
2017.09.18 15:33:34.552,0.79748,0.79756,1.00,1.00
2017.09.18 15:33:35.817,0.79747,0.79756,1.00,1.69
2017.09.18 15:33:36.371,0.79749,0.79756,1.00,1.00
2017.09.18 15:33:38.502,0.7975,0.79758,1.00,1.87
2017.09.18 15:33:40.661,0.7975,0.79759,1.12,3.75
2017.09.18 15:33:40.866,0.79752,0.7976,1.00,1.69
2017.09.18 15:33:41.020,0.79752,0.7976,1.50,1.00
2017.09.18 15:33:41.869,0.79752,0.7976,1.50,2.62
2017.09.18 15:33:42.383,0.79751,0.7976,1.00,4.69
2017.09.18 15:33:43.881,0.79749,0.79758,4.57,1.12
2017.09.18 15:33:44.273,0.79749,0.79756,1.69,1.00
2017.09.18 15:33:44.956,0.79749,0.79756,1.00,1.00
2017.09.18 15:33:45.696,0.79749,0.79758,2.70,1.12
2017.09.18 15:33:46.237,0.79749,0.79758,4.39,1.12
2017.09.18 15:33:47.963,0.79751,0.79758,1.00,1.12
2017.09.18 15:33:50.026,0.79749,0.79758,4.20,2.25
2017.09.18 15:33:52.070,0.79749,0.79757,1.37,1.37
2017.09.18 15:33:53.699,0.79748,0.79753,1.37,1.00
2017.09.18 15:33:53.751,0.79747,0.79755,1.12,1.50
2017.09.18 15:33:54.261,0.79746,0.79756,1.12,9.83
2017.09.18 15:33:57.239,0.79746,0.79755,1.12,2.25
2017.09.18 15:34:00.097,0.79746,0.79752,1.12,1.00
2017.09.18 15:34:00.704,0.79745,0.79752,1.50,1.00
2017.09.18 15:34:00.755,0.79742,0.79752,4.39,1.00
2017.09.18 15:34:02.510,0.79743,0.79752,1.39,1.00
2017.09.18 15:34:09.592,0.79742,0.79752,1.56,1.12
2017.09.18 15:34:09.643,0.79742,0.7975,1.56,1.00
2017.09.18 15:34:09.797,0.79741,0.7975,1.12,1.00
2017.09.18 15:34:09.850,0.7974,0.7975,2.44,2.63
2017.09.18 15:34:10.056,0.79736,0.79746,5.06,1.12
2017.09.18 15:34:10.107,0.79735,0.79743,3.56,1.00
2017.09.18 15:34:10.639,0.79735,0.79742,1.00,1.00
2017.09.18 15:34:12.208,0.79735,0.79742,1.44,1.00
2017.09.18 15:34:14.632,0.79736,0.79744,3.56,1.00
2017.09.18 15:34:14.735,0.79736,0.79742,1.00,1.00
2017.09.18 15:34:15.244,0.79735,0.79742,1.00,1.00
2017.09.18 15:34:15.746,0.79736,0.79742,1.00,1.00
2017.09.18 15:34:16.281,0.79735,0.79742,1.00,1.00
2017.09.18 15:34:16.869,0.79736,0.79742,1.00,1.00
2017.09.18 15:34:17.858,0.79735,0.79742,1.00,1.00
2017.09.18 15:34:18.909,0.79734,0.79742,1.12,1.00
2017.09.18 15:34:19.418,0.79734,0.79742,1.88,1.00
2017.09.18 15:34:20.135,0.79734,0.79742,1.69,1.00
2017.09.18 15:34:20.654,0.79734,0.79742,1.88,1.00
2017.09.18 15:34:21.178,0.79734,0.79742,1.25,1.00
2017.09.18 15:34:21.991,0.79734,0.79742,1.88,1.00
2017.09.18 15:34:22.633,0.79738,0.79746,2.06,1.62
2017.09.18 15:34:23.143,0.79738,0.79746,2.25,1.62
2017.09.18 15:34:23.653,0.79738,0.79746,2.06,1.62
2017.09.18 15:34:24.302,0.79738,0.79746,3.38,1.62
2017.09.18 15:34:26.209,0.79737,0.79747,4.12,1.69
2017.09.18 15:34:26.311,0.79737,0.79747,6.19,1.12
2017.09.18 15:34:29.499,0.79737,0.79747,5.14,1.69
2017.09.18 15:34:29.752,0.79736,0.79744,1.00,1.50
2017.09.18 15:34:29.803,0.79735,0.79742,1.31,1.00
2017.09.18 15:34:30.939,0.79736,0.79745,3.00,1.12
2017.09.18 15:34:30.990,0.79738,0.79745,1.13,1.12
2017.09.18 15:34:31.501,0.79737,0.79747,1.50,2.25
2017.09.18 15:34:33.595,0.79738,0.79747,1.00,1.69
2017.09.18 15:34:34.150,0.79737,0.79747,1.00,1.69
2017.09.18 15:34:35.762,0.79738,0.79747,1.69,1.69
2017.09.18 15:34:36.271,0.7974,0.79749,1.12,2.44
2017.09.18 15:34:38.409,0.7974,0.79749,1.50,2.44
2017.09.18 15:34:39.398,0.7974,0.79749,1.50,2.44
2017.09.18 15:34:39.939,0.7974,0.79749,2.25,2.44
2017.09.18 15:34:40.714,0.79741,0.79749,1.13,1.69
2017.09.18 15:34:41.626,0.7974,0.79749,2.25,1.69
2017.09.18 15:34:48.765,0.79741,0.79749,1.00,1.69
2017.09.18 15:34:55.429,0.79741,0.79749,1.00,1.69
2017.09.18 15:34:55.953,0.79741,0.79749,1.00,1.87
2017.09.18 15:34:58.129,0.7974,0.79749,1.12,2.06
2017.09.18 15:34:59.620,0.79738,0.79748,2.14,5.06
2017.09.18 15:35:01.300,0.79736,0.79745,1.12,1.12
2017.09.18 15:35:01.351,0.79736,0.79742,1.37,1.00
2017.09.18 15:35:01.403,0.79735,0.79745,3.19,2.06
2017.09.18 15:35:01.882,0.79735,0.79744,2.44,1.50
2017.09.18 15:35:02.189,0.79735,0.79742,1.31,1.50
2017.09.18 15:35:02.692,0.79735,0.79742,1.31,1.00
2017.09.18 15:35:05.682,0.79736,0.79742,1.00,1.50
2017.09.18 15:35:07.046,0.79735,0.79742,1.12,1.87
2017.09.18 15:35:07.593,0.79734,0.79742,1.37,1.87
2017.09.18 15:35:09.977,0.79733,0.79742,1.25,2.62
2017.09.18 15:35:10.232,0.79732,0.79739,1.19,1.87
2017.09.18 15:35:10.283,0.7973,0.79739,2.06,1.87
2017.09.18 15:35:10.385,0.79729,0.79739,1.50,4.12
2017.09.18 15:35:10.905,0.79727,0.79737,2.06,2.25
2017.09.18 15:35:11.233,0.79727,0.79734,1.19,1.00
2017.09.18 15:35:11.285,0.79725,0.79734,1.39,1.12
2017.09.18 15:35:11.557,0.79725,0.79733,1.00,1.87
2017.09.18 15:35:12.077,0.79725,0.79732,1.00,1.37
2017.09.18 15:35:12.581,0.79726,0.79732,1.00,1.37
2017.09.18 15:35:13.355,0.79725,0.79732,1.00,1.37
2017.09.18 15:35:15.006,0.79725,0.79733,1.00,1.87
2017.09.18 15:35:19.368,0.79726,0.79732,1.00,1.12
2017.09.18 15:35:21.632,0.79725,0.79732,1.00,1.12
2017.09.18 15:35:22.209,0.79726,0.79732,1.00,1.12
2017.09.18 15:35:23.091,0.79725,0.79732,1.00,1.50
2017.09.18 15:35:23.601,0.79726,0.79732,1.00,1.12
2017.09.18 15:35:24.152,0.79725,0.79732,1.00,1.12
2017.09.18 15:35:24.650,0.79724,0.79728,1.00,1.00
2017.09.18 15:35:24.702,0.79722,0.79731,2.25,3.00
2017.09.18 15:35:24.804,0.7972,0.79726,2.62,1.31
2017.09.18 15:35:24.855,0.79716,0.79724,1.44,1.00
2017.09.18 15:35:25.059,0.79714,0.79724,1.69,1.31
2017.09.18 15:35:25.227,0.79714,0.79722,2.25,1.00
2017.09.18 15:35:25.534,0.7971,0.79717,1.19,1.00
2017.09.18 15:35:25.737,0.79708,0.79717,6.37,1.00
2017.09.18 15:35:25.840,0.79709,0.79717,1.87,1.00
2017.09.18 15:35:26.742,0.79708,0.79717,3.94,1.50
2017.09.18 15:35:36.782,0.79708,0.79713,1.69,1.00
2017.09.18 15:35:36.834,0.79704,0.79713,2.81,1.12
2017.09.18 15:35:37.017,0.79702,0.7971,2.44,1.12
2017.09.18 15:35:37.526,0.79703,0.79712,1.25,1.87
2017.09.18 15:35:40.465,0.79705,0.79712,1.50,1.87
2017.09.18 15:35:40.516,0.79707,0.79715,1.00,1.12
2017.09.18 15:35:41.082,0.79707,0.79718,1.50,8.44
2017.09.18 15:35:41.185,0.79706,0.79711,1.00,1.00
2017.09.18 15:35:41.418,0.79698,0.79706,2.06,1.12
2017.09.18 15:35:41.725,0.797,0.79708,1.00,1.37
2017.09.18 15:35:42.030,0.79699,0.79708,1.00,6.00
2017.09.18 15:35:42.465,0.79697,0.79706,1.00,7.76
2017.09.18 15:35:42.567,0.79698,0.79706,1.00,3.37
2017.09.18 15:35:44.093,0.79698,0.79707,1.25,2.62
2017.09.18 15:35:44.601,0.79698,0.79708,2.81,1.37
2017.09.18 15:35:45.876,0.79698,0.79709,5.89,4.12
2017.09.18 15:35:57.775,0.79701,0.7971,1.00,2.32
2017.09.18 15:35:58.548,0.79702,0.7971,1.00,4.76
2017.09.18 15:36:08.741,0.79702,0.79707,1.00,1.62
2017.09.18 15:36:08.792,0.79699,0.79707,1.25,1.37
2017.09.18 15:36:12.324,0.79699,0.79708,2.44,2.62
2017.09.18 15:36:14.815,0.797,0.79709,1.00,4.69
2017.09.18 15:36:25.546,0.79702,0.7971,1.00,4.95
2017.09.18 15:36:40.527,0.797,0.79707,1.00,1.00
2017.09.18 15:36:41.042,0.79701,0.7971,1.00,6.00
2017.09.18 15:36:43.216,0.797,0.79707,1.12,1.00
2017.09.18 15:36:43.779,0.79699,0.79706,1.00,1.31
2017.09.18 15:36:43.832,0.79696,0.79704,1.00,2.44
2017.09.18 15:36:43.937,0.79694,0.79702,3.19,1.87
2017.09.18 15:36:43.988,0.79693,0.79701,1.00,1.87
2017.09.18 15:36:44.192,0.79694,0.79702,1.00,1.50
2017.09.18 15:36:44.295,0.79696,0.79703,1.00,2.81
2017.09.18 15:36:45.802,0.79695,0.79703,1.00,1.25
2017.09.18 15:36:46.349,0.79694,0.79703,1.87,1.25
2017.09.18 15:36:47.615,0.79695,0.79703,1.00,1.25
2017.09.18 15:36:48.156,0.79696,0.79703,1.00,1.25
2017.09.18 15:36:49.348,0.79694,0.79703,1.87,1.25
2017.09.18 15:36:49.878,0.79695,0.79703,1.00,1.25
2017.09.18 15:36:53.410,0.79694,0.79703,2.05,1.25
2017.09.18 15:36:54.564,0.79695,0.79703,1.00,1.25
2017.09.18 15:36:58.913,0.79694,0.79703,2.06,1.25
2017.09.18 15:37:00.439,0.79696,0.79704,1.00,1.19
2017.09.18 15:37:01.396,0.79697,0.79704,1.00,1.19
2017.09.18 15:37:01.934,0.79695,0.79704,1.00,1.69
2017.09.18 15:37:11.289,0.79699,0.79705,1.00,1.19
2017.09.18 15:37:11.340,0.79699,0.79706,1.00,1.37
2017.09.18 15:37:11.597,0.79695,0.79704,2.62,1.50
2017.09.18 15:37:12.144,0.79696,0.79704,1.00,1.37
2017.09.18 15:37:12.656,0.79695,0.79704,1.12,1.37
2017.09.18 15:37:13.396,0.79697,0.79704,1.00,1.37
2017.09.18 15:37:14.044,0.79699,0.79706,1.00,1.37
2017.09.18 15:37:18.458,0.797,0.79707,1.00,1.62
2017.09.18 15:37:25.941,0.79699,0.79707,1.87,1.01
2017.09.18 15:37:26.837,0.79698,0.79706,1.50,1.00
2017.09.18 15:37:27.886,0.79698,0.79707,1.00,1.69
2017.09.18 15:37:28.732,0.79698,0.79706,1.00,1.00
2017.09.18 15:37:29.486,0.79699,0.79707,1.00,2.06
2017.09.18 15:37:37.899,0.79698,0.79706,1.87,1.69
2017.09.18 15:37:38.423,0.79698,0.79707,1.87,2.14
2017.09.18 15:37:41.544,0.797,0.79707,1.00,1.31
2017.09.18 15:37:41.749,0.79702,0.7971,1.87,2.81
2017.09.18 15:37:41.801,0.79705,0.79712,1.00,5.62
2017.09.18 15:37:41.904,0.79702,0.79712,1.31,3.07
2017.09.18 15:37:42.143,0.79703,0.79712,2.25,1.95
2017.09.18 15:37:42.248,0.79705,0.79713,1.12,1.57
2017.09.18 15:37:44.512,0.79706,0.79713,1.00,1.37
2017.09.18 15:37:44.614,0.79707,0.79716,2.44,1.76
2017.09.18 15:37:44.666,0.79709,0.79717,1.00,3.64
2017.09.18 15:37:45.020,0.79707,0.79716,1.00,5.25
2017.09.18 15:37:45.559,0.79705,0.79715,4.31,1.50
2017.09.18 15:37:45.976,0.79705,0.79714,2.25,1.63
2017.09.18 15:37:46.197,0.79702,0.79712,6.19,1.12
2017.09.18 15:37:48.008,0.79702,0.79712,4.31,1.50
2017.09.18 15:37:48.544,0.79702,0.79712,2.06,2.33
2017.09.18 15:37:53.866,0.79705,0.79713,1.37,4.76
2017.09.18 15:37:54.070,0.79705,0.79714,1.87,1.76
2017.09.18 15:37:54.611,0.79706,0.79714,1.31,2.06
2017.09.18 15:37:56.105,0.79705,0.79714,1.37,2.06
2017.09.18 15:37:57.952,0.79707,0.79714,1.00,1.69
2017.09.18 15:37:58.258,0.79708,0.79717,1.50,2.81
2017.09.18 15:37:58.723,0.79706,0.79714,2.62,1.00
2017.09.18 15:37:59.279,0.79705,0.79714,3.75,1.12
2017.09.18 15:38:00.533,0.79704,0.79712,2.06,1.00
2017.09.18 15:38:00.585,0.79703,0.79711,2.81,1.13
2017.09.18 15:38:01.093,0.79701,0.7971,3.19,2.81
2017.09.18 15:38:01.596,0.79701,0.79711,2.44,1.50
2017.09.18 15:38:01.958,0.79703,0.79712,3.00,1.25
2017.09.18 15:38:03.018,0.79705,0.79714,1.63,2.25
2017.09.18 15:38:05.057,0.79706,0.79715,1.87,1.50
2017.09.18 15:38:05.270,0.79708,0.79717,1.12,2.81
2017.09.18 15:38:06.082,0.79707,0.79717,1.87,3.94
2017.09.18 15:38:09.143,0.79708,0.79717,1.00,1.62
2017.09.18 15:38:09.943,0.79706,0.79717,5.33,1.62
2017.09.18 15:38:11.535,0.79707,0.79717,4.76,2.06
2017.09.18 15:38:12.044,0.79708,0.79718,1.25,1.69
2017.09.18 15:38:13.493,0.79707,0.79717,5.06,1.62
2017.09.18 15:38:14.310,0.79709,0.79718,1.00,2.89
2017.09.18 15:38:15.551,0.7971,0.79718,1.00,2.89
2017.09.18 15:38:16.318,0.79709,0.79718,1.00,2.89
2017.09.18 15:38:24.641,0.79707,0.79716,1.50,2.62
2017.09.18 15:38:24.816,0.79705,0.79714,1.62,1.00
2017.09.18 15:38:25.405,0.79704,0.79713,6.60,1.00
2017.09.18 15:38:25.558,0.79707,0.79715,1.00,1.00
2017.09.18 15:38:26.191,0.79706,0.79715,1.31,1.12
2017.09.18 15:38:26.703,0.79706,0.79716,1.31,2.70
2017.09.18 15:38:26.754,0.79707,0.79716,2.63,1.95
2017.09.18 15:38:27.356,0.79708,0.79717,1.61,1.12
2017.09.18 15:38:27.894,0.79708,0.79718,2.85,3.07
2017.09.18 15:38:31.364,0.79709,0.79717,1.69,1.00
2017.09.18 15:38:36.308,0.79709,0.79715,1.50,1.00
2017.09.18 15:38:36.912,0.79708,0.79716,4.35,1.00
2017.09.18 15:38:37.552,0.79708,0.79716,3.98,1.00
2017.09.18 15:38:37.952,0.79709,0.79716,1.88,1.00
2017.09.18 15:38:38.487,0.79709,0.79717,1.54,1.00
2017.09.18 15:38:39.460,0.79709,0.79718,2.05,2.25
2017.09.18 15:38:40.450,0.79709,0.79718,2.29,3.82
2017.09.18 15:38:41.104,0.79709,0.79717,2.85,1.12
2017.09.18 15:38:47.336,0.79709,0.79718,2.25,1.87
2017.09.18 15:38:49.764,0.79709,0.79717,3.75,1.00
2017.09.18 15:38:50.305,0.79709,0.79718,2.06,3.37
2017.09.18 15:38:51.168,0.79708,0.79717,5.10,1.12
2017.09.18 15:38:53.270,0.79709,0.79718,1.37,2.25
2017.09.18 15:38:53.945,0.79709,0.79716,1.37,1.00
2017.09.18 15:38:54.455,0.79709,0.79715,2.62,1.00
2017.09.18 15:38:55.038,0.79709,0.79715,2.62,1.00
2017.09.18 15:38:55.582,0.7971,0.79715,1.00,1.00
2017.09.18 15:38:56.087,0.79709,0.79715,2.62,1.00
2017.09.18 15:38:56.696,0.79708,0.79714,3.00,1.00
2017.09.18 15:39:00.010,0.79708,0.79713,1.00,1.00
2017.09.18 15:39:00.569,0.79707,0.79713,5.06,1.00
2017.09.18 15:39:01.210,0.79708,0.79713,1.13,1.00
2017.09.18 15:39:01.869,0.79707,0.79713,3.38,1.00
2017.09.18 15:39:02.372,0.79707,0.79713,3.00,1.00
2017.09.18 15:39:03.742,0.79708,0.79714,3.37,1.00
2017.09.18 15:39:04.333,0.79708,0.79714,3.60,1.00
2017.09.18 15:39:04.860,0.79708,0.79714,3.79,1.00
2017.09.18 15:39:05.694,0.79708,0.79714,3.60,1.00
2017.09.18 15:39:06.471,0.79708,0.79714,3.79,1.00
2017.09.18 15:39:07.167,0.79708,0.79714,2.66,1.00
2017.09.18 15:39:08.706,0.79709,0.79714,1.00,1.00
2017.09.18 15:39:10.441,0.79709,0.79714,2.63,1.00
2017.09.18 15:39:11.128,0.79709,0.79714,1.69,1.00
2017.09.18 15:39:13.001,0.79709,0.79716,1.50,1.00
2017.09.18 15:39:15.651,0.79709,0.79718,2.25,1.12
2017.09.18 15:39:15.702,0.79709,0.79715,2.25,1.00
2017.09.18 15:39:16.253,0.79709,0.79716,2.62,1.00
2017.09.18 15:39:17.943,0.79709,0.79717,3.75,1.00
2017.09.18 15:39:18.890,0.79709,0.79716,3.75,1.00
2017.09.18 15:39:20.167,0.79711,0.79716,1.00,1.00
2017.09.18 15:39:21.986,0.7971,0.79716,1.12,1.00
2017.09.18 15:39:23.717,0.79709,0.79715,1.13,1.00
2017.09.18 15:39:27.998,0.79709,0.79716,2.81,1.00
2017.09.18 15:39:32.903,0.79709,0.79716,1.88,1.00
2017.09.18 15:39:33.460,0.79709,0.79717,2.63,1.00
2017.09.18 15:39:34.956,0.79709,0.79714,1.87,1.00
2017.09.18 15:39:35.756,0.79707,0.79714,9.00,1.00
2017.09.18 15:39:36.381,0.79709,0.79713,1.00,1.00
2017.09.18 15:39:36.714,0.79704,0.79709,1.50,1.00
2017.09.18 15:39:37.255,0.79704,0.7971,1.12,1.00
2017.09.18 15:39:37.803,0.79703,0.79711,2.44,1.00
2017.09.18 15:39:38.312,0.79704,0.7971,1.00,1.00
2017.09.18 15:39:38.972,0.79703,0.79711,2.06,1.00
2017.09.18 15:39:39.522,0.79703,0.79711,2.44,1.00
2017.09.18 15:39:40.090,0.79703,0.79711,3.38,1.00
2017.09.18 15:39:40.810,0.79703,0.79709,2.70,1.00
2017.09.18 15:39:41.117,0.79703,0.79711,2.62,1.12
2017.09.18 15:39:42.389,0.79703,0.79709,1.95,1.00
2017.09.18 15:39:42.706,0.79702,0.7971,2.70,1.00
2017.09.18 15:39:42.860,0.79702,0.7971,1.87,1.00
2017.09.18 15:39:44.440,0.79704,0.7971,2.81,1.00
2017.09.18 15:39:44.492,0.79704,0.79712,4.88,1.12
2017.09.18 15:39:44.543,0.79704,0.7971,2.44,1.00
2017.09.18 15:39:45.002,0.79704,0.7971,1.87,1.00
2017.09.18 15:39:45.523,0.79705,0.7971,1.00,1.00
2017.09.18 15:39:46.082,0.79704,0.7971,2.62,1.00
2017.09.18 15:39:48.902,0.79705,0.7971,1.00,1.00
2017.09.18 15:39:49.609,0.79705,0.79711,1.00,1.00
2017.09.18 15:39:50.724,0.79704,0.79711,2.81,1.00
2017.09.18 15:39:50.776,0.79706,0.79715,4.50,1.69
2017.09.18 15:39:50.827,0.79708,0.79715,1.00,1.19
2017.09.18 15:39:51.168,0.79708,0.79715,1.38,1.00
2017.09.18 15:39:51.721,0.79709,0.79718,1.25,2.81
2017.09.18 15:39:52.242,0.79709,0.79717,1.44,1.37
2017.09.18 15:39:57.274,0.79709,0.79718,1.00,1.69
2017.09.18 15:40:03.075,0.79709,0.79717,1.50,1.87
2017.09.18 15:40:03.601,0.79709,0.79717,1.50,1.37
2017.09.18 15:40:16.763,0.79711,0.79718,1.00,1.87
2017.09.18 15:40:17.269,0.7971,0.79718,1.00,2.25
2017.09.18 15:40:31.166,0.79709,0.79718,1.50,2.25
2017.09.18 15:40:31.639,0.79711,0.79717,1.00,1.37
2017.09.18 15:40:37.625,0.7971,0.79718,1.00,2.25
2017.09.18 15:40:41.548,0.79698,0.79702,1.87,1.25
2017.09.18 15:40:41.601,0.79697,0.79703,1.00,2.06
2017.09.18 15:40:41.754,0.79692,0.79702,3.37,1.95
2017.09.18 15:40:42.032,0.79692,0.797,1.00,2.32
2017.09.18 15:40:42.662,0.79692,0.79701,1.00,4.57
2017.09.18 15:40:43.845,0.79692,0.79701,1.00,4.01
2017.09.18 15:40:44.950,0.79692,0.79701,3.56,3.37
2017.09.18 15:40:45.256,0.797,0.79706,1.00,1.00
2017.09.18 15:40:45.564,0.79701,0.79711,2.06,4.39
2017.09.18 15:40:45.695,0.79701,0.79711,2.81,3.45
2017.09.18 15:40:46.241,0.79702,0.79711,1.12,3.08
2017.09.18 15:40:46.906,0.79701,0.79711,3.37,1.10
2017.09.18 15:40:48.046,0.79701,0.79707,1.00,1.00
2017.09.18 15:40:48.251,0.79697,0.79705,1.25,3.00
2017.09.18 15:40:48.353,0.79697,0.79706,2.44,1.57
2017.09.18 15:40:48.909,0.79697,0.79706,1.31,1.31
2017.09.18 15:40:49.635,0.79697,0.79705,1.31,1.00
2017.09.18 15:40:50.141,0.79698,0.79706,1.50,1.12
2017.09.18 15:40:52.017,0.79698,0.79706,2.25,1.12
2017.09.18 15:40:53.082,0.79699,0.79706,1.44,1.00
2017.09.18 15:40:53.185,0.79699,0.79708,1.00,2.32
2017.09.18 15:40:53.287,0.79698,0.79708,4.12,7.50
2017.09.18 15:40:56.648,0.79699,0.79707,1.00,1.39
2017.09.18 15:41:01.164,0.797,0.79706,1.00,1.00
2017.09.18 15:41:01.848,0.797,0.79707,1.00,1.00
2017.09.18 15:41:03.392,0.79698,0.79707,4.50,2.06
2017.09.18 15:41:03.902,0.797,0.79706,1.00,1.69
2017.09.18 15:41:03.954,0.79697,0.79705,1.10,1.87
2017.09.18 15:41:04.006,0.79697,0.79704,1.00,1.50
2017.09.18 15:41:04.057,0.79697,0.79706,1.00,3.38
2017.09.18 15:41:04.201,0.79698,0.79705,1.00,1.69
2017.09.18 15:41:04.507,0.79697,0.79705,1.00,2.06
2017.09.18 15:41:04.915,0.79697,0.79705,1.00,6.19
2017.09.18 15:41:05.430,0.79696,0.79705,4.87,3.19
2017.09.18 15:41:05.921,0.79697,0.79705,1.00,1.87
2017.09.18 15:41:06.168,0.79695,0.79701,1.20,1.00
2017.09.18 15:41:06.271,0.79693,0.79702,2.62,1.00
2017.09.18 15:41:06.782,0.79694,0.79702,1.00,1.00
2017.09.18 15:41:07.298,0.79693,0.79702,2.81,1.00
2017.09.18 15:41:07.451,0.79695,0.79704,1.00,3.00
2017.09.18 15:41:07.756,0.79694,0.79703,1.00,2.06
2017.09.18 15:41:08.478,0.79697,0.79704,1.00,1.76
2017.09.18 15:41:08.531,0.79697,0.79705,1.50,1.50
2017.09.18 15:41:08.584,0.79697,0.79705,1.87,3.19
2017.09.18 15:41:08.687,0.79695,0.79704,1.10,1.37
2017.09.18 15:41:09.097,0.79693,0.79703,1.00,3.19
2017.09.18 15:41:09.201,0.79693,0.79702,1.00,1.88
2017.09.18 15:41:09.996,0.79692,0.79702,6.37,1.12
2017.09.18 15:41:11.718,0.79692,0.79702,4.76,1.12
2017.09.18 15:41:12.023,0.79696,0.79703,1.00,1.37
2017.09.18 15:41:12.126,0.79694,0.79703,1.00,1.87
2017.09.18 15:41:12.536,0.79692,0.79703,3.94,4.50
2017.09.18 15:41:13.340,0.79692,0.79703,3.94,3.00
2017.09.18 15:41:13.976,0.79692,0.79703,4.58,3.94
2017.09.18 15:41:15.041,0.79692,0.79702,3.75,2.25
2017.09.18 15:41:15.634,0.79692,0.79702,5.06,1.87
2017.09.18 15:41:16.143,0.79693,0.79702,1.00,1.31
2017.09.18 15:41:16.691,0.79694,0.79702,1.00,1.31
2017.09.18 15:41:17.242,0.79694,0.79702,1.00,1.50
2017.09.18 15:41:17.761,0.79694,0.79702,1.00,1.12
2017.09.18 15:41:19.637,0.79696,0.79702,1.00,1.00
2017.09.18 15:41:20.767,0.79701,0.79706,1.00,6.82
2017.09.18 15:41:20.819,0.79697,0.79706,1.00,3.45
2017.09.18 15:41:20.989,0.79696,0.79704,1.00,6.19
2017.09.18 15:41:21.500,0.79695,0.79703,1.00,1.25
2017.09.18 15:41:22.612,0.79695,0.79702,1.00,1.50
2017.09.18 15:41:23.620,0.79693,0.79702,2.06,1.69
2017.09.18 15:41:24.833,0.79693,0.79703,1.31,1.87
2017.09.18 15:41:26.149,0.79693,0.79703,2.81,1.50
2017.09.18 15:41:26.706,0.79696,0.79702,1.00,1.00
2017.09.18 15:41:26.759,0.79697,0.79705,1.00,1.31
2017.09.18 15:41:26.811,0.79699,0.79705,1.00,1.00
2017.09.18 15:41:27.371,0.797,0.79707,1.00,1.69
2017.09.18 15:41:28.651,0.79698,0.79707,1.00,4.31
2017.09.18 15:41:28.702,0.79695,0.79704,2.62,1.87
2017.09.18 15:41:28.753,0.79695,0.79704,1.12,3.37
2017.09.18 15:41:30.191,0.79696,0.79704,1.00,2.81
2017.09.18 15:41:30.497,0.79691,0.79699,1.00,5.70
2017.09.18 15:41:30.649,0.79689,0.79697,1.50,1.37
2017.09.18 15:41:30.701,0.79691,0.79697,1.00,1.37
2017.09.18 15:41:34.949,0.7969,0.79698,1.00,3.19
2017.09.18 15:41:35.162,0.79688,0.79696,1.00,1.12
2017.09.18 15:41:43.202,0.79687,0.79698,4.57,5.25
2017.09.18 15:41:45.473,0.79688,0.79697,1.00,1.37
2017.09.18 15:41:55.106,0.79689,0.79698,1.00,4.69
2017.09.18 15:41:56.466,0.79689,0.79698,1.00,2.81
2017.09.18 15:42:00.472,0.7969,0.79697,1.12,1.25
2017.09.18 15:42:00.626,0.7969,0.797,1.25,6.83
2017.09.18 15:42:01.154,0.79691,0.797,1.00,3.37
2017.09.18 15:42:02.330,0.79691,0.797,1.00,1.87
2017.09.18 15:42:06.019,0.79691,0.79701,1.00,2.44
2017.09.18 15:42:06.749,0.79691,0.797,1.00,1.50
2017.09.18 15:42:07.872,0.79697,0.79704,1.00,5.89
2017.09.18 15:42:07.923,0.79697,0.79706,1.00,1.95
2017.09.18 15:42:08.104,0.79699,0.79708,1.00,7.50
2017.09.18 15:42:09.247,0.79699,0.79708,1.00,1.10
2017.09.18 15:42:09.801,0.79699,0.79707,1.00,1.00
2017.09.18 15:42:10.351,0.79699,0.79708,1.00,1.10
2017.09.18 15:42:11.085,0.79698,0.79707,1.50,3.94
2017.09.18 15:42:11.593,0.79698,0.79706,1.12,1.50
2017.09.18 15:42:13.734,0.79698,0.79707,3.37,1.25
2017.09.18 15:42:14.439,0.797,0.79707,1.00,1.00
2017.09.18 15:42:15.060,0.797,0.79708,1.00,2.25
2017.09.18 15:42:16.093,0.797,0.79707,1.00,1.00
2017.09.18 15:42:16.642,0.797,0.79708,1.00,3.82
2017.09.18 15:42:19.130,0.797,0.79707,1.00,1.00
2017.09.18 15:42:19.514,0.797,0.79705,1.00,1.00
2017.09.18 15:42:19.617,0.797,0.79707,1.00,2.25
2017.09.18 15:42:20.228,0.79697,0.79706,1.69,3.19
2017.09.18 15:42:20.431,0.79695,0.79704,1.50,3.75
2017.09.18 15:42:20.942,0.79694,0.79703,1.62,1.76
2017.09.18 15:42:21.452,0.79696,0.79703,1.00,1.95
2017.09.18 15:42:21.960,0.79695,0.79704,1.12,7.39
2017.09.18 15:42:25.116,0.79697,0.79703,1.00,1.87
2017.09.18 15:42:25.167,0.79694,0.79703,1.62,1.31
2017.09.18 15:42:25.702,0.79694,0.79702,2.06,1.25
2017.09.18 15:42:26.499,0.79694,0.79702,1.31,1.25
2017.09.18 15:42:26.601,0.79696,0.79703,1.00,1.31
2017.09.18 15:42:27.105,0.79695,0.79702,1.00,1.25
2017.09.18 15:42:28.000,0.79695,0.79703,1.00,2.06
2017.09.18 15:42:28.580,0.79696,0.79702,1.00,1.25
2017.09.18 15:42:29.128,0.79696,0.79703,1.00,1.31
2017.09.18 15:42:29.961,0.79693,0.79703,3.56,2.06
2017.09.18 15:42:30.492,0.79695,0.79702,1.00,1.25
2017.09.18 15:42:30.813,0.79693,0.79701,1.25,6.19
2017.09.18 15:42:32.932,0.79692,0.797,1.00,1.69
2017.09.18 15:42:33.697,0.7969,0.79697,1.12,1.25
2017.09.18 15:42:34.209,0.7969,0.79698,1.00,4.57
2017.09.18 15:42:34.722,0.79691,0.79698,1.00,4.69
2017.09.18 15:42:35.748,0.79691,0.79697,1.00,1.00
2017.09.18 15:42:36.300,0.79691,0.79698,1.00,1.50
2017.09.18 15:42:36.823,0.79691,0.79697,1.00,1.00
2017.09.18 15:42:37.591,0.79691,0.79698,1.00,3.45
2017.09.18 15:42:38.398,0.79691,0.79697,1.00,1.00
2017.09.18 15:42:39.232,0.79691,0.79698,1.00,1.50
2017.09.18 15:42:39.773,0.79691,0.79697,1.00,1.00
2017.09.18 15:42:40.285,0.79691,0.79698,1.00,1.00
2017.09.18 15:42:40.794,0.79692,0.797,1.00,4.12
2017.09.18 15:42:42.764,0.79693,0.797,1.00,2.44
2017.09.18 15:42:48.265,0.79693,0.79701,1.00,3.94
2017.09.18 15:42:55.342,0.79695,0.79702,1.37,1.12
2017.09.18 15:42:55.444,0.79699,0.79706,1.00,1.87
2017.09.18 15:42:55.852,0.79699,0.79708,1.00,1.00
2017.09.18 15:42:56.055,0.79702,0.79707,1.00,1.00
2017.09.18 15:42:56.722,0.79702,0.79708,1.00,1.00
2017.09.18 15:42:57.611,0.79702,0.79707,1.00,1.00
2017.09.18 15:42:58.517,0.79702,0.79708,1.00,1.00
2017.09.18 15:42:59.078,0.79702,0.79707,1.00,1.00
2017.09.18 15:42:59.690,0.79702,0.79708,1.00,1.00
2017.09.18 15:43:00.247,0.79702,0.79707,1.00,1.00
2017.09.18 15:43:00.796,0.79702,0.79708,1.00,1.00
2017.09.18 15:43:01.458,0.797,0.79708,1.00,1.00
2017.09.18 15:43:01.959,0.797,0.79707,1.25,1.00
2017.09.18 15:43:02.496,0.79699,0.79707,1.00,3.19
2017.09.18 15:43:02.706,0.79697,0.79706,1.69,1.00
2017.09.18 15:43:02.808,0.79695,0.79705,2.06,3.82
2017.09.18 15:43:03.168,0.79697,0.79706,1.50,1.50
2017.09.18 15:43:03.321,0.79698,0.79706,1.50,1.12
2017.09.18 15:43:03.580,0.79697,0.79706,2.89,1.50
2017.09.18 15:43:04.092,0.79696,0.79705,2.25,1.00
2017.09.18 15:43:04.739,0.79697,0.79707,1.00,5.14
2017.09.18 15:43:10.495,0.79697,0.79707,1.62,3.45
2017.09.18 15:43:11.101,0.79697,0.79707,1.31,3.37
2017.09.18 15:43:14.705,0.79697,0.79707,1.37,3.37
2017.09.18 15:43:15.063,0.79696,0.79705,2.51,1.12
2017.09.18 15:43:15.115,0.79698,0.79706,1.50,3.00
2017.09.18 15:43:15.631,0.79698,0.79707,1.00,1.87
2017.09.18 15:43:16.744,0.79699,0.79708,1.00,8.51
2017.09.18 15:43:24.122,0.79703,0.79707,1.00,1.00
2017.09.18 15:43:24.174,0.79702,0.79709,1.00,1.87
2017.09.18 15:43:24.226,0.797,0.79707,3.56,1.00
2017.09.18 15:43:25.151,0.797,0.79708,1.12,1.00
2017.09.18 15:43:26.187,0.797,0.79707,1.13,1.00
2017.09.18 15:43:26.961,0.797,0.79708,1.00,1.00
2017.09.18 15:43:28.128,0.797,0.79707,1.25,1.00
2017.09.18 15:43:29.095,0.797,0.79708,1.00,1.00
2017.09.18 15:43:33.614,0.797,0.79707,1.25,1.00
2017.09.18 15:43:34.300,0.797,0.79707,1.13,1.37
2017.09.18 15:43:48.940,0.797,0.79707,1.00,1.00
2017.09.18 15:43:49.472,0.797,0.79708,1.00,3.37
2017.09.18 15:43:50.745,0.797,0.79707,1.00,1.00
2017.09.18 15:43:51.305,0.797,0.79708,1.00,2.25
2017.09.18 15:43:54.633,0.797,0.79707,1.00,1.00
2017.09.18 15:43:55.141,0.797,0.79708,1.00,2.25
2017.09.18 15:43:56.769,0.797,0.79707,1.00,1.00
2017.09.18 15:43:57.378,0.797,0.79708,1.00,2.25
2017.09.18 15:43:58.551,0.797,0.79707,1.00,1.00
2017.09.18 15:43:59.335,0.797,0.79708,1.00,2.62
2017.09.18 15:43:59.937,0.797,0.79707,1.00,1.00
2017.09.18 15:44:00.994,0.797,0.79708,1.00,2.25
2017.09.18 15:44:01.500,0.797,0.79707,1.00,1.00
2017.09.18 15:44:02.035,0.797,0.79708,1.00,1.50
2017.09.18 15:44:02.925,0.797,0.79707,1.25,1.00
2017.09.18 15:44:05.330,0.797,0.79708,1.00,2.25
2017.09.18 15:44:09.014,0.797,0.79707,1.00,1.00
2017.09.18 15:44:09.562,0.797,0.79708,1.00,2.25
2017.09.18 15:44:11.323,0.797,0.79708,1.00,6.00
2017.09.18 15:44:39.260,0.79698,0.79705,1.00,1.25
2017.09.18 15:44:39.312,0.79696,0.79704,1.39,1.00
2017.09.18 15:44:39.414,0.79698,0.79705,1.00,4.31
2017.09.18 15:44:39.465,0.79695,0.79705,3.56,3.00
2017.09.18 15:44:40.024,0.79697,0.79704,1.00,2.25
2017.09.18 15:44:40.701,0.79698,0.79705,1.00,1.10
2017.09.18 15:44:41.210,0.79699,0.79707,1.00,3.00
2017.09.18 15:45:11.524,0.79699,0.79706,1.00,2.25
2017.09.18 15:45:13.896,0.79699,0.79707,1.00,1.00
2017.09.18 15:45:15.545,0.79699,0.79708,1.00,6.94
2017.09.18 15:45:16.265,0.79699,0.79707,1.00,1.50
2017.09.18 15:45:20.033,0.79699,0.79707,1.00,3.19
2017.09.18 15:45:20.374,0.79699,0.79708,1.00,5.44
2017.09.18 15:45:20.991,0.79699,0.79707,1.00,1.50
2017.09.18 15:45:21.499,0.79699,0.79708,1.00,6.94
2017.09.18 15:45:21.550,0.79699,0.79707,1.00,1.69
2017.09.18 15:45:22.117,0.79699,0.79708,1.00,6.19
2017.09.18 15:45:23.469,0.79699,0.79707,1.00,1.69
2017.09.18 15:45:24.115,0.79699,0.79708,1.00,5.25
2017.09.18 15:45:24.981,0.79699,0.79707,1.00,1.50
2017.09.18 15:45:26.099,0.79699,0.79708,1.00,6.94
2017.09.18 15:45:26.647,0.79699,0.79707,1.00,1.69
2017.09.18 15:45:31.561,0.79699,0.79707,1.00,3.19
2017.09.18 15:45:32.155,0.79698,0.79707,2.81,3.19
2017.09.18 15:45:32.208,0.79698,0.79708,2.62,5.81
2017.09.18 15:45:32.469,0.79697,0.79706,4.87,1.19
2017.09.18 15:45:33.005,0.79697,0.79706,3.26,1.19
2017.09.18 15:45:33.312,0.79695,0.79702,1.87,1.37
2017.09.18 15:45:34.778,0.79695,0.79702,1.57,1.37
2017.09.18 15:45:35.289,0.79695,0.79704,1.00,1.31
2017.09.18 15:45:35.392,0.79697,0.79704,1.00,1.00
2017.09.18 15:45:36.010,0.79697,0.79707,1.57,4.12
2017.09.18 15:45:36.581,0.79697,0.79707,2.62,3.37
2017.09.18 15:45:59.066,0.79697,0.79707,4.31,4.69
2017.09.18 15:46:02.118,0.79698,0.79707,1.25,3.00
2017.09.18 15:46:03.484,0.79697,0.79707,4.13,1.50
2017.09.18 15:46:04.024,0.79697,0.79707,4.50,2.25
2017.09.18 15:46:15.906,0.79698,0.79707,3.38,2.25
2017.09.18 15:46:16.793,0.79698,0.79707,2.63,1.50
2017.09.18 15:46:17.332,0.79698,0.79707,2.63,2.25
2017.09.18 15:46:17.856,0.79698,0.79707,3.19,1.50
2017.09.18 15:46:21.082,0.79698,0.79707,3.00,2.25
2017.09.18 15:46:24.395,0.79698,0.79707,1.50,2.25
2017.09.18 15:46:27.309,0.79697,0.79707,4.12,1.50
2017.09.18 15:46:29.514,0.79697,0.79707,4.50,3.00
2017.09.18 15:46:30.467,0.79697,0.79707,3.75,3.94
2017.09.18 15:46:31.009,0.79697,0.79707,3.94,2.25
2017.09.18 15:46:32.677,0.79697,0.79707,4.69,3.00
2017.09.18 15:46:33.245,0.79697,0.79707,1.25,2.25
2017.09.18 15:46:35.263,0.79697,0.79706,2.44,1.50
2017.09.18 15:46:37.714,0.79697,0.79707,3.19,3.75
2017.09.18 15:46:44.462,0.79698,0.79707,1.00,2.25
2017.09.18 15:46:45.116,0.79697,0.79707,3.56,1.00
2017.09.18 15:46:45.726,0.79698,0.79707,1.00,1.00
2017.09.18 15:46:46.114,0.797,0.79707,1.00,2.25
2017.09.18 15:46:46.218,0.79698,0.79707,2.06,3.75
2017.09.18 15:47:01.578,0.79697,0.79705,2.44,2.25
2017.09.18 15:47:02.200,0.79696,0.79702,1.25,1.00
2017.09.18 15:47:02.712,0.79696,0.79705,1.31,3.56
2017.09.18 15:47:08.152,0.79695,0.79704,3.38,1.50
2017.09.18 15:47:08.305,0.79697,0.79706,1.87,3.56
2017.09.18 15:47:09.775,0.79697,0.79706,2.25,3.19
2017.09.18 15:47:10.308,0.79697,0.79706,1.50,2.25
2017.09.18 15:47:15.212,0.79698,0.79706,1.00,1.00
2017.09.18 15:47:15.875,0.79697,0.79706,1.12,1.00
2017.09.18 15:47:15.977,0.79696,0.79704,5.70,1.00
2017.09.18 15:47:17.405,0.79696,0.79704,1.25,2.25
2017.09.18 15:47:17.558,0.79693,0.79702,6.45,1.12
2017.09.18 15:47:17.609,0.79693,0.797,3.56,1.00
2017.09.18 15:47:18.946,0.79694,0.79702,2.44,1.00
2017.09.18 15:47:19.523,0.79694,0.79699,1.25,1.00
2017.09.18 15:47:20.088,0.79693,0.79701,5.25,1.00
2017.09.18 15:47:20.598,0.79695,0.79703,2.25,1.00
2017.09.18 15:47:20.825,0.79695,0.79699,3.00,1.00
2017.09.18 15:47:20.877,0.79696,0.79704,1.37,1.00
2017.09.18 15:47:20.978,0.79695,0.79704,3.37,1.00
2017.09.18 15:47:21.030,0.79695,0.79704,3.37,1.00
2017.09.18 15:47:21.602,0.79696,0.79704,1.69,1.00
2017.09.18 15:47:23.696,0.79697,0.79705,1.25,1.00
2017.09.18 15:47:28.022,0.79696,0.79705,5.32,1.00
2017.09.18 15:47:29.748,0.79698,0.79705,1.44,1.00
2017.09.18 15:47:30.220,0.79699,0.79707,1.87,1.12
2017.09.18 15:47:30.272,0.79697,0.79707,2.81,1.37
2017.09.18 15:47:30.679,0.79697,0.79707,3.75,1.47
2017.09.18 15:47:31.747,0.79697,0.79707,4.50,3.08
2017.09.18 15:47:32.280,0.79697,0.79706,2.62,2.62
2017.09.18 15:47:34.215,0.79698,0.79706,1.00,1.87
2017.09.18 15:47:40.296,0.79697,0.79706,1.87,2.62
2017.09.18 15:47:41.131,0.79698,0.79706,1.00,3.37
2017.09.18 15:47:42.553,0.79697,0.79706,1.12,2.62
2017.09.18 15:47:43.239,0.79697,0.79704,1.00,1.00
2017.09.18 15:47:43.855,0.79697,0.79705,1.00,1.00
2017.09.18 15:47:53.600,0.79697,0.79706,2.62,1.37
2017.09.18 15:47:54.803,0.79697,0.79706,2.62,1.37
2017.09.18 15:47:57.420,0.79698,0.79706,1.25,1.37
2017.09.18 15:47:58.042,0.79697,0.79706,3.94,1.37
2017.09.18 15:47:58.756,0.79697,0.79706,4.13,2.62
2017.09.18 15:47:59.968,0.79697,0.79707,2.44,3.75
2017.09.18 15:48:01.389,0.79696,0.79701,2.44,1.00
2017.09.18 15:48:01.441,0.79695,0.79702,1.00,1.37
2017.09.18 15:48:04.260,0.79694,0.79702,2.25,2.62
2017.09.18 15:48:07.825,0.79694,0.79702,3.00,1.12
2017.09.18 15:48:07.876,0.79695,0.79702,1.00,1.87
2017.09.18 15:48:08.421,0.79695,0.79703,1.12,1.12
2017.09.18 15:48:08.473,0.79695,0.79704,1.12,4.69
2017.09.18 15:48:09.049,0.79697,0.79703,1.00,1.00
2017.09.18 15:48:09.102,0.79694,0.79704,4.87,3.94
2017.09.18 15:48:09.962,0.79694,0.79702,3.75,1.00
2017.09.18 15:48:11.264,0.79695,0.79703,1.87,1.69
2017.09.18 15:48:12.944,0.79696,0.79703,1.00,1.13
2017.09.18 15:48:15.812,0.79695,0.79703,1.12,1.12
2017.09.18 15:48:19.027,0.79696,0.79704,1.00,3.94
2017.09.18 15:48:20.310,0.79695,0.79703,1.12,2.44
2017.09.18 15:48:22.745,0.79697,0.79703,1.00,1.20
2017.09.18 15:48:23.168,0.79695,0.79703,1.12,1.69
2017.09.18 15:48:29.023,0.79696,0.79704,1.00,3.94
2017.09.18 15:48:29.602,0.79695,0.79704,2.62,6.00
2017.09.18 15:48:29.972,0.79697,0.79704,1.00,6.37
2017.09.18 15:48:30.763,0.79695,0.79703,1.87,1.37
2017.09.18 15:48:33.395,0.79698,0.79703,1.00,1.63
2017.09.18 15:48:33.447,0.79696,0.79703,1.00,1.63
2017.09.18 15:48:36.004,0.79698,0.79704,1.00,1.50
2017.09.18 15:48:36.310,0.79695,0.79703,2.44,1.38
2017.09.18 15:48:36.842,0.79697,0.79704,1.00,2.81
2017.09.18 15:48:40.414,0.79695,0.79704,2.62,3.75
2017.09.18 15:48:42.315,0.79697,0.79704,1.00,2.62
2017.09.18 15:48:43.894,0.797,0.79705,1.00,2.70
2017.09.18 15:48:44.115,0.79697,0.79705,1.00,4.13
2017.09.18 15:48:44.166,0.79695,0.79704,1.69,1.88
2017.09.18 15:48:44.740,0.79696,0.79705,1.00,6.19
2017.09.18 15:48:45.329,0.79701,0.79705,1.00,1.00
2017.09.18 15:48:45.970,0.797,0.79707,1.00,2.63
2017.09.18 15:48:46.276,0.79702,0.79707,1.00,2.44
2017.09.18 15:48:46.378,0.79699,0.79707,1.00,5.06
2017.09.18 15:48:46.673,0.79701,0.79706,1.00,3.00
2017.09.18 15:48:46.776,0.79699,0.79707,1.50,1.50
2017.09.18 15:48:48.957,0.797,0.79707,1.00,1.69
2017.09.18 15:48:49.214,0.79698,0.79705,1.00,1.87
2017.09.18 15:48:49.317,0.79697,0.79702,1.00,1.00
2017.09.18 15:48:49.368,0.79695,0.79703,1.00,1.63
2017.09.18 15:48:49.850,0.79697,0.79703,1.00,2.25
2017.09.18 15:48:52.895,0.79698,0.79703,1.00,2.25
2017.09.18 15:48:53.049,0.79696,0.79703,1.50,3.00
2017.09.18 15:48:53.588,0.79697,0.79703,1.00,2.25
2017.09.18 15:48:55.716,0.79696,0.79703,1.50,2.25
2017.09.18 15:49:01.560,0.79697,0.79703,1.00,2.62
2017.09.18 15:49:04.801,0.79697,0.79703,1.00,1.31
2017.09.18 15:49:06.123,0.79696,0.79703,1.00,2.06
2017.09.18 15:49:06.928,0.79697,0.79703,1.00,1.00
2017.09.18 15:49:07.602,0.79696,0.79703,1.00,1.00
2017.09.18 15:49:09.070,0.79698,0.79703,1.00,1.00
2017.09.18 15:49:09.121,0.79696,0.79703,1.50,1.00
2017.09.18 15:49:09.223,0.79697,0.79706,1.00,2.89
2017.09.18 15:49:09.275,0.79702,0.79706,1.00,1.25
2017.09.18 15:49:09.328,0.79699,0.79707,1.00,4.01
2017.09.18 15:49:10.495,0.79699,0.79706,1.00,3.07
2017.09.18 15:49:10.699,0.79696,0.79703,1.12,1.00
2017.09.18 15:49:12.101,0.79696,0.79703,1.00,2.63
2017.09.18 15:49:12.724,0.79695,0.79703,2.25,4.50
2017.09.18 15:49:12.775,0.79697,0.79703,1.00,2.63
2017.09.18 15:49:15.159,0.79696,0.79703,1.00,2.06
2017.09.18 15:49:16.354,0.79696,0.79704,1.00,2.89
2017.09.18 15:49:18.202,0.79698,0.79704,1.00,4.95
2017.09.18 15:49:18.494,0.79696,0.79702,1.00,1.13
2017.09.18 15:49:21.260,0.79696,0.79703,1.00,2.81
2017.09.18 15:49:21.801,0.79696,0.79702,1.00,1.00
2017.09.18 15:49:22.304,0.79696,0.79703,1.00,1.12
2017.09.18 15:49:25.237,0.79697,0.79704,1.00,8.06
2017.09.18 15:49:25.745,0.79696,0.79703,1.50,2.25
2017.09.18 15:49:26.247,0.79696,0.79703,1.50,2.44
2017.09.18 15:49:28.743,0.79696,0.79704,1.12,6.56
2017.09.18 15:49:30.262,0.79697,0.79704,1.00,6.75
2017.09.18 15:49:31.231,0.79697,0.79703,1.00,2.63
2017.09.18 15:49:31.904,0.79697,0.79702,1.00,1.50
2017.09.18 15:49:33.619,0.79696,0.79702,1.00,1.37
2017.09.18 15:49:34.227,0.79697,0.79702,1.00,1.37
2017.09.18 15:49:35.020,0.79696,0.79702,1.00,1.37
2017.09.18 15:49:35.071,0.79698,0.79702,1.00,1.12
2017.09.18 15:49:35.320,0.79696,0.79702,1.00,1.37
2017.09.18 15:49:36.105,0.79696,0.79703,1.00,2.25
2017.09.18 15:49:36.671,0.79698,0.79703,1.00,2.25
2017.09.18 15:49:37.133,0.79698,0.79705,1.00,2.44
2017.09.18 15:49:37.644,0.79697,0.79704,1.00,1.37
2017.09.18 15:49:38.218,0.79698,0.79704,1.00,1.37
2017.09.18 15:49:39.427,0.79696,0.79703,1.00,1.12
2017.09.18 15:49:39.959,0.79697,0.79704,1.00,1.37
2017.09.18 15:49:41.704,0.79698,0.79704,1.00,1.87
2017.09.18 15:49:45.752,0.79696,0.79704,1.50,2.06
2017.09.18 15:49:50.402,0.79698,0.79703,1.00,1.12
2017.09.18 15:49:51.116,0.79696,0.79704,1.37,2.06
2017.09.18 15:49:52.072,0.79701,0.79706,1.00,2.25
2017.09.18 15:49:52.685,0.79701,0.79707,1.00,1.69
2017.09.18 15:49:53.337,0.79698,0.79707,1.00,2.25
2017.09.18 15:49:54.007,0.79698,0.79707,1.00,3.19
2017.09.18 15:49:54.979,0.79698,0.79707,1.00,3.75
2017.09.18 15:49:55.031,0.79697,0.79704,1.20,2.62
2017.09.18 15:49:58.291,0.79701,0.79706,1.00,1.31
2017.09.18 15:50:01.082,0.797,0.79708,1.00,3.19
2017.09.18 15:50:01.969,0.79702,0.79708,1.00,3.56
2017.09.18 15:50:02.020,0.797,0.79708,1.00,3.56
2017.09.18 15:50:02.202,0.79702,0.79708,1.00,3.56
2017.09.18 15:50:02.559,0.797,0.79707,1.00,1.31
2017.09.18 15:50:03.104,0.79698,0.79704,1.12,1.00
2017.09.18 15:50:03.409,0.79697,0.79704,1.12,1.31
2017.09.18 15:50:04.164,0.79698,0.79704,1.00,3.38
2017.09.18 15:50:04.784,0.79696,0.79704,1.37,1.12
2017.09.18 15:50:07.118,0.79697,0.79705,1.12,3.56
2017.09.18 15:50:08.679,0.79698,0.79705,1.00,2.81
2017.09.18 15:50:09.920,0.79697,0.79705,1.12,2.62
2017.09.18 15:50:17.311,0.79698,0.79705,1.00,2.62
2017.09.18 15:50:17.880,0.79698,0.79706,1.00,1.25
2017.09.18 15:50:19.295,0.79698,0.79707,1.00,3.64
2017.09.18 15:50:20.013,0.79702,0.79707,1.00,6.19
2017.09.18 15:50:20.116,0.79699,0.79707,1.00,2.81
2017.09.18 15:50:20.167,0.79703,0.79707,1.00,2.06
2017.09.18 15:50:20.218,0.797,0.79707,1.00,1.31
2017.09.18 15:50:20.752,0.79702,0.79707,1.00,1.31
2017.09.18 15:50:21.010,0.797,0.79707,1.00,1.31
2017.09.18 15:50:21.604,0.79703,0.79707,1.00,1.31
2017.09.18 15:50:21.961,0.797,0.79708,1.00,3.00
2017.09.18 15:50:25.761,0.79698,0.79707,1.00,3.37
2017.09.18 15:50:26.307,0.79699,0.79707,1.00,4.12
2017.09.18 15:50:27.001,0.79701,0.79707,1.00,2.44
2017.09.18 15:50:27.336,0.79699,0.79708,1.00,4.87
2017.09.18 15:50:29.127,0.79702,0.79707,1.00,1.87
2017.09.18 15:50:29.534,0.797,0.79707,1.00,2.81
2017.09.18 15:50:30.044,0.79699,0.79707,1.00,3.82
2017.09.18 15:50:31.485,0.79697,0.79704,1.12,1.50
2017.09.18 15:50:31.997,0.79697,0.79704,1.12,4.87
2017.09.18 15:50:41.666,0.79696,0.79704,1.00,3.38
2017.09.18 15:50:42.083,0.79698,0.79706,1.50,2.06
2017.09.18 15:50:42.502,0.79698,0.79703,1.00,1.00
2017.09.18 15:50:43.279,0.79698,0.79704,1.00,1.50
2017.09.18 15:50:44.175,0.79698,0.79703,1.00,1.00
2017.09.18 15:50:44.782,0.79698,0.79704,1.00,1.50
2017.09.18 15:50:48.300,0.79698,0.79703,1.00,1.25
2017.09.18 15:50:48.644,0.79698,0.79705,1.12,1.87
2017.09.18 15:50:48.696,0.79701,0.79708,1.00,1.31
2017.09.18 15:50:49.052,0.79703,0.79707,1.00,1.25
2017.09.18 15:50:50.180,0.797,0.79708,1.00,2.44
2017.09.18 15:50:50.713,0.79699,0.79707,1.00,2.63
2017.09.18 15:50:51.257,0.797,0.79706,1.00,1.88
2017.09.18 15:50:51.906,0.797,0.79708,1.00,4.50
2017.09.18 15:50:52.573,0.79702,0.79707,1.00,1.88
2017.09.18 15:50:52.725,0.79699,0.79707,1.50,3.38
2017.09.18 15:50:53.973,0.79699,0.79707,1.50,1.25
2017.09.18 15:50:54.504,0.79699,0.79707,1.50,2.63
2017.09.18 15:50:54.917,0.79701,0.79707,1.00,1.13
2017.09.18 15:50:56.185,0.79701,0.79707,1.00,3.38
2017.09.18 15:50:57.282,0.79701,0.79707,1.00,1.25
2017.09.18 15:50:57.880,0.79702,0.79708,1.00,4.88
2017.09.18 15:50:58.412,0.79702,0.79708,1.00,1.00
2017.09.18 15:50:58.913,0.79702,0.79707,1.00,1.13
2017.09.18 15:50:59.443,0.79701,0.79707,1.00,1.00
2017.09.18 15:50:59.961,0.79703,0.79708,1.00,1.12
2017.09.18 15:51:00.530,0.79701,0.79708,1.00,1.00
2017.09.18 15:51:01.035,0.79701,0.79709,1.00,4.39
2017.09.18 15:51:01.542,0.79701,0.79708,1.00,1.00
2017.09.18 15:51:02.110,0.79701,0.79707,1.00,1.00
2017.09.18 15:51:03.112,0.79701,0.79708,1.00,1.00
2017.09.18 15:51:03.762,0.79701,0.79707,1.00,1.00
2017.09.18 15:51:03.813,0.79699,0.79707,1.50,1.00
2017.09.18 15:51:04.380,0.79699,0.79708,1.50,1.00
2017.09.18 15:51:04.930,0.79699,0.79707,1.50,1.00
2017.09.18 15:51:05.500,0.79703,0.79708,1.00,1.00
2017.09.18 15:51:05.606,0.79701,0.79708,1.00,1.00
2017.09.18 15:51:06.742,0.79702,0.79707,1.00,1.50
2017.09.18 15:51:06.997,0.79697,0.79707,2.06,7.69
2017.09.18 15:51:07.048,0.79699,0.79707,1.00,4.76
2017.09.18 15:51:07.455,0.79697,0.79706,1.12,1.00
2017.09.18 15:51:07.524,0.797,0.79708,1.00,6.07
2017.09.18 15:51:07.630,0.79697,0.79706,1.50,1.00
2017.09.18 15:51:07.737,0.797,0.79707,1.00,3.37
2017.09.18 15:51:07.889,0.79697,0.79706,1.87,1.25
2017.09.18 15:51:07.991,0.79699,0.79707,1.00,4.31
2017.09.18 15:51:08.056,0.79697,0.79707,1.12,5.06
2017.09.18 15:51:08.162,0.79699,0.79707,1.00,3.56
2017.09.18 15:51:08.315,0.79697,0.79706,1.95,1.00
2017.09.18 15:51:08.416,0.79699,0.79708,1.00,4.88
2017.09.18 15:51:08.482,0.79697,0.79706,2.25,1.00
2017.09.18 15:51:08.585,0.79699,0.79707,1.00,1.25
2017.09.18 15:51:08.903,0.79702,0.79708,1.00,1.69
2017.09.18 15:51:09.112,0.797,0.79708,1.00,1.69
2017.09.18 15:51:09.734,0.79701,0.79708,1.00,1.88
2017.09.18 15:51:13.441,0.79701,0.79707,1.00,1.13
2017.09.18 15:51:13.866,0.79699,0.79708,1.00,3.45
2017.09.18 15:51:14.223,0.79698,0.79706,1.00,6.19
2017.09.18 15:51:14.529,0.79698,0.79704,1.00,2.25
2017.09.18 15:51:15.637,0.79697,0.79704,1.00,1.37
2017.09.18 15:51:16.140,0.79694,0.79702,1.57,1.50
2017.09.18 15:51:16.192,0.79694,0.79703,1.75,2.44
2017.09.18 15:51:16.537,0.79687,0.79697,3.37,2.62
2017.09.18 15:51:16.588,0.79689,0.79698,1.87,4.87
2017.09.18 15:51:16.885,0.79688,0.79697,1.12,2.62
2017.09.18 15:51:17.435,0.79689,0.79698,1.00,4.76
2017.09.18 15:51:17.844,0.79687,0.79696,1.50,1.00
2017.09.18 15:51:18.099,0.79689,0.79699,1.50,3.56
2017.09.18 15:51:18.661,0.79687,0.79696,1.69,2.25
2017.09.18 15:51:19.539,0.79688,0.79697,1.25,1.50
2017.09.18 15:51:20.347,0.7969,0.79697,1.00,1.12
2017.09.18 15:51:20.399,0.7969,0.79699,1.12,3.37
2017.09.18 15:51:20.942,0.79691,0.797,1.00,1.31
2017.09.18 15:51:21.897,0.7969,0.79697,1.00,1.50
2017.09.18 15:51:22.257,0.79688,0.79697,1.31,4.12
2017.09.18 15:51:22.747,0.7969,0.79697,1.00,1.01
2017.09.18 15:51:23.256,0.7969,0.79698,1.00,3.19
2017.09.18 15:51:24.024,0.7969,0.79697,1.00,1.00
2017.09.18 15:51:24.569,0.79691,0.79699,1.00,3.94
2017.09.18 15:51:26.986,0.79691,0.79698,1.00,1.50
2017.09.18 15:51:27.346,0.79689,0.79696,1.00,1.87
2017.09.18 15:51:27.857,0.7969,0.79697,1.00,1.00
2017.09.18 15:51:28.432,0.7969,0.79697,1.00,1.69
2017.09.18 15:51:30.540,0.7969,0.79698,1.00,7.57
2017.09.18 15:51:31.161,0.7969,0.79697,1.00,1.69
2017.09.18 15:51:31.423,0.79685,0.79693,1.87,1.12
2017.09.18 15:51:31.525,0.79684,0.79693,2.25,3.75
2017.09.18 15:51:31.678,0.79685,0.79693,1.37,3.37
2017.09.18 15:51:32.039,0.7969,0.79697,1.00,2.25
2017.09.18 15:51:32.771,0.79691,0.79697,1.00,1.31
2017.09.18 15:51:33.297,0.79692,0.79697,1.00,1.31
2017.09.18 15:51:33.501,0.7969,0.79697,1.00,1.62
2017.09.18 15:51:34.020,0.7969,0.79698,1.00,4.69
2017.09.18 15:51:34.224,0.79688,0.79695,1.00,3.00
2017.09.18 15:51:34.723,0.79689,0.79698,1.50,2.81
2017.09.18 15:51:35.183,0.79689,0.79696,1.00,4.31
2017.09.18 15:51:35.286,0.79686,0.79695,1.12,1.87
2017.09.18 15:51:35.439,0.79685,0.79693,1.37,1.37
2017.09.18 15:51:36.654,0.79688,0.79694,1.00,1.25
2017.09.18 15:51:36.706,0.79686,0.79695,1.31,2.44
2017.09.18 15:51:36.809,0.79688,0.79696,2.25,1.87
2017.09.18 15:51:37.150,0.79685,0.79693,1.50,1.31
2017.09.18 15:51:39.779,0.79685,0.79693,1.87,1.12
2017.09.18 15:51:40.934,0.79685,0.79693,1.37,1.31
2017.09.18 15:51:41.946,0.79685,0.79691,1.50,1.69
2017.09.18 15:51:42.254,0.79678,0.79685,1.00,2.62
2017.09.18 15:51:42.559,0.79676,0.79681,1.37,1.00
2017.09.18 15:51:43.123,0.79676,0.7968,1.12,1.00
2017.09.18 15:51:43.175,0.79676,0.79682,1.37,1.12
2017.09.18 15:51:43.227,0.79674,0.79682,1.69,1.12
2017.09.18 15:51:43.380,0.79674,0.79682,2.25,1.95
2017.09.18 15:51:43.997,0.79675,0.79683,1.50,1.12
2017.09.18 15:51:44.506,0.79675,0.79682,2.25,3.75
2017.09.18 15:51:45.906,0.79675,0.79681,1.50,1.00
2017.09.18 15:51:48.057,0.79675,0.79681,2.62,1.00
2017.09.18 15:51:48.600,0.79676,0.79681,1.12,1.00
2017.09.18 15:51:49.271,0.79674,0.7968,1.50,1.00
2017.09.18 15:51:49.322,0.79674,0.79678,1.00,1.00
2017.09.18 15:51:49.833,0.79672,0.79677,1.37,1.00
2017.09.18 15:51:52.166,0.79671,0.79677,1.12,1.00
2017.09.18 15:51:53.686,0.79672,0.79677,1.37,1.00
2017.09.18 15:51:54.946,0.79671,0.79679,5.44,1.00
2017.09.18 15:51:55.457,0.79671,0.7968,4.87,1.87
2017.09.18 15:52:00.492,0.79669,0.79677,4.20,1.50
2017.09.18 15:52:00.596,0.79671,0.79679,1.12,1.01
2017.09.18 15:52:01.161,0.79672,0.7968,1.00,3.82
2017.09.18 15:52:01.589,0.79672,0.79678,1.00,1.50
2017.09.18 15:52:01.849,0.79672,0.7968,1.00,1.87
2017.09.18 15:52:02.732,0.79673,0.7968,1.00,1.25
2017.09.18 15:52:04.309,0.79673,0.79681,1.00,2.51
2017.09.18 15:52:04.826,0.79673,0.7968,1.00,1.00
2017.09.18 15:52:05.518,0.79671,0.79677,1.87,1.00
2017.09.18 15:52:06.223,0.79672,0.79679,1.00,1.12
2017.09.18 15:52:06.973,0.79672,0.79678,1.00,1.00
2017.09.18 15:52:07.509,0.79672,0.79679,1.00,1.87
2017.09.18 15:52:08.273,0.79672,0.79678,1.00,1.00
2017.09.18 15:52:08.780,0.79671,0.79679,1.05,1.12
2017.09.18 15:52:09.414,0.79671,0.79678,1.05,1.00
2017.09.18 15:52:09.964,0.79668,0.79675,2.17,1.00
2017.09.18 15:52:10.285,0.79668,0.79673,1.05,1.00
2017.09.18 15:52:10.795,0.79668,0.79676,1.80,4.12
2017.09.18 15:52:10.847,0.7967,0.79676,1.00,2.25
2017.09.18 15:52:11.052,0.7967,0.79678,1.80,1.50
2017.09.18 15:52:11.643,0.7967,0.79679,2.25,3.56
2017.09.18 15:52:13.019,0.79671,0.79678,1.37,1.25
2017.09.18 15:52:13.566,0.79671,0.79679,1.37,1.87
2017.09.18 15:52:14.245,0.79671,0.79678,1.37,1.00
2017.09.18 15:52:14.753,0.79671,0.79679,1.37,1.87
2017.09.18 15:52:15.297,0.79671,0.79678,1.37,1.00
2017.09.18 15:52:15.503,0.79671,0.7968,1.37,3.37
2017.09.18 15:52:16.012,0.79671,0.79679,1.37,1.00
2017.09.18 15:52:16.551,0.79671,0.7968,1.87,2.25
2017.09.18 15:52:17.073,0.79672,0.79681,2.25,2.25
2017.09.18 15:52:18.816,0.79673,0.7968,1.12,1.50
2017.09.18 15:52:19.223,0.79673,0.79681,1.50,1.87
2017.09.18 15:52:19.787,0.79674,0.79682,1.50,2.06
2017.09.18 15:52:20.598,0.79675,0.79683,1.12,4.69
2017.09.18 15:52:24.884,0.79674,0.79681,1.00,1.00
2017.09.18 15:52:25.124,0.79672,0.7968,1.00,3.00
2017.09.18 15:52:26.422,0.79672,0.79681,1.00,8.33
2017.09.18 15:52:27.083,0.79671,0.79679,1.00,4.12
2017.09.18 15:52:27.492,0.79673,0.79679,1.00,2.06
2017.09.18 15:52:28.995,0.79669,0.79675,1.50,1.00
2017.09.18 15:52:29.352,0.7967,0.79677,1.00,1.69
2017.09.18 15:52:30.399,0.7967,0.79678,1.00,2.06
2017.09.18 15:52:31.092,0.79672,0.79679,1.00,3.56
2017.09.18 15:52:32.070,0.79669,0.79677,3.00,2.62
2017.09.18 15:52:32.226,0.79667,0.79675,4.31,1.37
2017.09.18 15:52:32.582,0.79669,0.79676,2.25,1.00
2017.09.18 15:52:33.131,0.7967,0.79678,1.00,2.63
2017.09.18 15:52:33.284,0.7967,0.79678,1.00,1.50
2017.09.18 15:52:34.003,0.7967,0.79677,1.00,1.37
2017.09.18 15:52:40.732,0.79669,0.79675,1.50,1.00
2017.09.18 15:52:41.292,0.79671,0.79675,1.00,1.00
2017.09.18 15:52:41.344,0.79669,0.79676,1.50,1.62
2017.09.18 15:52:41.922,0.79669,0.79678,1.50,1.31
2017.09.18 15:52:42.893,0.79667,0.79675,2.32,2.25
2017.09.18 15:52:43.198,0.79664,0.79672,1.87,3.37
2017.09.18 15:52:46.444,0.79664,0.79672,1.00,1.87
2017.09.18 15:52:46.993,0.79665,0.79672,1.87,1.87
2017.09.18 15:52:47.685,0.79664,0.79672,1.87,1.50
2017.09.18 15:52:53.631,0.79663,0.7967,1.00,1.00
2017.09.18 15:52:53.988,0.79661,0.7967,3.22,1.00
2017.09.18 15:52:54.497,0.7966,0.7967,7.22,3.00
2017.09.18 15:52:54.694,0.7966,0.79667,1.79,1.00
2017.09.18 15:52:55.370,0.7966,0.79667,1.87,1.00
2017.09.18 15:52:56.212,0.79659,0.79667,3.58,1.00
2017.09.18 15:52:56.733,0.79659,0.79667,2.65,1.00
2017.09.18 15:52:57.236,0.79659,0.79667,1.03,1.00
2017.09.18 15:52:57.745,0.79658,0.79667,4.71,1.00
2017.09.18 15:52:58.313,0.79658,0.79667,6.02,1.00
2017.09.18 15:52:58.819,0.79658,0.79667,5.46,1.00
2017.09.18 15:52:59.443,0.79658,0.79667,5.84,1.00
2017.09.18 15:52:59.985,0.79658,0.79667,5.16,1.00
2017.09.18 15:53:00.333,0.79659,0.7967,1.27,2.06
2017.09.18 15:53:00.681,0.79663,0.79672,1.37,3.74
2017.09.18 15:53:00.732,0.79663,0.79672,1.37,2.81
2017.09.18 15:53:01.553,0.79662,0.7967,2.44,1.00
2017.09.18 15:53:01.604,0.79661,0.7967,3.56,1.00
2017.09.18 15:53:02.182,0.79661,0.79671,1.52,1.50
2017.09.18 15:53:02.687,0.79662,0.79671,1.50,1.00
2017.09.18 15:53:03.921,0.79662,0.79671,1.13,1.12
2017.09.18 15:53:04.446,0.79661,0.79671,1.90,1.87
2017.09.18 15:53:04.956,0.79661,0.79671,2.12,2.62
2017.09.18 15:53:05.272,0.79665,0.79672,1.00,2.62
2017.09.18 15:53:05.810,0.79664,0.79672,1.12,1.37
2017.09.18 15:53:06.336,0.79664,0.79672,1.30,1.50
2017.09.18 15:53:08.571,0.79663,0.79671,1.87,1.37
2017.09.18 15:53:14.243,0.79662,0.79671,1.20,1.87
2017.09.18 15:53:14.550,0.79662,0.79667,1.00,1.50
2017.09.18 15:53:14.601,0.79658,0.79668,5.70,1.37
2017.09.18 15:53:14.805,0.79658,0.79666,1.50,1.87
2017.09.18 15:53:15.112,0.79659,0.79669,1.00,2.06
2017.09.18 15:53:15.886,0.79659,0.7967,3.26,4.68
2017.09.18 15:53:17.199,0.79659,0.7967,1.20,7.12
2017.09.18 15:53:17.493,0.7966,0.79669,1.37,1.25
2017.09.18 15:53:17.804,0.79664,0.7967,1.12,1.00
2017.09.18 15:53:18.110,0.79663,0.79668,1.20,1.00
2017.09.18 15:53:18.212,0.7966,0.79668,1.00,2.06
2017.09.18 15:53:18.316,0.79658,0.79668,1.87,3.94
2017.09.18 15:53:18.824,0.79659,0.79668,1.00,1.88
2017.09.18 15:53:18.977,0.79659,0.79668,1.95,1.13
2017.09.18 15:53:19.181,0.79659,0.79667,1.10,1.00
2017.09.18 15:53:20.161,0.79656,0.79664,3.00,1.87
2017.09.18 15:53:20.314,0.79655,0.79663,1.25,2.62
2017.09.18 15:53:20.826,0.79654,0.79663,1.00,3.37
2017.09.18 15:53:21.786,0.79653,0.79662,1.31,1.20
2017.09.18 15:53:23.532,0.79653,0.79662,2.81,1.57
2017.09.18 15:53:24.172,0.79653,0.79662,1.31,1.20
2017.09.18 15:53:24.882,0.79653,0.79662,1.31,1.20
2017.09.18 15:53:25.240,0.79653,0.79659,1.00,1.00
2017.09.18 15:53:25.752,0.79652,0.79661,1.50,1.50
2017.09.18 15:53:26.060,0.79651,0.79658,1.25,1.00
2017.09.18 15:53:26.711,0.79651,0.79657,1.00,1.00
2017.09.18 15:53:26.864,0.79648,0.79656,2.06,1.00
2017.09.18 15:53:27.068,0.79648,0.79658,5.06,1.87
2017.09.18 15:53:28.263,0.79648,0.79659,7.85,2.06
2017.09.18 15:53:28.791,0.79649,0.79659,2.89,2.81
2017.09.18 15:53:29.359,0.7965,0.79659,1.20,2.06
2017.09.18 15:53:30.032,0.7965,0.79659,1.00,1.31
2017.09.18 15:53:30.344,0.7965,0.79657,1.00,1.69
2017.09.18 15:53:30.926,0.7965,0.79659,1.00,2.44
2017.09.18 15:53:31.469,0.79649,0.79659,2.81,1.25
2017.09.18 15:53:31.978,0.79649,0.79658,2.51,1.00
2017.09.18 15:53:32.759,0.79649,0.79658,4.74,1.00
2017.09.18 15:53:33.372,0.79649,0.79658,2.06,1.00
2017.09.18 15:53:34.500,0.79652,0.79659,1.00,1.25
2017.09.18 15:53:35.051,0.79652,0.79661,1.00,2.89
2017.09.18 15:53:36.739,0.79652,0.79661,1.00,4.31
2017.09.18 15:53:38.456,0.79652,0.7966,1.00,1.13
2017.09.18 15:53:38.974,0.79652,0.79659,1.00,1.00
2017.09.18 15:53:39.076,0.79652,0.79661,1.00,4.01
2017.09.18 15:53:39.672,0.79652,0.79659,1.00,1.00
2017.09.18 15:53:39.774,0.79652,0.79661,1.00,4.69
2017.09.18 15:53:40.293,0.79653,0.7966,1.00,1.00
2017.09.18 15:53:40.836,0.79653,0.79659,1.00,1.00
2017.09.18 15:53:41.090,0.79654,0.79661,1.00,5.06
2017.09.18 15:53:42.424,0.79654,0.7966,1.00,1.13
2017.09.18 15:53:43.558,0.79654,0.79661,1.00,5.70
2017.09.18 15:53:44.707,0.79654,0.7966,1.00,1.00
2017.09.18 15:53:45.218,0.79653,0.7966,1.00,2.06
2017.09.18 15:53:46.534,0.79653,0.79658,1.00,1.50
2017.09.18 15:53:47.045,0.79652,0.79658,1.00,1.00
2017.09.18 15:53:47.502,0.79653,0.79661,1.00,6.00
2017.09.18 15:53:48.070,0.79654,0.79662,1.00,2.14
2017.09.18 15:53:48.581,0.79655,0.79662,1.00,3.56
2017.09.18 15:53:49.159,0.79656,0.79662,1.00,1.31
2017.09.18 15:53:49.415,0.79654,0.79663,2.25,4.69
2017.09.18 15:53:49.949,0.79653,0.79661,1.25,1.25
2017.09.18 15:53:51.039,0.79653,0.79661,4.31,1.25
2017.09.18 15:53:52.692,0.79654,0.79663,1.12,3.94
2017.09.18 15:53:54.177,0.79656,0.79663,1.00,1.69
2017.09.18 15:53:54.734,0.79658,0.79666,1.50,1.50
2017.09.18 15:53:54.989,0.79659,0.79668,1.00,1.25
2017.09.18 15:53:55.575,0.79658,0.79667,3.26,1.00
2017.09.18 15:53:56.916,0.79661,0.79667,1.00,1.00
2017.09.18 15:53:57.263,0.79656,0.79663,1.25,1.00
2017.09.18 15:53:57.925,0.79657,0.79665,4.20,1.00
2017.09.18 15:53:58.378,0.79661,0.79667,2.25,1.00
2017.09.18 15:53:58.933,0.7966,0.79667,1.94,1.00
2017.09.18 15:53:59.188,0.79663,0.7967,4.12,1.50
2017.09.18 15:53:59.701,0.79663,0.79671,6.64,1.37
2017.09.18 15:54:00.103,0.79665,0.79671,1.00,1.00
2017.09.18 15:54:00.205,0.79667,0.79675,1.50,2.81
2017.09.18 15:54:00.308,0.79667,0.79671,1.57,1.00
2017.09.18 15:54:00.361,0.79665,0.79671,2.62,1.00
2017.09.18 15:54:00.883,0.79664,0.79671,1.95,1.12
2017.09.18 15:54:01.395,0.79665,0.79672,1.50,1.87
2017.09.18 15:54:01.817,0.79668,0.79675,1.00,1.31
2017.09.18 15:54:02.021,0.79667,0.79676,3.07,1.50
2017.09.18 15:54:02.563,0.79669,0.79675,1.10,1.00
2017.09.18 15:54:02.853,0.79668,0.79673,1.63,1.00
2017.09.18 15:54:03.162,0.79663,0.7967,2.14,1.00
2017.09.18 15:54:03.215,0.79663,0.7967,1.76,1.00
2017.09.18 15:54:05.242,0.79662,0.79668,1.57,1.00
2017.09.18 15:54:05.396,0.79662,0.7967,2.32,1.12
2017.09.18 15:54:06.022,0.79662,0.7967,1.10,1.12
2017.09.18 15:54:09.288,0.79662,0.7967,1.39,1.12
2017.09.18 15:54:09.810,0.79662,0.7967,3.18,1.12
2017.09.18 15:54:10.337,0.79662,0.7967,2.32,1.12
2017.09.18 15:54:10.846,0.79662,0.7967,1.94,1.12
2017.09.18 15:54:11.405,0.79662,0.7967,4.19,1.12
2017.09.18 15:54:11.927,0.79661,0.79669,3.55,1.00
2017.09.18 15:54:12.611,0.79666,0.79674,1.00,2.62
2017.09.18 15:54:12.764,0.79667,0.79677,2.89,2.25
2017.09.18 15:54:12.816,0.79667,0.79674,1.01,1.00
2017.09.18 15:54:13.136,0.79662,0.7967,3.45,1.37
2017.09.18 15:54:13.548,0.79662,0.79669,4.57,1.12
2017.09.18 15:54:15.712,0.79662,0.79669,3.07,1.12
2017.09.18 15:54:16.287,0.79662,0.79668,3.45,1.00
2017.09.18 15:54:19.642,0.79662,0.79669,2.62,1.12
2017.09.18 15:54:22.847,0.79662,0.79669,1.20,1.12
2017.09.18 15:54:25.717,0.79662,0.79669,1.57,1.12
2017.09.18 15:54:26.243,0.79662,0.79669,1.57,1.12
2017.09.18 15:54:27.459,0.79662,0.79669,1.76,1.12
2017.09.18 15:54:27.995,0.79662,0.79669,4.95,1.12
2017.09.18 15:54:29.715,0.79662,0.79669,3.45,1.12
2017.09.18 15:54:30.372,0.79664,0.7967,1.00,1.37
2017.09.18 15:54:31.244,0.79666,0.7967,1.00,1.12
2017.09.18 15:54:35.762,0.79666,0.79671,1.00,2.06
2017.09.18 15:54:37.798,0.79664,0.79671,1.00,2.25
2017.09.18 15:54:41.826,0.79665,0.79672,1.00,2.44
2017.09.18 15:54:43.179,0.79665,0.79672,1.00,1.00
2017.09.18 15:54:43.384,0.79666,0.79674,1.00,1.00
2017.09.18 15:54:44.827,0.79666,0.79673,1.00,1.00
2017.09.18 15:54:46.426,0.79666,0.79675,1.00,4.69
2017.09.18 15:54:46.944,0.79665,0.79674,1.00,2.62
2017.09.18 15:54:49.201,0.79667,0.79673,1.00,1.50
2017.09.18 15:54:49.764,0.79666,0.79675,1.00,3.19
2017.09.18 15:54:51.945,0.79666,0.79674,1.10,2.62
2017.09.18 15:54:53.451,0.79666,0.79675,1.12,1.12
2017.09.18 15:54:54.755,0.79666,0.79674,1.12,1.00
2017.09.18 15:54:55.263,0.79665,0.79674,2.51,1.12
2017.09.18 15:54:56.256,0.79665,0.79674,1.10,3.19
2017.09.18 15:54:58.081,0.79664,0.79672,1.95,1.00
2017.09.18 15:54:59.162,0.79663,0.79673,3.64,3.00
2017.09.18 15:55:01.724,0.79663,0.79672,3.19,1.87
2017.09.18 15:55:01.828,0.79662,0.79671,1.00,1.87
2017.09.18 15:55:02.356,0.79662,0.79672,1.12,4.01
2017.09.18 15:55:03.124,0.79662,0.79672,2.81,3.75
2017.09.18 15:55:04.347,0.79662,0.79672,2.44,1.69
2017.09.18 15:55:04.883,0.79662,0.79672,1.69,1.76
2017.09.18 15:55:08.519,0.79661,0.79671,8.25,1.00
2017.09.18 15:55:14.764,0.79662,0.79672,2.25,2.44
2017.09.18 15:55:15.323,0.79664,0.79674,3.19,1.87
2017.09.18 15:55:15.947,0.79664,0.79673,1.10,1.50
2017.09.18 15:55:17.125,0.79664,0.79674,1.69,1.87
2017.09.18 15:55:17.482,0.79664,0.79672,1.00,1.00
2017.09.18 15:55:17.533,0.79664,0.79674,1.00,3.75
2017.09.18 15:55:18.132,0.79664,0.79673,2.25,1.50
2017.09.18 15:55:20.161,0.79664,0.79674,1.00,1.87
2017.09.18 15:55:21.553,0.79666,0.79674,2.25,1.31
2017.09.18 15:55:21.757,0.79664,0.79675,3.00,4.50
2017.09.18 15:55:22.717,0.79666,0.79674,1.50,1.12
2017.09.18 15:55:23.075,0.79664,0.79674,3.75,2.62
2017.09.18 15:55:23.702,0.79664,0.79673,3.75,1.50
2017.09.18 15:55:24.307,0.79666,0.79675,1.00,2.81
2017.09.18 15:55:24.826,0.79666,0.79675,1.00,2.06
2017.09.18 15:55:26.361,0.79666,0.79674,1.00,1.50
2017.09.18 15:55:26.984,0.79664,0.79674,1.50,5.63
2017.09.18 15:55:27.086,0.79664,0.79674,1.50,2.81
2017.09.18 15:55:27.610,0.79664,0.79674,1.50,4.20
2017.09.18 15:55:28.122,0.79664,0.79674,2.25,2.81
2017.09.18 15:55:32.600,0.79664,0.79673,2.25,1.00
2017.09.18 15:55:33.118,0.79664,0.79674,2.25,3.37
2017.09.18 15:55:33.711,0.79664,0.79674,2.25,4.50
2017.09.18 15:55:34.218,0.79664,0.79674,2.25,3.75
2017.09.18 15:55:35.984,0.79664,0.79674,2.25,4.88
2017.09.18 15:55:36.491,0.79664,0.79674,2.25,4.69
2017.09.18 15:55:37.062,0.79664,0.79673,2.25,1.50
2017.09.18 15:55:40.465,0.79663,0.79672,1.69,1.87
2017.09.18 15:55:41.069,0.79663,0.79673,1.39,1.87
2017.09.18 15:55:41.611,0.79663,0.79672,1.69,1.50
2017.09.18 15:55:43.741,0.79663,0.79672,1.25,1.38
2017.09.18 15:55:44.774,0.79663,0.79672,1.25,1.13
2017.09.18 15:55:45.962,0.79663,0.79672,1.25,1.88
2017.09.18 15:55:47.012,0.79663,0.79672,1.25,1.88
2017.09.18 15:55:48.073,0.79663,0.79672,1.25,1.38
2017.09.18 15:55:49.300,0.79663,0.79672,1.25,2.25
2017.09.18 15:55:49.403,0.79661,0.7967,7.20,1.00
2017.09.18 15:55:49.862,0.7966,0.79666,1.00,6.38
2017.09.18 15:55:49.913,0.79656,0.79665,1.20,3.56
2017.09.18 15:55:50.119,0.79652,0.79661,3.75,1.50
2017.09.18 15:55:50.662,0.79653,0.79663,1.00,5.14
2017.09.18 15:55:51.189,0.79655,0.79663,1.00,3.07
2017.09.18 15:55:53.199,0.79653,0.79662,1.00,2.44
2017.09.18 15:55:53.552,0.79652,0.7966,1.00,1.00
2017.09.18 15:55:54.102,0.79652,0.7966,1.87,1.00
2017.09.18 15:55:57.457,0.79654,0.79663,1.00,1.69
2017.09.18 15:55:58.049,0.79654,0.79661,1.00,1.12
2017.09.18 15:55:58.552,0.79654,0.7966,1.00,1.00
2017.09.18 15:55:59.072,0.79654,0.79661,1.00,1.12
2017.09.18 15:55:59.600,0.79652,0.7966,3.19,1.00
2017.09.18 15:56:01.811,0.79654,0.7966,1.00,1.00
2017.09.18 15:56:02.320,0.79653,0.7966,2.62,1.00
2017.09.18 15:56:02.869,0.79654,0.7966,1.00,1.00
2017.09.18 15:56:03.379,0.79653,0.7966,1.12,1.00
2017.09.18 15:56:05.015,0.79651,0.7966,2.89,1.00
2017.09.18 15:56:05.532,0.7965,0.79659,1.19,1.00
2017.09.18 15:56:07.216,0.7965,0.79659,3.37,1.00
2017.09.18 15:56:07.731,0.79648,0.79657,1.69,1.50
2017.09.18 15:56:08.136,0.79646,0.79655,5.62,1.00
2017.09.18 15:56:08.188,0.79646,0.79654,1.00,1.12
2017.09.18 15:56:08.239,0.79645,0.79652,1.31,1.50
2017.09.18 15:56:08.759,0.79644,0.7965,1.00,1.12
2017.09.18 15:56:09.277,0.79643,0.79649,1.50,1.00
2017.09.18 15:56:10.104,0.79642,0.79652,2.51,2.06
2017.09.18 15:56:10.623,0.79644,0.79652,1.00,1.31
2017.09.18 15:56:10.964,0.79644,0.79652,1.00,1.12
2017.09.18 15:56:11.543,0.79644,0.79652,1.00,2.06
2017.09.18 15:56:12.470,0.79646,0.79652,1.00,2.44
2017.09.18 15:56:12.731,0.79647,0.79653,1.00,1.37
2017.09.18 15:56:12.782,0.7965,0.79654,1.00,1.50
2017.09.18 15:56:12.835,0.7965,0.79659,1.00,5.51
2017.09.18 15:56:12.991,0.7965,0.79659,1.00,4.31
2017.09.18 15:56:13.503,0.79651,0.7966,1.00,3.56
2017.09.18 15:56:13.929,0.79649,0.79656,1.00,1.12
2017.09.18 15:56:14.302,0.79647,0.79655,1.00,3.64
2017.09.18 15:56:15.687,0.7965,0.79654,1.00,1.00
2017.09.18 15:56:15.739,0.79648,0.79657,1.00,1.69
2017.09.18 15:56:16.096,0.7965,0.79658,1.00,1.19
2017.09.18 15:56:16.300,0.79648,0.79657,1.12,1.31
2017.09.18 15:56:16.855,0.79648,0.79654,1.00,1.00
2017.09.18 15:56:17.999,0.79646,0.79654,1.47,1.00
2017.09.18 15:56:18.101,0.79644,0.79655,4.69,4.50
2017.09.18 15:56:19.985,0.79644,0.79652,1.00,1.37
2017.09.18 15:56:20.738,0.79645,0.79652,1.50,1.37
2017.09.18 15:56:24.733,0.79644,0.79652,3.00,1.37
2017.09.18 15:56:24.785,0.79644,0.79653,3.00,1.12
2017.09.18 15:56:24.941,0.79645,0.79653,1.18,1.12
2017.09.18 15:56:24.992,0.79644,0.79653,3.00,1.12
2017.09.18 15:56:27.148,0.79645,0.79654,1.00,1.37
2017.09.18 15:56:27.732,0.79645,0.79652,1.00,1.37
2017.09.18 15:56:32.917,0.79652,0.79656,1.00,1.25
2017.09.18 15:56:33.068,0.79652,0.7966,1.12,1.62
2017.09.18 15:56:33.526,0.79653,0.79661,2.05,1.31
2017.09.18 15:56:34.038,0.79653,0.79661,2.80,1.19
2017.09.18 15:56:34.752,0.79653,0.79662,2.80,5.06
2017.09.18 15:56:35.297,0.79655,0.79663,3.00,2.25
2017.09.18 15:56:35.501,0.79657,0.79663,1.00,2.25
2017.09.18 15:56:39.432,0.79655,0.79663,1.25,1.37
2017.09.18 15:56:49.217,0.79655,0.79662,1.00,2.25
2017.09.18 15:56:50.079,0.79655,0.79662,1.00,3.37
2017.09.18 15:56:50.811,0.79655,0.79662,1.00,5.25
2017.09.18 15:56:51.332,0.79655,0.79662,1.00,3.94
2017.09.18 15:56:52.022,0.79655,0.79662,1.00,6.56
2017.09.18 15:56:52.678,0.79653,0.79661,1.00,1.31
2017.09.18 15:56:54.910,0.79653,0.7966,1.00,1.37
2017.09.18 15:56:55.986,0.79652,0.7966,1.00,4.87
2017.09.18 15:56:56.550,0.79651,0.79659,1.00,1.87
2017.09.18 15:56:57.075,0.79652,0.79659,1.00,1.87
2017.09.18 15:56:57.577,0.79651,0.79658,1.00,1.00
2017.09.18 15:57:00.784,0.79653,0.7966,1.00,2.44
2017.09.18 15:57:01.297,0.79653,0.7966,1.00,2.44
2017.09.18 15:57:07.775,0.79653,0.7966,1.00,2.25
2017.09.18 15:57:08.795,0.79653,0.7966,1.00,2.62
2017.09.18 15:57:10.923,0.79651,0.79659,1.00,1.50
2017.09.18 15:57:11.432,0.7965,0.79658,1.00,1.00
2017.09.18 15:57:11.630,0.79649,0.79655,1.00,1.01
2017.09.18 15:57:11.949,0.79643,0.79651,1.76,1.37
2017.09.18 15:57:21.147,0.79645,0.79653,1.50,3.38
2017.09.18 15:57:21.658,0.79646,0.79653,1.12,1.00
2017.09.18 15:57:22.473,0.79649,0.79656,1.00,2.06
2017.09.18 15:57:22.780,0.79647,0.79654,1.00,1.75
2017.09.18 15:57:22.985,0.79645,0.79654,1.50,1.75
2017.09.18 15:57:23.528,0.79644,0.79652,2.25,1.37
2017.09.18 15:57:29.254,0.79643,0.79653,2.06,2.25
2017.09.18 15:57:38.380,0.79643,0.79653,2.06,2.25
2017.09.18 15:57:50.416,0.79643,0.7965,3.00,1.00
2017.09.18 15:57:51.593,0.79643,0.79648,1.37,1.00
2017.09.18 15:57:51.646,0.79643,0.7965,1.37,1.20
2017.09.18 15:57:53.362,0.79642,0.79651,1.50,3.45
2017.09.18 15:57:53.884,0.79642,0.7965,1.69,1.00
2017.09.18 15:57:53.935,0.7964,0.79649,6.19,1.00
2017.09.18 15:57:54.445,0.7964,0.79648,1.87,2.62
2017.09.18 15:57:54.547,0.79639,0.79648,1.87,2.06
2017.09.18 15:57:55.057,0.79638,0.79648,2.62,3.26
2017.09.18 15:57:55.599,0.79638,0.79648,2.62,2.06
2017.09.18 15:57:56.381,0.7964,0.79648,1.00,1.31
2017.09.18 15:58:01.065,0.79641,0.79648,1.25,1.31
2017.09.18 15:58:01.914,0.79641,0.79649,1.00,1.00
2017.09.18 15:58:02.853,0.79641,0.79649,1.69,1.50
2017.09.18 15:58:03.165,0.79643,0.79654,3.19,4.95
2017.09.18 15:58:03.684,0.79643,0.79654,3.75,5.25
2017.09.18 15:58:04.285,0.79643,0.79651,3.00,1.00
2017.09.18 15:58:04.794,0.79645,0.79652,1.25,1.25
2017.09.18 15:58:07.295,0.79644,0.79652,1.31,1.00
2017.09.18 15:58:08.101,0.79644,0.79652,2.25,1.00
2017.09.18 15:58:08.604,0.79644,0.79652,1.31,1.00
2017.09.18 15:58:10.039,0.79644,0.79652,1.31,1.00
2017.09.18 15:58:10.629,0.79643,0.79652,4.87,1.00
2017.09.18 15:58:10.890,0.79644,0.79654,1.31,1.69
2017.09.18 15:58:11.614,0.79643,0.79654,5.06,1.12
2017.09.18 15:58:12.131,0.79644,0.79654,1.31,1.12
2017.09.18 15:58:12.824,0.79643,0.79654,5.89,1.12
2017.09.18 15:58:13.396,0.79644,0.79654,1.57,1.12
2017.09.18 15:58:13.891,0.79648,0.79655,1.50,1.87
2017.09.18 15:58:14.044,0.79648,0.79658,6.56,1.00
2017.09.18 15:58:14.585,0.7965,0.79659,1.00,2.06
2017.09.18 15:58:15.756,0.7965,0.79658,1.00,1.00
2017.09.18 15:58:16.262,0.79649,0.79658,5.25,1.00
2017.09.18 15:58:16.851,0.79649,0.79659,2.62,1.31
2017.09.18 15:58:17.108,0.79648,0.79657,4.95,2.62
2017.09.18 15:58:17.436,0.79645,0.79654,1.00,1.50
2017.09.18 15:58:20.626,0.79645,0.79654,1.00,2.06
2017.09.18 15:58:23.038,0.79645,0.79655,1.00,7.03
2017.09.18 15:58:23.430,0.79649,0.79655,1.00,1.00
2017.09.18 15:58:23.583,0.7965,0.79658,1.00,1.00
2017.09.18 15:58:23.635,0.79652,0.79659,1.00,1.12
2017.09.18 15:58:23.866,0.79653,0.79661,1.50,2.81
2017.09.18 15:58:24.134,0.79655,0.79661,1.00,1.00
2017.09.18 15:58:24.691,0.79655,0.79662,1.00,2.06
2017.09.18 15:58:25.221,0.79656,0.79662,1.00,1.31
2017.09.18 15:58:25.787,0.79655,0.79662,1.00,2.81
2017.09.18 15:58:26.700,0.79654,0.79662,1.00,1.31
2017.09.18 15:58:27.216,0.79654,0.79663,1.00,2.25
2017.09.18 15:58:27.890,0.79655,0.79664,1.69,4.50
2017.09.18 15:58:28.438,0.79655,0.79664,1.25,3.26
2017.09.18 15:58:29.008,0.79655,0.79664,1.25,2.89
2017.09.18 15:58:34.379,0.79654,0.79665,1.31,4.01
2017.09.18 15:58:34.928,0.79655,0.79665,2.25,1.19
2017.09.18 15:58:35.695,0.79655,0.79665,1.87,1.69
2017.09.18 15:58:36.350,0.79655,0.79665,1.50,1.19
2017.09.18 15:58:37.020,0.79654,0.79665,2.25,2.81
2017.09.18 15:58:37.894,0.79654,0.79664,1.12,1.20
2017.09.18 15:58:41.673,0.79652,0.79663,3.75,1.87
2017.09.18 15:58:42.703,0.79652,0.79663,2.44,1.31
2017.09.18 15:58:43.786,0.79651,0.79661,2.81,2.25
2017.09.18 15:58:43.992,0.7965,0.79659,1.87,1.50
2017.09.18 15:58:44.197,0.79649,0.79658,1.50,1.50
2017.09.18 15:58:44.706,0.79648,0.79657,2.44,1.62
2017.09.18 15:58:45.254,0.79647,0.79655,1.12,3.19
2017.09.18 15:58:45.559,0.79645,0.79653,1.00,1.87
2017.09.18 15:58:46.307,0.79647,0.79655,1.50,1.50
2017.09.18 15:58:46.664,0.79647,0.79656,1.50,1.31
2017.09.18 15:58:47.137,0.79649,0.79659,1.31,3.37
2017.09.18 15:58:50.152,0.79649,0.79658,1.69,1.19
2017.09.18 15:58:50.665,0.79651,0.79659,1.00,4.31
2017.09.18 15:58:51.277,0.79652,0.79659,1.00,4.12
2017.09.18 15:58:53.074,0.79652,0.79659,1.00,1.31
2017.09.18 15:58:53.630,0.79652,0.79659,1.00,2.62
2017.09.18 15:58:55.566,0.79652,0.79659,1.00,1.12
2017.09.18 15:58:57.694,0.7965,0.79659,1.00,2.62
2017.09.18 15:58:57.898,0.79652,0.79658,1.00,1.00
2017.09.18 15:58:59.502,0.79652,0.79659,1.00,1.00
2017.09.18 15:59:00.201,0.79652,0.79658,1.00,1.00
2017.09.18 15:59:00.711,0.79652,0.79659,1.00,1.00
2017.09.18 15:59:01.258,0.79652,0.7966,1.00,2.51
2017.09.18 15:59:02.139,0.79652,0.7966,1.00,4.13
2017.09.18 15:59:02.654,0.79652,0.7966,1.00,2.81
2017.09.18 15:59:07.232,0.79653,0.7966,1.00,1.12
2017.09.18 15:59:07.640,0.79655,0.79661,1.00,1.12
2017.09.18 15:59:08.660,0.79655,0.79662,1.00,2.06
2017.09.18 15:59:09.016,0.79657,0.79667,2.06,3.75
2017.09.18 15:59:09.068,0.79661,0.79668,1.00,1.12
2017.09.18 15:59:10.204,0.79661,0.79669,1.00,1.25
2017.09.18 15:59:10.846,0.79662,0.79671,1.00,1.62
2017.09.18 15:59:11.358,0.79663,0.79671,1.00,1.62
2017.09.18 15:59:12.170,0.79663,0.7967,1.00,3.19
2017.09.18 15:59:13.874,0.79663,0.7967,1.00,1.50
2017.09.18 15:59:14.385,0.79663,0.7967,1.00,5.81
2017.09.18 15:59:15.640,0.79661,0.7967,1.00,2.14
2017.09.18 15:59:16.184,0.79661,0.7967,1.00,1.10
2017.09.18 15:59:16.912,0.79663,0.7967,1.00,1.10
2017.09.18 15:59:17.431,0.79663,0.79671,1.00,1.01
2017.09.18 15:59:18.306,0.79663,0.79671,1.00,5.62
2017.09.18 15:59:18.410,0.7966,0.79669,2.44,3.37
2017.09.18 15:59:18.565,0.79661,0.79669,1.00,8.70
2017.09.18 15:59:18.667,0.79661,0.7967,1.50,7.01
2017.09.18 15:59:20.697,0.79661,0.79665,1.00,2.25
2017.09.18 15:59:20.749,0.79656,0.79664,3.82,1.00
2017.09.18 15:59:20.801,0.79655,0.79664,1.37,3.60
2017.09.18 15:59:20.853,0.79654,0.79663,1.69,1.50
2017.09.18 15:59:21.362,0.79654,0.79664,1.00,3.56
2017.09.18 15:59:21.786,0.79654,0.79663,1.00,1.37
2017.09.18 15:59:22.117,0.79656,0.79663,1.00,2.06
2017.09.18 15:59:22.673,0.79656,0.79663,1.00,1.50
2017.09.18 15:59:23.756,0.79656,0.79662,1.00,1.00
2017.09.18 15:59:24.564,0.79653,0.79662,1.12,1.50
2017.09.18 15:59:26.256,0.79653,0.79662,1.00,5.81
2017.09.18 15:59:26.958,0.79653,0.79662,1.00,3.26
2017.09.18 15:59:27.112,0.79653,0.79661,1.00,2.25
2017.09.18 15:59:27.552,0.79651,0.7966,1.12,2.06
2017.09.18 15:59:27.655,0.7965,0.79657,1.50,1.00
2017.09.18 15:59:28.088,0.79648,0.79656,1.87,1.00
2017.09.18 15:59:28.793,0.79648,0.79657,1.12,1.95
2017.09.18 15:59:29.471,0.79648,0.79657,1.00,3.38
2017.09.18 15:59:29.523,0.79646,0.79655,2.44,1.44
2017.09.18 15:59:29.828,0.79645,0.79654,1.00,1.12
2017.09.18 15:59:30.084,0.79645,0.79652,1.00,1.00
2017.09.18 15:59:31.085,0.79645,0.79653,1.00,1.00
2017.09.18 15:59:33.992,0.79645,0.79654,1.50,1.00
2017.09.18 15:59:34.197,0.79647,0.79657,1.50,4.87
2017.09.18 15:59:34.248,0.7965,0.79657,1.00,2.44
2017.09.18 15:59:34.337,0.79648,0.79657,1.00,1.25
2017.09.18 15:59:35.051,0.79647,0.79655,1.12,1.50
2017.09.18 15:59:35.599,0.79646,0.79654,3.82,1.00
2017.09.18 15:59:36.181,0.79646,0.79655,3.94,3.00
2017.09.18 15:59:36.495,0.79645,0.79654,1.00,1.87
2017.09.18 15:59:36.599,0.79645,0.79654,1.50,1.12
2017.09.18 15:59:36.702,0.79647,0.79656,2.62,1.00
2017.09.18 15:59:37.243,0.79648,0.79657,1.00,1.00
2017.09.18 15:59:37.764,0.79649,0.79657,1.00,3.00
2017.09.18 15:59:38.302,0.7965,0.79658,1.87,1.19
2017.09.18 15:59:38.865,0.7965,0.79658,1.50,1.00
2017.09.18 15:59:39.405,0.7965,0.79659,1.00,1.50
2017.09.18 15:59:49.405,0.7965,0.79659,1.50,4.39
2017.09.18 15:59:49.985,0.79651,0.79659,1.00,4.39
2017.09.18 15:59:55.349,0.79651,0.7966,1.25,3.19
2017.09.18 15:59:55.665,0.79653,0.7966,1.00,1.69
2017.09.18 15:59:56.013,0.79655,0.7966,1.00,2.44
2017.09.18 15:59:56.552,0.79653,0.79661,1.00,4.31
2017.09.18 15:59:57.098,0.79653,0.79661,1.00,3.56
2017.09.18 15:59:59.432,0.79652,0.7966,1.00,1.69
