2017.09.21 12:00:00.243,0.79329,0.79337,1.00,1.00
2017.09.21 12:00:00.778,0.79329,0.79336,1.00,1.50
2017.09.21 12:00:01.204,0.79328,0.79338,4.50,1.95
2017.09.21 12:00:01.718,0.79328,0.79338,1.31,3.26
2017.09.21 12:00:02.277,0.79328,0.79338,2.24,1.20
2017.09.21 12:00:05.636,0.7933,0.79338,1.25,2.32
2017.09.21 12:00:06.201,0.79329,0.79339,3.19,2.25
2017.09.21 12:00:06.802,0.79329,0.79339,3.00,1.00
2017.09.21 12:00:06.955,0.79329,0.79337,1.87,1.00
2017.09.21 12:00:08.461,0.7933,0.79339,1.00,4.12
2017.09.21 12:00:09.100,0.79333,0.79339,1.00,2.32
2017.09.21 12:00:10.646,0.79332,0.79339,1.00,1.87
2017.09.21 12:00:11.157,0.79333,0.7934,1.00,1.50
2017.09.21 12:00:11.731,0.79334,0.7934,1.00,1.50
2017.09.21 12:00:12.242,0.79334,0.79341,1.00,1.39
2017.09.21 12:00:12.904,0.79332,0.79341,1.00,1.39
2017.09.21 12:00:14.133,0.7933,0.7934,2.05,1.00
2017.09.21 12:00:14.286,0.7933,0.7934,2.61,1.00
2017.09.21 12:00:14.388,0.7933,0.7934,1.67,1.00
2017.09.21 12:00:15.420,0.7933,0.7934,3.55,1.00
2017.09.21 12:00:16.045,0.7933,0.7934,1.67,1.00
2017.09.21 12:00:16.311,0.7933,0.7934,3.55,1.00
2017.09.21 12:00:16.480,0.7933,0.7934,1.86,1.00
2017.09.21 12:00:17.280,0.7933,0.7934,2.61,1.00
2017.09.21 12:00:18.840,0.7933,0.7934,3.55,1.00
2017.09.21 12:00:19.372,0.79332,0.79341,1.00,2.81
2017.09.21 12:00:20.716,0.79332,0.79341,1.00,2.06
2017.09.21 12:00:21.065,0.79337,0.79341,1.00,1.00
2017.09.21 12:00:21.168,0.79341,0.79349,1.00,1.57
2017.09.21 12:00:21.322,0.79339,0.79347,4.76,1.00
2017.09.21 12:00:21.629,0.79339,0.79345,1.00,1.00
2017.09.21 12:00:22.635,0.79338,0.79345,1.31,1.00
2017.09.21 12:00:23.280,0.79337,0.79345,7.39,1.00
2017.09.21 12:00:23.694,0.79337,0.79345,2.06,1.00
2017.09.21 12:00:24.298,0.79336,0.79345,3.26,1.00
2017.09.21 12:00:27.296,0.79337,0.79345,2.06,1.00
2017.09.21 12:00:27.399,0.79336,0.79343,1.39,1.00
2017.09.21 12:00:27.927,0.79336,0.79343,1.58,1.00
2017.09.21 12:00:28.456,0.79336,0.79343,1.00,1.00
2017.09.21 12:00:29.846,0.79335,0.79343,6.26,1.00
2017.09.21 12:00:30.799,0.79336,0.79343,2.81,1.00
2017.09.21 12:00:32.075,0.79336,0.79343,2.44,1.00
2017.09.21 12:00:32.642,0.79336,0.79343,2.06,1.00
2017.09.21 12:00:33.207,0.79336,0.79343,3.00,1.00
2017.09.21 12:00:36.286,0.79336,0.79343,3.56,1.00
2017.09.21 12:00:36.875,0.79336,0.79343,6.19,1.00
2017.09.21 12:00:37.466,0.79336,0.79343,4.31,1.00
2017.09.21 12:00:40.057,0.79336,0.79343,4.50,1.00
2017.09.21 12:00:40.721,0.79336,0.79343,3.56,1.00
2017.09.21 12:00:41.636,0.79336,0.79343,5.25,1.00
2017.09.21 12:00:42.148,0.79336,0.79343,5.81,1.00
2017.09.21 12:00:42.676,0.79336,0.79344,6.07,1.00
2017.09.21 12:00:44.710,0.79336,0.79344,3.64,1.00
2017.09.21 12:00:45.578,0.79336,0.79344,5.32,1.00
2017.09.21 12:00:46.126,0.79336,0.79344,3.64,1.00
2017.09.21 12:00:46.695,0.79336,0.79344,5.32,1.00
2017.09.21 12:00:47.213,0.79336,0.79343,3.82,1.00
2017.09.21 12:00:47.746,0.79336,0.79343,2.14,1.00
2017.09.21 12:00:48.322,0.79336,0.79343,1.95,1.00
2017.09.21 12:00:52.626,0.79336,0.79343,1.76,1.00
2017.09.21 12:00:53.172,0.79336,0.79343,3.45,1.00
2017.09.21 12:00:53.705,0.79336,0.79343,2.89,1.00
2017.09.21 12:00:55.220,0.79336,0.79343,3.07,1.00
2017.09.21 12:00:55.749,0.79336,0.79343,1.39,1.00
2017.09.21 12:00:56.693,0.79336,0.79343,3.64,1.00
2017.09.21 12:00:57.207,0.79336,0.79343,3.07,1.00
2017.09.21 12:00:58.217,0.79336,0.79343,3.45,1.00
2017.09.21 12:00:58.815,0.79336,0.79343,1.75,1.00
2017.09.21 12:01:00.276,0.79336,0.79343,2.32,1.00
2017.09.21 12:01:00.855,0.79336,0.79343,1.94,1.00
2017.09.21 12:01:01.712,0.79336,0.79343,2.88,1.00
2017.09.21 12:01:03.355,0.79336,0.79343,3.63,1.00
2017.09.21 12:01:03.922,0.79336,0.79343,3.44,1.00
2017.09.21 12:01:04.546,0.79336,0.79343,2.88,1.00
2017.09.21 12:01:05.943,0.79339,0.79348,2.43,4.20
2017.09.21 12:01:05.995,0.79341,0.7935,1.50,3.37
2017.09.21 12:01:06.046,0.79341,0.7935,1.68,1.50
2017.09.21 12:01:06.556,0.79341,0.79349,1.68,1.00
2017.09.21 12:01:09.188,0.79342,0.79349,3.37,1.00
2017.09.21 12:01:11.495,0.79342,0.79347,1.62,1.00
2017.09.21 12:01:12.972,0.79342,0.79347,1.00,1.00
2017.09.21 12:01:13.321,0.79339,0.79342,1.12,1.00
2017.09.21 12:01:13.475,0.79336,0.79341,1.13,1.00
2017.09.21 12:01:13.984,0.79335,0.79342,2.51,1.00
2017.09.21 12:01:14.597,0.79335,0.79342,1.39,1.00
2017.09.21 12:01:15.158,0.79335,0.79342,2.32,1.00
2017.09.21 12:01:16.417,0.79336,0.79342,1.44,1.00
2017.09.21 12:01:16.927,0.79335,0.79342,2.89,1.00
2017.09.21 12:01:16.979,0.79337,0.79344,4.76,1.00
2017.09.21 12:01:17.438,0.79339,0.79345,1.85,1.00
2017.09.21 12:01:18.000,0.79338,0.79345,3.45,1.00
2017.09.21 12:01:19.899,0.79339,0.79345,2.14,1.00
2017.09.21 12:01:20.001,0.79339,0.79345,1.10,1.00
2017.09.21 12:01:20.550,0.79339,0.79345,1.95,1.00
2017.09.21 12:01:21.081,0.79339,0.79347,2.14,1.00
2017.09.21 12:01:21.614,0.79339,0.79348,4.58,1.00
2017.09.21 12:01:22.199,0.79339,0.79348,3.08,1.00
2017.09.21 12:01:23.021,0.7934,0.79345,1.00,1.00
2017.09.21 12:01:23.290,0.79336,0.79343,1.88,1.00
2017.09.21 12:01:23.799,0.79336,0.79343,1.44,1.00
2017.09.21 12:01:24.699,0.79336,0.79342,1.25,1.00
2017.09.21 12:01:25.232,0.79335,0.79341,1.62,1.00
2017.09.21 12:01:26.477,0.79334,0.79341,1.57,1.00
2017.09.21 12:01:27.131,0.79334,0.79341,1.69,1.00
2017.09.21 12:01:27.742,0.79334,0.79341,1.50,1.00
2017.09.21 12:01:28.848,0.79334,0.79341,1.69,1.00
2017.09.21 12:01:29.359,0.79334,0.7934,1.31,1.00
2017.09.21 12:01:29.882,0.79333,0.79337,1.00,1.50
2017.09.21 12:01:29.985,0.79329,0.79339,5.51,2.62
2017.09.21 12:01:30.036,0.79331,0.79338,1.50,1.00
2017.09.21 12:01:30.087,0.79333,0.79338,1.25,1.00
2017.09.21 12:01:30.190,0.79333,0.79341,1.00,1.87
2017.09.21 12:01:30.709,0.79332,0.7934,1.25,1.00
2017.09.21 12:01:30.811,0.79331,0.7934,6.83,1.00
2017.09.21 12:01:31.026,0.79331,0.7934,7.01,1.00
2017.09.21 12:01:31.527,0.79331,0.7934,1.76,1.00
2017.09.21 12:01:32.067,0.79332,0.7934,1.25,1.00
2017.09.21 12:01:32.750,0.79331,0.7934,1.95,1.00
2017.09.21 12:01:32.801,0.79333,0.79343,3.19,2.81
2017.09.21 12:01:33.108,0.79331,0.7934,2.70,1.00
2017.09.21 12:01:33.737,0.79331,0.7934,2.70,1.00
2017.09.21 12:01:34.258,0.79332,0.7934,1.19,1.00
2017.09.21 12:01:34.853,0.79331,0.7934,2.14,1.00
2017.09.21 12:01:35.386,0.79331,0.7934,2.70,1.00
2017.09.21 12:01:35.956,0.79331,0.7934,1.95,1.00
2017.09.21 12:01:36.608,0.79334,0.79341,1.50,1.00
2017.09.21 12:01:36.812,0.79337,0.79344,1.69,1.12
2017.09.21 12:01:37.316,0.79336,0.79343,1.25,1.00
2017.09.21 12:01:37.470,0.79336,0.79341,1.25,1.00
2017.09.21 12:01:37.624,0.79339,0.79346,1.00,1.12
2017.09.21 12:01:37.727,0.79336,0.79344,6.26,1.00
2017.09.21 12:01:37.829,0.79336,0.79343,2.44,1.00
2017.09.21 12:01:37.983,0.79334,0.79342,2.14,1.00
2017.09.21 12:01:38.295,0.79333,0.7934,2.14,1.00
2017.09.21 12:01:39.028,0.79334,0.7934,1.50,1.00
2017.09.21 12:01:39.625,0.79334,0.7934,1.00,1.00
2017.09.21 12:01:40.134,0.79333,0.79341,1.10,1.00
2017.09.21 12:01:40.657,0.79332,0.7934,1.39,1.00
2017.09.21 12:01:41.208,0.79332,0.7934,3.08,1.00
2017.09.21 12:01:41.638,0.79339,0.79343,1.00,1.25
2017.09.21 12:01:41.947,0.79344,0.79347,1.00,1.50
2017.09.21 12:01:42.049,0.79344,0.79353,1.00,3.94
2017.09.21 12:01:42.558,0.79344,0.7935,1.00,1.25
2017.09.21 12:01:43.207,0.79342,0.7935,1.37,1.00
2017.09.21 12:01:43.740,0.79342,0.79351,1.57,1.00
2017.09.21 12:01:44.514,0.79342,0.79352,4.57,1.00
2017.09.21 12:01:44.617,0.79342,0.79349,1.95,1.00
2017.09.21 12:01:46.459,0.79342,0.79351,1.39,1.00
2017.09.21 12:01:46.966,0.79342,0.79351,2.25,1.00
2017.09.21 12:01:47.469,0.79342,0.7935,1.50,1.00
2017.09.21 12:01:47.724,0.79342,0.79348,1.00,1.00
2017.09.21 12:01:48.966,0.79341,0.79346,1.10,1.00
2017.09.21 12:01:49.561,0.7934,0.79347,1.12,1.00
2017.09.21 12:01:50.070,0.7934,0.79346,1.76,1.00
2017.09.21 12:01:50.623,0.79339,0.79344,2.25,1.00
2017.09.21 12:01:50.675,0.79337,0.79345,3.26,1.00
2017.09.21 12:01:51.186,0.79337,0.79344,1.39,1.00
2017.09.21 12:01:51.697,0.79337,0.79343,4.01,1.00
2017.09.21 12:01:52.621,0.79336,0.79343,2.51,1.00
2017.09.21 12:01:57.041,0.79335,0.79343,1.25,1.00
2017.09.21 12:01:57.725,0.79335,0.79342,1.01,1.00
2017.09.21 12:01:58.314,0.79335,0.79342,2.70,1.00
2017.09.21 12:02:00.081,0.79335,0.79342,1.10,1.00
2017.09.21 12:02:00.921,0.79334,0.79341,2.51,1.00
2017.09.21 12:02:02.840,0.79334,0.7934,2.32,1.00
2017.09.21 12:02:04.108,0.79333,0.7934,1.76,1.00
2017.09.21 12:02:10.080,0.79333,0.79339,1.37,1.00
2017.09.21 12:02:10.251,0.79335,0.79342,1.00,2.62
2017.09.21 12:02:13.326,0.79336,0.79343,1.00,1.00
2017.09.21 12:02:13.840,0.79337,0.79345,1.00,7.20
2017.09.21 12:02:14.414,0.79337,0.79344,1.00,1.20
2017.09.21 12:02:15.660,0.79339,0.79345,1.00,3.82
2017.09.21 12:02:16.172,0.79339,0.79345,1.00,1.12
2017.09.21 12:02:16.328,0.79337,0.79344,1.00,1.50
2017.09.21 12:02:18.905,0.79337,0.79343,1.00,2.14
2017.09.21 12:02:19.416,0.79336,0.79343,1.00,3.07
2017.09.21 12:02:20.273,0.79339,0.79343,1.00,1.00
2017.09.21 12:02:20.325,0.79338,0.79345,1.00,2.62
2017.09.21 12:02:20.836,0.79338,0.79345,1.00,1.00
2017.09.21 12:02:21.342,0.79337,0.79345,1.00,1.12
2017.09.21 12:02:21.867,0.79337,0.79345,1.00,4.95
2017.09.21 12:02:22.124,0.79339,0.79344,1.00,1.62
2017.09.21 12:02:22.227,0.79338,0.79345,1.00,1.00
2017.09.21 12:02:26.668,0.79339,0.79345,1.00,1.00
2017.09.21 12:02:27.223,0.79339,0.79346,1.00,2.81
2017.09.21 12:02:27.746,0.79339,0.79345,1.00,1.50
2017.09.21 12:02:28.327,0.79338,0.79345,1.00,4.50
2017.09.21 12:02:29.068,0.79338,0.79345,1.00,4.87
2017.09.21 12:02:29.938,0.79339,0.79344,1.00,1.87
2017.09.21 12:02:30.448,0.79338,0.79345,1.00,2.25
2017.09.21 12:02:31.285,0.79342,0.79346,1.00,3.07
2017.09.21 12:02:31.337,0.79339,0.79346,1.00,1.47
2017.09.21 12:02:31.848,0.7934,0.79347,1.00,3.00
2017.09.21 12:02:32.393,0.79342,0.79348,1.00,3.94
2017.09.21 12:02:32.495,0.79344,0.7935,1.00,1.37
2017.09.21 12:02:33.005,0.79344,0.7935,1.00,1.00
2017.09.21 12:02:35.457,0.79344,0.79351,1.00,4.50
2017.09.21 12:02:36.065,0.79344,0.79351,1.00,4.50
2017.09.21 12:02:36.590,0.79344,0.79351,1.00,3.37
2017.09.21 12:02:41.864,0.79346,0.79352,1.00,1.00
2017.09.21 12:02:42.120,0.79348,0.79355,1.00,2.81
2017.09.21 12:02:43.511,0.79347,0.79355,1.00,2.81
2017.09.21 12:02:45.368,0.79345,0.79353,5.14,1.00
2017.09.21 12:02:46.022,0.79346,0.79351,1.20,1.00
2017.09.21 12:02:46.346,0.79344,0.79351,3.45,1.00
2017.09.21 12:02:46.931,0.79343,0.79351,7.76,1.00
2017.09.21 12:02:47.563,0.79345,0.79353,1.00,1.00
2017.09.21 12:02:48.287,0.79344,0.79351,1.81,1.00
2017.09.21 12:02:48.803,0.79343,0.79351,2.51,1.00
2017.09.21 12:02:49.378,0.79343,0.79351,2.25,1.00
2017.09.21 12:02:50.973,0.79343,0.79353,1.50,1.50
2017.09.21 12:02:51.482,0.79344,0.79353,1.00,1.00
2017.09.21 12:02:54.839,0.79343,0.79352,1.44,1.00
2017.09.21 12:02:55.411,0.79345,0.79352,1.00,1.00
2017.09.21 12:02:56.845,0.79343,0.79351,7.57,1.00
2017.09.21 12:02:57.116,0.79343,0.79349,3.82,1.00
2017.09.21 12:02:57.218,0.79342,0.79349,2.06,1.00
2017.09.21 12:02:58.186,0.79342,0.79349,4.69,1.00
2017.09.21 12:02:59.352,0.79344,0.79349,1.00,1.00
2017.09.21 12:03:00.632,0.79342,0.79349,3.00,1.00
2017.09.21 12:03:04.842,0.79342,0.79349,2.06,1.00
2017.09.21 12:03:07.455,0.79343,0.79349,1.12,1.00
2017.09.21 12:03:08.056,0.79342,0.79349,2.06,1.00
2017.09.21 12:03:08.579,0.79343,0.79349,1.12,1.00
2017.09.21 12:03:09.136,0.79342,0.79349,2.06,1.00
2017.09.21 12:03:09.792,0.79347,0.79352,1.00,1.50
2017.09.21 12:03:09.894,0.79347,0.79354,1.00,4.39
2017.09.21 12:03:10.413,0.79346,0.79354,1.00,2.51
2017.09.21 12:03:11.386,0.79351,0.79355,1.00,1.20
2017.09.21 12:03:11.438,0.79349,0.79357,1.00,6.07
2017.09.21 12:03:11.898,0.79346,0.79356,1.00,6.07
2017.09.21 12:03:12.428,0.79346,0.79356,1.00,5.70
2017.09.21 12:03:13.184,0.79346,0.79356,1.00,7.20
2017.09.21 12:03:13.712,0.79345,0.79355,1.12,3.38
2017.09.21 12:03:14.266,0.79345,0.79353,1.00,2.25
2017.09.21 12:03:15.242,0.79343,0.79353,1.50,2.62
2017.09.21 12:03:16.296,0.79343,0.79353,1.50,3.00
2017.09.21 12:03:17.181,0.79343,0.79353,1.50,3.94
2017.09.21 12:03:17.402,0.79339,0.79346,3.82,1.00
2017.09.21 12:03:17.454,0.7934,0.79348,1.50,1.12
2017.09.21 12:03:17.608,0.79337,0.79347,7.87,1.00
2017.09.21 12:03:17.863,0.7934,0.79349,1.00,1.25
2017.09.21 12:03:18.016,0.7934,0.7935,5.33,1.12
2017.09.21 12:03:20.046,0.79342,0.79349,2.25,1.00
2017.09.21 12:03:21.305,0.79342,0.79351,1.00,1.25
2017.09.21 12:03:22.685,0.79342,0.79351,3.00,1.25
2017.09.21 12:03:23.253,0.79342,0.79351,1.12,1.25
2017.09.21 12:03:24.506,0.79341,0.79349,2.25,1.00
2017.09.21 12:03:25.819,0.79341,0.79349,2.62,1.00
2017.09.21 12:03:27.247,0.79344,0.79353,1.00,3.45
2017.09.21 12:03:28.828,0.79343,0.79349,1.00,1.00
2017.09.21 12:03:29.593,0.79344,0.79351,1.00,1.00
2017.09.21 12:03:30.102,0.79345,0.79351,1.25,1.00
2017.09.21 12:03:30.670,0.79345,0.7935,1.00,1.00
2017.09.21 12:03:31.211,0.79345,0.79351,2.06,1.00
2017.09.21 12:03:32.663,0.79345,0.79351,2.44,1.00
2017.09.21 12:03:32.970,0.79345,0.79353,2.89,1.00
2017.09.21 12:03:33.496,0.79346,0.79352,1.37,1.00
2017.09.21 12:03:34.027,0.79345,0.79352,1.37,1.00
2017.09.21 12:03:35.457,0.7935,0.79357,1.63,1.00
2017.09.21 12:03:35.510,0.79348,0.79356,1.95,1.00
2017.09.21 12:03:35.561,0.79348,0.79354,1.37,1.00
2017.09.21 12:03:35.663,0.79347,0.79354,1.00,1.00
2017.09.21 12:03:36.172,0.79346,0.79354,3.94,1.00
2017.09.21 12:03:36.751,0.79346,0.79354,2.63,1.00
2017.09.21 12:03:38.282,0.79346,0.79354,3.56,1.00
2017.09.21 12:03:39.053,0.79346,0.79354,5.63,1.00
2017.09.21 12:03:42.273,0.79346,0.79354,2.06,1.00
2017.09.21 12:03:43.623,0.79346,0.79354,4.69,1.00
2017.09.21 12:03:44.149,0.79346,0.79354,3.19,1.00
2017.09.21 12:03:44.302,0.79348,0.79358,3.37,3.26
2017.09.21 12:03:44.354,0.79349,0.79356,1.95,1.00
2017.09.21 12:03:44.608,0.79348,0.79355,1.20,1.00
2017.09.21 12:03:45.148,0.79348,0.79355,3.07,1.00
2017.09.21 12:03:45.657,0.79347,0.79355,4.76,1.00
2017.09.21 12:03:47.758,0.79348,0.79356,3.26,1.00
2017.09.21 12:03:48.269,0.79347,0.79355,2.51,1.00
2017.09.21 12:03:49.030,0.79347,0.79355,2.70,1.00
2017.09.21 12:03:49.446,0.79345,0.79353,2.25,1.00
2017.09.21 12:03:50.003,0.79345,0.79353,1.76,1.00
2017.09.21 12:03:51.235,0.79345,0.79353,1.10,1.00
2017.09.21 12:03:51.743,0.79345,0.79354,1.57,1.00
2017.09.21 12:03:52.956,0.79344,0.79353,4.20,1.00
2017.09.21 12:03:54.936,0.79344,0.79351,4.20,1.00
2017.09.21 12:03:56.543,0.79344,0.79352,1.95,1.00
2017.09.21 12:04:02.738,0.79344,0.79351,1.47,1.00
2017.09.21 12:04:03.095,0.79343,0.79349,1.95,1.00
2017.09.21 12:04:03.598,0.79342,0.79349,5.51,1.00
2017.09.21 12:04:04.401,0.79342,0.79349,3.26,1.00
2017.09.21 12:04:04.759,0.7934,0.79347,4.20,2.81
2017.09.21 12:04:04.964,0.79336,0.79344,3.45,1.00
2017.09.21 12:04:05.015,0.79336,0.79344,1.57,1.00
2017.09.21 12:04:05.526,0.79335,0.79343,1.95,1.00
2017.09.21 12:04:06.766,0.79338,0.79346,1.00,4.13
2017.09.21 12:04:09.393,0.79337,0.79345,1.00,2.25
2017.09.21 12:04:11.080,0.79337,0.79345,1.00,3.08
2017.09.21 12:04:11.661,0.79337,0.79345,1.00,2.62
2017.09.21 12:04:12.162,0.79337,0.79345,1.00,3.00
2017.09.21 12:04:12.739,0.79337,0.79345,1.00,2.62
2017.09.21 12:04:13.479,0.79337,0.79345,1.00,3.19
2017.09.21 12:04:16.367,0.79337,0.79345,1.00,3.18
2017.09.21 12:04:17.311,0.79337,0.79346,1.00,4.19
2017.09.21 12:04:17.689,0.79342,0.79346,1.00,2.13
2017.09.21 12:04:17.740,0.79342,0.7935,1.00,1.69
2017.09.21 12:04:17.791,0.79344,0.7935,1.00,1.62
2017.09.21 12:04:17.944,0.79344,0.79352,1.00,1.12
2017.09.21 12:04:18.530,0.79345,0.79352,1.00,1.69
2017.09.21 12:04:20.406,0.79345,0.79353,1.00,5.51
2017.09.21 12:04:22.548,0.79347,0.79353,1.00,2.25
2017.09.21 12:04:23.375,0.79347,0.79354,1.00,4.31
2017.09.21 12:04:23.883,0.79348,0.79354,1.00,1.69
2017.09.21 12:04:24.391,0.79348,0.79354,1.00,1.50
2017.09.21 12:04:25.108,0.79349,0.79354,1.00,1.50
2017.09.21 12:04:25.650,0.79349,0.79357,1.00,6.07
2017.09.21 12:04:26.788,0.79353,0.7936,1.00,1.87
2017.09.21 12:04:26.992,0.79355,0.7936,1.00,1.47
2017.09.21 12:04:27.349,0.79354,0.79361,1.00,1.31
2017.09.21 12:04:27.610,0.79355,0.79363,1.00,3.00
2017.09.21 12:04:28.121,0.79356,0.79362,1.00,1.00
2017.09.21 12:04:28.756,0.79355,0.79361,1.00,1.19
2017.09.21 12:04:29.297,0.79354,0.79362,1.00,4.76
2017.09.21 12:04:29.784,0.79352,0.79361,1.00,2.44
2017.09.21 12:04:29.887,0.7935,0.79357,1.12,1.00
2017.09.21 12:04:30.195,0.79352,0.7936,1.00,1.95
2017.09.21 12:04:30.298,0.79354,0.79362,1.00,8.50
2017.09.21 12:04:30.454,0.79351,0.79362,1.95,7.94
2017.09.21 12:04:31.815,0.7935,0.79358,1.76,1.69
2017.09.21 12:04:32.019,0.79348,0.79358,3.00,1.87
2017.09.21 12:04:33.917,0.79351,0.79359,1.00,2.44
2017.09.21 12:04:34.121,0.79351,0.7936,1.10,1.50
2017.09.21 12:04:35.010,0.79351,0.79361,1.20,3.00
2017.09.21 12:04:35.541,0.79351,0.79361,2.25,1.50
2017.09.21 12:04:37.128,0.79351,0.79362,2.70,1.87
2017.09.21 12:04:39.793,0.79353,0.79362,1.25,1.12
2017.09.21 12:04:40.425,0.79352,0.79363,2.29,1.87
2017.09.21 12:04:41.140,0.79353,0.79363,1.50,1.50
2017.09.21 12:04:43.405,0.79353,0.79363,1.50,1.00
2017.09.21 12:04:43.917,0.79353,0.79363,2.70,1.00
2017.09.21 12:04:45.811,0.79354,0.79363,1.00,1.20
2017.09.21 12:04:46.469,0.79354,0.79363,1.00,1.20
2017.09.21 12:04:47.770,0.79354,0.79363,1.00,2.32
2017.09.21 12:04:48.436,0.79353,0.79362,1.12,1.25
2017.09.21 12:04:49.242,0.79353,0.79361,1.00,1.50
2017.09.21 12:04:49.293,0.79351,0.79357,2.25,1.00
2017.09.21 12:04:49.497,0.79348,0.79357,1.00,1.00
2017.09.21 12:04:50.026,0.79348,0.79356,2.62,1.00
2017.09.21 12:04:50.959,0.79348,0.79357,1.47,1.00
2017.09.21 12:04:51.063,0.7935,0.7936,3.00,2.81
2017.09.21 12:04:51.115,0.7935,0.7936,3.00,1.87
2017.09.21 12:04:54.417,0.79348,0.79357,4.20,1.50
2017.09.21 12:04:54.570,0.79347,0.79357,4.50,3.17
2017.09.21 12:04:55.108,0.79346,0.79357,6.00,3.55
2017.09.21 12:04:55.838,0.79349,0.79357,1.00,2.80
2017.09.21 12:04:56.357,0.79348,0.79356,1.00,2.05
2017.09.21 12:04:59.031,0.79348,0.79355,1.00,1.07
2017.09.21 12:04:59.640,0.79348,0.79355,1.00,1.12
2017.09.21 12:05:00.162,0.79347,0.79356,1.00,3.64
2017.09.21 12:05:00.641,0.79343,0.79352,4.94,1.00
2017.09.21 12:05:01.169,0.79342,0.7935,1.31,1.00
2017.09.21 12:05:01.703,0.79341,0.7935,1.69,1.00
2017.09.21 12:05:02.215,0.7934,0.79349,2.32,1.00
2017.09.21 12:05:03.181,0.7934,0.79349,2.88,1.00
2017.09.21 12:05:03.763,0.7934,0.79349,5.50,1.00
2017.09.21 12:05:06.233,0.79341,0.7935,1.10,1.00
2017.09.21 12:05:06.750,0.79341,0.7935,2.32,1.00
2017.09.21 12:05:07.323,0.79342,0.7935,2.62,1.00
2017.09.21 12:05:07.477,0.79342,0.79352,4.30,1.00
2017.09.21 12:05:10.349,0.79344,0.79353,1.31,1.25
2017.09.21 12:05:10.503,0.79345,0.79355,3.82,1.50
2017.09.21 12:05:11.006,0.79346,0.79354,1.00,1.00
2017.09.21 12:05:11.555,0.79345,0.79354,1.00,1.12
2017.09.21 12:05:12.100,0.79344,0.79353,3.82,1.00
2017.09.21 12:05:13.714,0.79344,0.79351,1.00,1.00
2017.09.21 12:05:14.254,0.79344,0.79354,1.12,4.95
2017.09.21 12:05:14.778,0.79344,0.79354,1.12,3.82
2017.09.21 12:05:14.932,0.79347,0.79354,1.00,4.39
2017.09.21 12:05:15.472,0.79347,0.79354,1.00,2.70
2017.09.21 12:05:23.106,0.79347,0.79354,1.00,4.69
2017.09.21 12:05:23.158,0.79345,0.79354,1.25,3.64
2017.09.21 12:05:23.354,0.79345,0.79353,1.25,3.75
2017.09.21 12:05:23.946,0.79345,0.79353,1.25,2.81
2017.09.21 12:05:24.258,0.79345,0.79351,1.25,1.12
2017.09.21 12:05:24.771,0.79344,0.79351,1.00,2.06
2017.09.21 12:05:25.404,0.79344,0.79351,1.00,1.31
2017.09.21 12:05:26.061,0.79344,0.79352,1.00,5.06
2017.09.21 12:05:27.298,0.79344,0.79351,1.00,1.50
2017.09.21 12:05:27.904,0.79344,0.79352,1.00,6.00
2017.09.21 12:05:28.415,0.79344,0.79351,1.00,1.50
2017.09.21 12:05:28.942,0.79344,0.79352,1.00,4.87
2017.09.21 12:05:29.547,0.79344,0.79352,1.00,3.94
2017.09.21 12:05:30.066,0.79344,0.79352,1.00,3.75
2017.09.21 12:05:30.552,0.79341,0.79349,3.64,1.00
2017.09.21 12:05:32.533,0.79341,0.79348,2.89,1.00
2017.09.21 12:05:33.353,0.79341,0.79346,1.69,1.00
2017.09.21 12:05:33.659,0.79339,0.79342,2.44,1.00
2017.09.21 12:05:33.711,0.79334,0.79342,3.56,1.00
2017.09.21 12:05:34.686,0.79334,0.7934,1.69,1.00
2017.09.21 12:05:35.495,0.79333,0.7934,1.62,1.00
2017.09.21 12:05:35.597,0.79333,0.79338,1.62,1.00
2017.09.21 12:05:37.652,0.79333,0.7934,1.50,1.10
2017.09.21 12:05:38.168,0.79332,0.79339,1.69,1.00
2017.09.21 12:05:38.270,0.7933,0.79338,2.06,1.00
2017.09.21 12:05:38.322,0.79328,0.79336,2.81,1.10
2017.09.21 12:05:38.477,0.79329,0.79338,3.00,2.32
2017.09.21 12:05:39.070,0.79331,0.79338,1.00,1.10
2017.09.21 12:05:40.637,0.79331,0.79339,1.00,1.12
2017.09.21 12:05:40.740,0.7933,0.79337,1.62,1.00
2017.09.21 12:05:41.045,0.79329,0.79336,1.00,1.00
2017.09.21 12:05:42.262,0.79328,0.79336,2.62,1.10
2017.09.21 12:05:43.652,0.79327,0.79333,1.37,1.00
2017.09.21 12:05:44.169,0.79326,0.79333,1.62,1.10
2017.09.21 12:05:44.373,0.79326,0.79335,2.62,1.20
2017.09.21 12:05:45.198,0.79327,0.79335,2.25,1.00
2017.09.21 12:05:45.692,0.79326,0.79335,1.00,1.00
2017.09.21 12:05:46.611,0.79325,0.79336,5.32,1.57
2017.09.21 12:05:46.662,0.79328,0.79337,1.31,1.95
2017.09.21 12:05:46.967,0.79329,0.79338,3.00,1.00
2017.09.21 12:05:50.199,0.79329,0.79339,1.87,2.32
2017.09.21 12:05:50.726,0.79329,0.79339,1.37,2.32
2017.09.21 12:05:51.845,0.7933,0.79338,2.62,1.00
2017.09.21 12:05:52.395,0.7933,0.79338,3.00,1.00
2017.09.21 12:05:56.930,0.7933,0.79338,2.62,1.00
2017.09.21 12:05:57.576,0.7933,0.79339,3.00,1.00
2017.09.21 12:05:57.882,0.7933,0.79339,3.19,1.00
2017.09.21 12:05:59.338,0.79331,0.79341,2.06,1.20
2017.09.21 12:05:59.652,0.7933,0.79338,8.81,1.00
2017.09.21 12:05:59.994,0.79335,0.79342,1.00,3.64
2017.09.21 12:06:00.300,0.79333,0.79341,1.00,2.51
2017.09.21 12:06:00.841,0.79334,0.79341,1.00,2.14
2017.09.21 12:06:01.988,0.79333,0.79341,1.00,2.70
2017.09.21 12:06:02.502,0.79333,0.79341,1.00,3.26
2017.09.21 12:06:03.005,0.79334,0.79341,1.00,2.70
2017.09.21 12:06:03.531,0.79334,0.79341,1.00,3.26
2017.09.21 12:06:04.035,0.79334,0.79341,1.00,2.70
2017.09.21 12:06:13.919,0.79335,0.79342,1.00,2.06
2017.09.21 12:06:13.971,0.79337,0.79342,1.00,1.31
2017.09.21 12:06:14.124,0.79332,0.79341,3.75,1.25
2017.09.21 12:06:14.226,0.79332,0.79341,4.87,1.00
2017.09.21 12:06:14.815,0.79332,0.79341,3.75,1.00
2017.09.21 12:06:15.321,0.79332,0.79341,3.00,1.00
2017.09.21 12:06:15.654,0.79332,0.79341,2.25,1.00
2017.09.21 12:06:16.169,0.79332,0.79341,4.69,1.00
2017.09.21 12:06:16.488,0.79332,0.79339,5.06,1.00
2017.09.21 12:06:17.245,0.79332,0.79339,3.75,1.00
2017.09.21 12:06:17.938,0.79332,0.79339,4.69,1.00
2017.09.21 12:06:19.347,0.79332,0.79339,3.37,1.00
2017.09.21 12:06:19.996,0.79332,0.79339,3.94,1.00
2017.09.21 12:06:20.575,0.79332,0.79339,3.56,1.00
2017.09.21 12:06:21.102,0.79332,0.79339,3.94,1.00
2017.09.21 12:06:21.631,0.79332,0.7934,2.44,1.00
2017.09.21 12:06:22.511,0.79334,0.7934,1.00,1.00
2017.09.21 12:06:22.562,0.79334,0.79342,1.00,1.20
2017.09.21 12:06:24.215,0.79334,0.7934,1.00,1.00
2017.09.21 12:06:30.414,0.79334,0.79341,1.00,1.00
2017.09.21 12:06:31.595,0.79334,0.79339,1.00,1.00
2017.09.21 12:06:38.208,0.79333,0.79338,1.00,1.00
2017.09.21 12:06:38.517,0.79331,0.79338,1.00,1.95
2017.09.21 12:06:38.925,0.7933,0.79335,1.00,1.00
2017.09.21 12:06:39.458,0.7933,0.79336,1.00,1.00
2017.09.21 12:06:40.101,0.79331,0.79336,1.00,1.00
2017.09.21 12:06:40.612,0.7933,0.79336,1.00,1.00
2017.09.21 12:06:40.917,0.79329,0.79338,2.62,1.00
2017.09.21 12:06:41.570,0.79329,0.79338,2.25,1.00
2017.09.21 12:06:42.085,0.79329,0.79339,3.00,1.00
2017.09.21 12:06:43.915,0.79329,0.79339,3.56,1.12
2017.09.21 12:06:44.724,0.7933,0.79339,4.72,1.00
2017.09.21 12:06:45.401,0.7933,0.79339,5.25,1.00
2017.09.21 12:06:46.244,0.7933,0.79339,3.75,1.00
2017.09.21 12:06:46.951,0.7933,0.79339,6.00,1.00
2017.09.21 12:06:47.485,0.7933,0.79339,3.00,1.00
2017.09.21 12:06:48.529,0.79331,0.79339,1.75,1.00
2017.09.21 12:06:48.686,0.79339,0.79346,3.19,1.50
2017.09.21 12:06:49.024,0.79341,0.7935,1.00,1.50
2017.09.21 12:06:49.539,0.79342,0.79351,1.12,1.12
2017.09.21 12:06:51.168,0.79342,0.79352,3.00,1.12
2017.09.21 12:06:51.220,0.79343,0.79352,1.39,1.12
2017.09.21 12:06:51.563,0.79349,0.79356,2.25,2.62
2017.09.21 12:06:51.615,0.79349,0.79358,1.50,1.25
2017.09.21 12:06:51.920,0.79347,0.79355,2.06,1.00
2017.09.21 12:06:52.786,0.79346,0.79355,4.13,1.12
2017.09.21 12:06:53.670,0.79348,0.79356,2.06,1.00
2017.09.21 12:06:53.772,0.79349,0.79359,3.00,2.32
2017.09.21 12:06:53.925,0.79351,0.79359,1.00,1.12
2017.09.21 12:06:54.670,0.79349,0.79359,3.45,1.12
2017.09.21 12:06:55.328,0.7935,0.79359,1.00,1.00
2017.09.21 12:06:55.839,0.79349,0.79359,4.95,1.00
2017.09.21 12:06:55.890,0.79351,0.79361,1.00,7.31
2017.09.21 12:06:56.195,0.79349,0.79357,5.44,1.00
2017.09.21 12:06:57.389,0.7935,0.79358,1.12,1.25
2017.09.21 12:06:57.927,0.79349,0.79358,7.20,1.00
2017.09.21 12:06:59.236,0.79349,0.79354,1.00,1.00
2017.09.21 12:06:59.440,0.79347,0.79355,4.31,1.00
2017.09.21 12:06:59.978,0.79347,0.79355,6.00,1.00
2017.09.21 12:07:01.625,0.79348,0.79356,3.19,1.00
2017.09.21 12:07:01.676,0.79349,0.79356,2.62,1.00
2017.09.21 12:07:02.083,0.79348,0.79357,1.50,2.25
2017.09.21 12:07:02.494,0.79349,0.79359,2.44,1.31
2017.09.21 12:07:02.545,0.79351,0.79358,1.00,1.00
2017.09.21 12:07:02.596,0.79351,0.7936,1.12,1.00
2017.09.21 12:07:02.802,0.7935,0.7936,1.12,4.95
2017.09.21 12:07:03.224,0.7935,0.7936,2.25,2.44
2017.09.21 12:07:03.428,0.7935,0.7936,1.00,4.31
2017.09.21 12:07:03.480,0.7935,0.7936,1.00,5.89
2017.09.21 12:07:03.531,0.79348,0.79358,2.81,1.31
2017.09.21 12:07:03.685,0.79347,0.79357,1.12,1.50
2017.09.21 12:07:03.862,0.79349,0.79357,1.00,1.00
2017.09.21 12:07:04.636,0.79349,0.79359,1.87,3.45
2017.09.21 12:07:04.739,0.79351,0.7936,1.00,1.95
2017.09.21 12:07:05.191,0.79349,0.79359,2.62,1.10
2017.09.21 12:07:05.242,0.79349,0.79357,1.50,1.00
2017.09.21 12:07:05.396,0.79351,0.79359,1.00,1.00
2017.09.21 12:07:05.994,0.7935,0.79359,1.12,1.00
2017.09.21 12:07:06.699,0.7935,0.79359,1.37,1.50
2017.09.21 12:07:07.791,0.7935,0.7936,3.00,3.45
2017.09.21 12:07:10.593,0.79351,0.79361,1.12,1.20
2017.09.21 12:07:12.290,0.79351,0.79361,1.50,1.95
2017.09.21 12:07:12.708,0.79356,0.79363,1.00,2.14
2017.09.21 12:07:13.235,0.79355,0.79363,1.87,1.00
2017.09.21 12:07:15.472,0.79355,0.79365,1.00,5.14
2017.09.21 12:07:16.097,0.79353,0.79361,1.25,1.00
2017.09.21 12:07:18.992,0.79353,0.79361,1.31,1.00
2017.09.21 12:07:19.539,0.79353,0.79361,1.25,1.00
2017.09.21 12:07:20.057,0.79353,0.79361,1.63,1.00
2017.09.21 12:07:21.801,0.79353,0.79361,1.50,1.00
2017.09.21 12:07:24.825,0.79352,0.7936,1.69,1.00
2017.09.21 12:07:25.352,0.79351,0.79359,1.13,1.00
2017.09.21 12:07:26.086,0.79351,0.79359,1.31,1.00
2017.09.21 12:07:26.232,0.7935,0.79359,3.83,1.00
2017.09.21 12:07:29.298,0.79349,0.79355,1.10,1.00
2017.09.21 12:07:29.514,0.79346,0.79353,1.31,1.00
2017.09.21 12:07:29.719,0.79349,0.79356,2.06,1.50
2017.09.21 12:07:29.821,0.79349,0.79358,5.06,1.00
2017.09.21 12:07:30.331,0.7935,0.79358,1.50,1.00
2017.09.21 12:07:31.715,0.79349,0.79358,4.01,1.00
2017.09.21 12:07:32.373,0.79349,0.79357,3.08,1.00
2017.09.21 12:07:34.639,0.7935,0.79358,1.25,1.00
2017.09.21 12:07:35.170,0.7935,0.79358,1.57,1.00
2017.09.21 12:07:35.614,0.79348,0.79357,4.69,1.00
2017.09.21 12:07:36.152,0.7935,0.79357,1.87,1.00
2017.09.21 12:07:36.662,0.79349,0.79358,2.62,1.00
2017.09.21 12:07:37.174,0.79349,0.79358,8.70,1.00
2017.09.21 12:07:38.065,0.7935,0.79358,2.51,1.00
2017.09.21 12:07:38.610,0.7935,0.79358,1.10,1.00
2017.09.21 12:07:48.493,0.79351,0.79358,1.00,1.00
2017.09.21 12:07:49.007,0.79349,0.79358,6.26,1.00
2017.09.21 12:07:51.072,0.7935,0.79358,2.89,1.00
2017.09.21 12:07:51.585,0.7935,0.79358,4.01,1.00
2017.09.21 12:07:52.846,0.7935,0.79358,1.57,1.00
2017.09.21 12:07:54.468,0.7935,0.79358,2.89,1.00
2017.09.21 12:07:54.979,0.7935,0.79357,1.19,1.00
2017.09.21 12:07:55.499,0.7935,0.79358,3.94,1.00
2017.09.21 12:07:59.166,0.79351,0.79359,1.39,1.00
2017.09.21 12:07:59.710,0.79351,0.7936,4.01,1.00
2017.09.21 12:08:02.083,0.79351,0.7936,1.25,1.12
2017.09.21 12:08:02.433,0.79354,0.79361,1.00,1.62
2017.09.21 12:08:02.783,0.79351,0.79358,1.00,2.63
2017.09.21 12:08:02.834,0.79349,0.79358,1.00,4.12
2017.09.21 12:08:05.054,0.79351,0.79356,1.00,1.00
2017.09.21 12:08:05.397,0.79354,0.79361,1.00,2.62
2017.09.21 12:08:05.928,0.79354,0.79362,1.00,1.87
2017.09.21 12:08:08.094,0.79355,0.79362,1.00,1.75
2017.09.21 12:08:11.010,0.79357,0.79361,1.00,1.00
2017.09.21 12:08:11.163,0.79357,0.79363,1.00,1.00
2017.09.21 12:08:11.867,0.79358,0.79364,1.00,2.62
2017.09.21 12:08:12.456,0.79358,0.79364,1.00,1.50
2017.09.21 12:08:15.898,0.79357,0.79364,1.00,2.62
2017.09.21 12:08:18.195,0.79356,0.79363,1.25,1.00
2017.09.21 12:08:26.908,0.79355,0.79363,1.00,1.00
2017.09.21 12:08:28.394,0.79355,0.79362,1.00,1.00
2017.09.21 12:08:30.391,0.79357,0.79362,1.95,1.00
2017.09.21 12:08:30.442,0.79359,0.79366,2.81,1.00
2017.09.21 12:08:30.646,0.79362,0.79368,1.00,2.25
2017.09.21 12:08:30.697,0.79362,0.79369,1.00,1.25
2017.09.21 12:08:31.248,0.79361,0.79369,1.50,1.00
2017.09.21 12:08:31.911,0.7936,0.79369,2.06,1.00
2017.09.21 12:08:32.116,0.7936,0.79367,1.31,1.00
2017.09.21 12:08:32.578,0.7936,0.79369,1.50,1.50
2017.09.21 12:08:33.089,0.7936,0.79369,2.51,1.87
2017.09.21 12:08:33.294,0.79361,0.79369,1.37,1.12
2017.09.21 12:08:33.827,0.79361,0.79369,2.14,1.12
2017.09.21 12:08:36.504,0.79361,0.7937,1.12,1.25
2017.09.21 12:08:36.911,0.79358,0.79365,1.69,1.00
2017.09.21 12:08:37.064,0.79358,0.79365,1.00,1.00
2017.09.21 12:08:37.603,0.79359,0.79368,1.00,1.12
2017.09.21 12:08:37.654,0.79359,0.79368,2.44,1.00
2017.09.21 12:08:38.220,0.7936,0.79369,4.13,1.25
2017.09.21 12:08:39.466,0.79362,0.79369,1.00,1.00
2017.09.21 12:08:40.027,0.79362,0.7937,1.12,1.00
2017.09.21 12:08:40.502,0.79362,0.79367,1.12,1.00
2017.09.21 12:08:41.167,0.79362,0.7937,1.12,5.70
2017.09.21 12:08:41.320,0.79362,0.7937,1.12,1.57
2017.09.21 12:08:41.834,0.79362,0.7937,1.12,1.57
2017.09.21 12:08:42.385,0.79362,0.79368,1.12,2.81
2017.09.21 12:08:42.590,0.79362,0.79367,1.12,2.32
2017.09.21 12:08:48.492,0.79362,0.79367,1.12,3.00
2017.09.21 12:08:49.293,0.79362,0.79367,1.12,4.87
2017.09.21 12:08:52.850,0.79362,0.79368,1.12,1.00
2017.09.21 12:08:53.055,0.79362,0.7937,1.12,3.00
2017.09.21 12:08:53.573,0.79362,0.7937,1.12,4.12
2017.09.21 12:08:54.628,0.79362,0.7937,1.12,2.06
2017.09.21 12:09:02.316,0.79363,0.7937,1.12,1.00
2017.09.21 12:09:02.819,0.79362,0.7937,2.25,1.00
2017.09.21 12:09:03.332,0.79363,0.7937,1.12,1.00
2017.09.21 12:09:03.841,0.79362,0.7937,3.07,1.00
2017.09.21 12:09:13.115,0.79362,0.7937,1.57,1.00
2017.09.21 12:09:15.165,0.79362,0.7937,1.50,1.00
2017.09.21 12:09:15.900,0.79362,0.79367,1.12,1.00
2017.09.21 12:09:17.789,0.79362,0.79366,1.12,1.00
2017.09.21 12:09:19.160,0.79361,0.79366,2.44,1.37
2017.09.21 12:09:19.693,0.79362,0.79366,1.12,1.00
2017.09.21 12:09:20.251,0.79361,0.79365,2.44,3.94
2017.09.21 12:09:20.559,0.7936,0.79364,9.37,2.89
2017.09.21 12:09:21.072,0.79361,0.79365,2.44,1.31
2017.09.21 12:09:22.461,0.79361,0.79365,1.31,1.44
2017.09.21 12:09:22.976,0.79361,0.79365,2.06,1.69
2017.09.21 12:09:23.481,0.79361,0.79365,1.25,2.06
2017.09.21 12:09:27.289,0.79361,0.79365,1.87,1.69
2017.09.21 12:09:28.238,0.79361,0.79365,1.00,1.44
2017.09.21 12:09:28.745,0.79361,0.79365,1.87,1.69
2017.09.21 12:09:32.044,0.7936,0.79363,27.00,1.87
2017.09.21 12:09:32.552,0.7936,0.79362,53.25,1.00
2017.09.21 12:09:33.341,0.7936,0.79363,84.75,3.07
2017.09.21 12:09:33.847,0.7936,0.79362,108.37,1.00
2017.09.21 12:09:34.560,0.7936,0.79363,126.75,1.57
2017.09.21 12:09:35.521,0.7936,0.79363,166.12,1.76
2017.09.21 12:09:35.572,0.79352,0.79358,1.35,1.00
2017.09.21 12:09:35.675,0.79351,0.79357,2.25,1.45
2017.09.21 12:09:35.726,0.79348,0.79357,2.25,3.83
2017.09.21 12:09:35.777,0.79351,0.79356,2.10,1.69
2017.09.21 12:09:35.880,0.79344,0.79356,3.64,4.57
2017.09.21 12:09:36.083,0.79344,0.79355,1.20,2.89
2017.09.21 12:09:36.593,0.79343,0.79355,1.00,2.70
2017.09.21 12:09:37.019,0.79342,0.79353,3.64,1.00
2017.09.21 12:09:37.581,0.79342,0.79353,1.31,1.12
2017.09.21 12:09:38.090,0.79342,0.79354,2.14,1.39
2017.09.21 12:09:38.624,0.79342,0.79354,5.51,1.12
2017.09.21 12:09:39.220,0.79343,0.79355,2.89,1.69
2017.09.21 12:09:39.775,0.79343,0.79354,3.64,1.00
2017.09.21 12:09:40.366,0.79344,0.79355,1.10,1.25
2017.09.21 12:09:40.935,0.79344,0.79355,1.95,1.44
2017.09.21 12:09:41.599,0.79344,0.79356,1.10,3.00
2017.09.21 12:09:43.331,0.79343,0.79356,1.76,3.26
2017.09.21 12:09:48.493,0.79344,0.79357,1.01,5.51
2017.09.21 12:09:49.529,0.79344,0.79356,3.26,4.31
2017.09.21 12:09:50.171,0.79344,0.79356,2.89,2.14
2017.09.21 12:09:50.695,0.79344,0.79357,1.82,5.14
2017.09.21 12:09:50.929,0.79344,0.79357,1.20,4.76
2017.09.21 12:09:51.369,0.79345,0.79356,1.47,2.06
2017.09.21 12:09:53.377,0.79344,0.79357,1.39,7.69
2017.09.21 12:09:54.719,0.79344,0.79356,3.64,1.12
2017.09.21 12:09:54.871,0.79346,0.79356,1.37,1.25
2017.09.21 12:09:56.340,0.79345,0.79357,1.10,3.38
2017.09.21 12:10:00.354,0.79345,0.79356,1.47,1.12
2017.09.21 12:10:00.658,0.79344,0.79356,1.39,1.12
2017.09.21 12:10:01.171,0.79344,0.79356,3.26,1.69
2017.09.21 12:10:01.827,0.79344,0.79356,1.10,1.69
2017.09.21 12:10:02.361,0.79344,0.79356,4.76,1.37
2017.09.21 12:10:03.017,0.79349,0.79357,1.00,1.12
2017.09.21 12:10:03.120,0.79347,0.79357,1.31,4.13
2017.09.21 12:10:03.273,0.79345,0.79354,3.00,1.44
2017.09.21 12:10:03.515,0.79344,0.79353,1.39,1.00
2017.09.21 12:10:03.566,0.79344,0.79356,2.14,2.14
2017.09.21 12:10:03.871,0.79344,0.79356,4.76,1.48
2017.09.21 12:10:04.377,0.79343,0.79356,3.83,1.66
2017.09.21 12:10:06.235,0.79343,0.79356,5.14,2.89
2017.09.21 12:10:07.190,0.79344,0.79356,1.56,1.39
2017.09.21 12:10:07.496,0.79344,0.79356,1.31,2.32
2017.09.21 12:10:08.100,0.79344,0.79356,3.00,5.14
2017.09.21 12:10:08.604,0.79343,0.79356,4.01,1.01
2017.09.21 12:10:09.199,0.79344,0.79356,1.88,3.64
2017.09.21 12:10:09.715,0.79344,0.79357,1.50,8.51
2017.09.21 12:10:11.245,0.79344,0.79356,1.69,2.89
2017.09.21 12:10:13.348,0.79344,0.79356,2.81,1.20
2017.09.21 12:10:14.937,0.79344,0.79356,4.13,2.89
2017.09.21 12:10:15.737,0.79344,0.79356,2.81,2.51
2017.09.21 12:10:15.986,0.79348,0.79357,1.00,1.87
2017.09.21 12:10:16.037,0.79346,0.79357,2.81,5.06
2017.09.21 12:10:16.601,0.79345,0.79356,1.47,1.10
2017.09.21 12:10:17.108,0.79345,0.79356,1.01,1.95
2017.09.21 12:10:18.116,0.79345,0.79356,2.14,1.87
2017.09.21 12:10:18.421,0.79348,0.79358,1.00,5.70
2017.09.21 12:10:18.726,0.79344,0.79356,2.70,2.25
2017.09.21 12:10:18.979,0.79344,0.79356,1.01,1.13
2017.09.21 12:10:19.485,0.79344,0.79356,3.26,1.50
2017.09.21 12:10:20.011,0.79345,0.79355,1.25,1.00
2017.09.21 12:10:21.938,0.79344,0.79352,2.06,1.12
2017.09.21 12:10:22.090,0.79341,0.79352,2.70,1.95
2017.09.21 12:10:22.141,0.79341,0.79351,1.20,1.44
2017.09.21 12:10:22.294,0.79339,0.79347,1.45,1.50
2017.09.21 12:10:22.396,0.79336,0.79346,3.26,1.00
2017.09.21 12:10:22.497,0.79335,0.79346,1.01,2.25
2017.09.21 12:10:23.045,0.79335,0.79345,2.33,1.00
2017.09.21 12:10:24.062,0.79335,0.79345,1.01,1.00
2017.09.21 12:10:24.690,0.79335,0.79345,1.10,1.00
2017.09.21 12:10:25.274,0.79334,0.79339,1.25,1.00
2017.09.21 12:10:25.427,0.79331,0.7934,1.00,1.00
2017.09.21 12:10:25.731,0.79331,0.79341,4.69,1.00
2017.09.21 12:10:25.933,0.79331,0.79343,1.50,2.14
2017.09.21 12:10:26.136,0.79332,0.79342,1.39,1.00
2017.09.21 12:10:26.709,0.79332,0.79343,1.07,1.50
2017.09.21 12:10:27.242,0.79332,0.79342,1.12,1.13
2017.09.21 12:10:27.748,0.79331,0.79343,1.95,1.12
2017.09.21 12:10:28.063,0.79329,0.79337,1.37,1.00
2017.09.21 12:10:28.367,0.79329,0.7934,2.33,1.20
2017.09.21 12:10:28.885,0.79331,0.79342,1.00,3.37
2017.09.21 12:10:29.394,0.79332,0.79341,1.00,1.12
2017.09.21 12:10:30.032,0.79332,0.79342,1.00,2.44
2017.09.21 12:10:30.539,0.79332,0.79344,1.01,4.31
2017.09.21 12:10:30.838,0.79332,0.79344,2.89,5.25
2017.09.21 12:10:30.889,0.79332,0.79344,1.20,1.87
2017.09.21 12:10:31.365,0.79332,0.79345,1.29,2.89
2017.09.21 12:10:31.885,0.79332,0.79344,1.58,1.25
2017.09.21 12:10:32.037,0.79332,0.79344,1.01,1.00
2017.09.21 12:10:32.639,0.79332,0.79343,2.51,1.00
2017.09.21 12:10:32.969,0.79332,0.79345,1.10,2.70
2017.09.21 12:10:33.020,0.79333,0.79345,1.69,3.45
2017.09.21 12:10:34.568,0.79334,0.79344,1.00,1.13
2017.09.21 12:10:35.127,0.79333,0.79345,1.50,2.32
2017.09.21 12:10:35.794,0.79334,0.79344,1.00,1.00
2017.09.21 12:10:36.163,0.79335,0.79346,1.20,2.51
2017.09.21 12:10:36.366,0.7934,0.7935,1.25,1.13
2017.09.21 12:10:37.271,0.79339,0.7935,2.14,1.00
2017.09.21 12:10:37.885,0.79339,0.79351,1.39,2.44
2017.09.21 12:10:37.986,0.79339,0.79348,1.50,1.25
2017.09.21 12:10:38.138,0.79338,0.7935,4.01,1.50
2017.09.21 12:10:38.239,0.79339,0.79351,4.57,4.76
2017.09.21 12:10:38.947,0.7934,0.79351,4.58,1.50
2017.09.21 12:10:39.257,0.79337,0.79349,2.51,5.63
2017.09.21 12:10:39.763,0.79338,0.79349,1.37,6.00
2017.09.21 12:10:40.266,0.79338,0.79348,2.33,1.00
2017.09.21 12:10:40.778,0.79338,0.79349,1.47,3.00
2017.09.21 12:10:41.163,0.79338,0.79348,1.47,1.88
2017.09.21 12:10:41.467,0.79337,0.79346,1.10,1.00
2017.09.21 12:10:41.981,0.79338,0.79347,1.00,1.00
2017.09.21 12:10:42.631,0.79338,0.79349,1.00,5.51
2017.09.21 12:10:42.734,0.79336,0.79347,3.75,1.31
2017.09.21 12:10:42.936,0.79336,0.79347,1.12,1.31
2017.09.21 12:10:43.443,0.79336,0.79347,1.50,3.83
2017.09.21 12:10:43.982,0.79336,0.79346,1.50,1.00
2017.09.21 12:10:44.496,0.79337,0.79346,1.31,1.25
2017.09.21 12:10:44.875,0.79336,0.79344,1.50,1.00
2017.09.21 12:10:45.027,0.79336,0.79346,1.50,1.50
2017.09.21 12:10:45.594,0.79336,0.79343,1.00,1.50
2017.09.21 12:10:45.919,0.79331,0.79335,1.00,1.00
2017.09.21 12:10:45.970,0.79325,0.79335,1.00,1.00
2017.09.21 12:10:46.476,0.79326,0.79335,1.31,1.20
2017.09.21 12:10:46.578,0.79326,0.79336,2.81,1.07
2017.09.21 12:10:46.629,0.79328,0.79338,1.12,1.95
2017.09.21 12:10:46.680,0.79328,0.79338,1.50,1.10
2017.09.21 12:10:46.884,0.79331,0.79339,1.12,1.07
2017.09.21 12:10:46.985,0.79331,0.79341,1.69,1.07
2017.09.21 12:10:47.188,0.79331,0.79342,3.75,2.32
2017.09.21 12:10:47.492,0.79332,0.79342,1.50,1.20
2017.09.21 12:10:48.870,0.79332,0.79343,1.69,1.20
2017.09.21 12:10:50.183,0.79332,0.79344,1.69,3.07
2017.09.21 12:10:51.124,0.79333,0.79343,1.12,5.32
2017.09.21 12:10:51.429,0.79327,0.79338,1.37,1.00
2017.09.21 12:10:51.976,0.79328,0.79338,1.50,2.14
2017.09.21 12:10:52.280,0.79331,0.79341,1.69,2.14
2017.09.21 12:10:52.801,0.79332,0.79342,1.00,5.33
2017.09.21 12:10:53.322,0.7933,0.79342,3.08,1.12
2017.09.21 12:10:54.209,0.79332,0.7934,1.00,3.00
2017.09.21 12:10:54.513,0.79328,0.79338,1.00,1.00
2017.09.21 12:10:56.284,0.79328,0.79337,1.00,1.50
2017.09.21 12:10:56.386,0.79326,0.79337,1.12,1.12
2017.09.21 12:10:56.588,0.79324,0.79335,5.51,1.00
2017.09.21 12:10:57.092,0.79324,0.79337,4.76,4.01
2017.09.21 12:10:57.396,0.79325,0.79334,1.00,1.13
2017.09.21 12:10:57.955,0.79323,0.79336,2.89,1.95
2017.09.21 12:10:58.461,0.79323,0.79336,2.89,3.26
2017.09.21 12:10:59.095,0.79324,0.79335,1.66,1.58
2017.09.21 12:10:59.600,0.79324,0.79334,1.01,2.44
2017.09.21 12:11:00.399,0.79323,0.79334,2.14,2.62
2017.09.21 12:11:02.621,0.79323,0.79334,3.07,1.25
2017.09.21 12:11:03.127,0.79323,0.79335,4.58,2.70
2017.09.21 12:11:03.724,0.79323,0.79334,3.08,2.51
2017.09.21 12:11:04.600,0.79323,0.79332,2.06,1.00
2017.09.21 12:11:04.928,0.79322,0.79332,1.95,1.00
2017.09.21 12:11:05.632,0.79322,0.79332,1.01,1.12
2017.09.21 12:11:08.292,0.79322,0.79332,1.69,1.87
2017.09.21 12:11:08.842,0.79322,0.79332,1.88,2.62
2017.09.21 12:11:09.473,0.79322,0.79332,1.01,2.25
2017.09.21 12:11:09.625,0.79325,0.79335,1.13,2.70
2017.09.21 12:11:09.778,0.79325,0.79336,1.88,1.50
2017.09.21 12:11:10.317,0.79325,0.79336,1.10,2.70
2017.09.21 12:11:11.050,0.79324,0.79336,1.69,3.26
2017.09.21 12:11:11.571,0.79324,0.79335,1.69,1.00
2017.09.21 12:11:12.099,0.79324,0.79335,3.19,1.13
2017.09.21 12:11:12.659,0.79324,0.79335,1.31,1.12
2017.09.21 12:11:14.169,0.79324,0.79335,2.81,1.69
2017.09.21 12:11:15.440,0.79324,0.79336,2.25,4.01
2017.09.21 12:11:16.472,0.79323,0.79336,4.76,4.58
2017.09.21 12:11:16.998,0.79323,0.79335,3.26,2.81
2017.09.21 12:11:17.609,0.79323,0.79335,1.76,1.50
2017.09.21 12:11:18.153,0.79322,0.79334,2.89,1.00
2017.09.21 12:11:19.962,0.79322,0.79334,4.01,1.12
2017.09.21 12:11:20.556,0.79323,0.79335,1.69,3.45
2017.09.21 12:11:21.106,0.79323,0.79335,1.25,2.33
2017.09.21 12:11:21.484,0.79324,0.79336,1.39,2.32
2017.09.21 12:11:23.056,0.79324,0.79335,2.89,1.00
2017.09.21 12:11:23.641,0.79323,0.79336,7.58,1.50
2017.09.21 12:11:24.211,0.79324,0.79335,2.33,1.00
2017.09.21 12:11:25.228,0.79323,0.79336,6.45,2.33
2017.09.21 12:11:25.830,0.79323,0.79335,3.83,1.12
2017.09.21 12:11:26.342,0.79325,0.79335,1.31,1.10
2017.09.21 12:11:26.849,0.79324,0.79335,2.62,2.89
2017.09.21 12:11:27.981,0.79326,0.79336,1.00,4.39
2017.09.21 12:11:28.184,0.79326,0.79337,4.12,1.95
2017.09.21 12:11:28.690,0.79326,0.79336,4.20,1.00
2017.09.21 12:11:29.198,0.79325,0.79337,2.62,5.51
2017.09.21 12:11:29.396,0.79324,0.79337,2.70,3.64
2017.09.21 12:11:30.091,0.79324,0.79337,2.89,3.45
2017.09.21 12:11:30.648,0.79325,0.79336,1.12,1.50
2017.09.21 12:11:31.197,0.79324,0.79335,2.51,1.00
2017.09.21 12:11:32.085,0.79326,0.79336,1.00,3.38
2017.09.21 12:11:32.691,0.79325,0.79336,4.50,1.31
2017.09.21 12:11:33.279,0.79326,0.79336,1.12,2.25
2017.09.21 12:11:33.812,0.79324,0.79336,4.57,2.06
2017.09.21 12:11:34.346,0.79325,0.79337,3.38,2.70
2017.09.21 12:11:34.853,0.79325,0.79336,1.13,1.44
2017.09.21 12:11:35.366,0.79325,0.79336,1.69,1.13
2017.09.21 12:11:36.771,0.79324,0.79336,3.26,1.12
2017.09.21 12:11:37.319,0.79326,0.79337,1.39,1.57
2017.09.21 12:11:37.839,0.79326,0.79337,1.10,6.64
2017.09.21 12:11:38.337,0.79327,0.79337,1.75,1.50
2017.09.21 12:11:38.489,0.79334,0.79342,1.25,1.00
2017.09.21 12:11:38.590,0.79335,0.79345,1.00,1.12
2017.09.21 12:11:38.743,0.79335,0.79343,1.00,1.00
2017.09.21 12:11:39.043,0.79333,0.79343,1.13,1.00
2017.09.21 12:11:39.246,0.79333,0.79343,2.25,1.00
2017.09.21 12:11:39.297,0.79333,0.79343,1.00,1.00
2017.09.21 12:11:39.398,0.79334,0.79343,1.31,1.00
2017.09.21 12:11:39.449,0.79333,0.79345,3.08,1.50
2017.09.21 12:11:39.702,0.79332,0.79344,3.45,5.81
2017.09.21 12:11:40.222,0.79332,0.79342,1.01,1.00
2017.09.21 12:11:40.607,0.79331,0.79339,1.12,1.50
2017.09.21 12:11:41.147,0.7933,0.79341,3.07,4.31
2017.09.21 12:11:41.650,0.79331,0.7934,1.12,1.19
2017.09.21 12:11:42.198,0.7933,0.79341,5.70,3.56
2017.09.21 12:11:42.649,0.79329,0.79337,2.62,2.25
2017.09.21 12:11:42.700,0.79327,0.79337,5.14,2.25
2017.09.21 12:11:42.801,0.7933,0.79338,1.00,1.50
2017.09.21 12:11:42.902,0.79329,0.7934,5.32,3.37
2017.09.21 12:11:43.408,0.79331,0.79342,1.01,3.64
2017.09.21 12:11:43.560,0.79331,0.79342,4.76,1.31
2017.09.21 12:11:43.612,0.79331,0.79342,3.64,1.87
2017.09.21 12:11:44.185,0.79331,0.79342,1.39,1.31
2017.09.21 12:11:44.697,0.79331,0.79342,2.14,1.00
2017.09.21 12:11:44.748,0.79333,0.79343,1.69,1.12
2017.09.21 12:11:45.255,0.79334,0.79343,1.00,2.06
2017.09.21 12:11:46.934,0.79334,0.79344,3.19,1.00
2017.09.21 12:11:48.682,0.79334,0.79346,4.31,8.70
2017.09.21 12:11:53.258,0.79336,0.79346,2.44,4.31
2017.09.21 12:11:53.461,0.79336,0.79346,1.00,4.88
2017.09.21 12:11:54.075,0.79335,0.79346,2.25,1.87
2017.09.21 12:11:54.328,0.79338,0.79346,1.50,1.00
2017.09.21 12:11:54.429,0.79338,0.79348,1.10,5.62
2017.09.21 12:11:54.531,0.79336,0.79348,1.76,4.95
2017.09.21 12:11:55.037,0.79336,0.79347,2.25,2.70
2017.09.21 12:11:55.698,0.79335,0.79347,1.57,5.70
2017.09.21 12:11:56.259,0.79335,0.79347,1.76,4.57
2017.09.21 12:11:57.261,0.79338,0.79348,2.06,4.20
2017.09.21 12:11:57.464,0.79338,0.7935,3.26,1.76
2017.09.21 12:11:57.515,0.79338,0.79349,1.47,4.76
2017.09.21 12:11:57.667,0.79337,0.79348,1.00,3.94
2017.09.21 12:11:58.183,0.79335,0.79347,1.45,1.39
2017.09.21 12:11:58.723,0.79336,0.79348,1.10,8.14
2017.09.21 12:11:58.774,0.79339,0.79348,1.00,4.95
2017.09.21 12:11:58.876,0.79336,0.79348,5.14,5.25
2017.09.21 12:11:59.388,0.79336,0.79347,1.50,1.00
2017.09.21 12:12:00.044,0.79336,0.79348,1.00,5.14
2017.09.21 12:12:00.096,0.79335,0.79346,2.44,1.12
2017.09.21 12:12:00.603,0.79334,0.79348,7.01,6.83
2017.09.21 12:12:01.271,0.79335,0.79347,3.19,4.95
2017.09.21 12:12:01.806,0.79334,0.79347,4.76,2.51
2017.09.21 12:12:02.348,0.79335,0.79346,2.32,1.01
2017.09.21 12:12:03.157,0.79335,0.79346,1.39,1.58
2017.09.21 12:12:05.082,0.79335,0.79346,1.50,1.12
2017.09.21 12:12:05.673,0.79336,0.79346,1.00,1.31
2017.09.21 12:12:07.087,0.79336,0.79346,1.25,2.81
2017.09.21 12:12:07.594,0.79335,0.79346,1.00,4.87
2017.09.21 12:12:08.175,0.79335,0.79346,1.50,3.94
2017.09.21 12:12:08.704,0.79335,0.79345,1.12,1.31
2017.09.21 12:12:10.804,0.79335,0.79345,1.69,1.57
2017.09.21 12:12:11.572,0.79335,0.79345,1.69,1.10
2017.09.21 12:12:12.936,0.79335,0.79346,1.10,6.64
2017.09.21 12:12:13.356,0.79338,0.79348,1.00,1.57
2017.09.21 12:12:13.662,0.79341,0.79352,1.12,7.76
2017.09.21 12:12:14.069,0.79342,0.79351,1.19,1.00
2017.09.21 12:12:14.220,0.79341,0.79351,1.50,1.00
2017.09.21 12:12:14.725,0.79341,0.79353,1.69,1.95
2017.09.21 12:12:15.242,0.79341,0.79353,4.13,3.26
2017.09.21 12:12:18.931,0.79343,0.79353,1.00,3.74
2017.09.21 12:12:19.104,0.79342,0.79353,3.56,3.37
2017.09.21 12:12:19.639,0.79343,0.79353,1.00,2.25
2017.09.21 12:12:20.151,0.79342,0.79353,3.75,3.37
2017.09.21 12:12:20.661,0.79343,0.79352,1.00,2.25
2017.09.21 12:12:22.762,0.79342,0.79352,1.69,1.50
2017.09.21 12:12:23.266,0.79343,0.79353,1.25,3.94
2017.09.21 12:12:23.772,0.79342,0.79351,1.00,2.62
2017.09.21 12:12:27.656,0.79343,0.79353,2.06,1.37
2017.09.21 12:12:30.155,0.79342,0.79353,1.95,1.47
2017.09.21 12:12:30.755,0.79342,0.79352,3.45,1.37
2017.09.21 12:12:32.552,0.79342,0.79352,1.20,1.37
2017.09.21 12:12:33.991,0.79342,0.79348,1.00,1.00
2017.09.21 12:12:34.093,0.7934,0.79349,1.00,3.75
2017.09.21 12:12:34.601,0.79339,0.79349,4.87,2.81
2017.09.21 12:12:35.170,0.7934,0.79349,1.37,3.19
2017.09.21 12:12:36.000,0.7934,0.7935,4.31,1.76
2017.09.21 12:12:37.588,0.79341,0.79351,1.57,2.06
2017.09.21 12:12:38.219,0.79341,0.79351,1.57,2.81
2017.09.21 12:12:38.900,0.79341,0.79351,1.57,1.87
2017.09.21 12:12:43.028,0.7934,0.79352,4.95,1.39
2017.09.21 12:12:43.560,0.79341,0.79352,1.20,2.89
2017.09.21 12:12:44.080,0.79341,0.79352,2.33,1.76
2017.09.21 12:12:45.282,0.79341,0.79352,1.39,2.06
2017.09.21 12:12:45.909,0.79341,0.79352,1.20,2.06
2017.09.21 12:12:46.483,0.79341,0.79351,1.95,1.19
2017.09.21 12:12:46.987,0.79341,0.79352,1.57,3.61
2017.09.21 12:12:47.560,0.79341,0.79351,2.32,1.16
2017.09.21 12:12:48.061,0.79341,0.79351,2.32,1.22
2017.09.21 12:12:50.672,0.79341,0.79352,1.10,2.49
2017.09.21 12:12:51.731,0.79341,0.79351,1.10,1.22
2017.09.21 12:12:52.286,0.79341,0.79352,1.10,2.32
2017.09.21 12:12:52.846,0.79341,0.79351,1.20,1.00
2017.09.21 12:12:53.392,0.79341,0.79352,1.10,2.32
2017.09.21 12:12:54.120,0.79341,0.79351,1.58,1.00
2017.09.21 12:12:54.629,0.79341,0.79352,1.20,5.32
2017.09.21 12:12:55.181,0.79341,0.79351,1.20,1.50
2017.09.21 12:12:56.533,0.79341,0.79352,1.20,5.49
2017.09.21 12:12:57.282,0.79341,0.79351,2.14,1.25
2017.09.21 12:12:59.288,0.79341,0.79352,1.20,3.64
2017.09.21 12:13:00.814,0.79341,0.79351,2.33,1.25
2017.09.21 12:13:01.168,0.79342,0.79353,2.81,3.64
2017.09.21 12:13:02.302,0.79342,0.79352,2.25,1.20
2017.09.21 12:13:03.109,0.79342,0.79352,1.69,1.12
2017.09.21 12:13:03.414,0.79346,0.79353,2.25,1.00
2017.09.21 12:13:03.515,0.79346,0.79355,1.50,1.00
2017.09.21 12:13:03.760,0.7935,0.7936,2.32,3.00
2017.09.21 12:13:03.811,0.7935,0.7936,4.20,1.00
2017.09.21 12:13:04.494,0.7935,0.79362,1.58,4.95
2017.09.21 12:13:05.574,0.79351,0.79362,2.33,1.20
2017.09.21 12:13:06.114,0.79353,0.79362,2.81,1.00
2017.09.21 12:13:06.793,0.79353,0.79362,2.81,1.50
2017.09.21 12:13:07.300,0.79354,0.79365,1.50,5.14
2017.09.21 12:13:07.848,0.79353,0.79364,4.76,1.87
2017.09.21 12:13:08.303,0.79355,0.79366,1.69,3.26
2017.09.21 12:13:08.404,0.79355,0.79366,3.45,2.14
2017.09.21 12:13:08.556,0.79354,0.79366,5.63,1.10
2017.09.21 12:13:09.073,0.79355,0.79365,1.00,1.12
2017.09.21 12:13:09.763,0.79355,0.79365,3.00,1.31
2017.09.21 12:13:10.341,0.79354,0.79365,7.20,1.12
2017.09.21 12:13:11.081,0.79354,0.79365,2.70,1.47
2017.09.21 12:13:12.201,0.79355,0.79365,1.50,2.14
2017.09.21 12:13:12.828,0.79355,0.79365,2.06,1.47
2017.09.21 12:13:13.330,0.79354,0.79365,4.01,2.14
2017.09.21 12:13:14.037,0.79354,0.79365,2.70,1.47
2017.09.21 12:13:15.859,0.79354,0.79365,4.76,1.39
2017.09.21 12:13:16.201,0.79357,0.79365,2.44,1.00
2017.09.21 12:13:16.700,0.79354,0.79365,4.58,1.00
2017.09.21 12:13:17.232,0.79355,0.79367,1.87,1.20
2017.09.21 12:13:17.283,0.79356,0.79367,1.25,1.20
2017.09.21 12:13:17.334,0.79359,0.79367,1.95,1.12
2017.09.21 12:13:17.435,0.7936,0.79371,1.76,2.44
2017.09.21 12:13:17.983,0.79361,0.79369,1.69,1.00
2017.09.21 12:13:18.925,0.79359,0.79369,4.39,1.50
2017.09.21 12:13:19.266,0.79358,0.79368,1.01,1.88
2017.09.21 12:13:19.317,0.7936,0.79368,1.13,1.50
2017.09.21 12:13:19.530,0.79361,0.79371,3.00,1.12
2017.09.21 12:13:20.036,0.79361,0.79371,1.37,1.12
2017.09.21 12:13:20.563,0.7936,0.79371,5.51,1.12
2017.09.21 12:13:20.837,0.79365,0.79372,1.50,1.50
2017.09.21 12:13:20.888,0.79363,0.79372,1.88,1.00
2017.09.21 12:13:21.041,0.79362,0.79374,2.14,4.31
2017.09.21 12:13:21.555,0.79363,0.79373,3.75,1.87
2017.09.21 12:13:22.090,0.79363,0.79374,2.06,2.25
2017.09.21 12:13:22.603,0.79362,0.79373,3.38,3.56
2017.09.21 12:13:24.118,0.79361,0.79373,3.45,3.56
2017.09.21 12:13:24.764,0.79361,0.79373,1.76,2.25
2017.09.21 12:13:26.125,0.79361,0.79372,6.26,1.12
2017.09.21 12:13:27.367,0.79361,0.79373,1.01,2.25
2017.09.21 12:13:28.018,0.79362,0.79372,1.00,1.25
2017.09.21 12:13:28.620,0.79361,0.79373,1.95,3.56
2017.09.21 12:13:29.141,0.79361,0.79372,2.33,1.00
2017.09.21 12:13:30.521,0.79361,0.79372,2.51,1.12
2017.09.21 12:13:30.926,0.7936,0.7937,2.06,1.50
2017.09.21 12:13:31.460,0.79359,0.79372,3.64,1.95
2017.09.21 12:13:31.980,0.7936,0.79371,1.58,1.50
2017.09.21 12:13:40.909,0.79361,0.79372,1.10,3.64
2017.09.21 12:13:42.026,0.79361,0.79371,1.10,1.00
2017.09.21 12:13:43.940,0.79361,0.79372,1.10,3.07
2017.09.21 12:13:45.709,0.79362,0.79373,1.50,3.26
2017.09.21 12:13:46.574,0.79363,0.79373,1.00,2.25
2017.09.21 12:13:47.083,0.79363,0.79374,4.69,3.37
2017.09.21 12:13:50.970,0.79366,0.79374,1.00,1.00
2017.09.21 12:13:51.021,0.79366,0.79376,1.69,1.57
2017.09.21 12:13:51.072,0.79369,0.79377,1.50,1.87
2017.09.21 12:13:51.276,0.7937,0.79381,1.20,2.70
2017.09.21 12:13:51.479,0.79371,0.7938,1.33,1.19
2017.09.21 12:13:51.971,0.7937,0.79377,1.57,1.00
2017.09.21 12:13:52.165,0.79368,0.79376,1.10,1.00
2017.09.21 12:13:52.469,0.79365,0.79376,2.70,1.00
2017.09.21 12:13:53.009,0.79364,0.79376,4.95,2.62
2017.09.21 12:13:53.552,0.79365,0.79376,1.20,3.19
2017.09.21 12:13:54.105,0.79364,0.79376,4.01,1.50
2017.09.21 12:13:54.711,0.79365,0.79376,1.10,4.13
2017.09.21 12:13:55.321,0.79365,0.79376,1.10,3.37
2017.09.21 12:13:55.372,0.79365,0.79375,1.95,1.31
2017.09.21 12:13:55.897,0.79365,0.79376,1.95,3.75
2017.09.21 12:13:56.409,0.79365,0.79376,1.10,2.25
2017.09.21 12:14:00.251,0.79364,0.79376,5.33,5.44
2017.09.21 12:14:00.980,0.79364,0.79375,3.08,1.25
2017.09.21 12:14:01.639,0.79363,0.79375,6.26,1.00
2017.09.21 12:14:01.973,0.79367,0.79377,1.12,2.32
2017.09.21 12:14:02.486,0.79366,0.79376,1.95,1.00
2017.09.21 12:14:02.996,0.79366,0.79376,3.38,1.10
2017.09.21 12:14:03.533,0.79366,0.79376,2.44,1.10
2017.09.21 12:14:04.070,0.79366,0.79376,4.13,1.10
2017.09.21 12:14:12.171,0.79365,0.79376,5.51,1.00
2017.09.21 12:14:12.687,0.79366,0.79377,1.95,2.70
2017.09.21 12:14:13.296,0.79367,0.79377,1.00,4.57
2017.09.21 12:14:14.150,0.79367,0.79377,1.44,4.95
2017.09.21 12:14:15.012,0.79367,0.79377,1.25,4.76
2017.09.21 12:14:15.603,0.79366,0.79377,2.70,1.00
2017.09.21 12:14:15.907,0.79369,0.79378,1.25,3.75
2017.09.21 12:14:16.451,0.79368,0.79378,2.44,3.94
2017.09.21 12:14:17.344,0.79369,0.79377,1.44,1.00
2017.09.21 12:14:17.850,0.79369,0.79378,2.81,1.50
2017.09.21 12:14:18.767,0.79369,0.79378,2.06,1.12
2017.09.21 12:14:19.701,0.79368,0.79378,3.83,1.88
2017.09.21 12:14:20.231,0.79368,0.79377,1.50,1.50
2017.09.21 12:14:20.806,0.79368,0.79376,1.50,1.00
2017.09.21 12:14:21.622,0.79367,0.79376,2.25,1.12
2017.09.21 12:14:22.350,0.79367,0.79376,1.44,1.50
2017.09.21 12:14:22.902,0.79367,0.79376,1.25,1.00
2017.09.21 12:14:23.625,0.79366,0.79376,2.06,1.00
2017.09.21 12:14:25.247,0.79367,0.79376,1.50,1.00
2017.09.21 12:14:26.238,0.79367,0.79376,2.25,3.56
2017.09.21 12:14:29.689,0.79366,0.79376,1.31,2.06
2017.09.21 12:14:32.089,0.79365,0.79372,1.12,1.50
2017.09.21 12:14:32.444,0.79362,0.79371,1.00,3.37
2017.09.21 12:14:32.705,0.79364,0.79371,1.00,1.12
2017.09.21 12:14:33.127,0.79361,0.79372,3.64,2.25
2017.09.21 12:14:33.330,0.79361,0.79371,1.87,1.87
2017.09.21 12:14:34.370,0.7936,0.79371,3.07,6.45
2017.09.21 12:14:34.724,0.7936,0.79371,1.95,1.50
2017.09.21 12:14:35.241,0.7936,0.79372,1.95,1.95
2017.09.21 12:14:35.492,0.79361,0.79369,1.12,2.25
2017.09.21 12:14:35.846,0.79361,0.79371,1.50,2.62
2017.09.21 12:14:36.472,0.7936,0.79371,3.82,2.44
2017.09.21 12:14:38.567,0.79361,0.7937,1.12,1.25
2017.09.21 12:14:39.114,0.7936,0.7937,3.75,2.44
2017.09.21 12:14:41.243,0.7936,0.7937,1.95,1.69
2017.09.21 12:14:41.791,0.79361,0.79371,1.47,1.87
2017.09.21 12:14:44.016,0.7936,0.79368,3.82,1.00
2017.09.21 12:14:44.067,0.79357,0.79365,6.94,1.00
2017.09.21 12:14:44.475,0.79354,0.79366,4.24,2.89
2017.09.21 12:14:45.524,0.79354,0.79364,3.64,1.50
2017.09.21 12:14:46.038,0.79354,0.79365,1.64,2.44
2017.09.21 12:14:46.557,0.79355,0.79364,2.14,1.00
2017.09.21 12:14:47.098,0.79355,0.79365,2.14,1.00
2017.09.21 12:14:48.802,0.79359,0.79366,1.00,1.50
2017.09.21 12:14:48.903,0.7936,0.79369,3.49,1.00
2017.09.21 12:14:49.126,0.7936,0.79371,2.14,1.50
2017.09.21 12:14:49.640,0.7936,0.7937,2.51,1.50
2017.09.21 12:14:50.173,0.79361,0.79371,1.07,1.87
2017.09.21 12:14:52.413,0.79361,0.79372,1.07,1.12
2017.09.21 12:14:52.919,0.79362,0.79373,3.26,1.00
2017.09.21 12:14:53.206,0.79363,0.79373,1.76,1.00
2017.09.21 12:14:54.171,0.79363,0.79374,3.49,3.56
2017.09.21 12:14:54.690,0.79363,0.79373,4.61,1.25
2017.09.21 12:14:55.198,0.79363,0.79374,1.99,1.50
2017.09.21 12:14:55.745,0.79363,0.79375,3.86,2.81
2017.09.21 12:14:56.475,0.79364,0.79376,1.01,3.07
2017.09.21 12:14:56.808,0.79363,0.79373,2.14,4.12
2017.09.21 12:14:57.062,0.79361,0.79373,4.61,4.12
2017.09.21 12:14:57.216,0.79361,0.7937,2.14,2.25
2017.09.21 12:14:57.318,0.79358,0.79367,1.64,1.00
2017.09.21 12:14:57.521,0.79357,0.79366,2.32,1.00
2017.09.21 12:14:58.065,0.79355,0.79367,3.64,2.25
2017.09.21 12:14:59.535,0.79354,0.79366,4.01,2.62
2017.09.21 12:15:00.056,0.79354,0.79365,4.01,1.00
2017.09.21 12:15:01.014,0.79354,0.79366,1.64,2.06
2017.09.21 12:15:01.546,0.79354,0.79365,3.26,1.00
2017.09.21 12:15:02.621,0.79354,0.79364,2.89,1.00
2017.09.21 12:15:03.144,0.79354,0.79365,1.76,1.00
2017.09.21 12:15:03.347,0.79354,0.79363,1.39,1.50
2017.09.21 12:15:03.894,0.79352,0.79363,4.76,1.50
2017.09.21 12:15:06.764,0.79352,0.79364,2.14,1.87
2017.09.21 12:15:07.140,0.79352,0.79362,1.76,1.00
2017.09.21 12:15:07.191,0.79351,0.79362,3.26,3.37
2017.09.21 12:15:08.113,0.79351,0.79361,1.76,1.25
2017.09.21 12:15:09.639,0.79351,0.79361,2.32,1.44
2017.09.21 12:15:09.952,0.79351,0.79358,1.00,1.00
2017.09.21 12:15:10.105,0.79348,0.79357,1.32,1.00
2017.09.21 12:15:10.156,0.79347,0.79358,1.20,2.62
2017.09.21 12:15:10.308,0.7935,0.7936,1.13,3.07
2017.09.21 12:15:10.410,0.79349,0.79359,6.86,1.00
2017.09.21 12:15:10.562,0.7935,0.79362,2.14,4.87
2017.09.21 12:15:10.967,0.79349,0.79358,6.07,1.00
2017.09.21 12:15:11.171,0.79348,0.79358,1.26,1.12
2017.09.21 12:15:11.476,0.79348,0.79357,1.29,1.87
2017.09.21 12:15:12.058,0.7935,0.79358,1.00,1.00
2017.09.21 12:15:12.213,0.79351,0.7936,2.89,1.12
2017.09.21 12:15:12.745,0.79351,0.79362,1.07,1.50
2017.09.21 12:15:13.896,0.79351,0.79362,1.76,2.81
2017.09.21 12:15:16.024,0.79352,0.79362,1.20,1.50
2017.09.21 12:15:16.277,0.79352,0.79364,3.07,2.44
2017.09.21 12:15:16.582,0.79355,0.79364,1.00,1.87
2017.09.21 12:15:17.038,0.79354,0.79366,3.26,3.37
2017.09.21 12:15:17.382,0.79354,0.79366,2.51,3.37
2017.09.21 12:15:17.687,0.79354,0.79362,1.39,1.00
2017.09.21 12:15:18.923,0.79354,0.79363,1.10,1.00
2017.09.21 12:15:23.658,0.79354,0.79362,1.10,2.44
2017.09.21 12:15:23.963,0.79352,0.79361,1.12,2.32
2017.09.21 12:15:24.065,0.79349,0.79358,1.95,1.00
2017.09.21 12:15:24.116,0.79349,0.79361,1.26,5.32
2017.09.21 12:15:24.957,0.79349,0.79358,2.25,1.00
2017.09.21 12:15:25.214,0.79347,0.79358,1.62,1.12
2017.09.21 12:15:25.766,0.79347,0.79358,5.06,1.50
2017.09.21 12:15:26.551,0.79348,0.79358,1.50,1.00
2017.09.21 12:15:27.082,0.79347,0.79358,1.31,6.00
2017.09.21 12:15:27.842,0.79347,0.79356,1.25,2.06
2017.09.21 12:15:28.733,0.79345,0.79356,1.69,2.63
2017.09.21 12:15:30.154,0.79343,0.79355,5.32,1.88
2017.09.21 12:15:30.306,0.79342,0.79352,6.82,1.25
2017.09.21 12:15:31.835,0.79342,0.79352,4.95,1.19
2017.09.21 12:15:32.140,0.7934,0.7935,7.95,1.50
2017.09.21 12:15:32.698,0.7934,0.79352,5.14,2.51
2017.09.21 12:15:33.240,0.79341,0.79351,1.58,1.19
2017.09.21 12:15:33.747,0.7934,0.79351,3.08,1.39
2017.09.21 12:15:35.282,0.7934,0.79351,2.70,3.64
2017.09.21 12:15:37.055,0.7934,0.79351,2.70,2.06
2017.09.21 12:15:39.628,0.79341,0.79352,2.32,1.12
2017.09.21 12:15:40.544,0.79341,0.79352,1.56,3.19
2017.09.21 12:15:41.046,0.7934,0.79351,6.26,1.19
2017.09.21 12:15:42.087,0.7934,0.79351,2.89,1.50
2017.09.21 12:15:42.745,0.7934,0.79351,5.33,2.06
2017.09.21 12:15:42.797,0.7934,0.79349,2.44,2.44
2017.09.21 12:15:42.950,0.79338,0.79347,1.39,1.25
2017.09.21 12:15:43.357,0.79338,0.79349,1.10,1.20
2017.09.21 12:15:43.633,0.79339,0.79349,1.19,1.95
2017.09.21 12:15:44.376,0.79339,0.7935,1.29,2.32
2017.09.21 12:15:44.909,0.79339,0.7935,2.51,1.95
2017.09.21 12:15:45.417,0.79339,0.7935,3.00,1.87
2017.09.21 12:15:45.624,0.79339,0.79351,1.69,3.07
2017.09.21 12:15:46.922,0.79339,0.79351,2.25,5.14
2017.09.21 12:15:47.430,0.7934,0.79351,2.89,1.10
2017.09.21 12:15:48.814,0.7934,0.79351,3.83,2.51
2017.09.21 12:15:49.719,0.7934,0.79351,1.66,1.39
2017.09.21 12:15:50.333,0.7934,0.79349,1.44,1.25
2017.09.21 12:15:50.845,0.79339,0.79347,1.69,1.00
2017.09.21 12:15:51.048,0.79338,0.79348,2.06,1.00
2017.09.21 12:15:52.264,0.79337,0.79348,1.29,1.57
2017.09.21 12:15:52.366,0.79337,0.79347,1.25,1.12
2017.09.21 12:15:52.569,0.79334,0.79346,7.01,3.07
2017.09.21 12:15:55.975,0.79335,0.79345,2.62,1.57
2017.09.21 12:15:56.591,0.79335,0.79346,1.69,3.82
2017.09.21 12:16:00.296,0.79333,0.79342,4.76,1.00
2017.09.21 12:16:00.448,0.79333,0.79344,3.19,1.76
2017.09.21 12:16:00.955,0.79333,0.79344,1.87,3.64
2017.09.21 12:16:02.369,0.79336,0.79344,1.69,1.69
2017.09.21 12:16:02.521,0.79347,0.79357,3.22,2.32
2017.09.21 12:16:02.624,0.79352,0.79357,1.00,1.10
2017.09.21 12:16:02.830,0.79358,0.79368,2.32,1.25
2017.09.21 12:16:02.883,0.79359,0.79367,2.85,1.00
2017.09.21 12:16:03.390,0.79366,0.79374,1.50,3.45
2017.09.21 12:16:03.614,0.79362,0.79375,2.70,3.26
2017.09.21 12:16:03.668,0.79362,0.79373,3.07,1.50
2017.09.21 12:16:03.972,0.79362,0.79373,1.39,1.50
2017.09.21 12:16:04.328,0.79362,0.79373,1.95,1.87
2017.09.21 12:16:04.681,0.79368,0.79378,1.69,1.12
2017.09.21 12:16:04.985,0.7937,0.79381,1.12,2.06
2017.09.21 12:16:05.297,0.79371,0.79383,1.20,1.37
2017.09.21 12:16:05.845,0.79372,0.79382,1.32,1.00
2017.09.21 12:16:07.213,0.79372,0.79382,1.01,1.50
2017.09.21 12:16:07.720,0.79372,0.79383,1.01,2.62
2017.09.21 12:16:08.126,0.79371,0.7938,1.29,2.25
2017.09.21 12:16:08.542,0.79372,0.79383,1.69,1.57
2017.09.21 12:16:08.998,0.79372,0.79383,2.51,1.10
2017.09.21 12:16:09.618,0.79372,0.79382,1.95,1.00
2017.09.21 12:16:09.926,0.79374,0.79385,1.69,1.95
2017.09.21 12:16:10.130,0.79376,0.79385,2.06,1.00
2017.09.21 12:16:10.367,0.79377,0.79389,1.31,3.07
2017.09.21 12:16:10.722,0.79374,0.79385,3.26,1.00
2017.09.21 12:16:11.568,0.79374,0.79386,1.50,3.07
2017.09.21 12:16:11.720,0.79372,0.79383,1.01,1.00
2017.09.21 12:16:12.228,0.79372,0.79382,2.06,1.00
2017.09.21 12:16:12.743,0.79372,0.79384,1.69,2.51
2017.09.21 12:16:12.794,0.79374,0.79384,2.25,1.76
2017.09.21 12:16:13.301,0.79375,0.79385,1.50,1.69
2017.09.21 12:16:13.825,0.79375,0.79384,3.00,1.00
2017.09.21 12:16:13.877,0.79376,0.79387,1.69,1.76
2017.09.21 12:16:14.080,0.79377,0.79388,1.19,4.95
2017.09.21 12:16:14.386,0.79378,0.79389,1.48,3.26
2017.09.21 12:16:14.692,0.79381,0.7939,3.23,1.12
2017.09.21 12:16:15.125,0.7938,0.79391,1.47,2.25
2017.09.21 12:16:15.482,0.79379,0.79391,1.10,1.00
2017.09.21 12:16:15.778,0.79383,0.79391,1.69,1.00
2017.09.21 12:16:15.880,0.79386,0.79396,1.00,1.57
2017.09.21 12:16:15.931,0.79391,0.79399,1.00,1.95
2017.09.21 12:16:16.057,0.7939,0.794,2.85,1.95
2017.09.21 12:16:16.109,0.79391,0.794,1.50,1.50
2017.09.21 12:16:16.668,0.79392,0.794,2.25,1.25
2017.09.21 12:16:16.719,0.79392,0.79405,3.00,1.76
2017.09.21 12:16:16.871,0.79393,0.79405,2.62,2.32
2017.09.21 12:16:17.383,0.79394,0.79406,1.00,1.57
2017.09.21 12:16:17.965,0.79395,0.79406,1.00,1.95
2017.09.21 12:16:18.172,0.79393,0.79406,1.87,3.45
2017.09.21 12:16:18.683,0.79398,0.79407,1.12,2.70
2017.09.21 12:16:18.831,0.794,0.79412,3.67,1.69
2017.09.21 12:16:19.085,0.79399,0.79408,1.37,1.00
2017.09.21 12:16:19.243,0.79396,0.79409,1.01,4.57
2017.09.21 12:16:19.347,0.79395,0.79408,3.64,1.76
2017.09.21 12:16:19.451,0.79395,0.79406,2.14,1.50
2017.09.21 12:16:19.705,0.79393,0.79405,1.39,1.69
2017.09.21 12:16:20.145,0.79392,0.79404,2.14,1.95
2017.09.21 12:16:20.449,0.79387,0.79396,2.51,1.50
2017.09.21 12:16:20.500,0.79387,0.79397,1.37,1.00
2017.09.21 12:16:20.602,0.79384,0.79396,3.26,1.12
2017.09.21 12:16:21.317,0.79386,0.79398,2.62,1.01
2017.09.21 12:16:21.469,0.79387,0.794,1.95,2.89
2017.09.21 12:16:21.520,0.79389,0.794,1.12,1.69
2017.09.21 12:16:21.875,0.79386,0.79398,4.39,2.25
2017.09.21 12:16:21.926,0.79386,0.79397,1.62,1.50
2017.09.21 12:16:22.028,0.79384,0.79395,2.14,1.50
2017.09.21 12:16:22.187,0.79383,0.79395,1.39,3.07
2017.09.21 12:16:22.239,0.79383,0.79393,1.39,3.75
2017.09.21 12:16:22.290,0.79381,0.79393,1.07,2.32
2017.09.21 12:16:22.394,0.7938,0.7939,1.01,1.00
2017.09.21 12:16:22.551,0.79375,0.79387,2.06,2.32
2017.09.21 12:16:22.755,0.79378,0.79388,1.12,3.45
2017.09.21 12:16:22.858,0.79375,0.79388,1.57,1.10
2017.09.21 12:16:23.359,0.79374,0.79387,1.95,2.32
2017.09.21 12:16:23.562,0.79378,0.79388,1.10,1.87
2017.09.21 12:16:23.765,0.79378,0.79389,1.20,2.62
2017.09.21 12:16:23.867,0.79376,0.79388,1.25,1.10
2017.09.21 12:16:24.071,0.79374,0.79386,2.14,1.50
2017.09.21 12:16:24.575,0.79375,0.79389,1.76,4.76
2017.09.21 12:16:25.091,0.79373,0.79385,2.51,2.70
2017.09.21 12:16:25.399,0.7936,0.79373,1.57,2.62
2017.09.21 12:16:25.601,0.79364,0.79373,1.00,1.87
2017.09.21 12:16:25.652,0.79362,0.79373,1.19,1.00
2017.09.21 12:16:25.807,0.79361,0.79374,1.10,3.26
2017.09.21 12:16:26.012,0.79361,0.79374,1.95,1.31
2017.09.21 12:16:26.520,0.79363,0.79375,1.57,1.57
2017.09.21 12:16:27.174,0.79361,0.79374,2.51,3.07
2017.09.21 12:16:27.683,0.79362,0.79374,1.76,3.82
2017.09.21 12:16:28.212,0.79361,0.7937,1.50,1.50
2017.09.21 12:16:28.314,0.79358,0.79371,5.89,1.25
2017.09.21 12:16:28.467,0.79362,0.79371,1.50,1.50
2017.09.21 12:16:28.671,0.79364,0.79376,1.10,1.76
2017.09.21 12:16:28.722,0.79364,0.79376,2.32,2.14
2017.09.21 12:16:29.128,0.79364,0.79376,2.32,1.20
2017.09.21 12:16:29.759,0.79363,0.79374,1.69,1.12
2017.09.21 12:16:29.811,0.7936,0.79372,7.99,1.00
2017.09.21 12:16:29.913,0.7936,0.79371,3.49,1.50
2017.09.21 12:16:31.220,0.79362,0.79372,1.00,1.00
2017.09.21 12:16:31.321,0.79364,0.79372,1.00,1.12
2017.09.21 12:16:31.424,0.79362,0.79373,1.50,1.69
2017.09.21 12:16:31.984,0.7936,0.79372,2.89,1.87
2017.09.21 12:16:32.434,0.7936,0.79371,1.10,2.14
2017.09.21 12:16:32.878,0.79358,0.79368,1.58,1.50
2017.09.21 12:16:33.235,0.79356,0.79368,2.89,1.50
2017.09.21 12:16:33.539,0.79355,0.79365,1.50,1.50
2017.09.21 12:16:35.446,0.79353,0.79365,2.33,1.95
2017.09.21 12:16:35.953,0.79353,0.79365,1.01,1.20
2017.09.21 12:16:36.460,0.79353,0.79365,3.83,4.95
2017.09.21 12:16:37.216,0.79354,0.79365,1.76,1.57
2017.09.21 12:16:37.556,0.79361,0.79371,1.20,1.19
2017.09.21 12:16:37.658,0.79361,0.79373,1.20,3.07
2017.09.21 12:16:38.206,0.79361,0.79372,2.70,1.20
2017.09.21 12:16:39.051,0.79361,0.79373,1.95,3.45
2017.09.21 12:16:39.559,0.79362,0.79375,4.01,4.95
2017.09.21 12:16:39.759,0.79363,0.79375,1.38,4.58
2017.09.21 12:16:39.812,0.79363,0.79375,2.44,4.20
2017.09.21 12:16:41.056,0.79364,0.79375,1.44,1.63
2017.09.21 12:16:41.158,0.79363,0.79376,3.83,3.08
2017.09.21 12:16:41.688,0.79364,0.79376,1.88,4.95
2017.09.21 12:16:42.220,0.79368,0.79377,1.00,2.32
2017.09.21 12:16:42.322,0.79366,0.79377,2.62,2.62
2017.09.21 12:16:42.829,0.79364,0.79376,1.95,1.50
2017.09.21 12:16:43.526,0.79364,0.79375,2.51,1.13
2017.09.21 12:16:43.729,0.79363,0.79373,2.89,1.25
2017.09.21 12:16:43.831,0.79363,0.79373,2.14,1.25
2017.09.21 12:16:44.258,0.79361,0.79371,2.32,1.44
2017.09.21 12:16:44.310,0.79361,0.79372,1.20,3.07
2017.09.21 12:16:44.412,0.79363,0.79374,1.50,3.26
2017.09.21 12:16:44.565,0.79363,0.79374,5.14,1.20
2017.09.21 12:16:45.105,0.79363,0.79376,7.01,2.14
2017.09.21 12:16:46.259,0.79363,0.79376,4.39,1.66
2017.09.21 12:16:46.749,0.79364,0.7937,1.00,1.00
2017.09.21 12:16:47.288,0.79369,0.79373,1.00,1.00
2017.09.21 12:16:47.340,0.79369,0.79375,1.00,2.62
2017.09.21 12:16:47.392,0.79365,0.79373,1.01,1.00
2017.09.21 12:16:47.546,0.79364,0.79372,4.01,1.00
2017.09.21 12:16:48.062,0.79365,0.79372,2.32,1.00
2017.09.21 12:16:48.573,0.79364,0.79371,3.45,1.00
2017.09.21 12:16:48.929,0.7937,0.79375,1.00,1.00
2017.09.21 12:16:49.138,0.79367,0.79374,3.00,1.00
2017.09.21 12:16:49.240,0.79367,0.79376,1.50,1.00
2017.09.21 12:16:49.394,0.79366,0.79373,1.69,1.00
2017.09.21 12:16:49.908,0.79366,0.79373,1.00,1.00
2017.09.21 12:16:50.416,0.79365,0.79373,2.70,1.00
2017.09.21 12:16:50.963,0.79365,0.79373,5.14,1.00
2017.09.21 12:16:51.526,0.79366,0.79375,2.32,1.00
2017.09.21 12:16:51.577,0.79366,0.79372,2.14,1.00
2017.09.21 12:16:51.883,0.79364,0.79371,1.87,1.00
2017.09.21 12:16:53.123,0.79363,0.79371,1.00,1.00
2017.09.21 12:16:53.436,0.79365,0.79373,1.00,1.12
2017.09.21 12:16:54.597,0.79367,0.79374,1.00,1.00
2017.09.21 12:16:55.282,0.79367,0.79375,1.00,3.08
2017.09.21 12:16:55.786,0.79366,0.79373,1.00,2.51
2017.09.21 12:16:56.412,0.79366,0.79374,1.00,3.37
2017.09.21 12:16:56.785,0.79364,0.79374,1.00,3.75
2017.09.21 12:16:56.887,0.79362,0.79368,1.50,1.00
2017.09.21 12:16:56.939,0.79359,0.79367,1.50,1.00
2017.09.21 12:16:57.145,0.79359,0.79366,1.00,1.48
2017.09.21 12:16:57.196,0.79357,0.79366,1.25,1.48
2017.09.21 12:16:57.704,0.79357,0.79367,1.00,2.14
2017.09.21 12:16:58.012,0.79353,0.79363,2.14,1.13
2017.09.21 12:16:58.117,0.79353,0.79363,1.20,2.81
2017.09.21 12:16:58.172,0.79355,0.79363,1.00,3.56
2017.09.21 12:16:58.684,0.79354,0.79364,1.00,5.14
2017.09.21 12:16:58.995,0.79356,0.79363,1.00,3.37
2017.09.21 12:16:59.682,0.79356,0.79365,1.00,2.25
2017.09.21 12:17:00.220,0.79357,0.79366,1.00,4.95
2017.09.21 12:17:00.373,0.79354,0.79362,1.57,1.00
2017.09.21 12:17:00.881,0.79354,0.79362,1.07,1.00
2017.09.21 12:17:01.922,0.79355,0.79362,2.14,1.00
2017.09.21 12:17:02.472,0.79354,0.79361,1.76,1.00
2017.09.21 12:17:03.033,0.79354,0.79361,2.62,1.00
2017.09.21 12:17:03.594,0.79354,0.79361,1.95,1.00
2017.09.21 12:17:06.769,0.79355,0.79362,1.20,1.00
2017.09.21 12:17:06.821,0.79356,0.79364,1.20,1.00
2017.09.21 12:17:07.340,0.79358,0.79364,1.00,1.00
2017.09.21 12:17:07.875,0.79356,0.79363,1.47,1.00
2017.09.21 12:17:08.028,0.79357,0.79367,1.50,4.12
2017.09.21 12:17:08.537,0.79357,0.79367,1.50,3.56
2017.09.21 12:17:08.969,0.79359,0.79367,1.50,1.12
2017.09.21 12:17:09.507,0.79359,0.79368,1.00,1.87
2017.09.21 12:17:10.086,0.79359,0.79368,1.87,1.12
2017.09.21 12:17:10.392,0.79358,0.79366,1.50,1.25
2017.09.21 12:17:12.056,0.7936,0.79368,1.00,1.87
2017.09.21 12:17:12.108,0.79358,0.79367,1.57,1.69
2017.09.21 12:17:12.263,0.79356,0.79364,1.87,1.50
2017.09.21 12:17:12.671,0.79354,0.79362,1.00,1.25
2017.09.21 12:17:13.183,0.79353,0.79362,1.87,1.00
2017.09.21 12:17:13.710,0.79355,0.79363,1.00,3.82
2017.09.21 12:17:14.220,0.79354,0.79362,1.37,1.25
2017.09.21 12:17:14.819,0.79353,0.79362,1.50,1.10
2017.09.21 12:17:19.393,0.79353,0.79362,1.50,1.95
2017.09.21 12:17:19.954,0.79353,0.79364,1.87,3.45
2017.09.21 12:17:20.462,0.79353,0.79364,1.50,1.01
2017.09.21 12:17:21.013,0.79353,0.79364,1.50,2.89
2017.09.21 12:17:21.575,0.79353,0.79363,1.50,1.58
2017.09.21 12:17:21.830,0.79353,0.79364,1.50,1.58
2017.09.21 12:17:22.128,0.79353,0.79361,1.50,1.50
2017.09.21 12:17:22.835,0.79353,0.79362,1.50,3.82
2017.09.21 12:17:23.405,0.79353,0.79362,1.50,1.20
2017.09.21 12:17:24.262,0.79353,0.79362,1.50,2.81
2017.09.21 12:17:25.995,0.79353,0.79363,1.69,1.39
2017.09.21 12:17:27.115,0.79353,0.79364,1.50,8.14
2017.09.21 12:17:27.521,0.79354,0.79364,3.00,1.25
2017.09.21 12:17:28.107,0.79353,0.79364,3.45,1.25
2017.09.21 12:17:28.807,0.79353,0.79364,4.31,1.31
2017.09.21 12:17:29.363,0.79353,0.79364,3.64,2.06
2017.09.21 12:17:30.024,0.79354,0.79364,3.82,1.13
2017.09.21 12:17:31.126,0.79353,0.79364,6.82,1.25
2017.09.21 12:17:32.088,0.79354,0.79364,4.95,1.13
2017.09.21 12:17:32.749,0.79354,0.79364,3.26,1.25
2017.09.21 12:17:33.257,0.79354,0.79364,2.70,1.13
2017.09.21 12:17:33.617,0.79353,0.79364,4.69,2.63
2017.09.21 12:17:33.669,0.79357,0.79361,1.00,1.00
2017.09.21 12:17:33.822,0.79357,0.79363,1.00,1.00
2017.09.21 12:17:34.333,0.79357,0.79364,1.00,1.00
2017.09.21 12:17:35.775,0.79358,0.79364,1.00,1.00
2017.09.21 12:17:36.313,0.79357,0.79364,1.00,1.00
2017.09.21 12:17:38.196,0.79357,0.79366,1.00,1.50
2017.09.21 12:17:38.638,0.79355,0.79364,1.87,1.00
2017.09.21 12:17:39.385,0.79358,0.79364,1.00,1.00
2017.09.21 12:17:40.102,0.79358,0.79366,1.00,2.33
2017.09.21 12:17:40.613,0.79357,0.79365,1.00,1.00
2017.09.21 12:17:41.206,0.79356,0.79365,1.12,3.94
2017.09.21 12:17:43.348,0.79357,0.79365,1.00,1.00
2017.09.21 12:17:43.507,0.7936,0.79365,1.00,1.00
2017.09.21 12:17:43.609,0.7936,0.79367,1.50,1.50
2017.09.21 12:17:43.712,0.79362,0.79369,1.00,1.00
2017.09.21 12:17:44.270,0.79363,0.79372,1.12,2.70
2017.09.21 12:17:44.323,0.79365,0.79372,1.50,1.12
2017.09.21 12:17:44.834,0.79364,0.79373,1.01,1.00
2017.09.21 12:17:45.209,0.79369,0.79374,1.00,1.00
2017.09.21 12:17:45.260,0.79367,0.79375,3.19,1.00
2017.09.21 12:17:45.312,0.7937,0.79378,1.00,4.76
2017.09.21 12:17:45.568,0.79362,0.79371,1.76,1.00
2017.09.21 12:17:45.724,0.79364,0.79373,1.50,1.31
2017.09.21 12:17:46.064,0.79367,0.79374,1.37,1.00
2017.09.21 12:17:46.166,0.79367,0.79376,1.37,1.12
2017.09.21 12:17:46.268,0.79368,0.79378,1.12,1.20
2017.09.21 12:17:46.384,0.79369,0.79374,1.00,1.00
2017.09.21 12:17:46.450,0.79366,0.79373,1.95,1.00
2017.09.21 12:17:46.813,0.79368,0.79374,1.50,1.00
2017.09.21 12:17:46.865,0.79369,0.79376,1.00,1.00
2017.09.21 12:17:46.998,0.79369,0.79379,1.87,4.01
2017.09.21 12:17:47.179,0.79369,0.79374,1.37,1.00
2017.09.21 12:17:47.383,0.79367,0.79374,1.87,1.00
2017.09.21 12:17:47.892,0.79367,0.79373,1.37,1.00
2017.09.21 12:17:48.211,0.79366,0.79371,1.00,1.00
2017.09.21 12:17:48.543,0.79363,0.79371,1.62,1.00
2017.09.21 12:17:48.595,0.79363,0.79369,1.62,1.00
2017.09.21 12:17:48.782,0.79361,0.79369,4.50,1.50
2017.09.21 12:17:48.834,0.7936,0.79365,2.25,1.00
2017.09.21 12:17:49.194,0.79359,0.79369,2.25,1.10
2017.09.21 12:17:49.248,0.79363,0.79368,1.00,2.63
2017.09.21 12:17:49.650,0.79362,0.7937,1.87,1.00
2017.09.21 12:17:50.159,0.79363,0.7937,1.50,1.00
2017.09.21 12:17:51.250,0.79363,0.79371,1.37,1.00
2017.09.21 12:17:51.352,0.79363,0.79369,1.37,1.00
2017.09.21 12:17:51.877,0.79364,0.7937,1.12,1.00
2017.09.21 12:17:52.437,0.79364,0.79372,1.12,1.00
2017.09.21 12:17:53.661,0.79364,0.79373,3.19,1.00
2017.09.21 12:17:53.713,0.79365,0.79373,2.06,1.00
2017.09.21 12:17:54.225,0.79364,0.79372,2.62,1.00
2017.09.21 12:17:54.573,0.79364,0.7937,1.50,1.00
2017.09.21 12:17:55.353,0.79364,0.7937,1.87,1.00
2017.09.21 12:17:55.506,0.79365,0.79372,1.37,1.00
2017.09.21 12:17:57.088,0.79364,0.79371,1.12,1.00
2017.09.21 12:17:57.599,0.79364,0.79372,1.87,1.00
2017.09.21 12:17:58.140,0.79366,0.79373,2.25,1.00
2017.09.21 12:17:58.648,0.79364,0.79372,3.82,1.00
2017.09.21 12:17:58.974,0.79363,0.79372,3.64,1.00
2017.09.21 12:17:59.140,0.79363,0.7937,4.01,1.00
2017.09.21 12:17:59.827,0.79363,0.7937,4.01,1.00
2017.09.21 12:18:00.263,0.79365,0.79372,2.81,1.00
2017.09.21 12:18:00.797,0.79363,0.79372,6.56,1.00
2017.09.21 12:18:00.951,0.79363,0.7937,3.19,1.00
2017.09.21 12:18:01.651,0.79364,0.7937,1.00,1.00
2017.09.21 12:18:02.228,0.79362,0.7937,2.51,1.00
2017.09.21 12:18:02.537,0.79357,0.79366,1.39,1.00
2017.09.21 12:18:02.997,0.79356,0.79366,3.26,1.00
2017.09.21 12:18:03.551,0.79356,0.79365,3.64,1.00
2017.09.21 12:18:04.093,0.79356,0.79365,4.20,1.00
2017.09.21 12:18:04.144,0.79358,0.79366,1.00,1.00
2017.09.21 12:18:04.786,0.79359,0.79367,1.00,1.12
2017.09.21 12:18:05.143,0.79358,0.79365,2.14,1.00
2017.09.21 12:18:05.685,0.79358,0.79366,1.57,1.00
2017.09.21 12:18:06.206,0.79358,0.79366,1.50,2.25
2017.09.21 12:18:06.590,0.79358,0.79364,1.50,1.25
2017.09.21 12:18:06.970,0.79357,0.79364,1.12,1.88
2017.09.21 12:18:08.521,0.79358,0.79366,1.57,1.25
2017.09.21 12:18:08.573,0.7936,0.79369,1.10,2.44
2017.09.21 12:18:09.163,0.79361,0.7937,1.95,1.69
2017.09.21 12:18:09.727,0.79362,0.7937,1.87,1.00
2017.09.21 12:18:11.650,0.79361,0.7937,1.50,1.00
2017.09.21 12:18:12.259,0.79361,0.7937,3.45,2.44
2017.09.21 12:18:12.533,0.79363,0.7937,1.12,2.25
2017.09.21 12:18:12.585,0.79363,0.79372,1.57,1.00
2017.09.21 12:18:12.791,0.79364,0.79372,1.76,1.00
2017.09.21 12:18:14.022,0.79367,0.79375,1.00,1.87
2017.09.21 12:18:14.124,0.79368,0.79376,1.31,1.00
2017.09.21 12:18:14.629,0.79367,0.79375,1.20,1.00
2017.09.21 12:18:15.403,0.79366,0.79375,1.39,1.00
2017.09.21 12:18:15.917,0.79366,0.79376,1.76,1.00
2017.09.21 12:18:16.215,0.79368,0.79373,1.95,1.00
2017.09.21 12:18:16.370,0.79366,0.79375,1.01,1.00
2017.09.21 12:18:16.626,0.79368,0.79376,1.00,2.06
2017.09.21 12:18:17.167,0.79367,0.79375,1.12,4.13
2017.09.21 12:18:17.320,0.79368,0.79376,1.10,1.50
2017.09.21 12:18:17.678,0.79366,0.79375,1.39,1.00
2017.09.21 12:18:18.370,0.79367,0.79376,1.20,1.12
2017.09.21 12:18:18.421,0.7937,0.79377,1.00,1.69
2017.09.21 12:18:18.679,0.79368,0.79375,1.00,1.50
2017.09.21 12:18:18.730,0.7937,0.79376,1.00,1.00
2017.09.21 12:18:19.064,0.7937,0.79375,1.00,1.38
2017.09.21 12:18:19.318,0.79368,0.79376,1.00,8.25
2017.09.21 12:18:20.870,0.79368,0.79376,1.00,4.50
2017.09.21 12:18:21.434,0.79369,0.79376,1.00,3.00
2017.09.21 12:18:21.966,0.79369,0.79377,1.00,6.26
2017.09.21 12:18:22.560,0.7937,0.79375,1.00,1.87
2017.09.21 12:18:23.578,0.7937,0.79375,1.00,3.56
2017.09.21 12:18:24.080,0.7937,0.79375,1.00,1.87
2017.09.21 12:18:26.891,0.7937,0.79374,1.00,1.25
2017.09.21 12:18:27.160,0.79367,0.79373,1.00,1.00
2017.09.21 12:18:27.762,0.79368,0.79374,1.00,2.06
2017.09.21 12:18:28.374,0.79368,0.79374,1.00,1.95
2017.09.21 12:18:28.886,0.79367,0.79374,1.00,3.19
2017.09.21 12:18:29.664,0.7937,0.79374,1.00,1.00
2017.09.21 12:18:29.766,0.79367,0.79374,1.00,1.00
2017.09.21 12:18:30.301,0.79367,0.79375,1.00,3.37
2017.09.21 12:18:31.337,0.79367,0.79374,1.00,1.25
2017.09.21 12:18:32.000,0.79367,0.79375,1.00,5.62
2017.09.21 12:18:32.556,0.79368,0.79375,1.00,3.00
2017.09.21 12:18:33.294,0.79368,0.79374,1.00,1.00
2017.09.21 12:18:33.945,0.79366,0.79374,1.00,1.25
2017.09.21 12:18:34.545,0.79366,0.79373,1.00,1.00
2017.09.21 12:18:35.804,0.79366,0.79374,1.00,1.00
2017.09.21 12:18:36.456,0.79366,0.79373,1.00,1.00
2017.09.21 12:18:37.380,0.79366,0.79374,1.00,2.25
2017.09.21 12:18:37.943,0.79366,0.79373,1.00,1.00
2017.09.21 12:18:38.094,0.79366,0.79375,1.00,3.37
2017.09.21 12:18:38.993,0.79368,0.79375,1.00,3.19
2017.09.21 12:18:39.503,0.79368,0.79377,1.00,6.45
2017.09.21 12:18:40.012,0.79369,0.79376,1.00,2.89
2017.09.21 12:18:40.599,0.79369,0.79375,1.00,3.19
2017.09.21 12:18:41.426,0.79369,0.79376,1.00,4.31
2017.09.21 12:18:42.748,0.79368,0.79374,1.00,1.00
2017.09.21 12:18:43.362,0.79368,0.79375,1.00,1.00
2017.09.21 12:18:43.905,0.79367,0.79375,1.00,1.50
2017.09.21 12:18:44.450,0.79367,0.79374,1.00,1.00
2017.09.21 12:18:45.064,0.79367,0.79375,1.00,1.12
2017.09.21 12:18:45.941,0.79367,0.79374,1.00,1.00
2017.09.21 12:18:46.489,0.79367,0.79375,1.00,1.00
2017.09.21 12:18:48.845,0.79367,0.79373,1.00,1.00
2017.09.21 12:18:49.177,0.79367,0.79375,1.00,1.87
2017.09.21 12:18:49.795,0.79367,0.79374,1.00,1.00
2017.09.21 12:18:50.739,0.79367,0.79375,1.00,1.87
2017.09.21 12:18:50.792,0.79367,0.79373,1.00,1.00
2017.09.21 12:18:51.316,0.79367,0.79374,1.00,1.12
2017.09.21 12:18:51.912,0.79367,0.79373,1.00,1.00
2017.09.21 12:18:52.963,0.79367,0.79374,1.00,1.12
2017.09.21 12:18:53.532,0.79367,0.79373,1.00,1.00
2017.09.21 12:18:54.046,0.79367,0.79374,1.00,1.00
2017.09.21 12:18:55.219,0.79367,0.79373,1.00,1.00
2017.09.21 12:18:55.906,0.79367,0.79374,1.00,1.00
2017.09.21 12:18:56.666,0.79367,0.79373,1.00,1.00
2017.09.21 12:18:57.255,0.79367,0.79374,1.00,1.00
2017.09.21 12:18:57.794,0.79367,0.79373,1.00,1.00
2017.09.21 12:18:58.296,0.79367,0.79374,1.00,1.00
2017.09.21 12:18:58.347,0.79365,0.79374,1.00,1.50
2017.09.21 12:18:58.898,0.79366,0.79374,1.00,1.00
2017.09.21 12:19:00.028,0.79365,0.79374,1.00,1.87
2017.09.21 12:19:00.599,0.79365,0.79373,1.00,1.50
2017.09.21 12:19:01.695,0.79366,0.79374,1.00,1.00
2017.09.21 12:19:02.238,0.79366,0.79373,1.00,1.00
2017.09.21 12:19:02.341,0.79363,0.79369,1.69,1.00
2017.09.21 12:19:02.495,0.79359,0.79367,1.00,2.62
2017.09.21 12:19:03.024,0.79359,0.79366,1.00,1.10
2017.09.21 12:19:03.568,0.79359,0.79365,1.00,1.00
2017.09.21 12:19:04.601,0.79359,0.79364,1.00,1.00
2017.09.21 12:19:04.856,0.79359,0.79366,1.00,1.31
2017.09.21 12:19:05.450,0.79359,0.79366,1.00,3.45
2017.09.21 12:19:06.013,0.79358,0.79366,1.00,5.14
2017.09.21 12:19:06.759,0.79358,0.79366,1.00,1.95
2017.09.21 12:19:07.601,0.79358,0.79365,1.00,1.00
2017.09.21 12:19:07.654,0.79356,0.79365,1.00,1.69
2017.09.21 12:19:08.490,0.79354,0.79359,1.87,3.56
2017.09.21 12:19:08.543,0.79347,0.79351,2.62,1.00
2017.09.21 12:19:08.646,0.79342,0.7935,1.87,1.25
2017.09.21 12:19:08.799,0.79344,0.79351,1.00,2.25
2017.09.21 12:19:09.003,0.79344,0.79353,2.25,2.25
2017.09.21 12:19:09.455,0.79346,0.79353,1.00,1.25
2017.09.21 12:19:09.608,0.79346,0.79355,1.00,3.07
2017.09.21 12:19:10.146,0.79348,0.79355,1.00,3.07
2017.09.21 12:19:10.822,0.79348,0.79355,1.00,1.95
2017.09.21 12:19:11.945,0.79347,0.79356,1.00,1.95
2017.09.21 12:19:12.047,0.79347,0.79356,1.25,2.14
2017.09.21 12:19:12.626,0.79348,0.79358,1.00,6.11
2017.09.21 12:19:13.164,0.79347,0.79355,1.00,1.50
2017.09.21 12:19:13.691,0.79347,0.79354,1.00,1.00
2017.09.21 12:19:14.205,0.79347,0.79355,1.00,1.10
2017.09.21 12:19:14.752,0.79348,0.79355,1.00,1.95
2017.09.21 12:19:15.523,0.79344,0.79352,1.76,1.00
2017.09.21 12:19:19.592,0.79344,0.79352,3.08,1.00
2017.09.21 12:19:20.100,0.79344,0.79352,3.26,1.00
2017.09.21 12:19:20.449,0.79346,0.79352,2.44,1.00
2017.09.21 12:19:20.982,0.79344,0.79352,2.14,1.00
2017.09.21 12:19:23.220,0.79345,0.79352,2.06,1.00
2017.09.21 12:19:23.798,0.79344,0.79352,4.50,1.00
2017.09.21 12:19:24.342,0.79345,0.79352,1.44,1.00
2017.09.21 12:19:24.852,0.79344,0.79352,4.50,1.00
2017.09.21 12:19:25.643,0.79348,0.79355,1.00,1.00
2017.09.21 12:19:26.275,0.79348,0.79356,1.00,8.55
2017.09.21 12:19:26.789,0.79348,0.79355,1.00,1.58
2017.09.21 12:19:27.810,0.79348,0.79354,1.00,1.13
2017.09.21 12:19:28.679,0.79348,0.79355,1.00,1.20
2017.09.21 12:19:28.731,0.79344,0.79353,1.19,1.00
2017.09.21 12:19:31.975,0.79343,0.79353,2.44,1.37
2017.09.21 12:19:34.195,0.79343,0.79353,2.06,1.69
2017.09.21 12:19:34.698,0.79343,0.79352,2.06,1.25
2017.09.21 12:19:35.243,0.79343,0.79353,2.06,1.69
2017.09.21 12:19:35.908,0.79343,0.79353,2.06,2.06
2017.09.21 12:19:38.652,0.79343,0.79349,2.06,1.00
2017.09.21 12:19:38.954,0.79343,0.79349,2.06,2.62
2017.09.21 12:19:39.006,0.79343,0.7935,2.06,1.10
2017.09.21 12:19:39.513,0.79343,0.79351,2.06,1.50
2017.09.21 12:19:40.057,0.79343,0.7935,2.06,1.00
2017.09.21 12:19:40.613,0.79343,0.79351,2.06,1.12
2017.09.21 12:19:40.767,0.79343,0.79347,2.06,3.07
2017.09.21 12:19:40.920,0.79333,0.79343,2.47,3.00
2017.09.21 12:19:41.022,0.79333,0.7934,2.10,1.00
2017.09.21 12:19:41.125,0.79328,0.79336,3.37,1.25
2017.09.21 12:19:41.177,0.79327,0.79336,1.47,2.06
2017.09.21 12:19:41.431,0.79324,0.79335,2.32,1.20
2017.09.21 12:19:41.934,0.79324,0.79336,233.66,3.45
2017.09.21 12:19:42.129,0.79326,0.79335,1.50,1.57
2017.09.21 12:19:42.435,0.79326,0.79337,1.10,1.20
2017.09.21 12:19:42.981,0.79327,0.79337,2.63,1.12
2017.09.21 12:19:43.510,0.79325,0.79337,593.92,1.13
2017.09.21 12:19:44.285,0.79325,0.79336,748.80,1.88
2017.09.21 12:19:44.807,0.79325,0.79336,864.26,4.01
2017.09.21 12:19:45.158,0.79323,0.79332,943.61,2.44
2017.09.21 12:19:46.289,0.79323,0.79331,1192.95,1.25
2017.09.21 12:19:46.805,0.79324,0.79331,1324.57,2.81
2017.09.21 12:19:46.907,0.79323,0.79333,1.87,1.10
2017.09.21 12:19:47.423,0.79323,0.79335,1471.50,2.33
2017.09.21 12:19:47.678,0.79327,0.79335,1.00,1.00
2017.09.21 12:19:47.832,0.79329,0.7934,4.50,2.33
2017.09.21 12:19:48.275,0.79333,0.79341,2.10,4.88
2017.09.21 12:19:48.803,0.79333,0.79341,2.10,1.13
2017.09.21 12:19:49.534,0.79333,0.79343,2.10,5.14
2017.09.21 12:19:53.502,0.79333,0.7934,2.10,1.13
2017.09.21 12:19:53.910,0.79333,0.79338,2.10,1.25
2017.09.21 12:19:54.125,0.79333,0.79341,2.10,4.01
2017.09.21 12:19:54.638,0.79329,0.79337,2574.19,1.19
2017.09.21 12:19:54.792,0.79327,0.79337,2613.60,1.31
2017.09.21 12:19:55.296,0.79326,0.79336,2718.52,2.14
2017.09.21 12:19:55.451,0.79324,0.79334,1.87,1.20
2017.09.21 12:19:55.605,0.79323,0.79332,2798.44,1.25
2017.09.21 12:19:56.145,0.79323,0.79334,2915.96,2.89
2017.09.21 12:19:56.434,0.79323,0.79332,2982.15,1.00
2017.09.21 12:19:56.958,0.79323,0.79333,3100.24,1.00
2017.09.21 12:19:57.485,0.79323,0.79332,3153.07,1.00
2017.09.21 12:19:58.168,0.79323,0.79333,3310.84,1.00
2017.09.21 12:19:58.493,0.79328,0.79338,3.19,1.95
2017.09.21 12:19:58.687,0.79331,0.79339,1.25,1.00
2017.09.21 12:19:58.891,0.79333,0.79339,2.10,1.00
2017.09.21 12:19:59.431,0.79333,0.79341,2.10,1.01
2017.09.21 12:19:59.636,0.79329,0.79333,2.62,1.00
2017.09.21 12:19:59.738,0.79325,0.79329,1.00,1.00
2017.09.21 12:19:59.853,0.79324,0.79329,1435.42,1.00
2017.09.21 12:19:59.905,0.79322,0.79332,1440.71,2.06
2017.09.21 12:20:00.111,0.7932,0.79327,1463.44,1.00
2017.09.21 12:20:00.421,0.7932,0.79332,4.58,1.87
2017.09.21 12:20:00.750,0.79322,0.79333,3.56,1.10
2017.09.21 12:20:01.809,0.79323,0.79333,1.50,1.00
2017.09.21 12:20:02.331,0.79322,0.79333,3.19,1.69
2017.09.21 12:20:02.434,0.79325,0.79332,1.87,1.00
2017.09.21 12:20:02.968,0.79324,0.79333,1225.69,1.50
2017.09.21 12:20:03.493,0.79324,0.79333,1.12,1.37
2017.09.21 12:20:04.037,0.79324,0.79334,1284.37,1.12
2017.09.21 12:20:04.089,0.79326,0.79336,1.25,1.57
2017.09.21 12:20:04.345,0.79324,0.79334,1305.37,3.56
2017.09.21 12:20:04.858,0.79323,0.79334,1341.08,1.10
2017.09.21 12:20:05.207,0.79325,0.79334,1.00,1.12
2017.09.21 12:20:05.723,0.79327,0.79332,1.00,1.00
2017.09.21 12:20:06.165,0.79328,0.79337,2.25,2.06
2017.09.21 12:20:06.675,0.79327,0.79337,1451.25,1.69
2017.09.21 12:20:07.334,0.79326,0.79333,1485.75,1.00
2017.09.21 12:20:07.968,0.79326,0.79334,1514.25,1.00
2017.09.21 12:20:08.499,0.79327,0.79334,1.00,1.00
2017.09.21 12:20:09.169,0.79326,0.79334,1574.25,1.00
2017.09.21 12:20:09.811,0.79327,0.79333,1593.19,1.00
2017.09.21 12:20:10.325,0.79327,0.79334,1190.62,1.00
2017.09.21 12:20:11.143,0.79326,0.79334,1217.81,1.00
2017.09.21 12:20:11.451,0.79329,0.79337,1.88,1.12
2017.09.21 12:20:11.993,0.79329,0.79339,1.69,2.44
2017.09.21 12:20:12.499,0.79329,0.7934,1.00,4.01
2017.09.21 12:20:13.667,0.79329,0.79339,1.25,1.00
2017.09.21 12:20:15.432,0.79329,0.79339,1.69,2.44
2017.09.21 12:20:15.636,0.79327,0.79338,3.19,1.69
2017.09.21 12:20:16.147,0.79327,0.79337,1431.19,2.25
2017.09.21 12:20:16.462,0.79326,0.79337,1446.37,7.20
2017.09.21 12:20:16.973,0.79326,0.79333,1472.81,1.00
2017.09.21 12:20:17.373,0.79324,0.79331,1487.44,1.00
2017.09.21 12:20:18.133,0.79324,0.79332,1524.00,1.50
2017.09.21 12:20:18.676,0.79324,0.79331,1542.37,1.00
2017.09.21 12:20:19.220,0.79325,0.79331,1563.37,1.00
2017.09.21 12:20:19.526,0.79323,0.79331,1579.12,1.20
2017.09.21 12:20:20.036,0.79323,0.79331,1605.56,3.07
2017.09.21 12:20:20.548,0.79322,0.79331,1629.00,1.20
2017.09.21 12:20:21.064,0.79323,0.7933,1655.25,1.00
2017.09.21 12:20:21.581,0.79322,0.79331,1676.25,1.10
2017.09.21 12:20:22.099,0.79322,0.7933,1702.88,1.00
2017.09.21 12:20:22.634,0.79323,0.79331,1720.87,1.57
2017.09.21 12:20:23.375,0.79322,0.79331,1736.62,1.10
2017.09.21 12:20:24.002,0.79322,0.79331,1761.38,1.20
2017.09.21 12:20:24.605,0.79322,0.79331,1788.19,1.20
2017.09.21 12:20:25.148,0.79323,0.79332,1812.75,2.32
2017.09.21 12:20:25.658,0.79322,0.79331,1832.06,1.20
2017.09.21 12:20:26.843,0.79323,0.79332,1328.63,1.20
2017.09.21 12:20:27.359,0.79323,0.79331,1343.44,1.00
2017.09.21 12:20:27.989,0.79322,0.79332,1354.50,1.00
2017.09.21 12:20:28.548,0.79323,0.79332,1369.50,1.00
2017.09.21 12:20:29.056,0.79322,0.79332,1379.06,1.12
2017.09.21 12:20:30.643,0.79323,0.79332,1.25,1.12
2017.09.21 12:20:31.977,0.79323,0.79332,1.00,1.50
2017.09.21 12:20:32.488,0.79322,0.79332,1.00,1.50
2017.09.21 12:20:33.023,0.79323,0.79331,1.00,1.12
2017.09.21 12:20:33.531,0.79322,0.79331,1.25,1.12
2017.09.21 12:20:34.084,0.79323,0.79332,1.00,1.00
2017.09.21 12:20:34.665,0.79322,0.79332,1.25,2.25
2017.09.21 12:20:35.214,0.79323,0.79332,1.00,1.00
2017.09.21 12:20:35.730,0.79319,0.79328,1.50,2.33
2017.09.21 12:20:36.034,0.79317,0.79326,3.19,3.00
2017.09.21 12:20:36.676,0.79317,0.79326,1.69,2.25
2017.09.21 12:20:37.207,0.79316,0.79326,7.31,2.25
2017.09.21 12:20:37.562,0.79317,0.79326,2.63,3.00
2017.09.21 12:20:37.866,0.79315,0.79322,1.12,1.00
2017.09.21 12:20:38.170,0.79313,0.79322,1.50,1.20
2017.09.21 12:20:38.677,0.79314,0.79322,2.44,1.95
2017.09.21 12:20:39.240,0.79315,0.79323,1.25,2.62
2017.09.21 12:20:39.647,0.79314,0.79322,3.38,1.20
2017.09.21 12:20:40.146,0.79313,0.79322,3.75,1.07
2017.09.21 12:20:40.678,0.79313,0.79323,3.19,2.70
2017.09.21 12:20:41.188,0.79314,0.79323,1.00,1.12
2017.09.21 12:20:42.062,0.79313,0.79323,1.50,1.12
2017.09.21 12:20:42.113,0.79319,0.79323,1.00,1.12
2017.09.21 12:20:42.318,0.79322,0.79329,1.19,1.00
2017.09.21 12:20:42.728,0.79321,0.79332,1.50,5.62
2017.09.21 12:20:43.291,0.79322,0.7933,1.00,1.00
2017.09.21 12:20:43.915,0.79321,0.7933,1.25,1.00
2017.09.21 12:20:44.576,0.79321,0.79331,1.00,1.00
2017.09.21 12:20:45.623,0.7932,0.79331,1.01,1.00
2017.09.21 12:20:46.139,0.7932,0.79331,3.64,3.37
2017.09.21 12:20:46.660,0.79321,0.7933,1.00,1.00
2017.09.21 12:20:47.286,0.79321,0.79331,1.12,1.12
2017.09.21 12:20:48.165,0.79321,0.79333,2.25,4.01
2017.09.21 12:20:49.844,0.79323,0.79333,1.50,1.95
2017.09.21 12:20:50.395,0.79322,0.79334,1.39,2.70
2017.09.21 12:20:51.260,0.79322,0.79333,2.14,2.32
2017.09.21 12:20:51.665,0.79321,0.79332,2.06,1.12
2017.09.21 12:20:52.305,0.79321,0.79332,2.25,2.25
2017.09.21 12:20:53.090,0.79321,0.79333,1.31,2.32
2017.09.21 12:20:53.624,0.79321,0.79332,1.31,1.31
2017.09.21 12:20:54.239,0.79321,0.79332,2.06,1.12
2017.09.21 12:20:54.894,0.79321,0.79332,2.81,2.06
2017.09.21 12:20:55.621,0.79321,0.79332,3.75,1.31
2017.09.21 12:20:56.941,0.79321,0.79332,1.88,1.20
2017.09.21 12:20:57.360,0.79322,0.79329,2.25,1.00
2017.09.21 12:20:57.563,0.79318,0.79328,3.56,1.95
2017.09.21 12:20:58.019,0.79318,0.79328,2.81,5.32
2017.09.21 12:20:58.799,0.79317,0.79327,2.81,1.57
2017.09.21 12:20:59.238,0.79314,0.79319,1.31,1.50
2017.09.21 12:20:59.443,0.79309,0.79318,1.50,1.00
2017.09.21 12:20:59.494,0.79311,0.79318,1.00,1.50
2017.09.21 12:20:59.597,0.79309,0.79318,2.44,1.88
2017.09.21 12:20:59.699,0.7931,0.79317,2.44,1.00
2017.09.21 12:20:59.750,0.7931,0.79319,2.81,1.00
2017.09.21 12:21:00.269,0.7931,0.79321,1.50,1.95
2017.09.21 12:21:00.766,0.79309,0.79317,2.25,1.69
2017.09.21 12:21:00.867,0.79308,0.79317,1.31,1.25
2017.09.21 12:21:01.373,0.79308,0.79317,1.44,1.50
2017.09.21 12:21:01.525,0.79311,0.79317,1.00,1.00
2017.09.21 12:21:01.627,0.79309,0.79319,1.31,1.57
2017.09.21 12:21:02.154,0.79307,0.79318,3.00,6.82
2017.09.21 12:21:02.762,0.79308,0.79318,1.19,3.45
2017.09.21 12:21:03.066,0.79307,0.79318,3.94,5.14
2017.09.21 12:21:03.116,0.79308,0.79317,2.44,1.50
2017.09.21 12:21:03.452,0.79307,0.79317,3.56,1.07
2017.09.21 12:21:03.964,0.79308,0.79317,2.25,3.82
2017.09.21 12:21:04.639,0.79307,0.79318,1.00,6.07
2017.09.21 12:21:05.175,0.79307,0.79315,1.31,1.00
2017.09.21 12:21:05.752,0.79307,0.79316,1.87,1.20
2017.09.21 12:21:06.277,0.79308,0.79317,1.00,1.95
2017.09.21 12:21:07.457,0.79308,0.79318,3.19,3.45
2017.09.21 12:21:07.559,0.79309,0.79318,1.31,1.57
2017.09.21 12:21:08.068,0.79309,0.79318,1.50,1.47
2017.09.21 12:21:08.220,0.79307,0.79317,3.19,1.87
2017.09.21 12:21:08.271,0.79307,0.79318,2.81,4.57
2017.09.21 12:21:09.029,0.79308,0.79317,1.50,1.95
2017.09.21 12:21:10.701,0.79309,0.79317,1.25,4.87
2017.09.21 12:21:11.207,0.79309,0.79318,1.50,3.82
2017.09.21 12:21:11.725,0.79308,0.79316,2.44,1.10
2017.09.21 12:21:11.978,0.79309,0.79319,2.44,2.32
2017.09.21 12:21:12.969,0.79309,0.79319,2.44,1.50
2017.09.21 12:21:13.619,0.79309,0.79318,1.50,1.87
2017.09.21 12:21:13.974,0.79308,0.79317,2.44,2.25
2017.09.21 12:21:14.502,0.79307,0.79317,1.31,3.07
2017.09.21 12:21:14.807,0.79311,0.79319,1.00,1.12
2017.09.21 12:21:15.111,0.79308,0.79317,3.00,2.25
2017.09.21 12:21:15.364,0.79307,0.79318,4.50,4.57
2017.09.21 12:21:15.465,0.79308,0.79318,1.87,1.12
2017.09.21 12:21:15.972,0.79308,0.79319,3.19,1.00
2017.09.21 12:21:16.289,0.79306,0.79316,1.62,1.00
2017.09.21 12:21:17.472,0.79306,0.79315,2.25,1.00
2017.09.21 12:21:17.838,0.79306,0.79313,1.00,1.00
2017.09.21 12:21:17.990,0.79303,0.79313,1.39,1.25
2017.09.21 12:21:18.598,0.79302,0.79314,2.81,1.57
2017.09.21 12:21:19.231,0.79303,0.79314,1.50,1.47
2017.09.21 12:21:19.818,0.79302,0.79313,1.88,1.31
2017.09.21 12:21:20.401,0.79302,0.79313,2.06,1.12
2017.09.21 12:21:20.503,0.79302,0.79311,1.50,1.00
2017.09.21 12:21:21.671,0.79301,0.79312,1.87,1.47
2017.09.21 12:21:22.220,0.79302,0.79312,2.44,1.47
2017.09.21 12:21:22.763,0.79302,0.79313,3.94,1.95
2017.09.21 12:21:23.269,0.79303,0.79312,1.25,1.57
2017.09.21 12:21:24.302,0.79302,0.79312,4.69,1.10
2017.09.21 12:21:27.150,0.79302,0.79311,1.13,1.00
2017.09.21 12:21:27.455,0.79302,0.79307,1.13,1.10
2017.09.21 12:21:27.506,0.79298,0.79307,1.00,2.89
2017.09.21 12:21:28.020,0.79297,0.79307,2.06,1.50
2017.09.21 12:21:28.273,0.79296,0.79305,1.37,1.20
2017.09.21 12:21:28.427,0.79295,0.79305,1.87,1.20
2017.09.21 12:21:28.934,0.79294,0.79305,2.62,1.57
2017.09.21 12:21:29.531,0.79294,0.79303,1.50,1.25
2017.09.21 12:21:29.784,0.79293,0.79302,2.25,1.57
2017.09.21 12:21:30.290,0.79292,0.79302,3.75,1.20
2017.09.21 12:21:30.797,0.79293,0.79301,1.50,1.20
2017.09.21 12:21:31.255,0.79296,0.79302,1.00,6.07
2017.09.21 12:21:31.508,0.79298,0.79304,1.50,1.50
2017.09.21 12:21:31.610,0.79298,0.79302,1.00,1.00
2017.09.21 12:21:31.970,0.79296,0.79302,2.25,1.50
2017.09.21 12:21:32.122,0.79292,0.79301,1.00,1.87
2017.09.21 12:21:32.173,0.7929,0.79298,1.50,1.00
2017.09.21 12:21:32.546,0.79292,0.79303,1.00,1.20
2017.09.21 12:21:33.003,0.79294,0.79303,1.00,1.12
2017.09.21 12:21:33.155,0.79292,0.79303,4.20,1.20
2017.09.21 12:21:33.671,0.79292,0.79303,1.13,1.76
2017.09.21 12:21:33.874,0.79291,0.79297,1.00,1.00
2017.09.21 12:21:33.925,0.79289,0.79298,1.10,1.87
2017.09.21 12:21:34.119,0.79291,0.79297,1.00,1.12
2017.09.21 12:21:34.171,0.79287,0.79297,3.82,1.12
2017.09.21 12:21:34.728,0.79287,0.79297,2.25,3.83
2017.09.21 12:21:35.234,0.79286,0.79297,3.37,1.33
2017.09.21 12:21:35.611,0.79284,0.79295,3.75,1.00
2017.09.21 12:21:36.145,0.79285,0.79295,2.25,1.00
2017.09.21 12:21:37.263,0.79284,0.79295,3.75,1.00
2017.09.21 12:21:37.822,0.79286,0.79296,3.56,1.57
2017.09.21 12:21:38.330,0.79288,0.79296,1.00,1.00
2017.09.21 12:21:38.837,0.79287,0.79296,2.44,1.00
2017.09.21 12:21:39.140,0.79284,0.79293,1.50,1.00
2017.09.21 12:21:39.681,0.79284,0.79294,4.39,1.00
2017.09.21 12:21:40.661,0.79285,0.79295,1.12,1.57
2017.09.21 12:21:42.252,0.79288,0.79297,4.12,1.00
2017.09.21 12:21:42.557,0.79288,0.79295,1.00,1.00
2017.09.21 12:21:42.660,0.79286,0.79295,1.00,1.10
2017.09.21 12:21:43.253,0.79287,0.79295,1.00,1.20
2017.09.21 12:21:43.763,0.79286,0.79295,1.00,1.20
2017.09.21 12:21:44.476,0.79287,0.79295,1.00,1.10
2017.09.21 12:21:45.084,0.79286,0.79295,1.00,1.10
2017.09.21 12:21:45.756,0.79287,0.79295,1.00,1.01
2017.09.21 12:21:46.287,0.79285,0.79295,1.12,1.10
2017.09.21 12:21:46.810,0.79284,0.79295,2.81,3.26
2017.09.21 12:21:47.959,0.79284,0.79295,1.87,1.76
2017.09.21 12:21:48.484,0.79285,0.79295,1.00,1.76
2017.09.21 12:21:48.990,0.79284,0.79295,3.37,1.95
2017.09.21 12:21:49.555,0.79285,0.79295,1.00,2.14
2017.09.21 12:21:50.084,0.79284,0.79295,1.00,4.39
2017.09.21 12:21:50.591,0.79283,0.79296,1.25,5.89
2017.09.21 12:21:51.097,0.79283,0.79295,1.31,1.10
2017.09.21 12:21:51.905,0.79283,0.79295,4.31,3.45
2017.09.21 12:21:52.523,0.79284,0.79295,1.00,3.07
2017.09.21 12:21:53.128,0.79284,0.79295,1.12,5.14
2017.09.21 12:21:53.714,0.79283,0.79295,2.81,2.32
2017.09.21 12:21:53.955,0.79287,0.79295,1.00,1.20
2017.09.21 12:21:54.159,0.79287,0.79298,2.44,5.70
2017.09.21 12:21:54.261,0.79287,0.79298,2.44,3.07
2017.09.21 12:21:54.773,0.79287,0.79297,3.94,2.25
2017.09.21 12:21:55.126,0.7929,0.79298,1.00,2.32
2017.09.21 12:21:55.697,0.7929,0.79299,1.50,1.00
2017.09.21 12:21:56.561,0.7929,0.79299,1.37,1.00
2017.09.21 12:21:57.109,0.7929,0.793,2.06,1.12
2017.09.21 12:21:57.688,0.7929,0.793,1.69,1.00
2017.09.21 12:21:58.348,0.7929,0.79301,1.00,3.45
2017.09.21 12:21:58.889,0.7929,0.793,1.25,1.00
2017.09.21 12:21:59.521,0.7929,0.79301,1.00,3.45
2017.09.21 12:22:00.012,0.79292,0.79301,1.19,1.95
2017.09.21 12:22:00.063,0.7929,0.79302,2.44,3.82
2017.09.21 12:22:00.215,0.79293,0.79302,1.00,5.32
2017.09.21 12:22:00.569,0.79293,0.79302,1.00,1.00
2017.09.21 12:22:01.705,0.79293,0.79302,3.37,1.50
2017.09.21 12:22:02.211,0.79293,0.79302,1.50,1.20
2017.09.21 12:22:04.683,0.79292,0.79302,6.19,1.20
2017.09.21 12:22:05.358,0.79291,0.79302,5.89,2.32
2017.09.21 12:22:05.999,0.79292,0.79301,1.69,1.00
2017.09.21 12:22:06.629,0.79291,0.79302,5.89,2.14
2017.09.21 12:22:07.058,0.79294,0.79303,1.50,1.57
2017.09.21 12:22:07.210,0.79293,0.79304,1.25,2.70
2017.09.21 12:22:07.715,0.79293,0.79303,3.94,1.12
2017.09.21 12:22:08.251,0.79293,0.79304,1.50,2.70
2017.09.21 12:22:08.864,0.79293,0.79303,1.69,1.31
2017.09.21 12:22:08.915,0.79295,0.79305,1.00,2.70
2017.09.21 12:22:09.216,0.79298,0.79307,2.81,1.50
2017.09.21 12:22:10.412,0.79296,0.79308,4.50,7.58
2017.09.21 12:22:10.996,0.79298,0.79307,1.50,1.95
2017.09.21 12:22:11.157,0.79296,0.79306,5.81,1.00
2017.09.21 12:22:11.708,0.79297,0.79306,3.00,1.25
2017.09.21 12:22:12.182,0.79296,0.79303,1.00,1.00
2017.09.21 12:22:12.385,0.79289,0.79298,3.75,1.57
2017.09.21 12:22:12.957,0.7929,0.79297,1.00,2.25
2017.09.21 12:22:13.058,0.79288,0.79298,3.37,3.07
2017.09.21 12:22:13.291,0.79288,0.79296,2.44,1.00
2017.09.21 12:22:13.809,0.79288,0.79297,1.25,1.00
2017.09.21 12:22:14.337,0.79289,0.79297,1.00,2.25
2017.09.21 12:22:15.082,0.79288,0.79297,1.00,2.25
2017.09.21 12:22:17.413,0.7929,0.79297,2.25,1.00
2017.09.21 12:22:17.719,0.79288,0.79297,1.50,1.12
2017.09.21 12:22:18.259,0.79288,0.79297,1.25,2.70
2017.09.21 12:22:19.088,0.79287,0.79297,4.50,1.47
2017.09.21 12:22:19.563,0.79289,0.79297,1.00,1.95
2017.09.21 12:22:20.054,0.79292,0.79298,1.00,2.62
2017.09.21 12:22:20.156,0.7929,0.79297,1.00,1.12
2017.09.21 12:22:20.659,0.79289,0.79296,3.00,1.00
2017.09.21 12:22:20.963,0.79287,0.79296,5.81,1.00
2017.09.21 12:22:21.499,0.79288,0.79296,1.50,1.00
2017.09.21 12:22:22.058,0.79287,0.79296,4.76,1.00
2017.09.21 12:22:23.141,0.79287,0.79296,3.62,1.00
2017.09.21 12:22:23.708,0.79287,0.79296,2.87,1.00
2017.09.21 12:22:24.211,0.79286,0.79295,1.01,1.00
2017.09.21 12:22:24.768,0.79286,0.79294,1.31,1.00
2017.09.21 12:22:26.504,0.79284,0.79295,7.56,1.50
2017.09.21 12:22:27.167,0.79285,0.79294,3.06,1.00
2017.09.21 12:22:27.777,0.79285,0.79295,3.07,1.00
2017.09.21 12:22:27.928,0.79285,0.79293,2.51,1.00
2017.09.21 12:22:28.130,0.79282,0.79291,3.07,1.12
2017.09.21 12:22:28.657,0.79283,0.79292,1.00,1.00
2017.09.21 12:22:28.708,0.79285,0.79294,2.32,1.00
2017.09.21 12:22:29.164,0.79287,0.79294,1.12,1.00
2017.09.21 12:22:29.769,0.79286,0.79295,2.42,1.00
2017.09.21 12:22:30.295,0.79286,0.79294,1.93,1.00
2017.09.21 12:22:33.449,0.79285,0.79296,4.18,2.25
2017.09.21 12:22:34.037,0.79286,0.79296,2.12,1.87
2017.09.21 12:22:35.481,0.79286,0.79295,1.86,1.87
2017.09.21 12:22:36.160,0.79285,0.79294,1.67,1.00
2017.09.21 12:22:36.991,0.79284,0.79295,5.06,1.37
2017.09.21 12:22:39.350,0.79285,0.79294,3.38,1.12
2017.09.21 12:22:39.856,0.79285,0.79295,1.12,1.50
2017.09.21 12:22:43.660,0.79284,0.79295,2.25,1.50
2017.09.21 12:22:44.466,0.79284,0.79293,3.75,1.00
2017.09.21 12:22:44.990,0.79284,0.79294,1.12,1.12
2017.09.21 12:22:46.630,0.79284,0.79293,3.00,1.00
2017.09.21 12:22:47.667,0.79283,0.79294,6.26,1.12
2017.09.21 12:22:48.197,0.79284,0.79293,3.19,1.00
2017.09.21 12:22:48.788,0.79284,0.79293,1.50,1.00
2017.09.21 12:22:48.991,0.79285,0.79295,1.25,1.00
2017.09.21 12:22:49.409,0.79284,0.79293,4.12,1.00
2017.09.21 12:22:50.068,0.79283,0.79294,5.25,1.50
2017.09.21 12:22:50.929,0.79283,0.79294,3.75,1.12
2017.09.21 12:22:51.764,0.79284,0.79293,1.31,1.00
2017.09.21 12:22:52.610,0.79283,0.79294,3.19,1.12
2017.09.21 12:22:52.958,0.79289,0.79296,1.50,2.62
2017.09.21 12:22:53.060,0.79289,0.79297,2.44,3.75
2017.09.21 12:22:53.562,0.79289,0.79298,1.69,5.32
2017.09.21 12:22:54.074,0.79289,0.79297,1.69,1.87
2017.09.21 12:22:54.473,0.79288,0.79295,2.25,1.00
2017.09.21 12:22:55.021,0.79286,0.79295,5.62,1.00
2017.09.21 12:22:56.789,0.79284,0.79295,5.32,1.00
2017.09.21 12:22:57.839,0.79284,0.79296,3.82,3.00
2017.09.21 12:22:58.468,0.79286,0.79296,1.00,1.57
2017.09.21 12:22:59.095,0.79285,0.79295,2.06,1.00
2017.09.21 12:22:59.649,0.79285,0.79296,2.81,1.57
2017.09.21 12:23:00.198,0.79285,0.79295,3.56,1.00
2017.09.21 12:23:00.741,0.79285,0.79297,1.31,3.26
2017.09.21 12:23:01.268,0.79285,0.79297,1.30,5.51
2017.09.21 12:23:01.789,0.79285,0.79296,3.55,2.62
2017.09.21 12:23:02.296,0.79288,0.79297,1.00,3.75
2017.09.21 12:23:02.448,0.79289,0.79298,1.50,1.87
2017.09.21 12:23:02.954,0.79288,0.79297,1.12,1.12
2017.09.21 12:23:03.461,0.79285,0.79298,4.57,7.39
2017.09.21 12:23:04.015,0.79286,0.79297,1.69,1.00
2017.09.21 12:23:04.539,0.79286,0.79296,2.62,1.12
2017.09.21 12:23:05.251,0.79285,0.79297,4.95,4.12
2017.09.21 12:23:05.787,0.79285,0.79297,7.20,6.37
2017.09.21 12:23:05.990,0.79285,0.79294,3.64,1.00
2017.09.21 12:23:06.510,0.79285,0.79294,3.56,1.00
2017.09.21 12:23:07.016,0.79285,0.79295,1.31,1.00
2017.09.21 12:23:07.569,0.79285,0.79294,4.69,1.00
2017.09.21 12:23:08.179,0.79285,0.79295,3.37,1.00
2017.09.21 12:23:08.879,0.79285,0.79296,2.62,1.25
2017.09.21 12:23:09.395,0.79285,0.79296,1.31,1.37
2017.09.21 12:23:09.983,0.79285,0.79296,1.31,2.25
2017.09.21 12:23:10.495,0.79285,0.79295,1.00,1.00
2017.09.21 12:23:11.015,0.79285,0.79294,1.00,1.00
2017.09.21 12:23:11.563,0.79285,0.79295,1.00,1.00
2017.09.21 12:23:12.267,0.79284,0.79296,3.82,1.69
2017.09.21 12:23:12.852,0.79285,0.79295,1.44,1.00
2017.09.21 12:23:13.233,0.79284,0.79296,4.57,2.25
2017.09.21 12:23:13.739,0.79285,0.79295,1.31,1.25
2017.09.21 12:23:14.868,0.79285,0.79296,1.00,1.69
2017.09.21 12:23:15.404,0.79284,0.79296,2.70,1.69
2017.09.21 12:23:16.637,0.79286,0.79296,1.69,3.19
2017.09.21 12:23:17.144,0.79286,0.79297,2.25,4.76
2017.09.21 12:23:17.625,0.79288,0.79297,1.00,1.95
2017.09.21 12:23:17.929,0.7929,0.79297,1.00,1.12
2017.09.21 12:23:18.081,0.79288,0.79297,2.25,1.37
2017.09.21 12:23:19.251,0.79287,0.79297,2.06,1.37
2017.09.21 12:23:19.778,0.79287,0.79297,1.50,1.12
2017.09.21 12:23:19.881,0.79288,0.79295,1.00,1.00
2017.09.21 12:23:19.932,0.79287,0.79297,1.50,1.31
2017.09.21 12:23:20.473,0.79288,0.79296,1.25,1.25
2017.09.21 12:23:21.228,0.79287,0.79296,1.50,1.00
2017.09.21 12:23:21.734,0.79287,0.79295,1.25,1.00
2017.09.21 12:23:22.261,0.79287,0.79297,1.88,1.57
2017.09.21 12:23:22.781,0.79286,0.79297,1.95,2.51
2017.09.21 12:23:22.833,0.79286,0.79295,1.00,1.00
2017.09.21 12:23:22.985,0.79284,0.79295,4.57,1.00
2017.09.21 12:23:23.988,0.79286,0.79296,1.25,2.44
2017.09.21 12:23:24.495,0.79286,0.79297,2.81,2.89
2017.09.21 12:23:26.689,0.79285,0.79296,3.56,1.00
2017.09.21 12:23:27.209,0.79286,0.79296,1.69,1.88
2017.09.21 12:23:27.693,0.79285,0.79296,2.44,1.00
2017.09.21 12:23:28.204,0.79285,0.79295,1.25,1.00
2017.09.21 12:23:29.136,0.79285,0.79295,1.88,1.00
2017.09.21 12:23:29.339,0.79284,0.79296,4.95,4.31
2017.09.21 12:23:31.224,0.79284,0.79295,5.06,1.88
2017.09.21 12:23:32.247,0.79284,0.79295,3.56,1.00
2017.09.21 12:23:32.867,0.79284,0.79295,5.06,1.88
2017.09.21 12:23:33.448,0.79284,0.79295,3.56,1.00
2017.09.21 12:23:35.618,0.79284,0.79295,1.50,1.50
2017.09.21 12:23:36.126,0.79283,0.79296,5.70,2.33
2017.09.21 12:23:36.655,0.79284,0.79296,1.69,3.45
2017.09.21 12:23:37.162,0.79284,0.79295,4.01,1.63
2017.09.21 12:23:37.668,0.79284,0.79295,2.81,1.00
2017.09.21 12:23:38.178,0.79285,0.79296,1.10,1.95
2017.09.21 12:23:39.362,0.79285,0.79297,2.14,4.39
2017.09.21 12:23:39.735,0.79288,0.79297,1.12,2.32
2017.09.21 12:23:40.241,0.79289,0.79297,1.00,1.87
2017.09.21 12:23:40.748,0.79288,0.79298,1.12,7.50
2017.09.21 12:23:41.361,0.79286,0.79297,3.26,3.45
2017.09.21 12:23:41.950,0.79286,0.79296,3.07,1.50
2017.09.21 12:23:42.455,0.79286,0.79297,1.76,4.95
2017.09.21 12:23:42.992,0.79285,0.79296,4.01,1.50
2017.09.21 12:23:43.243,0.79287,0.79297,1.12,3.83
2017.09.21 12:23:44.058,0.79288,0.79297,1.00,2.81
2017.09.21 12:23:44.580,0.79287,0.79297,2.25,1.25
2017.09.21 12:23:45.060,0.79288,0.79297,2.06,1.69
2017.09.21 12:23:45.161,0.79286,0.79298,2.70,7.39
2017.09.21 12:23:45.262,0.79286,0.79296,2.33,1.37
2017.09.21 12:23:45.813,0.79285,0.79297,2.51,3.83
2017.09.21 12:23:46.345,0.79285,0.79295,1.50,1.00
2017.09.21 12:23:47.182,0.79284,0.79296,1.95,3.56
2017.09.21 12:23:47.999,0.79284,0.79295,3.08,1.88
2017.09.21 12:23:48.586,0.79284,0.79296,2.51,3.38
2017.09.21 12:23:49.129,0.79284,0.79295,2.70,1.50
2017.09.21 12:23:49.650,0.79285,0.79295,1.00,1.44
2017.09.21 12:23:50.565,0.79285,0.79296,1.12,2.06
2017.09.21 12:23:51.373,0.79285,0.79295,1.69,1.25
2017.09.21 12:23:51.909,0.79285,0.79296,1.00,1.25
2017.09.21 12:23:52.488,0.79285,0.79296,1.69,1.88
2017.09.21 12:23:52.991,0.79285,0.79297,1.12,6.26
2017.09.21 12:23:54.910,0.79285,0.79296,1.00,3.56
2017.09.21 12:23:55.519,0.79284,0.79296,5.14,1.50
2017.09.21 12:23:56.142,0.79284,0.79297,2.33,5.14
2017.09.21 12:23:56.648,0.79284,0.79296,3.83,3.56
2017.09.21 12:23:57.181,0.79284,0.79295,6.08,1.39
2017.09.21 12:23:58.451,0.79285,0.79295,1.19,1.10
2017.09.21 12:23:59.129,0.79284,0.79295,5.33,1.20
2017.09.21 12:23:59.639,0.79284,0.79295,5.33,1.39
2017.09.21 12:24:00.157,0.79284,0.79295,6.83,1.39
2017.09.21 12:24:00.691,0.79284,0.79296,5.14,5.33
2017.09.21 12:24:01.199,0.79284,0.79295,5.70,1.20
2017.09.21 12:24:01.713,0.79284,0.79296,4.01,4.39
2017.09.21 12:24:03.169,0.79284,0.79295,2.32,1.29
2017.09.21 12:24:03.693,0.79284,0.79295,2.33,1.20
2017.09.21 12:24:04.213,0.79284,0.79295,1.01,1.01
2017.09.21 12:24:04.719,0.79285,0.79295,1.12,1.50
2017.09.21 12:24:05.225,0.79285,0.79296,3.75,1.00
2017.09.21 12:24:06.217,0.79285,0.79296,1.00,2.25
2017.09.21 12:24:07.082,0.79285,0.79296,1.76,3.38
2017.09.21 12:24:07.840,0.79286,0.79297,3.26,2.25
2017.09.21 12:24:07.892,0.79289,0.79297,1.12,2.25
2017.09.21 12:24:08.193,0.79287,0.79297,5.44,1.00
2017.09.21 12:24:08.751,0.79288,0.79298,1.00,5.06
2017.09.21 12:24:09.279,0.79287,0.79297,2.63,1.25
2017.09.21 12:24:09.863,0.79287,0.79298,3.19,2.44
2017.09.21 12:24:09.914,0.79289,0.79297,1.50,1.00
2017.09.21 12:24:10.470,0.79289,0.79298,1.25,3.37
2017.09.21 12:24:10.979,0.79287,0.79297,3.56,1.12
2017.09.21 12:24:12.137,0.79286,0.79297,6.07,1.76
2017.09.21 12:24:12.709,0.79286,0.79297,3.45,3.45
2017.09.21 12:24:13.268,0.79286,0.79297,2.32,1.95
2017.09.21 12:24:13.796,0.79285,0.79298,4.57,3.26
2017.09.21 12:24:16.882,0.79285,0.79295,2.32,1.50
2017.09.21 12:24:17.410,0.79284,0.79295,3.08,1.37
2017.09.21 12:24:17.915,0.79284,0.79296,5.14,3.82
2017.09.21 12:24:18.436,0.79284,0.79296,6.08,1.01
2017.09.21 12:24:20.851,0.79285,0.79296,1.58,2.14
2017.09.21 12:24:21.662,0.79285,0.79296,1.20,3.64
2017.09.21 12:24:23.602,0.79285,0.79295,1.58,1.50
2017.09.21 12:24:24.143,0.79285,0.79296,1.10,1.58
2017.09.21 12:24:25.040,0.79285,0.79296,1.76,2.51
2017.09.21 12:24:25.554,0.79285,0.79296,1.57,3.07
2017.09.21 12:24:25.877,0.79288,0.79298,2.63,6.83
2017.09.21 12:24:26.384,0.79288,0.79297,2.44,1.00
2017.09.21 12:24:26.995,0.79287,0.79298,2.32,1.58
2017.09.21 12:24:27.561,0.79287,0.79298,4.95,4.58
2017.09.21 12:24:28.099,0.79287,0.79298,2.32,1.95
2017.09.21 12:24:28.737,0.79287,0.79297,4.01,1.00
2017.09.21 12:24:29.261,0.79287,0.79298,2.32,1.95
2017.09.21 12:24:29.976,0.79287,0.79297,4.20,1.00
2017.09.21 12:24:30.610,0.79287,0.79298,2.70,1.95
2017.09.21 12:24:31.533,0.79287,0.79297,4.20,1.00
2017.09.21 12:24:32.071,0.79288,0.79298,1.00,4.95
2017.09.21 12:24:32.595,0.79287,0.79298,2.70,1.76
2017.09.21 12:24:33.299,0.79287,0.79297,4.20,1.50
2017.09.21 12:24:34.688,0.79287,0.79298,2.70,2.70
2017.09.21 12:24:35.351,0.79287,0.79297,4.20,1.50
2017.09.21 12:24:36.298,0.79287,0.79298,2.70,2.14
2017.09.21 12:24:36.836,0.79288,0.79298,1.00,5.32
2017.09.21 12:24:37.372,0.79287,0.79298,2.70,2.89
2017.09.21 12:24:37.991,0.79287,0.79297,4.20,1.50
2017.09.21 12:24:38.523,0.79287,0.79298,2.70,2.89
2017.09.21 12:24:39.235,0.79287,0.79297,3.45,1.50
2017.09.21 12:24:39.762,0.79288,0.79298,1.00,6.45
2017.09.21 12:24:40.302,0.79287,0.79297,4.20,1.00
2017.09.21 12:24:40.920,0.79288,0.79298,1.00,6.45
2017.09.21 12:24:41.978,0.79287,0.79298,2.70,2.89
2017.09.21 12:24:42.655,0.79287,0.79297,4.20,1.00
2017.09.21 12:24:43.235,0.79287,0.79298,3.00,2.89
2017.09.21 12:24:43.739,0.79287,0.79298,3.00,3.08
2017.09.21 12:24:44.327,0.79288,0.79298,1.12,6.08
2017.09.21 12:24:47.551,0.79288,0.79298,1.50,2.44
2017.09.21 12:24:47.855,0.79292,0.79301,1.44,2.62
2017.09.21 12:24:47.957,0.79291,0.79301,1.88,2.62
2017.09.21 12:24:48.059,0.79291,0.79302,4.88,1.00
2017.09.21 12:24:48.211,0.79294,0.79304,1.00,5.89
2017.09.21 12:24:48.262,0.79292,0.79303,1.39,2.14
2017.09.21 12:24:48.769,0.79291,0.79303,4.76,1.95
2017.09.21 12:24:49.491,0.79294,0.79303,1.00,1.95
2017.09.21 12:24:49.593,0.79292,0.79304,1.10,4.76
2017.09.21 12:24:49.997,0.79293,0.79304,3.45,4.39
2017.09.21 12:24:50.503,0.79293,0.79305,1.76,1.20
2017.09.21 12:24:51.019,0.79294,0.79305,2.89,2.33
2017.09.21 12:24:53.479,0.79294,0.79305,2.89,1.76
2017.09.21 12:24:54.138,0.79294,0.79306,1.57,2.51
2017.09.21 12:24:54.493,0.79295,0.79306,2.06,2.44
2017.09.21 12:24:55.039,0.79295,0.79306,1.12,3.00
2017.09.21 12:24:55.608,0.79295,0.79306,1.69,2.44
2017.09.21 12:24:57.483,0.79295,0.79306,1.12,3.37
2017.09.21 12:24:58.009,0.79295,0.79306,1.50,5.44
2017.09.21 12:24:58.579,0.79295,0.79306,1.12,2.25
2017.09.21 12:24:59.203,0.79295,0.79306,1.50,2.81
2017.09.21 12:25:00.057,0.79295,0.79307,1.00,8.70
2017.09.21 12:25:00.397,0.79295,0.79306,1.25,1.50
2017.09.21 12:25:00.566,0.79295,0.79306,1.00,1.25
2017.09.21 12:25:00.714,0.79294,0.79305,1.50,4.31
2017.09.21 12:25:01.217,0.79295,0.79305,1.00,2.44
2017.09.21 12:25:01.814,0.79294,0.79305,4.87,2.63
2017.09.21 12:25:02.198,0.79294,0.793,4.50,1.25
2017.09.21 12:25:02.299,0.79289,0.79298,3.82,1.31
2017.09.21 12:25:02.995,0.79288,0.79297,5.74,1.50
2017.09.21 12:25:03.518,0.79288,0.79298,2.62,4.20
2017.09.21 12:25:03.682,0.79288,0.79296,3.00,1.25
2017.09.21 12:25:03.834,0.79287,0.79295,1.20,1.00
2017.09.21 12:25:04.371,0.79287,0.79296,1.20,1.00
2017.09.21 12:25:05.373,0.79287,0.79295,2.14,1.00
2017.09.21 12:25:05.917,0.79287,0.79296,1.57,1.00
2017.09.21 12:25:06.456,0.79287,0.79295,2.44,1.00
2017.09.21 12:25:06.963,0.79287,0.79295,1.69,1.00
2017.09.21 12:25:07.498,0.79286,0.79296,4.01,1.00
2017.09.21 12:25:08.015,0.79287,0.79295,1.25,1.00
2017.09.21 12:25:08.769,0.79286,0.79296,5.51,1.50
2017.09.21 12:25:09.977,0.79287,0.79295,1.25,1.00
2017.09.21 12:25:10.726,0.79286,0.79296,3.64,1.00
2017.09.21 12:25:11.230,0.79286,0.79295,4.39,1.00
2017.09.21 12:25:11.570,0.79285,0.79294,1.95,1.25
2017.09.21 12:25:11.978,0.79287,0.79296,2.25,1.95
2017.09.21 12:25:12.485,0.79286,0.79296,1.50,1.39
2017.09.21 12:25:13.056,0.79286,0.79295,2.25,1.87
2017.09.21 12:25:13.642,0.79286,0.79296,1.00,1.31
2017.09.21 12:25:13.946,0.79285,0.79294,1.31,1.00
2017.09.21 12:25:14.396,0.79285,0.79296,1.50,1.57
2017.09.21 12:25:14.736,0.79285,0.79295,2.44,1.50
2017.09.21 12:25:15.334,0.79284,0.79294,2.81,1.12
2017.09.21 12:25:15.842,0.79285,0.79295,2.44,2.44
2017.09.21 12:25:16.349,0.79283,0.79295,5.18,1.12
2017.09.21 12:25:16.867,0.79285,0.79294,2.44,1.12
2017.09.21 12:25:17.518,0.79285,0.79295,1.25,3.19
2017.09.21 12:25:18.970,0.79284,0.79295,1.05,1.10
2017.09.21 12:25:19.724,0.79285,0.79294,1.25,1.25
2017.09.21 12:25:19.928,0.79282,0.79294,3.82,1.88
2017.09.21 12:25:20.466,0.79282,0.79293,3.08,3.38
2017.09.21 12:25:20.995,0.79282,0.79295,1.10,7.95
2017.09.21 12:25:21.556,0.79282,0.79287,1.00,1.00
2017.09.21 12:25:21.657,0.79278,0.79287,1.50,1.88
2017.09.21 12:25:21.759,0.79276,0.79287,2.17,2.44
2017.09.21 12:25:21.962,0.79277,0.79285,1.30,1.00
2017.09.21 12:25:22.064,0.79277,0.79287,1.72,3.75
2017.09.21 12:25:22.216,0.79277,0.79285,1.16,1.00
2017.09.21 12:25:22.267,0.79277,0.79287,1.30,1.50
2017.09.21 12:25:22.470,0.79279,0.79286,1.00,1.00
2017.09.21 12:25:23.007,0.79278,0.79287,2.10,1.12
2017.09.21 12:25:23.507,0.79278,0.79285,2.25,1.00
2017.09.21 12:25:24.014,0.79277,0.79286,2.25,1.69
2017.09.21 12:25:24.787,0.79278,0.79285,1.00,1.00
2017.09.21 12:25:24.889,0.79275,0.79286,2.62,1.88
2017.09.21 12:25:25.041,0.79273,0.79283,4.20,1.25
2017.09.21 12:25:25.548,0.79275,0.79283,1.50,1.00
2017.09.21 12:25:25.785,0.79276,0.79285,1.00,3.00
2017.09.21 12:25:26.294,0.79275,0.79286,2.25,3.25
2017.09.21 12:25:26.816,0.79276,0.79284,1.00,1.00
2017.09.21 12:25:27.070,0.79275,0.79286,4.05,1.10
2017.09.21 12:25:27.597,0.79276,0.79285,1.31,1.00
2017.09.21 12:25:28.095,0.79281,0.79288,1.00,3.82
2017.09.21 12:25:28.146,0.7928,0.7929,2.44,1.00
2017.09.21 12:25:28.349,0.79281,0.79292,1.30,1.00
2017.09.21 12:25:28.835,0.79279,0.79289,3.07,3.00
2017.09.21 12:25:28.987,0.79276,0.79287,4.87,1.00
2017.09.21 12:25:29.489,0.79276,0.79287,1.35,3.07
2017.09.21 12:25:29.994,0.79275,0.79287,5.06,1.94
2017.09.21 12:25:30.449,0.79275,0.79285,1.00,2.62
2017.09.21 12:25:30.990,0.79275,0.79286,1.00,3.07
2017.09.21 12:25:31.497,0.79275,0.79286,1.00,1.94
2017.09.21 12:25:32.182,0.79275,0.79286,1.00,2.13
2017.09.21 12:25:32.727,0.79274,0.79285,1.50,1.24
2017.09.21 12:25:33.034,0.79278,0.79287,2.25,3.00
2017.09.21 12:25:33.136,0.79278,0.79287,2.62,1.00
2017.09.21 12:25:33.642,0.79277,0.79287,1.50,1.50
2017.09.21 12:25:35.137,0.79278,0.79287,1.50,1.57
2017.09.21 12:25:35.395,0.7928,0.79287,2.25,1.10
2017.09.21 12:25:35.496,0.79278,0.79287,1.50,1.00
2017.09.21 12:25:36.007,0.79277,0.79287,2.62,1.00
2017.09.21 12:25:36.225,0.79276,0.79285,2.25,1.00
2017.09.21 12:25:36.528,0.7927,0.79278,1.00,1.50
2017.09.21 12:25:37.423,0.7927,0.79277,2.44,1.00
2017.09.21 12:25:37.575,0.79268,0.79277,2.25,1.50
2017.09.21 12:25:38.027,0.79268,0.79278,1.50,3.82
2017.09.21 12:25:38.909,0.79269,0.79277,1.50,2.25
2017.09.21 12:25:39.445,0.7927,0.79277,1.00,1.75
2017.09.21 12:25:40.893,0.79269,0.79277,1.50,1.75
2017.09.21 12:25:41.249,0.79267,0.79278,1.27,2.32
2017.09.21 12:25:41.756,0.79266,0.79277,2.62,4.88
2017.09.21 12:25:41.959,0.79267,0.79275,1.00,1.37
2017.09.21 12:25:42.386,0.79267,0.79276,2.25,4.31
2017.09.21 12:25:44.061,0.79266,0.79276,2.25,1.00
2017.09.21 12:25:44.573,0.79267,0.79276,1.69,1.00
2017.09.21 12:25:45.080,0.79268,0.79277,3.00,1.50
2017.09.21 12:25:45.232,0.79272,0.79278,1.00,2.70
2017.09.21 12:25:45.364,0.79272,0.79279,1.00,1.00
2017.09.21 12:25:45.417,0.79269,0.79277,1.87,1.00
2017.09.21 12:25:45.468,0.79268,0.79278,2.25,1.87
2017.09.21 12:25:45.570,0.79269,0.79277,2.25,1.50
2017.09.21 12:25:46.026,0.79271,0.79277,1.00,2.25
2017.09.21 12:25:46.077,0.79269,0.79278,1.00,3.45
2017.09.21 12:25:46.623,0.79268,0.79277,2.44,1.00
2017.09.21 12:25:47.641,0.7927,0.79277,1.00,1.50
2017.09.21 12:25:48.148,0.79268,0.79277,3.64,1.37
2017.09.21 12:25:48.452,0.7927,0.7928,2.44,1.12
2017.09.21 12:25:48.703,0.79272,0.79281,1.50,1.12
2017.09.21 12:25:49.240,0.79271,0.79281,2.32,1.12
2017.09.21 12:25:49.771,0.79271,0.79283,3.45,1.87
2017.09.21 12:25:50.274,0.79272,0.79283,4.57,1.12
2017.09.21 12:25:50.578,0.79274,0.79282,1.50,1.00
2017.09.21 12:25:50.984,0.79274,0.79285,4.01,1.95
2017.09.21 12:25:51.036,0.79276,0.79285,2.25,1.00
2017.09.21 12:25:51.918,0.79277,0.79286,1.00,3.64
2017.09.21 12:25:52.425,0.79278,0.79287,1.50,2.62
2017.09.21 12:25:52.477,0.79278,0.79287,2.25,4.13
2017.09.21 12:25:53.014,0.79276,0.79287,1.20,3.26
2017.09.21 12:25:53.521,0.79274,0.79287,5.21,3.08
2017.09.21 12:25:54.041,0.79275,0.79286,2.24,2.63
2017.09.21 12:25:54.583,0.79274,0.79286,1.95,3.94
2017.09.21 12:25:55.125,0.79275,0.79285,1.00,1.69
2017.09.21 12:25:56.299,0.79274,0.79286,2.70,1.31
2017.09.21 12:25:57.404,0.79275,0.79286,1.00,4.01
2017.09.21 12:25:58.383,0.79274,0.79286,2.06,2.89
2017.09.21 12:25:58.892,0.79275,0.79286,3.75,1.69
2017.09.21 12:26:00.197,0.79274,0.79286,1.87,1.01
2017.09.21 12:26:01.006,0.79276,0.79286,1.50,2.51
2017.09.21 12:26:01.369,0.79273,0.79286,1.20,5.89
2017.09.21 12:26:01.420,0.79272,0.79281,1.10,1.50
2017.09.21 12:26:01.573,0.79268,0.79278,1.20,2.32
2017.09.21 12:26:01.624,0.79268,0.79277,1.87,1.87
2017.09.21 12:26:02.240,0.79267,0.79277,4.67,1.87
2017.09.21 12:26:02.749,0.79269,0.79277,2.25,1.63
2017.09.21 12:26:03.250,0.79268,0.79277,3.75,1.12
2017.09.21 12:26:04.436,0.79269,0.79278,1.00,5.44
2017.09.21 12:26:04.951,0.79269,0.79277,2.25,1.37
2017.09.21 12:26:05.472,0.7927,0.79277,1.00,1.37
2017.09.21 12:26:05.973,0.79269,0.79278,1.00,3.75
2017.09.21 12:26:06.577,0.7927,0.79277,1.00,1.12
2017.09.21 12:26:06.679,0.79268,0.79277,1.50,1.12
2017.09.21 12:26:07.905,0.79268,0.79276,3.00,1.25
2017.09.21 12:26:10.293,0.79268,0.79277,1.50,1.10
2017.09.21 12:26:10.916,0.79267,0.79277,5.32,1.57
2017.09.21 12:26:11.561,0.79267,0.79276,3.34,1.25
2017.09.21 12:26:12.068,0.79266,0.79276,1.00,1.69
2017.09.21 12:26:12.570,0.79266,0.79275,1.50,1.25
2017.09.21 12:26:13.101,0.79266,0.79276,2.25,1.69
2017.09.21 12:26:14.351,0.79266,0.79275,1.50,1.25
2017.09.21 12:26:14.907,0.79266,0.79276,1.00,1.69
2017.09.21 12:26:15.675,0.79266,0.79275,1.50,1.00
2017.09.21 12:26:17.396,0.79266,0.79276,1.00,1.31
2017.09.21 12:26:18.744,0.79266,0.79275,1.00,1.25
2017.09.21 12:26:19.318,0.79266,0.79277,1.00,3.64
2017.09.21 12:26:19.854,0.79266,0.79276,1.10,1.44
2017.09.21 12:26:19.906,0.79266,0.79277,1.10,3.83
2017.09.21 12:26:20.414,0.79266,0.79277,2.14,7.58
2017.09.21 12:26:21.682,0.79266,0.79277,1.27,1.57
2017.09.21 12:26:23.394,0.79266,0.79277,2.70,1.95
2017.09.21 12:26:23.846,0.79266,0.79273,1.00,1.50
2017.09.21 12:26:23.999,0.79262,0.7927,1.95,1.00
2017.09.21 12:26:24.101,0.79259,0.7927,3.82,1.00
2017.09.21 12:26:24.152,0.79262,0.79271,1.50,1.00
2017.09.21 12:26:24.304,0.79263,0.79274,1.69,2.14
2017.09.21 12:26:24.861,0.79263,0.79274,1.31,1.58
2017.09.21 12:26:25.562,0.79262,0.7927,1.20,1.00
2017.09.21 12:26:25.765,0.79258,0.79268,1.95,1.12
2017.09.21 12:26:25.917,0.79261,0.79268,1.00,1.00
2017.09.21 12:26:26.018,0.79259,0.7927,6.90,1.10
2017.09.21 12:26:26.069,0.7926,0.79268,1.50,1.00
2017.09.21 12:26:26.323,0.79258,0.79268,1.87,1.57
2017.09.21 12:26:26.684,0.79261,0.79268,1.00,1.50
2017.09.21 12:26:26.877,0.79261,0.79273,1.87,6.07
2017.09.21 12:26:27.425,0.79262,0.79273,1.12,1.95
2017.09.21 12:26:28.094,0.79261,0.79273,4.27,1.76
2017.09.21 12:26:28.643,0.79262,0.79272,1.39,1.25
2017.09.21 12:26:29.216,0.79261,0.79273,3.82,1.76
2017.09.21 12:26:29.942,0.79262,0.79272,1.39,1.25
2017.09.21 12:26:30.247,0.7926,0.79268,4.57,1.00
2017.09.21 12:26:30.379,0.7926,0.79267,1.50,1.00
2017.09.21 12:26:30.582,0.79262,0.79269,1.00,2.62
2017.09.21 12:26:30.633,0.7926,0.79267,1.50,1.12
2017.09.21 12:26:31.140,0.79258,0.79268,1.00,5.44
2017.09.21 12:26:31.241,0.79258,0.79266,1.50,1.00
2017.09.21 12:26:31.923,0.79258,0.79267,1.00,1.50
2017.09.21 12:26:32.583,0.79257,0.79267,3.56,1.00
2017.09.21 12:26:33.243,0.79258,0.79266,1.25,1.00
2017.09.21 12:26:33.905,0.79258,0.79267,1.00,2.25
2017.09.21 12:26:34.565,0.79257,0.79267,3.00,1.50
2017.09.21 12:26:35.112,0.79258,0.79267,1.00,2.25
2017.09.21 12:26:35.655,0.79258,0.79266,2.25,1.00
2017.09.21 12:26:36.215,0.79258,0.79267,1.50,1.12
2017.09.21 12:26:36.846,0.79257,0.79267,1.12,2.62
2017.09.21 12:26:37.398,0.79258,0.79266,1.00,1.50
2017.09.21 12:26:37.917,0.79257,0.79263,2.25,1.00
2017.09.21 12:26:38.069,0.79255,0.79265,2.70,1.75
2017.09.21 12:26:38.120,0.79253,0.7926,2.32,1.50
2017.09.21 12:26:38.324,0.79252,0.79259,2.25,1.50
2017.09.21 12:26:38.833,0.79251,0.7926,3.64,1.50
2017.09.21 12:26:39.961,0.79251,0.7926,2.02,1.00
2017.09.21 12:26:40.122,0.7925,0.79257,2.32,1.00
2017.09.21 12:26:40.324,0.79248,0.79255,1.12,2.25
2017.09.21 12:26:40.527,0.79252,0.79256,1.50,1.87
2017.09.21 12:26:40.629,0.79252,0.79261,1.01,2.25
2017.09.21 12:26:40.680,0.79252,0.79263,1.01,1.20
2017.09.21 12:26:41.184,0.79253,0.79264,2.32,1.10
2017.09.21 12:26:41.678,0.79255,0.79265,1.50,1.37
2017.09.21 12:26:42.301,0.79255,0.79264,2.51,1.12
2017.09.21 12:26:42.894,0.79255,0.79265,1.01,1.37
2017.09.21 12:26:43.249,0.79252,0.79263,1.95,1.39
2017.09.21 12:26:43.299,0.79251,0.79258,2.62,1.00
2017.09.21 12:26:43.350,0.79249,0.79258,1.57,1.50
2017.09.21 12:26:43.856,0.79247,0.79257,5.81,1.00
2017.09.21 12:26:43.958,0.79247,0.79254,1.00,1.00
2017.09.21 12:26:44.312,0.79245,0.79252,4.12,1.00
2017.09.21 12:26:44.528,0.79246,0.79255,2.32,1.00
2017.09.21 12:26:45.034,0.79247,0.79256,1.15,1.50
2017.09.21 12:26:45.439,0.79251,0.7926,2.06,2.70
2017.09.21 12:26:45.490,0.79251,0.7926,4.12,2.32
2017.09.21 12:26:45.733,0.79251,0.79263,1.88,1.57
2017.09.21 12:26:46.039,0.79254,0.79266,3.64,2.32
2017.09.21 12:26:46.748,0.79255,0.79265,1.50,1.12
2017.09.21 12:26:47.233,0.79257,0.79268,1.50,4.57
2017.09.21 12:26:47.284,0.79256,0.79265,1.19,1.50
2017.09.21 12:26:47.588,0.79252,0.7926,2.25,1.00
2017.09.21 12:26:48.156,0.79251,0.79259,1.25,1.00
2017.09.21 12:26:48.696,0.79251,0.7926,1.25,1.50
2017.09.21 12:26:49.002,0.79244,0.7925,1.50,1.50
2017.09.21 12:26:49.052,0.79245,0.79253,1.00,1.20
2017.09.21 12:26:49.356,0.79245,0.79254,2.44,1.10
2017.09.21 12:26:49.898,0.79246,0.79253,1.00,1.00
2017.09.21 12:26:50.464,0.79245,0.79254,1.87,1.10
2017.09.21 12:26:51.534,0.79246,0.79254,1.50,1.10
2017.09.21 12:26:52.202,0.79246,0.79253,2.25,1.00
2017.09.21 12:26:53.999,0.79246,0.79254,1.50,1.10
2017.09.21 12:26:54.455,0.79246,0.79256,1.50,1.57
2017.09.21 12:26:54.507,0.79249,0.79257,1.50,1.50
2017.09.21 12:26:54.609,0.7925,0.79258,1.00,3.19
2017.09.21 12:26:54.660,0.7925,0.79254,1.00,1.00
2017.09.21 12:26:54.711,0.79246,0.79254,2.62,1.50
2017.09.21 12:26:54.812,0.79246,0.79253,1.00,1.00
2017.09.21 12:26:54.863,0.79245,0.79255,2.62,1.10
2017.09.21 12:26:55.116,0.79248,0.79256,1.00,1.95
2017.09.21 12:26:55.489,0.79246,0.79253,1.50,1.00
2017.09.21 12:26:55.692,0.7924,0.79248,3.00,1.10
2017.09.21 12:26:56.207,0.79241,0.79251,1.00,2.14
2017.09.21 12:26:56.258,0.79247,0.79251,1.00,1.00
2017.09.21 12:26:56.309,0.79245,0.7925,1.00,1.50
2017.09.21 12:26:56.411,0.79243,0.79251,3.75,1.50
2017.09.21 12:26:56.930,0.79244,0.7925,3.00,1.50
2017.09.21 12:26:57.798,0.79244,0.79251,2.25,1.50
2017.09.21 12:26:58.203,0.79246,0.7925,1.00,1.50
2017.09.21 12:26:58.304,0.79246,0.79255,3.94,1.10
2017.09.21 12:26:58.952,0.79247,0.79255,1.00,1.00
2017.09.21 12:26:59.062,0.79247,0.79253,1.00,1.00
2017.09.21 12:26:59.569,0.79246,0.79253,2.62,1.00
2017.09.21 12:27:00.083,0.79246,0.79254,1.12,1.00
2017.09.21 12:27:00.134,0.79247,0.79257,1.25,3.45
2017.09.21 12:27:00.638,0.79248,0.79257,1.00,1.57
2017.09.21 12:27:02.311,0.79247,0.79258,3.94,4.39
2017.09.21 12:27:02.847,0.79247,0.79257,1.00,1.95
2017.09.21 12:27:03.676,0.79246,0.79257,1.87,1.95
2017.09.21 12:27:05.224,0.79245,0.79255,1.50,1.57
2017.09.21 12:27:05.275,0.79243,0.79251,1.95,1.50
2017.09.21 12:27:05.800,0.79245,0.79252,2.25,1.00
2017.09.21 12:27:06.104,0.79241,0.79247,4.50,1.00
2017.09.21 12:27:06.155,0.79241,0.7925,5.25,1.50
2017.09.21 12:27:06.206,0.79242,0.79247,1.00,1.00
2017.09.21 12:27:06.712,0.7924,0.79248,3.75,1.00
2017.09.21 12:27:07.421,0.7924,0.79247,5.25,1.00
2017.09.21 12:27:08.109,0.7924,0.79248,4.50,1.00
2017.09.21 12:27:08.423,0.79244,0.7925,1.00,1.20
2017.09.21 12:27:08.475,0.79241,0.79248,3.00,2.25
2017.09.21 12:27:08.526,0.79245,0.79252,1.00,3.75
2017.09.21 12:27:08.577,0.79243,0.79252,1.69,2.62
2017.09.21 12:27:08.628,0.79245,0.79255,1.50,2.06
2017.09.21 12:27:08.874,0.79242,0.79247,2.62,1.00
2017.09.21 12:27:08.925,0.7924,0.79247,3.82,1.00
2017.09.21 12:27:09.077,0.7924,0.7925,4.57,2.25
2017.09.21 12:27:09.128,0.79241,0.79248,4.87,1.00
2017.09.21 12:27:09.331,0.7924,0.79247,3.00,1.00
2017.09.21 12:27:10.174,0.79243,0.79249,1.00,1.87
2017.09.21 12:27:10.446,0.79241,0.7925,1.12,1.87
2017.09.21 12:27:10.549,0.7924,0.79247,3.00,1.00
2017.09.21 12:27:11.056,0.79241,0.79248,1.50,1.00
2017.09.21 12:27:11.585,0.7924,0.79247,1.50,1.00
2017.09.21 12:27:12.102,0.79239,0.79248,4.31,1.00
2017.09.21 12:27:12.647,0.7924,0.79247,1.50,1.00
2017.09.21 12:27:13.157,0.79241,0.79249,1.00,1.00
2017.09.21 12:27:13.208,0.79244,0.7925,1.00,1.12
2017.09.21 12:27:13.259,0.79241,0.79248,1.50,1.00
2017.09.21 12:27:13.412,0.79239,0.79248,2.62,1.00
2017.09.21 12:27:14.070,0.7924,0.79247,2.44,1.00
2017.09.21 12:27:14.653,0.79239,0.79247,3.94,1.00
2017.09.21 12:27:15.162,0.79239,0.79248,1.00,3.00
2017.09.21 12:27:15.795,0.79239,0.79247,1.50,1.00
2017.09.21 12:27:16.966,0.79239,0.79248,1.00,3.00
2017.09.21 12:27:17.067,0.79241,0.79249,1.44,1.10
2017.09.21 12:27:17.271,0.79239,0.79247,1.00,1.00
2017.09.21 12:27:17.855,0.79238,0.79248,1.31,3.82
2017.09.21 12:27:18.395,0.79238,0.79248,2.06,4.20
2017.09.21 12:27:20.023,0.79238,0.79248,1.25,1.50
2017.09.21 12:27:20.612,0.79239,0.79248,1.00,1.87
2017.09.21 12:27:20.916,0.79242,0.7925,1.00,1.20
2017.09.21 12:27:21.069,0.79245,0.79255,3.94,1.50
2017.09.21 12:27:21.374,0.79248,0.79256,1.00,1.00
2017.09.21 12:27:21.880,0.79247,0.79256,1.12,1.00
2017.09.21 12:27:22.414,0.79246,0.79257,1.00,2.87
2017.09.21 12:27:22.965,0.79245,0.79257,1.01,2.70
2017.09.21 12:27:23.906,0.79245,0.79256,1.09,1.10
2017.09.21 12:27:25.042,0.79246,0.79256,1.29,1.20
2017.09.21 12:27:25.556,0.79245,0.79257,1.05,3.45
2017.09.21 12:27:25.861,0.79246,0.79254,1.00,1.00
2017.09.21 12:27:26.373,0.79245,0.79256,1.95,2.32
2017.09.21 12:27:26.897,0.79245,0.79257,1.95,4.57
2017.09.21 12:27:27.894,0.79245,0.79256,1.39,2.32
2017.09.21 12:27:29.020,0.79245,0.79257,1.20,4.76
2017.09.21 12:27:29.798,0.79245,0.79256,1.39,2.32
2017.09.21 12:27:30.785,0.79244,0.79257,2.32,7.20
2017.09.21 12:27:31.396,0.79245,0.79256,1.20,1.57
2017.09.21 12:27:31.995,0.79245,0.79257,1.01,7.20
2017.09.21 12:27:32.875,0.79245,0.79256,1.20,1.76
2017.09.21 12:27:33.602,0.79245,0.79256,1.01,1.10
2017.09.21 12:27:33.907,0.79247,0.79257,1.31,1.95
2017.09.21 12:27:34.464,0.79247,0.79257,1.44,1.57
2017.09.21 12:27:35.026,0.79246,0.79257,2.32,1.57
2017.09.21 12:27:36.441,0.79247,0.79256,1.44,1.00
2017.09.21 12:27:37.002,0.79246,0.79257,2.70,1.20
2017.09.21 12:27:37.573,0.79246,0.79258,2.51,2.25
2017.09.21 12:27:38.092,0.79246,0.79257,3.82,1.12
2017.09.21 12:27:39.416,0.79246,0.79257,4.39,1.12
2017.09.21 12:27:40.130,0.79246,0.79257,2.70,1.95
2017.09.21 12:27:40.642,0.79246,0.79256,2.51,1.00
2017.09.21 12:27:41.297,0.79246,0.79256,4.20,1.00
2017.09.21 12:27:41.624,0.79244,0.79256,4.20,1.10
2017.09.21 12:27:42.515,0.79245,0.79256,2.14,1.95
2017.09.21 12:27:43.022,0.79244,0.79257,2.89,1.76
2017.09.21 12:27:44.364,0.79245,0.79256,2.14,1.20
2017.09.21 12:27:45.188,0.79244,0.79257,2.89,4.01
2017.09.21 12:27:45.715,0.79245,0.79256,1.57,2.70
2017.09.21 12:27:46.222,0.79245,0.79256,1.10,1.10
2017.09.21 12:27:47.448,0.79244,0.79256,2.89,2.33
2017.09.21 12:27:48.117,0.79244,0.79256,2.70,1.01
2017.09.21 12:27:48.618,0.79244,0.79256,2.89,2.33
2017.09.21 12:27:49.715,0.79244,0.79256,2.70,1.01
2017.09.21 12:27:50.217,0.79244,0.79256,2.89,1.66
2017.09.21 12:27:50.743,0.79244,0.79256,2.89,1.58
2017.09.21 12:27:51.556,0.79245,0.79256,1.10,1.01
2017.09.21 12:27:53.188,0.79245,0.79256,1.57,1.95
2017.09.21 12:27:54.719,0.79244,0.79256,3.07,1.01
2017.09.21 12:27:55.268,0.79245,0.79256,1.10,2.33
2017.09.21 12:27:55.785,0.79245,0.79256,1.66,2.14
2017.09.21 12:27:56.307,0.79244,0.79256,1.76,1.01
2017.09.21 12:27:56.809,0.79244,0.79256,4.20,1.76
2017.09.21 12:27:57.355,0.79245,0.79257,1.20,1.20
2017.09.21 12:27:58.276,0.79245,0.79257,1.01,1.57
2017.09.21 12:27:59.103,0.79244,0.79257,2.89,3.45
2017.09.21 12:27:59.636,0.79245,0.79257,1.39,3.26
2017.09.21 12:28:00.210,0.79245,0.79257,1.57,4.01
2017.09.21 12:28:01.056,0.79245,0.79257,2.89,2.32
2017.09.21 12:28:01.258,0.79248,0.79258,1.56,1.37
2017.09.21 12:28:01.769,0.79248,0.79259,3.45,1.47
2017.09.21 12:28:02.404,0.79248,0.79259,3.45,1.10
2017.09.21 12:28:03.060,0.79249,0.79259,1.31,3.07
2017.09.21 12:28:03.705,0.79249,0.79259,1.25,1.10
2017.09.21 12:28:06.353,0.79248,0.79259,3.45,2.32
2017.09.21 12:28:07.002,0.79248,0.79259,2.32,1.10
2017.09.21 12:28:08.140,0.79249,0.79259,1.44,2.70
2017.09.21 12:28:08.792,0.79248,0.79259,4.20,1.57
2017.09.21 12:28:09.368,0.79249,0.79259,1.87,1.10
2017.09.21 12:28:10.160,0.79248,0.7926,3.07,4.20
2017.09.21 12:28:10.692,0.79249,0.79259,1.87,2.32
2017.09.21 12:28:11.193,0.79248,0.7926,3.45,4.57
2017.09.21 12:28:12.352,0.79248,0.79258,2.06,1.10
2017.09.21 12:28:12.853,0.79248,0.79258,1.69,1.20
2017.09.21 12:28:13.357,0.79248,0.79258,1.31,1.57
2017.09.21 12:28:13.939,0.79248,0.79258,1.69,2.32
2017.09.21 12:28:14.690,0.79248,0.79257,1.69,1.00
2017.09.21 12:28:15.237,0.79248,0.79258,2.25,1.00
2017.09.21 12:28:16.577,0.79249,0.79259,1.57,2.25
2017.09.21 12:28:16.882,0.79249,0.79258,1.00,1.47
2017.09.21 12:28:18.182,0.79248,0.79258,2.06,1.47
2017.09.21 12:28:18.498,0.79251,0.79257,1.00,1.00
2017.09.21 12:28:19.044,0.79251,0.79258,1.00,1.10
2017.09.21 12:28:19.992,0.79251,0.79257,1.00,1.00
2017.09.21 12:28:20.625,0.79251,0.79258,1.00,1.10
2017.09.21 12:28:21.417,0.79251,0.79257,1.00,1.00
2017.09.21 12:28:21.678,0.79249,0.79258,1.50,1.10
2017.09.21 12:28:22.193,0.79248,0.79258,1.00,1.20
2017.09.21 12:28:22.766,0.79246,0.79258,2.14,1.95
2017.09.21 12:28:22.817,0.79249,0.79259,1.81,1.12
2017.09.21 12:28:22.868,0.7925,0.79258,1.12,1.00
2017.09.21 12:28:23.021,0.79247,0.79258,5.70,1.00
2017.09.21 12:28:23.572,0.79247,0.79257,2.81,1.00
2017.09.21 12:28:24.134,0.79247,0.79258,2.81,1.50
2017.09.21 12:28:24.913,0.79247,0.79257,3.56,1.00
2017.09.21 12:28:25.420,0.79248,0.79258,1.00,1.50
2017.09.21 12:28:26.082,0.79248,0.79257,1.25,1.00
2017.09.21 12:28:26.721,0.79248,0.79258,1.25,1.87
2017.09.21 12:28:27.226,0.79248,0.79258,1.25,1.50
2017.09.21 12:28:27.748,0.79249,0.79257,1.00,1.12
2017.09.21 12:28:27.850,0.7925,0.79258,2.25,1.00
2017.09.21 12:28:27.951,0.79247,0.79257,1.39,1.12
2017.09.21 12:28:29.253,0.79247,0.79258,2.14,1.87
2017.09.21 12:28:30.267,0.79248,0.79258,1.19,1.87
2017.09.21 12:28:30.782,0.79247,0.79257,1.01,1.00
2017.09.21 12:28:31.434,0.79248,0.79258,1.25,1.87
2017.09.21 12:28:32.952,0.79247,0.79257,1.57,1.00
2017.09.21 12:28:33.486,0.79247,0.79257,1.31,2.25
2017.09.21 12:28:34.032,0.79246,0.79257,1.00,3.56
2017.09.21 12:28:34.544,0.79247,0.79257,1.00,2.62
2017.09.21 12:28:35.104,0.79246,0.79256,1.31,1.00
2017.09.21 12:28:35.605,0.79246,0.79256,1.00,1.69
2017.09.21 12:28:36.192,0.79246,0.79257,1.00,1.31
2017.09.21 12:28:36.705,0.79246,0.79255,1.00,1.25
2017.09.21 12:28:36.909,0.79245,0.79252,1.00,1.50
2017.09.21 12:28:37.112,0.79247,0.79256,1.12,1.50
2017.09.21 12:28:37.466,0.79245,0.79255,1.00,1.00
2017.09.21 12:28:38.077,0.79244,0.79255,2.32,1.20
2017.09.21 12:28:38.631,0.79245,0.79255,1.50,1.20
2017.09.21 12:28:39.177,0.79244,0.79254,1.57,1.00
2017.09.21 12:28:40.267,0.79244,0.79254,1.57,1.00
2017.09.21 12:28:40.479,0.79244,0.79255,1.39,1.20
2017.09.21 12:28:41.943,0.79245,0.79255,1.00,1.57
2017.09.21 12:28:43.103,0.79245,0.79254,1.31,1.00
2017.09.21 12:28:43.670,0.79245,0.79254,1.31,1.00
2017.09.21 12:28:44.202,0.79244,0.79255,2.62,1.50
2017.09.21 12:28:44.556,0.79247,0.79257,1.62,2.70
2017.09.21 12:28:44.759,0.79248,0.79258,2.25,1.12
2017.09.21 12:28:45.261,0.79249,0.7926,1.12,1.87
2017.09.21 12:28:45.764,0.7925,0.7926,1.31,1.87
2017.09.21 12:28:46.605,0.7925,0.79261,1.25,1.87
2017.09.21 12:28:47.174,0.7925,0.7926,1.50,1.50
2017.09.21 12:28:47.718,0.7925,0.79261,1.31,1.12
2017.09.21 12:28:48.253,0.7925,0.7926,1.31,1.50
2017.09.21 12:28:49.000,0.7925,0.79261,1.31,3.82
2017.09.21 12:28:49.612,0.7925,0.79261,1.31,3.82
2017.09.21 12:28:51.259,0.79249,0.7926,1.69,1.50
2017.09.21 12:28:51.687,0.79253,0.7926,1.00,3.00
2017.09.21 12:28:51.992,0.79255,0.7926,1.00,2.62
2017.09.21 12:28:53.095,0.79255,0.79262,1.00,2.70
2017.09.21 12:28:53.847,0.79255,0.79262,1.00,1.12
2017.09.21 12:28:56.464,0.79255,0.79261,1.00,1.00
2017.09.21 12:28:58.598,0.79255,0.79262,1.00,1.00
2017.09.21 12:28:59.101,0.79255,0.79264,1.00,3.45
2017.09.21 12:28:59.927,0.79255,0.79264,1.00,2.51
2017.09.21 12:29:00.277,0.79256,0.79265,1.00,1.57
2017.09.21 12:29:00.581,0.79254,0.7926,1.12,1.50
2017.09.21 12:29:00.632,0.79254,0.79264,1.25,3.00
2017.09.21 12:29:00.839,0.79253,0.79266,3.82,2.14
2017.09.21 12:29:01.424,0.79254,0.79266,1.01,1.37
2017.09.21 12:29:01.942,0.79254,0.79266,2.51,2.62
2017.09.21 12:29:03.022,0.79254,0.79266,1.76,1.69
2017.09.21 12:29:03.857,0.79255,0.79267,1.69,4.20
2017.09.21 12:29:04.569,0.79256,0.79265,1.25,1.16
2017.09.21 12:29:04.721,0.79255,0.79267,1.69,3.45
2017.09.21 12:29:04.823,0.79255,0.79265,1.57,1.00
2017.09.21 12:29:05.281,0.79256,0.79267,1.00,5.62
2017.09.21 12:29:05.815,0.79255,0.79267,1.31,1.57
2017.09.21 12:29:06.322,0.79256,0.79267,2.32,1.47
2017.09.21 12:29:06.848,0.79256,0.79268,1.39,2.70
2017.09.21 12:29:07.447,0.79256,0.79268,1.66,1.62
2017.09.21 12:29:08.115,0.79256,0.79269,1.39,4.39
2017.09.21 12:29:08.675,0.79256,0.79268,1.57,2.25
2017.09.21 12:29:09.185,0.79256,0.79266,1.01,1.00
2017.09.21 12:29:09.833,0.79255,0.79267,4.76,1.12
2017.09.21 12:29:10.350,0.79256,0.79267,1.39,1.12
2017.09.21 12:29:10.873,0.79256,0.79269,2.14,4.95
2017.09.21 12:29:11.944,0.79256,0.79268,1.57,1.50
2017.09.21 12:29:12.474,0.79256,0.79269,1.20,4.20
2017.09.21 12:29:13.475,0.79256,0.79268,2.32,2.25
2017.09.21 12:29:14.004,0.79257,0.79268,1.37,2.25
2017.09.21 12:29:14.650,0.79257,0.79269,2.44,2.32
2017.09.21 12:29:15.191,0.79258,0.79269,1.01,1.20
2017.09.21 12:29:15.702,0.79257,0.79269,3.07,1.20
2017.09.21 12:29:16.384,0.79258,0.79269,1.20,1.20
2017.09.21 12:29:16.913,0.79259,0.79269,1.50,1.95
2017.09.21 12:29:17.420,0.7926,0.79269,1.25,3.07
2017.09.21 12:29:17.471,0.79258,0.79269,2.14,2.32
2017.09.21 12:29:18.129,0.79259,0.79269,1.50,1.20
2017.09.21 12:29:18.675,0.79258,0.79269,1.00,1.57
2017.09.21 12:29:19.181,0.79257,0.79268,1.01,1.20
2017.09.21 12:29:19.688,0.79258,0.79269,1.12,1.95
2017.09.21 12:29:21.510,0.79257,0.79269,2.89,4.76
2017.09.21 12:29:21.746,0.79257,0.79269,2.32,3.07
2017.09.21 12:29:22.283,0.79258,0.79268,1.00,1.20
2017.09.21 12:29:22.798,0.79256,0.79268,2.70,2.51
2017.09.21 12:29:23.402,0.79256,0.79269,2.51,3.07
2017.09.21 12:29:23.985,0.79256,0.79268,2.89,1.39
2017.09.21 12:29:24.529,0.79258,0.79269,1.00,2.32
2017.09.21 12:29:26.408,0.79257,0.79268,1.01,1.10
2017.09.21 12:29:26.509,0.79257,0.79268,1.66,1.01
2017.09.21 12:29:27.039,0.79258,0.79269,1.25,1.50
2017.09.21 12:29:27.749,0.79257,0.7927,2.14,2.88
2017.09.21 12:29:28.418,0.79258,0.79269,1.25,1.50
2017.09.21 12:29:28.900,0.79262,0.79274,1.31,1.07
2017.09.21 12:29:29.205,0.79265,0.79275,2.05,1.00
2017.09.21 12:29:29.711,0.79265,0.79276,1.68,1.00
2017.09.21 12:29:30.416,0.79264,0.79275,2.13,1.00
2017.09.21 12:29:30.703,0.79264,0.79277,1.75,1.10
2017.09.21 12:29:31.069,0.79266,0.79274,1.24,1.00
2017.09.21 12:29:31.695,0.79265,0.79274,1.24,1.00
2017.09.21 12:29:32.196,0.79264,0.79273,2.50,1.00
2017.09.21 12:29:32.703,0.79264,0.79276,1.07,1.01
2017.09.21 12:29:32.906,0.79263,0.79272,1.95,1.00
2017.09.21 12:29:33.109,0.79262,0.79271,1.30,1.00
2017.09.21 12:29:33.695,0.79262,0.79272,1.57,1.00
2017.09.21 12:29:34.205,0.79263,0.79271,1.10,1.00
2017.09.21 12:29:35.765,0.79261,0.7927,1.07,3.00
2017.09.21 12:29:35.866,0.7926,0.79268,1.37,1.00
2017.09.21 12:29:35.917,0.79257,0.79267,2.50,1.00
2017.09.21 12:29:36.428,0.79257,0.79267,2.05,1.37
2017.09.21 12:29:36.947,0.79256,0.79269,1.12,2.70
2017.09.21 12:29:37.353,0.79255,0.79264,2.88,1.00
2017.09.21 12:29:38.000,0.79256,0.79264,1.55,1.00
2017.09.21 12:29:38.400,0.79256,0.79264,1.55,1.00
2017.09.21 12:29:38.946,0.79256,0.79264,1.75,1.00
2017.09.21 12:29:39.499,0.79256,0.79264,2.14,1.00
2017.09.21 12:29:39.693,0.79256,0.79267,2.06,1.00
2017.09.21 12:29:40.210,0.79257,0.79266,1.39,1.00
2017.09.21 12:29:40.774,0.79257,0.79265,1.10,1.00
2017.09.21 12:29:40.825,0.79254,0.79258,1.87,1.00
2017.09.21 12:29:40.926,0.79248,0.79253,1.00,1.00
2017.09.21 12:29:41.181,0.79245,0.79251,1.00,1.00
2017.09.21 12:29:41.897,0.79246,0.79252,1.00,1.00
2017.09.21 12:29:42.505,0.79245,0.79252,1.00,1.00
2017.09.21 12:29:43.115,0.79246,0.79252,1.00,1.00
2017.09.21 12:29:43.363,0.79243,0.79252,1.00,1.10
2017.09.21 12:29:44.757,0.79244,0.79252,1.00,1.10
2017.09.21 12:29:45.265,0.79243,0.79251,1.50,1.00
2017.09.21 12:29:45.518,0.79241,0.79249,1.50,1.00
2017.09.21 12:29:45.620,0.79239,0.79249,1.39,1.00
2017.09.21 12:29:45.722,0.79237,0.79249,1.00,3.00
2017.09.21 12:29:45.773,0.79236,0.79249,3.93,3.64
2017.09.21 12:29:45.875,0.79236,0.79249,2.05,2.32
2017.09.21 12:29:45.976,0.79236,0.79248,3.55,2.32
2017.09.21 12:29:46.553,0.79236,0.79247,3.37,1.07
2017.09.21 12:29:46.705,0.79237,0.79248,1.00,1.20
2017.09.21 12:29:46.857,0.79239,0.79249,1.31,1.95
2017.09.21 12:29:46.910,0.7924,0.79252,1.00,1.45
2017.09.21 12:29:46.962,0.79239,0.79252,2.25,1.07
2017.09.21 12:29:47.115,0.79242,0.79256,2.32,1.95
2017.09.21 12:29:47.166,0.79248,0.79259,1.00,1.87
2017.09.21 12:29:47.218,0.7925,0.79259,2.25,1.45
2017.09.21 12:29:47.388,0.79249,0.79265,1.38,1.25
2017.09.21 12:29:47.489,0.79247,0.79265,1.50,1.88
2017.09.21 12:29:47.946,0.79246,0.79264,2.06,1.38
2017.09.21 12:29:48.098,0.79246,0.79264,1.50,1.00
2017.09.21 12:29:48.302,0.79246,0.79265,2.25,1.88
2017.09.21 12:29:48.529,0.79247,0.79265,1.44,1.88
2017.09.21 12:29:48.632,0.79247,0.79265,1.00,1.00
2017.09.21 12:29:48.937,0.79248,0.79265,3.00,1.00
2017.09.21 12:29:49.039,0.79249,0.79267,2.25,1.00
2017.09.21 12:29:49.090,0.79251,0.79265,1.00,1.00
2017.09.21 12:29:49.496,0.79251,0.79267,6.75,1.00
2017.09.21 12:29:50.003,0.79251,0.79267,4.88,1.38
2017.09.21 12:29:50.055,0.79251,0.79269,6.94,4.13
2017.09.21 12:29:50.106,0.79251,0.79268,5.25,2.63
2017.09.21 12:29:50.208,0.79252,0.79266,2.25,1.38
2017.09.21 12:29:50.716,0.79251,0.79268,1.00,2.81
2017.09.21 12:29:51.223,0.79249,0.79267,3.37,1.25
2017.09.21 12:29:51.274,0.79249,0.79266,3.00,1.00
2017.09.21 12:29:51.529,0.79253,0.79269,1.50,1.25
2017.09.21 12:29:51.833,0.79253,0.79275,1.50,1.87
2017.09.21 12:29:51.885,0.79255,0.79275,1.00,1.87
2017.09.21 12:29:52.037,0.79255,0.79279,1.00,1.37
2017.09.21 12:29:52.191,0.79256,0.79276,1.00,1.25
2017.09.21 12:29:52.731,0.79257,0.79276,1.00,1.00
2017.09.21 12:29:53.035,0.79259,0.79279,1.50,1.38
2017.09.21 12:29:53.239,0.79264,0.79284,1.00,3.37
2017.09.21 12:29:53.290,0.79266,0.79283,1.00,1.00
2017.09.21 12:29:53.594,0.79269,0.79285,1.00,1.88
2017.09.21 12:29:53.696,0.79269,0.79286,1.00,1.00
2017.09.21 12:29:53.891,0.7927,0.79289,1.00,1.00
2017.09.21 12:29:53.993,0.79272,0.79288,1.00,1.00
2017.09.21 12:29:54.094,0.7927,0.79289,1.00,1.00
2017.09.21 12:29:54.196,0.79275,0.79289,1.00,1.00
2017.09.21 12:29:54.247,0.7927,0.79289,1.87,2.63
2017.09.21 12:29:54.400,0.7927,0.79288,4.12,1.38
2017.09.21 12:29:54.603,0.7927,0.79289,1.12,1.44
2017.09.21 12:29:55.180,0.7927,0.79289,2.25,2.44
2017.09.21 12:29:55.753,0.79271,0.7929,1.50,1.25
2017.09.21 12:29:56.218,0.79274,0.79291,1.00,1.50
2017.09.21 12:29:56.320,0.79277,0.79297,1.00,2.62
2017.09.21 12:29:56.372,0.79274,0.79298,1.00,1.37
2017.09.21 12:29:56.532,0.79276,0.79299,1.00,1.12
2017.09.21 12:29:56.988,0.79281,0.79299,1.00,1.12
2017.09.21 12:29:57.293,0.79277,0.79299,1.00,1.50
2017.09.21 12:29:57.344,0.79279,0.79299,1.00,2.25
2017.09.21 12:29:57.649,0.79287,0.79306,1.00,1.87
2017.09.21 12:29:57.952,0.79297,0.79307,1.00,2.25
2017.09.21 12:29:58.155,0.79288,0.79301,1.75,1.00
2017.09.21 12:29:58.206,0.7929,0.79308,1.12,1.00
2017.09.21 12:29:58.257,0.79291,0.79319,1.12,1.00
2017.09.21 12:29:58.460,0.79291,0.79319,2.06,1.00
2017.09.21 12:29:58.867,0.79293,0.79318,1.31,1.00
2017.09.21 12:29:58.968,0.79293,0.79319,1.31,1.12
2017.09.21 12:29:59.069,0.79292,0.7931,1.12,1.00
2017.09.21 12:29:59.171,0.79291,0.79318,2.25,1.00
2017.09.21 12:29:59.222,0.79299,0.79319,1.37,1.50
2017.09.21 12:29:59.561,0.79308,0.79329,1.94,1.50
2017.09.21 12:29:59.662,0.79307,0.79327,1.87,1.37
2017.09.21 12:29:59.881,0.79308,0.7933,1.19,1.50
2017.09.21 12:30:00.185,0.79307,0.79327,1.25,1.12
2017.09.21 12:30:00.237,0.79305,0.79327,1.12,1.12
2017.09.21 12:30:00.288,0.79305,0.79326,1.12,1.31
2017.09.21 12:30:00.440,0.79298,0.79319,1.00,1.00
2017.09.21 12:30:00.970,0.79298,0.79319,3.37,1.12
2017.09.21 12:30:01.274,0.79299,0.79317,1.12,1.00
2017.09.21 12:30:01.734,0.79298,0.79317,1.50,1.19
2017.09.21 12:30:01.886,0.79295,0.79315,1.12,3.94
2017.09.21 12:30:02.137,0.79295,0.79314,1.12,1.19
2017.09.21 12:30:02.290,0.79288,0.79309,1.12,1.69
2017.09.21 12:30:02.544,0.79286,0.79307,1.87,1.00
2017.09.21 12:30:02.595,0.79286,0.79311,1.50,1.00
2017.09.21 12:30:02.646,0.79291,0.79315,1.00,1.87
2017.09.21 12:30:02.697,0.79286,0.79315,1.12,1.12
2017.09.21 12:30:02.748,0.79284,0.79318,1.12,1.37
2017.09.21 12:30:03.052,0.79288,0.79304,1.50,1.00
2017.09.21 12:30:03.153,0.79284,0.79319,3.75,1.37
2017.09.21 12:30:03.363,0.79284,0.79314,1.00,1.37
2017.09.21 12:30:03.516,0.79283,0.79306,2.62,1.00
2017.09.21 12:30:03.567,0.79282,0.79306,4.12,1.19
2017.09.21 12:30:03.771,0.79282,0.79301,3.75,1.00
2017.09.21 12:30:04.076,0.79261,0.79269,4.75,1.00
2017.09.21 12:30:04.178,0.79248,0.79268,2.25,1.00
2017.09.21 12:30:04.280,0.79248,0.79274,1.87,2.44
2017.09.21 12:30:04.349,0.79248,0.79274,1.87,1.19
2017.09.21 12:30:04.546,0.79247,0.79274,4.12,1.00
2017.09.21 12:30:05.069,0.79249,0.7927,1.50,1.69
2017.09.21 12:30:05.374,0.79249,0.79269,1.50,1.25
2017.09.21 12:30:05.885,0.7925,0.79269,1.62,2.62
2017.09.21 12:30:06.198,0.7925,0.79269,1.25,1.25
2017.09.21 12:30:06.249,0.79254,0.79269,1.00,1.25
2017.09.21 12:30:06.350,0.79251,0.7927,1.25,1.19
2017.09.21 12:30:06.402,0.79253,0.7927,1.00,1.19
2017.09.21 12:30:06.453,0.79251,0.79269,1.25,1.25
2017.09.21 12:30:06.807,0.79253,0.79269,1.00,1.00
2017.09.21 12:30:07.356,0.79254,0.79269,1.00,1.00
2017.09.21 12:30:08.555,0.79252,0.79269,1.50,1.00
2017.09.21 12:30:08.791,0.79263,0.79268,1.00,1.50
2017.09.21 12:30:08.943,0.79263,0.7927,1.00,1.50
2017.09.21 12:30:09.487,0.79263,0.7927,1.00,2.06
2017.09.21 12:30:09.589,0.79252,0.7927,2.06,2.06
2017.09.21 12:30:09.872,0.79263,0.7927,1.00,2.06
2017.09.21 12:30:10.028,0.79248,0.79268,1.25,5.25
2017.09.21 12:30:10.079,0.79245,0.79259,1.69,1.12
2017.09.21 12:30:10.489,0.79245,0.79257,1.00,1.00
2017.09.21 12:30:10.793,0.79244,0.79257,1.00,1.57
2017.09.21 12:30:12.019,0.79244,0.79258,1.00,1.87
2017.09.21 12:30:12.545,0.79245,0.79259,1.00,1.62
2017.09.21 12:30:13.149,0.79244,0.7926,1.00,2.06
2017.09.21 12:30:13.487,0.79245,0.79259,1.00,2.00
2017.09.21 12:30:13.804,0.79243,0.7926,1.00,2.44
2017.09.21 12:30:14.422,0.79244,0.79259,1.00,1.62
2017.09.21 12:30:14.930,0.79243,0.79256,1.69,3.75
2017.09.21 12:30:15.471,0.79244,0.79256,1.00,3.37
2017.09.21 12:30:16.067,0.79246,0.79256,1.87,2.25
2017.09.21 12:30:16.118,0.79245,0.7926,1.12,1.87
2017.09.21 12:30:16.169,0.79249,0.79259,1.00,1.12
2017.09.21 12:30:16.314,0.79248,0.79265,1.69,2.81
2017.09.21 12:30:16.370,0.79249,0.79266,1.38,1.75
2017.09.21 12:30:16.421,0.79248,0.79265,2.63,1.50
2017.09.21 12:30:17.001,0.7925,0.79265,1.00,1.37
2017.09.21 12:30:17.153,0.79249,0.79268,1.88,1.50
2017.09.21 12:30:17.204,0.7925,0.79267,4.13,1.50
2017.09.21 12:30:17.581,0.7925,0.79266,3.75,1.38
2017.09.21 12:30:18.320,0.7925,0.79267,2.06,3.19
2017.09.21 12:30:18.421,0.7925,0.79267,2.19,1.31
2017.09.21 12:30:18.882,0.79247,0.79257,1.12,1.00
2017.09.21 12:30:19.221,0.79243,0.79257,1.12,1.82
2017.09.21 12:30:19.717,0.79246,0.79255,1.50,1.00
2017.09.21 12:30:20.325,0.79247,0.79258,1.20,1.20
2017.09.21 12:30:20.825,0.79246,0.79256,1.31,1.00
2017.09.21 12:30:20.926,0.79242,0.79255,1.82,1.25
2017.09.21 12:30:20.977,0.79242,0.79253,1.82,1.00
2017.09.21 12:30:21.300,0.7924,0.79248,1.50,1.00
2017.09.21 12:30:21.604,0.7924,0.79255,1.75,1.45
2017.09.21 12:30:21.655,0.79243,0.79256,1.00,1.00
2017.09.21 12:30:21.706,0.79242,0.79256,1.75,1.00
2017.09.21 12:30:21.910,0.79243,0.79259,1.37,2.62
2017.09.21 12:30:22.235,0.79243,0.79258,1.47,1.45
2017.09.21 12:30:22.289,0.79242,0.79254,1.45,1.00
2017.09.21 12:30:22.340,0.7924,0.7925,1.45,4.50
2017.09.21 12:30:22.391,0.79223,0.79234,1.75,1.00
2017.09.21 12:30:22.442,0.79223,0.79238,1.00,1.00
2017.09.21 12:30:22.544,0.7923,0.79236,1.00,1.00
2017.09.21 12:30:22.596,0.79226,0.79238,1.37,1.00
2017.09.21 12:30:22.648,0.79229,0.79242,1.37,1.00
2017.09.21 12:30:22.800,0.79227,0.79241,1.12,1.00
2017.09.21 12:30:22.902,0.79228,0.79238,1.50,1.00
2017.09.21 12:30:22.953,0.79219,0.79241,2.44,2.25
2017.09.21 12:30:23.103,0.79227,0.79237,1.50,1.50
2017.09.21 12:30:23.408,0.7922,0.79231,3.75,1.00
2017.09.21 12:30:23.459,0.79223,0.79234,1.50,1.00
2017.09.21 12:30:23.661,0.79222,0.79237,1.50,1.50
2017.09.21 12:30:23.914,0.7922,0.79235,1.75,1.00
2017.09.21 12:30:24.254,0.79219,0.79231,1.75,1.00
2017.09.21 12:30:24.810,0.79219,0.79231,1.50,1.00
2017.09.21 12:30:25.113,0.79217,0.79232,3.75,1.50
2017.09.21 12:30:25.164,0.79217,0.79232,4.50,1.87
2017.09.21 12:30:25.447,0.79217,0.79232,4.50,2.62
2017.09.21 12:30:25.498,0.79219,0.79227,1.50,1.00
2017.09.21 12:30:25.550,0.79218,0.79228,1.75,1.50
2017.09.21 12:30:25.855,0.79219,0.79226,3.75,1.00
2017.09.21 12:30:25.907,0.79217,0.79227,1.75,1.12
2017.09.21 12:30:26.009,0.79218,0.79227,1.00,1.00
2017.09.21 12:30:26.060,0.79212,0.79226,1.00,3.15
2017.09.21 12:30:26.111,0.79213,0.79226,3.75,3.00
2017.09.21 12:30:26.163,0.7921,0.79226,3.75,1.50
2017.09.21 12:30:26.265,0.79212,0.79227,3.75,2.25
2017.09.21 12:30:26.441,0.79213,0.79227,1.00,1.37
2017.09.21 12:30:26.492,0.7921,0.79227,1.50,1.12
2017.09.21 12:30:26.543,0.79215,0.79224,1.00,1.00
2017.09.21 12:30:26.897,0.79208,0.79223,1.87,1.25
2017.09.21 12:30:27.050,0.7921,0.79223,1.50,1.50
2017.09.21 12:30:27.152,0.79209,0.79223,2.25,1.00
2017.09.21 12:30:27.266,0.79209,0.7922,2.25,1.00
2017.09.21 12:30:27.572,0.7921,0.79223,1.50,1.95
2017.09.21 12:30:27.674,0.79211,0.79224,1.50,1.07
2017.09.21 12:30:27.929,0.7921,0.79227,1.95,1.57
2017.09.21 12:30:28.279,0.79214,0.79226,1.37,1.95
2017.09.21 12:30:28.635,0.79216,0.79227,1.00,1.10
2017.09.21 12:30:28.837,0.79218,0.79227,1.50,1.10
2017.09.21 12:30:29.545,0.79215,0.79227,1.37,1.07
2017.09.21 12:30:29.748,0.79214,0.79226,1.50,1.57
2017.09.21 12:30:30.054,0.79216,0.79231,2.70,3.82
2017.09.21 12:30:30.199,0.79219,0.79231,1.37,1.45
2017.09.21 12:30:30.301,0.79219,0.79232,2.25,1.07
2017.09.21 12:30:30.555,0.79218,0.79228,1.87,1.10
2017.09.21 12:30:30.606,0.79216,0.79227,1.20,1.00
2017.09.21 12:30:30.657,0.79215,0.7923,1.37,1.50
2017.09.21 12:30:30.759,0.79214,0.79228,1.95,1.20
2017.09.21 12:30:30.964,0.79214,0.79227,1.07,1.45
2017.09.21 12:30:31.129,0.79211,0.79223,1.20,1.00
2017.09.21 12:30:31.484,0.7921,0.7922,1.75,1.00
2017.09.21 12:30:31.586,0.79207,0.79218,1.75,1.50
2017.09.21 12:30:31.841,0.79206,0.79218,1.37,1.25
2017.09.21 12:30:31.942,0.79204,0.79217,1.85,1.07
2017.09.21 12:30:32.198,0.79202,0.79217,1.57,2.62
2017.09.21 12:30:32.249,0.79202,0.79216,4.50,1.12
2017.09.21 12:30:32.452,0.79205,0.79221,1.50,1.00
2017.09.21 12:30:32.503,0.79205,0.7922,1.50,1.87
2017.09.21 12:30:32.706,0.79204,0.79217,1.57,1.00
2017.09.21 12:30:33.185,0.79203,0.79216,1.75,1.57
2017.09.21 12:30:33.796,0.79202,0.79216,4.50,1.12
2017.09.21 12:30:33.999,0.792,0.79213,1.75,1.00
2017.09.21 12:30:34.304,0.79201,0.79215,1.50,1.00
2017.09.21 12:30:34.355,0.79201,0.79216,2.06,3.00
2017.09.21 12:30:34.672,0.792,0.79217,5.25,1.12
2017.09.21 12:30:35.177,0.79202,0.79217,3.75,2.25
2017.09.21 12:30:35.329,0.79202,0.79214,3.75,1.00
2017.09.21 12:30:35.650,0.79201,0.79211,1.50,1.00
2017.09.21 12:30:35.853,0.792,0.79213,1.75,1.00
2017.09.21 12:30:36.007,0.792,0.79213,4.50,2.25
2017.09.21 12:30:36.513,0.792,0.79214,4.50,3.37
2017.09.21 12:30:37.100,0.792,0.79213,4.50,2.32
2017.09.21 12:30:37.609,0.79201,0.79214,1.75,1.10
2017.09.21 12:30:37.770,0.79206,0.79214,1.37,1.00
2017.09.21 12:30:38.076,0.79204,0.79218,5.25,1.57
2017.09.21 12:30:38.127,0.79204,0.79218,5.25,1.12
2017.09.21 12:30:38.393,0.79204,0.79215,1.20,1.00
2017.09.21 12:30:38.495,0.79205,0.79217,1.85,1.57
2017.09.21 12:30:38.546,0.79204,0.79216,1.45,1.50
2017.09.21 12:30:38.597,0.79203,0.79215,1.20,1.00
2017.09.21 12:30:38.932,0.79201,0.79215,4.95,3.07
2017.09.21 12:30:39.290,0.79201,0.79216,3.82,1.45
2017.09.21 12:30:40.380,0.79205,0.79215,1.37,1.00
2017.09.21 12:30:40.532,0.79211,0.79224,1.95,1.57
2017.09.21 12:30:41.129,0.79211,0.79226,1.45,10.39
2017.09.21 12:30:41.189,0.79209,0.79222,1.75,4.12
2017.09.21 12:30:41.493,0.79211,0.79224,1.50,3.82
2017.09.21 12:30:41.899,0.7921,0.79219,1.82,1.19
2017.09.21 12:30:42.001,0.79204,0.79215,3.26,1.50
2017.09.21 12:30:42.241,0.79205,0.79214,2.44,1.50
2017.09.21 12:30:42.393,0.79201,0.79212,1.57,1.12
2017.09.21 12:30:42.855,0.79201,0.7921,1.69,1.10
2017.09.21 12:30:43.460,0.79201,0.7921,1.63,1.20
2017.09.21 12:30:43.764,0.792,0.7921,1.25,1.57
2017.09.21 12:30:43.816,0.792,0.7921,1.63,3.45
2017.09.21 12:30:44.386,0.79198,0.79211,1.85,1.95
2017.09.21 12:30:45.071,0.79201,0.79212,1.47,2.62
2017.09.21 12:30:45.224,0.79206,0.7922,3.00,2.32
2017.09.21 12:30:45.325,0.79211,0.79222,3.75,4.57
2017.09.21 12:30:45.426,0.7921,0.79223,1.87,1.10
2017.09.21 12:30:45.564,0.7921,0.79223,3.00,1.10
2017.09.21 12:30:45.869,0.79213,0.79223,4.87,1.00
2017.09.21 12:30:46.021,0.79215,0.79227,4.95,1.50
2017.09.21 12:30:46.624,0.79215,0.79227,5.32,1.87
2017.09.21 12:30:47.131,0.79216,0.79226,4.95,1.00
2017.09.21 12:30:47.435,0.79218,0.79232,2.70,2.25
2017.09.21 12:30:47.486,0.79218,0.79233,4.95,3.37
2017.09.21 12:30:47.537,0.79219,0.79234,2.25,1.07
2017.09.21 12:30:48.410,0.79221,0.79234,1.47,1.31
2017.09.21 12:30:48.949,0.79221,0.79234,1.95,1.31
2017.09.21 12:30:49.457,0.79221,0.79234,1.95,1.62
2017.09.21 12:30:50.122,0.79221,0.79234,1.95,1.69
2017.09.21 12:30:51.760,0.79222,0.79234,1.45,1.62
2017.09.21 12:30:52.727,0.79221,0.79234,2.51,1.31
2017.09.21 12:30:53.815,0.79222,0.79233,1.70,1.25
2017.09.21 12:30:55.615,0.79219,0.79227,2.62,2.44
2017.09.21 12:30:55.718,0.79217,0.79227,2.32,1.50
2017.09.21 12:30:55.846,0.79217,0.79225,1.57,1.00
2017.09.21 12:30:56.359,0.79216,0.79224,1.37,2.25
2017.09.21 12:30:56.917,0.79219,0.79225,2.25,2.25
2017.09.21 12:30:57.110,0.79224,0.79232,1.75,1.00
2017.09.21 12:30:57.162,0.79226,0.79234,1.63,1.00
2017.09.21 12:30:57.670,0.79224,0.79235,1.75,1.50
2017.09.21 12:30:57.981,0.7923,0.79235,1.00,1.00
2017.09.21 12:30:58.082,0.79235,0.79243,1.50,1.00
2017.09.21 12:30:58.391,0.79235,0.79244,1.50,1.00
2017.09.21 12:31:00.113,0.79236,0.79245,1.13,2.62
2017.09.21 12:31:00.266,0.79234,0.79245,1.31,2.25
2017.09.21 12:31:00.770,0.79234,0.79245,1.95,4.87
2017.09.21 12:31:01.535,0.79233,0.79245,1.75,7.50
2017.09.21 12:31:02.066,0.79235,0.79244,1.50,2.62
2017.09.21 12:31:02.168,0.79235,0.79246,1.38,1.50
2017.09.21 12:31:02.270,0.79234,0.79244,1.20,1.00
2017.09.21 12:31:02.825,0.79233,0.79244,1.87,1.50
2017.09.21 12:31:05.369,0.79233,0.79245,1.95,4.69
2017.09.21 12:31:05.822,0.79237,0.79244,1.38,1.12
2017.09.21 12:31:06.075,0.7924,0.7925,1.20,2.62
2017.09.21 12:31:06.581,0.7924,0.79251,1.95,1.00
2017.09.21 12:31:07.125,0.7924,0.79252,4.01,1.12
2017.09.21 12:31:07.635,0.7924,0.79252,1.39,3.00
2017.09.21 12:31:08.406,0.7924,0.79252,2.70,1.37
2017.09.21 12:31:08.916,0.79241,0.79252,1.47,2.06
2017.09.21 12:31:09.294,0.79239,0.79248,1.00,1.31
2017.09.21 12:31:09.432,0.79237,0.79247,1.95,4.31
2017.09.21 12:31:09.484,0.79234,0.79246,1.57,1.87
2017.09.21 12:31:10.052,0.79234,0.79246,1.13,3.00
2017.09.21 12:31:10.558,0.79232,0.79245,3.45,1.19
2017.09.21 12:31:10.702,0.79232,0.79246,1.95,3.26
2017.09.21 12:31:11.209,0.79232,0.79244,1.31,1.57
2017.09.21 12:31:11.938,0.79227,0.79237,1.00,2.99
2017.09.21 12:31:11.989,0.79224,0.79237,1.95,4.19
2017.09.21 12:31:12.546,0.79225,0.79236,1.00,1.20
2017.09.21 12:31:13.068,0.79223,0.79236,1.25,1.95
2017.09.21 12:31:13.610,0.79222,0.79235,2.33,1.00
2017.09.21 12:31:14.154,0.79222,0.79235,2.33,2.14
2017.09.21 12:31:14.590,0.79225,0.79235,2.25,2.44
2017.09.21 12:31:14.692,0.79229,0.79238,1.12,3.07
2017.09.21 12:31:14.798,0.79231,0.79239,1.25,1.00
2017.09.21 12:31:14.901,0.79232,0.79242,1.38,1.95
2017.09.21 12:31:15.003,0.79232,0.79243,1.38,2.32
2017.09.21 12:31:15.207,0.79231,0.79243,3.00,1.00
2017.09.21 12:31:15.735,0.79231,0.79243,1.12,1.10
2017.09.21 12:31:16.379,0.7923,0.79243,3.08,1.00
2017.09.21 12:31:16.891,0.79232,0.79245,1.01,2.32
2017.09.21 12:31:17.043,0.79234,0.79245,1.69,1.87
2017.09.21 12:31:17.236,0.79235,0.79247,1.13,4.39
2017.09.21 12:31:17.592,0.79233,0.79246,1.87,1.57
2017.09.21 12:31:18.100,0.79233,0.79245,1.12,1.20
2017.09.21 12:31:18.626,0.79232,0.79244,2.06,1.87
2017.09.21 12:31:19.438,0.79232,0.79244,1.87,1.12
2017.09.21 12:31:20.217,0.79233,0.79244,1.00,1.31
2017.09.21 12:31:20.739,0.79231,0.79244,4.95,2.25
2017.09.21 12:31:24.311,0.79231,0.79243,1.63,1.00
2017.09.21 12:31:24.413,0.79232,0.7924,1.12,1.00
2017.09.21 12:31:25.444,0.7923,0.7924,3.45,1.00
2017.09.21 12:31:25.760,0.79229,0.79239,1.00,6.18
2017.09.21 12:31:25.920,0.79225,0.79237,1.57,2.13
2017.09.21 12:31:26.494,0.79224,0.79235,3.37,1.00
2017.09.21 12:31:26.748,0.79227,0.79239,1.00,6.45
2017.09.21 12:31:26.900,0.79229,0.79239,1.50,2.32
2017.09.21 12:31:27.208,0.7923,0.79239,3.00,1.00
2017.09.21 12:31:27.705,0.7923,0.79239,1.10,1.00
2017.09.21 12:31:27.808,0.79226,0.79238,3.07,3.93
2017.09.21 12:31:28.313,0.79224,0.79236,1.87,3.74
2017.09.21 12:31:28.972,0.79224,0.7923,1.87,1.37
2017.09.21 12:31:29.227,0.79223,0.79227,1.69,1.00
2017.09.21 12:31:29.477,0.79224,0.79235,1.87,1.37
2017.09.21 12:31:30.992,0.79227,0.79236,1.25,3.80
2017.09.21 12:31:31.094,0.79226,0.79237,4.12,2.32
2017.09.21 12:31:31.145,0.7923,0.79239,2.81,3.37
2017.09.21 12:31:31.197,0.79231,0.79239,1.50,1.00
2017.09.21 12:31:31.703,0.79231,0.79239,2.70,1.00
2017.09.21 12:31:32.242,0.79232,0.79239,1.38,1.00
2017.09.21 12:31:32.880,0.79233,0.79239,1.25,1.00
2017.09.21 12:31:33.404,0.79234,0.79239,1.25,1.00
2017.09.21 12:31:33.940,0.79232,0.79239,1.10,1.00
2017.09.21 12:31:35.055,0.79232,0.79239,1.58,1.00
2017.09.21 12:31:35.556,0.79231,0.79239,1.45,1.00
2017.09.21 12:31:36.074,0.79232,0.79239,1.58,1.00
2017.09.21 12:31:36.628,0.79232,0.79239,1.58,1.00
2017.09.21 12:31:37.388,0.79233,0.79239,1.13,1.00
2017.09.21 12:31:38.105,0.79231,0.79239,1.01,1.00
2017.09.21 12:31:38.257,0.7923,0.79239,1.00,1.00
2017.09.21 12:31:38.707,0.7923,0.79239,1.50,1.00
2017.09.21 12:31:39.262,0.79231,0.79239,1.10,1.00
2017.09.21 12:31:40.869,0.79231,0.79239,3.00,1.00
2017.09.21 12:31:41.886,0.79231,0.79239,3.64,1.00
2017.09.21 12:31:42.469,0.79231,0.79239,3.19,1.00
2017.09.21 12:31:42.776,0.79233,0.79239,1.00,1.00
2017.09.21 12:31:43.507,0.79233,0.79239,2.06,1.00
2017.09.21 12:31:44.022,0.79233,0.79239,1.31,1.00
2017.09.21 12:31:44.544,0.79234,0.79239,1.12,1.00
2017.09.21 12:31:44.851,0.79234,0.7924,3.75,1.00
2017.09.21 12:31:45.882,0.79235,0.79239,1.00,1.00
2017.09.21 12:31:48.303,0.79235,0.7924,1.37,1.00
2017.09.21 12:31:48.405,0.79241,0.7925,1.00,1.37
2017.09.21 12:31:48.456,0.79243,0.7925,1.00,1.00
2017.09.21 12:31:48.507,0.79243,0.79254,1.12,3.26
2017.09.21 12:31:48.863,0.79244,0.79255,2.62,1.31
2017.09.21 12:31:49.066,0.79243,0.79254,1.87,2.25
2017.09.21 12:31:49.588,0.79243,0.79254,3.37,1.00
2017.09.21 12:31:49.942,0.79244,0.79256,3.37,2.32
2017.09.21 12:31:50.310,0.79245,0.79254,3.37,1.25
2017.09.21 12:31:50.848,0.79245,0.79255,2.62,2.25
2017.09.21 12:31:51.354,0.79245,0.79254,2.62,1.50
2017.09.21 12:31:52.699,0.79244,0.79255,2.62,1.00
2017.09.21 12:31:53.201,0.79244,0.79256,2.62,1.25
2017.09.21 12:31:53.676,0.79244,0.79255,3.37,2.81
2017.09.21 12:31:53.881,0.79242,0.79253,1.12,1.20
2017.09.21 12:31:53.983,0.79243,0.79255,2.62,5.70
2017.09.21 12:31:54.186,0.79241,0.79252,1.00,1.31
2017.09.21 12:31:54.797,0.79241,0.79251,1.00,1.25
2017.09.21 12:31:55.051,0.79242,0.79255,2.25,5.51
2017.09.21 12:31:55.304,0.79243,0.79255,1.87,1.39
2017.09.21 12:31:55.405,0.79244,0.79255,2.25,1.31
2017.09.21 12:31:55.951,0.79244,0.79254,3.00,1.25
2017.09.21 12:31:56.418,0.79242,0.79255,3.75,2.51
2017.09.21 12:31:56.621,0.79242,0.79254,7.87,1.31
2017.09.21 12:31:56.925,0.79237,0.79247,2.32,2.63
2017.09.21 12:31:57.128,0.79235,0.79247,1.47,1.58
2017.09.21 12:31:57.180,0.79235,0.7924,2.14,1.00
2017.09.21 12:31:58.327,0.79235,0.7924,1.00,1.00
2017.09.21 12:31:59.894,0.79235,0.7924,2.25,1.00
2017.09.21 12:32:01.867,0.79236,0.79241,3.00,1.00
2017.09.21 12:32:01.918,0.79238,0.79249,3.00,1.20
2017.09.21 12:32:01.969,0.7924,0.79251,2.33,2.25
2017.09.21 12:32:02.020,0.79243,0.79254,1.25,3.45
2017.09.21 12:32:02.482,0.79244,0.79255,1.00,1.31
2017.09.21 12:32:03.086,0.79245,0.79256,1.00,4.57
2017.09.21 12:32:03.705,0.79244,0.79256,1.69,1.12
2017.09.21 12:32:04.110,0.7925,0.79258,1.10,3.94
2017.09.21 12:32:04.212,0.79252,0.79264,1.12,3.93
2017.09.21 12:32:04.414,0.79252,0.79264,1.58,1.68
2017.09.21 12:32:04.465,0.79252,0.79264,1.95,1.24
2017.09.21 12:32:05.047,0.79252,0.79264,2.33,1.50
2017.09.21 12:32:05.503,0.79254,0.79266,1.47,1.68
2017.09.21 12:32:05.809,0.79255,0.79269,1.01,1.50
2017.09.21 12:32:05.961,0.79256,0.79268,1.95,1.43
2017.09.21 12:32:06.469,0.79256,0.79268,1.57,3.38
2017.09.21 12:32:06.689,0.79255,0.79269,2.89,6.18
2017.09.21 12:32:06.943,0.79256,0.79268,1.10,2.63
2017.09.21 12:32:07.449,0.79254,0.79267,1.95,2.06
2017.09.21 12:32:07.989,0.79255,0.79266,2.70,1.13
2017.09.21 12:32:08.579,0.79254,0.79267,2.51,1.95
2017.09.21 12:32:09.103,0.79253,0.79267,2.14,207.83
2017.09.21 12:32:09.611,0.79253,0.79266,1.76,2.14
2017.09.21 12:32:10.201,0.79253,0.79266,2.89,3.64
2017.09.21 12:32:10.741,0.79253,0.79267,1.57,230.70
2017.09.21 12:32:11.322,0.79253,0.79266,2.89,2.33
2017.09.21 12:32:12.022,0.79253,0.79267,1.39,243.45
2017.09.21 12:32:12.555,0.79253,0.79266,2.32,249.63
2017.09.21 12:32:13.057,0.79253,0.79266,1.20,1.32
2017.09.21 12:32:13.561,0.79253,0.79266,1.58,1.39
2017.09.21 12:32:14.065,0.79253,0.79266,2.51,1.95
2017.09.21 12:32:14.715,0.79253,0.79266,1.00,2.70
2017.09.21 12:32:15.223,0.79253,0.79266,2.44,277.57
2017.09.21 12:32:15.605,0.79253,0.79266,1.01,2.33
2017.09.21 12:32:16.010,0.79257,0.79267,1.00,3.00
2017.09.21 12:32:16.553,0.79256,0.79267,1.00,1.88
2017.09.21 12:32:16.909,0.79256,0.79268,1.57,3.75
2017.09.21 12:32:17.162,0.79258,0.79267,1.00,2.63
2017.09.21 12:32:17.518,0.7926,0.79266,1.47,1.00
2017.09.21 12:32:17.570,0.79258,0.79269,1.20,2.25
2017.09.21 12:32:17.621,0.79261,0.7927,1.39,1.12
2017.09.21 12:32:17.672,0.79262,0.79272,1.00,1.12
2017.09.21 12:32:17.928,0.79263,0.79275,1.25,1.68
2017.09.21 12:32:18.132,0.79266,0.79276,1.37,1.68
2017.09.21 12:32:18.234,0.79267,0.79278,1.00,4.68
2017.09.21 12:32:18.941,0.79266,0.79278,1.70,1.87
2017.09.21 12:32:19.424,0.79265,0.79277,5.06,1.19
2017.09.21 12:32:19.729,0.79269,0.79282,2.14,4.39
2017.09.21 12:32:19.780,0.79269,0.79282,2.51,2.14
2017.09.21 12:32:19.831,0.79269,0.79279,1.10,3.94
2017.09.21 12:32:19.933,0.79266,0.79278,2.32,5.81
2017.09.21 12:32:20.626,0.79265,0.79278,3.83,1.20
2017.09.21 12:32:21.610,0.79266,0.79278,1.20,1.95
2017.09.21 12:32:22.351,0.79266,0.79278,2.89,4.57
2017.09.21 12:32:22.863,0.79266,0.79279,1.39,7.76
2017.09.21 12:32:23.016,0.79265,0.79276,3.07,1.31
2017.09.21 12:32:23.271,0.79257,0.79269,1.20,1.25
2017.09.21 12:32:23.487,0.79259,0.7927,3.45,1.00
2017.09.21 12:32:23.995,0.79261,0.79272,1.95,5.81
2017.09.21 12:32:24.147,0.79255,0.79267,1.76,1.25
2017.09.21 12:32:24.401,0.79253,0.79266,2.70,1.00
2017.09.21 12:32:24.928,0.79253,0.79266,1.25,2.89
2017.09.21 12:32:26.766,0.79253,0.79265,3.82,1.19
2017.09.21 12:32:27.220,0.79253,0.79266,1.01,2.44
2017.09.21 12:32:27.770,0.79252,0.79265,6.64,1.88
2017.09.21 12:32:28.590,0.79253,0.79264,1.39,1.44
2017.09.21 12:32:29.147,0.79253,0.79265,1.20,1.20
2017.09.21 12:32:29.451,0.79256,0.79267,1.45,1.00
2017.09.21 12:32:29.756,0.79259,0.79268,1.00,1.50
2017.09.21 12:32:29.858,0.79256,0.79269,1.20,2.70
2017.09.21 12:32:30.241,0.79256,0.79267,1.01,1.69
2017.09.21 12:32:30.748,0.79253,0.79266,2.33,2.25
2017.09.21 12:32:31.156,0.79253,0.79265,1.58,1.50
2017.09.21 12:32:31.662,0.79253,0.79265,2.33,2.05
2017.09.21 12:32:32.108,0.79253,0.79266,1.95,1.25
2017.09.21 12:32:33.000,0.79253,0.79266,2.70,2.61
2017.09.21 12:32:33.600,0.79254,0.79266,1.44,2.44
2017.09.21 12:32:33.847,0.79253,0.79266,3.26,1.00
2017.09.21 12:32:34.243,0.79256,0.79265,1.00,1.00
2017.09.21 12:32:34.397,0.7926,0.79271,1.00,2.32
2017.09.21 12:32:34.499,0.79262,0.79273,1.50,1.20
2017.09.21 12:32:34.855,0.79261,0.79275,2.14,3.43
2017.09.21 12:32:34.906,0.79262,0.79275,1.39,2.89
2017.09.21 12:32:35.342,0.79265,0.79274,1.25,1.00
2017.09.21 12:32:36.186,0.79264,0.79274,1.01,1.00
2017.09.21 12:32:36.237,0.79264,0.79276,1.01,1.12
2017.09.21 12:32:36.770,0.79265,0.79276,1.62,1.31
2017.09.21 12:32:36.821,0.79267,0.79279,2.32,3.73
2017.09.21 12:32:36.873,0.79267,0.79279,1.07,5.80
2017.09.21 12:32:36.924,0.79266,0.79278,1.57,4.67
2017.09.21 12:32:37.228,0.79269,0.7928,5.51,1.00
2017.09.21 12:32:37.380,0.79269,0.79282,4.95,3.17
2017.09.21 12:32:37.924,0.79271,0.79282,1.10,3.17
2017.09.21 12:32:38.437,0.79271,0.79281,1.20,1.67
2017.09.21 12:32:38.589,0.79271,0.79283,1.95,2.42
2017.09.21 12:32:38.842,0.79271,0.79281,1.57,1.50
2017.09.21 12:32:38.893,0.79271,0.79283,1.57,2.50
2017.09.21 12:32:38.944,0.79271,0.79281,1.57,1.50
2017.09.21 12:32:39.549,0.79272,0.79282,1.00,1.67
2017.09.21 12:32:40.087,0.79271,0.79282,1.69,2.61
2017.09.21 12:32:40.492,0.79271,0.7928,1.76,2.42
2017.09.21 12:32:40.796,0.79267,0.79277,3.45,1.69
2017.09.21 12:32:40.897,0.79265,0.79277,1.20,6.36
2017.09.21 12:32:41.085,0.79263,0.79276,3.26,1.23
2017.09.21 12:32:41.540,0.79263,0.79274,2.51,1.23
2017.09.21 12:32:41.693,0.7926,0.79272,2.32,3.19
2017.09.21 12:32:42.048,0.79263,0.79273,1.00,2.06
2017.09.21 12:32:42.562,0.79261,0.79273,1.76,1.87
2017.09.21 12:32:43.068,0.7926,0.79273,1.50,2.89
2017.09.21 12:32:43.607,0.7926,0.79272,2.70,1.00
2017.09.21 12:32:44.142,0.7926,0.79273,3.45,2.51
2017.09.21 12:32:45.666,0.79261,0.79273,1.10,1.76
2017.09.21 12:32:46.212,0.7926,0.79273,2.70,2.51
2017.09.21 12:32:46.516,0.7926,0.79271,1.12,1.69
2017.09.21 12:32:46.870,0.79256,0.79266,5.51,2.06
2017.09.21 12:32:46.921,0.79255,0.79267,3.07,2.81
2017.09.21 12:32:47.073,0.79255,0.79266,1.10,1.25
2017.09.21 12:32:47.327,0.79253,0.79266,2.06,3.82
2017.09.21 12:32:47.898,0.79254,0.79265,1.50,1.50
2017.09.21 12:32:48.481,0.79254,0.79264,1.12,1.12
2017.09.21 12:32:49.003,0.79252,0.79264,1.95,1.37
2017.09.21 12:32:50.482,0.79253,0.79264,1.12,1.50
2017.09.21 12:32:51.186,0.79252,0.79265,1.20,5.81
2017.09.21 12:32:51.700,0.79253,0.79264,1.12,1.57
2017.09.21 12:32:52.206,0.79251,0.79263,1.20,2.89
2017.09.21 12:32:52.709,0.79251,0.79264,2.32,4.39
2017.09.21 12:32:53.048,0.79254,0.79264,1.00,1.00
2017.09.21 12:32:53.725,0.79254,0.79265,1.00,2.25
2017.09.21 12:32:54.119,0.79254,0.79264,1.00,3.75
2017.09.21 12:32:54.272,0.79252,0.79264,1.20,3.00
2017.09.21 12:32:54.323,0.79252,0.79263,1.20,1.50
2017.09.21 12:32:54.827,0.79252,0.79263,1.00,1.31
2017.09.21 12:32:55.132,0.79245,0.79256,4.39,1.87
2017.09.21 12:32:55.689,0.79245,0.79256,1.87,1.12
2017.09.21 12:32:56.207,0.79246,0.79256,1.27,1.50
2017.09.21 12:32:56.816,0.79246,0.79257,1.12,1.37
2017.09.21 12:32:57.844,0.79245,0.79256,2.02,1.37
2017.09.21 12:32:58.352,0.79246,0.79258,1.27,3.07
2017.09.21 12:33:00.009,0.79245,0.79257,3.82,1.87
2017.09.21 12:33:00.515,0.79245,0.79256,1.00,1.12
2017.09.21 12:33:00.918,0.79248,0.79257,1.47,1.88
2017.09.21 12:33:00.969,0.79249,0.79259,2.81,1.50
2017.09.21 12:33:01.071,0.79252,0.79262,1.00,2.32
2017.09.21 12:33:01.173,0.79253,0.79263,1.65,1.95
2017.09.21 12:33:01.325,0.79255,0.79264,1.20,1.50
2017.09.21 12:33:01.832,0.79255,0.79265,1.20,2.06
2017.09.21 12:33:02.368,0.79258,0.79266,2.25,2.70
2017.09.21 12:33:02.471,0.79261,0.79269,1.50,1.00
2017.09.21 12:33:02.574,0.79261,0.79271,1.00,1.00
2017.09.21 12:33:03.542,0.79261,0.79271,1.10,2.81
2017.09.21 12:33:04.112,0.79261,0.7927,1.10,1.19
2017.09.21 12:33:04.163,0.79261,0.79272,1.10,4.01
2017.09.21 12:33:04.669,0.79261,0.79272,1.10,2.89
2017.09.21 12:33:05.219,0.79261,0.79272,1.01,6.83
2017.09.21 12:33:05.843,0.79259,0.79271,2.51,4.39
2017.09.21 12:33:05.894,0.79259,0.79268,1.57,1.44
2017.09.21 12:33:06.350,0.7926,0.79271,2.44,2.70
2017.09.21 12:33:06.401,0.79262,0.79271,1.00,3.00
2017.09.21 12:33:06.553,0.79262,0.79272,1.00,1.20
2017.09.21 12:33:07.090,0.79262,0.79274,1.20,4.31
2017.09.21 12:33:07.394,0.79267,0.79276,1.00,4.01
2017.09.21 12:33:07.699,0.79271,0.79279,1.25,2.25
2017.09.21 12:33:07.751,0.79274,0.79283,1.00,6.64
2017.09.21 12:33:07.802,0.79271,0.79279,1.00,1.00
2017.09.21 12:33:07.853,0.79271,0.79278,1.00,1.87
2017.09.21 12:33:07.904,0.79266,0.79278,1.32,3.37
2017.09.21 12:33:08.006,0.79264,0.79277,5.89,2.44
2017.09.21 12:33:08.057,0.79265,0.79277,3.07,5.14
2017.09.21 12:33:08.252,0.79264,0.79277,5.14,6.26
2017.09.21 12:33:08.354,0.79264,0.79277,5.70,6.83
2017.09.21 12:33:08.814,0.79264,0.79277,3.83,5.14
2017.09.21 12:33:09.270,0.79264,0.79276,4.20,1.00
2017.09.21 12:33:09.574,0.79269,0.79279,3.08,2.25
2017.09.21 12:33:09.676,0.79269,0.7928,3.08,1.00
2017.09.21 12:33:09.827,0.79269,0.7928,3.45,1.25
2017.09.21 12:33:09.878,0.79268,0.79278,1.57,1.00
2017.09.21 12:33:10.030,0.79264,0.79276,2.14,1.12
2017.09.21 12:33:10.283,0.79264,0.79276,1.76,3.37
2017.09.21 12:33:10.334,0.79264,0.79274,1.57,1.00
2017.09.21 12:33:10.840,0.79261,0.79273,3.07,1.69
2017.09.21 12:33:11.155,0.79265,0.79275,1.00,4.39
2017.09.21 12:33:11.357,0.79263,0.79275,2.89,1.25
2017.09.21 12:33:11.891,0.79264,0.79275,1.00,3.00
2017.09.21 12:33:12.436,0.79263,0.79275,1.57,4.95
2017.09.21 12:33:12.786,0.79262,0.79273,1.07,2.25
2017.09.21 12:33:12.888,0.79261,0.79273,1.95,2.44
2017.09.21 12:33:13.325,0.79261,0.7927,1.12,1.00
2017.09.21 12:33:13.478,0.79255,0.79266,1.57,1.25
2017.09.21 12:33:14.023,0.79254,0.79266,3.37,4.01
2017.09.21 12:33:14.562,0.79254,0.79266,4.31,5.14
2017.09.21 12:33:15.094,0.79254,0.79266,1.50,3.64
2017.09.21 12:33:15.509,0.79252,0.79264,5.14,4.31
2017.09.21 12:33:15.814,0.79255,0.79264,1.50,1.10
2017.09.21 12:33:15.976,0.79253,0.79265,1.12,2.33
2017.09.21 12:33:16.128,0.79255,0.79265,2.44,2.63
2017.09.21 12:33:16.540,0.79253,0.79262,1.39,1.13
2017.09.21 12:33:16.642,0.79252,0.79264,1.57,5.25
2017.09.21 12:33:16.947,0.79252,0.79263,1.50,2.25
2017.09.21 12:33:17.465,0.79252,0.79264,1.00,4.57
2017.09.21 12:33:18.074,0.79253,0.79263,1.00,1.31
2017.09.21 12:33:18.396,0.79252,0.79258,1.57,1.00
2017.09.21 12:33:18.448,0.79248,0.79258,1.57,1.44
2017.09.21 12:33:18.601,0.79246,0.79257,3.75,2.14
2017.09.21 12:33:18.703,0.79247,0.79256,2.25,2.63
2017.09.21 12:33:18.806,0.79245,0.79255,1.00,1.29
2017.09.21 12:33:19.317,0.79243,0.79256,3.64,2.51
2017.09.21 12:33:19.570,0.79243,0.79254,1.50,1.69
2017.09.21 12:33:19.874,0.79249,0.79259,3.38,1.69
2017.09.21 12:33:20.094,0.79246,0.79258,1.50,8.14
2017.09.21 12:33:20.350,0.79246,0.79256,1.00,3.64
2017.09.21 12:33:20.805,0.79243,0.79254,1.88,1.00
2017.09.21 12:33:21.160,0.79241,0.79253,3.26,1.01
2017.09.21 12:33:21.666,0.79241,0.79253,1.20,1.57
2017.09.21 12:33:22.167,0.79242,0.79252,1.13,1.10
2017.09.21 12:33:23.967,0.79241,0.79252,1.39,1.01
2017.09.21 12:33:24.018,0.79239,0.79248,2.25,1.50
2017.09.21 12:33:24.324,0.79238,0.79247,1.50,3.26
2017.09.21 12:33:24.831,0.79237,0.79247,1.50,3.07
2017.09.21 12:33:25.134,0.7924,0.79252,6.26,1.57
2017.09.21 12:33:25.277,0.7924,0.79252,2.25,2.51
2017.09.21 12:33:25.378,0.79238,0.79249,4.57,1.87
2017.09.21 12:33:25.684,0.79236,0.79247,1.95,1.25
2017.09.21 12:33:26.246,0.79236,0.79246,2.44,1.57
2017.09.21 12:33:26.652,0.79233,0.79245,3.64,3.00
2017.09.21 12:33:27.209,0.79233,0.79245,1.57,2.44
2017.09.21 12:33:27.716,0.79232,0.79245,4.39,2.14
2017.09.21 12:33:28.985,0.79233,0.79245,2.62,5.70
2017.09.21 12:33:29.524,0.79232,0.79244,3.07,5.62
2017.09.21 12:33:30.031,0.79232,0.79244,1.57,3.19
2017.09.21 12:33:30.370,0.79234,0.79244,1.19,1.10
2017.09.21 12:33:30.876,0.79233,0.79245,2.51,1.57
2017.09.21 12:33:31.389,0.79232,0.79244,2.51,1.57
2017.09.21 12:33:31.693,0.79241,0.79249,1.00,1.00
2017.09.21 12:33:31.932,0.79242,0.79253,2.25,1.10
2017.09.21 12:33:32.438,0.79243,0.79253,1.25,2.14
2017.09.21 12:33:32.685,0.79242,0.79255,1.01,2.89
2017.09.21 12:33:33.277,0.79242,0.79255,1.25,3.26
2017.09.21 12:33:33.328,0.79246,0.79255,1.50,2.51
2017.09.21 12:33:33.531,0.79248,0.79258,1.87,1.10
2017.09.21 12:33:33.681,0.79246,0.79258,3.26,1.50
2017.09.21 12:33:33.833,0.79245,0.79256,1.20,3.19
2017.09.21 12:33:33.934,0.79243,0.79255,4.01,3.19
2017.09.21 12:33:33.985,0.79244,0.79256,1.69,3.26
2017.09.21 12:33:34.616,0.79242,0.79256,4.39,3.45
2017.09.21 12:33:35.260,0.79242,0.79256,4.01,2.32
2017.09.21 12:33:35.764,0.79244,0.79256,1.00,3.82
2017.09.21 12:33:37.514,0.79243,0.79256,1.95,2.70
2017.09.21 12:33:38.101,0.79243,0.79255,1.57,2.89
2017.09.21 12:33:38.254,0.79246,0.79255,1.50,2.44
2017.09.21 12:33:38.355,0.79245,0.79257,2.25,1.47
2017.09.21 12:33:38.867,0.79246,0.79257,1.50,1.87
2017.09.21 12:33:39.530,0.79246,0.79257,1.00,1.12
2017.09.21 12:33:40.188,0.79246,0.79258,1.32,1.20
2017.09.21 12:33:40.842,0.79249,0.7926,3.45,7.12
2017.09.21 12:33:40.893,0.7925,0.7926,1.44,1.00
2017.09.21 12:33:41.045,0.7925,0.79263,2.14,2.51
2017.09.21 12:33:41.716,0.79251,0.79263,1.50,3.07
2017.09.21 12:33:42.251,0.79251,0.79264,2.81,3.26
2017.09.21 12:33:42.403,0.79253,0.79265,1.01,7.76
2017.09.21 12:33:42.808,0.79258,0.79265,1.00,1.10
2017.09.21 12:33:42.859,0.79256,0.79267,1.01,1.00
2017.09.21 12:33:43.113,0.79256,0.79265,1.44,1.50
2017.09.21 12:33:43.315,0.79253,0.79265,3.82,1.57
2017.09.21 12:33:43.775,0.79255,0.79268,1.39,1.57
2017.09.21 12:33:43.978,0.7926,0.79269,1.00,4.12
2017.09.21 12:33:44.131,0.7926,0.79271,2.44,1.50
2017.09.21 12:33:44.634,0.79261,0.79271,1.50,1.00
2017.09.21 12:33:45.210,0.79261,0.79272,1.12,3.00
2017.09.21 12:33:45.713,0.79264,0.79272,1.25,1.50
2017.09.21 12:33:45.915,0.79267,0.79277,1.69,2.70
2017.09.21 12:33:46.017,0.79267,0.79278,1.12,3.82
2017.09.21 12:33:46.068,0.79269,0.79278,2.63,1.10
2017.09.21 12:33:46.120,0.7927,0.7928,1.50,1.57
2017.09.21 12:33:46.221,0.79271,0.79282,1.00,3.64
2017.09.21 12:33:46.272,0.79273,0.79282,1.00,2.14
2017.09.21 12:33:46.424,0.7927,0.79281,3.82,2.25
2017.09.21 12:33:46.475,0.79268,0.79276,1.85,1.00
2017.09.21 12:33:46.650,0.79265,0.79276,1.95,1.44
2017.09.21 12:33:47.157,0.79266,0.79273,1.00,1.25
2017.09.21 12:33:47.208,0.79265,0.79275,1.00,1.50
2017.09.21 12:33:47.714,0.79266,0.79274,1.00,1.00
2017.09.21 12:33:47.889,0.79265,0.79276,1.10,4.57
2017.09.21 12:33:48.407,0.79263,0.79275,3.07,1.69
2017.09.21 12:33:51.064,0.79264,0.79276,1.57,4.50
2017.09.21 12:33:51.271,0.79264,0.79274,1.10,2.25
2017.09.21 12:33:51.743,0.79264,0.79276,2.51,1.88
2017.09.21 12:33:51.903,0.7927,0.79277,1.00,2.32
2017.09.21 12:33:51.954,0.79267,0.79279,1.00,3.26
2017.09.21 12:33:52.122,0.7927,0.79281,2.81,3.26
2017.09.21 12:33:52.636,0.7927,0.79281,3.07,1.50
2017.09.21 12:33:52.737,0.79273,0.79282,1.00,1.12
2017.09.21 12:33:53.093,0.79278,0.79284,1.00,1.12
2017.09.21 12:33:53.195,0.79278,0.79287,1.00,1.50
2017.09.21 12:33:53.297,0.79277,0.79285,1.12,2.44
2017.09.21 12:33:53.606,0.79273,0.79284,3.45,3.94
2017.09.21 12:33:53.657,0.79272,0.79284,1.76,2.81
2017.09.21 12:33:54.266,0.79272,0.79285,1.76,1.10
2017.09.21 12:33:54.773,0.79273,0.79285,1.69,2.14
2017.09.21 12:33:55.481,0.79272,0.79284,2.51,2.25
2017.09.21 12:33:56.032,0.79273,0.79284,1.00,3.75
2017.09.21 12:33:56.451,0.79274,0.79283,1.95,1.00
2017.09.21 12:33:57.464,0.79274,0.79284,1.95,2.44
2017.09.21 12:33:58.001,0.79275,0.79283,1.10,1.50
2017.09.21 12:33:58.560,0.79274,0.79284,2.32,3.18
2017.09.21 12:33:59.061,0.79274,0.79283,3.45,1.69
2017.09.21 12:33:59.992,0.79275,0.79283,1.10,2.43
2017.09.21 12:34:00.339,0.79272,0.79278,1.37,2.25
2017.09.21 12:34:00.390,0.79268,0.79278,1.20,2.63
2017.09.21 12:34:00.543,0.79272,0.7928,1.25,2.25
2017.09.21 12:34:00.594,0.79273,0.79281,1.50,1.00
2017.09.21 12:34:00.747,0.79274,0.79286,1.95,4.76
2017.09.21 12:34:00.849,0.79275,0.79286,1.95,1.56
2017.09.21 12:34:01.406,0.79275,0.79286,2.70,1.00
2017.09.21 12:34:01.951,0.79276,0.79286,1.10,3.56
2017.09.21 12:34:02.563,0.79275,0.79286,1.95,2.06
2017.09.21 12:34:02.866,0.79276,0.79284,1.10,1.25
2017.09.21 12:34:03.405,0.79275,0.79284,1.10,1.50
2017.09.21 12:34:03.916,0.79275,0.79286,1.95,1.87
2017.09.21 12:34:04.423,0.79275,0.79287,1.57,4.88
2017.09.21 12:34:04.943,0.79275,0.79286,1.20,1.50
2017.09.21 12:34:05.519,0.79275,0.79287,1.57,6.56
2017.09.21 12:34:06.334,0.79276,0.79287,1.39,3.94
2017.09.21 12:34:06.866,0.79275,0.79287,2.51,1.31
2017.09.21 12:34:07.342,0.79276,0.79285,1.57,1.25
2017.09.21 12:34:07.545,0.79274,0.79284,1.95,1.00
2017.09.21 12:34:08.072,0.79274,0.79283,1.57,1.00
2017.09.21 12:34:08.234,0.79273,0.79286,4.01,3.94
2017.09.21 12:34:08.735,0.79274,0.79286,1.57,6.19
2017.09.21 12:34:09.248,0.79274,0.79284,1.45,1.00
2017.09.21 12:34:09.760,0.79273,0.79286,3.07,4.13
2017.09.21 12:34:10.169,0.79273,0.79285,4.95,3.56
2017.09.21 12:34:10.371,0.79272,0.79281,1.10,3.19
2017.09.21 12:34:10.422,0.79272,0.79278,1.00,2.81
2017.09.21 12:34:10.557,0.79267,0.79277,1.95,2.06
2017.09.21 12:34:10.608,0.79266,0.79275,1.95,1.69
2017.09.21 12:34:11.164,0.79265,0.79275,2.70,1.50
2017.09.21 12:34:11.681,0.79266,0.79276,1.25,1.25
2017.09.21 12:34:12.184,0.79265,0.79276,1.39,1.00
2017.09.21 12:34:12.696,0.79266,0.79276,1.25,1.25
2017.09.21 12:34:13.235,0.79265,0.79276,1.76,1.00
2017.09.21 12:34:13.737,0.79265,0.79277,1.10,3.75
2017.09.21 12:34:14.292,0.79265,0.79276,1.20,1.50
2017.09.21 12:34:14.812,0.79265,0.79277,1.10,4.87
2017.09.21 12:34:15.320,0.79265,0.79276,1.01,1.12
2017.09.21 12:34:15.624,0.79265,0.79272,1.10,1.00
2017.09.21 12:34:16.185,0.79264,0.79273,1.57,1.25
2017.09.21 12:34:16.856,0.79264,0.79274,1.45,2.44
2017.09.21 12:34:17.365,0.79265,0.79275,2.70,1.00
2017.09.21 12:34:17.871,0.79266,0.79274,1.12,1.00
2017.09.21 12:34:18.410,0.79265,0.79275,1.95,1.00
2017.09.21 12:34:18.960,0.79266,0.79277,1.12,1.62
2017.09.21 12:34:19.501,0.79266,0.79277,1.50,1.94
2017.09.21 12:34:20.035,0.79266,0.79277,1.37,1.62
2017.09.21 12:34:20.519,0.7927,0.79278,1.00,1.37
2017.09.21 12:34:20.671,0.79272,0.79281,1.00,1.00
2017.09.21 12:34:20.773,0.79272,0.79284,2.51,2.70
2017.09.21 12:34:21.282,0.79272,0.79284,1.95,1.25
2017.09.21 12:34:21.588,0.79274,0.79286,5.32,4.31
2017.09.21 12:34:21.893,0.79276,0.79286,1.76,1.00
2017.09.21 12:34:22.321,0.79279,0.79287,1.38,1.00
2017.09.21 12:34:22.569,0.79284,0.79294,2.14,1.00
2017.09.21 12:34:22.620,0.79284,0.79297,2.51,1.50
2017.09.21 12:34:23.154,0.79285,0.79297,1.57,1.57
2017.09.21 12:34:23.690,0.79291,0.793,1.69,3.07
2017.09.21 12:34:23.749,0.79291,0.79304,1.31,4.20
2017.09.21 12:34:23.800,0.79291,0.79303,2.06,1.39
2017.09.21 12:34:23.851,0.79289,0.79298,3.37,1.88
2017.09.21 12:34:23.953,0.79286,0.79297,1.20,3.56
2017.09.21 12:34:24.055,0.79286,0.79297,1.25,1.69
2017.09.21 12:34:24.561,0.79285,0.79295,2.44,1.07
2017.09.21 12:34:25.223,0.79285,0.79295,3.19,1.00
2017.09.21 12:34:25.375,0.79282,0.79295,4.50,1.20
2017.09.21 12:34:25.780,0.79282,0.79295,3.94,2.14
2017.09.21 12:34:26.447,0.79281,0.79294,2.81,1.32
2017.09.21 12:34:26.957,0.79282,0.79292,1.69,1.10
2017.09.21 12:34:27.382,0.79284,0.79294,1.00,1.50
2017.09.21 12:34:27.484,0.79286,0.79295,1.69,1.87
2017.09.21 12:34:27.788,0.7929,0.79296,1.12,1.00
2017.09.21 12:34:27.978,0.79286,0.79296,1.87,1.10
2017.09.21 12:34:28.029,0.79284,0.79296,3.19,1.57
2017.09.21 12:34:28.181,0.79283,0.79292,1.50,1.00
2017.09.21 12:34:28.690,0.79282,0.79291,1.25,1.10
2017.09.21 12:34:29.209,0.79281,0.79292,3.19,3.45
2017.09.21 12:34:29.762,0.79281,0.79291,1.50,3.07
2017.09.21 12:34:30.270,0.79279,0.7929,1.88,1.57
2017.09.21 12:34:30.371,0.79277,0.79289,2.44,1.20
2017.09.21 12:34:30.422,0.79276,0.79288,1.37,1.44
2017.09.21 12:34:30.474,0.79274,0.79286,1.01,1.00
2017.09.21 12:34:30.526,0.79274,0.79284,2.70,1.00
2017.09.21 12:34:30.678,0.7927,0.79282,3.64,1.10
2017.09.21 12:34:30.780,0.79273,0.79282,1.00,1.10
2017.09.21 12:34:31.306,0.79272,0.79282,2.44,1.10
2017.09.21 12:34:32.082,0.7927,0.79282,6.19,1.95
2017.09.21 12:34:32.583,0.79269,0.79278,3.37,1.63
2017.09.21 12:34:32.902,0.79265,0.79274,1.00,2.51
2017.09.21 12:34:33.257,0.79267,0.79275,1.00,1.20
2017.09.21 12:34:33.763,0.79266,0.79276,1.31,1.95
2017.09.21 12:34:34.311,0.79264,0.79274,2.63,2.89
2017.09.21 12:34:34.464,0.79263,0.79273,3.38,2.32
2017.09.21 12:34:34.971,0.79264,0.79272,1.00,1.10
2017.09.21 12:34:35.022,0.79262,0.79272,2.81,1.57
2017.09.21 12:34:35.124,0.79262,0.79271,1.25,1.07
2017.09.21 12:34:35.378,0.79258,0.79268,1.00,4.01
2017.09.21 12:34:35.546,0.79254,0.79265,3.00,3.64
2017.09.21 12:34:35.598,0.79254,0.79264,1.50,3.82
2017.09.21 12:34:36.295,0.79253,0.79263,2.44,1.57
2017.09.21 12:34:36.835,0.79254,0.79262,1.50,1.10
2017.09.21 12:34:36.988,0.7925,0.79262,3.75,3.26
2017.09.21 12:34:37.089,0.79249,0.79261,4.50,4.39
2017.09.21 12:34:37.191,0.79249,0.79259,3.37,1.00
2017.09.21 12:34:37.495,0.79251,0.79259,1.00,1.10
2017.09.21 12:34:37.799,0.79253,0.79263,2.63,3.45
2017.09.21 12:34:38.292,0.79252,0.79262,2.63,1.57
2017.09.21 12:34:38.963,0.79253,0.79261,1.25,1.10
2017.09.21 12:34:39.766,0.79251,0.7926,1.69,1.45
2017.09.21 12:34:39.817,0.79247,0.79258,2.62,2.33
2017.09.21 12:34:40.534,0.79248,0.79256,1.25,1.20
2017.09.21 12:34:41.224,0.79249,0.79256,1.50,1.57
2017.09.21 12:34:42.350,0.79248,0.79256,1.25,1.57
2017.09.21 12:34:42.879,0.79247,0.79257,1.00,2.32
2017.09.21 12:34:44.902,0.79248,0.79256,1.00,1.20
2017.09.21 12:34:45.510,0.79247,0.79255,1.25,1.10
2017.09.21 12:34:46.048,0.79246,0.79256,1.50,3.64
2017.09.21 12:34:46.584,0.79244,0.79255,7.13,1.95
2017.09.21 12:34:47.090,0.79244,0.79255,1.69,3.45
2017.09.21 12:34:47.305,0.79244,0.79254,1.69,1.95
2017.09.21 12:34:47.623,0.79241,0.79252,4.13,1.57
2017.09.21 12:34:47.725,0.79242,0.79252,1.69,3.07
2017.09.21 12:34:48.230,0.79241,0.79252,3.19,2.32
2017.09.21 12:34:49.543,0.79243,0.79252,1.25,1.57
2017.09.21 12:34:50.109,0.79244,0.79252,1.25,2.70
2017.09.21 12:34:50.617,0.79245,0.79252,1.00,2.32
2017.09.21 12:34:51.220,0.79243,0.79251,1.69,1.57
2017.09.21 12:34:51.753,0.79244,0.79252,1.00,3.45
2017.09.21 12:34:52.254,0.79244,0.79252,1.00,3.07
2017.09.21 12:34:53.212,0.79244,0.79252,1.00,2.32
2017.09.21 12:34:54.001,0.79243,0.79252,1.00,1.57
2017.09.21 12:34:54.306,0.79242,0.79251,1.00,1.95
2017.09.21 12:34:55.021,0.79243,0.79251,2.25,1.57
2017.09.21 12:34:55.742,0.79243,0.79251,1.00,1.10
2017.09.21 12:34:56.255,0.79243,0.79251,1.00,1.57
2017.09.21 12:34:59.099,0.79242,0.79251,3.19,2.70
2017.09.21 12:34:59.404,0.79244,0.79251,1.00,1.10
2017.09.21 12:34:59.878,0.79242,0.79251,3.56,1.57
2017.09.21 12:35:00.460,0.79243,0.79252,1.50,1.45
2017.09.21 12:35:01.002,0.79242,0.79253,3.00,2.70
2017.09.21 12:35:01.407,0.79245,0.79252,1.00,1.57
2017.09.21 12:35:01.869,0.79243,0.79252,1.25,1.45
2017.09.21 12:35:01.920,0.79245,0.79252,1.00,1.10
2017.09.21 12:35:02.551,0.79243,0.79252,2.44,1.10
2017.09.21 12:35:02.957,0.79246,0.79252,1.00,1.20
2017.09.21 12:35:03.110,0.79247,0.79255,1.00,1.57
2017.09.21 12:35:03.616,0.79247,0.79255,1.00,3.26
2017.09.21 12:35:04.403,0.79246,0.79255,2.62,1.57
2017.09.21 12:35:04.911,0.79247,0.79255,1.87,1.57
2017.09.21 12:35:05.492,0.79247,0.79255,1.00,3.45
2017.09.21 12:35:06.261,0.79249,0.79255,1.00,1.12
2017.09.21 12:35:06.779,0.7925,0.79255,1.00,1.37
2017.09.21 12:35:07.231,0.79248,0.79255,1.50,1.12
2017.09.21 12:35:07.761,0.79247,0.79255,1.50,1.12
2017.09.21 12:35:08.400,0.79249,0.79255,1.00,1.12
2017.09.21 12:35:08.927,0.79248,0.79255,1.69,1.00
2017.09.21 12:35:09.435,0.79247,0.79255,1.25,1.12
2017.09.21 12:35:10.595,0.79248,0.79255,1.25,1.12
2017.09.21 12:35:11.114,0.79247,0.79255,1.25,1.12
2017.09.21 12:35:11.418,0.79253,0.79256,1.25,1.00
2017.09.21 12:35:12.327,0.79254,0.79256,1.13,1.00
2017.09.21 12:35:12.870,0.79253,0.79256,1.25,1.00
2017.09.21 12:35:14.544,0.79257,0.79265,1.69,1.10
2017.09.21 12:35:14.646,0.79258,0.79267,1.25,1.39
2017.09.21 12:35:15.154,0.79257,0.79268,4.39,4.12
2017.09.21 12:35:15.661,0.79257,0.79268,2.89,1.50
2017.09.21 12:35:16.175,0.79258,0.79268,2.44,2.06
2017.09.21 12:35:16.430,0.79256,0.79267,1.07,2.81
2017.09.21 12:35:16.736,0.79254,0.79258,1.31,1.50
2017.09.21 12:35:17.254,0.79253,0.79256,2.25,1.00
2017.09.21 12:35:18.048,0.79253,0.79256,2.89,1.00
2017.09.21 12:35:18.556,0.79253,0.79256,3.08,1.00
2017.09.21 12:35:20.080,0.79253,0.79256,1.58,1.00
2017.09.21 12:35:20.593,0.79252,0.79256,5.14,1.00
2017.09.21 12:35:22.215,0.79253,0.79256,1.58,1.00
2017.09.21 12:35:22.763,0.79255,0.79259,2.44,1.00
2017.09.21 12:35:23.509,0.79256,0.7926,1.69,1.00
2017.09.21 12:35:24.038,0.79256,0.79261,2.44,1.00
2017.09.21 12:35:24.750,0.79255,0.7926,2.89,1.00
2017.09.21 12:35:25.573,0.79254,0.79259,1.07,1.00
2017.09.21 12:35:26.200,0.79254,0.79258,1.01,1.00
2017.09.21 12:35:26.454,0.79253,0.79258,4.01,1.50
2017.09.21 12:35:27.073,0.79253,0.79258,3.45,1.37
2017.09.21 12:35:28.149,0.79253,0.79256,1.01,1.00
2017.09.21 12:35:28.792,0.79253,0.79256,1.95,1.00
2017.09.21 12:35:29.589,0.79253,0.79256,1.10,1.00
2017.09.21 12:35:31.800,0.79252,0.79258,4.95,1.50
2017.09.21 12:35:32.308,0.79253,0.79256,1.39,1.00
2017.09.21 12:35:35.319,0.79255,0.79259,2.25,1.00
2017.09.21 12:35:35.370,0.79254,0.79256,1.00,1.00
2017.09.21 12:35:35.422,0.79255,0.7926,2.14,1.00
2017.09.21 12:35:35.929,0.79255,0.79259,1.01,1.00
2017.09.21 12:35:36.442,0.79255,0.7926,3.26,1.00
2017.09.21 12:35:37.080,0.79254,0.79259,1.58,1.00
2017.09.21 12:35:39.411,0.79255,0.7926,1.65,1.00
2017.09.21 12:35:40.074,0.79255,0.79261,2.29,1.00
2017.09.21 12:35:40.177,0.79255,0.7926,1.01,1.00
2017.09.21 12:35:40.338,0.7926,0.79268,2.81,2.62
2017.09.21 12:35:40.490,0.79261,0.79271,4.91,1.00
2017.09.21 12:35:40.541,0.79264,0.79271,2.62,1.00
2017.09.21 12:35:40.693,0.79265,0.79276,3.79,1.69
2017.09.21 12:35:41.148,0.79265,0.79275,1.10,1.44
2017.09.21 12:35:41.250,0.79264,0.79276,2.10,2.06
2017.09.21 12:35:41.654,0.79264,0.79274,1.20,3.38
2017.09.21 12:35:42.158,0.79264,0.79274,1.10,1.13
2017.09.21 12:35:42.827,0.79263,0.79275,2.70,4.49
2017.09.21 12:35:43.307,0.79263,0.79275,1.45,1.88
2017.09.21 12:35:43.818,0.79264,0.79275,2.85,1.25
2017.09.21 12:35:44.368,0.79264,0.79276,3.22,3.19
2017.09.21 12:35:45.070,0.7926,0.79271,1.20,7.87
2017.09.21 12:35:45.121,0.7926,0.79272,2.14,8.06
2017.09.21 12:35:45.275,0.79263,0.79273,2.40,3.37
2017.09.21 12:35:45.828,0.79262,0.79274,2.32,5.43
2017.09.21 12:35:46.281,0.79265,0.79274,1.20,2.24
2017.09.21 12:35:47.238,0.79264,0.79274,3.07,1.00
2017.09.21 12:35:47.770,0.79264,0.79275,2.32,1.31
2017.09.21 12:35:48.202,0.79262,0.79274,2.51,2.63
2017.09.21 12:35:48.304,0.79262,0.79273,2.32,1.50
2017.09.21 12:35:48.659,0.79265,0.79272,1.50,1.00
2017.09.21 12:35:48.812,0.79269,0.79279,1.27,1.00
2017.09.21 12:35:48.914,0.7927,0.79281,1.72,1.69
2017.09.21 12:35:50.029,0.7927,0.79282,1.76,1.50
2017.09.21 12:35:50.081,0.79268,0.79278,1.57,1.00
2017.09.21 12:35:50.285,0.79265,0.79277,2.70,6.93
2017.09.21 12:35:51.091,0.79266,0.79276,1.25,1.50
2017.09.21 12:35:53.505,0.79268,0.79277,1.87,1.37
2017.09.21 12:35:53.659,0.79267,0.79278,5.32,1.69
2017.09.21 12:35:54.165,0.79267,0.7928,1.39,5.25
2017.09.21 12:35:54.788,0.79267,0.79279,7.20,3.94
2017.09.21 12:35:55.312,0.79269,0.7928,1.25,3.00
2017.09.21 12:35:55.619,0.7927,0.7928,1.45,1.00
2017.09.21 12:35:56.252,0.79269,0.79281,3.08,1.00
2017.09.21 12:35:56.918,0.7927,0.7928,2.33,1.00
2017.09.21 12:35:56.969,0.79269,0.79282,3.83,224.25
2017.09.21 12:35:57.594,0.79271,0.79282,1.95,1.87
2017.09.21 12:35:58.110,0.79271,0.79282,1.95,1.13
2017.09.21 12:35:58.229,0.79271,0.79282,2.14,1.25
2017.09.21 12:35:58.280,0.79271,0.79282,1.01,1.00
2017.09.21 12:35:59.049,0.79271,0.79283,1.01,1.00
2017.09.21 12:35:59.563,0.79271,0.79283,5.51,1.31
2017.09.21 12:36:00.150,0.79271,0.79283,1.10,1.25
2017.09.21 12:36:00.700,0.79271,0.79283,2.14,1.31
2017.09.21 12:36:01.209,0.79271,0.79283,1.01,1.00
2017.09.21 12:36:01.971,0.79271,0.79283,2.14,1.31
2017.09.21 12:36:02.935,0.7927,0.79283,2.89,1.25
2017.09.21 12:36:02.986,0.7927,0.7928,1.57,3.19
2017.09.21 12:36:03.598,0.79269,0.79281,5.14,1.12
2017.09.21 12:36:04.329,0.7927,0.79282,3.26,2.06
2017.09.21 12:36:04.925,0.7927,0.79282,2.89,1.88
2017.09.21 12:36:05.598,0.7927,0.79282,2.33,3.94
2017.09.21 12:36:06.104,0.7927,0.79282,4.01,3.00
2017.09.21 12:36:07.187,0.7927,0.79283,3.26,3.56
2017.09.21 12:36:09.499,0.79271,0.79283,2.14,1.38
2017.09.21 12:36:09.887,0.79274,0.79284,1.25,4.34
2017.09.21 12:36:10.287,0.79276,0.79286,1.39,1.00
2017.09.21 12:36:10.793,0.79276,0.79286,3.94,1.00
2017.09.21 12:36:11.010,0.79275,0.79287,4.95,4.12
2017.09.21 12:36:11.519,0.79275,0.79286,1.10,1.88
2017.09.21 12:36:12.068,0.79274,0.79286,3.07,1.88
2017.09.21 12:36:12.616,0.79275,0.79286,1.10,3.75
2017.09.21 12:36:12.870,0.79276,0.79286,1.50,1.00
2017.09.21 12:36:13.022,0.79275,0.79286,2.89,1.44
2017.09.21 12:36:13.528,0.79275,0.79286,1.95,1.13
2017.09.21 12:36:14.078,0.79275,0.79286,1.76,1.44
2017.09.21 12:36:14.298,0.79276,0.79288,2.70,6.37
2017.09.21 12:36:14.454,0.7928,0.79289,1.95,2.25
2017.09.21 12:36:14.505,0.7928,0.7929,1.48,1.00
2017.09.21 12:36:15.237,0.79281,0.79291,1.01,1.25
2017.09.21 12:36:15.739,0.7928,0.7929,2.89,1.00
2017.09.21 12:36:15.790,0.79278,0.79289,1.57,3.72
2017.09.21 12:36:15.841,0.79278,0.79288,1.10,2.81
2017.09.21 12:36:15.942,0.79275,0.79285,1.69,1.25
2017.09.21 12:36:15.993,0.79274,0.79285,2.06,1.20
2017.09.21 12:36:16.549,0.79274,0.79285,4.13,1.01
2017.09.21 12:36:17.060,0.79275,0.79285,1.50,1.20
2017.09.21 12:36:17.364,0.79276,0.79285,1.69,1.00
2017.09.21 12:36:17.870,0.79276,0.79286,1.25,1.20
2017.09.21 12:36:18.772,0.79276,0.79286,2.06,1.58
2017.09.21 12:36:20.195,0.79274,0.79286,5.81,2.70
2017.09.21 12:36:20.701,0.79275,0.79286,2.81,2.48
2017.09.21 12:36:21.230,0.79275,0.79286,1.50,1.20
2017.09.21 12:36:23.248,0.79275,0.79286,2.81,3.45
2017.09.21 12:36:23.871,0.79275,0.79286,1.31,1.95
2017.09.21 12:36:24.374,0.79275,0.79286,2.44,1.95
2017.09.21 12:36:24.833,0.79274,0.79285,1.50,1.10
2017.09.21 12:36:24.935,0.79272,0.79283,4.69,1.50
2017.09.21 12:36:25.239,0.79269,0.79279,2.25,1.37
2017.09.21 12:36:25.341,0.79268,0.79278,1.50,1.10
2017.09.21 12:36:26.001,0.79267,0.7928,3.00,3.64
2017.09.21 12:36:26.258,0.79267,0.79278,1.50,3.64
2017.09.21 12:36:26.887,0.79266,0.79276,2.25,1.12
2017.09.21 12:36:27.363,0.79264,0.79276,2.81,2.81
2017.09.21 12:36:27.932,0.79265,0.79275,1.50,1.76
2017.09.21 12:36:28.482,0.79265,0.79274,1.50,1.00
2017.09.21 12:36:29.011,0.79265,0.79275,1.50,2.14
2017.09.21 12:36:29.294,0.79265,0.79275,2.25,2.32
2017.09.21 12:36:29.994,0.79266,0.79275,2.25,1.12
2017.09.21 12:36:30.754,0.79265,0.79275,3.37,1.12
2017.09.21 12:36:31.260,0.79266,0.79275,1.00,1.87
2017.09.21 12:36:34.152,0.79268,0.79277,1.44,4.57
2017.09.21 12:36:34.254,0.79269,0.79278,2.63,1.37
2017.09.21 12:36:34.356,0.7927,0.7928,3.56,1.57
2017.09.21 12:36:34.699,0.79272,0.79281,1.25,1.62
2017.09.21 12:36:35.226,0.79272,0.79278,1.00,4.12
2017.09.21 12:36:35.328,0.79265,0.79274,2.25,1.87
2017.09.21 12:36:35.429,0.79263,0.79273,4.50,1.00
2017.09.21 12:36:36.009,0.79263,0.79273,3.00,1.50
2017.09.21 12:36:36.226,0.79267,0.79274,1.00,1.57
2017.09.21 12:36:36.530,0.79265,0.79273,1.00,1.00
2017.09.21 12:36:37.036,0.79265,0.79272,1.50,1.00
2017.09.21 12:36:37.566,0.79265,0.79273,1.00,1.50
2017.09.21 12:36:38.201,0.79266,0.79273,1.00,1.50
2017.09.21 12:36:38.729,0.79266,0.79273,1.00,1.50
2017.09.21 12:36:39.181,0.79268,0.79274,1.00,1.20
2017.09.21 12:36:39.232,0.79264,0.79275,1.25,1.95
2017.09.21 12:36:39.891,0.79264,0.79273,1.69,1.00
2017.09.21 12:36:40.614,0.79263,0.79275,4.69,2.70
2017.09.21 12:36:40.918,0.79266,0.79272,1.00,1.00
2017.09.21 12:36:41.440,0.79265,0.79273,1.00,1.00
2017.09.21 12:36:42.269,0.79266,0.79273,1.00,1.00
2017.09.21 12:36:42.677,0.79264,0.79273,1.00,1.00
2017.09.21 12:36:43.464,0.79264,0.79272,1.25,1.00
2017.09.21 12:36:44.021,0.79263,0.79272,1.69,1.00
2017.09.21 12:36:44.072,0.79265,0.79273,1.00,1.95
2017.09.21 12:36:44.601,0.79266,0.79273,1.00,1.12
2017.09.21 12:36:45.139,0.79266,0.79275,1.00,2.14
2017.09.21 12:36:47.305,0.79265,0.79275,1.00,1.87
2017.09.21 12:36:49.138,0.79264,0.79274,1.00,1.69
2017.09.21 12:36:49.680,0.79265,0.79274,2.25,1.10
2017.09.21 12:36:50.854,0.79266,0.79275,1.00,2.06
2017.09.21 12:36:51.399,0.79265,0.79275,1.00,1.12
2017.09.21 12:36:51.902,0.79264,0.79274,1.50,1.00
2017.09.21 12:36:52.357,0.79266,0.79274,1.50,1.95
2017.09.21 12:36:52.599,0.79266,0.79275,1.00,1.87
2017.09.21 12:36:53.216,0.79267,0.79276,1.00,1.95
2017.09.21 12:36:53.740,0.79267,0.79276,1.00,3.83
2017.09.21 12:36:53.791,0.79265,0.79276,3.75,1.95
2017.09.21 12:36:53.993,0.79265,0.79276,3.75,3.82
2017.09.21 12:36:54.626,0.79266,0.79275,1.00,1.47
2017.09.21 12:36:56.249,0.79264,0.79274,3.19,1.00
2017.09.21 12:36:57.048,0.79265,0.79275,1.25,2.89
2017.09.21 12:36:58.743,0.79263,0.79274,2.25,1.58
2017.09.21 12:36:58.845,0.79262,0.79272,3.75,1.00
2017.09.21 12:36:59.346,0.79262,0.79272,1.00,2.70
2017.09.21 12:36:59.902,0.79261,0.79272,3.94,1.50
2017.09.21 12:37:00.422,0.79262,0.79272,2.44,3.00
2017.09.21 12:37:01.005,0.79261,0.79272,2.81,1.76
2017.09.21 12:37:01.960,0.79261,0.79272,3.75,1.95
2017.09.21 12:37:02.502,0.7926,0.79272,3.00,1.20
2017.09.21 12:37:03.112,0.79261,0.79272,1.50,1.95
2017.09.21 12:37:04.097,0.79261,0.79272,1.31,2.51
2017.09.21 12:37:05.107,0.79261,0.79272,1.69,2.14
2017.09.21 12:37:07.028,0.79262,0.79272,1.25,3.37
2017.09.21 12:37:07.533,0.79262,0.79272,1.19,1.76
2017.09.21 12:37:07.602,0.79261,0.79272,2.25,1.10
2017.09.21 12:37:08.143,0.7926,0.79272,5.33,1.10
2017.09.21 12:37:09.201,0.79261,0.79272,1.50,2.32
2017.09.21 12:37:10.420,0.79261,0.79272,3.75,3.07
2017.09.21 12:37:11.024,0.79261,0.79272,2.25,3.07
2017.09.21 12:37:11.725,0.79261,0.79272,2.62,1.57
2017.09.21 12:37:12.421,0.79261,0.79272,1.87,3.07
2017.09.21 12:37:13.976,0.79262,0.79272,1.50,1.57
2017.09.21 12:37:14.129,0.79264,0.79272,1.00,1.00
2017.09.21 12:37:14.425,0.79264,0.79275,1.00,3.07
2017.09.21 12:37:15.213,0.79265,0.79275,1.25,4.20
2017.09.21 12:37:15.817,0.79267,0.79276,1.25,1.95
2017.09.21 12:37:16.256,0.79265,0.79276,3.75,1.57
2017.09.21 12:37:17.044,0.79266,0.79276,1.13,2.70
2017.09.21 12:37:17.561,0.79264,0.79275,2.44,1.00
2017.09.21 12:37:18.269,0.79264,0.79275,3.00,3.82
2017.09.21 12:37:18.858,0.79264,0.79275,1.87,1.57
2017.09.21 12:37:19.692,0.79262,0.79274,4.87,2.06
2017.09.21 12:37:20.201,0.79264,0.79274,1.31,2.06
2017.09.21 12:37:20.505,0.79266,0.79275,1.50,2.70
2017.09.21 12:37:21.012,0.79267,0.79276,1.00,3.45
2017.09.21 12:37:21.550,0.79266,0.79276,1.50,3.82
2017.09.21 12:37:21.853,0.79264,0.79276,3.37,1.10
2017.09.21 12:37:22.359,0.79265,0.79276,1.50,1.76
2017.09.21 12:37:22.866,0.79265,0.79276,2.44,4.20
2017.09.21 12:37:23.808,0.79264,0.79275,4.50,1.00
2017.09.21 12:37:23.909,0.79264,0.79273,4.50,1.00
2017.09.21 12:37:24.243,0.79266,0.79275,1.00,5.32
2017.09.21 12:37:24.749,0.79265,0.79274,1.00,2.25
2017.09.21 12:37:25.294,0.79265,0.79275,1.25,1.12
2017.09.21 12:37:25.827,0.79266,0.79275,1.25,2.70
2017.09.21 12:37:26.449,0.79266,0.79274,1.25,1.00
2017.09.21 12:37:26.978,0.79265,0.79274,1.00,1.00
2017.09.21 12:37:28.089,0.79265,0.79275,1.00,3.82
2017.09.21 12:37:28.696,0.79266,0.79274,1.00,1.00
2017.09.21 12:37:29.242,0.79265,0.79274,1.25,1.10
2017.09.21 12:37:29.846,0.79266,0.79273,1.00,1.00
2017.09.21 12:37:30.561,0.79265,0.79274,1.25,1.10
2017.09.21 12:37:31.108,0.79265,0.79275,1.50,2.25
2017.09.21 12:37:31.882,0.79264,0.79275,1.87,3.45
2017.09.21 12:37:32.212,0.79266,0.79275,1.25,3.82
2017.09.21 12:37:32.873,0.79266,0.79274,1.25,1.00
2017.09.21 12:37:33.818,0.79266,0.79275,1.25,3.82
2017.09.21 12:37:34.385,0.79265,0.79275,1.25,3.82
2017.09.21 12:37:35.473,0.79265,0.79274,2.25,1.00
2017.09.21 12:37:35.994,0.79265,0.79275,1.37,1.50
2017.09.21 12:37:36.545,0.79266,0.79274,1.12,1.00
2017.09.21 12:37:36.696,0.79265,0.79276,2.62,1.95
2017.09.21 12:37:37.284,0.79265,0.79276,4.12,2.70
2017.09.21 12:37:37.818,0.79266,0.79276,1.00,2.70
2017.09.21 12:37:38.325,0.79266,0.79275,2.25,1.12
2017.09.21 12:37:38.901,0.79266,0.79274,1.00,1.00
2017.09.21 12:37:39.413,0.79265,0.79273,1.00,1.00
2017.09.21 12:37:39.671,0.79265,0.79275,1.00,2.70
2017.09.21 12:37:39.925,0.79264,0.79272,1.00,1.00
2017.09.21 12:37:40.536,0.79263,0.79272,5.62,1.00
2017.09.21 12:37:41.108,0.79263,0.79273,4.12,1.00
2017.09.21 12:37:41.622,0.79264,0.79273,1.25,1.50
2017.09.21 12:37:42.464,0.79265,0.79269,1.00,1.00
2017.09.21 12:37:42.974,0.79264,0.79269,2.63,1.00
2017.09.21 12:37:46.420,0.79265,0.7927,2.25,1.00
2017.09.21 12:37:46.572,0.79265,0.79273,2.62,1.00
2017.09.21 12:37:46.827,0.79268,0.79273,1.00,1.00
2017.09.21 12:37:46.880,0.79266,0.79273,1.13,1.00
2017.09.21 12:37:47.032,0.79265,0.79271,4.50,1.00
2017.09.21 12:37:49.159,0.79265,0.79273,3.94,1.00
2017.09.21 12:37:49.700,0.79267,0.79273,1.00,1.00
2017.09.21 12:37:50.399,0.79267,0.79272,1.00,1.00
2017.09.21 12:37:50.942,0.79264,0.79272,5.62,1.00
2017.09.21 12:37:51.561,0.79267,0.79275,1.00,1.13
2017.09.21 12:37:52.334,0.79267,0.79276,1.00,2.25
2017.09.21 12:37:52.918,0.79266,0.79275,1.00,2.25
2017.09.21 12:37:54.021,0.79266,0.79274,1.00,1.50
2017.09.21 12:37:54.563,0.79266,0.79276,1.00,4.88
2017.09.21 12:37:55.150,0.79264,0.79275,6.56,2.81
2017.09.21 12:37:55.661,0.79264,0.79274,5.06,1.00
2017.09.21 12:37:56.254,0.79264,0.79275,5.06,2.81
2017.09.21 12:37:56.855,0.79266,0.79274,1.00,1.00
2017.09.21 12:37:57.943,0.79266,0.79275,1.00,2.06
2017.09.21 12:37:57.994,0.79271,0.79275,1.00,1.00
2017.09.21 12:37:58.147,0.79274,0.79278,1.00,1.00
2017.09.21 12:37:58.301,0.79274,0.7928,1.00,2.25
2017.09.21 12:38:00.493,0.79273,0.79278,1.00,1.25
2017.09.21 12:38:00.851,0.79273,0.7928,1.00,1.12
2017.09.21 12:38:01.378,0.79273,0.79281,1.00,2.06
2017.09.21 12:38:02.045,0.79273,0.7928,1.00,1.00
2017.09.21 12:38:02.647,0.79273,0.7928,1.00,1.87
2017.09.21 12:38:02.749,0.79273,0.7928,1.00,1.87
2017.09.21 12:38:03.632,0.79273,0.79279,1.00,1.00
2017.09.21 12:38:04.172,0.79274,0.7928,1.00,1.00
2017.09.21 12:38:04.835,0.79273,0.7928,1.00,1.00
2017.09.21 12:38:07.558,0.79273,0.79281,1.00,1.00
2017.09.21 12:38:07.881,0.79275,0.79283,1.00,1.25
2017.09.21 12:38:08.462,0.79276,0.79284,1.00,1.12
2017.09.21 12:38:08.970,0.7928,0.79287,1.00,1.69
2017.09.21 12:38:09.573,0.79279,0.79287,2.06,1.50
2017.09.21 12:38:10.693,0.79278,0.79287,1.01,1.00
2017.09.21 12:38:13.004,0.79278,0.79286,1.20,1.00
2017.09.21 12:38:13.548,0.79279,0.79286,1.50,1.00
2017.09.21 12:38:13.898,0.79281,0.79288,2.25,1.00
2017.09.21 12:38:14.422,0.79281,0.79289,3.38,1.00
2017.09.21 12:38:15.378,0.79283,0.79289,1.00,1.00
2017.09.21 12:38:15.682,0.79282,0.79291,1.57,1.00
2017.09.21 12:38:15.994,0.79283,0.79291,1.07,1.00
2017.09.21 12:38:16.148,0.79284,0.79293,2.51,1.12
2017.09.21 12:38:16.304,0.79284,0.79293,4.76,1.00
2017.09.21 12:38:17.791,0.79287,0.79294,1.10,1.31
2017.09.21 12:38:17.994,0.79289,0.79297,1.00,4.31
2017.09.21 12:38:18.045,0.79291,0.79299,1.00,6.00
2017.09.21 12:38:18.599,0.79291,0.79298,1.00,1.50
2017.09.21 12:38:19.162,0.79292,0.79299,1.00,1.87
2017.09.21 12:38:19.213,0.79292,0.793,1.00,2.62
2017.09.21 12:38:19.722,0.79291,0.793,1.00,3.37
2017.09.21 12:38:19.823,0.79293,0.793,1.00,2.62
2017.09.21 12:38:20.999,0.79294,0.793,1.00,1.00
2017.09.21 12:38:21.557,0.79291,0.79298,1.95,1.69
2017.09.21 12:38:22.072,0.79291,0.79298,1.00,1.12
2017.09.21 12:38:28.649,0.79293,0.79298,1.00,1.00
2017.09.21 12:38:28.802,0.79292,0.793,1.00,1.69
2017.09.21 12:38:29.158,0.79289,0.79298,1.12,1.88
2017.09.21 12:38:29.667,0.79288,0.79297,1.00,3.38
2017.09.21 12:38:30.178,0.79286,0.79294,1.00,1.88
2017.09.21 12:38:30.484,0.79288,0.79294,1.00,1.00
2017.09.21 12:38:31.029,0.79288,0.79296,1.00,4.69
2017.09.21 12:38:33.263,0.79288,0.79297,1.00,2.81
2017.09.21 12:38:33.848,0.79288,0.79297,1.00,3.56
2017.09.21 12:38:34.358,0.79288,0.79297,1.00,3.00
2017.09.21 12:38:34.918,0.79288,0.79296,1.00,1.00
2017.09.21 12:38:35.659,0.79287,0.79297,1.20,3.75
2017.09.21 12:38:36.177,0.79288,0.79297,1.00,3.56
2017.09.21 12:38:36.799,0.79287,0.79296,1.10,1.00
2017.09.21 12:38:38.423,0.79289,0.79297,1.00,4.31
2017.09.21 12:38:38.728,0.79286,0.79293,2.51,1.00
2017.09.21 12:38:39.417,0.79286,0.79294,2.70,1.00
2017.09.21 12:38:39.722,0.79286,0.79292,1.00,1.00
2017.09.21 12:38:40.450,0.79286,0.79292,1.07,1.00
2017.09.21 12:38:42.072,0.79286,0.79296,1.20,2.62
2017.09.21 12:38:42.125,0.79289,0.79296,1.00,1.87
2017.09.21 12:38:42.227,0.79289,0.79297,1.00,1.87
2017.09.21 12:38:42.634,0.79292,0.793,1.00,1.62
2017.09.21 12:38:42.939,0.79294,0.79301,1.00,1.87
2017.09.21 12:38:43.631,0.79294,0.79299,1.00,1.25
2017.09.21 12:38:43.682,0.79291,0.793,1.57,4.87
2017.09.21 12:38:43.733,0.79291,0.79297,1.10,1.00
2017.09.21 12:38:44.242,0.7929,0.79297,1.00,1.12
2017.09.21 12:38:46.619,0.79289,0.79297,1.00,3.94
2017.09.21 12:38:47.149,0.79288,0.79296,1.00,1.50
2017.09.21 12:38:50.060,0.79289,0.79297,1.00,1.31
2017.09.21 12:38:51.069,0.79289,0.79298,1.00,1.87
2017.09.21 12:38:54.641,0.79289,0.79297,1.00,1.25
2017.09.21 12:38:58.359,0.79289,0.79298,1.00,1.12
2017.09.21 12:38:58.664,0.79298,0.79303,1.12,1.37
2017.09.21 12:38:58.715,0.79298,0.79303,1.00,1.37
2017.09.21 12:38:58.766,0.79298,0.79306,1.00,1.00
2017.09.21 12:38:58.895,0.79297,0.79304,2.70,1.00
2017.09.21 12:38:59.149,0.79292,0.79301,1.00,2.70
2017.09.21 12:38:59.302,0.79292,0.793,1.00,1.87
2017.09.21 12:38:59.657,0.79294,0.79302,1.00,4.76
2017.09.21 12:39:00.186,0.79293,0.79301,1.00,1.00
2017.09.21 12:39:02.209,0.7929,0.793,2.32,2.62
2017.09.21 12:39:02.261,0.79289,0.79298,1.31,1.12
2017.09.21 12:39:02.313,0.79289,0.79296,1.31,1.00
2017.09.21 12:39:02.567,0.79285,0.79293,1.00,1.12
2017.09.21 12:39:02.669,0.79287,0.79294,1.00,1.00
2017.09.21 12:39:03.693,0.79287,0.79294,1.00,1.44
2017.09.21 12:39:04.250,0.79287,0.79294,1.00,1.25
2017.09.21 12:39:04.793,0.79284,0.79293,1.00,1.00
2017.09.21 12:39:10.241,0.79286,0.79293,1.75,1.00
2017.09.21 12:39:10.343,0.79291,0.79297,1.00,1.00
2017.09.21 12:39:10.394,0.79292,0.79299,1.37,1.00
2017.09.21 12:39:10.496,0.79292,0.79301,2.25,1.50
2017.09.21 12:39:11.158,0.79292,0.79302,2.25,1.10
2017.09.21 12:39:11.799,0.79292,0.79299,3.37,1.37
2017.09.21 12:39:11.850,0.79292,0.79302,2.25,1.10
2017.09.21 12:39:12.108,0.79292,0.79299,3.56,1.37
2017.09.21 12:39:12.463,0.79296,0.79299,8.25,1.00
2017.09.21 12:39:12.515,0.79297,0.79305,1.00,1.12
2017.09.21 12:39:12.667,0.79301,0.79308,1.00,2.32
2017.09.21 12:39:12.871,0.79301,0.79311,1.00,1.00
2017.09.21 12:39:13.418,0.79302,0.79311,1.00,1.00
2017.09.21 12:39:13.967,0.79302,0.7931,1.00,1.00
2017.09.21 12:39:14.805,0.79301,0.79309,1.50,1.00
2017.09.21 12:39:14.907,0.79299,0.79307,1.20,1.00
2017.09.21 12:39:15.315,0.79299,0.79309,1.20,1.00
2017.09.21 12:39:15.518,0.79299,0.79307,1.12,1.00
2017.09.21 12:39:16.025,0.79297,0.79308,3.07,1.87
2017.09.21 12:39:16.336,0.79296,0.79305,4.95,1.00
2017.09.21 12:39:16.649,0.79295,0.79303,1.10,1.00
2017.09.21 12:39:17.108,0.79297,0.79305,1.00,1.50
2017.09.21 12:39:17.777,0.79302,0.79307,1.00,1.00
2017.09.21 12:39:18.032,0.79301,0.79309,1.00,1.00
2017.09.21 12:39:18.186,0.79299,0.79307,1.00,1.87
2017.09.21 12:39:18.289,0.79297,0.79306,1.12,1.87
2017.09.21 12:39:18.601,0.79299,0.79307,1.00,2.25
2017.09.21 12:39:18.908,0.79298,0.79306,1.00,3.45
2017.09.21 12:39:18.960,0.79296,0.79306,1.00,4.20
2017.09.21 12:39:24.301,0.79297,0.79306,1.25,2.32
2017.09.21 12:39:24.405,0.79299,0.79306,1.00,1.00
2017.09.21 12:39:24.949,0.79299,0.79308,1.00,6.00
2017.09.21 12:39:25.478,0.793,0.79308,1.00,3.37
2017.09.21 12:39:25.681,0.793,0.79309,3.07,1.87
2017.09.21 12:39:26.231,0.79301,0.7931,1.12,1.69
2017.09.21 12:39:26.889,0.79301,0.7931,1.12,2.44
2017.09.21 12:39:27.583,0.79301,0.7931,1.12,3.19
2017.09.21 12:39:30.852,0.79301,0.7931,1.57,1.69
2017.09.21 12:39:31.360,0.79302,0.7931,2.70,1.00
2017.09.21 12:39:31.462,0.79305,0.79313,1.00,1.12
2017.09.21 12:39:31.513,0.79303,0.79311,5.51,1.00
2017.09.21 12:39:34.318,0.79304,0.79312,2.25,1.00
2017.09.21 12:39:34.623,0.79306,0.79311,1.00,1.00
2017.09.21 12:39:35.295,0.79304,0.79311,1.95,1.00
2017.09.21 12:39:36.273,0.79304,0.79311,1.10,1.00
2017.09.21 12:39:38.031,0.79305,0.79311,1.50,1.00
2017.09.21 12:39:38.543,0.79304,0.79311,2.62,1.00
2017.09.21 12:39:40.190,0.79303,0.79312,5.89,1.00
2017.09.21 12:39:42.318,0.79303,0.7931,2.51,1.00
2017.09.21 12:39:42.470,0.79305,0.79314,1.00,2.70
2017.09.21 12:39:42.981,0.79305,0.79314,1.00,1.39
2017.09.21 12:39:43.645,0.79307,0.79315,1.00,3.94
2017.09.21 12:39:45.702,0.79307,0.79314,1.00,2.44
2017.09.21 12:39:46.249,0.79307,0.79314,1.00,3.56
2017.09.21 12:39:46.936,0.79305,0.79313,1.00,1.25
2017.09.21 12:39:47.455,0.79304,0.79313,1.12,2.81
2017.09.21 12:39:49.165,0.79304,0.79313,1.12,1.69
2017.09.21 12:39:49.267,0.79306,0.79314,1.00,3.82
2017.09.21 12:39:53.732,0.79305,0.79314,1.00,1.50
2017.09.21 12:39:54.160,0.79307,0.79315,1.00,2.14
2017.09.21 12:39:54.779,0.79307,0.79315,1.00,2.06
2017.09.21 12:39:55.380,0.79307,0.79314,1.00,1.00
2017.09.21 12:39:55.868,0.79305,0.79314,1.50,1.00
2017.09.21 12:39:57.203,0.79306,0.79314,1.00,1.12
2017.09.21 12:39:58.942,0.79305,0.79312,1.00,2.44
2017.09.21 12:39:59.255,0.79299,0.79307,1.10,1.12
2017.09.21 12:39:59.560,0.79301,0.79309,1.00,4.50
2017.09.21 12:39:59.764,0.79301,0.7931,1.12,2.63
2017.09.21 12:40:00.314,0.79302,0.79309,1.00,1.50
2017.09.21 12:40:00.416,0.79299,0.79308,3.07,3.00
2017.09.21 12:40:00.569,0.79298,0.79307,1.00,3.37
2017.09.21 12:40:00.823,0.79296,0.79306,1.12,3.37
2017.09.21 12:40:00.925,0.79296,0.79304,1.12,1.00
2017.09.21 12:40:02.007,0.79294,0.79303,1.00,1.00
2017.09.21 12:40:02.558,0.79294,0.79304,1.00,1.69
2017.09.21 12:40:03.069,0.79293,0.79303,4.58,1.25
2017.09.21 12:40:03.632,0.79293,0.79303,4.95,1.44
2017.09.21 12:40:04.140,0.79293,0.79304,4.39,2.06
2017.09.21 12:40:04.191,0.79293,0.793,1.57,1.00
2017.09.21 12:40:05.132,0.79293,0.79301,3.38,1.00
2017.09.21 12:40:05.438,0.79291,0.79298,1.25,1.00
2017.09.21 12:40:05.829,0.79292,0.793,1.50,1.00
2017.09.21 12:40:06.400,0.79294,0.793,1.00,1.00
2017.09.21 12:40:07.401,0.79295,0.793,1.00,1.00
2017.09.21 12:40:10.307,0.79294,0.793,1.01,1.00
2017.09.21 12:40:10.846,0.79295,0.793,1.25,1.00
2017.09.21 12:40:11.522,0.79294,0.793,3.26,1.00
2017.09.21 12:40:12.137,0.79295,0.793,1.13,1.00
2017.09.21 12:40:13.132,0.79294,0.79301,1.39,1.00
2017.09.21 12:40:15.141,0.79294,0.79301,1.00,1.00
2017.09.21 12:40:15.695,0.79293,0.79301,3.64,1.00
2017.09.21 12:40:18.649,0.79292,0.79301,7.20,1.00
2017.09.21 12:40:20.076,0.79293,0.79301,1.12,1.00
2017.09.21 12:40:20.625,0.79293,0.79301,1.37,1.00
2017.09.21 12:40:21.244,0.79295,0.79301,1.00,1.00
2017.09.21 12:40:21.784,0.79294,0.79302,1.31,1.00
2017.09.21 12:40:22.816,0.79295,0.79302,1.25,1.00
2017.09.21 12:40:23.321,0.79295,0.79303,2.25,1.00
2017.09.21 12:40:25.512,0.79298,0.79304,1.50,1.00
2017.09.21 12:40:25.821,0.79303,0.79307,1.00,1.87
2017.09.21 12:40:26.021,0.79303,0.79312,1.00,2.51
2017.09.21 12:40:26.531,0.79304,0.79312,1.00,3.19
2017.09.21 12:40:27.597,0.79302,0.79312,1.50,3.19
2017.09.21 12:40:31.968,0.79303,0.79312,1.00,2.62
2017.09.21 12:40:32.119,0.793,0.79307,1.50,1.00
2017.09.21 12:40:32.273,0.79298,0.79306,1.00,1.87
2017.09.21 12:40:32.599,0.79296,0.79306,1.12,1.31
2017.09.21 12:40:34.021,0.79297,0.79305,1.00,1.00
2017.09.21 12:40:35.522,0.79295,0.79304,1.10,1.44
2017.09.21 12:40:36.112,0.79294,0.79304,3.94,1.19
2017.09.21 12:40:36.641,0.79295,0.79304,1.25,1.44
2017.09.21 12:40:37.180,0.79294,0.79304,2.25,1.69
2017.09.21 12:40:38.171,0.79295,0.79304,1.00,3.19
2017.09.21 12:40:38.680,0.79294,0.79304,1.12,2.06
2017.09.21 12:40:40.085,0.79296,0.79304,1.25,1.19
2017.09.21 12:40:40.711,0.79296,0.79304,1.00,1.00
2017.09.21 12:40:44.404,0.79297,0.79306,1.00,6.86
2017.09.21 12:40:45.122,0.79296,0.79306,1.50,2.17
2017.09.21 12:40:45.639,0.79297,0.79305,1.00,1.25
2017.09.21 12:40:45.946,0.79294,0.79305,1.50,5.25
2017.09.21 12:40:48.328,0.79294,0.79305,2.06,2.62
2017.09.21 12:40:48.840,0.79294,0.79305,2.06,3.00
2017.09.21 12:40:50.208,0.79296,0.79306,1.00,4.01
2017.09.21 12:40:51.237,0.79296,0.79305,1.00,3.00
2017.09.21 12:40:51.433,0.79294,0.79304,1.00,1.69
2017.09.21 12:40:51.637,0.79292,0.79302,1.39,1.69
2017.09.21 12:40:52.147,0.79292,0.79301,1.12,2.81
2017.09.21 12:40:52.682,0.79293,0.79301,1.00,1.00
2017.09.21 12:40:53.231,0.79294,0.79304,1.00,4.13
2017.09.21 12:40:55.575,0.79293,0.79304,1.00,5.25
2017.09.21 12:40:56.708,0.79294,0.79303,1.00,1.69
2017.09.21 12:40:57.307,0.79295,0.79303,1.00,1.69
2017.09.21 12:40:57.826,0.79295,0.79303,1.00,1.00
2017.09.21 12:40:58.376,0.79294,0.79303,2.25,1.00
2017.09.21 12:40:58.988,0.79295,0.79303,1.50,1.00
2017.09.21 12:40:59.573,0.79294,0.79303,1.69,1.00
2017.09.21 12:41:00.301,0.79294,0.79302,1.50,1.00
2017.09.21 12:41:00.880,0.79294,0.79303,1.88,1.00
2017.09.21 12:41:03.547,0.79292,0.79303,2.89,1.39
2017.09.21 12:41:04.069,0.79292,0.79302,2.06,1.25
2017.09.21 12:41:04.642,0.79292,0.79303,1.50,1.31
2017.09.21 12:41:05.900,0.79291,0.79302,4.39,1.00
2017.09.21 12:41:06.185,0.79291,0.79299,4.95,3.00
2017.09.21 12:41:06.244,0.79287,0.79296,1.25,3.38
2017.09.21 12:41:06.346,0.79285,0.79294,2.06,1.00
2017.09.21 12:41:06.398,0.79285,0.79294,1.00,1.00
2017.09.21 12:41:06.551,0.79288,0.79295,1.00,1.35
2017.09.21 12:41:07.087,0.79287,0.79295,1.00,1.91
2017.09.21 12:41:09.725,0.79287,0.79293,1.00,1.87
2017.09.21 12:41:09.776,0.79284,0.79291,1.00,1.00
2017.09.21 12:41:09.879,0.79281,0.79289,1.50,2.29
2017.09.21 12:41:09.981,0.79278,0.79286,1.12,1.00
2017.09.21 12:41:10.134,0.79281,0.79287,1.00,2.62
2017.09.21 12:41:10.186,0.79279,0.79287,1.12,3.00
2017.09.21 12:41:10.394,0.79277,0.79287,1.00,3.56
2017.09.21 12:41:10.446,0.79279,0.79287,1.00,1.76
2017.09.21 12:41:11.008,0.7928,0.79288,1.00,1.31
2017.09.21 12:41:11.110,0.79281,0.7929,1.00,3.26
2017.09.21 12:41:11.366,0.79283,0.7929,1.00,1.19
2017.09.21 12:41:12.134,0.79283,0.7929,1.00,1.10
2017.09.21 12:41:12.737,0.79283,0.79289,1.00,1.12
2017.09.21 12:41:12.789,0.7928,0.79289,1.00,2.25
2017.09.21 12:41:13.553,0.79282,0.7929,1.00,6.56
2017.09.21 12:41:13.754,0.79283,0.79291,1.00,2.25
2017.09.21 12:41:14.614,0.79284,0.79292,1.00,2.81
2017.09.21 12:41:14.767,0.79286,0.79293,1.00,1.57
2017.09.21 12:41:16.406,0.79286,0.79292,1.00,1.00
2017.09.21 12:41:16.458,0.79284,0.79293,1.00,2.44
2017.09.21 12:41:17.131,0.79284,0.79292,1.00,1.25
2017.09.21 12:41:17.640,0.79285,0.79292,1.00,1.50
2017.09.21 12:41:17.691,0.79283,0.79291,3.00,1.00
2017.09.21 12:41:17.845,0.79285,0.79293,1.00,3.19
2017.09.21 12:41:18.364,0.79284,0.79293,2.25,1.87
2017.09.21 12:41:20.277,0.79286,0.79294,1.00,1.00
2017.09.21 12:41:20.906,0.79287,0.79294,1.00,1.00
2017.09.21 12:41:21.750,0.79286,0.79294,2.25,1.00
2017.09.21 12:41:22.101,0.79287,0.79292,1.00,1.00
2017.09.21 12:41:22.255,0.79283,0.79292,2.70,1.25
2017.09.21 12:41:22.358,0.79282,0.79289,1.50,1.00
2017.09.21 12:41:22.666,0.79276,0.79282,1.01,1.00
2017.09.21 12:41:24.187,0.79276,0.79284,1.25,1.00
2017.09.21 12:41:24.706,0.79275,0.79283,8.14,1.00
2017.09.21 12:41:25.618,0.79275,0.79283,8.32,1.00
2017.09.21 12:41:25.670,0.79279,0.79287,1.50,1.95
2017.09.21 12:41:26.179,0.7928,0.79288,1.12,1.00
2017.09.21 12:41:27.271,0.79279,0.79287,2.32,1.00
2017.09.21 12:41:27.323,0.79277,0.79284,3.00,1.00
2017.09.21 12:41:27.479,0.79276,0.79283,1.25,1.00
2017.09.21 12:41:28.025,0.79275,0.79282,1.12,1.00
2017.09.21 12:41:28.918,0.79273,0.79281,5.70,1.00
2017.09.21 12:41:29.840,0.79273,0.79279,3.38,1.00
2017.09.21 12:41:31.883,0.79271,0.79279,1.57,1.00
2017.09.21 12:41:32.384,0.79271,0.79278,1.50,1.00
2017.09.21 12:41:35.851,0.79271,0.7928,1.50,1.00
2017.09.21 12:41:35.996,0.79273,0.7928,1.50,1.00
2017.09.21 12:41:36.509,0.79274,0.7928,1.44,1.00
2017.09.21 12:41:36.937,0.79273,0.7928,2.70,1.00
2017.09.21 12:41:38.383,0.79275,0.79284,2.25,1.00
2017.09.21 12:41:38.639,0.79277,0.79284,1.50,1.00
2017.09.21 12:41:39.265,0.79278,0.79284,1.00,1.00
2017.09.21 12:41:39.410,0.79275,0.79282,3.07,1.00
2017.09.21 12:41:40.149,0.79276,0.79282,1.44,1.00
2017.09.21 12:41:40.713,0.79279,0.79287,1.12,1.50
2017.09.21 12:41:40.765,0.79278,0.79284,1.87,1.00
2017.09.21 12:41:40.970,0.79275,0.79284,2.70,1.00
2017.09.21 12:41:42.655,0.79275,0.79286,1.88,6.08
2017.09.21 12:41:46.339,0.79278,0.79287,2.25,3.00
2017.09.21 12:41:46.881,0.79278,0.79286,1.87,1.00
2017.09.21 12:41:47.987,0.79278,0.79287,2.44,1.00
2017.09.21 12:41:48.605,0.79279,0.79287,3.00,1.00
2017.09.21 12:41:49.589,0.79278,0.79285,2.32,1.00
2017.09.21 12:41:49.897,0.79275,0.79283,7.39,1.00
2017.09.21 12:41:50.407,0.79275,0.79284,4.12,1.00
2017.09.21 12:41:50.672,0.79274,0.79283,2.14,1.00
2017.09.21 12:41:50.724,0.79273,0.79281,4.01,1.00
2017.09.21 12:41:51.335,0.79273,0.79281,2.81,1.00
2017.09.21 12:41:52.196,0.79274,0.79281,1.69,1.00
2017.09.21 12:41:52.708,0.79274,0.7928,2.44,1.00
2017.09.21 12:41:53.237,0.79273,0.7928,2.25,1.00
2017.09.21 12:41:53.967,0.79274,0.7928,1.00,1.00
2017.09.21 12:41:54.560,0.79273,0.7928,1.50,1.00
2017.09.21 12:41:55.370,0.79272,0.7928,5.51,1.00
2017.09.21 12:41:55.675,0.79277,0.79284,1.00,2.25
2017.09.21 12:41:56.084,0.79279,0.79285,1.00,2.81
2017.09.21 12:41:56.588,0.79278,0.79285,1.00,1.62
2017.09.21 12:41:56.894,0.7928,0.79285,1.00,1.62
2017.09.21 12:41:57.417,0.79279,0.79285,1.00,1.50
2017.09.21 12:42:03.078,0.79278,0.79285,1.00,3.75
2017.09.21 12:42:07.283,0.79277,0.79284,1.00,4.87
2017.09.21 12:42:07.717,0.79275,0.79284,1.00,4.20
2017.09.21 12:42:08.227,0.79275,0.79283,1.00,1.00
2017.09.21 12:42:08.765,0.79275,0.79284,1.00,4.76
2017.09.21 12:42:09.178,0.79275,0.79283,1.00,3.56
2017.09.21 12:42:09.764,0.79274,0.79282,1.00,1.25
2017.09.21 12:42:11.938,0.79274,0.79279,1.00,1.00
2017.09.21 12:42:12.090,0.79271,0.79278,1.37,1.50
2017.09.21 12:42:12.144,0.79273,0.7928,1.00,1.00
2017.09.21 12:42:12.451,0.79275,0.79281,1.00,1.00
2017.09.21 12:42:15.244,0.79275,0.79282,1.00,2.81
2017.09.21 12:42:16.200,0.79276,0.79284,1.00,4.88
2017.09.21 12:42:20.787,0.79276,0.79283,1.00,1.39
2017.09.21 12:42:21.932,0.79275,0.79281,1.00,1.12
2017.09.21 12:42:21.983,0.79272,0.7928,1.00,1.69
2017.09.21 12:42:22.137,0.79271,0.79278,1.00,1.12
2017.09.21 12:42:22.950,0.79271,0.79278,1.00,5.25
2017.09.21 12:42:23.102,0.79269,0.79277,1.00,2.44
2017.09.21 12:42:23.255,0.79267,0.79275,1.00,1.12
2017.09.21 12:42:23.459,0.79266,0.79274,1.00,1.63
2017.09.21 12:42:25.928,0.79266,0.79274,1.00,4.50
2017.09.21 12:42:26.939,0.79266,0.79274,1.00,4.69
2017.09.21 12:42:27.956,0.79266,0.79274,1.00,5.06
2017.09.21 12:42:29.320,0.79266,0.79274,1.00,3.19
2017.09.21 12:42:29.846,0.79266,0.79274,1.00,2.81
2017.09.21 12:42:30.658,0.79266,0.79274,1.00,3.26
2017.09.21 12:42:31.188,0.79266,0.79274,1.00,2.81
2017.09.21 12:42:32.941,0.79268,0.79274,1.50,3.00
2017.09.21 12:42:33.499,0.79267,0.79274,1.25,2.81
2017.09.21 12:42:36.279,0.79266,0.79274,3.37,2.81
2017.09.21 12:42:36.783,0.79266,0.79274,1.00,5.44
2017.09.21 12:42:41.526,0.79266,0.79272,1.00,1.00
2017.09.21 12:42:42.042,0.79266,0.79274,2.14,2.81
2017.09.21 12:42:43.538,0.79267,0.79274,1.95,2.81
2017.09.21 12:42:44.287,0.79266,0.79274,1.57,2.81
2017.09.21 12:42:44.974,0.79266,0.79274,1.00,3.94
2017.09.21 12:42:45.509,0.79266,0.79274,1.00,3.19
2017.09.21 12:42:50.675,0.79266,0.79273,1.00,1.00
2017.09.21 12:42:51.221,0.79266,0.79274,1.00,3.94
2017.09.21 12:42:51.942,0.79266,0.79273,1.00,1.00
2017.09.21 12:42:52.615,0.79266,0.79274,1.00,4.50
2017.09.21 12:42:53.150,0.79266,0.79274,1.00,5.25
2017.09.21 12:42:53.674,0.79266,0.79272,1.00,1.50
2017.09.21 12:42:54.466,0.79266,0.79271,1.00,1.00
2017.09.21 12:42:55.017,0.79266,0.79272,1.00,1.50
2017.09.21 12:42:55.566,0.79266,0.79272,1.00,1.50
2017.09.21 12:42:56.129,0.79266,0.79272,1.00,2.25
2017.09.21 12:42:56.231,0.79265,0.79271,1.00,3.38
2017.09.21 12:42:56.390,0.79262,0.79266,1.87,1.00
2017.09.21 12:42:56.746,0.79262,0.79266,7.87,1.00
2017.09.21 12:42:56.898,0.79261,0.79264,1.00,1.00
2017.09.21 12:42:56.950,0.79262,0.79266,1.87,1.50
2017.09.21 12:42:57.532,0.79261,0.79266,2.62,1.50
2017.09.21 12:42:59.119,0.79262,0.79266,1.50,2.44
2017.09.21 12:42:59.691,0.79261,0.79265,1.50,1.50
2017.09.21 12:43:01.534,0.79264,0.79268,61.50,1.20
2017.09.21 12:43:02.091,0.79263,0.79267,61.50,1.00
2017.09.21 12:43:02.142,0.79265,0.79269,61.50,1.20
2017.09.21 12:43:02.649,0.79264,0.79269,61.50,2.06
2017.09.21 12:43:03.238,0.79265,0.79269,61.50,1.25
2017.09.21 12:43:03.620,0.79263,0.79269,61.50,2.89
2017.09.21 12:43:04.128,0.79264,0.79268,61.50,1.10
2017.09.21 12:43:06.553,0.79263,0.79267,61.50,1.00
2017.09.21 12:43:06.807,0.79262,0.79266,1.50,1.00
2017.09.21 12:43:07.151,0.79262,0.79267,66.75,3.83
2017.09.21 12:43:07.387,0.79261,0.79267,1.50,4.58
2017.09.21 12:43:07.440,0.79262,0.79267,67.50,3.83
2017.09.21 12:43:07.643,0.79261,0.79267,1.50,4.58
2017.09.21 12:43:07.694,0.79262,0.79267,68.25,3.83
2017.09.21 12:43:08.014,0.79261,0.79266,1.50,1.44
2017.09.21 12:43:08.524,0.79262,0.79267,1.50,5.14
2017.09.21 12:43:09.031,0.79261,0.79265,1.50,1.12
2017.09.21 12:43:09.538,0.7926,0.79266,1.50,2.70
2017.09.21 12:43:10.172,0.79261,0.79266,1.50,1.57
2017.09.21 12:43:11.085,0.79262,0.79266,1.50,1.25
2017.09.21 12:43:11.288,0.79262,0.79267,103.50,2.25
2017.09.21 12:43:11.550,0.79262,0.79266,1.50,2.62
2017.09.21 12:43:11.956,0.7926,0.79265,1.50,1.87
2017.09.21 12:43:15.723,0.79262,0.79266,1.50,1.12
2017.09.21 12:43:15.774,0.7926,0.79266,1.50,2.33
2017.09.21 12:43:16.164,0.79262,0.79266,1.50,1.20
2017.09.21 12:43:17.639,0.79261,0.79267,1.50,3.26
2017.09.21 12:43:18.960,0.79262,0.79266,1.50,1.01
2017.09.21 12:43:19.062,0.79263,0.79267,166.50,2.62
2017.09.21 12:43:19.266,0.79265,0.7927,166.50,1.25
2017.09.21 12:43:19.710,0.79264,0.79269,166.50,1.95
2017.09.21 12:43:21.090,0.79262,0.79266,1.50,1.31
2017.09.21 12:43:21.599,0.79261,0.79266,1.50,3.83
2017.09.21 12:43:23.526,0.79259,0.79266,1.12,1.47
2017.09.21 12:43:24.177,0.79259,0.79267,1.12,2.25
2017.09.21 12:43:24.679,0.79258,0.79264,1.37,1.00
2017.09.21 12:43:24.984,0.79254,0.79262,1.87,2.32
2017.09.21 12:43:25.136,0.7925,0.79262,4.20,2.32
2017.09.21 12:43:25.639,0.7925,0.79261,1.10,3.07
2017.09.21 12:43:26.088,0.79249,0.79259,1.87,1.00
2017.09.21 12:43:26.240,0.79249,0.79261,2.25,3.45
2017.09.21 12:43:26.291,0.79249,0.7926,1.00,2.62
2017.09.21 12:43:26.392,0.79249,0.79261,2.25,2.70
2017.09.21 12:43:26.898,0.7925,0.79261,1.57,1.20
2017.09.21 12:43:27.897,0.79251,0.79261,1.50,1.57
2017.09.21 12:43:28.558,0.79251,0.79262,1.50,2.70
2017.09.21 12:43:29.189,0.7925,0.79262,4.12,2.70
2017.09.21 12:43:29.789,0.79251,0.79262,1.25,2.51
2017.09.21 12:43:30.290,0.79251,0.79262,1.25,2.14
2017.09.21 12:43:30.918,0.7925,0.79262,2.81,2.14
2017.09.21 12:43:32.812,0.7925,0.79262,2.81,2.14
2017.09.21 12:43:33.072,0.79249,0.79262,4.01,1.95
2017.09.21 12:43:33.590,0.7925,0.79262,1.88,3.37
2017.09.21 12:43:34.438,0.7925,0.79261,1.50,1.36
2017.09.21 12:43:34.741,0.79248,0.79257,5.32,1.00
2017.09.21 12:43:35.095,0.79248,0.79256,1.50,3.75
2017.09.21 12:43:35.146,0.79244,0.79256,1.95,3.75
2017.09.21 12:43:35.694,0.79244,0.79256,1.39,4.99
2017.09.21 12:43:36.072,0.79243,0.79254,1.00,1.61
2017.09.21 12:43:36.578,0.79243,0.79254,1.50,2.17
2017.09.21 12:43:37.115,0.79243,0.79254,1.00,2.36
2017.09.21 12:43:37.636,0.79242,0.79253,3.45,1.00
2017.09.21 12:43:38.307,0.79242,0.79254,2.70,2.55
2017.09.21 12:43:39.129,0.79242,0.79253,2.70,1.00
2017.09.21 12:43:39.630,0.79243,0.79252,1.50,1.12
2017.09.21 12:43:40.143,0.79242,0.79252,2.62,1.00
2017.09.21 12:43:40.649,0.79243,0.79252,1.00,1.00
2017.09.21 12:43:41.230,0.79243,0.79253,1.00,1.12
2017.09.21 12:43:42.464,0.79244,0.79253,1.00,1.12
2017.09.21 12:43:42.938,0.79242,0.79253,4.58,1.12
2017.09.21 12:43:43.140,0.79245,0.79254,2.25,2.36
2017.09.21 12:43:43.292,0.79243,0.79253,2.25,1.00
2017.09.21 12:43:43.839,0.79244,0.79254,1.50,2.51
2017.09.21 12:43:44.368,0.79243,0.79253,3.75,1.87
2017.09.21 12:43:44.883,0.79244,0.79252,1.00,1.00
2017.09.21 12:43:45.391,0.79244,0.79253,1.00,1.00
2017.09.21 12:43:45.901,0.79243,0.79252,2.25,1.00
2017.09.21 12:43:46.791,0.79244,0.79252,1.00,1.00
2017.09.21 12:43:47.322,0.79243,0.79252,2.25,1.00
2017.09.21 12:43:47.881,0.79244,0.79253,1.00,2.06
2017.09.21 12:43:48.392,0.79244,0.79252,1.50,1.50
2017.09.21 12:43:48.695,0.79245,0.79255,2.25,1.57
2017.09.21 12:43:49.202,0.79246,0.79255,1.00,1.37
2017.09.21 12:43:49.418,0.79246,0.79256,1.50,1.00
2017.09.21 12:43:49.924,0.79245,0.79257,3.19,4.19
2017.09.21 12:43:50.299,0.79246,0.79257,1.50,1.38
2017.09.21 12:43:50.751,0.79246,0.79257,2.44,1.94
2017.09.21 12:43:50.953,0.79246,0.79257,1.50,1.19
2017.09.21 12:43:51.477,0.79246,0.79257,1.50,1.46
2017.09.21 12:43:52.278,0.79245,0.79257,3.00,2.51
2017.09.21 12:43:52.781,0.79246,0.79256,1.00,2.24
2017.09.21 12:43:53.317,0.79245,0.79256,1.50,2.62
2017.09.21 12:43:53.520,0.79246,0.79257,1.50,4.57
2017.09.21 12:43:54.907,0.79246,0.79256,2.25,2.06
2017.09.21 12:43:55.949,0.79245,0.79256,3.75,3.00
2017.09.21 12:43:56.479,0.79245,0.79256,2.25,2.25
2017.09.21 12:43:57.019,0.79246,0.79256,1.00,5.06
2017.09.21 12:43:57.655,0.79245,0.79256,3.00,3.19
2017.09.21 12:43:59.971,0.79247,0.79256,2.25,2.70
2017.09.21 12:44:00.023,0.79246,0.79258,3.82,2.14
2017.09.21 12:44:00.369,0.79249,0.79259,1.00,1.47
2017.09.21 12:44:00.521,0.7925,0.79261,1.00,3.26
2017.09.21 12:44:01.027,0.79251,0.79261,2.62,1.76
2017.09.21 12:44:01.590,0.7925,0.79262,4.95,2.51
2017.09.21 12:44:02.170,0.79251,0.79263,2.25,3.07
2017.09.21 12:44:02.692,0.79251,0.79263,3.00,1.76
2017.09.21 12:44:02.997,0.79251,0.79262,3.75,2.44
2017.09.21 12:44:03.925,0.79251,0.79262,6.64,2.44
2017.09.21 12:44:04.594,0.79251,0.79263,5.70,4.69
2017.09.21 12:44:06.253,0.79253,0.79264,1.00,1.33
2017.09.21 12:44:06.793,0.79254,0.79264,1.10,1.25
2017.09.21 12:44:07.199,0.79255,0.79267,4.01,3.45
2017.09.21 12:44:07.250,0.79255,0.79267,3.82,3.45
2017.09.21 12:44:08.764,0.79255,0.79267,4.57,2.51
2017.09.21 12:44:08.866,0.79258,0.79267,1.00,1.87
2017.09.21 12:44:08.967,0.79259,0.7927,1.12,3.64
2017.09.21 12:44:09.372,0.7926,0.79272,1.57,3.75
2017.09.21 12:44:09.878,0.7926,0.79271,1.57,1.50
2017.09.21 12:44:10.412,0.79261,0.79272,1.10,1.50
2017.09.21 12:44:10.565,0.79262,0.79273,2.32,1.00
2017.09.21 12:44:10.869,0.79265,0.79275,1.00,1.95
2017.09.21 12:44:11.417,0.79264,0.79276,2.32,3.00
2017.09.21 12:44:13.531,0.79264,0.79275,3.64,1.00
2017.09.21 12:44:14.106,0.79264,0.79276,1.57,1.50
2017.09.21 12:44:16.747,0.79264,0.79276,1.01,1.19
2017.09.21 12:44:16.798,0.79266,0.79276,1.00,1.19
2017.09.21 12:44:17.102,0.79267,0.79277,2.25,1.10
2017.09.21 12:44:17.204,0.79268,0.79278,5.70,1.00
2017.09.21 12:44:17.305,0.7927,0.79281,1.12,1.00
2017.09.21 12:44:17.827,0.7927,0.79282,1.95,4.12
2017.09.21 12:44:18.331,0.79271,0.79282,1.10,1.50
2017.09.21 12:44:18.863,0.7927,0.79279,1.57,1.50
2017.09.21 12:44:18.914,0.79269,0.79279,1.12,5.25
2017.09.21 12:44:18.965,0.79266,0.79278,1.57,1.37
2017.09.21 12:44:19.168,0.79265,0.79277,2.70,1.00
2017.09.21 12:44:19.670,0.79266,0.79277,1.00,2.44
2017.09.21 12:44:20.470,0.79264,0.79278,5.70,4.58
2017.09.21 12:44:20.675,0.79267,0.79278,1.25,2.14
2017.09.21 12:44:20.928,0.79269,0.79282,3.08,6.64
2017.09.21 12:44:21.286,0.7927,0.79282,1.00,5.51
2017.09.21 12:44:21.607,0.7927,0.79282,1.00,3.82
2017.09.21 12:44:21.759,0.79269,0.79281,1.57,2.44
2017.09.21 12:44:22.063,0.79267,0.79277,1.00,3.94
2017.09.21 12:44:22.571,0.79267,0.79277,1.00,1.58
2017.09.21 12:44:23.080,0.79267,0.79277,1.00,4.20
2017.09.21 12:44:23.182,0.79265,0.79277,1.10,4.88
2017.09.21 12:44:23.720,0.79264,0.79276,3.64,1.95
2017.09.21 12:44:24.264,0.79264,0.79277,1.95,5.70
2017.09.21 12:44:24.869,0.79264,0.79276,4.58,3.45
2017.09.21 12:44:25.458,0.79264,0.79276,1.95,2.33
2017.09.21 12:44:26.038,0.79264,0.79276,1.57,3.00
2017.09.21 12:44:27.130,0.79263,0.79276,6.82,1.31
2017.09.21 12:44:27.727,0.79263,0.79277,4.57,9.45
2017.09.21 12:44:28.187,0.79263,0.79276,5.32,4.12
2017.09.21 12:44:28.397,0.79263,0.79273,1.20,1.50
2017.09.21 12:44:28.701,0.79259,0.79269,1.10,1.63
2017.09.21 12:44:29.208,0.79258,0.79269,1.57,1.10
2017.09.21 12:44:29.702,0.79257,0.79267,4.76,1.25
2017.09.21 12:44:30.490,0.79256,0.79267,1.10,3.82
2017.09.21 12:44:30.591,0.79256,0.79266,1.10,2.25
2017.09.21 12:44:31.613,0.79256,0.79265,1.00,1.50
2017.09.21 12:44:32.791,0.79256,0.79266,1.00,2.25
2017.09.21 12:44:33.265,0.79254,0.79265,1.00,2.25
2017.09.21 12:44:33.316,0.79253,0.79262,1.20,1.25
2017.09.21 12:44:33.878,0.79252,0.79262,1.00,3.26
2017.09.21 12:44:34.283,0.79251,0.7926,1.57,1.19
2017.09.21 12:44:34.879,0.79251,0.79261,1.20,1.44
2017.09.21 12:44:35.960,0.79249,0.7926,6.26,2.63
2017.09.21 12:44:36.012,0.79248,0.7926,1.57,5.44
2017.09.21 12:44:36.163,0.79246,0.79257,5.62,2.33
2017.09.21 12:44:36.214,0.79246,0.79256,1.00,1.31
2017.09.21 12:44:36.518,0.79245,0.79256,1.50,2.14
2017.09.21 12:44:37.048,0.79245,0.79256,2.06,2.14
2017.09.21 12:44:37.302,0.79249,0.7926,2.62,1.01
2017.09.21 12:44:37.555,0.79248,0.79259,5.33,1.39
2017.09.21 12:44:38.076,0.79248,0.7926,5.89,1.01
2017.09.21 12:44:38.280,0.7925,0.79261,1.00,2.70
2017.09.21 12:44:38.331,0.7925,0.79261,3.19,2.70
2017.09.21 12:44:38.433,0.79251,0.79262,1.50,2.33
2017.09.21 12:44:39.496,0.79251,0.79262,2.62,1.39
2017.09.21 12:44:40.332,0.79251,0.79262,1.31,3.45
2017.09.21 12:44:41.137,0.79251,0.79262,1.12,1.01
2017.09.21 12:44:41.715,0.79251,0.79262,1.00,1.01
2017.09.21 12:44:42.299,0.79251,0.79261,1.00,1.58
2017.09.21 12:44:42.350,0.7925,0.79259,1.00,1.19
2017.09.21 12:44:42.603,0.79248,0.79258,2.06,1.13
2017.09.21 12:44:42.806,0.79247,0.79257,2.25,1.50
2017.09.21 12:44:42.907,0.79248,0.79257,1.00,1.13
2017.09.21 12:44:43.446,0.79247,0.79257,1.50,2.63
2017.09.21 12:44:43.807,0.79247,0.79257,2.51,2.44
2017.09.21 12:44:44.178,0.7925,0.7926,1.19,1.01
2017.09.21 12:44:44.583,0.79251,0.79264,3.07,6.75
2017.09.21 12:44:45.128,0.79253,0.79264,1.07,7.31
2017.09.21 12:44:45.483,0.79252,0.79263,1.95,3.00
2017.09.21 12:44:47.598,0.79252,0.79262,4.01,1.44
2017.09.21 12:44:48.228,0.79252,0.79262,3.45,1.69
2017.09.21 12:44:49.499,0.79253,0.79263,1.10,2.63
2017.09.21 12:44:50.205,0.79253,0.79262,1.20,1.25
2017.09.21 12:44:50.730,0.79252,0.79263,4.57,2.44
2017.09.21 12:44:51.236,0.79253,0.79262,1.95,2.63
2017.09.21 12:44:52.484,0.79253,0.79263,2.89,1.13
2017.09.21 12:44:52.587,0.79255,0.79264,1.95,2.25
2017.09.21 12:44:53.098,0.79256,0.79264,1.95,1.69
2017.09.21 12:44:53.717,0.79256,0.79265,2.32,3.19
2017.09.21 12:44:54.247,0.79257,0.79264,1.07,1.25
2017.09.21 12:44:54.720,0.79256,0.79265,1.57,3.19
2017.09.21 12:44:56.309,0.79257,0.79265,1.10,1.50
2017.09.21 12:44:56.411,0.79257,0.79268,1.95,2.06
2017.09.21 12:44:57.525,0.79258,0.79269,2.62,2.62
2017.09.21 12:44:57.627,0.79261,0.79271,1.12,1.00
2017.09.21 12:44:58.133,0.79261,0.79272,4.20,1.69
2017.09.21 12:44:58.677,0.79261,0.79272,4.20,1.31
2017.09.21 12:44:59.208,0.79262,0.79273,1.57,2.44
2017.09.21 12:44:59.411,0.79264,0.79273,1.00,1.31
2017.09.21 12:44:59.867,0.79263,0.79274,2.32,2.44
2017.09.21 12:45:00.437,0.79266,0.79275,1.10,2.81
2017.09.21 12:45:00.588,0.79265,0.79276,2.32,2.81
2017.09.21 12:45:01.127,0.79266,0.79275,3.82,2.53
2017.09.21 12:45:02.220,0.79266,0.79276,1.20,2.34
2017.09.21 12:45:03.337,0.79266,0.79276,3.82,3.28
2017.09.21 12:45:05.015,0.79265,0.79275,4.20,2.52
2017.09.21 12:45:05.301,0.79265,0.79276,2.70,2.52
2017.09.21 12:45:05.706,0.79269,0.79278,2.63,3.75
2017.09.21 12:45:05.859,0.7927,0.79281,1.39,2.06
2017.09.21 12:45:06.365,0.79271,0.79281,2.70,3.19
2017.09.21 12:45:06.775,0.79271,0.79277,1.12,1.00
2017.09.21 12:45:06.929,0.7926,0.79269,1.57,2.44
2017.09.21 12:45:06.980,0.79258,0.79266,1.37,1.25
2017.09.21 12:45:07.083,0.79255,0.79265,1.57,1.88
2017.09.21 12:45:07.338,0.79254,0.79264,1.87,1.50
2017.09.21 12:45:07.845,0.79254,0.79264,1.57,1.12
2017.09.21 12:45:08.372,0.79254,0.79265,2.06,3.75
2017.09.21 12:45:08.927,0.79254,0.79264,2.06,1.00
2017.09.21 12:45:09.434,0.79256,0.79265,1.88,1.50
2017.09.21 12:45:09.589,0.79256,0.79268,5.14,2.62
2017.09.21 12:45:09.785,0.79259,0.7927,2.25,4.76
2017.09.21 12:45:10.089,0.7926,0.79271,2.25,1.50
2017.09.21 12:45:10.450,0.7926,0.7927,3.00,1.06
2017.09.21 12:45:11.972,0.7926,0.79271,1.57,3.88
2017.09.21 12:45:12.760,0.79259,0.79271,4.39,2.38
2017.09.21 12:45:13.307,0.7926,0.7927,1.76,1.08
2017.09.21 12:45:16.527,0.7926,0.7927,1.00,2.31
2017.09.21 12:45:17.041,0.79259,0.79269,1.50,2.31
2017.09.21 12:45:17.193,0.79257,0.79267,1.99,1.25
2017.09.21 12:45:17.447,0.79258,0.79269,1.00,2.62
2017.09.21 12:45:19.450,0.79258,0.79269,2.92,2.62
2017.09.21 12:45:19.635,0.79257,0.79267,1.20,1.50
2017.09.21 12:45:20.176,0.79255,0.79267,4.39,2.14
2017.09.21 12:45:20.710,0.79255,0.79267,1.25,2.14
2017.09.21 12:45:21.591,0.79255,0.79267,1.50,5.32
2017.09.21 12:45:22.182,0.79255,0.79267,1.25,5.33
2017.09.21 12:45:23.066,0.79254,0.79267,6.26,2.51
2017.09.21 12:45:23.794,0.79255,0.79267,1.25,4.58
2017.09.21 12:45:24.400,0.79254,0.79267,3.26,2.51
2017.09.21 12:45:24.991,0.79254,0.79266,4.95,2.44
2017.09.21 12:45:25.498,0.79255,0.79267,3.00,5.51
2017.09.21 12:45:26.077,0.79256,0.79266,1.00,1.25
2017.09.21 12:45:26.584,0.79255,0.79267,1.00,3.83
2017.09.21 12:45:27.092,0.79255,0.79267,1.57,6.83
2017.09.21 12:45:28.297,0.79255,0.79266,1.01,1.58
2017.09.21 12:45:28.897,0.79256,0.79267,1.19,3.45
2017.09.21 12:45:29.050,0.79258,0.79268,1.50,1.20
2017.09.21 12:45:29.152,0.7926,0.7927,1.00,2.25
2017.09.21 12:45:29.253,0.79259,0.79271,5.25,2.14
2017.09.21 12:45:29.786,0.7926,0.79271,1.13,3.19
2017.09.21 12:45:30.292,0.79259,0.79271,5.51,1.57
2017.09.21 12:45:32.533,0.79261,0.79272,5.44,2.89
2017.09.21 12:45:32.735,0.79261,0.79273,3.00,1.95
2017.09.21 12:45:32.887,0.79263,0.79273,1.00,2.70
2017.09.21 12:45:34.512,0.79262,0.79273,3.38,3.37
2017.09.21 12:45:36.706,0.79261,0.79273,6.45,2.25
2017.09.21 12:45:37.473,0.79262,0.79273,1.00,1.00
2017.09.21 12:45:40.113,0.79262,0.79272,1.00,1.13
2017.09.21 12:45:40.662,0.79263,0.79273,1.00,2.44
2017.09.21 12:45:42.349,0.79263,0.79273,1.00,4.87
2017.09.21 12:45:42.703,0.79261,0.79272,3.45,3.00
2017.09.21 12:45:43.227,0.79261,0.79271,4.95,1.00
2017.09.21 12:45:45.942,0.79261,0.7927,1.50,1.25
2017.09.21 12:45:46.044,0.79259,0.79268,1.95,2.44
2017.09.21 12:45:46.196,0.79255,0.79267,1.95,2.51
2017.09.21 12:45:46.726,0.79255,0.79267,1.25,2.51
2017.09.21 12:45:47.239,0.79255,0.79267,2.44,5.14
2017.09.21 12:45:48.099,0.79255,0.79267,1.31,1.95
2017.09.21 12:45:48.666,0.79255,0.79266,1.00,1.00
2017.09.21 12:45:49.228,0.79255,0.79267,1.00,4.57
2017.09.21 12:45:50.029,0.79255,0.79267,1.00,7.76
2017.09.21 12:45:50.565,0.79254,0.79266,3.19,3.64
2017.09.21 12:45:51.100,0.79254,0.79266,2.25,2.33
2017.09.21 12:45:51.671,0.79254,0.79266,1.00,1.48
2017.09.21 12:45:52.864,0.79254,0.79266,2.14,2.44
2017.09.21 12:45:53.016,0.79256,0.79266,1.69,1.37
2017.09.21 12:45:53.168,0.79256,0.79267,2.81,1.57
2017.09.21 12:45:53.372,0.7926,0.7927,1.00,4.95
2017.09.21 12:45:53.474,0.7926,0.79272,1.50,4.20
2017.09.21 12:45:53.677,0.79262,0.79272,1.00,4.76
2017.09.21 12:45:54.109,0.79263,0.79273,1.00,4.31
2017.09.21 12:45:54.413,0.79264,0.79275,1.19,6.45
2017.09.21 12:45:54.567,0.79264,0.79275,1.88,1.12
2017.09.21 12:45:55.246,0.79265,0.79275,1.88,1.12
2017.09.21 12:45:55.761,0.79265,0.79277,2.70,1.57
2017.09.21 12:45:56.383,0.79266,0.79277,1.69,3.00
2017.09.21 12:45:57.043,0.79266,0.79277,1.00,1.50
2017.09.21 12:45:57.566,0.79264,0.79276,6.07,2.89
2017.09.21 12:45:58.449,0.79265,0.79275,1.39,1.25
2017.09.21 12:46:00.477,0.79264,0.79276,4.20,1.12
2017.09.21 12:46:00.579,0.79266,0.79277,1.13,1.50
2017.09.21 12:46:00.984,0.79268,0.79279,3.94,5.32
2017.09.21 12:46:01.327,0.79271,0.79282,1.95,1.12
2017.09.21 12:46:01.834,0.79272,0.79283,1.20,2.89
2017.09.21 12:46:02.344,0.79272,0.79282,1.20,1.50
2017.09.21 12:46:03.034,0.79272,0.79282,1.31,2.63
2017.09.21 12:46:03.541,0.79272,0.79282,1.31,2.62
2017.09.21 12:46:04.047,0.79272,0.79282,1.00,1.69
2017.09.21 12:46:05.747,0.79271,0.79282,1.01,1.50
2017.09.21 12:46:06.065,0.79271,0.7928,2.06,1.25
2017.09.21 12:46:06.624,0.79269,0.7928,4.58,3.19
2017.09.21 12:46:06.929,0.7927,0.79279,1.10,1.37
2017.09.21 12:46:06.981,0.7927,0.7928,1.01,1.12
2017.09.21 12:46:07.531,0.79269,0.79279,5.51,1.50
2017.09.21 12:46:08.186,0.7927,0.7928,2.25,2.44
2017.09.21 12:46:09.164,0.7927,0.79282,2.63,4.20
2017.09.21 12:46:09.872,0.79271,0.79281,3.75,1.87
2017.09.21 12:46:10.379,0.7927,0.79281,5.33,1.50
2017.09.21 12:46:11.033,0.7927,0.7928,2.70,1.25
2017.09.21 12:46:11.286,0.79268,0.79279,1.95,2.63
2017.09.21 12:46:11.490,0.79267,0.79278,4.01,1.50
2017.09.21 12:46:11.693,0.79268,0.79279,4.20,1.57
2017.09.21 12:46:11.845,0.7927,0.79281,1.31,1.50
2017.09.21 12:46:11.897,0.79271,0.79281,1.44,1.13
2017.09.21 12:46:11.948,0.7927,0.79281,1.00,2.06
2017.09.21 12:46:14.502,0.7927,0.79281,1.50,1.13
2017.09.21 12:46:15.045,0.79271,0.79282,6.00,2.63
2017.09.21 12:46:15.405,0.79271,0.79279,4.95,1.00
2017.09.21 12:46:18.273,0.79273,0.7928,1.50,1.00
2017.09.21 12:46:18.826,0.79273,0.79281,4.20,1.00
2017.09.21 12:46:23.222,0.79275,0.79281,1.19,1.00
2017.09.21 12:46:23.597,0.79274,0.79281,4.01,1.00
2017.09.21 12:46:23.811,0.79275,0.79281,2.44,1.00
2017.09.21 12:46:24.340,0.79275,0.79283,4.31,1.00
2017.09.21 12:46:24.851,0.79274,0.79282,1.39,1.00
2017.09.21 12:46:25.439,0.79274,0.79281,5.51,1.00
2017.09.21 12:46:26.970,0.79274,0.79281,5.70,1.00
2017.09.21 12:46:27.514,0.79274,0.79282,6.07,1.00
2017.09.21 12:46:30.378,0.79274,0.79279,1.50,1.00
2017.09.21 12:46:30.430,0.79273,0.79278,1.20,1.00
2017.09.21 12:46:30.481,0.79271,0.79276,3.45,1.00
2017.09.21 12:46:30.532,0.79269,0.79277,1.10,1.00
2017.09.21 12:46:30.583,0.7927,0.79279,3.75,1.00
2017.09.21 12:46:30.931,0.79271,0.79277,2.70,1.00
2017.09.21 12:46:31.134,0.79271,0.79279,3.64,1.00
2017.09.21 12:46:31.652,0.79271,0.79279,1.76,1.00
2017.09.21 12:46:32.158,0.79273,0.79279,2.25,1.00
2017.09.21 12:46:32.209,0.79274,0.79282,1.00,1.00
2017.09.21 12:46:32.261,0.79276,0.79283,1.00,1.00
2017.09.21 12:46:32.765,0.79275,0.79283,2.70,1.00
2017.09.21 12:46:33.729,0.79275,0.79284,1.39,1.00
2017.09.21 12:46:34.033,0.79275,0.79282,1.01,1.00
2017.09.21 12:46:34.599,0.79275,0.79282,2.14,1.00
2017.09.21 12:46:35.457,0.79276,0.79282,1.32,1.00
2017.09.21 12:46:37.407,0.79275,0.79282,5.44,1.00
2017.09.21 12:46:38.374,0.79277,0.79284,2.32,1.00
2017.09.21 12:46:38.426,0.7928,0.79287,1.87,1.31
2017.09.21 12:46:38.742,0.79282,0.79289,1.44,1.00
2017.09.21 12:46:39.253,0.79281,0.79289,2.14,1.00
2017.09.21 12:46:45.284,0.79282,0.79289,1.88,1.00
2017.09.21 12:46:45.336,0.79282,0.79289,1.13,1.00
2017.09.21 12:46:45.438,0.79283,0.79289,1.69,1.00
2017.09.21 12:46:45.945,0.79284,0.7929,2.62,1.00
2017.09.21 12:46:46.487,0.79284,0.7929,1.76,1.00
2017.09.21 12:46:46.741,0.79286,0.79294,2.62,1.00
2017.09.21 12:46:47.424,0.79287,0.79294,1.20,1.00
2017.09.21 12:46:48.013,0.79287,0.79294,1.95,1.00
2017.09.21 12:46:48.527,0.79287,0.79294,1.01,1.00
2017.09.21 12:46:48.902,0.79291,0.79298,2.25,3.37
2017.09.21 12:46:49.055,0.79295,0.79302,1.13,1.00
2017.09.21 12:46:50.127,0.79294,0.79302,3.64,1.00
2017.09.21 12:46:50.639,0.79294,0.79301,2.32,1.00
2017.09.21 12:46:55.513,0.79294,0.79301,2.32,1.00
2017.09.21 12:46:56.889,0.79294,0.79301,1.75,1.00
2017.09.21 12:47:02.417,0.79294,0.79301,1.19,1.00
2017.09.21 12:47:02.925,0.79294,0.79301,1.19,1.00
2017.09.21 12:47:03.367,0.79293,0.79297,2.99,1.00
2017.09.21 12:47:03.469,0.79288,0.79294,1.07,1.00
2017.09.21 12:47:03.521,0.79291,0.79295,1.87,1.00
2017.09.21 12:47:03.878,0.79286,0.79294,3.00,1.00
2017.09.21 12:47:04.394,0.79287,0.79294,1.87,1.00
2017.09.21 12:47:04.445,0.7929,0.79297,1.87,1.00
2017.09.21 12:47:04.496,0.7929,0.79299,4.87,1.12
2017.09.21 12:47:04.548,0.79291,0.79298,3.75,1.00
2017.09.21 12:47:04.652,0.79291,0.793,1.50,1.00
2017.09.21 12:47:04.754,0.7929,0.79296,2.32,1.00
2017.09.21 12:47:04.806,0.7929,0.79296,1.00,1.00
2017.09.21 12:47:04.857,0.79288,0.79295,3.45,1.00
2017.09.21 12:47:05.325,0.7929,0.79297,3.00,1.00
2017.09.21 12:47:05.834,0.79291,0.79298,1.50,1.00
2017.09.21 12:47:07.031,0.79288,0.79295,2.32,1.00
2017.09.21 12:47:07.082,0.79288,0.79295,1.50,1.00
2017.09.21 12:47:07.185,0.79286,0.79294,1.69,1.00
2017.09.21 12:47:07.693,0.79285,0.79293,2.81,1.00
2017.09.21 12:47:08.372,0.79285,0.79293,3.56,1.00
2017.09.21 12:47:09.016,0.79286,0.79293,1.19,1.00
2017.09.21 12:47:09.403,0.79284,0.79292,3.19,1.00
2017.09.21 12:47:13.036,0.79283,0.79292,2.70,1.50
2017.09.21 12:47:13.697,0.79284,0.79292,1.00,1.00
2017.09.21 12:47:16.232,0.79284,0.79291,1.00,1.00
2017.09.21 12:47:16.333,0.79287,0.79295,1.00,5.14
2017.09.21 12:47:16.490,0.79285,0.79293,1.00,2.25
2017.09.21 12:47:16.544,0.79284,0.79291,1.00,3.37
2017.09.21 12:47:16.850,0.79282,0.79289,1.00,1.95
2017.09.21 12:47:17.357,0.79283,0.79291,1.00,5.62
2017.09.21 12:47:17.868,0.79283,0.79291,1.00,4.87
2017.09.21 12:47:18.418,0.79283,0.7929,1.00,1.00
2017.09.21 12:47:18.856,0.79278,0.79285,1.50,1.00
2017.09.21 12:47:19.406,0.79278,0.79285,1.00,1.87
2017.09.21 12:47:21.994,0.79279,0.79287,1.00,3.45
2017.09.21 12:47:22.499,0.79278,0.79286,1.00,3.45
2017.09.21 12:47:23.093,0.79278,0.79286,1.00,5.51
2017.09.21 12:47:23.604,0.79278,0.79286,1.00,4.95
2017.09.21 12:47:24.587,0.79278,0.79284,1.00,1.12
2017.09.21 12:47:25.178,0.79277,0.79284,1.00,1.10
2017.09.21 12:47:25.987,0.79277,0.79284,1.00,1.58
2017.09.21 12:47:26.563,0.79277,0.79284,1.00,1.10
2017.09.21 12:47:28.051,0.79278,0.79287,1.00,5.32
2017.09.21 12:47:28.153,0.79278,0.79287,1.00,2.25
2017.09.21 12:47:28.306,0.79282,0.79288,1.00,1.00
2017.09.21 12:47:28.458,0.79282,0.7929,1.00,2.25
2017.09.21 12:47:30.450,0.7928,0.79289,2.25,1.00
2017.09.21 12:47:33.026,0.7928,0.79288,2.25,1.00
2017.09.21 12:47:35.887,0.79281,0.79288,1.00,1.00
2017.09.21 12:47:39.084,0.79281,0.7929,3.75,1.12
2017.09.21 12:47:39.772,0.79283,0.7929,1.00,1.00
2017.09.21 12:47:40.350,0.79284,0.7929,1.25,1.00
2017.09.21 12:47:40.897,0.79283,0.7929,2.44,1.00
2017.09.21 12:47:41.493,0.79284,0.7929,1.25,1.00
2017.09.21 12:47:42.055,0.79283,0.7929,4.69,1.00
2017.09.21 12:47:42.459,0.79283,0.79292,2.44,1.00
2017.09.21 12:47:43.021,0.79284,0.79292,1.25,1.00
2017.09.21 12:47:43.943,0.79283,0.79292,2.44,1.00
2017.09.21 12:47:44.146,0.79284,0.79292,1.19,1.00
2017.09.21 12:47:44.655,0.79286,0.79292,1.50,1.00
2017.09.21 12:47:45.168,0.79285,0.79293,3.19,1.00
2017.09.21 12:47:45.694,0.79287,0.79296,4.50,1.87
2017.09.21 12:47:46.203,0.79289,0.79296,1.50,1.00
2017.09.21 12:47:48.541,0.7929,0.79296,1.00,1.00
2017.09.21 12:47:49.116,0.79289,0.79296,1.50,1.00
2017.09.21 12:47:49.685,0.7929,0.79296,1.00,1.00
2017.09.21 12:47:50.410,0.79289,0.79296,2.25,1.00
2017.09.21 12:47:51.076,0.7929,0.79296,1.00,1.00
2017.09.21 12:47:53.206,0.79291,0.79296,1.00,1.00
2017.09.21 12:47:53.720,0.7929,0.79296,1.00,1.00
2017.09.21 12:47:53.822,0.79288,0.79296,1.50,1.00
2017.09.21 12:47:54.129,0.79287,0.79294,1.25,1.00
2017.09.21 12:47:54.637,0.79286,0.79294,2.25,1.00
2017.09.21 12:47:55.148,0.79287,0.79294,1.00,1.00
2017.09.21 12:47:55.781,0.79286,0.79294,1.50,1.00
2017.09.21 12:47:56.487,0.79287,0.79295,1.00,1.12
2017.09.21 12:48:00.258,0.79286,0.79295,1.00,3.00
2017.09.21 12:48:00.848,0.79286,0.79295,1.00,3.37
2017.09.21 12:48:01.421,0.79286,0.79295,1.00,3.75
2017.09.21 12:48:01.939,0.79286,0.79295,1.00,5.25
2017.09.21 12:48:02.498,0.79286,0.79295,1.00,3.94
2017.09.21 12:48:03.361,0.79286,0.79295,1.00,4.13
2017.09.21 12:48:04.122,0.79286,0.79295,1.00,4.95
2017.09.21 12:48:04.667,0.79286,0.79295,1.00,4.57
2017.09.21 12:48:05.211,0.79286,0.79295,1.00,4.50
2017.09.21 12:48:05.820,0.79286,0.79295,1.00,4.20
2017.09.21 12:48:06.898,0.79286,0.79295,1.00,3.75
2017.09.21 12:48:07.385,0.79288,0.79295,1.50,1.00
2017.09.21 12:48:07.927,0.79287,0.79296,1.50,1.31
2017.09.21 12:48:09.797,0.79289,0.79296,1.50,1.50
2017.09.21 12:48:10.333,0.7929,0.79296,1.00,1.13
2017.09.21 12:48:11.461,0.7929,0.79297,1.00,1.25
2017.09.21 12:48:11.964,0.79287,0.79296,1.00,3.37
2017.09.21 12:48:12.322,0.79291,0.79297,1.00,3.00
2017.09.21 12:48:12.373,0.79291,0.79298,1.00,2.44
2017.09.21 12:48:12.678,0.79292,0.79299,1.00,1.00
2017.09.21 12:48:13.195,0.79293,0.79299,1.00,1.00
2017.09.21 12:48:14.109,0.79293,0.79298,1.00,1.00
2017.09.21 12:48:14.948,0.79293,0.79299,1.00,1.25
2017.09.21 12:48:15.950,0.79293,0.79298,1.10,1.00
2017.09.21 12:48:16.275,0.79293,0.793,1.00,1.50
2017.09.21 12:48:19.180,0.79293,0.793,1.00,3.37
2017.09.21 12:48:19.799,0.79293,0.793,1.00,2.62
2017.09.21 12:48:20.332,0.79293,0.793,1.00,3.19
2017.09.21 12:48:20.435,0.79291,0.793,1.20,3.19
2017.09.21 12:48:20.952,0.79291,0.793,1.10,1.00
2017.09.21 12:48:21.554,0.79291,0.79299,1.57,1.00
2017.09.21 12:48:21.607,0.7929,0.79298,1.10,3.00
2017.09.21 12:48:21.710,0.79287,0.79297,2.32,5.25
2017.09.21 12:48:21.964,0.79286,0.79296,3.26,1.00
2017.09.21 12:48:22.498,0.79287,0.79296,1.20,1.37
2017.09.21 12:48:23.014,0.79285,0.79295,3.82,1.00
2017.09.21 12:48:23.353,0.79285,0.79293,3.07,1.00
2017.09.21 12:48:23.883,0.79285,0.79294,3.82,1.00
2017.09.21 12:48:28.647,0.79286,0.79294,1.07,1.00
2017.09.21 12:48:32.824,0.79285,0.79294,1.57,1.00
2017.09.21 12:48:33.902,0.79285,0.79295,1.20,1.12
2017.09.21 12:48:34.656,0.79285,0.79294,1.20,1.00
2017.09.21 12:48:36.186,0.79288,0.79295,1.00,1.50
2017.09.21 12:48:36.691,0.79288,0.79297,1.00,2.62
2017.09.21 12:48:37.245,0.79288,0.79296,1.10,1.00
2017.09.21 12:48:38.226,0.79288,0.79296,1.00,5.44
2017.09.21 12:48:39.010,0.79286,0.79295,1.57,1.12
2017.09.21 12:48:47.123,0.79287,0.79296,1.00,3.38
2017.09.21 12:48:48.212,0.79286,0.79294,1.20,1.00
2017.09.21 12:48:49.297,0.79288,0.79295,1.00,1.00
2017.09.21 12:48:49.815,0.79287,0.79296,1.20,1.12
2017.09.21 12:48:50.693,0.79286,0.79296,2.32,2.25
2017.09.21 12:48:52.178,0.79286,0.79295,2.32,1.00
2017.09.21 12:48:53.119,0.79289,0.79296,1.10,1.12
2017.09.21 12:48:53.631,0.79288,0.79296,2.32,1.00
2017.09.21 12:48:57.039,0.79288,0.79296,2.51,1.00
2017.09.21 12:48:58.624,0.79287,0.79296,1.57,4.13
2017.09.21 12:48:59.175,0.79286,0.79295,1.10,1.00
2017.09.21 12:49:06.900,0.79286,0.79295,1.01,1.37
2017.09.21 12:49:08.614,0.79285,0.79295,4.95,3.75
2017.09.21 12:49:11.019,0.79286,0.79295,1.07,2.62
2017.09.21 12:49:11.970,0.79287,0.79295,3.08,1.00
2017.09.21 12:49:13.944,0.79287,0.79295,2.89,1.00
2017.09.21 12:49:14.203,0.79289,0.79296,3.75,1.50
2017.09.21 12:49:14.512,0.79291,0.79298,2.14,1.00
2017.09.21 12:49:15.133,0.79291,0.79299,1.20,1.00
2017.09.21 12:49:17.640,0.79291,0.79298,2.51,1.00
2017.09.21 12:49:18.088,0.79293,0.79298,1.00,1.00
2017.09.21 12:49:18.241,0.79292,0.793,1.00,2.25
2017.09.21 12:49:18.505,0.7929,0.79298,2.32,1.00
2017.09.21 12:49:18.811,0.79288,0.79296,2.32,1.00
2017.09.21 12:49:19.346,0.79288,0.79296,3.26,1.00
2017.09.21 12:49:19.653,0.79292,0.793,1.10,1.00
2017.09.21 12:49:28.136,0.79291,0.793,1.20,2.63
2017.09.21 12:49:28.442,0.79286,0.79295,1.95,1.00
2017.09.21 12:49:28.852,0.79285,0.79295,1.57,1.12
2017.09.21 12:49:31.961,0.79291,0.79296,1.00,2.62
2017.09.21 12:49:32.166,0.79292,0.79298,1.00,1.00
2017.09.21 12:49:32.522,0.79289,0.79297,2.62,1.50
2017.09.21 12:49:32.573,0.79289,0.79296,1.00,3.56
2017.09.21 12:49:32.676,0.79286,0.79295,2.14,1.00
2017.09.21 12:49:33.848,0.79285,0.79295,2.70,1.00
2017.09.21 12:49:34.604,0.79285,0.79295,3.07,1.50
2017.09.21 12:49:35.260,0.79285,0.79295,2.32,1.50
2017.09.21 12:49:37.745,0.79285,0.79295,2.32,3.00
2017.09.21 12:49:41.050,0.79286,0.79294,1.07,1.00
2017.09.21 12:49:41.351,0.79285,0.79294,2.33,1.00
2017.09.21 12:49:41.924,0.79285,0.79294,1.95,1.12
2017.09.21 12:49:42.129,0.79285,0.79292,2.70,1.00
2017.09.21 12:49:42.286,0.79284,0.79292,2.32,1.00
2017.09.21 12:49:44.806,0.79283,0.7929,3.64,1.00
2017.09.21 12:49:45.394,0.79284,0.7929,1.07,1.00
2017.09.21 12:49:46.168,0.79283,0.7929,4.95,1.00
2017.09.21 12:49:46.473,0.79283,0.79293,6.08,1.00
2017.09.21 12:49:47.334,0.79284,0.79293,2.89,1.00
2017.09.21 12:49:56.368,0.79286,0.79295,2.44,2.44
2017.09.21 12:49:56.470,0.7929,0.79297,1.00,2.62
2017.09.21 12:49:56.689,0.79291,0.79298,1.00,1.00
2017.09.21 12:49:57.160,0.7929,0.793,1.57,6.37
2017.09.21 12:49:58.153,0.7929,0.79299,2.51,1.00
2017.09.21 12:49:58.657,0.79291,0.793,1.25,1.25
2017.09.21 12:49:59.189,0.79291,0.79299,1.00,1.50
2017.09.21 12:49:59.291,0.79289,0.79297,1.45,2.81
2017.09.21 12:49:59.342,0.79287,0.79295,4.20,1.00
2017.09.21 12:49:59.394,0.79286,0.79296,4.01,1.12
2017.09.21 12:49:59.547,0.79286,0.79294,1.76,1.00
2017.09.21 12:50:01.514,0.79284,0.79294,3.26,1.00
2017.09.21 12:50:01.861,0.79288,0.79294,1.00,2.81
2017.09.21 12:50:03.274,0.79285,0.79292,1.00,1.00
2017.09.21 12:50:03.326,0.79285,0.7929,1.00,1.00
2017.09.21 12:50:03.582,0.79282,0.7929,1.12,1.87
2017.09.21 12:50:03.790,0.79284,0.7929,1.00,1.12
2017.09.21 12:50:03.944,0.79284,0.79292,1.00,3.19
2017.09.21 12:50:04.454,0.79284,0.79292,1.00,4.50
2017.09.21 12:50:05.023,0.79282,0.79291,1.12,5.81
2017.09.21 12:50:05.277,0.7928,0.79288,4.20,1.00
2017.09.21 12:50:05.749,0.79279,0.79286,1.12,2.25
2017.09.21 12:50:06.058,0.79276,0.79283,1.10,1.00
2017.09.21 12:50:06.415,0.79273,0.79283,2.51,1.12
2017.09.21 12:50:08.067,0.79273,0.79282,2.51,1.00
2017.09.21 12:50:09.598,0.79275,0.79282,1.50,1.00
2017.09.21 12:50:10.147,0.79276,0.79282,1.00,1.00
2017.09.21 12:50:10.709,0.79275,0.79282,3.26,1.00
2017.09.21 12:50:11.233,0.79276,0.79283,1.00,1.00
2017.09.21 12:50:11.746,0.79275,0.79282,1.87,1.00
2017.09.21 12:50:12.268,0.79276,0.79282,1.00,1.00
2017.09.21 12:50:12.792,0.79275,0.79282,1.50,1.00
2017.09.21 12:50:13.385,0.79276,0.79282,1.42,1.00
2017.09.21 12:50:13.936,0.79275,0.79282,1.50,1.00
2017.09.21 12:50:14.500,0.79275,0.79282,1.67,1.00
2017.09.21 12:50:15.138,0.79275,0.79282,1.42,1.00
2017.09.21 12:50:15.782,0.79275,0.79282,1.73,1.00
2017.09.21 12:50:16.363,0.79274,0.79282,4.80,1.00
2017.09.21 12:50:17.003,0.79274,0.79282,3.67,1.00
2017.09.21 12:50:19.581,0.79274,0.79282,3.48,1.00
2017.09.21 12:50:20.631,0.79275,0.79282,2.73,1.00
2017.09.21 12:50:21.200,0.79275,0.79282,2.73,1.00
2017.09.21 12:50:21.252,0.79273,0.79282,2.89,1.00
2017.09.21 12:50:21.740,0.79273,0.7928,2.81,1.00
2017.09.21 12:50:25.814,0.79272,0.7928,1.20,1.00
2017.09.21 12:50:38.042,0.79272,0.7928,2.06,1.00
2017.09.21 12:50:38.603,0.79272,0.7928,1.25,1.00
2017.09.21 12:50:39.486,0.79272,0.7928,4.13,1.00
2017.09.21 12:50:39.788,0.79275,0.7928,1.50,1.00
2017.09.21 12:50:39.941,0.79273,0.7928,4.39,1.00
2017.09.21 12:50:40.299,0.79275,0.7928,1.50,1.00
2017.09.21 12:50:42.781,0.79279,0.79281,1.00,1.00
2017.09.21 12:50:42.934,0.7928,0.79284,1.00,3.19
2017.09.21 12:50:44.418,0.79277,0.79281,4.57,1.00
2017.09.21 12:50:44.817,0.79276,0.7928,1.00,42.75
2017.09.21 12:50:45.500,0.79275,0.7928,1.00,42.75
2017.09.21 12:50:46.026,0.79274,0.7928,2.33,42.75
2017.09.21 12:50:46.542,0.79275,0.7928,1.00,42.75
2017.09.21 12:50:47.066,0.79274,0.7928,1.50,42.75
2017.09.21 12:50:47.650,0.79273,0.7928,1.95,42.75
2017.09.21 12:50:48.378,0.79274,0.7928,1.00,42.75
2017.09.21 12:50:49.014,0.79273,0.7928,3.64,42.75
2017.09.21 12:50:49.995,0.79273,0.7928,3.64,42.75
2017.09.21 12:50:52.609,0.79273,0.7928,3.83,42.75
2017.09.21 12:50:53.042,0.79274,0.7928,5.89,42.75
2017.09.21 12:50:54.917,0.79274,0.7928,2.51,42.75
2017.09.21 12:50:56.093,0.79275,0.7928,1.50,42.75
2017.09.21 12:50:56.666,0.79272,0.7928,4.95,42.75
2017.09.21 12:50:57.023,0.79272,0.7928,4.39,42.75
2017.09.21 12:50:58.098,0.79273,0.7928,1.25,42.75
2017.09.21 12:50:58.660,0.79272,0.7928,7.01,42.75
2017.09.21 12:50:59.172,0.79273,0.7928,1.39,42.75
2017.09.21 12:51:02.189,0.79273,0.7928,2.14,42.75
2017.09.21 12:51:02.697,0.79273,0.7928,3.08,42.75
2017.09.21 12:51:05.422,0.79272,0.7928,1.10,42.75
2017.09.21 12:51:08.339,0.79271,0.7928,2.25,46.31
2017.09.21 12:51:08.796,0.79271,0.79277,2.25,1.88
2017.09.21 12:51:09.101,0.7927,0.79274,6.37,1.31
2017.09.21 12:51:10.071,0.79271,0.79275,1.87,5.51
2017.09.21 12:51:10.276,0.79271,0.79275,2.25,3.26
2017.09.21 12:51:10.379,0.7927,0.79274,53.62,2.06
2017.09.21 12:51:11.364,0.79269,0.79273,1.87,1.50
2017.09.21 12:51:13.621,0.79269,0.79273,1.00,1.50
2017.09.21 12:51:15.141,0.79269,0.79272,1.00,4.12
2017.09.21 12:51:15.828,0.79267,0.79271,1.00,1.37
2017.09.21 12:51:16.350,0.79268,0.79272,1.00,1.25
2017.09.21 12:51:17.001,0.79269,0.79273,9.00,3.64
2017.09.21 12:51:17.663,0.79268,0.79273,1.00,24.64
2017.09.21 12:51:18.998,0.79267,0.79271,1.50,1.25
2017.09.21 12:51:21.678,0.79268,0.79272,1.00,3.00
2017.09.21 12:51:21.779,0.79267,0.79272,1.00,24.94
2017.09.21 12:51:23.347,0.79267,0.79272,1.00,22.87
2017.09.21 12:51:24.248,0.79267,0.79272,1.00,3.38
2017.09.21 12:51:25.809,0.79263,0.79272,2.25,3.00
2017.09.21 12:51:26.841,0.79262,0.79272,2.32,1.87
2017.09.21 12:51:27.643,0.79262,0.79272,2.25,2.25
2017.09.21 12:51:28.758,0.79262,0.79271,4.50,1.00
2017.09.21 12:51:29.316,0.79263,0.79272,1.25,1.69
2017.09.21 12:51:30.315,0.79262,0.79272,2.51,1.12
2017.09.21 12:51:30.858,0.79262,0.79273,5.14,3.26
2017.09.21 12:51:31.131,0.79265,0.79273,1.00,2.70
2017.09.21 12:51:31.586,0.79263,0.79273,2.62,1.12
2017.09.21 12:51:32.294,0.79263,0.79274,4.13,2.44
2017.09.21 12:51:32.345,0.79265,0.79274,1.25,2.62
2017.09.21 12:51:32.980,0.79264,0.79274,1.50,1.95
2017.09.21 12:51:33.486,0.79262,0.79273,1.95,1.20
2017.09.21 12:51:34.306,0.79262,0.79273,1.76,1.76
2017.09.21 12:51:34.459,0.79261,0.79272,2.25,1.00
2017.09.21 12:51:34.611,0.79261,0.79272,3.75,1.00
2017.09.21 12:51:34.964,0.79261,0.79272,2.44,1.00
2017.09.21 12:51:35.167,0.79261,0.79272,2.63,1.25
2017.09.21 12:51:35.218,0.79261,0.79272,1.69,1.00
2017.09.21 12:51:35.731,0.79261,0.79272,2.06,1.12
2017.09.21 12:51:36.388,0.79261,0.79272,1.12,1.12
2017.09.21 12:51:36.543,0.79262,0.79272,2.25,1.31
2017.09.21 12:51:36.949,0.7926,0.79272,4.01,1.12
2017.09.21 12:51:37.152,0.79263,0.79272,1.69,1.50
2017.09.21 12:51:37.456,0.79261,0.79272,1.00,1.50
2017.09.21 12:51:37.781,0.79261,0.79272,3.38,1.87
2017.09.21 12:51:38.034,0.79261,0.79272,1.87,1.37
2017.09.21 12:51:38.578,0.79261,0.79272,2.89,2.32
2017.09.21 12:51:39.093,0.79261,0.79272,1.25,1.87
2017.09.21 12:51:39.715,0.79261,0.79272,2.81,1.31
2017.09.21 12:51:40.287,0.79261,0.79272,1.88,2.70
2017.09.21 12:51:42.081,0.79263,0.79271,1.00,1.00
2017.09.21 12:51:42.595,0.7926,0.79272,2.25,2.70
2017.09.21 12:51:43.133,0.7926,0.79272,4.88,1.39
2017.09.21 12:51:43.978,0.7926,0.79273,2.81,4.95
2017.09.21 12:51:44.620,0.7926,0.79272,3.94,2.70
2017.09.21 12:51:44.816,0.7926,0.79272,2.06,1.57
2017.09.21 12:51:45.331,0.79261,0.79272,2.25,2.70
2017.09.21 12:51:45.881,0.79261,0.79272,1.25,1.47
2017.09.21 12:51:47.005,0.79261,0.79271,1.69,1.50
2017.09.21 12:51:47.590,0.7926,0.79272,1.50,1.01
2017.09.21 12:51:48.249,0.7926,0.79272,1.31,1.01
2017.09.21 12:51:48.684,0.7926,0.7927,2.33,2.81
2017.09.21 12:51:49.189,0.7926,0.79271,1.37,4.39
2017.09.21 12:51:49.735,0.79259,0.79271,3.45,1.69
2017.09.21 12:51:50.240,0.79261,0.79271,1.00,3.26
2017.09.21 12:51:50.789,0.7926,0.79272,1.39,6.64
2017.09.21 12:51:51.507,0.79261,0.79271,1.00,1.57
2017.09.21 12:51:52.302,0.79259,0.79271,4.20,1.69
2017.09.21 12:51:53.196,0.79261,0.79271,1.00,2.70
2017.09.21 12:51:54.243,0.7926,0.79271,1.20,2.89
2017.09.21 12:51:54.768,0.7926,0.79271,1.47,2.89
2017.09.21 12:51:55.198,0.79259,0.79269,10.76,1.00
2017.09.21 12:51:55.503,0.79253,0.79264,1.01,1.25
2017.09.21 12:51:56.095,0.79252,0.79264,3.64,1.10
2017.09.21 12:51:56.597,0.79252,0.79264,2.89,1.00
2017.09.21 12:51:56.915,0.79253,0.79265,1.64,1.20
2017.09.21 12:51:57.421,0.79254,0.79266,1.10,1.69
2017.09.21 12:51:57.957,0.79254,0.79266,1.10,2.14
2017.09.21 12:51:58.160,0.7926,0.79267,1.00,3.00
2017.09.21 12:51:58.211,0.79258,0.79267,2.44,1.50
2017.09.21 12:51:58.738,0.79258,0.79267,1.95,1.00
2017.09.21 12:51:58.839,0.7926,0.79271,1.25,6.45
2017.09.21 12:51:58.991,0.79261,0.79271,2.25,1.12
2017.09.21 12:51:59.526,0.79261,0.7927,1.63,1.00
2017.09.21 12:52:00.083,0.79262,0.79271,1.00,1.00
2017.09.21 12:52:01.898,0.79262,0.79271,1.19,1.00
2017.09.21 12:52:02.403,0.79262,0.79271,1.25,1.69
2017.09.21 12:52:03.142,0.79261,0.79271,1.31,1.00
2017.09.21 12:52:03.657,0.79261,0.7927,1.69,1.00
2017.09.21 12:52:04.180,0.79261,0.79271,1.69,3.19
2017.09.21 12:52:05.630,0.79261,0.7927,1.69,1.00
2017.09.21 12:52:06.164,0.79261,0.7927,1.25,1.00
2017.09.21 12:52:06.750,0.79261,0.7927,2.63,1.00
2017.09.21 12:52:07.259,0.7926,0.79271,3.83,1.00
2017.09.21 12:52:07.970,0.79261,0.79271,2.25,1.50
2017.09.21 12:52:08.306,0.79261,0.79269,1.87,1.00
2017.09.21 12:52:09.225,0.7926,0.7927,2.81,1.50
2017.09.21 12:52:09.732,0.7926,0.79271,2.06,4.13
2017.09.21 12:52:10.277,0.79261,0.7927,1.25,1.00
2017.09.21 12:52:10.994,0.79261,0.79271,1.31,1.00
2017.09.21 12:52:12.040,0.7926,0.7927,3.26,1.00
2017.09.21 12:52:12.563,0.79261,0.79271,1.31,1.00
2017.09.21 12:52:13.847,0.7926,0.79271,6.64,1.00
2017.09.21 12:52:14.355,0.79261,0.7927,2.06,1.00
2017.09.21 12:52:15.923,0.7926,0.79271,8.51,1.00
2017.09.21 12:52:16.472,0.7926,0.7927,7.01,1.25
2017.09.21 12:52:16.978,0.79261,0.79271,2.33,1.00
2017.09.21 12:52:17.493,0.79261,0.79273,3.08,2.51
2017.09.21 12:52:17.824,0.79261,0.7927,4.58,1.00
2017.09.21 12:52:18.272,0.79261,0.79272,3.64,1.31
2017.09.21 12:52:18.884,0.79261,0.79272,3.64,1.50
2017.09.21 12:52:20.043,0.79262,0.7927,1.01,1.00
2017.09.21 12:52:20.093,0.79262,0.79272,1.20,1.31
2017.09.21 12:52:21.076,0.79261,0.79273,2.89,6.45
2017.09.21 12:52:21.687,0.79261,0.79272,1.20,1.87
2017.09.21 12:52:26.768,0.79261,0.79272,2.14,2.81
2017.09.21 12:52:27.071,0.79261,0.79273,1.39,3.45
2017.09.21 12:52:27.657,0.79261,0.79272,2.70,2.06
2017.09.21 12:52:28.947,0.7926,0.79268,1.50,2.62
2017.09.21 12:52:29.200,0.79256,0.79266,2.33,1.25
2017.09.21 12:52:29.706,0.79256,0.79267,1.44,1.00
2017.09.21 12:52:30.464,0.79257,0.79268,1.00,1.87
2017.09.21 12:52:30.515,0.7926,0.79269,1.13,1.87
2017.09.21 12:52:30.617,0.79262,0.79271,1.00,1.00
2017.09.21 12:52:31.125,0.79261,0.79271,1.01,1.19
2017.09.21 12:52:31.771,0.79261,0.79272,1.47,3.64
2017.09.21 12:52:32.320,0.79261,0.79271,1.01,1.19
2017.09.21 12:52:33.639,0.7926,0.79269,4.12,1.44
2017.09.21 12:52:33.808,0.7926,0.7927,1.00,1.25
2017.09.21 12:52:33.910,0.79261,0.79272,1.25,2.32
2017.09.21 12:52:34.467,0.79261,0.79271,1.57,2.44
2017.09.21 12:52:34.569,0.79261,0.79269,1.76,1.12
2017.09.21 12:52:35.078,0.7926,0.7927,4.01,1.50
2017.09.21 12:52:35.643,0.79261,0.7927,1.00,1.87
2017.09.21 12:52:36.351,0.79259,0.79271,4.69,4.20
2017.09.21 12:52:37.208,0.7926,0.79271,2.25,4.76
2017.09.21 12:52:37.776,0.79262,0.79272,1.00,2.14
2017.09.21 12:52:38.322,0.79261,0.79272,1.50,1.39
2017.09.21 12:52:38.837,0.79261,0.79272,2.81,1.95
2017.09.21 12:52:40.425,0.79261,0.79272,2.44,1.95
2017.09.21 12:52:41.066,0.79261,0.79272,2.63,2.14
2017.09.21 12:52:41.587,0.79261,0.79273,1.00,4.20
2017.09.21 12:52:42.642,0.79262,0.79272,1.31,3.45
2017.09.21 12:52:43.148,0.79261,0.79272,2.44,2.70
2017.09.21 12:52:43.713,0.79261,0.79272,3.56,4.20
2017.09.21 12:52:44.511,0.79261,0.79272,1.25,2.32
2017.09.21 12:52:45.200,0.7926,0.79272,5.81,1.07
2017.09.21 12:52:46.592,0.79261,0.7927,1.63,1.25
2017.09.21 12:52:47.257,0.79261,0.7927,1.69,1.25
2017.09.21 12:52:49.065,0.7926,0.7927,1.63,4.88
2017.09.21 12:52:49.567,0.7926,0.79269,1.12,4.20
2017.09.21 12:52:50.083,0.7926,0.7927,1.12,1.76
2017.09.21 12:52:50.415,0.79261,0.79271,1.25,3.56
2017.09.21 12:52:51.164,0.79261,0.79272,1.20,1.01
2017.09.21 12:52:52.711,0.79261,0.79271,1.76,1.25
2017.09.21 12:52:53.292,0.79261,0.79272,1.10,1.76
2017.09.21 12:52:53.959,0.79261,0.79271,1.76,2.44
2017.09.21 12:52:55.062,0.7926,0.79271,2.33,1.50
2017.09.21 12:52:55.573,0.7926,0.79272,2.51,3.37
2017.09.21 12:52:57.417,0.7926,0.79272,4.76,5.89
2017.09.21 12:52:58.370,0.7926,0.79271,4.58,1.50
2017.09.21 12:52:58.891,0.79261,0.79273,1.10,4.01
2017.09.21 12:52:59.563,0.7926,0.79272,7.01,1.01
2017.09.21 12:53:04.093,0.79261,0.79273,1.01,4.20
2017.09.21 12:53:04.144,0.79263,0.79273,1.00,5.32
2017.09.21 12:53:04.296,0.79261,0.79273,1.20,2.89
2017.09.21 12:53:05.080,0.79261,0.79272,3.07,1.01
2017.09.21 12:53:05.586,0.79261,0.79273,2.33,1.50
2017.09.21 12:53:06.116,0.79262,0.79274,1.13,2.70
2017.09.21 12:53:07.061,0.79261,0.79273,2.51,1.12
2017.09.21 12:53:07.568,0.79262,0.79274,1.00,2.33
2017.09.21 12:53:07.836,0.79261,0.79273,2.89,1.25
2017.09.21 12:53:07.938,0.79262,0.79274,1.00,1.66
2017.09.21 12:53:08.562,0.79261,0.79273,3.56,1.76
2017.09.21 12:53:09.093,0.79262,0.79273,1.63,2.33
2017.09.21 12:53:09.879,0.79262,0.79273,1.13,1.20
2017.09.21 12:53:10.420,0.79262,0.79273,1.50,1.39
2017.09.21 12:53:11.160,0.79261,0.79274,2.81,3.07
2017.09.21 12:53:11.755,0.79262,0.79273,1.19,1.57
2017.09.21 12:53:12.110,0.79262,0.79274,1.95,1.88
2017.09.21 12:53:12.640,0.79262,0.79274,4.95,1.95
2017.09.21 12:53:13.486,0.79262,0.79274,1.76,1.12
2017.09.21 12:53:14.504,0.79263,0.79275,1.20,2.33
2017.09.21 12:53:15.069,0.79262,0.79275,2.51,2.63
2017.09.21 12:53:15.966,0.79262,0.79275,3.45,3.19
2017.09.21 12:53:16.709,0.79262,0.79275,3.26,5.06
2017.09.21 12:53:17.427,0.79263,0.79275,1.20,5.06
2017.09.21 12:53:17.936,0.79263,0.79274,1.58,1.95
2017.09.21 12:53:18.543,0.79263,0.79274,1.20,1.10
2017.09.21 12:53:20.282,0.79263,0.79274,1.29,1.57
2017.09.21 12:53:20.816,0.79262,0.79274,2.33,1.00
2017.09.21 12:53:21.461,0.79262,0.79274,2.89,1.50
2017.09.21 12:53:21.967,0.79263,0.79274,1.31,1.00
2017.09.21 12:53:22.638,0.79262,0.79274,2.89,1.00
2017.09.21 12:53:23.180,0.79263,0.79274,1.00,1.19
2017.09.21 12:53:23.522,0.79262,0.79275,2.51,1.76
2017.09.21 12:53:24.026,0.79263,0.79275,1.69,5.70
2017.09.21 12:53:24.532,0.79263,0.79275,1.25,3.45
2017.09.21 12:53:24.785,0.79262,0.79275,2.51,1.95
2017.09.21 12:53:24.994,0.79263,0.79275,1.25,3.45
2017.09.21 12:53:25.708,0.79262,0.79275,2.89,4.20
2017.09.21 12:53:26.364,0.79263,0.79275,1.50,3.26
2017.09.21 12:53:27.405,0.79262,0.79275,2.51,1.95
2017.09.21 12:53:27.996,0.79262,0.79275,2.89,3.45
2017.09.21 12:53:28.097,0.79263,0.79275,1.50,3.26
2017.09.21 12:53:28.687,0.79263,0.79275,1.50,3.26
2017.09.21 12:53:29.197,0.79262,0.79275,1.20,4.76
2017.09.21 12:53:29.738,0.79262,0.79274,2.33,1.20
2017.09.21 12:53:30.295,0.79262,0.79274,1.01,1.25
2017.09.21 12:53:30.822,0.79262,0.79274,1.39,1.50
2017.09.21 12:53:31.426,0.79262,0.79274,1.58,2.06
2017.09.21 12:53:31.953,0.79262,0.79275,1.95,3.26
2017.09.21 12:53:32.503,0.79262,0.79274,1.58,1.57
2017.09.21 12:53:33.064,0.79262,0.79274,2.14,1.57
2017.09.21 12:53:33.599,0.79262,0.79273,2.70,1.00
2017.09.21 12:53:34.367,0.79262,0.79274,1.32,1.48
2017.09.21 12:53:34.977,0.79262,0.79274,1.45,2.70
2017.09.21 12:53:35.683,0.79262,0.79273,1.08,1.00
2017.09.21 12:53:35.734,0.79262,0.79273,1.20,7.12
2017.09.21 12:53:35.987,0.79261,0.79272,1.10,1.48
2017.09.21 12:53:36.634,0.79261,0.79272,1.10,7.01
2017.09.21 12:53:36.837,0.79259,0.79268,1.39,1.00
2017.09.21 12:53:36.989,0.79257,0.79268,1.25,3.56
2017.09.21 12:53:37.697,0.79254,0.79268,2.70,4.01
2017.09.21 12:53:37.849,0.79254,0.79267,1.20,6.45
2017.09.21 12:53:38.305,0.79252,0.79264,4.57,1.25
2017.09.21 12:53:38.819,0.79252,0.79264,2.14,2.51
2017.09.21 12:53:39.377,0.79252,0.79264,1.58,4.20
2017.09.21 12:53:39.887,0.79251,0.79264,2.89,5.51
2017.09.21 12:53:41.476,0.79252,0.79263,1.10,1.20
2017.09.21 12:53:42.006,0.79251,0.79264,3.83,2.70
2017.09.21 12:53:43.157,0.79252,0.79264,1.10,4.58
2017.09.21 12:53:43.667,0.79251,0.79261,1.10,1.00
2017.09.21 12:53:43.769,0.7925,0.79261,1.10,4.50
2017.09.21 12:53:44.276,0.79249,0.7926,2.14,2.62
2017.09.21 12:53:44.968,0.79249,0.7926,4.20,3.38
2017.09.21 12:53:45.383,0.79249,0.79261,1.76,3.83
2017.09.21 12:53:45.901,0.7925,0.7926,2.33,1.12
2017.09.21 12:53:46.449,0.7925,0.79261,1.01,1.95
2017.09.21 12:53:47.088,0.79252,0.79261,1.00,1.10
2017.09.21 12:53:47.139,0.7925,0.79261,1.58,1.10
2017.09.21 12:53:48.620,0.7925,0.79261,2.14,1.50
2017.09.21 12:53:49.326,0.7925,0.79261,1.31,1.00
2017.09.21 12:53:50.003,0.7925,0.79261,1.76,1.00
2017.09.21 12:53:50.689,0.7925,0.79262,4.39,4.57
2017.09.21 12:53:52.771,0.7925,0.79261,3.64,1.39
2017.09.21 12:53:53.839,0.7925,0.79262,3.08,3.45
2017.09.21 12:53:55.400,0.7925,0.79261,1.20,1.20
2017.09.21 12:53:55.921,0.79249,0.79262,3.82,2.89
2017.09.21 12:53:56.174,0.79249,0.79259,2.14,1.50
2017.09.21 12:53:56.734,0.79249,0.7926,3.45,2.51
2017.09.21 12:53:56.886,0.79247,0.79257,1.00,1.31
2017.09.21 12:53:57.401,0.79246,0.79257,2.63,1.58
2017.09.21 12:53:57.603,0.79245,0.79257,1.87,2.14
2017.09.21 12:53:57.705,0.79245,0.79256,1.87,1.45
2017.09.21 12:53:58.246,0.79243,0.79255,2.44,3.82
2017.09.21 12:53:59.093,0.79243,0.79255,1.12,4.57
2017.09.21 12:53:59.548,0.79245,0.79254,1.25,2.32
2017.09.21 12:53:59.801,0.79242,0.79253,3.38,1.10
2017.09.21 12:54:00.321,0.79242,0.79253,1.69,3.45
2017.09.21 12:54:00.838,0.79242,0.79251,1.00,1.10
2017.09.21 12:54:00.889,0.7924,0.7925,4.76,1.37
2017.09.21 12:54:00.991,0.79239,0.79249,2.51,1.25
2017.09.21 12:54:01.194,0.79241,0.7925,1.13,1.57
2017.09.21 12:54:01.714,0.79241,0.79252,1.00,4.20
2017.09.21 12:54:02.353,0.79241,0.79251,1.00,3.08
2017.09.21 12:54:02.879,0.7924,0.7925,2.62,1.10
2017.09.21 12:54:03.190,0.79238,0.79243,2.25,1.31
2017.09.21 12:54:03.242,0.79232,0.79243,1.75,1.76
2017.09.21 12:54:03.495,0.79233,0.79244,1.37,1.57
2017.09.21 12:54:04.064,0.79231,0.79244,4.50,1.95
2017.09.21 12:54:04.571,0.79232,0.79244,1.81,2.70
2017.09.21 12:54:05.079,0.79232,0.79244,1.00,1.57
2017.09.21 12:54:05.389,0.79232,0.79244,1.38,1.95
2017.09.21 12:54:05.671,0.79231,0.79244,1.25,2.14
2017.09.21 12:54:06.127,0.79231,0.79243,2.06,1.20
2017.09.21 12:54:06.231,0.79231,0.79244,1.12,4.20
2017.09.21 12:54:06.333,0.79231,0.79242,1.87,1.50
2017.09.21 12:54:06.384,0.79231,0.79243,1.13,1.95
2017.09.21 12:54:06.897,0.79231,0.79243,3.08,1.76
2017.09.21 12:54:07.558,0.79231,0.79243,1.39,1.07
2017.09.21 12:54:08.060,0.79231,0.79244,1.76,2.44
2017.09.21 12:54:08.576,0.79231,0.79243,2.89,1.69
2017.09.21 12:54:09.097,0.79231,0.79243,2.51,1.01
2017.09.21 12:54:09.249,0.7923,0.79242,3.26,1.00
2017.09.21 12:54:10.396,0.79231,0.79242,1.31,1.39
2017.09.21 12:54:11.446,0.79231,0.79243,1.47,1.20
2017.09.21 12:54:11.952,0.79231,0.79243,1.87,1.10
2017.09.21 12:54:12.660,0.79231,0.79243,1.37,1.45
2017.09.21 12:54:13.065,0.79231,0.79238,1.50,1.50
2017.09.21 12:54:13.310,0.79225,0.79235,1.50,1.57
2017.09.21 12:54:13.563,0.79225,0.79233,1.12,1.57
2017.09.21 12:54:13.665,0.79221,0.79234,1.50,2.70
2017.09.21 12:54:14.521,0.79223,0.79233,1.25,3.45
2017.09.21 12:54:14.983,0.79221,0.79233,1.50,1.57
2017.09.21 12:54:15.438,0.79218,0.79229,1.50,1.87
2017.09.21 12:54:15.540,0.79216,0.79227,4.50,2.62
2017.09.21 12:54:15.898,0.79219,0.79229,1.87,1.95
2017.09.21 12:54:16.305,0.79219,0.7923,1.50,1.95
2017.09.21 12:54:16.811,0.79218,0.79228,1.62,1.10
2017.09.21 12:54:17.340,0.79219,0.79229,1.50,1.10
2017.09.21 12:54:17.897,0.7922,0.79228,1.12,1.00
2017.09.21 12:54:18.368,0.79217,0.79226,2.25,1.20
2017.09.21 12:54:18.469,0.79215,0.79226,2.44,1.12
2017.09.21 12:54:18.571,0.79216,0.79224,1.12,1.00
2017.09.21 12:54:19.078,0.79215,0.79225,3.19,1.00
2017.09.21 12:54:19.584,0.79216,0.79224,1.12,1.00
2017.09.21 12:54:20.144,0.79215,0.79225,3.07,1.12
2017.09.21 12:54:20.195,0.79215,0.79225,1.01,1.00
2017.09.21 12:54:20.298,0.7922,0.79228,1.69,1.75
2017.09.21 12:54:20.400,0.7922,0.79229,2.06,1.12
2017.09.21 12:54:20.911,0.7922,0.79229,3.37,1.00
2017.09.21 12:54:21.012,0.79223,0.7923,1.12,1.12
2017.09.21 12:54:21.114,0.79221,0.7923,1.13,1.12
2017.09.21 12:54:21.620,0.79222,0.79229,1.00,1.00
2017.09.21 12:54:22.197,0.79221,0.7923,1.13,1.50
2017.09.21 12:54:22.299,0.79221,0.79233,1.58,3.82
2017.09.21 12:54:22.473,0.79221,0.79233,2.89,5.14
2017.09.21 12:54:22.944,0.79221,0.79232,2.06,1.00
2017.09.21 12:54:23.546,0.79221,0.79233,2.25,4.20
2017.09.21 12:54:24.069,0.79222,0.79232,1.44,1.57
2017.09.21 12:54:24.787,0.79221,0.79232,1.31,1.20
2017.09.21 12:54:25.338,0.79222,0.79232,1.25,2.32
2017.09.21 12:54:26.502,0.79225,0.79232,2.06,1.12
2017.09.21 12:54:26.604,0.79226,0.79236,2.25,1.47
2017.09.21 12:54:27.110,0.79226,0.79237,1.87,1.95
2017.09.21 12:54:27.621,0.79229,0.7924,4.50,1.76
2017.09.21 12:54:27.833,0.79229,0.79242,3.38,6.64
2017.09.21 12:54:28.036,0.79232,0.79242,1.44,1.39
2017.09.21 12:54:28.289,0.79231,0.79243,2.89,1.10
2017.09.21 12:54:29.538,0.79232,0.79243,1.87,1.95
2017.09.21 12:54:30.051,0.79232,0.79243,1.25,1.20
2017.09.21 12:54:30.418,0.79232,0.79243,1.70,1.37
2017.09.21 12:54:31.075,0.79232,0.79245,1.12,4.95
2017.09.21 12:54:31.576,0.79232,0.79243,1.87,1.47
2017.09.21 12:54:32.211,0.79233,0.79243,1.39,1.37
2017.09.21 12:54:32.649,0.79231,0.79244,3.07,1.95
2017.09.21 12:54:33.460,0.79232,0.79244,1.31,6.45
2017.09.21 12:54:34.094,0.79232,0.79244,1.25,3.82
2017.09.21 12:54:34.622,0.79232,0.79244,1.31,4.95
2017.09.21 12:54:35.157,0.79232,0.79244,1.13,2.32
2017.09.21 12:54:36.450,0.79231,0.79244,2.89,2.89
2017.09.21 12:54:37.429,0.79231,0.79243,3.00,1.20
2017.09.21 12:54:37.849,0.79231,0.79242,2.62,1.81
2017.09.21 12:54:38.502,0.7923,0.79238,2.25,2.25
2017.09.21 12:54:38.756,0.79223,0.79233,1.12,2.25
2017.09.21 12:54:38.807,0.79221,0.79231,1.00,1.00
2017.09.21 12:54:39.110,0.7922,0.79232,4.39,1.20
2017.09.21 12:54:39.792,0.79222,0.79233,1.00,1.37
2017.09.21 12:54:40.197,0.79221,0.79234,1.63,2.51
2017.09.21 12:54:40.727,0.79222,0.79234,1.25,3.68
2017.09.21 12:54:41.081,0.79221,0.79233,2.08,1.00
2017.09.21 12:54:41.463,0.79221,0.79233,1.56,2.11
2017.09.21 12:54:42.663,0.79221,0.79233,1.37,1.31
2017.09.21 12:54:43.170,0.79222,0.79232,1.58,1.00
2017.09.21 12:54:44.944,0.79224,0.79232,1.10,1.00
2017.09.21 12:54:45.558,0.79223,0.79232,1.10,1.00
2017.09.21 12:54:47.205,0.7922,0.79226,2.62,1.12
2017.09.21 12:54:47.357,0.79216,0.79227,2.14,4.69
2017.09.21 12:54:47.862,0.79216,0.79227,1.32,4.50
2017.09.21 12:54:48.219,0.79215,0.79226,2.70,2.25
2017.09.21 12:54:48.270,0.79216,0.79223,1.00,1.25
2017.09.21 12:54:48.871,0.79215,0.79225,1.87,4.31
2017.09.21 12:54:48.973,0.79211,0.79223,3.85,1.50
2017.09.21 12:54:49.074,0.79212,0.79222,1.39,1.12
2017.09.21 12:54:49.939,0.79211,0.79222,2.89,2.06
2017.09.21 12:54:50.716,0.79212,0.79223,1.39,1.92
2017.09.21 12:54:51.283,0.79212,0.79223,1.76,2.11
2017.09.21 12:54:51.794,0.79212,0.79223,1.20,1.00
2017.09.21 12:54:52.303,0.79211,0.79221,1.20,1.00
2017.09.21 12:54:52.607,0.79211,0.79224,1.32,8.11
2017.09.21 12:54:53.598,0.79211,0.79223,1.20,1.50
2017.09.21 12:54:54.266,0.79211,0.79222,1.20,1.69
2017.09.21 12:54:54.773,0.79211,0.79222,1.01,1.25
2017.09.21 12:54:55.279,0.79211,0.79222,1.10,1.00
2017.09.21 12:54:55.813,0.79211,0.79222,1.39,1.12
2017.09.21 12:54:56.814,0.79212,0.79221,1.00,1.00
2017.09.21 12:54:57.119,0.79207,0.79216,1.10,3.19
2017.09.21 12:54:57.576,0.79205,0.79216,1.57,1.62
2017.09.21 12:54:58.083,0.79205,0.79217,1.37,4.12
2017.09.21 12:54:59.262,0.79204,0.79215,1.25,1.00
2017.09.21 12:54:59.414,0.79203,0.79214,1.69,1.20
2017.09.21 12:54:59.617,0.79203,0.79215,1.20,4.57
2017.09.21 12:55:00.213,0.79202,0.79213,1.01,1.00
2017.09.21 12:55:00.415,0.79201,0.79214,1.51,2.25
2017.09.21 12:55:01.183,0.792,0.79213,3.24,4.50
2017.09.21 12:55:01.733,0.792,0.79212,3.80,2.25
2017.09.21 12:55:02.052,0.79201,0.79212,1.45,1.87
2017.09.21 12:55:02.574,0.792,0.79213,2.30,5.62
2017.09.21 12:55:03.385,0.79201,0.79212,1.45,1.87
2017.09.21 12:55:04.114,0.792,0.79212,3.80,1.50
2017.09.21 12:55:04.620,0.79201,0.79212,1.45,2.62
2017.09.21 12:55:04.722,0.79202,0.79213,1.07,1.57
2017.09.21 12:55:05.306,0.79201,0.79212,1.80,1.87
2017.09.21 12:55:06.009,0.79202,0.79212,1.07,1.12
2017.09.21 12:55:07.784,0.792,0.79212,1.93,2.70
2017.09.21 12:55:07.835,0.792,0.79212,1.22,3.82
2017.09.21 12:55:07.936,0.792,0.79211,1.48,2.25
2017.09.21 12:55:08.450,0.792,0.79211,1.12,3.82
2017.09.21 12:55:08.754,0.792,0.79208,1.48,1.07
2017.09.21 12:55:08.856,0.79199,0.7921,3.24,1.57
2017.09.21 12:55:09.363,0.79199,0.79211,2.98,3.07
2017.09.21 12:55:09.905,0.79199,0.79211,2.23,3.45
2017.09.21 12:55:10.434,0.792,0.79209,1.00,1.00
2017.09.21 12:55:11.042,0.79199,0.7921,1.50,1.50
2017.09.21 12:55:11.617,0.79199,0.7921,1.31,1.50
2017.09.21 12:55:11.668,0.792,0.7921,1.38,2.25
2017.09.21 12:55:12.445,0.792,0.79211,1.10,1.00
2017.09.21 12:55:12.750,0.79201,0.79212,1.07,1.50
2017.09.21 12:55:13.287,0.79201,0.79212,1.48,1.57
2017.09.21 12:55:13.389,0.792,0.79211,4.20,1.00
2017.09.21 12:55:13.490,0.79201,0.7921,1.44,1.45
2017.09.21 12:55:13.541,0.792,0.79211,1.76,2.32
2017.09.21 12:55:14.159,0.792,0.79211,2.33,1.10
2017.09.21 12:55:15.297,0.792,0.7921,1.10,1.50
2017.09.21 12:55:15.841,0.79199,0.7921,1.10,1.47
2017.09.21 12:55:16.043,0.79199,0.7921,3.64,1.47
2017.09.21 12:55:16.195,0.79199,0.7921,3.45,1.47
2017.09.21 12:55:16.704,0.79199,0.7921,4.01,1.10
2017.09.21 12:55:16.856,0.79199,0.7921,4.20,1.10
2017.09.21 12:55:17.284,0.79201,0.79212,1.70,2.25
2017.09.21 12:55:19.038,0.792,0.79213,1.76,8.25
2017.09.21 12:55:20.274,0.79201,0.79211,1.08,1.37
2017.09.21 12:55:22.197,0.792,0.79211,1.12,1.95
2017.09.21 12:55:22.400,0.79197,0.79207,1.12,3.37
2017.09.21 12:55:22.729,0.79197,0.7921,2.32,3.93
2017.09.21 12:55:22.830,0.79198,0.79211,1.95,4.50
2017.09.21 12:55:23.185,0.79198,0.79209,1.95,1.00
2017.09.21 12:55:23.593,0.79196,0.79207,3.75,1.57
2017.09.21 12:55:23.897,0.79185,0.79196,1.00,2.25
2017.09.21 12:55:23.999,0.79183,0.79194,1.50,1.00
2017.09.21 12:55:24.534,0.79183,0.79195,1.47,1.12
2017.09.21 12:55:24.839,0.79182,0.79192,1.00,4.01
2017.09.21 12:55:25.417,0.79181,0.79193,1.21,2.02
2017.09.21 12:55:26.055,0.79182,0.79192,1.12,1.25
2017.09.21 12:55:26.590,0.79181,0.79193,1.22,1.62
2017.09.21 12:55:26.939,0.79189,0.79193,1.50,1.00
2017.09.21 12:55:27.092,0.79191,0.79201,1.28,1.45
2017.09.21 12:55:27.383,0.79191,0.79202,1.71,1.00
2017.09.21 12:55:30.419,0.79191,0.79203,2.71,2.25
2017.09.21 12:55:31.186,0.79192,0.79202,1.12,1.00
2017.09.21 12:55:31.692,0.79192,0.79202,1.31,1.00
2017.09.21 12:55:32.241,0.79191,0.79202,2.90,1.00
2017.09.21 12:55:32.962,0.7919,0.79202,4.14,1.00
2017.09.21 12:55:33.504,0.79191,0.79202,2.90,1.00
2017.09.21 12:55:34.184,0.79192,0.79202,2.53,1.00
2017.09.21 12:55:34.678,0.79196,0.79203,1.00,1.87
2017.09.21 12:55:34.931,0.792,0.7921,2.70,3.00
2017.09.21 12:55:35.455,0.79199,0.79211,4.21,2.62
2017.09.21 12:55:35.971,0.792,0.7921,2.32,1.00
2017.09.21 12:55:36.761,0.79199,0.79211,4.40,2.62
2017.09.21 12:55:37.327,0.79199,0.79211,3.28,3.00
2017.09.21 12:55:38.015,0.79199,0.79209,3.89,1.13
2017.09.21 12:55:38.320,0.79195,0.79207,2.89,2.06
2017.09.21 12:55:39.375,0.79195,0.79207,3.43,1.69
2017.09.21 12:55:39.477,0.79197,0.79207,1.95,1.69
2017.09.21 12:55:39.630,0.79197,0.79208,1.45,1.87
2017.09.21 12:55:40.279,0.79197,0.79208,3.00,3.26
2017.09.21 12:55:40.331,0.79196,0.79205,1.50,1.00
2017.09.21 12:55:40.620,0.79194,0.79206,1.10,4.69
2017.09.21 12:55:41.126,0.79193,0.79206,1.20,4.20
2017.09.21 12:55:41.633,0.79193,0.79204,2.87,1.25
2017.09.21 12:55:42.151,0.79193,0.79204,1.39,1.00
2017.09.21 12:55:42.253,0.79191,0.792,2.06,1.20
2017.09.21 12:55:42.660,0.7919,0.79201,2.14,1.12
2017.09.21 12:55:42.863,0.7919,0.79202,2.70,1.00
2017.09.21 12:55:43.691,0.79191,0.79203,1.50,1.76
2017.09.21 12:55:44.212,0.79192,0.79203,1.67,2.06
2017.09.21 12:55:44.729,0.79191,0.79203,1.47,1.63
2017.09.21 12:55:44.881,0.7919,0.79202,2.14,1.31
2017.09.21 12:55:45.033,0.79198,0.79203,1.95,4.12
2017.09.21 12:55:45.134,0.792,0.79207,1.00,1.00
2017.09.21 12:55:45.236,0.792,0.79209,1.95,1.87
2017.09.21 12:55:45.789,0.79199,0.79207,1.95,1.00
2017.09.21 12:55:45.941,0.79194,0.79204,1.10,2.06
2017.09.21 12:55:46.494,0.79194,0.79204,1.10,1.25
2017.09.21 12:55:46.697,0.79192,0.79202,1.50,1.44
2017.09.21 12:55:47.254,0.79191,0.79202,1.57,7.31
2017.09.21 12:55:47.698,0.79189,0.79199,1.12,1.50
2017.09.21 12:55:48.003,0.79188,0.79198,1.00,1.76
2017.09.21 12:55:48.306,0.79191,0.792,1.10,1.50
2017.09.21 12:55:48.858,0.7919,0.79202,3.45,2.44
2017.09.21 12:55:49.362,0.7919,0.79202,2.51,1.25
2017.09.21 12:55:50.053,0.79191,0.79202,1.01,2.06
2017.09.21 12:55:50.558,0.7919,0.79202,2.14,1.25
2017.09.21 12:55:51.337,0.79191,0.79202,1.10,1.44
2017.09.21 12:55:51.793,0.79191,0.792,1.39,1.19
2017.09.21 12:55:52.297,0.79188,0.792,2.62,4.76
2017.09.21 12:55:52.450,0.79186,0.79198,1.31,4.76
2017.09.21 12:55:52.998,0.79186,0.79197,1.45,3.75
2017.09.21 12:55:53.050,0.79185,0.79197,1.10,3.75
2017.09.21 12:55:53.354,0.79182,0.79188,2.25,1.00
2017.09.21 12:55:53.559,0.79172,0.79182,1.50,1.00
2017.09.21 12:55:53.662,0.79171,0.79182,1.50,1.20
2017.09.21 12:55:53.764,0.7917,0.79181,3.93,1.37
2017.09.21 12:55:54.267,0.7917,0.79183,5.10,4.31
2017.09.21 12:55:54.775,0.79171,0.79182,1.38,1.07
2017.09.21 12:55:55.281,0.79173,0.79182,1.00,1.57
2017.09.21 12:55:55.584,0.79172,0.79185,1.31,4.39
2017.09.21 12:55:55.635,0.7918,0.79184,1.00,1.00
2017.09.21 12:55:55.833,0.7918,0.79189,1.25,1.00
2017.09.21 12:55:55.884,0.7918,0.79192,1.69,5.81
2017.09.21 12:55:55.935,0.7918,0.79189,1.69,1.25
2017.09.21 12:55:56.037,0.7918,0.79191,1.25,1.12
2017.09.21 12:55:56.088,0.7918,0.79191,1.39,1.50
2017.09.21 12:55:56.392,0.79181,0.79192,1.69,2.63
2017.09.21 12:55:56.696,0.79184,0.79192,1.00,1.01
2017.09.21 12:55:56.899,0.79179,0.79189,4.31,1.69
2017.09.21 12:55:57.000,0.79179,0.79191,1.76,2.06
2017.09.21 12:55:57.549,0.7918,0.79191,2.98,1.50
2017.09.21 12:55:58.056,0.79179,0.79192,5.70,1.69
2017.09.21 12:55:58.725,0.79181,0.79192,1.10,1.68
2017.09.21 12:55:59.273,0.79181,0.79193,1.20,4.94
2017.09.21 12:55:59.943,0.7918,0.79193,4.01,4.30
2017.09.21 12:56:00.095,0.79179,0.7919,1.87,1.57
2017.09.21 12:56:00.399,0.79179,0.79187,1.00,1.25
2017.09.21 12:56:00.567,0.79175,0.79186,1.00,1.39
2017.09.21 12:56:00.720,0.79177,0.79188,2.33,4.11
2017.09.21 12:56:00.771,0.79176,0.79189,3.64,2.99
2017.09.21 12:56:00.872,0.79179,0.79191,1.00,7.00
2017.09.21 12:56:02.290,0.79178,0.7919,4.01,1.12
2017.09.21 12:56:02.597,0.79179,0.79191,5.70,1.30
2017.09.21 12:56:03.006,0.79179,0.7919,1.87,1.37
2017.09.21 12:56:03.208,0.79179,0.79189,1.50,1.00
2017.09.21 12:56:03.801,0.7918,0.7919,1.00,2.05
2017.09.21 12:56:04.347,0.79179,0.7919,1.95,1.37
2017.09.21 12:56:04.935,0.79179,0.79191,2.62,3.62
2017.09.21 12:56:05.190,0.7918,0.79191,1.50,1.00
2017.09.21 12:56:06.259,0.79179,0.79191,4.39,1.23
2017.09.21 12:56:06.775,0.7918,0.79191,1.00,2.25
2017.09.21 12:56:07.905,0.79181,0.79191,1.00,2.62
2017.09.21 12:56:10.494,0.79181,0.79192,1.00,5.81
2017.09.21 12:56:10.968,0.79181,0.79187,1.00,1.69
2017.09.21 12:56:11.019,0.79177,0.79186,1.00,8.63
2017.09.21 12:56:11.324,0.79176,0.79184,1.50,2.62
2017.09.21 12:56:11.830,0.79175,0.79185,2.06,2.62
2017.09.21 12:56:12.135,0.79176,0.79187,1.25,2.25
2017.09.21 12:56:12.670,0.79177,0.79187,1.00,1.47
2017.09.21 12:56:13.103,0.79178,0.79188,1.39,1.50
2017.09.21 12:56:13.622,0.79178,0.79188,2.89,1.12
2017.09.21 12:56:14.129,0.7918,0.79189,1.00,2.70
2017.09.21 12:56:14.662,0.79179,0.79189,1.00,2.70
2017.09.21 12:56:15.171,0.7918,0.79189,1.00,2.70
2017.09.21 12:56:15.637,0.79178,0.79186,1.00,2.63
2017.09.21 12:56:15.687,0.79176,0.79186,1.00,1.12
2017.09.21 12:56:15.738,0.79177,0.79185,1.00,2.70
2017.09.21 12:56:15.840,0.79175,0.79185,1.69,2.32
2017.09.21 12:56:16.351,0.79174,0.79185,2.63,2.70
2017.09.21 12:56:16.869,0.79175,0.79184,1.00,1.12
2017.09.21 12:56:17.372,0.79173,0.79184,2.06,2.25
2017.09.21 12:56:17.901,0.79173,0.79185,2.06,4.12
2017.09.21 12:56:18.420,0.79174,0.79184,1.31,1.12
2017.09.21 12:56:19.011,0.79174,0.79185,1.12,4.95
2017.09.21 12:56:19.521,0.79174,0.79185,1.00,1.76
2017.09.21 12:56:21.511,0.79174,0.79184,1.25,2.25
2017.09.21 12:56:22.050,0.79174,0.79184,1.87,1.50
2017.09.21 12:56:22.647,0.79174,0.79184,1.76,7.50
2017.09.21 12:56:23.142,0.79173,0.79183,3.19,3.07
2017.09.21 12:56:23.547,0.79173,0.79184,1.69,1.00
2017.09.21 12:56:24.056,0.79173,0.79184,2.63,4.69
2017.09.21 12:56:24.991,0.79173,0.79185,1.25,3.37
2017.09.21 12:56:25.512,0.79173,0.79184,1.57,2.62
2017.09.21 12:56:25.613,0.79174,0.79184,1.95,3.37
2017.09.21 12:56:25.766,0.79179,0.79187,3.08,2.25
2017.09.21 12:56:25.918,0.7918,0.7919,1.20,2.25
2017.09.21 12:56:26.958,0.7918,0.7919,1.20,2.62
2017.09.21 12:56:27.464,0.79179,0.79189,1.45,2.25
2017.09.21 12:56:27.970,0.79179,0.79189,2.70,1.12
2017.09.21 12:56:30.285,0.79179,0.7919,3.08,2.25
2017.09.21 12:56:30.824,0.7918,0.7919,2.81,3.00
2017.09.21 12:56:31.360,0.79181,0.7919,1.00,1.00
2017.09.21 12:56:31.867,0.79182,0.79191,1.95,1.12
2017.09.21 12:56:32.293,0.79183,0.79194,1.88,2.62
2017.09.21 12:56:32.547,0.79184,0.79195,4.76,4.50
2017.09.21 12:56:32.649,0.79184,0.79195,1.50,5.25
2017.09.21 12:56:33.162,0.79183,0.79195,2.81,3.37
2017.09.21 12:56:33.861,0.79183,0.79194,3.56,1.38
2017.09.21 12:56:35.061,0.79183,0.79195,1.12,4.69
2017.09.21 12:56:40.264,0.79184,0.79194,1.00,1.37
2017.09.21 12:56:44.508,0.79183,0.79194,1.00,1.50
2017.09.21 12:56:45.706,0.79183,0.79192,1.00,2.25
2017.09.21 12:56:46.296,0.79182,0.79192,2.44,2.25
2017.09.21 12:56:46.802,0.79182,0.79193,2.63,1.10
2017.09.21 12:56:48.913,0.79183,0.79195,1.12,2.40
2017.09.21 12:56:49.422,0.79182,0.79195,3.37,4.27
2017.09.21 12:56:50.487,0.79182,0.79194,3.37,1.00
2017.09.21 12:56:51.031,0.79183,0.79194,1.31,2.02
2017.09.21 12:56:51.599,0.79182,0.79195,3.56,2.40
2017.09.21 12:56:53.186,0.79183,0.79194,1.31,1.65
2017.09.21 12:56:53.465,0.79185,0.79195,2.43,3.45
2017.09.21 12:56:53.617,0.7919,0.792,1.57,2.20
2017.09.21 12:56:54.361,0.79191,0.792,1.00,2.62
2017.09.21 12:56:54.926,0.7919,0.792,1.20,2.62
2017.09.21 12:56:55.482,0.79191,0.792,1.00,2.25
2017.09.21 12:56:56.038,0.7919,0.792,1.95,2.25
2017.09.21 12:56:56.542,0.7919,0.79201,1.20,1.37
2017.09.21 12:56:57.077,0.79191,0.79201,1.00,1.62
2017.09.21 12:56:57.619,0.7919,0.79201,1.50,1.45
2017.09.21 12:56:58.163,0.7919,0.79202,1.00,4.01
2017.09.21 12:56:58.887,0.7919,0.79201,1.45,1.39
2017.09.21 12:56:59.435,0.7919,0.79202,1.08,1.57
2017.09.21 12:57:00.032,0.7919,0.79202,3.33,1.57
2017.09.21 12:57:00.185,0.79193,0.79202,1.88,1.57
2017.09.21 12:57:00.389,0.79193,0.79203,2.39,1.00
2017.09.21 12:57:00.916,0.79193,0.79204,1.00,2.32
2017.09.21 12:57:01.501,0.79192,0.79203,2.02,2.32
2017.09.21 12:57:02.011,0.79192,0.79203,2.77,2.25
2017.09.21 12:57:02.762,0.79192,0.79203,2.02,2.25
2017.09.21 12:57:03.288,0.79193,0.79205,1.45,5.25
2017.09.21 12:57:04.029,0.79196,0.79205,1.00,3.45
2017.09.21 12:57:04.333,0.79195,0.79206,4.27,1.10
2017.09.21 12:57:05.183,0.79196,0.79207,2.58,4.31
2017.09.21 12:57:05.669,0.792,0.79207,1.00,1.20
2017.09.21 12:57:05.720,0.79199,0.79209,1.00,2.25
2017.09.21 12:57:06.381,0.79196,0.79206,3.00,3.30
2017.09.21 12:57:06.482,0.79194,0.79205,1.31,1.10
2017.09.21 12:57:06.533,0.79193,0.79203,1.87,2.25
2017.09.21 12:57:07.038,0.79193,0.79204,1.45,1.57
2017.09.21 12:57:07.140,0.79193,0.79204,1.12,1.10
2017.09.21 12:57:07.350,0.79193,0.79204,1.45,3.45
2017.09.21 12:57:07.834,0.79193,0.79204,2.20,1.10
2017.09.21 12:57:08.341,0.79193,0.79204,1.12,4.20
2017.09.21 12:57:08.874,0.79192,0.79204,1.69,5.70
2017.09.21 12:57:09.300,0.79193,0.79203,1.69,1.20
2017.09.21 12:57:09.817,0.79193,0.79203,1.50,3.07
2017.09.21 12:57:10.604,0.79193,0.79203,2.25,3.07
2017.09.21 12:57:11.185,0.79193,0.79203,1.00,2.32
2017.09.21 12:57:13.511,0.79193,0.79203,2.25,2.25
2017.09.21 12:57:14.150,0.79193,0.79204,2.25,1.57
2017.09.21 12:57:15.571,0.79193,0.79203,1.69,1.20
2017.09.21 12:57:16.509,0.79192,0.79204,3.00,2.70
2017.09.21 12:57:19.274,0.79193,0.79204,1.69,4.57
2017.09.21 12:57:19.730,0.792,0.79204,1.00,2.25
2017.09.21 12:57:19.883,0.79199,0.79209,1.25,2.70
2017.09.21 12:57:20.423,0.792,0.7921,1.00,4.12
2017.09.21 12:57:21.599,0.79196,0.79207,1.00,2.51
2017.09.21 12:57:21.650,0.79195,0.79205,2.70,1.00
2017.09.21 12:57:21.701,0.79194,0.79205,2.25,1.10
2017.09.21 12:57:22.311,0.79193,0.79204,1.69,1.00
2017.09.21 12:57:22.945,0.79192,0.79204,8.14,2.25
2017.09.21 12:57:23.494,0.79193,0.79204,1.37,3.00
2017.09.21 12:57:24.054,0.79192,0.79204,4.20,2.25
2017.09.21 12:57:24.897,0.79194,0.79204,1.70,2.25
2017.09.21 12:57:24.998,0.79194,0.79204,1.01,2.25
2017.09.21 12:57:25.560,0.79193,0.79204,1.00,2.25
2017.09.21 12:57:26.085,0.79193,0.79204,2.81,3.00
2017.09.21 12:57:26.779,0.79193,0.79204,1.00,2.25
2017.09.21 12:57:27.349,0.79192,0.79204,7.13,2.62
2017.09.21 12:57:28.651,0.79192,0.79204,4.12,2.25
2017.09.21 12:57:29.799,0.79192,0.79205,1.87,4.20
2017.09.21 12:57:30.229,0.79193,0.79204,1.50,1.50
2017.09.21 12:57:30.757,0.79193,0.79205,1.07,4.12
2017.09.21 12:57:32.102,0.79193,0.79204,2.33,3.37
2017.09.21 12:57:33.069,0.79192,0.79204,6.83,2.25
2017.09.21 12:57:33.607,0.79192,0.79205,4.58,4.12
2017.09.21 12:57:34.304,0.79192,0.79203,1.01,1.00
2017.09.21 12:57:34.609,0.7919,0.792,1.31,1.00
2017.09.21 12:57:34.943,0.7919,0.79201,2.44,1.00
2017.09.21 12:57:35.754,0.7919,0.79201,1.69,1.00
2017.09.21 12:57:36.703,0.79191,0.79201,1.63,1.00
2017.09.21 12:57:37.259,0.79191,0.79201,1.13,1.00
2017.09.21 12:57:38.029,0.79191,0.79201,1.50,1.00
2017.09.21 12:57:38.535,0.79191,0.79202,1.81,1.00
2017.09.21 12:57:39.064,0.79191,0.79202,1.31,1.00
2017.09.21 12:57:39.802,0.79191,0.79202,1.69,2.14
2017.09.21 12:57:40.320,0.79191,0.79202,2.06,2.06
2017.09.21 12:57:40.863,0.79191,0.79202,1.56,2.06
2017.09.21 12:57:41.453,0.79195,0.79202,1.12,1.00
2017.09.21 12:57:41.605,0.79194,0.79205,1.69,3.37
2017.09.21 12:57:42.153,0.79195,0.79205,1.43,1.12
2017.09.21 12:57:42.694,0.79194,0.79206,2.32,3.82
2017.09.21 12:57:42.795,0.79197,0.79206,2.25,3.37
2017.09.21 12:57:42.998,0.79196,0.79207,3.75,2.25
2017.09.21 12:57:43.201,0.79196,0.79205,3.00,2.25
2017.09.21 12:57:43.744,0.79194,0.79207,5.69,5.70
2017.09.21 12:57:44.341,0.79195,0.79206,1.57,1.00
2017.09.21 12:57:45.018,0.79195,0.79206,4.19,1.12
2017.09.21 12:57:45.560,0.79195,0.79207,1.38,5.32
2017.09.21 12:57:45.762,0.79193,0.79206,3.82,3.26
2017.09.21 12:57:45.915,0.79193,0.79204,3.82,2.25
2017.09.21 12:57:46.481,0.79192,0.79204,4.00,3.00
2017.09.21 12:57:47.013,0.79192,0.79204,1.31,6.07
2017.09.21 12:57:47.534,0.79192,0.79203,2.43,2.25
2017.09.21 12:57:48.512,0.79191,0.79204,3.25,4.69
2017.09.21 12:57:49.124,0.79191,0.79204,3.63,4.69
2017.09.21 12:57:49.640,0.79193,0.79203,1.13,1.12
2017.09.21 12:57:50.251,0.79192,0.79203,2.25,2.25
2017.09.21 12:57:50.909,0.79192,0.79203,3.75,2.25
2017.09.21 12:57:51.710,0.79192,0.79203,2.25,2.25
2017.09.21 12:57:52.238,0.79194,0.79203,2.25,2.25
2017.09.21 12:57:52.339,0.79194,0.79206,3.00,4.57
2017.09.21 12:57:52.742,0.79194,0.79206,3.45,1.47
2017.09.21 12:57:53.347,0.79194,0.79206,2.70,3.07
2017.09.21 12:57:53.883,0.79194,0.79206,3.45,1.47
2017.09.21 12:57:54.630,0.79195,0.79206,1.69,1.47
2017.09.21 12:57:55.160,0.79196,0.79206,1.25,1.95
2017.09.21 12:57:55.672,0.792,0.79207,1.00,4.95
2017.09.21 12:57:55.848,0.79197,0.79208,2.14,3.00
2017.09.21 12:57:55.950,0.792,0.79208,1.37,6.07
2017.09.21 12:57:56.254,0.79198,0.79209,2.62,1.57
2017.09.21 12:57:56.305,0.79198,0.79207,1.87,1.12
2017.09.21 12:57:56.810,0.79197,0.79208,1.87,2.62
2017.09.21 12:57:57.311,0.79197,0.79208,1.87,2.51
2017.09.21 12:57:57.614,0.79196,0.79206,2.81,2.25
2017.09.21 12:57:58.396,0.79196,0.79206,2.06,2.25
2017.09.21 12:57:58.920,0.79197,0.79207,6.00,3.75
2017.09.21 12:57:59.073,0.792,0.79208,1.12,2.25
2017.09.21 12:57:59.327,0.79197,0.79206,2.44,2.25
2017.09.21 12:58:00.237,0.79198,0.79206,2.06,1.12
2017.09.21 12:58:00.858,0.79197,0.79207,3.64,2.62
2017.09.21 12:58:01.382,0.79198,0.79205,1.63,1.00
2017.09.21 12:58:01.534,0.79197,0.79205,1.76,1.00
2017.09.21 12:58:02.059,0.79198,0.79205,1.00,1.00
2017.09.21 12:58:03.069,0.79198,0.79206,1.25,1.00
2017.09.21 12:58:03.722,0.79197,0.79207,1.88,1.12
2017.09.21 12:58:04.211,0.792,0.79206,2.70,1.00
2017.09.21 12:58:04.538,0.792,0.79208,2.33,1.00
2017.09.21 12:58:05.071,0.79199,0.79208,5.51,1.12
2017.09.21 12:58:05.356,0.79199,0.79206,1.31,1.12
2017.09.21 12:58:07.518,0.792,0.79207,1.56,1.12
2017.09.21 12:58:08.167,0.79201,0.79208,1.00,1.00
2017.09.21 12:58:08.730,0.792,0.79208,1.58,1.12
2017.09.21 12:58:12.050,0.792,0.79207,1.31,1.00
2017.09.21 12:58:12.102,0.79196,0.79205,1.69,1.50
2017.09.21 12:58:12.628,0.79195,0.79205,4.88,3.75
2017.09.21 12:58:13.167,0.79196,0.79205,2.06,3.75
2017.09.21 12:58:13.941,0.79194,0.79205,6.75,3.75
2017.09.21 12:58:15.149,0.79196,0.79205,1.50,5.62
2017.09.21 12:58:16.333,0.79196,0.79205,1.62,2.62
2017.09.21 12:58:16.895,0.79195,0.79205,1.69,1.87
2017.09.21 12:58:17.445,0.79197,0.79204,1.00,1.00
2017.09.21 12:58:18.420,0.79195,0.79204,2.06,1.00
2017.09.21 12:58:20.156,0.79195,0.79204,4.31,1.00
2017.09.21 12:58:20.700,0.79196,0.79204,1.25,1.00
2017.09.21 12:58:21.956,0.79196,0.79204,1.69,1.00
2017.09.21 12:58:22.501,0.79196,0.79204,2.81,1.00
2017.09.21 12:58:23.097,0.79197,0.79204,1.12,1.00
2017.09.21 12:58:24.098,0.79196,0.79204,2.44,1.00
2017.09.21 12:58:24.601,0.79199,0.79205,1.50,4.50
2017.09.21 12:58:24.702,0.79199,0.79207,1.44,1.00
2017.09.21 12:58:25.461,0.79198,0.79207,3.38,1.00
2017.09.21 12:58:26.202,0.79198,0.79207,2.25,1.00
2017.09.21 12:58:26.709,0.79199,0.79207,1.88,1.00
2017.09.21 12:58:27.360,0.79199,0.79207,2.25,1.00
2017.09.21 12:58:27.885,0.79198,0.79207,5.06,1.00
2017.09.21 12:58:28.482,0.79201,0.79208,1.19,1.00
2017.09.21 12:58:29.306,0.79202,0.79208,1.37,1.00
2017.09.21 12:58:29.813,0.79203,0.79209,1.25,1.00
2017.09.21 12:58:29.864,0.79203,0.79211,1.63,1.50
2017.09.21 12:58:31.026,0.79202,0.79211,1.56,1.00
2017.09.21 12:58:31.178,0.79204,0.79211,2.89,1.00
2017.09.21 12:58:31.280,0.79203,0.79213,3.56,1.00
2017.09.21 12:58:32.130,0.79204,0.79213,2.63,1.00
2017.09.21 12:58:32.662,0.79203,0.79213,2.81,1.00
2017.09.21 12:58:32.713,0.79205,0.79213,1.50,1.00
2017.09.21 12:58:38.440,0.79207,0.79215,1.62,3.37
2017.09.21 12:58:38.593,0.7921,0.79218,1.19,1.00
2017.09.21 12:58:39.100,0.7921,0.79219,1.50,1.00
2017.09.21 12:58:39.704,0.79212,0.79219,1.38,1.00
2017.09.21 12:58:39.850,0.79212,0.79216,1.25,1.00
2017.09.21 12:58:40.105,0.79207,0.79214,1.25,1.00
2017.09.21 12:58:40.933,0.79207,0.79215,1.88,1.12
2017.09.21 12:58:42.850,0.7921,0.79215,1.56,1.12
2017.09.21 12:58:42.952,0.7921,0.79217,2.33,1.00
2017.09.21 12:58:43.203,0.7921,0.79219,2.81,1.12
2017.09.21 12:58:43.741,0.7921,0.79219,1.25,1.12
2017.09.21 12:58:43.962,0.7921,0.79219,1.56,1.12
2017.09.21 12:58:44.967,0.79209,0.79219,4.31,1.00
2017.09.21 12:58:45.792,0.7921,0.79219,1.50,1.00
2017.09.21 12:58:46.462,0.7921,0.79219,3.00,1.00
2017.09.21 12:58:46.966,0.7921,0.79219,3.75,1.00
2017.09.21 12:58:48.411,0.79211,0.79221,2.70,1.00
2017.09.21 12:58:49.275,0.79212,0.79221,1.37,1.00
2017.09.21 12:58:49.805,0.79214,0.79221,1.01,1.00
2017.09.21 12:58:50.347,0.79214,0.79222,1.31,1.00
2017.09.21 12:58:50.956,0.79214,0.79222,1.69,1.00
2017.09.21 12:58:51.260,0.79216,0.79222,1.00,1.00
2017.09.21 12:58:51.414,0.79214,0.79222,2.14,1.00
2017.09.21 12:58:51.924,0.79214,0.79223,1.25,1.00
2017.09.21 12:58:52.427,0.79215,0.79223,1.00,1.00
2017.09.21 12:58:53.049,0.79219,0.79223,1.00,1.00
2017.09.21 12:58:53.201,0.79219,0.79227,1.25,2.25
2017.09.21 12:58:53.252,0.79219,0.79228,1.01,2.62
2017.09.21 12:58:53.383,0.79218,0.79226,2.70,1.00
2017.09.21 12:58:53.893,0.7922,0.79229,1.47,1.00
2017.09.21 12:58:54.147,0.79222,0.79229,1.66,1.00
2017.09.21 12:58:54.768,0.79223,0.79229,1.47,1.00
2017.09.21 12:58:55.279,0.79223,0.7923,1.50,1.00
2017.09.21 12:58:55.800,0.79225,0.79231,1.12,1.00
2017.09.21 12:58:56.157,0.79226,0.79234,1.69,1.00
2017.09.21 12:58:56.362,0.79228,0.79234,1.19,1.50
2017.09.21 12:58:56.413,0.7923,0.79236,1.87,1.00
2017.09.21 12:58:56.465,0.7923,0.79238,1.31,1.00
2017.09.21 12:58:56.516,0.79228,0.79236,2.06,1.00
2017.09.21 12:58:56.931,0.79229,0.79238,4.76,2.25
2017.09.21 12:58:57.466,0.79229,0.79237,2.06,1.00
2017.09.21 12:58:58.136,0.79228,0.79236,5.51,1.00
2017.09.21 12:58:58.187,0.79229,0.79238,2.81,1.25
2017.09.21 12:58:58.391,0.7923,0.79238,2.06,1.00
2017.09.21 12:58:59.118,0.7923,0.79237,2.06,1.00
2017.09.21 12:58:59.169,0.7923,0.79237,1.69,1.00
2017.09.21 12:58:59.627,0.79228,0.79235,1.31,1.00
2017.09.21 12:58:59.905,0.7923,0.79237,1.25,1.00
2017.09.21 12:59:00.161,0.79228,0.79235,1.56,1.00
2017.09.21 12:59:00.569,0.7923,0.79237,1.39,1.00
2017.09.21 12:59:00.723,0.79229,0.79239,1.56,1.57
2017.09.21 12:59:01.184,0.7923,0.79239,1.76,1.00
2017.09.21 12:59:01.691,0.79231,0.79238,1.25,1.00
2017.09.21 12:59:02.199,0.79229,0.79239,4.69,1.00
2017.09.21 12:59:02.715,0.79231,0.79239,1.37,1.00
2017.09.21 12:59:03.344,0.79232,0.7924,1.12,1.00
2017.09.21 12:59:03.869,0.79232,0.79241,1.69,1.00
2017.09.21 12:59:04.769,0.79231,0.79241,1.69,1.00
2017.09.21 12:59:05.297,0.79231,0.7924,1.87,1.00
2017.09.21 12:59:05.829,0.79234,0.7924,1.00,1.00
2017.09.21 12:59:06.431,0.79233,0.7924,1.00,1.00
2017.09.21 12:59:07.267,0.79234,0.7924,1.00,1.00
2017.09.21 12:59:07.770,0.79233,0.7924,1.12,1.00
2017.09.21 12:59:08.594,0.79233,0.79238,1.13,1.00
2017.09.21 12:59:08.848,0.79233,0.7924,1.50,1.00
2017.09.21 12:59:09.356,0.79234,0.79241,1.00,1.00
2017.09.21 12:59:10.053,0.79233,0.79241,1.00,1.00
2017.09.21 12:59:10.713,0.79234,0.79241,1.00,1.00
2017.09.21 12:59:10.918,0.79232,0.79241,1.12,1.00
2017.09.21 12:59:11.375,0.79233,0.79239,1.00,1.00
2017.09.21 12:59:11.680,0.79235,0.79239,1.00,1.00
2017.09.21 12:59:12.306,0.79233,0.7924,1.00,1.00
2017.09.21 12:59:12.713,0.79233,0.79238,1.00,1.25
2017.09.21 12:59:13.020,0.79231,0.79235,1.00,1.00
2017.09.21 12:59:13.522,0.79229,0.79235,1.00,1.00
2017.09.21 12:59:14.025,0.7923,0.79236,1.20,1.00
2017.09.21 12:59:14.076,0.7923,0.79236,4.01,1.00
2017.09.21 12:59:14.178,0.79231,0.79238,1.01,1.00
2017.09.21 12:59:14.494,0.7923,0.79238,1.00,1.00
2017.09.21 12:59:14.546,0.7923,0.79236,1.00,1.00
2017.09.21 12:59:15.054,0.79229,0.79236,1.25,1.00
2017.09.21 12:59:15.389,0.79228,0.79232,1.00,1.25
2017.09.21 12:59:15.697,0.79225,0.79229,1.00,1.00
2017.09.21 12:59:15.800,0.79221,0.79228,1.69,1.00
2017.09.21 12:59:16.489,0.79219,0.79226,1.19,1.00
2017.09.21 12:59:16.543,0.79216,0.79224,1.69,1.00
2017.09.21 12:59:16.804,0.79215,0.79223,1.69,1.00
2017.09.21 12:59:16.957,0.79214,0.79219,1.50,1.00
2017.09.21 12:59:17.196,0.79208,0.79217,1.19,1.44
2017.09.21 12:59:17.298,0.79208,0.79214,1.88,1.00
2017.09.21 12:59:17.502,0.79208,0.79216,4.57,1.00
2017.09.21 12:59:17.604,0.79211,0.79216,1.57,1.00
2017.09.21 12:59:17.707,0.79212,0.79219,2.32,1.00
2017.09.21 12:59:17.861,0.79212,0.79221,2.70,1.00
2017.09.21 12:59:18.392,0.79212,0.7922,3.82,1.00
2017.09.21 12:59:18.862,0.79213,0.7922,3.19,1.00
2017.09.21 12:59:19.015,0.79213,0.79222,3.94,1.00
2017.09.21 12:59:19.117,0.79212,0.79222,5.14,1.00
2017.09.21 12:59:19.419,0.79213,0.79221,1.69,1.00
2017.09.21 12:59:19.598,0.79212,0.79221,4.39,1.00
2017.09.21 12:59:20.105,0.79213,0.79221,2.44,1.00
2017.09.21 12:59:20.563,0.79213,0.79221,3.19,1.00
2017.09.21 12:59:21.102,0.79213,0.79221,2.25,1.00
2017.09.21 12:59:21.408,0.79218,0.79222,1.00,1.00
2017.09.21 12:59:21.922,0.79217,0.79221,1.00,1.00
2017.09.21 12:59:22.071,0.79219,0.79223,1.00,1.00
2017.09.21 12:59:24.700,0.7922,0.79224,1.50,1.00
2017.09.21 12:59:24.802,0.79221,0.79227,1.39,1.25
2017.09.21 12:59:25.315,0.79223,0.79227,1.00,1.25
2017.09.21 12:59:25.872,0.79224,0.79228,1.10,1.25
2017.09.21 12:59:26.439,0.79223,0.79227,2.51,1.25
2017.09.21 12:59:26.968,0.79224,0.79228,1.31,1.25
2017.09.21 12:59:27.583,0.79222,0.79229,1.75,36.19
2017.09.21 12:59:28.756,0.79224,0.79228,1.57,1.25
2017.09.21 12:59:29.271,0.79224,0.79229,2.51,1.69
2017.09.21 12:59:29.837,0.79224,0.79228,1.20,1.25
2017.09.21 12:59:30.434,0.79224,0.79229,2.89,1.69
2017.09.21 12:59:30.944,0.79222,0.79228,1.88,1.25
2017.09.21 12:59:31.255,0.79225,0.79229,1.76,1.50
2017.09.21 12:59:33.802,0.79223,0.79228,1.87,1.25
2017.09.21 12:59:33.904,0.79222,0.79227,3.00,1.25
2017.09.21 12:59:34.373,0.79224,0.79228,1.12,1.25
2017.09.21 12:59:34.706,0.79224,0.79229,3.07,34.50
2017.09.21 12:59:35.689,0.79222,0.79227,1.87,1.25
2017.09.21 12:59:35.741,0.79225,0.79229,1.12,43.69
2017.09.21 12:59:35.995,0.79222,0.79227,2.70,1.25
2017.09.21 12:59:36.545,0.79222,0.79227,1.76,1.25
2017.09.21 12:59:37.060,0.79222,0.79227,3.07,1.25
2017.09.21 12:59:37.501,0.79224,0.79229,2.32,45.19
2017.09.21 12:59:38.578,0.79223,0.79228,1.87,1.25
2017.09.21 12:59:38.629,0.79222,0.79227,1.31,1.25
2017.09.21 12:59:39.135,0.79221,0.79227,2.44,1.25
2017.09.21 12:59:39.552,0.79223,0.79227,1.57,1.25
2017.09.21 12:59:39.604,0.79221,0.79227,1.57,1.25
2017.09.21 12:59:40.435,0.79221,0.79227,1.56,1.25
2017.09.21 12:59:41.256,0.79221,0.79227,1.87,1.25
2017.09.21 12:59:42.499,0.79222,0.79227,1.95,1.25
2017.09.21 12:59:42.987,0.79221,0.79227,1.31,1.25
2017.09.21 12:59:43.089,0.79222,0.79227,1.95,1.25
2017.09.21 12:59:43.618,0.79222,0.79227,1.10,1.25
2017.09.21 12:59:44.655,0.79221,0.79227,1.00,1.25
2017.09.21 12:59:45.388,0.7922,0.79227,1.87,1.25
2017.09.21 12:59:47.896,0.79221,0.79227,1.00,1.25
2017.09.21 12:59:48.417,0.7922,0.79227,1.87,1.25
2017.09.21 12:59:49.025,0.79221,0.79227,2.81,1.25
2017.09.21 12:59:49.644,0.79221,0.79227,3.75,1.25
2017.09.21 12:59:50.969,0.79221,0.79227,2.81,1.00
2017.09.21 12:59:51.020,0.79221,0.79227,1.50,1.00
2017.09.21 12:59:51.629,0.7922,0.79227,2.06,1.00
2017.09.21 12:59:52.145,0.7922,0.79227,1.69,1.00
2017.09.21 12:59:53.145,0.7922,0.79227,2.06,1.00
2017.09.21 12:59:53.666,0.7922,0.79227,1.57,1.00
2017.09.21 12:59:53.818,0.79222,0.79227,1.63,1.00
2017.09.21 12:59:54.805,0.7922,0.79227,2.81,1.00
2017.09.21 12:59:55.422,0.79221,0.79227,2.44,1.00
2017.09.21 12:59:55.972,0.79221,0.79227,2.51,1.00
2017.09.21 12:59:56.778,0.79221,0.79227,4.01,1.00
2017.09.21 12:59:57.293,0.79221,0.79227,2.06,1.00
2017.09.21 12:59:57.859,0.79221,0.79227,2.06,1.00
2017.09.21 12:59:58.002,0.79221,0.79227,1.00,1.00
2017.09.21 12:59:58.723,0.7922,0.79227,4.95,1.00
2017.09.21 12:59:58.875,0.7922,0.79227,3.82,1.00
2017.09.21 12:59:58.926,0.7922,0.79227,4.01,1.00
2017.09.21 12:59:59.230,0.79222,0.79228,1.50,1.00
2017.09.21 12:59:59.743,0.79223,0.79227,3.00,1.00
