2017.04.10 02:00:00.666,0.74927,0.74937,3.00,2.44
2017.04.10 02:00:03.376,0.74926,0.74937,7.20,3.94
2017.04.10 02:00:03.732,0.74926,0.74935,3.75,1.50
2017.04.10 02:00:05.098,0.74926,0.74935,1.00,1.87
2017.04.10 02:00:06.263,0.74927,0.74935,1.00,1.00
2017.04.10 02:00:08.558,0.74926,0.74935,3.75,1.12
2017.04.10 02:00:09.872,0.74928,0.74936,1.00,3.07
2017.04.10 02:00:10.663,0.74928,0.74936,1.00,1.12
2017.04.10 02:00:18.289,0.74927,0.74936,2.25,1.00
2017.04.10 02:00:21.390,0.74928,0.74936,1.00,1.50
2017.04.10 02:00:26.598,0.7493,0.74936,1.00,1.00
2017.04.10 02:00:27.110,0.74929,0.74936,1.00,1.00
2017.04.10 02:00:27.616,0.74928,0.74935,1.00,1.00
2017.04.10 02:00:30.446,0.74928,0.74937,3.07,1.00
2017.04.10 02:00:30.746,0.74931,0.74937,1.00,1.00
2017.04.10 02:00:31.051,0.74928,0.74935,2.40,1.00
2017.04.10 02:00:32.765,0.74928,0.74936,2.25,1.00
2017.04.10 02:00:33.564,0.74928,0.74936,2.10,1.00
2017.04.10 02:00:33.615,0.74931,0.74939,1.00,1.87
2017.04.10 02:00:33.998,0.74933,0.7494,1.50,1.00
2017.04.10 02:00:34.505,0.74932,0.7494,1.12,1.00
2017.04.10 02:00:36.243,0.74934,0.74941,1.00,1.25
2017.04.10 02:00:36.450,0.74932,0.7494,1.00,1.00
2017.04.10 02:00:37.739,0.74934,0.74943,1.00,3.00
2017.04.10 02:00:38.253,0.74935,0.74942,1.00,1.00
2017.04.10 02:00:38.304,0.74934,0.7494,1.00,1.00
2017.04.10 02:00:38.506,0.74934,0.74942,1.00,1.00
2017.04.10 02:00:43.842,0.74935,0.74942,1.00,1.00
2017.04.10 02:00:44.221,0.74933,0.74941,3.07,1.00
2017.04.10 02:00:44.426,0.74934,0.74943,3.00,1.87
2017.04.10 02:00:44.661,0.74934,0.74941,1.00,1.00
2017.04.10 02:00:44.712,0.74934,0.74943,1.00,1.87
2017.04.10 02:00:46.846,0.74934,0.74941,1.12,1.00
2017.04.10 02:00:47.099,0.74932,0.7494,1.57,1.00
2017.04.10 02:00:47.645,0.74932,0.74941,1.35,1.00
2017.04.10 02:00:48.451,0.74933,0.74941,1.00,1.00
2017.04.10 02:00:49.947,0.74933,0.74942,1.00,1.12
2017.04.10 02:00:50.479,0.74933,0.74941,1.10,1.00
2017.04.10 02:00:51.627,0.74933,0.74941,5.25,1.00
2017.04.10 02:00:52.172,0.74933,0.74941,1.50,1.00
2017.04.10 02:00:53.273,0.74933,0.74941,3.60,1.00
2017.04.10 02:00:53.824,0.74933,0.74941,3.07,1.00
2017.04.10 02:00:54.513,0.74935,0.74941,1.00,1.00
2017.04.10 02:00:54.716,0.74935,0.74944,1.00,2.06
2017.04.10 02:00:54.767,0.74935,0.74942,1.87,1.00
2017.04.10 02:00:55.272,0.74934,0.74941,1.35,1.00
2017.04.10 02:00:55.807,0.74934,0.7494,1.00,1.00
2017.04.10 02:00:56.009,0.74935,0.74943,1.00,1.00
2017.04.10 02:00:56.060,0.74935,0.74941,1.00,1.00
2017.04.10 02:00:56.313,0.74933,0.74941,1.95,1.00
2017.04.10 02:00:56.918,0.74933,0.74942,2.47,1.00
2017.04.10 02:00:57.398,0.74935,0.74942,1.00,1.00
2017.04.10 02:00:58.082,0.74934,0.74942,2.32,1.00
2017.04.10 02:01:01.676,0.74933,0.74942,7.50,1.00
2017.04.10 02:01:02.029,0.74935,0.74942,1.00,1.00
2017.04.10 02:01:02.131,0.74933,0.74942,7.50,1.00
2017.04.10 02:01:02.535,0.74934,0.74944,3.67,4.50
2017.04.10 02:01:03.085,0.74934,0.74944,3.07,4.87
2017.04.10 02:01:03.592,0.74934,0.74942,2.25,1.00
2017.04.10 02:01:04.252,0.74934,0.74944,2.25,3.75
2017.04.10 02:01:04.765,0.74934,0.74945,11.25,6.94
2017.04.10 02:01:04.917,0.74936,0.74945,1.12,5.06
2017.04.10 02:01:05.120,0.74935,0.74945,1.20,2.14
2017.04.10 02:01:05.625,0.74935,0.74944,1.00,1.50
2017.04.10 02:01:05.829,0.74934,0.74943,1.50,3.37
2017.04.10 02:01:06.031,0.74933,0.74942,5.32,1.00
2017.04.10 02:01:06.537,0.74934,0.74942,2.25,1.00
2017.04.10 02:01:08.657,0.74934,0.7494,1.50,1.00
2017.04.10 02:01:08.905,0.74933,0.74942,3.97,1.00
2017.04.10 02:01:09.618,0.74933,0.74942,1.72,1.00
2017.04.10 02:01:10.124,0.74934,0.74942,1.00,1.00
2017.04.10 02:01:10.658,0.74933,0.74943,1.12,1.00
2017.04.10 02:01:12.037,0.74933,0.74943,4.80,1.00
2017.04.10 02:01:12.547,0.74933,0.74943,4.95,1.00
2017.04.10 02:01:13.339,0.74934,0.74945,3.37,6.00
2017.04.10 02:01:13.695,0.74935,0.74946,3.60,3.56
2017.04.10 02:01:13.928,0.74938,0.74946,1.00,1.12
2017.04.10 02:01:16.281,0.74937,0.74945,1.00,1.00
2017.04.10 02:01:16.636,0.74939,0.74947,1.00,3.37
2017.04.10 02:01:17.146,0.74938,0.74947,1.00,2.62
2017.04.10 02:01:18.330,0.74939,0.74947,1.00,1.12
2017.04.10 02:01:18.865,0.7494,0.74947,1.00,1.12
2017.04.10 02:01:19.589,0.74939,0.74948,1.00,3.56
2017.04.10 02:01:30.032,0.74936,0.74942,4.95,1.00
2017.04.10 02:01:30.236,0.74932,0.74942,3.52,1.37
2017.04.10 02:01:30.771,0.74932,0.74942,4.12,1.00
2017.04.10 02:01:32.346,0.74933,0.74943,1.72,4.12
2017.04.10 02:01:32.852,0.74933,0.74943,1.87,2.62
2017.04.10 02:01:33.360,0.74933,0.74943,3.97,2.62
2017.04.10 02:01:35.515,0.74933,0.74942,3.22,1.00
2017.04.10 02:01:36.049,0.74933,0.74943,3.30,1.87
2017.04.10 02:01:36.885,0.74933,0.74943,3.22,1.87
2017.04.10 02:01:37.393,0.74933,0.74943,3.22,1.87
2017.04.10 02:01:41.694,0.74933,0.74943,5.55,1.37
2017.04.10 02:01:43.450,0.74933,0.74941,2.70,1.00
2017.04.10 02:01:44.186,0.74933,0.74944,3.00,9.04
2017.04.10 02:01:47.279,0.74933,0.74943,3.37,1.12
2017.04.10 02:01:48.251,0.74933,0.74943,4.80,1.87
2017.04.10 02:01:48.790,0.74933,0.74943,2.25,2.62
2017.04.10 02:01:48.942,0.74932,0.74943,10.80,5.25
2017.04.10 02:01:49.474,0.74934,0.74942,1.12,1.37
2017.04.10 02:01:52.563,0.74934,0.74943,1.00,3.37
2017.04.10 02:01:53.069,0.74934,0.74942,1.00,1.12
2017.04.10 02:01:56.513,0.74933,0.74944,1.12,4.50
2017.04.10 02:01:58.137,0.74933,0.74943,1.72,1.37
2017.04.10 02:01:58.604,0.74933,0.74944,1.12,7.50
2017.04.10 02:02:00.666,0.74934,0.74944,1.50,3.00
2017.04.10 02:02:00.717,0.74937,0.74945,1.00,3.82
2017.04.10 02:02:01.223,0.74937,0.74946,1.00,1.00
2017.04.10 02:02:01.647,0.74935,0.74944,1.12,1.12
2017.04.10 02:02:02.153,0.74935,0.74945,2.25,2.25
2017.04.10 02:02:02.356,0.74935,0.74945,2.25,2.25
2017.04.10 02:02:02.457,0.74937,0.74946,1.00,4.12
2017.04.10 02:02:02.559,0.74938,0.74947,1.00,3.75
2017.04.10 02:02:02.845,0.74936,0.74947,1.00,6.45
2017.04.10 02:02:03.301,0.74938,0.74947,1.00,4.50
2017.04.10 02:02:05.832,0.74937,0.74947,1.12,4.12
2017.04.10 02:02:06.136,0.74939,0.74947,1.00,4.95
2017.04.10 02:02:06.699,0.74939,0.74947,1.00,6.00
2017.04.10 02:02:08.366,0.74939,0.74947,1.00,4.12
2017.04.10 02:02:10.320,0.74939,0.74949,1.00,1.37
2017.04.10 02:02:12.221,0.74938,0.74945,2.70,1.37
2017.04.10 02:02:12.508,0.74934,0.74942,3.37,1.00
2017.04.10 02:02:12.661,0.74936,0.74942,1.50,1.00
2017.04.10 02:02:13.419,0.74936,0.74944,1.12,1.00
2017.04.10 02:02:13.948,0.74936,0.74945,2.85,1.12
2017.04.10 02:02:14.454,0.74936,0.74946,5.70,1.12
2017.04.10 02:02:15.007,0.74936,0.74946,4.57,1.37
2017.04.10 02:02:15.514,0.74936,0.74946,4.72,1.12
2017.04.10 02:02:16.116,0.74936,0.74946,4.20,1.37
2017.04.10 02:02:18.310,0.74936,0.74946,2.70,1.12
2017.04.10 02:02:21.153,0.74937,0.74946,1.12,1.50
2017.04.10 02:02:29.357,0.74938,0.74946,1.00,1.50
2017.04.10 02:02:29.885,0.74937,0.74946,1.12,1.50
2017.04.10 02:02:31.860,0.74938,0.74946,1.00,1.50
2017.04.10 02:02:32.365,0.74937,0.74946,1.12,1.50
2017.04.10 02:02:32.874,0.74937,0.74946,1.12,1.50
2017.04.10 02:02:37.621,0.74937,0.74943,1.12,1.00
2017.04.10 02:02:37.723,0.74935,0.74943,2.32,1.37
2017.04.10 02:02:38.272,0.74935,0.74943,1.12,1.12
2017.04.10 02:02:41.387,0.74935,0.74944,1.12,1.31
2017.04.10 02:02:41.438,0.74937,0.74944,1.00,1.69
2017.04.10 02:02:41.539,0.74938,0.74946,1.00,2.25
2017.04.10 02:02:45.173,0.74939,0.74947,1.00,2.06
2017.04.10 02:02:45.688,0.74939,0.74947,1.00,1.25
2017.04.10 02:02:46.238,0.74939,0.74947,1.00,2.06
2017.04.10 02:02:46.759,0.74939,0.74948,1.00,1.47
2017.04.10 02:02:46.810,0.74941,0.74949,1.00,6.82
2017.04.10 02:02:49.609,0.7494,0.74949,1.00,3.75
2017.04.10 02:02:50.165,0.74941,0.74949,1.00,2.25
2017.04.10 02:02:51.152,0.7494,0.74948,1.00,1.87
2017.04.10 02:02:51.691,0.74939,0.74948,1.12,2.70
2017.04.10 02:02:57.805,0.74939,0.74949,1.12,2.77
2017.04.10 02:03:03.035,0.74939,0.74949,2.25,1.37
2017.04.10 02:03:06.427,0.74939,0.74949,2.25,1.12
2017.04.10 02:03:06.932,0.74939,0.74948,2.25,1.12
2017.04.10 02:03:16.248,0.74939,0.74949,3.00,2.62
2017.04.10 02:03:22.374,0.7494,0.74949,1.30,2.62
2017.04.10 02:03:27.893,0.74939,0.74948,2.85,1.37
2017.04.10 02:03:28.421,0.74939,0.74948,1.50,1.50
2017.04.10 02:03:29.605,0.74939,0.74947,1.50,1.00
2017.04.10 02:03:30.802,0.74939,0.74947,1.50,1.47
2017.04.10 02:03:30.853,0.74938,0.74948,1.00,3.75
2017.04.10 02:03:38.082,0.74936,0.74946,1.87,2.77
2017.04.10 02:03:38.235,0.74935,0.74944,3.45,1.95
2017.04.10 02:03:38.387,0.74934,0.74943,1.57,2.62
2017.04.10 02:03:39.586,0.74934,0.74942,1.00,1.37
2017.04.10 02:03:41.635,0.74934,0.74942,1.00,1.87
2017.04.10 02:03:41.938,0.74933,0.7494,1.87,1.37
2017.04.10 02:03:42.445,0.74931,0.74938,1.57,1.00
2017.04.10 02:03:42.923,0.74928,0.74937,3.75,1.10
2017.04.10 02:03:43.075,0.74928,0.74932,1.00,1.00
2017.04.10 02:03:43.278,0.74921,0.74929,2.92,1.87
2017.04.10 02:03:43.329,0.7492,0.7493,2.70,3.45
2017.04.10 02:03:43.719,0.74921,0.74929,1.50,1.00
2017.04.10 02:03:43.923,0.74923,0.7493,4.12,1.00
2017.04.10 02:03:43.974,0.74923,0.74931,1.95,1.00
2017.04.10 02:03:44.026,0.74923,0.74931,1.45,1.00
2017.04.10 02:03:44.289,0.74926,0.74933,1.20,1.50
2017.04.10 02:03:44.644,0.74924,0.74931,6.00,1.12
2017.04.10 02:03:44.948,0.7492,0.74928,2.25,1.00
2017.04.10 02:03:45.000,0.74918,0.74923,1.57,1.00
2017.04.10 02:03:45.102,0.74916,0.74921,4.20,1.00
2017.04.10 02:03:45.557,0.74916,0.74923,3.37,3.00
2017.04.10 02:03:46.080,0.74915,0.74922,4.87,1.87
2017.04.10 02:03:46.551,0.74913,0.74919,2.32,3.00
2017.04.10 02:03:46.652,0.7491,0.74918,1.57,1.87
2017.04.10 02:03:47.007,0.7491,0.74916,1.12,1.12
2017.04.10 02:03:48.661,0.74908,0.74915,1.47,1.00
2017.04.10 02:03:48.965,0.74906,0.74912,3.00,3.00
2017.04.10 02:03:49.282,0.74907,0.74914,2.47,1.12
2017.04.10 02:03:49.801,0.74908,0.74915,2.47,1.50
2017.04.10 02:03:50.314,0.74906,0.74914,2.62,1.00
2017.04.10 02:03:50.838,0.74907,0.74915,1.37,1.87
2017.04.10 02:03:51.790,0.74907,0.74915,1.37,1.87
2017.04.10 02:03:52.772,0.74907,0.74914,1.37,1.12
2017.04.10 02:03:54.466,0.74906,0.74912,1.37,1.12
2017.04.10 02:03:54.973,0.74909,0.74913,1.12,1.12
2017.04.10 02:03:55.433,0.74909,0.74916,1.12,2.25
2017.04.10 02:03:55.484,0.74911,0.74917,1.00,5.62
2017.04.10 02:03:55.863,0.74911,0.74915,1.00,2.25
2017.04.10 02:03:55.914,0.74906,0.74913,2.62,2.62
2017.04.10 02:03:55.965,0.74907,0.74912,1.00,1.50
2017.04.10 02:03:56.118,0.74907,0.74913,1.37,1.50
2017.04.10 02:03:56.219,0.74908,0.74915,1.00,5.25
2017.04.10 02:03:56.750,0.74909,0.74915,1.00,5.25
2017.04.10 02:03:57.258,0.74907,0.74915,1.87,5.32
2017.04.10 02:03:57.761,0.7491,0.74914,1.00,2.25
2017.04.10 02:03:58.091,0.74909,0.74914,1.00,2.25
2017.04.10 02:03:58.641,0.74909,0.74915,1.00,4.50
2017.04.10 02:03:59.151,0.74909,0.74914,1.00,2.25
2017.04.10 02:03:59.668,0.74909,0.74915,1.00,4.57
2017.04.10 02:04:00.441,0.74909,0.74914,1.00,2.25
2017.04.10 02:04:01.316,0.74909,0.74915,1.00,4.50
2017.04.10 02:04:01.856,0.7491,0.74918,1.00,1.72
2017.04.10 02:04:01.957,0.7491,0.74919,1.00,2.32
2017.04.10 02:04:02.059,0.74913,0.74919,1.00,1.87
2017.04.10 02:04:02.615,0.74914,0.7492,1.00,2.40
2017.04.10 02:04:02.969,0.74914,0.74923,1.12,2.25
2017.04.10 02:04:03.585,0.74915,0.74923,1.00,1.37
2017.04.10 02:04:06.702,0.74917,0.74924,1.00,1.00
2017.04.10 02:04:07.007,0.7492,0.74927,1.00,3.37
2017.04.10 02:04:13.220,0.7492,0.74927,1.00,1.00
2017.04.10 02:04:17.409,0.7492,0.74928,1.00,1.69
2017.04.10 02:04:20.867,0.7492,0.74929,1.00,1.00
2017.04.10 02:04:21.274,0.74924,0.74931,1.00,5.44
2017.04.10 02:04:21.558,0.74922,0.74931,1.00,1.87
2017.04.10 02:04:22.471,0.74922,0.7493,1.00,1.00
2017.04.10 02:04:23.255,0.74922,0.74929,1.00,1.00
2017.04.10 02:04:23.761,0.74922,0.7493,1.00,1.69
2017.04.10 02:04:25.018,0.74922,0.74929,1.00,1.00
2017.04.10 02:04:25.539,0.74922,0.7493,1.00,2.44
2017.04.10 02:04:26.217,0.74922,0.74929,1.00,1.00
2017.04.10 02:04:27.164,0.74921,0.74929,1.00,4.12
2017.04.10 02:04:27.215,0.74921,0.74928,1.00,4.12
2017.04.10 02:04:27.266,0.74919,0.74926,1.00,1.50
2017.04.10 02:04:27.317,0.74917,0.74923,1.50,1.00
2017.04.10 02:04:27.419,0.74915,0.74924,1.00,1.87
2017.04.10 02:04:27.826,0.74919,0.74926,1.00,2.32
2017.04.10 02:04:27.877,0.74919,0.74927,1.00,4.12
2017.04.10 02:04:29.097,0.74919,0.74928,1.00,2.81
2017.04.10 02:04:29.858,0.74921,0.74928,1.00,1.87
2017.04.10 02:04:30.365,0.74921,0.74929,1.00,1.87
2017.04.10 02:04:30.869,0.74922,0.74929,1.00,3.00
2017.04.10 02:04:31.401,0.74922,0.74929,1.00,1.87
2017.04.10 02:04:32.891,0.74922,0.7493,1.00,1.87
2017.04.10 02:04:44.821,0.74923,0.7493,1.00,1.50
2017.04.10 02:04:47.570,0.74921,0.74929,1.00,1.12
2017.04.10 02:04:48.104,0.74921,0.74928,1.00,1.00
2017.04.10 02:04:48.256,0.74921,0.7493,1.00,4.57
2017.04.10 02:04:48.387,0.7492,0.74925,1.00,1.00
2017.04.10 02:04:48.438,0.74918,0.74927,2.25,1.12
2017.04.10 02:04:48.539,0.74917,0.74925,1.12,1.12
2017.04.10 02:04:49.046,0.74918,0.74925,1.00,1.12
2017.04.10 02:04:49.147,0.74916,0.74925,1.50,1.12
2017.04.10 02:04:49.198,0.74918,0.74925,1.00,1.50
2017.04.10 02:04:49.401,0.74916,0.74925,2.32,1.50
2017.04.10 02:04:50.052,0.74916,0.74926,3.45,2.25
2017.04.10 02:04:50.557,0.74916,0.74927,2.32,6.45
2017.04.10 02:04:55.359,0.74916,0.74923,1.57,3.37
2017.04.10 02:04:55.562,0.74911,0.74919,2.25,1.00
2017.04.10 02:04:55.765,0.74909,0.74918,1.50,1.12
2017.04.10 02:04:56.271,0.74909,0.74917,1.00,1.00
2017.04.10 02:04:57.336,0.74909,0.74918,3.00,1.10
2017.04.10 02:04:58.397,0.74909,0.74917,1.12,1.87
2017.04.10 02:05:00.767,0.74908,0.74917,1.37,3.07
2017.04.10 02:05:01.269,0.74908,0.74917,1.37,3.07
2017.04.10 02:05:05.915,0.74908,0.74917,1.12,3.07
2017.04.10 02:05:06.016,0.74908,0.74917,2.62,2.25
2017.04.10 02:05:07.260,0.74908,0.74916,1.87,1.00
2017.04.10 02:05:07.312,0.74908,0.74916,3.37,1.00
2017.04.10 02:05:07.818,0.74908,0.74917,3.37,3.00
2017.04.10 02:05:08.302,0.74908,0.74917,3.75,3.00
2017.04.10 02:05:08.505,0.74908,0.74917,5.25,2.70
2017.04.10 02:05:09.012,0.74908,0.74916,3.75,1.50
2017.04.10 02:05:09.560,0.74908,0.74916,1.50,1.00
2017.04.10 02:05:09.997,0.74907,0.74913,3.00,1.12
2017.04.10 02:05:10.302,0.74905,0.74909,1.12,1.00
2017.04.10 02:05:10.353,0.74903,0.74908,1.00,1.00
2017.04.10 02:05:10.404,0.74901,0.74909,2.25,3.00
2017.04.10 02:05:11.033,0.74902,0.74908,1.00,1.50
2017.04.10 02:05:11.186,0.749,0.74908,0.10,1.87
2017.04.10 02:05:11.691,0.74899,0.74908,2.25,1.87
2017.04.10 02:05:12.818,0.74899,0.74908,3.37,1.12
2017.04.10 02:05:13.324,0.749,0.74907,1.00,1.00
2017.04.10 02:05:13.853,0.74899,0.74907,2.25,1.00
2017.04.10 02:05:14.389,0.74898,0.74906,2.62,1.37
2017.04.10 02:05:14.904,0.74897,0.74906,1.12,1.87
2017.04.10 02:05:16.749,0.74897,0.74906,3.37,1.50
2017.04.10 02:05:17.269,0.74898,0.74906,1.50,1.00
2017.04.10 02:05:17.779,0.74898,0.74906,3.94,1.00
2017.04.10 02:05:18.286,0.74897,0.74905,5.06,1.00
2017.04.10 02:05:18.792,0.74897,0.74906,6.19,1.00
2017.04.10 02:05:19.546,0.74897,0.74905,5.06,1.00
2017.04.10 02:05:22.204,0.74898,0.74905,1.25,1.00
2017.04.10 02:05:22.826,0.74899,0.74905,1.00,1.00
2017.04.10 02:05:22.978,0.74897,0.74905,1.87,1.00
2017.04.10 02:05:23.030,0.74896,0.74902,1.50,1.00
2017.04.10 02:05:23.334,0.74891,0.74898,1.20,1.12
2017.04.10 02:05:23.811,0.74889,0.74896,1.00,1.00
2017.04.10 02:05:24.319,0.74889,0.74897,1.50,1.00
2017.04.10 02:05:25.332,0.74889,0.74898,2.32,1.50
2017.04.10 02:05:25.959,0.74889,0.74897,2.25,1.00
2017.04.10 02:05:26.264,0.74889,0.74894,1.00,1.69
2017.04.10 02:05:26.569,0.74896,0.74902,1.00,1.50
2017.04.10 02:05:26.671,0.74897,0.74904,1.50,1.87
2017.04.10 02:05:26.722,0.749,0.74905,1.00,1.00
2017.04.10 02:05:27.027,0.749,0.74907,1.50,1.00
2017.04.10 02:05:27.546,0.749,0.74908,1.37,1.12
2017.04.10 02:05:27.597,0.74899,0.74908,1.87,1.12
2017.04.10 02:05:27.920,0.74899,0.74906,1.00,1.00
2017.04.10 02:05:28.428,0.74898,0.74906,3.37,1.00
2017.04.10 02:05:28.730,0.74898,0.74904,1.00,3.75
2017.04.10 02:05:28.933,0.74894,0.74902,1.57,6.00
2017.04.10 02:05:29.035,0.74892,0.74899,3.00,2.25
2017.04.10 02:05:29.136,0.74891,0.74899,2.32,2.25
2017.04.10 02:05:29.669,0.74891,0.74898,1.00,1.00
2017.04.10 02:05:29.923,0.74889,0.74898,1.00,1.00
2017.04.10 02:05:31.930,0.7489,0.74898,1.12,1.00
2017.04.10 02:05:33.042,0.74889,0.74898,1.12,1.00
2017.04.10 02:05:33.563,0.74889,0.74898,1.87,1.00
2017.04.10 02:05:35.878,0.74888,0.74897,3.82,1.00
2017.04.10 02:05:36.400,0.74889,0.74896,1.00,1.50
2017.04.10 02:05:37.813,0.74891,0.74897,1.00,5.44
2017.04.10 02:05:38.626,0.74891,0.74896,1.00,1.00
2017.04.10 02:05:39.014,0.74889,0.74897,1.00,5.51
2017.04.10 02:05:39.066,0.74891,0.74895,1.00,3.75
2017.04.10 02:05:39.116,0.74889,0.74895,1.00,3.75
2017.04.10 02:05:39.622,0.74889,0.74896,1.00,3.75
2017.04.10 02:05:40.170,0.74887,0.74896,2.25,4.50
2017.04.10 02:05:42.575,0.74887,0.74896,4.50,4.50
2017.04.10 02:05:44.865,0.74887,0.74894,1.00,3.75
2017.04.10 02:05:45.371,0.74885,0.74893,1.87,1.00
2017.04.10 02:05:45.905,0.74885,0.74893,3.00,1.00
2017.04.10 02:05:46.411,0.74885,0.74894,3.00,4.50
2017.04.10 02:05:47.580,0.74885,0.74893,1.50,1.00
2017.04.10 02:05:48.090,0.74884,0.74893,8.62,1.00
2017.04.10 02:05:49.043,0.74885,0.74893,1.00,1.00
2017.04.10 02:05:49.550,0.74884,0.74894,9.00,5.25
2017.04.10 02:05:51.985,0.74886,0.74894,1.00,6.75
2017.04.10 02:05:52.036,0.74884,0.74894,3.37,4.50
2017.04.10 02:05:52.239,0.7489,0.74894,1.00,4.50
2017.04.10 02:05:52.756,0.74887,0.74893,1.12,3.75
2017.04.10 02:05:52.857,0.74889,0.74894,1.00,1.12
2017.04.10 02:05:52.959,0.74886,0.74894,1.00,7.50
2017.04.10 02:05:53.483,0.74885,0.74894,2.25,6.00
2017.04.10 02:05:54.009,0.74885,0.74893,1.00,1.12
2017.04.10 02:05:55.435,0.74885,0.74891,1.50,1.87
2017.04.10 02:05:55.739,0.74879,0.74885,1.00,1.00
2017.04.10 02:05:56.651,0.74878,0.74885,3.00,1.00
2017.04.10 02:05:56.996,0.7488,0.74887,1.12,2.44
2017.04.10 02:05:57.282,0.74881,0.74889,1.12,2.51
2017.04.10 02:05:57.434,0.74884,0.7489,1.72,4.57
2017.04.10 02:05:57.587,0.74887,0.74894,1.10,1.87
2017.04.10 02:05:57.739,0.74888,0.74896,3.75,1.01
2017.04.10 02:05:57.891,0.74889,0.74897,1.12,6.94
2017.04.10 02:05:58.398,0.74887,0.74896,4.12,3.00
2017.04.10 02:05:58.449,0.74885,0.74889,6.45,1.00
2017.04.10 02:05:58.759,0.74882,0.74886,2.62,3.19
2017.04.10 02:05:58.911,0.74877,0.74886,2.25,2.44
2017.04.10 02:05:59.265,0.74878,0.74884,1.00,2.25
2017.04.10 02:05:59.317,0.74875,0.74884,1.00,3.45
2017.04.10 02:05:59.419,0.74873,0.74881,1.00,1.00
2017.04.10 02:05:59.470,0.74873,0.74883,1.00,3.19
2017.04.10 02:05:59.757,0.74871,0.74883,6.00,3.19
2017.04.10 02:06:00.264,0.74871,0.74882,6.75,1.00
2017.04.10 02:06:00.885,0.74871,0.74883,5.25,3.19
2017.04.10 02:06:00.936,0.74873,0.74883,1.00,2.06
2017.04.10 02:06:01.342,0.74871,0.74875,1.95,4.12
2017.04.10 02:06:01.393,0.7487,0.74876,2.70,6.00
2017.04.10 02:06:01.444,0.7487,0.74875,1.50,2.06
2017.04.10 02:06:01.495,0.74868,0.74875,1.12,1.25
2017.04.10 02:06:01.547,0.74866,0.74874,2.24,3.75
2017.04.10 02:06:01.750,0.74866,0.74876,1.12,3.94
2017.04.10 02:06:03.351,0.74867,0.74874,1.00,5.25
2017.04.10 02:06:03.901,0.74867,0.74875,1.12,1.12
2017.04.10 02:06:04.444,0.74867,0.74876,3.74,1.25
2017.04.10 02:06:04.960,0.74867,0.74878,3.00,2.44
2017.04.10 02:06:05.265,0.74866,0.74876,2.32,4.01
2017.04.10 02:06:05.619,0.74865,0.74873,3.75,1.00
2017.04.10 02:06:05.928,0.74858,0.74864,1.00,1.50
2017.04.10 02:06:06.082,0.74855,0.74864,1.00,2.44
2017.04.10 02:06:06.235,0.74858,0.74865,3.00,1.00
2017.04.10 02:06:06.590,0.7486,0.74866,2.25,1.50
2017.04.10 02:06:06.743,0.7486,0.74868,2.25,2.51
2017.04.10 02:06:06.847,0.74863,0.74868,3.45,1.50
2017.04.10 02:06:07.152,0.7487,0.74875,2.62,1.12
2017.04.10 02:06:07.331,0.74872,0.74878,2.62,1.12
2017.04.10 02:06:07.836,0.74872,0.74878,3.37,1.12
2017.04.10 02:06:08.672,0.74874,0.74882,5.25,1.17
2017.04.10 02:06:08.825,0.74876,0.74883,1.00,5.51
2017.04.10 02:06:08.927,0.74874,0.74882,2.62,2.25
2017.04.10 02:06:09.130,0.74872,0.74881,4.87,2.25
2017.04.10 02:06:09.738,0.74873,0.7488,1.00,1.00
2017.04.10 02:06:10.295,0.74873,0.74881,1.12,4.12
2017.04.10 02:06:10.697,0.74873,0.7488,1.00,1.62
2017.04.10 02:06:11.406,0.74873,0.74882,1.00,3.07
2017.04.10 02:06:11.863,0.74875,0.74882,3.00,1.37
2017.04.10 02:06:11.964,0.74876,0.74883,2.62,1.00
2017.04.10 02:06:12.066,0.74877,0.74885,3.37,2.47
2017.04.10 02:06:12.271,0.74876,0.74885,5.62,2.25
2017.04.10 02:06:12.778,0.74876,0.74886,4.12,1.87
2017.04.10 02:06:13.284,0.74877,0.74885,1.37,1.50
2017.04.10 02:06:13.713,0.74879,0.74885,1.00,1.12
2017.04.10 02:06:14.018,0.74876,0.74886,1.87,1.75
2017.04.10 02:06:14.552,0.74875,0.74885,1.12,1.50
2017.04.10 02:06:15.715,0.74876,0.74884,1.00,1.00
2017.04.10 02:06:15.817,0.74874,0.74883,1.87,1.12
2017.04.10 02:06:15.869,0.74874,0.74882,1.00,1.37
2017.04.10 02:06:16.021,0.74872,0.74882,1.12,1.50
2017.04.10 02:06:16.173,0.74874,0.74883,1.00,3.00
2017.04.10 02:06:16.701,0.74873,0.74882,2.25,1.50
2017.04.10 02:06:17.023,0.74873,0.74881,3.00,1.37
2017.04.10 02:06:17.546,0.74873,0.74882,3.37,1.37
2017.04.10 02:06:18.394,0.74873,0.74883,3.37,2.62
2017.04.10 02:06:18.899,0.74876,0.74882,1.00,1.37
2017.04.10 02:06:18.950,0.74873,0.74884,3.37,4.31
2017.04.10 02:06:19.001,0.74875,0.74884,1.00,4.31
2017.04.10 02:06:19.204,0.74877,0.74886,1.00,1.47
2017.04.10 02:06:23.697,0.74877,0.74885,1.00,2.25
2017.04.10 02:06:24.214,0.74877,0.74885,1.00,1.12
2017.04.10 02:06:25.417,0.74878,0.74885,1.00,1.12
2017.04.10 02:06:25.923,0.74879,0.74888,1.00,2.70
2017.04.10 02:06:26.126,0.74879,0.74888,1.12,1.87
2017.04.10 02:06:27.153,0.7488,0.74888,1.00,2.25
2017.04.10 02:06:27.755,0.74882,0.74888,1.00,1.50
2017.04.10 02:06:27.857,0.7488,0.74888,1.50,1.00
2017.04.10 02:06:29.536,0.74883,0.7489,1.00,1.75
2017.04.10 02:06:29.637,0.74882,0.74891,1.87,1.87
2017.04.10 02:06:30.143,0.74881,0.7489,1.12,2.25
2017.04.10 02:06:30.599,0.74882,0.7489,1.00,3.37
2017.04.10 02:06:33.038,0.74881,0.74889,1.50,3.19
2017.04.10 02:06:38.199,0.74881,0.74889,1.00,1.69
2017.04.10 02:06:38.706,0.74881,0.74889,1.87,1.25
2017.04.10 02:06:39.086,0.7488,0.74889,1.87,1.25
2017.04.10 02:06:39.232,0.74882,0.74889,1.00,1.25
2017.04.10 02:06:39.636,0.74886,0.7489,1.00,1.00
2017.04.10 02:06:39.688,0.74885,0.7489,1.00,1.00
2017.04.10 02:06:39.942,0.74883,0.74892,2.70,1.87
2017.04.10 02:06:40.398,0.74886,0.74893,1.00,3.19
2017.04.10 02:06:41.419,0.74888,0.74893,1.00,2.06
2017.04.10 02:06:41.520,0.74888,0.74895,1.00,3.26
2017.04.10 02:06:43.660,0.74886,0.74894,1.00,1.12
2017.04.10 02:06:43.812,0.74884,0.74892,2.62,1.00
2017.04.10 02:06:44.317,0.74884,0.74892,1.00,1.37
2017.04.10 02:06:44.753,0.74886,0.74893,1.12,1.37
2017.04.10 02:06:45.057,0.74888,0.74894,1.00,1.31
2017.04.10 02:06:50.845,0.7489,0.74894,1.00,1.25
2017.04.10 02:06:51.999,0.74886,0.74894,1.87,1.31
2017.04.10 02:06:52.050,0.74885,0.74894,2.32,2.22
2017.04.10 02:06:52.152,0.74884,0.74892,1.12,2.06
2017.04.10 02:06:52.658,0.74885,0.74892,1.00,1.25
2017.04.10 02:06:52.760,0.74883,0.74892,2.25,2.06
2017.04.10 02:06:52.913,0.74885,0.74892,1.00,1.25
2017.04.10 02:06:53.217,0.74887,0.74892,1.00,1.25
2017.04.10 02:06:53.335,0.74887,0.74894,1.00,1.31
2017.04.10 02:06:54.636,0.74888,0.74894,1.00,1.31
2017.04.10 02:06:54.738,0.74888,0.74896,1.00,1.69
2017.04.10 02:06:55.144,0.7489,0.74896,1.00,1.25
2017.04.10 02:06:55.296,0.74888,0.74896,1.00,1.31
2017.04.10 02:06:56.160,0.74889,0.74896,1.00,1.31
2017.04.10 02:06:56.823,0.74889,0.74896,1.00,1.62
2017.04.10 02:06:58.649,0.74886,0.74896,1.00,4.69
2017.04.10 02:06:59.120,0.74886,0.74894,1.00,1.37
2017.04.10 02:07:01.608,0.74887,0.74895,1.00,2.44
2017.04.10 02:07:03.510,0.74887,0.74895,1.00,1.31
2017.04.10 02:07:03.815,0.74889,0.74895,1.00,1.25
2017.04.10 02:07:04.760,0.74889,0.74897,1.00,1.69
2017.04.10 02:07:06.093,0.74889,0.74897,1.00,2.81
2017.04.10 02:07:07.620,0.74889,0.74897,1.00,2.81
2017.04.10 02:07:12.591,0.74889,0.74897,1.00,2.44
2017.04.10 02:07:14.692,0.74887,0.74896,1.00,1.50
2017.04.10 02:07:14.843,0.74887,0.74895,1.00,1.37
2017.04.10 02:07:16.794,0.74887,0.74895,1.00,1.69
2017.04.10 02:07:17.721,0.74888,0.74895,1.00,1.25
2017.04.10 02:07:23.786,0.74888,0.74897,1.12,2.81
2017.04.10 02:07:24.351,0.74888,0.74897,1.00,2.81
2017.04.10 02:07:26.531,0.74889,0.74897,1.00,2.44
2017.04.10 02:07:27.110,0.74889,0.74897,1.37,1.25
2017.04.10 02:07:32.895,0.74889,0.74897,1.12,1.25
2017.04.10 02:07:33.149,0.74887,0.74894,1.00,1.69
2017.04.10 02:07:33.377,0.74885,0.74894,1.50,2.81
2017.04.10 02:07:33.429,0.74887,0.74894,1.00,1.31
2017.04.10 02:07:37.420,0.74884,0.74891,1.37,2.25
2017.04.10 02:07:37.522,0.74883,0.74891,1.00,2.62
2017.04.10 02:07:38.023,0.74882,0.7489,1.00,1.57
2017.04.10 02:07:39.340,0.74882,0.74889,1.00,1.25
2017.04.10 02:07:40.619,0.74881,0.74889,1.12,2.44
2017.04.10 02:07:41.043,0.7488,0.74887,1.12,1.25
2017.04.10 02:07:41.112,0.74878,0.74886,1.12,1.50
2017.04.10 02:07:41.266,0.74877,0.74884,1.00,1.25
2017.04.10 02:07:41.317,0.74874,0.74883,1.57,1.00
2017.04.10 02:07:41.419,0.74872,0.7488,1.47,1.31
2017.04.10 02:07:41.521,0.74872,0.7488,1.00,2.81
2017.04.10 02:07:41.624,0.7487,0.7488,2.25,3.19
2017.04.10 02:07:42.218,0.7487,0.7488,3.37,2.44
2017.04.10 02:07:42.761,0.74873,0.7488,1.00,1.25
2017.04.10 02:07:43.396,0.7487,0.74878,3.82,1.00
2017.04.10 02:07:43.902,0.7487,0.74878,2.62,1.00
2017.04.10 02:07:44.408,0.74869,0.74878,1.12,1.00
2017.04.10 02:07:45.827,0.74867,0.74877,4.12,1.00
2017.04.10 02:07:51.514,0.74867,0.74875,1.87,1.00
2017.04.10 02:07:52.021,0.74868,0.74875,1.12,1.00
2017.04.10 02:07:52.275,0.74869,0.74877,2.62,1.00
2017.04.10 02:07:52.824,0.74869,0.74877,2.62,1.00
2017.04.10 02:07:55.473,0.74874,0.74878,1.50,1.00
2017.04.10 02:07:55.524,0.74877,0.74884,1.87,1.37
2017.04.10 02:07:55.627,0.74878,0.74887,3.00,1.69
2017.04.10 02:07:58.859,0.74878,0.74887,3.00,1.69
2017.04.10 02:08:00.693,0.74878,0.74887,1.12,1.69
2017.04.10 02:08:02.132,0.74877,0.74885,5.70,1.00
2017.04.10 02:08:06.752,0.74878,0.74886,1.12,1.00
2017.04.10 02:08:07.060,0.74879,0.74886,2.62,1.00
2017.04.10 02:08:07.646,0.74879,0.74887,1.12,1.69
2017.04.10 02:08:09.152,0.7488,0.74887,1.00,1.69
2017.04.10 02:08:10.365,0.74879,0.74887,2.25,1.69
2017.04.10 02:08:14.406,0.74878,0.74887,2.62,1.00
2017.04.10 02:08:15.107,0.74878,0.74886,2.62,1.00
2017.04.10 02:08:15.605,0.74877,0.74884,4.50,1.00
2017.04.10 02:08:15.707,0.74875,0.74884,1.20,1.00
2017.04.10 02:08:19.325,0.74874,0.74883,2.62,1.00
2017.04.10 02:08:19.951,0.74873,0.74883,1.00,1.50
2017.04.10 02:08:20.456,0.74872,0.74883,3.00,1.00
2017.04.10 02:08:21.419,0.74873,0.74883,2.25,1.00
2017.04.10 02:08:24.856,0.74872,0.74883,6.75,3.75
2017.04.10 02:08:24.907,0.74874,0.74883,1.00,3.75
2017.04.10 02:08:25.413,0.74874,0.74883,1.87,3.75
2017.04.10 02:08:26.918,0.74874,0.74883,1.87,3.00
2017.04.10 02:08:29.370,0.74874,0.74882,1.37,1.00
2017.04.10 02:08:29.421,0.74873,0.74882,1.12,1.00
2017.04.10 02:08:31.138,0.74869,0.74873,6.52,1.00
2017.04.10 02:08:31.189,0.7487,0.74875,1.95,1.25
2017.04.10 02:08:31.291,0.74866,0.74872,6.15,1.87
2017.04.10 02:08:31.392,0.74863,0.74871,1.50,2.62
2017.04.10 02:08:31.443,0.74863,0.74869,1.00,1.87
2017.04.10 02:08:31.595,0.74861,0.74868,1.00,1.95
2017.04.10 02:08:31.697,0.74858,0.74867,2.47,1.31
2017.04.10 02:08:31.950,0.74858,0.74867,1.00,2.89
2017.04.10 02:08:32.103,0.74859,0.74867,1.12,1.31
2017.04.10 02:08:32.540,0.74863,0.74871,1.37,1.50
2017.04.10 02:08:32.641,0.74861,0.74872,3.37,2.81
2017.04.10 02:08:33.148,0.74862,0.7487,1.00,1.00
2017.04.10 02:08:34.124,0.74861,0.7487,2.70,1.00
2017.04.10 02:08:34.541,0.74859,0.74868,3.75,1.00
2017.04.10 02:08:34.896,0.7486,0.74866,1.87,1.00
2017.04.10 02:08:35.452,0.74859,0.74868,2.62,2.25
2017.04.10 02:08:35.503,0.74859,0.74866,2.25,1.00
2017.04.10 02:08:35.909,0.74856,0.74864,1.87,3.37
2017.04.10 02:08:41.454,0.74858,0.74864,1.00,1.00
2017.04.10 02:08:41.707,0.74858,0.74867,1.50,1.00
2017.04.10 02:08:42.049,0.74858,0.74868,5.25,2.06
2017.04.10 02:08:42.961,0.74861,0.74868,1.00,1.31
2017.04.10 02:08:46.050,0.74861,0.7487,1.00,5.44
2017.04.10 02:08:46.587,0.74861,0.74869,1.10,3.19
2017.04.10 02:08:47.161,0.74859,0.74868,1.50,1.00
2017.04.10 02:08:47.313,0.74859,0.74866,1.00,1.00
2017.04.10 02:08:51.124,0.74858,0.74866,2.62,1.00
2017.04.10 02:08:51.849,0.74858,0.74864,1.87,1.00
2017.04.10 02:08:52.002,0.74857,0.74867,1.00,4.50
2017.04.10 02:08:52.104,0.74858,0.74869,1.50,5.51
2017.04.10 02:08:52.276,0.74858,0.74869,5.77,4.20
2017.04.10 02:08:52.944,0.74858,0.74869,6.60,3.75
2017.04.10 02:08:53.045,0.74858,0.74869,4.87,3.75
2017.04.10 02:08:53.411,0.74858,0.74869,7.12,3.37
2017.04.10 02:08:55.250,0.74858,0.74867,6.60,1.00
2017.04.10 02:08:56.097,0.7486,0.74869,1.12,3.00
2017.04.10 02:08:59.387,0.74861,0.74869,1.00,2.25
2017.04.10 02:08:59.438,0.74861,0.7487,1.00,3.00
2017.04.10 02:09:00.219,0.74862,0.74871,1.00,3.45
2017.04.10 02:09:00.690,0.74863,0.74872,1.00,3.75
2017.04.10 02:09:01.095,0.74865,0.74873,1.00,3.00
2017.04.10 02:09:01.400,0.74871,0.74876,1.00,1.00
2017.04.10 02:09:01.553,0.74871,0.74878,1.00,3.00
2017.04.10 02:09:02.342,0.74869,0.74878,1.00,3.00
2017.04.10 02:09:02.885,0.7487,0.74878,1.00,3.37
2017.04.10 02:09:03.239,0.74872,0.74879,1.00,1.00
2017.04.10 02:09:03.492,0.74872,0.74881,1.00,6.11
2017.04.10 02:09:04.339,0.74872,0.7488,1.00,1.50
2017.04.10 02:09:05.491,0.74872,0.74878,1.00,1.00
2017.04.10 02:09:05.695,0.74866,0.74874,1.50,1.37
2017.04.10 02:09:05.797,0.74866,0.74876,1.50,5.51
2017.04.10 02:09:05.898,0.74869,0.74876,1.00,2.66
2017.04.10 02:09:06.681,0.74871,0.74876,1.00,1.00
2017.04.10 02:09:07.862,0.74871,0.74878,1.00,3.82
2017.04.10 02:09:08.491,0.74871,0.74878,1.00,1.95
2017.04.10 02:09:09.391,0.7487,0.74878,1.00,4.57
2017.04.10 02:09:09.932,0.7487,0.74877,1.00,2.62
2017.04.10 02:09:11.711,0.7487,0.74878,1.00,1.12
2017.04.10 02:09:12.263,0.7487,0.74879,1.00,2.29
2017.04.10 02:09:13.650,0.7487,0.74878,1.10,1.50
2017.04.10 02:09:14.924,0.7487,0.74879,1.00,3.26
2017.04.10 02:09:16.518,0.7487,0.74879,1.07,1.31
2017.04.10 02:09:16.862,0.74868,0.74876,2.25,3.60
2017.04.10 02:09:17.166,0.74862,0.74871,1.47,2.25
2017.04.10 02:09:17.698,0.74862,0.7487,1.00,1.00
2017.04.10 02:09:18.029,0.7486,0.74869,1.00,1.35
2017.04.10 02:09:18.535,0.74859,0.74868,3.07,1.00
2017.04.10 02:09:18.917,0.74859,0.74866,2.25,1.60
2017.04.10 02:09:19.121,0.74856,0.74865,2.62,4.87
2017.04.10 02:09:19.323,0.74855,0.74865,1.12,3.00
2017.04.10 02:09:19.829,0.74855,0.74864,1.00,1.00
2017.04.10 02:09:20.734,0.74853,0.7486,2.25,1.72
2017.04.10 02:09:20.969,0.7485,0.74858,5.40,1.00
2017.04.10 02:09:21.425,0.74851,0.7486,2.32,1.95
2017.04.10 02:09:21.629,0.74859,0.74866,1.50,3.00
2017.04.10 02:09:22.135,0.74858,0.74867,1.12,1.12
2017.04.10 02:09:22.439,0.74856,0.74867,1.95,11.44
2017.04.10 02:09:22.750,0.74854,0.74859,1.12,2.25
2017.04.10 02:09:22.852,0.74852,0.74857,1.25,1.00
2017.04.10 02:09:22.903,0.74851,0.74859,1.50,2.62
2017.04.10 02:09:23.156,0.74853,0.7486,1.69,2.62
2017.04.10 02:09:23.207,0.74853,0.74862,1.25,1.87
2017.04.10 02:09:23.629,0.74853,0.74864,9.19,4.20
2017.04.10 02:09:23.680,0.74856,0.74864,1.25,3.75
2017.04.10 02:09:24.114,0.74851,0.74855,1.00,1.50
2017.04.10 02:09:24.418,0.74846,0.74855,1.69,1.00
2017.04.10 02:09:24.469,0.74845,0.74855,5.70,1.00
2017.04.10 02:09:25.293,0.74848,0.74857,1.00,1.75
2017.04.10 02:09:25.812,0.74847,0.74855,1.00,1.00
2017.04.10 02:09:26.208,0.74848,0.74857,1.00,1.31
2017.04.10 02:09:27.117,0.74848,0.74858,1.00,1.57
2017.04.10 02:09:27.168,0.74848,0.74858,1.50,2.62
2017.04.10 02:09:27.677,0.74849,0.74858,1.12,1.87
2017.04.10 02:09:28.060,0.74849,0.74858,1.12,1.87
2017.04.10 02:09:29.244,0.7485,0.74859,1.50,1.37
2017.04.10 02:09:30.564,0.7485,0.74859,1.50,1.12
2017.04.10 02:09:34.423,0.7485,0.74858,1.00,1.12
2017.04.10 02:09:34.929,0.7485,0.74859,1.00,4.87
2017.04.10 02:09:36.282,0.74848,0.74858,1.50,3.00
2017.04.10 02:09:36.383,0.74847,0.74858,2.06,4.87
2017.04.10 02:09:36.959,0.74847,0.74857,1.00,1.37
2017.04.10 02:09:37.409,0.74845,0.74855,1.00,3.37
2017.04.10 02:09:37.915,0.74844,0.74854,6.56,1.37
2017.04.10 02:09:39.870,0.74845,0.74854,1.00,1.37
2017.04.10 02:09:40.325,0.74846,0.74855,1.12,1.57
2017.04.10 02:09:43.018,0.74845,0.74851,1.87,2.25
2017.04.10 02:09:43.272,0.74839,0.74845,1.12,1.12
2017.04.10 02:09:43.324,0.74838,0.74845,1.12,2.62
2017.04.10 02:09:43.631,0.74825,0.74832,1.69,1.37
2017.04.10 02:09:43.930,0.74824,0.74833,3.19,2.25
2017.04.10 02:09:43.981,0.74825,0.74835,2.70,4.50
2017.04.10 02:09:44.488,0.74826,0.74835,1.69,2.32
2017.04.10 02:09:45.002,0.74826,0.74835,1.69,3.90
2017.04.10 02:09:45.510,0.74826,0.74835,1.69,1.87
2017.04.10 02:09:46.165,0.74826,0.74834,2.06,1.12
2017.04.10 02:09:46.469,0.74827,0.74836,2.06,3.75
2017.04.10 02:09:46.521,0.74827,0.74836,1.69,2.62
2017.04.10 02:09:47.041,0.74828,0.74836,1.87,2.62
2017.04.10 02:09:47.715,0.74827,0.74836,2.25,1.00
2017.04.10 02:09:48.217,0.74827,0.74837,3.00,1.50
2017.04.10 02:09:48.841,0.74828,0.74837,1.12,2.62
2017.04.10 02:09:49.995,0.74828,0.74836,1.00,1.00
2017.04.10 02:09:50.365,0.74832,0.74837,1.50,1.57
2017.04.10 02:09:50.671,0.74838,0.74845,1.37,1.50
2017.04.10 02:09:50.976,0.74838,0.74843,1.37,1.00
2017.04.10 02:09:51.027,0.74837,0.74843,1.50,1.00
2017.04.10 02:09:51.534,0.74835,0.74843,1.37,1.00
2017.04.10 02:09:51.687,0.74834,0.74844,4.12,1.12
2017.04.10 02:09:52.218,0.74835,0.74845,3.00,2.02
2017.04.10 02:09:52.734,0.74836,0.74846,1.50,1.87
2017.04.10 02:09:53.260,0.74837,0.74846,1.50,1.50
2017.04.10 02:09:53.565,0.74835,0.74843,3.19,1.00
2017.04.10 02:09:53.938,0.74832,0.74836,1.81,1.50
2017.04.10 02:09:54.136,0.74824,0.74833,1.00,6.07
2017.04.10 02:09:54.339,0.74824,0.74833,1.12,5.25
2017.04.10 02:09:55.152,0.74824,0.74833,1.00,2.32
2017.04.10 02:09:55.662,0.74824,0.74831,5.62,1.00
2017.04.10 02:09:55.941,0.74823,0.74828,2.02,1.00
2017.04.10 02:09:56.143,0.74824,0.74831,1.50,1.00
2017.04.10 02:09:57.134,0.74825,0.74831,1.00,1.00
2017.04.10 02:09:58.054,0.74825,0.74831,1.00,1.47
2017.04.10 02:09:58.105,0.74823,0.74831,1.00,1.37
2017.04.10 02:09:58.260,0.74824,0.7483,5.25,2.62
2017.04.10 02:09:58.363,0.74824,0.74832,5.25,1.12
2017.04.10 02:09:58.414,0.74824,0.74829,1.87,1.87
2017.04.10 02:09:58.465,0.74824,0.74828,1.12,1.00
2017.04.10 02:09:58.517,0.74821,0.74827,2.25,1.00
2017.04.10 02:09:58.568,0.74819,0.74826,1.12,1.87
2017.04.10 02:09:58.873,0.74817,0.74823,1.25,1.00
2017.04.10 02:09:59.076,0.74818,0.74826,1.00,1.00
2017.04.10 02:09:59.651,0.74816,0.74823,1.95,1.00
2017.04.10 02:09:59.753,0.74815,0.74824,1.57,1.87
2017.04.10 02:09:59.956,0.74815,0.74824,1.87,1.00
2017.04.10 02:10:00.007,0.74818,0.74824,1.00,1.00
2017.04.10 02:10:00.312,0.74821,0.74828,2.44,1.00
2017.04.10 02:10:00.464,0.74821,0.74831,2.44,1.37
2017.04.10 02:10:00.718,0.74822,0.74831,2.70,1.50
2017.04.10 02:10:01.031,0.74821,0.74831,5.14,1.00
2017.04.10 02:10:01.285,0.74821,0.7483,1.69,1.37
2017.04.10 02:10:01.488,0.74821,0.74831,1.25,1.50
2017.04.10 02:10:01.993,0.74821,0.7483,1.25,1.00
2017.04.10 02:10:02.651,0.74821,0.7483,1.39,1.00
2017.04.10 02:10:03.005,0.74821,0.7483,1.01,1.00
2017.04.10 02:10:03.228,0.7482,0.74829,1.20,1.95
2017.04.10 02:10:03.321,0.74817,0.74826,1.69,1.00
2017.04.10 02:10:03.524,0.74819,0.74827,1.00,3.75
2017.04.10 02:10:03.828,0.74817,0.74826,3.71,1.10
2017.04.10 02:10:04.031,0.74823,0.74827,3.19,1.49
2017.04.10 02:10:04.183,0.74824,0.7483,2.25,1.00
2017.04.10 02:10:04.234,0.74824,0.74833,3.19,3.45
2017.04.10 02:10:04.285,0.74826,0.74832,1.00,1.50
2017.04.10 02:10:04.589,0.74824,0.7483,1.69,1.00
2017.04.10 02:10:05.072,0.74824,0.74832,1.25,1.00
2017.04.10 02:10:05.376,0.74823,0.7483,1.25,1.00
2017.04.10 02:10:05.427,0.74821,0.7483,2.81,1.00
2017.04.10 02:10:06.060,0.74821,0.74829,1.31,7.20
2017.04.10 02:10:06.618,0.74823,0.74829,1.00,1.00
2017.04.10 02:10:06.925,0.74828,0.74833,1.00,1.00
2017.04.10 02:10:07.493,0.74827,0.74833,1.00,1.00
2017.04.10 02:10:09.034,0.74827,0.74834,1.00,1.00
2017.04.10 02:10:10.859,0.74828,0.74834,1.25,1.00
2017.04.10 02:10:11.340,0.74828,0.74837,1.00,2.62
2017.04.10 02:10:11.854,0.74828,0.74837,1.00,1.87
2017.04.10 02:10:13.545,0.74828,0.74836,1.12,1.00
2017.04.10 02:10:14.728,0.74829,0.74836,1.00,1.00
2017.04.10 02:10:15.661,0.74829,0.74837,1.00,1.00
2017.04.10 02:10:16.254,0.74829,0.74836,1.00,1.00
2017.04.10 02:10:16.771,0.7483,0.74836,1.00,1.00
2017.04.10 02:10:17.442,0.7483,0.74837,1.69,1.00
2017.04.10 02:10:17.948,0.7483,0.74839,2.06,3.00
2017.04.10 02:10:18.483,0.7483,0.74839,2.06,2.25
2017.04.10 02:10:18.585,0.74834,0.74838,1.00,1.00
2017.04.10 02:10:18.636,0.74836,0.74842,1.00,3.82
2017.04.10 02:10:18.840,0.74835,0.74843,1.00,2.25
2017.04.10 02:10:19.347,0.74836,0.74843,1.12,2.25
2017.04.10 02:10:20.288,0.74837,0.74843,1.00,1.00
2017.04.10 02:10:20.794,0.74838,0.74844,1.12,1.00
2017.04.10 02:10:21.352,0.74838,0.74845,1.00,1.00
2017.04.10 02:10:22.002,0.7484,0.74846,1.00,1.00
2017.04.10 02:10:22.662,0.7484,0.74848,1.00,1.12
2017.04.10 02:10:25.563,0.7484,0.74847,1.00,1.00
2017.04.10 02:10:25.664,0.74841,0.74849,1.00,1.00
2017.04.10 02:10:25.968,0.74841,0.74847,1.00,1.00
2017.04.10 02:10:26.575,0.7484,0.74847,1.12,1.00
2017.04.10 02:10:27.081,0.74841,0.74847,1.12,1.00
2017.04.10 02:10:27.620,0.74841,0.74848,1.00,1.00
2017.04.10 02:10:28.127,0.7484,0.74848,1.00,1.00
2017.04.10 02:10:28.676,0.7484,0.74849,1.00,4.12
2017.04.10 02:10:29.183,0.7484,0.74849,1.00,5.25
2017.04.10 02:10:29.723,0.74838,0.74847,1.87,1.50
2017.04.10 02:10:31.508,0.74839,0.74846,1.12,1.12
2017.04.10 02:10:32.014,0.74839,0.74847,1.12,2.25
2017.04.10 02:10:33.727,0.74838,0.74847,1.00,3.75
2017.04.10 02:10:34.032,0.74835,0.74842,1.20,3.07
2017.04.10 02:10:34.137,0.74832,0.7484,1.00,1.87
2017.04.10 02:10:34.278,0.74832,0.7484,1.00,3.37
2017.04.10 02:10:34.800,0.74831,0.74839,2.62,1.00
2017.04.10 02:10:34.852,0.74834,0.74839,1.00,2.62
2017.04.10 02:10:34.903,0.74835,0.74843,1.00,3.82
2017.04.10 02:10:35.055,0.74832,0.74841,1.87,1.00
2017.04.10 02:10:35.450,0.7483,0.74839,2.25,1.00
2017.04.10 02:10:35.755,0.74835,0.74841,1.37,3.00
2017.04.10 02:10:35.806,0.74833,0.74842,1.57,1.00
2017.04.10 02:10:35.857,0.74833,0.7484,1.00,1.00
2017.04.10 02:10:36.390,0.74832,0.74839,1.50,1.12
2017.04.10 02:10:36.908,0.74832,0.74839,1.00,1.12
2017.04.10 02:10:37.965,0.74835,0.74839,1.00,1.12
2017.04.10 02:10:38.199,0.74835,0.74842,1.00,1.00
2017.04.10 02:10:38.453,0.74834,0.7484,1.00,1.50
2017.04.10 02:10:38.555,0.74831,0.74839,1.12,3.00
2017.04.10 02:10:38.707,0.7483,0.74837,1.00,1.12
2017.04.10 02:10:38.860,0.74828,0.74839,7.39,1.87
2017.04.10 02:10:39.315,0.7483,0.74839,1.87,1.12
2017.04.10 02:10:39.554,0.7483,0.74841,1.75,5.06
2017.04.10 02:10:39.606,0.7483,0.74839,3.75,1.00
2017.04.10 02:10:40.266,0.7483,0.74838,1.12,1.00
2017.04.10 02:10:40.579,0.74833,0.74839,1.12,1.00
2017.04.10 02:10:40.638,0.74833,0.74843,1.12,1.12
2017.04.10 02:10:43.799,0.74834,0.74843,1.50,1.00
2017.04.10 02:10:44.346,0.74835,0.74844,1.50,1.00
2017.04.10 02:10:44.856,0.74835,0.74844,2.62,1.00
2017.04.10 02:10:45.363,0.74835,0.74843,4.87,1.00
2017.04.10 02:10:45.617,0.74833,0.74842,1.50,1.00
2017.04.10 02:10:45.668,0.74833,0.74839,1.00,1.00
2017.04.10 02:10:46.194,0.74832,0.74839,1.00,1.00
2017.04.10 02:10:46.705,0.74835,0.74839,1.00,1.00
2017.04.10 02:10:46.806,0.74833,0.7484,3.75,1.00
2017.04.10 02:10:49.059,0.74835,0.7484,1.50,1.00
2017.04.10 02:10:49.165,0.74835,0.74842,1.50,1.00
2017.04.10 02:10:49.701,0.74835,0.74843,2.25,1.00
2017.04.10 02:10:51.009,0.74836,0.74843,1.00,1.00
2017.04.10 02:10:51.524,0.74835,0.74843,1.50,2.25
2017.04.10 02:10:51.780,0.74835,0.7484,1.00,1.00
2017.04.10 02:10:51.882,0.74831,0.74838,1.00,1.50
2017.04.10 02:10:51.984,0.74829,0.74838,7.12,1.50
2017.04.10 02:10:52.593,0.7483,0.74838,1.00,1.00
2017.04.10 02:10:53.149,0.74829,0.74838,4.12,1.00
2017.04.10 02:10:53.662,0.74829,0.74837,3.00,1.00
2017.04.10 02:10:54.503,0.74829,0.74837,1.87,1.00
2017.04.10 02:10:57.460,0.74829,0.74837,7.87,1.00
2017.04.10 02:10:57.808,0.74828,0.74834,1.50,1.00
2017.04.10 02:10:58.112,0.74829,0.74834,1.37,1.00
2017.04.10 02:10:58.416,0.74829,0.74836,1.37,2.25
2017.04.10 02:10:58.946,0.74829,0.74835,1.37,1.00
2017.04.10 02:10:59.456,0.74829,0.74834,1.37,1.00
2017.04.10 02:10:59.982,0.74829,0.74835,1.37,1.50
2017.04.10 02:11:00.489,0.7483,0.74835,1.37,1.00
2017.04.10 02:11:01.360,0.74828,0.74835,3.00,1.00
2017.04.10 02:11:01.931,0.74829,0.74835,1.00,1.00
2017.04.10 02:11:02.667,0.74827,0.74835,2.06,1.00
2017.04.10 02:11:03.072,0.74831,0.74835,1.00,1.00
2017.04.10 02:11:03.225,0.74832,0.74838,1.00,1.00
2017.04.10 02:11:03.746,0.74829,0.74838,3.94,1.00
2017.04.10 02:11:03.898,0.74829,0.74837,5.06,1.00
2017.04.10 02:11:04.708,0.7483,0.74837,1.00,1.00
2017.04.10 02:11:05.253,0.74829,0.74837,1.37,2.62
2017.04.10 02:11:05.406,0.7482,0.74828,3.82,2.25
2017.04.10 02:11:05.507,0.74824,0.74828,1.00,1.00
2017.04.10 02:11:05.558,0.74822,0.74827,1.00,1.00
2017.04.10 02:11:05.609,0.74821,0.74829,3.75,1.00
2017.04.10 02:11:05.812,0.74824,0.74829,1.50,1.00
2017.04.10 02:11:05.914,0.74824,0.74832,3.00,1.00
2017.04.10 02:11:06.117,0.74825,0.74834,1.12,2.25
2017.04.10 02:11:06.963,0.74825,0.74834,1.50,1.87
2017.04.10 02:11:08.383,0.74825,0.74832,1.50,1.00
2017.04.10 02:11:08.486,0.74824,0.74831,1.00,1.00
2017.04.10 02:11:09.810,0.74825,0.74832,1.00,1.00
2017.04.10 02:11:09.912,0.74829,0.74833,1.00,1.00
2017.04.10 02:11:09.963,0.74827,0.74832,2.62,1.00
2017.04.10 02:11:10.015,0.74827,0.74834,2.25,1.00
2017.04.10 02:11:10.167,0.74821,0.7483,5.62,1.12
2017.04.10 02:11:10.694,0.74822,0.74831,1.87,1.50
2017.04.10 02:11:11.250,0.74824,0.74832,1.00,1.00
2017.04.10 02:11:11.605,0.7483,0.74834,1.00,1.00
2017.04.10 02:11:11.656,0.74828,0.74833,1.00,1.00
2017.04.10 02:11:11.707,0.74829,0.74835,1.12,1.00
2017.04.10 02:11:11.808,0.74825,0.74834,3.90,3.75
2017.04.10 02:11:12.245,0.74824,0.74834,3.00,2.62
2017.04.10 02:11:12.347,0.74828,0.74834,1.00,1.00
2017.04.10 02:11:12.550,0.74825,0.74834,4.50,1.00
2017.04.10 02:11:12.652,0.74828,0.74836,1.00,2.40
2017.04.10 02:11:12.905,0.74825,0.74834,1.00,1.37
2017.04.10 02:11:13.885,0.74824,0.74834,2.44,1.00
2017.04.10 02:11:14.449,0.74825,0.74835,4.12,1.87
2017.04.10 02:11:14.955,0.74826,0.74834,1.12,1.00
2017.04.10 02:11:15.512,0.74825,0.74836,4.12,1.87
2017.04.10 02:11:16.542,0.74826,0.74836,1.31,1.12
2017.04.10 02:11:16.644,0.74825,0.74834,6.75,1.00
2017.04.10 02:11:17.894,0.74826,0.74834,1.87,1.00
2017.04.10 02:11:18.709,0.74826,0.74834,1.00,1.00
2017.04.10 02:11:20.436,0.74826,0.74835,2.62,1.00
2017.04.10 02:11:20.945,0.74825,0.74835,2.62,1.00
2017.04.10 02:11:21.451,0.74826,0.74835,1.69,1.00
2017.04.10 02:11:22.109,0.74827,0.74835,1.00,1.00
2017.04.10 02:11:22.514,0.74828,0.74837,3.37,1.50
2017.04.10 02:11:22.565,0.7483,0.74837,1.00,1.00
2017.04.10 02:11:22.717,0.7483,0.74839,2.62,1.25
2017.04.10 02:11:24.913,0.74831,0.74839,1.12,1.25
2017.04.10 02:11:29.814,0.74831,0.74839,1.12,2.06
2017.04.10 02:11:30.320,0.7483,0.74839,2.62,2.06
2017.04.10 02:11:30.920,0.74829,0.74837,1.12,1.00
2017.04.10 02:11:31.427,0.7483,0.74838,1.00,1.50
2017.04.10 02:11:31.968,0.7483,0.74838,1.87,1.50
2017.04.10 02:11:32.965,0.74829,0.74837,1.87,1.00
2017.04.10 02:11:33.460,0.74829,0.74837,1.00,2.06
2017.04.10 02:11:33.562,0.74827,0.74836,2.25,1.12
2017.04.10 02:11:34.072,0.74828,0.74836,1.00,1.50
2017.04.10 02:11:34.124,0.74828,0.74836,1.00,3.56
2017.04.10 02:11:34.377,0.74825,0.74834,3.00,1.12
2017.04.10 02:11:34.530,0.74826,0.74836,4.12,3.26
2017.04.10 02:11:34.581,0.74827,0.74836,1.12,2.25
2017.04.10 02:11:34.733,0.74828,0.74836,1.12,2.44
2017.04.10 02:11:35.213,0.74826,0.74835,1.50,1.37
2017.04.10 02:11:35.315,0.74825,0.74833,2.25,1.87
2017.04.10 02:11:35.417,0.74826,0.74833,1.12,1.00
2017.04.10 02:11:35.468,0.74826,0.74833,1.00,1.37
2017.04.10 02:11:35.519,0.74824,0.74833,1.00,1.00
2017.04.10 02:11:35.671,0.74827,0.74833,1.00,1.12
2017.04.10 02:11:35.875,0.74828,0.74835,1.00,1.00
2017.04.10 02:11:35.977,0.74828,0.74837,1.00,2.25
2017.04.10 02:11:36.501,0.74829,0.74837,1.00,1.00
2017.04.10 02:11:37.319,0.74829,0.74838,1.12,2.06
2017.04.10 02:11:37.832,0.7483,0.74838,1.00,1.25
2017.04.10 02:11:37.934,0.74832,0.7484,1.00,2.32
2017.04.10 02:11:38.277,0.74839,0.74843,1.00,1.00
2017.04.10 02:11:38.328,0.74839,0.74845,1.00,1.50
2017.04.10 02:11:38.430,0.74836,0.74846,1.87,2.81
2017.04.10 02:11:38.481,0.74837,0.74844,1.00,1.00
2017.04.10 02:11:38.735,0.74831,0.74841,4.12,1.37
2017.04.10 02:11:39.241,0.7483,0.74839,2.25,1.12
2017.04.10 02:11:43.605,0.74831,0.74841,1.00,3.75
2017.04.10 02:11:44.112,0.74832,0.7484,1.12,1.12
2017.04.10 02:11:44.264,0.74832,0.74842,1.12,3.45
2017.04.10 02:11:44.796,0.74831,0.74841,2.25,1.12
2017.04.10 02:11:45.433,0.74833,0.74841,1.00,1.87
2017.04.10 02:11:46.192,0.74833,0.74841,1.00,1.37
2017.04.10 02:11:47.029,0.74832,0.74839,1.12,1.12
2017.04.10 02:11:47.232,0.7483,0.74838,1.69,1.00
2017.04.10 02:11:51.530,0.74831,0.74838,1.00,1.00
2017.04.10 02:11:51.834,0.74831,0.7484,1.50,1.12
2017.04.10 02:11:52.362,0.7483,0.7484,9.19,1.12
2017.04.10 02:11:52.615,0.7483,0.7484,7.69,1.12
2017.04.10 02:11:56.817,0.74831,0.74839,2.25,1.00
2017.04.10 02:11:57.326,0.74832,0.74839,2.25,1.00
2017.04.10 02:11:57.911,0.74834,0.7484,1.50,1.00
2017.04.10 02:11:57.963,0.74834,0.74842,3.75,1.00
2017.04.10 02:11:58.014,0.74835,0.7484,1.00,1.12
2017.04.10 02:11:58.116,0.74832,0.7484,1.00,1.00
2017.04.10 02:11:59.442,0.74831,0.74839,6.94,1.00
2017.04.10 02:11:59.950,0.74833,0.7484,1.50,1.00
2017.04.10 02:12:00.103,0.74834,0.74842,1.50,1.00
2017.04.10 02:12:00.690,0.74833,0.7484,1.50,1.00
2017.04.10 02:12:00.832,0.74833,0.74842,1.50,1.00
2017.04.10 02:12:03.632,0.74832,0.74841,3.37,1.12
2017.04.10 02:12:04.037,0.74832,0.74841,4.50,1.12
2017.04.10 02:12:04.792,0.74832,0.7484,1.00,1.37
2017.04.10 02:12:05.299,0.7483,0.74838,5.62,1.00
2017.04.10 02:12:06.709,0.7483,0.74837,2.62,1.00
2017.04.10 02:12:07.215,0.74829,0.74837,5.44,1.00
2017.04.10 02:12:08.002,0.74829,0.74839,3.19,1.12
2017.04.10 02:12:09.129,0.7483,0.74839,7.12,1.12
2017.04.10 02:12:09.649,0.74831,0.7484,1.37,1.37
2017.04.10 02:12:11.000,0.7483,0.74839,3.00,1.12
2017.04.10 02:12:11.703,0.74831,0.74839,1.00,1.12
2017.04.10 02:12:12.109,0.74829,0.74838,3.19,1.00
2017.04.10 02:12:12.479,0.74829,0.74836,1.12,1.00
2017.04.10 02:12:13.036,0.74828,0.74836,4.12,1.00
2017.04.10 02:12:15.932,0.74828,0.74835,1.00,1.00
2017.04.10 02:12:16.439,0.74828,0.74836,1.00,1.50
2017.04.10 02:12:17.229,0.74824,0.74829,1.95,1.12
2017.04.10 02:12:17.332,0.74824,0.7483,1.00,2.62
2017.04.10 02:12:17.383,0.74823,0.7483,1.00,1.12
2017.04.10 02:12:17.587,0.74826,0.74832,1.00,1.50
2017.04.10 02:12:17.891,0.74828,0.74835,1.37,1.00
2017.04.10 02:12:17.992,0.74826,0.74836,3.75,2.25
2017.04.10 02:12:18.094,0.74826,0.74835,1.00,2.06
2017.04.10 02:12:18.145,0.74823,0.74834,1.50,1.12
2017.04.10 02:12:18.646,0.74822,0.74833,4.87,1.00
2017.04.10 02:12:20.028,0.74821,0.74828,2.25,1.12
2017.04.10 02:12:20.223,0.74819,0.74828,1.45,3.37
2017.04.10 02:12:20.326,0.74817,0.74827,4.50,1.00
2017.04.10 02:12:20.865,0.74817,0.74826,4.50,1.00
2017.04.10 02:12:22.387,0.74818,0.74827,1.12,1.00
2017.04.10 02:12:22.894,0.74817,0.74826,1.12,1.00
2017.04.10 02:12:23.525,0.74819,0.74828,1.10,1.00
2017.04.10 02:12:23.829,0.74813,0.74822,2.32,1.00
2017.04.10 02:12:23.880,0.74815,0.74824,1.00,2.25
2017.04.10 02:12:23.931,0.74817,0.74825,2.81,1.37
2017.04.10 02:12:24.466,0.74816,0.74827,2.62,1.87
2017.04.10 02:12:24.568,0.74816,0.7482,2.62,1.12
2017.04.10 02:12:24.721,0.74812,0.74818,1.37,1.00
2017.04.10 02:12:24.874,0.74809,0.74819,3.37,1.50
2017.04.10 02:12:25.077,0.74811,0.7482,1.50,1.50
2017.04.10 02:12:25.381,0.74811,0.74821,4.50,1.00
2017.04.10 02:12:25.980,0.7482,0.74824,1.87,1.12
2017.04.10 02:12:26.082,0.7482,0.74825,2.25,1.50
2017.04.10 02:12:26.133,0.74821,0.74826,1.57,1.37
2017.04.10 02:12:26.235,0.74823,0.7483,1.47,1.37
2017.04.10 02:12:26.438,0.74823,0.74831,1.50,1.00
2017.04.10 02:12:26.539,0.74824,0.74833,1.37,1.20
2017.04.10 02:12:27.005,0.74823,0.74832,1.87,1.00
2017.04.10 02:12:27.057,0.74823,0.74832,1.20,1.00
2017.04.10 02:12:27.159,0.74821,0.7483,7.65,1.00
2017.04.10 02:12:27.767,0.74821,0.7483,1.65,1.12
2017.04.10 02:12:29.791,0.74822,0.74831,1.00,1.12
2017.04.10 02:12:30.374,0.74822,0.74832,1.00,3.75
2017.04.10 02:12:30.771,0.74821,0.74831,1.20,1.50
2017.04.10 02:12:31.277,0.7482,0.7483,1.00,1.12
2017.04.10 02:12:31.784,0.7482,0.74831,1.00,6.45
2017.04.10 02:12:32.138,0.74822,0.74832,1.00,5.14
2017.04.10 02:12:32.644,0.74823,0.74832,1.00,1.87
2017.04.10 02:12:33.319,0.74823,0.74834,1.00,4.69
2017.04.10 02:12:33.725,0.74823,0.74833,1.00,1.57
2017.04.10 02:12:34.232,0.74822,0.74833,1.50,2.25
2017.04.10 02:12:34.588,0.74822,0.74831,1.57,1.00
2017.04.10 02:12:34.770,0.7482,0.7483,1.50,1.50
2017.04.10 02:12:36.057,0.74819,0.7483,2.44,1.12
2017.04.10 02:12:36.563,0.74819,0.74829,1.69,1.00
2017.04.10 02:12:36.903,0.74817,0.74828,1.31,2.62
2017.04.10 02:12:37.409,0.74817,0.74826,2.25,1.00
2017.04.10 02:12:37.511,0.74817,0.74828,1.12,1.87
2017.04.10 02:12:38.050,0.74818,0.74828,1.00,1.12
2017.04.10 02:12:39.333,0.74819,0.74829,1.87,1.00
2017.04.10 02:12:39.536,0.74822,0.7483,1.50,1.00
2017.04.10 02:12:39.638,0.74821,0.74832,4.31,3.00
2017.04.10 02:12:39.689,0.74821,0.74832,4.31,1.50
2017.04.10 02:12:43.694,0.74821,0.74831,4.69,1.00
2017.04.10 02:12:43.998,0.7482,0.7483,1.37,1.12
2017.04.10 02:12:44.235,0.74819,0.74829,4.31,1.00
2017.04.10 02:12:44.438,0.74822,0.74831,1.50,2.92
2017.04.10 02:12:44.540,0.74822,0.74832,2.62,1.12
2017.04.10 02:12:45.530,0.74823,0.74832,1.00,1.12
2017.04.10 02:12:46.077,0.74823,0.74833,1.50,2.25
2017.04.10 02:12:47.257,0.74824,0.74833,1.87,1.00
2017.04.10 02:12:47.410,0.74822,0.74832,4.12,1.00
2017.04.10 02:12:47.916,0.74823,0.74833,1.87,1.12
2017.04.10 02:12:48.565,0.74823,0.74832,2.62,1.00
2017.04.10 02:13:00.900,0.74824,0.74832,1.50,1.00
2017.04.10 02:13:01.568,0.74823,0.74832,4.12,1.00
2017.04.10 02:13:02.076,0.74824,0.74832,1.50,1.00
2017.04.10 02:13:02.933,0.74823,0.74832,3.37,1.00
2017.04.10 02:13:03.622,0.74824,0.74832,1.50,1.00
2017.04.10 02:13:04.331,0.74823,0.74832,2.62,1.00
2017.04.10 02:13:04.837,0.74824,0.74834,1.50,3.07
2017.04.10 02:13:05.343,0.74823,0.74834,3.37,4.12
2017.04.10 02:13:05.628,0.74826,0.74834,1.00,1.50
2017.04.10 02:13:05.983,0.74824,0.74834,2.25,3.75
2017.04.10 02:13:06.590,0.74824,0.74834,1.00,6.00
2017.04.10 02:13:07.200,0.74824,0.74834,1.00,1.12
2017.04.10 02:13:07.353,0.74823,0.74834,3.37,2.25
2017.04.10 02:13:08.838,0.74825,0.74834,1.00,3.75
2017.04.10 02:13:09.142,0.74827,0.74837,1.00,4.65
2017.04.10 02:13:10.015,0.74827,0.74836,1.00,1.50
2017.04.10 02:13:10.320,0.74826,0.74835,1.00,1.42
2017.04.10 02:13:10.828,0.74827,0.74836,1.00,4.35
2017.04.10 02:13:11.345,0.74827,0.74835,1.00,1.67
2017.04.10 02:13:11.894,0.74826,0.74833,1.00,1.00
2017.04.10 02:13:12.395,0.74826,0.74834,1.00,1.12
2017.04.10 02:13:13.344,0.74823,0.74834,1.00,2.06
2017.04.10 02:13:13.447,0.74823,0.74831,1.50,1.12
2017.04.10 02:13:13.549,0.74824,0.74834,1.00,4.09
2017.04.10 02:13:14.061,0.74824,0.74834,1.00,2.81
2017.04.10 02:13:14.619,0.74826,0.74835,1.00,2.25
2017.04.10 02:13:14.781,0.74827,0.74837,1.00,2.17
2017.04.10 02:13:15.317,0.74827,0.74835,1.00,1.30
2017.04.10 02:13:15.621,0.74825,0.74835,1.50,1.10
2017.04.10 02:13:16.124,0.74824,0.74835,3.00,1.35
2017.04.10 02:13:17.094,0.74824,0.74833,2.25,2.10
2017.04.10 02:13:17.299,0.74821,0.74832,2.25,3.37
2017.04.10 02:13:17.410,0.74822,0.74832,2.25,2.62
2017.04.10 02:13:17.844,0.74825,0.74835,1.00,4.31
2017.04.10 02:13:18.352,0.74826,0.74835,1.00,5.36
2017.04.10 02:13:20.345,0.74825,0.74834,1.00,1.25
2017.04.10 02:13:20.851,0.74824,0.74834,1.00,7.54
2017.04.10 02:13:20.934,0.74822,0.74832,1.12,2.25
2017.04.10 02:13:21.479,0.74823,0.74833,1.87,1.72
2017.04.10 02:13:21.985,0.74822,0.74833,2.62,1.65
2017.04.10 02:13:23.116,0.74822,0.74834,1.12,8.62
2017.04.10 02:13:23.167,0.74824,0.74834,1.00,7.87
2017.04.10 02:13:23.491,0.74822,0.74831,2.40,1.00
2017.04.10 02:13:24.023,0.74821,0.74831,1.00,2.32
2017.04.10 02:13:26.333,0.74823,0.74831,1.12,1.50
2017.04.10 02:13:26.637,0.74827,0.74834,1.00,1.30
2017.04.10 02:13:27.161,0.74821,0.74831,3.37,1.00
2017.04.10 02:13:27.662,0.74823,0.74834,4.50,1.39
2017.04.10 02:13:27.763,0.74823,0.74834,5.25,1.76
2017.04.10 02:13:28.986,0.74825,0.74835,1.12,2.32
2017.04.10 02:13:29.037,0.74828,0.74837,1.00,5.55
2017.04.10 02:13:29.544,0.74828,0.74838,1.12,1.50
2017.04.10 02:13:30.161,0.7483,0.74838,1.00,1.50
2017.04.10 02:13:31.119,0.74828,0.74838,1.00,3.00
2017.04.10 02:13:31.221,0.74828,0.74837,1.00,1.50
2017.04.10 02:13:31.965,0.74828,0.74838,1.12,2.32
2017.04.10 02:13:32.499,0.74828,0.74839,1.50,5.74
2017.04.10 02:13:33.006,0.7483,0.74838,1.00,1.00
2017.04.10 02:13:33.888,0.7483,0.74839,1.00,4.76
2017.04.10 02:13:34.439,0.7483,0.74838,1.00,1.00
2017.04.10 02:13:34.960,0.7483,0.74839,1.00,6.94
2017.04.10 02:13:35.615,0.7483,0.74838,1.00,2.25
2017.04.10 02:13:36.148,0.7483,0.7484,1.12,7.69
2017.04.10 02:13:38.600,0.7483,0.7484,1.00,6.00
2017.04.10 02:13:39.105,0.7483,0.74839,1.00,1.50
2017.04.10 02:13:39.700,0.74831,0.7484,1.00,1.12
2017.04.10 02:13:46.106,0.7483,0.7484,3.45,1.12
2017.04.10 02:13:46.889,0.74831,0.7484,1.50,1.50
2017.04.10 02:13:47.397,0.74832,0.7484,1.50,1.00
2017.04.10 02:13:48.340,0.74831,0.7484,4.12,1.00
2017.04.10 02:13:49.510,0.74832,0.74841,1.00,1.12
2017.04.10 02:13:50.947,0.74832,0.74843,3.37,3.56
2017.04.10 02:13:52.809,0.74832,0.74843,5.62,2.44
2017.04.10 02:13:53.680,0.74832,0.74843,1.87,5.74
2017.04.10 02:13:54.036,0.74832,0.74841,1.00,1.37
2017.04.10 02:13:54.665,0.74832,0.74842,1.00,2.40
2017.04.10 02:13:55.271,0.74832,0.74842,1.00,3.52
2017.04.10 02:13:55.938,0.74832,0.74839,1.00,1.00
2017.04.10 02:13:55.989,0.7483,0.74839,3.00,1.00
2017.04.10 02:13:58.648,0.74829,0.74839,1.12,1.87
2017.04.10 02:13:59.154,0.74829,0.74839,1.00,1.87
2017.04.10 02:13:59.661,0.74829,0.74839,1.12,1.12
2017.04.10 02:14:04.454,0.74829,0.74839,1.37,1.10
2017.04.10 02:14:04.978,0.74829,0.7484,1.87,1.20
2017.04.10 02:14:07.556,0.74832,0.7484,2.25,1.00
2017.04.10 02:14:08.551,0.74832,0.74841,1.00,1.00
2017.04.10 02:14:13.668,0.74832,0.74842,1.87,3.37
2017.04.10 02:14:13.972,0.74833,0.74842,3.00,1.50
2017.04.10 02:14:14.484,0.74833,0.74843,1.50,1.50
2017.04.10 02:14:15.117,0.74833,0.74843,1.12,1.50
2017.04.10 02:14:17.103,0.74834,0.74844,1.00,2.55
2017.04.10 02:14:17.428,0.74841,0.7485,1.12,2.51
2017.04.10 02:14:18.853,0.74841,0.74849,1.00,2.44
2017.04.10 02:14:19.539,0.7484,0.74848,1.00,1.12
2017.04.10 02:14:26.604,0.74837,0.74848,1.87,2.77
2017.04.10 02:14:26.706,0.74836,0.74845,1.87,1.00
2017.04.10 02:14:38.959,0.74836,0.74846,1.00,1.87
2017.04.10 02:14:40.633,0.74837,0.74846,1.00,1.00
2017.04.10 02:14:41.834,0.74839,0.74848,1.00,1.87
2017.04.10 02:14:44.540,0.74839,0.74848,1.00,1.31
2017.04.10 02:14:45.052,0.7484,0.74848,1.00,1.31
2017.04.10 02:14:45.395,0.74844,0.74852,1.00,1.87
2017.04.10 02:14:45.699,0.74842,0.7485,4.12,1.00
2017.04.10 02:14:45.876,0.74842,0.7485,2.62,1.12
2017.04.10 02:14:46.382,0.74841,0.7485,1.00,1.12
2017.04.10 02:14:46.926,0.74841,0.74849,1.00,1.00
2017.04.10 02:14:50.453,0.74841,0.74848,1.00,1.00
2017.04.10 02:14:52.036,0.74841,0.74849,1.00,1.00
2017.04.10 02:14:52.541,0.74841,0.7485,1.00,3.75
2017.04.10 02:15:03.461,0.74841,0.74849,1.00,2.25
2017.04.10 02:15:04.199,0.74841,0.74848,1.00,1.25
2017.04.10 02:15:08.729,0.74841,0.7485,1.87,2.06
2017.04.10 02:15:08.882,0.74843,0.7485,1.50,1.25
2017.04.10 02:15:09.337,0.74843,0.74852,1.00,2.06
2017.04.10 02:15:09.846,0.74843,0.74853,2.25,1.00
2017.04.10 02:15:10.724,0.74843,0.74852,1.12,4.87
2017.04.10 02:15:15.874,0.74843,0.74852,1.00,1.87
2017.04.10 02:15:16.381,0.74843,0.74851,1.00,1.50
2017.04.10 02:15:17.197,0.74842,0.74851,1.87,1.37
2017.04.10 02:15:18.183,0.74842,0.74849,1.12,1.00
2017.04.10 02:15:19.156,0.74842,0.7485,1.00,1.12
2017.04.10 02:15:20.431,0.74842,0.74849,1.00,1.00
2017.04.10 02:15:20.942,0.74842,0.7485,1.00,1.87
2017.04.10 02:15:21.523,0.74842,0.74849,1.00,1.00
2017.04.10 02:15:22.026,0.74842,0.7485,1.12,1.87
2017.04.10 02:15:23.747,0.74842,0.74851,1.00,4.31
2017.04.10 02:15:25.199,0.74841,0.74851,2.25,2.06
2017.04.10 02:15:25.723,0.74841,0.7485,2.25,1.00
2017.04.10 02:15:26.410,0.74843,0.7485,1.00,1.00
2017.04.10 02:15:26.917,0.74843,0.74851,1.00,4.31
2017.04.10 02:15:27.423,0.74842,0.74851,1.00,2.06
2017.04.10 02:15:28.358,0.74843,0.74851,1.00,2.06
2017.04.10 02:15:31.355,0.74842,0.74851,1.87,1.31
2017.04.10 02:15:34.592,0.74842,0.74851,3.37,1.12
2017.04.10 02:15:35.099,0.74844,0.74851,1.00,1.12
2017.04.10 02:15:35.626,0.74844,0.74852,1.00,1.69
2017.04.10 02:15:38.233,0.74846,0.74855,1.37,8.14
2017.04.10 02:15:38.386,0.74846,0.74855,3.75,1.69
2017.04.10 02:15:38.437,0.74849,0.74855,1.00,1.00
2017.04.10 02:15:38.539,0.74849,0.74858,1.00,2.81
2017.04.10 02:15:39.045,0.74849,0.74859,1.00,1.87
2017.04.10 02:15:39.248,0.74849,0.74855,1.00,1.25
2017.04.10 02:15:39.299,0.74847,0.74855,1.00,6.19
2017.04.10 02:15:39.428,0.74845,0.74855,1.50,14.29
2017.04.10 02:15:39.934,0.74845,0.74852,1.50,1.25
2017.04.10 02:15:40.690,0.74844,0.74851,1.00,1.00
2017.04.10 02:15:40.791,0.74842,0.74851,2.25,1.12
2017.04.10 02:15:40.842,0.74842,0.74849,4.12,1.00
2017.04.10 02:15:41.861,0.74841,0.74849,2.62,1.00
2017.04.10 02:15:42.365,0.74842,0.74849,1.50,1.00
2017.04.10 02:15:42.904,0.74841,0.74849,2.62,1.00
2017.04.10 02:15:44.044,0.74842,0.74849,1.00,1.00
2017.04.10 02:15:45.005,0.74841,0.74849,1.00,1.69
2017.04.10 02:15:45.989,0.7484,0.74849,1.12,2.06
2017.04.10 02:15:51.419,0.74839,0.7485,4.87,3.37
2017.04.10 02:15:51.724,0.74841,0.74851,1.50,1.50
2017.04.10 02:15:51.970,0.74841,0.74852,3.30,2.32
2017.04.10 02:15:52.325,0.74845,0.74853,1.00,1.20
2017.04.10 02:15:52.834,0.74846,0.74855,1.00,1.50
2017.04.10 02:15:53.936,0.74844,0.74855,3.07,6.37
2017.04.10 02:15:54.834,0.74844,0.74854,3.00,1.12
2017.04.10 02:15:57.917,0.74844,0.74854,1.87,2.62
2017.04.10 02:15:58.439,0.74844,0.74854,1.87,1.12
2017.04.10 02:16:00.330,0.74845,0.74854,1.00,1.00
2017.04.10 02:16:01.239,0.74844,0.74853,1.50,2.25
2017.04.10 02:16:01.393,0.74842,0.74852,3.75,1.00
2017.04.10 02:16:01.915,0.74841,0.74851,1.20,1.87
2017.04.10 02:16:02.428,0.7484,0.74851,2.14,2.55
2017.04.10 02:16:02.941,0.7484,0.74851,2.14,4.05
2017.04.10 02:16:03.260,0.74839,0.74849,3.75,2.10
2017.04.10 02:16:03.463,0.74836,0.74846,3.07,1.80
2017.04.10 02:16:03.882,0.74835,0.74845,1.95,3.07
2017.04.10 02:16:04.861,0.74835,0.74843,1.12,1.00
2017.04.10 02:16:04.963,0.74833,0.74843,1.00,1.50
2017.04.10 02:16:06.614,0.74832,0.74842,4.50,1.50
2017.04.10 02:16:07.120,0.74832,0.74841,1.12,1.00
2017.04.10 02:16:07.626,0.74832,0.74842,2.62,1.00
2017.04.10 02:16:08.149,0.74832,0.74842,2.62,1.00
2017.04.10 02:16:08.327,0.74835,0.74843,1.00,1.50
2017.04.10 02:16:09.219,0.74835,0.74844,1.12,3.94
2017.04.10 02:16:10.022,0.74835,0.74844,1.37,1.57
2017.04.10 02:16:10.526,0.74835,0.74844,1.12,1.12
2017.04.10 02:16:11.752,0.74835,0.74845,1.12,4.12
2017.04.10 02:16:13.055,0.74835,0.74844,1.12,1.00
2017.04.10 02:16:15.629,0.74834,0.74844,1.12,1.87
2017.04.10 02:16:17.432,0.74835,0.74844,1.12,1.12
2017.04.10 02:16:17.738,0.74834,0.74842,1.65,1.00
2017.04.10 02:16:17.840,0.74832,0.74842,2.02,1.50
2017.04.10 02:16:18.347,0.74832,0.74842,1.50,1.50
2017.04.10 02:16:19.741,0.74833,0.74842,1.00,2.25
2017.04.10 02:16:20.614,0.74833,0.74841,1.00,1.50
2017.04.10 02:16:20.766,0.74831,0.74841,2.62,1.50
2017.04.10 02:16:21.967,0.74831,0.74841,1.87,2.25
2017.04.10 02:16:22.891,0.74833,0.74842,1.12,1.87
2017.04.10 02:16:23.398,0.74833,0.74843,1.95,1.87
2017.04.10 02:16:23.971,0.74833,0.74841,1.87,1.00
2017.04.10 02:16:24.478,0.74833,0.74843,1.37,3.22
2017.04.10 02:16:24.984,0.74833,0.74842,1.87,1.00
2017.04.10 02:16:25.486,0.74833,0.74843,2.25,6.00
2017.04.10 02:16:26.071,0.74836,0.74843,1.37,1.00
2017.04.10 02:16:26.276,0.74839,0.74848,1.12,4.57
2017.04.10 02:16:26.429,0.74839,0.74848,1.12,1.57
2017.04.10 02:16:26.833,0.7484,0.7485,1.37,6.19
2017.04.10 02:16:41.561,0.74845,0.74851,1.87,2.25
2017.04.10 02:16:41.815,0.74851,0.74858,5.25,1.00
2017.04.10 02:16:41.917,0.74855,0.74861,4.12,1.00
2017.04.10 02:16:42.423,0.74853,0.74863,5.62,3.60
2017.04.10 02:16:43.039,0.74853,0.74863,2.62,3.75
2017.04.10 02:16:43.585,0.74853,0.74863,1.50,2.62
2017.04.10 02:16:44.136,0.74853,0.74862,2.25,1.00
2017.04.10 02:16:44.976,0.74852,0.74862,6.45,2.25
2017.04.10 02:16:46.548,0.74853,0.74862,1.00,2.25
2017.04.10 02:16:47.051,0.74852,0.74862,6.07,2.62
2017.04.10 02:16:48.319,0.74853,0.74862,1.00,2.25
2017.04.10 02:16:50.139,0.74852,0.74862,6.45,2.25
2017.04.10 02:16:51.090,0.74852,0.74862,6.45,3.37
2017.04.10 02:16:51.602,0.74852,0.74862,3.37,1.12
2017.04.10 02:16:52.627,0.74852,0.74861,3.00,1.50
2017.04.10 02:16:53.170,0.74852,0.74862,1.00,3.75
2017.04.10 02:16:53.474,0.74852,0.7486,1.00,1.00
2017.04.10 02:16:53.987,0.74851,0.7486,1.12,1.00
2017.04.10 02:16:54.303,0.74851,0.74858,1.00,2.25
2017.04.10 02:16:54.354,0.74849,0.74857,1.00,1.50
2017.04.10 02:16:54.506,0.74847,0.74856,3.00,1.00
2017.04.10 02:16:55.012,0.74846,0.74854,1.50,2.25
2017.04.10 02:16:55.216,0.74845,0.74853,1.00,1.00
2017.04.10 02:16:55.318,0.74843,0.74853,3.45,2.62
2017.04.10 02:16:55.419,0.74845,0.74854,1.87,1.95
2017.04.10 02:16:55.470,0.74845,0.74854,3.56,1.00
2017.04.10 02:16:55.521,0.74846,0.74857,3.37,1.65
2017.04.10 02:16:56.039,0.74847,0.74857,1.87,1.00
2017.04.10 02:16:58.937,0.74847,0.74853,1.50,1.00
2017.04.10 02:16:59.039,0.74847,0.74856,1.00,1.20
2017.04.10 02:16:59.545,0.74848,0.74857,1.50,1.00
2017.04.10 02:17:00.536,0.74848,0.74856,1.00,2.25
2017.04.10 02:17:01.043,0.74848,0.74855,1.50,1.12
2017.04.10 02:17:01.599,0.74849,0.74856,1.37,1.50
2017.04.10 02:17:01.701,0.74846,0.74854,1.10,1.00
2017.04.10 02:17:01.752,0.74845,0.74853,2.32,1.50
2017.04.10 02:17:01.853,0.74843,0.74854,6.45,2.32
2017.04.10 02:17:02.490,0.74843,0.74852,1.12,1.00
2017.04.10 02:17:02.996,0.74843,0.74853,1.12,7.87
2017.04.10 02:17:03.538,0.74842,0.74851,3.37,1.67
2017.04.10 02:17:07.511,0.74842,0.74852,3.00,6.00
2017.04.10 02:17:11.966,0.74842,0.74852,3.00,6.37
2017.04.10 02:17:12.017,0.74841,0.7485,1.50,3.22
2017.04.10 02:17:12.169,0.74839,0.74848,4.20,2.85
2017.04.10 02:17:12.703,0.7484,0.74849,1.57,1.12
2017.04.10 02:17:13.310,0.7484,0.74849,1.95,1.00
2017.04.10 02:17:13.891,0.74841,0.74851,1.12,4.31
2017.04.10 02:17:14.398,0.74842,0.74851,1.12,1.50
2017.04.10 02:17:17.165,0.74841,0.74851,3.45,3.00
2017.04.10 02:17:25.324,0.74841,0.74851,1.87,3.00
2017.04.10 02:17:25.830,0.7484,0.74851,3.00,6.56
2017.04.10 02:17:26.094,0.74839,0.74845,1.50,1.87
2017.04.10 02:17:26.146,0.74838,0.74846,1.12,3.00
2017.04.10 02:17:26.247,0.74835,0.74846,4.57,3.75
2017.04.10 02:17:26.753,0.74836,0.74844,1.37,1.50
2017.04.10 02:17:26.855,0.74836,0.74846,1.37,1.12
2017.04.10 02:17:26.905,0.74837,0.74847,1.37,2.70
2017.04.10 02:17:27.103,0.74839,0.74848,1.00,2.25
2017.04.10 02:17:27.408,0.74839,0.74849,1.55,3.26
2017.04.10 02:17:27.932,0.74839,0.74849,1.37,3.86
2017.04.10 02:17:28.966,0.74839,0.7485,1.87,6.37
2017.04.10 02:17:29.598,0.74841,0.7485,1.00,6.97
2017.04.10 02:17:31.835,0.74841,0.74849,1.00,1.50
2017.04.10 02:17:38.167,0.74841,0.7485,1.12,2.62
2017.04.10 02:17:38.623,0.74842,0.74851,1.37,1.12
2017.04.10 02:17:39.157,0.74844,0.7485,1.12,3.75
2017.04.10 02:17:39.673,0.74844,0.74849,1.00,1.00
2017.04.10 02:17:40.209,0.74844,0.7485,1.37,1.50
2017.04.10 02:17:40.711,0.74844,0.7485,1.12,1.50
2017.04.10 02:17:41.263,0.74844,0.74849,1.12,1.00
2017.04.10 02:17:41.769,0.74842,0.7485,1.57,1.50
2017.04.10 02:17:42.500,0.74842,0.74849,3.00,1.00
2017.04.10 02:17:43.071,0.74842,0.7485,1.50,1.50
2017.04.10 02:17:43.671,0.74842,0.74849,3.82,1.00
2017.04.10 02:17:44.239,0.74842,0.7485,2.32,1.50
2017.04.10 02:17:44.820,0.74842,0.74849,3.07,1.00
2017.04.10 02:17:44.932,0.74842,0.7485,2.32,2.32
2017.04.10 02:17:45.309,0.74842,0.7485,3.07,2.32
2017.04.10 02:17:45.360,0.74842,0.7485,2.32,2.32
2017.04.10 02:17:45.815,0.74842,0.74848,1.12,3.00
2017.04.10 02:17:46.260,0.7484,0.74847,1.87,2.25
2017.04.10 02:17:47.312,0.7484,0.74847,2.62,2.25
2017.04.10 02:17:47.861,0.7484,0.74847,2.62,4.50
2017.04.10 02:17:49.046,0.74838,0.74845,3.45,1.50
2017.04.10 02:17:49.350,0.74832,0.74838,1.50,1.00
2017.04.10 02:17:49.452,0.7483,0.74838,2.32,1.12
2017.04.10 02:17:49.958,0.7483,0.7484,4.57,1.57
2017.04.10 02:17:50.161,0.74832,0.74842,1.50,2.25
2017.04.10 02:17:50.313,0.74832,0.74842,4.20,2.25
2017.04.10 02:17:50.415,0.74832,0.74843,4.95,2.70
2017.04.10 02:17:50.466,0.74832,0.74842,5.70,1.00
2017.04.10 02:17:50.662,0.74832,0.74842,4.87,1.00
2017.04.10 02:17:51.198,0.74832,0.74843,3.75,4.27
2017.04.10 02:17:51.741,0.74832,0.74842,1.87,1.50
2017.04.10 02:17:51.843,0.74832,0.74838,1.00,3.75
2017.04.10 02:17:52.148,0.74827,0.74838,5.62,3.22
2017.04.10 02:17:52.579,0.74826,0.74835,1.87,3.82
2017.04.10 02:17:53.087,0.74827,0.74834,1.00,1.00
2017.04.10 02:17:53.632,0.74827,0.74836,1.00,2.47
2017.04.10 02:17:54.463,0.74826,0.74835,2.62,1.87
2017.04.10 02:17:56.569,0.74826,0.74836,1.00,1.27
2017.04.10 02:17:57.111,0.74826,0.74835,1.00,1.00
2017.04.10 02:17:57.648,0.74826,0.74836,1.00,1.10
2017.04.10 02:17:59.269,0.74826,0.74837,1.00,1.57
2017.04.10 02:17:59.848,0.74827,0.74837,1.00,2.85
2017.04.10 02:18:00.363,0.74827,0.74837,1.37,1.00
2017.04.10 02:18:03.621,0.74827,0.74837,2.62,1.72
2017.04.10 02:18:04.128,0.74827,0.74838,1.87,1.35
2017.04.10 02:18:04.638,0.74828,0.74839,1.37,3.00
2017.04.10 02:18:05.481,0.74828,0.74839,1.37,3.67
2017.04.10 02:18:06.008,0.74828,0.74839,1.37,3.00
2017.04.10 02:18:06.312,0.74827,0.74837,3.75,2.62
2017.04.10 02:18:06.844,0.74828,0.74837,1.12,3.37
2017.04.10 02:18:07.358,0.74827,0.74837,1.87,1.12
2017.04.10 02:18:11.034,0.74827,0.74838,1.87,2.25
2017.04.10 02:18:11.540,0.74827,0.74837,1.87,1.30
2017.04.10 02:18:12.083,0.74829,0.74838,1.00,1.80
2017.04.10 02:18:12.835,0.74829,0.74837,1.12,1.00
2017.04.10 02:18:13.347,0.74829,0.74838,1.12,2.85
2017.04.10 02:18:15.333,0.74829,0.74837,1.00,1.12
2017.04.10 02:18:18.222,0.74829,0.74839,1.00,3.45
2017.04.10 02:18:18.753,0.74829,0.74839,1.37,1.12
2017.04.10 02:18:19.310,0.7483,0.7484,1.12,2.25
2017.04.10 02:18:19.840,0.74831,0.7484,1.00,2.25
2017.04.10 02:18:20.469,0.74831,0.7484,1.00,2.62
2017.04.10 02:18:21.338,0.74829,0.7484,1.00,2.62
2017.04.10 02:18:21.839,0.74829,0.7484,1.00,3.37
2017.04.10 02:18:23.567,0.74829,0.7484,1.37,1.80
2017.04.10 02:18:24.301,0.74831,0.7484,1.00,1.35
2017.04.10 02:18:31.237,0.74831,0.7484,1.00,2.62
2017.04.10 02:18:32.900,0.74836,0.7484,1.00,1.12
2017.04.10 02:18:33.103,0.74841,0.74849,2.62,1.87
2017.04.10 02:18:33.255,0.74843,0.74851,2.62,1.12
2017.04.10 02:18:33.508,0.74843,0.74852,1.12,1.35
2017.04.10 02:18:34.043,0.74843,0.74853,1.37,4.87
2017.04.10 02:18:34.658,0.74843,0.74852,1.37,1.00
2017.04.10 02:18:35.277,0.74842,0.74852,3.00,1.50
2017.04.10 02:18:35.819,0.74842,0.74852,2.62,2.25
2017.04.10 02:18:36.676,0.74842,0.74851,1.87,1.00
2017.04.10 02:18:37.177,0.74842,0.74852,1.87,1.12
2017.04.10 02:18:40.571,0.7484,0.74852,7.87,4.50
2017.04.10 02:18:41.026,0.74849,0.74853,3.75,6.90
2017.04.10 02:18:41.330,0.74846,0.74856,2.47,3.19
2017.04.10 02:18:41.482,0.74847,0.74856,1.50,5.66
2017.04.10 02:18:41.887,0.74844,0.74854,3.15,2.06
2017.04.10 02:18:41.989,0.74846,0.74852,1.20,1.00
2017.04.10 02:18:42.445,0.74845,0.74855,1.95,2.62
2017.04.10 02:18:43.522,0.74845,0.74855,1.57,2.62
2017.04.10 02:18:43.623,0.74846,0.74852,2.25,1.00
2017.04.10 02:18:43.674,0.74846,0.74854,2.62,1.00
2017.04.10 02:18:44.180,0.74848,0.74854,1.00,1.00
2017.04.10 02:18:44.726,0.74847,0.74852,1.37,1.00
2017.04.10 02:18:44.966,0.74845,0.74851,2.02,1.00
2017.04.10 02:18:45.270,0.74845,0.74853,1.12,1.50
2017.04.10 02:18:45.322,0.74844,0.74851,1.12,1.50
2017.04.10 02:18:45.373,0.74844,0.74851,1.37,1.50
2017.04.10 02:18:46.361,0.74844,0.74851,1.00,1.00
2017.04.10 02:18:46.887,0.74843,0.7485,1.37,1.00
2017.04.10 02:18:47.269,0.74845,0.74852,3.00,1.57
2017.04.10 02:18:47.320,0.74846,0.74852,2.62,1.57
2017.04.10 02:18:47.422,0.74847,0.74855,4.12,1.00
2017.04.10 02:18:47.675,0.74848,0.74856,1.37,1.00
2017.04.10 02:18:48.185,0.74849,0.74858,4.50,6.07
2017.04.10 02:18:48.489,0.74849,0.74854,3.75,1.00
2017.04.10 02:18:49.160,0.74849,0.74855,3.75,1.00
2017.04.10 02:18:49.844,0.74847,0.74855,3.00,1.00
2017.04.10 02:18:50.451,0.74847,0.74854,1.50,1.00
2017.04.10 02:18:50.755,0.74845,0.74853,2.77,1.00
2017.04.10 02:18:51.211,0.74849,0.74854,1.00,1.12
2017.04.10 02:18:51.414,0.74848,0.74856,1.50,1.50
2017.04.10 02:18:52.329,0.74848,0.74857,1.50,4.95
2017.04.10 02:18:52.532,0.74847,0.74852,1.10,1.00
2017.04.10 02:18:52.584,0.74847,0.74854,1.00,1.00
2017.04.10 02:18:52.736,0.74846,0.74855,1.12,1.00
2017.04.10 02:18:56.054,0.74848,0.74855,1.50,1.00
2017.04.10 02:18:56.560,0.74848,0.74855,1.87,1.00
2017.04.10 02:18:58.251,0.74847,0.74855,1.50,1.00
2017.04.10 02:18:58.788,0.74847,0.74855,1.50,1.00
2017.04.10 02:19:01.027,0.74845,0.74852,4.57,1.00
2017.04.10 02:19:01.078,0.74844,0.74854,5.02,1.50
2017.04.10 02:19:01.129,0.74844,0.74852,1.57,1.00
2017.04.10 02:19:01.282,0.74845,0.74854,1.50,1.20
2017.04.10 02:19:01.401,0.74846,0.74855,3.19,1.00
2017.04.10 02:19:02.227,0.74846,0.74854,3.75,1.00
2017.04.10 02:19:02.532,0.74841,0.74846,1.07,1.00
2017.04.10 02:19:02.583,0.7484,0.74846,1.12,1.00
2017.04.10 02:19:02.685,0.7484,0.74848,1.00,1.50
2017.04.10 02:19:02.888,0.74841,0.7485,1.12,1.87
2017.04.10 02:19:03.382,0.74842,0.74851,1.12,1.87
2017.04.10 02:19:04.741,0.74844,0.74851,1.37,1.50
2017.04.10 02:19:04.944,0.74845,0.74854,1.37,5.62
2017.04.10 02:19:05.046,0.74847,0.74856,1.12,9.11
2017.04.10 02:19:05.573,0.74848,0.74854,1.12,1.00
2017.04.10 02:19:06.152,0.74848,0.74854,1.00,1.00
2017.04.10 02:19:06.203,0.74848,0.74856,1.12,4.16
2017.04.10 02:19:06.725,0.74849,0.74856,1.12,2.06
2017.04.10 02:19:07.246,0.74849,0.74857,1.87,1.99
2017.04.10 02:19:13.829,0.74849,0.74856,1.50,3.94
2017.04.10 02:19:14.956,0.74849,0.74857,1.12,1.50
2017.04.10 02:19:21.340,0.74849,0.74858,1.12,3.22
2017.04.10 02:19:22.145,0.74849,0.74858,1.12,3.97
2017.04.10 02:19:22.702,0.74849,0.74858,1.12,2.62
2017.04.10 02:19:22.753,0.74849,0.74856,1.12,1.00
2017.04.10 02:19:22.898,0.74849,0.74858,1.12,4.72
2017.04.10 02:19:23.404,0.74849,0.74857,1.12,1.00
2017.04.10 02:19:23.910,0.74849,0.74858,1.12,3.97
2017.04.10 02:19:27.113,0.74849,0.74856,1.12,1.87
2017.04.10 02:19:27.621,0.74848,0.74856,1.00,4.87
2017.04.10 02:19:27.875,0.74846,0.74854,1.12,2.44
2017.04.10 02:19:28.422,0.74847,0.74856,1.00,5.10
2017.04.10 02:19:28.929,0.74847,0.74856,1.00,5.55
2017.04.10 02:19:30.296,0.74847,0.74856,1.00,1.72
2017.04.10 02:19:31.695,0.74849,0.74856,1.00,1.12
2017.04.10 02:19:37.313,0.74847,0.74857,1.00,4.99
2017.04.10 02:19:37.890,0.74847,0.74857,1.00,3.49
2017.04.10 02:19:38.668,0.74847,0.74857,1.00,4.99
2017.04.10 02:19:38.769,0.74847,0.74857,1.00,4.31
2017.04.10 02:19:39.635,0.74847,0.74857,1.00,5.06
2017.04.10 02:19:40.167,0.74847,0.74857,1.00,3.56
2017.04.10 02:19:40.670,0.74847,0.74857,1.00,5.62
2017.04.10 02:19:45.158,0.74848,0.74857,1.00,2.55
2017.04.10 02:19:51.714,0.74848,0.74857,1.00,4.05
2017.04.10 02:19:52.482,0.74848,0.74857,1.00,5.47
2017.04.10 02:19:53.009,0.74848,0.74857,1.00,4.05
2017.04.10 02:19:53.515,0.74849,0.74857,1.00,1.50
2017.04.10 02:19:54.021,0.74848,0.74857,1.00,2.85
2017.04.10 02:20:00.225,0.74848,0.74858,1.37,4.35
2017.04.10 02:20:00.660,0.74847,0.74856,2.81,1.12
2017.04.10 02:20:01.167,0.74848,0.74857,1.12,1.00
2017.04.10 02:20:01.673,0.74848,0.74858,1.20,1.00
2017.04.10 02:20:06.058,0.74848,0.74854,1.10,1.00
2017.04.10 02:20:06.263,0.74845,0.74855,1.95,1.10
2017.04.10 02:20:06.807,0.74846,0.74856,1.50,1.00
2017.04.10 02:20:10.131,0.74848,0.74857,1.00,1.57
2017.04.10 02:20:18.006,0.74844,0.74848,1.57,3.22
2017.04.10 02:20:18.319,0.74834,0.74839,1.12,1.37
2017.04.10 02:20:18.370,0.74831,0.74838,1.50,1.87
2017.04.10 02:20:18.472,0.74828,0.74836,4.09,1.12
2017.04.10 02:20:18.980,0.74829,0.74838,2.81,2.32
2017.04.10 02:20:19.527,0.7483,0.74838,1.50,1.00
2017.04.10 02:20:21.632,0.74829,0.7484,2.81,4.05
2017.04.10 02:20:21.885,0.74829,0.7484,5.06,4.87
2017.04.10 02:20:22.239,0.74828,0.74838,2.25,2.10
2017.04.10 02:20:22.290,0.74828,0.74835,1.57,1.00
2017.04.10 02:20:22.593,0.74826,0.74833,1.87,1.37
2017.04.10 02:20:22.695,0.74826,0.74835,1.12,2.85
2017.04.10 02:20:23.105,0.74824,0.74834,2.81,1.12
2017.04.10 02:20:23.156,0.74824,0.74835,3.56,3.30
2017.04.10 02:20:23.714,0.74825,0.74835,1.12,2.40
2017.04.10 02:20:24.019,0.74825,0.74836,4.50,2.17
2017.04.10 02:20:24.242,0.74825,0.74835,2.62,1.00
2017.04.10 02:20:24.749,0.74825,0.74835,2.62,2.70
2017.04.10 02:20:25.254,0.74825,0.74835,1.87,2.25
2017.04.10 02:20:28.218,0.74825,0.74834,1.12,1.00
2017.04.10 02:20:28.421,0.74824,0.74836,5.06,4.87
2017.04.10 02:20:28.928,0.74826,0.74836,1.00,2.55
2017.04.10 02:20:29.306,0.74824,0.74835,2.06,3.75
2017.04.10 02:20:29.826,0.74823,0.74833,4.20,4.12
2017.04.10 02:20:30.080,0.74825,0.74835,2.62,4.05
2017.04.10 02:20:30.586,0.74825,0.74834,1.12,1.00
2017.04.10 02:20:31.183,0.74824,0.74834,1.39,1.00
2017.04.10 02:20:32.142,0.74823,0.74832,1.20,1.50
2017.04.10 02:20:32.294,0.74821,0.74831,1.87,1.50
2017.04.10 02:20:32.822,0.74821,0.74831,2.25,3.00
2017.04.10 02:20:42.265,0.74821,0.74829,1.31,1.00
2017.04.10 02:20:44.296,0.74821,0.7483,1.31,1.00
2017.04.10 02:20:44.448,0.74825,0.74831,1.87,3.00
2017.04.10 02:20:44.550,0.74827,0.74833,3.94,1.00
2017.04.10 02:20:44.602,0.74827,0.74836,1.31,3.37
2017.04.10 02:20:45.058,0.74828,0.74838,2.62,3.22
2017.04.10 02:20:45.837,0.74827,0.74839,7.31,4.12
2017.04.10 02:20:46.436,0.7483,0.74839,1.00,4.87
2017.04.10 02:20:48.154,0.7483,0.74837,1.00,1.00
2017.04.10 02:20:48.674,0.74829,0.74838,1.00,4.72
2017.04.10 02:20:49.205,0.74829,0.74837,1.00,1.00
2017.04.10 02:20:49.742,0.74829,0.74836,1.00,1.00
2017.04.10 02:20:50.261,0.74829,0.74837,1.00,2.25
2017.04.10 02:20:50.769,0.74829,0.74837,1.00,3.22
2017.04.10 02:20:51.311,0.74829,0.74837,1.00,3.37
2017.04.10 02:20:53.952,0.7483,0.74837,1.00,2.25
2017.04.10 02:20:59.895,0.7483,0.74838,1.00,2.62
2017.04.10 02:21:00.558,0.74829,0.74839,1.50,2.62
2017.04.10 02:21:01.126,0.74829,0.74839,3.19,1.00
2017.04.10 02:21:01.647,0.7483,0.74838,2.25,1.00
2017.04.10 02:21:02.356,0.7483,0.74839,3.00,1.00
2017.04.10 02:21:02.724,0.74832,0.74839,1.00,1.00
2017.04.10 02:21:03.355,0.74832,0.7484,1.50,3.00
2017.04.10 02:21:05.152,0.74832,0.74841,3.19,3.75
2017.04.10 02:21:05.458,0.7484,0.74847,1.00,1.57
2017.04.10 02:21:07.555,0.74839,0.74847,1.50,1.87
2017.04.10 02:21:09.112,0.74839,0.74845,1.00,1.00
2017.04.10 02:21:09.315,0.74836,0.74843,1.00,1.50
2017.04.10 02:21:09.788,0.74836,0.74845,1.00,5.25
2017.04.10 02:21:10.294,0.74835,0.74844,1.12,1.12
2017.04.10 02:21:11.273,0.74836,0.74844,1.00,1.12
2017.04.10 02:21:11.476,0.74836,0.74846,1.00,4.87
2017.04.10 02:21:11.628,0.74838,0.74846,1.00,2.62
2017.04.10 02:21:11.781,0.74836,0.74845,1.00,3.98
2017.04.10 02:21:11.832,0.74835,0.74844,1.50,1.37
2017.04.10 02:21:12.155,0.74837,0.74846,1.00,1.87
2017.04.10 02:21:12.669,0.74836,0.74845,1.12,1.50
2017.04.10 02:21:14.115,0.74835,0.74844,1.37,1.00
2017.04.10 02:21:14.166,0.74834,0.74844,2.89,1.00
2017.04.10 02:21:14.268,0.74837,0.74846,1.00,2.25
2017.04.10 02:21:14.815,0.7484,0.74846,1.00,1.00
2017.04.10 02:21:15.270,0.74838,0.74847,1.00,3.37
2017.04.10 02:21:15.777,0.74838,0.74846,1.00,1.00
2017.04.10 02:21:20.307,0.74838,0.74844,1.00,3.75
2017.04.10 02:21:20.358,0.74835,0.74844,3.00,4.50
2017.04.10 02:21:20.864,0.74834,0.74844,3.37,6.75
2017.04.10 02:21:22.655,0.74834,0.74844,2.25,3.75
2017.04.10 02:21:23.610,0.74834,0.74844,1.87,3.75
2017.04.10 02:21:24.940,0.74835,0.74844,1.00,3.75
2017.04.10 02:21:35.679,0.74834,0.74844,3.37,5.32
2017.04.10 02:21:36.185,0.74834,0.74844,3.37,2.25
2017.04.10 02:21:36.387,0.74834,0.74842,1.00,4.12
2017.04.10 02:21:36.438,0.74832,0.74841,1.20,6.37
2017.04.10 02:21:36.540,0.74834,0.74841,1.00,2.77
2017.04.10 02:21:36.757,0.74834,0.74842,1.00,3.75
2017.04.10 02:21:36.858,0.74832,0.74842,1.87,9.75
2017.04.10 02:21:36.960,0.74832,0.74841,1.00,1.17
2017.04.10 02:21:37.466,0.74831,0.74841,4.31,1.17
2017.04.10 02:21:38.083,0.74831,0.74841,4.31,2.25
2017.04.10 02:21:38.689,0.74831,0.74841,3.94,3.00
2017.04.10 02:21:39.197,0.74831,0.74841,3.94,1.87
2017.04.10 02:21:41.139,0.74831,0.74841,3.19,2.40
2017.04.10 02:21:42.202,0.74831,0.74841,3.94,2.40
2017.04.10 02:21:42.708,0.74831,0.7484,3.94,1.07
2017.04.10 02:22:02.158,0.74832,0.74841,1.00,1.10
2017.04.10 02:22:02.310,0.74837,0.74843,1.00,1.57
2017.04.10 02:22:02.361,0.74837,0.74843,1.00,1.00
2017.04.10 02:22:02.513,0.74838,0.74845,1.12,6.00
2017.04.10 02:22:03.020,0.74837,0.74845,1.00,6.75
2017.04.10 02:22:03.533,0.74837,0.74844,1.00,2.85
2017.04.10 02:22:03.584,0.74836,0.74844,1.12,6.22
2017.04.10 02:22:03.686,0.74833,0.74842,2.25,6.07
2017.04.10 02:22:03.890,0.74835,0.74844,1.00,3.82
2017.04.10 02:22:11.916,0.74835,0.74845,1.00,10.35
2017.04.10 02:22:12.585,0.74835,0.74844,1.00,2.25
2017.04.10 02:22:13.405,0.74835,0.74845,1.00,9.37
2017.04.10 02:22:14.052,0.74835,0.74844,1.00,2.25
2017.04.10 02:22:15.213,0.74835,0.74845,1.00,9.45
2017.04.10 02:22:15.922,0.74835,0.74844,1.00,2.25
2017.04.10 02:22:16.446,0.74835,0.74845,1.00,10.05
2017.04.10 02:22:17.252,0.74835,0.74845,1.00,8.70
2017.04.10 02:22:17.826,0.74835,0.74845,1.00,8.70
2017.04.10 02:22:18.362,0.74835,0.74845,1.00,9.30
2017.04.10 02:22:20.137,0.74835,0.74845,1.00,8.70
2017.04.10 02:22:20.657,0.74835,0.74844,1.00,2.25
2017.04.10 02:22:51.972,0.74837,0.74844,1.00,3.00
2017.04.10 02:22:52.977,0.74836,0.74844,1.50,3.00
2017.04.10 02:22:54.260,0.74837,0.74844,1.00,3.07
2017.04.10 02:22:58.450,0.74836,0.74844,2.25,5.62
2017.04.10 02:23:00.527,0.74835,0.74844,2.40,5.70
2017.04.10 02:23:01.067,0.74836,0.74844,1.12,3.00
2017.04.10 02:23:06.315,0.74837,0.74845,1.00,1.20
2017.04.10 02:23:06.416,0.74837,0.74847,2.44,2.70
2017.04.10 02:23:08.109,0.74837,0.74847,3.56,1.00
2017.04.10 02:23:15.707,0.74838,0.74848,1.00,1.57
2017.04.10 02:23:18.806,0.74839,0.74849,1.50,4.05
2017.04.10 02:23:19.324,0.7484,0.74849,1.17,3.37
2017.04.10 02:23:19.845,0.74839,0.74849,2.40,2.25
2017.04.10 02:23:20.463,0.74839,0.74849,1.65,3.75
2017.04.10 02:23:20.968,0.74839,0.74849,2.47,2.25
2017.04.10 02:23:21.743,0.74839,0.74849,3.97,2.25
2017.04.10 02:23:22.265,0.74839,0.74849,4.27,2.25
2017.04.10 02:23:22.937,0.7484,0.74849,1.07,1.50
2017.04.10 02:23:23.443,0.74841,0.74851,1.95,4.12
2017.04.10 02:23:23.990,0.74841,0.74851,1.39,1.00
2017.04.10 02:23:26.966,0.7484,0.7485,7.16,1.00
2017.04.10 02:23:27.573,0.7484,0.7485,7.16,1.00
2017.04.10 02:23:29.434,0.74843,0.7485,1.00,1.00
2017.04.10 02:23:29.738,0.74843,0.74852,1.00,1.00
2017.04.10 02:23:30.268,0.74843,0.74853,1.00,6.75
2017.04.10 02:23:31.345,0.74842,0.74851,1.10,1.50
2017.04.10 02:23:31.921,0.74845,0.74853,1.69,2.25
2017.04.10 02:23:32.125,0.74847,0.74857,2.06,3.00
2017.04.10 02:23:33.168,0.74847,0.74857,2.44,3.37
2017.04.10 02:23:33.674,0.74848,0.74858,1.69,4.50
2017.04.10 02:23:36.612,0.74848,0.74858,4.69,1.00
2017.04.10 02:23:47.140,0.74849,0.74858,1.69,1.00
2017.04.10 02:23:47.642,0.74848,0.74858,2.25,6.00
2017.04.10 02:23:52.691,0.74847,0.74857,3.19,2.62
2017.04.10 02:23:54.353,0.74847,0.74856,2.06,1.00
2017.04.10 02:23:55.263,0.74847,0.74857,2.06,1.87
2017.04.10 02:23:56.675,0.74847,0.74856,1.69,1.00
2017.04.10 02:23:57.902,0.74847,0.74857,2.06,1.87
2017.04.10 02:23:58.439,0.74848,0.74857,1.50,2.62
2017.04.10 02:24:06.751,0.74848,0.74857,1.00,2.47
2017.04.10 02:24:13.320,0.74847,0.74857,1.12,2.85
2017.04.10 02:24:13.875,0.74845,0.74855,4.72,1.50
2017.04.10 02:24:14.028,0.74845,0.74855,3.00,1.50
2017.04.10 02:24:16.521,0.74844,0.74852,1.87,1.12
2017.04.10 02:24:16.623,0.74842,0.74851,1.00,5.51
2017.04.10 02:24:16.846,0.74839,0.7485,3.90,1.50
2017.04.10 02:24:16.897,0.74839,0.74848,2.02,1.00
2017.04.10 02:24:18.144,0.74838,0.74849,1.69,4.35
2017.04.10 02:24:18.683,0.74838,0.74849,1.69,6.75
2017.04.10 02:24:19.199,0.74839,0.74848,1.50,1.00
2017.04.10 02:24:20.131,0.74838,0.74848,2.44,2.32
2017.04.10 02:24:21.061,0.74839,0.74848,1.50,1.00
2017.04.10 02:24:22.152,0.74838,0.74848,2.25,3.00
2017.04.10 02:24:23.268,0.74839,0.74848,1.50,1.00
2017.04.10 02:24:24.206,0.74838,0.74848,2.62,2.25
2017.04.10 02:24:26.576,0.74838,0.74848,3.00,1.50
2017.04.10 02:24:29.248,0.74838,0.74848,1.87,2.25
2017.04.10 02:24:29.788,0.74837,0.74848,4.31,1.00
2017.04.10 02:24:30.294,0.74838,0.74848,1.50,1.50
2017.04.10 02:24:31.359,0.74837,0.74847,6.64,2.25
2017.04.10 02:24:32.059,0.74837,0.74847,5.44,2.25
2017.04.10 02:24:34.259,0.74837,0.74847,4.31,2.25
2017.04.10 02:24:34.766,0.74837,0.74847,5.06,3.60
2017.04.10 02:24:34.970,0.74837,0.74845,3.94,1.00
2017.04.10 02:24:35.477,0.74835,0.74846,6.26,1.87
2017.04.10 02:24:37.021,0.74836,0.74845,1.10,1.00
2017.04.10 02:24:37.526,0.74836,0.74846,1.00,1.87
2017.04.10 02:24:37.831,0.74836,0.74844,1.00,1.00
2017.04.10 02:24:37.882,0.74836,0.74846,1.00,1.87
2017.04.10 02:24:38.806,0.74836,0.74845,1.57,1.00
2017.04.10 02:24:39.312,0.74836,0.74846,1.12,2.25
2017.04.10 02:24:44.805,0.74838,0.74846,1.25,1.00
2017.04.10 02:24:45.311,0.74838,0.74847,2.44,1.00
2017.04.10 02:24:46.122,0.74838,0.74847,1.16,1.00
2017.04.10 02:24:46.527,0.74838,0.74847,1.01,1.00
2017.04.10 02:24:54.848,0.74837,0.74843,1.87,1.00
2017.04.10 02:24:55.051,0.74834,0.74842,1.50,1.00
2017.04.10 02:24:55.557,0.74835,0.74843,1.00,1.00
2017.04.10 02:24:56.165,0.74834,0.74843,1.35,1.00
2017.04.10 02:24:56.689,0.74833,0.74843,5.66,1.00
2017.04.10 02:24:57.253,0.74835,0.74845,1.10,4.80
2017.04.10 02:24:57.787,0.74835,0.74845,1.00,5.02
2017.04.10 02:24:57.888,0.74837,0.74845,1.00,2.85
2017.04.10 02:24:58.192,0.74838,0.74848,1.50,1.12
2017.04.10 02:24:58.294,0.7484,0.74848,1.25,1.00
2017.04.10 02:24:58.801,0.7484,0.74849,1.25,6.82
2017.04.10 02:24:59.335,0.74841,0.74849,1.00,4.72
2017.04.10 02:25:03.354,0.74839,0.74849,1.87,4.12
2017.04.10 02:25:05.188,0.74839,0.74847,1.37,1.00
2017.04.10 02:25:05.734,0.74839,0.74848,1.37,1.00
2017.04.10 02:25:06.257,0.7484,0.74849,1.12,3.75
2017.04.10 02:25:09.869,0.74839,0.74846,1.87,2.10
2017.04.10 02:25:10.022,0.74838,0.74847,1.00,1.50
2017.04.10 02:25:10.552,0.74838,0.74848,1.00,3.56
2017.04.10 02:25:11.327,0.74838,0.74848,1.00,2.59
2017.04.10 02:25:11.429,0.74837,0.74845,1.12,1.00
2017.04.10 02:25:11.530,0.74835,0.74845,1.12,1.95
2017.04.10 02:25:12.081,0.74836,0.74845,1.00,2.55
2017.04.10 02:25:12.511,0.74835,0.74845,1.87,3.37
2017.04.10 02:25:12.715,0.74833,0.74843,1.12,5.17
2017.04.10 02:25:13.224,0.74833,0.74843,1.00,6.15
2017.04.10 02:25:14.630,0.74833,0.74843,1.50,2.62
2017.04.10 02:25:15.135,0.74834,0.74843,1.00,2.25
2017.04.10 02:25:15.642,0.74835,0.74844,1.00,3.00
2017.04.10 02:25:16.262,0.74836,0.74844,1.00,3.00
2017.04.10 02:25:17.927,0.74836,0.74845,1.00,1.00
2017.04.10 02:25:18.029,0.74839,0.74846,1.00,1.12
2017.04.10 02:25:18.548,0.74839,0.74847,1.00,1.87
2017.04.10 02:25:19.539,0.74839,0.74848,1.00,3.56
2017.04.10 02:25:20.059,0.74839,0.74847,1.00,1.12
2017.04.10 02:25:22.401,0.74839,0.74848,1.00,4.91
2017.04.10 02:25:22.936,0.74839,0.74848,1.00,5.81
2017.04.10 02:25:23.557,0.74838,0.74848,1.00,9.56
2017.04.10 02:25:23.659,0.74838,0.74847,1.00,4.87
2017.04.10 02:25:24.770,0.74839,0.74848,1.00,2.81
2017.04.10 02:25:25.276,0.7484,0.74849,1.00,6.52
2017.04.10 02:25:29.532,0.7484,0.74849,1.57,3.37
2017.04.10 02:25:30.040,0.7484,0.74849,1.57,2.62
2017.04.10 02:25:31.194,0.7484,0.74849,2.40,2.62
2017.04.10 02:25:31.701,0.7484,0.74849,2.40,3.37
2017.04.10 02:25:32.215,0.74841,0.74849,1.57,3.37
2017.04.10 02:25:35.763,0.74841,0.74849,1.50,1.50
2017.04.10 02:25:36.299,0.74841,0.7485,1.00,3.37
2017.04.10 02:25:41.471,0.74843,0.74851,1.00,1.20
2017.04.10 02:25:41.776,0.74845,0.74852,1.00,1.00
2017.04.10 02:25:41.827,0.74845,0.74854,1.00,3.37
2017.04.10 02:25:42.030,0.74847,0.74854,1.00,1.50
2017.04.10 02:25:42.335,0.74845,0.74852,1.00,3.60
2017.04.10 02:25:42.386,0.74843,0.74852,1.00,3.60
2017.04.10 02:25:42.631,0.74843,0.74852,1.00,2.25
2017.04.10 02:25:43.133,0.74844,0.74852,1.00,2.17
2017.04.10 02:25:43.707,0.74844,0.74852,1.00,1.42
2017.04.10 02:25:44.238,0.74843,0.74852,1.00,2.62
2017.04.10 02:25:44.769,0.74843,0.74852,1.00,2.62
2017.04.10 02:25:51.174,0.74845,0.74851,1.00,1.12
2017.04.10 02:25:51.275,0.74845,0.74854,1.12,1.27
2017.04.10 02:25:51.579,0.74846,0.74855,1.00,2.85
2017.04.10 02:25:51.782,0.74848,0.74855,1.00,2.25
2017.04.10 02:25:52.508,0.74848,0.74856,1.00,3.37
2017.04.10 02:26:03.947,0.74849,0.74857,1.00,1.87
2017.04.10 02:26:05.024,0.74849,0.74857,1.12,1.50
2017.04.10 02:26:05.328,0.74851,0.74859,1.00,1.87
2017.04.10 02:26:05.848,0.74851,0.7486,1.50,1.87
2017.04.10 02:26:06.456,0.74851,0.7486,1.50,2.62
2017.04.10 02:26:06.963,0.74851,0.7486,1.00,2.25
2017.04.10 02:26:08.503,0.74853,0.74861,1.50,3.37
2017.04.10 02:26:08.807,0.74861,0.74866,1.00,3.75
2017.04.10 02:26:09.010,0.74861,0.74868,1.00,1.50
2017.04.10 02:26:09.546,0.74862,0.74868,1.00,1.50
2017.04.10 02:26:10.558,0.74862,0.74867,1.00,1.00
2017.04.10 02:26:10.862,0.74859,0.74868,1.00,2.62
2017.04.10 02:26:11.428,0.7486,0.74867,1.00,2.62
2017.04.10 02:26:12.093,0.74858,0.74866,1.00,2.25
2017.04.10 02:26:12.145,0.74856,0.74864,1.95,2.85
2017.04.10 02:26:12.450,0.74858,0.74865,1.00,1.20
2017.04.10 02:26:12.957,0.74857,0.74865,1.00,1.12
2017.04.10 02:26:13.487,0.74857,0.74866,1.00,1.12
2017.04.10 02:26:19.311,0.74856,0.74862,1.50,1.50
2017.04.10 02:26:19.413,0.74854,0.74863,1.69,5.62
2017.04.10 02:26:19.514,0.74854,0.74862,1.69,1.37
2017.04.10 02:26:24.563,0.74856,0.74863,1.50,6.00
2017.04.10 02:26:24.715,0.74856,0.74864,1.50,2.25
2017.04.10 02:26:25.221,0.74857,0.74865,1.00,1.00
2017.04.10 02:26:25.751,0.74856,0.74864,1.00,4.87
2017.04.10 02:26:25.853,0.74854,0.74862,1.69,1.50
2017.04.10 02:26:26.470,0.74854,0.74863,1.69,3.00
2017.04.10 02:26:28.838,0.74854,0.74862,1.69,1.00
2017.04.10 02:26:31.839,0.74854,0.74861,1.69,1.00
2017.04.10 02:26:32.596,0.74852,0.74861,1.00,6.22
2017.04.10 02:26:33.109,0.74852,0.74861,1.00,7.20
2017.04.10 02:26:34.722,0.74851,0.74858,1.00,1.87
2017.04.10 02:26:34.823,0.74849,0.74858,3.00,5.25
2017.04.10 02:26:34.925,0.74849,0.74857,1.00,1.87
2017.04.10 02:26:35.027,0.74848,0.74857,1.00,2.25
2017.04.10 02:26:35.533,0.7485,0.74858,1.00,5.17
2017.04.10 02:26:35.837,0.7485,0.74859,1.07,4.72
2017.04.10 02:26:36.394,0.74851,0.74858,1.00,1.00
2017.04.10 02:26:38.332,0.7485,0.74858,1.00,3.00
2017.04.10 02:26:40.444,0.7485,0.74859,1.00,2.62
2017.04.10 02:26:40.994,0.74851,0.74859,1.00,1.87
2017.04.10 02:26:41.431,0.74851,0.74859,1.00,1.37
2017.04.10 02:26:41.736,0.74842,0.7485,2.06,2.62
2017.04.10 02:26:41.840,0.74843,0.74851,1.00,1.37
2017.04.10 02:26:42.625,0.74842,0.74851,1.00,1.37
2017.04.10 02:26:42.727,0.7484,0.74849,2.89,1.87
2017.04.10 02:26:43.233,0.7484,0.74848,1.69,1.12
2017.04.10 02:26:44.039,0.7484,0.74849,1.00,3.37
2017.04.10 02:26:45.016,0.7484,0.74848,1.00,1.35
2017.04.10 02:26:45.118,0.74838,0.74846,1.95,1.00
2017.04.10 02:26:45.423,0.74833,0.74843,2.89,2.62
2017.04.10 02:26:45.474,0.74833,0.74843,4.31,4.12
2017.04.10 02:26:48.344,0.74833,0.74841,1.69,1.00
2017.04.10 02:26:49.355,0.74833,0.74842,1.69,1.87
2017.04.10 02:26:49.661,0.74833,0.7484,1.00,1.30
2017.04.10 02:26:51.296,0.74832,0.74839,1.00,1.00
2017.04.10 02:26:51.802,0.74833,0.7484,1.00,1.50
2017.04.10 02:26:52.547,0.74833,0.7484,1.00,1.00
2017.04.10 02:26:53.054,0.74833,0.74842,1.00,2.62
2017.04.10 02:26:53.560,0.74832,0.74841,1.00,2.62
2017.04.10 02:26:53.864,0.7483,0.74839,2.06,1.00
2017.04.10 02:26:54.738,0.7483,0.7484,2.06,5.85
2017.04.10 02:26:55.725,0.7483,0.7484,2.06,5.47
2017.04.10 02:26:56.243,0.7483,0.74839,1.31,1.12
2017.04.10 02:26:57.699,0.7483,0.74839,1.62,1.30
2017.04.10 02:26:58.203,0.7483,0.74839,1.25,1.30
2017.04.10 02:26:58.754,0.74829,0.7484,2.25,6.60
2017.04.10 02:26:59.558,0.74829,0.7484,2.25,7.42
2017.04.10 02:27:04.311,0.74829,0.74839,2.25,1.12
2017.04.10 02:27:05.022,0.7483,0.74839,1.50,1.12
2017.04.10 02:27:05.298,0.74829,0.7484,2.25,6.97
2017.04.10 02:27:05.450,0.74829,0.74839,2.25,1.72
2017.04.10 02:27:05.855,0.74829,0.74839,2.25,3.22
2017.04.10 02:27:10.959,0.74829,0.74839,1.00,4.12
2017.04.10 02:27:11.563,0.74828,0.74839,2.62,4.87
2017.04.10 02:27:12.070,0.74829,0.74839,1.50,2.62
2017.04.10 02:27:12.619,0.7483,0.74838,1.50,1.12
2017.04.10 02:27:14.320,0.74829,0.7484,2.25,5.14
2017.04.10 02:27:16.605,0.74829,0.74837,2.25,1.00
2017.04.10 02:27:17.110,0.74829,0.74839,1.87,1.87
2017.04.10 02:27:17.696,0.74829,0.74839,1.87,1.57
2017.04.10 02:27:18.529,0.74829,0.74838,1.87,1.00
2017.04.10 02:27:19.053,0.74829,0.74838,1.50,1.37
2017.04.10 02:27:22.515,0.74829,0.74839,1.57,1.87
2017.04.10 02:27:23.030,0.7483,0.74839,1.50,2.25
2017.04.10 02:27:25.516,0.74829,0.74833,3.75,1.00
2017.04.10 02:27:25.720,0.74821,0.74829,2.25,1.72
2017.04.10 02:27:25.821,0.7482,0.74828,1.50,3.37
2017.04.10 02:27:26.024,0.74819,0.74828,1.50,1.00
2017.04.10 02:27:26.534,0.7482,0.74829,1.00,1.54
2017.04.10 02:27:26.914,0.74822,0.7483,1.00,4.39
2017.04.10 02:27:27.420,0.74822,0.74831,1.00,3.00
2017.04.10 02:27:29.968,0.74821,0.74831,6.45,1.50
2017.04.10 02:27:30.535,0.74822,0.74831,1.00,1.00
2017.04.10 02:27:31.074,0.74823,0.74831,1.00,1.00
2017.04.10 02:27:31.954,0.74823,0.74832,1.00,2.81
2017.04.10 02:27:32.461,0.74824,0.74834,1.72,6.37
2017.04.10 02:27:32.983,0.74823,0.74832,1.00,1.00
2017.04.10 02:27:33.792,0.74824,0.74833,2.55,1.12
2017.04.10 02:27:34.298,0.74824,0.74833,1.12,1.50
2017.04.10 02:27:34.843,0.74823,0.74833,1.00,4.50
2017.04.10 02:27:37.513,0.74823,0.74832,1.12,1.00
2017.04.10 02:27:38.513,0.74826,0.74833,1.00,1.50
2017.04.10 02:27:39.005,0.74823,0.74833,7.20,2.25
2017.04.10 02:27:39.512,0.74824,0.74832,1.00,1.12
2017.04.10 02:27:41.078,0.74822,0.74833,1.12,4.87
2017.04.10 02:27:41.130,0.74821,0.7483,1.00,1.12
2017.04.10 02:27:41.687,0.74821,0.74829,1.00,2.25
2017.04.10 02:27:42.192,0.7482,0.7483,3.00,7.12
2017.04.10 02:27:42.736,0.7482,0.74829,6.00,2.25
2017.04.10 02:27:43.242,0.7482,0.7483,4.50,6.00
2017.04.10 02:27:43.780,0.7482,0.74829,3.75,2.25
2017.04.10 02:27:44.388,0.7482,0.7483,3.75,6.75
2017.04.10 02:27:44.701,0.74824,0.74832,1.37,1.00
2017.04.10 02:27:44.752,0.74823,0.74832,1.00,1.50
2017.04.10 02:27:45.259,0.74821,0.74831,1.50,4.65
2017.04.10 02:27:45.766,0.74821,0.74831,1.50,6.82
2017.04.10 02:27:48.055,0.7482,0.74829,1.12,6.00
2017.04.10 02:27:48.207,0.74819,0.74829,3.75,3.75
2017.04.10 02:27:50.860,0.74819,0.74828,1.87,1.00
2017.04.10 02:27:51.395,0.74819,0.74829,1.37,2.25
2017.04.10 02:27:52.186,0.74819,0.74828,2.25,1.00
2017.04.10 02:27:52.734,0.74819,0.74829,1.87,3.97
2017.04.10 02:27:53.252,0.74819,0.74829,1.37,4.50
2017.04.10 02:27:53.945,0.74822,0.74829,1.69,1.37
2017.04.10 02:27:54.148,0.74822,0.74833,1.50,6.19
2017.04.10 02:27:54.603,0.74822,0.74831,3.97,1.00
2017.04.10 02:27:55.138,0.74823,0.74831,1.10,1.00
2017.04.10 02:27:56.751,0.74821,0.74831,9.67,1.00
2017.04.10 02:27:57.612,0.74822,0.74831,1.50,1.00
2017.04.10 02:27:58.188,0.74822,0.7483,1.00,1.00
2017.04.10 02:28:01.222,0.74826,0.74833,1.00,4.50
2017.04.10 02:28:01.374,0.74825,0.74834,1.87,4.87
2017.04.10 02:28:01.476,0.74823,0.74833,2.70,1.87
2017.04.10 02:28:01.982,0.74822,0.74833,1.87,3.75
2017.04.10 02:28:02.514,0.74822,0.74832,1.12,1.50
2017.04.10 02:28:05.367,0.74822,0.74833,4.87,2.70
2017.04.10 02:28:05.874,0.74822,0.74833,5.62,1.87
2017.04.10 02:28:08.624,0.74826,0.74834,1.12,1.12
2017.04.10 02:28:08.776,0.74826,0.74836,3.37,1.20
2017.04.10 02:28:09.284,0.74826,0.74837,10.50,1.50
2017.04.10 02:28:11.180,0.74828,0.74838,1.12,6.30
2017.04.10 02:28:11.383,0.7483,0.74837,1.00,1.00
2017.04.10 02:28:11.434,0.74828,0.74838,1.12,5.47
2017.04.10 02:28:11.944,0.74829,0.74837,1.00,1.00
2017.04.10 02:28:12.536,0.74827,0.74838,1.87,4.95
2017.04.10 02:28:12.896,0.74827,0.74837,1.87,4.05
2017.04.10 02:28:13.416,0.74827,0.74837,1.50,3.97
2017.04.10 02:28:13.918,0.74828,0.74837,1.00,4.80
2017.04.10 02:28:15.790,0.74827,0.74837,1.00,3.22
2017.04.10 02:28:16.509,0.74827,0.74837,1.00,3.30
2017.04.10 02:28:22.025,0.74826,0.74837,7.87,3.97
2017.04.10 02:28:22.329,0.74826,0.74836,1.37,3.82
2017.04.10 02:28:22.833,0.74826,0.74835,1.50,1.00
2017.04.10 02:28:23.341,0.74826,0.74836,1.50,3.75
2017.04.10 02:28:23.892,0.74826,0.74835,1.12,1.00
2017.04.10 02:28:24.394,0.74826,0.74836,1.12,3.00
2017.04.10 02:28:26.327,0.74826,0.74835,1.12,1.00
2017.04.10 02:28:26.990,0.74827,0.74835,1.00,1.00
2017.04.10 02:28:27.193,0.74827,0.74838,1.00,6.97
2017.04.10 02:28:27.699,0.74827,0.74837,1.50,1.00
2017.04.10 02:28:28.204,0.74827,0.74838,2.25,4.87
2017.04.10 02:28:31.718,0.74828,0.74838,1.50,3.30
2017.04.10 02:28:32.537,0.74828,0.74837,1.50,1.00
2017.04.10 02:28:34.215,0.74827,0.74837,5.25,1.00
2017.04.10 02:28:35.049,0.74828,0.74837,1.00,1.50
2017.04.10 02:28:37.049,0.74827,0.74837,5.62,1.00
2017.04.10 02:28:40.609,0.74827,0.74838,3.37,6.79
2017.04.10 02:28:41.500,0.74827,0.74837,2.62,1.00
2017.04.10 02:28:42.378,0.74827,0.74838,3.75,4.54
2017.04.10 02:28:43.036,0.74827,0.74837,3.75,1.00
2017.04.10 02:28:43.551,0.74828,0.74837,1.00,1.00
2017.04.10 02:28:44.061,0.74827,0.74837,3.75,1.00
2017.04.10 02:28:44.587,0.74827,0.74838,3.00,4.01
2017.04.10 02:28:45.658,0.74827,0.74837,3.00,1.00
2017.04.10 02:28:46.209,0.74827,0.74838,3.37,2.51
2017.04.10 02:28:47.244,0.74827,0.74837,3.00,1.00
2017.04.10 02:28:48.146,0.74827,0.74838,3.75,4.01
2017.04.10 02:28:49.755,0.74827,0.74837,3.37,1.00
2017.04.10 02:28:50.729,0.74827,0.74838,3.37,2.81
2017.04.10 02:28:51.256,0.74827,0.74838,3.75,4.31
2017.04.10 02:28:53.211,0.74829,0.74838,1.00,1.85
2017.04.10 02:28:53.712,0.74828,0.74838,1.57,1.61
2017.04.10 02:28:54.254,0.74828,0.74837,2.25,1.35
2017.04.10 02:28:54.888,0.74829,0.74837,1.00,1.00
2017.04.10 02:28:55.699,0.74827,0.74837,3.07,1.35
2017.04.10 02:28:56.204,0.74827,0.74837,1.87,2.70
2017.04.10 02:28:57.190,0.74827,0.74837,2.25,3.67
2017.04.10 02:28:57.696,0.74827,0.74838,1.50,3.79
2017.04.10 02:29:02.459,0.74827,0.74838,3.07,2.36
2017.04.10 02:29:03.030,0.74827,0.74838,2.25,2.36
2017.04.10 02:29:03.549,0.74828,0.74838,1.00,2.29
2017.04.10 02:29:04.268,0.74828,0.74838,1.00,2.36
2017.04.10 02:29:05.045,0.74828,0.74838,1.00,2.36
2017.04.10 02:29:05.546,0.74827,0.74838,3.37,1.61
2017.04.10 02:29:05.748,0.74828,0.74838,1.17,1.69
2017.04.10 02:29:06.270,0.74828,0.74838,1.65,1.69
2017.04.10 02:29:07.255,0.74828,0.74838,1.57,2.29
2017.04.10 02:29:08.110,0.74828,0.74838,1.17,2.29
2017.04.10 02:29:08.616,0.74828,0.74838,1.00,2.29
2017.04.10 02:29:09.223,0.74827,0.74838,2.32,1.76
2017.04.10 02:29:18.167,0.74827,0.74838,2.62,4.20
2017.04.10 02:29:21.341,0.74827,0.74837,2.62,1.00
2017.04.10 02:29:21.977,0.74827,0.74838,1.87,3.22
2017.04.10 02:29:22.521,0.74827,0.74838,1.87,1.72
2017.04.10 02:29:23.478,0.74827,0.74838,1.87,3.22
2017.04.10 02:29:24.017,0.74826,0.74837,3.75,1.12
2017.04.10 02:29:26.129,0.74826,0.74837,3.00,3.00
2017.04.10 02:29:26.821,0.74826,0.74835,2.62,1.00
2017.04.10 02:29:27.508,0.74826,0.74835,2.25,1.00
2017.04.10 02:29:27.859,0.74821,0.7483,1.50,1.00
2017.04.10 02:29:28.314,0.74823,0.7483,1.00,2.55
2017.04.10 02:29:30.451,0.74821,0.74831,1.10,3.07
2017.04.10 02:29:35.656,0.74821,0.7483,1.00,1.80
2017.04.10 02:29:36.236,0.74821,0.7483,1.00,1.80
2017.04.10 02:29:41.785,0.74821,0.7483,1.00,2.25
2017.04.10 02:29:42.348,0.74821,0.7483,1.00,1.42
2017.04.10 02:29:43.120,0.74821,0.7483,1.12,3.00
2017.04.10 02:29:43.671,0.74821,0.7483,1.12,1.50
2017.04.10 02:29:44.214,0.74821,0.7483,1.12,1.80
2017.04.10 02:29:44.742,0.74821,0.7483,1.12,1.42
2017.04.10 02:29:45.300,0.74821,0.7483,1.12,2.17
2017.04.10 02:29:48.042,0.74821,0.7483,1.12,1.50
2017.04.10 02:29:48.566,0.74821,0.7483,1.12,1.80
2017.04.10 02:29:50.109,0.74821,0.7483,1.12,2.17
2017.04.10 02:29:50.323,0.74826,0.74831,1.00,1.95
2017.04.10 02:29:50.424,0.74823,0.74832,1.12,2.02
2017.04.10 02:29:50.931,0.74823,0.74832,2.62,2.05
2017.04.10 02:29:51.507,0.74823,0.74832,1.87,1.50
2017.04.10 02:29:52.858,0.74823,0.74832,1.50,2.10
2017.04.10 02:29:55.654,0.74822,0.74831,2.25,1.30
2017.04.10 02:29:56.313,0.74822,0.74833,1.00,4.05
2017.04.10 02:29:56.820,0.74823,0.74832,1.20,1.42
2017.04.10 02:29:59.915,0.74824,0.74833,1.00,6.00
2017.04.10 02:30:00.423,0.74825,0.74833,1.00,1.12
2017.04.10 02:30:00.677,0.74825,0.74835,1.50,1.87
2017.04.10 02:30:02.542,0.74824,0.74834,4.57,1.50
2017.04.10 02:30:02.643,0.74824,0.74834,2.62,1.35
2017.04.10 02:30:03.020,0.74823,0.74834,4.12,4.31
2017.04.10 02:30:03.376,0.74825,0.74835,1.00,1.87
2017.04.10 02:30:04.000,0.74826,0.74836,1.50,1.50
2017.04.10 02:30:06.186,0.74826,0.74836,1.00,4.87
2017.04.10 02:30:07.572,0.74826,0.74836,2.25,3.45
2017.04.10 02:30:07.623,0.74826,0.74836,1.00,1.95
2017.04.10 02:30:07.826,0.74827,0.74836,1.12,1.00
2017.04.10 02:30:08.180,0.74825,0.74834,6.30,1.12
2017.04.10 02:30:08.689,0.74826,0.74836,1.12,2.25
2017.04.10 02:30:09.884,0.74828,0.74837,1.00,3.75
2017.04.10 02:30:10.442,0.74828,0.74837,1.00,1.12
2017.04.10 02:30:10.959,0.74829,0.74838,1.00,1.57
2017.04.10 02:30:11.061,0.7483,0.74839,1.00,1.05
2017.04.10 02:30:12.196,0.74828,0.74838,3.45,1.00
2017.04.10 02:30:12.298,0.74831,0.74839,1.00,1.30
2017.04.10 02:30:15.095,0.74831,0.7484,1.00,1.69
2017.04.10 02:30:15.619,0.74831,0.74841,1.00,9.86
2017.04.10 02:30:17.096,0.74829,0.74839,1.12,1.50
2017.04.10 02:30:17.599,0.74829,0.74838,1.12,4.87
2017.04.10 02:30:18.054,0.74829,0.74836,1.12,1.00
2017.04.10 02:30:19.962,0.74829,0.74837,1.12,2.25
2017.04.10 02:30:20.469,0.7483,0.74837,1.00,2.62
2017.04.10 02:30:21.009,0.7483,0.74836,1.00,2.25
2017.04.10 02:30:23.159,0.74829,0.74836,1.00,2.25
2017.04.10 02:30:23.735,0.74829,0.74837,1.50,1.12
2017.04.10 02:30:25.239,0.74829,0.74836,1.50,1.00
2017.04.10 02:30:27.249,0.74829,0.74838,1.00,2.62
2017.04.10 02:30:28.204,0.74829,0.74837,1.00,2.25
2017.04.10 02:30:29.214,0.74829,0.74836,1.00,1.00
2017.04.10 02:30:30.233,0.74829,0.74838,1.00,2.62
2017.04.10 02:30:31.093,0.7483,0.74838,1.00,2.62
2017.04.10 02:30:33.274,0.7483,0.74837,1.00,2.25
2017.04.10 02:30:33.792,0.74831,0.74837,1.00,2.25
2017.04.10 02:30:34.248,0.7483,0.74839,1.50,2.62
2017.04.10 02:30:35.255,0.7483,0.74838,1.50,2.25
2017.04.10 02:30:39.354,0.7483,0.74839,1.00,3.00
2017.04.10 02:30:42.281,0.7483,0.74838,1.00,1.00
2017.04.10 02:30:43.286,0.7483,0.74839,1.00,3.00
2017.04.10 02:30:44.107,0.7483,0.74839,1.10,5.25
2017.04.10 02:30:44.613,0.7483,0.74839,1.00,5.25
2017.04.10 02:30:45.710,0.7483,0.74838,1.00,1.00
2017.04.10 02:30:45.862,0.74828,0.74837,1.12,1.87
2017.04.10 02:30:45.913,0.74827,0.74836,2.70,1.37
2017.04.10 02:30:46.435,0.74826,0.74836,6.37,1.37
2017.04.10 02:30:47.603,0.74828,0.74836,1.00,1.00
2017.04.10 02:30:48.141,0.74826,0.74836,7.95,1.87
2017.04.10 02:30:50.230,0.74826,0.74835,3.00,1.50
2017.04.10 02:30:50.285,0.74822,0.74831,1.87,1.37
2017.04.10 02:30:53.605,0.74822,0.7483,3.52,1.00
2017.04.10 02:30:54.247,0.74822,0.74831,2.70,3.00
2017.04.10 02:30:55.244,0.74822,0.7483,1.27,2.25
2017.04.10 02:30:57.289,0.74822,0.74831,1.20,3.37
2017.04.10 02:30:58.272,0.74822,0.7483,1.20,1.00
2017.04.10 02:30:58.803,0.74822,0.7483,1.27,1.00
2017.04.10 02:30:59.232,0.74824,0.74832,5.70,3.00
2017.04.10 02:30:59.759,0.74824,0.74833,1.27,1.12
2017.04.10 02:30:59.911,0.74823,0.74833,1.50,1.50
2017.04.10 02:31:00.367,0.74822,0.74832,2.40,3.37
2017.04.10 02:31:00.873,0.74822,0.74832,1.65,3.75
2017.04.10 02:31:01.277,0.74822,0.7483,1.00,1.00
2017.04.10 02:31:01.790,0.74822,0.7483,1.65,1.00
2017.04.10 02:31:02.295,0.74822,0.74831,1.00,4.50
2017.04.10 02:31:03.014,0.74822,0.74831,1.00,6.75
2017.04.10 02:31:03.557,0.74821,0.7483,1.87,1.12
2017.04.10 02:31:04.063,0.74821,0.74829,1.87,1.00
2017.04.10 02:31:07.092,0.7482,0.74829,2.62,2.62
2017.04.10 02:31:07.957,0.74822,0.74829,1.00,2.62
2017.04.10 02:31:08.464,0.74821,0.74828,1.12,1.00
2017.04.10 02:31:09.158,0.74821,0.74829,1.12,2.62
2017.04.10 02:31:09.588,0.7482,0.74828,1.12,4.35
2017.04.10 02:31:11.963,0.7482,0.74826,1.00,1.00
2017.04.10 02:31:12.166,0.74818,0.74826,1.00,3.67
2017.04.10 02:31:12.672,0.74816,0.74826,5.44,3.37
2017.04.10 02:31:13.013,0.74816,0.74822,1.00,1.00
2017.04.10 02:31:13.238,0.74809,0.74817,1.00,1.00
2017.04.10 02:31:13.745,0.74808,0.74817,1.00,3.00
2017.04.10 02:31:14.252,0.74806,0.74816,5.62,2.62
2017.04.10 02:31:14.556,0.74809,0.74816,1.00,2.62
2017.04.10 02:31:15.240,0.7481,0.74816,1.00,1.00
2017.04.10 02:31:16.357,0.74809,0.74816,1.00,1.00
2017.04.10 02:31:16.886,0.74809,0.74817,1.00,1.00
2017.04.10 02:31:17.392,0.74809,0.74818,1.00,1.87
2017.04.10 02:31:17.990,0.74808,0.74818,1.00,1.87
2017.04.10 02:31:18.496,0.74807,0.74816,1.12,2.62
2017.04.10 02:31:20.218,0.74806,0.74816,2.62,2.62
2017.04.10 02:31:21.223,0.74806,0.74815,3.00,1.37
2017.04.10 02:31:23.317,0.74806,0.74815,3.00,1.12
2017.04.10 02:31:23.845,0.74807,0.74815,1.37,1.00
2017.04.10 02:31:24.418,0.74807,0.74816,1.37,1.12
2017.04.10 02:31:28.601,0.74807,0.74816,1.00,1.50
2017.04.10 02:31:29.134,0.74806,0.74816,4.87,1.50
2017.04.10 02:31:38.197,0.74807,0.74816,1.00,1.00
2017.04.10 02:31:39.473,0.74806,0.74816,1.87,3.00
2017.04.10 02:31:42.631,0.74806,0.74816,3.75,1.87
2017.04.10 02:31:43.495,0.74806,0.74815,3.00,2.25
2017.04.10 02:31:44.490,0.74806,0.74816,1.37,1.87
2017.04.10 02:31:45.253,0.74806,0.74816,1.12,2.62
2017.04.10 02:31:46.472,0.74806,0.74815,1.87,2.25
2017.04.10 02:31:47.852,0.74806,0.74815,1.87,3.00
2017.04.10 02:31:48.859,0.74806,0.74815,1.00,1.12
2017.04.10 02:31:49.389,0.74805,0.74813,1.27,2.44
2017.04.10 02:31:50.137,0.74805,0.74812,1.50,1.00
2017.04.10 02:31:50.188,0.74804,0.74812,3.82,2.25
2017.04.10 02:31:50.391,0.74803,0.7481,1.72,1.00
2017.04.10 02:31:50.442,0.74803,0.74812,2.55,1.00
2017.04.10 02:31:50.969,0.74803,0.7481,1.80,1.00
2017.04.10 02:31:51.124,0.74802,0.7481,2.25,1.10
2017.04.10 02:31:51.933,0.74801,0.74811,3.00,2.25
2017.04.10 02:31:52.243,0.74805,0.74812,1.12,1.00
2017.04.10 02:31:52.396,0.74805,0.74814,3.37,2.70
2017.04.10 02:31:53.019,0.74804,0.74814,8.32,1.57
2017.04.10 02:31:53.694,0.74805,0.74815,1.00,4.20
2017.04.10 02:31:54.203,0.74805,0.74815,1.87,4.12
2017.04.10 02:31:55.924,0.74804,0.74813,4.12,1.50
2017.04.10 02:31:56.127,0.74802,0.74811,2.70,1.00
2017.04.10 02:31:56.512,0.74802,0.74811,2.62,1.17
2017.04.10 02:31:57.075,0.74801,0.7481,5.25,1.57
2017.04.10 02:31:57.580,0.74801,0.7481,2.25,1.65
2017.04.10 02:31:58.126,0.74801,0.7481,5.32,1.27
2017.04.10 02:31:58.783,0.74801,0.7481,3.00,1.10
2017.04.10 02:31:59.486,0.74801,0.7481,6.07,1.07
2017.04.10 02:32:00.118,0.74801,0.7481,2.25,1.57
2017.04.10 02:32:00.424,0.748,0.74808,1.12,1.31
2017.04.10 02:32:00.475,0.74798,0.74807,4.50,1.00
2017.04.10 02:32:01.008,0.74798,0.74806,2.62,1.12
2017.04.10 02:32:01.537,0.74799,0.74806,1.00,1.00
2017.04.10 02:32:02.043,0.74798,0.74806,1.50,1.00
2017.04.10 02:32:02.579,0.74798,0.74807,1.00,1.12
2017.04.10 02:32:04.662,0.74798,0.74808,4.27,1.62
2017.04.10 02:32:05.017,0.74796,0.74806,3.00,1.91
2017.04.10 02:32:05.222,0.74795,0.74803,1.00,1.50
2017.04.10 02:32:05.729,0.74794,0.74804,4.87,1.50
2017.04.10 02:32:06.035,0.74796,0.74804,1.12,1.00
2017.04.10 02:32:06.086,0.74795,0.74804,3.00,1.00
2017.04.10 02:32:06.603,0.74796,0.74805,1.37,1.57
2017.04.10 02:32:06.806,0.74795,0.74805,5.25,1.12
2017.04.10 02:32:07.313,0.74796,0.74805,1.87,1.12
2017.04.10 02:32:08.405,0.74795,0.74805,1.87,2.25
2017.04.10 02:32:08.638,0.74795,0.74803,4.87,1.00
2017.04.10 02:32:08.942,0.74789,0.74797,1.50,2.25
2017.04.10 02:32:09.094,0.74787,0.74798,1.87,2.25
2017.04.10 02:32:09.196,0.74785,0.74798,1.95,13.35
2017.04.10 02:32:09.308,0.74787,0.74796,1.00,1.69
2017.04.10 02:32:11.312,0.74788,0.74797,1.00,1.37
2017.04.10 02:32:12.603,0.74788,0.74798,3.75,1.87
2017.04.10 02:32:12.705,0.74788,0.74798,1.50,2.62
2017.04.10 02:32:12.756,0.74788,0.74798,1.50,1.87
2017.04.10 02:32:12.858,0.74787,0.74798,4.87,2.25
2017.04.10 02:32:12.959,0.74789,0.74798,1.50,1.50
2017.04.10 02:32:13.297,0.74791,0.748,1.00,5.25
2017.04.10 02:32:13.348,0.74788,0.748,3.82,7.57
2017.04.10 02:32:13.520,0.74788,0.74795,2.25,1.00
2017.04.10 02:32:14.026,0.74787,0.74796,1.87,1.12
2017.04.10 02:32:14.553,0.74788,0.74797,1.00,1.12
2017.04.10 02:32:16.439,0.74788,0.74797,1.50,1.37
2017.04.10 02:32:16.541,0.74786,0.74797,6.37,1.37
2017.04.10 02:32:17.045,0.74787,0.74797,3.37,1.12
2017.04.10 02:32:17.811,0.74788,0.74797,1.50,1.12
2017.04.10 02:32:25.125,0.74789,0.74797,1.00,2.62
2017.04.10 02:32:25.628,0.74788,0.74797,1.69,1.00
2017.04.10 02:32:26.774,0.74788,0.74797,4.87,1.00
2017.04.10 02:32:27.010,0.74795,0.74799,1.00,1.00
2017.04.10 02:32:27.163,0.74794,0.74801,1.87,1.12
2017.04.10 02:32:27.214,0.74796,0.74802,1.00,1.00
2017.04.10 02:32:27.265,0.74796,0.74804,1.00,3.07
2017.04.10 02:32:27.316,0.74795,0.74803,1.12,2.62
2017.04.10 02:32:27.802,0.74792,0.748,2.25,1.12
2017.04.10 02:32:28.257,0.74795,0.748,1.20,1.00
2017.04.10 02:32:28.308,0.74795,0.74803,1.27,2.32
2017.04.10 02:32:28.460,0.74796,0.74804,2.62,1.95
2017.04.10 02:32:29.454,0.74795,0.74804,4.50,1.10
2017.04.10 02:32:31.835,0.74796,0.74804,3.75,1.00
2017.04.10 02:32:31.886,0.74797,0.74804,1.37,1.10
2017.04.10 02:32:32.039,0.74796,0.74804,2.62,1.00
2017.04.10 02:32:32.090,0.74795,0.748,2.25,1.00
2017.04.10 02:32:32.192,0.74794,0.748,1.00,1.50
2017.04.10 02:32:32.243,0.74791,0.748,1.00,1.65
2017.04.10 02:32:32.771,0.7479,0.74799,5.25,1.10
2017.04.10 02:32:33.283,0.74791,0.74799,1.00,1.00
2017.04.10 02:32:33.802,0.7479,0.74799,1.00,1.00
2017.04.10 02:32:34.336,0.7479,0.74799,2.62,1.00
2017.04.10 02:32:34.804,0.74788,0.74797,6.00,1.00
2017.04.10 02:32:35.158,0.74787,0.74795,1.50,1.50
2017.04.10 02:32:36.044,0.74787,0.74794,1.12,1.00
2017.04.10 02:32:36.299,0.74785,0.74795,6.37,1.17
2017.04.10 02:32:36.350,0.74787,0.74795,1.37,1.65
2017.04.10 02:32:36.705,0.74785,0.74795,5.25,1.20
2017.04.10 02:32:37.219,0.74786,0.74795,1.00,2.06
2017.04.10 02:32:37.816,0.74785,0.74795,3.37,1.87
2017.04.10 02:32:38.070,0.74785,0.74792,1.50,1.00
2017.04.10 02:32:38.171,0.74785,0.74794,1.87,1.12
2017.04.10 02:32:38.374,0.74785,0.74796,2.62,2.81
2017.04.10 02:32:38.660,0.74785,0.74793,3.75,1.00
2017.04.10 02:32:39.168,0.74785,0.74794,5.62,1.00
2017.04.10 02:32:40.202,0.74787,0.74796,1.00,1.12
2017.04.10 02:32:43.151,0.74787,0.74797,1.12,3.34
2017.04.10 02:32:44.759,0.74787,0.74797,1.00,2.06
2017.04.10 02:32:45.764,0.74787,0.74797,1.00,2.44
2017.04.10 02:32:46.309,0.74786,0.74794,1.12,1.00
2017.04.10 02:32:46.876,0.74786,0.74795,1.12,4.87
2017.04.10 02:32:53.712,0.74786,0.74794,1.00,3.37
2017.04.10 02:32:54.016,0.74782,0.7479,1.50,1.00
2017.04.10 02:32:54.572,0.74782,0.74791,8.25,3.00
2017.04.10 02:32:54.876,0.74785,0.74794,1.50,1.00
2017.04.10 02:32:55.879,0.74786,0.74795,1.00,2.51
2017.04.10 02:32:56.413,0.74785,0.74796,6.07,2.25
2017.04.10 02:32:59.398,0.74786,0.74797,3.75,4.57
2017.04.10 02:32:59.904,0.74787,0.74797,1.12,1.12
2017.04.10 02:33:00.782,0.74786,0.74794,1.12,2.25
2017.04.10 02:33:01.086,0.74786,0.74793,2.25,2.62
2017.04.10 02:33:01.238,0.74786,0.74795,2.25,1.50
2017.04.10 02:33:01.845,0.74785,0.74794,3.90,1.00
2017.04.10 02:33:02.394,0.74786,0.74794,1.00,1.00
2017.04.10 02:33:03.067,0.74785,0.74794,3.75,1.00
2017.04.10 02:33:04.035,0.74785,0.74794,1.50,2.62
2017.04.10 02:33:04.136,0.74785,0.74793,1.50,1.37
2017.04.10 02:33:04.339,0.74785,0.74794,1.50,4.57
2017.04.10 02:33:04.622,0.74787,0.74795,1.00,1.45
2017.04.10 02:33:05.127,0.74788,0.74797,1.00,2.25
2017.04.10 02:33:07.447,0.74788,0.74797,1.00,2.70
2017.04.10 02:33:13.610,0.74788,0.74797,3.37,1.12
2017.04.10 02:33:13.661,0.74791,0.74801,5.32,4.12
2017.04.10 02:33:14.174,0.74792,0.74801,1.00,1.87
2017.04.10 02:33:14.667,0.74794,0.74802,1.00,1.12
2017.04.10 02:33:15.151,0.74796,0.74804,1.50,3.00
2017.04.10 02:33:15.304,0.74798,0.74806,1.00,4.69
2017.04.10 02:33:15.659,0.74796,0.74807,2.70,8.51
2017.04.10 02:33:15.863,0.74795,0.74803,4.95,1.00
2017.04.10 02:33:16.218,0.74796,0.74805,2.62,1.00
2017.04.10 02:33:16.759,0.74796,0.74804,2.25,1.00
2017.04.10 02:33:21.152,0.74797,0.74807,1.00,4.20
2017.04.10 02:33:21.406,0.74799,0.74808,1.00,3.26
2017.04.10 02:33:21.862,0.74801,0.7481,2.25,1.50
2017.04.10 02:33:21.964,0.74803,0.7481,1.00,1.00
2017.04.10 02:33:22.471,0.74802,0.74811,1.00,1.00
2017.04.10 02:33:24.038,0.74802,0.74812,1.00,3.19
2017.04.10 02:33:24.578,0.74803,0.74812,1.00,3.19
2017.04.10 02:33:26.790,0.74802,0.74812,1.00,1.25
2017.04.10 02:33:27.313,0.74802,0.74812,1.00,1.69
2017.04.10 02:33:27.617,0.74805,0.74813,1.00,1.00
2017.04.10 02:33:27.923,0.74808,0.74816,1.00,1.87
2017.04.10 02:33:28.469,0.74809,0.74816,1.00,1.50
2017.04.10 02:33:28.989,0.74809,0.74817,1.00,1.50
2017.04.10 02:33:29.294,0.74805,0.74814,4.16,1.12
2017.04.10 02:33:29.835,0.74805,0.74814,4.31,1.12
2017.04.10 02:33:32.593,0.74804,0.74813,1.87,1.00
2017.04.10 02:33:32.898,0.74801,0.7481,1.12,1.12
2017.04.10 02:33:33.203,0.74799,0.74808,2.25,1.12
2017.04.10 02:33:34.547,0.74799,0.74808,1.50,3.37
2017.04.10 02:33:34.598,0.74797,0.74808,3.00,1.87
2017.04.10 02:33:35.256,0.74796,0.74808,4.50,3.75
2017.04.10 02:33:35.798,0.74798,0.74808,1.50,5.25
2017.04.10 02:33:39.073,0.74799,0.74808,1.50,3.00
2017.04.10 02:33:39.606,0.74799,0.74808,2.25,3.75
2017.04.10 02:33:42.312,0.74799,0.74807,2.25,1.37
2017.04.10 02:33:42.695,0.74798,0.74807,2.25,1.37
2017.04.10 02:33:43.998,0.74799,0.74807,1.50,1.37
2017.04.10 02:33:44.852,0.74799,0.74808,1.50,2.62
2017.04.10 02:33:45.577,0.74798,0.74808,2.62,1.37
2017.04.10 02:33:46.549,0.74798,0.74806,3.00,1.37
2017.04.10 02:33:47.678,0.74798,0.74808,3.00,1.37
2017.04.10 02:33:48.238,0.74799,0.74808,1.00,3.37
2017.04.10 02:33:49.269,0.74798,0.74808,2.25,3.37
2017.04.10 02:33:49.774,0.74798,0.74808,3.07,1.87
2017.04.10 02:33:50.280,0.74798,0.74808,3.00,2.62
2017.04.10 02:33:51.797,0.74798,0.74808,3.00,1.37
2017.04.10 02:33:58.062,0.74798,0.74808,3.00,2.62
2017.04.10 02:34:00.343,0.74799,0.74808,1.00,1.37
2017.04.10 02:34:00.875,0.74798,0.74807,2.25,1.37
2017.04.10 02:34:01.382,0.74799,0.74809,1.00,3.75
2017.04.10 02:34:02.888,0.748,0.74809,2.25,1.12
2017.04.10 02:34:02.990,0.74802,0.74811,1.00,3.75
2017.04.10 02:34:03.288,0.74803,0.74812,1.00,5.25
2017.04.10 02:34:04.009,0.74801,0.74812,1.12,5.25
2017.04.10 02:34:07.878,0.748,0.74811,3.82,2.62
2017.04.10 02:34:09.184,0.748,0.74811,3.90,2.62
2017.04.10 02:34:09.888,0.748,0.74811,3.90,2.62
2017.04.10 02:34:10.023,0.74802,0.74811,1.00,1.87
2017.04.10 02:34:12.565,0.74802,0.74811,1.00,1.87
2017.04.10 02:34:13.101,0.74801,0.74811,2.25,6.37
2017.04.10 02:34:13.963,0.74803,0.74811,1.00,2.25
2017.04.10 02:34:14.165,0.74803,0.74812,1.00,3.37
2017.04.10 02:34:14.473,0.74803,0.74811,1.00,1.19
2017.04.10 02:34:14.993,0.74802,0.74811,1.00,1.56
2017.04.10 02:34:17.916,0.74799,0.74808,2.40,2.25
2017.04.10 02:34:18.020,0.74798,0.74807,3.75,1.12
2017.04.10 02:34:18.528,0.74798,0.74806,1.50,2.32
2017.04.10 02:34:20.543,0.74798,0.74807,1.50,2.06
2017.04.10 02:34:21.554,0.74798,0.74805,1.50,1.00
2017.04.10 02:34:22.061,0.74797,0.74806,2.25,1.87
2017.04.10 02:34:22.839,0.74797,0.74806,1.00,1.87
2017.04.10 02:34:24.329,0.74796,0.74805,1.87,1.50
2017.04.10 02:34:24.634,0.74796,0.74803,1.00,1.00
2017.04.10 02:34:25.141,0.74795,0.74803,1.00,1.12
2017.04.10 02:34:26.440,0.74795,0.74804,1.00,4.57
2017.04.10 02:34:27.449,0.74795,0.74803,1.00,1.50
2017.04.10 02:34:29.403,0.74795,0.74804,1.12,2.25
2017.04.10 02:34:29.909,0.74796,0.74805,1.12,1.00
2017.04.10 02:34:30.233,0.74792,0.74801,1.00,3.37
2017.04.10 02:34:30.750,0.74791,0.74801,1.57,3.37
2017.04.10 02:34:31.510,0.74791,0.74801,2.25,3.00
2017.04.10 02:34:32.025,0.74791,0.74801,4.87,1.50
2017.04.10 02:34:32.641,0.74791,0.74801,2.62,1.87
2017.04.10 02:34:33.661,0.74791,0.74801,1.00,4.50
2017.04.10 02:34:34.310,0.7479,0.74799,1.12,1.30
2017.04.10 02:34:34.362,0.7479,0.74796,1.00,1.00
2017.04.10 02:34:34.413,0.74788,0.74796,1.00,1.47
2017.04.10 02:34:34.464,0.74787,0.74795,1.00,1.87
2017.04.10 02:34:34.515,0.74784,0.74793,2.55,2.47
2017.04.10 02:34:34.566,0.74785,0.7479,1.00,1.87
2017.04.10 02:34:34.617,0.74782,0.7479,2.32,1.87
2017.04.10 02:34:34.771,0.74781,0.74788,2.25,2.62
2017.04.10 02:34:34.822,0.74779,0.74788,1.50,3.75
2017.04.10 02:34:34.923,0.74779,0.74787,1.00,1.00
2017.04.10 02:34:38.564,0.74779,0.74788,1.50,1.37
2017.04.10 02:34:39.069,0.74779,0.74788,1.50,1.12
2017.04.10 02:34:41.658,0.74778,0.7479,6.15,4.50
2017.04.10 02:34:42.064,0.74779,0.74788,5.70,1.50
2017.04.10 02:34:42.266,0.74779,0.74788,1.12,1.87
2017.04.10 02:34:42.780,0.74779,0.74789,1.00,2.62
2017.04.10 02:34:44.179,0.7478,0.74789,1.50,1.87
2017.04.10 02:34:44.484,0.74781,0.74791,2.55,1.12
2017.04.10 02:34:44.585,0.74782,0.74793,4.42,2.62
2017.04.10 02:34:45.041,0.74784,0.74794,1.87,1.12
2017.04.10 02:34:45.670,0.74785,0.74796,1.57,6.00
2017.04.10 02:34:45.925,0.74784,0.74796,1.57,4.87
2017.04.10 02:34:46.603,0.74785,0.74795,1.50,1.12
2017.04.10 02:34:48.159,0.74785,0.74794,1.12,1.00
2017.04.10 02:34:53.339,0.74784,0.74793,3.07,1.00
2017.04.10 02:34:53.390,0.74784,0.74793,1.50,1.87
2017.04.10 02:34:53.910,0.74784,0.74793,1.50,3.75
2017.04.10 02:34:56.457,0.74785,0.74793,2.25,1.50
2017.04.10 02:34:57.960,0.74785,0.74793,1.65,1.50
2017.04.10 02:35:00.611,0.74784,0.74792,1.00,1.12
2017.04.10 02:35:01.766,0.74782,0.7479,3.37,1.00
2017.04.10 02:35:01.868,0.74782,0.7479,1.87,1.37
2017.04.10 02:35:02.417,0.74781,0.7479,4.12,1.37
2017.04.10 02:35:06.543,0.74781,0.7479,2.62,1.00
2017.04.10 02:35:07.470,0.74782,0.7479,1.57,1.00
2017.04.10 02:35:10.014,0.74781,0.7479,1.12,1.37
2017.04.10 02:35:11.593,0.74781,0.74789,4.27,1.00
2017.04.10 02:35:11.695,0.74784,0.74793,1.72,3.56
2017.04.10 02:35:11.797,0.74785,0.74793,4.27,2.62
2017.04.10 02:35:11.899,0.74786,0.74795,1.10,2.81
2017.04.10 02:35:12.417,0.74786,0.74796,1.00,2.62
2017.04.10 02:35:12.948,0.74786,0.74796,1.00,1.50
2017.04.10 02:35:13.457,0.74786,0.74796,1.00,1.12
2017.04.10 02:35:22.350,0.74785,0.74791,1.37,1.00
2017.04.10 02:35:22.502,0.74782,0.74791,1.12,1.37
2017.04.10 02:35:23.018,0.74781,0.74789,1.00,1.00
2017.04.10 02:35:23.816,0.7478,0.74789,1.00,1.00
2017.04.10 02:35:24.641,0.74781,0.74789,1.00,1.00
2017.04.10 02:35:25.650,0.74779,0.74789,4.42,1.00
2017.04.10 02:35:26.179,0.74779,0.74789,3.67,1.00
2017.04.10 02:35:26.467,0.74781,0.74789,1.50,1.00
2017.04.10 02:35:26.991,0.74781,0.74788,1.50,1.00
2017.04.10 02:35:30.507,0.74779,0.74787,1.87,1.00
2017.04.10 02:35:32.863,0.74779,0.74788,1.87,1.69
2017.04.10 02:35:33.369,0.74779,0.74789,1.95,1.12
2017.04.10 02:35:33.798,0.74779,0.74787,1.57,1.37
2017.04.10 02:35:34.304,0.74778,0.74786,1.50,1.00
2017.04.10 02:35:35.562,0.74779,0.74787,1.87,1.69
2017.04.10 02:35:38.214,0.74778,0.74787,3.15,1.69
2017.04.10 02:35:40.411,0.74779,0.74787,2.32,1.69
2017.04.10 02:35:41.284,0.74778,0.74787,3.75,1.00
2017.04.10 02:35:42.105,0.74778,0.74788,1.87,1.12
2017.04.10 02:35:47.057,0.74779,0.74788,1.50,2.62
2017.04.10 02:35:48.195,0.74779,0.74789,2.85,3.94
2017.04.10 02:35:48.499,0.74783,0.74791,1.42,1.12
2017.04.10 02:35:48.904,0.74785,0.74791,1.50,1.12
2017.04.10 02:35:49.006,0.74786,0.74795,1.00,2.81
2017.04.10 02:35:50.005,0.74787,0.74795,1.50,1.25
2017.04.10 02:35:50.511,0.74786,0.74795,1.87,1.25
2017.04.10 02:35:52.465,0.74786,0.74797,3.37,5.44
2017.04.10 02:35:53.074,0.74787,0.74797,1.50,2.44
2017.04.10 02:35:53.226,0.74788,0.74798,1.57,1.50
2017.04.10 02:35:53.732,0.7479,0.74798,1.50,1.00
2017.04.10 02:35:54.076,0.748,0.74808,1.12,1.50
2017.04.10 02:35:54.483,0.74798,0.74807,1.00,1.50
2017.04.10 02:35:55.003,0.74797,0.74807,1.50,2.25
2017.04.10 02:35:55.941,0.74796,0.74805,2.25,1.00
2017.04.10 02:35:56.457,0.74798,0.74807,1.00,1.87
2017.04.10 02:35:57.266,0.74797,0.74806,1.12,1.12
2017.04.10 02:36:00.034,0.74797,0.74807,1.12,3.37
2017.04.10 02:36:00.723,0.74797,0.74806,1.12,1.00
2017.04.10 02:36:05.194,0.74797,0.74807,1.12,2.25
2017.04.10 02:36:05.708,0.74797,0.74807,1.12,2.25
2017.04.10 02:36:06.641,0.74797,0.74806,1.12,1.37
2017.04.10 02:36:08.718,0.74797,0.74806,1.12,1.12
2017.04.10 02:36:09.646,0.74797,0.74806,1.12,1.37
2017.04.10 02:36:10.218,0.74797,0.74805,1.00,1.57
2017.04.10 02:36:14.213,0.74797,0.74805,1.00,1.12
2017.04.10 02:36:27.377,0.74795,0.74805,1.12,1.50
2017.04.10 02:36:30.025,0.74795,0.74805,1.87,1.50
2017.04.10 02:36:30.986,0.74795,0.74805,4.50,3.00
2017.04.10 02:36:31.088,0.74796,0.74805,1.47,1.00
2017.04.10 02:36:31.828,0.74798,0.74806,1.50,1.00
2017.04.10 02:36:32.176,0.748,0.74808,1.50,1.00
2017.04.10 02:36:32.870,0.74799,0.74808,3.52,1.00
2017.04.10 02:36:33.210,0.74797,0.74801,1.00,1.00
2017.04.10 02:36:33.413,0.74791,0.74799,1.50,1.00
2017.04.10 02:36:34.392,0.7479,0.74799,1.27,1.00
2017.04.10 02:36:34.969,0.7479,0.74799,1.87,1.00
2017.04.10 02:36:38.626,0.74789,0.74799,5.25,1.00
2017.04.10 02:36:42.237,0.74791,0.74799,1.50,1.00
2017.04.10 02:36:43.811,0.74794,0.74802,3.00,1.37
2017.04.10 02:36:43.930,0.74794,0.74805,4.12,2.70
2017.04.10 02:36:44.461,0.74795,0.74805,1.00,1.37
2017.04.10 02:36:45.021,0.74794,0.74805,4.50,1.37
2017.04.10 02:36:45.571,0.74794,0.74805,5.25,1.80
2017.04.10 02:36:46.713,0.74795,0.74802,2.02,1.12
2017.04.10 02:36:46.815,0.74795,0.74804,1.50,1.12
2017.04.10 02:36:47.067,0.74793,0.748,1.00,1.00
2017.04.10 02:36:47.581,0.74792,0.748,1.87,1.00
2017.04.10 02:36:48.087,0.74791,0.74801,1.12,1.00
2017.04.10 02:36:48.685,0.74792,0.74801,1.50,1.00
2017.04.10 02:36:49.343,0.74791,0.748,1.10,1.12
2017.04.10 02:36:49.674,0.74789,0.74798,2.77,1.00
2017.04.10 02:36:50.130,0.74789,0.74797,2.62,1.00
2017.04.10 02:36:50.333,0.74787,0.74797,7.50,1.00
2017.04.10 02:36:50.871,0.74788,0.74797,1.00,1.00
2017.04.10 02:36:50.922,0.74787,0.74797,7.35,1.00
2017.04.10 02:36:52.224,0.74787,0.74796,1.20,1.00
2017.04.10 02:36:52.276,0.74787,0.74796,1.12,1.12
2017.04.10 02:36:52.782,0.74786,0.74795,3.45,1.00
2017.04.10 02:36:55.340,0.74787,0.74797,2.62,1.00
2017.04.10 02:36:55.543,0.74788,0.74797,1.35,1.00
2017.04.10 02:36:56.051,0.74788,0.74797,1.35,1.00
2017.04.10 02:36:57.091,0.74789,0.74797,1.72,1.00
2017.04.10 02:36:57.638,0.74789,0.74797,1.72,1.00
2017.04.10 02:36:58.265,0.74789,0.74797,1.65,1.00
2017.04.10 02:36:59.123,0.74789,0.74797,1.65,1.00
2017.04.10 02:36:59.628,0.74787,0.74797,11.10,1.00
2017.04.10 02:37:00.170,0.74787,0.74798,8.85,1.87
2017.04.10 02:37:00.710,0.74789,0.74798,1.00,1.00
2017.04.10 02:37:01.636,0.74788,0.74797,1.12,1.37
2017.04.10 02:37:02.234,0.74787,0.74796,1.12,1.00
2017.04.10 02:37:02.863,0.74789,0.74797,1.00,1.50
2017.04.10 02:37:02.914,0.74789,0.74798,1.00,1.87
2017.04.10 02:37:03.420,0.7479,0.74798,1.00,1.00
2017.04.10 02:37:03.935,0.74789,0.74798,1.00,1.00
2017.04.10 02:37:04.442,0.74788,0.74797,1.87,1.50
2017.04.10 02:37:05.962,0.74789,0.74797,1.00,1.50
2017.04.10 02:37:07.590,0.74787,0.74797,5.32,3.22
2017.04.10 02:37:08.100,0.74789,0.74797,1.00,1.50
2017.04.10 02:37:09.002,0.74788,0.74797,1.10,1.50
2017.04.10 02:37:10.162,0.74788,0.74797,3.00,1.50
2017.04.10 02:37:10.727,0.7479,0.74797,1.00,1.00
2017.04.10 02:37:12.651,0.7479,0.74798,1.00,1.10
2017.04.10 02:37:15.414,0.74791,0.748,1.00,1.12
2017.04.10 02:37:46.591,0.74792,0.748,1.00,2.25
2017.04.10 02:37:49.145,0.74792,0.748,2.25,1.00
2017.04.10 02:37:49.247,0.74795,0.74803,3.00,1.85
2017.04.10 02:37:49.298,0.74795,0.74805,3.00,3.82
2017.04.10 02:37:49.349,0.74795,0.74805,3.75,2.62
2017.04.10 02:37:49.704,0.74797,0.74805,1.00,1.50
2017.04.10 02:37:50.236,0.74797,0.74806,1.00,1.12
2017.04.10 02:37:50.760,0.74797,0.74806,1.00,1.37
2017.04.10 02:38:00.154,0.74795,0.74806,5.32,1.12
2017.04.10 02:38:00.660,0.74797,0.74806,1.00,1.12
2017.04.10 02:38:01.165,0.74796,0.74806,1.00,1.12
2017.04.10 02:38:01.671,0.74797,0.74806,1.12,1.87
2017.04.10 02:38:03.401,0.74797,0.74806,1.12,1.37
2017.04.10 02:38:09.333,0.74798,0.74806,1.00,1.37
2017.04.10 02:38:09.485,0.74802,0.74809,2.85,1.10
2017.04.10 02:38:09.537,0.74804,0.7481,1.12,1.07
2017.04.10 02:38:09.993,0.74801,0.74811,3.00,1.37
2017.04.10 02:38:10.509,0.74801,0.7481,2.25,1.37
2017.04.10 02:38:12.160,0.74802,0.7481,1.00,1.37
2017.04.10 02:38:12.266,0.748,0.74809,1.95,1.12
2017.04.10 02:38:13.028,0.74801,0.74809,1.00,1.12
2017.04.10 02:38:13.684,0.748,0.74809,1.50,1.12
2017.04.10 02:38:14.400,0.74801,0.74809,1.00,1.12
2017.04.10 02:38:14.939,0.748,0.74809,1.50,1.12
2017.04.10 02:38:17.110,0.74799,0.74809,4.20,1.12
2017.04.10 02:38:17.262,0.74799,0.74807,1.50,1.50
2017.04.10 02:38:17.772,0.74798,0.74807,3.00,1.50
2017.04.10 02:38:26.062,0.74799,0.74807,1.00,1.12
2017.04.10 02:38:26.579,0.74798,0.74807,1.50,1.12
2017.04.10 02:38:33.242,0.74798,0.74806,1.00,1.00
2017.04.10 02:38:38.172,0.74798,0.74808,1.00,1.12
2017.04.10 02:38:38.700,0.74798,0.74807,2.25,1.00
2017.04.10 02:38:51.814,0.74798,0.74804,1.10,1.00
2017.04.10 02:38:52.334,0.74798,0.74803,1.00,1.00
2017.04.10 02:39:04.093,0.74796,0.74803,2.25,1.00
2017.04.10 02:39:21.695,0.74796,0.74805,3.22,1.12
2017.04.10 02:39:28.244,0.74797,0.74806,2.10,2.25
2017.04.10 02:39:29.153,0.74796,0.74806,7.80,1.37
2017.04.10 02:39:29.683,0.74797,0.74806,2.10,1.37
2017.04.10 02:39:30.654,0.74796,0.74806,6.30,1.37
2017.04.10 02:39:34.370,0.74796,0.74806,7.80,1.37
2017.04.10 02:39:35.169,0.74797,0.74806,2.17,1.37
2017.04.10 02:39:35.700,0.74797,0.74806,2.17,1.12
2017.04.10 02:39:36.910,0.74797,0.74806,2.17,1.12
2017.04.10 02:39:38.595,0.74797,0.74806,3.67,1.50
2017.04.10 02:39:39.134,0.74798,0.74807,1.50,1.12
2017.04.10 02:39:39.682,0.74799,0.74807,1.00,1.12
2017.04.10 02:39:40.675,0.74798,0.74807,3.00,1.87
2017.04.10 02:39:41.354,0.74798,0.74807,5.25,3.00
2017.04.10 02:39:41.861,0.748,0.74807,1.00,3.00
2017.04.10 02:39:42.366,0.748,0.74807,1.00,2.25
2017.04.10 02:39:46.182,0.748,0.74807,2.25,1.87
2017.04.10 02:39:46.783,0.74799,0.74807,5.62,1.00
2017.04.10 02:39:47.290,0.74799,0.74808,5.62,3.37
2017.04.10 02:39:49.306,0.748,0.74809,1.87,1.00
2017.04.10 02:39:49.843,0.748,0.7481,1.95,3.75
2017.04.10 02:39:50.512,0.748,0.7481,1.65,3.37
2017.04.10 02:39:51.016,0.748,0.7481,1.65,3.37
2017.04.10 02:39:51.519,0.748,0.7481,1.65,3.37
2017.04.10 02:39:52.073,0.74801,0.7481,1.00,3.00
2017.04.10 02:39:53.830,0.74801,0.7481,2.25,1.50
2017.04.10 02:39:54.335,0.74802,0.7481,2.25,1.00
2017.04.10 02:39:54.639,0.74804,0.74812,3.75,2.62
2017.04.10 02:39:54.741,0.74807,0.74813,1.00,1.00
2017.04.10 02:39:54.792,0.74807,0.74812,1.00,2.62
2017.04.10 02:39:54.894,0.74805,0.74813,1.10,3.60
2017.04.10 02:39:54.945,0.74806,0.74813,3.37,1.35
2017.04.10 02:39:55.172,0.74809,0.74818,1.50,1.27
2017.04.10 02:39:56.572,0.74809,0.74818,2.25,1.87
2017.04.10 02:39:57.356,0.74809,0.74818,6.00,1.12
2017.04.10 02:40:03.376,0.74809,0.74818,3.37,1.12
2017.04.10 02:40:04.163,0.7481,0.74818,2.25,1.12
2017.04.10 02:40:05.162,0.74809,0.74818,3.37,1.12
2017.04.10 02:40:06.169,0.7481,0.74818,2.25,1.12
2017.04.10 02:40:08.160,0.7481,0.74819,2.25,1.00
2017.04.10 02:40:08.261,0.74815,0.7482,2.25,1.50
2017.04.10 02:40:08.413,0.74818,0.74825,1.00,2.70
2017.04.10 02:40:08.464,0.74819,0.74825,1.00,1.87
2017.04.10 02:40:08.566,0.74819,0.74828,1.00,2.70
2017.04.10 02:40:09.160,0.74818,0.74827,5.70,1.00
2017.04.10 02:40:09.211,0.74818,0.74827,7.72,1.00
2017.04.10 02:40:10.665,0.7482,0.74827,1.20,1.12
2017.04.10 02:40:11.170,0.7482,0.74827,1.12,1.12
2017.04.10 02:40:12.688,0.74819,0.74827,2.25,1.00
2017.04.10 02:40:13.802,0.74819,0.74828,6.97,1.12
2017.04.10 02:40:14.610,0.7482,0.74828,2.25,1.12
2017.04.10 02:40:17.677,0.7482,0.74828,4.87,1.00
2017.04.10 02:40:20.691,0.7482,0.74828,2.62,1.00
2017.04.10 02:40:21.204,0.7482,0.74829,3.00,1.00
2017.04.10 02:40:22.600,0.74821,0.74829,1.00,1.00
2017.04.10 02:40:24.621,0.74822,0.74829,2.25,1.00
2017.04.10 02:40:25.541,0.74819,0.74829,5.10,1.00
2017.04.10 02:40:26.572,0.74819,0.7483,5.25,5.62
2017.04.10 02:40:27.155,0.74819,0.74829,5.85,1.50
2017.04.10 02:40:27.736,0.74819,0.7483,4.35,4.87
2017.04.10 02:40:28.265,0.74819,0.74829,5.25,1.00
2017.04.10 02:40:29.101,0.7482,0.74829,1.00,1.00
2017.04.10 02:40:33.662,0.7482,0.74829,1.17,2.62
2017.04.10 02:40:34.186,0.7482,0.74829,1.10,2.25
2017.04.10 02:40:34.704,0.7482,0.74829,1.07,3.75
2017.04.10 02:40:35.317,0.7482,0.74829,1.10,2.25
2017.04.10 02:40:36.084,0.7482,0.74829,1.07,1.50
2017.04.10 02:40:36.817,0.7482,0.74829,1.10,1.50
2017.04.10 02:40:39.702,0.74819,0.74829,1.65,2.25
2017.04.10 02:40:40.779,0.7482,0.7483,1.07,5.70
2017.04.10 02:40:41.624,0.7482,0.7483,1.20,6.37
2017.04.10 02:40:42.691,0.7482,0.7483,1.17,5.70
2017.04.10 02:40:43.541,0.7482,0.7483,1.20,6.00
2017.04.10 02:40:44.109,0.7482,0.7483,1.17,6.82
2017.04.10 02:40:44.650,0.7482,0.74829,1.20,1.12
2017.04.10 02:40:45.262,0.74821,0.7483,1.00,6.75
2017.04.10 02:40:45.516,0.74822,0.74831,1.00,3.00
2017.04.10 02:40:45.884,0.74824,0.74832,1.00,1.87
2017.04.10 02:40:46.462,0.74823,0.74832,1.50,1.12
2017.04.10 02:40:46.867,0.74821,0.74831,4.50,1.87
2017.04.10 02:40:47.466,0.74822,0.74831,1.00,2.25
2017.04.10 02:40:48.014,0.74821,0.74831,2.32,2.25
2017.04.10 02:40:50.113,0.74822,0.74831,2.25,2.25
2017.04.10 02:40:50.621,0.74823,0.74833,1.72,1.37
2017.04.10 02:40:54.745,0.74827,0.74833,1.00,1.00
2017.04.10 02:40:54.951,0.74829,0.74836,1.50,1.00
2017.04.10 02:40:57.523,0.74828,0.74836,1.95,1.00
2017.04.10 02:40:58.029,0.74838,0.74842,1.00,14.40
2017.04.10 02:40:58.081,0.74836,0.7484,1.00,2.32
2017.04.10 02:40:58.132,0.74835,0.74841,1.12,1.87
2017.04.10 02:40:58.234,0.74835,0.74843,1.10,2.62
2017.04.10 02:40:58.335,0.74834,0.74842,1.20,1.50
2017.04.10 02:40:58.437,0.74832,0.74841,1.57,3.00
2017.04.10 02:40:59.018,0.74831,0.74841,1.10,7.20
2017.04.10 02:40:59.795,0.7483,0.74841,3.45,3.00
2017.04.10 02:41:00.299,0.74831,0.74841,1.57,6.07
2017.04.10 02:41:01.513,0.7483,0.7484,1.57,3.56
2017.04.10 02:41:01.564,0.74828,0.74838,1.72,1.87
2017.04.10 02:41:02.109,0.74827,0.74838,5.10,1.87
2017.04.10 02:41:02.829,0.74827,0.74838,4.72,2.25
2017.04.10 02:41:02.930,0.74828,0.74838,1.50,2.25
2017.04.10 02:41:03.083,0.74826,0.74838,6.45,4.61
2017.04.10 02:41:03.613,0.74827,0.74837,1.00,1.00
2017.04.10 02:41:04.038,0.74829,0.74837,1.00,1.00
2017.04.10 02:41:04.544,0.74828,0.74839,1.12,5.06
2017.04.10 02:41:05.050,0.74828,0.74838,1.00,1.25
2017.04.10 02:41:06.344,0.74828,0.74839,1.00,8.06
2017.04.10 02:41:06.859,0.74828,0.74839,2.25,5.62
2017.04.10 02:41:07.373,0.74828,0.74839,2.25,4.87
2017.04.10 02:41:07.887,0.74827,0.74839,3.75,5.25
2017.04.10 02:41:08.430,0.74828,0.74838,1.50,1.50
2017.04.10 02:41:08.995,0.74827,0.74836,4.50,1.00
2017.04.10 02:41:09.498,0.74828,0.74836,1.50,1.00
2017.04.10 02:41:10.009,0.74827,0.74836,5.25,1.00
2017.04.10 02:41:10.725,0.74828,0.74836,1.50,1.00
2017.04.10 02:41:11.234,0.74827,0.74836,1.50,1.37
2017.04.10 02:41:11.791,0.74826,0.74835,2.06,1.12
2017.04.10 02:41:12.107,0.74825,0.74833,1.87,1.00
2017.04.10 02:41:12.701,0.74824,0.74833,2.44,1.12
2017.04.10 02:41:16.490,0.74825,0.74833,1.50,1.00
2017.04.10 02:41:17.005,0.74824,0.74833,1.69,1.00
2017.04.10 02:41:17.924,0.74825,0.74833,1.50,1.00
2017.04.10 02:41:18.786,0.74824,0.74833,1.69,1.00
2017.04.10 02:41:19.311,0.74825,0.74833,1.50,1.00
2017.04.10 02:41:19.861,0.74824,0.74833,1.69,1.00
2017.04.10 02:41:20.712,0.74826,0.74835,1.00,1.12
2017.04.10 02:41:21.051,0.74831,0.74839,1.00,1.87
2017.04.10 02:41:21.598,0.7483,0.74839,6.19,1.12
2017.04.10 02:41:23.976,0.74831,0.74839,1.50,2.25
2017.04.10 02:41:24.497,0.7483,0.74839,4.31,1.50
2017.04.10 02:41:25.016,0.74831,0.7484,1.00,1.37
2017.04.10 02:41:25.691,0.7483,0.74841,4.39,2.25
2017.04.10 02:41:26.197,0.74831,0.74841,1.00,2.25
2017.04.10 02:41:26.728,0.7483,0.74842,5.06,10.05
2017.04.10 02:41:27.384,0.74831,0.74841,1.12,2.25
2017.04.10 02:41:33.150,0.7483,0.74841,4.69,1.50
2017.04.10 02:41:33.861,0.74831,0.74841,1.00,3.00
2017.04.10 02:41:34.423,0.7483,0.74841,4.31,1.87
2017.04.10 02:41:34.982,0.74831,0.74841,1.00,2.25
2017.04.10 02:41:35.588,0.7483,0.74841,3.94,1.50
2017.04.10 02:41:36.247,0.74831,0.74841,1.00,3.37
2017.04.10 02:41:36.871,0.7483,0.74841,3.94,1.87
2017.04.10 02:41:38.990,0.74831,0.74841,1.00,2.62
2017.04.10 02:41:39.906,0.7483,0.74841,2.81,1.50
2017.04.10 02:41:48.863,0.7483,0.7484,2.51,3.37
2017.04.10 02:41:49.181,0.74829,0.7484,1.69,3.00
2017.04.10 02:41:55.932,0.7483,0.74839,1.00,1.00
2017.04.10 02:41:56.710,0.7483,0.7484,2.25,1.37
2017.04.10 02:41:57.732,0.7483,0.7484,4.01,1.37
2017.04.10 02:41:59.177,0.74831,0.7484,1.00,1.87
2017.04.10 02:41:59.768,0.7483,0.7484,4.84,1.87
2017.04.10 02:42:00.428,0.74831,0.7484,1.00,1.87
2017.04.10 02:42:01.713,0.74832,0.74842,1.00,5.25
2017.04.10 02:42:02.219,0.74832,0.74842,1.50,3.00
2017.04.10 02:42:03.615,0.74834,0.74841,5.85,1.00
2017.04.10 02:42:03.869,0.74845,0.74852,2.25,1.10
2017.04.10 02:42:04.124,0.74843,0.74852,2.70,1.00
2017.04.10 02:42:04.175,0.74846,0.74853,1.12,1.50
2017.04.10 02:42:04.479,0.74844,0.74852,1.20,1.37
2017.04.10 02:42:04.858,0.74842,0.7485,1.10,1.87
2017.04.10 02:42:04.910,0.74841,0.74849,1.10,1.37
2017.04.10 02:42:05.619,0.7484,0.74849,1.95,1.87
2017.04.10 02:42:06.125,0.74841,0.74849,1.00,2.62
2017.04.10 02:42:06.682,0.74839,0.74848,2.70,1.87
2017.04.10 02:42:07.018,0.74838,0.74848,2.06,2.25
2017.04.10 02:42:07.524,0.74837,0.74848,1.87,2.25
2017.04.10 02:42:08.031,0.74838,0.74848,1.12,3.07
2017.04.10 02:42:11.972,0.74837,0.74847,4.12,1.00
2017.04.10 02:42:12.493,0.74838,0.74847,1.12,1.00
2017.04.10 02:42:19.855,0.74838,0.74845,1.12,1.00
2017.04.10 02:42:20.365,0.74837,0.74845,2.25,1.00
2017.04.10 02:42:20.987,0.74836,0.74845,5.44,1.00
2017.04.10 02:42:21.393,0.74837,0.74847,1.00,2.62
2017.04.10 02:42:21.928,0.74838,0.74848,2.10,3.00
2017.04.10 02:42:28.077,0.74838,0.74846,2.70,1.00
2017.04.10 02:42:33.940,0.74837,0.74845,1.00,1.12
2017.04.10 02:42:34.042,0.74835,0.74843,1.62,1.50
2017.04.10 02:42:34.549,0.74835,0.74843,1.25,1.50
2017.04.10 02:42:36.357,0.74833,0.74841,2.62,1.00
2017.04.10 02:42:36.864,0.74832,0.7484,1.25,1.00
2017.04.10 02:42:44.550,0.74832,0.74838,1.00,1.00
2017.04.10 02:42:48.147,0.74831,0.74838,1.31,1.00
2017.04.10 02:43:00.279,0.74829,0.74838,4.69,1.50
2017.04.10 02:43:06.313,0.74832,0.74838,2.25,1.00
2017.04.10 02:43:06.617,0.74834,0.7484,1.12,1.00
2017.04.10 02:43:06.820,0.74836,0.74843,1.00,1.00
2017.04.10 02:43:07.327,0.74836,0.74844,1.00,1.00
2017.04.10 02:43:07.896,0.74836,0.74843,1.00,1.00
2017.04.10 02:43:09.190,0.74836,0.74844,1.00,1.00
2017.04.10 02:43:13.473,0.74835,0.74844,3.22,1.00
2017.04.10 02:43:13.980,0.74835,0.74843,2.47,1.00
2017.04.10 02:43:22.627,0.74835,0.74842,1.10,1.00
2017.04.10 02:43:22.830,0.74833,0.7484,3.45,1.00
2017.04.10 02:43:22.982,0.74831,0.7484,2.81,1.00
2017.04.10 02:43:23.515,0.74831,0.7484,1.12,1.50
2017.04.10 02:43:24.057,0.7483,0.7484,4.54,1.87
2017.04.10 02:43:24.600,0.7483,0.7484,9.04,1.87
2017.04.10 02:43:25.107,0.74831,0.7484,2.25,1.87
2017.04.10 02:43:25.488,0.74831,0.74838,2.10,1.00
2017.04.10 02:43:26.068,0.7483,0.74838,4.99,1.00
2017.04.10 02:43:26.575,0.74831,0.74838,1.00,1.00
2017.04.10 02:43:27.192,0.7483,0.74838,4.39,1.00
2017.04.10 02:43:29.054,0.74831,0.74838,1.00,1.00
2017.04.10 02:43:29.561,0.7483,0.74838,4.24,1.00
2017.04.10 02:43:39.064,0.74831,0.74838,1.50,1.00
2017.04.10 02:43:40.330,0.74831,0.74839,1.00,1.00
2017.04.10 02:43:40.944,0.7483,0.74839,3.56,1.00
2017.04.10 02:43:41.473,0.7483,0.74839,4.31,1.00
2017.04.10 02:43:42.029,0.74832,0.74839,1.00,1.00
2017.04.10 02:43:55.643,0.74832,0.74837,1.00,1.00
2017.04.10 02:43:56.149,0.74831,0.74837,1.25,1.00
2017.04.10 02:43:57.320,0.74831,0.74839,1.25,1.00
2017.04.10 02:43:57.845,0.74831,0.74838,1.31,1.00
2017.04.10 02:44:00.421,0.74831,0.74839,1.25,1.00
2017.04.10 02:44:04.390,0.74832,0.74839,1.00,2.62
2017.04.10 02:44:04.900,0.74831,0.74839,1.05,1.12
2017.04.10 02:44:06.491,0.74832,0.74839,1.00,1.12
2017.04.10 02:44:06.997,0.7483,0.74839,4.16,1.12
2017.04.10 02:44:10.262,0.7483,0.74839,2.81,1.12
2017.04.10 02:44:12.194,0.7483,0.74839,4.91,1.12
2017.04.10 02:44:12.779,0.7483,0.74839,4.31,1.12
2017.04.10 02:44:14.763,0.7483,0.74839,3.41,1.12
2017.04.10 02:44:15.283,0.74832,0.7484,1.00,1.00
2017.04.10 02:44:24.906,0.74832,0.74841,1.00,3.37
2017.04.10 02:44:28.262,0.74836,0.74841,1.00,1.87
2017.04.10 02:44:28.313,0.74838,0.74844,1.12,1.10
2017.04.10 02:44:28.415,0.74838,0.74846,1.12,2.62
2017.04.10 02:44:34.252,0.74838,0.74847,2.62,1.12
2017.04.10 02:44:34.303,0.74838,0.74847,3.22,2.62
2017.04.10 02:44:34.910,0.74838,0.74847,2.70,2.25
2017.04.10 02:44:37.091,0.74838,0.74847,3.00,1.12
2017.04.10 02:44:37.142,0.74838,0.74848,3.07,5.25
2017.04.10 02:44:37.649,0.74838,0.74847,3.60,1.12
2017.04.10 02:44:38.156,0.74838,0.74847,4.20,1.12
2017.04.10 02:44:38.362,0.74838,0.74847,2.70,1.12
2017.04.10 02:44:38.413,0.74841,0.74847,1.00,1.12
2017.04.10 02:44:38.926,0.74841,0.74848,1.00,3.00
2017.04.10 02:44:39.484,0.74841,0.74847,1.00,1.12
2017.04.10 02:44:40.033,0.74838,0.74848,4.57,2.62
2017.04.10 02:44:40.566,0.74838,0.74848,3.82,3.37
2017.04.10 02:44:41.235,0.74838,0.74848,3.82,3.37
2017.04.10 02:44:41.791,0.74838,0.74848,2.47,2.62
2017.04.10 02:44:42.306,0.74838,0.74848,3.07,4.12
2017.04.10 02:44:43.667,0.74838,0.74848,3.07,4.12
2017.04.10 02:44:44.178,0.74838,0.74848,2.47,4.12
2017.04.10 02:44:44.863,0.74838,0.74848,2.47,4.12
2017.04.10 02:44:45.659,0.74838,0.74848,2.47,4.50
2017.04.10 02:44:46.010,0.74838,0.74846,2.62,1.12
2017.04.10 02:44:46.314,0.74838,0.74848,2.47,4.12
2017.04.10 02:44:49.415,0.7484,0.74849,1.07,3.82
2017.04.10 02:44:49.872,0.74843,0.74851,1.00,2.62
2017.04.10 02:44:50.378,0.74843,0.74852,1.57,1.00
2017.04.10 02:44:51.922,0.74845,0.74852,1.00,1.00
2017.04.10 02:44:52.378,0.74843,0.74851,1.12,1.00
2017.04.10 02:44:58.017,0.74843,0.74851,2.25,1.00
2017.04.10 02:44:58.151,0.74845,0.74853,1.20,2.25
2017.04.10 02:44:58.363,0.74847,0.74853,1.00,1.00
2017.04.10 02:44:58.515,0.74846,0.74855,2.06,1.00
2017.04.10 02:44:59.063,0.74846,0.74855,3.26,1.37
2017.04.10 02:44:59.114,0.74846,0.74854,2.06,1.37
2017.04.10 02:44:59.216,0.74846,0.74854,2.81,1.00
2017.04.10 02:45:00.055,0.74846,0.74854,1.69,1.00
2017.04.10 02:45:00.106,0.74846,0.74854,1.69,1.37
2017.04.10 02:45:00.404,0.74844,0.74852,2.44,1.37
2017.04.10 02:45:00.757,0.74845,0.74852,1.17,1.00
2017.04.10 02:45:01.061,0.74843,0.74852,1.30,2.44
2017.04.10 02:45:01.602,0.74842,0.74852,1.87,2.44
2017.04.10 02:45:01.821,0.74842,0.74851,1.87,1.37
2017.04.10 02:45:02.327,0.74841,0.7485,1.50,2.25
2017.04.10 02:45:02.909,0.74839,0.74849,4.87,1.00
2017.04.10 02:45:04.042,0.74846,0.74851,1.00,1.00
2017.04.10 02:45:04.195,0.74846,0.74853,1.00,1.20
2017.04.10 02:45:04.327,0.74843,0.74851,2.47,1.00
2017.04.10 02:45:04.428,0.74842,0.74852,1.50,1.00
2017.04.10 02:45:04.631,0.74845,0.74853,1.87,1.00
2017.04.10 02:45:04.830,0.74845,0.74856,1.50,5.44
2017.04.10 02:45:05.371,0.74845,0.74856,5.85,2.29
2017.04.10 02:45:05.876,0.74845,0.74855,3.75,1.95
2017.04.10 02:45:05.927,0.74845,0.74853,1.50,1.50
2017.04.10 02:45:06.029,0.74842,0.74851,1.50,1.12
2017.04.10 02:45:06.469,0.74842,0.74851,1.37,1.27
2017.04.10 02:45:07.040,0.74842,0.74851,1.37,1.27
2017.04.10 02:45:07.545,0.74842,0.74851,1.37,1.12
2017.04.10 02:45:08.868,0.74841,0.74851,3.37,1.12
2017.04.10 02:45:09.705,0.74843,0.74851,1.50,1.12
2017.04.10 02:45:10.009,0.74845,0.74854,1.12,2.70
2017.04.10 02:45:10.111,0.74844,0.74854,1.12,1.20
2017.04.10 02:45:10.162,0.74843,0.74852,2.10,1.00
2017.04.10 02:45:10.314,0.74842,0.74851,1.12,1.25
2017.04.10 02:45:10.619,0.74844,0.74851,1.12,1.50
2017.04.10 02:45:10.973,0.74841,0.74852,6.00,1.87
2017.04.10 02:45:11.390,0.74841,0.74851,7.50,1.50
2017.04.10 02:45:12.333,0.74842,0.74852,1.00,2.62
2017.04.10 02:45:12.849,0.74841,0.74851,5.62,1.00
2017.04.10 02:45:13.435,0.74841,0.7485,4.20,1.00
2017.04.10 02:45:13.976,0.74841,0.7485,3.37,1.12
2017.04.10 02:45:17.171,0.74841,0.74849,1.00,1.37
2017.04.10 02:45:17.475,0.74837,0.74846,1.50,6.15
2017.04.10 02:45:17.779,0.74831,0.74839,2.25,1.87
2017.04.10 02:45:17.830,0.74831,0.7484,2.25,1.37
2017.04.10 02:45:18.885,0.7483,0.7484,4.87,2.02
2017.04.10 02:45:19.407,0.74831,0.7484,3.37,1.65
2017.04.10 02:45:19.949,0.74831,0.7484,2.62,1.00
2017.04.10 02:45:20.465,0.7483,0.74839,1.87,1.50
2017.04.10 02:45:21.221,0.74831,0.74839,1.00,1.50
2017.04.10 02:45:21.727,0.7483,0.74839,1.95,1.00
2017.04.10 02:45:23.220,0.74831,0.74839,1.00,1.00
2017.04.10 02:45:23.757,0.7483,0.74839,5.25,1.00
2017.04.10 02:45:24.263,0.74831,0.74839,1.00,1.00
2017.04.10 02:45:24.915,0.74832,0.74839,1.37,1.00
2017.04.10 02:45:28.821,0.74835,0.7484,3.37,1.00
2017.04.10 02:45:28.938,0.74836,0.74844,1.37,1.12
2017.04.10 02:45:29.110,0.74834,0.74844,4.12,1.12
2017.04.10 02:45:29.514,0.74833,0.74841,2.77,1.50
2017.04.10 02:45:29.818,0.74832,0.74841,1.00,2.62
2017.04.10 02:45:30.437,0.74832,0.74841,1.87,2.44
2017.04.10 02:45:40.751,0.74833,0.7484,1.12,1.00
2017.04.10 02:45:41.549,0.74833,0.74841,1.12,1.69
2017.04.10 02:45:44.449,0.74832,0.7484,2.25,1.00
2017.04.10 02:45:48.263,0.74832,0.7484,1.50,1.00
2017.04.10 02:45:48.822,0.74832,0.7484,3.60,1.00
2017.04.10 02:45:53.020,0.74832,0.7484,2.17,1.00
2017.04.10 02:45:54.180,0.74832,0.7484,1.87,1.00
2017.04.10 02:45:54.231,0.74831,0.7484,1.10,1.00
2017.04.10 02:45:54.737,0.7483,0.7484,3.07,1.87
2017.04.10 02:45:58.570,0.74831,0.7484,1.50,1.87
2017.04.10 02:45:59.241,0.7483,0.7484,1.00,1.87
2017.04.10 02:46:04.449,0.7483,0.74839,1.50,1.00
2017.04.10 02:46:06.848,0.74829,0.74839,4.50,1.00
2017.04.10 02:46:07.355,0.74828,0.74839,4.50,3.64
2017.04.10 02:46:07.975,0.74829,0.74839,1.00,3.56
2017.04.10 02:46:09.089,0.74828,0.74839,3.37,4.31
2017.04.10 02:46:13.108,0.74829,0.74839,1.00,3.19
2017.04.10 02:46:16.559,0.74828,0.74835,1.00,1.12
2017.04.10 02:46:16.762,0.74825,0.74834,1.37,1.00
2017.04.10 02:46:17.268,0.74824,0.74833,4.12,1.00
2017.04.10 02:46:17.788,0.74824,0.74832,2.62,1.00
2017.04.10 02:46:21.518,0.74824,0.74833,1.50,1.50
2017.04.10 02:46:22.033,0.74824,0.74834,3.00,1.00
2017.04.10 02:46:22.561,0.74824,0.74834,2.62,1.00
2017.04.10 02:46:23.159,0.74824,0.74834,1.50,3.00
2017.04.10 02:46:23.261,0.74824,0.74831,1.00,1.00
2017.04.10 02:46:23.313,0.74823,0.74833,2.17,1.87
2017.04.10 02:46:25.048,0.74823,0.74832,3.00,1.00
2017.04.10 02:46:26.699,0.74822,0.74831,3.75,1.00
2017.04.10 02:46:27.181,0.74821,0.74831,1.50,1.72
2017.04.10 02:46:27.417,0.74819,0.74829,2.25,3.82
2017.04.10 02:46:29.138,0.74818,0.74829,1.50,5.47
2017.04.10 02:46:29.643,0.74818,0.74827,1.00,2.25
2017.04.10 02:46:30.167,0.74818,0.74828,1.00,4.87
2017.04.10 02:46:30.673,0.74817,0.74828,1.50,4.20
2017.04.10 02:46:31.180,0.74817,0.74827,1.87,1.12
2017.04.10 02:46:34.355,0.74816,0.74826,2.62,1.00
2017.04.10 02:46:34.861,0.74816,0.74827,3.37,1.12
2017.04.10 02:46:35.822,0.74818,0.74827,1.00,1.12
2017.04.10 02:46:38.667,0.74818,0.74826,1.00,1.00
2017.04.10 02:46:39.174,0.74818,0.74827,1.00,1.87
2017.04.10 02:46:39.860,0.74818,0.74828,1.00,2.25
2017.04.10 02:46:40.387,0.74818,0.74827,1.00,1.50
2017.04.10 02:46:45.561,0.74818,0.74828,2.25,3.00
2017.04.10 02:46:46.068,0.74818,0.74828,2.40,2.25
2017.04.10 02:46:47.428,0.74818,0.74827,2.32,1.12
2017.04.10 02:46:47.933,0.74818,0.74828,1.50,1.87
2017.04.10 02:46:49.952,0.74819,0.74828,1.87,1.12
2017.04.10 02:46:54.822,0.74818,0.74828,3.45,1.00
2017.04.10 02:46:58.528,0.74818,0.74828,5.02,1.00
2017.04.10 02:47:01.806,0.74818,0.74828,5.02,1.00
2017.04.10 02:47:02.797,0.74818,0.74828,7.12,1.00
2017.04.10 02:47:03.360,0.74819,0.74829,2.92,2.62
2017.04.10 02:47:11.737,0.7482,0.74829,1.50,1.12
2017.04.10 02:47:32.323,0.7482,0.74829,1.00,3.82
2017.04.10 02:47:32.949,0.7482,0.74829,1.00,3.75
2017.04.10 02:47:39.481,0.7482,0.74829,1.00,4.87
2017.04.10 02:47:44.912,0.7482,0.74828,1.00,2.32
2017.04.10 02:47:46.845,0.7482,0.74827,1.00,2.25
2017.04.10 02:47:46.946,0.74816,0.74825,2.40,5.62
2017.04.10 02:47:47.453,0.74817,0.74827,1.00,5.74
2017.04.10 02:47:47.989,0.74818,0.74827,1.00,1.87
2017.04.10 02:47:48.141,0.74819,0.74828,1.00,4.42
2017.04.10 02:47:49.389,0.74819,0.74827,1.00,1.00
2017.04.10 02:47:52.360,0.74819,0.74827,1.00,1.50
2017.04.10 02:47:53.474,0.74819,0.74827,1.00,1.12
2017.04.10 02:47:54.260,0.74818,0.74826,1.00,1.00
2017.04.10 02:47:54.766,0.74817,0.74825,1.00,1.00
2017.04.10 02:47:55.303,0.74817,0.74826,1.00,1.87
2017.04.10 02:47:57.419,0.74819,0.74826,1.00,1.87
2017.04.10 02:47:57.572,0.74816,0.74824,1.00,1.50
2017.04.10 02:48:00.128,0.74815,0.74822,1.00,1.00
2017.04.10 02:48:00.331,0.74813,0.74822,1.12,1.50
2017.04.10 02:48:00.858,0.74814,0.74822,1.00,1.50
2017.04.10 02:48:01.376,0.74814,0.74823,1.00,2.62
2017.04.10 02:48:04.504,0.74814,0.74822,1.00,1.00
2017.04.10 02:48:04.961,0.74817,0.74824,1.00,1.12
2017.04.10 02:48:05.113,0.74817,0.74826,1.12,2.32
2017.04.10 02:48:05.645,0.74817,0.74826,1.00,3.75
2017.04.10 02:48:06.510,0.74819,0.74827,1.00,3.00
2017.04.10 02:48:06.662,0.7482,0.74828,1.00,1.87
2017.04.10 02:48:09.037,0.7482,0.74827,1.00,1.00
2017.04.10 02:48:11.550,0.7482,0.74828,1.00,3.00
2017.04.10 02:48:21.363,0.7482,0.74829,1.00,2.62
2017.04.10 02:48:25.045,0.7482,0.7483,1.00,4.87
2017.04.10 02:48:40.688,0.7482,0.74829,1.12,1.00
2017.04.10 02:48:54.712,0.7482,0.74831,1.12,6.56
2017.04.10 02:49:01.215,0.7482,0.74829,1.12,1.00
2017.04.10 02:49:01.418,0.74822,0.74831,1.00,2.14
2017.04.10 02:49:01.722,0.74823,0.74832,3.00,2.70
2017.04.10 02:49:02.027,0.74829,0.74838,1.12,3.37
2017.04.10 02:49:02.549,0.74829,0.74838,1.00,1.50
2017.04.10 02:49:08.517,0.74829,0.74837,1.00,1.00
2017.04.10 02:49:09.513,0.74829,0.74837,1.00,1.50
2017.04.10 02:49:09.820,0.74824,0.7483,1.00,2.25
2017.04.10 02:49:09.872,0.74822,0.7483,1.10,2.70
2017.04.10 02:49:10.378,0.74821,0.74829,1.00,1.00
2017.04.10 02:49:17.121,0.7482,0.74828,1.00,1.00
2017.04.10 02:49:21.658,0.74817,0.74828,11.62,2.85
2017.04.10 02:49:22.655,0.74817,0.74828,10.87,2.25
2017.04.10 02:49:25.922,0.74818,0.74828,2.25,1.50
2017.04.10 02:49:27.399,0.74819,0.74829,1.12,4.27
2017.04.10 02:49:28.381,0.74818,0.74828,6.00,1.00
2017.04.10 02:49:28.865,0.74818,0.74826,4.50,1.00
2017.04.10 02:49:29.377,0.74818,0.74827,3.75,1.00
2017.04.10 02:49:29.878,0.74818,0.74827,2.25,1.00
2017.04.10 02:49:33.017,0.74818,0.74829,2.25,3.71
2017.04.10 02:49:33.525,0.74818,0.74827,2.25,1.00
2017.04.10 02:49:34.052,0.74819,0.74829,1.20,2.96
2017.04.10 02:49:34.611,0.74819,0.74829,1.00,3.64
2017.04.10 02:49:35.937,0.74819,0.74827,1.00,1.00
2017.04.10 02:49:38.584,0.74818,0.74827,3.00,1.00
2017.04.10 02:49:39.087,0.74818,0.74827,4.50,1.00
2017.04.10 02:49:39.594,0.74818,0.74828,3.07,1.00
2017.04.10 02:49:44.489,0.74818,0.74828,4.42,1.00
2017.04.10 02:49:44.994,0.74819,0.74829,3.90,1.50
2017.04.10 02:49:49.315,0.74819,0.74828,3.00,1.35
2017.04.10 02:49:49.821,0.74819,0.74827,1.00,2.25
2017.04.10 02:49:50.384,0.74818,0.74827,1.00,2.25
2017.04.10 02:49:50.981,0.74819,0.74828,2.25,1.12
2017.04.10 02:49:51.515,0.74818,0.74829,4.12,4.50
2017.04.10 02:49:56.365,0.74818,0.74827,7.05,1.00
2017.04.10 02:50:09.160,0.74818,0.74827,3.75,1.00
2017.04.10 02:50:16.039,0.74819,0.74826,1.00,1.00
2017.04.10 02:50:16.141,0.74817,0.74826,2.62,1.00
2017.04.10 02:50:20.721,0.74818,0.74828,3.22,2.70
2017.04.10 02:50:20.873,0.74819,0.7483,7.87,2.40
2017.04.10 02:50:21.718,0.74821,0.74831,1.50,3.94
2017.04.10 02:50:22.234,0.74821,0.74831,3.60,2.44
2017.04.10 02:50:22.639,0.74822,0.74832,6.90,1.00
2017.04.10 02:50:23.185,0.74823,0.74832,1.20,1.37
2017.04.10 02:50:24.657,0.74823,0.74832,1.30,1.37
2017.04.10 02:50:26.324,0.74823,0.74832,1.42,1.37
2017.04.10 02:50:29.531,0.74822,0.74832,4.50,2.62
2017.04.10 02:50:30.071,0.74822,0.74832,2.70,2.62
2017.04.10 02:50:30.761,0.74822,0.74832,2.02,2.62
2017.04.10 02:50:31.115,0.74822,0.74831,1.12,2.62
2017.04.10 02:50:31.643,0.7482,0.7483,1.37,1.87
2017.04.10 02:50:33.368,0.74822,0.74831,1.50,1.37
2017.04.10 02:50:33.898,0.74821,0.74831,2.92,1.87
2017.04.10 02:50:37.813,0.74821,0.7483,2.62,1.12
2017.04.10 02:50:38.319,0.74821,0.7483,1.50,1.12
2017.04.10 02:50:46.586,0.74821,0.74829,1.00,1.00
2017.04.10 02:50:47.109,0.7482,0.7483,1.72,1.87
2017.04.10 02:50:50.965,0.74822,0.7483,3.75,1.87
2017.04.10 02:50:51.686,0.74823,0.7483,5.25,1.12
2017.04.10 02:50:59.395,0.74822,0.7483,1.00,1.12
2017.04.10 02:50:59.799,0.7482,0.74828,1.87,1.00
2017.04.10 02:51:00.639,0.74819,0.74828,1.47,1.00
2017.04.10 02:51:01.190,0.74819,0.74828,1.12,1.00
2017.04.10 02:51:10.361,0.74819,0.74828,1.87,2.62
2017.04.10 02:51:17.453,0.74817,0.74826,3.00,1.00
2017.04.10 02:51:17.958,0.74816,0.74827,2.92,1.95
2017.04.10 02:51:22.437,0.74817,0.74824,1.87,1.00
2017.04.10 02:51:22.641,0.74811,0.7482,2.25,1.12
2017.04.10 02:51:22.793,0.74811,0.74819,1.50,1.87
2017.04.10 02:51:23.306,0.7481,0.74819,5.25,1.37
2017.04.10 02:51:26.744,0.7481,0.74819,1.20,2.70
2017.04.10 02:51:27.268,0.74808,0.74818,3.75,1.50
2017.04.10 02:51:29.440,0.74808,0.74818,3.82,2.32
2017.04.10 02:51:30.312,0.74809,0.74818,1.12,3.00
2017.04.10 02:51:30.944,0.74808,0.74818,1.00,3.00
2017.04.10 02:51:36.213,0.74808,0.74817,2.25,1.00
2017.04.10 02:51:36.264,0.7481,0.74817,1.00,1.00
2017.04.10 02:51:36.821,0.7481,0.74818,1.00,1.87
2017.04.10 02:51:37.330,0.7481,0.74819,1.10,2.62
2017.04.10 02:51:37.640,0.74813,0.74822,1.20,1.50
2017.04.10 02:51:37.843,0.74814,0.74824,1.50,4.57
2017.04.10 02:51:39.397,0.74814,0.74824,2.32,4.20
2017.04.10 02:51:46.560,0.74813,0.74821,1.12,2.25
2017.04.10 02:51:47.066,0.74812,0.74821,1.12,3.37
2017.04.10 02:51:47.554,0.74812,0.74821,1.12,2.62
2017.04.10 02:51:55.797,0.74812,0.74821,1.00,1.50
2017.04.10 02:51:56.202,0.74814,0.74821,1.00,2.25
2017.04.10 02:51:57.175,0.74814,0.74822,1.00,7.12
2017.04.10 02:51:58.196,0.74814,0.74821,1.00,2.25
2017.04.10 02:51:58.716,0.74814,0.74822,1.00,6.37
2017.04.10 02:51:59.248,0.74814,0.74821,1.00,2.25
2017.04.10 02:52:00.673,0.74814,0.74822,1.00,7.12
2017.04.10 02:52:01.820,0.74814,0.74821,1.00,1.00
2017.04.10 02:52:03.184,0.74815,0.74821,1.00,1.00
2017.04.10 02:52:03.973,0.74815,0.74822,1.00,7.12
2017.04.10 02:52:04.479,0.74815,0.74823,1.00,1.10
2017.04.10 02:52:04.935,0.74818,0.74823,1.00,1.00
2017.04.10 02:52:05.472,0.74819,0.74824,1.00,3.75
2017.04.10 02:52:16.923,0.74818,0.74824,1.00,3.75
2017.04.10 02:52:18.239,0.74819,0.74826,1.10,3.75
2017.04.10 02:52:18.443,0.74819,0.74824,1.00,2.25
2017.04.10 02:52:18.949,0.74818,0.74825,1.00,6.00
2017.04.10 02:52:19.459,0.74818,0.74824,1.00,2.25
2017.04.10 02:52:20.212,0.74818,0.74825,1.00,6.00
2017.04.10 02:52:21.962,0.74818,0.74824,1.50,2.25
2017.04.10 02:52:22.468,0.74818,0.74825,1.12,6.00
2017.04.10 02:52:23.029,0.74817,0.74824,1.87,2.25
2017.04.10 02:52:23.550,0.74817,0.74825,1.87,6.00
2017.04.10 02:52:24.275,0.74817,0.74824,2.62,2.25
2017.04.10 02:52:24.921,0.74817,0.74825,1.87,6.00
2017.04.10 02:52:25.521,0.74817,0.74824,2.25,2.25
2017.04.10 02:52:26.151,0.74817,0.74823,1.00,1.00
2017.04.10 02:52:26.202,0.74815,0.74823,2.62,1.37
2017.04.10 02:52:26.405,0.74813,0.74822,1.50,5.25
2017.04.10 02:52:26.659,0.74811,0.74822,2.44,1.87
2017.04.10 02:52:27.260,0.74811,0.74821,4.12,6.00
2017.04.10 02:52:29.065,0.74812,0.74821,1.00,3.75
2017.04.10 02:52:29.319,0.74815,0.74823,1.50,1.37
2017.04.10 02:52:29.536,0.74815,0.74824,2.25,3.75
2017.04.10 02:52:30.098,0.74815,0.74824,6.22,3.75
2017.04.10 02:52:33.421,0.74815,0.74821,1.12,1.37
2017.04.10 02:52:33.472,0.74813,0.74819,1.00,1.12
2017.04.10 02:52:33.523,0.74811,0.74817,2.62,1.87
2017.04.10 02:52:33.574,0.7481,0.74817,1.00,2.62
2017.04.10 02:52:33.727,0.74806,0.74813,5.25,2.62
2017.04.10 02:52:33.930,0.74801,0.74809,1.60,1.87
2017.04.10 02:52:34.032,0.748,0.74806,2.10,1.87
2017.04.10 02:52:34.316,0.74795,0.74802,2.62,1.87
2017.04.10 02:52:34.367,0.74795,0.74804,1.87,1.57
2017.04.10 02:52:34.874,0.74794,0.74804,5.25,3.75
2017.04.10 02:52:34.925,0.74796,0.74804,1.00,3.75
2017.04.10 02:52:35.428,0.74795,0.74804,1.00,3.82
2017.04.10 02:52:37.360,0.74796,0.74804,1.50,3.75
2017.04.10 02:52:37.512,0.74795,0.74806,7.50,3.82
2017.04.10 02:52:37.816,0.74798,0.74806,1.00,1.50
2017.04.10 02:52:38.359,0.74796,0.74806,4.12,1.50
2017.04.10 02:52:38.892,0.74796,0.74806,3.75,1.87
2017.04.10 02:52:39.731,0.74797,0.74806,2.62,1.00
2017.04.10 02:52:40.531,0.74798,0.74807,1.00,1.37
2017.04.10 02:52:41.041,0.74798,0.74807,2.62,1.00
2017.04.10 02:52:42.677,0.74798,0.74809,1.87,6.26
2017.04.10 02:52:43.184,0.74799,0.7481,2.25,5.10
2017.04.10 02:52:43.717,0.74799,0.74808,2.32,1.12
2017.04.10 02:52:44.352,0.74798,0.74808,7.20,1.12
2017.04.10 02:52:44.872,0.74799,0.74808,1.00,1.12
2017.04.10 02:52:46.547,0.74799,0.74807,1.00,1.00
2017.04.10 02:52:47.121,0.74797,0.74806,4.95,1.00
2017.04.10 02:52:47.428,0.74795,0.74804,1.47,1.00
2017.04.10 02:52:47.980,0.74794,0.74804,8.25,1.00
2017.04.10 02:52:48.841,0.74795,0.74804,2.02,1.00
2017.04.10 02:52:49.434,0.74794,0.74804,6.90,1.00
2017.04.10 02:52:49.961,0.74794,0.74804,8.25,1.00
2017.04.10 02:52:50.741,0.74795,0.74804,3.45,1.00
2017.04.10 02:52:51.253,0.74795,0.74804,3.45,1.00
2017.04.10 02:52:51.844,0.74795,0.74804,4.87,1.00
2017.04.10 02:52:54.593,0.74794,0.74804,6.82,1.12
2017.04.10 02:52:55.118,0.74795,0.74806,2.25,2.70
2017.04.10 02:52:55.654,0.74796,0.74806,4.12,1.47
2017.04.10 02:52:56.170,0.74796,0.74806,7.12,1.00
2017.04.10 02:52:56.473,0.74798,0.74806,1.50,1.00
2017.04.10 02:52:58.420,0.74798,0.74807,1.50,1.00
2017.04.10 02:52:59.122,0.74798,0.74808,1.50,1.72
2017.04.10 02:52:59.630,0.74799,0.74809,1.10,6.19
2017.04.10 02:53:01.996,0.74799,0.74809,1.00,3.00
2017.04.10 02:53:02.350,0.748,0.74809,1.07,1.00
2017.04.10 02:53:02.897,0.74802,0.7481,1.10,1.87
2017.04.10 02:53:03.652,0.74802,0.74808,1.00,1.00
2017.04.10 02:53:04.159,0.74801,0.74808,1.00,1.00
2017.04.10 02:53:13.960,0.74799,0.74808,1.50,1.00
2017.04.10 02:53:15.566,0.74799,0.74807,1.00,1.00
2017.04.10 02:53:17.246,0.74798,0.74804,1.87,1.50
2017.04.10 02:53:26.639,0.74798,0.74806,1.87,1.25
2017.04.10 02:53:26.741,0.74798,0.74804,1.37,1.50
2017.04.10 02:53:27.398,0.74798,0.74804,1.12,1.00
2017.04.10 02:53:27.658,0.74797,0.74804,2.10,1.50
2017.04.10 02:53:32.619,0.74798,0.74805,1.10,1.12
2017.04.10 02:53:33.724,0.74798,0.74804,1.12,1.00
2017.04.10 02:53:34.984,0.74797,0.74805,2.70,1.57
2017.04.10 02:53:35.856,0.74797,0.74806,2.55,2.51
2017.04.10 02:53:36.656,0.74797,0.74805,2.55,1.00
2017.04.10 02:53:37.188,0.74797,0.74806,1.95,1.31
2017.04.10 02:53:38.009,0.74797,0.74805,1.37,1.60
2017.04.10 02:53:38.280,0.74795,0.74805,6.75,1.50
2017.04.10 02:53:38.804,0.74795,0.74805,3.75,1.69
2017.04.10 02:53:39.609,0.74795,0.74804,4.50,1.00
2017.04.10 02:53:41.320,0.74795,0.74805,1.00,3.04
2017.04.10 02:53:46.557,0.74795,0.74804,1.12,1.12
2017.04.10 02:53:47.101,0.74796,0.74805,1.12,1.25
2017.04.10 02:53:47.608,0.74796,0.74805,2.10,1.25
2017.04.10 02:53:48.228,0.74796,0.74805,2.17,1.25
2017.04.10 02:53:51.642,0.74796,0.74804,1.50,1.00
2017.04.10 02:53:52.147,0.74796,0.74805,1.50,1.69
2017.04.10 02:53:55.490,0.74797,0.74805,1.00,1.25
2017.04.10 02:53:56.021,0.74797,0.74806,1.37,1.69
2017.04.10 02:53:58.541,0.74798,0.74805,1.00,1.00
2017.04.10 02:53:59.076,0.74797,0.74806,1.00,1.25
2017.04.10 02:54:00.764,0.74797,0.74805,2.25,1.00
2017.04.10 02:54:01.271,0.74796,0.74804,1.50,1.00
2017.04.10 02:54:01.322,0.74795,0.748,1.47,1.35
2017.04.10 02:54:01.526,0.74788,0.74795,1.12,1.87
2017.04.10 02:54:01.702,0.74786,0.74796,5.25,2.44
2017.04.10 02:54:01.882,0.74788,0.74796,1.00,1.69
2017.04.10 02:54:02.522,0.74788,0.74795,1.00,1.00
2017.04.10 02:54:03.153,0.74788,0.74796,1.00,2.29
2017.04.10 02:54:05.518,0.74787,0.74796,3.37,1.25
2017.04.10 02:54:07.454,0.74786,0.74793,3.45,1.50
2017.04.10 02:54:07.505,0.74786,0.74793,1.20,2.25
2017.04.10 02:54:07.658,0.74787,0.74795,1.00,1.00
2017.04.10 02:54:08.540,0.74787,0.74796,1.87,1.25
2017.04.10 02:54:08.641,0.74788,0.74798,4.27,1.50
2017.04.10 02:54:08.743,0.74791,0.74799,1.12,1.00
2017.04.10 02:54:09.250,0.74791,0.748,1.95,1.46
2017.04.10 02:54:09.808,0.74791,0.748,1.35,3.26
2017.04.10 02:54:10.559,0.74791,0.748,1.50,2.89
2017.04.10 02:54:11.078,0.74791,0.748,1.00,2.14
2017.04.10 02:54:11.584,0.74791,0.748,1.00,2.14
2017.04.10 02:54:13.754,0.74794,0.748,1.00,2.06
2017.04.10 02:54:13.959,0.74797,0.74806,1.50,2.47
2017.04.10 02:54:14.060,0.74798,0.74807,1.00,3.19
2017.04.10 02:54:14.584,0.74798,0.74807,1.00,1.31
2017.04.10 02:54:15.121,0.74798,0.74807,1.00,2.00
2017.04.10 02:54:15.632,0.74798,0.74807,1.50,2.14
2017.04.10 02:54:16.816,0.74798,0.74807,1.00,2.44
2017.04.10 02:54:19.699,0.74798,0.74807,1.00,1.01
2017.04.10 02:54:20.206,0.74798,0.74808,1.00,3.00
2017.04.10 02:54:22.003,0.74798,0.74808,1.27,2.25
2017.04.10 02:54:22.654,0.74798,0.74808,1.20,2.25
2017.04.10 02:54:32.811,0.74798,0.74807,1.12,1.00
2017.04.10 02:54:33.317,0.74797,0.74807,3.00,1.00
2017.04.10 02:54:34.917,0.74797,0.74808,2.25,1.87
2017.04.10 02:54:39.107,0.74798,0.74808,1.00,1.87
2017.04.10 02:54:40.960,0.74797,0.74803,1.87,1.00
2017.04.10 02:54:41.214,0.74794,0.74803,1.27,1.00
2017.04.10 02:54:41.720,0.74794,0.74803,1.25,1.00
2017.04.10 02:54:42.372,0.74794,0.74803,1.20,1.00
2017.04.10 02:54:42.972,0.74794,0.74803,1.25,1.00
2017.04.10 02:54:43.673,0.74794,0.74803,1.20,1.00
2017.04.10 02:54:46.141,0.74795,0.74805,2.25,6.04
2017.04.10 02:54:50.908,0.74797,0.74805,1.00,1.00
2017.04.10 02:54:51.427,0.74796,0.74805,1.00,1.00
2017.04.10 02:54:53.587,0.74795,0.74804,1.37,1.00
2017.04.10 02:55:03.843,0.74795,0.74803,1.37,1.00
2017.04.10 02:55:05.221,0.74795,0.74803,1.00,1.00
2017.04.10 02:55:05.525,0.74793,0.74801,1.00,1.00
2017.04.10 02:55:05.980,0.74791,0.748,1.01,1.12
2017.04.10 02:55:10.166,0.74791,0.748,1.62,1.87
2017.04.10 02:55:10.674,0.7479,0.74799,4.31,1.00
2017.04.10 02:55:24.412,0.7479,0.74799,6.00,1.00
2017.04.10 02:55:26.372,0.74792,0.74802,2.62,1.37
2017.04.10 02:55:26.878,0.74792,0.748,2.77,1.00
2017.04.10 02:55:28.536,0.74791,0.74799,1.12,1.00
2017.04.10 02:55:31.891,0.74795,0.74801,1.00,1.37
2017.04.10 02:55:31.993,0.74794,0.74802,2.32,1.00
2017.04.10 02:55:32.094,0.74795,0.74802,3.00,1.00
2017.04.10 02:55:32.196,0.74795,0.74804,1.00,1.00
2017.04.10 02:55:32.702,0.74795,0.74805,1.87,1.00
2017.04.10 02:55:32.919,0.74797,0.74805,1.00,1.00
2017.04.10 02:55:32.970,0.74795,0.74805,1.87,1.00
2017.04.10 02:55:33.483,0.74795,0.74805,2.32,1.00
2017.04.10 02:55:41.927,0.74796,0.74805,5.25,1.00
2017.04.10 02:55:55.442,0.74797,0.74807,4.87,1.00
2017.04.10 02:55:55.971,0.74798,0.74807,1.00,1.50
2017.04.10 02:55:59.361,0.74798,0.74807,1.95,1.00
2017.04.10 02:56:00.084,0.74798,0.74807,1.10,1.00
2017.04.10 02:56:01.520,0.74798,0.74807,1.27,1.00
2017.04.10 02:56:02.026,0.74798,0.74807,3.45,1.00
2017.04.10 02:56:02.557,0.74798,0.74808,3.82,1.50
2017.04.10 02:56:03.141,0.74798,0.74808,4.65,1.50
2017.04.10 02:56:05.327,0.74799,0.74808,1.50,1.50
2017.04.10 02:56:05.833,0.74801,0.7481,1.12,1.00
2017.04.10 02:56:06.733,0.74802,0.7481,1.50,1.00
2017.04.10 02:56:07.578,0.74802,0.7481,1.37,1.00
2017.04.10 02:56:10.125,0.74802,0.7481,1.12,1.00
2017.04.10 02:56:14.891,0.74802,0.7481,1.37,1.00
2017.04.10 02:56:15.397,0.74801,0.7481,4.72,1.00
2017.04.10 02:56:20.374,0.74802,0.74808,1.00,1.00
2017.04.10 02:56:20.828,0.748,0.74808,3.75,1.00
2017.04.10 02:56:21.401,0.74802,0.74808,1.00,1.00
2017.04.10 02:56:21.603,0.748,0.74808,3.45,1.00
2017.04.10 02:56:23.185,0.74801,0.74808,1.50,1.00
2017.04.10 02:56:28.127,0.748,0.74808,2.70,1.00
2017.04.10 02:56:32.861,0.74801,0.74808,1.00,1.00
2017.04.10 02:56:44.201,0.74802,0.74808,1.00,1.00
2017.04.10 02:56:44.707,0.74801,0.74808,1.87,1.00
2017.04.10 02:56:46.780,0.74804,0.74808,1.50,1.00
2017.04.10 02:56:46.832,0.74805,0.74812,2.62,2.25
2017.04.10 02:56:47.085,0.74807,0.74814,1.00,1.37
2017.04.10 02:56:47.339,0.74807,0.74815,1.00,1.12
2017.04.10 02:56:47.859,0.74807,0.74816,1.50,1.00
2017.04.10 02:56:48.432,0.74807,0.74817,4.87,1.00
2017.04.10 02:56:50.101,0.74808,0.74817,1.50,1.00
2017.04.10 02:56:53.662,0.74808,0.74818,1.37,1.69
2017.04.10 02:56:54.205,0.7481,0.74819,1.25,1.00
2017.04.10 02:56:55.216,0.7481,0.74819,2.06,1.00
2017.04.10 02:56:55.723,0.7481,0.7482,2.44,1.00
2017.04.10 02:56:58.680,0.74815,0.74821,1.00,1.00
2017.04.10 02:56:58.782,0.74815,0.74823,1.00,1.12
2017.04.10 02:56:58.833,0.74817,0.74824,1.00,1.87
2017.04.10 02:56:59.261,0.74814,0.74824,9.82,1.95
2017.04.10 02:56:59.768,0.74814,0.74823,9.00,1.00
2017.04.10 02:57:00.546,0.74814,0.74824,5.32,3.45
2017.04.10 02:57:01.417,0.74813,0.74823,5.06,1.00
2017.04.10 02:57:01.966,0.74813,0.74823,3.56,1.87
2017.04.10 02:57:02.504,0.74814,0.74823,1.00,3.37
2017.04.10 02:57:03.060,0.74813,0.74823,4.31,3.37
2017.04.10 02:57:03.616,0.74813,0.74822,3.94,1.00
2017.04.10 02:57:03.718,0.74812,0.7482,1.12,1.87
2017.04.10 02:57:04.956,0.74811,0.74818,2.44,1.00
2017.04.10 02:57:10.088,0.74811,0.74818,2.06,1.00
2017.04.10 02:57:10.291,0.74811,0.7482,1.62,1.12
2017.04.10 02:57:10.797,0.74811,0.7482,1.25,1.00
2017.04.10 02:57:13.158,0.7481,0.7482,2.25,1.00
2017.04.10 02:57:13.937,0.74809,0.74818,5.25,1.00
2017.04.10 02:57:14.568,0.74809,0.74818,6.75,1.00
2017.04.10 02:57:17.802,0.74809,0.74818,6.75,1.00
2017.04.10 02:57:18.717,0.74809,0.74818,9.00,1.00
2017.04.10 02:57:19.817,0.74809,0.74818,6.75,1.00
2017.04.10 02:57:24.452,0.7481,0.74818,1.87,1.00
2017.04.10 02:57:24.604,0.74811,0.7482,4.12,1.12
2017.04.10 02:57:26.825,0.7481,0.7482,4.57,1.87
2017.04.10 02:57:30.658,0.7481,0.7482,2.77,1.00
2017.04.10 02:57:32.752,0.74811,0.7482,1.47,1.00
2017.04.10 02:57:34.754,0.7481,0.7482,4.20,2.25
2017.04.10 02:57:41.762,0.7481,0.7482,1.20,1.00
2017.04.10 02:57:43.056,0.7481,0.7482,2.70,2.25
2017.04.10 02:57:43.650,0.7481,0.7482,2.70,2.25
2017.04.10 02:57:48.463,0.7481,0.7482,3.15,2.62
2017.04.10 02:57:49.236,0.7481,0.7482,3.00,2.62
2017.04.10 02:57:52.175,0.7481,0.74819,2.25,1.00
2017.04.10 02:57:52.681,0.7481,0.74819,1.87,1.00
2017.04.10 02:57:55.195,0.7481,0.74819,1.87,1.00
2017.04.10 02:57:55.449,0.74813,0.74821,1.00,1.50
2017.04.10 02:57:55.552,0.74813,0.74822,1.00,2.25
2017.04.10 02:57:57.801,0.74814,0.74822,1.00,1.87
2017.04.10 02:57:57.953,0.74815,0.74822,1.50,1.87
2017.04.10 02:57:58.247,0.74813,0.74822,2.70,1.12
2017.04.10 02:57:58.753,0.74813,0.74822,1.00,2.62
2017.04.10 02:58:01.256,0.74815,0.74822,1.50,1.87
2017.04.10 02:58:01.358,0.74812,0.74823,3.82,2.47
2017.04.10 02:58:01.899,0.74813,0.74823,1.00,9.97
2017.04.10 02:58:03.419,0.74813,0.74823,2.25,7.50
2017.04.10 02:58:06.560,0.74812,0.74823,1.37,6.37
2017.04.10 02:58:08.395,0.74812,0.74821,2.62,1.50
2017.04.10 02:58:11.465,0.74812,0.74822,3.00,1.50
2017.04.10 02:58:11.566,0.74815,0.74822,1.00,1.50
2017.04.10 02:58:12.115,0.74813,0.74822,1.45,1.50
2017.04.10 02:58:13.250,0.74818,0.74823,1.00,2.32
2017.04.10 02:58:13.402,0.74817,0.74827,1.50,7.39
2017.04.10 02:58:13.813,0.74818,0.74828,1.00,4.12
2017.04.10 02:58:14.339,0.74818,0.74827,1.50,1.00
2017.04.10 02:58:14.849,0.74818,0.74828,1.50,3.75
2017.04.10 02:58:15.705,0.74818,0.74827,2.25,1.00
2017.04.10 02:58:16.211,0.74818,0.74828,2.25,3.37
2017.04.10 02:58:16.714,0.74818,0.74827,2.25,1.00
2017.04.10 02:58:17.388,0.74818,0.74827,2.25,1.00
2017.04.10 02:58:17.920,0.74818,0.74828,2.25,3.37
2017.04.10 02:58:18.804,0.74818,0.74827,3.00,1.00
2017.04.10 02:58:19.307,0.74821,0.74829,1.37,1.00
2017.04.10 02:58:19.812,0.74821,0.7483,1.20,4.57
2017.04.10 02:58:20.966,0.74821,0.74829,1.20,1.00
2017.04.10 02:58:21.835,0.74822,0.74829,1.00,1.00
2017.04.10 02:58:22.139,0.74822,0.74831,1.87,2.25
2017.04.10 02:58:24.706,0.74822,0.74832,3.07,6.94
2017.04.10 02:58:25.211,0.74822,0.74831,2.62,1.00
2017.04.10 02:58:26.120,0.74822,0.74831,2.25,1.50
2017.04.10 02:58:26.626,0.74822,0.7483,3.45,1.00
2017.04.10 02:58:27.185,0.74822,0.74831,2.70,2.25
2017.04.10 02:58:36.610,0.74822,0.74832,1.50,4.69
2017.04.10 02:58:36.661,0.74824,0.74831,1.00,1.00
2017.04.10 02:58:37.197,0.74824,0.74832,1.00,4.69
2017.04.10 02:58:37.718,0.74824,0.74831,1.00,1.69
2017.04.10 02:58:41.690,0.74824,0.74832,1.00,3.75
2017.04.10 02:58:42.610,0.74824,0.74831,1.00,1.00
2017.04.10 02:58:43.674,0.74824,0.74832,1.00,6.00
2017.04.10 02:58:46.224,0.74823,0.7483,1.00,1.00
2017.04.10 02:58:46.275,0.74823,0.74832,2.32,2.25
2017.04.10 02:58:46.326,0.74824,0.74832,1.50,1.50
2017.04.10 02:58:46.529,0.74823,0.74832,3.22,1.00
2017.04.10 02:58:47.037,0.74823,0.74833,1.72,6.82
2017.04.10 02:58:47.483,0.74823,0.74831,1.00,1.50
2017.04.10 02:58:52.519,0.74822,0.74831,2.25,3.37
2017.04.10 02:58:53.025,0.74822,0.7483,1.00,1.12
2017.04.10 02:58:56.469,0.74821,0.74829,1.12,1.00
2017.04.10 02:58:57.541,0.74819,0.74828,3.19,1.00
2017.04.10 02:58:58.029,0.74818,0.74827,3.75,1.50
2017.04.10 02:58:58.333,0.74816,0.74825,1.95,1.50
2017.04.10 02:59:02.849,0.74816,0.74825,1.12,1.00
2017.04.10 02:59:03.355,0.74816,0.74824,1.50,1.00
2017.04.10 02:59:05.040,0.74816,0.74825,3.00,1.00
2017.04.10 02:59:09.434,0.74816,0.74826,4.12,4.35
2017.04.10 02:59:09.803,0.74815,0.74824,2.40,1.00
2017.04.10 02:59:10.762,0.74815,0.74823,1.37,1.50
2017.04.10 02:59:13.414,0.74815,0.74824,1.37,1.50
2017.04.10 02:59:13.694,0.74816,0.74826,1.12,3.37
2017.04.10 02:59:14.249,0.74816,0.74826,1.37,3.45
2017.04.10 02:59:14.806,0.74816,0.74825,1.37,1.00
2017.04.10 02:59:15.311,0.74817,0.74827,1.50,3.07
2017.04.10 02:59:16.137,0.74817,0.74827,1.50,2.25
2017.04.10 02:59:17.536,0.74817,0.74826,1.50,1.12
2017.04.10 02:59:18.043,0.74818,0.74827,2.06,1.50
2017.04.10 02:59:21.429,0.74818,0.74827,4.91,1.50
2017.04.10 02:59:21.935,0.74819,0.74829,1.50,4.65
2017.04.10 02:59:22.456,0.7482,0.74829,2.21,1.00
2017.04.10 02:59:22.961,0.7482,0.7483,2.81,6.97
2017.04.10 02:59:23.546,0.7482,0.74829,3.19,1.50
2017.04.10 02:59:32.652,0.74821,0.74829,2.25,2.25
2017.04.10 02:59:32.955,0.74822,0.74831,7.91,1.50
2017.04.10 02:59:33.461,0.74823,0.74832,2.62,1.12
2017.04.10 02:59:33.971,0.74823,0.74831,2.62,1.50
2017.04.10 02:59:39.570,0.74823,0.74832,1.00,3.37
2017.04.10 02:59:40.076,0.74823,0.74833,1.87,3.37
2017.04.10 02:59:40.625,0.74823,0.74832,1.87,1.00
2017.04.10 02:59:41.318,0.74823,0.74833,1.50,1.50
2017.04.10 02:59:42.005,0.74824,0.74833,2.25,1.50
2017.04.10 02:59:44.019,0.74823,0.74833,3.00,1.50
2017.04.10 02:59:45.217,0.74823,0.74832,3.00,1.00
2017.04.10 02:59:45.774,0.74823,0.74833,3.00,1.50
2017.04.10 02:59:46.286,0.74823,0.74832,3.00,1.00
2017.04.10 02:59:47.556,0.74823,0.74833,3.00,1.00
2017.04.10 02:59:48.131,0.74823,0.74832,3.00,1.00
2017.04.10 02:59:49.040,0.74824,0.74833,1.00,2.25
2017.04.10 02:59:50.016,0.74823,0.74832,2.25,1.12
2017.04.10 02:59:50.546,0.74823,0.74831,2.25,1.00
2017.04.10 02:59:52.682,0.74823,0.74832,4.31,3.00
2017.04.10 02:59:53.644,0.74823,0.74831,1.25,1.00
2017.04.10 02:59:56.421,0.74823,0.74832,1.25,1.50
2017.04.10 02:59:56.974,0.74823,0.74831,1.25,1.00
2017.04.10 02:59:58.836,0.74823,0.74832,1.69,1.50
2017.04.10 02:59:59.543,0.74823,0.74832,4.31,1.00
