2017.03.08 10:00:00.523,0.7568,0.75688,1.50,1.19
2017.03.08 10:00:00.827,0.75675,0.75681,2.62,1.00
2017.03.08 10:00:01.170,0.75674,0.7568,1.00,1.00
2017.03.08 10:00:01.681,0.75671,0.75679,1.12,1.00
2017.03.08 10:00:10.000,0.75671,0.75675,1.00,3.75
2017.03.08 10:00:10.203,0.75666,0.75672,1.00,1.00
2017.03.08 10:00:10.254,0.75664,0.75672,1.12,1.00
2017.03.08 10:00:10.355,0.75666,0.75672,1.00,1.00
2017.03.08 10:00:11.437,0.75665,0.75672,2.62,1.00
2017.03.08 10:00:11.791,0.75663,0.75671,3.75,1.00
2017.03.08 10:00:11.892,0.75666,0.75673,1.00,1.69
2017.03.08 10:00:13.581,0.75666,0.75672,1.00,1.00
2017.03.08 10:00:13.733,0.75664,0.75672,1.00,4.12
2017.03.08 10:00:14.180,0.75662,0.75671,1.00,3.37
2017.03.08 10:00:14.709,0.75663,0.7567,1.00,2.25
2017.03.08 10:00:18.874,0.75662,0.7567,1.00,3.37
2017.03.08 10:00:18.976,0.75662,0.75668,1.00,1.00
2017.03.08 10:00:19.077,0.7566,0.75668,1.50,1.12
2017.03.08 10:00:19.129,0.75664,0.75668,1.00,1.50
2017.03.08 10:00:19.230,0.75661,0.75669,1.00,2.81
2017.03.08 10:00:19.771,0.75661,0.75668,1.00,1.00
2017.03.08 10:00:20.330,0.75661,0.7567,1.00,8.81
2017.03.08 10:00:26.791,0.7566,0.7567,1.00,3.56
2017.03.08 10:00:30.418,0.75661,0.75667,1.00,1.00
2017.03.08 10:00:31.078,0.7566,0.75666,1.00,1.69
2017.03.08 10:00:33.057,0.75659,0.75666,1.00,2.06
2017.03.08 10:00:33.590,0.75656,0.75666,3.75,1.69
2017.03.08 10:00:33.958,0.75659,0.75666,1.50,1.69
2017.03.08 10:00:34.468,0.7566,0.75667,1.00,2.44
2017.03.08 10:00:35.708,0.75659,0.75667,1.00,2.44
2017.03.08 10:00:36.229,0.7566,0.75667,1.50,1.19
2017.03.08 10:00:37.679,0.75658,0.75665,1.00,1.50
2017.03.08 10:00:37.730,0.75655,0.75664,1.87,4.12
2017.03.08 10:00:37.831,0.7566,0.75666,1.00,2.06
2017.03.08 10:00:38.336,0.75658,0.75667,1.50,2.81
2017.03.08 10:00:38.740,0.7566,0.75667,1.00,2.81
2017.03.08 10:00:40.096,0.7566,0.75665,1.00,1.00
2017.03.08 10:00:40.198,0.75658,0.75666,1.00,2.44
2017.03.08 10:00:40.249,0.75657,0.75663,1.00,1.50
2017.03.08 10:00:40.451,0.75656,0.75665,1.00,3.75
2017.03.08 10:00:40.969,0.75657,0.75666,1.00,5.81
2017.03.08 10:00:42.838,0.75655,0.75663,1.12,1.50
2017.03.08 10:00:43.348,0.75656,0.75663,1.00,1.19
2017.03.08 10:00:44.524,0.75654,0.75663,1.12,1.19
2017.03.08 10:00:45.231,0.75656,0.75663,1.00,2.44
2017.03.08 10:00:46.145,0.75655,0.75662,1.00,1.69
2017.03.08 10:00:48.082,0.75654,0.75662,1.00,2.81
2017.03.08 10:00:49.321,0.75653,0.75662,1.00,2.81
2017.03.08 10:00:49.836,0.75654,0.75662,1.00,3.56
2017.03.08 10:00:51.327,0.75653,0.75662,1.00,2.06
2017.03.08 10:00:52.869,0.75652,0.75662,2.62,3.94
2017.03.08 10:00:53.375,0.75652,0.75661,1.50,1.12
2017.03.08 10:00:54.965,0.75652,0.75659,1.12,1.00
2017.03.08 10:00:55.490,0.75652,0.7566,1.00,1.50
2017.03.08 10:00:55.997,0.75651,0.75658,1.69,1.00
2017.03.08 10:00:56.694,0.75651,0.75659,1.00,2.81
2017.03.08 10:00:57.311,0.7565,0.75658,1.50,1.00
2017.03.08 10:00:57.841,0.7565,0.75657,1.50,1.00
2017.03.08 10:00:58.352,0.75651,0.75657,1.00,1.00
2017.03.08 10:00:58.908,0.7565,0.75657,1.00,1.00
2017.03.08 10:00:59.449,0.75649,0.75657,1.00,2.25
2017.03.08 10:00:59.981,0.75649,0.75656,1.00,1.50
2017.03.08 10:01:00.457,0.75647,0.75652,3.00,1.00
2017.03.08 10:01:00.787,0.75652,0.75656,2.25,5.25
2017.03.08 10:01:00.838,0.75653,0.75658,1.50,2.62
2017.03.08 10:01:00.889,0.75653,0.7566,1.50,3.37
2017.03.08 10:01:01.243,0.75656,0.75662,1.00,1.69
2017.03.08 10:01:01.395,0.75657,0.75664,1.00,1.12
2017.03.08 10:01:01.496,0.75659,0.75666,1.00,2.44
2017.03.08 10:01:03.262,0.75658,0.75666,1.50,1.31
2017.03.08 10:01:06.590,0.75657,0.75666,3.00,1.19
2017.03.08 10:01:11.250,0.75656,0.75666,6.00,1.19
2017.03.08 10:01:12.226,0.75657,0.75666,1.00,1.19
2017.03.08 10:01:12.558,0.75659,0.75666,1.00,1.19
2017.03.08 10:01:13.737,0.75658,0.75666,1.00,1.19
2017.03.08 10:01:18.360,0.75659,0.75666,1.00,1.19
2017.03.08 10:01:18.892,0.75658,0.75666,1.50,1.19
2017.03.08 10:01:19.562,0.7566,0.75666,1.00,1.19
2017.03.08 10:01:19.613,0.75661,0.75668,1.00,1.00
2017.03.08 10:01:19.664,0.75663,0.7567,1.00,3.56
2017.03.08 10:01:20.212,0.75663,0.7567,1.00,1.69
2017.03.08 10:01:20.720,0.75662,0.75669,1.00,1.00
2017.03.08 10:01:22.316,0.75662,0.7567,1.00,5.06
2017.03.08 10:01:24.198,0.7566,0.7567,1.87,5.06
2017.03.08 10:01:24.249,0.7566,0.75668,2.62,1.00
2017.03.08 10:01:25.975,0.7566,0.75668,2.62,1.00
2017.03.08 10:01:29.334,0.7566,0.75665,2.25,1.00
2017.03.08 10:01:29.870,0.75659,0.75665,3.37,1.00
2017.03.08 10:01:30.022,0.75661,0.75665,1.00,1.00
2017.03.08 10:01:30.123,0.75659,0.75665,2.62,1.00
2017.03.08 10:01:34.188,0.75659,0.75667,1.12,1.00
2017.03.08 10:01:34.745,0.75659,0.75668,1.87,1.00
2017.03.08 10:01:35.315,0.75659,0.75667,1.87,1.00
2017.03.08 10:01:37.449,0.7566,0.75667,1.00,1.50
2017.03.08 10:01:39.031,0.7566,0.75666,1.00,1.00
2017.03.08 10:01:41.315,0.75659,0.75666,1.25,1.50
2017.03.08 10:01:44.065,0.75659,0.75663,1.00,1.00
2017.03.08 10:01:44.116,0.75656,0.7566,3.19,1.00
2017.03.08 10:01:44.217,0.75654,0.7566,1.00,1.50
2017.03.08 10:01:44.672,0.75653,0.75658,1.00,1.00
2017.03.08 10:01:45.204,0.75652,0.75658,1.00,1.00
2017.03.08 10:01:45.710,0.75651,0.75657,1.00,1.00
2017.03.08 10:01:47.230,0.7565,0.75655,1.00,1.00
2017.03.08 10:01:48.032,0.7565,0.75654,1.00,1.00
2017.03.08 10:01:48.134,0.75646,0.75652,1.37,1.00
2017.03.08 10:01:48.658,0.75646,0.75652,1.00,1.25
2017.03.08 10:01:50.943,0.75644,0.75649,1.00,1.00
2017.03.08 10:01:51.465,0.75644,0.7565,1.00,1.00
2017.03.08 10:01:52.038,0.75644,0.75651,1.00,1.50
2017.03.08 10:01:53.040,0.75643,0.7565,1.12,1.00
2017.03.08 10:01:54.169,0.75643,0.75651,1.87,1.50
2017.03.08 10:01:57.517,0.75645,0.75651,1.00,1.50
2017.03.08 10:01:58.501,0.75644,0.75651,1.00,1.50
2017.03.08 10:02:04.766,0.75643,0.75651,1.12,1.50
2017.03.08 10:02:08.339,0.75646,0.75653,1.12,1.87
2017.03.08 10:02:08.684,0.75648,0.75655,2.25,1.00
2017.03.08 10:02:09.189,0.75648,0.75656,4.87,1.00
2017.03.08 10:02:09.947,0.75651,0.75657,1.00,1.25
2017.03.08 10:02:10.455,0.75649,0.75657,1.12,1.25
2017.03.08 10:02:10.961,0.75651,0.75657,1.00,1.25
2017.03.08 10:02:11.926,0.75648,0.75653,4.12,1.50
2017.03.08 10:02:12.124,0.75645,0.75652,1.62,1.00
2017.03.08 10:02:12.175,0.75644,0.75652,2.62,1.00
2017.03.08 10:02:12.226,0.75648,0.75654,1.00,3.00
2017.03.08 10:02:12.428,0.75649,0.75656,1.00,2.62
2017.03.08 10:02:13.162,0.75648,0.75656,3.75,1.00
2017.03.08 10:02:17.521,0.75648,0.75657,1.00,3.94
2017.03.08 10:02:20.815,0.75648,0.75655,1.00,2.25
2017.03.08 10:02:20.917,0.75646,0.75655,1.50,3.37
2017.03.08 10:02:27.066,0.75648,0.75656,1.00,2.25
2017.03.08 10:02:27.598,0.75648,0.75656,1.00,1.37
2017.03.08 10:02:29.006,0.75652,0.75658,1.00,1.37
2017.03.08 10:02:29.057,0.7565,0.75659,1.00,2.44
2017.03.08 10:02:29.562,0.7565,0.75659,1.12,2.44
2017.03.08 10:02:30.320,0.7565,0.75659,1.00,1.62
2017.03.08 10:02:30.852,0.75651,0.75659,1.00,1.25
2017.03.08 10:02:32.159,0.7565,0.75659,1.12,1.25
2017.03.08 10:02:32.735,0.75651,0.75659,1.00,2.44
2017.03.08 10:02:35.112,0.75651,0.7566,1.00,5.44
2017.03.08 10:02:35.744,0.75652,0.7566,1.00,4.69
2017.03.08 10:02:39.423,0.75653,0.75661,1.87,1.37
2017.03.08 10:02:39.950,0.75653,0.75661,3.37,1.00
2017.03.08 10:02:40.614,0.75653,0.7566,1.00,1.00
2017.03.08 10:02:41.121,0.75653,0.75661,1.00,1.12
2017.03.08 10:02:42.210,0.75653,0.75662,1.50,1.00
2017.03.08 10:02:42.887,0.75653,0.75663,1.50,7.31
2017.03.08 10:02:43.196,0.75653,0.75661,1.50,1.00
2017.03.08 10:02:53.860,0.75653,0.75662,3.00,1.12
2017.03.08 10:02:54.624,0.75653,0.75661,1.50,1.00
2017.03.08 10:03:03.573,0.75657,0.75662,1.00,1.12
2017.03.08 10:03:03.675,0.75658,0.75665,1.12,3.37
2017.03.08 10:03:04.032,0.75658,0.75667,1.12,1.31
2017.03.08 10:03:05.408,0.75658,0.75666,1.12,1.00
2017.03.08 10:03:05.913,0.75659,0.75666,1.00,1.00
2017.03.08 10:03:08.252,0.75657,0.75663,1.37,2.25
2017.03.08 10:03:08.303,0.75656,0.75662,1.50,1.50
2017.03.08 10:03:08.455,0.75653,0.75661,3.37,1.00
2017.03.08 10:03:08.960,0.75653,0.75661,2.25,1.00
2017.03.08 10:03:10.351,0.75653,0.7566,1.50,1.00
2017.03.08 10:03:12.277,0.75653,0.75661,1.50,3.75
2017.03.08 10:03:13.388,0.75653,0.7566,1.50,1.00
2017.03.08 10:03:14.113,0.75653,0.75661,1.50,3.75
2017.03.08 10:03:15.328,0.75653,0.7566,1.50,1.00
2017.03.08 10:03:15.858,0.75653,0.75661,1.50,3.75
2017.03.08 10:03:16.489,0.75653,0.7566,1.50,1.00
2017.03.08 10:03:17.202,0.75653,0.75659,1.50,1.00
2017.03.08 10:03:17.759,0.75653,0.7566,1.50,1.00
2017.03.08 10:03:24.752,0.75653,0.75659,1.00,1.00
2017.03.08 10:03:25.266,0.75652,0.7566,1.31,2.25
2017.03.08 10:03:25.772,0.75651,0.75659,2.06,1.00
2017.03.08 10:03:26.321,0.75651,0.75659,2.06,2.25
2017.03.08 10:03:26.835,0.75651,0.75658,1.87,1.00
2017.03.08 10:03:27.494,0.75651,0.75657,1.50,1.00
2017.03.08 10:03:28.015,0.75651,0.75658,1.00,1.00
2017.03.08 10:03:29.730,0.75651,0.75657,1.00,1.00
2017.03.08 10:03:31.622,0.75651,0.75656,1.00,1.00
2017.03.08 10:03:32.160,0.75651,0.75657,1.00,2.25
2017.03.08 10:03:33.213,0.7565,0.75657,1.00,1.50
2017.03.08 10:03:33.904,0.75649,0.75656,1.50,1.00
2017.03.08 10:03:34.157,0.75647,0.75656,1.12,1.50
2017.03.08 10:03:34.259,0.75646,0.75654,1.37,1.00
2017.03.08 10:03:34.360,0.75645,0.75655,2.06,4.12
2017.03.08 10:03:34.628,0.75647,0.75652,1.00,1.00
2017.03.08 10:03:35.134,0.75647,0.75653,1.00,2.25
2017.03.08 10:03:35.652,0.75646,0.75653,1.00,2.25
2017.03.08 10:03:36.188,0.75646,0.75652,1.00,1.00
2017.03.08 10:03:36.744,0.75646,0.75653,1.00,2.25
2017.03.08 10:03:37.284,0.75646,0.75652,1.00,1.00
2017.03.08 10:03:37.872,0.75646,0.75653,1.00,2.25
2017.03.08 10:03:38.471,0.75646,0.75652,1.00,1.00
2017.03.08 10:03:39.193,0.75646,0.75653,1.00,2.25
2017.03.08 10:03:39.852,0.75646,0.75652,1.00,1.00
2017.03.08 10:03:40.467,0.75646,0.75653,1.00,2.25
2017.03.08 10:03:40.670,0.75643,0.75651,1.12,1.50
2017.03.08 10:03:41.128,0.75645,0.75651,1.00,2.25
2017.03.08 10:03:41.652,0.75645,0.7565,1.00,1.00
2017.03.08 10:03:42.162,0.75645,0.75651,1.00,2.25
2017.03.08 10:03:43.201,0.75644,0.75651,1.50,1.00
2017.03.08 10:03:48.950,0.75644,0.75649,1.00,1.00
2017.03.08 10:03:49.051,0.75642,0.75649,1.00,1.00
2017.03.08 10:03:51.855,0.75642,0.7565,1.12,1.50
2017.03.08 10:03:52.361,0.75641,0.75649,4.31,1.00
2017.03.08 10:03:54.923,0.75643,0.75649,1.00,1.00
2017.03.08 10:03:57.073,0.75643,0.7565,1.00,2.25
2017.03.08 10:03:58.015,0.75642,0.7565,1.00,2.25
2017.03.08 10:04:00.112,0.75642,0.75649,1.31,1.00
2017.03.08 10:04:00.266,0.75639,0.75648,2.25,1.50
2017.03.08 10:04:00.619,0.75639,0.75646,1.87,1.50
2017.03.08 10:04:01.140,0.7564,0.75646,1.50,1.50
2017.03.08 10:04:02.163,0.7564,0.75647,1.50,2.25
2017.03.08 10:04:03.760,0.75639,0.75647,1.12,1.50
2017.03.08 10:04:04.834,0.75639,0.75646,1.12,1.00
2017.03.08 10:04:05.829,0.75638,0.75645,1.69,1.00
2017.03.08 10:04:06.336,0.75639,0.75646,1.00,2.62
2017.03.08 10:04:07.139,0.75638,0.75645,1.31,1.00
2017.03.08 10:04:10.083,0.75638,0.75646,1.25,2.25
2017.03.08 10:04:10.906,0.75638,0.75645,1.25,1.00
2017.03.08 10:04:15.351,0.75639,0.75645,1.00,1.50
2017.03.08 10:04:15.453,0.7564,0.75647,1.87,1.00
2017.03.08 10:04:16.249,0.7564,0.75648,2.25,1.00
2017.03.08 10:04:16.769,0.7564,0.75649,1.50,1.50
2017.03.08 10:04:17.436,0.7564,0.75648,1.00,1.00
2017.03.08 10:04:22.059,0.7564,0.75647,1.00,1.00
2017.03.08 10:04:24.629,0.7564,0.75648,1.00,1.00
2017.03.08 10:04:25.426,0.75639,0.75647,1.12,1.00
2017.03.08 10:04:25.947,0.75639,0.75646,1.00,1.00
2017.03.08 10:04:26.834,0.75639,0.75647,1.00,2.25
2017.03.08 10:04:34.532,0.75639,0.75646,1.50,1.00
2017.03.08 10:04:37.668,0.75638,0.75644,1.00,3.00
2017.03.08 10:04:37.820,0.75634,0.75642,1.12,3.94
2017.03.08 10:04:37.922,0.75634,0.7564,1.50,1.00
2017.03.08 10:04:38.507,0.75634,0.75641,1.00,1.50
2017.03.08 10:04:39.382,0.75634,0.75642,1.00,1.31
2017.03.08 10:04:41.249,0.75633,0.75642,1.12,2.44
2017.03.08 10:04:41.552,0.7564,0.75646,1.00,1.25
2017.03.08 10:04:43.251,0.7564,0.75646,1.00,1.69
2017.03.08 10:04:45.964,0.75636,0.75643,5.25,1.00
2017.03.08 10:04:46.318,0.75634,0.75642,1.00,1.00
2017.03.08 10:04:46.834,0.75634,0.75643,1.50,3.56
2017.03.08 10:04:47.360,0.75635,0.75644,1.00,3.94
2017.03.08 10:04:48.630,0.75635,0.75642,1.00,1.00
2017.03.08 10:04:48.732,0.75633,0.75641,1.12,1.50
2017.03.08 10:04:49.238,0.75633,0.75641,1.00,1.37
2017.03.08 10:04:54.322,0.75632,0.7564,1.87,1.12
2017.03.08 10:04:57.402,0.75632,0.75639,1.87,1.00
2017.03.08 10:05:00.530,0.75633,0.75639,1.00,1.00
2017.03.08 10:05:01.259,0.75633,0.75641,1.00,1.12
2017.03.08 10:05:03.107,0.75632,0.75641,1.87,1.00
2017.03.08 10:05:09.817,0.75633,0.75641,1.00,1.00
2017.03.08 10:05:12.454,0.75634,0.75641,1.69,1.00
2017.03.08 10:05:12.709,0.75638,0.75647,2.62,1.19
2017.03.08 10:05:17.369,0.75639,0.75645,1.00,1.00
2017.03.08 10:05:19.482,0.75639,0.75646,1.00,1.25
2017.03.08 10:05:22.089,0.75639,0.75645,1.00,1.00
2017.03.08 10:05:26.372,0.75639,0.75646,1.00,1.25
2017.03.08 10:05:31.327,0.75641,0.75647,2.25,1.12
2017.03.08 10:05:31.630,0.75643,0.75648,1.12,1.00
2017.03.08 10:05:32.878,0.75643,0.7565,1.00,2.06
2017.03.08 10:05:40.254,0.75644,0.75651,2.25,1.12
2017.03.08 10:05:40.355,0.75644,0.75654,3.00,8.06
2017.03.08 10:05:40.406,0.75648,0.75654,1.00,3.00
2017.03.08 10:05:40.560,0.75648,0.75656,1.00,2.62
2017.03.08 10:05:43.133,0.75647,0.75657,3.00,3.94
2017.03.08 10:05:43.235,0.75649,0.75657,1.00,3.19
2017.03.08 10:05:43.780,0.75647,0.75657,5.25,2.44
2017.03.08 10:05:45.428,0.75648,0.75657,1.00,2.44
2017.03.08 10:05:46.001,0.75648,0.75655,1.00,1.00
2017.03.08 10:05:46.509,0.75647,0.75655,3.75,1.00
2017.03.08 10:05:50.781,0.75648,0.75655,1.00,1.00
2017.03.08 10:06:00.926,0.75647,0.75657,4.50,3.94
2017.03.08 10:06:03.605,0.75646,0.75655,5.06,1.00
2017.03.08 10:06:04.458,0.75647,0.75655,1.00,1.00
2017.03.08 10:06:05.016,0.75646,0.75655,6.19,1.00
2017.03.08 10:06:05.520,0.75647,0.75655,1.00,1.00
2017.03.08 10:06:06.029,0.75647,0.75656,1.00,1.69
2017.03.08 10:06:07.240,0.75646,0.75652,1.12,1.00
2017.03.08 10:06:07.342,0.75643,0.75652,3.00,1.50
2017.03.08 10:06:07.868,0.75644,0.75651,1.00,1.00
2017.03.08 10:06:08.222,0.75642,0.75652,3.00,1.50
2017.03.08 10:06:08.725,0.75642,0.75651,1.87,1.00
2017.03.08 10:06:10.866,0.75641,0.75649,3.19,1.00
2017.03.08 10:06:11.372,0.75641,0.75649,1.00,1.00
2017.03.08 10:06:13.047,0.75642,0.75649,1.00,1.00
2017.03.08 10:06:17.565,0.75642,0.7565,1.00,3.56
2017.03.08 10:06:18.229,0.75642,0.75649,1.00,1.00
2017.03.08 10:06:19.917,0.75641,0.75649,3.00,1.00
2017.03.08 10:06:20.447,0.75641,0.75648,1.50,1.00
2017.03.08 10:06:21.509,0.75642,0.7565,1.87,1.25
2017.03.08 10:06:23.859,0.75642,0.75649,1.87,1.00
2017.03.08 10:06:26.213,0.75641,0.75648,1.87,1.50
2017.03.08 10:06:26.314,0.75639,0.75648,2.25,1.87
2017.03.08 10:06:26.415,0.75639,0.75647,1.00,2.62
2017.03.08 10:06:26.964,0.75638,0.75647,2.44,2.25
2017.03.08 10:06:28.549,0.75639,0.75647,1.50,1.50
2017.03.08 10:06:29.063,0.75638,0.75647,2.44,2.25
2017.03.08 10:06:30.222,0.75638,0.75645,2.44,1.00
2017.03.08 10:06:30.526,0.75632,0.75639,1.00,1.00
2017.03.08 10:06:30.577,0.7563,0.75639,3.00,1.00
2017.03.08 10:06:30.814,0.75632,0.75639,1.00,1.12
2017.03.08 10:06:31.351,0.7563,0.75639,1.87,2.62
2017.03.08 10:06:32.849,0.7563,0.75638,1.12,1.00
2017.03.08 10:06:33.741,0.7563,0.75639,1.12,2.62
2017.03.08 10:06:34.265,0.7563,0.75638,1.12,1.00
2017.03.08 10:06:34.862,0.7563,0.75639,1.12,2.62
2017.03.08 10:06:35.523,0.7563,0.75638,1.12,1.00
2017.03.08 10:06:36.054,0.7563,0.75639,1.12,2.62
2017.03.08 10:06:36.561,0.7563,0.75638,1.12,1.00
2017.03.08 10:06:37.070,0.7563,0.75637,1.12,1.00
2017.03.08 10:06:40.402,0.75628,0.75636,3.19,1.00
2017.03.08 10:06:40.655,0.75629,0.75638,1.50,2.25
2017.03.08 10:06:41.692,0.75628,0.75636,2.81,1.00
2017.03.08 10:06:42.200,0.75628,0.75636,3.19,2.25
2017.03.08 10:06:42.739,0.75628,0.75635,2.44,1.00
2017.03.08 10:06:52.284,0.75628,0.75636,1.69,1.00
2017.03.08 10:06:52.855,0.75628,0.75637,1.69,3.75
2017.03.08 10:06:53.401,0.75627,0.75636,2.81,3.00
2017.03.08 10:06:55.341,0.75626,0.75631,1.50,2.10
2017.03.08 10:06:55.656,0.7562,0.75627,3.00,1.12
2017.03.08 10:06:55.708,0.75619,0.75627,1.25,1.50
2017.03.08 10:06:56.439,0.7562,0.75625,1.50,1.00
2017.03.08 10:06:56.592,0.7562,0.75627,1.50,1.50
2017.03.08 10:06:57.585,0.7562,0.75626,1.00,1.00
2017.03.08 10:06:58.092,0.7562,0.75627,1.00,1.50
2017.03.08 10:06:59.353,0.75619,0.75627,1.25,1.50
2017.03.08 10:07:03.180,0.7562,0.75628,1.50,1.87
2017.03.08 10:07:03.425,0.7562,0.7563,3.37,4.69
2017.03.08 10:07:03.968,0.7562,0.75628,1.50,1.00
2017.03.08 10:07:05.072,0.7562,0.75629,1.50,1.69
2017.03.08 10:07:05.775,0.7562,0.75629,1.00,1.69
2017.03.08 10:07:06.397,0.7562,0.75628,1.00,1.00
2017.03.08 10:07:07.164,0.7562,0.75629,1.00,1.69
2017.03.08 10:07:07.921,0.7562,0.75628,1.00,1.00
2017.03.08 10:07:08.990,0.7562,0.75629,1.00,1.69
2017.03.08 10:07:09.754,0.7562,0.75628,1.00,1.00
2017.03.08 10:07:11.552,0.75619,0.75628,1.31,1.00
2017.03.08 10:07:12.161,0.75619,0.75629,1.31,2.29
2017.03.08 10:07:14.566,0.7562,0.7563,1.00,4.54
2017.03.08 10:07:15.182,0.75619,0.75629,3.19,1.54
2017.03.08 10:07:15.657,0.75621,0.75629,1.00,1.69
2017.03.08 10:07:21.748,0.7562,0.75629,1.50,2.29
2017.03.08 10:07:25.447,0.75621,0.75629,1.00,1.69
2017.03.08 10:07:25.752,0.75623,0.75631,1.00,3.56
2017.03.08 10:07:26.078,0.75628,0.75634,1.00,2.25
2017.03.08 10:07:26.129,0.7563,0.75638,1.00,9.19
2017.03.08 10:07:26.535,0.75628,0.75638,1.50,8.81
2017.03.08 10:07:26.940,0.75629,0.75638,1.37,1.50
2017.03.08 10:07:27.487,0.7563,0.75639,1.50,1.00
2017.03.08 10:07:28.073,0.75631,0.75639,1.00,1.00
2017.03.08 10:07:28.225,0.75632,0.75642,1.50,3.75
2017.03.08 10:07:30.674,0.75637,0.75642,1.00,2.25
2017.03.08 10:07:30.877,0.75641,0.75647,1.00,1.50
2017.03.08 10:07:30.978,0.7564,0.75649,1.12,3.19
2017.03.08 10:07:31.479,0.7564,0.75649,1.12,3.41
2017.03.08 10:07:32.141,0.7564,0.75648,1.12,1.00
2017.03.08 10:07:35.061,0.75638,0.75646,3.56,4.87
2017.03.08 10:07:35.215,0.75638,0.75645,1.00,1.50
2017.03.08 10:07:35.722,0.75638,0.75647,1.12,2.44
2017.03.08 10:07:37.117,0.75638,0.75645,1.50,1.00
2017.03.08 10:07:37.681,0.75638,0.75646,1.00,2.44
2017.03.08 10:07:38.190,0.75638,0.75645,1.00,1.00
2017.03.08 10:07:38.697,0.75638,0.75646,1.00,1.69
2017.03.08 10:07:43.086,0.7564,0.75646,1.00,1.25
2017.03.08 10:07:43.389,0.75648,0.75654,1.50,1.00
2017.03.08 10:07:44.541,0.75648,0.75656,1.12,4.54
2017.03.08 10:07:53.436,0.75653,0.75657,1.87,1.12
2017.03.08 10:07:53.538,0.75652,0.75659,1.50,2.25
2017.03.08 10:07:54.084,0.75649,0.75658,1.87,1.00
2017.03.08 10:07:54.447,0.75649,0.75656,1.87,1.00
2017.03.08 10:07:54.953,0.75649,0.75657,1.50,1.50
2017.03.08 10:07:55.555,0.75648,0.75655,1.00,1.00
2017.03.08 10:07:56.062,0.75647,0.75655,2.44,1.00
2017.03.08 10:08:00.129,0.75647,0.75655,2.81,1.50
2017.03.08 10:08:00.679,0.75647,0.75655,2.44,1.00
2017.03.08 10:08:01.361,0.75648,0.75656,1.31,1.50
2017.03.08 10:08:10.440,0.75646,0.75655,3.56,6.15
2017.03.08 10:08:10.492,0.75646,0.75651,1.31,1.00
2017.03.08 10:08:10.644,0.75643,0.75651,2.25,1.00
2017.03.08 10:08:11.152,0.75645,0.75651,1.00,1.00
2017.03.08 10:08:11.627,0.75643,0.7565,1.00,1.00
2017.03.08 10:08:12.169,0.75642,0.75651,2.25,1.50
2017.03.08 10:08:12.711,0.75642,0.7565,3.00,1.00
2017.03.08 10:08:13.248,0.75642,0.75651,2.25,1.50
2017.03.08 10:08:14.104,0.75642,0.7565,2.25,1.00
2017.03.08 10:08:14.639,0.75642,0.75651,2.25,1.50
2017.03.08 10:08:15.355,0.75642,0.7565,2.25,1.00
2017.03.08 10:08:15.955,0.75642,0.75651,2.25,1.50
2017.03.08 10:08:16.582,0.75642,0.7565,2.25,1.00
2017.03.08 10:08:17.639,0.75643,0.75651,1.12,1.50
2017.03.08 10:08:18.574,0.75643,0.7565,1.12,1.00
2017.03.08 10:08:19.620,0.75643,0.75651,1.12,1.50
2017.03.08 10:08:20.136,0.75643,0.7565,1.12,1.00
2017.03.08 10:08:20.187,0.75646,0.75653,1.25,3.00
2017.03.08 10:08:20.520,0.75649,0.75655,1.00,1.00
2017.03.08 10:08:21.029,0.75648,0.75656,1.12,2.44
2017.03.08 10:08:23.478,0.75648,0.75655,1.12,1.00
2017.03.08 10:08:24.429,0.75648,0.75656,1.12,2.44
2017.03.08 10:08:25.014,0.75648,0.75655,1.12,1.00
2017.03.08 10:08:25.553,0.75648,0.75656,1.87,1.69
2017.03.08 10:08:27.087,0.75649,0.75656,1.87,1.69
2017.03.08 10:08:27.620,0.7565,0.75656,1.00,1.00
2017.03.08 10:08:28.855,0.75647,0.75656,2.44,2.85
2017.03.08 10:08:28.906,0.75646,0.75654,3.37,1.00
2017.03.08 10:08:29.009,0.75645,0.75653,1.31,1.12
2017.03.08 10:08:29.312,0.75644,0.7565,1.00,1.00
2017.03.08 10:08:29.363,0.75642,0.7565,3.37,1.00
2017.03.08 10:08:29.515,0.75644,0.7565,1.00,1.00
2017.03.08 10:08:29.850,0.75642,0.7565,3.37,1.00
2017.03.08 10:08:31.302,0.75644,0.7565,1.00,1.00
2017.03.08 10:08:31.892,0.75643,0.7565,1.00,1.00
2017.03.08 10:08:33.796,0.75643,0.75651,1.12,1.50
2017.03.08 10:08:36.093,0.75642,0.7565,1.12,1.50
2017.03.08 10:08:36.599,0.75642,0.7565,1.37,1.50
2017.03.08 10:08:36.904,0.75649,0.75653,1.00,4.12
2017.03.08 10:08:37.005,0.75649,0.75654,1.00,1.00
2017.03.08 10:08:37.056,0.75649,0.75656,1.00,5.81
2017.03.08 10:08:37.654,0.75647,0.75655,1.50,1.72
2017.03.08 10:08:37.708,0.75647,0.75655,1.00,1.12
2017.03.08 10:08:37.910,0.75649,0.75656,1.12,1.69
2017.03.08 10:08:46.228,0.7565,0.75658,1.00,5.06
2017.03.08 10:08:55.605,0.75649,0.75657,1.12,5.44
2017.03.08 10:08:55.908,0.75645,0.75651,1.12,1.12
2017.03.08 10:08:55.959,0.75643,0.75651,1.12,1.12
2017.03.08 10:08:56.464,0.75644,0.75651,1.00,1.00
2017.03.08 10:08:56.667,0.75646,0.75652,1.00,1.50
2017.03.08 10:08:57.597,0.75644,0.75652,2.25,1.50
2017.03.08 10:08:58.158,0.75644,0.75653,1.50,1.50
2017.03.08 10:08:58.917,0.75643,0.75651,2.62,1.50
2017.03.08 10:08:59.792,0.75644,0.75651,1.00,1.50
2017.03.08 10:09:00.329,0.75645,0.75652,1.00,1.87
2017.03.08 10:09:01.204,0.75645,0.75651,1.00,1.00
2017.03.08 10:09:01.649,0.75643,0.75649,1.00,1.00
2017.03.08 10:09:02.830,0.75643,0.7565,1.00,1.50
2017.03.08 10:09:03.353,0.75644,0.7565,1.00,1.00
2017.03.08 10:09:03.896,0.75643,0.7565,1.12,1.00
2017.03.08 10:09:05.312,0.75643,0.75651,1.12,1.50
2017.03.08 10:09:06.324,0.75643,0.7565,1.12,1.00
2017.03.08 10:09:07.055,0.75642,0.75651,2.25,1.50
2017.03.08 10:09:07.916,0.75642,0.7565,3.75,1.50
2017.03.08 10:09:08.428,0.75642,0.7565,1.12,1.87
2017.03.08 10:09:09.465,0.75642,0.75649,1.12,1.00
2017.03.08 10:09:11.814,0.75643,0.75649,1.00,1.00
2017.03.08 10:09:17.110,0.75644,0.75649,1.00,1.00
2017.03.08 10:09:17.161,0.75644,0.75651,1.00,1.00
2017.03.08 10:09:17.705,0.75643,0.7565,1.87,1.00
2017.03.08 10:09:18.738,0.75644,0.7565,1.00,1.00
2017.03.08 10:09:19.258,0.75644,0.75651,1.00,1.00
2017.03.08 10:09:20.799,0.75645,0.75651,1.00,1.50
2017.03.08 10:09:22.672,0.75645,0.75652,1.00,1.50
2017.03.08 10:09:35.658,0.75648,0.75654,1.00,1.12
2017.03.08 10:09:35.810,0.75649,0.75656,1.00,1.12
2017.03.08 10:09:37.905,0.7565,0.75656,1.00,1.00
2017.03.08 10:09:40.853,0.7565,0.75657,1.00,1.69
2017.03.08 10:09:41.776,0.7565,0.75656,1.00,1.00
2017.03.08 10:09:42.430,0.7565,0.75657,1.00,3.19
2017.03.08 10:09:42.979,0.7565,0.75656,1.00,1.00
2017.03.08 10:09:43.821,0.7565,0.75657,1.00,3.19
2017.03.08 10:09:45.150,0.7565,0.75656,1.00,1.00
2017.03.08 10:09:45.663,0.7565,0.75657,1.00,3.19
2017.03.08 10:09:46.203,0.7565,0.75656,1.00,1.00
2017.03.08 10:09:46.708,0.75651,0.75656,1.00,1.00
2017.03.08 10:09:47.219,0.75651,0.75657,1.00,3.19
2017.03.08 10:09:47.852,0.75651,0.75656,1.00,1.00
2017.03.08 10:09:49.890,0.75651,0.75657,1.00,1.00
2017.03.08 10:09:50.550,0.7565,0.75657,1.50,1.00
2017.03.08 10:09:51.068,0.7565,0.75658,1.50,1.00
2017.03.08 10:09:52.566,0.75652,0.75658,1.00,1.00
2017.03.08 10:09:53.280,0.75652,0.75659,1.00,2.06
2017.03.08 10:09:55.291,0.75652,0.75658,1.50,1.00
2017.03.08 10:09:56.127,0.75652,0.75659,1.00,2.06
2017.03.08 10:09:56.941,0.75653,0.75659,1.00,1.31
2017.03.08 10:09:59.217,0.75653,0.75658,1.00,1.00
2017.03.08 10:09:59.834,0.75653,0.75659,1.00,1.69
2017.03.08 10:10:00.803,0.75652,0.75659,1.00,1.25
2017.03.08 10:10:07.099,0.75651,0.75659,1.50,1.25
2017.03.08 10:10:11.376,0.75652,0.75659,1.00,1.25
2017.03.08 10:10:16.048,0.75653,0.75658,1.00,1.00
2017.03.08 10:10:16.568,0.75653,0.75659,1.00,1.69
2017.03.08 10:10:17.788,0.75653,0.75658,1.00,1.00
2017.03.08 10:10:17.839,0.75651,0.75658,1.87,1.00
2017.03.08 10:10:18.139,0.75653,0.75659,1.00,1.69
2017.03.08 10:10:18.362,0.75651,0.75659,1.87,1.69
2017.03.08 10:10:19.085,0.75651,0.75658,1.87,1.00
2017.03.08 10:10:21.440,0.75651,0.75659,1.87,1.69
2017.03.08 10:10:22.075,0.75651,0.75658,1.87,1.00
2017.03.08 10:10:22.589,0.75651,0.75659,1.87,1.69
2017.03.08 10:10:23.120,0.75651,0.75658,1.87,1.00
2017.03.08 10:10:23.809,0.75651,0.7566,1.87,2.44
2017.03.08 10:10:24.721,0.75652,0.7566,1.00,2.44
2017.03.08 10:10:25.540,0.75651,0.7566,1.50,3.04
2017.03.08 10:10:26.278,0.75651,0.75658,1.50,1.00
2017.03.08 10:10:26.780,0.75651,0.75659,1.50,1.50
2017.03.08 10:10:27.441,0.75651,0.75658,1.50,1.00
2017.03.08 10:10:27.990,0.75651,0.75659,1.50,1.50
2017.03.08 10:10:28.563,0.75651,0.75658,1.50,1.00
2017.03.08 10:10:29.464,0.75651,0.75659,1.50,1.50
2017.03.08 10:10:29.981,0.75651,0.75658,1.50,1.00
2017.03.08 10:10:30.663,0.75651,0.75659,1.50,1.50
2017.03.08 10:10:31.309,0.75651,0.75658,1.00,1.00
2017.03.08 10:10:32.060,0.75651,0.75659,1.50,1.50
2017.03.08 10:10:32.720,0.75651,0.75658,1.50,1.00
2017.03.08 10:10:33.259,0.75651,0.75659,1.50,1.50
2017.03.08 10:10:34.918,0.75651,0.75658,1.50,1.00
2017.03.08 10:10:36.404,0.75651,0.75659,1.50,1.50
2017.03.08 10:10:37.014,0.75651,0.75658,1.50,1.00
2017.03.08 10:10:37.698,0.75651,0.75659,1.50,1.50
2017.03.08 10:10:38.334,0.75651,0.75658,1.50,1.00
2017.03.08 10:10:40.895,0.75651,0.75659,1.50,1.50
2017.03.08 10:10:45.625,0.75657,0.75661,1.00,6.00
2017.03.08 10:10:45.676,0.75657,0.75662,1.87,1.50
2017.03.08 10:10:45.727,0.75659,0.75663,1.12,1.50
2017.03.08 10:10:45.861,0.75659,0.75666,1.87,1.00
2017.03.08 10:10:46.012,0.75661,0.75668,1.00,2.25
2017.03.08 10:10:46.519,0.7566,0.75667,1.12,1.00
2017.03.08 10:10:47.025,0.75659,0.75666,1.37,1.00
2017.03.08 10:10:47.545,0.75658,0.75666,2.81,1.00
2017.03.08 10:10:49.498,0.7566,0.75666,1.00,1.00
2017.03.08 10:10:51.482,0.75662,0.75668,2.44,1.00
2017.03.08 10:10:51.685,0.75663,0.7567,2.81,1.00
2017.03.08 10:10:52.981,0.75663,0.75669,1.25,1.00
2017.03.08 10:10:57.167,0.75663,0.7567,1.25,3.75
2017.03.08 10:10:57.662,0.75662,0.75667,1.00,1.00
2017.03.08 10:10:57.764,0.7566,0.75666,1.00,4.12
2017.03.08 10:10:57.815,0.75658,0.75666,1.12,4.35
2017.03.08 10:10:58.619,0.75658,0.75666,1.00,1.50
2017.03.08 10:10:59.166,0.75659,0.75665,1.00,1.00
2017.03.08 10:11:00.484,0.75659,0.75666,1.00,1.00
2017.03.08 10:11:00.814,0.75657,0.75666,1.87,2.25
2017.03.08 10:11:00.865,0.75657,0.75664,1.12,1.50
2017.03.08 10:11:01.443,0.75657,0.75666,1.87,2.10
2017.03.08 10:11:01.544,0.75659,0.75666,1.00,1.00
2017.03.08 10:11:02.150,0.75659,0.75667,1.00,4.69
2017.03.08 10:11:03.150,0.75659,0.75666,1.00,1.00
2017.03.08 10:11:03.730,0.75659,0.75667,2.25,1.69
2017.03.08 10:11:04.247,0.75659,0.75666,2.25,1.00
2017.03.08 10:11:05.382,0.75659,0.75667,2.25,1.25
2017.03.08 10:11:06.393,0.75659,0.75666,1.00,1.00
2017.03.08 10:11:06.922,0.75658,0.75666,1.12,1.50
2017.03.08 10:11:07.460,0.75658,0.75665,1.12,1.00
2017.03.08 10:11:08.173,0.75658,0.75666,1.12,1.50
2017.03.08 10:11:09.161,0.75658,0.75665,1.12,1.00
2017.03.08 10:11:09.710,0.75658,0.75666,1.12,1.50
2017.03.08 10:11:10.494,0.75658,0.75665,1.12,1.00
2017.03.08 10:11:11.026,0.75658,0.75666,1.12,1.50
2017.03.08 10:11:11.574,0.75658,0.75665,1.12,1.00
2017.03.08 10:11:12.131,0.75658,0.75666,1.12,1.50
2017.03.08 10:11:14.458,0.75658,0.75665,1.12,1.00
2017.03.08 10:11:15.023,0.75657,0.75666,2.62,2.25
2017.03.08 10:11:16.603,0.75657,0.75665,3.37,1.00
2017.03.08 10:11:17.170,0.75657,0.75666,2.62,2.25
2017.03.08 10:11:17.744,0.75657,0.75664,2.62,1.00
2017.03.08 10:11:35.234,0.75657,0.75665,4.12,1.00
2017.03.08 10:11:41.860,0.75657,0.75662,1.50,1.00
2017.03.08 10:11:42.366,0.75656,0.75662,2.25,1.00
2017.03.08 10:11:42.570,0.75654,0.75661,2.06,1.00
2017.03.08 10:11:42.722,0.75654,0.75659,1.31,1.00
2017.03.08 10:11:42.874,0.75654,0.75661,2.06,1.00
2017.03.08 10:11:43.026,0.75653,0.75659,2.25,1.00
2017.03.08 10:11:43.077,0.75653,0.75661,2.25,1.00
2017.03.08 10:11:43.242,0.75652,0.75659,4.31,1.00
2017.03.08 10:11:43.748,0.75653,0.75657,1.50,1.00
2017.03.08 10:11:43.849,0.75652,0.75661,2.06,2.62
2017.03.08 10:11:43.951,0.75653,0.75658,1.00,1.00
2017.03.08 10:11:44.289,0.75653,0.7566,1.00,1.50
2017.03.08 10:11:44.955,0.75653,0.75659,1.00,1.00
2017.03.08 10:11:47.152,0.75655,0.75661,1.25,1.00
2017.03.08 10:11:47.254,0.75657,0.75665,1.00,2.25
2017.03.08 10:11:47.774,0.75656,0.75664,3.00,1.00
2017.03.08 10:11:49.248,0.75655,0.75665,3.56,2.25
2017.03.08 10:11:50.419,0.75656,0.75664,2.25,1.00
2017.03.08 10:11:51.307,0.75656,0.75665,2.25,2.25
2017.03.08 10:11:51.888,0.75656,0.75664,2.25,1.00
2017.03.08 10:11:55.429,0.75656,0.75665,2.25,2.25
2017.03.08 10:11:56.178,0.75656,0.75664,2.25,1.00
2017.03.08 10:11:58.466,0.75656,0.75665,2.25,2.25
2017.03.08 10:11:59.038,0.75656,0.75664,1.87,1.00
2017.03.08 10:11:59.584,0.75656,0.75665,1.87,1.50
2017.03.08 10:12:00.381,0.75656,0.75664,1.87,1.00
2017.03.08 10:12:00.908,0.75656,0.75665,1.50,1.50
2017.03.08 10:12:04.430,0.75656,0.75664,1.50,1.00
2017.03.08 10:12:07.176,0.75656,0.75665,1.50,2.25
2017.03.08 10:12:07.329,0.75658,0.75665,1.00,1.50
2017.03.08 10:12:07.949,0.75658,0.75664,1.00,1.00
2017.03.08 10:12:08.489,0.75658,0.75665,1.00,1.00
2017.03.08 10:12:09.121,0.75658,0.75664,1.00,1.00
2017.03.08 10:12:10.161,0.75657,0.75665,3.75,2.25
2017.03.08 10:12:10.465,0.75654,0.75661,1.19,1.00
2017.03.08 10:12:10.769,0.75653,0.75658,1.31,1.00
2017.03.08 10:12:10.921,0.75653,0.7566,1.31,1.00
2017.03.08 10:12:11.376,0.75655,0.75662,1.50,1.00
2017.03.08 10:12:11.705,0.75654,0.75659,1.00,1.00
2017.03.08 10:12:11.756,0.75653,0.75661,1.31,1.50
2017.03.08 10:12:11.959,0.75652,0.75659,4.31,1.00
2017.03.08 10:12:12.504,0.75652,0.75658,3.56,1.00
2017.03.08 10:12:15.887,0.75652,0.75659,3.19,1.00
2017.03.08 10:12:15.938,0.75653,0.75661,1.25,1.00
2017.03.08 10:12:16.445,0.75653,0.75661,6.19,1.50
2017.03.08 10:12:16.546,0.75655,0.75663,5.25,1.69
2017.03.08 10:12:17.153,0.75656,0.75664,2.25,2.25
2017.03.08 10:12:17.457,0.75654,0.75661,4.31,1.00
2017.03.08 10:12:17.762,0.75654,0.75659,1.69,1.00
2017.03.08 10:12:17.923,0.75653,0.75659,1.25,1.00
2017.03.08 10:12:17.983,0.75653,0.75657,1.25,1.00
2017.03.08 10:12:28.230,0.75652,0.75658,1.19,1.00
2017.03.08 10:12:28.383,0.7565,0.75656,1.00,3.37
2017.03.08 10:12:28.434,0.75647,0.75653,1.19,1.00
2017.03.08 10:12:28.738,0.75642,0.75647,1.25,1.00
2017.03.08 10:12:29.389,0.75642,0.75649,1.25,1.12
2017.03.08 10:12:29.743,0.75643,0.7565,1.50,1.00
2017.03.08 10:12:29.845,0.75643,0.75652,3.00,1.12
2017.03.08 10:12:30.351,0.75645,0.75652,1.69,1.00
2017.03.08 10:12:30.503,0.75645,0.75654,1.25,2.62
2017.03.08 10:12:31.009,0.75646,0.75654,1.87,1.12
2017.03.08 10:12:32.961,0.75646,0.75654,3.00,1.12
2017.03.08 10:12:37.082,0.75646,0.75651,1.50,1.00
2017.03.08 10:12:37.133,0.75645,0.75651,1.31,1.00
2017.03.08 10:12:37.184,0.75643,0.75649,3.75,1.00
2017.03.08 10:12:37.235,0.75643,0.75649,1.12,1.00
2017.03.08 10:12:37.741,0.75642,0.75649,1.25,1.12
2017.03.08 10:12:40.895,0.75642,0.7565,1.69,1.00
2017.03.08 10:12:41.310,0.75642,0.75648,1.69,1.00
2017.03.08 10:12:41.916,0.75642,0.75647,1.25,1.00
2017.03.08 10:12:44.071,0.75641,0.75647,1.00,1.87
2017.03.08 10:12:44.224,0.75639,0.75646,2.25,1.00
2017.03.08 10:12:44.527,0.75637,0.75644,2.06,1.00
2017.03.08 10:12:45.077,0.75639,0.75644,1.00,1.00
2017.03.08 10:12:46.560,0.7564,0.75644,1.00,1.00
2017.03.08 10:12:47.663,0.7564,0.75645,1.00,1.12
2017.03.08 10:12:48.243,0.75641,0.75646,1.00,1.87
2017.03.08 10:12:48.936,0.75639,0.75646,1.00,2.62
2017.03.08 10:12:49.314,0.75639,0.75644,1.00,1.00
2017.03.08 10:12:49.980,0.75639,0.75646,1.00,1.00
2017.03.08 10:12:50.082,0.75639,0.75644,1.00,1.00
2017.03.08 10:12:55.751,0.75641,0.75646,1.00,1.00
2017.03.08 10:12:56.053,0.75642,0.75649,1.12,1.50
2017.03.08 10:12:56.561,0.75642,0.75648,1.12,1.00
2017.03.08 10:13:01.880,0.75642,0.75649,1.12,1.00
2017.03.08 10:13:03.432,0.75642,0.75648,1.00,1.00
2017.03.08 10:13:04.298,0.75642,0.75647,1.00,1.00
2017.03.08 10:13:04.601,0.75642,0.75649,1.00,2.25
2017.03.08 10:13:04.753,0.75642,0.75647,1.00,1.00
2017.03.08 10:13:04.940,0.75642,0.7565,1.00,4.12
2017.03.08 10:13:05.492,0.75642,0.75649,1.00,1.00
2017.03.08 10:13:06.017,0.75643,0.75649,1.00,1.00
2017.03.08 10:13:07.931,0.75642,0.75649,1.00,1.50
2017.03.08 10:13:08.135,0.75642,0.75647,1.00,1.00
2017.03.08 10:13:10.389,0.75642,0.75648,1.00,2.25
2017.03.08 10:13:10.946,0.7564,0.75648,4.31,1.12
2017.03.08 10:13:11.492,0.7564,0.75648,2.81,2.25
2017.03.08 10:13:11.998,0.7564,0.75647,1.31,1.50
2017.03.08 10:13:15.244,0.7564,0.75646,1.25,1.00
2017.03.08 10:13:19.025,0.75641,0.75646,1.00,1.00
2017.03.08 10:13:31.632,0.75642,0.75647,1.00,1.00
2017.03.08 10:13:32.140,0.75642,0.75646,1.00,1.00
2017.03.08 10:13:37.857,0.75642,0.75647,1.00,1.00
2017.03.08 10:13:38.363,0.75642,0.7565,1.12,2.25
2017.03.08 10:13:38.544,0.75642,0.75647,1.12,1.00
2017.03.08 10:13:38.595,0.75642,0.7565,1.12,3.37
2017.03.08 10:13:38.697,0.75642,0.75648,1.00,1.00
2017.03.08 10:13:38.798,0.75642,0.7565,1.00,3.37
2017.03.08 10:13:38.849,0.75642,0.75648,1.00,1.00
2017.03.08 10:13:39.356,0.75642,0.75647,1.00,1.00
2017.03.08 10:13:43.642,0.75642,0.75649,1.00,1.00
2017.03.08 10:13:43.693,0.75646,0.7565,1.00,1.87
2017.03.08 10:13:43.794,0.75646,0.75653,4.12,2.62
2017.03.08 10:13:43.946,0.75647,0.75655,1.12,2.25
2017.03.08 10:13:48.649,0.75647,0.75654,1.50,1.00
2017.03.08 10:13:49.256,0.75647,0.75655,1.50,2.62
2017.03.08 10:13:49.743,0.7565,0.75655,1.00,2.25
2017.03.08 10:13:49.945,0.75647,0.75654,3.19,2.25
2017.03.08 10:13:50.602,0.75647,0.75653,3.19,1.00
2017.03.08 10:13:51.211,0.75646,0.75654,8.44,1.50
2017.03.08 10:13:52.272,0.75646,0.75655,4.69,2.62
2017.03.08 10:13:55.149,0.75646,0.75654,5.44,1.00
2017.03.08 10:13:56.671,0.75646,0.7565,1.12,1.00
2017.03.08 10:13:56.772,0.75643,0.75649,2.44,1.00
2017.03.08 10:13:57.304,0.75644,0.75649,1.00,1.00
2017.03.08 10:13:59.958,0.75642,0.75649,2.62,1.00
2017.03.08 10:14:00.539,0.75643,0.75648,1.87,1.00
2017.03.08 10:14:01.049,0.75642,0.75649,3.37,1.00
2017.03.08 10:14:01.586,0.75642,0.75649,1.00,1.87
2017.03.08 10:14:08.140,0.75644,0.75649,1.00,1.87
2017.03.08 10:14:10.439,0.75644,0.75648,1.00,1.00
2017.03.08 10:14:10.590,0.75642,0.75648,1.00,1.00
2017.03.08 10:14:11.108,0.75642,0.75649,1.00,1.50
2017.03.08 10:14:11.869,0.75641,0.75649,5.06,1.00
2017.03.08 10:14:12.918,0.75642,0.75649,1.00,1.50
2017.03.08 10:14:13.462,0.75641,0.75649,3.56,1.50
2017.03.08 10:14:14.840,0.75641,0.75649,5.06,1.50
2017.03.08 10:14:17.026,0.75644,0.75651,1.50,2.62
2017.03.08 10:14:17.331,0.75641,0.75649,12.94,1.50
2017.03.08 10:14:18.514,0.75641,0.7565,5.44,1.50
2017.03.08 10:14:18.868,0.75642,0.75648,1.00,1.00
2017.03.08 10:14:19.413,0.75642,0.75649,1.00,1.50
2017.03.08 10:14:19.921,0.75642,0.75648,1.00,1.00
2017.03.08 10:14:20.095,0.75642,0.7565,1.00,1.87
2017.03.08 10:14:20.740,0.75642,0.75649,1.00,1.00
2017.03.08 10:14:22.024,0.75642,0.7565,1.00,1.87
2017.03.08 10:14:22.616,0.75642,0.75649,1.00,1.00
2017.03.08 10:14:23.620,0.75642,0.7565,1.00,1.87
2017.03.08 10:14:26.060,0.75642,0.75649,1.00,1.00
2017.03.08 10:14:27.040,0.75642,0.7565,1.00,1.87
2017.03.08 10:14:27.668,0.75642,0.75649,1.00,1.00
2017.03.08 10:14:29.469,0.75642,0.7565,1.00,3.00
2017.03.08 10:14:30.689,0.75642,0.75649,1.00,1.00
2017.03.08 10:14:31.194,0.75642,0.7565,1.00,3.00
2017.03.08 10:14:32.524,0.75642,0.75649,1.00,1.00
2017.03.08 10:14:35.968,0.75642,0.75647,1.00,1.00
2017.03.08 10:14:36.272,0.7564,0.75645,1.00,1.00
2017.03.08 10:14:36.323,0.75637,0.75643,1.00,1.00
2017.03.08 10:14:36.425,0.75633,0.75641,3.19,1.12
2017.03.08 10:14:36.528,0.75633,0.75639,1.00,1.00
2017.03.08 10:14:36.946,0.75634,0.75641,1.00,1.50
2017.03.08 10:14:36.997,0.75632,0.75641,1.12,1.00
2017.03.08 10:14:37.099,0.75632,0.75639,1.00,1.00
2017.03.08 10:14:38.051,0.75632,0.7564,1.00,1.50
2017.03.08 10:14:38.587,0.75633,0.75641,1.00,1.87
2017.03.08 10:14:45.923,0.75633,0.75641,1.00,3.00
2017.03.08 10:14:46.429,0.75632,0.7564,1.12,1.50
2017.03.08 10:14:49.305,0.75632,0.75641,1.12,2.25
2017.03.08 10:14:49.609,0.75634,0.75642,1.00,1.25
2017.03.08 10:14:51.711,0.75633,0.75642,2.62,1.69
2017.03.08 10:14:54.867,0.75633,0.75642,1.50,5.06
2017.03.08 10:14:57.521,0.75635,0.75643,1.00,3.19
2017.03.08 10:15:00.756,0.75636,0.75643,1.00,1.00
2017.03.08 10:15:00.807,0.75639,0.75643,1.00,1.00
2017.03.08 10:15:00.959,0.75639,0.75645,1.00,1.12
2017.03.08 10:15:01.111,0.75639,0.75647,1.00,1.69
2017.03.08 10:15:01.667,0.75639,0.75646,1.00,1.00
2017.03.08 10:15:02.231,0.75639,0.75647,1.00,1.31
2017.03.08 10:15:18.798,0.75641,0.75649,1.00,4.31
2017.03.08 10:15:20.117,0.75642,0.7565,1.00,3.75
2017.03.08 10:15:20.170,0.75643,0.75651,1.00,2.62
2017.03.08 10:15:20.884,0.75647,0.75651,1.00,1.00
2017.03.08 10:15:20.935,0.75649,0.75653,1.00,3.37
2017.03.08 10:15:21.088,0.75649,0.75656,1.00,3.37
2017.03.08 10:15:21.685,0.75648,0.75656,1.00,1.12
2017.03.08 10:15:22.208,0.75648,0.75657,1.00,4.12
2017.03.08 10:15:23.554,0.75648,0.75656,1.00,1.00
2017.03.08 10:15:27.187,0.75648,0.75658,2.62,8.06
2017.03.08 10:15:28.219,0.75648,0.75657,1.12,1.00
2017.03.08 10:15:28.745,0.75648,0.75658,1.87,6.19
2017.03.08 10:15:29.428,0.75648,0.75657,1.12,2.25
2017.03.08 10:15:37.046,0.75648,0.75656,1.00,1.00
2017.03.08 10:15:38.972,0.75647,0.75655,1.00,1.00
2017.03.08 10:15:42.278,0.75647,0.75653,1.00,1.00
2017.03.08 10:15:42.330,0.75644,0.75652,1.87,1.50
2017.03.08 10:15:43.112,0.75643,0.75652,1.69,1.50
2017.03.08 10:15:44.135,0.75642,0.7565,2.62,1.00
2017.03.08 10:15:44.639,0.75642,0.75649,1.00,1.00
2017.03.08 10:15:51.044,0.75642,0.7565,1.00,2.25
2017.03.08 10:16:10.951,0.75641,0.7565,1.69,1.00
2017.03.08 10:16:11.254,0.75643,0.75651,1.00,7.31
2017.03.08 10:16:11.305,0.75641,0.7565,1.69,1.12
2017.03.08 10:16:14.104,0.75641,0.7565,1.25,9.37
2017.03.08 10:16:14.565,0.75641,0.7565,1.25,6.75
2017.03.08 10:16:15.151,0.75641,0.75649,1.25,1.00
2017.03.08 10:16:15.787,0.75641,0.7565,1.25,6.75
2017.03.08 10:16:17.056,0.75639,0.75649,5.81,1.00
2017.03.08 10:16:19.439,0.7564,0.7565,1.19,6.00
2017.03.08 10:16:22.034,0.75643,0.7565,1.00,1.12
2017.03.08 10:16:22.582,0.75644,0.7565,1.00,1.00
2017.03.08 10:16:24.945,0.75647,0.75651,1.00,1.00
2017.03.08 10:16:25.046,0.75649,0.75654,1.00,1.00
2017.03.08 10:16:25.097,0.75649,0.75656,1.00,2.25
2017.03.08 10:16:26.008,0.75649,0.75657,1.00,6.19
2017.03.08 10:16:26.534,0.75649,0.75656,1.00,1.00
2017.03.08 10:16:33.439,0.75649,0.75657,1.00,1.69
2017.03.08 10:16:33.977,0.75648,0.75657,1.12,1.69
2017.03.08 10:16:34.780,0.75648,0.75656,1.12,1.00
2017.03.08 10:16:40.783,0.75648,0.75657,1.12,3.56
2017.03.08 10:16:42.634,0.75648,0.75656,1.12,1.00
2017.03.08 10:16:43.257,0.75648,0.75657,1.12,5.62
2017.03.08 10:16:43.832,0.75648,0.75656,1.12,1.00
2017.03.08 10:16:44.790,0.75648,0.75657,1.12,4.87
2017.03.08 10:16:46.250,0.75648,0.75655,1.12,1.00
2017.03.08 10:16:54.906,0.75649,0.75655,1.00,1.00
2017.03.08 10:16:55.195,0.75645,0.75653,1.12,1.50
2017.03.08 10:16:55.247,0.75644,0.7565,1.12,1.00
2017.03.08 10:16:55.753,0.75642,0.7565,1.19,1.50
2017.03.08 10:16:56.612,0.75643,0.75651,1.69,1.00
2017.03.08 10:16:56.932,0.75647,0.75656,1.00,1.87
2017.03.08 10:16:57.492,0.75647,0.75655,2.25,1.00
2017.03.08 10:16:57.841,0.75647,0.75656,6.75,1.12
2017.03.08 10:16:58.343,0.75647,0.75655,3.75,1.00
2017.03.08 10:16:58.445,0.75647,0.75655,1.00,1.00
2017.03.08 10:17:00.414,0.75647,0.75657,1.00,5.62
2017.03.08 10:17:00.970,0.75647,0.75657,3.75,2.62
2017.03.08 10:17:01.488,0.75646,0.75657,7.84,2.62
2017.03.08 10:17:01.749,0.75652,0.75658,1.00,1.50
2017.03.08 10:17:01.952,0.75655,0.75664,4.57,1.12
2017.03.08 10:17:02.003,0.75656,0.75664,1.50,1.00
2017.03.08 10:17:02.510,0.75656,0.75665,5.62,1.25
2017.03.08 10:17:02.662,0.75656,0.75665,6.00,1.25
2017.03.08 10:17:03.718,0.75656,0.75664,5.62,1.00
2017.03.08 10:17:05.448,0.75657,0.75664,1.00,1.00
2017.03.08 10:17:06.612,0.75656,0.75666,4.87,1.19
2017.03.08 10:17:07.191,0.75656,0.75666,4.12,1.19
2017.03.08 10:17:11.085,0.75657,0.75666,1.00,1.19
2017.03.08 10:17:12.591,0.75656,0.75664,3.37,1.00
2017.03.08 10:17:13.617,0.75656,0.75665,1.12,4.69
2017.03.08 10:17:14.188,0.75656,0.75664,1.00,1.50
2017.03.08 10:17:14.745,0.75656,0.75663,1.50,1.00
2017.03.08 10:17:15.653,0.75655,0.75663,1.00,1.50
2017.03.08 10:17:18.116,0.75656,0.75663,1.87,1.00
2017.03.08 10:17:18.758,0.75655,0.75663,6.75,1.00
2017.03.08 10:17:18.809,0.75656,0.75665,1.50,1.69
2017.03.08 10:17:19.395,0.75656,0.75664,3.37,1.00
2017.03.08 10:17:24.854,0.75654,0.75662,3.94,1.50
2017.03.08 10:17:24.905,0.75655,0.75661,1.00,1.50
2017.03.08 10:17:25.414,0.75652,0.7566,3.94,1.50
2017.03.08 10:17:25.922,0.75652,0.7566,1.69,1.00
2017.03.08 10:17:26.452,0.75652,0.7566,1.50,1.50
2017.03.08 10:17:27.013,0.75652,0.75661,1.00,3.00
2017.03.08 10:17:27.114,0.75652,0.75659,1.00,1.00
2017.03.08 10:17:27.691,0.75652,0.7566,1.50,1.00
2017.03.08 10:17:28.233,0.75652,0.75661,1.00,3.00
2017.03.08 10:17:29.814,0.75652,0.7566,1.50,1.00
2017.03.08 10:17:30.315,0.75652,0.75661,1.50,3.00
2017.03.08 10:17:30.619,0.75655,0.75662,1.50,1.50
2017.03.08 10:17:31.704,0.75654,0.75664,2.44,2.44
2017.03.08 10:17:32.936,0.75655,0.75663,1.00,1.00
2017.03.08 10:17:33.492,0.75655,0.75664,1.00,1.69
2017.03.08 10:17:34.302,0.75653,0.75664,5.44,2.44
2017.03.08 10:17:34.454,0.75654,0.75662,1.31,1.00
2017.03.08 10:17:35.674,0.75653,0.75663,4.69,1.50
2017.03.08 10:17:36.180,0.75653,0.75662,3.94,1.00
2017.03.08 10:17:36.759,0.75653,0.75663,2.44,1.50
2017.03.08 10:17:37.312,0.75653,0.75662,3.94,1.00
2017.03.08 10:17:37.831,0.75654,0.75663,2.06,1.50
2017.03.08 10:17:38.362,0.75654,0.75663,4.46,1.50
2017.03.08 10:17:38.872,0.75654,0.75662,5.21,1.00
2017.03.08 10:17:39.200,0.75654,0.75664,3.56,3.19
2017.03.08 10:17:39.703,0.75654,0.75663,5.06,1.00
2017.03.08 10:17:40.314,0.75654,0.75664,3.56,3.94
2017.03.08 10:17:41.054,0.75654,0.75663,5.06,1.00
2017.03.08 10:17:41.591,0.75654,0.75664,3.56,2.44
2017.03.08 10:17:42.132,0.75654,0.75663,5.06,1.00
2017.03.08 10:17:42.920,0.75654,0.75664,6.19,2.44
2017.03.08 10:17:43.442,0.75654,0.75663,7.69,1.00
2017.03.08 10:17:44.051,0.75654,0.75663,5.44,1.00
2017.03.08 10:17:44.570,0.75654,0.75664,3.94,2.06
2017.03.08 10:17:45.327,0.75654,0.75663,5.44,1.00
2017.03.08 10:17:49.409,0.75654,0.75662,3.19,1.00
2017.03.08 10:17:51.806,0.75654,0.75659,1.25,1.00
2017.03.08 10:17:51.857,0.75653,0.75661,1.56,2.25
2017.03.08 10:17:52.363,0.75654,0.7566,2.59,1.00
2017.03.08 10:17:52.604,0.75653,0.75662,1.19,2.25
2017.03.08 10:17:53.282,0.75653,0.75661,2.06,1.00
2017.03.08 10:17:57.913,0.75651,0.7566,5.81,1.50
2017.03.08 10:17:57.964,0.75651,0.7566,1.62,2.62
2017.03.08 10:17:58.564,0.7565,0.7566,6.19,3.37
2017.03.08 10:17:59.389,0.7565,0.75659,5.81,1.00
2017.03.08 10:18:00.211,0.7565,0.75658,5.06,1.00
2017.03.08 10:18:00.836,0.7565,0.75659,2.81,3.00
2017.03.08 10:18:01.371,0.7565,0.75658,3.56,1.00
2017.03.08 10:18:01.922,0.7565,0.75659,2.81,3.00
2017.03.08 10:18:03.564,0.7565,0.75658,3.56,1.00
2017.03.08 10:18:04.069,0.7565,0.75659,2.81,3.00
2017.03.08 10:18:04.557,0.75652,0.7566,1.87,1.50
2017.03.08 10:18:05.727,0.75652,0.7566,1.12,2.25
2017.03.08 10:18:07.176,0.75652,0.7566,1.37,2.25
2017.03.08 10:18:13.328,0.75651,0.75657,1.25,1.00
2017.03.08 10:18:14.348,0.75649,0.75658,2.44,2.25
2017.03.08 10:18:15.668,0.75649,0.75657,3.19,1.00
2017.03.08 10:18:16.172,0.75649,0.75657,2.44,1.00
2017.03.08 10:18:17.267,0.7565,0.75658,2.81,1.50
2017.03.08 10:18:17.817,0.7565,0.75659,3.94,1.50
2017.03.08 10:18:19.072,0.7565,0.75658,3.19,1.00
2017.03.08 10:18:19.710,0.75649,0.75658,7.69,1.12
2017.03.08 10:18:20.218,0.7565,0.75658,1.69,1.50
2017.03.08 10:18:20.766,0.75649,0.75657,1.31,1.50
2017.03.08 10:18:21.271,0.7565,0.75657,2.81,1.50
2017.03.08 10:18:21.808,0.7565,0.75657,1.31,1.00
2017.03.08 10:18:22.381,0.7565,0.75658,2.44,1.50
2017.03.08 10:18:23.788,0.75651,0.75658,3.75,1.50
2017.03.08 10:18:24.362,0.75651,0.75658,5.25,1.50
2017.03.08 10:18:24.577,0.75651,0.7566,2.25,1.50
2017.03.08 10:18:25.501,0.75651,0.75659,3.00,1.00
2017.03.08 10:18:26.022,0.75651,0.7566,4.31,1.50
2017.03.08 10:18:26.618,0.75651,0.7566,2.81,1.50
2017.03.08 10:18:27.131,0.75651,0.7566,3.56,1.00
2017.03.08 10:18:27.634,0.75651,0.75659,3.56,1.00
2017.03.08 10:18:29.862,0.75651,0.7566,4.69,2.25
2017.03.08 10:18:30.490,0.75651,0.75659,6.19,1.00
2017.03.08 10:18:31.198,0.75651,0.7566,6.94,2.25
2017.03.08 10:18:31.653,0.7565,0.75658,3.19,1.00
2017.03.08 10:18:32.342,0.7565,0.75658,2.06,1.00
2017.03.08 10:18:32.606,0.7565,0.7566,4.69,6.00
2017.03.08 10:18:34.333,0.7565,0.75659,6.94,1.50
2017.03.08 10:18:34.883,0.7565,0.75659,5.81,2.25
2017.03.08 10:18:35.521,0.7565,0.75656,1.37,1.69
2017.03.08 10:18:35.851,0.75646,0.75653,1.37,1.50
2017.03.08 10:18:36.156,0.75649,0.75655,1.00,1.50
2017.03.08 10:18:36.560,0.75647,0.75655,1.12,1.50
2017.03.08 10:18:37.121,0.75648,0.75655,1.00,1.00
2017.03.08 10:18:37.839,0.75648,0.75656,1.00,1.69
2017.03.08 10:18:38.353,0.75648,0.75655,1.00,1.00
2017.03.08 10:18:39.312,0.75648,0.75656,1.00,1.69
2017.03.08 10:18:39.964,0.75648,0.75655,1.50,1.00
2017.03.08 10:18:41.036,0.75648,0.75656,1.50,1.69
2017.03.08 10:18:41.542,0.75649,0.75655,1.00,1.00
2017.03.08 10:18:42.869,0.75648,0.75655,1.50,1.00
2017.03.08 10:18:43.578,0.75648,0.75654,1.12,1.50
2017.03.08 10:18:44.270,0.75647,0.75651,1.12,1.50
2017.03.08 10:18:44.321,0.75645,0.75651,1.00,2.44
2017.03.08 10:18:44.423,0.75642,0.75651,1.87,1.69
2017.03.08 10:18:44.930,0.75642,0.7565,1.00,2.25
2017.03.08 10:18:45.725,0.75642,0.75649,1.00,1.00
2017.03.08 10:18:46.336,0.75642,0.7565,1.00,3.00
2017.03.08 10:18:46.856,0.75642,0.75649,1.00,1.00
2017.03.08 10:18:51.223,0.75641,0.75648,1.25,1.00
2017.03.08 10:18:51.763,0.75641,0.75647,1.25,1.00
2017.03.08 10:18:52.392,0.75641,0.75648,1.25,1.50
2017.03.08 10:18:54.668,0.7564,0.75647,1.19,1.00
2017.03.08 10:18:56.430,0.7564,0.75648,1.19,1.50
2017.03.08 10:19:00.923,0.75642,0.75647,1.00,1.00
2017.03.08 10:19:01.428,0.75641,0.75647,1.25,1.00
2017.03.08 10:19:01.933,0.75641,0.75648,1.25,1.50
2017.03.08 10:19:05.804,0.75643,0.75648,1.37,1.00
2017.03.08 10:19:05.855,0.75643,0.7565,1.50,2.25
2017.03.08 10:19:06.444,0.75643,0.75649,1.50,1.00
2017.03.08 10:19:08.130,0.75643,0.7565,1.50,1.00
2017.03.08 10:19:08.678,0.75643,0.75651,1.50,2.44
2017.03.08 10:19:12.431,0.75643,0.7565,1.50,1.00
2017.03.08 10:19:14.898,0.75644,0.75651,1.12,2.25
2017.03.08 10:19:15.349,0.75641,0.7565,4.12,1.00
2017.03.08 10:19:15.870,0.75641,0.7565,3.75,1.50
2017.03.08 10:19:16.377,0.75641,0.75649,2.25,1.50
2017.03.08 10:19:17.752,0.75641,0.7565,1.50,1.00
2017.03.08 10:19:18.501,0.75643,0.7565,1.00,1.00
2017.03.08 10:19:21.853,0.75641,0.7565,1.50,1.50
2017.03.08 10:19:22.501,0.75641,0.75649,1.50,1.00
2017.03.08 10:19:25.123,0.75642,0.7565,1.00,1.50
2017.03.08 10:19:25.681,0.75642,0.75649,1.00,1.00
2017.03.08 10:19:26.550,0.75642,0.7565,1.00,1.50
2017.03.08 10:19:27.109,0.75642,0.75649,1.00,1.50
2017.03.08 10:19:29.061,0.75641,0.75648,1.37,1.50
2017.03.08 10:19:29.213,0.75639,0.75647,1.69,1.00
2017.03.08 10:19:29.669,0.75638,0.75647,3.00,3.00
2017.03.08 10:19:30.218,0.75638,0.75647,6.37,1.00
2017.03.08 10:19:30.745,0.75639,0.75646,1.12,1.00
2017.03.08 10:19:31.301,0.75638,0.75647,3.37,1.00
2017.03.08 10:19:31.848,0.75638,0.75646,1.87,1.00
2017.03.08 10:19:32.353,0.75638,0.75646,1.37,1.50
2017.03.08 10:19:34.414,0.75639,0.75646,1.87,2.25
2017.03.08 10:19:34.953,0.75638,0.75646,1.87,1.50
2017.03.08 10:19:36.351,0.75638,0.75647,1.37,1.00
2017.03.08 10:19:38.708,0.75638,0.75646,4.12,1.50
2017.03.08 10:19:39.295,0.75638,0.75646,3.00,2.25
2017.03.08 10:19:39.931,0.75638,0.75645,1.00,1.00
2017.03.08 10:19:40.433,0.75638,0.75646,1.00,2.25
2017.03.08 10:19:40.948,0.75638,0.75645,1.00,1.00
2017.03.08 10:19:41.596,0.75638,0.75646,1.00,1.50
2017.03.08 10:19:42.779,0.75638,0.75645,1.00,1.00
2017.03.08 10:19:44.344,0.75638,0.75646,1.00,1.00
2017.03.08 10:19:46.707,0.75638,0.75645,1.00,1.00
2017.03.08 10:19:47.241,0.75638,0.75646,1.00,1.50
2017.03.08 10:19:49.460,0.75639,0.75646,1.00,2.25
2017.03.08 10:19:50.809,0.75638,0.75647,6.00,1.50
2017.03.08 10:19:51.338,0.75638,0.75646,6.75,1.00
2017.03.08 10:19:51.902,0.75639,0.75647,1.12,1.50
2017.03.08 10:19:52.842,0.75638,0.75647,6.00,1.50
2017.03.08 10:19:54.505,0.75638,0.75646,3.37,1.00
2017.03.08 10:20:00.013,0.75638,0.75646,4.50,1.00
2017.03.08 10:20:00.495,0.75642,0.75646,1.00,1.50
2017.03.08 10:20:01.051,0.75639,0.75646,1.12,1.50
2017.03.08 10:20:10.121,0.75639,0.75647,1.12,2.44
2017.03.08 10:20:10.667,0.75637,0.75643,1.50,1.00
2017.03.08 10:20:11.324,0.75637,0.75644,1.00,1.50
2017.03.08 10:20:11.916,0.75638,0.75644,1.00,1.00
2017.03.08 10:20:12.422,0.75637,0.75645,1.00,2.25
2017.03.08 10:20:12.945,0.75637,0.75644,1.00,1.50
2017.03.08 10:20:14.565,0.75636,0.75644,2.25,1.50
2017.03.08 10:20:15.097,0.75637,0.75645,1.00,1.00
2017.03.08 10:20:17.123,0.7564,0.75645,1.00,1.50
2017.03.08 10:20:17.174,0.75638,0.75645,1.00,1.50
2017.03.08 10:20:26.209,0.75637,0.75644,1.12,1.00
2017.03.08 10:20:26.754,0.75638,0.75645,1.00,1.00
2017.03.08 10:20:29.535,0.75638,0.75647,1.12,3.19
2017.03.08 10:20:29.824,0.75638,0.75644,1.12,1.50
2017.03.08 10:20:29.977,0.75636,0.75643,1.00,1.00
2017.03.08 10:20:30.482,0.75635,0.75643,1.12,1.00
2017.03.08 10:20:31.088,0.75637,0.75643,1.00,1.00
2017.03.08 10:20:31.617,0.75636,0.75643,1.00,1.00
2017.03.08 10:20:33.506,0.75637,0.75643,1.00,1.00
2017.03.08 10:20:34.012,0.75638,0.75644,1.00,1.25
2017.03.08 10:20:34.690,0.75639,0.75644,1.00,1.00
2017.03.08 10:20:34.943,0.75639,0.75646,1.12,1.00
2017.03.08 10:20:42.676,0.75638,0.75646,1.50,2.25
2017.03.08 10:20:43.591,0.75639,0.75646,1.00,1.50
2017.03.08 10:20:54.969,0.7564,0.75646,1.00,1.25
2017.03.08 10:20:55.728,0.75639,0.75648,3.37,3.19
2017.03.08 10:20:55.830,0.75646,0.7565,1.50,4.12
2017.03.08 10:20:55.931,0.75647,0.75651,1.00,1.50
2017.03.08 10:20:56.096,0.75647,0.75655,1.00,2.44
2017.03.08 10:20:56.603,0.75647,0.75655,3.75,1.00
2017.03.08 10:20:57.108,0.75647,0.75656,4.87,2.25
2017.03.08 10:20:58.037,0.75648,0.75657,1.87,3.56
2017.03.08 10:20:58.582,0.75648,0.75656,2.25,1.00
2017.03.08 10:20:58.863,0.75648,0.75654,1.00,1.00
2017.03.08 10:20:58.964,0.75647,0.75656,5.25,1.50
2017.03.08 10:21:07.554,0.75647,0.75655,3.00,1.00
2017.03.08 10:21:08.133,0.75647,0.75656,3.00,3.00
2017.03.08 10:21:09.240,0.75649,0.75656,1.50,1.00
2017.03.08 10:21:12.135,0.75648,0.75656,1.50,2.25
2017.03.08 10:21:12.387,0.75648,0.75654,1.00,1.00
2017.03.08 10:21:12.642,0.75643,0.7565,1.12,1.00
2017.03.08 10:21:13.460,0.75642,0.75649,1.37,1.00
2017.03.08 10:21:14.036,0.75642,0.75649,1.00,1.00
2017.03.08 10:21:14.189,0.7564,0.75648,3.37,1.00
2017.03.08 10:21:14.696,0.7564,0.75649,2.62,3.22
2017.03.08 10:21:15.678,0.75639,0.75648,5.06,1.00
2017.03.08 10:21:16.184,0.75639,0.75647,5.81,1.00
2017.03.08 10:21:17.487,0.75639,0.75646,1.50,1.00
2017.03.08 10:21:18.003,0.75638,0.75646,1.12,1.00
2017.03.08 10:21:24.236,0.75639,0.75646,1.00,1.00
2017.03.08 10:21:24.896,0.75639,0.75647,1.00,3.00
2017.03.08 10:21:56.744,0.75638,0.75646,1.00,1.00
2017.03.08 10:21:58.223,0.75637,0.75646,3.00,3.00
2017.03.08 10:21:58.730,0.75637,0.75645,1.00,2.25
2017.03.08 10:21:58.832,0.75636,0.75642,1.00,1.00
2017.03.08 10:21:58.933,0.75632,0.75641,4.69,1.12
2017.03.08 10:21:59.439,0.75632,0.75641,2.44,2.25
2017.03.08 10:22:00.095,0.75632,0.7564,1.69,1.00
2017.03.08 10:22:00.600,0.75632,0.7564,1.50,1.50
2017.03.08 10:22:03.038,0.75631,0.7564,6.00,1.50
2017.03.08 10:22:03.089,0.75635,0.7564,1.00,1.50
2017.03.08 10:22:03.292,0.75633,0.75642,2.25,1.87
2017.03.08 10:22:03.842,0.75633,0.75641,1.12,1.00
2017.03.08 10:22:04.355,0.75632,0.7564,1.00,1.50
2017.03.08 10:22:04.935,0.75632,0.7564,3.75,1.00
2017.03.08 10:22:05.477,0.75632,0.75641,3.37,3.19
2017.03.08 10:22:05.528,0.75631,0.7564,3.00,1.00
2017.03.08 10:22:06.044,0.75632,0.7564,1.00,1.00
2017.03.08 10:22:06.622,0.75632,0.75641,2.25,1.25
2017.03.08 10:22:07.161,0.75632,0.7564,1.50,1.00
2017.03.08 10:22:08.338,0.75632,0.75636,1.00,2.44
2017.03.08 10:22:08.440,0.75629,0.75635,1.87,1.19
2017.03.08 10:22:08.643,0.75628,0.75634,1.00,1.69
2017.03.08 10:22:11.390,0.75628,0.75636,1.50,1.69
2017.03.08 10:22:25.875,0.75629,0.75636,1.12,1.19
2017.03.08 10:22:36.483,0.75628,0.75636,1.00,2.44
2017.03.08 10:22:40.824,0.75627,0.75635,4.87,1.19
2017.03.08 10:22:41.366,0.75628,0.75635,1.87,1.25
2017.03.08 10:23:16.191,0.7563,0.75637,1.00,2.81
2017.03.08 10:23:16.241,0.75628,0.75637,5.25,1.12
2017.03.08 10:23:16.815,0.75628,0.75638,5.62,3.56
2017.03.08 10:23:19.523,0.75629,0.75638,1.12,2.06
2017.03.08 10:23:20.271,0.7563,0.75638,1.12,1.31
2017.03.08 10:23:23.603,0.7563,0.75638,1.37,1.31
2017.03.08 10:23:24.172,0.75629,0.75639,3.75,5.81
2017.03.08 10:23:24.732,0.7563,0.75638,1.37,2.06
2017.03.08 10:23:26.660,0.75629,0.75638,4.50,2.06
2017.03.08 10:23:27.591,0.75629,0.75639,5.25,3.56
2017.03.08 10:23:28.203,0.7563,0.75639,3.00,1.31
2017.03.08 10:23:29.097,0.7563,0.75639,2.62,2.81
2017.03.08 10:23:29.710,0.7563,0.75638,1.37,1.25
2017.03.08 10:23:30.241,0.7563,0.75639,1.12,3.19
2017.03.08 10:23:33.864,0.7563,0.75639,1.87,2.06
2017.03.08 10:23:42.531,0.75631,0.7564,1.00,5.06
2017.03.08 10:23:43.151,0.75632,0.7564,2.25,2.44
2017.03.08 10:23:44.550,0.75633,0.7564,1.00,1.19
2017.03.08 10:23:45.172,0.75632,0.7564,2.25,1.19
2017.03.08 10:23:45.425,0.7563,0.75639,4.50,1.69
2017.03.08 10:23:46.153,0.75631,0.7564,1.00,3.56
2017.03.08 10:23:50.526,0.75631,0.75638,1.00,1.50
2017.03.08 10:23:50.629,0.75629,0.75638,3.37,3.00
2017.03.08 10:23:53.327,0.75632,0.75638,1.00,1.00
2017.03.08 10:23:53.878,0.75631,0.7564,2.62,3.56
2017.03.08 10:23:54.054,0.7563,0.7564,3.00,4.69
2017.03.08 10:23:54.615,0.75631,0.75639,1.00,1.31
2017.03.08 10:23:55.145,0.7563,0.7564,3.00,4.31
2017.03.08 10:23:55.939,0.75631,0.7564,1.00,3.56
2017.03.08 10:23:56.544,0.7563,0.7564,5.62,5.81
2017.03.08 10:23:57.064,0.75631,0.7564,1.00,5.06
2017.03.08 10:24:03.143,0.7563,0.7564,3.37,5.06
2017.03.08 10:24:08.512,0.75629,0.75639,6.00,3.94
2017.03.08 10:24:14.105,0.7563,0.75639,1.87,3.19
2017.03.08 10:24:16.527,0.7563,0.75639,1.12,1.31
2017.03.08 10:24:22.523,0.75633,0.7564,1.00,3.00
2017.03.08 10:24:22.693,0.75633,0.75641,1.00,1.50
2017.03.08 10:24:23.199,0.75632,0.75641,3.19,2.62
2017.03.08 10:24:23.876,0.75633,0.75641,1.00,2.62
2017.03.08 10:24:24.510,0.75634,0.75641,1.00,1.12
2017.03.08 10:24:24.561,0.75636,0.75641,1.50,1.12
2017.03.08 10:24:24.764,0.75634,0.75641,1.00,1.87
2017.03.08 10:24:24.815,0.75636,0.75642,1.00,1.00
2017.03.08 10:24:25.322,0.75636,0.75643,1.00,3.56
2017.03.08 10:24:25.931,0.75635,0.75643,1.50,2.06
2017.03.08 10:24:26.468,0.75634,0.75643,2.62,2.06
2017.03.08 10:24:26.970,0.75635,0.75643,1.00,2.81
2017.03.08 10:24:27.298,0.75639,0.75643,1.00,1.69
2017.03.08 10:24:27.825,0.75638,0.75645,1.00,6.56
2017.03.08 10:24:28.392,0.75638,0.75645,2.25,1.12
2017.03.08 10:24:28.544,0.75641,0.75648,1.00,6.94
2017.03.08 10:24:29.048,0.7564,0.75647,2.62,1.19
2017.03.08 10:24:29.610,0.75641,0.75648,1.00,1.69
2017.03.08 10:24:32.630,0.75642,0.75649,1.00,1.87
2017.03.08 10:24:33.177,0.75642,0.75651,3.75,2.81
2017.03.08 10:24:33.549,0.75644,0.75651,1.00,2.44
2017.03.08 10:24:35.786,0.75643,0.7565,1.50,1.25
2017.03.08 10:24:37.351,0.75642,0.75651,2.25,4.31
2017.03.08 10:24:37.852,0.75643,0.75651,1.00,3.56
2017.03.08 10:24:38.525,0.75646,0.75651,1.00,1.00
2017.03.08 10:24:38.678,0.75646,0.75654,2.25,1.25
2017.03.08 10:24:38.830,0.75647,0.75652,1.00,1.50
2017.03.08 10:24:39.434,0.75646,0.75652,2.25,1.50
2017.03.08 10:24:39.537,0.75646,0.75654,2.25,1.69
2017.03.08 10:24:39.891,0.7565,0.75655,1.00,1.87
2017.03.08 10:24:40.402,0.7565,0.75656,1.00,1.25
2017.03.08 10:24:40.907,0.75649,0.75658,1.00,1.69
2017.03.08 10:24:41.420,0.75649,0.75658,3.75,1.19
2017.03.08 10:24:43.935,0.75651,0.75658,1.50,1.19
2017.03.08 10:24:46.445,0.7565,0.75658,1.87,1.69
2017.03.08 10:24:46.957,0.75648,0.75657,3.00,1.69
2017.03.08 10:24:57.157,0.7565,0.75656,1.00,1.25
2017.03.08 10:24:57.664,0.75649,0.75656,1.87,1.25
2017.03.08 10:24:59.375,0.7565,0.75656,1.00,1.00
2017.03.08 10:24:59.996,0.75649,0.75656,1.87,1.00
2017.03.08 10:25:00.506,0.7565,0.75656,1.00,1.00
2017.03.08 10:25:01.062,0.75649,0.75656,1.50,1.00
2017.03.08 10:25:01.616,0.7565,0.75656,1.50,1.00
2017.03.08 10:25:02.386,0.75649,0.75656,2.25,1.00
2017.03.08 10:25:02.923,0.7565,0.75656,1.00,1.00
2017.03.08 10:25:03.434,0.75649,0.75656,1.50,1.00
2017.03.08 10:25:03.957,0.7565,0.75656,1.00,1.50
2017.03.08 10:25:04.481,0.75649,0.75656,1.50,1.00
2017.03.08 10:25:05.023,0.7565,0.75656,1.00,1.00
2017.03.08 10:25:05.373,0.75646,0.7565,1.12,1.35
2017.03.08 10:25:05.680,0.75643,0.75647,2.25,1.00
2017.03.08 10:25:05.731,0.75639,0.75647,2.44,1.00
2017.03.08 10:25:06.241,0.75639,0.75648,1.00,1.69
2017.03.08 10:25:07.325,0.75638,0.75648,6.37,1.69
2017.03.08 10:25:07.859,0.75638,0.75647,3.00,1.00
2017.03.08 10:25:11.498,0.75639,0.75647,1.00,1.00
2017.03.08 10:25:14.921,0.75638,0.75647,3.00,1.00
2017.03.08 10:25:15.124,0.75638,0.75642,1.50,1.00
2017.03.08 10:25:15.276,0.75635,0.75639,1.00,1.12
2017.03.08 10:25:15.377,0.75631,0.75639,3.00,1.00
2017.03.08 10:25:16.190,0.75632,0.75639,1.00,1.50
2017.03.08 10:25:16.814,0.75631,0.75638,2.25,1.00
2017.03.08 10:25:17.421,0.75632,0.75638,1.00,1.00
2017.03.08 10:25:17.953,0.75631,0.75638,1.00,1.00
2017.03.08 10:25:18.976,0.75632,0.75638,1.00,1.00
2017.03.08 10:25:19.932,0.75632,0.75639,1.00,1.50
2017.03.08 10:25:20.261,0.7563,0.75639,7.12,1.50
2017.03.08 10:25:20.844,0.75631,0.75639,2.25,1.50
2017.03.08 10:25:21.594,0.7563,0.75639,6.37,1.50
2017.03.08 10:25:22.034,0.75632,0.75639,1.00,1.50
2017.03.08 10:25:22.624,0.75631,0.75639,1.50,1.50
2017.03.08 10:25:23.442,0.7563,0.75639,6.75,1.00
2017.03.08 10:25:23.791,0.75628,0.75634,1.00,1.00
2017.03.08 10:25:24.323,0.75627,0.75634,1.50,1.00
2017.03.08 10:25:24.870,0.75627,0.75635,1.50,1.12
2017.03.08 10:25:25.179,0.75628,0.75634,1.00,1.37
2017.03.08 10:25:25.556,0.75626,0.75634,1.50,1.87
2017.03.08 10:25:25.952,0.75627,0.75631,1.00,1.00
2017.03.08 10:25:26.003,0.75624,0.7563,1.87,1.00
2017.03.08 10:25:26.155,0.75622,0.7563,1.87,1.37
2017.03.08 10:25:26.711,0.75622,0.7563,3.37,1.00
2017.03.08 10:25:26.964,0.75622,0.75628,2.62,1.00
2017.03.08 10:25:27.066,0.7562,0.75628,6.00,1.00
2017.03.08 10:25:27.578,0.75621,0.75629,1.00,1.00
2017.03.08 10:25:30.270,0.75622,0.75628,1.00,1.00
2017.03.08 10:25:31.764,0.7562,0.75628,3.37,1.00
2017.03.08 10:25:32.182,0.75622,0.7563,1.00,1.12
2017.03.08 10:25:32.689,0.7562,0.75629,4.12,1.00
2017.03.08 10:25:32.942,0.75622,0.75629,1.00,1.00
2017.03.08 10:25:33.563,0.75623,0.75629,1.00,1.00
2017.03.08 10:25:34.113,0.75621,0.75629,1.00,1.00
2017.03.08 10:25:34.619,0.75622,0.75629,1.00,1.00
2017.03.08 10:25:35.042,0.75622,0.75631,2.25,2.81
2017.03.08 10:25:37.345,0.75622,0.7563,3.00,1.00
2017.03.08 10:25:41.337,0.75623,0.7563,1.00,1.00
2017.03.08 10:25:44.729,0.75623,0.7563,1.37,1.00
2017.03.08 10:25:44.931,0.75622,0.7563,1.87,1.12
2017.03.08 10:25:45.437,0.75621,0.75629,1.00,1.00
2017.03.08 10:25:45.640,0.75621,0.75627,1.00,1.00
2017.03.08 10:25:46.144,0.75621,0.75628,1.50,1.12
2017.03.08 10:25:47.139,0.75624,0.7563,1.50,3.75
2017.03.08 10:25:47.444,0.75622,0.75629,1.50,1.00
2017.03.08 10:25:47.975,0.75621,0.75629,1.69,1.00
2017.03.08 10:25:49.078,0.75622,0.75629,1.00,1.00
2017.03.08 10:25:49.596,0.75621,0.75629,1.25,1.00
2017.03.08 10:25:54.238,0.75623,0.75629,1.00,1.00
2017.03.08 10:25:54.495,0.75621,0.75629,1.25,1.00
2017.03.08 10:25:57.273,0.75622,0.75629,1.00,1.00
2017.03.08 10:25:58.098,0.75621,0.75629,2.44,1.00
2017.03.08 10:25:58.149,0.75624,0.75631,1.00,1.12
2017.03.08 10:25:58.404,0.75622,0.75632,3.75,3.00
2017.03.08 10:25:58.911,0.75622,0.75631,3.00,1.00
2017.03.08 10:25:59.162,0.75624,0.75631,1.00,1.00
2017.03.08 10:26:00.341,0.75622,0.75631,1.50,1.00
2017.03.08 10:26:00.546,0.75621,0.75628,1.69,1.00
2017.03.08 10:26:01.053,0.7562,0.75627,1.50,1.00
2017.03.08 10:26:02.585,0.75619,0.75627,2.25,1.00
2017.03.08 10:26:05.750,0.75618,0.75627,5.44,1.50
2017.03.08 10:26:06.280,0.75619,0.75627,1.00,1.00
2017.03.08 10:26:07.076,0.75618,0.75627,3.94,1.00
2017.03.08 10:26:10.014,0.75619,0.75627,1.00,1.12
2017.03.08 10:26:18.131,0.75619,0.75628,3.75,2.62
2017.03.08 10:26:19.164,0.7562,0.75628,1.00,2.62
2017.03.08 10:26:19.784,0.75619,0.75628,3.19,2.62
2017.03.08 10:26:25.673,0.7562,0.75628,1.00,3.00
2017.03.08 10:26:26.182,0.75621,0.75628,1.00,3.00
2017.03.08 10:26:31.707,0.75621,0.7563,1.50,4.69
2017.03.08 10:26:35.887,0.75621,0.75628,1.00,1.00
2017.03.08 10:26:36.192,0.7562,0.75626,1.00,1.00
2017.03.08 10:26:36.809,0.75618,0.75626,3.19,1.00
2017.03.08 10:26:37.327,0.75619,0.75627,1.25,2.25
2017.03.08 10:26:40.654,0.7562,0.75625,1.00,1.00
2017.03.08 10:26:40.839,0.75616,0.75625,9.75,1.25
2017.03.08 10:26:44.652,0.75618,0.75626,1.00,2.06
2017.03.08 10:26:45.956,0.75619,0.75626,1.00,1.19
2017.03.08 10:26:47.188,0.75618,0.75626,1.12,2.44
2017.03.08 10:26:47.719,0.75619,0.75626,1.00,2.81
2017.03.08 10:26:48.456,0.75618,0.75626,1.50,1.19
2017.03.08 10:26:50.371,0.75619,0.75626,1.00,1.19
2017.03.08 10:26:51.519,0.7562,0.75626,1.00,1.19
2017.03.08 10:26:52.068,0.75619,0.75626,1.87,1.31
2017.03.08 10:26:58.451,0.7562,0.75626,1.00,1.31
2017.03.08 10:26:59.061,0.7562,0.75626,1.00,1.31
2017.03.08 10:26:59.769,0.75619,0.75626,1.87,1.31
2017.03.08 10:27:00.403,0.7562,0.75626,1.00,1.31
2017.03.08 10:27:00.862,0.75618,0.75626,3.00,1.31
2017.03.08 10:27:02.825,0.75619,0.75626,1.00,1.31
2017.03.08 10:27:03.363,0.75618,0.75626,3.00,1.31
2017.03.08 10:27:05.720,0.75619,0.75626,1.00,1.31
2017.03.08 10:27:06.353,0.75618,0.75627,2.25,1.56
2017.03.08 10:27:06.873,0.75619,0.75627,1.00,1.56
2017.03.08 10:27:07.513,0.7562,0.75627,1.00,1.56
2017.03.08 10:27:07.766,0.7562,0.75628,1.87,1.12
2017.03.08 10:27:17.711,0.75621,0.75628,1.00,1.12
2017.03.08 10:27:18.274,0.7562,0.75628,2.62,1.12
2017.03.08 10:27:18.793,0.75621,0.75628,1.00,1.12
2017.03.08 10:27:19.418,0.7562,0.75628,1.87,1.12
2017.03.08 10:27:28.979,0.75621,0.75628,1.00,1.12
2017.03.08 10:27:38.105,0.7562,0.75628,3.37,1.12
2017.03.08 10:27:41.039,0.75621,0.75628,1.00,1.12
2017.03.08 10:27:42.615,0.75621,0.75627,1.00,1.00
2017.03.08 10:27:43.159,0.7562,0.75627,1.50,1.00
2017.03.08 10:27:45.031,0.75621,0.75627,1.00,1.00
2017.03.08 10:27:46.434,0.7562,0.75629,1.50,2.06
2017.03.08 10:27:46.939,0.7562,0.7563,2.62,2.44
2017.03.08 10:27:49.806,0.75621,0.7563,1.00,3.19
2017.03.08 10:27:50.225,0.75626,0.7563,1.00,1.00
2017.03.08 10:27:50.276,0.75623,0.75631,1.00,3.75
2017.03.08 10:27:50.529,0.75623,0.75631,1.00,3.00
2017.03.08 10:27:51.035,0.75623,0.7563,1.00,1.12
2017.03.08 10:27:51.439,0.75621,0.75629,3.56,1.12
2017.03.08 10:27:51.993,0.75621,0.7563,3.56,2.62
2017.03.08 10:27:54.642,0.75622,0.7563,1.00,4.87
2017.03.08 10:27:55.303,0.75622,0.7563,1.00,4.87
2017.03.08 10:27:56.365,0.75621,0.7563,1.69,5.62
2017.03.08 10:27:56.943,0.75622,0.7563,1.00,5.62
2017.03.08 10:27:57.705,0.75621,0.7563,2.44,2.62
2017.03.08 10:27:58.244,0.75621,0.7563,2.44,2.62
2017.03.08 10:27:58.902,0.75622,0.7563,1.00,3.37
2017.03.08 10:27:59.433,0.75621,0.7563,2.44,2.62
2017.03.08 10:28:00.401,0.75621,0.7563,2.44,2.62
2017.03.08 10:28:00.906,0.75621,0.7563,2.44,2.62
2017.03.08 10:28:01.458,0.75622,0.7563,1.00,2.62
2017.03.08 10:28:01.812,0.75624,0.75631,1.00,5.25
2017.03.08 10:28:02.015,0.75622,0.75631,2.25,4.87
2017.03.08 10:28:02.521,0.75623,0.75631,1.12,5.25
2017.03.08 10:28:03.917,0.75624,0.75631,1.00,2.62
2017.03.08 10:28:05.155,0.75623,0.75631,2.62,1.87
2017.03.08 10:28:06.342,0.75624,0.75631,1.00,2.62
2017.03.08 10:28:06.922,0.75623,0.75631,2.62,2.62
2017.03.08 10:28:11.075,0.75624,0.75631,1.00,3.00
2017.03.08 10:28:11.586,0.75623,0.7563,3.37,1.50
2017.03.08 10:28:12.455,0.75623,0.75631,2.62,2.62
2017.03.08 10:28:15.168,0.75623,0.75631,1.87,1.50
2017.03.08 10:28:15.694,0.75622,0.75631,2.06,1.50
2017.03.08 10:28:23.957,0.75623,0.75631,1.12,2.25
2017.03.08 10:28:28.070,0.75623,0.75631,1.12,1.00
2017.03.08 10:28:29.402,0.75622,0.75631,2.62,1.50
2017.03.08 10:28:30.755,0.75623,0.75631,1.87,3.00
2017.03.08 10:28:31.301,0.75623,0.75631,1.12,2.25
2017.03.08 10:28:31.974,0.75622,0.75631,3.37,1.50
2017.03.08 10:28:33.373,0.75622,0.75632,2.62,5.62
2017.03.08 10:28:33.875,0.75622,0.75631,2.62,1.00
2017.03.08 10:28:34.892,0.75623,0.75632,1.87,7.12
2017.03.08 10:28:35.402,0.75622,0.75631,2.62,1.00
2017.03.08 10:28:35.910,0.75624,0.75631,1.00,1.50
2017.03.08 10:28:36.487,0.75624,0.75631,1.00,1.50
2017.03.08 10:28:37.032,0.75622,0.75632,2.62,3.37
2017.03.08 10:28:38.085,0.75623,0.75631,1.12,1.00
2017.03.08 10:28:38.719,0.75623,0.75632,1.12,5.62
2017.03.08 10:28:39.441,0.75623,0.75631,2.62,1.00
2017.03.08 10:28:40.459,0.75623,0.75632,1.50,5.62
2017.03.08 10:28:41.053,0.75622,0.75632,2.06,5.06
2017.03.08 10:28:44.602,0.75622,0.75631,2.06,2.25
2017.03.08 10:28:45.150,0.75623,0.75631,1.00,2.25
2017.03.08 10:28:45.694,0.75623,0.75631,1.00,1.87
2017.03.08 10:28:48.289,0.75622,0.75631,1.31,1.12
2017.03.08 10:28:48.822,0.75623,0.75631,1.00,1.12
2017.03.08 10:28:49.165,0.75621,0.75625,1.12,1.00
2017.03.08 10:28:49.368,0.75619,0.75626,1.00,1.00
2017.03.08 10:28:49.900,0.75618,0.75625,2.44,1.00
2017.03.08 10:28:50.407,0.7562,0.75627,1.00,1.37
2017.03.08 10:28:50.457,0.7562,0.75628,1.00,3.00
2017.03.08 10:28:51.376,0.75618,0.75627,2.81,1.87
2017.03.08 10:28:53.856,0.75619,0.75628,1.00,4.12
2017.03.08 10:28:57.040,0.75619,0.75627,1.00,3.75
2017.03.08 10:28:57.193,0.75619,0.75628,2.25,4.69
2017.03.08 10:28:57.860,0.75619,0.75628,3.00,3.56
2017.03.08 10:28:58.431,0.75619,0.75628,1.87,1.69
2017.03.08 10:29:00.481,0.75619,0.75628,1.87,3.19
2017.03.08 10:29:04.012,0.75619,0.75628,1.00,1.00
2017.03.08 10:29:14.349,0.75618,0.75626,1.87,1.00
2017.03.08 10:29:20.547,0.75618,0.75626,3.37,1.00
2017.03.08 10:29:21.161,0.75622,0.75627,3.56,1.50
2017.03.08 10:29:21.212,0.75623,0.75629,1.50,1.37
2017.03.08 10:29:21.264,0.75624,0.7563,1.50,2.62
2017.03.08 10:29:21.366,0.75621,0.7563,2.62,1.12
2017.03.08 10:29:21.468,0.75621,0.7563,1.37,1.00
2017.03.08 10:29:21.519,0.75621,0.7563,1.00,2.62
2017.03.08 10:29:22.118,0.7562,0.7563,7.87,2.62
2017.03.08 10:29:22.655,0.7562,0.75629,3.00,1.12
2017.03.08 10:29:31.538,0.7562,0.75628,2.25,1.00
2017.03.08 10:29:37.058,0.7562,0.75627,1.00,1.00
2017.03.08 10:29:37.652,0.7562,0.75628,1.00,1.50
2017.03.08 10:29:39.041,0.7562,0.75627,1.00,1.00
2017.03.08 10:29:39.610,0.7562,0.75628,1.00,1.50
2017.03.08 10:29:41.258,0.7562,0.75626,1.00,1.00
2017.03.08 10:29:41.359,0.75618,0.75626,1.00,1.00
2017.03.08 10:29:42.227,0.75617,0.75626,3.00,1.00
2017.03.08 10:29:42.329,0.7562,0.75626,1.50,1.00
2017.03.08 10:29:42.834,0.75619,0.75627,1.00,1.12
2017.03.08 10:29:43.902,0.75618,0.75627,1.12,1.12
2017.03.08 10:29:44.637,0.75618,0.75626,1.12,1.00
2017.03.08 10:29:45.147,0.75618,0.75625,1.00,1.00
2017.03.08 10:29:45.299,0.75616,0.75624,4.87,1.50
2017.03.08 10:29:45.350,0.75616,0.75622,1.12,3.56
2017.03.08 10:29:45.603,0.75613,0.75621,1.00,1.31
2017.03.08 10:29:46.123,0.75612,0.75621,1.50,1.25
2017.03.08 10:29:48.003,0.75612,0.7562,2.25,1.00
2017.03.08 10:29:50.046,0.75613,0.7562,1.00,1.00
2017.03.08 10:29:51.037,0.75614,0.7562,1.00,1.00
2017.03.08 10:29:51.570,0.75613,0.75622,1.00,2.06
2017.03.08 10:29:53.545,0.75615,0.75622,1.00,2.06
2017.03.08 10:29:53.697,0.75615,0.75623,2.62,1.87
2017.03.08 10:29:54.784,0.75615,0.75622,1.12,1.50
2017.03.08 10:29:55.239,0.75613,0.75622,1.00,3.19
2017.03.08 10:29:55.758,0.75612,0.75622,7.50,2.81
2017.03.08 10:29:56.397,0.75612,0.7562,6.37,1.00
2017.03.08 10:29:56.866,0.75613,0.75622,1.00,1.31
2017.03.08 10:29:57.891,0.75612,0.75621,3.37,1.00
2017.03.08 10:29:58.417,0.75612,0.75621,1.00,1.87
2017.03.08 10:29:58.923,0.75612,0.75619,5.25,1.00
2017.03.08 10:29:58.974,0.75614,0.75622,1.00,1.31
2017.03.08 10:30:00.190,0.75615,0.75622,1.50,1.25
2017.03.08 10:30:01.705,0.75615,0.7562,1.00,1.00
2017.03.08 10:30:02.228,0.75614,0.75621,1.50,2.62
2017.03.08 10:30:02.974,0.75615,0.75621,1.00,1.12
2017.03.08 10:30:03.492,0.75614,0.75621,1.00,1.12
2017.03.08 10:30:04.959,0.75613,0.75622,2.62,3.94
2017.03.08 10:30:05.484,0.75614,0.75621,1.00,1.12
2017.03.08 10:30:06.293,0.75613,0.75621,1.87,1.12
2017.03.08 10:30:06.924,0.75614,0.75621,1.00,1.12
2017.03.08 10:30:08.048,0.75613,0.75621,1.87,1.12
2017.03.08 10:30:08.306,0.75611,0.75621,4.50,1.12
2017.03.08 10:30:08.812,0.75612,0.75621,1.00,1.00
2017.03.08 10:30:09.267,0.75611,0.7562,1.50,3.37
2017.03.08 10:30:09.979,0.75609,0.75619,3.19,1.50
2017.03.08 10:30:10.326,0.75609,0.75617,3.19,1.00
2017.03.08 10:30:17.015,0.75609,0.75617,3.37,1.00
2017.03.08 10:30:41.456,0.75609,0.75616,1.12,1.00
2017.03.08 10:30:41.747,0.75607,0.75616,4.87,1.87
2017.03.08 10:30:43.561,0.75607,0.75617,4.50,3.37
2017.03.08 10:30:44.014,0.75607,0.75613,3.00,1.00
2017.03.08 10:30:44.320,0.75598,0.75606,4.12,1.50
2017.03.08 10:30:44.473,0.75597,0.75605,3.37,1.12
2017.03.08 10:30:44.574,0.75599,0.75605,1.00,1.12
2017.03.08 10:30:45.087,0.75598,0.75606,1.50,1.00
2017.03.08 10:30:46.564,0.75597,0.75606,3.00,1.50
2017.03.08 10:30:55.223,0.75597,0.75605,3.37,1.00
2017.03.08 10:30:55.850,0.75598,0.75605,1.00,1.00
2017.03.08 10:30:57.562,0.756,0.75605,1.00,1.00
2017.03.08 10:30:58.961,0.756,0.75607,1.00,1.87
2017.03.08 10:31:00.906,0.75598,0.75607,1.12,1.37
2017.03.08 10:31:01.007,0.756,0.75607,1.00,1.50
2017.03.08 10:31:08.511,0.756,0.75608,1.00,4.50
2017.03.08 10:31:12.628,0.756,0.75608,1.00,5.25
2017.03.08 10:31:13.159,0.756,0.75608,1.00,4.50
2017.03.08 10:31:14.437,0.756,0.75607,1.00,1.50
2017.03.08 10:31:30.990,0.756,0.75606,1.00,1.00
2017.03.08 10:31:31.275,0.75598,0.75606,1.00,1.00
2017.03.08 10:31:35.190,0.75598,0.75607,1.00,1.12
2017.03.08 10:31:47.993,0.75599,0.75608,1.00,6.37
2017.03.08 10:31:48.689,0.75598,0.75607,3.00,1.12
2017.03.08 10:31:49.220,0.75599,0.75608,1.50,5.25
2017.03.08 10:31:50.438,0.75599,0.75608,2.25,4.12
2017.03.08 10:31:55.326,0.756,0.75608,1.00,5.25
2017.03.08 10:31:56.315,0.75599,0.75608,2.25,5.25
2017.03.08 10:32:07.385,0.75599,0.75607,1.50,1.00
2017.03.08 10:32:08.359,0.75599,0.75606,2.25,1.00
2017.03.08 10:32:08.862,0.75599,0.75607,1.50,2.62
2017.03.08 10:32:09.602,0.75599,0.75606,1.50,1.00
2017.03.08 10:32:12.062,0.75599,0.75607,1.50,1.50
2017.03.08 10:32:12.605,0.75598,0.75606,3.75,1.87
2017.03.08 10:32:13.613,0.75597,0.75603,2.25,1.00
2017.03.08 10:32:13.818,0.75594,0.75601,1.87,1.50
2017.03.08 10:32:14.323,0.75593,0.75601,2.25,2.62
2017.03.08 10:32:14.831,0.75592,0.75601,1.00,2.62
2017.03.08 10:32:15.416,0.75592,0.756,1.87,1.12
2017.03.08 10:32:15.922,0.75592,0.75601,1.00,1.87
2017.03.08 10:32:16.441,0.75592,0.75601,1.12,3.37
2017.03.08 10:32:17.086,0.75593,0.75599,1.00,1.00
2017.03.08 10:32:17.694,0.75591,0.756,3.75,2.25
2017.03.08 10:32:18.322,0.75591,0.756,3.37,3.37
2017.03.08 10:32:19.135,0.75592,0.75599,1.00,1.12
2017.03.08 10:32:19.654,0.75591,0.756,3.00,3.00
2017.03.08 10:32:21.080,0.75592,0.75599,1.00,1.12
2017.03.08 10:32:21.620,0.75593,0.756,1.00,2.25
2017.03.08 10:32:38.333,0.75596,0.756,1.00,1.00
2017.03.08 10:32:38.384,0.75596,0.75602,1.00,1.87
2017.03.08 10:32:38.435,0.75598,0.75603,1.00,1.50
2017.03.08 10:32:38.537,0.75598,0.75605,1.00,1.62
2017.03.08 10:32:39.055,0.75598,0.75606,1.00,4.31
2017.03.08 10:32:39.580,0.75599,0.75606,1.00,2.06
2017.03.08 10:32:39.732,0.75597,0.75606,1.50,2.06
2017.03.08 10:32:40.762,0.75596,0.75602,1.12,1.50
2017.03.08 10:32:40.914,0.75593,0.75602,3.00,2.25
2017.03.08 10:32:41.453,0.75593,0.75602,2.25,2.62
2017.03.08 10:32:42.011,0.75594,0.75602,1.00,1.69
2017.03.08 10:32:45.762,0.75596,0.75603,1.00,2.62
2017.03.08 10:32:45.863,0.75597,0.75604,1.50,3.19
2017.03.08 10:32:52.579,0.75599,0.75605,1.00,1.69
2017.03.08 10:32:52.833,0.75597,0.75605,1.50,1.19
2017.03.08 10:32:54.623,0.75598,0.75605,1.00,1.19
2017.03.08 10:32:56.347,0.75597,0.75605,1.00,1.19
2017.03.08 10:32:56.886,0.75598,0.75605,1.00,1.19
2017.03.08 10:32:57.242,0.75599,0.75607,1.50,2.25
2017.03.08 10:32:57.801,0.75598,0.75607,1.00,2.25
2017.03.08 10:32:58.316,0.75598,0.75608,1.50,3.37
2017.03.08 10:32:58.740,0.756,0.75608,1.00,3.37
2017.03.08 10:33:23.623,0.75599,0.75608,3.75,1.87
2017.03.08 10:33:25.141,0.756,0.75608,1.00,1.87
2017.03.08 10:33:25.865,0.75597,0.75604,2.62,1.50
2017.03.08 10:33:26.126,0.75594,0.75603,2.06,3.37
2017.03.08 10:33:26.177,0.75594,0.75603,1.25,3.37
2017.03.08 10:33:30.821,0.75593,0.75602,2.62,2.25
2017.03.08 10:33:31.375,0.75593,0.75601,1.50,1.12
2017.03.08 10:33:31.592,0.75596,0.75601,1.00,1.12
2017.03.08 10:33:31.643,0.75596,0.75603,1.00,1.12
2017.03.08 10:33:32.098,0.75598,0.75604,1.00,1.00
2017.03.08 10:33:32.674,0.75598,0.75606,1.00,7.31
2017.03.08 10:33:37.824,0.75597,0.75605,1.00,1.25
2017.03.08 10:33:40.045,0.75599,0.75607,1.12,1.12
2017.03.08 10:33:40.628,0.75599,0.75608,1.12,1.12
2017.03.08 10:33:41.259,0.756,0.75608,1.00,1.12
2017.03.08 10:33:47.242,0.756,0.75607,1.00,1.87
2017.03.08 10:34:11.872,0.756,0.75608,1.00,3.00
2017.03.08 10:34:29.422,0.756,0.75609,1.00,4.69
2017.03.08 10:34:31.029,0.75601,0.75609,1.00,2.44
2017.03.08 10:34:33.892,0.756,0.75609,1.00,3.56
2017.03.08 10:34:34.533,0.75599,0.75608,1.12,1.87
2017.03.08 10:34:42.040,0.75599,0.75607,1.00,1.87
2017.03.08 10:34:43.479,0.75598,0.75607,1.25,1.50
2017.03.08 10:34:46.250,0.75599,0.75607,1.00,2.62
2017.03.08 10:34:47.908,0.75599,0.75607,1.00,1.87
2017.03.08 10:34:48.443,0.756,0.75607,1.00,1.00
2017.03.08 10:34:50.696,0.756,0.75606,1.00,1.00
2017.03.08 10:34:51.232,0.756,0.75607,1.00,3.75
2017.03.08 10:34:51.769,0.756,0.75606,1.00,1.00
2017.03.08 10:34:52.176,0.75597,0.75604,1.87,1.50
2017.03.08 10:34:52.227,0.75595,0.75601,5.25,3.00
2017.03.08 10:34:52.482,0.75591,0.75599,3.94,1.37
2017.03.08 10:34:53.004,0.75591,0.75599,2.44,1.37
2017.03.08 10:34:54.472,0.7559,0.756,1.19,5.47
2017.03.08 10:34:55.481,0.7559,0.756,1.69,4.50
2017.03.08 10:34:56.264,0.75589,0.75598,3.00,1.00
2017.03.08 10:34:58.427,0.75589,0.75596,1.00,1.00
2017.03.08 10:34:58.732,0.75586,0.75594,5.06,1.00
2017.03.08 10:34:59.312,0.75587,0.75595,2.06,1.00
2017.03.08 10:35:00.518,0.75588,0.75595,1.00,1.00
2017.03.08 10:35:02.911,0.75588,0.75597,1.00,3.37
2017.03.08 10:35:03.447,0.75587,0.75596,2.06,1.00
2017.03.08 10:35:06.660,0.75587,0.75597,3.56,2.62
2017.03.08 10:35:09.977,0.75588,0.75597,1.00,1.87
2017.03.08 10:35:25.270,0.75589,0.75597,1.00,1.87
2017.03.08 10:35:31.046,0.75589,0.75596,1.00,3.19
2017.03.08 10:35:31.198,0.75586,0.75594,1.50,1.87
2017.03.08 10:35:31.249,0.75586,0.75592,1.00,1.00
2017.03.08 10:35:31.554,0.75584,0.75592,1.69,1.87
2017.03.08 10:35:32.118,0.75586,0.75592,1.00,1.12
2017.03.08 10:35:32.220,0.75588,0.75595,1.00,2.06
2017.03.08 10:35:32.614,0.75586,0.75594,1.50,1.50
2017.03.08 10:35:33.019,0.75585,0.75593,1.25,1.87
2017.03.08 10:35:33.953,0.75585,0.75592,1.25,1.37
2017.03.08 10:35:34.934,0.75583,0.75591,1.19,2.62
2017.03.08 10:35:34.985,0.75582,0.75591,1.12,4.12
2017.03.08 10:35:39.438,0.75583,0.75591,1.50,1.75
2017.03.08 10:35:39.855,0.75586,0.75591,1.00,1.00
2017.03.08 10:35:40.203,0.75588,0.75595,1.00,1.25
2017.03.08 10:35:41.445,0.75586,0.75596,1.00,8.81
2017.03.08 10:35:41.547,0.75585,0.75595,3.19,5.29
2017.03.08 10:35:42.061,0.75584,0.75593,1.19,3.00
2017.03.08 10:35:42.567,0.75584,0.75593,1.19,1.87
2017.03.08 10:35:43.111,0.75584,0.75592,1.69,1.50
2017.03.08 10:35:44.093,0.75584,0.75594,1.19,7.50
2017.03.08 10:35:50.100,0.75586,0.75592,1.00,1.50
2017.03.08 10:35:50.607,0.75583,0.75591,2.44,1.50
2017.03.08 10:35:51.999,0.75584,0.7559,1.19,1.37
2017.03.08 10:35:55.953,0.75583,0.7559,1.00,2.62
2017.03.08 10:35:58.006,0.75583,0.7559,1.00,1.12
2017.03.08 10:36:00.244,0.75582,0.7559,1.00,1.00
2017.03.08 10:36:02.224,0.75581,0.7559,2.81,1.00
2017.03.08 10:36:07.860,0.75581,0.75591,3.56,4.91
2017.03.08 10:36:09.234,0.75582,0.75591,1.00,4.16
2017.03.08 10:36:11.480,0.75583,0.75592,1.00,8.06
2017.03.08 10:36:12.133,0.75584,0.75592,1.00,5.81
2017.03.08 10:36:12.479,0.75586,0.75595,1.00,6.04
2017.03.08 10:36:12.999,0.75586,0.75593,1.00,1.87
2017.03.08 10:36:13.564,0.75584,0.75592,2.44,1.50
2017.03.08 10:36:15.375,0.75587,0.75594,1.00,1.87
2017.03.08 10:36:15.426,0.75588,0.75595,1.00,1.25
2017.03.08 10:36:15.946,0.75589,0.75596,1.00,1.00
2017.03.08 10:36:16.428,0.75589,0.75598,1.00,1.12
2017.03.08 10:36:16.938,0.75589,0.75597,1.00,1.50
2017.03.08 10:36:17.862,0.75589,0.75596,1.00,1.00
2017.03.08 10:36:29.892,0.7559,0.75597,1.00,1.37
2017.03.08 10:36:30.439,0.7559,0.75597,1.00,1.00
2017.03.08 10:36:30.957,0.75588,0.75599,1.87,10.54
2017.03.08 10:36:31.991,0.75588,0.75597,1.87,1.00
2017.03.08 10:36:33.010,0.75588,0.75598,1.12,4.12
2017.03.08 10:36:33.661,0.75587,0.75594,1.37,1.50
2017.03.08 10:36:33.762,0.75585,0.75593,1.50,3.00
2017.03.08 10:36:34.265,0.75585,0.75593,1.00,3.00
2017.03.08 10:36:35.299,0.75586,0.75594,1.00,2.62
2017.03.08 10:36:35.503,0.75588,0.75596,1.00,1.69
2017.03.08 10:36:37.816,0.75588,0.75597,1.12,2.29
2017.03.08 10:36:38.672,0.75587,0.75596,3.37,3.86
2017.03.08 10:36:38.723,0.75588,0.75596,1.12,2.44
2017.03.08 10:36:38.774,0.75588,0.75596,1.00,2.14
2017.03.08 10:36:39.280,0.75586,0.75596,3.75,2.74
2017.03.08 10:36:39.941,0.75587,0.75595,1.00,2.51
2017.03.08 10:36:40.246,0.75586,0.75593,1.00,1.50
2017.03.08 10:36:40.767,0.75584,0.75592,1.19,1.87
2017.03.08 10:36:42.831,0.75583,0.75592,3.19,1.87
2017.03.08 10:36:43.661,0.75583,0.75593,2.44,4.12
2017.03.08 10:36:46.912,0.75583,0.75592,1.00,1.87
2017.03.08 10:36:47.114,0.75581,0.75591,2.44,5.47
2017.03.08 10:36:52.208,0.75581,0.75589,2.44,1.00
2017.03.08 10:36:53.445,0.75579,0.75587,1.25,1.50
2017.03.08 10:36:56.049,0.75579,0.75588,1.25,2.62
2017.03.08 10:37:00.752,0.7558,0.75589,1.50,5.85
2017.03.08 10:37:01.353,0.75581,0.75589,1.00,2.25
2017.03.08 10:37:02.939,0.7558,0.75589,3.75,2.25
2017.03.08 10:37:03.518,0.75581,0.75589,1.00,2.25
2017.03.08 10:37:04.283,0.7558,0.75589,2.25,1.00
2017.03.08 10:37:04.976,0.75581,0.75589,1.00,1.00
2017.03.08 10:37:10.017,0.75582,0.7559,1.00,1.87
2017.03.08 10:37:10.524,0.75582,0.7559,1.50,1.50
2017.03.08 10:37:11.285,0.75582,0.75589,3.00,1.00
2017.03.08 10:37:11.951,0.75582,0.7559,3.00,1.50
2017.03.08 10:37:12.642,0.75583,0.75591,1.12,1.50
2017.03.08 10:37:15.089,0.75582,0.75592,1.87,4.50
2017.03.08 10:37:16.622,0.75582,0.7559,1.50,1.00
2017.03.08 10:37:17.172,0.75582,0.75591,1.87,1.12
2017.03.08 10:37:21.117,0.75582,0.7559,1.00,2.25
2017.03.08 10:37:21.620,0.75581,0.7559,2.44,5.25
2017.03.08 10:37:23.031,0.7558,0.75587,3.19,1.00
2017.03.08 10:37:23.959,0.7558,0.75589,1.19,2.62
2017.03.08 10:37:24.840,0.75579,0.75585,1.50,1.00
2017.03.08 10:37:25.454,0.75579,0.75586,1.00,3.37
2017.03.08 10:37:26.845,0.75579,0.75587,1.00,5.25
2017.03.08 10:37:26.946,0.75577,0.75586,3.56,1.00
2017.03.08 10:37:27.485,0.75577,0.75586,4.31,1.00
2017.03.08 10:37:32.411,0.75578,0.75588,3.37,2.25
2017.03.08 10:37:32.664,0.7558,0.75588,1.00,1.50
2017.03.08 10:37:32.773,0.75578,0.75588,5.62,1.50
2017.03.08 10:37:33.444,0.75579,0.75588,3.00,2.25
2017.03.08 10:37:34.044,0.7558,0.75588,1.00,1.00
2017.03.08 10:37:37.181,0.7558,0.75589,1.12,3.19
2017.03.08 10:37:55.819,0.7558,0.75589,3.00,1.69
2017.03.08 10:37:55.971,0.75583,0.75589,1.00,1.25
2017.03.08 10:37:56.246,0.75586,0.75593,1.87,1.00
2017.03.08 10:37:56.348,0.75584,0.75591,1.94,1.00
2017.03.08 10:37:56.853,0.75583,0.75591,6.19,1.00
2017.03.08 10:37:56.954,0.75582,0.7559,2.25,1.00
2017.03.08 10:37:58.013,0.75583,0.7559,1.00,1.00
2017.03.08 10:37:58.155,0.75583,0.75592,1.00,1.25
2017.03.08 10:37:59.179,0.75582,0.75592,1.50,2.44
2017.03.08 10:37:59.691,0.75583,0.75591,1.00,1.00
2017.03.08 10:38:00.149,0.7558,0.7559,5.06,3.75
2017.03.08 10:38:00.250,0.75582,0.7559,1.00,2.62
2017.03.08 10:38:00.796,0.75581,0.7559,1.87,1.00
2017.03.08 10:38:01.332,0.75582,0.7559,1.00,2.25
2017.03.08 10:38:06.172,0.75583,0.7559,1.00,1.50
2017.03.08 10:38:06.786,0.75583,0.75591,2.25,1.87
2017.03.08 10:38:09.464,0.75582,0.75591,1.00,2.62
2017.03.08 10:38:09.967,0.75581,0.7559,1.00,1.00
2017.03.08 10:38:17.148,0.75581,0.75591,1.25,8.66
2017.03.08 10:38:17.689,0.75581,0.7559,1.25,1.00
2017.03.08 10:38:18.194,0.75582,0.75591,1.00,3.94
2017.03.08 10:38:18.699,0.75581,0.75591,3.19,4.69
2017.03.08 10:38:19.528,0.75581,0.7559,3.94,1.50
2017.03.08 10:38:21.376,0.75582,0.75591,1.00,7.69
2017.03.08 10:38:21.923,0.75583,0.75591,1.00,2.44
2017.03.08 10:38:22.513,0.75584,0.75592,1.00,2.81
2017.03.08 10:38:25.820,0.75584,0.75593,1.50,1.19
2017.03.08 10:38:27.191,0.75584,0.7559,1.00,1.50
2017.03.08 10:38:27.242,0.75583,0.75592,1.00,3.94
2017.03.08 10:38:27.874,0.75583,0.75591,1.00,1.00
2017.03.08 10:38:28.390,0.75582,0.75591,1.00,1.12
2017.03.08 10:38:30.918,0.75585,0.75593,1.00,2.25
2017.03.08 10:38:31.453,0.75584,0.75592,1.25,1.87
2017.03.08 10:38:36.560,0.75583,0.75593,1.19,3.00
2017.03.08 10:38:38.716,0.75583,0.75592,1.19,1.50
2017.03.08 10:38:39.447,0.75583,0.75593,1.19,3.75
2017.03.08 10:38:39.751,0.75583,0.75592,1.19,3.00
2017.03.08 10:38:42.148,0.75583,0.75591,1.19,1.37
2017.03.08 10:38:42.818,0.75583,0.75591,1.00,1.37
2017.03.08 10:38:43.467,0.75582,0.75591,1.00,2.62
2017.03.08 10:38:44.149,0.75583,0.75591,1.00,1.37
2017.03.08 10:38:47.318,0.75584,0.75592,1.00,2.62
2017.03.08 10:38:47.847,0.75584,0.75591,1.00,1.50
2017.03.08 10:38:48.358,0.75583,0.75591,1.00,1.50
2017.03.08 10:38:48.864,0.75583,0.75593,1.00,4.69
2017.03.08 10:38:58.022,0.75583,0.75591,1.50,1.50
2017.03.08 10:38:58.841,0.75587,0.75592,1.00,1.00
2017.03.08 10:38:58.892,0.75585,0.75592,1.00,1.50
2017.03.08 10:38:59.398,0.75583,0.75591,1.31,1.12
2017.03.08 10:39:00.781,0.75582,0.75591,2.25,1.00
2017.03.08 10:39:00.832,0.75584,0.75591,1.00,1.00
2017.03.08 10:39:00.934,0.75582,0.75591,1.50,2.25
2017.03.08 10:39:01.440,0.75582,0.7559,1.00,3.00
2017.03.08 10:39:09.267,0.75581,0.7559,5.06,1.00
2017.03.08 10:39:09.711,0.75583,0.75591,1.00,3.37
2017.03.08 10:39:10.861,0.75582,0.75591,3.00,2.62
2017.03.08 10:39:11.778,0.75583,0.75591,1.00,1.12
2017.03.08 10:39:12.314,0.75582,0.75591,3.75,1.12
2017.03.08 10:39:12.852,0.75583,0.75591,1.00,1.12
2017.03.08 10:39:14.817,0.75582,0.75591,2.25,1.12
2017.03.08 10:39:18.631,0.75583,0.75591,1.00,1.12
2017.03.08 10:39:23.114,0.75582,0.75591,1.50,1.12
2017.03.08 10:39:23.417,0.75584,0.75592,1.00,1.50
2017.03.08 10:39:23.721,0.75586,0.75591,1.00,1.00
2017.03.08 10:39:23.912,0.75582,0.75591,3.37,2.25
2017.03.08 10:39:24.065,0.75581,0.75591,1.25,2.25
2017.03.08 10:39:24.572,0.7558,0.7559,8.06,1.87
2017.03.08 10:39:25.079,0.75582,0.75591,1.00,3.75
2017.03.08 10:39:25.599,0.75583,0.75592,1.00,6.56
2017.03.08 10:39:27.899,0.75586,0.75593,1.00,2.62
2017.03.08 10:39:28.417,0.75585,0.75594,1.12,4.12
2017.03.08 10:39:29.157,0.75584,0.75593,1.69,1.12
2017.03.08 10:39:33.928,0.75586,0.75593,1.00,1.00
2017.03.08 10:39:34.080,0.75586,0.75595,3.00,1.00
2017.03.08 10:39:38.087,0.75587,0.75595,1.00,2.62
2017.03.08 10:39:38.190,0.75589,0.75596,1.00,2.44
2017.03.08 10:39:38.440,0.75587,0.75596,1.12,2.44
2017.03.08 10:39:39.202,0.75588,0.75596,1.00,1.00
2017.03.08 10:39:39.710,0.75588,0.75597,1.12,1.00
2017.03.08 10:39:40.351,0.7559,0.75597,1.00,1.00
2017.03.08 10:39:42.407,0.7559,0.75598,1.00,4.35
2017.03.08 10:39:43.317,0.75589,0.75597,1.00,1.00
2017.03.08 10:39:45.063,0.75587,0.75597,4.31,1.87
2017.03.08 10:39:47.426,0.75589,0.75597,1.00,2.25
2017.03.08 10:39:49.578,0.75588,0.75597,3.00,1.00
2017.03.08 10:39:49.884,0.75589,0.75595,1.00,1.50
2017.03.08 10:39:49.986,0.75589,0.75597,1.00,1.50
2017.03.08 10:40:00.814,0.75589,0.75595,1.50,4.12
2017.03.08 10:40:00.967,0.75587,0.75594,1.00,5.62
2017.03.08 10:40:01.018,0.75587,0.75594,1.00,5.77
2017.03.08 10:40:01.120,0.75585,0.75593,2.25,1.37
2017.03.08 10:40:02.008,0.75586,0.75594,1.00,6.00
2017.03.08 10:40:02.109,0.75584,0.75594,1.69,5.25
2017.03.08 10:40:02.565,0.75584,0.75594,3.94,3.00
2017.03.08 10:40:02.616,0.75586,0.75594,1.00,3.00
2017.03.08 10:40:05.576,0.75585,0.75594,1.00,2.25
2017.03.08 10:40:06.130,0.75585,0.75595,2.25,3.37
2017.03.08 10:40:06.712,0.75585,0.75594,2.25,1.50
2017.03.08 10:40:07.243,0.75586,0.75595,1.00,4.12
2017.03.08 10:40:07.785,0.75587,0.75596,1.50,4.69
2017.03.08 10:40:08.118,0.75589,0.75596,1.00,2.44
2017.03.08 10:40:08.624,0.75588,0.75597,2.25,2.44
2017.03.08 10:40:09.788,0.75588,0.75597,1.69,2.25
2017.03.08 10:40:15.034,0.75589,0.75597,1.00,3.75
2017.03.08 10:40:17.032,0.75588,0.75597,2.06,2.25
2017.03.08 10:40:17.538,0.75588,0.75596,2.06,1.00
2017.03.08 10:40:18.399,0.75588,0.75597,2.06,1.00
2017.03.08 10:40:18.925,0.75588,0.75596,1.25,2.62
2017.03.08 10:40:19.471,0.75585,0.75593,1.12,1.00
2017.03.08 10:40:19.977,0.75584,0.75593,1.69,2.25
2017.03.08 10:40:20.801,0.75585,0.75593,1.00,1.50
2017.03.08 10:40:21.494,0.75587,0.75595,1.00,7.50
2017.03.08 10:40:21.545,0.75587,0.75595,1.00,5.62
2017.03.08 10:40:22.146,0.75587,0.75597,2.62,4.16
2017.03.08 10:40:22.737,0.75588,0.75597,1.00,5.06
2017.03.08 10:40:23.677,0.75587,0.75596,1.87,1.31
2017.03.08 10:40:29.913,0.75586,0.75594,1.37,2.25
2017.03.08 10:40:30.166,0.75584,0.75593,2.06,5.25
2017.03.08 10:40:35.014,0.75587,0.75593,1.00,3.75
2017.03.08 10:40:35.166,0.75587,0.75595,1.00,5.25
2017.03.08 10:40:35.218,0.75587,0.75594,1.00,2.25
2017.03.08 10:40:35.370,0.75584,0.75593,1.31,1.00
2017.03.08 10:40:37.965,0.75585,0.75593,1.00,1.00
2017.03.08 10:40:38.561,0.75584,0.75593,3.94,1.12
2017.03.08 10:40:39.844,0.75585,0.75594,1.00,8.40
2017.03.08 10:40:40.362,0.75586,0.75594,1.00,4.50
2017.03.08 10:40:45.938,0.75585,0.75594,1.50,8.25
2017.03.08 10:40:46.446,0.75584,0.75592,1.69,1.00
2017.03.08 10:40:49.997,0.75585,0.75592,3.00,1.00
2017.03.08 10:40:50.091,0.75587,0.75592,1.00,1.00
2017.03.08 10:40:50.193,0.75587,0.75595,1.12,4.12
2017.03.08 10:40:51.235,0.75588,0.75596,1.00,4.31
2017.03.08 10:40:51.784,0.75587,0.75595,1.12,1.12
2017.03.08 10:40:52.293,0.75588,0.75596,1.00,1.31
2017.03.08 10:40:53.375,0.75589,0.75597,1.00,2.06
2017.03.08 10:40:53.919,0.75589,0.75597,1.00,1.50
2017.03.08 10:40:54.520,0.75589,0.75598,1.00,3.56
2017.03.08 10:40:55.218,0.75588,0.75597,1.25,1.00
2017.03.08 10:40:55.734,0.75589,0.75597,1.50,1.50
2017.03.08 10:40:56.240,0.75587,0.75597,6.19,1.50
2017.03.08 10:40:57.026,0.75589,0.75597,1.00,1.50
2017.03.08 10:40:57.582,0.75589,0.75598,1.00,7.31
2017.03.08 10:40:58.335,0.75589,0.75597,1.00,1.00
2017.03.08 10:40:58.865,0.75589,0.75598,1.00,7.69
2017.03.08 10:40:59.431,0.75589,0.75597,1.00,1.00
2017.03.08 10:41:00.059,0.7559,0.75598,1.00,6.94
2017.03.08 10:41:08.028,0.75594,0.75599,1.60,4.50
2017.03.08 10:41:08.231,0.75597,0.75604,2.62,1.50
2017.03.08 10:41:08.282,0.756,0.75604,1.00,1.00
2017.03.08 10:41:08.434,0.756,0.75607,1.00,1.69
2017.03.08 10:41:08.687,0.756,0.75609,2.06,2.25
2017.03.08 10:41:08.797,0.75601,0.75609,3.00,1.12
2017.03.08 10:41:09.303,0.75601,0.75611,1.12,3.56
2017.03.08 10:41:11.234,0.75602,0.75611,1.50,3.56
2017.03.08 10:41:16.929,0.75603,0.75611,1.00,1.31
2017.03.08 10:41:22.471,0.75603,0.75609,1.00,1.50
2017.03.08 10:41:23.590,0.75603,0.7561,1.00,2.06
2017.03.08 10:41:24.575,0.75602,0.7561,1.00,3.56
2017.03.08 10:41:24.879,0.75599,0.75606,1.69,1.00
2017.03.08 10:41:30.864,0.75598,0.75607,3.94,1.12
2017.03.08 10:41:33.577,0.75601,0.75607,1.00,1.12
2017.03.08 10:41:34.779,0.756,0.75608,1.25,4.87
2017.03.08 10:41:45.378,0.756,0.75608,1.50,1.87
2017.03.08 10:41:46.733,0.75601,0.75608,1.00,1.00
2017.03.08 10:41:47.330,0.75602,0.75609,1.00,1.37
2017.03.08 10:41:47.431,0.75603,0.7561,1.00,1.00
2017.03.08 10:41:47.940,0.75603,0.75609,1.00,1.00
2017.03.08 10:41:48.041,0.75605,0.75609,1.00,1.00
2017.03.08 10:41:48.093,0.75603,0.75609,1.50,1.00
2017.03.08 10:41:48.144,0.75605,0.75609,1.00,1.00
2017.03.08 10:41:48.460,0.75603,0.75609,1.00,1.50
2017.03.08 10:41:49.801,0.75604,0.75609,1.00,1.50
2017.03.08 10:41:50.339,0.75603,0.7561,1.00,1.50
2017.03.08 10:42:00.716,0.75602,0.7561,1.00,1.50
2017.03.08 10:42:01.372,0.75601,0.7561,2.62,1.50
2017.03.08 10:42:02.701,0.75602,0.7561,1.00,1.50
2017.03.08 10:42:02.752,0.75602,0.75608,1.50,1.00
2017.03.08 10:42:03.374,0.75602,0.75609,1.50,1.00
2017.03.08 10:42:03.475,0.75603,0.75611,4.12,3.37
2017.03.08 10:42:03.526,0.75605,0.75611,1.00,1.50
2017.03.08 10:42:04.060,0.75605,0.75612,1.00,1.00
2017.03.08 10:42:05.617,0.75604,0.75612,1.12,1.12
2017.03.08 10:42:05.769,0.75602,0.75611,3.56,3.00
2017.03.08 10:42:06.287,0.75603,0.75611,1.00,5.62
2017.03.08 10:42:06.527,0.75603,0.75609,1.00,1.00
2017.03.08 10:42:07.034,0.75602,0.75609,1.69,1.00
2017.03.08 10:42:14.373,0.75602,0.7561,1.69,2.62
2017.03.08 10:42:15.644,0.75603,0.7561,1.00,1.00
2017.03.08 10:42:16.197,0.75602,0.7561,2.44,1.00
2017.03.08 10:42:16.760,0.75603,0.7561,1.00,1.00
2017.03.08 10:42:17.566,0.75602,0.7561,2.44,1.00
2017.03.08 10:42:18.431,0.75603,0.7561,1.00,1.00
2017.03.08 10:42:19.018,0.75602,0.7561,2.44,1.00
2017.03.08 10:42:19.534,0.75603,0.7561,1.00,1.00
2017.03.08 10:42:20.394,0.75602,0.7561,2.44,1.00
2017.03.08 10:42:20.961,0.75602,0.75612,2.81,4.50
2017.03.08 10:42:21.469,0.75603,0.75612,1.50,4.87
2017.03.08 10:42:22.167,0.75602,0.75609,1.69,1.00
2017.03.08 10:42:22.668,0.75603,0.75609,1.00,1.00
2017.03.08 10:42:23.145,0.75602,0.75611,2.44,1.12
2017.03.08 10:42:24.347,0.75603,0.75611,1.00,1.87
2017.03.08 10:42:24.874,0.75602,0.75611,2.44,1.12
2017.03.08 10:42:25.842,0.75602,0.75611,2.44,1.12
2017.03.08 10:42:33.190,0.75604,0.75611,1.00,1.00
2017.03.08 10:42:33.729,0.75603,0.75611,1.69,1.00
2017.03.08 10:42:34.695,0.75604,0.75612,1.00,2.25
2017.03.08 10:42:35.213,0.75604,0.7561,1.50,1.00
2017.03.08 10:42:36.063,0.75608,0.75613,1.00,1.25
2017.03.08 10:42:36.216,0.75609,0.75617,1.00,1.31
2017.03.08 10:42:36.469,0.75607,0.75616,3.94,1.12
2017.03.08 10:42:36.972,0.75608,0.75616,1.00,1.12
2017.03.08 10:42:38.138,0.75609,0.75617,1.00,2.44
2017.03.08 10:42:38.649,0.75608,0.75616,1.50,1.00
2017.03.08 10:42:39.160,0.75609,0.75616,1.00,1.50
2017.03.08 10:42:39.803,0.75608,0.75616,1.00,1.50
2017.03.08 10:42:40.325,0.75607,0.75616,3.19,1.50
2017.03.08 10:42:41.451,0.75608,0.75616,1.00,1.50
2017.03.08 10:42:42.014,0.75607,0.75616,3.19,1.50
2017.03.08 10:42:43.503,0.75608,0.75616,1.00,1.50
2017.03.08 10:42:43.992,0.75608,0.75614,1.00,1.50
2017.03.08 10:42:44.288,0.75602,0.7561,1.25,1.87
2017.03.08 10:42:44.947,0.75603,0.7561,1.00,1.50
2017.03.08 10:42:45.532,0.75603,0.7561,1.00,1.50
2017.03.08 10:42:45.634,0.75601,0.75608,1.00,1.00
2017.03.08 10:42:45.984,0.75599,0.75607,2.44,1.37
2017.03.08 10:42:46.238,0.75598,0.75606,2.25,1.50
2017.03.08 10:42:46.746,0.75598,0.75605,2.25,1.00
2017.03.08 10:42:47.290,0.75598,0.75606,2.25,1.50
2017.03.08 10:42:47.516,0.75595,0.75603,2.44,2.25
2017.03.08 10:42:48.087,0.75596,0.75604,1.69,2.25
2017.03.08 10:42:49.534,0.75597,0.75606,3.19,1.12
2017.03.08 10:42:50.073,0.75598,0.75607,1.50,1.69
2017.03.08 10:42:52.576,0.75598,0.75606,1.00,1.00
2017.03.08 10:42:54.240,0.756,0.75607,1.00,1.69
2017.03.08 10:42:55.268,0.75598,0.75608,3.75,5.06
2017.03.08 10:43:00.345,0.75599,0.75607,1.50,1.25
2017.03.08 10:43:00.900,0.756,0.75608,1.50,4.69
2017.03.08 10:43:01.433,0.75604,0.7561,1.00,1.12
2017.03.08 10:43:01.613,0.75605,0.75612,1.00,1.00
2017.03.08 10:43:05.936,0.75605,0.75611,1.00,1.00
2017.03.08 10:43:06.453,0.75604,0.75612,1.00,2.25
2017.03.08 10:43:09.387,0.75603,0.75612,2.44,3.37
2017.03.08 10:43:09.924,0.75603,0.75612,1.69,4.12
2017.03.08 10:43:10.776,0.75604,0.75612,1.00,3.37
2017.03.08 10:43:20.503,0.75604,0.75612,1.50,3.00
2017.03.08 10:43:30.157,0.75603,0.75611,3.56,1.00
2017.03.08 10:43:30.208,0.75603,0.7561,1.25,1.37
2017.03.08 10:43:30.347,0.75602,0.75611,2.44,5.62
2017.03.08 10:43:30.414,0.75602,0.75609,1.19,1.00
2017.03.08 10:43:34.979,0.75602,0.7561,1.19,6.37
2017.03.08 10:43:36.624,0.75602,0.75609,1.19,1.00
2017.03.08 10:43:37.132,0.75602,0.7561,1.19,1.00
2017.03.08 10:43:39.267,0.75602,0.75611,1.19,4.12
2017.03.08 10:43:41.880,0.75602,0.75611,2.81,1.87
2017.03.08 10:43:48.870,0.75603,0.75611,1.00,1.87
2017.03.08 10:43:49.959,0.75602,0.75611,6.19,1.87
2017.03.08 10:43:50.471,0.75603,0.75611,1.00,1.87
2017.03.08 10:43:51.401,0.75604,0.75611,1.50,1.87
2017.03.08 10:43:55.778,0.75605,0.75611,1.00,1.12
2017.03.08 10:43:55.879,0.75606,0.75614,3.56,3.37
2017.03.08 10:43:56.036,0.75609,0.75615,1.00,1.00
2017.03.08 10:43:56.290,0.75606,0.75615,5.06,1.50
2017.03.08 10:43:56.796,0.75606,0.75614,4.31,1.00
2017.03.08 10:43:58.132,0.75608,0.75616,1.00,4.12
2017.03.08 10:43:59.018,0.75608,0.75615,1.50,1.00
2017.03.08 10:43:59.529,0.75608,0.75616,1.00,1.87
2017.03.08 10:44:00.801,0.75609,0.75617,1.00,6.94
2017.03.08 10:44:01.306,0.75609,0.75617,1.00,6.19
2017.03.08 10:44:01.862,0.75608,0.75617,1.50,3.56
2017.03.08 10:44:02.422,0.75607,0.75617,2.44,3.94
2017.03.08 10:44:03.261,0.75608,0.75616,1.00,1.00
2017.03.08 10:44:03.362,0.75608,0.75614,1.00,1.00
2017.03.08 10:44:03.883,0.75607,0.75614,1.69,1.00
2017.03.08 10:44:04.384,0.75607,0.75613,1.69,1.00
2017.03.08 10:44:04.758,0.75608,0.75615,1.00,1.12
2017.03.08 10:44:04.961,0.75608,0.75617,1.00,3.56
2017.03.08 10:44:05.532,0.75607,0.75614,3.19,1.00
2017.03.08 10:44:07.869,0.75608,0.75616,1.00,2.25
2017.03.08 10:44:08.383,0.75607,0.75615,4.69,1.00
2017.03.08 10:44:08.950,0.75608,0.75615,1.00,1.00
2017.03.08 10:44:10.041,0.75607,0.75616,9.19,1.00
2017.03.08 10:44:10.688,0.75608,0.75617,2.62,4.69
2017.03.08 10:44:11.282,0.75609,0.75616,1.00,1.12
2017.03.08 10:44:11.834,0.75608,0.75616,2.25,1.12
2017.03.08 10:44:12.910,0.75607,0.75617,4.31,2.06
2017.03.08 10:44:13.450,0.75608,0.75616,1.00,1.00
2017.03.08 10:44:14.433,0.75607,0.75616,5.44,1.12
2017.03.08 10:44:14.969,0.75608,0.75616,1.00,1.12
2017.03.08 10:44:21.844,0.75609,0.75616,1.50,1.00
2017.03.08 10:44:29.070,0.75608,0.75616,1.50,1.12
2017.03.08 10:44:30.111,0.75608,0.75615,1.00,1.00
2017.03.08 10:44:30.819,0.75608,0.75616,1.00,1.12
2017.03.08 10:44:35.220,0.75608,0.75615,1.50,1.00
2017.03.08 10:44:35.763,0.75609,0.75615,1.00,1.00
2017.03.08 10:44:36.286,0.75608,0.75615,1.50,1.00
2017.03.08 10:44:37.098,0.75608,0.75614,1.00,1.00
2017.03.08 10:44:37.603,0.75606,0.75614,3.19,1.12
2017.03.08 10:44:40.925,0.75607,0.75616,2.44,1.87
2017.03.08 10:44:41.478,0.75608,0.75616,1.00,2.25
2017.03.08 10:44:41.984,0.75607,0.75616,5.44,2.25
2017.03.08 10:44:42.569,0.75608,0.75616,1.00,1.50
2017.03.08 10:44:43.086,0.75607,0.75616,4.69,2.25
2017.03.08 10:44:45.880,0.75608,0.75616,1.00,1.50
2017.03.08 10:44:47.302,0.75607,0.75616,3.94,1.50
2017.03.08 10:44:47.808,0.75608,0.75616,1.50,1.50
2017.03.08 10:44:49.326,0.75609,0.75616,1.00,2.25
2017.03.08 10:44:50.028,0.75608,0.75616,1.00,1.50
2017.03.08 10:44:51.908,0.75608,0.75612,1.00,1.00
2017.03.08 10:44:52.236,0.75595,0.756,2.25,1.12
2017.03.08 10:44:52.287,0.75592,0.75598,1.00,2.62
2017.03.08 10:44:52.642,0.75594,0.75599,1.00,3.37
2017.03.08 10:44:52.847,0.75589,0.75597,1.69,1.00
2017.03.08 10:44:54.340,0.75588,0.75595,2.81,1.00
2017.03.08 10:44:54.391,0.75588,0.75594,2.06,1.00
2017.03.08 10:44:54.594,0.75587,0.75596,2.06,1.12
2017.03.08 10:44:55.103,0.75587,0.75595,1.69,1.00
2017.03.08 10:44:56.295,0.75587,0.75596,1.19,1.12
2017.03.08 10:44:57.876,0.75587,0.75595,1.56,1.00
2017.03.08 10:44:59.565,0.75586,0.7559,1.50,1.00
2017.03.08 10:44:59.667,0.75584,0.75591,1.69,1.00
2017.03.08 10:44:59.718,0.75584,0.75588,1.25,1.00
2017.03.08 10:45:04.799,0.75584,0.7559,1.25,2.25
2017.03.08 10:45:04.850,0.75587,0.75593,1.25,10.50
2017.03.08 10:45:04.951,0.75587,0.75594,1.25,1.87
2017.03.08 10:45:05.053,0.75587,0.75596,2.44,2.25
2017.03.08 10:45:05.709,0.75586,0.75595,4.69,1.00
2017.03.08 10:45:06.249,0.75586,0.75596,3.19,1.12
2017.03.08 10:45:06.785,0.75588,0.75595,1.00,1.00
2017.03.08 10:45:09.391,0.75585,0.75592,1.69,1.00
2017.03.08 10:45:09.644,0.75584,0.75591,1.00,1.00
2017.03.08 10:45:10.249,0.75583,0.75591,1.69,1.50
2017.03.08 10:45:11.308,0.75584,0.75591,1.00,3.75
2017.03.08 10:45:11.814,0.75583,0.75591,2.81,1.00
2017.03.08 10:45:12.673,0.75584,0.75591,1.00,1.00
2017.03.08 10:45:13.397,0.75586,0.75592,1.00,4.12
2017.03.08 10:45:13.549,0.75584,0.75592,2.25,1.50
2017.03.08 10:45:13.600,0.75586,0.75592,1.19,1.00
2017.03.08 10:45:13.651,0.75586,0.75594,1.19,1.12
2017.03.08 10:45:14.675,0.75586,0.75593,1.19,1.50
2017.03.08 10:45:15.188,0.75586,0.75593,1.19,1.87
2017.03.08 10:45:17.984,0.75587,0.75595,1.25,3.75
2017.03.08 10:45:18.646,0.75586,0.75594,1.19,4.12
2017.03.08 10:45:18.900,0.75586,0.75592,1.19,1.00
2017.03.08 10:45:19.801,0.75586,0.75594,3.19,1.37
2017.03.08 10:45:19.902,0.75586,0.75595,2.44,2.25
2017.03.08 10:45:20.407,0.75588,0.75595,1.00,2.25
2017.03.08 10:45:20.610,0.75588,0.75597,2.25,2.25
2017.03.08 10:45:21.678,0.75589,0.75593,1.00,1.50
2017.03.08 10:45:21.932,0.7558,0.75586,1.50,1.00
2017.03.08 10:45:21.983,0.75578,0.75586,1.87,2.25
2017.03.08 10:45:22.084,0.75581,0.75586,1.00,1.87
2017.03.08 10:45:22.186,0.7558,0.75588,1.00,3.75
2017.03.08 10:45:22.388,0.7558,0.75588,1.00,7.50
2017.03.08 10:45:22.894,0.7558,0.75588,1.00,4.12
2017.03.08 10:45:25.024,0.75581,0.75588,1.00,1.87
2017.03.08 10:45:25.226,0.75581,0.75589,1.00,2.62
2017.03.08 10:45:25.728,0.75581,0.75589,1.00,1.37
2017.03.08 10:45:31.059,0.7558,0.75588,1.00,1.00
2017.03.08 10:45:31.657,0.75581,0.75589,1.00,3.37
2017.03.08 10:45:33.399,0.75581,0.75589,1.00,2.62
2017.03.08 10:45:35.681,0.75581,0.75589,1.00,3.37
2017.03.08 10:45:37.791,0.75581,0.75588,1.00,1.00
2017.03.08 10:45:38.334,0.75581,0.75589,1.00,4.12
2017.03.08 10:45:39.019,0.75581,0.75588,1.00,1.00
2017.03.08 10:45:39.551,0.75579,0.75588,1.00,1.00
2017.03.08 10:45:40.177,0.75579,0.75589,1.25,4.50
2017.03.08 10:45:40.727,0.75579,0.75588,1.25,1.12
2017.03.08 10:45:49.660,0.75578,0.75584,2.25,1.00
2017.03.08 10:45:50.015,0.75576,0.75583,1.12,1.00
2017.03.08 10:45:50.521,0.75575,0.75584,1.25,3.37
2017.03.08 10:45:50.825,0.75575,0.75582,1.25,1.87
2017.03.08 10:45:51.138,0.75577,0.75584,1.00,1.50
2017.03.08 10:45:51.341,0.75574,0.75584,5.81,3.00
2017.03.08 10:45:51.442,0.75577,0.75583,1.00,1.00
2017.03.08 10:45:51.959,0.75576,0.75584,1.00,4.87
2017.03.08 10:45:52.497,0.75575,0.75583,1.25,1.12
2017.03.08 10:45:53.066,0.75574,0.75582,3.19,1.50
2017.03.08 10:45:53.218,0.75574,0.75584,5.44,3.75
2017.03.08 10:45:53.723,0.75576,0.75584,1.00,4.87
2017.03.08 10:45:55.182,0.75574,0.75584,1.69,5.25
2017.03.08 10:45:55.233,0.75574,0.75582,2.44,1.50
2017.03.08 10:45:55.740,0.75576,0.75584,1.00,3.00
2017.03.08 10:46:01.073,0.75574,0.75584,6.56,4.87
2017.03.08 10:46:02.119,0.75574,0.75582,3.56,1.87
2017.03.08 10:46:02.466,0.75574,0.7558,1.69,1.00
2017.03.08 10:46:02.517,0.75574,0.75582,1.69,1.12
2017.03.08 10:46:03.024,0.75575,0.75583,1.25,1.87
2017.03.08 10:46:04.901,0.75574,0.75581,5.06,1.00
2017.03.08 10:46:07.955,0.75575,0.75581,1.19,1.50
2017.03.08 10:46:08.460,0.75575,0.75582,1.19,3.37
2017.03.08 10:46:15.652,0.75576,0.75585,2.06,12.00
2017.03.08 10:46:15.804,0.75577,0.75586,3.00,1.00
2017.03.08 10:46:16.322,0.75577,0.75587,4.12,2.44
2017.03.08 10:46:18.738,0.75578,0.75587,2.81,1.00
2017.03.08 10:46:19.783,0.75578,0.75588,1.69,2.25
2017.03.08 10:46:31.281,0.75578,0.75587,5.06,1.50
2017.03.08 10:46:32.242,0.75578,0.75588,5.06,4.12
2017.03.08 10:46:34.707,0.75578,0.75588,2.06,4.12
2017.03.08 10:46:35.244,0.75578,0.75587,3.19,2.62
2017.03.08 10:46:39.655,0.75578,0.75587,6.19,4.12
2017.03.08 10:46:46.399,0.7558,0.75587,1.00,1.00
2017.03.08 10:46:46.909,0.75578,0.75588,6.19,1.50
2017.03.08 10:46:47.711,0.75579,0.75589,1.25,5.25
2017.03.08 10:46:47.969,0.75578,0.75587,6.19,1.00
2017.03.08 10:47:02.308,0.75579,0.75588,1.69,2.25
2017.03.08 10:47:08.421,0.75577,0.75582,3.37,1.00
2017.03.08 10:47:08.472,0.75574,0.75581,2.44,1.00
2017.03.08 10:47:08.978,0.75574,0.7558,1.19,1.00
2017.03.08 10:47:11.195,0.75573,0.7558,1.12,1.00
2017.03.08 10:47:11.716,0.75572,0.7558,1.25,1.00
2017.03.08 10:47:12.250,0.75573,0.7558,1.00,1.00
2017.03.08 10:47:12.953,0.75573,0.75579,1.00,1.00
2017.03.08 10:47:13.616,0.75572,0.75579,1.25,1.00
2017.03.08 10:47:14.743,0.75572,0.7558,1.25,1.00
2017.03.08 10:47:15.903,0.75572,0.75581,1.25,1.50
2017.03.08 10:47:21.729,0.75571,0.7558,2.81,1.50
2017.03.08 10:47:22.239,0.75571,0.75579,1.69,1.00
2017.03.08 10:47:25.561,0.75571,0.7558,1.19,1.87
2017.03.08 10:47:28.269,0.75571,0.75578,1.19,1.00
2017.03.08 10:47:28.820,0.7557,0.75578,3.94,1.00
2017.03.08 10:47:29.377,0.75571,0.75578,1.19,1.00
2017.03.08 10:47:45.310,0.7557,0.7558,2.44,3.75
2017.03.08 10:47:46.384,0.7557,0.75579,1.69,1.50
2017.03.08 10:47:48.573,0.7557,0.7558,3.94,4.50
2017.03.08 10:47:49.111,0.75571,0.75579,1.19,1.87
2017.03.08 10:47:53.672,0.7557,0.75578,2.44,1.00
2017.03.08 10:47:53.723,0.7557,0.75577,1.00,1.00
2017.03.08 10:47:54.092,0.75568,0.75573,1.37,1.00
2017.03.08 10:47:54.296,0.75564,0.75572,3.56,1.12
2017.03.08 10:47:54.347,0.75564,0.7557,4.69,1.00
2017.03.08 10:47:54.549,0.75564,0.75572,2.81,1.00
2017.03.08 10:47:55.770,0.75566,0.75574,2.40,3.00
2017.03.08 10:47:55.871,0.75568,0.75576,1.00,1.12
2017.03.08 10:47:56.380,0.75568,0.75577,1.50,3.37
2017.03.08 10:47:56.909,0.75569,0.75577,1.00,3.00
2017.03.08 10:47:58.365,0.7557,0.75578,1.50,1.37
2017.03.08 10:47:58.416,0.7557,0.75579,1.00,3.75
2017.03.08 10:47:58.922,0.75569,0.75578,1.87,2.25
2017.03.08 10:48:04.782,0.7557,0.75578,1.00,1.50
2017.03.08 10:48:08.064,0.7557,0.75579,1.50,3.37
2017.03.08 10:48:13.054,0.75569,0.75579,2.62,2.25
2017.03.08 10:48:27.935,0.75571,0.75579,1.50,4.12
2017.03.08 10:48:28.642,0.75571,0.75579,1.00,4.12
2017.03.08 10:48:29.183,0.75571,0.75579,1.00,1.50
2017.03.08 10:48:37.664,0.75572,0.75579,1.00,1.87
2017.03.08 10:48:39.158,0.75571,0.75579,1.69,1.50
2017.03.08 10:48:39.541,0.75573,0.7558,1.00,1.00
2017.03.08 10:48:40.145,0.75572,0.7558,1.12,1.12
2017.03.08 10:48:42.562,0.75572,0.75581,1.00,3.37
2017.03.08 10:48:46.808,0.75572,0.75581,1.00,4.87
2017.03.08 10:48:47.440,0.75572,0.75581,1.00,5.62
2017.03.08 10:48:49.091,0.75573,0.75581,1.00,3.37
2017.03.08 10:48:49.694,0.75572,0.75581,2.25,2.62
2017.03.08 10:48:52.759,0.75573,0.75581,1.00,1.00
2017.03.08 10:48:53.260,0.75572,0.7558,1.12,1.50
2017.03.08 10:48:54.760,0.75571,0.7558,3.94,1.50
2017.03.08 10:48:55.278,0.75571,0.75579,3.56,1.00
2017.03.08 10:49:00.741,0.75571,0.75578,1.25,1.50
2017.03.08 10:49:01.716,0.75571,0.75579,1.25,1.12
2017.03.08 10:49:05.388,0.75572,0.7558,1.00,1.87
2017.03.08 10:49:05.540,0.75573,0.75581,1.50,4.12
2017.03.08 10:49:06.118,0.75572,0.75581,3.00,2.25
2017.03.08 10:49:06.624,0.75571,0.75581,1.69,4.50
2017.03.08 10:49:07.566,0.75571,0.7558,2.44,1.00
2017.03.08 10:49:08.115,0.75571,0.75581,1.69,7.50
2017.03.08 10:49:08.739,0.75571,0.7558,1.69,1.00
2017.03.08 10:49:09.380,0.75571,0.7558,1.69,1.87
2017.03.08 10:49:13.878,0.75571,0.7558,1.25,1.00
2017.03.08 10:49:14.387,0.75572,0.75581,1.00,7.12
2017.03.08 10:49:16.019,0.75572,0.7558,1.00,1.00
2017.03.08 10:49:18.558,0.75572,0.75581,1.00,7.50
2017.03.08 10:49:19.064,0.75572,0.7558,1.00,1.00
2017.03.08 10:49:19.645,0.75572,0.75581,1.00,5.62
2017.03.08 10:49:20.184,0.75572,0.7558,3.00,1.50
2017.03.08 10:49:20.403,0.75576,0.75581,1.00,1.12
2017.03.08 10:49:20.643,0.75578,0.75586,1.00,1.00
2017.03.08 10:49:21.451,0.75578,0.75586,1.19,1.50
2017.03.08 10:49:21.961,0.75578,0.75587,1.19,2.25
2017.03.08 10:49:22.856,0.75578,0.75586,1.19,1.00
2017.03.08 10:49:23.369,0.75578,0.75587,3.19,1.50
2017.03.08 10:49:24.527,0.7558,0.75587,1.00,1.50
2017.03.08 10:49:25.060,0.7558,0.75588,1.00,1.87
2017.03.08 10:49:26.523,0.7558,0.75589,1.00,6.00
2017.03.08 10:49:27.121,0.7558,0.75588,1.00,1.00
2017.03.08 10:49:27.744,0.7558,0.75589,1.00,4.87
2017.03.08 10:49:28.253,0.75581,0.75589,1.00,4.12
2017.03.08 10:49:29.084,0.75581,0.75588,1.00,1.00
2017.03.08 10:49:29.670,0.75581,0.75589,1.00,4.87
2017.03.08 10:49:31.598,0.75581,0.75589,1.00,3.00
2017.03.08 10:49:33.966,0.75579,0.75589,4.69,4.50
2017.03.08 10:49:34.622,0.75579,0.75589,4.69,3.00
2017.03.08 10:49:35.811,0.7558,0.75589,1.00,3.00
2017.03.08 10:49:49.918,0.75582,0.75589,1.00,1.12
2017.03.08 10:49:50.439,0.75581,0.75589,1.25,1.50
2017.03.08 10:49:56.026,0.7558,0.7559,3.94,3.75
2017.03.08 10:49:56.529,0.7558,0.75589,3.94,1.00
2017.03.08 10:50:01.422,0.7558,0.7559,4.69,8.25
2017.03.08 10:50:03.873,0.7558,0.75589,3.94,1.50
2017.03.08 10:50:09.051,0.75581,0.7559,1.69,4.50
2017.03.08 10:50:13.687,0.75581,0.7559,1.25,3.75
2017.03.08 10:50:25.622,0.75581,0.7559,2.06,6.37
2017.03.08 10:50:26.246,0.75581,0.75589,2.81,1.00
2017.03.08 10:50:26.787,0.75581,0.7559,2.81,4.87
2017.03.08 10:50:34.230,0.75581,0.7559,1.69,1.87
2017.03.08 10:50:37.811,0.75581,0.75589,1.19,1.37
2017.03.08 10:50:39.766,0.75579,0.75588,2.25,1.12
2017.03.08 10:50:40.222,0.75579,0.75588,1.00,2.62
2017.03.08 10:50:41.118,0.7558,0.75587,1.00,1.50
2017.03.08 10:50:41.624,0.75579,0.75588,1.00,6.75
2017.03.08 10:50:43.301,0.75579,0.75588,1.00,3.00
2017.03.08 10:50:47.313,0.7558,0.75588,1.00,2.25
2017.03.08 10:50:54.170,0.75578,0.75583,1.25,1.00
2017.03.08 10:50:54.352,0.75576,0.75583,1.12,1.12
2017.03.08 10:50:54.403,0.75577,0.75583,1.00,1.75
2017.03.08 10:50:54.555,0.75574,0.75583,3.19,2.62
2017.03.08 10:50:55.128,0.75577,0.75583,1.00,1.12
2017.03.08 10:50:55.179,0.75577,0.75584,1.00,1.50
2017.03.08 10:50:55.230,0.75577,0.75586,2.25,3.75
2017.03.08 10:50:55.616,0.75575,0.75583,2.44,1.00
2017.03.08 10:50:55.846,0.75575,0.75584,1.69,1.00
2017.03.08 10:50:56.417,0.75576,0.75585,1.00,2.25
2017.03.08 10:50:56.952,0.75577,0.75586,1.00,2.62
2017.03.08 10:50:57.457,0.75578,0.75586,1.00,1.12
2017.03.08 10:50:58.419,0.75575,0.75584,4.31,2.25
2017.03.08 10:50:58.571,0.75575,0.75585,1.31,1.87
2017.03.08 10:50:59.626,0.75576,0.75585,2.25,1.37
2017.03.08 10:51:00.345,0.75576,0.75586,3.75,1.87
2017.03.08 10:51:00.848,0.75578,0.75586,1.00,1.87
2017.03.08 10:51:03.433,0.75577,0.75586,1.00,4.12
2017.03.08 10:51:08.064,0.75576,0.75584,1.00,1.37
2017.03.08 10:51:14.220,0.75576,0.75585,3.37,1.00
2017.03.08 10:51:14.846,0.75577,0.75585,1.00,1.00
2017.03.08 10:51:18.389,0.75576,0.75586,2.25,1.50
2017.03.08 10:51:18.939,0.75577,0.75586,1.00,1.50
2017.03.08 10:51:19.456,0.75576,0.75587,3.00,5.62
2017.03.08 10:51:19.978,0.75577,0.75587,1.50,4.87
2017.03.08 10:51:21.392,0.75577,0.75587,2.44,3.37
2017.03.08 10:51:21.443,0.75577,0.75587,3.19,1.00
2017.03.08 10:51:21.949,0.75576,0.75583,1.87,1.00
2017.03.08 10:51:22.507,0.75574,0.75582,1.31,1.00
2017.03.08 10:51:25.248,0.75574,0.75584,5.81,6.37
2017.03.08 10:51:26.309,0.75576,0.75585,1.00,4.12
2017.03.08 10:51:27.493,0.75576,0.75585,1.00,3.37
2017.03.08 10:51:28.650,0.75577,0.75585,3.00,1.37
2017.03.08 10:51:28.752,0.75577,0.75586,3.94,1.12
2017.03.08 10:51:29.593,0.75579,0.75586,1.00,1.87
2017.03.08 10:51:31.525,0.75578,0.75587,1.25,5.62
2017.03.08 10:51:32.377,0.75579,0.75587,1.00,4.12
2017.03.08 10:51:40.128,0.75577,0.75584,1.19,1.00
2017.03.08 10:51:41.362,0.75575,0.75582,1.00,2.25
2017.03.08 10:51:41.716,0.75573,0.7558,3.56,1.00
2017.03.08 10:51:42.254,0.75573,0.75581,3.56,1.00
2017.03.08 10:51:43.342,0.75573,0.75582,3.56,1.50
2017.03.08 10:51:45.242,0.75573,0.75581,1.69,1.00
2017.03.08 10:51:45.796,0.75573,0.7558,2.81,1.00
2017.03.08 10:51:46.887,0.75573,0.75579,2.06,1.00
2017.03.08 10:51:53.002,0.75573,0.75579,1.00,1.00
2017.03.08 10:51:53.204,0.75571,0.75578,2.81,1.00
2017.03.08 10:51:53.736,0.75571,0.75579,2.81,1.50
2017.03.08 10:51:54.249,0.75572,0.75579,2.25,1.00
2017.03.08 10:51:54.401,0.75573,0.75581,1.00,4.12
2017.03.08 10:51:56.986,0.75574,0.75581,1.00,1.12
2017.03.08 10:51:57.514,0.75574,0.7558,1.50,1.00
2017.03.08 10:51:59.352,0.75573,0.7558,2.25,1.00
2017.03.08 10:52:00.264,0.75574,0.7558,1.00,1.00
2017.03.08 10:52:01.154,0.75573,0.7558,2.62,1.00
2017.03.08 10:52:02.061,0.75572,0.7558,1.50,1.00
2017.03.08 10:52:06.038,0.75573,0.75582,1.50,1.12
2017.03.08 10:52:06.139,0.75575,0.75583,2.44,4.12
2017.03.08 10:52:06.241,0.75575,0.75584,5.81,2.25
2017.03.08 10:52:06.443,0.75576,0.75582,1.00,1.00
2017.03.08 10:52:06.980,0.75575,0.75581,1.25,1.00
2017.03.08 10:52:07.516,0.75575,0.75582,1.69,1.00
2017.03.08 10:52:08.060,0.75576,0.75583,1.00,1.00
2017.03.08 10:52:08.606,0.75576,0.75585,1.00,3.75
2017.03.08 10:52:08.861,0.75577,0.75583,1.87,1.00
2017.03.08 10:52:08.962,0.75575,0.75583,1.25,1.00
2017.03.08 10:52:09.470,0.75575,0.75585,1.25,2.25
2017.03.08 10:52:10.480,0.75576,0.75585,1.00,2.62
2017.03.08 10:52:11.067,0.75576,0.75585,1.00,1.12
2017.03.08 10:52:11.616,0.75576,0.75586,1.87,2.62
2017.03.08 10:52:12.158,0.75577,0.75586,1.12,1.00
2017.03.08 10:52:15.476,0.75577,0.75587,1.37,2.81
2017.03.08 10:52:17.704,0.75578,0.75587,2.81,2.25
2017.03.08 10:52:18.418,0.75577,0.75587,4.31,1.50
2017.03.08 10:52:19.584,0.75577,0.75586,1.19,2.25
2017.03.08 10:52:21.311,0.75577,0.75586,2.06,1.12
2017.03.08 10:52:22.344,0.75578,0.75587,1.25,1.50
2017.03.08 10:52:23.229,0.75579,0.75587,1.00,2.25
2017.03.08 10:52:23.760,0.75579,0.75589,2.25,1.50
2017.03.08 10:52:24.268,0.75579,0.75588,1.00,1.50
2017.03.08 10:52:24.779,0.75579,0.75588,3.00,1.12
2017.03.08 10:52:26.069,0.7558,0.75589,1.00,3.00
2017.03.08 10:52:33.773,0.75582,0.75589,1.00,2.25
2017.03.08 10:52:34.280,0.75581,0.7559,4.69,1.12
2017.03.08 10:52:34.800,0.7558,0.75589,3.94,1.87
2017.03.08 10:52:39.151,0.7558,0.75587,3.19,1.00
2017.03.08 10:52:43.127,0.7558,0.75589,3.19,1.50
2017.03.08 10:52:43.905,0.75581,0.75586,1.25,1.00
2017.03.08 10:52:44.108,0.75579,0.75586,1.25,1.00
2017.03.08 10:52:44.716,0.75579,0.75588,1.69,1.50
2017.03.08 10:52:45.240,0.75579,0.75587,1.69,1.12
2017.03.08 10:52:45.766,0.75579,0.75588,1.25,1.50
2017.03.08 10:52:46.319,0.75579,0.75587,2.44,1.00
2017.03.08 10:52:47.254,0.75579,0.75589,4.69,2.25
2017.03.08 10:52:47.406,0.75581,0.75589,1.00,1.50
2017.03.08 10:52:47.457,0.75579,0.75589,4.69,1.87
2017.03.08 10:52:47.995,0.75579,0.75588,3.19,1.00
2017.03.08 10:52:48.501,0.75579,0.7559,2.44,6.19
2017.03.08 10:52:49.867,0.75579,0.75588,4.69,1.00
2017.03.08 10:52:50.393,0.75579,0.75589,5.06,2.25
2017.03.08 10:52:50.944,0.75579,0.75588,3.19,1.00
2017.03.08 10:52:55.361,0.75579,0.75587,2.44,1.00
2017.03.08 10:52:57.116,0.75579,0.75586,1.25,1.00
2017.03.08 10:52:59.111,0.75579,0.75587,1.25,2.25
2017.03.08 10:53:00.244,0.75579,0.75586,1.25,1.00
2017.03.08 10:53:01.823,0.75578,0.75587,3.94,2.62
2017.03.08 10:53:02.029,0.7558,0.75587,1.00,2.62
2017.03.08 10:53:02.130,0.7558,0.75588,1.00,1.50
2017.03.08 10:53:02.636,0.75581,0.75588,1.00,1.00
2017.03.08 10:53:03.686,0.75581,0.75589,1.50,1.00
2017.03.08 10:53:04.194,0.75581,0.7559,2.44,1.87
2017.03.08 10:53:05.293,0.75581,0.75589,3.19,2.25
2017.03.08 10:53:05.837,0.75581,0.75589,3.19,3.37
2017.03.08 10:53:10.621,0.75581,0.75589,2.44,1.50
2017.03.08 10:53:11.319,0.75581,0.7559,3.19,3.75
2017.03.08 10:53:26.173,0.75583,0.75591,1.00,2.25
2017.03.08 10:53:26.706,0.75584,0.75591,1.00,1.00
2017.03.08 10:53:28.669,0.75587,0.75593,1.00,1.12
2017.03.08 10:53:28.973,0.75592,0.756,2.44,1.50
2017.03.08 10:53:29.429,0.75594,0.75603,1.00,3.19
2017.03.08 10:53:29.950,0.75595,0.75602,1.00,2.62
2017.03.08 10:53:30.203,0.75593,0.75602,1.12,2.62
2017.03.08 10:53:30.708,0.75594,0.75602,1.00,2.25
2017.03.08 10:53:31.262,0.75594,0.75602,1.00,1.50
2017.03.08 10:53:39.926,0.75594,0.75601,1.00,1.00
2017.03.08 10:53:40.230,0.75591,0.756,6.56,3.37
2017.03.08 10:53:40.756,0.75591,0.756,6.37,2.62
2017.03.08 10:53:43.023,0.75592,0.756,1.00,1.12
2017.03.08 10:53:43.633,0.75591,0.75601,3.37,2.62
2017.03.08 10:53:43.894,0.75591,0.75599,1.50,2.62
2017.03.08 10:53:44.246,0.75588,0.75592,1.00,1.50
2017.03.08 10:53:44.297,0.75585,0.75592,1.25,1.50
2017.03.08 10:53:44.652,0.75587,0.75593,1.00,2.25
2017.03.08 10:53:44.905,0.75585,0.75593,1.25,2.25
2017.03.08 10:53:45.057,0.75585,0.75593,1.69,2.62
2017.03.08 10:53:58.660,0.75586,0.75592,1.00,1.50
2017.03.08 10:53:58.711,0.75587,0.75594,1.00,1.87
2017.03.08 10:53:58.813,0.75589,0.75596,1.00,3.94
2017.03.08 10:53:59.314,0.75589,0.75597,1.00,6.19
2017.03.08 10:54:00.539,0.75589,0.75597,1.00,1.50
2017.03.08 10:54:01.244,0.75589,0.75598,1.00,3.19
2017.03.08 10:54:01.791,0.75589,0.75597,1.00,1.00
2017.03.08 10:54:08.512,0.75589,0.75594,1.00,2.25
2017.03.08 10:54:08.563,0.75586,0.75592,1.50,1.50
2017.03.08 10:54:08.817,0.75583,0.75592,3.19,2.62
2017.03.08 10:54:21.364,0.75584,0.75592,2.06,2.25
2017.03.08 10:54:21.516,0.75584,0.75592,1.69,1.50
2017.03.08 10:54:21.618,0.75583,0.75592,2.44,1.12
2017.03.08 10:54:23.685,0.75583,0.75592,2.81,3.00
2017.03.08 10:54:25.036,0.75583,0.75591,1.12,1.12
2017.03.08 10:54:43.964,0.75584,0.75592,1.00,4.50
2017.03.08 10:54:45.264,0.75583,0.75593,2.62,3.37
2017.03.08 10:55:03.996,0.75584,0.75592,1.12,2.25
2017.03.08 10:55:07.135,0.75584,0.7559,1.12,1.00
2017.03.08 10:55:17.955,0.75582,0.7559,1.50,1.00
2017.03.08 10:55:18.465,0.75582,0.75589,1.00,1.00
2017.03.08 10:55:23.780,0.75582,0.75589,1.00,2.25
2017.03.08 10:55:23.933,0.75575,0.75582,1.12,2.25
2017.03.08 10:55:26.907,0.75577,0.75584,1.00,1.87
2017.03.08 10:55:26.958,0.75576,0.75584,1.87,2.02
2017.03.08 10:55:27.009,0.75574,0.75582,2.25,1.50
2017.03.08 10:55:27.262,0.75574,0.75582,1.00,1.50
2017.03.08 10:55:29.438,0.75575,0.75582,1.00,1.50
2017.03.08 10:55:29.971,0.75574,0.75583,1.50,3.37
2017.03.08 10:55:30.487,0.75575,0.75583,1.00,2.62
2017.03.08 10:55:31.028,0.75575,0.75584,1.50,1.00
2017.03.08 10:55:31.702,0.75576,0.75584,1.50,1.00
2017.03.08 10:55:32.523,0.75576,0.75583,1.50,1.50
2017.03.08 10:55:33.037,0.75575,0.75583,1.50,3.37
2017.03.08 10:55:37.021,0.75572,0.75583,3.56,4.87
2017.03.08 10:55:37.594,0.75572,0.75581,2.81,1.50
2017.03.08 10:55:38.115,0.75572,0.75581,1.69,2.25
2017.03.08 10:55:39.446,0.75572,0.7558,3.75,1.00
2017.03.08 10:55:40.470,0.75572,0.7558,5.25,1.12
2017.03.08 10:55:41.174,0.75572,0.7558,1.12,1.12
2017.03.08 10:55:41.378,0.75571,0.75578,1.00,1.00
2017.03.08 10:55:41.916,0.75571,0.75579,1.00,2.62
2017.03.08 10:55:42.540,0.75569,0.75579,1.87,1.87
2017.03.08 10:55:43.088,0.75569,0.75579,2.25,1.50
2017.03.08 10:55:43.729,0.75569,0.75579,4.12,1.50
2017.03.08 10:55:45.819,0.7557,0.7558,1.12,6.00
2017.03.08 10:55:49.287,0.75571,0.7558,1.00,3.75
2017.03.08 10:55:49.793,0.75574,0.75581,1.00,3.19
2017.03.08 10:55:50.563,0.75573,0.75581,1.50,2.44
2017.03.08 10:55:51.110,0.75575,0.75582,1.00,1.31
2017.03.08 10:55:52.426,0.75573,0.75582,1.50,2.06
2017.03.08 10:55:52.960,0.75574,0.75582,1.00,1.94
2017.03.08 10:55:53.012,0.75577,0.75583,1.00,2.25
2017.03.08 10:55:53.214,0.75579,0.75587,1.50,1.12
2017.03.08 10:55:53.621,0.75581,0.75588,1.50,1.25
2017.03.08 10:55:54.910,0.75582,0.75589,1.50,1.19
2017.03.08 10:55:57.253,0.7558,0.75588,2.62,1.25
2017.03.08 10:55:57.779,0.7558,0.75587,1.87,1.00
2017.03.08 10:55:59.247,0.75581,0.75587,1.00,1.00
2017.03.08 10:56:01.248,0.7558,0.75587,1.50,1.50
2017.03.08 10:56:03.234,0.75579,0.75587,1.50,1.50
2017.03.08 10:56:06.165,0.7558,0.75587,1.00,1.50
2017.03.08 10:56:14.448,0.75579,0.75587,1.50,1.00
2017.03.08 10:56:15.428,0.7558,0.75587,1.00,1.00
2017.03.08 10:56:15.979,0.75579,0.75587,1.50,1.00
2017.03.08 10:56:16.751,0.7558,0.75585,1.00,1.00
2017.03.08 10:56:17.299,0.75579,0.75585,1.50,1.00
2017.03.08 10:56:17.854,0.75579,0.75586,1.50,1.00
2017.03.08 10:56:18.757,0.7558,0.75586,1.00,1.00
2017.03.08 10:56:19.434,0.75579,0.75586,1.50,1.00
2017.03.08 10:56:21.731,0.7558,0.75586,1.00,1.00
2017.03.08 10:56:22.288,0.75579,0.75586,1.50,1.00
2017.03.08 10:56:22.896,0.7558,0.75586,1.00,1.00
2017.03.08 10:56:23.480,0.75579,0.75586,2.25,1.00
2017.03.08 10:56:24.040,0.7558,0.75586,1.50,1.00
2017.03.08 10:56:32.193,0.75578,0.75584,1.69,1.50
2017.03.08 10:56:32.493,0.75573,0.75582,2.06,1.00
2017.03.08 10:56:32.998,0.75573,0.75581,1.25,1.00
2017.03.08 10:56:34.809,0.75571,0.75581,5.25,1.00
2017.03.08 10:56:35.575,0.75571,0.75581,4.87,1.00
2017.03.08 10:56:36.286,0.75573,0.75581,1.00,1.00
2017.03.08 10:56:36.830,0.75572,0.75581,1.87,1.50
2017.03.08 10:56:41.993,0.75573,0.75581,1.00,1.69
2017.03.08 10:56:48.883,0.75572,0.75581,1.50,1.25
2017.03.08 10:56:53.358,0.75572,0.75581,3.37,1.25
2017.03.08 10:56:56.302,0.75572,0.75581,1.00,2.44
2017.03.08 10:56:57.122,0.75572,0.7558,1.00,1.00
2017.03.08 10:56:57.325,0.7557,0.7558,2.25,1.00
2017.03.08 10:57:00.517,0.7557,0.7558,4.50,1.87
2017.03.08 10:57:04.839,0.7557,0.75579,3.75,1.00
2017.03.08 10:57:07.579,0.75572,0.75579,1.00,1.00
2017.03.08 10:57:11.630,0.75572,0.7558,1.00,1.12
2017.03.08 10:57:22.116,0.75571,0.75579,1.87,1.00
2017.03.08 10:57:26.234,0.75571,0.75579,1.50,1.00
2017.03.08 10:57:27.229,0.75571,0.7558,2.25,4.12
2017.03.08 10:57:27.760,0.75571,0.7558,1.50,4.12
2017.03.08 10:57:34.123,0.75571,0.75579,1.00,1.00
2017.03.08 10:57:34.633,0.7557,0.75579,1.25,2.62
2017.03.08 10:57:40.841,0.75569,0.75579,1.69,2.62
2017.03.08 10:57:46.502,0.75569,0.75579,1.00,3.56
2017.03.08 10:57:49.122,0.7557,0.75579,2.25,1.31
2017.03.08 10:58:05.490,0.75571,0.7558,1.00,4.31
2017.03.08 10:58:06.008,0.75572,0.7558,1.00,3.94
2017.03.08 10:58:06.838,0.75573,0.7558,1.00,1.00
2017.03.08 10:58:07.369,0.75572,0.75581,1.12,4.50
2017.03.08 10:58:08.637,0.75574,0.75582,1.00,1.50
2017.03.08 10:58:09.143,0.75575,0.75583,1.00,2.44
2017.03.08 10:58:09.461,0.75579,0.75585,1.50,2.25
2017.03.08 10:58:09.513,0.75579,0.75587,1.50,2.06
2017.03.08 10:58:10.019,0.7558,0.75588,1.00,2.81
2017.03.08 10:58:10.539,0.7558,0.75589,1.50,6.37
2017.03.08 10:58:11.044,0.7558,0.75588,1.50,2.25
2017.03.08 10:58:12.658,0.7558,0.75589,1.50,1.50
2017.03.08 10:58:14.054,0.75581,0.7559,1.00,2.44
2017.03.08 10:58:14.621,0.75581,0.75589,1.00,1.12
2017.03.08 10:58:15.162,0.7558,0.75589,1.00,1.12
2017.03.08 10:58:20.180,0.75579,0.75589,1.50,7.12
2017.03.08 10:58:27.221,0.75579,0.75584,1.00,3.75
2017.03.08 10:58:27.323,0.75575,0.75583,2.06,1.50
2017.03.08 10:58:27.425,0.75573,0.75583,3.00,4.69
2017.03.08 10:58:28.032,0.75574,0.75581,1.00,1.00
2017.03.08 10:58:28.540,0.75573,0.75582,1.00,4.69
2017.03.08 10:58:33.428,0.75573,0.7558,1.00,1.00
2017.03.08 10:58:34.249,0.75573,0.75581,1.00,3.75
2017.03.08 10:58:52.861,0.75573,0.7558,1.00,1.50
2017.03.08 10:58:55.654,0.75573,0.75581,1.00,3.37
2017.03.08 10:58:56.445,0.75573,0.7558,1.00,1.50
2017.03.08 10:58:57.349,0.75571,0.75579,1.69,1.00
2017.03.08 10:58:58.090,0.75571,0.7558,1.25,3.37
2017.03.08 10:58:58.713,0.75571,0.75579,1.25,1.00
2017.03.08 10:58:59.299,0.75571,0.7558,1.25,6.75
2017.03.08 10:58:59.837,0.75571,0.75579,1.25,1.00
2017.03.08 10:59:00.040,0.7557,0.75579,1.50,4.69
2017.03.08 10:59:00.235,0.75569,0.75579,4.12,3.19
2017.03.08 10:59:00.852,0.7557,0.75579,1.00,6.19
2017.03.08 10:59:01.380,0.75569,0.75579,1.50,6.19
2017.03.08 10:59:09.547,0.75569,0.75578,3.00,1.50
2017.03.08 10:59:12.757,0.75569,0.75577,2.25,1.00
2017.03.08 10:59:16.961,0.75569,0.75579,1.87,3.56
2017.03.08 10:59:19.339,0.7557,0.75579,1.00,2.81
2017.03.08 10:59:19.860,0.7557,0.75578,1.00,1.00
2017.03.08 10:59:20.423,0.75571,0.7558,1.00,4.31
2017.03.08 10:59:21.028,0.7557,0.75579,2.25,1.25
2017.03.08 10:59:24.323,0.75571,0.75579,1.00,1.25
2017.03.08 10:59:28.991,0.75571,0.7558,1.50,4.31
2017.03.08 10:59:31.278,0.75571,0.7558,1.50,3.19
2017.03.08 10:59:31.783,0.75572,0.7558,1.00,3.19
2017.03.08 10:59:36.553,0.75574,0.7558,1.00,2.25
2017.03.08 10:59:36.705,0.75573,0.75582,1.50,1.31
2017.03.08 10:59:38.464,0.75573,0.7558,1.00,1.50
2017.03.08 10:59:43.746,0.75573,0.75582,1.00,3.19
2017.03.08 10:59:53.528,0.75572,0.75582,2.25,4.31
2017.03.08 10:59:55.557,0.75572,0.75581,2.25,1.50
2017.03.08 10:59:57.903,0.75573,0.75581,1.00,1.87
2017.03.08 10:59:58.405,0.75573,0.75582,1.00,3.56
2017.03.08 10:59:58.923,0.75573,0.75582,1.00,1.69
