2017.03.29 13:00:00.291,0.76563,0.76573,4.50,4.12
2017.03.29 13:00:00.651,0.76563,0.76571,1.50,1.00
2017.03.29 13:00:01.196,0.76564,0.76572,1.00,2.25
2017.03.29 13:00:01.778,0.76562,0.76569,1.87,2.25
2017.03.29 13:00:02.082,0.76558,0.76564,1.19,1.00
2017.03.29 13:00:02.183,0.76558,0.76566,1.19,3.00
2017.03.29 13:00:02.853,0.76558,0.76565,1.19,1.00
2017.03.29 13:00:04.259,0.76561,0.76568,1.69,1.75
2017.03.29 13:00:04.310,0.76562,0.76568,2.25,1.00
2017.03.29 13:00:04.412,0.76562,0.7657,3.00,1.00
2017.03.29 13:00:04.614,0.76563,0.76572,4.31,1.00
2017.03.29 13:00:05.159,0.76564,0.76571,1.00,1.00
2017.03.29 13:00:16.187,0.76564,0.7657,2.25,1.00
2017.03.29 13:00:16.690,0.76564,0.76572,5.44,1.00
2017.03.29 13:00:17.096,0.76566,0.76572,2.25,1.00
2017.03.29 13:00:17.147,0.76566,0.76574,2.62,1.50
2017.03.29 13:00:17.691,0.76566,0.76573,3.00,1.00
2017.03.29 13:00:19.058,0.76568,0.76575,1.00,1.00
2017.03.29 13:00:20.652,0.76568,0.76574,2.25,1.00
2017.03.29 13:00:22.148,0.76569,0.76574,1.00,1.00
2017.03.29 13:00:22.528,0.76567,0.76574,3.00,1.00
2017.03.29 13:00:23.030,0.76566,0.76573,1.69,1.00
2017.03.29 13:00:23.540,0.76565,0.76573,1.25,1.00
2017.03.29 13:00:26.280,0.76566,0.76573,1.00,1.00
2017.03.29 13:00:26.785,0.76565,0.76573,3.19,1.00
2017.03.29 13:00:27.541,0.76566,0.76573,1.00,1.00
2017.03.29 13:00:27.743,0.76568,0.76575,1.00,1.37
2017.03.29 13:00:28.200,0.76566,0.76574,3.19,1.00
2017.03.29 13:00:28.717,0.76565,0.76573,3.37,1.00
2017.03.29 13:00:29.139,0.76565,0.76571,1.00,1.00
2017.03.29 13:00:29.657,0.76563,0.7657,4.31,1.00
2017.03.29 13:00:30.181,0.76564,0.76571,2.44,1.00
2017.03.29 13:00:30.874,0.76565,0.76571,1.50,1.00
2017.03.29 13:00:31.446,0.76564,0.76571,1.69,1.00
2017.03.29 13:00:34.156,0.76564,0.7657,1.00,1.00
2017.03.29 13:00:34.760,0.76562,0.7657,3.56,1.00
2017.03.29 13:00:38.863,0.76562,0.76569,1.69,1.00
2017.03.29 13:00:39.892,0.76562,0.76566,1.00,1.00
2017.03.29 13:00:39.943,0.7656,0.76565,3.00,1.00
2017.03.29 13:00:40.095,0.76557,0.76563,3.19,1.00
2017.03.29 13:00:40.558,0.76557,0.76565,2.25,1.00
2017.03.29 13:00:41.064,0.76558,0.76566,1.00,1.00
2017.03.29 13:00:41.595,0.76558,0.76567,1.00,3.00
2017.03.29 13:00:41.746,0.76557,0.76565,1.69,1.00
2017.03.29 13:00:42.296,0.76556,0.76564,3.94,1.00
2017.03.29 13:00:44.813,0.76556,0.76565,2.44,1.00
2017.03.29 13:00:45.116,0.76561,0.76567,1.50,1.87
2017.03.29 13:00:45.269,0.76559,0.76568,6.19,1.00
2017.03.29 13:00:45.796,0.76559,0.76567,3.19,1.00
2017.03.29 13:00:46.202,0.76559,0.76565,2.25,1.00
2017.03.29 13:00:46.708,0.76558,0.76565,1.25,1.00
2017.03.29 13:00:46.759,0.76556,0.76565,4.69,1.00
2017.03.29 13:00:48.030,0.76557,0.76565,1.50,1.00
2017.03.29 13:00:48.549,0.76558,0.76565,2.44,1.00
2017.03.29 13:00:49.079,0.76559,0.76565,1.00,1.00
2017.03.29 13:00:50.229,0.76559,0.76567,1.00,1.12
2017.03.29 13:00:50.859,0.76558,0.76567,1.69,1.12
2017.03.29 13:00:51.549,0.76559,0.76568,1.50,4.12
2017.03.29 13:00:51.701,0.7656,0.76569,1.50,1.87
2017.03.29 13:00:52.106,0.76561,0.76571,1.00,4.50
2017.03.29 13:00:52.345,0.7656,0.76569,7.50,1.00
2017.03.29 13:00:52.992,0.7656,0.76569,4.87,1.12
2017.03.29 13:00:53.321,0.76563,0.76571,1.00,1.00
2017.03.29 13:00:53.833,0.76563,0.76572,1.00,1.12
2017.03.29 13:00:56.012,0.76563,0.76571,1.50,1.00
2017.03.29 13:00:56.519,0.76563,0.76572,3.00,2.62
2017.03.29 13:00:57.043,0.76564,0.76572,1.50,1.87
2017.03.29 13:00:57.616,0.76565,0.76574,1.00,1.87
2017.03.29 13:00:57.718,0.76565,0.76574,1.00,1.00
2017.03.29 13:00:58.385,0.76565,0.76573,1.50,1.50
2017.03.29 13:00:58.487,0.76564,0.76572,1.00,3.37
2017.03.29 13:00:58.792,0.76559,0.76568,1.25,4.50
2017.03.29 13:00:58.944,0.76558,0.76566,1.00,1.37
2017.03.29 13:01:00.292,0.76561,0.76566,1.00,1.37
2017.03.29 13:01:00.444,0.76562,0.7657,1.00,1.37
2017.03.29 13:01:00.596,0.76562,0.76572,1.00,3.75
2017.03.29 13:01:01.079,0.76564,0.76572,1.00,1.00
2017.03.29 13:01:01.434,0.76565,0.76575,2.62,2.62
2017.03.29 13:01:01.990,0.76568,0.76575,1.00,2.62
2017.03.29 13:01:03.318,0.76566,0.76575,1.00,1.50
2017.03.29 13:01:04.767,0.76566,0.76574,1.00,1.00
2017.03.29 13:01:05.271,0.76566,0.76576,1.00,5.62
2017.03.29 13:01:06.051,0.76566,0.76574,1.00,1.00
2017.03.29 13:01:06.339,0.76567,0.76576,1.00,1.12
2017.03.29 13:01:07.923,0.76567,0.76576,1.00,2.62
2017.03.29 13:01:10.008,0.76567,0.76574,1.00,1.50
2017.03.29 13:01:13.140,0.76567,0.76575,1.00,3.00
2017.03.29 13:01:21.261,0.76567,0.76574,1.00,1.50
2017.03.29 13:01:21.463,0.76565,0.76574,3.75,1.50
2017.03.29 13:01:22.948,0.76564,0.76574,2.81,3.00
2017.03.29 13:01:23.461,0.76564,0.76574,2.81,2.62
2017.03.29 13:01:24.406,0.76564,0.76574,3.56,2.62
2017.03.29 13:01:25.084,0.76564,0.76569,2.81,1.87
2017.03.29 13:01:25.287,0.76559,0.76567,2.81,2.25
2017.03.29 13:01:25.739,0.76557,0.76567,5.25,2.25
2017.03.29 13:01:26.884,0.76558,0.76567,1.00,3.75
2017.03.29 13:01:31.967,0.76558,0.76567,1.00,1.50
2017.03.29 13:01:32.529,0.76557,0.76567,1.50,1.50
2017.03.29 13:01:33.036,0.76558,0.76567,1.00,3.37
2017.03.29 13:01:34.402,0.76557,0.76567,1.35,3.75
2017.03.29 13:01:36.560,0.76557,0.76566,1.00,1.12
2017.03.29 13:01:36.661,0.76556,0.76563,1.50,1.00
2017.03.29 13:01:36.712,0.76554,0.76563,8.44,1.00
2017.03.29 13:01:37.044,0.76552,0.76562,3.94,2.25
2017.03.29 13:01:37.297,0.76552,0.76561,1.69,1.37
2017.03.29 13:01:38.567,0.76551,0.76559,1.87,1.87
2017.03.29 13:01:38.719,0.76548,0.76555,3.00,1.12
2017.03.29 13:01:39.227,0.76549,0.76558,1.00,5.62
2017.03.29 13:01:39.329,0.76549,0.76558,1.00,3.37
2017.03.29 13:01:39.984,0.76551,0.76558,1.00,1.00
2017.03.29 13:01:40.513,0.7655,0.76559,1.50,1.12
2017.03.29 13:01:40.837,0.76554,0.76562,1.00,1.12
2017.03.29 13:01:41.411,0.76555,0.76563,1.00,4.87
2017.03.29 13:01:44.052,0.76554,0.76562,1.00,1.87
2017.03.29 13:01:44.365,0.76551,0.7656,1.50,3.37
2017.03.29 13:01:44.878,0.7655,0.76559,1.69,1.12
2017.03.29 13:01:45.182,0.76552,0.7656,1.87,1.00
2017.03.29 13:01:45.435,0.76553,0.76562,1.00,1.50
2017.03.29 13:01:51.012,0.76554,0.76562,1.87,1.12
2017.03.29 13:01:51.536,0.76554,0.76564,2.62,4.12
2017.03.29 13:01:52.077,0.76554,0.76564,1.87,3.37
2017.03.29 13:01:53.218,0.76554,0.76564,3.37,1.50
2017.03.29 13:01:54.001,0.76554,0.76564,3.37,1.00
2017.03.29 13:01:58.661,0.76554,0.76564,1.00,1.87
2017.03.29 13:02:00.341,0.76555,0.76563,1.00,1.12
2017.03.29 13:02:01.315,0.76554,0.76563,3.00,1.12
2017.03.29 13:02:05.992,0.76554,0.76564,3.00,3.75
2017.03.29 13:02:07.990,0.76555,0.76564,1.12,1.00
2017.03.29 13:02:08.508,0.76555,0.76566,2.62,4.87
2017.03.29 13:02:09.073,0.76556,0.76566,3.00,3.75
2017.03.29 13:02:09.601,0.76556,0.76566,2.25,3.00
2017.03.29 13:02:11.261,0.76556,0.76566,2.25,3.75
2017.03.29 13:02:13.533,0.76556,0.76564,2.25,1.00
2017.03.29 13:02:14.461,0.76556,0.76565,3.75,1.12
2017.03.29 13:02:18.160,0.76556,0.76566,3.37,9.56
2017.03.29 13:02:18.438,0.76555,0.76564,4.87,1.12
2017.03.29 13:02:18.943,0.76557,0.76565,1.00,1.37
2017.03.29 13:02:19.098,0.76557,0.76565,1.00,1.12
2017.03.29 13:02:22.219,0.76557,0.76565,1.00,2.44
2017.03.29 13:02:22.371,0.76555,0.76563,2.25,1.00
2017.03.29 13:02:41.093,0.76554,0.76561,2.25,1.00
2017.03.29 13:02:45.545,0.76555,0.76562,4.50,1.00
2017.03.29 13:02:45.596,0.76556,0.76564,2.25,1.50
2017.03.29 13:02:46.103,0.76555,0.76563,1.87,1.00
2017.03.29 13:02:57.705,0.76556,0.76563,1.00,1.00
2017.03.29 13:02:58.083,0.76556,0.76565,3.75,1.00
2017.03.29 13:03:01.270,0.76555,0.76563,1.87,1.00
2017.03.29 13:03:01.775,0.76555,0.76563,1.12,1.00
2017.03.29 13:03:02.663,0.76556,0.76565,1.00,1.12
2017.03.29 13:03:02.967,0.7656,0.76566,1.50,1.00
2017.03.29 13:03:03.120,0.76563,0.76571,2.25,1.50
2017.03.29 13:03:03.221,0.76564,0.76572,1.00,1.50
2017.03.29 13:03:03.570,0.76564,0.76568,1.00,1.00
2017.03.29 13:03:03.621,0.76563,0.76572,4.87,2.25
2017.03.29 13:03:03.773,0.76563,0.7657,2.25,1.50
2017.03.29 13:03:03.824,0.76563,0.76572,1.87,2.25
2017.03.29 13:03:04.786,0.76562,0.76572,1.87,1.00
2017.03.29 13:03:05.290,0.76562,0.7657,1.87,1.00
2017.03.29 13:03:08.146,0.76561,0.76571,7.12,1.00
2017.03.29 13:03:09.305,0.76562,0.76572,1.00,5.25
2017.03.29 13:03:09.609,0.76557,0.76566,2.25,2.62
2017.03.29 13:03:09.659,0.76556,0.76566,4.50,2.62
2017.03.29 13:03:10.169,0.76556,0.76565,2.25,1.12
2017.03.29 13:03:22.724,0.76555,0.76564,3.00,1.00
2017.03.29 13:03:23.365,0.76555,0.76563,1.87,1.00
2017.03.29 13:03:24.473,0.76554,0.76563,3.00,1.50
2017.03.29 13:03:26.375,0.76554,0.76563,4.50,1.00
2017.03.29 13:03:43.954,0.76554,0.76561,2.25,1.00
2017.03.29 13:03:55.574,0.76554,0.76562,3.37,1.00
2017.03.29 13:03:56.179,0.76556,0.76562,1.00,1.00
2017.03.29 13:03:59.555,0.76557,0.76562,1.00,1.00
2017.03.29 13:04:05.381,0.76557,0.76564,1.00,1.12
2017.03.29 13:04:05.911,0.76556,0.76565,1.12,1.00
2017.03.29 13:04:11.558,0.76556,0.76566,2.62,2.62
2017.03.29 13:04:11.659,0.76557,0.76564,1.00,1.00
2017.03.29 13:04:12.201,0.76556,0.76564,1.87,1.00
2017.03.29 13:04:12.807,0.76555,0.76563,3.37,1.00
2017.03.29 13:04:16.431,0.76556,0.76566,3.00,4.50
2017.03.29 13:04:18.600,0.76556,0.76564,2.25,1.00
2017.03.29 13:04:19.221,0.76556,0.76566,2.25,4.12
2017.03.29 13:04:22.267,0.76559,0.76567,1.20,1.50
2017.03.29 13:04:22.369,0.76561,0.76569,1.00,4.12
2017.03.29 13:04:22.600,0.7656,0.76567,1.00,1.12
2017.03.29 13:04:22.853,0.76556,0.76565,5.10,1.00
2017.03.29 13:04:23.107,0.76556,0.76565,6.22,1.00
2017.03.29 13:04:23.874,0.76559,0.76567,2.40,1.50
2017.03.29 13:04:23.925,0.7656,0.76568,8.55,4.50
2017.03.29 13:04:24.027,0.76561,0.7657,2.25,1.50
2017.03.29 13:04:24.128,0.76562,0.7657,1.50,1.00
2017.03.29 13:04:24.746,0.76566,0.76572,1.50,1.00
2017.03.29 13:04:24.847,0.76567,0.76574,1.00,1.50
2017.03.29 13:04:24.949,0.76571,0.76577,1.12,2.25
2017.03.29 13:04:25.000,0.76572,0.76578,2.47,1.00
2017.03.29 13:04:25.051,0.76575,0.76579,1.12,1.00
2017.03.29 13:04:25.152,0.76575,0.76584,1.00,2.62
2017.03.29 13:04:25.203,0.76578,0.76584,1.00,1.12
2017.03.29 13:04:25.406,0.76578,0.76586,1.00,1.87
2017.03.29 13:04:25.709,0.7658,0.76587,1.00,3.37
2017.03.29 13:04:26.927,0.76579,0.76586,1.00,1.50
2017.03.29 13:04:28.136,0.76578,0.76586,1.87,1.87
2017.03.29 13:04:28.680,0.76581,0.76587,1.00,1.50
2017.03.29 13:04:28.832,0.76583,0.7659,1.50,1.00
2017.03.29 13:04:29.035,0.76584,0.76592,1.12,1.00
2017.03.29 13:04:29.525,0.76587,0.76593,1.00,3.75
2017.03.29 13:04:30.055,0.76585,0.76593,1.50,3.00
2017.03.29 13:04:30.572,0.76587,0.76593,1.00,1.00
2017.03.29 13:04:31.623,0.76588,0.76593,1.00,1.00
2017.03.29 13:04:33.652,0.76587,0.76593,1.00,1.00
2017.03.29 13:04:35.053,0.76588,0.76593,1.00,1.00
2017.03.29 13:04:35.306,0.76588,0.76595,1.00,8.44
2017.03.29 13:04:35.976,0.76588,0.76596,1.00,2.25
2017.03.29 13:04:36.247,0.76592,0.76597,1.00,1.00
2017.03.29 13:04:36.349,0.7659,0.76598,1.87,2.25
2017.03.29 13:04:36.477,0.76592,0.76599,1.00,1.37
2017.03.29 13:04:36.579,0.76594,0.76601,1.12,4.12
2017.03.29 13:04:36.782,0.76593,0.76598,1.50,1.00
2017.03.29 13:04:36.884,0.76591,0.76599,5.62,2.25
2017.03.29 13:04:37.086,0.76593,0.76601,1.00,1.12
2017.03.29 13:04:37.531,0.76594,0.76603,1.12,1.00
2017.03.29 13:04:38.054,0.76595,0.76604,1.12,2.06
2017.03.29 13:04:38.569,0.76595,0.76602,2.25,1.00
2017.03.29 13:04:39.081,0.76595,0.76603,2.25,1.00
2017.03.29 13:04:39.611,0.76596,0.76605,1.00,2.81
2017.03.29 13:04:40.126,0.76595,0.76605,1.87,3.56
2017.03.29 13:04:40.710,0.76596,0.76605,1.87,4.69
2017.03.29 13:04:41.216,0.76595,0.76603,3.37,1.00
2017.03.29 13:04:44.970,0.76596,0.76603,1.00,1.00
2017.03.29 13:04:45.514,0.76595,0.76603,3.37,1.00
2017.03.29 13:04:45.687,0.76594,0.76598,2.25,1.00
2017.03.29 13:04:45.789,0.7659,0.76596,1.87,1.00
2017.03.29 13:04:45.840,0.7659,0.76598,1.50,1.87
2017.03.29 13:04:45.891,0.7659,0.76596,1.00,1.00
2017.03.29 13:04:46.196,0.76595,0.76599,1.87,1.00
2017.03.29 13:04:46.247,0.76599,0.76604,1.37,2.25
2017.03.29 13:04:46.348,0.76603,0.76607,1.00,1.00
2017.03.29 13:04:46.513,0.76607,0.76611,2.25,2.25
2017.03.29 13:04:46.566,0.76609,0.76615,1.12,1.30
2017.03.29 13:04:46.971,0.76609,0.76618,1.00,5.06
2017.03.29 13:04:47.549,0.76609,0.76617,1.00,1.00
2017.03.29 13:04:48.461,0.76609,0.76618,1.00,1.50
2017.03.29 13:04:49.214,0.76609,0.76618,1.00,5.62
2017.03.29 13:04:49.777,0.76609,0.76618,1.00,7.87
2017.03.29 13:04:50.987,0.76608,0.76616,2.62,1.00
2017.03.29 13:04:51.731,0.76609,0.76617,2.25,1.37
2017.03.29 13:04:51.934,0.7661,0.76615,1.00,1.37
2017.03.29 13:04:52.188,0.76608,0.76615,2.25,1.37
2017.03.29 13:04:52.771,0.76607,0.76615,3.00,1.37
2017.03.29 13:04:57.546,0.76608,0.76615,2.25,1.87
2017.03.29 13:04:58.552,0.76608,0.76615,4.12,1.00
2017.03.29 13:04:59.093,0.76606,0.76615,5.25,1.50
2017.03.29 13:05:00.825,0.76606,0.76615,2.62,4.31
2017.03.29 13:05:00.928,0.76606,0.76612,1.50,1.00
2017.03.29 13:05:00.979,0.76603,0.76612,4.87,1.12
2017.03.29 13:05:01.334,0.76605,0.76613,3.00,1.50
2017.03.29 13:05:01.536,0.76605,0.76614,3.00,1.12
2017.03.29 13:05:02.168,0.76608,0.76615,1.00,1.37
2017.03.29 13:05:04.159,0.76607,0.76615,1.12,1.37
2017.03.29 13:05:04.979,0.76606,0.76614,4.12,1.12
2017.03.29 13:05:05.485,0.76605,0.76614,1.00,3.00
2017.03.29 13:05:06.867,0.76605,0.76609,1.00,1.50
2017.03.29 13:05:06.968,0.76602,0.76608,1.12,1.50
2017.03.29 13:05:07.120,0.766,0.76608,1.50,3.37
2017.03.29 13:05:07.640,0.766,0.76606,1.00,1.00
2017.03.29 13:05:08.155,0.766,0.76607,1.00,1.00
2017.03.29 13:05:09.360,0.76599,0.76608,1.00,3.00
2017.03.29 13:05:09.468,0.76601,0.76609,1.50,2.62
2017.03.29 13:05:09.772,0.76604,0.7661,1.12,1.00
2017.03.29 13:05:10.076,0.766,0.76607,1.37,1.37
2017.03.29 13:05:10.228,0.76597,0.76604,1.50,1.00
2017.03.29 13:05:11.324,0.76597,0.76605,1.12,1.12
2017.03.29 13:05:11.847,0.76597,0.76606,3.37,1.50
2017.03.29 13:05:12.712,0.76597,0.76605,3.37,1.00
2017.03.29 13:05:15.636,0.76598,0.76606,1.00,1.00
2017.03.29 13:05:15.737,0.76598,0.76606,2.62,1.00
2017.03.29 13:05:15.990,0.76601,0.76609,1.00,1.00
2017.03.29 13:05:16.092,0.76602,0.7661,1.37,1.12
2017.03.29 13:05:16.599,0.76602,0.76611,1.12,1.50
2017.03.29 13:05:17.310,0.76603,0.76611,1.00,1.50
2017.03.29 13:05:17.856,0.76603,0.76612,1.35,1.50
2017.03.29 13:05:18.387,0.76604,0.76612,1.00,1.00
2017.03.29 13:05:18.959,0.76603,0.76612,1.35,1.00
2017.03.29 13:05:19.466,0.76603,0.76611,1.00,2.25
2017.03.29 13:05:19.995,0.76603,0.76608,1.00,1.00
2017.03.29 13:05:20.197,0.76598,0.76605,2.25,1.00
2017.03.29 13:05:20.900,0.76598,0.76604,1.12,1.00
2017.03.29 13:05:21.407,0.76597,0.76604,1.00,1.00
2017.03.29 13:05:22.517,0.76596,0.76604,1.50,1.00
2017.03.29 13:05:26.503,0.76595,0.76604,1.25,1.00
2017.03.29 13:05:32.437,0.76598,0.76606,1.00,3.75
2017.03.29 13:05:36.053,0.76597,0.76606,1.00,3.75
2017.03.29 13:05:39.612,0.76597,0.76606,1.00,3.00
2017.03.29 13:05:42.499,0.76598,0.76606,1.00,2.62
2017.03.29 13:05:47.358,0.766,0.76607,1.00,2.62
2017.03.29 13:05:47.884,0.766,0.76607,1.00,1.87
2017.03.29 13:05:49.176,0.76599,0.76607,1.00,1.12
2017.03.29 13:05:50.751,0.76601,0.76608,1.00,1.87
2017.03.29 13:05:50.903,0.76603,0.76611,1.00,1.50
2017.03.29 13:05:51.448,0.76604,0.76613,1.50,2.62
2017.03.29 13:05:52.142,0.76605,0.76613,1.00,2.62
2017.03.29 13:05:52.651,0.76605,0.76613,1.00,2.25
2017.03.29 13:05:53.413,0.76605,0.76614,1.50,3.00
2017.03.29 13:05:54.683,0.76605,0.76614,1.87,1.37
2017.03.29 13:05:55.291,0.76605,0.76614,1.12,1.50
2017.03.29 13:05:55.753,0.76607,0.76615,1.12,2.25
2017.03.29 13:05:56.259,0.76606,0.76615,1.87,1.12
2017.03.29 13:05:56.772,0.76606,0.76614,1.12,1.50
2017.03.29 13:05:58.568,0.76608,0.76614,1.00,1.50
2017.03.29 13:06:00.074,0.76607,0.76614,1.00,1.50
2017.03.29 13:06:02.743,0.76607,0.76615,1.00,3.00
2017.03.29 13:06:08.462,0.76608,0.76615,1.50,1.00
2017.03.29 13:06:09.164,0.76608,0.76616,1.50,2.06
2017.03.29 13:06:09.749,0.76608,0.76616,1.50,2.81
2017.03.29 13:06:19.999,0.76608,0.76616,1.50,1.00
2017.03.29 13:06:25.001,0.76608,0.76617,1.87,1.50
2017.03.29 13:06:25.650,0.76609,0.76617,1.00,1.00
2017.03.29 13:06:26.187,0.7661,0.76617,1.00,1.00
2017.03.29 13:06:27.355,0.76609,0.76617,1.50,1.00
2017.03.29 13:06:28.217,0.76613,0.76617,1.12,1.00
2017.03.29 13:06:28.319,0.76614,0.7662,1.00,1.00
2017.03.29 13:06:28.471,0.76611,0.76619,1.12,1.50
2017.03.29 13:06:28.522,0.76611,0.76618,1.50,1.12
2017.03.29 13:06:28.624,0.76611,0.76618,1.00,1.12
2017.03.29 13:06:29.671,0.76608,0.76617,1.87,1.00
2017.03.29 13:06:29.723,0.76608,0.76616,1.87,1.87
2017.03.29 13:06:30.027,0.76613,0.76617,1.00,1.00
2017.03.29 13:06:30.079,0.76612,0.7662,1.50,1.50
2017.03.29 13:06:30.180,0.76614,0.76621,1.12,3.37
2017.03.29 13:06:30.433,0.76614,0.76623,1.50,3.00
2017.03.29 13:06:30.484,0.76614,0.7662,1.00,2.25
2017.03.29 13:06:30.687,0.76611,0.76619,1.50,4.87
2017.03.29 13:06:30.990,0.76611,0.76617,1.50,1.00
2017.03.29 13:06:31.282,0.76609,0.76619,1.00,5.44
2017.03.29 13:06:31.383,0.76609,0.76616,1.00,1.00
2017.03.29 13:06:31.687,0.76611,0.76618,1.00,1.00
2017.03.29 13:06:32.277,0.76611,0.76619,1.00,6.94
2017.03.29 13:06:33.580,0.76614,0.76619,1.00,2.25
2017.03.29 13:06:33.735,0.76614,0.76622,1.50,1.50
2017.03.29 13:06:34.836,0.76616,0.76622,1.00,1.00
2017.03.29 13:06:35.207,0.76616,0.76624,1.00,2.62
2017.03.29 13:06:35.309,0.76618,0.76624,1.00,3.37
2017.03.29 13:06:35.816,0.76617,0.76623,1.50,1.00
2017.03.29 13:06:35.867,0.76617,0.76625,2.25,3.00
2017.03.29 13:06:35.968,0.76617,0.76621,1.50,1.00
2017.03.29 13:06:36.328,0.76616,0.76622,1.00,1.00
2017.03.29 13:06:36.884,0.76614,0.76621,1.37,1.00
2017.03.29 13:06:37.205,0.76615,0.76623,1.12,1.00
2017.03.29 13:06:37.732,0.76614,0.76622,2.62,1.00
2017.03.29 13:06:41.573,0.76615,0.76623,1.37,1.00
2017.03.29 13:06:43.323,0.76617,0.76623,1.00,1.00
2017.03.29 13:06:44.376,0.76616,0.76623,1.12,1.00
2017.03.29 13:06:46.384,0.76616,0.76625,1.12,1.50
2017.03.29 13:06:48.406,0.76617,0.76625,1.00,1.00
2017.03.29 13:06:48.925,0.76616,0.76625,1.12,1.00
2017.03.29 13:06:52.139,0.76617,0.76624,1.50,1.00
2017.03.29 13:06:52.190,0.76617,0.76622,1.00,1.00
2017.03.29 13:06:52.242,0.76617,0.76624,1.37,1.00
2017.03.29 13:06:52.343,0.76616,0.76624,1.00,3.00
2017.03.29 13:06:53.459,0.76617,0.76625,1.00,2.62
2017.03.29 13:06:59.485,0.76618,0.76625,1.00,3.00
2017.03.29 13:07:00.578,0.76618,0.76626,1.00,3.37
2017.03.29 13:07:01.122,0.76619,0.76626,1.00,1.12
2017.03.29 13:07:06.818,0.76616,0.76625,2.25,1.00
2017.03.29 13:07:07.389,0.76616,0.7662,1.00,1.00
2017.03.29 13:07:07.440,0.76613,0.76619,2.25,1.12
2017.03.29 13:07:07.542,0.76611,0.76617,1.50,1.00
2017.03.29 13:07:07.694,0.76608,0.76617,2.62,1.50
2017.03.29 13:07:08.622,0.76608,0.76616,1.12,1.00
2017.03.29 13:07:14.585,0.76607,0.76615,2.62,2.25
2017.03.29 13:07:15.160,0.76607,0.76616,2.62,3.75
2017.03.29 13:07:15.673,0.76607,0.76616,2.25,2.25
2017.03.29 13:07:18.559,0.76606,0.76617,1.50,8.25
2017.03.29 13:07:18.812,0.76606,0.76615,2.25,1.87
2017.03.29 13:07:19.116,0.76604,0.76611,1.00,1.00
2017.03.29 13:07:19.641,0.76603,0.76612,3.37,1.00
2017.03.29 13:07:22.961,0.76602,0.76612,1.50,2.25
2017.03.29 13:07:23.264,0.76603,0.76609,1.00,1.00
2017.03.29 13:07:23.798,0.76603,0.76611,3.37,1.37
2017.03.29 13:07:23.849,0.76603,0.76612,2.62,1.50
2017.03.29 13:07:24.612,0.76604,0.76613,1.00,3.75
2017.03.29 13:07:35.227,0.76605,0.76613,1.50,1.12
2017.03.29 13:07:35.842,0.76605,0.76614,2.62,2.62
2017.03.29 13:07:39.842,0.76604,0.76614,3.00,2.25
2017.03.29 13:07:43.357,0.76604,0.76613,2.25,2.25
2017.03.29 13:07:46.555,0.76605,0.76612,1.00,1.12
2017.03.29 13:07:49.665,0.76604,0.76612,1.50,1.00
2017.03.29 13:07:51.155,0.76602,0.76611,2.25,4.12
2017.03.29 13:07:51.206,0.76602,0.76611,2.25,2.62
2017.03.29 13:07:51.358,0.76602,0.76611,1.50,1.00
2017.03.29 13:07:52.133,0.76603,0.76611,1.00,1.00
2017.03.29 13:07:52.995,0.76603,0.76612,1.00,2.62
2017.03.29 13:07:53.550,0.76604,0.76612,1.00,2.62
2017.03.29 13:07:56.488,0.76604,0.76613,1.00,7.87
2017.03.29 13:07:59.349,0.76603,0.76613,3.00,7.12
2017.03.29 13:08:03.914,0.76602,0.76609,1.12,1.50
2017.03.29 13:08:04.117,0.76597,0.76606,1.87,1.87
2017.03.29 13:08:04.622,0.76596,0.76606,1.00,1.87
2017.03.29 13:08:05.370,0.76595,0.76606,3.94,3.37
2017.03.29 13:08:07.216,0.76597,0.76605,1.00,2.25
2017.03.29 13:08:07.748,0.76597,0.76606,1.00,1.50
2017.03.29 13:08:08.326,0.76597,0.76606,1.00,2.25
2017.03.29 13:08:11.326,0.76598,0.76605,1.00,1.00
2017.03.29 13:08:11.875,0.76599,0.76605,1.00,1.00
2017.03.29 13:08:11.926,0.76597,0.76605,1.00,3.37
2017.03.29 13:08:11.978,0.76595,0.76605,3.94,3.75
2017.03.29 13:08:13.794,0.76596,0.76604,1.87,1.87
2017.03.29 13:08:13.946,0.76597,0.76603,1.00,1.50
2017.03.29 13:08:14.048,0.76597,0.76604,1.50,1.00
2017.03.29 13:08:16.047,0.76598,0.76604,1.80,1.00
2017.03.29 13:08:16.250,0.76602,0.76609,1.00,1.00
2017.03.29 13:08:16.756,0.76603,0.76611,1.50,1.87
2017.03.29 13:08:16.807,0.76603,0.76611,1.50,1.50
2017.03.29 13:08:17.418,0.76603,0.76612,3.75,1.12
2017.03.29 13:08:17.984,0.76604,0.76612,1.00,1.12
2017.03.29 13:08:18.498,0.76604,0.76611,1.00,1.00
2017.03.29 13:08:19.118,0.76603,0.76611,3.00,1.00
2017.03.29 13:08:21.247,0.76604,0.76611,1.00,1.00
2017.03.29 13:08:23.589,0.76604,0.7661,1.00,1.00
2017.03.29 13:08:23.640,0.76604,0.76612,1.00,1.12
2017.03.29 13:08:29.862,0.76604,0.76612,2.25,1.00
2017.03.29 13:08:31.932,0.76604,0.76612,1.00,1.00
2017.03.29 13:08:37.156,0.76603,0.7661,2.25,1.00
2017.03.29 13:08:39.241,0.76603,0.7661,1.50,1.00
2017.03.29 13:08:39.494,0.76597,0.76604,6.37,1.00
2017.03.29 13:08:40.015,0.76595,0.76604,4.12,1.12
2017.03.29 13:08:45.703,0.76595,0.76604,1.87,1.00
2017.03.29 13:08:47.117,0.76596,0.76604,1.00,1.00
2017.03.29 13:08:47.665,0.76596,0.76605,2.25,2.62
2017.03.29 13:08:50.662,0.76595,0.76606,1.87,4.87
2017.03.29 13:08:51.545,0.76597,0.76605,1.00,1.12
2017.03.29 13:08:59.798,0.76597,0.76607,3.37,3.75
2017.03.29 13:09:00.311,0.76597,0.76607,4.12,3.00
2017.03.29 13:09:00.816,0.76599,0.76607,1.00,3.00
2017.03.29 13:09:01.694,0.766,0.7661,3.75,1.37
2017.03.29 13:09:01.744,0.76603,0.76611,1.00,3.75
2017.03.29 13:09:02.284,0.76603,0.76611,1.00,3.75
2017.03.29 13:09:02.593,0.76605,0.76612,1.00,3.00
2017.03.29 13:09:03.101,0.76605,0.76612,1.00,1.87
2017.03.29 13:09:03.268,0.76602,0.76611,1.50,1.50
2017.03.29 13:09:03.778,0.76602,0.76612,1.50,4.12
2017.03.29 13:09:04.287,0.76602,0.76611,3.00,1.50
2017.03.29 13:09:04.540,0.76604,0.76611,1.00,1.50
2017.03.29 13:09:05.137,0.76604,0.76612,1.00,1.00
2017.03.29 13:09:05.668,0.76604,0.76612,1.12,1.50
2017.03.29 13:09:06.173,0.76603,0.76612,1.50,1.50
2017.03.29 13:09:07.017,0.76604,0.76613,1.00,4.12
2017.03.29 13:09:10.693,0.76604,0.76612,1.00,3.37
2017.03.29 13:09:15.058,0.76604,0.76609,1.00,1.87
2017.03.29 13:09:15.159,0.766,0.76607,2.25,1.00
2017.03.29 13:09:15.261,0.76599,0.76607,1.50,1.37
2017.03.29 13:09:16.358,0.76597,0.76606,1.00,3.00
2017.03.29 13:09:23.215,0.76597,0.76606,1.00,5.62
2017.03.29 13:09:23.367,0.76595,0.76604,4.50,1.00
2017.03.29 13:09:26.335,0.76596,0.76604,1.00,1.00
2017.03.29 13:09:31.021,0.76597,0.76604,1.00,1.00
2017.03.29 13:09:32.588,0.76597,0.76605,1.50,1.00
2017.03.29 13:09:33.251,0.76597,0.76606,1.12,1.00
2017.03.29 13:09:33.555,0.76599,0.76606,1.00,1.00
2017.03.29 13:09:37.387,0.76599,0.76608,1.00,6.19
2017.03.29 13:09:38.897,0.76599,0.76606,1.00,1.50
2017.03.29 13:09:44.551,0.76597,0.76606,1.12,2.62
2017.03.29 13:09:44.888,0.76596,0.76605,1.50,2.62
2017.03.29 13:09:45.423,0.76595,0.76604,1.00,4.87
2017.03.29 13:09:46.006,0.76593,0.76603,4.69,1.87
2017.03.29 13:09:46.697,0.76593,0.76602,2.81,1.50
2017.03.29 13:09:47.856,0.76593,0.76602,1.31,1.50
2017.03.29 13:09:48.160,0.76592,0.76601,4.31,1.37
2017.03.29 13:09:48.761,0.76592,0.76601,2.81,1.00
2017.03.29 13:09:56.925,0.76592,0.76599,2.81,1.00
2017.03.29 13:10:04.725,0.76592,0.76599,2.25,1.00
2017.03.29 13:10:07.051,0.76592,0.76601,1.50,1.87
2017.03.29 13:10:13.751,0.76591,0.76601,6.00,1.12
2017.03.29 13:10:14.253,0.76593,0.76601,1.87,1.00
2017.03.29 13:10:23.504,0.76592,0.766,3.75,1.00
2017.03.29 13:10:24.909,0.76592,0.76596,3.00,1.00
2017.03.29 13:10:25.061,0.76588,0.76595,3.75,1.00
2017.03.29 13:10:25.112,0.76588,0.76595,1.87,1.00
2017.03.29 13:10:25.526,0.76586,0.76595,4.87,1.00
2017.03.29 13:10:26.042,0.76586,0.76595,4.50,1.12
2017.03.29 13:10:27.549,0.76588,0.76595,1.00,1.00
2017.03.29 13:10:27.600,0.7659,0.76597,1.87,1.50
2017.03.29 13:10:27.802,0.76593,0.76601,1.00,2.25
2017.03.29 13:10:27.853,0.76595,0.76601,1.00,2.25
2017.03.29 13:10:30.832,0.76595,0.76602,1.00,1.00
2017.03.29 13:10:33.360,0.76595,0.76601,1.00,1.00
2017.03.29 13:10:33.512,0.76594,0.76603,1.00,3.00
2017.03.29 13:10:34.016,0.76595,0.76603,1.00,3.00
2017.03.29 13:10:37.159,0.76596,0.76603,1.00,1.00
2017.03.29 13:10:42.389,0.76595,0.76603,1.00,1.00
2017.03.29 13:10:42.903,0.76596,0.76603,1.00,1.00
2017.03.29 13:10:48.016,0.76596,0.76602,1.00,1.00
2017.03.29 13:10:48.219,0.76594,0.76601,1.12,1.00
2017.03.29 13:11:00.109,0.76595,0.76602,1.00,1.00
2017.03.29 13:11:02.598,0.76596,0.76602,1.00,1.00
2017.03.29 13:11:03.224,0.76597,0.76602,1.00,1.00
2017.03.29 13:11:03.762,0.76596,0.76602,1.00,1.00
2017.03.29 13:11:12.311,0.76595,0.76603,1.12,1.12
2017.03.29 13:11:12.362,0.76595,0.76601,1.12,1.00
2017.03.29 13:11:12.910,0.76594,0.76601,1.50,1.00
2017.03.29 13:11:27.620,0.76593,0.76601,3.75,1.00
2017.03.29 13:11:28.314,0.76593,0.766,3.75,1.00
2017.03.29 13:11:28.623,0.76595,0.766,1.00,1.00
2017.03.29 13:11:29.624,0.76593,0.766,3.75,1.00
2017.03.29 13:11:35.819,0.76592,0.766,1.50,1.00
2017.03.29 13:11:37.077,0.76592,0.76598,1.00,1.00
2017.03.29 13:11:37.381,0.76587,0.76592,1.00,1.12
2017.03.29 13:11:37.584,0.76584,0.76592,1.00,1.00
2017.03.29 13:11:38.241,0.76585,0.76592,1.00,1.00
2017.03.29 13:11:38.783,0.76584,0.76592,2.25,1.00
2017.03.29 13:11:53.934,0.76584,0.76591,1.00,1.00
2017.03.29 13:11:57.943,0.76582,0.7659,2.25,1.00
2017.03.29 13:12:05.243,0.76584,0.7659,1.00,1.00
2017.03.29 13:12:05.754,0.76584,0.76591,1.87,1.00
2017.03.29 13:12:06.260,0.76585,0.76592,1.00,1.00
2017.03.29 13:12:08.545,0.76584,0.76592,1.50,1.00
2017.03.29 13:12:09.074,0.76584,0.76591,1.50,1.00
2017.03.29 13:12:09.418,0.76584,0.76589,1.00,1.00
2017.03.29 13:12:09.683,0.76583,0.76591,2.25,1.12
2017.03.29 13:12:10.568,0.76583,0.76589,1.00,1.00
2017.03.29 13:12:12.158,0.76582,0.76589,1.50,1.00
2017.03.29 13:12:13.963,0.76582,0.76591,1.00,1.50
2017.03.29 13:12:14.515,0.76582,0.76591,3.37,1.50
2017.03.29 13:12:15.060,0.76584,0.76591,1.00,1.00
2017.03.29 13:12:15.603,0.76584,0.76592,1.00,1.87
2017.03.29 13:12:16.119,0.76584,0.7659,1.00,1.00
2017.03.29 13:12:17.400,0.76583,0.76587,1.00,1.00
2017.03.29 13:12:17.502,0.7658,0.76585,1.00,1.00
2017.03.29 13:12:17.603,0.76577,0.76584,1.87,1.00
2017.03.29 13:12:19.109,0.76578,0.76584,1.00,1.00
2017.03.29 13:12:23.192,0.7658,0.76587,1.50,1.00
2017.03.29 13:12:23.547,0.76582,0.76588,1.00,1.00
2017.03.29 13:12:23.800,0.7658,0.76588,1.00,1.50
2017.03.29 13:12:24.003,0.76583,0.76591,1.00,2.62
2017.03.29 13:12:24.509,0.76584,0.76591,1.00,1.00
2017.03.29 13:12:25.595,0.76583,0.76591,1.50,1.00
2017.03.29 13:12:26.456,0.76583,0.76589,1.50,1.00
2017.03.29 13:12:26.763,0.76575,0.76583,5.44,1.00
2017.03.29 13:12:27.271,0.76575,0.76583,2.44,1.00
2017.03.29 13:12:37.723,0.76574,0.76582,2.62,1.00
2017.03.29 13:12:41.537,0.76574,0.76582,3.37,1.00
2017.03.29 13:12:42.017,0.76573,0.7658,2.25,1.00
2017.03.29 13:12:46.878,0.76574,0.76583,2.25,1.87
2017.03.29 13:12:47.030,0.76576,0.76585,2.62,1.12
2017.03.29 13:12:49.294,0.76576,0.76583,1.50,1.00
2017.03.29 13:12:50.531,0.76575,0.76583,2.62,1.00
2017.03.29 13:12:51.655,0.76575,0.76582,2.62,1.00
2017.03.29 13:12:52.213,0.76574,0.76582,1.87,1.00
2017.03.29 13:12:52.935,0.76573,0.76581,3.75,1.00
2017.03.29 13:12:53.346,0.76571,0.76576,2.25,1.50
2017.03.29 13:12:53.397,0.76567,0.76574,3.75,1.12
2017.03.29 13:12:53.912,0.76567,0.76574,1.50,1.50
2017.03.29 13:12:54.435,0.76566,0.76574,1.50,1.12
2017.03.29 13:12:54.959,0.76567,0.76574,1.87,1.00
2017.03.29 13:12:55.454,0.76568,0.76576,1.87,1.00
2017.03.29 13:12:55.505,0.7657,0.76578,1.00,1.87
2017.03.29 13:12:55.608,0.76571,0.7658,2.62,3.00
2017.03.29 13:12:56.111,0.7657,0.76579,4.87,1.00
2017.03.29 13:12:56.408,0.7657,0.76576,1.87,1.00
2017.03.29 13:12:56.611,0.76565,0.76572,6.00,1.00
2017.03.29 13:12:56.713,0.76564,0.7657,2.62,1.00
2017.03.29 13:12:56.865,0.76564,0.76571,1.00,1.50
2017.03.29 13:12:57.393,0.76563,0.76571,2.62,1.50
2017.03.29 13:12:58.086,0.76563,0.76572,1.00,1.87
2017.03.29 13:13:00.905,0.76564,0.76572,1.50,1.87
2017.03.29 13:13:00.956,0.76566,0.76573,1.00,1.50
2017.03.29 13:13:01.137,0.76565,0.76574,3.37,1.00
2017.03.29 13:13:01.648,0.76566,0.76574,1.50,1.00
2017.03.29 13:13:02.164,0.76566,0.76573,1.00,1.00
2017.03.29 13:13:02.642,0.76568,0.76576,1.50,2.62
2017.03.29 13:13:03.026,0.76566,0.76574,1.00,1.00
2017.03.29 13:13:03.330,0.7657,0.76576,1.87,1.00
2017.03.29 13:13:03.381,0.7657,0.76579,3.00,1.50
2017.03.29 13:13:03.433,0.76571,0.7658,1.00,1.00
2017.03.29 13:13:03.939,0.76572,0.76582,4.12,2.25
2017.03.29 13:13:04.445,0.76572,0.76582,3.37,2.25
2017.03.29 13:13:05.686,0.76572,0.76582,3.37,1.00
2017.03.29 13:13:08.741,0.76574,0.76582,1.50,1.00
2017.03.29 13:13:15.367,0.76573,0.76582,1.12,1.12
2017.03.29 13:13:15.418,0.76572,0.7658,3.00,1.00
2017.03.29 13:13:15.721,0.7657,0.76578,2.25,1.00
2017.03.29 13:13:15.924,0.76568,0.76577,4.87,3.00
2017.03.29 13:13:16.025,0.76568,0.76576,2.62,3.37
2017.03.29 13:13:16.127,0.76566,0.76575,2.62,1.87
2017.03.29 13:13:16.761,0.76567,0.76575,1.50,1.12
2017.03.29 13:13:17.488,0.76565,0.76575,3.75,1.12
2017.03.29 13:13:27.634,0.76567,0.76575,1.87,1.12
2017.03.29 13:13:27.736,0.7657,0.76578,2.40,1.50
2017.03.29 13:13:27.837,0.76571,0.7658,1.50,3.75
2017.03.29 13:13:27.888,0.76571,0.76577,1.00,1.00
2017.03.29 13:13:28.110,0.76569,0.76577,1.00,1.27
2017.03.29 13:13:28.648,0.76568,0.76577,1.00,1.12
2017.03.29 13:13:29.259,0.76568,0.76576,1.00,1.00
2017.03.29 13:13:29.802,0.76568,0.76578,1.00,3.37
2017.03.29 13:13:30.462,0.76567,0.76578,4.50,4.87
2017.03.29 13:13:32.423,0.76568,0.76577,1.00,1.12
2017.03.29 13:13:32.972,0.76567,0.76576,2.25,3.37
2017.03.29 13:13:36.257,0.76568,0.76576,1.00,1.37
2017.03.29 13:13:36.744,0.76572,0.76576,1.00,1.00
2017.03.29 13:13:36.846,0.76572,0.7658,1.50,1.12
2017.03.29 13:13:36.999,0.76573,0.76581,4.12,1.00
2017.03.29 13:13:37.101,0.76574,0.76583,1.12,1.50
2017.03.29 13:13:37.754,0.76574,0.76584,1.87,3.00
2017.03.29 13:13:41.860,0.76574,0.76584,3.37,2.25
2017.03.29 13:13:43.535,0.76574,0.76582,1.00,1.00
2017.03.29 13:13:43.588,0.76572,0.76581,1.00,3.37
2017.03.29 13:13:44.194,0.76572,0.76581,1.00,3.00
2017.03.29 13:13:50.970,0.76572,0.76582,1.50,4.12
2017.03.29 13:13:55.316,0.76573,0.76582,1.50,1.00
2017.03.29 13:13:55.961,0.76573,0.76583,2.25,1.00
2017.03.29 13:13:56.062,0.76575,0.76583,1.00,1.00
2017.03.29 13:13:58.219,0.76577,0.76583,1.00,2.25
2017.03.29 13:13:58.522,0.76579,0.76586,1.00,1.00
2017.03.29 13:13:58.724,0.76577,0.76587,1.12,1.50
2017.03.29 13:13:58.826,0.76579,0.76587,1.00,1.12
2017.03.29 13:13:59.129,0.76581,0.76587,1.00,1.12
2017.03.29 13:13:59.281,0.76581,0.7659,1.00,2.62
2017.03.29 13:13:59.869,0.76581,0.7659,1.00,1.12
2017.03.29 13:14:02.290,0.7658,0.76588,1.12,2.62
2017.03.29 13:14:06.579,0.76581,0.76589,1.00,1.87
2017.03.29 13:14:07.120,0.76581,0.76589,1.12,1.00
2017.03.29 13:14:07.646,0.76584,0.76589,1.00,1.00
2017.03.29 13:14:07.748,0.76584,0.76592,1.00,1.50
2017.03.29 13:14:07.950,0.76582,0.76592,1.87,1.50
2017.03.29 13:14:08.001,0.76582,0.76589,1.87,2.25
2017.03.29 13:14:08.153,0.7658,0.76589,4.50,1.12
2017.03.29 13:14:08.699,0.76581,0.7659,1.12,2.62
2017.03.29 13:14:09.212,0.76581,0.7659,1.12,1.12
2017.03.29 13:14:10.976,0.76581,0.76589,1.00,1.50
2017.03.29 13:14:11.078,0.76579,0.76589,1.00,3.75
2017.03.29 13:14:11.616,0.76578,0.76586,2.62,1.00
2017.03.29 13:14:11.869,0.76575,0.76585,3.56,3.00
2017.03.29 13:14:23.529,0.76574,0.76583,3.75,1.00
2017.03.29 13:14:24.030,0.76574,0.76583,3.37,1.00
2017.03.29 13:14:26.113,0.76575,0.76583,1.00,1.00
2017.03.29 13:14:26.520,0.76573,0.76577,2.25,1.00
2017.03.29 13:14:26.673,0.76569,0.76577,1.87,2.62
2017.03.29 13:14:26.948,0.76568,0.76576,1.00,1.12
2017.03.29 13:14:27.668,0.76569,0.76575,1.00,3.00
2017.03.29 13:14:28.136,0.76567,0.76576,2.25,1.87
2017.03.29 13:14:28.594,0.76573,0.76579,1.00,1.87
2017.03.29 13:14:29.000,0.76574,0.76582,1.00,2.62
2017.03.29 13:14:29.051,0.76577,0.76583,1.00,1.37
2017.03.29 13:14:29.559,0.76576,0.76585,1.00,1.75
2017.03.29 13:14:31.856,0.76576,0.76585,1.00,1.37
2017.03.29 13:14:34.967,0.76574,0.76579,1.50,1.12
2017.03.29 13:14:35.220,0.76567,0.76574,1.12,1.50
2017.03.29 13:14:36.488,0.76567,0.76575,1.00,1.87
2017.03.29 13:14:36.998,0.76566,0.76574,1.00,1.12
2017.03.29 13:14:37.765,0.76565,0.76574,1.00,3.00
2017.03.29 13:14:38.069,0.76567,0.76575,1.00,1.12
2017.03.29 13:14:38.373,0.76569,0.76577,1.87,1.00
2017.03.29 13:14:38.686,0.76572,0.76578,1.00,2.62
2017.03.29 13:14:38.838,0.76572,0.76581,1.12,1.87
2017.03.29 13:14:39.041,0.76574,0.76581,1.00,1.87
2017.03.29 13:14:39.198,0.76572,0.76581,1.50,1.87
2017.03.29 13:14:39.815,0.76573,0.76581,1.00,1.87
2017.03.29 13:14:40.575,0.76573,0.76582,1.12,3.19
2017.03.29 13:14:42.959,0.76574,0.76582,1.00,1.31
2017.03.29 13:14:43.664,0.76575,0.76582,1.00,1.00
2017.03.29 13:14:43.766,0.76576,0.76584,1.00,1.25
2017.03.29 13:14:44.628,0.76576,0.76585,1.00,5.62
2017.03.29 13:14:50.972,0.76575,0.76584,1.12,6.75
2017.03.29 13:14:51.022,0.76575,0.76583,1.12,1.37
2017.03.29 13:14:51.588,0.76574,0.76583,1.00,2.62
2017.03.29 13:14:52.137,0.76574,0.76583,1.00,1.00
2017.03.29 13:14:52.687,0.76574,0.76583,1.00,1.87
2017.03.29 13:15:03.574,0.76574,0.76581,1.00,1.50
2017.03.29 13:15:06.536,0.76571,0.76578,1.00,1.50
2017.03.29 13:15:06.688,0.76568,0.76577,1.50,1.37
2017.03.29 13:15:07.231,0.7657,0.76577,1.12,1.37
2017.03.29 13:15:07.535,0.7657,0.76579,1.12,4.87
2017.03.29 13:15:07.987,0.76572,0.76579,1.00,3.37
2017.03.29 13:15:08.038,0.7657,0.76579,1.12,4.12
2017.03.29 13:15:08.517,0.76572,0.76579,1.00,1.12
2017.03.29 13:15:08.821,0.76574,0.76579,1.00,1.00
2017.03.29 13:15:10.179,0.76574,0.76581,1.00,3.00
2017.03.29 13:15:10.381,0.76571,0.76578,1.00,2.25
2017.03.29 13:15:10.584,0.76569,0.76577,1.12,2.62
2017.03.29 13:15:15.045,0.76568,0.76577,1.00,2.62
2017.03.29 13:15:15.583,0.76567,0.76576,1.00,2.25
2017.03.29 13:15:15.634,0.76567,0.76574,1.00,1.50
2017.03.29 13:15:16.914,0.76565,0.76574,1.12,2.25
2017.03.29 13:15:26.373,0.76565,0.76573,1.12,1.50
2017.03.29 13:15:28.242,0.76564,0.76573,1.00,3.75
2017.03.29 13:15:28.446,0.76562,0.76572,3.37,1.87
2017.03.29 13:15:28.954,0.76563,0.76572,1.00,1.50
2017.03.29 13:15:31.372,0.76563,0.76573,1.12,6.00
2017.03.29 13:15:31.524,0.76563,0.76571,1.50,1.00
2017.03.29 13:15:34.871,0.76563,0.7657,1.12,1.00
2017.03.29 13:15:36.166,0.76564,0.7657,1.00,1.00
2017.03.29 13:15:38.553,0.76563,0.7657,1.00,1.00
2017.03.29 13:15:39.073,0.76563,0.76571,1.00,1.12
2017.03.29 13:15:42.494,0.76561,0.76571,3.75,1.00
2017.03.29 13:15:43.949,0.76562,0.76571,1.00,1.00
2017.03.29 13:15:44.929,0.76562,0.76571,2.25,1.00
2017.03.29 13:15:45.454,0.76564,0.76571,1.00,1.00
2017.03.29 13:15:45.960,0.76561,0.76571,6.00,3.00
2017.03.29 13:15:46.765,0.76562,0.7657,1.00,1.00
2017.03.29 13:15:47.268,0.76561,0.7657,4.12,1.00
2017.03.29 13:15:47.968,0.7656,0.76569,1.50,1.00
2017.03.29 13:15:48.927,0.76561,0.76569,1.00,1.12
2017.03.29 13:15:49.930,0.7656,0.76569,4.50,1.12
2017.03.29 13:15:52.300,0.76559,0.76567,3.00,1.12
2017.03.29 13:15:52.604,0.76558,0.76565,1.00,1.00
2017.03.29 13:15:52.706,0.76556,0.76565,3.37,1.00
2017.03.29 13:15:53.240,0.76557,0.76565,1.00,1.00
2017.03.29 13:15:53.763,0.76556,0.76564,1.87,1.00
2017.03.29 13:15:54.415,0.76556,0.76565,1.50,2.62
2017.03.29 13:15:54.805,0.76556,0.76563,1.50,1.00
2017.03.29 13:15:55.954,0.76556,0.76564,1.87,1.00
2017.03.29 13:15:56.460,0.76555,0.76564,2.81,1.00
2017.03.29 13:15:57.946,0.76555,0.76564,1.12,2.62
2017.03.29 13:16:00.049,0.76555,0.76564,2.25,1.00
2017.03.29 13:16:00.739,0.76556,0.76564,1.00,1.00
2017.03.29 13:16:01.741,0.76555,0.76564,3.75,1.00
2017.03.29 13:16:02.321,0.76556,0.76565,1.50,1.00
2017.03.29 13:16:04.344,0.76557,0.76566,1.00,3.37
2017.03.29 13:16:07.504,0.76561,0.76566,1.00,1.50
2017.03.29 13:16:07.758,0.76561,0.76572,2.62,6.00
2017.03.29 13:16:08.012,0.76562,0.76572,1.87,3.37
2017.03.29 13:16:08.063,0.76562,0.76572,1.87,3.37
2017.03.29 13:16:10.537,0.76564,0.76572,1.00,1.87
2017.03.29 13:16:11.043,0.76563,0.76573,1.12,1.87
2017.03.29 13:16:11.473,0.76563,0.76571,1.12,1.00
2017.03.29 13:16:12.453,0.76563,0.76573,2.85,3.37
2017.03.29 13:16:12.672,0.76563,0.76573,2.10,3.37
2017.03.29 13:16:18.649,0.76563,0.76573,3.37,3.75
2017.03.29 13:16:19.379,0.76563,0.76573,3.75,3.75
2017.03.29 13:16:19.976,0.76565,0.76573,1.00,2.62
2017.03.29 13:16:22.169,0.76564,0.76571,1.00,1.50
2017.03.29 13:16:29.757,0.76562,0.76571,1.50,1.50
2017.03.29 13:16:30.396,0.76563,0.76571,1.00,1.50
2017.03.29 13:16:30.662,0.76562,0.76569,1.00,1.00
2017.03.29 13:16:31.016,0.76564,0.76572,1.00,2.06
2017.03.29 13:16:32.661,0.76564,0.76571,1.00,1.00
2017.03.29 13:16:32.956,0.76564,0.76569,1.00,1.00
2017.03.29 13:16:33.007,0.7656,0.76568,4.50,2.25
2017.03.29 13:16:33.058,0.7656,0.76564,1.12,1.00
2017.03.29 13:16:33.109,0.76559,0.76564,1.00,1.12
2017.03.29 13:16:33.344,0.76557,0.76564,1.00,1.00
2017.03.29 13:16:34.103,0.76557,0.76564,1.00,1.50
2017.03.29 13:16:35.863,0.76557,0.76564,1.00,1.00
2017.03.29 13:16:41.798,0.76557,0.76565,1.00,1.50
2017.03.29 13:16:43.626,0.76557,0.76566,1.00,1.00
2017.03.29 13:16:44.459,0.76561,0.76567,1.00,2.62
2017.03.29 13:16:44.561,0.76561,0.76569,1.00,1.00
2017.03.29 13:16:44.713,0.76564,0.7657,1.00,1.87
2017.03.29 13:16:45.681,0.76564,0.76571,1.00,1.00
2017.03.29 13:16:46.549,0.76564,0.76572,1.00,2.25
2017.03.29 13:16:49.015,0.76564,0.76573,1.12,2.25
2017.03.29 13:16:51.022,0.76564,0.76571,1.12,1.50
2017.03.29 13:16:51.275,0.76562,0.76571,3.00,2.25
2017.03.29 13:16:52.017,0.76562,0.76573,1.00,9.37
2017.03.29 13:16:52.539,0.76563,0.76573,1.12,5.62
2017.03.29 13:16:52.895,0.76562,0.76571,1.00,1.00
2017.03.29 13:16:53.199,0.76559,0.76565,1.00,1.12
2017.03.29 13:16:53.301,0.76557,0.76565,2.25,1.00
2017.03.29 13:16:54.739,0.76556,0.76565,1.12,1.12
2017.03.29 13:16:55.733,0.76555,0.76563,3.00,1.00
2017.03.29 13:16:56.890,0.76555,0.76565,3.00,1.12
2017.03.29 13:16:58.817,0.76555,0.76564,3.00,1.00
2017.03.29 13:16:59.312,0.76558,0.76564,1.00,1.00
2017.03.29 13:16:59.858,0.76557,0.76565,2.62,1.00
2017.03.29 13:17:00.725,0.7656,0.76567,1.00,1.00
2017.03.29 13:17:00.978,0.76559,0.76569,3.00,2.62
2017.03.29 13:17:01.730,0.7656,0.76569,2.25,2.62
2017.03.29 13:17:04.269,0.7656,0.76568,3.00,1.50
2017.03.29 13:17:04.421,0.76558,0.76567,4.12,1.12
2017.03.29 13:17:04.926,0.76559,0.76568,3.37,4.12
2017.03.29 13:17:05.248,0.76561,0.76568,1.00,1.00
2017.03.29 13:17:05.465,0.76561,0.7657,1.00,1.50
2017.03.29 13:17:06.015,0.76561,0.7657,3.00,1.87
2017.03.29 13:17:06.808,0.76561,0.76568,5.25,1.00
2017.03.29 13:17:07.909,0.76561,0.7657,5.25,2.25
2017.03.29 13:17:08.011,0.76561,0.76568,5.25,1.00
2017.03.29 13:17:08.112,0.76561,0.7657,5.25,2.25
2017.03.29 13:17:08.819,0.76561,0.76569,5.25,1.00
2017.03.29 13:17:09.325,0.76562,0.7657,1.00,1.50
2017.03.29 13:17:09.883,0.76563,0.7657,1.00,2.25
2017.03.29 13:17:11.623,0.76564,0.76573,1.00,3.75
2017.03.29 13:17:12.135,0.76563,0.76571,1.00,1.87
2017.03.29 13:17:12.759,0.76562,0.76571,1.00,5.62
2017.03.29 13:17:13.281,0.76562,0.7657,1.00,1.00
2017.03.29 13:17:15.024,0.76563,0.76571,1.00,3.75
2017.03.29 13:17:15.675,0.76562,0.76571,3.75,1.00
2017.03.29 13:17:15.726,0.76562,0.76572,6.00,1.87
2017.03.29 13:17:17.639,0.76563,0.76573,2.25,2.62
2017.03.29 13:17:19.273,0.76563,0.76573,3.37,1.50
2017.03.29 13:17:19.615,0.76562,0.7657,2.25,1.00
2017.03.29 13:17:20.447,0.76561,0.7657,3.00,1.12
2017.03.29 13:17:21.245,0.76561,0.76569,3.00,1.00
2017.03.29 13:17:22.474,0.76562,0.76569,1.00,1.00
2017.03.29 13:17:27.356,0.76562,0.7657,1.50,1.00
2017.03.29 13:17:27.874,0.76561,0.7657,5.62,1.00
2017.03.29 13:17:28.408,0.76563,0.7657,2.25,1.00
2017.03.29 13:17:29.244,0.76561,0.7657,3.37,1.00
2017.03.29 13:17:29.295,0.76561,0.76567,1.00,1.00
2017.03.29 13:17:29.520,0.76556,0.76566,4.50,1.12
2017.03.29 13:17:30.364,0.76555,0.76566,4.12,1.87
2017.03.29 13:17:32.313,0.76555,0.76564,3.75,1.00
2017.03.29 13:17:34.544,0.76555,0.76563,1.50,1.00
2017.03.29 13:17:37.981,0.76554,0.76563,1.87,1.50
2017.03.29 13:17:38.482,0.76554,0.76562,2.62,1.00
2017.03.29 13:17:43.403,0.76554,0.76562,2.62,1.00
2017.03.29 13:17:44.469,0.76555,0.76563,1.12,1.00
2017.03.29 13:17:45.740,0.76555,0.76564,1.12,1.87
2017.03.29 13:17:46.325,0.76555,0.76563,2.62,1.00
2017.03.29 13:17:51.442,0.76556,0.76563,1.00,1.00
2017.03.29 13:17:51.949,0.76556,0.76564,1.00,1.00
2017.03.29 13:17:52.488,0.76555,0.76564,3.00,1.00
2017.03.29 13:18:04.744,0.76555,0.76563,2.25,1.00
2017.03.29 13:18:05.167,0.76557,0.76563,1.00,1.00
2017.03.29 13:18:05.479,0.76559,0.76567,1.50,2.62
2017.03.29 13:18:05.631,0.76561,0.76567,1.00,1.12
2017.03.29 13:18:06.154,0.76561,0.76569,1.00,2.81
2017.03.29 13:18:06.692,0.76561,0.7657,3.00,1.87
2017.03.29 13:18:07.577,0.76562,0.7657,1.00,1.12
2017.03.29 13:18:07.787,0.7656,0.76568,4.12,1.87
2017.03.29 13:18:08.303,0.7656,0.76567,1.00,1.00
2017.03.29 13:18:08.455,0.7656,0.76569,4.50,1.12
2017.03.29 13:18:09.102,0.76561,0.76569,2.25,1.00
2017.03.29 13:18:09.633,0.7656,0.7657,1.65,2.25
2017.03.29 13:18:13.169,0.76561,0.7657,2.25,2.25
2017.03.29 13:18:13.422,0.7656,0.76568,2.25,1.00
2017.03.29 13:18:13.949,0.76559,0.76568,1.00,3.37
2017.03.29 13:18:17.747,0.7656,0.76568,1.50,1.00
2017.03.29 13:18:18.267,0.7656,0.76568,1.00,2.25
2017.03.29 13:18:18.469,0.76558,0.76568,1.50,2.62
2017.03.29 13:18:22.095,0.7656,0.76567,1.00,1.00
2017.03.29 13:18:22.196,0.7656,0.76569,1.00,5.06
2017.03.29 13:18:22.699,0.7656,0.76569,1.00,4.31
2017.03.29 13:18:23.274,0.7656,0.76569,1.00,3.56
2017.03.29 13:18:23.815,0.7656,0.76569,1.00,2.25
2017.03.29 13:18:25.599,0.7656,0.76569,1.00,3.75
2017.03.29 13:18:26.145,0.7656,0.76568,1.00,1.00
2017.03.29 13:18:26.767,0.7656,0.76569,1.00,4.50
2017.03.29 13:18:27.350,0.7656,0.76568,1.00,1.00
2017.03.29 13:18:27.858,0.7656,0.76567,1.00,1.50
2017.03.29 13:18:28.570,0.76559,0.76567,1.00,1.50
2017.03.29 13:18:33.029,0.7656,0.76569,1.50,1.87
2017.03.29 13:18:33.535,0.7656,0.7657,1.50,3.37
2017.03.29 13:18:33.858,0.7656,0.76567,1.50,1.50
2017.03.29 13:18:34.974,0.76559,0.76568,1.50,1.87
2017.03.29 13:18:35.508,0.7656,0.76569,1.00,4.69
2017.03.29 13:18:36.566,0.76561,0.76569,1.00,1.00
2017.03.29 13:18:37.124,0.76562,0.7657,1.00,1.50
2017.03.29 13:18:44.297,0.76561,0.76568,1.00,1.00
2017.03.29 13:18:44.449,0.76558,0.76568,2.62,3.00
2017.03.29 13:18:46.257,0.7656,0.76568,1.00,3.00
2017.03.29 13:18:46.460,0.7656,0.76569,1.50,1.00
2017.03.29 13:18:46.963,0.7656,0.7657,1.50,2.25
2017.03.29 13:18:47.464,0.7656,0.76569,3.00,1.50
2017.03.29 13:18:48.275,0.7656,0.7657,1.50,2.25
2017.03.29 13:18:48.835,0.76561,0.7657,1.00,2.25
2017.03.29 13:18:49.350,0.76561,0.76569,1.00,1.50
2017.03.29 13:18:51.868,0.76561,0.7657,1.00,1.00
2017.03.29 13:18:51.919,0.76563,0.7657,1.00,1.00
2017.03.29 13:18:56.701,0.76564,0.7657,1.00,1.12
2017.03.29 13:18:57.211,0.76564,0.76573,1.50,3.75
2017.03.29 13:18:57.313,0.76566,0.76573,1.00,1.12
2017.03.29 13:18:57.364,0.76568,0.76575,1.00,2.62
2017.03.29 13:18:57.416,0.76569,0.76575,1.00,3.00
2017.03.29 13:18:57.466,0.76569,0.76574,1.00,1.50
2017.03.29 13:18:57.995,0.76568,0.76574,1.00,1.00
2017.03.29 13:18:59.281,0.76567,0.76574,1.87,1.00
2017.03.29 13:18:59.827,0.76568,0.76575,1.00,1.87
2017.03.29 13:19:03.251,0.76569,0.76575,1.00,1.87
2017.03.29 13:19:05.956,0.76568,0.76576,1.50,3.75
2017.03.29 13:19:08.281,0.76566,0.76575,6.00,1.00
2017.03.29 13:19:08.585,0.76565,0.76573,1.50,1.00
2017.03.29 13:19:09.091,0.76566,0.76574,1.00,1.50
2017.03.29 13:19:10.293,0.76566,0.76573,3.37,1.00
2017.03.29 13:19:10.811,0.76566,0.76574,1.50,1.12
2017.03.29 13:19:17.045,0.76567,0.76574,1.00,1.12
2017.03.29 13:19:18.578,0.76567,0.76572,1.00,1.00
2017.03.29 13:19:19.113,0.76567,0.76574,1.00,1.87
2017.03.29 13:19:21.735,0.76565,0.76572,3.75,1.00
2017.03.29 13:19:22.241,0.76564,0.76571,1.50,1.00
2017.03.29 13:19:22.791,0.76563,0.7657,1.00,1.00
2017.03.29 13:19:23.306,0.76562,0.7657,4.87,1.00
2017.03.29 13:19:23.819,0.76563,0.7657,1.00,1.00
2017.03.29 13:19:24.358,0.76562,0.7657,1.12,1.12
2017.03.29 13:19:25.225,0.76561,0.7657,1.50,1.12
2017.03.29 13:19:26.106,0.76562,0.7657,2.25,1.00
2017.03.29 13:19:30.862,0.76561,0.7657,2.25,2.62
2017.03.29 13:19:32.532,0.76561,0.76568,2.25,2.25
2017.03.29 13:19:32.685,0.76558,0.76567,3.00,1.00
2017.03.29 13:19:33.257,0.76558,0.76567,2.25,1.12
2017.03.29 13:19:33.817,0.76557,0.76567,3.00,1.12
2017.03.29 13:19:35.341,0.76557,0.76567,2.25,2.25
2017.03.29 13:19:36.079,0.76556,0.76566,5.44,1.87
2017.03.29 13:19:36.589,0.76556,0.76566,3.19,1.87
2017.03.29 13:19:37.962,0.76557,0.76566,1.00,1.50
2017.03.29 13:19:38.478,0.76557,0.76566,2.25,1.50
2017.03.29 13:19:53.837,0.76558,0.76566,1.87,1.50
2017.03.29 13:19:54.159,0.76561,0.76566,1.00,1.00
2017.03.29 13:19:54.362,0.76562,0.76568,1.87,1.00
2017.03.29 13:19:54.463,0.76562,0.7657,2.25,1.00
2017.03.29 13:19:57.573,0.76562,0.76568,1.00,1.00
2017.03.29 13:19:57.826,0.76559,0.76567,1.00,1.00
2017.03.29 13:19:58.362,0.76559,0.76567,1.00,1.50
2017.03.29 13:19:58.901,0.76558,0.76567,2.44,3.37
2017.03.29 13:20:00.652,0.76559,0.76567,1.00,2.62
2017.03.29 13:20:02.048,0.76559,0.76567,1.00,2.25
2017.03.29 13:20:04.424,0.76559,0.76567,1.00,2.62
2017.03.29 13:20:04.576,0.76557,0.76567,2.81,4.50
2017.03.29 13:20:06.705,0.76557,0.76566,1.00,1.50
2017.03.29 13:20:16.046,0.76555,0.76566,5.62,4.87
2017.03.29 13:20:16.564,0.76555,0.76566,5.25,6.37
2017.03.29 13:20:16.918,0.76554,0.76564,4.12,2.62
2017.03.29 13:20:17.416,0.76554,0.76563,2.25,1.87
2017.03.29 13:20:18.474,0.76554,0.76563,2.25,1.12
2017.03.29 13:20:20.119,0.76554,0.76562,1.00,1.00
2017.03.29 13:20:21.209,0.76554,0.76562,1.00,1.87
2017.03.29 13:20:21.722,0.76554,0.76562,1.00,1.12
2017.03.29 13:20:24.931,0.76554,0.76562,1.00,1.87
2017.03.29 13:20:25.724,0.76553,0.76563,2.25,4.50
2017.03.29 13:20:28.831,0.76555,0.76563,1.50,3.37
2017.03.29 13:20:29.394,0.76555,0.76563,1.50,1.87
2017.03.29 13:20:30.129,0.76555,0.76564,1.50,1.00
2017.03.29 13:20:30.668,0.76555,0.76565,1.87,5.62
2017.03.29 13:20:31.207,0.76555,0.76565,1.50,3.37
2017.03.29 13:20:35.458,0.76557,0.76564,1.00,1.00
2017.03.29 13:20:35.711,0.76558,0.76566,1.00,3.00
2017.03.29 13:20:36.253,0.76558,0.76566,1.00,4.87
2017.03.29 13:20:36.868,0.76558,0.76566,1.00,4.12
2017.03.29 13:20:37.518,0.76558,0.76566,1.00,4.12
2017.03.29 13:20:39.345,0.76557,0.76565,1.00,1.00
2017.03.29 13:20:43.614,0.76556,0.76565,2.25,1.87
2017.03.29 13:20:44.507,0.76555,0.76564,2.25,1.00
2017.03.29 13:20:45.071,0.76555,0.76564,2.25,1.87
2017.03.29 13:20:46.183,0.76555,0.76564,2.62,1.87
2017.03.29 13:20:47.839,0.76556,0.76565,1.00,1.50
2017.03.29 13:20:49.434,0.76556,0.76565,2.25,1.12
2017.03.29 13:20:51.813,0.76556,0.76565,2.25,1.37
2017.03.29 13:20:56.784,0.76556,0.76566,2.25,3.75
2017.03.29 13:20:57.293,0.76557,0.76566,1.00,3.75
2017.03.29 13:20:57.859,0.76555,0.76563,2.62,1.87
2017.03.29 13:20:58.163,0.76552,0.76558,1.12,2.25
2017.03.29 13:20:58.370,0.76553,0.76562,1.00,6.37
2017.03.29 13:20:58.572,0.76555,0.76562,1.00,2.62
2017.03.29 13:20:59.084,0.76556,0.76562,1.00,1.50
2017.03.29 13:20:59.622,0.76556,0.76563,1.00,2.62
2017.03.29 13:20:59.958,0.76558,0.76566,1.12,7.50
2017.03.29 13:21:00.616,0.76559,0.76566,1.12,1.37
2017.03.29 13:21:01.050,0.76563,0.76567,1.12,1.12
2017.03.29 13:21:01.354,0.76563,0.76571,1.12,1.12
2017.03.29 13:21:01.861,0.76564,0.76572,1.00,1.87
2017.03.29 13:21:02.191,0.76566,0.76573,1.00,2.62
2017.03.29 13:21:04.581,0.76566,0.76574,1.00,2.25
2017.03.29 13:21:05.039,0.76564,0.76572,1.50,1.00
2017.03.29 13:21:05.715,0.76564,0.76573,1.00,3.00
2017.03.29 13:21:06.250,0.76564,0.76573,1.37,1.50
2017.03.29 13:21:06.728,0.76565,0.76572,1.50,1.37
2017.03.29 13:21:07.365,0.76564,0.76572,1.00,1.12
2017.03.29 13:21:07.887,0.76564,0.76573,1.00,5.25
2017.03.29 13:21:08.566,0.76563,0.76573,4.12,4.12
2017.03.29 13:21:08.957,0.76566,0.76573,2.25,1.00
2017.03.29 13:21:09.290,0.76566,0.76575,1.50,3.75
2017.03.29 13:21:09.644,0.76568,0.76575,2.25,1.87
2017.03.29 13:21:11.540,0.76569,0.76577,1.00,2.25
2017.03.29 13:21:12.091,0.76568,0.76576,1.87,2.25
2017.03.29 13:21:12.596,0.76569,0.76575,1.00,1.12
2017.03.29 13:21:14.228,0.76569,0.76575,1.00,1.37
2017.03.29 13:21:14.602,0.7657,0.76578,2.25,3.56
2017.03.29 13:21:15.040,0.7657,0.76578,2.25,3.00
2017.03.29 13:21:18.140,0.76569,0.76578,4.87,3.37
2017.03.29 13:21:19.269,0.7657,0.76578,1.50,2.62
2017.03.29 13:21:19.920,0.7657,0.76578,2.25,1.87
2017.03.29 13:21:21.635,0.76569,0.76578,4.50,1.37
2017.03.29 13:21:28.286,0.76571,0.76577,1.00,1.87
2017.03.29 13:21:29.564,0.76569,0.76578,4.12,2.25
2017.03.29 13:21:30.175,0.7657,0.76578,1.00,1.37
2017.03.29 13:21:34.661,0.76571,0.76578,1.00,3.75
2017.03.29 13:21:36.249,0.7657,0.76578,1.50,6.00
2017.03.29 13:21:36.540,0.76569,0.76575,1.00,1.12
2017.03.29 13:21:37.046,0.76568,0.76575,1.50,1.12
2017.03.29 13:21:37.097,0.76568,0.76576,1.50,1.37
2017.03.29 13:21:38.754,0.76568,0.76577,1.50,2.62
2017.03.29 13:21:39.315,0.76569,0.76577,1.00,3.75
2017.03.29 13:21:39.532,0.76571,0.76577,1.00,3.75
2017.03.29 13:21:40.081,0.7657,0.76577,1.50,4.50
2017.03.29 13:21:41.874,0.76571,0.76577,1.00,1.87
2017.03.29 13:21:42.430,0.7657,0.76577,2.25,1.87
2017.03.29 13:21:43.038,0.76571,0.76577,1.00,1.37
2017.03.29 13:21:43.240,0.76572,0.76578,1.00,3.75
2017.03.29 13:21:43.392,0.76574,0.76579,1.00,1.37
2017.03.29 13:21:43.443,0.76574,0.76581,1.00,2.25
2017.03.29 13:21:43.494,0.76574,0.76582,1.50,1.50
2017.03.29 13:21:43.766,0.76576,0.76583,1.00,1.00
2017.03.29 13:21:44.070,0.76579,0.76586,1.00,1.87
2017.03.29 13:21:44.535,0.76577,0.76584,2.25,1.00
2017.03.29 13:21:44.839,0.76575,0.76584,2.25,1.50
2017.03.29 13:21:45.728,0.76573,0.7658,1.87,1.87
2017.03.29 13:21:46.237,0.76573,0.76581,1.00,1.12
2017.03.29 13:21:46.746,0.76574,0.76582,1.00,1.00
2017.03.29 13:21:48.408,0.76574,0.76583,1.00,1.12
2017.03.29 13:21:49.465,0.76575,0.76583,1.00,1.00
2017.03.29 13:21:49.994,0.76574,0.76583,1.00,2.25
2017.03.29 13:21:55.419,0.76574,0.76581,1.00,1.00
2017.03.29 13:22:00.417,0.76574,0.76581,2.25,1.37
2017.03.29 13:22:00.951,0.76573,0.76581,1.00,1.00
2017.03.29 13:22:01.402,0.76572,0.76576,2.62,1.00
2017.03.29 13:22:01.503,0.76568,0.76573,3.37,1.00
2017.03.29 13:22:01.554,0.76568,0.76575,2.25,1.12
2017.03.29 13:22:01.605,0.76566,0.76574,3.00,1.00
2017.03.29 13:22:01.707,0.76566,0.76572,1.00,1.00
2017.03.29 13:22:02.209,0.76565,0.76574,4.12,1.87
2017.03.29 13:22:02.728,0.76565,0.76574,2.62,1.12
2017.03.29 13:22:04.370,0.76566,0.76574,4.12,1.12
2017.03.29 13:22:04.879,0.76566,0.76575,5.25,1.00
2017.03.29 13:22:05.410,0.76568,0.76575,1.00,1.00
2017.03.29 13:22:06.415,0.76567,0.76575,2.25,1.00
2017.03.29 13:22:07.585,0.76567,0.76574,1.50,1.00
2017.03.29 13:22:07.890,0.76565,0.76574,6.97,1.00
2017.03.29 13:22:09.411,0.76566,0.76574,1.00,1.00
2017.03.29 13:22:10.702,0.76567,0.76574,2.25,1.00
2017.03.29 13:22:11.229,0.76567,0.76575,3.75,1.12
2017.03.29 13:22:17.300,0.76567,0.76573,2.25,1.00
2017.03.29 13:22:17.351,0.76565,0.76572,4.50,1.12
2017.03.29 13:22:17.976,0.76565,0.76571,1.50,1.00
2017.03.29 13:22:18.525,0.76564,0.76571,8.25,1.00
2017.03.29 13:22:19.983,0.76565,0.76571,2.25,1.00
2017.03.29 13:22:20.418,0.76563,0.76567,1.00,1.12
2017.03.29 13:22:20.671,0.76559,0.76565,1.00,1.50
2017.03.29 13:22:20.874,0.76558,0.76563,2.25,1.37
2017.03.29 13:22:20.975,0.76556,0.76564,4.87,1.87
2017.03.29 13:22:21.324,0.76555,0.7656,1.50,1.00
2017.03.29 13:22:21.832,0.76554,0.76561,3.00,1.00
2017.03.29 13:22:22.346,0.76553,0.76561,1.87,1.00
2017.03.29 13:22:23.080,0.76553,0.76561,3.00,1.00
2017.03.29 13:22:25.346,0.76554,0.76561,1.00,1.00
2017.03.29 13:22:27.594,0.76553,0.76561,5.25,1.00
2017.03.29 13:22:28.112,0.76554,0.76562,1.12,1.00
2017.03.29 13:22:29.365,0.76555,0.76562,2.25,1.00
2017.03.29 13:22:29.886,0.76555,0.76561,2.25,1.00
2017.03.29 13:22:31.453,0.76556,0.76561,2.25,1.00
2017.03.29 13:22:32.285,0.76555,0.76561,2.25,1.00
2017.03.29 13:22:32.796,0.76554,0.76561,1.87,1.00
2017.03.29 13:22:35.328,0.76554,0.76562,2.62,1.00
2017.03.29 13:22:41.290,0.76554,0.76561,1.00,1.00
2017.03.29 13:22:41.442,0.76552,0.76561,4.12,1.00
2017.03.29 13:22:49.689,0.76552,0.76561,4.50,1.00
2017.03.29 13:22:50.210,0.76552,0.76561,4.50,1.00
2017.03.29 13:22:50.711,0.76551,0.76558,1.00,1.00
2017.03.29 13:22:50.762,0.76551,0.7656,1.12,1.12
2017.03.29 13:22:51.019,0.7655,0.76557,1.00,1.37
2017.03.29 13:22:51.273,0.76548,0.76555,1.12,1.00
2017.03.29 13:22:51.426,0.76547,0.76553,1.00,1.00
2017.03.29 13:22:52.359,0.76547,0.76554,1.00,1.00
2017.03.29 13:22:54.935,0.76546,0.76554,1.00,1.00
2017.03.29 13:22:55.470,0.76545,0.76553,4.87,1.00
2017.03.29 13:22:56.653,0.76544,0.76553,1.50,1.12
2017.03.29 13:22:57.764,0.76545,0.76553,1.00,1.12
2017.03.29 13:23:00.915,0.76545,0.76554,1.50,1.12
2017.03.29 13:23:01.795,0.76546,0.76555,1.00,4.50
2017.03.29 13:23:02.309,0.76545,0.76554,1.00,1.12
2017.03.29 13:23:02.828,0.76544,0.76553,3.37,1.50
2017.03.29 13:23:03.387,0.76543,0.76553,5.44,1.87
2017.03.29 13:23:03.901,0.76543,0.76552,4.69,1.00
2017.03.29 13:23:04.423,0.76543,0.76553,1.31,4.50
2017.03.29 13:23:05.758,0.76542,0.76553,8.62,5.25
2017.03.29 13:23:09.090,0.76542,0.76552,8.62,1.00
2017.03.29 13:23:09.576,0.76543,0.7655,1.00,1.00
2017.03.29 13:23:10.456,0.76542,0.7655,1.87,1.00
2017.03.29 13:23:15.957,0.76542,0.76551,2.62,1.12
2017.03.29 13:23:16.261,0.76542,0.76549,1.12,1.00
2017.03.29 13:23:21.217,0.76543,0.7655,1.00,1.12
2017.03.29 13:23:21.420,0.76543,0.76552,1.12,1.50
2017.03.29 13:23:21.931,0.76543,0.76552,2.62,1.00
2017.03.29 13:23:22.450,0.76543,0.76552,2.62,1.00
2017.03.29 13:23:23.656,0.76544,0.76552,1.00,1.00
2017.03.29 13:23:28.455,0.76544,0.76554,3.75,1.50
2017.03.29 13:23:29.015,0.76544,0.76554,4.87,1.00
2017.03.29 13:23:29.439,0.76547,0.76556,1.00,3.56
2017.03.29 13:23:29.743,0.76549,0.76555,2.62,1.00
2017.03.29 13:23:29.845,0.76547,0.76555,3.37,1.87
2017.03.29 13:23:30.048,0.76545,0.76555,3.37,1.87
2017.03.29 13:23:30.992,0.76545,0.76554,1.00,2.25
2017.03.29 13:23:32.102,0.76545,0.76555,3.00,3.75
2017.03.29 13:23:32.648,0.76545,0.76554,1.00,2.25
2017.03.29 13:23:37.039,0.76544,0.76554,4.87,2.62
2017.03.29 13:23:38.477,0.76545,0.76554,1.00,1.87
2017.03.29 13:23:42.373,0.76545,0.76555,4.12,3.37
2017.03.29 13:23:42.874,0.76546,0.76555,1.00,3.37
2017.03.29 13:23:53.587,0.76546,0.76554,1.00,1.50
2017.03.29 13:23:54.097,0.76545,0.76554,2.62,1.87
2017.03.29 13:23:58.326,0.76547,0.76555,1.50,3.37
2017.03.29 13:23:58.478,0.76548,0.76556,1.50,1.87
2017.03.29 13:23:58.970,0.76545,0.76556,6.00,1.50
2017.03.29 13:24:00.806,0.76546,0.76554,2.62,1.00
2017.03.29 13:24:02.239,0.76547,0.76554,1.00,1.00
2017.03.29 13:24:02.766,0.76547,0.76555,1.00,1.00
2017.03.29 13:24:03.272,0.76545,0.76554,3.00,1.00
2017.03.29 13:24:03.777,0.76545,0.76553,2.25,1.00
2017.03.29 13:24:06.326,0.76544,0.76548,1.50,2.06
2017.03.29 13:24:06.479,0.76535,0.76543,5.62,1.50
2017.03.29 13:24:06.530,0.76538,0.76543,1.00,1.00
2017.03.29 13:24:06.733,0.76535,0.76542,1.87,1.00
2017.03.29 13:24:07.261,0.76535,0.76543,2.62,1.00
2017.03.29 13:24:11.062,0.76536,0.76543,1.00,1.00
2017.03.29 13:24:11.656,0.76535,0.76543,1.12,1.50
2017.03.29 13:24:12.222,0.76535,0.76542,1.12,1.00
2017.03.29 13:24:12.752,0.76534,0.76541,1.50,1.00
2017.03.29 13:24:15.136,0.76533,0.76541,1.87,1.00
2017.03.29 13:24:18.802,0.76532,0.76541,2.62,3.37
2017.03.29 13:24:18.904,0.76532,0.7654,1.12,1.50
2017.03.29 13:24:19.423,0.76533,0.7654,1.00,1.87
2017.03.29 13:24:20.037,0.76533,0.76538,1.00,1.00
2017.03.29 13:24:20.544,0.76532,0.76538,1.00,1.00
2017.03.29 13:24:21.116,0.76532,0.76539,1.00,1.00
2017.03.29 13:24:21.318,0.76532,0.76541,1.00,3.00
2017.03.29 13:24:22.515,0.76535,0.76541,1.00,3.00
2017.03.29 13:24:23.484,0.76535,0.76542,1.00,1.12
2017.03.29 13:24:23.788,0.76536,0.76543,1.37,2.25
2017.03.29 13:24:24.394,0.76536,0.76544,3.37,1.00
2017.03.29 13:24:25.312,0.76538,0.76545,1.00,1.00
2017.03.29 13:24:27.661,0.76538,0.76544,1.00,1.00
2017.03.29 13:24:28.187,0.76536,0.76544,3.37,1.00
2017.03.29 13:24:28.238,0.76536,0.76546,3.37,4.12
2017.03.29 13:24:29.325,0.76538,0.76546,1.00,1.12
2017.03.29 13:24:31.439,0.76537,0.76546,1.12,1.00
2017.03.29 13:24:33.237,0.76537,0.76545,3.00,1.00
2017.03.29 13:24:33.760,0.76537,0.76546,2.62,1.87
2017.03.29 13:24:40.571,0.76537,0.76545,2.25,1.00
2017.03.29 13:24:41.118,0.76537,0.76546,2.25,1.00
2017.03.29 13:24:50.931,0.76538,0.76546,1.00,1.50
2017.03.29 13:24:51.235,0.7654,0.76547,1.00,1.50
2017.03.29 13:24:54.138,0.76539,0.76547,1.00,1.50
2017.03.29 13:24:54.644,0.76538,0.76546,3.37,1.00
2017.03.29 13:24:56.751,0.76537,0.76546,6.94,1.00
2017.03.29 13:24:57.256,0.76538,0.76547,5.25,1.00
2017.03.29 13:24:57.768,0.76539,0.76546,1.12,1.00
2017.03.29 13:24:58.311,0.76537,0.76546,6.56,1.00
2017.03.29 13:24:59.117,0.76537,0.76546,3.94,2.25
2017.03.29 13:25:00.936,0.76539,0.76546,1.00,2.25
2017.03.29 13:25:09.189,0.7654,0.76547,1.00,1.87
2017.03.29 13:25:09.711,0.7654,0.76547,1.00,1.00
2017.03.29 13:25:10.590,0.7654,0.76547,1.00,1.50
2017.03.29 13:25:11.155,0.7654,0.76547,1.00,1.87
2017.03.29 13:25:13.187,0.76539,0.76547,1.00,1.00
2017.03.29 13:25:15.230,0.76539,0.76546,1.00,1.50
2017.03.29 13:25:16.115,0.76537,0.76546,1.87,2.25
2017.03.29 13:25:16.419,0.76536,0.76544,2.25,1.12
2017.03.29 13:25:16.924,0.76534,0.76544,3.00,1.87
2017.03.29 13:25:18.315,0.76534,0.76543,1.00,1.00
2017.03.29 13:25:18.833,0.76533,0.76542,1.50,1.50
2017.03.29 13:25:19.338,0.76533,0.76541,2.62,1.00
2017.03.29 13:25:19.962,0.76535,0.76541,1.00,1.00
2017.03.29 13:25:20.483,0.76533,0.76541,2.25,1.00
2017.03.29 13:25:20.838,0.76533,0.76541,4.50,1.00
2017.03.29 13:25:21.362,0.76533,0.76542,4.50,1.00
2017.03.29 13:25:24.076,0.76533,0.76543,6.37,1.00
2017.03.29 13:25:30.019,0.76534,0.76542,1.50,1.12
2017.03.29 13:25:30.563,0.76534,0.76543,1.50,1.12
2017.03.29 13:25:35.384,0.76533,0.76543,9.37,1.00
2017.03.29 13:25:36.171,0.76535,0.76543,1.50,1.12
2017.03.29 13:25:44.060,0.76535,0.76544,1.37,1.00
2017.03.29 13:25:44.431,0.76535,0.76542,1.50,1.00
2017.03.29 13:25:45.784,0.76535,0.76542,1.50,1.00
2017.03.29 13:25:48.167,0.76534,0.76542,3.00,1.00
2017.03.29 13:25:55.966,0.76534,0.76544,3.00,1.87
2017.03.29 13:25:56.475,0.76535,0.76544,1.00,1.12
2017.03.29 13:25:57.252,0.76536,0.76545,1.00,2.62
2017.03.29 13:25:58.529,0.76535,0.76544,1.00,1.12
2017.03.29 13:26:00.462,0.76536,0.76545,1.50,1.50
2017.03.29 13:26:01.027,0.76535,0.76545,2.25,1.50
2017.03.29 13:26:03.460,0.76535,0.76545,1.87,1.50
2017.03.29 13:26:04.048,0.76536,0.76545,1.00,1.50
2017.03.29 13:26:04.553,0.76538,0.76546,1.00,1.00
2017.03.29 13:26:04.655,0.76539,0.76548,1.87,4.12
2017.03.29 13:26:04.707,0.76542,0.76548,1.00,3.37
2017.03.29 13:26:05.062,0.76544,0.76552,1.00,1.50
2017.03.29 13:26:06.915,0.76546,0.76552,1.00,1.00
2017.03.29 13:26:07.843,0.76545,0.76552,1.00,2.25
2017.03.29 13:26:08.518,0.76544,0.76552,1.12,1.00
2017.03.29 13:26:09.107,0.76544,0.76553,1.12,3.37
2017.03.29 13:26:10.013,0.76543,0.76552,4.87,1.00
2017.03.29 13:26:12.043,0.76543,0.76552,1.87,4.12
2017.03.29 13:26:12.548,0.76543,0.76552,1.00,5.25
2017.03.29 13:26:13.095,0.76542,0.76552,3.00,6.00
2017.03.29 13:26:14.207,0.76541,0.76548,1.50,1.00
2017.03.29 13:26:14.501,0.76537,0.76546,3.37,1.87
2017.03.29 13:26:15.033,0.76536,0.76546,3.37,1.87
2017.03.29 13:26:15.752,0.76536,0.76545,2.25,1.12
2017.03.29 13:26:16.949,0.76536,0.76544,1.50,1.00
2017.03.29 13:26:17.474,0.76535,0.76544,2.44,1.00
2017.03.29 13:26:18.123,0.76536,0.76544,1.00,1.00
2017.03.29 13:26:22.372,0.76535,0.76544,4.31,1.00
2017.03.29 13:26:23.016,0.76536,0.76544,1.50,1.00
2017.03.29 13:26:23.630,0.76535,0.76544,2.06,1.00
2017.03.29 13:26:24.150,0.76536,0.76544,1.50,1.00
2017.03.29 13:26:32.780,0.76536,0.76543,1.00,1.00
2017.03.29 13:26:33.286,0.76535,0.76544,1.87,1.00
2017.03.29 13:26:33.791,0.76535,0.76544,1.12,1.00
2017.03.29 13:26:35.556,0.76536,0.76544,1.50,1.00
2017.03.29 13:26:36.064,0.76535,0.76544,2.62,1.00
2017.03.29 13:26:37.802,0.76536,0.76544,1.00,1.00
2017.03.29 13:26:40.716,0.76535,0.76544,1.00,1.00
2017.03.29 13:26:41.512,0.76535,0.76544,1.00,1.37
2017.03.29 13:26:45.806,0.76535,0.76544,1.00,1.00
2017.03.29 13:26:46.606,0.76535,0.76543,1.00,1.50
2017.03.29 13:26:47.658,0.76534,0.76543,1.50,1.50
2017.03.29 13:26:48.169,0.76534,0.76544,1.50,3.00
2017.03.29 13:26:49.669,0.76534,0.76543,1.50,1.00
2017.03.29 13:26:50.938,0.76536,0.76543,1.00,2.25
2017.03.29 13:26:53.410,0.76536,0.76542,1.00,1.00
2017.03.29 13:26:53.935,0.76536,0.76543,1.00,2.25
2017.03.29 13:26:54.746,0.76537,0.76543,1.00,2.25
2017.03.29 13:26:55.100,0.76537,0.76545,1.00,3.00
2017.03.29 13:26:55.151,0.76537,0.76543,1.00,1.00
2017.03.29 13:26:55.657,0.76537,0.76544,1.00,1.50
2017.03.29 13:26:56.755,0.76536,0.76544,1.00,1.50
2017.03.29 13:26:57.861,0.76538,0.76545,1.00,1.00
2017.03.29 13:26:58.064,0.76539,0.76547,1.00,1.12
2017.03.29 13:26:58.317,0.76539,0.76547,1.00,3.37
2017.03.29 13:26:58.418,0.76539,0.76547,1.00,1.12
2017.03.29 13:26:59.144,0.76539,0.76546,1.50,1.50
2017.03.29 13:26:59.649,0.76539,0.76548,1.50,3.00
2017.03.29 13:27:03.828,0.76539,0.76546,1.00,2.25
2017.03.29 13:27:04.182,0.76537,0.76545,1.00,1.87
2017.03.29 13:27:04.233,0.76537,0.76543,1.00,1.50
2017.03.29 13:27:04.284,0.76535,0.76543,3.00,1.50
2017.03.29 13:27:05.249,0.76536,0.76543,1.00,1.50
2017.03.29 13:27:05.907,0.76535,0.76544,1.12,2.62
2017.03.29 13:27:06.261,0.76537,0.76544,1.00,1.50
2017.03.29 13:27:06.363,0.76535,0.76544,2.25,1.50
2017.03.29 13:27:07.095,0.76534,0.76542,1.50,1.00
2017.03.29 13:27:07.146,0.76535,0.76544,1.00,3.75
2017.03.29 13:27:07.684,0.76534,0.76543,1.50,1.50
2017.03.29 13:27:08.204,0.76534,0.76543,1.12,1.50
2017.03.29 13:27:08.716,0.76532,0.76542,3.37,1.50
2017.03.29 13:27:09.274,0.76533,0.76541,1.12,1.00
2017.03.29 13:27:09.908,0.76534,0.76541,1.00,2.25
2017.03.29 13:27:10.418,0.76533,0.76541,1.12,1.50
2017.03.29 13:27:11.401,0.76532,0.76541,1.87,1.50
2017.03.29 13:27:11.562,0.76534,0.76542,1.00,1.87
2017.03.29 13:27:13.672,0.76533,0.76541,1.00,1.50
2017.03.29 13:27:14.216,0.76533,0.76542,1.87,2.25
2017.03.29 13:27:15.025,0.76533,0.76543,1.87,7.15
2017.03.29 13:27:16.489,0.76533,0.76542,1.87,1.12
2017.03.29 13:27:17.428,0.76533,0.76541,1.50,1.50
2017.03.29 13:27:18.839,0.76532,0.76536,1.50,2.25
2017.03.29 13:27:18.891,0.76529,0.76535,1.00,1.12
2017.03.29 13:27:19.094,0.76526,0.76535,1.12,2.25
2017.03.29 13:27:19.145,0.76528,0.76535,1.00,1.50
2017.03.29 13:27:19.298,0.76529,0.76537,1.00,6.37
2017.03.29 13:27:19.855,0.76531,0.76539,1.00,1.12
2017.03.29 13:27:20.167,0.76529,0.76536,1.00,1.00
2017.03.29 13:27:20.319,0.76529,0.76538,1.50,3.56
2017.03.29 13:27:20.523,0.76532,0.76538,1.12,1.12
2017.03.29 13:27:20.625,0.76532,0.76541,1.00,2.25
2017.03.29 13:27:21.030,0.76533,0.76542,1.50,2.25
2017.03.29 13:27:22.222,0.76533,0.76543,2.25,1.50
2017.03.29 13:27:22.750,0.76534,0.76543,1.87,1.00
2017.03.29 13:27:23.300,0.76534,0.76544,2.62,3.37
2017.03.29 13:27:23.838,0.76536,0.76544,1.00,2.62
2017.03.29 13:27:24.305,0.76537,0.76545,2.25,1.87
2017.03.29 13:27:24.609,0.76542,0.76548,1.00,1.00
2017.03.29 13:27:25.134,0.76542,0.7655,1.00,1.12
2017.03.29 13:27:25.641,0.76542,0.76552,1.12,5.25
2017.03.29 13:27:25.793,0.76544,0.76552,1.00,4.50
2017.03.29 13:27:26.798,0.76542,0.76551,1.87,1.00
2017.03.29 13:27:27.222,0.76541,0.76551,3.37,1.00
2017.03.29 13:27:29.142,0.76541,0.76551,1.87,2.25
2017.03.29 13:27:29.294,0.7654,0.76546,1.87,1.00
2017.03.29 13:27:29.547,0.76536,0.76546,3.94,1.00
2017.03.29 13:27:30.103,0.76536,0.76546,2.44,1.87
2017.03.29 13:27:30.611,0.76536,0.76547,3.94,2.25
2017.03.29 13:27:31.347,0.76537,0.76547,1.00,1.50
2017.03.29 13:27:31.667,0.76539,0.76548,1.00,2.62
2017.03.29 13:27:31.869,0.7654,0.76548,1.00,1.87
2017.03.29 13:27:32.122,0.76543,0.76549,1.00,1.00
2017.03.29 13:27:32.277,0.76543,0.76552,1.12,5.62
2017.03.29 13:27:32.863,0.76544,0.76552,1.00,3.00
2017.03.29 13:27:33.368,0.76545,0.76553,1.00,1.00
2017.03.29 13:27:33.904,0.76546,0.76553,1.00,1.00
2017.03.29 13:27:34.587,0.76546,0.76554,1.00,2.06
2017.03.29 13:27:41.741,0.76547,0.76555,1.00,1.50
2017.03.29 13:27:42.246,0.76548,0.76556,1.00,1.25
2017.03.29 13:27:42.762,0.76549,0.76557,1.00,1.87
2017.03.29 13:27:43.291,0.76548,0.76557,4.50,1.87
2017.03.29 13:27:45.518,0.76549,0.76558,1.00,3.37
2017.03.29 13:27:46.436,0.7655,0.76558,1.50,1.37
2017.03.29 13:27:46.639,0.76553,0.76558,1.00,1.37
2017.03.29 13:27:46.740,0.76553,0.7656,1.00,1.50
2017.03.29 13:27:47.547,0.76554,0.7656,1.00,1.87
2017.03.29 13:27:47.749,0.76557,0.76563,1.00,1.00
2017.03.29 13:27:48.280,0.76558,0.76564,1.00,1.00
2017.03.29 13:27:48.489,0.76558,0.76566,1.00,3.75
2017.03.29 13:27:48.998,0.76559,0.76567,1.00,3.75
2017.03.29 13:27:49.532,0.76558,0.76567,1.00,3.75
2017.03.29 13:27:50.193,0.76559,0.76567,1.00,2.25
2017.03.29 13:27:50.731,0.7656,0.76568,1.00,2.25
2017.03.29 13:27:51.255,0.7656,0.76569,1.00,6.75
2017.03.29 13:27:51.784,0.76561,0.76569,1.00,4.50
2017.03.29 13:27:52.754,0.76559,0.76569,1.00,7.50
2017.03.29 13:27:53.312,0.76559,0.76568,1.00,1.00
2017.03.29 13:27:53.953,0.76559,0.76568,1.00,2.62
2017.03.29 13:27:54.507,0.76559,0.76567,1.00,4.87
2017.03.29 13:27:55.026,0.76559,0.76566,1.00,1.00
2017.03.29 13:27:55.528,0.76559,0.76567,1.00,4.87
2017.03.29 13:27:56.337,0.76559,0.76566,1.00,2.25
2017.03.29 13:28:02.075,0.76559,0.76567,1.00,2.25
2017.03.29 13:28:03.868,0.7656,0.76568,1.00,5.25
2017.03.29 13:28:04.171,0.76558,0.76568,1.12,4.50
2017.03.29 13:28:05.171,0.76558,0.76568,1.12,6.60
2017.03.29 13:28:05.998,0.76558,0.76568,1.00,6.37
2017.03.29 13:28:07.942,0.76559,0.76569,1.00,10.12
2017.03.29 13:28:07.992,0.76559,0.76568,1.00,3.00
2017.03.29 13:28:08.549,0.76559,0.76567,1.00,1.12
2017.03.29 13:28:08.903,0.76557,0.76566,1.00,1.00
2017.03.29 13:28:09.853,0.76557,0.76565,1.00,1.00
2017.03.29 13:28:10.402,0.76557,0.76566,1.00,3.37
2017.03.29 13:28:11.355,0.76557,0.76565,1.50,1.00
2017.03.29 13:28:13.302,0.76557,0.76566,1.00,2.62
2017.03.29 13:28:15.741,0.76556,0.76566,3.75,4.50
2017.03.29 13:28:25.124,0.76556,0.76565,1.50,1.00
2017.03.29 13:28:25.704,0.76556,0.76566,1.50,3.75
2017.03.29 13:28:30.098,0.76557,0.76566,1.00,1.00
2017.03.29 13:28:30.375,0.76558,0.76567,3.00,1.50
2017.03.29 13:28:36.633,0.76558,0.76566,3.00,2.25
2017.03.29 13:28:36.841,0.76555,0.76565,3.37,2.25
2017.03.29 13:28:37.347,0.76556,0.76565,2.62,1.00
2017.03.29 13:28:37.852,0.76556,0.76565,2.62,1.00
2017.03.29 13:28:38.427,0.76556,0.76566,1.87,1.12
2017.03.29 13:28:39.204,0.76557,0.76566,1.00,1.00
2017.03.29 13:28:41.005,0.76557,0.76565,1.00,1.00
2017.03.29 13:28:42.262,0.76557,0.76564,1.00,1.00
2017.03.29 13:28:42.414,0.76555,0.76564,1.12,1.87
2017.03.29 13:28:46.020,0.76555,0.76565,1.50,1.00
2017.03.29 13:28:46.606,0.76555,0.76566,4.12,2.44
2017.03.29 13:28:47.629,0.76557,0.76566,1.00,2.25
2017.03.29 13:28:54.660,0.76558,0.76567,1.00,2.25
2017.03.29 13:28:54.914,0.76559,0.76568,1.00,2.25
2017.03.29 13:28:57.678,0.76559,0.76566,1.12,1.00
2017.03.29 13:28:58.358,0.76559,0.76567,1.00,1.50
2017.03.29 13:28:58.863,0.76558,0.76567,3.37,1.50
2017.03.29 13:28:59.547,0.76557,0.76566,4.12,1.00
2017.03.29 13:29:00.864,0.76557,0.76567,3.37,3.75
2017.03.29 13:29:01.867,0.76557,0.76567,2.62,4.12
2017.03.29 13:29:03.429,0.76557,0.76566,2.62,1.00
2017.03.29 13:29:09.596,0.76558,0.76567,1.00,2.62
2017.03.29 13:29:13.653,0.76557,0.76565,1.37,1.00
2017.03.29 13:29:19.571,0.76557,0.76565,1.12,1.50
2017.03.29 13:29:20.122,0.76555,0.76563,1.87,1.00
2017.03.29 13:29:20.628,0.76555,0.76562,1.12,1.00
2017.03.29 13:29:21.439,0.76553,0.76562,3.75,1.00
2017.03.29 13:29:23.661,0.76553,0.76561,1.87,1.00
2017.03.29 13:29:24.229,0.76553,0.76562,1.50,1.50
2017.03.29 13:29:27.380,0.76553,0.76561,1.00,1.00
2017.03.29 13:29:36.584,0.76553,0.7656,1.00,1.00
2017.03.29 13:29:39.645,0.76554,0.7656,1.00,1.00
2017.03.29 13:29:40.376,0.76554,0.76562,1.00,1.87
2017.03.29 13:29:40.901,0.76554,0.76562,1.00,1.50
2017.03.29 13:29:41.620,0.76554,0.76561,1.00,1.00
2017.03.29 13:29:42.817,0.76553,0.76561,3.00,2.25
2017.03.29 13:29:44.312,0.76552,0.76561,3.75,1.00
2017.03.29 13:29:45.573,0.76552,0.7656,4.87,1.00
2017.03.29 13:29:46.274,0.76552,0.7656,4.87,1.00
2017.03.29 13:29:48.127,0.76552,0.76561,3.00,1.12
2017.03.29 13:29:48.672,0.76553,0.7656,1.00,1.00
2017.03.29 13:29:53.427,0.76553,0.76558,1.00,1.00
2017.03.29 13:29:53.680,0.76551,0.76557,1.00,1.00
2017.03.29 13:29:53.782,0.76551,0.76555,1.00,1.50
2017.03.29 13:29:54.182,0.76551,0.76557,1.00,1.87
2017.03.29 13:29:54.400,0.76551,0.76555,1.00,1.00
2017.03.29 13:29:54.451,0.76549,0.76555,1.00,1.50
2017.03.29 13:29:54.603,0.76547,0.76555,1.50,1.50
2017.03.29 13:29:54.758,0.7655,0.76555,1.00,1.00
2017.03.29 13:29:55.065,0.76552,0.76556,1.00,1.00
2017.03.29 13:29:55.116,0.76551,0.76557,1.00,1.12
2017.03.29 13:29:55.473,0.76549,0.76557,1.00,1.00
2017.03.29 13:29:57.814,0.76551,0.76557,1.00,1.00
2017.03.29 13:29:58.016,0.76552,0.76559,1.00,1.00
2017.03.29 13:29:58.168,0.76554,0.76559,1.00,1.00
2017.03.29 13:29:59.092,0.76554,0.7656,1.00,1.00
2017.03.29 13:29:59.311,0.76551,0.7656,1.00,1.00
2017.03.29 13:30:00.080,0.76552,0.7656,1.00,1.00
2017.03.29 13:30:00.618,0.76551,0.76559,1.00,1.00
2017.03.29 13:30:01.120,0.76552,0.76559,1.00,1.00
2017.03.29 13:30:01.809,0.76553,0.76559,1.00,1.00
2017.03.29 13:30:06.221,0.76552,0.76559,1.00,1.00
2017.03.29 13:30:06.931,0.76549,0.76557,1.00,1.00
2017.03.29 13:30:07.388,0.76548,0.76557,1.00,5.25
2017.03.29 13:30:07.989,0.76547,0.76554,1.00,1.00
2017.03.29 13:30:08.040,0.76545,0.76554,1.00,1.12
2017.03.29 13:30:09.921,0.76545,0.76553,2.25,1.00
2017.03.29 13:30:14.203,0.76547,0.76553,1.00,1.00
2017.03.29 13:30:14.671,0.76551,0.76555,1.12,1.87
2017.03.29 13:30:14.722,0.76554,0.76558,1.00,3.00
2017.03.29 13:30:14.875,0.76554,0.7656,1.00,1.00
2017.03.29 13:30:15.812,0.76554,0.76561,1.00,1.00
2017.03.29 13:30:20.329,0.76554,0.76562,1.00,1.00
2017.03.29 13:30:21.458,0.76555,0.76562,1.00,1.00
2017.03.29 13:30:21.762,0.76556,0.76564,1.00,1.12
2017.03.29 13:30:23.763,0.76556,0.76566,1.00,3.00
2017.03.29 13:30:24.295,0.76556,0.76566,1.00,2.62
2017.03.29 13:30:27.661,0.76556,0.76565,1.00,1.00
2017.03.29 13:30:29.937,0.76558,0.76565,1.00,1.12
2017.03.29 13:30:30.367,0.76556,0.76565,3.37,1.00
2017.03.29 13:30:30.913,0.76557,0.76565,1.00,1.50
2017.03.29 13:30:32.450,0.76557,0.76564,1.00,1.00
2017.03.29 13:30:33.557,0.76557,0.76565,1.50,1.00
2017.03.29 13:30:34.790,0.76557,0.76564,1.00,1.00
2017.03.29 13:30:35.295,0.76556,0.76564,1.00,1.00
2017.03.29 13:30:39.461,0.76556,0.76562,1.50,1.00
2017.03.29 13:30:43.559,0.76558,0.76562,1.00,1.00
2017.03.29 13:30:44.538,0.76559,0.76563,1.00,1.00
2017.03.29 13:30:45.086,0.76559,0.76563,1.00,1.50
2017.03.29 13:30:45.577,0.76559,0.76565,1.00,1.50
2017.03.29 13:30:46.059,0.76557,0.76565,1.87,1.00
2017.03.29 13:30:46.624,0.76556,0.76564,1.12,1.00
2017.03.29 13:30:47.989,0.76556,0.76565,1.00,1.50
2017.03.29 13:30:52.753,0.76557,0.76565,1.00,1.00
2017.03.29 13:30:53.365,0.76559,0.76566,2.55,1.12
2017.03.29 13:30:53.517,0.76561,0.76569,4.12,1.50
2017.03.29 13:30:53.885,0.76559,0.76568,1.00,1.87
2017.03.29 13:30:54.390,0.76557,0.76567,3.37,2.25
2017.03.29 13:30:54.441,0.76557,0.76565,2.62,1.00
2017.03.29 13:30:54.492,0.76557,0.76565,1.50,1.00
2017.03.29 13:30:55.008,0.76556,0.76564,1.87,1.50
2017.03.29 13:30:55.599,0.76556,0.76562,1.00,1.00
2017.03.29 13:30:55.827,0.76554,0.76562,1.00,1.00
2017.03.29 13:30:59.063,0.76554,0.76561,1.00,1.50
2017.03.29 13:31:00.437,0.76553,0.76561,2.25,2.25
2017.03.29 13:31:00.983,0.76554,0.76561,1.00,1.50
2017.03.29 13:31:01.525,0.76554,0.7656,1.00,1.00
2017.03.29 13:31:02.353,0.76555,0.7656,1.00,1.00
2017.03.29 13:31:03.659,0.76555,0.76561,1.00,1.00
2017.03.29 13:31:05.880,0.76552,0.76559,1.37,1.00
2017.03.29 13:31:06.036,0.76551,0.76558,3.37,1.00
2017.03.29 13:31:06.545,0.7655,0.76558,1.12,1.50
2017.03.29 13:31:08.170,0.76552,0.76558,1.00,1.50
2017.03.29 13:31:08.424,0.76555,0.76563,1.00,3.37
2017.03.29 13:31:13.295,0.76555,0.76564,1.00,5.25
2017.03.29 13:31:14.002,0.76555,0.76563,1.00,1.00
2017.03.29 13:31:14.537,0.76555,0.76564,1.00,3.75
2017.03.29 13:31:15.057,0.76555,0.76563,1.00,1.00
2017.03.29 13:31:15.580,0.76555,0.76564,1.00,5.62
2017.03.29 13:31:16.490,0.76556,0.76564,1.00,1.00
2017.03.29 13:31:16.541,0.76558,0.76564,1.00,1.00
2017.03.29 13:31:17.069,0.76558,0.76565,1.00,1.50
2017.03.29 13:31:17.800,0.76558,0.76566,1.00,1.87
2017.03.29 13:31:20.109,0.76558,0.76567,1.50,1.12
2017.03.29 13:31:20.431,0.76565,0.76573,1.00,6.79
2017.03.29 13:31:22.593,0.76564,0.76573,1.12,2.81
2017.03.29 13:31:25.240,0.76565,0.76573,1.00,3.56
2017.03.29 13:31:25.746,0.76566,0.76573,1.00,2.25
2017.03.29 13:31:26.270,0.76566,0.76574,1.00,1.87
2017.03.29 13:31:30.389,0.76565,0.7657,1.12,1.12
2017.03.29 13:31:30.491,0.76562,0.76569,1.00,1.00
2017.03.29 13:31:31.209,0.76563,0.76569,1.00,1.00
2017.03.29 13:31:31.513,0.76563,0.76571,1.00,3.75
2017.03.29 13:31:31.614,0.76563,0.76568,1.00,1.00
2017.03.29 13:31:31.758,0.76563,0.76571,1.00,3.37
2017.03.29 13:31:31.810,0.76563,0.76569,1.00,1.00
2017.03.29 13:31:32.542,0.76563,0.7657,1.00,1.50
2017.03.29 13:31:32.858,0.76563,0.76568,1.00,1.00
2017.03.29 13:31:32.909,0.76563,0.7657,1.00,1.50
2017.03.29 13:31:33.010,0.76563,0.76568,1.00,1.00
2017.03.29 13:31:33.111,0.76563,0.7657,1.00,1.87
2017.03.29 13:31:33.415,0.76563,0.76568,1.00,1.00
2017.03.29 13:31:33.933,0.76563,0.7657,1.00,2.62
2017.03.29 13:31:34.034,0.76563,0.76568,1.00,1.00
2017.03.29 13:31:34.438,0.76563,0.7657,1.00,4.87
2017.03.29 13:31:34.640,0.76563,0.76568,1.00,1.00
2017.03.29 13:31:34.934,0.76564,0.76572,1.00,4.12
2017.03.29 13:31:36.812,0.76564,0.76573,1.00,8.62
2017.03.29 13:31:37.337,0.76564,0.76572,1.00,1.00
2017.03.29 13:31:37.439,0.76563,0.76571,1.50,1.37
2017.03.29 13:31:37.641,0.76563,0.76572,1.00,3.00
2017.03.29 13:31:38.687,0.76564,0.76572,1.00,2.62
2017.03.29 13:31:39.823,0.76564,0.76573,1.00,4.12
2017.03.29 13:31:42.164,0.76566,0.76572,1.00,1.50
2017.03.29 13:31:42.363,0.76564,0.76571,1.50,1.00
2017.03.29 13:31:42.868,0.76564,0.76572,1.00,2.62
2017.03.29 13:31:44.906,0.76566,0.76572,1.00,3.75
2017.03.29 13:31:44.957,0.76564,0.76572,1.50,3.00
2017.03.29 13:31:45.160,0.76566,0.76572,1.00,2.25
2017.03.29 13:31:45.641,0.76564,0.76572,1.00,2.25
2017.03.29 13:31:47.699,0.76565,0.76572,1.00,1.12
2017.03.29 13:31:48.206,0.76565,0.76573,1.00,4.50
2017.03.29 13:31:48.719,0.76565,0.76572,1.00,1.00
2017.03.29 13:31:49.398,0.76566,0.76572,1.00,1.00
2017.03.29 13:31:50.441,0.76565,0.76571,1.00,1.00
2017.03.29 13:31:52.557,0.76565,0.76573,1.00,7.12
2017.03.29 13:31:53.062,0.76565,0.76572,1.00,1.50
2017.03.29 13:31:54.027,0.76565,0.76573,1.00,8.25
2017.03.29 13:31:54.532,0.76564,0.76572,1.87,1.00
2017.03.29 13:31:55.280,0.76564,0.76573,1.12,3.00
2017.03.29 13:31:55.809,0.76564,0.76572,1.12,1.00
2017.03.29 13:31:58.991,0.76565,0.76572,1.00,3.75
2017.03.29 13:31:59.503,0.76565,0.76571,1.00,1.00
2017.03.29 13:32:07.771,0.76563,0.76571,1.12,1.00
2017.03.29 13:32:08.654,0.76564,0.76571,1.00,1.00
2017.03.29 13:32:08.958,0.76564,0.76573,1.00,1.12
2017.03.29 13:32:11.541,0.76565,0.76575,1.00,7.50
2017.03.29 13:32:12.384,0.76565,0.76575,2.25,6.00
2017.03.29 13:32:12.891,0.76565,0.76574,2.25,1.00
2017.03.29 13:32:13.409,0.76566,0.76574,2.25,1.00
2017.03.29 13:32:14.018,0.76566,0.76574,2.25,1.00
2017.03.29 13:32:14.554,0.76566,0.76575,2.25,3.00
2017.03.29 13:32:16.908,0.76568,0.76575,1.00,2.62
2017.03.29 13:32:20.088,0.76568,0.76574,1.00,1.00
2017.03.29 13:32:20.591,0.76568,0.76576,1.00,3.00
2017.03.29 13:32:21.233,0.7657,0.76576,1.00,1.37
2017.03.29 13:32:21.284,0.76571,0.76579,1.00,3.75
2017.03.29 13:32:21.436,0.76574,0.7658,1.00,3.37
2017.03.29 13:32:21.891,0.76572,0.76579,1.12,2.25
2017.03.29 13:32:22.193,0.76571,0.76578,1.00,1.87
2017.03.29 13:32:22.245,0.76568,0.76577,1.37,1.87
2017.03.29 13:32:22.499,0.76568,0.76577,1.00,3.00
2017.03.29 13:32:25.781,0.76568,0.76576,1.00,4.12
2017.03.29 13:32:26.292,0.76568,0.76576,1.00,3.75
2017.03.29 13:32:26.809,0.76568,0.76574,1.00,1.00
2017.03.29 13:32:27.563,0.76568,0.76575,1.00,2.25
2017.03.29 13:32:29.734,0.76568,0.76576,1.00,3.75
2017.03.29 13:32:32.122,0.76568,0.76577,1.00,5.25
2017.03.29 13:32:32.744,0.76568,0.76577,1.00,6.37
2017.03.29 13:32:33.264,0.76569,0.76576,1.00,1.62
2017.03.29 13:32:34.116,0.76569,0.76576,1.00,2.06
2017.03.29 13:32:36.543,0.76569,0.76575,1.00,1.50
2017.03.29 13:32:37.441,0.76569,0.76576,1.00,3.19
2017.03.29 13:32:45.271,0.76569,0.76576,1.00,2.81
2017.03.29 13:32:50.564,0.76568,0.76575,1.00,1.69
2017.03.29 13:32:50.867,0.7657,0.76576,1.00,2.25
2017.03.29 13:32:51.374,0.7657,0.76577,1.00,1.00
2017.03.29 13:32:54.798,0.76569,0.76577,1.00,2.62
2017.03.29 13:32:55.115,0.7657,0.76575,1.00,1.31
2017.03.29 13:33:03.576,0.7657,0.76577,1.00,3.56
2017.03.29 13:33:03.943,0.7657,0.76578,1.00,6.19
2017.03.29 13:33:04.452,0.76569,0.76578,1.12,5.06
2017.03.29 13:33:05.366,0.76575,0.76579,1.00,4.50
2017.03.29 13:33:05.519,0.76575,0.7658,1.00,4.69
2017.03.29 13:33:06.930,0.76575,0.76582,1.00,2.44
2017.03.29 13:33:08.301,0.76576,0.76582,1.00,1.69
2017.03.29 13:33:08.809,0.76575,0.76582,1.00,1.69
2017.03.29 13:33:16.119,0.76577,0.76582,1.00,1.25
2017.03.29 13:33:16.525,0.76577,0.76585,1.00,4.69
2017.03.29 13:33:17.518,0.76579,0.76585,1.00,2.81
2017.03.29 13:33:18.019,0.76579,0.76585,1.00,1.25
2017.03.29 13:33:18.501,0.76579,0.76587,1.00,5.44
2017.03.29 13:33:19.499,0.7658,0.76587,1.00,3.94
2017.03.29 13:33:20.005,0.76579,0.76587,1.87,3.94
2017.03.29 13:33:20.390,0.76583,0.76587,1.00,1.00
2017.03.29 13:33:20.492,0.76584,0.76591,1.00,5.81
2017.03.29 13:33:21.424,0.76585,0.76591,1.00,1.19
2017.03.29 13:33:22.044,0.76583,0.76591,1.87,1.19
2017.03.29 13:33:22.214,0.76585,0.76591,1.00,1.19
2017.03.29 13:33:22.722,0.76584,0.7659,1.00,1.69
2017.03.29 13:33:25.247,0.76583,0.76589,1.00,1.87
2017.03.29 13:33:25.298,0.7658,0.76587,3.37,1.00
2017.03.29 13:33:26.012,0.76579,0.76587,1.12,1.31
2017.03.29 13:33:26.063,0.76581,0.76587,1.00,1.31
2017.03.29 13:33:26.773,0.76582,0.76588,1.00,3.19
2017.03.29 13:33:29.788,0.76583,0.76588,1.00,1.69
2017.03.29 13:33:30.414,0.76582,0.76588,1.00,1.69
2017.03.29 13:33:31.931,0.76582,0.76588,1.00,1.00
2017.03.29 13:33:32.546,0.76584,0.76588,1.00,1.00
2017.03.29 13:33:32.647,0.76585,0.7659,1.00,1.00
2017.03.29 13:33:32.799,0.76588,0.76592,1.00,1.25
2017.03.29 13:33:32.901,0.76588,0.76594,1.00,3.37
2017.03.29 13:33:33.406,0.76589,0.76595,1.00,1.69
2017.03.29 13:33:34.002,0.76589,0.76596,1.00,1.12
2017.03.29 13:33:34.371,0.76587,0.76597,1.87,4.87
2017.03.29 13:33:34.422,0.7659,0.76596,1.00,1.12
2017.03.29 13:33:38.946,0.7659,0.76594,1.00,1.00
2017.03.29 13:33:39.048,0.76588,0.76597,1.00,8.25
2017.03.29 13:33:39.432,0.76586,0.76592,3.00,1.00
2017.03.29 13:33:39.966,0.76585,0.76594,1.00,6.56
2017.03.29 13:33:40.474,0.76587,0.76594,1.00,4.31
2017.03.29 13:33:41.358,0.76588,0.76595,1.00,1.00
2017.03.29 13:33:41.662,0.7659,0.76595,1.00,1.00
2017.03.29 13:33:42.186,0.7659,0.76596,1.00,3.19
2017.03.29 13:33:42.744,0.7659,0.76595,1.00,1.00
2017.03.29 13:33:43.303,0.7659,0.76596,1.00,3.19
2017.03.29 13:33:43.659,0.76591,0.76595,1.00,1.00
2017.03.29 13:33:43.710,0.76589,0.76594,1.00,1.00
2017.03.29 13:33:43.761,0.76589,0.76597,1.00,3.00
2017.03.29 13:33:44.299,0.7659,0.76597,1.00,2.62
2017.03.29 13:33:44.562,0.76588,0.76595,1.00,1.00
2017.03.29 13:33:44.866,0.7659,0.76596,1.00,1.00
2017.03.29 13:33:45.453,0.7659,0.76597,1.00,2.25
2017.03.29 13:33:46.318,0.7659,0.76596,1.00,1.00
2017.03.29 13:33:46.646,0.76592,0.76597,1.00,3.00
2017.03.29 13:33:46.747,0.7659,0.76597,1.00,3.00
2017.03.29 13:33:46.849,0.7659,0.76594,1.00,1.00
2017.03.29 13:33:47.001,0.76588,0.76594,1.87,1.00
2017.03.29 13:33:47.052,0.76589,0.76597,1.00,1.87
2017.03.29 13:33:47.255,0.76591,0.76597,1.00,2.62
2017.03.29 13:33:47.558,0.76589,0.76597,1.00,1.87
2017.03.29 13:33:48.416,0.76589,0.76596,1.00,1.00
2017.03.29 13:33:49.076,0.76589,0.76597,1.00,1.50
2017.03.29 13:33:49.228,0.76587,0.76593,1.87,1.00
2017.03.29 13:33:49.435,0.76585,0.76593,1.00,1.31
2017.03.29 13:33:49.958,0.76585,0.76593,1.00,2.06
2017.03.29 13:33:50.782,0.76585,0.76592,1.00,2.25
2017.03.29 13:33:50.833,0.76582,0.7659,1.87,1.50
2017.03.29 13:33:50.935,0.76582,0.76588,1.12,1.00
2017.03.29 13:33:51.430,0.7658,0.76588,1.50,2.06
2017.03.29 13:33:51.481,0.76583,0.76588,1.00,1.25
2017.03.29 13:33:51.989,0.76582,0.76589,1.00,1.31
2017.03.29 13:33:53.277,0.76582,0.7659,1.12,1.00
2017.03.29 13:33:53.783,0.76584,0.76591,1.00,4.12
2017.03.29 13:33:56.521,0.76584,0.76592,1.00,3.56
2017.03.29 13:33:57.452,0.76585,0.76592,1.00,2.44
2017.03.29 13:33:57.554,0.76583,0.76592,1.00,2.06
2017.03.29 13:33:59.140,0.76585,0.76592,1.00,3.19
2017.03.29 13:33:59.862,0.76585,0.76591,1.00,1.00
2017.03.29 13:34:00.267,0.76585,0.76593,1.12,2.62
2017.03.29 13:34:00.823,0.76585,0.76594,1.12,3.94
2017.03.29 13:34:01.647,0.76585,0.76594,1.87,3.56
2017.03.29 13:34:02.179,0.76585,0.76594,1.87,3.19
2017.03.29 13:34:05.635,0.76585,0.76593,1.00,1.50
2017.03.29 13:34:06.640,0.76585,0.76592,1.00,1.00
2017.03.29 13:34:07.095,0.76583,0.76591,3.37,1.00
2017.03.29 13:34:07.769,0.76583,0.7659,2.25,1.00
2017.03.29 13:34:07.870,0.76584,0.76592,1.00,1.00
2017.03.29 13:34:08.387,0.76583,0.76592,1.00,1.87
2017.03.29 13:34:09.038,0.76582,0.7659,3.37,1.00
2017.03.29 13:34:09.646,0.76581,0.76585,1.12,1.00
2017.03.29 13:34:09.696,0.76581,0.76587,1.50,1.00
2017.03.29 13:34:10.016,0.76577,0.76586,2.62,1.00
2017.03.29 13:34:10.647,0.76575,0.76585,5.62,1.50
2017.03.29 13:34:11.641,0.76575,0.76583,3.75,1.00
2017.03.29 13:34:13.279,0.76576,0.76583,1.00,1.00
2017.03.29 13:34:13.863,0.76575,0.76583,3.75,1.00
2017.03.29 13:34:23.818,0.76575,0.76582,1.00,1.00
2017.03.29 13:34:24.654,0.76574,0.76582,2.25,1.00
2017.03.29 13:34:25.889,0.76574,0.76581,1.87,1.00
2017.03.29 13:34:27.366,0.76576,0.76581,1.00,1.00
2017.03.29 13:34:27.882,0.76575,0.76581,1.00,1.00
2017.03.29 13:34:28.972,0.76575,0.76583,1.00,1.12
2017.03.29 13:34:29.483,0.76575,0.76584,1.00,3.37
2017.03.29 13:34:29.763,0.76577,0.76584,1.00,3.37
2017.03.29 13:34:30.819,0.76578,0.76584,1.00,1.00
2017.03.29 13:34:31.725,0.76576,0.76584,3.37,1.00
2017.03.29 13:34:32.149,0.76578,0.76584,1.00,1.00
2017.03.29 13:34:32.200,0.76579,0.76587,2.77,3.37
2017.03.29 13:34:32.251,0.76582,0.76587,1.00,2.62
2017.03.29 13:34:32.412,0.76582,0.7659,1.12,1.00
2017.03.29 13:34:33.193,0.76582,0.7659,4.12,1.00
2017.03.29 13:34:34.110,0.76583,0.76591,3.37,1.00
2017.03.29 13:34:35.028,0.76584,0.76592,1.50,1.69
2017.03.29 13:34:35.556,0.76584,0.76592,4.87,1.25
2017.03.29 13:34:36.068,0.76584,0.76593,4.12,1.00
2017.03.29 13:34:36.617,0.76584,0.76593,3.00,2.25
2017.03.29 13:34:38.007,0.76584,0.76592,1.50,1.00
2017.03.29 13:34:42.033,0.76583,0.76591,1.50,1.00
2017.03.29 13:34:42.337,0.7658,0.76589,1.50,2.25
2017.03.29 13:34:45.383,0.76583,0.76589,1.00,1.12
2017.03.29 13:34:45.738,0.76583,0.76591,1.00,1.00
2017.03.29 13:34:46.340,0.76584,0.76592,1.00,3.37
2017.03.29 13:34:47.242,0.76584,0.76593,1.00,3.56
2017.03.29 13:34:47.970,0.76585,0.76593,1.00,5.06
2017.03.29 13:34:48.513,0.76585,0.76593,1.00,6.56
2017.03.29 13:34:49.826,0.76585,0.76592,1.00,1.37
2017.03.29 13:34:50.160,0.76587,0.76593,1.00,1.75
2017.03.29 13:34:50.263,0.76588,0.76595,1.00,4.87
2017.03.29 13:34:55.359,0.76588,0.76593,1.00,1.00
2017.03.29 13:34:56.170,0.76588,0.76594,1.00,1.00
2017.03.29 13:34:58.467,0.76588,0.76596,1.00,1.69
2017.03.29 13:34:58.976,0.76589,0.76596,1.00,3.94
2017.03.29 13:35:00.028,0.76589,0.76596,1.00,3.19
2017.03.29 13:35:01.362,0.76588,0.76596,1.50,3.19
2017.03.29 13:35:02.066,0.7659,0.76596,1.00,3.19
2017.03.29 13:35:02.907,0.76591,0.76596,1.00,1.00
2017.03.29 13:35:03.162,0.76591,0.76598,1.00,4.31
2017.03.29 13:35:03.518,0.76589,0.76597,1.12,2.62
2017.03.29 13:35:05.160,0.76591,0.76597,1.00,1.00
2017.03.29 13:35:05.769,0.76591,0.76598,1.00,5.44
2017.03.29 13:35:07.402,0.76588,0.76598,1.87,3.56
2017.03.29 13:35:07.932,0.7659,0.76598,1.50,1.69
2017.03.29 13:35:08.444,0.76591,0.76598,1.50,1.25
2017.03.29 13:35:08.495,0.76594,0.76599,1.00,3.00
2017.03.29 13:35:08.961,0.76592,0.766,1.12,3.19
2017.03.29 13:35:09.366,0.76592,0.76599,1.00,2.25
2017.03.29 13:35:09.896,0.76591,0.76598,1.50,1.25
2017.03.29 13:35:10.605,0.76591,0.76598,1.00,2.44
2017.03.29 13:35:18.060,0.76591,0.76599,1.00,5.81
2017.03.29 13:35:18.364,0.76594,0.76601,1.00,1.25
2017.03.29 13:35:18.617,0.76591,0.766,3.37,3.00
2017.03.29 13:35:19.146,0.76592,0.766,1.00,4.50
2017.03.29 13:35:20.501,0.76591,0.766,1.00,4.12
2017.03.29 13:35:21.014,0.76591,0.76599,1.00,3.75
2017.03.29 13:35:21.481,0.76591,0.76598,1.00,3.37
2017.03.29 13:35:21.704,0.7659,0.76599,1.00,5.44
2017.03.29 13:35:22.247,0.76591,0.76598,1.00,2.25
2017.03.29 13:35:22.752,0.7659,0.76598,1.00,2.25
2017.03.29 13:35:23.398,0.7659,0.76599,1.50,3.94
2017.03.29 13:35:23.931,0.76592,0.76599,1.00,1.69
2017.03.29 13:35:24.804,0.76592,0.766,1.00,1.12
2017.03.29 13:35:25.359,0.76593,0.76599,1.00,1.00
2017.03.29 13:35:26.583,0.76592,0.76599,1.00,2.25
2017.03.29 13:35:27.120,0.76593,0.76599,1.00,1.00
2017.03.29 13:35:27.560,0.76591,0.766,1.00,6.75
2017.03.29 13:35:28.134,0.76591,0.76599,1.00,1.00
2017.03.29 13:35:28.615,0.76593,0.76601,1.00,8.44
2017.03.29 13:35:29.368,0.76593,0.76599,1.00,1.50
2017.03.29 13:35:30.078,0.76589,0.76598,4.50,2.25
2017.03.29 13:35:30.310,0.76591,0.76599,1.12,1.50
2017.03.29 13:35:31.008,0.76591,0.76598,1.00,1.00
2017.03.29 13:35:32.309,0.76589,0.76598,1.12,4.12
2017.03.29 13:35:32.964,0.76589,0.76597,1.00,1.50
2017.03.29 13:35:33.497,0.76589,0.76596,1.12,1.00
2017.03.29 13:35:35.361,0.76588,0.76596,1.12,2.25
2017.03.29 13:35:35.463,0.76586,0.76595,4.50,3.19
2017.03.29 13:35:35.718,0.76584,0.76593,1.87,1.12
2017.03.29 13:35:36.226,0.76585,0.76594,1.12,2.62
2017.03.29 13:35:36.328,0.76587,0.76594,1.00,1.87
2017.03.29 13:35:36.866,0.76585,0.76594,1.00,2.62
2017.03.29 13:35:37.412,0.76585,0.76593,1.00,1.50
2017.03.29 13:35:37.614,0.76587,0.76593,1.00,1.50
2017.03.29 13:35:38.070,0.76588,0.76595,1.00,1.69
2017.03.29 13:35:38.646,0.76589,0.76595,1.12,1.50
2017.03.29 13:35:39.152,0.7659,0.76597,1.00,1.69
2017.03.29 13:35:39.862,0.76591,0.76597,1.00,1.69
2017.03.29 13:35:40.400,0.76591,0.76598,1.00,3.37
2017.03.29 13:35:40.947,0.76591,0.76598,1.50,2.25
2017.03.29 13:35:41.476,0.76591,0.76599,1.00,4.31
2017.03.29 13:35:42.020,0.7659,0.76599,1.12,3.19
2017.03.29 13:35:45.541,0.7659,0.76598,1.00,2.25
2017.03.29 13:35:53.136,0.7659,0.76597,1.00,1.00
2017.03.29 13:35:55.320,0.76589,0.76597,1.00,1.87
2017.03.29 13:35:55.826,0.76589,0.76596,1.00,4.50
2017.03.29 13:35:56.426,0.76587,0.76596,1.12,3.75
2017.03.29 13:35:58.712,0.76587,0.76595,1.12,2.25
2017.03.29 13:36:00.114,0.76588,0.76595,1.00,3.00
2017.03.29 13:36:00.675,0.76588,0.76594,1.00,1.50
2017.03.29 13:36:02.846,0.76588,0.76595,1.12,2.25
2017.03.29 13:36:03.876,0.76588,0.76596,1.12,3.75
2017.03.29 13:36:04.455,0.76588,0.76595,1.12,1.00
2017.03.29 13:36:04.969,0.76588,0.76596,1.12,4.50
2017.03.29 13:36:09.279,0.76588,0.76595,1.00,1.00
2017.03.29 13:36:09.826,0.76587,0.76595,1.12,1.50
2017.03.29 13:36:09.927,0.76589,0.76595,1.00,1.50
2017.03.29 13:36:10.757,0.76587,0.76596,1.00,4.50
2017.03.29 13:36:11.826,0.76587,0.76594,1.00,1.50
2017.03.29 13:36:12.343,0.76586,0.76594,1.00,1.50
2017.03.29 13:36:15.405,0.76587,0.76594,1.00,1.50
2017.03.29 13:36:15.856,0.76589,0.76595,1.00,1.00
2017.03.29 13:36:16.382,0.76589,0.76596,1.50,1.12
2017.03.29 13:36:16.888,0.7659,0.76597,1.00,3.37
2017.03.29 13:36:17.432,0.7659,0.76597,1.00,3.00
2017.03.29 13:36:17.735,0.76588,0.76597,1.50,2.25
2017.03.29 13:36:18.989,0.76588,0.76596,1.00,1.00
2017.03.29 13:36:19.647,0.76587,0.76596,1.87,3.00
2017.03.29 13:36:22.602,0.76588,0.76596,1.00,1.50
2017.03.29 13:36:23.111,0.76588,0.76595,1.00,1.00
2017.03.29 13:36:23.735,0.76588,0.76596,1.00,1.00
2017.03.29 13:36:26.155,0.76587,0.76595,1.12,3.00
2017.03.29 13:36:26.765,0.76586,0.76595,1.50,1.50
2017.03.29 13:36:28.083,0.76586,0.76594,1.50,1.00
2017.03.29 13:36:28.662,0.76586,0.76595,1.50,3.00
2017.03.29 13:36:28.992,0.76588,0.76595,1.50,1.50
2017.03.29 13:36:29.296,0.7659,0.76596,1.00,1.50
2017.03.29 13:36:29.820,0.76591,0.76597,1.00,1.00
2017.03.29 13:36:30.321,0.76594,0.76598,1.00,1.00
2017.03.29 13:36:30.422,0.76595,0.76601,1.00,1.12
2017.03.29 13:36:30.928,0.76595,0.76602,1.00,2.25
2017.03.29 13:36:31.597,0.76597,0.76602,1.00,2.25
2017.03.29 13:36:33.662,0.76595,0.76602,1.00,1.00
2017.03.29 13:36:34.220,0.76596,0.76603,1.00,5.25
2017.03.29 13:36:38.579,0.76595,0.76599,1.12,2.25
2017.03.29 13:36:38.630,0.76594,0.76602,1.37,6.37
2017.03.29 13:36:38.681,0.76592,0.76599,3.37,1.50
2017.03.29 13:36:38.916,0.76594,0.76602,1.12,5.62
2017.03.29 13:36:39.118,0.76596,0.76602,1.00,2.62
2017.03.29 13:36:39.908,0.76593,0.76601,3.00,5.85
2017.03.29 13:36:40.580,0.76595,0.76602,1.00,3.37
2017.03.29 13:36:41.093,0.76596,0.76602,1.00,1.37
2017.03.29 13:36:41.338,0.76596,0.76603,1.00,2.62
2017.03.29 13:36:43.806,0.76596,0.76603,1.00,1.87
2017.03.29 13:36:44.314,0.76595,0.76603,1.00,2.25
2017.03.29 13:36:45.501,0.76596,0.76603,1.00,3.75
2017.03.29 13:36:49.252,0.76596,0.76604,1.00,1.50
2017.03.29 13:36:49.404,0.76598,0.76605,1.00,2.62
2017.03.29 13:36:49.556,0.76599,0.76607,1.12,4.50
2017.03.29 13:36:50.064,0.76599,0.76608,1.00,4.87
2017.03.29 13:36:52.391,0.76599,0.76607,1.00,1.50
2017.03.29 13:36:53.123,0.76599,0.76607,1.00,1.50
2017.03.29 13:36:53.646,0.76599,0.76607,1.00,1.50
2017.03.29 13:36:54.088,0.76601,0.76607,1.00,1.00
2017.03.29 13:36:55.020,0.76599,0.76608,1.00,4.50
2017.03.29 13:36:55.561,0.76599,0.76608,1.00,4.12
2017.03.29 13:36:56.076,0.766,0.76608,1.00,4.12
2017.03.29 13:36:57.603,0.766,0.76608,1.00,4.50
2017.03.29 13:36:59.934,0.76599,0.76608,1.00,2.25
2017.03.29 13:37:00.493,0.766,0.76608,1.00,3.00
2017.03.29 13:37:03.096,0.76598,0.76608,1.50,5.62
2017.03.29 13:37:03.641,0.76599,0.76607,1.00,1.50
2017.03.29 13:37:04.146,0.76599,0.76607,1.00,1.50
2017.03.29 13:37:04.710,0.76599,0.76607,1.00,2.25
2017.03.29 13:37:05.221,0.76598,0.76607,1.87,3.37
2017.03.29 13:37:09.361,0.766,0.76607,1.00,1.87
2017.03.29 13:37:10.688,0.76598,0.76608,1.00,5.62
2017.03.29 13:37:12.548,0.76599,0.76607,1.00,1.50
2017.03.29 13:37:12.599,0.76598,0.76606,1.50,1.37
2017.03.29 13:37:12.650,0.76599,0.76607,1.00,1.87
2017.03.29 13:37:16.705,0.76598,0.76606,1.00,1.50
2017.03.29 13:37:19.930,0.76597,0.76607,4.31,3.75
2017.03.29 13:37:22.070,0.76597,0.76607,3.19,3.00
2017.03.29 13:37:22.222,0.76599,0.76607,1.00,2.62
2017.03.29 13:37:32.632,0.76598,0.76607,1.50,4.12
2017.03.29 13:37:32.978,0.76598,0.76606,1.00,1.37
2017.03.29 13:37:34.512,0.76598,0.76606,1.50,1.00
2017.03.29 13:37:38.274,0.766,0.76607,1.00,1.50
2017.03.29 13:37:39.174,0.76598,0.76607,1.00,2.62
2017.03.29 13:37:45.507,0.76597,0.76602,1.00,1.00
2017.03.29 13:37:45.774,0.76595,0.76602,1.00,1.87
2017.03.29 13:37:45.926,0.76595,0.766,1.00,1.00
2017.03.29 13:37:46.230,0.76596,0.76602,1.00,2.25
2017.03.29 13:37:47.469,0.76595,0.76602,1.00,1.12
2017.03.29 13:37:47.974,0.76596,0.76603,1.00,1.12
2017.03.29 13:37:48.506,0.76595,0.76602,1.00,1.87
2017.03.29 13:37:48.887,0.76597,0.76604,1.00,7.12
2017.03.29 13:37:49.402,0.76597,0.76604,1.00,3.75
2017.03.29 13:37:49.912,0.76597,0.76604,1.00,1.87
2017.03.29 13:37:50.449,0.76598,0.76606,1.00,5.25
2017.03.29 13:37:51.026,0.76598,0.76604,1.00,1.00
2017.03.29 13:37:51.750,0.76598,0.76605,1.00,1.12
2017.03.29 13:37:55.424,0.76598,0.76605,1.00,2.25
2017.03.29 13:37:55.986,0.76597,0.76604,1.00,1.00
2017.03.29 13:37:56.484,0.76596,0.766,1.00,1.87
2017.03.29 13:37:56.636,0.76593,0.766,3.00,5.62
2017.03.29 13:37:56.687,0.76591,0.76598,1.87,1.00
2017.03.29 13:37:57.223,0.76592,0.76598,1.00,1.00
2017.03.29 13:37:57.276,0.76592,0.766,1.00,1.50
2017.03.29 13:37:57.328,0.76594,0.76602,1.50,1.87
2017.03.29 13:37:57.379,0.76594,0.76602,1.50,1.12
2017.03.29 13:37:57.936,0.76595,0.76602,1.00,1.00
2017.03.29 13:37:58.499,0.76594,0.76602,1.50,1.50
2017.03.29 13:37:58.654,0.76596,0.76601,1.00,1.00
2017.03.29 13:37:58.806,0.76594,0.76601,1.50,1.12
2017.03.29 13:37:59.334,0.76594,0.76602,1.50,1.50
2017.03.29 13:37:59.536,0.76595,0.766,1.00,1.00
2017.03.29 13:38:00.102,0.76595,0.76602,1.50,1.50
2017.03.29 13:38:00.934,0.76595,0.76602,1.50,1.12
2017.03.29 13:38:01.591,0.76596,0.76602,1.00,1.00
2017.03.29 13:38:02.909,0.76595,0.76602,1.00,1.00
2017.03.29 13:38:03.061,0.76595,0.76604,1.50,1.87
2017.03.29 13:38:03.569,0.76596,0.76604,1.00,4.12
2017.03.29 13:38:04.426,0.76595,0.76604,1.50,6.00
2017.03.29 13:38:05.346,0.76595,0.76602,1.00,1.50
2017.03.29 13:38:05.889,0.76595,0.76602,1.00,1.12
2017.03.29 13:38:07.626,0.76595,0.76603,1.00,1.00
2017.03.29 13:38:08.162,0.76596,0.76604,1.00,3.37
2017.03.29 13:38:12.681,0.76597,0.76605,1.00,1.87
2017.03.29 13:38:13.196,0.76597,0.76605,1.00,1.00
2017.03.29 13:38:14.026,0.76597,0.76606,2.25,2.25
2017.03.29 13:38:19.994,0.76597,0.76606,1.50,2.62
2017.03.29 13:38:20.963,0.76599,0.76606,1.00,2.62
2017.03.29 13:38:22.990,0.76599,0.76606,1.00,1.87
2017.03.29 13:38:25.493,0.766,0.76607,1.00,1.50
2017.03.29 13:38:25.999,0.76599,0.76607,1.00,1.50
2017.03.29 13:38:28.486,0.76604,0.76608,1.00,2.62
2017.03.29 13:38:28.707,0.76605,0.7661,1.00,1.00
2017.03.29 13:38:28.762,0.76605,0.76613,1.00,1.00
2017.03.29 13:38:29.296,0.76606,0.76613,1.00,1.00
2017.03.29 13:38:29.809,0.76606,0.76614,1.00,2.62
2017.03.29 13:38:30.317,0.76605,0.76613,1.00,1.00
2017.03.29 13:38:30.878,0.76605,0.76611,1.00,1.00
2017.03.29 13:38:31.081,0.76606,0.76614,1.00,3.00
2017.03.29 13:38:31.587,0.76609,0.76615,1.00,1.12
2017.03.29 13:38:31.638,0.76607,0.76614,1.00,1.00
2017.03.29 13:38:31.837,0.76607,0.76612,1.12,1.00
2017.03.29 13:38:32.090,0.76607,0.76616,1.12,1.00
2017.03.29 13:38:32.410,0.76609,0.76616,1.00,1.87
2017.03.29 13:38:36.106,0.76608,0.76616,1.00,1.12
2017.03.29 13:38:38.075,0.76607,0.76616,3.94,1.00
2017.03.29 13:38:38.607,0.76607,0.76617,2.44,3.75
2017.03.29 13:38:39.113,0.76607,0.76616,4.69,1.12
2017.03.29 13:38:39.680,0.76608,0.76616,1.00,1.12
2017.03.29 13:38:40.214,0.76609,0.76616,1.00,1.12
2017.03.29 13:38:41.988,0.76609,0.76615,1.12,1.12
2017.03.29 13:38:50.820,0.7661,0.76615,1.00,1.00
2017.03.29 13:38:55.004,0.7661,0.76617,1.50,1.87
2017.03.29 13:38:55.706,0.7661,0.76618,1.00,1.87
2017.03.29 13:38:56.065,0.7661,0.76616,1.00,1.00
2017.03.29 13:38:56.570,0.76609,0.76616,1.00,1.00
2017.03.29 13:38:58.187,0.76608,0.76616,7.12,1.00
2017.03.29 13:39:00.020,0.7661,0.76616,1.00,1.00
2017.03.29 13:39:00.871,0.7661,0.76615,1.00,1.00
2017.03.29 13:39:05.717,0.7661,0.76617,1.00,3.37
2017.03.29 13:39:12.951,0.7661,0.76616,1.00,1.00
2017.03.29 13:39:13.539,0.7661,0.76617,1.00,1.00
2017.03.29 13:39:14.017,0.76608,0.76617,4.50,1.00
2017.03.29 13:39:14.543,0.76608,0.76616,4.50,1.00
2017.03.29 13:39:17.668,0.76609,0.76616,2.25,1.00
2017.03.29 13:39:20.720,0.76608,0.76616,2.25,1.00
2017.03.29 13:39:21.757,0.76609,0.76616,1.00,1.00
2017.03.29 13:39:23.748,0.76609,0.76617,1.00,1.00
2017.03.29 13:39:24.275,0.76608,0.76616,3.37,1.00
2017.03.29 13:39:27.747,0.76609,0.76616,1.00,1.00
2017.03.29 13:39:30.754,0.76608,0.76616,3.75,1.12
2017.03.29 13:39:31.724,0.76609,0.76616,2.25,1.12
2017.03.29 13:39:38.745,0.76608,0.76616,4.87,1.12
2017.03.29 13:39:39.355,0.76609,0.76618,1.00,1.87
2017.03.29 13:39:39.457,0.7661,0.76618,1.00,3.75
2017.03.29 13:39:39.679,0.7661,0.76618,1.69,1.00
2017.03.29 13:39:39.745,0.76616,0.76621,1.00,1.37
2017.03.29 13:39:39.796,0.76617,0.76622,1.00,1.37
2017.03.29 13:39:39.898,0.76617,0.76627,1.00,4.50
2017.03.29 13:39:39.999,0.76619,0.76627,1.00,3.75
2017.03.29 13:39:40.521,0.76619,0.76626,1.00,1.00
2017.03.29 13:39:42.384,0.76619,0.76627,1.00,1.50
2017.03.29 13:39:42.907,0.76619,0.76627,1.00,1.87
2017.03.29 13:39:43.485,0.76619,0.76627,1.00,1.87
2017.03.29 13:39:44.913,0.76619,0.76627,1.00,1.87
2017.03.29 13:39:48.088,0.76617,0.76626,3.00,1.12
2017.03.29 13:39:51.915,0.76617,0.76624,1.00,1.00
2017.03.29 13:39:52.420,0.76616,0.76624,7.50,1.00
2017.03.29 13:39:52.975,0.76617,0.76624,2.25,1.00
2017.03.29 13:39:56.541,0.76617,0.76626,2.25,1.00
2017.03.29 13:39:57.605,0.76617,0.76625,2.25,1.00
2017.03.29 13:39:58.153,0.76616,0.76625,6.56,1.12
2017.03.29 13:39:58.789,0.76616,0.76625,6.94,1.12
2017.03.29 13:39:59.820,0.76616,0.76625,5.44,1.12
2017.03.29 13:40:01.434,0.76616,0.7662,2.25,1.50
2017.03.29 13:40:01.681,0.76611,0.76615,1.00,1.00
2017.03.29 13:40:01.732,0.76609,0.76614,1.25,1.00
2017.03.29 13:40:01.985,0.76607,0.76614,1.50,1.00
2017.03.29 13:40:02.809,0.76606,0.76615,5.44,1.00
2017.03.29 13:40:03.820,0.76607,0.76614,1.87,1.00
2017.03.29 13:40:04.158,0.76607,0.76611,1.12,2.25
2017.03.29 13:40:04.209,0.76607,0.76612,1.00,1.12
2017.03.29 13:40:04.260,0.76605,0.76613,1.00,3.75
2017.03.29 13:40:04.362,0.76602,0.7661,3.75,3.37
2017.03.29 13:40:04.413,0.76602,0.7661,1.00,3.37
2017.03.29 13:40:04.515,0.76601,0.76609,1.00,1.37
2017.03.29 13:40:04.971,0.76599,0.76609,2.62,2.25
2017.03.29 13:40:05.476,0.76599,0.76607,1.00,1.50
2017.03.29 13:40:11.646,0.766,0.76607,1.00,1.00
2017.03.29 13:40:12.846,0.76601,0.76608,1.00,1.50
2017.03.29 13:40:12.948,0.76606,0.7661,1.00,1.87
2017.03.29 13:40:13.049,0.76606,0.76611,1.00,1.00
2017.03.29 13:40:13.404,0.76604,0.76611,1.00,1.00
2017.03.29 13:40:13.772,0.76607,0.76611,1.00,1.00
2017.03.29 13:40:13.873,0.76607,0.76613,1.00,2.25
2017.03.29 13:40:14.395,0.76607,0.76614,1.00,6.37
2017.03.29 13:40:15.041,0.76609,0.76616,1.00,4.12
2017.03.29 13:40:15.650,0.7661,0.76617,1.50,1.50
2017.03.29 13:40:15.949,0.76618,0.76626,1.00,1.00
2017.03.29 13:40:16.931,0.76618,0.76627,1.50,1.87
2017.03.29 13:40:17.514,0.76618,0.76627,1.50,1.87
2017.03.29 13:40:18.052,0.76618,0.76627,1.50,1.50
2017.03.29 13:40:18.564,0.76619,0.76627,1.00,1.50
2017.03.29 13:40:19.120,0.76619,0.76627,1.00,3.75
2017.03.29 13:40:19.933,0.76619,0.76627,1.00,3.37
2017.03.29 13:40:20.349,0.76619,0.76626,1.00,2.62
2017.03.29 13:40:23.188,0.76619,0.76626,1.00,1.00
2017.03.29 13:40:25.549,0.76619,0.76625,1.00,1.50
2017.03.29 13:40:26.086,0.76619,0.76626,1.00,1.00
2017.03.29 13:40:31.147,0.76619,0.76625,1.00,1.12
2017.03.29 13:40:32.411,0.76619,0.76626,1.00,2.62
2017.03.29 13:40:33.150,0.76619,0.76625,1.00,2.25
2017.03.29 13:40:33.201,0.76616,0.76624,1.00,2.25
2017.03.29 13:40:33.454,0.76616,0.76622,1.00,1.00
2017.03.29 13:40:33.970,0.76615,0.76623,1.00,3.00
2017.03.29 13:40:34.318,0.76611,0.76618,1.12,3.00
2017.03.29 13:40:34.420,0.76609,0.76617,5.25,1.00
2017.03.29 13:40:34.573,0.76611,0.76618,1.00,2.25
2017.03.29 13:40:34.967,0.76614,0.76621,1.00,4.50
2017.03.29 13:40:35.458,0.76614,0.76622,1.00,1.12
2017.03.29 13:40:35.762,0.76616,0.76623,1.00,3.00
2017.03.29 13:40:36.269,0.76617,0.76623,1.00,2.25
2017.03.29 13:40:36.501,0.76617,0.76625,1.00,3.37
2017.03.29 13:40:37.023,0.76618,0.76625,1.00,3.00
2017.03.29 13:40:39.763,0.76617,0.76626,3.00,3.75
2017.03.29 13:40:42.592,0.76618,0.76626,1.00,1.50
2017.03.29 13:40:43.113,0.76618,0.76626,3.00,1.00
2017.03.29 13:40:43.771,0.76618,0.76628,1.00,4.87
2017.03.29 13:40:44.833,0.76618,0.76628,1.50,6.75
2017.03.29 13:40:45.376,0.76618,0.76628,1.00,5.62
2017.03.29 13:40:51.327,0.7662,0.76628,1.00,2.25
2017.03.29 13:40:51.631,0.76624,0.76631,1.00,2.25
2017.03.29 13:40:51.934,0.76622,0.76628,1.00,1.00
2017.03.29 13:40:51.985,0.7662,0.76628,3.37,1.00
2017.03.29 13:40:52.955,0.76624,0.76628,1.00,1.00
2017.03.29 13:40:53.056,0.76625,0.7663,1.00,1.12
2017.03.29 13:40:53.410,0.76625,0.76632,1.00,4.12
2017.03.29 13:40:53.960,0.76624,0.76631,1.00,1.00
2017.03.29 13:40:54.637,0.76623,0.76631,1.00,3.00
2017.03.29 13:40:54.688,0.76621,0.76629,6.37,1.87
2017.03.29 13:40:55.143,0.7662,0.76628,1.00,1.00
2017.03.29 13:40:56.119,0.76621,0.7663,1.00,5.25
2017.03.29 13:40:57.166,0.7662,0.7663,3.75,5.25
2017.03.29 13:40:57.901,0.76619,0.76628,1.25,3.37
2017.03.29 13:40:58.432,0.7662,0.76628,1.00,3.37
2017.03.29 13:40:58.736,0.76623,0.76628,1.00,1.00
2017.03.29 13:40:58.889,0.76625,0.76631,1.00,4.87
2017.03.29 13:40:59.400,0.76624,0.76632,1.12,1.12
2017.03.29 13:40:59.922,0.76624,0.76633,1.00,3.00
2017.03.29 13:41:00.537,0.76624,0.76632,1.00,1.00
2017.03.29 13:41:01.065,0.76624,0.76633,2.25,1.50
2017.03.29 13:41:01.572,0.76625,0.76634,1.87,1.12
2017.03.29 13:41:02.456,0.76625,0.76635,5.81,3.37
2017.03.29 13:41:02.811,0.76628,0.76635,1.00,1.12
2017.03.29 13:41:03.330,0.76628,0.76637,3.00,1.87
2017.03.29 13:41:03.865,0.76628,0.76636,3.00,1.00
2017.03.29 13:41:04.704,0.76628,0.76637,3.00,2.25
2017.03.29 13:41:05.819,0.76628,0.76636,1.00,1.00
2017.03.29 13:41:06.354,0.76628,0.76637,1.00,4.12
2017.03.29 13:41:06.556,0.76627,0.76635,2.25,2.62
2017.03.29 13:41:07.084,0.76626,0.76635,1.00,2.62
2017.03.29 13:41:07.432,0.76625,0.76632,3.00,1.00
2017.03.29 13:41:07.939,0.76624,0.76633,1.12,2.25
2017.03.29 13:41:08.496,0.76624,0.76633,1.00,2.25
2017.03.29 13:41:10.640,0.76624,0.76633,1.37,3.00
2017.03.29 13:41:11.152,0.76626,0.76633,1.00,1.87
2017.03.29 13:41:11.586,0.76625,0.76632,1.12,1.87
2017.03.29 13:41:12.689,0.76623,0.76631,1.12,1.12
2017.03.29 13:41:13.197,0.76624,0.76632,1.00,2.25
2017.03.29 13:41:15.001,0.76624,0.76631,1.00,1.00
2017.03.29 13:41:15.491,0.76622,0.76629,1.00,3.00
2017.03.29 13:41:15.946,0.7662,0.76628,1.00,1.87
2017.03.29 13:41:16.148,0.76623,0.76629,1.00,1.87
2017.03.29 13:41:16.250,0.76623,0.76632,1.00,6.00
2017.03.29 13:41:16.402,0.76623,0.76632,3.37,1.87
2017.03.29 13:41:17.417,0.76622,0.76629,1.00,1.50
2017.03.29 13:41:17.519,0.7662,0.76629,3.19,3.00
2017.03.29 13:41:18.766,0.7662,0.76628,1.25,2.62
2017.03.29 13:41:20.337,0.76623,0.76627,1.00,1.00
2017.03.29 13:41:20.388,0.76623,0.76629,1.00,1.87
2017.03.29 13:41:20.439,0.76625,0.76629,1.00,1.12
2017.03.29 13:41:20.541,0.76624,0.76631,1.00,1.00
2017.03.29 13:41:21.060,0.76625,0.76631,1.12,1.00
2017.03.29 13:41:21.323,0.76626,0.76633,1.00,1.12
2017.03.29 13:41:21.829,0.76627,0.76635,1.00,4.12
2017.03.29 13:41:23.257,0.76625,0.76633,1.50,1.00
2017.03.29 13:41:28.758,0.76624,0.76632,1.12,1.12
2017.03.29 13:41:28.809,0.76624,0.76628,1.12,1.00
2017.03.29 13:41:28.860,0.76623,0.76628,1.00,1.00
2017.03.29 13:41:28.912,0.76621,0.76625,4.50,1.00
2017.03.29 13:41:29.133,0.76619,0.76626,1.19,1.00
2017.03.29 13:41:29.957,0.76619,0.76627,2.06,1.00
2017.03.29 13:41:31.301,0.76619,0.76626,2.44,1.00
2017.03.29 13:41:31.402,0.76619,0.76624,1.00,1.00
2017.03.29 13:41:31.935,0.76618,0.76624,1.00,1.00
2017.03.29 13:41:33.453,0.76617,0.76624,1.12,1.00
2017.03.29 13:41:33.797,0.76617,0.76626,2.25,1.00
2017.03.29 13:41:34.338,0.76618,0.76626,1.12,1.00
2017.03.29 13:41:34.857,0.7662,0.76628,1.00,2.25
2017.03.29 13:41:35.896,0.76619,0.76626,1.69,1.00
2017.03.29 13:41:37.318,0.76618,0.76626,4.12,1.12
2017.03.29 13:41:37.639,0.76617,0.76623,1.00,1.00
2017.03.29 13:41:38.436,0.76615,0.76623,7.12,1.00
2017.03.29 13:41:39.008,0.76615,0.76623,5.25,1.00
2017.03.29 13:41:39.677,0.76617,0.76625,1.50,1.50
2017.03.29 13:41:40.209,0.76617,0.76625,2.44,1.00
2017.03.29 13:41:40.734,0.76618,0.76625,1.00,1.00
2017.03.29 13:41:42.896,0.76619,0.76626,1.50,1.50
2017.03.29 13:41:43.453,0.76618,0.76626,4.12,1.00
2017.03.29 13:41:43.954,0.76619,0.76626,1.50,1.00
2017.03.29 13:41:47.357,0.76618,0.76626,3.75,1.00
2017.03.29 13:41:52.565,0.76619,0.76626,1.00,1.00
2017.03.29 13:41:53.139,0.76618,0.76626,2.62,1.00
2017.03.29 13:42:04.764,0.76617,0.76626,2.25,2.62
2017.03.29 13:42:05.093,0.76613,0.76621,1.50,2.25
2017.03.29 13:42:06.064,0.76613,0.76623,2.62,3.00
2017.03.29 13:42:07.051,0.76618,0.76623,1.00,1.87
2017.03.29 13:42:07.203,0.76616,0.76624,3.37,1.00
2017.03.29 13:42:07.255,0.76616,0.76621,1.00,1.00
2017.03.29 13:42:07.305,0.76615,0.76623,1.50,1.00
2017.03.29 13:42:07.508,0.76614,0.76622,2.62,1.00
2017.03.29 13:42:08.579,0.76613,0.76621,1.37,1.00
2017.03.29 13:42:08.731,0.76612,0.76621,1.87,1.50
2017.03.29 13:42:09.035,0.76612,0.76617,1.12,1.12
2017.03.29 13:42:09.187,0.76609,0.76616,1.00,1.00
2017.03.29 13:42:10.501,0.76608,0.76616,1.50,1.00
2017.03.29 13:42:10.805,0.76607,0.76614,2.62,1.00
2017.03.29 13:42:11.007,0.76606,0.76614,6.37,1.00
2017.03.29 13:42:11.748,0.76607,0.76614,1.00,1.00
2017.03.29 13:42:13.533,0.76608,0.76615,1.50,1.00
2017.03.29 13:42:14.312,0.76608,0.76616,1.50,1.00
2017.03.29 13:42:14.584,0.7661,0.76617,2.25,1.00
2017.03.29 13:42:14.922,0.76611,0.76619,1.50,1.12
2017.03.29 13:42:15.074,0.76612,0.76621,4.50,1.12
2017.03.29 13:42:15.429,0.7661,0.76618,7.12,1.00
2017.03.29 13:42:15.530,0.7661,0.76618,5.25,1.00
2017.03.29 13:42:15.914,0.76608,0.76617,3.37,1.00
2017.03.29 13:42:16.067,0.76611,0.76618,1.00,1.00
2017.03.29 13:42:18.456,0.76611,0.76618,1.00,4.12
2017.03.29 13:42:18.709,0.76609,0.76617,1.00,1.12
2017.03.29 13:42:19.647,0.76609,0.76616,1.00,1.50
2017.03.29 13:42:24.733,0.76609,0.76617,1.00,2.25
2017.03.29 13:42:28.963,0.76611,0.76619,1.00,6.56
2017.03.29 13:42:36.536,0.76611,0.76619,1.00,6.00
2017.03.29 13:42:37.851,0.76611,0.76618,1.00,1.00
2017.03.29 13:42:43.025,0.76615,0.76619,1.00,3.75
2017.03.29 13:42:43.177,0.76615,0.76621,1.00,1.00
2017.03.29 13:42:43.683,0.76615,0.76622,1.00,2.25
2017.03.29 13:42:44.300,0.76614,0.76622,1.00,2.62
2017.03.29 13:42:44.805,0.76615,0.76624,1.00,4.12
2017.03.29 13:42:45.312,0.76615,0.76624,1.00,2.62
2017.03.29 13:42:45.815,0.76617,0.76624,1.00,2.62
2017.03.29 13:42:50.163,0.76615,0.76624,1.12,3.00
2017.03.29 13:42:50.664,0.76616,0.76624,1.00,3.00
2017.03.29 13:42:56.801,0.76616,0.76623,1.00,1.50
2017.03.29 13:42:58.115,0.76616,0.76625,1.00,6.19
2017.03.29 13:42:59.417,0.76616,0.76624,1.00,1.00
2017.03.29 13:42:59.877,0.76614,0.76623,2.62,2.25
2017.03.29 13:43:02.174,0.76614,0.76622,1.00,1.00
2017.03.29 13:43:05.013,0.76613,0.76622,3.00,1.00
2017.03.29 13:43:05.344,0.76612,0.76619,2.25,3.00
2017.03.29 13:43:05.446,0.7661,0.76618,3.75,2.62
2017.03.29 13:43:05.548,0.76608,0.76617,2.62,1.50
2017.03.29 13:43:06.376,0.76607,0.76617,4.12,1.50
2017.03.29 13:43:11.703,0.76608,0.76617,1.87,1.12
2017.03.29 13:43:11.804,0.76608,0.76617,4.12,1.12
2017.03.29 13:43:11.957,0.76611,0.76619,3.00,3.75
2017.03.29 13:43:12.059,0.76612,0.76621,1.50,1.00
2017.03.29 13:43:12.565,0.76612,0.76622,3.00,1.00
2017.03.29 13:43:12.869,0.76612,0.76619,1.00,1.00
2017.03.29 13:43:13.130,0.76609,0.76617,1.00,1.00
2017.03.29 13:43:14.148,0.76607,0.76617,6.37,1.50
2017.03.29 13:43:17.017,0.76608,0.76617,1.00,1.50
2017.03.29 13:43:17.527,0.76607,0.76617,1.87,1.50
2017.03.29 13:43:18.616,0.76608,0.76617,1.00,1.50
2017.03.29 13:43:21.357,0.76607,0.76617,5.62,1.12
2017.03.29 13:43:21.888,0.76608,0.76617,1.00,1.50
2017.03.29 13:43:23.190,0.76607,0.76617,5.25,1.50
2017.03.29 13:43:23.699,0.76608,0.76617,2.25,1.50
2017.03.29 13:43:31.654,0.76608,0.76617,2.62,1.50
2017.03.29 13:43:32.008,0.76609,0.76619,1.87,2.62
2017.03.29 13:43:32.437,0.76612,0.76619,1.00,1.12
2017.03.29 13:43:32.759,0.76612,0.76622,1.50,4.12
2017.03.29 13:43:32.810,0.76612,0.76619,1.00,1.00
2017.03.29 13:43:33.013,0.76612,0.76621,3.00,1.50
2017.03.29 13:43:33.526,0.76613,0.76621,1.00,2.25
2017.03.29 13:43:34.027,0.76612,0.76621,2.62,1.00
2017.03.29 13:43:34.593,0.76612,0.76622,1.50,2.25
2017.03.29 13:43:34.695,0.76612,0.7662,1.50,1.00
2017.03.29 13:43:34.847,0.7661,0.76619,1.50,2.25
2017.03.29 13:43:35.355,0.76611,0.76618,1.00,1.12
2017.03.29 13:43:35.754,0.76609,0.76618,4.50,1.12
2017.03.29 13:43:37.805,0.76611,0.76618,1.00,1.50
2017.03.29 13:43:39.088,0.7661,0.76618,2.25,1.50
2017.03.29 13:43:40.769,0.76609,0.76618,3.00,1.50
2017.03.29 13:43:42.760,0.7661,0.76618,2.25,1.50
2017.03.29 13:43:43.238,0.76611,0.7662,3.00,1.12
2017.03.29 13:43:43.744,0.76612,0.76621,2.62,2.25
2017.03.29 13:43:44.444,0.76614,0.76622,1.00,1.87
2017.03.29 13:43:45.137,0.76613,0.76622,1.00,1.87
2017.03.29 13:43:45.642,0.76614,0.76623,2.25,1.12
2017.03.29 13:43:48.462,0.76615,0.76624,2.25,5.81
2017.03.29 13:43:50.035,0.76615,0.76622,2.25,1.00
2017.03.29 13:43:51.032,0.76615,0.76623,1.00,3.37
2017.03.29 13:43:51.548,0.76614,0.76623,2.25,3.00
2017.03.29 13:43:52.396,0.76615,0.76623,1.00,2.25
2017.03.29 13:43:54.526,0.76616,0.76623,1.00,1.00
2017.03.29 13:43:57.893,0.76615,0.76623,4.50,1.00
2017.03.29 13:43:58.224,0.76615,0.76625,5.25,2.62
2017.03.29 13:43:58.934,0.76616,0.76625,3.75,2.62
2017.03.29 13:44:04.412,0.76615,0.76624,4.12,1.87
2017.03.29 13:44:04.783,0.76614,0.76624,3.00,1.87
2017.03.29 13:44:05.288,0.76613,0.76623,9.00,3.00
2017.03.29 13:44:07.856,0.76614,0.76624,3.75,3.37
2017.03.29 13:44:08.923,0.76615,0.76624,2.25,2.62
2017.03.29 13:44:09.435,0.76616,0.76625,1.00,4.87
2017.03.29 13:44:10.820,0.76615,0.76625,1.00,4.87
2017.03.29 13:44:10.972,0.76615,0.76622,1.00,1.00
2017.03.29 13:44:11.578,0.76614,0.76622,2.25,1.00
2017.03.29 13:44:12.134,0.76613,0.76622,4.12,1.50
2017.03.29 13:44:13.420,0.76613,0.76621,2.25,1.00
2017.03.29 13:44:15.698,0.76614,0.76621,1.00,1.00
2017.03.29 13:44:16.002,0.76612,0.7662,6.75,1.00
2017.03.29 13:44:17.287,0.7661,0.76617,1.12,1.50
2017.03.29 13:44:17.340,0.76609,0.76617,4.12,1.50
2017.03.29 13:44:17.595,0.76608,0.76617,1.50,2.25
2017.03.29 13:44:18.100,0.76609,0.76616,1.00,1.50
2017.03.29 13:44:18.819,0.76608,0.76616,1.12,1.50
2017.03.29 13:44:19.617,0.76608,0.76614,1.00,1.00
2017.03.29 13:44:19.770,0.76606,0.76613,1.00,1.50
2017.03.29 13:44:20.290,0.76605,0.76613,1.50,1.50
2017.03.29 13:44:21.397,0.76604,0.76613,3.75,1.00
2017.03.29 13:44:21.939,0.76605,0.76613,2.25,1.00
2017.03.29 13:44:22.553,0.76605,0.76614,3.00,2.25
2017.03.29 13:44:23.077,0.76605,0.76612,3.00,1.00
2017.03.29 13:44:24.604,0.76605,0.76614,1.50,2.62
2017.03.29 13:44:25.196,0.76606,0.76614,1.00,2.25
2017.03.29 13:44:25.729,0.76606,0.76613,1.00,1.50
2017.03.29 13:44:26.268,0.76605,0.76613,3.75,1.50
2017.03.29 13:44:26.988,0.76606,0.76615,2.25,2.25
2017.03.29 13:44:27.039,0.76608,0.76615,1.50,1.50
2017.03.29 13:44:27.552,0.76608,0.76614,1.50,1.00
2017.03.29 13:44:28.136,0.76608,0.76615,1.00,1.12
2017.03.29 13:44:28.671,0.76609,0.76615,1.00,1.00
2017.03.29 13:44:29.194,0.76608,0.76616,1.50,1.50
2017.03.29 13:44:30.387,0.76609,0.76616,1.00,1.12
2017.03.29 13:44:31.722,0.76608,0.76616,1.00,1.12
2017.03.29 13:44:32.232,0.76609,0.76616,1.12,1.00
2017.03.29 13:44:32.536,0.76611,0.76618,1.50,1.00
2017.03.29 13:44:32.639,0.76609,0.76617,1.50,1.87
2017.03.29 13:44:32.842,0.76607,0.76617,2.62,3.00
2017.03.29 13:44:33.344,0.76608,0.76617,1.00,3.00
2017.03.29 13:44:33.857,0.76608,0.76617,1.00,3.00
2017.03.29 13:44:34.488,0.76608,0.76615,1.00,1.50
2017.03.29 13:44:37.774,0.76607,0.76615,4.12,1.00
2017.03.29 13:44:39.161,0.76608,0.76615,1.00,1.00
2017.03.29 13:44:39.799,0.76607,0.76615,6.00,1.00
2017.03.29 13:44:41.008,0.76608,0.76615,1.12,1.00
2017.03.29 13:44:42.149,0.76607,0.76615,1.87,1.00
2017.03.29 13:44:42.714,0.76606,0.76614,2.25,1.00
2017.03.29 13:44:42.765,0.76606,0.76616,3.37,1.50
2017.03.29 13:44:43.364,0.76606,0.76615,1.50,1.12
2017.03.29 13:44:46.527,0.76606,0.76614,1.00,1.00
2017.03.29 13:44:47.050,0.76605,0.76614,1.50,1.00
2017.03.29 13:44:48.066,0.76607,0.76616,1.00,4.12
2017.03.29 13:44:48.736,0.76607,0.76616,1.00,3.75
2017.03.29 13:44:49.603,0.76607,0.76615,1.00,1.50
2017.03.29 13:44:50.786,0.76607,0.76616,1.00,3.37
2017.03.29 13:44:51.091,0.76609,0.76617,1.00,1.50
2017.03.29 13:44:51.914,0.76609,0.76617,1.00,1.50
2017.03.29 13:44:53.653,0.76608,0.76616,1.00,1.00
2017.03.29 13:44:58.194,0.76608,0.76616,1.00,2.25
2017.03.29 13:45:05.338,0.76606,0.76615,1.87,1.00
2017.03.29 13:45:05.862,0.76606,0.76614,1.00,1.50
2017.03.29 13:45:08.980,0.76606,0.76616,1.00,6.75
2017.03.29 13:45:09.754,0.76606,0.76615,1.00,2.25
2017.03.29 13:45:10.259,0.76606,0.76615,1.00,1.87
2017.03.29 13:45:18.917,0.76605,0.76614,1.00,1.12
2017.03.29 13:45:19.120,0.76603,0.76613,5.62,3.00
2017.03.29 13:45:20.045,0.76603,0.76612,1.12,1.50
2017.03.29 13:45:21.344,0.76603,0.7661,1.12,1.00
2017.03.29 13:45:26.674,0.76604,0.7661,1.00,1.00
2017.03.29 13:45:27.208,0.76604,0.76611,1.00,1.00
2017.03.29 13:45:27.513,0.76601,0.76605,2.25,1.12
2017.03.29 13:45:27.565,0.76599,0.76606,1.50,1.50
2017.03.29 13:45:27.668,0.76597,0.76605,1.12,1.87
2017.03.29 13:45:28.024,0.76596,0.76602,1.00,1.00
2017.03.29 13:45:28.547,0.76594,0.76602,2.25,1.00
2017.03.29 13:45:29.155,0.76596,0.76602,1.00,1.00
2017.03.29 13:45:29.667,0.76595,0.76602,1.00,1.00
2017.03.29 13:45:30.177,0.76593,0.76602,1.50,2.62
2017.03.29 13:45:30.710,0.76593,0.76601,1.00,1.00
2017.03.29 13:45:31.013,0.76594,0.76602,2.25,1.12
2017.03.29 13:45:33.966,0.76596,0.76602,1.00,1.00
2017.03.29 13:45:34.120,0.76598,0.76605,1.00,2.25
2017.03.29 13:45:34.670,0.76599,0.76605,1.00,1.00
2017.03.29 13:45:35.199,0.76598,0.76605,2.25,1.00
2017.03.29 13:45:36.533,0.76598,0.76607,1.00,3.00
2017.03.29 13:45:39.080,0.76598,0.76606,1.12,1.00
2017.03.29 13:45:44.157,0.76597,0.76606,1.50,2.62
2017.03.29 13:45:51.501,0.76597,0.76604,1.37,1.00
2017.03.29 13:45:51.553,0.76596,0.76604,3.75,1.00
2017.03.29 13:45:53.947,0.76595,0.76604,1.00,1.50
2017.03.29 13:45:57.850,0.76596,0.76604,1.00,1.87
2017.03.29 13:45:58.844,0.76594,0.76604,5.62,1.12
2017.03.29 13:46:00.878,0.76594,0.76603,3.75,2.25
2017.03.29 13:46:01.033,0.76592,0.76599,1.87,1.37
2017.03.29 13:46:01.135,0.76591,0.76597,3.00,1.00
2017.03.29 13:46:01.287,0.76588,0.76596,1.12,1.00
2017.03.29 13:46:01.796,0.76589,0.76597,1.00,1.00
2017.03.29 13:46:02.342,0.7659,0.76597,1.12,1.00
2017.03.29 13:46:02.696,0.76588,0.76598,1.87,4.12
2017.03.29 13:46:03.662,0.76588,0.76597,1.12,1.12
2017.03.29 13:46:04.169,0.76586,0.76596,5.62,2.62
2017.03.29 13:46:04.676,0.76586,0.76594,2.25,1.00
2017.03.29 13:46:05.671,0.76586,0.76596,1.50,4.50
2017.03.29 13:46:06.187,0.76586,0.76594,1.50,1.00
2017.03.29 13:46:06.734,0.76586,0.76595,1.00,1.12
2017.03.29 13:46:08.680,0.76586,0.76596,1.00,2.62
2017.03.29 13:46:13.010,0.76588,0.76595,1.00,1.87
2017.03.29 13:46:13.111,0.76586,0.76595,1.00,1.12
2017.03.29 13:46:13.617,0.76585,0.76594,4.50,1.50
2017.03.29 13:46:14.159,0.76585,0.76595,2.25,4.12
2017.03.29 13:46:14.853,0.76585,0.76595,2.25,1.50
2017.03.29 13:46:21.230,0.76587,0.76596,1.50,1.12
2017.03.29 13:46:22.145,0.76587,0.76597,3.75,3.00
2017.03.29 13:46:23.151,0.76587,0.76597,4.87,2.25
2017.03.29 13:46:23.608,0.76587,0.76594,1.00,1.00
2017.03.29 13:46:24.115,0.76587,0.76596,1.00,1.50
2017.03.29 13:46:24.630,0.76586,0.76595,3.00,1.00
2017.03.29 13:46:25.197,0.76587,0.76596,1.50,1.00
2017.03.29 13:46:25.825,0.76586,0.76596,4.87,2.62
2017.03.29 13:46:26.332,0.76586,0.76595,3.37,1.50
2017.03.29 13:46:26.840,0.76586,0.76594,1.50,1.00
2017.03.29 13:46:28.013,0.76585,0.76594,1.00,1.50
2017.03.29 13:46:28.336,0.76584,0.76593,1.50,2.62
2017.03.29 13:46:28.664,0.7658,0.76587,1.00,1.00
2017.03.29 13:46:28.867,0.76578,0.76586,2.25,1.00
2017.03.29 13:46:29.373,0.76577,0.76587,1.50,3.75
2017.03.29 13:46:29.424,0.76579,0.76587,1.00,3.75
2017.03.29 13:46:29.913,0.76577,0.76587,1.50,5.62
2017.03.29 13:46:30.270,0.76576,0.76586,1.50,3.75
2017.03.29 13:46:30.573,0.76578,0.76585,1.00,1.50
2017.03.29 13:46:30.776,0.76576,0.76585,1.50,1.00
2017.03.29 13:46:30.962,0.76579,0.76585,1.00,1.00
2017.03.29 13:46:31.467,0.76579,0.76587,1.00,3.56
2017.03.29 13:46:32.314,0.76579,0.76587,1.00,5.81
2017.03.29 13:46:32.877,0.76579,0.76587,1.00,5.81
2017.03.29 13:46:39.379,0.76578,0.76587,1.00,1.69
2017.03.29 13:46:39.811,0.76583,0.76589,1.00,1.12
2017.03.29 13:46:40.112,0.76586,0.76591,1.00,1.00
2017.03.29 13:46:40.454,0.76586,0.76593,1.00,1.00
2017.03.29 13:46:40.786,0.76584,0.76591,1.87,2.25
2017.03.29 13:46:40.988,0.7658,0.76588,1.00,1.12
2017.03.29 13:46:41.547,0.76579,0.76588,1.12,1.50
2017.03.29 13:46:42.300,0.7658,0.76588,1.00,3.75
2017.03.29 13:46:42.816,0.76579,0.76588,1.12,4.12
2017.03.29 13:46:43.488,0.76578,0.76588,1.87,3.37
2017.03.29 13:46:44.028,0.76578,0.76587,1.12,1.50
2017.03.29 13:46:44.078,0.76577,0.76587,1.50,2.62
2017.03.29 13:46:44.282,0.76578,0.76587,1.12,1.87
2017.03.29 13:46:45.721,0.76578,0.76588,1.12,6.00
2017.03.29 13:46:46.096,0.7658,0.76588,1.00,3.75
2017.03.29 13:46:47.187,0.76579,0.76588,1.00,4.50
2017.03.29 13:46:47.694,0.76579,0.76587,1.00,1.00
2017.03.29 13:46:48.825,0.7658,0.76588,1.00,4.50
2017.03.29 13:46:49.439,0.76577,0.76587,3.00,1.00
2017.03.29 13:46:49.490,0.76577,0.76585,3.00,1.00
2017.03.29 13:46:50.465,0.76577,0.76584,1.87,1.00
2017.03.29 13:46:50.992,0.76576,0.76585,1.50,2.62
2017.03.29 13:46:51.094,0.76575,0.76584,1.50,1.00
2017.03.29 13:46:51.609,0.76574,0.76584,2.62,4.87
2017.03.29 13:46:51.912,0.76573,0.7658,1.12,1.87
2017.03.29 13:46:52.065,0.76572,0.76582,6.00,2.25
2017.03.29 13:46:52.217,0.76573,0.76578,1.12,1.00
2017.03.29 13:46:52.486,0.76573,0.76581,1.00,1.00
2017.03.29 13:46:52.538,0.76571,0.76579,4.87,1.50
2017.03.29 13:46:52.691,0.76573,0.76581,1.00,1.50
2017.03.29 13:46:52.795,0.76572,0.76579,2.25,1.00
2017.03.29 13:46:52.897,0.76571,0.7658,1.12,1.50
2017.03.29 13:46:53.353,0.76573,0.76581,1.00,1.87
2017.03.29 13:46:53.894,0.76573,0.76582,2.25,2.25
2017.03.29 13:46:54.506,0.76572,0.7658,3.75,1.50
2017.03.29 13:46:54.658,0.76575,0.76583,1.00,4.12
2017.03.29 13:46:54.719,0.76573,0.76579,1.87,1.00
2017.03.29 13:46:54.820,0.76571,0.76579,1.00,1.00
2017.03.29 13:46:55.138,0.76569,0.76578,1.00,1.12
2017.03.29 13:46:55.189,0.76568,0.76578,4.12,1.37
2017.03.29 13:46:55.392,0.76569,0.76578,1.00,4.50
2017.03.29 13:46:55.949,0.76571,0.76578,1.00,3.37
2017.03.29 13:46:56.288,0.76575,0.7658,1.00,1.00
2017.03.29 13:46:56.389,0.76575,0.76582,1.00,1.00
2017.03.29 13:46:56.592,0.76575,0.76584,1.00,1.50
2017.03.29 13:46:57.618,0.76576,0.76584,1.00,1.12
2017.03.29 13:46:58.671,0.76576,0.76586,1.00,4.12
2017.03.29 13:46:59.179,0.76577,0.76585,1.00,1.00
2017.03.29 13:46:59.661,0.76578,0.76586,1.50,1.00
2017.03.29 13:46:59.977,0.76585,0.76589,1.00,1.00
2017.03.29 13:47:00.458,0.76584,0.76592,1.00,4.12
2017.03.29 13:47:00.916,0.76582,0.76589,2.62,1.00
2017.03.29 13:47:01.069,0.76581,0.76589,1.50,1.00
2017.03.29 13:47:01.170,0.76583,0.7659,1.00,1.50
2017.03.29 13:47:01.272,0.76584,0.76592,1.12,3.37
2017.03.29 13:47:01.424,0.76586,0.76593,1.00,1.12
2017.03.29 13:47:03.313,0.76586,0.76594,1.00,5.44
2017.03.29 13:47:04.479,0.76586,0.76593,1.00,1.50
2017.03.29 13:47:05.230,0.76586,0.76594,1.00,5.06
2017.03.29 13:47:06.357,0.76585,0.76593,1.00,1.37
2017.03.29 13:47:06.894,0.76585,0.76593,1.00,1.50
2017.03.29 13:47:07.649,0.76583,0.76589,1.12,1.50
2017.03.29 13:47:07.700,0.76582,0.76591,1.37,1.50
2017.03.29 13:47:07.801,0.7658,0.7659,1.50,5.62
2017.03.29 13:47:08.155,0.76582,0.7659,1.00,1.00
2017.03.29 13:47:08.692,0.76582,0.76591,1.12,1.87
2017.03.29 13:47:11.509,0.76583,0.76591,1.00,3.00
2017.03.29 13:47:12.490,0.76583,0.76592,1.00,3.37
2017.03.29 13:47:13.127,0.76583,0.76591,1.00,2.25
2017.03.29 13:47:13.630,0.76583,0.7659,1.00,1.50
2017.03.29 13:47:14.899,0.76583,0.76592,1.37,3.37
2017.03.29 13:47:15.413,0.76585,0.76593,1.00,2.25
2017.03.29 13:47:15.789,0.76588,0.76594,1.00,1.87
2017.03.29 13:47:16.395,0.76588,0.76595,1.00,1.87
2017.03.29 13:47:16.934,0.76588,0.76594,1.00,1.50
2017.03.29 13:47:19.201,0.76584,0.76591,1.87,1.50
2017.03.29 13:47:19.724,0.76583,0.76591,1.12,1.87
2017.03.29 13:47:19.960,0.76585,0.76592,1.00,1.37
2017.03.29 13:47:20.112,0.76585,0.76593,1.00,1.12
2017.03.29 13:47:20.622,0.76584,0.76593,1.12,1.50
2017.03.29 13:47:21.655,0.76584,0.76594,1.00,5.62
2017.03.29 13:47:22.862,0.76584,0.76593,1.12,1.00
2017.03.29 13:47:25.631,0.76585,0.76593,1.00,1.00
2017.03.29 13:47:25.811,0.76585,0.76595,1.00,6.19
2017.03.29 13:47:27.000,0.76585,0.76594,1.00,1.00
2017.03.29 13:47:29.754,0.76585,0.76595,1.12,3.56
2017.03.29 13:47:31.252,0.76586,0.76594,1.00,1.00
2017.03.29 13:47:34.254,0.76585,0.76592,2.62,1.00
2017.03.29 13:47:34.566,0.76587,0.76594,1.00,1.00
2017.03.29 13:47:38.735,0.76587,0.76596,1.00,6.00
2017.03.29 13:47:39.520,0.76588,0.76596,1.00,2.25
2017.03.29 13:47:39.672,0.76588,0.76597,3.75,2.62
2017.03.29 13:47:40.217,0.76589,0.76597,1.00,1.87
2017.03.29 13:47:41.639,0.76589,0.76598,1.00,3.37
2017.03.29 13:47:43.600,0.76589,0.76598,1.37,2.62
2017.03.29 13:47:48.031,0.76589,0.76598,2.25,1.87
2017.03.29 13:47:49.844,0.76588,0.76598,1.50,3.75
2017.03.29 13:47:50.098,0.76591,0.76599,1.00,2.81
2017.03.29 13:47:50.621,0.76591,0.766,3.00,2.62
2017.03.29 13:47:51.774,0.7659,0.76599,4.12,3.00
2017.03.29 13:47:52.180,0.76594,0.76599,1.00,1.00
2017.03.29 13:47:52.246,0.76594,0.76601,1.00,2.62
2017.03.29 13:47:52.719,0.76594,0.76603,1.12,1.69
2017.03.29 13:47:53.223,0.76595,0.76604,1.12,3.37
2017.03.29 13:47:53.744,0.76596,0.76605,1.00,3.75
2017.03.29 13:47:54.558,0.76596,0.76604,1.00,1.00
2017.03.29 13:47:55.958,0.76597,0.76604,1.00,1.00
2017.03.29 13:47:56.498,0.76598,0.76606,1.00,2.25
2017.03.29 13:47:57.027,0.76598,0.76606,1.00,1.50
2017.03.29 13:47:58.191,0.76598,0.76607,1.00,3.75
2017.03.29 13:47:58.697,0.76598,0.76606,1.87,1.50
2017.03.29 13:47:59.271,0.76598,0.76607,1.12,1.50
2017.03.29 13:47:59.940,0.76599,0.76607,1.00,1.50
2017.03.29 13:48:00.702,0.76599,0.76608,1.00,2.06
2017.03.29 13:48:02.290,0.76598,0.76608,4.50,3.37
2017.03.29 13:48:02.391,0.766,0.76608,1.00,3.37
2017.03.29 13:48:02.544,0.766,0.76608,1.00,3.37
2017.03.29 13:48:03.279,0.766,0.76607,1.12,1.50
2017.03.29 13:48:05.722,0.76601,0.76608,1.00,1.00
2017.03.29 13:48:06.720,0.76601,0.76609,1.00,6.56
2017.03.29 13:48:07.509,0.76601,0.76609,1.00,4.31
2017.03.29 13:48:08.182,0.76601,0.76609,1.00,3.94
2017.03.29 13:48:08.460,0.76604,0.76609,1.00,1.00
2017.03.29 13:48:08.611,0.76604,0.76611,1.00,1.00
2017.03.29 13:48:08.996,0.76602,0.76609,3.37,1.00
2017.03.29 13:48:09.147,0.76599,0.76609,3.00,2.25
2017.03.29 13:48:09.657,0.76599,0.76609,2.62,4.12
2017.03.29 13:48:10.532,0.76599,0.76609,1.12,3.00
2017.03.29 13:48:11.604,0.76599,0.76609,1.37,4.87
2017.03.29 13:48:12.264,0.76599,0.76608,1.12,1.50
2017.03.29 13:48:14.223,0.766,0.76607,1.00,1.87
2017.03.29 13:48:33.591,0.76598,0.76608,3.75,3.37
2017.03.29 13:48:37.226,0.76598,0.76608,2.25,2.25
2017.03.29 13:48:37.727,0.76599,0.76608,1.00,2.25
2017.03.29 13:48:38.248,0.76598,0.76608,3.00,2.25
2017.03.29 13:48:42.717,0.76598,0.76608,3.75,4.50
2017.03.29 13:48:48.544,0.76598,0.76608,1.50,5.25
2017.03.29 13:48:48.595,0.76597,0.76605,4.87,1.00
2017.03.29 13:48:48.646,0.76597,0.76607,4.87,3.00
2017.03.29 13:48:49.198,0.76597,0.76607,3.00,1.50
2017.03.29 13:48:55.934,0.76601,0.76607,1.50,4.12
2017.03.29 13:48:56.237,0.76606,0.7661,1.12,3.37
2017.03.29 13:48:56.490,0.76607,0.76612,1.37,1.00
2017.03.29 13:48:56.683,0.76607,0.76614,1.00,2.25
2017.03.29 13:48:57.236,0.76607,0.76613,1.00,1.00
2017.03.29 13:48:57.288,0.76607,0.76615,1.00,1.00
2017.03.29 13:48:58.329,0.76608,0.76615,1.00,1.00
2017.03.29 13:48:58.481,0.76608,0.76617,2.25,2.81
2017.03.29 13:48:59.021,0.76607,0.76616,1.12,1.12
2017.03.29 13:48:59.880,0.76607,0.76617,4.50,2.81
2017.03.29 13:48:59.953,0.76608,0.76617,1.50,2.44
2017.03.29 13:49:00.156,0.76607,0.76617,4.87,2.81
2017.03.29 13:49:00.973,0.76608,0.76616,1.00,1.00
2017.03.29 13:49:04.832,0.76607,0.76616,1.00,3.75
2017.03.29 13:49:05.337,0.76608,0.76616,1.00,4.12
2017.03.29 13:49:05.851,0.76608,0.76615,3.37,1.00
2017.03.29 13:49:06.358,0.76608,0.76616,1.00,1.12
2017.03.29 13:49:06.864,0.76608,0.76617,1.00,4.31
2017.03.29 13:49:07.377,0.76608,0.76617,1.00,2.06
2017.03.29 13:49:07.886,0.76609,0.76617,1.00,3.56
2017.03.29 13:49:08.411,0.76609,0.76617,1.00,2.06
2017.03.29 13:49:08.462,0.76609,0.76617,1.00,1.25
2017.03.29 13:49:08.614,0.76609,0.76617,1.00,2.06
2017.03.29 13:49:09.162,0.76609,0.76617,1.00,2.06
2017.03.29 13:49:09.669,0.76609,0.76618,1.37,3.56
2017.03.29 13:49:10.174,0.76608,0.76617,1.12,1.25
2017.03.29 13:49:10.377,0.76607,0.76615,3.75,1.00
2017.03.29 13:49:10.887,0.76607,0.76616,1.00,1.50
2017.03.29 13:49:13.652,0.76609,0.76616,1.00,1.12
2017.03.29 13:49:16.131,0.76609,0.76616,1.00,1.37
2017.03.29 13:49:16.233,0.76607,0.76616,1.87,1.50
2017.03.29 13:49:17.235,0.76607,0.76615,1.12,1.50
2017.03.29 13:49:17.952,0.76607,0.76616,1.12,1.50
2017.03.29 13:49:18.086,0.76606,0.76614,4.50,1.00
2017.03.29 13:49:19.223,0.76608,0.76615,1.00,1.37
2017.03.29 13:49:19.752,0.76607,0.76615,4.12,1.00
2017.03.29 13:49:20.388,0.76608,0.76615,1.00,1.00
2017.03.29 13:49:21.469,0.76607,0.76615,3.37,1.12
2017.03.29 13:49:21.777,0.7661,0.76619,1.12,3.37
2017.03.29 13:49:22.282,0.76611,0.76618,1.00,1.00
2017.03.29 13:49:23.016,0.76612,0.7662,1.50,1.12
2017.03.29 13:49:23.067,0.76614,0.76621,1.00,1.50
2017.03.29 13:49:23.219,0.76614,0.76622,1.00,1.12
2017.03.29 13:49:24.595,0.76613,0.76622,6.75,1.12
2017.03.29 13:49:25.933,0.76615,0.76622,1.00,1.00
2017.03.29 13:49:26.616,0.76613,0.76622,6.00,1.00
2017.03.29 13:49:27.144,0.76614,0.76623,5.62,1.00
2017.03.29 13:49:28.088,0.76615,0.76623,2.25,1.00
2017.03.29 13:49:28.607,0.76616,0.76624,2.25,1.12
2017.03.29 13:49:29.124,0.76616,0.76623,1.50,1.00
2017.03.29 13:49:31.740,0.76615,0.76623,3.00,1.00
2017.03.29 13:49:33.265,0.76616,0.76623,1.00,1.00
2017.03.29 13:49:33.366,0.76614,0.76623,4.12,3.37
2017.03.29 13:49:33.899,0.76614,0.76623,3.75,3.37
2017.03.29 13:49:35.604,0.76615,0.76623,1.50,1.12
2017.03.29 13:49:36.175,0.76616,0.76623,2.25,1.00
2017.03.29 13:49:36.702,0.76616,0.76624,4.12,1.00
2017.03.29 13:49:37.427,0.76615,0.76622,4.12,1.00
2017.03.29 13:49:37.852,0.76617,0.76625,1.00,1.50
2017.03.29 13:49:37.903,0.76619,0.76626,1.00,2.62
2017.03.29 13:49:39.264,0.76619,0.76627,1.00,3.00
2017.03.29 13:49:39.799,0.76619,0.76627,1.00,3.00
2017.03.29 13:49:40.154,0.76617,0.76626,3.00,3.37
2017.03.29 13:49:40.683,0.76618,0.76626,1.00,1.87
2017.03.29 13:49:47.807,0.76617,0.76625,3.75,1.00
2017.03.29 13:49:48.159,0.76619,0.76626,1.00,1.00
2017.03.29 13:49:49.477,0.76619,0.76627,1.50,1.50
2017.03.29 13:49:49.782,0.76623,0.76632,1.37,1.50
2017.03.29 13:49:49.934,0.76622,0.76631,2.62,2.25
2017.03.29 13:49:49.985,0.76622,0.76628,1.00,1.00
2017.03.29 13:49:50.068,0.76619,0.76628,4.50,1.00
2017.03.29 13:49:50.119,0.76619,0.76625,3.75,1.00
2017.03.29 13:49:50.221,0.76618,0.76625,2.25,1.00
2017.03.29 13:49:50.499,0.76618,0.76627,1.50,4.50
2017.03.29 13:49:51.266,0.76619,0.76627,1.00,3.00
2017.03.29 13:49:52.976,0.76619,0.76627,1.00,3.00
2017.03.29 13:49:53.611,0.7662,0.76627,1.00,2.62
2017.03.29 13:49:58.086,0.76621,0.76628,1.00,1.37
2017.03.29 13:49:58.187,0.76622,0.76629,1.00,1.87
2017.03.29 13:49:58.339,0.76619,0.76628,1.87,2.25
2017.03.29 13:49:58.390,0.76619,0.76627,1.50,1.37
2017.03.29 13:49:58.939,0.76618,0.76627,1.00,5.62
2017.03.29 13:49:59.495,0.76618,0.76626,1.00,2.25
2017.03.29 13:50:01.159,0.76616,0.76625,1.00,3.00
2017.03.29 13:50:01.988,0.76616,0.76623,1.00,1.50
2017.03.29 13:50:02.039,0.76614,0.76621,1.69,1.00
2017.03.29 13:50:04.775,0.76614,0.76622,1.69,2.25
2017.03.29 13:50:05.584,0.76615,0.76622,1.00,2.25
2017.03.29 13:50:06.144,0.76614,0.76622,1.50,2.25
2017.03.29 13:50:06.800,0.76615,0.76622,1.00,1.00
2017.03.29 13:50:07.638,0.76614,0.76622,3.75,1.00
2017.03.29 13:50:09.616,0.76615,0.76622,1.00,1.00
2017.03.29 13:50:10.136,0.76614,0.76622,1.50,1.50
2017.03.29 13:50:11.665,0.76614,0.7662,1.00,1.00
2017.03.29 13:50:11.716,0.76612,0.7662,1.50,3.00
2017.03.29 13:50:11.767,0.76612,0.76617,2.25,1.00
2017.03.29 13:50:11.818,0.76612,0.76619,1.00,1.00
2017.03.29 13:50:11.988,0.7661,0.76618,3.37,1.00
2017.03.29 13:50:13.125,0.7661,0.76617,2.25,1.00
2017.03.29 13:50:15.593,0.7661,0.76616,1.00,1.50
2017.03.29 13:50:16.113,0.76609,0.76615,1.87,1.00
2017.03.29 13:50:16.677,0.76609,0.76616,1.87,1.00
2017.03.29 13:50:16.906,0.76609,0.76616,1.00,1.00
2017.03.29 13:50:17.428,0.76608,0.76616,1.50,1.00
2017.03.29 13:50:18.026,0.76609,0.76616,1.37,1.00
2017.03.29 13:50:20.825,0.76609,0.76615,1.00,1.00
2017.03.29 13:50:21.028,0.76606,0.76614,1.87,1.50
2017.03.29 13:50:21.558,0.76606,0.76613,1.00,1.00
2017.03.29 13:50:21.815,0.76606,0.76615,1.00,4.12
2017.03.29 13:50:23.261,0.76606,0.76614,1.00,2.25
2017.03.29 13:50:23.766,0.76606,0.76613,1.00,1.00
2017.03.29 13:50:25.048,0.76607,0.76613,1.50,1.50
2017.03.29 13:50:25.223,0.76607,0.76616,1.50,3.00
2017.03.29 13:50:27.838,0.76606,0.76615,1.00,1.00
2017.03.29 13:50:30.023,0.76605,0.76614,2.25,1.00
2017.03.29 13:50:31.269,0.76607,0.76614,1.00,1.00
2017.03.29 13:50:33.123,0.76606,0.76614,1.00,1.50
2017.03.29 13:50:33.611,0.76608,0.76614,1.50,1.00
2017.03.29 13:50:33.713,0.76608,0.76616,1.00,1.50
2017.03.29 13:50:33.764,0.7661,0.76616,1.00,1.87
2017.03.29 13:50:34.269,0.76609,0.76616,1.00,1.00
2017.03.29 13:50:35.168,0.76611,0.76616,1.00,1.00
2017.03.29 13:50:35.472,0.76614,0.7662,1.00,1.50
2017.03.29 13:50:37.570,0.76616,0.7662,1.00,1.00
2017.03.29 13:50:37.875,0.76616,0.76623,1.00,2.25
2017.03.29 13:50:39.143,0.76617,0.76623,1.00,1.00
2017.03.29 13:50:39.687,0.76617,0.76624,1.00,1.00
2017.03.29 13:50:40.257,0.76617,0.76623,1.00,1.00
2017.03.29 13:50:43.929,0.76613,0.7662,1.50,3.75
2017.03.29 13:50:44.030,0.76611,0.76618,1.87,2.25
2017.03.29 13:50:47.299,0.76613,0.76618,1.00,1.00
2017.03.29 13:50:47.350,0.76613,0.7662,1.00,1.50
2017.03.29 13:50:48.160,0.76614,0.7662,1.00,1.00
2017.03.29 13:50:48.312,0.76616,0.76621,1.00,1.00
2017.03.29 13:50:48.464,0.76618,0.76624,1.00,1.12
2017.03.29 13:50:55.773,0.76619,0.76624,1.00,1.00
2017.03.29 13:50:55.824,0.76623,0.76627,1.00,1.50
2017.03.29 13:50:55.876,0.76622,0.76626,1.12,1.00
2017.03.29 13:50:56.095,0.76624,0.7663,1.00,1.00
2017.03.29 13:50:56.401,0.76625,0.76632,1.00,1.00
2017.03.29 13:50:56.553,0.76623,0.76629,2.62,1.00
2017.03.29 13:50:56.755,0.7662,0.76629,1.12,2.62
2017.03.29 13:50:57.336,0.7662,0.76628,1.12,1.12
2017.03.29 13:50:58.862,0.7662,0.76627,1.87,1.00
2017.03.29 13:50:59.373,0.76621,0.76627,1.12,1.00
2017.03.29 13:50:59.475,0.76621,0.76629,1.12,2.62
2017.03.29 13:50:59.980,0.7662,0.76628,1.00,1.00
2017.03.29 13:51:01.876,0.76621,0.76628,1.00,2.25
2017.03.29 13:51:02.130,0.76622,0.7663,1.00,1.00
2017.03.29 13:51:02.282,0.76625,0.7663,1.00,1.00
2017.03.29 13:51:02.485,0.76625,0.76632,1.00,2.25
2017.03.29 13:51:03.598,0.76625,0.76633,1.00,2.44
2017.03.29 13:51:04.914,0.76624,0.76632,1.00,1.50
2017.03.29 13:51:05.422,0.76626,0.76632,1.00,1.12
2017.03.29 13:51:05.987,0.76626,0.76634,1.00,3.00
2017.03.29 13:51:16.460,0.76628,0.76634,1.00,2.25
2017.03.29 13:51:19.935,0.76629,0.76634,1.00,1.12
2017.03.29 13:51:20.088,0.76629,0.76636,1.00,2.62
2017.03.29 13:51:22.339,0.76628,0.76634,1.00,1.00
2017.03.29 13:51:23.654,0.76628,0.76636,1.00,3.37
2017.03.29 13:51:26.280,0.76628,0.76635,1.00,1.50
2017.03.29 13:51:27.897,0.76628,0.76636,1.00,3.00
2017.03.29 13:51:28.426,0.76628,0.76636,1.00,3.37
2017.03.29 13:51:36.956,0.76628,0.76634,1.00,1.00
2017.03.29 13:51:37.108,0.76626,0.76634,1.00,1.50
2017.03.29 13:51:37.159,0.76626,0.76632,1.00,1.00
2017.03.29 13:51:38.145,0.76626,0.76633,1.00,1.00
2017.03.29 13:51:41.914,0.76625,0.76633,1.00,1.50
2017.03.29 13:51:45.043,0.76627,0.76633,1.00,1.00
2017.03.29 13:51:45.195,0.76628,0.76636,1.12,3.37
2017.03.29 13:51:46.260,0.76629,0.76636,1.00,1.87
2017.03.29 13:51:46.824,0.76628,0.76636,2.25,2.62
2017.03.29 13:51:50.089,0.76628,0.76636,4.50,2.62
2017.03.29 13:51:50.707,0.76628,0.76636,2.62,1.87
2017.03.29 13:51:54.140,0.7663,0.76636,1.00,2.62
2017.03.29 13:51:54.662,0.76628,0.76636,1.87,2.62
2017.03.29 13:52:05.826,0.76628,0.76636,1.50,1.12
2017.03.29 13:52:06.327,0.76628,0.76636,1.00,1.12
2017.03.29 13:52:06.833,0.76627,0.76636,6.37,1.12
2017.03.29 13:52:07.448,0.76628,0.76636,1.00,1.12
2017.03.29 13:52:11.943,0.76628,0.76634,1.00,1.00
2017.03.29 13:52:12.272,0.76628,0.76635,3.37,1.00
2017.03.29 13:52:13.024,0.76628,0.76635,1.87,1.00
2017.03.29 13:52:13.697,0.76628,0.76635,1.00,1.00
2017.03.29 13:52:14.223,0.76629,0.76635,1.00,1.00
2017.03.29 13:52:16.778,0.76628,0.76635,1.00,1.00
2017.03.29 13:52:19.712,0.76634,0.76638,1.00,2.25
2017.03.29 13:52:19.763,0.76633,0.76639,1.50,1.00
2017.03.29 13:52:20.098,0.76631,0.76638,1.00,1.00
2017.03.29 13:52:20.200,0.76629,0.76637,1.87,1.00
2017.03.29 13:52:20.797,0.76627,0.76637,4.87,2.25
2017.03.29 13:52:21.347,0.76628,0.76637,1.00,2.25
2017.03.29 13:52:21.398,0.76628,0.76635,1.00,1.00
2017.03.29 13:52:21.927,0.76627,0.76635,3.00,1.00
2017.03.29 13:52:23.018,0.76627,0.76636,1.00,1.00
2017.03.29 13:52:24.198,0.76627,0.76636,1.87,1.00
2017.03.29 13:52:24.704,0.76629,0.76636,1.00,1.00
2017.03.29 13:52:25.246,0.76628,0.76636,1.12,1.00
2017.03.29 13:52:25.777,0.76629,0.76636,1.00,1.00
2017.03.29 13:52:29.738,0.7663,0.76636,1.00,1.00
2017.03.29 13:52:30.316,0.76631,0.76637,1.00,1.50
2017.03.29 13:52:30.579,0.76632,0.7664,1.50,1.00
2017.03.29 13:52:33.683,0.76633,0.7664,1.50,1.00
2017.03.29 13:52:33.785,0.76635,0.76641,1.50,1.00
2017.03.29 13:52:33.988,0.76635,0.76643,1.37,1.50
2017.03.29 13:52:34.549,0.76636,0.76641,1.12,1.00
2017.03.29 13:52:34.650,0.76634,0.76641,1.50,1.00
2017.03.29 13:52:35.183,0.76633,0.76641,1.50,1.50
2017.03.29 13:52:35.695,0.76632,0.76641,3.37,1.50
2017.03.29 13:52:37.867,0.76633,0.76641,1.00,1.50
2017.03.29 13:52:38.392,0.76634,0.76641,1.12,1.00
2017.03.29 13:52:40.732,0.76635,0.76641,1.00,1.00
2017.03.29 13:52:41.949,0.76633,0.76641,1.50,1.12
2017.03.29 13:52:42.253,0.76636,0.76641,1.00,1.12
2017.03.29 13:52:42.641,0.76634,0.76641,1.12,1.12
2017.03.29 13:52:43.628,0.76635,0.76641,1.00,1.12
2017.03.29 13:52:44.866,0.76633,0.76641,1.12,1.00
2017.03.29 13:52:45.376,0.76633,0.7664,3.75,1.00
2017.03.29 13:52:46.707,0.76632,0.7664,4.50,1.00
2017.03.29 13:52:47.256,0.76633,0.7664,1.00,1.00
2017.03.29 13:52:51.458,0.76632,0.7664,3.75,1.00
2017.03.29 13:52:54.630,0.76636,0.76642,1.00,1.12
2017.03.29 13:52:55.144,0.76636,0.76643,1.00,3.37
2017.03.29 13:52:56.485,0.76636,0.76643,1.00,2.62
2017.03.29 13:52:57.195,0.76634,0.76643,2.25,4.12
2017.03.29 13:52:57.700,0.76634,0.76642,1.00,3.37
2017.03.29 13:53:00.383,0.76636,0.76642,1.00,1.87
2017.03.29 13:53:00.929,0.76636,0.76643,1.00,2.25
2017.03.29 13:53:01.058,0.76634,0.76643,1.00,3.00
2017.03.29 13:53:01.938,0.76635,0.76642,1.00,1.87
2017.03.29 13:53:02.457,0.76634,0.76641,1.00,1.12
2017.03.29 13:53:03.643,0.76635,0.76641,1.00,1.12
2017.03.29 13:53:04.977,0.76633,0.76639,1.00,1.87
2017.03.29 13:53:05.709,0.76633,0.7664,1.00,1.00
2017.03.29 13:53:06.230,0.76634,0.76641,1.00,1.00
2017.03.29 13:53:11.237,0.76635,0.76642,1.00,2.25
2017.03.29 13:53:11.747,0.76636,0.76642,1.00,1.12
2017.03.29 13:53:12.630,0.76634,0.76642,1.00,1.12
2017.03.29 13:53:18.655,0.76634,0.76641,1.00,1.00
2017.03.29 13:53:19.190,0.76635,0.76641,1.00,1.00
2017.03.29 13:53:19.959,0.76635,0.7664,1.00,1.00
2017.03.29 13:53:20.469,0.76634,0.76641,1.00,1.00
2017.03.29 13:53:22.478,0.76634,0.7664,1.00,1.00
2017.03.29 13:53:23.004,0.76634,0.76641,1.00,1.12
2017.03.29 13:53:26.807,0.76636,0.76641,1.00,1.12
2017.03.29 13:53:27.336,0.76635,0.76641,1.00,1.12
2017.03.29 13:53:27.750,0.76634,0.76639,1.00,1.00
2017.03.29 13:53:31.757,0.76631,0.76637,2.25,1.50
2017.03.29 13:53:31.859,0.76628,0.76636,1.00,1.50
2017.03.29 13:53:32.360,0.76631,0.76638,1.00,3.37
2017.03.29 13:53:32.906,0.76631,0.76637,1.00,1.00
2017.03.29 13:53:33.920,0.76628,0.76636,1.50,1.87
2017.03.29 13:53:33.971,0.76628,0.76634,1.50,1.00
2017.03.29 13:53:34.616,0.76626,0.76634,1.00,1.00
2017.03.29 13:53:35.153,0.76626,0.76633,1.00,1.00
2017.03.29 13:53:35.655,0.76626,0.76634,1.00,1.50
2017.03.29 13:53:36.372,0.76626,0.76633,1.00,1.00
2017.03.29 13:53:40.276,0.76624,0.76633,7.50,1.50
2017.03.29 13:53:40.428,0.76629,0.76634,2.55,1.00
2017.03.29 13:53:40.529,0.7663,0.76636,1.00,1.00
2017.03.29 13:53:41.035,0.7663,0.76637,3.15,1.00
2017.03.29 13:53:41.136,0.7663,0.76637,3.15,1.00
2017.03.29 13:53:41.187,0.7663,0.76637,1.12,1.00
2017.03.29 13:53:41.700,0.76629,0.76637,1.87,1.00
2017.03.29 13:53:42.368,0.76629,0.76636,5.92,1.00
2017.03.29 13:53:42.875,0.76629,0.76636,1.87,1.00
2017.03.29 13:53:44.398,0.76629,0.76637,6.75,1.50
2017.03.29 13:53:44.664,0.76631,0.76637,1.00,1.00
2017.03.29 13:53:44.714,0.76631,0.76639,4.12,1.00
2017.03.29 13:53:45.246,0.76632,0.7664,1.00,1.00
2017.03.29 13:53:46.787,0.76631,0.7664,3.37,1.00
2017.03.29 13:53:46.838,0.76631,0.76636,1.87,1.00
2017.03.29 13:53:47.041,0.76627,0.76636,2.25,2.25
2017.03.29 13:53:47.142,0.76627,0.76635,1.50,1.00
2017.03.29 13:53:47.733,0.76627,0.76635,2.62,1.00
2017.03.29 13:53:50.458,0.76631,0.76636,2.25,1.00
2017.03.29 13:53:50.544,0.76632,0.7664,1.00,1.50
2017.03.29 13:53:51.066,0.76632,0.76641,3.75,2.25
2017.03.29 13:53:51.595,0.76634,0.76641,1.00,1.50
2017.03.29 13:53:52.111,0.76632,0.76641,4.50,1.50
2017.03.29 13:53:54.108,0.76633,0.7664,1.50,1.00
2017.03.29 13:54:05.926,0.76634,0.76641,1.00,2.25
2017.03.29 13:54:07.801,0.76636,0.76641,1.00,1.00
2017.03.29 13:54:08.454,0.76635,0.76641,1.00,1.00
2017.03.29 13:54:15.826,0.76635,0.76641,1.00,1.37
2017.03.29 13:54:15.927,0.76632,0.76639,3.37,1.37
2017.03.29 13:54:16.131,0.76627,0.76636,3.00,1.12
2017.03.29 13:54:16.233,0.76627,0.76635,1.50,1.12
2017.03.29 13:54:16.417,0.76628,0.76633,1.00,1.00
2017.03.29 13:54:16.721,0.76626,0.76632,1.00,1.00
2017.03.29 13:54:17.227,0.76625,0.76632,1.00,1.00
2017.03.29 13:54:23.228,0.76626,0.76632,1.00,1.00
2017.03.29 13:54:24.215,0.76625,0.76632,1.00,1.00
2017.03.29 13:54:26.080,0.76624,0.76632,3.00,1.50
2017.03.29 13:54:26.653,0.76625,0.76632,1.87,1.50
2017.03.29 13:54:29.134,0.76625,0.76632,6.75,1.00
2017.03.29 13:54:29.185,0.76625,0.76634,6.75,1.50
2017.03.29 13:54:29.337,0.76629,0.76636,1.87,1.50
2017.03.29 13:54:29.851,0.76629,0.76635,1.00,1.00
2017.03.29 13:54:30.131,0.76631,0.76638,1.12,3.75
2017.03.29 13:54:30.639,0.76631,0.76639,2.62,1.00
2017.03.29 13:54:31.179,0.76632,0.76639,1.50,1.00
2017.03.29 13:54:32.206,0.76634,0.76639,1.00,1.00
2017.03.29 13:54:33.399,0.76634,0.76641,1.12,1.00
2017.03.29 13:54:36.344,0.76636,0.76641,1.00,1.00
2017.03.29 13:54:37.150,0.76634,0.76641,1.12,1.00
2017.03.29 13:54:39.037,0.76633,0.76641,1.12,1.00
2017.03.29 13:54:39.584,0.76631,0.7664,8.62,1.00
2017.03.29 13:54:40.333,0.76631,0.76638,1.37,1.00
2017.03.29 13:54:40.434,0.7663,0.76638,2.62,1.00
2017.03.29 13:54:40.536,0.76629,0.76636,1.87,1.00
2017.03.29 13:54:40.861,0.76627,0.76635,3.37,1.00
2017.03.29 13:54:42.130,0.76627,0.76634,3.00,1.00
2017.03.29 13:54:44.111,0.76626,0.76633,2.25,1.00
2017.03.29 13:54:49.590,0.76625,0.76633,2.25,1.00
2017.03.29 13:54:50.182,0.76625,0.76632,2.25,1.00
2017.03.29 13:54:51.792,0.76626,0.76632,1.87,1.00
2017.03.29 13:54:52.221,0.76626,0.76634,2.62,1.00
2017.03.29 13:54:52.739,0.76626,0.76634,1.50,1.00
2017.03.29 13:54:53.363,0.76625,0.76633,3.37,1.00
2017.03.29 13:54:53.950,0.76625,0.76631,2.62,1.00
2017.03.29 13:54:54.254,0.76624,0.76631,2.25,1.00
2017.03.29 13:54:59.812,0.76624,0.76629,1.50,1.00
2017.03.29 13:55:00.317,0.76623,0.76629,1.50,1.00
2017.03.29 13:55:01.590,0.76622,0.76629,1.50,1.00
2017.03.29 13:55:02.423,0.76622,0.76629,1.50,2.62
2017.03.29 13:55:02.576,0.7662,0.76627,1.00,1.50
2017.03.29 13:55:02.830,0.76621,0.76629,3.75,1.00
2017.03.29 13:55:03.390,0.76621,0.76629,6.97,1.00
2017.03.29 13:55:04.411,0.76621,0.76629,8.10,1.00
2017.03.29 13:55:05.664,0.76621,0.76629,6.37,1.00
2017.03.29 13:55:07.993,0.76623,0.7663,1.87,1.00
2017.03.29 13:55:08.145,0.76624,0.76631,3.22,1.00
2017.03.29 13:55:08.686,0.76626,0.76631,1.00,1.00
2017.03.29 13:55:14.284,0.76626,0.76633,1.12,1.00
2017.03.29 13:55:14.930,0.76626,0.76632,3.00,1.00
2017.03.29 13:55:16.656,0.76626,0.76634,1.00,1.00
2017.03.29 13:55:17.160,0.7663,0.76634,1.00,1.00
2017.03.29 13:55:17.262,0.76631,0.76636,2.25,1.00
2017.03.29 13:55:17.363,0.76632,0.76639,1.50,1.00
2017.03.29 13:55:17.638,0.7663,0.76638,2.25,1.00
2017.03.29 13:55:17.840,0.76628,0.76636,2.62,1.50
2017.03.29 13:55:18.144,0.76627,0.76634,1.87,1.00
2017.03.29 13:55:18.649,0.76625,0.76634,5.10,1.00
2017.03.29 13:55:19.216,0.76626,0.76633,1.12,1.00
2017.03.29 13:55:20.256,0.76625,0.76633,2.25,1.00
2017.03.29 13:55:21.659,0.76624,0.76633,4.12,1.00
2017.03.29 13:55:23.310,0.76629,0.76633,2.10,1.00
2017.03.29 13:55:23.462,0.76628,0.76635,3.00,1.12
2017.03.29 13:55:23.715,0.7663,0.76639,1.00,3.00
2017.03.29 13:55:24.223,0.76631,0.76638,1.00,1.00
2017.03.29 13:55:24.426,0.76631,0.7664,2.25,1.00
2017.03.29 13:55:24.930,0.76632,0.7664,1.12,1.00
2017.03.29 13:55:31.157,0.76633,0.7664,1.00,1.00
2017.03.29 13:55:31.708,0.76632,0.7664,1.87,1.00
2017.03.29 13:55:34.961,0.76633,0.76642,1.00,4.50
2017.03.29 13:55:35.681,0.76633,0.76641,1.50,1.00
2017.03.29 13:55:37.909,0.76632,0.76641,1.12,1.50
2017.03.29 13:55:42.938,0.76632,0.76639,1.87,1.00
2017.03.29 13:55:43.465,0.76633,0.76639,1.00,1.00
2017.03.29 13:55:45.765,0.76632,0.76639,2.25,1.00
2017.03.29 13:55:46.718,0.76632,0.76639,2.10,1.00
2017.03.29 13:55:47.233,0.76632,0.76639,1.12,1.00
2017.03.29 13:55:56.629,0.76632,0.76639,2.62,1.00
2017.03.29 13:55:56.680,0.76632,0.76641,2.62,1.50
2017.03.29 13:55:57.187,0.76632,0.76641,2.62,1.12
2017.03.29 13:56:00.737,0.76634,0.76641,1.00,1.00
2017.03.29 13:56:01.091,0.76634,0.76643,1.50,3.00
2017.03.29 13:56:01.789,0.76635,0.76644,1.00,4.50
2017.03.29 13:56:02.319,0.76635,0.76643,1.00,1.50
2017.03.29 13:56:07.082,0.76636,0.76643,1.00,2.25
2017.03.29 13:56:09.956,0.76635,0.76643,1.00,2.25
2017.03.29 13:56:20.857,0.76634,0.76643,1.50,3.75
2017.03.29 13:56:21.383,0.76635,0.76643,1.00,3.75
2017.03.29 13:56:23.492,0.76635,0.7664,1.00,1.00
2017.03.29 13:56:24.434,0.76633,0.7664,1.12,1.00
2017.03.29 13:56:25.623,0.76633,0.76641,1.12,1.87
2017.03.29 13:56:26.130,0.76633,0.7664,1.00,1.00
2017.03.29 13:56:26.586,0.76636,0.76642,2.95,1.12
2017.03.29 13:56:27.092,0.76635,0.76642,1.87,1.00
2017.03.29 13:56:29.080,0.76634,0.76641,1.50,1.00
2017.03.29 13:56:29.603,0.76633,0.7664,1.50,1.00
2017.03.29 13:56:30.128,0.76633,0.76639,1.37,1.00
2017.03.29 13:56:30.836,0.76633,0.7664,1.37,1.50
2017.03.29 13:56:38.005,0.76633,0.76639,1.37,1.00
2017.03.29 13:56:38.056,0.76632,0.76639,2.62,1.00
2017.03.29 13:56:38.563,0.76631,0.7664,1.50,1.50
2017.03.29 13:56:39.541,0.76631,0.76638,4.87,1.00
2017.03.29 13:56:41.022,0.76632,0.76638,1.00,1.00
2017.03.29 13:56:43.274,0.76632,0.76637,1.00,1.00
2017.03.29 13:56:43.325,0.7663,0.76639,5.62,2.25
2017.03.29 13:56:43.376,0.7663,0.76637,4.12,1.00
2017.03.29 13:56:43.686,0.76627,0.76634,4.12,1.00
2017.03.29 13:56:43.788,0.76626,0.76633,1.00,1.00
2017.03.29 13:56:44.418,0.76625,0.76633,7.12,1.00
2017.03.29 13:56:45.094,0.76626,0.76635,1.00,1.00
2017.03.29 13:56:46.780,0.76627,0.76635,1.00,1.00
2017.03.29 13:56:52.126,0.7663,0.76637,1.00,1.00
2017.03.29 13:56:52.227,0.76631,0.76639,1.00,2.62
2017.03.29 13:56:53.823,0.76632,0.76639,1.00,1.00
2017.03.29 13:56:59.735,0.76632,0.7664,1.50,1.50
2017.03.29 13:57:00.374,0.76633,0.76641,1.00,1.50
2017.03.29 13:57:04.135,0.76634,0.76642,1.00,1.87
2017.03.29 13:57:04.186,0.76634,0.76643,1.00,1.87
2017.03.29 13:57:04.357,0.76636,0.76644,1.00,5.62
2017.03.29 13:57:06.279,0.76638,0.76644,1.00,1.37
2017.03.29 13:57:22.852,0.76635,0.76644,1.50,2.44
2017.03.29 13:57:23.621,0.76636,0.76644,1.00,2.25
2017.03.29 13:57:45.401,0.76634,0.76643,1.50,2.62
2017.03.29 13:57:45.793,0.76633,0.76642,4.50,2.62
2017.03.29 13:57:46.319,0.76632,0.7664,1.50,1.12
2017.03.29 13:57:48.004,0.76632,0.76641,2.62,2.25
2017.03.29 13:57:49.097,0.76632,0.76642,3.75,2.25
2017.03.29 13:57:49.418,0.76632,0.7664,3.00,1.00
2017.03.29 13:57:50.810,0.76632,0.76641,1.50,1.50
2017.03.29 13:57:51.223,0.76634,0.76642,1.00,6.00
2017.03.29 13:57:51.766,0.76633,0.76642,1.00,5.25
2017.03.29 13:57:52.102,0.76633,0.7664,1.00,1.00
2017.03.29 13:57:54.949,0.76634,0.7664,1.00,1.00
2017.03.29 13:57:55.408,0.76634,0.76642,1.00,2.25
2017.03.29 13:58:02.268,0.76635,0.76642,1.00,1.50
2017.03.29 13:58:03.936,0.76634,0.76642,1.00,1.50
2017.03.29 13:58:04.575,0.76635,0.76642,1.00,1.50
2017.03.29 13:58:06.227,0.76634,0.76642,1.00,1.50
2017.03.29 13:58:13.136,0.76633,0.76642,3.75,1.50
2017.03.29 13:58:14.067,0.76633,0.76642,1.50,3.75
2017.03.29 13:58:26.360,0.76633,0.7664,1.00,1.00
2017.03.29 13:58:29.464,0.76631,0.7664,1.50,3.75
2017.03.29 13:58:29.982,0.76631,0.76639,1.50,1.50
2017.03.29 13:58:30.503,0.76631,0.76638,1.50,1.00
2017.03.29 13:58:31.144,0.76631,0.76639,1.50,1.00
2017.03.29 13:58:32.385,0.76633,0.76639,1.00,1.00
2017.03.29 13:58:32.917,0.76632,0.76639,1.00,1.00
2017.03.29 13:58:36.507,0.7663,0.76636,1.50,1.00
2017.03.29 13:58:36.558,0.76628,0.76635,1.00,1.30
2017.03.29 13:58:36.710,0.76627,0.76635,1.00,8.10
2017.03.29 13:58:36.913,0.76626,0.76634,1.00,2.10
2017.03.29 13:58:37.014,0.76626,0.76633,1.00,1.37
2017.03.29 13:58:37.551,0.76626,0.76634,1.00,3.60
2017.03.29 13:58:38.085,0.76626,0.76634,1.00,3.75
2017.03.29 13:58:40.554,0.76625,0.76631,1.00,1.00
2017.03.29 13:58:41.725,0.7663,0.76634,1.00,1.87
2017.03.29 13:58:41.776,0.7663,0.76635,1.87,1.00
2017.03.29 13:58:41.877,0.7663,0.76638,1.00,2.25
2017.03.29 13:58:42.383,0.76631,0.76636,1.00,1.00
2017.03.29 13:58:42.934,0.76631,0.76637,1.00,1.87
2017.03.29 13:58:44.035,0.76631,0.76635,1.00,1.00
2017.03.29 13:58:47.360,0.7663,0.76635,1.00,1.00
2017.03.29 13:58:47.880,0.7663,0.76634,1.00,1.00
2017.03.29 13:58:50.829,0.76626,0.76632,1.00,1.00
2017.03.29 13:58:56.085,0.76626,0.76634,1.00,2.25
2017.03.29 13:58:57.809,0.76625,0.76634,1.50,2.25
2017.03.29 13:58:59.865,0.76624,0.76634,6.37,1.50
2017.03.29 13:59:00.453,0.76624,0.76634,4.50,3.37
2017.03.29 13:59:01.391,0.76624,0.76634,4.50,3.00
2017.03.29 13:59:03.631,0.76625,0.76634,1.50,1.50
2017.03.29 13:59:04.272,0.76626,0.76634,1.00,1.12
2017.03.29 13:59:05.177,0.76625,0.76633,1.87,1.00
2017.03.29 13:59:06.079,0.76626,0.76634,1.00,2.25
2017.03.29 13:59:06.625,0.76626,0.76634,1.00,1.50
2017.03.29 13:59:07.614,0.76626,0.76634,1.00,2.25
2017.03.29 13:59:08.172,0.76626,0.76634,2.25,1.12
2017.03.29 13:59:13.175,0.76627,0.76635,1.00,4.12
2017.03.29 13:59:14.373,0.76627,0.76635,1.00,1.87
2017.03.29 13:59:14.905,0.76626,0.76635,1.00,3.37
2017.03.29 13:59:16.414,0.76626,0.76634,1.50,1.12
2017.03.29 13:59:16.989,0.76627,0.76635,1.00,2.62
2017.03.29 13:59:17.398,0.76625,0.76634,5.62,1.12
2017.03.29 13:59:20.088,0.76627,0.76635,1.00,4.12
2017.03.29 13:59:22.636,0.76627,0.76635,1.00,3.75
2017.03.29 13:59:23.767,0.76625,0.76634,1.50,1.00
2017.03.29 13:59:23.869,0.76625,0.76632,1.00,1.00
2017.03.29 13:59:24.377,0.76625,0.76632,1.00,1.87
2017.03.29 13:59:25.124,0.76625,0.76632,1.00,2.25
2017.03.29 13:59:25.428,0.76629,0.76633,1.50,1.00
2017.03.29 13:59:25.479,0.76629,0.76635,1.50,2.25
2017.03.29 13:59:25.836,0.76627,0.76635,1.00,2.25
2017.03.29 13:59:25.937,0.76628,0.76635,1.00,3.00
2017.03.29 13:59:26.587,0.76626,0.76633,1.00,1.12
2017.03.29 13:59:27.146,0.76625,0.76633,1.50,1.12
2017.03.29 13:59:27.425,0.76625,0.7663,2.25,1.00
2017.03.29 13:59:27.680,0.76625,0.76632,2.62,1.00
2017.03.29 13:59:27.951,0.76628,0.76634,1.00,1.37
2017.03.29 13:59:28.154,0.76625,0.76633,4.87,1.00
2017.03.29 13:59:28.407,0.76625,0.76633,4.12,1.00
2017.03.29 13:59:28.458,0.76625,0.76633,4.50,1.00
2017.03.29 13:59:29.750,0.76626,0.76633,1.00,1.00
2017.03.29 13:59:30.109,0.76629,0.76634,1.20,1.12
2017.03.29 13:59:30.363,0.76629,0.76636,1.00,1.12
2017.03.29 13:59:30.674,0.76629,0.76633,1.00,1.00
2017.03.29 13:59:30.725,0.76628,0.76633,1.00,1.00
2017.03.29 13:59:30.789,0.76626,0.76633,2.25,1.00
2017.03.29 13:59:31.296,0.76626,0.76632,1.00,1.00
2017.03.29 13:59:32.821,0.76625,0.76632,2.25,1.00
2017.03.29 13:59:33.348,0.76624,0.76632,3.00,1.00
2017.03.29 13:59:36.873,0.76625,0.76632,1.00,1.00
2017.03.29 13:59:37.783,0.76624,0.76632,4.50,1.00
2017.03.29 13:59:39.579,0.76625,0.76632,1.00,1.00
2017.03.29 13:59:40.581,0.76624,0.76632,3.00,1.00
2017.03.29 13:59:40.633,0.76623,0.7663,1.87,1.00
2017.03.29 13:59:40.937,0.76622,0.76628,4.50,1.00
2017.03.29 13:59:46.643,0.76622,0.76627,1.50,1.00
2017.03.29 13:59:46.845,0.76624,0.76632,1.00,2.25
2017.03.29 13:59:47.351,0.76622,0.7663,3.37,1.00
2017.03.29 13:59:47.402,0.76622,0.7663,2.62,1.00
2017.03.29 13:59:47.901,0.76623,0.76631,4.12,1.00
2017.03.29 13:59:48.414,0.76623,0.7663,1.50,1.00
2017.03.29 13:59:49.223,0.76623,0.76632,1.00,1.00
2017.03.29 13:59:50.270,0.76623,0.76631,1.50,1.00
2017.03.29 13:59:50.911,0.76622,0.76632,4.12,1.00
2017.03.29 13:59:51.419,0.76624,0.76634,1.50,1.87
2017.03.29 13:59:51.885,0.76624,0.76635,2.25,1.50
2017.03.29 13:59:52.495,0.76625,0.76635,2.62,1.00
2017.03.29 13:59:53.121,0.76625,0.76636,3.37,1.12
2017.03.29 13:59:55.136,0.76626,0.76635,1.12,2.44
2017.03.29 13:59:55.845,0.76624,0.76633,2.25,1.25
2017.03.29 13:59:55.985,0.76624,0.76633,1.50,2.81
2017.03.29 13:59:56.239,0.76621,0.76629,2.62,1.00
2017.03.29 13:59:56.544,0.76621,0.76625,1.87,2.62
2017.03.29 13:59:56.595,0.76619,0.76623,1.05,1.00
2017.03.29 13:59:56.646,0.76619,0.76625,1.20,1.00
2017.03.29 13:59:56.748,0.76619,0.76623,1.00,1.00
2017.03.29 13:59:56.799,0.76617,0.76622,1.12,1.35
2017.03.29 13:59:56.850,0.76615,0.76622,1.00,1.25
2017.03.29 13:59:56.987,0.76614,0.7662,1.00,1.00
2017.03.29 13:59:57.291,0.76611,0.76617,1.87,2.44
2017.03.29 13:59:57.545,0.76608,0.76613,1.50,1.19
2017.03.29 13:59:57.597,0.76606,0.7661,8.62,1.00
2017.03.29 13:59:57.648,0.7661,0.76614,1.50,1.00
2017.03.29 13:59:58.032,0.7661,0.76617,3.67,1.69
2017.03.29 13:59:58.236,0.76609,0.76616,1.12,2.25
2017.03.29 13:59:58.439,0.76609,0.76619,4.05,1.50
2017.03.29 13:59:58.642,0.7661,0.76621,1.12,1.00
2017.03.29 13:59:58.845,0.7661,0.76622,8.17,1.00
2017.03.29 13:59:59.384,0.76612,0.76623,1.87,3.00
2017.03.29 13:59:59.688,0.76614,0.76624,1.37,2.25
2017.03.29 13:59:59.991,0.76621,0.76629,1.00,1.75
