2016.10.21 07:00:00.078,0.76435,0.76444,2.25,1.37
2016.10.21 07:00:00.129,0.76434,0.76443,2.02,1.00
2016.10.21 07:00:00.181,0.76433,0.76443,4.50,2.25
2016.10.21 07:00:00.234,0.76434,0.76445,1.87,3.37
2016.10.21 07:00:00.286,0.76435,0.76445,1.00,3.00
2016.10.21 07:00:00.339,0.76436,0.76446,1.50,1.00
2016.10.21 07:00:00.391,0.76436,0.76443,1.00,1.00
2016.10.21 07:00:00.714,0.76434,0.76443,1.12,1.50
2016.10.21 07:00:00.765,0.76431,0.76442,1.12,1.12
2016.10.21 07:00:00.817,0.7643,0.76442,4.69,1.50
2016.10.21 07:00:00.868,0.7643,0.76442,2.06,1.50
2016.10.21 07:00:00.919,0.7643,0.7644,2.81,1.00
2016.10.21 07:00:00.971,0.7643,0.7644,3.56,1.00
2016.10.21 07:00:01.022,0.7643,0.7644,2.06,1.00
2016.10.21 07:00:01.073,0.7643,0.7644,3.19,1.00
2016.10.21 07:00:01.435,0.7643,0.76442,2.06,1.00
2016.10.21 07:00:01.505,0.7643,0.76442,2.06,1.00
2016.10.21 07:00:01.830,0.7643,0.7644,2.06,1.00
2016.10.21 07:00:02.198,0.7643,0.76442,2.47,1.00
2016.10.21 07:00:02.387,0.7643,0.76442,2.44,1.00
2016.10.21 07:00:02.438,0.7643,0.76442,2.06,1.00
2016.10.21 07:00:02.540,0.7643,0.76442,1.31,1.50
2016.10.21 07:00:02.592,0.7643,0.76442,1.25,1.50
2016.10.21 07:00:02.914,0.7643,0.76442,2.06,1.12
2016.10.21 07:00:02.965,0.7643,0.76443,2.06,1.87
2016.10.21 07:00:03.068,0.7643,0.76443,2.25,1.87
2016.10.21 07:00:03.119,0.76432,0.76442,1.12,1.12
2016.10.21 07:00:03.170,0.7643,0.76443,2.25,1.87
2016.10.21 07:00:03.222,0.7643,0.76443,2.06,1.87
2016.10.21 07:00:03.274,0.76432,0.76442,1.12,1.12
2016.10.21 07:00:03.989,0.76431,0.76441,1.50,1.00
2016.10.21 07:00:04.376,0.7643,0.76441,1.04,2.25
2016.10.21 07:00:04.428,0.76429,0.7644,1.87,1.12
2016.10.21 07:00:05.299,0.7643,0.7644,1.12,1.12
2016.10.21 07:00:05.818,0.7643,0.7644,2.25,1.12
2016.10.21 07:00:05.878,0.7643,0.76441,1.50,1.50
2016.10.21 07:00:06.810,0.76431,0.76441,1.12,2.25
2016.10.21 07:00:07.370,0.76431,0.76441,1.00,2.25
2016.10.21 07:00:07.783,0.7643,0.76441,1.00,2.25
2016.10.21 07:00:09.475,0.7643,0.76441,1.00,3.75
2016.10.21 07:00:10.243,0.7643,0.76441,1.00,4.50
2016.10.21 07:00:10.602,0.7643,0.76441,1.00,3.75
2016.10.21 07:00:10.704,0.7643,0.76441,1.00,4.50
2016.10.21 07:00:11.015,0.7643,0.76441,1.00,3.00
2016.10.21 07:00:11.169,0.7643,0.76441,1.00,2.25
2016.10.21 07:00:11.272,0.7643,0.76441,1.00,3.00
2016.10.21 07:00:11.476,0.7643,0.76441,1.00,4.50
2016.10.21 07:00:11.591,0.7643,0.76441,1.00,3.75
2016.10.21 07:00:12.029,0.7643,0.76441,1.00,2.25
2016.10.21 07:00:12.492,0.7643,0.7644,1.00,1.87
2016.10.21 07:00:14.252,0.7643,0.76441,1.00,2.25
2016.10.21 07:00:14.303,0.7643,0.76441,1.00,3.00
2016.10.21 07:00:14.406,0.7643,0.76441,1.00,2.25
2016.10.21 07:00:14.487,0.7643,0.7644,1.00,1.87
2016.10.21 07:00:14.772,0.76429,0.76437,1.12,1.50
2016.10.21 07:00:15.104,0.76427,0.76437,2.81,2.25
2016.10.21 07:00:15.155,0.76427,0.76437,1.31,1.50
2016.10.21 07:00:15.209,0.76427,0.76437,1.25,1.50
2016.10.21 07:00:15.942,0.76428,0.76438,1.50,1.12
2016.10.21 07:00:15.993,0.76427,0.76439,2.81,1.12
2016.10.21 07:00:16.198,0.76428,0.76439,1.37,1.12
2016.10.21 07:00:16.249,0.76429,0.7644,1.12,1.50
2016.10.21 07:00:16.301,0.76429,0.7644,2.25,1.50
2016.10.21 07:00:16.403,0.76429,0.7644,3.37,1.00
2016.10.21 07:00:17.017,0.76429,0.7644,1.87,1.12
2016.10.21 07:00:17.221,0.76429,0.7644,2.62,1.12
2016.10.21 07:00:18.307,0.76429,0.7644,2.62,1.12
2016.10.21 07:00:20.778,0.76429,0.7644,2.62,1.12
2016.10.21 07:00:21.131,0.76431,0.7644,1.87,1.00
2016.10.21 07:00:21.185,0.76431,0.76442,1.87,2.81
2016.10.21 07:00:21.348,0.76431,0.76442,2.25,2.44
2016.10.21 07:00:21.401,0.76431,0.76442,2.25,2.06
2016.10.21 07:00:21.851,0.76431,0.76442,1.37,2.06
2016.10.21 07:00:21.989,0.76431,0.76443,1.37,4.12
2016.10.21 07:00:22.398,0.76431,0.76442,1.37,1.00
2016.10.21 07:00:23.268,0.76432,0.76442,1.12,2.06
2016.10.21 07:00:23.320,0.76433,0.76442,1.25,1.87
2016.10.21 07:00:23.371,0.76433,0.76444,3.41,2.25
2016.10.21 07:00:23.422,0.76434,0.76444,2.25,1.50
2016.10.21 07:00:23.474,0.76436,0.76444,1.00,1.12
2016.10.21 07:00:23.525,0.76436,0.76446,1.12,1.50
2016.10.21 07:00:23.627,0.76436,0.76446,1.87,1.00
2016.10.21 07:00:24.132,0.76436,0.76446,1.87,1.50
2016.10.21 07:00:24.183,0.76436,0.76446,1.37,1.00
2016.10.21 07:00:24.234,0.76436,0.76447,1.37,1.50
2016.10.21 07:00:24.387,0.76437,0.76447,1.12,1.00
2016.10.21 07:00:24.541,0.76437,0.76448,2.62,1.87
2016.10.21 07:00:24.856,0.76437,0.76448,2.62,1.87
2016.10.21 07:00:24.912,0.76437,0.76447,1.00,1.12
2016.10.21 07:00:24.963,0.76437,0.76448,1.00,1.87
2016.10.21 07:00:25.014,0.76437,0.76447,1.50,1.12
2016.10.21 07:00:25.066,0.76437,0.76447,1.50,1.87
2016.10.21 07:00:25.117,0.76438,0.76447,1.00,1.87
2016.10.21 07:00:25.168,0.76438,0.76447,1.00,1.12
2016.10.21 07:00:25.270,0.76436,0.76447,1.37,1.12
2016.10.21 07:00:25.321,0.76436,0.76447,1.00,1.12
2016.10.21 07:00:25.915,0.76435,0.76443,1.37,1.50
2016.10.21 07:00:25.966,0.76432,0.76443,1.00,1.87
2016.10.21 07:00:26.020,0.76431,0.76443,2.25,2.25
2016.10.21 07:00:26.225,0.76431,0.76443,2.25,2.25
2016.10.21 07:00:26.277,0.76431,0.76443,2.62,1.87
2016.10.21 07:00:26.328,0.76432,0.76443,1.00,1.50
2016.10.21 07:00:27.643,0.76432,0.76442,1.00,1.50
2016.10.21 07:00:31.058,0.76432,0.76442,1.00,3.00
2016.10.21 07:00:31.320,0.76432,0.76441,1.00,1.87
2016.10.21 07:00:31.371,0.7643,0.76441,2.62,1.87
2016.10.21 07:00:31.422,0.7643,0.76441,1.87,1.87
2016.10.21 07:00:31.473,0.7643,0.76441,2.25,1.50
2016.10.21 07:00:31.575,0.7643,0.76441,2.25,1.60
2016.10.21 07:00:31.909,0.7643,0.76442,2.25,6.10
2016.10.21 07:00:31.960,0.7643,0.7644,2.25,1.12
2016.10.21 07:00:32.063,0.7643,0.7644,1.87,1.12
2016.10.21 07:00:32.165,0.76431,0.7644,1.00,1.00
2016.10.21 07:00:34.178,0.7643,0.7644,1.50,1.00
2016.10.21 07:00:34.230,0.7643,0.76441,1.50,3.10
2016.10.21 07:00:34.282,0.7643,0.76441,1.50,2.25
2016.10.21 07:00:34.333,0.76431,0.76441,1.50,1.00
2016.10.21 07:00:34.435,0.76431,0.76442,3.00,1.69
2016.10.21 07:00:34.487,0.76432,0.76442,1.12,1.50
2016.10.21 07:00:34.538,0.76433,0.76444,1.00,1.87
2016.10.21 07:00:34.590,0.76433,0.76444,1.50,3.75
2016.10.21 07:00:34.641,0.76432,0.76444,1.87,4.60
2016.10.21 07:00:34.692,0.76432,0.76444,1.87,3.75
2016.10.21 07:00:34.967,0.76432,0.76444,1.75,4.50
2016.10.21 07:00:35.019,0.76431,0.76443,1.50,1.87
2016.10.21 07:00:35.070,0.7643,0.76442,4.69,1.00
2016.10.21 07:00:35.172,0.7643,0.76442,4.69,1.33
2016.10.21 07:00:35.224,0.76431,0.76442,1.50,1.00
2016.10.21 07:00:35.327,0.7643,0.76442,3.94,1.00
2016.10.21 07:00:35.429,0.7643,0.76442,2.85,2.44
2016.10.21 07:00:35.481,0.7643,0.76442,2.81,2.25
2016.10.21 07:00:35.533,0.7643,0.76442,3.94,1.25
2016.10.21 07:00:35.893,0.7643,0.76442,3.94,2.44
2016.10.21 07:00:35.945,0.7643,0.76442,3.94,3.00
2016.10.21 07:00:36.354,0.7643,0.76442,2.81,3.00
2016.10.21 07:00:36.405,0.7643,0.76442,2.81,1.50
2016.10.21 07:00:37.038,0.7643,0.76442,2.81,1.60
2016.10.21 07:00:37.093,0.7643,0.76442,2.81,1.50
2016.10.21 07:00:37.145,0.7643,0.76442,2.81,1.50
2016.10.21 07:00:37.247,0.7643,0.76442,2.81,1.12
2016.10.21 07:00:37.401,0.7643,0.76442,3.19,1.12
2016.10.21 07:00:37.657,0.7643,0.76442,2.81,1.12
2016.10.21 07:00:38.552,0.7643,0.76441,2.81,1.00
2016.10.21 07:00:40.356,0.7643,0.76441,3.56,1.00
2016.10.21 07:00:40.407,0.7643,0.76443,3.56,2.62
2016.10.21 07:00:40.459,0.7643,0.76443,5.81,2.62
2016.10.21 07:00:40.782,0.7643,0.76443,5.44,2.62
2016.10.21 07:00:40.834,0.7643,0.76443,6.19,4.12
2016.10.21 07:00:41.244,0.7643,0.76443,5.44,4.12
2016.10.21 07:00:41.345,0.7643,0.76443,5.44,3.75
2016.10.21 07:00:41.397,0.76431,0.76443,1.37,3.75
2016.10.21 07:00:41.938,0.76431,0.76443,1.37,4.50
2016.10.21 07:00:42.040,0.76431,0.76442,1.37,2.17
2016.10.21 07:00:42.092,0.76431,0.76442,1.37,1.87
2016.10.21 07:00:42.143,0.7643,0.76442,2.44,3.37
2016.10.21 07:00:42.245,0.7643,0.76442,2.44,2.62
2016.10.21 07:00:42.296,0.7643,0.76441,2.44,1.00
2016.10.21 07:00:42.398,0.7643,0.76441,2.81,1.12
2016.10.21 07:00:42.449,0.7643,0.76441,2.81,1.23
2016.10.21 07:00:43.035,0.7643,0.76441,2.62,1.23
2016.10.21 07:00:43.087,0.7643,0.76441,1.87,1.23
2016.10.21 07:00:43.139,0.7643,0.76441,1.87,2.73
2016.10.21 07:00:43.394,0.7643,0.76441,1.87,2.62
2016.10.21 07:00:44.116,0.7643,0.76441,1.87,1.12
2016.10.21 07:00:44.169,0.7643,0.76442,1.87,3.00
2016.10.21 07:00:44.222,0.7643,0.76442,2.66,2.62
2016.10.21 07:00:44.274,0.7643,0.76442,2.85,2.62
2016.10.21 07:00:44.325,0.76432,0.76443,1.00,3.00
2016.10.21 07:00:44.376,0.76432,0.76443,2.25,3.00
2016.10.21 07:00:44.428,0.76432,0.76443,1.87,2.25
2016.10.21 07:00:44.494,0.76433,0.76443,1.00,1.12
2016.10.21 07:00:45.107,0.76433,0.76443,1.24,1.12
2016.10.21 07:00:45.159,0.76433,0.76445,1.50,4.31
2016.10.21 07:00:45.210,0.76435,0.76445,1.00,1.50
2016.10.21 07:00:45.261,0.76435,0.76446,1.12,2.25
2016.10.21 07:00:45.565,0.76436,0.76447,1.00,4.12
2016.10.21 07:00:45.617,0.76436,0.76447,1.00,2.62
2016.10.21 07:00:45.719,0.76436,0.76447,1.00,3.37
2016.10.21 07:00:45.770,0.76436,0.76447,1.50,2.62
2016.10.21 07:00:46.130,0.76436,0.76447,1.50,4.12
2016.10.21 07:00:46.474,0.76436,0.76445,1.00,1.00
2016.10.21 07:00:46.533,0.76434,0.76445,3.37,1.50
2016.10.21 07:00:46.590,0.76433,0.76445,7.87,1.50
2016.10.21 07:00:46.667,0.76434,0.76445,1.50,1.50
2016.10.21 07:00:46.873,0.76433,0.76443,6.75,1.00
2016.10.21 07:00:47.195,0.76433,0.76443,2.62,1.00
2016.10.21 07:00:47.252,0.76433,0.76443,1.50,1.00
2016.10.21 07:00:48.524,0.76432,0.76443,1.75,1.00
2016.10.21 07:00:48.586,0.76431,0.76443,3.00,1.00
2016.10.21 07:00:48.892,0.76431,0.76443,3.00,1.50
2016.10.21 07:00:49.248,0.76431,0.76443,3.00,1.00
2016.10.21 07:00:50.109,0.76432,0.76443,1.00,1.00
2016.10.21 07:00:51.099,0.76432,0.76443,1.00,1.50
2016.10.21 07:00:51.150,0.76432,0.76443,1.00,1.87
2016.10.21 07:00:51.253,0.76432,0.76443,1.00,1.87
2016.10.21 07:00:51.805,0.76435,0.76443,1.00,1.50
2016.10.21 07:00:51.868,0.76435,0.76447,3.75,1.50
2016.10.21 07:00:51.919,0.76435,0.76447,3.00,1.12
2016.10.21 07:00:51.970,0.76435,0.76446,3.00,1.00
2016.10.21 07:00:52.021,0.76436,0.76447,1.37,1.12
2016.10.21 07:00:52.098,0.76436,0.76447,2.25,1.00
2016.10.21 07:00:52.201,0.76436,0.76448,2.25,4.72
2016.10.21 07:00:52.848,0.76436,0.76447,1.00,1.00
2016.10.21 07:00:52.900,0.76436,0.76447,1.00,1.14
2016.10.21 07:00:52.951,0.76436,0.76447,1.00,1.00
2016.10.21 07:00:53.155,0.76436,0.76447,1.00,1.14
2016.10.21 07:00:53.206,0.76436,0.76447,1.00,1.00
2016.10.21 07:00:53.309,0.76436,0.76447,1.00,1.14
2016.10.21 07:00:53.769,0.76436,0.76447,1.00,1.23
2016.10.21 07:00:53.825,0.76436,0.76446,1.00,1.00
2016.10.21 07:00:53.928,0.76435,0.76446,4.27,1.00
2016.10.21 07:00:53.980,0.76436,0.76446,1.37,1.00
2016.10.21 07:00:54.780,0.76434,0.76444,1.50,1.50
2016.10.21 07:00:54.890,0.76434,0.76444,1.00,1.12
2016.10.21 07:00:55.892,0.76433,0.76442,1.00,1.00
2016.10.21 07:00:55.946,0.76433,0.76442,1.12,1.00
2016.10.21 07:00:55.997,0.76433,0.76442,1.00,1.00
2016.10.21 07:00:56.048,0.76432,0.76442,1.00,1.00
2016.10.21 07:00:56.150,0.76431,0.76442,7.12,1.00
2016.10.21 07:00:56.304,0.76431,0.76442,7.16,1.00
2016.10.21 07:00:56.355,0.76431,0.76442,5.62,1.00
2016.10.21 07:00:56.560,0.76432,0.76442,1.00,1.00
2016.10.21 07:00:57.667,0.76432,0.76442,1.87,1.00
2016.10.21 07:00:57.719,0.76436,0.76443,1.00,1.00
2016.10.21 07:00:57.771,0.76436,0.76443,1.12,1.00
2016.10.21 07:00:57.873,0.76437,0.76448,3.00,1.62
2016.10.21 07:00:58.207,0.76437,0.76448,4.12,1.25
2016.10.21 07:00:58.272,0.76437,0.76448,3.75,1.00
2016.10.21 07:00:58.731,0.76437,0.76448,5.25,1.00
2016.10.21 07:00:58.833,0.76437,0.76448,4.87,1.00
2016.10.21 07:00:58.884,0.76437,0.76448,5.25,1.00
2016.10.21 07:00:59.210,0.76439,0.76448,1.75,1.00
2016.10.21 07:01:00.234,0.76439,0.76449,1.75,2.44
2016.10.21 07:01:00.285,0.76439,0.76449,1.94,2.44
2016.10.21 07:01:00.336,0.7644,0.76449,3.37,1.12
2016.10.21 07:01:00.387,0.7644,0.7645,3.00,2.62
2016.10.21 07:01:00.438,0.7644,0.76451,1.05,3.00
2016.10.21 07:01:00.490,0.7644,0.76451,1.87,2.62
2016.10.21 07:01:00.542,0.76441,0.7645,1.00,1.12
2016.10.21 07:01:00.646,0.76441,0.76452,1.00,3.75
2016.10.21 07:01:00.698,0.76441,0.76452,1.00,3.37
2016.10.21 07:01:01.412,0.76441,0.7645,1.00,1.00
2016.10.21 07:01:01.465,0.76441,0.7645,1.00,1.12
2016.10.21 07:01:01.516,0.76441,0.76449,1.00,1.00
2016.10.21 07:01:01.620,0.76441,0.7645,1.00,1.12
2016.10.21 07:01:01.704,0.76441,0.7645,1.00,2.62
2016.10.21 07:01:02.030,0.7644,0.76449,1.75,1.00
2016.10.21 07:01:02.082,0.7644,0.76448,1.12,1.00
2016.10.21 07:01:02.133,0.7644,0.7645,1.12,3.37
2016.10.21 07:01:02.184,0.76442,0.7645,1.37,2.62
2016.10.21 07:01:02.236,0.76442,0.7645,1.00,1.87
2016.10.21 07:01:02.287,0.76441,0.7645,1.37,1.50
2016.10.21 07:01:02.390,0.76441,0.7645,1.37,1.00
2016.10.21 07:01:02.544,0.76441,0.76449,2.25,1.00
2016.10.21 07:01:02.846,0.76441,0.76451,1.00,1.50
2016.10.21 07:01:02.907,0.7644,0.76451,3.00,1.87
2016.10.21 07:01:02.958,0.7644,0.7645,4.12,1.00
2016.10.21 07:01:03.062,0.7644,0.7645,2.62,1.00
2016.10.21 07:01:03.760,0.7644,0.76451,2.62,3.37
2016.10.21 07:01:03.811,0.7644,0.76451,2.62,2.62
2016.10.21 07:01:03.862,0.7644,0.76451,1.50,2.25
2016.10.21 07:01:03.914,0.7644,0.76451,1.50,3.00
2016.10.21 07:01:04.169,0.7644,0.76451,1.50,2.25
2016.10.21 07:01:04.271,0.7644,0.7645,1.50,1.12
2016.10.21 07:01:04.692,0.7644,0.76449,1.50,1.00
2016.10.21 07:01:04.748,0.7644,0.76451,1.50,3.00
2016.10.21 07:01:04.800,0.7644,0.76451,1.50,2.25
2016.10.21 07:01:04.904,0.7644,0.7645,1.50,1.12
2016.10.21 07:01:05.007,0.7644,0.7645,1.50,1.12
2016.10.21 07:01:05.109,0.7644,0.7645,1.50,1.87
2016.10.21 07:01:05.160,0.7644,0.7645,1.50,2.25
2016.10.21 07:01:05.474,0.7644,0.7645,1.12,2.25
2016.10.21 07:01:05.525,0.7644,0.7645,1.00,1.87
2016.10.21 07:01:05.678,0.7644,0.76449,1.00,1.00
2016.10.21 07:01:05.781,0.7644,0.76451,1.00,2.62
2016.10.21 07:01:05.883,0.7644,0.76451,1.12,3.37
2016.10.21 07:01:05.934,0.76441,0.76451,1.37,3.37
2016.10.21 07:01:06.036,0.76441,0.76451,1.37,1.87
2016.10.21 07:01:06.088,0.76441,0.76451,1.37,2.25
2016.10.21 07:01:06.139,0.76441,0.76452,3.75,6.00
2016.10.21 07:01:06.190,0.76441,0.76452,3.75,4.12
2016.10.21 07:01:06.502,0.76441,0.76451,4.12,1.00
2016.10.21 07:01:06.792,0.76441,0.7645,1.50,2.25
2016.10.21 07:01:06.843,0.76441,0.7645,1.50,1.50
2016.10.21 07:01:06.894,0.76441,0.7645,1.50,1.00
2016.10.21 07:01:06.996,0.76441,0.76451,1.50,2.25
2016.10.21 07:01:07.047,0.76441,0.76451,1.50,1.87
2016.10.21 07:01:07.098,0.76441,0.76451,1.50,1.50
2016.10.21 07:01:07.353,0.76441,0.76451,1.50,1.00
2016.10.21 07:01:07.737,0.76441,0.76451,2.25,1.00
2016.10.21 07:01:07.839,0.76441,0.76451,1.87,1.50
2016.10.21 07:01:07.941,0.76441,0.7645,1.37,1.00
2016.10.21 07:01:07.992,0.76441,0.76451,1.37,1.50
2016.10.21 07:01:08.044,0.76441,0.76449,1.37,1.00
2016.10.21 07:01:08.095,0.76441,0.76451,1.37,1.50
2016.10.21 07:01:08.147,0.76441,0.76451,1.37,1.87
2016.10.21 07:01:08.198,0.76441,0.76451,1.00,1.87
2016.10.21 07:01:08.250,0.7644,0.76451,1.87,1.87
2016.10.21 07:01:08.301,0.7644,0.76451,1.87,2.62
2016.10.21 07:01:08.454,0.7644,0.76451,1.87,1.50
2016.10.21 07:01:08.790,0.7644,0.7645,1.87,1.00
2016.10.21 07:01:09.095,0.7644,0.7645,1.87,1.00
2016.10.21 07:01:09.146,0.7644,0.76451,1.87,2.25
2016.10.21 07:01:09.197,0.7644,0.76451,1.87,2.25
2016.10.21 07:01:09.299,0.7644,0.76451,1.87,1.50
2016.10.21 07:01:09.827,0.7644,0.7645,1.87,1.00
2016.10.21 07:01:10.034,0.7644,0.76451,1.87,2.25
2016.10.21 07:01:10.186,0.7644,0.7645,1.87,1.50
2016.10.21 07:01:10.390,0.7644,0.7645,1.87,1.00
2016.10.21 07:01:11.045,0.7644,0.7645,2.62,1.00
2016.10.21 07:01:11.121,0.76441,0.76451,1.37,1.00
2016.10.21 07:01:11.224,0.7644,0.76451,1.87,1.00
2016.10.21 07:01:12.385,0.7644,0.7645,1.87,1.12
2016.10.21 07:01:12.436,0.7644,0.76449,1.50,1.00
2016.10.21 07:01:12.488,0.7644,0.76449,1.12,1.00
2016.10.21 07:01:12.541,0.7644,0.76449,1.00,1.00
2016.10.21 07:01:12.969,0.76439,0.76449,1.87,3.00
2016.10.21 07:01:13.021,0.76439,0.76449,1.12,3.00
2016.10.21 07:01:13.174,0.76439,0.76449,1.12,3.75
2016.10.21 07:01:13.277,0.76439,0.76449,1.12,3.00
2016.10.21 07:01:13.381,0.76439,0.76449,1.12,3.75
2016.10.21 07:01:13.587,0.76439,0.76449,1.12,3.75
2016.10.21 07:01:13.913,0.76437,0.76448,5.25,1.00
2016.10.21 07:01:13.965,0.76437,0.76448,6.00,1.00
2016.10.21 07:01:14.016,0.76438,0.76448,1.37,1.00
2016.10.21 07:01:14.067,0.76438,0.76448,1.50,1.00
2016.10.21 07:01:14.425,0.76438,0.76448,2.25,1.50
2016.10.21 07:01:15.779,0.76438,0.76448,2.25,1.00
2016.10.21 07:01:15.830,0.76438,0.76448,2.25,1.50
2016.10.21 07:01:15.881,0.76438,0.76448,2.25,1.00
2016.10.21 07:01:16.357,0.7644,0.76449,1.00,2.25
2016.10.21 07:01:16.409,0.7644,0.76451,3.37,4.12
2016.10.21 07:01:16.460,0.7644,0.76451,3.56,1.50
2016.10.21 07:01:16.511,0.76441,0.76452,1.87,3.00
2016.10.21 07:01:16.563,0.76441,0.76452,2.62,1.50
2016.10.21 07:01:16.614,0.76441,0.76452,3.00,1.50
2016.10.21 07:01:16.665,0.76442,0.76452,1.00,2.25
2016.10.21 07:01:17.016,0.76441,0.76452,4.12,2.62
2016.10.21 07:01:17.067,0.76441,0.76452,3.75,1.87
2016.10.21 07:01:17.118,0.76441,0.76451,3.75,1.50
2016.10.21 07:01:17.171,0.76441,0.76451,1.12,1.50
2016.10.21 07:01:17.222,0.76441,0.76451,1.12,2.62
2016.10.21 07:01:17.273,0.76441,0.76451,1.12,3.37
2016.10.21 07:01:17.324,0.76441,0.76451,1.12,3.00
2016.10.21 07:01:18.500,0.76441,0.7645,1.12,1.00
2016.10.21 07:01:19.938,0.76441,0.7645,1.12,1.50
2016.10.21 07:01:19.990,0.76441,0.76449,1.12,1.00
2016.10.21 07:01:22.509,0.76441,0.7645,1.12,1.50
2016.10.21 07:01:22.662,0.76441,0.7645,1.12,1.00
2016.10.21 07:01:22.764,0.76441,0.7645,2.25,1.00
2016.10.21 07:01:23.320,0.76441,0.7645,1.87,1.00
2016.10.21 07:01:25.272,0.76441,0.7645,2.25,1.00
2016.10.21 07:01:25.850,0.76441,0.7645,1.87,1.00
2016.10.21 07:01:30.805,0.76441,0.7645,1.12,1.00
2016.10.21 07:01:31.287,0.76441,0.7645,1.12,1.12
2016.10.21 07:01:31.440,0.76441,0.7645,1.12,2.62
2016.10.21 07:01:31.492,0.76441,0.7645,1.87,2.62
2016.10.21 07:01:31.543,0.76441,0.76449,1.37,1.12
2016.10.21 07:01:31.645,0.76439,0.76449,5.62,1.12
2016.10.21 07:01:31.998,0.76439,0.7645,4.87,4.50
2016.10.21 07:01:32.049,0.76439,0.7645,4.12,3.75
2016.10.21 07:01:32.101,0.76439,0.7645,4.12,3.00
2016.10.21 07:01:32.307,0.76439,0.76449,3.00,1.00
2016.10.21 07:01:32.885,0.76439,0.7645,4.12,3.00
2016.10.21 07:01:33.213,0.7644,0.7645,1.12,3.00
2016.10.21 07:01:33.265,0.7644,0.7645,1.12,3.75
2016.10.21 07:01:33.825,0.7644,0.76448,1.12,1.00
2016.10.21 07:01:33.876,0.76439,0.76444,2.25,1.50
2016.10.21 07:01:34.202,0.76436,0.76445,1.87,6.37
2016.10.21 07:01:34.254,0.76435,0.76445,1.50,4.87
2016.10.21 07:01:34.305,0.76435,0.76445,1.50,4.50
2016.10.21 07:01:34.356,0.76435,0.76445,1.00,4.50
2016.10.21 07:01:34.463,0.76435,0.76445,1.00,4.50
2016.10.21 07:01:34.721,0.76435,0.76444,1.00,1.00
2016.10.21 07:01:34.773,0.76435,0.76444,1.00,2.25
2016.10.21 07:01:35.063,0.76437,0.76444,1.00,2.25
2016.10.21 07:01:35.114,0.76437,0.76446,1.00,1.87
2016.10.21 07:01:35.168,0.76437,0.76446,1.00,1.87
2016.10.21 07:01:35.220,0.76437,0.76446,1.00,1.12
2016.10.21 07:01:35.323,0.76437,0.76446,1.00,1.00
2016.10.21 07:01:35.426,0.76437,0.76446,1.00,1.50
2016.10.21 07:01:35.477,0.76437,0.76446,1.00,1.00
2016.10.21 07:01:35.528,0.76437,0.76446,1.00,1.50
2016.10.21 07:01:35.630,0.76437,0.76446,1.00,1.53
2016.10.21 07:01:36.218,0.76437,0.76446,1.00,2.28
2016.10.21 07:01:36.277,0.76436,0.76446,1.50,2.25
2016.10.21 07:01:36.328,0.76436,0.76446,1.50,1.87
2016.10.21 07:01:36.379,0.76436,0.76446,1.00,2.73
2016.10.21 07:01:36.431,0.76436,0.76446,1.00,2.35
2016.10.21 07:01:36.533,0.76436,0.76446,1.00,1.50
2016.10.21 07:01:36.585,0.76436,0.76446,1.00,2.35
2016.10.21 07:01:36.841,0.76436,0.76446,1.00,1.50
2016.10.21 07:01:37.168,0.76436,0.76446,1.50,2.35
2016.10.21 07:01:37.219,0.76436,0.76446,1.50,1.00
2016.10.21 07:01:37.478,0.76436,0.76446,1.50,1.50
2016.10.21 07:01:37.532,0.76436,0.76446,1.50,1.87
2016.10.21 07:01:37.635,0.76436,0.76446,1.50,2.25
2016.10.21 07:01:37.841,0.76436,0.76446,1.50,2.62
2016.10.21 07:01:38.526,0.76436,0.76446,1.50,1.00
2016.10.21 07:01:38.628,0.76436,0.76446,1.50,1.00
2016.10.21 07:01:38.781,0.76436,0.76446,1.50,1.50
2016.10.21 07:01:39.118,0.76436,0.76446,1.50,2.25
2016.10.21 07:01:39.221,0.76436,0.76446,1.50,1.50
2016.10.21 07:01:40.083,0.76436,0.76446,1.50,2.25
2016.10.21 07:01:40.242,0.76436,0.76446,1.50,1.50
2016.10.21 07:01:40.293,0.76436,0.76446,1.50,2.25
2016.10.21 07:01:40.960,0.76436,0.76446,1.50,3.00
2016.10.21 07:01:42.127,0.76436,0.76446,1.50,3.85
2016.10.21 07:01:42.179,0.76436,0.76446,1.50,3.00
2016.10.21 07:01:42.230,0.76436,0.76446,1.12,3.75
2016.10.21 07:01:42.281,0.76436,0.76446,1.12,3.75
2016.10.21 07:01:43.389,0.76436,0.76445,1.12,1.00
2016.10.21 07:01:43.444,0.76436,0.76446,1.12,5.25
2016.10.21 07:01:43.510,0.76436,0.76446,1.12,4.50
2016.10.21 07:01:43.561,0.76436,0.76444,1.12,1.00
2016.10.21 07:01:43.612,0.76436,0.76444,1.00,1.00
2016.10.21 07:01:43.663,0.76434,0.76445,3.75,3.75
2016.10.21 07:01:43.765,0.76434,0.76445,3.75,3.37
2016.10.21 07:01:43.969,0.76434,0.76444,3.75,1.00
2016.10.21 07:01:44.616,0.76434,0.76443,1.50,1.00
2016.10.21 07:01:44.681,0.76433,0.76443,1.12,3.37
2016.10.21 07:01:44.733,0.76433,0.76442,1.12,1.12
2016.10.21 07:01:44.784,0.76433,0.76443,1.12,2.62
2016.10.21 07:01:44.836,0.76433,0.76443,1.00,2.62
2016.10.21 07:01:44.888,0.76433,0.76443,1.00,3.37
2016.10.21 07:01:44.941,0.76433,0.76443,1.37,3.00
2016.10.21 07:01:45.046,0.76433,0.76443,1.37,2.25
2016.10.21 07:01:45.098,0.76433,0.76444,1.37,1.12
2016.10.21 07:01:45.458,0.76433,0.76444,1.37,1.87
2016.10.21 07:01:45.509,0.76433,0.76444,1.37,2.62
2016.10.21 07:01:45.611,0.76433,0.76444,1.37,4.12
2016.10.21 07:01:45.764,0.76433,0.76444,1.37,4.12
2016.10.21 07:01:46.611,0.76434,0.76444,1.00,4.12
2016.10.21 07:01:46.663,0.76434,0.76444,1.00,4.50
2016.10.21 07:01:46.715,0.76434,0.76444,1.00,3.75
2016.10.21 07:01:46.766,0.76434,0.76444,1.00,2.62
2016.10.21 07:01:46.817,0.76434,0.76444,1.00,1.12
2016.10.21 07:01:46.869,0.76434,0.76445,1.00,6.00
2016.10.21 07:01:47.228,0.76434,0.76444,1.00,1.00
2016.10.21 07:01:47.643,0.76434,0.76444,1.00,1.12
2016.10.21 07:01:47.830,0.76434,0.76444,1.00,1.50
2016.10.21 07:01:48.387,0.76434,0.76444,1.00,1.00
2016.10.21 07:01:48.489,0.76434,0.76444,1.00,1.50
2016.10.21 07:01:48.780,0.76433,0.76443,1.00,2.25
2016.10.21 07:01:48.831,0.76433,0.76442,1.00,1.00
2016.10.21 07:01:48.888,0.76432,0.76442,3.19,1.00
2016.10.21 07:01:48.939,0.76432,0.76443,3.56,3.75
2016.10.21 07:01:49.374,0.76432,0.76443,4.31,3.75
2016.10.21 07:01:49.425,0.76436,0.76446,1.50,1.12
2016.10.21 07:01:49.497,0.76436,0.76447,1.87,1.62
2016.10.21 07:01:49.781,0.76436,0.76447,2.25,1.62
2016.10.21 07:01:49.860,0.76437,0.76448,1.12,8.17
2016.10.21 07:01:49.911,0.76437,0.76448,1.75,8.17
2016.10.21 07:01:50.014,0.76437,0.76448,1.12,6.85
2016.10.21 07:01:50.116,0.76437,0.76448,1.75,8.17
2016.10.21 07:01:50.167,0.76437,0.76448,1.12,6.85
2016.10.21 07:01:50.218,0.76437,0.76447,1.75,1.51
2016.10.21 07:01:50.269,0.76437,0.76447,1.87,2.62
2016.10.21 07:01:50.591,0.76435,0.76446,1.87,1.00
2016.10.21 07:01:50.644,0.76435,0.76446,1.50,1.50
2016.10.21 07:01:50.900,0.76435,0.76446,3.00,3.00
2016.10.21 07:01:52.053,0.76435,0.76446,3.75,2.25
2016.10.21 07:01:52.104,0.76436,0.76446,1.12,2.25
2016.10.21 07:01:52.155,0.76437,0.76446,1.00,2.25
2016.10.21 07:01:52.207,0.76437,0.76447,1.50,1.79
2016.10.21 07:01:52.258,0.76437,0.76447,1.50,1.62
2016.10.21 07:01:52.309,0.76437,0.76447,1.00,1.62
2016.10.21 07:01:52.953,0.76437,0.76447,1.50,1.62
2016.10.21 07:01:53.009,0.76438,0.76447,1.00,2.81
2016.10.21 07:01:53.061,0.76438,0.76447,1.00,2.62
2016.10.21 07:01:53.114,0.76438,0.76447,1.00,1.51
2016.10.21 07:01:53.166,0.76438,0.76448,1.12,3.37
2016.10.21 07:01:53.218,0.76438,0.76448,1.87,3.75
2016.10.21 07:01:53.271,0.76438,0.76448,1.12,2.35
2016.10.21 07:01:53.323,0.76438,0.76448,1.12,1.79
2016.10.21 07:01:53.374,0.76439,0.76448,1.00,1.79
2016.10.21 07:01:53.426,0.76439,0.76448,1.00,1.35
2016.10.21 07:01:53.478,0.76437,0.76447,4.50,1.14
2016.10.21 07:01:53.581,0.76437,0.76448,3.37,3.48
2016.10.21 07:01:53.633,0.76437,0.76448,4.50,3.67
2016.10.21 07:01:53.939,0.76437,0.76448,3.75,3.29
2016.10.21 07:01:54.144,0.76437,0.76448,3.75,2.54
2016.10.21 07:01:54.462,0.76437,0.76448,3.00,3.29
2016.10.21 07:01:55.152,0.76437,0.76448,3.37,3.29
2016.10.21 07:01:55.254,0.76437,0.76448,3.00,2.35
2016.10.21 07:01:55.306,0.76437,0.76448,3.37,2.44
2016.10.21 07:01:55.357,0.76438,0.76448,1.12,2.35
2016.10.21 07:01:55.409,0.76438,0.76448,1.12,1.14
2016.10.21 07:01:55.462,0.76438,0.76448,1.12,1.79
2016.10.21 07:01:55.514,0.76438,0.76448,1.12,1.14
2016.10.21 07:01:55.565,0.76437,0.76448,4.87,1.04
2016.10.21 07:01:55.617,0.76438,0.76448,1.12,1.00
2016.10.21 07:01:55.668,0.76438,0.76449,1.12,2.44
2016.10.21 07:01:56.144,0.76441,0.76449,1.00,1.00
2016.10.21 07:01:56.195,0.76441,0.76449,1.00,1.00
2016.10.21 07:01:56.297,0.76441,0.76449,1.00,1.00
2016.10.21 07:01:56.504,0.76441,0.76449,1.00,1.00
2016.10.21 07:01:56.555,0.76441,0.7645,1.00,1.62
2016.10.21 07:01:56.607,0.76441,0.7645,1.00,1.31
2016.10.21 07:01:56.659,0.76441,0.76451,1.00,4.69
2016.10.21 07:01:56.711,0.76441,0.76451,1.00,3.94
2016.10.21 07:01:57.052,0.76441,0.76451,1.00,5.92
2016.10.21 07:01:57.103,0.76441,0.76451,1.00,5.92
2016.10.21 07:01:58.038,0.76441,0.76451,1.00,4.69
2016.10.21 07:01:58.089,0.76441,0.76451,1.00,4.31
2016.10.21 07:01:58.411,0.76442,0.76451,1.00,2.25
2016.10.21 07:01:58.512,0.76442,0.76451,1.00,2.25
2016.10.21 07:01:59.413,0.76442,0.76451,1.00,2.35
2016.10.21 07:01:59.535,0.76442,0.76451,1.00,2.25
2016.10.21 07:01:59.586,0.76442,0.76451,1.00,3.00
2016.10.21 07:01:59.840,0.76442,0.76451,1.00,3.10
2016.10.21 07:02:00.094,0.76442,0.76451,1.00,4.23
2016.10.21 07:02:00.388,0.76442,0.76451,1.00,3.75
2016.10.21 07:02:00.439,0.76442,0.76451,1.00,3.10
2016.10.21 07:02:00.490,0.76442,0.76451,1.00,2.35
2016.10.21 07:02:00.693,0.76442,0.76451,1.00,1.60
2016.10.21 07:02:00.897,0.76442,0.76451,1.00,1.50
2016.10.21 07:02:01.678,0.76442,0.76451,1.00,1.50
2016.10.21 07:02:02.720,0.76442,0.76451,1.00,1.60
2016.10.21 07:02:03.129,0.76442,0.76451,1.00,1.50
2016.10.21 07:02:03.545,0.76442,0.76451,1.12,1.50
2016.10.21 07:02:03.598,0.76442,0.76451,1.12,1.60
2016.10.21 07:02:04.750,0.76442,0.76451,1.12,1.00
2016.10.21 07:02:04.904,0.76442,0.76451,1.12,1.00
2016.10.21 07:02:05.109,0.76443,0.76451,1.00,1.00
2016.10.21 07:02:05.627,0.76442,0.76451,1.00,1.00
2016.10.21 07:02:05.729,0.76442,0.76452,1.00,1.87
2016.10.21 07:02:05.781,0.76442,0.76452,1.00,1.87
2016.10.21 07:02:05.985,0.76442,0.76452,1.00,1.87
2016.10.21 07:02:06.978,0.76442,0.76452,1.00,1.12
2016.10.21 07:02:07.182,0.76442,0.76452,1.00,1.98
2016.10.21 07:02:07.234,0.76442,0.76452,1.00,1.87
2016.10.21 07:02:07.290,0.76442,0.76452,1.00,1.98
2016.10.21 07:02:07.343,0.76442,0.76452,1.00,2.62
2016.10.21 07:02:07.395,0.76441,0.7645,3.00,1.00
2016.10.21 07:02:07.712,0.76441,0.7645,2.25,1.12
2016.10.21 07:02:07.764,0.76441,0.7645,1.00,2.62
2016.10.21 07:02:07.815,0.7644,0.7645,2.25,2.62
2016.10.21 07:02:08.018,0.7644,0.76449,2.25,1.00
2016.10.21 07:02:08.594,0.7644,0.76449,1.87,1.00
2016.10.21 07:02:10.012,0.76442,0.76449,1.00,1.00
2016.10.21 07:02:10.115,0.76442,0.76449,1.00,1.50
2016.10.21 07:02:10.217,0.76442,0.76449,1.00,1.00
2016.10.21 07:02:10.797,0.76442,0.7645,1.00,1.12
2016.10.21 07:02:13.092,0.76442,0.7645,1.00,1.87
2016.10.21 07:02:13.143,0.76442,0.7645,1.00,1.00
2016.10.21 07:02:13.450,0.76442,0.76451,1.00,1.12
2016.10.21 07:02:13.775,0.76444,0.76451,1.00,1.12
2016.10.21 07:02:13.831,0.76443,0.76452,1.00,1.87
2016.10.21 07:02:13.934,0.76443,0.76452,1.00,1.87
2016.10.21 07:02:13.985,0.76443,0.76453,1.00,2.62
2016.10.21 07:02:14.093,0.76443,0.76453,1.00,2.62
2016.10.21 07:02:14.996,0.76443,0.76452,1.00,1.12
2016.10.21 07:02:15.356,0.76443,0.76452,1.00,2.62
2016.10.21 07:02:15.691,0.76443,0.76451,1.00,1.50
2016.10.21 07:02:16.047,0.76443,0.76451,1.00,1.00
2016.10.21 07:02:16.201,0.76443,0.76452,1.00,3.00
2016.10.21 07:02:16.253,0.76443,0.76452,1.00,1.50
2016.10.21 07:02:16.304,0.76443,0.76452,1.00,1.00
2016.10.21 07:02:16.629,0.76443,0.76452,1.00,1.12
2016.10.21 07:02:16.731,0.76443,0.76453,1.12,1.37
2016.10.21 07:02:16.833,0.76443,0.76453,1.12,1.50
2016.10.21 07:02:16.884,0.76443,0.76453,1.12,2.25
2016.10.21 07:02:16.935,0.76442,0.76453,2.25,2.25
2016.10.21 07:02:17.088,0.76442,0.76453,2.25,1.50
2016.10.21 07:02:17.139,0.76442,0.76453,2.25,1.37
2016.10.21 07:02:17.190,0.76442,0.76453,2.25,1.87
2016.10.21 07:02:17.792,0.76443,0.76453,1.00,1.87
2016.10.21 07:02:17.902,0.76443,0.76453,1.00,1.37
2016.10.21 07:02:18.526,0.76444,0.76453,1.00,1.37
2016.10.21 07:02:19.052,0.76444,0.76453,1.00,2.62
2016.10.21 07:02:19.104,0.76443,0.76453,1.00,1.87
2016.10.21 07:02:19.155,0.76443,0.76453,1.00,2.25
2016.10.21 07:02:19.308,0.76443,0.76453,1.00,3.00
2016.10.21 07:02:19.883,0.76443,0.76453,1.00,2.25
2016.10.21 07:02:19.934,0.76443,0.76453,1.00,2.62
2016.10.21 07:02:19.986,0.76443,0.76453,1.12,3.00
2016.10.21 07:02:20.088,0.76443,0.76453,1.12,2.25
2016.10.21 07:02:20.191,0.76443,0.76453,1.12,3.00
2016.10.21 07:02:20.549,0.76443,0.76453,1.12,3.37
2016.10.21 07:02:20.600,0.76443,0.76453,1.12,4.31
2016.10.21 07:02:20.651,0.76443,0.76453,1.12,3.37
2016.10.21 07:02:20.957,0.76443,0.76453,1.12,4.69
2016.10.21 07:02:21.110,0.76443,0.76453,1.12,3.94
2016.10.21 07:02:21.429,0.76444,0.76453,1.00,3.56
2016.10.21 07:02:21.480,0.76444,0.76453,1.00,2.62
2016.10.21 07:02:21.532,0.76444,0.76453,1.00,1.37
2016.10.21 07:02:21.981,0.76444,0.76453,1.00,1.50
2016.10.21 07:02:22.455,0.76444,0.76453,1.00,1.37
2016.10.21 07:02:23.415,0.76444,0.76453,1.00,1.37
2016.10.21 07:02:23.834,0.76444,0.76453,1.00,1.37
2016.10.21 07:02:24.240,0.76444,0.76453,1.00,1.37
2016.10.21 07:02:25.363,0.76444,0.76453,1.00,1.87
2016.10.21 07:02:25.959,0.76444,0.76453,1.00,2.62
2016.10.21 07:02:27.037,0.76444,0.76453,1.00,1.37
2016.10.21 07:02:28.353,0.76444,0.76453,1.00,1.37
2016.10.21 07:02:29.266,0.76444,0.76453,1.00,1.37
2016.10.21 07:02:29.582,0.76444,0.76454,1.00,11.81
2016.10.21 07:02:29.735,0.76444,0.76454,1.00,10.31
2016.10.21 07:02:29.786,0.76444,0.76454,1.00,12.56
2016.10.21 07:02:29.837,0.76444,0.76454,1.00,10.31
2016.10.21 07:02:29.939,0.76444,0.76454,1.00,12.56
2016.10.21 07:02:30.263,0.76444,0.76454,1.00,9.19
2016.10.21 07:02:30.314,0.76444,0.76453,1.00,1.37
2016.10.21 07:02:30.568,0.76444,0.76453,1.00,1.37
2016.10.21 07:02:30.671,0.76444,0.76453,1.00,1.37
2016.10.21 07:02:30.773,0.76444,0.76453,1.00,1.37
2016.10.21 07:02:33.280,0.76444,0.76453,1.00,1.50
2016.10.21 07:02:33.331,0.76444,0.76453,1.00,1.50
2016.10.21 07:02:33.433,0.76444,0.76453,1.00,1.50
2016.10.21 07:02:33.535,0.76444,0.76453,1.00,1.50
2016.10.21 07:02:33.788,0.76444,0.76453,1.00,1.37
2016.10.21 07:02:34.131,0.76444,0.76453,1.00,1.12
2016.10.21 07:02:34.538,0.76444,0.76454,1.00,3.19
2016.10.21 07:02:34.589,0.76444,0.76454,1.00,3.94
2016.10.21 07:02:34.743,0.76449,0.76454,1.00,3.00
2016.10.21 07:02:35.410,0.76445,0.76453,1.00,2.62
2016.10.21 07:02:35.665,0.76445,0.76453,1.00,2.62
2016.10.21 07:02:36.446,0.76445,0.76453,1.00,1.12
2016.10.21 07:02:36.808,0.76445,0.76453,1.00,1.87
2016.10.21 07:02:36.884,0.76443,0.76453,1.12,1.87
2016.10.21 07:02:36.988,0.76443,0.76453,1.00,1.87
2016.10.21 07:02:37.319,0.76442,0.76453,1.00,4.12
2016.10.21 07:02:37.421,0.76442,0.76453,1.50,4.12
2016.10.21 07:02:37.625,0.76442,0.76453,1.00,4.12
2016.10.21 07:02:37.781,0.76442,0.76452,1.00,1.87
2016.10.21 07:02:40.160,0.76442,0.76452,2.25,1.87
2016.10.21 07:02:40.211,0.76443,0.76453,1.12,3.00
2016.10.21 07:02:40.263,0.76444,0.76453,1.00,2.25
2016.10.21 07:02:40.314,0.76447,0.76453,1.00,1.50
2016.10.21 07:02:40.416,0.76448,0.76456,1.00,1.00
2016.10.21 07:02:40.467,0.76448,0.76457,1.00,1.23
2016.10.21 07:02:40.518,0.76448,0.76457,1.50,1.12
2016.10.21 07:02:40.569,0.76448,0.76457,1.50,1.23
2016.10.21 07:02:40.620,0.76448,0.76457,1.50,1.12
2016.10.21 07:02:41.263,0.76448,0.76457,1.50,1.87
2016.10.21 07:02:41.364,0.76448,0.76457,1.50,1.12
2016.10.21 07:02:41.669,0.76448,0.76457,1.50,1.87
2016.10.21 07:02:41.827,0.76448,0.76457,1.50,1.12
2016.10.21 07:02:42.209,0.76449,0.76458,1.00,1.87
2016.10.21 07:02:42.260,0.76449,0.76458,1.50,1.87
2016.10.21 07:02:42.312,0.76449,0.76459,1.54,2.25
2016.10.21 07:02:42.364,0.76449,0.76459,1.91,2.25
2016.10.21 07:02:42.416,0.76449,0.76459,1.87,2.25
2016.10.21 07:02:42.468,0.76449,0.76459,1.87,1.87
2016.10.21 07:02:42.519,0.76449,0.76459,3.37,1.87
2016.10.21 07:02:42.570,0.76449,0.76459,3.37,2.62
2016.10.21 07:02:42.622,0.76449,0.76459,1.87,2.62
2016.10.21 07:02:43.110,0.76449,0.76459,1.87,1.87
2016.10.21 07:02:43.161,0.76449,0.76459,1.87,2.25
2016.10.21 07:02:43.263,0.76449,0.76459,1.87,3.37
2016.10.21 07:02:44.332,0.76449,0.76459,1.87,3.00
2016.10.21 07:02:44.537,0.76449,0.76459,1.87,3.75
2016.10.21 07:02:44.927,0.76449,0.76459,1.87,3.00
2016.10.21 07:02:45.132,0.76449,0.76459,1.87,2.25
2016.10.21 07:02:45.183,0.76449,0.76459,1.87,2.25
2016.10.21 07:02:45.234,0.76449,0.76459,1.87,2.62
2016.10.21 07:02:45.285,0.76449,0.76458,1.87,1.37
2016.10.21 07:02:45.630,0.76449,0.76459,1.87,3.37
2016.10.21 07:02:45.681,0.76449,0.76459,1.87,3.37
2016.10.21 07:02:45.783,0.76449,0.76459,1.87,4.12
2016.10.21 07:02:45.889,0.76449,0.76459,1.87,3.37
2016.10.21 07:02:46.093,0.76449,0.76459,1.87,4.12
2016.10.21 07:02:46.144,0.76449,0.76459,1.87,3.37
2016.10.21 07:02:46.297,0.76449,0.76459,1.87,3.37
2016.10.21 07:02:46.622,0.7645,0.76458,1.00,1.00
2016.10.21 07:02:46.673,0.76451,0.7646,1.50,5.25
2016.10.21 07:02:46.728,0.76451,0.7646,1.50,1.87
2016.10.21 07:02:46.781,0.76451,0.76461,2.25,1.12
2016.10.21 07:02:47.499,0.76451,0.76461,2.25,1.31
2016.10.21 07:02:47.550,0.76451,0.76461,1.50,3.48
2016.10.21 07:02:47.601,0.76451,0.7646,1.50,1.00
2016.10.21 07:02:47.652,0.7645,0.7646,1.50,1.12
2016.10.21 07:02:47.704,0.7645,0.7646,1.50,1.87
2016.10.21 07:02:47.755,0.7645,0.7646,1.50,1.12
2016.10.21 07:02:47.806,0.7645,0.7646,1.50,1.87
2016.10.21 07:02:47.959,0.7645,0.7646,1.50,1.50
2016.10.21 07:02:48.371,0.7645,0.76459,1.50,1.14
2016.10.21 07:02:48.423,0.7645,0.76459,1.00,1.14
2016.10.21 07:02:48.525,0.7645,0.7646,1.00,2.92
2016.10.21 07:02:48.576,0.76449,0.7646,2.62,2.92
2016.10.21 07:02:48.628,0.76449,0.76459,1.87,1.14
2016.10.21 07:02:48.680,0.76449,0.76459,1.50,2.25
2016.10.21 07:02:48.732,0.76449,0.76459,1.87,2.62
2016.10.21 07:02:48.783,0.76449,0.76459,1.75,2.62
2016.10.21 07:02:49.025,0.76449,0.76459,1.12,3.00
2016.10.21 07:02:49.331,0.76449,0.76458,1.37,1.00
2016.10.21 07:02:49.578,0.76449,0.76458,1.37,1.50
2016.10.21 07:02:49.731,0.76449,0.76458,1.37,1.00
2016.10.21 07:02:49.986,0.76449,0.76459,1.37,3.10
2016.10.21 07:02:50.087,0.76449,0.76459,1.37,3.10
2016.10.21 07:02:50.410,0.76449,0.76458,1.37,1.50
2016.10.21 07:02:51.413,0.76449,0.76458,1.37,1.69
2016.10.21 07:02:51.464,0.76449,0.76458,1.37,1.50
2016.10.21 07:02:51.616,0.76449,0.76459,1.37,4.04
2016.10.21 07:02:51.719,0.76449,0.76459,1.37,1.98
2016.10.21 07:02:51.820,0.76449,0.76459,1.37,1.87
2016.10.21 07:02:51.871,0.76449,0.76459,1.37,1.98
2016.10.21 07:02:52.025,0.76449,0.76459,1.37,1.87
2016.10.21 07:02:52.077,0.76449,0.76459,1.37,3.29
2016.10.21 07:02:52.129,0.76449,0.76459,1.37,1.87
2016.10.21 07:02:52.231,0.76449,0.76459,1.37,3.29
2016.10.21 07:02:52.819,0.76449,0.76459,1.37,4.79
2016.10.21 07:02:52.870,0.76449,0.76459,1.37,4.04
2016.10.21 07:02:52.921,0.76449,0.76458,1.37,1.14
2016.10.21 07:02:53.024,0.76449,0.76459,1.37,4.79
2016.10.21 07:02:53.787,0.76449,0.76459,1.37,1.98
2016.10.21 07:02:53.991,0.76449,0.76459,1.37,3.29
2016.10.21 07:02:54.349,0.76449,0.76459,1.37,1.50
2016.10.21 07:02:54.451,0.76449,0.76459,1.37,3.00
2016.10.21 07:02:54.553,0.76449,0.76459,1.37,3.75
2016.10.21 07:02:54.605,0.76449,0.76459,1.37,4.50
2016.10.21 07:02:54.891,0.76449,0.76458,1.37,1.00
2016.10.21 07:02:54.993,0.76449,0.76458,1.37,1.50
2016.10.21 07:02:55.502,0.76449,0.76458,1.37,1.00
2016.10.21 07:02:55.861,0.76449,0.76458,1.37,1.50
2016.10.21 07:02:56.014,0.76449,0.76458,1.37,1.00
2016.10.21 07:02:56.398,0.76449,0.76458,1.37,1.50
2016.10.21 07:02:58.101,0.76449,0.76458,1.37,1.00
2016.10.21 07:02:58.203,0.76449,0.76458,1.37,1.50
2016.10.21 07:02:58.305,0.76449,0.76458,1.37,1.00
2016.10.21 07:02:59.334,0.76449,0.76459,1.37,3.37
2016.10.21 07:02:59.385,0.76449,0.76459,1.37,3.37
2016.10.21 07:02:59.437,0.76449,0.76459,1.37,1.87
2016.10.21 07:02:59.544,0.76449,0.7646,1.37,6.37
2016.10.21 07:02:59.596,0.7645,0.7646,1.12,7.50
2016.10.21 07:03:00.182,0.7645,0.7646,1.12,6.75
2016.10.21 07:03:00.476,0.7645,0.7646,1.12,6.00
2016.10.21 07:03:00.527,0.7645,0.76459,1.12,1.12
2016.10.21 07:03:00.630,0.7645,0.76459,1.75,1.12
2016.10.21 07:03:00.681,0.76452,0.76459,1.00,1.12
2016.10.21 07:03:01.991,0.7645,0.76459,1.87,1.12
2016.10.21 07:03:09.265,0.7645,0.7646,1.87,1.87
2016.10.21 07:03:09.417,0.7645,0.7646,1.87,1.87
2016.10.21 07:03:09.592,0.7645,0.7646,1.87,1.87
2016.10.21 07:03:09.796,0.7645,0.7646,1.87,2.62
2016.10.21 07:03:09.847,0.7645,0.7646,2.62,3.37
2016.10.21 07:03:09.949,0.7645,0.7646,3.00,3.00
2016.10.21 07:03:10.580,0.7645,0.7646,3.00,2.25
2016.10.21 07:03:10.979,0.7645,0.7646,3.00,1.00
2016.10.21 07:03:11.030,0.7645,0.7646,3.00,1.00
2016.10.21 07:03:11.133,0.76451,0.7646,1.50,1.00
2016.10.21 07:03:11.863,0.76451,0.76461,2.25,1.69
2016.10.21 07:03:11.917,0.76451,0.76461,2.62,1.00
2016.10.21 07:03:11.968,0.76451,0.76461,4.12,1.00
2016.10.21 07:03:12.121,0.76453,0.76461,1.00,1.00
2016.10.21 07:03:12.496,0.76453,0.76461,1.00,1.00
2016.10.21 07:03:14.533,0.76453,0.76461,1.00,1.00
2016.10.21 07:03:16.400,0.76452,0.76461,1.00,1.00
2016.10.21 07:03:16.502,0.76451,0.76461,2.62,1.00
2016.10.21 07:03:16.553,0.76451,0.76461,2.62,1.00
2016.10.21 07:03:17.231,0.76451,0.76461,2.62,1.50
2016.10.21 07:03:17.334,0.76451,0.76461,2.62,1.00
2016.10.21 07:03:17.385,0.76452,0.76461,1.00,1.00
2016.10.21 07:03:18.426,0.76452,0.76461,1.00,1.00
2016.10.21 07:03:18.477,0.76451,0.76461,2.62,1.00
2016.10.21 07:03:18.528,0.76452,0.76461,1.12,1.00
2016.10.21 07:03:18.782,0.76452,0.76461,1.12,2.25
2016.10.21 07:03:19.083,0.76451,0.76461,3.00,2.25
2016.10.21 07:03:19.493,0.76451,0.76461,2.62,2.25
2016.10.21 07:03:19.681,0.76451,0.76461,3.00,2.25
2016.10.21 07:03:20.323,0.76452,0.76461,1.00,1.50
2016.10.21 07:03:20.681,0.76452,0.76461,1.00,3.00
2016.10.21 07:03:20.783,0.76451,0.76461,5.25,3.00
2016.10.21 07:03:21.433,0.76451,0.76461,4.87,3.00
2016.10.21 07:03:21.485,0.76451,0.76461,4.12,3.00
2016.10.21 07:03:21.803,0.76452,0.76461,1.00,3.00
2016.10.21 07:03:22.097,0.76451,0.76461,4.12,3.00
2016.10.21 07:03:22.605,0.76451,0.76461,4.12,3.00
2016.10.21 07:03:23.761,0.76451,0.76461,4.12,3.75
2016.10.21 07:03:23.812,0.76451,0.76461,4.12,3.00
2016.10.21 07:03:25.627,0.76451,0.76461,4.12,3.75
2016.10.21 07:03:25.729,0.76451,0.76461,4.12,3.00
2016.10.21 07:03:26.484,0.76451,0.76461,3.00,2.25
2016.10.21 07:03:26.535,0.76451,0.76461,3.00,2.25
2016.10.21 07:03:26.916,0.76454,0.7646,1.00,1.00
2016.10.21 07:03:26.975,0.76454,0.7646,1.00,1.00
2016.10.21 07:03:27.229,0.76454,0.7646,1.00,1.00
2016.10.21 07:03:33.369,0.76451,0.76461,2.25,1.87
2016.10.21 07:03:33.649,0.76451,0.76461,1.12,1.87
2016.10.21 07:03:33.751,0.76451,0.76461,1.87,2.62
2016.10.21 07:03:33.802,0.76451,0.76461,2.25,2.62
2016.10.21 07:03:34.963,0.76451,0.76461,3.00,2.62
2016.10.21 07:03:35.166,0.76451,0.76461,3.00,2.62
2016.10.21 07:03:35.377,0.76451,0.76461,3.00,2.62
2016.10.21 07:03:36.259,0.76451,0.76461,2.25,2.62
2016.10.21 07:03:36.321,0.76451,0.76461,2.25,1.12
2016.10.21 07:03:36.575,0.76451,0.76461,2.25,1.12
2016.10.21 07:03:36.829,0.76451,0.76461,2.25,2.62
2016.10.21 07:03:37.230,0.76457,0.76462,1.00,2.62
2016.10.21 07:03:37.281,0.76459,0.76465,1.00,1.12
2016.10.21 07:03:37.333,0.76458,0.76464,1.00,1.12
2016.10.21 07:03:37.436,0.76459,0.76468,1.50,3.00
2016.10.21 07:03:37.487,0.76459,0.76468,1.87,2.62
2016.10.21 07:03:37.538,0.76459,0.7647,1.87,2.06
2016.10.21 07:03:37.589,0.7646,0.7647,1.12,2.44
2016.10.21 07:03:37.640,0.7646,0.7647,1.12,1.69
2016.10.21 07:03:38.330,0.7646,0.7647,1.12,2.44
2016.10.21 07:03:38.698,0.7646,0.7647,1.12,1.69
2016.10.21 07:03:38.929,0.7646,0.7647,1.12,2.06
2016.10.21 07:03:39.031,0.7646,0.7647,1.12,1.69
2016.10.21 07:03:39.497,0.7646,0.76467,1.00,1.50
2016.10.21 07:03:39.548,0.76458,0.76467,1.00,1.50
2016.10.21 07:03:39.650,0.76458,0.76467,1.00,1.00
2016.10.21 07:03:39.702,0.76459,0.76469,1.00,4.50
2016.10.21 07:03:39.754,0.76459,0.76469,1.00,3.56
2016.10.21 07:03:39.805,0.76459,0.76468,1.00,1.12
2016.10.21 07:03:39.907,0.76459,0.76468,1.12,1.00
2016.10.21 07:03:40.060,0.76459,0.76469,1.12,3.75
2016.10.21 07:03:40.112,0.76458,0.76469,1.87,4.12
2016.10.21 07:03:40.163,0.76458,0.76469,2.25,3.75
2016.10.21 07:03:40.549,0.76458,0.76469,2.25,3.37
2016.10.21 07:03:40.601,0.76458,0.76469,2.25,2.54
2016.10.21 07:03:40.704,0.76458,0.76469,2.25,2.44
2016.10.21 07:03:40.807,0.76458,0.76469,2.25,3.19
2016.10.21 07:03:40.858,0.76458,0.76469,1.50,3.94
2016.10.21 07:03:40.910,0.76458,0.76469,1.00,4.50
2016.10.21 07:03:41.064,0.76458,0.76469,1.50,4.50
2016.10.21 07:03:41.393,0.76458,0.76467,1.00,1.50
2016.10.21 07:03:41.444,0.76458,0.76467,1.00,1.00
2016.10.21 07:03:41.547,0.76458,0.76467,2.25,1.00
2016.10.21 07:03:41.751,0.76459,0.76467,1.00,1.00
2016.10.21 07:03:42.268,0.76458,0.76467,1.00,1.00
2016.10.21 07:03:43.642,0.76457,0.76467,2.25,1.00
2016.10.21 07:03:43.698,0.76457,0.76467,3.37,1.60
2016.10.21 07:03:43.979,0.76457,0.76467,3.37,1.50
2016.10.21 07:03:44.080,0.76457,0.76467,3.37,2.25
2016.10.21 07:03:44.132,0.76457,0.76467,3.00,2.25
2016.10.21 07:03:44.183,0.76457,0.76467,3.37,1.50
2016.10.21 07:03:44.234,0.76457,0.76467,3.00,1.50
2016.10.21 07:03:44.387,0.76457,0.76467,3.37,1.50
2016.10.21 07:03:44.438,0.76457,0.76467,3.75,1.50
2016.10.21 07:03:44.750,0.76457,0.76467,3.37,1.50
2016.10.21 07:03:44.801,0.76457,0.76467,3.00,1.50
2016.10.21 07:03:45.565,0.76457,0.76467,3.00,1.50
2016.10.21 07:03:45.878,0.76458,0.76468,1.87,1.00
2016.10.21 07:03:45.929,0.76458,0.76468,2.25,1.50
2016.10.21 07:03:45.980,0.76458,0.76468,2.25,1.50
2016.10.21 07:03:46.031,0.76458,0.76468,2.25,1.00
2016.10.21 07:03:46.184,0.76458,0.76468,2.25,1.50
2016.10.21 07:03:46.632,0.76458,0.76468,2.25,1.00
2016.10.21 07:03:47.345,0.76458,0.76465,1.00,2.06
2016.10.21 07:03:47.411,0.76453,0.76464,3.00,1.00
2016.10.21 07:03:47.462,0.76453,0.76464,3.00,1.00
2016.10.21 07:03:47.513,0.76453,0.76464,3.00,1.37
2016.10.21 07:03:47.832,0.76454,0.76464,1.00,1.37
2016.10.21 07:03:48.221,0.76453,0.76464,3.00,1.37
2016.10.21 07:03:48.324,0.76453,0.76464,1.50,1.37
2016.10.21 07:03:48.685,0.76453,0.76463,1.12,2.62
2016.10.21 07:03:49.426,0.76453,0.76462,1.12,1.00
2016.10.21 07:03:49.544,0.76453,0.76462,1.00,1.00
2016.10.21 07:03:49.920,0.76453,0.76462,1.00,2.44
2016.10.21 07:03:49.972,0.76451,0.76462,3.75,2.81
2016.10.21 07:03:50.023,0.76451,0.76462,2.62,3.19
2016.10.21 07:03:50.075,0.76451,0.76462,2.62,3.56
2016.10.21 07:03:50.280,0.76451,0.76462,3.37,3.56
2016.10.21 07:03:50.873,0.76451,0.76462,2.62,4.31
2016.10.21 07:03:50.924,0.76451,0.76462,3.00,4.31
2016.10.21 07:03:51.026,0.76451,0.76462,3.00,3.56
2016.10.21 07:03:52.225,0.76451,0.76462,3.00,4.31
2016.10.21 07:03:52.327,0.76451,0.76462,3.00,3.56
2016.10.21 07:03:52.533,0.76451,0.76462,3.00,4.31
2016.10.21 07:03:52.584,0.76451,0.76462,3.00,3.56
2016.10.21 07:03:52.635,0.76451,0.76462,3.00,4.31
2016.10.21 07:03:52.941,0.76451,0.76462,3.00,3.56
2016.10.21 07:03:52.992,0.76451,0.76462,3.00,4.31
2016.10.21 07:03:53.312,0.76451,0.76462,3.00,3.56
2016.10.21 07:03:53.619,0.76451,0.76462,3.04,4.31
2016.10.21 07:03:53.671,0.76451,0.76462,3.00,4.31
2016.10.21 07:03:53.722,0.76451,0.76462,3.00,3.56
2016.10.21 07:03:53.772,0.76451,0.76462,1.50,2.06
2016.10.21 07:03:53.933,0.76451,0.76462,1.50,2.81
2016.10.21 07:03:54.035,0.76451,0.76462,1.50,2.44
2016.10.21 07:03:55.164,0.76451,0.76462,1.50,1.69
2016.10.21 07:03:56.150,0.76451,0.76462,2.25,1.69
2016.10.21 07:03:56.404,0.76451,0.76462,2.62,1.69
2016.10.21 07:03:56.455,0.76451,0.76462,2.62,1.31
2016.10.21 07:03:57.632,0.76451,0.76462,4.12,1.31
2016.10.21 07:03:57.938,0.76451,0.76462,4.50,1.31
2016.10.21 07:03:57.989,0.76451,0.76463,4.50,5.44
2016.10.21 07:03:58.040,0.76452,0.76463,1.50,4.50
2016.10.21 07:03:58.092,0.76453,0.76463,1.00,3.00
2016.10.21 07:03:58.143,0.76453,0.76463,1.00,1.50
2016.10.21 07:03:58.453,0.76453,0.76463,2.25,1.00
2016.10.21 07:04:00.247,0.76455,0.76464,1.00,2.62
2016.10.21 07:04:00.636,0.76457,0.76465,1.50,1.87
2016.10.21 07:04:00.689,0.76457,0.76466,1.12,1.50
2016.10.21 07:04:00.740,0.76457,0.76466,1.12,1.00
2016.10.21 07:04:00.791,0.76457,0.76467,1.12,3.37
2016.10.21 07:04:01.154,0.76456,0.76467,2.25,3.75
2016.10.21 07:04:01.307,0.76456,0.76467,2.25,3.00
2016.10.21 07:04:01.409,0.76456,0.76466,2.25,1.00
2016.10.21 07:04:01.511,0.76458,0.76466,1.37,1.00
2016.10.21 07:04:01.613,0.76458,0.76467,1.37,3.00
2016.10.21 07:04:01.664,0.76458,0.76467,1.37,3.75
2016.10.21 07:04:01.715,0.76458,0.76466,1.37,1.00
2016.10.21 07:04:02.928,0.76458,0.76467,1.37,2.62
2016.10.21 07:04:02.979,0.76458,0.76469,1.12,5.35
2016.10.21 07:04:03.030,0.76459,0.76469,1.37,5.73
2016.10.21 07:04:03.132,0.76459,0.76469,1.37,4.50
2016.10.21 07:04:03.234,0.76459,0.76469,1.37,5.73
2016.10.21 07:04:03.676,0.76459,0.76469,1.37,4.50
2016.10.21 07:04:04.237,0.76459,0.76469,1.37,5.73
2016.10.21 07:04:04.288,0.76459,0.76468,1.37,1.00
2016.10.21 07:04:05.312,0.76459,0.76468,1.37,2.25
2016.10.21 07:04:05.415,0.76459,0.76468,1.00,2.25
2016.10.21 07:04:05.466,0.76457,0.76467,2.25,1.50
2016.10.21 07:04:05.570,0.76457,0.76467,1.87,1.50
2016.10.21 07:04:05.673,0.76457,0.76467,1.87,1.50
2016.10.21 07:04:05.826,0.76457,0.76467,1.87,3.00
2016.10.21 07:04:06.138,0.76457,0.76467,2.62,3.00
2016.10.21 07:04:06.244,0.76457,0.76467,3.00,3.00
2016.10.21 07:04:06.399,0.76457,0.76467,3.75,3.00
2016.10.21 07:04:06.501,0.76457,0.76467,3.37,1.00
2016.10.21 07:04:06.552,0.76457,0.76468,3.75,1.50
2016.10.21 07:04:06.604,0.76458,0.76468,2.25,1.50
2016.10.21 07:04:06.655,0.76459,0.76468,1.00,1.00
2016.10.21 07:04:07.356,0.76459,0.76468,1.00,1.50
2016.10.21 07:04:07.545,0.76459,0.76468,1.00,1.00
2016.10.21 07:04:07.647,0.76459,0.76468,1.00,1.50
2016.10.21 07:04:07.698,0.76459,0.76468,1.00,1.00
2016.10.21 07:04:08.158,0.76459,0.76467,1.00,1.00
2016.10.21 07:04:09.086,0.76459,0.76468,1.00,2.25
2016.10.21 07:04:09.243,0.76459,0.76467,1.00,1.00
2016.10.21 07:04:09.530,0.76458,0.76466,1.37,1.00
2016.10.21 07:04:09.582,0.76457,0.76466,1.87,1.00
2016.10.21 07:04:09.685,0.76457,0.76467,1.87,3.00
2016.10.21 07:04:10.110,0.76457,0.76465,1.87,1.00
2016.10.21 07:04:10.161,0.76457,0.76465,1.37,1.00
2016.10.21 07:04:11.924,0.76457,0.76465,1.37,3.56
2016.10.21 07:04:11.976,0.76457,0.76463,1.37,1.50
2016.10.21 07:04:12.028,0.76454,0.76463,1.87,1.00
2016.10.21 07:04:12.079,0.76454,0.76462,1.00,1.00
2016.10.21 07:04:12.130,0.76453,0.76462,1.12,1.00
2016.10.21 07:04:12.181,0.76453,0.76462,1.00,1.00
2016.10.21 07:04:12.232,0.76452,0.76462,2.25,1.00
2016.10.21 07:04:12.284,0.76452,0.76462,1.50,1.00
2016.10.21 07:04:12.335,0.76452,0.76462,1.37,1.37
2016.10.21 07:04:12.712,0.76452,0.76462,1.37,2.62
2016.10.21 07:04:13.235,0.76452,0.76462,1.37,2.62
2016.10.21 07:04:14.273,0.76452,0.76462,1.37,3.19
2016.10.21 07:04:14.324,0.76452,0.76462,1.37,4.79
2016.10.21 07:04:14.477,0.76452,0.76462,1.37,3.94
2016.10.21 07:04:14.631,0.76452,0.76462,1.37,3.19
2016.10.21 07:04:14.733,0.76452,0.76462,1.37,3.94
2016.10.21 07:04:14.784,0.76452,0.76462,1.37,4.69
2016.10.21 07:04:14.835,0.76452,0.76462,1.37,3.94
2016.10.21 07:04:15.162,0.76452,0.76462,1.37,3.19
2016.10.21 07:04:15.216,0.76452,0.76462,1.37,3.94
2016.10.21 07:04:15.287,0.76452,0.76461,1.37,1.50
2016.10.21 07:04:16.094,0.76452,0.76461,1.37,1.50
2016.10.21 07:04:18.782,0.76452,0.76461,1.37,1.50
2016.10.21 07:04:21.866,0.76452,0.76461,1.37,2.25
2016.10.21 07:04:21.917,0.76452,0.76462,1.12,2.25
2016.10.21 07:04:21.968,0.76452,0.76462,2.25,1.50
2016.10.21 07:04:22.019,0.76452,0.76463,3.75,1.50
2016.10.21 07:04:22.093,0.76452,0.76463,4.12,1.50
2016.10.21 07:04:22.144,0.76452,0.76463,4.50,1.50
2016.10.21 07:04:22.349,0.76453,0.76463,1.87,1.00
2016.10.21 07:04:22.400,0.76454,0.76464,1.00,2.62
2016.10.21 07:04:22.995,0.76454,0.76464,1.12,2.62
2016.10.21 07:04:23.047,0.76454,0.76463,1.12,1.00
2016.10.21 07:04:23.150,0.76454,0.76463,1.12,1.12
2016.10.21 07:04:23.253,0.76454,0.76463,1.00,1.50
2016.10.21 07:04:23.305,0.76453,0.76463,1.37,1.50
2016.10.21 07:04:23.832,0.76453,0.76463,1.50,1.12
2016.10.21 07:04:24.128,0.76454,0.76463,1.00,1.00
2016.10.21 07:04:24.180,0.76454,0.76463,1.37,1.00
2016.10.21 07:04:27.865,0.76454,0.76463,1.37,1.46
2016.10.21 07:04:27.916,0.76454,0.76462,1.37,1.12
2016.10.21 07:04:27.967,0.76452,0.76462,3.00,1.12
2016.10.21 07:04:28.019,0.76452,0.76462,1.87,1.37
2016.10.21 07:04:28.122,0.76452,0.76462,2.62,1.37
2016.10.21 07:04:28.173,0.76452,0.76462,3.00,1.37
2016.10.21 07:04:28.225,0.76452,0.76462,3.37,1.12
2016.10.21 07:04:28.276,0.76452,0.76462,2.25,1.12
2016.10.21 07:04:28.379,0.76452,0.76462,3.00,1.12
2016.10.21 07:04:28.431,0.76452,0.76462,2.25,1.12
2016.10.21 07:04:28.734,0.76453,0.76463,1.12,1.50
2016.10.21 07:04:28.785,0.76453,0.76463,1.87,1.00
2016.10.21 07:04:28.938,0.76453,0.76463,2.62,2.25
2016.10.21 07:04:28.989,0.76453,0.76463,3.37,2.25
2016.10.21 07:04:29.040,0.76453,0.76463,4.12,2.25
2016.10.21 07:04:29.091,0.76453,0.76463,3.75,2.25
2016.10.21 07:04:29.142,0.76453,0.76463,3.75,1.00
2016.10.21 07:04:29.398,0.76453,0.76463,3.00,1.00
2016.10.21 07:04:29.449,0.76453,0.76463,3.75,1.00
2016.10.21 07:04:29.739,0.76453,0.76463,4.12,1.00
2016.10.21 07:04:29.791,0.76453,0.76463,4.87,1.00
2016.10.21 07:04:29.842,0.76453,0.76463,4.12,1.00
2016.10.21 07:04:29.893,0.76453,0.76463,3.75,1.00
2016.10.21 07:04:29.944,0.76453,0.76464,2.25,3.37
2016.10.21 07:04:29.995,0.76453,0.76462,2.25,1.00
2016.10.21 07:04:30.249,0.76453,0.76462,3.37,1.00
2016.10.21 07:04:30.454,0.76453,0.76462,4.12,1.00
2016.10.21 07:04:30.657,0.76453,0.76462,4.87,1.00
2016.10.21 07:04:31.364,0.76453,0.76462,2.62,1.00
2016.10.21 07:04:32.542,0.76453,0.76462,3.00,1.00
2016.10.21 07:04:32.747,0.76453,0.76462,2.25,1.00
2016.10.21 07:04:33.259,0.76453,0.76462,3.00,1.00
2016.10.21 07:04:33.462,0.76453,0.76462,2.25,1.00
2016.10.21 07:04:34.424,0.76453,0.76462,3.00,1.00
2016.10.21 07:04:34.546,0.76453,0.76462,2.25,1.00
2016.10.21 07:04:34.597,0.76456,0.76462,1.20,1.00
2016.10.21 07:04:34.649,0.76456,0.76465,1.50,2.62
2016.10.21 07:04:34.700,0.76457,0.76465,1.00,1.87
2016.10.21 07:04:34.752,0.76457,0.76465,1.00,1.00
2016.10.21 07:04:34.803,0.76456,0.76466,2.62,1.87
2016.10.21 07:04:35.084,0.76456,0.76466,2.25,1.87
2016.10.21 07:04:35.135,0.76456,0.76465,1.00,1.00
2016.10.21 07:04:35.432,0.76455,0.76465,1.87,1.00
2016.10.21 07:04:36.106,0.76455,0.76465,1.87,1.50
2016.10.21 07:04:36.453,0.76455,0.76465,1.87,1.00
2016.10.21 07:04:36.597,0.76455,0.76465,1.12,1.00
2016.10.21 07:04:36.750,0.76455,0.76463,1.00,2.25
2016.10.21 07:04:36.802,0.76454,0.76462,1.37,1.87
2016.10.21 07:04:36.853,0.76453,0.7646,1.50,1.00
2016.10.21 07:04:36.904,0.76452,0.7646,2.25,1.00
2016.10.21 07:04:36.955,0.76452,0.7646,1.87,1.00
2016.10.21 07:04:37.006,0.76451,0.7646,3.00,1.00
2016.10.21 07:04:37.057,0.76451,0.7646,2.62,1.00
2016.10.21 07:04:37.821,0.76451,0.7646,2.66,1.00
2016.10.21 07:04:37.872,0.76451,0.76462,3.41,4.12
2016.10.21 07:04:37.923,0.76451,0.76462,5.66,3.37
2016.10.21 07:04:37.974,0.76451,0.76462,7.54,1.87
2016.10.21 07:04:38.025,0.76451,0.76462,6.00,1.87
2016.10.21 07:04:38.076,0.76451,0.76462,6.37,1.12
2016.10.21 07:04:38.127,0.76451,0.76462,7.91,1.12
2016.10.21 07:04:38.178,0.76452,0.76463,4.12,3.94
2016.10.21 07:04:38.229,0.76452,0.76463,4.12,4.69
2016.10.21 07:04:38.543,0.76452,0.76463,1.87,3.56
2016.10.21 07:04:38.630,0.76452,0.76463,3.75,3.56
2016.10.21 07:04:38.682,0.76452,0.76463,4.87,3.56
2016.10.21 07:04:38.887,0.76452,0.76463,4.50,4.31
2016.10.21 07:04:39.184,0.76452,0.76463,3.75,2.06
2016.10.21 07:04:39.285,0.76452,0.76463,4.50,1.31
2016.10.21 07:04:40.111,0.76452,0.76462,5.25,1.00
2016.10.21 07:04:40.163,0.76452,0.76462,2.62,1.50
2016.10.21 07:04:40.265,0.76452,0.76462,1.87,1.50
2016.10.21 07:04:41.065,0.76452,0.76462,1.50,1.87
2016.10.21 07:04:41.965,0.76452,0.76462,1.87,1.87
2016.10.21 07:04:43.862,0.76452,0.76462,1.87,1.12
2016.10.21 07:04:44.735,0.76451,0.76462,4.87,1.50
2016.10.21 07:04:44.786,0.76451,0.76462,4.12,1.50
2016.10.21 07:04:45.104,0.76451,0.76462,4.87,1.50
2016.10.21 07:04:45.155,0.76451,0.76462,4.12,1.00
2016.10.21 07:04:45.308,0.76451,0.76462,4.87,1.00
2016.10.21 07:04:45.409,0.76451,0.76462,4.50,1.00
2016.10.21 07:04:45.830,0.76451,0.76462,5.29,1.00
2016.10.21 07:04:45.881,0.76451,0.76462,3.75,1.00
2016.10.21 07:04:46.275,0.76451,0.76462,3.37,1.00
2016.10.21 07:04:46.479,0.76451,0.76462,4.16,1.00
2016.10.21 07:04:46.530,0.76451,0.76462,3.37,1.00
2016.10.21 07:04:47.039,0.76451,0.76462,3.37,1.50
2016.10.21 07:04:47.091,0.76451,0.76462,2.62,1.50
2016.10.21 07:04:47.392,0.76451,0.76462,2.25,1.50
2016.10.21 07:04:47.443,0.76451,0.76462,1.87,1.12
2016.10.21 07:04:48.003,0.76451,0.76462,3.04,2.06
2016.10.21 07:04:48.616,0.7645,0.7646,2.25,1.87
2016.10.21 07:04:48.827,0.7645,0.7646,3.04,1.87
2016.10.21 07:04:49.696,0.7645,0.7646,2.25,1.87
2016.10.21 07:04:49.771,0.7645,0.7646,2.29,1.87
2016.10.21 07:04:49.873,0.7645,0.7646,2.25,1.87
2016.10.21 07:04:51.428,0.76451,0.7646,1.31,1.87
2016.10.21 07:04:51.480,0.76452,0.76462,1.16,1.87
2016.10.21 07:04:51.532,0.76452,0.76462,1.12,2.25
2016.10.21 07:04:51.583,0.76452,0.76462,1.50,1.87
2016.10.21 07:04:51.856,0.76451,0.76462,6.79,1.87
2016.10.21 07:04:51.907,0.76453,0.76463,2.44,2.25
2016.10.21 07:04:51.959,0.76453,0.76463,1.72,2.25
2016.10.21 07:04:52.010,0.76453,0.76463,1.69,1.37
2016.10.21 07:04:52.061,0.76453,0.76463,4.84,1.37
2016.10.21 07:04:52.113,0.76454,0.76463,2.25,1.00
2016.10.21 07:04:52.706,0.76454,0.76463,1.29,1.00
2016.10.21 07:04:52.759,0.76454,0.76463,1.05,1.00
2016.10.21 07:04:53.116,0.76454,0.76463,1.25,1.00
2016.10.21 07:04:53.567,0.76454,0.76463,2.25,1.00
2016.10.21 07:04:54.134,0.76454,0.76463,2.44,1.00
2016.10.21 07:04:54.236,0.76454,0.76463,2.25,1.00
2016.10.21 07:04:54.548,0.76454,0.76463,3.19,1.00
2016.10.21 07:04:54.649,0.76454,0.76465,2.25,2.81
2016.10.21 07:04:54.762,0.76454,0.76465,3.19,2.81
2016.10.21 07:04:54.813,0.76454,0.76465,2.25,2.81
2016.10.21 07:04:54.915,0.76454,0.76465,3.19,2.81
2016.10.21 07:04:55.269,0.76454,0.76465,2.25,2.81
2016.10.21 07:04:55.320,0.76454,0.76465,3.19,2.81
2016.10.21 07:04:55.472,0.76454,0.76465,2.25,2.81
2016.10.21 07:04:55.574,0.76454,0.76465,3.19,2.92
2016.10.21 07:04:55.676,0.76454,0.76465,3.97,2.81
2016.10.21 07:04:55.727,0.76454,0.76465,3.00,2.81
2016.10.21 07:04:55.778,0.76454,0.76465,1.50,1.62
2016.10.21 07:04:55.829,0.76454,0.76465,1.54,1.62
2016.10.21 07:04:55.880,0.76454,0.76465,2.44,2.81
2016.10.21 07:04:55.931,0.76454,0.76465,1.50,2.81
2016.10.21 07:04:55.982,0.76454,0.76465,1.50,1.62
2016.10.21 07:04:56.177,0.76454,0.76465,2.25,1.62
2016.10.21 07:04:56.330,0.76454,0.76465,3.19,1.62
2016.10.21 07:04:56.628,0.76454,0.76465,1.87,1.62
2016.10.21 07:04:56.680,0.76456,0.76467,3.75,4.87
2016.10.21 07:04:56.731,0.76457,0.76467,1.12,1.87
2016.10.21 07:04:56.782,0.76457,0.76467,1.12,1.75
2016.10.21 07:04:56.834,0.76457,0.76467,1.50,1.87
2016.10.21 07:04:56.885,0.76457,0.76467,1.12,1.12
2016.10.21 07:04:56.936,0.76457,0.76467,1.00,1.12
2016.10.21 07:04:56.987,0.76456,0.76467,5.25,1.12
2016.10.21 07:04:57.038,0.76456,0.76467,5.62,1.12
2016.10.21 07:04:57.774,0.76456,0.76467,5.62,1.12
2016.10.21 07:04:57.826,0.76456,0.76467,5.25,1.12
2016.10.21 07:04:57.877,0.76457,0.76467,1.00,1.23
2016.10.21 07:04:58.030,0.76457,0.76467,1.00,1.12
2016.10.21 07:04:58.183,0.76456,0.76467,5.25,1.12
2016.10.21 07:04:58.235,0.76457,0.76467,1.00,1.12
2016.10.21 07:04:58.287,0.76456,0.76467,5.25,1.12
2016.10.21 07:04:58.532,0.76457,0.76466,1.00,1.00
2016.10.21 07:04:58.583,0.76456,0.76467,3.00,1.87
2016.10.21 07:04:58.908,0.76455,0.76463,4.12,1.50
2016.10.21 07:04:58.975,0.76452,0.76462,4.50,1.00
2016.10.21 07:04:59.026,0.76452,0.76462,4.12,1.00
2016.10.21 07:04:59.282,0.76452,0.76462,3.37,1.00
2016.10.21 07:04:59.436,0.76452,0.76463,3.37,2.25
2016.10.21 07:04:59.495,0.76452,0.76463,2.62,3.00
2016.10.21 07:04:59.546,0.76452,0.76461,3.37,1.00
2016.10.21 07:04:59.883,0.76452,0.76461,2.62,1.00
2016.10.21 07:04:59.935,0.76452,0.76461,1.37,1.00
2016.10.21 07:05:02.758,0.76453,0.76461,1.00,1.00
2016.10.21 07:05:03.293,0.76453,0.76463,1.00,3.37
2016.10.21 07:05:03.344,0.76453,0.76463,1.00,3.37
2016.10.21 07:05:03.446,0.76453,0.76463,1.00,4.12
2016.10.21 07:05:03.701,0.76453,0.76463,1.00,4.12
2016.10.21 07:05:03.955,0.76453,0.76463,1.00,3.37
2016.10.21 07:05:04.664,0.76453,0.76462,1.00,1.12
2016.10.21 07:05:04.918,0.76453,0.76461,1.00,1.00
2016.10.21 07:05:05.688,0.76453,0.76462,1.00,1.87
2016.10.21 07:05:05.739,0.76453,0.76461,1.00,1.50
2016.10.21 07:05:05.790,0.76453,0.76461,1.37,1.50
2016.10.21 07:05:05.841,0.76454,0.76461,1.00,1.50
2016.10.21 07:05:05.943,0.76452,0.76461,1.50,1.50
2016.10.21 07:05:06.971,0.76452,0.76461,2.25,1.50
2016.10.21 07:05:07.022,0.76452,0.76461,1.50,2.25
2016.10.21 07:05:07.074,0.76452,0.76461,1.00,2.25
2016.10.21 07:05:07.329,0.76451,0.76461,3.00,2.25
2016.10.21 07:05:07.380,0.76451,0.76461,2.62,2.25
2016.10.21 07:05:07.482,0.76451,0.76461,1.87,2.25
2016.10.21 07:05:08.029,0.76451,0.76461,2.62,2.25
2016.10.21 07:05:08.082,0.76451,0.76461,1.87,2.25
2016.10.21 07:05:08.135,0.76451,0.7646,1.50,1.12
2016.10.21 07:05:08.238,0.76451,0.7646,1.50,1.12
2016.10.21 07:05:08.342,0.76451,0.7646,1.00,1.12
2016.10.21 07:05:08.496,0.76451,0.7646,1.50,1.12
2016.10.21 07:05:08.807,0.76451,0.7646,1.00,1.12
2016.10.21 07:05:08.864,0.76451,0.7646,1.87,1.00
2016.10.21 07:05:08.916,0.76451,0.7646,2.62,1.00
2016.10.21 07:05:09.019,0.76451,0.7646,1.50,1.00
2016.10.21 07:05:09.071,0.76451,0.7646,1.12,1.12
2016.10.21 07:05:09.122,0.76451,0.7646,1.87,1.12
2016.10.21 07:05:09.224,0.76451,0.76461,1.50,2.25
2016.10.21 07:05:09.275,0.76451,0.76461,1.50,2.25
2016.10.21 07:05:09.327,0.76451,0.76461,1.00,2.25
2016.10.21 07:05:09.378,0.7645,0.76461,3.00,2.25
2016.10.21 07:05:09.678,0.7645,0.76461,2.25,2.25
2016.10.21 07:05:09.751,0.7645,0.76461,2.25,3.00
2016.10.21 07:05:11.325,0.7645,0.76461,2.25,3.00
2016.10.21 07:05:11.861,0.7645,0.7646,1.50,1.87
2016.10.21 07:05:14.002,0.7645,0.7646,1.00,1.87
2016.10.21 07:05:14.503,0.7645,0.7646,1.00,1.87
2016.10.21 07:05:17.009,0.7645,0.7646,1.50,1.87
2016.10.21 07:05:17.227,0.7645,0.76461,3.00,2.25
2016.10.21 07:05:17.329,0.7645,0.76461,4.12,2.25
2016.10.21 07:05:17.431,0.7645,0.76461,4.12,3.00
2016.10.21 07:05:18.361,0.76451,0.76461,1.00,3.00
2016.10.21 07:05:18.413,0.76451,0.76461,1.50,3.00
2016.10.21 07:05:19.148,0.76451,0.76461,2.25,3.00
2016.10.21 07:05:19.707,0.76451,0.76461,2.62,3.00
2016.10.21 07:05:19.759,0.76451,0.76461,1.87,3.00
2016.10.21 07:05:19.811,0.76451,0.76461,3.00,3.00
2016.10.21 07:05:19.863,0.76451,0.76461,3.75,2.62
2016.10.21 07:05:19.915,0.76451,0.76461,3.75,2.25
2016.10.21 07:05:19.967,0.76451,0.76461,3.79,2.25
2016.10.21 07:05:20.121,0.76451,0.76461,3.00,2.25
2016.10.21 07:05:20.856,0.76451,0.76461,1.87,2.25
2016.10.21 07:05:20.908,0.76451,0.76461,2.62,2.25
2016.10.21 07:05:21.504,0.76451,0.76461,2.25,2.25
2016.10.21 07:05:21.555,0.76452,0.76461,1.00,2.25
2016.10.21 07:05:21.809,0.76451,0.76461,2.25,2.25
2016.10.21 07:05:21.962,0.76451,0.76461,1.50,2.25
2016.10.21 07:05:22.934,0.76451,0.76461,2.25,3.29
2016.10.21 07:05:22.985,0.76451,0.76461,1.50,3.44
2016.10.21 07:05:23.037,0.76451,0.7646,1.50,1.00
2016.10.21 07:05:23.088,0.76451,0.7646,1.00,1.00
2016.10.21 07:05:23.141,0.7645,0.7646,1.50,2.54
2016.10.21 07:05:23.443,0.7645,0.76458,1.12,1.14
2016.10.21 07:05:23.494,0.76449,0.76458,1.50,2.62
2016.10.21 07:05:23.545,0.76449,0.76458,1.50,1.87
2016.10.21 07:05:23.647,0.76449,0.76458,1.50,2.62
2016.10.21 07:05:23.800,0.76449,0.76458,1.50,1.87
2016.10.21 07:05:23.902,0.76449,0.76458,1.50,2.62
2016.10.21 07:05:24.003,0.76449,0.76458,1.50,1.87
2016.10.21 07:05:24.054,0.76449,0.76458,1.50,2.25
2016.10.21 07:05:24.105,0.7645,0.76457,1.00,1.50
2016.10.21 07:05:24.156,0.76449,0.76457,1.50,1.50
2016.10.21 07:05:24.501,0.7645,0.76458,1.00,3.10
2016.10.21 07:05:24.557,0.7645,0.76457,1.00,1.50
2016.10.21 07:05:24.726,0.7645,0.76457,1.00,1.00
2016.10.21 07:05:24.829,0.7645,0.76458,1.00,1.23
2016.10.21 07:05:24.931,0.7645,0.76458,1.00,1.98
2016.10.21 07:05:25.102,0.76449,0.76458,1.50,1.00
2016.10.21 07:05:25.204,0.76449,0.76458,1.50,2.25
2016.10.21 07:05:25.255,0.76449,0.76458,1.00,2.25
2016.10.21 07:05:25.884,0.76448,0.76453,1.00,1.00
2016.10.21 07:05:25.935,0.76445,0.76453,1.00,2.62
2016.10.21 07:05:25.986,0.76442,0.76453,5.25,2.62
2016.10.21 07:05:26.037,0.76442,0.76453,5.25,3.00
2016.10.21 07:05:26.089,0.76442,0.76453,4.87,3.00
2016.10.21 07:05:26.140,0.76443,0.76453,1.00,3.00
2016.10.21 07:05:26.428,0.76443,0.76453,1.00,3.75
2016.10.21 07:05:26.899,0.76442,0.76453,3.75,3.75
2016.10.21 07:05:27.023,0.76443,0.76453,1.00,3.75
2016.10.21 07:05:27.074,0.76442,0.76453,3.00,3.00
2016.10.21 07:05:27.125,0.76442,0.76452,3.00,1.12
2016.10.21 07:05:27.329,0.76442,0.76452,3.75,1.12
2016.10.21 07:05:27.381,0.76442,0.76452,3.79,1.12
2016.10.21 07:05:27.432,0.76442,0.76452,3.00,1.12
2016.10.21 07:05:28.122,0.76442,0.76452,3.00,1.12
2016.10.21 07:05:28.173,0.76442,0.76453,3.00,3.75
2016.10.21 07:05:28.327,0.76442,0.76453,2.25,3.75
2016.10.21 07:05:29.774,0.76442,0.76453,3.00,3.75
2016.10.21 07:05:29.876,0.76442,0.76453,2.25,3.75
2016.10.21 07:05:29.928,0.76442,0.76453,3.04,3.75
2016.10.21 07:05:29.979,0.76442,0.76453,2.25,3.75
2016.10.21 07:05:30.030,0.76443,0.76453,1.50,1.50
2016.10.21 07:05:30.418,0.76447,0.76454,1.50,1.87
2016.10.21 07:05:30.469,0.76448,0.76458,1.87,1.12
2016.10.21 07:05:30.520,0.76448,0.76458,3.75,1.12
2016.10.21 07:05:30.790,0.76448,0.76458,4.50,1.12
2016.10.21 07:05:30.865,0.76448,0.76457,4.12,1.50
2016.10.21 07:05:30.916,0.76448,0.76457,3.00,1.50
2016.10.21 07:05:31.018,0.76448,0.76457,1.50,1.50
2016.10.21 07:05:31.069,0.76448,0.76457,1.50,1.60
2016.10.21 07:05:31.426,0.76448,0.76457,1.12,1.60
2016.10.21 07:05:31.484,0.76447,0.76457,3.37,1.60
2016.10.21 07:05:31.586,0.76448,0.76457,1.12,1.50
2016.10.21 07:05:31.637,0.76448,0.76458,1.12,4.31
2016.10.21 07:05:31.689,0.76448,0.76458,1.12,4.31
2016.10.21 07:05:31.740,0.76448,0.76458,1.50,4.31
2016.10.21 07:05:31.844,0.76448,0.76458,1.50,4.12
2016.10.21 07:05:32.460,0.76448,0.76458,1.50,3.56
2016.10.21 07:05:33.898,0.76448,0.76458,1.50,3.37
2016.10.21 07:05:33.949,0.76448,0.76458,1.12,3.37
2016.10.21 07:05:34.051,0.76448,0.76458,1.87,4.69
2016.10.21 07:05:34.103,0.76447,0.76455,3.37,1.25
2016.10.21 07:05:34.154,0.76447,0.76455,1.00,1.65
2016.10.21 07:05:34.205,0.76446,0.76455,2.25,6.15
2016.10.21 07:05:34.257,0.76446,0.76453,1.00,1.00
2016.10.21 07:05:34.308,0.76444,0.76453,2.25,1.00
2016.10.21 07:05:34.359,0.76444,0.76454,1.12,1.37
2016.10.21 07:05:34.412,0.76444,0.76454,1.00,1.87
2016.10.21 07:05:34.784,0.76443,0.76454,1.50,1.87
2016.10.21 07:05:34.886,0.76443,0.76454,1.50,2.62
2016.10.21 07:05:34.989,0.76443,0.76454,1.00,3.75
2016.10.21 07:05:35.040,0.76442,0.76454,4.87,4.50
2016.10.21 07:05:35.091,0.76442,0.76453,5.25,1.00
2016.10.21 07:05:35.143,0.76442,0.76453,6.00,2.25
2016.10.21 07:05:35.439,0.76442,0.76453,5.62,2.25
2016.10.21 07:05:35.490,0.76442,0.76453,4.12,3.00
2016.10.21 07:05:35.643,0.76442,0.76453,4.12,3.75
2016.10.21 07:05:35.694,0.76442,0.76453,3.37,3.75
2016.10.21 07:05:35.746,0.76442,0.76452,3.75,1.37
2016.10.21 07:05:35.797,0.76442,0.76452,3.00,1.37
2016.10.21 07:05:35.848,0.76442,0.76452,1.50,1.37
2016.10.21 07:05:35.951,0.76442,0.76452,1.50,1.37
2016.10.21 07:05:36.359,0.76442,0.76452,1.50,1.37
2016.10.21 07:05:36.410,0.76441,0.76452,5.25,1.37
2016.10.21 07:05:36.462,0.76442,0.76452,1.00,1.37
2016.10.21 07:05:36.666,0.76442,0.76452,1.00,2.62
2016.10.21 07:05:36.718,0.76441,0.76452,6.75,2.62
2016.10.21 07:05:36.769,0.76441,0.76452,5.25,1.87
2016.10.21 07:05:36.871,0.76441,0.76452,5.25,1.37
2016.10.21 07:05:36.923,0.76442,0.76452,1.00,1.37
2016.10.21 07:05:36.974,0.76442,0.76452,1.00,1.37
2016.10.21 07:05:37.780,0.76441,0.76452,4.50,1.37
2016.10.21 07:05:37.882,0.76441,0.76452,4.50,1.37
2016.10.21 07:05:37.933,0.76441,0.76452,4.87,1.37
2016.10.21 07:05:37.985,0.76442,0.76452,1.00,1.46
2016.10.21 07:05:38.036,0.76441,0.76452,2.25,2.81
2016.10.21 07:05:38.087,0.76441,0.76452,1.50,4.31
2016.10.21 07:05:38.363,0.76441,0.76452,1.50,4.31
2016.10.21 07:05:38.415,0.76441,0.76451,1.50,1.87
2016.10.21 07:05:38.466,0.76442,0.76451,1.00,1.87
2016.10.21 07:05:39.167,0.76442,0.76451,1.00,3.37
2016.10.21 07:05:39.218,0.76441,0.76451,1.50,2.62
2016.10.21 07:05:39.717,0.76441,0.76451,1.00,3.37
2016.10.21 07:05:39.768,0.76441,0.76451,1.00,3.37
2016.10.21 07:05:39.870,0.76441,0.7645,1.00,1.00
2016.10.21 07:05:39.973,0.76441,0.76451,1.00,3.37
2016.10.21 07:05:40.229,0.76441,0.7645,1.00,1.00
2016.10.21 07:05:40.603,0.76441,0.76451,1.00,2.62
2016.10.21 07:05:40.712,0.76441,0.76451,1.00,3.37
2016.10.21 07:05:40.915,0.76441,0.76451,1.00,2.62
2016.10.21 07:05:41.067,0.76441,0.76451,1.00,1.12
2016.10.21 07:05:41.813,0.76441,0.76451,1.12,1.12
2016.10.21 07:05:41.915,0.76441,0.76452,1.12,5.44
2016.10.21 07:05:41.966,0.76441,0.76452,1.00,4.69
2016.10.21 07:05:42.017,0.76441,0.76452,1.00,3.94
2016.10.21 07:05:42.069,0.76441,0.76452,1.87,3.94
2016.10.21 07:05:42.121,0.76441,0.76452,2.25,3.94
2016.10.21 07:05:42.172,0.76442,0.76452,1.00,3.94
2016.10.21 07:05:42.224,0.76442,0.76452,1.50,3.94
2016.10.21 07:05:42.826,0.76442,0.76452,2.62,3.19
2016.10.21 07:05:42.877,0.76442,0.76452,1.87,3.94
2016.10.21 07:05:42.928,0.76442,0.76452,1.00,2.44
2016.10.21 07:05:43.031,0.76442,0.76452,1.00,3.19
2016.10.21 07:05:43.135,0.76442,0.76451,1.00,1.00
2016.10.21 07:05:43.959,0.76442,0.76451,1.00,1.50
2016.10.21 07:05:44.180,0.76442,0.76451,1.50,1.50
2016.10.21 07:05:44.232,0.76442,0.76451,1.00,1.50
2016.10.21 07:05:44.436,0.76441,0.76451,1.87,1.50
2016.10.21 07:05:44.491,0.76441,0.76451,2.62,1.50
2016.10.21 07:05:44.593,0.76441,0.76451,1.87,1.50
2016.10.21 07:05:45.030,0.76441,0.76451,1.87,1.00
2016.10.21 07:05:45.167,0.76441,0.76451,1.87,1.00
2016.10.21 07:05:45.219,0.76441,0.76451,1.87,1.50
2016.10.21 07:05:45.630,0.76441,0.76451,2.62,1.50
2016.10.21 07:05:46.321,0.76441,0.76451,1.87,1.50
2016.10.21 07:05:46.576,0.76441,0.76451,2.62,1.50
2016.10.21 07:05:46.679,0.76441,0.76451,1.87,1.50
2016.10.21 07:05:47.603,0.76441,0.76451,1.50,1.87
2016.10.21 07:05:47.733,0.76441,0.76451,3.00,1.87
2016.10.21 07:05:48.689,0.76441,0.7645,3.37,1.00
2016.10.21 07:05:48.740,0.76441,0.7645,3.37,1.50
2016.10.21 07:05:48.974,0.76441,0.7645,3.37,1.00
2016.10.21 07:05:49.234,0.76441,0.7645,2.62,1.00
2016.10.21 07:05:51.010,0.76441,0.76451,2.25,1.87
2016.10.21 07:05:51.112,0.76441,0.76451,1.50,3.37
2016.10.21 07:05:51.164,0.76441,0.76451,1.50,3.52
2016.10.21 07:05:51.215,0.76441,0.7645,1.00,1.00
2016.10.21 07:05:51.624,0.76441,0.7645,1.50,1.00
2016.10.21 07:05:52.008,0.76441,0.76451,1.00,3.37
2016.10.21 07:05:52.314,0.76441,0.76449,1.00,1.00
2016.10.21 07:05:52.467,0.76441,0.7645,1.50,1.00
2016.10.21 07:05:52.961,0.76441,0.76451,1.00,3.37
2016.10.21 07:05:53.022,0.76441,0.7645,1.00,1.00
2016.10.21 07:05:53.226,0.76441,0.76451,1.00,2.77
2016.10.21 07:05:53.278,0.76441,0.76451,1.00,5.02
2016.10.21 07:05:53.380,0.76441,0.76451,1.00,4.12
2016.10.21 07:05:53.960,0.76441,0.7645,1.00,1.00
2016.10.21 07:05:54.177,0.76439,0.7645,4.50,1.00
2016.10.21 07:05:54.484,0.76439,0.76451,4.50,4.08
2016.10.21 07:05:54.535,0.76439,0.76451,4.50,4.08
2016.10.21 07:05:54.847,0.76439,0.76451,5.25,4.83
2016.10.21 07:05:55.288,0.76439,0.76451,4.50,4.64
2016.10.21 07:05:55.340,0.76439,0.7645,4.12,2.25
2016.10.21 07:05:56.028,0.76439,0.7645,3.37,2.25
2016.10.21 07:05:56.384,0.76439,0.76449,4.50,1.00
2016.10.21 07:05:56.536,0.76439,0.76449,5.25,1.00
2016.10.21 07:05:57.350,0.76439,0.7645,5.25,1.50
2016.10.21 07:05:57.735,0.76439,0.7645,5.25,1.00
2016.10.21 07:05:57.786,0.7644,0.7645,1.50,1.00
2016.10.21 07:05:57.837,0.7644,0.7645,1.50,1.00
2016.10.21 07:05:57.888,0.76439,0.7645,5.25,1.00
2016.10.21 07:05:57.940,0.76439,0.7645,6.00,1.00
2016.10.21 07:05:58.336,0.7644,0.7645,1.87,1.00
2016.10.21 07:05:58.641,0.7644,0.7645,1.87,1.00
2016.10.21 07:05:59.004,0.7644,0.7645,1.87,1.00
2016.10.21 07:05:59.129,0.7644,0.7645,1.87,1.50
2016.10.21 07:05:59.286,0.7644,0.7645,1.87,1.00
2016.10.21 07:06:01.529,0.7644,0.7645,2.62,1.00
2016.10.21 07:06:01.682,0.7644,0.76451,2.62,2.25
2016.10.21 07:06:02.524,0.7644,0.76451,2.62,2.25
2016.10.21 07:06:02.626,0.7644,0.76451,2.62,2.25
2016.10.21 07:06:02.677,0.7644,0.76451,2.25,3.00
2016.10.21 07:06:02.926,0.7644,0.76451,2.25,3.00
2016.10.21 07:06:03.029,0.7644,0.76451,2.25,2.25
2016.10.21 07:06:03.401,0.76441,0.76451,1.37,2.25
2016.10.21 07:06:04.395,0.76441,0.76451,1.37,1.50
2016.10.21 07:06:04.606,0.76441,0.76451,1.37,1.50
2016.10.21 07:06:04.657,0.76441,0.76451,1.37,1.00
2016.10.21 07:06:05.047,0.7644,0.76451,2.62,1.00
2016.10.21 07:06:05.098,0.7644,0.76451,2.62,1.00
2016.10.21 07:06:05.200,0.7644,0.76451,2.62,1.19
2016.10.21 07:06:05.251,0.7644,0.76451,2.62,1.64
2016.10.21 07:06:05.302,0.7644,0.76451,2.62,3.14
2016.10.21 07:06:05.353,0.7644,0.76451,1.87,3.00
2016.10.21 07:06:05.404,0.7644,0.7645,1.87,1.00
2016.10.21 07:06:05.506,0.7644,0.7645,2.62,1.00
2016.10.21 07:06:05.832,0.7644,0.7645,1.87,1.00
2016.10.21 07:06:05.985,0.7644,0.7645,1.87,1.50
2016.10.21 07:06:06.036,0.7644,0.7645,1.87,2.25
2016.10.21 07:06:06.139,0.7644,0.7645,1.87,1.50
2016.10.21 07:06:06.190,0.7644,0.7645,2.25,1.50
2016.10.21 07:06:06.242,0.7644,0.76449,2.25,1.00
2016.10.21 07:06:06.293,0.7644,0.76449,1.87,1.00
2016.10.21 07:06:06.396,0.7644,0.7645,1.87,1.50
2016.10.21 07:06:06.991,0.7644,0.7645,2.25,1.50
2016.10.21 07:06:07.042,0.7644,0.76449,1.50,1.00
2016.10.21 07:06:07.094,0.7644,0.76449,1.50,1.25
2016.10.21 07:06:07.146,0.7644,0.76449,1.50,1.19
2016.10.21 07:06:07.197,0.7644,0.7645,1.87,1.83
2016.10.21 07:06:07.248,0.7644,0.7645,1.87,1.50
2016.10.21 07:06:07.946,0.7644,0.7645,1.87,1.00
2016.10.21 07:06:08.368,0.7644,0.7645,1.87,1.50
2016.10.21 07:06:08.521,0.7644,0.7645,1.87,1.00
2016.10.21 07:06:09.176,0.7644,0.7645,2.62,1.00
2016.10.21 07:06:09.382,0.7644,0.7645,1.87,2.25
2016.10.21 07:06:09.434,0.7644,0.76449,1.50,1.52
2016.10.21 07:06:09.497,0.76439,0.76449,1.50,3.52
2016.10.21 07:06:09.806,0.76438,0.76445,1.50,1.00
2016.10.21 07:06:09.857,0.76436,0.76445,1.12,1.12
2016.10.21 07:06:09.908,0.76434,0.76445,2.62,1.87
2016.10.21 07:06:09.959,0.76434,0.76444,1.50,1.00
2016.10.21 07:06:10.011,0.76434,0.76444,1.50,2.25
2016.10.21 07:06:10.062,0.76434,0.76443,1.12,2.25
2016.10.21 07:06:10.164,0.76434,0.76443,1.12,1.87
2016.10.21 07:06:10.515,0.76433,0.76443,1.00,3.37
2016.10.21 07:06:10.674,0.76431,0.76443,3.37,3.37
2016.10.21 07:06:10.725,0.76431,0.76443,2.62,3.37
2016.10.21 07:06:10.827,0.76431,0.76443,2.62,4.50
2016.10.21 07:06:10.879,0.76431,0.76443,2.62,3.37
2016.10.21 07:06:11.266,0.76431,0.76443,1.50,4.12
2016.10.21 07:06:11.369,0.76431,0.76443,1.50,4.87
2016.10.21 07:06:12.142,0.76431,0.76442,1.50,1.00
2016.10.21 07:06:12.429,0.76431,0.76443,1.50,4.87
2016.10.21 07:06:12.480,0.76435,0.76443,1.00,3.37
2016.10.21 07:06:12.532,0.76434,0.76443,1.00,1.50
2016.10.21 07:06:12.583,0.76434,0.76445,1.00,6.00
2016.10.21 07:06:12.634,0.76433,0.76444,3.37,2.25
2016.10.21 07:06:12.686,0.76433,0.76444,4.50,1.50
2016.10.21 07:06:12.951,0.76433,0.76444,3.75,1.50
2016.10.21 07:06:13.003,0.76436,0.76444,1.00,1.50
2016.10.21 07:06:13.056,0.76434,0.76446,2.25,4.12
2016.10.21 07:06:13.315,0.76434,0.76444,1.00,1.00
2016.10.21 07:06:13.368,0.76433,0.76443,1.00,1.87
2016.10.21 07:06:13.470,0.76436,0.76443,1.00,1.12
2016.10.21 07:06:13.573,0.76435,0.76443,1.12,1.00
2016.10.21 07:06:13.625,0.76434,0.76445,3.00,1.87
2016.10.21 07:06:13.677,0.76434,0.76444,1.00,1.00
2016.10.21 07:06:13.728,0.76435,0.76444,2.62,1.00
2016.10.21 07:06:14.050,0.76435,0.76444,2.25,1.00
2016.10.21 07:06:14.101,0.76434,0.76445,1.00,3.37
2016.10.21 07:06:14.203,0.76434,0.76444,1.00,1.87
2016.10.21 07:06:14.255,0.76434,0.76444,1.00,1.87
2016.10.21 07:06:14.306,0.76433,0.76444,1.50,1.87
2016.10.21 07:06:14.357,0.76433,0.76444,1.50,1.87
2016.10.21 07:06:14.842,0.76432,0.76443,1.00,2.95
2016.10.21 07:06:14.896,0.76431,0.76442,1.50,1.12
2016.10.21 07:06:14.947,0.76431,0.76442,1.50,1.12
2016.10.21 07:06:14.998,0.76431,0.76443,1.50,3.37
2016.10.21 07:06:15.050,0.76431,0.76442,1.50,1.12
2016.10.21 07:06:15.101,0.7643,0.76441,2.62,1.50
2016.10.21 07:06:15.153,0.7643,0.7644,1.12,1.00
2016.10.21 07:06:15.617,0.76429,0.76441,3.75,3.75
2016.10.21 07:06:15.668,0.76429,0.76441,4.50,3.37
2016.10.21 07:06:15.872,0.7643,0.76441,1.00,3.37
2016.10.21 07:06:15.923,0.7643,0.76441,1.00,2.62
2016.10.21 07:06:15.974,0.76431,0.76441,1.00,1.87
2016.10.21 07:06:16.645,0.76431,0.76441,1.00,2.62
2016.10.21 07:06:16.900,0.76431,0.76441,1.00,1.87
2016.10.21 07:06:16.951,0.76431,0.76441,1.00,1.12
2016.10.21 07:06:17.054,0.76431,0.7644,1.00,1.00
2016.10.21 07:06:17.156,0.76431,0.76441,1.00,1.12
2016.10.21 07:06:17.450,0.76431,0.76441,1.00,1.12
2016.10.21 07:06:18.363,0.76431,0.76441,1.00,1.87
2016.10.21 07:06:18.739,0.76431,0.7644,1.00,1.50
2016.10.21 07:06:18.792,0.76429,0.76439,3.37,1.00
2016.10.21 07:06:18.894,0.76429,0.76441,3.37,3.37
2016.10.21 07:06:18.945,0.76429,0.7644,2.62,1.50
2016.10.21 07:06:19.525,0.76429,0.76439,1.87,1.00
2016.10.21 07:06:19.577,0.76429,0.76439,1.87,1.00
2016.10.21 07:06:19.781,0.76429,0.76439,1.87,1.00
2016.10.21 07:06:19.833,0.76429,0.76439,3.37,1.00
2016.10.21 07:06:20.104,0.76429,0.76439,4.12,1.00
2016.10.21 07:06:20.257,0.76429,0.7644,4.12,2.25
2016.10.21 07:06:20.462,0.76429,0.7644,4.87,2.25
2016.10.21 07:06:21.190,0.76429,0.7644,5.62,1.50
2016.10.21 07:06:21.576,0.76429,0.7644,4.87,1.50
2016.10.21 07:06:21.679,0.76429,0.7644,5.62,1.50
2016.10.21 07:06:21.730,0.7643,0.7644,1.00,1.50
2016.10.21 07:06:22.352,0.7643,0.7644,1.00,1.50
2016.10.21 07:06:22.764,0.7643,0.7644,1.00,1.50
2016.10.21 07:06:23.070,0.7643,0.7644,1.00,2.25
2016.10.21 07:06:24.941,0.7643,0.7644,1.00,3.00
2016.10.21 07:06:25.043,0.7643,0.7644,1.00,2.25
2016.10.21 07:06:26.517,0.76431,0.7644,1.50,1.50
2016.10.21 07:06:26.568,0.76431,0.76442,2.25,5.62
2016.10.21 07:06:26.671,0.76431,0.76442,1.50,4.87
2016.10.21 07:06:26.724,0.76431,0.76442,1.50,4.12
2016.10.21 07:06:26.776,0.76431,0.7644,1.50,1.50
2016.10.21 07:06:27.382,0.76431,0.76442,1.50,4.87
2016.10.21 07:06:27.484,0.76431,0.76442,1.50,5.25
2016.10.21 07:06:27.757,0.76431,0.76442,2.25,5.25
2016.10.21 07:06:27.808,0.76431,0.76442,1.50,5.25
2016.10.21 07:06:28.241,0.76431,0.76441,2.25,1.00
2016.10.21 07:06:28.396,0.76431,0.76441,2.25,1.00
2016.10.21 07:06:28.499,0.76431,0.76441,2.25,1.00
2016.10.21 07:06:28.552,0.76431,0.76441,1.50,1.00
2016.10.21 07:06:28.605,0.76431,0.76441,1.50,1.50
2016.10.21 07:06:28.918,0.7643,0.76441,1.00,1.50
2016.10.21 07:06:29.071,0.7643,0.76441,1.00,1.00
2016.10.21 07:06:29.174,0.7643,0.7644,1.00,1.00
2016.10.21 07:06:30.567,0.7643,0.7644,1.50,1.00
2016.10.21 07:06:30.720,0.7643,0.7644,1.00,1.00
2016.10.21 07:06:30.772,0.7643,0.7644,1.00,1.00
2016.10.21 07:06:30.823,0.7643,0.7644,1.00,1.00
2016.10.21 07:06:31.104,0.76429,0.7644,4.87,1.00
2016.10.21 07:06:31.158,0.76429,0.7644,4.12,2.25
2016.10.21 07:06:31.415,0.7643,0.7644,1.00,1.50
2016.10.21 07:06:31.467,0.76429,0.7644,3.75,1.50
2016.10.21 07:06:31.571,0.7643,0.7644,1.00,1.50
2016.10.21 07:06:31.675,0.76429,0.7644,3.75,1.50
2016.10.21 07:06:31.727,0.76429,0.7644,3.00,1.50
2016.10.21 07:06:32.039,0.76429,0.7644,2.25,1.50
2016.10.21 07:06:32.141,0.76429,0.7644,3.00,1.50
2016.10.21 07:06:32.192,0.76429,0.7644,2.25,1.50
2016.10.21 07:06:32.396,0.7643,0.7644,1.00,2.25
2016.10.21 07:06:32.783,0.7643,0.7644,1.00,2.39
2016.10.21 07:06:34.001,0.7643,0.7644,1.00,2.25
2016.10.21 07:06:34.890,0.7643,0.7644,1.00,3.00
2016.10.21 07:06:34.992,0.7643,0.7644,1.00,3.00
2016.10.21 07:06:35.043,0.76429,0.7644,3.00,3.14
2016.10.21 07:06:35.094,0.76431,0.7644,1.00,3.14
2016.10.21 07:06:35.146,0.76431,0.7644,1.00,3.00
2016.10.21 07:06:35.204,0.76431,0.76439,1.00,1.50
2016.10.21 07:06:35.255,0.76429,0.76439,2.25,2.25
2016.10.21 07:06:35.307,0.76429,0.76439,1.87,4.50
2016.10.21 07:06:35.622,0.76429,0.76438,1.00,1.00
2016.10.21 07:06:37.694,0.76429,0.76439,1.50,2.25
2016.10.21 07:06:37.796,0.76429,0.76439,1.50,1.00
2016.10.21 07:06:38.105,0.76429,0.76438,1.50,1.00
2016.10.21 07:06:38.586,0.76429,0.76439,1.87,1.00
2016.10.21 07:06:38.688,0.7643,0.7644,1.12,4.87
2016.10.21 07:06:39.130,0.7643,0.7644,1.50,4.87
2016.10.21 07:06:39.283,0.7643,0.7644,1.50,4.12
2016.10.21 07:06:39.385,0.7643,0.76439,1.50,1.50
2016.10.21 07:06:39.806,0.7643,0.7644,1.50,3.37
2016.10.21 07:06:40.690,0.7643,0.7644,1.50,3.37
2016.10.21 07:06:41.872,0.7643,0.7644,1.50,4.12
2016.10.21 07:06:42.229,0.7643,0.76439,1.50,1.00
2016.10.21 07:06:42.934,0.76428,0.76439,3.00,3.52
2016.10.21 07:06:43.037,0.76429,0.76439,1.50,4.27
2016.10.21 07:06:43.088,0.76429,0.76439,1.50,3.52
2016.10.21 07:06:43.140,0.76429,0.76439,1.00,3.52
2016.10.21 07:06:43.191,0.76429,0.76438,1.12,1.87
2016.10.21 07:06:43.243,0.76429,0.76438,1.87,1.87
2016.10.21 07:06:43.448,0.76429,0.76438,1.87,2.62
2016.10.21 07:06:43.778,0.76429,0.76438,1.87,2.62
2016.10.21 07:06:43.830,0.76429,0.76438,1.12,2.62
2016.10.21 07:06:44.035,0.76429,0.76438,1.00,2.62
2016.10.21 07:06:45.281,0.76429,0.76438,1.00,1.12
2016.10.21 07:06:45.333,0.76431,0.76439,1.00,1.37
2016.10.21 07:06:45.385,0.76431,0.76441,1.50,3.75
2016.10.21 07:06:45.438,0.76432,0.76441,1.00,3.37
2016.10.21 07:06:45.733,0.76432,0.76442,1.87,1.12
2016.10.21 07:06:45.785,0.76432,0.76442,1.12,1.12
2016.10.21 07:06:45.837,0.76432,0.76442,1.12,1.87
2016.10.21 07:06:45.889,0.76432,0.76442,1.12,3.37
2016.10.21 07:06:46.094,0.76432,0.76442,1.12,2.62
2016.10.21 07:06:46.145,0.76432,0.76442,1.00,2.62
2016.10.21 07:06:46.199,0.76432,0.76441,1.00,1.00
2016.10.21 07:06:46.302,0.76432,0.76442,1.00,2.62
2016.10.21 07:06:46.663,0.76431,0.76441,1.00,4.12
2016.10.21 07:06:46.715,0.7643,0.76441,1.12,4.87
2016.10.21 07:06:46.818,0.7643,0.7644,1.12,1.37
2016.10.21 07:06:46.921,0.7643,0.7644,1.12,1.37
2016.10.21 07:06:46.972,0.7643,0.7644,1.12,1.87
2016.10.21 07:06:47.354,0.7643,0.7644,1.12,1.37
2016.10.21 07:06:47.486,0.7643,0.7644,1.12,2.62
2016.10.21 07:06:48.013,0.7643,0.7644,1.12,2.62
2016.10.21 07:06:48.064,0.76429,0.76438,1.87,1.00
2016.10.21 07:06:48.116,0.76429,0.76438,1.87,1.83
2016.10.21 07:06:48.167,0.76427,0.76438,4.50,2.39
2016.10.21 07:06:48.442,0.76427,0.76438,4.12,2.39
2016.10.21 07:06:48.493,0.76427,0.76438,1.87,1.19
2016.10.21 07:06:48.647,0.76427,0.76438,1.87,1.19
2016.10.21 07:06:48.802,0.76427,0.76438,1.87,1.19
2016.10.21 07:06:49.359,0.76427,0.76438,2.62,1.19
2016.10.21 07:06:49.413,0.76427,0.76438,3.75,1.14
2016.10.21 07:06:49.631,0.76427,0.76438,3.75,1.14
2016.10.21 07:06:50.194,0.76427,0.76438,2.62,1.19
2016.10.21 07:06:50.449,0.76427,0.76438,2.62,1.19
2016.10.21 07:06:51.978,0.76427,0.76438,3.75,1.14
2016.10.21 07:06:52.029,0.76427,0.76434,2.25,1.00
2016.10.21 07:06:52.082,0.76427,0.76434,1.50,1.00
2016.10.21 07:06:52.381,0.76427,0.76432,1.00,4.87
2016.10.21 07:06:52.433,0.76423,0.76431,1.00,4.50
2016.10.21 07:06:52.484,0.76423,0.76431,1.00,3.37
2016.10.21 07:06:52.535,0.76422,0.76432,1.00,4.12
2016.10.21 07:06:52.587,0.76426,0.76432,1.00,3.00
2016.10.21 07:06:52.639,0.76426,0.76434,1.00,3.00
2016.10.21 07:06:52.691,0.76424,0.76433,1.87,1.00
2016.10.21 07:06:52.742,0.76426,0.76433,1.00,1.00
2016.10.21 07:06:53.022,0.76426,0.76434,1.12,1.12
2016.10.21 07:06:53.094,0.76422,0.76431,1.75,1.00
2016.10.21 07:06:53.145,0.76422,0.76432,1.00,1.12
2016.10.21 07:06:53.248,0.76422,0.76432,1.50,1.12
2016.10.21 07:06:53.299,0.76422,0.76432,1.00,2.62
2016.10.21 07:06:53.351,0.76421,0.76432,1.87,3.37
2016.10.21 07:06:53.403,0.76421,0.76432,1.50,3.75
2016.10.21 07:06:53.831,0.76421,0.76431,1.50,1.12
2016.10.21 07:06:54.016,0.76421,0.76431,1.87,1.50
2016.10.21 07:06:54.067,0.76421,0.76431,1.12,1.50
2016.10.21 07:06:54.272,0.76421,0.76431,1.50,1.50
2016.10.21 07:06:54.323,0.76421,0.76431,1.50,1.87
2016.10.21 07:06:54.425,0.76421,0.76431,1.50,1.12
2016.10.21 07:06:54.794,0.76421,0.76431,3.00,1.00
2016.10.21 07:06:54.959,0.76421,0.76431,2.25,1.00
2016.10.21 07:06:55.062,0.76421,0.76431,3.75,1.00
2016.10.21 07:06:55.114,0.76421,0.76431,3.75,1.19
2016.10.21 07:06:55.166,0.76421,0.76431,1.87,1.00
2016.10.21 07:06:55.323,0.76421,0.76431,2.62,1.00
2016.10.21 07:06:55.374,0.76421,0.76431,2.62,2.25
2016.10.21 07:06:55.704,0.76421,0.76431,1.50,2.25
2016.10.21 07:06:55.777,0.76421,0.76431,1.00,2.25
2016.10.21 07:06:55.879,0.76421,0.76431,1.00,1.50
2016.10.21 07:06:56.239,0.76421,0.76431,1.00,2.25
2016.10.21 07:06:56.528,0.76421,0.76431,1.00,1.50
2016.10.21 07:06:56.581,0.76421,0.76431,1.00,1.00
2016.10.21 07:06:56.857,0.76421,0.76431,1.00,1.00
2016.10.21 07:06:56.908,0.76421,0.76431,1.12,1.00
2016.10.21 07:06:56.959,0.76421,0.76432,1.12,2.25
2016.10.21 07:06:57.113,0.76423,0.76432,1.00,2.25
2016.10.21 07:06:57.164,0.76425,0.76432,1.00,2.25
2016.10.21 07:06:57.438,0.76425,0.76432,1.00,1.50
2016.10.21 07:06:57.511,0.76424,0.76432,1.50,1.00
2016.10.21 07:06:57.664,0.76425,0.76432,1.00,1.00
2016.10.21 07:06:57.715,0.76424,0.76432,1.50,1.00
2016.10.21 07:06:58.416,0.76424,0.76432,1.00,1.00
2016.10.21 07:06:58.467,0.76423,0.76432,2.25,1.00
2016.10.21 07:06:58.774,0.76424,0.76432,1.00,1.00
2016.10.21 07:06:58.978,0.76423,0.76432,1.50,1.00
2016.10.21 07:06:59.030,0.76423,0.76432,1.00,1.00
2016.10.21 07:06:59.082,0.76422,0.76432,1.12,1.50
2016.10.21 07:06:59.133,0.76422,0.76432,1.87,2.25
2016.10.21 07:06:59.510,0.76422,0.76432,1.12,2.25
2016.10.21 07:07:00.043,0.76422,0.76432,1.87,2.25
2016.10.21 07:07:00.094,0.76422,0.76432,1.12,2.25
2016.10.21 07:07:00.809,0.76422,0.76431,1.12,1.00
2016.10.21 07:07:01.072,0.76422,0.76432,1.12,3.00
2016.10.21 07:07:01.174,0.76422,0.76432,1.50,2.25
2016.10.21 07:07:01.856,0.76422,0.76432,1.50,3.75
2016.10.21 07:07:02.980,0.76422,0.76431,1.00,1.00
2016.10.21 07:07:03.766,0.76422,0.76431,1.00,1.50
2016.10.21 07:07:03.817,0.76421,0.76431,1.50,1.50
2016.10.21 07:07:03.869,0.76421,0.76431,1.87,1.00
2016.10.21 07:07:04.074,0.76421,0.76431,1.87,1.50
2016.10.21 07:07:04.673,0.76421,0.76431,2.62,1.50
2016.10.21 07:07:04.748,0.76421,0.76431,1.12,1.12
2016.10.21 07:07:04.800,0.76421,0.76431,1.87,1.50
2016.10.21 07:07:04.851,0.76421,0.76431,1.12,1.50
2016.10.21 07:07:04.953,0.76421,0.76431,1.12,1.50
2016.10.21 07:07:05.056,0.76421,0.76431,2.62,1.50
2016.10.21 07:07:06.109,0.76421,0.76431,2.62,2.25
2016.10.21 07:07:06.160,0.76421,0.76431,1.87,3.00
2016.10.21 07:07:06.211,0.76421,0.76431,2.62,3.37
2016.10.21 07:07:06.262,0.76421,0.76431,2.62,3.37
2016.10.21 07:07:06.365,0.76421,0.76431,2.62,4.50
2016.10.21 07:07:06.416,0.76421,0.76431,2.62,3.75
2016.10.21 07:07:06.718,0.76421,0.76431,2.62,4.50
2016.10.21 07:07:06.770,0.76421,0.7643,1.87,1.50
2016.10.21 07:07:06.821,0.76421,0.7643,1.12,1.50
2016.10.21 07:07:06.873,0.76421,0.7643,1.12,1.87
2016.10.21 07:07:07.077,0.76421,0.7643,1.12,1.50
2016.10.21 07:07:07.533,0.76421,0.7643,1.00,1.50
2016.10.21 07:07:07.585,0.7642,0.7643,4.50,1.50
2016.10.21 07:07:07.857,0.7642,0.7643,4.50,3.00
2016.10.21 07:07:07.908,0.7642,0.7643,4.12,2.25
2016.10.21 07:07:07.959,0.7642,0.7643,4.12,3.37
2016.10.21 07:07:08.010,0.7642,0.7643,4.12,3.00
2016.10.21 07:07:08.061,0.7642,0.7643,3.75,3.37
2016.10.21 07:07:08.113,0.7642,0.7643,3.75,2.62
2016.10.21 07:07:08.472,0.7642,0.76429,2.25,1.00
2016.10.21 07:07:08.523,0.7642,0.76429,1.50,1.00
2016.10.21 07:07:08.676,0.7642,0.76429,1.50,1.00
2016.10.21 07:07:08.727,0.7642,0.7643,1.50,3.75
2016.10.21 07:07:08.778,0.7642,0.7643,1.50,3.75
2016.10.21 07:07:08.829,0.7642,0.7643,2.25,3.75
2016.10.21 07:07:08.880,0.7642,0.7643,1.87,3.75
2016.10.21 07:07:08.931,0.7642,0.7643,1.12,3.75
2016.10.21 07:07:08.982,0.7642,0.7643,1.12,3.37
2016.10.21 07:07:09.034,0.7642,0.7643,1.87,3.37
2016.10.21 07:07:09.636,0.7642,0.7643,1.87,3.37
2016.10.21 07:07:09.688,0.7642,0.7643,2.62,2.62
2016.10.21 07:07:09.790,0.7642,0.7643,1.87,1.87
2016.10.21 07:07:09.842,0.76421,0.7643,1.00,1.87
2016.10.21 07:07:10.422,0.76421,0.7643,1.00,2.62
2016.10.21 07:07:10.524,0.76421,0.76429,1.00,1.00
2016.10.21 07:07:10.575,0.76421,0.76429,1.00,1.00
2016.10.21 07:07:11.620,0.7642,0.76429,3.37,1.00
2016.10.21 07:07:12.834,0.7642,0.76429,2.62,1.00
2016.10.21 07:07:13.994,0.7642,0.76429,2.25,1.00
2016.10.21 07:07:14.356,0.7642,0.76429,1.50,1.00
2016.10.21 07:07:14.824,0.7642,0.7643,1.50,4.50
2016.10.21 07:07:15.671,0.7642,0.7643,1.50,3.75
2016.10.21 07:07:15.722,0.7642,0.7643,2.25,3.75
2016.10.21 07:07:16.181,0.7642,0.7643,1.50,3.00
2016.10.21 07:07:17.109,0.7642,0.7643,2.25,2.25
2016.10.21 07:07:17.160,0.76421,0.7643,1.00,1.87
2016.10.21 07:07:17.262,0.76421,0.7643,1.12,1.87
2016.10.21 07:07:17.648,0.76421,0.7643,1.00,1.87
2016.10.21 07:07:17.699,0.76419,0.76429,4.12,1.50
2016.10.21 07:07:17.750,0.7642,0.76429,1.00,1.50
2016.10.21 07:07:17.852,0.7642,0.76428,1.00,1.00
2016.10.21 07:07:17.903,0.7642,0.76428,1.00,1.00
2016.10.21 07:07:18.555,0.76419,0.76428,1.87,1.50
2016.10.21 07:07:18.635,0.76419,0.76428,1.12,1.00
2016.10.21 07:07:18.686,0.76419,0.76428,1.12,1.50
2016.10.21 07:07:18.738,0.76419,0.76428,1.87,1.64
2016.10.21 07:07:18.789,0.76419,0.76428,1.87,1.19
2016.10.21 07:07:19.433,0.76419,0.76428,1.87,1.64
2016.10.21 07:07:19.546,0.76419,0.76428,1.12,1.50
2016.10.21 07:07:19.598,0.76419,0.76428,1.87,1.64
2016.10.21 07:07:19.881,0.76419,0.76428,1.87,1.19
2016.10.21 07:07:19.932,0.76418,0.76429,8.25,1.64
2016.10.21 07:07:20.241,0.76419,0.76429,1.12,1.69
2016.10.21 07:07:20.344,0.76419,0.76429,1.12,1.00
2016.10.21 07:07:20.395,0.76419,0.76429,2.62,1.00
2016.10.21 07:07:20.447,0.76421,0.7643,1.12,2.62
2016.10.21 07:07:20.705,0.76421,0.7643,1.00,2.62
2016.10.21 07:07:20.756,0.7642,0.7643,1.12,1.87
2016.10.21 07:07:20.808,0.7642,0.7643,1.87,1.87
2016.10.21 07:07:20.910,0.7642,0.76429,1.37,1.00
2016.10.21 07:07:21.013,0.7642,0.7643,1.87,1.87
2016.10.21 07:07:21.065,0.76421,0.7643,1.00,1.87
2016.10.21 07:07:21.116,0.76421,0.7643,1.00,1.87
2016.10.21 07:07:21.544,0.76421,0.76431,1.00,3.00
2016.10.21 07:07:21.599,0.76421,0.76431,1.50,3.00
2016.10.21 07:07:21.652,0.76421,0.76431,2.25,3.00
2016.10.21 07:07:21.703,0.76421,0.76431,2.25,3.00
2016.10.21 07:07:22.484,0.76421,0.76431,2.25,3.37
2016.10.21 07:07:22.547,0.76421,0.76431,1.50,3.52
2016.10.21 07:07:22.650,0.76421,0.76431,1.00,3.52
2016.10.21 07:07:22.701,0.76421,0.76431,1.00,3.52
2016.10.21 07:07:22.935,0.76421,0.76431,1.00,3.37
2016.10.21 07:07:23.513,0.76421,0.76431,1.00,3.52
2016.10.21 07:07:23.564,0.76421,0.7643,1.00,1.00
2016.10.21 07:07:23.867,0.76421,0.76431,1.00,3.37
2016.10.21 07:07:23.918,0.7642,0.76431,4.50,3.52
2016.10.21 07:07:23.969,0.7642,0.76431,4.12,4.27
2016.10.21 07:07:24.020,0.7642,0.7643,4.12,1.00
2016.10.21 07:07:24.180,0.7642,0.76431,3.37,4.12
2016.10.21 07:07:24.559,0.7642,0.7643,3.00,2.25
2016.10.21 07:07:24.610,0.7642,0.76429,3.00,1.00
2016.10.21 07:07:24.712,0.7642,0.7643,3.00,1.50
2016.10.21 07:07:24.763,0.7642,0.7643,1.50,3.00
2016.10.21 07:07:25.323,0.7642,0.7643,1.12,3.00
2016.10.21 07:07:25.393,0.7642,0.76429,1.87,1.00
2016.10.21 07:07:25.579,0.7642,0.7643,1.12,3.00
2016.10.21 07:07:25.631,0.76419,0.7643,5.25,3.00
2016.10.21 07:07:25.835,0.76419,0.76429,6.00,1.00
2016.10.21 07:07:25.887,0.76419,0.7643,6.00,2.25
2016.10.21 07:07:26.327,0.7642,0.7643,1.50,2.25
2016.10.21 07:07:26.378,0.7642,0.7643,1.00,3.00
2016.10.21 07:07:26.480,0.7642,0.7643,1.50,3.00
2016.10.21 07:07:26.634,0.7642,0.7643,1.50,3.75
2016.10.21 07:07:26.687,0.7642,0.7643,1.00,3.75
2016.10.21 07:07:26.738,0.76422,0.76429,1.00,1.00
2016.10.21 07:07:27.334,0.7642,0.76429,1.00,1.00
2016.10.21 07:07:27.386,0.76419,0.76429,5.62,1.50
2016.10.21 07:07:27.490,0.7642,0.76429,1.12,1.50
2016.10.21 07:07:27.542,0.76419,0.76428,4.87,1.00
2016.10.21 07:07:27.594,0.76419,0.76428,4.50,1.00
2016.10.21 07:07:27.645,0.76419,0.76428,4.50,1.50
2016.10.21 07:07:27.697,0.76419,0.76428,4.50,1.00
2016.10.21 07:07:28.058,0.76419,0.76428,3.00,1.50
2016.10.21 07:07:28.110,0.76419,0.76428,2.25,1.50
2016.10.21 07:07:28.518,0.76419,0.76428,2.25,1.00
2016.10.21 07:07:28.672,0.76419,0.76428,3.00,1.00
2016.10.21 07:07:29.013,0.7642,0.76429,1.00,1.50
2016.10.21 07:07:29.065,0.76421,0.7643,1.12,1.12
2016.10.21 07:07:29.117,0.76421,0.7643,1.87,1.12
2016.10.21 07:07:29.168,0.76421,0.7643,1.50,1.12
2016.10.21 07:07:29.322,0.7642,0.7643,5.62,1.12
2016.10.21 07:07:29.832,0.7642,0.7643,5.62,1.87
2016.10.21 07:07:29.887,0.7642,0.7643,4.50,1.87
2016.10.21 07:07:29.939,0.7642,0.7643,3.75,2.62
2016.10.21 07:07:30.041,0.7642,0.7643,3.75,1.87
2016.10.21 07:07:30.297,0.7642,0.7643,3.75,2.62
2016.10.21 07:07:30.642,0.7642,0.76429,2.25,1.12
2016.10.21 07:07:30.693,0.76418,0.76429,3.37,5.39
2016.10.21 07:07:30.745,0.76418,0.76429,3.00,4.12
2016.10.21 07:07:30.796,0.76418,0.76429,2.62,4.12
2016.10.21 07:07:30.847,0.7642,0.76428,1.50,1.00
2016.10.21 07:07:30.898,0.76421,0.76429,1.00,3.37
2016.10.21 07:07:30.949,0.7642,0.76429,1.00,1.87
2016.10.21 07:07:31.282,0.76419,0.76428,1.87,1.00
2016.10.21 07:07:31.366,0.76419,0.76428,1.00,1.50
2016.10.21 07:07:31.468,0.76419,0.76428,1.00,1.00
2016.10.21 07:07:31.519,0.76419,0.76428,1.00,2.25
2016.10.21 07:07:31.570,0.76418,0.76428,2.62,2.25
2016.10.21 07:07:31.861,0.76418,0.76428,2.62,2.62
2016.10.21 07:07:31.913,0.76415,0.76424,1.37,1.00
2016.10.21 07:07:31.964,0.76414,0.76424,1.12,1.50
2016.10.21 07:07:32.015,0.76415,0.76424,1.37,1.00
2016.10.21 07:07:32.117,0.76414,0.76423,1.12,1.50
2016.10.21 07:07:32.169,0.76414,0.76423,1.50,1.50
2016.10.21 07:07:32.220,0.76414,0.76423,1.12,1.50
2016.10.21 07:07:32.555,0.76416,0.76423,1.00,1.50
2016.10.21 07:07:32.607,0.76416,0.76423,1.00,1.87
2016.10.21 07:07:32.985,0.76416,0.76425,1.00,3.37
2016.10.21 07:07:33.038,0.76414,0.76424,2.62,1.87
2016.10.21 07:07:33.091,0.76414,0.76424,3.75,1.87
2016.10.21 07:07:33.408,0.76414,0.76424,2.25,1.50
2016.10.21 07:07:33.459,0.76414,0.76424,3.00,1.00
2016.10.21 07:07:33.604,0.76414,0.76424,2.25,1.00
2016.10.21 07:07:33.655,0.76414,0.76424,1.50,1.00
2016.10.21 07:07:34.051,0.76414,0.76424,2.25,1.00
2016.10.21 07:07:34.116,0.76414,0.76424,1.50,1.00
2016.10.21 07:07:34.218,0.76414,0.76423,1.50,2.25
2016.10.21 07:07:34.277,0.76414,0.76423,1.12,2.25
2016.10.21 07:07:34.330,0.76413,0.76423,1.50,1.50
2016.10.21 07:07:34.657,0.76413,0.76423,1.37,1.00
2016.10.21 07:07:34.708,0.76418,0.76427,1.00,5.06
2016.10.21 07:07:34.760,0.76418,0.76427,1.37,2.62
2016.10.21 07:07:34.811,0.76416,0.76427,7.87,1.25
2016.10.21 07:07:34.862,0.76418,0.76427,1.00,1.00
2016.10.21 07:07:34.913,0.76418,0.76427,1.00,1.12
2016.10.21 07:07:34.964,0.76417,0.76427,1.37,1.50
2016.10.21 07:07:35.586,0.76417,0.76427,1.37,1.69
2016.10.21 07:07:35.638,0.76417,0.76423,1.12,1.00
2016.10.21 07:07:35.689,0.76417,0.76423,1.00,1.00
2016.10.21 07:07:35.741,0.76414,0.76423,1.87,1.00
2016.10.21 07:07:35.793,0.76413,0.76423,4.50,1.00
2016.10.21 07:07:35.844,0.76413,0.76423,1.87,1.37
2016.10.21 07:07:35.896,0.76415,0.76425,1.12,4.12
2016.10.21 07:07:36.244,0.76415,0.76425,1.27,4.12
2016.10.21 07:07:36.299,0.76415,0.76426,1.37,1.50
2016.10.21 07:07:36.350,0.76416,0.76426,1.20,1.50
2016.10.21 07:07:36.402,0.76417,0.76426,1.00,1.12
2016.10.21 07:07:36.453,0.76417,0.76427,1.50,1.31
2016.10.21 07:07:36.504,0.76418,0.76426,1.00,1.87
2016.10.21 07:07:36.556,0.76416,0.76426,1.87,2.44
2016.10.21 07:07:36.607,0.76416,0.76424,1.37,1.00
2016.10.21 07:07:36.993,0.76415,0.76424,1.75,1.12
2016.10.21 07:07:37.045,0.76415,0.76424,1.00,1.50
2016.10.21 07:07:37.097,0.76415,0.76425,1.00,1.75
2016.10.21 07:07:37.148,0.76415,0.76424,1.00,1.50
2016.10.21 07:07:37.199,0.76414,0.76424,1.87,1.50
2016.10.21 07:07:37.251,0.76414,0.76424,1.87,1.50
2016.10.21 07:07:37.456,0.76415,0.76426,1.12,6.00
2016.10.21 07:07:37.761,0.76415,0.76426,6.00,1.37
2016.10.21 07:07:37.813,0.76416,0.76424,2.25,1.00
2016.10.21 07:07:37.865,0.76416,0.76424,1.50,1.87
2016.10.21 07:07:37.916,0.76415,0.76424,1.50,3.00
2016.10.21 07:07:37.967,0.76415,0.76423,1.37,1.12
2016.10.21 07:07:38.018,0.76414,0.76424,1.12,1.37
2016.10.21 07:07:38.070,0.76415,0.76425,1.00,3.75
2016.10.21 07:07:38.121,0.76416,0.76425,1.00,3.00
2016.10.21 07:07:38.448,0.76416,0.76425,1.00,1.12
2016.10.21 07:07:38.499,0.76416,0.76426,2.02,3.37
2016.10.21 07:07:38.551,0.76416,0.76426,3.75,3.37
2016.10.21 07:07:38.602,0.76417,0.76426,1.87,1.00
2016.10.21 07:07:38.654,0.76417,0.76426,1.75,1.00
2016.10.21 07:07:38.705,0.76417,0.76426,1.12,1.00
2016.10.21 07:07:38.756,0.76417,0.76425,1.12,1.64
2016.10.21 07:07:38.808,0.76416,0.76425,1.87,1.50
2016.10.21 07:07:39.109,0.76414,0.76425,3.75,1.50
2016.10.21 07:07:39.182,0.76414,0.76425,1.50,1.87
2016.10.21 07:07:39.284,0.76414,0.76425,4.50,1.37
2016.10.21 07:07:39.335,0.76416,0.76425,1.00,1.37
2016.10.21 07:07:39.387,0.76416,0.76425,1.87,1.00
2016.10.21 07:07:39.861,0.76416,0.76425,1.37,1.00
2016.10.21 07:07:40.270,0.76416,0.76424,1.37,1.50
2016.10.21 07:07:40.321,0.76416,0.76422,1.37,1.00
2016.10.21 07:07:40.681,0.76413,0.76422,1.87,1.12
2016.10.21 07:07:40.937,0.76413,0.76422,2.62,1.12
2016.10.21 07:07:41.268,0.76413,0.76422,1.50,1.12
2016.10.21 07:07:41.631,0.76413,0.76422,1.00,1.12
2016.10.21 07:07:42.041,0.76413,0.76422,1.00,1.12
2016.10.21 07:07:42.430,0.76413,0.76424,1.50,1.87
2016.10.21 07:07:42.481,0.76413,0.76424,2.62,1.12
2016.10.21 07:07:42.532,0.76413,0.76424,4.87,1.00
2016.10.21 07:07:42.583,0.76413,0.76425,3.00,2.25
2016.10.21 07:07:42.635,0.76414,0.76424,1.00,1.12
2016.10.21 07:07:42.686,0.76414,0.76424,1.50,1.00
2016.10.21 07:07:42.737,0.76414,0.76425,1.50,1.87
2016.10.21 07:07:43.489,0.76414,0.76425,2.25,1.87
2016.10.21 07:07:43.540,0.76414,0.76425,4.50,1.87
2016.10.21 07:07:43.591,0.76414,0.76425,2.25,1.87
2016.10.21 07:07:44.215,0.76419,0.76425,1.00,1.00
2016.10.21 07:07:44.275,0.76419,0.76427,1.12,1.00
2016.10.21 07:07:44.382,0.76419,0.76427,4.87,1.00
2016.10.21 07:07:44.433,0.7642,0.76427,1.50,1.00
2016.10.21 07:07:44.501,0.76421,0.7643,4.87,1.00
2016.10.21 07:07:44.834,0.76421,0.76432,7.87,1.00
2016.10.21 07:07:45.043,0.76422,0.76432,1.37,1.00
2016.10.21 07:07:45.094,0.76422,0.76432,1.50,1.00
2016.10.21 07:07:45.318,0.76422,0.76432,1.87,1.00
2016.10.21 07:07:45.662,0.76422,0.76431,2.62,1.00
2016.10.21 07:07:45.987,0.76422,0.76431,1.87,1.00
2016.10.21 07:07:46.038,0.76422,0.76431,1.50,1.00
2016.10.21 07:07:46.089,0.76422,0.76431,2.62,1.00
2016.10.21 07:07:46.141,0.76422,0.76431,1.87,1.00
2016.10.21 07:07:46.617,0.76422,0.76431,2.62,1.00
2016.10.21 07:07:46.668,0.76422,0.76431,1.87,1.00
2016.10.21 07:07:46.821,0.76422,0.76431,3.00,1.00
2016.10.21 07:07:46.872,0.76423,0.76431,1.12,1.00
2016.10.21 07:07:46.974,0.76423,0.76432,1.12,1.50
2016.10.21 07:07:47.338,0.76423,0.76432,1.37,1.50
2016.10.21 07:07:47.644,0.76423,0.76432,1.00,3.75
2016.10.21 07:07:47.696,0.76422,0.76432,1.87,3.75
2016.10.21 07:07:48.031,0.76422,0.76431,1.87,1.00
2016.10.21 07:07:48.082,0.76422,0.76432,1.87,2.62
2016.10.21 07:07:49.063,0.76422,0.76432,2.62,2.62
2016.10.21 07:07:49.165,0.76422,0.76432,1.87,2.62
2016.10.21 07:07:49.319,0.76422,0.76432,1.87,1.87
2016.10.21 07:07:49.655,0.76422,0.76432,1.87,5.62
2016.10.21 07:07:49.969,0.76422,0.76429,1.50,1.00
2016.10.21 07:07:50.022,0.76414,0.76424,2.62,2.81
2016.10.21 07:07:50.076,0.76414,0.76423,1.50,1.00
2016.10.21 07:07:50.178,0.76415,0.76423,1.00,1.00
2016.10.21 07:07:50.232,0.76415,0.76424,1.00,1.50
2016.10.21 07:07:50.662,0.76414,0.76425,3.00,1.87
2016.10.21 07:07:50.713,0.76414,0.76425,2.62,1.87
2016.10.21 07:07:50.815,0.76414,0.76425,3.00,1.87
2016.10.21 07:07:50.918,0.76414,0.76425,3.00,1.37
2016.10.21 07:07:50.969,0.76416,0.76425,1.00,1.65
2016.10.21 07:07:51.435,0.76415,0.76425,1.50,1.50
2016.10.21 07:07:51.588,0.76415,0.76423,1.00,1.50
2016.10.21 07:07:51.639,0.76415,0.76423,1.00,2.25
2016.10.21 07:07:51.690,0.76414,0.76421,1.12,1.00
2016.10.21 07:07:51.741,0.76414,0.76421,1.00,1.00
2016.10.21 07:07:51.894,0.76414,0.76421,1.00,1.00
2016.10.21 07:07:52.524,0.76415,0.76423,1.50,1.12
2016.10.21 07:07:52.577,0.76416,0.76423,1.50,1.00
2016.10.21 07:07:52.680,0.76416,0.76423,1.50,1.00
2016.10.21 07:07:52.731,0.76416,0.76423,1.00,1.00
2016.10.21 07:07:52.834,0.76416,0.76423,1.00,1.00
2016.10.21 07:07:52.885,0.76415,0.76423,2.25,1.00
2016.10.21 07:07:52.937,0.76416,0.76423,1.00,1.00
2016.10.21 07:07:53.090,0.76415,0.76423,2.25,1.00
2016.10.21 07:07:53.430,0.76415,0.76423,2.62,1.00
2016.10.21 07:07:53.482,0.76415,0.76423,1.87,1.00
2016.10.21 07:07:53.534,0.76415,0.76423,2.25,1.00
2016.10.21 07:07:53.586,0.76415,0.76423,2.25,1.00
2016.10.21 07:07:53.740,0.76415,0.76423,1.50,1.12
2016.10.21 07:07:53.946,0.76415,0.76423,2.25,1.12
2016.10.21 07:07:54.324,0.76415,0.76422,1.00,1.00
2016.10.21 07:07:54.378,0.76415,0.76423,1.00,1.37
2016.10.21 07:07:54.429,0.76415,0.76423,1.50,1.00
2016.10.21 07:07:54.499,0.76416,0.76423,1.00,1.00
2016.10.21 07:07:54.551,0.76416,0.76425,1.00,1.00
2016.10.21 07:07:54.602,0.76416,0.76426,2.25,1.37
2016.10.21 07:07:54.654,0.76417,0.76426,1.00,1.37
2016.10.21 07:07:54.705,0.76416,0.76426,3.37,1.37
2016.10.21 07:07:54.771,0.76417,0.76426,1.00,2.77
2016.10.21 07:07:54.823,0.76416,0.76425,1.87,1.50
2016.10.21 07:07:54.875,0.76416,0.76425,1.00,1.87
2016.10.21 07:07:55.218,0.76416,0.76424,1.37,1.12
2016.10.21 07:07:55.476,0.76416,0.76425,1.37,1.57
2016.10.21 07:07:56.169,0.76416,0.76425,1.37,1.37
2016.10.21 07:07:56.695,0.76416,0.76425,1.37,1.37
2016.10.21 07:07:57.128,0.76416,0.76425,1.37,1.57
2016.10.21 07:07:57.179,0.76416,0.76424,1.37,1.12
2016.10.21 07:07:57.230,0.76415,0.76424,1.12,1.12
2016.10.21 07:07:57.282,0.76415,0.76424,1.87,1.12
2016.10.21 07:07:57.333,0.76415,0.76423,1.37,1.00
2016.10.21 07:07:57.757,0.76418,0.76424,1.50,1.12
2016.10.21 07:07:57.829,0.76417,0.76427,3.37,1.12
2016.10.21 07:07:58.118,0.76417,0.76427,3.00,1.12
2016.10.21 07:07:58.169,0.76418,0.76425,1.37,1.50
2016.10.21 07:07:58.271,0.76418,0.76425,1.37,1.00
2016.10.21 07:07:58.375,0.76418,0.76425,1.37,1.12
2016.10.21 07:07:58.683,0.76418,0.76425,1.37,1.69
2016.10.21 07:07:58.977,0.76417,0.76425,1.12,1.69
2016.10.21 07:07:59.033,0.76417,0.76425,1.37,1.50
2016.10.21 07:07:59.807,0.76417,0.76423,1.37,1.00
2016.10.21 07:08:00.704,0.76417,0.76424,1.37,1.00
2016.10.21 07:08:01.332,0.76417,0.76424,1.00,1.12
2016.10.21 07:08:01.383,0.76417,0.76425,1.12,1.12
2016.10.21 07:08:01.434,0.76416,0.76426,1.12,3.00
2016.10.21 07:08:01.486,0.76416,0.76424,1.37,1.00
2016.10.21 07:08:01.741,0.76416,0.76424,1.37,1.12
2016.10.21 07:08:02.162,0.76416,0.76425,1.37,1.37
2016.10.21 07:08:02.213,0.76417,0.76426,1.00,3.00
2016.10.21 07:08:02.265,0.76417,0.76426,1.12,3.75
2016.10.21 07:08:02.316,0.76417,0.76426,1.12,3.75
2016.10.21 07:08:02.368,0.76417,0.76426,1.12,3.00
2016.10.21 07:08:02.419,0.76417,0.76426,1.12,3.75
2016.10.21 07:08:02.722,0.76417,0.76426,1.12,3.00
2016.10.21 07:08:02.813,0.76417,0.76426,1.12,1.87
2016.10.21 07:08:02.915,0.76418,0.76427,1.50,2.25
2016.10.21 07:08:02.967,0.76418,0.76428,1.37,5.25
2016.10.21 07:08:03.018,0.76418,0.76429,2.62,1.50
2016.10.21 07:08:03.069,0.76418,0.76429,3.37,1.12
2016.10.21 07:08:03.120,0.76418,0.76428,2.62,1.00
2016.10.21 07:08:03.403,0.76418,0.76428,1.87,4.87
2016.10.21 07:08:03.455,0.76417,0.76426,1.12,1.50
2016.10.21 07:08:03.608,0.76417,0.76426,1.12,1.00
2016.10.21 07:08:03.660,0.76417,0.76426,1.12,1.12
2016.10.21 07:08:03.815,0.76417,0.76426,1.12,1.87
2016.10.21 07:08:03.918,0.76417,0.76426,1.12,1.12
2016.10.21 07:08:04.235,0.76419,0.76427,1.37,1.12
2016.10.21 07:08:04.292,0.76418,0.76428,1.12,2.62
2016.10.21 07:08:04.344,0.76418,0.76428,1.37,2.62
2016.10.21 07:08:04.499,0.76418,0.76428,1.37,3.37
2016.10.21 07:08:04.550,0.76418,0.76428,1.37,2.62
2016.10.21 07:08:05.130,0.76418,0.76428,1.37,3.37
2016.10.21 07:08:05.284,0.76418,0.76426,1.37,1.00
2016.10.21 07:08:05.488,0.76418,0.76428,1.37,5.25
2016.10.21 07:08:05.856,0.76418,0.76428,1.37,6.00
2016.10.21 07:08:05.908,0.76418,0.76428,1.37,5.25
2016.10.21 07:08:05.959,0.76418,0.76428,1.37,4.87
2016.10.21 07:08:06.062,0.76418,0.76428,1.37,6.37
2016.10.21 07:08:06.299,0.76418,0.76428,1.37,8.62
2016.10.21 07:08:06.350,0.76418,0.76425,1.00,1.00
2016.10.21 07:08:06.681,0.76416,0.76425,2.25,1.00
2016.10.21 07:08:06.733,0.76416,0.76426,1.50,3.00
2016.10.21 07:08:07.090,0.76416,0.76426,1.50,2.25
2016.10.21 07:08:07.141,0.76416,0.76426,1.50,2.62
2016.10.21 07:08:07.243,0.76416,0.76426,1.50,2.25
2016.10.21 07:08:07.789,0.76416,0.76426,1.50,3.52
2016.10.21 07:08:07.840,0.76416,0.76424,1.50,1.00
2016.10.21 07:08:07.891,0.76416,0.76424,1.37,1.50
2016.10.21 07:08:07.994,0.76416,0.76424,1.00,1.50
2016.10.21 07:08:08.045,0.76416,0.76424,1.00,1.00
2016.10.21 07:08:08.381,0.76416,0.76425,1.00,1.87
2016.10.21 07:08:08.433,0.76416,0.76425,1.00,2.02
2016.10.21 07:08:08.748,0.76416,0.76425,1.00,1.87
2016.10.21 07:08:08.851,0.76416,0.76425,1.00,1.50
2016.10.21 07:08:09.492,0.76416,0.76424,1.00,1.00
2016.10.21 07:08:09.562,0.76414,0.76424,2.25,2.62
2016.10.21 07:08:09.613,0.76414,0.76425,1.50,3.37
2016.10.21 07:08:09.665,0.76414,0.76424,1.37,1.87
2016.10.21 07:08:09.716,0.76414,0.76424,1.87,1.50
2016.10.21 07:08:09.820,0.76414,0.76424,1.87,1.00
2016.10.21 07:08:10.204,0.76415,0.76425,1.00,1.50
2016.10.21 07:08:10.255,0.76415,0.76425,1.00,2.62
2016.10.21 07:08:11.030,0.76416,0.76425,2.25,1.12
2016.10.21 07:08:11.081,0.76416,0.76427,2.62,2.06
2016.10.21 07:08:11.133,0.76416,0.76427,2.62,2.06
2016.10.21 07:08:11.337,0.76416,0.76427,2.62,2.06
2016.10.21 07:08:11.389,0.76416,0.76427,3.37,2.81
2016.10.21 07:08:11.440,0.76416,0.76426,3.37,1.12
2016.10.21 07:08:11.809,0.76416,0.76425,2.62,1.00
2016.10.21 07:08:11.870,0.76416,0.76425,1.50,1.00
2016.10.21 07:08:12.230,0.76416,0.76426,1.50,1.12
2016.10.21 07:08:12.282,0.76416,0.76425,1.50,1.00
2016.10.21 07:08:12.961,0.76416,0.76425,1.37,1.12
2016.10.21 07:08:14.221,0.76416,0.76423,1.37,1.00
2016.10.21 07:08:14.272,0.76414,0.76423,1.87,1.50
2016.10.21 07:08:14.540,0.76414,0.76423,1.75,1.87
2016.10.21 07:08:14.592,0.76414,0.76423,1.37,1.50
2016.10.21 07:08:14.840,0.76414,0.76422,1.37,1.12
2016.10.21 07:08:14.953,0.76412,0.76422,2.62,1.12
2016.10.21 07:08:15.060,0.76412,0.76422,2.62,1.50
2016.10.21 07:08:15.162,0.76412,0.76422,1.87,1.50
2016.10.21 07:08:15.214,0.76412,0.76422,1.87,1.00
2016.10.21 07:08:15.524,0.76412,0.76422,1.37,1.00
2016.10.21 07:08:15.576,0.76412,0.76422,1.37,1.50
2016.10.21 07:08:16.550,0.76412,0.76422,1.37,3.00
2016.10.21 07:08:16.873,0.76412,0.76422,1.37,4.08
2016.10.21 07:08:16.924,0.76412,0.76421,1.37,1.50
2016.10.21 07:08:17.026,0.7641,0.76421,3.00,1.50
2016.10.21 07:08:17.077,0.7641,0.7642,2.62,1.00
2016.10.21 07:08:17.128,0.7641,0.7642,2.25,1.12
2016.10.21 07:08:17.449,0.7641,0.76421,2.62,2.25
2016.10.21 07:08:17.551,0.7641,0.76421,2.25,1.87
2016.10.21 07:08:17.735,0.7641,0.76422,3.00,5.25
2016.10.21 07:08:17.786,0.7641,0.76422,3.00,4.50
2016.10.21 07:08:17.837,0.76411,0.76421,1.87,1.37
2016.10.21 07:08:17.990,0.76411,0.76421,1.87,1.87
2016.10.21 07:08:18.631,0.76412,0.76422,1.50,3.00
2016.10.21 07:08:18.735,0.76412,0.76422,2.25,1.87
2016.10.21 07:08:18.787,0.76412,0.76423,2.62,3.19
2016.10.21 07:08:18.838,0.76412,0.76423,3.37,3.19
2016.10.21 07:08:18.890,0.76412,0.76423,2.62,3.19
2016.10.21 07:08:18.942,0.76412,0.76424,3.00,5.44
2016.10.21 07:08:19.572,0.76413,0.76424,1.37,5.44
2016.10.21 07:08:19.623,0.76414,0.76424,1.00,7.50
2016.10.21 07:08:19.725,0.76414,0.76424,1.50,4.69
2016.10.21 07:08:19.777,0.76414,0.76424,1.87,4.31
2016.10.21 07:08:19.828,0.76414,0.76424,1.37,3.00
2016.10.21 07:08:19.879,0.76415,0.76424,1.00,1.50
2016.10.21 07:08:19.931,0.76415,0.76424,1.00,1.50
2016.10.21 07:08:20.062,0.76415,0.76424,1.00,1.12
2016.10.21 07:08:20.441,0.76415,0.76424,1.00,1.87
2016.10.21 07:08:21.016,0.76415,0.76424,1.00,2.44
2016.10.21 07:08:21.623,0.76415,0.76424,1.00,1.69
2016.10.21 07:08:21.689,0.76415,0.76425,1.00,5.96
2016.10.21 07:08:21.740,0.76415,0.76425,1.00,4.69
2016.10.21 07:08:21.792,0.76415,0.76425,1.00,5.44
2016.10.21 07:08:21.843,0.76415,0.76425,1.00,8.51
2016.10.21 07:08:21.895,0.76415,0.76423,1.00,2.25
2016.10.21 07:08:21.946,0.76415,0.76423,1.00,2.25
2016.10.21 07:08:21.997,0.76415,0.76423,1.00,1.50
2016.10.21 07:08:22.049,0.76415,0.76423,1.00,1.87
2016.10.21 07:08:22.100,0.76415,0.76425,1.00,5.96
2016.10.21 07:08:22.151,0.76415,0.76425,1.00,3.94
2016.10.21 07:08:22.202,0.76415,0.76425,1.00,5.74
2016.10.21 07:08:22.512,0.76415,0.76425,1.00,6.19
2016.10.21 07:08:22.565,0.76415,0.76425,1.00,7.24
2016.10.21 07:08:22.617,0.76415,0.76425,1.00,5.81
2016.10.21 07:08:22.669,0.76415,0.76425,1.00,3.75
2016.10.21 07:08:22.720,0.76415,0.76424,1.00,1.00
2016.10.21 07:08:22.978,0.76415,0.76425,1.00,3.90
2016.10.21 07:08:23.275,0.76415,0.76425,1.00,4.65
2016.10.21 07:08:23.334,0.76415,0.76424,1.00,1.50
2016.10.21 07:08:23.386,0.76415,0.76424,1.00,3.00
2016.10.21 07:08:23.779,0.76414,0.76424,1.37,2.62
2016.10.21 07:08:23.830,0.76414,0.76424,1.00,4.87
2016.10.21 07:08:24.624,0.76414,0.76424,1.00,3.75
2016.10.21 07:08:24.778,0.76414,0.76424,1.00,3.00
2016.10.21 07:08:24.880,0.76414,0.76424,1.00,2.25
2016.10.21 07:08:25.083,0.76414,0.76424,1.00,3.00
2016.10.21 07:08:26.413,0.76414,0.76423,1.00,2.62
2016.10.21 07:08:26.516,0.76412,0.76423,2.25,3.37
2016.10.21 07:08:26.567,0.76412,0.76423,2.25,3.37
2016.10.21 07:08:26.943,0.76412,0.76423,2.25,4.12
2016.10.21 07:08:26.994,0.76412,0.76422,2.25,1.87
2016.10.21 07:08:27.300,0.76412,0.76422,2.25,1.12
2016.10.21 07:08:27.453,0.76412,0.76422,2.25,1.87
2016.10.21 07:08:27.775,0.76412,0.76422,1.50,1.87
2016.10.21 07:08:28.480,0.76412,0.76422,1.50,1.12
2016.10.21 07:08:29.504,0.76412,0.76422,1.50,1.87
2016.10.21 07:08:29.616,0.76412,0.76422,1.50,1.12
2016.10.21 07:08:29.974,0.76412,0.76422,1.50,1.87
2016.10.21 07:08:30.635,0.76412,0.76422,1.50,1.12
2016.10.21 07:08:31.695,0.76412,0.76422,1.50,1.87
2016.10.21 07:08:31.747,0.76412,0.76422,1.50,1.87
2016.10.21 07:08:32.104,0.76412,0.76422,1.50,1.12
2016.10.21 07:08:32.567,0.76412,0.76422,1.50,1.87
2016.10.21 07:08:33.338,0.76412,0.76422,3.00,1.87
2016.10.21 07:08:33.647,0.76413,0.76423,1.12,2.62
2016.10.21 07:08:33.717,0.76413,0.76423,1.87,2.62
2016.10.21 07:08:34.283,0.76413,0.76423,1.87,3.00
2016.10.21 07:08:34.711,0.76413,0.76423,1.87,3.00
2016.10.21 07:08:34.778,0.76412,0.76421,1.75,1.50
2016.10.21 07:08:34.829,0.76412,0.76421,1.50,1.50
2016.10.21 07:08:34.880,0.76411,0.76421,1.87,1.50
2016.10.21 07:08:34.932,0.76411,0.76421,1.87,1.87
2016.10.21 07:08:34.983,0.76411,0.76421,1.87,2.25
2016.10.21 07:08:35.034,0.76411,0.76421,2.62,2.25
2016.10.21 07:08:35.085,0.76411,0.76421,2.62,2.25
2016.10.21 07:08:35.732,0.76411,0.76421,1.87,2.25
2016.10.21 07:08:35.986,0.76411,0.76421,1.37,2.25
2016.10.21 07:08:36.176,0.76411,0.76421,1.37,2.25
2016.10.21 07:08:36.228,0.76411,0.76421,1.37,3.00
2016.10.21 07:08:36.330,0.76411,0.76421,1.37,2.25
2016.10.21 07:08:37.216,0.76411,0.76421,1.37,3.00
2016.10.21 07:08:37.318,0.76411,0.76421,1.37,2.25
2016.10.21 07:08:37.369,0.76411,0.7642,1.37,1.12
2016.10.21 07:08:37.471,0.76411,0.76421,1.37,2.25
2016.10.21 07:08:37.579,0.76411,0.76421,1.37,3.00
2016.10.21 07:08:37.683,0.76411,0.76421,1.37,2.25
2016.10.21 07:08:37.836,0.76411,0.7642,1.37,1.12
2016.10.21 07:08:37.951,0.76411,0.76421,1.37,2.25
2016.10.21 07:08:38.249,0.76411,0.76421,1.37,3.00
2016.10.21 07:08:38.301,0.76411,0.76421,1.37,2.25
2016.10.21 07:08:38.353,0.76411,0.76421,1.37,2.25
2016.10.21 07:08:38.660,0.76411,0.76421,1.87,2.25
2016.10.21 07:08:38.968,0.76411,0.76421,1.87,2.25
2016.10.21 07:08:39.481,0.76411,0.76421,1.87,1.50
2016.10.21 07:08:40.068,0.76411,0.76421,1.37,1.50
2016.10.21 07:08:42.938,0.76411,0.76421,1.37,1.50
2016.10.21 07:08:43.779,0.76411,0.76422,1.37,7.12
2016.10.21 07:08:43.898,0.76411,0.76422,1.37,7.87
2016.10.21 07:08:44.051,0.76411,0.76421,1.37,1.50
2016.10.21 07:08:44.461,0.76411,0.76421,1.37,2.25
2016.10.21 07:08:44.622,0.76411,0.76422,1.37,7.12
2016.10.21 07:08:44.673,0.76411,0.76421,1.37,1.50
2016.10.21 07:08:44.725,0.76411,0.76421,1.87,1.50
2016.10.21 07:08:44.783,0.76412,0.76421,1.00,1.50
2016.10.21 07:08:44.936,0.76412,0.76421,1.00,3.00
2016.10.21 07:08:45.719,0.76412,0.76421,1.00,2.25
2016.10.21 07:08:45.872,0.76412,0.76422,1.87,5.62
2016.10.21 07:08:45.924,0.76415,0.76422,1.65,4.87
2016.10.21 07:08:45.975,0.76416,0.76422,1.12,2.62
2016.10.21 07:08:46.026,0.76416,0.76425,3.37,3.75
2016.10.21 07:08:46.335,0.76416,0.76426,3.75,5.17
2016.10.21 07:08:46.386,0.76417,0.76427,1.12,3.37
2016.10.21 07:08:46.437,0.76417,0.76426,1.50,1.12
2016.10.21 07:08:46.489,0.76417,0.76426,1.50,1.00
2016.10.21 07:08:46.592,0.76417,0.76427,1.50,1.50
2016.10.21 07:08:46.643,0.76417,0.76427,1.87,1.50
2016.10.21 07:08:46.694,0.76417,0.76426,2.62,1.00
2016.10.21 07:08:46.746,0.76417,0.76426,3.00,1.00
2016.10.21 07:08:46.798,0.76417,0.76427,3.37,2.25
2016.10.21 07:08:46.900,0.76417,0.76427,3.00,1.50
2016.10.21 07:08:47.217,0.76417,0.76427,3.75,1.50
2016.10.21 07:08:47.270,0.76418,0.76428,2.62,1.50
2016.10.21 07:08:47.372,0.76418,0.76428,2.62,1.50
2016.10.21 07:08:47.437,0.76418,0.76429,1.87,2.44
2016.10.21 07:08:47.491,0.76418,0.76429,1.87,1.31
2016.10.21 07:08:47.596,0.76418,0.7643,2.62,9.94
2016.10.21 07:08:47.648,0.76418,0.76429,2.62,1.31
2016.10.21 07:08:47.927,0.76418,0.76429,2.62,2.44
2016.10.21 07:08:47.978,0.76418,0.7643,2.62,6.56
2016.10.21 07:08:48.081,0.76418,0.7643,2.62,5.81
2016.10.21 07:08:48.286,0.76418,0.76424,1.87,2.62
2016.10.21 07:08:48.337,0.76419,0.76423,1.00,5.25
2016.10.21 07:08:48.389,0.76418,0.76422,1.00,2.25
2016.10.21 07:08:48.441,0.76414,0.76421,3.75,2.25
2016.10.21 07:08:48.493,0.76411,0.76421,1.00,3.75
2016.10.21 07:08:48.764,0.76411,0.76421,1.00,3.94
2016.10.21 07:08:48.870,0.76411,0.76421,1.00,3.19
2016.10.21 07:08:49.833,0.76411,0.76421,1.12,3.19
2016.10.21 07:08:49.935,0.76411,0.76421,1.12,3.56
2016.10.21 07:08:50.037,0.76411,0.76421,2.44,2.81
2016.10.21 07:08:50.354,0.76412,0.76421,2.44,1.00
2016.10.21 07:08:50.423,0.76412,0.76423,1.12,5.62
2016.10.21 07:08:50.474,0.76412,0.76423,1.00,4.87
2016.10.21 07:08:50.576,0.76412,0.76423,1.00,5.62
2016.10.21 07:08:51.472,0.76412,0.76423,1.50,6.37
2016.10.21 07:08:51.527,0.76412,0.76423,1.00,5.62
2016.10.21 07:08:51.579,0.76412,0.76423,1.00,3.75
2016.10.21 07:08:51.682,0.76412,0.76423,1.00,4.50
2016.10.21 07:08:51.784,0.76412,0.76423,1.00,4.87
2016.10.21 07:08:52.260,0.76412,0.76421,1.00,1.00
2016.10.21 07:08:52.312,0.76411,0.76421,1.87,1.50
2016.10.21 07:08:52.363,0.76411,0.76421,1.12,1.50
2016.10.21 07:08:52.617,0.76411,0.76421,1.12,1.50
2016.10.21 07:08:52.769,0.76413,0.76421,1.00,1.50
2016.10.21 07:08:53.056,0.76414,0.76422,1.00,1.12
2016.10.21 07:08:53.108,0.76413,0.76423,1.50,3.37
2016.10.21 07:08:53.210,0.76413,0.76423,1.50,3.00
2016.10.21 07:08:54.099,0.76413,0.76423,1.50,3.37
2016.10.21 07:08:54.151,0.76414,0.76423,1.00,3.37
2016.10.21 07:08:54.253,0.76413,0.76423,1.00,3.37
2016.10.21 07:08:54.304,0.76412,0.76423,3.75,4.87
2016.10.21 07:08:54.355,0.76412,0.76421,3.75,1.00
2016.10.21 07:08:54.408,0.76412,0.76421,3.75,1.00
2016.10.21 07:08:54.459,0.76412,0.76421,1.50,1.00
2016.10.21 07:08:55.405,0.76412,0.76421,1.00,1.00
2016.10.21 07:08:56.009,0.76411,0.76421,4.12,1.00
2016.10.21 07:08:56.060,0.76412,0.76421,1.00,1.00
2016.10.21 07:08:56.365,0.76411,0.76421,4.12,1.00
2016.10.21 07:08:56.518,0.76412,0.76421,1.00,1.00
2016.10.21 07:08:56.910,0.76412,0.76421,1.00,1.50
2016.10.21 07:08:57.380,0.76412,0.76421,1.00,1.00
2016.10.21 07:08:57.431,0.76411,0.76421,4.12,1.00
2016.10.21 07:08:57.686,0.76412,0.76421,1.00,1.00
2016.10.21 07:08:57.737,0.76411,0.76421,4.12,1.00
2016.10.21 07:08:58.295,0.76411,0.76421,4.12,1.00
2016.10.21 07:08:58.397,0.76411,0.76421,4.12,1.00
2016.10.21 07:08:58.499,0.76411,0.76421,4.12,1.00
2016.10.21 07:08:58.550,0.76412,0.76421,1.00,1.00
2016.10.21 07:08:58.652,0.76411,0.76421,4.12,1.00
2016.10.21 07:08:58.907,0.76411,0.76421,4.12,1.00
2016.10.21 07:08:59.404,0.76411,0.76421,4.50,1.00
2016.10.21 07:08:59.889,0.76412,0.76422,1.00,3.75
2016.10.21 07:08:59.941,0.76411,0.76422,4.12,3.75
2016.10.21 07:08:59.998,0.76411,0.76422,4.12,3.75
2016.10.21 07:09:00.202,0.76412,0.76422,1.00,3.75
2016.10.21 07:09:00.513,0.76412,0.76422,1.12,1.87
2016.10.21 07:09:00.564,0.76411,0.76422,3.37,1.12
2016.10.21 07:09:00.615,0.76411,0.76422,3.00,1.12
2016.10.21 07:09:00.666,0.76412,0.76422,1.12,1.12
2016.10.21 07:09:00.718,0.76412,0.76422,1.12,1.87
2016.10.21 07:09:00.769,0.76411,0.76422,3.00,1.87
2016.10.21 07:09:00.820,0.76411,0.76422,3.00,1.12
2016.10.21 07:09:00.974,0.76411,0.76422,3.75,1.12
2016.10.21 07:09:01.308,0.76412,0.76422,1.12,1.12
2016.10.21 07:09:01.413,0.76411,0.76422,6.00,1.12
2016.10.21 07:09:01.464,0.76415,0.76422,1.00,1.12
2016.10.21 07:09:01.515,0.76413,0.76422,1.00,1.12
2016.10.21 07:09:01.567,0.76412,0.76422,4.50,1.12
2016.10.21 07:09:01.618,0.76412,0.76423,6.00,2.25
2016.10.21 07:09:01.669,0.76412,0.76423,7.12,1.50
2016.10.21 07:09:01.721,0.76413,0.76423,1.12,2.25
2016.10.21 07:09:02.005,0.76413,0.76423,1.00,2.62
2016.10.21 07:09:02.056,0.76412,0.76422,4.12,1.00
2016.10.21 07:09:02.158,0.76413,0.76421,1.00,1.00
2016.10.21 07:09:02.566,0.76412,0.76421,1.87,1.00
2016.10.21 07:09:03.312,0.76412,0.76422,3.00,1.50
2016.10.21 07:09:03.364,0.76412,0.76423,3.37,3.00
2016.10.21 07:09:03.415,0.76412,0.76423,5.25,3.00
2016.10.21 07:09:03.466,0.76412,0.76423,6.00,3.00
2016.10.21 07:09:03.518,0.76412,0.76423,5.62,3.00
2016.10.21 07:09:03.569,0.76413,0.76423,1.12,3.00
2016.10.21 07:09:03.875,0.76412,0.76423,3.75,3.00
2016.10.21 07:09:03.927,0.76416,0.76423,1.80,2.25
2016.10.21 07:09:04.217,0.76419,0.76423,1.12,1.87
2016.10.21 07:09:04.269,0.76419,0.76428,1.50,2.44
2016.10.21 07:09:04.322,0.76419,0.76427,1.00,1.00
2016.10.21 07:09:04.373,0.76418,0.76427,2.25,1.00
2016.10.21 07:09:04.425,0.76418,0.76427,1.00,1.00
2016.10.21 07:09:04.499,0.76417,0.76427,5.25,1.00
2016.10.21 07:09:04.865,0.76417,0.76427,5.62,1.00
2016.10.21 07:09:04.917,0.76418,0.76427,1.37,1.50
2016.10.21 07:09:04.968,0.76418,0.76427,1.37,1.00
2016.10.21 07:09:05.325,0.76418,0.76427,1.37,1.35
2016.10.21 07:09:05.427,0.76418,0.76427,1.37,1.00
2016.10.21 07:09:05.753,0.76418,0.76428,1.37,4.54
2016.10.21 07:09:05.806,0.76418,0.76428,1.37,3.04
2016.10.21 07:09:06.011,0.76418,0.76428,1.37,3.04
2016.10.21 07:09:06.063,0.76418,0.76428,1.37,2.44
2016.10.21 07:09:06.114,0.76418,0.76428,1.37,2.44
2016.10.21 07:09:06.268,0.76418,0.76428,1.87,1.69
2016.10.21 07:09:06.319,0.7642,0.76428,1.50,1.69
2016.10.21 07:09:06.677,0.7642,0.76428,1.50,1.00
2016.10.21 07:09:06.728,0.7642,0.76428,1.50,1.50
2016.10.21 07:09:06.934,0.76421,0.76428,1.00,1.50
2016.10.21 07:09:07.036,0.7642,0.76428,1.50,1.50
2016.10.21 07:09:07.138,0.76421,0.76428,1.00,1.50
2016.10.21 07:09:07.343,0.7642,0.76428,1.50,1.50
2016.10.21 07:09:07.446,0.7642,0.76428,1.50,1.00
2016.10.21 07:09:07.900,0.76421,0.76428,1.00,1.00
2016.10.21 07:09:08.399,0.7642,0.76425,1.50,1.50
2016.10.21 07:09:08.459,0.76417,0.76424,1.50,1.00
2016.10.21 07:09:08.511,0.76416,0.76424,2.25,1.00
2016.10.21 07:09:08.562,0.76416,0.76424,1.50,1.12
2016.10.21 07:09:08.875,0.76417,0.76424,1.00,3.00
2016.10.21 07:09:08.930,0.76414,0.76423,2.25,1.00
2016.10.21 07:09:09.136,0.76415,0.76423,1.12,1.00
2016.10.21 07:09:09.238,0.76415,0.76423,1.00,1.00
2016.10.21 07:09:09.372,0.76415,0.76423,1.00,1.50
2016.10.21 07:09:09.703,0.76414,0.76423,1.50,1.50
2016.10.21 07:09:09.782,0.76415,0.76423,1.00,1.87
2016.10.21 07:09:09.884,0.76414,0.76423,1.50,1.87
2016.10.21 07:09:09.935,0.76414,0.76423,1.00,1.87
2016.10.21 07:09:10.013,0.76413,0.76423,3.00,1.87
2016.10.21 07:09:10.115,0.76413,0.76423,2.25,1.87
2016.10.21 07:09:11.031,0.76413,0.76423,2.25,1.87
2016.10.21 07:09:11.082,0.76413,0.76423,2.25,4.31
2016.10.21 07:09:11.134,0.76413,0.76423,2.25,4.45
2016.10.21 07:09:11.185,0.76413,0.76422,1.87,1.00
2016.10.21 07:09:11.236,0.76413,0.76422,1.50,1.50
2016.10.21 07:09:11.287,0.76414,0.76422,1.00,1.64
2016.10.21 07:09:11.338,0.76414,0.76422,1.00,1.50
2016.10.21 07:09:11.990,0.76413,0.76422,1.50,4.12
2016.10.21 07:09:12.041,0.76413,0.76422,1.00,5.62
2016.10.21 07:09:12.246,0.76413,0.76421,1.50,1.00
2016.10.21 07:09:12.297,0.76413,0.76421,1.00,1.00
2016.10.21 07:09:12.416,0.76413,0.76421,1.50,1.00
2016.10.21 07:09:12.717,0.76414,0.76421,1.50,1.00
2016.10.21 07:09:12.769,0.76415,0.76424,1.87,3.37
2016.10.21 07:09:12.821,0.76415,0.76424,1.87,1.87
2016.10.21 07:09:13.180,0.76415,0.76424,1.37,1.12
2016.10.21 07:09:13.232,0.76417,0.76424,1.00,1.87
2016.10.21 07:09:13.562,0.76419,0.76424,1.00,1.00
2016.10.21 07:09:13.614,0.76419,0.76428,1.00,1.00
2016.10.21 07:09:13.665,0.76419,0.76429,1.50,2.62
2016.10.21 07:09:13.769,0.76419,0.76429,1.50,3.37
2016.10.21 07:09:13.873,0.76419,0.76429,2.25,3.37
2016.10.21 07:09:13.924,0.76419,0.76429,1.50,3.37
2016.10.21 07:09:13.976,0.76419,0.76429,1.50,2.62
2016.10.21 07:09:14.449,0.76418,0.76427,1.87,1.65
2016.10.21 07:09:14.515,0.76417,0.76423,1.87,1.00
2016.10.21 07:09:14.567,0.76417,0.76425,3.00,2.62
2016.10.21 07:09:14.618,0.76417,0.76424,1.50,1.00
2016.10.21 07:09:14.669,0.76417,0.76425,2.25,1.50
2016.10.21 07:09:14.720,0.76418,0.76425,1.00,1.50
2016.10.21 07:09:14.772,0.76417,0.76425,2.25,1.50
2016.10.21 07:09:14.823,0.76417,0.76427,2.62,1.12
2016.10.21 07:09:14.874,0.76417,0.76427,2.62,1.00
2016.10.21 07:09:14.926,0.76417,0.76427,3.75,1.00
2016.10.21 07:09:15.549,0.76418,0.76427,1.50,1.00
2016.10.21 07:09:15.651,0.76419,0.76428,2.25,1.00
2016.10.21 07:09:15.753,0.76419,0.76429,2.25,2.62
2016.10.21 07:09:15.805,0.76419,0.76429,2.62,1.87
2016.10.21 07:09:15.856,0.76419,0.76429,3.00,1.87
2016.10.21 07:09:15.907,0.7642,0.76429,1.12,1.50
2016.10.21 07:09:16.263,0.7642,0.76429,1.12,1.00
2016.10.21 07:09:16.326,0.7642,0.76429,1.87,1.50
2016.10.21 07:09:16.377,0.76421,0.76429,1.37,1.50
2016.10.21 07:09:16.480,0.76421,0.76429,1.37,1.00
2016.10.21 07:09:17.670,0.76421,0.7643,1.37,1.87
2016.10.21 07:09:17.721,0.76421,0.7643,1.37,2.62
2016.10.21 07:09:17.874,0.76421,0.7643,1.37,1.12
2016.10.21 07:09:17.925,0.76421,0.7643,1.87,1.12
2016.10.21 07:09:17.976,0.76421,0.7643,1.87,1.87
2016.10.21 07:09:18.142,0.76421,0.7643,2.62,2.02
2016.10.21 07:09:18.471,0.76421,0.7643,1.87,1.87
2016.10.21 07:09:18.523,0.76421,0.7643,2.62,1.87
2016.10.21 07:09:18.574,0.76421,0.76429,2.62,1.00
2016.10.21 07:09:18.625,0.76421,0.7643,2.62,1.87
2016.10.21 07:09:18.736,0.76421,0.76429,2.62,1.00
2016.10.21 07:09:18.838,0.76421,0.76429,2.62,1.00
2016.10.21 07:09:18.889,0.76421,0.7643,1.87,1.87
2016.10.21 07:09:18.941,0.76421,0.7643,1.87,1.87
2016.10.21 07:09:19.257,0.76422,0.7643,1.50,1.12
2016.10.21 07:09:19.312,0.76423,0.76432,1.00,3.00
2016.10.21 07:09:19.364,0.76423,0.76432,1.00,3.00
2016.10.21 07:09:19.675,0.76423,0.76432,1.00,3.75
2016.10.21 07:09:20.354,0.76423,0.76432,1.50,3.75
2016.10.21 07:09:20.936,0.76423,0.76432,1.00,3.75
2016.10.21 07:09:20.988,0.76423,0.76432,1.00,3.00
2016.10.21 07:09:21.090,0.76423,0.76432,1.00,2.25
2016.10.21 07:09:21.417,0.76423,0.76432,1.00,3.00
2016.10.21 07:09:21.468,0.76423,0.7643,1.00,1.00
2016.10.21 07:09:21.519,0.76423,0.7643,1.00,1.00
2016.10.21 07:09:21.774,0.76423,0.76431,1.00,1.50
2016.10.21 07:09:21.876,0.76421,0.76431,3.37,1.50
2016.10.21 07:09:21.978,0.76421,0.76431,3.37,1.00
2016.10.21 07:09:22.031,0.76421,0.76431,2.62,1.00
2016.10.21 07:09:22.082,0.76421,0.76431,4.12,1.00
2016.10.21 07:09:22.133,0.76421,0.76431,3.37,1.00
2016.10.21 07:09:22.470,0.76421,0.7643,3.37,1.50
2016.10.21 07:09:22.522,0.76421,0.7643,1.87,1.00
2016.10.21 07:09:22.573,0.76421,0.7643,1.87,1.50
2016.10.21 07:09:22.777,0.76421,0.76429,1.87,1.00
2016.10.21 07:09:22.988,0.76421,0.7643,1.87,1.00
2016.10.21 07:09:23.141,0.76421,0.7643,1.87,1.00
2016.10.21 07:09:23.278,0.76421,0.7643,1.12,1.00
2016.10.21 07:09:23.431,0.76421,0.7643,1.87,1.50
2016.10.21 07:09:23.725,0.76421,0.7643,1.87,1.50
2016.10.21 07:09:24.031,0.76421,0.7643,1.12,1.50
2016.10.21 07:09:24.083,0.76421,0.7643,1.12,1.50
2016.10.21 07:09:24.134,0.76421,0.7643,1.87,1.50
2016.10.21 07:09:24.185,0.7642,0.7643,4.50,1.50
2016.10.21 07:09:24.237,0.76421,0.7643,1.12,1.50
2016.10.21 07:09:24.339,0.7642,0.76429,2.25,1.00
2016.10.21 07:09:24.390,0.76423,0.76429,1.00,1.00
2016.10.21 07:09:24.441,0.76422,0.7643,1.50,1.00
2016.10.21 07:09:24.501,0.76423,0.76429,1.00,1.00
2016.10.21 07:09:24.865,0.7642,0.7643,1.50,3.60
2016.10.21 07:09:24.916,0.76419,0.76425,3.75,1.00
2016.10.21 07:09:24.968,0.76419,0.76426,1.12,1.87
2016.10.21 07:09:25.381,0.76419,0.76425,1.00,1.87
2016.10.21 07:09:25.434,0.76415,0.76425,1.12,3.15
2016.10.21 07:09:25.485,0.76415,0.76425,1.12,3.90
2016.10.21 07:09:25.795,0.76415,0.76425,1.00,3.90
2016.10.21 07:09:25.863,0.76415,0.76425,1.00,5.02
2016.10.21 07:09:26.016,0.76415,0.76424,1.00,1.50
2016.10.21 07:09:26.220,0.76413,0.76423,1.12,1.19
2016.10.21 07:09:26.272,0.76413,0.76422,1.00,1.00
2016.10.21 07:09:26.323,0.76413,0.76422,1.00,3.00
2016.10.21 07:09:26.374,0.76412,0.76421,1.37,1.50
2016.10.21 07:09:26.705,0.76411,0.76421,1.00,3.00
2016.10.21 07:09:26.757,0.7641,0.76421,1.87,3.00
2016.10.21 07:09:26.910,0.7641,0.76421,3.00,3.00
2016.10.21 07:09:27.218,0.7641,0.7642,3.75,1.00
2016.10.21 07:09:27.660,0.7641,0.7642,4.50,1.00
2016.10.21 07:09:27.711,0.7641,0.7642,5.25,1.00
2016.10.21 07:09:27.813,0.7641,0.7642,3.37,1.00
2016.10.21 07:09:27.864,0.7641,0.7642,2.25,1.00
2016.10.21 07:09:27.915,0.7641,0.76421,2.25,2.10
2016.10.21 07:09:27.966,0.7641,0.76421,2.25,1.50
2016.10.21 07:09:28.017,0.7641,0.7642,2.62,1.00
2016.10.21 07:09:28.068,0.7641,0.7642,1.87,1.00
2016.10.21 07:09:28.120,0.7641,0.7642,1.87,1.00
2016.10.21 07:09:28.172,0.7641,0.7642,2.62,1.00
2016.10.21 07:09:28.223,0.7641,0.7642,1.87,1.00
2016.10.21 07:09:28.274,0.7641,0.7642,1.87,1.00
2016.10.21 07:09:28.864,0.7641,0.7642,2.62,1.00
2016.10.21 07:09:28.923,0.7641,0.7642,1.87,1.00
2016.10.21 07:09:29.256,0.7641,0.7642,2.62,1.00
2016.10.21 07:09:29.904,0.7641,0.7642,2.62,1.00
2016.10.21 07:09:29.955,0.7641,0.7642,1.12,1.00
2016.10.21 07:09:30.063,0.7641,0.7642,1.12,1.50
2016.10.21 07:09:30.165,0.7641,0.7642,1.12,1.50
2016.10.21 07:09:30.424,0.76409,0.7642,1.37,1.50
2016.10.21 07:09:30.476,0.76409,0.7642,1.37,1.87
2016.10.21 07:09:31.219,0.76409,0.7642,2.62,3.37
2016.10.21 07:09:31.372,0.76409,0.7642,2.62,3.75
2016.10.21 07:09:31.526,0.76409,0.7642,2.62,4.50
2016.10.21 07:09:32.078,0.76409,0.76418,2.62,1.00
2016.10.21 07:09:32.130,0.76409,0.76418,1.37,1.00
2016.10.21 07:09:32.182,0.76409,0.76418,1.37,1.50
2016.10.21 07:09:32.234,0.76409,0.76418,1.00,1.50
2016.10.21 07:09:32.286,0.76408,0.76418,2.81,1.50
2016.10.21 07:09:32.337,0.76408,0.76418,4.31,1.00
2016.10.21 07:09:32.774,0.76408,0.76418,3.56,1.50
2016.10.21 07:09:32.927,0.76408,0.76418,3.56,1.00
2016.10.21 07:09:33.131,0.76408,0.76418,2.06,1.50
2016.10.21 07:09:33.233,0.76408,0.76418,2.06,1.00
2016.10.21 07:09:33.335,0.76408,0.76418,3.56,1.00
2016.10.21 07:09:34.044,0.76408,0.76412,1.69,1.50
2016.10.21 07:09:34.096,0.76404,0.76412,1.50,1.50
2016.10.21 07:09:34.147,0.76404,0.76413,1.00,6.37
2016.10.21 07:09:34.198,0.76404,0.76413,1.00,5.25
2016.10.21 07:09:34.300,0.76404,0.76413,1.00,4.50
2016.10.21 07:09:34.842,0.76404,0.76412,1.00,1.50
2016.10.21 07:09:34.893,0.76404,0.76412,1.50,1.50
2016.10.21 07:09:35.147,0.76404,0.76412,1.00,1.50
2016.10.21 07:09:35.249,0.76404,0.76412,1.50,1.50
2016.10.21 07:09:35.359,0.76404,0.76412,1.50,1.00
2016.10.21 07:09:36.227,0.76404,0.76412,1.00,1.00
2016.10.21 07:09:36.279,0.76402,0.76412,1.50,1.00
2016.10.21 07:09:36.330,0.76402,0.76412,1.50,1.50
2016.10.21 07:09:36.483,0.76404,0.76412,1.00,1.00
2016.10.21 07:09:36.535,0.76404,0.76413,1.00,3.37
2016.10.21 07:09:36.637,0.76404,0.76413,1.00,3.75
2016.10.21 07:09:36.739,0.76404,0.76412,1.00,1.00
2016.10.21 07:09:37.230,0.76403,0.76412,1.50,1.00
2016.10.21 07:09:37.627,0.76403,0.76413,1.50,5.25
2016.10.21 07:09:37.679,0.76403,0.76413,1.00,4.50
2016.10.21 07:09:37.730,0.76403,0.76412,1.50,1.50
2016.10.21 07:09:37.782,0.76403,0.76411,1.50,1.00
2016.10.21 07:09:38.410,0.76402,0.76411,1.50,1.12
2016.10.21 07:09:38.472,0.76402,0.76412,1.50,3.75
2016.10.21 07:09:38.881,0.76402,0.7641,1.00,1.00
2016.10.21 07:09:39.699,0.76401,0.7641,1.00,1.00
2016.10.21 07:09:40.034,0.76401,0.7641,1.50,1.00
2016.10.21 07:09:40.085,0.76403,0.7641,1.00,1.00
2016.10.21 07:09:40.137,0.76403,0.76411,1.00,1.12
2016.10.21 07:09:40.501,0.76403,0.76411,1.00,1.00
2016.10.21 07:09:41.579,0.76402,0.76411,1.50,1.00
2016.10.21 07:09:42.819,0.76402,0.76411,1.50,1.00
2016.10.21 07:09:43.369,0.76401,0.76411,2.25,1.00
2016.10.21 07:09:43.480,0.76401,0.76411,2.25,2.25
2016.10.21 07:09:43.532,0.76401,0.76411,1.50,2.25
2016.10.21 07:09:44.751,0.76401,0.76411,1.12,1.00
2016.10.21 07:09:44.802,0.76401,0.76411,1.00,1.12
2016.10.21 07:09:45.581,0.76401,0.76411,1.00,2.62
2016.10.21 07:09:46.368,0.76401,0.76411,1.00,1.12
2016.10.21 07:09:46.579,0.76401,0.76411,1.00,2.62
2016.10.21 07:09:47.376,0.76401,0.76411,1.00,1.12
2016.10.21 07:09:50.417,0.76401,0.76411,1.00,1.12
2016.10.21 07:09:50.468,0.76402,0.76412,1.00,1.50
2016.10.21 07:09:50.521,0.76402,0.76412,1.00,1.50
2016.10.21 07:09:50.574,0.76402,0.76412,1.87,1.50
2016.10.21 07:09:50.727,0.76402,0.76412,1.87,1.37
2016.10.21 07:09:50.829,0.76402,0.76412,1.87,1.00
2016.10.21 07:09:50.931,0.76402,0.76412,2.62,1.00
2016.10.21 07:09:51.454,0.76402,0.76412,3.37,1.00
2016.10.21 07:09:51.505,0.76402,0.76412,3.37,1.50
2016.10.21 07:09:51.556,0.76402,0.76412,3.37,1.00
2016.10.21 07:09:51.827,0.76402,0.76412,2.62,1.00
2016.10.21 07:09:51.929,0.76402,0.76412,3.37,1.00
2016.10.21 07:09:52.496,0.76402,0.76412,2.62,1.00
2016.10.21 07:09:53.158,0.76402,0.76412,2.62,1.12
2016.10.21 07:09:53.209,0.76402,0.76412,2.62,1.87
2016.10.21 07:09:53.517,0.76402,0.76412,1.87,1.87
2016.10.21 07:09:54.048,0.76402,0.76412,1.87,2.25
2016.10.21 07:09:54.404,0.76402,0.76412,1.87,3.00
2016.10.21 07:09:54.505,0.76402,0.76412,2.62,3.00
2016.10.21 07:09:54.659,0.76402,0.76411,3.37,2.62
2016.10.21 07:09:54.946,0.76402,0.7641,2.25,1.50
2016.10.21 07:09:54.998,0.76399,0.7641,6.00,3.37
2016.10.21 07:09:55.049,0.76399,0.7641,3.75,3.75
2016.10.21 07:09:55.100,0.76399,0.76409,3.75,1.00
2016.10.21 07:09:56.264,0.76399,0.76408,1.50,1.00
2016.10.21 07:09:56.771,0.76399,0.76408,1.00,1.00
2016.10.21 07:09:56.925,0.76399,0.76408,1.50,1.00
2016.10.21 07:09:57.028,0.76399,0.76408,1.50,1.00
2016.10.21 07:09:58.126,0.76399,0.76408,1.50,1.00
2016.10.21 07:09:58.804,0.76399,0.76408,1.50,1.00
2016.10.21 07:09:59.471,0.76399,0.76408,1.00,1.00
2016.10.21 07:10:00.136,0.76399,0.76408,1.00,1.00
2016.10.21 07:10:00.469,0.764,0.76408,1.00,1.00
2016.10.21 07:10:01.664,0.764,0.76408,1.00,1.50
2016.10.21 07:10:02.021,0.76398,0.76408,1.50,1.50
2016.10.21 07:10:02.556,0.76398,0.76408,2.25,1.50
2016.10.21 07:10:02.861,0.76399,0.76408,1.00,1.50
2016.10.21 07:10:02.913,0.76399,0.76408,1.00,2.25
2016.10.21 07:10:02.964,0.76399,0.76408,1.00,2.25
2016.10.21 07:10:03.604,0.76399,0.76408,1.00,2.62
2016.10.21 07:10:03.756,0.76399,0.76408,1.00,1.87
2016.10.21 07:10:03.929,0.76399,0.76408,1.00,2.62
2016.10.21 07:10:04.031,0.76399,0.76408,1.00,3.37
2016.10.21 07:10:04.870,0.76399,0.76408,1.00,2.62
2016.10.21 07:10:04.921,0.76397,0.76406,1.50,1.12
2016.10.21 07:10:04.973,0.76395,0.76406,6.37,2.25
2016.10.21 07:10:05.025,0.76395,0.76405,2.25,1.12
2016.10.21 07:10:05.128,0.76396,0.76405,1.00,1.12
2016.10.21 07:10:05.180,0.76398,0.76405,1.00,1.50
2016.10.21 07:10:05.232,0.76398,0.76405,1.00,1.00
2016.10.21 07:10:05.502,0.76398,0.76406,1.50,1.37
2016.10.21 07:10:05.554,0.76398,0.76406,1.50,1.00
2016.10.21 07:10:05.605,0.76398,0.76406,1.00,1.00
2016.10.21 07:10:05.707,0.76398,0.76406,1.50,1.00
2016.10.21 07:10:05.810,0.76398,0.76406,1.00,1.00
2016.10.21 07:10:05.861,0.76398,0.76408,1.50,3.37
2016.10.21 07:10:05.963,0.76398,0.76408,1.50,2.25
2016.10.21 07:10:06.307,0.76398,0.76407,1.87,1.12
2016.10.21 07:10:06.359,0.76399,0.76407,1.00,1.00
2016.10.21 07:10:06.461,0.76399,0.76408,1.00,1.12
2016.10.21 07:10:06.769,0.76399,0.76407,1.00,1.00
2016.10.21 07:10:07.721,0.76398,0.76407,1.87,1.00
2016.10.21 07:10:08.077,0.76398,0.76406,1.50,1.00
2016.10.21 07:10:08.129,0.76398,0.76406,1.00,1.00
2016.10.21 07:10:08.436,0.76398,0.76406,1.00,1.00
2016.10.21 07:10:08.539,0.76398,0.76408,1.50,1.07
2016.10.21 07:10:08.590,0.76398,0.76408,2.25,1.25
2016.10.21 07:10:08.641,0.76398,0.76408,1.50,1.00
2016.10.21 07:10:08.745,0.76398,0.76409,2.25,3.19
2016.10.21 07:10:09.111,0.76398,0.76409,2.25,3.94
2016.10.21 07:10:09.269,0.76398,0.76409,2.25,3.19
2016.10.21 07:10:09.422,0.76398,0.76409,2.25,3.94
2016.10.21 07:10:09.627,0.76398,0.76409,2.25,3.19
2016.10.21 07:10:10.099,0.76398,0.76409,1.50,3.19
2016.10.21 07:10:10.150,0.76398,0.76409,1.50,3.75
2016.10.21 07:10:10.513,0.76398,0.76409,1.00,3.88
2016.10.21 07:10:10.872,0.76398,0.76409,1.00,4.26
2016.10.21 07:10:10.924,0.76398,0.76408,1.50,1.26
2016.10.21 07:10:11.555,0.76398,0.76408,1.00,1.12
2016.10.21 07:10:11.810,0.76398,0.76408,3.00,1.45
2016.10.21 07:10:11.862,0.76398,0.76408,3.00,1.12
2016.10.21 07:10:11.913,0.76398,0.76408,1.50,1.12
2016.10.21 07:10:11.965,0.76398,0.76408,1.12,1.12
2016.10.21 07:10:12.016,0.76398,0.76409,2.06,3.56
2016.10.21 07:10:12.326,0.76399,0.7641,1.00,4.27
2016.10.21 07:10:12.377,0.76399,0.7641,1.00,3.00
2016.10.21 07:10:12.428,0.76398,0.7641,5.62,2.25
2016.10.21 07:10:12.530,0.76398,0.7641,5.62,1.31
2016.10.21 07:10:12.581,0.76399,0.7641,1.00,1.31
2016.10.21 07:10:12.632,0.76398,0.7641,4.12,2.06
2016.10.21 07:10:12.837,0.76399,0.7641,1.12,2.06
2016.10.21 07:10:12.889,0.76398,0.7641,4.12,2.06
2016.10.21 07:10:13.509,0.76399,0.7641,1.87,3.56
2016.10.21 07:10:13.563,0.764,0.7641,1.00,2.81
2016.10.21 07:10:13.925,0.76399,0.7641,3.37,2.81
2016.10.21 07:10:13.976,0.76399,0.7641,3.00,3.19
2016.10.21 07:10:14.028,0.76399,0.76409,3.00,1.50
2016.10.21 07:10:14.131,0.764,0.7641,1.00,4.31
2016.10.21 07:10:14.234,0.764,0.7641,1.00,3.19
2016.10.21 07:10:14.749,0.76399,0.76409,3.00,1.50
2016.10.21 07:10:14.851,0.76399,0.7641,3.00,3.94
2016.10.21 07:10:14.953,0.764,0.76409,1.00,1.50
2016.10.21 07:10:15.056,0.76399,0.7641,3.00,3.19
2016.10.21 07:10:15.361,0.764,0.7641,1.00,3.94
2016.10.21 07:10:15.413,0.764,0.7641,1.00,4.69
2016.10.21 07:10:15.701,0.764,0.76409,1.00,1.50
2016.10.21 07:10:15.752,0.76398,0.76409,1.87,1.87
2016.10.21 07:10:16.015,0.76398,0.76408,1.87,1.12
2016.10.21 07:10:16.647,0.76398,0.76408,2.62,1.12
2016.10.21 07:10:16.851,0.76399,0.76408,1.00,1.12
2016.10.21 07:10:16.954,0.76399,0.76408,1.00,1.12
2016.10.21 07:10:17.005,0.76399,0.76408,1.00,1.50
2016.10.21 07:10:17.159,0.76399,0.76408,1.00,1.00
2016.10.21 07:10:17.735,0.76399,0.76408,1.00,1.00
2016.10.21 07:10:17.807,0.76398,0.76408,2.25,1.00
2016.10.21 07:10:17.859,0.76398,0.76408,1.50,1.00
2016.10.21 07:10:18.363,0.76398,0.76408,1.00,1.00
2016.10.21 07:10:20.297,0.76398,0.76407,1.50,1.00
2016.10.21 07:10:20.399,0.76398,0.76407,1.00,1.00
2016.10.21 07:10:20.450,0.76398,0.76408,1.00,1.00
2016.10.21 07:10:20.552,0.76398,0.76408,1.50,1.50
2016.10.21 07:10:20.603,0.76398,0.76407,1.50,1.00
2016.10.21 07:10:20.967,0.76398,0.76408,1.00,1.50
2016.10.21 07:10:21.069,0.76398,0.76407,1.50,1.00
2016.10.21 07:10:21.183,0.76398,0.76408,1.00,1.50
2016.10.21 07:10:21.285,0.76398,0.76408,1.50,1.50
2016.10.21 07:10:21.512,0.76398,0.76408,1.50,1.00
2016.10.21 07:10:21.614,0.76398,0.76407,1.50,1.00
2016.10.21 07:10:22.290,0.76398,0.76408,1.00,1.00
2016.10.21 07:10:22.749,0.76398,0.76403,1.00,1.00
2016.10.21 07:10:22.804,0.76396,0.76405,4.12,3.75
2016.10.21 07:10:23.128,0.76397,0.76406,1.37,1.00
2016.10.21 07:10:23.190,0.76398,0.76407,1.12,1.50
2016.10.21 07:10:23.242,0.76398,0.76406,1.12,1.00
2016.10.21 07:10:23.344,0.76398,0.76407,1.12,2.25
2016.10.21 07:10:23.395,0.76398,0.76407,1.12,1.87
2016.10.21 07:10:23.446,0.76398,0.76407,1.12,1.12
2016.10.21 07:10:23.498,0.76398,0.76408,1.87,1.00
2016.10.21 07:10:23.753,0.76398,0.76408,1.87,1.50
2016.10.21 07:10:23.906,0.76398,0.76408,2.62,1.50
2016.10.21 07:10:23.958,0.76399,0.76408,1.12,1.50
2016.10.21 07:10:24.424,0.76399,0.76408,1.87,1.50
2016.10.21 07:10:24.526,0.76399,0.76408,1.12,1.50
2016.10.21 07:10:25.076,0.76398,0.76408,2.62,1.00
2016.10.21 07:10:25.128,0.76398,0.76408,1.87,1.00
2016.10.21 07:10:25.180,0.76398,0.76408,1.50,1.12
2016.10.21 07:10:25.232,0.76398,0.76408,2.25,1.12
2016.10.21 07:10:25.283,0.76398,0.76409,1.87,3.37
2016.10.21 07:10:25.604,0.76398,0.76409,1.87,2.25
2016.10.21 07:10:25.670,0.76398,0.76409,2.62,2.44
2016.10.21 07:10:25.772,0.76398,0.76409,2.62,3.56
2016.10.21 07:10:25.875,0.76398,0.76409,2.62,2.44
2016.10.21 07:10:25.977,0.76398,0.76409,1.87,2.25
2016.10.21 07:10:26.173,0.76398,0.76409,2.62,2.25
2016.10.21 07:10:26.277,0.76398,0.76409,3.37,2.25
2016.10.21 07:10:27.084,0.76398,0.76409,2.62,3.37
2016.10.21 07:10:28.580,0.76398,0.76409,2.62,2.25
2016.10.21 07:10:28.733,0.76399,0.76409,1.12,2.44
2016.10.21 07:10:28.784,0.76399,0.76409,1.12,3.56
2016.10.21 07:10:28.843,0.76399,0.76409,1.12,2.44
2016.10.21 07:10:29.575,0.76398,0.76409,2.62,2.25
2016.10.21 07:10:29.728,0.76399,0.76404,1.12,1.00
2016.10.21 07:10:29.780,0.76398,0.76405,1.87,1.50
2016.10.21 07:10:30.389,0.76398,0.76403,1.37,1.00
2016.10.21 07:10:30.441,0.76392,0.76403,1.00,4.87
2016.10.21 07:10:30.493,0.76392,0.76403,1.00,7.50
2016.10.21 07:10:30.544,0.76391,0.76402,5.06,1.50
2016.10.21 07:10:30.596,0.76391,0.76402,5.06,2.25
2016.10.21 07:10:30.852,0.76391,0.76402,1.12,3.32
2016.10.21 07:10:31.123,0.76391,0.76402,1.12,3.70
2016.10.21 07:10:31.175,0.7639,0.764,1.87,1.50
2016.10.21 07:10:31.227,0.7639,0.764,1.50,3.37
2016.10.21 07:10:31.279,0.76389,0.764,2.25,4.12
2016.10.21 07:10:31.330,0.76389,0.764,2.62,3.37
2016.10.21 07:10:31.382,0.7639,0.764,1.00,3.37
2016.10.21 07:10:31.435,0.76389,0.764,3.37,3.37
2016.10.21 07:10:31.486,0.7639,0.764,1.50,3.37
2016.10.21 07:10:31.538,0.7639,0.764,1.50,2.62
2016.10.21 07:10:31.589,0.7639,0.764,1.50,2.62
2016.10.21 07:10:31.640,0.7639,0.764,1.50,3.37
2016.10.21 07:10:32.016,0.76389,0.764,3.00,2.62
2016.10.21 07:10:32.118,0.76389,0.764,3.00,4.12
2016.10.21 07:10:32.170,0.76389,0.764,3.00,4.26
2016.10.21 07:10:32.272,0.76389,0.764,3.37,4.26
2016.10.21 07:10:32.324,0.76389,0.764,3.37,4.12
2016.10.21 07:10:32.375,0.76389,0.764,3.75,3.37
2016.10.21 07:10:32.528,0.76389,0.764,4.50,3.51
2016.10.21 07:10:32.884,0.76389,0.764,4.50,2.76
2016.10.21 07:10:32.936,0.76389,0.764,4.50,2.62
2016.10.21 07:10:33.038,0.76389,0.764,3.75,2.62
2016.10.21 07:10:33.141,0.76389,0.764,3.75,1.87
2016.10.21 07:10:33.396,0.76389,0.764,4.50,1.87
2016.10.21 07:10:33.708,0.76389,0.764,4.87,1.87
2016.10.21 07:10:33.759,0.76389,0.764,4.50,1.00
2016.10.21 07:10:34.015,0.76389,0.764,4.50,1.00
2016.10.21 07:10:34.962,0.76391,0.764,1.87,1.00
2016.10.21 07:10:35.013,0.76392,0.76401,1.31,1.12
2016.10.21 07:10:35.065,0.76392,0.76402,1.00,3.00
2016.10.21 07:10:35.117,0.76391,0.76402,3.00,3.37
2016.10.21 07:10:35.388,0.76391,0.76402,3.00,1.87
2016.10.21 07:10:35.440,0.76391,0.76402,3.00,2.62
2016.10.21 07:10:35.782,0.76391,0.76402,3.00,3.00
2016.10.21 07:10:35.842,0.76391,0.76402,2.25,2.25
2016.10.21 07:10:35.897,0.76391,0.76402,3.00,2.25
2016.10.21 07:10:36.000,0.76391,0.76402,3.00,2.38
2016.10.21 07:10:36.102,0.76391,0.76402,2.25,2.25
2016.10.21 07:10:36.203,0.76391,0.76402,3.00,2.25
2016.10.21 07:10:36.644,0.76391,0.76402,1.50,2.25
2016.10.21 07:10:36.695,0.7639,0.764,2.62,1.00
2016.10.21 07:10:36.746,0.7639,0.764,1.87,1.00
2016.10.21 07:10:37.103,0.7639,0.764,2.62,1.00
2016.10.21 07:10:37.429,0.7639,0.764,1.87,1.00
2016.10.21 07:10:37.916,0.7639,0.764,1.00,1.50
2016.10.21 07:10:37.967,0.7639,0.764,1.00,1.87
2016.10.21 07:10:38.018,0.7639,0.764,1.00,1.87
2016.10.21 07:10:38.787,0.7639,0.764,1.50,1.50
2016.10.21 07:10:38.890,0.7639,0.764,1.50,1.50
2016.10.21 07:10:38.992,0.7639,0.764,3.75,1.50
2016.10.21 07:10:39.043,0.7639,0.764,4.12,1.50
2016.10.21 07:10:39.094,0.7639,0.764,5.62,1.00
2016.10.21 07:10:39.146,0.76391,0.76402,1.50,6.00
2016.10.21 07:10:39.198,0.76391,0.76402,3.00,3.00
2016.10.21 07:10:39.536,0.7639,0.764,4.50,1.00
2016.10.21 07:10:39.610,0.7639,0.764,4.12,1.00
2016.10.21 07:10:40.462,0.7639,0.764,3.37,1.00
2016.10.21 07:10:40.617,0.76391,0.764,1.00,1.00
2016.10.21 07:10:42.037,0.7639,0.764,4.50,1.00
2016.10.21 07:10:42.348,0.76391,0.76402,1.50,3.00
2016.10.21 07:10:42.409,0.76391,0.76402,1.50,1.50
2016.10.21 07:10:42.618,0.76391,0.76402,2.25,1.50
2016.10.21 07:10:42.772,0.76391,0.76402,1.50,1.50
2016.10.21 07:10:42.824,0.76392,0.76402,1.00,2.25
2016.10.21 07:10:43.098,0.76396,0.76402,1.37,1.50
2016.10.21 07:10:43.149,0.76395,0.76405,1.50,3.00
2016.10.21 07:10:43.201,0.76395,0.76405,1.50,2.62
2016.10.21 07:10:43.252,0.76395,0.76404,1.50,1.00
2016.10.21 07:10:43.405,0.76395,0.76404,1.50,1.12
2016.10.21 07:10:43.457,0.76395,0.76405,1.50,3.75
2016.10.21 07:10:43.559,0.76395,0.76404,1.37,1.00
2016.10.21 07:10:43.611,0.76395,0.76404,1.00,1.00
2016.10.21 07:10:43.956,0.76395,0.76404,1.12,1.00
2016.10.21 07:10:44.371,0.76395,0.76405,1.12,4.50
2016.10.21 07:10:44.425,0.76395,0.76405,1.12,3.75
2016.10.21 07:10:44.578,0.76395,0.76405,1.12,2.62
2016.10.21 07:10:44.680,0.76395,0.76404,1.12,1.00
2016.10.21 07:10:44.833,0.76395,0.76405,1.12,1.87
2016.10.21 07:10:45.169,0.76395,0.76405,1.12,1.00
2016.10.21 07:10:45.220,0.76395,0.76405,1.00,1.50
2016.10.21 07:10:45.271,0.76394,0.76404,1.37,1.00
2016.10.21 07:10:45.475,0.76395,0.76404,1.00,1.00
2016.10.21 07:10:46.726,0.76395,0.76406,1.00,3.37
2016.10.21 07:10:46.777,0.76395,0.76406,1.87,2.25
2016.10.21 07:10:46.828,0.76395,0.76406,4.12,1.50
2016.10.21 07:10:46.879,0.76395,0.76406,4.12,1.87
2016.10.21 07:10:46.930,0.76395,0.76406,4.50,1.12
2016.10.21 07:10:46.981,0.76395,0.76407,4.87,5.62
2016.10.21 07:10:47.032,0.76395,0.76406,4.87,1.00
2016.10.21 07:10:47.679,0.76395,0.76407,4.87,6.37
2016.10.21 07:10:47.730,0.76395,0.76406,4.87,1.00
2016.10.21 07:10:47.832,0.76395,0.76406,3.37,1.00
2016.10.21 07:10:48.025,0.76395,0.76407,2.62,5.62
2016.10.21 07:10:48.651,0.76395,0.76407,3.37,4.12
2016.10.21 07:10:48.703,0.76397,0.76406,1.00,1.00
2016.10.21 07:10:48.755,0.76397,0.76406,1.00,1.12
2016.10.21 07:10:48.807,0.76397,0.76407,1.00,4.87
2016.10.21 07:10:48.909,0.76397,0.76407,1.00,6.00
2016.10.21 07:10:49.012,0.76397,0.76407,1.00,4.87
2016.10.21 07:10:49.165,0.76397,0.76407,1.00,6.37
2016.10.21 07:10:49.216,0.76397,0.76407,1.00,6.75
2016.10.21 07:10:49.267,0.76397,0.76407,1.00,5.25
2016.10.21 07:10:49.318,0.76397,0.76406,1.00,1.50
2016.10.21 07:10:49.741,0.76397,0.76406,1.00,1.00
2016.10.21 07:10:50.285,0.76395,0.76404,1.50,1.00
2016.10.21 07:10:50.340,0.76395,0.76404,1.50,3.00
2016.10.21 07:10:50.632,0.76395,0.76404,1.12,2.25
2016.10.21 07:10:50.689,0.76394,0.76404,1.00,1.75
2016.10.21 07:10:51.709,0.76394,0.76405,1.50,3.37
2016.10.21 07:10:51.761,0.76394,0.76405,1.50,1.00
2016.10.21 07:10:51.863,0.76394,0.76405,2.25,3.75
2016.10.21 07:10:51.915,0.76394,0.76405,2.62,4.50
2016.10.21 07:10:51.966,0.76394,0.76404,1.12,2.62
2016.10.21 07:10:52.017,0.76394,0.76404,1.00,5.62
2016.10.21 07:10:52.069,0.76393,0.76403,2.62,1.00
2016.10.21 07:10:52.120,0.76393,0.76403,2.62,1.12
2016.10.21 07:10:52.171,0.76393,0.76403,2.25,2.25
2016.10.21 07:10:52.475,0.76393,0.76402,2.25,1.69
2016.10.21 07:10:52.526,0.76391,0.76402,1.12,2.44
2016.10.21 07:10:52.579,0.76391,0.76401,1.12,1.12
2016.10.21 07:10:52.630,0.76391,0.76401,1.00,1.87
2016.10.21 07:10:52.683,0.76391,0.76401,1.12,1.37
2016.10.21 07:10:52.891,0.76391,0.76401,1.00,1.37
2016.10.21 07:10:53.172,0.76391,0.76401,1.00,1.50
2016.10.21 07:10:53.274,0.7639,0.76401,1.50,1.87
2016.10.21 07:10:53.326,0.7639,0.76401,1.00,2.25
2016.10.21 07:10:53.377,0.7639,0.76401,1.50,2.25
2016.10.21 07:10:53.808,0.7639,0.76401,1.50,2.25
2016.10.21 07:10:53.961,0.7639,0.76401,1.87,2.25
2016.10.21 07:10:54.063,0.7639,0.76401,1.37,2.44
2016.10.21 07:10:54.114,0.7639,0.76401,1.37,2.06
2016.10.21 07:10:54.165,0.7639,0.76401,1.37,1.31
2016.10.21 07:10:54.216,0.7639,0.76401,1.37,1.69
2016.10.21 07:10:54.267,0.7639,0.76401,1.87,2.21
2016.10.21 07:10:54.319,0.76391,0.76401,1.12,1.46
2016.10.21 07:10:54.582,0.76391,0.76401,1.12,1.46
2016.10.21 07:10:54.633,0.76393,0.76402,1.00,1.69
2016.10.21 07:10:54.684,0.76393,0.76403,1.00,7.31
2016.10.21 07:10:54.736,0.76391,0.76403,1.12,5.81
2016.10.21 07:10:54.787,0.76392,0.76402,1.00,1.62
2016.10.21 07:10:54.838,0.76392,0.76401,1.00,1.00
2016.10.21 07:10:54.890,0.76391,0.76401,1.12,1.00
2016.10.21 07:10:54.941,0.76391,0.76401,1.12,1.37
2016.10.21 07:10:54.993,0.76391,0.76401,1.00,3.00
2016.10.21 07:10:55.045,0.7639,0.764,1.00,1.07
2016.10.21 07:10:55.096,0.76389,0.764,3.37,1.37
2016.10.21 07:10:55.395,0.7639,0.764,1.00,1.50
2016.10.21 07:10:55.446,0.7639,0.764,1.00,1.37
2016.10.21 07:10:55.498,0.76391,0.764,1.00,1.00
2016.10.21 07:10:55.549,0.76392,0.764,1.00,1.00
2016.10.21 07:10:55.600,0.76392,0.76401,1.00,1.87
2016.10.21 07:10:55.651,0.76392,0.76401,1.00,2.44
2016.10.21 07:10:55.702,0.76392,0.76401,1.00,2.81
2016.10.21 07:10:55.818,0.76392,0.76401,1.12,2.06
2016.10.21 07:10:55.920,0.76392,0.76401,1.12,1.12
2016.10.21 07:10:56.243,0.76392,0.76402,1.12,3.75
2016.10.21 07:10:56.548,0.76391,0.76401,2.25,1.12
2016.10.21 07:10:57.640,0.76391,0.76401,1.50,4.12
2016.10.21 07:10:58.156,0.76391,0.76401,1.50,3.37
2016.10.21 07:10:58.814,0.76391,0.76401,1.50,3.00
2016.10.21 07:10:58.967,0.76391,0.76401,1.50,3.75
2016.10.21 07:11:00.008,0.76391,0.76401,1.50,3.00
2016.10.21 07:11:00.059,0.76391,0.76401,1.50,4.50
2016.10.21 07:11:00.110,0.76391,0.76401,1.37,6.00
2016.10.21 07:11:00.162,0.76391,0.76401,1.37,6.00
2016.10.21 07:11:00.213,0.76391,0.764,1.37,1.50
2016.10.21 07:11:00.315,0.7639,0.76401,1.12,8.25
2016.10.21 07:11:00.366,0.76389,0.76401,5.62,9.00
2016.10.21 07:11:00.417,0.76389,0.764,6.37,1.50
2016.10.21 07:11:00.706,0.76389,0.764,6.00,2.62
2016.10.21 07:11:00.757,0.76389,0.76399,4.87,1.50
2016.10.21 07:11:00.859,0.76389,0.76399,4.12,1.50
2016.10.21 07:11:00.910,0.76389,0.76399,3.75,1.50
2016.10.21 07:11:01.216,0.76389,0.76399,3.00,2.25
2016.10.21 07:11:01.267,0.76389,0.76399,3.00,4.12
2016.10.21 07:11:01.319,0.76389,0.76399,2.62,4.50
2016.10.21 07:11:01.370,0.76389,0.76399,2.62,3.75
2016.10.21 07:11:01.712,0.76389,0.76399,2.62,3.37
2016.10.21 07:11:02.018,0.76389,0.76398,2.62,1.00
2016.10.21 07:11:02.069,0.76389,0.76399,2.62,4.12
2016.10.21 07:11:02.784,0.76389,0.76399,1.87,4.12
2016.10.21 07:11:03.064,0.76389,0.76399,1.87,4.50
2016.10.21 07:11:03.166,0.76389,0.76398,1.87,1.00
2016.10.21 07:11:03.561,0.76389,0.76399,1.87,5.38
2016.10.21 07:11:03.663,0.76389,0.76398,1.87,1.00
2016.10.21 07:11:03.867,0.76389,0.76398,1.87,1.00
2016.10.21 07:11:03.918,0.76389,0.76399,1.87,4.12
2016.10.21 07:11:03.969,0.76389,0.76398,1.87,1.00
2016.10.21 07:11:04.071,0.76389,0.76398,1.87,1.00
2016.10.21 07:11:04.764,0.76389,0.76398,1.87,1.50
2016.10.21 07:11:04.866,0.76389,0.76398,1.87,1.00
2016.10.21 07:11:07.871,0.76389,0.76398,2.25,1.00
2016.10.21 07:11:08.484,0.76389,0.76398,1.87,1.00
2016.10.21 07:11:08.741,0.76388,0.76398,3.37,1.00
2016.10.21 07:11:08.792,0.76388,0.76398,2.25,1.00
2016.10.21 07:11:08.945,0.76388,0.76398,3.00,1.00
2016.10.21 07:11:09.461,0.76388,0.76398,3.37,1.00
2016.10.21 07:11:09.680,0.76388,0.76398,3.00,1.00
2016.10.21 07:11:09.732,0.76388,0.76398,1.87,1.00
2016.10.21 07:11:09.783,0.76388,0.76398,3.00,1.00
2016.10.21 07:11:09.834,0.76388,0.76398,2.25,1.00
2016.10.21 07:11:09.936,0.76388,0.76398,1.87,1.50
2016.10.21 07:11:10.250,0.76388,0.76398,3.00,1.50
2016.10.21 07:11:10.301,0.76388,0.76398,1.87,1.00
2016.10.21 07:11:10.456,0.76389,0.76398,1.00,1.00
2016.10.21 07:11:10.560,0.76389,0.76399,1.00,3.37
2016.10.21 07:11:10.663,0.76389,0.76399,1.31,4.12
2016.10.21 07:11:10.765,0.76389,0.76399,3.19,3.75
2016.10.21 07:11:11.064,0.76389,0.76399,2.62,2.62
2016.10.21 07:11:11.117,0.76389,0.76399,3.00,3.37
2016.10.21 07:11:11.220,0.76389,0.76399,2.62,2.62
2016.10.21 07:11:11.815,0.76389,0.76399,1.87,1.87
2016.10.21 07:11:12.151,0.76389,0.76399,1.12,2.62
2016.10.21 07:11:12.202,0.76389,0.76399,2.25,3.37
2016.10.21 07:11:12.254,0.76389,0.76399,2.62,2.62
2016.10.21 07:11:12.356,0.76389,0.76399,3.00,2.62
2016.10.21 07:11:12.765,0.76389,0.76399,3.00,3.56
2016.10.21 07:11:12.816,0.76389,0.76399,3.00,2.62
2016.10.21 07:11:13.630,0.76389,0.76399,3.00,2.25
2016.10.21 07:11:13.732,0.76389,0.76399,3.00,1.87
2016.10.21 07:11:13.783,0.76389,0.76399,3.37,1.87
2016.10.21 07:11:13.834,0.76389,0.76399,4.12,1.87
2016.10.21 07:11:13.886,0.76389,0.76399,3.37,1.12
2016.10.21 07:11:13.937,0.76389,0.76399,2.62,1.12
2016.10.21 07:11:13.988,0.7639,0.76399,1.00,1.12
2016.10.21 07:11:14.305,0.76389,0.76399,1.87,1.87
2016.10.21 07:11:14.661,0.76389,0.76399,2.25,2.25
2016.10.21 07:11:14.978,0.7639,0.76399,1.00,1.87
2016.10.21 07:11:15.029,0.7639,0.764,1.50,2.25
2016.10.21 07:11:15.081,0.7639,0.764,2.62,1.87
2016.10.21 07:11:15.132,0.7639,0.764,3.00,1.50
2016.10.21 07:11:15.947,0.7639,0.764,1.50,1.00
2016.10.21 07:11:15.998,0.76391,0.764,1.00,1.00
2016.10.21 07:11:16.050,0.76391,0.764,1.12,1.00
2016.10.21 07:11:16.101,0.76391,0.764,1.00,1.50
2016.10.21 07:11:16.255,0.7639,0.764,1.50,1.87
2016.10.21 07:11:16.306,0.76389,0.764,4.12,1.87
2016.10.21 07:11:16.598,0.76389,0.76399,3.37,1.12
2016.10.21 07:11:16.651,0.76389,0.76398,2.62,1.00
2016.10.21 07:11:16.703,0.76389,0.76398,2.62,1.00
2016.10.21 07:11:16.755,0.76389,0.76399,1.12,3.00
2016.10.21 07:11:16.806,0.76388,0.76399,2.62,2.25
2016.10.21 07:11:16.909,0.76388,0.76399,2.62,3.00
2016.10.21 07:11:16.962,0.76388,0.76399,1.12,3.00
2016.10.21 07:11:17.013,0.76388,0.76399,1.12,3.00
2016.10.21 07:11:17.115,0.76388,0.76397,1.12,1.00
2016.10.21 07:11:17.449,0.76388,0.76397,1.75,1.00
2016.10.21 07:11:18.349,0.76388,0.76397,1.12,1.00
2016.10.21 07:11:18.452,0.76388,0.76397,1.75,1.00
2016.10.21 07:11:19.263,0.76388,0.76397,1.12,1.00
2016.10.21 07:11:19.675,0.76388,0.76398,1.12,3.00
2016.10.21 07:11:19.727,0.76388,0.76394,1.12,1.00
2016.10.21 07:11:19.778,0.76387,0.76394,1.75,2.06
2016.10.21 07:11:20.051,0.76388,0.76393,1.00,1.19
2016.10.21 07:11:20.102,0.76382,0.76392,1.50,1.50
2016.10.21 07:11:20.154,0.76381,0.76392,4.69,1.50
2016.10.21 07:11:20.511,0.76381,0.76392,4.31,2.25
2016.10.21 07:11:20.955,0.76381,0.76391,4.31,1.12
2016.10.21 07:11:21.223,0.76381,0.7639,4.69,1.00
2016.10.21 07:11:21.274,0.76381,0.7639,1.00,1.87
2016.10.21 07:11:21.325,0.76379,0.76389,3.75,1.00
2016.10.21 07:11:21.376,0.76379,0.76389,3.37,1.50
2016.10.21 07:11:21.428,0.76379,0.76389,3.00,1.87
2016.10.21 07:11:21.684,0.76379,0.76389,3.00,1.12
2016.10.21 07:11:21.967,0.76379,0.76389,3.75,1.00
2016.10.21 07:11:22.224,0.76379,0.76389,4.12,1.00
2016.10.21 07:11:22.276,0.7638,0.76389,1.87,1.00
2016.10.21 07:11:23.879,0.76379,0.76389,2.62,1.00
2016.10.21 07:11:24.571,0.76379,0.76389,3.00,1.00
2016.10.21 07:11:25.118,0.76381,0.7639,1.87,1.00
2016.10.21 07:11:25.169,0.76381,0.76391,1.87,1.87
2016.10.21 07:11:25.478,0.76386,0.76392,2.25,1.00
2016.10.21 07:11:25.531,0.76387,0.76396,1.12,1.50
2016.10.21 07:11:25.585,0.76387,0.76398,1.50,6.75
2016.10.21 07:11:25.636,0.76387,0.76398,1.50,6.37
2016.10.21 07:11:25.687,0.76387,0.76397,1.00,1.87
2016.10.21 07:11:25.739,0.76387,0.76397,1.00,1.12
2016.10.21 07:11:25.841,0.76387,0.76397,1.00,1.00
2016.10.21 07:11:26.219,0.76387,0.76397,1.87,1.50
2016.10.21 07:11:26.270,0.76387,0.76398,1.50,3.37
2016.10.21 07:11:26.321,0.76387,0.76397,1.12,1.00
2016.10.21 07:11:26.474,0.76387,0.76395,1.12,1.50
2016.10.21 07:11:26.526,0.76386,0.76394,1.50,1.50
2016.10.21 07:11:26.577,0.76385,0.76394,2.25,1.50
2016.10.21 07:11:26.628,0.76384,0.76393,1.37,1.00
2016.10.21 07:11:26.679,0.76383,0.76393,3.75,1.00
2016.10.21 07:11:27.017,0.76384,0.76394,1.00,2.25
2016.10.21 07:11:27.068,0.76384,0.76394,1.12,2.25
2016.10.21 07:11:27.119,0.76384,0.76394,1.00,1.87
2016.10.21 07:11:27.272,0.76384,0.76394,1.50,1.87
2016.10.21 07:11:27.425,0.76384,0.76394,1.00,1.87
2016.10.21 07:11:27.476,0.76384,0.76394,1.00,1.00
2016.10.21 07:11:27.800,0.76384,0.76394,1.50,1.00
2016.10.21 07:11:27.855,0.76384,0.76394,2.25,1.00
2016.10.21 07:11:28.475,0.76386,0.76395,2.02,2.25
2016.10.21 07:11:28.526,0.76386,0.76396,3.37,3.37
2016.10.21 07:11:28.806,0.76386,0.76396,7.50,2.62
2016.10.21 07:11:28.857,0.76388,0.76398,1.00,2.25
2016.10.21 07:11:29.253,0.76388,0.76398,1.12,1.50
2016.10.21 07:11:29.309,0.76388,0.76398,1.87,1.00
2016.10.21 07:11:29.361,0.76388,0.76398,1.50,1.00
2016.10.21 07:11:29.771,0.76388,0.76398,1.87,1.00
2016.10.21 07:11:29.924,0.76388,0.76399,1.12,1.25
2016.10.21 07:11:29.975,0.76389,0.76399,1.00,1.25
2016.10.21 07:11:30.027,0.76389,0.76398,1.00,1.00
2016.10.21 07:11:30.184,0.76389,0.76398,1.50,1.00
2016.10.21 07:11:30.560,0.76389,0.76398,1.50,1.00
2016.10.21 07:11:30.612,0.76389,0.76398,1.00,1.50
2016.10.21 07:11:30.714,0.76389,0.76398,1.50,1.50
2016.10.21 07:11:31.321,0.76389,0.76398,1.50,1.00
2016.10.21 07:11:31.382,0.76389,0.76398,1.00,1.00
2016.10.21 07:11:31.434,0.76388,0.76398,1.87,1.00
2016.10.21 07:11:31.486,0.76388,0.76398,1.50,1.00
2016.10.21 07:11:31.537,0.76388,0.76398,3.00,1.12
2016.10.21 07:11:31.640,0.76388,0.76398,1.50,1.00
2016.10.21 07:11:31.691,0.76388,0.76398,2.25,1.18
2016.10.21 07:11:32.307,0.76388,0.76398,2.25,1.00
2016.10.21 07:11:32.359,0.76388,0.76398,1.50,1.00
2016.10.21 07:11:32.514,0.76388,0.76399,1.50,2.62
2016.10.21 07:11:32.566,0.76389,0.76398,1.00,1.00
2016.10.21 07:11:32.618,0.76389,0.76399,1.00,1.87
2016.10.21 07:11:32.893,0.76389,0.76399,2.25,1.87
2016.10.21 07:11:32.994,0.76391,0.764,1.00,2.62
2016.10.21 07:11:33.199,0.76391,0.76401,1.00,6.94
2016.10.21 07:11:33.574,0.76391,0.764,1.00,1.12
2016.10.21 07:11:33.780,0.76391,0.76401,1.00,6.94
2016.10.21 07:11:33.884,0.76391,0.76398,1.00,1.00
2016.10.21 07:11:34.373,0.76391,0.76398,1.00,1.00
2016.10.21 07:11:35.215,0.76391,0.76399,1.00,3.00
2016.10.21 07:11:35.266,0.76391,0.76399,1.00,3.37
2016.10.21 07:11:35.318,0.76391,0.76399,1.00,2.62
2016.10.21 07:11:35.472,0.76389,0.76399,1.50,2.62
2016.10.21 07:11:35.907,0.76389,0.76399,1.50,1.87
2016.10.21 07:11:35.958,0.76389,0.76399,1.50,2.62
2016.10.21 07:11:36.009,0.76389,0.76399,1.50,2.06
2016.10.21 07:11:36.061,0.76389,0.76399,1.50,1.87
2016.10.21 07:11:36.334,0.76389,0.76399,1.50,1.12
2016.10.21 07:11:36.386,0.76389,0.76399,1.50,1.50
2016.10.21 07:11:36.437,0.76389,0.76399,1.00,1.50
2016.10.21 07:11:36.761,0.76389,0.76399,1.00,1.12
2016.10.21 07:11:37.080,0.76389,0.76399,1.00,1.87
2016.10.21 07:11:37.182,0.76389,0.76399,1.00,2.25
2016.10.21 07:11:37.660,0.76389,0.76399,1.00,1.87
2016.10.21 07:11:38.058,0.76389,0.76399,1.50,1.87
2016.10.21 07:11:38.168,0.76389,0.76398,1.50,1.00
2016.10.21 07:11:38.320,0.76389,0.76398,1.50,1.00
2016.10.21 07:11:38.857,0.76391,0.76398,1.00,1.00
2016.10.21 07:11:38.908,0.76391,0.76399,1.00,1.50
2016.10.21 07:11:39.010,0.76391,0.76399,1.00,1.00
2016.10.21 07:11:39.112,0.76391,0.764,1.00,1.87
2016.10.21 07:11:39.265,0.76391,0.764,1.00,2.62
2016.10.21 07:11:39.675,0.76391,0.764,1.00,3.37
2016.10.21 07:11:40.129,0.76391,0.764,1.00,2.62
2016.10.21 07:11:40.181,0.76391,0.764,1.00,1.87
2016.10.21 07:11:40.233,0.76391,0.764,1.50,1.12
2016.10.21 07:11:40.606,0.76391,0.76401,1.87,2.81
2016.10.21 07:11:40.708,0.76391,0.76401,1.87,2.44
2016.10.21 07:11:40.810,0.76391,0.76401,1.12,2.44
2016.10.21 07:11:40.912,0.76391,0.76401,1.00,2.81
2016.10.21 07:11:42.135,0.76391,0.76401,1.50,2.81
2016.10.21 07:11:42.186,0.76391,0.76401,1.00,2.81
2016.10.21 07:11:42.700,0.76391,0.76401,1.00,3.56
2016.10.21 07:11:42.752,0.76391,0.76401,1.00,5.06
2016.10.21 07:11:42.803,0.76391,0.76399,1.00,1.00
2016.10.21 07:11:43.021,0.7639,0.76399,1.87,1.00
2016.10.21 07:11:43.072,0.7639,0.76399,1.12,1.00
2016.10.21 07:11:43.557,0.7639,0.76399,1.00,1.00
2016.10.21 07:11:46.645,0.7639,0.76399,1.12,1.00
2016.10.21 07:11:46.697,0.7639,0.764,1.50,1.12
2016.10.21 07:11:46.800,0.7639,0.764,1.50,1.12
2016.10.21 07:11:46.852,0.7639,0.764,2.25,1.12
2016.10.21 07:11:47.227,0.7639,0.764,1.87,1.50
2016.10.21 07:11:48.880,0.7639,0.764,1.12,1.50
2016.10.21 07:11:49.445,0.76391,0.764,1.00,1.50
2016.10.21 07:11:49.652,0.76391,0.764,1.00,1.00
2016.10.21 07:11:49.724,0.76393,0.76401,1.00,3.75
2016.10.21 07:11:49.776,0.76393,0.76401,1.00,2.62
2016.10.21 07:11:50.384,0.76393,0.76401,1.00,1.50
2016.10.21 07:11:50.490,0.76393,0.76401,1.00,1.50
2016.10.21 07:11:50.592,0.76393,0.76401,1.00,1.50
2016.10.21 07:11:52.193,0.76393,0.76401,1.00,1.50
2016.10.21 07:11:53.575,0.76393,0.76401,1.00,1.50
2016.10.21 07:11:53.780,0.76393,0.76401,3.37,1.37
2016.10.21 07:11:53.832,0.76395,0.76401,1.00,1.00
2016.10.21 07:11:54.173,0.76396,0.76405,1.50,1.25
2016.10.21 07:11:54.226,0.76396,0.76406,1.50,1.69
2016.10.21 07:11:54.635,0.76396,0.76406,1.50,2.81
2016.10.21 07:11:54.946,0.76393,0.76403,3.75,1.00
2016.10.21 07:11:54.997,0.76393,0.76403,2.62,1.50
2016.10.21 07:11:55.048,0.76393,0.76403,2.25,1.50
2016.10.21 07:11:55.099,0.76393,0.76403,1.00,1.50
2016.10.21 07:11:55.557,0.76393,0.76402,1.00,1.00
2016.10.21 07:11:55.660,0.76394,0.76402,1.00,1.00
2016.10.21 07:11:55.936,0.76394,0.76404,1.87,1.50
2016.10.21 07:11:55.988,0.76396,0.76405,2.25,1.00
2016.10.21 07:11:56.046,0.76396,0.76405,2.25,1.00
2016.10.21 07:11:56.126,0.76396,0.76406,4.12,1.12
2016.10.21 07:11:56.177,0.76396,0.76407,4.87,2.62
2016.10.21 07:11:56.228,0.76396,0.76407,5.25,1.87
2016.10.21 07:11:56.280,0.76396,0.76407,4.87,1.87
2016.10.21 07:11:56.331,0.76396,0.76407,4.87,2.62
2016.10.21 07:11:56.852,0.76396,0.76407,4.50,1.12
2016.10.21 07:11:56.972,0.76396,0.76407,3.75,1.12
2016.10.21 07:11:57.023,0.76397,0.76407,1.12,1.12
2016.10.21 07:11:57.075,0.76397,0.76407,3.00,1.12
2016.10.21 07:11:57.127,0.76397,0.76408,3.00,2.62
2016.10.21 07:11:57.178,0.76397,0.76408,3.75,2.62
2016.10.21 07:11:57.231,0.76397,0.76407,3.75,1.00
2016.10.21 07:11:57.282,0.76397,0.76407,3.00,1.00
2016.10.21 07:11:57.651,0.76396,0.76407,4.87,1.00
2016.10.21 07:11:57.703,0.76396,0.76407,5.62,1.00
2016.10.21 07:11:57.754,0.76396,0.76407,5.62,1.12
2016.10.21 07:11:57.806,0.76396,0.76408,4.87,5.25
2016.10.21 07:11:57.857,0.76397,0.76408,1.00,5.25
2016.10.21 07:11:57.918,0.76397,0.76408,2.25,3.75
2016.10.21 07:11:57.990,0.76397,0.76407,2.25,1.12
2016.10.21 07:11:58.877,0.76397,0.76407,2.62,1.12
2016.10.21 07:11:58.928,0.76398,0.76407,1.00,1.12
2016.10.21 07:11:59.770,0.76398,0.76407,1.00,1.12
2016.10.21 07:12:00.179,0.76398,0.76407,1.00,1.50
2016.10.21 07:12:00.281,0.76398,0.76407,1.00,1.00
2016.10.21 07:12:00.333,0.76398,0.76407,1.00,1.00
2016.10.21 07:12:00.659,0.76398,0.76408,2.25,3.37
2016.10.21 07:12:00.722,0.76398,0.76407,1.87,1.00
2016.10.21 07:12:00.773,0.76398,0.76407,1.87,1.00
2016.10.21 07:12:00.875,0.76398,0.76407,1.87,1.00
2016.10.21 07:12:01.131,0.76398,0.76406,1.50,1.00
2016.10.21 07:12:01.479,0.76397,0.76408,5.62,1.00
2016.10.21 07:12:01.530,0.76397,0.76408,5.62,1.00
2016.10.21 07:12:01.581,0.76397,0.76408,6.00,1.12
2016.10.21 07:12:01.632,0.76397,0.76408,5.62,1.12
2016.10.21 07:12:01.684,0.76397,0.76407,5.62,1.00
2016.10.21 07:12:01.735,0.76397,0.76407,4.12,2.21
2016.10.21 07:12:01.786,0.76397,0.76406,2.25,1.00
2016.10.21 07:12:01.837,0.76397,0.76406,1.00,1.00
2016.10.21 07:12:01.889,0.76397,0.76406,1.00,1.87
2016.10.21 07:12:01.941,0.76395,0.76406,3.00,2.62
2016.10.21 07:12:02.286,0.76394,0.76404,3.00,2.25
2016.10.21 07:12:02.366,0.76393,0.76403,1.87,1.00
2016.10.21 07:12:02.417,0.76393,0.76402,1.87,1.00
2016.10.21 07:12:02.674,0.76393,0.76402,1.50,1.00
2016.10.21 07:12:03.012,0.76392,0.76403,2.62,4.50
2016.10.21 07:12:03.063,0.76392,0.76403,2.62,3.37
2016.10.21 07:12:03.114,0.76392,0.76402,2.62,1.00
2016.10.21 07:12:03.216,0.76392,0.76401,2.62,1.00
2016.10.21 07:12:03.268,0.76392,0.76402,1.87,1.00
2016.10.21 07:12:03.319,0.76392,0.76402,1.87,1.50
2016.10.21 07:12:03.799,0.76392,0.76402,1.87,2.25
2016.10.21 07:12:03.903,0.76391,0.76402,5.81,2.25
2016.10.21 07:12:03.956,0.76391,0.76401,6.37,1.00
2016.10.21 07:12:04.008,0.76392,0.76401,1.00,1.00
2016.10.21 07:12:04.278,0.76392,0.76401,1.12,1.00
2016.10.21 07:12:04.862,0.76392,0.76401,1.50,1.00
2016.10.21 07:12:04.913,0.76393,0.76402,1.00,1.00
2016.10.21 07:12:06.925,0.76392,0.76402,1.50,1.00
2016.10.21 07:12:07.250,0.76392,0.76402,1.12,1.00
2016.10.21 07:12:07.302,0.76392,0.76401,1.00,1.00
2016.10.21 07:12:07.404,0.76392,0.76401,1.00,1.00
2016.10.21 07:12:07.455,0.76392,0.76402,1.00,1.50
2016.10.21 07:12:07.506,0.76392,0.76401,1.00,1.50
2016.10.21 07:12:07.557,0.76392,0.76401,1.00,1.87
2016.10.21 07:12:07.608,0.76392,0.76401,1.00,1.50
2016.10.21 07:12:07.660,0.76392,0.764,1.00,1.82
2016.10.21 07:12:07.711,0.7639,0.76398,2.25,1.46
2016.10.21 07:12:08.338,0.76387,0.76395,2.25,1.00
2016.10.21 07:12:08.410,0.76385,0.76395,3.75,1.00
2016.10.21 07:12:08.523,0.76385,0.76395,3.37,1.00
2016.10.21 07:12:08.574,0.76385,0.76395,2.62,1.00
2016.10.21 07:12:08.626,0.76385,0.76396,1.87,2.25
2016.10.21 07:12:08.728,0.76385,0.76395,1.87,1.00
2016.10.21 07:12:09.382,0.76387,0.76396,1.00,2.25
2016.10.21 07:12:09.433,0.76387,0.76396,1.00,1.87
2016.10.21 07:12:09.508,0.76387,0.76397,1.50,1.50
2016.10.21 07:12:09.873,0.76387,0.76397,1.87,1.50
2016.10.21 07:12:10.129,0.76387,0.76397,1.12,1.50
2016.10.21 07:12:10.631,0.76387,0.76397,1.12,1.50
2016.10.21 07:12:10.684,0.76387,0.76397,1.12,2.25
2016.10.21 07:12:10.735,0.76387,0.76397,1.12,2.62
2016.10.21 07:12:11.108,0.76387,0.76397,1.12,3.00
2016.10.21 07:12:11.518,0.76387,0.76397,1.12,2.62
2016.10.21 07:12:11.569,0.76386,0.76397,2.62,1.87
2016.10.21 07:12:11.620,0.76387,0.76397,1.12,1.50
2016.10.21 07:12:11.671,0.76387,0.76397,1.12,1.50
2016.10.21 07:12:11.723,0.76386,0.76397,3.00,1.87
2016.10.21 07:12:12.010,0.76386,0.76396,1.50,1.12
2016.10.21 07:12:12.062,0.76386,0.76396,2.25,1.87
2016.10.21 07:12:12.164,0.76386,0.76396,1.50,1.87
2016.10.21 07:12:12.626,0.76386,0.76395,1.50,1.00
2016.10.21 07:12:12.679,0.76386,0.76393,1.00,1.00
2016.10.21 07:12:12.732,0.76384,0.76393,1.00,1.00
2016.10.21 07:12:13.281,0.76382,0.76392,3.75,2.25
2016.10.21 07:12:13.367,0.76382,0.76392,1.12,3.00
2016.10.21 07:12:13.418,0.76382,0.76392,1.12,3.00
2016.10.21 07:12:13.469,0.76382,0.76392,1.12,2.25
2016.10.21 07:12:14.127,0.76382,0.76391,1.12,1.00
2016.10.21 07:12:16.405,0.76381,0.76391,1.12,1.87
2016.10.21 07:12:16.563,0.76381,0.76391,1.12,1.12
2016.10.21 07:12:18.259,0.76381,0.76391,1.12,1.87
2016.10.21 07:12:21.108,0.76381,0.76391,1.12,2.25
2016.10.21 07:12:21.696,0.76381,0.76391,1.87,1.50
2016.10.21 07:12:21.747,0.76381,0.76391,1.87,1.50
2016.10.21 07:12:21.799,0.76381,0.76392,1.87,3.37
2016.10.21 07:12:21.850,0.76381,0.76392,1.87,2.62
2016.10.21 07:12:22.215,0.76381,0.76392,2.25,1.87
2016.10.21 07:12:22.266,0.76381,0.76392,3.00,1.87
2016.10.21 07:12:22.369,0.76381,0.76392,2.25,1.87
2016.10.21 07:12:23.105,0.76381,0.76392,3.00,1.87
2016.10.21 07:12:23.455,0.76381,0.76392,2.25,2.62
2016.10.21 07:12:23.506,0.76381,0.76392,2.25,1.87
2016.10.21 07:12:23.557,0.76381,0.76392,1.87,1.87
2016.10.21 07:12:23.608,0.76381,0.76392,1.87,2.25
2016.10.21 07:12:23.761,0.76381,0.76392,1.87,3.00
2016.10.21 07:12:24.685,0.76381,0.76392,1.37,3.75
2016.10.21 07:12:24.736,0.76381,0.76392,1.37,3.75
2016.10.21 07:12:24.788,0.76381,0.76392,1.50,3.75
2016.10.21 07:12:25.440,0.76381,0.76392,3.00,3.75
2016.10.21 07:12:25.597,0.76381,0.76392,2.62,3.75
2016.10.21 07:12:25.750,0.76381,0.76392,2.62,3.75
2016.10.21 07:12:26.341,0.76381,0.7639,2.62,1.00
2016.10.21 07:12:26.392,0.76381,0.7639,2.62,1.00
2016.10.21 07:12:27.364,0.76381,0.7639,1.87,1.00
2016.10.21 07:12:27.467,0.7638,0.7639,5.25,1.00
2016.10.21 07:12:27.621,0.7638,0.7639,6.00,1.00
2016.10.21 07:12:27.775,0.7638,0.7639,5.25,1.50
2016.10.21 07:12:28.226,0.7638,0.7639,5.62,1.50
2016.10.21 07:12:28.379,0.7638,0.7639,4.87,1.50
2016.10.21 07:12:28.583,0.7638,0.7639,4.87,1.00
2016.10.21 07:12:29.533,0.7638,0.7639,4.50,1.00
2016.10.21 07:12:29.636,0.7638,0.7639,4.50,1.50
2016.10.21 07:12:30.736,0.7638,0.7639,5.25,1.50
2016.10.21 07:12:30.839,0.7638,0.7639,4.50,1.50
2016.10.21 07:12:30.992,0.7638,0.7639,4.87,1.50
2016.10.21 07:12:31.144,0.76382,0.7639,1.12,1.50
2016.10.21 07:12:31.246,0.76382,0.7639,1.00,1.50
2016.10.21 07:12:34.112,0.76383,0.7639,1.00,1.00
2016.10.21 07:12:34.181,0.76383,0.76392,1.00,2.25
2016.10.21 07:12:34.232,0.76383,0.76393,1.00,12.37
2016.10.21 07:12:34.283,0.76383,0.76393,1.00,9.75
2016.10.21 07:12:34.335,0.76383,0.76393,1.00,7.50
2016.10.21 07:12:35.621,0.76383,0.76393,1.00,6.75
2016.10.21 07:12:36.241,0.76382,0.76392,3.75,1.00
2016.10.21 07:12:36.292,0.76382,0.76392,3.75,1.00
2016.10.21 07:12:36.343,0.76382,0.76392,2.62,1.00
2016.10.21 07:12:36.445,0.76382,0.76392,3.75,1.00
2016.10.21 07:12:36.650,0.76382,0.76392,2.62,1.00
2016.10.21 07:12:37.684,0.76382,0.76392,2.62,1.25
2016.10.21 07:12:37.735,0.76382,0.76391,1.50,1.00
2016.10.21 07:12:37.786,0.76381,0.76391,2.62,1.00
2016.10.21 07:12:37.990,0.76381,0.76391,1.87,1.00
2016.10.21 07:12:38.059,0.76381,0.76391,2.62,1.12
2016.10.21 07:12:38.110,0.76381,0.76391,1.87,1.00
2016.10.21 07:12:38.161,0.76381,0.76391,1.12,1.00
2016.10.21 07:12:38.212,0.76381,0.76391,1.87,1.00
2016.10.21 07:12:38.264,0.76381,0.76391,1.50,1.00
2016.10.21 07:12:38.545,0.76381,0.76392,1.12,5.25
2016.10.21 07:12:39.029,0.76381,0.76392,1.12,6.00
2016.10.21 07:12:39.080,0.76381,0.76391,1.87,1.12
2016.10.21 07:12:39.395,0.76381,0.76392,1.12,6.94
2016.10.21 07:12:39.446,0.76381,0.76392,1.12,5.62
2016.10.21 07:12:39.791,0.7638,0.76391,3.19,1.12
2016.10.21 07:12:40.644,0.7638,0.76391,2.81,2.25
2016.10.21 07:12:40.696,0.7638,0.76391,3.56,2.25
2016.10.21 07:12:40.848,0.76381,0.76391,1.00,1.12
2016.10.21 07:12:40.950,0.76381,0.76391,1.00,1.50
2016.10.21 07:12:41.154,0.7638,0.76391,2.81,2.25
2016.10.21 07:12:41.205,0.7638,0.76391,3.56,2.25
2016.10.21 07:12:41.307,0.7638,0.76391,2.81,2.25
2016.10.21 07:12:41.620,0.7638,0.76391,3.56,2.25
2016.10.21 07:12:41.671,0.7638,0.76391,4.31,2.25
2016.10.21 07:12:41.722,0.7638,0.76391,3.56,2.25
2016.10.21 07:12:41.773,0.7638,0.76391,5.44,1.12
2016.10.21 07:12:42.079,0.7638,0.76391,5.44,2.62
2016.10.21 07:12:42.866,0.7638,0.76384,1.50,1.00
2016.10.21 07:12:42.924,0.76379,0.76384,1.12,1.00
2016.10.21 07:12:43.077,0.76379,0.76384,1.12,1.87
2016.10.21 07:12:43.128,0.76379,0.76384,1.12,1.37
2016.10.21 07:12:43.179,0.76375,0.76384,1.50,1.12
2016.10.21 07:12:43.231,0.76375,0.76384,1.84,1.87
2016.10.21 07:12:43.283,0.76375,0.76384,1.84,1.50
2016.10.21 07:12:43.645,0.76378,0.76387,1.00,1.12
2016.10.21 07:12:43.696,0.76378,0.76388,1.50,1.87
2016.10.21 07:12:43.900,0.76378,0.76389,1.50,3.37
2016.10.21 07:12:43.951,0.76378,0.76389,1.50,2.62
2016.10.21 07:12:45.184,0.76378,0.76389,1.50,3.00
2016.10.21 07:12:45.632,0.76378,0.76389,1.50,2.62
2016.10.21 07:12:45.685,0.76378,0.76389,1.50,4.26
2016.10.21 07:12:45.760,0.76378,0.76388,1.50,1.12
2016.10.21 07:12:46.664,0.76378,0.76388,1.50,1.00
2016.10.21 07:12:46.921,0.76379,0.76389,2.06,1.87
2016.10.21 07:12:47.247,0.76387,0.76393,1.87,6.56
2016.10.21 07:12:47.299,0.76388,0.76398,1.50,3.00
2016.10.21 07:12:47.350,0.76388,0.76398,1.00,3.00
2016.10.21 07:12:47.503,0.76388,0.76396,1.00,1.00
2016.10.21 07:12:47.555,0.76387,0.76396,1.12,1.63
2016.10.21 07:12:47.606,0.76385,0.76396,2.62,4.12
2016.10.21 07:12:47.858,0.76387,0.76396,1.00,4.12
2016.10.21 07:12:47.922,0.76388,0.76398,1.50,1.25
2016.10.21 07:12:48.248,0.76389,0.76398,1.37,1.25
2016.10.21 07:12:48.319,0.76389,0.76399,1.37,2.06
2016.10.21 07:12:48.370,0.76389,0.76398,1.37,1.00
2016.10.21 07:12:48.625,0.76389,0.76399,1.37,2.06
2016.10.21 07:12:49.118,0.76389,0.76399,1.37,1.31
2016.10.21 07:12:49.169,0.76388,0.76399,4.12,1.12
2016.10.21 07:12:49.271,0.76388,0.76399,3.37,1.12
2016.10.21 07:12:49.429,0.76388,0.76399,3.37,1.26
2016.10.21 07:12:49.554,0.76388,0.76399,2.62,1.12
2016.10.21 07:12:50.928,0.76388,0.764,2.62,6.00
2016.10.21 07:12:51.761,0.76388,0.764,3.37,6.37
2016.10.21 07:12:51.983,0.76388,0.764,3.75,4.12
2016.10.21 07:12:52.946,0.76388,0.764,4.50,5.44
2016.10.21 07:12:53.492,0.76388,0.764,4.50,5.57
2016.10.21 07:12:53.698,0.76388,0.764,3.75,4.26
2016.10.21 07:12:53.853,0.76388,0.764,4.50,5.95
2016.10.21 07:12:53.906,0.76388,0.764,3.75,5.01
2016.10.21 07:12:54.011,0.76388,0.764,3.37,7.26
2016.10.21 07:12:54.062,0.76388,0.764,2.62,7.26
2016.10.21 07:12:54.416,0.76388,0.76398,2.62,1.00
2016.10.21 07:12:54.518,0.76388,0.76398,3.37,1.00
2016.10.21 07:12:54.621,0.76388,0.76398,3.00,1.00
2016.10.21 07:12:54.723,0.76388,0.76399,2.25,1.12
2016.10.21 07:12:54.774,0.76388,0.764,2.25,8.38
2016.10.21 07:12:54.825,0.76388,0.76399,2.25,1.12
2016.10.21 07:12:54.927,0.76388,0.764,2.25,8.38
2016.10.21 07:12:54.978,0.76388,0.76399,2.25,1.12
2016.10.21 07:12:55.344,0.76388,0.76398,2.25,1.00
2016.10.21 07:12:56.244,0.76388,0.764,2.25,8.38
2016.10.21 07:12:56.346,0.76388,0.764,1.50,7.63
2016.10.21 07:12:57.189,0.76388,0.764,1.50,5.38
2016.10.21 07:12:57.717,0.76388,0.764,1.50,4.26
2016.10.21 07:12:57.768,0.76388,0.76399,1.50,1.12
2016.10.21 07:12:57.870,0.76388,0.764,1.50,5.38
2016.10.21 07:12:58.326,0.76388,0.76399,1.50,1.12
2016.10.21 07:12:58.642,0.76388,0.764,1.50,4.12
2016.10.21 07:12:58.745,0.76388,0.764,1.00,4.12
2016.10.21 07:12:58.899,0.76388,0.764,1.50,5.01
2016.10.21 07:12:58.950,0.76388,0.764,1.00,4.12
2016.10.21 07:12:59.001,0.76388,0.764,1.00,4.12
2016.10.21 07:12:59.204,0.76388,0.764,1.00,4.12
2016.10.21 07:12:59.307,0.76388,0.764,1.50,4.87
2016.10.21 07:12:59.358,0.76389,0.764,1.00,6.75
2016.10.21 07:12:59.991,0.76389,0.764,1.00,7.87
2016.10.21 07:13:00.062,0.76389,0.764,1.00,7.12
2016.10.21 07:13:00.113,0.76389,0.764,1.00,6.37
2016.10.21 07:13:00.383,0.76389,0.764,1.00,4.12
2016.10.21 07:13:00.891,0.76389,0.76398,1.00,1.50
2016.10.21 07:13:00.943,0.76388,0.76397,1.50,1.18
2016.10.21 07:13:00.995,0.76388,0.76397,2.25,1.38
2016.10.21 07:13:01.098,0.76388,0.76398,2.25,1.25
2016.10.21 07:13:01.151,0.76388,0.76398,1.87,1.12
2016.10.21 07:13:01.254,0.76388,0.76399,1.50,2.38
2016.10.21 07:13:01.307,0.76388,0.76398,1.50,1.00
2016.10.21 07:13:01.633,0.76389,0.76398,1.12,1.00
2016.10.21 07:13:01.694,0.76389,0.76398,1.12,1.00
2016.10.21 07:13:01.745,0.76389,0.76398,1.12,1.00
2016.10.21 07:13:02.204,0.76389,0.76399,1.12,3.00
2016.10.21 07:13:02.519,0.76391,0.76399,1.00,2.62
2016.10.21 07:13:02.570,0.76391,0.76399,1.00,1.87
2016.10.21 07:13:02.673,0.76391,0.76399,1.00,1.87
2016.10.21 07:13:02.994,0.76391,0.76399,1.00,1.12
2016.10.21 07:13:03.307,0.76391,0.76399,1.00,1.87
2016.10.21 07:13:03.375,0.76391,0.76399,1.00,2.62
2016.10.21 07:13:03.579,0.76391,0.76399,1.00,1.87
2016.10.21 07:13:03.681,0.76391,0.76399,1.00,1.12
2016.10.21 07:13:03.733,0.76391,0.764,1.00,4.87
2016.10.21 07:13:03.835,0.76391,0.76399,1.00,1.12
2016.10.21 07:13:04.283,0.76391,0.764,1.00,2.62
2016.10.21 07:13:04.633,0.76391,0.764,1.00,2.62
2016.10.21 07:13:04.789,0.76391,0.764,1.00,4.12
2016.10.21 07:13:05.185,0.76391,0.764,1.00,4.12
2016.10.21 07:13:05.533,0.76391,0.764,1.00,3.37
2016.10.21 07:13:05.584,0.76391,0.764,1.00,2.25
2016.10.21 07:13:05.787,0.76391,0.764,1.00,1.37
2016.10.21 07:13:05.838,0.76391,0.764,1.00,1.37
2016.10.21 07:13:05.889,0.76391,0.764,1.00,1.50
2016.10.21 07:13:06.412,0.76392,0.764,1.00,2.25
2016.10.21 07:13:06.718,0.76392,0.764,1.00,1.50
2016.10.21 07:13:07.514,0.76392,0.764,1.00,2.25
2016.10.21 07:13:07.666,0.76392,0.76401,1.00,9.37
2016.10.21 07:13:07.718,0.76392,0.76401,1.00,5.62
2016.10.21 07:13:07.769,0.76392,0.764,1.00,1.37
2016.10.21 07:13:07.826,0.76392,0.764,1.00,1.00
2016.10.21 07:13:07.877,0.76392,0.76402,1.12,3.37
2016.10.21 07:13:08.506,0.76392,0.76402,1.50,2.25
2016.10.21 07:13:08.574,0.76392,0.76402,1.50,2.62
2016.10.21 07:13:08.731,0.76392,0.76402,1.50,4.12
2016.10.21 07:13:09.297,0.76392,0.76402,1.50,4.87
2016.10.21 07:13:09.450,0.76392,0.76402,1.50,3.00
2016.10.21 07:13:09.562,0.76392,0.76402,1.50,4.12
2016.10.21 07:13:09.613,0.76392,0.76402,1.50,4.87
2016.10.21 07:13:09.869,0.76392,0.76402,1.50,4.12
2016.10.21 07:13:10.229,0.76392,0.76402,1.50,1.00
2016.10.21 07:13:10.630,0.76392,0.76402,1.50,1.87
2016.10.21 07:13:11.165,0.76392,0.76402,2.25,1.87
2016.10.21 07:13:11.267,0.76392,0.76402,3.00,1.87
2016.10.21 07:13:11.318,0.76392,0.76402,2.25,2.62
2016.10.21 07:13:11.472,0.76393,0.76402,1.00,2.62
2016.10.21 07:13:11.523,0.76392,0.76402,2.25,2.62
2016.10.21 07:13:11.574,0.76392,0.76402,2.25,1.87
2016.10.21 07:13:11.727,0.76392,0.76402,2.25,1.87
2016.10.21 07:13:12.164,0.76392,0.76402,2.25,1.87
2016.10.21 07:13:13.631,0.76392,0.76402,3.00,1.87
2016.10.21 07:13:13.685,0.76392,0.76403,2.62,5.25
2016.10.21 07:13:13.737,0.76392,0.76402,1.87,1.00
2016.10.21 07:13:13.840,0.76392,0.76402,1.12,1.00
2016.10.21 07:13:13.942,0.76391,0.76402,5.62,1.00
2016.10.21 07:13:14.273,0.76393,0.76403,1.12,3.00
2016.10.21 07:13:14.431,0.76393,0.76403,1.12,3.75
2016.10.21 07:13:15.142,0.76392,0.76403,2.62,3.00
2016.10.21 07:13:15.295,0.76392,0.76403,2.62,3.75
2016.10.21 07:13:15.346,0.76392,0.76403,3.37,3.75
2016.10.21 07:13:15.448,0.76392,0.76403,3.37,3.00
2016.10.21 07:13:15.550,0.76392,0.76403,2.62,3.37
2016.10.21 07:13:15.917,0.76392,0.76403,2.25,3.75
2016.10.21 07:13:15.969,0.76392,0.76403,1.12,5.62
2016.10.21 07:13:16.020,0.76395,0.76403,3.30,3.00
2016.10.21 07:13:16.072,0.76396,0.76403,1.87,1.00
2016.10.21 07:13:16.124,0.76397,0.76404,2.25,1.37
2016.10.21 07:13:16.175,0.76398,0.76408,1.12,1.31
2016.10.21 07:13:16.227,0.76398,0.76408,1.87,1.31
2016.10.21 07:13:16.279,0.76398,0.76409,1.87,3.56
2016.10.21 07:13:16.330,0.76398,0.76409,1.87,3.19
2016.10.21 07:13:16.891,0.76398,0.76409,3.75,3.19
2016.10.21 07:13:16.942,0.76398,0.76409,3.75,2.44
2016.10.21 07:13:17.299,0.76398,0.76409,4.50,2.44
2016.10.21 07:13:17.350,0.76398,0.76409,5.25,2.44
2016.10.21 07:13:17.401,0.76398,0.76409,5.25,2.25
2016.10.21 07:13:18.075,0.76398,0.76409,4.50,2.25
2016.10.21 07:13:18.249,0.76398,0.76409,5.25,2.76
2016.10.21 07:13:18.300,0.76398,0.76409,4.50,2.62
2016.10.21 07:13:18.840,0.76398,0.76409,4.50,3.00
2016.10.21 07:13:18.943,0.76398,0.76409,4.50,2.25
2016.10.21 07:13:18.995,0.76398,0.76409,4.87,2.25
2016.10.21 07:13:19.046,0.76399,0.76409,1.37,2.25
2016.10.21 07:13:19.148,0.76399,0.76409,1.37,1.00
2016.10.21 07:13:20.165,0.76399,0.76409,1.37,1.63
2016.10.21 07:13:20.216,0.76399,0.76409,1.37,1.50
2016.10.21 07:13:20.268,0.76399,0.76409,1.37,1.00
2016.10.21 07:13:20.828,0.76399,0.76409,1.37,1.18
2016.10.21 07:13:21.083,0.76398,0.76409,5.81,1.18
2016.10.21 07:13:21.236,0.76398,0.76409,5.62,1.63
2016.10.21 07:13:21.586,0.76398,0.76409,5.62,2.01
2016.10.21 07:13:21.739,0.76398,0.76406,2.62,1.00
2016.10.21 07:13:21.998,0.76398,0.76406,2.25,3.37
2016.10.21 07:13:22.050,0.76396,0.76406,1.50,1.87
2016.10.21 07:13:22.101,0.76396,0.76403,1.50,1.00
2016.10.21 07:13:22.152,0.76396,0.76403,1.12,1.00
2016.10.21 07:13:22.203,0.76395,0.764,3.00,1.00
2016.10.21 07:13:22.254,0.76394,0.76401,1.87,1.00
2016.10.21 07:13:22.306,0.76394,0.764,1.87,1.50
2016.10.21 07:13:22.357,0.76395,0.764,1.12,1.50
2016.10.21 07:13:22.943,0.76395,0.764,1.12,1.00
2016.10.21 07:13:22.994,0.76394,0.764,1.37,1.00
2016.10.21 07:13:23.046,0.76393,0.764,5.62,1.00
2016.10.21 07:13:23.097,0.76393,0.764,2.62,1.00
2016.10.21 07:13:23.172,0.76394,0.76403,1.00,3.00
2016.10.21 07:13:23.224,0.76394,0.76402,1.00,1.00
2016.10.21 07:13:23.681,0.76394,0.76403,1.00,1.87
2016.10.21 07:13:23.784,0.76394,0.76403,1.00,1.12
2016.10.21 07:13:23.886,0.76394,0.76404,1.00,5.62
2016.10.21 07:13:24.254,0.76394,0.76404,1.00,4.87
2016.10.21 07:13:24.305,0.76394,0.76404,1.00,5.25
2016.10.21 07:13:24.356,0.76393,0.76404,1.00,4.12
2016.10.21 07:13:24.407,0.76393,0.76403,1.00,1.00
2016.10.21 07:13:25.045,0.76393,0.76403,1.00,1.50
2016.10.21 07:13:25.110,0.76392,0.76402,1.12,1.87
2016.10.21 07:13:25.161,0.76392,0.76402,1.50,1.87
2016.10.21 07:13:25.263,0.76392,0.76402,1.50,1.50
2016.10.21 07:13:25.467,0.76392,0.76402,1.12,1.50
2016.10.21 07:13:25.723,0.76392,0.76402,1.12,1.00
2016.10.21 07:13:25.775,0.76394,0.76402,1.00,1.12
2016.10.21 07:13:26.051,0.76394,0.76402,1.00,1.87
2016.10.21 07:13:26.102,0.76392,0.76402,1.50,1.50
2016.10.21 07:13:26.204,0.76392,0.76402,1.12,1.87
2016.10.21 07:13:26.256,0.76392,0.76402,1.12,3.00
2016.10.21 07:13:26.307,0.76392,0.76402,1.12,3.37
2016.10.21 07:13:26.512,0.76391,0.76402,5.06,2.62
2016.10.21 07:13:26.563,0.76391,0.76402,4.31,3.00
2016.10.21 07:13:26.614,0.76391,0.76402,5.06,3.00
2016.10.21 07:13:26.665,0.76391,0.76402,4.31,3.75
2016.10.21 07:13:27.246,0.76391,0.76402,3.56,4.50
2016.10.21 07:13:27.358,0.76391,0.76401,1.37,1.69
2016.10.21 07:13:27.410,0.7639,0.76401,5.62,3.19
2016.10.21 07:13:27.461,0.76391,0.76401,1.37,3.19
2016.10.21 07:13:27.513,0.76391,0.76401,1.00,3.75
2016.10.21 07:13:27.564,0.76391,0.764,1.00,1.00
2016.10.21 07:13:27.718,0.76391,0.764,1.00,1.50
2016.10.21 07:13:27.769,0.76391,0.764,1.00,1.12
2016.10.21 07:13:27.871,0.76391,0.764,1.00,1.00
2016.10.21 07:13:28.679,0.76391,0.764,1.00,1.50
2016.10.21 07:13:28.834,0.76391,0.76399,1.00,1.00
2016.10.21 07:13:29.522,0.76391,0.764,1.00,2.01
2016.10.21 07:13:30.766,0.76389,0.764,3.00,2.38
2016.10.21 07:13:31.125,0.76389,0.76399,2.25,1.00
2016.10.21 07:13:31.176,0.76389,0.76399,2.25,1.00
2016.10.21 07:13:31.227,0.76389,0.76398,2.25,1.00
2016.10.21 07:13:31.278,0.76389,0.76398,1.00,1.00
2016.10.21 07:13:31.381,0.76389,0.76398,1.00,1.12
2016.10.21 07:13:31.718,0.76389,0.76397,1.00,1.00
2016.10.21 07:13:32.198,0.76388,0.76397,2.25,1.00
2016.10.21 07:13:32.249,0.76388,0.76397,1.50,1.00
2016.10.21 07:13:33.924,0.76388,0.76397,1.50,1.50
2016.10.21 07:13:34.027,0.76388,0.76397,2.25,1.50
2016.10.21 07:13:34.281,0.76388,0.76397,3.00,1.00
2016.10.21 07:13:34.333,0.76388,0.76398,3.00,1.12
2016.10.21 07:13:34.621,0.76388,0.76398,3.00,1.00
2016.10.21 07:13:34.702,0.76388,0.76398,3.00,1.12
2016.10.21 07:13:35.347,0.76388,0.76398,1.50,2.25
2016.10.21 07:13:35.398,0.76388,0.76398,1.00,3.75
2016.10.21 07:13:35.450,0.76388,0.76397,1.00,1.00
2016.10.21 07:13:35.552,0.76388,0.76398,1.00,3.75
2016.10.21 07:13:35.603,0.76388,0.76398,1.00,3.37
2016.10.21 07:13:35.756,0.76388,0.76398,1.00,1.50
2016.10.21 07:13:35.858,0.76388,0.76398,1.00,2.62
2016.10.21 07:13:36.320,0.76388,0.76398,1.00,1.87
2016.10.21 07:13:36.473,0.76388,0.76398,1.00,1.50
2016.10.21 07:13:36.525,0.76388,0.76398,1.00,1.00
2016.10.21 07:13:36.577,0.76388,0.76398,1.00,1.87
2016.10.21 07:13:36.681,0.76388,0.76398,1.00,1.00
2016.10.21 07:13:37.104,0.76388,0.76398,1.00,1.00
2016.10.21 07:13:37.157,0.76388,0.76398,1.00,1.50
2016.10.21 07:13:37.310,0.76388,0.76398,1.50,2.25
2016.10.21 07:13:37.362,0.76388,0.76398,1.50,1.50
2016.10.21 07:13:37.413,0.76388,0.76398,1.50,1.00
2016.10.21 07:13:37.464,0.76388,0.76399,1.50,6.00
2016.10.21 07:13:38.519,0.76388,0.76398,1.50,1.12
2016.10.21 07:13:38.571,0.76388,0.76399,3.00,3.00
2016.10.21 07:13:38.673,0.76388,0.76399,3.00,3.75
2016.10.21 07:13:40.005,0.76388,0.76399,3.00,3.00
2016.10.21 07:13:40.056,0.76388,0.76399,3.00,3.75
2016.10.21 07:13:40.209,0.76388,0.76399,3.00,4.50
2016.10.21 07:13:40.261,0.76388,0.76399,3.37,4.50
2016.10.21 07:13:40.363,0.76388,0.76398,1.12,1.12
2016.10.21 07:13:40.414,0.76388,0.76399,1.12,6.00
2016.10.21 07:13:40.465,0.76388,0.76399,1.12,5.25
2016.10.21 07:13:40.737,0.76388,0.76397,1.12,1.00
2016.10.21 07:13:45.774,0.76388,0.76398,1.12,2.25
2016.10.21 07:13:46.387,0.76388,0.76398,1.12,1.12
2016.10.21 07:13:46.832,0.76388,0.76398,1.12,2.25
2016.10.21 07:13:48.153,0.76388,0.76397,1.12,1.00
2016.10.21 07:13:48.214,0.76388,0.76398,1.12,2.25
2016.10.21 07:13:48.265,0.76388,0.76398,1.12,2.62
2016.10.21 07:13:48.367,0.76388,0.76398,1.87,3.37
2016.10.21 07:13:48.418,0.76388,0.76398,1.87,2.62
2016.10.21 07:13:48.469,0.76388,0.76398,1.50,4.12
2016.10.21 07:13:48.913,0.76388,0.76398,1.50,2.62
2016.10.21 07:13:48.965,0.76388,0.76396,1.50,1.00
2016.10.21 07:13:49.017,0.76388,0.76396,1.00,1.00
2016.10.21 07:13:49.699,0.76387,0.76391,1.00,2.25
2016.10.21 07:13:49.751,0.76382,0.76391,1.50,1.87
2016.10.21 07:13:49.802,0.76382,0.76391,1.00,2.25
2016.10.21 07:13:49.853,0.76383,0.76391,1.00,1.12
2016.10.21 07:13:49.904,0.76386,0.76391,1.00,1.00
2016.10.21 07:13:49.955,0.76386,0.76394,1.00,4.87
2016.10.21 07:13:50.007,0.76386,0.76395,1.00,5.62
2016.10.21 07:13:50.595,0.76387,0.76395,1.12,1.50
2016.10.21 07:13:50.660,0.76387,0.76396,1.12,1.12
2016.10.21 07:13:51.459,0.76387,0.76397,1.12,4.87
2016.10.21 07:13:51.561,0.76387,0.76397,1.12,5.62
2016.10.21 07:13:51.664,0.76387,0.76396,1.12,1.12
2016.10.21 07:13:53.453,0.76386,0.76396,3.75,1.00
2016.10.21 07:13:53.504,0.76387,0.76396,1.12,1.00
2016.10.21 07:13:53.809,0.76387,0.76396,4.12,1.00
2016.10.21 07:13:53.861,0.76387,0.76397,5.25,1.12
2016.10.21 07:13:54.017,0.76388,0.76397,1.00,1.00
2016.10.21 07:13:55.376,0.76388,0.76397,1.50,1.12
2016.10.21 07:13:55.427,0.76387,0.76397,1.50,3.37
2016.10.21 07:13:55.478,0.76386,0.76397,5.62,4.87
2016.10.21 07:13:55.530,0.76386,0.76396,3.75,1.50
2016.10.21 07:13:55.582,0.76386,0.76395,3.75,1.00
2016.10.21 07:13:55.633,0.76386,0.76395,1.87,1.00
2016.10.21 07:13:56.045,0.76386,0.76395,1.12,1.00
2016.10.21 07:13:56.147,0.76386,0.76395,1.12,1.50
2016.10.21 07:13:56.451,0.76386,0.76395,1.12,1.50
2016.10.21 07:13:56.502,0.76386,0.76395,1.12,1.00
2016.10.21 07:13:56.655,0.76386,0.76395,1.12,1.00
2016.10.21 07:13:57.173,0.76388,0.76397,1.00,2.01
2016.10.21 07:13:57.224,0.76388,0.76398,3.00,1.31
2016.10.21 07:13:57.275,0.76388,0.76398,3.37,1.31
2016.10.21 07:13:57.326,0.76388,0.76398,3.37,1.12
2016.10.21 07:13:57.378,0.76388,0.76398,3.75,1.00
2016.10.21 07:13:58.047,0.76388,0.76398,3.37,1.12
2016.10.21 07:13:58.098,0.76388,0.76397,3.37,1.00
2016.10.21 07:13:59.678,0.76388,0.76398,3.37,1.12
2016.10.21 07:13:59.884,0.76388,0.76398,3.37,1.00
2016.10.21 07:14:00.570,0.76389,0.76398,1.00,1.00
2016.10.21 07:14:02.220,0.76389,0.76398,1.00,1.12
2016.10.21 07:14:02.682,0.76389,0.76398,1.00,1.50
2016.10.21 07:14:02.785,0.76388,0.76398,3.00,3.00
2016.10.21 07:14:03.055,0.76388,0.76398,3.00,3.37
2016.10.21 07:14:03.110,0.76388,0.76398,1.87,2.62
2016.10.21 07:14:03.320,0.76388,0.76398,2.62,2.62
2016.10.21 07:14:03.691,0.76388,0.76398,1.87,2.62
2016.10.21 07:14:03.743,0.76388,0.76398,2.62,3.37
2016.10.21 07:14:04.082,0.76388,0.76397,3.37,1.00
2016.10.21 07:14:05.344,0.76388,0.76397,1.12,1.00
2016.10.21 07:14:06.847,0.76389,0.76397,1.00,1.00
2016.10.21 07:14:07.137,0.76389,0.76397,1.12,1.00
2016.10.21 07:14:07.240,0.76389,0.764,1.50,3.94
2016.10.21 07:14:07.291,0.76389,0.764,1.50,4.69
2016.10.21 07:14:07.596,0.76389,0.764,1.12,4.69
2016.10.21 07:14:07.647,0.76389,0.764,1.12,3.94
2016.10.21 07:14:08.004,0.76389,0.764,1.12,2.44
2016.10.21 07:14:08.106,0.76389,0.764,1.12,1.31
2016.10.21 07:14:08.361,0.76389,0.764,1.87,1.31
2016.10.21 07:14:08.463,0.76389,0.764,1.12,2.06
2016.10.21 07:14:08.516,0.76389,0.764,1.12,1.31
2016.10.21 07:14:09.246,0.76389,0.764,1.12,1.25
2016.10.21 07:14:09.400,0.76389,0.764,1.12,1.31
2016.10.21 07:14:09.502,0.76389,0.764,1.12,2.06
2016.10.21 07:14:09.605,0.76389,0.764,1.12,1.69
2016.10.21 07:14:09.810,0.76389,0.764,1.12,2.81
2016.10.21 07:14:10.207,0.76389,0.764,1.12,1.69
2016.10.21 07:14:10.310,0.76389,0.764,1.12,2.81
2016.10.21 07:14:10.361,0.76389,0.764,1.12,2.81
2016.10.21 07:14:10.412,0.76389,0.76398,1.12,1.00
2016.10.21 07:14:10.618,0.76389,0.764,1.12,1.31
2016.10.21 07:14:10.670,0.76389,0.764,1.12,1.31
2016.10.21 07:14:10.721,0.76389,0.764,1.12,2.44
2016.10.21 07:14:11.131,0.76389,0.764,1.12,1.31
2016.10.21 07:14:11.237,0.76389,0.764,1.50,1.31
2016.10.21 07:14:11.629,0.76389,0.764,1.50,2.06
2016.10.21 07:14:12.112,0.76389,0.764,1.12,2.06
2016.10.21 07:14:12.829,0.76389,0.764,1.12,1.31
2016.10.21 07:14:13.311,0.76389,0.76399,1.12,2.25
2016.10.21 07:14:13.363,0.76389,0.76399,1.12,2.25
2016.10.21 07:14:14.090,0.76389,0.76399,1.50,2.25
2016.10.21 07:14:15.723,0.76389,0.76399,1.50,2.62
2016.10.21 07:14:16.213,0.76389,0.76399,1.50,3.00
2016.10.21 07:14:16.366,0.76389,0.76399,1.50,4.50
2016.10.21 07:14:16.417,0.76389,0.76399,1.50,6.00
2016.10.21 07:14:16.468,0.76389,0.76399,1.50,5.25
2016.10.21 07:14:16.621,0.76389,0.76399,1.50,4.12
2016.10.21 07:14:17.076,0.76389,0.76399,1.50,4.87
2016.10.21 07:14:17.127,0.76389,0.76399,1.50,6.00
2016.10.21 07:14:18.590,0.76389,0.76398,1.50,1.12
2016.10.21 07:14:18.641,0.76389,0.76399,1.50,3.75
2016.10.21 07:14:21.605,0.76389,0.76399,1.50,4.50
2016.10.21 07:14:21.656,0.76389,0.76399,1.50,5.25
2016.10.21 07:14:23.426,0.76389,0.76399,1.50,4.50
2016.10.21 07:14:23.509,0.76389,0.76398,1.50,1.00
2016.10.21 07:14:24.579,0.76389,0.76398,1.50,1.00
2016.10.21 07:14:25.149,0.76389,0.76399,1.50,4.50
2016.10.21 07:14:25.200,0.76389,0.76399,1.50,3.75
2016.10.21 07:14:26.306,0.76389,0.76399,1.50,3.94
2016.10.21 07:14:28.134,0.76389,0.76399,1.50,4.69
2016.10.21 07:14:28.340,0.76389,0.76399,1.50,5.44
2016.10.21 07:14:28.393,0.76389,0.76399,1.50,4.69
2016.10.21 07:14:28.919,0.76389,0.76399,1.87,2.81
2016.10.21 07:14:29.074,0.76389,0.76399,1.50,2.81
2016.10.21 07:14:29.227,0.76389,0.76399,1.50,3.56
2016.10.21 07:14:30.148,0.76389,0.76399,1.50,3.70
2016.10.21 07:14:30.301,0.76389,0.76399,1.50,3.56
2016.10.21 07:14:30.901,0.76389,0.76399,1.50,2.44
2016.10.21 07:14:31.003,0.76389,0.76399,1.50,3.19
2016.10.21 07:14:31.970,0.76389,0.76399,1.50,3.56
2016.10.21 07:14:32.406,0.76389,0.76399,2.62,2.81
2016.10.21 07:14:32.460,0.76389,0.764,2.62,3.56
2016.10.21 07:14:32.663,0.76389,0.764,2.62,4.31
2016.10.21 07:14:32.714,0.76389,0.764,2.62,5.44
2016.10.21 07:14:33.081,0.76389,0.764,2.62,4.69
2016.10.21 07:14:33.380,0.76389,0.764,2.62,6.37
2016.10.21 07:14:33.431,0.76389,0.76398,2.62,1.00
2016.10.21 07:14:33.533,0.76389,0.76398,2.25,1.00
2016.10.21 07:14:37.612,0.76389,0.76398,1.50,1.50
2016.10.21 07:14:37.715,0.76389,0.76398,1.37,3.37
2016.10.21 07:14:38.463,0.76388,0.76398,1.37,3.37
2016.10.21 07:14:38.809,0.76388,0.76397,1.37,1.00
2016.10.21 07:14:43.734,0.76388,0.76397,2.25,1.00
2016.10.21 07:14:43.785,0.76388,0.76397,2.62,1.00
2016.10.21 07:14:43.837,0.76388,0.76397,3.00,1.00
2016.10.21 07:14:43.888,0.76388,0.76397,3.00,1.00
2016.10.21 07:14:43.939,0.76389,0.76397,1.00,1.00
2016.10.21 07:14:44.142,0.76389,0.76398,1.00,2.25
2016.10.21 07:14:44.465,0.76389,0.76398,1.00,1.00
2016.10.21 07:14:45.127,0.76388,0.76398,3.75,1.00
2016.10.21 07:14:46.480,0.76388,0.76398,3.00,1.00
2016.10.21 07:14:48.832,0.76388,0.76398,2.62,1.00
2016.10.21 07:14:48.883,0.76388,0.76398,3.37,1.00
2016.10.21 07:14:48.935,0.76388,0.76398,3.75,1.00
2016.10.21 07:14:49.037,0.76389,0.76398,1.12,1.00
2016.10.21 07:14:49.139,0.76389,0.76399,1.12,1.50
2016.10.21 07:14:49.419,0.76389,0.76399,1.12,1.00
2016.10.21 07:14:50.324,0.76389,0.76399,1.12,2.25
2016.10.21 07:14:50.527,0.76389,0.76398,1.12,1.00
2016.10.21 07:14:51.716,0.76389,0.76399,1.12,2.25
2016.10.21 07:14:52.227,0.76389,0.76399,1.12,1.50
2016.10.21 07:14:52.564,0.76389,0.76399,2.62,1.50
2016.10.21 07:14:52.615,0.76389,0.76399,2.62,2.25
2016.10.21 07:14:52.819,0.76389,0.76399,2.62,3.00
2016.10.21 07:14:54.936,0.76389,0.76399,2.62,2.25
2016.10.21 07:14:54.987,0.76389,0.76399,2.62,1.50
2016.10.21 07:14:55.953,0.76389,0.76399,1.87,1.50
2016.10.21 07:14:56.428,0.76389,0.76399,1.87,2.25
2016.10.21 07:14:57.231,0.76389,0.76399,2.62,2.25
2016.10.21 07:14:59.455,0.76389,0.76399,2.62,1.00
2016.10.21 07:15:00.545,0.76389,0.76399,1.87,1.00
2016.10.21 07:15:00.647,0.76388,0.76398,4.12,1.50
2016.10.21 07:15:00.699,0.76388,0.76398,2.62,1.00
2016.10.21 07:15:00.852,0.7639,0.76398,1.00,1.00
2016.10.21 07:15:00.953,0.76388,0.76398,1.87,1.00
2016.10.21 07:15:01.806,0.76388,0.76398,1.87,1.50
2016.10.21 07:15:02.062,0.76388,0.76398,1.87,3.37
2016.10.21 07:15:02.679,0.76388,0.76398,1.87,2.62
2016.10.21 07:15:02.730,0.76388,0.76398,1.87,3.37
2016.10.21 07:15:02.781,0.76388,0.76398,1.87,4.12
2016.10.21 07:15:03.088,0.76388,0.76398,1.00,4.12
2016.10.21 07:15:03.139,0.76388,0.76398,1.00,4.12
2016.10.21 07:15:03.191,0.76387,0.76397,4.12,1.12
2016.10.21 07:15:03.637,0.76387,0.76397,3.00,1.12
2016.10.21 07:15:03.689,0.76387,0.76395,3.00,1.00
2016.10.21 07:15:03.742,0.76387,0.76392,1.50,1.00
2016.10.21 07:15:03.846,0.76385,0.76392,2.62,1.00
2016.10.21 07:15:03.897,0.76383,0.76392,2.62,1.00
2016.10.21 07:15:03.949,0.76382,0.76392,4.12,1.00
2016.10.21 07:15:04.000,0.76382,0.76392,2.62,1.00
2016.10.21 07:15:04.332,0.76382,0.76391,2.25,1.12
2016.10.21 07:15:04.383,0.76382,0.76391,1.50,1.12
2016.10.21 07:15:04.662,0.76382,0.76391,1.50,1.12
2016.10.21 07:15:05.411,0.76382,0.76391,1.50,1.12
2016.10.21 07:15:05.726,0.76382,0.76391,1.50,1.12
2016.10.21 07:15:05.829,0.76381,0.76391,1.25,1.12
2016.10.21 07:15:05.880,0.76381,0.76391,1.31,1.12
2016.10.21 07:15:06.187,0.76381,0.76391,1.25,1.12
2016.10.21 07:15:06.510,0.76381,0.76391,1.25,1.50
2016.10.21 07:15:06.762,0.7638,0.76391,3.75,3.75
2016.10.21 07:15:07.070,0.7638,0.76391,3.00,3.75
2016.10.21 07:15:07.174,0.7638,0.76391,3.00,4.50
2016.10.21 07:15:07.228,0.7638,0.76391,3.75,3.75
2016.10.21 07:15:07.564,0.7638,0.76391,3.37,3.00
2016.10.21 07:15:07.666,0.7638,0.76391,3.37,3.00
2016.10.21 07:15:07.717,0.7638,0.76391,3.00,3.00
2016.10.21 07:15:07.819,0.7638,0.76391,3.75,3.00
2016.10.21 07:15:07.870,0.7638,0.7639,3.75,1.00
2016.10.21 07:15:07.973,0.7638,0.7639,3.00,1.00
2016.10.21 07:15:08.499,0.7638,0.7639,3.75,1.00
2016.10.21 07:15:09.265,0.7638,0.7639,3.75,1.50
2016.10.21 07:15:09.367,0.7638,0.7639,3.37,2.25
2016.10.21 07:15:10.296,0.7638,0.7639,1.87,2.25
2016.10.21 07:15:12.738,0.7638,0.7639,1.87,2.25
2016.10.21 07:15:12.840,0.7638,0.7639,1.87,2.25
2016.10.21 07:15:13.587,0.7638,0.7639,1.87,2.25
2016.10.21 07:15:15.401,0.7638,0.7639,2.25,2.25
2016.10.21 07:15:15.556,0.7638,0.7639,2.25,2.25
2016.10.21 07:15:15.863,0.7638,0.7639,2.25,2.25
2016.10.21 07:15:16.066,0.7638,0.7639,2.25,1.50
2016.10.21 07:15:17.065,0.7638,0.7639,3.00,1.50
2016.10.21 07:15:17.167,0.7638,0.7639,3.00,1.50
2016.10.21 07:15:17.218,0.7638,0.7639,3.00,1.00
2016.10.21 07:15:17.952,0.7638,0.7639,3.75,1.00
2016.10.21 07:15:18.003,0.7638,0.7639,3.37,1.00
2016.10.21 07:15:18.308,0.7638,0.7639,2.62,1.00
2016.10.21 07:15:18.359,0.7638,0.7639,2.62,1.00
2016.10.21 07:15:18.410,0.7638,0.7639,2.62,1.50
2016.10.21 07:15:19.074,0.7638,0.7639,3.37,1.50
2016.10.21 07:15:19.591,0.7638,0.7639,2.62,1.50
2016.10.21 07:15:19.910,0.7638,0.7639,3.37,1.50
2016.10.21 07:15:20.635,0.7638,0.7639,2.62,1.50
2016.10.21 07:15:20.945,0.7638,0.7639,2.62,1.50
2016.10.21 07:15:20.996,0.7638,0.7639,1.87,1.50
2016.10.21 07:15:21.354,0.7638,0.7639,1.87,2.25
2016.10.21 07:15:21.457,0.76379,0.7639,3.00,2.62
2016.10.21 07:15:21.508,0.7638,0.76389,1.12,1.12
2016.10.21 07:15:21.559,0.76379,0.76389,3.00,1.12
2016.10.21 07:15:21.868,0.76379,0.76389,2.25,1.12
2016.10.21 07:15:21.924,0.76379,0.76389,2.25,1.12
2016.10.21 07:15:21.975,0.76379,0.76389,3.00,1.12
2016.10.21 07:15:22.128,0.76379,0.7639,3.75,1.87
2016.10.21 07:15:22.179,0.7638,0.7639,1.12,1.87
2016.10.21 07:15:22.282,0.76379,0.7639,4.50,1.87
2016.10.21 07:15:23.159,0.76379,0.7639,4.87,1.87
2016.10.21 07:15:23.415,0.7638,0.7639,1.12,1.87
2016.10.21 07:15:24.094,0.7638,0.7639,1.12,1.87
2016.10.21 07:15:24.273,0.76379,0.7639,4.87,2.62
2016.10.21 07:15:24.479,0.7638,0.7639,1.12,3.37
2016.10.21 07:15:24.530,0.7638,0.7639,1.12,2.62
2016.10.21 07:15:24.632,0.7638,0.7639,1.12,3.37
2016.10.21 07:15:24.683,0.7638,0.7639,1.12,3.37
2016.10.21 07:15:24.962,0.7638,0.7639,1.00,3.75
2016.10.21 07:15:25.014,0.7638,0.76389,1.00,1.12
2016.10.21 07:15:25.065,0.76379,0.76389,2.25,1.12
2016.10.21 07:15:25.268,0.76379,0.7639,2.25,3.00
2016.10.21 07:15:25.370,0.76379,0.76388,2.25,1.00
2016.10.21 07:15:25.421,0.7638,0.76388,1.00,1.00
2016.10.21 07:15:25.472,0.7638,0.76389,1.50,1.12
2016.10.21 07:15:25.939,0.7638,0.7639,1.00,1.50
2016.10.21 07:15:26.378,0.7638,0.76389,1.00,1.87
2016.10.21 07:15:26.582,0.76379,0.76389,1.50,1.87
2016.10.21 07:15:26.734,0.76379,0.76389,2.25,1.87
2016.10.21 07:15:27.376,0.76379,0.7639,3.75,4.81
2016.10.21 07:15:27.732,0.7638,0.7639,1.00,4.06
2016.10.21 07:15:27.936,0.7638,0.7639,1.00,3.88
2016.10.21 07:15:28.922,0.7638,0.7639,1.00,3.00
2016.10.21 07:15:28.974,0.7638,0.7639,1.00,3.88
2016.10.21 07:15:29.025,0.7638,0.7639,1.00,3.00
2016.10.21 07:15:29.077,0.7638,0.7639,1.00,3.88
2016.10.21 07:15:29.128,0.7638,0.76389,1.00,1.00
2016.10.21 07:15:29.592,0.76379,0.76389,2.25,1.00
2016.10.21 07:15:29.643,0.76379,0.76389,2.25,1.12
2016.10.21 07:15:30.151,0.76379,0.76389,2.62,1.50
2016.10.21 07:15:30.202,0.76379,0.76389,2.62,1.00
2016.10.21 07:15:30.559,0.76379,0.76389,2.25,1.50
2016.10.21 07:15:31.027,0.76379,0.76389,2.25,1.00
2016.10.21 07:15:31.079,0.76379,0.76389,2.62,1.50
2016.10.21 07:15:31.130,0.76379,0.76389,2.62,1.00
2016.10.21 07:15:31.592,0.76379,0.76389,2.62,1.50
2016.10.21 07:15:31.694,0.76379,0.76389,2.62,1.00
2016.10.21 07:15:32.016,0.76379,0.76389,2.62,1.50
2016.10.21 07:15:32.422,0.76379,0.76389,2.62,1.00
2016.10.21 07:15:33.162,0.76379,0.76388,2.25,1.00
2016.10.21 07:15:33.213,0.76379,0.76388,1.37,1.00
2016.10.21 07:15:33.315,0.76378,0.76388,4.87,1.00
2016.10.21 07:15:33.468,0.76378,0.76388,4.12,1.00
2016.10.21 07:15:33.519,0.76378,0.76389,4.50,2.25
2016.10.21 07:15:33.840,0.76378,0.76389,5.25,2.62
2016.10.21 07:15:33.963,0.76378,0.76389,5.25,3.37
2016.10.21 07:15:34.116,0.76378,0.76389,3.75,2.62
2016.10.21 07:15:34.167,0.76378,0.76389,4.50,2.62
2016.10.21 07:15:34.218,0.76378,0.76389,4.50,3.37
2016.10.21 07:15:34.269,0.76378,0.76389,3.75,3.37
2016.10.21 07:15:34.320,0.76378,0.76389,3.75,2.62
2016.10.21 07:15:34.773,0.7638,0.76389,1.00,1.12
2016.10.21 07:15:34.977,0.76379,0.76389,4.50,1.12
2016.10.21 07:15:35.028,0.76379,0.76389,6.37,1.12
2016.10.21 07:15:35.928,0.76379,0.76389,7.12,1.12
2016.10.21 07:15:35.980,0.7638,0.76389,1.50,1.00
2016.10.21 07:15:37.258,0.7638,0.76389,3.22,1.00
2016.10.21 07:15:37.309,0.76381,0.76391,3.00,1.00
2016.10.21 07:15:37.412,0.76381,0.76391,3.00,1.00
2016.10.21 07:15:40.973,0.76381,0.76391,4.69,2.25
2016.10.21 07:15:41.025,0.76382,0.76391,1.12,1.00
2016.10.21 07:15:41.126,0.76382,0.76391,3.00,1.00
2016.10.21 07:15:41.178,0.76382,0.76393,7.12,2.25
2016.10.21 07:15:41.229,0.76384,0.76393,1.12,1.50
2016.10.21 07:15:41.551,0.76387,0.76393,1.00,1.12
2016.10.21 07:15:41.603,0.76387,0.76398,2.25,5.62
2016.10.21 07:15:41.654,0.76387,0.76398,2.62,4.87
2016.10.21 07:15:41.706,0.76387,0.76398,3.00,5.25
2016.10.21 07:15:41.757,0.76388,0.76398,1.00,4.50
2016.10.21 07:15:41.808,0.76388,0.76398,1.50,3.75
2016.10.21 07:15:41.859,0.76388,0.76398,2.25,3.75
2016.10.21 07:15:41.910,0.76388,0.76398,1.50,3.75
2016.10.21 07:15:42.704,0.76388,0.76398,1.50,2.25
2016.10.21 07:15:42.756,0.76388,0.76398,1.50,1.00
2016.10.21 07:15:42.807,0.76389,0.76398,1.00,1.00
2016.10.21 07:15:43.010,0.7639,0.76399,1.00,1.69
2016.10.21 07:15:43.062,0.7639,0.76399,1.00,1.25
2016.10.21 07:15:43.113,0.7639,0.76399,1.00,1.25
2016.10.21 07:15:43.164,0.7639,0.76397,1.00,1.00
2016.10.21 07:15:43.215,0.76388,0.76397,1.12,1.00
2016.10.21 07:15:43.483,0.76388,0.76397,1.12,1.50
2016.10.21 07:15:43.544,0.76387,0.76393,2.62,1.00
2016.10.21 07:15:43.595,0.76387,0.76393,2.62,3.37
2016.10.21 07:15:43.646,0.76386,0.76392,1.50,1.12
2016.10.21 07:15:43.698,0.76382,0.76391,5.25,1.00
2016.10.21 07:15:43.750,0.76382,0.76391,1.12,1.00
2016.10.21 07:15:43.801,0.76381,0.76391,1.00,1.00
2016.10.21 07:15:43.852,0.7638,0.76391,3.60,2.62
2016.10.21 07:15:44.506,0.7638,0.76391,3.00,1.87
2016.10.21 07:15:45.080,0.7638,0.7639,3.00,1.00
2016.10.21 07:15:45.698,0.7638,0.7639,2.62,1.00
2016.10.21 07:15:47.249,0.7638,0.7639,3.22,1.00
2016.10.21 07:15:47.351,0.7638,0.7639,2.62,1.50
2016.10.21 07:15:47.402,0.76381,0.7639,1.50,1.50
2016.10.21 07:15:47.958,0.76381,0.7639,1.50,1.00
2016.10.21 07:15:48.480,0.76381,0.76391,1.50,1.87
2016.10.21 07:15:50.489,0.76381,0.76391,1.50,1.12
2016.10.21 07:15:52.428,0.76381,0.76391,1.50,1.87
2016.10.21 07:15:54.312,0.76381,0.76391,1.12,1.50
2016.10.21 07:15:54.827,0.76381,0.76391,1.12,2.25
2016.10.21 07:15:55.932,0.76381,0.76391,1.12,1.50
2016.10.21 07:15:56.136,0.76381,0.76391,1.00,1.50
2016.10.21 07:15:56.576,0.76381,0.76391,1.00,2.25
2016.10.21 07:15:57.036,0.76381,0.76391,1.00,1.50
2016.10.21 07:15:57.682,0.76382,0.76391,1.05,1.50
2016.10.21 07:15:57.734,0.76381,0.76391,5.29,1.00
2016.10.21 07:15:57.785,0.76382,0.76391,1.05,1.50
2016.10.21 07:15:58.084,0.76381,0.76391,4.69,1.50
2016.10.21 07:15:58.338,0.76381,0.76391,4.16,1.00
2016.10.21 07:15:58.395,0.76381,0.76391,2.62,1.00
2016.10.21 07:15:58.469,0.7638,0.76391,3.00,2.25
2016.10.21 07:15:58.520,0.7638,0.76391,2.25,1.37
2016.10.21 07:15:58.673,0.7638,0.7639,1.87,1.00
2016.10.21 07:15:58.724,0.7638,0.7639,1.87,1.50
2016.10.21 07:15:59.742,0.7638,0.7639,1.87,1.12
2016.10.21 07:16:00.763,0.7638,0.7639,1.87,2.25
2016.10.21 07:16:01.443,0.7638,0.7639,1.87,3.00
2016.10.21 07:16:02.464,0.7638,0.7639,1.87,2.25
2016.10.21 07:16:03.426,0.7638,0.7639,1.87,3.00
2016.10.21 07:16:03.483,0.7638,0.7639,2.25,2.62
2016.10.21 07:16:03.586,0.7638,0.7639,2.25,1.87
2016.10.21 07:16:03.638,0.76381,0.7639,1.31,1.12
2016.10.21 07:16:03.690,0.76381,0.7639,4.16,1.12
2016.10.21 07:16:03.742,0.76381,0.76392,3.75,3.56
2016.10.21 07:16:04.047,0.76381,0.76392,5.25,3.19
2016.10.21 07:16:04.098,0.76382,0.76393,1.67,4.31
2016.10.21 07:16:04.149,0.76382,0.76393,1.67,3.94
2016.10.21 07:16:04.200,0.76382,0.76393,1.67,4.69
2016.10.21 07:16:04.456,0.76381,0.76393,8.66,4.69
2016.10.21 07:16:04.515,0.76381,0.76393,8.66,3.19
2016.10.21 07:16:05.000,0.76382,0.76393,1.50,4.31
2016.10.21 07:16:06.439,0.76382,0.76393,1.12,4.31
2016.10.21 07:16:06.503,0.76382,0.76393,1.50,4.31
2016.10.21 07:16:06.554,0.76382,0.76393,1.12,4.31
2016.10.21 07:16:06.605,0.76382,0.76393,1.12,5.44
2016.10.21 07:16:06.656,0.76382,0.76393,1.12,4.31
2016.10.21 07:16:06.707,0.76382,0.76393,1.12,3.94
2016.10.21 07:16:06.759,0.76382,0.76393,1.12,4.31
2016.10.21 07:16:07.347,0.76382,0.76393,1.12,5.06
2016.10.21 07:16:07.500,0.76382,0.76393,1.12,5.81
2016.10.21 07:16:07.857,0.76382,0.76393,1.50,5.81
2016.10.21 07:16:08.328,0.76382,0.76392,1.50,1.31
2016.10.21 07:16:08.633,0.76383,0.76392,1.12,1.31
2016.10.21 07:16:08.685,0.76383,0.76392,1.37,1.31
2016.10.21 07:16:08.736,0.76387,0.76393,1.00,3.37
2016.10.21 07:16:09.018,0.76388,0.76393,1.37,2.25
2016.10.21 07:16:09.069,0.76388,0.76396,3.37,1.00
2016.10.21 07:16:09.541,0.76388,0.76396,4.12,1.00
2016.10.21 07:16:09.643,0.76388,0.76396,3.75,1.00
2016.10.21 07:16:10.278,0.76388,0.76396,1.87,1.00
2016.10.21 07:16:11.368,0.76388,0.76396,2.62,1.00
2016.10.21 07:16:11.736,0.76388,0.76398,2.62,1.00
2016.10.21 07:16:11.787,0.76389,0.76399,1.00,2.81
2016.10.21 07:16:11.838,0.76389,0.76399,1.00,1.69
2016.10.21 07:16:12.322,0.76389,0.76399,1.00,1.25
2016.10.21 07:16:12.620,0.76389,0.764,1.00,7.50
2016.10.21 07:16:12.826,0.76389,0.764,1.00,6.56
2016.10.21 07:16:13.135,0.76389,0.764,1.00,7.87
2016.10.21 07:16:13.187,0.76388,0.764,3.37,7.87
2016.10.21 07:16:13.555,0.76388,0.764,2.62,6.56
2016.10.21 07:16:13.837,0.76388,0.764,2.62,5.81
2016.10.21 07:16:13.889,0.76388,0.764,2.62,6.94
2016.10.21 07:16:14.626,0.76388,0.76399,2.62,1.31
2016.10.21 07:16:14.961,0.76391,0.76399,1.00,1.25
2016.10.21 07:16:15.013,0.76391,0.764,1.00,2.06
2016.10.21 07:16:15.064,0.76391,0.764,1.00,1.31
2016.10.21 07:16:15.115,0.76391,0.764,1.00,1.31
2016.10.21 07:16:15.166,0.76391,0.76401,1.00,4.31
2016.10.21 07:16:15.217,0.76391,0.76401,1.00,3.56
2016.10.21 07:16:15.319,0.76391,0.76401,1.00,2.06
2016.10.21 07:16:15.370,0.76391,0.76401,1.00,1.69
2016.10.21 07:16:15.472,0.76391,0.76401,1.00,1.56
2016.10.21 07:16:16.055,0.76391,0.76401,1.50,1.56
2016.10.21 07:16:16.106,0.76391,0.76401,2.25,1.56
2016.10.21 07:16:17.053,0.76391,0.76401,4.50,1.56
2016.10.21 07:16:17.104,0.76391,0.76402,4.50,4.69
2016.10.21 07:16:17.155,0.76391,0.76402,3.75,4.50
2016.10.21 07:16:17.206,0.76391,0.76402,3.75,4.50
2016.10.21 07:16:17.257,0.76391,0.76402,3.75,4.12
2016.10.21 07:16:17.781,0.76391,0.76402,4.50,4.12
2016.10.21 07:16:17.832,0.76391,0.76402,4.50,3.75
2016.10.21 07:16:18.494,0.76391,0.76402,3.00,3.75
2016.10.21 07:16:18.586,0.76392,0.76402,1.00,3.75
2016.10.21 07:16:18.697,0.76392,0.76402,1.00,4.12
2016.10.21 07:16:18.850,0.76392,0.76401,1.00,1.87
2016.10.21 07:16:18.902,0.76392,0.76401,1.00,1.37
2016.10.21 07:16:18.953,0.76392,0.76402,1.00,4.87
2016.10.21 07:16:19.488,0.76392,0.76402,1.00,4.87
2016.10.21 07:16:20.633,0.76392,0.76402,1.00,5.62
2016.10.21 07:16:20.685,0.76392,0.76402,1.00,4.87
2016.10.21 07:16:21.783,0.76392,0.76402,1.00,4.12
2016.10.21 07:16:23.574,0.76392,0.76402,1.00,3.37
2016.10.21 07:16:23.924,0.76391,0.764,1.50,1.12
2016.10.21 07:16:23.975,0.7639,0.764,1.87,1.12
2016.10.21 07:16:24.130,0.7639,0.764,1.87,1.12
2016.10.21 07:16:24.181,0.7639,0.76401,1.12,1.50
2016.10.21 07:16:24.233,0.7639,0.76401,3.00,1.37
2016.10.21 07:16:24.285,0.76391,0.76402,1.00,4.87
2016.10.21 07:16:24.336,0.76391,0.76402,1.50,4.50
2016.10.21 07:16:24.665,0.76391,0.76402,2.25,3.37
2016.10.21 07:16:24.737,0.76391,0.76402,3.75,3.37
2016.10.21 07:16:25.736,0.76391,0.76402,5.25,3.37
2016.10.21 07:16:25.940,0.76391,0.76401,4.50,1.37
2016.10.21 07:16:25.991,0.76391,0.76401,4.50,1.87
2016.10.21 07:16:27.095,0.76391,0.76401,2.25,1.87
2016.10.21 07:16:27.147,0.76391,0.76401,2.25,1.37
2016.10.21 07:16:28.406,0.76391,0.76401,2.25,1.87
2016.10.21 07:16:28.713,0.76391,0.76401,2.25,1.87
2016.10.21 07:16:29.176,0.76391,0.76401,2.25,1.37
2016.10.21 07:16:29.228,0.76391,0.76401,2.25,1.37
2016.10.21 07:16:30.335,0.76391,0.76401,2.25,1.87
2016.10.21 07:16:30.640,0.76391,0.76401,2.62,1.87
2016.10.21 07:16:31.002,0.76391,0.76401,2.62,1.87
2016.10.21 07:16:31.053,0.76391,0.764,2.62,1.12
2016.10.21 07:16:31.104,0.76391,0.76401,2.62,1.87
2016.10.21 07:16:31.512,0.76391,0.76401,3.37,1.87
2016.10.21 07:16:31.563,0.76391,0.76401,3.00,1.37
2016.10.21 07:16:31.614,0.76391,0.76402,3.00,4.87
2016.10.21 07:16:31.665,0.76391,0.76402,4.50,4.87
2016.10.21 07:16:31.820,0.76391,0.76401,4.50,1.37
2016.10.21 07:16:31.922,0.76391,0.76402,4.50,4.87
2016.10.21 07:16:32.514,0.76391,0.76402,2.25,4.87
2016.10.21 07:16:32.565,0.76391,0.76402,2.62,4.87
2016.10.21 07:16:32.667,0.76391,0.76402,1.00,5.25
2016.10.21 07:16:32.770,0.76391,0.76401,1.00,1.37
2016.10.21 07:16:33.026,0.76391,0.76402,1.00,4.87
2016.10.21 07:16:33.078,0.76391,0.76401,2.25,1.37
2016.10.21 07:16:33.129,0.76391,0.76402,3.75,3.37
2016.10.21 07:16:33.180,0.76391,0.76402,4.87,3.00
2016.10.21 07:16:33.232,0.76392,0.76402,3.00,3.00
2016.10.21 07:16:33.537,0.76393,0.76402,1.50,2.25
2016.10.21 07:16:33.589,0.76395,0.76406,1.50,3.00
2016.10.21 07:16:33.641,0.76395,0.76406,1.50,3.00
2016.10.21 07:16:33.692,0.76395,0.76406,1.87,3.00
2016.10.21 07:16:33.744,0.76395,0.76406,2.62,3.75
2016.10.21 07:16:33.796,0.76395,0.76406,6.00,1.50
2016.10.21 07:16:33.849,0.76395,0.76406,6.94,1.63
2016.10.21 07:16:33.900,0.76395,0.76406,6.75,1.00
2016.10.21 07:16:33.951,0.76395,0.76406,6.00,1.00
2016.10.21 07:16:34.002,0.76395,0.76406,5.62,1.12
2016.10.21 07:16:34.314,0.76396,0.76406,1.00,1.12
2016.10.21 07:16:34.365,0.76398,0.76407,1.50,1.87
2016.10.21 07:16:34.417,0.76398,0.76407,1.00,1.50
2016.10.21 07:16:34.468,0.76398,0.76408,6.37,1.00
2016.10.21 07:16:34.519,0.76398,0.76409,5.25,2.06
2016.10.21 07:16:34.571,0.76398,0.76409,6.37,1.69
2016.10.21 07:16:34.623,0.76398,0.76409,5.62,1.69
2016.10.21 07:16:34.704,0.76398,0.76409,6.00,1.69
2016.10.21 07:16:35.312,0.764,0.76409,2.25,1.69
2016.10.21 07:16:35.370,0.764,0.76411,3.37,2.06
2016.10.21 07:16:35.422,0.764,0.76411,2.62,1.87
2016.10.21 07:16:35.473,0.764,0.76412,3.37,5.44
2016.10.21 07:16:35.525,0.764,0.76412,4.12,5.81
2016.10.21 07:16:35.578,0.764,0.76412,4.12,5.44
2016.10.21 07:16:35.630,0.764,0.76412,3.37,4.25
2016.10.21 07:16:35.682,0.764,0.76412,3.00,4.63
2016.10.21 07:16:35.733,0.764,0.76412,3.00,4.63
2016.10.21 07:16:36.063,0.764,0.76411,1.87,1.87
2016.10.21 07:16:36.114,0.764,0.7641,1.50,1.00
2016.10.21 07:16:36.165,0.764,0.7641,1.00,1.00
2016.10.21 07:16:36.217,0.76399,0.7641,5.62,1.00
2016.10.21 07:16:36.268,0.764,0.7641,1.00,1.00
2016.10.21 07:16:36.319,0.764,0.7641,1.00,1.00
2016.10.21 07:16:36.370,0.76399,0.7641,5.62,1.00
2016.10.21 07:16:36.524,0.76399,0.76409,4.87,1.17
2016.10.21 07:16:36.575,0.76399,0.76409,3.37,1.17
2016.10.21 07:16:36.839,0.76399,0.76406,1.12,1.19
2016.10.21 07:16:36.891,0.76394,0.76401,6.00,1.50
2016.10.21 07:16:36.942,0.76394,0.76401,2.62,1.50
2016.10.21 07:16:36.993,0.76393,0.76399,1.12,1.00
2016.10.21 07:16:37.045,0.76392,0.76398,3.00,1.00
2016.10.21 07:16:37.198,0.76392,0.76398,2.62,1.00
2016.10.21 07:16:37.250,0.76391,0.76398,4.87,1.50
2016.10.21 07:16:37.302,0.76391,0.76398,4.12,1.50
2016.10.21 07:16:37.353,0.76391,0.76398,1.37,1.50
2016.10.21 07:16:37.405,0.7639,0.76398,4.12,1.50
2016.10.21 07:16:37.692,0.7639,0.76398,3.75,1.50
2016.10.21 07:16:37.744,0.7639,0.76398,3.00,1.00
2016.10.21 07:16:37.898,0.7639,0.76398,1.50,1.00
2016.10.21 07:16:38.000,0.7639,0.76398,1.50,1.50
2016.10.21 07:16:42.324,0.7639,0.76398,1.00,1.50
2016.10.21 07:16:42.429,0.76389,0.76398,1.87,1.50
2016.10.21 07:16:42.482,0.76389,0.76396,2.62,1.00
2016.10.21 07:16:42.534,0.76389,0.76395,1.87,1.00
2016.10.21 07:16:42.585,0.76388,0.76395,2.25,1.50
2016.10.21 07:16:42.992,0.76387,0.76391,2.44,1.00
2016.10.21 07:16:43.044,0.76382,0.76391,2.25,2.25
2016.10.21 07:16:43.095,0.76382,0.7639,1.50,1.00
2016.10.21 07:16:43.147,0.76382,0.76391,1.50,2.25
2016.10.21 07:16:43.199,0.76382,0.7639,1.00,1.00
2016.10.21 07:16:43.250,0.76381,0.7639,3.75,1.00
2016.10.21 07:16:43.352,0.76381,0.7639,4.87,1.00
2016.10.21 07:16:44.024,0.76381,0.76391,4.87,2.25
2016.10.21 07:16:44.862,0.76381,0.76389,4.87,1.00
2016.10.21 07:16:44.913,0.76381,0.76389,4.12,1.50
2016.10.21 07:16:44.965,0.76381,0.76389,4.12,1.50
2016.10.21 07:16:45.169,0.76381,0.76389,3.00,1.50
2016.10.21 07:16:46.289,0.76381,0.76389,2.25,1.00
2016.10.21 07:16:46.340,0.76381,0.7639,2.25,1.50
2016.10.21 07:16:46.678,0.76381,0.7639,2.62,1.50
2016.10.21 07:16:47.699,0.76381,0.76389,2.62,1.00
2016.10.21 07:16:47.750,0.76381,0.76389,2.25,1.00
2016.10.21 07:16:47.802,0.76381,0.76389,1.50,1.00
2016.10.21 07:16:49.206,0.7638,0.7639,3.75,1.50
2016.10.21 07:16:49.257,0.7638,0.7639,3.75,1.50
2016.10.21 07:16:49.308,0.7638,0.7639,3.00,1.50
2016.10.21 07:16:50.270,0.7638,0.76388,2.25,1.00
2016.10.21 07:16:51.541,0.7638,0.76389,2.25,1.50
2016.10.21 07:16:51.592,0.7638,0.76388,2.25,1.00
2016.10.21 07:16:51.643,0.7638,0.76388,2.25,1.50
2016.10.21 07:16:52.300,0.7638,0.76388,1.50,1.50
2016.10.21 07:16:52.556,0.7638,0.76388,1.50,1.00
2016.10.21 07:16:53.986,0.7638,0.76388,1.50,1.50
2016.10.21 07:16:54.037,0.7638,0.76388,1.50,1.00
2016.10.21 07:16:54.314,0.7638,0.7639,1.50,1.50
2016.10.21 07:16:54.416,0.7638,0.7639,1.50,3.00
2016.10.21 07:16:54.991,0.7638,0.7639,1.50,2.25
2016.10.21 07:16:55.598,0.7638,0.7639,1.50,1.50
2016.10.21 07:16:55.659,0.76381,0.76391,1.00,1.50
2016.10.21 07:16:55.863,0.76381,0.76391,1.00,1.00
2016.10.21 07:16:56.334,0.76381,0.76391,1.00,1.50
2016.10.21 07:16:57.190,0.76381,0.76391,1.00,1.00
2016.10.21 07:16:57.451,0.76381,0.76391,1.00,1.50
2016.10.21 07:16:58.526,0.76381,0.76391,1.00,3.00
2016.10.21 07:16:58.845,0.76381,0.7639,1.00,1.00
2016.10.21 07:16:59.615,0.76381,0.76391,1.00,3.50
2016.10.21 07:16:59.717,0.7638,0.76391,1.50,3.50
2016.10.21 07:17:00.381,0.7638,0.76391,1.50,2.00
2016.10.21 07:17:00.433,0.7638,0.7639,1.50,1.50
2016.10.21 07:17:00.586,0.7638,0.76389,1.50,1.00
2016.10.21 07:17:00.637,0.7638,0.7639,1.50,3.00
2016.10.21 07:17:00.792,0.7638,0.7639,1.87,3.00
2016.10.21 07:17:00.843,0.7638,0.7639,3.37,1.50
2016.10.21 07:17:01.549,0.7638,0.76389,3.37,1.00
2016.10.21 07:17:01.753,0.7638,0.7639,3.37,1.50
2016.10.21 07:17:02.081,0.7638,0.76391,3.37,3.13
2016.10.21 07:17:02.133,0.7638,0.76391,3.37,3.00
2016.10.21 07:17:02.337,0.7638,0.76391,4.12,3.00
2016.10.21 07:17:02.491,0.7638,0.76391,4.12,3.00
2016.10.21 07:17:02.839,0.7638,0.76391,2.25,1.63
2016.10.21 07:17:02.891,0.7638,0.76391,1.87,1.50
2016.10.21 07:17:02.942,0.7638,0.7639,1.87,1.17
2016.10.21 07:17:03.096,0.7638,0.76389,2.62,1.50
2016.10.21 07:17:03.787,0.7638,0.76389,2.62,1.00
2016.10.21 07:17:04.593,0.7638,0.76389,2.62,1.50
2016.10.21 07:17:05.176,0.7638,0.76389,3.00,1.50
2016.10.21 07:17:05.694,0.7638,0.76389,2.62,1.50
2016.10.21 07:17:05.745,0.7638,0.76389,2.62,1.00
2016.10.21 07:17:05.796,0.7638,0.76389,3.00,1.00
2016.10.21 07:17:06.355,0.7638,0.76389,4.50,1.00
2016.10.21 07:17:06.406,0.76382,0.76392,1.00,2.44
2016.10.21 07:17:06.457,0.76382,0.76393,1.50,5.81
2016.10.21 07:17:06.509,0.76386,0.76393,1.00,3.00
2016.10.21 07:17:06.561,0.76387,0.76393,1.00,1.00
2016.10.21 07:17:06.612,0.76384,0.76393,1.87,1.00
2016.10.21 07:17:06.663,0.76385,0.76394,1.12,1.50
2016.10.21 07:17:06.765,0.76385,0.76394,1.12,1.50
2016.10.21 07:17:07.119,0.76391,0.76396,1.00,1.25
2016.10.21 07:17:07.170,0.76388,0.76399,3.37,4.50
2016.10.21 07:17:07.221,0.76388,0.76399,2.62,6.00
2016.10.21 07:17:07.272,0.76388,0.76399,2.25,5.62
2016.10.21 07:17:07.323,0.76388,0.76399,2.25,4.12
2016.10.21 07:17:07.527,0.76388,0.76399,2.25,4.87
2016.10.21 07:17:07.578,0.76388,0.76398,1.00,1.37
2016.10.21 07:17:09.234,0.76388,0.76398,1.00,1.37
2016.10.21 07:17:09.411,0.76388,0.76398,1.00,1.37
2016.10.21 07:17:09.878,0.76388,0.76398,1.00,1.37
2016.10.21 07:17:10.990,0.76387,0.76397,1.87,1.12
2016.10.21 07:17:11.042,0.76387,0.76394,1.12,1.19
2016.10.21 07:17:11.093,0.76386,0.76394,2.25,1.12
2016.10.21 07:17:11.144,0.76385,0.76394,1.87,1.50
2016.10.21 07:17:11.461,0.76383,0.76394,1.50,2.25
2016.10.21 07:17:11.532,0.76382,0.76393,3.75,1.00
2016.10.21 07:17:11.676,0.76382,0.76393,3.75,1.50
2016.10.21 07:17:11.880,0.76382,0.76393,2.62,3.00
2016.10.21 07:17:11.982,0.76382,0.76393,2.62,2.62
2016.10.21 07:17:12.472,0.76382,0.76393,1.87,2.62
2016.10.21 07:17:12.574,0.76382,0.76393,1.50,2.62
2016.10.21 07:17:12.625,0.76382,0.76393,1.50,3.37
2016.10.21 07:17:12.833,0.76381,0.76385,2.25,1.50
2016.10.21 07:17:12.884,0.7638,0.76384,3.00,1.00
2016.10.21 07:17:12.936,0.76378,0.76383,2.62,1.00
2016.10.21 07:17:12.988,0.76377,0.76381,1.87,1.00
2016.10.21 07:17:13.040,0.76376,0.7638,1.87,1.00
2016.10.21 07:17:13.337,0.76377,0.76381,1.87,1.00
2016.10.21 07:17:13.391,0.76372,0.7638,2.44,1.00
2016.10.21 07:17:13.649,0.76372,0.76382,1.69,1.37
2016.10.21 07:17:13.702,0.76372,0.76382,2.44,1.37
2016.10.21 07:17:14.446,0.76374,0.76382,3.40,1.37
2016.10.21 07:17:14.497,0.76378,0.76388,1.50,1.00
2016.10.21 07:17:14.599,0.76378,0.76388,1.50,1.50
2016.10.21 07:17:14.650,0.76378,0.76388,1.00,1.50
2016.10.21 07:17:14.752,0.76377,0.76388,3.75,1.50
2016.10.21 07:17:14.803,0.76377,0.76388,4.87,1.50
2016.10.21 07:17:15.152,0.76378,0.76388,1.37,1.50
2016.10.21 07:17:15.203,0.76377,0.76388,3.37,1.50
2016.10.21 07:17:15.356,0.76377,0.76388,3.37,1.00
2016.10.21 07:17:15.572,0.76377,0.76389,2.62,4.87
2016.10.21 07:17:15.623,0.76377,0.76389,2.62,5.62
2016.10.21 07:17:15.675,0.76377,0.76389,3.37,5.62
2016.10.21 07:17:15.726,0.76377,0.76389,3.37,5.25
2016.10.21 07:17:16.047,0.76377,0.76389,3.56,5.62
2016.10.21 07:17:16.098,0.76378,0.76388,1.31,1.00
2016.10.21 07:17:16.471,0.76378,0.76389,1.31,5.62
2016.10.21 07:17:16.522,0.76378,0.76389,1.31,5.62
2016.10.21 07:17:16.929,0.76373,0.76378,7.50,1.25
2016.10.21 07:17:16.980,0.76374,0.76379,2.06,5.25
2016.10.21 07:17:17.562,0.76373,0.76378,4.69,2.62
2016.10.21 07:17:17.614,0.76368,0.76378,1.50,1.25
2016.10.21 07:17:17.716,0.76368,0.76378,1.50,1.69
2016.10.21 07:17:18.309,0.76368,0.76374,1.12,1.25
2016.10.21 07:17:18.361,0.76362,0.76372,2.06,1.50
2016.10.21 07:17:18.413,0.76362,0.76372,1.87,1.00
2016.10.21 07:17:18.720,0.76362,0.76373,2.25,1.00
2016.10.21 07:17:19.233,0.76362,0.76372,1.87,1.00
2016.10.21 07:17:19.600,0.76366,0.76372,2.29,1.00
2016.10.21 07:17:19.651,0.76366,0.76375,1.12,1.00
2016.10.21 07:17:19.703,0.76367,0.76376,1.37,3.00
2016.10.21 07:17:19.754,0.76368,0.76376,1.00,2.62
2016.10.21 07:17:20.068,0.76368,0.76376,1.12,2.62
2016.10.21 07:17:20.119,0.76368,0.76377,1.50,1.00
2016.10.21 07:17:20.171,0.76369,0.76378,1.00,1.50
2016.10.21 07:17:20.222,0.76369,0.76377,1.00,1.00
2016.10.21 07:17:20.273,0.76369,0.76378,1.12,1.00
2016.10.21 07:17:20.326,0.76369,0.76378,1.12,1.00
2016.10.21 07:17:20.377,0.76369,0.76379,1.12,1.31
2016.10.21 07:17:21.076,0.76369,0.76379,1.00,2.44
2016.10.21 07:17:21.127,0.76369,0.76379,1.00,1.69
2016.10.21 07:17:21.179,0.76368,0.76377,1.12,1.00
2016.10.21 07:17:21.230,0.76368,0.76377,1.12,1.50
2016.10.21 07:17:21.639,0.76368,0.76377,1.12,2.25
2016.10.21 07:17:22.034,0.76368,0.76377,1.87,2.25
2016.10.21 07:17:22.085,0.76368,0.76376,1.87,1.00
2016.10.21 07:17:22.741,0.76368,0.76377,1.87,1.50
2016.10.21 07:17:22.995,0.76368,0.76377,1.87,2.25
2016.10.21 07:17:23.046,0.76368,0.76377,1.87,2.37
2016.10.21 07:17:23.661,0.76368,0.76377,1.87,1.50
2016.10.21 07:17:23.966,0.76368,0.76377,2.62,1.50
2016.10.21 07:17:24.017,0.76368,0.76377,2.62,1.00
2016.10.21 07:17:24.540,0.76368,0.76378,2.62,1.00
2016.10.21 07:17:24.798,0.76368,0.76378,2.62,1.00
2016.10.21 07:17:24.907,0.76368,0.76375,1.87,1.00
2016.10.21 07:17:24.958,0.76366,0.76374,2.62,1.87
2016.10.21 07:17:25.009,0.76367,0.76374,1.50,1.87
2016.10.21 07:17:25.320,0.76363,0.76373,2.62,1.50
2016.10.21 07:17:25.371,0.76364,0.76373,1.00,1.87
2016.10.21 07:17:25.525,0.76363,0.76373,2.25,2.62
2016.10.21 07:17:25.577,0.76363,0.76371,1.50,1.00
2016.10.21 07:17:25.629,0.76362,0.76371,3.75,1.50
2016.10.21 07:17:25.680,0.76362,0.7637,3.37,1.00
2016.10.21 07:17:25.731,0.76362,0.7637,1.00,1.50
2016.10.21 07:17:25.783,0.76361,0.7637,1.50,1.87
2016.10.21 07:17:26.387,0.7636,0.76369,1.87,1.12
2016.10.21 07:17:26.438,0.76359,0.76368,1.12,1.00
2016.10.21 07:17:26.540,0.76358,0.76368,4.50,1.00
2016.10.21 07:17:26.592,0.76358,0.76369,6.00,1.87
2016.10.21 07:17:26.643,0.76358,0.76369,4.50,2.62
2016.10.21 07:17:26.695,0.76359,0.76368,1.12,1.00
2016.10.21 07:17:26.747,0.76359,0.76368,1.12,1.00
2016.10.21 07:17:26.849,0.76359,0.76368,1.87,1.00
2016.10.21 07:17:27.218,0.76359,0.76369,3.37,1.87
2016.10.21 07:17:27.270,0.76359,0.7637,2.62,1.12
2016.10.21 07:17:27.322,0.76359,0.7637,1.87,1.12
2016.10.21 07:17:27.424,0.76359,0.7637,1.50,1.12
2016.10.21 07:17:27.526,0.7636,0.7637,1.12,1.87
2016.10.21 07:17:27.577,0.7636,0.7637,1.50,1.87
2016.10.21 07:17:27.680,0.7636,0.7637,1.12,1.87
2016.10.21 07:17:27.833,0.7636,0.7637,1.12,2.62
2016.10.21 07:17:28.158,0.7636,0.7637,1.12,3.00
2016.10.21 07:17:29.206,0.7636,0.76369,1.12,1.00
2016.10.21 07:17:29.642,0.7636,0.7637,1.12,3.00
2016.10.21 07:17:31.083,0.76359,0.7637,3.75,2.25
2016.10.21 07:17:31.136,0.76359,0.76369,3.75,1.00
2016.10.21 07:17:31.759,0.76359,0.7637,3.37,1.87
2016.10.21 07:17:32.163,0.76359,0.76369,3.37,1.00
2016.10.21 07:17:32.215,0.76359,0.7637,3.37,1.87
2016.10.21 07:17:32.368,0.76359,0.76369,3.37,1.00
2016.10.21 07:17:32.419,0.76359,0.7637,2.25,1.87
2016.10.21 07:17:32.521,0.76359,0.76369,2.25,1.00
2016.10.21 07:17:32.572,0.76359,0.76369,2.62,1.00
2016.10.21 07:17:32.930,0.76359,0.76369,1.87,1.00
2016.10.21 07:17:33.012,0.76359,0.7637,1.50,1.87
2016.10.21 07:17:33.522,0.76359,0.76369,1.50,1.00
2016.10.21 07:17:33.573,0.76359,0.76369,1.50,1.12
2016.10.21 07:17:34.219,0.76358,0.76368,1.00,1.50
2016.10.21 07:17:34.541,0.76358,0.76368,1.00,2.25
2016.10.21 07:17:34.592,0.76358,0.76368,1.00,1.12
2016.10.21 07:17:35.109,0.76358,0.76368,1.00,1.12
2016.10.21 07:17:35.160,0.76358,0.76369,1.00,1.37
2016.10.21 07:17:35.429,0.76358,0.76369,2.25,2.62
2016.10.21 07:17:37.225,0.76358,0.76369,2.25,1.87
2016.10.21 07:17:37.327,0.76358,0.7637,2.25,4.12
2016.10.21 07:17:37.966,0.76358,0.76369,2.25,1.37
2016.10.21 07:17:38.759,0.76358,0.7637,2.25,3.37
2016.10.21 07:17:39.184,0.76358,0.76369,2.65,1.37
2016.10.21 07:17:39.250,0.76359,0.7637,1.12,1.37
2016.10.21 07:17:39.352,0.76359,0.7637,1.15,1.37
2016.10.21 07:17:39.453,0.76359,0.7637,1.12,1.87
2016.10.21 07:17:39.512,0.76359,0.7637,1.00,1.87
2016.10.21 07:17:39.615,0.76359,0.7637,1.15,1.37
2016.10.21 07:17:39.949,0.76359,0.76371,1.90,8.25
2016.10.21 07:17:40.058,0.76359,0.76371,1.15,8.25
2016.10.21 07:17:40.109,0.76359,0.7637,1.15,1.37
2016.10.21 07:17:40.160,0.76359,0.7637,2.28,1.37
2016.10.21 07:17:40.211,0.76359,0.76368,2.47,1.12
2016.10.21 07:17:40.262,0.76359,0.76368,1.65,1.12
2016.10.21 07:17:40.414,0.76359,0.76369,1.15,1.87
2016.10.21 07:17:40.740,0.76358,0.76368,3.56,1.12
2016.10.21 07:17:40.797,0.76358,0.76369,3.37,1.87
2016.10.21 07:17:40.898,0.76358,0.76369,4.12,1.87
2016.10.21 07:17:41.153,0.76358,0.76368,4.90,1.12
2016.10.21 07:17:41.255,0.76358,0.76368,5.65,1.12
2016.10.21 07:17:41.306,0.76358,0.76368,7.15,1.12
2016.10.21 07:17:41.357,0.76358,0.76369,7.12,1.87
2016.10.21 07:17:42.068,0.76358,0.76369,7.12,1.37
2016.10.21 07:17:42.681,0.76358,0.76369,7.90,1.87
2016.10.21 07:17:43.017,0.76359,0.76369,2.25,1.00
2016.10.21 07:17:43.068,0.76359,0.76369,2.62,1.00
2016.10.21 07:17:43.325,0.76359,0.76368,3.37,1.00
2016.10.21 07:17:43.376,0.76359,0.76368,3.37,1.50
2016.10.21 07:17:43.478,0.76359,0.76368,4.12,1.00
2016.10.21 07:17:43.581,0.76359,0.7637,4.12,1.50
2016.10.21 07:17:43.945,0.76364,0.76372,2.62,1.37
2016.10.21 07:17:43.999,0.76365,0.76373,1.57,2.62
2016.10.21 07:17:44.050,0.76366,0.76376,1.12,1.12
2016.10.21 07:17:44.102,0.76366,0.76376,1.50,1.12
2016.10.21 07:17:44.154,0.76366,0.76374,1.50,1.00
2016.10.21 07:17:44.207,0.76365,0.76374,4.12,1.00
2016.10.21 07:17:44.262,0.76364,0.76374,1.50,1.12
2016.10.21 07:17:44.696,0.76364,0.76375,1.72,1.50
2016.10.21 07:17:44.748,0.76366,0.76375,1.00,1.50
2016.10.21 07:17:44.800,0.76366,0.76376,1.00,3.19
2016.10.21 07:17:44.852,0.76366,0.76376,1.12,1.62
2016.10.21 07:17:45.729,0.76366,0.76376,1.00,1.62
2016.10.21 07:17:46.523,0.76365,0.76375,1.87,1.12
2016.10.21 07:17:46.575,0.76365,0.76377,2.62,6.19
2016.10.21 07:17:46.728,0.76365,0.76376,2.25,1.62
2016.10.21 07:17:46.779,0.76365,0.76376,2.25,2.96
2016.10.21 07:17:47.035,0.76365,0.76376,1.50,2.81
2016.10.21 07:17:47.090,0.76365,0.76375,1.87,1.00
2016.10.21 07:17:47.141,0.76365,0.76375,1.87,1.00
2016.10.21 07:17:47.516,0.76365,0.76375,1.50,1.00
2016.10.21 07:17:47.572,0.76365,0.76375,1.50,1.00
2016.10.21 07:17:47.777,0.76365,0.76375,1.50,1.00
2016.10.21 07:17:48.590,0.76365,0.76375,1.50,1.00
2016.10.21 07:17:48.692,0.76365,0.76375,1.50,1.00
2016.10.21 07:17:48.845,0.76365,0.76375,1.50,1.00
2016.10.21 07:17:48.947,0.76365,0.76376,1.87,2.81
2016.10.21 07:17:49.567,0.76365,0.76376,1.87,4.31
2016.10.21 07:17:49.722,0.76365,0.76376,1.87,5.06
2016.10.21 07:17:49.875,0.76365,0.76376,1.87,3.56
2016.10.21 07:17:50.890,0.76365,0.76375,1.87,1.12
2016.10.21 07:17:50.941,0.76365,0.76375,1.50,2.25
2016.10.21 07:17:50.993,0.76365,0.76375,1.50,1.50
2016.10.21 07:17:51.044,0.76365,0.76375,1.12,1.50
2016.10.21 07:17:51.096,0.76365,0.76375,1.12,1.50
2016.10.21 07:17:51.148,0.76365,0.76375,1.12,1.50
2016.10.21 07:17:51.993,0.76365,0.76374,1.12,1.12
2016.10.21 07:17:52.521,0.76365,0.76374,1.50,1.12
2016.10.21 07:17:53.236,0.76365,0.76374,1.12,1.12
2016.10.21 07:17:53.560,0.76367,0.76376,1.50,1.00
2016.10.21 07:17:53.611,0.76367,0.76376,1.87,1.00
2016.10.21 07:17:53.766,0.76367,0.76377,1.50,1.12
2016.10.21 07:17:53.868,0.76367,0.76376,1.87,1.00
2016.10.21 07:17:53.920,0.76367,0.76377,1.50,1.12
2016.10.21 07:17:53.972,0.76367,0.76377,1.50,1.00
2016.10.21 07:17:54.075,0.76368,0.76377,1.00,1.00
2016.10.21 07:17:54.178,0.76368,0.76377,1.00,1.50
2016.10.21 07:17:54.453,0.76368,0.76376,1.00,1.50
2016.10.21 07:17:54.504,0.76365,0.76376,1.00,1.87
2016.10.21 07:17:54.606,0.76364,0.76376,2.62,3.37
2016.10.21 07:17:54.708,0.76364,0.76376,2.62,2.62
2016.10.21 07:17:54.811,0.76364,0.76376,3.37,4.87
2016.10.21 07:17:54.862,0.76364,0.76376,2.62,2.62
2016.10.21 07:17:55.341,0.76364,0.76376,1.87,2.62
2016.10.21 07:17:55.393,0.76364,0.76376,2.62,4.12
2016.10.21 07:17:56.042,0.76364,0.76375,1.87,1.00
2016.10.21 07:17:56.093,0.76364,0.76374,1.12,4.12
2016.10.21 07:17:56.145,0.76363,0.76372,1.50,1.00
2016.10.21 07:17:56.449,0.76362,0.76373,3.00,1.50
2016.10.21 07:17:56.500,0.76363,0.76373,1.00,1.00
2016.10.21 07:17:56.551,0.76363,0.76373,1.00,1.12
2016.10.21 07:17:56.808,0.76362,0.76373,3.00,1.12
2016.10.21 07:17:56.860,0.76363,0.76374,1.00,4.87
2016.10.21 07:17:56.912,0.76363,0.76374,1.00,4.50
2016.10.21 07:17:57.340,0.76362,0.76374,3.00,4.50
2016.10.21 07:17:57.546,0.76362,0.76374,3.00,6.00
2016.10.21 07:17:57.699,0.76362,0.76374,2.25,6.00
2016.10.21 07:17:58.055,0.76362,0.76374,2.62,5.62
2016.10.21 07:17:58.512,0.76362,0.76374,1.37,5.62
2016.10.21 07:17:58.665,0.76362,0.76374,1.37,5.62
2016.10.21 07:17:58.716,0.76362,0.76374,1.37,3.75
2016.10.21 07:17:58.767,0.76362,0.76374,1.37,3.75
2016.10.21 07:17:58.869,0.76362,0.76374,1.37,4.12
2016.10.21 07:17:59.553,0.76362,0.76374,1.37,4.12
2016.10.21 07:17:59.607,0.76362,0.76374,1.37,4.12
2016.10.21 07:17:59.659,0.76362,0.76374,1.90,6.00
2016.10.21 07:17:59.711,0.76362,0.76374,1.37,4.12
2016.10.21 07:17:59.762,0.76362,0.76374,3.40,4.50
2016.10.21 07:17:59.915,0.76362,0.76374,2.62,2.62
2016.10.21 07:18:00.068,0.76362,0.76374,2.62,2.62
2016.10.21 07:18:00.169,0.76362,0.76374,3.00,4.12
2016.10.21 07:18:00.469,0.76362,0.76374,1.50,5.62
2016.10.21 07:18:00.673,0.76361,0.76374,6.75,4.50
2016.10.21 07:18:00.826,0.76361,0.76373,6.00,1.12
2016.10.21 07:18:01.081,0.76361,0.76373,6.77,1.12
2016.10.21 07:18:01.397,0.76362,0.76372,1.50,1.00
2016.10.21 07:18:01.502,0.76362,0.76372,1.50,2.81
2016.10.21 07:18:01.553,0.76361,0.76372,3.75,2.25
2016.10.21 07:18:01.604,0.76361,0.76372,3.37,2.06
2016.10.21 07:18:01.656,0.76361,0.76372,1.50,3.75
2016.10.21 07:18:01.707,0.76361,0.76371,1.00,1.12
2016.10.21 07:18:01.813,0.7636,0.76371,3.02,1.12
2016.10.21 07:18:01.865,0.7636,0.76371,2.27,1.12
2016.10.21 07:18:01.916,0.7636,0.76371,2.46,1.12
2016.10.21 07:18:01.967,0.7636,0.76371,2.46,1.00
2016.10.21 07:18:02.332,0.7636,0.76371,2.27,1.00
2016.10.21 07:18:02.383,0.7636,0.76371,2.27,1.12
2016.10.21 07:18:02.836,0.7636,0.76371,1.90,1.12
2016.10.21 07:18:03.735,0.7636,0.76371,1.87,1.12
2016.10.21 07:18:03.786,0.7636,0.76371,1.87,2.62
2016.10.21 07:18:03.940,0.7636,0.76371,1.87,3.37
2016.10.21 07:18:04.775,0.7636,0.76371,2.25,3.37
2016.10.21 07:18:04.827,0.7636,0.76371,2.25,4.12
2016.10.21 07:18:05.696,0.7636,0.76371,2.25,2.62
2016.10.21 07:18:05.747,0.76361,0.76371,1.00,2.62
2016.10.21 07:18:05.799,0.76361,0.76373,1.12,4.31
2016.10.21 07:18:05.850,0.76362,0.76373,1.00,3.94
2016.10.21 07:18:05.901,0.76362,0.76373,2.25,3.75
2016.10.21 07:18:06.003,0.76362,0.76373,2.62,3.37
2016.10.21 07:18:06.105,0.76362,0.76373,2.65,3.37
2016.10.21 07:18:06.156,0.76362,0.76373,2.62,3.37
2016.10.21 07:18:06.684,0.76362,0.76373,2.62,4.12
2016.10.21 07:18:06.786,0.76362,0.76373,2.62,3.37
2016.10.21 07:18:06.836,0.76362,0.76373,2.62,4.12
2016.10.21 07:18:06.887,0.76362,0.76373,2.62,3.37
2016.10.21 07:18:07.141,0.76362,0.76373,2.62,4.12
2016.10.21 07:18:07.278,0.76363,0.76373,2.62,4.12
2016.10.21 07:18:07.329,0.76363,0.76373,2.62,3.37
2016.10.21 07:18:07.381,0.76363,0.76373,2.62,3.75
2016.10.21 07:18:07.433,0.76363,0.76373,2.62,4.50
2016.10.21 07:18:07.774,0.76363,0.76373,2.62,4.12
2016.10.21 07:18:07.825,0.76363,0.76373,2.62,3.75
2016.10.21 07:18:07.876,0.76363,0.76373,2.62,2.62
2016.10.21 07:18:08.333,0.76363,0.76373,2.62,1.87
2016.10.21 07:18:08.384,0.76363,0.76373,2.65,1.87
2016.10.21 07:18:08.435,0.76363,0.76373,3.37,1.87
2016.10.21 07:18:09.071,0.76368,0.76375,1.50,3.94
2016.10.21 07:18:09.124,0.76368,0.76378,1.50,1.25
2016.10.21 07:18:09.231,0.76368,0.76378,1.50,1.25
2016.10.21 07:18:09.284,0.76368,0.76378,1.50,1.25
2016.10.21 07:18:09.339,0.76368,0.76378,1.50,1.69
2016.10.21 07:18:09.444,0.76368,0.76377,1.50,1.00
2016.10.21 07:18:09.971,0.76368,0.76379,1.50,6.37
2016.10.21 07:18:10.022,0.76368,0.76379,1.50,6.00
2016.10.21 07:18:10.074,0.76368,0.76379,1.87,6.00
2016.10.21 07:18:10.125,0.76368,0.76379,2.25,5.25
2016.10.21 07:18:10.176,0.76368,0.76379,2.25,3.94
2016.10.21 07:18:10.228,0.76368,0.76379,1.87,6.00
2016.10.21 07:18:10.279,0.76368,0.76379,1.87,6.12
2016.10.21 07:18:10.606,0.76368,0.76377,1.50,2.62
2016.10.21 07:18:10.658,0.76368,0.76377,1.50,3.37
2016.10.21 07:18:10.709,0.76368,0.76377,1.50,1.87
2016.10.21 07:18:10.760,0.76368,0.76377,1.50,1.12
2016.10.21 07:18:11.017,0.76368,0.76377,2.25,1.87
2016.10.21 07:18:11.597,0.76368,0.76377,2.25,1.12
2016.10.21 07:18:11.699,0.76368,0.76377,2.25,1.87
2016.10.21 07:18:11.750,0.76368,0.76378,2.25,2.81
2016.10.21 07:18:11.802,0.76368,0.76378,2.25,4.31
2016.10.21 07:18:11.853,0.76368,0.76378,2.25,2.81
2016.10.21 07:18:11.904,0.76368,0.76378,2.25,2.81
2016.10.21 07:18:11.955,0.76368,0.76378,2.25,3.56
2016.10.21 07:18:12.007,0.76368,0.76378,2.25,2.81
2016.10.21 07:18:12.058,0.76368,0.76377,2.25,1.12
2016.10.21 07:18:12.161,0.76368,0.76376,2.25,1.00
2016.10.21 07:18:12.264,0.76368,0.76376,2.25,1.50
2016.10.21 07:18:12.560,0.76368,0.76376,2.25,1.00
2016.10.21 07:18:12.611,0.76368,0.76378,1.50,2.06
2016.10.21 07:18:12.714,0.76368,0.76378,1.50,2.06
2016.10.21 07:18:13.176,0.76368,0.76378,1.50,2.81
2016.10.21 07:18:13.228,0.76368,0.76378,1.50,2.81
2016.10.21 07:18:13.523,0.76368,0.76378,1.50,2.44
2016.10.21 07:18:13.575,0.76368,0.76376,1.00,1.50
2016.10.21 07:18:13.626,0.76368,0.76377,1.00,3.75
2016.10.21 07:18:13.686,0.76367,0.76376,1.37,1.87
2016.10.21 07:18:13.761,0.76366,0.76375,1.37,1.12
2016.10.21 07:18:13.813,0.76366,0.76376,1.50,1.50
2016.10.21 07:18:14.038,0.76366,0.76376,1.50,1.50
2016.10.21 07:18:14.090,0.76368,0.76377,1.00,1.00
2016.10.21 07:18:14.192,0.76368,0.76377,1.00,1.50
2016.10.21 07:18:14.243,0.76368,0.76377,1.00,1.12
2016.10.21 07:18:15.027,0.76367,0.76378,2.25,3.94
2016.10.21 07:18:15.079,0.76368,0.76378,1.00,3.94
2016.10.21 07:18:15.130,0.76367,0.76378,2.25,4.69
2016.10.21 07:18:15.182,0.76367,0.76378,2.25,3.19
2016.10.21 07:18:15.233,0.76367,0.76377,2.25,1.00
2016.10.21 07:18:15.618,0.76367,0.76378,2.25,3.56
2016.10.21 07:18:15.670,0.76367,0.76378,1.50,3.56
2016.10.21 07:18:15.721,0.76367,0.76378,1.50,3.94
2016.10.21 07:18:15.823,0.76367,0.76378,1.50,3.94
2016.10.21 07:18:15.875,0.76367,0.76378,2.25,3.19
2016.10.21 07:18:15.927,0.76367,0.76378,2.25,2.81
2016.10.21 07:18:15.978,0.76367,0.76378,2.25,2.06
2016.10.21 07:18:16.029,0.76367,0.76378,2.25,2.81
2016.10.21 07:18:16.081,0.76367,0.76378,1.50,5.21
2016.10.21 07:18:16.133,0.76367,0.76377,1.00,1.12
2016.10.21 07:18:16.184,0.76366,0.76377,2.62,1.12
2016.10.21 07:18:16.451,0.76366,0.76377,2.62,1.50
2016.10.21 07:18:16.503,0.76366,0.76377,2.25,1.50
2016.10.21 07:18:17.114,0.76365,0.76377,2.25,1.50
2016.10.21 07:18:17.217,0.76365,0.76377,3.00,1.50
2016.10.21 07:18:17.847,0.76365,0.76377,3.75,1.37
2016.10.21 07:18:17.949,0.76365,0.76377,4.12,1.50
2016.10.21 07:18:18.051,0.76365,0.76377,3.75,1.50
2016.10.21 07:18:18.103,0.76365,0.76377,3.75,3.00
2016.10.21 07:18:18.533,0.76365,0.76375,2.25,1.87
2016.10.21 07:18:18.584,0.76365,0.76375,1.50,2.06
2016.10.21 07:18:18.635,0.76365,0.76375,1.12,1.25
2016.10.21 07:18:18.952,0.76365,0.76374,1.37,1.12
2016.10.21 07:18:19.042,0.76367,0.76379,2.62,3.19
2016.10.21 07:18:19.248,0.76367,0.76379,2.62,2.44
2016.10.21 07:18:19.300,0.76367,0.76379,3.37,1.69
2016.10.21 07:18:19.352,0.76367,0.76379,3.37,1.69
2016.10.21 07:18:19.404,0.76367,0.76379,4.12,1.69
2016.10.21 07:18:19.456,0.76368,0.76379,1.37,1.19
2016.10.21 07:18:19.520,0.76368,0.76379,1.50,1.31
2016.10.21 07:18:19.572,0.76368,0.76379,1.87,1.69
2016.10.21 07:18:19.951,0.76368,0.76379,1.87,1.31
2016.10.21 07:18:20.002,0.76368,0.7638,1.87,5.06
2016.10.21 07:18:20.206,0.76368,0.76379,1.87,1.31
2016.10.21 07:18:20.308,0.76368,0.76379,1.87,1.31
2016.10.21 07:18:20.461,0.76368,0.76379,1.87,2.06
2016.10.21 07:18:20.512,0.76368,0.76379,1.87,2.81
2016.10.21 07:18:20.614,0.76369,0.76379,1.12,1.31
2016.10.21 07:18:20.666,0.76369,0.76379,1.33,1.19
2016.10.21 07:18:21.019,0.76372,0.76383,1.00,3.56
2016.10.21 07:18:21.070,0.76372,0.76383,1.00,3.94
2016.10.21 07:18:21.122,0.76372,0.76383,1.00,3.19
2016.10.21 07:18:21.173,0.76372,0.76383,1.00,2.44
2016.10.21 07:18:21.275,0.76372,0.76383,1.00,3.19
2016.10.21 07:18:21.377,0.76372,0.76383,1.00,2.44
2016.10.21 07:18:21.429,0.76371,0.76383,6.40,2.06
2016.10.21 07:18:21.705,0.76372,0.76383,1.00,2.06
2016.10.21 07:18:21.778,0.76372,0.76383,1.03,1.31
2016.10.21 07:18:21.829,0.76372,0.76383,1.03,2.06
2016.10.21 07:18:21.983,0.76372,0.76383,1.03,1.31
2016.10.21 07:18:22.510,0.76372,0.76383,1.03,1.69
2016.10.21 07:18:22.803,0.76372,0.76383,1.03,1.31
2016.10.21 07:18:22.957,0.76372,0.76383,1.03,1.69
2016.10.21 07:18:23.161,0.76372,0.76383,1.03,2.06
2016.10.21 07:18:23.212,0.76372,0.76383,1.03,4.31
2016.10.21 07:18:23.567,0.76371,0.76382,6.02,1.87
2016.10.21 07:18:23.618,0.76371,0.76382,5.25,1.87
2016.10.21 07:18:24.027,0.76371,0.76382,5.25,2.25
2016.10.21 07:18:24.079,0.76371,0.76382,5.25,2.62
2016.10.21 07:18:24.182,0.76371,0.76382,5.27,2.62
2016.10.21 07:18:24.650,0.76371,0.76382,4.87,2.62
2016.10.21 07:18:24.753,0.76371,0.76382,4.50,2.62
2016.10.21 07:18:25.009,0.76371,0.76382,4.50,3.37
2016.10.21 07:18:26.083,0.76371,0.76382,4.87,3.37
2016.10.21 07:18:26.185,0.76371,0.76382,4.87,2.62
2016.10.21 07:18:26.944,0.76371,0.76382,4.87,2.25
2016.10.21 07:18:26.996,0.76371,0.76382,4.87,1.87
2016.10.21 07:18:27.048,0.76371,0.76382,5.62,1.50
2016.10.21 07:18:28.636,0.76371,0.76382,5.62,1.50
2016.10.21 07:18:28.942,0.76371,0.76382,5.62,1.50
2016.10.21 07:18:28.993,0.76371,0.76382,5.25,1.50
2016.10.21 07:18:29.044,0.76371,0.76382,6.00,1.50
2016.10.21 07:18:29.389,0.76371,0.76381,1.50,2.25
2016.10.21 07:18:29.471,0.76371,0.76381,1.50,3.00
2016.10.21 07:18:30.050,0.76371,0.76381,1.50,3.37
2016.10.21 07:18:30.375,0.76371,0.76381,1.12,3.37
2016.10.21 07:18:30.426,0.76371,0.76381,1.12,3.37
2016.10.21 07:18:30.590,0.76371,0.76381,1.12,4.12
2016.10.21 07:18:30.693,0.76371,0.76381,1.12,3.37
2016.10.21 07:18:30.769,0.76371,0.76379,1.12,1.12
2016.10.21 07:18:30.821,0.7637,0.7638,2.62,2.62
2016.10.21 07:18:30.873,0.7637,0.76379,1.87,2.62
2016.10.21 07:18:31.204,0.76369,0.7638,1.50,9.87
2016.10.21 07:18:31.264,0.76369,0.7638,1.50,7.50
2016.10.21 07:18:31.366,0.76369,0.7638,1.50,9.75
2016.10.21 07:18:31.519,0.76369,0.7638,1.50,7.50
2016.10.21 07:18:31.621,0.76369,0.7638,1.50,8.18
2016.10.21 07:18:31.896,0.76369,0.7638,1.00,9.75
2016.10.21 07:18:32.202,0.76369,0.7638,1.00,9.19
2016.10.21 07:18:32.259,0.76369,0.7638,1.00,8.06
2016.10.21 07:18:32.310,0.76369,0.7638,1.00,7.31
2016.10.21 07:18:32.564,0.76369,0.7638,1.00,8.06
2016.10.21 07:18:32.666,0.76369,0.7638,1.00,10.87
2016.10.21 07:18:33.022,0.76369,0.7638,1.00,10.12
2016.10.21 07:18:33.125,0.76369,0.7638,1.00,7.31
2016.10.21 07:18:33.438,0.76369,0.7638,1.00,10.12
2016.10.21 07:18:33.519,0.76369,0.76377,1.00,1.50
2016.10.21 07:18:33.570,0.76369,0.76377,1.00,1.87
2016.10.21 07:18:33.622,0.76367,0.76376,1.87,1.09
2016.10.21 07:18:33.673,0.76367,0.76376,1.00,3.71
2016.10.21 07:18:33.725,0.76367,0.76376,1.00,2.81
2016.10.21 07:18:33.785,0.76366,0.76376,1.00,3.19
2016.10.21 07:18:33.837,0.76366,0.76376,1.00,2.81
2016.10.21 07:18:33.888,0.76366,0.76376,1.37,2.06
2016.10.21 07:18:33.939,0.76366,0.76376,1.87,1.69
2016.10.21 07:18:34.308,0.76366,0.76376,2.25,1.69
2016.10.21 07:18:34.363,0.76366,0.76376,2.62,1.69
2016.10.21 07:18:34.465,0.76366,0.76376,1.87,3.56
2016.10.21 07:18:34.517,0.76366,0.76375,1.37,1.87
2016.10.21 07:18:34.568,0.76366,0.76375,1.50,1.50
2016.10.21 07:18:34.619,0.76366,0.76376,1.50,1.62
2016.10.21 07:18:34.670,0.76366,0.76376,1.12,1.62
2016.10.21 07:18:34.721,0.76367,0.76377,1.00,2.06
2016.10.21 07:18:35.326,0.76367,0.76377,1.50,2.06
2016.10.21 07:18:35.378,0.76367,0.76378,1.50,1.00
2016.10.21 07:18:35.429,0.76369,0.76378,1.00,1.00
2016.10.21 07:18:35.481,0.76369,0.76379,1.00,2.06
2016.10.21 07:18:35.634,0.76369,0.76379,1.00,2.06
2016.10.21 07:18:35.737,0.7637,0.76379,1.12,2.06
2016.10.21 07:18:36.120,0.76369,0.76379,1.50,2.06
2016.10.21 07:18:36.172,0.76369,0.76379,1.50,2.81
2016.10.21 07:18:36.223,0.76368,0.76379,3.37,4.31
2016.10.21 07:18:36.327,0.76368,0.76379,3.37,2.81
2016.10.21 07:18:36.483,0.76368,0.76379,3.00,2.81
2016.10.21 07:18:36.535,0.76368,0.76379,4.50,5.06
2016.10.21 07:18:36.639,0.76368,0.76379,4.50,3.56
2016.10.21 07:18:36.742,0.76368,0.76379,4.50,3.56
2016.10.21 07:18:37.530,0.76368,0.76379,4.50,4.31
2016.10.21 07:18:37.582,0.76368,0.76376,4.87,1.00
2016.10.21 07:18:37.633,0.76368,0.76376,5.25,1.00
2016.10.21 07:18:37.684,0.76368,0.76378,4.50,1.00
2016.10.21 07:18:37.735,0.76368,0.76379,4.50,4.31
2016.10.21 07:18:37.787,0.76368,0.76379,5.25,4.31
2016.10.21 07:18:37.838,0.76368,0.76379,5.44,2.81
2016.10.21 07:18:38.170,0.76371,0.76382,2.62,4.87
2016.10.21 07:18:38.222,0.76371,0.76382,1.12,1.87
2016.10.21 07:18:38.273,0.76371,0.76382,1.12,1.00
2016.10.21 07:18:38.325,0.76371,0.76382,1.87,2.25
2016.10.21 07:18:38.376,0.76371,0.76382,1.12,2.25
2016.10.21 07:18:38.428,0.76371,0.76382,1.12,1.50
2016.10.21 07:18:38.480,0.76371,0.76382,1.12,1.00
2016.10.21 07:18:38.531,0.76371,0.76382,1.12,2.25
2016.10.21 07:18:38.634,0.7637,0.76382,5.62,1.50
2016.10.21 07:18:38.930,0.7637,0.76382,4.12,3.00
2016.10.21 07:18:39.006,0.7637,0.76382,3.00,4.12
2016.10.21 07:18:39.159,0.7637,0.76381,3.00,1.00
2016.10.21 07:18:39.210,0.7637,0.76381,2.25,1.50
2016.10.21 07:18:39.364,0.7637,0.7638,2.25,1.50
2016.10.21 07:18:40.009,0.7637,0.7638,3.00,1.50
2016.10.21 07:18:40.061,0.7637,0.7638,2.25,1.50
2016.10.21 07:18:40.112,0.7637,0.7638,1.50,1.50
2016.10.21 07:18:40.576,0.7637,0.76381,1.50,1.50
2016.10.21 07:18:40.627,0.7637,0.76381,1.50,1.00
2016.10.21 07:18:40.729,0.7637,0.76381,1.50,1.50
2016.10.21 07:18:41.064,0.7637,0.76381,1.50,1.00
2016.10.21 07:18:41.166,0.7637,0.76381,1.50,1.00
2016.10.21 07:18:41.957,0.7637,0.76381,1.50,1.50
2016.10.21 07:18:42.281,0.7637,0.76381,1.50,1.00
2016.10.21 07:18:42.334,0.7637,0.76381,1.50,2.25
2016.10.21 07:18:42.436,0.7637,0.76381,1.50,3.00
2016.10.21 07:18:43.359,0.7637,0.76381,1.50,2.25
2016.10.21 07:18:43.409,0.7637,0.76381,1.87,2.25
2016.10.21 07:18:43.460,0.7637,0.76381,2.25,2.25
2016.10.21 07:18:43.613,0.7637,0.76381,1.87,2.25
2016.10.21 07:18:44.356,0.7637,0.76381,1.87,2.25
2016.10.21 07:18:44.530,0.7637,0.76381,1.50,2.25
2016.10.21 07:18:44.827,0.7637,0.76381,1.50,3.00
2016.10.21 07:18:44.930,0.7637,0.76381,1.50,2.25
2016.10.21 07:18:45.085,0.7637,0.76381,1.50,3.00
2016.10.21 07:18:45.398,0.7637,0.76381,3.00,2.25
2016.10.21 07:18:45.554,0.7637,0.76381,3.00,3.00
2016.10.21 07:18:45.656,0.7637,0.76381,3.00,2.25
2016.10.21 07:18:45.769,0.7637,0.76381,3.00,3.00
2016.10.21 07:18:45.871,0.7637,0.76381,3.00,3.00
2016.10.21 07:18:45.923,0.7637,0.76381,3.00,2.25
2016.10.21 07:18:46.281,0.7637,0.76381,3.00,2.62
2016.10.21 07:18:46.650,0.7637,0.76381,2.62,2.62
2016.10.21 07:18:47.027,0.7637,0.76381,2.62,3.37
2016.10.21 07:18:47.180,0.7637,0.76381,2.62,2.62
2016.10.21 07:18:47.674,0.7637,0.76381,2.62,2.62
2016.10.21 07:18:47.777,0.7637,0.76381,2.62,3.37
2016.10.21 07:18:48.215,0.7637,0.76381,2.62,3.75
2016.10.21 07:18:48.267,0.7637,0.76381,2.62,3.00
2016.10.21 07:18:48.318,0.7637,0.7638,3.37,1.12
2016.10.21 07:18:48.420,0.7637,0.7638,2.62,1.12
2016.10.21 07:18:48.816,0.7637,0.7638,2.62,1.87
2016.10.21 07:18:49.162,0.76369,0.7638,1.87,2.62
2016.10.21 07:18:49.225,0.76369,0.7638,1.87,1.50
2016.10.21 07:18:49.276,0.76369,0.7638,1.87,2.25
2016.10.21 07:18:49.429,0.76369,0.7638,1.87,1.50
2016.10.21 07:18:49.799,0.76369,0.7638,1.87,2.25
2016.10.21 07:18:50.095,0.76369,0.7638,1.87,1.00
2016.10.21 07:18:50.197,0.76369,0.7638,1.87,1.50
2016.10.21 07:18:50.299,0.76369,0.7638,1.87,1.00
2016.10.21 07:18:50.350,0.76369,0.7638,1.87,1.50
2016.10.21 07:18:50.401,0.76369,0.7638,1.87,1.00
2016.10.21 07:18:50.667,0.76369,0.7638,1.87,1.50
2016.10.21 07:18:51.230,0.76369,0.7638,1.50,1.50
2016.10.21 07:18:51.335,0.76369,0.7638,1.50,1.37
2016.10.21 07:18:51.881,0.76369,0.7638,1.50,1.87
2016.10.21 07:18:52.608,0.76369,0.7638,1.00,2.62
2016.10.21 07:18:52.663,0.76369,0.76379,1.00,1.12
2016.10.21 07:18:52.918,0.76369,0.76379,1.00,1.87
2016.10.21 07:18:52.970,0.76369,0.76379,1.00,1.12
2016.10.21 07:18:53.241,0.76369,0.76379,1.00,1.87
2016.10.21 07:18:53.599,0.76369,0.76379,1.00,2.62
2016.10.21 07:18:53.650,0.76369,0.76379,1.00,1.87
2016.10.21 07:18:53.701,0.76369,0.76379,1.00,2.62
2016.10.21 07:18:53.906,0.76369,0.76379,1.00,3.37
2016.10.21 07:18:54.008,0.76368,0.76379,4.50,3.37
2016.10.21 07:18:54.059,0.76368,0.76379,6.37,3.37
2016.10.21 07:18:54.284,0.76368,0.76379,6.37,2.62
2016.10.21 07:18:54.630,0.76368,0.76379,5.25,2.62
2016.10.21 07:18:54.811,0.76368,0.76378,5.25,1.00
2016.10.21 07:18:54.862,0.76368,0.76375,4.50,1.00
2016.10.21 07:18:54.913,0.76368,0.76376,2.62,1.50
2016.10.21 07:18:54.964,0.76366,0.76376,4.12,1.12
2016.10.21 07:18:55.015,0.76367,0.76378,1.00,6.37
2016.10.21 07:18:55.067,0.76366,0.76377,4.50,1.00
2016.10.21 07:18:55.118,0.76366,0.76377,4.50,1.50
2016.10.21 07:18:55.169,0.76366,0.76377,4.50,2.25
2016.10.21 07:18:55.221,0.76366,0.76377,4.50,1.50
2016.10.21 07:18:55.272,0.76366,0.76377,4.12,1.87
2016.10.21 07:18:55.323,0.76366,0.76376,3.75,1.00
2016.10.21 07:18:55.618,0.76366,0.76376,3.37,1.00
2016.10.21 07:18:55.669,0.76366,0.76377,1.50,2.25
2016.10.21 07:18:55.873,0.76366,0.76377,1.50,3.75
2016.10.21 07:18:55.926,0.76366,0.76377,1.50,4.12
2016.10.21 07:18:55.979,0.76366,0.76377,1.37,4.50
2016.10.21 07:18:56.577,0.76366,0.76376,1.37,1.12
2016.10.21 07:18:56.629,0.76366,0.76377,1.37,3.75
2016.10.21 07:18:57.000,0.76366,0.76376,1.37,1.12
2016.10.21 07:18:57.102,0.76366,0.76376,1.37,1.87
2016.10.21 07:18:57.376,0.76366,0.76376,1.37,1.87
2016.10.21 07:18:57.427,0.76366,0.76376,1.37,1.12
2016.10.21 07:18:57.580,0.76366,0.76376,1.37,1.87
2016.10.21 07:18:57.682,0.76366,0.76376,1.37,1.12
2016.10.21 07:18:57.835,0.76366,0.76376,1.37,2.62
2016.10.21 07:18:57.937,0.76366,0.76376,1.37,1.87
2016.10.21 07:18:58.190,0.76366,0.76376,1.37,1.12
2016.10.21 07:18:58.770,0.76366,0.76376,1.37,1.87
2016.10.21 07:18:58.885,0.76366,0.76376,1.37,1.12
2016.10.21 07:18:58.937,0.76366,0.76376,1.37,1.87
2016.10.21 07:18:59.410,0.76366,0.76376,1.37,1.12
2016.10.21 07:18:59.926,0.76366,0.76376,1.37,1.12
2016.10.21 07:18:59.977,0.76366,0.76376,1.37,1.87
2016.10.21 07:19:00.334,0.76366,0.76376,1.87,1.12
2016.10.21 07:19:00.436,0.76368,0.76377,1.00,2.62
2016.10.21 07:19:00.488,0.76368,0.76379,4.50,3.37
2016.10.21 07:19:00.540,0.76369,0.7638,2.62,2.62
2016.10.21 07:19:00.813,0.76369,0.7638,2.62,2.62
2016.10.21 07:19:00.864,0.7637,0.7638,1.87,1.12
2016.10.21 07:19:00.923,0.76369,0.7638,3.37,1.87
2016.10.21 07:19:00.977,0.76369,0.76379,2.25,1.12
2016.10.21 07:19:01.029,0.7637,0.76379,1.12,1.12
2016.10.21 07:19:01.132,0.76368,0.76379,6.75,1.12
2016.10.21 07:19:01.183,0.76368,0.76378,6.75,1.00
2016.10.21 07:19:02.024,0.7637,0.7638,2.25,2.62
2016.10.21 07:19:02.077,0.7637,0.7638,4.50,1.50
2016.10.21 07:19:02.179,0.7637,0.7638,4.50,1.12
2016.10.21 07:19:02.852,0.7637,0.7638,5.25,1.12
2016.10.21 07:19:02.903,0.76371,0.76381,1.00,3.37
2016.10.21 07:19:02.954,0.7637,0.76381,5.25,3.37
2016.10.21 07:19:03.005,0.76371,0.76381,1.00,3.37
2016.10.21 07:19:03.057,0.76371,0.76381,1.50,3.37
2016.10.21 07:19:03.108,0.76371,0.76381,1.00,3.37
2016.10.21 07:19:03.160,0.76371,0.76381,1.00,3.75
2016.10.21 07:19:03.620,0.76371,0.76381,1.50,3.75
2016.10.21 07:19:05.072,0.76371,0.76381,1.00,3.75
2016.10.21 07:19:05.174,0.76371,0.7638,1.00,1.00
2016.10.21 07:19:05.225,0.76371,0.7638,1.00,1.00
2016.10.21 07:19:05.327,0.76371,0.7638,1.50,1.00
2016.10.21 07:19:05.378,0.76371,0.76381,1.50,6.00
2016.10.21 07:19:05.711,0.76371,0.76381,1.00,6.00
2016.10.21 07:19:05.762,0.76371,0.76381,1.00,6.75
2016.10.21 07:19:06.072,0.76371,0.76381,1.50,7.50
2016.10.21 07:19:06.124,0.76371,0.76381,1.00,6.75
2016.10.21 07:19:06.175,0.76371,0.76381,1.50,7.50
2016.10.21 07:19:06.374,0.76371,0.76381,1.00,6.75
2016.10.21 07:19:06.476,0.76371,0.76381,1.50,7.50
2016.10.21 07:19:06.779,0.76371,0.76381,1.00,6.75
2016.10.21 07:19:06.882,0.76371,0.76381,1.50,7.50
2016.10.21 07:19:07.208,0.76371,0.76381,1.00,7.50
2016.10.21 07:19:07.259,0.7637,0.76381,4.50,6.00
2016.10.21 07:19:07.622,0.7637,0.76381,4.50,6.75
2016.10.21 07:19:07.726,0.7637,0.76381,4.50,6.00
2016.10.21 07:19:07.880,0.7637,0.7638,4.50,1.50
2016.10.21 07:19:08.351,0.7637,0.7638,4.50,1.12
2016.10.21 07:19:08.707,0.76371,0.7638,1.00,1.12
2016.10.21 07:19:08.758,0.7637,0.76381,4.50,3.75
2016.10.21 07:19:08.809,0.76371,0.76381,1.00,5.25
2016.10.21 07:19:08.866,0.7637,0.76381,4.50,3.75
2016.10.21 07:19:08.968,0.76371,0.7638,1.00,1.87
2016.10.21 07:19:09.019,0.7637,0.7638,3.00,1.87
2016.10.21 07:19:09.070,0.76371,0.7638,1.00,1.87
2016.10.21 07:19:09.553,0.7637,0.7638,3.00,1.87
2016.10.21 07:19:11.061,0.7637,0.7638,1.00,3.00
2016.10.21 07:19:11.112,0.7637,0.76379,1.50,1.00
2016.10.21 07:19:11.265,0.7637,0.7638,1.00,3.00
2016.10.21 07:19:11.316,0.7637,0.7638,1.00,3.00
2016.10.21 07:19:11.571,0.7637,0.76379,1.50,1.00
2016.10.21 07:19:11.622,0.7637,0.76379,1.50,1.00
2016.10.21 07:19:11.827,0.7637,0.7638,1.00,2.25
2016.10.21 07:19:12.144,0.76369,0.7638,3.75,2.25
2016.10.21 07:19:12.195,0.76369,0.7638,3.75,3.00
2016.10.21 07:19:12.247,0.76369,0.7638,3.75,3.00
2016.10.21 07:19:12.512,0.7637,0.7638,1.12,3.75
2016.10.21 07:19:12.716,0.76369,0.76377,3.75,1.61
2016.10.21 07:19:12.768,0.76369,0.76376,3.00,1.12
2016.10.21 07:19:13.086,0.76368,0.76376,4.12,2.62
2016.10.21 07:19:13.138,0.76364,0.76375,5.44,1.87
2016.10.21 07:19:13.189,0.76364,0.76375,5.81,1.87
2016.10.21 07:19:13.291,0.76364,0.76375,5.44,1.87
2016.10.21 07:19:13.345,0.76364,0.76375,4.31,1.87
2016.10.21 07:19:13.398,0.76364,0.76375,5.06,1.87
2016.10.21 07:19:13.449,0.76364,0.76375,4.69,1.50
2016.10.21 07:19:13.603,0.76364,0.76375,4.69,1.50
2016.10.21 07:19:13.885,0.76364,0.76375,3.00,1.87
2016.10.21 07:19:13.937,0.76364,0.76374,1.37,2.25
2016.10.21 07:19:13.988,0.76363,0.76373,1.00,1.50
2016.10.21 07:19:14.039,0.76363,0.76373,1.00,1.50
2016.10.21 07:19:14.091,0.76363,0.76373,1.00,2.25
2016.10.21 07:19:14.193,0.76363,0.76373,1.00,2.62
2016.10.21 07:19:14.296,0.76363,0.76373,1.00,4.50
2016.10.21 07:19:14.347,0.76363,0.76372,1.00,1.69
2016.10.21 07:19:14.399,0.76361,0.76371,1.50,1.25
2016.10.21 07:19:14.451,0.76361,0.76371,1.50,1.87
2016.10.21 07:19:14.780,0.76361,0.76371,1.50,3.19
2016.10.21 07:19:14.831,0.76361,0.76371,1.50,2.06
2016.10.21 07:19:14.882,0.7636,0.76371,2.62,3.56
2016.10.21 07:19:14.940,0.7636,0.76371,2.62,2.25
2016.10.21 07:19:15.093,0.7636,0.76371,2.62,1.50
2016.10.21 07:19:15.196,0.7636,0.76371,2.62,1.87
2016.10.21 07:19:15.247,0.7636,0.76371,3.37,3.94
2016.10.21 07:19:15.915,0.7636,0.76371,2.62,2.62
2016.10.21 07:19:16.197,0.7636,0.76371,3.00,2.25
2016.10.21 07:19:16.248,0.7636,0.76371,3.00,1.50
2016.10.21 07:19:17.678,0.7636,0.76371,3.96,2.44
2016.10.21 07:19:17.780,0.7636,0.76371,3.77,1.50
2016.10.21 07:19:17.831,0.7636,0.76371,4.15,1.50
2016.10.21 07:19:18.034,0.76361,0.76371,1.15,1.69
2016.10.21 07:19:18.136,0.76361,0.76371,1.90,1.69
2016.10.21 07:19:18.289,0.76361,0.76372,1.90,3.15
2016.10.21 07:19:18.391,0.76361,0.76372,1.12,2.44
2016.10.21 07:19:18.442,0.76361,0.76372,1.12,2.44
2016.10.21 07:19:18.851,0.76361,0.76372,1.12,1.69
2016.10.21 07:19:19.075,0.76361,0.76372,1.00,1.69
2016.10.21 07:19:20.210,0.76361,0.76372,1.12,1.69
2016.10.21 07:19:21.043,0.76361,0.76372,1.90,1.69
2016.10.21 07:19:21.393,0.76361,0.76372,2.27,1.69
2016.10.21 07:19:21.444,0.76361,0.76372,1.90,1.69
2016.10.21 07:19:21.889,0.76361,0.76372,1.12,1.69
2016.10.21 07:19:21.940,0.7636,0.76372,5.65,1.69
2016.10.21 07:19:22.579,0.76363,0.76372,1.03,1.50
2016.10.21 07:19:22.631,0.76363,0.76372,1.03,1.00
2016.10.21 07:19:22.989,0.76362,0.76372,3.77,1.00
2016.10.21 07:19:23.040,0.76362,0.76372,3.77,1.00
2016.10.21 07:19:24.331,0.76362,0.76372,3.02,1.00
2016.10.21 07:19:24.552,0.76362,0.76372,3.02,1.00
2016.10.21 07:19:24.604,0.76362,0.76373,3.02,3.00
2016.10.21 07:19:24.658,0.76363,0.76373,1.00,2.25
2016.10.21 07:19:24.943,0.76363,0.76373,2.25,2.25
2016.10.21 07:19:24.994,0.76364,0.76376,1.87,5.55
2016.10.21 07:19:25.045,0.76364,0.76376,1.12,5.40
2016.10.21 07:19:25.248,0.76364,0.76374,1.12,1.00
2016.10.21 07:19:25.353,0.76362,0.76374,7.12,5.62
2016.10.21 07:19:25.404,0.76362,0.76374,4.87,4.50
2016.10.21 07:19:25.455,0.76362,0.76373,4.12,1.12
2016.10.21 07:19:25.507,0.76362,0.76373,3.37,1.87
2016.10.21 07:19:25.558,0.76362,0.76373,3.37,1.87
2016.10.21 07:19:25.859,0.76362,0.76373,2.25,1.87
2016.10.21 07:19:26.129,0.76362,0.76373,1.50,1.87
2016.10.21 07:19:26.231,0.76362,0.76373,1.50,1.87
2016.10.21 07:19:27.229,0.76362,0.76373,1.50,1.50
2016.10.21 07:19:27.281,0.76362,0.76373,2.25,1.50
2016.10.21 07:19:27.332,0.76362,0.76373,1.50,1.50
2016.10.21 07:19:27.433,0.76362,0.76373,1.50,1.00
2016.10.21 07:19:27.484,0.76362,0.76373,1.37,1.00
2016.10.21 07:19:27.893,0.76367,0.76373,1.00,1.00
2016.10.21 07:19:28.530,0.76367,0.76377,1.00,3.97
2016.10.21 07:19:28.581,0.76367,0.76377,1.50,2.62
2016.10.21 07:19:28.633,0.76367,0.76377,1.12,3.00
2016.10.21 07:19:28.735,0.76367,0.76377,1.12,2.25
2016.10.21 07:19:28.888,0.76367,0.76377,1.50,2.25
2016.10.21 07:19:28.939,0.76367,0.76377,3.00,1.87
2016.10.21 07:19:28.990,0.76368,0.76377,1.12,1.50
2016.10.21 07:19:29.041,0.76368,0.76379,1.12,5.62
2016.10.21 07:19:29.326,0.76368,0.76379,1.12,5.25
2016.10.21 07:19:29.882,0.76368,0.76379,1.12,3.00
2016.10.21 07:19:30.086,0.76368,0.76379,1.12,3.56
2016.10.21 07:19:30.137,0.76368,0.76379,1.12,4.31
2016.10.21 07:19:30.460,0.76368,0.76379,1.12,3.00
2016.10.21 07:19:30.512,0.76368,0.76379,1.12,3.37
2016.10.21 07:19:30.717,0.76368,0.76379,1.87,3.37
2016.10.21 07:19:30.769,0.76368,0.76379,1.87,3.75
2016.10.21 07:19:30.821,0.76368,0.76378,1.87,1.00
2016.10.21 07:19:30.873,0.76368,0.76378,2.25,1.12
2016.10.21 07:19:30.925,0.76368,0.76376,1.50,1.50
2016.10.21 07:19:30.977,0.76368,0.76376,1.12,1.00
2016.10.21 07:19:31.255,0.76368,0.76376,1.12,1.00
2016.10.21 07:19:31.307,0.76368,0.76378,1.12,5.25
2016.10.21 07:19:31.358,0.76368,0.76378,1.12,4.50
2016.10.21 07:19:31.460,0.76368,0.76378,1.12,3.75
2016.10.21 07:19:31.511,0.76368,0.76378,1.50,3.75
2016.10.21 07:19:31.828,0.76368,0.76378,1.50,2.25
2016.10.21 07:19:32.202,0.76366,0.76377,2.62,3.37
2016.10.21 07:19:32.262,0.76366,0.76377,2.62,4.50
2016.10.21 07:19:32.439,0.76366,0.76377,2.62,5.25
2016.10.21 07:19:32.695,0.76366,0.76377,2.62,4.50
2016.10.21 07:19:33.472,0.76367,0.76377,1.12,1.00
2016.10.21 07:19:33.561,0.76367,0.76378,1.50,3.37
2016.10.21 07:19:33.612,0.76367,0.76377,1.50,1.20
2016.10.21 07:19:33.663,0.76366,0.76376,4.50,1.50
2016.10.21 07:19:33.714,0.76366,0.76376,1.50,3.00
2016.10.21 07:19:33.765,0.76366,0.76376,1.12,3.75
2016.10.21 07:19:33.867,0.76366,0.76376,1.12,3.90
2016.10.21 07:19:33.919,0.76366,0.76374,1.12,1.00
2016.10.21 07:19:33.970,0.76366,0.76375,1.00,1.31
2016.10.21 07:19:34.021,0.76367,0.76375,1.00,1.12
2016.10.21 07:19:34.348,0.76367,0.76376,3.75,1.37
2016.10.21 07:19:34.450,0.76368,0.76378,1.12,1.00
2016.10.21 07:19:34.569,0.76368,0.76378,1.00,1.00
2016.10.21 07:19:34.620,0.76368,0.76378,1.50,1.00
2016.10.21 07:19:34.672,0.76368,0.76379,2.62,3.00
2016.10.21 07:19:34.723,0.76368,0.76379,3.37,1.50
2016.10.21 07:19:34.825,0.76368,0.76379,3.00,1.50
2016.10.21 07:19:34.926,0.76368,0.76379,3.75,1.50
2016.10.21 07:19:35.197,0.7637,0.7638,1.00,3.00
2016.10.21 07:19:35.248,0.7637,0.7638,1.50,1.50
2016.10.21 07:19:35.452,0.7637,0.7638,1.50,1.50
2016.10.21 07:19:35.757,0.7637,0.7638,1.00,1.50
2016.10.21 07:19:35.859,0.7637,0.7638,1.12,1.12
2016.10.21 07:19:36.613,0.7637,0.7638,1.00,1.12
2016.10.21 07:19:36.681,0.7637,0.7638,1.50,1.12
2016.10.21 07:19:36.732,0.7637,0.7638,1.50,2.62
2016.10.21 07:19:37.987,0.7637,0.7638,1.50,2.62
2016.10.21 07:19:38.038,0.7637,0.7638,1.00,2.62
2016.10.21 07:19:38.192,0.7637,0.7638,1.00,2.62
2016.10.21 07:19:38.397,0.7637,0.7638,1.00,4.50
2016.10.21 07:19:38.448,0.76369,0.7638,1.87,4.87
2016.10.21 07:19:38.740,0.76369,0.7638,1.00,5.62
2016.10.21 07:19:38.839,0.76369,0.76379,1.00,1.12
2016.10.21 07:19:38.962,0.76369,0.7638,1.00,3.75
2016.10.21 07:19:39.064,0.76369,0.7638,1.00,5.62
2016.10.21 07:19:39.421,0.76369,0.7638,1.00,6.00
2016.10.21 07:19:39.836,0.76369,0.7638,1.00,6.56
2016.10.21 07:19:39.938,0.76369,0.7638,1.50,3.75
2016.10.21 07:19:40.142,0.76369,0.7638,1.50,6.68
2016.10.21 07:19:40.193,0.76369,0.7638,1.50,3.87
2016.10.21 07:19:40.245,0.76369,0.7638,1.50,3.75
2016.10.21 07:19:40.347,0.76369,0.7638,1.50,3.87
2016.10.21 07:19:40.653,0.76369,0.7638,1.50,3.75
2016.10.21 07:19:40.974,0.76369,0.7638,1.50,2.25
2016.10.21 07:19:41.026,0.76369,0.7638,2.25,1.50
2016.10.21 07:19:41.571,0.76369,0.7638,3.00,2.81
2016.10.21 07:19:41.622,0.76369,0.7638,2.25,1.50
2016.10.21 07:19:41.673,0.76369,0.7638,3.00,2.81
2016.10.21 07:19:41.876,0.76369,0.7638,2.25,1.50
2016.10.21 07:19:41.927,0.76369,0.7638,3.00,3.68
2016.10.21 07:19:42.391,0.76369,0.7638,2.25,1.50
2016.10.21 07:19:42.443,0.76369,0.7638,1.50,3.19
2016.10.21 07:19:42.494,0.76369,0.7638,1.50,1.50
2016.10.21 07:19:42.648,0.76369,0.7638,1.50,3.19
2016.10.21 07:19:43.233,0.76369,0.7638,1.50,1.50
2016.10.21 07:19:43.640,0.76369,0.7638,1.50,3.19
2016.10.21 07:19:43.691,0.76369,0.7638,1.50,1.50
2016.10.21 07:19:44.830,0.76369,0.76381,1.50,6.94
2016.10.21 07:19:45.716,0.76371,0.76381,1.00,3.56
2016.10.21 07:19:45.782,0.76371,0.76381,1.12,3.37
2016.10.21 07:19:45.935,0.76371,0.76381,1.12,2.62
2016.10.21 07:19:46.400,0.76371,0.76381,1.12,1.87
2016.10.21 07:19:46.452,0.7637,0.76381,2.25,1.12
2016.10.21 07:19:46.503,0.7637,0.76381,2.25,1.00
2016.10.21 07:19:46.554,0.7637,0.76381,3.00,1.50
2016.10.21 07:19:46.656,0.7637,0.76381,3.00,1.00
2016.10.21 07:19:46.967,0.7637,0.7638,3.00,1.87
2016.10.21 07:19:47.018,0.7637,0.7638,3.00,2.25
2016.10.21 07:19:47.121,0.7637,0.7638,2.25,2.25
2016.10.21 07:19:47.172,0.7637,0.7638,3.00,2.25
2016.10.21 07:19:47.326,0.7637,0.76378,1.50,1.00
2016.10.21 07:19:47.379,0.7637,0.76378,1.00,1.12
2016.10.21 07:19:47.430,0.76368,0.76378,5.25,1.12
2016.10.21 07:19:47.481,0.76368,0.76378,4.50,1.12
2016.10.21 07:19:47.533,0.76368,0.76378,1.12,1.87
2016.10.21 07:19:47.584,0.76368,0.76378,1.12,1.12
2016.10.21 07:19:47.635,0.76368,0.76378,1.12,1.50
2016.10.21 07:19:48.120,0.76368,0.76378,1.12,1.00
2016.10.21 07:19:48.171,0.76368,0.76378,1.12,1.00
2016.10.21 07:19:48.788,0.76368,0.76378,1.12,1.00
2016.10.21 07:19:49.097,0.76368,0.76378,1.12,1.00
2016.10.21 07:19:50.589,0.76368,0.76378,1.12,1.00
2016.10.21 07:19:51.441,0.76368,0.76378,1.12,1.00
2016.10.21 07:19:51.546,0.76368,0.76378,1.12,1.00
2016.10.21 07:19:53.790,0.76368,0.76378,1.87,1.00
2016.10.21 07:19:53.841,0.76369,0.76378,1.00,1.00
2016.10.21 07:19:54.207,0.7637,0.7638,1.12,3.00
2016.10.21 07:19:54.563,0.7637,0.7638,1.12,3.75
2016.10.21 07:19:54.614,0.7637,0.76379,1.12,1.00
2016.10.21 07:19:56.787,0.76369,0.76379,1.50,1.00
2016.10.21 07:19:56.839,0.76368,0.7638,7.12,4.87
2016.10.21 07:19:57.162,0.76369,0.76379,1.00,3.00
2016.10.21 07:19:57.228,0.76368,0.76379,2.25,1.62
2016.10.21 07:19:57.280,0.76368,0.76379,2.25,1.50
2016.10.21 07:19:57.331,0.76368,0.76379,4.12,1.50
2016.10.21 07:19:57.433,0.76368,0.76379,3.00,1.50
2016.10.21 07:19:57.535,0.76368,0.76379,3.00,2.25
2016.10.21 07:19:57.637,0.76368,0.76379,2.25,1.50
2016.10.21 07:19:57.790,0.76368,0.7638,3.75,4.12
2016.10.21 07:19:57.841,0.76368,0.76379,4.50,1.12
2016.10.21 07:19:58.241,0.76369,0.7638,1.00,4.87
2016.10.21 07:19:58.343,0.76369,0.7638,1.00,6.37
2016.10.21 07:19:58.445,0.76369,0.7638,1.00,7.12
2016.10.21 07:19:58.833,0.76369,0.7638,1.00,5.62
2016.10.21 07:19:58.987,0.76369,0.7638,1.00,7.12
2016.10.21 07:19:59.038,0.76369,0.76379,1.00,1.00
2016.10.21 07:19:59.360,0.76369,0.76379,1.00,1.50
2016.10.21 07:19:59.412,0.76368,0.76379,3.00,1.50
2016.10.21 07:19:59.514,0.76368,0.76379,3.00,1.50
2016.10.21 07:19:59.565,0.76368,0.76379,3.37,1.50
2016.10.21 07:19:59.616,0.76368,0.7638,4.12,4.12
2016.10.21 07:19:59.667,0.76369,0.7638,1.12,2.62
2016.10.21 07:19:59.719,0.76369,0.76379,1.50,1.00
2016.10.21 07:19:59.821,0.7637,0.76379,1.00,1.00
2016.10.21 07:19:59.923,0.7637,0.7638,1.00,4.87
2016.10.21 07:20:00.671,0.76368,0.76379,6.00,2.62
2016.10.21 07:20:00.722,0.76368,0.76379,5.25,2.62
2016.10.21 07:20:00.773,0.76368,0.76379,6.00,2.62
2016.10.21 07:20:00.825,0.76368,0.76379,5.25,2.62
2016.10.21 07:20:01.028,0.76368,0.76379,6.00,2.62
2016.10.21 07:20:01.079,0.76369,0.76379,1.12,2.62
2016.10.21 07:20:01.474,0.76369,0.76379,1.87,2.62
2016.10.21 07:20:01.968,0.76369,0.76379,1.12,2.62
2016.10.21 07:20:02.121,0.76371,0.76379,1.50,2.25
2016.10.21 07:20:02.173,0.76373,0.76379,1.00,1.00
2016.10.21 07:20:02.482,0.76374,0.76379,1.00,1.00
2016.10.21 07:20:02.534,0.76373,0.76383,5.25,2.44
2016.10.21 07:20:02.686,0.76373,0.76383,4.50,1.69
2016.10.21 07:20:02.941,0.76373,0.76383,4.50,2.44
2016.10.21 07:20:03.043,0.76373,0.76383,3.37,2.44
2016.10.21 07:20:03.145,0.76373,0.76383,4.12,2.44
2016.10.21 07:20:03.828,0.76373,0.76383,3.37,2.44
2016.10.21 07:20:04.703,0.76373,0.76383,2.62,1.69
2016.10.21 07:20:04.759,0.76373,0.76382,1.87,1.00
2016.10.21 07:20:04.811,0.76373,0.76382,1.87,1.00
2016.10.21 07:20:05.069,0.76372,0.76382,1.37,1.00
2016.10.21 07:20:05.121,0.76372,0.76383,1.87,3.19
2016.10.21 07:20:05.173,0.76372,0.76383,1.37,3.19
2016.10.21 07:20:05.854,0.76372,0.76383,1.37,3.37
2016.10.21 07:20:05.905,0.76372,0.76383,1.87,4.50
2016.10.21 07:20:05.956,0.76372,0.76383,1.37,3.37
2016.10.21 07:20:06.007,0.76372,0.76383,1.37,3.37
2016.10.21 07:20:06.060,0.76372,0.76381,1.37,1.50
2016.10.21 07:20:06.112,0.76371,0.7638,2.62,1.00
2016.10.21 07:20:06.164,0.76371,0.76381,1.12,3.37
2016.10.21 07:20:06.215,0.76371,0.76381,1.00,3.75
2016.10.21 07:20:06.267,0.7637,0.76381,1.00,4.12
2016.10.21 07:20:06.369,0.7637,0.76381,1.00,4.87
2016.10.21 07:20:07.059,0.7637,0.7638,1.12,1.00
2016.10.21 07:20:07.110,0.7637,0.76381,1.12,4.87
2016.10.21 07:20:08.113,0.7637,0.7638,1.12,1.00
2016.10.21 07:20:08.164,0.7637,0.76381,1.12,4.87
2016.10.21 07:20:08.267,0.7637,0.76381,1.12,3.37
2016.10.21 07:20:08.318,0.7637,0.76381,1.12,2.62
2016.10.21 07:20:08.723,0.7637,0.76381,1.12,3.00
2016.10.21 07:20:08.774,0.76371,0.76381,1.00,2.25
2016.10.21 07:20:08.877,0.76371,0.76381,1.00,3.00
2016.10.21 07:20:09.537,0.76371,0.76381,1.50,1.50
2016.10.21 07:20:09.588,0.76371,0.76381,1.52,1.00
2016.10.21 07:20:10.566,0.76371,0.76382,1.52,2.62
2016.10.21 07:20:10.625,0.76372,0.76382,1.00,1.87
2016.10.21 07:20:13.063,0.76372,0.76382,1.12,1.87
2016.10.21 07:20:13.632,0.76372,0.76382,1.00,1.87
2016.10.21 07:20:14.462,0.76375,0.76382,1.09,1.87
2016.10.21 07:20:14.515,0.76377,0.76382,1.00,1.87
2016.10.21 07:20:14.567,0.76377,0.76382,1.50,1.12
2016.10.21 07:20:14.619,0.76377,0.76382,1.50,1.00
2016.10.21 07:20:14.671,0.76378,0.76387,1.00,2.06
2016.10.21 07:20:14.722,0.76378,0.76387,1.87,2.06
2016.10.21 07:20:14.773,0.76378,0.76388,3.75,2.62
2016.10.21 07:20:14.824,0.7638,0.76388,1.00,2.62
2016.10.21 07:20:14.875,0.7638,0.76389,1.00,1.00
2016.10.21 07:20:14.927,0.7638,0.7639,1.00,2.25
2016.10.21 07:20:14.978,0.7638,0.7639,1.00,1.12
2016.10.21 07:20:15.029,0.7638,0.7639,1.12,1.87
2016.10.21 07:20:15.331,0.7638,0.7639,4.12,1.12
2016.10.21 07:20:15.383,0.7638,0.7639,3.37,1.00
2016.10.21 07:20:15.485,0.7638,0.7639,4.87,1.00
2016.10.21 07:20:15.587,0.7638,0.7639,3.37,1.00
2016.10.21 07:20:15.740,0.7638,0.7639,4.12,1.00
2016.10.21 07:20:16.027,0.7638,0.7639,3.37,1.00
2016.10.21 07:20:16.335,0.7638,0.7639,4.12,1.00
2016.10.21 07:20:16.708,0.7638,0.7639,3.75,1.00
2016.10.21 07:20:16.759,0.76381,0.7639,1.00,1.00
2016.10.21 07:20:16.861,0.7638,0.76391,3.00,1.50
2016.10.21 07:20:17.066,0.7638,0.76391,3.00,1.00
2016.10.21 07:20:17.944,0.76381,0.76391,1.12,1.00
2016.10.21 07:20:17.995,0.76381,0.76392,1.87,4.12
2016.10.21 07:20:18.097,0.76381,0.76392,1.50,4.12
2016.10.21 07:20:19.481,0.76381,0.76392,2.25,4.12
2016.10.21 07:20:19.582,0.76381,0.76392,2.25,3.75
2016.10.21 07:20:20.420,0.76381,0.76392,2.25,4.50
2016.10.21 07:20:20.930,0.76381,0.76392,1.50,4.50
2016.10.21 07:20:21.820,0.76381,0.76391,1.50,1.50
2016.10.21 07:20:21.878,0.76381,0.7639,1.50,1.00
2016.10.21 07:20:22.132,0.76381,0.7639,2.25,1.00
2016.10.21 07:20:23.198,0.76381,0.7639,1.50,1.00
2016.10.21 07:20:23.268,0.76381,0.76391,1.50,2.25
2016.10.21 07:20:23.370,0.76381,0.76391,1.50,2.62
2016.10.21 07:20:23.422,0.76381,0.7639,1.50,1.00
2016.10.21 07:20:23.524,0.76381,0.7639,2.25,1.00
2016.10.21 07:20:24.710,0.76381,0.7639,3.00,1.00
2016.10.21 07:20:25.337,0.76381,0.7639,4.50,1.00
2016.10.21 07:20:25.439,0.76381,0.7639,3.75,1.00
2016.10.21 07:20:25.754,0.76381,0.7639,4.50,1.00
2016.10.21 07:20:25.908,0.76381,0.7639,4.87,1.00
2016.10.21 07:20:26.354,0.76381,0.7639,4.12,1.00
2016.10.21 07:20:26.580,0.76381,0.7639,3.37,1.00
2016.10.21 07:20:26.894,0.76381,0.7639,2.62,1.00
2016.10.21 07:20:27.481,0.76381,0.7639,3.75,1.00
2016.10.21 07:20:29.785,0.76381,0.7639,3.75,1.00
2016.10.21 07:20:29.939,0.76381,0.76391,3.75,2.62
2016.10.21 07:20:29.990,0.76381,0.76391,3.75,2.25
2016.10.21 07:20:30.705,0.76381,0.76391,4.50,2.25
2016.10.21 07:20:30.975,0.76382,0.76391,1.12,2.25
2016.10.21 07:20:31.804,0.76381,0.76391,5.62,2.25
2016.10.21 07:20:32.130,0.76381,0.76391,6.75,2.25
2016.10.21 07:20:32.630,0.76381,0.76391,6.00,2.25
2016.10.21 07:20:32.682,0.76381,0.76391,5.25,2.25
2016.10.21 07:20:33.022,0.76381,0.76391,5.25,1.50
2016.10.21 07:20:33.439,0.76381,0.76391,6.00,1.50
2016.10.21 07:20:33.490,0.76381,0.76391,6.37,1.50
2016.10.21 07:20:33.983,0.76381,0.76391,6.37,1.87
2016.10.21 07:20:34.555,0.76381,0.76391,5.25,1.87
2016.10.21 07:20:35.157,0.76381,0.76391,6.37,1.87
2016.10.21 07:20:36.379,0.76381,0.76391,4.87,1.87
2016.10.21 07:20:37.988,0.76381,0.76391,4.12,1.87
2016.10.21 07:20:38.932,0.76381,0.76391,4.87,1.87
2016.10.21 07:20:39.085,0.76381,0.76391,5.62,1.87
2016.10.21 07:20:39.136,0.76381,0.76391,4.87,1.87
2016.10.21 07:20:39.187,0.76381,0.76391,5.62,1.87
2016.10.21 07:20:39.903,0.76381,0.76391,7.12,1.87
2016.10.21 07:20:39.976,0.76381,0.76391,6.37,1.87
2016.10.21 07:20:40.395,0.76381,0.76391,7.12,1.87
2016.10.21 07:20:41.900,0.76381,0.76391,6.37,1.87
2016.10.21 07:20:43.377,0.76381,0.76391,6.75,1.50
2016.10.21 07:20:43.428,0.76381,0.76391,6.75,1.12
2016.10.21 07:20:44.121,0.76381,0.76392,6.37,3.37
2016.10.21 07:20:44.447,0.76383,0.76394,1.50,7.87
2016.10.21 07:20:44.701,0.76383,0.76394,1.50,9.00
2016.10.21 07:20:44.904,0.76383,0.76394,1.50,8.44
2016.10.21 07:20:44.955,0.76383,0.76393,1.50,1.76
2016.10.21 07:20:45.057,0.76382,0.76393,6.02,1.76
2016.10.21 07:20:45.210,0.76382,0.76394,5.25,8.59
2016.10.21 07:20:45.465,0.76382,0.76394,4.87,8.59
2016.10.21 07:20:45.856,0.76382,0.76394,4.87,8.44
2016.10.21 07:20:45.907,0.76382,0.76393,4.90,2.44
2016.10.21 07:20:45.959,0.76382,0.76392,5.25,2.44
2016.10.21 07:20:46.010,0.76382,0.76392,3.37,2.44
2016.10.21 07:20:46.061,0.76382,0.76392,3.75,2.96
2016.10.21 07:20:46.112,0.76382,0.76392,3.75,2.96
2016.10.21 07:20:46.163,0.76382,0.76392,4.50,2.96
2016.10.21 07:20:46.214,0.76382,0.76392,4.50,2.96
2016.10.21 07:20:46.316,0.76382,0.76392,2.25,2.96
2016.10.21 07:20:47.109,0.76382,0.76392,2.25,2.96
2016.10.21 07:20:47.161,0.76382,0.76392,2.25,2.62
2016.10.21 07:20:47.466,0.76382,0.76392,2.25,3.71
2016.10.21 07:20:47.517,0.76382,0.76391,2.25,1.00
2016.10.21 07:20:47.568,0.76382,0.76391,1.50,1.69
2016.10.21 07:20:47.619,0.76382,0.76391,1.00,2.06
2016.10.21 07:20:47.721,0.76382,0.76391,1.50,2.25
2016.10.21 07:20:48.348,0.76381,0.76391,1.50,2.25
2016.10.21 07:20:48.407,0.76381,0.76391,2.25,1.50
2016.10.21 07:20:48.509,0.76381,0.76391,1.50,1.50
2016.10.21 07:20:48.561,0.76382,0.76391,1.00,1.50
2016.10.21 07:20:48.613,0.76382,0.76391,1.00,1.12
2016.10.21 07:20:49.143,0.76382,0.76391,1.00,1.69
2016.10.21 07:20:49.196,0.76381,0.76391,2.25,2.44
2016.10.21 07:20:49.247,0.76382,0.76391,1.00,3.00
2016.10.21 07:20:49.350,0.76381,0.76391,2.25,2.62
2016.10.21 07:20:49.401,0.76381,0.76391,1.50,3.37
2016.10.21 07:20:49.503,0.76381,0.76391,1.00,3.37
2016.10.21 07:20:50.000,0.76381,0.76391,1.00,3.37
2016.10.21 07:20:50.056,0.76382,0.76391,1.00,4.12
2016.10.21 07:20:50.108,0.76383,0.76391,1.00,3.37
2016.10.21 07:20:50.161,0.76382,0.76391,1.87,1.87
2016.10.21 07:20:50.213,0.76382,0.76392,1.87,2.25
2016.10.21 07:20:50.265,0.76382,0.76392,3.37,1.00
2016.10.21 07:20:50.368,0.76382,0.76392,3.75,1.25
2016.10.21 07:20:50.419,0.76382,0.76392,3.00,1.00
2016.10.21 07:20:50.573,0.76382,0.76392,1.50,2.62
2016.10.21 07:20:51.024,0.76382,0.76391,1.50,1.37
2016.10.21 07:20:51.178,0.76382,0.76391,1.00,1.37
2016.10.21 07:20:51.486,0.76382,0.76391,1.00,2.62
2016.10.21 07:20:51.537,0.76381,0.7639,1.87,1.00
2016.10.21 07:20:51.588,0.76381,0.7639,1.87,1.00
2016.10.21 07:20:51.639,0.7638,0.7639,1.12,2.25
2016.10.21 07:20:51.921,0.7638,0.7639,1.00,3.00
2016.10.21 07:20:51.972,0.76379,0.7639,3.19,2.62
2016.10.21 07:20:52.023,0.76379,0.7639,3.19,3.00
2016.10.21 07:20:52.075,0.76379,0.7639,3.94,4.87
2016.10.21 07:20:52.126,0.76379,0.76389,1.00,2.56
2016.10.21 07:20:52.177,0.76379,0.76388,1.00,1.00
2016.10.21 07:20:52.229,0.76379,0.76388,1.00,1.00
2016.10.21 07:20:52.865,0.76378,0.76388,4.50,1.00
2016.10.21 07:20:53.070,0.76378,0.76389,4.87,4.31
2016.10.21 07:20:53.123,0.76379,0.76388,1.00,1.84
2016.10.21 07:20:53.396,0.76379,0.76388,1.00,2.21
2016.10.21 07:20:53.447,0.76378,0.76388,4.50,1.69
2016.10.21 07:20:53.600,0.76378,0.76388,3.75,1.69
2016.10.21 07:20:53.963,0.76378,0.76388,3.00,1.69
2016.10.21 07:20:55.035,0.76378,0.76388,1.50,1.69
2016.10.21 07:20:57.480,0.76378,0.76388,2.25,1.87
2016.10.21 07:20:58.191,0.76378,0.76388,2.25,2.21
2016.10.21 07:21:01.184,0.76378,0.76388,1.50,1.68
2016.10.21 07:21:01.470,0.7638,0.76388,1.00,1.50
2016.10.21 07:21:01.792,0.7638,0.76388,1.00,1.12
2016.10.21 07:21:01.847,0.76378,0.76388,3.37,1.12
2016.10.21 07:21:01.898,0.76378,0.76388,1.87,1.12
2016.10.21 07:21:02.156,0.76378,0.76388,2.62,1.12
2016.10.21 07:21:02.207,0.76378,0.76388,1.87,1.12
2016.10.21 07:21:02.309,0.76378,0.76388,2.62,1.12
2016.10.21 07:21:02.623,0.76379,0.76388,1.00,1.12
2016.10.21 07:21:05.450,0.76379,0.76388,1.50,1.12
2016.10.21 07:21:05.704,0.76379,0.76388,2.25,1.12
2016.10.21 07:21:05.756,0.76379,0.76388,3.37,1.12
2016.10.21 07:21:06.134,0.76379,0.76388,3.37,1.12
2016.10.21 07:21:06.807,0.76379,0.76389,3.00,1.37
2016.10.21 07:21:06.858,0.76379,0.7639,3.00,1.50
2016.10.21 07:21:06.909,0.7638,0.76391,1.12,3.94
2016.10.21 07:21:06.985,0.76381,0.76391,1.00,2.44
2016.10.21 07:21:07.037,0.76381,0.76391,1.50,2.06
2016.10.21 07:21:07.088,0.76381,0.76391,1.50,1.69
2016.10.21 07:21:07.139,0.76381,0.76391,1.87,1.69
2016.10.21 07:21:07.190,0.76381,0.76391,1.12,1.69
2016.10.21 07:21:07.556,0.76381,0.76392,1.12,6.94
2016.10.21 07:21:07.614,0.76382,0.76392,1.00,6.19
2016.10.21 07:21:07.665,0.76382,0.76392,1.50,4.12
2016.10.21 07:21:07.768,0.76381,0.76392,1.12,4.12
2016.10.21 07:21:07.819,0.76381,0.76392,2.62,4.12
2016.10.21 07:21:07.870,0.76381,0.76392,1.87,4.12
2016.10.21 07:21:08.627,0.76381,0.76392,2.62,4.12
2016.10.21 07:21:08.679,0.76382,0.76392,3.75,4.12
2016.10.21 07:21:08.731,0.76383,0.76392,1.87,3.37
2016.10.21 07:21:08.783,0.76383,0.76392,1.12,1.50
2016.10.21 07:21:08.834,0.76383,0.76392,1.87,1.50
2016.10.21 07:21:09.378,0.76383,0.76392,1.87,1.87
2016.10.21 07:21:09.591,0.76383,0.76392,1.12,1.87
2016.10.21 07:21:09.643,0.76383,0.76392,1.00,1.87
2016.10.21 07:21:09.694,0.76382,0.76392,1.50,1.87
2016.10.21 07:21:09.745,0.76382,0.76392,1.12,1.87
2016.10.21 07:21:09.796,0.76383,0.76392,1.00,2.06
2016.10.21 07:21:09.847,0.76383,0.76392,1.00,1.87
2016.10.21 07:21:09.950,0.76383,0.76392,1.00,2.06
2016.10.21 07:21:10.236,0.76383,0.76392,1.00,2.06
2016.10.21 07:21:10.302,0.76383,0.76392,1.00,1.50
2016.10.21 07:21:11.243,0.76383,0.76391,1.00,1.00
2016.10.21 07:21:11.296,0.76383,0.76392,1.00,1.87
2016.10.21 07:21:12.057,0.76383,0.76392,1.00,2.06
2016.10.21 07:21:12.586,0.76382,0.76392,1.87,2.06
2016.10.21 07:21:13.021,0.76382,0.76392,1.12,1.87
2016.10.21 07:21:13.072,0.76382,0.76392,1.12,1.87
2016.10.21 07:21:13.515,0.76382,0.76391,1.12,1.00
2016.10.21 07:21:13.632,0.76382,0.7639,1.12,1.12
2016.10.21 07:21:13.735,0.76381,0.7639,1.87,1.12
2016.10.21 07:21:13.786,0.76381,0.7639,2.62,1.50
2016.10.21 07:21:13.837,0.76382,0.76392,1.50,6.00
2016.10.21 07:21:13.889,0.76383,0.76392,1.00,5.25
2016.10.21 07:21:13.940,0.76383,0.76392,1.00,4.12
2016.10.21 07:21:13.991,0.76383,0.76391,1.00,1.00
2016.10.21 07:21:14.326,0.76383,0.76391,1.52,1.00
2016.10.21 07:21:14.391,0.76383,0.76394,3.75,4.87
2016.10.21 07:21:14.442,0.76383,0.76394,3.75,3.75
2016.10.21 07:21:14.612,0.76383,0.76394,3.00,3.75
2016.10.21 07:21:14.663,0.76383,0.76394,2.62,3.75
2016.10.21 07:21:15.389,0.76383,0.76394,2.25,7.12
2016.10.21 07:21:15.440,0.76383,0.76394,2.62,5.62
2016.10.21 07:21:15.795,0.76383,0.76394,2.62,6.37
2016.10.21 07:21:16.190,0.76383,0.76394,2.62,5.25
2016.10.21 07:21:16.249,0.76383,0.76394,3.37,4.50
2016.10.21 07:21:16.351,0.76383,0.76394,3.37,3.75
2016.10.21 07:21:17.029,0.76383,0.76394,4.12,4.12
2016.10.21 07:21:17.362,0.76383,0.76394,3.37,3.75
2016.10.21 07:21:17.633,0.76383,0.76394,3.37,3.75
2016.10.21 07:21:18.179,0.76383,0.76394,3.37,3.75
2016.10.21 07:21:18.503,0.76383,0.76394,3.37,3.75
2016.10.21 07:21:18.561,0.76383,0.76394,4.12,4.12
2016.10.21 07:21:18.765,0.76383,0.76394,3.37,3.75
2016.10.21 07:21:18.816,0.76383,0.76394,2.62,4.50
2016.10.21 07:21:18.919,0.76383,0.76394,2.25,4.50
2016.10.21 07:21:18.970,0.76383,0.76394,1.50,4.50
2016.10.21 07:21:19.022,0.76383,0.76393,1.50,1.00
2016.10.21 07:21:19.421,0.76387,0.76394,3.75,2.62
2016.10.21 07:21:19.486,0.76391,0.76395,1.00,1.00
2016.10.21 07:21:19.538,0.76393,0.76399,1.50,3.37
2016.10.21 07:21:19.589,0.76393,0.76399,1.50,1.12
2016.10.21 07:21:19.641,0.76395,0.764,1.50,1.50
2016.10.21 07:21:19.695,0.76396,0.76401,1.00,1.00
2016.10.21 07:21:19.747,0.76395,0.76403,1.50,3.19
2016.10.21 07:21:19.798,0.76395,0.76403,1.00,1.00
2016.10.21 07:21:19.850,0.76395,0.76403,1.50,1.00
2016.10.21 07:21:20.190,0.764,0.76405,1.00,1.12
2016.10.21 07:21:20.242,0.76399,0.76407,1.50,2.25
2016.10.21 07:21:20.346,0.764,0.76407,1.00,1.00
2016.10.21 07:21:20.620,0.76401,0.76408,1.50,1.12
2016.10.21 07:21:20.671,0.76402,0.76409,1.00,1.00
2016.10.21 07:21:20.723,0.76403,0.76409,1.00,1.00
2016.10.21 07:21:20.774,0.76403,0.7641,1.00,1.50
2016.10.21 07:21:21.092,0.76403,0.76411,1.50,3.37
2016.10.21 07:21:21.144,0.76402,0.76411,1.87,3.37
2016.10.21 07:21:21.196,0.76403,0.76411,1.00,1.50
2016.10.21 07:21:21.248,0.76402,0.76411,1.87,1.12
2016.10.21 07:21:21.350,0.76402,0.76411,1.87,1.50
2016.10.21 07:21:21.401,0.76402,0.76411,1.87,1.87
2016.10.21 07:21:21.453,0.76402,0.76411,1.50,1.87
2016.10.21 07:21:21.555,0.76402,0.76411,1.50,1.00
2016.10.21 07:21:21.607,0.76402,0.76412,1.50,2.25
2016.10.21 07:21:21.709,0.76402,0.76413,1.50,6.75
2016.10.21 07:21:21.760,0.76403,0.76413,1.00,8.77
2016.10.21 07:21:22.071,0.76403,0.76413,1.00,8.77
2016.10.21 07:21:22.123,0.76403,0.76412,1.00,1.06
2016.10.21 07:21:22.430,0.76403,0.76413,1.50,5.37
2016.10.21 07:21:22.532,0.76404,0.76413,1.00,4.62
2016.10.21 07:21:22.634,0.76404,0.76413,1.50,5.25
2016.10.21 07:21:22.735,0.76404,0.76413,1.00,4.31
2016.10.21 07:21:23.463,0.76404,0.76413,1.00,3.56
2016.10.21 07:21:23.514,0.76403,0.76413,1.50,3.56
2016.10.21 07:21:23.565,0.76403,0.76413,1.50,3.56
2016.10.21 07:21:23.820,0.76404,0.76413,1.00,3.56
2016.10.21 07:21:23.871,0.76403,0.76413,1.50,3.19
2016.10.21 07:21:24.862,0.76403,0.76413,1.50,3.56
2016.10.21 07:21:24.913,0.76404,0.76413,1.00,3.56
2016.10.21 07:21:24.973,0.76404,0.76413,1.00,3.19
2016.10.21 07:21:25.126,0.76403,0.76413,1.00,3.19
2016.10.21 07:21:25.178,0.76403,0.76412,1.00,1.37
2016.10.21 07:21:25.229,0.76403,0.76412,1.12,1.37
2016.10.21 07:21:25.280,0.76403,0.76412,1.12,1.87
2016.10.21 07:21:25.332,0.76403,0.76412,1.00,3.00
2016.10.21 07:21:25.659,0.76402,0.7641,1.00,1.37
2016.10.21 07:21:25.919,0.76402,0.76412,1.00,3.75
2016.10.21 07:21:25.970,0.76402,0.76412,1.00,2.25
2016.10.21 07:21:26.073,0.764,0.76411,2.62,2.74
2016.10.21 07:21:26.124,0.764,0.76411,3.75,3.49
2016.10.21 07:21:26.175,0.764,0.76411,3.75,3.37
2016.10.21 07:21:26.532,0.764,0.76411,3.75,3.75
2016.10.21 07:21:26.786,0.764,0.76411,3.75,1.00
2016.10.21 07:21:26.837,0.764,0.76411,2.62,1.00
2016.10.21 07:21:26.888,0.764,0.76412,2.62,3.37
2016.10.21 07:21:27.093,0.764,0.76412,2.62,2.62
2016.10.21 07:21:27.297,0.764,0.76412,2.62,1.87
2016.10.21 07:21:27.450,0.764,0.76412,1.87,1.87
2016.10.21 07:21:27.905,0.76401,0.76412,1.12,1.87
2016.10.21 07:21:28.007,0.76401,0.76412,1.50,1.50
2016.10.21 07:21:28.109,0.76401,0.76412,1.50,1.12
2016.10.21 07:21:28.161,0.76401,0.76411,1.50,1.00
2016.10.21 07:21:28.578,0.76401,0.76411,2.25,1.00
2016.10.21 07:21:28.629,0.76401,0.76412,2.25,2.62
2016.10.21 07:21:28.680,0.76401,0.76412,2.25,1.87
2016.10.21 07:21:28.731,0.76401,0.76412,3.00,2.62
2016.10.21 07:21:29.069,0.76401,0.76412,2.25,1.87
2016.10.21 07:21:29.794,0.76401,0.76412,1.50,1.87
2016.10.21 07:21:29.846,0.76402,0.76412,1.00,1.87
2016.10.21 07:21:30.275,0.76402,0.76412,1.00,2.25
2016.10.21 07:21:30.329,0.76401,0.76412,3.00,2.25
2016.10.21 07:21:30.380,0.76402,0.76412,1.00,3.75
2016.10.21 07:21:30.432,0.76402,0.7641,1.00,1.00
2016.10.21 07:21:30.483,0.76401,0.76411,2.62,2.62
2016.10.21 07:21:30.535,0.764,0.76411,3.75,4.12
2016.10.21 07:21:30.586,0.764,0.7641,3.75,1.12
2016.10.21 07:21:30.637,0.764,0.76411,2.62,4.50
2016.10.21 07:21:30.688,0.764,0.7641,1.87,2.62
2016.10.21 07:21:30.740,0.76399,0.7641,5.62,2.62
2016.10.21 07:21:30.791,0.76399,0.7641,3.75,2.62
2016.10.21 07:21:30.842,0.76399,0.7641,3.37,2.62
2016.10.21 07:21:31.263,0.764,0.7641,1.00,1.12
2016.10.21 07:21:31.320,0.764,0.76411,1.50,4.87
2016.10.21 07:21:31.583,0.76401,0.7641,1.00,1.12
2016.10.21 07:21:31.634,0.76401,0.7641,1.00,1.12
2016.10.21 07:21:32.824,0.76399,0.76405,2.62,1.00
2016.10.21 07:21:32.875,0.76399,0.76405,2.25,1.00
2016.10.21 07:21:32.926,0.76399,0.76406,1.00,5.32
2016.10.21 07:21:32.977,0.76398,0.76406,1.50,6.07
2016.10.21 07:21:33.617,0.76398,0.76405,4.50,1.00
2016.10.21 07:21:33.678,0.76402,0.76412,1.00,4.31
2016.10.21 07:21:33.730,0.76401,0.76412,1.50,2.81
2016.10.21 07:21:33.892,0.76401,0.76412,1.50,2.81
2016.10.21 07:21:33.943,0.76402,0.76412,1.50,3.56
2016.10.21 07:21:33.995,0.76402,0.76412,1.00,2.62
2016.10.21 07:21:34.046,0.76402,0.76413,1.00,3.75
2016.10.21 07:21:34.490,0.76401,0.76412,1.87,1.69
2016.10.21 07:21:34.542,0.76401,0.76411,1.12,1.12
2016.10.21 07:21:34.594,0.76401,0.76412,1.12,3.56
2016.10.21 07:21:34.848,0.76401,0.76412,1.12,2.81
2016.10.21 07:21:34.900,0.764,0.76412,3.75,2.81
2016.10.21 07:21:34.951,0.764,0.76412,2.62,2.81
2016.10.21 07:21:35.054,0.764,0.76411,1.87,1.87
2016.10.21 07:21:35.105,0.764,0.76411,2.62,1.12
2016.10.21 07:21:35.157,0.76401,0.76411,1.12,1.12
2016.10.21 07:21:35.532,0.76401,0.76412,1.87,4.31
2016.10.21 07:21:35.584,0.76401,0.76412,1.12,2.06
2016.10.21 07:21:35.686,0.76401,0.76412,1.87,4.31
2016.10.21 07:21:36.195,0.76401,0.76412,1.87,3.94
2016.10.21 07:21:37.049,0.76401,0.76412,1.12,1.69
2016.10.21 07:21:37.354,0.76401,0.76412,1.87,3.94
2016.10.21 07:21:37.461,0.76401,0.76412,1.12,1.69
2016.10.21 07:21:38.074,0.76401,0.76412,1.87,2.81
2016.10.21 07:21:38.126,0.76401,0.76412,1.87,3.56
2016.10.21 07:21:38.431,0.76401,0.76412,1.87,2.81
2016.10.21 07:21:38.853,0.76401,0.76412,1.87,2.06
2016.10.21 07:21:38.904,0.76401,0.76412,1.87,2.06
2016.10.21 07:21:40.876,0.76401,0.76412,1.87,2.81
2016.10.21 07:21:40.978,0.76401,0.7641,1.87,1.50
2016.10.21 07:21:41.029,0.76401,0.7641,1.12,1.50
2016.10.21 07:21:41.081,0.764,0.7641,4.50,1.00
2016.10.21 07:21:41.132,0.76401,0.7641,1.12,1.50
2016.10.21 07:21:41.234,0.76401,0.7641,1.00,1.87
2016.10.21 07:21:41.848,0.76398,0.76406,1.50,1.87
2016.10.21 07:21:41.899,0.76396,0.76405,1.75,1.87
2016.10.21 07:21:41.950,0.76396,0.76406,1.50,4.50
2016.10.21 07:21:42.002,0.76397,0.76406,1.00,5.02
2016.10.21 07:21:42.053,0.76397,0.76406,1.00,1.87
2016.10.21 07:21:42.104,0.76396,0.76406,1.87,1.50
2016.10.21 07:21:42.156,0.76396,0.76406,3.00,1.00
2016.10.21 07:21:42.207,0.76397,0.76407,1.50,1.87
2016.10.21 07:21:42.258,0.76397,0.76408,1.50,5.25
2016.10.21 07:21:42.310,0.76397,0.76408,1.87,6.75
2016.10.21 07:21:42.361,0.76397,0.76407,1.87,1.37
2016.10.21 07:21:42.412,0.76398,0.76407,1.37,1.37
2016.10.21 07:21:42.793,0.76397,0.76407,1.12,1.00
2016.10.21 07:21:42.844,0.76397,0.76407,1.50,1.00
2016.10.21 07:21:43.028,0.76397,0.76407,2.25,1.00
2016.10.21 07:21:43.131,0.76397,0.76406,1.12,1.00
2016.10.21 07:21:43.233,0.76397,0.76406,1.12,1.12
2016.10.21 07:21:43.386,0.76397,0.76407,1.12,1.37
2016.10.21 07:21:43.438,0.76397,0.76407,1.12,1.12
2016.10.21 07:21:43.490,0.76399,0.76407,1.00,1.12
2016.10.21 07:21:43.799,0.76399,0.76409,1.00,4.69
2016.10.21 07:21:44.222,0.76398,0.76409,1.87,3.19
2016.10.21 07:21:44.440,0.76399,0.76409,1.00,4.50
2016.10.21 07:21:44.514,0.76398,0.76409,1.87,3.00
2016.10.21 07:21:45.063,0.76396,0.76403,2.44,1.00
2016.10.21 07:21:45.119,0.76395,0.76403,1.75,1.00
2016.10.21 07:21:45.170,0.76394,0.76403,1.37,1.50
2016.10.21 07:21:45.222,0.76394,0.76404,1.37,2.81
2016.10.21 07:21:45.273,0.76394,0.76403,1.00,1.37
2016.10.21 07:21:45.477,0.76394,0.76403,1.00,1.37
2016.10.21 07:21:46.055,0.76393,0.76403,1.00,1.37
2016.10.21 07:21:46.163,0.76392,0.76403,5.25,1.37
2016.10.21 07:21:46.215,0.76392,0.76403,4.50,1.37
2016.10.21 07:21:46.615,0.76392,0.76403,6.00,1.37
2016.10.21 07:21:47.136,0.76393,0.76403,1.00,1.37
2016.10.21 07:21:47.187,0.76393,0.76403,1.50,1.37
2016.10.21 07:21:47.510,0.76393,0.76403,1.00,1.37
2016.10.21 07:21:47.561,0.76393,0.76403,1.50,1.37
2016.10.21 07:21:48.383,0.76393,0.76403,1.00,1.37
2016.10.21 07:21:49.079,0.76393,0.76403,3.00,1.37
2016.10.21 07:21:49.181,0.76393,0.76403,2.25,1.37
2016.10.21 07:21:49.284,0.76393,0.76403,3.00,1.37
2016.10.21 07:21:49.547,0.76393,0.76403,3.75,1.37
2016.10.21 07:21:50.080,0.76393,0.76403,2.25,1.37
2016.10.21 07:21:50.787,0.76393,0.76403,1.50,1.37
2016.10.21 07:21:50.838,0.76393,0.76403,1.00,1.37
2016.10.21 07:21:52.754,0.76393,0.76402,1.50,1.34
2016.10.21 07:21:52.806,0.76393,0.76401,1.50,1.50
2016.10.21 07:21:52.857,0.76393,0.764,1.00,1.12
2016.10.21 07:21:52.908,0.76392,0.76401,1.12,1.50
2016.10.21 07:21:52.960,0.76391,0.76401,2.25,1.50
2016.10.21 07:21:53.011,0.76393,0.76402,1.00,3.00
2016.10.21 07:21:53.062,0.76393,0.76402,1.00,1.37
2016.10.21 07:21:53.114,0.76393,0.76402,1.50,1.37
2016.10.21 07:21:53.165,0.76393,0.76402,1.50,1.12
2016.10.21 07:21:54.013,0.76393,0.76402,1.00,1.12
2016.10.21 07:21:56.364,0.76392,0.76402,3.37,1.12
2016.10.21 07:21:56.415,0.76392,0.76402,2.62,1.12
2016.10.21 07:21:56.754,0.76392,0.76402,2.62,1.50
2016.10.21 07:21:57.171,0.76392,0.76402,1.87,1.50
2016.10.21 07:21:58.147,0.76392,0.76402,2.25,1.50
2016.10.21 07:21:58.216,0.76392,0.76402,1.50,1.50
2016.10.21 07:21:59.396,0.76392,0.76402,1.50,2.25
2016.10.21 07:22:00.210,0.76392,0.76402,1.50,1.50
2016.10.21 07:22:00.529,0.76392,0.76402,1.50,1.50
2016.10.21 07:22:00.581,0.76392,0.76402,1.50,1.12
2016.10.21 07:22:00.633,0.76392,0.76402,1.50,1.12
2016.10.21 07:22:02.202,0.76392,0.76402,1.87,1.12
2016.10.21 07:22:02.254,0.76392,0.76402,2.62,1.12
2016.10.21 07:22:02.356,0.76393,0.76403,1.00,2.25
2016.10.21 07:22:02.459,0.76392,0.76403,2.25,1.37
2016.10.21 07:22:02.510,0.76392,0.76403,2.62,1.37
2016.10.21 07:22:02.613,0.76393,0.76403,1.00,1.37
2016.10.21 07:22:02.664,0.76393,0.76403,2.25,1.00
2016.10.21 07:22:02.767,0.76394,0.76403,1.00,1.00
2016.10.21 07:22:02.920,0.76394,0.76403,2.50,1.00
2016.10.21 07:22:02.971,0.76394,0.76403,2.12,1.00
2016.10.21 07:22:03.292,0.76393,0.76403,3.62,1.00
2016.10.21 07:22:03.343,0.76394,0.76403,2.12,1.00
2016.10.21 07:22:03.730,0.76393,0.76403,3.25,1.00
2016.10.21 07:22:03.781,0.76394,0.76405,1.00,9.37
2016.10.21 07:22:03.832,0.76394,0.76405,3.97,5.25
2016.10.21 07:22:03.883,0.76394,0.76405,2.85,3.00
2016.10.21 07:22:03.935,0.76394,0.76405,2.85,3.00
2016.10.21 07:22:04.250,0.76398,0.76405,1.00,2.62
2016.10.21 07:22:04.311,0.76398,0.76404,1.00,1.12
2016.10.21 07:22:04.363,0.76396,0.76404,1.50,1.50
2016.10.21 07:22:04.536,0.76396,0.76404,1.00,1.12
2016.10.21 07:22:05.000,0.76396,0.76404,1.00,1.50
2016.10.21 07:22:05.052,0.76396,0.76404,1.50,1.12
2016.10.21 07:22:05.419,0.76396,0.76404,1.00,1.00
2016.10.21 07:22:05.521,0.76397,0.76404,1.00,1.12
2016.10.21 07:22:05.623,0.76397,0.76404,1.50,1.12
2016.10.21 07:22:06.396,0.76399,0.76404,1.00,1.12
2016.10.21 07:22:06.448,0.76399,0.76409,1.50,2.06
2016.10.21 07:22:06.550,0.76399,0.76409,1.50,1.69
2016.10.21 07:22:06.601,0.76399,0.76409,2.25,1.69
2016.10.21 07:22:06.704,0.76399,0.76409,1.00,1.25
2016.10.21 07:22:06.806,0.76399,0.76409,1.50,1.25
2016.10.21 07:22:06.857,0.76399,0.76409,1.87,1.25
2016.10.21 07:22:06.959,0.76399,0.7641,1.87,2.44
2016.10.21 07:22:07.061,0.76399,0.7641,2.62,2.44
2016.10.21 07:22:07.440,0.764,0.7641,1.00,1.19
2016.10.21 07:22:07.491,0.764,0.7641,1.50,1.19
2016.10.21 07:22:07.542,0.764,0.7641,1.00,1.19
2016.10.21 07:22:07.644,0.76399,0.7641,2.62,1.19
2016.10.21 07:22:07.746,0.764,0.7641,1.00,1.19
2016.10.21 07:22:08.001,0.76399,0.7641,4.50,1.19
2016.10.21 07:22:08.102,0.764,0.7641,1.00,1.19
2016.10.21 07:22:08.153,0.764,0.7641,1.50,1.19
2016.10.21 07:22:08.851,0.764,0.7641,1.50,1.19
2016.10.21 07:22:08.902,0.76401,0.7641,1.00,1.19
2016.10.21 07:22:09.019,0.764,0.7641,1.50,1.19
2016.10.21 07:22:09.070,0.764,0.7641,1.50,1.19
2016.10.21 07:22:09.172,0.764,0.7641,1.50,1.19
2016.10.21 07:22:09.325,0.76401,0.7641,1.00,1.19
2016.10.21 07:22:09.377,0.764,0.7641,1.50,1.19
2016.10.21 07:22:10.122,0.764,0.7641,1.50,1.19
2016.10.21 07:22:10.224,0.76401,0.7641,1.00,1.19
2016.10.21 07:22:10.431,0.764,0.7641,1.50,1.19
2016.10.21 07:22:10.779,0.76401,0.7641,1.00,1.19
2016.10.21 07:22:10.830,0.764,0.7641,1.50,1.19
2016.10.21 07:22:11.123,0.76401,0.7641,1.00,1.19
2016.10.21 07:22:11.476,0.764,0.7641,2.25,1.19
2016.10.21 07:22:11.579,0.76401,0.7641,1.00,1.19
2016.10.21 07:22:11.749,0.76401,0.7641,1.00,1.19
2016.10.21 07:22:11.902,0.76401,0.76411,1.00,3.67
2016.10.21 07:22:12.799,0.764,0.76411,2.25,3.56
2016.10.21 07:22:12.850,0.764,0.76411,2.25,3.37
2016.10.21 07:22:12.902,0.76401,0.76411,1.12,1.12
2016.10.21 07:22:13.316,0.76403,0.76413,1.00,5.62
2016.10.21 07:22:13.367,0.76403,0.76413,1.00,3.00
2016.10.21 07:22:13.419,0.76403,0.76413,1.50,3.00
2016.10.21 07:22:13.520,0.76403,0.76413,1.00,3.00
2016.10.21 07:22:14.998,0.76404,0.76413,1.00,3.00
2016.10.21 07:22:15.050,0.76403,0.76413,2.25,2.25
2016.10.21 07:22:16.297,0.76404,0.76413,1.00,2.25
2016.10.21 07:22:19.548,0.76405,0.76413,1.50,2.25
2016.10.21 07:22:20.730,0.76405,0.76413,1.50,1.87
2016.10.21 07:22:20.883,0.76405,0.76413,1.50,1.87
2016.10.21 07:22:20.934,0.76405,0.76412,1.00,1.00
2016.10.21 07:22:22.040,0.76404,0.76412,1.00,1.00
2016.10.21 07:22:22.277,0.76403,0.76412,2.25,1.00
2016.10.21 07:22:22.329,0.76403,0.76413,2.25,2.25
2016.10.21 07:22:22.380,0.76403,0.76413,2.25,2.25
2016.10.21 07:22:23.056,0.76403,0.76413,2.25,2.25
2016.10.21 07:22:23.310,0.76404,0.76413,1.00,2.25
2016.10.21 07:22:23.412,0.76404,0.76413,1.00,1.87
2016.10.21 07:22:23.463,0.76403,0.76413,2.25,1.37
2016.10.21 07:22:23.514,0.76403,0.76413,2.25,1.50
2016.10.21 07:22:24.287,0.76405,0.76413,1.00,1.50
2016.10.21 07:22:24.339,0.76405,0.76413,1.50,1.50
2016.10.21 07:22:25.061,0.76405,0.76413,1.50,1.50
2016.10.21 07:22:25.427,0.76405,0.76413,1.00,1.50
2016.10.21 07:22:25.627,0.76405,0.76413,1.50,1.50
2016.10.21 07:22:25.679,0.76405,0.76413,1.50,1.50
2016.10.21 07:22:25.730,0.76405,0.76412,1.00,1.00
2016.10.21 07:22:25.832,0.76405,0.76413,1.00,1.37
2016.10.21 07:22:25.883,0.76405,0.76414,1.00,1.12
2016.10.21 07:22:26.628,0.76404,0.76414,2.10,1.12
2016.10.21 07:22:26.680,0.76404,0.76414,1.50,1.12
2016.10.21 07:22:27.189,0.76404,0.76414,2.10,1.12
2016.10.21 07:22:27.291,0.76404,0.76414,2.10,1.12
2016.10.21 07:22:28.431,0.76405,0.76414,1.00,1.50
2016.10.21 07:22:28.482,0.76405,0.76414,1.00,1.50
2016.10.21 07:22:28.855,0.76405,0.76414,1.00,1.50
2016.10.21 07:22:29.444,0.76404,0.76414,4.35,1.12
2016.10.21 07:22:29.504,0.76405,0.76415,1.35,3.75
2016.10.21 07:22:29.555,0.76405,0.76414,2.10,1.00
2016.10.21 07:22:31.210,0.76405,0.76414,1.35,1.00
2016.10.21 07:22:32.107,0.76404,0.76414,5.10,1.00
2016.10.21 07:22:32.260,0.76404,0.76414,4.35,1.00
2016.10.21 07:22:32.311,0.76404,0.76414,4.35,1.00
2016.10.21 07:22:33.014,0.7641,0.76414,1.00,1.00
2016.10.21 07:22:33.065,0.76411,0.76416,2.25,1.37
2016.10.21 07:22:33.117,0.76411,0.76417,1.87,1.50
2016.10.21 07:22:33.168,0.76412,0.76417,2.25,1.37
2016.10.21 07:22:33.219,0.76414,0.76423,1.00,1.12
2016.10.21 07:22:33.372,0.76413,0.76423,1.87,1.00
2016.10.21 07:22:33.744,0.76413,0.76424,1.50,3.00
2016.10.21 07:22:33.806,0.76413,0.76424,1.50,3.11
2016.10.21 07:22:33.908,0.76413,0.76424,1.50,3.00
2016.10.21 07:22:34.060,0.76413,0.76423,2.25,1.50
2016.10.21 07:22:34.111,0.76413,0.76423,1.00,2.25
2016.10.21 07:22:34.162,0.76413,0.76423,1.50,3.56
2016.10.21 07:22:34.213,0.76413,0.76422,2.25,1.46
2016.10.21 07:22:34.265,0.76413,0.76422,2.25,1.84
2016.10.21 07:22:34.316,0.76413,0.76422,1.00,1.84
2016.10.21 07:22:34.368,0.76412,0.76422,1.87,1.84
2016.10.21 07:22:34.961,0.76412,0.76422,1.87,1.25
2016.10.21 07:22:35.017,0.76412,0.76422,1.87,1.46
2016.10.21 07:22:35.074,0.76412,0.76422,1.87,1.25
2016.10.21 07:22:35.178,0.76412,0.76422,1.87,1.46
2016.10.21 07:22:35.433,0.76412,0.76422,1.87,1.57
2016.10.21 07:22:35.848,0.76412,0.76422,1.87,1.25
2016.10.21 07:22:35.907,0.76412,0.76422,1.12,1.25
2016.10.21 07:22:35.958,0.76412,0.76422,1.12,1.57
2016.10.21 07:22:36.060,0.76413,0.76422,1.00,1.57
2016.10.21 07:22:36.164,0.76413,0.76422,1.00,1.25
2016.10.21 07:22:36.234,0.76413,0.76422,1.00,1.25
2016.10.21 07:22:37.636,0.76412,0.76422,3.00,1.25
2016.10.21 07:22:38.051,0.76413,0.76422,1.00,1.25
2016.10.21 07:22:38.536,0.76413,0.76422,1.00,1.00
2016.10.21 07:22:38.638,0.76413,0.76422,3.75,1.00
2016.10.21 07:22:38.690,0.76413,0.76422,4.35,1.00
2016.10.21 07:22:39.014,0.76413,0.76424,4.35,3.00
2016.10.21 07:22:39.069,0.76414,0.76424,1.35,3.37
2016.10.21 07:22:39.171,0.76414,0.76424,1.00,3.37
2016.10.21 07:22:39.325,0.76414,0.76424,1.35,3.37
2016.10.21 07:22:40.403,0.76414,0.76424,1.35,1.87
2016.10.21 07:22:41.337,0.76414,0.76424,1.00,1.87
2016.10.21 07:22:41.627,0.76414,0.76423,1.00,1.00
2016.10.21 07:22:41.679,0.76413,0.76424,4.72,1.87
2016.10.21 07:22:42.362,0.76413,0.76424,3.97,2.62
2016.10.21 07:22:42.413,0.76413,0.76423,3.97,1.12
2016.10.21 07:22:42.465,0.76413,0.76423,2.25,1.69
2016.10.21 07:22:42.765,0.76413,0.76423,2.25,2.44
2016.10.21 07:22:42.827,0.76412,0.76422,2.62,1.00
2016.10.21 07:22:42.879,0.76412,0.76422,2.62,1.36
2016.10.21 07:22:42.981,0.76412,0.76422,2.62,1.25
2016.10.21 07:22:43.032,0.76412,0.76422,2.62,1.15
2016.10.21 07:22:43.186,0.76412,0.76422,2.62,1.00
2016.10.21 07:22:43.237,0.76411,0.76422,3.37,3.49
2016.10.21 07:22:43.288,0.76411,0.76422,2.25,4.24
2016.10.21 07:22:43.339,0.76411,0.76421,1.50,1.87
2016.10.21 07:22:43.930,0.76411,0.76419,1.50,3.56
2016.10.21 07:22:43.988,0.76406,0.76417,3.00,1.69
2016.10.21 07:22:44.039,0.76406,0.76417,2.25,1.69
2016.10.21 07:22:44.090,0.76406,0.76417,1.50,2.06
2016.10.21 07:22:44.142,0.76406,0.76417,1.12,2.06
2016.10.21 07:22:44.193,0.76406,0.76416,1.87,1.00
2016.10.21 07:22:44.296,0.76405,0.76417,10.38,1.00
2016.10.21 07:22:44.347,0.76406,0.76417,2.28,1.25
2016.10.21 07:22:44.400,0.76406,0.76417,3.03,1.25
2016.10.21 07:22:44.835,0.76406,0.76417,2.25,1.00
2016.10.21 07:22:44.887,0.76406,0.76417,3.00,1.25
2016.10.21 07:22:44.939,0.76406,0.76417,2.25,1.00
2016.10.21 07:22:45.041,0.76406,0.76417,3.00,1.25
2016.10.21 07:22:45.092,0.76406,0.76417,6.00,1.25
2016.10.21 07:22:45.143,0.76406,0.76417,5.25,1.00
2016.10.21 07:22:45.605,0.76406,0.76417,5.25,1.15
2016.10.21 07:22:45.657,0.76406,0.76417,5.25,1.00
2016.10.21 07:22:46.030,0.76406,0.76417,6.00,1.00
2016.10.21 07:22:46.081,0.76407,0.76417,1.87,1.25
2016.10.21 07:22:47.245,0.76407,0.76417,1.12,1.25
2016.10.21 07:22:47.399,0.76406,0.76417,3.37,1.00
2016.10.21 07:22:47.450,0.76406,0.76417,3.37,1.15
2016.10.21 07:22:47.755,0.76407,0.76417,1.12,1.25
2016.10.21 07:22:47.806,0.76406,0.76417,3.37,1.00
2016.10.21 07:22:48.906,0.76409,0.76419,3.00,5.21
2016.10.21 07:22:48.957,0.7641,0.76419,1.00,1.00
2016.10.21 07:22:49.030,0.7641,0.7642,1.00,2.25
2016.10.21 07:22:49.082,0.7641,0.7642,1.00,1.50
2016.10.21 07:22:50.184,0.7641,0.7642,1.00,1.00
2016.10.21 07:22:50.337,0.7641,0.7642,1.50,1.00
2016.10.21 07:22:50.439,0.7641,0.7642,2.25,1.00
2016.10.21 07:22:51.068,0.76411,0.7642,1.00,1.00
2016.10.21 07:22:51.817,0.76411,0.7642,1.00,1.37
2016.10.21 07:22:52.484,0.76411,0.7642,1.00,1.37
2016.10.21 07:22:53.478,0.7641,0.76415,1.00,1.50
2016.10.21 07:22:53.529,0.76409,0.76418,3.37,1.12
2016.10.21 07:22:53.580,0.76409,0.76416,2.25,1.12
2016.10.21 07:22:53.632,0.76409,0.76417,1.87,3.00
2016.10.21 07:22:53.683,0.76409,0.76416,1.50,1.12
2016.10.21 07:22:53.734,0.76409,0.76416,1.50,1.00
2016.10.21 07:22:53.785,0.76409,0.76417,1.50,3.56
2016.10.21 07:22:54.086,0.76409,0.76416,1.50,1.12
2016.10.21 07:22:54.138,0.76407,0.76416,1.00,1.12
2016.10.21 07:22:54.189,0.76407,0.76416,1.00,1.00
2016.10.21 07:22:54.241,0.76407,0.76417,1.00,1.37
2016.10.21 07:22:54.782,0.76408,0.76419,2.62,3.19
2016.10.21 07:22:54.834,0.76408,0.76419,3.75,2.06
2016.10.21 07:22:54.885,0.76408,0.76419,4.50,1.31
2016.10.21 07:22:54.936,0.76408,0.76419,4.12,1.62
2016.10.21 07:22:54.987,0.76408,0.76419,3.37,1.62
2016.10.21 07:22:55.039,0.76408,0.76419,2.62,1.37
2016.10.21 07:22:55.090,0.76408,0.76419,3.75,1.37
2016.10.21 07:22:55.524,0.76409,0.76419,1.12,1.00
2016.10.21 07:22:55.575,0.76409,0.76419,1.87,1.00
2016.10.21 07:22:55.626,0.76409,0.76419,1.87,1.12
2016.10.21 07:22:55.677,0.76409,0.76419,1.12,1.12
2016.10.21 07:22:56.401,0.76409,0.76419,1.12,1.37
2016.10.21 07:22:56.457,0.76408,0.76419,4.50,2.62
2016.10.21 07:22:56.509,0.76408,0.76419,4.50,2.62
2016.10.21 07:22:56.560,0.76409,0.76419,1.12,1.37
2016.10.21 07:22:56.612,0.76409,0.76419,1.12,1.12
2016.10.21 07:22:56.869,0.76409,0.76419,1.87,1.12
2016.10.21 07:22:56.920,0.76409,0.76419,1.87,1.00
2016.10.21 07:22:56.972,0.76409,0.7642,1.12,4.87
2016.10.21 07:22:57.074,0.76409,0.7642,1.12,3.37
2016.10.21 07:22:57.422,0.76409,0.76415,1.00,3.75
2016.10.21 07:22:57.478,0.76404,0.76415,2.25,1.50
2016.10.21 07:22:57.529,0.76404,0.76415,2.62,1.50
2016.10.21 07:22:57.903,0.76405,0.76415,1.37,1.50
2016.10.21 07:22:58.010,0.76404,0.76415,3.00,1.50
2016.10.21 07:22:58.061,0.76404,0.76416,3.37,8.92
2016.10.21 07:22:58.214,0.76404,0.76416,3.40,8.92
2016.10.21 07:22:58.315,0.76404,0.76414,3.37,1.00
2016.10.21 07:22:58.367,0.76404,0.76414,2.62,2.25
2016.10.21 07:22:58.419,0.76404,0.76415,2.25,2.62
2016.10.21 07:22:58.708,0.76404,0.76414,1.12,1.00
2016.10.21 07:22:58.768,0.76404,0.76414,2.62,1.12
2016.10.21 07:22:58.870,0.76404,0.76414,2.62,1.50
2016.10.21 07:22:58.921,0.76404,0.76413,1.00,1.00
2016.10.21 07:22:58.972,0.76403,0.76414,1.00,4.12
2016.10.21 07:22:59.023,0.76403,0.76414,1.00,3.75
2016.10.21 07:22:59.074,0.76403,0.76413,1.00,1.00
2016.10.21 07:22:59.125,0.76402,0.76413,3.75,1.00
2016.10.21 07:22:59.176,0.76402,0.76413,4.87,1.00
2016.10.21 07:22:59.227,0.76402,0.76413,4.12,2.81
2016.10.21 07:22:59.574,0.76401,0.76413,5.10,2.81
2016.10.21 07:23:00.279,0.76401,0.76413,4.35,2.81
2016.10.21 07:23:00.330,0.76401,0.76413,4.50,5.44
2016.10.21 07:23:00.610,0.76401,0.76412,3.75,1.37
2016.10.21 07:23:00.663,0.76401,0.76412,1.12,1.50
2016.10.21 07:23:00.714,0.76401,0.76412,1.12,2.25
2016.10.21 07:23:00.765,0.76401,0.76412,1.87,2.25
2016.10.21 07:23:00.970,0.76401,0.76412,2.62,3.00
2016.10.21 07:23:01.072,0.76401,0.76412,3.00,3.00
2016.10.21 07:23:01.123,0.76401,0.76412,3.00,2.25
2016.10.21 07:23:01.226,0.76401,0.76412,3.00,3.00
2016.10.21 07:23:01.840,0.76401,0.76412,1.87,2.62
2016.10.21 07:23:01.940,0.76401,0.76412,2.47,2.62
2016.10.21 07:23:01.992,0.76401,0.76412,2.47,1.87
2016.10.21 07:23:02.094,0.76401,0.76412,1.87,2.62
2016.10.21 07:23:02.145,0.76401,0.76412,1.75,2.62
2016.10.21 07:23:02.247,0.76401,0.76412,1.00,2.25
2016.10.21 07:23:02.349,0.76401,0.76412,2.62,2.25
2016.10.21 07:23:02.681,0.76401,0.76412,1.00,3.00
2016.10.21 07:23:02.987,0.76401,0.76412,1.50,4.12
2016.10.21 07:23:03.191,0.76401,0.76412,1.00,3.00
2016.10.21 07:23:03.344,0.76401,0.76412,1.50,4.12
2016.10.21 07:23:03.599,0.76401,0.76412,1.00,4.87
2016.10.21 07:23:03.894,0.76401,0.76412,1.00,5.62
2016.10.21 07:23:03.966,0.764,0.76411,1.12,1.12
2016.10.21 07:23:04.068,0.764,0.76411,1.00,1.50
2016.10.21 07:23:04.120,0.764,0.76409,1.50,1.00
2016.10.21 07:23:04.761,0.76399,0.76409,5.06,1.00
2016.10.21 07:23:04.863,0.76399,0.76409,3.94,1.00
2016.10.21 07:23:05.120,0.76399,0.76409,2.44,1.00
2016.10.21 07:23:05.656,0.76399,0.76409,2.06,1.00
2016.10.21 07:23:05.861,0.76399,0.76409,3.56,1.00
2016.10.21 07:23:06.116,0.76399,0.76409,2.06,1.00
2016.10.21 07:23:06.853,0.76399,0.76409,3.56,1.00
2016.10.21 07:23:06.905,0.76399,0.76409,2.06,1.00
2016.10.21 07:23:07.159,0.76399,0.76409,3.56,1.00
2016.10.21 07:23:07.210,0.76399,0.76409,2.81,1.00
2016.10.21 07:23:07.363,0.76399,0.76409,2.06,1.00
2016.10.21 07:23:07.815,0.76399,0.76409,2.81,1.00
2016.10.21 07:23:07.967,0.76399,0.76409,2.06,1.00
2016.10.21 07:23:08.120,0.76399,0.76409,1.31,1.00
2016.10.21 07:23:08.171,0.76401,0.76409,1.50,1.00
2016.10.21 07:23:08.222,0.76401,0.7641,1.00,1.00
2016.10.21 07:23:08.273,0.764,0.7641,1.50,1.00
2016.10.21 07:23:08.735,0.76399,0.7641,5.44,1.00
2016.10.21 07:23:08.891,0.764,0.7641,1.00,1.00
2016.10.21 07:23:08.993,0.76399,0.76409,5.44,1.00
2016.10.21 07:23:09.247,0.764,0.76409,1.00,1.00
2016.10.21 07:23:09.298,0.76399,0.76409,5.44,1.00
2016.10.21 07:23:09.349,0.764,0.7641,1.00,1.00
2016.10.21 07:23:09.400,0.76399,0.7641,5.25,1.00
2016.10.21 07:23:09.977,0.76399,0.7641,4.50,1.00
2016.10.21 07:23:10.028,0.76399,0.7641,5.25,1.00
2016.10.21 07:23:10.181,0.76399,0.7641,4.50,1.00
2016.10.21 07:23:10.232,0.76399,0.7641,3.37,1.00
2016.10.21 07:23:11.181,0.76399,0.7641,4.12,1.00
2016.10.21 07:23:11.283,0.76399,0.7641,3.37,1.00
2016.10.21 07:23:11.934,0.76399,0.7641,4.12,1.00
2016.10.21 07:23:12.373,0.76399,0.7641,4.12,1.00
2016.10.21 07:23:12.475,0.76399,0.76408,4.12,1.00
2016.10.21 07:23:12.527,0.76399,0.76408,2.62,1.33
2016.10.21 07:23:12.578,0.76399,0.76408,2.62,1.00
2016.10.21 07:23:12.630,0.76399,0.76408,2.25,1.04
2016.10.21 07:23:12.682,0.76399,0.76408,1.50,1.15
2016.10.21 07:23:12.734,0.76399,0.76408,1.00,1.04
2016.10.21 07:23:13.059,0.76398,0.76408,1.50,1.04
2016.10.21 07:23:13.110,0.76397,0.76408,5.47,1.04
2016.10.21 07:23:13.213,0.76397,0.76408,6.60,1.15
2016.10.21 07:23:13.315,0.76397,0.76408,4.87,1.04
2016.10.21 07:23:13.418,0.76397,0.76408,4.87,1.00
2016.10.21 07:23:13.469,0.76397,0.76408,6.00,1.15
2016.10.21 07:23:13.576,0.76397,0.76408,4.50,1.15
2016.10.21 07:23:13.679,0.76397,0.76408,4.87,1.04
2016.10.21 07:23:13.784,0.76397,0.76408,6.00,1.12
2016.10.21 07:23:13.886,0.76397,0.76408,6.00,1.12
2016.10.21 07:23:13.989,0.76397,0.76408,4.50,1.12
2016.10.21 07:23:14.363,0.76397,0.76408,4.50,1.15
2016.10.21 07:23:14.618,0.76398,0.76408,1.50,1.00
2016.10.21 07:23:14.670,0.76398,0.76408,1.50,1.12
2016.10.21 07:23:14.722,0.76397,0.76408,4.54,1.00
2016.10.21 07:23:14.774,0.76398,0.76408,1.00,1.00
2016.10.21 07:23:15.128,0.764,0.7641,1.05,3.75
2016.10.21 07:23:15.180,0.764,0.7641,1.12,1.12
2016.10.21 07:23:15.845,0.764,0.7641,1.00,1.12
2016.10.21 07:23:16.104,0.764,0.7641,1.50,1.12
2016.10.21 07:23:16.156,0.764,0.7641,2.62,1.00
2016.10.21 07:23:16.819,0.764,0.7641,3.37,1.00
2016.10.21 07:23:17.249,0.764,0.7641,3.00,1.00
2016.10.21 07:23:17.300,0.764,0.7641,3.75,1.00
2016.10.21 07:23:17.352,0.764,0.7641,3.00,1.00
2016.10.21 07:23:17.761,0.764,0.7641,3.00,1.00
2016.10.21 07:23:17.863,0.764,0.7641,2.62,1.00
2016.10.21 07:23:18.294,0.76401,0.76411,2.25,1.12
2016.10.21 07:23:18.350,0.76402,0.76411,1.37,1.12
2016.10.21 07:23:18.503,0.76401,0.76411,4.50,1.12
2016.10.21 07:23:18.656,0.76402,0.76411,1.37,1.12
2016.10.21 07:23:18.707,0.76401,0.76411,4.50,1.12
2016.10.21 07:23:18.861,0.76401,0.76412,4.50,1.50
2016.10.21 07:23:19.494,0.76401,0.76412,4.50,1.50
2016.10.21 07:23:19.647,0.76402,0.76412,1.37,1.50
2016.10.21 07:23:19.853,0.76401,0.76412,4.50,1.50
2016.10.21 07:23:20.860,0.76402,0.76412,1.37,1.50
2016.10.21 07:23:20.962,0.76401,0.76412,5.25,1.50
2016.10.21 07:23:21.230,0.76401,0.76412,6.00,1.50
2016.10.21 07:23:21.383,0.76402,0.76412,2.25,1.50
2016.10.21 07:23:21.435,0.76406,0.76412,1.50,1.50
2016.10.21 07:23:21.486,0.76406,0.76413,2.10,1.75
2016.10.21 07:23:21.539,0.76406,0.76415,1.12,1.75
2016.10.21 07:23:21.591,0.76406,0.76415,2.62,1.12
2016.10.21 07:23:21.643,0.76406,0.76417,2.62,1.50
2016.10.21 07:23:21.695,0.76407,0.76416,1.00,1.00
2016.10.21 07:23:22.076,0.76406,0.76416,1.00,1.00
2016.10.21 07:23:22.131,0.76406,0.76416,1.50,1.00
2016.10.21 07:23:22.233,0.76405,0.76414,1.87,1.00
2016.10.21 07:23:22.287,0.76405,0.76415,1.87,1.12
2016.10.21 07:23:22.340,0.76404,0.76414,1.00,1.56
2016.10.21 07:23:22.392,0.76404,0.76413,1.00,1.19
2016.10.21 07:23:22.444,0.76403,0.76414,1.87,3.56
2016.10.21 07:23:22.496,0.76402,0.76413,2.62,3.19
2016.10.21 07:23:22.548,0.76402,0.76412,1.12,1.25
2016.10.21 07:23:22.845,0.76402,0.76412,1.12,1.62
2016.10.21 07:23:22.897,0.76401,0.76412,4.35,1.50
2016.10.21 07:23:23.050,0.76401,0.76412,2.85,1.50
2016.10.21 07:23:23.101,0.76401,0.76412,3.60,1.69
2016.10.21 07:23:23.203,0.76401,0.76412,2.85,1.69
2016.10.21 07:23:23.254,0.76401,0.76412,3.60,1.69
2016.10.21 07:23:23.724,0.76401,0.76412,5.10,3.19
2016.10.21 07:23:23.932,0.76401,0.76411,5.25,1.14
2016.10.21 07:23:23.984,0.76401,0.76412,3.37,3.85
2016.10.21 07:23:24.087,0.76401,0.76412,3.75,3.85
2016.10.21 07:23:24.574,0.76401,0.76411,1.87,1.00
2016.10.21 07:23:24.847,0.764,0.76409,1.00,1.00
2016.10.21 07:23:25.890,0.764,0.76406,1.00,1.00
2016.10.21 07:23:26.144,0.76399,0.76407,1.50,1.00
2016.10.21 07:23:26.246,0.76399,0.76407,1.00,1.00
2016.10.21 07:23:26.618,0.76399,0.76407,1.50,1.00
2016.10.21 07:23:26.720,0.76399,0.76407,1.00,1.00
2016.10.21 07:23:26.771,0.76398,0.76407,1.12,1.00
2016.10.21 07:23:26.873,0.76398,0.76407,1.87,1.00
2016.10.21 07:23:27.026,0.76399,0.76407,1.00,1.00
2016.10.21 07:23:27.690,0.764,0.76407,1.00,1.00
2016.10.21 07:23:27.741,0.764,0.76407,1.50,1.00
2016.10.21 07:23:27.996,0.764,0.76407,1.00,1.00
2016.10.21 07:23:28.047,0.76399,0.76407,1.50,1.00
2016.10.21 07:23:28.149,0.76398,0.76407,1.12,1.00
2016.10.21 07:23:28.201,0.764,0.76407,1.00,1.00
2016.10.21 07:23:28.252,0.764,0.76407,1.50,1.00
2016.10.21 07:23:28.628,0.764,0.76407,1.00,1.00
2016.10.21 07:23:28.679,0.76399,0.76407,1.00,1.00
2016.10.21 07:23:28.781,0.76398,0.76407,1.87,1.00
2016.10.21 07:23:28.910,0.76399,0.76407,1.00,1.00
2016.10.21 07:23:29.071,0.76398,0.76407,2.62,1.00
2016.10.21 07:23:29.123,0.76399,0.76407,1.00,1.00
2016.10.21 07:23:29.276,0.76398,0.76407,1.87,1.00
2016.10.21 07:23:29.787,0.76399,0.76407,1.00,1.00
2016.10.21 07:23:29.838,0.76398,0.76407,3.37,1.00
2016.10.21 07:23:29.890,0.76398,0.76408,4.50,1.00
2016.10.21 07:23:29.942,0.76398,0.76408,4.50,1.12
2016.10.21 07:23:29.997,0.76398,0.76407,3.37,1.00
2016.10.21 07:23:30.354,0.76399,0.76407,1.50,1.00
2016.10.21 07:23:31.083,0.76399,0.76407,2.25,1.00
2016.10.21 07:23:31.455,0.76399,0.76408,1.50,1.00
2016.10.21 07:23:31.956,0.76399,0.76408,1.50,1.00
2016.10.21 07:23:32.008,0.76399,0.76408,1.87,1.00
2016.10.21 07:23:32.062,0.764,0.76408,1.00,1.00
2016.10.21 07:23:34.153,0.764,0.76408,1.00,1.12
2016.10.21 07:23:37.453,0.764,0.76409,1.00,1.50
2016.10.21 07:23:37.555,0.764,0.76409,1.00,1.12
2016.10.21 07:23:37.606,0.764,0.76409,1.00,1.12
2016.10.21 07:23:37.709,0.764,0.76409,1.00,1.12
2016.10.21 07:23:37.811,0.76399,0.76409,3.60,1.12
2016.10.21 07:23:37.863,0.76399,0.76409,4.72,1.12
2016.10.21 07:23:37.914,0.764,0.76409,1.35,1.12
2016.10.21 07:23:38.274,0.764,0.76409,1.35,1.00
2016.10.21 07:23:38.430,0.76399,0.76409,7.72,1.00
2016.10.21 07:23:38.482,0.764,0.76409,2.10,1.00
2016.10.21 07:23:38.533,0.764,0.76409,1.00,1.00
2016.10.21 07:23:38.635,0.764,0.76409,1.00,1.00
2016.10.21 07:23:38.891,0.764,0.76409,1.50,1.00
2016.10.21 07:23:39.260,0.764,0.76409,2.25,1.00
2016.10.21 07:23:39.320,0.764,0.76409,1.50,1.00
2016.10.21 07:23:39.449,0.764,0.76409,1.00,1.00
2016.10.21 07:23:39.500,0.764,0.76409,1.50,1.00
2016.10.21 07:23:39.602,0.764,0.76409,2.25,1.00
2016.10.21 07:23:39.756,0.764,0.76409,1.50,1.00
2016.10.21 07:23:40.012,0.764,0.76409,1.00,1.00
2016.10.21 07:23:40.345,0.764,0.76409,2.25,1.00
2016.10.21 07:23:40.396,0.764,0.76409,3.00,1.00
2016.10.21 07:23:40.557,0.764,0.76409,2.25,1.00
2016.10.21 07:23:40.610,0.764,0.76409,3.00,1.00
2016.10.21 07:23:40.664,0.764,0.76409,1.50,1.00
2016.10.21 07:23:41.110,0.764,0.76409,1.00,1.00
2016.10.21 07:23:41.314,0.764,0.76408,1.00,1.00
2016.10.21 07:23:41.618,0.764,0.76408,1.00,1.00
2016.10.21 07:23:42.127,0.764,0.7641,1.00,2.62
2016.10.21 07:23:45.325,0.764,0.7641,2.25,1.00
2016.10.21 07:23:45.530,0.764,0.7641,2.25,1.00
2016.10.21 07:23:45.938,0.764,0.7641,2.25,1.00
2016.10.21 07:23:46.597,0.764,0.7641,3.00,1.00
2016.10.21 07:23:46.699,0.764,0.7641,3.75,1.00
2016.10.21 07:23:46.852,0.764,0.7641,3.75,1.00
2016.10.21 07:23:47.156,0.764,0.7641,4.50,1.00
2016.10.21 07:23:47.213,0.76401,0.7641,1.00,1.00
2016.10.21 07:23:47.315,0.76401,0.76412,1.00,4.50
2016.10.21 07:23:47.366,0.76401,0.76411,1.12,1.00
2016.10.21 07:23:47.520,0.76401,0.76411,2.85,1.00
2016.10.21 07:23:47.673,0.76401,0.76412,3.22,4.12
2016.10.21 07:23:48.402,0.76401,0.76412,3.97,4.12
2016.10.21 07:23:48.453,0.76401,0.76412,5.47,2.62
2016.10.21 07:23:48.555,0.76401,0.76412,5.47,2.62
2016.10.21 07:23:48.606,0.76401,0.76412,5.10,2.62
2016.10.21 07:23:48.759,0.76401,0.76412,4.35,2.62
2016.10.21 07:23:48.811,0.76401,0.76412,4.35,2.62
2016.10.21 07:23:48.913,0.76401,0.76412,4.54,2.62
2016.10.21 07:23:49.015,0.76402,0.76412,1.12,2.62
2016.10.21 07:23:49.493,0.76402,0.76412,1.12,4.12
2016.10.21 07:23:52.236,0.76402,0.76412,1.50,3.00
2016.10.21 07:23:52.338,0.76406,0.76412,1.16,2.62
2016.10.21 07:23:52.389,0.76406,0.76413,1.35,1.37
2016.10.21 07:23:52.441,0.76408,0.76414,1.00,4.50
2016.10.21 07:23:52.492,0.76408,0.76416,2.25,1.75
2016.10.21 07:23:52.544,0.76408,0.76418,2.85,2.25
2016.10.21 07:23:52.881,0.76409,0.76419,1.12,1.69
2016.10.21 07:23:52.983,0.7641,0.76419,1.00,1.25
2016.10.21 07:23:53.289,0.7641,0.76419,1.50,1.25
2016.10.21 07:23:53.341,0.7641,0.76419,1.50,1.00
2016.10.21 07:23:53.392,0.7641,0.7642,3.97,1.37
2016.10.21 07:23:53.964,0.76411,0.76421,5.25,1.12
2016.10.21 07:23:54.035,0.76412,0.76422,2.85,1.50
2016.10.21 07:23:54.088,0.76412,0.76422,2.10,1.50
2016.10.21 07:23:54.139,0.76413,0.76422,1.30,1.50
2016.10.21 07:23:54.241,0.76412,0.76422,1.37,1.50
2016.10.21 07:23:54.395,0.76412,0.76422,2.29,1.50
2016.10.21 07:23:54.732,0.76412,0.76422,2.29,1.50
2016.10.21 07:23:54.935,0.76412,0.76422,1.37,1.50
2016.10.21 07:23:55.037,0.76412,0.76422,1.00,1.87
2016.10.21 07:23:55.088,0.76412,0.76422,1.50,1.87
2016.10.21 07:23:55.507,0.76412,0.76422,1.00,1.87
2016.10.21 07:23:55.712,0.76412,0.76422,1.54,2.06
2016.10.21 07:23:55.814,0.76412,0.76422,1.00,1.87
2016.10.21 07:23:55.866,0.76412,0.76422,1.12,1.50
2016.10.21 07:23:55.918,0.76412,0.76422,1.87,1.50
2016.10.21 07:23:55.970,0.76412,0.76422,1.72,1.50
2016.10.21 07:23:56.021,0.76412,0.76421,1.87,1.00
2016.10.21 07:23:56.072,0.76412,0.76421,1.00,1.00
2016.10.21 07:23:56.437,0.76412,0.76421,1.00,1.14
2016.10.21 07:23:56.488,0.76412,0.76421,1.00,1.00
2016.10.21 07:23:56.641,0.76412,0.76421,1.00,1.12
2016.10.21 07:23:56.693,0.76412,0.7642,1.00,1.00
2016.10.21 07:23:57.572,0.7641,0.7642,5.62,1.00
2016.10.21 07:23:57.623,0.7641,0.7642,4.50,1.00
2016.10.21 07:23:57.827,0.7641,0.7642,5.25,1.00
2016.10.21 07:23:57.930,0.7641,0.7642,4.50,1.00
2016.10.21 07:23:58.033,0.7641,0.7642,4.12,1.12
2016.10.21 07:23:58.307,0.7641,0.7642,2.62,3.00
2016.10.21 07:23:58.376,0.76409,0.76419,1.50,1.37
2016.10.21 07:23:58.734,0.76409,0.76419,1.50,1.12
2016.10.21 07:23:59.368,0.76409,0.76419,1.00,1.12
2016.10.21 07:23:59.596,0.76409,0.76419,1.50,1.12
2016.10.21 07:23:59.647,0.76409,0.76419,1.00,1.12
2016.10.21 07:23:59.698,0.76409,0.76419,1.50,1.12
2016.10.21 07:24:00.486,0.76409,0.76419,1.87,1.12
2016.10.21 07:24:00.588,0.76409,0.76419,1.50,1.12
2016.10.21 07:24:00.690,0.76409,0.76419,3.75,1.12
2016.10.21 07:24:00.792,0.76409,0.7642,3.75,2.62
2016.10.21 07:24:00.843,0.76409,0.7642,4.12,2.62
2016.10.21 07:24:01.217,0.76409,0.76419,4.12,1.12
2016.10.21 07:24:02.425,0.7641,0.7642,2.25,1.50
2016.10.21 07:24:02.476,0.7641,0.7642,2.25,1.50
2016.10.21 07:24:02.680,0.7641,0.7642,1.00,1.50
2016.10.21 07:24:03.097,0.7641,0.7642,1.35,1.50
2016.10.21 07:24:03.148,0.7641,0.7642,1.00,1.50
2016.10.21 07:24:03.251,0.76409,0.7642,4.72,1.00
2016.10.21 07:24:03.303,0.76409,0.76419,4.12,1.87
2016.10.21 07:24:03.408,0.76409,0.76419,3.37,2.62
2016.10.21 07:24:03.460,0.76408,0.76415,1.50,1.00
2016.10.21 07:24:03.791,0.76406,0.76415,1.87,1.57
2016.10.21 07:24:03.844,0.76405,0.76417,6.60,3.75
2016.10.21 07:24:03.896,0.76406,0.76417,1.50,2.62
2016.10.21 07:24:03.949,0.76406,0.76418,2.25,3.00
2016.10.21 07:24:04.000,0.76406,0.76418,2.25,3.37
2016.10.21 07:24:04.052,0.76406,0.76418,1.87,2.25
2016.10.21 07:24:04.103,0.76406,0.76418,3.00,3.00
2016.10.21 07:24:04.206,0.76406,0.76418,3.00,3.75
2016.10.21 07:24:04.258,0.76406,0.76418,4.50,4.12
2016.10.21 07:24:04.587,0.76407,0.76418,1.50,2.25
2016.10.21 07:24:04.660,0.76407,0.76418,2.62,1.12
2016.10.21 07:24:04.865,0.76408,0.76418,1.50,1.12
2016.10.21 07:24:04.967,0.76408,0.76418,1.00,1.12
2016.10.21 07:24:05.979,0.76408,0.7642,5.25,4.31
2016.10.21 07:24:06.030,0.76408,0.7642,6.00,3.56
2016.10.21 07:24:06.082,0.76408,0.7642,6.00,3.19
2016.10.21 07:24:06.392,0.76408,0.7642,4.50,2.44
2016.10.21 07:24:06.443,0.76408,0.7642,4.50,3.19
2016.10.21 07:24:06.545,0.76408,0.7642,3.75,2.44
2016.10.21 07:24:06.647,0.76408,0.7642,5.25,2.44
2016.10.21 07:24:06.699,0.76409,0.7642,1.12,2.44
2016.10.21 07:24:06.750,0.76409,0.7642,1.12,3.19
2016.10.21 07:24:06.852,0.76409,0.7642,1.12,2.44
2016.10.21 07:24:07.006,0.76409,0.76419,1.00,1.12
2016.10.21 07:24:07.057,0.76409,0.76419,1.00,1.12
2016.10.21 07:24:07.160,0.76409,0.76419,1.00,1.12
2016.10.21 07:24:07.211,0.76408,0.76419,2.62,1.12
2016.10.21 07:24:07.487,0.76408,0.76419,3.37,1.12
2016.10.21 07:24:07.768,0.76408,0.76419,2.25,1.50
2016.10.21 07:24:07.972,0.76408,0.76419,2.25,2.25
2016.10.21 07:24:08.023,0.76408,0.76419,2.25,1.50
2016.10.21 07:24:08.074,0.76408,0.76419,3.00,1.50
2016.10.21 07:24:08.125,0.76408,0.76419,3.75,1.50
2016.10.21 07:24:08.177,0.76408,0.76419,3.75,1.12
2016.10.21 07:24:08.555,0.76409,0.76419,1.12,1.12
2016.10.21 07:24:08.606,0.76409,0.7642,1.50,3.56
2016.10.21 07:24:08.759,0.76409,0.7642,1.50,2.81
2016.10.21 07:24:08.810,0.76409,0.7642,3.00,2.81
2016.10.21 07:24:09.706,0.7641,0.7642,1.87,1.50
2016.10.21 07:24:11.163,0.7641,0.7642,2.62,1.50
2016.10.21 07:24:12.927,0.7641,0.7642,3.00,1.50
2016.10.21 07:24:13.030,0.7641,0.7642,2.25,1.00
2016.10.21 07:24:13.733,0.7641,0.76417,2.25,1.00
2016.10.21 07:24:13.785,0.7641,0.76415,2.25,1.00
2016.10.21 07:24:13.836,0.76409,0.76417,1.37,1.12
2016.10.21 07:24:13.888,0.76408,0.76418,1.75,2.25
2016.10.21 07:24:13.941,0.76409,0.76418,1.67,1.50
2016.10.21 07:24:13.993,0.76409,0.76419,2.10,1.12
2016.10.21 07:24:14.045,0.76409,0.76419,2.85,1.12
2016.10.21 07:24:14.097,0.7641,0.76419,1.30,1.12
2016.10.21 07:24:14.149,0.76409,0.76419,3.60,1.12
2016.10.21 07:24:14.446,0.76409,0.76419,3.60,1.87
2016.10.21 07:24:14.526,0.7641,0.76419,1.30,1.12
2016.10.21 07:24:15.037,0.76409,0.76419,4.54,1.50
2016.10.21 07:24:15.089,0.7641,0.76419,1.30,1.50
2016.10.21 07:24:15.140,0.7641,0.76419,1.30,1.12
2016.10.21 07:24:15.192,0.76409,0.7642,3.22,1.50
2016.10.21 07:24:15.515,0.7641,0.76421,1.05,3.37
2016.10.21 07:24:15.567,0.7641,0.76421,1.00,2.62
2016.10.21 07:24:15.771,0.7641,0.76421,1.35,2.62
2016.10.21 07:24:15.822,0.7641,0.76421,1.39,3.37
2016.10.21 07:24:15.873,0.7641,0.76421,1.00,3.37
2016.10.21 07:24:15.924,0.7641,0.76421,1.00,2.62
2016.10.21 07:24:16.027,0.7641,0.76421,1.00,3.75
2016.10.21 07:24:16.130,0.7641,0.76421,1.00,3.00
2016.10.21 07:24:16.181,0.7641,0.76421,1.00,3.75
2016.10.21 07:24:16.232,0.76409,0.76421,3.97,3.00
2016.10.21 07:24:16.283,0.7641,0.76421,1.30,3.00
2016.10.21 07:24:16.335,0.76409,0.76421,4.72,6.00
2016.10.21 07:24:16.658,0.76409,0.76419,1.35,1.50
2016.10.21 07:24:16.709,0.76409,0.76419,1.00,1.50
2016.10.21 07:24:17.178,0.76409,0.7642,1.50,3.00
2016.10.21 07:24:17.249,0.76409,0.7642,3.37,2.25
2016.10.21 07:24:17.401,0.76409,0.7642,3.00,3.00
2016.10.21 07:24:17.503,0.76409,0.7642,3.00,3.75
2016.10.21 07:24:17.869,0.7641,0.7642,1.30,3.75
2016.10.21 07:24:17.921,0.7641,0.7642,1.30,3.00
2016.10.21 07:24:17.973,0.76409,0.7642,6.26,3.75
2016.10.21 07:24:18.024,0.7641,0.7642,1.30,3.75
2016.10.21 07:24:18.076,0.7641,0.7642,1.72,3.00
2016.10.21 07:24:18.128,0.7641,0.7642,1.72,2.25
2016.10.21 07:24:18.487,0.7641,0.7642,1.72,1.50
2016.10.21 07:24:20.177,0.7641,0.7642,1.12,1.50
2016.10.21 07:24:20.228,0.76409,0.7642,5.25,1.50
2016.10.21 07:24:20.280,0.76409,0.7642,4.87,1.50
2016.10.21 07:24:20.331,0.7641,0.7642,1.30,1.50
2016.10.21 07:24:20.384,0.76409,0.7642,3.97,1.50
2016.10.21 07:24:20.487,0.76409,0.7642,4.39,1.50
2016.10.21 07:24:20.538,0.76409,0.7642,4.35,1.50
2016.10.21 07:24:20.590,0.76409,0.7642,3.60,1.50
2016.10.21 07:24:21.502,0.76409,0.7642,4.39,1.50
2016.10.21 07:24:21.604,0.76409,0.7642,3.60,1.50
2016.10.21 07:24:21.873,0.76409,0.7642,4.39,1.50
2016.10.21 07:24:22.365,0.7641,0.7642,1.30,1.12
2016.10.21 07:24:22.773,0.7641,0.7642,1.30,1.12
2016.10.21 07:24:23.414,0.7641,0.7642,1.30,1.12
2016.10.21 07:24:25.510,0.7641,0.76421,1.30,4.12
2016.10.21 07:24:26.410,0.76409,0.76421,4.76,4.87
2016.10.21 07:24:26.462,0.76409,0.76421,4.39,4.87
2016.10.21 07:24:26.806,0.76409,0.76421,4.39,5.62
2016.10.21 07:24:26.857,0.76409,0.76421,3.60,4.87
2016.10.21 07:24:27.319,0.76409,0.76421,3.60,5.62
2016.10.21 07:24:27.630,0.76409,0.76421,3.60,6.37
2016.10.21 07:24:27.682,0.76409,0.7642,3.00,1.12
2016.10.21 07:24:27.733,0.76409,0.76419,1.00,1.00
2016.10.21 07:24:27.784,0.76408,0.76419,6.97,1.00
2016.10.21 07:24:28.106,0.76408,0.7642,6.41,4.50
2016.10.21 07:24:28.157,0.76408,0.7642,6.22,3.75
2016.10.21 07:24:28.512,0.76408,0.7642,5.81,4.50
2016.10.21 07:24:28.563,0.76408,0.7642,5.25,2.62
2016.10.21 07:24:28.614,0.76408,0.7642,5.85,2.62
2016.10.21 07:24:28.665,0.76408,0.7642,8.66,3.37
2016.10.21 07:24:28.717,0.76408,0.7642,5.85,1.87
2016.10.21 07:24:28.769,0.76408,0.7642,5.25,1.87
2016.10.21 07:24:28.820,0.76408,0.7642,5.25,1.87
2016.10.21 07:24:28.871,0.76408,0.7642,6.94,2.62
2016.10.21 07:24:28.922,0.76408,0.7642,7.54,2.62
2016.10.21 07:24:29.023,0.76408,0.7642,7.31,2.62
2016.10.21 07:24:29.341,0.76408,0.7642,7.54,3.75
2016.10.21 07:24:29.415,0.76408,0.7642,6.56,3.75
2016.10.21 07:24:29.467,0.76408,0.7642,4.50,2.62
2016.10.21 07:24:29.526,0.76408,0.7642,5.10,1.87
2016.10.21 07:24:29.577,0.76408,0.7642,6.94,2.62
2016.10.21 07:24:29.679,0.76408,0.7642,4.50,1.87
2016.10.21 07:24:29.730,0.76408,0.7642,4.50,2.62
2016.10.21 07:24:30.463,0.76408,0.7642,4.50,1.87
2016.10.21 07:24:30.617,0.76408,0.7642,6.94,2.62
2016.10.21 07:24:30.719,0.76408,0.7642,7.54,3.37
2016.10.21 07:24:30.771,0.76408,0.7642,4.50,2.62
2016.10.21 07:24:30.823,0.76408,0.7642,5.10,2.62
2016.10.21 07:24:30.875,0.76408,0.7642,7.54,3.37
2016.10.21 07:24:30.977,0.76408,0.7642,5.10,2.62
2016.10.21 07:24:31.392,0.76409,0.7642,1.50,2.62
2016.10.21 07:24:31.444,0.76408,0.7642,5.06,3.75
2016.10.21 07:24:31.496,0.76408,0.7642,4.12,3.00
2016.10.21 07:24:31.548,0.76408,0.7642,4.12,4.50
2016.10.21 07:24:31.652,0.76408,0.7642,2.62,3.75
2016.10.21 07:24:31.703,0.76408,0.7642,3.37,3.75
2016.10.21 07:24:31.755,0.76408,0.7642,3.97,4.50
2016.10.21 07:24:31.807,0.76408,0.76419,3.94,1.50
2016.10.21 07:24:32.081,0.76408,0.76419,3.56,1.50
2016.10.21 07:24:32.132,0.76408,0.76419,1.37,1.12
2016.10.21 07:24:32.287,0.76408,0.76419,2.06,1.87
2016.10.21 07:24:32.340,0.76409,0.76419,1.72,1.87
2016.10.21 07:24:32.392,0.76409,0.76419,2.10,1.87
2016.10.21 07:24:32.444,0.76409,0.76419,3.00,1.12
2016.10.21 07:24:32.597,0.76409,0.76419,3.60,1.12
2016.10.21 07:24:32.782,0.76409,0.76419,2.25,1.12
2016.10.21 07:24:33.092,0.76409,0.76419,1.12,1.12
2016.10.21 07:24:33.148,0.76408,0.76419,3.37,1.87
2016.10.21 07:24:33.250,0.76408,0.76419,4.31,3.00
2016.10.21 07:24:33.352,0.76408,0.76419,3.37,2.25
2016.10.21 07:24:33.760,0.76408,0.76419,5.10,3.00
2016.10.21 07:24:33.811,0.76408,0.76419,5.06,3.00
2016.10.21 07:24:33.862,0.76408,0.76419,4.31,3.00
2016.10.21 07:24:33.913,0.76408,0.76419,4.01,2.25
2016.10.21 07:24:34.223,0.76408,0.76419,5.06,3.00
2016.10.21 07:24:34.275,0.76409,0.76419,1.50,2.25
2016.10.21 07:24:34.632,0.76409,0.76419,1.12,2.62
2016.10.21 07:24:34.887,0.76409,0.76419,1.50,2.25
2016.10.21 07:24:35.201,0.76409,0.76419,1.87,2.25
2016.10.21 07:24:35.940,0.76409,0.76419,2.25,2.25
2016.10.21 07:24:35.991,0.76409,0.76419,4.12,2.25
2016.10.21 07:24:36.043,0.76409,0.76419,3.37,1.00
2016.10.21 07:24:36.094,0.76409,0.7642,4.12,1.50
2016.10.21 07:24:36.404,0.7641,0.7642,1.00,1.12
2016.10.21 07:24:36.558,0.7641,0.76421,1.00,3.94
2016.10.21 07:24:36.609,0.7641,0.76421,1.00,3.19
2016.10.21 07:24:36.660,0.7641,0.76421,1.35,3.94
2016.10.21 07:24:36.712,0.7641,0.76421,1.00,3.94
2016.10.21 07:24:36.764,0.7641,0.76421,1.00,3.56
2016.10.21 07:24:36.815,0.7641,0.76421,1.35,2.81
2016.10.21 07:24:36.866,0.7641,0.76421,1.72,2.81
2016.10.21 07:24:37.412,0.7641,0.76421,2.47,2.06
2016.10.21 07:24:37.616,0.7641,0.76421,2.47,2.06
2016.10.21 07:24:37.718,0.7641,0.76421,2.47,2.81
2016.10.21 07:24:37.769,0.7641,0.76421,2.25,2.81
2016.10.21 07:24:37.821,0.7641,0.76421,1.50,2.81
2016.10.21 07:24:37.923,0.7641,0.76421,2.25,3.56
2016.10.21 07:24:37.975,0.7641,0.76421,1.50,5.06
2016.10.21 07:24:38.026,0.7641,0.7642,1.50,1.00
2016.10.21 07:24:38.425,0.7641,0.7642,1.00,1.00
2016.10.21 07:24:39.143,0.7641,0.7642,1.00,1.00
2016.10.21 07:24:39.245,0.7641,0.7642,1.00,1.00
2016.10.21 07:24:39.880,0.7641,0.76419,1.00,1.00
2016.10.21 07:24:40.106,0.7641,0.76419,1.00,1.00
2016.10.21 07:24:41.697,0.7641,0.7642,1.00,1.50
2016.10.21 07:24:41.748,0.76411,0.76421,1.50,4.12
2016.10.21 07:24:41.851,0.76411,0.76421,1.50,2.25
2016.10.21 07:24:43.951,0.76411,0.76421,1.50,2.25
2016.10.21 07:24:45.377,0.76411,0.76421,3.00,1.50
2016.10.21 07:24:45.479,0.76411,0.76421,3.00,1.00
2016.10.21 07:24:45.632,0.76411,0.76421,2.25,1.00
2016.10.21 07:24:45.835,0.76411,0.76421,3.00,1.00
2016.10.21 07:24:46.040,0.76411,0.76421,3.37,1.00
2016.10.21 07:24:46.541,0.76413,0.76422,1.12,1.87
2016.10.21 07:24:46.592,0.76415,0.76422,2.14,1.00
2016.10.21 07:24:46.643,0.76414,0.76423,8.85,1.00
2016.10.21 07:24:46.694,0.76414,0.76424,3.97,1.87
2016.10.21 07:24:46.746,0.76414,0.76424,2.47,1.87
2016.10.21 07:24:46.797,0.76414,0.76424,2.10,1.87
2016.10.21 07:24:46.849,0.76414,0.76424,2.14,2.25
2016.10.21 07:24:46.901,0.76413,0.76423,5.47,1.00
2016.10.21 07:24:46.953,0.76413,0.76423,4.01,1.00
2016.10.21 07:24:47.234,0.76414,0.76423,2.85,1.00
2016.10.21 07:24:47.286,0.76414,0.76423,4.35,1.00
2016.10.21 07:24:47.338,0.76414,0.76423,3.97,1.00
2016.10.21 07:24:47.440,0.76414,0.76423,3.97,1.12
2016.10.21 07:24:47.491,0.76414,0.76423,1.50,1.50
2016.10.21 07:24:47.747,0.76414,0.76423,1.50,1.50
2016.10.21 07:24:47.798,0.76413,0.76423,1.69,1.50
2016.10.21 07:24:48.488,0.76413,0.76423,1.00,1.50
2016.10.21 07:24:48.552,0.76412,0.76423,2.10,1.50
2016.10.21 07:24:48.858,0.76412,0.76423,1.50,1.50
2016.10.21 07:24:48.910,0.76412,0.76423,1.54,2.81
2016.10.21 07:24:48.961,0.76412,0.76423,2.62,2.96
2016.10.21 07:24:49.013,0.76412,0.76422,2.62,1.42
2016.10.21 07:24:49.064,0.76412,0.7642,1.50,1.00
2016.10.21 07:24:49.368,0.76412,0.7642,2.25,1.00
2016.10.21 07:24:49.419,0.76412,0.7642,1.50,1.00
2016.10.21 07:24:49.573,0.7641,0.7642,7.50,1.00
2016.10.21 07:24:49.727,0.7641,0.7642,8.25,1.00
2016.10.21 07:24:50.080,0.7641,0.7642,9.75,1.00
2016.10.21 07:24:50.132,0.7641,0.7642,9.00,1.00
2016.10.21 07:24:50.715,0.7641,0.7642,10.54,1.00
2016.10.21 07:24:50.888,0.7641,0.7642,9.00,1.00
2016.10.21 07:24:50.940,0.7641,0.7642,8.25,1.00
2016.10.21 07:24:51.093,0.7641,0.7642,7.50,1.00
2016.10.21 07:24:51.548,0.7641,0.7642,6.00,1.00
2016.10.21 07:24:51.650,0.76411,0.7642,1.00,1.00
2016.10.21 07:24:51.753,0.76412,0.7642,1.00,1.00
2016.10.21 07:24:52.060,0.76412,0.7642,1.50,1.00
2016.10.21 07:24:52.162,0.76412,0.7642,1.50,1.00
2016.10.21 07:24:52.554,0.76412,0.7642,1.00,1.00
2016.10.21 07:24:53.356,0.76412,0.76422,1.16,2.62
2016.10.21 07:24:53.418,0.76412,0.76422,3.37,2.62
2016.10.21 07:24:53.471,0.76414,0.76422,1.00,1.87
2016.10.21 07:24:53.522,0.76414,0.76423,1.00,2.25
2016.10.21 07:24:53.573,0.76414,0.76424,2.85,6.75
2016.10.21 07:24:53.625,0.76414,0.76424,1.50,6.37
2016.10.21 07:24:53.676,0.76414,0.76424,2.10,6.37
2016.10.21 07:24:53.950,0.76414,0.76424,1.35,5.25
2016.10.21 07:24:54.001,0.76414,0.76424,1.00,5.25
2016.10.21 07:24:54.053,0.76414,0.76423,1.00,1.00
2016.10.21 07:24:54.155,0.76414,0.76423,1.00,1.12
2016.10.21 07:24:54.358,0.76412,0.76423,3.00,1.12
2016.10.21 07:24:54.844,0.76413,0.76423,1.00,1.00
2016.10.21 07:24:54.895,0.76412,0.76423,3.22,1.00
2016.10.21 07:24:55.474,0.76412,0.76423,2.47,1.00
2016.10.21 07:24:55.867,0.76412,0.76423,2.85,1.00
2016.10.21 07:24:56.021,0.76413,0.76423,1.00,1.00
2016.10.21 07:24:56.072,0.76412,0.76423,2.47,1.00
2016.10.21 07:24:56.123,0.76412,0.76423,3.37,1.00
2016.10.21 07:24:56.175,0.76412,0.76423,3.00,1.00
2016.10.21 07:24:56.227,0.76413,0.76422,1.35,1.00
2016.10.21 07:24:56.278,0.76412,0.76422,1.87,1.42
2016.10.21 07:24:56.329,0.76412,0.76422,1.87,1.12
2016.10.21 07:24:56.381,0.76412,0.76419,1.50,1.00
2016.10.21 07:24:56.486,0.76413,0.76419,1.00,1.00
2016.10.21 07:24:57.161,0.76412,0.76419,1.50,1.00
2016.10.21 07:24:57.314,0.76413,0.76419,1.00,1.00
2016.10.21 07:24:57.518,0.76411,0.76419,1.50,1.00
2016.10.21 07:24:58.281,0.76412,0.76419,1.00,1.00
2016.10.21 07:24:58.587,0.76412,0.76419,1.50,1.00
2016.10.21 07:24:59.038,0.76412,0.76419,1.00,1.00
2016.10.21 07:25:00.234,0.76412,0.76419,1.50,1.00
2016.10.21 07:25:00.668,0.76412,0.76419,1.00,1.00
2016.10.21 07:25:00.770,0.7641,0.76419,1.87,1.00
2016.10.21 07:25:01.475,0.76409,0.76419,6.00,1.50
2016.10.21 07:25:01.527,0.76409,0.76419,3.75,3.00
2016.10.21 07:25:01.579,0.76409,0.76419,3.00,3.37
2016.10.21 07:25:01.811,0.76409,0.76419,1.50,4.87
2016.10.21 07:25:01.881,0.76409,0.76419,1.00,7.50
2016.10.21 07:25:01.983,0.76409,0.76419,1.00,6.00
2016.10.21 07:25:02.034,0.76409,0.76419,1.00,5.25
2016.10.21 07:25:02.085,0.76409,0.76419,1.00,4.87
2016.10.21 07:25:02.424,0.76407,0.76419,4.50,4.87
2016.10.21 07:25:02.475,0.76407,0.76419,5.10,4.87
2016.10.21 07:25:02.577,0.76407,0.76419,6.97,6.75
2016.10.21 07:25:02.628,0.76407,0.76419,5.62,6.00
2016.10.21 07:25:02.678,0.76407,0.76418,5.62,2.25
2016.10.21 07:25:03.346,0.76407,0.76418,5.62,1.50
2016.10.21 07:25:03.499,0.76407,0.76417,5.62,1.12
2016.10.21 07:25:03.550,0.76407,0.76417,7.87,1.12
2016.10.21 07:25:04.559,0.76407,0.76416,8.25,1.00
2016.10.21 07:25:04.935,0.76407,0.76417,7.87,3.37
2016.10.21 07:25:04.986,0.76407,0.76417,7.87,2.62
2016.10.21 07:25:05.939,0.76407,0.76417,8.25,1.50
2016.10.21 07:25:06.677,0.76407,0.76417,6.75,1.50
2016.10.21 07:25:06.883,0.76407,0.76417,6.75,1.00
2016.10.21 07:25:07.289,0.76407,0.76417,7.12,1.50
2016.10.21 07:25:07.595,0.76408,0.76417,1.12,1.50
2016.10.21 07:25:07.697,0.76408,0.76417,1.50,1.50
2016.10.21 07:25:08.059,0.76408,0.76417,1.12,1.50
2016.10.21 07:25:09.563,0.76407,0.76417,6.22,1.00
2016.10.21 07:25:09.614,0.76408,0.76417,1.12,1.00
2016.10.21 07:25:09.767,0.76407,0.76417,4.87,1.00
2016.10.21 07:25:11.232,0.76407,0.76417,3.37,1.00
2016.10.21 07:25:11.333,0.76407,0.76417,4.87,1.00
2016.10.21 07:25:11.435,0.76407,0.76417,3.37,1.00
2016.10.21 07:25:12.027,0.76407,0.76417,5.62,1.00
2016.10.21 07:25:12.234,0.76407,0.76417,7.12,1.00
2016.10.21 07:25:12.612,0.76407,0.76417,5.62,1.00
2016.10.21 07:25:13.008,0.76408,0.76417,1.87,1.00
2016.10.21 07:25:13.059,0.76407,0.76417,5.62,1.00
2016.10.21 07:25:13.263,0.76407,0.76417,3.37,1.00
2016.10.21 07:25:13.365,0.76407,0.76414,2.62,1.00
2016.10.21 07:25:13.416,0.76407,0.76414,2.25,1.12
2016.10.21 07:25:13.467,0.76407,0.76414,1.00,1.00
2016.10.21 07:25:13.799,0.76403,0.76413,2.14,1.50
2016.10.21 07:25:13.953,0.76404,0.76413,1.30,1.50
2016.10.21 07:25:15.072,0.76408,0.76413,1.50,1.00
2016.10.21 07:25:15.124,0.76408,0.76418,3.37,1.00
2016.10.21 07:25:15.183,0.76408,0.76418,3.00,1.00
2016.10.21 07:25:15.285,0.76408,0.76418,2.25,1.50
2016.10.21 07:25:15.336,0.76408,0.76418,2.25,1.00
2016.10.21 07:25:15.439,0.76408,0.76418,2.25,1.50
2016.10.21 07:25:15.961,0.76408,0.76418,3.00,1.00
2016.10.21 07:25:16.013,0.76408,0.76418,2.25,1.00
2016.10.21 07:25:17.056,0.76408,0.76419,1.50,1.00
2016.10.21 07:25:17.159,0.76408,0.76419,3.00,1.00
2016.10.21 07:25:17.261,0.76408,0.76419,4.12,1.00
2016.10.21 07:25:17.415,0.76408,0.7642,4.12,3.37
2016.10.21 07:25:17.466,0.76408,0.7642,3.37,3.37
2016.10.21 07:25:17.619,0.76408,0.76419,3.37,1.12
2016.10.21 07:25:18.211,0.76408,0.76419,4.50,1.12
2016.10.21 07:25:18.263,0.76408,0.7642,4.50,3.37
2016.10.21 07:25:18.315,0.76409,0.76419,1.00,1.12
2016.10.21 07:25:19.569,0.76409,0.76419,1.50,1.12
2016.10.21 07:25:20.321,0.76409,0.76419,1.50,1.50
2016.10.21 07:25:20.372,0.76409,0.76419,1.00,1.12
2016.10.21 07:25:20.474,0.76408,0.76419,6.37,1.12
2016.10.21 07:25:20.576,0.76409,0.76419,1.00,1.12
2016.10.21 07:25:20.627,0.76408,0.76419,4.87,1.12
2016.10.21 07:25:20.779,0.76408,0.76419,5.25,1.50
2016.10.21 07:25:20.881,0.76408,0.76416,3.75,1.00
2016.10.21 07:25:20.932,0.76408,0.76416,1.87,1.00
2016.10.21 07:25:20.983,0.76408,0.76416,1.00,1.00
2016.10.21 07:25:21.859,0.76407,0.76416,1.00,1.00
2016.10.21 07:25:22.482,0.76406,0.76416,3.00,1.00
2016.10.21 07:25:22.534,0.76406,0.76416,2.25,1.00
2016.10.21 07:25:22.585,0.76406,0.76416,1.50,1.00
2016.10.21 07:25:22.686,0.76406,0.76416,2.25,1.00
2016.10.21 07:25:22.738,0.76406,0.76417,1.00,1.12
2016.10.21 07:25:22.790,0.76406,0.76417,1.87,1.12
2016.10.21 07:25:22.841,0.76406,0.76417,3.00,1.12
2016.10.21 07:25:22.891,0.76406,0.76417,3.75,1.12
2016.10.21 07:25:23.044,0.76406,0.76417,3.00,1.12
2016.10.21 07:25:23.095,0.76406,0.76417,3.00,1.00
2016.10.21 07:25:23.146,0.76406,0.76418,3.75,3.00
2016.10.21 07:25:23.811,0.76406,0.76418,3.00,2.25
2016.10.21 07:25:23.964,0.76407,0.76418,1.87,2.25
2016.10.21 07:25:24.016,0.76407,0.76418,1.12,2.25
2016.10.21 07:25:24.067,0.76407,0.76418,1.87,2.25
2016.10.21 07:25:24.119,0.76407,0.76418,1.12,2.25
2016.10.21 07:25:24.634,0.76407,0.76418,1.87,2.25
2016.10.21 07:25:25.071,0.76407,0.76418,2.25,2.25
2016.10.21 07:25:25.428,0.76407,0.76418,2.25,1.50
2016.10.21 07:25:25.533,0.76407,0.76418,3.00,1.50
2016.10.21 07:25:25.584,0.76407,0.76418,2.25,1.50
2016.10.21 07:25:25.687,0.76407,0.76418,3.00,1.50
2016.10.21 07:25:25.738,0.76407,0.76418,2.25,1.50
2016.10.21 07:25:26.222,0.76407,0.76418,2.25,1.50
2016.10.21 07:25:26.426,0.76407,0.76418,2.25,1.50
2016.10.21 07:25:26.580,0.76407,0.76418,3.00,1.50
2016.10.21 07:25:26.682,0.76407,0.76418,1.87,1.50
2016.10.21 07:25:26.733,0.76407,0.76418,1.12,1.50
2016.10.21 07:25:26.987,0.76409,0.76418,1.00,2.25
2016.10.21 07:25:27.039,0.76408,0.76419,2.25,4.50
2016.10.21 07:25:27.364,0.76409,0.76419,1.00,3.00
2016.10.21 07:25:27.415,0.7641,0.76421,4.54,1.50
2016.10.21 07:25:27.467,0.76411,0.76421,1.50,1.37
2016.10.21 07:25:27.519,0.76411,0.76421,1.87,1.37
2016.10.21 07:25:27.621,0.76411,0.76421,2.62,1.00
2016.10.21 07:25:27.672,0.76411,0.76421,2.25,1.00
2016.10.21 07:25:27.723,0.76411,0.76421,2.85,1.00
2016.10.21 07:25:27.825,0.76411,0.76421,3.60,1.00
2016.10.21 07:25:27.877,0.76412,0.76421,1.50,1.00
2016.10.21 07:25:28.668,0.76414,0.76422,2.85,2.81
2016.10.21 07:25:28.719,0.76414,0.76424,6.97,1.12
2016.10.21 07:25:28.821,0.76414,0.76424,6.22,1.00
2016.10.21 07:25:28.923,0.76414,0.76424,6.97,1.12
2016.10.21 07:25:29.075,0.76414,0.76424,7.01,1.12
2016.10.21 07:25:29.127,0.76415,0.76425,2.10,1.12
2016.10.21 07:25:29.178,0.76415,0.76425,2.10,1.50
2016.10.21 07:25:29.229,0.76415,0.76425,2.10,1.87
2016.10.21 07:25:29.553,0.76415,0.76425,1.50,2.02
2016.10.21 07:25:29.604,0.76415,0.76425,1.00,1.50
2016.10.21 07:25:29.656,0.76415,0.76425,1.50,2.02
2016.10.21 07:25:29.808,0.76415,0.76425,1.00,1.50
2016.10.21 07:25:29.910,0.76415,0.76425,1.50,2.02
2016.10.21 07:25:30.026,0.76415,0.76425,1.00,1.50
2016.10.21 07:25:30.109,0.76415,0.76425,1.50,2.02
2016.10.21 07:25:30.160,0.76415,0.76424,1.35,1.00
2016.10.21 07:25:30.212,0.76414,0.76424,2.10,1.12
2016.10.21 07:25:30.263,0.76414,0.76424,1.72,1.50
2016.10.21 07:25:30.582,0.76413,0.76424,6.60,2.62
2016.10.21 07:25:30.633,0.76413,0.76424,6.60,3.37
2016.10.21 07:25:30.684,0.76413,0.76424,3.00,3.00
2016.10.21 07:25:31.282,0.76413,0.76424,3.00,2.62
2016.10.21 07:25:34.718,0.76413,0.76424,3.75,3.00
2016.10.21 07:25:35.082,0.76413,0.76424,3.00,3.00
2016.10.21 07:25:35.819,0.76413,0.76424,2.25,2.62
2016.10.21 07:25:37.078,0.76413,0.76424,3.00,2.62
2016.10.21 07:25:37.129,0.76413,0.76424,3.75,1.50
2016.10.21 07:25:37.180,0.76413,0.76424,4.50,1.50
2016.10.21 07:25:37.470,0.76414,0.76424,1.12,3.75
2016.10.21 07:25:37.522,0.76413,0.76422,1.50,1.00
2016.10.21 07:25:37.574,0.76413,0.76422,1.50,1.12
2016.10.21 07:25:37.626,0.76413,0.76422,1.87,1.12
2016.10.21 07:25:37.894,0.76413,0.76422,1.37,1.12
2016.10.21 07:25:37.945,0.76413,0.76422,1.87,1.12
2016.10.21 07:25:38.689,0.76413,0.76422,1.37,1.12
2016.10.21 07:25:38.740,0.76412,0.76422,6.37,1.12
2016.10.21 07:25:38.843,0.76413,0.76422,1.37,1.12
2016.10.21 07:25:38.895,0.76412,0.76422,6.37,1.12
2016.10.21 07:25:39.100,0.76413,0.76422,1.37,1.42
2016.10.21 07:25:39.152,0.76412,0.76422,6.37,1.24
2016.10.21 07:25:39.204,0.76412,0.76422,6.37,1.12
2016.10.21 07:25:39.599,0.76413,0.76422,1.37,1.12
2016.10.21 07:25:39.701,0.76412,0.76422,6.37,1.12
2016.10.21 07:25:39.752,0.76412,0.76422,4.87,1.12
2016.10.21 07:25:39.804,0.76412,0.76422,3.00,1.87
2016.10.21 07:25:39.855,0.76412,0.7642,2.25,1.00
2016.10.21 07:25:39.906,0.76411,0.7642,3.00,1.00
2016.10.21 07:25:39.958,0.76411,0.7642,2.62,1.00
2016.10.21 07:25:40.009,0.76411,0.7642,3.00,1.00
2016.10.21 07:25:40.060,0.76411,0.7642,2.25,1.00
2016.10.21 07:25:40.803,0.76411,0.7642,1.50,1.00
2016.10.21 07:25:41.160,0.76411,0.76422,1.50,2.62
2016.10.21 07:25:41.569,0.76411,0.76422,2.25,2.62
2016.10.21 07:25:41.839,0.76411,0.76422,3.00,2.62
2016.10.21 07:25:41.891,0.76411,0.76422,2.25,2.62
2016.10.21 07:25:41.942,0.76411,0.76422,3.00,2.62
2016.10.21 07:25:42.147,0.76411,0.76422,2.25,2.62
2016.10.21 07:25:42.411,0.76411,0.76422,3.00,2.62
2016.10.21 07:25:42.615,0.76412,0.76422,1.00,1.87
2016.10.21 07:25:42.717,0.76412,0.76422,1.00,2.62
2016.10.21 07:25:43.948,0.76412,0.76422,1.00,1.87
2016.10.21 07:25:45.193,0.76412,0.76422,1.50,1.87
2016.10.21 07:25:46.685,0.76412,0.76422,1.00,1.87
2016.10.21 07:25:46.736,0.76411,0.76422,3.37,1.87
2016.10.21 07:25:47.370,0.76411,0.76422,4.12,1.87
2016.10.21 07:25:47.526,0.76411,0.76422,3.75,1.87
2016.10.21 07:25:47.641,0.76411,0.76422,3.00,1.87
2016.10.21 07:25:47.906,0.76411,0.76422,3.75,1.87
2016.10.21 07:25:48.517,0.76411,0.76422,3.75,1.87
2016.10.21 07:25:48.568,0.76411,0.76422,5.62,1.87
2016.10.21 07:25:48.619,0.76411,0.76422,6.37,1.87
2016.10.21 07:25:48.924,0.76411,0.76422,5.25,1.87
2016.10.21 07:25:49.775,0.76412,0.76422,1.00,1.37
2016.10.21 07:25:49.827,0.76416,0.76426,4.87,1.25
2016.10.21 07:25:50.042,0.76416,0.76426,4.12,1.25
2016.10.21 07:25:50.401,0.76416,0.76426,5.62,1.25
2016.10.21 07:25:50.452,0.76416,0.76426,6.37,1.25
2016.10.21 07:25:50.799,0.76416,0.76426,4.12,1.25
2016.10.21 07:25:51.003,0.76416,0.76426,3.37,1.25
2016.10.21 07:25:51.054,0.76416,0.76426,2.62,1.25
2016.10.21 07:25:51.106,0.76416,0.76426,3.37,1.25
2016.10.21 07:25:51.208,0.76416,0.76426,4.12,1.25
2016.10.21 07:25:51.259,0.76416,0.76426,3.37,1.31
2016.10.21 07:25:51.362,0.76417,0.76427,3.00,2.62
2016.10.21 07:25:51.659,0.76417,0.76428,4.12,3.37
2016.10.21 07:25:51.710,0.76418,0.76429,2.62,2.81
2016.10.21 07:25:51.761,0.76418,0.76429,1.87,2.25
2016.10.21 07:25:51.813,0.76418,0.76429,1.87,2.81
2016.10.21 07:25:51.864,0.76418,0.76429,1.50,2.81
2016.10.21 07:25:51.915,0.76418,0.76429,2.25,4.50
2016.10.21 07:25:51.966,0.76418,0.76429,3.00,6.19
2016.10.21 07:25:52.017,0.76418,0.76429,1.50,6.19
2016.10.21 07:25:52.119,0.76418,0.76429,1.00,4.87
2016.10.21 07:25:52.171,0.76418,0.76429,1.00,5.62
2016.10.21 07:25:52.450,0.76418,0.76429,1.00,5.62
2016.10.21 07:25:52.501,0.76418,0.76429,1.50,6.37
2016.10.21 07:25:52.654,0.76418,0.76429,1.50,7.61
2016.10.21 07:25:52.756,0.76418,0.76429,1.50,6.86
2016.10.21 07:25:52.808,0.76418,0.76429,1.50,4.87
2016.10.21 07:25:52.859,0.76418,0.76429,1.50,5.06
2016.10.21 07:25:52.911,0.76418,0.76429,1.50,5.17
2016.10.21 07:25:53.015,0.76418,0.76429,1.50,6.19
2016.10.21 07:25:53.066,0.76418,0.76429,1.50,6.34
2016.10.21 07:25:53.117,0.76418,0.76429,1.50,5.06
2016.10.21 07:25:53.168,0.76418,0.76428,1.50,1.50
2016.10.21 07:25:53.445,0.76418,0.76428,2.25,2.25
2016.10.21 07:25:53.496,0.76418,0.76428,1.00,2.25
2016.10.21 07:25:53.547,0.76418,0.76428,1.00,1.99
2016.10.21 07:25:53.651,0.76418,0.76428,1.00,1.50
2016.10.21 07:25:53.702,0.76418,0.76429,1.00,7.05
2016.10.21 07:25:53.804,0.76418,0.76429,1.00,6.11
2016.10.21 07:25:53.957,0.76418,0.76429,1.00,7.05
2016.10.21 07:25:54.009,0.76418,0.76429,1.00,7.42
2016.10.21 07:25:54.060,0.76418,0.76429,1.00,6.49
2016.10.21 07:25:54.164,0.76418,0.76429,1.00,6.67
2016.10.21 07:25:54.597,0.76418,0.76429,1.00,6.67
2016.10.21 07:25:54.870,0.76417,0.76429,5.25,5.36
2016.10.21 07:25:54.921,0.76417,0.76429,6.00,6.67
2016.10.21 07:25:54.972,0.76417,0.76429,5.25,5.36
2016.10.21 07:25:55.023,0.76417,0.76429,5.25,6.00
2016.10.21 07:25:55.074,0.76417,0.76429,5.25,6.00
2016.10.21 07:25:55.125,0.76419,0.76429,1.50,5.62
2016.10.21 07:25:55.176,0.76419,0.76429,3.75,5.25
2016.10.21 07:25:55.227,0.76419,0.76429,3.75,2.25
2016.10.21 07:25:55.279,0.76419,0.76429,5.06,1.87
2016.10.21 07:25:55.330,0.76419,0.76429,4.50,1.12
2016.10.21 07:25:55.381,0.76419,0.76429,4.50,1.00
2016.10.21 07:25:55.432,0.7642,0.7643,1.12,1.50
2016.10.21 07:25:55.768,0.7642,0.7643,1.12,1.12
2016.10.21 07:25:56.126,0.76421,0.7643,2.25,1.12
2016.10.21 07:25:56.330,0.76421,0.7643,2.25,1.12
2016.10.21 07:25:57.026,0.7642,0.7643,2.62,1.12
2016.10.21 07:25:57.851,0.7642,0.7643,3.37,1.12
2016.10.21 07:25:57.918,0.7642,0.7643,2.62,1.12
2016.10.21 07:25:58.430,0.7642,0.7643,2.25,1.12
2016.10.21 07:25:58.533,0.7642,0.7643,3.00,1.12
2016.10.21 07:25:58.584,0.7642,0.7643,2.25,1.12
2016.10.21 07:25:58.861,0.7642,0.7643,2.25,1.12
2016.10.21 07:25:58.912,0.7642,0.7643,1.87,3.00
2016.10.21 07:25:58.963,0.7642,0.7643,1.00,2.25
2016.10.21 07:25:59.015,0.7642,0.7643,1.00,2.62
2016.10.21 07:25:59.219,0.7642,0.7643,1.00,1.87
2016.10.21 07:25:59.270,0.7642,0.7643,1.00,1.87
2016.10.21 07:25:59.372,0.7642,0.7643,1.00,1.87
2016.10.21 07:25:59.760,0.7642,0.7643,4.12,1.50
2016.10.21 07:25:59.835,0.7642,0.7643,3.37,1.50
2016.10.21 07:25:59.886,0.7642,0.7643,2.62,1.50
2016.10.21 07:25:59.937,0.7642,0.7643,2.62,1.50
2016.10.21 07:26:00.142,0.7642,0.7643,3.37,1.50
2016.10.21 07:26:00.193,0.7642,0.7643,4.12,1.50
2016.10.21 07:26:00.296,0.7642,0.7643,3.37,1.50
2016.10.21 07:26:00.656,0.7642,0.7643,4.12,1.50
2016.10.21 07:26:00.962,0.7642,0.7643,3.37,1.50
2016.10.21 07:26:01.219,0.7642,0.7643,4.12,1.50
2016.10.21 07:26:01.704,0.7642,0.7643,3.37,1.50
2016.10.21 07:26:01.756,0.7642,0.7643,4.12,1.50
2016.10.21 07:26:01.859,0.7642,0.7643,3.37,1.50
2016.10.21 07:26:01.961,0.7642,0.7643,3.75,1.50
2016.10.21 07:26:02.661,0.7642,0.7643,4.50,1.50
2016.10.21 07:26:03.081,0.7642,0.7643,3.75,1.50
2016.10.21 07:26:03.183,0.7642,0.7643,4.50,1.50
2016.10.21 07:26:03.335,0.7642,0.7643,3.75,1.50
2016.10.21 07:26:03.386,0.7642,0.7643,5.25,1.50
2016.10.21 07:26:03.437,0.7642,0.7643,4.50,1.50
2016.10.21 07:26:03.488,0.7642,0.7643,5.25,1.50
2016.10.21 07:26:03.590,0.7642,0.7643,4.50,1.50
2016.10.21 07:26:03.641,0.7642,0.7643,5.25,1.50
2016.10.21 07:26:03.692,0.7642,0.7643,4.50,1.50
2016.10.21 07:26:04.193,0.7642,0.7643,5.25,1.50
2016.10.21 07:26:04.273,0.7642,0.7643,4.50,1.50
2016.10.21 07:26:04.580,0.7642,0.7643,5.25,1.50
2016.10.21 07:26:05.000,0.7642,0.7643,4.87,1.50
2016.10.21 07:26:05.102,0.7642,0.7643,5.62,1.50
2016.10.21 07:26:05.153,0.7642,0.7643,4.87,1.50
2016.10.21 07:26:05.256,0.7642,0.7643,5.62,1.50
2016.10.21 07:26:05.358,0.7642,0.7643,4.87,1.50
2016.10.21 07:26:05.409,0.7642,0.7643,5.62,1.50
2016.10.21 07:26:05.460,0.7642,0.7643,4.12,1.50
2016.10.21 07:26:06.202,0.7642,0.7643,4.87,1.60
2016.10.21 07:26:06.305,0.7642,0.7643,4.12,1.50
2016.10.21 07:26:06.357,0.7642,0.7643,4.87,1.50
2016.10.21 07:26:06.459,0.7642,0.7643,4.87,1.60
2016.10.21 07:26:06.511,0.7642,0.7643,4.12,1.50
2016.10.21 07:26:06.999,0.7642,0.7643,3.75,1.50
2016.10.21 07:26:07.208,0.7642,0.7643,4.12,1.87
2016.10.21 07:26:07.310,0.7642,0.7643,3.37,1.87
2016.10.21 07:26:07.363,0.7642,0.7643,3.75,1.87
2016.10.21 07:26:07.414,0.7642,0.7643,1.50,1.87
2016.10.21 07:26:07.466,0.7642,0.76429,1.50,1.12
2016.10.21 07:26:07.517,0.7642,0.76429,1.00,1.12
2016.10.21 07:26:07.568,0.7642,0.76429,1.50,1.37
2016.10.21 07:26:07.619,0.7642,0.76429,1.50,1.37
2016.10.21 07:26:07.962,0.7642,0.7643,1.12,1.50
2016.10.21 07:26:08.013,0.7642,0.7643,1.87,1.50
2016.10.21 07:26:08.115,0.7642,0.7643,1.91,1.50
2016.10.21 07:26:08.859,0.7642,0.7643,1.12,1.50
2016.10.21 07:26:08.961,0.7642,0.7643,1.87,1.50
2016.10.21 07:26:09.012,0.7642,0.7643,1.12,1.50
2016.10.21 07:26:09.280,0.7642,0.7643,1.87,1.50
2016.10.21 07:26:09.434,0.7642,0.7643,1.12,1.50
2016.10.21 07:26:10.457,0.7642,0.7643,1.91,1.50
2016.10.21 07:26:10.508,0.7642,0.7643,1.12,1.50
2016.10.21 07:26:10.784,0.7642,0.7643,2.25,1.87
2016.10.21 07:26:10.837,0.7642,0.7643,3.00,1.87
2016.10.21 07:26:10.890,0.7642,0.7643,2.25,2.62
2016.10.21 07:26:10.943,0.76419,0.7643,1.00,3.00
2016.10.21 07:26:11.364,0.76419,0.76429,1.00,1.50
2016.10.21 07:26:11.448,0.76418,0.76429,1.00,1.87
2016.10.21 07:26:11.500,0.76418,0.76427,1.00,1.00
2016.10.21 07:26:11.827,0.76418,0.76427,1.50,1.00
2016.10.21 07:26:11.930,0.76418,0.76429,3.37,1.87
2016.10.21 07:26:12.133,0.76418,0.76429,4.12,1.87
2016.10.21 07:26:12.717,0.76418,0.76429,4.12,2.62
2016.10.21 07:26:12.768,0.76418,0.76429,4.12,1.87
2016.10.21 07:26:12.819,0.76418,0.76429,4.12,1.87
2016.10.21 07:26:12.870,0.76418,0.76429,4.12,2.25
2016.10.21 07:26:12.921,0.76418,0.76429,3.75,3.00
2016.10.21 07:26:13.073,0.76418,0.76429,3.00,3.00
2016.10.21 07:26:13.226,0.76418,0.76429,1.50,3.75
2016.10.21 07:26:13.379,0.76418,0.76429,1.87,3.00
2016.10.21 07:26:13.935,0.76418,0.76429,1.87,3.75
2016.10.21 07:26:13.986,0.76418,0.76427,1.50,1.00
2016.10.21 07:26:14.139,0.76417,0.76427,4.87,1.00
2016.10.21 07:26:14.343,0.76417,0.76426,4.87,1.65
2016.10.21 07:26:14.395,0.76417,0.76424,3.75,1.12
2016.10.21 07:26:15.034,0.76417,0.76424,1.00,1.00
2016.10.21 07:26:15.092,0.76414,0.76424,1.00,4.12
2016.10.21 07:26:15.143,0.76414,0.76424,1.50,4.50
2016.10.21 07:26:15.245,0.76414,0.76424,1.00,4.12
2016.10.21 07:26:15.348,0.76414,0.76424,1.50,4.50
2016.10.21 07:26:15.399,0.76414,0.76424,1.87,4.12
2016.10.21 07:26:15.451,0.76414,0.76424,1.12,2.25
2016.10.21 07:26:15.502,0.76414,0.76423,1.12,1.00
2016.10.21 07:26:15.554,0.76412,0.76423,4.87,1.00
2016.10.21 07:26:15.605,0.76412,0.76423,4.50,1.00
2016.10.21 07:26:15.943,0.76412,0.76423,3.37,1.12
2016.10.21 07:26:15.995,0.76412,0.76423,1.50,2.25
2016.10.21 07:26:16.046,0.76411,0.76422,5.25,1.69
2016.10.21 07:26:16.099,0.76411,0.76422,3.75,1.98
2016.10.21 07:26:16.151,0.76411,0.76421,2.25,1.00
2016.10.21 07:26:16.202,0.76411,0.76421,2.25,1.60
2016.10.21 07:26:16.254,0.7641,0.7642,2.62,1.00
2016.10.21 07:26:16.305,0.7641,0.7642,2.25,1.12
2016.10.21 07:26:16.793,0.7641,0.7642,3.00,1.12
2016.10.21 07:26:16.997,0.7641,0.7642,2.62,1.00
2016.10.21 07:26:17.282,0.7641,0.7642,3.00,1.00
2016.10.21 07:26:17.333,0.7641,0.7642,1.00,1.00
2016.10.21 07:26:17.385,0.7641,0.7642,1.50,1.00
2016.10.21 07:26:17.640,0.7641,0.7642,1.00,1.00
2016.10.21 07:26:17.896,0.7641,0.7642,1.50,1.00
2016.10.21 07:26:18.227,0.7641,0.7642,1.00,1.87
2016.10.21 07:26:18.381,0.7641,0.7642,1.00,1.12
2016.10.21 07:26:18.685,0.76409,0.7642,5.25,1.87
2016.10.21 07:26:18.737,0.76409,0.76419,5.62,1.00
2016.10.21 07:26:19.026,0.76408,0.76419,3.75,2.62
2016.10.21 07:26:19.078,0.76408,0.76419,1.12,3.75
2016.10.21 07:26:19.180,0.76408,0.76419,1.12,3.00
2016.10.21 07:26:19.436,0.76408,0.76419,1.12,3.75
2016.10.21 07:26:19.541,0.76408,0.76419,1.50,2.25
2016.10.21 07:26:19.592,0.76408,0.76419,3.00,2.25
2016.10.21 07:26:20.033,0.76409,0.76419,1.50,1.87
2016.10.21 07:26:20.085,0.76409,0.76419,1.50,2.62
2016.10.21 07:26:20.136,0.76409,0.76419,1.50,1.87
2016.10.21 07:26:20.675,0.76408,0.76419,4.50,1.87
2016.10.21 07:26:20.728,0.76409,0.76419,1.50,1.37
2016.10.21 07:26:20.780,0.7641,0.76419,1.00,1.37
2016.10.21 07:26:21.351,0.7641,0.76419,1.50,1.37
2016.10.21 07:26:21.624,0.7641,0.76419,1.50,1.37
2016.10.21 07:26:21.974,0.7641,0.76419,1.00,1.37
2016.10.21 07:26:22.581,0.7641,0.76419,1.50,1.37
2016.10.21 07:26:22.632,0.7641,0.76419,1.00,1.37
2016.10.21 07:26:23.682,0.7641,0.76419,1.50,1.37
2016.10.21 07:26:24.401,0.7641,0.76419,1.00,1.37
2016.10.21 07:26:24.507,0.7641,0.76419,1.00,1.37
2016.10.21 07:26:24.611,0.7641,0.7642,1.00,5.62
2016.10.21 07:26:24.662,0.7641,0.7642,1.00,5.25
2016.10.21 07:26:24.764,0.76409,0.7642,3.00,5.25
2016.10.21 07:26:25.156,0.76414,0.7642,1.12,1.12
2016.10.21 07:26:25.209,0.76418,0.76426,1.37,2.62
2016.10.21 07:26:25.261,0.76418,0.76427,1.12,6.19
2016.10.21 07:26:25.313,0.76419,0.76427,1.37,5.44
2016.10.21 07:26:25.364,0.76419,0.76427,1.37,1.69
2016.10.21 07:26:27.438,0.76419,0.76427,1.37,1.50
2016.10.21 07:26:27.591,0.76419,0.76428,1.37,4.87
2016.10.21 07:26:27.643,0.76419,0.76428,1.37,2.25
2016.10.21 07:26:27.694,0.76419,0.76428,1.00,1.00
2016.10.21 07:26:27.745,0.76419,0.76429,3.75,1.37
2016.10.21 07:26:27.797,0.7642,0.76429,1.00,1.25
2016.10.21 07:26:27.848,0.7642,0.76429,1.00,1.25
2016.10.21 07:26:27.951,0.7642,0.76429,1.00,1.25
2016.10.21 07:26:28.003,0.76419,0.76429,5.62,1.25
2016.10.21 07:26:28.054,0.76419,0.76429,4.87,1.31
2016.10.21 07:26:28.105,0.76419,0.76429,5.25,1.31
2016.10.21 07:26:28.540,0.76419,0.76429,5.25,1.42
2016.10.21 07:26:28.591,0.76419,0.76429,4.50,1.12
2016.10.21 07:26:28.642,0.76419,0.76429,5.25,1.42
2016.10.21 07:26:28.941,0.76419,0.7643,4.12,3.48
2016.10.21 07:26:29.002,0.76419,0.7643,3.37,3.00
2016.10.21 07:26:29.055,0.76419,0.7643,3.37,3.00
2016.10.21 07:26:29.106,0.76419,0.7643,4.12,3.48
2016.10.21 07:26:29.157,0.76419,0.7643,4.12,3.48
2016.10.21 07:26:29.675,0.76419,0.7643,4.12,2.73
2016.10.21 07:26:29.734,0.76419,0.7643,3.37,2.35
2016.10.21 07:26:30.039,0.76419,0.7643,3.37,2.35
2016.10.21 07:26:30.535,0.76419,0.76429,2.62,2.35
2016.10.21 07:26:30.586,0.76419,0.76428,2.62,1.14
2016.10.21 07:26:30.689,0.76419,0.76428,2.25,1.23
2016.10.21 07:26:30.791,0.76419,0.76428,1.87,1.23
2016.10.21 07:26:31.285,0.76419,0.76428,1.87,1.12
2016.10.21 07:26:31.600,0.76418,0.76428,3.75,1.50
2016.10.21 07:26:31.651,0.76418,0.76429,3.00,3.10
2016.10.21 07:26:31.702,0.76418,0.76428,3.00,1.14
2016.10.21 07:26:31.753,0.76418,0.76429,3.00,3.10
2016.10.21 07:26:31.804,0.76418,0.76429,3.00,3.00
2016.10.21 07:26:31.855,0.76418,0.76429,3.00,3.00
2016.10.21 07:26:31.957,0.76418,0.76428,3.00,1.12
2016.10.21 07:26:32.059,0.76418,0.76428,2.62,2.25
2016.10.21 07:26:32.161,0.76418,0.76428,2.62,1.50
2016.10.21 07:26:33.027,0.76418,0.76428,2.62,2.25
2016.10.21 07:26:33.086,0.76418,0.76427,2.62,1.00
2016.10.21 07:26:33.188,0.76418,0.76428,2.62,3.10
2016.10.21 07:26:33.240,0.76418,0.76428,2.62,3.10
2016.10.21 07:26:33.495,0.76418,0.76428,2.62,3.85
2016.10.21 07:26:33.546,0.76418,0.76428,2.62,3.85
2016.10.21 07:26:33.858,0.76418,0.76423,1.00,1.87
2016.10.21 07:26:33.909,0.76415,0.76423,1.37,1.87
2016.10.21 07:26:34.011,0.76415,0.76423,1.37,2.62
2016.10.21 07:26:34.369,0.76415,0.76423,1.37,2.62
2016.10.21 07:26:34.731,0.76415,0.76423,1.37,2.62
2016.10.21 07:26:34.807,0.76415,0.76423,1.37,3.75
2016.10.21 07:26:35.634,0.76415,0.76423,1.37,4.50
2016.10.21 07:26:35.968,0.76415,0.76423,1.37,3.75
2016.10.21 07:26:36.019,0.76415,0.76423,1.37,3.00
2016.10.21 07:26:36.173,0.76415,0.76423,1.37,3.75
2016.10.21 07:26:36.428,0.76415,0.76423,1.37,3.00
2016.10.21 07:26:37.291,0.76415,0.76423,1.37,3.19
2016.10.21 07:26:37.343,0.76415,0.76422,1.37,1.00
2016.10.21 07:26:37.395,0.76415,0.76421,1.37,1.14
2016.10.21 07:26:37.446,0.76415,0.7642,1.00,1.23
2016.10.21 07:26:37.700,0.76414,0.76418,1.00,1.00
2016.10.21 07:26:37.752,0.76414,0.76418,1.12,1.00
2016.10.21 07:26:38.070,0.76411,0.76418,1.50,1.00
2016.10.21 07:26:38.777,0.76412,0.76418,1.00,1.00
2016.10.21 07:26:39.570,0.76411,0.76418,1.37,1.00
2016.10.21 07:26:39.672,0.7641,0.76418,1.50,1.00
2016.10.21 07:26:39.745,0.7641,0.76418,1.00,1.00
2016.10.21 07:26:39.796,0.76409,0.76418,1.87,1.00
2016.10.21 07:26:40.295,0.76409,0.76418,3.00,1.00
2016.10.21 07:26:40.347,0.76409,0.76419,2.25,1.12
2016.10.21 07:26:40.398,0.7641,0.76419,1.12,1.12
2016.10.21 07:26:40.449,0.76411,0.76419,1.50,1.12
2016.10.21 07:26:40.500,0.76412,0.76421,1.12,2.25
2016.10.21 07:26:40.554,0.76412,0.76422,2.25,3.00
2016.10.21 07:26:40.605,0.76416,0.76422,2.32,2.25
2016.10.21 07:26:40.656,0.76417,0.76422,1.50,1.37
2016.10.21 07:26:41.286,0.76423,0.76428,1.37,2.25
2016.10.21 07:26:41.345,0.76424,0.76433,1.00,3.19
2016.10.21 07:26:41.396,0.76424,0.76432,1.00,1.12
2016.10.21 07:26:41.452,0.76424,0.76432,1.00,1.50
2016.10.21 07:26:41.557,0.76424,0.76431,1.00,1.00
2016.10.21 07:26:42.063,0.76424,0.76433,1.00,3.94
2016.10.21 07:26:42.166,0.76424,0.76433,1.00,3.19
2016.10.21 07:26:42.270,0.76424,0.76433,1.00,3.94
2016.10.21 07:26:42.322,0.76424,0.76433,1.00,2.44
2016.10.21 07:26:42.374,0.76424,0.76433,1.00,2.44
2016.10.21 07:26:42.427,0.76424,0.76433,1.00,3.19
2016.10.21 07:26:42.479,0.76424,0.76433,1.00,3.19
2016.10.21 07:26:43.052,0.76424,0.76433,1.00,3.19
2016.10.21 07:26:43.483,0.76424,0.76433,1.50,3.94
2016.10.21 07:26:43.619,0.76424,0.76433,1.50,3.19
2016.10.21 07:26:44.237,0.76424,0.76433,1.50,2.44
2016.10.21 07:26:44.543,0.76424,0.76433,1.50,3.19
2016.10.21 07:26:44.594,0.76424,0.76433,1.00,2.44
2016.10.21 07:26:44.645,0.76424,0.76433,1.00,1.69
2016.10.21 07:26:44.696,0.76424,0.76433,1.50,2.44
2016.10.21 07:26:45.721,0.76424,0.76434,1.50,5.44
2016.10.21 07:26:45.773,0.76425,0.76433,1.00,1.12
2016.10.21 07:26:45.824,0.76425,0.76433,1.50,1.12
2016.10.21 07:26:46.246,0.76425,0.76433,1.50,2.25
2016.10.21 07:26:46.551,0.76424,0.76433,2.62,1.50
2016.10.21 07:26:46.602,0.76426,0.76433,1.50,1.50
2016.10.21 07:26:46.654,0.76425,0.76433,1.50,1.50
2016.10.21 07:26:46.705,0.76424,0.76433,2.62,2.25
2016.10.21 07:26:46.757,0.76424,0.76433,2.62,1.12
2016.10.21 07:26:46.808,0.76424,0.76433,2.25,1.12
2016.10.21 07:26:46.910,0.76424,0.76433,1.00,1.12
2016.10.21 07:26:47.353,0.76424,0.76433,1.00,2.25
2016.10.21 07:26:47.733,0.76424,0.76433,2.25,2.25
2016.10.21 07:26:47.784,0.76424,0.76433,2.25,2.25
2016.10.21 07:26:47.835,0.76424,0.76433,2.25,1.12
2016.10.21 07:26:47.886,0.76424,0.76433,1.00,1.12
2016.10.21 07:26:47.937,0.76424,0.76433,2.25,1.12
2016.10.21 07:26:48.383,0.76424,0.76433,2.25,1.12
2016.10.21 07:26:48.438,0.76424,0.76433,1.00,1.12
2016.10.21 07:26:49.082,0.76424,0.76434,1.50,6.00
2016.10.21 07:26:49.133,0.76424,0.76434,1.00,4.50
2016.10.21 07:26:49.184,0.76424,0.76434,1.50,2.25
2016.10.21 07:26:49.236,0.76425,0.76435,1.50,2.62
2016.10.21 07:26:49.288,0.76424,0.76434,2.62,1.50
2016.10.21 07:26:49.922,0.76424,0.76433,1.00,1.50
2016.10.21 07:26:49.990,0.76424,0.76433,1.00,1.12
2016.10.21 07:26:50.041,0.76424,0.76433,1.00,1.50
2016.10.21 07:26:50.399,0.76424,0.76433,1.00,3.00
2016.10.21 07:26:50.813,0.76424,0.76433,1.00,3.37
2016.10.21 07:26:51.950,0.76424,0.76433,1.00,3.00
2016.10.21 07:26:52.616,0.76424,0.76433,1.00,2.25
2016.10.21 07:26:52.887,0.76422,0.76433,2.25,2.62
2016.10.21 07:26:52.939,0.76422,0.76432,1.12,1.60
2016.10.21 07:26:52.990,0.76422,0.76429,1.12,1.00
2016.10.21 07:26:54.043,0.76422,0.76428,1.12,1.00
2016.10.21 07:26:54.095,0.7642,0.76427,1.12,1.00
2016.10.21 07:26:54.196,0.7642,0.76427,1.00,1.00
2016.10.21 07:26:55.466,0.7642,0.76428,1.00,1.00
2016.10.21 07:26:55.518,0.7642,0.76428,1.50,1.00
2016.10.21 07:26:55.569,0.76421,0.76428,1.00,1.00
2016.10.21 07:26:55.671,0.76421,0.76428,1.00,1.00
2016.10.21 07:26:55.996,0.76421,0.76428,1.12,1.00
2016.10.21 07:26:58.046,0.76421,0.76432,1.12,2.62
2016.10.21 07:26:58.099,0.76421,0.76432,1.87,1.87
2016.10.21 07:26:58.212,0.76421,0.76432,1.87,2.62
2016.10.21 07:26:58.525,0.76421,0.76432,1.87,1.87
2016.10.21 07:26:58.678,0.76421,0.76432,1.87,2.81
2016.10.21 07:26:58.780,0.76421,0.76432,1.87,1.87
2016.10.21 07:26:58.882,0.76421,0.76432,1.87,1.87
2016.10.21 07:26:58.933,0.76421,0.76432,1.87,2.25
2016.10.21 07:26:59.621,0.76421,0.76432,1.87,2.62
2016.10.21 07:26:59.672,0.76421,0.76432,1.87,1.87
2016.10.21 07:26:59.723,0.76421,0.76432,2.62,2.81
2016.10.21 07:26:59.793,0.76421,0.76432,2.62,2.81
2016.10.21 07:26:59.946,0.76421,0.76432,2.62,3.19
2016.10.21 07:26:59.997,0.76421,0.76432,2.62,3.94
2016.10.21 07:27:00.561,0.76421,0.76432,2.62,3.56
2016.10.21 07:27:00.794,0.76421,0.76432,2.62,2.81
2016.10.21 07:27:00.947,0.76421,0.76432,2.62,3.56
2016.10.21 07:27:01.171,0.76421,0.76432,2.62,2.81
2016.10.21 07:27:01.807,0.76421,0.76432,2.62,3.56
2016.10.21 07:27:01.960,0.76421,0.76432,2.62,2.81
2016.10.21 07:27:02.062,0.76421,0.76432,2.62,3.56
2016.10.21 07:27:02.164,0.76421,0.76432,2.62,2.81
2016.10.21 07:27:02.420,0.76423,0.76432,1.00,2.81
2016.10.21 07:27:02.472,0.76423,0.76432,1.00,1.87
2016.10.21 07:27:02.728,0.76423,0.76432,1.50,1.87
2016.10.21 07:27:03.114,0.76423,0.76432,1.00,2.81
2016.10.21 07:27:04.047,0.76423,0.76432,1.00,1.87
2016.10.21 07:27:05.476,0.76423,0.76432,1.00,1.87
2016.10.21 07:27:05.544,0.76423,0.76432,1.00,1.37
2016.10.21 07:27:06.495,0.76423,0.76432,1.00,1.37
2016.10.21 07:27:06.550,0.76423,0.76432,1.50,1.37
2016.10.21 07:27:06.703,0.76423,0.76432,1.00,1.37
2016.10.21 07:27:06.808,0.76423,0.76432,1.00,1.37
2016.10.21 07:27:07.861,0.76423,0.76432,1.00,2.62
2016.10.21 07:27:07.921,0.76423,0.76431,1.00,1.12
2016.10.21 07:27:08.278,0.76423,0.76432,1.00,1.37
2016.10.21 07:27:08.329,0.76423,0.76432,1.00,2.25
2016.10.21 07:27:09.346,0.76423,0.76432,1.00,1.37
2016.10.21 07:27:12.741,0.76423,0.76432,1.00,1.37
2016.10.21 07:27:12.793,0.76423,0.76432,1.50,1.37
2016.10.21 07:27:12.895,0.76423,0.76432,1.00,1.37
2016.10.21 07:27:14.073,0.76423,0.76432,1.00,1.50
2016.10.21 07:27:14.175,0.76423,0.76432,1.50,1.50
2016.10.21 07:27:14.226,0.76423,0.76432,1.00,1.50
2016.10.21 07:27:14.579,0.76423,0.76432,1.50,1.50
2016.10.21 07:27:14.682,0.76423,0.76432,1.00,1.50
2016.10.21 07:27:15.084,0.76423,0.76432,1.00,2.25
2016.10.21 07:27:15.135,0.76423,0.76431,1.00,1.00
2016.10.21 07:27:15.186,0.76423,0.76431,1.50,1.00
2016.10.21 07:27:15.237,0.76423,0.76432,1.50,1.50
2016.10.21 07:27:15.397,0.76423,0.76432,1.00,1.50
2016.10.21 07:27:15.448,0.76423,0.76432,1.00,1.50
2016.10.21 07:27:15.600,0.76423,0.76432,1.00,2.25
2016.10.21 07:27:15.703,0.76423,0.76432,1.00,3.00
2016.10.21 07:27:16.392,0.76423,0.76432,1.00,1.50
2016.10.21 07:27:16.828,0.76423,0.76432,1.00,2.25
2016.10.21 07:27:17.032,0.76423,0.76432,1.00,1.50
2016.10.21 07:27:17.134,0.76423,0.76432,1.00,2.25
2016.10.21 07:27:17.845,0.76423,0.76432,1.00,2.62
2016.10.21 07:27:17.954,0.76423,0.76432,1.00,1.87
2016.10.21 07:27:18.158,0.76423,0.76432,1.50,2.62
2016.10.21 07:27:18.210,0.76423,0.76432,1.50,2.62
2016.10.21 07:27:18.414,0.76423,0.76432,1.00,1.87
2016.10.21 07:27:19.370,0.76423,0.76432,1.50,1.87
2016.10.21 07:27:19.773,0.76424,0.76433,1.00,2.81
2016.10.21 07:27:19.824,0.76423,0.76433,3.00,2.81
2016.10.21 07:27:19.926,0.76425,0.76433,1.00,2.81
2016.10.21 07:27:19.978,0.76425,0.76433,1.00,2.62
2016.10.21 07:27:20.031,0.76427,0.76433,1.50,1.00
2016.10.21 07:27:20.083,0.76427,0.76435,3.00,3.15
2016.10.21 07:27:20.134,0.76429,0.76434,1.00,1.00
2016.10.21 07:27:20.186,0.76426,0.76435,1.50,1.50
2016.10.21 07:27:20.238,0.76426,0.76434,1.12,1.00
2016.10.21 07:27:20.290,0.76425,0.76434,1.50,1.00
2016.10.21 07:27:20.572,0.76425,0.76434,1.50,1.12
2016.10.21 07:27:20.624,0.76425,0.76434,1.00,1.87
2016.10.21 07:27:20.932,0.76425,0.76434,1.00,2.62
2016.10.21 07:27:21.035,0.76424,0.76434,1.50,1.50
2016.10.21 07:27:21.970,0.76424,0.76434,1.50,1.87
2016.10.21 07:27:23.154,0.76424,0.76434,1.50,3.00
2016.10.21 07:27:24.021,0.76424,0.76434,1.50,1.87
2016.10.21 07:27:24.072,0.76424,0.76434,1.50,1.50
2016.10.21 07:27:25.156,0.76424,0.76434,1.50,2.62
2016.10.21 07:27:25.538,0.76424,0.76433,1.50,1.12
2016.10.21 07:27:25.589,0.76424,0.76433,1.50,1.50
2016.10.21 07:27:26.301,0.76424,0.76433,1.50,3.00
2016.10.21 07:27:26.356,0.76424,0.76432,1.00,1.00
2016.10.21 07:27:27.162,0.76424,0.76431,1.00,1.12
2016.10.21 07:27:27.214,0.76423,0.76431,1.50,1.87
2016.10.21 07:27:27.367,0.76423,0.76431,1.00,1.87
2016.10.21 07:27:27.521,0.76423,0.76431,1.00,1.12
2016.10.21 07:27:27.625,0.76423,0.76433,1.00,4.87
2016.10.21 07:27:27.956,0.76423,0.76433,1.50,5.25
2016.10.21 07:27:28.016,0.76423,0.76433,1.50,4.50
2016.10.21 07:27:28.170,0.76423,0.76433,2.25,5.25
2016.10.21 07:27:28.273,0.76423,0.76433,2.25,5.25
2016.10.21 07:27:28.325,0.76424,0.76433,1.00,5.25
2016.10.21 07:27:29.320,0.76424,0.76432,1.00,1.00
2016.10.21 07:27:29.737,0.76424,0.76433,1.00,5.25
2016.10.21 07:27:29.943,0.76424,0.76433,1.00,4.50
2016.10.21 07:27:29.996,0.76424,0.76433,1.00,3.75
2016.10.21 07:27:30.747,0.76424,0.76433,1.00,3.75
2016.10.21 07:27:30.849,0.76424,0.76433,1.00,4.50
2016.10.21 07:27:31.356,0.76424,0.76433,1.00,3.37
2016.10.21 07:27:31.460,0.76424,0.76433,1.00,1.87
2016.10.21 07:27:32.877,0.76424,0.76433,1.00,3.37
2016.10.21 07:27:33.779,0.76424,0.76433,1.50,4.12
2016.10.21 07:27:33.932,0.76424,0.76433,1.00,4.12
2016.10.21 07:27:33.983,0.76424,0.76433,1.00,5.25
2016.10.21 07:27:35.075,0.76424,0.76433,1.00,4.50
2016.10.21 07:27:35.177,0.76424,0.76433,1.00,3.00
2016.10.21 07:27:36.272,0.76424,0.76433,1.00,2.25
2016.10.21 07:27:36.449,0.76424,0.76432,1.00,1.12
2016.10.21 07:27:36.602,0.76424,0.76433,1.00,3.75
2016.10.21 07:27:36.807,0.76424,0.76432,1.00,1.12
2016.10.21 07:27:36.909,0.76424,0.76433,1.00,3.00
2016.10.21 07:27:37.327,0.76424,0.76433,1.00,4.87
2016.10.21 07:27:37.637,0.76424,0.76433,1.00,4.12
2016.10.21 07:27:37.689,0.76425,0.76433,1.50,3.37
2016.10.21 07:27:37.740,0.76426,0.76433,1.00,1.37
2016.10.21 07:27:37.792,0.76426,0.76433,1.00,1.37
2016.10.21 07:27:37.845,0.76427,0.76435,1.00,1.87
2016.10.21 07:27:37.897,0.76426,0.76436,1.50,1.00
2016.10.21 07:27:37.949,0.76427,0.76436,1.12,1.00
2016.10.21 07:27:38.268,0.76427,0.76436,1.87,1.00
2016.10.21 07:27:38.338,0.76427,0.76437,3.00,1.69
2016.10.21 07:27:38.390,0.76427,0.76437,3.75,1.25
2016.10.21 07:27:38.492,0.76428,0.76437,1.00,1.25
2016.10.21 07:27:38.696,0.76428,0.76438,3.75,1.42
2016.10.21 07:27:38.747,0.76428,0.76438,3.75,1.35
2016.10.21 07:27:38.799,0.76428,0.76439,3.00,3.29
2016.10.21 07:27:38.850,0.7643,0.76439,1.00,1.87
2016.10.21 07:27:39.167,0.76431,0.76439,1.00,1.00
2016.10.21 07:27:39.219,0.76431,0.76441,2.25,1.87
2016.10.21 07:27:39.275,0.76432,0.76442,1.00,1.87
2016.10.21 07:27:39.348,0.76432,0.76442,1.00,1.50
2016.10.21 07:27:39.399,0.76432,0.76442,1.00,2.62
2016.10.21 07:27:39.456,0.76432,0.76442,1.50,2.62
2016.10.21 07:27:40.139,0.76432,0.76442,1.50,1.87
2016.10.21 07:27:40.262,0.76432,0.76442,1.50,2.62
2016.10.21 07:27:40.415,0.76432,0.76442,1.50,1.87
2016.10.21 07:27:40.466,0.76432,0.76442,1.50,1.12
2016.10.21 07:27:40.568,0.76432,0.76442,1.50,1.87
2016.10.21 07:27:40.620,0.76432,0.76441,1.87,1.00
2016.10.21 07:27:41.112,0.76432,0.76441,1.50,1.00
2016.10.21 07:27:41.431,0.76432,0.76442,1.50,1.12
2016.10.21 07:27:41.483,0.76432,0.76441,2.25,1.00
2016.10.21 07:27:41.756,0.76432,0.76442,1.50,1.12
2016.10.21 07:27:41.931,0.76432,0.76442,1.50,1.87
2016.10.21 07:27:42.033,0.76432,0.76442,1.50,1.12
2016.10.21 07:27:42.338,0.76432,0.76442,2.25,1.87
2016.10.21 07:27:42.693,0.76432,0.76442,1.50,1.87
2016.10.21 07:27:42.795,0.76432,0.76442,2.25,2.62
2016.10.21 07:27:42.999,0.76432,0.76442,1.50,2.62
2016.10.21 07:27:43.515,0.76432,0.76442,1.00,1.87
2016.10.21 07:27:43.667,0.76432,0.76442,1.50,2.62
2016.10.21 07:27:44.046,0.76432,0.76442,1.00,1.87
2016.10.21 07:27:44.351,0.76434,0.76442,1.00,1.87
2016.10.21 07:27:44.454,0.76434,0.76442,1.00,1.50
2016.10.21 07:27:44.908,0.76434,0.76442,1.00,1.00
2016.10.21 07:27:45.762,0.76434,0.76442,1.00,1.00
2016.10.21 07:27:45.864,0.76434,0.76442,1.00,1.00
2016.10.21 07:27:45.915,0.76434,0.76443,1.00,3.75
2016.10.21 07:27:45.967,0.76434,0.76443,1.00,1.12
2016.10.21 07:27:46.018,0.76434,0.76443,1.00,1.00
2016.10.21 07:27:46.070,0.76434,0.76443,1.00,1.50
2016.10.21 07:27:46.379,0.76434,0.76443,1.00,1.00
2016.10.21 07:27:46.694,0.76434,0.76443,1.50,1.50
2016.10.21 07:27:46.745,0.76434,0.76443,1.00,1.00
2016.10.21 07:27:46.796,0.76434,0.76443,1.00,1.00
2016.10.21 07:27:46.899,0.76434,0.76443,1.00,1.00
2016.10.21 07:27:48.235,0.76434,0.76443,1.12,1.00
2016.10.21 07:27:48.567,0.76434,0.76443,1.12,2.25
2016.10.21 07:27:48.622,0.76434,0.76443,1.12,1.87
2016.10.21 07:27:48.724,0.76434,0.76443,1.12,2.25
2016.10.21 07:27:49.084,0.76434,0.76442,1.12,1.12
2016.10.21 07:27:51.213,0.76434,0.76442,1.12,1.12
2016.10.21 07:27:51.265,0.76434,0.76442,1.00,1.12
2016.10.21 07:27:51.736,0.76434,0.76443,1.00,3.75
2016.10.21 07:27:51.787,0.76434,0.76443,1.00,3.00
2016.10.21 07:27:51.838,0.76434,0.76443,1.00,3.75
2016.10.21 07:27:51.889,0.76434,0.76443,1.00,2.25
2016.10.21 07:27:52.144,0.76434,0.76443,1.00,3.00
2016.10.21 07:27:52.246,0.76434,0.76443,1.00,2.25
2016.10.21 07:27:52.500,0.76434,0.76443,1.00,3.00
2016.10.21 07:27:53.147,0.76434,0.76443,1.00,2.25
2016.10.21 07:27:53.583,0.76434,0.76443,1.00,3.10
2016.10.21 07:27:53.635,0.76434,0.76443,1.00,2.25
2016.10.21 07:27:53.788,0.76434,0.76443,1.00,3.10
2016.10.21 07:27:54.421,0.76434,0.76443,1.00,2.25
2016.10.21 07:27:54.732,0.76434,0.76443,1.00,3.10
2016.10.21 07:27:54.785,0.76434,0.76443,1.00,2.25
2016.10.21 07:27:54.931,0.76434,0.76443,1.00,3.10
2016.10.21 07:27:54.983,0.76434,0.76443,1.00,2.25
2016.10.21 07:27:55.034,0.76434,0.76443,1.00,3.10
2016.10.21 07:27:55.549,0.76434,0.76443,1.00,2.25
2016.10.21 07:27:55.702,0.76434,0.76443,1.00,3.75
2016.10.21 07:27:56.007,0.76434,0.76443,1.00,4.50
2016.10.21 07:27:56.059,0.76434,0.76443,1.00,3.75
2016.10.21 07:27:56.111,0.76434,0.76443,1.00,1.87
2016.10.21 07:27:56.163,0.76434,0.76443,1.12,1.37
2016.10.21 07:27:56.214,0.76435,0.76444,1.00,2.81
2016.10.21 07:27:56.524,0.76437,0.76447,1.50,3.00
2016.10.21 07:27:56.575,0.76438,0.76447,3.00,2.62
2016.10.21 07:27:56.626,0.76439,0.76449,1.12,1.00
2016.10.21 07:27:56.678,0.7644,0.76449,1.00,1.00
2016.10.21 07:27:56.729,0.7644,0.76449,1.00,1.50
2016.10.21 07:27:56.780,0.7644,0.76449,1.00,1.12
2016.10.21 07:27:56.831,0.7644,0.76449,1.12,1.12
2016.10.21 07:27:56.882,0.7644,0.7645,3.37,1.12
2016.10.21 07:27:56.934,0.7644,0.7645,3.00,2.09
2016.10.21 07:27:56.985,0.7644,0.76448,3.00,1.00
2016.10.21 07:27:57.292,0.7644,0.76448,3.75,1.00
2016.10.21 07:27:57.343,0.7644,0.7645,4.12,2.25
2016.10.21 07:27:57.548,0.7644,0.7645,3.75,2.25
2016.10.21 07:27:57.650,0.7644,0.7645,3.75,1.50
2016.10.21 07:27:57.753,0.76442,0.7645,1.00,1.50
2016.10.21 07:27:57.805,0.76442,0.76451,1.00,2.25
2016.10.21 07:27:57.857,0.76442,0.76451,1.00,1.87
2016.10.21 07:27:58.174,0.76442,0.76451,1.50,1.00
2016.10.21 07:27:58.432,0.76442,0.76451,1.87,1.00
2016.10.21 07:27:58.484,0.76442,0.76451,1.87,1.50
2016.10.21 07:27:58.738,0.76443,0.76451,1.00,1.00
2016.10.21 07:27:59.585,0.76442,0.76451,2.25,2.25
2016.10.21 07:27:59.645,0.76442,0.76451,1.12,2.25
2016.10.21 07:27:59.773,0.76442,0.7645,1.12,1.00
2016.10.21 07:28:00.364,0.76443,0.76451,1.00,2.25
2016.10.21 07:28:00.569,0.76443,0.7645,1.00,1.00
2016.10.21 07:28:00.722,0.76443,0.76451,1.00,2.25
2016.10.21 07:28:00.824,0.76443,0.76451,1.00,1.50
2016.10.21 07:28:00.875,0.76443,0.76451,1.00,1.00
2016.10.21 07:28:00.926,0.76443,0.76452,1.00,1.87
2016.10.21 07:28:01.239,0.76443,0.76453,1.31,1.87
2016.10.21 07:28:01.290,0.76445,0.76454,1.50,3.37
2016.10.21 07:28:01.341,0.76445,0.76453,2.62,1.00
2016.10.21 07:28:01.392,0.76447,0.76454,2.25,2.62
2016.10.21 07:28:01.444,0.76447,0.76453,1.00,1.00
2016.10.21 07:28:01.546,0.76445,0.76453,2.62,1.00
2016.10.21 07:28:01.597,0.76445,0.76453,3.00,1.00
2016.10.21 07:28:02.115,0.76448,0.76454,1.00,1.12
2016.10.21 07:28:02.175,0.76448,0.76455,1.00,1.50
2016.10.21 07:28:02.327,0.76447,0.76455,1.87,1.00
2016.10.21 07:28:02.429,0.76447,0.76455,1.87,1.50
2016.10.21 07:28:02.531,0.76447,0.76455,1.87,1.00
2016.10.21 07:28:02.917,0.76448,0.76457,2.25,1.12
2016.10.21 07:28:03.537,0.76448,0.76457,2.44,1.87
2016.10.21 07:28:03.588,0.76451,0.7646,2.25,1.00
2016.10.21 07:28:03.639,0.76451,0.7646,3.37,1.00
2016.10.21 07:28:03.742,0.76451,0.7646,2.62,1.00
2016.10.21 07:28:03.793,0.76452,0.76461,3.00,1.12
2016.10.21 07:28:03.844,0.76452,0.76461,4.12,1.12
2016.10.21 07:28:03.895,0.76452,0.76461,4.12,1.00
2016.10.21 07:28:03.946,0.76452,0.76461,4.50,1.00
2016.10.21 07:28:04.270,0.76452,0.76461,4.12,1.00
2016.10.21 07:28:04.322,0.76452,0.76462,4.12,2.62
2016.10.21 07:28:04.577,0.76452,0.76462,4.12,1.12
2016.10.21 07:28:04.628,0.76452,0.76462,3.75,1.12
2016.10.21 07:28:05.176,0.76452,0.76462,5.62,1.12
2016.10.21 07:28:05.278,0.76452,0.76463,5.62,2.81
2016.10.21 07:28:05.330,0.76452,0.76463,5.62,2.06
2016.10.21 07:28:05.762,0.76453,0.76463,1.00,2.81
2016.10.21 07:28:05.864,0.76452,0.76463,5.62,2.06
2016.10.21 07:28:06.274,0.76452,0.76463,6.75,1.87
2016.10.21 07:28:06.325,0.76454,0.76463,1.00,1.87
2016.10.21 07:28:06.682,0.76452,0.76463,6.75,1.87
2016.10.21 07:28:06.733,0.76452,0.76463,6.37,1.87
2016.10.21 07:28:06.784,0.76452,0.76463,4.87,1.87
2016.10.21 07:28:06.937,0.76454,0.76463,3.00,1.87
2016.10.21 07:28:06.989,0.76454,0.76463,2.25,1.87
2016.10.21 07:28:07.040,0.76454,0.76463,2.25,1.87
2016.10.21 07:28:07.441,0.76455,0.76463,1.00,1.37
2016.10.21 07:28:07.492,0.76454,0.76463,3.37,1.37
2016.10.21 07:28:07.544,0.76454,0.76463,3.37,1.37
2016.10.21 07:28:07.596,0.76455,0.76463,1.00,1.37
2016.10.21 07:28:07.648,0.76455,0.76463,1.00,1.37
2016.10.21 07:28:07.699,0.76454,0.76463,2.62,1.37
2016.10.21 07:28:07.750,0.76454,0.76463,2.62,1.37
2016.10.21 07:28:08.729,0.76454,0.76463,5.62,1.37
2016.10.21 07:28:08.780,0.76454,0.76463,3.37,1.37
2016.10.21 07:28:08.882,0.76454,0.76463,3.37,1.00
2016.10.21 07:28:08.934,0.76454,0.76464,3.37,1.37
2016.10.21 07:28:09.036,0.76454,0.76464,4.50,1.37
2016.10.21 07:28:09.189,0.76454,0.76464,5.25,2.25
2016.10.21 07:28:09.245,0.76454,0.76464,4.50,1.87
2016.10.21 07:28:09.693,0.76455,0.76464,2.25,2.25
2016.10.21 07:28:09.846,0.76455,0.76464,2.25,1.87
2016.10.21 07:28:10.057,0.76455,0.76464,2.25,2.25
2016.10.21 07:28:10.421,0.76455,0.76464,2.25,1.87
2016.10.21 07:28:10.523,0.76455,0.76464,2.25,1.37
2016.10.21 07:28:10.778,0.76454,0.76464,3.00,1.37
2016.10.21 07:28:11.511,0.76455,0.76464,2.25,1.37
2016.10.21 07:28:11.564,0.76455,0.76464,3.00,1.50
2016.10.21 07:28:12.517,0.76455,0.76464,2.25,1.50
2016.10.21 07:28:12.773,0.76455,0.76464,3.00,1.50
2016.10.21 07:28:13.285,0.76455,0.76464,3.75,1.50
2016.10.21 07:28:13.758,0.76457,0.76464,3.00,1.37
2016.10.21 07:28:13.809,0.76457,0.76465,3.00,1.12
2016.10.21 07:28:13.860,0.76458,0.76467,1.00,2.62
2016.10.21 07:28:13.912,0.76457,0.76467,6.00,1.12
2016.10.21 07:28:13.963,0.76458,0.76467,1.50,1.00
2016.10.21 07:28:14.065,0.76458,0.76467,1.50,3.00
2016.10.21 07:28:14.117,0.76458,0.76466,1.12,1.00
2016.10.21 07:28:14.168,0.76456,0.76465,1.50,1.12
2016.10.21 07:28:14.219,0.76456,0.76465,1.12,1.87
2016.10.21 07:28:14.271,0.76456,0.76465,1.12,1.00
2016.10.21 07:28:14.323,0.76457,0.76464,1.12,1.00
2016.10.21 07:28:14.374,0.76456,0.76465,1.87,1.00
2016.10.21 07:28:14.426,0.76456,0.76466,1.87,1.00
2016.10.21 07:28:14.696,0.76457,0.76466,1.50,1.00
2016.10.21 07:28:14.747,0.76458,0.76469,4.50,3.37
2016.10.21 07:28:14.798,0.76458,0.76469,4.50,2.62
2016.10.21 07:28:14.849,0.76459,0.76469,1.50,2.25
2016.10.21 07:28:14.900,0.76459,0.76469,2.25,1.50
2016.10.21 07:28:14.952,0.76459,0.76469,4.87,1.50
2016.10.21 07:28:15.003,0.76461,0.76469,1.00,1.50
2016.10.21 07:28:15.055,0.76461,0.7647,1.00,1.87
2016.10.21 07:28:15.107,0.7646,0.76471,1.87,3.00
2016.10.21 07:28:15.414,0.7646,0.76471,1.87,3.00
2016.10.21 07:28:15.465,0.76459,0.76467,2.62,1.00
2016.10.21 07:28:15.517,0.76458,0.76466,4.87,1.80
2016.10.21 07:28:15.568,0.76457,0.76465,1.00,1.37
2016.10.21 07:28:15.620,0.76456,0.76465,3.37,1.87
2016.10.21 07:28:15.672,0.76456,0.76464,2.25,1.12
2016.10.21 07:28:15.723,0.76455,0.76464,2.25,1.87
2016.10.21 07:28:15.826,0.76455,0.76464,2.25,1.00
2016.10.21 07:28:15.877,0.76455,0.76464,2.25,1.12
2016.10.21 07:28:16.159,0.76454,0.76463,1.12,1.87
2016.10.21 07:28:16.226,0.76452,0.76461,3.00,1.19
2016.10.21 07:28:16.472,0.76452,0.76462,2.62,2.77
2016.10.21 07:28:16.523,0.76452,0.76461,3.00,1.12
2016.10.21 07:28:16.728,0.76452,0.76461,1.00,1.12
2016.10.21 07:28:17.099,0.76452,0.76461,1.00,1.12
2016.10.21 07:28:17.151,0.76453,0.76463,1.00,3.19
2016.10.21 07:28:17.306,0.76453,0.76463,1.00,2.81
2016.10.21 07:28:17.463,0.76453,0.76462,1.00,1.08
2016.10.21 07:28:17.514,0.76453,0.76463,1.00,3.14
2016.10.21 07:28:17.616,0.76453,0.76463,1.00,3.89
2016.10.21 07:28:17.667,0.76453,0.76463,1.00,3.75
2016.10.21 07:28:18.014,0.76453,0.76461,1.00,1.19
2016.10.21 07:28:18.423,0.76453,0.76461,1.00,1.00
2016.10.21 07:28:18.525,0.76453,0.76461,1.00,1.50
2016.10.21 07:28:19.131,0.76453,0.76461,1.00,2.25
2016.10.21 07:28:19.233,0.76453,0.76461,1.00,1.50
2016.10.21 07:28:20.059,0.76453,0.7646,1.00,1.00
2016.10.21 07:28:20.571,0.76453,0.76459,1.00,1.00
2016.10.21 07:28:21.400,0.76453,0.76462,1.00,2.02
2016.10.21 07:28:22.078,0.76453,0.76462,1.00,1.37
2016.10.21 07:28:22.130,0.76453,0.76462,1.00,1.87
2016.10.21 07:28:22.487,0.76453,0.76462,1.00,1.37
2016.10.21 07:28:22.538,0.76453,0.76462,1.00,1.62
2016.10.21 07:28:22.589,0.76453,0.76462,1.00,1.56
2016.10.21 07:28:23.186,0.76453,0.76462,1.00,1.77
2016.10.21 07:28:23.237,0.76453,0.76462,1.00,1.37
2016.10.21 07:28:23.734,0.76453,0.76462,1.00,1.62
2016.10.21 07:28:26.126,0.76453,0.76462,1.00,1.37
2016.10.21 07:28:27.449,0.76453,0.76462,1.00,1.56
2016.10.21 07:28:27.786,0.76453,0.76462,1.00,1.37
2016.10.21 07:28:28.252,0.76453,0.76462,1.50,1.37
2016.10.21 07:28:28.356,0.76453,0.76462,1.00,1.37
2016.10.21 07:28:30.878,0.76453,0.76462,1.00,1.62
2016.10.21 07:28:31.041,0.76453,0.76462,1.00,1.37
2016.10.21 07:28:31.349,0.76453,0.76463,1.00,3.94
2016.10.21 07:28:31.401,0.76453,0.76463,1.00,5.06
2016.10.21 07:28:31.453,0.76453,0.76463,1.00,5.62
2016.10.21 07:28:31.760,0.76454,0.76463,2.25,2.81
2016.10.21 07:28:31.812,0.76456,0.76465,1.12,1.87
2016.10.21 07:28:31.866,0.76456,0.76465,1.12,2.50
2016.10.21 07:28:32.070,0.76456,0.76465,1.12,1.09
2016.10.21 07:28:32.121,0.76456,0.76465,1.00,1.19
2016.10.21 07:28:32.224,0.76456,0.76465,1.00,2.88
2016.10.21 07:28:32.377,0.76456,0.76465,1.00,1.12
2016.10.21 07:28:32.751,0.76459,0.76465,1.00,1.00
2016.10.21 07:28:32.802,0.76459,0.76469,2.25,1.12
2016.10.21 07:28:32.854,0.76459,0.7647,2.25,3.75
2016.10.21 07:28:32.906,0.7646,0.7647,1.00,3.75
2016.10.21 07:28:33.113,0.7646,0.7647,1.50,3.75
2016.10.21 07:28:33.545,0.7646,0.7647,1.87,2.62
2016.10.21 07:28:33.596,0.7646,0.7647,1.87,1.87
2016.10.21 07:28:33.698,0.7646,0.7647,1.87,1.12
2016.10.21 07:28:34.030,0.76462,0.7647,1.00,1.00
2016.10.21 07:28:34.081,0.76462,0.76472,1.00,3.19
2016.10.21 07:28:34.132,0.76463,0.76472,1.00,1.69
2016.10.21 07:28:34.184,0.76463,0.76473,1.00,7.31
2016.10.21 07:28:34.237,0.76463,0.76473,1.00,6.94
2016.10.21 07:28:34.288,0.76463,0.76473,1.00,7.69
2016.10.21 07:28:34.712,0.76463,0.76472,1.00,1.31
2016.10.21 07:28:35.119,0.76463,0.76472,1.00,2.81
2016.10.21 07:28:35.170,0.76463,0.76472,1.00,3.19
2016.10.21 07:28:36.085,0.76463,0.76472,1.00,3.19
2016.10.21 07:28:36.136,0.76461,0.76472,1.12,2.81
2016.10.21 07:28:36.442,0.76461,0.76472,1.00,4.69
2016.10.21 07:28:36.504,0.76461,0.76471,1.00,1.31
2016.10.21 07:28:36.713,0.76461,0.76471,1.50,1.31
2016.10.21 07:28:36.968,0.76461,0.76471,2.25,1.31
2016.10.21 07:28:37.780,0.76462,0.76473,1.00,2.81
2016.10.21 07:28:38.137,0.76462,0.76472,1.00,1.56
2016.10.21 07:28:38.545,0.76462,0.76472,1.00,1.69
2016.10.21 07:28:38.648,0.76462,0.76472,1.00,2.44
2016.10.21 07:28:38.750,0.76462,0.76472,1.00,3.94
2016.10.21 07:28:38.852,0.76462,0.76472,1.00,3.19
2016.10.21 07:28:39.209,0.76461,0.76466,1.00,3.82
2016.10.21 07:28:39.261,0.76461,0.76466,1.00,2.25
2016.10.21 07:28:39.563,0.7646,0.76464,1.12,1.00
2016.10.21 07:28:39.615,0.76455,0.76465,1.50,4.31
2016.10.21 07:28:39.672,0.76455,0.76465,1.50,1.69
2016.10.21 07:28:40.587,0.76455,0.76465,1.50,1.25
2016.10.21 07:28:41.930,0.76454,0.76464,1.12,1.00
2016.10.21 07:28:41.981,0.76454,0.76464,1.50,1.00
2016.10.21 07:28:42.032,0.76454,0.76464,1.50,1.12
2016.10.21 07:28:42.904,0.76454,0.76464,2.25,1.50
2016.10.21 07:28:43.186,0.76454,0.76464,1.50,1.12
2016.10.21 07:28:44.204,0.76454,0.76465,1.50,5.44
2016.10.21 07:28:45.343,0.76454,0.76464,1.50,1.00
2016.10.21 07:28:46.337,0.76454,0.76464,2.25,1.00
2016.10.21 07:28:47.315,0.76454,0.76465,1.00,3.56
2016.10.21 07:28:47.366,0.76454,0.76465,1.50,3.56
2016.10.21 07:28:47.418,0.76455,0.76465,1.00,4.31
2016.10.21 07:28:47.520,0.76456,0.76464,1.00,1.00
2016.10.21 07:28:47.724,0.76456,0.76465,1.00,2.06
2016.10.21 07:28:48.729,0.76457,0.76464,1.00,1.00
2016.10.21 07:28:48.832,0.76457,0.76465,1.00,2.20
2016.10.21 07:28:49.995,0.76456,0.76465,1.00,1.31
2016.10.21 07:28:50.694,0.76456,0.76465,1.12,1.25
2016.10.21 07:28:51.686,0.76455,0.76465,2.62,1.25
2016.10.21 07:28:53.183,0.76456,0.76465,1.12,1.25
2016.10.21 07:28:53.679,0.76456,0.76465,1.12,1.69
2016.10.21 07:28:54.019,0.76456,0.76466,1.12,3.19
2016.10.21 07:28:54.222,0.76455,0.76465,3.00,1.31
2016.10.21 07:28:54.274,0.76455,0.76466,2.25,2.81
2016.10.21 07:28:54.326,0.76455,0.76466,1.37,2.81
2016.10.21 07:28:54.377,0.76455,0.76465,2.62,1.62
2016.10.21 07:28:54.428,0.76455,0.76465,1.37,1.31
2016.10.21 07:28:54.796,0.76455,0.76465,1.37,1.31
2016.10.21 07:28:55.235,0.76455,0.76465,1.37,2.95
2016.10.21 07:28:56.078,0.76454,0.76463,1.00,2.25
2016.10.21 07:28:56.130,0.76454,0.76463,1.00,1.50
2016.10.21 07:28:56.494,0.76454,0.76463,1.00,1.00
2016.10.21 07:28:56.597,0.76453,0.76463,1.50,1.00
2016.10.21 07:28:57.009,0.76453,0.76462,1.00,1.50
2016.10.21 07:28:57.060,0.76453,0.76462,1.00,1.00
2016.10.21 07:28:57.111,0.76452,0.76462,1.00,1.00
2016.10.21 07:28:57.162,0.76452,0.76462,1.87,1.00
2016.10.21 07:28:57.214,0.76452,0.76462,1.50,1.00
2016.10.21 07:28:57.316,0.76452,0.76463,2.25,1.12
2016.10.21 07:28:57.418,0.76452,0.76463,2.62,1.87
2016.10.21 07:28:57.470,0.76452,0.76463,1.12,1.12
2016.10.21 07:28:57.521,0.76452,0.76463,1.12,1.12
2016.10.21 07:28:57.572,0.76452,0.76463,1.87,1.12
2016.10.21 07:28:58.099,0.76452,0.76463,2.62,1.12
2016.10.21 07:28:58.681,0.76452,0.76463,3.37,1.12
2016.10.21 07:28:58.732,0.76452,0.76463,2.62,1.12
2016.10.21 07:28:59.029,0.76454,0.76464,2.25,2.81
2016.10.21 07:28:59.080,0.76455,0.76464,1.50,1.31
2016.10.21 07:28:59.437,0.76455,0.76464,2.25,1.31
2016.10.21 07:28:59.540,0.76455,0.76464,1.50,1.31
2016.10.21 07:28:59.642,0.76455,0.76464,2.25,1.31
2016.10.21 07:28:59.957,0.76455,0.76464,1.00,1.25
2016.10.21 07:29:00.177,0.76455,0.76464,1.50,1.31
2016.10.21 07:29:00.229,0.76455,0.76464,1.00,1.25
2016.10.21 07:29:00.280,0.76457,0.76466,1.00,1.37
2016.10.21 07:29:00.332,0.76458,0.76467,1.00,1.00
2016.10.21 07:29:00.383,0.76458,0.76468,1.50,1.37
2016.10.21 07:29:00.434,0.76459,0.76469,1.00,2.20
2016.10.21 07:29:00.486,0.76459,0.76469,2.25,1.08
2016.10.21 07:29:00.835,0.7646,0.7647,1.00,1.64
2016.10.21 07:29:01.067,0.7646,0.7647,1.00,1.00
2016.10.21 07:29:01.169,0.7646,0.7647,1.00,1.50
2016.10.21 07:29:01.322,0.76459,0.7647,2.62,1.87
2016.10.21 07:29:01.973,0.7646,0.76471,2.25,3.75
2016.10.21 07:29:02.024,0.7646,0.76471,3.75,2.62
2016.10.21 07:29:02.075,0.7646,0.76471,3.75,1.87
2016.10.21 07:29:02.126,0.7646,0.76471,4.50,2.62
2016.10.21 07:29:02.381,0.7646,0.76471,4.50,1.87
2016.10.21 07:29:03.162,0.7646,0.76471,5.25,1.87
2016.10.21 07:29:03.680,0.76461,0.76471,1.12,1.12
2016.10.21 07:29:03.731,0.76463,0.76471,1.00,1.12
2016.10.21 07:29:05.600,0.76462,0.76473,3.75,5.81
2016.10.21 07:29:05.653,0.76462,0.76473,3.00,5.62
2016.10.21 07:29:05.919,0.76464,0.76473,1.00,4.87
2016.10.21 07:29:05.970,0.76464,0.76473,1.00,3.37
2016.10.21 07:29:06.021,0.76464,0.76473,1.00,3.00
2016.10.21 07:29:06.073,0.76464,0.76473,1.00,1.00
2016.10.21 07:29:09.532,0.76464,0.76473,1.50,1.00
2016.10.21 07:29:09.842,0.76464,0.76473,1.12,1.00
2016.10.21 07:29:13.807,0.76462,0.76473,5.25,1.50
2016.10.21 07:29:13.959,0.76462,0.76473,4.12,1.50
2016.10.21 07:29:14.010,0.76462,0.76473,1.87,1.50
2016.10.21 07:29:14.062,0.76462,0.76471,1.12,1.00
2016.10.21 07:29:14.165,0.7646,0.76469,3.37,1.00
2016.10.21 07:29:14.216,0.76461,0.76469,1.12,1.00
2016.10.21 07:29:14.267,0.76461,0.76469,1.12,1.50
2016.10.21 07:29:14.369,0.7646,0.76468,1.12,1.00
2016.10.21 07:29:15.047,0.7646,0.76468,1.12,1.50
2016.10.21 07:29:15.116,0.76458,0.76468,1.87,1.87
2016.10.21 07:29:15.170,0.76458,0.76468,2.62,1.12
2016.10.21 07:29:15.377,0.76458,0.76468,3.37,1.12
2016.10.21 07:29:15.429,0.76458,0.76468,2.62,1.12
2016.10.21 07:29:15.480,0.76458,0.76468,3.37,1.12
2016.10.21 07:29:15.787,0.76458,0.76467,1.87,1.00
2016.10.21 07:29:15.840,0.76457,0.76467,2.06,2.25
2016.10.21 07:29:16.301,0.76457,0.76467,2.06,1.50
2016.10.21 07:29:16.353,0.76457,0.76466,2.81,1.00
2016.10.21 07:29:16.405,0.76457,0.76467,3.94,1.50
2016.10.21 07:29:16.457,0.76458,0.76467,3.00,1.00
2016.10.21 07:29:16.509,0.76458,0.76468,2.25,2.62
2016.10.21 07:29:16.827,0.76456,0.76463,2.62,1.00
2016.10.21 07:29:16.879,0.76454,0.76463,1.00,1.00
2016.10.21 07:29:17.288,0.76454,0.76463,1.00,1.50
2016.10.21 07:29:17.339,0.76454,0.76462,1.00,1.00
2016.10.21 07:29:17.543,0.76454,0.76463,1.00,2.25
2016.10.21 07:29:17.858,0.76454,0.76463,1.00,1.00
2016.10.21 07:29:18.269,0.76454,0.76463,1.00,1.50
2016.10.21 07:29:18.371,0.76454,0.76463,1.00,1.00
2016.10.21 07:29:18.525,0.76453,0.76462,1.62,1.00
2016.10.21 07:29:18.577,0.76453,0.76462,1.69,1.00
2016.10.21 07:29:19.000,0.76453,0.76462,1.62,1.50
2016.10.21 07:29:21.354,0.76452,0.76462,6.19,1.00
2016.10.21 07:29:22.410,0.76455,0.76462,1.00,1.00
2016.10.21 07:29:22.465,0.76456,0.76465,1.00,1.12
2016.10.21 07:29:22.567,0.76455,0.76465,3.75,1.12
2016.10.21 07:29:22.619,0.76455,0.76465,4.12,1.12
2016.10.21 07:29:22.722,0.76455,0.76465,4.50,1.12
2016.10.21 07:29:22.824,0.76455,0.76465,4.12,1.12
2016.10.21 07:29:22.926,0.76455,0.76465,1.87,1.12
2016.10.21 07:29:23.724,0.76455,0.76465,1.87,1.87
2016.10.21 07:29:23.878,0.76455,0.76464,1.87,1.00
2016.10.21 07:29:23.930,0.76455,0.76464,1.87,1.12
2016.10.21 07:29:23.982,0.76455,0.76464,1.12,1.50
2016.10.21 07:29:24.033,0.76454,0.76464,1.87,1.50
2016.10.21 07:29:24.500,0.76454,0.76464,1.00,1.50
2016.10.21 07:29:24.606,0.76454,0.76464,1.50,1.50
2016.10.21 07:29:24.708,0.76454,0.76464,1.50,1.12
2016.10.21 07:29:24.973,0.76454,0.76463,1.00,1.00
2016.10.21 07:29:25.024,0.76453,0.76464,2.06,3.00
2016.10.21 07:29:25.143,0.76452,0.76463,6.19,1.00
2016.10.21 07:29:25.542,0.76453,0.76464,1.69,3.00
2016.10.21 07:29:25.593,0.76453,0.76464,2.44,2.25
2016.10.21 07:29:25.645,0.76455,0.76464,1.00,1.50
2016.10.21 07:29:25.696,0.76452,0.76463,8.44,1.00
2016.10.21 07:29:25.749,0.76452,0.76463,7.69,1.00
2016.10.21 07:29:25.800,0.76453,0.76463,1.62,1.00
2016.10.21 07:29:25.903,0.76452,0.76464,7.69,3.00
2016.10.21 07:29:25.954,0.76452,0.76463,5.44,1.00
2016.10.21 07:29:26.006,0.76453,0.76464,1.62,3.75
2016.10.21 07:29:26.058,0.76453,0.76463,1.62,1.50
2016.10.21 07:29:26.109,0.76453,0.76463,1.62,1.00
2016.10.21 07:29:26.419,0.76452,0.76463,6.19,1.00
2016.10.21 07:29:26.575,0.76452,0.76463,5.44,1.00
2016.10.21 07:29:26.626,0.76453,0.76463,1.69,1.50
2016.10.21 07:29:26.677,0.76453,0.76463,3.19,1.50
2016.10.21 07:29:26.730,0.76454,0.76463,1.12,1.50
2016.10.21 07:29:26.782,0.76454,0.76463,1.50,1.00
2016.10.21 07:29:26.987,0.76454,0.76463,2.25,1.00
2016.10.21 07:29:27.089,0.76454,0.76463,1.50,1.00
2016.10.21 07:29:27.191,0.76454,0.76463,2.25,1.00
2016.10.21 07:29:27.621,0.76454,0.76463,1.50,1.00
2016.10.21 07:29:27.672,0.76454,0.76463,1.00,1.00
2016.10.21 07:29:27.775,0.76453,0.76463,3.19,1.00
2016.10.21 07:29:27.826,0.76453,0.76463,2.44,1.00
2016.10.21 07:29:28.595,0.76453,0.76463,2.81,1.00
2016.10.21 07:29:28.646,0.76453,0.76463,3.56,1.00
2016.10.21 07:29:28.905,0.76452,0.76463,8.06,1.00
2016.10.21 07:29:28.956,0.76453,0.76463,2.06,1.00
2016.10.21 07:29:29.059,0.76453,0.76463,2.44,1.00
2016.10.21 07:29:29.110,0.76454,0.76463,1.00,1.00
2016.10.21 07:29:29.466,0.76454,0.76463,1.00,1.00
2016.10.21 07:29:30.129,0.76454,0.76463,1.50,1.00
2016.10.21 07:29:30.232,0.76454,0.76463,1.00,1.00
2016.10.21 07:29:30.590,0.76454,0.76463,1.00,1.50
2016.10.21 07:29:31.125,0.76454,0.76463,1.00,1.00
2016.10.21 07:29:31.328,0.76454,0.76463,1.00,1.50
2016.10.21 07:29:32.116,0.76454,0.76462,1.00,1.00
2016.10.21 07:29:34.046,0.76454,0.76464,1.00,1.12
2016.10.21 07:29:34.101,0.76454,0.76464,1.37,1.12
2016.10.21 07:29:34.152,0.76454,0.76464,1.37,2.62
2016.10.21 07:29:35.466,0.76454,0.76463,1.37,1.50
2016.10.21 07:29:35.518,0.76453,0.76463,2.44,2.25
2016.10.21 07:29:35.569,0.76453,0.76463,1.31,2.25
2016.10.21 07:29:36.015,0.76452,0.76463,6.56,2.25
2016.10.21 07:29:36.118,0.76452,0.76463,5.06,2.62
2016.10.21 07:29:36.169,0.76452,0.76463,3.56,1.12
2016.10.21 07:29:37.487,0.76452,0.76463,2.81,1.12
2016.10.21 07:29:38.791,0.76452,0.76463,5.06,1.12
2016.10.21 07:29:38.945,0.76452,0.76463,5.06,1.87
2016.10.21 07:29:39.627,0.76452,0.76463,3.56,1.87
2016.10.21 07:29:40.829,0.76452,0.76462,4.69,1.00
2016.10.21 07:29:40.880,0.76453,0.76462,1.25,1.00
2016.10.21 07:29:40.982,0.76454,0.76462,1.00,1.00
2016.10.21 07:29:41.654,0.76452,0.76462,6.19,1.00
2016.10.21 07:29:41.808,0.76452,0.76462,8.44,1.00
2016.10.21 07:29:41.859,0.76452,0.76462,7.31,1.00
2016.10.21 07:29:41.961,0.76452,0.76462,8.44,1.00
2016.10.21 07:29:42.318,0.76452,0.76463,6.56,1.12
2016.10.21 07:29:42.471,0.76452,0.76463,6.19,1.12
2016.10.21 07:29:43.982,0.76452,0.76463,6.19,1.87
2016.10.21 07:29:44.302,0.76454,0.76463,1.00,1.87
2016.10.21 07:29:44.465,0.76452,0.76463,6.94,1.87
2016.10.21 07:29:44.539,0.76454,0.76463,1.00,1.87
2016.10.21 07:29:44.743,0.76454,0.76463,1.00,1.87
2016.10.21 07:29:44.794,0.76454,0.76463,1.00,1.50
2016.10.21 07:29:44.845,0.76452,0.76463,6.19,1.50
2016.10.21 07:29:44.896,0.76452,0.76463,6.94,1.50
2016.10.21 07:29:44.947,0.76454,0.76463,1.00,1.50
2016.10.21 07:29:44.999,0.76453,0.76463,1.00,1.50
2016.10.21 07:29:45.427,0.76453,0.76463,1.00,1.00
2016.10.21 07:29:46.298,0.76452,0.76463,5.06,1.00
2016.10.21 07:29:46.400,0.76454,0.76463,1.00,1.00
2016.10.21 07:29:46.726,0.76453,0.76463,1.00,1.00
2016.10.21 07:29:46.777,0.76452,0.76463,4.87,1.00
2016.10.21 07:29:46.828,0.76453,0.76463,1.00,1.00
2016.10.21 07:29:46.879,0.76452,0.76463,3.75,1.00
2016.10.21 07:29:46.930,0.76452,0.76462,1.12,1.50
2016.10.21 07:29:46.981,0.76451,0.76462,3.75,1.50
2016.10.21 07:29:47.033,0.76451,0.76462,2.25,1.87
2016.10.21 07:29:47.084,0.76451,0.76462,1.87,1.87
2016.10.21 07:29:47.136,0.76451,0.76462,1.50,1.87
2016.10.21 07:29:47.237,0.76451,0.76462,3.00,2.62
2016.10.21 07:29:48.123,0.76451,0.76462,2.25,2.62
2016.10.21 07:29:48.525,0.76451,0.76462,3.00,2.62
2016.10.21 07:29:48.930,0.76451,0.76462,2.25,2.62
2016.10.21 07:29:49.810,0.76451,0.76462,1.50,1.87
2016.10.21 07:29:50.756,0.76451,0.76462,1.12,1.12
2016.10.21 07:29:50.808,0.76453,0.76462,1.00,1.87
2016.10.21 07:29:50.859,0.76453,0.76462,1.00,1.37
2016.10.21 07:29:51.012,0.76451,0.76462,1.50,1.37
2016.10.21 07:29:51.063,0.76452,0.76462,1.00,1.37
2016.10.21 07:29:51.114,0.76452,0.76462,1.00,1.87
2016.10.21 07:29:51.654,0.76453,0.76462,1.00,1.37
2016.10.21 07:29:51.859,0.76452,0.76462,1.50,1.37
2016.10.21 07:29:51.910,0.76452,0.76462,1.00,1.50
2016.10.21 07:29:51.961,0.76452,0.76462,1.00,3.75
2016.10.21 07:29:52.012,0.76452,0.76462,1.00,4.87
2016.10.21 07:29:52.063,0.76451,0.76461,1.00,2.25
2016.10.21 07:29:52.115,0.76451,0.76461,1.00,1.50
2016.10.21 07:29:52.319,0.76451,0.76461,1.00,2.25
2016.10.21 07:29:52.700,0.76451,0.76462,1.00,6.75
2016.10.21 07:29:52.911,0.76451,0.76462,1.00,7.50
2016.10.21 07:29:52.963,0.76451,0.76462,1.00,6.75
2016.10.21 07:29:53.310,0.76451,0.76462,1.00,7.50
2016.10.21 07:29:53.412,0.76451,0.76462,1.00,6.75
2016.10.21 07:29:53.477,0.76451,0.76462,1.00,7.50
2016.10.21 07:29:53.528,0.76451,0.76462,1.00,8.25
2016.10.21 07:29:53.579,0.76451,0.76462,1.00,7.50
2016.10.21 07:29:53.630,0.76451,0.76462,1.00,6.75
2016.10.21 07:29:54.058,0.76451,0.76462,1.00,4.87
2016.10.21 07:29:54.883,0.76451,0.76462,1.50,4.50
2016.10.21 07:29:55.194,0.7645,0.76462,1.87,4.50
2016.10.21 07:29:55.637,0.7645,0.76462,2.62,3.00
2016.10.21 07:29:55.689,0.76453,0.76461,1.00,1.00
2016.10.21 07:29:55.744,0.76453,0.76461,1.00,1.00
2016.10.21 07:29:56.231,0.76453,0.76461,1.00,1.00
2016.10.21 07:29:56.588,0.76453,0.76461,1.00,1.50
2016.10.21 07:29:56.640,0.76453,0.76461,1.00,2.25
2016.10.21 07:29:57.586,0.76453,0.76461,1.00,3.00
2016.10.21 07:29:57.739,0.76453,0.76461,1.00,2.25
2016.10.21 07:29:58.086,0.76453,0.76461,1.00,1.50
2016.10.21 07:29:58.946,0.76453,0.76461,1.00,2.25
2016.10.21 07:29:58.997,0.76453,0.76461,1.00,3.00
2016.10.21 07:29:59.633,0.76453,0.76461,1.00,1.50
2016.10.21 07:29:59.685,0.76453,0.76461,1.00,1.00
2016.10.21 07:29:59.838,0.76453,0.76461,1.00,1.50
2016.10.21 07:30:00.631,0.76453,0.76461,1.00,1.00
2016.10.21 07:30:00.683,0.76453,0.76461,1.00,2.25
2016.10.21 07:30:00.787,0.76453,0.76461,1.00,1.50
2016.10.21 07:30:00.840,0.76453,0.76461,1.00,1.00
2016.10.21 07:30:01.044,0.76453,0.76463,1.00,2.62
2016.10.21 07:30:01.357,0.76453,0.76462,1.00,1.00
2016.10.21 07:30:01.409,0.76453,0.76463,1.00,3.75
2016.10.21 07:30:01.875,0.76453,0.76462,1.00,1.50
2016.10.21 07:30:02.185,0.76453,0.7646,1.00,1.00
2016.10.21 07:30:02.650,0.76452,0.76461,1.00,1.64
2016.10.21 07:30:02.702,0.76452,0.76461,1.00,1.00
2016.10.21 07:30:07.071,0.76452,0.7646,1.00,1.00
2016.10.21 07:30:07.581,0.76452,0.76461,1.00,1.00
2016.10.21 07:30:08.412,0.76452,0.76461,1.00,1.50
2016.10.21 07:30:08.463,0.76452,0.76461,1.00,1.00
2016.10.21 07:30:08.725,0.76452,0.7646,1.00,1.00
2016.10.21 07:30:09.072,0.76451,0.76461,1.00,3.14
2016.10.21 07:30:09.124,0.76451,0.76461,1.00,3.00
2016.10.21 07:30:09.176,0.76451,0.76461,1.00,3.00
2016.10.21 07:30:09.248,0.76451,0.76461,1.00,1.00
2016.10.21 07:30:11.581,0.76451,0.76461,1.00,1.50
2016.10.21 07:30:11.684,0.76451,0.76461,1.00,2.25
2016.10.21 07:30:11.735,0.76451,0.76461,1.00,2.25
2016.10.21 07:30:12.060,0.76451,0.76461,2.25,1.00
2016.10.21 07:30:12.368,0.76451,0.76461,2.25,1.50
2016.10.21 07:30:12.573,0.76451,0.76461,2.25,1.00
2016.10.21 07:30:13.002,0.76451,0.76461,2.25,1.50
2016.10.21 07:30:13.056,0.76451,0.76461,1.00,1.50
2016.10.21 07:30:13.107,0.76451,0.76461,1.00,1.00
2016.10.21 07:30:14.192,0.76451,0.76461,1.00,1.50
2016.10.21 07:30:14.295,0.76451,0.76461,1.00,1.00
2016.10.21 07:30:15.444,0.76451,0.76461,1.00,1.50
2016.10.21 07:30:15.546,0.76451,0.76461,1.00,1.00
2016.10.21 07:30:16.018,0.76451,0.76461,1.00,1.50
2016.10.21 07:30:16.817,0.76451,0.76461,1.00,1.00
2016.10.21 07:30:16.869,0.76451,0.76461,1.00,1.50
2016.10.21 07:30:17.022,0.76451,0.76461,1.00,1.00
2016.10.21 07:30:17.176,0.76451,0.76463,1.00,6.00
2016.10.21 07:30:17.486,0.76451,0.76462,1.00,1.00
2016.10.21 07:30:17.537,0.76451,0.76462,1.00,1.50
2016.10.21 07:30:17.859,0.76452,0.76463,1.50,2.25
2016.10.21 07:30:17.966,0.76453,0.76463,1.00,2.25
2016.10.21 07:30:18.017,0.76452,0.76463,2.25,2.25
2016.10.21 07:30:18.069,0.76452,0.76463,3.00,1.12
2016.10.21 07:30:18.172,0.76452,0.76463,3.00,1.00
2016.10.21 07:30:18.275,0.76453,0.76463,1.00,1.00
2016.10.21 07:30:19.937,0.76452,0.76463,3.00,1.00
2016.10.21 07:30:20.141,0.76453,0.76463,1.00,1.00
2016.10.21 07:30:20.193,0.76453,0.76463,1.50,1.00
2016.10.21 07:30:21.072,0.76453,0.76463,1.00,1.00
2016.10.21 07:30:22.546,0.76452,0.76463,4.50,1.00
2016.10.21 07:30:23.991,0.76452,0.76463,3.75,1.00
2016.10.21 07:30:24.932,0.76452,0.76463,3.75,2.02
2016.10.21 07:30:24.983,0.76452,0.76463,3.75,2.02
2016.10.21 07:30:25.034,0.76452,0.76462,3.75,1.50
2016.10.21 07:30:25.085,0.76452,0.76462,3.75,1.50
2016.10.21 07:30:25.137,0.76452,0.76462,1.50,1.50
2016.10.21 07:30:25.768,0.76452,0.76462,1.50,1.00
2016.10.21 07:30:25.819,0.76451,0.76462,3.00,2.25
2016.10.21 07:30:26.178,0.76451,0.76462,1.50,3.75
2016.10.21 07:30:26.435,0.76451,0.76462,1.50,4.50
2016.10.21 07:30:26.488,0.76451,0.76462,1.50,3.75
2016.10.21 07:30:27.099,0.76451,0.76462,1.50,3.75
2016.10.21 07:30:27.201,0.76451,0.76462,1.00,3.75
2016.10.21 07:30:27.303,0.76451,0.76462,1.00,3.75
2016.10.21 07:30:27.726,0.76451,0.76462,1.00,4.50
2016.10.21 07:30:27.778,0.76451,0.76462,1.00,4.87
2016.10.21 07:30:27.829,0.7645,0.76462,2.62,4.87
2016.10.21 07:30:27.881,0.7645,0.76462,2.62,4.87
2016.10.21 07:30:28.074,0.7645,0.76462,2.62,3.75
2016.10.21 07:30:28.127,0.7645,0.76462,2.62,3.75
2016.10.21 07:30:28.533,0.7645,0.76462,1.87,3.00
2016.10.21 07:30:28.846,0.7645,0.76462,2.62,3.00
2016.10.21 07:30:28.897,0.7645,0.76461,2.62,1.00
2016.10.21 07:30:29.946,0.7645,0.7646,2.62,1.00
2016.10.21 07:30:30.049,0.7645,0.76462,3.37,3.75
2016.10.21 07:30:30.483,0.7645,0.76462,2.62,3.00
2016.10.21 07:30:30.535,0.7645,0.76462,4.12,3.75
2016.10.21 07:30:30.637,0.7645,0.76462,3.37,3.75
2016.10.21 07:30:30.738,0.7645,0.76462,4.12,3.75
2016.10.21 07:30:31.398,0.7645,0.76461,3.37,1.00
2016.10.21 07:30:32.417,0.76451,0.76461,1.00,1.00
2016.10.21 07:30:33.408,0.76451,0.76462,1.00,3.75
2016.10.21 07:30:33.612,0.76451,0.76462,1.00,4.12
2016.10.21 07:30:34.804,0.76451,0.76462,1.00,4.87
2016.10.21 07:30:34.855,0.76451,0.76462,1.00,4.50
2016.10.21 07:30:36.108,0.76451,0.76462,1.00,4.50
2016.10.21 07:30:39.839,0.76451,0.76461,1.00,1.12
2016.10.21 07:30:40.197,0.76451,0.76461,1.00,1.50
2016.10.21 07:30:40.266,0.76451,0.76461,1.00,2.25
2016.10.21 07:30:40.470,0.76451,0.76461,1.00,1.50
2016.10.21 07:30:41.419,0.76451,0.76461,1.00,1.12
2016.10.21 07:30:41.623,0.76449,0.76461,6.00,1.12
2016.10.21 07:30:41.933,0.76449,0.76461,5.25,1.12
2016.10.21 07:30:41.984,0.76449,0.7646,6.00,1.00
2016.10.21 07:30:42.086,0.76449,0.7646,5.25,1.00
2016.10.21 07:30:42.188,0.76449,0.7646,5.25,1.50
2016.10.21 07:30:42.530,0.76449,0.7646,6.75,1.50
2016.10.21 07:30:42.683,0.76449,0.7646,6.75,1.00
2016.10.21 07:30:43.349,0.76449,0.7646,6.00,1.00
2016.10.21 07:30:43.502,0.76449,0.7646,6.00,1.50
2016.10.21 07:30:43.605,0.76449,0.7646,6.75,1.50
2016.10.21 07:30:43.707,0.76449,0.7646,6.00,1.50
2016.10.21 07:30:43.810,0.76449,0.76459,6.00,1.00
2016.10.21 07:30:44.200,0.76449,0.7646,6.00,1.00
2016.10.21 07:30:45.316,0.76449,0.7646,7.12,1.00
2016.10.21 07:30:46.502,0.76449,0.7646,6.37,1.00
2016.10.21 07:30:46.553,0.76449,0.7646,7.12,1.50
2016.10.21 07:30:46.604,0.76449,0.7646,6.37,1.50
2016.10.21 07:30:46.655,0.76449,0.7646,6.37,1.00
2016.10.21 07:30:46.707,0.76449,0.7646,7.12,1.00
2016.10.21 07:30:47.250,0.76449,0.7646,6.37,1.00
2016.10.21 07:30:47.301,0.76449,0.7646,7.12,1.00
2016.10.21 07:30:48.113,0.76449,0.7646,6.37,1.50
2016.10.21 07:30:48.164,0.76449,0.7646,7.12,1.50
2016.10.21 07:30:48.586,0.76449,0.7646,7.12,1.00
2016.10.21 07:30:48.879,0.76449,0.7646,7.12,1.50
2016.10.21 07:30:49.133,0.76449,0.7646,7.87,1.00
2016.10.21 07:30:49.726,0.76449,0.7646,7.12,1.00
2016.10.21 07:30:49.828,0.76449,0.7646,7.87,1.50
2016.10.21 07:30:49.930,0.76449,0.7646,7.87,1.00
2016.10.21 07:30:49.981,0.76449,0.7646,7.12,1.00
2016.10.21 07:30:50.192,0.76449,0.7646,7.31,1.50
2016.10.21 07:30:50.262,0.76449,0.7646,6.56,1.00
2016.10.21 07:30:50.577,0.76449,0.7646,6.56,1.50
2016.10.21 07:30:50.629,0.76449,0.7646,6.19,1.50
2016.10.21 07:30:51.038,0.76449,0.7646,7.69,1.50
2016.10.21 07:30:51.195,0.7645,0.7646,1.00,1.50
2016.10.21 07:30:52.955,0.7645,0.7646,1.00,1.00
2016.10.21 07:30:55.720,0.76449,0.7646,8.44,1.00
2016.10.21 07:30:55.824,0.7645,0.7646,1.00,1.00
2016.10.21 07:30:55.929,0.7645,0.7646,1.87,1.00
2016.10.21 07:30:55.980,0.7645,0.7646,1.12,1.00
2016.10.21 07:30:56.033,0.7645,0.76461,3.37,1.12
2016.10.21 07:30:56.135,0.76451,0.76461,1.50,1.12
2016.10.21 07:30:56.846,0.76451,0.76461,2.25,1.12
2016.10.21 07:30:56.948,0.76451,0.76461,2.25,1.12
2016.10.21 07:30:56.999,0.76452,0.76461,1.87,1.00
2016.10.21 07:30:57.152,0.76452,0.76462,1.87,1.50
2016.10.21 07:30:57.203,0.76452,0.76462,2.25,1.00
2016.10.21 07:30:57.679,0.76456,0.76462,1.00,1.00
2016.10.21 07:30:57.731,0.76456,0.76466,1.50,1.87
2016.10.21 07:30:57.782,0.76456,0.76466,1.50,2.25
2016.10.21 07:30:57.885,0.76456,0.76466,1.50,1.00
2016.10.21 07:30:57.936,0.76456,0.76467,3.75,1.00
2016.10.21 07:30:57.988,0.76458,0.76468,1.12,2.81
2016.10.21 07:30:58.039,0.76458,0.76467,1.12,1.00
2016.10.21 07:30:58.556,0.76458,0.76468,1.12,2.06
2016.10.21 07:30:58.658,0.7646,0.76468,1.00,1.25
2016.10.21 07:30:58.709,0.7646,0.76469,1.00,1.69
2016.10.21 07:30:58.760,0.7646,0.76469,1.00,1.00
2016.10.21 07:30:58.863,0.76458,0.7647,7.50,1.87
2016.10.21 07:30:58.914,0.7646,0.7647,1.50,1.50
2016.10.21 07:30:58.966,0.7646,0.76471,2.25,6.00
2016.10.21 07:30:59.579,0.76459,0.7647,4.12,1.00
2016.10.21 07:30:59.657,0.76459,0.7647,4.12,1.50
2016.10.21 07:30:59.708,0.76459,0.7647,4.12,1.00
2016.10.21 07:30:59.862,0.76459,0.7647,4.12,1.50
2016.10.21 07:30:59.913,0.76459,0.7647,3.00,2.25
2016.10.21 07:31:00.485,0.76459,0.76469,1.87,1.12
2016.10.21 07:31:00.536,0.76459,0.76469,1.00,1.12
2016.10.21 07:31:00.639,0.76459,0.7647,1.00,5.25
2016.10.21 07:31:00.690,0.76458,0.7647,6.37,6.00
2016.10.21 07:31:00.742,0.76458,0.7647,4.50,4.87
2016.10.21 07:31:01.182,0.76458,0.7647,3.75,4.87
2016.10.21 07:31:01.233,0.76458,0.7647,3.75,5.62
2016.10.21 07:31:01.335,0.76458,0.7647,3.75,4.87
2016.10.21 07:31:01.387,0.76458,0.7647,4.87,4.87
2016.10.21 07:31:01.439,0.76459,0.7647,1.37,4.50
2016.10.21 07:31:01.490,0.76459,0.7647,1.37,4.12
2016.10.21 07:31:01.594,0.76459,0.76469,1.37,1.00
2016.10.21 07:31:01.645,0.76459,0.76469,2.25,1.00
2016.10.21 07:31:01.702,0.76459,0.76469,2.25,1.00
2016.10.21 07:31:02.040,0.76459,0.7647,3.75,1.87
2016.10.21 07:31:02.193,0.76459,0.7647,3.00,1.87
2016.10.21 07:31:02.295,0.76459,0.7647,3.00,1.12
2016.10.21 07:31:02.346,0.76459,0.7647,3.00,1.12
2016.10.21 07:31:02.397,0.76459,0.7647,3.75,1.12
2016.10.21 07:31:02.500,0.76459,0.7647,4.12,1.12
2016.10.21 07:31:02.824,0.76459,0.7647,7.87,1.12
2016.10.21 07:31:02.875,0.76459,0.7647,7.12,1.12
2016.10.21 07:31:02.926,0.76459,0.7647,9.00,1.12
2016.10.21 07:31:02.978,0.76459,0.7647,7.12,1.12
2016.10.21 07:31:03.032,0.7646,0.7647,1.12,1.12
2016.10.21 07:31:03.390,0.7646,0.7647,1.12,1.12
2016.10.21 07:31:05.160,0.7646,0.76469,1.12,1.00
2016.10.21 07:31:05.554,0.7646,0.76471,1.12,3.37
2016.10.21 07:31:05.872,0.7646,0.76471,1.12,2.62
2016.10.21 07:31:06.024,0.7646,0.76471,1.12,3.89
2016.10.21 07:31:06.126,0.7646,0.76471,1.12,2.62
2016.10.21 07:31:06.280,0.7646,0.7647,1.12,1.12
2016.10.21 07:31:06.382,0.7646,0.76471,1.12,2.62
2016.10.21 07:31:06.828,0.7646,0.76471,1.12,4.64
2016.10.21 07:31:06.879,0.7646,0.76471,1.12,4.27
2016.10.21 07:31:06.930,0.7646,0.76471,1.12,2.62
2016.10.21 07:31:07.190,0.7646,0.76471,1.50,2.62
2016.10.21 07:31:07.242,0.7646,0.76471,1.87,2.62
2016.10.21 07:31:07.293,0.7646,0.76471,1.87,3.37
2016.10.21 07:31:07.345,0.7646,0.7647,1.87,1.12
2016.10.21 07:31:07.617,0.7646,0.7647,2.25,1.12
2016.10.21 07:31:07.669,0.7646,0.76471,2.25,3.37
2016.10.21 07:31:07.771,0.7646,0.76471,2.25,2.62
2016.10.21 07:31:07.822,0.7646,0.76471,3.37,2.62
2016.10.21 07:31:07.925,0.7646,0.76471,3.37,1.87
2016.10.21 07:31:09.381,0.7646,0.76471,3.37,2.62
2016.10.21 07:31:09.432,0.7646,0.76471,2.25,2.77
2016.10.21 07:31:09.762,0.7646,0.76471,2.25,2.77
2016.10.21 07:31:09.814,0.7646,0.7647,2.25,1.12
2016.10.21 07:31:09.916,0.7646,0.76471,2.25,1.87
2016.10.21 07:31:09.967,0.7646,0.7647,2.25,1.12
2016.10.21 07:31:10.121,0.7646,0.76471,2.25,1.87
2016.10.21 07:31:10.172,0.7646,0.76471,2.25,3.52
2016.10.21 07:31:10.224,0.7646,0.76469,2.25,1.00
2016.10.21 07:31:10.573,0.7646,0.76469,2.25,1.00
2016.10.21 07:31:10.625,0.7646,0.7647,2.25,1.12
2016.10.21 07:31:10.676,0.7646,0.76469,2.25,1.00
2016.10.21 07:31:10.778,0.7646,0.7647,2.25,1.12
2016.10.21 07:31:11.635,0.7646,0.7647,1.75,1.87
2016.10.21 07:31:11.686,0.7646,0.7647,1.12,1.87
2016.10.21 07:31:11.741,0.7646,0.7647,1.00,1.12
2016.10.21 07:31:12.554,0.7646,0.7647,1.12,1.87
2016.10.21 07:31:12.734,0.7646,0.7647,1.12,1.12
2016.10.21 07:31:12.836,0.7646,0.7647,1.00,1.12
2016.10.21 07:31:12.888,0.7646,0.7647,3.00,1.12
2016.10.21 07:31:12.939,0.76461,0.7647,1.00,1.12
2016.10.21 07:31:13.094,0.76461,0.7647,1.00,1.87
2016.10.21 07:31:13.441,0.76461,0.7647,1.00,1.12
2016.10.21 07:31:13.979,0.76461,0.7647,1.00,1.87
2016.10.21 07:31:14.081,0.76461,0.76469,1.00,1.00
2016.10.21 07:31:14.133,0.76461,0.7647,1.00,1.87
2016.10.21 07:31:14.466,0.76461,0.7647,1.00,1.87
2016.10.21 07:31:15.604,0.76461,0.7647,1.00,1.87
2016.10.21 07:31:17.701,0.76461,0.7647,1.00,2.62
2016.10.21 07:31:19.702,0.76461,0.76469,1.00,1.00
2016.10.21 07:31:19.805,0.76461,0.7647,1.00,2.62
2016.10.21 07:31:20.368,0.7646,0.7647,3.00,2.62
2016.10.21 07:31:20.420,0.7646,0.7647,2.62,2.62
2016.10.21 07:31:20.471,0.7646,0.7647,2.25,2.62
2016.10.21 07:31:20.522,0.7646,0.7647,1.87,3.00
2016.10.21 07:31:20.624,0.7646,0.7647,1.87,2.25
2016.10.21 07:31:21.051,0.7646,0.76469,1.87,1.00
2016.10.21 07:31:21.426,0.7646,0.7647,1.87,3.00
2016.10.21 07:31:22.126,0.7646,0.76469,1.87,1.00
2016.10.21 07:31:22.893,0.7646,0.7647,1.87,3.00
2016.10.21 07:31:22.958,0.7646,0.76469,1.87,1.00
2016.10.21 07:31:23.060,0.7646,0.7647,1.87,2.25
2016.10.21 07:31:23.416,0.76459,0.7647,6.75,2.25
2016.10.21 07:31:23.670,0.76459,0.7647,4.87,2.25
2016.10.21 07:31:24.265,0.76459,0.7647,5.62,2.25
2016.10.21 07:31:24.316,0.76459,0.7647,5.62,3.00
2016.10.21 07:31:24.367,0.76459,0.7647,6.75,3.00
2016.10.21 07:31:24.931,0.76459,0.7647,6.75,2.25
2016.10.21 07:31:25.670,0.76459,0.7647,5.62,2.25
2016.10.21 07:31:25.874,0.76459,0.7647,5.62,3.00
2016.10.21 07:31:25.976,0.76459,0.7647,5.62,2.25
2016.10.21 07:31:26.129,0.76459,0.7647,5.62,3.00
2016.10.21 07:31:26.281,0.76459,0.7647,5.62,2.25
2016.10.21 07:31:26.433,0.76459,0.7647,5.62,1.50
2016.10.21 07:31:26.535,0.76459,0.7647,4.87,2.25
2016.10.21 07:31:26.637,0.76459,0.7647,4.87,1.50
2016.10.21 07:31:27.833,0.76459,0.7647,4.87,2.25
2016.10.21 07:31:27.935,0.76459,0.7647,4.87,1.50
2016.10.21 07:31:28.089,0.76459,0.7647,4.87,2.25
2016.10.21 07:31:28.245,0.76459,0.7647,5.62,2.25
2016.10.21 07:31:28.645,0.76459,0.7647,4.87,2.25
2016.10.21 07:31:28.798,0.76459,0.7647,5.62,2.25
2016.10.21 07:31:29.053,0.76459,0.7647,4.87,2.25
2016.10.21 07:31:29.155,0.76459,0.7647,6.00,2.25
2016.10.21 07:31:29.257,0.76459,0.7647,6.75,2.25
2016.10.21 07:31:29.360,0.76459,0.7647,6.00,2.25
2016.10.21 07:31:29.872,0.76459,0.7647,4.87,1.50
2016.10.21 07:31:30.092,0.76459,0.7647,5.62,1.50
2016.10.21 07:31:30.194,0.76459,0.7647,5.62,2.25
2016.10.21 07:31:30.296,0.76459,0.7647,5.62,1.50
2016.10.21 07:31:30.697,0.76459,0.76468,4.50,1.00
2016.10.21 07:31:30.749,0.76459,0.76468,2.25,1.00
2016.10.21 07:31:30.800,0.76458,0.76467,3.00,1.00
2016.10.21 07:31:30.852,0.76457,0.76468,2.25,1.87
2016.10.21 07:31:30.903,0.76457,0.76468,1.50,2.25
2016.10.21 07:31:30.955,0.76457,0.76467,1.00,1.50
2016.10.21 07:31:31.006,0.76457,0.76467,1.00,1.87
2016.10.21 07:31:31.109,0.76457,0.76467,1.00,1.37
2016.10.21 07:31:31.160,0.76457,0.76467,1.00,1.87
2016.10.21 07:31:31.650,0.76457,0.76467,1.00,3.37
2016.10.21 07:31:31.752,0.76457,0.76467,1.00,2.62
2016.10.21 07:31:32.163,0.76457,0.76467,1.00,1.87
2016.10.21 07:31:32.316,0.76457,0.76467,1.50,1.87
2016.10.21 07:31:32.367,0.76457,0.76467,1.00,1.87
2016.10.21 07:31:32.418,0.76457,0.76467,1.00,1.37
2016.10.21 07:31:32.469,0.76456,0.76464,2.25,1.00
2016.10.21 07:31:32.520,0.76456,0.76464,1.12,1.00
2016.10.21 07:31:32.784,0.76456,0.76461,1.00,1.00
2016.10.21 07:31:32.835,0.76453,0.76461,1.00,1.12
2016.10.21 07:31:32.937,0.76452,0.76461,1.00,1.12
2016.10.21 07:31:32.988,0.76451,0.76461,4.12,1.12
2016.10.21 07:31:33.039,0.76451,0.76461,4.50,1.12
2016.10.21 07:31:33.141,0.76451,0.76462,4.50,1.00
2016.10.21 07:31:33.192,0.76451,0.76462,3.75,1.00
2016.10.21 07:31:33.344,0.76451,0.76462,4.12,1.00
2016.10.21 07:31:33.475,0.76451,0.76462,4.87,1.00
2016.10.21 07:31:33.969,0.76451,0.76462,3.75,1.00
2016.10.21 07:31:34.480,0.76451,0.76462,5.25,1.00
2016.10.21 07:31:34.537,0.76451,0.76462,4.87,1.50
2016.10.21 07:31:34.588,0.76451,0.76462,4.87,1.87
2016.10.21 07:31:34.639,0.76451,0.76462,4.87,2.25
2016.10.21 07:31:34.690,0.76452,0.76462,1.00,2.62
2016.10.21 07:31:35.021,0.76452,0.76462,1.00,1.87
2016.10.21 07:31:35.072,0.76452,0.76462,1.00,1.50
2016.10.21 07:31:35.124,0.76451,0.76462,4.87,1.50
2016.10.21 07:31:35.776,0.76451,0.76462,4.12,1.50
2016.10.21 07:31:35.827,0.76451,0.76462,4.87,1.50
2016.10.21 07:31:36.687,0.76451,0.76462,4.12,1.50
2016.10.21 07:31:36.847,0.76451,0.76462,4.50,1.50
2016.10.21 07:31:36.949,0.76451,0.76462,5.25,1.50
2016.10.21 07:31:37.051,0.76451,0.76462,4.87,1.50
2016.10.21 07:31:37.306,0.76451,0.76462,4.12,1.50
2016.10.21 07:31:37.639,0.76451,0.76461,4.12,1.00
2016.10.21 07:31:37.694,0.76451,0.76461,4.87,1.00
2016.10.21 07:31:38.651,0.76451,0.76461,4.12,1.00
2016.10.21 07:31:40.341,0.76451,0.76461,3.37,1.00
2016.10.21 07:31:40.393,0.76451,0.76461,4.87,1.00
2016.10.21 07:31:40.445,0.76451,0.76461,3.75,1.00
2016.10.21 07:31:40.497,0.76451,0.76461,4.50,1.00
2016.10.21 07:31:40.804,0.76452,0.76461,1.50,1.00
2016.10.21 07:31:40.867,0.76452,0.76461,1.50,1.00
2016.10.21 07:31:41.451,0.76451,0.76461,2.25,1.00
2016.10.21 07:31:41.539,0.76451,0.7646,1.12,1.12
2016.10.21 07:31:41.590,0.7645,0.7646,2.25,1.12
2016.10.21 07:31:41.641,0.7645,0.7646,3.00,1.12
2016.10.21 07:31:41.960,0.7645,0.7646,3.00,1.87
2016.10.21 07:31:42.278,0.7645,0.7646,2.25,1.87
2016.10.21 07:31:42.433,0.7645,0.7646,1.50,1.87
2016.10.21 07:31:42.485,0.7645,0.7646,2.25,1.87
2016.10.21 07:31:42.536,0.7645,0.7646,1.50,1.87
2016.10.21 07:31:42.587,0.7645,0.7646,2.25,1.87
2016.10.21 07:31:42.638,0.7645,0.7646,1.50,2.62
2016.10.21 07:31:42.689,0.76449,0.7646,6.37,2.62
2016.10.21 07:31:42.740,0.76449,0.7646,4.87,2.62
2016.10.21 07:31:43.053,0.76449,0.7646,3.37,2.62
2016.10.21 07:31:43.104,0.76449,0.7646,2.62,1.87
2016.10.21 07:31:43.155,0.76449,0.7646,2.62,1.87
2016.10.21 07:31:43.206,0.7645,0.7646,1.00,1.87
2016.10.21 07:31:43.258,0.7645,0.7646,1.50,1.87
2016.10.21 07:31:43.412,0.7645,0.7646,2.25,1.87
2016.10.21 07:31:43.464,0.7645,0.7646,3.00,1.87
2016.10.21 07:31:43.516,0.7645,0.7646,2.25,1.87
2016.10.21 07:31:43.567,0.7645,0.7646,2.25,1.50
2016.10.21 07:31:44.357,0.7645,0.76459,2.25,1.12
2016.10.21 07:31:44.615,0.7645,0.76459,3.00,1.12
2016.10.21 07:31:44.666,0.7645,0.76459,3.75,1.12
2016.10.21 07:31:45.332,0.7645,0.7646,3.75,1.50
2016.10.21 07:31:45.413,0.7645,0.7646,4.50,1.50
2016.10.21 07:31:45.464,0.76451,0.7646,1.00,1.50
2016.10.21 07:31:45.515,0.7645,0.7646,3.75,1.50
2016.10.21 07:31:46.323,0.7645,0.7646,3.75,1.50
2016.10.21 07:31:46.374,0.7645,0.76461,3.75,5.25
2016.10.21 07:31:46.578,0.7645,0.76461,3.75,4.87
2016.10.21 07:31:46.629,0.7645,0.76461,4.12,4.12
2016.10.21 07:31:47.411,0.7645,0.76461,4.87,4.12
2016.10.21 07:31:47.717,0.76451,0.76461,1.00,4.12
2016.10.21 07:31:47.923,0.7645,0.76461,4.87,4.12
2016.10.21 07:31:48.127,0.76451,0.76461,1.00,4.12
2016.10.21 07:31:48.178,0.7645,0.76461,4.87,4.12
2016.10.21 07:31:48.703,0.76451,0.76461,1.00,4.12
2016.10.21 07:31:48.907,0.76451,0.7646,1.00,1.12
2016.10.21 07:31:49.706,0.7645,0.76461,3.37,1.50
2016.10.21 07:31:49.776,0.76451,0.76461,1.00,1.50
2016.10.21 07:31:50.062,0.76451,0.76461,1.00,1.50
2016.10.21 07:31:50.844,0.7645,0.76461,5.62,1.50
2016.10.21 07:31:50.895,0.7645,0.76461,5.62,1.87
2016.10.21 07:31:51.201,0.7645,0.76461,4.87,1.87
2016.10.21 07:31:51.304,0.7645,0.76461,5.62,1.87
2016.10.21 07:31:51.893,0.76451,0.76461,1.00,1.50
2016.10.21 07:31:52.077,0.76451,0.76461,1.50,1.50
2016.10.21 07:31:52.180,0.76452,0.76461,1.00,1.50
2016.10.21 07:31:52.232,0.76452,0.76461,1.50,1.50
2016.10.21 07:31:52.436,0.76452,0.76461,1.00,1.50
2016.10.21 07:31:52.871,0.76452,0.76461,1.50,1.50
2016.10.21 07:31:53.078,0.76452,0.76461,1.00,1.50
2016.10.21 07:31:53.181,0.7645,0.76461,4.87,1.50
2016.10.21 07:31:54.212,0.7645,0.76461,4.87,1.12
2016.10.21 07:31:54.420,0.7645,0.76461,5.62,1.12
2016.10.21 07:31:54.471,0.7645,0.76461,4.87,1.12
2016.10.21 07:31:54.549,0.7645,0.76461,4.12,2.25
2016.10.21 07:31:54.603,0.7645,0.7646,4.12,1.50
2016.10.21 07:31:54.655,0.7645,0.7646,3.37,1.00
2016.10.21 07:31:54.706,0.7645,0.7646,4.87,1.00
2016.10.21 07:31:55.042,0.7645,0.7646,5.62,1.50
2016.10.21 07:31:55.198,0.7645,0.7646,5.25,1.50
2016.10.21 07:31:55.352,0.7645,0.7646,4.87,1.50
2016.10.21 07:31:55.403,0.7645,0.7646,4.12,1.50
2016.10.21 07:31:55.455,0.7645,0.7646,4.12,1.50
2016.10.21 07:31:55.830,0.7645,0.7646,4.12,1.00
2016.10.21 07:31:55.881,0.7645,0.76461,4.12,1.50
2016.10.21 07:31:56.685,0.7645,0.76461,4.12,1.50
2016.10.21 07:31:57.436,0.7645,0.76461,4.12,1.00
2016.10.21 07:31:58.398,0.7645,0.76461,3.37,1.00
2016.10.21 07:31:58.449,0.7645,0.76461,3.37,1.00
2016.10.21 07:31:59.048,0.7645,0.76461,3.37,1.00
2016.10.21 07:31:59.466,0.7645,0.76461,3.75,1.00
2016.10.21 07:32:00.255,0.7645,0.76461,3.37,1.00
2016.10.21 07:32:00.611,0.7645,0.76461,3.37,1.50
2016.10.21 07:32:01.477,0.7645,0.76461,3.37,1.50
2016.10.21 07:32:01.528,0.7645,0.76461,3.37,2.62
2016.10.21 07:32:01.732,0.7645,0.76461,3.37,1.50
2016.10.21 07:32:02.058,0.7645,0.76461,3.37,1.00
2016.10.21 07:32:02.681,0.76453,0.76462,2.25,1.12
2016.10.21 07:32:02.733,0.76453,0.76462,4.12,1.12
2016.10.21 07:32:03.355,0.76453,0.76463,4.12,1.87
2016.10.21 07:32:03.433,0.76453,0.76463,4.12,1.12
2016.10.21 07:32:03.497,0.76453,0.76463,4.12,1.50
2016.10.21 07:32:03.882,0.76453,0.76463,2.62,1.50
2016.10.21 07:32:03.933,0.76453,0.76463,2.62,1.12
2016.10.21 07:32:03.984,0.76453,0.76463,2.62,1.12
2016.10.21 07:32:04.036,0.76453,0.76463,2.62,1.50
2016.10.21 07:32:04.364,0.76453,0.76463,2.62,1.87
2016.10.21 07:32:04.416,0.76453,0.76463,2.62,1.87
2016.10.21 07:32:04.628,0.76453,0.76463,2.62,1.12
2016.10.21 07:32:04.985,0.76453,0.76463,2.62,1.12
2016.10.21 07:32:05.036,0.76453,0.76463,2.62,1.50
2016.10.21 07:32:05.189,0.76453,0.76463,2.62,1.12
2016.10.21 07:32:05.905,0.76453,0.76463,1.87,1.12
2016.10.21 07:32:06.124,0.76453,0.76463,1.87,1.00
2016.10.21 07:32:06.785,0.76453,0.76463,1.87,1.00
2016.10.21 07:32:06.836,0.76453,0.76463,1.87,1.50
2016.10.21 07:32:06.991,0.76453,0.76463,1.87,1.50
2016.10.21 07:32:07.044,0.76453,0.76463,1.87,2.62
2016.10.21 07:32:07.146,0.76453,0.76463,1.87,1.50
2016.10.21 07:32:07.505,0.76453,0.76462,1.87,1.00
2016.10.21 07:32:07.785,0.76452,0.76461,1.87,1.12
2016.10.21 07:32:07.838,0.76452,0.76462,1.50,4.12
2016.10.21 07:32:07.889,0.76452,0.76462,1.50,4.50
2016.10.21 07:32:08.323,0.76452,0.76461,1.50,1.00
2016.10.21 07:32:08.529,0.76452,0.76462,1.50,3.75
2016.10.21 07:32:08.589,0.7645,0.76462,1.87,3.75
2016.10.21 07:32:08.850,0.7645,0.76462,1.87,4.50
2016.10.21 07:32:08.901,0.7645,0.76461,1.87,1.12
2016.10.21 07:32:08.952,0.7645,0.76461,1.87,1.87
2016.10.21 07:32:09.307,0.7645,0.76461,1.87,3.00
2016.10.21 07:32:09.527,0.7645,0.76461,1.87,3.75
2016.10.21 07:32:10.541,0.7645,0.76461,1.87,3.00
2016.10.21 07:32:11.386,0.7645,0.76461,1.87,2.25
2016.10.21 07:32:11.438,0.7645,0.76461,1.87,1.87
2016.10.21 07:32:11.643,0.7645,0.76461,1.87,1.50
2016.10.21 07:32:11.796,0.7645,0.76461,1.87,1.50
2016.10.21 07:32:11.847,0.7645,0.76461,1.87,2.25
2016.10.21 07:32:12.104,0.7645,0.76461,1.87,3.00
2016.10.21 07:32:12.155,0.7645,0.76461,1.87,2.25
2016.10.21 07:32:12.206,0.76452,0.76461,1.50,2.25
2016.10.21 07:32:12.787,0.76452,0.76461,1.50,1.50
2016.10.21 07:32:12.856,0.76452,0.76461,1.50,1.12
2016.10.21 07:32:13.759,0.76452,0.76462,1.50,2.62
2016.10.21 07:32:13.963,0.76452,0.76462,1.50,3.00
2016.10.21 07:32:14.167,0.76452,0.76462,1.50,3.75
2016.10.21 07:32:15.132,0.76452,0.76461,1.50,1.12
2016.10.21 07:32:15.445,0.76452,0.76462,1.50,4.50
2016.10.21 07:32:15.926,0.76452,0.76462,1.50,3.75
2016.10.21 07:32:16.631,0.76452,0.76461,1.50,1.12
2016.10.21 07:32:17.861,0.76452,0.76461,1.50,1.12
2016.10.21 07:32:17.913,0.76452,0.76461,1.50,1.87
2016.10.21 07:32:17.964,0.76452,0.7646,1.50,1.00
2016.10.21 07:32:18.015,0.76452,0.76461,1.50,1.50
2016.10.21 07:32:18.117,0.76452,0.76461,1.50,1.50
2016.10.21 07:32:18.547,0.76453,0.76461,1.12,1.50
2016.10.21 07:32:18.599,0.76455,0.76463,1.87,1.00
2016.10.21 07:32:18.650,0.76455,0.76463,2.62,1.00
2016.10.21 07:32:18.753,0.76455,0.76463,2.62,1.50
2016.10.21 07:32:18.804,0.76455,0.76463,2.62,1.00
2016.10.21 07:32:18.855,0.76455,0.76463,2.62,1.50
2016.10.21 07:32:18.957,0.76455,0.76463,2.62,1.00
2016.10.21 07:32:19.430,0.76455,0.76463,1.12,1.00
2016.10.21 07:32:19.532,0.76455,0.76463,1.12,1.50
2016.10.21 07:32:19.634,0.76455,0.76463,1.12,1.00
2016.10.21 07:32:19.940,0.76455,0.76464,1.12,1.00
2016.10.21 07:32:20.453,0.76455,0.76464,1.12,1.87
2016.10.21 07:32:20.504,0.76455,0.76464,1.12,1.00
2016.10.21 07:32:21.985,0.76455,0.76464,1.12,1.50
2016.10.21 07:32:22.037,0.76455,0.76464,1.87,1.00
2016.10.21 07:32:22.088,0.76456,0.76464,1.12,1.00
2016.10.21 07:32:22.140,0.76456,0.76466,2.25,2.25
2016.10.21 07:32:22.481,0.76456,0.76466,3.00,2.25
2016.10.21 07:32:22.533,0.76456,0.76466,3.00,1.50
2016.10.21 07:32:22.587,0.76456,0.76466,3.37,1.00
2016.10.21 07:32:22.741,0.76456,0.76466,4.12,1.50
2016.10.21 07:32:22.792,0.76457,0.76466,1.00,1.50
2016.10.21 07:32:22.843,0.76457,0.76466,1.00,1.00
2016.10.21 07:32:23.252,0.76457,0.76467,1.00,1.12
2016.10.21 07:32:23.521,0.76459,0.76468,2.25,1.87
2016.10.21 07:32:23.573,0.76459,0.76469,3.00,2.25
2016.10.21 07:32:23.676,0.7646,0.76469,1.00,2.25
2016.10.21 07:32:24.073,0.7646,0.76469,1.00,3.00
2016.10.21 07:32:24.797,0.7646,0.76469,1.00,2.25
2016.10.21 07:32:24.899,0.7646,0.76469,1.00,1.50
2016.10.21 07:32:24.950,0.7646,0.76469,1.00,1.00
2016.10.21 07:32:25.177,0.7646,0.7647,1.00,3.00
2016.10.21 07:32:25.228,0.7646,0.7647,1.12,3.00
2016.10.21 07:32:25.805,0.7646,0.7647,1.12,2.25
2016.10.21 07:32:25.857,0.7646,0.7647,2.62,2.25
2016.10.21 07:32:25.959,0.7646,0.7647,2.62,1.50
2016.10.21 07:32:26.061,0.7646,0.7647,1.87,2.25
2016.10.21 07:32:26.164,0.7646,0.7647,1.87,3.00
2016.10.21 07:32:26.432,0.7646,0.7647,1.87,2.25
2016.10.21 07:32:27.030,0.7646,0.7647,1.87,3.75
2016.10.21 07:32:27.086,0.7646,0.7647,1.87,2.25
2016.10.21 07:32:27.365,0.7646,0.7647,1.87,3.00
2016.10.21 07:32:27.468,0.7646,0.7647,1.87,3.75
2016.10.21 07:32:27.519,0.7646,0.7647,1.87,3.00
2016.10.21 07:32:27.875,0.76459,0.7647,3.37,2.25
2016.10.21 07:32:27.978,0.76461,0.7647,1.00,2.25
2016.10.21 07:32:28.336,0.76461,0.7647,1.00,3.00
2016.10.21 07:32:28.387,0.76461,0.7647,1.00,2.25
2016.10.21 07:32:28.540,0.76461,0.7647,1.00,3.00
2016.10.21 07:32:28.828,0.76461,0.7647,1.00,1.50
2016.10.21 07:32:29.212,0.76461,0.7647,1.00,1.00
2016.10.21 07:32:29.273,0.76462,0.76471,1.50,1.87
2016.10.21 07:32:29.326,0.76462,0.76472,1.50,1.00
2016.10.21 07:32:29.377,0.76463,0.76472,1.00,1.12
2016.10.21 07:32:29.428,0.76463,0.76473,1.00,1.50
2016.10.21 07:32:29.531,0.76463,0.76473,1.00,1.00
2016.10.21 07:32:29.735,0.76463,0.76473,1.00,1.50
2016.10.21 07:32:30.489,0.76463,0.76473,1.00,1.00
2016.10.21 07:32:31.200,0.76463,0.76473,1.00,1.00
2016.10.21 07:32:31.514,0.76463,0.76473,1.00,1.00
2016.10.21 07:32:31.624,0.76463,0.76473,1.00,1.50
2016.10.21 07:32:31.782,0.76463,0.76473,1.00,1.00
2016.10.21 07:32:31.936,0.76463,0.76473,1.00,1.12
2016.10.21 07:32:33.631,0.76463,0.76473,1.00,1.87
2016.10.21 07:32:35.234,0.76463,0.76473,1.00,1.12
2016.10.21 07:32:35.878,0.76463,0.76473,1.00,2.06
2016.10.21 07:32:35.929,0.76463,0.76471,1.00,1.19
2016.10.21 07:32:35.980,0.76463,0.76472,1.00,1.83
2016.10.21 07:32:36.316,0.76463,0.76471,1.00,1.50
2016.10.21 07:32:36.367,0.76461,0.7647,1.12,1.12
2016.10.21 07:32:36.469,0.76461,0.76471,1.12,3.52
2016.10.21 07:32:36.538,0.76461,0.76471,1.12,2.77
2016.10.21 07:32:36.589,0.76461,0.76471,1.12,3.00
2016.10.21 07:32:36.691,0.76461,0.76471,1.12,3.52
2016.10.21 07:32:36.786,0.7646,0.76471,1.50,2.77
2016.10.21 07:32:36.837,0.7646,0.76471,1.50,3.14
2016.10.21 07:32:36.939,0.7646,0.76471,1.50,3.75
2016.10.21 07:32:37.324,0.7646,0.76471,1.00,3.75
2016.10.21 07:32:37.578,0.7646,0.7647,1.00,1.12
2016.10.21 07:32:37.629,0.7646,0.76469,1.00,1.00
2016.10.21 07:32:37.731,0.76459,0.76469,2.81,1.00
2016.10.21 07:32:37.782,0.7646,0.76469,1.50,1.00
2016.10.21 07:32:38.556,0.76459,0.76469,1.87,2.25
2016.10.21 07:32:38.607,0.76459,0.76469,1.00,4.50
2016.10.21 07:32:39.228,0.76459,0.76469,1.00,3.00
2016.10.21 07:32:39.331,0.76458,0.76469,1.12,3.00
2016.10.21 07:32:39.823,0.76458,0.76469,1.12,3.00
2016.10.21 07:32:40.078,0.76458,0.76468,1.12,1.00
2016.10.21 07:32:40.232,0.76458,0.76469,1.12,3.00
2016.10.21 07:32:40.733,0.76458,0.76469,1.12,3.00
2016.10.21 07:32:40.785,0.76459,0.76469,1.00,3.00
2016.10.21 07:32:41.317,0.76459,0.76469,1.00,3.00
2016.10.21 07:32:42.092,0.76459,0.76468,1.00,1.00
2016.10.21 07:32:42.194,0.76459,0.76469,1.00,2.25
2016.10.21 07:32:43.089,0.76459,0.76469,1.00,3.00
2016.10.21 07:32:43.548,0.76459,0.76469,1.00,3.75
2016.10.21 07:32:43.599,0.76459,0.76469,2.25,2.25
2016.10.21 07:32:43.650,0.76459,0.76469,2.25,2.25
2016.10.21 07:32:43.954,0.76459,0.76469,2.25,1.50
2016.10.21 07:32:44.331,0.76459,0.76469,2.25,2.25
2016.10.21 07:32:44.439,0.76459,0.76469,2.25,1.50
2016.10.21 07:32:44.490,0.76459,0.76469,2.25,1.00
2016.10.21 07:32:45.260,0.76459,0.76469,2.25,1.50
2016.10.21 07:32:45.470,0.76459,0.76469,2.25,1.50
2016.10.21 07:32:46.588,0.76459,0.76469,2.25,1.00
2016.10.21 07:32:46.640,0.76459,0.76469,2.25,1.00
2016.10.21 07:32:46.691,0.76459,0.7647,2.25,2.25
2016.10.21 07:32:46.742,0.76459,0.7647,2.25,1.50
2016.10.21 07:32:46.793,0.7646,0.7647,1.00,1.87
2016.10.21 07:32:47.751,0.76459,0.7647,1.00,1.87
2016.10.21 07:32:47.803,0.76459,0.7647,1.00,2.62
2016.10.21 07:32:48.058,0.7646,0.7647,1.00,1.87
2016.10.21 07:32:48.109,0.7646,0.7647,1.00,1.12
2016.10.21 07:32:48.878,0.76461,0.7647,1.00,1.12
2016.10.21 07:32:48.932,0.76461,0.76471,1.50,1.69
2016.10.21 07:32:48.984,0.76461,0.76472,2.25,1.87
2016.10.21 07:32:49.035,0.76461,0.76472,2.62,1.87
2016.10.21 07:32:49.086,0.76461,0.76472,4.87,1.12
2016.10.21 07:32:49.138,0.76461,0.76472,4.87,1.00
2016.10.21 07:32:49.190,0.76464,0.76473,1.00,3.00
2016.10.21 07:32:49.241,0.76464,0.76473,1.00,2.25
2016.10.21 07:32:49.344,0.76464,0.76473,1.00,3.00
2016.10.21 07:32:49.683,0.76463,0.76473,1.00,2.25
2016.10.21 07:32:50.110,0.76463,0.76473,1.00,3.00
2016.10.21 07:32:50.863,0.76463,0.76473,1.00,2.25
2016.10.21 07:32:51.187,0.76463,0.76473,1.00,1.50
2016.10.21 07:32:51.446,0.76463,0.76473,1.00,2.25
2016.10.21 07:32:53.617,0.76464,0.76473,1.00,2.25
2016.10.21 07:32:54.424,0.76464,0.76473,1.00,3.00
2016.10.21 07:32:54.527,0.76464,0.76473,1.00,2.62
2016.10.21 07:32:54.578,0.76464,0.76472,1.00,1.12
2016.10.21 07:32:54.630,0.76463,0.76473,1.00,3.00
2016.10.21 07:32:55.011,0.76462,0.76472,1.00,1.00
2016.10.21 07:32:55.062,0.76462,0.76471,1.00,1.00
2016.10.21 07:32:55.164,0.76462,0.76472,1.00,1.50
2016.10.21 07:32:55.317,0.76462,0.76471,1.00,1.00
2016.10.21 07:32:55.494,0.76462,0.76472,1.00,1.50
2016.10.21 07:32:55.596,0.76462,0.76471,1.00,1.00
2016.10.21 07:32:56.316,0.76462,0.76472,1.00,2.25
2016.10.21 07:32:56.367,0.76462,0.76472,1.00,3.00
2016.10.21 07:32:56.494,0.76462,0.76472,1.00,2.25
2016.10.21 07:32:56.854,0.76462,0.76471,1.00,1.00
2016.10.21 07:32:57.058,0.76462,0.76472,1.00,2.25
2016.10.21 07:32:57.669,0.76462,0.76471,1.00,1.00
2016.10.21 07:32:57.771,0.76462,0.76472,1.00,2.25
2016.10.21 07:32:57.924,0.76462,0.76471,1.00,1.00
2016.10.21 07:32:58.077,0.76462,0.76472,1.00,2.25
2016.10.21 07:32:58.179,0.76462,0.76472,1.00,3.00
2016.10.21 07:32:58.334,0.76462,0.76472,1.00,2.25
2016.10.21 07:32:58.386,0.76462,0.76472,1.00,3.00
2016.10.21 07:32:58.437,0.76462,0.76471,1.00,1.00
2016.10.21 07:32:58.879,0.76463,0.76471,1.50,1.00
2016.10.21 07:32:58.932,0.76463,0.76473,2.62,1.87
2016.10.21 07:32:58.986,0.76463,0.76473,3.00,1.12
2016.10.21 07:32:59.037,0.76464,0.76473,1.00,1.00
2016.10.21 07:32:59.343,0.76463,0.76472,1.50,1.00
2016.10.21 07:32:59.394,0.76463,0.76472,1.50,1.00
2016.10.21 07:32:59.445,0.76463,0.76473,1.50,2.25
2016.10.21 07:32:59.749,0.76463,0.76473,1.50,2.25
2016.10.21 07:32:59.829,0.76462,0.76473,1.50,2.62
2016.10.21 07:33:00.718,0.76462,0.76473,2.25,2.62
2016.10.21 07:33:00.775,0.76462,0.76473,2.25,2.62
2016.10.21 07:33:01.234,0.76462,0.76473,2.25,1.87
2016.10.21 07:33:01.285,0.76462,0.76473,1.50,1.37
2016.10.21 07:33:02.488,0.76462,0.76473,3.00,1.37
2016.10.21 07:33:02.927,0.76462,0.76472,2.25,1.12
2016.10.21 07:33:03.028,0.76462,0.76472,1.50,1.12
2016.10.21 07:33:03.181,0.76462,0.76472,1.50,1.87
2016.10.21 07:33:03.486,0.76462,0.76472,1.50,1.87
2016.10.21 07:33:03.537,0.76462,0.7647,2.25,1.87
2016.10.21 07:33:03.859,0.76459,0.76469,1.50,2.62
2016.10.21 07:33:03.923,0.76458,0.76469,1.12,2.62
2016.10.21 07:33:04.075,0.76458,0.76469,1.12,2.62
2016.10.21 07:33:04.434,0.76458,0.76469,1.87,2.62
2016.10.21 07:33:04.485,0.76458,0.76469,1.12,2.62
2016.10.21 07:33:05.153,0.76457,0.76467,1.87,3.00
2016.10.21 07:33:05.205,0.76457,0.76467,1.37,3.00
2016.10.21 07:33:05.391,0.76457,0.76467,1.37,2.25
2016.10.21 07:33:05.815,0.76457,0.76467,1.37,1.87
2016.10.21 07:33:05.866,0.76457,0.76467,1.37,1.87
2016.10.21 07:33:05.969,0.76457,0.76467,1.37,1.87
2016.10.21 07:33:06.694,0.76457,0.76467,1.50,1.87
2016.10.21 07:33:06.746,0.76456,0.76467,8.25,1.12
2016.10.21 07:33:07.280,0.76456,0.76467,9.00,2.62
2016.10.21 07:33:07.382,0.76456,0.76467,7.12,2.62
2016.10.21 07:33:07.484,0.76457,0.76467,1.50,1.87
2016.10.21 07:33:07.858,0.76457,0.76467,2.25,1.87
2016.10.21 07:33:08.062,0.76457,0.76467,1.50,1.87
2016.10.21 07:33:08.317,0.76457,0.76465,1.50,2.55
2016.10.21 07:33:08.368,0.76456,0.76464,1.50,1.00
2016.10.21 07:33:08.420,0.76455,0.76464,1.50,1.50
2016.10.21 07:33:08.746,0.76454,0.76462,2.25,1.12
2016.10.21 07:33:08.803,0.76452,0.76462,3.00,3.00
2016.10.21 07:33:08.854,0.76452,0.76462,2.25,2.25
2016.10.21 07:33:09.058,0.76451,0.76462,1.50,3.75
2016.10.21 07:33:09.109,0.76451,0.76462,1.50,3.75
2016.10.21 07:33:09.160,0.7645,0.76462,4.87,4.50
2016.10.21 07:33:09.211,0.7645,0.76462,4.87,4.50
2016.10.21 07:33:09.262,0.7645,0.7646,5.62,1.00
2016.10.21 07:33:09.313,0.7645,0.7646,5.62,1.00
2016.10.21 07:33:09.365,0.7645,0.7646,4.87,1.00
2016.10.21 07:33:09.652,0.7645,0.7646,4.50,1.00
2016.10.21 07:33:09.703,0.7645,0.7646,5.25,1.00
2016.10.21 07:33:09.805,0.7645,0.7646,4.50,1.00
2016.10.21 07:33:10.263,0.7645,0.7646,3.75,1.00
2016.10.21 07:33:10.471,0.7645,0.7646,4.50,1.00
2016.10.21 07:33:11.022,0.76451,0.7646,1.00,1.00
2016.10.21 07:33:12.457,0.7645,0.7646,2.62,1.00
2016.10.21 07:33:12.610,0.7645,0.7646,2.62,1.50
2016.10.21 07:33:12.661,0.7645,0.7646,2.62,1.00
2016.10.21 07:33:12.713,0.7645,0.7646,2.62,1.50
2016.10.21 07:33:12.765,0.7645,0.7646,2.25,1.50
2016.10.21 07:33:12.818,0.7645,0.7646,3.00,2.25
2016.10.21 07:33:13.125,0.7645,0.76459,2.62,1.50
2016.10.21 07:33:13.198,0.7645,0.76459,1.12,1.50
2016.10.21 07:33:13.629,0.76449,0.76459,2.25,1.50
2016.10.21 07:33:13.680,0.76448,0.76459,2.62,1.50
2016.10.21 07:33:14.447,0.76448,0.76459,2.25,1.87
2016.10.21 07:33:14.753,0.76448,0.76459,3.00,1.87
2016.10.21 07:33:15.081,0.76448,0.76458,3.00,1.00
2016.10.21 07:33:16.607,0.76448,0.76458,1.87,1.00
2016.10.21 07:33:19.428,0.76448,0.76459,1.87,1.87
2016.10.21 07:33:19.530,0.76448,0.76459,1.87,1.12
2016.10.21 07:33:19.581,0.76448,0.76459,1.87,1.87
2016.10.21 07:33:19.632,0.76448,0.76459,1.87,1.12
2016.10.21 07:33:19.683,0.76448,0.76459,1.87,1.87
2016.10.21 07:33:19.736,0.76448,0.76459,1.87,2.25
2016.10.21 07:33:19.787,0.76448,0.76459,1.87,2.25
2016.10.21 07:33:19.838,0.76448,0.76459,1.87,1.50
2016.10.21 07:33:20.158,0.76448,0.76459,1.87,2.25
2016.10.21 07:33:20.209,0.76448,0.76459,2.62,2.25
2016.10.21 07:33:20.260,0.76448,0.76458,2.62,1.00
2016.10.21 07:33:20.311,0.76448,0.76458,2.62,1.00
2016.10.21 07:33:21.386,0.76448,0.76458,1.87,1.00
2016.10.21 07:33:22.999,0.76448,0.76458,1.87,1.00
2016.10.21 07:33:24.066,0.76448,0.76459,1.87,1.50
2016.10.21 07:33:24.341,0.76448,0.76459,1.87,1.12
2016.10.21 07:33:24.925,0.76448,0.76459,1.87,1.87
2016.10.21 07:33:25.799,0.76448,0.76459,3.37,1.12
2016.10.21 07:33:25.850,0.76448,0.76459,2.62,1.12
2016.10.21 07:33:25.902,0.76448,0.76459,2.62,1.87
2016.10.21 07:33:26.527,0.76448,0.76459,2.62,1.12
2016.10.21 07:33:26.629,0.76448,0.76459,2.62,1.87
2016.10.21 07:33:27.719,0.76448,0.76459,3.37,1.87
2016.10.21 07:33:28.125,0.76448,0.76459,2.62,1.87
2016.10.21 07:33:28.227,0.76448,0.76459,3.37,1.87
2016.10.21 07:33:28.879,0.76448,0.76459,3.37,1.87
2016.10.21 07:33:28.931,0.76448,0.76459,4.12,3.37
2016.10.21 07:33:29.196,0.76448,0.76459,4.87,3.37
2016.10.21 07:33:29.774,0.76448,0.76459,4.12,3.37
2016.10.21 07:33:30.141,0.76448,0.76459,4.12,1.87
2016.10.21 07:33:30.192,0.76448,0.76459,4.12,1.12
2016.10.21 07:33:30.243,0.76448,0.76459,2.62,1.12
2016.10.21 07:33:31.542,0.76448,0.76459,2.62,1.12
2016.10.21 07:33:31.928,0.76451,0.76459,1.00,1.12
2016.10.21 07:33:31.979,0.76451,0.76459,1.50,1.12
2016.10.21 07:33:32.305,0.76449,0.76459,1.87,1.12
2016.10.21 07:33:32.356,0.76449,0.76459,2.62,1.12
2016.10.21 07:33:32.509,0.76449,0.76459,3.37,1.12
2016.10.21 07:33:33.751,0.76449,0.76459,2.62,1.12
2016.10.21 07:33:34.060,0.76449,0.76459,2.25,1.00
2016.10.21 07:33:34.842,0.76449,0.76459,3.00,1.00
2016.10.21 07:33:36.392,0.76449,0.76459,3.00,1.50
2016.10.21 07:33:36.574,0.76449,0.76459,3.00,1.00
2016.10.21 07:33:37.169,0.76449,0.76459,3.00,1.50
2016.10.21 07:33:37.271,0.76449,0.76459,3.00,1.00
2016.10.21 07:33:38.984,0.76449,0.76459,3.00,1.50
2016.10.21 07:33:39.035,0.76449,0.76459,3.00,1.00
2016.10.21 07:33:39.188,0.76449,0.76459,3.75,1.00
2016.10.21 07:33:39.638,0.76449,0.76459,3.00,1.50
2016.10.21 07:33:39.826,0.76449,0.76458,3.00,1.00
2016.10.21 07:33:39.877,0.76449,0.76458,3.75,1.00
2016.10.21 07:33:39.928,0.76449,0.76459,3.75,1.00
2016.10.21 07:33:39.979,0.76449,0.76459,3.00,1.00
2016.10.21 07:33:40.031,0.76449,0.76459,2.25,1.50
2016.10.21 07:33:40.133,0.76449,0.76459,2.25,1.00
2016.10.21 07:33:41.167,0.76449,0.76459,2.25,1.00
2016.10.21 07:33:41.472,0.76449,0.76459,1.00,2.25
2016.10.21 07:33:41.625,0.76449,0.76459,1.00,2.25
2016.10.21 07:33:42.652,0.76448,0.76458,4.50,1.00
2016.10.21 07:33:42.704,0.76448,0.76455,3.75,1.80
2016.10.21 07:33:42.755,0.76448,0.76454,1.50,2.25
2016.10.21 07:33:42.807,0.76448,0.76453,1.12,1.37
2016.10.21 07:33:42.859,0.76446,0.76453,2.62,1.87
2016.10.21 07:33:42.910,0.76446,0.76452,2.62,1.12
2016.10.21 07:33:43.201,0.76446,0.76451,2.25,1.00
2016.10.21 07:33:43.266,0.76439,0.76449,1.50,1.00
2016.10.21 07:33:43.341,0.76439,0.76449,1.00,2.62
2016.10.21 07:33:43.394,0.76438,0.76449,2.62,4.50
2016.10.21 07:33:43.649,0.76438,0.76449,2.62,4.12
2016.10.21 07:33:43.965,0.76438,0.76449,3.37,4.87
2016.10.21 07:33:44.066,0.76438,0.76449,3.37,4.12
2016.10.21 07:33:44.168,0.76438,0.76449,3.37,2.62
2016.10.21 07:33:45.179,0.76438,0.76449,4.12,2.62
2016.10.21 07:33:45.282,0.76438,0.76448,3.37,3.15
2016.10.21 07:33:45.333,0.76438,0.76446,2.25,1.00
2016.10.21 07:33:45.386,0.76437,0.76446,2.62,2.25
2016.10.21 07:33:45.438,0.76437,0.76446,2.25,3.52
2016.10.21 07:33:45.489,0.76436,0.76445,1.00,1.00
2016.10.21 07:33:45.751,0.76435,0.76445,3.75,1.00
2016.10.21 07:33:45.803,0.76435,0.76445,2.25,1.00
2016.10.21 07:33:46.400,0.76435,0.76445,3.00,1.00
2016.10.21 07:33:46.553,0.76435,0.76445,2.25,1.00
2016.10.21 07:33:46.834,0.76435,0.76445,2.25,1.00
2016.10.21 07:33:46.987,0.76435,0.76445,2.25,1.50
2016.10.21 07:33:47.285,0.76435,0.76445,3.37,1.50
2016.10.21 07:33:47.386,0.76436,0.76445,1.50,1.50
2016.10.21 07:33:47.438,0.76436,0.76445,1.50,1.00
2016.10.21 07:33:47.781,0.76435,0.76445,1.12,1.00
2016.10.21 07:33:47.933,0.76435,0.76445,1.00,1.00
2016.10.21 07:33:48.340,0.76435,0.76445,3.07,1.00
2016.10.21 07:33:48.391,0.76437,0.76446,1.00,1.00
2016.10.21 07:33:48.695,0.76437,0.76446,3.00,1.00
2016.10.21 07:33:48.750,0.76437,0.76448,4.12,2.25
2016.10.21 07:33:49.106,0.76437,0.76448,2.25,1.50
2016.10.21 07:33:49.431,0.76437,0.76448,2.62,2.25
2016.10.21 07:33:50.095,0.76437,0.76448,1.87,2.25
2016.10.21 07:33:50.198,0.76437,0.76448,2.25,3.00
2016.10.21 07:33:50.355,0.76437,0.76448,1.87,2.25
2016.10.21 07:33:50.893,0.76437,0.76448,1.87,2.25
2016.10.21 07:33:51.097,0.76437,0.76448,2.62,2.25
2016.10.21 07:33:51.199,0.76437,0.76448,2.25,2.25
2016.10.21 07:33:51.402,0.76437,0.76448,2.62,3.00
2016.10.21 07:33:51.504,0.76437,0.76448,1.87,2.25
2016.10.21 07:33:51.556,0.76437,0.76448,1.87,2.25
2016.10.21 07:33:52.023,0.76437,0.76448,2.62,2.25
2016.10.21 07:33:52.175,0.76437,0.76448,3.00,3.00
2016.10.21 07:33:52.278,0.76437,0.76448,2.62,2.25
2016.10.21 07:33:52.380,0.76437,0.76448,3.00,3.00
2016.10.21 07:33:52.431,0.76437,0.76447,1.87,1.00
2016.10.21 07:33:52.483,0.76437,0.76447,1.00,1.19
2016.10.21 07:33:52.781,0.76436,0.76447,5.25,2.02
2016.10.21 07:33:52.840,0.76436,0.76447,3.00,2.39
2016.10.21 07:33:52.892,0.76436,0.76447,2.25,2.25
2016.10.21 07:33:53.198,0.76436,0.76446,1.50,2.55
2016.10.21 07:33:53.249,0.76435,0.76444,3.00,1.50
2016.10.21 07:33:53.300,0.76435,0.76444,1.75,2.25
2016.10.21 07:33:53.352,0.76433,0.76442,3.37,1.12
2016.10.21 07:33:53.403,0.76432,0.76442,4.31,2.25
2016.10.21 07:33:53.455,0.76433,0.76442,1.00,2.62
2016.10.21 07:33:53.725,0.76432,0.76441,1.00,1.00
2016.10.21 07:33:53.776,0.76431,0.76441,4.12,1.00
2016.10.21 07:33:54.033,0.76431,0.76442,3.75,3.37
2016.10.21 07:33:54.085,0.76431,0.76442,3.75,3.75
2016.10.21 07:33:54.290,0.76431,0.76442,2.25,3.75
2016.10.21 07:33:54.881,0.76431,0.76442,1.50,3.75
2016.10.21 07:33:55.196,0.76431,0.76442,1.00,4.64
2016.10.21 07:33:55.247,0.7643,0.76442,1.50,3.75
2016.10.21 07:33:55.299,0.7643,0.7644,3.75,1.00
2016.10.21 07:33:55.402,0.7643,0.7644,3.00,1.87
2016.10.21 07:33:55.454,0.7643,0.7644,2.25,1.12
2016.10.21 07:33:55.506,0.7643,0.76439,1.00,1.00
2016.10.21 07:33:55.558,0.76429,0.76439,3.00,1.00
2016.10.21 07:33:55.631,0.76429,0.76439,3.00,1.12
2016.10.21 07:33:55.987,0.76429,0.76439,2.62,1.12
2016.10.21 07:33:56.038,0.76429,0.76439,3.37,1.12
2016.10.21 07:33:56.089,0.76429,0.7644,3.37,3.37
2016.10.21 07:33:56.191,0.76429,0.7644,2.62,3.37
2016.10.21 07:33:56.242,0.76429,0.7644,2.62,3.00
2016.10.21 07:33:56.293,0.76429,0.7644,1.12,1.50
2016.10.21 07:33:57.333,0.76429,0.7644,1.12,2.25
2016.10.21 07:33:59.084,0.76429,0.7644,2.62,3.75
2016.10.21 07:33:59.187,0.76429,0.7644,3.37,3.75
2016.10.21 07:33:59.504,0.76429,0.7644,3.37,3.00
2016.10.21 07:33:59.645,0.76429,0.7644,3.37,3.37
2016.10.21 07:33:59.696,0.76429,0.7644,3.37,3.37
2016.10.21 07:33:59.798,0.76429,0.7644,3.37,3.37
2016.10.21 07:34:00.128,0.76429,0.7644,2.62,3.37
2016.10.21 07:34:00.448,0.76429,0.7644,2.62,3.00
2016.10.21 07:34:00.652,0.76429,0.7644,2.62,3.37
2016.10.21 07:34:00.959,0.76429,0.7644,2.62,3.00
2016.10.21 07:34:01.836,0.76429,0.7644,3.37,3.75
2016.10.21 07:34:01.887,0.76429,0.7644,1.12,2.25
2016.10.21 07:34:01.938,0.76429,0.7644,1.87,3.37
2016.10.21 07:34:01.989,0.76429,0.7644,1.12,2.62
2016.10.21 07:34:02.041,0.76429,0.76439,1.12,2.25
2016.10.21 07:34:02.315,0.76429,0.76439,1.12,3.00
2016.10.21 07:34:02.367,0.76428,0.76439,1.87,6.00
2016.10.21 07:34:02.520,0.76428,0.76439,2.62,4.50
2016.10.21 07:34:02.571,0.76428,0.76439,2.62,4.50
2016.10.21 07:34:02.622,0.76428,0.76439,4.12,3.00
2016.10.21 07:34:02.724,0.76428,0.76439,3.37,3.00
2016.10.21 07:34:02.775,0.76428,0.76439,4.12,2.25
2016.10.21 07:34:02.929,0.76428,0.76439,2.62,2.25
2016.10.21 07:34:03.268,0.76429,0.76439,1.37,1.12
2016.10.21 07:34:03.323,0.76429,0.7644,3.00,3.37
2016.10.21 07:34:03.725,0.7643,0.7644,1.00,1.50
2016.10.21 07:34:03.776,0.7643,0.76441,1.00,3.37
2016.10.21 07:34:03.827,0.7643,0.76441,1.50,3.00
2016.10.21 07:34:03.878,0.7643,0.76441,1.12,3.00
2016.10.21 07:34:03.929,0.7643,0.76441,2.62,3.00
2016.10.21 07:34:04.380,0.7643,0.76441,3.37,3.00
2016.10.21 07:34:04.483,0.7643,0.76441,3.37,3.00
2016.10.21 07:34:04.542,0.7643,0.76441,2.62,3.00
2016.10.21 07:34:04.593,0.7643,0.76441,2.62,3.00
2016.10.21 07:34:04.644,0.7643,0.76441,1.12,1.50
2016.10.21 07:34:05.554,0.7643,0.76441,1.12,1.87
2016.10.21 07:34:06.415,0.7643,0.76441,1.12,2.25
2016.10.21 07:34:06.466,0.7643,0.76439,1.12,1.50
2016.10.21 07:34:06.568,0.7643,0.76439,1.37,1.50
2016.10.21 07:34:06.669,0.7643,0.76439,1.00,1.50
2016.10.21 07:34:07.866,0.7643,0.76439,1.00,1.00
2016.10.21 07:34:07.918,0.7643,0.7644,1.00,1.50
2016.10.21 07:34:08.637,0.7643,0.7644,1.00,1.50
2016.10.21 07:34:08.942,0.76431,0.76442,4.87,2.25
2016.10.21 07:34:08.994,0.76432,0.76442,2.25,1.50
2016.10.21 07:34:09.045,0.76432,0.76441,2.25,1.00
2016.10.21 07:34:09.096,0.76432,0.76442,1.50,1.50
2016.10.21 07:34:09.249,0.76432,0.76441,1.50,1.00
2016.10.21 07:34:09.351,0.76432,0.76442,2.25,1.50
2016.10.21 07:34:09.402,0.76432,0.76442,1.12,1.50
2016.10.21 07:34:09.693,0.76432,0.76442,1.12,1.87
2016.10.21 07:34:09.770,0.76432,0.76442,1.00,2.62
2016.10.21 07:34:09.878,0.76432,0.76441,1.00,1.00
2016.10.21 07:34:11.336,0.76432,0.76442,1.00,3.37
2016.10.21 07:34:12.235,0.76432,0.76441,1.00,1.00
2016.10.21 07:34:12.286,0.76432,0.76441,1.00,1.00
2016.10.21 07:34:13.573,0.76432,0.76441,1.00,1.50
2016.10.21 07:34:13.624,0.76432,0.76441,1.00,1.00
2016.10.21 07:34:13.675,0.76432,0.76442,1.00,1.12
2016.10.21 07:34:17.169,0.76431,0.76442,1.50,1.87
2016.10.21 07:34:17.424,0.76431,0.76442,1.50,1.12
2016.10.21 07:34:17.680,0.76431,0.76442,1.50,1.87
2016.10.21 07:34:17.732,0.76431,0.76442,1.50,2.25
2016.10.21 07:34:17.783,0.76431,0.76442,1.50,2.62
2016.10.21 07:34:18.089,0.76431,0.76441,1.37,1.00
2016.10.21 07:34:18.147,0.76431,0.76441,1.00,1.87
2016.10.21 07:34:18.301,0.76431,0.76441,1.00,1.37
2016.10.21 07:34:18.658,0.76431,0.76441,1.00,1.87
2016.10.21 07:34:18.806,0.76431,0.76441,1.00,1.37
2016.10.21 07:34:19.264,0.7643,0.76441,1.50,1.37
2016.10.21 07:34:19.315,0.7643,0.76441,1.00,1.37
2016.10.21 07:34:19.366,0.7643,0.76441,1.00,2.62
2016.10.21 07:34:19.418,0.76429,0.7644,4.12,1.37
2016.10.21 07:34:19.471,0.76429,0.7644,4.87,2.62
2016.10.21 07:34:19.548,0.76429,0.7644,4.12,4.12
2016.10.21 07:34:19.599,0.76429,0.7644,4.50,4.12
2016.10.21 07:34:20.173,0.76429,0.7644,4.50,4.87
2016.10.21 07:34:20.377,0.76429,0.7644,4.12,4.87
2016.10.21 07:34:20.781,0.76429,0.7644,4.12,3.37
2016.10.21 07:34:22.076,0.76429,0.7644,4.12,3.00
2016.10.21 07:34:23.307,0.76429,0.7644,3.75,3.00
2016.10.21 07:34:23.357,0.76429,0.76439,3.75,1.00
2016.10.21 07:34:29.031,0.76429,0.76439,4.50,1.00
2016.10.21 07:34:29.458,0.76429,0.7644,4.50,1.50
2016.10.21 07:34:30.021,0.76429,0.7644,4.50,1.50
2016.10.21 07:34:30.793,0.76429,0.7644,3.75,1.50
2016.10.21 07:34:30.844,0.76429,0.7644,4.50,1.50
2016.10.21 07:34:31.337,0.76432,0.7644,1.50,1.50
2016.10.21 07:34:31.388,0.76432,0.76442,1.50,1.50
2016.10.21 07:34:31.439,0.76432,0.76442,4.87,1.00
2016.10.21 07:34:31.490,0.76433,0.76443,1.12,1.00
2016.10.21 07:34:31.541,0.76433,0.76443,1.50,1.00
2016.10.21 07:34:31.602,0.76433,0.76443,3.37,1.00
2016.10.21 07:34:31.940,0.76433,0.76444,3.37,1.25
2016.10.21 07:34:31.991,0.76433,0.76444,1.50,1.31
2016.10.21 07:34:32.042,0.76433,0.76444,1.87,1.31
2016.10.21 07:34:32.144,0.76433,0.76444,1.12,1.31
2016.10.21 07:34:32.246,0.76433,0.76444,1.00,1.31
2016.10.21 07:34:32.298,0.76433,0.76443,1.00,1.00
2016.10.21 07:34:32.502,0.76432,0.76443,5.25,1.00
2016.10.21 07:34:32.553,0.76432,0.76443,4.87,1.00
2016.10.21 07:34:32.655,0.76433,0.76443,1.00,1.50
2016.10.21 07:34:33.055,0.76432,0.76443,3.37,3.00
2016.10.21 07:34:33.410,0.76432,0.76442,3.00,1.00
2016.10.21 07:34:33.461,0.76432,0.76442,2.62,1.00
2016.10.21 07:34:33.513,0.76432,0.76443,2.62,3.37
2016.10.21 07:34:33.566,0.76432,0.76443,1.12,3.37
2016.10.21 07:34:33.828,0.76432,0.76443,1.12,4.12
2016.10.21 07:34:34.196,0.76432,0.76442,1.12,1.50
2016.10.21 07:34:35.803,0.76432,0.76442,1.12,1.87
2016.10.21 07:34:35.899,0.76431,0.76441,2.25,1.12
2016.10.21 07:34:37.318,0.76431,0.76441,2.25,1.31
2016.10.21 07:34:37.522,0.76431,0.76441,2.25,2.06
2016.10.21 07:34:37.933,0.76431,0.76441,2.25,2.81
2016.10.21 07:34:37.984,0.76431,0.76441,3.00,2.81
2016.10.21 07:34:38.086,0.76431,0.76441,3.00,2.06
2016.10.21 07:34:38.602,0.76431,0.76441,2.25,2.06
2016.10.21 07:34:39.482,0.76431,0.76441,2.25,1.31
2016.10.21 07:34:39.545,0.76431,0.76441,2.25,1.31
2016.10.21 07:34:41.251,0.76432,0.76441,1.00,1.25
2016.10.21 07:34:41.302,0.76432,0.76441,3.00,1.69
2016.10.21 07:34:41.353,0.76432,0.76441,3.37,1.25
2016.10.21 07:34:41.404,0.76432,0.76443,2.62,2.06
2016.10.21 07:34:41.455,0.76432,0.76443,3.00,1.69
2016.10.21 07:34:41.557,0.76432,0.76443,3.75,1.69
2016.10.21 07:34:41.608,0.76432,0.76443,4.87,1.19
2016.10.21 07:34:42.191,0.76432,0.76443,4.87,1.00
2016.10.21 07:34:42.466,0.76432,0.76443,4.12,1.00
2016.10.21 07:34:42.517,0.76433,0.76443,1.87,1.00
2016.10.21 07:34:42.619,0.76433,0.76443,2.62,1.00
2016.10.21 07:34:43.252,0.76433,0.76443,1.87,1.00
2016.10.21 07:34:43.304,0.76432,0.76443,3.37,1.00
2016.10.21 07:34:43.406,0.76432,0.76443,2.62,1.00
2016.10.21 07:34:43.457,0.76432,0.76443,3.37,1.50
2016.10.21 07:34:43.508,0.76434,0.76443,1.00,1.00
2016.10.21 07:34:43.789,0.76432,0.76443,3.37,1.50
2016.10.21 07:34:44.449,0.76433,0.76443,1.12,1.00
2016.10.21 07:34:44.551,0.76432,0.76443,4.50,1.00
2016.10.21 07:34:44.602,0.76432,0.76443,6.00,1.00
2016.10.21 07:34:44.653,0.76432,0.76443,5.62,1.00
2016.10.21 07:34:44.755,0.76432,0.76443,5.25,1.00
2016.10.21 07:34:45.101,0.76432,0.76443,5.62,1.00
2016.10.21 07:34:45.152,0.76432,0.76443,4.12,1.00
2016.10.21 07:34:46.224,0.76432,0.76443,3.75,1.00
2016.10.21 07:34:46.378,0.76432,0.76443,3.00,1.50
2016.10.21 07:34:46.429,0.76432,0.76443,3.00,2.25
2016.10.21 07:34:46.481,0.76432,0.76443,2.25,2.62
2016.10.21 07:34:46.532,0.76431,0.76443,6.00,3.75
2016.10.21 07:34:46.584,0.76431,0.76443,6.00,3.75
2016.10.21 07:34:46.686,0.76431,0.76441,6.00,1.00
2016.10.21 07:34:46.985,0.76431,0.76441,5.25,1.00
2016.10.21 07:34:47.069,0.76432,0.76443,1.50,3.75
2016.10.21 07:34:47.273,0.76432,0.76442,2.25,1.00
2016.10.21 07:34:47.531,0.76432,0.76443,1.50,3.00
2016.10.21 07:34:47.582,0.76432,0.76443,2.62,1.12
2016.10.21 07:34:47.634,0.76432,0.76444,5.25,2.81
2016.10.21 07:34:47.897,0.76432,0.76444,5.62,2.81
2016.10.21 07:34:47.950,0.76433,0.76444,1.00,2.81
2016.10.21 07:34:49.015,0.76432,0.76444,6.00,3.56
2016.10.21 07:34:49.066,0.76432,0.76444,5.25,2.81
2016.10.21 07:34:49.117,0.76433,0.76444,1.37,2.81
2016.10.21 07:34:49.564,0.76432,0.76444,5.62,2.81
2016.10.21 07:34:49.727,0.76432,0.76444,6.00,2.81
2016.10.21 07:34:50.126,0.76432,0.76444,5.25,2.81
2016.10.21 07:34:50.177,0.76432,0.76444,6.00,2.06
2016.10.21 07:34:50.484,0.76437,0.76448,1.87,3.00
2016.10.21 07:34:50.586,0.76437,0.76448,1.50,2.25
2016.10.21 07:34:50.789,0.76437,0.76448,1.87,3.00
2016.10.21 07:34:50.840,0.76437,0.76448,1.87,2.25
2016.10.21 07:34:50.891,0.76437,0.76448,2.62,2.25
2016.10.21 07:34:50.942,0.76437,0.76448,2.25,1.50
2016.10.21 07:34:50.993,0.76437,0.76449,2.62,6.94
2016.10.21 07:34:51.044,0.76437,0.76448,3.00,1.00
2016.10.21 07:34:51.361,0.76437,0.76449,3.37,6.94
2016.10.21 07:34:51.412,0.76437,0.76448,3.75,1.50
2016.10.21 07:34:51.719,0.76437,0.76449,3.37,6.19
2016.10.21 07:34:51.771,0.76437,0.76449,4.12,4.69
2016.10.21 07:34:51.823,0.76437,0.76448,4.12,1.00
2016.10.21 07:34:51.875,0.76439,0.76448,1.00,1.00
2016.10.21 07:34:51.926,0.76438,0.76448,2.62,1.50
2016.10.21 07:34:52.247,0.76439,0.7645,2.62,2.25
2016.10.21 07:34:52.306,0.76439,0.7645,3.00,2.25
2016.10.21 07:34:53.619,0.76439,0.7645,3.00,1.50
2016.10.21 07:34:53.888,0.76439,0.7645,3.00,2.25
2016.10.21 07:34:53.939,0.76439,0.7645,3.00,1.50
2016.10.21 07:34:53.991,0.76439,0.7645,2.62,1.37
2016.10.21 07:34:55.272,0.76439,0.7645,2.62,1.87
2016.10.21 07:34:55.930,0.76439,0.7645,2.62,1.37
2016.10.21 07:34:57.085,0.76439,0.7645,2.62,1.37
2016.10.21 07:34:57.290,0.76439,0.7645,2.62,1.37
2016.10.21 07:34:57.393,0.76439,0.7645,2.62,1.37
2016.10.21 07:34:57.752,0.76439,0.7645,2.62,2.62
2016.10.21 07:34:57.803,0.76439,0.7645,2.62,3.37
2016.10.21 07:34:57.905,0.76439,0.7645,2.62,3.37
2016.10.21 07:34:57.957,0.76439,0.7645,2.62,2.62
2016.10.21 07:34:58.520,0.76439,0.7645,2.62,1.37
2016.10.21 07:34:59.926,0.76439,0.7645,1.12,1.37
2016.10.21 07:34:59.977,0.76439,0.7645,1.12,1.37
2016.10.21 07:35:00.781,0.76439,0.7645,1.12,1.37
2016.10.21 07:35:01.674,0.76439,0.7645,1.12,1.37
2016.10.21 07:35:02.031,0.76439,0.7645,1.12,1.87
2016.10.21 07:35:02.082,0.76439,0.7645,1.87,1.87
2016.10.21 07:35:03.186,0.76439,0.7645,2.25,1.37
2016.10.21 07:35:03.288,0.76439,0.7645,3.00,2.62
2016.10.21 07:35:03.339,0.76439,0.7645,2.25,1.87
2016.10.21 07:35:03.390,0.76439,0.7645,1.87,1.37
2016.10.21 07:35:03.442,0.76439,0.7645,1.87,1.37
2016.10.21 07:35:03.494,0.76439,0.7645,2.62,1.50
2016.10.21 07:35:03.545,0.76439,0.7645,2.62,1.50
2016.10.21 07:35:03.647,0.76439,0.7645,3.37,1.50
2016.10.21 07:35:03.698,0.76439,0.7645,2.62,1.50
2016.10.21 07:35:04.014,0.76439,0.7645,2.62,1.37
2016.10.21 07:35:04.616,0.76439,0.7645,3.37,1.37
2016.10.21 07:35:06.842,0.76439,0.7645,2.62,1.37
2016.10.21 07:35:06.944,0.76439,0.7645,2.62,1.37
2016.10.21 07:35:07.046,0.7644,0.7645,1.50,1.37
2016.10.21 07:35:07.405,0.76443,0.76451,1.12,1.50
2016.10.21 07:35:07.461,0.76443,0.76453,1.12,1.00
2016.10.21 07:35:07.513,0.76443,0.76454,1.12,1.50
2016.10.21 07:35:08.151,0.76443,0.76454,3.37,2.62
2016.10.21 07:35:08.202,0.76443,0.76454,3.37,2.25
2016.10.21 07:35:08.575,0.76443,0.76454,3.37,2.44
2016.10.21 07:35:08.627,0.76443,0.76454,3.37,3.19
2016.10.21 07:35:08.730,0.76443,0.76454,3.37,2.44
2016.10.21 07:35:08.926,0.76444,0.76454,1.00,3.19
2016.10.21 07:35:08.977,0.76443,0.76454,2.62,3.19
2016.10.21 07:35:09.028,0.76443,0.76454,2.62,3.94
2016.10.21 07:35:09.080,0.76443,0.76454,1.12,2.44
2016.10.21 07:35:09.130,0.76443,0.76454,1.00,2.44
2016.10.21 07:35:09.181,0.76443,0.76454,1.50,2.81
2016.10.21 07:35:09.232,0.76443,0.76454,1.50,3.56
2016.10.21 07:35:09.816,0.76442,0.76454,2.62,5.06
2016.10.21 07:35:10.410,0.76442,0.76454,3.37,4.31
2016.10.21 07:35:10.461,0.76443,0.76454,1.00,3.19
2016.10.21 07:35:10.664,0.76443,0.76454,1.00,2.44
2016.10.21 07:35:11.049,0.76443,0.76454,1.00,1.69
2016.10.21 07:35:11.162,0.76443,0.76454,1.00,2.44
2016.10.21 07:35:11.264,0.76443,0.76454,1.00,2.44
2016.10.21 07:35:11.518,0.76443,0.76454,1.00,1.69
2016.10.21 07:35:11.620,0.76443,0.76454,1.00,2.44
2016.10.21 07:35:11.774,0.76443,0.76454,1.00,1.69
2016.10.21 07:35:11.860,0.76443,0.76453,1.00,1.25
2016.10.21 07:35:12.067,0.76443,0.76454,1.00,1.69
2016.10.21 07:35:12.700,0.76443,0.76454,1.00,2.44
2016.10.21 07:35:12.855,0.76443,0.76453,1.00,1.25
2016.10.21 07:35:13.009,0.76443,0.76454,1.00,1.69
2016.10.21 07:35:13.111,0.76443,0.76453,1.00,1.25
2016.10.21 07:35:13.213,0.76443,0.76454,1.00,1.69
2016.10.21 07:35:13.347,0.76443,0.76453,1.00,1.25
2016.10.21 07:35:13.449,0.76443,0.76454,1.00,1.69
2016.10.21 07:35:13.579,0.76443,0.76454,1.00,2.44
2016.10.21 07:35:13.943,0.76443,0.76454,1.00,1.69
2016.10.21 07:35:14.046,0.76443,0.76454,1.00,2.44
2016.10.21 07:35:14.148,0.76443,0.76454,1.00,1.69
2016.10.21 07:35:14.267,0.76443,0.76454,1.00,2.44
2016.10.21 07:35:14.391,0.76443,0.76454,1.00,1.69
2016.10.21 07:35:14.494,0.76443,0.76453,1.00,1.25
2016.10.21 07:35:14.603,0.76443,0.76454,1.00,1.69
2016.10.21 07:35:14.705,0.76443,0.76454,1.00,2.44
2016.10.21 07:35:15.136,0.76443,0.76454,1.00,1.50
2016.10.21 07:35:15.593,0.76443,0.76454,1.00,2.25
2016.10.21 07:35:15.695,0.76443,0.76454,1.00,1.50
2016.10.21 07:35:15.882,0.76443,0.76454,1.00,2.25
2016.10.21 07:35:16.035,0.76443,0.76454,1.00,1.50
2016.10.21 07:35:16.501,0.76443,0.76454,1.00,2.25
2016.10.21 07:35:16.603,0.76443,0.76454,1.00,1.50
2016.10.21 07:35:17.332,0.76443,0.76453,1.00,1.00
2016.10.21 07:35:17.384,0.76443,0.76453,1.00,1.00
2016.10.21 07:35:17.435,0.76443,0.76454,1.00,1.87
2016.10.21 07:35:17.538,0.76443,0.76453,1.00,1.00
2016.10.21 07:35:18.074,0.76443,0.76454,1.00,2.62
2016.10.21 07:35:18.480,0.76443,0.76454,1.00,1.87
2016.10.21 07:35:18.531,0.76444,0.76454,1.00,1.12
2016.10.21 07:35:18.582,0.76445,0.76454,3.75,1.12
2016.10.21 07:35:18.634,0.76446,0.76455,1.12,1.50
2016.10.21 07:35:18.685,0.76445,0.76455,2.25,2.25
2016.10.21 07:35:18.982,0.76445,0.76455,1.50,3.75
2016.10.21 07:35:19.034,0.76444,0.76454,1.37,1.87
2016.10.21 07:35:19.087,0.76443,0.76454,5.62,1.87
2016.10.21 07:35:19.139,0.76443,0.76454,2.62,1.87
2016.10.21 07:35:19.190,0.76442,0.76453,3.00,1.00
2016.10.21 07:35:19.345,0.76442,0.76453,2.62,1.00
2016.10.21 07:35:19.549,0.76442,0.76453,1.87,1.00
2016.10.21 07:35:19.916,0.76442,0.76453,1.50,1.00
2016.10.21 07:35:20.263,0.76442,0.76453,1.50,1.00
2016.10.21 07:35:21.277,0.76442,0.76453,1.50,1.00
2016.10.21 07:35:22.523,0.76442,0.76452,1.50,1.00
2016.10.21 07:35:22.574,0.76441,0.76453,4.12,2.62
2016.10.21 07:35:22.626,0.76441,0.76451,2.25,1.00
2016.10.21 07:35:22.678,0.7644,0.76451,3.00,1.12
2016.10.21 07:35:22.780,0.7644,0.7645,3.00,1.50
2016.10.21 07:35:23.078,0.7644,0.7645,2.25,1.50
2016.10.21 07:35:23.129,0.7644,0.7645,2.25,2.25
2016.10.21 07:35:23.231,0.7644,0.7645,1.50,3.75
2016.10.21 07:35:23.283,0.7644,0.7645,1.50,4.12
2016.10.21 07:35:23.438,0.7644,0.76449,2.25,1.12
2016.10.21 07:35:23.540,0.7644,0.7645,1.50,4.12
2016.10.21 07:35:23.683,0.7644,0.7645,1.50,2.62
2016.10.21 07:35:23.785,0.7644,0.76449,1.50,1.12
2016.10.21 07:35:23.836,0.76439,0.76449,6.00,1.12
2016.10.21 07:35:24.148,0.76438,0.7645,6.75,3.75
2016.10.21 07:35:24.199,0.76439,0.7645,1.87,5.25
2016.10.21 07:35:24.353,0.76439,0.76449,1.50,1.12
2016.10.21 07:35:24.506,0.76439,0.7645,1.50,6.00
2016.10.21 07:35:24.608,0.76439,0.7645,2.25,5.25
2016.10.21 07:35:25.148,0.76439,0.76449,1.50,1.12
2016.10.21 07:35:25.251,0.76439,0.76449,2.25,1.12
2016.10.21 07:35:25.537,0.76439,0.76449,1.50,1.12
2016.10.21 07:35:26.131,0.76439,0.76449,1.87,1.12
2016.10.21 07:35:26.476,0.76439,0.76449,1.87,1.87
2016.10.21 07:35:26.527,0.76439,0.76449,2.62,1.87
2016.10.21 07:35:26.578,0.76439,0.76449,1.00,1.87
2016.10.21 07:35:26.785,0.76438,0.76449,5.25,1.87
2016.10.21 07:35:26.836,0.76438,0.76449,5.62,1.87
2016.10.21 07:35:27.356,0.76439,0.76449,1.12,1.12
2016.10.21 07:35:27.458,0.76438,0.76449,6.37,1.12
2016.10.21 07:35:27.662,0.76438,0.7645,5.62,4.50
2016.10.21 07:35:27.713,0.76438,0.76449,5.62,1.12
2016.10.21 07:35:27.815,0.76438,0.7645,5.62,4.50
2016.10.21 07:35:27.867,0.76438,0.7645,6.37,4.50
2016.10.21 07:35:28.536,0.76439,0.7645,1.00,4.50
2016.10.21 07:35:28.587,0.76439,0.76449,1.00,1.12
2016.10.21 07:35:28.740,0.76439,0.7645,1.00,4.50
2016.10.21 07:35:29.565,0.76439,0.7645,1.12,3.19
2016.10.21 07:35:29.694,0.76439,0.7645,1.12,3.19
2016.10.21 07:35:30.067,0.76439,0.7645,1.87,3.19
2016.10.21 07:35:30.412,0.76439,0.7645,3.00,2.44
2016.10.21 07:35:30.463,0.7644,0.76451,1.50,5.06
2016.10.21 07:35:30.565,0.7644,0.76451,1.50,5.81
2016.10.21 07:35:30.616,0.7644,0.76451,1.50,5.06
2016.10.21 07:35:30.820,0.76441,0.76451,1.87,4.69
2016.10.21 07:35:30.872,0.76442,0.76452,1.12,2.62
2016.10.21 07:35:30.923,0.76442,0.76452,1.87,1.75
2016.10.21 07:35:31.256,0.76445,0.76453,4.50,2.81
2016.10.21 07:35:31.313,0.76446,0.76456,1.00,1.69
2016.10.21 07:35:31.365,0.76446,0.76456,1.12,1.69
2016.10.21 07:35:31.417,0.76446,0.76456,1.12,3.19
2016.10.21 07:35:31.521,0.76447,0.76456,1.00,2.44
2016.10.21 07:35:31.573,0.76446,0.76456,1.87,1.69
2016.10.21 07:35:31.625,0.76446,0.76456,1.37,1.69
2016.10.21 07:35:31.677,0.76446,0.76455,1.50,1.00
2016.10.21 07:35:32.152,0.76446,0.76456,1.50,3.19
2016.10.21 07:35:32.256,0.76446,0.76456,1.00,2.44
2016.10.21 07:35:32.308,0.76446,0.76456,1.00,1.25
2016.10.21 07:35:32.718,0.76447,0.76456,1.00,1.25
2016.10.21 07:35:33.048,0.76447,0.76458,4.50,2.81
2016.10.21 07:35:33.104,0.76448,0.76458,1.00,1.19
2016.10.21 07:35:33.207,0.76448,0.76458,1.00,1.69
2016.10.21 07:35:33.259,0.76448,0.76457,1.50,1.19
2016.10.21 07:35:33.363,0.76448,0.76457,1.12,1.19
2016.10.21 07:35:33.467,0.76448,0.76456,1.12,1.25
2016.10.21 07:35:33.519,0.76448,0.76457,1.12,1.19
2016.10.21 07:35:33.570,0.76447,0.76458,2.25,1.69
2016.10.21 07:35:33.923,0.76448,0.76458,1.00,1.69
2016.10.21 07:35:33.975,0.76448,0.76458,1.00,2.06
2016.10.21 07:35:34.759,0.76448,0.76458,1.00,1.31
2016.10.21 07:35:35.198,0.76448,0.76457,1.00,1.19
2016.10.21 07:35:35.252,0.76448,0.76455,1.00,1.50
2016.10.21 07:35:35.303,0.76448,0.76454,1.00,2.06
2016.10.21 07:35:35.356,0.76446,0.76454,4.50,4.69
2016.10.21 07:35:35.407,0.76446,0.76453,1.37,1.19
2016.10.21 07:35:35.459,0.76445,0.76453,2.25,1.19
2016.10.21 07:35:35.510,0.76445,0.76455,1.37,4.12
2016.10.21 07:35:35.563,0.76445,0.76454,1.00,1.00
2016.10.21 07:35:35.615,0.76445,0.76455,2.25,1.50
2016.10.21 07:35:35.952,0.76445,0.76454,2.25,1.00
2016.10.21 07:35:36.013,0.76446,0.76456,1.00,2.96
2016.10.21 07:35:36.115,0.76446,0.76455,1.00,1.12
2016.10.21 07:35:36.166,0.76444,0.76455,3.75,1.12
2016.10.21 07:35:36.218,0.76444,0.76456,4.12,6.34
2016.10.21 07:35:36.269,0.76445,0.76456,1.12,5.96
2016.10.21 07:35:36.320,0.76446,0.76456,2.40,1.69
2016.10.21 07:35:36.371,0.76449,0.76456,1.00,1.62
2016.10.21 07:35:36.422,0.76449,0.76455,1.00,1.00
2016.10.21 07:35:36.715,0.76447,0.76455,4.87,1.00
2016.10.21 07:35:36.767,0.76449,0.76459,1.87,1.25
2016.10.21 07:35:36.818,0.76449,0.76459,1.87,1.25
2016.10.21 07:35:36.869,0.76449,0.76459,1.12,1.25
2016.10.21 07:35:36.920,0.76449,0.76459,1.87,1.25
2016.10.21 07:35:36.971,0.76449,0.76458,1.87,1.00
2016.10.21 07:35:37.022,0.76449,0.76458,1.12,1.00
2016.10.21 07:35:37.987,0.76449,0.7646,1.87,2.06
2016.10.21 07:35:38.394,0.76449,0.7646,1.87,2.81
2016.10.21 07:35:38.967,0.76448,0.7646,3.00,2.44
2016.10.21 07:35:39.281,0.76448,0.76459,3.00,1.25
2016.10.21 07:35:39.332,0.76448,0.76459,3.37,1.25
2016.10.21 07:35:39.520,0.76448,0.76459,4.87,1.25
2016.10.21 07:35:39.890,0.76448,0.76459,3.37,1.25
2016.10.21 07:35:39.941,0.76448,0.7646,3.00,1.69
2016.10.21 07:35:39.992,0.76448,0.7646,5.62,3.94
2016.10.21 07:35:40.044,0.76448,0.7646,3.75,3.19
2016.10.21 07:35:40.095,0.76449,0.7646,1.12,2.44
2016.10.21 07:35:40.147,0.76449,0.7646,1.12,2.44
2016.10.21 07:35:40.198,0.76449,0.7646,1.12,1.31
2016.10.21 07:35:40.301,0.76449,0.7646,1.12,1.69
2016.10.21 07:35:40.353,0.76449,0.7646,1.00,1.87
2016.10.21 07:35:40.704,0.76449,0.7646,1.00,1.50
2016.10.21 07:35:40.755,0.76449,0.7646,1.00,2.25
2016.10.21 07:35:40.973,0.76449,0.7646,1.00,3.00
2016.10.21 07:35:41.024,0.76449,0.7646,1.12,3.00
2016.10.21 07:35:41.076,0.76449,0.7646,1.12,1.50
2016.10.21 07:35:41.280,0.76449,0.7646,1.12,1.00
2016.10.21 07:35:41.592,0.76449,0.7646,1.87,1.00
2016.10.21 07:35:41.645,0.76449,0.7646,1.50,1.00
2016.10.21 07:35:41.848,0.76449,0.7646,1.87,1.00
2016.10.21 07:35:42.062,0.76449,0.7646,1.50,1.00
2016.10.21 07:35:43.427,0.76449,0.7646,1.50,2.25
2016.10.21 07:35:44.023,0.76449,0.7646,1.50,1.00
2016.10.21 07:35:44.331,0.76449,0.7646,1.50,1.50
2016.10.21 07:35:45.015,0.76449,0.7646,1.50,2.25
2016.10.21 07:35:45.066,0.76449,0.7646,1.00,2.25
2016.10.21 07:35:45.226,0.76449,0.7646,1.00,1.50
2016.10.21 07:35:45.328,0.76449,0.7646,1.00,1.50
2016.10.21 07:35:45.431,0.76449,0.7646,1.00,3.00
2016.10.21 07:35:45.482,0.76449,0.76458,1.00,1.00
2016.10.21 07:35:45.584,0.76449,0.76459,1.00,2.25
2016.10.21 07:35:46.018,0.76449,0.76459,1.00,1.50
2016.10.21 07:35:46.069,0.76449,0.76459,1.50,1.00
2016.10.21 07:35:46.171,0.76449,0.76459,1.50,1.00
2016.10.21 07:35:46.222,0.76449,0.76459,1.50,1.00
2016.10.21 07:35:46.273,0.76449,0.7646,1.50,2.25
2016.10.21 07:35:47.087,0.76449,0.7646,1.50,1.50
2016.10.21 07:35:47.241,0.76449,0.7646,1.50,1.50
2016.10.21 07:35:47.343,0.76449,0.7646,2.25,1.50
2016.10.21 07:35:47.394,0.76449,0.7646,3.00,1.50
2016.10.21 07:35:47.548,0.76449,0.7646,3.00,1.50
2016.10.21 07:35:47.942,0.76449,0.7646,2.62,1.50
2016.10.21 07:35:48.044,0.76449,0.7646,3.00,1.50
2016.10.21 07:35:48.521,0.76449,0.7646,3.75,1.50
2016.10.21 07:35:48.572,0.76449,0.7646,3.00,1.50
2016.10.21 07:35:49.034,0.76449,0.7646,2.62,1.50
2016.10.21 07:35:49.215,0.76449,0.7646,1.87,1.50
2016.10.21 07:35:49.836,0.76449,0.7646,1.87,1.50
2016.10.21 07:35:50.004,0.76449,0.7646,1.12,1.50
2016.10.21 07:35:50.055,0.76449,0.7646,1.50,1.50
2016.10.21 07:35:51.214,0.76451,0.7646,1.50,1.00
2016.10.21 07:35:51.266,0.76451,0.76461,1.50,1.50
2016.10.21 07:35:51.509,0.76451,0.76461,1.50,1.00
2016.10.21 07:35:51.561,0.76451,0.76461,2.25,1.00
2016.10.21 07:35:51.612,0.76451,0.76461,1.50,1.00
2016.10.21 07:35:51.715,0.76451,0.76461,2.25,1.00
2016.10.21 07:35:51.919,0.76451,0.76461,1.50,1.00
2016.10.21 07:35:52.406,0.76451,0.76461,2.25,1.00
2016.10.21 07:35:52.508,0.76451,0.7646,1.50,1.00
2016.10.21 07:35:52.560,0.7645,0.7646,1.87,1.00
2016.10.21 07:35:52.612,0.7645,0.7646,1.00,1.00
2016.10.21 07:35:53.371,0.7645,0.7646,1.00,1.50
2016.10.21 07:35:53.524,0.7645,0.7646,1.00,1.69
2016.10.21 07:35:54.307,0.76449,0.7646,1.50,1.19
2016.10.21 07:35:54.358,0.76449,0.7646,1.12,1.19
2016.10.21 07:35:54.409,0.76449,0.7646,1.12,1.69
2016.10.21 07:35:55.194,0.76449,0.7646,1.12,1.19
2016.10.21 07:35:55.245,0.76449,0.7646,1.87,1.19
2016.10.21 07:35:55.296,0.76449,0.7646,1.87,1.69
2016.10.21 07:35:55.998,0.76449,0.7646,1.87,1.19
2016.10.21 07:35:56.050,0.76449,0.7646,1.12,1.19
2016.10.21 07:35:56.346,0.76449,0.7646,1.12,1.69
2016.10.21 07:35:56.449,0.76449,0.7646,1.87,1.19
2016.10.21 07:35:56.604,0.76449,0.7646,1.12,1.19
2016.10.21 07:35:56.707,0.76449,0.7646,1.87,1.19
2016.10.21 07:35:56.862,0.76449,0.7646,1.12,1.19
2016.10.21 07:35:57.482,0.76449,0.7646,1.12,1.69
2016.10.21 07:35:58.484,0.76449,0.7646,1.12,2.44
2016.10.21 07:35:58.738,0.76449,0.7646,1.12,1.69
2016.10.21 07:35:58.817,0.76449,0.7646,1.12,2.44
2016.10.21 07:35:58.919,0.76449,0.7646,1.12,1.69
2016.10.21 07:35:59.232,0.76449,0.7646,1.12,2.44
2016.10.21 07:35:59.652,0.76449,0.7646,1.12,1.69
2016.10.21 07:35:59.703,0.76449,0.7646,1.12,2.44
2016.10.21 07:35:59.977,0.76449,0.7646,1.12,1.69
2016.10.21 07:36:00.079,0.76449,0.7646,1.12,2.44
2016.10.21 07:36:00.551,0.76449,0.7646,1.12,1.69
2016.10.21 07:36:01.028,0.76449,0.76459,1.12,1.25
2016.10.21 07:36:01.195,0.76449,0.7646,1.12,1.69
2016.10.21 07:36:01.246,0.76449,0.7646,1.12,1.69
2016.10.21 07:36:01.729,0.76449,0.7646,1.12,1.19
2016.10.21 07:36:01.831,0.76449,0.76459,1.12,1.25
2016.10.21 07:36:02.244,0.76449,0.7646,1.12,1.69
2016.10.21 07:36:02.346,0.76449,0.7646,1.12,3.19
2016.10.21 07:36:02.448,0.76449,0.7646,1.12,1.69
2016.10.21 07:36:03.167,0.76449,0.7646,2.62,2.44
2016.10.21 07:36:03.219,0.76449,0.7646,2.62,2.44
2016.10.21 07:36:03.271,0.76449,0.7646,2.62,1.69
2016.10.21 07:36:03.781,0.76449,0.7646,2.62,1.19
2016.10.21 07:36:03.934,0.76449,0.7646,2.62,1.69
2016.10.21 07:36:04.553,0.76449,0.76459,1.12,1.31
2016.10.21 07:36:04.649,0.76448,0.76459,2.62,1.31
2016.10.21 07:36:04.700,0.76448,0.76459,3.75,1.31
2016.10.21 07:36:04.751,0.76449,0.76459,1.12,1.31
2016.10.21 07:36:04.955,0.76449,0.76459,1.12,1.31
2016.10.21 07:36:05.058,0.76449,0.76459,1.12,1.31
2016.10.21 07:36:05.379,0.76449,0.76459,1.12,1.31
2016.10.21 07:36:05.789,0.76448,0.76459,2.25,1.31
2016.10.21 07:36:06.373,0.76448,0.76459,1.50,1.31
2016.10.21 07:36:06.682,0.76448,0.76459,1.50,1.31
2016.10.21 07:36:06.733,0.76448,0.76459,2.25,1.31
2016.10.21 07:36:07.171,0.76448,0.76459,1.50,1.31
2016.10.21 07:36:07.274,0.76448,0.76459,1.37,1.31
2016.10.21 07:36:07.325,0.76448,0.76459,1.37,2.06
2016.10.21 07:36:07.377,0.76447,0.76459,5.62,2.06
2016.10.21 07:36:07.531,0.76447,0.76458,4.87,1.00
2016.10.21 07:36:07.582,0.76447,0.76457,3.37,1.00
2016.10.21 07:36:08.126,0.76447,0.76457,3.75,1.50
2016.10.21 07:36:08.331,0.76447,0.76457,3.37,1.00
2016.10.21 07:36:08.802,0.76447,0.76458,1.37,3.37
2016.10.21 07:36:09.390,0.76447,0.76458,1.87,3.37
2016.10.21 07:36:09.669,0.76447,0.76457,1.87,1.00
2016.10.21 07:36:10.232,0.76447,0.76457,1.37,1.00
2016.10.21 07:36:10.544,0.76447,0.76457,1.50,1.00
2016.10.21 07:36:11.073,0.76447,0.76458,1.50,1.87
2016.10.21 07:36:11.978,0.76447,0.76458,1.50,2.62
2016.10.21 07:36:12.029,0.76447,0.76458,1.37,2.62
2016.10.21 07:36:12.740,0.76447,0.76458,1.50,2.62
2016.10.21 07:36:13.358,0.76447,0.76458,1.50,1.87
2016.10.21 07:36:13.415,0.76447,0.76458,1.50,3.37
2016.10.21 07:36:14.528,0.76447,0.76458,1.50,3.56
2016.10.21 07:36:14.596,0.76446,0.76455,1.87,1.25
2016.10.21 07:36:14.647,0.76445,0.76455,1.12,2.06
2016.10.21 07:36:14.698,0.76444,0.76455,1.87,3.94
2016.10.21 07:36:14.749,0.76444,0.76454,1.50,1.50
2016.10.21 07:36:14.801,0.76443,0.76454,6.37,1.50
2016.10.21 07:36:14.852,0.76443,0.76454,5.62,1.00
2016.10.21 07:36:14.903,0.76443,0.76455,5.62,2.81
2016.10.21 07:36:15.006,0.76443,0.76455,5.62,3.56
2016.10.21 07:36:15.358,0.76443,0.76455,5.25,3.19
2016.10.21 07:36:16.315,0.76444,0.76454,1.00,1.00
2016.10.21 07:36:17.309,0.76444,0.76454,1.00,1.50
2016.10.21 07:36:17.437,0.76444,0.76454,1.00,1.00
2016.10.21 07:36:18.181,0.76442,0.76452,1.50,1.69
2016.10.21 07:36:18.482,0.76441,0.76451,1.12,2.81
2016.10.21 07:36:18.534,0.7644,0.76451,4.87,3.19
2016.10.21 07:36:18.585,0.7644,0.76451,1.50,3.94
2016.10.21 07:36:18.636,0.7644,0.76451,1.37,6.19
2016.10.21 07:36:18.688,0.76438,0.7645,5.62,1.00
2016.10.21 07:36:18.739,0.76438,0.7645,6.37,1.00
2016.10.21 07:36:18.841,0.76438,0.7645,5.62,1.50
2016.10.21 07:36:18.993,0.76438,0.7645,7.50,2.25
2016.10.21 07:36:19.095,0.76438,0.7645,6.00,2.25
2016.10.21 07:36:19.712,0.76438,0.7645,5.25,2.25
2016.10.21 07:36:19.763,0.76438,0.7645,3.37,2.25
2016.10.21 07:36:19.814,0.76438,0.7645,3.37,3.00
2016.10.21 07:36:19.916,0.76439,0.7645,1.50,3.00
2016.10.21 07:36:20.714,0.76439,0.76449,1.50,1.00
2016.10.21 07:36:21.858,0.76439,0.7645,1.50,3.00
2016.10.21 07:36:22.012,0.76439,0.76449,1.50,1.00
2016.10.21 07:36:22.114,0.76439,0.7645,1.50,3.75
2016.10.21 07:36:22.267,0.76439,0.76449,1.50,1.00
2016.10.21 07:36:22.319,0.76439,0.7645,1.50,2.25
2016.10.21 07:36:22.370,0.76439,0.7645,1.50,1.50
2016.10.21 07:36:22.792,0.76439,0.7645,1.50,3.00
2016.10.21 07:36:22.945,0.76439,0.7645,1.50,2.25
2016.10.21 07:36:23.275,0.76439,0.7645,1.87,2.25
2016.10.21 07:36:23.710,0.76439,0.7645,1.87,1.50
2016.10.21 07:36:25.198,0.7644,0.7645,2.62,2.25
2016.10.21 07:36:25.249,0.76443,0.7645,1.00,1.00
2016.10.21 07:36:25.300,0.76441,0.76451,1.12,1.69
2016.10.21 07:36:25.352,0.76441,0.76452,1.87,2.81
2016.10.21 07:36:25.403,0.76441,0.76452,7.50,1.19
2016.10.21 07:36:25.454,0.76442,0.76453,1.12,3.56
2016.10.21 07:36:25.505,0.76442,0.76453,1.37,3.94
2016.10.21 07:36:25.557,0.76442,0.76453,2.25,3.56
2016.10.21 07:36:25.608,0.76442,0.76453,2.62,2.81
2016.10.21 07:36:25.906,0.76442,0.76453,4.87,1.31
2016.10.21 07:36:25.983,0.76442,0.76453,4.50,2.06
2016.10.21 07:36:26.289,0.76442,0.76453,3.37,2.06
2016.10.21 07:36:26.767,0.76442,0.76453,3.00,2.81
2016.10.21 07:36:27.198,0.76442,0.76453,3.00,2.06
2016.10.21 07:36:27.249,0.76442,0.76453,3.00,2.81
2016.10.21 07:36:27.351,0.76442,0.76453,3.00,2.06
2016.10.21 07:36:28.041,0.76442,0.76453,3.00,2.81
2016.10.21 07:36:28.091,0.76442,0.76453,3.00,3.56
2016.10.21 07:36:28.765,0.76442,0.76453,3.00,4.31
2016.10.21 07:36:28.816,0.76442,0.76453,3.00,3.56
2016.10.21 07:36:29.020,0.76442,0.76453,3.00,2.81
2016.10.21 07:36:29.122,0.76442,0.76453,3.00,3.56
2016.10.21 07:36:29.173,0.76442,0.76453,3.00,2.81
2016.10.21 07:36:29.224,0.76442,0.76453,3.00,2.06
2016.10.21 07:36:29.275,0.76442,0.76453,3.00,2.81
2016.10.21 07:36:29.326,0.76442,0.76453,3.00,2.06
2016.10.21 07:36:29.378,0.76442,0.76453,2.62,2.81
2016.10.21 07:36:29.698,0.76442,0.76453,3.00,2.06
2016.10.21 07:36:29.768,0.76442,0.76453,2.25,2.44
2016.10.21 07:36:30.152,0.76442,0.76453,2.25,1.69
2016.10.21 07:36:30.254,0.76442,0.76453,2.25,2.44
2016.10.21 07:36:30.356,0.76442,0.76453,2.25,1.69
2016.10.21 07:36:31.403,0.76445,0.76453,1.50,1.00
2016.10.21 07:36:31.479,0.76446,0.76454,1.87,1.37
2016.10.21 07:36:31.530,0.76446,0.76454,2.62,1.37
2016.10.21 07:36:31.582,0.76446,0.76457,6.75,1.37
2016.10.21 07:36:31.633,0.76446,0.76457,7.12,2.62
2016.10.21 07:36:31.684,0.76447,0.76457,1.00,2.25
2016.10.21 07:36:31.735,0.76447,0.76457,1.00,1.50
2016.10.21 07:36:31.787,0.76446,0.76456,3.75,1.12
2016.10.21 07:36:32.062,0.76446,0.76456,4.12,2.25
2016.10.21 07:36:32.114,0.76445,0.76455,1.37,2.81
2016.10.21 07:36:32.165,0.76444,0.76455,1.87,3.19
2016.10.21 07:36:32.217,0.76444,0.76455,1.87,3.94
2016.10.21 07:36:32.269,0.76444,0.76455,1.37,3.94
2016.10.21 07:36:32.320,0.76444,0.76454,1.37,2.81
2016.10.21 07:36:32.371,0.76444,0.76454,1.37,3.94
2016.10.21 07:36:32.577,0.76444,0.76454,1.37,3.19
2016.10.21 07:36:32.629,0.76444,0.76453,1.37,1.25
2016.10.21 07:36:32.985,0.76442,0.76452,1.50,1.00
2016.10.21 07:36:33.038,0.76442,0.76452,1.50,1.50
2016.10.21 07:36:33.140,0.76441,0.76452,1.75,1.87
2016.10.21 07:36:33.191,0.7644,0.76452,5.62,1.87
2016.10.21 07:36:33.293,0.7644,0.76452,5.62,2.62
2016.10.21 07:36:33.447,0.7644,0.76451,6.37,1.00
2016.10.21 07:36:33.499,0.7644,0.7645,3.75,1.25
2016.10.21 07:36:33.550,0.7644,0.7645,2.25,1.69
2016.10.21 07:36:33.601,0.7644,0.7645,2.25,1.69
2016.10.21 07:36:33.915,0.7644,0.7645,1.00,1.69
2016.10.21 07:36:33.967,0.7644,0.7645,1.00,2.81
2016.10.21 07:36:34.018,0.7644,0.7645,1.00,3.56
2016.10.21 07:36:34.069,0.7644,0.7645,1.00,3.94
2016.10.21 07:36:34.121,0.7644,0.7645,1.00,5.44
2016.10.21 07:36:34.172,0.7644,0.7645,1.00,6.19
2016.10.21 07:36:35.454,0.7644,0.76449,1.00,1.00
2016.10.21 07:36:35.665,0.7644,0.7645,1.00,6.19
2016.10.21 07:36:36.624,0.7644,0.7645,1.00,5.81
2016.10.21 07:36:37.998,0.7644,0.7645,1.00,5.81
2016.10.21 07:36:38.050,0.7644,0.76449,1.00,1.00
2016.10.21 07:36:38.740,0.7644,0.7645,1.00,5.81
2016.10.21 07:36:38.842,0.7644,0.76449,1.00,1.00
2016.10.21 07:36:38.894,0.7644,0.7645,1.00,5.81
2016.10.21 07:36:39.355,0.7644,0.76449,1.00,1.00
2016.10.21 07:36:39.406,0.7644,0.76449,1.00,1.50
2016.10.21 07:36:39.509,0.7644,0.76449,1.00,1.00
2016.10.21 07:36:39.713,0.7644,0.76449,1.00,1.50
2016.10.21 07:36:40.160,0.7644,0.7645,1.00,3.56
2016.10.21 07:36:40.416,0.7644,0.7645,1.00,3.56
2016.10.21 07:36:40.620,0.7644,0.7645,1.00,3.56
2016.10.21 07:36:41.567,0.7644,0.7645,1.00,4.31
2016.10.21 07:36:41.829,0.7644,0.7645,1.00,4.31
2016.10.21 07:36:41.931,0.7644,0.7645,1.00,3.56
2016.10.21 07:36:42.034,0.7644,0.7645,1.00,3.94
2016.10.21 07:36:42.457,0.7644,0.7645,1.00,3.94
2016.10.21 07:36:42.610,0.7644,0.7645,1.00,3.94
2016.10.21 07:36:42.674,0.7644,0.7645,1.00,4.69
2016.10.21 07:36:43.514,0.7644,0.7645,1.00,3.94
2016.10.21 07:36:43.617,0.7644,0.7645,1.00,3.94
2016.10.21 07:36:43.821,0.7644,0.7645,1.00,3.94
2016.10.21 07:36:44.248,0.7644,0.76449,1.00,1.00
2016.10.21 07:36:44.351,0.76438,0.7645,4.50,3.94
2016.10.21 07:36:44.759,0.76438,0.7645,4.50,3.94
2016.10.21 07:36:45.112,0.76438,0.76449,5.25,1.00
2016.10.21 07:36:45.164,0.76438,0.76449,5.25,1.00
2016.10.21 07:36:45.324,0.76438,0.76449,4.50,1.00
2016.10.21 07:36:45.401,0.76438,0.7645,3.75,5.81
2016.10.21 07:36:45.452,0.76438,0.7645,3.75,6.56
2016.10.21 07:36:45.503,0.76438,0.7645,3.75,6.19
2016.10.21 07:36:45.775,0.76438,0.7645,3.75,5.81
2016.10.21 07:36:45.827,0.76438,0.76448,3.00,1.00
2016.10.21 07:36:45.896,0.76438,0.76448,2.25,1.12
2016.10.21 07:36:45.965,0.76437,0.76448,3.00,2.62
2016.10.21 07:36:46.017,0.76436,0.76447,3.37,3.00
2016.10.21 07:36:46.069,0.76436,0.76447,2.25,4.69
2016.10.21 07:36:46.380,0.76435,0.76445,2.62,1.00
2016.10.21 07:36:46.432,0.76435,0.76445,1.87,1.00
2016.10.21 07:36:46.535,0.76435,0.76446,1.87,3.94
2016.10.21 07:36:46.946,0.76434,0.76446,2.62,3.19
2016.10.21 07:36:47.100,0.76434,0.76446,3.00,3.19
2016.10.21 07:36:47.479,0.76434,0.76446,5.25,3.19
2016.10.21 07:36:47.530,0.76434,0.76446,7.50,3.19
2016.10.21 07:36:47.581,0.76435,0.76446,1.12,2.81
2016.10.21 07:36:47.632,0.76435,0.76446,1.12,4.31
2016.10.21 07:36:47.734,0.76435,0.76446,1.87,4.31
2016.10.21 07:36:47.938,0.76435,0.76446,1.87,3.56
2016.10.21 07:36:48.091,0.76435,0.76446,1.87,5.06
2016.10.21 07:36:48.142,0.76435,0.76442,1.12,1.50
2016.10.21 07:36:48.432,0.76435,0.76442,1.00,1.50
2016.10.21 07:36:48.484,0.76432,0.76442,2.25,2.62
2016.10.21 07:36:48.536,0.76431,0.76442,1.50,3.00
2016.10.21 07:36:48.740,0.76431,0.76442,1.50,2.25
2016.10.21 07:36:48.842,0.76431,0.76442,1.50,2.25
2016.10.21 07:36:49.476,0.76432,0.76442,1.37,1.50
2016.10.21 07:36:49.527,0.76432,0.76442,1.37,1.50
2016.10.21 07:36:50.605,0.76432,0.76442,1.37,1.50
2016.10.21 07:36:50.695,0.76435,0.76446,3.90,1.19
2016.10.21 07:36:50.747,0.76435,0.76447,3.37,4.69
2016.10.21 07:36:50.799,0.76435,0.76446,3.90,1.19
2016.10.21 07:36:50.959,0.76436,0.76447,1.00,4.31
2016.10.21 07:36:51.011,0.76436,0.76447,1.12,4.69
2016.10.21 07:36:51.303,0.76437,0.76447,1.50,1.69
2016.10.21 07:36:51.356,0.76437,0.76447,3.00,2.44
2016.10.21 07:36:51.960,0.76437,0.76447,3.00,1.69
2016.10.21 07:36:52.286,0.76437,0.76446,2.25,1.19
2016.10.21 07:36:52.338,0.76436,0.76447,3.75,1.69
2016.10.21 07:36:52.390,0.76437,0.76447,1.37,1.87
2016.10.21 07:36:52.441,0.76436,0.76447,3.00,1.87
2016.10.21 07:36:52.493,0.76437,0.76447,1.50,1.12
2016.10.21 07:36:52.544,0.76436,0.76447,3.00,1.12
2016.10.21 07:36:52.596,0.76436,0.76447,2.62,1.87
2016.10.21 07:36:52.648,0.76436,0.76447,2.62,1.87
2016.10.21 07:36:52.967,0.76436,0.76447,2.62,1.87
2016.10.21 07:36:53.020,0.76436,0.76446,2.62,1.00
2016.10.21 07:36:53.071,0.76436,0.76446,2.62,1.00
2016.10.21 07:36:53.337,0.76436,0.76447,2.62,1.12
2016.10.21 07:36:53.388,0.76436,0.76447,3.37,1.87
2016.10.21 07:36:53.439,0.76436,0.76447,3.37,2.62
2016.10.21 07:36:53.810,0.76436,0.76446,2.77,1.50
2016.10.21 07:36:53.862,0.76436,0.76446,1.87,1.00
2016.10.21 07:36:53.913,0.76436,0.76446,1.50,1.00
2016.10.21 07:36:54.066,0.76436,0.76446,1.50,1.00
2016.10.21 07:36:54.697,0.76436,0.76445,1.50,1.00
2016.10.21 07:36:56.792,0.76436,0.76446,1.50,1.00
2016.10.21 07:36:56.843,0.76437,0.76446,1.12,1.00
2016.10.21 07:36:56.894,0.76436,0.76447,6.00,1.00
2016.10.21 07:36:56.945,0.76437,0.76448,1.87,2.06
2016.10.21 07:36:56.996,0.76438,0.76448,1.37,2.44
2016.10.21 07:36:57.048,0.76438,0.76449,1.50,3.19
2016.10.21 07:36:57.099,0.76438,0.76448,1.87,1.25
2016.10.21 07:36:57.150,0.76438,0.76449,1.50,1.69
2016.10.21 07:36:57.478,0.76439,0.76449,1.00,1.69
2016.10.21 07:36:57.836,0.76439,0.76449,2.25,1.19
2016.10.21 07:36:58.498,0.76439,0.7645,2.25,3.56
2016.10.21 07:36:58.931,0.76439,0.7645,2.25,3.94
2016.10.21 07:36:59.787,0.76439,0.76449,1.00,1.19
2016.10.21 07:36:59.839,0.76439,0.76449,1.00,1.69
2016.10.21 07:37:00.199,0.76439,0.76449,1.87,2.44
2016.10.21 07:37:00.250,0.76439,0.76449,1.87,1.69
2016.10.21 07:37:00.771,0.76439,0.76449,1.87,1.19
2016.10.21 07:37:02.087,0.76439,0.76449,1.50,1.19
2016.10.21 07:37:02.189,0.76439,0.76449,3.00,1.19
2016.10.21 07:37:03.161,0.76439,0.76449,3.37,1.19
2016.10.21 07:37:04.915,0.76439,0.76449,3.00,1.19
2016.10.21 07:37:07.432,0.76439,0.76448,2.25,1.69
2016.10.21 07:37:07.483,0.76439,0.76448,1.00,3.19
2016.10.21 07:37:07.535,0.76439,0.76447,1.00,1.50
2016.10.21 07:37:07.586,0.76438,0.76447,1.37,2.25
2016.10.21 07:37:07.637,0.76437,0.76447,2.25,2.25
2016.10.21 07:37:07.688,0.76437,0.76447,1.87,2.62
2016.10.21 07:37:07.739,0.76437,0.76447,1.50,3.00
2016.10.21 07:37:08.414,0.76437,0.76447,1.50,3.00
2016.10.21 07:37:08.469,0.76436,0.76447,1.00,2.25
2016.10.21 07:37:08.521,0.76436,0.76446,1.87,1.12
2016.10.21 07:37:08.675,0.76436,0.76446,2.62,1.12
2016.10.21 07:37:09.415,0.76436,0.76447,1.50,3.00
2016.10.21 07:37:09.477,0.76436,0.76447,1.50,3.00
2016.10.21 07:37:09.601,0.76436,0.76447,1.87,2.62
2016.10.21 07:37:09.652,0.76436,0.76447,3.00,2.62
2016.10.21 07:37:09.703,0.76437,0.76447,1.87,1.87
2016.10.21 07:37:09.754,0.76437,0.76447,2.25,1.87
2016.10.21 07:37:10.133,0.76437,0.76448,2.25,5.06
2016.10.21 07:37:10.389,0.76437,0.76447,2.25,1.62
2016.10.21 07:37:10.441,0.76437,0.76444,2.25,1.00
2016.10.21 07:37:10.791,0.76433,0.76442,1.50,1.31
2016.10.21 07:37:10.845,0.76432,0.76442,2.62,1.25
2016.10.21 07:37:11.102,0.76432,0.76443,3.37,2.44
2016.10.21 07:37:11.419,0.76432,0.76443,3.75,2.81
2016.10.21 07:37:11.472,0.76432,0.76443,3.75,3.56
2016.10.21 07:37:11.626,0.76432,0.76443,3.75,4.31
2016.10.21 07:37:11.677,0.76432,0.76443,2.25,2.81
2016.10.21 07:37:11.729,0.76432,0.76443,1.87,2.81
2016.10.21 07:37:11.782,0.76432,0.76443,1.87,2.06
2016.10.21 07:37:13.250,0.76432,0.76443,1.87,2.06
2016.10.21 07:37:13.301,0.76432,0.76443,1.12,2.81
2016.10.21 07:37:13.896,0.76432,0.76443,1.12,2.06
2016.10.21 07:37:14.050,0.76432,0.76443,1.00,2.06
2016.10.21 07:37:14.101,0.76432,0.76443,1.00,1.31
2016.10.21 07:37:16.725,0.76432,0.76443,1.00,2.06
2016.10.21 07:37:17.137,0.76433,0.76443,2.62,1.19
2016.10.21 07:37:17.188,0.76433,0.76443,1.50,1.19
2016.10.21 07:37:17.239,0.76433,0.76443,1.87,1.69
2016.10.21 07:37:17.341,0.76432,0.76443,3.75,2.44
2016.10.21 07:37:17.443,0.76432,0.76443,3.75,1.69
2016.10.21 07:37:18.324,0.76432,0.76443,4.50,1.69
2016.10.21 07:37:18.790,0.76433,0.76443,1.00,1.69
2016.10.21 07:37:18.841,0.76433,0.76443,1.12,1.19
2016.10.21 07:37:19.133,0.76433,0.76443,2.81,1.19
2016.10.21 07:37:19.407,0.76433,0.76444,3.94,3.94
2016.10.21 07:37:19.460,0.76434,0.76444,1.31,3.94
2016.10.21 07:37:19.511,0.76434,0.76444,1.12,2.44
2016.10.21 07:37:19.563,0.76434,0.76444,2.81,3.19
2016.10.21 07:37:19.615,0.76434,0.76444,1.12,2.44
2016.10.21 07:37:19.666,0.76434,0.76444,3.75,1.00
2016.10.21 07:37:19.718,0.76435,0.76445,1.50,1.12
2016.10.21 07:37:19.769,0.76436,0.76446,3.60,2.81
2016.10.21 07:37:19.823,0.76437,0.76446,1.87,1.62
2016.10.21 07:37:19.875,0.76438,0.76448,1.00,6.56
2016.10.21 07:37:19.926,0.76438,0.76448,1.12,6.56
2016.10.21 07:37:20.213,0.76438,0.76448,1.50,4.69
2016.10.21 07:37:20.264,0.76438,0.76447,1.50,1.19
2016.10.21 07:37:20.366,0.76438,0.76448,1.50,4.69
2016.10.21 07:37:20.417,0.76438,0.76448,1.50,2.44
2016.10.21 07:37:20.468,0.76438,0.76447,1.50,1.19
2016.10.21 07:37:20.520,0.76438,0.76448,1.50,3.19
2016.10.21 07:37:20.571,0.76438,0.76448,1.50,4.08
2016.10.21 07:37:20.623,0.76438,0.76448,1.50,3.33
2016.10.21 07:37:20.675,0.76438,0.76448,1.50,4.08
2016.10.21 07:37:20.777,0.76438,0.76448,1.50,3.33
2016.10.21 07:37:20.880,0.76438,0.76448,1.50,2.44
2016.10.21 07:37:21.245,0.76438,0.76448,1.50,3.33
2016.10.21 07:37:21.307,0.76438,0.76448,1.50,3.19
2016.10.21 07:37:21.511,0.76438,0.76448,1.50,1.69
2016.10.21 07:37:21.664,0.76438,0.76448,1.50,2.44
2016.10.21 07:37:21.715,0.76438,0.76448,1.50,1.69
2016.10.21 07:37:21.767,0.76438,0.76448,1.50,2.44
2016.10.21 07:37:21.818,0.76438,0.76448,1.50,1.69
2016.10.21 07:37:22.144,0.76438,0.76448,1.50,3.19
2016.10.21 07:37:22.195,0.76438,0.76448,1.50,2.44
2016.10.21 07:37:22.297,0.76438,0.76448,1.50,1.69
2016.10.21 07:37:22.348,0.76438,0.76448,1.50,2.44
2016.10.21 07:37:22.399,0.76438,0.76448,1.50,3.33
2016.10.21 07:37:22.654,0.76438,0.76448,1.50,2.58
2016.10.21 07:37:23.534,0.76438,0.76449,1.87,1.25
2016.10.21 07:37:23.585,0.76439,0.76449,1.50,1.25
2016.10.21 07:37:23.636,0.76439,0.76449,1.50,1.25
2016.10.21 07:37:23.687,0.76438,0.76449,4.87,1.69
2016.10.21 07:37:23.941,0.76438,0.76449,4.12,1.69
2016.10.21 07:37:23.992,0.76438,0.76449,4.12,1.83
2016.10.21 07:37:24.094,0.76438,0.76449,4.87,1.25
2016.10.21 07:37:24.145,0.7644,0.7645,1.00,3.70
2016.10.21 07:37:24.195,0.7644,0.7645,1.50,3.56
2016.10.21 07:37:24.246,0.7644,0.7645,1.50,2.81
2016.10.21 07:37:24.297,0.7644,0.7645,1.00,2.62
2016.10.21 07:37:25.126,0.7644,0.7645,1.50,2.81
2016.10.21 07:37:25.176,0.7644,0.7645,1.50,2.06
2016.10.21 07:37:25.482,0.7644,0.7645,1.00,1.87
2016.10.21 07:37:25.918,0.7644,0.7645,1.00,2.02
2016.10.21 07:37:26.216,0.76439,0.7645,2.62,2.62
2016.10.21 07:37:26.286,0.7644,0.76451,1.12,4.50
2016.10.21 07:37:26.338,0.7644,0.7645,1.12,1.00
2016.10.21 07:37:26.493,0.76439,0.7645,4.12,1.00
2016.10.21 07:37:26.596,0.76439,0.76451,4.12,3.75
2016.10.21 07:37:27.469,0.76439,0.76451,4.87,3.75
2016.10.21 07:37:27.525,0.7644,0.76451,1.12,4.50
2016.10.21 07:37:27.576,0.76439,0.76451,4.87,4.12
2016.10.21 07:37:27.628,0.76439,0.76451,4.87,4.12
2016.10.21 07:37:28.038,0.7644,0.7645,1.12,1.00
2016.10.21 07:37:28.419,0.76439,0.7645,4.87,1.00
2016.10.21 07:37:29.741,0.76439,0.76451,4.87,3.00
2016.10.21 07:37:30.729,0.76439,0.76451,4.87,3.75
2016.10.21 07:37:31.087,0.7644,0.76451,1.12,3.75
2016.10.21 07:37:32.301,0.76439,0.76451,4.87,3.75
2016.10.21 07:37:33.485,0.7644,0.76451,1.12,3.75
2016.10.21 07:37:33.799,0.76439,0.7645,4.12,1.00
2016.10.21 07:37:33.850,0.76439,0.7645,4.87,1.00
2016.10.21 07:37:33.901,0.76439,0.7645,4.87,1.12
2016.10.21 07:37:34.105,0.76439,0.7645,5.25,1.00
2016.10.21 07:37:34.432,0.76439,0.7645,4.50,1.00
2016.10.21 07:37:34.483,0.76439,0.7645,5.25,1.00
2016.10.21 07:37:34.535,0.76439,0.7645,4.87,1.00
2016.10.21 07:37:34.587,0.76439,0.7645,5.62,1.00
2016.10.21 07:37:34.912,0.76439,0.76451,5.62,4.50
2016.10.21 07:37:34.963,0.76439,0.76451,4.12,4.12
2016.10.21 07:37:35.014,0.76439,0.76451,4.12,3.37
2016.10.21 07:37:35.176,0.7644,0.76451,1.00,3.37
2016.10.21 07:37:35.227,0.76439,0.76451,4.12,3.37
2016.10.21 07:37:35.330,0.7644,0.76451,1.00,3.37
2016.10.21 07:37:36.468,0.76439,0.76451,2.62,3.37
2016.10.21 07:37:36.531,0.76439,0.76451,2.62,4.12
2016.10.21 07:37:36.582,0.76439,0.76451,2.62,4.50
2016.10.21 07:37:36.684,0.76439,0.76451,2.62,4.12
2016.10.21 07:37:38.688,0.76439,0.76449,2.62,1.00
2016.10.21 07:37:38.741,0.76439,0.76449,2.62,1.50
2016.10.21 07:37:40.964,0.76439,0.7645,2.62,1.50
2016.10.21 07:37:41.325,0.76439,0.7645,2.25,1.50
2016.10.21 07:37:41.529,0.76439,0.7645,2.25,1.00
2016.10.21 07:37:41.630,0.76439,0.7645,2.25,2.25
2016.10.21 07:37:41.877,0.76439,0.7645,2.25,1.50
2016.10.21 07:37:42.452,0.76439,0.7645,2.25,2.25
2016.10.21 07:37:42.503,0.76439,0.7645,2.25,1.50
2016.10.21 07:37:43.380,0.76439,0.7645,3.00,1.50
2016.10.21 07:37:43.431,0.76439,0.7645,2.25,1.50
2016.10.21 07:37:43.482,0.76439,0.7645,3.75,1.00
2016.10.21 07:37:43.805,0.76441,0.7645,1.00,1.00
2016.10.21 07:37:43.857,0.76441,0.7645,1.50,1.00
2016.10.21 07:37:43.908,0.76441,0.76451,1.75,1.50
2016.10.21 07:37:43.959,0.76441,0.76451,2.62,1.50
2016.10.21 07:37:44.010,0.76441,0.76451,1.50,1.50
2016.10.21 07:37:44.061,0.76441,0.76451,2.25,1.50
2016.10.21 07:37:44.112,0.76441,0.76451,1.50,1.50
2016.10.21 07:37:44.316,0.76441,0.76451,1.50,1.87
2016.10.21 07:37:45.064,0.76442,0.76451,1.00,1.12
2016.10.21 07:37:46.104,0.76441,0.76451,1.50,1.12
2016.10.21 07:37:46.207,0.76441,0.76451,1.00,1.12
2016.10.21 07:37:46.309,0.76441,0.76451,1.00,1.87
2016.10.21 07:37:46.360,0.7644,0.76451,3.00,1.87
2016.10.21 07:37:46.581,0.7644,0.7645,3.00,1.00
2016.10.21 07:37:46.836,0.7644,0.76451,3.00,1.12
2016.10.21 07:37:46.939,0.7644,0.76451,3.00,1.87
2016.10.21 07:37:47.761,0.7644,0.76451,3.00,1.12
2016.10.21 07:37:47.966,0.7644,0.76451,3.00,1.87
2016.10.21 07:37:48.175,0.7644,0.76451,3.00,1.12
2016.10.21 07:37:48.278,0.7644,0.76451,3.00,1.87
2016.10.21 07:37:48.677,0.7644,0.76451,1.50,2.02
2016.10.21 07:37:48.728,0.7644,0.76451,2.25,2.20
2016.10.21 07:37:48.850,0.7644,0.76449,2.25,1.00
2016.10.21 07:37:49.054,0.7644,0.76449,2.25,1.00
2016.10.21 07:37:49.446,0.7644,0.76449,2.25,1.00
2016.10.21 07:37:49.498,0.7644,0.76449,1.50,1.00
2016.10.21 07:37:49.549,0.76439,0.76448,6.00,1.00
2016.10.21 07:37:49.965,0.76439,0.76449,3.00,2.25
2016.10.21 07:37:50.019,0.76438,0.76447,4.50,1.00
2016.10.21 07:37:50.335,0.76438,0.76446,1.50,1.87
2016.10.21 07:37:50.388,0.76436,0.76447,1.50,5.02
2016.10.21 07:37:50.439,0.76436,0.76447,2.25,5.44
2016.10.21 07:37:50.491,0.76436,0.76447,2.25,5.06
2016.10.21 07:37:50.542,0.76437,0.76447,2.25,1.50
2016.10.21 07:37:50.593,0.76438,0.76447,1.00,1.00
2016.10.21 07:37:50.746,0.76438,0.76448,1.37,2.25
2016.10.21 07:37:51.077,0.76439,0.76449,3.00,1.00
2016.10.21 07:37:51.136,0.76439,0.7645,3.00,2.62
2016.10.21 07:37:51.187,0.7644,0.7645,1.12,2.25
2016.10.21 07:37:51.239,0.76439,0.7645,3.37,1.50
2016.10.21 07:37:51.443,0.7644,0.7645,1.00,1.12
2016.10.21 07:37:51.797,0.7644,0.7645,1.50,1.87
2016.10.21 07:37:51.848,0.7644,0.76449,1.00,1.00
2016.10.21 07:37:51.899,0.7644,0.76447,1.00,1.00
2016.10.21 07:37:52.002,0.76438,0.76447,7.87,1.00
2016.10.21 07:37:52.053,0.76438,0.76447,7.12,1.00
2016.10.21 07:37:52.700,0.76438,0.76447,2.62,1.00
2016.10.21 07:37:52.764,0.76438,0.76448,2.62,1.00
2016.10.21 07:37:52.866,0.76438,0.76447,3.37,1.00
2016.10.21 07:37:52.918,0.76438,0.76447,4.12,1.00
2016.10.21 07:37:52.969,0.76438,0.76447,3.75,1.00
2016.10.21 07:37:53.071,0.76438,0.76447,3.37,1.00
2016.10.21 07:37:53.511,0.76438,0.76447,3.37,1.25
2016.10.21 07:37:53.566,0.76436,0.76445,1.00,4.12
2016.10.21 07:37:53.618,0.76436,0.76445,2.55,4.12
2016.10.21 07:37:53.669,0.76437,0.76447,1.12,4.87
2016.10.21 07:37:53.722,0.76437,0.76447,1.12,3.37
2016.10.21 07:37:53.774,0.76438,0.76448,1.00,4.87
2016.10.21 07:37:53.825,0.76438,0.76448,1.50,3.75
2016.10.21 07:37:53.877,0.76438,0.76447,1.50,1.00
2016.10.21 07:37:53.979,0.76438,0.76448,1.50,4.12
2016.10.21 07:37:54.030,0.76438,0.76448,1.12,3.37
2016.10.21 07:37:54.309,0.76438,0.76448,1.12,1.12
2016.10.21 07:37:54.361,0.76438,0.76447,1.37,1.00
2016.10.21 07:37:54.412,0.76438,0.76447,1.75,1.00
2016.10.21 07:37:54.463,0.76438,0.76448,2.25,1.00
2016.10.21 07:37:54.566,0.76438,0.76448,2.25,1.00
2016.10.21 07:37:54.821,0.76439,0.76449,1.50,1.00
2016.10.21 07:37:54.872,0.76439,0.76449,2.25,1.00
2016.10.21 07:37:54.923,0.76439,0.76449,2.62,1.50
2016.10.21 07:37:55.278,0.76439,0.76449,3.37,1.00
2016.10.21 07:37:55.381,0.76439,0.76449,3.37,1.50
2016.10.21 07:37:55.483,0.76439,0.76449,3.37,1.00
2016.10.21 07:37:55.534,0.76439,0.76449,2.62,1.00
2016.10.21 07:37:57.739,0.76439,0.76449,2.62,1.50
2016.10.21 07:37:57.840,0.76439,0.76449,2.62,1.00
2016.10.21 07:37:58.931,0.76439,0.76449,3.37,1.00
2016.10.21 07:38:00.241,0.76439,0.76449,2.62,1.00
2016.10.21 07:38:00.902,0.76439,0.76449,3.37,1.00
2016.10.21 07:38:01.789,0.76439,0.76449,3.75,1.00
2016.10.21 07:38:02.044,0.76439,0.7645,3.75,2.06
2016.10.21 07:38:02.764,0.76439,0.7645,3.00,2.06
2016.10.21 07:38:05.266,0.76439,0.7645,3.00,2.81
2016.10.21 07:38:08.786,0.76439,0.7645,3.75,3.56
2016.10.21 07:38:09.084,0.76439,0.76449,1.37,3.37
2016.10.21 07:38:09.135,0.76438,0.76448,3.00,1.00
2016.10.21 07:38:09.288,0.76438,0.76449,3.00,1.12
2016.10.21 07:38:09.390,0.76438,0.7645,3.00,3.19
2016.10.21 07:38:09.441,0.76438,0.7645,3.00,3.94
2016.10.21 07:38:09.492,0.76438,0.7645,2.25,3.94
2016.10.21 07:38:09.551,0.76439,0.76449,1.00,1.00
2016.10.21 07:38:09.602,0.76439,0.76449,1.12,1.00
2016.10.21 07:38:09.653,0.76439,0.7645,1.12,2.81
2016.10.21 07:38:09.705,0.76439,0.7645,1.12,2.81
2016.10.21 07:38:10.301,0.76439,0.7645,1.12,2.06
2016.10.21 07:38:11.079,0.76439,0.7645,1.87,2.06
2016.10.21 07:38:11.456,0.76439,0.7645,1.12,2.81
2016.10.21 07:38:11.507,0.76439,0.7645,1.12,3.56
2016.10.21 07:38:12.748,0.76439,0.7645,1.12,3.19
2016.10.21 07:38:13.381,0.76439,0.7645,1.12,3.56
2016.10.21 07:38:14.164,0.76439,0.7645,2.25,2.44
2016.10.21 07:38:14.215,0.76439,0.7645,2.25,2.06
2016.10.21 07:38:16.114,0.76439,0.7645,2.25,2.81
2016.10.21 07:38:16.781,0.76439,0.7645,1.50,2.44
2016.10.21 07:38:17.777,0.76439,0.7645,1.50,1.69
2016.10.21 07:38:17.879,0.76439,0.7645,1.50,2.44
2016.10.21 07:38:17.931,0.76439,0.7645,1.50,1.25
2016.10.21 07:38:17.982,0.76439,0.7645,1.50,2.44
2016.10.21 07:38:18.034,0.76439,0.7645,1.50,1.69
2016.10.21 07:38:18.240,0.76439,0.7645,1.87,1.69
2016.10.21 07:38:18.291,0.76439,0.7645,2.62,1.69
2016.10.21 07:38:18.393,0.76439,0.7645,3.00,1.69
2016.10.21 07:38:18.691,0.76439,0.7645,3.00,2.44
2016.10.21 07:38:18.896,0.76439,0.7645,3.00,1.69
2016.10.21 07:38:18.998,0.76439,0.7645,3.75,1.25
2016.10.21 07:38:19.431,0.76439,0.7645,4.50,1.25
2016.10.21 07:38:19.634,0.76439,0.7645,3.75,1.25
2016.10.21 07:38:19.685,0.76439,0.7645,4.50,1.25
2016.10.21 07:38:19.736,0.76439,0.7645,3.75,1.25
2016.10.21 07:38:20.331,0.76439,0.7645,4.12,1.25
2016.10.21 07:38:20.433,0.76439,0.7645,3.37,1.25
2016.10.21 07:38:20.738,0.76439,0.7645,3.75,1.25
2016.10.21 07:38:20.789,0.76439,0.7645,4.50,1.69
2016.10.21 07:38:20.943,0.76439,0.7645,4.50,1.25
2016.10.21 07:38:21.476,0.76439,0.7645,3.75,1.25
2016.10.21 07:38:21.829,0.76439,0.7645,3.37,1.25
2016.10.21 07:38:21.881,0.76439,0.7645,2.62,1.25
2016.10.21 07:38:22.035,0.76439,0.7645,3.37,1.25
2016.10.21 07:38:24.094,0.76439,0.7645,3.37,1.69
2016.10.21 07:38:24.202,0.76439,0.7645,3.37,1.25
2016.10.21 07:38:24.304,0.76439,0.7645,3.37,1.69
2016.10.21 07:38:24.864,0.76439,0.7645,3.37,1.25
2016.10.21 07:38:25.171,0.76439,0.7645,3.37,1.69
2016.10.21 07:38:25.552,0.76439,0.76449,3.37,1.00
2016.10.21 07:38:25.756,0.76446,0.7645,1.00,1.00
2016.10.21 07:38:25.808,0.76446,0.76451,1.00,2.62
2016.10.21 07:38:25.859,0.76444,0.76454,1.12,4.50
2016.10.21 07:38:25.910,0.76444,0.76454,1.50,4.12
2016.10.21 07:38:25.961,0.76443,0.76451,1.37,1.00
2016.10.21 07:38:26.012,0.76442,0.76451,1.87,1.87
2016.10.21 07:38:26.338,0.76441,0.7645,4.12,1.37
2016.10.21 07:38:26.389,0.7644,0.7645,1.87,1.87
2016.10.21 07:38:26.543,0.7644,0.7645,2.25,1.00
2016.10.21 07:38:27.286,0.7644,0.7645,1.50,1.00
2016.10.21 07:38:27.337,0.7644,0.76451,1.50,1.87
2016.10.21 07:38:28.081,0.7644,0.76451,2.25,3.37
2016.10.21 07:38:28.132,0.76446,0.76451,1.00,1.12
2016.10.21 07:38:28.716,0.76448,0.76452,1.50,2.25
2016.10.21 07:38:28.768,0.76449,0.76459,1.00,3.00
2016.10.21 07:38:28.820,0.76449,0.76459,1.00,3.00
2016.10.21 07:38:29.025,0.76449,0.76459,1.00,3.00
2016.10.21 07:38:29.382,0.76449,0.76458,1.00,1.00
2016.10.21 07:38:29.433,0.76448,0.76456,1.37,4.05
2016.10.21 07:38:29.753,0.76447,0.76455,1.50,1.12
2016.10.21 07:38:29.820,0.76444,0.76455,2.25,2.77
2016.10.21 07:38:29.871,0.76444,0.76455,2.25,2.02
2016.10.21 07:38:29.973,0.76444,0.76455,2.62,2.02
2016.10.21 07:38:30.024,0.76444,0.76455,3.00,2.02
2016.10.21 07:38:30.128,0.76444,0.76455,3.00,2.77
2016.10.21 07:38:30.231,0.76444,0.76455,3.00,2.02
2016.10.21 07:38:30.436,0.76444,0.76454,3.00,1.50
2016.10.21 07:38:30.810,0.76443,0.76455,3.00,3.75
2016.10.21 07:38:30.861,0.76443,0.76454,3.75,2.62
2016.10.21 07:38:31.016,0.76443,0.76454,4.50,2.62
2016.10.21 07:38:31.120,0.76444,0.76454,1.00,2.62
2016.10.21 07:38:31.274,0.76444,0.76454,1.00,2.25
2016.10.21 07:38:31.671,0.76444,0.76455,1.00,1.87
2016.10.21 07:38:31.776,0.76444,0.76455,1.00,1.75
2016.10.21 07:38:31.929,0.76444,0.76455,1.50,1.75
2016.10.21 07:38:32.720,0.76444,0.76455,1.50,2.25
2016.10.21 07:38:32.944,0.76444,0.76455,1.50,1.75
2016.10.21 07:38:33.568,0.76444,0.76455,1.00,1.75
2016.10.21 07:38:34.112,0.76447,0.76455,1.00,1.12
2016.10.21 07:38:34.163,0.76447,0.76455,1.12,1.12
2016.10.21 07:38:34.214,0.76447,0.76456,1.12,1.37
2016.10.21 07:38:34.316,0.76447,0.76456,1.87,1.37
2016.10.21 07:38:34.418,0.76447,0.76458,1.87,3.75
2016.10.21 07:38:34.532,0.76447,0.76458,1.87,1.87
2016.10.21 07:38:34.736,0.76447,0.76458,1.87,1.50
2016.10.21 07:38:34.838,0.76447,0.76458,2.62,2.25
2016.10.21 07:38:35.141,0.76449,0.76458,1.12,1.00
2016.10.21 07:38:35.206,0.76449,0.76458,1.12,1.00
2016.10.21 07:38:35.359,0.76449,0.76459,1.12,3.00
2016.10.21 07:38:35.411,0.76449,0.76459,1.12,1.87
2016.10.21 07:38:35.462,0.76449,0.76459,1.50,1.12
2016.10.21 07:38:35.513,0.76449,0.76458,3.37,1.00
2016.10.21 07:38:35.565,0.7645,0.76458,1.31,1.00
2016.10.21 07:38:35.618,0.76453,0.76461,1.00,1.87
2016.10.21 07:38:35.669,0.76454,0.76463,1.00,4.87
2016.10.21 07:38:35.720,0.76453,0.76463,1.50,1.87
2016.10.21 07:38:36.058,0.76453,0.76463,1.87,1.87
2016.10.21 07:38:36.121,0.76453,0.76463,2.25,1.50
2016.10.21 07:38:36.484,0.76453,0.76463,3.00,1.50
2016.10.21 07:38:36.638,0.76453,0.76464,3.00,1.50
2016.10.21 07:38:37.402,0.76453,0.76464,2.25,2.25
2016.10.21 07:38:37.460,0.76453,0.76464,2.25,3.94
2016.10.21 07:38:37.601,0.76453,0.76464,2.25,2.25
2016.10.21 07:38:37.652,0.76453,0.76464,3.37,2.25
2016.10.21 07:38:37.755,0.76453,0.76464,3.37,3.00
2016.10.21 07:38:37.858,0.76453,0.76464,3.37,2.25
2016.10.21 07:38:37.962,0.76455,0.76464,1.46,2.25
2016.10.21 07:38:38.016,0.76456,0.76464,3.00,1.50
2016.10.21 07:38:38.297,0.76459,0.76464,1.00,1.50
2016.10.21 07:38:38.349,0.76459,0.76469,1.12,1.50
2016.10.21 07:38:38.401,0.76459,0.76468,1.12,1.00
2016.10.21 07:38:38.452,0.76459,0.76468,3.00,1.00
2016.10.21 07:38:38.556,0.76459,0.76468,4.12,1.00
2016.10.21 07:38:38.608,0.7646,0.7647,1.00,2.25
2016.10.21 07:38:38.660,0.7646,0.7647,1.00,2.25
2016.10.21 07:38:38.711,0.7646,0.7647,1.50,1.50
2016.10.21 07:38:38.763,0.76461,0.7647,1.87,1.50
2016.10.21 07:38:38.814,0.76461,0.7647,2.25,1.50
2016.10.21 07:38:38.865,0.76461,0.7647,2.25,1.50
2016.10.21 07:38:39.256,0.76462,0.76472,1.12,1.50
2016.10.21 07:38:39.409,0.76462,0.76472,1.12,1.50
2016.10.21 07:38:39.460,0.76461,0.76472,1.87,2.25
2016.10.21 07:38:39.511,0.76461,0.76472,1.87,4.31
2016.10.21 07:38:39.613,0.76461,0.76472,1.87,1.50
2016.10.21 07:38:39.715,0.76461,0.76472,1.87,3.56
2016.10.21 07:38:39.817,0.76461,0.76472,2.62,2.81
2016.10.21 07:38:39.868,0.76461,0.76472,1.87,1.50
2016.10.21 07:38:40.153,0.76461,0.76472,1.87,1.69
2016.10.21 07:38:40.208,0.76461,0.76472,2.62,2.25
2016.10.21 07:38:40.259,0.76461,0.76472,1.87,1.25
2016.10.21 07:38:40.361,0.76461,0.76472,2.62,2.62
2016.10.21 07:38:40.413,0.76461,0.76472,2.62,3.00
2016.10.21 07:38:40.566,0.76461,0.76472,1.87,1.25
2016.10.21 07:38:41.312,0.76461,0.76472,2.62,2.25
2016.10.21 07:38:41.364,0.76461,0.76472,1.87,1.25
2016.10.21 07:38:42.172,0.76461,0.76472,1.50,2.44
2016.10.21 07:38:42.324,0.76461,0.76472,1.12,2.44
2016.10.21 07:38:42.725,0.76461,0.76472,1.12,4.12
2016.10.21 07:38:43.128,0.76461,0.76471,1.12,1.00
2016.10.21 07:38:43.281,0.76461,0.76472,1.12,3.19
2016.10.21 07:38:43.332,0.76461,0.76472,1.87,3.19
2016.10.21 07:38:43.992,0.76461,0.76472,2.62,4.50
2016.10.21 07:38:44.043,0.76461,0.76472,1.87,3.56
2016.10.21 07:38:44.347,0.76461,0.76472,2.62,4.50
2016.10.21 07:38:45.531,0.76461,0.76472,1.87,3.56
2016.10.21 07:38:45.633,0.76461,0.76472,1.12,3.56
2016.10.21 07:38:45.684,0.76461,0.76472,1.12,2.81
2016.10.21 07:38:45.786,0.76461,0.76472,1.12,3.56
2016.10.21 07:38:48.327,0.76461,0.76472,1.12,6.37
2016.10.21 07:38:48.429,0.76461,0.76471,1.00,1.50
2016.10.21 07:38:48.881,0.76461,0.76471,2.62,1.50
2016.10.21 07:38:48.932,0.76461,0.76471,3.37,1.50
2016.10.21 07:38:48.983,0.76461,0.76471,2.62,1.50
2016.10.21 07:38:49.521,0.76461,0.76471,2.25,1.00
2016.10.21 07:38:49.572,0.76461,0.76471,1.12,1.00
2016.10.21 07:38:49.777,0.76461,0.76471,1.12,2.25
2016.10.21 07:38:49.829,0.7646,0.76471,1.87,2.62
2016.10.21 07:38:49.880,0.7646,0.76471,1.87,1.87
2016.10.21 07:38:49.931,0.76459,0.76469,4.87,1.00
2016.10.21 07:38:49.983,0.76459,0.76469,4.87,1.50
2016.10.21 07:38:50.034,0.76459,0.76469,4.12,1.50
2016.10.21 07:38:50.334,0.76459,0.76467,4.12,1.00
2016.10.21 07:38:50.386,0.76459,0.76467,3.37,1.00
2016.10.21 07:38:50.437,0.76459,0.76467,3.75,1.00
2016.10.21 07:38:51.714,0.76459,0.76469,3.75,1.00
2016.10.21 07:38:53.433,0.76459,0.76469,4.50,1.00
2016.10.21 07:38:53.946,0.76459,0.76469,5.25,1.00
2016.10.21 07:38:54.631,0.76459,0.76469,5.25,1.50
2016.10.21 07:38:54.682,0.76459,0.76469,6.00,1.50
2016.10.21 07:38:54.734,0.76459,0.76469,5.25,1.50
2016.10.21 07:38:55.352,0.76459,0.76468,3.00,1.00
2016.10.21 07:38:55.403,0.76458,0.76468,1.00,2.25
2016.10.21 07:38:55.556,0.76457,0.76468,2.06,1.50
2016.10.21 07:38:55.608,0.76457,0.76468,4.31,1.00
2016.10.21 07:38:55.699,0.76459,0.76468,1.00,1.00
2016.10.21 07:38:55.751,0.76459,0.76469,1.12,2.25
2016.10.21 07:38:55.804,0.76459,0.76469,1.12,2.25
2016.10.21 07:38:55.856,0.7646,0.76469,1.00,1.12
2016.10.21 07:38:57.395,0.7646,0.76469,1.00,1.87
2016.10.21 07:38:57.447,0.76459,0.76468,1.00,1.00
2016.10.21 07:38:57.601,0.76458,0.76467,3.75,1.00
2016.10.21 07:38:57.652,0.76458,0.76466,3.00,1.00
2016.10.21 07:38:57.703,0.76459,0.76466,1.00,3.30
2016.10.21 07:38:57.755,0.76459,0.76466,1.00,1.65
2016.10.21 07:38:57.806,0.76456,0.76466,1.00,3.00
2016.10.21 07:38:57.857,0.76456,0.76466,1.00,1.50
2016.10.21 07:38:57.908,0.76456,0.76466,3.37,1.12
2016.10.21 07:38:58.237,0.76457,0.76467,1.00,3.37
2016.10.21 07:38:58.340,0.76456,0.76467,3.75,3.37
2016.10.21 07:38:58.392,0.76456,0.76467,3.75,3.75
2016.10.21 07:38:58.680,0.76456,0.76466,1.50,1.87
2016.10.21 07:38:58.732,0.76456,0.76466,1.50,3.30
2016.10.21 07:38:58.784,0.76456,0.76466,1.12,2.40
2016.10.21 07:38:58.835,0.76455,0.76466,1.37,5.55
2016.10.21 07:38:58.886,0.76454,0.76464,1.37,3.00
2016.10.21 07:38:58.937,0.76454,0.76464,1.50,3.37
2016.10.21 07:38:58.989,0.76454,0.76464,1.00,3.75
2016.10.21 07:38:59.308,0.76454,0.76464,1.00,3.00
2016.10.21 07:38:59.360,0.76453,0.76464,5.25,3.00
2016.10.21 07:38:59.411,0.76453,0.76464,4.50,3.75
2016.10.21 07:38:59.462,0.76453,0.76464,3.75,3.75
2016.10.21 07:38:59.666,0.76453,0.76464,3.75,3.37
2016.10.21 07:38:59.768,0.76453,0.76464,3.75,4.12
2016.10.21 07:39:00.310,0.76453,0.76464,3.75,5.25
2016.10.21 07:39:00.411,0.76453,0.76464,3.75,4.12
2016.10.21 07:39:00.732,0.76453,0.76464,3.37,4.50
2016.10.21 07:39:00.783,0.76453,0.76464,1.87,5.62
2016.10.21 07:39:00.834,0.76453,0.76464,1.87,4.50
2016.10.21 07:39:00.885,0.76453,0.76464,1.87,3.75
2016.10.21 07:39:00.987,0.76453,0.76464,1.87,4.87
2016.10.21 07:39:01.141,0.76453,0.76464,1.87,3.75
2016.10.21 07:39:01.192,0.76453,0.76464,3.37,3.75
2016.10.21 07:39:01.654,0.76453,0.76464,3.37,4.50
2016.10.21 07:39:01.756,0.76453,0.76464,3.37,3.75
2016.10.21 07:39:02.061,0.76453,0.76464,3.37,5.62
2016.10.21 07:39:02.112,0.76453,0.76464,2.62,4.50
2016.10.21 07:39:02.163,0.76453,0.76463,2.25,1.31
2016.10.21 07:39:02.214,0.76453,0.76463,1.00,3.94
2016.10.21 07:39:02.367,0.76453,0.76462,1.00,1.25
2016.10.21 07:39:02.418,0.76453,0.76462,1.00,1.00
2016.10.21 07:39:02.839,0.76453,0.76463,1.00,2.25
2016.10.21 07:39:03.385,0.76453,0.76463,1.00,3.00
2016.10.21 07:39:03.435,0.76453,0.76463,1.00,2.25
2016.10.21 07:39:03.588,0.76453,0.76463,1.00,3.00
2016.10.21 07:39:03.667,0.76453,0.76463,1.00,2.25
2016.10.21 07:39:04.387,0.76453,0.76463,1.00,3.00
2016.10.21 07:39:04.449,0.76453,0.76463,1.00,3.75
2016.10.21 07:39:04.679,0.76453,0.76463,1.00,3.00
2016.10.21 07:39:04.781,0.76453,0.76463,1.00,3.75
2016.10.21 07:39:04.934,0.76453,0.76463,1.00,3.00
2016.10.21 07:39:05.138,0.76453,0.76463,1.00,2.25
2016.10.21 07:39:06.479,0.76453,0.76463,1.50,2.25
2016.10.21 07:39:06.768,0.76455,0.76463,1.12,1.50
2016.10.21 07:39:06.819,0.76457,0.76467,1.12,1.87
2016.10.21 07:39:06.873,0.76457,0.76467,1.12,2.62
2016.10.21 07:39:06.976,0.76457,0.76467,1.12,2.62
2016.10.21 07:39:07.180,0.76457,0.76467,1.12,2.62
2016.10.21 07:39:07.384,0.76457,0.76467,1.12,1.87
2016.10.21 07:39:07.684,0.76458,0.76466,1.12,1.00
2016.10.21 07:39:07.737,0.76455,0.76465,3.00,1.50
2016.10.21 07:39:07.841,0.76455,0.76465,1.12,1.50
2016.10.21 07:39:07.892,0.76455,0.76466,1.12,4.50
2016.10.21 07:39:07.943,0.76455,0.76465,1.12,1.37
2016.10.21 07:39:08.251,0.76454,0.76465,5.25,1.37
2016.10.21 07:39:08.302,0.76454,0.76466,4.50,2.62
2016.10.21 07:39:08.353,0.76454,0.76466,5.25,1.87
2016.10.21 07:39:08.690,0.76454,0.76465,5.25,1.12
2016.10.21 07:39:08.742,0.76454,0.76465,5.25,2.62
2016.10.21 07:39:08.793,0.76454,0.76465,4.87,2.62
2016.10.21 07:39:09.231,0.76454,0.76465,5.62,2.62
2016.10.21 07:39:09.287,0.76455,0.76465,1.27,2.62
2016.10.21 07:39:09.338,0.76455,0.76465,4.12,1.87
2016.10.21 07:39:09.389,0.76457,0.76465,1.50,1.87
2016.10.21 07:39:09.440,0.76457,0.76468,3.00,3.37
2016.10.21 07:39:09.763,0.76457,0.76467,3.00,1.00
2016.10.21 07:39:10.104,0.76457,0.76467,3.37,1.00
2016.10.21 07:39:10.155,0.76457,0.76467,4.50,1.00
2016.10.21 07:39:10.257,0.76458,0.76468,1.37,2.25
2016.10.21 07:39:10.308,0.76458,0.76469,2.62,4.12
2016.10.21 07:39:10.627,0.76458,0.76469,3.37,3.37
2016.10.21 07:39:10.678,0.76458,0.76469,4.12,3.37
2016.10.21 07:39:11.020,0.76458,0.76469,4.87,3.37
2016.10.21 07:39:11.071,0.76458,0.76469,5.25,3.37
2016.10.21 07:39:11.275,0.76458,0.76469,5.25,2.62
2016.10.21 07:39:11.377,0.76458,0.76469,4.50,2.62
2016.10.21 07:39:11.675,0.76459,0.76469,1.87,1.12
2016.10.21 07:39:11.726,0.76459,0.76469,1.87,1.87
2016.10.21 07:39:11.982,0.76459,0.76469,1.87,1.12
2016.10.21 07:39:12.186,0.76459,0.76469,1.87,1.87
2016.10.21 07:39:12.237,0.76459,0.76469,1.87,1.12
2016.10.21 07:39:12.289,0.76459,0.76469,1.87,1.12
2016.10.21 07:39:12.340,0.76458,0.76469,3.00,1.87
2016.10.21 07:39:12.443,0.76458,0.76469,2.25,1.87
2016.10.21 07:39:13.040,0.76459,0.76469,1.12,1.87
2016.10.21 07:39:13.091,0.76458,0.76469,6.37,1.12
2016.10.21 07:39:13.194,0.76458,0.7647,5.62,1.87
2016.10.21 07:39:13.245,0.76458,0.7647,6.37,2.62
2016.10.21 07:39:13.296,0.76458,0.7647,5.62,1.87
2016.10.21 07:39:13.347,0.76458,0.76469,5.62,1.12
2016.10.21 07:39:13.399,0.76458,0.76469,6.00,1.12
2016.10.21 07:39:13.501,0.76458,0.7647,6.00,2.62
2016.10.21 07:39:13.603,0.76458,0.7647,6.00,3.37
2016.10.21 07:39:14.003,0.76458,0.7647,6.37,3.00
2016.10.21 07:39:14.105,0.76458,0.7647,6.37,3.75
2016.10.21 07:39:14.363,0.76458,0.76469,6.37,1.50
2016.10.21 07:39:14.414,0.76458,0.76469,5.62,3.00
2016.10.21 07:39:14.466,0.76458,0.76468,4.87,1.00
2016.10.21 07:39:14.517,0.76458,0.76468,2.62,1.87
2016.10.21 07:39:14.568,0.76457,0.76468,3.75,1.00
2016.10.21 07:39:14.619,0.76457,0.76469,3.00,3.75
2016.10.21 07:39:15.088,0.76457,0.76468,3.00,1.50
2016.10.21 07:39:15.139,0.76457,0.76468,3.00,2.25
2016.10.21 07:39:15.496,0.76457,0.76468,3.75,2.25
2016.10.21 07:39:15.547,0.76457,0.76468,3.75,1.50
2016.10.21 07:39:15.599,0.76458,0.76469,1.12,4.50
2016.10.21 07:39:15.650,0.76458,0.76469,1.12,3.75
2016.10.21 07:39:15.804,0.76457,0.76469,3.75,3.75
2016.10.21 07:39:17.453,0.76457,0.76469,4.87,4.50
2016.10.21 07:39:17.872,0.76458,0.76468,2.25,1.37
2016.10.21 07:39:17.923,0.76458,0.76469,2.62,1.00
2016.10.21 07:39:18.025,0.76458,0.7647,2.62,5.25
2016.10.21 07:39:18.076,0.76458,0.7647,3.37,5.25
2016.10.21 07:39:18.127,0.76458,0.7647,3.37,4.50
2016.10.21 07:39:18.332,0.76458,0.76469,3.37,1.00
2016.10.21 07:39:18.669,0.76458,0.7647,3.00,3.75
2016.10.21 07:39:18.720,0.76458,0.7647,3.75,4.50
2016.10.21 07:39:19.128,0.76458,0.7647,3.00,3.75
2016.10.21 07:39:19.230,0.76458,0.7647,3.75,4.50
2016.10.21 07:39:19.383,0.76458,0.7647,3.00,3.75
2016.10.21 07:39:19.485,0.76458,0.7647,3.75,4.50
2016.10.21 07:39:19.868,0.76458,0.7647,3.75,3.75
2016.10.21 07:39:19.919,0.76458,0.7647,3.00,3.00
2016.10.21 07:39:20.072,0.76458,0.7647,4.69,3.75
2016.10.21 07:39:20.123,0.76458,0.7647,5.25,1.50
2016.10.21 07:39:20.175,0.76458,0.7647,5.25,2.25
2016.10.21 07:39:20.226,0.76458,0.76469,4.50,1.50
2016.10.21 07:39:20.277,0.76458,0.76469,6.00,1.50
2016.10.21 07:39:20.328,0.76458,0.7647,8.62,4.12
2016.10.21 07:39:20.481,0.76458,0.7647,7.87,4.12
2016.10.21 07:39:20.532,0.7646,0.7647,1.12,4.87
2016.10.21 07:39:21.024,0.7646,0.7647,1.12,4.12
2016.10.21 07:39:21.126,0.7646,0.7647,1.12,4.87
2016.10.21 07:39:21.338,0.7646,0.7647,1.12,4.12
2016.10.21 07:39:21.543,0.7646,0.7647,1.12,1.87
2016.10.21 07:39:22.212,0.7646,0.7647,1.87,1.12
2016.10.21 07:39:22.418,0.7646,0.76471,3.56,1.37
2016.10.21 07:39:22.469,0.76461,0.76472,1.50,3.00
2016.10.21 07:39:22.521,0.76462,0.76472,1.50,1.37
2016.10.21 07:39:22.573,0.76462,0.76472,1.87,1.00
2016.10.21 07:39:22.625,0.76462,0.76472,2.25,1.00
2016.10.21 07:39:24.228,0.76462,0.76472,2.25,1.50
2016.10.21 07:39:24.280,0.76462,0.76472,1.87,2.25
2016.10.21 07:39:24.331,0.76461,0.76472,6.00,3.94
2016.10.21 07:39:24.383,0.76461,0.76472,3.37,3.56
2016.10.21 07:39:24.435,0.76461,0.76471,1.50,1.12
2016.10.21 07:39:24.486,0.76461,0.76471,1.87,1.87
2016.10.21 07:39:24.537,0.76461,0.76471,1.00,1.37
2016.10.21 07:39:24.589,0.76461,0.76471,1.00,1.87
2016.10.21 07:39:24.691,0.76461,0.76471,1.50,3.37
2016.10.21 07:39:24.743,0.76461,0.76471,1.00,1.37
2016.10.21 07:39:25.075,0.7646,0.7647,2.62,1.00
2016.10.21 07:39:25.128,0.7646,0.76471,2.62,1.50
2016.10.21 07:39:25.231,0.7646,0.76471,2.62,2.62
2016.10.21 07:39:25.630,0.7646,0.76472,1.87,6.56
2016.10.21 07:39:25.734,0.7646,0.7647,2.62,1.00
2016.10.21 07:39:26.040,0.7646,0.76471,2.62,1.50
2016.10.21 07:39:26.142,0.7646,0.76471,1.87,1.12
2016.10.21 07:39:27.728,0.7646,0.76472,1.87,6.94
2016.10.21 07:39:30.727,0.7646,0.76471,2.62,1.50
2016.10.21 07:39:30.880,0.7646,0.76472,1.87,6.56
2016.10.21 07:39:31.271,0.7646,0.76471,2.62,1.50
2016.10.21 07:39:31.373,0.7646,0.76471,2.62,2.25
2016.10.21 07:39:31.978,0.7646,0.76471,1.87,1.12
2016.10.21 07:39:32.761,0.7646,0.76471,1.87,1.12
2016.10.21 07:39:33.898,0.7646,0.76471,2.62,2.25
2016.10.21 07:39:34.255,0.7646,0.76471,1.87,1.12
2016.10.21 07:39:34.357,0.7646,0.76471,1.87,1.12
2016.10.21 07:39:34.692,0.7646,0.76472,2.62,7.87
2016.10.21 07:39:35.529,0.7646,0.76472,1.87,4.69
2016.10.21 07:39:35.580,0.7646,0.76472,2.25,4.69
2016.10.21 07:39:35.632,0.7646,0.76471,1.87,1.12
2016.10.21 07:39:35.734,0.7646,0.76471,1.87,1.00
2016.10.21 07:39:35.785,0.7646,0.76471,2.62,1.00
2016.10.21 07:39:36.142,0.7646,0.76471,3.75,1.00
2016.10.21 07:39:36.194,0.76461,0.76471,1.87,1.00
2016.10.21 07:39:37.081,0.76461,0.76471,2.62,1.00
2016.10.21 07:39:39.398,0.76461,0.76471,2.25,1.00
2016.10.21 07:39:39.753,0.76461,0.76471,3.00,1.00
2016.10.21 07:39:39.855,0.76461,0.76471,2.25,1.00
2016.10.21 07:39:39.906,0.76461,0.76472,4.12,2.81
2016.10.21 07:39:40.194,0.76463,0.76473,1.00,3.37
2016.10.21 07:39:40.247,0.76463,0.76474,2.25,1.69
2016.10.21 07:39:41.440,0.76463,0.76474,2.25,2.44
2016.10.21 07:39:41.491,0.76463,0.76474,2.25,3.75
2016.10.21 07:39:41.649,0.76463,0.76474,2.25,3.56
2016.10.21 07:39:41.751,0.76463,0.76474,2.25,3.56
2016.10.21 07:39:44.765,0.76463,0.76474,2.25,2.44
2016.10.21 07:39:45.158,0.76463,0.76474,2.25,1.69
2016.10.21 07:39:45.210,0.76463,0.76474,2.38,1.69
2016.10.21 07:39:45.518,0.76463,0.76474,3.00,2.06
2016.10.21 07:39:46.359,0.76463,0.76474,2.25,1.69
2016.10.21 07:39:47.335,0.76463,0.76474,3.00,2.06
2016.10.21 07:39:48.156,0.76463,0.76474,3.00,2.81
2016.10.21 07:39:48.208,0.76463,0.76473,1.12,1.12
2016.10.21 07:39:48.259,0.76463,0.76473,1.00,1.87
2016.10.21 07:39:48.361,0.76463,0.76473,1.00,2.62
2016.10.21 07:39:48.412,0.76463,0.76473,1.00,3.37
2016.10.21 07:39:48.464,0.76463,0.76473,1.00,4.12
2016.10.21 07:39:48.668,0.76463,0.76473,1.00,3.37
2016.10.21 07:39:49.376,0.7646,0.76472,5.06,1.87
2016.10.21 07:39:49.480,0.7646,0.76472,3.37,3.56
2016.10.21 07:39:50.352,0.7646,0.76472,3.37,4.87
2016.10.21 07:39:50.505,0.7646,0.76471,2.62,1.00
2016.10.21 07:39:50.607,0.7646,0.76472,2.62,4.31
2016.10.21 07:39:50.709,0.7646,0.76471,2.62,1.00
2016.10.21 07:39:50.760,0.7646,0.76471,3.37,1.00
2016.10.21 07:39:50.811,0.7646,0.76471,2.62,1.00
2016.10.21 07:39:51.034,0.7646,0.7647,1.50,1.00
2016.10.21 07:39:51.085,0.7646,0.76469,1.50,1.00
2016.10.21 07:39:51.136,0.7646,0.76469,1.00,1.00
2016.10.21 07:39:51.602,0.7646,0.76469,1.00,1.00
2016.10.21 07:39:51.654,0.7646,0.76469,1.50,1.00
2016.10.21 07:39:51.706,0.7646,0.7647,1.00,1.00
2016.10.21 07:39:51.758,0.76459,0.7647,3.37,1.00
2016.10.21 07:39:51.810,0.76459,0.7647,3.75,1.00
2016.10.21 07:39:51.964,0.76459,0.7647,3.00,1.00
2016.10.21 07:39:52.473,0.76459,0.7647,4.50,1.00
2016.10.21 07:39:53.136,0.76459,0.7647,5.25,1.00
2016.10.21 07:39:54.243,0.76459,0.7647,4.50,1.00
2016.10.21 07:39:56.442,0.76459,0.76469,6.00,1.00
2016.10.21 07:39:56.530,0.76459,0.76469,5.62,1.00
2016.10.21 07:39:56.633,0.7646,0.76469,1.12,1.00
2016.10.21 07:39:56.735,0.76459,0.76469,6.00,1.00
2016.10.21 07:39:56.888,0.76459,0.76469,7.12,1.00
2016.10.21 07:39:57.751,0.76459,0.76469,6.37,1.00
2016.10.21 07:39:57.802,0.7646,0.76469,1.50,1.00
2016.10.21 07:39:58.524,0.76461,0.76469,1.00,1.00
2016.10.21 07:39:59.561,0.7646,0.76469,2.62,1.00
2016.10.21 07:39:59.613,0.7646,0.76469,4.12,1.00
2016.10.21 07:39:59.665,0.7646,0.76469,3.75,1.00
2016.10.21 07:39:59.716,0.7646,0.76471,4.87,2.62
2016.10.21 07:39:59.768,0.76461,0.76471,1.50,1.12
2016.10.21 07:39:59.923,0.76461,0.76472,1.50,2.06
2016.10.21 07:39:59.974,0.76461,0.76472,1.50,2.06
2016.10.21 07:40:00.025,0.76461,0.76472,1.87,2.81
2016.10.21 07:40:00.077,0.76462,0.76472,1.12,2.06
2016.10.21 07:40:00.128,0.76462,0.76472,1.50,2.06
2016.10.21 07:40:00.443,0.76461,0.76472,2.25,1.31
2016.10.21 07:40:00.494,0.76461,0.76472,2.72,2.06
2016.10.21 07:40:00.545,0.76461,0.76472,2.44,2.06
2016.10.21 07:40:00.597,0.76461,0.76472,2.25,1.31
2016.10.21 07:40:00.648,0.76461,0.76472,1.50,1.31
2016.10.21 07:40:00.803,0.76461,0.76472,1.50,1.31
2016.10.21 07:40:00.855,0.76462,0.76472,1.00,1.31
2016.10.21 07:40:00.906,0.76462,0.76472,1.00,1.31
2016.10.21 07:40:00.957,0.76461,0.76472,1.50,1.31
2016.10.21 07:40:01.008,0.76461,0.76472,1.50,1.12
2016.10.21 07:40:01.060,0.76461,0.76472,1.50,1.87
2016.10.21 07:40:01.374,0.76462,0.76472,1.87,1.12
2016.10.21 07:40:01.465,0.76461,0.76473,1.50,3.37
2016.10.21 07:40:01.988,0.76461,0.76473,2.25,4.12
2016.10.21 07:40:02.089,0.76461,0.76473,3.00,1.87
2016.10.21 07:40:02.191,0.76461,0.76473,3.00,1.87
2016.10.21 07:40:03.378,0.76461,0.76473,3.00,2.62
2016.10.21 07:40:04.294,0.76461,0.76473,1.50,4.12
2016.10.21 07:40:04.396,0.76461,0.76473,3.00,2.62
2016.10.21 07:40:04.447,0.76461,0.76473,3.88,3.37
2016.10.21 07:40:04.498,0.76461,0.76473,3.00,2.62
2016.10.21 07:40:04.706,0.76461,0.76473,3.00,1.87
2016.10.21 07:40:04.757,0.76461,0.76473,3.88,3.37
2016.10.21 07:40:04.859,0.76461,0.76473,3.88,4.12
2016.10.21 07:40:04.911,0.76461,0.76473,3.00,2.62
2016.10.21 07:40:05.013,0.76461,0.76473,3.00,1.87
2016.10.21 07:40:05.480,0.76461,0.76472,3.00,1.87
2016.10.21 07:40:05.531,0.76461,0.76472,3.88,1.87
2016.10.21 07:40:05.583,0.76461,0.76473,3.00,1.87
2016.10.21 07:40:05.634,0.76461,0.76473,3.88,3.37
2016.10.21 07:40:05.685,0.76461,0.76473,3.88,3.37
2016.10.21 07:40:05.736,0.76461,0.76473,3.88,4.12
2016.10.21 07:40:05.889,0.76461,0.76473,3.88,3.37
2016.10.21 07:40:05.990,0.76461,0.76473,3.88,4.12
2016.10.21 07:40:06.097,0.76461,0.76473,3.88,3.37
2016.10.21 07:40:06.666,0.76461,0.76473,2.38,4.87
2016.10.21 07:40:06.971,0.76461,0.76473,2.38,5.62
2016.10.21 07:40:07.024,0.76461,0.76473,2.38,4.87
2016.10.21 07:40:09.067,0.76461,0.76473,1.50,3.37
2016.10.21 07:40:09.118,0.76461,0.76473,3.00,1.87
2016.10.21 07:40:09.170,0.76461,0.76473,3.75,3.37
2016.10.21 07:40:09.508,0.76461,0.76473,3.00,1.87
2016.10.21 07:40:09.712,0.76461,0.76473,3.75,3.37
2016.10.21 07:40:09.763,0.76461,0.76473,4.07,3.37
2016.10.21 07:40:09.814,0.76461,0.76472,3.75,1.87
2016.10.21 07:40:09.865,0.76461,0.76472,3.00,1.87
2016.10.21 07:40:09.968,0.76461,0.76472,2.62,1.87
2016.10.21 07:40:10.121,0.76462,0.76473,1.87,3.75
2016.10.21 07:40:10.490,0.76462,0.76473,1.87,5.62
2016.10.21 07:40:10.683,0.76462,0.76473,1.87,3.75
2016.10.21 07:40:11.653,0.76462,0.76473,1.87,5.25
2016.10.21 07:40:11.705,0.76462,0.76472,1.12,1.00
2016.10.21 07:40:11.756,0.76462,0.76472,1.50,1.69
2016.10.21 07:40:11.807,0.76462,0.76471,1.50,2.25
2016.10.21 07:40:11.859,0.76461,0.76471,1.50,3.00
2016.10.21 07:40:11.912,0.76461,0.7647,1.50,1.00
2016.10.21 07:40:11.963,0.76461,0.76471,1.50,7.12
2016.10.21 07:40:12.014,0.76461,0.7647,1.37,1.50
2016.10.21 07:40:12.066,0.7646,0.7647,1.00,1.50
2016.10.21 07:40:12.168,0.7646,0.7647,1.00,1.87
2016.10.21 07:40:13.059,0.7646,0.7647,1.00,2.62
2016.10.21 07:40:13.110,0.7646,0.7647,1.00,3.37
2016.10.21 07:40:13.518,0.7646,0.76469,1.00,1.12
2016.10.21 07:40:13.910,0.7646,0.7647,1.00,2.62
2016.10.21 07:40:13.962,0.7646,0.76468,1.00,1.00
2016.10.21 07:40:14.863,0.76459,0.76468,1.12,1.00
2016.10.21 07:40:14.931,0.76459,0.76468,1.12,2.25
2016.10.21 07:40:14.982,0.76459,0.76468,1.12,2.25
2016.10.21 07:40:15.034,0.76459,0.76468,1.12,3.75
2016.10.21 07:40:15.136,0.76458,0.76468,2.62,2.25
2016.10.21 07:40:15.238,0.76458,0.76467,2.25,1.00
2016.10.21 07:40:15.727,0.76458,0.76469,2.25,3.37
2016.10.21 07:40:15.830,0.76458,0.76469,2.25,2.62
2016.10.21 07:40:16.035,0.76459,0.76469,1.00,1.00
2016.10.21 07:40:16.240,0.76459,0.7647,1.00,4.87
2016.10.21 07:40:16.977,0.76459,0.7647,1.00,3.37
2016.10.21 07:40:17.130,0.76459,0.76469,1.00,1.00
2016.10.21 07:40:17.549,0.76459,0.7647,1.00,4.12
2016.10.21 07:40:17.600,0.76459,0.7647,1.00,1.87
2016.10.21 07:40:17.929,0.76459,0.7647,1.87,1.00
2016.10.21 07:40:18.082,0.76459,0.7647,2.62,1.00
2016.10.21 07:40:18.672,0.7646,0.7647,1.50,1.00
2016.10.21 07:40:20.331,0.76459,0.7647,3.37,2.25
2016.10.21 07:40:20.637,0.76459,0.7647,3.00,2.25
2016.10.21 07:40:21.009,0.76459,0.7647,3.00,1.50
2016.10.21 07:40:21.661,0.76459,0.7647,2.25,2.25
2016.10.21 07:40:22.826,0.76459,0.7647,2.25,3.00
2016.10.21 07:40:24.815,0.76459,0.76466,1.00,1.00
2016.10.21 07:40:24.882,0.76457,0.76464,1.37,1.87
2016.10.21 07:40:24.935,0.76456,0.76463,1.00,1.00
2016.10.21 07:40:25.040,0.76453,0.76463,3.37,1.00
2016.10.21 07:40:25.245,0.76453,0.76463,3.75,1.00
2016.10.21 07:40:26.055,0.76453,0.76463,2.62,1.00
2016.10.21 07:40:26.108,0.76453,0.76462,1.12,1.31
2016.10.21 07:40:26.161,0.76451,0.76462,2.25,3.19
2016.10.21 07:40:26.213,0.76451,0.76462,1.87,5.44
2016.10.21 07:40:26.265,0.76451,0.76462,1.00,5.44
2016.10.21 07:40:26.316,0.76451,0.76462,1.00,4.50
2016.10.21 07:40:26.856,0.76451,0.76461,1.00,1.00
2016.10.21 07:40:26.908,0.76451,0.76461,1.00,1.50
2016.10.21 07:40:26.959,0.7645,0.76461,1.12,1.50
2016.10.21 07:40:27.163,0.7645,0.76461,1.12,1.00
2016.10.21 07:40:28.036,0.76449,0.76461,6.00,1.50
2016.10.21 07:40:28.138,0.76449,0.76461,5.25,1.50
2016.10.21 07:40:28.480,0.76449,0.76461,4.87,1.50
2016.10.21 07:40:28.532,0.76449,0.76461,4.12,1.50
2016.10.21 07:40:28.634,0.76449,0.7646,4.12,1.00
2016.10.21 07:40:29.161,0.76449,0.7646,3.75,1.12
2016.10.21 07:40:29.212,0.76449,0.7646,2.25,1.12
2016.10.21 07:40:29.366,0.76449,0.7646,2.62,1.12
2016.10.21 07:40:29.733,0.76449,0.7646,3.00,1.87
2016.10.21 07:40:29.802,0.76449,0.7646,3.13,1.87
2016.10.21 07:40:30.119,0.76449,0.7646,2.25,1.12
2016.10.21 07:40:30.681,0.76449,0.76461,3.13,3.00
2016.10.21 07:40:30.885,0.76449,0.76461,3.00,3.00
2016.10.21 07:40:31.038,0.76449,0.76461,2.25,2.25
2016.10.21 07:40:31.089,0.76449,0.76461,1.50,3.00
2016.10.21 07:40:31.140,0.76449,0.76461,1.87,3.00
2016.10.21 07:40:31.417,0.7645,0.76461,1.00,3.00
2016.10.21 07:40:31.491,0.7645,0.76461,1.00,3.75
2016.10.21 07:40:31.542,0.7645,0.76461,1.00,3.00
2016.10.21 07:40:31.847,0.7645,0.76461,1.00,3.75
2016.10.21 07:40:32.018,0.7645,0.76461,1.00,3.00
2016.10.21 07:40:32.069,0.7645,0.76461,1.00,4.50
2016.10.21 07:40:33.230,0.7645,0.76461,1.00,3.75
2016.10.21 07:40:33.384,0.7645,0.76461,1.00,4.50
2016.10.21 07:40:33.435,0.7645,0.76461,1.00,5.25
2016.10.21 07:40:33.751,0.7645,0.76461,1.00,4.50
2016.10.21 07:40:33.926,0.7645,0.7646,1.00,1.12
2016.10.21 07:40:33.977,0.7645,0.76461,1.00,3.75
2016.10.21 07:40:34.028,0.76449,0.7646,2.62,1.00
2016.10.21 07:40:34.079,0.76449,0.7646,2.62,1.00
2016.10.21 07:40:34.130,0.76449,0.7646,2.62,1.50
2016.10.21 07:40:34.182,0.76449,0.7646,2.62,1.00
2016.10.21 07:40:34.233,0.76449,0.7646,3.00,1.00
2016.10.21 07:40:35.206,0.76449,0.7646,3.00,1.50
2016.10.21 07:40:35.331,0.76449,0.7646,3.00,1.00
2016.10.21 07:40:35.434,0.76449,0.7646,3.00,1.50
2016.10.21 07:40:35.536,0.76449,0.7646,3.00,1.00
2016.10.21 07:40:35.996,0.76449,0.7646,3.00,1.50
2016.10.21 07:40:36.274,0.76449,0.7646,3.00,1.00
2016.10.21 07:40:38.257,0.7645,0.76461,1.00,3.75
2016.10.21 07:40:38.308,0.7645,0.76461,1.00,3.37
2016.10.21 07:40:38.665,0.7645,0.76461,1.00,2.62
2016.10.21 07:40:38.717,0.7645,0.76461,1.00,3.37
2016.10.21 07:40:39.833,0.7645,0.76461,1.00,2.62
2016.10.21 07:40:40.438,0.7645,0.76461,1.00,3.37
2016.10.21 07:40:40.791,0.7645,0.76461,1.00,2.62
2016.10.21 07:40:40.896,0.7645,0.76461,1.50,2.81
2016.10.21 07:40:40.998,0.7645,0.76461,1.63,2.81
2016.10.21 07:40:41.049,0.7645,0.76461,1.50,2.81
2016.10.21 07:40:44.646,0.7645,0.76461,1.00,4.31
2016.10.21 07:40:44.849,0.76449,0.76461,5.25,3.37
2016.10.21 07:40:45.320,0.76449,0.76461,4.50,3.37
2016.10.21 07:40:45.392,0.76449,0.76461,4.87,3.00
2016.10.21 07:40:46.627,0.76449,0.76461,5.62,3.75
2016.10.21 07:40:46.679,0.76449,0.7646,4.87,1.00
2016.10.21 07:40:46.782,0.76449,0.7646,3.75,1.00
2016.10.21 07:40:46.834,0.76449,0.76461,4.50,3.75
2016.10.21 07:40:46.937,0.76449,0.76461,3.75,3.00
2016.10.21 07:40:47.040,0.76449,0.76461,3.75,3.37
2016.10.21 07:40:47.559,0.76449,0.76461,4.69,4.31
2016.10.21 07:40:47.610,0.76449,0.76461,4.69,5.06
2016.10.21 07:40:47.747,0.76449,0.76461,3.75,4.12
2016.10.21 07:40:48.031,0.76449,0.76461,4.69,4.31
2016.10.21 07:40:48.710,0.76449,0.76461,3.75,3.37
2016.10.21 07:40:50.187,0.76449,0.76461,3.75,3.00
2016.10.21 07:40:52.126,0.76449,0.7646,4.50,1.00
2016.10.21 07:40:52.230,0.76449,0.76461,5.44,4.31
2016.10.21 07:40:52.281,0.76449,0.76461,4.50,3.00
2016.10.21 07:40:53.185,0.76449,0.76461,4.69,4.31
2016.10.21 07:40:53.926,0.76449,0.7646,4.69,1.12
2016.10.21 07:40:53.977,0.76449,0.7646,5.06,1.12
2016.10.21 07:40:54.651,0.76449,0.76461,4.12,3.75
2016.10.21 07:40:54.705,0.76449,0.76461,4.12,3.37
2016.10.21 07:40:54.757,0.76449,0.76461,4.12,4.12
2016.10.21 07:40:55.013,0.76449,0.76461,4.12,3.37
2016.10.21 07:40:55.115,0.76449,0.76461,4.12,4.12
2016.10.21 07:40:55.472,0.76449,0.76461,4.12,3.37
2016.10.21 07:40:55.574,0.76449,0.76461,4.12,4.12
2016.10.21 07:40:55.880,0.76449,0.76459,1.37,1.00
2016.10.21 07:40:55.932,0.76448,0.76458,2.62,1.00
2016.10.21 07:40:56.036,0.76448,0.76458,1.87,1.00
2016.10.21 07:40:56.087,0.76448,0.76458,1.50,1.12
2016.10.21 07:40:56.139,0.76448,0.76458,1.50,1.50
2016.10.21 07:40:56.711,0.76448,0.76458,1.50,1.50
2016.10.21 07:40:56.916,0.76448,0.76454,1.50,1.00
2016.10.21 07:40:56.967,0.76448,0.76452,1.50,1.00
2016.10.21 07:40:57.018,0.76448,0.76452,1.00,1.00
2016.10.21 07:40:57.070,0.76443,0.76452,4.12,1.00
2016.10.21 07:40:57.346,0.76443,0.7645,2.25,1.00
2016.10.21 07:40:57.397,0.7644,0.7645,1.50,1.87
2016.10.21 07:40:57.448,0.7644,0.7645,1.50,1.37
2016.10.21 07:40:57.704,0.7644,0.7645,1.50,1.87
2016.10.21 07:40:57.959,0.7644,0.7645,1.50,1.37
2016.10.21 07:40:58.734,0.7644,0.7645,2.25,1.37
2016.10.21 07:40:59.927,0.76438,0.7645,5.06,3.37
2016.10.21 07:40:59.978,0.76439,0.7645,1.00,3.37
2016.10.21 07:41:00.030,0.76438,0.7645,3.94,2.62
2016.10.21 07:41:00.081,0.76439,0.7645,1.00,2.62
2016.10.21 07:41:00.132,0.76438,0.7645,3.94,2.62
2016.10.21 07:41:00.440,0.76438,0.7645,5.06,2.25
2016.10.21 07:41:00.492,0.76439,0.7645,1.00,1.50
2016.10.21 07:41:00.595,0.76438,0.76449,5.06,1.00
2016.10.21 07:41:00.748,0.76438,0.7645,5.06,3.00
2016.10.21 07:41:00.799,0.76438,0.7645,4.31,3.00
2016.10.21 07:41:00.851,0.76438,0.7645,4.31,3.75
2016.10.21 07:41:01.363,0.76438,0.7645,3.56,3.00
2016.10.21 07:41:01.582,0.76438,0.7645,3.56,2.25
2016.10.21 07:41:01.671,0.76438,0.7645,3.56,3.00
2016.10.21 07:41:01.722,0.76438,0.7645,4.31,4.50
2016.10.21 07:41:01.773,0.76438,0.7645,2.81,3.75
2016.10.21 07:41:01.824,0.76438,0.76447,1.50,1.00
2016.10.21 07:41:01.875,0.76438,0.76448,2.25,1.00
2016.10.21 07:41:02.196,0.76437,0.76449,7.12,3.00
2016.10.21 07:41:02.247,0.76437,0.76449,8.44,4.50
2016.10.21 07:41:03.380,0.76439,0.76449,1.00,2.25
2016.10.21 07:41:03.449,0.7644,0.7645,1.50,1.12
2016.10.21 07:41:03.857,0.7644,0.7645,1.50,1.87
2016.10.21 07:41:04.010,0.7644,0.7645,1.50,1.12
2016.10.21 07:41:04.468,0.76447,0.76451,1.00,4.12
2016.10.21 07:41:04.520,0.76447,0.76451,1.00,1.50
2016.10.21 07:41:04.571,0.76444,0.76452,1.50,1.00
2016.10.21 07:41:04.622,0.76444,0.76452,1.50,1.00
2016.10.21 07:41:04.674,0.76443,0.76452,4.12,1.50
2016.10.21 07:41:04.725,0.76443,0.76453,2.25,2.62
2016.10.21 07:41:04.776,0.76443,0.76455,2.25,8.25
2016.10.21 07:41:04.828,0.76443,0.76455,2.25,7.87
2016.10.21 07:41:05.147,0.76443,0.76454,1.50,1.00
2016.10.21 07:41:05.198,0.76443,0.76454,1.50,1.87
2016.10.21 07:41:05.859,0.76443,0.76454,2.25,1.12
2016.10.21 07:41:05.910,0.76443,0.76454,3.00,1.12
2016.10.21 07:41:06.928,0.76443,0.76454,2.25,1.00
2016.10.21 07:41:07.464,0.76443,0.76454,3.13,1.12
2016.10.21 07:41:07.515,0.76443,0.76454,2.62,1.00
2016.10.21 07:41:07.771,0.76443,0.76454,3.51,1.12
2016.10.21 07:41:07.822,0.76443,0.76454,2.62,1.00
2016.10.21 07:41:08.194,0.76447,0.76455,1.00,4.50
2016.10.21 07:41:08.245,0.76448,0.76458,1.50,5.25
2016.10.21 07:41:08.297,0.76448,0.76458,1.50,4.87
2016.10.21 07:41:08.560,0.76448,0.76458,2.25,4.50
2016.10.21 07:41:08.612,0.76449,0.76459,1.50,3.37
2016.10.21 07:41:08.666,0.76449,0.76459,1.00,2.62
2016.10.21 07:41:08.718,0.76448,0.76459,3.75,2.62
2016.10.21 07:41:08.822,0.76449,0.76459,1.00,2.62
2016.10.21 07:41:08.873,0.76449,0.76459,1.00,1.87
2016.10.21 07:41:09.218,0.76449,0.76459,1.00,2.62
2016.10.21 07:41:09.278,0.76449,0.76459,1.00,1.87
2016.10.21 07:41:09.381,0.76449,0.76459,1.00,1.12
2016.10.21 07:41:09.585,0.76449,0.7646,1.00,2.06
2016.10.21 07:41:09.920,0.7645,0.7646,1.50,1.62
2016.10.21 07:41:10.380,0.7645,0.76461,1.50,7.31
2016.10.21 07:41:10.482,0.7645,0.76461,1.50,5.81
2016.10.21 07:41:11.161,0.7645,0.7646,1.50,1.62
2016.10.21 07:41:11.315,0.7645,0.7646,1.50,2.06
2016.10.21 07:41:11.418,0.7645,0.7646,1.50,1.62
2016.10.21 07:41:11.470,0.7645,0.7646,1.50,1.62
2016.10.21 07:41:11.631,0.7645,0.7646,1.50,2.06
2016.10.21 07:41:12.048,0.7645,0.7646,1.50,1.62
2016.10.21 07:41:13.833,0.7645,0.7646,1.50,2.06
2016.10.21 07:41:14.150,0.7645,0.7646,1.50,1.31
2016.10.21 07:41:14.253,0.7645,0.76461,1.50,5.06
2016.10.21 07:41:14.304,0.7645,0.76459,1.50,1.00
2016.10.21 07:41:14.356,0.76449,0.76459,1.87,3.75
2016.10.21 07:41:14.407,0.76449,0.76459,1.50,3.37
2016.10.21 07:41:14.458,0.76447,0.76457,4.12,1.00
2016.10.21 07:41:14.510,0.76447,0.76457,3.75,1.00
2016.10.21 07:41:14.561,0.76447,0.76455,2.25,1.00
2016.10.21 07:41:14.873,0.76445,0.76455,1.37,1.87
2016.10.21 07:41:14.925,0.76443,0.76455,5.62,1.00
2016.10.21 07:41:14.977,0.76444,0.76455,1.37,1.00
2016.10.21 07:41:15.130,0.76444,0.76455,1.87,1.00
2016.10.21 07:41:15.182,0.76445,0.76456,1.00,5.25
2016.10.21 07:41:15.335,0.76445,0.76455,1.00,1.12
2016.10.21 07:41:15.386,0.76445,0.76456,1.00,5.77
2016.10.21 07:41:15.438,0.76445,0.76455,1.00,1.12
2016.10.21 07:41:15.489,0.76443,0.76455,6.00,1.50
2016.10.21 07:41:15.866,0.76443,0.76455,5.62,1.50
2016.10.21 07:41:16.174,0.76444,0.76454,1.50,1.87
2016.10.21 07:41:16.778,0.76443,0.76454,7.12,1.87
2016.10.21 07:41:17.342,0.76443,0.76454,7.12,1.87
2016.10.21 07:41:17.393,0.76443,0.76454,6.75,1.87
2016.10.21 07:41:17.546,0.76443,0.76454,7.12,1.87
2016.10.21 07:41:18.227,0.76444,0.76454,1.50,1.87
2016.10.21 07:41:18.850,0.76444,0.76454,1.37,1.87
2016.10.21 07:41:18.952,0.76444,0.76454,1.00,1.87
2016.10.21 07:41:19.592,0.76444,0.76454,1.00,1.87
2016.10.21 07:41:19.677,0.76443,0.76454,6.75,1.87
2016.10.21 07:41:19.779,0.76443,0.76454,5.25,2.62
2016.10.21 07:41:19.831,0.76443,0.76454,3.75,2.62
2016.10.21 07:41:19.882,0.76443,0.76454,3.75,2.25
2016.10.21 07:41:19.934,0.76443,0.76454,4.12,3.37
2016.10.21 07:41:19.986,0.76443,0.76454,4.12,3.00
2016.10.21 07:41:20.037,0.76443,0.76454,4.12,4.87
2016.10.21 07:41:20.365,0.76444,0.76454,2.25,3.00
2016.10.21 07:41:20.416,0.76444,0.76454,3.00,1.37
2016.10.21 07:41:20.518,0.76444,0.76454,3.00,1.37
2016.10.21 07:41:20.722,0.76444,0.76454,2.25,1.37
2016.10.21 07:41:21.477,0.76444,0.76454,1.50,1.37
2016.10.21 07:41:22.030,0.76444,0.76454,1.50,1.37
2016.10.21 07:41:22.082,0.76444,0.76454,2.25,1.37
2016.10.21 07:41:22.133,0.76444,0.76454,1.50,1.37
2016.10.21 07:41:22.236,0.76444,0.76454,1.50,1.37
2016.10.21 07:41:22.288,0.76444,0.76454,1.87,1.37
2016.10.21 07:41:22.340,0.76444,0.76454,1.87,1.37
2016.10.21 07:41:22.928,0.76444,0.76454,1.87,1.37
2016.10.21 07:41:22.979,0.76444,0.76454,1.50,1.37
2016.10.21 07:41:23.612,0.76443,0.76454,4.12,1.37
2016.10.21 07:41:24.108,0.76443,0.76454,4.87,1.37
2016.10.21 07:41:24.984,0.76444,0.76455,2.62,1.27
2016.10.21 07:41:25.035,0.76444,0.76455,1.37,1.12
2016.10.21 07:41:25.138,0.76444,0.76456,1.87,4.46
2016.10.21 07:41:25.443,0.76444,0.76456,2.62,6.64
2016.10.21 07:41:25.494,0.76444,0.76456,2.62,7.01
2016.10.21 07:41:25.873,0.76449,0.76456,1.00,4.01
2016.10.21 07:41:25.925,0.76449,0.76457,3.37,1.00
2016.10.21 07:41:25.977,0.76449,0.76459,3.75,1.00
2016.10.21 07:41:26.030,0.7645,0.7646,3.75,3.75
2016.10.21 07:41:26.081,0.7645,0.7646,3.75,3.52
2016.10.21 07:41:26.134,0.7645,0.7646,1.12,3.00
2016.10.21 07:41:26.288,0.76449,0.7646,6.00,2.25
2016.10.21 07:41:26.339,0.76449,0.7646,7.69,2.25
2016.10.21 07:41:26.661,0.7645,0.7646,3.00,2.25
2016.10.21 07:41:26.712,0.7645,0.7646,3.37,2.25
2016.10.21 07:41:26.814,0.7645,0.7646,3.00,2.25
2016.10.21 07:41:26.865,0.76449,0.7646,4.12,2.25
2016.10.21 07:41:26.916,0.76449,0.7646,4.87,3.14
2016.10.21 07:41:26.967,0.76449,0.7646,4.12,2.25
2016.10.21 07:41:27.883,0.76449,0.7646,3.37,3.00
2016.10.21 07:41:27.941,0.76449,0.7646,4.12,2.39
2016.10.21 07:41:28.902,0.76449,0.7646,4.12,3.14
2016.10.21 07:41:30.057,0.76449,0.7646,3.37,3.89
2016.10.21 07:41:30.159,0.76449,0.7646,2.62,4.64
2016.10.21 07:41:30.263,0.76449,0.76459,2.62,1.00
2016.10.21 07:41:30.315,0.76448,0.76458,7.12,2.25
2016.10.21 07:41:30.366,0.76448,0.76458,6.00,2.62
2016.10.21 07:41:30.418,0.76448,0.76457,1.87,1.00
2016.10.21 07:41:30.469,0.76448,0.76457,1.12,1.50
2016.10.21 07:41:30.806,0.76447,0.76457,3.75,1.00
2016.10.21 07:41:30.858,0.76447,0.76457,4.12,1.00
2016.10.21 07:41:30.910,0.76447,0.76457,3.75,1.00
2016.10.21 07:41:31.014,0.76447,0.76458,3.75,2.62
2016.10.21 07:41:31.065,0.76447,0.76458,3.75,1.87
2016.10.21 07:41:31.117,0.76448,0.76458,1.00,3.00
2016.10.21 07:41:31.186,0.76448,0.76458,1.00,1.87
2016.10.21 07:41:31.237,0.76448,0.76458,1.00,2.25
2016.10.21 07:41:31.289,0.76448,0.76459,2.25,5.25
2016.10.21 07:41:31.341,0.76448,0.76459,2.62,5.25
2016.10.21 07:41:31.646,0.76448,0.76458,3.00,1.00
2016.10.21 07:41:31.697,0.76448,0.76459,3.00,3.37
2016.10.21 07:41:33.001,0.76448,0.76459,3.00,2.62
2016.10.21 07:41:33.052,0.76449,0.76459,1.00,2.62
2016.10.21 07:41:33.107,0.76449,0.76459,4.12,1.00
2016.10.21 07:41:33.158,0.76449,0.76459,3.37,1.00
2016.10.21 07:41:33.209,0.76449,0.7646,4.50,1.50
2016.10.21 07:41:33.260,0.7645,0.7646,3.00,1.50
2016.10.21 07:41:33.311,0.7645,0.7646,2.62,1.50
2016.10.21 07:41:33.362,0.76449,0.7646,7.50,1.50
2016.10.21 07:41:33.414,0.76449,0.76461,9.75,2.81
2016.10.21 07:41:33.465,0.76449,0.76461,8.25,2.06
2016.10.21 07:41:33.801,0.7645,0.76461,1.37,2.81
2016.10.21 07:41:33.853,0.76449,0.76461,6.75,2.06
2016.10.21 07:41:34.058,0.76449,0.76461,6.75,2.06
2016.10.21 07:41:34.160,0.76449,0.76459,6.75,1.19
2016.10.21 07:41:34.211,0.76449,0.76459,7.50,1.19
2016.10.21 07:41:34.263,0.7645,0.76459,1.50,1.44
2016.10.21 07:41:34.559,0.76449,0.76459,5.25,1.44
2016.10.21 07:41:34.612,0.76449,0.76459,1.12,1.19
2016.10.21 07:41:34.714,0.76449,0.76459,1.12,1.31
2016.10.21 07:41:34.765,0.76449,0.76459,1.00,1.69
2016.10.21 07:41:34.868,0.76448,0.76459,4.87,1.69
2016.10.21 07:41:34.920,0.76448,0.76457,1.87,1.25
2016.10.21 07:41:34.973,0.76448,0.76457,1.50,1.25
2016.10.21 07:41:35.024,0.76447,0.76457,1.37,2.17
2016.10.21 07:41:35.627,0.76446,0.76453,1.50,5.06
2016.10.21 07:41:35.678,0.76441,0.76451,1.87,1.25
2016.10.21 07:41:35.731,0.76441,0.76451,1.87,1.69
2016.10.21 07:41:35.784,0.76441,0.76451,1.87,2.00
2016.10.21 07:41:35.836,0.76441,0.76451,1.12,3.19
2016.10.21 07:41:35.888,0.7644,0.76451,1.50,3.19
2016.10.21 07:41:35.939,0.76439,0.7645,5.62,2.25
2016.10.21 07:41:36.228,0.76439,0.7645,2.25,3.00
2016.10.21 07:41:36.279,0.76439,0.7645,1.50,3.00
2016.10.21 07:41:36.332,0.76439,0.7645,2.25,3.00
2016.10.21 07:41:36.546,0.76438,0.7645,7.50,4.69
2016.10.21 07:41:36.599,0.76438,0.7645,6.00,6.19
2016.10.21 07:41:36.651,0.76439,0.76449,1.00,1.19
2016.10.21 07:41:37.037,0.76438,0.76449,3.75,1.19
2016.10.21 07:41:37.139,0.76438,0.76449,3.37,1.19
2016.10.21 07:41:37.190,0.76438,0.76449,4.12,1.19
2016.10.21 07:41:37.242,0.76438,0.76449,4.50,1.19
2016.10.21 07:41:37.293,0.76438,0.76449,3.75,1.19
2016.10.21 07:41:37.858,0.76443,0.76449,3.75,1.00
2016.10.21 07:41:37.910,0.76445,0.76449,1.00,1.00
2016.10.21 07:41:37.961,0.76444,0.7645,2.62,1.87
2016.10.21 07:41:38.012,0.76444,0.7645,2.62,1.37
2016.10.21 07:41:38.064,0.76442,0.76451,3.37,1.25
2016.10.21 07:41:38.116,0.76442,0.76453,1.87,2.06
2016.10.21 07:41:38.167,0.76442,0.76451,1.87,1.37
2016.10.21 07:41:38.219,0.76442,0.76451,1.87,1.08
2016.10.21 07:41:38.543,0.76442,0.76451,1.50,1.08
2016.10.21 07:41:38.598,0.76442,0.76452,1.00,1.45
2016.10.21 07:41:38.702,0.76442,0.76452,1.00,1.45
2016.10.21 07:41:38.959,0.76441,0.76451,1.12,1.08
2016.10.21 07:41:39.113,0.7644,0.76451,3.00,1.08
2016.10.21 07:41:39.164,0.7644,0.7645,3.00,1.00
2016.10.21 07:41:39.216,0.7644,0.7645,2.25,1.00
2016.10.21 07:41:39.535,0.7644,0.76451,1.12,3.19
2016.10.21 07:41:39.790,0.7644,0.76451,1.12,3.19
2016.10.21 07:41:39.841,0.7644,0.76451,2.25,3.19
2016.10.21 07:41:39.892,0.7644,0.76451,2.25,2.44
2016.10.21 07:41:39.943,0.7644,0.76451,2.25,2.58
2016.10.21 07:41:39.994,0.7644,0.76451,3.00,2.44
2016.10.21 07:41:40.096,0.7644,0.76451,2.25,2.44
2016.10.21 07:41:40.147,0.7644,0.76451,1.50,2.44
2016.10.21 07:41:40.548,0.7644,0.76451,1.87,2.44
2016.10.21 07:41:40.694,0.7644,0.76451,1.12,2.44
2016.10.21 07:41:40.797,0.7644,0.76451,1.87,2.44
2016.10.21 07:41:41.147,0.7644,0.76451,1.12,2.44
2016.10.21 07:41:41.742,0.7644,0.76451,1.87,2.58
2016.10.21 07:41:41.876,0.7644,0.76451,1.87,2.44
2016.10.21 07:41:42.642,0.7644,0.76451,1.12,2.44
2016.10.21 07:41:43.152,0.7644,0.76451,1.50,2.44
2016.10.21 07:41:44.035,0.7644,0.76451,3.00,2.44
2016.10.21 07:41:44.086,0.7644,0.76451,3.00,2.44
2016.10.21 07:41:44.753,0.7644,0.76451,1.50,2.44
2016.10.21 07:41:44.804,0.7644,0.76451,1.50,2.06
2016.10.21 07:41:44.927,0.7644,0.76451,3.00,2.06
2016.10.21 07:41:45.029,0.7644,0.76451,1.50,2.06
2016.10.21 07:41:45.082,0.7644,0.76451,2.25,1.31
2016.10.21 07:41:45.134,0.7644,0.76451,3.00,1.45
2016.10.21 07:41:45.187,0.7644,0.76451,2.62,1.45
2016.10.21 07:41:45.618,0.7644,0.76451,3.37,1.08
2016.10.21 07:41:46.628,0.7644,0.76451,2.62,1.25
2016.10.21 07:41:46.679,0.7644,0.76451,3.37,1.25
2016.10.21 07:41:47.913,0.7644,0.76451,2.62,1.25
2016.10.21 07:41:48.380,0.7644,0.76451,3.00,1.25
2016.10.21 07:41:48.709,0.7644,0.76452,4.87,4.69
2016.10.21 07:41:48.762,0.7644,0.76452,6.37,5.44
2016.10.21 07:41:48.865,0.7644,0.76451,4.87,1.69
2016.10.21 07:41:49.070,0.7644,0.76451,7.12,1.69
2016.10.21 07:41:49.894,0.7644,0.76451,5.62,1.69
2016.10.21 07:41:50.047,0.7644,0.76451,4.87,2.62
2016.10.21 07:41:50.098,0.7644,0.76451,6.37,2.77
2016.10.21 07:41:50.150,0.7644,0.76451,6.37,2.62
2016.10.21 07:41:50.613,0.7644,0.76451,5.62,2.44
2016.10.21 07:41:51.155,0.76441,0.76451,1.00,2.77
2016.10.21 07:41:51.714,0.7644,0.76451,5.62,2.44
2016.10.21 07:41:52.094,0.7644,0.76451,5.62,2.58
2016.10.21 07:41:52.196,0.7644,0.76451,5.62,2.58
2016.10.21 07:41:52.248,0.7644,0.76451,4.87,2.44
2016.10.21 07:41:52.299,0.7644,0.76451,4.87,2.44
2016.10.21 07:41:52.401,0.7644,0.76451,4.87,3.33
2016.10.21 07:41:52.452,0.7644,0.76451,4.87,3.19
2016.10.21 07:41:52.503,0.7644,0.76451,4.87,2.44
2016.10.21 07:41:53.192,0.7644,0.76451,5.62,3.56
2016.10.21 07:41:53.294,0.7644,0.76451,4.87,3.56
2016.10.21 07:41:53.346,0.7644,0.76451,4.12,3.56
2016.10.21 07:41:53.448,0.7644,0.7645,4.87,1.00
2016.10.21 07:41:53.499,0.7644,0.7645,3.00,1.00
2016.10.21 07:41:53.551,0.7644,0.7645,1.12,3.52
2016.10.21 07:41:53.602,0.7644,0.7645,1.00,3.89
2016.10.21 07:41:54.070,0.76439,0.7645,4.12,2.25
2016.10.21 07:41:54.121,0.76441,0.7645,1.12,2.25
2016.10.21 07:41:54.173,0.76441,0.76451,1.87,1.31
2016.10.21 07:41:54.224,0.76442,0.76452,1.00,2.81
2016.10.21 07:41:54.276,0.76442,0.76452,1.12,2.44
2016.10.21 07:41:54.327,0.76442,0.76452,1.50,2.06
2016.10.21 07:41:54.378,0.76442,0.76452,1.50,1.69
2016.10.21 07:41:54.870,0.76442,0.76452,2.25,1.69
2016.10.21 07:41:55.125,0.76442,0.76452,1.50,1.69
2016.10.21 07:41:55.767,0.76445,0.76453,1.87,1.50
2016.10.21 07:41:55.819,0.76449,0.76456,1.00,2.81
2016.10.21 07:41:55.871,0.76449,0.76457,1.50,2.81
2016.10.21 07:41:55.974,0.76449,0.76458,1.50,1.19
2016.10.21 07:41:56.510,0.76449,0.76458,1.50,1.83
2016.10.21 07:41:56.562,0.76449,0.76458,1.50,1.38
2016.10.21 07:41:56.875,0.76449,0.76458,1.00,1.38
2016.10.21 07:41:57.345,0.76449,0.76458,1.00,1.64
2016.10.21 07:41:57.396,0.76449,0.76458,1.00,2.39
2016.10.21 07:41:57.447,0.76447,0.76457,3.37,1.19
2016.10.21 07:41:57.498,0.76447,0.76457,1.37,2.59
2016.10.21 07:41:57.550,0.76447,0.76454,1.37,1.31
2016.10.21 07:41:57.601,0.76447,0.76454,1.37,2.81
2016.10.21 07:41:57.652,0.76444,0.76453,2.62,1.19
2016.10.21 07:41:57.703,0.76442,0.76453,4.12,1.56
2016.10.21 07:41:57.754,0.76442,0.76453,2.62,1.56
2016.10.21 07:41:57.806,0.76442,0.76453,2.25,1.56
2016.10.21 07:41:57.857,0.76442,0.76453,1.12,1.56
2016.10.21 07:41:58.179,0.76442,0.76453,1.12,1.56
2016.10.21 07:41:58.231,0.76441,0.76452,1.87,2.50
2016.10.21 07:41:58.478,0.7644,0.76451,1.87,4.50
2016.10.21 07:41:58.529,0.76439,0.7645,3.00,4.19
2016.10.21 07:41:58.580,0.76439,0.7645,1.50,4.19
2016.10.21 07:41:58.632,0.76439,0.7645,1.00,4.19
2016.10.21 07:41:58.684,0.76439,0.7645,1.00,3.25
2016.10.21 07:41:59.122,0.76439,0.7645,1.00,4.00
2016.10.21 07:42:00.163,0.76439,0.7645,1.00,4.75
2016.10.21 07:42:00.265,0.76438,0.7645,3.00,4.00
2016.10.21 07:42:01.256,0.76438,0.7645,3.00,4.08
2016.10.21 07:42:01.358,0.76439,0.7645,1.00,4.87
2016.10.21 07:42:01.460,0.76442,0.7645,1.00,3.94
2016.10.21 07:42:02.345,0.76441,0.7645,1.50,3.19
2016.10.21 07:42:02.609,0.76441,0.7645,1.50,1.69
2016.10.21 07:42:02.985,0.76441,0.7645,1.00,1.69
2016.10.21 07:42:03.298,0.76439,0.7645,2.25,1.31
2016.10.21 07:42:03.401,0.76439,0.7645,3.00,1.31
2016.10.21 07:42:03.677,0.76439,0.7645,2.25,1.31
2016.10.21 07:42:04.199,0.7644,0.7645,1.12,1.31
2016.10.21 07:42:07.268,0.7644,0.7645,1.37,1.25
2016.10.21 07:42:09.866,0.7644,0.7645,1.87,1.25
2016.10.21 07:42:10.082,0.76441,0.7645,1.00,1.25
2016.10.21 07:42:10.862,0.76441,0.7645,1.00,1.25
2016.10.21 07:42:10.913,0.76441,0.76451,1.37,1.19
2016.10.21 07:42:11.067,0.76441,0.76451,1.37,1.19
2016.10.21 07:42:11.169,0.76443,0.76452,1.00,1.69
2016.10.21 07:42:11.221,0.76444,0.76452,1.00,1.00
2016.10.21 07:42:11.273,0.76442,0.76453,2.25,2.81
2016.10.21 07:42:11.324,0.76444,0.76453,1.00,2.44
2016.10.21 07:42:11.376,0.76444,0.76454,1.00,2.81
2016.10.21 07:42:11.719,0.76444,0.76454,1.12,2.06
2016.10.21 07:42:11.785,0.76445,0.76454,1.00,1.19
2016.10.21 07:42:11.836,0.76445,0.76455,1.00,4.69
2016.10.21 07:42:11.888,0.76445,0.76456,2.62,2.44
2016.10.21 07:42:11.939,0.76447,0.76456,1.12,1.25
2016.10.21 07:42:11.991,0.76448,0.76456,1.00,1.25
2016.10.21 07:42:12.042,0.76448,0.76458,1.50,2.06
2016.10.21 07:42:12.094,0.76448,0.76458,2.25,2.81
2016.10.21 07:42:12.146,0.76448,0.76458,3.00,2.81
2016.10.21 07:42:12.197,0.76449,0.76458,1.00,2.81
2016.10.21 07:42:12.529,0.76448,0.76457,2.25,1.19
2016.10.21 07:42:12.581,0.76448,0.76457,1.00,1.69
2016.10.21 07:42:12.633,0.76447,0.76457,1.87,1.69
2016.10.21 07:42:12.684,0.76447,0.76457,1.50,1.19
2016.10.21 07:42:12.786,0.76447,0.76458,1.00,2.81
2016.10.21 07:42:12.889,0.76447,0.76458,1.00,3.94
2016.10.21 07:42:12.991,0.76447,0.76458,1.00,3.19
2016.10.21 07:42:13.042,0.76447,0.76458,1.00,3.94
2016.10.21 07:42:13.094,0.76447,0.76458,1.00,3.56
2016.10.21 07:42:13.628,0.76447,0.76458,1.00,2.81
2016.10.21 07:42:13.835,0.76447,0.76458,1.00,4.31
2016.10.21 07:42:13.990,0.76447,0.76458,1.00,3.56
2016.10.21 07:42:14.844,0.76447,0.76457,3.37,1.19
2016.10.21 07:42:14.895,0.76448,0.76457,1.37,1.19
2016.10.21 07:42:14.997,0.76447,0.76458,1.87,3.19
2016.10.21 07:42:15.049,0.76447,0.76458,1.50,3.56
2016.10.21 07:42:15.100,0.76447,0.76458,1.50,3.19
2016.10.21 07:42:15.650,0.76447,0.76458,1.37,3.19
2016.10.21 07:42:15.954,0.76442,0.76452,2.62,1.00
2016.10.21 07:42:16.040,0.76442,0.76452,1.12,1.50
2016.10.21 07:42:16.142,0.76442,0.76452,1.12,1.50
2016.10.21 07:42:16.448,0.76442,0.76452,1.12,1.50
2016.10.21 07:42:16.499,0.76442,0.76452,1.12,2.25
2016.10.21 07:42:16.550,0.7644,0.76451,4.87,1.00
2016.10.21 07:42:16.602,0.7644,0.76451,5.62,1.00
2016.10.21 07:42:16.918,0.76442,0.76452,3.75,2.81
2016.10.21 07:42:16.974,0.76442,0.76454,6.94,4.69
2016.10.21 07:42:17.027,0.76443,0.76454,1.50,3.19
2016.10.21 07:42:17.078,0.76442,0.76454,8.85,1.69
2016.10.21 07:42:17.129,0.76444,0.76454,1.00,1.69
2016.10.21 07:42:17.334,0.76444,0.76454,1.00,2.44
2016.10.21 07:42:17.734,0.76442,0.76454,9.37,2.81
2016.10.21 07:42:17.785,0.76442,0.76454,7.12,2.06
2016.10.21 07:42:17.896,0.76442,0.76454,5.62,2.06
2016.10.21 07:42:18.048,0.76442,0.76453,7.12,1.25
2016.10.21 07:42:18.151,0.76442,0.76453,6.75,1.25
2016.10.21 07:42:18.253,0.76442,0.76453,3.00,1.25
2016.10.21 07:42:18.311,0.76442,0.76453,4.12,2.44
2016.10.21 07:42:18.362,0.76442,0.76453,3.37,2.44
2016.10.21 07:42:18.970,0.76444,0.76453,1.00,2.44
2016.10.21 07:42:19.029,0.76444,0.76453,1.50,2.44
2016.10.21 07:42:19.583,0.76443,0.76453,1.12,2.44
2016.10.21 07:42:19.892,0.76443,0.76453,1.87,2.44
2016.10.21 07:42:20.322,0.76443,0.76453,1.00,2.44
2016.10.21 07:42:20.373,0.76442,0.76453,4.50,2.44
2016.10.21 07:42:20.425,0.76442,0.76453,4.12,2.44
2016.10.21 07:42:20.857,0.76442,0.76453,3.37,2.44
2016.10.21 07:42:21.653,0.76442,0.76453,3.37,3.19
2016.10.21 07:42:21.755,0.76442,0.76453,4.12,4.69
2016.10.21 07:42:21.908,0.76442,0.76453,3.37,4.69
2016.10.21 07:42:21.959,0.76442,0.76453,3.37,5.06
2016.10.21 07:42:22.697,0.76442,0.76453,3.37,4.31
2016.10.21 07:42:22.799,0.76442,0.76453,3.37,3.56
2016.10.21 07:42:22.851,0.76442,0.76453,3.37,4.69
2016.10.21 07:42:23.004,0.76442,0.76453,3.37,5.58
2016.10.21 07:42:23.107,0.76442,0.76453,3.37,4.69
2016.10.21 07:42:23.430,0.76442,0.76453,3.37,3.94
2016.10.21 07:42:23.481,0.76442,0.76453,3.37,4.83
2016.10.21 07:42:23.584,0.76442,0.76453,3.37,3.94
2016.10.21 07:42:23.688,0.76442,0.76453,3.37,3.94
2016.10.21 07:42:24.195,0.76442,0.76453,3.37,4.69
2016.10.21 07:42:24.905,0.76442,0.76453,3.37,3.94
2016.10.21 07:42:25.058,0.76442,0.76453,2.62,3.94
2016.10.21 07:42:25.160,0.76442,0.76453,2.62,4.69
2016.10.21 07:42:25.262,0.76442,0.76453,2.62,4.31
2016.10.21 07:42:25.313,0.76442,0.76453,2.62,3.56
2016.10.21 07:42:25.582,0.76442,0.76453,3.37,3.56
2016.10.21 07:42:25.965,0.76442,0.76453,4.87,3.56
2016.10.21 07:42:26.016,0.76443,0.76453,1.87,2.81
2016.10.21 07:42:26.068,0.76444,0.76453,1.00,2.81
2016.10.21 07:42:26.120,0.76444,0.76454,1.12,3.56
2016.10.21 07:42:26.171,0.76444,0.76454,1.87,2.81
2016.10.21 07:42:26.222,0.76444,0.76454,1.87,3.56
2016.10.21 07:42:26.274,0.76444,0.76453,1.37,1.25
2016.10.21 07:42:26.944,0.76443,0.76452,1.87,1.50
2016.10.21 07:42:26.998,0.76443,0.76451,1.37,1.00
2016.10.21 07:42:27.050,0.76441,0.76451,3.00,1.00
2016.10.21 07:42:27.153,0.76441,0.76452,3.00,5.25
2016.10.21 07:42:27.204,0.76441,0.76452,3.00,4.50
2016.10.21 07:42:27.408,0.76441,0.76451,3.00,1.00
2016.10.21 07:42:27.510,0.76441,0.76451,3.00,1.00
2016.10.21 07:42:28.230,0.76441,0.76451,1.12,1.00
2016.10.21 07:42:28.286,0.76441,0.76451,1.12,2.39
2016.10.21 07:42:28.490,0.76441,0.76451,1.12,1.50
2016.10.21 07:42:28.800,0.76441,0.76451,1.12,2.25
2016.10.21 07:42:28.851,0.76441,0.76451,1.12,1.00
2016.10.21 07:42:28.902,0.76441,0.76451,1.12,1.00
2016.10.21 07:42:29.307,0.76441,0.76451,1.87,1.00
2016.10.21 07:42:29.363,0.76441,0.76451,2.25,1.00
2016.10.21 07:42:31.221,0.76441,0.76451,3.75,1.00
2016.10.21 07:42:33.036,0.76441,0.76451,1.87,2.25
2016.10.21 07:42:33.087,0.76441,0.76451,1.87,1.50
2016.10.21 07:42:36.313,0.76441,0.76451,1.87,2.25
2016.10.21 07:42:36.364,0.76441,0.76451,1.87,1.50
2016.10.21 07:42:37.161,0.76441,0.76451,1.87,2.25
2016.10.21 07:42:37.213,0.76441,0.76451,1.87,1.50
2016.10.21 07:42:37.315,0.76441,0.76451,1.87,2.25
2016.10.21 07:42:37.418,0.76441,0.76451,1.87,1.50
2016.10.21 07:42:38.343,0.76441,0.76451,1.87,1.50
2016.10.21 07:42:41.049,0.76441,0.76451,3.00,1.50
2016.10.21 07:42:41.151,0.76441,0.76451,2.25,1.50
2016.10.21 07:42:41.304,0.76441,0.76451,1.87,1.50
2016.10.21 07:42:41.456,0.76441,0.76451,1.87,2.25
2016.10.21 07:42:41.832,0.76441,0.76451,1.87,1.50
2016.10.21 07:42:42.963,0.76441,0.76452,3.75,2.62
2016.10.21 07:42:43.017,0.76441,0.76453,3.75,2.44
2016.10.21 07:42:43.323,0.76441,0.76453,6.37,2.44
2016.10.21 07:42:44.260,0.76448,0.76454,2.62,1.69
2016.10.21 07:42:44.311,0.76449,0.76458,1.87,1.19
2016.10.21 07:42:44.362,0.76449,0.76458,3.75,1.19
2016.10.21 07:42:44.464,0.76449,0.76458,1.12,1.19
2016.10.21 07:42:50.230,0.76449,0.76458,1.87,1.19
2016.10.21 07:42:50.289,0.7645,0.76458,1.37,1.19
2016.10.21 07:42:50.606,0.76449,0.76458,1.12,1.19
2016.10.21 07:42:54.356,0.76449,0.76458,1.00,1.19
2016.10.21 07:42:59.619,0.76449,0.76458,3.00,1.19
2016.10.21 07:42:59.679,0.76449,0.76458,3.75,1.19
2016.10.21 07:43:00.524,0.76449,0.76458,4.12,1.19
2016.10.21 07:43:00.583,0.7645,0.76458,1.00,1.19
2016.10.21 07:43:00.634,0.76449,0.76458,3.37,1.19
2016.10.21 07:43:00.736,0.76449,0.76458,2.62,1.19
2016.10.21 07:43:02.184,0.76449,0.76459,2.62,1.19
2016.10.21 07:43:02.235,0.7645,0.76459,1.00,1.19
2016.10.21 07:43:02.821,0.7645,0.76459,1.50,1.19
2016.10.21 07:43:03.180,0.7645,0.76459,2.25,1.19
2016.10.21 07:43:03.923,0.7645,0.76459,1.50,1.19
2016.10.21 07:43:05.120,0.7645,0.76459,2.25,1.19
2016.10.21 07:43:06.430,0.7645,0.76459,1.50,1.19
2016.10.21 07:43:06.736,0.7645,0.76459,2.25,1.19
2016.10.21 07:43:06.787,0.7645,0.76461,2.25,2.81
2016.10.21 07:43:06.838,0.7645,0.76461,3.75,2.81
2016.10.21 07:43:07.319,0.7645,0.76461,3.00,3.56
2016.10.21 07:43:07.370,0.7645,0.76461,3.75,3.56
2016.10.21 07:43:07.422,0.7645,0.76461,3.00,3.37
2016.10.21 07:43:07.473,0.7645,0.76461,3.00,2.62
2016.10.21 07:43:07.524,0.7645,0.76461,3.75,2.62
2016.10.21 07:43:07.575,0.7645,0.76461,4.12,3.00
2016.10.21 07:43:07.898,0.7645,0.76461,3.37,2.25
2016.10.21 07:43:08.085,0.7645,0.76461,3.37,3.00
2016.10.21 07:43:08.289,0.7645,0.76461,3.37,2.25
2016.10.21 07:43:08.390,0.7645,0.76461,4.12,2.25
2016.10.21 07:43:08.695,0.7645,0.7646,3.37,1.00
2016.10.21 07:43:08.746,0.7645,0.7646,2.62,1.00
2016.10.21 07:43:08.797,0.7645,0.76461,2.62,3.00
2016.10.21 07:43:08.848,0.7645,0.76461,2.62,3.37
2016.10.21 07:43:08.899,0.7645,0.76461,2.62,4.12
2016.10.21 07:43:09.001,0.7645,0.76461,2.62,4.87
2016.10.21 07:43:09.329,0.7645,0.76461,2.62,4.50
2016.10.21 07:43:09.533,0.7645,0.76461,2.62,3.75
2016.10.21 07:43:09.635,0.7645,0.76461,1.87,3.75
2016.10.21 07:43:10.503,0.7645,0.76461,1.87,4.50
2016.10.21 07:43:10.656,0.7645,0.76461,1.87,3.75
2016.10.21 07:43:10.707,0.7645,0.76461,1.87,3.00
2016.10.21 07:43:10.809,0.7645,0.76461,1.87,3.75
2016.10.21 07:43:10.983,0.7645,0.76461,1.87,3.00
2016.10.21 07:43:11.085,0.7645,0.76461,1.87,3.75
2016.10.21 07:43:11.784,0.7645,0.76461,1.87,4.50
2016.10.21 07:43:12.176,0.7645,0.76461,1.87,3.75
2016.10.21 07:43:12.674,0.7645,0.76461,3.00,1.50
2016.10.21 07:43:12.727,0.76451,0.76462,2.25,1.00
2016.10.21 07:43:12.779,0.76451,0.76462,4.12,1.00
2016.10.21 07:43:13.117,0.76453,0.76463,2.25,1.50
2016.10.21 07:43:13.168,0.76453,0.76463,4.50,1.00
2016.10.21 07:43:13.219,0.76453,0.76464,5.62,3.37
2016.10.21 07:43:13.475,0.76453,0.76464,4.50,4.12
2016.10.21 07:43:13.526,0.76453,0.76464,4.12,4.50
2016.10.21 07:43:13.577,0.76453,0.76463,1.87,1.50
2016.10.21 07:43:13.628,0.76453,0.76463,2.62,1.50
2016.10.21 07:43:13.679,0.76452,0.76463,1.50,1.50
2016.10.21 07:43:13.731,0.76451,0.76463,3.37,2.62
2016.10.21 07:43:13.833,0.76451,0.76463,3.00,2.62
2016.10.21 07:43:14.116,0.76451,0.76463,1.50,4.50
2016.10.21 07:43:14.167,0.76451,0.76461,2.25,1.12
2016.10.21 07:43:14.218,0.76451,0.76461,3.00,1.12
2016.10.21 07:43:14.269,0.76451,0.76461,3.00,1.12
2016.10.21 07:43:14.321,0.76451,0.76461,1.87,1.50
2016.10.21 07:43:14.482,0.76451,0.76461,1.12,1.50
2016.10.21 07:43:14.562,0.76451,0.76461,1.87,1.50
2016.10.21 07:43:14.716,0.76451,0.76461,1.12,1.50
2016.10.21 07:43:14.767,0.76451,0.76461,1.12,1.50
2016.10.21 07:43:14.871,0.7645,0.76461,3.37,1.50
2016.10.21 07:43:15.299,0.7645,0.76461,4.50,3.00
2016.10.21 07:43:15.359,0.7645,0.76461,3.37,3.00
2016.10.21 07:43:15.462,0.7645,0.76461,4.12,3.00
2016.10.21 07:43:15.564,0.7645,0.7646,1.37,1.50
2016.10.21 07:43:15.666,0.7645,0.7646,1.87,1.50
2016.10.21 07:43:16.226,0.76449,0.7646,6.00,1.50
2016.10.21 07:43:16.806,0.76449,0.7646,5.25,1.50
2016.10.21 07:43:16.857,0.76449,0.7646,6.00,2.25
2016.10.21 07:43:17.011,0.76449,0.7646,4.12,2.25
2016.10.21 07:43:17.062,0.76449,0.7646,4.12,1.50
2016.10.21 07:43:17.317,0.76449,0.7646,3.00,1.50
2016.10.21 07:43:17.368,0.76449,0.76458,1.50,1.00
2016.10.21 07:43:17.419,0.76449,0.76459,1.87,1.12
2016.10.21 07:43:17.470,0.76449,0.76459,1.12,1.12
2016.10.21 07:43:17.802,0.76447,0.76459,9.56,1.87
2016.10.21 07:43:17.905,0.76447,0.76455,8.62,1.27
2016.10.21 07:43:17.983,0.76447,0.76455,4.12,1.87
2016.10.21 07:43:18.034,0.76447,0.76454,1.50,1.00
2016.10.21 07:43:18.086,0.76445,0.76454,2.62,1.12
2016.10.21 07:43:18.137,0.76444,0.76454,1.50,1.12
2016.10.21 07:43:18.188,0.76443,0.76454,3.37,1.12
2016.10.21 07:43:18.239,0.76444,0.76454,1.00,1.12
2016.10.21 07:43:18.290,0.76444,0.76454,1.00,1.50
2016.10.21 07:43:18.710,0.76443,0.76454,3.00,1.50
2016.10.21 07:43:18.913,0.76444,0.76454,1.00,1.50
2016.10.21 07:43:19.065,0.76443,0.76454,3.00,1.50
2016.10.21 07:43:19.117,0.76443,0.76454,2.25,1.50
2016.10.21 07:43:19.958,0.76443,0.76454,2.25,1.00
2016.10.21 07:43:20.163,0.76443,0.76454,2.25,1.00
2016.10.21 07:43:20.752,0.76443,0.76454,3.75,2.25
2016.10.21 07:43:20.811,0.76443,0.76454,4.50,2.25
2016.10.21 07:43:21.117,0.76443,0.76454,3.75,2.25
2016.10.21 07:43:21.168,0.76443,0.76454,3.75,2.25
2016.10.21 07:43:21.219,0.76443,0.76454,4.12,2.25
2016.10.21 07:43:21.372,0.76443,0.76454,4.12,2.25
2016.10.21 07:43:22.523,0.76443,0.76454,4.87,2.25
2016.10.21 07:43:22.575,0.76443,0.76454,4.12,2.25
2016.10.21 07:43:23.143,0.76443,0.76454,4.87,2.25
2016.10.21 07:43:23.245,0.76443,0.76454,4.12,2.25
2016.10.21 07:43:23.658,0.76443,0.76454,4.87,2.25
2016.10.21 07:43:24.149,0.76443,0.76454,4.12,2.25
2016.10.21 07:43:24.704,0.76443,0.76454,4.87,2.25
2016.10.21 07:43:24.755,0.76443,0.76454,4.12,2.25
2016.10.21 07:43:24.806,0.76443,0.76454,4.87,2.25
2016.10.21 07:43:24.857,0.76443,0.76454,4.12,2.25
2016.10.21 07:43:25.226,0.76443,0.76454,4.87,2.25
2016.10.21 07:43:25.277,0.76443,0.76454,4.12,2.25
2016.10.21 07:43:25.379,0.76443,0.76454,4.87,2.25
2016.10.21 07:43:25.587,0.76443,0.76454,4.12,2.25
2016.10.21 07:43:25.638,0.76443,0.76454,5.62,2.25
2016.10.21 07:43:25.689,0.76443,0.76454,4.12,2.25
2016.10.21 07:43:25.740,0.76443,0.76454,4.87,2.25
2016.10.21 07:43:25.791,0.76443,0.76454,4.87,2.25
2016.10.21 07:43:25.944,0.76443,0.76454,4.12,2.25
2016.10.21 07:43:26.361,0.76443,0.76454,4.12,1.00
2016.10.21 07:43:26.618,0.76443,0.76454,4.87,1.00
2016.10.21 07:43:26.720,0.76443,0.76454,4.12,1.00
2016.10.21 07:43:27.465,0.76443,0.76454,3.37,1.00
2016.10.21 07:43:27.524,0.76443,0.76454,2.25,1.00
2016.10.21 07:43:27.575,0.76443,0.76454,1.50,1.00
2016.10.21 07:43:28.005,0.76443,0.76454,1.50,1.50
2016.10.21 07:43:28.107,0.76443,0.76454,1.50,1.00
2016.10.21 07:43:28.158,0.76443,0.76453,1.00,1.00
2016.10.21 07:43:28.209,0.76441,0.76452,5.62,1.12
2016.10.21 07:43:28.794,0.76441,0.76452,4.87,2.62
2016.10.21 07:43:28.848,0.76441,0.76452,1.87,2.62
2016.10.21 07:43:28.899,0.76441,0.76452,1.87,2.62
2016.10.21 07:43:29.206,0.7644,0.76452,3.75,1.37
2016.10.21 07:43:29.308,0.7644,0.76452,3.75,1.87
2016.10.21 07:43:29.410,0.7644,0.76452,3.00,1.87
2016.10.21 07:43:29.462,0.7644,0.76451,3.00,1.12
2016.10.21 07:43:29.514,0.7644,0.76451,4.87,3.00
2016.10.21 07:43:29.807,0.7644,0.76451,1.50,3.75
2016.10.21 07:43:29.861,0.7644,0.7645,2.25,1.50
2016.10.21 07:43:29.963,0.7644,0.7645,1.50,1.50
2016.10.21 07:43:30.116,0.7644,0.76451,1.00,4.87
2016.10.21 07:43:30.218,0.7644,0.76451,1.00,4.12
2016.10.21 07:43:30.289,0.7644,0.76451,1.50,4.12
2016.10.21 07:43:30.493,0.7644,0.7645,1.00,1.50
2016.10.21 07:43:30.544,0.76439,0.7645,2.62,1.50
2016.10.21 07:43:30.595,0.76439,0.7645,2.62,1.50
2016.10.21 07:43:30.894,0.76439,0.76449,3.37,1.12
2016.10.21 07:43:30.945,0.76439,0.7645,2.62,4.91
2016.10.21 07:43:30.996,0.76439,0.76449,2.62,1.11
2016.10.21 07:43:31.048,0.76439,0.76449,2.62,1.86
2016.10.21 07:43:31.099,0.76439,0.76448,1.87,1.50
2016.10.21 07:43:31.150,0.76439,0.76448,1.12,1.50
2016.10.21 07:43:31.201,0.76439,0.76449,1.12,4.72
2016.10.21 07:43:31.253,0.76439,0.76448,1.12,1.00
2016.10.21 07:43:31.305,0.76439,0.76448,1.12,1.00
2016.10.21 07:43:31.356,0.76437,0.76448,4.87,1.00
2016.10.21 07:43:32.707,0.76438,0.76449,1.50,4.12
2016.10.21 07:43:32.761,0.76438,0.76449,1.50,6.22
2016.10.21 07:43:32.812,0.76438,0.76449,1.50,6.22
2016.10.21 07:43:33.016,0.76438,0.76449,1.50,6.22
2016.10.21 07:43:34.097,0.76438,0.76449,1.50,5.85
2016.10.21 07:43:34.844,0.76438,0.76449,1.50,7.86
2016.10.21 07:43:35.166,0.76438,0.76449,1.50,6.73
2016.10.21 07:43:35.217,0.76438,0.76448,1.50,1.00
2016.10.21 07:43:35.268,0.76438,0.76449,1.50,6.73
2016.10.21 07:43:35.725,0.76438,0.76449,1.50,6.73
2016.10.21 07:43:36.263,0.76438,0.76449,1.50,6.73
2016.10.21 07:43:36.315,0.76438,0.76448,1.50,1.00
2016.10.21 07:43:36.722,0.76438,0.76449,1.50,6.73
2016.10.21 07:43:37.726,0.76438,0.76449,1.50,5.85
2016.10.21 07:43:37.930,0.76438,0.76448,1.00,3.22
2016.10.21 07:43:37.982,0.76438,0.76447,1.00,2.10
2016.10.21 07:43:38.033,0.76438,0.76446,1.00,1.35
2016.10.21 07:43:38.381,0.76436,0.76447,3.00,2.85
2016.10.21 07:43:38.432,0.76437,0.76448,3.37,6.41
2016.10.21 07:43:38.483,0.76437,0.76448,3.75,5.23
2016.10.21 07:43:38.535,0.76437,0.76448,3.37,2.81
2016.10.21 07:43:38.586,0.76438,0.76448,1.12,2.81
2016.10.21 07:43:38.841,0.76439,0.76448,1.00,2.81
2016.10.21 07:43:39.269,0.7644,0.76448,1.00,2.06
2016.10.21 07:43:39.321,0.7644,0.76449,1.00,1.91
2016.10.21 07:43:39.424,0.7644,0.76449,1.00,1.56
2016.10.21 07:43:39.587,0.7644,0.76449,1.00,1.91
2016.10.21 07:43:39.792,0.7644,0.76449,1.00,1.56
2016.10.21 07:43:40.108,0.7644,0.7645,1.00,10.54
2016.10.21 07:43:40.159,0.7644,0.7645,1.00,9.79
2016.10.21 07:43:40.572,0.7644,0.7645,1.00,10.54
2016.10.21 07:43:40.956,0.7644,0.7645,1.00,9.79
2016.10.21 07:43:41.007,0.7644,0.7645,1.00,9.04
2016.10.21 07:43:41.058,0.7644,0.7645,1.00,10.91
2016.10.21 07:43:41.410,0.7644,0.7645,1.00,11.66
2016.10.21 07:43:41.462,0.7644,0.76449,1.00,1.69
2016.10.21 07:43:41.678,0.7644,0.7645,1.00,11.66
2016.10.21 07:43:42.229,0.7644,0.7645,1.00,10.54
2016.10.21 07:43:42.281,0.7644,0.7645,1.00,10.91
2016.10.21 07:43:42.332,0.76438,0.7645,3.37,10.91
2016.10.21 07:43:42.383,0.76438,0.7645,2.62,10.91
2016.10.21 07:43:42.692,0.76438,0.7645,2.62,10.16
2016.10.21 07:43:42.756,0.76438,0.76449,3.37,2.29
2016.10.21 07:43:42.959,0.76438,0.76449,2.62,2.29
2016.10.21 07:43:43.010,0.76438,0.76449,3.37,2.29
2016.10.21 07:43:44.395,0.76438,0.76449,2.62,2.29
2016.10.21 07:43:44.785,0.76439,0.76449,1.50,1.69
2016.10.21 07:43:46.533,0.76439,0.76449,1.50,1.69
2016.10.21 07:43:47.104,0.76439,0.76449,1.50,1.69
2016.10.21 07:43:47.978,0.76439,0.76447,1.50,2.06
2016.10.21 07:43:48.030,0.76438,0.76443,2.25,2.47
2016.10.21 07:43:48.357,0.76432,0.76438,1.12,2.62
2016.10.21 07:43:48.408,0.76429,0.76438,1.00,2.62
2016.10.21 07:43:48.460,0.76429,0.76438,1.00,1.87
2016.10.21 07:43:48.511,0.76429,0.76438,1.00,2.25
2016.10.21 07:43:48.613,0.7643,0.76438,1.00,1.50
2016.10.21 07:43:49.142,0.7643,0.76439,1.00,1.87
2016.10.21 07:43:49.297,0.7643,0.76439,1.00,2.76
2016.10.21 07:43:49.568,0.7643,0.76439,1.00,1.87
2016.10.21 07:43:50.302,0.7643,0.76439,1.00,1.12
2016.10.21 07:43:51.246,0.76429,0.76439,1.00,1.12
2016.10.21 07:43:51.628,0.76429,0.76439,1.00,2.01
2016.10.21 07:43:51.730,0.76429,0.76439,1.00,1.12
2016.10.21 07:43:53.302,0.76429,0.76439,1.00,1.87
2016.10.21 07:43:53.936,0.76429,0.76439,1.00,2.76
2016.10.21 07:43:54.089,0.76429,0.76439,1.00,1.87
2016.10.21 07:43:54.760,0.76429,0.76439,1.00,2.76
2016.10.21 07:43:55.180,0.76429,0.76439,1.00,3.36
2016.10.21 07:43:55.231,0.76429,0.76439,1.00,2.47
2016.10.21 07:43:57.126,0.76429,0.76439,1.00,1.72
2016.10.21 07:43:57.674,0.76429,0.76438,1.00,1.00
2016.10.21 07:43:58.026,0.76426,0.76433,1.00,1.00
2016.10.21 07:43:58.078,0.76424,0.76433,1.00,1.00
2016.10.21 07:43:58.129,0.76424,0.76433,1.00,1.50
2016.10.21 07:43:58.231,0.76424,0.76433,1.00,1.87
2016.10.21 07:43:59.371,0.76423,0.76433,1.00,1.12
2016.10.21 07:43:59.425,0.76423,0.76434,1.00,1.50
2016.10.21 07:44:00.264,0.76422,0.76434,4.12,5.62
2016.10.21 07:44:00.321,0.76422,0.76433,2.62,1.87
2016.10.21 07:44:00.372,0.76422,0.76433,1.87,2.62
2016.10.21 07:44:00.626,0.76422,0.76433,2.62,2.62
2016.10.21 07:44:00.930,0.76422,0.76433,1.87,1.87
2016.10.21 07:44:01.033,0.76422,0.76433,2.25,1.87
2016.10.21 07:44:01.373,0.76422,0.76433,1.87,1.87
2016.10.21 07:44:01.630,0.76422,0.76433,3.37,3.37
2016.10.21 07:44:01.836,0.76422,0.76433,3.37,3.37
2016.10.21 07:44:03.198,0.76422,0.76433,2.62,2.62
2016.10.21 07:44:03.248,0.76422,0.76433,2.62,2.62
2016.10.21 07:44:03.351,0.76422,0.76433,2.62,3.37
2016.10.21 07:44:04.067,0.76421,0.76431,1.87,4.50
2016.10.21 07:44:04.118,0.76419,0.76429,2.62,1.00
2016.10.21 07:44:04.169,0.76419,0.76429,1.50,1.00
2016.10.21 07:44:04.481,0.76419,0.76429,2.25,1.00
2016.10.21 07:44:05.134,0.76419,0.76429,1.50,1.00
2016.10.21 07:44:05.186,0.76419,0.76429,1.00,1.00
2016.10.21 07:44:06.006,0.76419,0.76429,1.12,1.00
2016.10.21 07:44:06.058,0.76421,0.76429,1.00,1.00
2016.10.21 07:44:06.109,0.76421,0.76429,1.50,1.00
2016.10.21 07:44:07.275,0.76422,0.76429,1.00,1.00
2016.10.21 07:44:07.326,0.76421,0.76429,1.50,1.00
2016.10.21 07:44:07.377,0.76421,0.76429,1.50,1.50
2016.10.21 07:44:07.734,0.76422,0.76429,1.00,1.50
2016.10.21 07:44:08.112,0.76421,0.76429,1.50,1.50
2016.10.21 07:44:09.341,0.76422,0.76429,1.00,1.50
2016.10.21 07:44:11.482,0.76421,0.76429,1.50,1.50
2016.10.21 07:44:11.533,0.76421,0.76429,1.00,1.50
2016.10.21 07:44:11.584,0.76421,0.76429,1.00,1.00
2016.10.21 07:44:12.026,0.76422,0.76431,1.50,1.87
2016.10.21 07:44:12.077,0.76425,0.76431,1.00,1.12
2016.10.21 07:44:12.128,0.76425,0.76431,1.00,1.00
2016.10.21 07:44:12.230,0.76424,0.76431,1.50,1.00
2016.10.21 07:44:12.281,0.76424,0.76431,1.50,1.00
2016.10.21 07:44:12.333,0.76425,0.76431,1.00,1.00
2016.10.21 07:44:12.689,0.76425,0.76432,1.00,1.00
2016.10.21 07:44:13.318,0.76426,0.76433,1.00,1.00
2016.10.21 07:44:14.361,0.76427,0.76433,1.00,1.00
2016.10.21 07:44:14.463,0.76426,0.76433,1.50,1.00
2016.10.21 07:44:14.514,0.76427,0.76433,1.00,1.00
2016.10.21 07:44:14.566,0.76429,0.76433,1.00,1.00
2016.10.21 07:44:14.618,0.76428,0.76433,1.50,1.00
2016.10.21 07:44:14.669,0.76428,0.76435,2.25,1.50
2016.10.21 07:44:14.720,0.76429,0.76435,1.00,1.50
2016.10.21 07:44:14.772,0.76429,0.76435,1.00,1.00
2016.10.21 07:44:14.823,0.76428,0.76435,1.50,1.00
2016.10.21 07:44:14.925,0.76429,0.76435,1.00,1.00
2016.10.21 07:44:14.976,0.76428,0.76435,1.50,1.00
2016.10.21 07:44:15.541,0.76429,0.76435,1.00,1.00
2016.10.21 07:44:15.950,0.76428,0.76435,1.50,1.00
2016.10.21 07:44:16.002,0.7643,0.76435,1.00,1.00
2016.10.21 07:44:16.104,0.7643,0.76435,1.50,1.00
2016.10.21 07:44:16.155,0.7643,0.76435,1.00,1.00
2016.10.21 07:44:16.206,0.7643,0.76435,1.50,1.00
2016.10.21 07:44:16.257,0.7643,0.76437,1.50,1.87
2016.10.21 07:44:16.547,0.7643,0.76437,1.00,1.87
2016.10.21 07:44:16.598,0.7643,0.76437,1.00,2.25
2016.10.21 07:44:16.649,0.7643,0.76437,1.50,2.25
2016.10.21 07:44:16.806,0.7643,0.76437,1.00,2.25
2016.10.21 07:44:16.887,0.76428,0.76437,1.00,1.12
2016.10.21 07:44:17.092,0.76427,0.76437,2.25,1.12
2016.10.21 07:44:17.404,0.76427,0.76436,2.25,1.00
2016.10.21 07:44:18.249,0.76428,0.76436,1.00,1.00
2016.10.21 07:44:18.300,0.76427,0.76436,1.00,1.00
2016.10.21 07:44:18.402,0.76427,0.76436,1.00,1.50
2016.10.21 07:44:18.453,0.76426,0.76436,1.87,1.50
2016.10.21 07:44:20.248,0.76426,0.76436,1.12,1.50
2016.10.21 07:44:20.605,0.76426,0.76436,1.00,1.87
2016.10.21 07:44:20.656,0.76426,0.76436,1.00,1.12
2016.10.21 07:44:20.707,0.76425,0.76435,1.87,1.00
2016.10.21 07:44:20.759,0.76425,0.76434,1.12,1.12
2016.10.21 07:44:21.093,0.76424,0.76434,1.87,2.62
2016.10.21 07:44:21.145,0.76424,0.76434,1.00,3.00
2016.10.21 07:44:21.246,0.76424,0.76434,1.50,3.00
2016.10.21 07:44:22.159,0.76425,0.76435,1.00,5.06
2016.10.21 07:44:22.210,0.76425,0.76435,1.50,5.06
2016.10.21 07:44:22.414,0.76425,0.76435,1.50,5.44
2016.10.21 07:44:23.571,0.76425,0.76435,1.50,5.81
2016.10.21 07:44:25.372,0.76425,0.76435,1.50,5.06
2016.10.21 07:44:25.423,0.76425,0.76435,1.50,4.69
2016.10.21 07:44:26.873,0.76427,0.76435,1.00,4.69
2016.10.21 07:44:27.893,0.76427,0.76435,1.00,5.44
2016.10.21 07:44:27.944,0.76427,0.76435,1.00,4.69
2016.10.21 07:44:27.995,0.76427,0.76434,1.00,1.50
2016.10.21 07:44:28.316,0.76427,0.76434,1.00,1.00
2016.10.21 07:44:28.369,0.76427,0.76434,1.50,1.00
2016.10.21 07:44:28.681,0.76427,0.76434,1.00,1.00
2016.10.21 07:44:28.833,0.76427,0.76434,1.50,1.00
2016.10.21 07:44:28.884,0.76427,0.76434,1.00,1.00
2016.10.21 07:44:29.404,0.76427,0.76434,1.50,1.00
2016.10.21 07:44:29.506,0.76427,0.76434,1.00,1.00
2016.10.21 07:44:29.610,0.76427,0.76434,1.50,1.00
2016.10.21 07:44:29.763,0.76427,0.76434,1.00,1.00
2016.10.21 07:44:30.004,0.76427,0.76434,1.50,1.00
2016.10.21 07:44:30.176,0.76428,0.76436,1.00,4.12
2016.10.21 07:44:30.227,0.76428,0.76436,1.50,2.62
2016.10.21 07:44:30.278,0.76429,0.76436,1.00,2.62
2016.10.21 07:44:30.840,0.76431,0.76436,1.00,1.50
2016.10.21 07:44:30.907,0.76431,0.76439,1.00,1.00
2016.10.21 07:44:30.958,0.76431,0.76439,1.50,1.00
2016.10.21 07:44:31.061,0.76431,0.76439,1.00,1.00
2016.10.21 07:44:31.163,0.76431,0.76439,1.50,1.00
2016.10.21 07:44:31.368,0.76431,0.76439,1.00,1.00
2016.10.21 07:44:31.879,0.76432,0.76439,1.00,1.00
2016.10.21 07:44:32.441,0.76432,0.76439,1.50,1.00
2016.10.21 07:44:32.543,0.76432,0.76439,1.00,1.00
2016.10.21 07:44:33.174,0.76432,0.76441,1.50,3.37
2016.10.21 07:44:33.327,0.76432,0.76441,2.25,3.37
2016.10.21 07:44:34.094,0.76432,0.76441,1.50,3.37
2016.10.21 07:44:34.396,0.76433,0.76441,1.00,1.12
2016.10.21 07:44:35.331,0.76434,0.76441,1.00,1.12
2016.10.21 07:44:35.748,0.76433,0.76441,1.50,1.12
2016.10.21 07:44:36.908,0.76434,0.76442,1.00,5.38
2016.10.21 07:44:37.012,0.76433,0.76442,1.50,6.00
2016.10.21 07:44:37.317,0.76434,0.76442,1.00,6.13
2016.10.21 07:44:37.879,0.76433,0.76442,1.00,6.00
2016.10.21 07:44:37.930,0.76432,0.76442,1.50,6.00
2016.10.21 07:44:39.506,0.76433,0.76442,1.00,6.13
2016.10.21 07:44:39.619,0.76432,0.76442,1.50,6.00
2016.10.21 07:44:39.670,0.76432,0.76442,1.50,6.13
2016.10.21 07:44:39.722,0.76432,0.76442,1.00,5.25
2016.10.21 07:44:39.775,0.76432,0.76442,1.00,5.38
2016.10.21 07:44:39.826,0.76432,0.76442,1.50,3.88
2016.10.21 07:44:40.104,0.76432,0.7644,1.50,1.00
2016.10.21 07:44:40.155,0.76432,0.7644,1.00,1.00
2016.10.21 07:44:40.513,0.76431,0.7644,2.25,2.25
2016.10.21 07:44:40.718,0.76431,0.7644,2.25,1.00
2016.10.21 07:44:40.871,0.76432,0.7644,1.00,1.00
2016.10.21 07:44:41.239,0.76431,0.7644,1.00,1.00
2016.10.21 07:44:41.341,0.76431,0.7644,1.50,1.00
2016.10.21 07:44:41.392,0.76431,0.7644,1.00,1.00
2016.10.21 07:44:41.545,0.76431,0.7644,1.50,1.00
2016.10.21 07:44:41.800,0.76431,0.7644,1.00,1.00
2016.10.21 07:44:41.954,0.76431,0.7644,1.50,1.00
2016.10.21 07:44:42.442,0.76431,0.7644,1.00,1.00
2016.10.21 07:44:42.544,0.76431,0.7644,3.00,1.00
2016.10.21 07:44:42.863,0.76431,0.7644,1.50,1.00
2016.10.21 07:44:43.016,0.76431,0.7644,1.00,1.00
2016.10.21 07:44:43.118,0.76431,0.7644,2.25,1.00
2016.10.21 07:44:43.220,0.76431,0.7644,3.00,1.00
2016.10.21 07:44:43.716,0.76431,0.7644,3.75,1.00
2016.10.21 07:44:43.978,0.76431,0.7644,1.50,1.00
2016.10.21 07:44:44.038,0.76431,0.7644,2.25,1.00
2016.10.21 07:44:44.242,0.76432,0.7644,1.00,1.00
2016.10.21 07:44:44.344,0.76431,0.7644,1.50,1.00
2016.10.21 07:44:44.526,0.76432,0.7644,1.00,1.00
2016.10.21 07:44:44.957,0.76432,0.7644,1.50,1.00
2016.10.21 07:44:48.933,0.76433,0.7644,1.00,1.00
2016.10.21 07:44:49.529,0.76432,0.76442,1.50,3.94
2016.10.21 07:44:49.709,0.76433,0.76442,1.00,3.94
2016.10.21 07:44:49.914,0.76433,0.76442,1.00,3.19
2016.10.21 07:44:49.965,0.76434,0.76442,1.50,1.50
2016.10.21 07:44:50.016,0.76435,0.76442,1.00,1.37
2016.10.21 07:44:50.068,0.76435,0.76444,1.00,1.37
2016.10.21 07:44:50.119,0.76435,0.76444,1.00,1.12
2016.10.21 07:44:50.274,0.76435,0.76444,1.00,1.00
2016.10.21 07:44:53.007,0.76434,0.76444,1.87,1.12
2016.10.21 07:44:53.228,0.76434,0.76444,1.87,1.50
2016.10.21 07:44:53.279,0.76434,0.76444,1.87,2.25
2016.10.21 07:44:53.633,0.76436,0.76444,1.00,2.62
2016.10.21 07:44:56.091,0.76436,0.76444,1.00,2.25
2016.10.21 07:44:57.430,0.7644,0.76444,1.00,1.50
2016.10.21 07:44:57.765,0.76441,0.76445,1.00,1.12
2016.10.21 07:44:57.816,0.76442,0.7645,1.00,1.50
2016.10.21 07:44:57.867,0.76441,0.7645,1.50,1.50
2016.10.21 07:44:57.919,0.76442,0.7645,1.00,1.50
2016.10.21 07:44:57.970,0.76441,0.7645,1.50,1.50
2016.10.21 07:44:58.123,0.76442,0.7645,1.00,1.00
2016.10.21 07:44:58.735,0.76442,0.76451,1.00,3.75
2016.10.21 07:44:58.789,0.76443,0.76451,1.00,3.00
2016.10.21 07:44:59.043,0.76443,0.76451,1.50,1.50
2016.10.21 07:44:59.095,0.76443,0.76451,1.00,1.50
2016.10.21 07:44:59.146,0.76443,0.76452,1.00,4.50
2016.10.21 07:44:59.197,0.76444,0.76452,1.00,3.94
2016.10.21 07:44:59.535,0.76445,0.76453,1.00,1.12
2016.10.21 07:44:59.863,0.76445,0.76454,1.00,7.50
2016.10.21 07:45:00.067,0.76444,0.76454,1.50,7.50
2016.10.21 07:45:00.466,0.76444,0.76454,1.50,5.62
2016.10.21 07:45:01.154,0.76444,0.76454,1.50,4.50
2016.10.21 07:45:01.205,0.76445,0.76454,1.00,4.50
2016.10.21 07:45:01.830,0.76445,0.76454,1.12,3.75
2016.10.21 07:45:01.881,0.76444,0.76454,2.62,3.75
2016.10.21 07:45:02.211,0.76444,0.76453,1.50,1.00
2016.10.21 07:45:02.262,0.76444,0.76451,1.00,1.00
2016.10.21 07:45:02.466,0.76444,0.76453,1.50,1.87
2016.10.21 07:45:02.517,0.76444,0.76453,1.50,2.25
2016.10.21 07:45:02.568,0.76444,0.76453,1.00,2.62
2016.10.21 07:45:02.670,0.76444,0.76453,1.00,3.37
2016.10.21 07:45:02.721,0.76444,0.76452,1.00,1.37
2016.10.21 07:45:03.318,0.76444,0.76452,1.00,1.87
2016.10.21 07:45:03.573,0.76443,0.76452,1.50,1.87
2016.10.21 07:45:03.624,0.76443,0.76452,1.00,1.87
2016.10.21 07:45:03.675,0.76443,0.76451,1.00,1.12
2016.10.21 07:45:03.726,0.76443,0.76451,1.00,1.12
2016.10.21 07:45:04.044,0.76443,0.76451,1.00,1.87
2016.10.21 07:45:04.197,0.76443,0.76451,1.00,1.12
2016.10.21 07:45:04.299,0.76443,0.76451,1.00,1.87
2016.10.21 07:45:04.401,0.76443,0.76451,1.00,1.12
2016.10.21 07:45:05.427,0.76442,0.7645,1.00,1.00
2016.10.21 07:45:05.718,0.76442,0.7645,1.50,1.00
2016.10.21 07:45:05.973,0.76442,0.76451,1.00,1.87
2016.10.21 07:45:06.075,0.76442,0.76451,1.50,1.87
2016.10.21 07:45:06.419,0.76442,0.76451,2.62,1.12
2016.10.21 07:45:06.470,0.76442,0.76451,1.87,1.12
2016.10.21 07:45:06.521,0.76444,0.76451,1.00,1.12
2016.10.21 07:45:06.573,0.76444,0.76452,2.25,3.37
2016.10.21 07:45:06.624,0.76444,0.76452,1.50,3.37
2016.10.21 07:45:06.727,0.76444,0.76452,1.50,2.62
2016.10.21 07:45:06.931,0.76444,0.76452,1.00,2.62
2016.10.21 07:45:07.783,0.76444,0.76452,1.50,2.62
2016.10.21 07:45:07.835,0.76444,0.76452,1.00,2.62
2016.10.21 07:45:07.988,0.76444,0.76452,1.50,2.62
2016.10.21 07:45:08.259,0.76444,0.76452,1.50,2.25
2016.10.21 07:45:08.312,0.76444,0.76452,1.00,1.87
2016.10.21 07:45:08.877,0.76444,0.76452,1.50,1.87
2016.10.21 07:45:09.239,0.76444,0.76452,1.00,1.87
2016.10.21 07:45:09.799,0.76444,0.76452,1.50,1.87
2016.10.21 07:45:11.060,0.76444,0.76452,1.00,1.87
2016.10.21 07:45:11.162,0.76444,0.76453,1.00,3.75
2016.10.21 07:45:11.354,0.76444,0.76453,1.00,3.19
2016.10.21 07:45:11.405,0.76444,0.76451,1.50,2.01
2016.10.21 07:45:11.456,0.76444,0.76451,1.50,1.87
2016.10.21 07:45:11.507,0.76444,0.76451,1.50,1.87
2016.10.21 07:45:11.558,0.76444,0.76451,1.00,1.87
2016.10.21 07:45:11.660,0.76444,0.76451,1.00,2.25
2016.10.21 07:45:12.125,0.76444,0.76451,1.50,2.25
2016.10.21 07:45:12.176,0.76444,0.76451,1.00,2.25
2016.10.21 07:45:13.029,0.76444,0.76451,1.00,2.38
2016.10.21 07:45:13.345,0.76443,0.76451,1.00,3.00
2016.10.21 07:45:13.396,0.76443,0.76451,1.50,3.13
2016.10.21 07:45:13.447,0.76443,0.76451,1.50,3.88
2016.10.21 07:45:13.601,0.76443,0.76451,1.00,3.00
2016.10.21 07:45:13.804,0.76443,0.76451,1.50,3.88
2016.10.21 07:45:14.008,0.76443,0.76451,1.50,3.88
2016.10.21 07:45:14.059,0.76443,0.76451,1.00,3.00
2016.10.21 07:45:14.803,0.76443,0.76451,1.00,3.75
2016.10.21 07:45:14.854,0.76443,0.76451,1.00,3.37
2016.10.21 07:45:14.905,0.76443,0.76451,1.00,2.62
2016.10.21 07:45:14.956,0.76443,0.76451,1.50,1.87
2016.10.21 07:45:15.008,0.76443,0.76452,1.00,3.00
2016.10.21 07:45:15.059,0.76443,0.76452,1.00,3.37
2016.10.21 07:45:15.111,0.76443,0.76452,1.00,2.62
2016.10.21 07:45:15.646,0.76444,0.76452,1.00,2.62
2016.10.21 07:45:15.901,0.76444,0.76452,1.00,2.25
2016.10.21 07:45:15.952,0.76444,0.76452,1.00,1.87
2016.10.21 07:45:16.210,0.76443,0.76453,2.25,3.00
2016.10.21 07:45:16.262,0.76443,0.76453,2.62,4.12
2016.10.21 07:45:16.555,0.76448,0.76453,1.00,1.50
2016.10.21 07:45:16.607,0.76448,0.76456,1.50,1.00
2016.10.21 07:45:16.659,0.7645,0.76457,1.00,2.62
2016.10.21 07:45:16.712,0.7645,0.76458,1.00,2.81
2016.10.21 07:45:16.763,0.7645,0.76458,1.00,1.12
2016.10.21 07:45:16.815,0.7645,0.76459,1.00,2.62
2016.10.21 07:45:16.867,0.7645,0.76459,1.12,2.25
2016.10.21 07:45:16.918,0.7645,0.76459,1.50,2.62
2016.10.21 07:45:17.276,0.76453,0.76461,1.00,1.00
2016.10.21 07:45:17.327,0.76453,0.76461,1.50,1.00
2016.10.21 07:45:17.378,0.76453,0.76462,1.50,2.81
2016.10.21 07:45:17.583,0.76453,0.76462,1.50,3.19
2016.10.21 07:45:17.685,0.76454,0.76462,1.00,3.19
2016.10.21 07:45:17.744,0.76453,0.76462,1.50,3.19
2016.10.21 07:45:18.167,0.76453,0.76462,1.50,3.94
2016.10.21 07:45:18.218,0.76453,0.76462,1.50,4.31
2016.10.21 07:45:18.422,0.76453,0.76462,1.50,5.06
2016.10.21 07:45:18.575,0.76453,0.76462,1.50,4.31
2016.10.21 07:45:18.678,0.76453,0.76462,1.50,5.06
2016.10.21 07:45:19.096,0.76454,0.76462,1.00,3.94
2016.10.21 07:45:19.250,0.76453,0.76462,1.50,4.31
2016.10.21 07:45:19.403,0.76453,0.76462,1.50,5.06
2016.10.21 07:45:19.505,0.76454,0.76462,1.00,5.06
2016.10.21 07:45:19.926,0.76454,0.76462,1.00,4.69
2016.10.21 07:45:20.181,0.76453,0.76462,1.50,4.69
2016.10.21 07:45:20.448,0.76454,0.76462,1.00,4.69
2016.10.21 07:45:20.499,0.76454,0.76462,1.00,5.06
2016.10.21 07:45:20.550,0.76454,0.76462,1.00,4.69
2016.10.21 07:45:20.601,0.76453,0.76462,1.50,4.69
2016.10.21 07:45:20.753,0.76454,0.76462,1.00,4.69
2016.10.21 07:45:20.855,0.76453,0.76462,1.50,4.69
2016.10.21 07:45:21.608,0.76453,0.76462,1.50,5.06
2016.10.21 07:45:21.659,0.76453,0.76462,1.50,5.25
2016.10.21 07:45:21.761,0.76454,0.76462,1.00,5.77
2016.10.21 07:45:21.863,0.76454,0.76462,1.00,5.40
2016.10.21 07:45:23.029,0.76453,0.76462,1.50,5.40
2016.10.21 07:45:23.081,0.76453,0.76462,1.00,5.40
2016.10.21 07:45:23.901,0.76453,0.76462,1.00,5.02
2016.10.21 07:45:23.952,0.76452,0.76462,1.50,4.31
2016.10.21 07:45:24.004,0.76453,0.76462,1.00,4.87
2016.10.21 07:45:24.055,0.76453,0.76462,1.00,5.38
2016.10.21 07:45:24.107,0.76452,0.76461,1.50,1.00
2016.10.21 07:45:24.158,0.76453,0.76461,1.00,1.07
2016.10.21 07:45:24.210,0.76452,0.76461,1.50,1.00
2016.10.21 07:45:24.821,0.76452,0.76461,1.50,1.12
2016.10.21 07:45:25.737,0.76452,0.76461,1.50,1.00
2016.10.21 07:45:25.790,0.76453,0.76461,1.00,1.18
2016.10.21 07:45:25.841,0.76452,0.76461,1.50,1.00
2016.10.21 07:45:26.301,0.76453,0.76461,1.00,1.00
2016.10.21 07:45:26.404,0.76452,0.76461,1.50,1.00
2016.10.21 07:45:27.041,0.76453,0.76461,1.00,1.00
2016.10.21 07:45:28.016,0.76452,0.76461,2.25,1.00
2016.10.21 07:45:28.067,0.76453,0.76461,1.00,1.00
2016.10.21 07:45:28.120,0.76453,0.76461,1.50,1.00
2016.10.21 07:45:28.171,0.76456,0.76461,1.00,1.00
2016.10.21 07:45:28.222,0.76455,0.76464,1.50,4.87
2016.10.21 07:45:28.274,0.76455,0.76464,1.50,3.00
2016.10.21 07:45:28.690,0.76457,0.76465,1.50,2.62
2016.10.21 07:45:28.958,0.76457,0.76465,1.50,1.50
2016.10.21 07:45:29.022,0.76458,0.76465,1.00,1.20
2016.10.21 07:45:29.225,0.76458,0.76465,1.00,2.40
2016.10.21 07:45:30.348,0.76457,0.76465,1.50,2.62
2016.10.21 07:45:30.500,0.76457,0.76465,1.50,1.87
2016.10.21 07:45:30.602,0.76458,0.76466,1.00,1.50
2016.10.21 07:45:30.704,0.76457,0.76466,1.50,1.69
2016.10.21 07:45:31.127,0.76457,0.76466,1.50,1.62
2016.10.21 07:45:31.250,0.76458,0.76466,1.00,1.50
2016.10.21 07:45:31.301,0.76458,0.76466,1.50,1.50
2016.10.21 07:45:31.556,0.76458,0.76466,1.00,1.84
2016.10.21 07:45:31.607,0.76458,0.76466,1.00,2.96
2016.10.21 07:45:32.407,0.76455,0.76464,1.50,1.50
2016.10.21 07:45:32.638,0.76455,0.76464,1.50,1.12
2016.10.21 07:45:33.531,0.76456,0.76464,1.50,1.50
2016.10.21 07:45:33.633,0.76456,0.76464,1.50,1.50
2016.10.21 07:45:33.838,0.76456,0.76464,1.50,2.25
2016.10.21 07:45:33.941,0.76456,0.76464,1.50,1.50
2016.10.21 07:45:34.337,0.76456,0.76464,1.00,1.12
2016.10.21 07:45:34.637,0.76455,0.76464,2.25,1.12
2016.10.21 07:45:35.130,0.76455,0.76464,2.25,1.12
2016.10.21 07:45:36.620,0.76456,0.76464,1.00,1.50
2016.10.21 07:45:36.773,0.76455,0.76464,2.25,1.12
2016.10.21 07:45:37.366,0.76455,0.76464,2.25,2.25
2016.10.21 07:45:37.417,0.76455,0.76464,2.25,2.62
2016.10.21 07:45:37.468,0.76455,0.76464,2.25,1.87
2016.10.21 07:45:37.904,0.76455,0.76464,1.50,2.62
2016.10.21 07:45:38.007,0.76455,0.76462,1.50,1.00
2016.10.21 07:45:38.823,0.76456,0.76462,1.00,1.00
2016.10.21 07:45:38.875,0.76456,0.76462,1.00,1.12
2016.10.21 07:45:38.926,0.76455,0.76462,1.00,1.00
2016.10.21 07:45:38.978,0.76454,0.76462,4.12,1.00
2016.10.21 07:45:39.029,0.76454,0.76462,2.62,1.00
2016.10.21 07:45:39.080,0.76453,0.76462,6.37,1.00
2016.10.21 07:45:39.132,0.76452,0.76463,7.50,1.87
2016.10.21 07:45:39.184,0.76452,0.76462,7.12,1.50
2016.10.21 07:45:39.524,0.76452,0.76462,3.37,4.50
2016.10.21 07:45:39.596,0.76452,0.76462,1.00,3.75
2016.10.21 07:45:39.698,0.76451,0.76461,2.25,1.00
2016.10.21 07:45:40.158,0.76451,0.76461,1.00,2.25
2016.10.21 07:45:40.766,0.76449,0.76461,2.62,3.37
2016.10.21 07:45:40.833,0.76449,0.7646,1.50,2.25
2016.10.21 07:45:40.999,0.76449,0.7646,1.50,3.00
2016.10.21 07:45:41.985,0.76449,0.7646,1.50,2.25
2016.10.21 07:45:42.061,0.76449,0.7646,1.50,2.25
2016.10.21 07:45:42.215,0.76449,0.7646,1.50,3.00
2016.10.21 07:45:42.549,0.76449,0.7646,1.50,3.75
2016.10.21 07:45:43.479,0.76449,0.7646,1.37,3.75
2016.10.21 07:45:44.184,0.76449,0.76458,1.37,1.00
2016.10.21 07:45:44.235,0.76449,0.76458,1.00,1.12
2016.10.21 07:45:44.287,0.76448,0.76458,1.12,1.50
2016.10.21 07:45:44.338,0.76447,0.76458,4.69,1.50
2016.10.21 07:45:44.440,0.76448,0.76458,1.00,1.00
2016.10.21 07:45:44.761,0.76448,0.76459,3.37,1.00
2016.10.21 07:45:44.914,0.76448,0.76459,3.37,2.25
2016.10.21 07:45:45.118,0.76448,0.76459,3.37,1.50
2016.10.21 07:45:45.271,0.76448,0.76459,3.37,3.75
2016.10.21 07:45:45.545,0.76448,0.76459,3.37,3.00
2016.10.21 07:45:46.072,0.76448,0.76459,3.37,3.75
2016.10.21 07:45:46.123,0.76448,0.76459,3.37,2.25
2016.10.21 07:45:46.225,0.76448,0.76459,3.37,3.75
2016.10.21 07:45:47.517,0.76448,0.76459,3.00,4.12
2016.10.21 07:45:49.679,0.76448,0.76459,3.00,2.62
2016.10.21 07:45:49.730,0.76448,0.76459,3.75,1.87
2016.10.21 07:45:50.472,0.76449,0.76459,1.50,1.87
2016.10.21 07:45:50.545,0.76449,0.7646,1.87,4.50
2016.10.21 07:45:50.597,0.76449,0.7646,2.62,3.75
2016.10.21 07:45:50.649,0.7645,0.7646,1.12,4.50
2016.10.21 07:45:50.752,0.7645,0.7646,1.12,4.50
2016.10.21 07:45:51.093,0.7645,0.7646,1.87,2.62
2016.10.21 07:45:51.144,0.7645,0.76461,1.50,1.87
2016.10.21 07:45:51.959,0.7645,0.76461,1.50,1.87
2016.10.21 07:45:52.316,0.7645,0.76461,1.00,2.62
2016.10.21 07:45:52.368,0.7645,0.76461,1.00,4.50
2016.10.21 07:45:52.419,0.76449,0.7646,1.87,1.00
2016.10.21 07:45:52.471,0.76449,0.7646,2.62,1.87
2016.10.21 07:45:52.778,0.76449,0.7646,1.50,2.62
2016.10.21 07:45:52.829,0.76449,0.7646,3.00,1.87
2016.10.21 07:45:52.885,0.76449,0.7646,3.00,1.87
2016.10.21 07:45:53.040,0.76449,0.7646,3.00,1.12
2016.10.21 07:45:53.091,0.76449,0.7646,3.75,1.26
2016.10.21 07:45:53.634,0.76449,0.7646,2.25,1.12
2016.10.21 07:45:53.786,0.76449,0.7646,2.25,1.12
2016.10.21 07:45:55.177,0.76449,0.76459,2.25,1.00
2016.10.21 07:45:55.631,0.76449,0.76459,1.12,1.50
2016.10.21 07:45:58.087,0.76449,0.76459,1.12,1.50
2016.10.21 07:45:58.138,0.76449,0.76459,1.12,2.25
2016.10.21 07:45:58.189,0.76449,0.76459,1.12,2.25
2016.10.21 07:45:58.240,0.76449,0.76459,1.12,1.50
2016.10.21 07:45:58.742,0.76449,0.76459,1.12,1.50
2016.10.21 07:45:58.898,0.76449,0.76459,1.12,1.50
2016.10.21 07:45:59.306,0.76449,0.76459,1.50,1.00
2016.10.21 07:45:59.357,0.76449,0.76459,1.50,1.00
2016.10.21 07:45:59.408,0.76448,0.76459,7.12,1.00
2016.10.21 07:45:59.459,0.76448,0.76459,5.25,1.00
2016.10.21 07:46:00.038,0.76448,0.76459,5.25,1.00
2016.10.21 07:46:00.090,0.76448,0.76459,4.50,1.00
2016.10.21 07:46:00.193,0.76448,0.76459,5.25,1.00
2016.10.21 07:46:00.246,0.76448,0.76459,5.25,1.00
2016.10.21 07:46:01.034,0.76448,0.76458,1.87,1.00
2016.10.21 07:46:01.085,0.76448,0.76456,1.87,1.00
2016.10.21 07:46:01.137,0.76447,0.76456,2.25,1.50
2016.10.21 07:46:01.188,0.76446,0.76454,3.75,1.00
2016.10.21 07:46:01.239,0.76446,0.76454,2.62,1.00
2016.10.21 07:46:01.290,0.76445,0.76453,2.25,1.00
2016.10.21 07:46:01.342,0.76445,0.76453,2.25,1.50
2016.10.21 07:46:01.393,0.76443,0.76453,3.75,1.87
2016.10.21 07:46:01.685,0.76443,0.76453,3.00,1.50
2016.10.21 07:46:01.739,0.76443,0.76453,1.50,1.00
2016.10.21 07:46:01.790,0.76442,0.76453,3.56,1.00
2016.10.21 07:46:01.842,0.76442,0.76453,5.44,1.00
2016.10.21 07:46:01.893,0.76443,0.76453,1.87,1.00
2016.10.21 07:46:01.945,0.76443,0.76453,1.37,1.00
2016.10.21 07:46:01.997,0.76443,0.76453,1.50,1.50
2016.10.21 07:46:02.049,0.76443,0.76453,1.50,2.25
2016.10.21 07:46:02.130,0.76443,0.76452,1.00,1.00
2016.10.21 07:46:02.427,0.76443,0.76452,1.00,1.12
2016.10.21 07:46:02.479,0.76442,0.76452,2.44,1.87
2016.10.21 07:46:03.349,0.76442,0.76452,2.44,1.12
2016.10.21 07:46:05.834,0.76442,0.7645,2.44,1.00
2016.10.21 07:46:05.886,0.76442,0.7645,2.25,1.18
2016.10.21 07:46:05.938,0.76441,0.7645,1.12,1.87
2016.10.21 07:46:05.989,0.76439,0.76448,5.62,1.00
2016.10.21 07:46:06.041,0.76439,0.76448,3.37,1.00
2016.10.21 07:46:06.391,0.76439,0.76447,1.00,1.00
2016.10.21 07:46:06.544,0.76439,0.76447,1.00,1.00
2016.10.21 07:46:06.931,0.76438,0.76447,2.62,1.00
2016.10.21 07:46:07.329,0.76438,0.76447,1.87,1.00
2016.10.21 07:46:09.035,0.76438,0.76447,1.37,1.25
2016.10.21 07:46:09.087,0.76437,0.76447,5.25,1.38
2016.10.21 07:46:09.159,0.76437,0.76446,1.87,1.12
2016.10.21 07:46:09.210,0.76437,0.76446,1.50,1.12
2016.10.21 07:46:09.537,0.76435,0.76444,1.12,1.00
2016.10.21 07:46:09.599,0.76435,0.76444,2.25,1.00
2016.10.21 07:46:09.650,0.76435,0.76444,3.75,1.00
2016.10.21 07:46:09.701,0.76437,0.76444,1.00,1.00
2016.10.21 07:46:09.753,0.76438,0.76444,1.12,1.00
2016.10.21 07:46:09.805,0.76438,0.76446,1.00,1.12
2016.10.21 07:46:09.856,0.76438,0.76447,2.25,1.00
2016.10.21 07:46:09.908,0.76439,0.76447,1.00,1.00
2016.10.21 07:46:10.358,0.76439,0.76447,1.00,1.00
2016.10.21 07:46:11.363,0.76437,0.76446,1.87,2.62
2016.10.21 07:46:11.414,0.76435,0.76444,1.87,1.87
2016.10.21 07:46:11.466,0.76434,0.76444,3.00,4.87
2016.10.21 07:46:11.517,0.76433,0.76443,3.00,1.12
2016.10.21 07:46:11.620,0.76437,0.76443,1.00,1.00
2016.10.21 07:46:11.723,0.76436,0.76445,1.00,1.50
2016.10.21 07:46:11.825,0.76436,0.76445,1.00,1.00
2016.10.21 07:46:11.927,0.76435,0.76445,1.87,1.50
2016.10.21 07:46:11.979,0.76435,0.76445,1.87,2.25
2016.10.21 07:46:12.272,0.76435,0.76445,1.87,2.25
2016.10.21 07:46:12.351,0.76435,0.76445,1.87,1.50
2016.10.21 07:46:12.627,0.76436,0.76445,1.00,1.00
2016.10.21 07:46:12.731,0.76436,0.76445,2.25,1.00
2016.10.21 07:46:12.782,0.76437,0.76445,1.12,1.00
2016.10.21 07:46:12.834,0.76437,0.76445,1.50,1.00
2016.10.21 07:46:12.938,0.76437,0.76445,1.87,1.00
2016.10.21 07:46:13.040,0.76437,0.76445,1.37,1.00
2016.10.21 07:46:13.344,0.76436,0.76445,2.62,1.00
2016.10.21 07:46:13.398,0.76437,0.76445,1.00,1.00
2016.10.21 07:46:14.185,0.76436,0.76445,4.80,1.00
2016.10.21 07:46:14.236,0.76436,0.76447,3.00,1.50
2016.10.21 07:46:14.287,0.76437,0.76447,1.12,2.25
2016.10.21 07:46:14.338,0.76437,0.76447,1.50,1.50
2016.10.21 07:46:14.815,0.76437,0.76447,1.12,1.00
2016.10.21 07:46:15.019,0.76437,0.76447,1.50,1.50
2016.10.21 07:46:15.376,0.76437,0.76447,1.12,1.00
2016.10.21 07:46:15.528,0.76437,0.76447,1.12,1.50
2016.10.21 07:46:15.953,0.76437,0.76447,1.12,1.00
2016.10.21 07:46:16.004,0.76437,0.76447,1.50,1.00
2016.10.21 07:46:16.106,0.76437,0.76447,1.12,1.00
2016.10.21 07:46:16.156,0.76437,0.76447,1.50,1.00
2016.10.21 07:46:16.207,0.76437,0.76447,1.12,1.00
2016.10.21 07:46:16.258,0.76437,0.76447,1.50,1.00
2016.10.21 07:46:16.577,0.76437,0.76447,1.12,1.00
2016.10.21 07:46:17.391,0.76438,0.76447,1.00,1.00
2016.10.21 07:46:17.442,0.76443,0.76448,2.81,1.87
2016.10.21 07:46:17.494,0.76444,0.76448,1.12,1.87
2016.10.21 07:46:17.546,0.76445,0.76449,1.87,1.00
2016.10.21 07:46:17.598,0.76445,0.7645,1.87,1.12
2016.10.21 07:46:17.650,0.76444,0.76453,1.00,1.00
2016.10.21 07:46:17.702,0.76444,0.76454,1.50,1.50
2016.10.21 07:46:17.753,0.76445,0.76454,1.00,1.00
2016.10.21 07:46:17.805,0.76445,0.76454,1.00,1.50
2016.10.21 07:46:18.475,0.76445,0.76453,1.00,1.00
2016.10.21 07:46:18.527,0.76443,0.76453,2.44,1.50
2016.10.21 07:46:18.683,0.76443,0.76453,3.19,1.50
2016.10.21 07:46:18.743,0.76443,0.76453,2.44,1.00
2016.10.21 07:46:18.845,0.76443,0.76453,4.69,1.00
2016.10.21 07:46:19.277,0.76443,0.76454,4.69,2.62
2016.10.21 07:46:19.333,0.76444,0.76454,1.00,1.00
2016.10.21 07:46:19.849,0.76445,0.76454,1.00,1.00
2016.10.21 07:46:20.332,0.76445,0.76456,1.25,4.69
2016.10.21 07:46:20.385,0.76445,0.76456,1.37,3.94
2016.10.21 07:46:20.436,0.76446,0.76456,2.62,3.19
2016.10.21 07:46:20.488,0.76448,0.76456,1.00,1.50
2016.10.21 07:46:20.539,0.76448,0.76456,1.50,1.12
2016.10.21 07:46:20.590,0.7645,0.76456,1.00,1.12
2016.10.21 07:46:20.642,0.7645,0.76456,1.00,1.00
2016.10.21 07:46:20.693,0.7645,0.76459,1.12,1.50
2016.10.21 07:46:20.745,0.7645,0.7646,1.12,2.25
2016.10.21 07:46:20.796,0.7645,0.7646,2.62,1.00
2016.10.21 07:46:20.847,0.7645,0.7646,1.87,1.00
2016.10.21 07:46:21.124,0.7645,0.7646,1.12,1.50
2016.10.21 07:46:21.176,0.76448,0.76459,4.87,1.63
2016.10.21 07:46:21.285,0.76448,0.76459,4.12,1.00
2016.10.21 07:46:21.389,0.76448,0.76459,4.12,1.50
2016.10.21 07:46:21.491,0.76448,0.76459,2.62,1.00
2016.10.21 07:46:22.338,0.76448,0.76459,1.87,1.00
2016.10.21 07:46:23.406,0.76448,0.76459,1.87,1.50
2016.10.21 07:46:23.457,0.76448,0.76459,3.37,3.00
2016.10.21 07:46:23.508,0.76448,0.76459,3.37,2.25
2016.10.21 07:46:24.255,0.76449,0.76459,1.12,2.25
2016.10.21 07:46:24.306,0.76449,0.76459,1.50,2.25
2016.10.21 07:46:25.008,0.76449,0.76459,1.50,2.25
2016.10.21 07:46:25.059,0.76449,0.76459,1.37,3.00
2016.10.21 07:46:25.110,0.76448,0.76459,3.37,3.00
2016.10.21 07:46:25.161,0.76448,0.76459,3.75,3.00
2016.10.21 07:46:25.212,0.76448,0.76459,4.12,3.00
2016.10.21 07:46:25.523,0.76448,0.76457,3.75,1.00
2016.10.21 07:46:25.574,0.76448,0.76457,3.37,1.00
2016.10.21 07:46:26.048,0.76448,0.76454,1.87,1.00
2016.10.21 07:46:26.099,0.76447,0.76455,1.87,5.25
2016.10.21 07:46:26.150,0.76447,0.76453,1.37,1.50
2016.10.21 07:46:26.202,0.76443,0.76452,2.62,1.00
2016.10.21 07:46:26.253,0.76442,0.76452,1.50,1.12
2016.10.21 07:46:26.537,0.76442,0.76452,1.50,1.75
2016.10.21 07:46:26.588,0.76442,0.76452,1.00,1.87
2016.10.21 07:46:26.639,0.76442,0.76452,1.00,1.87
2016.10.21 07:46:27.009,0.76442,0.76452,1.00,1.87
2016.10.21 07:46:27.061,0.76442,0.76452,1.50,1.87
2016.10.21 07:46:27.124,0.76442,0.76452,1.00,1.87
2016.10.21 07:46:27.805,0.76442,0.76449,1.00,1.50
2016.10.21 07:46:27.870,0.7644,0.76449,1.50,1.50
2016.10.21 07:46:28.800,0.76438,0.76448,1.00,1.87
2016.10.21 07:46:28.852,0.76438,0.76448,1.50,1.50
2016.10.21 07:46:28.903,0.76438,0.76448,1.00,1.50
2016.10.21 07:46:29.516,0.76438,0.76448,1.50,1.50
2016.10.21 07:46:29.862,0.76438,0.76448,1.00,1.50
2016.10.21 07:46:31.644,0.76438,0.76448,1.00,2.25
2016.10.21 07:46:31.972,0.76436,0.76445,2.25,1.25
2016.10.21 07:46:32.024,0.76436,0.76443,1.87,1.00
2016.10.21 07:46:32.078,0.76435,0.76443,3.00,1.00
2016.10.21 07:46:32.165,0.76434,0.76443,1.87,1.00
2016.10.21 07:46:32.217,0.76434,0.76443,1.50,1.12
2016.10.21 07:46:32.807,0.76436,0.76443,3.75,1.00
2016.10.21 07:46:32.859,0.76437,0.76446,1.12,1.00
2016.10.21 07:46:32.960,0.76437,0.76446,1.50,1.00
2016.10.21 07:46:33.012,0.76437,0.76446,1.87,1.00
2016.10.21 07:46:33.063,0.76437,0.76446,1.50,1.00
2016.10.21 07:46:33.166,0.76438,0.76447,1.00,1.00
2016.10.21 07:46:33.218,0.76438,0.76447,1.12,1.00
2016.10.21 07:46:33.539,0.76437,0.76447,2.62,1.00
2016.10.21 07:46:33.601,0.76437,0.76447,2.25,1.00
2016.10.21 07:46:33.654,0.76437,0.76447,2.25,1.00
2016.10.21 07:46:33.757,0.76437,0.76447,2.25,1.00
2016.10.21 07:46:33.859,0.76437,0.76447,2.25,1.00
2016.10.21 07:46:33.911,0.76437,0.76447,3.75,1.00
2016.10.21 07:46:34.288,0.76437,0.76447,2.81,1.12
2016.10.21 07:46:34.339,0.76437,0.76447,4.69,1.12
2016.10.21 07:46:34.441,0.76437,0.76447,3.19,1.12
2016.10.21 07:46:34.547,0.76437,0.76447,3.19,1.12
2016.10.21 07:46:34.598,0.76437,0.76447,3.00,1.12
2016.10.21 07:46:34.649,0.76437,0.76447,3.00,1.12
2016.10.21 07:46:35.483,0.76438,0.76447,1.00,1.12
2016.10.21 07:46:35.534,0.76438,0.76447,1.87,1.12
2016.10.21 07:46:37.697,0.76438,0.76447,2.81,1.12
2016.10.21 07:46:37.799,0.76438,0.76447,1.87,1.12
2016.10.21 07:46:37.952,0.76438,0.76447,1.12,1.12
2016.10.21 07:46:38.521,0.76438,0.76447,1.00,1.12
2016.10.21 07:46:38.572,0.76438,0.76447,1.00,1.12
2016.10.21 07:46:38.675,0.76438,0.76447,1.50,1.26
2016.10.21 07:46:38.778,0.76438,0.76447,3.00,1.26
2016.10.21 07:46:38.982,0.76438,0.76447,2.25,1.12
2016.10.21 07:46:39.084,0.76438,0.76447,1.50,1.12
2016.10.21 07:46:39.873,0.76438,0.76447,1.50,1.12
2016.10.21 07:46:40.708,0.76437,0.76447,1.50,1.12
2016.10.21 07:46:40.760,0.76437,0.76447,2.81,1.12
2016.10.21 07:46:40.811,0.76438,0.76447,2.25,1.12
2016.10.21 07:46:40.863,0.76438,0.76447,2.25,1.12
2016.10.21 07:46:40.914,0.76438,0.76447,1.00,1.12
2016.10.21 07:46:41.169,0.76438,0.76447,1.00,1.12
2016.10.21 07:46:41.533,0.76438,0.76447,1.50,1.12
2016.10.21 07:46:41.585,0.76438,0.76447,2.25,1.12
2016.10.21 07:46:41.897,0.76438,0.76447,1.00,2.62
2016.10.21 07:46:41.948,0.76436,0.76445,2.62,1.00
2016.10.21 07:46:41.999,0.76435,0.76445,3.75,1.00
2016.10.21 07:46:42.051,0.76435,0.76444,1.87,1.87
2016.10.21 07:46:42.102,0.76433,0.76444,4.87,1.12
2016.10.21 07:46:42.171,0.76434,0.76443,1.00,1.00
2016.10.21 07:46:42.273,0.76433,0.76443,1.37,1.50
2016.10.21 07:46:42.561,0.76433,0.76443,1.12,1.50
2016.10.21 07:46:42.613,0.76432,0.76443,4.50,1.50
2016.10.21 07:46:43.035,0.76435,0.76443,1.05,1.50
2016.10.21 07:46:43.086,0.76436,0.76443,1.12,1.50
2016.10.21 07:46:43.138,0.76436,0.76445,1.50,2.62
2016.10.21 07:46:43.189,0.76436,0.76445,1.50,1.75
2016.10.21 07:46:43.240,0.76437,0.76446,1.12,2.38
2016.10.21 07:46:43.291,0.76437,0.76446,1.50,1.63
2016.10.21 07:46:43.342,0.76437,0.76446,1.12,1.50
2016.10.21 07:46:44.067,0.76437,0.76446,1.50,1.63
2016.10.21 07:46:44.183,0.76437,0.76446,1.50,2.38
2016.10.21 07:46:44.336,0.76437,0.76446,1.12,1.50
2016.10.21 07:46:44.657,0.76437,0.76446,1.50,1.63
2016.10.21 07:46:45.238,0.76437,0.76446,1.50,1.18
2016.10.21 07:46:45.340,0.76437,0.76446,1.12,1.00
2016.10.21 07:46:45.392,0.76436,0.76446,1.37,1.18
2016.10.21 07:46:45.443,0.76435,0.76446,3.37,1.00
2016.10.21 07:46:45.495,0.76435,0.76446,1.87,1.12
2016.10.21 07:46:45.546,0.76435,0.76446,1.50,2.53
2016.10.21 07:46:45.597,0.76435,0.76445,1.50,1.87
2016.10.21 07:46:45.649,0.76434,0.76445,1.37,4.12
2016.10.21 07:46:45.700,0.76433,0.76445,1.37,7.87
2016.10.21 07:46:45.751,0.76433,0.76445,1.87,8.25
2016.10.21 07:46:45.802,0.76433,0.76444,1.50,1.00
2016.10.21 07:46:45.853,0.76433,0.76442,1.50,1.00
2016.10.21 07:46:46.348,0.76433,0.76442,1.50,1.00
2016.10.21 07:46:46.450,0.76433,0.76442,1.50,1.00
2016.10.21 07:46:46.682,0.76433,0.76442,1.50,1.00
2016.10.21 07:46:46.785,0.76433,0.76442,1.50,1.00
2016.10.21 07:46:47.041,0.76432,0.76442,3.37,1.00
2016.10.21 07:46:47.092,0.76432,0.76442,3.75,1.50
2016.10.21 07:46:47.144,0.76432,0.76442,3.00,2.25
2016.10.21 07:46:47.468,0.76432,0.76442,2.25,1.50
2016.10.21 07:46:48.987,0.76432,0.76442,2.62,1.50
2016.10.21 07:46:49.292,0.76432,0.76442,1.50,1.50
2016.10.21 07:46:49.394,0.76431,0.76442,1.50,1.50
2016.10.21 07:46:49.445,0.76431,0.76442,1.12,1.87
2016.10.21 07:46:49.496,0.76431,0.76442,1.87,1.87
2016.10.21 07:46:49.570,0.76431,0.76442,1.00,1.87
2016.10.21 07:46:49.622,0.76431,0.76442,1.00,2.62
2016.10.21 07:46:49.903,0.76431,0.7644,1.50,1.00
2016.10.21 07:46:49.957,0.76431,0.7644,1.00,1.87
2016.10.21 07:46:50.008,0.76431,0.7644,1.00,2.25
2016.10.21 07:46:50.110,0.7643,0.7644,2.25,3.37
2016.10.21 07:46:50.161,0.7643,0.7644,2.25,3.75
2016.10.21 07:46:50.212,0.7643,0.7644,2.25,4.12
2016.10.21 07:46:51.117,0.7643,0.7644,1.00,5.62
2016.10.21 07:46:51.992,0.7643,0.7644,1.00,6.37
2016.10.21 07:46:53.320,0.7643,0.7644,1.00,5.62
2016.10.21 07:46:53.371,0.7643,0.7644,1.12,5.62
2016.10.21 07:46:53.422,0.7643,0.7644,1.12,4.50
2016.10.21 07:46:53.473,0.7643,0.7644,1.12,4.12
2016.10.21 07:46:53.932,0.7643,0.7644,1.12,2.62
2016.10.21 07:46:53.983,0.7643,0.7644,1.12,1.87
2016.10.21 07:46:54.320,0.7643,0.76439,1.12,1.00
2016.10.21 07:46:57.347,0.7643,0.76439,1.00,1.00
2016.10.21 07:46:57.814,0.76429,0.76439,3.37,1.00
2016.10.21 07:46:57.865,0.76429,0.76439,3.37,1.00
2016.10.21 07:46:58.068,0.76429,0.76439,2.62,1.00
2016.10.21 07:46:59.129,0.76429,0.76439,3.37,1.00
2016.10.21 07:47:00.156,0.76429,0.76438,3.37,1.00
2016.10.21 07:47:00.337,0.76429,0.76438,2.62,1.00
2016.10.21 07:47:01.358,0.76429,0.76438,2.62,1.00
2016.10.21 07:47:02.963,0.76429,0.76438,3.37,1.00
2016.10.21 07:47:03.014,0.76429,0.76438,3.75,1.00
2016.10.21 07:47:03.168,0.76429,0.76438,3.00,1.00
2016.10.21 07:47:03.219,0.76429,0.76438,3.75,1.00
2016.10.21 07:47:03.271,0.76429,0.76438,3.00,1.00
2016.10.21 07:47:03.323,0.76429,0.76438,3.00,1.00
2016.10.21 07:47:03.375,0.76429,0.76438,3.00,1.00
2016.10.21 07:47:03.479,0.76429,0.76438,3.75,1.00
2016.10.21 07:47:04.013,0.76429,0.76438,3.00,1.00
2016.10.21 07:47:04.064,0.76429,0.76438,3.75,1.00
2016.10.21 07:47:04.115,0.76429,0.76438,3.00,1.00
2016.10.21 07:47:05.302,0.76429,0.76438,3.75,1.00
2016.10.21 07:47:06.134,0.76429,0.76438,4.50,1.00
2016.10.21 07:47:06.325,0.76429,0.76438,3.00,1.00
2016.10.21 07:47:06.376,0.76429,0.76438,2.25,2.25
2016.10.21 07:47:06.427,0.76429,0.76438,2.25,3.00
2016.10.21 07:47:06.794,0.76427,0.76437,7.50,1.00
2016.10.21 07:47:06.845,0.76427,0.76437,5.25,1.00
2016.10.21 07:47:08.017,0.76427,0.76438,5.25,1.50
2016.10.21 07:47:09.583,0.76434,0.76438,1.00,1.50
2016.10.21 07:47:09.653,0.76433,0.7644,1.00,1.37
2016.10.21 07:47:09.704,0.76434,0.7644,1.00,1.00
2016.10.21 07:47:09.755,0.76434,0.76442,2.25,1.87
2016.10.21 07:47:09.806,0.76434,0.76443,1.50,1.00
2016.10.21 07:47:09.908,0.76434,0.76443,1.00,1.00
2016.10.21 07:47:09.959,0.76434,0.76444,1.00,1.50
2016.10.21 07:47:10.010,0.76434,0.76444,1.00,1.00
2016.10.21 07:47:10.113,0.76434,0.76444,1.00,1.00
2016.10.21 07:47:11.304,0.76433,0.76444,6.37,1.00
2016.10.21 07:47:11.638,0.76434,0.76444,2.25,1.00
2016.10.21 07:47:11.695,0.76434,0.76445,3.00,1.00
2016.10.21 07:47:11.746,0.76434,0.76445,3.75,1.50
2016.10.21 07:47:11.798,0.76434,0.76445,3.75,1.50
2016.10.21 07:47:11.953,0.76434,0.76445,4.50,1.50
2016.10.21 07:47:14.551,0.76434,0.76445,3.75,1.00
2016.10.21 07:47:15.774,0.76434,0.76445,4.50,1.00
2016.10.21 07:47:16.513,0.76434,0.76445,3.75,1.00
2016.10.21 07:47:16.871,0.76434,0.76445,4.50,1.00
2016.10.21 07:47:17.594,0.76438,0.76446,1.87,1.87
2016.10.21 07:47:17.645,0.76439,0.76449,1.37,2.25
2016.10.21 07:47:17.697,0.76438,0.7645,5.25,1.37
2016.10.21 07:47:17.749,0.76439,0.7645,1.63,1.37
2016.10.21 07:47:17.801,0.7644,0.7645,1.00,1.12
2016.10.21 07:47:17.852,0.7644,0.7645,1.00,1.00
2016.10.21 07:47:17.903,0.7644,0.7645,1.00,1.00
2016.10.21 07:47:17.954,0.7644,0.7645,1.00,1.12
2016.10.21 07:47:18.006,0.76438,0.7645,6.19,1.37
2016.10.21 07:47:18.057,0.76438,0.7645,4.50,1.37
2016.10.21 07:47:18.108,0.76438,0.7645,4.50,1.37
2016.10.21 07:47:18.159,0.76438,0.76451,4.50,7.87
2016.10.21 07:47:18.493,0.76438,0.76451,4.50,7.87
2016.10.21 07:47:18.646,0.76438,0.76451,4.50,7.87
2016.10.21 07:47:18.747,0.76438,0.76451,5.25,6.75
2016.10.21 07:47:19.331,0.76438,0.7645,5.25,1.50
2016.10.21 07:47:19.920,0.76438,0.7645,4.50,1.50
2016.10.21 07:47:19.971,0.76438,0.76451,3.00,6.37
2016.10.21 07:47:20.022,0.76438,0.76451,3.94,7.31
2016.10.21 07:47:20.124,0.76438,0.76451,4.07,7.31
2016.10.21 07:47:20.339,0.76438,0.76451,4.07,7.31
2016.10.21 07:47:20.815,0.76438,0.76451,4.82,7.31
2016.10.21 07:47:20.869,0.76438,0.76451,4.69,7.31
2016.10.21 07:47:21.902,0.76438,0.76451,4.69,6.56
2016.10.21 07:47:22.657,0.76438,0.76451,4.50,4.87
2016.10.21 07:47:23.009,0.76442,0.76453,2.62,2.62
2016.10.21 07:47:23.112,0.76442,0.76453,1.87,2.62
2016.10.21 07:47:23.164,0.76441,0.76453,7.12,2.62
2016.10.21 07:47:23.215,0.76441,0.76453,7.12,2.62
2016.10.21 07:47:23.318,0.76441,0.76453,7.12,4.12
2016.10.21 07:47:23.420,0.76441,0.76453,4.87,3.37
2016.10.21 07:47:23.677,0.76441,0.76453,6.37,3.37
2016.10.21 07:47:23.728,0.76441,0.76453,4.87,3.37
2016.10.21 07:47:24.013,0.76441,0.76453,4.87,1.37
2016.10.21 07:47:24.066,0.76441,0.76453,4.87,1.50
2016.10.21 07:47:24.547,0.76441,0.76453,6.37,1.50
2016.10.21 07:47:24.598,0.76441,0.76453,6.37,1.37
2016.10.21 07:47:24.649,0.76441,0.76453,4.87,1.37
2016.10.21 07:47:24.700,0.76441,0.76453,3.37,1.50
2016.10.21 07:47:24.803,0.76441,0.76453,5.62,1.37
2016.10.21 07:47:24.855,0.76441,0.76453,5.62,1.50
2016.10.21 07:47:25.366,0.76441,0.76453,4.87,1.50
2016.10.21 07:47:25.620,0.76441,0.76453,3.37,1.50
2016.10.21 07:47:25.672,0.76442,0.76453,1.12,1.50
2016.10.21 07:47:25.723,0.76442,0.76453,1.87,1.50
2016.10.21 07:47:25.774,0.76443,0.76453,2.62,1.37
2016.10.21 07:47:25.825,0.76443,0.76453,2.62,1.00
2016.10.21 07:47:25.876,0.76443,0.76454,2.62,1.50
2016.10.21 07:47:25.927,0.76443,0.76454,5.76,1.50
2016.10.21 07:47:26.253,0.76443,0.76454,6.13,1.00
2016.10.21 07:47:26.304,0.76443,0.76454,3.00,1.00
2016.10.21 07:47:26.801,0.76443,0.76454,5.25,1.00
2016.10.21 07:47:26.903,0.76443,0.76454,3.00,1.00
2016.10.21 07:47:27.528,0.76444,0.76454,1.00,1.00
2016.10.21 07:47:28.158,0.76444,0.76454,1.00,1.00
2016.10.21 07:47:31.448,0.76444,0.76454,1.50,1.00
2016.10.21 07:47:33.987,0.76444,0.76455,1.50,1.87
2016.10.21 07:47:34.929,0.76443,0.76454,4.12,1.50
2016.10.21 07:47:34.981,0.76443,0.76453,1.87,1.50
2016.10.21 07:47:35.032,0.76442,0.76453,4.87,1.50
2016.10.21 07:47:35.083,0.76442,0.76453,4.50,3.00
2016.10.21 07:47:35.134,0.76442,0.76453,3.75,3.75
2016.10.21 07:47:35.185,0.76442,0.76453,1.50,4.87
2016.10.21 07:47:35.236,0.76442,0.76452,1.50,1.37
2016.10.21 07:47:35.287,0.76442,0.76452,1.00,1.37
2016.10.21 07:47:35.338,0.76441,0.76452,2.25,4.12
2016.10.21 07:47:35.656,0.7644,0.76452,6.00,4.12
2016.10.21 07:47:35.718,0.7644,0.76452,5.25,4.50
2016.10.21 07:47:36.346,0.7644,0.7645,3.75,1.00
2016.10.21 07:47:36.397,0.76439,0.7645,1.50,2.25
2016.10.21 07:47:36.728,0.76439,0.7645,1.12,4.12
2016.10.21 07:47:36.789,0.76439,0.76449,1.12,1.00
2016.10.21 07:47:37.095,0.76438,0.76449,4.12,1.00
2016.10.21 07:47:37.197,0.76438,0.76449,2.62,1.00
2016.10.21 07:47:40.538,0.76438,0.7645,2.62,6.37
2016.10.21 07:47:41.389,0.76438,0.7645,2.62,6.75
2016.10.21 07:47:41.735,0.76438,0.7645,1.87,6.00
2016.10.21 07:47:41.788,0.76438,0.7645,2.62,6.75
2016.10.21 07:47:41.890,0.76438,0.7645,3.37,6.00
2016.10.21 07:47:42.336,0.76438,0.7645,3.37,5.25
2016.10.21 07:47:42.489,0.76438,0.76449,3.37,1.00
2016.10.21 07:47:42.936,0.76438,0.76449,4.12,1.00
2016.10.21 07:47:43.038,0.76439,0.76449,1.00,1.00
2016.10.21 07:47:43.089,0.76439,0.7645,1.00,4.50
2016.10.21 07:47:43.140,0.76439,0.7645,2.25,3.75
2016.10.21 07:47:43.192,0.76439,0.7645,3.00,3.37
2016.10.21 07:47:43.244,0.7644,0.7645,1.87,3.37
2016.10.21 07:47:43.295,0.7644,0.7645,2.62,2.62
2016.10.21 07:47:43.347,0.7644,0.7645,3.00,1.87
2016.10.21 07:47:43.398,0.7644,0.76451,4.50,4.87
2016.10.21 07:47:43.476,0.7644,0.76451,5.25,4.12
2016.10.21 07:47:43.783,0.76441,0.76451,1.12,1.50
2016.10.21 07:47:43.834,0.76441,0.76451,1.87,1.50
2016.10.21 07:47:43.987,0.76441,0.76451,1.87,1.37
2016.10.21 07:47:44.292,0.76441,0.76451,1.12,1.37
2016.10.21 07:47:44.343,0.76441,0.76451,1.87,1.37
2016.10.21 07:47:44.496,0.76441,0.76451,1.12,2.25
2016.10.21 07:47:44.822,0.7644,0.7645,1.50,1.00
2016.10.21 07:47:44.873,0.76438,0.7645,4.50,1.50
2016.10.21 07:47:44.924,0.76438,0.7645,4.50,2.44
2016.10.21 07:47:44.975,0.76438,0.7645,3.75,1.50
2016.10.21 07:47:45.028,0.76438,0.7645,4.50,4.87
2016.10.21 07:47:45.080,0.76438,0.76449,4.50,1.00
2016.10.21 07:47:45.131,0.76438,0.76449,3.75,1.00
2016.10.21 07:47:45.182,0.76438,0.76449,3.75,1.00
2016.10.21 07:47:46.332,0.76438,0.7645,3.75,2.62
2016.10.21 07:47:46.791,0.76438,0.7645,3.75,3.37
2016.10.21 07:47:49.046,0.76438,0.7645,3.75,3.37
2016.10.21 07:47:50.882,0.76438,0.7645,3.75,3.37
2016.10.21 07:47:52.284,0.76438,0.7645,3.75,3.00
2016.10.21 07:47:52.487,0.76438,0.7645,4.50,4.50
2016.10.21 07:47:53.410,0.76438,0.7645,4.50,4.50
2016.10.21 07:47:53.462,0.76438,0.7645,4.50,4.50
2016.10.21 07:47:53.564,0.76438,0.7645,3.75,3.00
2016.10.21 07:47:54.438,0.7644,0.7645,2.25,1.50
2016.10.21 07:47:54.492,0.7644,0.7645,2.25,1.00
2016.10.21 07:47:54.568,0.7644,0.76451,3.37,4.31
2016.10.21 07:47:54.619,0.7644,0.76451,2.62,3.00
2016.10.21 07:47:54.670,0.7644,0.76451,2.62,2.25
2016.10.21 07:47:54.721,0.7644,0.76451,2.62,3.19
2016.10.21 07:47:54.773,0.7644,0.76451,1.37,2.25
2016.10.21 07:47:54.926,0.7644,0.76451,1.37,3.19
2016.10.21 07:47:55.255,0.7644,0.7645,1.37,1.00
2016.10.21 07:47:55.308,0.7644,0.7645,1.37,2.25
2016.10.21 07:47:56.456,0.7644,0.7645,1.87,2.25
2016.10.21 07:47:56.609,0.7644,0.7645,1.87,3.00
2016.10.21 07:47:56.661,0.7644,0.7645,1.50,3.00
2016.10.21 07:47:56.714,0.7644,0.7645,1.50,3.37
2016.10.21 07:47:56.765,0.7644,0.7645,1.12,3.37
2016.10.21 07:47:56.817,0.7644,0.7645,1.12,3.00
2016.10.21 07:47:56.868,0.76439,0.7645,4.87,2.25
2016.10.21 07:47:56.919,0.7644,0.76449,1.12,1.00
2016.10.21 07:47:56.970,0.76439,0.76449,3.37,1.50
2016.10.21 07:47:57.022,0.76439,0.76449,2.62,1.50
2016.10.21 07:47:57.074,0.76438,0.76449,4.50,3.19
2016.10.21 07:47:57.125,0.76438,0.76448,3.00,1.50
2016.10.21 07:47:57.413,0.76438,0.76448,3.00,1.50
2016.10.21 07:47:57.479,0.76438,0.76448,4.50,1.50
2016.10.21 07:47:57.530,0.76438,0.76449,3.75,2.62
2016.10.21 07:47:57.581,0.76437,0.76449,6.37,2.62
2016.10.21 07:47:57.633,0.76437,0.76449,5.62,2.62
2016.10.21 07:47:57.684,0.76437,0.76448,4.50,1.50
2016.10.21 07:47:57.736,0.76437,0.76448,5.62,1.12
2016.10.21 07:47:57.838,0.76437,0.76449,4.50,3.37
2016.10.21 07:47:57.889,0.76437,0.76449,4.50,3.37
2016.10.21 07:47:57.992,0.76437,0.76448,5.62,1.12
2016.10.21 07:47:58.043,0.76437,0.76448,4.12,1.12
2016.10.21 07:47:58.427,0.76437,0.76449,3.00,4.87
2016.10.21 07:47:58.478,0.76437,0.76448,4.12,1.12
2016.10.21 07:47:58.580,0.76437,0.76449,3.00,4.87
2016.10.21 07:47:58.729,0.76437,0.76448,4.12,1.12
2016.10.21 07:47:59.178,0.76437,0.76448,5.62,1.12
2016.10.21 07:47:59.229,0.76437,0.76449,4.50,4.12
2016.10.21 07:48:00.371,0.76437,0.76449,4.87,4.12
2016.10.21 07:48:02.080,0.76437,0.76449,4.50,3.37
2016.10.21 07:48:02.335,0.76437,0.76449,4.50,2.62
2016.10.21 07:48:02.386,0.76437,0.76449,7.12,3.37
2016.10.21 07:48:02.701,0.76438,0.76449,3.00,3.37
2016.10.21 07:48:02.752,0.76439,0.76449,2.25,1.00
2016.10.21 07:48:02.854,0.76439,0.7645,3.75,2.25
2016.10.21 07:48:02.956,0.7644,0.7645,2.25,1.50
2016.10.21 07:48:03.108,0.7644,0.7645,2.25,1.50
2016.10.21 07:48:03.261,0.7644,0.7645,1.87,1.50
2016.10.21 07:48:03.312,0.7644,0.7645,1.87,1.50
2016.10.21 07:48:04.264,0.76439,0.7645,2.44,1.50
2016.10.21 07:48:04.417,0.76439,0.7645,2.25,1.50
2016.10.21 07:48:04.520,0.76439,0.7645,2.25,2.25
2016.10.21 07:48:04.673,0.76439,0.76449,1.50,1.50
2016.10.21 07:48:04.724,0.76439,0.76448,1.50,1.00
2016.10.21 07:48:04.775,0.76438,0.76448,1.37,1.12
2016.10.21 07:48:04.826,0.76438,0.76448,1.87,1.12
2016.10.21 07:48:04.878,0.76437,0.76448,2.25,1.50
2016.10.21 07:48:04.929,0.76437,0.76448,2.25,2.25
2016.10.21 07:48:05.404,0.76437,0.76448,3.37,1.00
2016.10.21 07:48:05.455,0.76437,0.76448,3.00,1.00
2016.10.21 07:48:05.506,0.76437,0.76449,3.00,1.50
2016.10.21 07:48:05.557,0.76437,0.76449,3.37,1.50
2016.10.21 07:48:05.609,0.76438,0.76449,1.00,1.50
2016.10.21 07:48:05.660,0.76438,0.76449,1.50,1.00
2016.10.21 07:48:05.712,0.76438,0.7645,1.50,10.50
2016.10.21 07:48:05.814,0.76438,0.7645,1.50,8.62
2016.10.21 07:48:05.865,0.76438,0.7645,1.50,5.62
2016.10.21 07:48:06.077,0.76438,0.7645,1.50,6.37
2016.10.21 07:48:06.545,0.76439,0.76449,1.12,1.87
2016.10.21 07:48:06.801,0.76439,0.76449,1.12,1.12
2016.10.21 07:48:06.903,0.76439,0.76449,1.50,1.50
2016.10.21 07:48:07.106,0.7644,0.76449,1.00,1.50
2016.10.21 07:48:07.557,0.7644,0.76449,1.00,1.00
2016.10.21 07:48:08.089,0.7644,0.76449,1.00,1.50
2016.10.21 07:48:08.294,0.7644,0.76449,1.00,1.00
2016.10.21 07:48:08.686,0.7644,0.76449,1.00,1.50
2016.10.21 07:48:09.091,0.7644,0.76449,1.00,1.00
2016.10.21 07:48:09.143,0.7644,0.7645,1.00,4.12
2016.10.21 07:48:09.194,0.7644,0.7645,2.25,2.25
2016.10.21 07:48:09.245,0.7644,0.76451,2.25,4.69
2016.10.21 07:48:09.296,0.76441,0.76451,1.00,2.25
2016.10.21 07:48:09.348,0.76441,0.7645,1.00,1.00
2016.10.21 07:48:09.399,0.76441,0.7645,1.00,1.00
2016.10.21 07:48:09.450,0.76441,0.76451,1.00,2.62
2016.10.21 07:48:09.788,0.7644,0.76451,4.31,3.56
2016.10.21 07:48:09.866,0.7644,0.76451,3.37,1.87
2016.10.21 07:48:09.917,0.76441,0.76451,1.00,1.87
2016.10.21 07:48:10.121,0.76441,0.7645,1.00,1.00
2016.10.21 07:48:10.224,0.76441,0.7645,1.00,1.00
2016.10.21 07:48:10.689,0.76441,0.76451,1.00,1.87
2016.10.21 07:48:10.787,0.76441,0.76451,1.00,2.62
2016.10.21 07:48:10.940,0.76441,0.76451,1.00,1.12
2016.10.21 07:48:11.041,0.76441,0.76451,1.00,1.87
2016.10.21 07:48:11.194,0.76441,0.76451,1.00,1.12
2016.10.21 07:48:11.544,0.76441,0.7645,1.00,1.00
2016.10.21 07:48:11.595,0.76441,0.76451,1.00,1.12
2016.10.21 07:48:11.697,0.76441,0.76451,1.00,1.31
2016.10.21 07:48:13.124,0.76441,0.76451,1.00,1.12
2016.10.21 07:48:13.226,0.76441,0.76451,1.00,1.12
2016.10.21 07:48:14.040,0.7644,0.76451,2.25,1.31
2016.10.21 07:48:14.232,0.7644,0.76451,1.50,1.31
2016.10.21 07:48:14.283,0.7644,0.7645,1.12,1.00
2016.10.21 07:48:14.385,0.7644,0.7645,1.12,2.25
2016.10.21 07:48:14.437,0.7644,0.7645,1.12,2.62
2016.10.21 07:48:14.541,0.7644,0.7645,1.12,3.37
2016.10.21 07:48:14.895,0.7644,0.76449,1.12,1.00
2016.10.21 07:48:14.947,0.76439,0.7645,4.12,2.62
2016.10.21 07:48:15.049,0.76439,0.7645,4.12,3.37
2016.10.21 07:48:15.508,0.76439,0.7645,3.37,3.37
2016.10.21 07:48:15.559,0.76439,0.76449,1.37,2.25
2016.10.21 07:48:15.610,0.76438,0.76449,5.25,4.12
2016.10.21 07:48:15.936,0.76438,0.76448,2.62,1.12
2016.10.21 07:48:15.993,0.76438,0.76449,2.62,5.06
2016.10.21 07:48:16.198,0.76438,0.76448,2.62,1.12
2016.10.21 07:48:16.300,0.76438,0.76449,2.62,5.06
2016.10.21 07:48:16.555,0.76438,0.76448,1.87,1.12
2016.10.21 07:48:17.676,0.76438,0.76449,1.87,5.06
2016.10.21 07:48:18.184,0.76438,0.76448,1.87,1.12
2016.10.21 07:48:18.881,0.76438,0.76449,1.87,4.31
2016.10.21 07:48:19.035,0.76438,0.76448,1.87,1.12
2016.10.21 07:48:19.137,0.76438,0.76448,1.87,1.50
2016.10.21 07:48:19.772,0.76438,0.76448,1.87,1.50
2016.10.21 07:48:19.848,0.76437,0.76447,2.62,1.00
2016.10.21 07:48:19.899,0.76437,0.76447,3.37,1.00
2016.10.21 07:48:20.103,0.76437,0.76447,2.62,1.00
2016.10.21 07:48:20.154,0.76437,0.76448,2.62,3.00
2016.10.21 07:48:20.256,0.76437,0.76448,2.62,3.75
2016.10.21 07:48:20.358,0.76437,0.76448,2.62,3.00
2016.10.21 07:48:20.971,0.76437,0.76448,3.37,3.00
2016.10.21 07:48:21.022,0.76438,0.76448,1.00,2.25
2016.10.21 07:48:21.225,0.76438,0.76448,1.00,1.87
2016.10.21 07:48:26.699,0.76438,0.76448,1.00,1.87
2016.10.21 07:48:27.535,0.76438,0.76448,1.00,2.62
2016.10.21 07:48:28.617,0.76438,0.76448,1.00,2.62
2016.10.21 07:48:29.764,0.76439,0.76448,4.87,1.50
2016.10.21 07:48:29.824,0.76439,0.7645,3.37,3.75
2016.10.21 07:48:29.875,0.76439,0.7645,3.75,3.37
2016.10.21 07:48:29.926,0.76439,0.7645,3.75,3.00
2016.10.21 07:48:30.028,0.76439,0.7645,4.69,2.25
2016.10.21 07:48:30.079,0.76439,0.7645,6.19,1.00
2016.10.21 07:48:30.130,0.76439,0.76451,4.63,6.00
2016.10.21 07:48:30.232,0.76439,0.76451,4.63,5.25
2016.10.21 07:48:30.283,0.76439,0.76451,6.32,6.19
2016.10.21 07:48:30.385,0.76439,0.76451,4.63,5.25
2016.10.21 07:48:31.012,0.76439,0.76451,4.63,4.12
2016.10.21 07:48:31.064,0.7644,0.76451,1.55,5.06
2016.10.21 07:48:31.167,0.76439,0.76451,5.38,4.87
2016.10.21 07:48:31.382,0.7644,0.76451,2.62,4.87
2016.10.21 07:48:31.718,0.7644,0.76451,2.62,4.12
2016.10.21 07:48:31.769,0.7644,0.76451,2.62,4.12
2016.10.21 07:48:31.871,0.7644,0.76451,2.62,4.12
2016.10.21 07:48:31.973,0.7644,0.76451,2.62,4.50
2016.10.21 07:48:32.346,0.7644,0.76451,2.62,4.50
2016.10.21 07:48:32.827,0.7644,0.76451,2.62,3.75
2016.10.21 07:48:33.133,0.7644,0.76451,2.62,4.50
2016.10.21 07:48:33.184,0.7644,0.76451,2.62,5.25
2016.10.21 07:48:33.235,0.7644,0.76451,2.62,5.62
2016.10.21 07:48:33.934,0.7644,0.7645,3.37,1.00
2016.10.21 07:48:33.986,0.7644,0.7645,3.75,1.12
2016.10.21 07:48:34.139,0.7644,0.7645,3.00,1.12
2016.10.21 07:48:35.491,0.7644,0.7645,3.00,1.87
2016.10.21 07:48:35.593,0.7644,0.7645,3.00,1.12
2016.10.21 07:48:35.846,0.7644,0.7645,3.00,1.87
2016.10.21 07:48:36.000,0.7644,0.7645,3.00,1.12
2016.10.21 07:48:36.152,0.7644,0.7645,3.00,1.12
2016.10.21 07:48:36.463,0.7644,0.7645,3.00,1.87
2016.10.21 07:48:36.515,0.7644,0.7645,1.50,3.37
2016.10.21 07:48:36.566,0.76439,0.7645,3.00,3.75
2016.10.21 07:48:36.617,0.76439,0.76449,3.00,1.87
2016.10.21 07:48:36.668,0.76439,0.76449,3.75,1.87
2016.10.21 07:48:36.728,0.76439,0.76449,1.50,1.87
2016.10.21 07:48:36.779,0.76439,0.76449,1.50,1.87
2016.10.21 07:48:37.468,0.76439,0.76449,1.00,1.87
2016.10.21 07:48:37.925,0.76439,0.76449,1.00,1.12
2016.10.21 07:48:37.977,0.76439,0.76449,1.00,1.12
2016.10.21 07:48:38.028,0.76439,0.76449,1.00,1.87
2016.10.21 07:48:38.878,0.76439,0.76449,1.00,1.12
2016.10.21 07:48:38.980,0.76439,0.76449,1.00,1.87
2016.10.21 07:48:39.070,0.76439,0.76449,1.00,1.12
2016.10.21 07:48:39.222,0.76439,0.76449,1.00,1.87
2016.10.21 07:48:39.325,0.76439,0.76449,1.00,1.12
2016.10.21 07:48:39.376,0.76439,0.76449,1.00,1.12
2016.10.21 07:48:40.037,0.76438,0.76449,3.00,1.12
2016.10.21 07:48:40.131,0.76438,0.76448,3.00,1.00
2016.10.21 07:48:41.121,0.76438,0.76448,3.75,1.00
2016.10.21 07:48:41.173,0.76438,0.76448,3.37,1.00
2016.10.21 07:48:41.231,0.76438,0.76449,4.87,1.12
2016.10.21 07:48:41.283,0.76438,0.7645,4.87,6.75
2016.10.21 07:48:41.334,0.76438,0.7645,4.87,6.00
2016.10.21 07:48:41.501,0.76438,0.7645,5.62,6.00
2016.10.21 07:48:41.552,0.76438,0.7645,4.12,6.75
2016.10.21 07:48:42.001,0.76438,0.7645,3.37,6.00
2016.10.21 07:48:42.103,0.76438,0.7645,3.37,5.25
2016.10.21 07:48:42.154,0.76438,0.7645,4.12,3.75
2016.10.21 07:48:43.221,0.76439,0.7645,1.87,3.75
2016.10.21 07:48:43.781,0.76439,0.76449,2.62,1.12
2016.10.21 07:48:43.833,0.7644,0.7645,1.25,3.00
2016.10.21 07:48:43.884,0.76442,0.7645,1.00,3.00
2016.10.21 07:48:43.936,0.76443,0.76451,1.50,1.87
2016.10.21 07:48:43.987,0.76443,0.76451,1.87,1.37
2016.10.21 07:48:44.039,0.76444,0.76452,1.12,4.50
2016.10.21 07:48:44.090,0.76444,0.76453,1.87,1.87
2016.10.21 07:48:44.374,0.76444,0.76453,1.87,1.87
2016.10.21 07:48:44.427,0.76444,0.76453,2.25,1.50
2016.10.21 07:48:44.861,0.76444,0.76454,2.25,1.87
2016.10.21 07:48:45.534,0.76444,0.76454,1.50,1.87
2016.10.21 07:48:45.588,0.76444,0.76453,1.00,1.00
2016.10.21 07:48:46.698,0.76443,0.76453,2.25,1.12
2016.10.21 07:48:46.749,0.76442,0.76453,6.75,1.12
2016.10.21 07:48:46.800,0.76442,0.76453,6.75,1.50
2016.10.21 07:48:46.902,0.76442,0.76453,5.25,1.50
2016.10.21 07:48:47.319,0.76442,0.76453,5.25,1.00
2016.10.21 07:48:47.730,0.76442,0.76453,6.00,1.00
2016.10.21 07:48:47.781,0.76443,0.76453,1.00,1.00
2016.10.21 07:48:49.827,0.76443,0.76453,1.00,1.00
2016.10.21 07:48:53.311,0.76443,0.76453,1.00,1.50
2016.10.21 07:48:53.687,0.76443,0.76453,1.00,1.87
2016.10.21 07:48:53.738,0.76443,0.76453,1.00,2.25
2016.10.21 07:48:53.789,0.76443,0.76453,1.00,3.37
2016.10.21 07:48:53.993,0.76443,0.76453,1.00,2.25
2016.10.21 07:48:54.399,0.76443,0.76452,1.00,1.12
2016.10.21 07:48:54.502,0.76442,0.76452,4.12,1.12
2016.10.21 07:48:54.945,0.76443,0.76452,1.00,1.12
2016.10.21 07:48:54.996,0.76443,0.76452,1.00,1.87
2016.10.21 07:48:55.149,0.76443,0.76452,1.00,1.12
2016.10.21 07:48:55.301,0.76443,0.76452,1.00,1.87
2016.10.21 07:48:55.404,0.76443,0.76452,1.00,1.12
2016.10.21 07:48:55.760,0.76443,0.76452,1.00,1.87
2016.10.21 07:48:56.265,0.76443,0.76452,1.00,1.12
2016.10.21 07:48:56.570,0.76443,0.76452,1.00,1.87
2016.10.21 07:48:56.723,0.76443,0.76452,1.00,1.12
2016.10.21 07:48:58.150,0.76442,0.76452,2.62,1.87
2016.10.21 07:49:00.130,0.76442,0.76452,3.37,1.87
2016.10.21 07:49:00.334,0.76442,0.76452,3.37,2.62
2016.10.21 07:49:00.653,0.76442,0.76452,1.87,2.62
2016.10.21 07:49:01.246,0.76442,0.76452,1.87,1.87
2016.10.21 07:49:01.348,0.76442,0.76452,1.87,2.62
2016.10.21 07:49:01.451,0.76442,0.76452,1.87,1.87
2016.10.21 07:49:01.502,0.76442,0.76452,1.50,1.87
2016.10.21 07:49:02.107,0.76442,0.76452,1.50,2.62
2016.10.21 07:49:02.536,0.76442,0.76452,1.50,1.87
2016.10.21 07:49:05.133,0.76442,0.76452,1.50,2.62
2016.10.21 07:49:05.184,0.76442,0.76452,1.00,2.62
2016.10.21 07:49:07.068,0.76442,0.76452,1.00,1.87
2016.10.21 07:49:07.880,0.76442,0.76452,1.00,2.62
2016.10.21 07:49:08.243,0.76442,0.76452,1.00,1.87
2016.10.21 07:49:08.629,0.76442,0.76452,1.00,2.62
2016.10.21 07:49:09.670,0.76442,0.76452,1.00,1.87
2016.10.21 07:49:09.876,0.76442,0.76452,1.00,2.62
2016.10.21 07:49:10.527,0.76442,0.76452,1.00,1.87
2016.10.21 07:49:10.892,0.76442,0.76452,1.00,2.62
2016.10.21 07:49:10.995,0.76442,0.76452,1.00,1.87
2016.10.21 07:49:11.098,0.76442,0.76451,1.00,1.50
2016.10.21 07:49:11.200,0.76442,0.76452,1.00,1.87
2016.10.21 07:49:11.357,0.76441,0.76452,1.87,3.37
2016.10.21 07:49:11.434,0.76441,0.7645,1.87,1.12
2016.10.21 07:49:11.485,0.76441,0.7645,1.50,1.12
2016.10.21 07:49:11.536,0.76441,0.7645,1.00,1.12
2016.10.21 07:49:11.885,0.76441,0.7645,1.50,1.12
2016.10.21 07:49:12.317,0.76441,0.76451,1.87,1.50
2016.10.21 07:49:12.379,0.76441,0.76451,1.12,1.50
2016.10.21 07:49:12.481,0.76441,0.7645,1.12,1.12
2016.10.21 07:49:12.592,0.76441,0.76451,1.12,1.50
2016.10.21 07:49:12.899,0.7644,0.76451,2.62,1.50
2016.10.21 07:49:12.950,0.7644,0.76449,2.62,1.00
2016.10.21 07:49:13.183,0.7644,0.7645,2.62,1.12
2016.10.21 07:49:13.336,0.7644,0.7645,3.37,1.12
2016.10.21 07:49:13.692,0.7644,0.76452,3.37,7.87
2016.10.21 07:49:14.117,0.7644,0.76451,1.87,1.37
2016.10.21 07:49:15.089,0.7644,0.7645,1.87,1.12
2016.10.21 07:49:15.443,0.7644,0.76451,1.87,1.87
2016.10.21 07:49:15.596,0.7644,0.76451,1.87,1.37
2016.10.21 07:49:15.749,0.7644,0.76451,1.87,1.87
2016.10.21 07:49:16.080,0.7644,0.7645,1.87,1.12
2016.10.21 07:49:16.182,0.7644,0.7645,3.37,1.12
2016.10.21 07:49:16.233,0.7644,0.7645,3.37,1.50
2016.10.21 07:49:16.918,0.76438,0.76448,3.75,1.00
2016.10.21 07:49:16.970,0.76438,0.76449,3.75,1.87
2016.10.21 07:49:17.021,0.76438,0.76447,3.75,1.00
2016.10.21 07:49:17.072,0.76438,0.76448,3.75,1.00
2016.10.21 07:49:17.175,0.76438,0.76449,3.75,1.87
2016.10.21 07:49:17.671,0.76438,0.76449,3.75,1.12
2016.10.21 07:49:17.723,0.76438,0.76448,3.75,1.50
2016.10.21 07:49:17.774,0.76438,0.76448,1.00,2.25
2016.10.21 07:49:17.827,0.76438,0.76448,1.00,3.00
2016.10.21 07:49:17.878,0.76438,0.76448,1.00,1.50
2016.10.21 07:49:17.930,0.76437,0.76448,1.12,2.62
2016.10.21 07:49:17.982,0.76437,0.76447,1.12,1.50
2016.10.21 07:49:18.034,0.76437,0.76447,1.12,1.12
2016.10.21 07:49:18.387,0.76437,0.76447,1.00,2.25
2016.10.21 07:49:18.472,0.76436,0.76447,2.62,2.62
2016.10.21 07:49:18.523,0.76436,0.76446,2.62,1.12
2016.10.21 07:49:18.626,0.76436,0.76447,2.62,2.62
2016.10.21 07:49:18.779,0.76436,0.76445,3.37,1.00
2016.10.21 07:49:18.890,0.76436,0.76446,3.37,1.12
2016.10.21 07:49:18.992,0.76436,0.76445,2.62,1.00
2016.10.21 07:49:19.366,0.76436,0.76446,2.62,1.12
2016.10.21 07:49:19.569,0.76436,0.76447,2.62,3.37
2016.10.21 07:49:19.671,0.76436,0.76446,2.62,1.12
2016.10.21 07:49:20.381,0.76436,0.76447,2.62,3.37
2016.10.21 07:49:20.433,0.76438,0.76447,1.00,1.37
2016.10.21 07:49:20.485,0.76438,0.76447,2.25,1.50
2016.10.21 07:49:20.539,0.76438,0.76448,2.25,1.87
2016.10.21 07:49:20.591,0.76438,0.76449,3.37,5.25
2016.10.21 07:49:20.643,0.76438,0.76449,3.37,3.00
2016.10.21 07:49:20.694,0.76438,0.76449,3.75,3.00
2016.10.21 07:49:20.746,0.76438,0.76449,3.75,3.75
2016.10.21 07:49:21.641,0.76438,0.76449,4.50,3.75
2016.10.21 07:49:21.692,0.76439,0.76449,1.00,3.75
2016.10.21 07:49:21.743,0.76439,0.76449,1.50,3.00
2016.10.21 07:49:23.031,0.76439,0.76449,2.25,2.25
2016.10.21 07:49:23.234,0.76439,0.76449,2.25,3.00
2016.10.21 07:49:23.640,0.76439,0.76449,2.25,2.25
2016.10.21 07:49:23.743,0.76439,0.76449,1.50,2.25
2016.10.21 07:49:23.794,0.7644,0.7645,1.00,4.12
2016.10.21 07:49:23.845,0.7644,0.7645,1.00,3.37
2016.10.21 07:49:23.896,0.76439,0.7645,6.13,1.12
2016.10.21 07:49:23.948,0.76439,0.7645,5.62,1.12
2016.10.21 07:49:24.000,0.76439,0.7645,6.75,1.00
2016.10.21 07:49:24.051,0.7644,0.7645,1.37,1.00
2016.10.21 07:49:24.102,0.7644,0.7645,2.62,1.00
2016.10.21 07:49:24.535,0.7644,0.7645,2.62,1.00
2016.10.21 07:49:26.245,0.7644,0.7645,2.62,1.00
2016.10.21 07:49:26.496,0.7644,0.7645,3.51,1.00
2016.10.21 07:49:26.552,0.7644,0.7645,2.62,1.00
2016.10.21 07:49:26.604,0.7644,0.7645,4.12,1.00
2016.10.21 07:49:26.655,0.7644,0.7645,5.62,1.00
2016.10.21 07:49:26.707,0.7644,0.7645,5.76,1.00
2016.10.21 07:49:26.810,0.7644,0.7645,4.12,1.00
2016.10.21 07:49:27.431,0.7644,0.7645,4.87,1.00
2016.10.21 07:49:28.034,0.7644,0.7645,6.37,1.00
2016.10.21 07:49:30.861,0.7644,0.7645,4.87,1.00
2016.10.21 07:49:31.654,0.7644,0.7645,6.51,1.00
2016.10.21 07:49:32.163,0.7644,0.7645,4.87,1.00
2016.10.21 07:49:32.214,0.7644,0.7645,4.12,1.00
2016.10.21 07:49:33.277,0.7644,0.7645,4.87,1.00
2016.10.21 07:49:33.481,0.7644,0.7645,1.12,1.00
2016.10.21 07:49:33.532,0.7644,0.76449,1.00,1.50
2016.10.21 07:49:33.808,0.7644,0.76449,1.00,1.12
2016.10.21 07:49:33.860,0.7644,0.7645,1.18,3.75
2016.10.21 07:49:33.913,0.76441,0.76451,1.12,2.25
2016.10.21 07:49:33.964,0.76441,0.76451,1.87,1.37
2016.10.21 07:49:34.015,0.76441,0.76451,2.62,1.37
2016.10.21 07:49:34.066,0.76441,0.76451,1.87,1.00
2016.10.21 07:49:34.220,0.76441,0.76451,2.62,1.00
2016.10.21 07:49:34.271,0.76441,0.76451,1.87,1.00
2016.10.21 07:49:34.425,0.76441,0.76451,1.87,1.50
2016.10.21 07:49:36.270,0.76441,0.76451,2.62,1.50
2016.10.21 07:49:36.440,0.76441,0.76451,1.87,1.00
2016.10.21 07:49:36.493,0.76441,0.76451,1.37,1.00
2016.10.21 07:49:38.041,0.76441,0.76452,1.37,4.12
2016.10.21 07:49:38.453,0.7644,0.7645,1.87,1.00
2016.10.21 07:49:39.146,0.7644,0.76451,1.87,1.50
2016.10.21 07:49:39.564,0.7644,0.76451,3.37,1.50
2016.10.21 07:49:39.844,0.7644,0.7645,1.87,1.00
2016.10.21 07:49:39.938,0.7644,0.76451,1.87,3.75
2016.10.21 07:49:40.040,0.7644,0.7645,1.87,1.00
2016.10.21 07:49:42.259,0.7644,0.7645,1.87,1.00
2016.10.21 07:49:42.311,0.7644,0.76451,1.87,1.50
2016.10.21 07:49:43.294,0.7644,0.76451,1.87,3.00
2016.10.21 07:49:43.396,0.7644,0.76451,1.87,3.00
2016.10.21 07:49:44.091,0.7644,0.76449,1.87,1.00
2016.10.21 07:49:44.606,0.7644,0.7645,1.87,1.00
2016.10.21 07:49:44.657,0.7644,0.76451,1.87,3.00
2016.10.21 07:49:46.755,0.7644,0.76451,1.87,3.37
2016.10.21 07:49:46.806,0.7644,0.7645,1.50,1.50
2016.10.21 07:49:46.857,0.7644,0.7645,1.50,1.00
2016.10.21 07:49:46.908,0.7644,0.7645,1.00,2.62
2016.10.21 07:49:46.960,0.7644,0.7645,1.00,3.00
2016.10.21 07:49:47.432,0.76439,0.76449,3.00,2.62
2016.10.21 07:49:47.755,0.76439,0.76449,1.12,4.12
2016.10.21 07:49:47.806,0.76439,0.76448,1.12,1.00
2016.10.21 07:49:48.566,0.76439,0.76448,1.50,1.00
2016.10.21 07:49:49.495,0.76439,0.76448,1.50,1.00
2016.10.21 07:49:50.488,0.76439,0.76448,1.50,1.00
2016.10.21 07:49:50.540,0.76439,0.76449,1.87,1.87
2016.10.21 07:49:50.591,0.76439,0.76449,1.87,2.62
2016.10.21 07:49:50.767,0.76439,0.76449,1.50,1.87
2016.10.21 07:49:50.818,0.76439,0.76449,3.00,1.87
2016.10.21 07:49:50.919,0.76439,0.76449,2.62,1.87
2016.10.21 07:49:50.971,0.76439,0.76449,2.62,1.87
2016.10.21 07:49:51.123,0.76439,0.76449,2.62,1.12
2016.10.21 07:49:51.276,0.76439,0.76449,2.62,1.12
2016.10.21 07:49:52.032,0.76439,0.76449,3.00,1.87
2016.10.21 07:49:52.083,0.76439,0.76449,3.00,2.62
2016.10.21 07:49:52.287,0.76439,0.76449,3.00,1.87
2016.10.21 07:49:52.338,0.76439,0.76449,3.37,1.12
2016.10.21 07:49:53.067,0.76439,0.76449,3.00,1.12
2016.10.21 07:49:54.018,0.76439,0.76449,3.75,1.12
2016.10.21 07:49:54.732,0.76439,0.7645,4.87,4.87
2016.10.21 07:49:54.783,0.76439,0.7645,3.75,4.12
2016.10.21 07:49:54.834,0.76439,0.7645,4.12,4.87
2016.10.21 07:49:54.886,0.76439,0.7645,3.88,4.12
2016.10.21 07:49:54.937,0.76439,0.7645,3.88,4.50
2016.10.21 07:49:55.256,0.76439,0.7645,3.37,3.75
2016.10.21 07:49:55.314,0.76439,0.76449,3.37,1.00
2016.10.21 07:49:55.416,0.76439,0.76449,3.51,1.00
2016.10.21 07:49:55.519,0.7644,0.76451,2.62,4.87
2016.10.21 07:49:55.570,0.7644,0.76451,3.00,4.12
2016.10.21 07:49:55.672,0.7644,0.7645,3.00,1.12
2016.10.21 07:49:55.826,0.7644,0.76451,3.00,4.12
2016.10.21 07:49:55.979,0.7644,0.76451,3.00,4.87
2016.10.21 07:49:56.030,0.7644,0.76451,3.75,3.37
2016.10.21 07:49:56.372,0.7644,0.76451,3.75,2.62
2016.10.21 07:49:56.425,0.7644,0.76451,4.63,2.62
2016.10.21 07:49:57.142,0.76441,0.76451,1.00,2.62
2016.10.21 07:49:57.193,0.76441,0.76451,1.00,2.62
2016.10.21 07:49:57.472,0.7644,0.76451,5.25,2.62
2016.10.21 07:49:57.918,0.76441,0.76451,1.12,1.87
2016.10.21 07:49:57.986,0.76441,0.76452,1.87,6.37
2016.10.21 07:49:58.232,0.76441,0.76452,2.62,6.37
2016.10.21 07:49:58.334,0.76441,0.76452,3.37,6.37
2016.10.21 07:49:58.385,0.76441,0.76452,3.37,6.37
2016.10.21 07:50:00.533,0.76441,0.76452,2.76,6.37
2016.10.21 07:50:00.585,0.76442,0.76452,1.37,6.37
2016.10.21 07:50:00.637,0.76444,0.76452,1.50,1.12
2016.10.21 07:50:00.689,0.76444,0.76452,2.62,1.00
2016.10.21 07:50:00.741,0.76444,0.76454,3.37,4.12
2016.10.21 07:50:00.792,0.76444,0.76454,2.62,3.37
2016.10.21 07:50:00.843,0.76444,0.76454,1.87,4.12
2016.10.21 07:50:01.160,0.76444,0.76454,1.87,4.87
2016.10.21 07:50:01.311,0.76444,0.76454,1.87,6.00
2016.10.21 07:50:01.668,0.76443,0.76454,2.62,7.50
2016.10.21 07:50:02.251,0.76443,0.76454,2.62,6.75
2016.10.21 07:50:02.535,0.76443,0.76454,2.62,6.00
2016.10.21 07:50:02.587,0.76443,0.76454,2.62,6.75
2016.10.21 07:50:02.689,0.76443,0.76454,2.62,5.62
2016.10.21 07:50:03.332,0.76443,0.76454,4.12,5.62
2016.10.21 07:50:03.638,0.76443,0.76454,2.62,5.62
2016.10.21 07:50:03.791,0.76443,0.76454,2.62,6.75
2016.10.21 07:50:03.843,0.76443,0.76454,1.87,6.75
2016.10.21 07:50:04.172,0.76443,0.76453,1.50,1.37
2016.10.21 07:50:04.325,0.76443,0.76453,1.50,1.87
2016.10.21 07:50:04.532,0.76443,0.76453,1.50,2.62
2016.10.21 07:50:04.634,0.76443,0.76453,1.50,1.87
2016.10.21 07:50:05.199,0.76443,0.76453,1.50,2.62
2016.10.21 07:50:05.305,0.76443,0.76453,1.50,1.87
2016.10.21 07:50:05.407,0.76443,0.76452,1.50,1.12
2016.10.21 07:50:05.458,0.76442,0.76452,1.12,1.87
2016.10.21 07:50:05.510,0.76442,0.7645,1.00,1.00
2016.10.21 07:50:05.561,0.76441,0.76451,1.50,2.62
2016.10.21 07:50:05.612,0.7644,0.76451,3.00,4.12
2016.10.21 07:50:05.664,0.7644,0.76451,2.25,4.87
2016.10.21 07:50:05.715,0.7644,0.76451,1.50,3.75
2016.10.21 07:50:06.018,0.7644,0.76451,2.25,3.75
2016.10.21 07:50:06.070,0.7644,0.76451,1.50,4.50
2016.10.21 07:50:06.123,0.7644,0.76451,1.50,3.75
2016.10.21 07:50:06.174,0.7644,0.76451,1.50,2.62
2016.10.21 07:50:06.226,0.7644,0.76451,4.12,1.87
2016.10.21 07:50:06.278,0.7644,0.76451,4.87,1.87
2016.10.21 07:50:06.329,0.7644,0.76451,3.75,2.25
2016.10.21 07:50:06.534,0.7644,0.76451,3.00,1.50
2016.10.21 07:50:06.637,0.7644,0.76451,3.00,1.50
2016.10.21 07:50:07.098,0.7644,0.76451,3.88,2.25
2016.10.21 07:50:07.469,0.7644,0.76451,1.50,3.75
2016.10.21 07:50:07.979,0.7644,0.76451,1.50,4.50
2016.10.21 07:50:08.407,0.7644,0.76451,1.50,3.75
2016.10.21 07:50:09.348,0.7644,0.7645,1.50,1.12
2016.10.21 07:50:09.553,0.7644,0.7645,1.50,1.12
2016.10.21 07:50:10.506,0.7644,0.76451,1.50,4.87
2016.10.21 07:50:10.557,0.7644,0.7645,1.50,1.12
2016.10.21 07:50:10.761,0.7644,0.76451,1.50,4.87
2016.10.21 07:50:11.016,0.7644,0.76451,1.50,6.37
2016.10.21 07:50:11.340,0.7644,0.76451,1.87,6.37
2016.10.21 07:50:11.499,0.7644,0.7645,1.87,1.12
2016.10.21 07:50:13.032,0.7644,0.7645,1.87,1.12
2016.10.21 07:50:13.612,0.7644,0.7645,1.87,1.87
2016.10.21 07:50:14.050,0.7644,0.7645,1.87,1.37
2016.10.21 07:50:14.101,0.7644,0.7645,2.25,1.37
2016.10.21 07:50:15.340,0.7644,0.7645,3.00,1.37
2016.10.21 07:50:16.029,0.7644,0.7645,3.13,1.37
2016.10.21 07:50:16.081,0.7644,0.7645,3.00,1.37
2016.10.21 07:50:18.058,0.7644,0.7645,3.00,1.87
2016.10.21 07:50:18.111,0.7644,0.7645,1.00,4.12
2016.10.21 07:50:18.466,0.7644,0.7645,1.00,3.37
2016.10.21 07:50:18.518,0.7644,0.76449,1.00,1.12
2016.10.21 07:50:18.727,0.7644,0.7645,1.00,3.37
2016.10.21 07:50:18.880,0.7644,0.7645,1.00,4.12
2016.10.21 07:50:20.950,0.7644,0.7645,1.00,3.37
2016.10.21 07:50:21.032,0.7644,0.7645,1.00,4.12
2016.10.21 07:50:21.858,0.76439,0.7645,2.62,4.12
2016.10.21 07:50:21.910,0.76439,0.76449,2.62,1.12
2016.10.21 07:50:21.961,0.76439,0.76449,2.62,1.87
2016.10.21 07:50:22.012,0.76439,0.7645,1.87,3.37
2016.10.21 07:50:22.063,0.76439,0.7645,1.87,2.62
2016.10.21 07:50:22.184,0.76439,0.7645,1.87,2.62
2016.10.21 07:50:23.955,0.76439,0.76449,1.87,1.12
2016.10.21 07:50:24.009,0.76439,0.76449,1.87,1.87
2016.10.21 07:50:24.647,0.76439,0.76449,1.87,1.12
2016.10.21 07:50:24.885,0.76439,0.76449,1.87,2.62
2016.10.21 07:50:24.936,0.76438,0.76449,4.50,2.62
2016.10.21 07:50:24.987,0.76438,0.76449,4.50,2.25
2016.10.21 07:50:25.265,0.76438,0.76449,3.00,1.87
2016.10.21 07:50:25.319,0.76438,0.76449,3.00,1.87
2016.10.21 07:50:25.421,0.76438,0.76449,3.37,2.62
2016.10.21 07:50:25.472,0.76438,0.76449,4.50,2.62
2016.10.21 07:50:25.574,0.76438,0.76449,4.50,3.37
2016.10.21 07:50:25.734,0.76438,0.76449,3.37,2.62
2016.10.21 07:50:25.785,0.76438,0.76449,3.37,2.62
2016.10.21 07:50:25.836,0.76438,0.76449,3.37,1.87
2016.10.21 07:50:25.887,0.76438,0.76449,3.37,2.62
2016.10.21 07:50:25.938,0.76438,0.76449,3.00,2.62
2016.10.21 07:50:26.234,0.76438,0.76449,3.00,1.87
2016.10.21 07:50:26.286,0.76438,0.76449,3.19,1.12
2016.10.21 07:50:26.337,0.76439,0.76449,2.44,1.12
2016.10.21 07:50:26.389,0.76439,0.7645,1.37,2.25
2016.10.21 07:50:26.440,0.76439,0.7645,1.69,2.25
2016.10.21 07:50:26.491,0.76439,0.7645,1.87,1.12
2016.10.21 07:50:26.543,0.76439,0.76449,1.87,1.00
2016.10.21 07:50:26.750,0.76439,0.7645,1.87,1.12
2016.10.21 07:50:26.852,0.76439,0.76449,2.44,1.00
2016.10.21 07:50:26.954,0.76439,0.76449,1.37,1.00
2016.10.21 07:50:27.246,0.76439,0.7645,1.37,1.12
2016.10.21 07:50:27.297,0.76439,0.7645,1.37,1.87
2016.10.21 07:50:27.551,0.76439,0.76449,1.37,1.00
2016.10.21 07:50:27.857,0.76439,0.7645,1.37,1.12
2016.10.21 07:50:28.799,0.76439,0.7645,3.32,1.12
2016.10.21 07:50:28.851,0.76439,0.7645,2.62,1.12
2016.10.21 07:50:28.902,0.76439,0.76449,2.62,1.00
2016.10.21 07:50:29.106,0.76439,0.76451,2.62,4.12
2016.10.21 07:50:30.556,0.76439,0.7645,2.81,1.12
2016.10.21 07:50:30.968,0.76439,0.7645,2.95,1.12
2016.10.21 07:50:31.020,0.76439,0.76451,2.62,4.12
2016.10.21 07:50:31.180,0.76439,0.76451,2.62,3.37
2016.10.21 07:50:31.284,0.76439,0.76451,2.76,4.12
2016.10.21 07:50:31.386,0.76439,0.76451,2.76,4.12
2016.10.21 07:50:31.489,0.76439,0.76451,2.62,4.12
2016.10.21 07:50:31.591,0.76439,0.7645,2.62,1.12
2016.10.21 07:50:31.744,0.76439,0.76451,2.62,3.37
2016.10.21 07:50:31.819,0.76439,0.76451,2.62,4.12
2016.10.21 07:50:32.283,0.76439,0.76451,2.62,4.12
2016.10.21 07:50:32.335,0.76439,0.7645,2.95,1.12
2016.10.21 07:50:32.387,0.76439,0.7645,2.95,1.12
2016.10.21 07:50:32.490,0.76439,0.7645,2.81,1.12
2016.10.21 07:50:32.541,0.76439,0.76451,2.62,4.12
2016.10.21 07:50:32.709,0.76439,0.76451,2.62,3.37
2016.10.21 07:50:32.823,0.76439,0.76451,2.62,4.12
2016.10.21 07:50:33.617,0.76439,0.7645,2.81,1.12
2016.10.21 07:50:33.669,0.76439,0.76451,2.62,3.37
2016.10.21 07:50:33.872,0.76439,0.7645,2.81,1.12
2016.10.21 07:50:33.974,0.76439,0.76451,2.25,4.12
2016.10.21 07:50:34.025,0.76439,0.76451,1.87,4.12
2016.10.21 07:50:34.178,0.76439,0.7645,2.06,1.12
2016.10.21 07:50:34.752,0.76439,0.76451,1.87,4.87
2016.10.21 07:50:34.803,0.76439,0.7645,1.87,1.00
2016.10.21 07:50:34.905,0.76439,0.7645,1.87,1.50
2016.10.21 07:50:35.752,0.76438,0.7645,5.81,2.25
2016.10.21 07:50:35.803,0.76438,0.76449,5.06,1.00
2016.10.21 07:50:35.854,0.76438,0.76449,3.56,1.00
2016.10.21 07:50:35.905,0.76438,0.76449,3.56,1.00
2016.10.21 07:50:35.957,0.76438,0.76449,3.71,2.25
2016.10.21 07:50:36.059,0.76438,0.76449,3.56,1.00
2016.10.21 07:50:36.110,0.76438,0.76449,4.09,1.50
2016.10.21 07:50:36.161,0.76438,0.76449,2.81,1.50
2016.10.21 07:50:36.263,0.76438,0.76449,3.19,1.50
2016.10.21 07:50:36.856,0.76439,0.76449,1.87,1.50
2016.10.21 07:50:36.907,0.76439,0.76449,1.87,1.00
2016.10.21 07:50:36.958,0.76438,0.76449,3.94,2.25
2016.10.21 07:50:37.315,0.76438,0.76449,4.46,3.00
2016.10.21 07:50:37.417,0.76438,0.76449,5.21,2.25
2016.10.21 07:50:37.570,0.76438,0.76449,5.96,1.50
2016.10.21 07:50:37.621,0.76438,0.76449,4.69,1.50
2016.10.21 07:50:37.956,0.76438,0.7645,2.44,5.25
2016.10.21 07:50:38.007,0.76438,0.76449,2.25,1.00
2016.10.21 07:50:38.059,0.76438,0.76449,1.87,1.00
2016.10.21 07:50:38.110,0.76438,0.76449,1.87,1.00
2016.10.21 07:50:38.212,0.76438,0.76449,1.87,1.00
2016.10.21 07:50:38.682,0.76438,0.76449,1.87,1.50
2016.10.21 07:50:38.739,0.76438,0.76448,1.87,1.00
2016.10.21 07:50:38.841,0.76438,0.76447,1.87,1.00
2016.10.21 07:50:38.893,0.76438,0.76447,1.50,1.00
2016.10.21 07:50:38.944,0.76438,0.76447,1.00,1.00
2016.10.21 07:50:38.996,0.76438,0.76448,1.00,1.00
2016.10.21 07:50:39.048,0.76438,0.76448,1.00,1.50
2016.10.21 07:50:39.099,0.76438,0.76448,1.00,1.50
2016.10.21 07:50:39.151,0.76438,0.76447,1.00,1.00
2016.10.21 07:50:39.203,0.76438,0.76447,1.00,1.00
2016.10.21 07:50:39.480,0.76437,0.76443,4.87,1.37
2016.10.21 07:50:39.531,0.76434,0.76444,1.87,2.25
2016.10.21 07:50:39.599,0.76434,0.76444,1.87,1.00
2016.10.21 07:50:39.650,0.76434,0.76445,2.25,3.00
2016.10.21 07:50:39.803,0.76434,0.76445,3.00,3.00
2016.10.21 07:50:40.140,0.76433,0.76445,6.37,2.25
2016.10.21 07:50:40.192,0.76433,0.76444,4.87,1.12
2016.10.21 07:50:40.243,0.76433,0.76443,4.87,1.00
2016.10.21 07:50:40.345,0.76433,0.76443,2.25,1.12
2016.10.21 07:50:40.397,0.76433,0.76443,1.87,1.12
2016.10.21 07:50:41.044,0.76433,0.76442,1.87,1.00
2016.10.21 07:50:41.096,0.76433,0.76442,1.87,1.00
2016.10.21 07:50:41.148,0.76432,0.76442,2.81,1.00
2016.10.21 07:50:41.303,0.76432,0.76442,2.44,1.50
2016.10.21 07:50:41.355,0.76432,0.76442,1.69,1.50
2016.10.21 07:50:41.559,0.76432,0.76442,1.50,1.50
2016.10.21 07:50:41.950,0.76431,0.76441,5.21,2.25
2016.10.21 07:50:42.223,0.76432,0.76439,1.00,1.12
2016.10.21 07:50:42.274,0.76429,0.76439,2.96,1.00
2016.10.21 07:50:42.326,0.76429,0.76439,3.15,1.00
2016.10.21 07:50:42.378,0.76429,0.76439,3.15,1.50
2016.10.21 07:50:42.481,0.76429,0.76439,3.10,1.00
2016.10.21 07:50:42.532,0.76429,0.76439,3.15,1.00
2016.10.21 07:50:42.584,0.76429,0.76439,2.96,1.00
2016.10.21 07:50:43.061,0.76428,0.76439,3.90,1.00
2016.10.21 07:50:43.114,0.76428,0.76439,5.21,1.00
2016.10.21 07:50:43.217,0.76428,0.76439,5.21,1.00
2016.10.21 07:50:43.319,0.76428,0.76439,3.71,1.00
2016.10.21 07:50:43.472,0.76428,0.76439,5.21,1.00
2016.10.21 07:50:43.938,0.76428,0.76439,3.71,1.00
2016.10.21 07:50:44.091,0.76428,0.76439,3.71,1.00
2016.10.21 07:50:44.143,0.76428,0.76439,4.84,1.00
2016.10.21 07:50:44.353,0.76428,0.76439,5.77,1.00
2016.10.21 07:50:44.455,0.76428,0.76439,5.40,1.00
2016.10.21 07:50:45.128,0.76428,0.76439,7.03,1.00
2016.10.21 07:50:45.182,0.76428,0.76439,6.10,1.00
2016.10.21 07:50:45.284,0.76428,0.76439,7.46,1.00
2016.10.21 07:50:45.336,0.76428,0.76439,7.60,1.00
2016.10.21 07:50:45.387,0.76428,0.76439,7.60,1.00
2016.10.21 07:50:45.439,0.76428,0.76439,7.60,1.50
2016.10.21 07:50:45.490,0.76428,0.76439,7.22,1.50
2016.10.21 07:50:45.928,0.76428,0.76439,6.56,1.50
2016.10.21 07:50:46.031,0.76428,0.76439,6.56,2.25
2016.10.21 07:50:46.082,0.76428,0.76439,6.51,2.25
2016.10.21 07:50:46.135,0.76429,0.76439,1.12,2.25
2016.10.21 07:50:46.237,0.76429,0.76439,1.12,1.50
2016.10.21 07:50:46.443,0.76429,0.76439,1.87,1.50
2016.10.21 07:50:46.494,0.76429,0.76439,1.87,1.50
2016.10.21 07:50:46.795,0.76429,0.76439,1.87,1.50
2016.10.21 07:50:46.848,0.76428,0.76439,5.62,1.50
2016.10.21 07:50:46.900,0.76428,0.76439,4.87,3.00
2016.10.21 07:50:46.951,0.76428,0.76439,4.12,3.00
2016.10.21 07:50:47.785,0.76428,0.76439,3.37,3.25
2016.10.21 07:50:47.837,0.76428,0.76439,4.31,3.25
2016.10.21 07:50:48.041,0.76428,0.76439,3.37,3.25
2016.10.21 07:50:48.143,0.76428,0.76439,4.12,3.37
2016.10.21 07:50:48.194,0.76428,0.76439,2.62,4.00
2016.10.21 07:50:48.245,0.76428,0.76439,2.62,4.87
2016.10.21 07:50:48.297,0.76428,0.76438,1.00,1.50
2016.10.21 07:50:48.595,0.76428,0.76438,1.00,4.12
2016.10.21 07:50:48.649,0.76427,0.76438,2.25,3.37
2016.10.21 07:50:48.701,0.76427,0.76438,2.25,4.37
2016.10.21 07:50:48.753,0.76427,0.76438,2.32,6.62
2016.10.21 07:50:48.806,0.76427,0.76438,2.25,4.00
2016.10.21 07:50:48.858,0.76427,0.76438,2.32,5.50
2016.10.21 07:50:48.910,0.76427,0.76438,2.25,4.12
2016.10.21 07:50:48.962,0.76428,0.76438,1.00,5.87
2016.10.21 07:50:49.013,0.76428,0.76438,1.50,5.12
2016.10.21 07:50:49.064,0.76428,0.76438,1.50,3.62
2016.10.21 07:50:49.116,0.76428,0.76438,1.50,4.37
2016.10.21 07:50:49.218,0.76428,0.76437,1.50,1.00
2016.10.21 07:50:50.659,0.76429,0.76438,3.37,1.12
2016.10.21 07:50:50.710,0.76429,0.76438,3.00,1.12
2016.10.21 07:50:50.761,0.76428,0.76438,2.62,2.62
2016.10.21 07:50:50.863,0.76428,0.76438,2.25,1.87
2016.10.21 07:50:51.016,0.76428,0.76438,2.25,2.62
2016.10.21 07:50:51.423,0.76428,0.76438,2.25,1.87
2016.10.21 07:50:51.778,0.76428,0.76438,2.25,2.62
2016.10.21 07:50:51.979,0.76428,0.76438,2.25,1.87
2016.10.21 07:50:52.132,0.76428,0.76438,2.25,1.12
2016.10.21 07:50:52.550,0.76428,0.76438,2.25,1.87
2016.10.21 07:50:52.906,0.76428,0.76438,2.25,1.12
2016.10.21 07:50:53.851,0.76428,0.76438,3.00,1.87
2016.10.21 07:50:53.902,0.76428,0.76438,3.00,1.12
2016.10.21 07:50:54.004,0.76428,0.76438,3.00,1.87
2016.10.21 07:50:54.106,0.76428,0.76438,3.00,1.12
2016.10.21 07:50:54.776,0.76428,0.76438,2.25,1.12
2016.10.21 07:50:55.285,0.76428,0.76438,2.25,2.62
2016.10.21 07:50:55.970,0.76428,0.76438,2.25,3.37
2016.10.21 07:50:56.072,0.76428,0.76438,2.25,2.62
2016.10.21 07:50:56.770,0.76428,0.76438,3.00,2.62
2016.10.21 07:50:57.031,0.76428,0.76438,2.25,2.62
2016.10.21 07:50:57.632,0.76428,0.76438,2.25,3.37
2016.10.21 07:50:58.024,0.76428,0.76438,2.25,2.62
2016.10.21 07:50:58.093,0.76428,0.76438,2.25,3.37
2016.10.21 07:50:58.532,0.76428,0.76438,2.25,2.62
2016.10.21 07:50:58.735,0.76428,0.76438,2.25,3.37
2016.10.21 07:50:59.350,0.76428,0.76438,2.25,2.62
2016.10.21 07:50:59.707,0.76429,0.76438,1.00,2.62
2016.10.21 07:50:59.962,0.76429,0.76438,1.00,3.37
2016.10.21 07:51:00.013,0.76429,0.76438,1.00,2.62
2016.10.21 07:51:02.911,0.76428,0.76438,2.25,2.62
2016.10.21 07:51:03.135,0.76428,0.76438,2.25,1.12
2016.10.21 07:51:03.757,0.76428,0.76435,2.25,1.00
2016.10.21 07:51:04.047,0.76428,0.76437,2.25,1.50
2016.10.21 07:51:05.222,0.76428,0.76437,2.25,1.00
2016.10.21 07:51:05.937,0.76429,0.76439,1.12,4.12
2016.10.21 07:51:06.090,0.76429,0.76439,1.12,3.37
2016.10.21 07:51:06.450,0.76429,0.76439,1.12,1.87
2016.10.21 07:51:06.501,0.76429,0.76439,1.12,2.62
2016.10.21 07:51:06.604,0.76429,0.76439,1.12,1.87
2016.10.21 07:51:06.911,0.76429,0.76439,1.12,2.62
2016.10.21 07:51:06.963,0.7643,0.76439,1.00,2.62
2016.10.21 07:51:07.014,0.7643,0.76439,1.00,1.87
2016.10.21 07:51:07.400,0.7643,0.7644,1.00,6.75
2016.10.21 07:51:07.712,0.7643,0.76439,1.00,1.37
2016.10.21 07:51:07.969,0.76431,0.76439,1.00,1.87
2016.10.21 07:51:08.669,0.7643,0.76439,1.00,1.87
2016.10.21 07:51:08.721,0.7643,0.76439,1.00,1.37
2016.10.21 07:51:09.231,0.76429,0.76439,1.12,1.87
2016.10.21 07:51:09.796,0.76429,0.76439,1.12,1.37
2016.10.21 07:51:10.189,0.7643,0.76439,1.00,1.87
2016.10.21 07:51:11.019,0.7643,0.7644,1.00,5.25
2016.10.21 07:51:11.851,0.7643,0.7644,1.00,4.50
2016.10.21 07:51:12.482,0.7643,0.7644,1.00,5.25
2016.10.21 07:51:13.038,0.7643,0.7644,1.00,6.00
2016.10.21 07:51:13.089,0.7643,0.7644,1.00,6.75
2016.10.21 07:51:13.140,0.7643,0.7644,1.00,5.62
2016.10.21 07:51:13.192,0.7643,0.7644,1.00,3.37
2016.10.21 07:51:14.398,0.7643,0.7644,1.00,1.87
2016.10.21 07:51:14.553,0.7643,0.7644,1.50,1.12
2016.10.21 07:51:14.655,0.7643,0.7644,1.00,1.12
2016.10.21 07:51:15.040,0.7643,0.7644,1.00,1.87
2016.10.21 07:51:16.244,0.76432,0.7644,1.00,1.87
2016.10.21 07:51:16.296,0.76432,0.76441,1.00,2.62
2016.10.21 07:51:16.649,0.76432,0.76441,1.50,3.37
2016.10.21 07:51:16.802,0.76432,0.76441,1.00,2.62
2016.10.21 07:51:16.853,0.76432,0.76441,1.50,2.62
2016.10.21 07:51:16.905,0.76432,0.76441,1.50,1.50
2016.10.21 07:51:17.342,0.76432,0.76441,1.00,1.50
2016.10.21 07:51:17.394,0.76432,0.76441,1.00,1.50
2016.10.21 07:51:17.496,0.76432,0.76441,1.50,1.50
2016.10.21 07:51:17.547,0.76435,0.76441,1.00,1.12
2016.10.21 07:51:17.598,0.76435,0.76443,1.00,1.50
2016.10.21 07:51:17.649,0.76435,0.76443,2.25,1.00
2016.10.21 07:51:17.701,0.76435,0.76445,1.00,3.75
2016.10.21 07:51:17.752,0.76434,0.76445,1.00,3.00
2016.10.21 07:51:17.803,0.76435,0.76445,1.00,4.12
2016.10.21 07:51:17.859,0.76435,0.76444,1.00,2.25
2016.10.21 07:51:18.227,0.76435,0.76445,1.00,3.00
2016.10.21 07:51:18.434,0.76435,0.76445,1.00,3.37
2016.10.21 07:51:18.588,0.76435,0.76445,1.00,3.00
2016.10.21 07:51:18.639,0.76435,0.76444,1.00,1.00
2016.10.21 07:51:18.690,0.76435,0.76444,1.00,1.12
2016.10.21 07:51:19.383,0.76435,0.76444,1.00,2.25
2016.10.21 07:51:19.580,0.76435,0.76444,1.00,1.12
2016.10.21 07:51:19.785,0.76435,0.76444,1.00,3.00
2016.10.21 07:51:19.837,0.76435,0.76444,1.00,2.62
2016.10.21 07:51:20.135,0.76435,0.76444,1.00,3.00
2016.10.21 07:51:20.186,0.76433,0.76443,2.25,1.37
2016.10.21 07:51:20.238,0.76433,0.76443,2.25,1.50
2016.10.21 07:51:20.289,0.76433,0.76443,3.00,1.50
2016.10.21 07:51:20.445,0.76433,0.76443,2.44,1.50
2016.10.21 07:51:20.752,0.76433,0.76443,1.25,1.50
2016.10.21 07:51:21.032,0.76433,0.76443,1.25,1.50
2016.10.21 07:51:21.083,0.76433,0.76443,1.00,1.50
2016.10.21 07:51:21.390,0.76433,0.76443,1.00,1.50
2016.10.21 07:51:21.441,0.76433,0.76443,1.25,1.50
2016.10.21 07:51:21.911,0.76433,0.76443,1.25,2.25
2016.10.21 07:51:21.973,0.76433,0.76443,1.25,3.00
2016.10.21 07:51:24.482,0.76436,0.76443,1.00,1.87
2016.10.21 07:51:24.576,0.76436,0.76444,1.50,1.00
2016.10.21 07:51:24.628,0.76436,0.76445,1.00,1.12
2016.10.21 07:51:24.679,0.76437,0.76445,1.00,1.12
2016.10.21 07:51:24.782,0.7644,0.76446,1.00,1.87
2016.10.21 07:51:24.833,0.7644,0.76448,1.00,2.62
2016.10.21 07:51:24.885,0.7644,0.76448,1.00,2.25
2016.10.21 07:51:25.405,0.7644,0.76449,1.00,2.25
2016.10.21 07:51:25.456,0.7644,0.76449,1.00,1.00
2016.10.21 07:51:29.585,0.7644,0.76449,1.00,3.00
2016.10.21 07:51:29.967,0.7644,0.76449,1.00,2.25
2016.10.21 07:51:30.018,0.7644,0.76449,1.00,1.00
2016.10.21 07:51:30.171,0.7644,0.76449,1.00,1.00
2016.10.21 07:51:30.222,0.7644,0.76449,1.00,1.50
2016.10.21 07:51:30.274,0.7644,0.7645,1.00,4.50
2016.10.21 07:51:30.325,0.76442,0.7645,1.00,3.00
2016.10.21 07:51:30.378,0.76442,0.7645,1.00,1.00
2016.10.21 07:51:30.481,0.76442,0.7645,1.50,1.00
2016.10.21 07:51:30.532,0.76442,0.76451,1.50,4.50
2016.10.21 07:51:30.848,0.76442,0.76451,1.50,3.75
2016.10.21 07:51:30.899,0.76444,0.76452,1.50,1.87
2016.10.21 07:51:30.951,0.76444,0.76452,1.00,1.87
2016.10.21 07:51:31.002,0.76444,0.76452,1.00,1.50
2016.10.21 07:51:31.054,0.76444,0.76452,1.00,1.12
2016.10.21 07:51:31.698,0.76444,0.76453,1.00,2.62
2016.10.21 07:51:31.750,0.76443,0.76453,2.62,1.87
2016.10.21 07:51:31.801,0.76443,0.76453,2.62,2.62
2016.10.21 07:51:31.852,0.76443,0.76453,2.62,1.87
2016.10.21 07:51:32.064,0.76443,0.76453,2.62,1.37
2016.10.21 07:51:32.641,0.76443,0.76453,1.12,1.37
2016.10.21 07:51:32.744,0.76444,0.76453,1.00,1.37
2016.10.21 07:51:32.847,0.76444,0.76453,1.00,1.87
2016.10.21 07:51:33.576,0.76444,0.76453,1.00,1.12
2016.10.21 07:51:34.094,0.76444,0.76454,1.00,4.12
2016.10.21 07:51:34.160,0.76444,0.76454,1.50,2.62
2016.10.21 07:51:34.605,0.76444,0.76454,1.50,1.50
2016.10.21 07:51:34.661,0.76444,0.76454,1.50,2.62
2016.10.21 07:51:34.712,0.76444,0.76454,1.50,1.50
2016.10.21 07:51:34.814,0.76444,0.76454,1.50,2.62
2016.10.21 07:51:35.505,0.76444,0.76454,1.50,1.50
2016.10.21 07:51:36.382,0.76444,0.76454,1.50,2.62
2016.10.21 07:51:37.413,0.76447,0.76454,2.25,2.62
2016.10.21 07:51:37.464,0.76449,0.7646,1.87,3.00
2016.10.21 07:51:37.516,0.76449,0.7646,1.12,3.00
2016.10.21 07:51:37.568,0.76449,0.7646,2.44,2.25
2016.10.21 07:51:37.621,0.76449,0.7646,1.12,2.25
2016.10.21 07:51:37.673,0.76448,0.76459,2.81,1.50
2016.10.21 07:51:37.725,0.76448,0.76458,1.69,1.12
2016.10.21 07:51:38.055,0.76448,0.76458,1.69,1.87
2016.10.21 07:51:38.107,0.76448,0.76457,1.50,1.00
2016.10.21 07:51:38.216,0.76448,0.76457,1.12,1.00
2016.10.21 07:51:38.319,0.76448,0.76457,1.12,1.50
2016.10.21 07:51:38.370,0.76448,0.76457,1.12,1.00
2016.10.21 07:51:38.422,0.76448,0.76457,1.12,1.00
2016.10.21 07:51:39.368,0.76448,0.76457,1.12,1.50
2016.10.21 07:51:39.649,0.76448,0.76457,1.12,1.50
2016.10.21 07:51:41.546,0.76448,0.76457,1.12,2.25
2016.10.21 07:51:41.921,0.76448,0.76457,1.12,1.50
2016.10.21 07:51:42.399,0.76448,0.76457,1.12,1.00
2016.10.21 07:51:42.450,0.76448,0.76457,1.12,1.50
2016.10.21 07:51:42.707,0.76448,0.76457,1.12,1.00
2016.10.21 07:51:43.074,0.76448,0.76457,1.12,1.50
2016.10.21 07:51:43.176,0.76448,0.76457,1.87,1.00
2016.10.21 07:51:43.227,0.76448,0.76458,1.87,1.87
2016.10.21 07:51:43.329,0.76448,0.76458,1.87,1.12
2016.10.21 07:51:43.380,0.76448,0.76458,1.87,2.62
2016.10.21 07:51:43.533,0.76448,0.76458,1.87,2.62
2016.10.21 07:51:43.849,0.76448,0.76458,1.87,1.87
2016.10.21 07:51:43.901,0.76448,0.76457,1.87,1.00
2016.10.21 07:51:44.359,0.76448,0.76457,1.12,1.00
2016.10.21 07:51:44.410,0.76448,0.76457,1.12,1.00
2016.10.21 07:51:44.461,0.76448,0.76458,1.12,1.12
2016.10.21 07:51:44.887,0.76447,0.76457,6.19,1.00
2016.10.21 07:51:44.939,0.76448,0.76457,1.12,1.00
2016.10.21 07:51:47.352,0.76448,0.76458,1.12,1.87
2016.10.21 07:51:47.403,0.76447,0.76458,2.25,1.12
2016.10.21 07:51:47.607,0.76447,0.76458,2.62,1.00
2016.10.21 07:51:47.658,0.76447,0.76458,2.62,1.50
2016.10.21 07:51:48.512,0.76447,0.76458,4.12,1.50
2016.10.21 07:51:49.670,0.76447,0.76457,4.31,1.00
2016.10.21 07:51:50.986,0.76447,0.76458,4.12,3.00
2016.10.21 07:51:51.817,0.76447,0.76457,3.37,1.00
2016.10.21 07:51:51.919,0.76447,0.76458,3.37,3.00
2016.10.21 07:51:52.468,0.76449,0.76458,1.00,1.50
2016.10.21 07:51:52.519,0.76449,0.7646,2.62,5.62
2016.10.21 07:51:52.571,0.7645,0.7646,1.00,3.00
2016.10.21 07:51:52.622,0.7645,0.7646,1.50,3.00
2016.10.21 07:51:52.724,0.76452,0.76461,1.00,3.75
2016.10.21 07:51:52.776,0.76452,0.76461,1.00,1.87
2016.10.21 07:51:52.828,0.76451,0.76461,1.00,1.50
2016.10.21 07:51:52.879,0.76451,0.76461,1.31,1.50
2016.10.21 07:51:52.932,0.76451,0.76461,1.12,1.50
2016.10.21 07:51:53.343,0.76453,0.76461,1.00,1.50
2016.10.21 07:51:53.395,0.76453,0.7646,1.00,1.00
2016.10.21 07:51:53.905,0.76452,0.7646,1.00,1.00
2016.10.21 07:51:53.956,0.76452,0.76461,1.00,1.50
2016.10.21 07:51:54.008,0.76452,0.76461,1.00,1.37
2016.10.21 07:51:54.680,0.76453,0.76461,1.00,1.37
2016.10.21 07:51:54.752,0.76451,0.76461,1.00,1.87
2016.10.21 07:51:54.803,0.76451,0.7646,1.00,1.00
2016.10.21 07:51:54.854,0.7645,0.7646,3.19,1.00
2016.10.21 07:51:54.906,0.7645,0.7646,3.37,1.00
2016.10.21 07:51:54.957,0.7645,0.7646,3.37,1.00
2016.10.21 07:51:55.008,0.7645,0.7646,2.81,1.00
2016.10.21 07:51:55.161,0.7645,0.7646,2.62,1.00
2016.10.21 07:51:55.213,0.7645,0.7646,3.94,1.00
2016.10.21 07:51:55.315,0.7645,0.7646,3.56,1.00
2016.10.21 07:51:55.417,0.7645,0.7646,3.56,1.00
2016.10.21 07:51:55.692,0.7645,0.7646,3.56,1.00
2016.10.21 07:51:55.744,0.7645,0.7646,3.37,1.00
2016.10.21 07:51:55.846,0.7645,0.7646,3.37,1.00
2016.10.21 07:51:56.329,0.7645,0.7646,3.94,1.50
2016.10.21 07:51:56.380,0.7645,0.7646,3.19,1.50
2016.10.21 07:51:56.431,0.7645,0.7646,2.62,1.00
2016.10.21 07:51:56.814,0.7645,0.7646,2.62,1.00
2016.10.21 07:51:56.867,0.7645,0.7646,4.69,1.50
2016.10.21 07:51:56.918,0.7645,0.7646,4.69,1.50
2016.10.21 07:51:56.970,0.7645,0.7646,4.82,1.00
2016.10.21 07:51:57.021,0.7645,0.7646,4.69,1.00
2016.10.21 07:51:57.125,0.7645,0.7646,3.37,1.00
2016.10.21 07:51:57.228,0.7645,0.7646,3.37,1.00
2016.10.21 07:51:58.137,0.7645,0.7646,3.37,1.00
2016.10.21 07:51:58.960,0.7645,0.7646,3.51,1.00
2016.10.21 07:51:59.114,0.7645,0.7646,3.37,1.00
2016.10.21 07:51:59.500,0.7645,0.76461,3.37,1.87
2016.10.21 07:51:59.578,0.7645,0.76461,2.25,1.87
2016.10.21 07:51:59.996,0.7645,0.76461,1.50,2.25
2016.10.21 07:52:00.048,0.7645,0.76461,1.50,3.19
2016.10.21 07:52:00.099,0.7645,0.76461,1.50,3.94
2016.10.21 07:52:00.150,0.7645,0.76461,1.50,3.19
2016.10.21 07:52:00.531,0.7645,0.76461,1.00,3.19
2016.10.21 07:52:00.633,0.7645,0.76461,1.50,2.44
2016.10.21 07:52:00.734,0.7645,0.76461,1.00,2.44
2016.10.21 07:52:01.088,0.7645,0.76461,1.50,3.94
2016.10.21 07:52:01.190,0.7645,0.76461,1.00,3.19
2016.10.21 07:52:01.432,0.7645,0.76461,1.00,3.75
2016.10.21 07:52:01.483,0.7645,0.76461,1.00,3.00
2016.10.21 07:52:01.535,0.7645,0.76459,1.00,1.00
2016.10.21 07:52:01.587,0.76449,0.76459,1.87,1.00
2016.10.21 07:52:01.690,0.76449,0.76459,1.87,2.25
2016.10.21 07:52:01.844,0.76449,0.76459,1.87,1.00
2016.10.21 07:52:02.631,0.76449,0.76459,1.87,1.50
2016.10.21 07:52:02.737,0.76449,0.76459,1.87,1.00
2016.10.21 07:52:04.660,0.76449,0.76459,1.12,1.00
2016.10.21 07:52:04.712,0.76448,0.76458,4.12,1.00
2016.10.21 07:52:04.763,0.76448,0.76459,2.25,2.25
2016.10.21 07:52:04.814,0.76448,0.76458,1.87,1.87
2016.10.21 07:52:04.865,0.76447,0.76458,4.87,1.37
2016.10.21 07:52:04.917,0.76447,0.76456,4.87,1.00
2016.10.21 07:52:04.968,0.76448,0.76457,1.00,1.12
2016.10.21 07:52:05.356,0.76448,0.76459,1.00,4.50
2016.10.21 07:52:05.560,0.76447,0.76459,4.50,4.50
2016.10.21 07:52:05.611,0.76447,0.76458,4.50,1.37
2016.10.21 07:52:05.764,0.76447,0.76458,3.75,1.37
2016.10.21 07:52:05.815,0.76448,0.76458,1.50,1.37
2016.10.21 07:52:05.917,0.76449,0.76459,1.00,2.25
2016.10.21 07:52:06.380,0.76449,0.76459,2.25,2.25
2016.10.21 07:52:06.432,0.76448,0.76459,1.50,1.50
2016.10.21 07:52:06.483,0.76448,0.76459,1.50,2.25
2016.10.21 07:52:06.535,0.76448,0.76459,1.00,2.62
2016.10.21 07:52:06.587,0.76448,0.76457,1.00,1.12
2016.10.21 07:52:06.638,0.76448,0.76457,1.00,1.87
2016.10.21 07:52:06.689,0.76448,0.76457,1.00,2.62
2016.10.21 07:52:06.969,0.76448,0.76457,1.00,1.87
2016.10.21 07:52:07.021,0.76448,0.76457,1.50,1.12
2016.10.21 07:52:07.379,0.76448,0.76459,1.50,4.87
2016.10.21 07:52:07.532,0.76448,0.76459,1.50,4.87
2016.10.21 07:52:07.870,0.76448,0.76459,1.00,3.37
2016.10.21 07:52:07.923,0.76449,0.76459,1.00,2.62
2016.10.21 07:52:07.993,0.76449,0.76459,1.00,2.25
2016.10.21 07:52:08.147,0.76449,0.76459,1.00,1.50
2016.10.21 07:52:08.198,0.76449,0.76459,1.00,1.00
2016.10.21 07:52:08.300,0.76449,0.76459,1.00,3.75
2016.10.21 07:52:08.457,0.76449,0.76459,1.00,3.00
2016.10.21 07:52:09.176,0.76449,0.76459,1.87,1.00
2016.10.21 07:52:09.227,0.7645,0.76459,1.00,1.00
2016.10.21 07:52:10.074,0.7645,0.76459,1.50,1.00
2016.10.21 07:52:10.227,0.76451,0.7646,1.00,1.12
2016.10.21 07:52:10.329,0.76451,0.76461,1.00,3.75
2016.10.21 07:52:10.384,0.76451,0.76461,1.00,3.00
2016.10.21 07:52:11.261,0.76451,0.76461,1.00,3.75
2016.10.21 07:52:12.329,0.76451,0.76461,1.00,3.37
2016.10.21 07:52:12.381,0.76451,0.76461,1.00,2.62
2016.10.21 07:52:12.432,0.7645,0.76461,1.50,3.37
2016.10.21 07:52:12.483,0.7645,0.76461,1.50,4.12
2016.10.21 07:52:12.851,0.76449,0.76461,3.37,4.12
2016.10.21 07:52:13.260,0.76449,0.76461,3.37,4.87
2016.10.21 07:52:13.362,0.76449,0.7646,3.37,1.00
2016.10.21 07:52:13.822,0.76449,0.76461,3.37,4.87
2016.10.21 07:52:13.873,0.76449,0.7646,3.37,1.00
2016.10.21 07:52:13.925,0.76449,0.76461,3.37,4.87
2016.10.21 07:52:13.976,0.76449,0.76461,3.37,5.25
2016.10.21 07:52:14.028,0.76449,0.7646,3.00,1.12
2016.10.21 07:52:14.079,0.76449,0.7646,3.00,1.50
2016.10.21 07:52:14.182,0.76449,0.7646,3.00,2.25
2016.10.21 07:52:14.233,0.76449,0.7646,3.00,1.50
2016.10.21 07:52:15.081,0.76449,0.7646,3.75,1.00
2016.10.21 07:52:15.198,0.76449,0.7646,4.50,1.00
2016.10.21 07:52:15.249,0.76449,0.7646,5.25,1.00
2016.10.21 07:52:15.528,0.76449,0.7646,4.87,1.50
2016.10.21 07:52:15.824,0.76449,0.7646,4.12,2.25
2016.10.21 07:52:15.875,0.76449,0.7646,3.00,2.62
2016.10.21 07:52:15.926,0.76449,0.7646,1.50,4.50
2016.10.21 07:52:15.978,0.76448,0.76459,4.87,2.25
2016.10.21 07:52:16.080,0.76448,0.76459,4.87,1.00
2016.10.21 07:52:16.738,0.76448,0.76458,4.12,1.50
2016.10.21 07:52:16.813,0.76448,0.76458,3.37,1.00
2016.10.21 07:52:20.484,0.76448,0.76458,4.87,1.50
2016.10.21 07:52:20.586,0.76449,0.76458,1.12,1.50
2016.10.21 07:52:20.688,0.76449,0.76458,1.12,1.00
2016.10.21 07:52:20.873,0.76448,0.76459,4.50,2.25
2016.10.21 07:52:22.137,0.76448,0.76458,6.00,1.00
2016.10.21 07:52:22.188,0.76448,0.76458,6.00,1.00
2016.10.21 07:52:22.443,0.76448,0.76459,4.50,2.25
2016.10.21 07:52:22.596,0.76448,0.76458,6.00,1.00
2016.10.21 07:52:24.038,0.76448,0.76459,4.50,2.25
2016.10.21 07:52:24.333,0.76448,0.76458,4.87,1.00
2016.10.21 07:52:24.385,0.76449,0.76458,1.12,1.50
2016.10.21 07:52:24.437,0.76449,0.76458,1.00,1.50
2016.10.21 07:52:24.488,0.76448,0.76458,4.50,1.50
2016.10.21 07:52:24.539,0.76448,0.76458,4.12,1.00
2016.10.21 07:52:24.590,0.76448,0.76458,4.87,1.50
2016.10.21 07:52:24.744,0.76448,0.76458,4.12,1.00
2016.10.21 07:52:24.795,0.76448,0.76458,4.12,1.00
2016.10.21 07:52:25.137,0.76448,0.76458,4.87,1.50
2016.10.21 07:52:25.202,0.76448,0.76458,5.01,1.50
2016.10.21 07:52:25.304,0.76448,0.76458,5.01,1.50
2016.10.21 07:52:25.355,0.76448,0.76458,4.12,1.00
2016.10.21 07:52:25.406,0.76448,0.76458,4.12,1.00
2016.10.21 07:52:25.458,0.76448,0.76458,4.26,1.00
2016.10.21 07:52:25.509,0.76448,0.76458,4.26,1.00
2016.10.21 07:52:25.611,0.76448,0.76458,4.12,1.00
2016.10.21 07:52:25.713,0.76448,0.76458,4.12,1.00
2016.10.21 07:52:26.853,0.76448,0.76458,4.26,1.00
2016.10.21 07:52:26.904,0.76448,0.76458,5.76,1.50
2016.10.21 07:52:26.955,0.76448,0.76458,6.51,1.50
2016.10.21 07:52:27.007,0.76448,0.76458,6.88,1.50
2016.10.21 07:52:27.433,0.76448,0.76459,6.88,2.25
2016.10.21 07:52:27.489,0.76449,0.76459,1.63,2.25
2016.10.21 07:52:27.632,0.76449,0.76459,1.12,1.50
2016.10.21 07:52:27.684,0.76449,0.76459,1.12,1.50
2016.10.21 07:52:27.786,0.7645,0.76459,1.00,1.50
2016.10.21 07:52:27.892,0.76448,0.76459,6.88,2.25
2016.10.21 07:52:28.276,0.76449,0.76459,1.12,1.50
2016.10.21 07:52:28.429,0.7645,0.76459,1.00,1.50
2016.10.21 07:52:28.480,0.76449,0.76459,1.18,2.25
2016.10.21 07:52:28.531,0.76448,0.76459,5.76,1.50
2016.10.21 07:52:28.633,0.7645,0.76459,1.00,1.50
2016.10.21 07:52:29.134,0.76449,0.76459,2.38,2.25
2016.10.21 07:52:29.185,0.76449,0.76459,1.12,1.50
2016.10.21 07:52:29.236,0.76449,0.76459,1.00,1.50
2016.10.21 07:52:29.388,0.7645,0.76459,1.00,2.25
2016.10.21 07:52:29.439,0.76449,0.76459,1.00,1.50
2016.10.21 07:52:30.403,0.76448,0.76459,4.12,1.50
2016.10.21 07:52:30.929,0.76449,0.76459,1.00,1.50
2016.10.21 07:52:31.648,0.76449,0.76459,1.00,2.25
2016.10.21 07:52:31.751,0.76449,0.76459,1.00,1.50
2016.10.21 07:52:32.726,0.76449,0.76459,1.00,2.25
2016.10.21 07:52:33.089,0.76449,0.76459,1.00,1.50
2016.10.21 07:52:33.141,0.76449,0.76459,1.12,1.50
2016.10.21 07:52:33.192,0.7645,0.7646,1.00,3.00
2016.10.21 07:52:33.641,0.7645,0.7646,1.00,2.25
2016.10.21 07:52:33.694,0.7645,0.7646,1.00,3.00
2016.10.21 07:52:33.746,0.7645,0.7646,1.00,2.25
2016.10.21 07:52:34.002,0.7645,0.7646,1.12,2.25
2016.10.21 07:52:34.674,0.76451,0.7646,1.00,2.25
2016.10.21 07:52:34.746,0.76451,0.76461,1.50,1.12
2016.10.21 07:52:34.797,0.76451,0.76461,1.50,1.12
2016.10.21 07:52:35.993,0.76451,0.76461,1.50,1.87
2016.10.21 07:52:36.116,0.76451,0.76461,1.50,1.12
2016.10.21 07:52:36.167,0.76451,0.76461,1.87,1.12
2016.10.21 07:52:36.428,0.76451,0.76462,1.87,6.00
2016.10.21 07:52:36.480,0.76451,0.76461,1.87,1.00
2016.10.21 07:52:37.225,0.76451,0.76461,1.50,1.00
2016.10.21 07:52:37.277,0.76451,0.76461,1.50,1.50
2016.10.21 07:52:37.328,0.76449,0.76461,6.37,1.50
2016.10.21 07:52:37.583,0.76451,0.7646,1.00,1.00
2016.10.21 07:52:37.686,0.76449,0.7646,7.87,1.00
2016.10.21 07:52:37.800,0.76451,0.7646,1.00,1.00
2016.10.21 07:52:37.952,0.76449,0.7646,7.87,1.00
2016.10.21 07:52:38.019,0.76449,0.76461,6.37,1.50
2016.10.21 07:52:38.121,0.76449,0.76461,6.37,2.25
2016.10.21 07:52:38.503,0.76451,0.76461,1.00,2.25
2016.10.21 07:52:38.554,0.7645,0.76461,1.12,2.25
2016.10.21 07:52:38.656,0.76449,0.76461,6.37,2.25
2016.10.21 07:52:38.856,0.7645,0.76461,1.12,2.25
2016.10.21 07:52:39.009,0.76449,0.76461,6.37,2.25
2016.10.21 07:52:39.180,0.76451,0.76461,1.00,2.25
2016.10.21 07:52:39.282,0.76449,0.76461,6.37,2.25
2016.10.21 07:52:39.385,0.76451,0.76461,1.00,2.25
2016.10.21 07:52:39.489,0.76451,0.7646,1.00,1.00
2016.10.21 07:52:40.168,0.76451,0.7646,1.00,1.50
2016.10.21 07:52:40.219,0.76451,0.7646,1.00,1.00
2016.10.21 07:52:40.477,0.7645,0.7646,1.12,1.00
2016.10.21 07:52:40.783,0.76449,0.7646,5.62,1.00
2016.10.21 07:52:41.167,0.76451,0.7646,1.00,1.00
2016.10.21 07:52:41.270,0.76449,0.7646,5.62,1.00
2016.10.21 07:52:41.531,0.76451,0.7646,1.00,1.00
2016.10.21 07:52:42.085,0.76451,0.76461,1.00,1.50
2016.10.21 07:52:42.136,0.7645,0.76461,3.37,1.50
2016.10.21 07:52:42.340,0.76451,0.76461,1.00,1.50
2016.10.21 07:52:42.391,0.7645,0.76461,2.62,1.50
2016.10.21 07:52:42.544,0.7645,0.76461,1.12,1.50
2016.10.21 07:52:42.596,0.7645,0.76461,1.87,1.50
2016.10.21 07:52:43.102,0.7645,0.76461,1.12,1.50
2016.10.21 07:52:43.432,0.76451,0.76461,1.00,1.50
2016.10.21 07:52:43.484,0.76451,0.76461,1.00,2.25
2016.10.21 07:52:43.535,0.76449,0.76461,7.12,1.50
2016.10.21 07:52:43.906,0.7645,0.76461,1.12,1.50
2016.10.21 07:52:44.294,0.76451,0.76461,1.00,1.50
2016.10.21 07:52:44.396,0.7645,0.76461,1.12,1.50
2016.10.21 07:52:44.501,0.76451,0.76461,1.00,2.25
2016.10.21 07:52:45.216,0.7645,0.76461,1.12,2.25
2016.10.21 07:52:45.522,0.76451,0.76461,1.00,2.25
2016.10.21 07:52:45.701,0.76449,0.76461,9.13,2.25
2016.10.21 07:52:46.156,0.7645,0.76461,1.12,2.25
2016.10.21 07:52:46.212,0.7645,0.76461,1.12,2.25
2016.10.21 07:52:46.535,0.7645,0.76461,1.12,2.25
2016.10.21 07:52:46.586,0.7645,0.76461,1.12,1.50
2016.10.21 07:52:46.738,0.7645,0.76461,1.12,2.25
2016.10.21 07:52:46.840,0.7645,0.76461,1.12,1.50
2016.10.21 07:52:47.182,0.7645,0.76461,1.12,1.50
2016.10.21 07:52:47.234,0.76449,0.76461,7.12,1.50
2016.10.21 07:52:47.336,0.7645,0.76461,1.12,1.50
2016.10.21 07:52:47.742,0.7645,0.76461,1.87,2.25
2016.10.21 07:52:47.794,0.76451,0.76461,1.00,2.25
2016.10.21 07:52:48.181,0.76453,0.76462,3.00,1.50
2016.10.21 07:52:48.232,0.76454,0.76464,1.00,5.62
2016.10.21 07:52:48.334,0.76454,0.76464,1.00,4.87
2016.10.21 07:52:48.589,0.76453,0.76464,3.00,4.87
2016.10.21 07:52:49.264,0.76453,0.76464,3.00,2.62
2016.10.21 07:52:49.316,0.76453,0.76463,3.00,1.00
2016.10.21 07:52:49.469,0.76453,0.76462,3.00,1.00
2016.10.21 07:52:49.520,0.76453,0.76462,1.50,1.00
2016.10.21 07:52:49.574,0.76453,0.76462,1.00,1.00
2016.10.21 07:52:49.625,0.76452,0.76462,2.62,1.12
2016.10.21 07:52:49.728,0.76453,0.76462,1.00,1.12
2016.10.21 07:52:49.933,0.76452,0.76462,1.87,1.12
2016.10.21 07:52:50.323,0.76452,0.76462,2.62,1.12
2016.10.21 07:52:51.514,0.76452,0.76462,2.62,1.87
2016.10.21 07:52:51.771,0.76452,0.76462,3.00,1.87
2016.10.21 07:52:51.822,0.76452,0.76462,3.00,1.87
2016.10.21 07:52:51.924,0.76453,0.76462,1.00,1.12
2016.10.21 07:52:52.252,0.76453,0.76463,1.12,1.87
2016.10.21 07:52:52.304,0.76454,0.76462,1.00,1.00
2016.10.21 07:52:53.252,0.76454,0.76462,1.12,1.00
2016.10.21 07:52:54.024,0.76454,0.76464,1.12,4.87
2016.10.21 07:52:54.075,0.76454,0.76463,1.00,1.00
2016.10.21 07:52:54.345,0.76452,0.76463,4.87,1.00
2016.10.21 07:52:54.397,0.76452,0.76463,4.12,1.00
2016.10.21 07:52:54.448,0.76452,0.76463,4.12,1.00
2016.10.21 07:52:55.730,0.76453,0.76463,1.50,1.00
2016.10.21 07:52:56.089,0.76453,0.76464,1.50,5.25
2016.10.21 07:52:56.411,0.76453,0.76464,1.50,5.25
2016.10.21 07:52:56.839,0.76453,0.76464,1.50,6.00
2016.10.21 07:52:57.912,0.76453,0.76464,1.50,5.25
2016.10.21 07:53:00.081,0.76453,0.76464,1.50,4.50
2016.10.21 07:53:01.276,0.76451,0.76461,1.00,3.00
2016.10.21 07:53:01.328,0.7645,0.76459,1.00,1.50
2016.10.21 07:53:01.379,0.76449,0.76457,1.37,1.00
2016.10.21 07:53:01.430,0.76448,0.76457,3.37,1.00
2016.10.21 07:53:01.482,0.76448,0.76457,3.00,1.00
2016.10.21 07:53:02.075,0.76448,0.76457,2.62,1.00
2016.10.21 07:53:02.126,0.76448,0.76457,1.87,1.00
2016.10.21 07:53:02.177,0.76447,0.76457,2.25,1.00
2016.10.21 07:53:02.729,0.76448,0.76457,1.12,1.00
2016.10.21 07:53:02.831,0.76447,0.76457,2.25,1.00
2016.10.21 07:53:03.305,0.76447,0.76457,3.75,1.00
2016.10.21 07:53:03.374,0.76447,0.76457,4.12,1.00
2016.10.21 07:53:03.855,0.76447,0.76457,4.50,1.00
2016.10.21 07:53:03.907,0.76447,0.76457,4.12,1.00
2016.10.21 07:53:04.008,0.76447,0.76457,3.75,1.00
2016.10.21 07:53:04.344,0.76447,0.76455,3.00,1.00
2016.10.21 07:53:04.395,0.76447,0.76456,1.50,1.50
2016.10.21 07:53:04.499,0.76447,0.76456,1.50,1.50
2016.10.21 07:53:04.573,0.76447,0.76457,1.50,3.37
2016.10.21 07:53:04.777,0.76447,0.76456,1.87,1.50
2016.10.21 07:53:05.105,0.76447,0.76457,1.87,2.62
2016.10.21 07:53:05.156,0.76447,0.76454,1.50,1.00
2016.10.21 07:53:05.207,0.76446,0.76453,2.62,1.00
2016.10.21 07:53:05.259,0.76444,0.76453,2.25,2.25
2016.10.21 07:53:05.310,0.76445,0.76453,1.00,1.50
2016.10.21 07:53:05.361,0.76444,0.76453,1.37,2.25
2016.10.21 07:53:05.413,0.76444,0.76453,1.00,2.25
2016.10.21 07:53:05.464,0.76444,0.76453,1.00,3.00
2016.10.21 07:53:06.036,0.76442,0.76452,1.50,2.25
2016.10.21 07:53:06.087,0.76441,0.76452,1.50,4.87
2016.10.21 07:53:06.291,0.76441,0.76452,1.50,4.87
2016.10.21 07:53:06.496,0.76441,0.76451,1.50,1.00
2016.10.21 07:53:06.823,0.7644,0.76451,4.12,1.00
2016.10.21 07:53:06.927,0.76441,0.76451,1.00,1.00
2016.10.21 07:53:07.030,0.7644,0.76451,4.12,1.00
2016.10.21 07:53:07.132,0.76442,0.76451,1.00,1.00
2016.10.21 07:53:07.234,0.76442,0.76452,1.00,6.37
2016.10.21 07:53:07.743,0.76441,0.76452,1.00,6.37
2016.10.21 07:53:07.814,0.76441,0.76451,1.00,1.00
2016.10.21 07:53:07.968,0.76441,0.76452,1.00,6.37
2016.10.21 07:53:08.123,0.76441,0.76452,1.00,7.12
2016.10.21 07:53:08.458,0.7644,0.76451,3.37,1.00
2016.10.21 07:53:08.510,0.7644,0.76452,3.37,6.37
2016.10.21 07:53:08.612,0.7644,0.76451,4.87,1.00
2016.10.21 07:53:08.663,0.7644,0.76451,4.87,1.00
2016.10.21 07:53:08.766,0.7644,0.76452,3.37,6.37
2016.10.21 07:53:08.817,0.7644,0.76452,1.87,4.87
2016.10.21 07:53:09.149,0.7644,0.76451,1.87,1.00
2016.10.21 07:53:09.201,0.7644,0.7645,2.62,1.00
2016.10.21 07:53:09.252,0.7644,0.76451,1.87,1.50
2016.10.21 07:53:09.406,0.7644,0.7645,2.62,1.00
2016.10.21 07:53:09.508,0.7644,0.7645,3.37,1.00
2016.10.21 07:53:10.124,0.7644,0.7645,2.62,1.00
2016.10.21 07:53:10.176,0.7644,0.7645,1.87,1.00
2016.10.21 07:53:10.484,0.7644,0.7645,2.25,1.00
2016.10.21 07:53:10.535,0.7644,0.7645,3.00,1.50
2016.10.21 07:53:10.959,0.76441,0.7645,1.00,1.50
2016.10.21 07:53:11.163,0.76441,0.7645,1.00,1.00
2016.10.21 07:53:11.214,0.7644,0.7645,1.87,1.00
2016.10.21 07:53:11.509,0.76441,0.7645,1.00,1.00
2016.10.21 07:53:11.561,0.76441,0.7645,1.00,1.50
2016.10.21 07:53:11.612,0.7644,0.7645,1.87,1.50
2016.10.21 07:53:11.714,0.76441,0.7645,1.00,1.50
2016.10.21 07:53:11.766,0.76441,0.7645,1.00,1.00
2016.10.21 07:53:12.282,0.7644,0.7645,3.37,1.00
2016.10.21 07:53:12.335,0.7644,0.7645,1.87,1.00
2016.10.21 07:53:12.386,0.7644,0.7645,2.25,1.00
2016.10.21 07:53:12.576,0.7644,0.7645,2.25,1.50
2016.10.21 07:53:12.627,0.76441,0.7645,1.00,1.50
2016.10.21 07:53:12.729,0.76441,0.7645,1.00,1.00
2016.10.21 07:53:12.780,0.7644,0.7645,2.25,1.00
2016.10.21 07:53:13.787,0.7644,0.7645,2.25,1.50
2016.10.21 07:53:13.940,0.7644,0.7645,1.50,1.50
2016.10.21 07:53:14.640,0.7644,0.7645,2.25,1.50
2016.10.21 07:53:15.969,0.76441,0.7645,1.00,1.00
2016.10.21 07:53:16.391,0.76441,0.7645,1.00,1.50
2016.10.21 07:53:16.463,0.76441,0.7645,1.00,1.00
2016.10.21 07:53:16.616,0.76441,0.7645,1.00,1.50
2016.10.21 07:53:16.718,0.7644,0.7645,2.25,1.50
2016.10.21 07:53:17.168,0.7644,0.7645,2.25,1.00
2016.10.21 07:53:17.219,0.7644,0.7645,1.50,1.00
2016.10.21 07:53:17.327,0.7644,0.7645,2.25,1.00
2016.10.21 07:53:17.433,0.7644,0.7645,2.25,1.50
2016.10.21 07:53:17.535,0.7644,0.7645,2.25,2.25
2016.10.21 07:53:17.637,0.7644,0.7645,1.50,1.50
2016.10.21 07:53:18.057,0.7644,0.76449,1.50,1.00
2016.10.21 07:53:18.599,0.7644,0.76449,1.50,1.50
2016.10.21 07:53:18.652,0.7644,0.76448,1.50,1.00
2016.10.21 07:53:18.958,0.76439,0.76448,1.87,1.00
2016.10.21 07:53:19.012,0.76439,0.76448,1.87,1.50
2016.10.21 07:53:19.064,0.76439,0.76448,2.62,1.00
2016.10.21 07:53:19.115,0.76439,0.76448,1.87,1.00
2016.10.21 07:53:19.166,0.7644,0.76448,1.00,1.00
2016.10.21 07:53:20.197,0.7644,0.76448,1.00,1.50
2016.10.21 07:53:20.350,0.7644,0.76448,1.00,1.00
2016.10.21 07:53:20.965,0.7644,0.76448,1.50,1.00
2016.10.21 07:53:21.016,0.7644,0.76448,1.00,1.00
2016.10.21 07:53:21.222,0.7644,0.76448,1.00,1.50
2016.10.21 07:53:21.274,0.7644,0.76448,1.00,1.00
2016.10.21 07:53:21.325,0.7644,0.76448,1.00,1.00
2016.10.21 07:53:21.376,0.7644,0.7645,1.00,2.62
2016.10.21 07:53:21.428,0.7644,0.7645,1.50,2.62
2016.10.21 07:53:22.132,0.76441,0.7645,1.00,2.62
2016.10.21 07:53:22.387,0.76441,0.7645,1.00,1.87
2016.10.21 07:53:22.438,0.76441,0.7645,1.00,1.12
2016.10.21 07:53:22.981,0.76442,0.7645,1.00,1.12
2016.10.21 07:53:23.529,0.76441,0.7645,1.00,1.12
2016.10.21 07:53:25.194,0.76441,0.7645,1.00,2.62
2016.10.21 07:53:25.356,0.76441,0.7645,1.00,1.87
2016.10.21 07:53:25.662,0.7644,0.7645,3.00,1.87
2016.10.21 07:53:25.866,0.7644,0.7645,1.50,1.87
2016.10.21 07:53:26.352,0.7644,0.7645,1.50,1.12
2016.10.21 07:53:26.444,0.7644,0.76449,1.50,1.00
2016.10.21 07:53:26.495,0.7644,0.76449,1.00,1.00
2016.10.21 07:53:27.578,0.76439,0.76449,1.37,1.00
2016.10.21 07:53:27.681,0.76439,0.76449,1.12,1.12
2016.10.21 07:53:28.085,0.76439,0.76449,1.12,1.87
2016.10.21 07:53:28.405,0.76438,0.76447,3.00,1.12
2016.10.21 07:53:28.456,0.76437,0.76447,2.25,1.87
2016.10.21 07:53:28.507,0.76437,0.76445,1.50,1.50
2016.10.21 07:53:28.559,0.76434,0.76445,3.00,2.25
2016.10.21 07:53:28.610,0.76434,0.76445,1.87,2.25
2016.10.21 07:53:29.219,0.76434,0.76445,1.87,3.00
2016.10.21 07:53:29.321,0.76434,0.76445,1.87,2.25
2016.10.21 07:53:29.751,0.76434,0.76445,1.87,3.75
2016.10.21 07:53:30.610,0.76434,0.76444,1.87,1.00
2016.10.21 07:53:30.915,0.76434,0.76445,1.87,3.00
2016.10.21 07:53:31.382,0.76437,0.76446,2.62,1.00
2016.10.21 07:53:31.435,0.76438,0.76447,1.37,1.00
2016.10.21 07:53:31.487,0.76439,0.76449,1.12,3.75
2016.10.21 07:53:31.539,0.76438,0.76449,3.75,3.00
2016.10.21 07:53:31.590,0.76438,0.76449,3.75,1.12
2016.10.21 07:53:31.848,0.76439,0.7645,1.12,6.00
2016.10.21 07:53:32.003,0.76439,0.7645,1.12,5.25
2016.10.21 07:53:32.654,0.76439,0.76449,1.12,1.87
2016.10.21 07:53:32.705,0.76439,0.76449,1.12,1.12
2016.10.21 07:53:33.528,0.76438,0.76449,4.50,1.12
2016.10.21 07:53:33.960,0.76438,0.76449,4.12,1.12
2016.10.21 07:53:34.011,0.76438,0.76449,4.12,1.50
2016.10.21 07:53:35.232,0.76438,0.76449,4.12,2.25
2016.10.21 07:53:35.283,0.76438,0.76449,4.12,1.50
2016.10.21 07:53:35.334,0.76439,0.76449,1.12,1.50
2016.10.21 07:53:39.292,0.76438,0.76449,4.12,2.25
2016.10.21 07:53:40.406,0.76438,0.76449,4.87,2.25
2016.10.21 07:53:40.989,0.76438,0.76449,4.12,2.25
2016.10.21 07:53:41.049,0.76438,0.76449,4.12,1.50
2016.10.21 07:53:41.159,0.76438,0.76449,5.62,2.25
2016.10.21 07:53:41.261,0.76438,0.76449,4.12,1.50
2016.10.21 07:53:41.312,0.76439,0.76449,1.12,2.25
2016.10.21 07:53:41.468,0.7644,0.76449,1.00,2.25
2016.10.21 07:53:41.570,0.7644,0.76449,1.00,3.00
2016.10.21 07:53:41.621,0.76438,0.76449,5.62,3.00
2016.10.21 07:53:41.722,0.76439,0.76449,1.12,3.00
2016.10.21 07:53:41.773,0.76439,0.76449,1.12,2.25
2016.10.21 07:53:41.824,0.76439,0.76449,1.12,2.25
2016.10.21 07:53:42.604,0.76439,0.76449,1.12,1.50
2016.10.21 07:53:42.881,0.7644,0.76449,1.00,1.50
2016.10.21 07:53:43.860,0.76439,0.76449,1.12,1.50
2016.10.21 07:53:44.017,0.76439,0.76449,2.62,1.50
2016.10.21 07:53:45.227,0.76439,0.76449,1.87,1.50
2016.10.21 07:53:45.330,0.76439,0.76449,2.62,2.25
2016.10.21 07:53:45.486,0.76439,0.76449,2.62,3.00
2016.10.21 07:53:45.632,0.76439,0.76449,2.62,2.25
2016.10.21 07:53:45.970,0.76439,0.76449,2.62,1.50
2016.10.21 07:53:46.021,0.76439,0.76449,1.12,1.50
2016.10.21 07:53:46.072,0.76439,0.76449,1.12,2.25
2016.10.21 07:53:46.378,0.76439,0.76449,1.12,1.50
2016.10.21 07:53:46.532,0.76439,0.76449,1.12,2.25
2016.10.21 07:53:46.583,0.76439,0.76449,2.62,1.50
2016.10.21 07:53:47.281,0.7644,0.76449,1.00,2.25
2016.10.21 07:53:47.332,0.76439,0.76449,4.12,1.50
2016.10.21 07:53:47.383,0.76439,0.76449,4.12,1.00
2016.10.21 07:53:49.131,0.76439,0.76449,4.12,1.00
2016.10.21 07:53:49.234,0.76439,0.76449,3.37,1.00
2016.10.21 07:53:49.925,0.76439,0.76449,3.37,1.00
2016.10.21 07:53:50.435,0.76439,0.76449,4.12,1.00
2016.10.21 07:53:50.486,0.76439,0.76449,4.50,1.00
2016.10.21 07:53:51.054,0.76439,0.7645,4.50,3.00
2016.10.21 07:53:51.115,0.7644,0.7645,1.00,3.00
2016.10.21 07:53:51.552,0.7644,0.7645,1.50,3.00
2016.10.21 07:53:51.852,0.7644,0.7645,1.50,3.00
2016.10.21 07:53:51.904,0.7644,0.7645,2.25,3.00
2016.10.21 07:53:51.956,0.7644,0.7645,2.62,3.00
2016.10.21 07:53:52.007,0.7644,0.7645,2.25,2.25
2016.10.21 07:53:52.110,0.7644,0.7645,3.00,2.25
2016.10.21 07:53:52.162,0.76441,0.7645,1.00,2.25
2016.10.21 07:53:52.265,0.7644,0.7645,2.25,1.50
2016.10.21 07:53:53.026,0.7644,0.7645,2.25,2.25
2016.10.21 07:53:53.129,0.7644,0.7645,2.25,1.50
2016.10.21 07:53:53.399,0.76441,0.7645,1.00,1.50
2016.10.21 07:53:54.183,0.76442,0.7645,1.00,1.50
2016.10.21 07:53:54.234,0.7644,0.7645,2.25,1.50
2016.10.21 07:53:54.913,0.76442,0.7645,1.00,1.50
2016.10.21 07:53:55.066,0.7644,0.7645,2.25,1.50
2016.10.21 07:53:55.170,0.76441,0.7645,1.00,1.50
2016.10.21 07:53:55.273,0.7644,0.7645,2.25,1.50
2016.10.21 07:53:55.401,0.76441,0.7645,1.00,1.50
2016.10.21 07:53:55.876,0.76441,0.7645,1.00,1.00
2016.10.21 07:54:00.097,0.7644,0.7645,2.25,1.00
2016.10.21 07:54:00.168,0.76441,0.76451,1.00,1.87
2016.10.21 07:54:00.219,0.76441,0.76451,1.00,1.12
2016.10.21 07:54:00.271,0.76441,0.76452,1.00,3.37
2016.10.21 07:54:00.322,0.76442,0.76452,1.00,1.87
2016.10.21 07:54:00.373,0.76443,0.76452,1.50,1.87
2016.10.21 07:54:00.425,0.76443,0.76452,1.87,1.37
2016.10.21 07:54:00.476,0.76443,0.76452,2.62,1.37
2016.10.21 07:54:00.527,0.76445,0.76453,1.00,1.12
2016.10.21 07:54:00.578,0.76445,0.76454,1.00,1.37
2016.10.21 07:54:00.881,0.76446,0.76455,1.00,1.87
2016.10.21 07:54:00.933,0.76445,0.76455,1.50,1.37
2016.10.21 07:54:01.241,0.76445,0.76455,1.50,1.87
2016.10.21 07:54:01.445,0.76444,0.76455,3.00,1.87
2016.10.21 07:54:01.752,0.76444,0.76454,3.00,1.00
2016.10.21 07:54:02.160,0.76444,0.76455,3.00,1.87
2016.10.21 07:54:02.945,0.76444,0.76455,1.50,1.87
2016.10.21 07:54:03.047,0.76444,0.76455,1.00,1.87
2016.10.21 07:54:03.098,0.76444,0.76454,1.00,1.12
2016.10.21 07:54:03.150,0.76444,0.76454,1.00,1.87
2016.10.21 07:54:03.216,0.76443,0.76454,1.50,3.37
2016.10.21 07:54:03.268,0.76443,0.76454,1.50,3.37
2016.10.21 07:54:03.319,0.76443,0.76453,1.50,1.50
2016.10.21 07:54:03.371,0.76443,0.76452,1.50,1.12
2016.10.21 07:54:03.422,0.76443,0.76452,1.50,1.50
2016.10.21 07:54:03.473,0.76443,0.76452,1.50,2.25
2016.10.21 07:54:04.128,0.76443,0.76452,1.50,1.50
2016.10.21 07:54:04.230,0.76443,0.76452,1.50,2.25
2016.10.21 07:54:04.281,0.76443,0.76452,1.50,1.50
2016.10.21 07:54:04.434,0.76442,0.76452,1.12,1.50
2016.10.21 07:54:04.485,0.76441,0.76452,4.50,2.25
2016.10.21 07:54:04.537,0.76441,0.76452,4.12,3.75
2016.10.21 07:54:04.596,0.76441,0.7645,3.37,1.00
2016.10.21 07:54:04.980,0.76441,0.76452,3.37,4.12
2016.10.21 07:54:05.034,0.76441,0.76451,3.37,1.12
2016.10.21 07:54:05.349,0.76441,0.76451,1.12,3.37
2016.10.21 07:54:05.400,0.7644,0.76451,1.50,4.87
2016.10.21 07:54:05.451,0.7644,0.76449,1.50,1.00
2016.10.21 07:54:05.552,0.7644,0.76451,1.50,4.87
2016.10.21 07:54:05.654,0.7644,0.76449,1.50,1.00
2016.10.21 07:54:05.985,0.76439,0.76449,6.00,1.00
2016.10.21 07:54:06.339,0.76439,0.76449,4.87,1.00
2016.10.21 07:54:06.391,0.76439,0.76451,4.12,4.87
2016.10.21 07:54:06.493,0.76439,0.76449,4.87,1.00
2016.10.21 07:54:06.697,0.76439,0.76449,4.12,1.00
2016.10.21 07:54:06.869,0.76439,0.76451,3.37,3.37
2016.10.21 07:54:06.970,0.76439,0.7645,3.37,1.00
2016.10.21 07:54:07.174,0.76439,0.7645,3.75,1.00
2016.10.21 07:54:07.533,0.76439,0.76449,4.12,1.00
2016.10.21 07:54:07.686,0.76439,0.76449,3.37,1.00
2016.10.21 07:54:07.788,0.76439,0.7645,3.37,1.50
2016.10.21 07:54:07.840,0.76439,0.7645,4.12,1.50
2016.10.21 07:54:07.890,0.76439,0.7645,4.12,1.00
2016.10.21 07:54:08.094,0.76439,0.7645,3.37,1.50
2016.10.21 07:54:08.145,0.76439,0.7645,3.37,1.87
2016.10.21 07:54:08.196,0.76439,0.7645,2.62,2.62
2016.10.21 07:54:08.821,0.76438,0.76447,3.37,1.00
2016.10.21 07:54:08.872,0.76437,0.76447,3.37,1.87
2016.10.21 07:54:08.924,0.76437,0.76446,2.25,1.00
2016.10.21 07:54:08.975,0.76437,0.76447,2.25,2.62
2016.10.21 07:54:09.027,0.76436,0.76445,1.37,1.00
2016.10.21 07:54:09.078,0.76435,0.76445,2.25,1.50
2016.10.21 07:54:09.130,0.76435,0.76445,2.25,1.00
2016.10.21 07:54:09.181,0.76434,0.76445,8.25,1.00
2016.10.21 07:54:09.627,0.76434,0.76445,7.50,1.00
2016.10.21 07:54:09.780,0.76434,0.76445,8.25,1.00
2016.10.21 07:54:09.860,0.76434,0.76445,8.62,1.00
2016.10.21 07:54:09.917,0.76434,0.76445,7.87,1.00
2016.10.21 07:54:10.020,0.76434,0.76445,5.62,1.00
2016.10.21 07:54:10.512,0.76433,0.76443,1.12,1.12
2016.10.21 07:54:10.565,0.76432,0.76444,3.37,3.75
2016.10.21 07:54:10.616,0.76432,0.76444,3.37,4.50
2016.10.21 07:54:10.668,0.76432,0.76444,4.12,3.75
2016.10.21 07:54:10.719,0.76432,0.76443,3.37,1.37
2016.10.21 07:54:10.771,0.76432,0.76443,2.62,1.37
2016.10.21 07:54:10.822,0.76432,0.76444,2.62,4.87
2016.10.21 07:54:10.975,0.76432,0.76444,3.37,4.12
2016.10.21 07:54:11.349,0.76433,0.76443,1.50,2.62
2016.10.21 07:54:11.400,0.76433,0.76443,2.25,3.37
2016.10.21 07:54:11.502,0.76433,0.76443,2.25,2.62
2016.10.21 07:54:11.605,0.76433,0.76443,1.50,1.87
2016.10.21 07:54:12.423,0.76433,0.76443,2.25,1.87
2016.10.21 07:54:12.474,0.76433,0.76443,1.50,1.87
2016.10.21 07:54:12.525,0.76433,0.76443,1.50,2.62
2016.10.21 07:54:12.576,0.76433,0.76443,1.50,1.87
2016.10.21 07:54:12.729,0.76433,0.76443,2.25,1.50
2016.10.21 07:54:12.781,0.76433,0.76443,2.62,1.50
2016.10.21 07:54:13.336,0.76434,0.76443,1.00,1.50
2016.10.21 07:54:13.388,0.76433,0.76443,2.62,1.50
2016.10.21 07:54:13.642,0.76433,0.76443,1.87,1.50
2016.10.21 07:54:14.036,0.76433,0.76443,2.62,1.50
2016.10.21 07:54:14.689,0.76436,0.76443,2.55,1.50
2016.10.21 07:54:14.740,0.76436,0.76443,2.77,1.00
2016.10.21 07:54:14.792,0.76437,0.76444,1.87,1.37
2016.10.21 07:54:14.843,0.76437,0.76445,3.75,2.25
2016.10.21 07:54:14.894,0.76438,0.76447,1.00,1.37
2016.10.21 07:54:14.945,0.76438,0.76448,1.00,3.00
2016.10.21 07:54:14.996,0.76438,0.76448,1.37,1.00
2016.10.21 07:54:15.047,0.76438,0.76449,1.37,2.25
2016.10.21 07:54:15.367,0.76438,0.76449,1.37,2.25
2016.10.21 07:54:15.420,0.76437,0.76449,3.00,3.00
2016.10.21 07:54:15.631,0.76437,0.76448,1.12,1.00
2016.10.21 07:54:15.683,0.76437,0.76446,1.50,1.00
2016.10.21 07:54:15.786,0.76438,0.76445,1.37,1.00
2016.10.21 07:54:16.122,0.76437,0.76447,1.50,2.62
2016.10.21 07:54:16.196,0.76437,0.76447,1.00,1.87
2016.10.21 07:54:16.247,0.76437,0.76447,1.00,2.62
2016.10.21 07:54:16.298,0.76436,0.76447,5.25,1.87
2016.10.21 07:54:16.349,0.76437,0.76447,1.00,1.87
2016.10.21 07:54:16.552,0.76437,0.76447,1.00,2.62
2016.10.21 07:54:17.436,0.76436,0.76447,4.87,1.87
2016.10.21 07:54:19.282,0.76436,0.76447,4.87,1.12
2016.10.21 07:54:19.335,0.76436,0.76448,5.62,2.25
2016.10.21 07:54:19.388,0.76436,0.76448,9.00,2.25
2016.10.21 07:54:19.439,0.76437,0.76449,2.25,4.12
2016.10.21 07:54:19.491,0.76438,0.76449,4.12,1.50
2016.10.21 07:54:19.799,0.76438,0.76449,5.24,1.12
2016.10.21 07:54:19.865,0.76439,0.7645,3.00,2.25
2016.10.21 07:54:19.917,0.76439,0.7645,4.00,2.25
2016.10.21 07:54:19.968,0.76439,0.7645,4.00,1.50
2016.10.21 07:54:20.020,0.76439,0.7645,3.25,1.50
2016.10.21 07:54:20.255,0.76439,0.76451,3.25,5.25
2016.10.21 07:54:20.357,0.76439,0.76451,3.25,6.75
2016.10.21 07:54:20.783,0.76439,0.76451,4.00,8.25
2016.10.21 07:54:20.835,0.76439,0.76451,4.75,8.25
2016.10.21 07:54:20.886,0.76439,0.76451,4.00,6.00
2016.10.21 07:54:21.359,0.76439,0.76451,4.75,9.00
2016.10.21 07:54:22.110,0.7644,0.76451,1.00,9.00
2016.10.21 07:54:22.161,0.7644,0.76451,1.00,6.00
2016.10.21 07:54:22.738,0.7644,0.76451,1.00,5.25
2016.10.21 07:54:22.789,0.7644,0.7645,1.00,1.00
2016.10.21 07:54:22.840,0.7644,0.7645,1.50,1.50
2016.10.21 07:54:22.994,0.7644,0.7645,1.50,1.00
2016.10.21 07:54:23.382,0.7644,0.76451,1.00,4.87
2016.10.21 07:54:23.483,0.7644,0.76451,1.00,5.62
2016.10.21 07:54:24.556,0.7644,0.76451,1.00,7.87
2016.10.21 07:54:26.282,0.7644,0.76451,1.00,7.50
2016.10.21 07:54:26.487,0.7644,0.76451,1.00,7.50
2016.10.21 07:54:26.538,0.7644,0.76451,1.00,7.12
2016.10.21 07:54:27.207,0.7644,0.76451,1.00,7.12
2016.10.21 07:54:28.347,0.7644,0.76449,1.00,1.00
2016.10.21 07:54:28.813,0.76439,0.76449,3.75,1.00
2016.10.21 07:54:28.864,0.76439,0.76449,1.00,1.50
2016.10.21 07:54:28.917,0.76438,0.76448,3.37,1.00
2016.10.21 07:54:29.219,0.76438,0.76448,2.25,1.87
2016.10.21 07:54:29.280,0.76437,0.76448,2.25,3.22
2016.10.21 07:54:29.382,0.76437,0.76448,2.25,2.47
2016.10.21 07:54:29.485,0.76437,0.76448,2.25,3.22
2016.10.21 07:54:29.689,0.76437,0.76448,2.25,2.47
2016.10.21 07:54:29.740,0.76437,0.76446,2.25,1.00
2016.10.21 07:54:29.842,0.76437,0.76448,1.50,2.47
2016.10.21 07:54:30.157,0.76439,0.76448,1.00,1.00
2016.10.21 07:54:30.212,0.76439,0.76448,1.00,1.00
2016.10.21 07:54:30.264,0.76439,0.76449,1.00,6.37
2016.10.21 07:54:30.366,0.76439,0.76449,1.00,5.62
2016.10.21 07:54:30.468,0.76439,0.76449,1.00,6.37
2016.10.21 07:54:30.966,0.76439,0.76449,1.00,1.87
2016.10.21 07:54:31.072,0.76439,0.76449,1.00,1.12
2016.10.21 07:54:31.492,0.76438,0.76449,2.25,2.10
2016.10.21 07:54:31.543,0.76438,0.76449,2.25,2.47
2016.10.21 07:54:31.594,0.76438,0.76449,2.25,2.62
2016.10.21 07:54:31.645,0.76438,0.76449,2.25,2.25
2016.10.21 07:54:31.696,0.76438,0.76447,2.25,1.00
2016.10.21 07:54:31.747,0.76438,0.76448,2.25,1.00
2016.10.21 07:54:31.798,0.76438,0.76448,2.25,1.12
2016.10.21 07:54:31.900,0.76438,0.76447,1.50,1.00
2016.10.21 07:54:31.951,0.76438,0.76449,1.50,3.22
2016.10.21 07:54:32.053,0.76438,0.76449,2.25,5.47
2016.10.21 07:54:32.421,0.76438,0.76449,1.00,6.22
2016.10.21 07:54:32.472,0.76438,0.76449,1.00,3.97
2016.10.21 07:54:32.523,0.76438,0.76449,1.00,4.35
2016.10.21 07:54:32.574,0.76438,0.76448,1.00,1.00
2016.10.21 07:54:32.929,0.76438,0.76449,1.00,3.97
2016.10.21 07:54:32.981,0.76438,0.76448,1.50,1.00
2016.10.21 07:54:33.032,0.76438,0.76449,1.12,3.97
2016.10.21 07:54:33.083,0.76438,0.76449,4.12,3.37
2016.10.21 07:54:33.134,0.76438,0.76449,4.50,2.25
2016.10.21 07:54:33.185,0.76438,0.76449,4.50,3.00
2016.10.21 07:54:33.547,0.76439,0.76449,1.87,1.50
2016.10.21 07:54:33.599,0.76439,0.76449,1.87,1.87
2016.10.21 07:54:33.651,0.76439,0.76449,1.50,1.12
2016.10.21 07:54:33.803,0.76439,0.76449,1.00,1.87
2016.10.21 07:54:33.905,0.76439,0.76448,1.00,1.00
2016.10.21 07:54:34.007,0.76438,0.76448,1.50,1.00
2016.10.21 07:54:34.109,0.76438,0.76448,2.25,1.00
2016.10.21 07:54:34.312,0.76438,0.76449,2.25,3.22
2016.10.21 07:54:34.937,0.76438,0.76449,2.25,4.35
2016.10.21 07:54:35.003,0.76438,0.76449,2.25,3.00
2016.10.21 07:54:35.639,0.76438,0.76449,2.25,1.87
2016.10.21 07:54:35.742,0.76438,0.76449,2.25,1.12
2016.10.21 07:54:36.292,0.76438,0.76448,3.00,1.00
2016.10.21 07:54:36.806,0.76438,0.76448,2.25,1.00
2016.10.21 07:54:36.864,0.76438,0.76448,1.00,1.00
2016.10.21 07:54:36.916,0.76438,0.76446,1.00,1.00
2016.10.21 07:54:37.019,0.76437,0.76446,2.25,1.00
2016.10.21 07:54:37.071,0.76437,0.76447,2.25,1.50
2016.10.21 07:54:37.123,0.76437,0.76445,1.50,1.00
2016.10.21 07:54:37.410,0.76435,0.76444,2.25,1.00
2016.10.21 07:54:37.461,0.76433,0.76443,1.00,1.00
2016.10.21 07:54:37.614,0.76432,0.76442,4.87,1.00
2016.10.21 07:54:37.665,0.76432,0.76443,3.37,1.50
2016.10.21 07:54:37.717,0.76432,0.76443,3.37,1.50
2016.10.21 07:54:37.768,0.76432,0.76443,3.37,1.87
2016.10.21 07:54:37.819,0.76432,0.76443,3.37,1.87
2016.10.21 07:54:38.439,0.76432,0.76443,3.37,1.12
2016.10.21 07:54:38.490,0.76433,0.76443,1.00,1.12
2016.10.21 07:54:38.694,0.76432,0.76443,3.37,1.12
2016.10.21 07:54:39.020,0.76432,0.76443,3.37,1.87
2016.10.21 07:54:39.365,0.76432,0.76443,3.37,1.12
2016.10.21 07:54:39.817,0.76432,0.76443,3.37,1.87
2016.10.21 07:54:39.970,0.76432,0.76443,3.37,1.12
2016.10.21 07:54:40.071,0.76432,0.76443,3.37,1.87
2016.10.21 07:54:40.173,0.76432,0.76443,3.37,1.12
2016.10.21 07:54:40.524,0.76432,0.76443,3.37,1.87
2016.10.21 07:54:41.154,0.76432,0.76443,4.12,1.87
2016.10.21 07:54:41.205,0.76433,0.76443,1.00,1.12
2016.10.21 07:54:41.257,0.76434,0.76444,1.00,4.50
2016.10.21 07:54:41.308,0.76434,0.76444,1.00,2.62
2016.10.21 07:54:41.359,0.76435,0.76444,1.00,2.62
2016.10.21 07:54:41.410,0.76435,0.76444,1.00,1.87
2016.10.21 07:54:41.462,0.76434,0.76444,1.00,1.50
2016.10.21 07:54:41.671,0.76433,0.76444,3.75,1.00
2016.10.21 07:54:41.950,0.76433,0.76444,3.75,1.50
2016.10.21 07:54:42.001,0.76434,0.76444,1.00,1.50
2016.10.21 07:54:42.154,0.76433,0.76444,3.00,1.50
2016.10.21 07:54:42.357,0.76433,0.76444,3.75,1.50
2016.10.21 07:54:42.713,0.76433,0.76444,3.00,1.50
2016.10.21 07:54:43.345,0.76433,0.76444,4.12,3.75
2016.10.21 07:54:43.396,0.76433,0.76443,1.50,1.87
2016.10.21 07:54:43.730,0.76433,0.76443,1.87,1.50
2016.10.21 07:54:43.884,0.76432,0.76443,3.00,1.50
2016.10.21 07:54:43.935,0.76432,0.76443,2.25,1.50
2016.10.21 07:54:44.427,0.76432,0.76443,3.00,1.50
2016.10.21 07:54:45.040,0.76432,0.76443,2.25,1.50
2016.10.21 07:54:46.829,0.76433,0.76443,1.37,1.50
2016.10.21 07:54:47.729,0.76433,0.76443,1.00,2.62
2016.10.21 07:54:48.186,0.76433,0.76443,1.12,2.62
2016.10.21 07:54:48.339,0.76434,0.76443,1.00,1.87
2016.10.21 07:54:48.390,0.76434,0.76443,1.00,1.37
2016.10.21 07:54:48.441,0.76434,0.76444,1.00,2.25
2016.10.21 07:54:48.493,0.76435,0.76444,1.18,2.25
2016.10.21 07:54:48.544,0.76436,0.76444,1.00,1.00
2016.10.21 07:54:48.819,0.76436,0.76446,2.62,1.50
2016.10.21 07:54:48.871,0.76437,0.76447,1.12,1.12
2016.10.21 07:54:48.922,0.76437,0.76447,1.12,1.87
2016.10.21 07:54:49.023,0.76437,0.76447,1.12,1.27
2016.10.21 07:54:49.075,0.76436,0.76444,3.37,1.00
2016.10.21 07:54:49.126,0.76436,0.76444,1.37,2.25
2016.10.21 07:54:49.177,0.76436,0.76443,1.00,1.00
2016.10.21 07:54:49.228,0.76433,0.76443,6.00,1.00
2016.10.21 07:54:49.280,0.76433,0.76443,3.75,1.50
2016.10.21 07:54:49.433,0.76433,0.76443,4.50,1.50
2016.10.21 07:54:49.759,0.76433,0.76443,3.00,1.50
2016.10.21 07:54:50.282,0.76433,0.76443,2.25,1.50
2016.10.21 07:54:50.333,0.76433,0.76443,2.25,1.00
2016.10.21 07:54:50.384,0.76433,0.76444,2.25,1.00
2016.10.21 07:54:50.893,0.76435,0.76444,1.00,1.00
2016.10.21 07:54:50.945,0.76435,0.76446,1.50,2.25
2016.10.21 07:54:51.199,0.76435,0.76446,1.00,1.00
2016.10.21 07:54:51.301,0.76435,0.76446,1.50,1.50
2016.10.21 07:54:52.652,0.76435,0.76446,1.50,2.25
2016.10.21 07:54:52.805,0.76435,0.76446,1.50,1.50
2016.10.21 07:54:53.937,0.76435,0.76446,1.50,2.25
2016.10.21 07:54:54.090,0.76435,0.76446,1.00,3.00
2016.10.21 07:54:54.713,0.76435,0.76445,1.00,1.00
2016.10.21 07:54:55.389,0.76434,0.76446,2.62,5.02
2016.10.21 07:54:55.440,0.76434,0.76443,1.87,1.00
2016.10.21 07:54:55.492,0.76434,0.76443,1.50,1.50
2016.10.21 07:54:55.596,0.76433,0.76443,3.00,1.00
2016.10.21 07:54:55.648,0.76433,0.76445,3.75,6.37
2016.10.21 07:54:55.751,0.76433,0.76445,3.75,6.37
2016.10.21 07:54:56.630,0.76436,0.76445,1.27,3.52
2016.10.21 07:54:56.681,0.76436,0.76445,1.12,2.62
2016.10.21 07:54:56.899,0.76438,0.76445,1.87,1.87
2016.10.21 07:54:56.950,0.76439,0.76449,1.12,3.00
2016.10.21 07:54:57.052,0.76439,0.76449,1.12,2.25
2016.10.21 07:54:57.103,0.76439,0.76449,1.12,1.50
2016.10.21 07:54:57.205,0.76439,0.76449,1.12,2.25
2016.10.21 07:54:57.256,0.76439,0.76449,1.12,3.00
2016.10.21 07:54:57.568,0.76439,0.76449,1.12,1.50
2016.10.21 07:54:57.722,0.76439,0.76449,2.62,1.50
2016.10.21 07:54:58.179,0.76439,0.76449,1.87,1.00
2016.10.21 07:54:58.577,0.76438,0.76449,2.25,1.00
2016.10.21 07:54:58.679,0.76439,0.76449,1.12,1.00
2016.10.21 07:54:58.781,0.76439,0.76449,1.50,1.00
2016.10.21 07:54:58.883,0.76438,0.76449,3.75,1.00
2016.10.21 07:54:59.086,0.76438,0.76449,3.37,1.50
2016.10.21 07:54:59.138,0.76438,0.76449,2.62,1.50
2016.10.21 07:54:59.189,0.76438,0.76449,2.62,2.25
2016.10.21 07:54:59.526,0.76438,0.76447,1.50,1.00
2016.10.21 07:54:59.596,0.76438,0.76447,1.12,1.50
2016.10.21 07:54:59.648,0.76437,0.76444,2.25,1.00
2016.10.21 07:54:59.699,0.76437,0.76444,2.25,1.00
2016.10.21 07:54:59.750,0.76437,0.76444,1.50,1.50
2016.10.21 07:54:59.801,0.76437,0.76444,1.12,1.87
2016.10.21 07:54:59.853,0.76434,0.76444,2.62,3.00
2016.10.21 07:55:00.478,0.76433,0.76443,1.50,2.25
2016.10.21 07:55:00.530,0.76433,0.76443,1.50,3.00
2016.10.21 07:55:00.734,0.76431,0.76443,7.63,3.00
2016.10.21 07:55:01.106,0.76431,0.76443,4.87,3.00
2016.10.21 07:55:01.461,0.76431,0.76442,6.13,1.12
2016.10.21 07:55:02.113,0.76432,0.76442,1.00,1.12
2016.10.21 07:55:02.216,0.76431,0.76442,5.38,1.12
2016.10.21 07:55:02.370,0.76431,0.76442,6.13,1.12
2016.10.21 07:55:02.480,0.76431,0.76443,4.87,3.00
2016.10.21 07:55:02.583,0.76431,0.76442,4.12,1.12
2016.10.21 07:55:02.948,0.76431,0.76442,4.87,1.12
2016.10.21 07:55:03.002,0.76431,0.76442,5.62,1.87
2016.10.21 07:55:04.380,0.76431,0.76442,6.00,1.50
2016.10.21 07:55:04.483,0.76431,0.76442,5.25,1.00
2016.10.21 07:55:04.534,0.76431,0.76442,4.50,1.00
2016.10.21 07:55:04.586,0.76431,0.76442,4.87,1.00
2016.10.21 07:55:04.690,0.76432,0.76442,1.12,1.00
2016.10.21 07:55:04.792,0.76431,0.76442,5.62,1.00
2016.10.21 07:55:05.157,0.76431,0.76442,4.87,1.00
2016.10.21 07:55:05.259,0.76431,0.76442,4.50,1.00
2016.10.21 07:55:05.594,0.76431,0.76442,4.50,1.50
2016.10.21 07:55:05.848,0.76431,0.76442,5.25,1.50
2016.10.21 07:55:06.379,0.76432,0.76442,1.12,1.50
2016.10.21 07:55:06.430,0.76431,0.76442,4.50,1.50
2016.10.21 07:55:06.481,0.76431,0.76442,4.50,1.00
2016.10.21 07:55:06.532,0.76432,0.76442,1.12,1.00
2016.10.21 07:55:07.520,0.76431,0.76442,6.37,1.00
2016.10.21 07:55:07.622,0.76431,0.76441,1.50,1.00
2016.10.21 07:55:07.673,0.76431,0.76441,1.00,1.00
2016.10.21 07:55:07.725,0.7643,0.76439,2.25,1.00
2016.10.21 07:55:07.776,0.7643,0.76438,3.00,1.50
2016.10.21 07:55:07.827,0.7643,0.76436,1.50,1.00
2016.10.21 07:55:07.878,0.7643,0.76437,1.00,1.35
2016.10.21 07:55:07.930,0.76428,0.76437,2.25,1.35
2016.10.21 07:55:08.202,0.76428,0.76437,1.12,1.35
2016.10.21 07:55:08.254,0.76428,0.76439,1.12,4.35
2016.10.21 07:55:08.305,0.76428,0.76439,1.50,3.97
2016.10.21 07:55:08.357,0.76428,0.76438,1.50,1.00
2016.10.21 07:55:08.408,0.76429,0.76439,1.12,1.50
2016.10.21 07:55:08.459,0.7643,0.76439,1.00,1.00
2016.10.21 07:55:08.510,0.7643,0.76439,1.00,1.35
2016.10.21 07:55:08.562,0.7643,0.76439,1.50,1.00
2016.10.21 07:55:08.613,0.7643,0.7644,1.12,2.62
2016.10.21 07:55:08.665,0.7643,0.7644,1.12,1.87
2016.10.21 07:55:09.235,0.7643,0.7644,1.87,1.87
2016.10.21 07:55:09.305,0.7643,0.7644,2.62,1.12
2016.10.21 07:55:09.561,0.7643,0.7644,1.87,1.12
2016.10.21 07:55:09.715,0.7643,0.76441,1.87,6.22
2016.10.21 07:55:09.766,0.7643,0.76441,1.12,5.47
2016.10.21 07:55:09.817,0.7643,0.76441,1.12,4.72
2016.10.21 07:55:10.530,0.7643,0.7644,1.87,1.12
2016.10.21 07:55:10.582,0.7643,0.7644,1.12,1.12
2016.10.21 07:55:10.634,0.7643,0.7644,1.12,1.87
2016.10.21 07:55:10.685,0.7643,0.7644,1.12,1.87
2016.10.21 07:55:12.162,0.7643,0.7644,1.12,1.12
2016.10.21 07:55:12.883,0.7643,0.7644,1.87,1.12
2016.10.21 07:55:13.491,0.7643,0.7644,1.87,1.87
2016.10.21 07:55:13.594,0.7643,0.7644,1.12,1.12
2016.10.21 07:55:14.422,0.7643,0.7644,1.87,1.12
2016.10.21 07:55:14.525,0.7643,0.7644,1.12,1.12
2016.10.21 07:55:15.026,0.7643,0.7644,1.87,1.12
2016.10.21 07:55:15.077,0.7643,0.7644,1.87,1.87
2016.10.21 07:55:16.125,0.7643,0.7644,1.12,1.12
2016.10.21 07:55:16.381,0.7643,0.7644,1.12,1.87
2016.10.21 07:55:16.483,0.7643,0.7644,1.87,1.87
2016.10.21 07:55:16.596,0.7643,0.7644,1.12,1.12
2016.10.21 07:55:16.750,0.7643,0.7644,1.87,1.87
2016.10.21 07:55:17.086,0.7643,0.7644,1.12,1.12
2016.10.21 07:55:17.392,0.7643,0.7644,1.87,1.87
2016.10.21 07:55:17.494,0.7643,0.7644,1.12,1.12
2016.10.21 07:55:17.545,0.7643,0.7644,1.87,1.12
2016.10.21 07:55:17.647,0.7643,0.7644,1.12,1.12
2016.10.21 07:55:18.643,0.7643,0.7644,1.87,1.12
2016.10.21 07:55:18.747,0.7643,0.7644,1.87,1.87
2016.10.21 07:55:18.849,0.7643,0.7644,1.87,1.12
2016.10.21 07:55:19.543,0.7643,0.7644,2.62,1.12
2016.10.21 07:55:19.645,0.7643,0.7644,1.12,1.12
2016.10.21 07:55:20.305,0.7643,0.7644,1.87,1.12
2016.10.21 07:55:21.033,0.7643,0.7644,1.12,1.87
2016.10.21 07:55:21.457,0.76429,0.7644,4.50,1.87
2016.10.21 07:55:21.559,0.76429,0.7644,3.75,1.87
2016.10.21 07:55:21.661,0.7643,0.7644,1.12,1.87
2016.10.21 07:55:22.437,0.7643,0.7644,1.12,2.47
2016.10.21 07:55:23.078,0.7643,0.7644,1.12,1.87
2016.10.21 07:55:23.180,0.7643,0.7644,1.50,1.12
2016.10.21 07:55:23.232,0.7643,0.7644,1.50,1.12
2016.10.21 07:55:23.632,0.7643,0.7644,1.12,1.12
2016.10.21 07:55:23.835,0.7643,0.7644,1.12,1.12
2016.10.21 07:55:24.164,0.7643,0.7644,1.12,1.72
2016.10.21 07:55:26.907,0.76429,0.76438,1.37,2.10
2016.10.21 07:55:26.998,0.76428,0.76439,1.50,6.22
2016.10.21 07:55:27.049,0.76428,0.76438,1.50,2.10
2016.10.21 07:55:27.101,0.76428,0.76438,1.50,2.85
2016.10.21 07:55:27.153,0.76428,0.76438,1.50,2.10
2016.10.21 07:55:27.257,0.76428,0.76437,1.50,2.85
2016.10.21 07:55:27.360,0.76428,0.76437,1.50,2.10
2016.10.21 07:55:27.855,0.76428,0.76438,1.50,1.30
2016.10.21 07:55:28.110,0.76428,0.76439,1.50,5.85
2016.10.21 07:55:28.320,0.76428,0.76439,1.50,5.85
2016.10.21 07:55:28.947,0.76428,0.76439,1.50,5.85
2016.10.21 07:55:28.998,0.76428,0.76439,1.50,5.47
2016.10.21 07:55:29.049,0.76428,0.76439,1.50,5.47
2016.10.21 07:55:29.429,0.76428,0.76439,1.50,3.75
2016.10.21 07:55:29.480,0.76428,0.76439,2.25,4.12
2016.10.21 07:55:29.532,0.76428,0.76439,3.00,4.12
2016.10.21 07:55:29.583,0.76428,0.76438,5.25,1.00
2016.10.21 07:55:29.909,0.76428,0.76438,4.50,1.00
2016.10.21 07:55:30.012,0.76428,0.76439,3.75,5.85
2016.10.21 07:55:30.063,0.76428,0.76438,3.37,1.00
2016.10.21 07:55:30.165,0.76428,0.76438,2.62,1.00
2016.10.21 07:55:30.217,0.76428,0.76439,2.62,5.47
2016.10.21 07:55:30.370,0.76428,0.76439,2.62,4.87
2016.10.21 07:55:30.421,0.76428,0.76439,2.62,3.75
2016.10.21 07:55:30.472,0.76428,0.76439,2.62,4.12
2016.10.21 07:55:30.523,0.76428,0.76439,2.62,4.12
2016.10.21 07:55:30.915,0.76428,0.76439,2.62,4.50
2016.10.21 07:55:31.068,0.76428,0.76439,2.62,4.12
2016.10.21 07:55:32.571,0.76428,0.76439,2.62,3.75
2016.10.21 07:55:32.623,0.76428,0.76439,2.62,5.85
2016.10.21 07:55:32.677,0.76428,0.76439,2.62,5.10
2016.10.21 07:55:32.728,0.76428,0.76439,2.62,5.10
2016.10.21 07:55:32.838,0.76428,0.76439,2.62,3.00
2016.10.21 07:55:33.117,0.76428,0.76439,2.62,3.00
2016.10.21 07:55:33.188,0.76428,0.76439,1.37,3.75
2016.10.21 07:55:33.616,0.76428,0.76439,1.37,4.50
2016.10.21 07:55:33.667,0.76428,0.76439,1.37,4.50
2016.10.21 07:55:34.418,0.76428,0.76439,1.37,4.50
2016.10.21 07:55:38.006,0.76428,0.76438,1.87,1.00
2016.10.21 07:55:38.057,0.76428,0.76438,1.37,2.85
2016.10.21 07:55:38.108,0.76428,0.76438,1.87,2.85
2016.10.21 07:55:38.159,0.76428,0.76437,1.87,1.60
2016.10.21 07:55:38.414,0.76428,0.76437,1.87,1.35
2016.10.21 07:55:38.803,0.76427,0.76438,7.50,1.00
2016.10.21 07:55:38.855,0.76427,0.76438,4.12,1.00
2016.10.21 07:55:38.906,0.76427,0.76438,7.50,1.00
2016.10.21 07:55:39.212,0.76427,0.76438,6.00,1.00
2016.10.21 07:55:39.314,0.76427,0.76438,5.62,1.00
2016.10.21 07:55:39.620,0.76427,0.76438,4.87,1.12
2016.10.21 07:55:39.671,0.76427,0.76438,4.87,3.22
2016.10.21 07:55:39.964,0.76428,0.76438,1.87,3.22
2016.10.21 07:55:40.016,0.76428,0.76438,3.37,3.97
2016.10.21 07:55:40.067,0.76428,0.76438,3.37,3.97
2016.10.21 07:55:40.566,0.76428,0.76438,3.37,2.85
2016.10.21 07:55:40.617,0.76428,0.76438,4.12,3.60
2016.10.21 07:55:40.822,0.76428,0.76438,3.37,2.47
2016.10.21 07:55:41.415,0.76428,0.76438,3.37,2.10
2016.10.21 07:55:41.719,0.76428,0.76438,3.37,3.22
2016.10.21 07:55:41.770,0.76428,0.76438,3.37,2.10
2016.10.21 07:55:41.923,0.76428,0.76438,3.37,1.35
2016.10.21 07:55:41.974,0.76428,0.76438,4.12,1.35
2016.10.21 07:55:42.271,0.76428,0.76438,4.12,1.35
2016.10.21 07:55:42.374,0.76428,0.76438,4.12,2.47
2016.10.21 07:55:42.527,0.76428,0.76438,4.12,1.35
2016.10.21 07:55:42.578,0.76428,0.76438,4.87,1.35
2016.10.21 07:55:42.629,0.76428,0.76438,4.12,1.50
2016.10.21 07:55:42.680,0.76428,0.76438,3.37,1.50
2016.10.21 07:55:42.731,0.76428,0.76438,1.87,2.25
2016.10.21 07:55:44.946,0.76428,0.76438,1.87,1.12
2016.10.21 07:55:45.025,0.76428,0.76438,1.37,3.97
2016.10.21 07:55:45.076,0.76427,0.76438,2.62,5.47
2016.10.21 07:55:45.127,0.76427,0.76438,2.25,5.47
2016.10.21 07:55:45.809,0.76428,0.76437,1.37,1.60
2016.10.21 07:55:45.861,0.76428,0.76436,1.37,1.00
2016.10.21 07:55:45.912,0.76428,0.76436,1.00,1.00
2016.10.21 07:55:46.167,0.76428,0.76436,1.37,1.00
2016.10.21 07:55:46.218,0.76428,0.76436,1.50,1.00
2016.10.21 07:55:46.371,0.76428,0.76436,1.50,1.50
2016.10.21 07:55:46.422,0.76428,0.76436,1.50,3.97
2016.10.21 07:55:46.474,0.76428,0.76435,1.50,1.50
2016.10.21 07:55:46.758,0.76428,0.76434,1.37,1.12
2016.10.21 07:55:46.810,0.76424,0.76434,1.00,1.87
2016.10.21 07:55:46.861,0.76424,0.76434,1.00,3.00
2016.10.21 07:55:46.913,0.76424,0.76433,1.50,1.12
2016.10.21 07:55:46.964,0.76424,0.76433,1.00,1.12
2016.10.21 07:55:47.439,0.76424,0.76433,1.00,1.00
2016.10.21 07:55:47.948,0.76424,0.76434,1.00,3.75
2016.10.21 07:55:47.999,0.76424,0.76434,1.00,3.00
2016.10.21 07:55:48.051,0.76424,0.76434,1.50,3.00
2016.10.21 07:55:48.360,0.76424,0.76434,1.50,3.75
2016.10.21 07:55:48.525,0.76424,0.76434,1.50,4.50
2016.10.21 07:55:48.945,0.76424,0.76433,1.50,1.12
2016.10.21 07:55:49.047,0.76424,0.76434,1.12,4.87
2016.10.21 07:55:49.099,0.76424,0.76434,1.12,4.87
2016.10.21 07:55:49.150,0.76423,0.76433,3.37,1.87
2016.10.21 07:55:49.201,0.76423,0.76433,1.87,1.87
2016.10.21 07:55:49.253,0.76422,0.76432,4.50,1.12
2016.10.21 07:55:49.304,0.76422,0.76432,3.37,3.37
2016.10.21 07:55:49.355,0.76422,0.76432,2.62,4.12
2016.10.21 07:55:49.659,0.76422,0.76432,2.62,4.87
2016.10.21 07:55:49.715,0.76421,0.76432,3.00,4.87
2016.10.21 07:55:50.182,0.76421,0.76432,3.00,5.62
2016.10.21 07:55:50.683,0.76421,0.76432,1.00,4.87
2016.10.21 07:55:50.735,0.76421,0.76432,1.00,4.87
2016.10.21 07:55:50.786,0.76421,0.76431,1.00,1.12
2016.10.21 07:55:51.147,0.76421,0.76432,1.00,4.87
2016.10.21 07:55:51.249,0.7642,0.76432,3.00,4.87
2016.10.21 07:55:51.636,0.7642,0.76431,3.00,1.87
2016.10.21 07:55:51.840,0.7642,0.76431,2.25,1.87
2016.10.21 07:55:51.942,0.76421,0.76431,1.00,2.62
2016.10.21 07:55:52.302,0.7642,0.76431,1.12,4.12
2016.10.21 07:55:52.353,0.7642,0.76429,1.12,1.12
2016.10.21 07:55:52.455,0.7642,0.7643,1.12,4.72
2016.10.21 07:55:52.506,0.76419,0.76429,1.87,2.25
2016.10.21 07:55:52.557,0.7642,0.76429,1.00,2.25
2016.10.21 07:55:52.608,0.76422,0.76429,1.00,1.00
2016.10.21 07:55:52.659,0.7642,0.76429,1.50,1.00
2016.10.21 07:55:52.710,0.76421,0.76429,1.00,1.00
2016.10.21 07:55:52.863,0.76421,0.76429,1.50,1.00
2016.10.21 07:55:53.490,0.76421,0.76431,1.50,1.12
2016.10.21 07:55:53.567,0.76421,0.76431,1.00,1.12
2016.10.21 07:55:53.823,0.76421,0.76432,1.00,5.25
2016.10.21 07:55:54.027,0.76421,0.76431,1.00,1.12
2016.10.21 07:55:54.557,0.76421,0.76431,2.25,1.12
2016.10.21 07:55:54.728,0.76422,0.76431,1.00,1.12
2016.10.21 07:55:54.830,0.76422,0.76432,1.00,5.25
2016.10.21 07:55:56.078,0.76421,0.76431,1.00,1.00
2016.10.21 07:55:56.129,0.76421,0.76431,1.00,1.12
2016.10.21 07:55:56.180,0.76421,0.76432,1.00,6.00
2016.10.21 07:55:56.551,0.7642,0.76431,3.00,1.12
2016.10.21 07:55:56.602,0.76421,0.76431,1.00,1.12
2016.10.21 07:55:56.653,0.76421,0.76431,1.00,1.00
2016.10.21 07:55:57.165,0.76422,0.76431,1.00,1.00
2016.10.21 07:55:58.621,0.76423,0.76433,1.50,3.75
2016.10.21 07:55:58.703,0.76424,0.76433,1.12,1.87
2016.10.21 07:55:58.755,0.76424,0.76433,1.12,1.12
2016.10.21 07:55:58.806,0.76424,0.76433,3.00,1.12
2016.10.21 07:55:58.908,0.76424,0.76433,2.62,1.12
2016.10.21 07:55:59.497,0.76424,0.76433,2.62,1.00
2016.10.21 07:55:59.548,0.76424,0.76434,1.87,3.00
2016.10.21 07:55:59.599,0.76424,0.76434,2.25,3.00
2016.10.21 07:55:59.650,0.76424,0.76434,2.25,3.37
2016.10.21 07:55:59.701,0.76424,0.76434,1.12,3.37
2016.10.21 07:55:59.830,0.76424,0.76434,1.12,4.12
2016.10.21 07:55:59.882,0.76424,0.76434,1.12,4.87
2016.10.21 07:55:59.933,0.76424,0.76433,1.12,3.37
2016.10.21 07:55:59.984,0.76423,0.76432,3.37,1.00
2016.10.21 07:56:00.292,0.76423,0.76432,2.62,1.00
2016.10.21 07:56:00.349,0.76423,0.76432,1.87,1.00
2016.10.21 07:56:00.401,0.76423,0.76432,1.12,1.00
2016.10.21 07:56:00.503,0.76423,0.76432,1.00,1.12
2016.10.21 07:56:00.656,0.76423,0.76432,1.50,1.12
2016.10.21 07:56:00.707,0.76423,0.76432,1.00,1.12
2016.10.21 07:56:01.432,0.76422,0.76431,1.00,1.12
2016.10.21 07:56:01.799,0.76422,0.76432,1.00,1.50
2016.10.21 07:56:02.252,0.76422,0.76432,1.00,1.87
2016.10.21 07:56:02.507,0.76422,0.76432,1.00,1.87
2016.10.21 07:56:02.683,0.76422,0.76432,1.00,1.87
2016.10.21 07:56:02.989,0.76422,0.76432,1.00,1.87
2016.10.21 07:56:04.166,0.76423,0.76431,1.00,1.00
2016.10.21 07:56:04.472,0.76423,0.76431,1.00,1.50
2016.10.21 07:56:05.025,0.7642,0.76431,3.00,1.50
2016.10.21 07:56:05.076,0.7642,0.7643,2.62,1.00
2016.10.21 07:56:06.263,0.7642,0.7643,1.87,1.00
2016.10.21 07:56:06.640,0.7642,0.76428,1.87,1.50
2016.10.21 07:56:06.692,0.7642,0.76428,1.00,2.25
2016.10.21 07:56:06.743,0.76419,0.76428,1.37,1.50
2016.10.21 07:56:06.794,0.76418,0.76428,1.12,1.50
2016.10.21 07:56:06.897,0.76418,0.76428,1.87,1.50
2016.10.21 07:56:06.949,0.76418,0.76428,1.12,1.50
2016.10.21 07:56:07.283,0.76418,0.76428,1.87,1.50
2016.10.21 07:56:07.437,0.76418,0.76428,1.12,1.50
2016.10.21 07:56:07.539,0.76418,0.76428,3.37,1.50
2016.10.21 07:56:07.590,0.76418,0.76428,4.87,1.50
2016.10.21 07:56:07.641,0.76422,0.76428,1.00,1.50
2016.10.21 07:56:07.743,0.76419,0.76429,1.87,2.25
2016.10.21 07:56:08.026,0.76419,0.76429,1.50,2.25
2016.10.21 07:56:08.082,0.76419,0.76429,1.00,2.25
2016.10.21 07:56:08.184,0.76419,0.76429,1.50,2.25
2016.10.21 07:56:08.286,0.76419,0.76429,1.50,2.25
2016.10.21 07:56:08.337,0.76419,0.76428,1.00,1.00
2016.10.21 07:56:08.388,0.76419,0.76428,1.00,1.12
2016.10.21 07:56:08.439,0.76417,0.76427,4.50,3.22
2016.10.21 07:56:08.490,0.76417,0.76427,5.25,3.97
2016.10.21 07:56:08.774,0.76417,0.76424,4.50,1.12
2016.10.21 07:56:08.825,0.76413,0.76423,1.00,1.50
2016.10.21 07:56:08.876,0.76412,0.76423,2.62,2.62
2016.10.21 07:56:08.927,0.76413,0.76423,1.00,2.62
2016.10.21 07:56:08.978,0.76412,0.76422,2.25,1.12
2016.10.21 07:56:09.030,0.76412,0.76422,1.00,1.12
2016.10.21 07:56:09.081,0.76412,0.76422,1.00,2.25
2016.10.21 07:56:10.630,0.76413,0.76422,1.00,2.25
2016.10.21 07:56:10.733,0.76411,0.76422,1.12,2.25
2016.10.21 07:56:10.837,0.76411,0.76422,1.87,1.12
2016.10.21 07:56:11.126,0.76411,0.76421,1.50,2.62
2016.10.21 07:56:11.177,0.7641,0.76421,2.62,4.50
2016.10.21 07:56:11.228,0.7641,0.76421,3.37,3.75
2016.10.21 07:56:11.637,0.76411,0.76421,1.00,4.50
2016.10.21 07:56:11.790,0.76411,0.76421,1.00,4.50
2016.10.21 07:56:12.109,0.7641,0.76421,3.37,4.50
2016.10.21 07:56:12.211,0.7641,0.7642,1.87,1.12
2016.10.21 07:56:12.262,0.76409,0.7642,1.87,1.12
2016.10.21 07:56:12.313,0.76409,0.7642,1.37,1.12
2016.10.21 07:56:12.364,0.76408,0.7642,6.37,1.12
2016.10.21 07:56:12.518,0.76409,0.7642,2.25,1.12
2016.10.21 07:56:12.569,0.7641,0.7642,1.12,1.12
2016.10.21 07:56:12.860,0.7641,0.7642,1.12,1.50
2016.10.21 07:56:12.912,0.76409,0.7642,2.25,1.50
2016.10.21 07:56:12.963,0.76409,0.7642,1.50,1.50
2016.10.21 07:56:13.882,0.76409,0.7642,1.50,1.12
2016.10.21 07:56:14.035,0.76409,0.7642,1.50,1.12
2016.10.21 07:56:14.086,0.76409,0.7642,1.00,1.50
2016.10.21 07:56:14.138,0.76409,0.7642,1.00,1.50
2016.10.21 07:56:14.418,0.76409,0.7642,1.00,1.87
2016.10.21 07:56:15.110,0.76409,0.7642,1.50,1.50
2016.10.21 07:56:15.161,0.76409,0.7642,1.00,1.50
2016.10.21 07:56:15.469,0.76409,0.7642,1.00,1.50
2016.10.21 07:56:15.530,0.76408,0.7642,6.75,1.50
2016.10.21 07:56:15.683,0.76409,0.7642,1.00,1.50
2016.10.21 07:56:16.090,0.76409,0.7642,1.00,1.87
2016.10.21 07:56:16.500,0.76408,0.7642,6.75,1.87
2016.10.21 07:56:16.552,0.76408,0.76418,3.75,1.00
2016.10.21 07:56:16.603,0.76408,0.76418,3.00,1.50
2016.10.21 07:56:16.654,0.76407,0.76417,2.62,1.00
2016.10.21 07:56:16.705,0.76407,0.76417,1.87,1.35
2016.10.21 07:56:16.756,0.76407,0.76416,1.87,2.10
2016.10.21 07:56:16.807,0.76407,0.76417,1.12,2.85
2016.10.21 07:56:16.960,0.76407,0.76418,1.87,6.22
2016.10.21 07:56:17.011,0.76407,0.76418,3.00,6.60
2016.10.21 07:56:17.298,0.76407,0.76418,4.50,5.10
2016.10.21 07:56:17.349,0.76408,0.76418,1.50,1.00
2016.10.21 07:56:17.400,0.76408,0.76418,1.37,1.00
2016.10.21 07:56:17.451,0.76408,0.76418,1.87,1.00
2016.10.21 07:56:17.858,0.76408,0.76418,2.62,1.00
2016.10.21 07:56:18.885,0.76408,0.76418,3.37,1.00
2016.10.21 07:56:18.987,0.76408,0.76418,2.62,1.00
2016.10.21 07:56:20.027,0.76409,0.76418,1.12,1.00
2016.10.21 07:56:20.626,0.76408,0.76418,3.37,1.00
2016.10.21 07:56:20.677,0.76408,0.76418,2.62,1.00
2016.10.21 07:56:20.779,0.76408,0.76418,1.87,1.00
2016.10.21 07:56:20.933,0.76408,0.76418,2.62,1.00
2016.10.21 07:56:21.086,0.76408,0.76418,2.62,1.00
2016.10.21 07:56:21.188,0.76408,0.76418,3.37,1.00
2016.10.21 07:56:21.239,0.76408,0.76418,2.62,1.00
2016.10.21 07:56:21.674,0.76408,0.76418,3.37,1.00
2016.10.21 07:56:23.358,0.76408,0.76418,1.87,1.00
2016.10.21 07:56:23.472,0.76408,0.76418,2.62,1.00
2016.10.21 07:56:23.712,0.76408,0.76418,2.62,1.50
2016.10.21 07:56:24.020,0.76407,0.76418,5.62,2.62
2016.10.21 07:56:24.071,0.76408,0.76418,1.12,3.37
2016.10.21 07:56:24.122,0.76407,0.76418,2.62,3.37
2016.10.21 07:56:24.224,0.76408,0.76418,1.12,3.37
2016.10.21 07:56:24.326,0.76407,0.76418,2.62,2.25
2016.10.21 07:56:24.377,0.76408,0.76418,1.12,3.00
2016.10.21 07:56:24.479,0.76407,0.76418,2.25,2.25
2016.10.21 07:56:24.530,0.76407,0.76418,2.62,2.25
2016.10.21 07:56:24.588,0.76408,0.76418,3.00,1.50
2016.10.21 07:56:24.639,0.76408,0.76418,3.75,1.50
2016.10.21 07:56:24.972,0.76409,0.76418,2.62,1.50
2016.10.21 07:56:25.024,0.76409,0.76418,3.37,1.50
2016.10.21 07:56:26.213,0.76409,0.76418,2.62,1.50
2016.10.21 07:56:26.264,0.76409,0.76418,1.87,1.50
2016.10.21 07:56:31.834,0.76409,0.76418,1.87,1.50
2016.10.21 07:56:31.886,0.76409,0.76418,1.87,1.00
2016.10.21 07:56:31.938,0.76409,0.76418,1.87,1.87
2016.10.21 07:56:31.989,0.76409,0.76418,1.50,1.87
2016.10.21 07:56:32.411,0.76409,0.76418,1.12,1.12
2016.10.21 07:56:32.731,0.76409,0.76418,1.12,1.00
2016.10.21 07:56:33.037,0.76409,0.76418,1.12,1.12
2016.10.21 07:56:33.552,0.76409,0.76418,1.12,1.00
2016.10.21 07:56:33.967,0.76409,0.76419,1.12,1.12
2016.10.21 07:56:34.018,0.76409,0.76419,1.87,1.12
2016.10.21 07:56:34.070,0.76409,0.76421,2.62,8.85
2016.10.21 07:56:34.121,0.76409,0.76421,4.87,8.85
2016.10.21 07:56:34.172,0.76409,0.76421,6.37,8.85
2016.10.21 07:56:34.274,0.7641,0.76421,1.00,8.85
2016.10.21 07:56:34.325,0.7641,0.76421,1.00,8.10
2016.10.21 07:56:34.478,0.7641,0.76421,1.00,6.00
2016.10.21 07:56:36.271,0.7641,0.76421,1.00,6.75
2016.10.21 07:56:36.638,0.7641,0.7642,1.00,1.37
2016.10.21 07:56:37.352,0.7641,0.76421,1.00,6.75
2016.10.21 07:56:37.508,0.7641,0.76421,1.00,6.00
2016.10.21 07:56:37.559,0.7641,0.7642,1.00,1.37
2016.10.21 07:56:37.662,0.7641,0.7642,1.00,1.12
2016.10.21 07:56:37.814,0.7641,0.76421,1.00,5.25
2016.10.21 07:56:37.866,0.7641,0.7642,1.00,1.87
2016.10.21 07:56:38.172,0.76409,0.7642,4.50,1.87
2016.10.21 07:56:38.224,0.76409,0.7642,3.75,2.62
2016.10.21 07:56:38.276,0.76409,0.7642,3.75,1.87
2016.10.21 07:56:38.380,0.76409,0.7642,3.75,2.62
2016.10.21 07:56:38.566,0.76409,0.7642,3.75,1.50
2016.10.21 07:56:38.678,0.76409,0.7642,3.75,2.62
2016.10.21 07:56:38.781,0.76409,0.7642,3.75,1.50
2016.10.21 07:56:38.884,0.76409,0.7642,3.00,1.50
2016.10.21 07:56:39.764,0.76409,0.7642,3.75,1.50
2016.10.21 07:56:39.815,0.76409,0.7642,3.75,2.62
2016.10.21 07:56:40.206,0.76409,0.7642,4.50,1.12
2016.10.21 07:56:40.417,0.76409,0.7642,3.75,1.12
2016.10.21 07:56:40.519,0.76409,0.7642,4.50,1.12
2016.10.21 07:56:40.622,0.76409,0.7642,3.75,1.00
2016.10.21 07:56:40.673,0.76409,0.7642,3.75,1.00
2016.10.21 07:56:41.113,0.76409,0.7642,1.50,4.87
2016.10.21 07:56:41.316,0.76409,0.7642,1.50,4.12
2016.10.21 07:56:41.418,0.76409,0.7642,1.50,3.37
2016.10.21 07:56:41.690,0.76409,0.76419,1.50,1.00
2016.10.21 07:56:42.019,0.76409,0.7642,1.50,4.12
2016.10.21 07:56:42.797,0.76409,0.7642,2.25,4.12
2016.10.21 07:56:43.001,0.76409,0.7642,2.25,4.50
2016.10.21 07:56:43.103,0.76409,0.7642,2.25,5.25
2016.10.21 07:56:43.154,0.76409,0.76419,2.25,1.00
2016.10.21 07:56:43.782,0.76409,0.7642,2.25,5.25
2016.10.21 07:56:44.141,0.76409,0.7642,2.25,6.75
2016.10.21 07:56:44.243,0.76409,0.7642,2.25,5.25
2016.10.21 07:56:44.294,0.76409,0.7642,2.25,6.00
2016.10.21 07:56:44.396,0.76409,0.7642,2.25,7.50
2016.10.21 07:56:45.085,0.76409,0.76419,2.25,1.00
2016.10.21 07:56:45.136,0.76409,0.76419,1.50,1.00
2016.10.21 07:56:46.249,0.76409,0.76419,1.50,1.12
2016.10.21 07:56:46.352,0.76409,0.76419,1.50,1.87
2016.10.21 07:56:46.711,0.76409,0.76419,1.87,1.87
2016.10.21 07:56:46.763,0.76409,0.76419,1.87,1.12
2016.10.21 07:56:47.158,0.76409,0.76419,2.25,1.12
2016.10.21 07:56:47.213,0.76409,0.76419,1.87,1.50
2016.10.21 07:56:47.264,0.76409,0.76419,1.12,1.50
2016.10.21 07:56:47.367,0.76409,0.76419,1.12,1.87
2016.10.21 07:56:47.418,0.76409,0.76419,1.12,1.50
2016.10.21 07:56:47.674,0.76409,0.76419,1.12,2.25
2016.10.21 07:56:48.297,0.76409,0.76419,1.87,1.00
2016.10.21 07:56:48.349,0.76409,0.76419,1.87,1.12
2016.10.21 07:56:48.400,0.76409,0.76419,1.12,1.12
2016.10.21 07:56:48.923,0.76409,0.76419,1.12,1.00
2016.10.21 07:56:50.126,0.76409,0.76419,1.12,1.12
2016.10.21 07:56:50.345,0.76409,0.76419,1.12,1.00
2016.10.21 07:56:50.396,0.76409,0.76419,1.12,1.50
2016.10.21 07:56:51.782,0.76409,0.76419,2.62,1.00
2016.10.21 07:56:52.077,0.7641,0.7642,1.00,1.50
2016.10.21 07:56:52.129,0.76409,0.76421,3.37,4.35
2016.10.21 07:56:52.180,0.76409,0.76421,4.12,4.35
2016.10.21 07:56:52.746,0.76409,0.7642,3.37,1.00
2016.10.21 07:56:52.797,0.76409,0.7642,3.37,1.00
2016.10.21 07:56:53.404,0.76412,0.7642,1.00,1.00
2016.10.21 07:56:53.463,0.76415,0.76423,1.50,1.87
2016.10.21 07:56:53.516,0.76417,0.76423,1.50,1.50
2016.10.21 07:56:53.567,0.76417,0.76426,1.00,1.75
2016.10.21 07:56:53.618,0.76418,0.76426,2.25,1.00
2016.10.21 07:56:53.670,0.76418,0.76428,2.25,1.87
2016.10.21 07:56:53.721,0.76418,0.76428,3.00,1.50
2016.10.21 07:56:54.050,0.76418,0.76428,3.37,1.00
2016.10.21 07:56:54.107,0.76418,0.76428,3.37,1.35
2016.10.21 07:56:54.158,0.76418,0.76427,3.37,1.00
2016.10.21 07:56:54.209,0.76418,0.76427,3.37,1.00
2016.10.21 07:56:54.414,0.76418,0.76427,2.62,1.00
2016.10.21 07:56:54.465,0.76418,0.76427,1.12,1.00
2016.10.21 07:56:54.854,0.76418,0.76428,1.12,1.05
2016.10.21 07:56:54.958,0.76418,0.76428,1.12,1.54
2016.10.21 07:56:55.009,0.76418,0.76428,1.12,1.35
2016.10.21 07:56:55.162,0.76418,0.76428,1.12,1.35
2016.10.21 07:56:55.213,0.76418,0.76429,1.12,3.79
2016.10.21 07:56:55.264,0.76418,0.76429,1.87,3.79
2016.10.21 07:56:55.780,0.76418,0.76428,1.87,1.05
2016.10.21 07:56:56.341,0.76418,0.76429,1.87,2.85
2016.10.21 07:56:56.443,0.76418,0.76428,2.81,1.05
2016.10.21 07:56:57.228,0.76419,0.76429,1.87,1.35
2016.10.21 07:56:57.279,0.76419,0.76429,2.62,1.00
2016.10.21 07:56:57.358,0.76419,0.7643,3.51,1.12
2016.10.21 07:56:57.410,0.7642,0.7643,1.00,1.00
2016.10.21 07:56:57.462,0.7642,0.76431,1.50,3.22
2016.10.21 07:56:57.767,0.7642,0.76431,1.50,3.22
2016.10.21 07:56:57.818,0.76421,0.7643,1.00,1.00
2016.10.21 07:56:57.870,0.76421,0.76431,1.00,1.12
2016.10.21 07:56:57.921,0.76421,0.76431,1.00,1.12
2016.10.21 07:56:57.972,0.76421,0.76431,1.00,1.46
2016.10.21 07:56:58.024,0.76421,0.76431,1.00,1.72
2016.10.21 07:56:58.076,0.76421,0.76431,1.00,1.72
2016.10.21 07:56:58.128,0.76421,0.76431,1.00,1.91
2016.10.21 07:56:58.179,0.76421,0.76431,1.00,1.91
2016.10.21 07:56:58.282,0.76421,0.76431,1.00,1.50
2016.10.21 07:56:58.746,0.76421,0.76431,1.00,1.31
2016.10.21 07:56:58.816,0.76421,0.76432,1.12,2.25
2016.10.21 07:56:58.867,0.76422,0.76432,1.00,1.87
2016.10.21 07:56:59.136,0.76422,0.76432,1.50,1.50
2016.10.21 07:56:59.197,0.76421,0.76432,4.50,1.12
2016.10.21 07:56:59.504,0.76422,0.76432,1.00,1.12
2016.10.21 07:56:59.555,0.76422,0.76431,1.00,1.00
2016.10.21 07:57:00.135,0.76421,0.76431,4.12,1.00
2016.10.21 07:57:00.811,0.76421,0.76432,4.12,1.12
2016.10.21 07:57:03.746,0.76421,0.76432,3.75,1.12
2016.10.21 07:57:04.888,0.76421,0.7643,3.00,1.00
2016.10.21 07:57:04.940,0.76421,0.7643,2.62,1.00
2016.10.21 07:57:04.991,0.7642,0.76428,2.25,1.00
2016.10.21 07:57:05.043,0.7642,0.76428,1.12,1.00
2016.10.21 07:57:05.094,0.7642,0.76429,1.00,1.00
2016.10.21 07:57:05.464,0.76419,0.76429,1.50,1.12
2016.10.21 07:57:05.518,0.76419,0.7643,1.00,1.37
2016.10.21 07:57:05.876,0.76419,0.7643,1.50,1.37
2016.10.21 07:57:05.928,0.76419,0.7643,1.50,1.37
2016.10.21 07:57:06.229,0.76419,0.7643,1.00,1.37
2016.10.21 07:57:11.477,0.76419,0.76429,1.00,1.12
2016.10.21 07:57:11.528,0.76419,0.76429,2.25,1.12
2016.10.21 07:57:11.579,0.7642,0.76431,1.50,5.10
2016.10.21 07:57:11.630,0.7642,0.76431,1.50,5.10
2016.10.21 07:57:11.681,0.7642,0.76431,1.50,4.35
2016.10.21 07:57:11.732,0.7642,0.76431,1.50,4.35
2016.10.21 07:57:11.783,0.7642,0.76431,1.00,2.25
2016.10.21 07:57:11.834,0.7642,0.76431,1.00,2.25
2016.10.21 07:57:12.563,0.7642,0.7643,1.00,1.50
2016.10.21 07:57:12.614,0.7642,0.7643,1.50,2.25
2016.10.21 07:57:12.717,0.7642,0.7643,1.00,2.25
2016.10.21 07:57:12.819,0.7642,0.7643,1.50,2.25
2016.10.21 07:57:12.972,0.7642,0.7643,1.50,1.50
2016.10.21 07:57:13.432,0.7642,0.7643,1.50,2.25
2016.10.21 07:57:13.881,0.76421,0.7643,1.00,1.50
2016.10.21 07:57:14.106,0.76424,0.76432,1.00,1.87
2016.10.21 07:57:14.208,0.76423,0.76433,1.50,3.37
2016.10.21 07:57:14.512,0.76424,0.76433,1.12,1.50
2016.10.21 07:57:14.580,0.76427,0.76436,1.00,2.25
2016.10.21 07:57:14.632,0.76427,0.76437,2.25,1.50
2016.10.21 07:57:14.683,0.76427,0.76437,1.50,1.37
2016.10.21 07:57:14.734,0.76429,0.76438,1.00,3.00
2016.10.21 07:57:14.785,0.76429,0.76438,1.00,1.50
2016.10.21 07:57:14.836,0.76429,0.76436,1.00,1.00
2016.10.21 07:57:14.888,0.76427,0.76436,2.62,1.00
2016.10.21 07:57:15.284,0.76428,0.76437,1.00,1.00
2016.10.21 07:57:15.335,0.76428,0.76437,2.25,1.00
2016.10.21 07:57:15.387,0.76429,0.76437,1.12,1.00
2016.10.21 07:57:15.489,0.76428,0.76437,2.25,1.00
2016.10.21 07:57:15.540,0.76429,0.76439,1.12,3.60
2016.10.21 07:57:15.592,0.76429,0.76439,1.12,2.10
2016.10.21 07:57:15.644,0.76429,0.76439,1.12,2.10
2016.10.21 07:57:15.747,0.76429,0.76438,1.12,1.30
2016.10.21 07:57:15.799,0.76429,0.76439,1.12,1.67
2016.10.21 07:57:15.851,0.76429,0.76439,1.12,1.67
2016.10.21 07:57:15.902,0.76429,0.76439,1.12,1.54
2016.10.21 07:57:15.953,0.76429,0.76439,1.50,1.54
2016.10.21 07:57:16.423,0.76429,0.76438,1.50,1.12
2016.10.21 07:57:16.474,0.76429,0.76438,1.00,1.12
2016.10.21 07:57:16.896,0.76429,0.76438,1.00,1.72
2016.10.21 07:57:17.313,0.76429,0.76438,1.50,1.72
2016.10.21 07:57:17.365,0.76429,0.76438,1.00,1.30
2016.10.21 07:57:17.745,0.76429,0.76439,1.00,1.87
2016.10.21 07:57:17.852,0.76429,0.76438,1.00,1.30
2016.10.21 07:57:17.954,0.76429,0.76439,1.00,1.87
2016.10.21 07:57:18.005,0.76429,0.76439,1.00,2.06
2016.10.21 07:57:18.056,0.76429,0.76438,1.00,1.12
2016.10.21 07:57:18.107,0.76429,0.76438,1.00,1.72
2016.10.21 07:57:19.206,0.76429,0.76438,1.00,1.30
2016.10.21 07:57:19.308,0.76429,0.76438,1.00,1.72
2016.10.21 07:57:19.749,0.76429,0.76439,1.00,3.37
2016.10.21 07:57:19.800,0.76429,0.76439,1.50,2.62
2016.10.21 07:57:19.851,0.76429,0.76439,1.00,3.41
2016.10.21 07:57:19.902,0.76429,0.76439,1.00,4.16
2016.10.21 07:57:20.004,0.76429,0.76439,1.00,2.62
2016.10.21 07:57:20.086,0.76429,0.76439,1.00,3.22
2016.10.21 07:57:20.661,0.76429,0.76439,1.00,3.60
2016.10.21 07:57:20.712,0.76429,0.76439,1.00,2.25
2016.10.21 07:57:20.970,0.76429,0.76438,1.00,1.12
2016.10.21 07:57:21.024,0.76429,0.76438,1.00,1.72
2016.10.21 07:57:21.582,0.76429,0.76438,1.50,1.12
2016.10.21 07:57:21.787,0.76428,0.76439,1.00,5.29
2016.10.21 07:57:21.838,0.76428,0.76439,1.00,4.54
2016.10.21 07:57:21.889,0.76428,0.76438,1.00,1.12
2016.10.21 07:57:22.043,0.76428,0.76439,1.00,3.22
2016.10.21 07:57:22.415,0.76428,0.76439,1.00,5.29
2016.10.21 07:57:22.518,0.76428,0.76438,1.00,1.12
2016.10.21 07:57:22.824,0.76428,0.76438,1.00,1.12
2016.10.21 07:57:22.926,0.76428,0.76438,1.00,1.12
2016.10.21 07:57:23.080,0.76428,0.76439,1.00,6.04
2016.10.21 07:57:23.931,0.76428,0.76439,1.00,3.22
2016.10.21 07:57:24.237,0.76428,0.76437,1.00,1.00
2016.10.21 07:57:24.493,0.76428,0.76438,2.25,1.30
2016.10.21 07:57:24.870,0.76428,0.76438,2.76,1.72
2016.10.21 07:57:25.401,0.76428,0.7644,4.87,2.81
2016.10.21 07:57:25.453,0.76429,0.7644,1.00,2.44
2016.10.21 07:57:25.820,0.76429,0.76438,2.25,1.00
2016.10.21 07:57:25.871,0.76429,0.7644,2.25,1.69
2016.10.21 07:57:26.024,0.76429,0.76438,3.00,1.00
2016.10.21 07:57:26.075,0.76429,0.76439,3.00,1.35
2016.10.21 07:57:26.126,0.76429,0.76439,3.00,1.54
2016.10.21 07:57:26.177,0.76429,0.76439,2.25,1.00
2016.10.21 07:57:26.229,0.76429,0.76439,3.00,1.00
2016.10.21 07:57:26.280,0.76429,0.76439,2.25,1.00
2016.10.21 07:57:26.331,0.76429,0.76439,2.44,1.00
2016.10.21 07:57:26.382,0.76429,0.76439,2.25,1.00
2016.10.21 07:57:26.436,0.76429,0.76439,3.70,1.25
2016.10.21 07:57:26.819,0.76429,0.76439,2.62,1.00
2016.10.21 07:57:28.065,0.76429,0.76439,3.56,1.25
2016.10.21 07:57:28.167,0.76429,0.76439,3.70,1.00
2016.10.21 07:57:28.218,0.76429,0.76439,2.62,1.00
2016.10.21 07:57:28.281,0.76429,0.76439,2.62,1.00
2016.10.21 07:57:28.333,0.76429,0.76439,2.62,1.00
2016.10.21 07:57:28.434,0.76429,0.76439,2.62,1.00
2016.10.21 07:57:29.225,0.76429,0.76439,3.19,1.25
2016.10.21 07:57:29.276,0.76429,0.76439,3.19,1.25
2016.10.21 07:57:29.327,0.76429,0.76439,2.25,1.00
2016.10.21 07:57:29.530,0.76429,0.76439,3.19,1.25
2016.10.21 07:57:29.582,0.76429,0.76439,2.25,1.50
2016.10.21 07:57:29.633,0.76429,0.76438,1.00,1.00
2016.10.21 07:57:29.684,0.76429,0.76439,1.00,1.35
2016.10.21 07:57:30.009,0.76429,0.7644,2.25,1.91
2016.10.21 07:57:30.111,0.76429,0.7644,3.00,2.44
2016.10.21 07:57:30.162,0.76429,0.7644,2.25,1.91
2016.10.21 07:57:30.213,0.76429,0.7644,3.00,2.06
2016.10.21 07:57:30.265,0.76429,0.7644,3.00,2.06
2016.10.21 07:57:30.316,0.76429,0.7644,3.88,2.25
2016.10.21 07:57:30.367,0.76429,0.7644,2.62,2.06
2016.10.21 07:57:30.419,0.76429,0.76439,1.87,1.05
2016.10.21 07:57:30.470,0.76429,0.7644,2.01,4.35
2016.10.21 07:57:30.522,0.76429,0.76439,3.37,1.05
2016.10.21 07:57:30.573,0.76429,0.76439,3.51,1.00
2016.10.21 07:57:30.625,0.76429,0.7644,3.37,1.91
2016.10.21 07:57:30.676,0.76429,0.76439,4.12,1.35
2016.10.21 07:57:30.954,0.76429,0.76439,4.12,1.35
2016.10.21 07:57:31.006,0.76429,0.76439,3.00,1.00
2016.10.21 07:57:31.058,0.76429,0.76439,3.75,1.00
2016.10.21 07:57:31.109,0.76429,0.76439,4.63,1.25
2016.10.21 07:57:31.162,0.76429,0.76439,3.75,1.00
2016.10.21 07:57:31.214,0.76429,0.76439,2.25,1.00
2016.10.21 07:57:31.266,0.76429,0.76439,2.25,1.00
2016.10.21 07:57:31.317,0.76429,0.76439,3.75,1.00
2016.10.21 07:57:31.370,0.76429,0.76439,3.75,1.00
2016.10.21 07:57:31.421,0.76429,0.7644,3.75,1.69
2016.10.21 07:57:31.473,0.76429,0.76439,4.63,1.25
2016.10.21 07:57:31.528,0.76429,0.76439,2.25,1.00
2016.10.21 07:57:32.055,0.76429,0.76439,1.63,1.25
2016.10.21 07:57:32.106,0.76429,0.76439,1.50,1.00
2016.10.21 07:57:32.565,0.76429,0.76439,1.50,1.50
2016.10.21 07:57:32.641,0.76429,0.76439,1.00,1.24
2016.10.21 07:57:32.692,0.76429,0.76439,1.00,1.00
2016.10.21 07:57:33.061,0.76429,0.76439,1.00,1.35
2016.10.21 07:57:33.271,0.76429,0.76439,1.50,1.00
2016.10.21 07:57:34.005,0.76429,0.7644,1.18,3.19
2016.10.21 07:57:34.057,0.76429,0.76438,1.00,1.00
2016.10.21 07:57:34.550,0.76429,0.76438,1.63,1.00
2016.10.21 07:57:34.668,0.76429,0.76439,2.25,1.00
2016.10.21 07:57:34.770,0.76429,0.76439,2.25,1.00
2016.10.21 07:57:35.024,0.7643,0.76439,1.50,1.00
2016.10.21 07:57:35.784,0.7643,0.76439,1.50,1.25
2016.10.21 07:57:35.834,0.76429,0.76439,3.32,1.25
2016.10.21 07:57:35.886,0.76429,0.76439,2.25,1.00
2016.10.21 07:57:35.937,0.76429,0.76439,3.32,1.00
2016.10.21 07:57:35.988,0.76429,0.76439,3.32,1.00
2016.10.21 07:57:36.040,0.76429,0.76439,3.75,1.00
2016.10.21 07:57:36.092,0.76429,0.76439,3.75,1.00
2016.10.21 07:57:36.916,0.76429,0.76439,2.62,1.00
2016.10.21 07:57:36.967,0.76429,0.76439,2.25,1.00
2016.10.21 07:57:37.018,0.76429,0.76439,3.00,1.00
2016.10.21 07:57:37.120,0.76429,0.76439,3.88,1.00
2016.10.21 07:57:37.222,0.76429,0.76439,3.00,1.00
2016.10.21 07:57:37.425,0.76429,0.76439,3.75,1.00
2016.10.21 07:57:37.476,0.76429,0.76439,4.63,1.00
2016.10.21 07:57:37.578,0.76429,0.76439,3.75,1.00
2016.10.21 07:57:38.554,0.76429,0.76439,3.88,1.00
2016.10.21 07:57:38.656,0.76429,0.76439,4.63,1.00
2016.10.21 07:57:38.911,0.76429,0.76439,3.00,1.00
2016.10.21 07:57:39.319,0.76429,0.76439,3.75,1.00
2016.10.21 07:57:39.919,0.76429,0.76439,3.75,1.50
2016.10.21 07:57:40.536,0.76429,0.76439,3.75,1.00
2016.10.21 07:57:40.616,0.76429,0.76439,3.75,1.50
2016.10.21 07:57:40.888,0.76429,0.76439,3.00,1.50
2016.10.21 07:57:40.940,0.76429,0.76439,2.25,1.50
2016.10.21 07:57:41.093,0.76429,0.76439,2.25,1.00
2016.10.21 07:57:41.195,0.76429,0.76439,2.25,1.50
2016.10.21 07:57:41.298,0.76429,0.76439,2.25,1.00
2016.10.21 07:57:41.502,0.76429,0.76439,2.25,1.50
2016.10.21 07:57:41.655,0.76429,0.76439,2.25,1.00
2016.10.21 07:57:41.757,0.76429,0.76439,2.25,1.50
2016.10.21 07:57:42.074,0.76429,0.7644,3.00,4.87
2016.10.21 07:57:42.431,0.76429,0.76439,3.00,1.00
2016.10.21 07:57:42.534,0.76429,0.7644,3.00,4.87
2016.10.21 07:57:43.052,0.76429,0.7644,3.00,4.12
2016.10.21 07:57:43.103,0.76429,0.7644,3.00,4.87
2016.10.21 07:57:43.155,0.76429,0.7644,3.37,4.12
2016.10.21 07:57:43.443,0.76429,0.7644,3.37,3.37
2016.10.21 07:57:43.497,0.76429,0.7644,4.50,2.25
2016.10.21 07:57:43.955,0.76429,0.7644,4.50,3.00
2016.10.21 07:57:45.209,0.76429,0.7644,4.12,1.50
2016.10.21 07:57:46.502,0.76429,0.7644,3.75,1.87
2016.10.21 07:57:46.554,0.76429,0.7644,4.12,1.87
2016.10.21 07:57:46.911,0.76429,0.7644,3.37,1.87
2016.10.21 07:57:46.962,0.76429,0.7644,4.12,1.87
2016.10.21 07:57:47.064,0.76429,0.7644,3.37,1.87
2016.10.21 07:57:47.115,0.76429,0.7644,4.26,1.87
2016.10.21 07:57:47.218,0.76429,0.7644,3.37,1.87
2016.10.21 07:57:47.712,0.76429,0.7644,3.75,1.87
2016.10.21 07:57:47.866,0.7643,0.7644,1.12,1.87
2016.10.21 07:57:47.917,0.7643,0.7644,1.50,1.87
2016.10.21 07:57:47.969,0.7643,0.7644,1.00,1.87
2016.10.21 07:57:48.021,0.76429,0.7644,5.25,1.87
2016.10.21 07:57:48.072,0.76429,0.7644,5.25,2.62
2016.10.21 07:57:48.124,0.76429,0.7644,6.00,2.62
2016.10.21 07:57:48.444,0.76429,0.7644,6.00,1.12
2016.10.21 07:57:48.559,0.7643,0.76441,1.00,1.69
2016.10.21 07:57:48.661,0.76429,0.7644,6.00,1.12
2016.10.21 07:57:48.712,0.76431,0.7644,1.00,1.12
2016.10.21 07:57:49.182,0.76431,0.76441,1.00,2.25
2016.10.21 07:57:49.503,0.76429,0.7644,4.50,1.00
2016.10.21 07:57:49.555,0.76429,0.7644,3.75,1.00
2016.10.21 07:57:50.181,0.7643,0.7644,1.00,1.00
2016.10.21 07:57:50.232,0.76429,0.7644,3.75,1.00
2016.10.21 07:57:50.551,0.76429,0.7644,2.25,1.50
2016.10.21 07:57:51.411,0.76429,0.7644,3.00,1.50
2016.10.21 07:57:52.265,0.76429,0.7644,2.25,1.00
2016.10.21 07:57:52.367,0.76431,0.7644,1.00,1.00
2016.10.21 07:57:53.982,0.76431,0.7644,1.00,1.12
2016.10.21 07:57:54.034,0.76431,0.7644,1.00,1.50
2016.10.21 07:57:54.220,0.76431,0.7644,1.00,2.25
2016.10.21 07:57:54.321,0.76429,0.76439,2.62,1.87
2016.10.21 07:57:54.372,0.76429,0.76439,1.87,4.12
2016.10.21 07:57:54.424,0.76429,0.76438,1.12,1.12
2016.10.21 07:57:54.701,0.76429,0.76438,1.00,1.12
2016.10.21 07:57:54.753,0.76429,0.76439,1.00,3.37
2016.10.21 07:57:56.007,0.76429,0.76438,1.00,1.12
2016.10.21 07:57:57.064,0.76428,0.76438,1.00,1.12
2016.10.21 07:57:57.526,0.76428,0.76439,1.00,2.62
2016.10.21 07:57:57.578,0.76428,0.76439,2.25,2.62
2016.10.21 07:57:57.629,0.76428,0.76439,2.25,3.37
2016.10.21 07:57:57.782,0.76428,0.76439,2.25,2.62
2016.10.21 07:57:57.912,0.76428,0.76439,2.25,3.37
2016.10.21 07:57:59.522,0.76428,0.76438,1.50,1.87
2016.10.21 07:57:59.599,0.76428,0.76438,2.25,1.87
2016.10.21 07:58:00.373,0.76428,0.76439,2.25,1.87
2016.10.21 07:58:02.060,0.7643,0.76439,1.00,1.87
2016.10.21 07:58:02.111,0.7643,0.76439,1.00,1.37
2016.10.21 07:58:02.613,0.7643,0.76438,1.00,1.00
2016.10.21 07:58:03.399,0.7643,0.76438,1.00,1.50
2016.10.21 07:58:04.230,0.7643,0.76438,1.00,1.00
2016.10.21 07:58:04.433,0.76428,0.76438,1.87,1.12
2016.10.21 07:58:04.484,0.76428,0.76438,1.87,2.62
2016.10.21 07:58:06.636,0.76429,0.76438,1.00,3.00
2016.10.21 07:58:06.688,0.76428,0.76438,2.25,3.00
2016.10.21 07:58:06.739,0.76428,0.76437,2.25,1.30
2016.10.21 07:58:06.791,0.76428,0.76437,1.50,2.47
2016.10.21 07:58:06.842,0.76428,0.76438,1.00,4.16
2016.10.21 07:58:06.894,0.76428,0.76438,2.25,3.97
2016.10.21 07:58:06.946,0.76428,0.76438,1.87,3.79
2016.10.21 07:58:07.269,0.76429,0.76438,1.00,1.69
2016.10.21 07:58:07.321,0.76429,0.76438,1.00,2.66
2016.10.21 07:58:07.424,0.76429,0.76438,1.12,1.87
2016.10.21 07:58:07.526,0.76429,0.76438,1.12,1.87
2016.10.21 07:58:07.578,0.76429,0.76438,1.12,3.00
2016.10.21 07:58:07.630,0.76429,0.76438,1.12,3.00
2016.10.21 07:58:07.682,0.76429,0.76438,1.12,1.50
2016.10.21 07:58:07.734,0.76429,0.76438,1.12,1.00
2016.10.21 07:58:07.837,0.76429,0.76439,1.50,1.87
2016.10.21 07:58:07.888,0.76429,0.76439,1.12,1.87
2016.10.21 07:58:08.380,0.76429,0.76438,1.12,1.00
2016.10.21 07:58:08.431,0.76429,0.76438,1.50,1.00
2016.10.21 07:58:08.538,0.76429,0.76439,1.50,2.62
2016.10.21 07:58:10.140,0.76429,0.76439,1.50,1.87
2016.10.21 07:58:10.423,0.76429,0.76439,1.50,2.62
2016.10.21 07:58:10.525,0.76429,0.76439,1.50,1.87
2016.10.21 07:58:13.382,0.76429,0.76439,1.50,1.87
2016.10.21 07:58:13.793,0.76429,0.7644,1.50,3.00
2016.10.21 07:58:13.873,0.76429,0.7644,1.50,2.62
2016.10.21 07:58:14.127,0.76429,0.7644,1.50,3.37
2016.10.21 07:58:14.178,0.76429,0.7644,1.63,2.62
2016.10.21 07:58:14.230,0.76429,0.7644,1.50,1.37
2016.10.21 07:58:14.332,0.76429,0.7644,1.63,1.87
2016.10.21 07:58:14.991,0.76429,0.7644,1.50,1.37
2016.10.21 07:58:15.094,0.76429,0.7644,1.63,1.87
2016.10.21 07:58:15.145,0.76429,0.7644,2.38,1.37
2016.10.21 07:58:15.247,0.76429,0.76441,2.25,6.00
2016.10.21 07:58:15.400,0.76429,0.7644,3.88,1.37
2016.10.21 07:58:15.451,0.76429,0.7644,3.88,1.37
2016.10.21 07:58:16.225,0.76429,0.7644,3.88,1.37
2016.10.21 07:58:16.277,0.76429,0.7644,2.62,1.37
2016.10.21 07:58:16.328,0.76429,0.7644,1.87,1.37
2016.10.21 07:58:16.430,0.76429,0.7644,2.76,1.37
2016.10.21 07:58:16.481,0.76429,0.7644,1.87,1.37
2016.10.21 07:58:16.961,0.76429,0.7644,2.62,1.37
2016.10.21 07:58:17.165,0.76429,0.7644,2.76,1.37
2016.10.21 07:58:17.221,0.76429,0.7644,1.87,1.37
2016.10.21 07:58:17.272,0.76429,0.76441,2.01,8.44
2016.10.21 07:58:17.323,0.76429,0.76441,1.12,6.37
2016.10.21 07:58:18.971,0.76429,0.76441,1.87,8.44
2016.10.21 07:58:19.315,0.76429,0.76441,1.12,6.37
2016.10.21 07:58:19.366,0.7643,0.76441,1.50,5.44
2016.10.21 07:58:19.740,0.7643,0.76441,1.50,6.00
2016.10.21 07:58:20.429,0.7643,0.76441,1.00,6.00
2016.10.21 07:58:20.532,0.7643,0.76441,1.00,5.25
2016.10.21 07:58:20.777,0.7643,0.76441,1.00,6.19
2016.10.21 07:58:20.828,0.76429,0.76441,3.13,6.19
2016.10.21 07:58:21.354,0.76429,0.76441,2.25,5.25
2016.10.21 07:58:25.032,0.76429,0.76441,3.75,3.75
2016.10.21 07:58:25.084,0.76431,0.76441,1.00,3.75
2016.10.21 07:58:27.209,0.76431,0.7644,1.00,1.37
2016.10.21 07:58:27.465,0.76431,0.76441,1.00,4.50
2016.10.21 07:58:27.823,0.76432,0.76441,1.00,3.75
2016.10.21 07:58:27.875,0.76432,0.76441,1.50,3.75
2016.10.21 07:58:27.927,0.76433,0.76441,1.00,3.00
2016.10.21 07:58:27.980,0.76434,0.76441,1.00,1.00
2016.10.21 07:58:28.536,0.7644,0.76444,1.50,1.00
2016.10.21 07:58:28.587,0.76442,0.76451,1.00,2.76
2016.10.21 07:58:28.638,0.7644,0.76448,3.00,1.00
2016.10.21 07:58:28.740,0.7644,0.76449,1.50,1.00
2016.10.21 07:58:28.791,0.7644,0.76448,1.50,1.00
2016.10.21 07:58:28.842,0.7644,0.76448,1.00,1.00
2016.10.21 07:58:28.893,0.76439,0.76448,1.12,1.00
2016.10.21 07:58:29.419,0.76439,0.76449,1.12,1.12
2016.10.21 07:58:29.623,0.76439,0.76448,1.12,1.00
2016.10.21 07:58:29.825,0.76439,0.7645,1.12,5.76
2016.10.21 07:58:29.927,0.76439,0.76449,1.12,1.12
2016.10.21 07:58:30.029,0.76439,0.7645,1.12,5.76
2016.10.21 07:58:30.080,0.76439,0.7645,1.12,3.75
2016.10.21 07:58:30.182,0.76439,0.7645,1.12,5.76
2016.10.21 07:58:30.283,0.76439,0.7645,1.12,3.75
2016.10.21 07:58:30.335,0.76439,0.7645,1.12,3.00
2016.10.21 07:58:32.250,0.76439,0.7645,1.12,3.75
2016.10.21 07:58:33.927,0.76439,0.7645,1.87,5.01
2016.10.21 07:58:33.978,0.76439,0.7645,1.87,4.63
2016.10.21 07:58:34.029,0.76439,0.7645,2.25,4.26
2016.10.21 07:58:35.384,0.76439,0.7645,2.25,2.38
2016.10.21 07:58:36.230,0.76439,0.7645,1.50,2.25
2016.10.21 07:58:36.814,0.76439,0.7645,1.50,2.38
2016.10.21 07:58:37.163,0.76439,0.7645,1.50,3.13
2016.10.21 07:58:37.519,0.76439,0.76449,1.50,1.00
2016.10.21 07:58:37.570,0.76439,0.76449,1.50,1.00
2016.10.21 07:58:37.723,0.76439,0.7645,1.50,3.13
2016.10.21 07:58:37.825,0.76439,0.76449,1.50,1.00
2016.10.21 07:58:38.225,0.76439,0.76448,1.50,1.00
2016.10.21 07:58:38.276,0.76439,0.7645,1.50,3.13
2016.10.21 07:58:38.378,0.76439,0.76449,1.50,1.00
2016.10.21 07:58:38.429,0.76439,0.76449,1.50,1.32
2016.10.21 07:58:38.583,0.76439,0.76449,1.50,1.00
2016.10.21 07:58:38.736,0.76439,0.7645,1.50,3.13
2016.10.21 07:58:39.326,0.76439,0.7645,2.25,4.45
2016.10.21 07:58:39.428,0.76439,0.7645,1.50,3.13
2016.10.21 07:58:39.530,0.76439,0.7645,2.25,4.45
2016.10.21 07:58:40.523,0.76439,0.7645,2.25,3.70
2016.10.21 07:58:40.778,0.76439,0.7645,1.50,3.00
2016.10.21 07:58:40.829,0.76439,0.76449,1.50,1.00
2016.10.21 07:58:41.034,0.76439,0.7645,1.50,3.00
2016.10.21 07:58:41.137,0.76439,0.76449,1.50,1.00
2016.10.21 07:58:41.188,0.76439,0.76449,2.25,1.00
2016.10.21 07:58:41.291,0.76439,0.7645,2.25,3.19
2016.10.21 07:58:41.684,0.76439,0.7645,3.00,3.19
2016.10.21 07:58:41.742,0.76439,0.7645,3.00,2.44
2016.10.21 07:58:42.305,0.76439,0.7645,3.75,3.19
2016.10.21 07:58:42.681,0.76439,0.7645,3.00,2.44
2016.10.21 07:58:42.784,0.76439,0.7645,3.00,2.25
2016.10.21 07:58:42.886,0.7644,0.7645,1.00,2.25
2016.10.21 07:58:42.938,0.7644,0.7645,1.12,2.25
2016.10.21 07:58:44.383,0.76439,0.7645,4.87,2.25
2016.10.21 07:58:44.658,0.7644,0.7645,1.37,2.25
2016.10.21 07:58:44.737,0.7644,0.7645,1.87,1.00
2016.10.21 07:58:44.839,0.7644,0.7645,1.12,1.00
2016.10.21 07:58:44.890,0.7644,0.7645,1.12,1.00
2016.10.21 07:58:44.941,0.7644,0.7645,1.00,1.00
2016.10.21 07:58:45.280,0.7644,0.7645,1.50,1.00
2016.10.21 07:58:45.332,0.76441,0.7645,1.00,1.00
2016.10.21 07:58:46.301,0.76441,0.7645,1.50,1.00
2016.10.21 07:58:46.453,0.76441,0.7645,1.00,1.00
2016.10.21 07:58:52.485,0.76441,0.7645,1.50,1.00
2016.10.21 07:58:52.537,0.76441,0.7645,1.00,1.00
2016.10.21 07:58:54.468,0.76441,0.7645,1.00,1.12
2016.10.21 07:58:55.005,0.76441,0.7645,1.00,1.87
2016.10.21 07:58:55.056,0.76441,0.7645,1.00,1.12
2016.10.21 07:58:55.568,0.76442,0.7645,1.00,1.00
2016.10.21 07:58:57.123,0.76442,0.7645,1.50,1.00
2016.10.21 07:58:57.175,0.76442,0.76453,3.00,6.00
2016.10.21 07:58:57.226,0.76444,0.76453,1.00,4.50
2016.10.21 07:58:57.277,0.76444,0.76453,1.00,3.00
2016.10.21 07:58:57.379,0.76444,0.76453,1.00,2.25
2016.10.21 07:58:58.058,0.76444,0.76453,1.00,3.00
2016.10.21 07:58:58.174,0.76444,0.76453,1.00,1.50
2016.10.21 07:58:59.030,0.76443,0.76452,1.50,1.00
2016.10.21 07:58:59.212,0.76443,0.76453,1.50,1.00
2016.10.21 07:58:59.314,0.76443,0.76453,1.50,1.50
2016.10.21 07:58:59.417,0.76443,0.76453,1.50,1.00
2016.10.21 07:58:59.892,0.76443,0.76453,1.50,2.25
2016.10.21 07:58:59.994,0.76443,0.76453,1.50,1.50
2016.10.21 07:59:00.098,0.76443,0.76452,1.50,1.00
2016.10.21 07:59:00.149,0.76443,0.76453,1.50,4.12
2016.10.21 07:59:00.200,0.76442,0.76451,1.00,1.50
2016.10.21 07:59:00.404,0.76442,0.76453,2.25,4.87
2016.10.21 07:59:00.456,0.76442,0.76451,2.25,1.37
2016.10.21 07:59:00.507,0.7644,0.76451,3.37,1.87
2016.10.21 07:59:00.803,0.7644,0.76451,2.62,2.76
2016.10.21 07:59:00.854,0.7644,0.76451,1.00,2.62
2016.10.21 07:59:01.060,0.7644,0.76451,1.00,4.63
2016.10.21 07:59:01.264,0.7644,0.7645,1.00,1.12
2016.10.21 07:59:01.549,0.7644,0.76451,1.00,2.62
2016.10.21 07:59:02.012,0.7644,0.76451,1.00,1.87
2016.10.21 07:59:04.133,0.7644,0.76451,1.00,2.76
2016.10.21 07:59:04.235,0.7644,0.76451,1.00,1.87
2016.10.21 07:59:04.470,0.7644,0.76451,1.00,2.76
2016.10.21 07:59:04.861,0.7644,0.7645,1.00,1.00
2016.10.21 07:59:04.912,0.7644,0.76449,1.00,1.00
2016.10.21 07:59:04.963,0.7644,0.76449,1.00,2.10
2016.10.21 07:59:05.014,0.7644,0.76449,1.00,1.00
2016.10.21 07:59:05.116,0.7644,0.76449,1.00,1.50
2016.10.21 07:59:05.167,0.76439,0.76449,1.00,1.12
2016.10.21 07:59:05.218,0.76439,0.76449,1.00,1.12
2016.10.21 07:59:05.320,0.76439,0.76449,1.00,3.22
2016.10.21 07:59:05.524,0.76439,0.76449,1.00,4.72
2016.10.21 07:59:05.626,0.76439,0.76449,1.00,3.22
2016.10.21 07:59:05.999,0.76439,0.76448,1.00,1.00
2016.10.21 07:59:06.253,0.76439,0.76449,1.00,3.22
2016.10.21 07:59:06.418,0.76439,0.76449,1.00,3.22
2016.10.21 07:59:07.238,0.76439,0.76448,1.00,1.00
2016.10.21 07:59:08.664,0.76439,0.76447,1.00,1.00
2016.10.21 07:59:08.920,0.76439,0.76449,1.00,1.12
2016.10.21 07:59:09.314,0.76439,0.76449,1.00,3.97
2016.10.21 07:59:09.366,0.76439,0.76449,1.00,3.22
2016.10.21 07:59:09.418,0.76438,0.76447,1.00,1.00
2016.10.21 07:59:09.571,0.76437,0.76446,1.50,2.51
2016.10.21 07:59:09.622,0.76437,0.76446,1.12,3.36
2016.10.21 07:59:09.674,0.76435,0.76445,2.62,1.20
2016.10.21 07:59:09.980,0.76436,0.76446,2.25,1.72
2016.10.21 07:59:10.038,0.76436,0.76446,2.25,1.00
2016.10.21 07:59:10.089,0.76436,0.76447,2.25,3.51
2016.10.21 07:59:10.192,0.76436,0.76447,2.25,5.38
2016.10.21 07:59:10.244,0.76436,0.76447,2.25,5.38
2016.10.21 07:59:10.295,0.76436,0.76447,2.25,3.51
2016.10.21 07:59:10.553,0.76436,0.76447,2.25,3.51
2016.10.21 07:59:10.872,0.76436,0.76447,2.25,5.01
2016.10.21 07:59:10.923,0.76437,0.76447,1.00,3.51
2016.10.21 07:59:10.974,0.76437,0.76447,1.00,3.37
2016.10.21 07:59:11.025,0.76437,0.76447,1.00,2.01
2016.10.21 07:59:12.414,0.76437,0.76447,1.00,1.87
2016.10.21 07:59:13.083,0.76437,0.76447,1.00,1.50
2016.10.21 07:59:13.134,0.76437,0.76447,1.87,1.63
2016.10.21 07:59:13.542,0.76437,0.76447,1.00,1.50
2016.10.21 07:59:13.645,0.76437,0.76447,1.00,1.63
2016.10.21 07:59:13.696,0.76437,0.76447,1.00,1.50
2016.10.21 07:59:14.195,0.76435,0.76445,3.00,3.00
2016.10.21 07:59:14.246,0.76435,0.76445,1.50,3.00
2016.10.21 07:59:14.297,0.76434,0.76445,3.37,6.70
2016.10.21 07:59:14.348,0.76434,0.76445,3.00,6.17
2016.10.21 07:59:14.400,0.76434,0.76444,1.00,1.07
2016.10.21 07:59:14.990,0.76434,0.76444,1.00,1.82
2016.10.21 07:59:15.114,0.76434,0.76444,1.00,1.63
2016.10.21 07:59:15.216,0.76434,0.76444,1.00,1.82
2016.10.21 07:59:15.267,0.76433,0.76443,1.87,1.12
2016.10.21 07:59:15.318,0.76433,0.76443,1.12,1.12
2016.10.21 07:59:15.420,0.76433,0.76442,1.12,1.00
2016.10.21 07:59:15.522,0.76433,0.76442,1.12,1.00
2016.10.21 07:59:17.443,0.76433,0.76441,1.00,1.87
2016.10.21 07:59:17.494,0.76431,0.76441,1.00,2.62
2016.10.21 07:59:17.545,0.76431,0.76441,1.00,2.62
2016.10.21 07:59:17.597,0.76431,0.7644,1.00,1.12
2016.10.21 07:59:17.648,0.76431,0.7644,1.00,1.12
2016.10.21 07:59:17.699,0.76431,0.7644,1.00,2.25
2016.10.21 07:59:18.280,0.76431,0.7644,1.00,3.00
2016.10.21 07:59:18.709,0.76429,0.7644,1.50,3.75
2016.10.21 07:59:18.762,0.76429,0.76439,1.00,2.62
2016.10.21 07:59:18.814,0.76428,0.76437,1.50,2.25
2016.10.21 07:59:18.867,0.76428,0.76437,1.50,2.25
2016.10.21 07:59:18.970,0.76428,0.76437,1.50,2.25
2016.10.21 07:59:19.022,0.76428,0.76437,1.00,2.25
2016.10.21 07:59:19.074,0.76428,0.76437,1.00,1.63
2016.10.21 07:59:19.397,0.76428,0.76437,1.00,4.48
2016.10.21 07:59:19.448,0.76427,0.76436,1.50,1.60
2016.10.21 07:59:19.551,0.76427,0.76436,1.87,1.00
2016.10.21 07:59:19.710,0.76427,0.76436,1.50,1.18
2016.10.21 07:59:20.074,0.76427,0.76437,1.50,4.35
2016.10.21 07:59:20.126,0.76427,0.76437,1.50,4.48
2016.10.21 07:59:20.489,0.76427,0.76437,1.50,3.73
2016.10.21 07:59:20.975,0.76427,0.76437,1.00,2.61
2016.10.21 07:59:21.027,0.76428,0.76438,1.50,1.75
2016.10.21 07:59:21.291,0.76428,0.76438,2.62,1.50
2016.10.21 07:59:21.356,0.76429,0.76439,1.00,1.50
2016.10.21 07:59:21.508,0.76429,0.76439,1.00,2.10
2016.10.21 07:59:22.478,0.76428,0.76439,1.87,2.85
2016.10.21 07:59:22.530,0.76428,0.76439,2.62,2.85
2016.10.21 07:59:22.581,0.76428,0.76439,1.87,2.25
2016.10.21 07:59:22.632,0.76428,0.76439,2.62,2.25
2016.10.21 07:59:23.050,0.76428,0.76439,2.62,1.50
2016.10.21 07:59:23.102,0.76428,0.76439,3.37,2.25
2016.10.21 07:59:23.154,0.76428,0.76439,3.37,2.38
2016.10.21 07:59:23.308,0.76428,0.76439,2.62,2.25
2016.10.21 07:59:23.411,0.7643,0.76439,1.00,2.25
2016.10.21 07:59:23.462,0.7643,0.76439,1.00,2.25
2016.10.21 07:59:23.866,0.7643,0.76439,1.00,1.50
2016.10.21 07:59:24.273,0.7643,0.76439,1.00,2.10
2016.10.21 07:59:24.426,0.7643,0.76439,1.00,1.50
2016.10.21 07:59:25.052,0.7643,0.76439,1.00,3.00
2016.10.21 07:59:25.134,0.7643,0.76439,1.00,3.60
2016.10.21 07:59:25.382,0.7643,0.76439,1.00,3.00
2016.10.21 07:59:25.820,0.7643,0.76439,1.00,1.50
2016.10.21 07:59:25.872,0.7643,0.76439,1.00,3.73
2016.10.21 07:59:25.923,0.76429,0.76439,1.50,3.60
2016.10.21 07:59:25.975,0.76429,0.76439,1.50,3.60
2016.10.21 07:59:26.480,0.76429,0.76439,1.50,3.60
2016.10.21 07:59:26.532,0.76429,0.76439,1.50,3.51
2016.10.21 07:59:26.584,0.76429,0.76439,1.50,5.61
2016.10.21 07:59:26.637,0.76429,0.76439,1.50,3.51
2016.10.21 07:59:26.740,0.76429,0.76439,1.50,2.98
2016.10.21 07:59:26.792,0.7643,0.76439,1.00,2.25
2016.10.21 07:59:26.843,0.7643,0.76438,1.50,1.12
2016.10.21 07:59:26.947,0.7643,0.76439,1.00,6.97
2016.10.21 07:59:27.268,0.7643,0.76438,1.00,1.87
2016.10.21 07:59:27.335,0.76427,0.76438,4.12,1.87
2016.10.21 07:59:27.748,0.76427,0.76438,5.25,2.38
2016.10.21 07:59:28.170,0.76427,0.76438,4.12,1.55
2016.10.21 07:59:28.272,0.76427,0.76437,4.12,1.12
2016.10.21 07:59:28.324,0.76427,0.76437,3.37,1.12
2016.10.21 07:59:28.426,0.76427,0.76437,2.62,1.12
2016.10.21 07:59:29.111,0.76427,0.76438,3.75,2.76
2016.10.21 07:59:29.432,0.76427,0.76437,3.00,1.26
2016.10.21 07:59:29.484,0.76427,0.76437,3.00,2.01
2016.10.21 07:59:29.535,0.76427,0.76437,2.25,2.01
2016.10.21 07:59:29.752,0.76427,0.76434,2.62,1.00
2016.10.21 07:59:30.084,0.76427,0.76434,1.12,2.62
2016.10.21 07:59:30.501,0.76422,0.76433,4.50,1.00
2016.10.21 07:59:30.552,0.76426,0.76436,1.50,2.01
2016.10.21 07:59:31.626,0.76426,0.76436,1.00,2.01
2016.10.21 07:59:34.538,0.76426,0.76436,1.00,1.63
2016.10.21 07:59:34.612,0.76423,0.76432,1.50,1.12
2016.10.21 07:59:34.664,0.76423,0.76432,1.50,1.12
2016.10.21 07:59:34.715,0.76423,0.76433,1.00,1.37
2016.10.21 07:59:35.438,0.76422,0.76433,1.12,1.37
2016.10.21 07:59:35.611,0.76422,0.76433,1.87,1.37
2016.10.21 07:59:35.662,0.76422,0.76433,1.87,1.55
2016.10.21 07:59:35.764,0.76422,0.76433,1.87,1.37
2016.10.21 07:59:36.233,0.76422,0.76433,1.12,1.37
2016.10.21 07:59:36.284,0.76422,0.76433,1.87,1.55
2016.10.21 07:59:36.570,0.76422,0.76433,1.87,2.76
2016.10.21 07:59:36.624,0.76422,0.76433,1.12,2.62
2016.10.21 07:59:36.676,0.76422,0.76433,1.87,1.87
2016.10.21 07:59:36.729,0.76423,0.76433,1.00,1.37
2016.10.21 07:59:40.360,0.76423,0.76434,2.25,4.50
2016.10.21 07:59:40.412,0.76424,0.76434,1.00,5.25
2016.10.21 07:59:40.564,0.76424,0.76433,1.00,1.12
2016.10.21 07:59:41.119,0.76426,0.76433,2.02,1.12
2016.10.21 07:59:41.170,0.76426,0.76434,1.12,1.00
2016.10.21 07:59:41.221,0.76427,0.76435,1.00,1.12
2016.10.21 07:59:41.273,0.76428,0.76435,1.00,1.00
2016.10.21 07:59:41.324,0.76428,0.76436,1.00,1.50
2016.10.21 07:59:41.712,0.76428,0.76438,1.00,6.75
2016.10.21 07:59:42.021,0.76428,0.76437,1.00,1.55
2016.10.21 07:59:42.073,0.76428,0.76437,1.00,1.37
2016.10.21 07:59:42.175,0.76428,0.76437,1.00,1.00
2016.10.21 07:59:42.797,0.76428,0.76437,1.00,1.00
2016.10.21 07:59:42.900,0.76428,0.76436,1.00,1.00
2016.10.21 07:59:43.053,0.76428,0.76438,1.50,2.01
2016.10.21 07:59:43.110,0.76429,0.76438,1.00,1.12
2016.10.21 07:59:43.163,0.76429,0.76439,1.00,4.50
2016.10.21 07:59:43.474,0.76429,0.76439,1.00,3.37
2016.10.21 07:59:43.527,0.76429,0.76439,1.00,4.12
2016.10.21 07:59:43.733,0.76429,0.76439,1.00,6.22
2016.10.21 07:59:43.836,0.76429,0.76439,1.00,7.48
2016.10.21 07:59:43.900,0.76429,0.76439,1.00,4.12
2016.10.21 07:59:44.257,0.76429,0.76438,1.00,1.45
2016.10.21 07:59:44.359,0.76428,0.76437,1.00,1.18
2016.10.21 07:59:44.461,0.76427,0.76436,4.12,1.00
2016.10.21 07:59:44.513,0.76427,0.76436,2.62,1.00
2016.10.21 07:59:44.598,0.76427,0.76435,1.50,1.35
2016.10.21 07:59:44.888,0.76426,0.76435,4.50,1.35
2016.10.21 07:59:45.683,0.76426,0.76433,3.75,1.37
2016.10.21 07:59:45.738,0.76421,0.76432,4.87,1.50
2016.10.21 07:59:45.789,0.76422,0.76433,1.00,6.51
2016.10.21 07:59:45.891,0.76421,0.76433,4.12,6.37
2016.10.21 07:59:45.943,0.76421,0.76433,4.12,7.12
2016.10.21 07:59:46.480,0.76421,0.76432,3.37,1.50
2016.10.21 07:59:46.582,0.76421,0.76432,2.62,2.25
2016.10.21 07:59:46.633,0.76421,0.76432,2.62,1.50
2016.10.21 07:59:47.540,0.76421,0.76432,1.87,1.50
2016.10.21 07:59:47.643,0.76421,0.76432,2.62,1.50
2016.10.21 07:59:48.190,0.76421,0.76432,1.87,1.50
2016.10.21 07:59:48.242,0.76421,0.76432,1.12,3.00
2016.10.21 07:59:48.293,0.76421,0.76432,1.12,6.00
2016.10.21 07:59:48.345,0.76421,0.7643,1.12,1.12
2016.10.21 07:59:48.626,0.76421,0.76431,1.00,3.75
2016.10.21 07:59:48.680,0.76421,0.7643,1.00,1.00
2016.10.21 07:59:48.995,0.76421,0.7643,1.00,2.25
2016.10.21 07:59:49.069,0.76421,0.7643,1.00,3.00
2016.10.21 07:59:49.171,0.7642,0.7643,1.50,3.00
2016.10.21 07:59:49.222,0.7642,0.7643,1.50,4.26
2016.10.21 07:59:49.273,0.7642,0.76428,1.00,1.00
2016.10.21 07:59:49.325,0.76418,0.76429,3.37,3.36
2016.10.21 07:59:49.376,0.76418,0.76429,4.12,3.36
2016.10.21 07:59:49.427,0.76418,0.76429,3.75,3.73
2016.10.21 07:59:49.478,0.76418,0.76429,3.00,3.60
2016.10.21 07:59:49.821,0.76418,0.76429,2.25,3.60
2016.10.21 07:59:49.905,0.76418,0.76429,3.00,4.11
2016.10.21 07:59:50.108,0.76418,0.76429,3.00,2.01
2016.10.21 07:59:50.160,0.76418,0.76429,3.00,1.63
2016.10.21 07:59:50.211,0.76418,0.76429,3.00,1.63
2016.10.21 07:59:50.262,0.76418,0.76429,3.00,1.18
2016.10.21 07:59:50.364,0.76418,0.76429,2.25,1.18
2016.10.21 07:59:50.676,0.76418,0.76429,3.75,1.18
2016.10.21 07:59:50.727,0.76418,0.76429,3.00,1.00
2016.10.21 07:59:51.032,0.76418,0.76429,3.75,1.00
2016.10.21 07:59:51.184,0.76418,0.76429,4.50,1.18
2016.10.21 07:59:51.286,0.76418,0.76429,3.75,1.00
2016.10.21 07:59:51.931,0.76421,0.7643,1.00,2.01
2016.10.21 07:59:51.999,0.76421,0.76431,1.50,2.62
2016.10.21 07:59:52.204,0.76421,0.76431,1.00,2.62
2016.10.21 07:59:52.629,0.7642,0.7643,1.00,1.00
2016.10.21 07:59:53.321,0.7642,0.7643,1.00,2.85
2016.10.21 07:59:53.641,0.7642,0.76429,1.00,1.35
2016.10.21 07:59:53.743,0.7642,0.76429,1.00,1.00
2016.10.21 07:59:53.846,0.7642,0.76429,1.00,1.35
2016.10.21 07:59:53.910,0.7642,0.76429,1.00,1.00
2016.10.21 07:59:54.015,0.7642,0.76429,1.00,1.35
2016.10.21 07:59:54.397,0.76418,0.76428,3.75,1.00
2016.10.21 07:59:54.448,0.76418,0.76428,2.25,1.00
2016.10.21 07:59:54.499,0.76418,0.76429,2.25,1.50
2016.10.21 07:59:54.550,0.76418,0.76428,2.25,1.50
2016.10.21 07:59:54.652,0.76418,0.76428,1.50,1.50
2016.10.21 07:59:55.154,0.76418,0.76426,1.00,1.87
2016.10.21 07:59:55.221,0.76417,0.76425,1.00,1.00
2016.10.21 07:59:55.272,0.76417,0.76425,1.00,1.12
2016.10.21 07:59:55.323,0.76417,0.76426,1.00,1.11
2016.10.21 07:59:55.374,0.76417,0.76427,1.00,4.63
2016.10.21 07:59:55.881,0.76417,0.76426,1.00,1.50
2016.10.21 07:59:55.935,0.76416,0.76425,1.00,1.45
2016.10.21 07:59:56.039,0.76414,0.76424,1.00,1.00
2016.10.21 07:59:56.142,0.76414,0.76424,1.00,5.38
2016.10.21 07:59:56.194,0.76413,0.76422,3.00,1.00
2016.10.21 07:59:56.247,0.76412,0.76422,3.00,1.50
2016.10.21 07:59:56.350,0.76412,0.76422,2.25,1.50
2016.10.21 07:59:56.623,0.76412,0.76422,1.50,3.00
2016.10.21 07:59:56.675,0.76412,0.76422,2.25,4.82
2016.10.21 07:59:56.727,0.76412,0.76422,1.50,5.38
2016.10.21 07:59:56.779,0.76412,0.76422,1.00,6.70
2016.10.21 07:59:56.834,0.7641,0.76422,3.00,3.13
2016.10.21 07:59:56.885,0.7641,0.76421,4.12,1.37
2016.10.21 07:59:56.936,0.7641,0.76421,4.12,1.37
2016.10.21 07:59:57.729,0.7641,0.76421,3.00,1.37
2016.10.21 07:59:57.799,0.7641,0.76421,3.75,1.55
2016.10.21 07:59:57.901,0.7641,0.76421,3.00,1.55
2016.10.21 07:59:57.952,0.7641,0.76421,3.00,1.37
2016.10.21 07:59:58.347,0.7641,0.76421,3.75,1.37
2016.10.21 07:59:58.423,0.7641,0.7642,2.25,1.87
2016.10.21 07:59:58.847,0.7641,0.76419,2.25,1.00
2016.10.21 07:59:59.359,0.7641,0.7642,1.50,1.87
2016.10.21 07:59:59.480,0.7641,0.76419,1.50,1.00
2016.10.21 07:59:59.633,0.7641,0.7642,1.50,1.87
2016.10.21 07:59:59.735,0.7641,0.76419,1.50,1.00
2016.10.21 07:59:59.837,0.7641,0.7642,1.50,1.87
