2015.10.29 10:00:00.359,0.709,0.70912,1.00,1.50
2015.10.29 10:00:00.876,0.70899,0.70912,1.50,1.00
2015.10.29 10:00:01.714,0.70899,0.7091,1.00,1.00
2015.10.29 10:00:02.019,0.70891,0.70903,3.82,1.00
2015.10.29 10:00:02.120,0.70891,0.70903,2.25,1.00
2015.10.29 10:00:02.966,0.70891,0.70904,1.00,1.50
2015.10.29 10:00:05.234,0.70891,0.70904,1.00,2.25
2015.10.29 10:00:05.336,0.70891,0.70904,1.37,2.25
2015.10.29 10:00:05.857,0.70889,0.70902,2.62,1.37
2015.10.29 10:00:06.411,0.7089,0.70904,2.47,1.95
2015.10.29 10:00:07.445,0.70891,0.70904,1.72,1.50
2015.10.29 10:00:08.288,0.7089,0.70903,2.62,1.37
2015.10.29 10:00:08.946,0.70889,0.70902,2.62,1.75
2015.10.29 10:00:10.320,0.70889,0.70901,4.72,1.87
2015.10.29 10:00:10.937,0.70889,0.70899,3.97,1.00
2015.10.29 10:00:14.395,0.70893,0.70901,1.00,1.12
2015.10.29 10:00:14.446,0.70894,0.70901,1.00,1.00
2015.10.29 10:00:14.547,0.70896,0.70903,1.00,1.00
2015.10.29 10:00:14.882,0.70897,0.70904,1.87,1.37
2015.10.29 10:00:15.439,0.70898,0.70908,1.50,1.37
2015.10.29 10:00:15.864,0.70899,0.70909,1.50,1.00
2015.10.29 10:00:20.415,0.70899,0.70911,2.25,1.12
2015.10.29 10:00:20.567,0.70902,0.70911,1.00,1.00
2015.10.29 10:00:32.536,0.70902,0.70912,1.12,1.50
2015.10.29 10:00:33.524,0.70902,0.70912,1.50,1.50
2015.10.29 10:00:33.790,0.70901,0.70912,1.87,1.75
2015.10.29 10:00:34.267,0.70899,0.7091,1.87,2.25
2015.10.29 10:00:36.495,0.70898,0.70908,1.00,1.12
2015.10.29 10:00:36.850,0.70898,0.70908,1.00,1.50
2015.10.29 10:00:37.053,0.70895,0.70906,1.00,1.87
2015.10.29 10:00:38.632,0.70895,0.70905,2.62,1.00
2015.10.29 10:00:41.224,0.70893,0.70905,1.50,3.00
2015.10.29 10:00:41.393,0.70892,0.70901,1.50,1.00
2015.10.29 10:00:44.529,0.70892,0.70903,1.87,1.00
2015.10.29 10:00:46.546,0.70892,0.70903,1.50,1.50
2015.10.29 10:00:47.176,0.70892,0.70903,1.50,1.87
2015.10.29 10:00:47.622,0.70891,0.70902,1.50,1.87
2015.10.29 10:00:48.332,0.70889,0.70901,2.62,1.12
2015.10.29 10:00:49.560,0.70889,0.709,1.87,1.75
2015.10.29 10:00:49.711,0.70889,0.709,1.50,1.87
2015.10.29 10:00:50.239,0.70888,0.70899,1.50,2.62
2015.10.29 10:00:50.880,0.70889,0.70899,1.00,1.12
2015.10.29 10:00:51.407,0.70889,0.70899,2.25,1.87
2015.10.29 10:00:56.641,0.70889,0.70901,2.62,2.02
2015.10.29 10:00:57.316,0.70891,0.70901,1.00,1.47
2015.10.29 10:00:57.842,0.70891,0.70901,1.00,1.20
2015.10.29 10:01:13.635,0.70891,0.70901,1.87,1.00
2015.10.29 10:01:14.176,0.70891,0.70901,1.12,1.37
2015.10.29 10:01:14.734,0.70891,0.70902,1.50,1.47
2015.10.29 10:01:15.129,0.7089,0.70901,3.37,1.00
2015.10.29 10:01:16.560,0.70891,0.70901,1.50,1.00
2015.10.29 10:01:18.547,0.70891,0.70901,1.00,1.12
2015.10.29 10:01:20.789,0.70893,0.70901,1.00,1.87
2015.10.29 10:01:23.346,0.70892,0.70901,1.00,1.00
2015.10.29 10:01:23.851,0.70892,0.70901,1.00,1.37
2015.10.29 10:01:24.371,0.70893,0.70901,1.00,1.37
2015.10.29 10:01:28.593,0.70893,0.70901,1.00,6.00
2015.10.29 10:01:33.112,0.70892,0.70898,1.00,1.00
2015.10.29 10:01:33.365,0.70888,0.70898,1.87,1.00
2015.10.29 10:01:33.416,0.70887,0.70898,1.75,2.25
2015.10.29 10:01:33.517,0.70885,0.70895,1.87,1.00
2015.10.29 10:01:34.031,0.70886,0.70895,1.30,1.00
2015.10.29 10:01:34.133,0.70889,0.70895,1.00,1.00
2015.10.29 10:01:34.487,0.70885,0.70895,2.62,1.00
2015.10.29 10:01:34.589,0.70885,0.70895,1.00,1.57
2015.10.29 10:01:35.512,0.70884,0.70894,1.50,1.12
2015.10.29 10:01:36.897,0.70885,0.70894,1.00,1.12
2015.10.29 10:01:37.211,0.70886,0.70894,1.00,1.37
2015.10.29 10:01:37.414,0.70881,0.70891,2.62,1.50
2015.10.29 10:01:41.546,0.7088,0.70891,1.12,1.12
2015.10.29 10:01:42.551,0.70881,0.7089,1.37,1.00
2015.10.29 10:01:49.257,0.70881,0.70892,1.12,1.87
2015.10.29 10:01:50.708,0.7088,0.70892,3.07,1.12
2015.10.29 10:01:54.119,0.70881,0.70892,1.12,1.00
2015.10.29 10:01:54.688,0.70881,0.70891,1.37,1.00
2015.10.29 10:01:56.424,0.7088,0.70891,2.25,1.00
2015.10.29 10:01:58.270,0.7088,0.7089,1.37,1.00
2015.10.29 10:01:58.776,0.70879,0.70889,2.62,1.00
2015.10.29 10:02:03.121,0.70883,0.70889,1.00,1.00
2015.10.29 10:02:03.273,0.70885,0.70893,1.00,1.00
2015.10.29 10:02:03.375,0.70883,0.70893,2.62,1.00
2015.10.29 10:02:03.426,0.70883,0.70893,3.07,1.00
2015.10.29 10:02:04.203,0.70883,0.70893,2.70,1.00
2015.10.29 10:02:04.254,0.70883,0.70893,2.70,1.00
2015.10.29 10:02:05.219,0.70883,0.70893,2.62,1.12
2015.10.29 10:02:08.248,0.70884,0.70893,1.37,1.00
2015.10.29 10:02:13.026,0.70884,0.70894,1.87,1.00
2015.10.29 10:02:13.330,0.70887,0.70897,1.12,1.87
2015.10.29 10:02:13.836,0.70887,0.70899,1.87,4.87
2015.10.29 10:02:13.887,0.70887,0.70897,1.87,1.00
2015.10.29 10:02:16.858,0.70887,0.70897,1.12,1.00
2015.10.29 10:02:17.363,0.70887,0.70897,1.12,1.50
2015.10.29 10:02:19.195,0.70886,0.70897,1.50,1.37
2015.10.29 10:02:19.702,0.70887,0.70897,1.00,1.87
2015.10.29 10:02:20.209,0.70886,0.70896,1.00,1.12
2015.10.29 10:02:20.260,0.70883,0.70893,3.07,1.00
2015.10.29 10:02:20.508,0.7088,0.70892,2.25,2.25
2015.10.29 10:02:29.302,0.70878,0.70889,1.37,1.87
2015.10.29 10:02:29.852,0.70877,0.70888,1.87,1.12
2015.10.29 10:02:31.897,0.70876,0.70886,1.87,1.12
2015.10.29 10:02:32.061,0.70876,0.7088,1.00,1.00
2015.10.29 10:02:32.314,0.70868,0.70878,1.00,2.25
2015.10.29 10:02:32.517,0.70866,0.70877,1.00,1.55
2015.10.29 10:02:33.038,0.70866,0.70876,1.00,2.62
2015.10.29 10:02:35.424,0.70865,0.70875,1.00,1.12
2015.10.29 10:02:36.638,0.70866,0.70875,1.00,1.00
2015.10.29 10:02:37.707,0.70865,0.70875,1.87,1.00
2015.10.29 10:02:38.644,0.70865,0.70875,1.12,1.87
2015.10.29 10:02:39.423,0.70865,0.70875,1.00,2.62
2015.10.29 10:02:39.524,0.70863,0.70872,1.00,1.12
2015.10.29 10:02:39.726,0.70862,0.70871,1.12,1.37
2015.10.29 10:02:40.101,0.70862,0.70872,1.00,1.50
2015.10.29 10:02:40.152,0.70861,0.70871,1.50,1.37
2015.10.29 10:02:40.253,0.7086,0.7087,1.12,1.00
2015.10.29 10:02:40.355,0.70859,0.70869,2.62,1.50
2015.10.29 10:02:40.862,0.70859,0.70869,1.12,1.37
2015.10.29 10:02:48.442,0.70859,0.70869,2.62,1.12
2015.10.29 10:02:48.790,0.70865,0.70873,1.00,1.95
2015.10.29 10:02:48.841,0.70865,0.70873,1.00,1.57
2015.10.29 10:02:48.943,0.70865,0.70876,1.12,1.12
2015.10.29 10:02:49.247,0.70864,0.70871,1.00,1.00
2015.10.29 10:02:49.348,0.7086,0.7087,2.62,1.00
2015.10.29 10:02:49.886,0.7086,0.70869,1.12,1.12
2015.10.29 10:02:50.391,0.7086,0.70871,1.00,1.87
2015.10.29 10:02:50.892,0.7086,0.70871,1.00,2.62
2015.10.29 10:02:57.599,0.7086,0.70872,1.87,2.62
2015.10.29 10:02:58.123,0.70861,0.70872,1.00,1.87
2015.10.29 10:02:58.984,0.70862,0.70872,1.00,1.87
2015.10.29 10:02:59.147,0.70864,0.70873,1.00,1.12
2015.10.29 10:02:59.249,0.70865,0.70874,1.00,1.37
2015.10.29 10:02:59.401,0.70866,0.70876,1.00,1.12
2015.10.29 10:03:00.397,0.70864,0.70876,2.62,1.87
2015.10.29 10:03:00.904,0.70865,0.70876,1.87,1.87
2015.10.29 10:03:01.417,0.70866,0.70876,1.00,1.12
2015.10.29 10:03:01.720,0.70868,0.70878,1.12,1.47
2015.10.29 10:03:02.227,0.70869,0.70879,1.12,1.87
2015.10.29 10:03:09.077,0.70869,0.70878,1.00,1.37
2015.10.29 10:03:21.240,0.7087,0.70878,1.00,1.37
2015.10.29 10:03:21.493,0.70876,0.70885,1.12,1.00
2015.10.29 10:03:21.877,0.70877,0.70887,1.87,1.00
2015.10.29 10:03:22.486,0.70877,0.70888,1.37,2.62
2015.10.29 10:03:23.006,0.70877,0.70886,1.12,1.00
2015.10.29 10:03:27.006,0.70874,0.70886,1.95,1.87
2015.10.29 10:03:27.057,0.70874,0.70885,1.50,1.37
2015.10.29 10:03:27.909,0.70874,0.70885,1.87,1.12
2015.10.29 10:03:28.870,0.70874,0.70886,3.22,1.37
2015.10.29 10:03:30.022,0.70877,0.70888,1.37,1.87
2015.10.29 10:03:30.175,0.70877,0.70888,1.87,1.00
2015.10.29 10:03:30.782,0.70878,0.7089,2.25,1.87
2015.10.29 10:03:31.326,0.7088,0.70889,1.37,1.00
2015.10.29 10:03:31.832,0.7088,0.7089,1.87,1.37
2015.10.29 10:03:32.795,0.70879,0.7089,3.00,1.87
2015.10.29 10:03:33.605,0.70877,0.70887,1.87,1.00
2015.10.29 10:03:34.135,0.70877,0.70887,1.50,1.00
2015.10.29 10:03:34.640,0.70878,0.70887,1.37,1.00
2015.10.29 10:03:41.844,0.70878,0.70887,1.00,1.37
2015.10.29 10:03:43.238,0.70876,0.70887,1.87,1.87
2015.10.29 10:03:44.603,0.70876,0.70883,1.12,1.00
2015.10.29 10:03:44.907,0.7087,0.7088,2.25,1.87
2015.10.29 10:03:44.958,0.7087,0.7088,2.25,1.87
2015.10.29 10:03:45.333,0.70869,0.70878,1.12,1.00
2015.10.29 10:03:46.474,0.70867,0.70878,3.82,1.12
2015.10.29 10:03:49.043,0.70867,0.70878,3.07,1.00
2015.10.29 10:03:49.828,0.70867,0.70879,3.07,1.87
2015.10.29 10:03:50.873,0.70868,0.70878,1.37,1.00
2015.10.29 10:03:51.328,0.70867,0.70878,2.70,1.37
2015.10.29 10:03:51.876,0.70867,0.70879,2.70,1.87
2015.10.29 10:03:52.855,0.70868,0.70878,1.50,1.37
2015.10.29 10:03:54.676,0.70868,0.70878,1.87,1.00
2015.10.29 10:04:00.906,0.70867,0.70878,2.32,1.00
2015.10.29 10:04:01.159,0.70867,0.70877,1.10,1.75
2015.10.29 10:04:01.884,0.70865,0.70877,1.87,3.00
2015.10.29 10:04:02.394,0.70864,0.70876,2.70,2.62
2015.10.29 10:04:04.372,0.70864,0.70876,2.70,2.62
2015.10.29 10:04:07.389,0.70865,0.70874,1.00,1.12
2015.10.29 10:04:10.274,0.70863,0.70874,3.07,2.25
2015.10.29 10:04:10.325,0.70865,0.70872,1.37,1.00
2015.10.29 10:04:10.427,0.70863,0.70872,1.10,1.00
2015.10.29 10:04:10.939,0.70861,0.70872,2.92,1.37
2015.10.29 10:04:11.838,0.70861,0.70871,1.37,1.50
2015.10.29 10:04:11.889,0.70861,0.70871,1.00,1.87
2015.10.29 10:04:12.477,0.70861,0.7087,1.12,1.12
2015.10.29 10:04:12.983,0.70859,0.70869,1.95,1.87
2015.10.29 10:04:13.672,0.70861,0.70869,1.00,1.37
2015.10.29 10:04:14.178,0.7086,0.7087,2.32,1.37
2015.10.29 10:04:14.840,0.7086,0.7087,1.95,1.00
2015.10.29 10:04:17.056,0.70861,0.7087,1.00,1.00
2015.10.29 10:04:19.306,0.7086,0.7087,1.27,1.00
2015.10.29 10:04:20.015,0.70859,0.70869,1.57,1.00
2015.10.29 10:04:20.628,0.70859,0.70869,3.07,1.50
2015.10.29 10:04:21.199,0.70859,0.70869,2.32,1.00
2015.10.29 10:04:21.980,0.70859,0.70869,3.07,1.00
2015.10.29 10:04:22.494,0.70859,0.70869,1.50,1.00
2015.10.29 10:04:23.112,0.70859,0.70869,2.25,1.00
2015.10.29 10:04:24.514,0.70859,0.70869,1.50,1.00
2015.10.29 10:04:25.595,0.70858,0.70869,2.40,1.87
2015.10.29 10:04:26.708,0.70858,0.70868,2.40,1.00
2015.10.29 10:04:27.715,0.70858,0.70868,3.15,1.00
2015.10.29 10:04:28.008,0.70858,0.70868,1.20,1.50
2015.10.29 10:04:28.516,0.70857,0.70866,1.12,1.00
2015.10.29 10:04:29.546,0.70858,0.70866,2.10,1.12
2015.10.29 10:04:29.901,0.7086,0.70868,1.72,1.00
2015.10.29 10:04:31.509,0.7086,0.70869,2.10,1.37
2015.10.29 10:04:32.079,0.7086,0.70869,3.22,1.37
2015.10.29 10:04:32.635,0.7086,0.7087,1.72,2.25
2015.10.29 10:04:33.836,0.7086,0.70869,1.72,1.37
2015.10.29 10:04:35.801,0.7086,0.70869,2.85,1.50
2015.10.29 10:04:36.063,0.7086,0.70871,3.22,1.87
2015.10.29 10:04:36.367,0.70861,0.7087,1.80,1.00
2015.10.29 10:04:36.901,0.70861,0.70871,2.92,1.87
2015.10.29 10:04:37.433,0.70861,0.70871,2.92,1.87
2015.10.29 10:04:40.536,0.70861,0.70871,2.85,1.87
2015.10.29 10:04:41.040,0.70861,0.70871,2.85,1.87
2015.10.29 10:04:42.158,0.70861,0.70871,2.47,1.50
2015.10.29 10:04:42.671,0.70861,0.70871,1.72,1.50
2015.10.29 10:04:43.938,0.70861,0.70871,2.10,1.12
2015.10.29 10:04:44.495,0.70861,0.70871,2.10,1.12
2015.10.29 10:04:48.128,0.70861,0.70871,1.87,1.00
2015.10.29 10:04:49.521,0.70864,0.70872,1.00,1.12
2015.10.29 10:04:49.832,0.70866,0.70876,1.00,1.87
2015.10.29 10:04:50.396,0.70863,0.70874,1.20,1.50
2015.10.29 10:04:50.447,0.70864,0.70873,1.00,1.37
2015.10.29 10:04:50.932,0.70862,0.70872,1.87,1.37
2015.10.29 10:04:51.953,0.70862,0.70872,1.12,1.00
2015.10.29 10:04:52.965,0.70862,0.70872,1.12,1.87
2015.10.29 10:04:53.269,0.7086,0.70871,1.00,1.87
2015.10.29 10:04:54.268,0.70859,0.70871,2.62,3.00
2015.10.29 10:04:55.145,0.70859,0.70868,1.12,1.00
2015.10.29 10:04:58.231,0.70858,0.70869,2.10,2.62
2015.10.29 10:04:58.562,0.7086,0.70868,1.00,2.62
2015.10.29 10:04:59.083,0.70859,0.70868,1.60,1.87
2015.10.29 10:04:59.133,0.70859,0.70868,1.35,1.87
2015.10.29 10:04:59.664,0.70858,0.70868,1.50,1.87
2015.10.29 10:04:59.866,0.7086,0.70868,1.00,1.87
2015.10.29 10:05:00.068,0.70857,0.70868,1.00,2.62
2015.10.29 10:05:00.596,0.70856,0.70866,1.37,1.00
2015.10.29 10:05:01.202,0.70856,0.70866,1.12,1.00
2015.10.29 10:05:05.652,0.70856,0.70865,1.00,1.00
2015.10.29 10:05:06.187,0.70856,0.70865,1.00,2.62
2015.10.29 10:05:08.177,0.70856,0.70865,1.00,1.50
2015.10.29 10:05:08.682,0.70856,0.70866,1.00,2.62
2015.10.29 10:05:09.189,0.70856,0.70865,1.00,1.00
2015.10.29 10:05:09.724,0.70856,0.70866,1.00,2.62
2015.10.29 10:05:11.033,0.70855,0.70866,1.37,3.37
2015.10.29 10:05:11.544,0.70855,0.70865,1.12,1.87
2015.10.29 10:05:11.696,0.70852,0.70862,1.50,1.50
2015.10.29 10:05:11.797,0.70852,0.70862,1.00,1.87
2015.10.29 10:05:14.608,0.70849,0.70861,2.62,1.87
2015.10.29 10:05:21.651,0.70851,0.7086,1.12,2.62
2015.10.29 10:05:24.641,0.70851,0.70859,1.12,1.50
2015.10.29 10:05:27.373,0.7085,0.70861,1.12,2.62
2015.10.29 10:05:27.676,0.70852,0.70861,1.00,2.62
2015.10.29 10:05:30.090,0.70854,0.7086,1.00,1.37
2015.10.29 10:05:30.309,0.70858,0.70862,1.00,1.00
2015.10.29 10:05:30.360,0.70858,0.70864,1.00,1.00
2015.10.29 10:05:30.513,0.70858,0.7087,2.62,3.45
2015.10.29 10:05:30.614,0.70859,0.7087,1.50,2.62
2015.10.29 10:05:30.867,0.70859,0.70869,1.87,1.00
2015.10.29 10:05:31.414,0.70859,0.70871,1.87,1.87
2015.10.29 10:05:31.920,0.70859,0.7087,2.62,1.00
2015.10.29 10:05:32.858,0.7086,0.7087,1.00,1.50
2015.10.29 10:05:33.867,0.70859,0.7087,1.12,1.50
2015.10.29 10:05:34.635,0.70858,0.7087,2.70,1.87
2015.10.29 10:05:35.141,0.70858,0.70869,1.95,1.00
2015.10.29 10:05:44.820,0.7086,0.7087,1.12,1.00
2015.10.29 10:05:45.124,0.70865,0.70872,1.00,1.37
2015.10.29 10:05:45.337,0.70865,0.70875,1.50,1.37
2015.10.29 10:05:47.028,0.70866,0.70872,1.00,1.37
2015.10.29 10:05:47.536,0.70865,0.70872,1.00,1.87
2015.10.29 10:05:47.941,0.70864,0.70875,1.50,3.22
2015.10.29 10:05:48.713,0.70864,0.70874,2.25,1.12
2015.10.29 10:05:49.218,0.70864,0.70875,1.87,1.87
2015.10.29 10:05:52.660,0.70864,0.70871,1.00,1.50
2015.10.29 10:05:52.815,0.70864,0.70869,1.00,1.37
2015.10.29 10:05:52.866,0.70862,0.70869,1.00,1.50
2015.10.29 10:05:53.377,0.70863,0.70868,1.00,1.00
2015.10.29 10:05:53.647,0.70859,0.70868,1.50,1.00
2015.10.29 10:05:53.749,0.70858,0.70866,1.12,1.00
2015.10.29 10:05:53.850,0.70855,0.70867,1.95,1.75
2015.10.29 10:05:53.953,0.70856,0.70866,1.00,1.00
2015.10.29 10:05:54.472,0.70857,0.70867,1.00,1.12
2015.10.29 10:05:54.573,0.70856,0.70867,1.87,1.00
2015.10.29 10:05:58.497,0.70858,0.7087,1.75,2.62
2015.10.29 10:06:02.186,0.7086,0.7087,1.50,1.50
2015.10.29 10:06:04.557,0.7086,0.70869,1.00,1.37
2015.10.29 10:06:05.360,0.70858,0.70869,4.20,1.37
2015.10.29 10:06:07.212,0.70858,0.70868,3.07,1.12
2015.10.29 10:06:07.816,0.70859,0.70868,1.37,1.12
2015.10.29 10:06:08.575,0.70859,0.70867,1.37,1.00
2015.10.29 10:06:08.799,0.70857,0.70867,1.75,1.00
2015.10.29 10:06:09.305,0.70858,0.70867,1.00,1.50
2015.10.29 10:06:09.356,0.70858,0.70865,1.00,1.00
2015.10.29 10:06:09.907,0.70857,0.70865,1.00,1.12
2015.10.29 10:06:10.362,0.70857,0.70863,1.00,1.00
2015.10.29 10:06:10.515,0.70854,0.70863,1.50,1.12
2015.10.29 10:06:10.618,0.70853,0.70861,1.75,1.00
2015.10.29 10:06:10.796,0.70853,0.70861,1.00,1.50
2015.10.29 10:06:10.898,0.70851,0.70861,1.87,2.25
2015.10.29 10:06:10.949,0.70851,0.70859,1.87,1.00
2015.10.29 10:06:11.353,0.70851,0.70857,1.00,1.00
2015.10.29 10:06:12.097,0.70849,0.70857,1.50,1.00
2015.10.29 10:06:12.602,0.70849,0.70857,1.12,1.50
2015.10.29 10:06:13.853,0.70849,0.70854,1.12,1.00
2015.10.29 10:06:14.174,0.70846,0.70852,1.87,1.00
2015.10.29 10:06:14.327,0.70846,0.70854,1.00,1.50
2015.10.29 10:06:14.631,0.70846,0.70856,2.62,1.50
2015.10.29 10:06:15.056,0.70846,0.70855,1.00,2.47
2015.10.29 10:06:18.321,0.70845,0.70854,1.50,1.50
2015.10.29 10:06:19.413,0.70844,0.70854,1.87,1.50
2015.10.29 10:06:21.025,0.70844,0.70854,1.50,1.00
2015.10.29 10:06:21.430,0.70848,0.70856,1.00,1.12
2015.10.29 10:06:21.886,0.7085,0.70857,1.00,1.37
2015.10.29 10:06:23.391,0.70849,0.70857,1.00,1.37
2015.10.29 10:06:24.402,0.7085,0.70856,1.00,1.12
2015.10.29 10:06:29.828,0.70848,0.70856,1.00,1.12
2015.10.29 10:06:29.980,0.70845,0.70856,1.00,2.62
2015.10.29 10:06:30.032,0.70845,0.70853,1.00,2.10
2015.10.29 10:06:30.358,0.70848,0.70854,1.00,1.50
2015.10.29 10:06:30.561,0.70848,0.70854,1.00,1.00
2015.10.29 10:06:30.612,0.70844,0.70854,3.00,1.00
2015.10.29 10:06:30.713,0.70846,0.70856,1.12,1.00
2015.10.29 10:06:31.098,0.70846,0.70853,1.12,2.10
2015.10.29 10:06:31.352,0.70843,0.70853,1.37,1.87
2015.10.29 10:06:31.757,0.70843,0.70852,1.00,1.12
2015.10.29 10:06:34.264,0.70842,0.70852,1.12,1.50
2015.10.29 10:06:34.366,0.70841,0.7085,1.87,1.50
2015.10.29 10:06:34.875,0.70841,0.70849,1.50,1.12
2015.10.29 10:06:35.179,0.70841,0.70849,1.12,1.50
2015.10.29 10:06:35.849,0.7084,0.70849,1.12,1.87
2015.10.29 10:06:36.439,0.70841,0.70851,1.00,1.50
2015.10.29 10:06:36.490,0.70841,0.70851,1.12,1.50
2015.10.29 10:06:36.794,0.70844,0.70851,1.00,1.37
2015.10.29 10:06:36.998,0.70846,0.70854,1.00,1.20
2015.10.29 10:06:37.151,0.70845,0.70851,1.50,1.00
2015.10.29 10:06:37.202,0.70845,0.70853,1.50,1.00
2015.10.29 10:06:37.254,0.70845,0.70851,1.50,1.00
2015.10.29 10:06:37.774,0.70845,0.70851,1.00,1.12
2015.10.29 10:06:44.888,0.70849,0.70855,1.00,1.37
2015.10.29 10:06:45.057,0.7085,0.70857,1.00,1.50
2015.10.29 10:06:45.314,0.70848,0.70858,1.00,3.22
2015.10.29 10:06:45.840,0.70847,0.70858,1.00,3.22
2015.10.29 10:06:49.131,0.70846,0.70856,1.12,1.50
2015.10.29 10:06:50.106,0.70846,0.70856,1.50,1.50
2015.10.29 10:06:51.917,0.70846,0.70856,1.50,1.12
2015.10.29 10:06:53.908,0.70846,0.70857,3.00,1.12
2015.10.29 10:06:54.939,0.70848,0.70859,1.50,3.60
2015.10.29 10:06:55.041,0.70848,0.70857,1.00,1.37
2015.10.29 10:06:58.506,0.70848,0.70858,1.50,2.47
2015.10.29 10:07:00.845,0.70848,0.70858,1.00,1.35
2015.10.29 10:07:01.847,0.70846,0.70858,6.37,2.10
2015.10.29 10:07:06.948,0.70847,0.70857,1.12,2.62
2015.10.29 10:07:08.551,0.70844,0.70854,3.37,1.87
2015.10.29 10:07:08.855,0.70841,0.70853,2.62,1.75
2015.10.29 10:07:09.058,0.70841,0.7085,5.62,1.00
2015.10.29 10:07:13.657,0.70845,0.70854,1.00,1.87
2015.10.29 10:07:13.861,0.70845,0.70855,1.50,1.87
2015.10.29 10:07:14.064,0.70846,0.70856,1.87,1.00
2015.10.29 10:07:14.465,0.70846,0.70854,1.00,1.37
2015.10.29 10:07:14.567,0.70843,0.70852,1.37,1.00
2015.10.29 10:07:14.771,0.70842,0.70851,1.00,1.00
2015.10.29 10:07:15.285,0.70843,0.70853,1.00,1.37
2015.10.29 10:07:15.791,0.70841,0.70851,1.50,1.00
2015.10.29 10:07:16.769,0.7084,0.70851,1.50,1.37
2015.10.29 10:07:21.387,0.70844,0.70851,1.00,1.37
2015.10.29 10:07:21.488,0.70844,0.70854,1.87,1.87
2015.10.29 10:07:22.033,0.70844,0.70853,1.50,1.00
2015.10.29 10:07:23.278,0.70841,0.70852,2.25,1.00
2015.10.29 10:07:26.289,0.70843,0.70853,1.00,1.37
2015.10.29 10:07:27.583,0.70843,0.70853,1.50,1.87
2015.10.29 10:07:28.583,0.70843,0.70852,1.00,1.00
2015.10.29 10:07:29.106,0.70842,0.70852,1.87,1.00
2015.10.29 10:07:36.590,0.70841,0.70852,1.87,1.87
2015.10.29 10:07:37.280,0.70842,0.70852,1.00,1.12
2015.10.29 10:07:39.940,0.70842,0.70852,1.37,1.12
2015.10.29 10:07:40.992,0.70842,0.70852,1.00,1.12
2015.10.29 10:07:45.683,0.70842,0.70852,1.12,1.37
2015.10.29 10:07:46.616,0.70842,0.70852,1.37,1.12
2015.10.29 10:07:47.720,0.70842,0.70852,1.12,1.37
2015.10.29 10:07:50.562,0.70843,0.70852,1.00,1.37
2015.10.29 10:07:50.815,0.70844,0.70854,1.12,1.50
2015.10.29 10:07:51.220,0.70844,0.70855,1.87,1.12
2015.10.29 10:07:51.776,0.70847,0.70857,1.50,1.37
2015.10.29 10:07:52.337,0.70847,0.70857,1.50,1.12
2015.10.29 10:07:53.222,0.70847,0.70855,1.00,1.00
2015.10.29 10:07:53.526,0.70844,0.70853,1.50,1.00
2015.10.29 10:07:54.437,0.70842,0.70852,1.50,1.12
2015.10.29 10:07:54.942,0.70841,0.70851,1.12,1.00
2015.10.29 10:07:55.467,0.7084,0.70851,2.25,1.87
2015.10.29 10:07:55.981,0.7084,0.70851,2.25,1.87
2015.10.29 10:07:56.582,0.70841,0.70851,1.50,1.37
2015.10.29 10:07:56.684,0.70842,0.70852,1.87,1.00
2015.10.29 10:07:56.735,0.70842,0.70853,1.87,1.12
2015.10.29 10:07:57.291,0.70842,0.70853,2.62,1.50
2015.10.29 10:07:59.140,0.70845,0.70852,1.50,1.00
2015.10.29 10:07:59.242,0.70846,0.70855,1.37,1.50
2015.10.29 10:07:59.412,0.70847,0.70858,1.37,1.37
2015.10.29 10:07:59.917,0.70847,0.70859,2.62,2.25
2015.10.29 10:08:00.449,0.70847,0.70858,2.62,1.00
2015.10.29 10:08:02.458,0.70847,0.70859,2.62,4.35
2015.10.29 10:08:03.623,0.70848,0.70858,1.37,1.00
2015.10.29 10:08:04.149,0.70848,0.70859,1.37,2.62
2015.10.29 10:08:15.595,0.70846,0.70856,2.25,1.00
2015.10.29 10:08:15.720,0.70846,0.70854,1.50,1.00
2015.10.29 10:08:15.771,0.70845,0.70854,1.12,1.00
2015.10.29 10:08:15.822,0.70845,0.70853,1.00,1.37
2015.10.29 10:08:15.873,0.70843,0.70851,1.12,1.00
2015.10.29 10:08:16.379,0.70841,0.70851,3.00,1.00
2015.10.29 10:08:16.884,0.70841,0.70852,3.00,1.87
2015.10.29 10:08:17.523,0.70841,0.70853,3.00,2.62
2015.10.29 10:08:18.027,0.70842,0.70852,1.12,1.00
2015.10.29 10:08:18.669,0.70843,0.70853,1.50,2.62
2015.10.29 10:08:20.812,0.70843,0.70853,1.87,1.87
2015.10.29 10:08:26.099,0.70843,0.70853,2.62,1.00
2015.10.29 10:08:32.449,0.70843,0.70853,1.00,1.50
2015.10.29 10:08:32.985,0.70842,0.70853,1.50,3.37
2015.10.29 10:08:34.540,0.70843,0.70853,1.00,1.87
2015.10.29 10:08:34.743,0.70843,0.70854,1.75,1.50
2015.10.29 10:08:38.417,0.70843,0.70854,1.37,1.37
2015.10.29 10:08:38.620,0.70844,0.70855,1.00,1.95
2015.10.29 10:08:38.823,0.70845,0.70855,1.37,2.25
2015.10.29 10:08:39.331,0.70845,0.70856,1.37,2.32
2015.10.29 10:08:39.837,0.70843,0.70854,1.12,2.62
2015.10.29 10:08:39.938,0.70843,0.70852,1.00,1.00
2015.10.29 10:08:41.186,0.70841,0.70852,3.37,1.00
2015.10.29 10:08:41.712,0.70841,0.70852,2.25,1.87
2015.10.29 10:08:42.217,0.70842,0.70853,1.12,2.62
2015.10.29 10:08:42.863,0.70841,0.70851,1.50,1.12
2015.10.29 10:08:44.135,0.70842,0.70851,1.00,1.12
2015.10.29 10:08:44.843,0.70841,0.70852,1.00,1.47
2015.10.29 10:08:49.872,0.7084,0.70852,1.50,2.70
2015.10.29 10:08:51.625,0.70839,0.70849,1.12,1.00
2015.10.29 10:08:52.145,0.70839,0.7085,1.87,1.00
2015.10.29 10:08:55.968,0.70844,0.7085,1.00,1.00
2015.10.29 10:08:56.172,0.70847,0.70856,1.12,1.37
2015.10.29 10:08:56.273,0.70847,0.70858,1.87,1.87
2015.10.29 10:09:01.319,0.70847,0.70858,1.50,2.62
2015.10.29 10:09:01.821,0.70847,0.70857,1.50,1.00
2015.10.29 10:09:02.696,0.70847,0.70857,1.12,1.00
2015.10.29 10:09:02.747,0.70847,0.70853,1.12,1.00
2015.10.29 10:09:02.949,0.70844,0.70853,1.37,1.50
2015.10.29 10:09:03.000,0.70843,0.70851,1.12,1.00
2015.10.29 10:09:03.202,0.70843,0.70853,1.12,1.95
2015.10.29 10:09:03.710,0.70842,0.70854,1.12,2.25
2015.10.29 10:09:08.129,0.70842,0.70852,1.87,1.00
2015.10.29 10:09:08.635,0.70842,0.70853,1.12,1.00
2015.10.29 10:09:08.906,0.70846,0.70856,1.37,1.57
2015.10.29 10:09:09.007,0.70847,0.70857,1.00,1.95
2015.10.29 10:09:09.840,0.70847,0.70857,1.87,1.00
2015.10.29 10:09:12.910,0.70847,0.70857,1.87,1.12
2015.10.29 10:09:14.630,0.70847,0.70857,1.50,1.12
2015.10.29 10:09:18.696,0.70848,0.70858,1.50,1.00
2015.10.29 10:09:21.561,0.70848,0.70858,1.50,1.12
2015.10.29 10:09:22.084,0.70848,0.70858,2.25,1.12
2015.10.29 10:09:22.590,0.70848,0.70858,2.25,1.50
2015.10.29 10:09:23.337,0.70848,0.70859,1.50,3.30
2015.10.29 10:09:24.123,0.70848,0.70857,1.50,1.00
2015.10.29 10:09:30.118,0.70848,0.70853,1.00,1.00
2015.10.29 10:09:30.270,0.70842,0.70852,3.75,1.12
2015.10.29 10:09:30.321,0.70842,0.70852,2.62,1.00
2015.10.29 10:09:30.828,0.70844,0.70853,1.37,1.10
2015.10.29 10:09:31.157,0.70845,0.70853,1.00,1.00
2015.10.29 10:09:31.360,0.70843,0.70852,1.20,1.12
2015.10.29 10:09:31.461,0.70843,0.70852,1.37,1.12
2015.10.29 10:09:31.966,0.70842,0.70851,1.75,1.00
2015.10.29 10:09:32.508,0.70842,0.70852,1.87,1.00
2015.10.29 10:09:33.136,0.70849,0.70855,1.00,4.12
2015.10.29 10:09:33.289,0.70849,0.70856,1.00,1.37
2015.10.29 10:09:33.864,0.7085,0.70857,1.00,1.57
2015.10.29 10:09:34.067,0.70846,0.70856,1.87,1.37
2015.10.29 10:09:36.801,0.70849,0.70857,1.00,1.12
2015.10.29 10:09:36.954,0.70849,0.70858,1.50,1.57
2015.10.29 10:09:47.030,0.70848,0.70859,2.02,1.37
2015.10.29 10:09:47.576,0.70849,0.7086,1.12,3.97
2015.10.29 10:09:48.290,0.70849,0.7086,1.12,3.37
2015.10.29 10:09:48.341,0.70854,0.7086,1.00,1.50
2015.10.29 10:09:48.458,0.70854,0.70862,1.12,1.00
2015.10.29 10:09:48.560,0.70856,0.70863,1.00,2.25
2015.10.29 10:09:48.966,0.70856,0.70866,1.12,4.12
2015.10.29 10:09:49.068,0.70856,0.70866,1.37,2.25
2015.10.29 10:09:50.207,0.70857,0.70867,1.50,2.25
2015.10.29 10:09:50.713,0.70857,0.70867,4.50,1.12
2015.10.29 10:09:52.210,0.70857,0.70867,1.50,1.87
2015.10.29 10:09:53.442,0.70857,0.70867,1.50,1.12
2015.10.29 10:09:54.642,0.70857,0.70867,1.50,1.00
2015.10.29 10:09:55.654,0.70858,0.70867,1.00,1.00
2015.10.29 10:09:55.704,0.70858,0.70868,1.87,1.12
2015.10.29 10:09:55.918,0.70859,0.7087,1.87,1.50
2015.10.29 10:09:57.622,0.70863,0.70871,1.00,2.70
2015.10.29 10:09:57.927,0.70866,0.70876,1.50,1.37
2015.10.29 10:10:00.155,0.70865,0.70877,1.95,2.70
2015.10.29 10:10:01.426,0.70867,0.70878,1.87,1.20
2015.10.29 10:10:01.955,0.70867,0.70879,1.95,2.32
2015.10.29 10:10:02.460,0.70867,0.70878,1.95,1.00
2015.10.29 10:10:02.972,0.70869,0.7088,1.37,3.97
2015.10.29 10:10:03.299,0.70869,0.70875,1.00,1.00
2015.10.29 10:10:03.452,0.70864,0.70872,1.00,1.50
2015.10.29 10:10:03.503,0.70863,0.7087,1.47,1.00
2015.10.29 10:10:04.384,0.70861,0.70871,1.00,1.87
2015.10.29 10:10:04.688,0.70861,0.70869,1.00,1.60
2015.10.29 10:10:05.194,0.70861,0.70871,1.00,2.02
2015.10.29 10:10:06.640,0.70861,0.70871,1.87,1.65
2015.10.29 10:10:07.008,0.70861,0.70873,2.62,1.95
2015.10.29 10:10:07.818,0.70862,0.70872,1.00,1.00
2015.10.29 10:10:08.323,0.70862,0.70872,1.00,1.37
2015.10.29 10:10:09.979,0.70862,0.70873,1.37,1.57
2015.10.29 10:10:10.081,0.70862,0.70873,1.37,1.10
2015.10.29 10:10:10.132,0.70862,0.70873,1.37,1.10
2015.10.29 10:10:13.147,0.70864,0.70874,1.50,2.02
2015.10.29 10:10:13.652,0.70862,0.70871,1.50,1.00
2015.10.29 10:10:14.159,0.70861,0.70871,1.37,1.57
2015.10.29 10:10:14.687,0.70859,0.7087,1.47,2.55
2015.10.29 10:10:31.381,0.70863,0.70871,1.00,1.55
2015.10.29 10:10:31.614,0.70863,0.70873,1.00,2.32
2015.10.29 10:10:32.170,0.70865,0.70872,1.00,1.47
2015.10.29 10:10:32.373,0.70866,0.70876,2.02,1.37
2015.10.29 10:10:32.424,0.70868,0.70876,1.00,1.12
2015.10.29 10:10:32.678,0.70869,0.70879,1.00,1.95
2015.10.29 10:10:33.201,0.70869,0.70879,1.37,1.50
2015.10.29 10:10:34.610,0.70869,0.70879,1.87,1.87
2015.10.29 10:10:37.855,0.70869,0.70879,1.50,1.87
2015.10.29 10:10:48.709,0.7087,0.70879,1.12,1.30
2015.10.29 10:10:49.013,0.70874,0.70881,1.12,1.47
2015.10.29 10:10:49.354,0.70879,0.70887,1.00,1.20
2015.10.29 10:10:49.861,0.70879,0.70889,1.87,1.42
2015.10.29 10:10:50.457,0.7088,0.7089,1.50,2.40
2015.10.29 10:10:50.711,0.70881,0.70891,1.50,1.95
2015.10.29 10:10:51.319,0.7088,0.70891,2.62,1.95
2015.10.29 10:10:51.843,0.7088,0.7089,2.62,1.10
2015.10.29 10:10:54.733,0.7088,0.7089,1.00,1.10
2015.10.29 10:10:55.961,0.7088,0.70889,1.50,1.00
2015.10.29 10:10:56.814,0.7088,0.7089,1.50,1.20
2015.10.29 10:10:57.325,0.7088,0.7089,1.00,1.57
2015.10.29 10:11:03.651,0.70879,0.7089,2.70,1.95
2015.10.29 10:11:04.624,0.7088,0.7089,1.00,1.57
2015.10.29 10:11:05.704,0.7088,0.7089,1.12,1.57
2015.10.29 10:11:16.884,0.70881,0.7089,1.00,1.50
2015.10.29 10:11:17.481,0.7088,0.7089,1.50,1.50
2015.10.29 10:11:18.390,0.70881,0.7089,1.00,1.50
2015.10.29 10:11:18.932,0.7088,0.70891,1.50,2.32
2015.10.29 10:11:20.979,0.7088,0.70889,1.12,1.87
2015.10.29 10:11:21.608,0.70879,0.70884,1.37,1.00
2015.10.29 10:11:21.709,0.70877,0.70882,1.65,1.00
2015.10.29 10:11:21.861,0.70875,0.7088,1.00,1.00
2015.10.29 10:11:21.913,0.70873,0.7088,1.00,1.00
2015.10.29 10:11:22.460,0.7087,0.7088,2.25,1.12
2015.10.29 10:11:22.512,0.7087,0.7088,1.50,1.50
2015.10.29 10:11:23.018,0.70871,0.7088,1.12,1.00
2015.10.29 10:11:23.356,0.7087,0.70878,1.55,1.00
2015.10.29 10:11:23.963,0.7087,0.7088,1.47,1.87
2015.10.29 10:11:24.488,0.7087,0.7088,1.10,1.87
2015.10.29 10:11:24.997,0.7087,0.70879,1.10,1.00
2015.10.29 10:11:30.135,0.7087,0.70878,1.12,1.00
2015.10.29 10:11:34.410,0.70869,0.70878,1.87,1.00
2015.10.29 10:11:36.353,0.70869,0.70879,1.50,1.87
2015.10.29 10:11:40.162,0.70869,0.70878,1.50,1.00
2015.10.29 10:11:42.965,0.70869,0.70877,1.50,1.00
2015.10.29 10:11:43.185,0.70868,0.70873,1.00,1.37
2015.10.29 10:11:43.236,0.70864,0.70872,1.45,1.87
2015.10.29 10:11:43.744,0.70865,0.70874,1.00,1.45
2015.10.29 10:11:43.896,0.70867,0.70875,1.00,1.45
2015.10.29 10:11:43.997,0.70867,0.70876,1.50,1.20
2015.10.29 10:11:45.755,0.70868,0.70877,1.37,1.00
2015.10.29 10:11:52.698,0.70868,0.70878,2.62,1.00
2015.10.29 10:11:53.233,0.70868,0.70879,2.62,1.50
2015.10.29 10:12:00.885,0.70868,0.70878,1.87,1.00
2015.10.29 10:12:01.530,0.70868,0.70879,1.87,1.00
2015.10.29 10:12:01.682,0.70871,0.7088,1.00,2.40
2015.10.29 10:12:02.189,0.70871,0.7088,1.00,1.12
2015.10.29 10:12:03.145,0.70874,0.70881,1.00,1.87
2015.10.29 10:12:03.399,0.70878,0.70887,1.00,1.87
2015.10.29 10:12:03.500,0.70878,0.70888,1.50,1.00
2015.10.29 10:12:04.501,0.7088,0.70889,1.50,1.20
2015.10.29 10:12:06.162,0.7088,0.7089,1.00,2.32
2015.10.29 10:12:06.668,0.70879,0.70889,1.00,1.12
2015.10.29 10:12:07.597,0.70879,0.70888,1.57,1.00
2015.10.29 10:12:07.931,0.70881,0.70888,1.00,1.00
2015.10.29 10:12:12.443,0.70881,0.70889,1.00,1.00
2015.10.29 10:12:12.949,0.70881,0.70888,1.00,1.00
2015.10.29 10:12:14.418,0.70881,0.70889,1.00,1.00
2015.10.29 10:12:14.967,0.70881,0.70888,1.00,1.00
2015.10.29 10:12:16.354,0.70881,0.70889,1.00,1.00
2015.10.29 10:12:19.444,0.70881,0.70888,1.00,1.00
2015.10.29 10:12:20.189,0.70881,0.70889,1.00,1.00
2015.10.29 10:12:27.488,0.70881,0.70889,1.12,1.37
2015.10.29 10:12:29.421,0.7088,0.70889,1.57,1.37
2015.10.29 10:12:34.568,0.70878,0.7089,4.65,1.87
2015.10.29 10:12:35.406,0.70879,0.70889,1.37,1.00
2015.10.29 10:12:35.917,0.70879,0.70889,1.50,1.37
2015.10.29 10:12:37.922,0.7088,0.70889,1.00,1.12
2015.10.29 10:12:41.456,0.7088,0.7089,1.10,1.12
2015.10.29 10:12:48.490,0.70881,0.70891,1.00,2.02
2015.10.29 10:12:48.642,0.70881,0.70891,1.00,2.02
2015.10.29 10:12:48.897,0.7088,0.70891,1.12,2.02
2015.10.29 10:12:49.405,0.7088,0.70889,1.50,1.00
2015.10.29 10:12:49.910,0.70881,0.70889,1.00,1.00
2015.10.29 10:12:50.600,0.7088,0.70889,1.00,1.00
2015.10.29 10:12:51.442,0.70879,0.70889,2.62,1.00
2015.10.29 10:12:51.955,0.7088,0.70889,1.12,1.00
2015.10.29 10:12:52.705,0.7088,0.7089,1.12,1.50
2015.10.29 10:12:53.689,0.70879,0.70889,1.87,1.12
2015.10.29 10:12:54.194,0.70879,0.70889,1.12,2.25
2015.10.29 10:12:56.502,0.70879,0.70889,1.12,1.12
2015.10.29 10:12:59.434,0.70879,0.70889,1.00,1.87
2015.10.29 10:13:00.911,0.7088,0.7089,1.00,1.87
2015.10.29 10:13:01.417,0.70879,0.70891,2.70,1.95
2015.10.29 10:13:07.563,0.7088,0.7089,1.85,1.37
2015.10.29 10:13:08.624,0.70881,0.70891,1.12,2.70
2015.10.29 10:13:14.691,0.7088,0.70891,1.20,1.20
2015.10.29 10:13:22.092,0.70879,0.70889,1.12,1.00
2015.10.29 10:13:22.344,0.7088,0.70884,1.00,1.00
2015.10.29 10:13:22.496,0.70878,0.70882,1.00,1.00
2015.10.29 10:13:22.547,0.70874,0.70882,1.75,1.00
2015.10.29 10:13:22.598,0.70874,0.70882,1.00,1.50
2015.10.29 10:13:22.800,0.7087,0.7088,1.50,1.00
2015.10.29 10:13:25.161,0.70872,0.70881,1.10,1.50
2015.10.29 10:13:26.307,0.70869,0.70878,2.62,1.00
2015.10.29 10:13:26.409,0.70869,0.70879,1.57,1.37
2015.10.29 10:13:26.915,0.70871,0.70879,1.00,1.87
2015.10.29 10:13:30.726,0.70871,0.7088,1.50,1.50
2015.10.29 10:13:32.116,0.70871,0.70881,2.32,1.50
2015.10.29 10:13:34.626,0.70871,0.70881,1.57,1.50
2015.10.29 10:13:45.214,0.7087,0.70878,1.37,1.00
2015.10.29 10:13:48.849,0.7087,0.70879,1.37,1.12
2015.10.29 10:13:54.664,0.7087,0.70879,1.50,1.00
2015.10.29 10:13:56.475,0.7087,0.7088,1.87,1.50
2015.10.29 10:14:07.145,0.7087,0.70879,1.87,1.12
2015.10.29 10:14:08.551,0.7087,0.7088,1.50,2.25
2015.10.29 10:14:09.099,0.7087,0.70879,1.50,1.12
2015.10.29 10:14:09.403,0.70868,0.70878,1.87,1.50
2015.10.29 10:14:09.927,0.70868,0.70877,1.87,1.00
2015.10.29 10:14:11.865,0.70867,0.70873,1.85,1.00
2015.10.29 10:14:12.001,0.70866,0.70874,1.27,1.00
2015.10.29 10:14:12.052,0.70866,0.70872,1.12,1.00
2015.10.29 10:14:12.306,0.7086,0.7087,3.90,1.00
2015.10.29 10:14:12.407,0.7086,0.70869,2.32,1.00
2015.10.29 10:14:13.150,0.70859,0.7087,1.95,1.12
2015.10.29 10:14:21.817,0.70861,0.70869,1.12,1.00
2015.10.29 10:14:22.120,0.70859,0.70869,1.15,2.25
2015.10.29 10:14:28.530,0.70859,0.70869,2.77,1.12
2015.10.29 10:14:29.543,0.70861,0.70869,1.00,1.00
2015.10.29 10:14:30.048,0.70861,0.7087,1.00,1.50
2015.10.29 10:14:33.027,0.70859,0.7087,2.02,1.50
2015.10.29 10:14:34.213,0.7086,0.70869,1.20,1.00
2015.10.29 10:14:34.540,0.70859,0.70869,1.12,1.37
2015.10.29 10:14:35.046,0.70858,0.70868,1.12,1.47
2015.10.29 10:14:36.818,0.70858,0.70867,1.12,1.50
2015.10.29 10:14:39.116,0.70858,0.70867,1.12,1.12
2015.10.29 10:14:39.420,0.70854,0.70863,3.07,1.12
2015.10.29 10:14:39.534,0.70854,0.70863,2.32,1.50
2015.10.29 10:14:40.727,0.70856,0.70864,1.12,1.37
2015.10.29 10:14:40.931,0.70856,0.70866,2.25,1.20
2015.10.29 10:14:41.438,0.70857,0.70868,1.87,3.45
2015.10.29 10:14:41.959,0.70857,0.70868,2.25,1.95
2015.10.29 10:14:43.578,0.70858,0.70868,1.00,1.87
2015.10.29 10:14:44.112,0.70858,0.70868,1.37,1.50
2015.10.29 10:15:00.154,0.70859,0.70869,2.32,1.50
2015.10.29 10:15:00.356,0.70859,0.70865,1.57,1.00
2015.10.29 10:15:00.528,0.70857,0.70866,1.65,1.50
2015.10.29 10:15:00.579,0.70857,0.70866,2.02,1.50
2015.10.29 10:15:00.731,0.70855,0.70866,2.25,1.87
2015.10.29 10:15:00.782,0.70855,0.70866,1.57,1.87
2015.10.29 10:15:03.020,0.70855,0.70865,2.25,1.50
2015.10.29 10:15:03.527,0.70855,0.70864,1.50,1.12
2015.10.29 10:15:06.375,0.70854,0.70864,1.20,1.12
2015.10.29 10:15:06.527,0.70854,0.70862,1.10,1.00
2015.10.29 10:15:06.831,0.70852,0.70859,1.27,1.00
2015.10.29 10:15:07.001,0.70851,0.70859,1.95,1.00
2015.10.29 10:15:07.356,0.70851,0.70861,1.12,1.87
2015.10.29 10:15:07.863,0.70852,0.70861,1.10,2.62
2015.10.29 10:15:08.441,0.70851,0.7086,1.07,1.00
2015.10.29 10:15:08.593,0.70849,0.70857,2.40,1.00
2015.10.29 10:15:08.694,0.70849,0.70857,1.20,1.00
2015.10.29 10:15:11.786,0.70849,0.70857,1.47,1.00
2015.10.29 10:15:26.352,0.70849,0.70858,1.47,1.50
2015.10.29 10:15:29.648,0.70851,0.70859,1.12,1.47
2015.10.29 10:15:29.698,0.70853,0.70861,1.00,1.95
2015.10.29 10:15:29.800,0.70853,0.70862,1.20,1.00
2015.10.29 10:15:29.851,0.70855,0.70863,1.00,1.50
2015.10.29 10:15:30.053,0.70854,0.70864,1.47,1.12
2015.10.29 10:15:30.415,0.70852,0.70862,1.57,1.00
2015.10.29 10:15:30.517,0.70852,0.70861,1.00,1.37
2015.10.29 10:15:30.770,0.70849,0.70858,1.57,1.50
2015.10.29 10:15:31.126,0.70848,0.70858,1.17,1.37
2015.10.29 10:15:33.364,0.70848,0.70857,1.65,1.00
2015.10.29 10:15:34.847,0.7085,0.7086,1.00,2.77
2015.10.29 10:15:35.152,0.70853,0.70861,1.15,1.12
2015.10.29 10:15:36.637,0.70852,0.70862,1.45,1.37
2015.10.29 10:15:37.609,0.70851,0.70861,1.95,1.37
2015.10.29 10:15:37.761,0.70851,0.70861,1.20,2.62
2015.10.29 10:15:37.960,0.70849,0.7086,1.65,1.87
2015.10.29 10:15:38.062,0.70848,0.70858,3.15,1.87
2015.10.29 10:15:40.597,0.70854,0.70859,1.00,1.37
2015.10.29 10:15:40.648,0.70856,0.7086,1.00,1.12
2015.10.29 10:15:40.751,0.70856,0.70864,1.12,1.00
2015.10.29 10:15:40.954,0.70856,0.70865,3.45,1.00
2015.10.29 10:15:41.259,0.70856,0.70866,2.62,1.00
2015.10.29 10:15:42.949,0.70856,0.70867,1.87,1.57
2015.10.29 10:15:43.487,0.70857,0.70867,1.50,1.10
2015.10.29 10:15:44.266,0.70857,0.70867,1.12,1.10
2015.10.29 10:15:45.114,0.70858,0.70867,2.85,1.00
2015.10.29 10:15:45.418,0.70868,0.70876,1.10,2.62
2015.10.29 10:15:45.469,0.70869,0.70875,1.00,1.00
2015.10.29 10:15:45.571,0.7087,0.70877,1.47,1.00
2015.10.29 10:15:45.875,0.70871,0.7088,1.07,1.87
2015.10.29 10:15:46.301,0.7087,0.70879,1.65,1.37
2015.10.29 10:15:46.958,0.70869,0.70879,1.65,1.50
2015.10.29 10:15:53.930,0.70873,0.7088,1.00,1.12
2015.10.29 10:15:54.209,0.70877,0.70887,1.12,1.27
2015.10.29 10:15:54.715,0.70877,0.70886,2.25,1.00
2015.10.29 10:15:56.425,0.70878,0.70886,1.00,1.12
2015.10.29 10:15:59.181,0.70879,0.70888,1.12,1.65
2015.10.29 10:15:59.283,0.7088,0.70889,1.87,1.00
2015.10.29 10:15:59.587,0.70884,0.70894,1.12,1.95
2015.10.29 10:15:59.689,0.70885,0.70894,1.00,1.10
2015.10.29 10:15:59.892,0.70886,0.70895,2.70,1.00
2015.10.29 10:16:00.207,0.7089,0.70898,1.07,1.00
2015.10.29 10:16:01.402,0.70888,0.70899,2.17,1.37
2015.10.29 10:16:02.274,0.70888,0.70898,1.45,1.12
2015.10.29 10:16:02.933,0.70887,0.70897,1.95,1.00
2015.10.29 10:16:03.456,0.70887,0.70897,1.27,1.00
2015.10.29 10:16:04.214,0.70889,0.70899,1.00,1.17
2015.10.29 10:16:04.560,0.7089,0.70902,1.15,1.50
2015.10.29 10:16:04.763,0.7089,0.70902,1.57,1.50
2015.10.29 10:16:05.268,0.70891,0.70902,1.45,1.50
2015.10.29 10:16:06.242,0.70891,0.70899,1.50,1.00
2015.10.29 10:16:06.817,0.7089,0.70899,1.57,1.37
2015.10.29 10:16:09.488,0.7089,0.70898,1.55,1.12
2015.10.29 10:16:14.817,0.70888,0.70898,1.95,1.12
2015.10.29 10:16:15.545,0.70888,0.70898,2.70,1.37
2015.10.29 10:16:17.455,0.70886,0.70897,2.25,1.12
2015.10.29 10:16:17.557,0.70885,0.70896,1.52,1.12
2015.10.29 10:16:18.063,0.70884,0.70896,2.62,1.37
2015.10.29 10:16:20.169,0.70884,0.70896,3.00,1.50
2015.10.29 10:16:22.488,0.70885,0.70896,1.27,1.87
2015.10.29 10:16:23.860,0.70884,0.70896,3.75,1.12
2015.10.29 10:16:24.860,0.70884,0.70894,2.70,1.12
2015.10.29 10:16:25.164,0.7088,0.7089,2.62,1.00
2015.10.29 10:16:25.714,0.7088,0.70891,6.45,1.37
2015.10.29 10:16:25.815,0.7088,0.70891,3.37,1.87
2015.10.29 10:16:27.481,0.70881,0.70892,2.62,1.87
2015.10.29 10:16:29.997,0.70883,0.70893,1.10,1.20
2015.10.29 10:16:30.250,0.70883,0.70893,1.95,1.00
2015.10.29 10:16:30.553,0.70882,0.70891,1.57,1.00
2015.10.29 10:16:30.655,0.70882,0.70891,1.20,1.37
2015.10.29 10:16:34.577,0.70881,0.70891,2.02,1.50
2015.10.29 10:16:40.209,0.70881,0.70891,2.32,1.50
2015.10.29 10:16:40.716,0.70882,0.70892,2.25,1.00
2015.10.29 10:16:41.120,0.70884,0.70895,1.95,1.12
2015.10.29 10:16:41.223,0.70886,0.70896,1.00,1.12
2015.10.29 10:16:41.443,0.70887,0.70897,1.17,1.87
2015.10.29 10:16:41.696,0.70889,0.70898,1.10,1.87
2015.10.29 10:16:42.201,0.7089,0.70899,1.20,1.87
2015.10.29 10:16:42.725,0.7089,0.709,2.02,1.50
2015.10.29 10:16:44.738,0.70889,0.70899,2.02,1.12
2015.10.29 10:16:45.231,0.70889,0.70897,1.07,1.50
2015.10.29 10:16:45.333,0.70886,0.70896,1.50,1.87
2015.10.29 10:16:45.384,0.70886,0.70896,1.00,1.87
2015.10.29 10:16:45.435,0.70884,0.70892,1.65,1.00
2015.10.29 10:16:45.772,0.70879,0.70888,1.20,1.50
2015.10.29 10:16:45.926,0.70878,0.70888,1.95,1.50
2015.10.29 10:16:47.461,0.7088,0.70888,1.50,1.00
2015.10.29 10:16:47.563,0.70882,0.70892,1.10,1.95
2015.10.29 10:16:49.769,0.7088,0.70892,2.70,1.95
2015.10.29 10:16:50.276,0.7088,0.70892,2.02,1.87
2015.10.29 10:16:51.705,0.70882,0.70892,1.95,1.50
2015.10.29 10:16:52.216,0.70882,0.70892,1.20,1.50
2015.10.29 10:16:54.645,0.70881,0.70893,1.47,1.87
2015.10.29 10:16:58.405,0.70881,0.7089,1.95,1.00
2015.10.29 10:16:58.524,0.7088,0.7089,1.55,1.87
2015.10.29 10:16:59.031,0.70879,0.7089,1.20,1.87
2015.10.29 10:16:59.935,0.70878,0.70889,2.70,1.00
2015.10.29 10:17:14.570,0.7088,0.70889,1.00,1.50
2015.10.29 10:17:30.476,0.7088,0.7089,1.37,1.87
2015.10.29 10:17:33.094,0.70881,0.7089,1.37,1.00
2015.10.29 10:17:36.459,0.70883,0.70891,1.87,1.37
2015.10.29 10:17:36.509,0.70884,0.70893,1.50,1.00
2015.10.29 10:17:36.611,0.70885,0.70895,1.37,1.07
2015.10.29 10:17:36.713,0.70886,0.70897,1.50,2.25
2015.10.29 10:17:37.218,0.70887,0.70897,1.57,1.37
2015.10.29 10:17:37.910,0.70886,0.70897,1.55,2.25
2015.10.29 10:17:39.194,0.70885,0.70896,1.45,1.50
2015.10.29 10:17:42.696,0.70885,0.70894,1.45,1.00
2015.10.29 10:17:43.001,0.7088,0.7089,1.10,1.87
2015.10.29 10:17:54.673,0.7088,0.7089,1.00,1.87
2015.10.29 10:17:56.364,0.70879,0.7089,1.37,2.62
2015.10.29 10:17:57.363,0.7088,0.7089,1.30,1.12
2015.10.29 10:18:02.823,0.70881,0.7089,1.12,1.00
2015.10.29 10:18:02.975,0.70881,0.70893,1.12,2.40
2015.10.29 10:18:10.801,0.70884,0.70893,1.12,1.37
2015.10.29 10:18:11.004,0.70886,0.70896,1.12,1.87
2015.10.29 10:18:11.525,0.70887,0.70897,1.12,1.57
2015.10.29 10:18:12.234,0.70885,0.70896,1.57,1.37
2015.10.29 10:18:12.773,0.70885,0.70894,1.20,1.00
2015.10.29 10:18:13.278,0.70885,0.70894,1.20,1.12
2015.10.29 10:18:14.688,0.70883,0.70893,2.70,1.12
2015.10.29 10:18:14.739,0.70883,0.70891,2.32,1.00
2015.10.29 10:18:14.941,0.7088,0.7089,1.57,1.87
2015.10.29 10:18:22.134,0.7088,0.7089,1.95,1.37
2015.10.29 10:18:23.160,0.70882,0.7089,1.00,1.37
2015.10.29 10:18:24.191,0.70881,0.70892,1.20,1.12
2015.10.29 10:18:25.452,0.70881,0.70892,4.20,1.37
2015.10.29 10:18:26.688,0.70881,0.70891,1.57,1.37
2015.10.29 10:18:27.695,0.70881,0.7089,1.57,1.00
2015.10.29 10:18:37.848,0.70883,0.70893,1.12,2.32
2015.10.29 10:18:38.053,0.70887,0.70895,1.12,1.10
2015.10.29 10:18:46.107,0.70885,0.70895,1.47,1.12
2015.10.29 10:18:46.885,0.70884,0.70895,1.95,2.62
2015.10.29 10:18:46.986,0.70884,0.70894,1.87,1.00
2015.10.29 10:18:47.087,0.70882,0.70892,1.65,1.87
2015.10.29 10:18:47.593,0.70881,0.70891,1.87,2.25
2015.10.29 10:18:48.123,0.70881,0.7089,1.37,1.87
2015.10.29 10:18:48.629,0.70881,0.7089,1.00,1.87
2015.10.29 10:18:50.376,0.7088,0.7089,1.50,1.12
2015.10.29 10:18:50.883,0.7088,0.70891,1.87,1.50
2015.10.29 10:18:51.578,0.70882,0.70891,1.00,1.00
2015.10.29 10:18:51.882,0.70883,0.70892,1.95,1.00
2015.10.29 10:18:52.392,0.70883,0.70893,1.95,1.00
2015.10.29 10:18:54.582,0.70883,0.70893,2.32,1.50
2015.10.29 10:18:55.087,0.70883,0.70893,1.95,1.87
2015.10.29 10:18:56.059,0.70884,0.70893,1.00,2.62
2015.10.29 10:19:04.006,0.70883,0.70893,2.32,1.87
2015.10.29 10:19:06.503,0.70883,0.70893,2.32,1.00
2015.10.29 10:19:07.983,0.70885,0.70894,1.37,1.95
2015.10.29 10:19:08.315,0.70888,0.70898,1.57,1.50
2015.10.29 10:19:08.821,0.70889,0.709,1.95,1.87
2015.10.29 10:19:09.306,0.7089,0.70901,1.87,1.95
2015.10.29 10:19:10.491,0.70891,0.709,1.12,1.00
2015.10.29 10:19:12.365,0.70892,0.709,1.00,1.50
2015.10.29 10:19:13.096,0.70891,0.709,1.12,1.50
2015.10.29 10:19:13.972,0.70891,0.70899,1.12,1.00
2015.10.29 10:19:14.628,0.70891,0.70899,1.50,1.00
2015.10.29 10:19:15.946,0.70892,0.709,1.37,1.00
2015.10.29 10:19:18.358,0.70893,0.70901,1.12,1.95
2015.10.29 10:19:18.662,0.70897,0.70905,1.00,1.00
2015.10.29 10:19:19.011,0.709,0.70909,1.37,1.50
2015.10.29 10:19:20.749,0.709,0.70908,1.37,1.00
2015.10.29 10:19:23.977,0.70897,0.70908,1.85,2.25
2015.10.29 10:19:24.028,0.70898,0.70908,1.00,2.62
2015.10.29 10:19:24.129,0.70898,0.70902,1.00,1.00
2015.10.29 10:19:24.282,0.70893,0.70901,1.12,1.00
2015.10.29 10:19:24.333,0.70893,0.70901,1.00,1.00
2015.10.29 10:19:24.835,0.7089,0.709,1.50,1.27
2015.10.29 10:19:25.349,0.7089,0.709,1.50,3.15
2015.10.29 10:19:25.880,0.70889,0.70899,1.87,1.50
2015.10.29 10:19:29.277,0.70888,0.70899,1.12,2.40
2015.10.29 10:19:30.682,0.70888,0.70899,1.87,2.77
2015.10.29 10:19:31.835,0.70888,0.70899,1.87,1.57
2015.10.29 10:19:40.336,0.70889,0.709,1.12,1.50
2015.10.29 10:19:47.958,0.7089,0.70899,1.50,1.00
2015.10.29 10:19:52.817,0.70895,0.70902,1.00,1.92
2015.10.29 10:19:52.970,0.70896,0.70904,1.00,1.12
2015.10.29 10:19:53.071,0.70898,0.70904,1.00,1.00
2015.10.29 10:19:53.173,0.70899,0.70907,1.00,1.00
2015.10.29 10:19:53.366,0.70899,0.70909,2.62,1.47
2015.10.29 10:19:53.923,0.70901,0.7091,1.37,1.57
2015.10.29 10:19:54.819,0.70901,0.70911,1.50,1.10
2015.10.29 10:19:55.626,0.70901,0.7091,1.50,1.00
2015.10.29 10:19:56.312,0.70899,0.70909,1.12,1.00
2015.10.29 10:19:56.819,0.70899,0.70908,1.12,1.10
2015.10.29 10:19:57.021,0.70897,0.70908,2.70,1.20
2015.10.29 10:19:59.397,0.70898,0.70904,1.12,1.00
2015.10.29 10:19:59.574,0.70893,0.709,1.12,1.00
2015.10.29 10:19:59.626,0.70892,0.70898,1.85,1.00
2015.10.29 10:19:59.678,0.70889,0.70898,2.77,1.00
2015.10.29 10:19:59.830,0.70889,0.70898,1.95,1.00
2015.10.29 10:20:00.830,0.70889,0.70897,1.37,1.00
2015.10.29 10:20:01.360,0.70887,0.70896,1.87,1.00
2015.10.29 10:20:01.869,0.70888,0.70898,1.37,1.00
2015.10.29 10:20:01.971,0.70888,0.709,1.87,2.40
2015.10.29 10:20:04.910,0.70889,0.70899,1.12,1.50
2015.10.29 10:20:09.203,0.70889,0.709,1.12,1.87
2015.10.29 10:20:10.528,0.70889,0.709,2.62,1.50
2015.10.29 10:20:11.056,0.70891,0.709,1.00,1.12
2015.10.29 10:20:14.480,0.70891,0.709,1.00,1.37
2015.10.29 10:20:18.214,0.70891,0.709,1.00,1.12
2015.10.29 10:20:19.282,0.70891,0.709,1.00,1.37
2015.10.29 10:20:20.283,0.70895,0.70901,1.00,1.00
2015.10.29 10:20:20.435,0.70894,0.70903,2.62,1.00
2015.10.29 10:20:20.486,0.70896,0.70903,1.12,1.00
2015.10.29 10:20:20.537,0.70896,0.70905,2.10,1.00
2015.10.29 10:20:20.689,0.70897,0.70907,1.00,1.00
2015.10.29 10:20:20.740,0.70896,0.70907,2.62,1.00
2015.10.29 10:20:21.257,0.709,0.70908,1.00,1.37
2015.10.29 10:20:22.101,0.709,0.70908,1.00,1.00
2015.10.29 10:20:22.665,0.709,0.70909,1.00,1.12
2015.10.29 10:20:30.763,0.70899,0.7091,1.12,1.95
2015.10.29 10:20:31.269,0.70899,0.7091,1.75,1.95
2015.10.29 10:20:35.220,0.709,0.7091,1.50,1.95
2015.10.29 10:20:36.263,0.709,0.7091,1.50,1.95
2015.10.29 10:20:38.538,0.709,0.7091,1.50,1.95
2015.10.29 10:20:40.881,0.709,0.7091,1.50,1.95
2015.10.29 10:20:43.159,0.709,0.70909,1.50,1.00
2015.10.29 10:20:45.068,0.70899,0.70909,1.50,1.37
2015.10.29 10:20:52.197,0.70901,0.7091,1.00,1.87
2015.10.29 10:20:52.298,0.70901,0.7091,1.12,1.12
2015.10.29 10:20:54.633,0.70901,0.7091,1.50,1.50
2015.10.29 10:21:14.718,0.70899,0.70909,3.00,1.12
2015.10.29 10:21:15.485,0.70899,0.70909,1.12,1.37
2015.10.29 10:21:17.654,0.70904,0.7091,1.00,2.25
2015.10.29 10:21:17.756,0.709,0.7091,2.62,1.37
2015.10.29 10:21:17.885,0.709,0.70909,1.75,1.12
2015.10.29 10:21:17.986,0.709,0.70909,1.00,2.62
2015.10.29 10:21:18.494,0.709,0.7091,1.50,1.87
2015.10.29 10:21:19.027,0.709,0.70909,1.87,1.87
2015.10.29 10:21:22.498,0.70899,0.70908,1.50,1.50
2015.10.29 10:21:26.694,0.70899,0.70908,1.00,2.25
2015.10.29 10:21:26.998,0.70897,0.70907,1.00,1.87
2015.10.29 10:21:27.302,0.70895,0.70906,1.87,1.87
2015.10.29 10:21:27.878,0.70893,0.70903,1.50,1.50
2015.10.29 10:21:28.182,0.7089,0.70901,2.25,1.37
2015.10.29 10:21:28.935,0.7089,0.709,2.25,1.00
2015.10.29 10:21:31.045,0.70891,0.709,1.00,1.50
2015.10.29 10:21:31.595,0.7089,0.70901,2.25,1.12
2015.10.29 10:21:32.100,0.70891,0.70901,1.00,1.12
2015.10.29 10:21:32.647,0.70891,0.70901,1.00,1.37
2015.10.29 10:21:33.684,0.70894,0.70902,1.00,1.00
2015.10.29 10:21:33.988,0.70892,0.70902,2.25,1.87
2015.10.29 10:21:34.495,0.70893,0.70902,1.10,1.87
2015.10.29 10:21:35.006,0.70893,0.70902,2.25,1.00
2015.10.29 10:21:35.410,0.70893,0.70902,1.00,1.37
2015.10.29 10:21:36.095,0.70892,0.70901,1.87,1.50
2015.10.29 10:21:36.622,0.70891,0.70901,1.00,1.87
2015.10.29 10:21:37.819,0.7089,0.709,2.62,1.00
2015.10.29 10:21:38.328,0.70891,0.709,1.00,1.00
2015.10.29 10:21:40.789,0.70892,0.709,1.00,1.00
2015.10.29 10:21:49.643,0.70891,0.70901,1.50,1.87
2015.10.29 10:21:53.284,0.70891,0.709,1.00,1.50
2015.10.29 10:21:54.270,0.70891,0.709,1.00,1.50
2015.10.29 10:21:59.315,0.7089,0.70899,1.50,1.00
2015.10.29 10:21:59.827,0.70889,0.70899,1.00,1.12
2015.10.29 10:22:05.813,0.7089,0.70899,1.00,1.12
2015.10.29 10:22:06.479,0.70891,0.70899,1.00,1.12
2015.10.29 10:22:06.682,0.70892,0.70902,1.50,1.12
2015.10.29 10:22:14.558,0.70893,0.70902,1.00,1.50
2015.10.29 10:22:15.167,0.70892,0.70902,1.12,1.00
2015.10.29 10:22:17.092,0.70893,0.70902,1.00,1.00
2015.10.29 10:22:17.415,0.70897,0.70904,1.00,1.37
2015.10.29 10:22:17.518,0.70898,0.70907,1.00,1.87
2015.10.29 10:22:17.620,0.70899,0.70908,1.00,1.87
2015.10.29 10:22:21.836,0.70899,0.70909,1.50,1.87
2015.10.29 10:22:23.869,0.709,0.70909,1.00,1.00
2015.10.29 10:22:23.920,0.70901,0.7091,1.37,1.87
2015.10.29 10:22:24.429,0.70901,0.7091,1.50,1.50
2015.10.29 10:22:31.442,0.70906,0.70911,1.00,1.37
2015.10.29 10:22:31.544,0.70906,0.70914,1.00,1.00
2015.10.29 10:22:31.596,0.70903,0.70912,1.37,1.37
2015.10.29 10:22:31.648,0.70901,0.70907,1.12,1.00
2015.10.29 10:22:31.801,0.70899,0.70907,1.00,1.87
2015.10.29 10:22:31.904,0.70897,0.70907,1.12,1.87
2015.10.29 10:22:32.361,0.70897,0.70908,1.50,1.37
2015.10.29 10:22:32.564,0.70899,0.7091,1.87,1.50
2015.10.29 10:22:33.071,0.709,0.70911,1.50,1.87
2015.10.29 10:22:33.729,0.709,0.7091,1.00,1.50
2015.10.29 10:22:34.258,0.709,0.7091,1.00,1.75
2015.10.29 10:22:35.713,0.70898,0.70907,1.87,1.00
2015.10.29 10:22:35.915,0.70898,0.70908,1.00,1.87
2015.10.29 10:22:36.422,0.709,0.70908,1.00,1.00
2015.10.29 10:22:36.954,0.709,0.70909,1.87,1.00
2015.10.29 10:22:37.740,0.709,0.70909,1.50,1.37
2015.10.29 10:22:45.100,0.70899,0.70903,1.12,1.00
2015.10.29 10:22:45.202,0.70896,0.70903,1.82,1.00
2015.10.29 10:22:45.303,0.70896,0.70902,1.00,1.12
2015.10.29 10:22:45.405,0.70891,0.70901,1.75,1.50
2015.10.29 10:22:45.508,0.7089,0.70901,2.25,1.87
2015.10.29 10:22:46.031,0.7089,0.70901,2.25,1.87
2015.10.29 10:22:47.734,0.70893,0.70901,1.00,1.87
2015.10.29 10:22:47.987,0.70887,0.70897,1.87,1.37
2015.10.29 10:22:48.088,0.70886,0.70896,1.00,1.50
2015.10.29 10:22:48.190,0.70886,0.70896,1.37,1.50
2015.10.29 10:22:48.291,0.70886,0.70895,1.00,1.37
2015.10.29 10:22:49.490,0.70885,0.70895,1.12,1.00
2015.10.29 10:22:50.024,0.70884,0.70895,2.62,1.50
2015.10.29 10:22:50.125,0.70884,0.70892,1.12,1.00
2015.10.29 10:22:50.227,0.70883,0.70892,1.87,1.12
2015.10.29 10:22:50.379,0.70881,0.70891,1.00,1.87
2015.10.29 10:22:50.886,0.70881,0.70891,1.00,1.87
2015.10.29 10:22:53.451,0.70882,0.70891,1.00,1.87
2015.10.29 10:22:54.111,0.70883,0.70893,1.00,1.87
2015.10.29 10:22:54.658,0.70884,0.70893,1.00,1.50
2015.10.29 10:22:54.709,0.70883,0.70894,2.62,1.00
2015.10.29 10:22:57.168,0.70883,0.70894,2.62,1.00
2015.10.29 10:22:59.227,0.70883,0.70893,2.62,1.00
2015.10.29 10:22:59.779,0.70882,0.70894,2.62,1.87
2015.10.29 10:23:00.507,0.70884,0.70895,1.87,1.50
2015.10.29 10:23:00.558,0.70885,0.70895,2.25,1.00
2015.10.29 10:23:00.609,0.70887,0.70897,1.12,1.37
2015.10.29 10:23:00.660,0.70888,0.70898,1.12,2.25
2015.10.29 10:23:00.712,0.70889,0.70898,1.50,1.12
2015.10.29 10:23:00.914,0.70891,0.70901,1.00,3.37
2015.10.29 10:23:01.218,0.70892,0.70903,1.50,2.25
2015.10.29 10:23:01.269,0.70894,0.70903,1.00,1.37
2015.10.29 10:23:01.458,0.70892,0.70901,1.87,1.00
2015.10.29 10:23:01.965,0.7089,0.70901,1.87,1.50
2015.10.29 10:23:02.515,0.7089,0.709,1.12,1.00
2015.10.29 10:23:03.044,0.70891,0.70901,1.00,1.87
2015.10.29 10:23:14.038,0.70891,0.709,1.00,1.37
2015.10.29 10:23:14.292,0.70889,0.70898,1.12,1.12
2015.10.29 10:23:14.797,0.70888,0.70898,1.12,1.50
2015.10.29 10:23:15.041,0.70888,0.70895,1.12,1.00
2015.10.29 10:23:15.346,0.70882,0.70891,1.37,1.00
2015.10.29 10:23:15.397,0.70882,0.70891,1.87,1.00
2015.10.29 10:23:15.920,0.70883,0.70893,1.00,1.87
2015.10.29 10:23:16.682,0.70883,0.70893,1.87,1.12
2015.10.29 10:23:17.260,0.70885,0.70893,1.00,1.00
2015.10.29 10:23:17.564,0.70888,0.70897,1.00,1.00
2015.10.29 10:23:18.070,0.70889,0.70899,1.87,1.37
2015.10.29 10:23:18.591,0.7089,0.70901,1.50,2.62
2015.10.29 10:23:19.471,0.7089,0.709,1.00,1.12
2015.10.29 10:23:20.093,0.70889,0.709,1.50,1.87
2015.10.29 10:23:20.598,0.7089,0.70899,1.12,1.00
2015.10.29 10:23:20.801,0.70891,0.709,1.37,1.00
2015.10.29 10:23:21.309,0.70892,0.70903,1.87,2.25
2015.10.29 10:23:21.815,0.70891,0.70899,1.50,1.00
2015.10.29 10:23:22.361,0.70889,0.70899,1.37,1.50
2015.10.29 10:23:24.902,0.70888,0.70897,1.12,1.00
2015.10.29 10:23:25.105,0.70888,0.70896,1.00,1.50
2015.10.29 10:23:25.206,0.70887,0.70894,1.37,1.00
2015.10.29 10:23:25.713,0.70885,0.70894,2.25,1.12
2015.10.29 10:23:25.967,0.70885,0.70895,1.12,1.50
2015.10.29 10:23:26.566,0.70885,0.70895,1.00,1.12
2015.10.29 10:23:27.377,0.70885,0.70895,1.00,1.87
2015.10.29 10:23:28.111,0.70885,0.70893,1.00,1.00
2015.10.29 10:23:28.415,0.70884,0.70891,1.00,1.00
2015.10.29 10:23:28.949,0.70882,0.7089,1.87,1.00
2015.10.29 10:23:29.051,0.70881,0.7089,1.12,1.00
2015.10.29 10:23:29.354,0.70879,0.70889,1.12,1.50
2015.10.29 10:23:29.855,0.70879,0.70889,1.12,1.87
2015.10.29 10:23:30.516,0.70879,0.70887,1.12,1.00
2015.10.29 10:23:31.043,0.70879,0.70888,1.12,1.00
2015.10.29 10:23:34.636,0.70879,0.70889,1.87,1.87
2015.10.29 10:23:35.358,0.7088,0.7089,1.12,1.87
2015.10.29 10:23:39.340,0.7088,0.70889,1.12,1.00
2015.10.29 10:23:40.473,0.7088,0.7089,1.00,1.00
2015.10.29 10:23:40.524,0.70882,0.7089,1.00,1.00
2015.10.29 10:23:40.828,0.70884,0.70894,1.50,1.37
2015.10.29 10:23:40.879,0.70884,0.70895,1.87,1.00
2015.10.29 10:23:41.393,0.70884,0.70895,1.87,1.00
2015.10.29 10:23:41.913,0.70886,0.70897,1.50,5.25
2015.10.29 10:23:41.964,0.70888,0.70897,1.00,1.87
2015.10.29 10:23:42.116,0.70888,0.70899,1.37,1.50
2015.10.29 10:23:42.658,0.70889,0.70899,1.87,1.00
2015.10.29 10:23:42.962,0.70889,0.70899,1.50,1.75
2015.10.29 10:23:45.078,0.70889,0.70895,1.00,1.00
2015.10.29 10:23:45.281,0.70886,0.70896,1.00,1.50
2015.10.29 10:23:45.806,0.70884,0.70893,1.87,1.00
2015.10.29 10:23:46.312,0.70884,0.70894,1.37,1.87
2015.10.29 10:23:46.972,0.70884,0.70893,1.87,1.00
2015.10.29 10:23:48.375,0.70884,0.70894,2.62,1.87
2015.10.29 10:23:48.476,0.70884,0.70896,3.37,1.87
2015.10.29 10:23:48.831,0.70885,0.70895,1.00,1.12
2015.10.29 10:23:49.336,0.70883,0.70895,3.00,1.50
2015.10.29 10:23:51.164,0.70884,0.70894,1.00,1.12
2015.10.29 10:23:54.613,0.70885,0.70894,1.00,1.00
2015.10.29 10:23:58.335,0.70885,0.70893,1.00,1.00
2015.10.29 10:23:59.616,0.70884,0.70893,1.00,1.37
2015.10.29 10:24:03.817,0.70884,0.70891,1.00,1.00
2015.10.29 10:24:03.998,0.70882,0.70891,1.00,1.87
2015.10.29 10:24:04.403,0.70879,0.70888,2.62,1.00
2015.10.29 10:24:04.910,0.70879,0.70889,1.00,4.87
2015.10.29 10:24:14.365,0.70879,0.70884,1.00,1.00
2015.10.29 10:24:14.618,0.70874,0.70884,1.50,1.87
2015.10.29 10:24:15.161,0.70873,0.70882,1.37,3.00
2015.10.29 10:24:15.668,0.70873,0.70882,1.00,3.00
2015.10.29 10:24:16.721,0.70876,0.70882,1.00,3.37
2015.10.29 10:24:16.924,0.70877,0.70887,1.50,1.27
2015.10.29 10:24:17.471,0.70877,0.70887,2.85,1.57
2015.10.29 10:24:18.971,0.70877,0.70887,1.50,2.32
2015.10.29 10:24:19.491,0.70878,0.70887,1.00,1.87
2015.10.29 10:24:23.672,0.70878,0.70887,1.00,3.00
2015.10.29 10:24:24.506,0.70878,0.70887,1.00,2.25
2015.10.29 10:24:25.011,0.70878,0.70887,1.00,1.87
2015.10.29 10:24:25.564,0.70878,0.70887,1.00,1.87
2015.10.29 10:24:28.000,0.70878,0.70888,1.00,3.45
2015.10.29 10:24:28.535,0.70878,0.70885,1.00,1.00
2015.10.29 10:24:28.888,0.70876,0.70884,1.50,1.47
2015.10.29 10:24:29.091,0.70876,0.70886,1.50,2.70
2015.10.29 10:24:29.615,0.70878,0.70885,1.12,1.47
2015.10.29 10:24:30.338,0.70876,0.70885,1.50,1.12
2015.10.29 10:24:30.863,0.70876,0.70885,2.25,1.17
2015.10.29 10:24:31.130,0.70878,0.70886,1.12,1.00
2015.10.29 10:24:31.635,0.70878,0.70887,1.87,1.12
2015.10.29 10:24:32.392,0.70878,0.70887,1.12,1.50
2015.10.29 10:24:32.898,0.70876,0.70885,1.87,1.12
2015.10.29 10:24:34.803,0.70876,0.70885,1.50,1.50
2015.10.29 10:24:36.052,0.70876,0.70885,1.12,2.25
2015.10.29 10:24:36.574,0.70876,0.70885,1.12,1.50
2015.10.29 10:24:37.079,0.70876,0.70885,1.12,2.25
2015.10.29 10:24:37.609,0.70876,0.70885,1.12,1.12
2015.10.29 10:24:38.204,0.70876,0.70885,1.12,1.87
2015.10.29 10:24:38.407,0.70876,0.70886,1.72,1.57
2015.10.29 10:24:38.659,0.70878,0.70886,1.00,1.87
2015.10.29 10:24:39.191,0.70877,0.70886,1.00,1.87
2015.10.29 10:24:40.448,0.70877,0.70884,1.00,1.00
2015.10.29 10:24:40.752,0.70873,0.70882,1.00,1.12
2015.10.29 10:24:40.804,0.70872,0.7088,2.62,1.00
2015.10.29 10:24:41.326,0.70872,0.70881,1.12,1.12
2015.10.29 10:24:41.837,0.70872,0.7088,1.37,1.00
2015.10.29 10:24:42.041,0.7087,0.7088,1.12,1.87
2015.10.29 10:24:42.142,0.70868,0.70878,2.62,1.87
2015.10.29 10:24:42.681,0.70867,0.70877,1.87,1.00
2015.10.29 10:24:43.238,0.70868,0.70879,1.87,1.50
2015.10.29 10:24:43.613,0.70874,0.70881,1.00,1.50
2015.10.29 10:24:43.664,0.70872,0.70881,1.12,1.37
2015.10.29 10:24:44.121,0.70869,0.7088,3.00,1.50
2015.10.29 10:24:44.647,0.70867,0.70878,3.37,1.00
2015.10.29 10:24:45.153,0.70868,0.70879,1.00,1.87
2015.10.29 10:24:45.826,0.70867,0.70878,2.62,1.00
2015.10.29 10:24:45.978,0.70867,0.70878,1.75,1.87
2015.10.29 10:24:46.814,0.70866,0.70876,1.87,1.50
2015.10.29 10:24:49.438,0.70867,0.70876,1.50,1.00
2015.10.29 10:24:50.170,0.70867,0.70878,2.62,1.12
2015.10.29 10:24:50.272,0.70868,0.70878,1.00,1.12
2015.10.29 10:24:51.154,0.70868,0.70878,3.37,1.12
2015.10.29 10:24:54.668,0.70869,0.70878,2.25,1.50
2015.10.29 10:24:59.213,0.70869,0.70879,1.50,1.12
2015.10.29 10:24:59.742,0.70869,0.70879,1.37,1.50
2015.10.29 10:25:00.284,0.70869,0.70878,1.12,1.00
2015.10.29 10:25:02.294,0.70869,0.70878,1.37,1.12
2015.10.29 10:25:03.317,0.70869,0.70878,1.12,1.50
2015.10.29 10:25:10.083,0.70869,0.70878,1.37,1.12
2015.10.29 10:25:10.588,0.70869,0.70878,1.87,1.12
2015.10.29 10:25:13.352,0.70869,0.70878,1.87,1.00
2015.10.29 10:25:13.702,0.70872,0.70882,1.12,2.32
2015.10.29 10:25:13.753,0.70872,0.70882,1.50,1.95
2015.10.29 10:25:13.804,0.70872,0.70882,2.25,1.95
2015.10.29 10:25:14.312,0.70873,0.70883,1.50,1.12
2015.10.29 10:25:14.938,0.70873,0.70884,1.50,1.50
2015.10.29 10:25:16.659,0.70872,0.7088,1.87,1.00
2015.10.29 10:25:16.862,0.70871,0.70879,1.00,1.12
2015.10.29 10:25:16.997,0.70869,0.7088,1.50,1.87
2015.10.29 10:25:17.101,0.70869,0.7088,1.50,1.87
2015.10.29 10:25:17.942,0.70869,0.7088,1.50,1.75
2015.10.29 10:25:18.731,0.70869,0.70879,1.50,1.12
2015.10.29 10:25:19.870,0.70869,0.70879,2.25,1.37
2015.10.29 10:25:23.452,0.70869,0.70879,1.12,1.87
2015.10.29 10:25:25.157,0.7087,0.70879,1.50,1.12
2015.10.29 10:25:25.660,0.70871,0.7088,1.87,1.12
2015.10.29 10:25:26.166,0.70872,0.70881,1.50,1.12
2015.10.29 10:25:26.917,0.70873,0.70883,1.37,1.12
2015.10.29 10:25:27.336,0.70873,0.70884,1.12,1.50
2015.10.29 10:25:29.675,0.70873,0.70884,2.25,1.37
2015.10.29 10:25:30.180,0.70875,0.70885,1.12,2.62
2015.10.29 10:25:30.630,0.70876,0.70885,1.37,2.25
2015.10.29 10:25:30.732,0.70876,0.70886,1.87,1.12
2015.10.29 10:25:32.537,0.70876,0.70886,1.37,1.37
2015.10.29 10:25:32.682,0.70875,0.70885,1.00,1.50
2015.10.29 10:25:32.835,0.70875,0.70884,1.00,1.37
2015.10.29 10:25:39.067,0.70875,0.70882,1.00,1.00
2015.10.29 10:25:39.169,0.70873,0.70882,1.12,1.00
2015.10.29 10:25:39.371,0.70871,0.70881,1.87,1.12
2015.10.29 10:25:42.478,0.7087,0.70881,1.87,1.50
2015.10.29 10:25:46.913,0.7087,0.70879,1.50,1.37
2015.10.29 10:25:53.567,0.7087,0.7088,1.37,1.87
2015.10.29 10:25:53.668,0.70869,0.7088,2.10,1.87
2015.10.29 10:25:54.258,0.7087,0.7088,1.50,1.50
2015.10.29 10:25:54.708,0.7087,0.7088,1.87,1.12
2015.10.29 10:26:05.522,0.7087,0.70881,1.87,1.50
2015.10.29 10:26:06.522,0.70869,0.70881,2.70,1.50
2015.10.29 10:26:07.631,0.7087,0.70882,1.50,2.25
2015.10.29 10:26:08.490,0.70874,0.70882,1.00,1.75
2015.10.29 10:26:08.614,0.70877,0.70881,1.12,1.00
2015.10.29 10:26:08.723,0.70876,0.70887,1.50,1.50
2015.10.29 10:26:09.637,0.70876,0.70886,1.87,1.12
2015.10.29 10:26:10.639,0.70877,0.70888,1.75,1.50
2015.10.29 10:26:11.597,0.70877,0.70888,1.75,1.00
2015.10.29 10:26:12.104,0.70877,0.70889,2.25,2.25
2015.10.29 10:26:17.866,0.70877,0.70887,2.25,1.00
2015.10.29 10:26:18.018,0.70879,0.70888,1.12,3.75
2015.10.29 10:26:18.119,0.70879,0.70888,1.12,1.75
2015.10.29 10:26:19.044,0.70879,0.70888,1.37,1.75
2015.10.29 10:26:20.123,0.70879,0.70888,1.12,1.75
2015.10.29 10:26:22.469,0.70879,0.70888,1.37,1.75
2015.10.29 10:26:22.941,0.70877,0.70886,1.87,1.12
2015.10.29 10:26:22.992,0.70877,0.70883,1.37,1.00
2015.10.29 10:26:23.042,0.70874,0.70883,1.47,1.00
2015.10.29 10:26:23.246,0.70872,0.70883,1.50,1.75
2015.10.29 10:26:25.038,0.70872,0.70882,1.50,1.50
2015.10.29 10:26:29.075,0.70872,0.70883,1.87,1.75
2015.10.29 10:26:34.574,0.70873,0.70882,1.37,1.50
2015.10.29 10:26:34.777,0.70874,0.70885,2.25,1.50
2015.10.29 10:26:35.080,0.70876,0.70885,1.12,1.12
2015.10.29 10:26:37.182,0.70876,0.70886,1.12,1.50
2015.10.29 10:26:38.181,0.70876,0.70887,1.87,1.75
2015.10.29 10:26:42.027,0.70877,0.70886,2.25,1.50
2015.10.29 10:26:44.706,0.70877,0.70886,3.75,1.00
2015.10.29 10:26:45.212,0.70877,0.70887,3.75,1.00
2015.10.29 10:26:45.516,0.70883,0.70892,1.12,1.87
2015.10.29 10:26:45.658,0.70885,0.70892,1.00,1.00
2015.10.29 10:26:45.715,0.70886,0.70897,1.87,1.87
2015.10.29 10:26:45.817,0.70886,0.70896,3.37,1.00
2015.10.29 10:26:45.919,0.70888,0.70898,1.87,1.50
2015.10.29 10:26:47.136,0.7089,0.70899,1.00,1.12
2015.10.29 10:26:48.049,0.7089,0.70899,1.50,1.00
2015.10.29 10:26:48.555,0.70891,0.709,1.37,1.00
2015.10.29 10:26:49.993,0.70892,0.70899,1.00,1.12
2015.10.29 10:26:50.960,0.70889,0.709,2.25,1.00
2015.10.29 10:26:51.624,0.7089,0.70899,1.37,1.00
2015.10.29 10:26:51.725,0.7089,0.70899,1.00,1.37
2015.10.29 10:26:51.827,0.70888,0.70896,1.37,1.00
2015.10.29 10:26:52.132,0.70886,0.70894,1.12,2.25
2015.10.29 10:26:52.648,0.70886,0.70894,1.37,1.12
2015.10.29 10:26:52.749,0.70886,0.70893,1.12,1.12
2015.10.29 10:26:52.902,0.70883,0.70892,1.50,1.00
2015.10.29 10:26:53.752,0.70882,0.70893,1.50,1.87
2015.10.29 10:26:54.267,0.70883,0.70893,1.87,1.00
2015.10.29 10:26:55.110,0.70884,0.70894,1.87,1.12
2015.10.29 10:26:55.415,0.70889,0.70895,1.00,1.00
2015.10.29 10:26:55.719,0.70888,0.70897,1.87,1.50
2015.10.29 10:26:56.224,0.70888,0.70898,1.12,1.50
2015.10.29 10:26:56.752,0.7089,0.70898,1.37,1.87
2015.10.29 10:26:57.006,0.7089,0.709,1.37,2.77
2015.10.29 10:26:57.813,0.7089,0.70899,1.37,1.37
2015.10.29 10:26:58.341,0.70889,0.70897,1.87,1.00
2015.10.29 10:26:58.392,0.7089,0.70897,1.00,1.87
2015.10.29 10:26:58.907,0.70888,0.70895,1.12,1.00
2015.10.29 10:26:59.666,0.70888,0.70897,1.12,1.57
2015.10.29 10:27:00.200,0.7089,0.70898,1.00,1.50
2015.10.29 10:27:00.705,0.7089,0.70898,1.37,1.00
2015.10.29 10:27:02.088,0.7089,0.709,1.37,2.62
2015.10.29 10:27:02.290,0.7089,0.709,1.37,1.50
2015.10.29 10:27:04.407,0.7089,0.70898,1.50,1.00
2015.10.29 10:27:04.712,0.70886,0.70892,1.00,1.50
2015.10.29 10:27:04.956,0.70888,0.70897,1.00,1.37
2015.10.29 10:27:05.058,0.70888,0.70897,1.12,1.00
2015.10.29 10:27:05.210,0.70888,0.70898,1.37,1.87
2015.10.29 10:27:05.514,0.70889,0.70898,1.50,1.12
2015.10.29 10:27:06.037,0.7089,0.70899,1.12,1.50
2015.10.29 10:27:07.599,0.7089,0.70899,1.12,1.12
2015.10.29 10:27:08.636,0.70891,0.70899,1.00,1.50
2015.10.29 10:27:09.378,0.70891,0.70897,1.00,1.00
2015.10.29 10:27:09.429,0.70888,0.70897,1.50,1.50
2015.10.29 10:27:09.632,0.70886,0.70894,1.37,1.00
2015.10.29 10:27:10.159,0.70883,0.70893,2.62,1.00
2015.10.29 10:27:12.206,0.70883,0.70892,2.25,1.00
2015.10.29 10:27:12.409,0.70882,0.70892,2.62,1.12
2015.10.29 10:27:12.511,0.70882,0.70889,1.12,1.00
2015.10.29 10:27:13.016,0.70879,0.70889,1.87,1.87
2015.10.29 10:27:13.559,0.70879,0.70889,1.37,1.95
2015.10.29 10:27:18.144,0.70881,0.70891,1.37,1.20
2015.10.29 10:27:18.297,0.70882,0.70892,1.87,1.12
2015.10.29 10:27:18.831,0.70883,0.70892,1.87,1.00
2015.10.29 10:27:19.389,0.70883,0.7089,1.50,1.00
2015.10.29 10:27:19.893,0.7088,0.70889,2.25,1.12
2015.10.29 10:27:20.451,0.70881,0.70889,1.00,1.12
2015.10.29 10:27:31.773,0.70878,0.70889,3.00,2.25
2015.10.29 10:27:32.806,0.70878,0.70888,1.50,1.10
2015.10.29 10:27:39.321,0.70878,0.70888,3.00,1.10
2015.10.29 10:27:52.388,0.70881,0.70891,1.37,1.12
2015.10.29 10:27:52.439,0.70881,0.70891,2.25,1.00
2015.10.29 10:27:52.745,0.70881,0.70891,1.00,1.50
2015.10.29 10:27:53.049,0.7088,0.70889,1.00,1.50
2015.10.29 10:27:53.557,0.70878,0.70888,1.87,1.12
2015.10.29 10:27:54.067,0.70878,0.70888,1.87,2.25
2015.10.29 10:27:54.580,0.70878,0.70888,1.87,1.50
2015.10.29 10:27:55.375,0.70878,0.70888,1.37,2.25
2015.10.29 10:27:55.882,0.70878,0.70888,1.37,1.50
2015.10.29 10:27:56.488,0.70878,0.70888,1.37,2.25
2015.10.29 10:27:57.021,0.70878,0.70888,1.87,1.50
2015.10.29 10:27:57.584,0.70878,0.70888,1.87,2.25
2015.10.29 10:27:58.117,0.70878,0.70888,1.87,2.25
2015.10.29 10:27:58.626,0.70878,0.70885,1.37,1.00
2015.10.29 10:27:58.778,0.70875,0.70884,1.87,1.50
2015.10.29 10:27:58.880,0.70872,0.70881,1.87,1.00
2015.10.29 10:27:59.024,0.70871,0.70879,1.87,1.00
2015.10.29 10:27:59.786,0.7087,0.70879,1.87,1.00
2015.10.29 10:28:03.112,0.7087,0.7088,1.87,1.20
2015.10.29 10:28:03.887,0.7087,0.7088,2.62,1.00
2015.10.29 10:28:08.089,0.7087,0.70881,1.87,1.87
2015.10.29 10:28:09.679,0.7087,0.70881,1.87,1.12
2015.10.29 10:28:10.660,0.70871,0.70881,1.50,1.37
2015.10.29 10:28:11.166,0.7087,0.7088,1.87,1.50
2015.10.29 10:28:11.673,0.7087,0.7088,1.75,1.50
2015.10.29 10:28:12.190,0.7087,0.7088,1.75,1.50
2015.10.29 10:28:15.003,0.70873,0.70882,1.00,2.77
2015.10.29 10:28:15.155,0.70872,0.70882,3.00,1.12
2015.10.29 10:28:15.307,0.70874,0.70885,1.50,1.95
2015.10.29 10:28:15.813,0.70874,0.70885,1.87,1.50
2015.10.29 10:28:16.353,0.70874,0.70885,1.87,2.25
2015.10.29 10:28:16.669,0.70876,0.70886,1.12,1.95
2015.10.29 10:28:16.720,0.70876,0.70886,1.50,1.95
2015.10.29 10:28:17.175,0.70878,0.70888,1.37,1.00
2015.10.29 10:28:17.699,0.7088,0.7089,1.00,1.50
2015.10.29 10:28:18.685,0.70879,0.70889,1.37,1.87
2015.10.29 10:28:19.428,0.70879,0.70889,1.87,2.62
2015.10.29 10:28:19.611,0.7088,0.70889,1.37,2.62
2015.10.29 10:28:20.133,0.7088,0.70889,1.37,1.50
2015.10.29 10:28:28.253,0.70879,0.70888,3.37,1.00
2015.10.29 10:28:30.643,0.70879,0.70888,2.62,1.37
2015.10.29 10:28:31.157,0.70879,0.7089,1.50,1.75
2015.10.29 10:28:31.713,0.70879,0.7089,1.87,1.87
2015.10.29 10:28:34.611,0.70878,0.70889,3.22,1.50
2015.10.29 10:28:37.268,0.70878,0.70889,2.25,1.87
2015.10.29 10:28:37.989,0.70879,0.70889,1.37,1.50
2015.10.29 10:28:43.059,0.70881,0.7089,1.30,1.10
2015.10.29 10:28:43.211,0.70882,0.70891,1.87,1.95
2015.10.29 10:28:43.312,0.70882,0.70889,1.00,1.00
2015.10.29 10:28:43.824,0.70878,0.70889,3.00,1.12
2015.10.29 10:28:46.136,0.70878,0.70889,3.00,1.12
2015.10.29 10:28:47.178,0.70879,0.70889,2.25,1.00
2015.10.29 10:28:50.102,0.70878,0.70889,3.37,1.12
2015.10.29 10:28:54.572,0.7088,0.70889,1.00,1.37
2015.10.29 10:29:00.544,0.70881,0.7089,1.00,2.02
2015.10.29 10:29:01.049,0.70881,0.7089,2.25,1.95
2015.10.29 10:29:01.556,0.70881,0.70891,1.50,1.87
2015.10.29 10:29:14.502,0.70881,0.7089,1.00,1.50
2015.10.29 10:29:15.008,0.70879,0.70889,1.37,1.50
2015.10.29 10:29:16.717,0.70881,0.70889,1.00,2.25
2015.10.29 10:29:18.355,0.70881,0.70889,1.00,1.12
2015.10.29 10:29:18.959,0.70881,0.70889,1.50,1.12
2015.10.29 10:29:19.314,0.70883,0.70891,3.00,1.10
2015.10.29 10:29:21.536,0.70882,0.70893,3.75,2.25
2015.10.29 10:29:27.085,0.70884,0.70894,1.12,1.87
2015.10.29 10:29:27.288,0.70886,0.70894,1.00,1.00
2015.10.29 10:29:27.610,0.70888,0.70897,1.12,1.50
2015.10.29 10:29:27.863,0.70889,0.70898,1.37,1.00
2015.10.29 10:29:28.268,0.70889,0.709,1.87,1.95
2015.10.29 10:29:28.369,0.7089,0.70901,2.25,1.57
2015.10.29 10:29:29.137,0.70891,0.70901,1.87,1.57
2015.10.29 10:29:30.083,0.70891,0.70898,1.37,1.00
2015.10.29 10:29:30.135,0.70891,0.709,1.37,1.12
2015.10.29 10:29:30.187,0.7089,0.70897,1.12,1.00
2015.10.29 10:29:30.289,0.70889,0.70897,1.37,1.00
2015.10.29 10:29:30.593,0.70887,0.70894,1.87,1.00
2015.10.29 10:29:30.685,0.70888,0.70893,1.00,1.00
2015.10.29 10:29:30.891,0.70885,0.70894,1.30,1.95
2015.10.29 10:29:30.993,0.70885,0.70893,1.72,1.20
2015.10.29 10:29:31.521,0.70881,0.70891,1.12,1.00
2015.10.29 10:29:32.183,0.70882,0.70892,1.50,1.10
2015.10.29 10:29:32.681,0.70882,0.7089,2.62,1.37
2015.10.29 10:29:33.187,0.70882,0.70891,2.25,1.87
2015.10.29 10:29:33.779,0.70882,0.7089,2.62,1.37
2015.10.29 10:29:34.286,0.70882,0.70891,2.25,1.87
2015.10.29 10:29:34.763,0.70882,0.70889,1.00,1.37
2015.10.29 10:29:35.017,0.7088,0.70888,1.50,1.50
2015.10.29 10:29:35.991,0.7088,0.70888,1.00,1.00
2015.10.29 10:29:36.497,0.7088,0.70888,1.00,1.50
2015.10.29 10:29:37.079,0.7088,0.70888,1.00,1.00
2015.10.29 10:29:38.856,0.7088,0.70888,1.00,1.50
2015.10.29 10:29:40.296,0.7088,0.70888,1.00,1.00
2015.10.29 10:29:40.852,0.7088,0.70888,1.00,1.50
2015.10.29 10:29:41.448,0.7088,0.70888,1.00,1.00
2015.10.29 10:29:41.916,0.70883,0.70888,1.12,1.50
2015.10.29 10:29:42.017,0.70882,0.70891,1.37,1.65
2015.10.29 10:29:42.169,0.70885,0.70893,1.00,2.40
2015.10.29 10:29:42.322,0.70885,0.70894,1.12,1.50
2015.10.29 10:29:43.053,0.70885,0.70894,1.12,2.25
2015.10.29 10:29:43.677,0.70885,0.70894,1.87,1.00
2015.10.29 10:29:44.931,0.70885,0.70894,1.87,1.00
2015.10.29 10:29:45.635,0.70885,0.70896,1.50,1.95
2015.10.29 10:29:46.436,0.70888,0.70895,1.12,1.00
2015.10.29 10:29:46.742,0.7089,0.70898,1.00,1.00
2015.10.29 10:29:47.597,0.70891,0.70898,1.00,1.00
2015.10.29 10:29:47.901,0.70892,0.70902,1.37,2.25
2015.10.29 10:29:48.054,0.70893,0.70901,1.00,1.00
2015.10.29 10:29:48.581,0.70891,0.70902,1.87,2.25
2015.10.29 10:29:48.885,0.70889,0.70898,1.87,1.12
2015.10.29 10:29:48.936,0.7089,0.70898,1.00,1.12
2015.10.29 10:29:49.239,0.70888,0.70897,1.12,3.00
2015.10.29 10:29:49.771,0.70888,0.70896,1.12,1.37
2015.10.29 10:29:49.923,0.70888,0.70897,1.12,1.50
2015.10.29 10:29:50.227,0.70891,0.70899,1.12,1.87
2015.10.29 10:29:50.778,0.70892,0.70898,1.00,1.37
2015.10.29 10:29:51.285,0.70891,0.70899,1.50,1.50
2015.10.29 10:29:51.954,0.70891,0.70898,1.00,1.37
2015.10.29 10:29:52.464,0.70891,0.70899,1.00,1.50
2015.10.29 10:29:53.020,0.70891,0.70899,1.00,1.00
2015.10.29 10:29:54.142,0.70891,0.70899,1.50,1.37
2015.10.29 10:29:54.929,0.70891,0.709,1.50,1.87
2015.10.29 10:29:55.471,0.70891,0.70899,1.50,1.37
2015.10.29 10:29:55.978,0.70891,0.709,1.50,1.37
2015.10.29 10:29:56.526,0.70891,0.709,1.50,1.37
2015.10.29 10:29:57.638,0.70891,0.70901,1.50,1.50
2015.10.29 10:29:58.179,0.70891,0.70901,1.87,1.00
2015.10.29 10:30:00.350,0.7089,0.70901,1.87,1.12
2015.10.29 10:30:00.857,0.70892,0.70901,1.50,1.12
2015.10.29 10:30:02.513,0.70892,0.70901,1.12,1.00
2015.10.29 10:30:02.665,0.70892,0.70899,1.12,1.00
2015.10.29 10:30:03.070,0.70889,0.70899,1.12,1.87
2015.10.29 10:30:03.689,0.70889,0.70897,1.00,1.00
2015.10.29 10:30:03.992,0.70883,0.70893,3.37,1.12
2015.10.29 10:30:04.684,0.70883,0.70892,3.37,1.00
2015.10.29 10:30:05.189,0.70883,0.70894,2.62,1.37
2015.10.29 10:30:09.201,0.70883,0.70892,1.50,1.00
2015.10.29 10:30:09.378,0.70882,0.70892,1.00,1.75
2015.10.29 10:30:10.267,0.70879,0.70891,3.37,1.50
2015.10.29 10:30:10.607,0.7088,0.70889,1.50,1.50
2015.10.29 10:30:13.016,0.70879,0.7089,1.37,2.25
2015.10.29 10:30:14.609,0.70879,0.7089,1.50,1.50
2015.10.29 10:30:15.174,0.70879,0.7089,1.50,1.50
2015.10.29 10:30:18.618,0.70881,0.7089,2.25,1.37
2015.10.29 10:30:19.023,0.70882,0.70891,1.37,1.00
2015.10.29 10:30:23.125,0.70884,0.70891,1.37,1.00
2015.10.29 10:30:23.432,0.70888,0.70897,1.87,1.50
2015.10.29 10:30:23.888,0.70888,0.70898,2.25,1.12
2015.10.29 10:30:24.428,0.70888,0.70897,1.37,1.00
2015.10.29 10:30:29.665,0.70887,0.70897,1.87,1.50
2015.10.29 10:30:29.818,0.70887,0.70897,1.50,4.12
2015.10.29 10:30:30.131,0.70884,0.70893,1.87,1.00
2015.10.29 10:30:30.233,0.70884,0.70892,1.00,1.12
2015.10.29 10:30:30.335,0.70882,0.70891,1.00,1.12
2015.10.29 10:30:30.690,0.7088,0.7089,1.87,1.00
2015.10.29 10:30:30.959,0.7088,0.7089,1.87,1.00
2015.10.29 10:30:34.604,0.7088,0.7089,1.12,1.50
2015.10.29 10:30:35.120,0.70881,0.7089,1.00,1.50
2015.10.29 10:30:35.425,0.7088,0.70887,1.00,1.00
2015.10.29 10:30:35.678,0.70875,0.70885,3.00,1.12
2015.10.29 10:30:36.114,0.70877,0.70888,2.25,1.87
2015.10.29 10:30:36.638,0.70879,0.70887,1.00,1.00
2015.10.29 10:30:37.225,0.70879,0.70888,1.00,1.00
2015.10.29 10:30:37.749,0.70879,0.70888,1.37,1.00
2015.10.29 10:30:38.355,0.70879,0.70889,1.37,1.50
2015.10.29 10:30:38.666,0.70881,0.7089,1.50,1.12
2015.10.29 10:30:40.618,0.70881,0.70889,1.87,1.00
2015.10.29 10:30:41.242,0.70881,0.7089,1.87,1.12
2015.10.29 10:30:42.400,0.70881,0.70891,2.62,1.50
2015.10.29 10:30:43.728,0.70881,0.70889,1.87,1.00
2015.10.29 10:30:44.231,0.70879,0.70888,1.37,1.37
2015.10.29 10:30:46.053,0.7088,0.70889,1.00,1.37
2015.10.29 10:30:50.332,0.70878,0.70887,2.62,1.00
2015.10.29 10:30:50.434,0.70878,0.70886,1.00,1.00
2015.10.29 10:30:50.790,0.70875,0.70884,1.75,1.12
2015.10.29 10:30:51.199,0.70877,0.70883,1.00,1.87
2015.10.29 10:30:51.452,0.70875,0.70882,1.00,1.00
2015.10.29 10:30:51.554,0.70875,0.70884,1.50,1.00
2015.10.29 10:30:52.088,0.70875,0.70884,1.87,2.62
2015.10.29 10:30:53.720,0.70876,0.70883,1.00,1.50
2015.10.29 10:30:59.559,0.70877,0.70881,1.00,1.00
2015.10.29 10:30:59.987,0.70875,0.7088,1.00,3.00
2015.10.29 10:31:00.410,0.70872,0.7088,1.00,3.00
2015.10.29 10:31:00.666,0.70876,0.7088,1.00,3.75
2015.10.29 10:31:00.891,0.70871,0.7088,1.50,3.75
2015.10.29 10:31:03.271,0.7087,0.70879,2.62,1.00
2015.10.29 10:31:03.781,0.7087,0.7088,2.62,1.00
2015.10.29 10:31:07.622,0.7087,0.70878,1.87,1.00
2015.10.29 10:31:07.724,0.70869,0.70878,1.00,1.50
2015.10.29 10:31:08.252,0.70867,0.70877,1.37,1.37
2015.10.29 10:31:11.183,0.70866,0.70877,4.12,1.00
2015.10.29 10:31:11.883,0.70867,0.70878,1.50,1.50
2015.10.29 10:31:12.389,0.70868,0.70877,1.12,1.00
2015.10.29 10:31:14.499,0.70868,0.70877,1.50,1.00
2015.10.29 10:31:22.338,0.70869,0.70878,1.87,1.12
2015.10.29 10:31:31.111,0.70869,0.70874,1.50,1.00
2015.10.29 10:31:31.162,0.70869,0.70876,1.00,1.00
2015.10.29 10:31:31.264,0.70867,0.70876,2.62,2.10
2015.10.29 10:31:31.416,0.70867,0.70875,1.00,2.10
2015.10.29 10:31:31.586,0.70865,0.70875,4.12,1.00
2015.10.29 10:31:31.688,0.70867,0.70877,1.00,1.87
2015.10.29 10:31:32.193,0.70868,0.70877,1.87,1.00
2015.10.29 10:31:32.617,0.70868,0.70879,2.62,1.37
2015.10.29 10:31:36.538,0.70872,0.70881,1.12,1.75
2015.10.29 10:31:36.590,0.70872,0.70882,1.50,1.75
2015.10.29 10:31:36.640,0.70873,0.70881,1.37,1.50
2015.10.29 10:31:36.792,0.7087,0.7088,1.20,1.00
2015.10.29 10:31:37.198,0.7087,0.70879,2.32,1.12
2015.10.29 10:31:39.328,0.7087,0.70878,1.00,1.00
2015.10.29 10:31:42.653,0.7087,0.70877,1.00,1.00
2015.10.29 10:31:43.159,0.70868,0.70876,1.37,1.00
2015.10.29 10:31:43.511,0.70868,0.70877,1.00,1.50
2015.10.29 10:31:46.548,0.70873,0.70879,1.00,1.75
2015.10.29 10:31:46.599,0.70873,0.70878,1.00,1.00
2015.10.29 10:31:46.751,0.70872,0.70881,1.00,1.12
2015.10.29 10:31:46.852,0.70872,0.70879,1.00,1.00
2015.10.29 10:31:46.954,0.7087,0.70879,1.87,1.12
2015.10.29 10:31:47.480,0.70869,0.70879,1.37,1.00
2015.10.29 10:31:47.684,0.70869,0.70878,1.12,1.12
2015.10.29 10:31:49.844,0.70869,0.70877,1.12,1.00
2015.10.29 10:31:50.350,0.70867,0.70877,1.50,1.37
2015.10.29 10:31:50.897,0.70867,0.70876,1.12,1.87
2015.10.29 10:31:53.767,0.70866,0.70876,1.00,1.87
2015.10.29 10:31:54.617,0.70865,0.70876,1.87,1.12
2015.10.29 10:32:00.419,0.70867,0.70876,1.87,1.00
2015.10.29 10:32:00.572,0.70867,0.70878,2.25,1.12
2015.10.29 10:32:00.825,0.7087,0.70877,1.00,1.00
2015.10.29 10:32:01.350,0.7087,0.70878,1.00,1.00
2015.10.29 10:32:13.937,0.7087,0.70879,1.00,1.12
2015.10.29 10:32:14.256,0.70871,0.70882,1.87,1.50
2015.10.29 10:32:14.660,0.70871,0.70881,1.87,1.00
2015.10.29 10:32:15.064,0.70871,0.70879,1.87,1.00
2015.10.29 10:32:15.598,0.70869,0.70879,2.62,1.00
2015.10.29 10:32:16.105,0.70869,0.70879,1.37,1.37
2015.10.29 10:32:20.559,0.70869,0.70876,1.00,1.00
2015.10.29 10:32:20.660,0.70867,0.70877,1.12,1.50
2015.10.29 10:32:21.165,0.70867,0.70876,1.12,1.00
2015.10.29 10:32:22.530,0.70866,0.70877,2.62,1.50
2015.10.29 10:32:23.291,0.70868,0.70878,1.00,3.45
2015.10.29 10:32:23.840,0.70869,0.70879,1.00,2.25
2015.10.29 10:32:24.473,0.70869,0.70879,1.00,1.87
2015.10.29 10:32:27.835,0.70868,0.70877,1.87,1.00
2015.10.29 10:32:36.440,0.70869,0.70879,1.00,2.25
2015.10.29 10:32:36.743,0.70868,0.70879,1.87,1.12
2015.10.29 10:32:38.106,0.70868,0.70879,2.62,1.50
2015.10.29 10:32:40.131,0.70868,0.70879,2.25,1.12
2015.10.29 10:32:40.677,0.70869,0.70878,1.50,1.00
2015.10.29 10:32:41.221,0.70869,0.70878,1.50,1.00
2015.10.29 10:32:44.654,0.70868,0.70879,1.87,2.25
2015.10.29 10:32:46.485,0.70868,0.70879,1.87,2.25
2015.10.29 10:32:47.025,0.70868,0.70879,3.00,2.25
2015.10.29 10:32:49.186,0.70868,0.70878,1.87,1.00
2015.10.29 10:32:49.691,0.70868,0.70878,2.25,1.00
2015.10.29 10:32:53.639,0.70868,0.70876,1.50,1.00
2015.10.29 10:32:54.166,0.70868,0.70878,1.50,1.12
2015.10.29 10:32:54.217,0.70868,0.70876,1.50,1.00
2015.10.29 10:32:54.740,0.70868,0.70876,1.50,1.00
2015.10.29 10:32:58.051,0.70868,0.70872,1.50,1.00
2015.10.29 10:32:58.153,0.70866,0.70872,1.50,1.00
2015.10.29 10:32:58.354,0.70863,0.7087,2.62,1.00
2015.10.29 10:32:58.557,0.70859,0.70868,2.70,1.12
2015.10.29 10:32:59.981,0.70858,0.70868,2.25,1.87
2015.10.29 10:33:01.266,0.70858,0.70867,2.62,1.00
2015.10.29 10:33:01.368,0.70858,0.70867,2.62,1.00
2015.10.29 10:33:04.891,0.70859,0.70868,1.37,1.00
2015.10.29 10:33:05.732,0.70864,0.70871,1.00,1.87
2015.10.29 10:33:05.884,0.70865,0.70875,1.00,2.32
2015.10.29 10:33:05.935,0.70866,0.70875,1.37,1.87
2015.10.29 10:33:05.986,0.70866,0.70875,1.87,1.00
2015.10.29 10:33:06.496,0.70867,0.70877,1.87,1.37
2015.10.29 10:33:07.003,0.70867,0.70877,1.87,1.00
2015.10.29 10:33:08.033,0.70867,0.70878,1.87,2.25
2015.10.29 10:33:08.574,0.70869,0.70878,1.87,1.00
2015.10.29 10:33:09.083,0.70869,0.70878,2.25,1.00
2015.10.29 10:33:10.148,0.70868,0.7088,3.37,1.50
2015.10.29 10:33:13.429,0.70872,0.70881,1.00,2.62
2015.10.29 10:33:13.480,0.7087,0.70881,1.50,1.87
2015.10.29 10:33:13.531,0.70872,0.7088,1.00,1.12
2015.10.29 10:33:13.702,0.70874,0.70884,1.00,1.50
2015.10.29 10:33:14.221,0.70875,0.70885,1.00,2.62
2015.10.29 10:33:14.322,0.70875,0.70881,1.00,1.00
2015.10.29 10:33:14.525,0.7087,0.70881,3.37,1.12
2015.10.29 10:33:14.627,0.70871,0.70879,1.00,1.00
2015.10.29 10:33:15.141,0.7087,0.70879,1.00,1.50
2015.10.29 10:33:15.647,0.70869,0.70877,1.00,1.12
2015.10.29 10:33:17.435,0.70868,0.70872,1.00,1.00
2015.10.29 10:33:17.487,0.70865,0.70871,1.95,1.00
2015.10.29 10:33:17.589,0.70863,0.7087,1.20,1.12
2015.10.29 10:33:17.690,0.70861,0.7087,1.00,1.37
2015.10.29 10:33:17.994,0.70863,0.70873,1.00,2.62
2015.10.29 10:33:18.045,0.70863,0.70872,1.00,1.12
2015.10.29 10:33:18.197,0.70864,0.70873,1.37,1.12
2015.10.29 10:33:18.672,0.70862,0.70871,1.12,1.00
2015.10.29 10:33:18.723,0.70861,0.70869,1.50,1.00
2015.10.29 10:33:18.824,0.7086,0.70869,2.25,1.00
2015.10.29 10:33:19.943,0.7086,0.70869,1.50,1.00
2015.10.29 10:33:23.106,0.7086,0.7087,1.50,1.50
2015.10.29 10:33:23.615,0.7086,0.7087,1.12,1.12
2015.10.29 10:33:24.281,0.7086,0.7087,1.50,1.50
2015.10.29 10:33:25.376,0.70859,0.7087,1.50,1.12
2015.10.29 10:33:38.124,0.70861,0.7087,1.00,1.50
2015.10.29 10:33:38.175,0.70861,0.7087,2.25,1.00
2015.10.29 10:33:38.882,0.70861,0.70872,2.25,1.50
2015.10.29 10:33:39.236,0.70863,0.70873,1.00,2.25
2015.10.29 10:33:39.365,0.70863,0.70873,1.50,1.50
2015.10.29 10:33:39.772,0.70865,0.70875,1.50,1.00
2015.10.29 10:33:39.874,0.70865,0.70877,2.62,1.75
2015.10.29 10:33:40.418,0.70867,0.70877,1.37,1.50
2015.10.29 10:33:44.280,0.70868,0.70877,1.00,1.00
2015.10.29 10:33:45.610,0.70868,0.70878,1.00,1.12
2015.10.29 10:33:46.116,0.70867,0.70877,1.50,1.00
2015.10.29 10:33:46.452,0.70867,0.70877,1.00,1.12
2015.10.29 10:33:52.497,0.70865,0.70872,2.25,1.00
2015.10.29 10:33:52.599,0.70863,0.70871,1.00,1.00
2015.10.29 10:33:52.801,0.7086,0.70871,2.25,1.50
2015.10.29 10:33:53.328,0.7086,0.70871,1.50,1.87
2015.10.29 10:33:54.576,0.7086,0.70871,1.87,1.50
2015.10.29 10:33:55.375,0.7086,0.70871,1.50,1.50
2015.10.29 10:33:56.481,0.7086,0.7087,1.00,1.87
2015.10.29 10:33:56.583,0.7086,0.70868,1.00,1.00
2015.10.29 10:33:57.871,0.7086,0.7087,1.00,2.25
2015.10.29 10:34:03.789,0.7086,0.7087,1.87,1.87
2015.10.29 10:34:03.941,0.70861,0.70872,2.25,1.00
2015.10.29 10:34:04.396,0.70861,0.70871,2.25,1.87
2015.10.29 10:34:04.936,0.7086,0.70869,1.37,1.12
2015.10.29 10:34:05.442,0.7086,0.70869,1.12,1.12
2015.10.29 10:34:06.528,0.7086,0.70869,1.87,1.00
2015.10.29 10:34:08.830,0.7086,0.70869,1.00,1.12
2015.10.29 10:34:10.032,0.7086,0.70869,1.37,1.12
2015.10.29 10:34:13.126,0.70862,0.70871,1.00,2.25
2015.10.29 10:34:13.554,0.70863,0.70874,1.75,1.12
2015.10.29 10:34:13.707,0.70866,0.70875,1.00,1.00
2015.10.29 10:34:14.243,0.70866,0.70876,1.50,1.12
2015.10.29 10:34:14.782,0.70866,0.70876,1.12,1.50
2015.10.29 10:34:14.934,0.70866,0.70878,1.87,3.00
2015.10.29 10:34:15.439,0.70868,0.70878,1.12,1.50
2015.10.29 10:34:16.154,0.70867,0.70878,1.75,2.25
2015.10.29 10:34:20.070,0.7087,0.70878,1.00,1.12
2015.10.29 10:34:20.576,0.7087,0.70879,1.37,1.50
2015.10.29 10:34:20.880,0.70871,0.70881,1.50,1.87
2015.10.29 10:34:20.931,0.70871,0.70881,2.62,1.50
2015.10.29 10:34:21.387,0.70873,0.70879,1.00,1.00
2015.10.29 10:34:21.658,0.70869,0.70879,1.87,1.00
2015.10.29 10:34:22.164,0.70868,0.70879,4.12,1.37
2015.10.29 10:34:23.554,0.70868,0.70877,1.37,1.00
2015.10.29 10:34:24.060,0.70868,0.70878,2.62,1.12
2015.10.29 10:34:34.668,0.70868,0.70878,2.62,1.87
2015.10.29 10:34:41.616,0.70872,0.70878,1.00,1.12
2015.10.29 10:34:41.667,0.70869,0.70878,1.12,1.12
2015.10.29 10:34:41.718,0.70878,0.70883,1.00,10.57
2015.10.29 10:34:41.972,0.70885,0.70889,1.00,1.00
2015.10.29 10:34:42.181,0.70885,0.70896,1.87,1.75
2015.10.29 10:34:42.283,0.70885,0.70897,1.12,2.25
2015.10.29 10:34:42.334,0.70888,0.70896,1.00,1.50
2015.10.29 10:34:42.845,0.70887,0.70897,1.35,2.40
2015.10.29 10:34:43.410,0.70885,0.70896,3.00,2.25
2015.10.29 10:34:43.917,0.70888,0.70898,1.12,1.87
2015.10.29 10:34:44.020,0.70888,0.70898,1.37,1.87
2015.10.29 10:34:48.425,0.70887,0.70892,1.50,1.00
2015.10.29 10:34:48.476,0.70886,0.70893,1.37,1.87
2015.10.29 10:34:48.577,0.70881,0.7089,2.77,1.00
2015.10.29 10:34:48.680,0.70881,0.70891,2.25,1.12
2015.10.29 10:34:48.832,0.70883,0.70892,1.37,1.37
2015.10.29 10:34:48.984,0.70885,0.70894,1.50,1.50
2015.10.29 10:34:49.502,0.70887,0.70897,1.00,2.25
2015.10.29 10:34:49.959,0.70888,0.70896,1.37,1.12
2015.10.29 10:34:50.364,0.70893,0.70899,1.00,1.75
2015.10.29 10:34:50.689,0.70895,0.70904,1.50,1.57
2015.10.29 10:34:50.791,0.70896,0.70904,1.00,2.25
2015.10.29 10:34:50.892,0.70895,0.70907,1.75,1.50
2015.10.29 10:34:51.095,0.70896,0.70905,1.00,1.00
2015.10.29 10:34:52.293,0.70894,0.70903,1.87,1.00
2015.10.29 10:34:52.825,0.70893,0.70903,3.75,1.00
2015.10.29 10:34:53.180,0.70893,0.709,1.50,1.00
2015.10.29 10:34:53.332,0.70889,0.709,2.25,1.75
2015.10.29 10:34:53.435,0.70888,0.70898,3.00,1.50
2015.10.29 10:34:54.611,0.70888,0.70897,2.62,1.00
2015.10.29 10:34:56.371,0.70889,0.70898,1.00,1.12
2015.10.29 10:34:56.422,0.70892,0.70898,1.00,1.00
2015.10.29 10:34:56.754,0.70903,0.70909,1.00,1.12
2015.10.29 10:34:56.805,0.70901,0.70909,1.00,1.00
2015.10.29 10:34:56.907,0.70904,0.70911,1.00,1.37
2015.10.29 10:34:56.958,0.70904,0.70912,1.12,1.00
2015.10.29 10:34:57.009,0.70903,0.70913,1.97,1.50
2015.10.29 10:34:57.111,0.70904,0.70914,1.35,1.00
2015.10.29 10:34:57.617,0.70906,0.70915,1.00,1.12
2015.10.29 10:34:57.668,0.70906,0.70913,1.00,1.00
2015.10.29 10:34:57.996,0.70903,0.70912,2.62,1.00
2015.10.29 10:34:58.148,0.70902,0.70908,1.37,1.00
2015.10.29 10:34:58.655,0.70901,0.7091,1.37,1.50
2015.10.29 10:34:59.326,0.70901,0.7091,1.87,1.12
2015.10.29 10:34:59.796,0.70904,0.70913,1.00,2.25
2015.10.29 10:35:00.102,0.7091,0.70917,1.12,1.12
2015.10.29 10:35:00.204,0.7091,0.70919,1.95,1.37
2015.10.29 10:35:00.255,0.7091,0.70919,3.07,1.00
2015.10.29 10:35:00.792,0.70917,0.70921,1.00,1.12
2015.10.29 10:35:00.945,0.70917,0.70923,1.00,1.00
2015.10.29 10:35:01.148,0.70918,0.70925,1.12,1.00
2015.10.29 10:35:01.437,0.70918,0.70927,2.62,1.00
2015.10.29 10:35:01.539,0.70918,0.70929,2.62,1.50
2015.10.29 10:35:02.045,0.70918,0.70924,1.87,1.35
2015.10.29 10:35:02.245,0.70915,0.70923,1.37,1.42
2015.10.29 10:35:02.501,0.70912,0.70922,1.50,1.00
2015.10.29 10:35:02.704,0.70911,0.7092,1.37,1.12
2015.10.29 10:35:02.806,0.7091,0.7092,1.50,2.10
2015.10.29 10:35:02.857,0.7091,0.7092,1.50,2.47
2015.10.29 10:35:03.188,0.70913,0.70922,1.87,1.00
2015.10.29 10:35:03.704,0.7091,0.7092,3.37,1.12
2015.10.29 10:35:03.755,0.7091,0.70919,3.37,1.00
2015.10.29 10:35:04.131,0.70908,0.70918,1.12,1.50
2015.10.29 10:35:04.732,0.70908,0.70917,1.12,1.00
2015.10.29 10:35:04.834,0.70906,0.70915,2.25,1.50
2015.10.29 10:35:05.368,0.70905,0.70914,2.25,1.12
2015.10.29 10:35:05.953,0.70905,0.70915,3.00,1.00
2015.10.29 10:35:06.281,0.70908,0.70917,2.85,2.40
2015.10.29 10:35:06.383,0.70914,0.70919,1.00,1.12
2015.10.29 10:35:06.434,0.70914,0.70922,1.12,1.75
2015.10.29 10:35:06.485,0.70913,0.70921,1.50,1.00
2015.10.29 10:35:06.587,0.70915,0.70923,1.12,1.12
2015.10.29 10:35:06.638,0.70915,0.70924,1.37,1.50
2015.10.29 10:35:06.790,0.70915,0.70926,2.25,2.32
2015.10.29 10:35:06.920,0.70918,0.70926,1.00,1.57
2015.10.29 10:35:09.762,0.70915,0.70926,1.87,1.50
2015.10.29 10:35:09.813,0.70915,0.70926,1.87,1.50
2015.10.29 10:35:10.390,0.70915,0.70922,1.50,1.00
2015.10.29 10:35:10.491,0.70914,0.70921,1.12,1.00
2015.10.29 10:35:10.542,0.70911,0.7092,1.37,1.37
2015.10.29 10:35:10.593,0.70911,0.7092,1.00,1.37
2015.10.29 10:35:11.117,0.70909,0.70919,1.12,1.50
2015.10.29 10:35:12.878,0.70908,0.70919,2.25,1.75
2015.10.29 10:35:13.406,0.70908,0.70919,2.25,1.87
2015.10.29 10:35:16.947,0.70912,0.70919,1.00,1.12
2015.10.29 10:35:17.101,0.70914,0.70925,1.72,1.95
2015.10.29 10:35:17.304,0.70915,0.70925,1.50,1.12
2015.10.29 10:35:17.827,0.70915,0.70924,1.50,1.00
2015.10.29 10:35:19.699,0.70915,0.70926,1.72,1.87
2015.10.29 10:35:19.750,0.70915,0.70924,2.47,1.00
2015.10.29 10:35:20.559,0.70915,0.70926,2.47,1.87
2015.10.29 10:35:20.610,0.70915,0.70924,3.22,1.00
2015.10.29 10:35:21.129,0.70916,0.70925,1.12,1.00
2015.10.29 10:35:21.644,0.70917,0.70926,1.00,1.12
2015.10.29 10:35:25.567,0.70917,0.70926,1.00,1.50
2015.10.29 10:35:26.093,0.70915,0.70925,1.50,1.50
2015.10.29 10:35:26.619,0.70915,0.70925,2.25,1.50
2015.10.29 10:35:27.592,0.70917,0.70926,1.37,1.87
2015.10.29 10:35:27.694,0.70918,0.70927,2.10,1.12
2015.10.29 10:35:29.433,0.70923,0.70928,1.00,1.37
2015.10.29 10:35:29.535,0.70925,0.7093,1.60,1.00
2015.10.29 10:35:29.636,0.70927,0.70934,1.60,1.00
2015.10.29 10:35:29.738,0.70929,0.70937,1.00,1.50
2015.10.29 10:35:29.940,0.70929,0.70938,2.10,1.00
2015.10.29 10:35:30.607,0.70929,0.70939,1.37,1.12
2015.10.29 10:35:30.967,0.70928,0.70937,1.75,1.00
2015.10.29 10:35:31.018,0.70928,0.70937,1.50,1.00
2015.10.29 10:35:31.485,0.70927,0.70936,1.00,2.25
2015.10.29 10:35:32.162,0.70925,0.70936,1.87,1.87
2015.10.29 10:35:32.807,0.70925,0.70936,1.37,1.87
2015.10.29 10:35:33.111,0.70927,0.70937,1.87,1.50
2015.10.29 10:35:33.621,0.70927,0.70938,2.25,2.25
2015.10.29 10:35:33.947,0.70927,0.70938,2.62,2.25
2015.10.29 10:35:34.659,0.70927,0.70938,2.62,1.87
2015.10.29 10:35:37.639,0.70932,0.70938,1.00,1.00
2015.10.29 10:35:37.869,0.70935,0.70944,1.00,1.12
2015.10.29 10:35:38.022,0.70937,0.70947,1.00,1.87
2015.10.29 10:35:38.325,0.70935,0.70946,1.50,1.75
2015.10.29 10:35:38.803,0.70935,0.70942,1.87,1.00
2015.10.29 10:35:38.955,0.70932,0.70941,1.00,1.00
2015.10.29 10:35:39.208,0.7093,0.7094,1.12,1.50
2015.10.29 10:35:39.259,0.7093,0.7094,1.00,1.50
2015.10.29 10:35:40.435,0.70928,0.70938,1.72,1.50
2015.10.29 10:35:40.742,0.7093,0.7094,1.12,1.87
2015.10.29 10:35:41.148,0.70933,0.70941,1.00,1.50
2015.10.29 10:35:41.249,0.70932,0.70943,2.62,1.52
2015.10.29 10:35:42.278,0.70934,0.70944,1.50,1.37
2015.10.29 10:35:42.824,0.70934,0.70942,1.50,1.00
2015.10.29 10:35:42.978,0.70933,0.70942,1.12,1.12
2015.10.29 10:35:43.485,0.70932,0.70941,1.00,1.87
2015.10.29 10:35:43.859,0.7093,0.70939,1.12,1.00
2015.10.29 10:35:44.415,0.70931,0.70939,1.00,1.00
2015.10.29 10:35:44.770,0.70933,0.70939,1.60,1.00
2015.10.29 10:35:44.874,0.70934,0.70943,2.10,1.95
2015.10.29 10:35:45.101,0.70936,0.70946,1.00,1.95
2015.10.29 10:35:45.152,0.70936,0.70944,1.00,1.50
2015.10.29 10:35:45.557,0.70936,0.70945,1.87,1.50
2015.10.29 10:35:46.087,0.70937,0.70945,1.00,1.50
2015.10.29 10:35:46.694,0.70936,0.70945,1.00,1.50
2015.10.29 10:35:47.392,0.70936,0.70942,1.00,1.00
2015.10.29 10:35:47.493,0.70933,0.7094,1.87,1.00
2015.10.29 10:35:47.544,0.70931,0.7094,1.95,1.00
2015.10.29 10:35:47.646,0.7093,0.70939,1.50,1.12
2015.10.29 10:35:48.208,0.70928,0.70939,3.00,1.50
2015.10.29 10:35:48.512,0.7093,0.70939,2.47,1.50
2015.10.29 10:35:48.714,0.70935,0.70944,1.35,1.95
2015.10.29 10:35:48.816,0.70934,0.70943,3.00,1.20
2015.10.29 10:35:49.358,0.70935,0.70946,3.22,1.50
2015.10.29 10:35:50.183,0.70936,0.70946,1.50,1.50
2015.10.29 10:35:56.642,0.70938,0.70948,1.00,1.87
2015.10.29 10:35:56.693,0.70938,0.70948,1.12,1.57
2015.10.29 10:35:58.434,0.70939,0.70949,1.00,1.95
2015.10.29 10:35:58.536,0.70941,0.70949,1.00,2.70
2015.10.29 10:35:59.043,0.7094,0.70948,1.12,1.10
2015.10.29 10:35:59.348,0.70942,0.70949,1.00,2.25
2015.10.29 10:35:59.400,0.70939,0.70949,1.87,1.50
2015.10.29 10:35:59.514,0.70942,0.70949,1.00,1.12
2015.10.29 10:35:59.616,0.70941,0.70949,1.12,1.00
2015.10.29 10:35:59.668,0.70943,0.70951,1.00,1.50
2015.10.29 10:35:59.719,0.70943,0.70951,1.00,1.50
2015.10.29 10:36:00.022,0.70943,0.70952,1.00,1.87
2015.10.29 10:36:00.453,0.70941,0.70952,1.12,1.87
2015.10.29 10:36:00.961,0.7094,0.70949,2.25,1.37
2015.10.29 10:36:01.337,0.70939,0.70949,1.87,1.75
2015.10.29 10:36:11.789,0.70938,0.70946,1.37,3.22
2015.10.29 10:36:11.840,0.70938,0.70945,1.00,2.10
2015.10.29 10:36:11.941,0.70936,0.70941,1.00,1.00
2015.10.29 10:36:12.144,0.7093,0.7094,1.00,1.50
2015.10.29 10:36:12.346,0.70929,0.70939,1.87,1.87
2015.10.29 10:36:12.884,0.7093,0.70939,1.00,1.87
2015.10.29 10:36:13.389,0.7093,0.70939,1.12,1.12
2015.10.29 10:36:14.593,0.70929,0.70939,1.50,1.37
2015.10.29 10:36:15.062,0.70934,0.70938,1.00,1.00
2015.10.29 10:36:15.164,0.70934,0.7094,1.35,1.37
2015.10.29 10:36:15.318,0.70932,0.70942,1.00,2.62
2015.10.29 10:36:15.369,0.70931,0.70941,1.87,2.25
2015.10.29 10:36:15.471,0.7093,0.7094,1.00,1.50
2015.10.29 10:36:15.573,0.7093,0.7094,1.00,2.70
2015.10.29 10:36:16.446,0.70929,0.70939,1.50,1.20
2015.10.29 10:36:16.952,0.70929,0.7094,1.50,2.62
2015.10.29 10:36:17.756,0.70933,0.7094,1.00,1.87
2015.10.29 10:36:17.858,0.70935,0.7094,1.00,1.00
2015.10.29 10:36:17.909,0.70933,0.70942,1.50,1.65
2015.10.29 10:36:17.960,0.70933,0.70942,1.87,1.95
2015.10.29 10:36:18.061,0.70936,0.70942,1.00,1.50
2015.10.29 10:36:18.366,0.70937,0.70948,1.50,3.00
2015.10.29 10:36:19.377,0.70938,0.70947,1.00,1.12
2015.10.29 10:36:20.308,0.70939,0.70948,1.00,2.25
2015.10.29 10:36:25.670,0.70939,0.70948,1.50,1.75
2015.10.29 10:36:32.727,0.70937,0.70947,1.87,1.50
2015.10.29 10:36:32.778,0.70937,0.70944,1.00,1.60
2015.10.29 10:36:32.931,0.70931,0.70942,3.37,1.72
2015.10.29 10:36:32.982,0.70931,0.70941,1.12,1.12
2015.10.29 10:36:33.032,0.70935,0.70942,1.00,1.87
2015.10.29 10:36:33.185,0.70936,0.70942,1.00,1.10
2015.10.29 10:36:33.388,0.70935,0.70946,2.62,2.70
2015.10.29 10:36:33.934,0.70937,0.70946,1.12,1.50
2015.10.29 10:36:34.592,0.70937,0.70946,1.12,1.50
2015.10.29 10:36:37.132,0.70938,0.70946,1.00,1.50
2015.10.29 10:36:37.537,0.70938,0.70948,2.25,1.50
2015.10.29 10:36:37.639,0.70939,0.70949,1.87,1.12
2015.10.29 10:36:37.942,0.70947,0.70953,1.00,1.10
2015.10.29 10:36:38.226,0.70949,0.70958,1.00,1.00
2015.10.29 10:36:38.429,0.70949,0.70958,1.50,1.00
2015.10.29 10:36:38.530,0.70949,0.70958,1.00,1.12
2015.10.29 10:36:38.733,0.70949,0.70958,1.00,2.25
2015.10.29 10:36:39.269,0.70949,0.70957,1.12,1.12
2015.10.29 10:36:39.624,0.70953,0.70958,1.00,2.62
2015.10.29 10:36:39.928,0.70957,0.70962,1.00,1.37
2015.10.29 10:36:40.029,0.70957,0.70964,1.00,1.50
2015.10.29 10:36:40.080,0.70959,0.70965,1.00,1.37
2015.10.29 10:36:40.210,0.70957,0.70967,2.25,2.62
2015.10.29 10:36:40.261,0.70961,0.70967,1.00,1.50
2015.10.29 10:36:40.774,0.7096,0.70969,1.00,1.50
2015.10.29 10:36:41.280,0.70959,0.70969,1.12,1.50
2015.10.29 10:36:42.176,0.7096,0.70969,1.00,1.12
2015.10.29 10:36:42.503,0.70959,0.70967,1.00,1.00
2015.10.29 10:36:42.809,0.70956,0.70965,1.00,1.87
2015.10.29 10:36:43.113,0.70953,0.70962,1.50,1.87
2015.10.29 10:36:43.549,0.70956,0.70963,1.00,1.12
2015.10.29 10:36:43.853,0.70958,0.70966,1.00,1.00
2015.10.29 10:36:44.384,0.70958,0.70968,2.10,2.62
2015.10.29 10:36:45.134,0.70958,0.70968,1.87,2.70
2015.10.29 10:36:46.064,0.70958,0.70968,1.37,1.95
2015.10.29 10:36:46.115,0.70957,0.70967,1.12,1.00
2015.10.29 10:36:46.368,0.70957,0.70966,1.00,2.25
2015.10.29 10:36:46.877,0.70955,0.70964,1.37,1.12
2015.10.29 10:36:48.058,0.70954,0.70962,1.12,1.00
2015.10.29 10:36:48.598,0.70953,0.70962,2.47,1.00
2015.10.29 10:36:49.104,0.70953,0.70963,2.47,1.50
2015.10.29 10:36:50.381,0.70953,0.70962,1.72,1.00
2015.10.29 10:36:50.534,0.70951,0.70962,2.25,2.25
2015.10.29 10:36:50.585,0.70951,0.70962,2.25,2.62
2015.10.29 10:36:52.375,0.7095,0.70959,2.62,1.00
2015.10.29 10:36:52.880,0.7095,0.7096,1.72,2.62
2015.10.29 10:36:53.184,0.7095,0.70959,1.35,1.87
2015.10.29 10:36:53.758,0.7095,0.70959,1.60,1.87
2015.10.29 10:36:56.145,0.7095,0.70959,1.35,1.87
2015.10.29 10:36:56.469,0.7095,0.70959,1.60,1.87
2015.10.29 10:36:56.520,0.7095,0.70958,1.35,1.12
2015.10.29 10:36:56.571,0.7095,0.70958,2.85,1.12
2015.10.29 10:36:56.824,0.70951,0.70961,2.47,1.50
2015.10.29 10:37:00.582,0.70951,0.70961,1.30,1.50
2015.10.29 10:37:01.850,0.70953,0.70962,1.00,2.25
2015.10.29 10:37:02.103,0.70957,0.70967,1.50,2.62
2015.10.29 10:37:02.154,0.70957,0.70967,1.87,2.25
2015.10.29 10:37:02.795,0.70958,0.70967,2.10,1.12
2015.10.29 10:37:03.098,0.70958,0.70967,2.47,1.00
2015.10.29 10:37:03.301,0.70958,0.70967,1.50,1.37
2015.10.29 10:37:05.090,0.70957,0.70966,1.50,1.12
2015.10.29 10:37:05.293,0.70957,0.70966,1.12,1.50
2015.10.29 10:37:06.348,0.70957,0.70966,1.50,1.12
2015.10.29 10:37:06.501,0.70956,0.70965,1.50,1.37
2015.10.29 10:37:08.011,0.70956,0.70966,1.87,1.87
2015.10.29 10:37:09.823,0.70955,0.70965,1.50,1.12
2015.10.29 10:37:10.026,0.70955,0.70965,1.50,1.00
2015.10.29 10:37:10.207,0.70955,0.70966,1.50,1.12
2015.10.29 10:37:11.631,0.70955,0.70964,1.12,2.62
2015.10.29 10:37:12.137,0.70954,0.70963,1.00,1.12
2015.10.29 10:37:13.230,0.70953,0.70962,1.12,1.00
2015.10.29 10:37:13.731,0.70953,0.70961,1.12,1.00
2015.10.29 10:37:14.035,0.70954,0.70963,1.72,1.87
2015.10.29 10:37:14.540,0.70954,0.70963,1.12,1.87
2015.10.29 10:37:14.876,0.70956,0.70965,1.00,1.85
2015.10.29 10:37:14.927,0.70956,0.70965,1.87,1.00
2015.10.29 10:37:15.130,0.70959,0.70968,1.12,1.87
2015.10.29 10:37:15.638,0.70959,0.7097,2.25,1.95
2015.10.29 10:37:16.222,0.70959,0.7097,1.50,1.95
2015.10.29 10:37:16.729,0.7096,0.7097,1.00,2.62
2015.10.29 10:37:17.259,0.70959,0.7097,1.00,3.00
2015.10.29 10:37:17.964,0.70964,0.7097,1.00,1.50
2015.10.29 10:37:18.066,0.70965,0.70972,1.35,1.57
2015.10.29 10:37:18.167,0.70967,0.70976,1.00,1.75
2015.10.29 10:37:18.269,0.70968,0.70977,1.00,1.12
2015.10.29 10:37:18.370,0.70967,0.70977,1.50,1.50
2015.10.29 10:37:18.472,0.70969,0.70977,1.00,1.50
2015.10.29 10:37:18.959,0.70967,0.70977,1.50,1.87
2015.10.29 10:37:19.465,0.70968,0.70977,1.00,1.57
2015.10.29 10:37:19.997,0.7097,0.70977,1.00,1.10
2015.10.29 10:37:20.453,0.70968,0.70978,1.50,2.77
2015.10.29 10:37:20.554,0.7097,0.70979,2.10,3.45
2015.10.29 10:37:20.706,0.70969,0.70979,4.72,1.87
2015.10.29 10:37:21.242,0.70972,0.70979,1.72,1.12
2015.10.29 10:37:21.748,0.70972,0.70981,1.12,1.50
2015.10.29 10:37:21.799,0.70973,0.70982,1.60,1.87
2015.10.29 10:37:21.850,0.70975,0.70984,1.87,1.65
2015.10.29 10:37:21.975,0.70979,0.70986,1.00,2.25
2015.10.29 10:37:22.026,0.70979,0.70986,1.00,1.00
2015.10.29 10:37:22.381,0.7098,0.70989,1.12,1.50
2015.10.29 10:37:22.484,0.7098,0.70991,2.25,1.50
2015.10.29 10:37:22.899,0.70983,0.70991,1.00,1.00
2015.10.29 10:37:23.405,0.70982,0.7099,1.00,1.12
2015.10.29 10:37:23.938,0.7098,0.70989,1.37,1.12
2015.10.29 10:37:24.242,0.70974,0.70983,1.20,1.00
2015.10.29 10:37:24.546,0.70987,0.70993,2.10,1.50
2015.10.29 10:37:24.597,0.70986,0.70991,2.10,1.12
2015.10.29 10:37:24.699,0.70985,0.70992,1.00,1.12
2015.10.29 10:37:24.749,0.70987,0.70992,1.00,1.50
2015.10.29 10:37:25.000,0.70982,0.7099,1.00,1.50
2015.10.29 10:37:25.102,0.70982,0.70988,1.00,1.00
2015.10.29 10:37:25.204,0.7098,0.70988,1.12,1.00
2015.10.29 10:37:25.710,0.7098,0.70988,1.37,1.00
2015.10.29 10:37:26.233,0.7098,0.70988,1.00,1.00
2015.10.29 10:37:26.335,0.7098,0.70984,1.00,1.00
2015.10.29 10:37:26.386,0.7098,0.70985,1.00,1.00
2015.10.29 10:37:26.437,0.70979,0.70983,1.00,1.00
2015.10.29 10:37:26.487,0.70976,0.70983,1.00,1.00
2015.10.29 10:37:26.640,0.70973,0.7098,1.00,1.00
2015.10.29 10:37:26.793,0.70971,0.70979,1.00,1.12
2015.10.29 10:37:27.013,0.70969,0.70975,1.50,1.00
2015.10.29 10:37:27.216,0.70965,0.70973,1.00,1.82
2015.10.29 10:37:27.268,0.70967,0.70974,1.00,2.62
2015.10.29 10:37:27.420,0.70967,0.70976,1.50,1.12
2015.10.29 10:37:27.940,0.70967,0.70975,1.12,1.00
2015.10.29 10:37:29.839,0.70967,0.70972,1.12,1.00
2015.10.29 10:37:29.991,0.70962,0.7097,1.75,1.00
2015.10.29 10:37:30.104,0.70962,0.7097,1.12,1.12
2015.10.29 10:37:30.206,0.70962,0.70968,1.00,1.00
2015.10.29 10:37:30.409,0.70959,0.70968,3.22,1.00
2015.10.29 10:37:31.547,0.70961,0.70968,1.00,1.00
2015.10.29 10:37:32.782,0.7096,0.70968,1.12,1.00
2015.10.29 10:37:34.093,0.70959,0.70968,1.50,1.00
2015.10.29 10:37:34.599,0.70958,0.70968,1.50,1.12
2015.10.29 10:37:35.127,0.70959,0.70968,1.00,1.50
2015.10.29 10:37:38.017,0.70959,0.70966,1.00,1.00
2015.10.29 10:37:38.566,0.70958,0.70966,1.50,1.00
2015.10.29 10:37:39.716,0.70959,0.70966,1.00,1.00
2015.10.29 10:37:40.221,0.70958,0.70966,1.00,1.00
2015.10.29 10:37:40.851,0.70959,0.70969,1.00,1.37
2015.10.29 10:37:40.902,0.70961,0.7097,1.12,1.50
2015.10.29 10:37:40.954,0.70961,0.7097,1.12,1.50
2015.10.29 10:37:41.055,0.70966,0.7097,1.35,1.00
2015.10.29 10:37:41.157,0.70968,0.70974,1.60,2.25
2015.10.29 10:37:41.410,0.70966,0.70971,1.50,1.00
2015.10.29 10:37:41.461,0.70966,0.7097,1.00,1.00
2015.10.29 10:37:41.565,0.70961,0.7097,3.37,1.00
2015.10.29 10:37:41.666,0.70965,0.70971,1.00,1.00
2015.10.29 10:37:42.211,0.70965,0.70972,1.00,1.00
2015.10.29 10:37:44.189,0.70965,0.70973,1.00,1.12
2015.10.29 10:37:45.027,0.70966,0.70974,2.85,1.00
2015.10.29 10:37:45.786,0.70968,0.70977,1.60,2.70
2015.10.29 10:37:47.298,0.70968,0.70977,1.00,2.25
2015.10.29 10:37:47.641,0.70966,0.7097,1.50,1.00
2015.10.29 10:37:47.743,0.70961,0.70971,2.62,1.00
2015.10.29 10:37:47.794,0.70961,0.70969,2.25,1.00
2015.10.29 10:37:47.845,0.70961,0.70969,2.25,1.00
2015.10.29 10:37:48.249,0.70961,0.70967,1.12,1.00
2015.10.29 10:37:48.691,0.70962,0.7097,1.00,2.25
2015.10.29 10:37:48.743,0.70964,0.7097,1.00,1.37
2015.10.29 10:37:49.249,0.70963,0.70969,1.12,1.87
2015.10.29 10:37:49.401,0.7096,0.70969,1.87,1.87
2015.10.29 10:37:49.521,0.70962,0.70967,1.00,1.00
2015.10.29 10:37:49.875,0.70964,0.70969,1.35,1.12
2015.10.29 10:37:50.077,0.70968,0.70974,1.00,1.12
2015.10.29 10:37:51.350,0.70967,0.70972,1.12,1.00
2015.10.29 10:37:51.653,0.70965,0.7097,1.00,1.00
2015.10.29 10:37:51.704,0.70963,0.7097,1.00,1.00
2015.10.29 10:37:51.969,0.70961,0.70969,1.00,1.50
2015.10.29 10:37:52.474,0.70961,0.70969,1.50,1.00
2015.10.29 10:37:54.053,0.70963,0.7097,1.60,1.00
2015.10.29 10:37:54.205,0.70966,0.70973,1.00,1.20
2015.10.29 10:37:54.497,0.70968,0.70975,1.00,1.87
2015.10.29 10:37:55.003,0.70969,0.70975,1.12,1.00
2015.10.29 10:37:55.509,0.70967,0.70975,1.00,1.00
2015.10.29 10:37:56.642,0.70969,0.70975,1.00,1.00
2015.10.29 10:37:56.693,0.70969,0.70977,1.00,1.87
2015.10.29 10:37:58.396,0.70969,0.70976,1.00,1.00
2015.10.29 10:38:00.497,0.70969,0.70977,1.00,2.25
2015.10.29 10:38:00.589,0.70968,0.70972,1.35,1.00
2015.10.29 10:38:00.640,0.70969,0.70974,1.00,1.50
2015.10.29 10:38:00.691,0.70965,0.70973,1.75,1.00
2015.10.29 10:38:00.844,0.70964,0.70972,1.00,1.00
2015.10.29 10:38:00.996,0.70966,0.70974,1.00,1.87
2015.10.29 10:38:01.047,0.70966,0.70974,1.00,1.00
2015.10.29 10:38:01.199,0.70967,0.70972,1.30,1.00
2015.10.29 10:38:01.453,0.70962,0.70969,1.00,1.00
2015.10.29 10:38:04.814,0.70962,0.7097,1.50,1.00
2015.10.29 10:38:05.320,0.70961,0.70969,1.12,1.00
2015.10.29 10:38:05.371,0.70965,0.70971,1.00,1.37
2015.10.29 10:38:05.598,0.70967,0.70976,1.35,1.75
2015.10.29 10:38:05.649,0.70968,0.70976,1.00,1.37
2015.10.29 10:38:05.852,0.7097,0.70976,1.00,1.00
2015.10.29 10:38:06.360,0.70971,0.70979,1.12,1.50
2015.10.29 10:38:06.989,0.70971,0.70978,1.00,1.00
2015.10.29 10:38:07.495,0.7097,0.70978,1.50,1.12
2015.10.29 10:38:10.540,0.7097,0.70974,1.50,1.00
2015.10.29 10:38:10.692,0.70967,0.70975,1.00,1.50
2015.10.29 10:38:10.743,0.70967,0.70975,1.12,1.00
2015.10.29 10:38:10.845,0.70965,0.70976,2.32,2.62
2015.10.29 10:38:10.946,0.70968,0.70975,1.00,1.00
2015.10.29 10:38:11.048,0.70969,0.70978,1.00,1.50
2015.10.29 10:38:11.150,0.7097,0.70979,1.00,2.25
2015.10.29 10:38:11.671,0.7097,0.70978,1.00,1.00
2015.10.29 10:38:12.077,0.7097,0.70979,2.25,1.87
2015.10.29 10:38:12.279,0.7097,0.70979,1.50,1.12
2015.10.29 10:38:12.786,0.70971,0.70979,1.87,1.00
2015.10.29 10:38:13.314,0.70971,0.7098,2.62,1.12
2015.10.29 10:38:13.819,0.70974,0.70982,1.00,1.00
2015.10.29 10:38:14.173,0.70977,0.70984,1.00,1.50
2015.10.29 10:38:14.500,0.70982,0.7099,1.37,1.12
2015.10.29 10:38:16.923,0.70982,0.70992,2.25,1.37
2015.10.29 10:38:17.186,0.70981,0.7099,1.00,1.50
2015.10.29 10:38:17.692,0.70981,0.70991,1.87,1.50
2015.10.29 10:38:20.794,0.70986,0.70991,1.35,1.00
2015.10.29 10:38:20.946,0.70985,0.70993,2.47,1.12
2015.10.29 10:38:20.997,0.70985,0.70993,2.85,1.87
2015.10.29 10:38:21.101,0.70985,0.70994,1.12,1.50
2015.10.29 10:38:21.153,0.70984,0.70992,1.87,1.00
2015.10.29 10:38:21.458,0.70979,0.70986,1.00,1.87
2015.10.29 10:38:21.509,0.70977,0.70986,1.50,1.12
2015.10.29 10:38:22.063,0.70978,0.70988,1.87,1.37
2015.10.29 10:38:22.164,0.70981,0.70989,1.12,1.00
2015.10.29 10:38:22.822,0.70981,0.70989,1.12,1.50
2015.10.29 10:38:23.357,0.70981,0.70989,1.12,1.12
2015.10.29 10:38:28.719,0.70982,0.70991,1.87,1.37
2015.10.29 10:38:28.770,0.70982,0.70992,1.87,3.00
2015.10.29 10:38:28.821,0.70983,0.70992,1.37,2.25
2015.10.29 10:38:29.607,0.70987,0.70994,1.00,2.62
2015.10.29 10:38:29.657,0.70987,0.70994,1.00,1.12
2015.10.29 10:38:29.708,0.70989,0.70993,1.00,1.00
2015.10.29 10:38:30.012,0.70989,0.70995,2.25,1.00
2015.10.29 10:38:30.442,0.70989,0.70994,1.00,1.50
2015.10.29 10:38:30.543,0.70987,0.70993,1.50,1.00
2015.10.29 10:38:30.594,0.70987,0.70993,1.12,1.00
2015.10.29 10:38:30.696,0.70986,0.70993,1.12,1.00
2015.10.29 10:38:30.950,0.70988,0.70993,1.00,1.00
2015.10.29 10:38:31.468,0.70988,0.70994,1.12,1.00
2015.10.29 10:38:31.722,0.70989,0.70996,1.12,1.00
2015.10.29 10:38:31.773,0.70989,0.70998,1.50,2.25
2015.10.29 10:38:31.824,0.70989,0.70998,2.25,1.12
2015.10.29 10:38:32.027,0.70989,0.70998,2.25,1.00
2015.10.29 10:38:32.245,0.70991,0.70998,1.00,1.00
2015.10.29 10:38:33.019,0.70989,0.71,2.62,2.62
2015.10.29 10:38:35.551,0.70991,0.71,1.00,3.37
2015.10.29 10:38:36.097,0.70991,0.71,1.12,1.50
2015.10.29 10:38:37.058,0.7099,0.71,1.12,2.62
2015.10.29 10:38:37.605,0.7099,0.71,1.37,1.50
2015.10.29 10:38:38.619,0.70993,0.70999,1.00,1.00
2015.10.29 10:38:38.872,0.70996,0.71004,1.00,1.37
2015.10.29 10:38:39.125,0.70998,0.71005,1.00,1.00
2015.10.29 10:38:39.354,0.70999,0.71009,1.50,2.25
2015.10.29 10:38:39.860,0.71,0.71009,1.37,1.20
2015.10.29 10:38:40.475,0.71001,0.71009,2.62,1.57
2015.10.29 10:38:40.994,0.71002,0.71009,1.00,1.57
2015.10.29 10:38:41.298,0.71007,0.71013,1.00,1.20
2015.10.29 10:38:41.475,0.71011,0.71018,1.00,1.37
2015.10.29 10:38:41.526,0.71012,0.7102,1.12,1.37
2015.10.29 10:38:42.134,0.7101,0.71018,1.12,1.00
2015.10.29 10:38:42.184,0.71012,0.71016,1.00,1.00
2015.10.29 10:38:42.286,0.71012,0.71021,1.00,1.87
2015.10.29 10:38:42.337,0.71012,0.71021,1.00,1.87
2015.10.29 10:38:42.692,0.7101,0.71021,2.25,1.50
2015.10.29 10:38:43.147,0.7101,0.71019,1.87,1.37
2015.10.29 10:38:43.450,0.71012,0.7102,1.87,1.37
2015.10.29 10:38:43.630,0.71013,0.71021,1.30,1.37
2015.10.29 10:38:44.035,0.71011,0.71019,1.37,1.50
2015.10.29 10:38:44.238,0.7101,0.71019,1.87,1.37
2015.10.29 10:38:44.750,0.7101,0.71019,1.72,1.00
2015.10.29 10:38:45.278,0.7101,0.71019,1.72,1.00
2015.10.29 10:38:45.632,0.71015,0.71021,1.00,1.65
2015.10.29 10:38:45.855,0.71017,0.71026,1.00,1.75
2015.10.29 10:38:45.958,0.71017,0.71026,1.37,1.95
2015.10.29 10:38:46.474,0.71018,0.71027,1.12,1.87
2015.10.29 10:38:46.985,0.71018,0.71027,1.12,1.00
2015.10.29 10:38:47.497,0.71019,0.71027,1.00,1.12
2015.10.29 10:38:48.003,0.71018,0.71027,1.87,1.00
2015.10.29 10:38:48.491,0.7102,0.71027,1.00,1.50
2015.10.29 10:38:48.896,0.71021,0.7103,1.00,1.45
2015.10.29 10:38:49.424,0.71021,0.7103,1.12,1.12
2015.10.29 10:38:49.947,0.7102,0.71029,1.00,1.50
2015.10.29 10:38:50.453,0.71021,0.71029,1.12,1.00
2015.10.29 10:38:50.894,0.71018,0.71028,1.12,1.50
2015.10.29 10:38:50.945,0.71018,0.71028,1.12,1.50
2015.10.29 10:38:51.249,0.71016,0.71027,1.12,1.87
2015.10.29 10:38:52.760,0.71016,0.71026,1.12,1.37
2015.10.29 10:38:53.463,0.71014,0.71024,1.12,1.00
2015.10.29 10:38:53.969,0.71013,0.71021,1.00,1.00
2015.10.29 10:38:54.071,0.71011,0.7102,1.12,1.12
2015.10.29 10:38:54.291,0.71009,0.71019,2.25,1.37
2015.10.29 10:38:54.816,0.71009,0.71018,1.12,1.00
2015.10.29 10:38:55.282,0.71009,0.71016,1.12,1.00
2015.10.29 10:38:55.598,0.7101,0.71018,2.10,1.00
2015.10.29 10:38:55.700,0.71013,0.71022,2.62,1.00
2015.10.29 10:38:55.801,0.71014,0.71027,2.10,1.87
2015.10.29 10:38:56.315,0.71015,0.71028,1.12,1.87
2015.10.29 10:38:57.141,0.71015,0.71024,2.25,1.00
2015.10.29 10:38:57.243,0.71015,0.71021,1.00,1.00
2015.10.29 10:38:57.617,0.71015,0.71022,2.47,1.00
2015.10.29 10:38:57.769,0.71015,0.71025,3.22,1.37
2015.10.29 10:38:57.921,0.71015,0.71026,2.99,1.50
2015.10.29 10:38:58.023,0.71015,0.71025,1.12,1.50
2015.10.29 10:38:58.973,0.71015,0.71025,1.00,1.00
2015.10.29 10:38:59.336,0.71015,0.71022,1.00,1.00
2015.10.29 10:38:59.538,0.71009,0.7102,2.62,1.37
2015.10.29 10:38:59.640,0.71009,0.7102,2.25,1.37
2015.10.29 10:39:00.552,0.7101,0.71019,1.00,1.12
2015.10.29 10:39:01.138,0.71009,0.71021,1.50,1.87
2015.10.29 10:39:01.852,0.71009,0.71019,1.50,1.00
2015.10.29 10:39:02.610,0.7101,0.71019,1.37,1.00
2015.10.29 10:39:04.860,0.71009,0.7102,1.87,2.25
2015.10.29 10:39:05.618,0.71012,0.7102,1.00,1.12
2015.10.29 10:39:05.891,0.71015,0.71025,1.50,1.50
2015.10.29 10:39:07.022,0.71011,0.71022,1.87,1.87
2015.10.29 10:39:07.528,0.71011,0.71022,1.37,3.00
2015.10.29 10:39:14.600,0.71011,0.71021,1.00,1.87
2015.10.29 10:39:23.818,0.71011,0.71021,2.10,1.37
2015.10.29 10:39:24.343,0.71011,0.71021,2.47,1.00
2015.10.29 10:39:24.847,0.71011,0.71021,1.50,1.37
2015.10.29 10:39:29.665,0.71012,0.71021,1.12,1.50
2015.10.29 10:39:30.171,0.71012,0.71021,1.12,2.25
2015.10.29 10:39:30.703,0.71012,0.71021,1.12,1.50
2015.10.29 10:39:31.225,0.71015,0.71021,1.35,1.00
2015.10.29 10:39:31.551,0.71012,0.71021,3.00,1.00
2015.10.29 10:39:31.603,0.71014,0.71021,1.00,1.00
2015.10.29 10:39:31.756,0.71011,0.71021,1.12,1.12
2015.10.29 10:39:31.909,0.7101,0.71019,1.50,1.00
2015.10.29 10:39:32.491,0.7101,0.71021,1.97,1.75
2015.10.29 10:39:32.998,0.71012,0.7102,1.00,1.12
2015.10.29 10:39:33.541,0.71011,0.71022,2.47,2.25
2015.10.29 10:39:34.653,0.71012,0.71022,1.67,1.87
2015.10.29 10:39:35.170,0.71014,0.71022,1.00,1.00
2015.10.29 10:39:35.273,0.71016,0.71026,1.00,2.25
2015.10.29 10:39:35.324,0.71018,0.71026,1.12,1.87
2015.10.29 10:39:35.852,0.71018,0.71026,1.87,1.00
2015.10.29 10:39:36.257,0.71019,0.71029,1.37,1.50
2015.10.29 10:39:36.661,0.71019,0.71029,1.00,1.37
2015.10.29 10:39:45.961,0.71016,0.71028,4.12,1.50
2015.10.29 10:39:47.060,0.71017,0.71027,1.12,1.50
2015.10.29 10:39:47.161,0.71015,0.71026,2.62,1.37
2015.10.29 10:39:47.516,0.71015,0.71025,1.87,1.00
2015.10.29 10:39:48.825,0.71017,0.71027,1.00,1.00
2015.10.29 10:39:49.370,0.71018,0.71027,1.00,1.12
2015.10.29 10:39:49.905,0.71018,0.71027,1.37,1.12
2015.10.29 10:39:56.945,0.71016,0.71027,3.00,1.50
2015.10.29 10:40:00.463,0.71016,0.71026,1.87,1.00
2015.10.29 10:40:00.514,0.71016,0.71024,1.12,1.00
2015.10.29 10:40:00.717,0.71015,0.71024,1.00,1.12
2015.10.29 10:40:00.971,0.71012,0.71021,1.12,1.00
2015.10.29 10:40:01.072,0.71011,0.71021,1.50,1.75
2015.10.29 10:40:02.213,0.71011,0.7102,2.10,1.50
2015.10.29 10:40:03.465,0.71011,0.71021,4.35,1.75
2015.10.29 10:40:13.605,0.7101,0.7102,2.47,1.50
2015.10.29 10:40:14.960,0.7101,0.71017,2.05,1.00
2015.10.29 10:40:15.011,0.71009,0.71019,2.05,1.12
2015.10.29 10:40:15.114,0.71009,0.71015,1.12,1.00
2015.10.29 10:40:15.165,0.71009,0.71013,1.00,1.00
2015.10.29 10:40:15.419,0.71002,0.71011,1.00,1.12
2015.10.29 10:40:15.673,0.71,0.71009,1.50,1.50
2015.10.29 10:40:15.824,0.70999,0.71009,1.50,1.50
2015.10.29 10:40:16.362,0.70999,0.71009,1.50,3.00
2015.10.29 10:40:17.274,0.70999,0.71009,1.00,1.12
2015.10.29 10:40:19.295,0.71006,0.7101,1.00,1.50
2015.10.29 10:40:19.396,0.71005,0.71011,3.22,1.00
2015.10.29 10:40:19.447,0.71005,0.71013,3.97,2.62
2015.10.29 10:40:19.752,0.71007,0.71018,1.37,1.87
2015.10.29 10:40:20.786,0.71008,0.71019,1.50,1.87
2015.10.29 10:40:21.790,0.71009,0.7102,1.12,3.37
2015.10.29 10:40:23.043,0.71008,0.71019,1.50,2.62
2015.10.29 10:40:23.559,0.71008,0.71018,1.50,1.00
2015.10.29 10:40:24.512,0.71008,0.71018,2.25,1.00
2015.10.29 10:40:25.025,0.71008,0.71018,1.12,2.25
2015.10.29 10:40:25.604,0.71008,0.71019,2.12,1.87
2015.10.29 10:40:28.171,0.71007,0.71014,3.00,1.00
2015.10.29 10:40:28.324,0.71004,0.71014,1.75,1.50
2015.10.29 10:40:28.425,0.71004,0.71012,1.12,1.00
2015.10.29 10:40:28.527,0.71004,0.71013,3.00,1.37
2015.10.29 10:40:28.831,0.71003,0.71012,1.50,1.12
2015.10.29 10:40:29.380,0.71003,0.71012,1.12,1.37
2015.10.29 10:40:29.885,0.71001,0.71011,1.50,1.50
2015.10.29 10:40:30.664,0.71001,0.71011,2.10,1.50
2015.10.29 10:40:31.169,0.71001,0.71011,2.25,1.00
2015.10.29 10:40:33.950,0.71001,0.7101,1.00,1.12
2015.10.29 10:40:34.052,0.70999,0.7101,1.50,1.87
2015.10.29 10:40:34.649,0.70999,0.71009,1.87,1.12
2015.10.29 10:40:37.142,0.70998,0.71008,1.12,1.00
2015.10.29 10:40:37.294,0.70998,0.71007,1.50,1.50
2015.10.29 10:40:37.799,0.70998,0.71007,1.12,1.87
2015.10.29 10:40:37.951,0.70996,0.71006,1.50,1.87
2015.10.29 10:40:38.052,0.70996,0.71004,1.50,1.37
2015.10.29 10:40:38.288,0.70992,0.71,1.12,1.12
2015.10.29 10:40:38.390,0.70988,0.70998,1.87,1.00
2015.10.29 10:40:38.491,0.70989,0.70998,1.00,1.00
2015.10.29 10:40:38.948,0.70989,0.70998,1.12,1.50
2015.10.29 10:40:40.766,0.70987,0.70997,1.87,1.50
2015.10.29 10:40:41.666,0.70987,0.70997,1.87,1.50
2015.10.29 10:40:44.742,0.70987,0.70996,1.87,1.37
2015.10.29 10:40:44.793,0.70987,0.70996,1.50,1.50
2015.10.29 10:40:45.602,0.70987,0.70993,1.00,1.00
2015.10.29 10:40:45.805,0.70982,0.70991,1.50,1.00
2015.10.29 10:40:45.962,0.70979,0.7099,3.00,1.37
2015.10.29 10:40:46.468,0.70984,0.7099,1.00,1.12
2015.10.29 10:40:46.570,0.70985,0.70993,1.00,1.00
2015.10.29 10:40:46.722,0.70986,0.70995,1.00,1.12
2015.10.29 10:40:46.875,0.70987,0.70996,1.37,1.50
2015.10.29 10:40:48.799,0.70985,0.70996,2.25,1.37
2015.10.29 10:40:49.105,0.70982,0.70992,1.12,1.12
2015.10.29 10:40:49.207,0.70981,0.70989,1.37,1.00
2015.10.29 10:40:49.310,0.7098,0.70989,1.00,1.12
2015.10.29 10:40:49.965,0.70979,0.70989,1.87,1.12
2015.10.29 10:40:54.586,0.70981,0.70989,1.00,1.12
2015.10.29 10:41:00.456,0.70979,0.70987,1.67,1.00
2015.10.29 10:41:00.507,0.70978,0.70987,1.50,1.00
2015.10.29 10:41:01.083,0.70978,0.70988,1.00,1.12
2015.10.29 10:41:03.581,0.70977,0.70987,1.87,1.00
2015.10.29 10:41:05.422,0.70978,0.70989,1.00,2.62
2015.10.29 10:41:12.559,0.70978,0.70989,2.10,2.25
2015.10.29 10:41:16.358,0.70978,0.70987,1.50,1.00
2015.10.29 10:41:18.407,0.70977,0.70986,1.87,1.00
2015.10.29 10:41:18.541,0.70977,0.70987,1.87,2.62
2015.10.29 10:41:18.693,0.70974,0.70985,2.25,1.12
2015.10.29 10:41:18.795,0.70974,0.70982,1.37,1.00
2015.10.29 10:41:19.049,0.70972,0.70982,1.12,3.00
2015.10.29 10:41:20.007,0.70972,0.70981,1.87,1.00
2015.10.29 10:41:21.181,0.70972,0.70982,1.12,3.00
2015.10.29 10:41:21.700,0.70971,0.70981,1.37,2.25
2015.10.29 10:41:22.205,0.70971,0.70981,1.12,2.25
2015.10.29 10:41:22.887,0.70971,0.70979,1.12,1.00
2015.10.29 10:41:23.405,0.70971,0.7098,1.12,1.12
2015.10.29 10:41:24.643,0.70971,0.70979,1.12,1.00
2015.10.29 10:41:25.144,0.70968,0.70979,1.12,1.50
2015.10.29 10:41:31.326,0.70968,0.70977,2.62,1.00
2015.10.29 10:41:31.629,0.70968,0.70973,1.50,1.00
2015.10.29 10:41:31.933,0.70965,0.70973,1.00,1.00
2015.10.29 10:41:32.035,0.70966,0.70976,1.50,1.75
2015.10.29 10:41:32.572,0.70967,0.70976,1.50,1.50
2015.10.29 10:41:34.594,0.70967,0.70976,1.12,1.50
2015.10.29 10:41:35.475,0.70967,0.70976,1.37,1.00
2015.10.29 10:41:36.324,0.70967,0.70977,1.37,3.37
2015.10.29 10:41:37.218,0.70967,0.70976,1.87,1.00
2015.10.29 10:41:38.680,0.70967,0.70977,1.87,2.25
2015.10.29 10:41:38.984,0.70969,0.70977,1.37,1.00
2015.10.29 10:41:39.525,0.7097,0.70978,1.37,1.00
2015.10.29 10:41:40.058,0.70969,0.70979,1.12,1.50
2015.10.29 10:41:40.942,0.70968,0.70979,2.62,2.10
2015.10.29 10:41:41.448,0.70968,0.70979,1.87,1.72
2015.10.29 10:41:42.883,0.70968,0.70979,1.87,2.10
2015.10.29 10:41:43.726,0.70969,0.70979,1.37,2.47
2015.10.29 10:41:44.257,0.70968,0.70979,1.50,2.10
2015.10.29 10:41:45.804,0.70969,0.70979,1.75,1.12
2015.10.29 10:41:46.511,0.70969,0.70979,1.75,1.37
2015.10.29 10:41:47.040,0.70971,0.70979,1.00,1.72
2015.10.29 10:41:48.072,0.70974,0.70981,1.00,1.37
2015.10.29 10:41:48.123,0.70975,0.70982,1.00,3.00
2015.10.29 10:41:48.629,0.70976,0.70986,1.12,1.75
2015.10.29 10:41:48.794,0.70976,0.70987,1.50,1.87
2015.10.29 10:41:49.324,0.70976,0.70987,2.25,1.87
2015.10.29 10:41:50.881,0.70975,0.70985,1.87,1.12
2015.10.29 10:41:51.540,0.70975,0.70984,1.12,1.00
2015.10.29 10:41:51.641,0.70974,0.70982,1.50,1.00
2015.10.29 10:41:51.743,0.70972,0.70981,1.12,1.00
2015.10.29 10:41:51.945,0.7097,0.70978,1.50,1.00
2015.10.29 10:41:52.992,0.70969,0.70979,1.87,1.37
2015.10.29 10:41:53.499,0.7097,0.70979,1.37,1.00
2015.10.29 10:41:54.344,0.7097,0.7098,1.37,1.87
2015.10.29 10:41:57.729,0.7097,0.70981,1.87,1.37
2015.10.29 10:41:57.830,0.70974,0.70983,1.12,1.10
2015.10.29 10:41:57.933,0.70974,0.70984,1.37,1.00
2015.10.29 10:41:58.325,0.70975,0.70986,1.12,1.12
2015.10.29 10:41:58.831,0.70975,0.70985,1.37,1.12
2015.10.29 10:41:59.381,0.70975,0.70985,1.87,1.50
2015.10.29 10:42:00.328,0.70975,0.70985,1.37,1.50
2015.10.29 10:42:00.838,0.70976,0.70986,1.37,1.87
2015.10.29 10:42:01.344,0.70978,0.70988,1.12,1.50
2015.10.29 10:42:01.661,0.70978,0.70986,1.50,1.37
2015.10.29 10:42:01.712,0.70976,0.70985,1.37,1.00
2015.10.29 10:42:02.116,0.70976,0.70984,1.75,1.00
2015.10.29 10:42:03.453,0.70978,0.70984,1.00,1.00
2015.10.29 10:42:04.989,0.70975,0.70984,1.50,1.75
2015.10.29 10:42:05.041,0.70975,0.70984,1.50,1.75
2015.10.29 10:42:05.576,0.7097,0.70979,1.95,1.37
2015.10.29 10:42:05.779,0.70966,0.70976,1.95,1.37
2015.10.29 10:42:05.881,0.70965,0.70976,3.45,1.50
2015.10.29 10:42:06.033,0.70966,0.70975,1.37,1.50
2015.10.29 10:42:06.084,0.70965,0.70975,1.87,3.00
2015.10.29 10:42:06.236,0.70965,0.70974,1.37,1.50
2015.10.29 10:42:06.764,0.70964,0.70974,2.25,1.00
2015.10.29 10:42:15.673,0.70965,0.70975,1.50,1.50
2015.10.29 10:42:23.289,0.70965,0.70976,1.87,1.75
2015.10.29 10:42:29.630,0.70964,0.70972,1.12,1.12
2015.10.29 10:42:29.731,0.70963,0.7097,1.20,1.12
2015.10.29 10:42:29.833,0.70961,0.70968,1.12,1.00
2015.10.29 10:42:30.338,0.70959,0.70967,1.87,1.00
2015.10.29 10:42:30.995,0.70959,0.70967,1.87,1.00
2015.10.29 10:42:33.833,0.70959,0.70968,1.00,1.00
2015.10.29 10:42:34.137,0.70958,0.70966,1.50,1.00
2015.10.29 10:42:34.553,0.70955,0.70965,2.25,1.37
2015.10.29 10:42:34.655,0.70956,0.70965,1.00,1.50
2015.10.29 10:42:36.931,0.70954,0.70964,1.75,1.37
2015.10.29 10:42:37.530,0.70955,0.70964,1.00,1.37
2015.10.29 10:42:38.956,0.70955,0.70965,1.00,1.12
2015.10.29 10:42:40.148,0.70955,0.70965,1.50,1.87
2015.10.29 10:42:40.691,0.70956,0.70966,1.37,1.37
2015.10.29 10:42:41.202,0.70956,0.70966,1.87,1.00
2015.10.29 10:42:42.573,0.70956,0.70966,1.87,1.00
2015.10.29 10:42:43.576,0.70956,0.70966,1.87,1.00
2015.10.29 10:42:44.077,0.70956,0.70965,1.87,1.00
2015.10.29 10:42:45.230,0.70955,0.70965,1.12,2.25
2015.10.29 10:42:45.434,0.70955,0.70963,1.00,1.12
2015.10.29 10:42:45.536,0.70953,0.70962,1.00,1.00
2015.10.29 10:42:45.587,0.70954,0.70963,1.37,1.37
2015.10.29 10:42:46.143,0.70954,0.70962,1.00,1.00
2015.10.29 10:42:46.789,0.70952,0.70961,1.12,1.00
2015.10.29 10:42:46.940,0.7095,0.7096,1.50,1.00
2015.10.29 10:42:47.482,0.70952,0.70963,1.50,2.25
2015.10.29 10:42:47.533,0.70952,0.70961,1.87,1.00
2015.10.29 10:42:48.039,0.70953,0.70961,1.12,1.00
2015.10.29 10:42:48.192,0.70953,0.70963,1.12,1.12
2015.10.29 10:42:49.086,0.70952,0.70963,1.87,1.50
2015.10.29 10:42:49.137,0.70952,0.70961,1.37,1.00
2015.10.29 10:42:49.238,0.7095,0.7096,1.47,2.62
2015.10.29 10:42:49.565,0.7095,0.70957,1.00,1.00
2015.10.29 10:42:50.072,0.7095,0.70957,1.37,1.00
2015.10.29 10:42:54.689,0.70949,0.70957,1.12,1.00
2015.10.29 10:42:55.168,0.70949,0.70959,1.37,1.87
2015.10.29 10:42:58.881,0.70949,0.70957,1.37,1.00
2015.10.29 10:42:59.186,0.70948,0.70958,1.00,1.50
2015.10.29 10:43:01.469,0.70946,0.70956,1.37,2.10
2015.10.29 10:43:01.976,0.70945,0.70956,1.87,1.50
2015.10.29 10:43:03.869,0.70948,0.70957,1.00,1.00
2015.10.29 10:43:05.583,0.70947,0.70956,1.50,1.00
2015.10.29 10:43:06.131,0.70947,0.70957,1.50,1.50
2015.10.29 10:43:06.333,0.70947,0.70957,1.50,1.12
2015.10.29 10:43:07.091,0.7095,0.70958,1.00,1.50
2015.10.29 10:43:10.416,0.70949,0.70957,1.37,1.00
2015.10.29 10:43:10.952,0.70949,0.70958,1.37,1.12
2015.10.29 10:43:11.461,0.70949,0.70957,1.37,1.00
2015.10.29 10:43:14.591,0.70949,0.70957,1.00,1.00
2015.10.29 10:43:15.118,0.70949,0.70958,1.00,1.00
2015.10.29 10:43:15.764,0.70948,0.70957,1.12,1.12
2015.10.29 10:43:16.271,0.70948,0.70958,1.37,2.70
2015.10.29 10:43:17.295,0.70948,0.70958,1.37,1.50
2015.10.29 10:43:17.852,0.70948,0.70958,1.12,1.00
2015.10.29 10:43:18.638,0.7095,0.70958,1.00,1.00
2015.10.29 10:43:18.942,0.70954,0.70962,1.37,2.10
2015.10.29 10:43:19.162,0.70947,0.70958,1.82,1.12
2015.10.29 10:43:19.670,0.70947,0.70957,1.12,1.12
2015.10.29 10:43:19.873,0.70947,0.70956,1.12,1.50
2015.10.29 10:43:20.412,0.70948,0.70957,1.00,1.00
2015.10.29 10:43:31.037,0.70948,0.70958,1.87,1.50
2015.10.29 10:43:31.138,0.70948,0.7096,1.87,3.00
2015.10.29 10:43:31.290,0.70949,0.7096,1.37,1.87
2015.10.29 10:43:34.018,0.70949,0.7096,1.87,2.10
2015.10.29 10:43:34.539,0.70949,0.7096,1.87,2.47
2015.10.29 10:43:35.113,0.70949,0.7096,1.50,2.62
2015.10.29 10:43:39.091,0.70949,0.70958,1.12,1.00
2015.10.29 10:43:40.144,0.70949,0.70959,1.50,1.00
2015.10.29 10:43:41.641,0.70949,0.7096,1.50,2.40
2015.10.29 10:43:44.752,0.70949,0.70959,1.50,1.00
2015.10.29 10:43:45.297,0.70949,0.70959,1.87,1.50
2015.10.29 10:43:45.820,0.70949,0.70959,1.87,1.50
2015.10.29 10:43:46.589,0.70949,0.70958,2.62,2.25
2015.10.29 10:43:48.204,0.70948,0.70958,1.75,2.25
2015.10.29 10:43:48.717,0.70948,0.70957,1.37,1.00
2015.10.29 10:43:50.201,0.70947,0.70954,1.37,1.00
2015.10.29 10:43:50.252,0.70947,0.70956,1.00,3.97
2015.10.29 10:43:50.303,0.70945,0.70954,1.37,1.37
2015.10.29 10:43:50.557,0.70949,0.70957,1.00,1.12
2015.10.29 10:43:50.659,0.70948,0.70958,1.37,1.47
2015.10.29 10:43:50.710,0.70948,0.70959,1.00,4.12
2015.10.29 10:43:51.389,0.70947,0.70956,1.37,1.50
2015.10.29 10:43:51.894,0.70947,0.70954,1.12,1.00
2015.10.29 10:43:55.769,0.70946,0.70955,1.50,1.50
2015.10.29 10:43:55.921,0.70944,0.70953,1.50,1.12
2015.10.29 10:43:55.972,0.70944,0.70951,1.00,1.00
2015.10.29 10:43:56.305,0.70938,0.70949,1.37,1.87
2015.10.29 10:43:56.710,0.70937,0.70947,3.00,1.12
2015.10.29 10:43:57.085,0.70938,0.70947,1.12,1.00
2015.10.29 10:43:58.869,0.70938,0.70948,2.62,1.50
2015.10.29 10:43:59.021,0.70939,0.70948,1.37,1.12
2015.10.29 10:43:59.752,0.70945,0.70951,1.00,1.37
2015.10.29 10:43:59.853,0.70945,0.70953,1.00,1.20
2015.10.29 10:43:59.956,0.70947,0.70955,1.00,1.12
2015.10.29 10:44:00.058,0.70948,0.70957,1.00,1.95
2015.10.29 10:44:00.262,0.70949,0.70958,1.50,1.50
2015.10.29 10:44:02.617,0.70948,0.70958,1.87,1.60
2015.10.29 10:44:03.848,0.70948,0.70958,2.62,1.35
2015.10.29 10:44:05.791,0.70948,0.70958,1.12,3.22
2015.10.29 10:44:06.297,0.70947,0.70957,2.62,1.60
2015.10.29 10:44:06.348,0.70947,0.70957,1.87,1.72
2015.10.29 10:44:06.500,0.70946,0.70955,1.87,1.00
2015.10.29 10:44:06.823,0.70946,0.70953,1.00,1.12
2015.10.29 10:44:06.874,0.70944,0.70953,1.00,1.12
2015.10.29 10:44:07.178,0.70943,0.70952,1.00,1.87
2015.10.29 10:44:08.268,0.70942,0.70954,1.87,3.15
2015.10.29 10:44:08.954,0.70943,0.70952,1.12,1.50
2015.10.29 10:44:09.392,0.70946,0.70952,1.00,1.00
2015.10.29 10:44:09.595,0.70947,0.70958,1.12,4.57
2015.10.29 10:44:09.696,0.70948,0.70958,1.00,2.62
2015.10.29 10:44:12.686,0.70948,0.70958,1.50,1.30
2015.10.29 10:44:14.042,0.70949,0.70958,1.00,1.72
2015.10.29 10:44:14.575,0.70948,0.70958,1.00,1.30
2015.10.29 10:44:16.964,0.70949,0.70959,1.00,2.47
2015.10.29 10:44:17.268,0.70956,0.70964,1.00,2.25
2015.10.29 10:44:17.319,0.70956,0.70964,1.50,1.87
2015.10.29 10:44:17.420,0.70959,0.70964,1.12,1.37
2015.10.29 10:44:17.724,0.70958,0.70963,1.87,1.37
2015.10.29 10:44:18.097,0.70959,0.70969,1.87,3.60
2015.10.29 10:44:19.091,0.70959,0.70968,1.87,1.30
2015.10.29 10:44:21.451,0.70959,0.70969,1.87,3.60
2015.10.29 10:44:22.204,0.70959,0.70968,1.87,1.30
2015.10.29 10:44:22.744,0.70959,0.70968,1.50,1.35
2015.10.29 10:44:25.837,0.7096,0.70971,1.50,2.62
2015.10.29 10:44:25.939,0.70963,0.70971,1.12,1.12
2015.10.29 10:44:26.141,0.70965,0.70972,1.00,1.00
2015.10.29 10:44:26.458,0.7097,0.70979,1.00,2.70
2015.10.29 10:44:26.509,0.7097,0.70979,1.00,1.95
2015.10.29 10:44:26.610,0.7097,0.70979,1.12,1.00
2015.10.29 10:44:27.129,0.70971,0.70979,1.50,1.30
2015.10.29 10:44:28.511,0.70971,0.7098,1.50,2.85
2015.10.29 10:44:28.887,0.7097,0.70981,1.87,1.37
2015.10.29 10:44:29.191,0.70976,0.70982,1.00,1.12
2015.10.29 10:44:29.242,0.70977,0.70983,1.00,1.47
2015.10.29 10:44:29.432,0.70977,0.70988,1.87,1.87
2015.10.29 10:44:29.534,0.70978,0.70988,1.50,2.47
2015.10.29 10:44:30.092,0.70979,0.70988,1.37,1.35
2015.10.29 10:44:30.632,0.70979,0.70989,1.50,2.47
2015.10.29 10:44:31.448,0.70979,0.70988,1.50,2.10
2015.10.29 10:44:32.323,0.70979,0.70988,1.87,2.10
2015.10.29 10:44:32.929,0.70979,0.70987,1.87,1.35
2015.10.29 10:44:34.213,0.70978,0.70987,1.12,2.10
2015.10.29 10:44:34.466,0.70974,0.70984,1.50,1.12
2015.10.29 10:44:34.669,0.70974,0.70983,1.00,1.87
2015.10.29 10:44:34.922,0.70971,0.7098,1.37,1.00
2015.10.29 10:44:35.023,0.70969,0.70981,2.62,1.87
2015.10.29 10:44:35.271,0.70969,0.70979,1.12,2.25
2015.10.29 10:44:35.928,0.70969,0.70979,1.50,1.50
2015.10.29 10:44:38.605,0.70971,0.70981,1.37,1.12
2015.10.29 10:44:38.656,0.70971,0.70981,1.87,1.12
2015.10.29 10:44:38.707,0.70975,0.70981,1.00,1.00
2015.10.29 10:44:38.962,0.70977,0.70988,1.50,1.75
2015.10.29 10:44:39.468,0.70977,0.70988,1.50,2.10
2015.10.29 10:44:42.243,0.70979,0.70988,1.00,3.60
2015.10.29 10:44:42.750,0.70978,0.70987,1.37,1.30
2015.10.29 10:44:47.133,0.70979,0.70988,1.00,1.35
2015.10.29 10:44:47.636,0.70979,0.70987,1.00,1.30
2015.10.29 10:44:47.889,0.70975,0.70986,2.62,2.47
2015.10.29 10:44:47.940,0.70975,0.70984,1.87,1.12
2015.10.29 10:44:48.297,0.70973,0.70984,1.75,1.37
2015.10.29 10:44:48.599,0.70971,0.70982,1.12,1.75
2015.10.29 10:44:48.652,0.70972,0.70981,1.00,1.50
2015.10.29 10:44:48.956,0.7097,0.7098,1.50,2.25
2015.10.29 10:44:49.939,0.7097,0.7098,1.12,1.37
2015.10.29 10:44:59.478,0.70969,0.7098,1.00,1.87
2015.10.29 10:45:00.003,0.70969,0.70979,1.00,1.87
2015.10.29 10:45:02.703,0.70968,0.70978,1.50,1.50
2015.10.29 10:45:03.245,0.70968,0.70978,1.50,1.87
2015.10.29 10:45:03.516,0.70967,0.70975,1.37,1.87
2015.10.29 10:45:03.617,0.70966,0.70974,1.00,1.50
2015.10.29 10:45:04.124,0.70963,0.70973,2.62,1.50
2015.10.29 10:45:05.103,0.70963,0.70973,1.87,1.87
2015.10.29 10:45:05.652,0.70963,0.70973,1.37,1.87
2015.10.29 10:45:06.707,0.70963,0.70973,1.50,1.87
2015.10.29 10:45:10.730,0.70963,0.70975,1.87,3.00
2015.10.29 10:45:11.148,0.70966,0.70977,1.50,1.47
2015.10.29 10:45:11.250,0.70966,0.70978,2.25,2.62
2015.10.29 10:45:11.742,0.70968,0.70978,1.50,1.00
2015.10.29 10:45:15.588,0.70968,0.70977,1.50,1.00
2015.10.29 10:45:16.113,0.70967,0.70978,1.87,1.00
2015.10.29 10:45:16.631,0.70967,0.70979,1.87,1.87
2015.10.29 10:45:19.590,0.7097,0.70979,1.00,1.37
2015.10.29 10:45:19.894,0.70975,0.70981,1.00,1.50
2015.10.29 10:45:20.062,0.70977,0.70987,1.12,1.00
2015.10.29 10:45:20.163,0.70979,0.70989,1.12,1.87
2015.10.29 10:45:20.467,0.70979,0.70987,1.50,1.30
2015.10.29 10:45:21.124,0.70977,0.70988,2.62,1.35
2015.10.29 10:45:21.332,0.70978,0.70988,1.37,1.67
2015.10.29 10:45:22.156,0.70977,0.70987,1.37,1.67
2015.10.29 10:45:24.390,0.70977,0.70988,2.25,1.35
2015.10.29 10:45:24.895,0.70979,0.70989,1.50,1.30
2015.10.29 10:45:25.219,0.70981,0.70989,1.00,1.60
2015.10.29 10:45:25.675,0.70982,0.70991,1.50,1.72
2015.10.29 10:45:25.776,0.70983,0.70992,1.87,1.20
2015.10.29 10:45:25.928,0.70984,0.70993,1.37,2.25
2015.10.29 10:45:26.154,0.70985,0.70994,1.50,1.15
2015.10.29 10:45:26.256,0.70986,0.70996,1.12,2.25
2015.10.29 10:45:26.358,0.70988,0.70996,1.50,1.00
2015.10.29 10:45:26.410,0.70989,0.70999,1.37,1.80
2015.10.29 10:45:26.461,0.7099,0.70999,1.37,1.10
2015.10.29 10:45:26.764,0.70993,0.71003,1.00,1.57
2015.10.29 10:45:27.299,0.70993,0.71001,1.00,1.87
2015.10.29 10:45:27.805,0.70993,0.71001,1.00,1.20
2015.10.29 10:45:29.804,0.70992,0.71001,1.37,1.57
2015.10.29 10:45:30.410,0.70992,0.71001,1.37,1.10
2015.10.29 10:45:30.915,0.70991,0.71001,1.37,1.57
2015.10.29 10:45:34.390,0.70991,0.71001,1.00,1.57
2015.10.29 10:45:34.896,0.70992,0.71,1.12,1.00
2015.10.29 10:45:36.786,0.70991,0.71001,1.37,1.50
2015.10.29 10:45:37.294,0.7099,0.71,1.37,1.37
2015.10.29 10:45:43.050,0.70991,0.71,1.50,1.00
2015.10.29 10:45:43.555,0.70991,0.71001,1.00,1.50
2015.10.29 10:45:44.818,0.70991,0.70999,1.00,1.00
2015.10.29 10:45:45.427,0.70991,0.71001,1.00,2.25
2015.10.29 10:45:45.950,0.70991,0.71001,1.00,1.50
2015.10.29 10:45:46.455,0.7099,0.71001,1.87,1.50
2015.10.29 10:45:47.246,0.7099,0.71001,2.62,2.25
2015.10.29 10:45:47.752,0.7099,0.71001,1.87,1.87
2015.10.29 10:45:49.665,0.7099,0.71001,1.87,1.50
2015.10.29 10:45:50.269,0.7099,0.71001,2.25,2.25
2015.10.29 10:45:50.573,0.70997,0.71001,1.00,1.00
2015.10.29 10:45:50.776,0.70998,0.71008,1.12,1.00
2015.10.29 10:45:51.131,0.71,0.71009,1.00,1.50
2015.10.29 10:45:51.699,0.70999,0.71009,1.00,1.50
2015.10.29 10:45:52.205,0.70999,0.71009,1.37,2.47
2015.10.29 10:45:55.379,0.71,0.7101,1.87,1.00
2015.10.29 10:45:55.910,0.71001,0.71011,1.12,2.10
2015.10.29 10:45:56.214,0.71001,0.71011,1.12,2.10
2015.10.29 10:45:56.749,0.71001,0.71011,1.12,1.72
2015.10.29 10:45:58.152,0.71,0.71011,2.25,1.97
2015.10.29 10:46:00.004,0.71,0.7101,1.00,1.72
2015.10.29 10:46:00.510,0.71,0.7101,1.50,2.47
2015.10.29 10:46:01.058,0.71,0.71009,1.50,1.35
2015.10.29 10:46:05.596,0.71,0.7101,1.00,2.85
2015.10.29 10:46:06.619,0.71,0.71009,1.00,1.35
2015.10.29 10:46:06.881,0.70998,0.71009,1.50,2.47
2015.10.29 10:46:07.387,0.70998,0.71009,1.87,2.47
2015.10.29 10:46:10.839,0.70998,0.71009,1.12,1.87
2015.10.29 10:46:13.858,0.71,0.71009,1.37,1.50
2015.10.29 10:46:26.684,0.70999,0.71008,1.87,1.00
2015.10.29 10:46:30.640,0.71001,0.7101,1.00,1.87
2015.10.29 10:46:37.808,0.71003,0.71012,1.00,3.45
2015.10.29 10:46:37.960,0.71003,0.71013,1.12,1.50
2015.10.29 10:46:38.062,0.71003,0.71013,1.12,1.50
2015.10.29 10:46:38.518,0.71003,0.71014,1.87,1.87
2015.10.29 10:46:40.693,0.71005,0.71014,1.50,1.50
2015.10.29 10:46:40.946,0.71007,0.71017,1.50,1.87
2015.10.29 10:46:41.048,0.71007,0.71017,1.87,1.87
2015.10.29 10:46:41.550,0.71008,0.71018,1.87,1.37
2015.10.29 10:46:42.056,0.71007,0.71017,1.75,1.37
2015.10.29 10:46:42.568,0.71005,0.71016,1.12,1.50
2015.10.29 10:46:43.353,0.71011,0.71017,1.00,1.00
2015.10.29 10:46:43.659,0.71007,0.71018,2.25,1.37
2015.10.29 10:46:44.181,0.71009,0.71018,1.37,1.30
2015.10.29 10:46:48.500,0.71009,0.71021,1.87,2.85
2015.10.29 10:46:49.480,0.71011,0.71021,1.12,2.10
2015.10.29 10:46:49.531,0.71015,0.71021,1.00,1.12
2015.10.29 10:46:49.632,0.71015,0.71023,1.12,1.87
2015.10.29 10:46:49.784,0.71013,0.71024,2.62,1.50
2015.10.29 10:46:49.886,0.71014,0.71023,1.37,2.25
2015.10.29 10:46:50.112,0.71016,0.71025,1.50,1.87
2015.10.29 10:46:50.264,0.71018,0.71028,1.12,1.57
2015.10.29 10:46:50.770,0.71018,0.71028,1.12,1.50
2015.10.29 10:46:51.299,0.71018,0.71028,1.50,1.50
2015.10.29 10:46:51.923,0.7102,0.71028,1.00,1.37
2015.10.29 10:46:52.025,0.71021,0.7103,1.12,1.57
2015.10.29 10:46:52.126,0.71025,0.71032,1.00,1.12
2015.10.29 10:46:52.278,0.71026,0.71035,1.00,1.75
2015.10.29 10:46:52.411,0.71029,0.71039,1.00,2.62
2015.10.29 10:46:52.513,0.71029,0.7104,1.00,1.37
2015.10.29 10:46:53.022,0.7103,0.71041,1.00,3.22
2015.10.29 10:46:53.532,0.7103,0.71041,1.00,2.47
2015.10.29 10:46:54.039,0.71031,0.71042,1.00,1.72
2015.10.29 10:46:54.566,0.71029,0.71041,1.12,1.72
2015.10.29 10:46:55.126,0.7103,0.71041,1.00,1.72
2015.10.29 10:46:56.109,0.71029,0.71041,1.12,1.87
2015.10.29 10:46:56.614,0.7103,0.71039,1.00,1.12
2015.10.29 10:46:56.971,0.71028,0.7104,1.12,2.55
2015.10.29 10:46:57.124,0.71024,0.71035,2.62,1.00
2015.10.29 10:46:57.176,0.71025,0.71034,1.00,1.00
2015.10.29 10:46:57.379,0.71023,0.71032,1.00,1.00
2015.10.29 10:46:57.896,0.7102,0.71031,1.87,2.25
2015.10.29 10:46:58.402,0.71022,0.71033,1.00,1.50
2015.10.29 10:46:58.655,0.71027,0.71037,1.37,1.12
2015.10.29 10:46:58.830,0.71027,0.71039,1.37,1.87
2015.10.29 10:47:00.291,0.71028,0.7104,1.37,2.10
2015.10.29 10:47:00.646,0.71026,0.71034,2.62,1.00
2015.10.29 10:47:00.698,0.71027,0.71034,1.00,1.00
2015.10.29 10:47:00.851,0.71024,0.71033,1.12,1.00
2015.10.29 10:47:00.902,0.71021,0.71031,2.25,1.00
2015.10.29 10:47:01.208,0.71019,0.7103,1.50,1.87
2015.10.29 10:47:01.310,0.71019,0.71029,1.12,1.00
2015.10.29 10:47:02.152,0.71018,0.71027,1.37,1.00
2015.10.29 10:47:02.456,0.71015,0.71024,1.00,1.75
2015.10.29 10:47:02.558,0.71017,0.71027,1.00,1.95
2015.10.29 10:47:03.075,0.71018,0.71027,1.12,1.87
2015.10.29 10:47:03.581,0.71017,0.71028,1.87,1.00
2015.10.29 10:47:03.696,0.71021,0.7103,1.00,3.00
2015.10.29 10:47:04.000,0.71026,0.71031,1.37,1.00
2015.10.29 10:47:04.051,0.71026,0.71036,1.37,1.75
2015.10.29 10:47:04.152,0.71027,0.71037,1.37,1.00
2015.10.29 10:47:04.305,0.71027,0.71035,1.87,1.00
2015.10.29 10:47:04.642,0.71019,0.71028,2.62,1.00
2015.10.29 10:47:05.401,0.71024,0.71028,1.00,1.00
2015.10.29 10:47:05.570,0.71024,0.71033,1.00,1.85
2015.10.29 10:47:05.722,0.71022,0.71032,2.62,1.87
2015.10.29 10:47:05.773,0.71024,0.71031,1.00,1.00
2015.10.29 10:47:05.874,0.71024,0.71033,1.50,1.00
2015.10.29 10:47:06.814,0.71026,0.71035,1.00,1.75
2015.10.29 10:47:06.916,0.71029,0.71037,1.00,2.77
2015.10.29 10:47:06.967,0.71029,0.71038,1.00,2.02
2015.10.29 10:47:07.473,0.71029,0.71039,1.12,1.65
2015.10.29 10:47:07.682,0.71029,0.71039,1.50,1.00
2015.10.29 10:47:07.986,0.71029,0.71038,1.12,1.37
2015.10.29 10:47:08.450,0.71029,0.71039,1.12,1.50
2015.10.29 10:47:11.063,0.71029,0.7104,2.25,1.00
2015.10.29 10:47:12.364,0.7103,0.7104,1.00,1.35
2015.10.29 10:47:12.690,0.71035,0.71041,1.00,1.12
2015.10.29 10:47:12.792,0.71035,0.71042,1.00,1.12
2015.10.29 10:47:12.843,0.71037,0.71044,1.00,1.12
2015.10.29 10:47:13.096,0.71041,0.7105,1.00,1.37
2015.10.29 10:47:13.605,0.71042,0.7105,1.00,1.37
2015.10.29 10:47:14.121,0.71041,0.71051,1.12,1.37
2015.10.29 10:47:15.325,0.71041,0.71046,1.12,1.00
2015.10.29 10:47:15.560,0.71038,0.71045,1.00,1.00
2015.10.29 10:47:15.813,0.71039,0.71049,1.00,2.55
2015.10.29 10:47:16.217,0.71039,0.71049,1.12,1.50
2015.10.29 10:47:16.521,0.71038,0.71046,1.50,1.00
2015.10.29 10:47:17.185,0.71037,0.71046,1.50,1.50
2015.10.29 10:47:17.707,0.71037,0.71042,1.12,1.00
2015.10.29 10:47:17.809,0.71033,0.71039,2.25,1.00
2015.10.29 10:47:17.911,0.7103,0.71037,2.25,1.00
2015.10.29 10:47:17.962,0.7103,0.71036,1.50,1.00
2015.10.29 10:47:18.116,0.71028,0.71036,1.12,1.50
2015.10.29 10:47:19.147,0.71029,0.71039,1.37,2.62
2015.10.29 10:47:19.198,0.7103,0.71038,1.87,1.00
2015.10.29 10:47:19.351,0.71031,0.71039,1.37,1.37
2015.10.29 10:47:19.675,0.71034,0.71042,1.75,1.00
2015.10.29 10:47:20.131,0.71034,0.71041,1.50,1.37
2015.10.29 10:47:20.232,0.71033,0.7104,2.25,1.00
2015.10.29 10:47:20.334,0.71035,0.71043,1.00,1.50
2015.10.29 10:47:20.579,0.71035,0.71044,1.87,1.50
2015.10.29 10:47:20.630,0.71035,0.71041,1.87,1.00
2015.10.29 10:47:20.731,0.71036,0.71041,1.00,1.00
2015.10.29 10:47:20.883,0.71031,0.7104,1.37,1.00
2015.10.29 10:47:21.494,0.71029,0.71037,1.87,1.00
2015.10.29 10:47:21.545,0.7103,0.71038,1.00,1.50
2015.10.29 10:47:22.103,0.7103,0.71039,1.00,1.50
2015.10.29 10:47:22.428,0.71028,0.71036,2.62,1.00
2015.10.29 10:47:22.581,0.71028,0.71038,1.00,1.12
2015.10.29 10:47:23.029,0.71032,0.71039,1.00,1.00
2015.10.29 10:47:23.233,0.71033,0.71043,2.25,1.00
2015.10.29 10:47:23.613,0.71034,0.71043,1.00,1.50
2015.10.29 10:47:23.916,0.7103,0.7104,3.37,1.50
2015.10.29 10:47:24.119,0.71029,0.7104,2.62,1.87
2015.10.29 10:47:24.220,0.71029,0.7104,3.00,1.50
2015.10.29 10:47:24.767,0.7103,0.71038,1.00,1.12
2015.10.29 10:47:25.675,0.71028,0.71038,1.50,1.50
2015.10.29 10:47:26.824,0.71029,0.7104,1.50,1.37
2015.10.29 10:47:27.127,0.71033,0.71043,1.00,1.87
2015.10.29 10:47:27.481,0.71032,0.71044,1.87,1.87
2015.10.29 10:47:27.868,0.71033,0.71041,1.37,1.00
2015.10.29 10:47:28.020,0.71032,0.7104,1.00,1.00
2015.10.29 10:47:28.526,0.71031,0.7104,1.00,1.50
2015.10.29 10:47:36.030,0.71028,0.71038,1.12,1.12
2015.10.29 10:47:36.082,0.71028,0.71037,1.00,1.00
2015.10.29 10:47:36.133,0.71028,0.71033,1.00,1.00
2015.10.29 10:47:36.285,0.71024,0.71031,1.37,1.00
2015.10.29 10:47:36.387,0.7102,0.71031,1.87,1.12
2015.10.29 10:47:36.438,0.7102,0.71031,1.75,1.50
2015.10.29 10:47:37.272,0.71019,0.71031,3.00,2.47
2015.10.29 10:47:39.121,0.71021,0.71031,1.50,1.50
2015.10.29 10:47:39.375,0.71025,0.71035,1.00,1.27
2015.10.29 10:47:39.578,0.71025,0.71036,3.37,1.00
2015.10.29 10:47:40.118,0.71027,0.71037,1.50,1.50
2015.10.29 10:47:40.623,0.71027,0.71038,1.37,1.87
2015.10.29 10:47:40.877,0.71026,0.71034,1.00,1.72
2015.10.29 10:47:40.979,0.71024,0.71034,1.12,1.72
2015.10.29 10:47:41.089,0.71027,0.71034,1.00,1.72
2015.10.29 10:47:41.293,0.71027,0.71037,2.25,1.10
2015.10.29 10:47:41.394,0.71029,0.71037,1.12,1.12
2015.10.29 10:47:44.306,0.71029,0.71039,1.12,1.00
2015.10.29 10:47:48.737,0.7103,0.71039,1.00,1.00
2015.10.29 10:47:49.243,0.7103,0.7104,1.37,2.25
2015.10.29 10:47:49.565,0.7103,0.7104,1.87,1.35
2015.10.29 10:47:50.083,0.71032,0.7104,1.00,1.00
2015.10.29 10:47:52.091,0.71032,0.71041,1.12,1.72
2015.10.29 10:47:54.384,0.71032,0.71041,1.12,1.72
2015.10.29 10:47:57.123,0.71031,0.71041,1.37,1.12
2015.10.29 10:48:00.249,0.71032,0.71041,1.12,1.60
2015.10.29 10:48:00.552,0.71032,0.7104,1.12,2.10
2015.10.29 10:48:01.081,0.71031,0.71041,1.00,3.22
2015.10.29 10:48:01.435,0.71031,0.71037,1.00,1.00
2015.10.29 10:48:01.728,0.71028,0.71037,1.37,1.00
2015.10.29 10:48:01.984,0.71029,0.71039,1.00,1.72
2015.10.29 10:48:02.390,0.71029,0.71037,1.00,1.00
2015.10.29 10:48:02.914,0.71029,0.71038,1.00,1.00
2015.10.29 10:48:03.822,0.7103,0.71038,1.00,1.00
2015.10.29 10:48:04.328,0.7103,0.71037,1.00,1.00
2015.10.29 10:48:04.834,0.7103,0.71038,1.00,1.00
2015.10.29 10:48:05.619,0.7103,0.7104,1.00,2.10
2015.10.29 10:48:05.873,0.7103,0.71038,1.00,1.00
2015.10.29 10:48:06.234,0.71028,0.71036,1.87,1.00
2015.10.29 10:48:07.100,0.71027,0.71038,2.62,1.37
2015.10.29 10:48:07.425,0.71027,0.71036,1.37,1.00
2015.10.29 10:48:07.627,0.71027,0.71031,1.00,1.00
2015.10.29 10:48:07.780,0.71021,0.71028,2.02,1.00
2015.10.29 10:48:07.932,0.71019,0.71027,2.62,1.00
2015.10.29 10:48:08.462,0.71017,0.71026,1.75,1.00
2015.10.29 10:48:08.967,0.71017,0.71025,1.12,1.00
2015.10.29 10:48:09.516,0.71018,0.71025,1.00,1.00
2015.10.29 10:48:10.021,0.71018,0.71026,1.00,1.00
2015.10.29 10:48:14.729,0.71017,0.71022,1.00,1.00
2015.10.29 10:48:14.882,0.71012,0.71019,1.27,1.12
2015.10.29 10:48:14.933,0.71012,0.71017,1.00,1.00
2015.10.29 10:48:14.984,0.71009,0.71017,1.37,1.00
2015.10.29 10:48:15.516,0.71006,0.71016,1.50,1.12
2015.10.29 10:48:16.329,0.71005,0.71016,3.37,1.37
2015.10.29 10:48:17.116,0.7101,0.71015,1.00,1.00
2015.10.29 10:48:17.167,0.71008,0.71016,1.50,1.00
2015.10.29 10:48:17.218,0.71011,0.71017,1.50,1.00
2015.10.29 10:48:17.370,0.71008,0.71017,1.57,1.12
2015.10.29 10:48:18.176,0.71008,0.71018,1.37,1.50
2015.10.29 10:48:21.397,0.71012,0.71018,1.00,1.00
2015.10.29 10:48:21.651,0.71013,0.71021,1.37,1.00
2015.10.29 10:48:21.854,0.71013,0.71019,1.00,1.00
2015.10.29 10:48:21.905,0.71011,0.71019,1.12,1.00
2015.10.29 10:48:22.549,0.71009,0.71019,2.25,1.12
2015.10.29 10:48:22.803,0.71009,0.71018,1.87,1.50
2015.10.29 10:48:23.107,0.71009,0.71016,1.37,1.00
2015.10.29 10:48:23.159,0.71009,0.71017,1.12,1.00
2015.10.29 10:48:25.079,0.71009,0.71018,1.12,1.87
2015.10.29 10:48:26.061,0.71009,0.71019,1.12,1.00
2015.10.29 10:48:26.869,0.7101,0.71019,1.00,1.00
2015.10.29 10:48:26.920,0.7101,0.71021,1.37,2.25
2015.10.29 10:48:26.971,0.71012,0.71021,1.12,1.12
2015.10.29 10:48:27.173,0.71012,0.71021,1.37,1.12
2015.10.29 10:48:27.707,0.71011,0.71021,1.12,1.00
2015.10.29 10:48:28.221,0.71011,0.7102,1.87,1.12
2015.10.29 10:48:30.567,0.71011,0.71019,1.37,1.00
2015.10.29 10:48:30.669,0.7101,0.71018,1.00,1.00
2015.10.29 10:48:30.771,0.71008,0.71016,1.75,1.00
2015.10.29 10:48:30.872,0.71009,0.71018,1.00,1.00
2015.10.29 10:48:31.404,0.71008,0.71017,1.00,1.00
2015.10.29 10:48:32.881,0.71008,0.71019,1.00,3.00
2015.10.29 10:48:32.983,0.71008,0.71019,1.12,2.62
2015.10.29 10:48:35.180,0.71011,0.71021,1.37,1.37
2015.10.29 10:48:35.880,0.7101,0.7102,1.37,1.87
2015.10.29 10:48:38.587,0.71011,0.7102,1.87,1.00
2015.10.29 10:48:38.942,0.71014,0.71021,1.00,1.00
2015.10.29 10:48:39.094,0.71015,0.71025,1.37,1.57
2015.10.29 10:48:39.195,0.71015,0.71026,1.37,1.57
2015.10.29 10:48:39.704,0.71015,0.71026,1.87,1.12
2015.10.29 10:48:40.007,0.71015,0.71026,1.50,2.25
2015.10.29 10:48:42.939,0.71014,0.71022,1.87,1.00
2015.10.29 10:48:42.990,0.71013,0.71021,1.37,1.00
2015.10.29 10:48:43.091,0.71011,0.71021,1.20,1.50
2015.10.29 10:48:43.603,0.71012,0.71021,1.00,1.12
2015.10.29 10:48:43.705,0.71015,0.71022,1.00,1.00
2015.10.29 10:48:43.807,0.71016,0.71025,1.00,1.57
2015.10.29 10:48:43.909,0.71016,0.71027,1.50,1.47
2015.10.29 10:48:44.011,0.71017,0.71028,1.50,1.50
2015.10.29 10:48:44.213,0.71019,0.71029,1.00,1.87
2015.10.29 10:48:44.433,0.71021,0.71029,1.37,1.00
2015.10.29 10:48:44.686,0.71028,0.71036,1.00,1.20
2015.10.29 10:48:44.889,0.71028,0.7104,1.87,1.50
2015.10.29 10:48:47.716,0.71029,0.71039,1.37,1.37
2015.10.29 10:48:49.532,0.71028,0.71038,1.37,1.12
2015.10.29 10:48:49.835,0.71028,0.71035,1.37,1.00
2015.10.29 10:48:49.988,0.71025,0.71034,1.45,2.25
2015.10.29 10:48:50.088,0.71023,0.71033,1.65,1.87
2015.10.29 10:48:50.190,0.71026,0.71032,1.00,1.37
2015.10.29 10:48:50.291,0.71026,0.71035,1.50,1.07
2015.10.29 10:48:50.392,0.71026,0.71038,1.87,2.25
2015.10.29 10:48:51.562,0.71028,0.71038,1.50,1.50
2015.10.29 10:48:53.831,0.71027,0.71037,1.87,1.37
2015.10.29 10:48:58.210,0.71033,0.71037,1.00,1.00
2015.10.29 10:48:58.312,0.71035,0.71042,1.00,1.20
2015.10.29 10:48:58.363,0.71037,0.71041,1.00,1.00
2015.10.29 10:48:58.414,0.71038,0.71043,1.00,1.00
2015.10.29 10:48:58.589,0.71038,0.71049,1.00,2.32
2015.10.29 10:48:59.095,0.71038,0.71048,1.50,1.37
2015.10.29 10:49:01.343,0.71038,0.71048,1.12,2.25
2015.10.29 10:49:01.877,0.71034,0.71045,2.25,1.50
2015.10.29 10:49:02.028,0.71032,0.71042,3.00,1.50
2015.10.29 10:49:02.130,0.71032,0.71042,1.12,1.50
2015.10.29 10:49:02.636,0.71032,0.71041,1.12,1.00
2015.10.29 10:49:02.687,0.71034,0.71041,1.00,1.00
2015.10.29 10:49:03.214,0.71033,0.71042,1.12,1.00
2015.10.29 10:49:03.518,0.7103,0.71042,1.87,1.87
2015.10.29 10:49:03.619,0.7103,0.7104,1.12,1.37
2015.10.29 10:49:04.152,0.71029,0.7104,1.50,1.37
2015.10.29 10:49:04.886,0.71029,0.71039,1.50,1.37
2015.10.29 10:49:05.139,0.71031,0.71039,1.00,1.37
2015.10.29 10:49:05.678,0.71032,0.71041,1.00,1.27
2015.10.29 10:49:05.830,0.71032,0.71041,1.50,1.00
2015.10.29 10:49:06.379,0.71033,0.71041,1.12,1.50
2015.10.29 10:49:06.887,0.71033,0.71041,1.12,1.00
2015.10.29 10:49:07.453,0.71033,0.71041,1.12,1.50
2015.10.29 10:49:08.249,0.71031,0.71041,1.87,1.87
2015.10.29 10:49:08.755,0.71031,0.71041,2.62,1.12
2015.10.29 10:49:09.289,0.71031,0.71041,2.62,1.87
2015.10.29 10:49:09.806,0.71032,0.71041,1.00,1.87
2015.10.29 10:49:10.341,0.71034,0.71041,1.00,1.87
2015.10.29 10:49:10.859,0.71033,0.71041,1.50,1.00
2015.10.29 10:49:11.384,0.71032,0.7104,1.50,1.00
2015.10.29 10:49:11.841,0.71032,0.71039,1.12,1.37
2015.10.29 10:49:12.319,0.71029,0.71039,1.37,1.50
2015.10.29 10:49:12.828,0.71029,0.7104,1.12,2.77
2015.10.29 10:49:12.879,0.71029,0.71039,1.12,1.20
2015.10.29 10:49:12.980,0.71029,0.71038,1.12,1.37
2015.10.29 10:49:13.263,0.71031,0.7104,1.12,1.00
2015.10.29 10:49:14.472,0.71031,0.7104,1.12,1.57
2015.10.29 10:49:14.626,0.71031,0.7104,2.47,1.57
2015.10.29 10:49:14.932,0.71048,0.71055,1.00,2.25
2015.10.29 10:49:15.084,0.71047,0.71056,1.50,1.00
2015.10.29 10:49:15.355,0.7105,0.7106,2.25,1.37
2015.10.29 10:49:15.659,0.71051,0.71061,1.50,2.62
2015.10.29 10:49:17.762,0.71049,0.7106,2.25,1.87
2015.10.29 10:49:24.821,0.71051,0.7106,1.12,1.50
2015.10.29 10:49:30.118,0.7105,0.7106,1.87,2.25
2015.10.29 10:49:30.341,0.71049,0.71057,1.00,1.50
2015.10.29 10:49:31.117,0.71049,0.71057,1.00,1.12
2015.10.29 10:49:32.974,0.71048,0.71057,1.87,1.00
2015.10.29 10:49:33.227,0.71049,0.71059,2.10,1.00
2015.10.29 10:49:39.149,0.71051,0.7106,1.00,1.50
2015.10.29 10:49:39.554,0.71049,0.71059,1.50,1.50
2015.10.29 10:49:42.456,0.7105,0.71057,1.00,1.00
2015.10.29 10:49:43.627,0.7105,0.71059,1.37,1.87
2015.10.29 10:49:45.745,0.71051,0.7106,1.12,1.00
2015.10.29 10:49:46.246,0.71051,0.7106,1.12,1.50
2015.10.29 10:49:47.264,0.71051,0.7106,1.12,1.00
2015.10.29 10:49:47.803,0.71051,0.7106,1.87,1.50
2015.10.29 10:49:48.354,0.71051,0.7106,1.87,1.00
2015.10.29 10:49:48.837,0.71055,0.71061,1.00,1.95
2015.10.29 10:49:49.090,0.71055,0.71064,1.12,3.00
2015.10.29 10:49:49.344,0.71057,0.71064,1.00,1.50
2015.10.29 10:49:49.858,0.71055,0.71064,1.37,1.50
2015.10.29 10:49:50.366,0.71053,0.71064,2.25,1.50
2015.10.29 10:49:51.282,0.71053,0.71063,2.25,1.50
2015.10.29 10:49:51.820,0.71053,0.71061,1.37,1.00
2015.10.29 10:49:52.802,0.71053,0.71062,1.37,1.12
2015.10.29 10:49:52.853,0.71053,0.71062,1.12,1.12
2015.10.29 10:49:55.132,0.71052,0.71063,1.50,3.75
2015.10.29 10:49:55.678,0.71052,0.71061,1.50,1.00
2015.10.29 10:49:56.694,0.71052,0.71062,1.50,1.12
2015.10.29 10:49:57.240,0.71052,0.7106,1.50,1.12
2015.10.29 10:49:57.678,0.71049,0.7106,3.37,1.87
2015.10.29 10:49:57.779,0.7105,0.71058,1.50,1.12
2015.10.29 10:49:58.386,0.71049,0.71058,1.00,1.50
2015.10.29 10:50:01.032,0.71049,0.71058,2.10,1.50
2015.10.29 10:50:01.185,0.7105,0.7106,2.10,1.00
2015.10.29 10:50:01.286,0.71051,0.71061,1.67,3.00
2015.10.29 10:50:01.594,0.71046,0.71052,1.95,1.00
2015.10.29 10:50:01.898,0.71041,0.7105,1.12,1.00
2015.10.29 10:50:02.419,0.7104,0.7105,1.75,2.32
2015.10.29 10:50:02.928,0.7104,0.7105,1.75,1.00
2015.10.29 10:50:03.451,0.7104,0.7105,1.75,1.50
2015.10.29 10:50:03.958,0.71039,0.71048,1.87,1.00
2015.10.29 10:50:04.009,0.7104,0.71048,1.00,1.00
2015.10.29 10:50:05.389,0.71038,0.71044,1.87,1.00
2015.10.29 10:50:05.490,0.71036,0.71042,1.00,1.00
2015.10.29 10:50:05.592,0.71033,0.71043,1.50,1.50
2015.10.29 10:50:05.643,0.71031,0.7104,1.87,1.00
2015.10.29 10:50:06.181,0.71031,0.7104,1.50,1.00
2015.10.29 10:50:07.120,0.71033,0.71042,1.00,1.87
2015.10.29 10:50:08.057,0.71031,0.71042,1.87,1.87
2015.10.29 10:50:08.209,0.71031,0.7104,1.00,1.37
2015.10.29 10:50:08.715,0.7103,0.71039,1.37,1.50
2015.10.29 10:50:09.090,0.71029,0.71039,1.50,1.12
2015.10.29 10:50:09.192,0.71029,0.71039,1.12,1.87
2015.10.29 10:50:10.106,0.71029,0.71039,1.50,1.12
2015.10.29 10:50:10.609,0.71031,0.71039,1.00,1.50
2015.10.29 10:50:11.115,0.7103,0.71039,1.87,1.50
2015.10.29 10:50:12.823,0.7103,0.71038,1.87,1.00
2015.10.29 10:50:13.360,0.71029,0.71038,1.50,1.00
2015.10.29 10:50:14.226,0.71028,0.71038,1.37,1.50
2015.10.29 10:50:15.432,0.71028,0.71038,1.00,1.50
2015.10.29 10:50:18.989,0.71028,0.71038,1.37,1.50
2015.10.29 10:50:19.494,0.71029,0.71038,1.00,1.12
2015.10.29 10:50:20.515,0.71029,0.71038,1.50,1.37
2015.10.29 10:50:21.503,0.71029,0.71037,1.50,1.50
2015.10.29 10:50:21.606,0.71029,0.71038,1.12,1.00
2015.10.29 10:50:22.760,0.71031,0.71039,1.00,2.25
2015.10.29 10:50:22.963,0.71032,0.71042,1.12,1.95
2015.10.29 10:50:23.066,0.71032,0.71042,1.50,1.20
2015.10.29 10:50:23.117,0.71032,0.71042,2.62,1.20
2015.10.29 10:50:23.634,0.71033,0.71041,1.50,1.00
2015.10.29 10:50:28.531,0.71033,0.71041,1.00,1.12
2015.10.29 10:50:30.345,0.7103,0.7104,1.50,1.00
2015.10.29 10:50:30.850,0.71028,0.71034,2.62,1.00
2015.10.29 10:50:30.952,0.71025,0.71034,1.57,1.50
2015.10.29 10:50:31.103,0.71022,0.71034,2.25,1.50
2015.10.29 10:50:31.379,0.71028,0.71035,1.00,1.95
2015.10.29 10:50:31.430,0.71028,0.71037,1.12,3.45
2015.10.29 10:50:31.936,0.71028,0.71037,1.50,1.50
2015.10.29 10:50:32.523,0.71028,0.71038,1.50,2.62
2015.10.29 10:50:34.168,0.71028,0.71037,1.37,1.50
2015.10.29 10:50:34.556,0.71026,0.71037,1.50,3.00
2015.10.29 10:50:34.658,0.71024,0.71033,1.50,1.12
2015.10.29 10:50:34.709,0.71024,0.71031,1.00,1.12
2015.10.29 10:50:34.760,0.71022,0.71031,1.12,1.50
2015.10.29 10:50:34.963,0.71022,0.71031,1.12,1.87
2015.10.29 10:50:35.273,0.71028,0.71033,1.00,1.37
2015.10.29 10:50:35.324,0.71026,0.71035,1.12,1.37
2015.10.29 10:50:35.375,0.71026,0.71035,2.25,2.10
2015.10.29 10:50:35.478,0.71025,0.71033,1.12,1.00
2015.10.29 10:50:35.579,0.71022,0.71032,1.50,1.00
2015.10.29 10:50:35.883,0.71025,0.71034,1.00,2.25
2015.10.29 10:50:36.085,0.71027,0.71036,1.00,1.37
2015.10.29 10:50:36.586,0.71027,0.71036,1.00,1.50
2015.10.29 10:50:38.144,0.71026,0.71036,1.50,1.00
2015.10.29 10:50:38.447,0.71026,0.71035,1.00,2.62
2015.10.29 10:50:38.952,0.71024,0.71035,1.37,3.00
2015.10.29 10:50:39.208,0.71023,0.71034,1.50,2.25
2015.10.29 10:50:39.562,0.71022,0.71032,1.12,1.87
2015.10.29 10:50:39.867,0.71021,0.71031,1.00,1.75
2015.10.29 10:50:41.470,0.71022,0.7103,1.00,1.37
2015.10.29 10:50:41.521,0.71021,0.71031,1.87,1.00
2015.10.29 10:50:42.027,0.71023,0.71032,1.12,1.00
2015.10.29 10:50:42.532,0.71022,0.71032,1.50,1.12
2015.10.29 10:50:43.099,0.71023,0.71032,1.00,1.12
2015.10.29 10:50:43.814,0.71022,0.71032,1.87,1.50
2015.10.29 10:50:44.067,0.71022,0.71032,1.12,1.87
2015.10.29 10:50:44.594,0.71022,0.71032,1.00,2.25
2015.10.29 10:50:45.418,0.71021,0.71032,1.50,2.25
2015.10.29 10:50:54.553,0.7102,0.71029,1.12,1.12
2015.10.29 10:51:06.538,0.71021,0.7103,1.00,1.87
2015.10.29 10:51:07.074,0.7102,0.7103,1.00,1.37
2015.10.29 10:51:07.579,0.71019,0.7103,2.25,1.87
2015.10.29 10:51:08.116,0.71019,0.71029,2.25,1.00
2015.10.29 10:51:14.613,0.71019,0.7103,1.87,2.25
2015.10.29 10:51:15.636,0.71021,0.7103,1.00,1.87
2015.10.29 10:51:15.807,0.71022,0.71031,1.00,2.62
2015.10.29 10:51:15.960,0.71026,0.71031,1.00,1.12
2015.10.29 10:51:16.011,0.71024,0.71033,1.50,1.12
2015.10.29 10:51:16.113,0.71024,0.71033,1.50,1.37
2015.10.29 10:51:16.316,0.71026,0.71034,1.00,3.75
2015.10.29 10:51:16.367,0.71024,0.71034,1.00,3.37
2015.10.29 10:51:16.520,0.71027,0.71035,1.00,1.12
2015.10.29 10:51:17.060,0.71027,0.71037,1.87,2.25
2015.10.29 10:51:17.617,0.71027,0.71037,1.87,1.50
2015.10.29 10:51:18.214,0.71027,0.71037,1.87,2.25
2015.10.29 10:51:18.746,0.71027,0.71037,1.50,1.50
2015.10.29 10:51:19.681,0.71027,0.71037,1.50,2.25
2015.10.29 10:51:20.703,0.71027,0.71037,1.50,1.50
2015.10.29 10:51:21.857,0.71027,0.71035,1.00,1.12
2015.10.29 10:51:22.161,0.71025,0.71034,1.00,1.87
2015.10.29 10:51:22.364,0.71024,0.71033,1.00,1.37
2015.10.29 10:51:22.688,0.71021,0.7103,1.12,1.37
2015.10.29 10:51:45.026,0.71023,0.71031,1.00,1.37
2015.10.29 10:51:45.936,0.71023,0.71032,1.00,1.37
2015.10.29 10:51:46.452,0.71023,0.71032,1.00,1.50
2015.10.29 10:51:47.133,0.71023,0.71032,1.50,2.25
2015.10.29 10:51:48.410,0.71023,0.71032,1.00,1.12
2015.10.29 10:51:48.916,0.71024,0.71032,1.00,1.12
2015.10.29 10:51:49.017,0.71027,0.71032,1.00,1.00
2015.10.29 10:51:49.244,0.71028,0.71037,1.87,1.00
2015.10.29 10:51:49.347,0.71028,0.71038,2.25,1.00
2015.10.29 10:51:49.853,0.7103,0.71039,1.37,1.12
2015.10.29 10:51:50.758,0.7103,0.71039,1.00,1.37
2015.10.29 10:51:52.476,0.7103,0.71036,1.00,1.00
2015.10.29 10:51:52.730,0.71021,0.7103,2.25,1.12
2015.10.29 10:51:53.084,0.7102,0.71029,1.50,1.50
2015.10.29 10:51:53.585,0.7102,0.71026,1.12,1.00
2015.10.29 10:51:53.687,0.71016,0.71025,1.95,1.37
2015.10.29 10:51:54.041,0.71015,0.71023,1.12,1.37
2015.10.29 10:51:55.084,0.71016,0.71022,1.00,1.12
2015.10.29 10:51:55.388,0.71013,0.71022,1.87,1.12
2015.10.29 10:51:56.039,0.71011,0.71022,1.50,1.87
2015.10.29 10:51:56.242,0.71009,0.71019,1.50,1.12
2015.10.29 10:51:56.712,0.71007,0.71016,1.37,1.00
2015.10.29 10:51:57.117,0.71008,0.71018,1.87,1.57
2015.10.29 10:51:57.522,0.71008,0.71017,1.12,1.00
2015.10.29 10:51:57.725,0.71005,0.71016,1.12,1.87
2015.10.29 10:51:57.851,0.71005,0.71014,1.00,1.00
2015.10.29 10:51:58.357,0.71004,0.71014,1.12,1.00
2015.10.29 10:52:00.206,0.71004,0.71016,1.50,3.37
2015.10.29 10:52:00.359,0.71005,0.71011,1.12,1.37
2015.10.29 10:52:00.515,0.71001,0.71009,1.00,1.00
2015.10.29 10:52:00.566,0.70998,0.71009,1.50,2.62
2015.10.29 10:52:00.617,0.70997,0.71007,1.95,1.50
2015.10.29 10:52:00.769,0.70996,0.71006,1.00,1.00
2015.10.29 10:52:01.174,0.70997,0.71008,1.37,1.87
2015.10.29 10:52:01.717,0.70998,0.71008,1.50,1.37
2015.10.29 10:52:02.678,0.70998,0.71009,2.25,1.12
2015.10.29 10:52:03.172,0.71,0.71009,1.00,1.00
2015.10.29 10:52:03.678,0.71,0.7101,1.12,2.25
2015.10.29 10:52:04.213,0.71001,0.7101,1.00,1.50
2015.10.29 10:52:04.719,0.70999,0.7101,1.87,1.00
2015.10.29 10:52:07.350,0.70999,0.71009,1.87,1.00
2015.10.29 10:52:08.612,0.70999,0.71007,1.37,1.00
2015.10.29 10:52:08.937,0.70992,0.71002,1.87,1.37
2015.10.29 10:52:09.089,0.70993,0.71001,1.00,1.00
2015.10.29 10:52:09.698,0.70993,0.71003,1.12,1.50
2015.10.29 10:52:09.790,0.70993,0.71003,1.87,1.50
2015.10.29 10:52:09.994,0.70998,0.71007,1.12,1.07
2015.10.29 10:52:10.198,0.70998,0.71008,2.62,1.57
2015.10.29 10:52:10.351,0.71,0.71009,1.12,1.17
2015.10.29 10:52:10.877,0.71,0.71009,1.12,1.10
2015.10.29 10:52:12.837,0.71,0.71009,1.00,1.57
2015.10.29 10:52:14.608,0.70998,0.71005,2.62,1.00
2015.10.29 10:52:14.710,0.70998,0.71004,1.12,1.00
2015.10.29 10:52:14.916,0.70996,0.71001,1.00,1.00
2015.10.29 10:52:15.070,0.70992,0.71001,1.12,1.00
2015.10.29 10:52:15.376,0.70991,0.71,1.37,1.00
2015.10.29 10:52:17.549,0.70991,0.71,1.12,1.00
2015.10.29 10:52:18.106,0.70991,0.71001,1.12,1.50
2015.10.29 10:52:18.496,0.70991,0.70999,1.12,1.00
2015.10.29 10:52:18.547,0.70991,0.71001,1.12,1.50
2015.10.29 10:52:19.670,0.70991,0.70999,1.12,1.00
2015.10.29 10:52:19.721,0.70991,0.71001,1.12,1.50
2015.10.29 10:52:21.254,0.70995,0.71001,1.00,1.00
2015.10.29 10:52:21.456,0.70996,0.71005,1.87,1.00
2015.10.29 10:52:21.507,0.70996,0.71007,1.87,1.00
2015.10.29 10:52:22.244,0.70998,0.71009,1.37,2.25
2015.10.29 10:52:22.750,0.71,0.71009,1.12,1.50
2015.10.29 10:52:25.754,0.70999,0.7101,1.75,1.50
2015.10.29 10:52:26.004,0.71001,0.7101,1.50,1.00
2015.10.29 10:52:26.257,0.71005,0.71012,1.00,1.37
2015.10.29 10:52:26.359,0.71004,0.71014,1.87,1.47
2015.10.29 10:52:26.511,0.71006,0.71015,1.87,1.00
2015.10.29 10:52:26.663,0.71008,0.71017,1.00,1.12
2015.10.29 10:52:27.201,0.71009,0.71017,1.12,1.00
2015.10.29 10:52:27.707,0.71009,0.71018,1.12,1.00
2015.10.29 10:52:30.829,0.71008,0.71018,1.50,1.12
2015.10.29 10:52:31.340,0.71008,0.71017,1.50,1.00
2015.10.29 10:52:31.851,0.71009,0.71018,1.00,1.87
2015.10.29 10:52:32.400,0.71008,0.71019,1.50,2.25
2015.10.29 10:52:35.865,0.71009,0.71018,1.00,2.62
2015.10.29 10:52:38.809,0.71008,0.71016,1.12,1.00
2015.10.29 10:52:39.719,0.71008,0.71017,1.00,1.10
2015.10.29 10:52:40.242,0.71009,0.71017,1.00,1.00
2015.10.29 10:52:40.781,0.71008,0.71017,1.50,1.12
2015.10.29 10:52:41.304,0.71009,0.71018,1.12,2.32
2015.10.29 10:52:41.821,0.71009,0.71018,1.00,1.57
2015.10.29 10:52:42.388,0.71007,0.71018,1.87,1.95
2015.10.29 10:52:42.439,0.71007,0.71014,1.37,1.00
2015.10.29 10:52:42.587,0.71005,0.71015,1.50,1.37
2015.10.29 10:52:43.092,0.71004,0.71015,1.50,1.37
2015.10.29 10:52:43.345,0.71003,0.71013,1.87,1.50
2015.10.29 10:52:43.849,0.71003,0.71013,1.00,3.00
2015.10.29 10:52:44.052,0.71002,0.71011,1.50,1.37
2015.10.29 10:52:45.641,0.71,0.7101,1.00,1.50
2015.10.29 10:52:48.125,0.71001,0.7101,1.00,2.62
2015.10.29 10:52:50.748,0.71,0.71009,1.00,2.62
2015.10.29 10:52:51.259,0.70999,0.71009,1.50,1.12
2015.10.29 10:52:51.767,0.70999,0.71009,1.50,1.87
2015.10.29 10:53:00.642,0.71,0.7101,1.00,3.00
2015.10.29 10:53:01.148,0.71001,0.7101,1.00,1.87
2015.10.29 10:53:01.680,0.71001,0.71011,1.50,2.25
2015.10.29 10:53:04.672,0.71005,0.71011,1.00,1.50
2015.10.29 10:53:04.774,0.71003,0.71011,1.12,1.00
2015.10.29 10:53:04.876,0.71007,0.71014,1.00,1.87
2015.10.29 10:53:05.130,0.71008,0.71018,1.00,2.62
2015.10.29 10:53:05.761,0.71008,0.71014,1.00,1.00
2015.10.29 10:53:05.913,0.71003,0.71013,1.50,1.12
2015.10.29 10:53:06.166,0.71002,0.71011,1.50,1.00
2015.10.29 10:53:06.807,0.71002,0.71011,1.37,2.25
2015.10.29 10:53:07.834,0.71001,0.7101,1.50,1.37
2015.10.29 10:53:08.037,0.71001,0.71009,1.00,1.12
2015.10.29 10:53:08.918,0.71001,0.71008,1.00,1.00
2015.10.29 10:53:09.423,0.71001,0.71009,1.00,1.12
2015.10.29 10:53:12.788,0.71001,0.71009,1.00,1.37
2015.10.29 10:53:14.838,0.71001,0.71011,1.12,1.10
2015.10.29 10:53:15.042,0.71003,0.71012,1.00,1.20
2015.10.29 10:53:15.409,0.71005,0.71013,1.00,1.00
2015.10.29 10:53:15.713,0.71008,0.71017,1.00,1.50
2015.10.29 10:53:16.242,0.71009,0.71019,1.00,1.87
2015.10.29 10:53:19.835,0.71009,0.71018,1.37,1.00
2015.10.29 10:53:22.870,0.71009,0.71015,1.37,1.00
2015.10.29 10:53:23.024,0.71006,0.71015,1.12,1.87
2015.10.29 10:53:23.075,0.71006,0.71015,1.50,1.87
2015.10.29 10:53:23.227,0.71004,0.71014,1.37,1.50
2015.10.29 10:53:23.278,0.71003,0.71014,1.37,1.87
2015.10.29 10:53:23.854,0.71005,0.71015,1.12,1.87
2015.10.29 10:53:26.063,0.71003,0.71014,1.37,1.75
2015.10.29 10:53:26.258,0.71002,0.71011,1.00,1.87
2015.10.29 10:53:26.763,0.71,0.7101,1.87,1.37
2015.10.29 10:53:28.006,0.71004,0.7101,1.00,1.37
2015.10.29 10:53:28.255,0.71005,0.71014,1.60,1.20
2015.10.29 10:53:28.358,0.71004,0.71016,1.87,2.62
2015.10.29 10:53:28.460,0.71006,0.71016,1.50,2.62
2015.10.29 10:53:28.975,0.71006,0.71015,1.37,1.50
2015.10.29 10:53:29.673,0.71007,0.71016,1.50,1.20
2015.10.29 10:53:30.449,0.71009,0.71018,1.00,1.87
2015.10.29 10:53:31.546,0.71009,0.71019,1.12,1.00
2015.10.29 10:53:34.197,0.71009,0.71019,1.75,1.50
2015.10.29 10:53:34.804,0.71008,0.71018,1.87,1.00
2015.10.29 10:53:34.976,0.71007,0.71017,1.75,1.00
2015.10.29 10:53:37.610,0.71007,0.71015,1.37,1.00
2015.10.29 10:53:37.915,0.71,0.71011,2.62,1.50
2015.10.29 10:53:38.321,0.70999,0.71008,1.12,1.00
2015.10.29 10:53:38.853,0.70999,0.71009,1.37,1.87
2015.10.29 10:53:39.712,0.71,0.7101,1.87,1.37
2015.10.29 10:53:45.900,0.70998,0.7101,3.82,1.12
2015.10.29 10:53:48.254,0.70999,0.71008,3.75,1.00
2015.10.29 10:53:48.557,0.70999,0.7101,3.00,1.12
2015.10.29 10:53:49.013,0.70999,0.71008,3.75,1.00
2015.10.29 10:53:49.398,0.70999,0.7101,2.62,1.12
2015.10.29 10:53:52.140,0.71002,0.71011,1.00,1.87
2015.10.29 10:53:52.358,0.71003,0.71014,2.10,2.25
2015.10.29 10:53:52.663,0.71007,0.71016,1.12,1.50
2015.10.29 10:53:53.178,0.71007,0.71016,1.50,1.12
2015.10.29 10:53:54.128,0.71006,0.71013,1.37,1.12
2015.10.29 10:53:54.210,0.71005,0.71013,1.00,1.50
2015.10.29 10:53:54.263,0.71002,0.71011,1.87,1.12
2015.10.29 10:53:54.365,0.71001,0.7101,1.87,1.12
2015.10.29 10:53:54.886,0.71,0.71009,1.50,1.00
2015.10.29 10:53:55.438,0.71,0.7101,1.00,1.12
2015.10.29 10:53:55.947,0.71,0.71009,1.50,1.12
2015.10.29 10:53:57.064,0.70999,0.71003,1.87,1.00
2015.10.29 10:53:57.216,0.70998,0.71004,1.50,1.37
2015.10.29 10:53:57.268,0.70995,0.71002,1.00,1.12
2015.10.29 10:53:57.370,0.70992,0.70998,1.12,1.00
2015.10.29 10:53:57.671,0.7099,0.70995,1.12,1.12
2015.10.29 10:53:57.926,0.70984,0.70992,1.37,1.00
2015.10.29 10:53:57.977,0.70983,0.70991,1.00,1.00
2015.10.29 10:53:58.080,0.70981,0.7099,1.00,1.12
2015.10.29 10:53:58.131,0.70979,0.70988,3.00,1.00
2015.10.29 10:53:58.672,0.70978,0.70988,2.10,1.12
2015.10.29 10:53:59.178,0.70979,0.70988,1.87,1.00
2015.10.29 10:53:59.230,0.70979,0.7099,1.12,1.50
2015.10.29 10:53:59.761,0.70979,0.70989,1.12,1.00
2015.10.29 10:54:00.267,0.7098,0.7099,1.12,1.87
2015.10.29 10:54:00.813,0.7098,0.70989,1.12,1.12
2015.10.29 10:54:01.338,0.7098,0.7099,1.12,1.50
2015.10.29 10:54:02.027,0.7098,0.70989,2.05,1.00
2015.10.29 10:54:02.584,0.7098,0.7099,3.22,1.50
2015.10.29 10:54:02.939,0.70983,0.70994,1.50,3.00
2015.10.29 10:54:03.040,0.70986,0.70994,1.00,1.87
2015.10.29 10:54:03.142,0.70986,0.70994,1.37,1.00
2015.10.29 10:54:03.193,0.70988,0.70997,1.00,1.87
2015.10.29 10:54:03.699,0.70989,0.70998,1.87,1.00
2015.10.29 10:54:03.800,0.70989,0.70998,1.87,1.00
2015.10.29 10:54:04.325,0.70989,0.70998,2.25,1.00
2015.10.29 10:54:05.476,0.70989,0.70999,1.87,1.50
2015.10.29 10:54:09.170,0.70986,0.70996,4.87,1.00
2015.10.29 10:54:09.272,0.70986,0.70994,1.12,1.00
2015.10.29 10:54:09.424,0.70982,0.70992,1.12,1.37
2015.10.29 10:54:09.982,0.70981,0.70992,1.87,3.00
2015.10.29 10:54:11.532,0.70982,0.7099,1.37,1.00
2015.10.29 10:54:12.083,0.70982,0.70991,1.87,1.00
2015.10.29 10:54:13.387,0.70987,0.70991,1.00,1.00
2015.10.29 10:54:13.489,0.7099,0.70996,1.50,1.57
2015.10.29 10:54:13.540,0.70994,0.71,1.12,1.87
2015.10.29 10:54:13.591,0.70996,0.71004,1.00,1.75
2015.10.29 10:54:13.643,0.70998,0.71006,1.00,1.12
2015.10.29 10:54:13.795,0.70999,0.71009,1.20,1.75
2015.10.29 10:54:14.299,0.70999,0.71009,1.12,1.50
2015.10.29 10:54:14.401,0.70998,0.71005,1.00,1.00
2015.10.29 10:54:14.655,0.70993,0.71003,1.37,1.50
2015.10.29 10:54:14.706,0.70993,0.71004,1.50,1.87
2015.10.29 10:54:14.793,0.70993,0.71004,1.50,1.87
2015.10.29 10:54:14.845,0.70994,0.71004,2.25,1.37
2015.10.29 10:54:15.251,0.70993,0.71002,1.00,1.37
2015.10.29 10:54:16.305,0.70992,0.71001,1.12,1.50
2015.10.29 10:54:17.709,0.70989,0.70999,1.87,1.00
2015.10.29 10:54:18.210,0.70989,0.70999,1.12,1.37
2015.10.29 10:54:18.726,0.70991,0.71,1.00,1.50
2015.10.29 10:54:22.336,0.70992,0.71001,1.00,2.62
2015.10.29 10:54:22.692,0.70995,0.71001,1.00,1.87
2015.10.29 10:54:22.793,0.70998,0.71003,1.00,1.00
2015.10.29 10:54:22.969,0.70999,0.71007,1.12,1.00
2015.10.29 10:54:23.020,0.70999,0.71009,1.12,2.25
2015.10.29 10:54:23.424,0.70999,0.71007,1.12,1.00
2015.10.29 10:54:23.954,0.71,0.71007,1.00,1.00
2015.10.29 10:54:29.933,0.70999,0.71007,1.00,1.12
2015.10.29 10:54:30.524,0.70999,0.71008,1.37,1.12
2015.10.29 10:54:32.227,0.70999,0.71004,1.37,1.00
2015.10.29 10:54:32.328,0.70998,0.71006,1.12,1.75
2015.10.29 10:54:32.531,0.70997,0.71006,1.12,1.87
2015.10.29 10:54:33.651,0.70996,0.71006,3.00,1.00
2015.10.29 10:54:34.521,0.70999,0.71006,1.00,1.00
2015.10.29 10:54:34.622,0.70999,0.71008,1.00,3.00
2015.10.29 10:54:35.128,0.70998,0.71008,1.50,1.50
2015.10.29 10:54:35.406,0.70998,0.71008,1.87,1.50
2015.10.29 10:54:35.911,0.70998,0.71008,2.25,1.50
2015.10.29 10:54:37.462,0.71001,0.7101,1.00,1.12
2015.10.29 10:54:37.968,0.71001,0.7101,1.87,1.00
2015.10.29 10:54:42.244,0.71002,0.71011,1.00,1.00
2015.10.29 10:54:42.548,0.71002,0.71013,1.75,1.37
2015.10.29 10:54:44.190,0.71004,0.71015,1.87,2.25
2015.10.29 10:54:44.291,0.71004,0.71015,1.50,1.50
2015.10.29 10:54:44.508,0.71005,0.71016,2.62,1.37
2015.10.29 10:54:45.014,0.71007,0.71016,1.87,1.00
2015.10.29 10:54:45.590,0.71007,0.71017,1.12,1.50
2015.10.29 10:54:46.723,0.71007,0.71017,2.62,1.00
2015.10.29 10:54:47.044,0.71008,0.71019,1.87,2.62
2015.10.29 10:54:47.298,0.71008,0.71019,1.00,2.62
2015.10.29 10:54:48.492,0.71008,0.71017,1.50,1.00
2015.10.29 10:54:49.327,0.71008,0.71018,1.50,1.12
2015.10.29 10:54:49.833,0.71008,0.71018,1.50,1.12
2015.10.29 10:54:55.624,0.71007,0.71017,1.50,1.12
2015.10.29 10:54:57.840,0.71007,0.71017,1.00,1.12
2015.10.29 10:54:59.753,0.71007,0.71018,1.50,2.62
2015.10.29 10:55:05.756,0.71008,0.71019,1.12,3.37
2015.10.29 10:55:07.456,0.71009,0.71017,1.00,1.12
2015.10.29 10:55:07.710,0.71006,0.71016,1.47,1.50
2015.10.29 10:55:08.418,0.71006,0.71015,1.87,1.00
2015.10.29 10:55:08.468,0.71006,0.71012,1.00,1.00
2015.10.29 10:55:08.728,0.71,0.7101,3.00,1.50
2015.10.29 10:55:09.132,0.71003,0.71012,1.00,1.12
2015.10.29 10:55:09.183,0.71003,0.71014,1.50,2.62
2015.10.29 10:55:09.234,0.71003,0.71013,1.87,1.00
2015.10.29 10:55:09.386,0.71002,0.71013,3.60,1.50
2015.10.29 10:55:09.867,0.71004,0.71013,2.25,1.00
2015.10.29 10:55:10.677,0.71003,0.71013,1.12,1.00
2015.10.29 10:55:11.662,0.71003,0.71013,1.37,1.12
2015.10.29 10:55:12.629,0.71005,0.71014,1.00,1.00
2015.10.29 10:55:12.755,0.71004,0.71014,1.00,1.50
2015.10.29 10:55:13.211,0.71002,0.71011,1.50,1.37
2015.10.29 10:55:13.767,0.71002,0.71012,1.00,1.50
2015.10.29 10:55:14.594,0.71002,0.71012,1.00,1.50
2015.10.29 10:55:15.099,0.71002,0.71011,1.50,1.00
2015.10.29 10:55:15.604,0.71002,0.71012,1.50,1.50
2015.10.29 10:55:15.807,0.71003,0.71012,1.87,1.12
2015.10.29 10:55:16.111,0.71005,0.71014,1.12,1.00
2015.10.29 10:55:16.418,0.71006,0.71014,1.37,1.00
2015.10.29 10:55:18.045,0.71006,0.71015,1.37,1.00
2015.10.29 10:55:18.552,0.71007,0.71017,1.87,1.50
2015.10.29 10:55:19.097,0.71008,0.71017,1.50,1.12
2015.10.29 10:55:20.340,0.71008,0.71017,1.37,1.00
2015.10.29 10:55:20.442,0.71008,0.71018,1.00,1.87
2015.10.29 10:55:25.725,0.71007,0.71018,2.25,1.50
2015.10.29 10:55:28.471,0.71007,0.71017,1.87,1.50
2015.10.29 10:55:29.516,0.71005,0.71016,4.50,1.50
2015.10.29 10:55:29.567,0.71005,0.71015,1.00,1.12
2015.10.29 10:55:29.617,0.71004,0.71012,2.70,1.00
2015.10.29 10:55:29.921,0.71002,0.71011,1.50,1.37
2015.10.29 10:55:30.124,0.71001,0.71011,1.50,1.37
2015.10.29 10:55:30.404,0.71001,0.7101,1.37,1.75
2015.10.29 10:55:30.507,0.71002,0.7101,1.00,1.12
2015.10.29 10:55:31.771,0.71,0.71011,3.75,1.87
2015.10.29 10:55:31.923,0.71,0.7101,1.00,1.50
2015.10.29 10:55:32.952,0.70999,0.71008,1.72,1.12
2015.10.29 10:55:33.205,0.70999,0.71008,1.72,1.12
2015.10.29 10:55:33.819,0.71002,0.7101,1.35,1.37
2015.10.29 10:55:33.921,0.71005,0.71014,1.00,1.87
2015.10.29 10:55:34.376,0.71003,0.71011,1.37,1.00
2015.10.29 10:55:34.477,0.71,0.71011,2.70,2.62
2015.10.29 10:55:34.680,0.70999,0.7101,3.07,1.12
2015.10.29 10:55:35.752,0.71,0.71009,1.87,1.50
2015.10.29 10:55:36.804,0.71001,0.71011,1.35,1.87
2015.10.29 10:55:37.111,0.71004,0.71013,1.12,2.62
2015.10.29 10:55:37.166,0.71004,0.71013,1.37,1.12
2015.10.29 10:55:38.533,0.71003,0.71012,1.37,1.00
2015.10.29 10:55:38.585,0.71003,0.71012,1.00,1.87
2015.10.29 10:55:38.686,0.71001,0.71011,1.12,1.00
2015.10.29 10:55:39.295,0.71001,0.71011,1.00,1.50
2015.10.29 10:55:42.390,0.71005,0.71012,1.00,1.87
2015.10.29 10:55:42.492,0.71006,0.71013,1.00,1.12
2015.10.29 10:55:42.542,0.71007,0.71015,1.37,1.12
2015.10.29 10:55:42.692,0.71007,0.71016,2.62,1.12
2015.10.29 10:55:43.280,0.71007,0.71016,2.25,1.00
2015.10.29 10:55:43.792,0.71007,0.71016,3.00,1.00
2015.10.29 10:55:44.363,0.71007,0.71017,1.50,2.25
2015.10.29 10:55:44.942,0.71007,0.71017,2.25,2.25
2015.10.29 10:55:45.446,0.71007,0.71017,1.50,2.25
2015.10.29 10:55:45.947,0.71007,0.71017,2.25,2.25
2015.10.29 10:55:47.160,0.71007,0.71017,2.25,2.25
2015.10.29 10:55:47.671,0.71007,0.71017,1.57,2.25
2015.10.29 10:55:48.221,0.71007,0.71017,1.10,2.25
2015.10.29 10:55:50.063,0.71007,0.71017,1.57,2.25
2015.10.29 10:55:50.568,0.71007,0.71017,1.10,2.25
2015.10.29 10:55:53.175,0.71007,0.71017,1.57,3.00
2015.10.29 10:55:53.680,0.71007,0.71017,1.10,3.00
2015.10.29 10:55:54.779,0.71007,0.71017,1.50,3.00
2015.10.29 10:55:55.382,0.71007,0.71017,1.00,3.00
2015.10.29 10:55:56.488,0.71007,0.71017,1.50,3.00
2015.10.29 10:55:57.007,0.71007,0.71017,1.00,3.00
2015.10.29 10:55:57.539,0.71008,0.71017,1.00,3.00
2015.10.29 10:55:58.388,0.71007,0.71017,1.00,3.00
2015.10.29 10:55:59.898,0.71007,0.71017,1.50,3.00
2015.10.29 10:56:00.403,0.71007,0.71017,1.00,3.00
2015.10.29 10:56:01.020,0.71007,0.71017,1.50,3.00
2015.10.29 10:56:01.554,0.71007,0.71017,1.00,3.00
2015.10.29 10:56:02.569,0.71007,0.71017,1.50,3.00
2015.10.29 10:56:03.108,0.71007,0.71017,1.00,3.00
2015.10.29 10:56:03.981,0.71008,0.71017,1.00,3.00
2015.10.29 10:56:08.378,0.71013,0.71017,1.00,1.87
2015.10.29 10:56:08.481,0.71012,0.71018,1.37,1.12
2015.10.29 10:56:08.582,0.71012,0.71023,1.87,5.32
2015.10.29 10:56:09.088,0.71013,0.71022,1.00,2.62
2015.10.29 10:56:14.907,0.71011,0.71021,1.37,1.50
2015.10.29 10:56:15.452,0.71011,0.71021,1.12,2.25
2015.10.29 10:56:19.210,0.71011,0.71018,1.00,1.00
2015.10.29 10:56:19.513,0.71008,0.71018,1.50,2.62
2015.10.29 10:56:20.120,0.71008,0.71018,2.10,2.25
2015.10.29 10:56:21.576,0.71008,0.71018,1.72,3.00
2015.10.29 10:56:29.706,0.71008,0.71017,1.50,1.00
2015.10.29 10:56:30.782,0.71008,0.71012,1.12,1.00
2015.10.29 10:56:30.893,0.71004,0.71014,2.70,1.50
2015.10.29 10:56:31.147,0.71006,0.71015,1.50,1.87
2015.10.29 10:56:31.199,0.71006,0.71015,2.62,1.87
2015.10.29 10:56:31.706,0.71006,0.71015,2.62,1.00
2015.10.29 10:56:32.228,0.71006,0.71015,1.87,1.00
2015.10.29 10:56:32.765,0.71006,0.71015,1.87,1.00
2015.10.29 10:56:43.054,0.71006,0.71015,2.62,1.00
2015.10.29 10:56:44.511,0.71006,0.71016,1.87,1.12
2015.10.29 10:56:45.575,0.71007,0.71016,1.00,1.12
2015.10.29 10:56:47.146,0.71008,0.71017,1.00,1.87
2015.10.29 10:56:47.365,0.71012,0.71018,1.00,2.25
2015.10.29 10:56:47.532,0.71014,0.71022,1.50,1.00
2015.10.29 10:56:47.633,0.71016,0.71022,1.00,1.00
2015.10.29 10:56:47.785,0.71016,0.71024,1.00,1.50
2015.10.29 10:56:48.689,0.71017,0.71024,1.00,1.00
2015.10.29 10:56:50.930,0.71018,0.71027,1.00,1.92
2015.10.29 10:56:51.082,0.71018,0.71028,1.50,1.95
2015.10.29 10:56:51.650,0.71019,0.71028,1.50,1.12
2015.10.29 10:56:52.165,0.71019,0.71028,1.00,1.12
2015.10.29 10:56:52.735,0.71019,0.71027,1.12,1.00
2015.10.29 10:56:58.847,0.71019,0.71028,1.50,1.87
2015.10.29 10:57:04.412,0.71019,0.71028,1.12,1.87
2015.10.29 10:57:05.171,0.71018,0.71028,1.50,1.87
2015.10.29 10:57:06.337,0.71019,0.71028,1.00,1.87
2015.10.29 10:57:06.878,0.71018,0.71028,1.50,1.12
2015.10.29 10:57:07.733,0.71019,0.71028,1.00,1.12
2015.10.29 10:57:08.250,0.71018,0.71025,1.12,1.00
2015.10.29 10:57:08.571,0.71016,0.71025,1.50,1.50
2015.10.29 10:57:08.621,0.71016,0.71025,1.12,2.25
2015.10.29 10:57:08.874,0.71014,0.71023,1.00,1.00
2015.10.29 10:57:09.129,0.71013,0.71021,1.00,1.00
2015.10.29 10:57:09.434,0.7101,0.7102,1.37,1.12
2015.10.29 10:57:09.637,0.71008,0.71018,2.25,1.37
2015.10.29 10:57:10.163,0.7101,0.71018,1.00,1.75
2015.10.29 10:57:10.214,0.71014,0.71018,1.00,1.00
2015.10.29 10:57:10.467,0.71017,0.71026,1.00,3.75
2015.10.29 10:57:10.569,0.71017,0.71026,1.00,2.62
2015.10.29 10:57:11.100,0.71018,0.71026,1.00,1.12
2015.10.29 10:57:12.119,0.71017,0.71026,1.12,1.75
2015.10.29 10:57:13.860,0.71018,0.71027,1.00,1.75
2015.10.29 10:57:13.961,0.71018,0.71027,1.00,1.87
2015.10.29 10:57:14.688,0.71018,0.71027,1.00,1.50
2015.10.29 10:57:19.938,0.71019,0.71028,1.00,1.87
2015.10.29 10:57:20.445,0.71018,0.71027,1.00,1.75
2015.10.29 10:57:33.283,0.7102,0.71027,1.00,1.75
2015.10.29 10:57:33.385,0.7102,0.71029,1.50,1.00
2015.10.29 10:57:33.588,0.71022,0.7103,1.00,1.00
2015.10.29 10:57:33.791,0.7102,0.71031,1.00,1.87
2015.10.29 10:57:34.315,0.7102,0.71029,1.12,1.00
2015.10.29 10:57:34.669,0.7102,0.71031,1.12,1.87
2015.10.29 10:57:35.326,0.71019,0.7103,2.62,1.12
2015.10.29 10:57:40.658,0.71018,0.71028,1.37,1.87
2015.10.29 10:57:41.166,0.71018,0.71028,1.00,1.87
2015.10.29 10:57:42.093,0.71018,0.71029,1.72,1.87
2015.10.29 10:57:42.295,0.71019,0.71028,1.35,1.00
2015.10.29 10:57:42.800,0.7102,0.71028,1.00,1.00
2015.10.29 10:57:43.490,0.71018,0.71028,3.22,1.00
2015.10.29 10:57:48.570,0.7102,0.71028,1.00,1.00
2015.10.29 10:57:52.110,0.71018,0.71028,2.62,1.00
2015.10.29 10:57:52.616,0.71018,0.71029,1.12,1.87
2015.10.29 10:57:53.608,0.71018,0.71027,1.12,1.37
2015.10.29 10:57:58.503,0.71018,0.71026,1.50,1.00
2015.10.29 10:58:08.734,0.71017,0.71028,1.50,1.12
2015.10.29 10:58:09.241,0.71017,0.71028,2.62,1.12
2015.10.29 10:58:14.587,0.71017,0.71026,1.50,1.00
2015.10.29 10:58:15.294,0.71017,0.71026,2.25,1.00
2015.10.29 10:58:15.814,0.71017,0.71026,1.50,1.00
2015.10.29 10:58:16.334,0.71018,0.71026,1.00,1.00
2015.10.29 10:58:26.101,0.71019,0.71028,1.00,1.87
2015.10.29 10:58:26.610,0.71018,0.71029,1.50,1.12
2015.10.29 10:58:28.118,0.71019,0.71029,1.00,1.87
2015.10.29 10:58:28.635,0.71018,0.71029,1.50,1.87
2015.10.29 10:58:38.804,0.71019,0.71026,1.00,1.00
2015.10.29 10:58:40.518,0.71018,0.71028,1.87,1.12
2015.10.29 10:58:42.399,0.71019,0.71028,1.00,1.12
2015.10.29 10:58:50.032,0.71021,0.71029,1.00,1.37
2015.10.29 10:58:50.084,0.71021,0.71029,1.87,1.12
2015.10.29 10:58:50.288,0.71022,0.71031,1.00,1.50
2015.10.29 10:58:51.113,0.71025,0.71031,1.00,1.00
2015.10.29 10:58:51.366,0.71027,0.71037,1.00,2.25
2015.10.29 10:58:51.468,0.71027,0.71037,1.50,1.12
2015.10.29 10:58:52.424,0.71029,0.71037,1.00,1.00
2015.10.29 10:59:00.179,0.71029,0.71039,1.75,1.00
2015.10.29 10:59:11.229,0.7103,0.71039,1.12,1.50
2015.10.29 10:59:13.666,0.71031,0.71039,1.00,1.57
2015.10.29 10:59:13.717,0.71031,0.7104,1.12,1.57
2015.10.29 10:59:14.071,0.71029,0.7104,1.50,1.45
2015.10.29 10:59:14.625,0.71029,0.7104,1.50,1.57
2015.10.29 10:59:36.772,0.7103,0.71038,1.00,1.00
2015.10.29 10:59:48.407,0.71029,0.71039,1.50,1.12
2015.10.29 10:59:49.114,0.71033,0.71039,1.00,1.12
2015.10.29 10:59:49.317,0.71036,0.71043,1.00,1.12
2015.10.29 10:59:49.414,0.71038,0.71043,1.00,1.00
2015.10.29 10:59:49.465,0.71039,0.71047,1.00,1.37
2015.10.29 10:59:49.516,0.71039,0.71047,1.00,1.00
2015.10.29 10:59:50.123,0.71038,0.71049,1.12,2.62
2015.10.29 10:59:50.224,0.71038,0.71049,1.50,1.87
2015.10.29 10:59:51.248,0.71038,0.71049,1.50,1.87
2015.10.29 10:59:51.557,0.71031,0.7104,1.20,1.00
2015.10.29 10:59:51.760,0.7103,0.71039,1.00,1.37
2015.10.29 10:59:52.293,0.71029,0.71039,1.87,1.12
2015.10.29 10:59:52.799,0.71029,0.71039,1.87,1.37
2015.10.29 10:59:53.677,0.71029,0.71039,1.87,1.00
2015.10.29 10:59:54.664,0.71029,0.71039,1.87,1.37
2015.10.29 10:59:55.793,0.71029,0.71039,1.87,1.00
2015.10.29 10:59:58.478,0.7103,0.71039,1.00,1.00
2015.10.29 10:59:59.005,0.71029,0.71041,1.87,2.25
