2011.01.24 10:00:12.950,0.98988,0.99005,3.68,3.94
2011.01.24 10:00:13.059,0.98993,0.99005,2.25,3.75
2011.01.24 10:00:13.389,0.98993,0.99009,2.93,3.75
2011.01.24 10:00:13.948,0.98992,0.99012,4.43,3.19
2011.01.24 10:00:16.357,0.98995,0.99013,1.43,1.50
2011.01.24 10:00:44.927,0.98994,0.99014,2.18,1.13
2011.01.24 10:00:45.477,0.98994,0.99011,2.18,1.32
2011.01.24 10:00:51.028,0.98994,0.99011,1.43,1.32
2011.01.24 10:00:54.943,0.98993,0.99007,2.93,1.32
2011.01.24 10:00:57.375,0.98988,0.99005,2.93,1.69
2011.01.24 10:00:57.490,0.98988,0.99006,2.93,1.84
2011.01.24 10:01:10.986,0.98988,0.99006,3.68,1.32
2011.01.24 10:01:11.773,0.98988,0.99006,3.68,1.32
2011.01.24 10:01:12.536,0.98988,0.99006,3.68,1.32
2011.01.24 10:01:14.408,0.98993,0.99011,3.68,1.69
2011.01.24 10:01:14.848,0.98993,0.99011,2.93,1.84
2011.01.24 10:01:16.229,0.98993,0.99007,2.25,1.05
2011.01.24 10:01:18.039,0.98993,0.9901,2.25,5.25
2011.01.24 10:01:18.637,0.98993,0.9901,2.25,5.40
2011.01.24 10:01:19.225,0.98993,0.99007,2.25,1.05
2011.01.24 10:01:19.561,0.98989,0.99007,2.18,4.69
2011.01.24 10:01:19.788,0.98989,0.99006,1.43,1.69
2011.01.24 10:01:20.901,0.98988,0.99004,2.25,4.50
2011.01.24 10:01:21.458,0.98985,0.99001,1.88,2.07
2011.01.24 10:01:21.802,0.98983,0.99,2.25,5.67
2011.01.24 10:01:24.370,0.98983,0.99,2.25,5.44
2011.01.24 10:01:26.090,0.98983,0.98998,2.25,1.73
2011.01.24 10:01:49.309,0.98983,0.98997,3.57,2.25
2011.01.24 10:01:49.642,0.98983,0.98998,3.00,2.25
2011.01.24 10:01:54.327,0.98979,0.98997,2.25,6.72
2011.01.24 10:01:55.907,0.98979,0.98997,3.00,5.07
2011.01.24 10:01:56.240,0.98988,0.98997,2.25,1.50
2011.01.24 10:01:56.704,0.98984,0.98997,1.13,1.50
2011.01.24 10:01:56.824,0.98982,0.98999,2.93,2.25
2011.01.24 10:01:58.905,0.98988,0.99,2.25,6.75
2011.01.24 10:01:59.561,0.98988,0.99,2.25,3.00
2011.01.24 10:02:02.737,0.98988,0.99,2.25,2.25
2011.01.24 10:02:03.178,0.98988,0.99005,4.50,1.50
2011.01.24 10:02:03.858,0.98989,0.99005,2.18,2.25
2011.01.24 10:02:05.187,0.98989,0.99005,2.40,2.25
2011.01.24 10:02:05.932,0.98989,0.99005,2.18,2.25
2011.01.24 10:02:07.208,0.9899,0.99006,1.09,2.07
2011.01.24 10:02:07.319,0.98998,0.9901,2.25,1.13
2011.01.24 10:02:07.874,0.98993,0.99011,1.43,1.32
2011.01.24 10:02:12.862,0.98999,0.99011,2.25,1.32
2011.01.24 10:02:12.987,0.98999,0.99012,2.25,1.13
2011.01.24 10:02:13.099,0.98994,0.99012,1.43,1.32
2011.01.24 10:02:30.263,0.98993,0.99007,5.18,2.25
2011.01.24 10:02:30.375,0.98992,0.99006,1.43,1.32
2011.01.24 10:02:31.450,0.98989,0.99006,2.25,2.07
2011.01.24 10:02:32.682,0.98989,0.99005,2.25,1.69
2011.01.24 10:02:35.557,0.98993,0.99005,2.25,1.50
2011.01.24 10:02:35.777,0.98993,0.99007,2.25,1.50
2011.01.24 10:02:44.327,0.98988,0.99006,4.05,2.07
2011.01.24 10:02:46.579,0.98993,0.99007,2.25,1.50
2011.01.24 10:02:48.569,0.98988,0.99007,4.05,5.07
2011.01.24 10:02:48.790,0.98993,0.99007,2.25,3.00
2011.01.24 10:02:51.958,0.98993,0.99005,2.25,2.44
2011.01.24 10:02:52.068,0.98989,0.99005,2.93,2.44
2011.01.24 10:02:52.287,0.98989,0.99005,2.93,2.44
2011.01.24 10:03:01.301,0.98993,0.99007,2.25,3.75
2011.01.24 10:03:03.206,0.98993,0.99007,2.25,2.25
2011.01.24 10:03:03.328,0.98993,0.9901,2.25,1.50
2011.01.24 10:03:04.081,0.98993,0.9901,2.25,6.75
2011.01.24 10:03:04.203,0.98993,0.99005,2.25,1.05
2011.01.24 10:03:17.542,0.98993,0.99007,2.25,1.50
2011.01.24 10:03:17.658,0.98993,0.99009,2.25,2.25
2011.01.24 10:03:23.650,0.98993,0.99008,2.25,1.50
2011.01.24 10:03:23.772,0.98993,0.99007,2.25,1.50
2011.01.24 10:03:45.864,0.98993,0.99009,2.25,1.50
2011.01.24 10:03:45.978,0.98993,0.99011,2.25,6.94
2011.01.24 10:03:46.090,0.98993,0.9901,2.25,2.48
2011.01.24 10:03:47.427,0.98993,0.99009,2.25,3.15
2011.01.24 10:04:05.755,0.98993,0.99011,2.25,3.75
2011.01.24 10:04:05.875,0.98993,0.99011,2.93,3.00
2011.01.24 10:04:07.498,0.98998,0.99011,2.25,2.25
2011.01.24 10:04:08.051,0.98998,0.99013,2.25,1.50
2011.01.24 10:04:08.827,0.98998,0.99014,2.25,2.25
2011.01.24 10:04:16.067,0.98998,0.99016,3.68,3.57
2011.01.24 10:04:16.398,0.99002,0.99017,2.25,3.00
2011.01.24 10:04:20.956,0.99002,0.99017,2.93,1.50
2011.01.24 10:04:21.076,0.99003,0.99021,4.43,3.75
2011.01.24 10:04:25.329,0.99009,0.99021,2.25,2.25
2011.01.24 10:04:25.441,0.99009,0.99022,2.25,2.25
2011.01.24 10:04:26.785,0.99018,0.99026,2.25,1.88
2011.01.24 10:04:27.590,0.99033,0.99046,3.75,2.25
2011.01.24 10:04:30.181,0.99032,0.99047,2.25,2.25
2011.01.24 10:04:34.468,0.99038,0.99048,2.25,1.50
2011.01.24 10:04:34.578,0.99038,0.99051,2.25,2.25
2011.01.24 10:04:34.799,0.99034,0.99049,1.88,1.50
2011.01.24 10:04:35.512,0.99033,0.99049,2.93,1.50
2011.01.24 10:04:36.180,0.99033,0.99049,2.93,1.65
2011.01.24 10:04:37.986,0.99033,0.99047,2.93,1.50
2011.01.24 10:04:39.486,0.99033,0.9905,2.93,4.50
2011.01.24 10:04:44.141,0.99033,0.99049,2.25,1.50
2011.01.24 10:04:55.096,0.99029,0.99047,3.68,1.35
2011.01.24 10:04:55.648,0.99032,0.99046,2.25,1.20
2011.01.24 10:04:59.397,0.99032,0.99046,2.25,1.88
2011.01.24 10:05:00.366,0.99032,0.99046,2.25,1.50
2011.01.24 10:05:01.089,0.99029,0.99046,2.93,2.07
2011.01.24 10:05:01.198,0.99029,0.99045,2.93,1.50
2011.01.24 10:05:06.360,0.99032,0.99047,2.25,1.50
2011.01.24 10:05:07.478,0.99029,0.99047,1.80,2.07
2011.01.24 10:05:08.169,0.9903,0.99047,4.13,1.69
2011.01.24 10:05:08.514,0.9903,0.99047,4.80,3.57
2011.01.24 10:05:09.096,0.99029,0.99047,2.93,3.57
2011.01.24 10:05:09.216,0.99033,0.99047,2.25,1.50
2011.01.24 10:05:09.333,0.99029,0.99047,2.93,4.13
2011.01.24 10:05:09.450,0.99029,0.99045,2.93,1.13
2011.01.24 10:05:10.381,0.99027,0.99045,1.43,4.50
2011.01.24 10:05:12.170,0.99034,0.99051,1.43,1.32
2011.01.24 10:05:14.937,0.99037,0.99051,4.50,1.32
2011.01.24 10:05:15.271,0.99044,0.99057,1.13,1.88
2011.01.24 10:05:15.851,0.99042,0.9906,2.93,3.00
2011.01.24 10:05:21.297,0.99041,0.99057,1.43,5.07
2011.01.24 10:05:21.847,0.99038,0.99056,3.68,1.69
2011.01.24 10:05:24.027,0.99038,0.99056,3.68,3.19
2011.01.24 10:05:24.247,0.99038,0.99054,2.25,1.50
2011.01.24 10:05:28.707,0.99048,0.9906,2.25,1.50
2011.01.24 10:05:28.821,0.99045,0.9906,1.80,1.50
2011.01.24 10:05:28.943,0.99053,0.99063,2.25,2.44
2011.01.24 10:05:29.508,0.99053,0.99066,2.25,1.09
2011.01.24 10:05:29.838,0.99048,0.99066,1.43,1.32
2011.01.24 10:05:32.971,0.99049,0.99065,1.43,1.13
2011.01.24 10:05:33.093,0.99047,0.99062,1.43,1.13
2011.01.24 10:05:33.860,0.99047,0.99062,1.43,1.13
2011.01.24 10:05:33.974,0.99049,0.99063,2.25,1.50
2011.01.24 10:05:34.512,0.99049,0.99064,2.25,1.50
2011.01.24 10:05:35.687,0.99046,0.99064,2.93,3.75
2011.01.24 10:05:36.456,0.99046,0.99064,3.68,3.75
2011.01.24 10:05:38.783,0.99046,0.99064,3.68,4.32
2011.01.24 10:05:39.338,0.99046,0.99062,3.00,1.65
2011.01.24 10:05:39.799,0.99043,0.99054,1.13,2.25
2011.01.24 10:05:39.916,0.99041,0.99057,2.25,8.25
2011.01.24 10:05:40.033,0.99038,0.99054,1.43,2.25
2011.01.24 10:05:40.589,0.99041,0.99054,2.25,1.50
2011.01.24 10:05:42.768,0.99041,0.99055,2.25,2.25
2011.01.24 10:05:43.445,0.99041,0.99055,2.25,1.50
2011.01.24 10:05:44.018,0.99037,0.99055,1.43,1.50
2011.01.24 10:05:44.350,0.99039,0.99057,1.43,1.50
2011.01.24 10:05:44.688,0.99042,0.99057,1.05,1.50
2011.01.24 10:05:44.909,0.99042,0.99059,1.05,4.73
2011.01.24 10:05:45.540,0.99043,0.99061,1.05,3.00
2011.01.24 10:05:49.760,0.99042,0.9906,1.43,2.25
2011.01.24 10:05:50.308,0.99042,0.99059,1.43,1.50
2011.01.24 10:06:20.708,0.99039,0.99053,1.05,2.25
2011.01.24 10:06:21.577,0.99037,0.99053,2.93,3.00
2011.01.24 10:06:33.009,0.99037,0.99053,2.25,3.00
2011.01.24 10:06:34.119,0.99031,0.99047,1.43,1.09
2011.01.24 10:06:34.667,0.99031,0.99047,2.93,1.65
2011.01.24 10:06:37.980,0.99031,0.99042,2.93,1.32
2011.01.24 10:06:38.209,0.99027,0.99041,1.43,2.44
2011.01.24 10:06:39.331,0.99027,0.99045,1.43,2.25
2011.01.24 10:06:39.562,0.99031,0.99045,2.25,1.50
2011.01.24 10:06:39.679,0.99031,0.99046,2.25,1.50
2011.01.24 10:06:40.540,0.99027,0.99046,1.43,1.80
2011.01.24 10:06:40.660,0.99029,0.99046,1.43,1.80
2011.01.24 10:06:42.683,0.99023,0.9904,1.05,6.90
2011.01.24 10:06:43.237,0.99022,0.99038,1.43,1.28
2011.01.24 10:06:44.969,0.99016,0.99035,3.68,1.69
2011.01.24 10:06:45.300,0.99015,0.99034,1.43,1.50
2011.01.24 10:06:46.420,0.99018,0.99036,1.43,1.65
2011.01.24 10:06:46.997,0.99018,0.99036,1.43,1.65
2011.01.24 10:06:50.909,0.99021,0.99036,2.25,1.50
2011.01.24 10:06:52.358,0.99018,0.99036,1.43,1.69
2011.01.24 10:06:52.799,0.99016,0.99031,1.43,3.75
2011.01.24 10:06:52.910,0.99014,0.99031,2.18,3.75
2011.01.24 10:06:53.681,0.99013,0.99031,1.43,3.38
2011.01.24 10:06:54.190,0.99013,0.99031,1.43,3.57
2011.01.24 10:06:56.228,0.99013,0.99031,1.24,3.00
2011.01.24 10:06:56.777,0.99013,0.99031,1.80,4.50
2011.01.24 10:07:02.860,0.99013,0.9903,1.43,2.25
2011.01.24 10:07:03.461,0.99012,0.9903,1.43,2.25
2011.01.24 10:07:06.258,0.99012,0.9903,1.43,3.57
2011.01.24 10:07:07.147,0.99011,0.99029,3.68,1.50
2011.01.24 10:07:14.407,0.99012,0.99029,1.50,4.88
2011.01.24 10:07:15.015,0.99014,0.99029,1.43,4.13
2011.01.24 10:07:15.351,0.99014,0.9903,1.43,2.59
2011.01.24 10:07:15.926,0.99014,0.99027,1.43,1.73
2011.01.24 10:07:16.046,0.99011,0.99026,3.68,1.13
2011.01.24 10:07:18.437,0.99011,0.99026,3.68,5.63
2011.01.24 10:07:20.153,0.99011,0.99023,1.43,2.25
2011.01.24 10:07:20.379,0.99011,0.99025,1.43,1.73
2011.01.24 10:07:20.988,0.99011,0.99026,1.43,1.05
2011.01.24 10:07:25.927,0.99011,0.99027,1.43,6.23
2011.01.24 10:07:26.616,0.99011,0.99027,1.43,2.18
2011.01.24 10:07:28.723,0.99011,0.99027,1.43,4.88
2011.01.24 10:07:29.296,0.99011,0.99026,1.43,1.28
2011.01.24 10:07:30.896,0.99009,0.99024,1.43,2.25
2011.01.24 10:07:31.570,0.99009,0.99023,1.43,2.25
2011.01.24 10:07:32.445,0.9901,0.99024,2.93,3.75
2011.01.24 10:07:33.010,0.99009,0.99023,1.80,2.25
2011.01.24 10:07:33.613,0.9901,0.99024,2.93,3.75
2011.01.24 10:07:37.947,0.99001,0.99016,1.43,1.65
2011.01.24 10:07:38.807,0.99001,0.99017,1.43,2.25
2011.01.24 10:07:40.728,0.99001,0.99019,3.68,2.25
2011.01.24 10:07:40.840,0.99002,0.9902,1.24,8.25
2011.01.24 10:07:41.410,0.99004,0.99021,1.05,7.13
2011.01.24 10:07:43.538,0.99002,0.99019,1.43,3.75
2011.01.24 10:07:44.087,0.99002,0.9902,1.43,2.63
2011.01.24 10:07:48.081,0.99004,0.99021,1.05,1.50
2011.01.24 10:07:48.787,0.99005,0.99023,1.43,3.75
2011.01.24 10:07:49.341,0.99005,0.99025,2.18,4.50
2011.01.24 10:07:49.994,0.99011,0.99027,3.68,1.28
2011.01.24 10:07:50.116,0.99014,0.9903,1.43,3.19
2011.01.24 10:07:50.227,0.99015,0.9903,1.43,2.44
2011.01.24 10:07:53.680,0.99015,0.9903,1.43,4.09
2011.01.24 10:07:54.021,0.99015,0.99028,1.43,2.44
2011.01.24 10:07:54.575,0.99011,0.9903,3.68,4.69
2011.01.24 10:07:59.358,0.99015,0.9903,1.43,2.44
2011.01.24 10:08:01.752,0.99017,0.9903,1.43,2.44
2011.01.24 10:08:07.898,0.99014,0.9903,1.43,2.44
2011.01.24 10:08:11.332,0.99014,0.99029,1.43,1.50
2011.01.24 10:08:11.450,0.99012,0.99029,1.43,2.25
2011.01.24 10:08:12.008,0.99012,0.99027,1.43,1.32
2011.01.24 10:08:14.460,0.9901,0.99023,1.43,3.98
2011.01.24 10:08:15.177,0.99004,0.9902,1.43,3.42
2011.01.24 10:08:30.907,0.99002,0.9902,1.43,4.69
2011.01.24 10:08:46.562,0.99004,0.99021,1.05,1.13
2011.01.24 10:08:47.433,0.99011,0.99028,3.68,2.78
2011.01.24 10:08:54.908,0.99011,0.9903,3.68,3.75
2011.01.24 10:08:55.018,0.99011,0.9903,3.68,3.75
2011.01.24 10:08:58.399,0.99011,0.99028,3.68,1.50
2011.01.24 10:08:58.997,0.99009,0.99027,1.43,1.32
2011.01.24 10:08:59.738,0.99009,0.99027,1.43,2.07
2011.01.24 10:09:01.822,0.9901,0.99028,2.93,6.00
2011.01.24 10:09:02.634,0.99009,0.99027,1.43,2.63
2011.01.24 10:09:10.928,0.99009,0.99025,1.43,3.00
2011.01.24 10:09:11.406,0.99009,0.99023,1.43,1.32
2011.01.24 10:09:11.971,0.99004,0.9902,1.43,1.69
2011.01.24 10:09:12.088,0.99001,0.9902,1.43,1.69
2011.01.24 10:09:13.055,0.99001,0.9902,1.43,1.69
2011.01.24 10:09:14.575,0.99001,0.9902,1.43,1.50
2011.01.24 10:09:14.698,0.99004,0.99021,1.43,2.25
2011.01.24 10:09:16.557,0.99002,0.99021,1.43,3.75
2011.01.24 10:09:16.779,0.99002,0.99021,1.43,4.69
2011.01.24 10:09:17.651,0.99002,0.99021,1.43,3.00
2011.01.24 10:09:17.878,0.99005,0.99021,1.43,2.25
2011.01.24 10:09:25.168,0.99002,0.99021,1.43,5.44
2011.01.24 10:09:26.379,0.99002,0.9902,1.43,1.50
2011.01.24 10:09:26.489,0.99002,0.9902,1.43,3.19
2011.01.24 10:09:32.411,0.99,0.99019,3.68,1.69
2011.01.24 10:09:43.637,0.99,0.99013,4.43,4.50
2011.01.24 10:09:44.195,0.99,0.99004,1.43,2.25
2011.01.24 10:09:44.316,0.98997,0.99014,1.43,1.50
2011.01.24 10:09:45.748,0.98997,0.9901,1.43,2.25
2011.01.24 10:09:46.431,0.98995,0.9901,1.43,2.25
2011.01.24 10:09:47.208,0.98996,0.9901,1.43,2.25
2011.01.24 10:09:50.800,0.98994,0.99009,1.43,1.50
2011.01.24 10:09:50.918,0.98991,0.99009,2.93,2.25
2011.01.24 10:09:51.621,0.98991,0.99009,2.93,3.19
2011.01.24 10:09:51.863,0.9899,0.99009,3.68,3.00
2011.01.24 10:09:52.201,0.9899,0.99008,3.68,1.32
2011.01.24 10:09:52.954,0.98991,0.99009,3.00,2.25
2011.01.24 10:09:53.727,0.98991,0.99009,3.00,2.25
2011.01.24 10:09:54.277,0.98991,0.99009,3.00,2.25
2011.01.24 10:09:55.000,0.98991,0.99009,3.00,2.25
2011.01.24 10:09:55.556,0.98991,0.99009,3.00,2.25
2011.01.24 10:09:56.357,0.98991,0.99009,3.00,2.25
2011.01.24 10:09:59.416,0.98991,0.99009,3.00,2.25
2011.01.24 10:10:00.836,0.98991,0.99009,2.93,2.25
2011.01.24 10:10:02.147,0.98991,0.99008,2.93,1.13
2011.01.24 10:10:02.366,0.9899,0.99007,1.43,1.32
2011.01.24 10:10:03.249,0.98989,0.99007,1.43,1.32
2011.01.24 10:10:03.376,0.98989,0.99001,1.43,3.00
2011.01.24 10:10:03.600,0.98985,0.99001,1.43,3.00
2011.01.24 10:10:04.678,0.98985,0.99001,1.43,2.82
2011.01.24 10:10:05.939,0.98985,0.99001,1.43,3.57
2011.01.24 10:10:13.787,0.98983,0.98999,1.43,3.75
2011.01.24 10:10:17.228,0.98983,0.99,1.43,2.44
2011.01.24 10:10:24.024,0.98983,0.98999,1.43,3.75
2011.01.24 10:10:26.967,0.98983,0.98999,1.43,3.75
2011.01.24 10:10:27.519,0.98983,0.99,1.43,4.69
2011.01.24 10:10:31.713,0.98981,0.99,2.93,6.94
2011.01.24 10:11:01.147,0.98983,0.99,1.05,2.25
2011.01.24 10:11:01.370,0.98984,0.99004,1.43,3.00
2011.01.24 10:11:01.944,0.98986,0.99004,1.43,1.50
2011.01.24 10:11:12.638,0.98991,0.99006,2.25,1.50
2011.01.24 10:11:13.541,0.98991,0.99006,2.25,1.50
2011.01.24 10:11:14.320,0.98986,0.99004,4.43,2.25
2011.01.24 10:11:14.940,0.98986,0.99003,3.68,1.32
2011.01.24 10:11:15.389,0.98987,0.99003,2.93,3.00
2011.01.24 10:11:15.502,0.98987,0.99003,3.49,2.25
2011.01.24 10:11:15.619,0.9899,0.99006,2.25,2.25
2011.01.24 10:11:18.695,0.98987,0.99005,2.18,1.69
2011.01.24 10:11:22.368,0.9899,0.99005,2.25,1.50
2011.01.24 10:11:22.919,0.9899,0.99006,2.93,1.50
2011.01.24 10:11:26.555,0.98987,0.99005,2.93,1.50
2011.01.24 10:11:31.010,0.98986,0.99003,1.43,1.32
2011.01.24 10:11:31.812,0.98986,0.99,1.43,2.44
2011.01.24 10:11:32.154,0.98983,0.98994,1.43,2.25
2011.01.24 10:11:32.272,0.98986,0.99,2.25,1.13
2011.01.24 10:11:32.389,0.98986,0.99003,2.25,2.25
2011.01.24 10:11:33.123,0.98984,0.99,1.43,2.25
2011.01.24 10:11:33.980,0.98983,0.99,1.43,3.75
2011.01.24 10:11:36.320,0.98983,0.99,1.43,3.00
2011.01.24 10:11:43.443,0.98981,0.99,2.93,6.75
2011.01.24 10:12:12.680,0.98982,0.99,1.43,3.00
2011.01.24 10:12:13.227,0.98983,0.99,1.43,2.25
2011.01.24 10:12:14.029,0.98988,0.99,1.32,2.25
2011.01.24 10:12:14.894,0.98992,0.99011,2.18,3.00
2011.01.24 10:13:03.549,0.98992,0.99011,1.43,3.75
2011.01.24 10:13:21.255,0.9899,0.99007,1.43,1.32
2011.01.24 10:13:21.808,0.9899,0.99007,1.43,1.13
2011.01.24 10:13:46.102,0.9899,0.99009,1.43,3.00
2011.01.24 10:13:46.760,0.98991,0.99009,1.43,3.00
2011.01.24 10:13:49.697,0.98991,0.99009,1.43,2.25
2011.01.24 10:14:02.420,0.9899,0.99006,3.68,1.13
2011.01.24 10:14:03.405,0.9899,0.99006,1.43,1.13
2011.01.24 10:14:05.948,0.98991,0.9901,3.68,3.00
2011.01.24 10:14:11.891,0.98991,0.99008,3.68,1.50
2011.01.24 10:14:18.574,0.98986,0.99004,1.43,1.50
2011.01.24 10:14:28.067,0.98986,0.99001,1.43,2.63
2011.01.24 10:14:31.408,0.98986,0.99001,1.43,2.82
2011.01.24 10:14:32.380,0.98986,0.99001,1.43,3.57
2011.01.24 10:14:47.331,0.98983,0.99003,2.74,1.50
2011.01.24 10:14:50.990,0.98986,0.99004,1.24,1.50
2011.01.24 10:14:51.513,0.98988,0.99004,1.05,1.50
2011.01.24 10:14:51.627,0.9899,0.99006,2.25,1.50
2011.01.24 10:14:55.124,0.98989,0.99004,1.43,2.25
2011.01.24 10:14:58.545,0.98991,0.99007,2.25,1.50
2011.01.24 10:15:00.282,0.98988,0.99004,1.43,2.25
2011.01.24 10:15:06.195,0.9899,0.99006,2.25,1.50
2011.01.24 10:15:10.280,0.98988,0.99004,1.43,2.25
2011.01.24 10:15:10.838,0.98986,0.99004,3.68,3.00
2011.01.24 10:15:11.504,0.9899,0.99005,2.25,1.50
2011.01.24 10:15:12.857,0.98986,0.99004,3.68,3.00
2011.01.24 10:15:25.669,0.98986,0.99002,3.68,1.50
2011.01.24 10:15:25.780,0.98986,0.98997,3.68,1.32
2011.01.24 10:15:26.000,0.98983,0.98993,1.05,2.25
2011.01.24 10:15:26.110,0.98986,0.99002,2.25,2.25
2011.01.24 10:15:26.232,0.98986,0.99001,2.93,1.13
2011.01.24 10:15:28.319,0.98986,0.99003,1.43,1.50
2011.01.24 10:15:29.679,0.98986,0.99004,1.43,1.50
2011.01.24 10:15:34.898,0.98986,0.99003,1.43,2.25
2011.01.24 10:15:35.230,0.98982,0.98998,1.43,4.32
2011.01.24 10:15:35.341,0.98982,0.98998,1.43,3.75
2011.01.24 10:15:35.460,0.98982,0.99,1.43,2.25
2011.01.24 10:15:35.788,0.98982,0.99,1.43,2.25
2011.01.24 10:15:36.492,0.98984,0.99003,1.43,3.75
2011.01.24 10:15:55.650,0.98984,0.98993,1.43,2.25
2011.01.24 10:15:55.762,0.98982,0.98993,1.43,2.25
2011.01.24 10:15:55.992,0.98982,0.99,1.43,3.00
2011.01.24 10:16:27.531,0.98984,0.99,1.43,2.25
2011.01.24 10:16:27.654,0.98987,0.99003,2.25,3.75
2011.01.24 10:16:28.212,0.98987,0.99003,3.00,3.75
2011.01.24 10:16:28.922,0.98991,0.99003,1.13,2.25
2011.01.24 10:16:29.609,0.98993,0.9901,4.43,3.19
2011.01.24 10:17:04.003,0.98992,0.99007,2.18,1.32
2011.01.24 10:17:04.532,0.98989,0.99001,2.25,2.25
2011.01.24 10:17:04.657,0.98986,0.99001,1.43,2.63
2011.01.24 10:17:05.098,0.98983,0.99001,3.68,2.63
2011.01.24 10:17:06.062,0.98983,0.99,1.43,1.50
2011.01.24 10:17:07.868,0.98981,0.98997,2.18,3.75
2011.01.24 10:17:08.200,0.98978,0.98993,1.43,2.25
2011.01.24 10:17:18.729,0.98978,0.98983,1.43,2.25
2011.01.24 10:17:19.060,0.98976,0.9899,2.25,1.50
2011.01.24 10:17:19.171,0.98976,0.98993,2.25,5.63
2011.01.24 10:17:33.158,0.98975,0.98991,1.43,3.57
2011.01.24 10:17:43.506,0.98966,0.98986,8.48,1.32
2011.01.24 10:17:44.612,0.98971,0.98988,2.25,1.50
2011.01.24 10:17:45.279,0.98968,0.98987,1.43,1.32
2011.01.24 10:17:46.833,0.98971,0.98988,2.25,1.50
2011.01.24 10:17:48.411,0.98971,0.9899,3.68,3.00
2011.01.24 10:17:48.529,0.98972,0.9899,1.43,3.00
2011.01.24 10:17:55.509,0.98972,0.9899,1.50,3.00
2011.01.24 10:17:56.265,0.98971,0.98987,2.25,1.13
2011.01.24 10:17:56.819,0.98971,0.98988,2.25,1.50
2011.01.24 10:17:58.779,0.9897,0.98987,1.43,1.13
2011.01.24 10:17:59.109,0.98968,0.98986,2.93,1.50
2011.01.24 10:18:01.558,0.9897,0.98986,3.75,1.50
2011.01.24 10:18:02.145,0.98972,0.98991,2.18,4.50
2011.01.24 10:18:16.389,0.98972,0.98986,1.50,1.32
2011.01.24 10:18:16.828,0.98968,0.98986,1.05,1.32
2011.01.24 10:18:17.391,0.98966,0.98986,1.43,1.32
2011.01.24 10:18:23.949,0.98966,0.98984,1.43,1.13
2011.01.24 10:18:24.280,0.98965,0.98981,1.43,2.82
2011.01.24 10:18:25.238,0.98965,0.98981,1.43,2.82
2011.01.24 10:18:25.593,0.98966,0.98983,2.93,1.50
2011.01.24 10:18:25.711,0.98966,0.98983,3.30,1.50
2011.01.24 10:18:26.254,0.98971,0.98986,2.25,1.88
2011.01.24 10:18:28.121,0.98966,0.98984,3.68,3.00
2011.01.24 10:18:29.223,0.98966,0.98984,3.68,3.00
2011.01.24 10:18:40.880,0.98966,0.98981,2.25,1.50
2011.01.24 10:18:41.382,0.98966,0.9898,2.25,5.63
2011.01.24 10:18:43.666,0.9896,0.98977,2.25,1.50
2011.01.24 10:18:47.909,0.98958,0.98976,1.43,1.32
2011.01.24 10:18:48.460,0.98956,0.98976,2.18,1.13
2011.01.24 10:18:49.337,0.98956,0.98975,2.18,1.13
2011.01.24 10:18:49.452,0.98954,0.98973,2.93,2.07
2011.01.24 10:18:50.010,0.98954,0.9897,1.43,2.25
2011.01.24 10:18:50.762,0.98954,0.98972,1.43,2.07
2011.01.24 10:18:50.885,0.98953,0.98972,6.75,2.07
2011.01.24 10:18:51.997,0.98954,0.98974,1.13,3.00
2011.01.24 10:18:52.110,0.98954,0.98974,2.55,3.00
2011.01.24 10:18:56.543,0.98962,0.98975,2.25,3.00
2011.01.24 10:18:56.661,0.98962,0.98975,2.25,2.25
2011.01.24 10:18:58.062,0.98965,0.98977,1.13,1.50
2011.01.24 10:18:58.289,0.98962,0.98977,2.63,3.00
2011.01.24 10:18:59.148,0.98962,0.98977,2.25,3.00
2011.01.24 10:18:59.688,0.98962,0.98977,2.63,3.00
2011.01.24 10:19:00.021,0.98968,0.98979,2.25,2.25
2011.01.24 10:19:00.139,0.98962,0.98979,2.25,2.25
2011.01.24 10:19:00.723,0.98962,0.98978,2.25,1.50
2011.01.24 10:19:01.058,0.98962,0.98978,2.25,3.00
2011.01.24 10:19:01.781,0.98962,0.98978,2.82,1.50
2011.01.24 10:19:03.459,0.98969,0.98983,2.25,3.00
2011.01.24 10:19:03.577,0.98979,0.98989,2.25,1.13
2011.01.24 10:19:03.799,0.98979,0.98994,2.25,2.25
2011.01.24 10:19:04.024,0.98982,0.98994,2.25,1.50
2011.01.24 10:19:04.142,0.98982,0.98995,2.25,1.50
2011.01.24 10:19:05.107,0.98978,0.98995,3.38,1.50
2011.01.24 10:19:06.096,0.98978,0.98991,2.25,1.50
2011.01.24 10:19:06.430,0.98975,0.98987,1.43,2.63
2011.01.24 10:19:06.540,0.98973,0.98989,2.93,6.19
2011.01.24 10:19:06.992,0.98973,0.98989,2.93,5.25
2011.01.24 10:19:09.336,0.98973,0.98991,2.93,2.07
2011.01.24 10:19:19.306,0.98974,0.98991,1.13,1.50
2011.01.24 10:19:19.422,0.98979,0.98991,2.25,1.50
2011.01.24 10:19:20.023,0.98975,0.98991,1.13,2.07
2011.01.24 10:19:20.147,0.98973,0.98991,6.68,2.07
2011.01.24 10:19:47.091,0.98973,0.98991,2.93,1.32
2011.01.24 10:19:47.751,0.98974,0.98992,1.02,2.25
2011.01.24 10:19:47.878,0.98976,0.98994,1.43,3.00
2011.01.24 10:19:48.650,0.98983,0.98994,2.25,1.50
2011.01.24 10:19:51.524,0.98983,0.98997,2.25,1.50
2011.01.24 10:19:51.641,0.98983,0.99001,2.25,1.32
2011.01.24 10:19:52.197,0.98983,0.99001,7.43,2.07
2011.01.24 10:20:10.399,0.98983,0.98999,2.25,1.50
2011.01.24 10:20:10.968,0.98978,0.98995,3.68,1.17
2011.01.24 10:20:11.084,0.98978,0.98995,2.25,1.92
2011.01.24 10:20:11.422,0.98978,0.98992,2.25,6.00
2011.01.24 10:20:11.984,0.98975,0.98988,1.43,3.19
2011.01.24 10:20:12.111,0.98965,0.98984,2.18,19.69
2011.01.24 10:20:13.385,0.98965,0.98982,2.18,1.32
2011.01.24 10:20:15.002,0.98963,0.98979,3.68,2.07
2011.01.24 10:20:15.122,0.9896,0.98977,2.93,2.82
2011.01.24 10:20:15.239,0.98964,0.98977,1.50,6.19
2011.01.24 10:20:15.356,0.98964,0.98977,1.69,2.25
2011.01.24 10:20:16.369,0.98964,0.98982,1.43,1.50
2011.01.24 10:20:16.590,0.98964,0.98985,2.18,3.00
2011.01.24 10:20:18.989,0.98963,0.98981,3.38,1.50
2011.01.24 10:20:21.201,0.98963,0.98981,2.63,3.00
2011.01.24 10:20:22.751,0.98964,0.98983,1.80,1.50
2011.01.24 10:20:22.872,0.98964,0.98984,1.80,2.25
2011.01.24 10:20:23.411,0.98964,0.98984,2.55,2.25
2011.01.24 10:20:24.165,0.98965,0.98984,1.43,2.25
2011.01.24 10:20:50.273,0.98965,0.98983,1.43,2.63
2011.01.24 10:20:50.718,0.98963,0.98981,2.93,1.13
2011.01.24 10:20:52.601,0.98963,0.98981,2.25,4.88
2011.01.24 10:21:10.201,0.98953,0.9897,3.68,3.94
2011.01.24 10:21:10.312,0.98953,0.98968,2.25,1.50
2011.01.24 10:21:20.930,0.98953,0.98967,2.74,2.25
2011.01.24 10:21:21.499,0.98953,0.98967,3.49,2.25
2011.01.24 10:21:23.158,0.98953,0.98965,2.74,1.50
2011.01.24 10:21:23.975,0.98952,0.98966,1.43,1.69
2011.01.24 10:21:25.081,0.98952,0.98968,2.93,1.50
2011.01.24 10:21:25.697,0.98953,0.98968,1.43,1.50
2011.01.24 10:21:26.770,0.98956,0.98971,1.43,2.25
2011.01.24 10:21:27.323,0.98955,0.98973,1.80,2.25
2011.01.24 10:21:27.440,0.98959,0.98973,1.43,2.25
2011.01.24 10:21:28.111,0.98959,0.98973,1.43,2.25
2011.01.24 10:21:28.668,0.98962,0.98973,2.93,1.50
2011.01.24 10:21:29.399,0.98962,0.98974,2.93,1.50
2011.01.24 10:21:29.840,0.98962,0.98978,2.93,6.00
2011.01.24 10:21:30.589,0.98963,0.98978,1.43,1.50
2011.01.24 10:21:31.694,0.98967,0.98981,1.43,1.69
2011.01.24 10:21:33.789,0.98964,0.98981,1.80,1.69
2011.01.24 10:21:33.898,0.98964,0.98979,1.43,1.50
2011.01.24 10:21:34.229,0.98962,0.98977,3.68,1.50
2011.01.24 10:21:34.777,0.98962,0.98977,3.68,1.50
2011.01.24 10:21:41.150,0.98962,0.98976,4.43,1.50
2011.01.24 10:21:43.708,0.98962,0.9897,4.43,1.50
2011.01.24 10:21:44.040,0.98961,0.98971,1.43,1.50
2011.01.24 10:21:44.258,0.98958,0.98969,1.43,1.50
2011.01.24 10:21:47.363,0.98957,0.98968,1.43,1.50
2011.01.24 10:21:47.482,0.98957,0.98968,1.43,1.50
2011.01.24 10:22:11.374,0.98955,0.98964,1.43,1.50
2011.01.24 10:22:11.599,0.98953,0.98964,3.68,1.50
2011.01.24 10:22:12.581,0.98954,0.98965,1.43,1.50
2011.01.24 10:22:13.149,0.98954,0.98965,1.43,1.50
2011.01.24 10:22:14.808,0.98954,0.98963,1.43,1.50
2011.01.24 10:22:15.453,0.98953,0.98963,2.93,1.50
2011.01.24 10:22:19.137,0.98953,0.98963,2.25,1.50
2011.01.24 10:22:19.909,0.98948,0.9896,2.93,2.25
2011.01.24 10:22:20.239,0.9894,0.98954,1.43,1.50
2011.01.24 10:22:20.353,0.9894,0.98952,1.43,1.50
2011.01.24 10:22:20.804,0.9894,0.98952,1.43,1.50
2011.01.24 10:22:21.332,0.98937,0.98947,1.43,1.50
2011.01.24 10:22:21.450,0.98935,0.98947,1.50,1.50
2011.01.24 10:22:22.048,0.98935,0.98947,2.18,1.50
2011.01.24 10:22:40.827,0.98935,0.98946,1.43,1.50
2011.01.24 10:22:41.596,0.98934,0.98947,1.05,1.50
2011.01.24 10:22:41.714,0.98935,0.98947,1.43,1.50
2011.01.24 10:22:44.751,0.98934,0.98944,1.43,1.50
2011.01.24 10:22:44.982,0.98931,0.98943,1.43,1.50
2011.01.24 10:22:46.930,0.98933,0.98944,4.43,1.50
2011.01.24 10:22:47.040,0.98933,0.9895,4.43,1.50
2011.01.24 10:22:47.578,0.98933,0.98951,4.43,1.88
2011.01.24 10:22:49.187,0.98933,0.9895,4.43,1.69
2011.01.24 10:22:51.068,0.98933,0.9895,4.43,2.44
2011.01.24 10:22:52.440,0.98927,0.98941,3.68,1.50
2011.01.24 10:22:52.970,0.98927,0.9894,3.68,1.50
2011.01.24 10:22:54.089,0.98927,0.9894,2.18,1.50
2011.01.24 10:22:59.722,0.98929,0.9894,1.13,1.50
2011.01.24 10:23:00.479,0.98933,0.98942,2.25,1.50
2011.01.24 10:23:00.605,0.98933,0.98939,2.25,1.50
2011.01.24 10:23:00.942,0.98929,0.9894,3.30,1.50
2011.01.24 10:23:04.859,0.98927,0.98941,1.43,1.50
2011.01.24 10:23:04.971,0.98927,0.98941,1.99,1.50
2011.01.24 10:23:05.299,0.98933,0.98941,2.25,1.50
2011.01.24 10:23:06.385,0.98933,0.9894,2.25,1.50
2011.01.24 10:23:07.547,0.9893,0.9894,2.93,1.50
2011.01.24 10:23:07.662,0.98932,0.9894,2.25,1.50
2011.01.24 10:23:08.361,0.98932,0.9894,2.93,1.88
2011.01.24 10:23:08.692,0.98929,0.98938,1.88,2.44
2011.01.24 10:23:09.455,0.98929,0.98938,1.32,2.25
2011.01.24 10:23:09.692,0.98926,0.98937,1.43,1.50
2011.01.24 10:23:10.224,0.98924,0.98938,1.43,1.50
2011.01.24 10:23:10.344,0.98924,0.98935,1.43,1.50
2011.01.24 10:23:10.792,0.98924,0.98937,1.43,1.50
2011.01.24 10:23:12.766,0.98924,0.98933,1.43,1.50
2011.01.24 10:23:13.968,0.98923,0.98934,2.93,1.50
2011.01.24 10:23:14.081,0.98923,0.98936,2.93,1.50
2011.01.24 10:23:14.850,0.98932,0.98945,2.25,1.88
2011.01.24 10:23:14.968,0.98933,0.98945,2.18,1.50
2011.01.24 10:23:15.496,0.98934,0.98949,2.70,1.50
2011.01.24 10:23:15.610,0.98936,0.9895,1.43,1.50
2011.01.24 10:23:16.581,0.98936,0.98949,1.43,2.07
2011.01.24 10:23:16.690,0.98932,0.98947,1.80,2.82
2011.01.24 10:23:16.803,0.98934,0.98947,1.43,2.25
2011.01.24 10:23:16.921,0.98938,0.98949,3.68,2.25
2011.01.24 10:23:17.503,0.98938,0.98952,2.93,1.50
2011.01.24 10:23:20.201,0.98938,0.98951,1.43,1.69
2011.01.24 10:23:20.979,0.98939,0.9895,2.93,1.50
2011.01.24 10:23:21.534,0.98939,0.98949,2.93,1.50
2011.01.24 10:23:22.155,0.98939,0.98949,2.93,1.50
2011.01.24 10:23:22.719,0.98938,0.98948,1.43,1.50
2011.01.24 10:23:22.830,0.98935,0.98948,1.43,1.50
2011.01.24 10:23:25.492,0.98935,0.98946,1.43,1.50
2011.01.24 10:23:25.833,0.98932,0.98946,1.43,1.50
2011.01.24 10:23:26.415,0.98933,0.98946,2.25,1.50
2011.01.24 10:23:38.618,0.98933,0.98945,2.25,1.50
2011.01.24 10:23:41.881,0.98933,0.98946,2.25,1.50
2011.01.24 10:23:42.348,0.98933,0.98949,2.25,2.25
2011.01.24 10:23:43.471,0.98942,0.98953,2.25,1.50
2011.01.24 10:23:44.219,0.98942,0.98954,2.93,1.50
2011.01.24 10:23:44.866,0.98948,0.9896,2.25,2.25
2011.01.24 10:23:45.202,0.98948,0.98962,3.68,1.50
2011.01.24 10:23:45.434,0.98948,0.9896,3.68,1.50
2011.01.24 10:23:46.080,0.98948,0.98959,2.93,1.50
2011.01.24 10:23:46.880,0.98953,0.98962,2.25,1.50
2011.01.24 10:23:47.726,0.98958,0.98971,1.24,1.50
2011.01.24 10:23:47.842,0.98962,0.98971,2.25,1.50
2011.01.24 10:23:48.916,0.98964,0.98975,1.05,1.50
2011.01.24 10:23:49.448,0.98965,0.9898,5.18,2.25
2011.01.24 10:23:49.575,0.98968,0.98982,1.43,1.50
2011.01.24 10:23:50.693,0.98968,0.98977,1.43,2.07
2011.01.24 10:23:50.820,0.98963,0.98977,2.18,1.50
2011.01.24 10:23:51.152,0.98963,0.98977,1.43,2.07
2011.01.24 10:23:51.911,0.98963,0.98975,1.43,1.50
2011.01.24 10:23:52.243,0.98962,0.98973,1.43,2.07
2011.01.24 10:23:52.800,0.98958,0.98973,1.43,3.57
2011.01.24 10:23:53.719,0.98958,0.98973,1.43,3.57
2011.01.24 10:23:57.496,0.98957,0.98968,1.43,2.63
2011.01.24 10:23:58.046,0.98953,0.98971,6.68,1.69
2011.01.24 10:23:58.495,0.98956,0.98971,1.43,1.69
2011.01.24 10:24:02.192,0.98957,0.9897,2.18,2.44
2011.01.24 10:24:02.315,0.98969,0.98973,2.25,2.25
2011.01.24 10:24:02.432,0.98969,0.98977,2.25,2.25
2011.01.24 10:24:02.894,0.98969,0.98978,2.25,3.75
2011.01.24 10:24:03.010,0.98971,0.98986,2.07,4.50
2011.01.24 10:24:03.123,0.98973,0.98986,1.32,2.25
2011.01.24 10:24:03.249,0.98974,0.98988,2.18,1.50
2011.01.24 10:24:03.832,0.98974,0.9899,2.18,1.69
2011.01.24 10:24:07.148,0.98973,0.98989,2.93,1.50
2011.01.24 10:24:07.268,0.98973,0.98986,1.43,1.88
2011.01.24 10:24:07.821,0.98975,0.9899,1.43,1.69
2011.01.24 10:24:08.500,0.98975,0.98983,1.43,1.50
2011.01.24 10:24:08.622,0.98967,0.98984,2.55,5.07
2011.01.24 10:24:08.744,0.98968,0.98982,1.62,1.88
2011.01.24 10:24:09.082,0.98974,0.9899,1.43,2.25
2011.01.24 10:24:09.646,0.98974,0.98989,1.43,1.50
2011.01.24 10:24:09.771,0.98972,0.98986,1.43,1.69
2011.01.24 10:24:10.103,0.98978,0.98989,2.25,2.25
2011.01.24 10:24:10.227,0.98978,0.98993,2.63,2.25
2011.01.24 10:24:10.776,0.98983,0.98994,2.25,1.50
2011.01.24 10:24:11.441,0.98985,0.98996,1.13,2.25
2011.01.24 10:24:12.189,0.98985,0.98999,1.13,2.97
2011.01.24 10:24:12.317,0.98977,0.9899,3.23,1.50
2011.01.24 10:24:12.759,0.98977,0.98995,2.93,3.00
2011.01.24 10:24:13.090,0.98978,0.98995,2.25,2.25
2011.01.24 10:24:13.202,0.98978,0.98994,2.25,1.88
2011.01.24 10:24:14.219,0.98979,0.98994,2.25,2.25
2011.01.24 10:24:15.079,0.98979,0.98993,2.25,1.50
2011.01.24 10:24:17.792,0.98982,0.98995,2.25,2.25
2011.01.24 10:24:18.370,0.98978,0.98993,3.68,1.50
2011.01.24 10:24:19.681,0.98978,0.98991,2.93,1.50
2011.01.24 10:24:20.011,0.98976,0.98991,2.18,1.69
2011.01.24 10:24:25.202,0.98972,0.98984,2.93,1.50
2011.01.24 10:24:25.749,0.98972,0.98985,2.93,1.50
2011.01.24 10:24:26.824,0.98972,0.98984,2.93,1.50
2011.01.24 10:24:32.197,0.98972,0.98985,2.93,1.50
2011.01.24 10:24:47.293,0.98972,0.98986,2.93,1.50
2011.01.24 10:24:49.875,0.98972,0.98984,2.93,1.50
2011.01.24 10:24:50.100,0.98972,0.98986,2.93,1.50
2011.01.24 10:24:50.321,0.98973,0.98987,1.43,1.50
2011.01.24 10:24:51.722,0.98979,0.98987,2.25,1.50
2011.01.24 10:24:54.889,0.98979,0.9899,2.25,1.50
2011.01.24 10:24:59.322,0.98979,0.98989,2.25,1.50
2011.01.24 10:24:59.926,0.98974,0.98989,1.43,1.50
2011.01.24 10:25:09.917,0.98973,0.98988,3.68,1.50
2011.01.24 10:25:10.140,0.98973,0.98986,3.68,1.50
2011.01.24 10:25:10.251,0.98973,0.98985,2.25,1.50
2011.01.24 10:25:19.179,0.98973,0.98989,3.68,1.50
2011.01.24 10:25:19.840,0.98973,0.98989,3.98,1.50
2011.01.24 10:25:20.186,0.98989,0.98997,2.25,1.50
2011.01.24 10:25:20.715,0.98989,0.99,2.25,1.69
2011.01.24 10:25:20.835,0.98985,0.99,1.43,1.69
2011.01.24 10:25:25.229,0.98983,0.98999,1.43,1.50
2011.01.24 10:25:25.902,0.98983,0.98998,1.43,1.50
2011.01.24 10:25:27.449,0.98983,0.98999,1.43,1.50
2011.01.24 10:25:56.463,0.98983,0.98997,1.43,1.50
2011.01.24 10:25:57.019,0.98983,0.98996,1.43,1.50
2011.01.24 10:25:59.220,0.98981,0.98995,4.43,1.50
2011.01.24 10:25:59.330,0.98981,0.98995,3.00,2.25
2011.01.24 10:26:06.000,0.98979,0.98995,1.43,2.25
2011.01.24 10:26:08.410,0.98983,0.98997,3.75,3.00
2011.01.24 10:26:08.955,0.98984,0.98997,3.75,1.50
2011.01.24 10:26:21.943,0.98984,0.98999,3.75,2.25
2011.01.24 10:26:36.749,0.98982,0.98999,8.93,2.25
2011.01.24 10:26:40.570,0.98984,0.98999,3.75,2.25
2011.01.24 10:26:41.187,0.98983,0.98999,3.75,2.25
2011.01.24 10:26:41.852,0.98984,0.98999,3.75,2.25
2011.01.24 10:26:43.740,0.98984,0.98998,3.75,1.50
2011.01.24 10:26:47.729,0.98982,0.98998,4.43,1.50
2011.01.24 10:26:50.660,0.98983,0.98998,3.75,1.50
2011.01.24 10:26:51.417,0.98982,0.98998,4.43,1.50
2011.01.24 10:26:52.389,0.98985,0.98998,3.75,1.50
2011.01.24 10:26:58.486,0.98984,0.98998,3.75,1.50
2011.01.24 10:27:39.509,0.98984,0.98999,3.90,2.25
2011.01.24 10:27:40.591,0.98984,0.98999,4.80,1.50
2011.01.24 10:27:41.338,0.98985,0.98999,1.65,1.50
2011.01.24 10:27:45.148,0.98988,0.99001,2.52,1.50
2011.01.24 10:27:45.261,0.98988,0.99003,1.43,4.50
2011.01.24 10:27:45.701,0.98991,0.99003,1.80,2.25
2011.01.24 10:27:46.479,0.98993,0.99003,5.18,2.25
2011.01.24 10:27:46.591,0.98993,0.9901,5.18,1.50
2011.01.24 10:28:02.868,0.98993,0.99008,1.43,1.50
2011.01.24 10:28:03.202,0.98992,0.99008,1.43,2.25
2011.01.24 10:28:05.431,0.98992,0.99008,1.43,2.44
2011.01.24 10:28:06.091,0.9899,0.99006,1.43,1.69
2011.01.24 10:28:06.991,0.9899,0.99006,1.43,1.50
2011.01.24 10:28:23.011,0.98993,0.99008,4.43,1.50
2011.01.24 10:28:23.447,0.98994,0.99008,5.18,1.50
2011.01.24 10:28:29.587,0.98994,0.99006,1.43,1.50
2011.01.24 10:28:29.920,0.98994,0.99003,1.43,2.25
2011.01.24 10:28:30.031,0.98991,0.99003,1.43,2.25
2011.01.24 10:28:30.252,0.98989,0.99001,1.73,2.82
2011.01.24 10:28:30.937,0.98987,0.99001,1.43,2.44
2011.01.24 10:28:31.053,0.98987,0.99004,1.43,1.50
2011.01.24 10:28:31.715,0.98988,0.99004,1.43,2.25
2011.01.24 10:28:32.732,0.98989,0.99002,3.75,1.50
2011.01.24 10:28:34.969,0.98988,0.99002,4.43,1.50
2011.01.24 10:28:37.413,0.98988,0.99003,5.55,1.50
2011.01.24 10:28:38.030,0.98988,0.99005,5.55,2.25
2011.01.24 10:28:38.370,0.98991,0.99005,1.43,1.50
2011.01.24 10:28:39.488,0.9899,0.99005,2.93,2.25
2011.01.24 10:28:39.832,0.9898,0.98993,1.43,2.25
2011.01.24 10:28:53.052,0.98979,0.98988,1.43,1.50
2011.01.24 10:28:53.281,0.98976,0.98989,1.43,1.50
2011.01.24 10:28:54.193,0.98975,0.9899,1.43,3.94
2011.01.24 10:28:54.599,0.98973,0.9899,5.93,3.94
2011.01.24 10:28:55.420,0.98973,0.98988,5.93,1.50
2011.01.24 10:28:57.418,0.98972,0.98982,1.43,1.50
2011.01.24 10:28:57.769,0.98965,0.9897,2.18,2.25
2011.01.24 10:28:58.552,0.98956,0.98971,2.18,1.50
2011.01.24 10:28:59.538,0.98955,0.98969,2.18,1.50
2011.01.24 10:29:00.302,0.98955,0.98967,2.18,1.50
2011.01.24 10:29:00.412,0.98957,0.9897,1.43,1.50
2011.01.24 10:29:00.533,0.98959,0.9897,2.63,1.50
2011.01.24 10:29:00.764,0.98959,0.98972,2.25,1.50
2011.01.24 10:29:00.884,0.98955,0.9897,2.18,1.50
2011.01.24 10:29:01.670,0.98955,0.98969,1.43,1.50
2011.01.24 10:29:14.362,0.98955,0.9897,1.43,1.50
2011.01.24 10:29:16.249,0.98955,0.98972,1.43,1.50
2011.01.24 10:29:25.300,0.98955,0.9897,1.43,1.50
2011.01.24 10:29:26.006,0.98954,0.98969,2.18,1.50
2011.01.24 10:29:26.343,0.98954,0.98967,2.18,2.25
2011.01.24 10:29:26.900,0.98954,0.98967,1.43,2.25
2011.01.24 10:29:38.400,0.98951,0.98967,1.43,2.25
2011.01.24 10:29:40.461,0.98949,0.98965,1.43,1.69
2011.01.24 10:29:41.123,0.98947,0.98961,1.43,2.25
2011.01.24 10:29:41.239,0.98949,0.98966,1.24,2.25
2011.01.24 10:29:47.902,0.98947,0.98964,1.43,4.32
2011.01.24 10:29:48.013,0.98945,0.98958,2.70,2.25
2011.01.24 10:29:48.655,0.98939,0.98956,1.47,1.32
2011.01.24 10:29:49.369,0.98938,0.98954,2.22,2.25
2011.01.24 10:30:11.059,0.98936,0.98955,1.43,3.00
2011.01.24 10:30:11.772,0.98936,0.9895,1.43,1.50
2011.01.24 10:30:12.115,0.98929,0.98941,1.65,2.25
2011.01.24 10:30:13.000,0.98925,0.98943,1.43,1.50
2011.01.24 10:30:13.552,0.98927,0.98944,1.43,2.25
2011.01.24 10:30:14.157,0.98927,0.98939,1.43,1.50
2011.01.24 10:30:14.515,0.98922,0.98938,1.43,4.50
2011.01.24 10:30:15.058,0.98922,0.98938,1.43,5.25
2011.01.24 10:30:23.542,0.9892,0.98938,1.43,5.25
2011.01.24 10:30:24.395,0.98919,0.98938,2.18,5.25
2011.01.24 10:30:29.728,0.98925,0.98942,1.80,3.00
2011.01.24 10:30:31.553,0.98924,0.98937,1.62,2.25
2011.01.24 10:30:35.779,0.98926,0.98941,2.18,2.25
2011.01.24 10:30:35.902,0.98934,0.98951,3.30,1.50
2011.01.24 10:30:38.458,0.98935,0.98947,1.50,2.25
2011.01.24 10:30:38.579,0.98929,0.98949,2.37,2.25
2011.01.24 10:30:39.318,0.98933,0.98953,1.80,6.00
2011.01.24 10:30:40.100,0.98933,0.98953,2.55,5.25
2011.01.24 10:30:44.629,0.98935,0.98954,1.65,1.50
2011.01.24 10:30:44.741,0.98936,0.98954,1.54,1.50
2011.01.24 10:30:45.311,0.98936,0.98956,2.18,1.50
2011.01.24 10:31:01.789,0.98936,0.98954,1.43,1.58
2011.01.24 10:31:05.200,0.98938,0.98956,1.05,5.33
2011.01.24 10:31:08.210,0.98942,0.98956,2.25,1.58
2011.01.24 10:31:08.762,0.98943,0.98958,2.25,1.58
2011.01.24 10:31:09.149,0.98941,0.98959,2.93,1.58
2011.01.24 10:31:10.168,0.98941,0.98959,6.68,1.58
2011.01.24 10:31:10.920,0.98942,0.98959,3.75,1.58
2011.01.24 10:31:11.466,0.98942,0.98959,3.75,1.58
2011.01.24 10:31:12.042,0.98941,0.98959,3.68,1.50
2011.01.24 10:31:12.262,0.98943,0.9896,1.99,3.00
2011.01.24 10:31:12.919,0.98942,0.98961,6.68,3.57
2011.01.24 10:31:15.744,0.98943,0.98963,5.55,3.75
2011.01.24 10:31:16.300,0.98945,0.98963,4.43,1.50
2011.01.24 10:31:17.965,0.98947,0.98965,1.80,2.25
2011.01.24 10:31:18.452,0.9895,0.98965,2.25,2.25
2011.01.24 10:31:18.791,0.98957,0.98972,1.43,2.25
2011.01.24 10:31:19.361,0.98957,0.98972,1.43,1.50
2011.01.24 10:31:20.411,0.98957,0.98974,1.43,2.25
2011.01.24 10:31:27.882,0.98957,0.98972,1.43,3.75
2011.01.24 10:31:28.233,0.98953,0.9897,1.43,2.40
2011.01.24 10:31:28.790,0.98949,0.98966,1.43,1.13
2011.01.24 10:31:30.235,0.9895,0.98969,1.43,1.50
2011.01.24 10:31:42.220,0.98957,0.98974,1.43,2.25
2011.01.24 10:31:44.631,0.98957,0.98972,1.43,1.50
2011.01.24 10:31:44.962,0.98955,0.98964,1.13,2.25
2011.01.24 10:31:45.083,0.9896,0.98972,2.25,1.13
2011.01.24 10:31:45.202,0.9896,0.98974,2.25,1.50
2011.01.24 10:31:45.802,0.98961,0.98978,1.99,1.50
2011.01.24 10:31:45.917,0.98964,0.98981,1.05,5.25
2011.01.24 10:31:46.032,0.98969,0.98983,2.25,1.50
2011.01.24 10:31:46.147,0.98969,0.98985,2.93,3.75
2011.01.24 10:31:46.718,0.9897,0.98986,3.00,2.25
2011.01.24 10:31:47.821,0.98971,0.98989,1.43,3.75
2011.01.24 10:31:49.582,0.9897,0.98986,5.25,2.07
2011.01.24 10:31:50.205,0.98967,0.98986,1.43,2.07
2011.01.24 10:31:56.173,0.98967,0.98984,1.43,1.88
2011.01.24 10:31:56.292,0.98966,0.98983,1.43,2.07
2011.01.24 10:31:56.512,0.98965,0.98979,1.43,2.25
2011.01.24 10:31:57.375,0.98963,0.98979,1.43,2.25
2011.01.24 10:31:58.372,0.98959,0.98977,1.43,5.63
2011.01.24 10:31:59.005,0.98957,0.98977,1.43,6.38
2011.01.24 10:32:01.251,0.98957,0.98971,2.93,4.13
2011.01.24 10:32:01.582,0.98957,0.98967,1.50,2.07
2011.01.24 10:32:01.691,0.98957,0.98967,1.50,2.82
2011.01.24 10:32:02.323,0.98948,0.98966,6.68,1.50
2011.01.24 10:32:06.422,0.9895,0.98966,3.75,1.50
2011.01.24 10:32:07.080,0.98951,0.98969,5.18,2.25
2011.01.24 10:32:07.200,0.98955,0.98973,1.43,1.50
2011.01.24 10:32:07.537,0.98959,0.98976,1.05,6.00
2011.01.24 10:32:08.310,0.98965,0.98982,1.80,2.25
2011.01.24 10:32:10.309,0.98965,0.98984,5.55,2.25
2011.01.24 10:32:11.030,0.98965,0.9898,1.80,2.25
2011.01.24 10:32:11.266,0.98961,0.98978,1.43,1.32
2011.01.24 10:32:11.837,0.98959,0.98976,2.18,1.13
2011.01.24 10:32:13.256,0.98957,0.98975,2.18,2.25
2011.01.24 10:32:15.921,0.98957,0.98971,2.18,3.75
2011.01.24 10:32:16.570,0.98954,0.9897,1.13,6.75
2011.01.24 10:32:16.798,0.98951,0.9897,1.43,5.07
2011.01.24 10:32:17.380,0.9895,0.98967,2.18,1.13
2011.01.24 10:32:21.542,0.98948,0.98967,1.43,2.03
2011.01.24 10:32:21.990,0.98948,0.98966,1.43,1.95
2011.01.24 10:32:22.849,0.98946,0.98966,2.18,1.95
2011.01.24 10:32:22.962,0.98945,0.98965,5.18,1.88
2011.01.24 10:32:28.060,0.98938,0.98957,1.43,4.88
2011.01.24 10:32:33.992,0.9894,0.98956,2.25,1.50
2011.01.24 10:32:34.468,0.9894,0.98958,3.68,1.50
2011.01.24 10:32:35.941,0.98938,0.98956,1.43,1.50
2011.01.24 10:32:36.271,0.98937,0.98956,1.43,1.50
2011.01.24 10:32:40.282,0.98937,0.98943,1.43,2.25
2011.01.24 10:32:40.392,0.98932,0.98943,2.18,2.25
2011.01.24 10:32:40.612,0.98928,0.98943,2.18,2.25
2011.01.24 10:32:40.732,0.98928,0.9894,2.18,2.25
2011.01.24 10:32:41.277,0.98926,0.9894,1.43,2.25
2011.01.24 10:32:41.941,0.98924,0.9894,3.68,3.75
2011.01.24 10:32:47.616,0.98924,0.9894,1.43,1.69
2011.01.24 10:32:48.592,0.98922,0.9894,1.43,3.19
2011.01.24 10:32:50.523,0.98921,0.9894,2.18,7.09
2011.01.24 10:32:51.273,0.98915,0.9893,2.18,2.82
2011.01.24 10:32:51.939,0.98912,0.98927,2.25,1.13
2011.01.24 10:32:52.056,0.9891,0.98927,1.43,1.13
2011.01.24 10:32:52.758,0.9891,0.98929,4.43,1.50
2011.01.24 10:32:52.881,0.98912,0.9893,1.43,2.25
2011.01.24 10:32:53.432,0.98912,0.98929,1.43,3.75
2011.01.24 10:32:54.091,0.98907,0.9892,3.68,2.25
2011.01.24 10:32:54.211,0.98902,0.9892,1.43,5.25
2011.01.24 10:32:54.762,0.98903,0.9892,2.18,3.75
2011.01.24 10:32:57.254,0.98903,0.98916,1.43,2.25
2011.01.24 10:32:57.484,0.98901,0.98916,2.25,3.75
2011.01.24 10:32:57.712,0.98901,0.98914,2.25,3.75
2011.01.24 10:32:58.803,0.98886,0.98901,1.43,3.57
2011.01.24 10:32:59.363,0.98883,0.98901,5.18,3.57
2011.01.24 10:32:59.922,0.98884,0.98902,1.05,1.50
2011.01.24 10:33:00.701,0.98884,0.98901,1.05,1.50
2011.01.24 10:33:00.923,0.98887,0.98903,1.43,1.50
2011.01.24 10:33:02.254,0.98888,0.98903,1.05,1.50
2011.01.24 10:33:03.013,0.9889,0.98906,2.25,3.00
2011.01.24 10:33:03.125,0.9889,0.98906,2.25,3.00
2011.01.24 10:33:03.702,0.9889,0.98906,2.25,3.75
2011.01.24 10:33:03.822,0.98887,0.98903,4.43,2.25
2011.01.24 10:33:04.052,0.98887,0.989,1.43,2.25
2011.01.24 10:33:04.674,0.98884,0.989,1.43,2.25
2011.01.24 10:33:05.661,0.98884,0.98903,1.80,1.50
2011.01.24 10:33:06.396,0.98885,0.98901,1.43,1.50
2011.01.24 10:33:06.952,0.98885,0.98902,1.43,3.00
2011.01.24 10:33:09.742,0.98881,0.989,4.43,3.00
2011.01.24 10:33:10.561,0.98884,0.989,1.05,2.25
2011.01.24 10:33:10.783,0.98884,0.98903,1.20,1.50
2011.01.24 10:33:11.409,0.98887,0.98903,1.43,1.50
2011.01.24 10:33:18.813,0.9889,0.98903,3.00,2.25
2011.01.24 10:33:19.377,0.9889,0.98907,3.00,9.00
2011.01.24 10:33:19.499,0.98893,0.98911,1.50,3.75
2011.01.24 10:33:19.618,0.98895,0.98911,1.20,1.50
2011.01.24 10:33:19.732,0.98894,0.98909,2.14,1.50
2011.01.24 10:33:20.363,0.98895,0.98909,1.58,1.50
2011.01.24 10:33:20.485,0.98896,0.98913,1.43,1.50
2011.01.24 10:33:21.150,0.98896,0.98915,1.58,1.50
2011.01.24 10:33:25.099,0.98893,0.9891,1.43,5.82
2011.01.24 10:33:25.431,0.9889,0.98907,1.80,1.32
2011.01.24 10:33:30.013,0.9889,0.98908,1.43,3.00
2011.01.24 10:33:31.692,0.9889,0.98907,1.43,1.13
2011.01.24 10:33:35.993,0.98889,0.98904,1.43,2.82
2011.01.24 10:33:36.323,0.98886,0.989,1.80,2.25
2011.01.24 10:33:39.022,0.98886,0.98904,3.68,3.75
2011.01.24 10:33:39.754,0.98886,0.98904,3.83,3.75
2011.01.24 10:33:40.204,0.98893,0.98904,4.65,2.25
2011.01.24 10:33:40.694,0.98896,0.98904,1.13,2.25
2011.01.24 10:33:40.823,0.98907,0.98918,2.25,1.13
2011.01.24 10:33:41.054,0.98904,0.9892,1.43,3.00
2011.01.24 10:33:42.353,0.98903,0.98919,1.43,1.50
2011.01.24 10:33:42.709,0.98903,0.98919,1.43,3.57
2011.01.24 10:33:42.831,0.98906,0.9892,2.25,1.50
2011.01.24 10:33:43.379,0.98904,0.9892,1.43,2.44
2011.01.24 10:33:45.900,0.98904,0.98919,1.43,1.50
2011.01.24 10:33:46.012,0.98904,0.98914,1.43,2.25
2011.01.24 10:33:46.728,0.98899,0.98915,1.43,1.13
2011.01.24 10:33:48.921,0.98897,0.98916,1.43,1.13
2011.01.24 10:33:49.470,0.98897,0.98916,1.43,1.13
2011.01.24 10:33:50.731,0.98897,0.98915,1.43,1.13
2011.01.24 10:33:51.234,0.98897,0.98914,1.43,2.07
2011.01.24 10:33:52.228,0.98897,0.98915,1.43,1.50
2011.01.24 10:34:00.632,0.98897,0.98911,1.43,1.50
2011.01.24 10:34:01.401,0.98897,0.98911,2.93,2.25
2011.01.24 10:34:01.517,0.98894,0.98915,1.73,3.00
2011.01.24 10:34:01.967,0.989,0.98915,4.88,1.50
2011.01.24 10:34:02.301,0.98906,0.98917,2.25,1.50
2011.01.24 10:34:02.413,0.98898,0.98913,1.43,2.25
2011.01.24 10:34:03.067,0.98901,0.98919,2.25,1.50
2011.01.24 10:34:08.160,0.989,0.98919,1.43,3.00
2011.01.24 10:34:10.361,0.98901,0.98919,1.43,2.25
2011.01.24 10:34:11.094,0.98901,0.98919,5.18,1.50
2011.01.24 10:34:11.440,0.98902,0.98919,1.43,1.50
2011.01.24 10:34:15.965,0.98903,0.98921,4.43,3.19
2011.01.24 10:34:28.043,0.98906,0.98923,2.25,3.00
2011.01.24 10:34:28.583,0.98906,0.98924,2.93,3.75
2011.01.24 10:34:29.134,0.98907,0.98924,1.43,3.00
2011.01.24 10:34:29.891,0.98909,0.98924,1.43,3.00
2011.01.24 10:34:30.222,0.98913,0.98928,4.80,1.50
2011.01.24 10:34:30.902,0.98913,0.9893,1.24,3.75
2011.01.24 10:34:31.461,0.98912,0.9893,1.43,4.69
2011.01.24 10:34:35.561,0.98912,0.9893,1.43,5.44
2011.01.24 10:34:36.000,0.98912,0.98929,1.43,1.05
2011.01.24 10:34:36.221,0.98912,0.9893,1.43,5.44
2011.01.24 10:34:40.947,0.98913,0.9893,1.05,3.19
2011.01.24 10:34:41.063,0.98913,0.98927,1.24,1.50
2011.01.24 10:34:42.863,0.98909,0.98923,1.43,2.25
2011.01.24 10:34:56.792,0.98908,0.98923,1.43,2.25
2011.01.24 10:34:57.437,0.98907,0.98923,3.68,2.25
2011.01.24 10:35:02.323,0.98907,0.98923,2.25,3.00
2011.01.24 10:35:02.445,0.98907,0.98923,2.25,3.19
2011.01.24 10:35:03.102,0.989,0.98917,3.75,1.50
2011.01.24 10:35:03.334,0.98897,0.98915,2.93,1.50
2011.01.24 10:35:04.179,0.98901,0.98915,2.25,1.50
2011.01.24 10:35:06.467,0.98901,0.98916,2.25,1.13
2011.01.24 10:35:06.585,0.98897,0.98916,3.68,1.13
2011.01.24 10:35:08.122,0.98897,0.98914,1.43,1.50
2011.01.24 10:35:09.828,0.98894,0.98911,1.43,2.25
2011.01.24 10:35:10.718,0.98894,0.98911,1.43,3.00
2011.01.24 10:35:14.752,0.98894,0.98911,1.43,3.19
2011.01.24 10:35:17.080,0.98892,0.98911,1.43,3.19
2011.01.24 10:35:17.631,0.98892,0.9891,1.43,1.69
2011.01.24 10:35:18.189,0.9889,0.98908,3.68,1.32
2011.01.24 10:35:23.367,0.98885,0.98905,2.18,1.50
2011.01.24 10:35:30.751,0.98884,0.98902,1.43,2.07
2011.01.24 10:35:32.793,0.98885,0.98905,5.18,3.75
2011.01.24 10:35:34.764,0.98892,0.98909,3.00,1.50
2011.01.24 10:35:34.881,0.98892,0.9891,3.00,1.50
2011.01.24 10:35:35.830,0.98892,0.9891,3.68,1.50
2011.01.24 10:35:54.681,0.98892,0.98908,3.00,1.50
2011.01.24 10:35:55.673,0.98892,0.98908,6.38,1.50
2011.01.24 10:35:56.014,0.98899,0.98915,2.25,1.69
2011.01.24 10:36:00.480,0.98899,0.98916,2.93,2.97
2011.01.24 10:36:14.218,0.98903,0.98916,2.25,2.82
2011.01.24 10:36:14.340,0.98903,0.98918,2.25,6.75
2011.01.24 10:36:14.783,0.98905,0.98919,4.43,1.50
2011.01.24 10:36:14.902,0.98905,0.98921,5.18,2.07
2011.01.24 10:36:15.652,0.98907,0.98921,1.43,1.50
2011.01.24 10:36:15.775,0.98907,0.98924,1.43,1.50
2011.01.24 10:36:16.333,0.98907,0.98923,2.18,1.50
2011.01.24 10:36:17.538,0.98919,0.98935,2.63,1.50
2011.01.24 10:36:18.096,0.98923,0.98937,2.25,3.30
2011.01.24 10:36:19.124,0.98928,0.98939,2.25,1.50
2011.01.24 10:36:19.245,0.98928,0.98943,2.25,1.50
2011.01.24 10:36:19.471,0.98928,0.98945,2.25,6.00
2011.01.24 10:36:20.127,0.98928,0.98945,2.93,1.69
2011.01.24 10:36:25.447,0.98931,0.98946,1.43,4.84
2011.01.24 10:36:26.001,0.98928,0.98946,4.73,2.44
2011.01.24 10:36:26.586,0.98933,0.98948,2.55,7.50
2011.01.24 10:36:26.703,0.98933,0.98948,2.93,2.25
2011.01.24 10:36:27.827,0.98942,0.98954,2.25,1.50
2011.01.24 10:36:28.161,0.98942,0.98955,2.25,4.50
2011.01.24 10:36:28.711,0.98942,0.98956,2.25,1.13
2011.01.24 10:36:34.449,0.98942,0.98955,2.25,1.50
2011.01.24 10:36:35.112,0.98939,0.98955,2.93,1.69
2011.01.24 10:36:41.131,0.98939,0.98949,2.25,2.07
2011.01.24 10:36:41.464,0.98938,0.98949,2.25,2.25
2011.01.24 10:36:41.583,0.9893,0.98946,1.43,1.69
2011.01.24 10:36:46.298,0.98933,0.98945,2.25,2.25
2011.01.24 10:36:50.331,0.98929,0.98946,2.93,2.82
2011.01.24 10:36:50.441,0.98929,0.98945,2.93,1.13
2011.01.24 10:36:51.006,0.98928,0.98943,1.80,2.82
2011.01.24 10:36:51.116,0.98923,0.98941,3.68,2.44
2011.01.24 10:36:51.230,0.98923,0.9894,3.68,1.69
2011.01.24 10:37:05.490,0.98923,0.98938,2.93,1.69
2011.01.24 10:37:06.130,0.98919,0.98936,3.68,1.32
2011.01.24 10:37:12.668,0.98919,0.98936,2.25,3.19
2011.01.24 10:37:26.360,0.98919,0.98933,2.25,1.50
2011.01.24 10:37:29.589,0.98919,0.98932,2.25,1.32
2011.01.24 10:37:29.702,0.98915,0.98932,1.80,1.32
2011.01.24 10:37:30.251,0.98913,0.98931,3.68,3.19
2011.01.24 10:37:30.471,0.98913,0.9893,3.68,3.57
2011.01.24 10:37:31.045,0.9891,0.98927,1.43,1.32
2011.01.24 10:37:31.170,0.98913,0.98929,3.00,1.50
2011.01.24 10:37:31.722,0.98913,0.98929,2.25,1.50
2011.01.24 10:37:33.583,0.98913,0.98931,3.49,3.00
2011.01.24 10:37:33.701,0.98913,0.98931,3.49,2.25
2011.01.24 10:37:34.030,0.98914,0.98934,4.58,3.00
2011.01.24 10:37:34.708,0.98917,0.98934,1.43,3.00
2011.01.24 10:37:56.070,0.98917,0.98933,1.43,3.75
2011.01.24 10:37:56.644,0.98914,0.98933,1.43,4.50
2011.01.24 10:37:56.972,0.9891,0.98926,1.43,1.35
2011.01.24 10:37:57.081,0.9891,0.98926,1.43,1.35
2011.01.24 10:37:58.451,0.9891,0.98926,5.18,1.13
2011.01.24 10:38:01.861,0.98912,0.98926,2.25,1.13
2011.01.24 10:38:02.625,0.98912,0.98928,2.63,1.50
2011.01.24 10:38:02.754,0.98915,0.98931,1.43,1.50
2011.01.24 10:38:02.872,0.98915,0.98934,1.43,3.00
2011.01.24 10:38:17.632,0.98922,0.98935,2.25,2.25
2011.01.24 10:38:17.747,0.98923,0.98939,1.13,3.75
2011.01.24 10:38:18.407,0.98932,0.98943,2.25,1.80
2011.01.24 10:38:18.527,0.98934,0.98948,1.99,1.50
2011.01.24 10:38:18.641,0.98934,0.9895,1.99,2.25
2011.01.24 10:38:19.250,0.98934,0.9895,1.99,1.50
2011.01.24 10:38:25.433,0.98936,0.9895,1.58,1.50
2011.01.24 10:38:26.201,0.98936,0.9895,1.58,1.50
2011.01.24 10:38:28.002,0.98936,0.9895,1.58,1.50
2011.01.24 10:38:33.809,0.98936,0.98954,1.43,1.50
2011.01.24 10:38:34.033,0.98946,0.98955,2.25,1.50
2011.01.24 10:38:34.257,0.98939,0.98953,8.25,2.25
2011.01.24 10:38:34.769,0.98939,0.98953,4.43,2.25
2011.01.24 10:38:35.340,0.98946,0.98957,2.25,5.07
2011.01.24 10:38:36.041,0.9895,0.98968,2.25,1.50
2011.01.24 10:38:36.153,0.98951,0.98968,1.43,2.25
2011.01.24 10:38:47.011,0.98955,0.9897,1.43,2.25
2011.01.24 10:38:48.763,0.98951,0.9897,4.43,2.25
2011.01.24 10:38:48.984,0.98951,0.98969,2.18,1.32
2011.01.24 10:38:49.321,0.98948,0.98967,1.43,1.32
2011.01.24 10:38:49.542,0.98948,0.98967,1.43,2.07
2011.01.24 10:38:50.462,0.98948,0.98967,1.43,1.88
2011.01.24 10:38:51.123,0.98946,0.98964,1.43,1.50
2011.01.24 10:38:51.896,0.98945,0.98961,1.43,3.00
2011.01.24 10:38:52.020,0.98942,0.9896,1.43,2.25
2011.01.24 10:38:52.575,0.98943,0.98962,1.05,1.50
2011.01.24 10:38:54.461,0.98942,0.98961,1.43,4.13
2011.01.24 10:38:57.328,0.98945,0.98961,1.43,2.63
2011.01.24 10:38:57.667,0.98951,0.98964,2.25,1.50
2011.01.24 10:38:57.786,0.98951,0.98968,2.25,1.50
2011.01.24 10:38:58.013,0.98951,0.98969,2.93,2.25
2011.01.24 10:39:04.462,0.98952,0.98969,1.05,2.40
2011.01.24 10:39:04.683,0.98957,0.98969,2.25,1.65
2011.01.24 10:39:04.802,0.98953,0.98971,1.43,7.09
2011.01.24 10:39:05.373,0.9895,0.98971,3.68,10.09
2011.01.24 10:39:05.930,0.9895,0.98968,3.68,1.13
2011.01.24 10:39:14.891,0.9895,0.9897,4.43,1.73
2011.01.24 10:39:23.830,0.98946,0.98964,2.93,2.25
2011.01.24 10:39:24.610,0.98946,0.98964,2.93,3.00
2011.01.24 10:39:31.089,0.98947,0.98964,1.62,2.25
2011.01.24 10:39:31.325,0.98951,0.9897,3.00,3.98
2011.01.24 10:39:31.881,0.98951,0.98969,2.93,1.73
2011.01.24 10:39:33.552,0.98951,0.98969,2.93,1.73
2011.01.24 10:39:34.275,0.98951,0.98969,2.93,1.73
2011.01.24 10:39:34.809,0.98951,0.98969,2.93,1.73
2011.01.24 10:39:38.156,0.98951,0.98969,2.93,1.73
2011.01.24 10:39:41.282,0.98951,0.98969,2.93,1.50
2011.01.24 10:40:03.213,0.9895,0.98968,1.43,1.13
2011.01.24 10:40:03.879,0.98946,0.98966,6.68,2.07
2011.01.24 10:40:03.996,0.98946,0.98965,2.18,1.69
2011.01.24 10:40:04.225,0.98946,0.98964,1.43,3.57
2011.01.24 10:40:04.343,0.98944,0.98961,5.18,2.82
2011.01.24 10:40:11.901,0.98944,0.98962,1.24,3.00
2011.01.24 10:40:12.125,0.98946,0.98963,1.43,3.00
2011.01.24 10:40:12.682,0.98947,0.98963,1.62,1.50
2011.01.24 10:40:13.241,0.9895,0.98965,2.25,1.50
2011.01.24 10:40:16.344,0.9895,0.98968,2.40,1.73
2011.01.24 10:40:16.684,0.98951,0.98968,1.05,1.50
2011.01.24 10:40:17.130,0.98951,0.98969,2.18,4.50
2011.01.24 10:40:17.892,0.98951,0.98967,2.18,1.50
2011.01.24 10:40:18.225,0.98949,0.98964,1.24,2.25
2011.01.24 10:40:18.763,0.9895,0.98969,3.68,7.50
2011.01.24 10:40:18.878,0.98951,0.98969,1.43,2.25
2011.01.24 10:40:19.554,0.98953,0.98972,1.24,3.00
2011.01.24 10:40:20.142,0.98956,0.98973,4.43,1.50
2011.01.24 10:40:29.481,0.98959,0.98975,1.43,1.50
2011.01.24 10:40:30.095,0.98966,0.98976,2.25,1.73
2011.01.24 10:40:30.212,0.98958,0.98977,2.55,5.89
2011.01.24 10:40:30.762,0.98958,0.98977,2.18,2.14
2011.01.24 10:40:38.678,0.98955,0.98974,2.18,1.50
2011.01.24 10:40:38.904,0.98952,0.9897,1.43,2.25
2011.01.24 10:40:39.557,0.98954,0.9897,1.43,2.25
2011.01.24 10:40:39.671,0.98954,0.98973,2.93,2.25
2011.01.24 10:40:46.793,0.98961,0.98979,1.43,2.33
2011.01.24 10:40:48.242,0.98964,0.98979,1.43,2.33
2011.01.24 10:40:49.311,0.98959,0.98977,1.43,1.20
2011.01.24 10:40:55.208,0.98956,0.98971,2.93,2.63
2011.01.24 10:40:58.441,0.98953,0.98971,2.18,3.57
2011.01.24 10:40:58.994,0.98953,0.98971,1.43,7.32
2011.01.24 10:41:01.633,0.98951,0.98969,1.43,3.75
2011.01.24 10:41:01.854,0.9895,0.98969,3.68,4.50
2011.01.24 10:41:02.655,0.9895,0.98968,3.68,1.09
2011.01.24 10:41:03.212,0.9895,0.98968,3.68,1.09
2011.01.24 10:41:03.822,0.9895,0.98968,3.00,1.84
2011.01.24 10:41:10.076,0.9895,0.98968,2.93,1.69
2011.01.24 10:41:10.727,0.9895,0.98969,2.93,1.69
2011.01.24 10:41:12.262,0.98952,0.98971,1.43,6.38
2011.01.24 10:41:16.501,0.98954,0.98971,1.43,2.82
2011.01.24 10:41:25.164,0.98966,0.98974,2.25,2.25
2011.01.24 10:41:25.286,0.98963,0.9898,1.43,3.38
2011.01.24 10:41:25.840,0.98964,0.9898,1.43,2.25
2011.01.24 10:41:31.161,0.98961,0.98973,3.00,1.50
2011.01.24 10:41:31.854,0.9896,0.98974,2.25,1.50
2011.01.24 10:41:31.973,0.9896,0.98977,2.25,1.50
2011.01.24 10:41:32.531,0.9896,0.98977,2.93,1.50
2011.01.24 10:41:38.021,0.9896,0.98976,2.25,2.07
2011.01.24 10:41:38.134,0.98957,0.98973,2.93,2.25
2011.01.24 10:41:38.702,0.98958,0.98973,1.43,2.25
2011.01.24 10:41:39.245,0.98967,0.9898,2.25,1.50
2011.01.24 10:41:41.326,0.98961,0.98978,4.43,3.90
2011.01.24 10:41:41.445,0.98961,0.98979,5.18,1.50
2011.01.24 10:41:41.564,0.98966,0.9898,2.25,5.25
2011.01.24 10:41:49.543,0.98966,0.98981,2.25,1.50
2011.01.24 10:41:50.067,0.98969,0.98981,2.25,1.50
2011.01.24 10:42:24.940,0.98969,0.98984,2.25,1.88
2011.01.24 10:42:25.492,0.98969,0.98984,2.25,1.13
2011.01.24 10:42:44.461,0.98969,0.98984,2.25,1.13
2011.01.24 10:42:46.031,0.98969,0.98984,2.25,1.88
2011.01.24 10:42:51.247,0.98969,0.98983,2.25,1.50
2011.01.24 10:42:51.372,0.98969,0.98977,2.25,1.09
2011.01.24 10:42:51.488,0.98959,0.98976,1.05,1.32
2011.01.24 10:42:52.261,0.98963,0.9898,2.93,1.13
2011.01.24 10:42:52.813,0.98962,0.9898,1.43,3.38
2011.01.24 10:42:56.353,0.98961,0.98979,2.93,3.75
2011.01.24 10:42:56.681,0.98961,0.98979,2.93,1.50
2011.01.24 10:42:58.882,0.98961,0.98976,2.25,1.50
2011.01.24 10:42:59.445,0.98957,0.98973,4.43,3.00
2011.01.24 10:42:59.562,0.9896,0.98976,2.25,1.50
2011.01.24 10:43:08.320,0.9896,0.98976,2.93,1.50
2011.01.24 10:43:14.491,0.9896,0.9898,2.93,1.50
2011.01.24 10:43:14.711,0.98961,0.98981,1.43,5.82
2011.01.24 10:43:21.994,0.98961,0.98978,1.43,2.25
2011.01.24 10:43:22.440,0.9896,0.98977,3.68,3.00
2011.01.24 10:43:22.993,0.9896,0.98977,2.93,3.00
2011.01.24 10:43:25.738,0.98953,0.98968,1.13,1.69
2011.01.24 10:43:26.436,0.98951,0.98968,3.68,5.59
2011.01.24 10:43:26.557,0.98951,0.98967,2.25,1.50
2011.01.24 10:43:28.302,0.98948,0.98963,2.18,2.25
2011.01.24 10:43:28.524,0.98943,0.9896,1.50,4.50
2011.01.24 10:43:29.199,0.98941,0.98959,2.93,4.50
2011.01.24 10:43:30.666,0.98941,0.98959,2.93,6.75
2011.01.24 10:43:51.889,0.98944,0.9896,1.62,3.00
2011.01.24 10:43:52.007,0.98946,0.98962,2.25,1.50
2011.01.24 10:43:53.237,0.98952,0.98962,2.25,1.50
2011.01.24 10:43:54.010,0.98952,0.98968,5.07,3.90
2011.01.24 10:43:54.131,0.98953,0.98973,1.05,1.50
2011.01.24 10:43:55.443,0.98956,0.98974,1.43,3.00
2011.01.24 10:44:08.993,0.98958,0.98976,1.99,1.50
2011.01.24 10:44:09.538,0.98963,0.9898,1.43,3.00
2011.01.24 10:44:39.534,0.98967,0.98981,2.25,2.25
2011.01.24 10:44:39.656,0.98967,0.98983,2.25,5.25
2011.01.24 10:44:40.441,0.98964,0.98981,2.18,2.44
2011.01.24 10:44:43.677,0.98966,0.98984,2.93,5.25
2011.01.24 10:44:43.905,0.98966,0.98984,1.43,2.25
2011.01.24 10:44:44.451,0.98969,0.98984,1.80,1.50
2011.01.24 10:44:44.569,0.98971,0.9899,2.25,3.00
2011.01.24 10:44:44.685,0.98972,0.9899,1.43,3.00
2011.01.24 10:44:50.192,0.98971,0.98989,3.00,1.50
2011.01.24 10:44:50.740,0.98971,0.98989,2.25,1.50
2011.01.24 10:44:52.698,0.98968,0.98986,1.43,1.62
2011.01.24 10:44:53.253,0.98971,0.98987,2.25,2.18
2011.01.24 10:44:55.268,0.98966,0.98985,1.43,1.50
2011.01.24 10:45:05.735,0.9897,0.98985,2.25,1.50
2011.01.24 10:45:05.852,0.9897,0.98985,2.25,1.50
2011.01.24 10:45:06.516,0.9897,0.98989,2.93,1.50
2011.01.24 10:45:06.641,0.98974,0.9899,5.18,2.25
2011.01.24 10:45:09.053,0.98974,0.9899,1.43,1.50
2011.01.24 10:45:10.162,0.98977,0.9899,1.13,1.50
2011.01.24 10:45:10.760,0.98977,0.98992,2.25,1.50
2011.01.24 10:45:10.882,0.98982,0.98998,2.25,3.00
2011.01.24 10:45:11.105,0.98979,0.98993,1.43,2.25
2011.01.24 10:45:30.183,0.98986,0.98998,2.93,1.13
2011.01.24 10:45:30.514,0.98983,0.99,1.43,2.44
2011.01.24 10:45:36.532,0.98981,0.99,2.93,3.19
2011.01.24 10:45:42.683,0.98981,0.98999,2.93,1.50
2011.01.24 10:45:44.714,0.98981,0.99,4.43,3.94
2011.01.24 10:45:54.663,0.98981,0.98998,2.93,1.50
2011.01.24 10:45:55.108,0.98981,0.98996,2.25,2.07
2011.01.24 10:45:56.085,0.98977,0.98991,1.50,3.38
2011.01.24 10:45:56.852,0.9897,0.98987,5.93,1.50
2011.01.24 10:45:56.972,0.9897,0.98984,3.00,1.50
2011.01.24 10:45:57.539,0.98966,0.9898,2.18,2.25
2011.01.24 10:45:57.764,0.98963,0.9898,1.43,2.25
2011.01.24 10:46:27.165,0.98967,0.98984,1.80,2.25
2011.01.24 10:46:27.860,0.98977,0.98993,2.18,1.50
2011.01.24 10:46:30.356,0.98977,0.98994,1.43,2.25
2011.01.24 10:46:31.810,0.98977,0.98992,1.43,1.32
2011.01.24 10:46:31.923,0.98974,0.98992,1.43,2.07
2011.01.24 10:46:32.907,0.98969,0.98987,5.18,1.88
2011.01.24 10:46:33.452,0.98968,0.98986,1.43,4.50
2011.01.24 10:46:34.003,0.98966,0.98986,2.18,1.50
2011.01.24 10:46:42.874,0.98966,0.98984,1.43,1.50
2011.01.24 10:46:46.041,0.98968,0.98984,1.50,1.50
2011.01.24 10:46:46.372,0.98972,0.98988,2.25,2.25
2011.01.24 10:46:47.342,0.98973,0.9899,1.05,2.25
2011.01.24 10:46:47.470,0.98976,0.9899,1.43,1.50
2011.01.24 10:46:47.803,0.98976,0.98994,1.43,3.00
2011.01.24 10:46:51.183,0.98982,0.98997,2.25,2.25
2011.01.24 10:46:51.623,0.98982,0.98999,2.93,4.50
2011.01.24 10:46:53.122,0.98983,0.99,3.68,1.50
2011.01.24 10:47:11.462,0.98983,0.98999,2.25,5.25
2011.01.24 10:47:12.006,0.98976,0.98997,1.43,2.44
2011.01.24 10:47:17.223,0.98978,0.98997,1.80,1.50
2011.01.24 10:47:17.553,0.98982,0.99,6.00,5.25
2011.01.24 10:47:18.086,0.98983,0.99,1.43,3.75
2011.01.24 10:47:28.199,0.98989,0.99,2.25,1.50
2011.01.24 10:47:28.767,0.98986,0.99002,1.43,2.07
2011.01.24 10:47:37.752,0.98988,0.99005,4.24,1.88
2011.01.24 10:47:37.862,0.98992,0.99005,2.25,1.50
2011.01.24 10:47:37.973,0.98993,0.99009,4.43,1.50
2011.01.24 10:47:38.303,0.98992,0.99011,8.93,2.07
2011.01.24 10:47:38.414,0.98995,0.99011,1.05,2.07
2011.01.24 10:47:38.981,0.98995,0.99013,1.43,2.07
2011.01.24 10:47:40.337,0.98999,0.99013,2.25,1.50
2011.01.24 10:47:40.565,0.98995,0.99014,1.43,8.07
2011.01.24 10:47:48.046,0.98993,0.99012,2.25,5.07
2011.01.24 10:47:48.496,0.98993,0.99004,2.25,1.32
2011.01.24 10:47:49.020,0.98989,0.99004,1.80,2.82
2011.01.24 10:47:49.128,0.98986,0.99002,2.18,1.32
2011.01.24 10:47:50.224,0.98983,0.98999,1.43,4.32
2011.01.24 10:47:50.345,0.98982,0.98999,1.43,4.32
2011.01.24 10:47:50.909,0.9898,0.98996,1.43,1.32
2011.01.24 10:47:51.029,0.98978,0.98996,2.18,1.32
2011.01.24 10:47:52.517,0.98977,0.98992,1.43,1.50
2011.01.24 10:47:52.637,0.98975,0.98993,1.43,1.50
2011.01.24 10:47:53.503,0.98975,0.98993,2.93,1.50
2011.01.24 10:48:13.903,0.98975,0.98993,1.43,12.75
2011.01.24 10:48:14.587,0.98973,0.9899,1.43,1.32
2011.01.24 10:48:14.710,0.98969,0.98987,1.43,1.13
2011.01.24 10:48:15.267,0.98974,0.98988,1.32,1.50
2011.01.24 10:48:15.605,0.9897,0.98987,1.05,3.38
2011.01.24 10:48:16.167,0.9897,0.98987,1.05,1.13
2011.01.24 10:48:16.731,0.98968,0.98986,1.43,1.50
2011.01.24 10:48:37.167,0.98969,0.98986,1.43,1.50
2011.01.24 10:48:37.517,0.98974,0.98992,1.80,1.13
2011.01.24 10:48:38.150,0.98974,0.98995,2.55,1.50
2011.01.24 10:48:53.851,0.98977,0.98996,1.43,2.63
2011.01.24 10:48:54.743,0.98977,0.98995,1.43,1.50
2011.01.24 10:48:56.409,0.98977,0.98995,1.43,1.50
2011.01.24 10:48:57.729,0.98977,0.98995,1.43,1.50
2011.01.24 10:48:58.492,0.98977,0.98996,1.43,2.63
2011.01.24 10:48:59.069,0.98982,0.98996,2.25,2.25
2011.01.24 10:48:59.404,0.98983,0.99,3.68,1.50
2011.01.24 10:49:00.051,0.98983,0.99001,3.68,1.13
2011.01.24 10:49:00.167,0.9899,0.99002,1.13,1.50
2011.01.24 10:49:00.827,0.98998,0.99003,2.25,3.75
2011.01.24 10:49:00.952,0.98988,0.99006,4.65,1.13
2011.01.24 10:49:02.185,0.98986,0.99006,2.18,1.13
2011.01.24 10:49:03.174,0.98985,0.99001,2.18,4.69
2011.01.24 10:49:03.741,0.98979,0.98997,1.43,1.13
2011.01.24 10:49:04.763,0.98978,0.98997,1.43,1.88
2011.01.24 10:49:04.875,0.98978,0.98996,1.43,1.50
2011.01.24 10:49:16.815,0.98978,0.98999,1.43,2.25
2011.01.24 10:49:16.937,0.98982,0.98999,1.80,2.25
2011.01.24 10:49:17.383,0.98984,0.99003,1.05,1.50
2011.01.24 10:49:30.278,0.98992,0.99007,2.25,1.13
2011.01.24 10:49:32.622,0.98992,0.99009,2.93,4.50
2011.01.24 10:49:32.843,0.98992,0.9901,2.93,1.50
2011.01.24 10:49:33.411,0.98994,0.99011,1.43,5.44
2011.01.24 10:49:36.727,0.98999,0.99016,2.25,3.94
2011.01.24 10:49:39.128,0.98999,0.99015,3.00,2.44
2011.01.24 10:49:39.254,0.99009,0.99018,2.25,1.50
2011.01.24 10:49:39.370,0.99003,0.99018,3.00,1.50
2011.01.24 10:49:39.484,0.99005,0.99018,1.13,1.50
2011.01.24 10:49:39.603,0.99003,0.99018,3.00,1.50
2011.01.24 10:49:40.133,0.99003,0.99016,2.25,1.50
2011.01.24 10:49:40.251,0.98998,0.99016,2.25,1.50
2011.01.24 10:49:41.573,0.98997,0.99016,2.93,1.50
2011.01.24 10:49:42.125,0.98997,0.99016,2.93,1.50
2011.01.24 10:49:45.237,0.99,0.99013,2.25,1.50
2011.01.24 10:49:53.890,0.98997,0.99013,2.25,3.00
2011.01.24 10:49:57.386,0.98997,0.99013,2.25,4.50
2011.01.24 10:50:07.255,0.98992,0.99008,5.18,1.32
2011.01.24 10:50:07.376,0.9899,0.99007,2.93,1.47
2011.01.24 10:50:07.494,0.98987,0.99004,2.18,1.50
2011.01.24 10:50:08.148,0.98986,0.99,1.50,2.25
2011.01.24 10:50:08.383,0.98978,0.98996,3.68,1.32
2011.01.24 10:50:08.493,0.98978,0.98996,3.68,2.07
2011.01.24 10:50:33.163,0.98978,0.98996,7.43,1.88
2011.01.24 10:50:33.495,0.98981,0.98999,1.50,1.50
2011.01.24 10:50:34.020,0.98981,0.98999,1.61,1.50
2011.01.24 10:50:34.142,0.98989,0.99004,2.82,1.50
2011.01.24 10:50:39.248,0.98997,0.99011,2.25,1.50
2011.01.24 10:50:39.364,0.98997,0.99011,2.25,1.50
2011.01.24 10:50:39.475,0.98997,0.99013,2.93,3.00
2011.01.24 10:50:41.096,0.99007,0.99015,2.25,1.50
2011.01.24 10:50:41.216,0.99007,0.99021,2.25,2.25
2011.01.24 10:50:47.682,0.99008,0.99023,1.05,2.25
2011.01.24 10:50:47.795,0.9901,0.99026,3.00,1.13
2011.01.24 10:50:47.913,0.9901,0.99029,4.43,8.25
2011.01.24 10:50:56.785,0.99012,0.99029,1.62,3.00
2011.01.24 10:50:57.361,0.99014,0.99033,4.99,1.50
2011.01.24 10:51:05.879,0.99011,0.99031,4.05,8.25
2011.01.24 10:51:06.213,0.99009,0.99026,1.43,2.25
2011.01.24 10:51:06.322,0.99008,0.99026,2.93,1.88
2011.01.24 10:51:11.067,0.9901,0.99026,2.25,1.88
2011.01.24 10:51:16.212,0.9901,0.99029,4.43,5.25
2011.01.24 10:51:16.877,0.9901,0.99029,3.68,3.00
2011.01.24 10:51:17.001,0.99014,0.99031,1.05,1.50
2011.01.24 10:51:17.334,0.99014,0.99033,1.80,3.00
2011.01.24 10:51:24.151,0.99009,0.99026,1.43,1.88
2011.01.24 10:51:25.297,0.9901,0.99029,3.68,3.75
2011.01.24 10:51:31.944,0.99011,0.99029,1.43,3.00
2011.01.24 10:51:32.164,0.99011,0.99029,2.93,2.25
2011.01.24 10:51:32.723,0.99015,0.99031,1.43,1.13
2011.01.24 10:51:35.788,0.99018,0.99034,1.05,1.88
2011.01.24 10:51:36.529,0.9902,0.99035,2.25,3.00
2011.01.24 10:51:38.232,0.9902,0.99038,3.68,3.00
2011.01.24 10:51:39.145,0.99023,0.99039,1.05,3.00
2011.01.24 10:51:39.493,0.99026,0.99041,2.25,1.50
2011.01.24 10:51:40.645,0.99026,0.99042,2.93,1.50
2011.01.24 10:52:24.116,0.99026,0.99041,2.93,2.40
2011.01.24 10:52:24.348,0.99022,0.99035,1.43,3.75
2011.01.24 10:52:24.468,0.9902,0.99034,2.93,1.13
2011.01.24 10:52:25.011,0.99018,0.99034,1.43,2.63
2011.01.24 10:52:26.547,0.9902,0.99035,2.25,1.50
2011.01.24 10:52:45.464,0.9902,0.99036,4.13,1.50
2011.01.24 10:52:45.916,0.99027,0.99037,2.25,1.50
2011.01.24 10:52:46.035,0.99027,0.99039,2.25,1.50
2011.01.24 10:52:46.265,0.99027,0.9904,2.25,1.50
2011.01.24 10:52:47.152,0.99023,0.99041,1.62,1.50
2011.01.24 10:52:52.821,0.99022,0.99037,1.43,2.63
2011.01.24 10:52:53.045,0.99019,0.99037,1.62,3.53
2011.01.24 10:52:56.184,0.99021,0.99037,2.37,3.38
2011.01.24 10:52:56.965,0.99022,0.99037,4.50,2.63
2011.01.24 10:52:57.897,0.99018,0.99037,3.87,4.88
2011.01.24 10:53:06.793,0.99019,0.99032,2.18,2.25
2011.01.24 10:53:07.386,0.99014,0.99032,2.18,3.00
2011.01.24 10:53:13.872,0.99014,0.99032,1.43,3.75
2011.01.24 10:53:40.777,0.99015,0.99032,1.43,3.00
2011.01.24 10:53:41.113,0.99017,0.99032,1.43,2.25
2011.01.24 10:53:44.094,0.99017,0.99037,1.99,3.00
2011.01.24 10:53:44.207,0.9902,0.99037,1.43,1.50
2011.01.24 10:53:44.788,0.99023,0.9904,1.43,4.88
2011.01.24 10:53:45.345,0.99024,0.9904,1.43,4.13
2011.01.24 10:53:46.272,0.99027,0.99043,2.93,19.69
2011.01.24 10:53:46.390,0.99027,0.99043,3.68,2.63
2011.01.24 10:53:46.725,0.99029,0.99043,1.43,2.63
2011.01.24 10:53:47.604,0.9904,0.99048,2.93,1.88
2011.01.24 10:53:47.823,0.9904,0.99056,2.93,6.38
2011.01.24 10:53:47.933,0.9904,0.99056,3.30,5.25
2011.01.24 10:53:48.953,0.99043,0.99059,1.80,2.63
2011.01.24 10:53:51.601,0.99046,0.99059,1.43,2.63
2011.01.24 10:53:51.718,0.99045,0.99064,2.18,3.75
2011.01.24 10:53:51.834,0.99049,0.99064,1.43,3.75
2011.01.24 10:53:52.606,0.99049,0.99064,1.43,3.38
2011.01.24 10:53:54.482,0.99049,0.99064,1.43,3.00
2011.01.24 10:53:54.594,0.9905,0.99066,2.93,1.35
2011.01.24 10:53:54.813,0.99052,0.99067,1.43,1.73
2011.01.24 10:54:00.992,0.99052,0.99067,1.43,1.65
2011.01.24 10:54:03.743,0.99052,0.99069,1.43,8.25
2011.01.24 10:54:04.073,0.99053,0.99069,2.18,2.25
2011.01.24 10:54:06.372,0.99056,0.99072,2.93,1.50
2011.01.24 10:54:06.706,0.99053,0.99063,1.80,2.25
2011.01.24 10:54:06.824,0.99057,0.9907,2.25,2.25
2011.01.24 10:54:07.055,0.99053,0.9907,1.80,3.00
2011.01.24 10:54:07.284,0.99057,0.9907,1.43,2.25
2011.01.24 10:54:08.558,0.99062,0.9907,2.07,2.25
2011.01.24 10:54:09.225,0.99064,0.9907,1.99,2.25
2011.01.24 10:54:15.802,0.99066,0.99081,2.74,3.00
2011.01.24 10:54:15.914,0.99069,0.99085,3.38,1.50
2011.01.24 10:54:16.374,0.99069,0.99086,2.93,1.20
2011.01.24 10:54:18.997,0.99077,0.99088,2.25,1.73
2011.01.24 10:54:19.556,0.9908,0.99093,2.25,1.50
2011.01.24 10:54:19.784,0.9908,0.99095,2.25,2.25
2011.01.24 10:54:20.002,0.9908,0.99095,2.25,3.00
2011.01.24 10:54:20.761,0.9908,0.99094,2.25,1.50
2011.01.24 10:54:20.882,0.99077,0.99089,2.25,1.58
2011.01.24 10:54:22.194,0.99077,0.99093,3.19,4.13
2011.01.24 10:54:22.312,0.9908,0.99098,2.25,1.50
2011.01.24 10:54:23.297,0.9908,0.99098,2.93,1.50
2011.01.24 10:54:24.894,0.9908,0.99093,2.93,4.50
2011.01.24 10:54:25.225,0.99076,0.99083,1.43,2.25
2011.01.24 10:54:25.345,0.9908,0.9909,2.25,1.50
2011.01.24 10:54:25.465,0.99081,0.99093,1.69,1.50
2011.01.24 10:54:25.585,0.99082,0.99097,1.69,1.50
2011.01.24 10:54:26.043,0.99087,0.99097,2.25,1.50
2011.01.24 10:54:26.162,0.99087,0.99102,2.25,1.50
2011.01.24 10:54:26.716,0.99085,0.991,1.43,3.00
2011.01.24 10:54:27.255,0.99082,0.991,1.43,6.75
2011.01.24 10:54:29.055,0.99087,0.99102,2.25,3.75
2011.01.24 10:54:31.322,0.99087,0.99101,1.50,1.50
2011.01.24 10:54:31.666,0.99082,0.991,1.50,3.75
2011.01.24 10:54:31.789,0.99086,0.991,2.25,1.50
2011.01.24 10:54:34.183,0.9908,0.99097,3.68,1.50
2011.01.24 10:54:34.516,0.99079,0.99096,1.62,1.13
2011.01.24 10:54:38.213,0.99082,0.99099,3.12,4.50
2011.01.24 10:54:38.325,0.99086,0.99102,2.25,1.88
2011.01.24 10:54:39.079,0.99083,0.99099,1.43,2.63
2011.01.24 10:54:57.911,0.99082,0.99099,1.43,4.13
2011.01.24 10:54:58.464,0.99081,0.99099,2.18,4.13
2011.01.24 10:55:02.672,0.99083,0.99098,3.75,1.13
2011.01.24 10:55:03.242,0.99084,0.99098,3.75,1.13
2011.01.24 10:55:04.481,0.99083,0.99098,3.75,1.13
2011.01.24 10:55:05.066,0.99084,0.99099,3.75,4.13
2011.01.24 10:55:10.962,0.99084,0.99098,3.75,1.32
2011.01.24 10:55:11.519,0.99087,0.991,2.25,1.13
2011.01.24 10:55:11.635,0.99084,0.991,4.62,3.38
2011.01.24 10:55:11.756,0.99084,0.991,4.62,3.00
2011.01.24 10:55:11.874,0.99087,0.99101,2.25,1.50
2011.01.24 10:55:23.091,0.99096,0.99105,2.25,2.25
2011.01.24 10:55:23.537,0.99093,0.99104,3.68,2.25
2011.01.24 10:55:23.999,0.99097,0.9911,1.50,2.25
2011.01.24 10:55:24.122,0.99096,0.99113,3.68,1.13
2011.01.24 10:55:24.234,0.99096,0.99112,3.68,4.69
2011.01.24 10:55:24.566,0.99096,0.99111,1.43,2.82
2011.01.24 10:55:25.555,0.99096,0.99111,5.18,2.25
2011.01.24 10:55:25.672,0.99097,0.99113,2.93,2.25
2011.01.24 10:55:28.439,0.99097,0.99113,2.25,3.00
2011.01.24 10:55:29.883,0.99099,0.99113,1.43,2.25
2011.01.24 10:55:29.994,0.99103,0.99117,1.13,2.25
2011.01.24 10:55:30.106,0.99106,0.99117,2.25,1.50
2011.01.24 10:55:30.227,0.99106,0.99121,2.25,1.50
2011.01.24 10:55:31.552,0.99106,0.99122,2.93,2.25
2011.01.24 10:55:31.664,0.99107,0.99122,1.43,2.25
2011.01.24 10:55:31.774,0.9911,0.99122,2.07,1.50
2011.01.24 10:55:31.886,0.99117,0.99124,2.25,1.50
2011.01.24 10:55:32.007,0.99117,0.99129,2.25,1.50
2011.01.24 10:55:32.547,0.99109,0.99128,4.80,5.40
2011.01.24 10:55:33.104,0.9911,0.99126,1.50,1.32
2011.01.24 10:55:33.645,0.99107,0.99126,2.18,1.88
2011.01.24 10:55:34.004,0.99105,0.99126,1.43,1.88
2011.01.24 10:55:35.064,0.99109,0.99125,2.25,1.50
2011.01.24 10:55:35.396,0.99109,0.99125,2.63,1.50
2011.01.24 10:55:35.628,0.99117,0.99131,2.25,1.50
2011.01.24 10:55:36.634,0.99117,0.9913,2.25,2.25
2011.01.24 10:55:41.114,0.99112,0.99129,1.43,3.15
2011.01.24 10:55:41.237,0.9911,0.99126,2.25,1.13
2011.01.24 10:55:41.575,0.99106,0.99127,6.68,4.62
2011.01.24 10:55:41.693,0.99106,0.99123,5.93,1.50
2011.01.24 10:55:41.912,0.99106,0.99123,8.93,1.50
2011.01.24 10:55:42.478,0.99117,0.99123,2.25,1.50
2011.01.24 10:55:42.599,0.99117,0.99131,2.25,1.50
2011.01.24 10:55:45.922,0.99117,0.9913,2.25,1.50
2011.01.24 10:55:46.036,0.99113,0.99129,1.43,6.15
2011.01.24 10:55:46.153,0.99111,0.99128,1.50,1.65
2011.01.24 10:55:46.672,0.99111,0.99128,1.50,2.40
2011.01.24 10:55:47.232,0.9911,0.99127,3.75,3.15
2011.01.24 10:55:49.224,0.9911,0.99126,4.88,1.50
2011.01.24 10:55:49.443,0.99116,0.9913,2.93,1.50
2011.01.24 10:55:50.225,0.99116,0.99131,2.93,1.50
2011.01.24 10:56:03.222,0.9912,0.99133,3.75,6.00
2011.01.24 10:56:03.773,0.99126,0.99136,2.25,1.50
2011.01.24 10:56:03.894,0.99123,0.9914,1.43,3.75
2011.01.24 10:56:05.098,0.99123,0.9914,1.43,3.75
2011.01.24 10:56:06.758,0.99121,0.99139,6.68,1.50
2011.01.24 10:56:08.035,0.99128,0.9914,3.75,3.75
2011.01.24 10:56:08.154,0.99126,0.99137,2.25,1.13
2011.01.24 10:56:08.266,0.99125,0.99134,3.75,2.25
2011.01.24 10:56:08.383,0.9912,0.99137,3.30,3.57
2011.01.24 10:56:08.494,0.99121,0.99137,2.93,1.50
2011.01.24 10:56:09.557,0.99123,0.9914,1.32,3.75
2011.01.24 10:56:10.298,0.99127,0.9914,2.25,1.50
2011.01.24 10:56:13.364,0.99127,0.9914,2.25,1.65
2011.01.24 10:56:13.947,0.9912,0.99138,2.93,2.40
2011.01.24 10:56:16.046,0.99122,0.99139,5.74,3.00
2011.01.24 10:56:16.560,0.99127,0.9914,2.25,1.50
2011.01.24 10:56:16.682,0.99127,0.99142,2.25,1.50
2011.01.24 10:56:18.084,0.9913,0.99144,2.25,5.25
2011.01.24 10:56:18.413,0.99136,0.99147,2.25,2.25
2011.01.24 10:56:18.525,0.99131,0.99147,1.43,2.25
2011.01.24 10:56:18.644,0.9913,0.99146,2.93,1.50
2011.01.24 10:56:19.401,0.99127,0.99143,3.12,2.25
2011.01.24 10:56:22.239,0.9913,0.99147,2.25,2.25
2011.01.24 10:56:23.635,0.9913,0.99148,1.43,1.50
2011.01.24 10:56:23.963,0.99131,0.99148,1.65,1.50
2011.01.24 10:56:24.292,0.99136,0.99148,2.25,1.65
2011.01.24 10:56:24.762,0.9913,0.99148,4.43,1.65
2011.01.24 10:56:28.722,0.9913,0.99146,2.93,1.32
2011.01.24 10:56:29.341,0.99129,0.99144,2.18,2.25
2011.01.24 10:56:29.457,0.99129,0.99147,4.24,1.50
2011.01.24 10:56:30.012,0.99129,0.99148,4.99,1.50
2011.01.24 10:56:35.540,0.99137,0.99148,2.25,1.50
2011.01.24 10:56:35.655,0.99137,0.99151,2.25,1.50
2011.01.24 10:56:43.213,0.99144,0.99153,3.75,3.00
2011.01.24 10:56:43.677,0.99144,0.99153,3.75,2.25
2011.01.24 10:56:43.805,0.99144,0.99161,4.43,1.88
2011.01.24 10:56:45.003,0.99145,0.9916,3.75,3.00
2011.01.24 10:56:45.552,0.99144,0.9916,3.75,3.75
2011.01.24 10:56:48.744,0.99145,0.9916,1.13,1.50
2011.01.24 10:56:49.525,0.99149,0.9916,2.25,1.50
2011.01.24 10:56:49.641,0.99145,0.9916,1.50,1.50
2011.01.24 10:56:50.255,0.99146,0.9916,2.07,1.50
2011.01.24 10:56:50.473,0.9915,0.99165,2.25,1.50
2011.01.24 10:56:53.702,0.99157,0.99167,2.25,1.50
2011.01.24 10:56:53.925,0.9915,0.99167,1.80,1.50
2011.01.24 10:56:54.905,0.99154,0.99167,3.75,1.50
2011.01.24 10:56:55.125,0.99157,0.99171,2.25,1.50
2011.01.24 10:56:55.793,0.99157,0.9917,2.25,1.50
2011.01.24 10:56:55.909,0.99151,0.9917,5.03,5.63
2011.01.24 10:56:56.463,0.99151,0.99167,4.80,1.50
2011.01.24 10:56:58.297,0.99154,0.9917,3.75,4.50
2011.01.24 10:56:58.413,0.99153,0.9917,1.43,4.50
2011.01.24 10:57:00.978,0.99157,0.9917,2.25,2.25
2011.01.24 10:57:02.683,0.99152,0.9917,4.43,4.50
2011.01.24 10:57:03.447,0.99156,0.99169,2.25,2.25
2011.01.24 10:57:07.753,0.99156,0.99168,2.25,1.50
2011.01.24 10:57:07.864,0.99151,0.99168,3.68,1.50
2011.01.24 10:57:08.761,0.99151,0.99169,2.18,3.00
2011.01.24 10:57:10.546,0.99151,0.99169,2.18,3.00
2011.01.24 10:57:11.094,0.99151,0.99167,2.18,1.50
2011.01.24 10:57:11.541,0.99151,0.99169,2.18,4.50
2011.01.24 10:57:12.266,0.99151,0.99168,2.18,1.50
2011.01.24 10:57:12.383,0.99151,0.99166,1.43,1.50
2011.01.24 10:57:16.544,0.99151,0.99168,1.43,3.00
2011.01.24 10:57:19.963,0.99149,0.99167,2.18,1.50
2011.01.24 10:57:27.402,0.99146,0.99165,1.43,1.13
2011.01.24 10:57:27.514,0.99146,0.99165,1.43,1.13
2011.01.24 10:57:29.613,0.99146,0.99162,1.43,3.75
2011.01.24 10:57:29.945,0.99139,0.99156,5.63,4.32
2011.01.24 10:57:30.175,0.9914,0.99151,3.75,2.25
2011.01.24 10:57:30.395,0.99141,0.99157,1.43,3.00
2011.01.24 10:57:30.983,0.99142,0.99157,3.75,2.25
2011.01.24 10:57:31.100,0.99144,0.99157,1.43,2.25
2011.01.24 10:57:31.437,0.99144,0.99151,1.43,2.25
2011.01.24 10:57:31.557,0.99145,0.99161,1.43,3.00
2011.01.24 10:57:31.674,0.99145,0.99161,1.43,2.25
2011.01.24 10:57:32.294,0.99145,0.99162,2.18,1.50
2011.01.24 10:57:34.164,0.99143,0.99156,1.80,3.38
2011.01.24 10:57:34.281,0.99144,0.99158,1.05,2.25
2011.01.24 10:57:34.396,0.99144,0.99161,1.05,2.25
2011.01.24 10:57:34.952,0.99144,0.99161,1.05,1.50
2011.01.24 10:57:36.311,0.99144,0.99164,1.05,3.00
2011.01.24 10:57:36.644,0.99142,0.99157,1.43,2.25
2011.01.24 10:57:41.605,0.99144,0.9916,1.05,2.25
2011.01.24 10:57:43.913,0.99141,0.99159,5.93,3.75
2011.01.24 10:57:44.564,0.99141,0.99158,1.43,2.25
2011.01.24 10:57:48.142,0.99141,0.99157,1.43,2.25
2011.01.24 10:57:50.486,0.99147,0.99157,2.25,2.07
2011.01.24 10:57:50.606,0.99138,0.99153,2.18,2.25
2011.01.24 10:57:50.834,0.9914,0.99158,2.93,3.00
2011.01.24 10:57:54.017,0.99139,0.99153,1.43,2.25
2011.01.24 10:58:00.217,0.99137,0.99153,2.93,4.50
2011.01.24 10:58:00.922,0.99135,0.9915,1.43,2.25
2011.01.24 10:58:01.037,0.99135,0.9915,1.43,3.00
2011.01.24 10:58:14.947,0.99132,0.9915,2.25,4.50
2011.01.24 10:58:15.062,0.99132,0.9915,2.18,4.50
2011.01.24 10:58:24.529,0.99136,0.99151,2.25,2.44
2011.01.24 10:58:26.094,0.99133,0.99149,1.43,2.25
2011.01.24 10:58:28.984,0.99137,0.99151,2.25,2.25
2011.01.24 10:58:30.234,0.99133,0.99151,3.87,4.50
2011.01.24 10:58:36.660,0.99132,0.99148,8.93,2.25
2011.01.24 10:58:37.441,0.99133,0.9915,3.12,1.50
2011.01.24 10:58:39.057,0.99134,0.99147,4.43,2.25
2011.01.24 10:58:48.171,0.99131,0.99147,4.43,3.38
2011.01.24 10:58:48.291,0.99134,0.99148,3.75,3.00
2011.01.24 10:58:50.105,0.99132,0.99148,4.43,3.00
2011.01.24 10:58:50.230,0.99134,0.99148,3.75,3.00
2011.01.24 10:58:50.455,0.99133,0.9915,7.62,2.25
2011.01.24 10:58:53.673,0.99133,0.99149,7.62,1.50
2011.01.24 10:58:54.660,0.99131,0.99148,5.18,3.00
2011.01.24 10:58:55.189,0.99131,0.99148,4.43,3.00
2011.01.24 10:58:55.308,0.99133,0.99148,3.75,3.00
2011.01.24 10:58:55.864,0.99132,0.99148,3.75,3.00
2011.01.24 10:58:57.453,0.99131,0.99148,4.43,3.00
2011.01.24 10:58:58.503,0.99132,0.99149,3.19,2.25
2011.01.24 10:58:59.952,0.99133,0.99149,3.75,2.25
2011.01.24 10:59:00.666,0.99134,0.99149,4.43,1.50
2011.01.24 10:59:00.790,0.99133,0.99151,5.18,2.25
2011.01.24 10:59:02.703,0.99134,0.99151,1.13,2.25
2011.01.24 10:59:04.026,0.99133,0.99151,5.18,2.25
2011.01.24 10:59:04.799,0.99133,0.9915,5.18,1.50
2011.01.24 10:59:05.028,0.99132,0.99142,1.43,2.25
2011.01.24 10:59:06.154,0.99133,0.99148,3.75,2.25
2011.01.24 10:59:06.706,0.99139,0.99148,8.25,2.25
2011.01.24 10:59:07.250,0.99142,0.99148,1.17,2.25
2011.01.24 10:59:07.375,0.99143,0.99157,1.43,2.25
2011.01.24 10:59:07.706,0.99143,0.99157,3.90,2.82
2011.01.24 10:59:08.044,0.99141,0.99151,2.63,2.25
2011.01.24 10:59:08.157,0.99145,0.9916,3.75,1.69
2011.01.24 10:59:08.653,0.99145,0.99162,3.75,6.94
2011.01.24 10:59:08.767,0.99143,0.99162,1.69,6.00
2011.01.24 10:59:09.529,0.99143,0.99162,5.44,6.00
2011.01.24 10:59:09.652,0.99143,0.99159,4.43,1.50
2011.01.24 10:59:10.644,0.9914,0.99155,1.43,1.32
2011.01.24 10:59:11.421,0.99141,0.99151,1.20,2.25
2011.01.24 10:59:11.546,0.99145,0.99161,5.40,3.00
2011.01.24 10:59:11.666,0.99145,0.99161,6.15,3.00
2011.01.24 10:59:12.225,0.99146,0.99161,1.88,3.00
2011.01.24 10:59:12.887,0.99146,0.99161,2.55,2.25
2011.01.24 10:59:14.069,0.99147,0.99161,1.13,2.25
2011.01.24 10:59:15.132,0.99154,0.99161,1.05,2.25
2011.01.24 10:59:15.251,0.99158,0.99172,3.75,2.25
2011.01.24 10:59:15.694,0.99156,0.99172,6.68,2.25
2011.01.24 10:59:17.377,0.99154,0.99171,1.43,2.82
2011.01.24 10:59:17.496,0.99152,0.99169,1.43,2.25
2011.01.24 10:59:22.844,0.99157,0.99169,3.75,3.00
2011.01.24 10:59:23.176,0.99166,0.99177,2.25,1.50
2011.01.24 10:59:23.753,0.99166,0.99177,2.25,3.38
2011.01.24 10:59:23.872,0.99159,0.99177,1.43,2.82
2011.01.24 10:59:25.989,0.99156,0.99174,2.55,4.32
2011.01.24 10:59:26.528,0.99156,0.99169,1.43,2.25
2011.01.24 10:59:34.105,0.99155,0.99169,1.43,2.63
2011.01.24 10:59:38.803,0.99154,0.99169,1.43,2.63
2011.01.24 10:59:39.454,0.99152,0.99169,1.43,2.63
2011.01.24 10:59:39.569,0.99157,0.99171,2.25,4.50
2011.01.24 10:59:40.183,0.99157,0.99172,2.25,2.63
2011.01.24 10:59:45.139,0.99151,0.9917,1.43,2.82
2011.01.24 10:59:45.692,0.99151,0.9917,1.43,5.07
2011.01.24 10:59:46.026,0.99151,0.99165,1.43,1.32
2011.01.24 10:59:46.145,0.99147,0.99163,7.43,3.38
2011.01.24 10:59:46.257,0.99145,0.99159,5.18,2.25
2011.01.24 10:59:46.813,0.99143,0.99159,1.43,3.38
2011.01.24 10:59:48.098,0.99143,0.99158,1.43,1.13
2011.01.24 10:59:48.443,0.9914,0.99153,1.43,2.25
2011.01.24 10:59:48.553,0.9914,0.99153,1.43,2.63
2011.01.24 10:59:49.304,0.9914,0.99156,6.68,2.63
2011.01.24 10:59:49.933,0.9914,0.99157,2.93,2.25
2011.01.24 10:59:51.195,0.99146,0.99159,2.25,1.50
2011.01.24 10:59:51.414,0.99146,0.9916,2.25,3.00
2011.01.24 10:59:52.079,0.99141,0.99159,4.43,3.00
2011.01.24 10:59:55.546,0.99146,0.9916,2.25,1.69
2011.01.24 10:59:55.776,0.99146,0.99162,2.25,1.32
2011.01.24 10:59:56.483,0.99139,0.99155,2.93,1.50
2011.01.24 10:59:57.259,0.99138,0.99155,1.80,1.13
2011.01.24 10:59:58.476,0.99138,0.99157,1.43,3.75
2011.01.24 10:59:58.594,0.9914,0.99158,3.68,2.25
2011.01.24 10:59:59.350,0.99141,0.99158,5.18,1.13
2011.01.24 10:59:59.673,0.99144,0.99159,1.43,2.63
