2016.03.23 21:00:00.140,0.75287,0.75347,0.75,2.25
2016.03.23 21:00:00.197,0.75285,0.75347,0.75,2.25
2016.03.23 21:00:00.298,0.7528,0.75359,0.75,0.37
2016.03.23 21:00:01.155,0.75281,0.75361,0.75,0.75
2016.03.23 21:00:03.164,0.75288,0.75358,0.75,0.75
2016.03.23 21:00:05.812,0.75287,0.75359,0.75,0.75
2016.03.23 21:00:23.083,0.75281,0.75359,0.75,0.60
2016.03.23 21:01:04.330,0.75287,0.75354,0.75,0.75
2016.03.23 21:01:11.656,0.7528,0.75354,0.75,0.75
2016.03.23 21:01:11.707,0.75275,0.75354,0.37,0.75
2016.03.23 21:01:12.365,0.75268,0.75343,0.75,0.75
2016.03.23 21:01:14.780,0.75268,0.75323,0.75,0.75
2016.03.23 21:01:18.844,0.75264,0.75342,0.60,0.37
2016.03.23 21:01:18.924,0.75274,0.75342,0.60,0.37
2016.03.23 21:01:19.279,0.75278,0.75323,0.75,0.75
2016.03.23 21:01:24.079,0.75271,0.75323,0.60,0.75
2016.03.23 21:01:28.114,0.75276,0.75323,0.60,0.75
2016.03.23 21:01:33.732,0.7529,0.75323,0.60,0.75
2016.03.23 21:01:34.132,0.75297,0.75322,0.75,0.75
2016.03.23 21:01:35.991,0.75277,0.75322,0.75,0.75
2016.03.23 21:01:41.876,0.75276,0.75323,0.75,0.75
2016.03.23 21:01:43.294,0.75272,0.75329,0.75,0.75
2016.03.23 21:01:43.866,0.7528,0.75324,0.60,0.75
2016.03.23 21:01:44.292,0.75297,0.75324,0.75,1.50
2016.03.23 21:01:46.882,0.75277,0.75324,1.50,1.50
2016.03.23 21:01:48.113,0.75277,0.75328,0.75,0.75
2016.03.23 21:01:48.164,0.75277,0.75342,0.75,0.75
2016.03.23 21:01:51.207,0.75297,0.75342,0.75,0.75
2016.03.23 21:01:53.193,0.75296,0.75343,0.75,0.75
2016.03.23 21:01:56.215,0.75291,0.75343,0.37,0.75
2016.03.23 21:01:56.316,0.75284,0.75343,0.75,1.50
2016.03.23 21:01:56.366,0.7528,0.75339,0.37,0.37
2016.03.23 21:01:59.319,0.75297,0.75339,0.75,0.37
2016.03.23 21:01:59.370,0.75297,0.75344,0.75,0.75
2016.03.23 21:02:08.034,0.75297,0.75342,0.75,0.60
2016.03.23 21:02:09.913,0.75292,0.75342,0.37,0.60
2016.03.23 21:02:21.916,0.75291,0.75342,0.37,0.60
2016.03.23 21:02:35.624,0.75289,0.75342,0.75,0.60
2016.03.23 21:02:40.014,0.75289,0.75341,0.75,0.60
2016.03.23 21:03:01.372,0.75293,0.75341,0.75,0.60
2016.03.23 21:03:02.066,0.75293,0.75339,0.75,0.60
2016.03.23 21:03:02.576,0.75298,0.75339,0.75,0.60
2016.03.23 21:03:05.838,0.75298,0.75338,0.75,0.75
2016.03.23 21:03:08.738,0.75298,0.75334,0.75,0.60
2016.03.23 21:03:09.080,0.75297,0.75332,1.50,0.75
2016.03.23 21:03:10.184,0.75297,0.75331,1.50,0.75
2016.03.23 21:03:13.768,0.75297,0.7533,1.50,0.60
2016.03.23 21:03:14.122,0.75296,0.75323,0.75,0.75
2016.03.23 21:03:17.108,0.75289,0.75323,0.75,0.75
2016.03.23 21:03:17.209,0.75278,0.7532,0.75,0.75
2016.03.23 21:03:17.310,0.75277,0.75304,1.50,0.75
2016.03.23 21:03:17.629,0.75283,0.75304,0.60,0.75
2016.03.23 21:03:18.823,0.75285,0.75304,0.60,0.75
2016.03.23 21:03:19.025,0.75297,0.75324,0.75,0.75
2016.03.23 21:03:21.760,0.75291,0.75323,0.75,0.75
2016.03.23 21:03:21.811,0.75278,0.75317,0.75,0.75
2016.03.23 21:03:22.619,0.75277,0.75316,0.75,0.75
2016.03.23 21:03:24.652,0.75276,0.75316,0.75,0.75
2016.03.23 21:03:30.926,0.75281,0.75316,0.60,0.75
2016.03.23 21:03:31.229,0.75296,0.75323,0.75,1.50
2016.03.23 21:03:41.930,0.75297,0.75322,0.75,0.75
2016.03.23 21:03:51.263,0.7529,0.75323,0.75,0.75
2016.03.23 21:03:54.083,0.75292,0.75329,0.75,0.75
2016.03.23 21:03:54.134,0.75294,0.75332,0.75,0.75
2016.03.23 21:03:54.185,0.75296,0.75332,0.75,0.75
2016.03.23 21:04:00.273,0.75297,0.75334,0.75,0.75
2016.03.23 21:04:00.424,0.75299,0.75337,0.75,0.60
2016.03.23 21:04:00.634,0.75299,0.75339,0.75,1.35
2016.03.23 21:04:16.780,0.75297,0.75337,1.00,1.00
2016.03.23 21:04:17.180,0.75297,0.75335,1.00,1.00
2016.03.23 21:04:17.488,0.75292,0.75331,1.31,1.00
2016.03.23 21:04:17.539,0.75296,0.75336,1.00,1.00
2016.03.23 21:04:17.741,0.75297,0.75334,1.00,1.00
2016.03.23 21:04:17.863,0.75295,0.75333,1.00,1.00
2016.03.23 21:04:18.391,0.75296,0.75334,1.00,1.00
2016.03.23 21:04:19.065,0.75297,0.75335,1.00,1.00
2016.03.23 21:04:19.166,0.75295,0.75335,1.00,1.00
2016.03.23 21:04:19.776,0.75295,0.75334,1.00,1.00
2016.03.23 21:04:22.166,0.75294,0.75334,1.00,1.00
2016.03.23 21:04:22.312,0.75296,0.75336,1.00,1.00
2016.03.23 21:04:22.822,0.75297,0.75336,1.00,1.00
2016.03.23 21:04:23.451,0.75296,0.75336,1.00,1.00
2016.03.23 21:04:27.390,0.75297,0.75334,1.00,1.00
2016.03.23 21:04:28.024,0.75297,0.75335,1.00,1.00
2016.03.23 21:04:28.563,0.75297,0.75334,1.00,1.00
2016.03.23 21:04:37.478,0.75295,0.75335,1.00,1.00
2016.03.23 21:04:37.579,0.75298,0.75336,1.00,1.00
2016.03.23 21:04:37.680,0.75296,0.75336,1.00,1.00
2016.03.23 21:04:38.260,0.75296,0.75335,1.00,1.00
2016.03.23 21:04:38.800,0.75295,0.75335,1.00,1.00
2016.03.23 21:04:39.397,0.75294,0.75334,1.00,1.00
2016.03.23 21:04:42.293,0.75296,0.75336,1.00,1.00
2016.03.23 21:04:42.765,0.75294,0.75334,1.00,1.00
2016.03.23 21:04:50.305,0.75295,0.75335,1.00,1.00
2016.03.23 21:04:50.790,0.75297,0.75334,1.00,1.00
2016.03.23 21:04:57.881,0.75295,0.75335,1.00,1.00
2016.03.23 21:04:57.978,0.75297,0.75335,1.00,1.00
2016.03.23 21:04:58.301,0.75297,0.75332,1.00,1.00
2016.03.23 21:04:58.818,0.75296,0.75332,1.50,1.00
2016.03.23 21:05:01.859,0.75296,0.75333,1.00,1.50
2016.03.23 21:05:05.943,0.75296,0.7533,1.00,1.00
2016.03.23 21:05:07.321,0.75299,0.7533,1.00,1.00
2016.03.23 21:05:08.423,0.75299,0.7533,1.00,1.60
2016.03.23 21:05:09.735,0.75296,0.75331,1.00,1.60
2016.03.23 21:05:17.911,0.75296,0.7533,1.00,2.10
2016.03.23 21:05:29.049,0.75296,0.75325,1.00,1.60
2016.03.23 21:05:31.041,0.75296,0.75325,1.00,1.60
2016.03.23 21:05:32.846,0.75298,0.75325,1.00,1.60
2016.03.23 21:05:33.821,0.75298,0.75325,1.00,1.60
2016.03.23 21:05:34.323,0.75298,0.75324,1.00,1.60
2016.03.23 21:05:36.021,0.75298,0.75324,1.00,1.60
2016.03.23 21:05:44.718,0.75297,0.75325,1.00,1.60
2016.03.23 21:05:49.471,0.75297,0.75325,1.00,1.60
2016.03.23 21:05:49.781,0.75299,0.75327,1.00,1.79
2016.03.23 21:05:56.710,0.75299,0.75327,1.00,1.85
2016.03.23 21:05:57.515,0.75298,0.75325,1.00,1.60
2016.03.23 21:05:59.411,0.75298,0.75325,1.00,1.60
2016.03.23 21:05:59.571,0.75295,0.75324,1.25,2.10
2016.03.23 21:06:04.561,0.75295,0.75324,1.19,1.60
2016.03.23 21:06:08.146,0.75295,0.75324,1.19,1.00
2016.03.23 21:06:08.247,0.75293,0.75322,1.00,1.00
2016.03.23 21:06:08.348,0.75293,0.75319,1.00,1.00
2016.03.23 21:06:08.399,0.75289,0.75319,1.00,1.00
2016.03.23 21:06:08.501,0.75286,0.75318,1.00,1.00
2016.03.23 21:06:09.482,0.75286,0.75317,1.00,1.00
2016.03.23 21:06:11.415,0.75283,0.75317,1.00,1.00
2016.03.23 21:06:12.080,0.75283,0.75318,1.00,1.50
2016.03.23 21:06:12.593,0.75283,0.75317,1.00,1.00
2016.03.23 21:06:13.119,0.75283,0.75318,1.00,1.50
2016.03.23 21:06:13.498,0.75285,0.75318,1.00,1.00
2016.03.23 21:06:14.059,0.75285,0.75317,1.00,1.50
2016.03.23 21:06:15.943,0.75285,0.75318,1.00,1.00
2016.03.23 21:06:16.370,0.75284,0.75316,1.00,1.00
2016.03.23 21:06:17.101,0.75284,0.75317,1.00,1.00
2016.03.23 21:06:18.091,0.75285,0.75317,1.00,1.00
2016.03.23 21:06:20.432,0.75286,0.75317,1.00,1.00
2016.03.23 21:06:20.635,0.75284,0.75317,1.00,1.00
2016.03.23 21:06:21.341,0.75284,0.75316,1.00,1.00
2016.03.23 21:06:22.792,0.75286,0.75316,1.00,1.00
2016.03.23 21:06:22.964,0.75284,0.75318,1.00,1.50
2016.03.23 21:06:23.065,0.75284,0.75316,1.00,1.00
2016.03.23 21:06:25.033,0.75285,0.75316,1.00,1.00
2016.03.23 21:06:25.185,0.75285,0.75321,1.00,1.50
2016.03.23 21:06:26.281,0.75285,0.75321,1.00,2.10
2016.03.23 21:06:26.599,0.7529,0.75319,1.00,1.00
2016.03.23 21:06:26.936,0.75291,0.75323,1.00,1.35
2016.03.23 21:06:27.661,0.7529,0.75321,1.50,1.00
2016.03.23 21:06:28.705,0.75291,0.75323,1.00,2.10
2016.03.23 21:06:29.262,0.7529,0.75322,1.50,1.00
2016.03.23 21:06:31.030,0.75291,0.75323,1.00,2.10
2016.03.23 21:06:31.573,0.7529,0.75322,1.00,1.00
2016.03.23 21:06:31.650,0.75292,0.75323,1.00,2.10
2016.03.23 21:06:31.901,0.7529,0.75322,1.00,1.00
2016.03.23 21:06:33.753,0.75292,0.75323,1.00,2.10
2016.03.23 21:06:34.102,0.75291,0.75321,1.00,1.00
2016.03.23 21:06:35.752,0.75292,0.75323,1.00,2.10
2016.03.23 21:06:36.029,0.75291,0.75321,1.00,1.00
2016.03.23 21:06:37.176,0.7529,0.75323,1.00,1.35
2016.03.23 21:06:37.431,0.7529,0.75321,1.50,1.00
2016.03.23 21:06:37.646,0.7529,0.75323,1.50,2.10
2016.03.23 21:06:37.850,0.7529,0.75321,1.00,1.00
2016.03.23 21:06:38.149,0.75291,0.75323,1.00,2.10
2016.03.23 21:06:38.452,0.75291,0.75321,1.00,1.00
2016.03.23 21:06:38.655,0.7529,0.75323,1.00,1.35
2016.03.23 21:06:38.838,0.75291,0.7532,1.00,1.00
2016.03.23 21:06:39.285,0.75291,0.75323,1.00,2.10
2016.03.23 21:06:39.833,0.75291,0.7532,1.00,1.00
2016.03.23 21:06:41.650,0.75291,0.75323,1.00,2.85
2016.03.23 21:06:41.953,0.75291,0.75321,1.00,1.00
2016.03.23 21:06:42.186,0.75291,0.75323,1.00,2.10
2016.03.23 21:06:42.353,0.75291,0.7532,1.00,1.00
2016.03.23 21:06:44.451,0.7529,0.75323,1.00,2.10
2016.03.23 21:06:44.720,0.7529,0.75323,1.00,1.60
2016.03.23 21:06:45.024,0.75296,0.75322,1.00,1.60
2016.03.23 21:06:45.426,0.75298,0.75323,1.00,1.85
2016.03.23 21:06:53.211,0.75296,0.75324,1.00,2.29
2016.03.23 21:06:55.287,0.75298,0.75324,1.00,1.79
2016.03.23 21:06:57.040,0.75298,0.75323,1.00,1.05
2016.03.23 21:07:04.152,0.75298,0.75324,1.00,2.29
2016.03.23 21:07:04.304,0.75296,0.75324,1.00,2.85
2016.03.23 21:07:10.311,0.75298,0.75324,1.00,2.85
2016.03.23 21:07:13.001,0.75296,0.75319,1.00,1.00
2016.03.23 21:07:13.305,0.75298,0.75324,1.00,2.10
2016.03.23 21:07:23.979,0.75296,0.75323,1.00,1.00
2016.03.23 21:07:24.030,0.75292,0.75319,1.00,1.00
2016.03.23 21:07:24.333,0.75289,0.75315,1.00,1.00
2016.03.23 21:07:25.132,0.75289,0.75314,1.00,1.00
2016.03.23 21:07:25.284,0.75283,0.75309,1.00,1.00
2016.03.23 21:07:25.509,0.75283,0.75307,1.00,1.00
2016.03.23 21:07:27.264,0.75283,0.75309,1.00,1.00
2016.03.23 21:07:27.366,0.75286,0.75309,1.00,1.00
2016.03.23 21:07:27.517,0.75293,0.75319,1.00,1.00
2016.03.23 21:07:28.054,0.75294,0.7532,1.00,1.00
2016.03.23 21:07:30.146,0.75288,0.75315,1.00,1.00
2016.03.23 21:07:32.998,0.75291,0.7532,1.00,1.00
2016.03.23 21:07:34.323,0.75296,0.7532,1.00,1.00
2016.03.23 21:07:34.424,0.75294,0.7532,1.00,1.00
2016.03.23 21:07:37.518,0.75294,0.75319,1.00,1.00
2016.03.23 21:07:38.159,0.75295,0.75319,1.00,1.00
2016.03.23 21:07:43.796,0.75294,0.75319,1.00,1.00
2016.03.23 21:07:44.179,0.75294,0.75317,1.00,1.00
2016.03.23 21:07:44.440,0.75298,0.75322,1.00,1.54
2016.03.23 21:07:44.959,0.75295,0.75319,1.00,1.00
2016.03.23 21:07:50.161,0.75295,0.75318,1.00,1.00
2016.03.23 21:07:54.544,0.75296,0.75319,1.00,1.00
2016.03.23 21:08:00.140,0.75298,0.75321,1.00,1.35
2016.03.23 21:08:00.444,0.75296,0.75317,1.00,1.00
2016.03.23 21:08:02.888,0.75296,0.75319,1.00,1.00
2016.03.23 21:08:05.128,0.75299,0.75321,1.00,1.35
2016.03.23 21:08:10.368,0.75296,0.75321,1.00,1.35
2016.03.23 21:08:10.922,0.75295,0.75322,1.00,1.60
2016.03.23 21:08:13.889,0.75299,0.75322,1.00,1.60
2016.03.23 21:08:16.329,0.75297,0.7532,1.00,1.00
2016.03.23 21:08:18.541,0.75298,0.7532,1.00,1.35
2016.03.23 21:08:19.174,0.75297,0.7532,1.00,1.35
2016.03.23 21:08:20.672,0.75297,0.7532,1.00,1.60
2016.03.23 21:08:21.198,0.75297,0.7532,1.00,1.35
2016.03.23 21:08:22.169,0.75297,0.7532,1.00,1.60
2016.03.23 21:08:23.831,0.75298,0.7532,1.00,1.60
2016.03.23 21:08:28.001,0.75295,0.75321,1.00,1.60
2016.03.23 21:08:30.106,0.75298,0.75321,1.00,1.60
2016.03.23 21:08:34.418,0.75297,0.75321,1.00,1.60
2016.03.23 21:08:38.604,0.75294,0.75319,1.00,1.60
2016.03.23 21:08:41.027,0.75294,0.75319,1.00,1.35
2016.03.23 21:08:41.128,0.75297,0.75319,1.00,1.35
2016.03.23 21:08:42.431,0.75296,0.75319,1.00,1.35
2016.03.23 21:08:44.622,0.75298,0.75319,1.00,1.35
2016.03.23 21:08:51.928,0.75298,0.75318,1.00,2.10
2016.03.23 21:08:51.979,0.75294,0.75318,1.00,2.10
2016.03.23 21:08:52.030,0.75293,0.75304,1.00,2.10
2016.03.23 21:08:52.081,0.75285,0.75304,1.00,2.10
2016.03.23 21:08:52.233,0.75284,0.75301,1.69,2.10
2016.03.23 21:08:56.150,0.75284,0.75301,1.25,2.10
2016.03.23 21:09:03.118,0.75284,0.75303,1.25,2.10
2016.03.23 21:09:03.270,0.75281,0.75303,1.00,2.85
2016.03.23 21:09:03.422,0.75279,0.75303,1.00,3.60
2016.03.23 21:09:04.059,0.75279,0.75303,1.00,2.10
2016.03.23 21:09:05.741,0.75278,0.75303,1.00,1.60
2016.03.23 21:09:06.535,0.75278,0.75298,1.00,1.00
2016.03.23 21:09:11.467,0.75278,0.75302,1.00,1.60
2016.03.23 21:09:11.669,0.75278,0.75298,1.00,1.00
2016.03.23 21:09:13.116,0.75278,0.75297,1.00,1.00
2016.03.23 21:09:23.765,0.75279,0.75297,1.00,1.00
2016.03.23 21:09:30.967,0.75279,0.75299,1.00,1.35
2016.03.23 21:09:33.760,0.75278,0.75299,1.00,1.35
2016.03.23 21:09:43.754,0.75279,0.75299,1.00,1.35
2016.03.23 21:09:54.228,0.75278,0.75303,1.00,4.35
2016.03.23 21:10:04.311,0.75279,0.753,1.00,1.60
2016.03.23 21:10:07.318,0.75279,0.753,1.00,1.00
2016.03.23 21:10:07.469,0.75275,0.75299,1.00,1.00
2016.03.23 21:10:07.521,0.75273,0.75299,1.00,2.10
2016.03.23 21:10:07.572,0.75273,0.75296,1.00,1.50
2016.03.23 21:10:07.875,0.75272,0.75293,1.00,1.00
2016.03.23 21:10:08.093,0.75269,0.75293,1.00,1.00
2016.03.23 21:10:09.801,0.75264,0.75293,1.00,1.50
2016.03.23 21:10:09.859,0.75264,0.75291,1.00,1.00
2016.03.23 21:10:09.910,0.75261,0.75291,1.00,1.00
2016.03.23 21:10:10.417,0.75261,0.7529,1.00,1.50
2016.03.23 21:10:11.910,0.75261,0.75291,1.00,2.25
2016.03.23 21:10:12.428,0.75261,0.7529,1.00,1.50
2016.03.23 21:10:12.964,0.75261,0.75291,1.00,1.00
2016.03.23 21:10:13.116,0.75266,0.75291,1.00,1.00
2016.03.23 21:10:13.369,0.75261,0.75291,1.00,1.00
2016.03.23 21:10:13.523,0.75261,0.75293,1.00,1.00
2016.03.23 21:10:13.821,0.75261,0.75285,1.00,1.00
2016.03.23 21:10:14.039,0.75267,0.75294,1.00,1.00
2016.03.23 21:10:14.091,0.75267,0.75296,1.00,1.00
2016.03.23 21:10:14.193,0.75267,0.7529,1.00,1.00
2016.03.23 21:10:14.727,0.75267,0.75291,1.00,1.00
2016.03.23 21:10:16.112,0.75268,0.75291,1.00,1.00
2016.03.23 21:10:16.678,0.75267,0.75291,1.00,1.00
2016.03.23 21:10:17.792,0.75267,0.7529,1.00,1.00
2016.03.23 21:10:18.302,0.75268,0.7529,1.00,1.00
2016.03.23 21:10:18.839,0.75267,0.75289,1.00,1.00
2016.03.23 21:10:20.404,0.75268,0.75289,1.00,1.00
2016.03.23 21:10:20.556,0.75267,0.75291,1.00,1.00
2016.03.23 21:10:22.517,0.75268,0.75291,1.00,1.00
2016.03.23 21:10:22.774,0.75267,0.75288,1.00,1.00
2016.03.23 21:10:22.926,0.75261,0.75288,1.00,1.00
2016.03.23 21:10:22.977,0.75261,0.75286,1.00,1.00
2016.03.23 21:10:23.128,0.75257,0.75284,1.00,1.00
2016.03.23 21:10:23.842,0.75257,0.75283,1.00,1.00
2016.03.23 21:10:25.453,0.75261,0.75283,1.00,1.00
2016.03.23 21:10:26.000,0.75261,0.75284,1.00,1.00
2016.03.23 21:10:29.751,0.75262,0.75284,1.00,1.00
2016.03.23 21:10:36.916,0.75262,0.75293,1.00,1.60
2016.03.23 21:10:39.022,0.7526,0.75292,1.00,1.60
2016.03.23 21:10:39.123,0.7526,0.75283,1.00,1.00
2016.03.23 21:10:41.480,0.75258,0.75283,1.00,1.00
2016.03.23 21:10:43.579,0.75259,0.75283,1.00,1.00
2016.03.23 21:10:45.305,0.75259,0.75288,1.00,1.00
2016.03.23 21:10:45.406,0.75259,0.75282,1.00,1.00
2016.03.23 21:10:45.841,0.75254,0.75282,1.19,1.00
2016.03.23 21:10:45.942,0.75254,0.75278,1.19,1.00
2016.03.23 21:10:59.907,0.75254,0.75279,1.19,1.00
2016.03.23 21:11:00.223,0.75259,0.75281,1.00,1.35
2016.03.23 21:11:00.937,0.75261,0.75281,1.00,1.35
2016.03.23 21:11:05.959,0.75262,0.75282,1.00,1.60
2016.03.23 21:11:20.025,0.75262,0.75282,1.00,1.00
2016.03.23 21:11:24.164,0.75262,0.75282,1.00,1.60
2016.03.23 21:11:24.700,0.75263,0.75284,1.00,2.10
2016.03.23 21:11:25.154,0.75263,0.75285,1.00,1.00
2016.03.23 21:11:25.205,0.75265,0.75285,1.00,1.00
2016.03.23 21:11:25.607,0.75268,0.75285,1.00,1.00
2016.03.23 21:11:27.713,0.75268,0.75287,1.00,1.00
2016.03.23 21:11:27.814,0.75267,0.75289,1.00,1.50
2016.03.23 21:11:28.400,0.75267,0.7529,1.00,1.00
2016.03.23 21:11:33.369,0.75267,0.75289,1.00,1.00
2016.03.23 21:11:33.578,0.75267,0.75293,1.00,1.50
2016.03.23 21:11:33.629,0.75269,0.75293,1.00,1.50
2016.03.23 21:11:33.681,0.75274,0.75299,1.00,1.00
2016.03.23 21:11:33.833,0.7527,0.75294,1.00,1.00
2016.03.23 21:11:34.137,0.75275,0.75299,1.00,1.00
2016.03.23 21:11:50.222,0.7527,0.75294,1.00,1.00
2016.03.23 21:11:53.146,0.75274,0.75299,1.00,1.00
2016.03.23 21:11:54.508,0.75274,0.75298,1.00,1.00
2016.03.23 21:12:02.743,0.75271,0.75298,1.00,1.00
2016.03.23 21:12:02.946,0.75271,0.75293,1.00,1.00
2016.03.23 21:12:05.154,0.75274,0.75298,1.00,1.00
2016.03.23 21:12:12.065,0.75271,0.75298,1.00,1.00
2016.03.23 21:12:15.538,0.7527,0.75299,1.50,1.00
2016.03.23 21:12:34.948,0.7527,0.75296,1.50,1.00
2016.03.23 21:12:35.395,0.7527,0.75296,1.95,1.00
2016.03.23 21:12:41.318,0.7527,0.75296,1.17,1.00
2016.03.23 21:12:41.868,0.7527,0.75296,1.20,1.00
2016.03.23 21:12:44.565,0.75265,0.75301,3.75,1.00
2016.03.23 21:12:44.775,0.75265,0.75294,1.20,1.00
2016.03.23 21:12:46.577,0.7527,0.75294,1.00,1.00
2016.03.23 21:12:50.612,0.7527,0.75299,1.00,1.00
2016.03.23 21:12:57.323,0.7527,0.75294,1.00,1.00
2016.03.23 21:13:07.167,0.75271,0.75294,1.00,1.00
2016.03.23 21:13:11.146,0.75271,0.75298,1.00,1.00
2016.03.23 21:13:11.413,0.75271,0.75295,1.00,1.00
2016.03.23 21:13:17.193,0.7527,0.75295,1.50,1.00
2016.03.23 21:13:17.645,0.75275,0.75299,1.00,1.00
2016.03.23 21:13:26.228,0.7527,0.75299,1.50,1.00
2016.03.23 21:13:27.429,0.7527,0.75299,1.57,1.12
2016.03.23 21:13:54.684,0.75271,0.75298,1.17,1.45
2016.03.23 21:13:57.658,0.75271,0.75298,1.00,1.45
2016.03.23 21:13:59.309,0.7527,0.75299,1.20,2.25
2016.03.23 21:14:09.357,0.75274,0.75299,1.00,2.25
2016.03.23 21:14:09.543,0.7527,0.75295,1.65,1.50
2016.03.23 21:14:11.818,0.75271,0.75293,1.00,1.15
2016.03.23 21:14:11.869,0.75271,0.75291,1.00,3.75
2016.03.23 21:14:11.919,0.75267,0.7529,1.00,2.25
2016.03.23 21:14:11.970,0.75267,0.75288,1.00,1.87
2016.03.23 21:14:12.517,0.75266,0.75287,1.50,4.12
2016.03.23 21:14:22.838,0.75265,0.75286,1.25,1.87
2016.03.23 21:14:23.965,0.75267,0.75286,1.00,2.25
2016.03.23 21:14:24.586,0.75267,0.75284,1.00,1.12
2016.03.23 21:14:25.177,0.75267,0.75285,1.00,1.12
2016.03.23 21:14:28.229,0.75267,0.75286,1.00,1.12
2016.03.23 21:14:28.744,0.75267,0.75287,1.00,2.25
2016.03.23 21:14:32.748,0.75266,0.75287,1.00,2.25
2016.03.23 21:14:41.244,0.75267,0.75287,1.00,1.75
2016.03.23 21:14:48.047,0.75266,0.75287,1.00,1.75
2016.03.23 21:14:52.867,0.75265,0.75287,1.00,1.75
2016.03.23 21:15:01.072,0.75267,0.75287,1.00,1.75
2016.03.23 21:15:01.174,0.75265,0.75287,1.50,1.75
2016.03.23 21:15:01.702,0.75265,0.75286,1.50,1.12
2016.03.23 21:15:12.382,0.75264,0.75286,2.25,1.12
2016.03.23 21:15:13.756,0.75264,0.75285,1.50,1.12
2016.03.23 21:15:34.067,0.75264,0.75284,1.50,1.12
2016.03.23 21:15:34.656,0.75265,0.75284,1.00,1.12
2016.03.23 21:15:49.051,0.75264,0.75284,1.00,1.12
2016.03.23 21:15:49.786,0.75264,0.75285,1.00,2.05
2016.03.23 21:15:50.317,0.75264,0.75285,1.00,1.65
2016.03.23 21:15:55.463,0.75265,0.75285,1.00,1.65
2016.03.23 21:15:56.764,0.75265,0.75285,1.00,2.05
2016.03.23 21:15:56.815,0.75265,0.75283,1.00,1.12
2016.03.23 21:15:58.262,0.75264,0.75283,1.50,1.12
2016.03.23 21:16:01.909,0.75265,0.75283,1.00,1.12
2016.03.23 21:16:09.625,0.75263,0.75281,1.25,1.35
2016.03.23 21:16:22.399,0.75265,0.75281,1.00,1.05
2016.03.23 21:16:28.894,0.75266,0.75281,1.00,1.35
2016.03.23 21:16:30.061,0.75266,0.75283,1.00,3.30
2016.03.23 21:16:31.157,0.75266,0.75283,1.10,2.92
2016.03.23 21:16:46.090,0.75266,0.75283,1.00,1.70
2016.03.23 21:16:48.343,0.75266,0.75282,1.50,1.50
2016.03.23 21:16:48.930,0.75266,0.75282,1.50,1.50
2016.03.23 21:17:02.184,0.75266,0.75284,1.00,3.30
2016.03.23 21:17:02.688,0.75266,0.75284,1.00,3.00
2016.03.23 21:17:11.023,0.75266,0.75283,1.00,3.00
2016.03.23 21:17:15.913,0.75266,0.75283,1.50,1.77
2016.03.23 21:17:18.217,0.75266,0.75282,1.50,1.72
2016.03.23 21:17:24.810,0.75266,0.75283,1.00,1.80
2016.03.23 21:17:25.312,0.75266,0.75284,1.00,1.05
2016.03.23 21:17:31.510,0.75266,0.75283,1.00,2.55
2016.03.23 21:17:38.399,0.75266,0.75283,1.50,2.25
2016.03.23 21:17:52.849,0.75267,0.75284,1.00,2.25
2016.03.23 21:17:53.397,0.75267,0.75284,1.00,2.25
2016.03.23 21:17:58.376,0.75266,0.75286,1.00,1.35
2016.03.23 21:17:58.578,0.75266,0.75288,1.00,2.05
2016.03.23 21:17:59.434,0.75266,0.75288,1.00,1.35
2016.03.23 21:18:00.330,0.75266,0.75288,1.00,1.65
2016.03.23 21:18:00.857,0.75266,0.75288,1.00,1.35
2016.03.23 21:18:01.400,0.75267,0.75288,1.00,1.35
2016.03.23 21:18:02.118,0.75264,0.75288,1.00,1.35
2016.03.23 21:18:02.959,0.75265,0.75288,1.00,1.05
2016.03.23 21:18:03.500,0.75264,0.75288,1.00,1.05
2016.03.23 21:18:08.276,0.75265,0.75288,1.00,1.80
2016.03.23 21:18:08.428,0.75265,0.7529,1.50,1.05
2016.03.23 21:18:08.866,0.75265,0.75289,1.00,2.25
2016.03.23 21:18:08.932,0.75268,0.7529,1.00,1.50
2016.03.23 21:18:09.236,0.75266,0.7529,2.44,1.65
2016.03.23 21:18:10.684,0.75267,0.75292,1.10,2.85
2016.03.23 21:18:10.736,0.75269,0.75292,1.00,2.55
2016.03.23 21:18:13.538,0.75269,0.75292,1.00,1.80
2016.03.23 21:18:20.029,0.75269,0.75292,1.00,1.10
2016.03.23 21:18:20.804,0.75269,0.75291,1.00,1.00
2016.03.23 21:18:21.559,0.75268,0.75291,1.00,1.00
2016.03.23 21:18:22.074,0.75268,0.75291,1.50,1.15
2016.03.23 21:18:25.910,0.75269,0.75291,1.00,1.15
2016.03.23 21:18:26.689,0.75268,0.75291,1.00,1.15
2016.03.23 21:18:29.734,0.75268,0.75291,1.00,1.45
2016.03.23 21:18:30.514,0.75268,0.75291,1.00,2.25
2016.03.23 21:18:30.666,0.75266,0.7529,1.50,1.35
2016.03.23 21:18:30.944,0.75266,0.7529,1.00,2.05
2016.03.23 21:18:31.148,0.75266,0.7529,1.00,1.35
2016.03.23 21:18:31.973,0.75267,0.7529,1.00,1.35
2016.03.23 21:18:33.112,0.75266,0.7529,1.00,1.35
2016.03.23 21:18:35.869,0.75266,0.7529,1.00,2.05
2016.03.23 21:18:35.971,0.75266,0.7529,1.00,2.10
2016.03.23 21:18:36.593,0.75266,0.7529,1.00,1.65
2016.03.23 21:18:37.620,0.75266,0.7529,1.00,1.65
2016.03.23 21:18:38.171,0.75267,0.7529,1.00,2.85
2016.03.23 21:18:39.084,0.75266,0.75289,1.00,1.35
2016.03.23 21:18:41.825,0.75266,0.75289,1.00,1.35
2016.03.23 21:18:48.605,0.75267,0.75289,1.00,1.35
2016.03.23 21:18:54.257,0.75266,0.75289,1.00,1.35
2016.03.23 21:18:54.852,0.75267,0.75289,1.00,1.35
2016.03.23 21:18:58.023,0.75266,0.75289,1.00,1.35
2016.03.23 21:19:04.398,0.75267,0.75289,1.00,1.35
2016.03.23 21:19:06.723,0.75267,0.7529,1.10,1.07
2016.03.23 21:19:11.645,0.75268,0.75291,1.00,1.37
2016.03.23 21:19:12.141,0.7527,0.75291,1.00,1.37
2016.03.23 21:19:14.383,0.75269,0.75291,1.50,1.37
2016.03.23 21:19:17.244,0.7527,0.75293,1.00,2.25
2016.03.23 21:19:21.566,0.75269,0.75293,1.50,2.25
2016.03.23 21:19:27.521,0.75269,0.75293,1.50,2.25
2016.03.23 21:19:42.975,0.7527,0.75292,1.00,1.75
2016.03.23 21:19:53.478,0.75269,0.75293,1.00,2.85
2016.03.23 21:19:59.259,0.75269,0.75292,1.00,1.12
2016.03.23 21:20:13.298,0.75269,0.75291,1.00,1.12
2016.03.23 21:20:13.977,0.75269,0.7529,1.50,1.12
2016.03.23 21:20:15.273,0.75263,0.7529,2.14,1.12
2016.03.23 21:20:20.284,0.7527,0.75291,1.00,4.12
2016.03.23 21:20:20.335,0.7527,0.75292,1.00,1.75
2016.03.23 21:20:20.537,0.75271,0.75293,1.07,2.17
2016.03.23 21:21:12.488,0.75272,0.75294,3.82,1.87
2016.03.23 21:21:12.539,0.75274,0.75294,1.12,1.50
2016.03.23 21:21:17.966,0.75274,0.75289,1.12,1.56
2016.03.23 21:21:18.068,0.75265,0.75286,1.00,2.25
2016.03.23 21:21:18.170,0.75265,0.75286,1.20,1.12
2016.03.23 21:21:18.221,0.75262,0.75284,1.15,1.00
2016.03.23 21:21:18.373,0.75265,0.7529,1.20,1.50
2016.03.23 21:21:18.886,0.75265,0.7529,1.17,1.15
2016.03.23 21:21:19.038,0.75265,0.7529,1.15,1.10
2016.03.23 21:21:20.279,0.75269,0.75292,1.00,1.15
2016.03.23 21:21:20.381,0.75269,0.75294,1.17,1.65
2016.03.23 21:21:20.483,0.75271,0.75294,1.17,1.07
2016.03.23 21:21:20.787,0.75271,0.75293,1.20,1.00
2016.03.23 21:21:20.838,0.75271,0.75295,1.20,1.10
2016.03.23 21:21:44.791,0.75271,0.75298,1.10,2.62
2016.03.23 21:22:01.975,0.75271,0.75298,1.00,2.25
2016.03.23 21:22:02.488,0.75272,0.75297,1.00,1.50
2016.03.23 21:22:12.276,0.75271,0.75297,1.00,1.00
2016.03.23 21:22:22.847,0.75271,0.75296,1.00,1.00
2016.03.23 21:22:23.405,0.75272,0.75296,1.00,1.00
2016.03.23 21:22:41.010,0.75272,0.75294,1.00,1.00
2016.03.23 21:22:41.112,0.75272,0.75296,1.00,1.87
2016.03.23 21:22:41.682,0.75272,0.75295,1.00,1.00
2016.03.23 21:22:42.936,0.75269,0.75295,1.00,1.00
2016.03.23 21:22:43.536,0.75269,0.75296,1.00,1.87
2016.03.23 21:22:50.552,0.75268,0.75296,1.00,1.12
2016.03.23 21:22:59.879,0.7527,0.75296,1.00,1.00
2016.03.23 21:23:00.902,0.75269,0.75296,1.00,1.00
2016.03.23 21:23:01.206,0.75273,0.75297,1.00,1.50
2016.03.23 21:23:11.405,0.75272,0.75298,1.00,1.87
2016.03.23 21:23:22.016,0.75272,0.75298,1.00,2.25
2016.03.23 21:23:32.823,0.75267,0.75299,1.00,1.75
2016.03.23 21:23:32.879,0.7527,0.75298,1.00,1.50
2016.03.23 21:23:39.041,0.7527,0.75298,1.00,1.00
2016.03.23 21:23:42.955,0.75274,0.75298,1.00,1.45
2016.03.23 21:23:53.026,0.75273,0.75298,1.00,2.02
2016.03.23 21:23:57.936,0.75273,0.75298,1.00,1.15
2016.03.23 21:23:59.840,0.75273,0.75298,1.37,1.07
2016.03.23 21:24:00.345,0.75273,0.75296,2.25,1.00
2016.03.23 21:24:00.869,0.75273,0.75299,1.75,1.75
2016.03.23 21:24:00.971,0.75273,0.75297,1.00,1.87
2016.03.23 21:24:01.502,0.75273,0.75296,1.00,1.50
2016.03.23 21:24:02.988,0.75274,0.75297,1.00,1.50
2016.03.23 21:24:04.383,0.75274,0.75296,1.00,1.00
2016.03.23 21:24:07.317,0.75274,0.75297,1.00,1.00
2016.03.23 21:24:21.895,0.75274,0.75298,1.00,1.57
2016.03.23 21:24:27.325,0.75274,0.75297,1.00,1.00
2016.03.23 21:24:27.906,0.75274,0.75298,1.00,1.57
2016.03.23 21:24:30.628,0.75274,0.75297,1.00,1.00
2016.03.23 21:24:41.414,0.75274,0.75298,1.00,1.57
2016.03.23 21:24:55.128,0.75273,0.75299,1.00,2.02
2016.03.23 21:24:56.871,0.75273,0.75299,1.00,1.95
2016.03.23 21:24:57.389,0.75273,0.75299,1.00,1.95
2016.03.23 21:24:59.157,0.75273,0.75299,1.00,1.20
2016.03.23 21:25:01.356,0.75273,0.75298,1.00,1.00
2016.03.23 21:25:05.599,0.75274,0.75298,1.00,2.25
2016.03.23 21:25:07.974,0.75274,0.75298,1.00,2.32
2016.03.23 21:25:17.889,0.75274,0.75298,1.00,2.77
2016.03.23 21:25:18.643,0.75271,0.75298,1.00,2.02
2016.03.23 21:25:19.575,0.75271,0.75298,1.00,1.17
2016.03.23 21:25:19.728,0.75271,0.75296,1.57,1.10
2016.03.23 21:25:20.249,0.75271,0.75296,1.95,1.00
2016.03.23 21:25:24.277,0.75272,0.75296,1.07,1.00
2016.03.23 21:25:24.328,0.75272,0.75296,1.00,1.00
2016.03.23 21:25:24.876,0.75271,0.75296,1.50,1.00
2016.03.23 21:25:28.894,0.75271,0.75296,1.57,1.00
2016.03.23 21:25:55.914,0.75271,0.75296,1.10,1.10
2016.03.23 21:25:57.663,0.75272,0.75295,1.00,1.00
2016.03.23 21:25:57.714,0.75272,0.75295,1.12,1.00
2016.03.23 21:26:00.899,0.75276,0.75295,1.07,1.00
2016.03.23 21:26:12.212,0.75274,0.75295,1.50,1.00
2016.03.23 21:26:30.434,0.75279,0.75295,1.00,1.00
2016.03.23 21:26:31.236,0.75276,0.75295,1.15,1.00
2016.03.23 21:26:35.865,0.75282,0.75295,1.37,1.00
2016.03.23 21:26:36.068,0.75303,0.75323,1.15,1.00
2016.03.23 21:26:36.169,0.7531,0.7534,1.00,1.20
2016.03.23 21:26:36.271,0.7531,0.75345,1.00,1.50
2016.03.23 21:26:36.322,0.75315,0.75345,1.00,1.50
2016.03.23 21:26:36.627,0.75318,0.75347,1.00,1.12
2016.03.23 21:26:36.729,0.75316,0.75349,1.12,2.25
2016.03.23 21:26:36.889,0.75316,0.75349,1.12,1.12
2016.03.23 21:26:37.143,0.75316,0.75349,1.12,1.87
2016.03.23 21:26:37.345,0.75316,0.75349,1.12,1.12
2016.03.23 21:26:37.447,0.75315,0.75347,1.37,1.50
2016.03.23 21:26:40.193,0.75311,0.75342,1.50,1.45
2016.03.23 21:26:40.496,0.75312,0.75341,1.00,1.87
2016.03.23 21:26:40.599,0.75309,0.75341,1.50,1.87
2016.03.23 21:26:42.025,0.75308,0.75341,1.12,1.12
2016.03.23 21:26:44.105,0.75309,0.7534,1.00,1.75
2016.03.23 21:26:44.645,0.75308,0.7534,1.12,2.25
2016.03.23 21:26:45.813,0.75308,0.7534,1.12,1.75
2016.03.23 21:26:48.049,0.75306,0.75341,1.75,1.75
2016.03.23 21:26:48.569,0.75307,0.7534,1.12,1.20
2016.03.23 21:26:51.337,0.75305,0.75346,1.75,2.47
2016.03.23 21:26:51.439,0.75307,0.75344,2.25,1.00
2016.03.23 21:26:51.540,0.75308,0.75351,1.75,2.70
2016.03.23 21:26:52.071,0.75312,0.75347,1.00,1.50
2016.03.23 21:26:53.068,0.75307,0.75347,1.75,1.50
2016.03.23 21:26:53.119,0.75305,0.75347,2.70,1.75
2016.03.23 21:26:54.916,0.75308,0.75348,1.42,1.75
2016.03.23 21:26:56.206,0.75309,0.75347,1.65,1.92
2016.03.23 21:26:56.746,0.75309,0.75347,1.65,1.92
2016.03.23 21:27:01.166,0.75308,0.75344,1.90,1.00
2016.03.23 21:27:01.217,0.75308,0.75344,1.90,1.00
2016.03.23 21:27:01.268,0.75308,0.75344,3.15,1.07
2016.03.23 21:27:01.572,0.75307,0.75339,1.15,1.12
2016.03.23 21:27:01.775,0.75303,0.75336,1.37,1.00
2016.03.23 21:27:01.826,0.75302,0.75336,1.37,1.00
2016.03.23 21:27:02.039,0.75301,0.75332,1.67,1.00
2016.03.23 21:27:02.719,0.75301,0.75332,1.67,1.00
2016.03.23 21:27:03.086,0.75301,0.75322,2.47,1.19
2016.03.23 21:27:03.339,0.75296,0.75322,1.67,1.29
2016.03.23 21:27:03.846,0.75296,0.75322,2.10,1.36
2016.03.23 21:27:05.272,0.75294,0.75322,1.61,1.96
2016.03.23 21:27:13.424,0.75294,0.7532,1.61,1.22
2016.03.23 21:27:14.822,0.75294,0.75322,1.01,1.34
2016.03.23 21:27:14.925,0.75291,0.75318,1.26,1.07
2016.03.23 21:27:14.977,0.75291,0.75318,1.00,1.15
2016.03.23 21:27:15.028,0.75288,0.75318,1.50,1.20
2016.03.23 21:27:15.180,0.7528,0.7531,1.00,1.00
2016.03.23 21:27:15.700,0.75279,0.75309,1.00,1.00
2016.03.23 21:27:18.942,0.75279,0.7531,1.00,1.00
2016.03.23 21:27:21.722,0.75279,0.75309,1.00,1.00
2016.03.23 21:27:27.733,0.75277,0.75309,1.15,1.12
2016.03.23 21:27:39.313,0.75278,0.75312,1.45,1.75
2016.03.23 21:27:39.364,0.75278,0.75312,3.07,1.37
2016.03.23 21:27:39.472,0.7528,0.75313,1.20,1.00
2016.03.23 21:27:44.962,0.75281,0.75314,1.15,1.00
2016.03.23 21:27:45.064,0.75281,0.75315,1.45,1.00
2016.03.23 21:27:45.571,0.75281,0.75315,1.12,1.00
2016.03.23 21:27:49.362,0.75281,0.75317,1.12,1.50
2016.03.23 21:27:49.695,0.75286,0.75318,1.12,1.00
2016.03.23 21:27:50.147,0.75286,0.7532,1.12,1.12
2016.03.23 21:27:50.200,0.75285,0.7532,1.20,1.00
2016.03.23 21:27:50.732,0.75286,0.75321,3.15,1.12
2016.03.23 21:27:51.345,0.75286,0.75321,1.15,1.50
2016.03.23 21:27:52.083,0.75286,0.75321,1.45,1.50
2016.03.23 21:27:52.667,0.75289,0.75322,1.65,1.37
2016.03.23 21:27:57.451,0.7529,0.75323,1.20,1.50
2016.03.23 21:27:57.968,0.7529,0.75323,1.50,1.50
2016.03.23 21:27:59.022,0.75291,0.75322,1.57,1.00
2016.03.23 21:27:59.326,0.75294,0.75325,1.12,1.37
2016.03.23 21:28:22.064,0.75294,0.75325,1.12,1.00
2016.03.23 21:28:23.047,0.75295,0.75327,1.75,1.50
2016.03.23 21:28:23.578,0.75294,0.75324,1.12,1.12
2016.03.23 21:28:40.183,0.75294,0.75328,1.12,1.75
2016.03.23 21:28:40.312,0.75294,0.75328,1.12,1.50
2016.03.23 21:28:40.363,0.75296,0.75331,1.12,1.75
2016.03.23 21:28:40.952,0.75296,0.75329,1.12,1.12
2016.03.23 21:28:42.039,0.75295,0.75329,1.12,1.37
2016.03.23 21:28:50.512,0.75299,0.7533,1.87,1.00
2016.03.23 21:28:50.563,0.75301,0.75335,1.45,1.50
2016.03.23 21:28:50.766,0.75304,0.75339,1.20,1.50
2016.03.23 21:28:51.564,0.75304,0.75339,1.15,1.50
2016.03.23 21:28:51.666,0.75304,0.75339,1.20,1.50
2016.03.23 21:28:52.563,0.75304,0.75339,1.15,1.50
2016.03.23 21:28:54.377,0.75306,0.75341,1.15,1.65
2016.03.23 21:29:01.915,0.75304,0.75341,1.90,1.90
2016.03.23 21:29:05.559,0.75304,0.75334,1.90,1.00
2016.03.23 21:29:05.865,0.75304,0.75329,1.00,1.00
2016.03.23 21:29:06.389,0.75302,0.75328,2.25,1.00
2016.03.23 21:29:08.581,0.75301,0.75329,1.31,1.00
2016.03.23 21:29:08.914,0.75303,0.75333,1.75,1.19
2016.03.23 21:29:09.714,0.75304,0.75335,1.12,3.41
2016.03.23 21:29:10.232,0.75301,0.75334,2.85,1.00
2016.03.23 21:29:10.773,0.75302,0.75335,1.20,1.00
2016.03.23 21:29:10.975,0.75302,0.75337,1.20,1.00
2016.03.23 21:29:11.668,0.75303,0.75337,1.45,1.00
2016.03.23 21:29:12.897,0.75303,0.7534,1.45,1.75
2016.03.23 21:29:12.999,0.75305,0.7534,1.15,1.00
2016.03.23 21:29:13.551,0.75305,0.75339,1.15,1.00
2016.03.23 21:29:19.048,0.75306,0.7534,1.15,1.00
2016.03.23 21:29:19.165,0.75306,0.75342,1.65,1.12
2016.03.23 21:29:29.110,0.75306,0.75341,1.65,1.00
2016.03.23 21:29:40.266,0.75305,0.75336,1.20,1.19
2016.03.23 21:29:40.419,0.75301,0.75331,1.35,1.20
2016.03.23 21:29:40.470,0.75301,0.75331,1.35,1.95
2016.03.23 21:29:41.929,0.75301,0.75331,1.35,1.95
2016.03.23 21:30:00.231,0.75303,0.7533,2.25,1.12
2016.03.23 21:30:00.757,0.75304,0.7533,2.10,1.12
2016.03.23 21:30:01.954,0.75304,0.75331,2.10,2.81
2016.03.23 21:30:06.081,0.75304,0.75331,2.10,1.20
2016.03.23 21:30:06.775,0.75304,0.75331,2.10,1.27
2016.03.23 21:30:08.435,0.75304,0.75331,2.10,1.27
2016.03.23 21:30:14.257,0.75304,0.75331,2.10,1.57
2016.03.23 21:30:22.053,0.75301,0.75331,1.54,1.20
2016.03.23 21:30:22.633,0.75301,0.75331,1.35,1.20
2016.03.23 21:30:34.564,0.753,0.75331,1.42,1.20
2016.03.23 21:30:35.429,0.75301,0.75331,1.00,1.20
2016.03.23 21:30:36.012,0.753,0.75331,1.42,1.20
2016.03.23 21:30:39.351,0.75301,0.75331,1.00,1.20
2016.03.23 21:30:40.445,0.753,0.75331,1.42,1.20
2016.03.23 21:30:41.034,0.75301,0.75331,1.00,1.20
2016.03.23 21:30:41.646,0.753,0.75331,1.42,1.20
2016.03.23 21:30:43.759,0.75301,0.75331,1.00,1.20
2016.03.23 21:30:44.550,0.753,0.75331,1.42,1.20
2016.03.23 21:30:44.853,0.753,0.75325,1.70,1.00
2016.03.23 21:30:48.038,0.75295,0.75325,3.49,1.50
2016.03.23 21:30:48.240,0.75295,0.75325,2.00,1.65
2016.03.23 21:30:52.523,0.75297,0.75325,1.96,1.65
2016.03.23 21:31:12.267,0.75297,0.75325,1.61,1.65
2016.03.23 21:31:12.951,0.75297,0.75325,2.36,2.40
2016.03.23 21:31:13.469,0.75297,0.75325,1.69,1.65
2016.03.23 21:31:17.942,0.75299,0.75325,1.19,1.65
2016.03.23 21:31:25.446,0.75297,0.75325,1.46,1.65
2016.03.23 21:31:39.529,0.75299,0.75324,1.19,1.10
2016.03.23 21:31:43.634,0.75299,0.75325,1.26,1.57
2016.03.23 21:31:57.518,0.753,0.75325,1.19,1.10
2016.03.23 21:32:04.594,0.75299,0.75325,1.19,1.57
2016.03.23 21:32:19.518,0.753,0.75325,1.26,1.00
2016.03.23 21:32:25.100,0.753,0.75325,1.34,1.37
2016.03.23 21:32:30.078,0.75298,0.75323,1.36,1.00
2016.03.23 21:32:48.557,0.75297,0.75324,2.36,1.37
2016.03.23 21:32:51.037,0.75297,0.75323,3.11,1.12
2016.03.23 21:32:51.809,0.75299,0.75323,1.34,1.50
2016.03.23 21:33:19.466,0.753,0.75323,1.19,1.50
2016.03.23 21:33:34.540,0.75301,0.75323,1.19,1.00
2016.03.23 21:33:49.514,0.753,0.75323,1.69,1.00
2016.03.23 21:33:53.600,0.75302,0.75323,1.19,1.00
2016.03.23 21:33:53.811,0.75302,0.75323,1.25,1.00
2016.03.23 21:33:59.357,0.75299,0.75325,1.89,1.10
2016.03.23 21:34:02.800,0.75301,0.75325,1.19,1.15
2016.03.23 21:34:06.377,0.75301,0.75325,1.19,1.27
2016.03.23 21:34:11.433,0.753,0.75326,1.54,1.65
2016.03.23 21:34:11.586,0.75302,0.75327,1.00,2.02
2016.03.23 21:34:12.308,0.753,0.75326,1.61,1.47
2016.03.23 21:34:12.985,0.753,0.75326,1.61,1.10
2016.03.23 21:34:13.593,0.753,0.75326,1.61,1.10
2016.03.23 21:34:15.310,0.75299,0.75325,1.96,1.00
2016.03.23 21:34:16.146,0.75302,0.75326,1.25,1.20
2016.03.23 21:34:16.502,0.75302,0.75326,1.36,1.00
2016.03.23 21:34:18.147,0.75302,0.75326,1.17,1.00
2016.03.23 21:34:22.310,0.753,0.75324,1.50,1.00
2016.03.23 21:34:22.463,0.753,0.75324,1.20,1.00
2016.03.23 21:34:23.214,0.75301,0.75326,1.84,1.12
2016.03.23 21:34:23.366,0.75301,0.75326,1.32,1.20
2016.03.23 21:34:25.418,0.75301,0.75326,2.59,1.50
2016.03.23 21:34:25.520,0.75301,0.75326,1.84,1.00
2016.03.23 21:34:25.621,0.75301,0.75326,1.84,1.00
2016.03.23 21:34:26.203,0.75301,0.75326,1.84,1.00
2016.03.23 21:34:27.397,0.75301,0.75326,1.61,1.00
2016.03.23 21:34:27.498,0.75301,0.75326,1.54,1.15
2016.03.23 21:34:28.823,0.75301,0.75326,2.29,1.15
2016.03.23 21:34:30.373,0.75301,0.75326,3.19,1.00
2016.03.23 21:34:30.876,0.75301,0.75326,1.69,1.50
2016.03.23 21:34:30.927,0.75301,0.75326,1.54,1.65
2016.03.23 21:34:33.009,0.75301,0.75326,1.54,1.87
2016.03.23 21:34:33.594,0.75301,0.75326,1.54,1.75
2016.03.23 21:34:35.305,0.75301,0.75326,1.05,1.12
2016.03.23 21:34:36.537,0.75301,0.75325,1.05,1.15
2016.03.23 21:34:36.639,0.75301,0.75324,1.05,1.45
2016.03.23 21:34:36.740,0.75301,0.75325,1.05,1.87
2016.03.23 21:34:41.240,0.75301,0.75325,1.54,1.87
2016.03.23 21:34:42.051,0.75301,0.75325,1.54,1.82
2016.03.23 21:34:42.913,0.75301,0.75325,1.54,1.75
2016.03.23 21:34:43.116,0.75302,0.75326,1.00,1.87
2016.03.23 21:34:44.784,0.75302,0.75326,1.69,2.25
2016.03.23 21:34:44.994,0.753,0.75325,1.79,1.12
2016.03.23 21:34:45.096,0.753,0.75326,1.19,2.25
2016.03.23 21:34:45.197,0.753,0.75325,1.19,1.12
2016.03.23 21:34:47.487,0.753,0.75326,1.19,1.75
2016.03.23 21:34:47.992,0.75301,0.75326,1.19,1.12
2016.03.23 21:34:48.195,0.75301,0.75325,1.19,1.20
2016.03.23 21:34:48.296,0.75301,0.75325,1.19,1.82
2016.03.23 21:34:48.802,0.75301,0.75324,1.19,1.12
2016.03.23 21:34:49.207,0.753,0.75326,1.19,1.65
2016.03.23 21:34:49.258,0.753,0.75326,1.19,1.95
2016.03.23 21:34:49.646,0.75299,0.75324,1.19,1.45
2016.03.23 21:34:51.604,0.753,0.75326,1.19,1.87
2016.03.23 21:34:53.605,0.753,0.75326,1.69,1.15
2016.03.23 21:34:54.574,0.753,0.75326,1.19,1.57
2016.03.23 21:34:54.675,0.753,0.75326,1.19,1.87
2016.03.23 21:34:54.916,0.753,0.75325,1.19,1.27
2016.03.23 21:34:55.017,0.75299,0.75325,1.19,1.87
2016.03.23 21:34:55.119,0.75299,0.75325,1.19,1.27
2016.03.23 21:34:57.179,0.75302,0.75326,1.00,1.65
2016.03.23 21:34:57.714,0.75302,0.75326,1.00,1.27
2016.03.23 21:34:57.967,0.75302,0.75326,1.15,1.12
2016.03.23 21:34:58.967,0.75301,0.75325,2.17,1.00
2016.03.23 21:35:01.046,0.75302,0.75325,1.00,1.10
2016.03.23 21:35:01.719,0.75301,0.75325,1.00,1.10
2016.03.23 21:35:02.022,0.753,0.75323,1.35,1.00
2016.03.23 21:35:02.680,0.75298,0.75322,1.87,1.00
2016.03.23 21:35:03.439,0.75301,0.75324,1.00,1.00
2016.03.23 21:35:03.945,0.75298,0.75323,2.81,1.00
2016.03.23 21:35:06.106,0.75299,0.75324,1.69,1.00
2016.03.23 21:35:06.259,0.753,0.75323,1.35,1.10
2016.03.23 21:35:08.242,0.75301,0.75325,1.00,1.15
2016.03.23 21:35:09.230,0.75302,0.75325,1.00,1.15
2016.03.23 21:35:09.829,0.75301,0.75325,1.00,1.15
2016.03.23 21:35:10.537,0.75301,0.75325,1.00,1.00
2016.03.23 21:35:11.076,0.75302,0.75325,1.00,1.00
2016.03.23 21:35:11.535,0.75301,0.75325,1.15,1.00
2016.03.23 21:35:11.927,0.753,0.75323,1.80,1.00
2016.03.23 21:35:13.703,0.753,0.75324,1.80,1.00
2016.03.23 21:35:14.891,0.753,0.75327,1.35,1.50
2016.03.23 21:35:19.734,0.753,0.75326,1.35,1.12
2016.03.23 21:35:19.785,0.753,0.75324,1.05,1.00
2016.03.23 21:35:20.396,0.753,0.75322,2.10,1.00
2016.03.23 21:35:21.196,0.753,0.75325,2.10,1.00
2016.03.23 21:35:21.298,0.75301,0.75325,1.07,1.00
2016.03.23 21:35:22.697,0.75301,0.75325,1.75,1.00
2016.03.23 21:35:23.323,0.75301,0.75325,1.80,1.00
2016.03.23 21:35:23.374,0.75301,0.75323,1.77,1.00
2016.03.23 21:35:23.644,0.75301,0.75325,1.77,1.00
2016.03.23 21:35:24.049,0.75301,0.75322,1.75,1.00
2016.03.23 21:35:24.504,0.75299,0.75324,1.05,1.00
2016.03.23 21:35:24.918,0.75298,0.75322,3.00,1.00
2016.03.23 21:35:25.423,0.75299,0.75323,1.75,1.00
2016.03.23 21:35:25.641,0.75299,0.75325,1.75,1.00
2016.03.23 21:35:25.742,0.75299,0.75322,1.75,1.00
2016.03.23 21:35:27.943,0.753,0.75323,2.25,1.00
2016.03.23 21:35:28.444,0.75301,0.75323,1.50,1.00
2016.03.23 21:35:29.357,0.75302,0.75325,1.10,1.00
2016.03.23 21:35:29.458,0.75305,0.75325,1.00,1.00
2016.03.23 21:35:29.711,0.75305,0.75327,1.10,1.00
2016.03.23 21:35:29.914,0.75306,0.75327,1.07,1.00
2016.03.23 21:35:31.544,0.75304,0.75327,2.25,1.00
2016.03.23 21:35:32.008,0.75307,0.75327,1.00,1.00
2016.03.23 21:35:33.866,0.75306,0.75327,1.00,1.00
2016.03.23 21:35:34.387,0.75307,0.75327,1.00,1.00
2016.03.23 21:35:36.007,0.75305,0.75327,1.35,1.50
2016.03.23 21:35:36.108,0.75301,0.75325,2.25,1.00
2016.03.23 21:35:36.412,0.75301,0.75323,2.25,1.00
2016.03.23 21:35:36.746,0.753,0.75323,1.75,1.00
2016.03.23 21:35:36.797,0.75301,0.75322,1.42,1.00
2016.03.23 21:35:37.429,0.75299,0.75323,1.50,1.00
2016.03.23 21:35:37.632,0.75299,0.75321,1.50,1.00
2016.03.23 21:35:38.137,0.75299,0.75322,1.80,1.00
2016.03.23 21:35:38.592,0.753,0.75324,1.15,1.00
2016.03.23 21:35:38.694,0.75299,0.75322,1.35,1.00
2016.03.23 21:35:41.004,0.753,0.75322,1.10,1.00
2016.03.23 21:35:41.206,0.75299,0.75322,1.35,1.00
2016.03.23 21:35:41.308,0.75299,0.75322,1.17,1.00
2016.03.23 21:35:41.460,0.75299,0.75322,1.20,1.00
2016.03.23 21:35:41.867,0.75299,0.75322,1.17,1.00
2016.03.23 21:35:42.373,0.75299,0.75321,1.00,1.00
2016.03.23 21:35:42.992,0.75298,0.75321,1.10,1.10
2016.03.23 21:35:48.485,0.75298,0.75321,1.50,1.17
2016.03.23 21:35:53.632,0.75298,0.75322,1.07,1.00
2016.03.23 21:35:54.191,0.75298,0.75322,1.50,1.10
2016.03.23 21:35:56.931,0.75298,0.75322,1.17,1.00
2016.03.23 21:35:58.949,0.75298,0.75322,1.50,1.07
2016.03.23 21:35:59.526,0.75298,0.75322,1.00,1.00
2016.03.23 21:36:02.371,0.75298,0.75321,1.00,1.00
2016.03.23 21:36:09.025,0.75298,0.7532,1.00,1.00
2016.03.23 21:36:09.497,0.75298,0.75322,1.50,1.00
2016.03.23 21:36:11.472,0.753,0.75322,1.00,1.00
2016.03.23 21:36:11.674,0.75298,0.75322,1.50,1.10
2016.03.23 21:36:12.481,0.75298,0.75322,1.57,1.00
2016.03.23 21:36:12.734,0.75301,0.75323,1.00,1.00
2016.03.23 21:36:13.037,0.75298,0.75321,2.36,1.00
2016.03.23 21:36:16.181,0.75301,0.75322,1.00,1.00
2016.03.23 21:36:16.384,0.75298,0.75322,1.10,1.00
2016.03.23 21:36:17.260,0.75299,0.75322,1.50,1.00
2016.03.23 21:36:19.251,0.75299,0.75323,1.50,1.00
2016.03.23 21:36:19.353,0.75301,0.75323,1.00,1.00
2016.03.23 21:36:19.656,0.75302,0.75321,1.00,1.00
2016.03.23 21:36:20.068,0.75299,0.75321,1.35,1.00
2016.03.23 21:36:22.440,0.75299,0.75323,1.00,1.00
2016.03.23 21:36:22.541,0.75301,0.75323,1.00,1.00
2016.03.23 21:36:22.643,0.75299,0.75323,1.00,1.00
2016.03.23 21:36:23.148,0.75298,0.75322,1.50,1.00
2016.03.23 21:36:27.467,0.75298,0.7532,1.00,1.00
2016.03.23 21:36:27.973,0.75298,0.75321,1.00,1.00
2016.03.23 21:36:37.619,0.75298,0.7532,1.00,1.00
2016.03.23 21:36:38.124,0.75298,0.75321,1.00,1.10
2016.03.23 21:36:40.866,0.75298,0.75319,1.00,1.00
2016.03.23 21:36:41.068,0.75298,0.75321,1.00,1.12
2016.03.23 21:36:43.669,0.75299,0.75321,1.00,1.00
2016.03.23 21:36:43.720,0.75299,0.75323,1.00,1.00
2016.03.23 21:36:44.278,0.75298,0.75323,1.00,1.00
2016.03.23 21:36:47.284,0.753,0.75323,1.00,1.00
2016.03.23 21:36:47.588,0.75299,0.75321,1.00,1.00
2016.03.23 21:36:48.093,0.75298,0.75321,1.00,1.00
2016.03.23 21:36:50.816,0.753,0.75321,1.00,1.00
2016.03.23 21:36:50.868,0.753,0.75323,1.00,1.00
2016.03.23 21:36:51.387,0.75299,0.75322,1.00,1.00
2016.03.23 21:36:51.914,0.75298,0.75322,1.50,1.00
2016.03.23 21:36:52.268,0.753,0.75323,1.00,1.00
2016.03.23 21:36:52.571,0.75298,0.75322,1.50,1.00
2016.03.23 21:36:53.582,0.75299,0.75322,1.00,1.00
2016.03.23 21:36:54.083,0.75298,0.75322,1.50,1.00
2016.03.23 21:36:54.589,0.75299,0.75322,1.00,1.00
2016.03.23 21:36:55.230,0.75298,0.75322,2.10,1.00
2016.03.23 21:36:57.351,0.75298,0.75322,2.85,1.00
2016.03.23 21:36:59.765,0.75298,0.75322,1.50,1.00
2016.03.23 21:36:59.917,0.753,0.75322,1.00,1.10
2016.03.23 21:37:00.423,0.75299,0.75322,1.00,1.00
2016.03.23 21:37:00.929,0.75298,0.75322,1.35,1.00
2016.03.23 21:37:01.458,0.75298,0.75322,1.50,1.00
2016.03.23 21:37:04.027,0.753,0.75323,1.00,1.00
2016.03.23 21:37:04.330,0.75298,0.75321,1.35,1.00
2016.03.23 21:37:08.407,0.75299,0.75321,1.50,1.00
2016.03.23 21:37:08.508,0.75299,0.75323,1.00,1.00
2016.03.23 21:37:08.711,0.75299,0.75321,1.00,1.00
2016.03.23 21:37:09.216,0.75298,0.75321,1.50,1.00
2016.03.23 21:37:11.361,0.75298,0.75323,1.50,1.00
2016.03.23 21:37:11.876,0.75298,0.75322,2.32,1.00
2016.03.23 21:37:13.279,0.753,0.75322,1.00,1.00
2016.03.23 21:37:13.819,0.75299,0.75321,1.00,1.00
2016.03.23 21:37:15.417,0.75301,0.75321,1.00,1.00
2016.03.23 21:37:15.518,0.75299,0.75321,1.50,1.00
2016.03.23 21:37:15.750,0.75303,0.75321,1.00,1.00
2016.03.23 21:37:15.902,0.75303,0.75327,1.00,3.15
2016.03.23 21:37:16.004,0.75298,0.75323,2.10,1.00
2016.03.23 21:37:16.156,0.75299,0.75321,1.35,1.00
2016.03.23 21:37:16.705,0.75298,0.75321,1.50,1.00
2016.03.23 21:37:17.405,0.75299,0.75321,1.00,1.00
2016.03.23 21:37:18.221,0.753,0.75321,1.00,1.00
2016.03.23 21:37:18.272,0.753,0.75323,1.00,1.00
2016.03.23 21:37:18.639,0.753,0.75321,1.00,1.00
2016.03.23 21:37:19.146,0.75298,0.75321,2.51,1.00
2016.03.23 21:37:19.595,0.753,0.75324,1.00,1.00
2016.03.23 21:37:19.747,0.753,0.75322,1.00,1.00
2016.03.23 21:37:20.286,0.75299,0.75322,1.10,1.00
2016.03.23 21:37:21.926,0.75298,0.75323,4.61,1.00
2016.03.23 21:37:22.533,0.753,0.75323,1.00,1.00
2016.03.23 21:37:22.738,0.75298,0.75322,1.35,1.00
2016.03.23 21:37:24.733,0.75299,0.75322,1.00,1.00
2016.03.23 21:37:25.239,0.75298,0.75321,2.32,1.00
2016.03.23 21:37:27.083,0.75298,0.75323,3.60,1.00
2016.03.23 21:37:27.235,0.75301,0.75323,1.00,1.00
2016.03.23 21:37:27.589,0.75299,0.75322,1.00,1.00
2016.03.23 21:37:30.059,0.753,0.75322,1.00,1.00
2016.03.23 21:37:30.844,0.75298,0.75321,2.32,1.00
2016.03.23 21:37:32.197,0.75301,0.75322,1.00,1.00
2016.03.23 21:37:32.702,0.75301,0.75321,1.00,1.00
2016.03.23 21:37:35.046,0.75302,0.75321,1.00,1.00
2016.03.23 21:37:35.197,0.75301,0.75323,1.00,1.00
2016.03.23 21:37:35.349,0.75304,0.75324,1.00,1.00
2016.03.23 21:37:35.552,0.753,0.75322,1.15,1.00
2016.03.23 21:37:35.868,0.75298,0.75322,2.17,1.00
2016.03.23 21:37:38.053,0.75298,0.75323,2.92,1.00
2016.03.23 21:37:38.255,0.75303,0.75324,1.00,1.00
2016.03.23 21:37:38.357,0.75301,0.75324,1.00,1.00
2016.03.23 21:37:38.458,0.75301,0.75322,1.00,1.00
2016.03.23 21:37:39.295,0.75302,0.75322,1.00,1.00
2016.03.23 21:37:40.149,0.75301,0.75322,1.00,1.00
2016.03.23 21:37:40.645,0.75301,0.75324,1.00,1.00
2016.03.23 21:37:40.797,0.75302,0.75322,1.00,1.00
2016.03.23 21:37:41.051,0.753,0.75322,1.00,1.00
2016.03.23 21:37:41.556,0.75298,0.75322,2.10,1.00
2016.03.23 21:37:43.692,0.75299,0.75323,1.50,1.00
2016.03.23 21:37:43.793,0.75303,0.75323,1.00,1.00
2016.03.23 21:37:44.011,0.75298,0.75321,2.10,1.00
2016.03.23 21:37:47.965,0.75299,0.75321,1.00,1.00
2016.03.23 21:37:48.471,0.75299,0.75322,1.50,1.00
2016.03.23 21:37:49.020,0.753,0.75322,1.00,1.00
2016.03.23 21:37:49.595,0.75299,0.75322,1.00,1.00
2016.03.23 21:37:51.513,0.753,0.75322,1.00,1.00
2016.03.23 21:37:51.564,0.75302,0.75322,1.00,1.00
2016.03.23 21:37:52.071,0.75303,0.75323,1.00,1.10
2016.03.23 21:37:52.172,0.75301,0.75323,1.00,1.10
2016.03.23 21:37:52.779,0.75302,0.75324,1.00,1.17
2016.03.23 21:37:53.288,0.75303,0.75324,1.00,1.00
2016.03.23 21:37:53.441,0.75303,0.75322,1.00,1.00
2016.03.23 21:37:53.947,0.75302,0.75323,1.00,1.00
2016.03.23 21:37:54.549,0.75303,0.75323,1.00,1.00
2016.03.23 21:37:56.347,0.75303,0.75322,1.00,1.00
2016.03.23 21:37:56.449,0.75303,0.75324,1.00,1.00
2016.03.23 21:37:56.610,0.75304,0.75326,1.00,1.10
2016.03.23 21:37:56.661,0.75304,0.75323,1.00,1.00
2016.03.23 21:37:58.707,0.75304,0.75322,1.00,1.00
2016.03.23 21:37:58.910,0.75304,0.75324,1.00,1.00
2016.03.23 21:37:59.415,0.75303,0.75323,1.00,1.00
2016.03.23 21:37:59.516,0.75299,0.75323,1.70,1.00
2016.03.23 21:38:00.065,0.75299,0.75323,1.00,1.00
2016.03.23 21:38:00.619,0.753,0.75323,1.00,1.00
2016.03.23 21:38:01.928,0.75299,0.75323,1.00,1.00
2016.03.23 21:38:02.439,0.753,0.75323,1.00,1.00
2016.03.23 21:38:03.056,0.753,0.75322,1.00,1.00
2016.03.23 21:38:04.620,0.75302,0.75323,1.00,1.00
2016.03.23 21:38:05.025,0.753,0.75322,1.00,1.00
2016.03.23 21:38:07.122,0.75301,0.75322,1.00,1.00
2016.03.23 21:38:07.224,0.75302,0.75324,1.00,1.00
2016.03.23 21:38:07.327,0.75304,0.75324,1.00,1.00
2016.03.23 21:38:07.429,0.75301,0.75323,1.00,1.00
2016.03.23 21:38:07.530,0.75299,0.75323,1.35,1.00
2016.03.23 21:38:09.635,0.75299,0.75322,1.35,1.00
2016.03.23 21:38:09.837,0.75301,0.75324,1.00,1.00
2016.03.23 21:38:10.343,0.75298,0.75323,2.92,1.00
2016.03.23 21:38:12.401,0.753,0.75323,1.00,1.00
2016.03.23 21:38:12.907,0.753,0.75322,1.00,1.00
2016.03.23 21:38:14.726,0.75301,0.75322,1.00,1.00
2016.03.23 21:38:15.130,0.75299,0.75323,2.10,1.00
2016.03.23 21:38:15.693,0.75299,0.75322,2.85,1.00
2016.03.23 21:38:15.846,0.75302,0.75324,1.00,1.00
2016.03.23 21:38:16.048,0.75298,0.75323,1.61,1.00
2016.03.23 21:38:16.797,0.753,0.75323,1.00,1.00
2016.03.23 21:38:18.225,0.75301,0.75323,1.00,1.00
2016.03.23 21:38:18.428,0.75304,0.75322,1.00,1.00
2016.03.23 21:38:18.529,0.75302,0.75322,1.00,1.00
2016.03.23 21:38:19.109,0.75301,0.75322,1.00,1.00
2016.03.23 21:38:19.708,0.753,0.75322,1.00,1.00
2016.03.23 21:38:20.251,0.75301,0.75322,1.35,1.00
2016.03.23 21:38:20.734,0.75304,0.75323,1.00,1.00
2016.03.23 21:38:21.239,0.75302,0.75322,1.00,1.00
2016.03.23 21:38:22.662,0.75303,0.75322,1.00,1.00
2016.03.23 21:38:22.915,0.75304,0.75324,1.00,1.00
2016.03.23 21:38:23.660,0.75303,0.75324,1.00,1.00
2016.03.23 21:38:24.623,0.75304,0.75325,1.00,1.00
2016.03.23 21:38:24.927,0.75304,0.75323,1.00,1.00
2016.03.23 21:38:25.382,0.75302,0.75323,1.42,1.00
2016.03.23 21:38:25.484,0.75302,0.75323,1.50,1.00
2016.03.23 21:38:25.636,0.75303,0.75325,1.15,1.00
2016.03.23 21:38:25.687,0.75303,0.75325,1.20,1.00
2016.03.23 21:38:25.839,0.75303,0.75323,1.57,1.00
2016.03.23 21:38:26.372,0.75304,0.75323,1.00,1.00
2016.03.23 21:38:27.163,0.75303,0.75323,1.00,1.00
2016.03.23 21:38:27.891,0.75303,0.75322,1.00,1.00
2016.03.23 21:38:27.993,0.75305,0.75326,1.00,1.00
2016.03.23 21:38:28.145,0.75307,0.75326,1.00,1.00
2016.03.23 21:38:28.448,0.75301,0.75323,4.50,1.00
2016.03.23 21:38:28.701,0.75298,0.75323,3.30,1.00
2016.03.23 21:38:28.803,0.75298,0.75323,2.25,1.00
2016.03.23 21:38:29.410,0.75299,0.75323,1.75,1.00
2016.03.23 21:38:29.715,0.753,0.75323,1.05,1.00
2016.03.23 21:38:31.743,0.75303,0.75324,1.17,1.00
2016.03.23 21:38:31.844,0.75303,0.75324,1.20,1.00
2016.03.23 21:38:31.946,0.75306,0.75324,1.00,1.00
2016.03.23 21:38:32.047,0.75305,0.75326,1.00,1.00
2016.03.23 21:38:32.149,0.75305,0.75323,1.00,1.00
2016.03.23 21:38:32.250,0.753,0.75323,1.75,1.00
2016.03.23 21:38:32.301,0.753,0.75323,2.10,1.00
2016.03.23 21:38:32.403,0.753,0.75323,1.67,1.00
2016.03.23 21:38:33.005,0.753,0.75322,2.36,1.00
2016.03.23 21:38:33.056,0.753,0.75325,2.29,1.00
2016.03.23 21:38:33.158,0.753,0.75322,1.61,1.00
2016.03.23 21:38:34.138,0.75302,0.75324,1.00,1.00
2016.03.23 21:38:34.290,0.75304,0.75324,1.10,1.00
2016.03.23 21:38:34.746,0.75301,0.75323,1.00,1.00
2016.03.23 21:38:34.949,0.75298,0.75323,2.17,1.00
2016.03.23 21:38:35.073,0.75298,0.75323,2.25,1.00
2016.03.23 21:38:35.378,0.75304,0.75322,1.00,1.00
2016.03.23 21:38:35.429,0.75304,0.75324,1.00,1.00
2016.03.23 21:38:35.682,0.75302,0.75322,1.50,1.00
2016.03.23 21:38:35.885,0.753,0.75322,1.10,1.00
2016.03.23 21:38:36.390,0.75299,0.75322,1.00,1.00
2016.03.23 21:38:37.942,0.753,0.75322,1.00,1.00
2016.03.23 21:38:37.993,0.75302,0.75323,1.00,1.00
2016.03.23 21:38:38.196,0.753,0.75324,1.00,1.00
2016.03.23 21:38:38.348,0.753,0.75322,1.00,1.00
2016.03.23 21:38:38.855,0.75298,0.75323,1.50,1.00
2016.03.23 21:38:39.457,0.75299,0.75322,1.42,1.00
2016.03.23 21:38:39.760,0.75303,0.75323,1.00,1.00
2016.03.23 21:38:41.761,0.75303,0.75325,1.00,1.00
2016.03.23 21:38:41.862,0.75305,0.75325,1.00,1.00
2016.03.23 21:38:42.166,0.75305,0.75322,1.00,1.00
2016.03.23 21:38:42.470,0.75304,0.75324,1.00,1.00
2016.03.23 21:38:42.622,0.75304,0.75322,1.00,1.00
2016.03.23 21:38:43.123,0.75305,0.75322,1.00,1.00
2016.03.23 21:38:43.662,0.75304,0.75322,1.00,1.00
2016.03.23 21:38:43.972,0.75304,0.75324,1.00,1.10
2016.03.23 21:38:44.636,0.75304,0.75323,1.00,1.00
2016.03.23 21:38:45.997,0.75303,0.75324,1.00,1.10
2016.03.23 21:38:46.099,0.75304,0.75327,1.25,1.50
2016.03.23 21:38:46.302,0.75307,0.75327,1.00,1.00
2016.03.23 21:38:46.639,0.75308,0.75325,1.00,1.00
2016.03.23 21:38:47.162,0.75307,0.75327,1.00,1.50
2016.03.23 21:38:47.668,0.75308,0.75327,1.00,1.00
2016.03.23 21:38:51.492,0.75304,0.75327,1.77,1.50
2016.03.23 21:38:52.099,0.75308,0.75327,1.00,1.50
2016.03.23 21:38:52.403,0.75305,0.75324,1.00,1.00
2016.03.23 21:38:53.001,0.75307,0.75327,1.00,1.00
2016.03.23 21:38:53.103,0.75308,0.75325,1.00,1.00
2016.03.23 21:38:53.508,0.75306,0.75325,1.00,1.00
2016.03.23 21:38:54.214,0.75308,0.75325,1.00,1.00
2016.03.23 21:38:54.416,0.75305,0.75326,1.50,1.00
2016.03.23 21:38:54.618,0.75309,0.75327,1.00,1.00
2016.03.23 21:38:54.720,0.75305,0.75327,1.50,1.00
2016.03.23 21:38:56.288,0.75309,0.75327,1.00,1.00
2016.03.23 21:38:56.390,0.75306,0.75327,1.10,1.00
2016.03.23 21:38:56.644,0.75303,0.75326,1.70,1.00
2016.03.23 21:38:56.696,0.75303,0.75324,1.70,1.00
2016.03.23 21:38:57.521,0.75302,0.75326,1.67,1.00
2016.03.23 21:38:57.623,0.75308,0.75327,1.00,1.00
2016.03.23 21:38:57.927,0.75304,0.75324,1.20,1.00
2016.03.23 21:38:58.028,0.75302,0.75324,1.70,1.00
2016.03.23 21:39:00.082,0.75304,0.75326,1.50,1.00
2016.03.23 21:39:00.234,0.75306,0.75326,1.00,1.00
2016.03.23 21:39:00.717,0.75309,0.75327,1.00,1.00
2016.03.23 21:39:01.908,0.75308,0.75327,1.00,1.00
2016.03.23 21:39:03.228,0.75309,0.75327,1.00,1.00
2016.03.23 21:39:03.532,0.75305,0.75325,1.35,1.00
2016.03.23 21:39:04.051,0.75304,0.75325,1.35,1.00
2016.03.23 21:39:04.253,0.753,0.75325,1.75,1.00
2016.03.23 21:39:04.860,0.753,0.75325,2.25,1.00
2016.03.23 21:39:05.213,0.75301,0.75324,1.75,1.00
2016.03.23 21:39:07.179,0.75305,0.75327,1.10,2.25
2016.03.23 21:39:07.331,0.75303,0.75327,1.35,1.50
2016.03.23 21:39:07.382,0.75301,0.75325,1.80,1.00
2016.03.23 21:39:07.433,0.75301,0.75325,1.00,1.50
2016.03.23 21:39:09.380,0.75302,0.75324,1.00,1.00
2016.03.23 21:39:09.431,0.75304,0.75324,1.00,1.00
2016.03.23 21:39:09.540,0.75304,0.75327,1.00,1.50
2016.03.23 21:39:09.755,0.75307,0.75324,1.00,1.00
2016.03.23 21:39:09.806,0.753,0.75324,2.25,1.00
2016.03.23 21:39:11.658,0.753,0.75324,1.35,1.00
2016.03.23 21:39:11.810,0.75303,0.75325,1.00,1.00
2016.03.23 21:39:12.136,0.75305,0.75325,1.00,1.00
2016.03.23 21:39:12.238,0.75299,0.75325,2.44,1.00
2016.03.23 21:39:12.748,0.753,0.75325,1.24,1.00
2016.03.23 21:39:12.952,0.75304,0.75327,1.15,1.00
2016.03.23 21:39:13.003,0.75303,0.75325,1.00,1.00
2016.03.23 21:39:13.307,0.75303,0.75326,1.77,1.00
2016.03.23 21:39:13.358,0.75302,0.75325,2.25,1.00
2016.03.23 21:39:13.459,0.75302,0.75325,1.80,1.00
2016.03.23 21:39:13.561,0.753,0.75325,3.00,1.00
2016.03.23 21:39:13.662,0.753,0.75325,2.10,1.00
2016.03.23 21:39:13.764,0.753,0.75325,1.50,1.00
2016.03.23 21:39:13.865,0.75299,0.75325,2.92,1.00
2016.03.23 21:39:14.088,0.75301,0.75325,1.50,1.00
2016.03.23 21:39:14.544,0.75299,0.75325,2.85,1.00
2016.03.23 21:39:14.746,0.753,0.75325,1.50,1.00
2016.03.23 21:39:14.898,0.75303,0.75327,1.00,1.50
2016.03.23 21:39:15.202,0.75303,0.75325,1.40,1.00
2016.03.23 21:39:15.759,0.753,0.75325,1.35,1.00
2016.03.23 21:39:16.417,0.75299,0.75325,1.75,1.00
2016.03.23 21:39:16.519,0.75304,0.75325,1.00,1.00
2016.03.23 21:39:16.926,0.75306,0.75325,1.00,1.00
2016.03.23 21:39:17.128,0.75307,0.75327,1.00,1.00
2016.03.23 21:39:19.061,0.75307,0.75324,1.00,1.00
2016.03.23 21:39:19.214,0.75307,0.75326,1.00,1.00
2016.03.23 21:39:19.740,0.75306,0.75325,1.00,1.00
2016.03.23 21:39:19.791,0.75306,0.75327,1.00,1.50
2016.03.23 21:39:19.893,0.75307,0.75325,1.00,1.00
2016.03.23 21:39:20.440,0.75306,0.75325,1.00,1.00
2016.03.23 21:39:20.965,0.75307,0.75325,1.00,1.00
2016.03.23 21:39:21.025,0.75306,0.75327,1.00,1.00
2016.03.23 21:39:21.393,0.75306,0.75325,1.00,1.00
2016.03.23 21:39:21.916,0.75306,0.75324,1.00,1.00
2016.03.23 21:39:22.068,0.75306,0.75326,1.00,1.00
2016.03.23 21:39:22.271,0.75308,0.75326,1.00,1.00
2016.03.23 21:39:22.827,0.75304,0.75327,1.00,1.00
2016.03.23 21:39:27.372,0.75303,0.75327,2.17,1.50
2016.03.23 21:39:27.474,0.75307,0.75326,1.00,1.00
2016.03.23 21:39:27.931,0.75307,0.75324,1.00,1.00
2016.03.23 21:39:28.185,0.75301,0.75325,1.77,1.00
2016.03.23 21:39:28.740,0.753,0.75325,1.15,1.00
2016.03.23 21:39:28.857,0.75305,0.75324,1.00,1.00
2016.03.23 21:39:28.908,0.75305,0.75326,1.00,1.00
2016.03.23 21:39:29.010,0.75303,0.75324,1.19,1.00
2016.03.23 21:39:29.264,0.75303,0.75326,1.50,1.00
2016.03.23 21:39:29.365,0.75304,0.75324,1.00,1.00
2016.03.23 21:39:29.872,0.753,0.75325,1.75,1.00
2016.03.23 21:39:30.378,0.75304,0.75327,1.00,1.00
2016.03.23 21:39:30.429,0.75301,0.75325,2.92,1.00
2016.03.23 21:39:30.480,0.75303,0.75327,2.36,1.00
2016.03.23 21:39:30.582,0.75302,0.75325,2.17,1.00
2016.03.23 21:39:31.104,0.75303,0.75325,1.35,1.65
2016.03.23 21:39:34.548,0.75303,0.75325,1.35,1.00
2016.03.23 21:39:35.070,0.75301,0.75324,2.10,1.00
2016.03.23 21:39:35.577,0.75303,0.75325,2.10,1.00
2016.03.23 21:39:41.862,0.75303,0.75326,1.35,1.00
2016.03.23 21:39:42.166,0.75305,0.75328,1.25,1.69
2016.03.23 21:39:42.511,0.75305,0.75328,3.04,1.69
2016.03.23 21:39:42.916,0.75306,0.75326,3.00,1.25
2016.03.23 21:39:43.511,0.75308,0.75326,1.35,1.25
2016.03.23 21:39:45.333,0.75307,0.75326,2.85,1.25
2016.03.23 21:39:45.670,0.75307,0.75326,3.86,1.00
2016.03.23 21:39:45.974,0.7531,0.75326,1.17,1.00
2016.03.23 21:39:46.025,0.7531,0.75326,1.20,1.00
2016.03.23 21:39:46.329,0.75307,0.75326,3.04,1.25
2016.03.23 21:39:46.532,0.75307,0.75326,2.44,1.25
2016.03.23 21:39:48.948,0.75309,0.75326,1.00,1.25
2016.03.23 21:39:49.100,0.75309,0.75326,1.50,1.25
2016.03.23 21:39:51.076,0.75309,0.75326,1.50,1.25
2016.03.23 21:39:51.884,0.75309,0.75326,1.61,1.00
2016.03.23 21:39:52.425,0.75309,0.75326,1.50,1.00
2016.03.23 21:39:53.001,0.7531,0.75326,1.00,1.00
2016.03.23 21:39:56.681,0.75311,0.75326,1.00,1.25
2016.03.23 21:39:59.003,0.7531,0.75326,2.00,1.00
2016.03.23 21:40:02.090,0.7531,0.75326,1.61,1.00
2016.03.23 21:40:05.125,0.7531,0.75326,1.25,1.00
2016.03.23 21:40:05.176,0.75312,0.75326,1.50,1.00
2016.03.23 21:40:05.227,0.75312,0.75335,2.32,1.50
2016.03.23 21:40:05.329,0.75315,0.75342,1.15,1.12
2016.03.23 21:40:05.380,0.75315,0.75342,1.15,1.00
2016.03.23 21:40:05.532,0.75315,0.75344,1.84,1.00
2016.03.23 21:40:05.583,0.75315,0.75342,1.69,1.00
2016.03.23 21:40:06.106,0.75315,0.75342,1.15,1.50
2016.03.23 21:40:07.017,0.75315,0.75342,1.15,1.87
2016.03.23 21:40:07.068,0.75315,0.75339,1.65,1.00
2016.03.23 21:40:07.220,0.75313,0.75338,1.00,1.00
2016.03.23 21:40:07.271,0.75312,0.75336,1.00,1.00
2016.03.23 21:40:07.574,0.75311,0.75334,1.50,1.00
2016.03.23 21:40:07.674,0.75311,0.75336,1.50,1.00
2016.03.23 21:40:09.880,0.75311,0.75337,3.00,1.00
2016.03.23 21:40:09.982,0.75313,0.75337,1.52,1.00
2016.03.23 21:40:10.033,0.75314,0.75339,1.27,1.50
2016.03.23 21:40:10.084,0.75314,0.75339,1.20,1.50
2016.03.23 21:40:10.135,0.75318,0.75339,1.00,1.00
2016.03.23 21:40:10.237,0.75316,0.75339,1.00,1.00
2016.03.23 21:40:10.338,0.75318,0.7534,1.00,1.00
2016.03.23 21:40:10.440,0.75315,0.7534,2.02,1.00
2016.03.23 21:40:11.216,0.75317,0.7534,1.00,1.00
2016.03.23 21:40:12.905,0.75318,0.7534,1.00,1.00
2016.03.23 21:40:16.861,0.75316,0.7534,1.10,1.00
2016.03.23 21:40:16.912,0.75316,0.7534,1.15,1.00
2016.03.23 21:40:22.388,0.75316,0.75341,1.52,1.00
2016.03.23 21:40:22.541,0.75318,0.75343,1.57,1.00
2016.03.23 21:40:22.642,0.75318,0.75345,2.32,1.50
2016.03.23 21:40:22.795,0.75321,0.75345,1.00,1.00
2016.03.23 21:40:22.947,0.75322,0.75348,1.00,1.50
2016.03.23 21:40:23.123,0.75324,0.75348,1.00,1.00
2016.03.23 21:40:23.441,0.75318,0.75342,1.77,1.00
2016.03.23 21:40:25.657,0.75317,0.75342,1.15,1.00
2016.03.23 21:40:25.810,0.75317,0.75342,1.65,1.00
2016.03.23 21:40:25.962,0.75316,0.75339,2.62,1.00
2016.03.23 21:40:28.119,0.75317,0.75341,1.65,1.00
2016.03.23 21:40:30.288,0.75317,0.7534,1.17,1.00
2016.03.23 21:40:32.646,0.75316,0.75339,2.62,1.00
2016.03.23 21:40:33.094,0.75316,0.75342,3.37,1.00
2016.03.23 21:40:33.297,0.75317,0.7534,1.65,1.00
2016.03.23 21:40:33.449,0.75317,0.75342,1.65,1.00
2016.03.23 21:40:33.651,0.7532,0.75342,1.00,1.00
2016.03.23 21:40:33.803,0.75317,0.75341,1.17,1.00
2016.03.23 21:40:39.949,0.75319,0.75341,1.00,1.00
2016.03.23 21:40:40.461,0.75318,0.75341,1.10,1.00
2016.03.23 21:40:40.988,0.75318,0.7534,1.10,1.00
2016.03.23 21:40:41.702,0.75318,0.75341,1.10,1.00
2016.03.23 21:40:50.823,0.75317,0.75341,1.00,1.00
2016.03.23 21:40:53.276,0.75317,0.75339,1.00,1.00
2016.03.23 21:40:53.782,0.75316,0.7534,2.02,1.00
2016.03.23 21:40:54.472,0.75318,0.75341,1.10,1.00
2016.03.23 21:40:55.438,0.75318,0.75339,1.10,1.00
2016.03.23 21:40:56.166,0.75318,0.75341,1.10,1.00
2016.03.23 21:40:56.369,0.7532,0.75343,1.00,1.00
2016.03.23 21:40:56.894,0.7532,0.75343,1.07,1.00
2016.03.23 21:40:58.189,0.7532,0.75345,1.07,1.00
2016.03.23 21:40:58.738,0.75319,0.75346,1.17,1.12
2016.03.23 21:40:59.256,0.75319,0.75346,1.57,1.87
2016.03.23 21:40:59.791,0.75319,0.75346,1.50,1.95
2016.03.23 21:40:59.943,0.75319,0.75341,1.50,1.00
2016.03.23 21:41:00.450,0.75318,0.75341,1.15,1.00
2016.03.23 21:41:00.905,0.75322,0.75342,1.00,1.00
2016.03.23 21:41:01.058,0.7532,0.75342,1.00,1.00
2016.03.23 21:41:01.386,0.75317,0.75342,1.10,1.00
2016.03.23 21:41:03.276,0.75319,0.75342,1.00,1.00
2016.03.23 21:41:03.478,0.75321,0.75345,1.00,1.00
2016.03.23 21:41:03.580,0.75325,0.75345,1.00,1.00
2016.03.23 21:41:03.910,0.75324,0.75342,1.00,1.00
2016.03.23 21:41:04.244,0.75321,0.75343,1.65,1.00
2016.03.23 21:41:04.498,0.75319,0.75343,1.17,1.00
2016.03.23 21:41:05.005,0.75319,0.75342,1.00,1.00
2016.03.23 21:41:05.309,0.75319,0.7534,1.00,1.00
2016.03.23 21:41:05.360,0.75319,0.75345,1.50,1.00
2016.03.23 21:41:05.411,0.75319,0.75345,3.07,1.00
2016.03.23 21:41:05.816,0.7532,0.75342,1.65,1.00
2016.03.23 21:41:06.581,0.7532,0.75342,2.17,1.00
2016.03.23 21:41:06.786,0.75323,0.75343,1.00,1.00
2016.03.23 21:41:07.293,0.75323,0.75341,1.00,1.00
2016.03.23 21:41:07.820,0.75324,0.75341,1.00,1.00
2016.03.23 21:41:09.216,0.75324,0.75344,1.00,1.00
2016.03.23 21:41:09.419,0.7532,0.75341,1.35,1.00
2016.03.23 21:41:10.033,0.75318,0.7534,1.60,1.00
2016.03.23 21:41:17.870,0.75317,0.7534,1.35,1.00
2016.03.23 21:41:17.921,0.75316,0.7534,4.12,1.00
2016.03.23 21:41:18.124,0.75317,0.7534,1.00,1.00
2016.03.23 21:41:18.276,0.75317,0.75338,1.00,1.00
2016.03.23 21:41:18.377,0.75317,0.7534,1.00,1.50
2016.03.23 21:41:18.479,0.75317,0.75336,1.00,1.00
2016.03.23 21:41:19.263,0.75317,0.75339,1.00,1.00
2016.03.23 21:41:19.785,0.75317,0.7534,1.00,1.00
2016.03.23 21:41:21.448,0.75316,0.75338,2.02,1.00
2016.03.23 21:41:21.752,0.75316,0.75336,1.87,1.00
2016.03.23 21:41:22.124,0.75316,0.7534,1.87,1.00
2016.03.23 21:41:23.986,0.75316,0.75339,1.87,1.00
2016.03.23 21:41:26.060,0.75316,0.75337,1.12,1.00
2016.03.23 21:41:28.230,0.75316,0.75338,1.87,1.00
2016.03.23 21:41:28.768,0.75317,0.75338,1.00,1.00
2016.03.23 21:41:35.305,0.75317,0.75339,1.00,1.00
2016.03.23 21:41:36.650,0.75316,0.75339,1.00,1.00
2016.03.23 21:41:37.772,0.75316,0.75338,1.00,1.00
2016.03.23 21:41:39.774,0.75316,0.75336,1.00,1.00
2016.03.23 21:41:40.323,0.75316,0.75337,1.00,1.00
2016.03.23 21:41:44.184,0.75316,0.75335,1.50,1.00
2016.03.23 21:41:44.337,0.75316,0.75339,1.50,1.50
2016.03.23 21:41:49.122,0.75316,0.75336,1.50,1.00
2016.03.23 21:41:51.230,0.75316,0.75338,1.50,1.00
2016.03.23 21:41:56.168,0.75316,0.75336,1.50,1.00
2016.03.23 21:41:56.573,0.75316,0.75339,1.50,1.00
2016.03.23 21:41:59.071,0.75316,0.75338,1.50,1.00
2016.03.23 21:42:01.299,0.75316,0.75339,1.50,1.00
2016.03.23 21:42:02.289,0.75316,0.75337,1.50,1.00
2016.03.23 21:42:02.492,0.75316,0.75339,1.00,2.25
2016.03.23 21:42:02.594,0.75316,0.75335,1.00,1.00
2016.03.23 21:42:02.696,0.75316,0.75338,1.00,1.00
2016.03.23 21:42:03.201,0.75316,0.75337,1.00,1.00
2016.03.23 21:42:06.819,0.75316,0.75338,1.00,1.00
2016.03.23 21:42:11.179,0.75316,0.75339,1.00,1.00
2016.03.23 21:42:13.776,0.75316,0.75337,1.00,1.00
2016.03.23 21:42:14.235,0.75317,0.75337,1.00,1.07
2016.03.23 21:42:14.438,0.75317,0.75337,1.00,1.10
2016.03.23 21:42:16.710,0.75317,0.75339,1.00,1.07
2016.03.23 21:42:17.230,0.75317,0.75339,1.00,1.00
2016.03.23 21:42:19.176,0.75317,0.75338,1.00,1.00
2016.03.23 21:42:22.885,0.75317,0.75339,1.00,1.00
2016.03.23 21:42:23.400,0.75317,0.7534,1.50,1.00
2016.03.23 21:42:24.506,0.75317,0.75339,1.50,1.00
2016.03.23 21:42:24.658,0.75317,0.75337,1.00,1.00
2016.03.23 21:42:24.760,0.75317,0.75339,1.00,1.50
2016.03.23 21:42:27.379,0.75317,0.75337,1.00,1.00
2016.03.23 21:42:27.874,0.75317,0.75339,1.00,1.00
2016.03.23 21:42:30.305,0.75317,0.75338,1.00,1.00
2016.03.23 21:42:31.458,0.75317,0.75339,1.00,1.10
2016.03.23 21:42:31.761,0.75318,0.75345,1.00,1.17
2016.03.23 21:42:32.270,0.75317,0.75346,1.50,1.65
2016.03.23 21:42:32.322,0.75317,0.75341,2.25,1.00
2016.03.23 21:42:32.828,0.75318,0.75341,1.00,1.00
2016.03.23 21:42:33.809,0.75315,0.75341,2.25,1.00
2016.03.23 21:42:33.911,0.75313,0.7534,2.47,1.00
2016.03.23 21:42:34.063,0.75313,0.75336,1.35,1.00
2016.03.23 21:42:34.584,0.75311,0.75337,1.72,1.00
2016.03.23 21:42:38.868,0.75312,0.75338,1.60,1.00
2016.03.23 21:42:40.197,0.75312,0.7534,1.60,1.00
2016.03.23 21:42:40.298,0.75312,0.75337,1.60,1.00
2016.03.23 21:42:40.851,0.75312,0.75338,1.60,1.00
2016.03.23 21:42:42.693,0.75315,0.75338,1.00,1.00
2016.03.23 21:42:44.258,0.75313,0.75338,1.35,1.00
2016.03.23 21:42:46.204,0.75313,0.7534,1.35,1.65
2016.03.23 21:42:46.710,0.75312,0.75339,1.00,1.00
2016.03.23 21:42:46.862,0.75315,0.75341,1.00,1.17
2016.03.23 21:42:47.165,0.75314,0.75337,1.00,1.00
2016.03.23 21:42:47.216,0.75313,0.7534,1.00,1.10
2016.03.23 21:42:47.721,0.75313,0.75339,1.00,1.00
2016.03.23 21:42:48.940,0.75314,0.75338,1.00,1.00
2016.03.23 21:42:49.092,0.75313,0.7534,1.00,1.00
2016.03.23 21:42:51.069,0.75315,0.7534,1.00,1.00
2016.03.23 21:42:53.117,0.75315,0.75339,1.00,1.00
2016.03.23 21:42:53.748,0.75314,0.75339,1.00,1.00
2016.03.23 21:42:55.236,0.75312,0.75339,1.50,1.00
2016.03.23 21:42:55.590,0.75314,0.75339,1.00,1.00
2016.03.23 21:42:56.616,0.75314,0.75337,1.00,1.00
2016.03.23 21:42:56.667,0.75312,0.75337,1.50,1.00
2016.03.23 21:42:56.973,0.75311,0.75334,1.12,1.00
2016.03.23 21:42:57.075,0.75311,0.75336,1.87,1.00
2016.03.23 21:42:58.018,0.75313,0.75337,1.00,1.00
2016.03.23 21:42:58.222,0.75313,0.75339,1.00,1.00
2016.03.23 21:42:58.749,0.75312,0.75339,1.00,1.50
2016.03.23 21:43:00.281,0.75313,0.7534,1.00,1.10
2016.03.23 21:43:01.770,0.75313,0.75338,1.00,1.00
2016.03.23 21:43:02.075,0.75315,0.75339,1.00,1.00
2016.03.23 21:43:02.380,0.75317,0.7534,1.00,1.00
2016.03.23 21:43:03.187,0.75318,0.75342,1.00,1.00
2016.03.23 21:43:03.699,0.75318,0.75341,1.00,1.00
2016.03.23 21:43:05.279,0.75319,0.75341,1.00,1.00
2016.03.23 21:43:05.380,0.75317,0.75341,1.00,1.00
2016.03.23 21:43:05.482,0.75321,0.75341,1.00,1.00
2016.03.23 21:43:05.583,0.75321,0.75343,1.00,1.00
2016.03.23 21:43:05.685,0.7532,0.75341,1.00,1.00
2016.03.23 21:43:07.527,0.75316,0.75341,1.00,1.00
2016.03.23 21:43:07.680,0.75314,0.75341,1.20,1.00
2016.03.23 21:43:07.781,0.75317,0.7534,1.00,1.00
2016.03.23 21:43:08.321,0.75317,0.75341,1.00,1.00
2016.03.23 21:43:09.610,0.75318,0.75341,1.00,1.00
2016.03.23 21:43:10.015,0.75321,0.75341,1.00,1.00
2016.03.23 21:43:10.117,0.75318,0.7534,1.00,1.00
2016.03.23 21:43:10.320,0.75314,0.7534,1.20,1.00
2016.03.23 21:43:13.169,0.75315,0.7534,1.00,1.00
2016.03.23 21:43:20.272,0.75315,0.75341,1.00,1.00
2016.03.23 21:43:46.283,0.75314,0.75341,1.10,1.50
2016.03.23 21:43:49.936,0.75314,0.75343,1.10,1.50
2016.03.23 21:43:50.037,0.75316,0.75343,1.00,1.00
2016.03.23 21:43:50.545,0.75316,0.75343,1.20,1.00
2016.03.23 21:43:51.095,0.75316,0.75343,1.20,1.00
2016.03.23 21:43:52.678,0.75315,0.75338,2.62,1.00
2016.03.23 21:43:53.186,0.75317,0.75336,1.00,1.00
2016.03.23 21:43:53.697,0.75318,0.75336,1.00,1.00
2016.03.23 21:43:54.055,0.75317,0.75338,1.00,1.00
2016.03.23 21:43:54.156,0.75319,0.75338,1.00,1.00
2016.03.23 21:43:54.258,0.75315,0.75337,1.00,1.00
2016.03.23 21:43:54.359,0.75318,0.75337,1.00,1.00
2016.03.23 21:43:55.696,0.75318,0.75338,1.00,1.00
2016.03.23 21:43:55.747,0.75315,0.75338,2.25,1.00
2016.03.23 21:43:56.004,0.75317,0.75339,1.50,1.07
2016.03.23 21:43:56.156,0.75315,0.75339,1.00,1.17
2016.03.23 21:43:56.257,0.75318,0.75339,1.00,1.10
2016.03.23 21:43:56.614,0.75318,0.75337,1.00,1.00
2016.03.23 21:43:58.747,0.75319,0.7534,1.00,1.15
2016.03.23 21:43:58.849,0.75315,0.75341,1.00,1.65
2016.03.23 21:43:59.426,0.75316,0.75337,1.00,1.00
2016.03.23 21:44:00.742,0.75317,0.75337,1.00,1.00
2016.03.23 21:44:01.256,0.75317,0.75339,1.00,1.20
2016.03.23 21:44:01.611,0.75315,0.75339,1.00,1.20
2016.03.23 21:44:02.117,0.75316,0.75339,1.00,1.65
2016.03.23 21:44:02.669,0.75315,0.75339,1.10,1.50
2016.03.23 21:44:02.771,0.75315,0.75339,1.15,1.50
2016.03.23 21:44:03.024,0.75315,0.75341,1.65,1.12
2016.03.23 21:44:03.126,0.75316,0.75338,1.07,1.00
2016.03.23 21:44:05.324,0.75315,0.7534,1.57,1.00
2016.03.23 21:44:05.476,0.75318,0.7534,1.00,1.00
2016.03.23 21:44:05.578,0.75315,0.7534,1.65,1.00
2016.03.23 21:44:05.679,0.75317,0.7534,1.10,1.50
2016.03.23 21:44:05.983,0.75315,0.75337,1.10,1.00
2016.03.23 21:44:06.518,0.75314,0.7534,1.17,1.50
2016.03.23 21:44:06.771,0.75318,0.75341,1.00,1.00
2016.03.23 21:44:06.872,0.75316,0.75341,1.00,1.50
2016.03.23 21:44:06.974,0.75314,0.7534,1.50,1.20
2016.03.23 21:44:07.025,0.75315,0.7534,1.57,1.10
2016.03.23 21:44:07.552,0.75313,0.75339,1.17,1.50
2016.03.23 21:44:08.059,0.75313,0.75339,1.65,1.50
2016.03.23 21:44:08.160,0.75312,0.75337,2.25,1.00
2016.03.23 21:44:08.262,0.75312,0.75337,1.42,1.10
2016.03.23 21:44:08.724,0.75313,0.75337,1.17,1.00
2016.03.23 21:44:09.028,0.75318,0.75341,1.00,1.15
2016.03.23 21:44:09.129,0.75315,0.75339,1.57,1.10
2016.03.23 21:44:09.475,0.75314,0.75338,1.50,1.00
2016.03.23 21:44:09.830,0.75316,0.75341,1.00,1.57
2016.03.23 21:44:10.083,0.75318,0.75339,1.00,1.00
2016.03.23 21:44:10.590,0.75319,0.75338,1.00,1.00
2016.03.23 21:44:10.793,0.75316,0.75341,1.00,1.15
2016.03.23 21:44:11.097,0.75316,0.75341,1.10,1.10
2016.03.23 21:44:11.149,0.75315,0.75338,1.01,1.00
2016.03.23 21:44:11.828,0.75311,0.75338,2.25,1.50
2016.03.23 21:44:11.980,0.75316,0.75338,1.00,1.00
2016.03.23 21:44:12.132,0.75317,0.7534,1.50,1.20
2016.03.23 21:44:12.234,0.75315,0.75338,1.15,1.00
2016.03.23 21:44:12.588,0.75314,0.75338,1.57,1.50
2016.03.23 21:44:13.044,0.75313,0.75338,1.15,1.50
2016.03.23 21:44:13.246,0.75315,0.7534,1.15,1.12
2016.03.23 21:44:13.348,0.75317,0.7534,1.00,1.17
2016.03.23 21:44:13.856,0.75318,0.75338,1.00,1.00
2016.03.23 21:44:14.705,0.75318,0.7534,1.00,1.57
2016.03.23 21:44:15.009,0.75316,0.75339,3.00,1.17
2016.03.23 21:44:15.565,0.75318,0.75338,1.00,1.00
2016.03.23 21:44:15.667,0.75315,0.75338,1.00,1.00
2016.03.23 21:44:15.768,0.75317,0.75338,1.00,1.00
2016.03.23 21:44:16.295,0.75315,0.75341,1.00,2.02
2016.03.23 21:44:16.616,0.75316,0.75338,1.00,1.00
2016.03.23 21:44:17.136,0.75317,0.75338,1.00,1.00
2016.03.23 21:44:17.770,0.75314,0.75338,1.00,1.00
2016.03.23 21:44:18.335,0.75315,0.75338,1.50,1.00
2016.03.23 21:44:19.570,0.75316,0.75338,1.00,1.00
2016.03.23 21:44:20.076,0.75314,0.75338,1.00,1.00
2016.03.23 21:44:20.178,0.75316,0.75339,1.00,1.15
2016.03.23 21:44:20.683,0.75314,0.75337,1.00,1.00
2016.03.23 21:44:20.785,0.75316,0.75337,1.00,1.00
2016.03.23 21:44:20.887,0.75312,0.75337,1.60,1.00
2016.03.23 21:44:21.120,0.75315,0.75339,1.00,1.15
2016.03.23 21:44:21.655,0.75314,0.75339,2.10,1.15
2016.03.23 21:44:22.158,0.75315,0.75339,1.50,1.15
2016.03.23 21:44:23.256,0.75314,0.75339,2.10,1.15
2016.03.23 21:44:23.645,0.75318,0.75339,1.00,1.10
2016.03.23 21:44:23.708,0.75316,0.75341,1.00,1.65
2016.03.23 21:44:23.759,0.75316,0.75338,1.00,1.00
2016.03.23 21:44:23.810,0.75314,0.75338,2.10,1.00
2016.03.23 21:44:23.861,0.75315,0.7534,1.00,1.20
2016.03.23 21:44:23.966,0.75315,0.75338,1.25,1.00
2016.03.23 21:44:24.169,0.75313,0.7534,1.80,1.65
2016.03.23 21:44:26.346,0.75318,0.75341,1.00,1.15
2016.03.23 21:44:26.548,0.75315,0.75339,3.75,1.00
2016.03.23 21:44:26.599,0.75317,0.75339,1.50,1.00
2016.03.23 21:44:26.701,0.75315,0.75339,1.00,1.00
2016.03.23 21:44:27.004,0.75317,0.75338,1.00,1.00
2016.03.23 21:44:29.015,0.75315,0.75338,1.00,1.00
2016.03.23 21:44:29.117,0.75318,0.75339,1.00,1.00
2016.03.23 21:44:29.269,0.75316,0.75339,1.50,1.00
2016.03.23 21:44:29.775,0.75315,0.75339,1.00,1.50
2016.03.23 21:44:30.281,0.75316,0.75339,1.00,1.00
2016.03.23 21:44:30.534,0.75314,0.75338,1.35,1.00
2016.03.23 21:44:30.635,0.75317,0.75338,1.00,1.50
2016.03.23 21:44:30.686,0.75312,0.75338,2.25,1.50
2016.03.23 21:44:30.939,0.75313,0.7534,3.00,1.65
2016.03.23 21:44:30.990,0.75316,0.7534,1.50,1.65
2016.03.23 21:44:31.294,0.75318,0.75342,1.00,1.65
2016.03.23 21:44:31.464,0.75314,0.75339,1.35,1.00
2016.03.23 21:44:31.516,0.75313,0.75337,1.80,1.00
2016.03.23 21:44:31.617,0.75315,0.75339,1.00,1.00
2016.03.23 21:44:31.726,0.75317,0.75338,1.00,1.00
2016.03.23 21:44:31.929,0.75313,0.75338,1.80,1.00
2016.03.23 21:44:32.132,0.75316,0.75339,1.00,1.00
2016.03.23 21:44:32.638,0.75316,0.75338,1.50,1.00
2016.03.23 21:44:32.790,0.75313,0.75337,1.80,1.00
2016.03.23 21:44:33.195,0.75313,0.7534,2.44,1.20
2016.03.23 21:44:33.246,0.75317,0.75341,1.00,1.15
2016.03.23 21:44:33.651,0.75315,0.7534,1.50,1.10
2016.03.23 21:44:33.911,0.75312,0.75337,1.60,1.00
2016.03.23 21:44:34.065,0.75311,0.7534,1.50,1.00
2016.03.23 21:44:34.116,0.75314,0.75341,1.00,1.00
2016.03.23 21:44:34.793,0.75313,0.75341,1.12,1.00
2016.03.23 21:44:37.659,0.75313,0.75342,1.87,1.00
2016.03.23 21:44:44.489,0.75314,0.75342,1.00,1.00
2016.03.23 21:44:46.983,0.75313,0.75331,1.12,1.00
2016.03.23 21:44:47.237,0.75298,0.75325,1.35,1.00
2016.03.23 21:44:47.390,0.75299,0.75328,1.37,1.37
2016.03.23 21:44:47.441,0.75303,0.75331,1.00,1.00
2016.03.23 21:44:47.594,0.75303,0.75331,1.37,1.00
2016.03.23 21:44:47.696,0.7531,0.75339,1.00,1.00
2016.03.23 21:44:47.798,0.75308,0.75339,1.00,1.00
2016.03.23 21:44:47.899,0.75308,0.75341,1.00,1.50
2016.03.23 21:44:48.203,0.7531,0.75341,1.00,1.12
2016.03.23 21:44:48.507,0.75312,0.75341,1.00,1.00
2016.03.23 21:44:48.811,0.75315,0.75341,1.00,1.00
2016.03.23 21:44:49.218,0.75312,0.75341,1.00,1.00
2016.03.23 21:44:50.419,0.75308,0.75342,2.25,1.00
2016.03.23 21:44:50.470,0.75314,0.75342,1.00,1.00
2016.03.23 21:44:50.774,0.75318,0.75343,1.00,1.57
2016.03.23 21:44:50.977,0.75316,0.75345,1.12,1.15
2016.03.23 21:44:51.028,0.75312,0.75343,3.37,1.10
2016.03.23 21:44:53.064,0.75312,0.75342,1.12,1.00
2016.03.23 21:44:54.376,0.75312,0.75343,1.12,1.10
2016.03.23 21:44:56.468,0.75311,0.75341,1.37,1.00
2016.03.23 21:44:56.778,0.75311,0.75336,1.00,1.00
2016.03.23 21:44:59.023,0.75312,0.75337,1.00,1.00
2016.03.23 21:45:01.805,0.7531,0.75337,1.00,1.00
2016.03.23 21:45:02.008,0.75309,0.75335,1.00,1.50
2016.03.23 21:45:02.212,0.75309,0.75338,1.00,1.00
2016.03.23 21:45:02.719,0.75309,0.75339,1.00,1.50
2016.03.23 21:45:02.952,0.75309,0.75335,1.00,1.00
2016.03.23 21:45:03.459,0.75309,0.75334,1.00,1.50
2016.03.23 21:45:03.661,0.75308,0.75336,1.00,1.00
2016.03.23 21:45:03.713,0.75308,0.75338,1.00,2.25
2016.03.23 21:45:03.992,0.7531,0.75338,1.00,1.00
2016.03.23 21:45:04.093,0.7531,0.75342,1.12,1.50
2016.03.23 21:45:04.456,0.75314,0.75346,1.00,2.40
2016.03.23 21:45:04.900,0.75318,0.75346,1.00,1.15
2016.03.23 21:45:15.006,0.75317,0.75347,1.00,1.95
2016.03.23 21:45:28.566,0.75317,0.75341,1.00,1.00
2016.03.23 21:45:34.179,0.75317,0.75343,1.00,1.10
2016.03.23 21:45:36.538,0.75317,0.75342,1.00,1.00
2016.03.23 21:45:49.478,0.75314,0.75342,1.20,1.00
2016.03.23 21:45:49.630,0.75317,0.75342,1.00,1.00
2016.03.23 21:45:49.782,0.75313,0.75342,2.77,1.00
2016.03.23 21:45:49.884,0.75319,0.75342,1.00,1.10
2016.03.23 21:45:50.818,0.75319,0.75344,1.00,1.07
2016.03.23 21:45:51.432,0.75319,0.75344,1.00,1.00
2016.03.23 21:46:00.073,0.7532,0.75344,1.00,1.00
2016.03.23 21:46:01.710,0.7532,0.75342,1.00,1.00
2016.03.23 21:46:06.437,0.7532,0.75343,1.00,1.00
2016.03.23 21:46:12.925,0.7532,0.75344,1.00,1.00
2016.03.23 21:46:20.569,0.75319,0.75344,1.00,1.00
2016.03.23 21:46:21.235,0.75318,0.75344,1.00,1.00
2016.03.23 21:46:21.782,0.75317,0.75344,1.50,1.00
2016.03.23 21:46:31.230,0.75318,0.75345,1.00,1.20
2016.03.23 21:46:31.737,0.75319,0.75345,1.00,1.15
2016.03.23 21:46:31.788,0.75318,0.75345,1.50,1.15
2016.03.23 21:46:35.059,0.7532,0.75347,1.00,1.57
2016.03.23 21:46:35.623,0.7532,0.75347,1.00,1.50
2016.03.23 21:46:36.403,0.75318,0.75346,1.50,1.15
2016.03.23 21:46:36.706,0.75318,0.75346,1.00,1.17
2016.03.23 21:46:37.212,0.75318,0.75346,1.00,1.15
2016.03.23 21:46:37.576,0.75318,0.75346,1.00,1.15
2016.03.23 21:46:40.765,0.75316,0.7534,1.50,1.50
2016.03.23 21:46:40.868,0.75311,0.7534,3.37,1.50
2016.03.23 21:46:41.021,0.75311,0.7534,2.25,1.87
2016.03.23 21:46:42.423,0.75312,0.75334,1.00,1.17
2016.03.23 21:46:43.241,0.75311,0.75334,1.50,1.17
2016.03.23 21:46:44.524,0.75311,0.75334,1.50,1.00
2016.03.23 21:46:46.941,0.75312,0.75334,1.00,1.00
2016.03.23 21:46:49.421,0.75311,0.75334,1.00,1.00
2016.03.23 21:46:51.183,0.75312,0.75334,1.00,1.00
2016.03.23 21:46:51.547,0.75313,0.75341,1.00,2.02
2016.03.23 21:46:51.700,0.75313,0.75341,1.00,1.15
2016.03.23 21:46:51.903,0.75311,0.75344,1.12,2.02
2016.03.23 21:46:52.004,0.75316,0.75344,1.00,1.27
2016.03.23 21:46:52.641,0.75316,0.75343,1.00,1.45
2016.03.23 21:46:56.294,0.75316,0.75344,1.00,1.57
2016.03.23 21:46:56.345,0.75316,0.75342,1.00,1.15
2016.03.23 21:47:00.115,0.75316,0.75342,1.00,1.45
2016.03.23 21:47:01.036,0.75316,0.75342,1.00,1.57
2016.03.23 21:47:01.087,0.75314,0.75342,1.00,1.52
2016.03.23 21:47:01.189,0.75315,0.75338,1.00,1.15
2016.03.23 21:47:01.472,0.7531,0.75336,1.00,1.57
2016.03.23 21:47:01.574,0.75307,0.75334,1.37,1.00
2016.03.23 21:47:02.115,0.75307,0.75335,1.00,1.10
2016.03.23 21:47:02.217,0.75307,0.75336,1.57,1.10
2016.03.23 21:47:02.521,0.75312,0.75337,1.00,1.15
2016.03.23 21:47:03.245,0.75312,0.75339,1.00,1.17
2016.03.23 21:47:08.265,0.75312,0.75341,1.00,1.65
2016.03.23 21:47:08.571,0.75312,0.75341,1.00,1.87
2016.03.23 21:47:12.772,0.75311,0.75341,1.00,1.12
2016.03.23 21:47:13.277,0.75311,0.75342,1.00,2.25
2016.03.23 21:47:16.005,0.75309,0.75341,1.00,1.57
2016.03.23 21:47:16.107,0.75313,0.75342,1.00,2.25
2016.03.23 21:47:20.220,0.75313,0.75341,1.00,1.12
2016.03.23 21:47:21.052,0.7531,0.75341,1.00,1.87
2016.03.23 21:47:21.154,0.7531,0.7534,1.00,1.75
2016.03.23 21:47:21.205,0.75307,0.75337,1.00,1.87
2016.03.23 21:47:21.883,0.75307,0.75336,1.00,1.87
2016.03.23 21:47:22.374,0.75316,0.75336,1.00,1.50
2016.03.23 21:47:22.681,0.7532,0.75343,1.00,1.87
2016.03.23 21:47:23.045,0.7532,0.75343,1.25,1.75
2016.03.23 21:47:23.298,0.75323,0.75342,1.00,1.75
2016.03.23 21:47:23.399,0.7532,0.75345,1.00,1.75
2016.03.23 21:47:23.450,0.75316,0.75345,2.25,1.75
2016.03.23 21:47:23.988,0.75315,0.75343,1.69,1.75
2016.03.23 21:47:25.552,0.75316,0.75342,1.00,1.75
2016.03.23 21:47:29.175,0.75314,0.75336,1.19,1.20
2016.03.23 21:47:29.328,0.75313,0.75339,1.00,1.87
2016.03.23 21:47:29.429,0.7531,0.75337,1.00,1.50
2016.03.23 21:47:30.706,0.75323,0.75341,1.00,1.12
2016.03.23 21:47:31.011,0.75321,0.7534,1.12,1.75
2016.03.23 21:47:31.113,0.75324,0.75341,1.00,1.12
2016.03.23 21:47:31.214,0.75322,0.75344,1.00,1.12
2016.03.23 21:47:31.468,0.75322,0.75342,3.00,1.12
2016.03.23 21:47:31.519,0.7532,0.75342,2.25,1.12
2016.03.23 21:47:31.621,0.75322,0.75342,1.00,1.12
2016.03.23 21:47:31.722,0.75307,0.75342,2.25,1.87
2016.03.23 21:47:31.773,0.75307,0.75342,1.87,2.25
2016.03.23 21:47:31.875,0.75319,0.75336,1.00,1.45
2016.03.23 21:47:32.213,0.75315,0.75342,1.12,1.75
2016.03.23 21:47:32.264,0.75316,0.75341,1.52,1.12
2016.03.23 21:47:32.467,0.75316,0.75342,1.50,1.75
2016.03.23 21:47:32.519,0.75318,0.75342,1.00,1.75
2016.03.23 21:47:32.977,0.7532,0.75344,1.50,1.12
2016.03.23 21:47:33.129,0.75321,0.75346,1.50,1.12
2016.03.23 21:47:33.231,0.75315,0.75343,2.25,1.75
2016.03.23 21:47:33.282,0.7532,0.75346,2.62,1.12
2016.03.23 21:47:33.637,0.75323,0.75346,1.50,1.75
2016.03.23 21:47:33.799,0.75319,0.75346,1.50,1.12
2016.03.23 21:47:33.901,0.75311,0.75344,4.87,1.87
2016.03.23 21:47:33.952,0.75316,0.75344,1.00,1.12
2016.03.23 21:47:37.527,0.75312,0.75343,1.00,1.75
2016.03.23 21:47:37.830,0.75312,0.75344,1.00,1.87
2016.03.23 21:47:38.498,0.75313,0.75344,1.00,1.87
2016.03.23 21:47:41.711,0.75312,0.75344,1.50,1.87
2016.03.23 21:47:45.664,0.75312,0.75344,1.50,1.87
2016.03.23 21:47:45.917,0.75313,0.75344,1.00,1.87
2016.03.23 21:47:46.477,0.75313,0.75344,1.00,1.87
2016.03.23 21:47:53.147,0.75313,0.75346,1.00,4.87
2016.03.23 21:47:53.653,0.75312,0.75346,1.87,4.87
2016.03.23 21:47:56.563,0.75312,0.75345,1.50,1.12
2016.03.23 21:47:58.566,0.75311,0.75343,1.50,1.75
2016.03.23 21:47:59.118,0.7531,0.75343,1.50,2.62
2016.03.23 21:48:00.283,0.7531,0.75343,1.50,3.00
2016.03.23 21:48:03.778,0.75323,0.75343,1.12,1.87
2016.03.23 21:48:04.082,0.75328,0.75343,1.00,3.00
2016.03.23 21:48:04.134,0.75321,0.75343,1.00,2.25
2016.03.23 21:48:04.185,0.75323,0.75343,1.50,1.12
2016.03.23 21:48:04.439,0.75316,0.75343,1.00,1.12
2016.03.23 21:48:04.491,0.75313,0.75343,1.50,1.12
2016.03.23 21:48:04.542,0.75319,0.75343,1.00,1.12
2016.03.23 21:48:04.644,0.75313,0.75343,1.75,1.12
2016.03.23 21:48:04.810,0.75313,0.75343,1.00,1.12
2016.03.23 21:48:04.912,0.75312,0.75341,1.00,1.12
2016.03.23 21:48:04.963,0.75309,0.75342,1.00,1.50
2016.03.23 21:48:05.274,0.75312,0.75342,1.00,1.50
2016.03.23 21:48:07.329,0.75312,0.75344,1.00,2.62
2016.03.23 21:48:07.380,0.75313,0.75344,1.50,1.50
2016.03.23 21:48:07.432,0.75319,0.75344,1.00,1.00
2016.03.23 21:48:08.016,0.75319,0.75344,1.00,1.15
2016.03.23 21:48:08.418,0.75321,0.75344,1.00,1.15
2016.03.23 21:48:08.520,0.75319,0.75344,1.00,1.15
2016.03.23 21:48:08.723,0.75319,0.75346,1.00,1.57
2016.03.23 21:48:08.926,0.75322,0.75346,1.00,1.57
2016.03.23 21:48:09.623,0.75321,0.75346,1.00,1.57
2016.03.23 21:48:09.924,0.75323,0.75346,1.00,1.10
2016.03.23 21:48:12.603,0.75323,0.75346,1.00,1.07
2016.03.23 21:48:13.115,0.75324,0.75346,1.00,1.00
2016.03.23 21:48:13.635,0.75323,0.75346,1.00,1.00
2016.03.23 21:48:13.838,0.75326,0.75346,1.00,1.00
2016.03.23 21:48:14.357,0.75325,0.75346,1.00,1.00
2016.03.23 21:48:15.328,0.75326,0.75346,1.00,1.00
2016.03.23 21:48:15.857,0.75327,0.75346,1.00,1.00
2016.03.23 21:48:18.443,0.75326,0.75346,1.00,1.00
2016.03.23 21:48:19.803,0.75326,0.75348,1.00,1.00
2016.03.23 21:48:21.437,0.75327,0.75348,1.00,1.00
2016.03.23 21:48:21.941,0.75326,0.75349,1.00,1.75
2016.03.23 21:48:25.161,0.75321,0.75349,1.50,1.85
2016.03.23 21:48:25.212,0.75318,0.75349,1.57,1.85
2016.03.23 21:48:25.365,0.75322,0.75349,1.00,1.85
2016.03.23 21:48:25.696,0.75324,0.75349,1.00,2.32
2016.03.23 21:48:27.865,0.7532,0.75352,1.00,2.40
2016.03.23 21:48:27.916,0.7532,0.75352,1.00,2.40
2016.03.23 21:48:28.068,0.75321,0.75355,1.00,1.90
2016.03.23 21:48:28.119,0.75321,0.75355,4.12,1.52
2016.03.23 21:48:28.170,0.75328,0.75356,1.00,1.57
2016.03.23 21:48:28.493,0.75331,0.75357,1.00,1.57
2016.03.23 21:48:28.544,0.75331,0.75357,1.00,1.57
2016.03.23 21:48:30.168,0.75332,0.75356,1.00,1.00
2016.03.23 21:48:34.999,0.75333,0.75357,1.00,1.10
2016.03.23 21:48:35.202,0.75335,0.75357,1.00,1.00
2016.03.23 21:48:36.513,0.75335,0.75356,1.00,1.00
2016.03.23 21:48:39.269,0.75334,0.75356,1.00,1.00
2016.03.23 21:48:40.206,0.7533,0.75356,1.00,1.00
2016.03.23 21:48:40.308,0.75332,0.75356,1.00,1.00
2016.03.23 21:48:40.596,0.75326,0.75356,2.25,1.00
2016.03.23 21:48:40.711,0.75329,0.75356,1.00,1.00
2016.03.23 21:48:41.034,0.75331,0.75356,1.50,1.00
2016.03.23 21:48:42.564,0.75334,0.75356,1.00,1.50
2016.03.23 21:48:49.680,0.75333,0.75356,1.00,1.00
2016.03.23 21:48:50.214,0.75333,0.75357,1.00,1.00
2016.03.23 21:48:50.778,0.75334,0.75357,1.00,1.00
2016.03.23 21:48:53.128,0.75334,0.75358,1.00,1.20
2016.03.23 21:48:54.999,0.75336,0.75358,1.00,1.20
2016.03.23 21:48:55.558,0.75336,0.75357,1.00,1.00
2016.03.23 21:48:58.142,0.75336,0.75358,1.00,1.20
2016.03.23 21:48:59.291,0.75331,0.75358,1.50,1.20
2016.03.23 21:49:01.603,0.7533,0.75358,1.00,1.20
2016.03.23 21:49:05.842,0.75337,0.75358,1.00,1.20
2016.03.23 21:49:16.202,0.75337,0.75357,1.00,1.00
2016.03.23 21:49:16.253,0.75332,0.75357,1.00,1.50
2016.03.23 21:49:16.355,0.75334,0.75357,1.00,1.50
2016.03.23 21:49:20.158,0.75335,0.75356,1.00,1.37
2016.03.23 21:49:20.259,0.75327,0.75356,1.00,1.37
2016.03.23 21:49:51.109,0.75326,0.75356,1.00,1.95
2016.03.23 21:49:51.690,0.75326,0.75356,1.00,1.57
2016.03.23 21:49:52.197,0.75324,0.75356,1.00,1.57
2016.03.23 21:49:57.941,0.75324,0.75354,1.00,1.00
2016.03.23 21:50:00.873,0.75321,0.75354,1.50,1.00
2016.03.23 21:50:02.273,0.75321,0.75352,1.50,1.00
2016.03.23 21:50:02.578,0.75318,0.75351,1.00,1.20
2016.03.23 21:50:02.823,0.75316,0.75351,1.00,1.20
2016.03.23 21:50:07.799,0.75314,0.7535,1.50,2.32
2016.03.23 21:50:27.634,0.75314,0.75349,1.37,1.12
2016.03.23 21:50:28.178,0.75314,0.75347,1.00,1.15
2016.03.23 21:50:33.176,0.75315,0.75347,1.00,1.15
2016.03.23 21:50:37.004,0.75315,0.7535,1.00,2.40
2016.03.23 21:50:37.206,0.75318,0.75349,1.00,1.15
2016.03.23 21:50:45.535,0.75318,0.75354,1.00,3.00
2016.03.23 21:50:47.694,0.75317,0.75354,1.00,4.50
2016.03.23 21:50:57.671,0.75318,0.75353,1.00,1.12
2016.03.23 21:51:00.840,0.75315,0.75351,1.50,1.75
2016.03.23 21:51:01.907,0.75314,0.75351,1.87,1.75
2016.03.23 21:51:03.601,0.75314,0.75344,1.37,1.00
2016.03.23 21:51:03.652,0.75312,0.75344,1.00,1.00
2016.03.23 21:51:04.365,0.7531,0.75342,1.50,1.00
2016.03.23 21:51:04.871,0.7531,0.75342,1.00,1.00
2016.03.23 21:51:09.011,0.7531,0.75344,1.00,2.25
2016.03.23 21:51:12.827,0.7531,0.75342,1.00,1.50
2016.03.23 21:51:13.129,0.7531,0.7534,1.00,1.00
2016.03.23 21:51:14.674,0.75309,0.7534,1.00,1.00
2016.03.23 21:51:17.890,0.75309,0.75342,1.00,1.50
2016.03.23 21:51:18.563,0.75309,0.75343,1.00,1.87
2016.03.23 21:51:19.371,0.75309,0.75342,1.00,1.50
2016.03.23 21:51:19.915,0.75309,0.75343,1.00,1.87
2016.03.23 21:51:21.625,0.75309,0.75342,1.00,1.50
2016.03.23 21:51:22.234,0.75309,0.75343,1.37,1.87
2016.03.23 21:51:46.203,0.7531,0.75347,1.50,2.25
2016.03.23 21:51:49.370,0.75314,0.75347,1.00,1.50
2016.03.23 21:51:49.673,0.75323,0.75348,1.00,1.00
2016.03.23 21:51:49.977,0.75325,0.7535,1.00,1.00
2016.03.23 21:51:50.285,0.75327,0.7535,1.00,1.00
2016.03.23 21:51:50.743,0.75327,0.75352,1.00,1.00
2016.03.23 21:51:51.610,0.75329,0.75354,1.00,2.25
2016.03.23 21:51:51.923,0.75329,0.75352,1.00,1.00
2016.03.23 21:51:53.186,0.75328,0.75351,1.00,1.00
2016.03.23 21:51:53.743,0.75329,0.75352,1.00,1.00
2016.03.23 21:51:54.245,0.75328,0.75351,1.00,1.00
2016.03.23 21:51:55.041,0.75329,0.75354,1.00,1.50
2016.03.23 21:51:55.547,0.7533,0.75354,1.00,1.50
2016.03.23 21:51:59.332,0.75331,0.75354,1.00,1.00
2016.03.23 21:52:01.763,0.7533,0.75354,1.00,1.50
2016.03.23 21:52:04.769,0.7533,0.75354,1.37,1.50
2016.03.23 21:52:06.981,0.7533,0.75354,1.75,1.50
2016.03.23 21:52:07.032,0.75328,0.7536,2.25,1.12
2016.03.23 21:52:07.134,0.75328,0.75362,2.02,1.87
2016.03.23 21:52:07.235,0.75329,0.75365,1.92,1.12
2016.03.23 21:52:10.382,0.75331,0.75365,1.45,1.20
2016.03.23 21:52:10.687,0.75336,0.75366,1.27,1.00
2016.03.23 21:52:10.738,0.75336,0.75369,1.20,1.17
2016.03.23 21:52:11.792,0.75336,0.75371,1.47,1.90
2016.03.23 21:52:11.843,0.75336,0.75371,1.52,1.75
2016.03.23 21:52:11.995,0.75336,0.75371,1.90,1.00
2016.03.23 21:52:12.097,0.75336,0.75371,1.90,1.15
2016.03.23 21:52:15.109,0.75336,0.75372,1.45,1.95
2016.03.23 21:52:15.660,0.75336,0.7537,1.37,2.02
2016.03.23 21:52:18.123,0.75342,0.75365,1.00,1.00
2016.03.23 21:52:18.427,0.75341,0.75363,1.00,1.17
2016.03.23 21:52:18.580,0.75339,0.75364,1.00,1.15
2016.03.23 21:52:19.451,0.75341,0.75364,1.00,1.15
2016.03.23 21:52:20.430,0.75339,0.75364,1.00,1.15
2016.03.23 21:52:20.531,0.75339,0.75364,1.00,1.15
2016.03.23 21:52:21.037,0.75339,0.75364,1.00,1.27
2016.03.23 21:52:22.765,0.75341,0.75364,1.00,1.65
2016.03.23 21:52:22.866,0.75341,0.75364,1.00,1.00
2016.03.23 21:52:23.119,0.75341,0.75366,1.00,1.00
2016.03.23 21:52:23.525,0.75338,0.75361,1.00,1.00
2016.03.23 21:52:24.067,0.75338,0.75361,1.20,1.00
2016.03.23 21:52:24.169,0.75338,0.75361,1.00,1.00
2016.03.23 21:52:33.238,0.75339,0.75362,1.00,1.00
2016.03.23 21:52:33.788,0.75339,0.75363,1.00,1.00
2016.03.23 21:52:33.889,0.75342,0.75363,1.00,1.00
2016.03.23 21:52:36.072,0.7534,0.75363,1.00,1.50
2016.03.23 21:52:37.613,0.75337,0.7536,1.20,1.00
2016.03.23 21:52:37.714,0.75337,0.7536,1.00,1.00
2016.03.23 21:52:37.917,0.75336,0.75358,1.00,1.00
2016.03.23 21:52:38.620,0.75336,0.75359,1.00,1.00
2016.03.23 21:52:38.924,0.75338,0.75361,1.00,1.15
2016.03.23 21:52:40.802,0.75336,0.75359,1.00,1.10
2016.03.23 21:52:41.235,0.7534,0.75359,1.00,1.00
2016.03.23 21:52:41.753,0.75339,0.75358,1.00,1.00
2016.03.23 21:52:43.235,0.75338,0.75358,1.00,1.00
2016.03.23 21:52:43.336,0.75335,0.75358,1.00,1.00
2016.03.23 21:52:43.488,0.75335,0.75356,1.00,1.00
2016.03.23 21:52:43.692,0.75337,0.75359,1.50,1.20
2016.03.23 21:52:43.743,0.75337,0.75359,1.50,1.15
2016.03.23 21:52:43.896,0.75337,0.75359,1.00,1.10
2016.03.23 21:52:44.098,0.75335,0.75358,1.00,1.00
2016.03.23 21:52:44.199,0.75337,0.75359,1.00,1.10
2016.03.23 21:52:44.510,0.75338,0.75359,1.00,1.15
2016.03.23 21:52:45.089,0.75337,0.7536,1.50,2.40
2016.03.23 21:52:45.293,0.75337,0.75359,1.00,1.00
2016.03.23 21:52:45.865,0.75337,0.75359,1.00,1.15
2016.03.23 21:52:47.422,0.75337,0.75357,1.50,1.00
2016.03.23 21:52:47.625,0.75337,0.75359,1.00,1.87
2016.03.23 21:52:48.174,0.75336,0.75358,1.00,1.20
2016.03.23 21:52:49.728,0.75337,0.75357,1.00,1.15
2016.03.23 21:52:49.830,0.75337,0.75357,1.00,1.15
2016.03.23 21:52:52.237,0.75336,0.75359,1.50,1.15
2016.03.23 21:52:54.240,0.75337,0.75358,1.00,1.15
2016.03.23 21:52:54.443,0.75337,0.75357,1.00,1.15
2016.03.23 21:52:58.304,0.75336,0.75357,1.50,1.15
2016.03.23 21:52:58.811,0.75336,0.75355,1.50,1.15
2016.03.23 21:52:59.357,0.75335,0.75355,1.50,1.15
2016.03.23 21:53:00.179,0.75335,0.75355,1.50,1.17
2016.03.23 21:53:01.271,0.75335,0.75355,1.50,1.15
2016.03.23 21:53:01.799,0.75336,0.75357,1.50,1.20
2016.03.23 21:53:02.311,0.75337,0.75355,1.00,1.15
2016.03.23 21:53:03.224,0.75336,0.75356,1.50,1.15
2016.03.23 21:53:03.326,0.75336,0.75357,1.50,1.00
2016.03.23 21:53:03.428,0.75337,0.75359,1.00,1.20
2016.03.23 21:53:03.580,0.75337,0.75358,1.00,1.17
2016.03.23 21:53:03.783,0.75337,0.75357,1.50,1.65
2016.03.23 21:53:03.986,0.75337,0.75358,1.50,1.17
2016.03.23 21:53:04.087,0.75337,0.75358,1.50,1.15
2016.03.23 21:53:04.240,0.75337,0.7536,1.50,1.15
2016.03.23 21:53:04.994,0.75337,0.75356,1.00,1.15
2016.03.23 21:53:07.127,0.75338,0.75358,1.00,1.20
2016.03.23 21:53:09.838,0.75337,0.75358,1.50,1.20
2016.03.23 21:53:10.344,0.75338,0.75357,1.00,1.15
2016.03.23 21:53:12.144,0.75337,0.75358,1.00,1.20
2016.03.23 21:53:12.689,0.75338,0.75356,1.00,1.15
2016.03.23 21:53:14.794,0.75337,0.75357,1.00,1.65
2016.03.23 21:53:15.199,0.75338,0.75359,1.00,1.15
2016.03.23 21:53:15.704,0.75337,0.75359,1.50,1.00
2016.03.23 21:53:15.856,0.75337,0.75357,1.00,1.00
2016.03.23 21:53:16.160,0.75337,0.75359,1.00,1.50
2016.03.23 21:53:16.514,0.75337,0.75362,1.50,1.70
2016.03.23 21:53:16.850,0.75338,0.75358,1.00,1.95
2016.03.23 21:53:17.558,0.75339,0.75357,1.00,1.10
2016.03.23 21:53:17.610,0.75339,0.75357,1.00,1.17
2016.03.23 21:53:17.763,0.75338,0.75358,1.50,1.00
2016.03.23 21:53:17.966,0.75338,0.75356,1.00,1.15
2016.03.23 21:53:18.321,0.75338,0.75357,1.00,1.00
2016.03.23 21:53:18.565,0.75341,0.75363,1.00,3.64
2016.03.23 21:53:19.072,0.75341,0.75362,1.00,1.01
2016.03.23 21:53:19.174,0.75339,0.75362,1.00,1.84
2016.03.23 21:53:19.477,0.75339,0.75359,1.00,1.15
2016.03.23 21:53:19.528,0.75339,0.75359,1.00,1.00
2016.03.23 21:53:19.733,0.75339,0.75359,1.00,1.20
2016.03.23 21:53:20.438,0.75338,0.75359,1.00,2.25
2016.03.23 21:53:20.809,0.75338,0.75359,1.00,1.65
2016.03.23 21:53:20.918,0.75338,0.75359,1.00,1.65
2016.03.23 21:53:21.222,0.75339,0.7536,1.00,2.25
2016.03.23 21:53:22.373,0.75338,0.75358,1.00,1.20
2016.03.23 21:53:22.475,0.75338,0.75358,1.00,1.07
2016.03.23 21:53:22.576,0.75338,0.7536,1.50,2.25
2016.03.23 21:53:22.905,0.75338,0.75359,1.00,1.65
2016.03.23 21:53:22.956,0.75338,0.75356,1.00,1.00
2016.03.23 21:53:23.158,0.75336,0.75358,1.50,1.10
2016.03.23 21:53:23.260,0.75338,0.75357,1.50,1.15
2016.03.23 21:53:23.361,0.75338,0.75357,1.00,1.00
2016.03.23 21:53:23.918,0.75338,0.75358,1.50,1.00
2016.03.23 21:53:24.579,0.75338,0.75357,1.50,1.00
2016.03.23 21:53:24.799,0.75338,0.75359,1.00,1.00
2016.03.23 21:53:25.305,0.75339,0.7536,1.00,1.17
2016.03.23 21:53:25.659,0.75337,0.75358,1.00,1.65
2016.03.23 21:53:25.862,0.75337,0.75358,1.00,1.10
2016.03.23 21:53:26.397,0.75338,0.75357,1.00,1.00
2016.03.23 21:53:26.448,0.75338,0.75357,1.00,1.15
2016.03.23 21:53:26.873,0.75336,0.75357,1.00,1.15
2016.03.23 21:53:26.975,0.75336,0.75356,1.00,1.87
2016.03.23 21:53:27.332,0.75334,0.75356,1.00,1.75
2016.03.23 21:53:27.434,0.75329,0.75352,1.00,1.12
2016.03.23 21:53:27.536,0.7533,0.75353,1.00,2.25
2016.03.23 21:53:27.638,0.7533,0.75353,1.17,1.17
2016.03.23 21:53:27.790,0.75327,0.7535,1.50,1.00
2016.03.23 21:53:27.892,0.75327,0.75347,1.00,1.00
2016.03.23 21:53:27.993,0.75326,0.75347,2.25,1.15
2016.03.23 21:53:28.095,0.75327,0.75347,1.00,1.20
2016.03.23 21:53:28.196,0.75327,0.75347,1.00,1.15
2016.03.23 21:53:28.298,0.75327,0.75348,1.00,1.15
2016.03.23 21:53:29.905,0.75327,0.75348,1.00,1.65
2016.03.23 21:53:30.455,0.75327,0.75347,1.00,1.00
2016.03.23 21:53:31.075,0.75327,0.75348,1.00,1.15
2016.03.23 21:53:31.600,0.75327,0.75348,1.20,1.00
2016.03.23 21:53:31.904,0.75331,0.75346,1.00,1.50
2016.03.23 21:53:32.410,0.75328,0.75347,1.50,1.50
2016.03.23 21:53:32.714,0.75329,0.75349,1.20,1.00
2016.03.23 21:53:33.254,0.75329,0.75348,1.20,1.00
2016.03.23 21:53:34.616,0.75329,0.75349,1.20,1.00
2016.03.23 21:53:34.675,0.75329,0.75345,1.00,1.10
2016.03.23 21:53:35.180,0.75328,0.75347,1.00,1.17
2016.03.23 21:53:39.880,0.75328,0.75347,1.00,1.17
2016.03.23 21:53:41.636,0.75328,0.75347,1.00,1.17
2016.03.23 21:53:42.299,0.75328,0.75347,1.00,1.17
2016.03.23 21:53:45.496,0.75328,0.75345,1.00,1.00
2016.03.23 21:53:46.846,0.75328,0.75347,1.10,1.00
2016.03.23 21:53:47.335,0.75331,0.75346,1.00,1.50
2016.03.23 21:53:47.437,0.75331,0.75348,1.00,1.00
2016.03.23 21:53:47.690,0.75328,0.75347,1.00,1.00
2016.03.23 21:53:47.741,0.75328,0.7535,1.00,1.17
2016.03.23 21:53:48.330,0.75328,0.7535,1.10,1.10
2016.03.23 21:53:49.944,0.75328,0.75348,1.10,1.00
2016.03.23 21:53:50.252,0.75328,0.75348,1.50,1.00
2016.03.23 21:53:51.006,0.75328,0.75347,1.50,1.00
2016.03.23 21:53:51.108,0.7533,0.75348,1.57,1.00
2016.03.23 21:53:51.292,0.7533,0.75349,1.65,1.00
2016.03.23 21:53:51.609,0.75333,0.75353,1.00,1.75
2016.03.23 21:53:51.762,0.7533,0.75351,1.00,1.50
2016.03.23 21:53:52.016,0.75328,0.75352,1.00,2.25
2016.03.23 21:53:52.067,0.75329,0.75352,1.75,1.00
2016.03.23 21:53:52.168,0.75329,0.75351,1.20,1.00
2016.03.23 21:53:52.270,0.75329,0.7535,1.00,1.50
2016.03.23 21:53:52.523,0.75328,0.7535,1.10,1.17
2016.03.23 21:53:52.625,0.7533,0.75352,1.00,1.75
2016.03.23 21:53:52.727,0.7533,0.7535,1.00,1.15
2016.03.23 21:53:53.132,0.75331,0.75351,1.00,1.07
2016.03.23 21:53:53.297,0.75329,0.75351,1.00,1.37
2016.03.23 21:53:53.399,0.75329,0.75352,1.00,1.50
2016.03.23 21:53:53.500,0.7533,0.75352,1.00,1.75
2016.03.23 21:53:53.602,0.75329,0.75351,1.20,1.00
2016.03.23 21:53:53.704,0.75329,0.7535,1.00,1.95
2016.03.23 21:53:53.856,0.75328,0.75349,1.00,1.57
2016.03.23 21:53:53.958,0.75328,0.75349,1.00,1.20
2016.03.23 21:53:54.161,0.75328,0.75348,1.00,1.00
2016.03.23 21:53:54.688,0.75328,0.75349,1.00,1.20
2016.03.23 21:53:54.740,0.7533,0.7535,1.00,1.15
2016.03.23 21:53:54.841,0.75328,0.7535,1.00,1.15
2016.03.23 21:53:54.944,0.75329,0.75348,1.00,1.15
2016.03.23 21:53:55.275,0.75328,0.75348,1.50,1.00
2016.03.23 21:53:55.428,0.75328,0.7535,1.20,1.00
2016.03.23 21:53:55.479,0.7533,0.7535,1.00,1.15
2016.03.23 21:53:55.581,0.7533,0.75351,1.10,1.07
2016.03.23 21:53:55.683,0.7533,0.7535,1.00,1.15
2016.03.23 21:53:57.672,0.75328,0.7535,1.00,1.15
2016.03.23 21:53:58.178,0.75327,0.75347,1.50,1.20
2016.03.23 21:53:58.331,0.75327,0.75346,1.95,1.00
2016.03.23 21:53:58.433,0.75327,0.75349,2.70,1.00
2016.03.23 21:53:58.839,0.75331,0.75353,1.00,1.15
2016.03.23 21:53:58.890,0.75331,0.75353,1.15,1.00
2016.03.23 21:53:59.231,0.75332,0.75354,1.00,1.20
2016.03.23 21:53:59.536,0.75331,0.7535,1.00,1.15
2016.03.23 21:53:59.587,0.75329,0.7535,1.00,1.15
2016.03.23 21:53:59.891,0.75329,0.75353,1.00,1.95
2016.03.23 21:54:00.094,0.75329,0.75352,1.00,1.65
2016.03.23 21:54:00.246,0.75331,0.75351,1.00,1.07
2016.03.23 21:54:00.347,0.75328,0.75353,1.00,1.50
2016.03.23 21:54:00.449,0.75328,0.75351,1.00,1.20
2016.03.23 21:54:00.550,0.75328,0.7535,1.15,1.00
2016.03.23 21:54:00.879,0.75328,0.7535,1.10,1.10
2016.03.23 21:54:00.981,0.75328,0.7535,1.20,1.00
2016.03.23 21:54:01.286,0.75328,0.75347,1.20,1.00
2016.03.23 21:54:01.822,0.75328,0.75346,1.95,1.00
2016.03.23 21:54:02.324,0.75328,0.75347,1.20,1.00
2016.03.23 21:54:02.754,0.75329,0.75349,1.65,1.00
2016.03.23 21:54:03.207,0.75329,0.75351,1.10,1.17
2016.03.23 21:54:03.461,0.75329,0.75348,1.00,1.00
2016.03.23 21:54:03.967,0.75328,0.75347,1.15,1.00
2016.03.23 21:54:04.169,0.75327,0.75349,1.00,1.65
2016.03.23 21:54:05.596,0.75327,0.75348,1.00,1.57
2016.03.23 21:54:05.798,0.75327,0.75348,1.00,1.65
2016.03.23 21:54:06.379,0.75327,0.75347,1.00,1.00
2016.03.23 21:54:06.904,0.75327,0.75346,1.00,1.07
2016.03.23 21:54:07.449,0.75327,0.75347,1.00,1.65
2016.03.23 21:54:08.101,0.75327,0.75347,1.00,1.50
2016.03.23 21:54:08.856,0.75327,0.75348,1.50,1.00
2016.03.23 21:54:09.855,0.75327,0.75347,1.50,1.00
2016.03.23 21:54:10.366,0.75327,0.75348,1.50,1.50
2016.03.23 21:54:11.938,0.75327,0.75346,1.50,1.00
2016.03.23 21:54:12.141,0.75327,0.75348,1.50,1.00
2016.03.23 21:54:12.647,0.75327,0.75346,1.50,1.50
2016.03.23 21:54:13.179,0.75327,0.75347,1.50,1.00
2016.03.23 21:54:13.398,0.75328,0.75351,1.00,1.17
2016.03.23 21:54:13.500,0.75328,0.75352,1.00,1.50
2016.03.23 21:54:13.805,0.75332,0.75354,1.00,1.75
2016.03.23 21:54:13.856,0.75332,0.75354,1.00,1.20
2016.03.23 21:54:14.382,0.75331,0.75354,1.00,1.20
2016.03.23 21:54:15.313,0.75332,0.75355,1.00,2.25
2016.03.23 21:54:15.416,0.75334,0.75356,1.00,2.25
2016.03.23 21:54:17.795,0.75334,0.75355,1.00,1.95
2016.03.23 21:54:21.445,0.75333,0.75356,1.00,1.45
2016.03.23 21:54:23.193,0.75333,0.75356,1.00,1.15
2016.03.23 21:54:23.710,0.75333,0.75358,1.00,1.95
2016.03.23 21:54:31.136,0.75335,0.75358,1.00,1.95
2016.03.23 21:54:41.263,0.75334,0.75357,1.00,1.15
2016.03.23 21:54:45.853,0.75334,0.75359,1.00,1.87
2016.03.23 21:54:51.380,0.75334,0.75356,1.00,1.10
2016.03.23 21:54:51.481,0.75334,0.75357,1.00,1.50
2016.03.23 21:54:53.119,0.75332,0.75357,1.00,1.50
2016.03.23 21:54:54.795,0.7533,0.75355,1.00,1.50
2016.03.23 21:54:55.301,0.75329,0.75352,1.00,1.15
2016.03.23 21:54:59.206,0.75331,0.75355,1.00,2.25
2016.03.23 21:55:02.370,0.7533,0.75354,1.00,1.50
2016.03.23 21:55:02.886,0.7533,0.75353,1.00,1.15
2016.03.23 21:55:09.304,0.75331,0.75355,1.00,1.50
2016.03.23 21:55:09.737,0.75333,0.75355,1.00,1.50
2016.03.23 21:55:11.483,0.75331,0.75355,1.00,1.87
2016.03.23 21:55:11.737,0.75333,0.75356,1.00,4.50
2016.03.23 21:55:12.344,0.75332,0.75355,1.00,2.25
2016.03.23 21:55:13.177,0.75331,0.75353,1.00,1.95
2016.03.23 21:55:13.700,0.75332,0.75356,1.00,1.12
2016.03.23 21:55:16.344,0.75332,0.75355,1.00,1.50
2016.03.23 21:55:19.311,0.75331,0.75356,1.00,1.75
2016.03.23 21:55:19.864,0.75331,0.75355,1.00,1.20
2016.03.23 21:55:29.761,0.7533,0.75355,1.00,1.95
2016.03.23 21:55:30.290,0.7533,0.75355,1.00,1.75
2016.03.23 21:55:31.493,0.7533,0.75355,1.00,1.75
2016.03.23 21:55:32.044,0.75329,0.75353,1.00,1.50
2016.03.23 21:55:36.673,0.75331,0.75354,1.00,1.75
2016.03.23 21:55:38.913,0.75332,0.75355,1.00,1.75
2016.03.23 21:55:39.678,0.75329,0.75352,1.00,1.65
2016.03.23 21:55:39.882,0.75327,0.75346,1.00,1.00
2016.03.23 21:55:39.984,0.75325,0.75345,1.20,1.00
2016.03.23 21:55:42.293,0.75325,0.75343,1.00,1.00
2016.03.23 21:55:42.882,0.75325,0.75342,1.00,1.00
2016.03.23 21:55:43.446,0.75325,0.75343,1.00,1.00
2016.03.23 21:55:43.824,0.75328,0.75347,1.00,1.17
2016.03.23 21:55:44.336,0.75328,0.75347,1.00,1.57
2016.03.23 21:55:44.386,0.75326,0.75347,1.00,1.10
2016.03.23 21:55:45.187,0.75327,0.75343,1.00,1.00
2016.03.23 21:55:45.720,0.75326,0.75344,1.00,1.00
2016.03.23 21:55:48.333,0.75327,0.75343,1.00,1.00
2016.03.23 21:55:49.243,0.75326,0.75347,1.00,1.20
2016.03.23 21:55:49.535,0.75327,0.75351,1.10,1.20
2016.03.23 21:55:49.586,0.7533,0.75353,1.00,1.95
2016.03.23 21:55:49.992,0.7533,0.75353,1.00,1.20
2016.03.23 21:55:50.093,0.75332,0.75355,1.00,1.95
2016.03.23 21:55:50.559,0.7533,0.75355,1.00,1.95
2016.03.23 21:55:50.661,0.7533,0.75355,1.00,2.25
2016.03.23 21:55:50.914,0.75329,0.75354,1.65,1.20
2016.03.23 21:55:51.950,0.7533,0.75355,1.10,2.70
2016.03.23 21:55:52.102,0.75328,0.75353,1.00,1.50
2016.03.23 21:55:52.304,0.7533,0.75353,1.00,1.47
2016.03.23 21:55:52.816,0.75329,0.75353,1.00,1.75
2016.03.23 21:55:53.237,0.75328,0.75353,1.50,1.15
2016.03.23 21:55:53.288,0.75331,0.75354,1.00,1.95
2016.03.23 21:55:53.339,0.75331,0.75354,1.00,1.15
2016.03.23 21:55:57.787,0.75329,0.75354,1.00,1.15
2016.03.23 21:55:59.934,0.7533,0.75354,1.00,1.15
2016.03.23 21:56:00.137,0.75331,0.75354,1.00,1.10
2016.03.23 21:56:00.441,0.75333,0.75354,1.00,1.00
2016.03.23 21:56:00.542,0.75333,0.75358,2.25,1.65
2016.03.23 21:56:01.055,0.75333,0.75358,2.25,1.65
2016.03.23 21:56:01.959,0.75334,0.75358,1.50,1.65
2016.03.23 21:56:08.787,0.75334,0.75354,1.00,1.00
2016.03.23 21:56:08.838,0.75331,0.75354,1.50,1.00
2016.03.23 21:56:09.368,0.7533,0.75354,1.65,1.00
2016.03.23 21:56:10.282,0.7533,0.75354,1.57,1.12
2016.03.23 21:56:10.812,0.75329,0.75354,1.10,1.15
2016.03.23 21:56:16.652,0.75329,0.75354,1.00,1.45
2016.03.23 21:56:16.958,0.75329,0.75352,1.50,1.45
2016.03.23 21:56:17.491,0.75328,0.75353,1.32,1.50
2016.03.23 21:56:17.804,0.75328,0.75353,1.69,1.87
2016.03.23 21:56:17.855,0.75328,0.75353,1.69,1.50
2016.03.23 21:56:18.205,0.75328,0.75353,1.69,1.87
2016.03.23 21:56:18.307,0.75329,0.75353,1.00,1.75
2016.03.23 21:56:18.610,0.75329,0.75353,1.00,1.87
2016.03.23 21:56:18.864,0.75327,0.75352,2.44,1.87
2016.03.23 21:56:20.711,0.75327,0.75352,2.44,1.75
2016.03.23 21:56:20.762,0.7533,0.75352,1.00,1.75
2016.03.23 21:56:21.764,0.75329,0.75352,1.50,1.75
2016.03.23 21:56:24.606,0.7533,0.75353,1.00,1.87
2016.03.23 21:56:25.121,0.75329,0.75353,1.00,1.87
2016.03.23 21:56:25.629,0.7533,0.75355,1.10,5.32
2016.03.23 21:56:25.680,0.7533,0.75355,1.20,1.65
2016.03.23 21:56:25.781,0.7533,0.75352,1.00,1.37
2016.03.23 21:56:26.343,0.75329,0.75354,3.15,1.00
2016.03.23 21:56:26.977,0.75331,0.75354,1.00,1.00
2016.03.23 21:56:29.734,0.75331,0.75354,1.10,1.07
2016.03.23 21:56:30.981,0.75332,0.75354,1.00,1.07
2016.03.23 21:56:31.408,0.7533,0.75354,1.00,1.45
2016.03.23 21:56:31.712,0.75328,0.75353,2.25,1.87
2016.03.23 21:56:32.405,0.75329,0.75352,1.00,1.12
2016.03.23 21:56:32.608,0.7533,0.75353,1.10,1.00
2016.03.23 21:56:34.160,0.7533,0.75353,1.57,1.10
2016.03.23 21:56:50.985,0.75331,0.75354,1.50,1.47
2016.03.23 21:56:51.289,0.7533,0.75353,1.50,1.00
2016.03.23 21:56:51.391,0.75333,0.75355,1.17,1.00
2016.03.23 21:56:59.858,0.75333,0.75354,1.15,1.00
2016.03.23 21:57:04.571,0.75333,0.75356,1.15,1.00
2016.03.23 21:57:11.093,0.75333,0.75355,1.07,1.00
2016.03.23 21:57:11.195,0.75332,0.75355,1.00,1.00
2016.03.23 21:57:11.448,0.75332,0.75355,1.12,1.10
2016.03.23 21:57:11.759,0.75334,0.75357,1.95,1.00
2016.03.23 21:57:11.968,0.75334,0.75357,1.10,1.10
2016.03.23 21:57:12.221,0.75333,0.75356,1.07,1.07
2016.03.23 21:57:12.373,0.75332,0.75356,1.10,1.12
2016.03.23 21:57:14.264,0.75333,0.75357,1.50,1.50
2016.03.23 21:57:14.417,0.75334,0.75357,1.87,1.10
2016.03.23 21:57:14.721,0.75337,0.75359,1.65,1.10
2016.03.23 21:57:15.141,0.75336,0.75355,1.00,1.00
2016.03.23 21:57:15.192,0.75333,0.75355,1.00,1.00
2016.03.23 21:57:15.704,0.75332,0.75354,1.50,1.00
2016.03.23 21:57:20.110,0.75332,0.75354,1.50,1.07
2016.03.23 21:57:20.566,0.75332,0.75355,1.50,1.45
2016.03.23 21:57:25.485,0.75332,0.75355,1.00,1.12
2016.03.23 21:57:25.587,0.75334,0.75355,1.00,1.00
2016.03.23 21:57:29.765,0.75332,0.75355,1.00,1.00
2016.03.23 21:57:31.809,0.7533,0.75355,1.57,1.00
2016.03.23 21:57:31.860,0.75332,0.75355,1.00,1.00
2016.03.23 21:57:34.088,0.75332,0.75355,1.00,1.07
2016.03.23 21:57:34.393,0.7533,0.75353,1.00,1.50
2016.03.23 21:57:34.444,0.7533,0.75353,1.00,1.50
2016.03.23 21:57:34.959,0.75328,0.75353,1.57,1.20
2016.03.23 21:57:35.943,0.75328,0.75353,1.00,1.45
2016.03.23 21:57:36.446,0.75327,0.75352,1.00,1.20
2016.03.23 21:57:44.663,0.75327,0.75352,1.07,1.15
2016.03.23 21:57:44.865,0.75327,0.75352,2.40,1.17
2016.03.23 21:57:47.044,0.75329,0.75352,1.00,1.15
2016.03.23 21:57:47.592,0.75328,0.75351,1.00,1.17
2016.03.23 21:57:51.339,0.7533,0.75353,1.17,1.10
2016.03.23 21:57:51.876,0.75332,0.75355,1.00,1.17
2016.03.23 21:57:59.038,0.75332,0.75355,1.07,1.10
2016.03.23 21:57:59.240,0.75334,0.75357,1.57,1.00
2016.03.23 21:57:59.770,0.75334,0.75358,1.65,1.00
2016.03.23 21:58:00.322,0.75335,0.75357,1.20,1.00
2016.03.23 21:58:01.754,0.75334,0.75358,1.15,1.50
2016.03.23 21:58:02.284,0.75335,0.75357,1.20,1.00
2016.03.23 21:58:02.843,0.75334,0.75358,1.15,1.50
2016.03.23 21:58:04.521,0.75335,0.75357,1.20,1.00
2016.03.23 21:58:05.022,0.75336,0.75357,1.00,1.50
2016.03.23 21:58:11.716,0.75334,0.75357,1.50,1.00
2016.03.23 21:58:11.767,0.75336,0.75359,1.20,1.50
2016.03.23 21:58:11.818,0.75336,0.75359,1.50,1.50
2016.03.23 21:58:12.022,0.75341,0.75362,1.20,1.50
2016.03.23 21:58:12.073,0.75343,0.75362,1.00,1.00
2016.03.23 21:58:12.174,0.75341,0.75366,1.00,1.65
2016.03.23 21:58:12.428,0.75343,0.75366,1.00,1.15
2016.03.23 21:58:15.297,0.75342,0.75363,1.10,1.10
2016.03.23 21:58:15.624,0.7534,0.75363,1.00,1.65
2016.03.23 21:58:15.726,0.75338,0.75363,1.00,1.65
2016.03.23 21:58:15.909,0.75338,0.75363,1.00,2.25
2016.03.23 21:58:17.080,0.75337,0.7536,1.00,1.20
2016.03.23 21:58:17.586,0.75336,0.75359,1.00,1.20
2016.03.23 21:58:22.442,0.75337,0.75359,1.00,1.20
2016.03.23 21:58:22.790,0.75337,0.75359,1.00,1.75
2016.03.23 21:58:25.771,0.75338,0.75361,1.50,2.25
2016.03.23 21:58:25.924,0.75338,0.7536,1.50,1.15
2016.03.23 21:58:25.975,0.7534,0.75362,1.00,1.95
2016.03.23 21:58:26.486,0.75341,0.75362,1.00,1.95
2016.03.23 21:58:27.029,0.75342,0.75362,1.00,1.15
2016.03.23 21:58:27.081,0.7534,0.75362,1.00,1.15
2016.03.23 21:58:29.209,0.7534,0.75362,1.00,1.15
2016.03.23 21:58:29.260,0.75342,0.75362,1.00,1.15
2016.03.23 21:58:29.579,0.75344,0.75364,1.00,1.50
2016.03.23 21:58:30.167,0.75344,0.75364,1.00,1.15
2016.03.23 21:58:31.360,0.75346,0.75365,1.00,1.15
2016.03.23 21:58:31.461,0.75343,0.75364,1.00,1.15
2016.03.23 21:58:31.512,0.75343,0.75364,1.00,1.17
2016.03.23 21:58:31.716,0.75342,0.75362,1.00,1.15
2016.03.23 21:58:31.965,0.7534,0.75364,1.00,1.20
2016.03.23 21:58:32.117,0.75338,0.7536,1.00,1.10
2016.03.23 21:58:32.168,0.75338,0.75362,1.00,2.25
2016.03.23 21:58:32.674,0.7534,0.75361,1.00,1.20
2016.03.23 21:58:33.787,0.75338,0.7536,1.00,1.50
2016.03.23 21:58:34.318,0.75337,0.75359,1.00,1.45
2016.03.23 21:58:45.132,0.75335,0.7536,1.00,2.70
2016.03.23 21:58:45.661,0.75336,0.7536,1.00,2.70
2016.03.23 21:58:45.864,0.75334,0.75358,1.00,1.15
2016.03.23 21:58:45.915,0.75334,0.75354,1.00,1.00
2016.03.23 21:58:46.017,0.75332,0.75354,1.00,1.57
2016.03.23 21:58:46.523,0.75331,0.75354,2.25,1.10
2016.03.23 21:58:46.574,0.75334,0.75355,1.00,1.17
2016.03.23 21:58:47.102,0.75333,0.75355,1.00,1.17
2016.03.23 21:58:47.557,0.75335,0.75356,1.00,1.20
2016.03.23 21:58:47.810,0.75333,0.75356,1.00,1.15
2016.03.23 21:58:50.224,0.75333,0.75356,1.00,3.00
2016.03.23 21:58:50.731,0.75334,0.75356,1.50,3.00
2016.03.23 21:58:51.287,0.75333,0.75356,1.00,1.50
2016.03.23 21:58:51.818,0.75332,0.75356,2.25,2.25
2016.03.23 21:58:53.111,0.75333,0.75355,1.50,1.15
2016.03.23 21:58:53.464,0.75333,0.75355,1.19,1.15
2016.03.23 21:58:53.782,0.75339,0.75357,1.00,1.84
2016.03.23 21:58:53.934,0.75337,0.75357,1.50,1.84
2016.03.23 21:58:54.740,0.75337,0.75357,1.50,2.14
2016.03.23 21:58:57.231,0.75338,0.75357,1.00,2.89
2016.03.23 21:58:59.632,0.75337,0.75357,1.50,2.14
2016.03.23 21:59:02.415,0.75338,0.75357,1.00,2.89
2016.03.23 21:59:05.118,0.75337,0.75353,1.50,0.10
2016.03.23 21:59:07.141,0.75338,0.75355,0.75,0.26
2016.03.23 21:59:07.362,0.7534,0.75359,0.75,0.26
2016.03.23 21:59:07.874,0.75342,0.7536,0.75,0.10
2016.03.23 21:59:08.379,0.75342,0.75363,0.75,0.82
2016.03.23 21:59:08.683,0.75345,0.75363,0.75,0.90
2016.03.23 21:59:10.989,0.75344,0.75363,0.75,0.75
2016.03.23 21:59:11.536,0.75345,0.75363,0.75,0.75
2016.03.23 21:59:11.850,0.75343,0.75363,0.82,0.75
2016.03.23 21:59:12.743,0.75347,0.75363,0.75,0.75
2016.03.23 21:59:13.047,0.75347,0.75355,0.75,0.75
2016.03.23 21:59:13.518,0.75344,0.75355,0.75,0.75
2016.03.23 21:59:15.014,0.75347,0.75355,0.75,0.75
2016.03.23 21:59:22.407,0.75346,0.75355,0.75,0.75
2016.03.23 21:59:30.323,0.75343,0.75355,0.75,0.75
2016.03.23 21:59:32.705,0.75339,0.75355,1.50,0.75
2016.03.23 21:59:34.466,0.75341,0.75355,0.75,0.75
2016.03.23 21:59:35.595,0.75342,0.75359,0.75,0.75
2016.03.23 21:59:36.155,0.75343,0.75359,0.75,0.75
2016.03.23 21:59:37.775,0.75342,0.75359,0.75,0.75
2016.03.23 21:59:41.921,0.75341,0.75359,0.75,0.75
2016.03.23 21:59:44.809,0.7534,0.75359,0.10,0.75
2016.03.23 21:59:46.492,0.75345,0.75359,0.19,0.75
2016.03.23 21:59:54.413,0.75345,0.7536,0.19,0.10
2016.03.23 21:59:54.515,0.75345,0.75362,0.19,1.50
2016.03.23 21:59:55.054,0.75345,0.75361,1.01,0.75
2016.03.23 21:59:57.132,0.75345,0.75362,0.26,1.50
2016.03.23 21:59:59.048,0.75346,0.75361,0.75,0.75
2016.03.23 21:59:59.606,0.75347,0.75362,0.10,1.50
