2008.06.06 03:00:07.205,0.95947,0.95963,1.20,1.70
2008.06.06 03:00:09.090,0.95944,0.95953,1.10,1.50
2008.06.06 03:00:09.258,0.95942,0.95953,1.40,0.94
2008.06.06 03:00:09.625,0.95938,0.95953,2.70,2.40
2008.06.06 03:00:09.762,0.95937,0.95953,1.20,0.96
2008.06.06 03:00:10.093,0.95939,0.95958,1.50,1.50
2008.06.06 03:00:11.396,0.95944,0.9596,0.84,1.60
2008.06.06 03:00:11.796,0.95947,0.9596,2.20,0.89
2008.06.06 03:00:12.179,0.95942,0.95961,1.30,0.99
2008.06.06 03:00:12.410,0.95941,0.95961,1.40,1.00
2008.06.06 03:00:12.985,0.95939,0.95961,1.70,1.70
2008.06.06 03:00:14.875,0.95937,0.95953,0.93,1.20
2008.06.06 03:00:15.427,0.95932,0.95951,1.60,0.82
2008.06.06 03:00:15.641,0.95931,0.95951,0.70,1.30
2008.06.06 03:00:16.273,0.95929,0.95944,1.60,1.60
2008.06.06 03:00:16.621,0.95928,0.95944,1.10,2.30
2008.06.06 03:00:17.032,0.95927,0.95946,1.60,0.78
2008.06.06 03:00:17.522,0.95949,0.95946,0.81,0.85
2008.06.06 03:00:17.691,0.95957,0.95946,0.83,0.72
2008.06.06 03:00:18.145,0.95952,0.95963,1.10,1.40
2008.06.06 03:00:18.455,0.95947,0.95963,1.50,0.88
2008.06.06 03:00:18.712,0.95944,0.95943,1.20,2.10
2008.06.06 03:00:18.785,0.95942,0.95943,1.60,1.40
2008.06.06 03:00:19.156,0.95929,0.95943,1.50,1.50
2008.06.06 03:00:19.923,0.95927,0.95943,1.00,1.20
2008.06.06 03:00:20.314,0.95922,0.9593,1.70,1.50
2008.06.06 03:00:20.352,0.95912,0.9593,1.30,1.50
2008.06.06 03:00:20.703,0.95918,0.95931,0.78,0.96
2008.06.06 03:00:21.085,0.95912,0.95928,1.20,0.97
2008.06.06 03:00:21.375,0.95909,0.95928,0.90,2.20
2008.06.06 03:00:21.541,0.95915,0.95931,2.20,0.90
2008.06.06 03:00:21.891,0.95914,0.95931,2.10,1.40
2008.06.06 03:00:22.150,0.95909,0.95926,1.00,1.30
2008.06.06 03:00:22.763,0.959,0.95921,1.20,1.30
2008.06.06 03:00:23.323,0.95902,0.95921,1.40,0.81
2008.06.06 03:00:23.336,0.95906,0.95926,1.20,1.50
2008.06.06 03:00:23.974,0.95904,0.95926,0.76,1.10
2008.06.06 03:00:24.206,0.95917,0.95926,2.60,0.93
2008.06.06 03:00:24.798,0.95914,0.95923,1.50,0.88
2008.06.06 03:00:25.038,0.95912,0.95923,1.00,1.00
2008.06.06 03:00:25.364,0.95901,0.95923,1.10,0.89
2008.06.06 03:00:25.536,0.95904,0.95923,1.90,0.84
2008.06.06 03:00:25.675,0.95905,0.95926,2.50,2.80
2008.06.06 03:00:25.853,0.95914,0.95931,1.10,1.30
2008.06.06 03:00:26.186,0.95917,0.95931,0.94,1.60
2008.06.06 03:00:26.585,0.95912,0.95931,2.40,1.30
2008.06.06 03:00:26.759,0.95909,0.95931,1.10,0.86
2008.06.06 03:00:27.381,0.95914,0.95933,1.30,2.10
2008.06.06 03:00:28.024,0.95917,0.95933,1.20,1.00
2008.06.06 03:00:28.394,0.95914,0.95933,1.20,1.00
2008.06.06 03:00:28.588,0.95912,0.95931,1.40,1.50
2008.06.06 03:00:28.663,0.95909,0.95931,0.54,1.30
2008.06.06 03:00:28.814,0.95908,0.95929,0.92,2.10
2008.06.06 03:00:29.323,0.95912,0.95933,1.20,2.00
2008.06.06 03:00:29.525,0.95917,0.95933,2.30,1.30
2008.06.06 03:00:30.035,0.95912,0.95929,1.60,1.50
2008.06.06 03:00:30.509,0.95909,0.95929,1.50,0.59
2008.06.06 03:00:31.939,0.95908,0.95929,1.20,0.93
2008.06.06 03:00:32.067,0.95909,0.95929,1.10,0.78
2008.06.06 03:00:32.352,0.95912,0.95933,1.70,2.10
2008.06.06 03:00:32.851,0.95917,0.95933,0.71,1.70
2008.06.06 03:00:33.276,0.95912,0.95923,0.65,1.10
2008.06.06 03:00:33.983,0.95907,0.95923,1.90,1.60
2008.06.06 03:00:44.300,0.95909,0.9593,1.40,0.98
2008.06.06 03:00:45.402,0.95907,0.95929,1.60,1.30
2008.06.06 03:00:45.709,0.95908,0.95929,1.30,1.10
2008.06.06 03:00:46.989,0.95909,0.95931,1.20,1.10
2008.06.06 03:00:48.349,0.95908,0.95929,1.90,0.73
2008.06.06 03:00:50.306,0.95907,0.95929,0.97,2.00
2008.06.06 03:00:52.708,0.95909,0.95931,0.99,2.50
2008.06.06 03:00:53.099,0.95909,0.95931,1.20,1.20
2008.06.06 03:00:53.429,0.95907,0.95929,0.88,1.50
2008.06.06 03:00:53.974,0.95908,0.95929,0.70,2.90
2008.06.06 03:00:58.540,0.95908,0.95929,1.90,2.00
2008.06.06 03:01:00.839,0.95907,0.95929,0.77,1.00
2008.06.06 03:01:08.937,0.95908,0.95929,1.30,1.40
2008.06.06 03:01:10.106,0.95907,0.95928,0.96,1.10
2008.06.06 03:01:10.880,0.95905,0.95924,2.60,0.59
2008.06.06 03:01:11.080,0.959,0.95921,1.20,1.20
2008.06.06 03:01:11.513,0.95901,0.95923,2.00,2.10
2008.06.06 03:01:11.943,0.95904,0.95923,1.30,1.50
2008.06.06 03:01:12.170,0.95907,0.95923,3.00,1.00
2008.06.06 03:01:12.539,0.95904,0.95921,0.80,1.10
2008.06.06 03:01:12.776,0.95901,0.95921,1.90,1.40
2008.06.06 03:01:13.389,0.95904,0.95923,1.20,1.30
2008.06.06 03:01:13.989,0.95907,0.95923,1.50,1.30
2008.06.06 03:01:14.240,0.95904,0.95921,0.98,1.50
2008.06.06 03:01:14.525,0.95901,0.95921,3.00,1.10
2008.06.06 03:01:15.467,0.95907,0.95923,0.99,1.10
2008.06.06 03:01:16.286,0.95904,0.95923,0.95,1.40
2008.06.06 03:01:16.556,0.95901,0.95921,0.48,1.90
2008.06.06 03:01:16.719,0.959,0.95921,1.70,0.73
2008.06.06 03:01:17.537,0.95901,0.95923,0.94,1.70
2008.06.06 03:01:18.709,0.95907,0.95923,2.10,1.20
2008.06.06 03:01:20.169,0.95911,0.9593,0.89,0.92
2008.06.06 03:01:20.563,0.95912,0.95931,0.63,1.40
2008.06.06 03:01:21.705,0.95917,0.95931,1.30,2.30
2008.06.06 03:01:23.259,0.95914,0.95926,2.30,2.20
2008.06.06 03:01:23.366,0.95911,0.95926,1.60,1.00
2008.06.06 03:01:23.780,0.95909,0.95929,1.90,0.95
2008.06.06 03:01:24.038,0.95908,0.95929,1.30,2.40
2008.06.06 03:01:26.492,0.95917,0.95929,0.93,1.90
2008.06.06 03:01:27.301,0.95921,0.95933,0.99,1.60
2008.06.06 03:01:28.377,0.95927,0.95941,2.20,1.30
2008.06.06 03:01:28.659,0.95929,0.95948,0.91,0.61
2008.06.06 03:01:30.301,0.95927,0.95948,1.00,1.40
2008.06.06 03:01:30.353,0.95926,0.95948,1.90,1.50
2008.06.06 03:01:30.811,0.95929,0.95948,1.90,1.70
2008.06.06 03:01:31.216,0.95932,0.95953,3.30,4.00
2008.06.06 03:01:31.977,0.95929,0.95951,1.30,1.40
2008.06.06 03:01:32.293,0.95928,0.95948,1.20,2.10
2008.06.06 03:01:32.662,0.95927,0.95948,1.50,0.74
2008.06.06 03:01:32.995,0.95926,0.95948,0.78,0.78
2008.06.06 03:01:36.870,0.95931,0.95948,1.60,2.90
2008.06.06 03:01:43.592,0.95929,0.95949,2.30,2.30
2008.06.06 03:01:44.784,0.95931,0.9595,0.68,0.98
2008.06.06 03:01:49.009,0.95937,0.95953,0.88,2.80
2008.06.06 03:01:51.167,0.95934,0.95953,2.20,1.10
2008.06.06 03:01:52.257,0.95931,0.95951,2.20,0.94
2008.06.06 03:01:58.236,0.95937,0.95953,0.61,1.70
2008.06.06 03:01:58.741,0.95934,0.95943,1.90,1.10
2008.06.06 03:01:59.072,0.95927,0.95943,2.50,1.40
2008.06.06 03:02:02.203,0.95922,0.95943,0.35,1.40
2008.06.06 03:02:02.627,0.95921,0.95941,1.20,1.90
2008.06.06 03:02:02.916,0.9592,0.95939,1.20,1.30
2008.06.06 03:02:03.901,0.95919,0.95933,1.60,0.95
2008.06.06 03:02:04.159,0.95917,0.95933,2.10,1.50
2008.06.06 03:02:04.754,0.95914,0.95933,2.00,1.30
2008.06.06 03:02:05.062,0.95917,0.95933,1.90,2.00
2008.06.06 03:02:06.913,0.95914,0.95933,0.52,1.80
2008.06.06 03:02:07.165,0.95912,0.95933,1.50,0.97
2008.06.06 03:02:07.741,0.95914,0.95933,1.50,1.10
2008.06.06 03:02:08.197,0.95917,0.95933,1.30,1.10
2008.06.06 03:02:08.385,0.95916,0.95933,0.71,1.50
2008.06.06 03:02:08.722,0.95914,0.95933,0.77,0.50
2008.06.06 03:02:08.787,0.95911,0.95933,0.74,0.53
2008.06.06 03:02:09.248,0.95914,0.95933,1.30,1.10
2008.06.06 03:02:09.743,0.95917,0.95933,2.00,1.40
2008.06.06 03:02:10.283,0.95914,0.95933,1.30,1.10
2008.06.06 03:02:10.783,0.95912,0.95933,0.69,1.60
2008.06.06 03:02:12.395,0.95914,0.95933,2.60,1.10
2008.06.06 03:02:12.659,0.95917,0.95933,1.00,1.50
2008.06.06 03:02:22.121,0.95919,0.95939,1.10,0.78
2008.06.06 03:02:22.610,0.95922,0.9594,0.92,1.10
2008.06.06 03:02:22.916,0.95927,0.9594,0.56,1.30
2008.06.06 03:02:41.157,0.95937,0.95949,1.70,3.40
2008.06.06 03:02:41.536,0.95929,0.95943,2.00,1.60
2008.06.06 03:02:46.378,0.95934,0.95953,2.50,1.60
2008.06.06 03:02:46.855,0.95931,0.95951,2.70,2.10
2008.06.06 03:02:47.612,0.95929,0.95949,1.70,1.10
2008.06.06 03:02:50.936,0.95928,0.95949,1.20,1.10
2008.06.06 03:02:51.689,0.95929,0.95951,1.40,1.30
2008.06.06 03:02:53.496,0.95928,0.95949,1.20,0.96
2008.06.06 03:02:54.533,0.95929,0.95951,2.30,0.80
2008.06.06 03:02:56.875,0.95928,0.95949,1.40,1.40
2008.06.06 03:03:09.577,0.95929,0.95951,1.10,1.60
2008.06.06 03:03:11.585,0.95928,0.95949,1.80,0.83
2008.06.06 03:03:43.109,0.95929,0.95951,1.00,1.90
2008.06.06 03:03:43.413,0.9593,0.95951,1.20,1.50
2008.06.06 03:03:43.993,0.95931,0.95953,1.30,0.80
2008.06.06 03:04:03.010,0.95928,0.95953,0.93,1.30
2008.06.06 03:04:15.017,0.95925,0.95944,0.67,1.20
2008.06.06 03:04:19.286,0.95922,0.95944,1.70,1.60
2008.06.06 03:04:19.934,0.95919,0.95938,1.30,2.00
2008.06.06 03:04:20.325,0.95922,0.95941,1.00,0.85
2008.06.06 03:04:20.470,0.95921,0.95936,2.90,0.87
2008.06.06 03:04:20.976,0.95918,0.95936,1.30,2.10
2008.06.06 03:04:21.118,0.95917,0.95938,1.10,1.00
2008.06.06 03:04:27.657,0.95919,0.95938,2.40,1.50
2008.06.06 03:04:34.423,0.95918,0.95933,1.20,1.00
2008.06.06 03:04:34.529,0.95917,0.95933,1.40,1.30
2008.06.06 03:04:35.025,0.95914,0.95931,1.10,2.50
2008.06.06 03:04:35.847,0.9591,0.95931,1.30,0.81
2008.06.06 03:04:36.046,0.95909,0.95931,1.60,1.20
2008.06.06 03:04:41.991,0.95912,0.95934,1.70,1.30
2008.06.06 03:04:42.425,0.95914,0.95936,2.20,0.59
2008.06.06 03:04:43.373,0.95916,0.95938,2.00,0.99
2008.06.06 03:04:45.363,0.95914,0.95936,2.70,0.86
2008.06.06 03:05:29.143,0.95912,0.95934,2.60,1.20
2008.06.06 03:05:29.689,0.95914,0.95934,2.30,0.83
2008.06.06 03:05:30.651,0.95917,0.95934,1.30,1.10
2008.06.06 03:05:31.276,0.95911,0.95923,1.50,1.20
2008.06.06 03:05:31.640,0.95907,0.95923,0.68,0.59
2008.06.06 03:05:33.054,0.95909,0.95923,1.40,1.20
2008.06.06 03:05:33.406,0.95914,0.95923,0.77,1.40
2008.06.06 03:05:33.926,0.95917,0.9593,0.85,1.70
2008.06.06 03:05:34.054,0.95919,0.95938,2.10,1.60
2008.06.06 03:05:38.909,0.95917,0.95936,0.90,1.80
2008.06.06 03:05:39.179,0.95914,0.95936,1.30,1.30
2008.06.06 03:05:41.338,0.95917,0.95936,1.50,1.80
2008.06.06 03:05:41.989,0.95919,0.95938,2.00,2.60
2008.06.06 03:05:52.264,0.95918,0.95939,0.93,1.40
2008.06.06 03:05:53.464,0.95917,0.95933,1.10,0.87
2008.06.06 03:05:53.880,0.95919,0.95933,1.00,1.30
2008.06.06 03:05:54.815,0.95917,0.95938,1.10,0.78
2008.06.06 03:05:57.404,0.95914,0.95933,0.96,1.30
2008.06.06 03:05:59.196,0.95912,0.95933,1.60,3.00
2008.06.06 03:05:59.941,0.95911,0.95933,1.40,1.00
2008.06.06 03:06:01.812,0.95914,0.95936,2.20,3.20
2008.06.06 03:06:36.436,0.95909,0.95931,1.30,1.60
2008.06.06 03:06:37.780,0.95907,0.95923,0.58,0.77
2008.06.06 03:06:46.475,0.95904,0.95923,1.90,1.00
2008.06.06 03:06:47.253,0.959,0.95921,1.10,1.20
2008.06.06 03:06:47.571,0.95899,0.95921,1.40,1.70
2008.06.06 03:06:50.205,0.95898,0.95919,2.90,1.10
2008.06.06 03:06:51.899,0.95897,0.95913,2.40,0.82
2008.06.06 03:06:52.990,0.95899,0.95913,0.47,1.70
2008.06.06 03:06:53.094,0.95897,0.95919,1.80,1.70
2008.06.06 03:06:53.561,0.95898,0.95919,0.74,1.10
2008.06.06 03:06:54.069,0.95897,0.95913,4.00,1.20
2008.06.06 03:06:54.799,0.95899,0.95913,2.30,1.70
2008.06.06 03:06:55.127,0.95897,0.95919,0.87,1.20
2008.06.06 03:06:55.995,0.95898,0.95919,1.60,1.50
2008.06.06 03:06:56.187,0.95897,0.95913,1.20,1.00
2008.06.06 03:07:00.636,0.95899,0.95916,2.00,0.87
2008.06.06 03:07:03.108,0.95898,0.95919,1.50,0.83
2008.06.06 03:07:04.788,0.95897,0.95919,1.50,2.40
2008.06.06 03:07:05.157,0.95899,0.95919,1.10,1.50
2008.06.06 03:07:15.177,0.959,0.95919,1.60,1.20
2008.06.06 03:07:16.880,0.95899,0.95919,2.10,1.30
2008.06.06 03:07:18.187,0.959,0.95919,1.80,1.00
2008.06.06 03:07:20.904,0.95899,0.95919,1.60,0.73
2008.06.06 03:07:32.454,0.959,0.95919,0.66,0.96
2008.06.06 03:07:32.773,0.95901,0.95919,1.80,0.90
2008.06.06 03:07:41.107,0.95904,0.95919,2.00,0.68
2008.06.06 03:07:41.831,0.95907,0.95919,1.20,0.58
2008.06.06 03:07:47.373,0.95908,0.95923,0.97,1.00
2008.06.06 03:07:47.641,0.95907,0.95923,1.10,1.40
2008.06.06 03:07:51.118,0.95909,0.95929,1.60,0.91
2008.06.06 03:07:51.643,0.95917,0.95929,2.00,1.80
2008.06.06 03:07:55.013,0.95914,0.95933,2.60,2.00
2008.06.06 03:07:55.396,0.95912,0.95931,1.40,0.92
2008.06.06 03:07:55.782,0.95909,0.95931,1.50,1.30
2008.06.06 03:07:56.625,0.95917,0.95931,1.10,1.10
2008.06.06 03:07:58.073,0.95914,0.95933,1.90,1.20
2008.06.06 03:07:58.544,0.95912,0.95933,3.10,0.79
2008.06.06 03:07:58.853,0.95911,0.95933,0.96,1.40
2008.06.06 03:07:59.614,0.95909,0.95931,1.40,1.40
2008.06.06 03:08:09.723,0.95914,0.9593,1.10,4.00
2008.06.06 03:08:16.878,0.95912,0.95934,1.90,1.30
2008.06.06 03:08:23.422,0.95917,0.95935,0.43,1.60
2008.06.06 03:08:24.247,0.95912,0.95934,2.00,0.92
2008.06.06 03:08:25.276,0.95917,0.95934,0.73,0.95
2008.06.06 03:08:26.938,0.95914,0.95936,1.90,1.40
2008.06.06 03:08:27.214,0.95917,0.95935,2.80,0.94
2008.06.06 03:08:28.069,0.95914,0.95936,1.20,1.10
2008.06.06 03:08:33.173,0.95912,0.95933,1.80,0.73
2008.06.06 03:08:33.812,0.95911,0.95933,1.10,0.49
2008.06.06 03:08:35.558,0.95909,0.95931,2.00,0.89
2008.06.06 03:08:37.215,0.95908,0.95928,1.70,2.10
2008.06.06 03:08:37.358,0.95907,0.95928,1.30,0.81
2008.06.06 03:08:37.794,0.95906,0.95928,0.61,0.44
2008.06.06 03:08:40.416,0.95905,0.95926,1.10,1.30
2008.06.06 03:08:40.746,0.95904,0.95926,1.90,0.64
2008.06.06 03:08:55.134,0.95909,0.95926,1.40,0.72
2008.06.06 03:08:55.656,0.95912,0.95928,0.34,4.00
2008.06.06 03:08:55.991,0.95917,0.95928,0.68,0.48
2008.06.06 03:08:56.378,0.95914,0.95931,0.64,1.10
2008.06.06 03:08:56.655,0.95909,0.95929,1.20,0.96
2008.06.06 03:08:58.068,0.95907,0.95923,1.20,0.97
2008.06.06 03:08:58.521,0.95905,0.95926,1.40,1.80
2008.06.06 03:08:59.103,0.95904,0.95926,0.75,2.30
2008.06.06 03:08:59.483,0.95905,0.95926,1.00,1.40
2008.06.06 03:08:59.706,0.95904,0.95926,1.50,1.60
2008.06.06 03:09:02.261,0.95901,0.95923,1.30,1.20
2008.06.06 03:09:02.935,0.959,0.95921,1.90,0.98
2008.06.06 03:09:07.893,0.95901,0.95923,1.40,1.50
2008.06.06 03:09:08.358,0.95904,0.95923,1.30,1.10
2008.06.06 03:09:08.631,0.95902,0.95924,2.00,1.20
2008.06.06 03:09:12.222,0.95901,0.95921,1.10,1.40
2008.06.06 03:09:12.835,0.95899,0.95921,1.20,2.20
2008.06.06 03:09:16.349,0.95902,0.95922,1.70,0.86
2008.06.06 03:09:23.274,0.95904,0.95926,3.30,0.78
2008.06.06 03:09:24.744,0.95901,0.95923,1.70,1.00
2008.06.06 03:09:27.402,0.95904,0.95922,0.81,1.00
2008.06.06 03:09:27.705,0.95907,0.95922,0.99,0.31
2008.06.06 03:09:35.442,0.95904,0.95923,2.90,3.80
2008.06.06 03:09:35.918,0.95901,0.95923,0.96,0.64
2008.06.06 03:09:44.383,0.95907,0.95923,0.65,1.10
2008.06.06 03:09:51.217,0.95904,0.95923,0.89,1.90
2008.06.06 03:09:51.544,0.959,0.95921,1.70,1.00
2008.06.06 03:09:52.203,0.95899,0.95921,0.59,0.95
2008.06.06 03:09:53.566,0.95901,0.95922,0.99,0.46
2008.06.06 03:09:54.157,0.95907,0.95922,0.67,1.30
2008.06.06 03:09:55.338,0.95904,0.95922,2.10,1.30
2008.06.06 03:09:55.884,0.95901,0.9592,0.91,0.94
2008.06.06 03:10:07.045,0.95899,0.9592,1.20,1.30
2008.06.06 03:10:14.679,0.95897,0.95916,1.90,0.95
2008.06.06 03:10:16.666,0.95894,0.95913,2.30,1.60
2008.06.06 03:10:17.227,0.9589,0.95911,1.80,0.88
2008.06.06 03:10:17.820,0.95892,0.95911,0.92,0.67
2008.06.06 03:10:18.222,0.95891,0.95911,1.70,0.82
2008.06.06 03:10:18.568,0.9589,0.95911,0.78,0.89
2008.06.06 03:10:18.883,0.95892,0.95913,0.70,1.30
2008.06.06 03:10:20.085,0.95897,0.95917,0.94,1.60
2008.06.06 03:10:21.113,0.95892,0.95911,1.00,0.81
2008.06.06 03:10:21.856,0.9589,0.95911,1.20,0.98
2008.06.06 03:10:22.611,0.95889,0.95911,0.87,0.69
2008.06.06 03:10:23.738,0.95888,0.95906,2.90,2.00
2008.06.06 03:10:24.810,0.95887,0.95903,2.10,1.00
2008.06.06 03:10:25.351,0.95889,0.95903,1.20,2.10
2008.06.06 03:10:30.295,0.95888,0.95903,2.20,0.64
2008.06.06 03:10:30.793,0.95887,0.95903,1.00,1.20
2008.06.06 03:10:52.171,0.95888,0.95909,2.20,0.77
2008.06.06 03:10:55.829,0.95887,0.95909,1.50,1.20
2008.06.06 03:10:56.406,0.95884,0.95903,2.10,1.60
2008.06.06 03:10:56.907,0.95882,0.95901,2.60,1.10
2008.06.06 03:10:57.026,0.95881,0.95903,1.70,1.10
2008.06.06 03:10:57.578,0.95887,0.95903,1.30,1.40
2008.06.06 03:10:58.185,0.95877,0.95893,0.73,1.40
2008.06.06 03:11:00.062,0.95874,0.95893,0.82,0.73
2008.06.06 03:11:01.181,0.9587,0.95891,1.10,2.00
2008.06.06 03:11:01.585,0.95872,0.95893,1.50,1.20
2008.06.06 03:11:01.992,0.95877,0.95893,1.70,2.50
2008.06.06 03:11:03.365,0.95874,0.95893,2.40,0.76
2008.06.06 03:11:03.788,0.9587,0.95889,0.70,2.70
2008.06.06 03:11:06.417,0.95874,0.95892,1.40,1.50
2008.06.06 03:11:07.944,0.95877,0.95896,1.70,1.40
2008.06.06 03:11:08.690,0.95879,0.959,0.84,1.30
2008.06.06 03:11:16.459,0.95881,0.95903,1.00,0.90
2008.06.06 03:11:16.513,0.95887,0.95903,0.95,1.20
2008.06.06 03:11:20.218,0.95889,0.95908,1.70,3.80
2008.06.06 03:11:22.013,0.95886,0.95893,1.00,1.80
2008.06.06 03:11:22.280,0.95884,0.95893,1.40,2.30
2008.06.06 03:11:22.715,0.95879,0.95893,0.77,1.20
2008.06.06 03:11:22.847,0.95877,0.95893,0.97,1.10
2008.06.06 03:11:23.012,0.95879,0.95893,1.60,0.79
2008.06.06 03:11:23.816,0.95887,0.95899,1.70,1.20
2008.06.06 03:11:26.758,0.95884,0.95901,2.00,1.50
2008.06.06 03:11:27.380,0.95881,0.95901,1.40,0.88
2008.06.06 03:11:28.871,0.9588,0.95901,1.60,0.83
2008.06.06 03:11:30.750,0.95878,0.95898,0.96,0.72
2008.06.06 03:11:31.335,0.95879,0.95901,2.10,1.40
2008.06.06 03:11:31.948,0.95881,0.95901,0.92,1.20
2008.06.06 03:11:32.417,0.95879,0.95901,0.91,1.50
2008.06.06 03:11:47.334,0.95884,0.95903,2.30,0.75
2008.06.06 03:11:47.597,0.95887,0.95903,1.90,2.10
2008.06.06 03:11:50.328,0.95889,0.9591,1.30,1.00
2008.06.06 03:11:51.385,0.95884,0.95906,1.10,1.30
2008.06.06 03:11:55.130,0.95887,0.95906,0.88,1.60
2008.06.06 03:11:55.476,0.95889,0.95907,1.00,2.60
2008.06.06 03:11:55.562,0.95887,0.95906,2.00,2.40
2008.06.06 03:11:55.877,0.95884,0.95906,0.84,1.20
2008.06.06 03:11:56.254,0.95887,0.95906,0.61,0.95
2008.06.06 03:11:56.829,0.95889,0.95907,1.60,1.20
2008.06.06 03:12:02.777,0.95894,0.95911,1.50,0.86
2008.06.06 03:12:03.425,0.95897,0.95916,1.90,0.98
2008.06.06 03:12:03.904,0.95899,0.95917,2.30,1.30
2008.06.06 03:12:04.396,0.95904,0.9592,1.30,2.20
2008.06.06 03:12:04.540,0.95907,0.9592,1.10,0.41
2008.06.06 03:12:05.355,0.95912,0.95923,0.54,2.40
2008.06.06 03:12:05.600,0.95917,0.95924,1.40,1.60
2008.06.06 03:12:06.181,0.95914,0.95933,0.71,0.75
2008.06.06 03:12:06.754,0.95911,0.95931,1.10,1.60
2008.06.06 03:12:07.071,0.95908,0.95928,2.20,1.20
2008.06.06 03:12:07.622,0.95909,0.95931,2.60,3.30
2008.06.06 03:12:08.587,0.95908,0.95929,1.20,2.40
2008.06.06 03:12:09.490,0.95909,0.9593,1.10,1.40
2008.06.06 03:12:10.901,0.95908,0.95929,0.83,0.77
2008.06.06 03:12:12.395,0.95909,0.9593,2.50,1.20
2008.06.06 03:12:13.152,0.95908,0.95926,1.30,0.98
2008.06.06 03:12:13.599,0.95907,0.95923,2.10,0.67
2008.06.06 03:12:13.972,0.95909,0.9593,1.10,2.40
2008.06.06 03:12:19.212,0.95919,0.9593,0.67,0.89
2008.06.06 03:12:19.765,0.95927,0.9593,1.60,2.00
2008.06.06 03:12:22.193,0.95925,0.95933,1.80,1.20
2008.06.06 03:12:22.454,0.95914,0.95933,1.70,3.00
2008.06.06 03:12:22.767,0.95911,0.95933,1.70,0.68
2008.06.06 03:12:23.998,0.95917,0.95931,1.30,1.40
2008.06.06 03:12:24.305,0.95915,0.95935,2.40,1.10
2008.06.06 03:12:26.207,0.95919,0.95938,1.30,1.00
2008.06.06 03:12:26.439,0.95918,0.95936,0.65,1.10
2008.06.06 03:12:26.925,0.95917,0.95936,1.30,1.20
2008.06.06 03:12:27.427,0.95915,0.95936,0.69,1.20
2008.06.06 03:12:29.322,0.95917,0.95936,1.90,1.30
2008.06.06 03:12:29.682,0.95919,0.95941,2.00,2.20
2008.06.06 03:12:37.482,0.95924,0.95939,1.00,0.61
2008.06.06 03:12:37.774,0.95927,0.95939,1.20,1.00
2008.06.06 03:12:46.420,0.95928,0.95949,1.70,1.30
2008.06.06 03:12:46.852,0.95927,0.95943,1.00,1.20
2008.06.06 03:13:10.047,0.95929,0.95943,1.10,0.59
2008.06.06 03:13:10.386,0.95927,0.95949,0.87,0.63
2008.06.06 03:13:10.788,0.95928,0.95949,1.50,0.84
2008.06.06 03:13:14.313,0.95927,0.95949,1.30,1.40
2008.06.06 03:13:15.490,0.95922,0.95943,1.10,1.90
2008.06.06 03:13:16.340,0.95919,0.95941,1.20,0.53
2008.06.06 03:13:16.839,0.95927,0.95941,1.20,0.82
2008.06.06 03:13:18.343,0.95925,0.95944,0.93,0.92
2008.06.06 03:13:19.204,0.95922,0.95943,0.79,1.90
2008.06.06 03:13:19.469,0.95921,0.95941,1.50,0.92
2008.06.06 03:13:19.528,0.95924,0.95943,1.10,1.90
2008.06.06 03:13:19.863,0.95927,0.95943,1.30,1.80
2008.06.06 03:13:21.164,0.95924,0.95944,1.70,0.80
2008.06.06 03:13:21.442,0.95922,0.95944,1.40,1.10
2008.06.06 03:13:21.684,0.95921,0.95941,0.79,1.20
2008.06.06 03:13:22.189,0.95927,0.95941,0.95,1.20
2008.06.06 03:13:31.370,0.95922,0.95944,0.91,2.80
2008.06.06 03:13:32.259,0.95919,0.95941,0.83,2.60
2008.06.06 03:13:32.745,0.95922,0.95943,1.10,1.40
2008.06.06 03:13:33.220,0.95919,0.95941,1.20,0.88
2008.06.06 03:13:35.015,0.95927,0.95941,1.30,0.68
2008.06.06 03:13:35.416,0.95922,0.95943,1.00,1.20
2008.06.06 03:13:35.746,0.95921,0.95943,2.90,0.52
2008.06.06 03:13:36.022,0.95919,0.95941,1.30,0.78
2008.06.06 03:13:36.506,0.95918,0.95938,1.40,0.94
2008.06.06 03:13:36.788,0.95919,0.95938,1.00,1.30
2008.06.06 03:13:37.096,0.95924,0.95938,1.10,1.20
2008.06.06 03:13:37.292,0.95927,0.95943,1.50,1.20
2008.06.06 03:13:37.483,0.95924,0.95938,1.30,1.40
2008.06.06 03:13:37.620,0.95922,0.95938,2.00,0.74
2008.06.06 03:13:37.730,0.95919,0.95938,2.20,1.30
2008.06.06 03:13:37.835,0.95927,0.95938,1.50,0.65
2008.06.06 03:13:39.135,0.95924,0.95938,2.00,1.40
2008.06.06 03:13:39.371,0.95922,0.95938,1.60,1.30
2008.06.06 03:13:39.748,0.95919,0.95938,1.30,1.60
2008.06.06 03:13:41.189,0.95924,0.95943,1.80,1.50
2008.06.06 03:13:41.906,0.95927,0.95943,1.30,1.20
2008.06.06 03:13:42.329,0.95924,0.95938,0.95,1.50
2008.06.06 03:13:42.605,0.95917,0.95938,2.10,1.10
2008.06.06 03:13:44.139,0.95912,0.95931,0.97,0.89
2008.06.06 03:13:44.369,0.95911,0.95931,1.60,0.75
2008.06.06 03:13:44.967,0.95909,0.95931,2.20,1.50
2008.06.06 03:13:46.003,0.95917,0.95931,0.66,0.61
2008.06.06 03:13:47.437,0.95912,0.95931,2.10,1.10
2008.06.06 03:13:47.790,0.95909,0.95931,1.20,4.80
2008.06.06 03:13:49.155,0.95917,0.95933,1.10,1.00
2008.06.06 03:13:52.284,0.95919,0.95939,2.50,1.70
2008.06.06 03:13:52.726,0.95916,0.95938,1.00,0.46
2008.06.06 03:13:55.412,0.95927,0.95938,2.20,0.96
2008.06.06 03:13:56.108,0.95924,0.95945,1.30,1.60
2008.06.06 03:13:56.207,0.95919,0.95941,2.20,1.10
2008.06.06 03:13:56.416,0.95921,0.95941,1.80,0.63
2008.06.06 03:13:56.614,0.95919,0.9594,1.50,1.90
2008.06.06 03:13:56.965,0.95918,0.95938,3.20,1.20
2008.06.06 03:13:58.200,0.95916,0.95938,0.78,1.10
2008.06.06 03:13:59.213,0.95917,0.95938,0.97,1.20
2008.06.06 03:13:59.390,0.95919,0.9594,2.30,1.20
2008.06.06 03:13:59.959,0.95917,0.95936,2.40,0.70
2008.06.06 03:14:03.189,0.95921,0.95933,2.00,2.10
2008.06.06 03:14:03.635,0.95919,0.95941,1.50,1.60
2008.06.06 03:14:04.637,0.95917,0.95939,1.10,1.10
2008.06.06 03:14:05.414,0.95921,0.95938,1.10,1.10
2008.06.06 03:14:05.901,0.95927,0.95941,1.40,1.00
2008.06.06 03:14:06.897,0.95922,0.95944,1.40,1.80
2008.06.06 03:14:11.297,0.95919,0.95941,0.87,1.90
2008.06.06 03:14:11.907,0.95927,0.95941,0.76,2.40
2008.06.06 03:14:17.093,0.95924,0.95943,0.99,1.20
2008.06.06 03:14:17.604,0.95922,0.95941,1.60,0.65
2008.06.06 03:14:17.925,0.9592,0.95941,0.91,1.00
2008.06.06 03:14:18.169,0.95924,0.95943,0.86,1.60
2008.06.06 03:14:19.156,0.95927,0.95943,0.82,1.20
2008.06.06 03:14:19.330,0.95923,0.95941,1.00,1.20
2008.06.06 03:14:19.594,0.95922,0.95941,1.50,1.80
2008.06.06 03:14:19.647,0.95919,0.95941,1.30,1.30
2008.06.06 03:14:19.963,0.95927,0.95941,0.95,2.90
2008.06.06 03:14:37.307,0.95932,0.9595,1.10,1.20
2008.06.06 03:14:37.734,0.95937,0.9595,1.50,1.80
2008.06.06 03:14:38.376,0.95932,0.95953,1.30,1.30
2008.06.06 03:14:38.990,0.95928,0.95949,1.40,0.82
2008.06.06 03:14:39.367,0.95927,0.95949,1.50,0.76
2008.06.06 03:14:40.012,0.95928,0.95949,3.30,1.40
2008.06.06 03:14:44.516,0.95927,0.95949,0.82,1.30
2008.06.06 03:15:15.386,0.95932,0.9595,1.20,0.90
2008.06.06 03:15:16.071,0.95937,0.9595,1.40,0.71
2008.06.06 03:15:16.362,0.95932,0.95949,0.72,1.40
2008.06.06 03:15:16.880,0.95929,0.95949,2.30,1.30
2008.06.06 03:15:17.003,0.95928,0.95949,1.90,1.40
2008.06.06 03:15:24.188,0.95929,0.9595,1.30,0.83
2008.06.06 03:15:25.021,0.95932,0.9595,2.50,0.96
2008.06.06 03:15:25.712,0.95937,0.9595,1.00,1.70
2008.06.06 03:15:26.074,0.95934,0.95953,0.72,0.73
2008.06.06 03:15:26.764,0.95929,0.95949,0.68,1.50
2008.06.06 03:15:27.291,0.95937,0.9595,1.40,0.75
2008.06.06 03:15:28.274,0.95934,0.95949,1.60,1.10
2008.06.06 03:15:29.312,0.95931,0.95949,1.50,1.00
2008.06.06 03:15:29.580,0.95932,0.9595,0.84,1.40
2008.06.06 03:15:29.908,0.95937,0.9595,1.20,0.85
2008.06.06 03:15:30.691,0.95934,0.95949,0.47,1.10
2008.06.06 03:15:31.112,0.95931,0.95949,1.40,1.40
2008.06.06 03:15:32.175,0.95929,0.95949,1.50,1.50
2008.06.06 03:15:34.324,0.95928,0.95949,0.82,1.20
2008.06.06 03:15:36.920,0.95927,0.95943,1.40,0.71
2008.06.06 03:15:38.058,0.95928,0.95949,0.93,2.90
2008.06.06 03:15:46.536,0.95937,0.95949,1.70,1.80
2008.06.06 03:15:47.220,0.95934,0.95951,1.40,1.20
2008.06.06 03:15:47.558,0.95931,0.95949,1.10,1.70
2008.06.06 03:15:48.213,0.95928,0.95949,0.90,2.40
2008.06.06 03:15:49.948,0.95927,0.95943,2.40,2.30
2008.06.06 03:15:50.294,0.95928,0.95949,2.30,1.00
2008.06.06 03:15:55.381,0.95925,0.95943,1.50,0.61
2008.06.06 03:15:56.166,0.95921,0.95936,0.77,0.48
2008.06.06 03:15:56.805,0.95918,0.95936,0.87,1.20
2008.06.06 03:15:57.491,0.95917,0.95936,2.00,0.83
2008.06.06 03:15:57.546,0.95915,0.95936,1.30,1.20
2008.06.06 03:15:59.135,0.95911,0.95931,0.99,1.80
2008.06.06 03:15:59.485,0.95912,0.95931,2.00,0.88
2008.06.06 03:15:59.930,0.95914,0.95933,1.20,0.79
2008.06.06 03:16:00.560,0.95917,0.95933,1.30,2.10
2008.06.06 03:16:02.731,0.95914,0.95928,1.50,0.56
2008.06.06 03:16:03.559,0.95911,0.95928,1.60,1.10
2008.06.06 03:16:04.218,0.95909,0.95931,0.78,1.00
2008.06.06 03:16:05.656,0.95908,0.95928,0.70,1.70
2008.06.06 03:16:06.438,0.95909,0.95931,1.40,2.00
2008.06.06 03:16:06.502,0.95908,0.95928,1.30,0.73
2008.06.06 03:16:07.300,0.95907,0.95928,1.40,0.52
2008.06.06 03:16:07.587,0.95909,0.95928,1.20,1.80
2008.06.06 03:16:08.303,0.95907,0.95928,1.50,1.40
2008.06.06 03:16:08.821,0.95906,0.95928,1.10,0.75
2008.06.06 03:16:16.816,0.95909,0.95928,0.74,1.10
2008.06.06 03:16:17.181,0.95914,0.95931,1.10,2.10
2008.06.06 03:16:17.409,0.95909,0.95931,1.40,1.20
2008.06.06 03:16:17.603,0.95917,0.95931,1.90,0.61
2008.06.06 03:16:17.942,0.95919,0.95932,2.00,1.00
2008.06.06 03:16:20.366,0.95917,0.95933,1.10,1.60
2008.06.06 03:16:22.261,0.95919,0.95933,2.80,1.70
2008.06.06 03:16:22.540,0.95924,0.95933,0.92,1.00
2008.06.06 03:16:22.794,0.95927,0.95938,1.20,1.60
2008.06.06 03:16:23.663,0.95937,0.95946,2.10,0.67
2008.06.06 03:16:28.331,0.95939,0.95953,1.80,0.64
2008.06.06 03:16:28.969,0.95947,0.95954,1.50,0.61
2008.06.06 03:16:29.115,0.95944,0.95953,1.80,0.73
2008.06.06 03:16:29.234,0.95937,0.95953,1.50,1.40
2008.06.06 03:16:29.500,0.95934,0.95954,1.40,0.73
2008.06.06 03:16:29.639,0.95936,0.95954,2.00,0.46
2008.06.06 03:16:29.905,0.95938,0.95958,1.80,1.30
2008.06.06 03:16:30.244,0.95936,0.95958,0.86,1.10
2008.06.06 03:16:30.589,0.95935,0.95954,1.30,1.10
2008.06.06 03:16:30.845,0.95937,0.95953,0.64,0.52
2008.06.06 03:16:32.079,0.95934,0.95953,1.50,3.80
2008.06.06 03:16:32.405,0.95932,0.95953,1.20,2.40
2008.06.06 03:16:32.753,0.95931,0.95953,1.40,0.96
2008.06.06 03:16:36.054,0.95929,0.95949,0.86,1.60
2008.06.06 03:16:37.448,0.9593,0.95951,1.30,1.30
2008.06.06 03:16:38.304,0.95931,0.95951,0.51,1.40
2008.06.06 03:16:38.748,0.9593,0.95951,1.60,1.20
2008.06.06 03:16:39.112,0.95928,0.95949,0.93,0.91
2008.06.06 03:16:48.946,0.95931,0.95949,1.10,1.10
2008.06.06 03:16:50.427,0.95929,0.95949,1.20,3.70
2008.06.06 03:16:50.756,0.95928,0.95949,3.90,0.60
2008.06.06 03:16:57.121,0.95944,0.95951,1.60,0.75
2008.06.06 03:16:57.564,0.95947,0.95951,1.60,0.86
2008.06.06 03:16:58.294,0.95949,0.95968,1.00,2.10
2008.06.06 03:16:58.844,0.95952,0.9597,1.10,0.73
2008.06.06 03:16:59.436,0.95954,0.9597,0.96,1.50
2008.06.06 03:16:59.520,0.95956,0.9597,1.10,1.60
2008.06.06 03:17:00.186,0.95947,0.95963,1.40,1.10
2008.06.06 03:17:00.364,0.95946,0.95958,1.90,1.10
2008.06.06 03:17:00.536,0.95944,0.95958,1.20,1.10
2008.06.06 03:17:00.884,0.95941,0.95958,0.91,2.00
2008.06.06 03:17:01.357,0.95939,0.95958,0.92,2.40
2008.06.06 03:17:01.581,0.95936,0.95956,0.77,2.30
2008.06.06 03:17:03.364,0.95935,0.95956,2.00,0.94
2008.06.06 03:17:04.349,0.95934,0.95953,1.30,1.30
2008.06.06 03:17:04.805,0.95932,0.95953,3.00,1.20
2008.06.06 03:17:06.590,0.95931,0.95953,1.50,1.20
2008.06.06 03:17:18.162,0.95929,0.95948,1.00,0.62
2008.06.06 03:17:18.624,0.95926,0.95948,1.90,1.10
2008.06.06 03:17:18.945,0.95927,0.95948,0.49,0.46
2008.06.06 03:17:19.780,0.95924,0.95941,0.56,2.00
2008.06.06 03:17:20.282,0.95921,0.95941,2.10,1.20
2008.06.06 03:17:21.203,0.9592,0.95938,1.20,0.79
2008.06.06 03:17:21.575,0.95918,0.95938,0.52,0.67
2008.06.06 03:17:21.752,0.95917,0.95936,1.20,0.89
2008.06.06 03:17:22.484,0.95919,0.95936,1.50,2.10
2008.06.06 03:17:22.593,0.95918,0.95936,1.10,1.60
2008.06.06 03:17:24.407,0.95914,0.95931,1.20,0.72
2008.06.06 03:17:24.513,0.95917,0.95936,1.20,1.20
2008.06.06 03:17:25.851,0.95919,0.9594,1.50,2.30
2008.06.06 03:17:39.266,0.95918,0.95933,1.50,0.45
2008.06.06 03:17:39.552,0.95917,0.95933,1.60,1.50
2008.06.06 03:17:44.067,0.95911,0.95929,2.00,0.69
2008.06.06 03:17:44.533,0.95908,0.95928,1.10,0.33
2008.06.06 03:17:45.465,0.95907,0.95926,0.89,1.50
2008.06.06 03:17:45.593,0.95908,0.95924,1.90,0.73
2008.06.06 03:17:50.285,0.95909,0.95929,1.80,3.30
2008.06.06 03:17:50.768,0.95907,0.95923,1.70,1.50
2008.06.06 03:17:52.540,0.95908,0.95929,1.50,0.71
2008.06.06 03:17:55.236,0.95907,0.95923,1.40,1.40
2008.06.06 03:18:01.000,0.95908,0.95929,1.50,0.83
2008.06.06 03:18:01.746,0.95907,0.95923,1.90,1.10
2008.06.06 03:18:14.349,0.95917,0.95928,1.10,2.00
2008.06.06 03:18:15.248,0.95914,0.95929,0.60,2.10
2008.06.06 03:18:15.622,0.95911,0.95929,1.50,1.40
2008.06.06 03:18:16.164,0.95908,0.95929,1.10,1.30
2008.06.06 03:18:17.148,0.95909,0.95929,2.90,1.10
2008.06.06 03:18:17.304,0.95912,0.9593,0.91,1.80
2008.06.06 03:18:17.490,0.95917,0.9593,1.10,1.60
2008.06.06 03:18:17.743,0.95914,0.95929,1.50,0.87
2008.06.06 03:18:17.831,0.95911,0.95929,0.83,0.68
2008.06.06 03:18:20.420,0.95909,0.95929,1.20,1.20
2008.06.06 03:18:22.709,0.95908,0.95929,1.10,2.20
2008.06.06 03:18:24.063,0.95912,0.95929,1.10,1.90
2008.06.06 03:18:24.575,0.95917,0.95929,1.20,1.20
2008.06.06 03:18:25.151,0.95914,0.95931,1.40,1.10
2008.06.06 03:18:25.836,0.95911,0.95931,1.50,0.79
2008.06.06 03:18:35.001,0.95909,0.95929,1.40,1.00
2008.06.06 03:18:35.628,0.95908,0.95929,2.00,0.66
2008.06.06 03:18:46.447,0.95909,0.9593,1.00,0.97
2008.06.06 03:18:48.588,0.95908,0.95929,1.10,1.60
2008.06.06 03:19:12.397,0.95907,0.95928,2.90,1.40
2008.06.06 03:19:12.504,0.95905,0.95926,1.50,1.20
2008.06.06 03:19:15.574,0.95907,0.95924,1.10,0.89
2008.06.06 03:19:16.971,0.95908,0.95924,1.70,0.51
2008.06.06 03:19:20.399,0.95907,0.95923,1.50,1.80
2008.06.06 03:19:23.479,0.95908,0.95929,1.60,1.70
2008.06.06 03:19:26.714,0.95909,0.9593,1.50,1.00
2008.06.06 03:19:37.272,0.95908,0.95929,1.90,1.10
2008.06.06 03:19:42.854,0.95909,0.95931,0.99,1.60
2008.06.06 03:19:47.049,0.95911,0.95931,1.00,1.30
2008.06.06 03:19:47.643,0.95909,0.95929,0.39,1.30
2008.06.06 03:19:52.215,0.95912,0.95929,1.60,1.70
2008.06.06 03:19:52.821,0.95917,0.95929,0.71,1.00
2008.06.06 03:20:38.018,0.95911,0.95933,0.95,1.00
2008.06.06 03:20:38.577,0.95908,0.95929,1.30,0.79
2008.06.06 03:20:39.742,0.95907,0.95923,1.10,0.90
2008.06.06 03:20:40.343,0.95901,0.95918,1.00,2.10
2008.06.06 03:20:40.897,0.95898,0.95918,1.90,1.60
2008.06.06 03:20:41.350,0.95899,0.95921,1.40,0.41
2008.06.06 03:20:41.998,0.95897,0.95916,1.50,0.75
2008.06.06 03:20:42.186,0.95894,0.95916,1.80,1.50
2008.06.06 03:20:44.864,0.95896,0.95918,1.60,0.72
2008.06.06 03:20:45.890,0.95894,0.95916,1.10,0.88
2008.06.06 03:20:50.746,0.95896,0.95917,1.70,4.10
2008.06.06 03:20:52.757,0.95894,0.95916,2.20,0.52
2008.06.06 03:20:56.399,0.95899,0.95916,1.40,0.79
2008.06.06 03:21:02.307,0.95897,0.95916,0.57,0.99
2008.06.06 03:21:02.599,0.95894,0.95916,0.66,1.90
2008.06.06 03:21:10.425,0.95891,0.95911,0.78,0.94
2008.06.06 03:21:10.774,0.95889,0.95911,1.50,2.00
2008.06.06 03:21:14.193,0.95888,0.95908,1.30,2.90
2008.06.06 03:21:14.414,0.95886,0.95908,1.30,0.94
2008.06.06 03:21:14.910,0.95897,0.95908,0.95,2.00
2008.06.06 03:21:15.227,0.95894,0.95913,1.00,0.60
2008.06.06 03:21:15.370,0.95891,0.95911,1.30,1.80
2008.06.06 03:21:15.731,0.95889,0.95911,1.40,1.00
2008.06.06 03:21:29.107,0.95887,0.95903,1.00,0.56
2008.06.06 03:21:33.141,0.95884,0.95903,0.92,1.40
2008.06.06 03:21:33.171,0.95883,0.95903,1.20,1.30
2008.06.06 03:21:33.411,0.95881,0.95903,1.90,1.80
2008.06.06 03:21:33.586,0.9588,0.95893,2.30,0.94
2008.06.06 03:21:33.725,0.95878,0.95893,1.80,1.20
2008.06.06 03:21:33.982,0.95877,0.95893,2.20,0.92
2008.06.06 03:21:38.225,0.95879,0.95901,1.40,1.70
2008.06.06 03:21:39.078,0.95877,0.95899,1.00,1.70
2008.06.06 03:21:48.209,0.95878,0.95899,0.83,1.50
2008.06.06 03:21:48.894,0.95877,0.95899,1.60,1.60
2008.06.06 03:21:56.880,0.95867,0.95883,1.50,0.65
2008.06.06 03:21:57.094,0.95863,0.95883,1.70,1.00
2008.06.06 03:21:57.858,0.95859,0.95881,2.30,1.40
2008.06.06 03:21:59.255,0.95862,0.95884,1.20,0.49
2008.06.06 03:22:00.172,0.95864,0.95886,1.40,0.63
2008.06.06 03:22:08.458,0.95866,0.95887,1.40,2.40
2008.06.06 03:22:09.339,0.95867,0.95887,1.10,1.50
2008.06.06 03:22:10.270,0.95869,0.95887,1.70,1.50
2008.06.06 03:22:10.533,0.95871,0.95892,0.96,0.99
2008.06.06 03:22:10.967,0.95867,0.95883,1.10,2.00
2008.06.06 03:22:11.325,0.95869,0.95883,1.40,3.00
2008.06.06 03:22:11.585,0.95871,0.95892,1.30,1.50
2008.06.06 03:22:12.479,0.95874,0.95892,1.30,0.75
2008.06.06 03:22:13.249,0.95869,0.95891,0.76,1.00
2008.06.06 03:22:13.901,0.95871,0.95891,1.60,2.10
2008.06.06 03:22:14.181,0.95869,0.95883,0.61,1.70
2008.06.06 03:22:14.434,0.95867,0.95883,0.83,1.40
2008.06.06 03:22:14.687,0.95869,0.95889,2.00,1.10
2008.06.06 03:22:15.548,0.95877,0.95891,2.30,0.86
2008.06.06 03:22:16.176,0.95873,0.95893,0.88,1.00
2008.06.06 03:22:16.667,0.95871,0.95893,1.50,1.70
2008.06.06 03:22:17.165,0.95874,0.95895,0.86,0.88
2008.06.06 03:22:17.265,0.95869,0.95889,1.20,2.10
2008.06.06 03:22:17.604,0.95868,0.95883,1.00,1.20
2008.06.06 03:22:17.829,0.95867,0.95883,2.10,1.30
2008.06.06 03:22:18.257,0.95869,0.95889,1.90,1.00
2008.06.06 03:22:18.510,0.95871,0.95892,0.84,2.40
2008.06.06 03:22:19.244,0.9587,0.95891,1.10,1.90
2008.06.06 03:22:19.347,0.95869,0.95891,1.10,1.50
2008.06.06 03:22:19.742,0.95868,0.95889,1.50,1.20
2008.06.06 03:22:19.922,0.95867,0.95889,1.50,0.78
2008.06.06 03:22:20.267,0.95866,0.95886,1.50,2.10
2008.06.06 03:22:22.137,0.95864,0.95883,0.73,1.80
2008.06.06 03:22:22.891,0.95861,0.95883,2.70,1.30
2008.06.06 03:22:28.277,0.9586,0.95881,1.20,1.10
2008.06.06 03:22:28.609,0.95859,0.95881,1.40,2.10
2008.06.06 03:22:28.723,0.95857,0.95879,0.71,0.67
2008.06.06 03:22:33.035,0.95853,0.95863,2.60,1.40
2008.06.06 03:22:33.599,0.95847,0.95863,1.30,1.40
2008.06.06 03:22:35.961,0.95849,0.95865,1.30,1.60
2008.06.06 03:22:36.125,0.95852,0.95873,3.10,2.50
2008.06.06 03:22:37.852,0.95849,0.95871,1.30,1.70
2008.06.06 03:22:38.983,0.95847,0.95866,1.20,0.68
2008.06.06 03:22:39.138,0.95846,0.95868,2.80,1.00
2008.06.06 03:22:39.744,0.95849,0.95868,1.50,1.80
2008.06.06 03:22:40.948,0.95852,0.95872,0.65,0.83
2008.06.06 03:22:44.636,0.9585,0.95871,1.60,0.63
2008.06.06 03:22:47.822,0.95849,0.95871,1.10,1.20
2008.06.06 03:22:48.902,0.95848,0.95869,1.80,0.82
2008.06.06 03:22:49.509,0.95847,0.95869,0.79,1.40
2008.06.06 03:22:50.939,0.95849,0.95871,1.10,1.30
2008.06.06 03:22:51.797,0.95847,0.95869,0.71,0.62
2008.06.06 03:23:01.550,0.95849,0.95871,1.20,3.00
2008.06.06 03:23:02.731,0.95847,0.95869,2.20,0.83
2008.06.06 03:23:05.608,0.95849,0.95871,1.70,0.91
2008.06.06 03:23:06.386,0.95847,0.95863,1.30,2.40
2008.06.06 03:23:06.737,0.95843,0.95858,1.10,1.00
2008.06.06 03:23:07.280,0.95842,0.95858,2.50,1.40
2008.06.06 03:23:07.781,0.95837,0.95853,1.00,1.80
2008.06.06 03:23:10.984,0.95839,0.95859,0.85,0.76
2008.06.06 03:23:11.097,0.95841,0.95861,0.87,1.30
2008.06.06 03:23:12.211,0.95842,0.95863,1.10,1.70
2008.06.06 03:23:12.863,0.95839,0.95859,0.81,0.67
2008.06.06 03:23:13.333,0.95841,0.95859,0.51,0.87
2008.06.06 03:23:13.985,0.95838,0.95859,1.50,1.00
2008.06.06 03:23:16.392,0.95839,0.95861,1.50,1.40
2008.06.06 03:23:17.076,0.95841,0.95861,0.41,1.40
2008.06.06 03:23:17.481,0.95842,0.95863,1.50,2.00
2008.06.06 03:23:17.504,0.95839,0.95859,1.20,1.80
2008.06.06 03:23:17.958,0.95841,0.95859,0.88,1.10
2008.06.06 03:23:18.177,0.95839,0.95859,1.90,1.70
2008.06.06 03:23:18.761,0.95841,0.95859,1.00,1.10
2008.06.06 03:23:19.912,0.95842,0.95863,0.94,1.50
2008.06.06 03:23:20.610,0.95847,0.95864,2.00,1.40
2008.06.06 03:23:24.680,0.95837,0.95853,1.50,0.90
2008.06.06 03:23:25.021,0.95839,0.95859,0.92,1.60
2008.06.06 03:23:25.541,0.95837,0.95858,2.00,0.35
2008.06.06 03:23:25.727,0.95836,0.95858,2.10,1.10
2008.06.06 03:23:26.080,0.95839,0.95858,1.00,2.30
2008.06.06 03:23:26.525,0.95842,0.95863,3.10,1.50
2008.06.06 03:23:27.515,0.9584,0.95861,1.80,0.98
2008.06.06 03:23:28.297,0.95839,0.95861,0.84,2.20
2008.06.06 03:23:28.961,0.95837,0.95853,2.00,0.78
2008.06.06 03:23:29.226,0.95834,0.95853,1.50,1.50
2008.06.06 03:23:29.429,0.95833,0.95853,1.10,1.00
2008.06.06 03:23:29.635,0.95831,0.95853,1.10,0.95
2008.06.06 03:23:29.865,0.95837,0.95853,1.10,0.49
2008.06.06 03:23:33.060,0.95834,0.95853,1.90,0.93
2008.06.06 03:23:33.369,0.95833,0.95851,2.00,2.00
2008.06.06 03:23:33.690,0.95831,0.95851,0.71,0.68
2008.06.06 03:23:41.033,0.95827,0.95849,1.40,2.20
2008.06.06 03:23:43.010,0.95824,0.95843,1.10,1.30
2008.06.06 03:23:43.464,0.95823,0.95841,2.40,1.10
2008.06.06 03:23:43.604,0.9582,0.95841,0.72,0.78
2008.06.06 03:23:43.876,0.95821,0.95843,1.70,1.40
2008.06.06 03:23:45.039,0.95819,0.95841,0.75,1.60
2008.06.06 03:23:45.904,0.95827,0.95841,1.30,1.60
2008.06.06 03:23:50.222,0.95831,0.95848,1.30,0.91
2008.06.06 03:23:50.578,0.95834,0.95852,2.60,1.40
2008.06.06 03:23:51.226,0.95837,0.95852,2.50,1.10
2008.06.06 03:23:51.345,0.95833,0.95853,2.60,1.70
2008.06.06 03:23:51.876,0.95831,0.95853,1.10,1.10
2008.06.06 03:23:58.675,0.95834,0.95853,2.00,1.50
2008.06.06 03:23:59.320,0.95837,0.95853,1.20,0.44
2008.06.06 03:23:59.901,0.95842,0.95859,1.30,0.51
2008.06.06 03:24:00.274,0.95847,0.95859,1.40,2.00
2008.06.06 03:24:00.364,0.95843,0.95862,0.55,1.10
2008.06.06 03:24:00.992,0.95841,0.95863,0.75,1.60
2008.06.06 03:24:03.366,0.9584,0.95861,2.20,0.96
2008.06.06 03:24:06.347,0.95844,0.95863,1.20,0.50
2008.06.06 03:24:06.877,0.95847,0.95863,1.40,1.30
2008.06.06 03:24:07.517,0.95849,0.95871,0.59,0.86
2008.06.06 03:24:14.499,0.95851,0.95873,1.60,1.00
2008.06.06 03:24:16.725,0.95857,0.95872,2.60,1.00
2008.06.06 03:24:17.455,0.95856,0.95878,2.00,2.30
2008.06.06 03:24:17.843,0.95857,0.95876,1.50,1.40
2008.06.06 03:24:18.245,0.95859,0.95876,1.20,1.50
2008.06.06 03:24:18.535,0.95856,0.95878,2.20,1.30
2008.06.06 03:24:18.728,0.95857,0.95876,1.20,0.50
2008.06.06 03:24:19.107,0.95859,0.95876,2.10,0.61
2008.06.06 03:24:19.221,0.95857,0.95878,0.60,0.77
2008.06.06 03:24:19.460,0.95859,0.95879,2.80,1.30
2008.06.06 03:24:19.565,0.95867,0.95879,1.10,1.30
2008.06.06 03:24:19.673,0.95864,0.95881,2.60,1.40
2008.06.06 03:24:19.928,0.9586,0.95881,0.84,1.60
2008.06.06 03:24:20.116,0.95864,0.95879,1.30,1.70
2008.06.06 03:24:22.305,0.95867,0.95879,1.60,2.30
2008.06.06 03:24:26.476,0.95864,0.95883,1.00,1.10
2008.06.06 03:24:27.072,0.95862,0.95883,2.50,1.00
2008.06.06 03:24:27.606,0.95859,0.95881,1.70,1.70
2008.06.06 03:24:28.770,0.95862,0.95883,1.50,0.61
2008.06.06 03:24:48.993,0.95863,0.95884,1.90,1.50
2008.06.06 03:24:54.814,0.95864,0.95884,2.00,0.98
2008.06.06 03:24:55.760,0.95863,0.95884,0.86,0.79
2008.06.06 03:24:58.318,0.95864,0.95886,0.99,1.20
2008.06.06 03:24:58.660,0.95866,0.95888,0.75,2.00
2008.06.06 03:24:59.022,0.95867,0.95888,1.00,4.90
2008.06.06 03:24:59.522,0.95869,0.9589,0.80,1.10
2008.06.06 03:25:19.101,0.95867,0.95886,0.57,1.40
2008.06.06 03:25:19.867,0.95864,0.95886,0.77,1.70
2008.06.06 03:25:37.191,0.95869,0.95886,0.80,1.40
2008.06.06 03:25:37.383,0.95872,0.95888,1.30,0.70
2008.06.06 03:25:37.540,0.95877,0.95889,1.60,1.10
2008.06.06 03:25:37.728,0.95873,0.95888,1.10,0.74
2008.06.06 03:25:37.815,0.95868,0.95888,1.30,1.80
2008.06.06 03:25:38.774,0.95866,0.95886,0.91,1.30
2008.06.06 03:25:42.138,0.95864,0.95886,2.10,2.30
2008.06.06 03:26:13.046,0.95863,0.95883,2.10,0.83
2008.06.06 03:26:13.339,0.95861,0.95883,0.51,1.00
2008.06.06 03:26:13.890,0.95859,0.95881,1.10,0.45
2008.06.06 03:26:14.762,0.95861,0.95883,1.10,2.60
2008.06.06 03:26:18.085,0.95859,0.95881,1.30,1.60
2008.06.06 03:26:28.344,0.95861,0.95881,1.40,0.77
2008.06.06 03:26:35.110,0.95867,0.95881,1.20,2.10
2008.06.06 03:26:36.241,0.95869,0.95889,0.83,0.72
2008.06.06 03:26:44.436,0.95868,0.95883,0.73,1.30
2008.06.06 03:26:44.953,0.95867,0.95883,1.10,1.00
2008.06.06 03:26:45.807,0.95869,0.95889,1.40,0.60
2008.06.06 03:26:46.271,0.9587,0.95891,0.81,1.00
2008.06.06 03:26:46.988,0.95867,0.95883,1.60,1.60
2008.06.06 03:26:47.926,0.95868,0.95889,1.00,2.40
2008.06.06 03:26:51.771,0.95867,0.95883,0.80,0.89
2008.06.06 03:26:54.102,0.95864,0.95883,1.00,0.45
2008.06.06 03:26:54.388,0.95863,0.95883,1.70,2.00
2008.06.06 03:26:54.951,0.95861,0.95883,2.20,1.20
2008.06.06 03:27:03.151,0.95864,0.95883,1.20,1.60
2008.06.06 03:27:03.348,0.95867,0.95883,1.30,1.20
2008.06.06 03:27:03.595,0.95864,0.95883,2.30,1.50
2008.06.06 03:27:03.727,0.95863,0.95883,1.40,0.53
2008.06.06 03:27:03.985,0.95861,0.95883,1.40,0.98
2008.06.06 03:27:04.663,0.95864,0.95884,1.30,2.60
2008.06.06 03:27:07.073,0.95867,0.95887,1.70,1.20
2008.06.06 03:27:10.622,0.95866,0.95886,1.20,1.30
2008.06.06 03:27:11.770,0.95864,0.95886,1.10,1.50
2008.06.06 03:27:19.227,0.95863,0.95879,2.10,1.70
2008.06.06 03:27:19.752,0.95857,0.95873,2.90,1.30
2008.06.06 03:27:23.051,0.95855,0.95868,0.76,0.97
2008.06.06 03:27:23.444,0.95853,0.95868,1.10,3.50
2008.06.06 03:27:23.942,0.95852,0.95868,2.00,3.80
2008.06.06 03:27:24.105,0.9585,0.95863,0.72,1.70
2008.06.06 03:27:24.706,0.95847,0.95863,2.20,1.70
2008.06.06 03:27:30.064,0.95844,0.95853,2.00,1.20
2008.06.06 03:27:31.305,0.95843,0.95853,0.98,1.90
2008.06.06 03:27:31.767,0.95837,0.95853,1.50,0.72
2008.06.06 03:27:41.084,0.95842,0.95853,0.51,0.87
2008.06.06 03:27:41.525,0.95847,0.95858,2.00,1.60
2008.06.06 03:27:43.029,0.95844,0.95863,1.50,1.20
2008.06.06 03:27:43.383,0.95843,0.95861,0.99,0.79
2008.06.06 03:27:43.595,0.95839,0.95861,1.30,0.86
2008.06.06 03:27:43.767,0.95838,0.95859,1.60,1.60
2008.06.06 03:27:43.925,0.95837,0.95859,1.50,1.70
2008.06.06 03:27:56.730,0.95839,0.95859,1.10,1.90
2008.06.06 03:27:57.011,0.95837,0.95859,1.70,0.98
2008.06.06 03:28:08.896,0.95839,0.95859,1.10,1.70
2008.06.06 03:29:17.147,0.95837,0.95853,0.81,1.80
2008.06.06 03:29:17.312,0.95833,0.95853,1.00,2.10
2008.06.06 03:29:17.626,0.95831,0.95849,1.60,1.30
2008.06.06 03:29:17.828,0.95829,0.95849,1.50,0.89
2008.06.06 03:29:23.340,0.95824,0.95833,0.93,1.50
2008.06.06 03:29:24.354,0.95823,0.95833,1.20,1.60
2008.06.06 03:29:24.871,0.95819,0.95833,0.65,1.60
2008.06.06 03:29:27.130,0.95817,0.95833,0.87,0.38
2008.06.06 03:29:31.020,0.95822,0.95833,0.91,1.60
2008.06.06 03:29:31.837,0.95823,0.95833,1.30,1.20
2008.06.06 03:29:35.008,0.95827,0.95833,1.30,1.20
2008.06.06 03:29:39.420,0.95826,0.95843,2.70,1.20
2008.06.06 03:29:39.579,0.95824,0.95833,1.20,1.40
2008.06.06 03:29:41.525,0.95827,0.95833,1.40,1.70
2008.06.06 03:29:42.204,0.95832,0.95843,1.10,1.30
2008.06.06 03:29:42.574,0.95833,0.95843,1.10,1.60
2008.06.06 03:29:42.764,0.95829,0.95843,1.10,1.10
2008.06.06 03:29:43.361,0.95827,0.95843,0.82,1.40
2008.06.06 03:29:44.566,0.95823,0.95833,0.88,1.40
2008.06.06 03:29:53.411,0.95819,0.95833,1.40,1.30
2008.06.06 03:29:53.503,0.95817,0.95833,0.77,3.70
2008.06.06 03:29:55.488,0.95814,0.95828,3.00,1.40
2008.06.06 03:29:57.102,0.95812,0.95823,1.20,1.20
2008.06.06 03:29:57.779,0.95809,0.95823,1.80,1.30
2008.06.06 03:30:01.623,0.95807,0.95823,1.10,0.84
2008.06.06 03:30:02.327,0.95809,0.95823,1.10,2.00
2008.06.06 03:30:02.408,0.95813,0.95823,1.10,1.20
2008.06.06 03:30:02.902,0.95812,0.95823,0.97,1.70
2008.06.06 03:30:03.181,0.95809,0.95823,2.80,1.30
2008.06.06 03:30:04.730,0.95807,0.95823,3.60,0.68
2008.06.06 03:30:05.045,0.95809,0.95823,1.90,1.10
2008.06.06 03:30:05.887,0.95812,0.95823,1.10,0.76
2008.06.06 03:30:08.103,0.95814,0.95823,1.20,1.20
2008.06.06 03:30:08.865,0.95817,0.95833,0.64,1.50
2008.06.06 03:30:09.474,0.95814,0.95833,1.50,1.80
2008.06.06 03:30:09.556,0.95813,0.95833,0.67,0.86
2008.06.06 03:30:10.814,0.95811,0.95833,1.30,1.20
2008.06.06 03:30:23.245,0.95817,0.95832,1.60,0.47
2008.06.06 03:30:31.460,0.95822,0.95838,1.50,0.96
2008.06.06 03:30:31.946,0.95819,0.95838,0.72,1.80
2008.06.06 03:30:36.508,0.95817,0.95838,1.70,0.52
2008.06.06 03:30:56.141,0.95819,0.9584,1.40,1.00
2008.06.06 03:30:57.340,0.95817,0.95839,1.30,0.53
2008.06.06 03:30:58.637,0.95819,0.9584,0.73,0.81
2008.06.06 03:30:59.424,0.95822,0.9584,1.10,1.50
2008.06.06 03:30:59.704,0.95827,0.9584,0.99,1.20
2008.06.06 03:31:20.102,0.95823,0.95843,2.40,1.20
2008.06.06 03:31:20.612,0.95822,0.95841,1.90,1.50
2008.06.06 03:31:20.698,0.95819,0.95841,1.00,0.58
2008.06.06 03:31:28.258,0.95824,0.95843,2.30,1.40
2008.06.06 03:31:28.591,0.95827,0.95843,1.30,0.52
2008.06.06 03:31:39.799,0.95824,0.95846,1.30,1.20
2008.06.06 03:31:40.126,0.95829,0.95846,1.10,2.90
2008.06.06 03:31:40.469,0.95832,0.95848,2.10,1.70
2008.06.06 03:31:40.714,0.95837,0.95849,1.10,1.20
2008.06.06 03:31:41.138,0.95833,0.95852,1.50,2.10
2008.06.06 03:31:41.376,0.95832,0.95852,1.80,1.30
2008.06.06 03:31:41.840,0.9583,0.95849,1.10,1.30
2008.06.06 03:31:42.813,0.95829,0.95849,1.00,0.43
2008.06.06 03:31:44.997,0.95827,0.95849,0.73,1.20
2008.06.06 03:31:47.052,0.95823,0.95843,0.55,1.40
2008.06.06 03:31:47.954,0.9582,0.95841,1.80,2.70
2008.06.06 03:31:48.761,0.95827,0.95841,1.30,3.80
2008.06.06 03:31:50.306,0.95826,0.95844,1.40,1.40
2008.06.06 03:31:51.566,0.95824,0.95844,0.96,1.40
2008.06.06 03:31:52.368,0.95823,0.95844,1.40,1.90
2008.06.06 03:31:53.274,0.95822,0.95844,1.60,1.60
2008.06.06 03:31:54.898,0.95823,0.95844,1.80,1.40
2008.06.06 03:31:56.698,0.9582,0.95839,1.30,0.98
2008.06.06 03:31:57.134,0.95819,0.95839,0.65,1.80
2008.06.06 03:31:57.576,0.95822,0.95841,1.20,1.50
2008.06.06 03:31:57.943,0.95827,0.95841,2.10,1.40
2008.06.06 03:32:12.328,0.95823,0.95843,1.20,1.40
2008.06.06 03:32:12.563,0.9582,0.95839,0.95,0.99
2008.06.06 03:32:13.646,0.95817,0.95833,2.20,0.78
2008.06.06 03:32:14.026,0.95808,0.9583,1.50,1.40
2008.06.06 03:32:14.320,0.95806,0.95826,1.00,2.50
2008.06.06 03:32:14.741,0.95803,0.95823,2.00,1.10
2008.06.06 03:32:14.817,0.95801,0.95823,0.73,0.92
2008.06.06 03:32:15.812,0.95806,0.95826,1.40,2.30
2008.06.06 03:32:18.108,0.95809,0.95828,1.20,0.72
2008.06.06 03:32:18.519,0.95806,0.95828,0.54,1.60
2008.06.06 03:32:27.147,0.95807,0.95828,1.60,1.40
2008.06.06 03:32:27.928,0.95809,0.95829,1.10,1.10
2008.06.06 03:32:33.959,0.95807,0.95826,1.00,1.10
2008.06.06 03:32:34.261,0.95809,0.95823,0.57,1.40
2008.06.06 03:32:35.116,0.95814,0.95832,0.64,1.90
2008.06.06 03:32:35.667,0.95817,0.95832,2.10,0.81
2008.06.06 03:32:36.214,0.95814,0.95833,1.90,1.20
2008.06.06 03:32:36.590,0.95813,0.95829,0.99,0.99
2008.06.06 03:32:36.874,0.95809,0.95829,1.60,0.86
2008.06.06 03:32:37.731,0.95807,0.95823,1.80,1.40
2008.06.06 03:32:43.223,0.95804,0.95823,2.70,1.40
2008.06.06 03:32:43.258,0.95803,0.95823,0.70,1.40
2008.06.06 03:32:43.619,0.95801,0.95823,1.60,0.80
2008.06.06 03:32:43.914,0.95806,0.95826,0.69,0.95
2008.06.06 03:32:44.600,0.95804,0.95826,0.65,0.76
2008.06.06 03:32:46.083,0.95807,0.95826,1.40,0.95
2008.06.06 03:32:46.715,0.95809,0.95828,0.99,0.46
2008.06.06 03:32:48.430,0.95807,0.95829,1.60,1.50
2008.06.06 03:32:49.212,0.95804,0.95813,1.90,1.20
2008.06.06 03:32:50.158,0.95803,0.95813,0.83,1.40
2008.06.06 03:32:50.493,0.95797,0.95813,1.60,0.94
2008.06.06 03:32:50.965,0.95801,0.95813,1.30,0.83
2008.06.06 03:32:52.343,0.95802,0.95823,1.20,2.40
2008.06.06 03:32:52.812,0.95807,0.95823,0.42,1.50
2008.06.06 03:32:54.089,0.95809,0.95823,1.30,0.76
2008.06.06 03:32:55.438,0.95817,0.95826,1.40,2.20
2008.06.06 03:32:57.386,0.95813,0.95823,0.64,1.30
2008.06.06 03:32:58.122,0.95807,0.95823,0.80,0.89
2008.06.06 03:32:58.734,0.95809,0.95829,0.98,1.20
2008.06.06 03:32:59.082,0.95812,0.95832,1.60,1.80
2008.06.06 03:32:59.518,0.95817,0.95832,1.50,0.59
2008.06.06 03:33:04.024,0.95813,0.95828,2.30,2.70
2008.06.06 03:33:04.613,0.95812,0.95828,2.10,1.90
2008.06.06 03:33:04.963,0.95807,0.95823,0.89,1.10
2008.06.06 03:33:05.348,0.95812,0.95823,2.10,0.77
2008.06.06 03:33:05.502,0.95817,0.95829,1.20,0.87
2008.06.06 03:33:09.070,0.95819,0.95833,1.80,0.99
2008.06.06 03:33:09.459,0.95822,0.95833,0.47,1.20
2008.06.06 03:33:09.940,0.95823,0.95833,1.90,1.60
2008.06.06 03:33:12.651,0.95827,0.95843,0.99,1.40
2008.06.06 03:33:24.040,0.95823,0.95843,1.70,1.30
2008.06.06 03:33:25.034,0.9582,0.95841,1.20,0.89
2008.06.06 03:33:25.689,0.95827,0.95841,1.60,0.72
2008.06.06 03:33:31.320,0.95823,0.95833,1.50,3.30
2008.06.06 03:33:31.614,0.95817,0.95833,1.30,0.87
2008.06.06 03:33:31.712,0.95819,0.95839,1.80,0.78
2008.06.06 03:33:34.297,0.95817,0.95833,1.00,2.00
2008.06.06 03:33:35.350,0.95819,0.95839,1.40,1.60
2008.06.06 03:33:37.094,0.95818,0.95836,1.20,1.50
2008.06.06 03:33:37.790,0.95817,0.95833,0.96,0.86
2008.06.06 03:34:04.706,0.95819,0.95839,1.10,2.00
2008.06.06 03:34:05.513,0.95817,0.95839,0.65,1.30
2008.06.06 03:34:08.139,0.95819,0.95839,2.40,0.87
2008.06.06 03:34:08.875,0.95827,0.95839,0.95,1.20
2008.06.06 03:34:11.456,0.95823,0.95833,2.20,4.40
2008.06.06 03:34:11.565,0.95817,0.95833,2.60,0.71
2008.06.06 03:34:13.200,0.95819,0.95833,1.20,1.30
2008.06.06 03:34:13.873,0.95827,0.95836,1.00,1.00
2008.06.06 03:34:21.236,0.95823,0.95839,1.00,1.60
2008.06.06 03:34:21.425,0.9582,0.95839,1.20,1.10
2008.06.06 03:34:21.836,0.95819,0.95839,0.90,1.30
2008.06.06 03:34:42.249,0.95821,0.9584,1.00,1.10
2008.06.06 03:34:59.978,0.95827,0.95842,0.61,0.80
2008.06.06 03:35:09.386,0.95823,0.95843,0.77,0.98
2008.06.06 03:35:09.522,0.95821,0.95843,1.60,1.90
2008.06.06 03:35:20.477,0.95837,0.95843,0.84,1.00
2008.06.06 03:35:21.292,0.95833,0.95851,1.10,1.20
2008.06.06 03:35:21.539,0.95831,0.95851,2.10,1.30
2008.06.06 03:35:21.996,0.95829,0.95851,1.80,1.50
2008.06.06 03:35:24.998,0.95827,0.95843,1.70,1.80
2008.06.06 03:35:33.923,0.95829,0.95849,2.40,2.00
2008.06.06 03:35:34.547,0.95827,0.95843,1.20,1.60
2008.06.06 03:35:42.286,0.95824,0.95843,3.10,1.60
2008.06.06 03:35:42.436,0.95823,0.95843,2.00,3.40
2008.06.06 03:35:42.860,0.95821,0.95843,1.10,1.30
2008.06.06 03:35:45.027,0.95824,0.95843,1.80,0.96
2008.06.06 03:35:45.872,0.95827,0.95843,0.81,0.53
2008.06.06 03:35:52.192,0.95829,0.95843,0.71,2.90
2008.06.06 03:35:52.591,0.95834,0.95843,1.00,1.30
2008.06.06 03:35:52.967,0.95837,0.95847,2.40,0.95
2008.06.06 03:35:53.164,0.95833,0.95851,0.71,0.62
2008.06.06 03:35:53.921,0.9583,0.95851,1.60,0.89
2008.06.06 03:36:02.072,0.95831,0.95853,1.20,1.40
2008.06.06 03:36:09.387,0.95834,0.9585,1.10,1.90
2008.06.06 03:36:09.914,0.95837,0.9585,3.00,2.40
2008.06.06 03:36:16.187,0.95834,0.95853,1.50,1.50
2008.06.06 03:36:16.487,0.95833,0.95851,1.40,2.40
2008.06.06 03:36:16.892,0.9583,0.95851,2.10,1.60
2008.06.06 03:36:26.235,0.95834,0.95853,0.91,1.60
2008.06.06 03:36:26.754,0.95837,0.95853,1.40,1.00
2008.06.06 03:38:11.099,0.95833,0.95853,2.60,2.20
2008.06.06 03:38:11.753,0.95831,0.95853,1.30,1.00
2008.06.06 03:38:15.356,0.95834,0.95853,1.50,0.69
2008.06.06 03:38:15.804,0.95837,0.95853,0.89,0.82
2008.06.06 03:38:56.060,0.95833,0.95849,0.70,1.20
2008.06.06 03:38:56.306,0.9583,0.95849,0.42,2.80
2008.06.06 03:38:56.510,0.95829,0.95849,1.30,1.10
2008.06.06 03:38:56.856,0.95828,0.95849,1.20,1.20
2008.06.06 03:39:00.301,0.95829,0.95849,1.50,1.10
2008.06.06 03:39:00.364,0.95832,0.95852,2.50,0.74
2008.06.06 03:39:00.820,0.95837,0.95852,0.87,1.10
2008.06.06 03:39:01.082,0.95833,0.95849,1.10,1.50
2008.06.06 03:39:01.821,0.95829,0.95849,1.50,1.40
2008.06.06 03:39:03.134,0.95837,0.95849,1.70,1.30
2008.06.06 03:39:03.491,0.95833,0.95849,1.10,0.77
2008.06.06 03:39:03.680,0.9583,0.95849,1.00,0.64
2008.06.06 03:39:04.167,0.95832,0.95851,0.94,1.50
2008.06.06 03:39:04.413,0.95837,0.95851,0.97,0.91
2008.06.06 03:39:04.639,0.95833,0.95849,0.78,1.60
2008.06.06 03:39:04.925,0.9583,0.95849,1.30,0.80
2008.06.06 03:39:05.866,0.95829,0.95849,2.50,1.90
2008.06.06 03:39:06.301,0.95832,0.95849,1.30,1.70
2008.06.06 03:39:06.715,0.95837,0.95849,1.90,0.81
2008.06.06 03:39:07.180,0.95833,0.95853,1.30,1.20
2008.06.06 03:39:07.408,0.9583,0.95849,2.30,1.30
2008.06.06 03:39:07.563,0.95829,0.95849,1.80,0.81
2008.06.06 03:39:07.887,0.95827,0.95849,1.70,2.60
2008.06.06 03:39:09.353,0.95834,0.95851,0.72,2.10
2008.06.06 03:39:09.890,0.95837,0.95851,1.40,1.50
2008.06.06 03:39:15.200,0.95833,0.95849,1.20,1.10
2008.06.06 03:39:15.568,0.95829,0.95849,1.50,0.58
2008.06.06 03:39:17.444,0.95827,0.95849,2.10,1.20
2008.06.06 03:39:18.265,0.95829,0.95849,2.00,1.50
2008.06.06 03:39:18.502,0.95837,0.95849,2.00,0.56
2008.06.06 03:39:31.183,0.95833,0.95853,1.10,2.00
2008.06.06 03:39:31.465,0.95832,0.95853,1.30,0.79
2008.06.06 03:39:31.558,0.95829,0.95849,0.91,1.70
2008.06.06 03:39:31.868,0.95827,0.95849,2.80,1.10
2008.06.06 03:39:32.664,0.95837,0.95849,0.85,0.89
2008.06.06 03:39:33.185,0.95833,0.95843,0.86,0.71
2008.06.06 03:39:33.635,0.95827,0.95843,1.20,1.50
2008.06.06 03:39:33.708,0.95829,0.95845,2.00,0.78
2008.06.06 03:39:34.830,0.95827,0.95848,1.70,0.60
2008.06.06 03:39:35.144,0.95829,0.95848,1.20,1.00
2008.06.06 03:39:35.316,0.95832,0.95848,2.10,0.93
2008.06.06 03:39:35.481,0.95837,0.95848,1.50,0.76
2008.06.06 03:39:35.634,0.95833,0.95849,0.87,1.50
2008.06.06 03:39:35.835,0.95829,0.95849,1.20,1.00
2008.06.06 03:39:38.795,0.95837,0.95849,1.40,0.68
2008.06.06 03:39:39.199,0.95833,0.95849,1.70,1.10
2008.06.06 03:39:39.657,0.9583,0.95849,1.80,1.90
2008.06.06 03:39:39.925,0.95829,0.95851,0.88,1.90
2008.06.06 03:39:42.544,0.95837,0.95851,0.70,1.40
2008.06.06 03:39:44.433,0.95833,0.95851,1.60,2.50
2008.06.06 03:39:44.819,0.95829,0.95851,1.10,1.10
2008.06.06 03:39:45.107,0.95827,0.95843,1.20,1.10
2008.06.06 03:39:47.295,0.95837,0.95849,1.80,1.00
2008.06.06 03:39:47.643,0.95833,0.95851,1.10,1.50
2008.06.06 03:39:47.814,0.95829,0.95851,1.10,1.20
2008.06.06 03:39:49.187,0.95832,0.95852,0.80,0.65
2008.06.06 03:39:49.874,0.95837,0.95852,0.96,1.50
2008.06.06 03:40:07.155,0.95833,0.95851,3.80,0.73
2008.06.06 03:40:07.642,0.95829,0.95851,1.40,0.86
2008.06.06 03:40:10.545,0.95837,0.95851,0.51,2.30
2008.06.06 03:40:13.041,0.95833,0.95853,1.10,1.90
2008.06.06 03:40:13.353,0.95832,0.95853,1.70,1.60
2008.06.06 03:40:13.680,0.95831,0.95851,0.72,4.10
2008.06.06 03:40:13.931,0.95829,0.95851,1.30,2.60
2008.06.06 03:40:16.813,0.95827,0.95849,2.30,1.00
2008.06.06 03:40:33.008,0.95829,0.95849,1.50,2.80
2008.06.06 03:40:33.624,0.95832,0.95849,0.73,1.30
2008.06.06 03:40:33.762,0.95837,0.95849,1.60,2.40
2008.06.06 03:40:34.245,0.95831,0.95849,1.40,0.77
2008.06.06 03:40:34.463,0.9583,0.95849,2.80,0.82
2008.06.06 03:40:34.930,0.95829,0.95849,0.90,1.50
2008.06.06 03:40:35.502,0.95827,0.95843,1.70,1.20
2008.06.06 03:40:39.462,0.95837,0.95847,1.50,0.75
2008.06.06 03:40:40.020,0.95831,0.95847,2.40,1.70
2008.06.06 03:40:40.545,0.95829,0.95847,0.99,2.30
2008.06.06 03:40:40.768,0.95827,0.95849,1.00,0.84
2008.06.06 03:40:43.312,0.95837,0.95849,1.70,0.83
2008.06.06 03:40:43.369,0.95831,0.95849,1.20,1.00
2008.06.06 03:40:43.760,0.95829,0.95849,1.00,1.20
2008.06.06 03:40:46.805,0.95837,0.95849,1.30,0.83
2008.06.06 03:40:47.414,0.95831,0.95849,2.00,0.87
2008.06.06 03:40:47.879,0.9583,0.95849,2.00,1.70
2008.06.06 03:40:49.996,0.95827,0.95847,2.10,0.52
2008.06.06 03:40:50.465,0.9583,0.95851,1.30,2.00
2008.06.06 03:40:50.956,0.95837,0.95851,2.00,4.30
2008.06.06 03:40:52.305,0.95831,0.95849,0.91,1.20
2008.06.06 03:40:52.720,0.95829,0.95849,1.50,2.40
2008.06.06 03:40:53.566,0.95827,0.95849,2.00,1.40
2008.06.06 03:40:55.308,0.9583,0.9585,1.70,2.00
2008.06.06 03:40:55.539,0.95837,0.9585,0.87,1.80
2008.06.06 03:41:00.020,0.95831,0.95849,1.10,2.10
2008.06.06 03:41:00.861,0.95828,0.95849,1.70,1.40
2008.06.06 03:41:03.203,0.95829,0.95849,1.10,0.82
2008.06.06 03:41:03.609,0.9583,0.95851,0.87,1.30
2008.06.06 03:41:03.957,0.95837,0.95851,2.60,1.90
2008.06.06 03:41:05.049,0.95831,0.95849,1.30,0.70
2008.06.06 03:41:05.810,0.95829,0.95849,2.00,1.20
2008.06.06 03:41:06.240,0.9583,0.95851,0.96,1.60
2008.06.06 03:41:06.635,0.95837,0.95851,1.10,1.20
2008.06.06 03:41:07.117,0.95831,0.95849,1.20,1.60
2008.06.06 03:41:07.652,0.9583,0.95849,0.94,1.70
2008.06.06 03:41:10.612,0.95827,0.95849,0.93,1.10
2008.06.06 03:41:12.698,0.95837,0.95849,1.50,0.84
2008.06.06 03:41:21.109,0.95839,0.95859,1.50,2.40
2008.06.06 03:41:23.675,0.95838,0.95853,1.40,2.90
2008.06.06 03:41:24.013,0.95837,0.95853,1.90,2.60
2008.06.06 03:41:24.990,0.95839,0.95857,1.00,1.00
2008.06.06 03:41:28.777,0.95838,0.95853,1.40,1.40
2008.06.06 03:41:29.026,0.95842,0.95853,1.10,1.10
2008.06.06 03:41:29.947,0.95847,0.95857,1.60,0.71
2008.06.06 03:41:30.445,0.95842,0.95863,1.30,1.50
2008.06.06 03:41:30.623,0.95841,0.95861,1.70,1.00
2008.06.06 03:41:31.582,0.9584,0.95861,2.00,1.70
2008.06.06 03:41:32.039,0.95842,0.95863,0.96,1.60
2008.06.06 03:41:32.785,0.95847,0.95863,1.60,0.57
2008.06.06 03:41:34.132,0.95852,0.95866,2.20,0.92
2008.06.06 03:41:34.511,0.95857,0.95869,2.30,1.60
2008.06.06 03:41:38.391,0.95856,0.95873,2.10,1.90
2008.06.06 03:41:41.812,0.95851,0.95868,1.90,3.30
2008.06.06 03:41:42.004,0.95849,0.95863,1.50,0.77
2008.06.06 03:41:44.239,0.95848,0.95863,1.10,0.92
2008.06.06 03:41:44.553,0.95847,0.95863,1.00,1.40
2008.06.06 03:41:51.174,0.95846,0.95863,1.30,0.91
2008.06.06 03:41:51.949,0.95844,0.95858,2.30,1.60
2008.06.06 03:41:54.039,0.95845,0.95858,1.50,1.90
2008.06.06 03:41:54.636,0.95846,0.95863,1.10,1.60
2008.06.06 03:41:59.184,0.95847,0.95863,2.40,1.60
2008.06.06 03:42:03.017,0.95845,0.95863,0.97,2.30
2008.06.06 03:42:03.908,0.95846,0.95863,1.30,1.10
2008.06.06 03:42:05.688,0.95843,0.95858,0.71,1.80
2008.06.06 03:42:06.083,0.9584,0.95853,1.10,0.66
2008.06.06 03:42:06.972,0.95839,0.95853,1.30,1.30
2008.06.06 03:42:07.963,0.95837,0.95853,1.30,0.74
2008.06.06 03:42:13.177,0.95836,0.95848,0.84,1.50
2008.06.06 03:42:14.015,0.95833,0.95848,1.20,1.10
2008.06.06 03:42:14.341,0.95832,0.95848,0.89,1.80
2008.06.06 03:42:14.496,0.95831,0.95843,0.75,0.90
2008.06.06 03:42:14.783,0.9583,0.95843,1.60,0.86
2008.06.06 03:42:14.971,0.95831,0.95851,1.10,1.20
2008.06.06 03:42:15.750,0.95828,0.95849,2.00,0.81
2008.06.06 03:42:16.002,0.95827,0.95847,1.80,0.77
2008.06.06 03:42:16.361,0.95826,0.95848,1.70,2.80
2008.06.06 03:42:16.609,0.9582,0.95841,1.20,2.10
2008.06.06 03:42:16.891,0.95819,0.95841,0.45,1.20
2008.06.06 03:42:19.342,0.95824,0.95844,0.75,0.63
2008.06.06 03:42:20.269,0.95827,0.95846,3.50,1.20
2008.06.06 03:42:20.539,0.95828,0.95846,1.00,1.50
2008.06.06 03:42:20.797,0.95827,0.95849,0.49,2.40
2008.06.06 03:42:21.024,0.95824,0.95846,1.40,0.84
2008.06.06 03:42:24.228,0.95827,0.95846,1.70,1.90
2008.06.06 03:42:24.556,0.95828,0.95848,1.40,1.40
2008.06.06 03:42:24.785,0.95827,0.95849,1.20,1.30
2008.06.06 03:42:25.639,0.95829,0.9585,1.50,1.80
2008.06.06 03:42:48.570,0.95827,0.95843,1.30,1.50
2008.06.06 03:42:49.162,0.95824,0.95843,1.10,0.95
2008.06.06 03:42:49.418,0.95827,0.95833,1.60,0.42
2008.06.06 03:42:49.893,0.95825,0.95843,2.40,1.40
2008.06.06 03:42:50.259,0.95824,0.95833,1.00,0.96
2008.06.06 03:42:54.454,0.95822,0.95833,1.50,1.90
2008.06.06 03:42:54.621,0.95821,0.95833,0.83,0.94
2008.06.06 03:42:59.186,0.95824,0.95833,0.93,0.79
2008.06.06 03:42:59.373,0.95825,0.95833,1.50,1.20
2008.06.06 03:42:59.993,0.95824,0.95833,1.20,2.30
2008.06.06 03:43:00.301,0.95822,0.95833,1.50,1.20
2008.06.06 03:43:00.990,0.95821,0.95833,1.40,0.42
2008.06.06 03:43:01.062,0.9582,0.95833,0.85,1.80
2008.06.06 03:43:04.199,0.95822,0.95833,1.30,0.94
2008.06.06 03:43:04.348,0.95825,0.95833,1.50,1.10
2008.06.06 03:43:04.949,0.95822,0.95833,2.30,2.00
2008.06.06 03:43:07.218,0.95819,0.95833,0.72,1.60
2008.06.06 03:43:08.335,0.9582,0.95833,1.90,1.10
2008.06.06 03:43:51.395,0.95822,0.9584,1.20,1.40
2008.06.06 03:43:51.891,0.95827,0.9584,3.30,0.68
2008.06.06 03:44:30.635,0.95822,0.95833,2.20,1.10
2008.06.06 03:44:31.369,0.95823,0.95833,1.20,0.99
2008.06.06 03:44:31.525,0.95827,0.95843,1.80,1.90
2008.06.06 03:45:51.455,0.95829,0.95851,2.30,0.96
2008.06.06 03:45:52.909,0.95827,0.95849,2.50,1.80
2008.06.06 03:45:54.602,0.95829,0.95851,1.40,0.86
2008.06.06 03:45:56.810,0.95839,0.95851,1.00,1.00
2008.06.06 03:45:57.394,0.95847,0.95851,2.60,2.30
2008.06.06 03:45:57.589,0.95849,0.95867,0.93,1.50
2008.06.06 03:46:10.804,0.95852,0.95873,2.10,1.20
2008.06.06 03:46:15.320,0.95849,0.95871,0.74,0.88
2008.06.06 03:46:15.790,0.95847,0.95869,1.90,0.62
2008.06.06 03:46:32.554,0.95845,0.95867,0.71,1.60
2008.06.06 03:46:33.231,0.95844,0.95864,1.10,3.80
2008.06.06 03:46:33.556,0.95843,0.95864,1.50,0.91
2008.06.06 03:46:33.668,0.95842,0.95864,3.10,1.60
2008.06.06 03:46:42.218,0.95844,0.95866,1.10,0.96
2008.06.06 03:46:56.394,0.95857,0.95863,0.37,1.50
2008.06.06 03:46:56.630,0.95849,0.95853,1.80,0.93
2008.06.06 03:46:57.145,0.95847,0.95853,1.10,1.40
2008.06.06 03:46:57.240,0.95838,0.95853,0.95,0.72
2008.06.06 03:46:57.411,0.95837,0.95853,1.10,1.80
2008.06.06 03:46:57.622,0.9584,0.95853,1.20,0.88
2008.06.06 03:46:57.673,0.95841,0.95853,1.10,0.47
2008.06.06 03:46:57.960,0.9584,0.95859,1.00,2.50
2008.06.06 03:46:58.103,0.95839,0.95859,1.40,0.43
2008.06.06 03:46:59.804,0.95836,0.95858,1.50,1.10
2008.06.06 03:47:01.756,0.95839,0.95855,1.10,1.20
2008.06.06 03:47:02.496,0.95837,0.95857,0.52,0.73
2008.06.06 03:47:02.774,0.95836,0.95857,0.66,1.30
2008.06.06 03:47:03.951,0.95835,0.95856,3.50,1.50
2008.06.06 03:47:09.807,0.9583,0.95852,1.50,1.70
2008.06.06 03:47:12.235,0.95828,0.95848,0.99,2.30
2008.06.06 03:47:12.645,0.95829,0.95849,1.60,1.20
2008.06.06 03:47:12.854,0.95837,0.95849,1.00,2.90
2008.06.06 03:47:13.461,0.9583,0.9585,1.40,0.47
2008.06.06 03:47:13.678,0.95828,0.9585,0.87,1.40
2008.06.06 03:47:16.421,0.95837,0.9585,1.10,2.10
2008.06.06 03:47:23.180,0.95839,0.95851,0.76,1.40
2008.06.06 03:47:23.457,0.95847,0.95851,0.79,1.00
2008.06.06 03:47:23.586,0.95839,0.95861,1.70,1.30
2008.06.06 03:47:23.772,0.95837,0.95856,0.98,1.90
2008.06.06 03:47:30.246,0.95831,0.9585,0.92,1.30
2008.06.06 03:47:30.661,0.95829,0.9585,2.10,0.90
2008.06.06 03:47:30.715,0.95828,0.9585,0.75,1.30
2008.06.06 03:47:31.904,0.95827,0.95848,1.00,1.60
2008.06.06 03:47:34.406,0.95828,0.95847,1.30,0.94
2008.06.06 03:47:34.901,0.95827,0.95843,1.50,1.20
2008.06.06 03:47:42.309,0.95819,0.95838,2.30,0.63
2008.06.06 03:47:42.584,0.95818,0.95838,0.97,0.81
2008.06.06 03:47:42.749,0.95817,0.95838,2.30,1.80
2008.06.06 03:48:03.072,0.9581,0.95831,0.72,1.20
2008.06.06 03:48:03.490,0.95809,0.95829,2.10,2.00
2008.06.06 03:48:03.842,0.95807,0.95829,1.20,0.58
2008.06.06 03:48:06.056,0.95809,0.95828,0.99,1.40
2008.06.06 03:48:06.394,0.95811,0.95829,2.60,0.97
2008.06.06 03:48:06.872,0.95817,0.95829,2.00,1.60
2008.06.06 03:48:10.091,0.95811,0.95832,1.60,1.40
2008.06.06 03:48:10.344,0.95809,0.9583,1.10,1.50
2008.06.06 03:48:10.556,0.95808,0.95829,4.30,1.40
2008.06.06 03:48:10.821,0.95807,0.95823,1.40,1.10
2008.06.06 03:48:11.159,0.95808,0.95825,1.40,1.10
2008.06.06 03:48:14.131,0.95809,0.95828,1.00,2.50
2008.06.06 03:48:14.970,0.95817,0.95828,0.84,1.90
2008.06.06 03:48:19.397,0.95809,0.95831,1.80,0.60
2008.06.06 03:48:19.596,0.95807,0.95828,1.20,1.50
2008.06.06 03:48:29.433,0.95817,0.95828,0.67,1.20
2008.06.06 03:48:33.304,0.95809,0.95823,1.90,0.72
2008.06.06 03:48:33.734,0.95807,0.95823,0.94,0.76
2008.06.06 03:48:43.180,0.95809,0.95829,0.64,1.80
2008.06.06 03:48:53.772,0.95807,0.95829,1.50,1.30
2008.06.06 03:49:01.119,0.95809,0.95829,1.50,0.69
2008.06.06 03:49:01.429,0.95817,0.95829,0.72,0.88
2008.06.06 03:49:01.506,0.9581,0.95832,1.10,1.10
2008.06.06 03:49:01.917,0.95807,0.95826,0.93,0.99
2008.06.06 03:49:25.466,0.95817,0.95829,1.30,2.00
2008.06.06 03:49:26.080,0.9581,0.95829,0.51,1.10
2008.06.06 03:49:26.778,0.95807,0.95829,0.88,0.92
2008.06.06 03:50:02.309,0.95808,0.95826,1.50,1.20
2008.06.06 03:50:02.412,0.95812,0.95826,0.83,2.10
2008.06.06 03:50:02.861,0.95817,0.95826,1.80,1.10
2008.06.06 03:50:34.125,0.95819,0.95833,0.83,1.10
2008.06.06 03:50:38.920,0.95821,0.9584,1.50,0.71
2008.06.06 03:50:41.157,0.95819,0.9584,1.60,1.10
2008.06.06 03:50:41.677,0.95817,0.95839,0.92,0.62
2008.06.06 03:50:53.125,0.95818,0.95839,1.70,1.40
2008.06.06 03:50:54.457,0.95819,0.95839,0.88,0.78
2008.06.06 03:50:54.966,0.95821,0.95839,1.90,0.93
2008.06.06 03:50:56.226,0.95823,0.95843,1.50,1.10
2008.06.06 03:51:00.805,0.95818,0.9584,1.40,1.70
2008.06.06 03:51:01.266,0.95821,0.9584,0.63,1.40
2008.06.06 03:51:02.777,0.95823,0.9584,1.40,0.68
2008.06.06 03:51:06.289,0.95818,0.9584,1.80,1.10
2008.06.06 03:51:06.591,0.9582,0.9584,1.60,1.40
2008.06.06 03:51:15.793,0.95817,0.95833,1.10,1.30
2008.06.06 03:51:19.864,0.95818,0.95833,0.66,0.90
2008.06.06 03:51:20.927,0.95821,0.95833,0.98,0.83
2008.06.06 03:51:21.116,0.95823,0.95833,1.10,1.60
2008.06.06 03:51:21.359,0.95821,0.95833,0.76,2.00
2008.06.06 03:51:21.683,0.9582,0.95833,1.40,1.50
2008.06.06 03:51:26.006,0.95816,0.95833,0.78,0.51
2008.06.06 03:51:26.436,0.95815,0.95833,1.20,0.83
2008.06.06 03:51:26.696,0.95814,0.95828,1.90,2.00
2008.06.06 03:51:27.471,0.95813,0.95828,2.30,1.20
2008.06.06 03:51:27.751,0.95808,0.95823,0.99,1.10
2008.06.06 03:51:29.721,0.95806,0.95823,1.80,0.43
2008.06.06 03:51:31.256,0.95808,0.95823,1.90,2.20
2008.06.06 03:51:31.521,0.95811,0.95823,1.20,1.20
2008.06.06 03:51:36.182,0.9581,0.95813,1.00,1.20
2008.06.06 03:51:37.207,0.95809,0.95813,0.81,0.99
2008.06.06 03:51:37.305,0.95804,0.95813,0.81,1.30
2008.06.06 03:51:37.665,0.95806,0.95823,1.70,1.10
2008.06.06 03:51:37.990,0.95804,0.95823,1.50,1.40
2008.06.06 03:51:38.302,0.95807,0.95823,0.96,1.20
2008.06.06 03:51:38.495,0.95811,0.95823,0.76,1.40
2008.06.06 03:51:38.884,0.95814,0.95823,1.10,1.10
2008.06.06 03:51:46.364,0.95809,0.95823,0.67,0.99
2008.06.06 03:51:46.509,0.95807,0.95823,1.10,0.74
2008.06.06 03:51:47.001,0.95806,0.95823,1.50,1.20
2008.06.06 03:51:48.346,0.95803,0.95813,1.80,1.80
2008.06.06 03:51:48.673,0.95801,0.95813,1.10,1.50
2008.06.06 03:51:49.192,0.958,0.95813,0.93,1.40
2008.06.06 03:51:49.402,0.95797,0.95803,2.30,0.91
2008.06.06 03:51:49.700,0.95795,0.95803,1.50,0.80
2008.06.06 03:51:49.756,0.95793,0.95803,1.60,2.10
2008.06.06 03:51:51.422,0.95798,0.95803,1.90,0.93
2008.06.06 03:51:52.162,0.95797,0.95813,1.10,0.99
2008.06.06 03:51:52.325,0.95796,0.95803,2.50,2.00
2008.06.06 03:51:52.657,0.95794,0.95803,1.10,1.70
2008.06.06 03:51:52.832,0.95797,0.95803,1.00,1.90
2008.06.06 03:51:53.079,0.95799,0.95813,0.92,2.10
2008.06.06 03:51:53.299,0.958,0.95813,1.30,3.50
2008.06.06 03:51:53.420,0.95801,0.95813,1.60,1.40
2008.06.06 03:51:53.571,0.958,0.95813,1.60,1.10
2008.06.06 03:51:53.794,0.95794,0.95803,1.20,1.10
2008.06.06 03:51:53.904,0.95796,0.95803,1.30,0.84
2008.06.06 03:51:54.032,0.95798,0.95813,1.30,4.70
2008.06.06 03:51:54.652,0.95801,0.95813,1.40,2.10
2008.06.06 03:51:55.195,0.95803,0.95818,0.54,1.50
2008.06.06 03:51:55.509,0.95801,0.95818,1.30,2.40
2008.06.06 03:51:56.310,0.95811,0.95818,2.20,1.50
2008.06.06 03:51:56.593,0.95814,0.95823,1.00,0.60
2008.06.06 03:51:57.259,0.95812,0.95823,1.40,1.70
2008.06.06 03:51:57.940,0.95814,0.95823,1.00,1.50
2008.06.06 03:51:58.904,0.95812,0.95823,1.30,0.44
2008.06.06 03:51:59.405,0.95814,0.95823,1.00,1.40
2008.06.06 03:51:59.924,0.95812,0.95823,1.70,1.10
2008.06.06 03:52:01.557,0.95811,0.95823,2.50,1.70
2008.06.06 03:52:02.394,0.95814,0.95823,1.80,0.70
2008.06.06 03:52:02.562,0.95811,0.95823,2.10,1.00
2008.06.06 03:52:07.165,0.9581,0.95823,1.30,1.30
2008.06.06 03:52:07.649,0.95809,0.95823,1.10,1.20
2008.06.06 03:52:07.999,0.95806,0.95823,1.00,1.10
2008.06.06 03:52:08.158,0.95803,0.95818,1.60,2.10
2008.06.06 03:52:08.533,0.958,0.95818,1.30,1.00
2008.06.06 03:52:10.049,0.95802,0.95813,1.70,0.95
2008.06.06 03:52:10.198,0.95804,0.95813,0.63,0.85
2008.06.06 03:52:10.452,0.95805,0.95821,0.87,1.30
2008.06.06 03:52:10.501,0.95804,0.95823,2.00,1.40
2008.06.06 03:52:10.767,0.95803,0.95823,1.10,1.10
2008.06.06 03:52:10.880,0.95801,0.95818,0.72,1.00
2008.06.06 03:52:12.005,0.95802,0.95818,0.89,1.10
2008.06.06 03:52:12.498,0.95805,0.95823,0.87,1.20
2008.06.06 03:52:12.524,0.95806,0.95823,1.70,0.91
2008.06.06 03:52:12.804,0.95808,0.95823,1.00,1.30
2008.06.06 03:52:13.542,0.95806,0.95823,1.20,0.75
2008.06.06 03:52:15.726,0.95808,0.95823,1.20,2.80
2008.06.06 03:52:16.256,0.95811,0.95823,1.70,0.90
2008.06.06 03:52:16.643,0.95813,0.95823,0.70,1.80
2008.06.06 03:52:16.745,0.95811,0.95823,2.10,0.63
2008.06.06 03:52:17.251,0.95808,0.95823,0.85,0.59
2008.06.06 03:52:20.121,0.95809,0.95823,1.10,0.38
2008.06.06 03:52:20.333,0.95812,0.95823,2.00,1.10
2008.06.06 03:52:20.787,0.95809,0.95823,0.40,0.89
2008.06.06 03:52:22.170,0.95811,0.95823,1.00,0.73
2008.06.06 03:52:22.314,0.9581,0.95823,1.40,2.40
2008.06.06 03:52:22.647,0.95809,0.95813,1.70,1.40
2008.06.06 03:52:22.957,0.95805,0.95813,1.40,1.90
2008.06.06 03:52:23.146,0.958,0.95813,1.10,1.30
2008.06.06 03:52:23.308,0.95807,0.95813,1.10,2.00
2008.06.06 03:52:23.451,0.95809,0.95823,0.56,0.68
2008.06.06 03:52:23.628,0.9581,0.95823,1.60,1.60
2008.06.06 03:52:23.928,0.95811,0.95823,1.10,0.99
2008.06.06 03:52:25.094,0.95814,0.95823,1.40,0.53
2008.06.06 03:52:26.705,0.95811,0.95823,1.10,1.30
2008.06.06 03:52:27.138,0.9581,0.95823,1.10,1.20
2008.06.06 03:52:27.666,0.95809,0.95823,0.88,1.10
2008.06.06 03:52:31.031,0.95806,0.95818,1.10,1.10
2008.06.06 03:52:31.927,0.95805,0.95823,1.20,0.93
2008.06.06 03:52:38.184,0.95794,0.95803,1.30,1.90
2008.06.06 03:52:39.481,0.95797,0.95813,2.10,1.00
2008.06.06 03:52:39.958,0.95798,0.95813,0.49,1.30
2008.06.06 03:52:40.208,0.95797,0.95813,1.30,0.61
2008.06.06 03:52:50.488,0.95795,0.95803,1.50,1.20
2008.06.06 03:52:50.727,0.95794,0.95803,1.70,1.80
2008.06.06 03:52:51.681,0.95798,0.95803,1.30,1.30
2008.06.06 03:52:52.845,0.95796,0.95813,0.59,0.84
2008.06.06 03:53:03.441,0.95797,0.95813,1.50,0.98
2008.06.06 03:53:03.592,0.95798,0.95813,1.60,2.10
2008.06.06 03:53:05.239,0.95797,0.95813,0.94,1.20
2008.06.06 03:53:06.664,0.95798,0.95813,1.40,0.70
2008.06.06 03:53:07.774,0.958,0.9582,1.50,0.85
2008.06.06 03:53:09.100,0.95798,0.9582,1.90,1.30
2008.06.06 03:53:15.826,0.958,0.9582,1.10,2.20
2008.06.06 03:53:17.118,0.95801,0.95822,1.10,1.80
2008.06.06 03:53:17.879,0.95807,0.95822,1.10,0.83
2008.06.06 03:53:26.343,0.9581,0.95828,0.92,2.10
2008.06.06 03:53:26.522,0.95807,0.95828,1.80,1.30
2008.06.06 03:53:27.023,0.95805,0.95825,1.00,1.40
2008.06.06 03:53:27.544,0.95803,0.95825,3.20,1.80
2008.06.06 03:53:29.222,0.958,0.9582,0.86,1.60
2008.06.06 03:53:29.641,0.95803,0.9582,0.88,1.20
2008.06.06 03:53:31.405,0.95807,0.9582,1.70,0.68
2008.06.06 03:53:32.482,0.95808,0.95823,1.60,3.80
2008.06.06 03:53:32.666,0.95807,0.95828,1.70,1.70
2008.06.06 03:53:33.242,0.95808,0.95828,1.00,0.73
2008.06.06 03:53:39.904,0.95817,0.95828,3.50,1.20
2008.06.06 03:53:52.376,0.95827,0.95836,0.45,1.60
2008.06.06 03:53:55.379,0.9582,0.95833,1.10,1.40
2008.06.06 03:53:57.945,0.95827,0.95841,1.10,1.80
2008.06.06 03:53:59.613,0.9582,0.95841,1.00,0.62
2008.06.06 03:54:00.139,0.95819,0.95841,1.90,1.00
2008.06.06 03:54:00.695,0.95817,0.95833,1.40,0.51
2008.06.06 03:54:08.471,0.95821,0.95833,1.30,1.10
2008.06.06 03:54:08.572,0.95827,0.95836,0.93,1.20
2008.06.06 03:54:10.014,0.9582,0.95836,0.95,0.46
2008.06.06 03:54:10.267,0.95819,0.95836,1.50,1.60
2008.06.06 03:54:10.733,0.95817,0.95838,1.10,1.30
2008.06.06 03:54:10.799,0.9582,0.95838,0.83,2.40
2008.06.06 03:54:13.808,0.95827,0.95838,0.96,1.40
2008.06.06 03:54:22.164,0.95829,0.95843,1.10,1.10
2008.06.06 03:54:22.600,0.95837,0.95846,1.00,0.82
2008.06.06 03:54:23.141,0.9583,0.95851,0.80,1.70
2008.06.06 03:54:23.577,0.95829,0.95846,1.10,1.40
2008.06.06 03:54:23.944,0.95827,0.95848,0.84,1.60
2008.06.06 03:54:26.695,0.95828,0.9585,2.40,1.40
2008.06.06 03:54:28.390,0.95829,0.9585,1.80,0.41
2008.06.06 03:54:30.404,0.95831,0.9585,2.00,0.63
2008.06.06 03:54:34.109,0.95829,0.95843,1.40,1.20
2008.06.06 03:54:34.825,0.95827,0.95843,1.90,2.20
2008.06.06 03:54:42.414,0.95828,0.95846,1.70,1.90
2008.06.06 03:54:42.587,0.9583,0.9585,0.76,1.10
2008.06.06 03:54:44.410,0.95831,0.95849,1.70,1.60
2008.06.06 03:54:44.655,0.95837,0.95849,1.30,1.10
2008.06.06 03:54:45.498,0.9583,0.9585,1.30,0.71
2008.06.06 03:54:45.844,0.95829,0.9585,1.60,1.40
2008.06.06 03:54:46.273,0.95828,0.9585,1.30,1.10
2008.06.06 03:54:47.196,0.9583,0.9585,1.60,1.00
2008.06.06 03:54:50.042,0.95837,0.9585,1.10,0.93
2008.06.06 03:54:51.306,0.95833,0.95853,1.00,1.40
2008.06.06 03:54:51.421,0.95831,0.95853,2.60,1.10
2008.06.06 03:54:51.744,0.9583,0.9585,1.40,1.60
2008.06.06 03:54:58.316,0.95827,0.95833,1.40,0.75
2008.06.06 03:54:58.878,0.95825,0.95833,0.89,0.91
2008.06.06 03:55:00.379,0.95823,0.95833,1.20,4.00
2008.06.06 03:55:08.165,0.95821,0.95833,0.70,1.60
2008.06.06 03:55:10.456,0.95819,0.95823,1.50,1.30
2008.06.06 03:55:10.667,0.95815,0.95823,1.00,0.57
2008.06.06 03:55:11.149,0.95811,0.95823,1.30,1.00
2008.06.06 03:55:13.256,0.95814,0.95833,1.10,0.76
2008.06.06 03:55:13.992,0.95824,0.95833,1.60,0.63
2008.06.06 03:55:14.524,0.95822,0.95833,1.10,0.54
2008.06.06 03:55:18.255,0.95819,0.95833,2.60,1.30
2008.06.06 03:55:19.402,0.95818,0.95833,2.60,0.73
2008.06.06 03:55:19.673,0.95816,0.95833,1.40,1.50
2008.06.06 03:55:20.261,0.95814,0.95823,0.99,1.50
2008.06.06 03:55:20.524,0.95813,0.95823,1.40,1.30
2008.06.06 03:55:20.890,0.95811,0.95823,2.20,1.60
2008.06.06 03:55:21.028,0.95817,0.95833,0.96,0.78
2008.06.06 03:55:32.242,0.95827,0.95836,1.50,2.10
2008.06.06 03:55:34.915,0.9582,0.9584,1.90,0.74
2008.06.06 03:55:35.075,0.95819,0.9584,1.50,1.90
2008.06.06 03:55:35.890,0.95818,0.9584,1.30,1.10
2008.06.06 03:55:40.215,0.95817,0.95838,0.89,0.66
2008.06.06 03:55:43.954,0.95818,0.95839,2.60,1.40
2008.06.06 03:55:46.996,0.95819,0.9584,3.90,0.74
2008.06.06 03:55:53.873,0.9582,0.95839,1.10,0.95
2008.06.06 03:56:02.101,0.95827,0.95839,2.20,1.00
2008.06.06 03:56:14.924,0.95828,0.95843,2.30,2.30
2008.06.06 03:56:24.451,0.95827,0.95843,1.40,1.40
2008.06.06 03:57:06.058,0.95837,0.95848,1.20,2.20
2008.06.06 03:57:17.020,0.95838,0.95856,1.60,1.50
2008.06.06 03:57:18.107,0.95847,0.95859,1.10,0.74
2008.06.06 03:57:23.193,0.95841,0.95853,1.10,2.30
2008.06.06 03:57:23.389,0.9584,0.95853,3.20,1.70
2008.06.06 03:57:23.549,0.95837,0.95853,1.60,0.88
2008.06.06 03:57:23.759,0.95838,0.95856,1.20,1.70
2008.06.06 03:57:25.255,0.95837,0.95853,0.68,0.57
2008.06.06 03:57:25.957,0.95833,0.95853,1.40,1.90
2008.06.06 03:57:26.089,0.95837,0.95853,1.30,0.93
2008.06.06 03:57:26.937,0.95847,0.95853,0.49,0.92
2008.06.06 03:57:28.236,0.95841,0.95862,2.20,1.10
2008.06.06 03:57:28.482,0.9584,0.95858,1.60,1.10
2008.06.06 03:57:28.815,0.95837,0.95858,1.20,1.50
2008.06.06 03:57:29.282,0.95836,0.95858,1.30,1.30
2008.06.06 03:57:29.439,0.95834,0.95853,1.40,0.96
2008.06.06 03:57:29.863,0.95833,0.95853,4.30,0.49
2008.06.06 03:57:30.323,0.95837,0.95853,1.00,1.50
2008.06.06 03:57:30.409,0.95841,0.95858,0.97,0.38
2008.06.06 03:57:30.862,0.95847,0.95859,2.10,1.80
2008.06.06 03:57:31.290,0.9584,0.95852,1.30,2.60
2008.06.06 03:57:31.982,0.95833,0.95852,0.96,0.72
2008.06.06 03:57:32.386,0.95829,0.95847,0.72,2.00
2008.06.06 03:57:32.865,0.95827,0.95847,0.99,2.40
2008.06.06 03:57:33.133,0.95826,0.95847,2.50,0.67
2008.06.06 03:57:41.469,0.95823,0.95845,1.10,1.10
2008.06.06 03:57:42.001,0.95824,0.95845,1.30,1.70
2008.06.06 03:57:42.540,0.95825,0.95847,1.10,0.92
2008.06.06 03:57:43.464,0.95823,0.95842,0.76,2.70
2008.06.06 03:57:43.591,0.9582,0.95842,1.10,0.83
2008.06.06 03:57:52.994,0.95817,0.95833,1.30,1.30
2008.06.06 03:58:21.230,0.95818,0.95833,1.10,2.10
2008.06.06 03:58:21.753,0.95817,0.95838,1.20,0.69
