2014.08.22 06:00:01.420,0.93252,0.93258,1.00,1.00
2014.08.22 06:00:01.726,0.93253,0.93258,1.18,1.00
2014.08.22 06:00:02.231,0.93253,0.93257,1.00,1.00
2014.08.22 06:00:02.787,0.93252,0.93257,1.10,1.00
2014.08.22 06:00:03.398,0.93252,0.93258,1.18,1.00
2014.08.22 06:00:04.616,0.93252,0.93258,1.10,1.00
2014.08.22 06:00:05.971,0.93252,0.93259,1.10,1.00
2014.08.22 06:00:07.552,0.93254,0.93259,1.00,1.00
2014.08.22 06:00:07.704,0.93254,0.93262,1.50,2.22
2014.08.22 06:00:07.805,0.93254,0.93262,1.50,2.22
2014.08.22 06:00:11.233,0.93254,0.93262,1.50,4.39
2014.08.22 06:00:11.757,0.93254,0.93262,1.50,2.97
2014.08.22 06:00:15.254,0.93256,0.93262,1.00,2.22
2014.08.22 06:00:15.406,0.93257,0.93263,1.02,1.00
2014.08.22 06:00:15.911,0.93257,0.93263,1.09,1.00
2014.08.22 06:00:16.417,0.93257,0.93263,1.02,1.00
2014.08.22 06:00:16.934,0.93257,0.93263,1.18,1.00
2014.08.22 06:00:18.003,0.93257,0.93263,1.20,1.00
2014.08.22 06:00:18.525,0.93257,0.93263,1.18,1.00
2014.08.22 06:00:19.434,0.93257,0.93263,1.20,1.00
2014.08.22 06:00:19.961,0.93257,0.93263,1.18,1.00
2014.08.22 06:00:21.050,0.93257,0.93263,1.20,1.00
2014.08.22 06:00:21.555,0.93256,0.93262,1.00,1.10
2014.08.22 06:00:24.018,0.93256,0.93262,1.00,1.08
2014.08.22 06:00:24.422,0.93254,0.93262,1.25,1.15
2014.08.22 06:00:25.662,0.93254,0.93262,1.00,3.27
2014.08.22 06:00:26.167,0.93254,0.93261,1.00,1.15
2014.08.22 06:00:26.370,0.93251,0.93259,2.14,1.10
2014.08.22 06:00:27.276,0.9325,0.93259,1.39,1.08
2014.08.22 06:00:27.794,0.9325,0.93259,1.37,1.10
2014.08.22 06:00:37.233,0.9325,0.93259,1.47,1.25
2014.08.22 06:00:40.451,0.9325,0.93259,1.84,1.00
2014.08.22 06:00:42.882,0.93254,0.93261,1.00,2.97
2014.08.22 06:00:43.286,0.9325,0.93259,2.22,1.00
2014.08.22 06:00:43.337,0.93254,0.93259,1.00,1.00
2014.08.22 06:00:43.488,0.93254,0.93262,1.00,2.22
2014.08.22 06:00:43.994,0.93254,0.93261,1.00,1.28
2014.08.22 06:00:45.393,0.93254,0.93261,1.00,1.20
2014.08.22 06:00:45.898,0.93254,0.93261,1.00,1.47
2014.08.22 06:00:49.542,0.93254,0.93261,1.00,2.22
2014.08.22 06:00:50.546,0.93254,0.93261,1.00,2.14
2014.08.22 06:00:52.880,0.9325,0.93259,2.22,1.00
2014.08.22 06:00:55.455,0.93249,0.93259,4.47,1.25
2014.08.22 06:00:56.057,0.93249,0.93259,6.64,1.25
2014.08.22 06:00:56.586,0.93249,0.93258,6.64,1.00
2014.08.22 06:00:57.098,0.93249,0.93258,3.72,1.00
2014.08.22 06:00:57.772,0.93249,0.93255,1.65,1.00
2014.08.22 06:00:58.075,0.93244,0.93251,1.15,1.50
2014.08.22 06:00:58.683,0.93244,0.93253,1.65,2.14
2014.08.22 06:00:59.734,0.93244,0.93252,1.10,1.39
2014.08.22 06:01:01.804,0.93241,0.9325,2.97,1.00
2014.08.22 06:01:02.309,0.9324,0.93249,2.22,1.00
2014.08.22 06:01:06.492,0.9324,0.93248,2.22,1.00
2014.08.22 06:01:08.908,0.93244,0.93252,1.00,2.97
2014.08.22 06:01:10.210,0.93244,0.93253,1.10,2.97
2014.08.22 06:01:10.831,0.93247,0.93253,1.00,2.97
2014.08.22 06:01:11.188,0.93244,0.93253,1.10,2.97
2014.08.22 06:01:11.758,0.93244,0.93253,1.00,3.72
2014.08.22 06:01:11.860,0.93244,0.93251,1.00,1.28
2014.08.22 06:01:12.164,0.9324,0.93248,1.09,1.00
2014.08.22 06:01:12.669,0.93239,0.93249,3.72,1.50
2014.08.22 06:01:13.190,0.9324,0.93249,1.84,1.00
2014.08.22 06:01:13.732,0.9324,0.93248,1.34,1.00
2014.08.22 06:01:14.750,0.9324,0.93248,1.84,1.00
2014.08.22 06:01:15.802,0.9324,0.93248,1.29,1.58
2014.08.22 06:01:16.206,0.9324,0.93247,1.34,1.00
2014.08.22 06:01:16.357,0.93239,0.93247,2.97,1.50
2014.08.22 06:01:16.609,0.93239,0.93244,1.84,1.00
2014.08.22 06:01:17.114,0.93237,0.93245,1.84,1.00
2014.08.22 06:01:21.580,0.93237,0.93246,2.22,1.50
2014.08.22 06:01:21.935,0.93239,0.93249,3.72,1.84
2014.08.22 06:01:26.994,0.93239,0.93249,2.97,2.44
2014.08.22 06:01:27.346,0.93239,0.93246,2.22,1.00
2014.08.22 06:01:27.447,0.93239,0.93246,1.39,1.50
2014.08.22 06:01:27.549,0.93239,0.93246,1.78,1.50
2014.08.22 06:01:27.650,0.93239,0.93249,3.72,1.02
2014.08.22 06:01:28.966,0.93239,0.93249,5.22,1.09
2014.08.22 06:01:29.372,0.93239,0.93249,5.22,1.25
2014.08.22 06:01:29.625,0.93239,0.93249,5.22,1.84
2014.08.22 06:01:29.877,0.93239,0.93246,2.97,1.00
2014.08.22 06:01:30.393,0.9324,0.93249,1.10,2.59
2014.08.22 06:01:32.050,0.9324,0.93246,1.39,1.00
2014.08.22 06:01:32.555,0.93238,0.93246,2.22,1.50
2014.08.22 06:01:33.453,0.93238,0.93246,1.78,1.50
2014.08.22 06:01:33.968,0.93238,0.93246,1.47,1.50
2014.08.22 06:01:52.830,0.93239,0.93246,2.52,1.13
2014.08.22 06:01:53.450,0.93239,0.9325,3.27,3.72
2014.08.22 06:01:54.296,0.93239,0.93249,1.77,2.22
2014.08.22 06:01:54.903,0.93238,0.93246,2.22,1.00
2014.08.22 06:01:56.120,0.93239,0.93249,1.77,2.22
2014.08.22 06:01:56.826,0.93239,0.93249,1.69,2.22
2014.08.22 06:01:57.549,0.93239,0.93249,2.44,1.78
2014.08.22 06:01:58.493,0.93239,0.93249,2.52,1.78
2014.08.22 06:01:58.998,0.93239,0.93249,1.77,2.22
2014.08.22 06:01:59.833,0.93239,0.93249,2.52,1.78
2014.08.22 06:02:00.338,0.93239,0.93248,2.52,1.55
2014.08.22 06:02:01.388,0.93239,0.93249,2.52,1.78
2014.08.22 06:02:04.954,0.93239,0.93248,2.52,1.55
2014.08.22 06:02:12.727,0.93239,0.93249,2.59,1.70
2014.08.22 06:02:13.276,0.93239,0.93249,2.59,1.39
2014.08.22 06:02:13.939,0.93239,0.93249,2.59,1.47
2014.08.22 06:02:14.459,0.93239,0.9325,3.34,3.72
2014.08.22 06:02:17.053,0.93239,0.93249,2.59,1.47
2014.08.22 06:02:18.650,0.93239,0.93249,2.59,2.22
2014.08.22 06:02:21.098,0.93239,0.93249,2.59,2.22
2014.08.22 06:02:32.951,0.93239,0.93249,2.59,1.39
2014.08.22 06:02:33.511,0.93239,0.93249,2.59,1.47
2014.08.22 06:02:34.023,0.93239,0.93249,2.59,1.47
2014.08.22 06:02:34.529,0.93239,0.93249,2.59,1.47
2014.08.22 06:02:36.875,0.93239,0.93249,2.59,1.39
2014.08.22 06:02:40.460,0.93239,0.93249,2.59,1.70
2014.08.22 06:02:41.435,0.93239,0.93249,2.59,1.39
2014.08.22 06:02:44.280,0.93239,0.93249,2.59,2.22
2014.08.22 06:02:45.428,0.93239,0.93248,2.59,1.10
2014.08.22 06:02:46.079,0.93239,0.93246,1.84,1.00
2014.08.22 06:02:46.644,0.93238,0.93246,1.84,1.50
2014.08.22 06:02:47.162,0.93238,0.93245,1.09,1.00
2014.08.22 06:02:51.997,0.93238,0.93245,2.22,1.00
2014.08.22 06:02:52.451,0.93238,0.93245,1.37,1.00
2014.08.22 06:02:53.377,0.93237,0.93245,2.59,1.00
2014.08.22 06:02:53.882,0.93238,0.93245,1.09,1.00
2014.08.22 06:02:54.383,0.93238,0.93245,1.84,1.00
2014.08.22 06:02:54.901,0.93238,0.93245,1.84,1.00
2014.08.22 06:03:05.311,0.93238,0.93245,2.22,1.00
2014.08.22 06:03:05.968,0.93238,0.93245,1.84,1.00
2014.08.22 06:03:06.479,0.93238,0.93245,2.22,1.00
2014.08.22 06:03:06.998,0.93238,0.93245,2.22,1.00
2014.08.22 06:03:12.935,0.93238,0.93245,1.84,1.00
2014.08.22 06:03:18.068,0.93238,0.93246,1.37,1.00
2014.08.22 06:03:28.741,0.93239,0.93246,1.29,1.00
2014.08.22 06:03:32.606,0.93239,0.93245,1.29,1.00
2014.08.22 06:03:34.891,0.93238,0.93245,1.09,1.00
2014.08.22 06:03:43.592,0.93237,0.93243,1.65,1.00
2014.08.22 06:03:43.719,0.93234,0.9324,1.58,1.00
2014.08.22 06:03:43.821,0.93236,0.93243,1.50,1.09
2014.08.22 06:03:43.922,0.93236,0.93245,1.77,1.65
2014.08.22 06:03:44.326,0.93237,0.93244,1.09,1.00
2014.08.22 06:03:44.833,0.93237,0.93245,1.02,1.10
2014.08.22 06:03:45.339,0.93236,0.93245,5.22,1.00
2014.08.22 06:03:49.072,0.93237,0.93245,1.84,1.00
2014.08.22 06:03:49.588,0.93237,0.93245,1.84,1.00
2014.08.22 06:03:53.050,0.93237,0.93242,1.84,1.00
2014.08.22 06:03:53.677,0.93237,0.93244,1.18,1.00
2014.08.22 06:03:54.910,0.93236,0.93244,4.09,1.00
2014.08.22 06:03:55.061,0.93239,0.93245,1.00,1.10
2014.08.22 06:03:55.714,0.93239,0.93246,1.00,1.02
2014.08.22 06:03:59.118,0.93239,0.93247,1.15,3.19
2014.08.22 06:03:59.371,0.93239,0.93246,1.00,1.02
2014.08.22 06:04:01.732,0.93239,0.93246,1.15,1.00
2014.08.22 06:04:02.247,0.93239,0.93247,1.15,2.44
2014.08.22 06:04:02.757,0.93239,0.93246,1.15,1.00
2014.08.22 06:04:07.503,0.93239,0.93246,1.18,1.00
2014.08.22 06:04:09.108,0.93239,0.93247,1.18,2.44
2014.08.22 06:04:12.426,0.93244,0.93248,1.00,2.33
2014.08.22 06:04:15.635,0.93243,0.93249,1.00,2.97
2014.08.22 06:04:15.888,0.93243,0.93249,1.00,1.25
2014.08.22 06:04:16.393,0.93243,0.93249,1.00,1.84
2014.08.22 06:04:16.910,0.93243,0.93249,1.00,1.84
2014.08.22 06:04:17.932,0.93242,0.93249,1.00,1.84
2014.08.22 06:04:24.840,0.93241,0.93249,1.50,3.72
2014.08.22 06:04:25.093,0.93238,0.93244,1.37,1.00
2014.08.22 06:04:25.143,0.93238,0.93244,1.37,1.00
2014.08.22 06:04:37.238,0.93237,0.93244,1.84,1.00
2014.08.22 06:04:38.228,0.93237,0.93244,1.84,1.00
2014.08.22 06:04:38.736,0.93237,0.93244,1.84,1.00
2014.08.22 06:04:46.767,0.93237,0.93244,1.65,1.00
2014.08.22 06:04:47.318,0.93237,0.93244,1.65,1.00
2014.08.22 06:04:48.410,0.93236,0.93244,2.59,1.00
2014.08.22 06:04:48.944,0.93236,0.93244,3.34,1.00
2014.08.22 06:04:50.364,0.93236,0.93244,3.34,1.00
2014.08.22 06:04:51.686,0.93236,0.93243,3.34,1.00
2014.08.22 06:04:52.292,0.93236,0.93243,1.77,1.00
2014.08.22 06:04:52.457,0.93236,0.93241,1.69,1.00
2014.08.22 06:04:53.164,0.93235,0.93241,1.13,1.10
2014.08.22 06:04:53.468,0.93232,0.93237,1.02,1.00
2014.08.22 06:04:53.685,0.93235,0.93241,1.50,1.58
2014.08.22 06:04:53.787,0.93236,0.93241,1.77,1.00
2014.08.22 06:04:54.296,0.93236,0.93245,2.59,1.00
2014.08.22 06:04:54.656,0.93236,0.93243,2.59,1.00
2014.08.22 06:04:55.167,0.93236,0.93243,2.59,1.00
2014.08.22 06:04:55.696,0.93236,0.93243,2.59,1.00
2014.08.22 06:04:56.199,0.93236,0.93243,2.59,1.00
2014.08.22 06:04:56.706,0.93236,0.93243,2.59,1.00
2014.08.22 06:04:57.248,0.93236,0.93243,2.59,1.00
2014.08.22 06:05:01.792,0.93237,0.93243,2.52,1.00
2014.08.22 06:05:02.764,0.93237,0.93243,1.77,1.00
2014.08.22 06:05:06.774,0.93237,0.93243,1.77,1.00
2014.08.22 06:05:09.013,0.93237,0.93243,1.77,1.00
2014.08.22 06:05:15.774,0.93237,0.93244,1.58,1.00
2014.08.22 06:05:16.279,0.93236,0.93244,2.40,2.52
2014.08.22 06:05:16.582,0.93237,0.93244,1.65,1.00
2014.08.22 06:05:17.143,0.9324,0.93247,2.25,1.18
2014.08.22 06:05:18.673,0.9324,0.93244,1.50,1.00
2014.08.22 06:05:18.724,0.93237,0.93244,2.52,1.00
2014.08.22 06:05:19.239,0.93237,0.93244,1.84,1.00
2014.08.22 06:05:21.092,0.9324,0.93247,1.00,2.22
2014.08.22 06:05:21.725,0.9324,0.93247,2.25,1.09
2014.08.22 06:05:23.079,0.9324,0.93244,1.50,1.00
2014.08.22 06:05:23.231,0.93237,0.93244,2.52,1.00
2014.08.22 06:05:23.433,0.93236,0.93244,1.10,1.33
2014.08.22 06:05:23.939,0.93235,0.93244,1.00,2.59
2014.08.22 06:05:24.464,0.93235,0.93244,1.00,2.59
2014.08.22 06:05:25.064,0.93235,0.93244,1.00,2.59
2014.08.22 06:05:25.623,0.93235,0.93244,1.00,2.59
2014.08.22 06:05:26.133,0.93234,0.93243,1.69,1.15
2014.08.22 06:05:28.432,0.93234,0.93243,1.69,1.40
2014.08.22 06:05:29.160,0.93235,0.93244,1.00,2.59
2014.08.22 06:05:38.465,0.93235,0.93243,1.00,1.09
2014.08.22 06:05:43.845,0.93237,0.93244,1.00,1.84
2014.08.22 06:05:49.889,0.93237,0.93246,1.10,1.65
2014.08.22 06:05:49.991,0.93237,0.93246,1.84,1.69
2014.08.22 06:05:50.296,0.93241,0.93247,1.00,1.10
2014.08.22 06:05:53.183,0.93238,0.93245,1.09,1.00
2014.08.22 06:05:54.613,0.93242,0.93247,1.00,1.02
2014.08.22 06:05:57.239,0.93242,0.93249,1.00,1.84
2014.08.22 06:05:57.592,0.93239,0.93246,1.50,1.02
2014.08.22 06:05:58.161,0.93238,0.93246,1.10,1.02
2014.08.22 06:05:59.021,0.93237,0.93246,4.09,1.00
2014.08.22 06:06:00.902,0.93242,0.93249,1.00,2.22
2014.08.22 06:06:01.460,0.93242,0.93249,1.00,1.40
2014.08.22 06:06:02.765,0.93242,0.93249,1.00,1.84
2014.08.22 06:06:03.273,0.93242,0.93249,1.00,1.84
2014.08.22 06:06:03.844,0.93239,0.93249,2.44,4.02
2014.08.22 06:06:04.398,0.93237,0.93245,4.20,1.25
2014.08.22 06:06:04.924,0.93237,0.93245,1.00,1.84
2014.08.22 06:06:07.602,0.93236,0.93245,1.02,1.09
2014.08.22 06:06:08.157,0.93237,0.93245,1.10,1.02
2014.08.22 06:06:08.660,0.93237,0.93245,1.18,1.25
2014.08.22 06:06:10.251,0.93238,0.93245,1.18,1.00
2014.08.22 06:06:10.353,0.93241,0.93249,1.00,5.59
2014.08.22 06:06:10.860,0.93242,0.9325,1.00,2.97
2014.08.22 06:06:10.911,0.93242,0.9325,1.00,2.97
2014.08.22 06:06:11.510,0.93242,0.9325,1.00,2.97
2014.08.22 06:06:16.453,0.93242,0.9325,1.00,2.97
2014.08.22 06:06:16.980,0.93242,0.9325,1.00,2.97
2014.08.22 06:06:17.520,0.93243,0.9325,1.00,2.97
2014.08.22 06:06:22.868,0.93243,0.9325,1.00,1.02
2014.08.22 06:06:24.346,0.93241,0.9325,1.09,1.77
2014.08.22 06:06:24.900,0.93241,0.9325,1.02,1.84
2014.08.22 06:06:25.411,0.93241,0.9325,1.09,1.77
2014.08.22 06:06:25.920,0.93242,0.9325,1.28,1.69
2014.08.22 06:06:26.173,0.93247,0.93252,1.00,1.47
2014.08.22 06:06:27.181,0.93247,0.93253,1.00,2.22
2014.08.22 06:06:28.177,0.93245,0.93253,1.00,2.22
2014.08.22 06:06:35.557,0.93245,0.93252,1.00,1.47
2014.08.22 06:06:36.092,0.93244,0.93252,1.00,1.47
2014.08.22 06:06:38.592,0.93244,0.93252,1.00,1.47
2014.08.22 06:06:39.146,0.93244,0.93252,1.00,1.47
2014.08.22 06:06:39.918,0.93244,0.93252,1.00,2.22
2014.08.22 06:06:40.427,0.93244,0.93252,1.00,2.22
2014.08.22 06:06:42.630,0.93244,0.93252,1.00,2.22
2014.08.22 06:06:43.482,0.93244,0.93252,1.00,2.22
2014.08.22 06:06:44.591,0.93244,0.93252,1.00,2.22
2014.08.22 06:06:45.107,0.93244,0.93252,1.00,2.22
2014.08.22 06:06:45.685,0.93244,0.93251,1.00,1.29
2014.08.22 06:06:46.828,0.93244,0.93252,1.00,2.22
2014.08.22 06:06:48.197,0.93244,0.93251,1.00,1.29
2014.08.22 06:06:48.871,0.93244,0.93252,1.00,2.22
2014.08.22 06:06:49.339,0.93244,0.93251,1.00,1.15
2014.08.22 06:06:49.742,0.93244,0.93252,1.00,2.22
2014.08.22 06:06:56.918,0.93244,0.93252,1.00,1.47
2014.08.22 06:06:57.428,0.93244,0.93252,1.00,1.47
2014.08.22 06:06:57.978,0.93244,0.93251,1.00,1.29
2014.08.22 06:07:00.359,0.93244,0.93252,1.25,1.28
2014.08.22 06:07:03.380,0.93244,0.93252,1.00,2.22
2014.08.22 06:07:04.426,0.93244,0.93252,1.00,1.47
2014.08.22 06:07:04.957,0.93244,0.93252,1.00,1.47
2014.08.22 06:07:05.977,0.93244,0.93252,1.00,2.22
2014.08.22 06:07:06.705,0.93244,0.93252,1.00,2.22
2014.08.22 06:07:10.613,0.93244,0.93252,1.00,2.22
2014.08.22 06:07:11.238,0.93244,0.93252,1.00,2.22
2014.08.22 06:07:11.748,0.93243,0.93252,1.00,2.22
2014.08.22 06:07:15.504,0.93243,0.93251,1.00,1.28
2014.08.22 06:07:16.009,0.93243,0.93251,1.00,1.47
2014.08.22 06:07:16.541,0.93243,0.9325,1.00,1.15
2014.08.22 06:07:17.045,0.93243,0.93251,1.00,1.47
2014.08.22 06:07:17.550,0.93243,0.9325,1.00,1.18
2014.08.22 06:07:18.086,0.93243,0.9325,1.00,1.18
2014.08.22 06:07:19.010,0.93243,0.93251,1.00,1.47
2014.08.22 06:07:19.773,0.93243,0.93251,1.00,1.47
2014.08.22 06:07:20.277,0.93243,0.93251,1.00,1.47
2014.08.22 06:07:20.778,0.93243,0.93251,1.00,1.47
2014.08.22 06:07:21.359,0.93243,0.93251,1.00,1.47
2014.08.22 06:07:22.515,0.93243,0.9325,1.00,1.15
2014.08.22 06:07:23.024,0.93243,0.93251,1.00,1.47
2014.08.22 06:07:23.546,0.93243,0.93251,1.00,1.47
2014.08.22 06:07:24.108,0.93243,0.93251,1.08,1.39
2014.08.22 06:07:24.621,0.93243,0.93252,1.65,1.19
2014.08.22 06:07:25.000,0.93243,0.93253,4.77,2.07
2014.08.22 06:07:25.535,0.93243,0.93253,2.59,2.07
2014.08.22 06:07:29.909,0.93247,0.93253,1.00,2.07
2014.08.22 06:07:34.700,0.93243,0.93253,2.59,2.07
2014.08.22 06:07:35.216,0.93247,0.93253,1.00,2.07
2014.08.22 06:07:38.232,0.93247,0.93253,1.08,2.07
2014.08.22 06:07:38.333,0.93248,0.93254,1.10,1.00
2014.08.22 06:07:38.434,0.93248,0.93257,1.28,5.70
2014.08.22 06:07:38.535,0.93248,0.93258,2.97,1.77
2014.08.22 06:07:39.075,0.9325,0.93259,1.84,1.02
2014.08.22 06:07:39.226,0.9325,0.93259,1.84,1.25
2014.08.22 06:07:39.479,0.93249,0.93259,2.59,1.84
2014.08.22 06:07:39.580,0.93249,0.93258,3.19,2.33
2014.08.22 06:07:40.105,0.93249,0.93259,3.19,3.64
2014.08.22 06:07:40.630,0.93249,0.93258,1.69,2.89
2014.08.22 06:07:41.135,0.93249,0.93257,1.69,3.45
2014.08.22 06:07:41.538,0.93249,0.93257,1.69,1.53
2014.08.22 06:07:41.895,0.93252,0.93258,1.00,1.27
2014.08.22 06:07:44.745,0.93251,0.93259,1.00,4.39
2014.08.22 06:07:47.710,0.93251,0.93259,1.00,2.22
2014.08.22 06:07:48.670,0.93249,0.93256,1.00,1.28
2014.08.22 06:07:48.923,0.93246,0.93254,1.77,1.48
2014.08.22 06:07:49.140,0.93246,0.93255,1.00,3.27
2014.08.22 06:07:49.241,0.93246,0.93256,1.69,1.40
2014.08.22 06:07:49.343,0.9325,0.93257,1.00,2.97
2014.08.22 06:07:49.898,0.9325,0.93257,1.00,1.84
2014.08.22 06:07:50.217,0.9325,0.93258,1.00,2.22
2014.08.22 06:07:50.580,0.93247,0.93255,1.84,1.13
2014.08.22 06:07:50.884,0.9325,0.93256,1.00,1.78
2014.08.22 06:07:51.136,0.93246,0.93255,1.84,1.95
2014.08.22 06:07:51.338,0.93245,0.93254,1.09,1.39
2014.08.22 06:07:51.848,0.93245,0.93254,1.02,2.22
2014.08.22 06:07:52.307,0.93245,0.93254,1.02,2.59
2014.08.22 06:07:52.880,0.9324,0.9325,3.34,2.22
2014.08.22 06:07:52.931,0.9324,0.9325,1.69,2.22
2014.08.22 06:07:53.486,0.9324,0.9325,2.59,2.22
2014.08.22 06:07:53.637,0.93245,0.9325,1.00,1.09
2014.08.22 06:07:53.941,0.93244,0.93253,1.25,4.88
2014.08.22 06:07:54.042,0.93244,0.93253,1.40,1.00
2014.08.22 06:07:54.093,0.93243,0.9325,2.97,1.00
2014.08.22 06:07:54.244,0.93242,0.9325,2.52,1.10
2014.08.22 06:07:54.396,0.93245,0.93252,1.00,1.78
2014.08.22 06:07:54.699,0.93244,0.93252,1.50,2.33
2014.08.22 06:07:54.800,0.9325,0.93255,1.00,1.10
2014.08.22 06:07:54.952,0.93246,0.93255,1.37,1.10
2014.08.22 06:07:55.003,0.93246,0.93255,1.29,1.08
2014.08.22 06:07:55.305,0.93249,0.93258,1.00,5.22
2014.08.22 06:07:55.826,0.93248,0.93257,1.69,1.40
2014.08.22 06:07:57.366,0.93248,0.93253,1.00,1.00
2014.08.22 06:07:57.821,0.93245,0.93254,2.52,1.18
2014.08.22 06:07:57.972,0.93245,0.93253,1.00,1.77
2014.08.22 06:07:58.124,0.93246,0.93254,1.00,1.84
2014.08.22 06:07:58.174,0.93249,0.93256,1.00,1.84
2014.08.22 06:07:59.559,0.93247,0.93255,1.00,2.22
2014.08.22 06:07:59.610,0.93245,0.93254,1.25,2.22
2014.08.22 06:07:59.660,0.93245,0.93254,1.00,2.97
2014.08.22 06:07:59.963,0.93243,0.93252,3.19,1.15
2014.08.22 06:08:00.014,0.93243,0.93252,3.27,1.18
2014.08.22 06:08:00.115,0.93243,0.93252,7.39,1.10
2014.08.22 06:08:00.166,0.93246,0.93253,1.00,1.09
2014.08.22 06:08:00.469,0.93242,0.93248,1.29,1.00
2014.08.22 06:08:02.941,0.93243,0.93251,1.25,1.53
2014.08.22 06:08:03.243,0.93243,0.9325,1.25,1.53
2014.08.22 06:08:04.587,0.93244,0.93251,1.00,2.33
2014.08.22 06:08:04.688,0.93248,0.93254,1.00,1.55
2014.08.22 06:08:05.494,0.93248,0.93256,1.00,1.78
2014.08.22 06:08:05.999,0.93248,0.93256,1.25,1.55
2014.08.22 06:08:06.100,0.93245,0.93253,1.34,1.50
2014.08.22 06:08:06.410,0.93242,0.93252,3.27,1.25
2014.08.22 06:08:06.512,0.93242,0.93249,4.02,1.00
2014.08.22 06:08:06.613,0.93244,0.93252,1.15,1.25
2014.08.22 06:08:06.865,0.93244,0.93253,1.15,2.07
2014.08.22 06:08:06.966,0.93244,0.93253,1.15,2.07
2014.08.22 06:08:07.067,0.93244,0.93253,1.00,2.22
2014.08.22 06:08:07.219,0.93245,0.93254,1.10,2.59
2014.08.22 06:08:17.193,0.93245,0.93255,1.33,3.34
2014.08.22 06:08:17.648,0.9325,0.93256,1.08,1.00
2014.08.22 06:08:17.850,0.9325,0.93259,1.09,1.39
2014.08.22 06:08:19.585,0.9325,0.93259,1.09,1.39
2014.08.22 06:08:20.610,0.93249,0.93254,1.84,1.00
2014.08.22 06:08:21.137,0.93248,0.93258,1.40,2.07
2014.08.22 06:08:21.645,0.93248,0.93258,1.40,2.82
2014.08.22 06:08:21.847,0.93248,0.93254,1.09,1.00
2014.08.22 06:08:22.130,0.9325,0.93259,1.25,5.59
2014.08.22 06:08:24.140,0.9325,0.93259,1.02,1.47
2014.08.22 06:08:25.086,0.93249,0.93254,2.59,1.00
2014.08.22 06:08:25.635,0.93248,0.93254,1.09,1.00
2014.08.22 06:08:26.193,0.93248,0.93254,1.09,1.00
2014.08.22 06:08:26.858,0.93248,0.93254,1.09,1.00
2014.08.22 06:08:28.018,0.93248,0.93254,1.40,1.00
2014.08.22 06:08:28.580,0.93248,0.93254,1.09,1.00
2014.08.22 06:08:30.053,0.93248,0.93254,1.02,1.00
2014.08.22 06:08:30.631,0.93248,0.93254,1.09,1.00
2014.08.22 06:08:33.518,0.93248,0.93254,1.09,1.00
2014.08.22 06:08:35.239,0.93248,0.93254,1.77,1.00
2014.08.22 06:08:36.892,0.9325,0.93259,1.00,7.09
2014.08.22 06:08:38.657,0.93248,0.93254,1.02,1.00
2014.08.22 06:08:39.263,0.93247,0.93254,2.22,1.00
2014.08.22 06:08:40.031,0.93247,0.93254,2.22,1.00
2014.08.22 06:08:40.532,0.93247,0.93253,2.22,1.00
2014.08.22 06:08:41.050,0.93247,0.93253,2.22,1.00
2014.08.22 06:08:41.556,0.93247,0.93253,2.22,1.00
2014.08.22 06:08:44.194,0.93247,0.93253,2.22,1.00
2014.08.22 06:08:44.717,0.93247,0.93253,2.22,1.00
2014.08.22 06:08:48.471,0.93247,0.93253,1.47,1.00
2014.08.22 06:08:48.623,0.93249,0.93257,1.10,3.45
2014.08.22 06:08:49.144,0.93249,0.93258,1.25,1.40
2014.08.22 06:08:50.078,0.93249,0.93258,1.69,1.15
2014.08.22 06:08:51.605,0.93248,0.93253,1.02,1.00
2014.08.22 06:08:52.468,0.93248,0.93253,1.09,1.00
2014.08.22 06:08:53.124,0.93248,0.93253,1.02,1.00
2014.08.22 06:08:57.798,0.93248,0.93253,1.77,1.00
2014.08.22 06:08:57.899,0.93249,0.93257,1.25,1.18
2014.08.22 06:08:59.317,0.93248,0.93253,1.39,1.00
2014.08.22 06:09:03.728,0.93248,0.93253,1.77,1.00
2014.08.22 06:09:05.248,0.93248,0.93253,1.02,1.00
2014.08.22 06:09:06.961,0.93247,0.93253,1.84,1.00
2014.08.22 06:09:07.507,0.93247,0.93253,1.84,1.00
2014.08.22 06:09:10.508,0.93247,0.93253,1.84,1.00
2014.08.22 06:09:11.118,0.93247,0.93253,1.84,1.00
2014.08.22 06:09:19.475,0.93247,0.93253,1.84,1.00
2014.08.22 06:09:20.029,0.93247,0.93253,1.84,1.00
2014.08.22 06:09:24.405,0.93247,0.93253,1.84,1.00
2014.08.22 06:09:26.153,0.93247,0.93253,1.84,1.00
2014.08.22 06:09:26.681,0.93247,0.93253,1.84,1.00
2014.08.22 06:09:29.986,0.93246,0.93253,1.10,1.88
2014.08.22 06:09:30.087,0.93246,0.93253,1.00,2.22
2014.08.22 06:09:30.441,0.93244,0.93252,1.25,1.28
2014.08.22 06:09:32.147,0.93244,0.93252,1.10,1.02
2014.08.22 06:09:32.736,0.93244,0.93252,1.00,1.09
2014.08.22 06:09:35.497,0.93245,0.93252,1.00,1.84
2014.08.22 06:09:37.011,0.93245,0.93252,1.00,1.09
2014.08.22 06:09:37.567,0.93245,0.93252,1.00,1.09
2014.08.22 06:09:38.080,0.93245,0.93252,1.00,1.09
2014.08.22 06:09:38.231,0.93245,0.93253,1.00,1.47
2014.08.22 06:09:38.979,0.93245,0.93253,1.00,1.47
2014.08.22 06:09:39.599,0.93245,0.93254,1.00,4.84
2014.08.22 06:09:40.103,0.93245,0.93254,1.00,4.47
2014.08.22 06:09:45.686,0.93245,0.93253,1.00,3.64
2014.08.22 06:09:46.248,0.93245,0.93252,1.00,1.47
2014.08.22 06:09:48.679,0.93244,0.93252,1.00,1.47
2014.08.22 06:09:48.982,0.93244,0.93251,1.00,1.28
2014.08.22 06:09:50.347,0.93244,0.93251,1.00,1.47
2014.08.22 06:09:51.026,0.93244,0.93251,1.00,2.22
2014.08.22 06:09:51.540,0.93244,0.9325,1.00,1.09
2014.08.22 06:09:52.045,0.93244,0.9325,1.00,1.40
2014.08.22 06:09:58.182,0.93245,0.93251,1.00,2.14
2014.08.22 06:09:58.736,0.93242,0.93251,1.00,2.22
2014.08.22 06:09:59.094,0.93246,0.93251,1.00,2.22
2014.08.22 06:09:59.719,0.93245,0.93251,1.00,2.22
2014.08.22 06:10:01.644,0.93245,0.93251,1.00,2.22
2014.08.22 06:10:02.533,0.93245,0.93251,1.00,2.22
2014.08.22 06:10:03.504,0.93245,0.9325,1.00,1.09
2014.08.22 06:10:04.154,0.93245,0.9325,1.00,1.09
2014.08.22 06:10:04.957,0.93246,0.9325,1.00,1.02
2014.08.22 06:10:05.467,0.93242,0.93251,1.00,2.22
2014.08.22 06:10:06.458,0.93246,0.93251,1.00,2.22
2014.08.22 06:10:06.967,0.93242,0.93251,1.00,1.28
2014.08.22 06:10:07.478,0.93246,0.93251,1.00,1.28
2014.08.22 06:10:07.986,0.93242,0.93251,1.00,1.28
2014.08.22 06:10:08.636,0.93246,0.93251,1.00,1.47
2014.08.22 06:10:09.147,0.93246,0.93252,1.00,2.14
2014.08.22 06:10:10.798,0.93246,0.9325,1.00,1.00
2014.08.22 06:10:15.848,0.93244,0.93251,1.00,2.14
2014.08.22 06:10:27.990,0.93242,0.93251,1.10,4.32
2014.08.22 06:10:28.294,0.9324,0.93249,1.69,2.33
2014.08.22 06:10:28.395,0.93242,0.9325,1.00,1.47
2014.08.22 06:10:28.648,0.9324,0.93248,1.69,1.28
2014.08.22 06:10:28.749,0.93237,0.93243,1.84,1.00
2014.08.22 06:10:30.078,0.93239,0.93247,1.02,5.70
2014.08.22 06:10:30.280,0.93239,0.93248,2.97,1.50
2014.08.22 06:10:30.789,0.93239,0.93248,2.97,1.10
2014.08.22 06:10:33.023,0.93239,0.93247,2.97,1.00
2014.08.22 06:10:33.355,0.93238,0.93244,1.40,1.00
2014.08.22 06:10:34.690,0.93239,0.93249,3.72,1.09
2014.08.22 06:10:37.664,0.93239,0.93247,1.18,1.25
2014.08.22 06:10:37.714,0.93238,0.93244,1.40,1.00
2014.08.22 06:10:39.095,0.93239,0.93249,3.72,1.09
2014.08.22 06:10:42.026,0.93239,0.93244,2.97,1.00
2014.08.22 06:10:43.691,0.93239,0.93249,3.34,1.09
2014.08.22 06:10:46.536,0.9324,0.93244,1.02,1.00
2014.08.22 06:10:48.083,0.93239,0.93246,1.18,1.00
2014.08.22 06:10:48.186,0.93239,0.93249,1.84,2.97
2014.08.22 06:10:51.085,0.93239,0.93244,1.37,1.00
2014.08.22 06:11:02.403,0.93238,0.93244,1.02,1.00
2014.08.22 06:11:02.605,0.9324,0.93246,1.00,1.10
2014.08.22 06:11:04.367,0.9324,0.93248,1.25,1.18
2014.08.22 06:11:04.906,0.9324,0.93248,1.25,1.15
2014.08.22 06:11:05.423,0.9324,0.93248,1.25,1.18
2014.08.22 06:11:05.729,0.93238,0.93245,1.02,1.00
2014.08.22 06:11:06.244,0.93238,0.93245,1.09,1.00
2014.08.22 06:11:06.746,0.93238,0.93245,1.02,1.00
2014.08.22 06:11:07.295,0.93238,0.93245,1.09,1.00
2014.08.22 06:11:10.673,0.93241,0.93249,1.00,1.47
2014.08.22 06:11:11.490,0.93241,0.93249,1.00,1.47
2014.08.22 06:11:12.171,0.93241,0.93249,1.00,1.47
2014.08.22 06:11:12.707,0.93241,0.93249,1.00,1.47
2014.08.22 06:11:13.644,0.93238,0.93245,1.77,1.00
2014.08.22 06:11:14.167,0.93238,0.93245,1.84,1.00
2014.08.22 06:11:14.734,0.93238,0.93245,1.02,1.00
2014.08.22 06:11:15.289,0.93238,0.93245,1.09,1.00
2014.08.22 06:11:16.003,0.93238,0.93245,1.09,1.00
2014.08.22 06:11:18.546,0.93241,0.93246,1.00,1.10
2014.08.22 06:11:18.748,0.93241,0.93248,1.00,1.10
2014.08.22 06:11:21.532,0.93241,0.93246,1.00,1.00
2014.08.22 06:11:21.684,0.93238,0.93245,1.39,1.00
2014.08.22 06:11:22.402,0.93238,0.93245,1.47,1.00
2014.08.22 06:11:26.596,0.93241,0.93249,1.00,2.59
2014.08.22 06:11:29.287,0.93241,0.93249,1.10,1.09
2014.08.22 06:11:30.009,0.93241,0.9325,1.65,2.52
2014.08.22 06:11:31.352,0.93241,0.9325,1.77,1.84
2014.08.22 06:11:37.973,0.93241,0.9325,1.84,1.77
2014.08.22 06:11:39.023,0.93241,0.9325,1.77,1.84
2014.08.22 06:11:41.139,0.93241,0.9325,1.09,1.77
2014.08.22 06:11:41.654,0.93241,0.9325,1.02,1.84
2014.08.22 06:11:42.654,0.93241,0.9325,1.09,1.77
2014.08.22 06:11:43.195,0.93241,0.9325,1.02,1.84
2014.08.22 06:11:43.545,0.93241,0.93246,1.02,1.00
2014.08.22 06:11:44.058,0.93238,0.93245,2.59,1.00
2014.08.22 06:11:45.076,0.93241,0.93249,1.00,2.78
2014.08.22 06:11:48.026,0.93239,0.93245,1.84,1.00
2014.08.22 06:11:48.530,0.93238,0.93245,1.84,1.00
2014.08.22 06:11:53.048,0.93239,0.93245,1.77,1.00
2014.08.22 06:11:53.149,0.93241,0.93249,1.00,1.47
2014.08.22 06:11:55.286,0.93239,0.93245,1.77,1.00
2014.08.22 06:11:55.790,0.93238,0.93245,1.84,1.00
2014.08.22 06:11:57.091,0.93241,0.93247,1.00,1.77
2014.08.22 06:12:02.335,0.9324,0.93249,1.25,3.34
2014.08.22 06:12:21.496,0.9324,0.93249,1.25,4.09
2014.08.22 06:12:21.799,0.93237,0.93243,1.00,1.10
2014.08.22 06:12:22.305,0.93233,0.93239,1.40,1.00
2014.08.22 06:12:31.372,0.93237,0.93243,1.00,1.10
2014.08.22 06:12:31.827,0.9324,0.93246,1.00,1.77
2014.08.22 06:12:32.181,0.9324,0.93248,1.10,1.10
2014.08.22 06:12:33.329,0.9324,0.93248,1.10,2.14
2014.08.22 06:12:33.380,0.93239,0.93244,1.18,1.00
2014.08.22 06:12:33.481,0.93238,0.93244,1.25,1.00
2014.08.22 06:12:34.041,0.93238,0.93244,1.09,1.00
2014.08.22 06:12:37.370,0.93238,0.93244,1.02,1.00
2014.08.22 06:12:40.486,0.93238,0.93244,1.09,1.00
2014.08.22 06:12:40.839,0.9324,0.93246,1.00,2.25
2014.08.22 06:12:41.344,0.9324,0.93248,1.50,1.09
2014.08.22 06:12:43.064,0.9324,0.93246,1.50,1.00
2014.08.22 06:12:43.317,0.93238,0.93245,1.25,1.10
2014.08.22 06:12:44.305,0.93238,0.93245,1.09,1.00
2014.08.22 06:12:45.018,0.93238,0.93245,1.25,1.10
2014.08.22 06:12:45.069,0.93238,0.93243,1.00,1.00
2014.08.22 06:12:45.375,0.93234,0.9324,1.00,1.50
2014.08.22 06:12:57.538,0.93235,0.9324,1.00,1.50
2014.08.22 06:12:59.160,0.93236,0.9324,1.00,1.00
2014.08.22 06:12:59.614,0.93233,0.9324,1.09,1.00
2014.08.22 06:12:59.715,0.93234,0.9324,1.15,1.00
2014.08.22 06:12:59.866,0.93233,0.9324,1.09,1.00
2014.08.22 06:13:10.352,0.93236,0.9324,1.00,1.00
2014.08.22 06:13:10.981,0.93234,0.9324,1.10,1.00
2014.08.22 06:13:33.491,0.93233,0.9324,1.10,1.25
2014.08.22 06:13:34.119,0.93232,0.9324,1.15,1.25
2014.08.22 06:13:39.669,0.93232,0.9324,1.18,1.32
2014.08.22 06:13:39.821,0.9323,0.93238,1.15,1.38
2014.08.22 06:13:39.872,0.9323,0.93238,1.00,2.22
2014.08.22 06:13:39.988,0.93229,0.93237,1.00,3.64
2014.08.22 06:13:40.495,0.93224,0.93233,1.33,1.18
2014.08.22 06:13:40.849,0.93229,0.93234,1.00,1.02
2014.08.22 06:13:41.051,0.93226,0.93234,1.10,1.02
2014.08.22 06:13:43.922,0.93225,0.93233,1.84,1.00
2014.08.22 06:13:45.068,0.93225,0.93233,1.77,1.10
2014.08.22 06:13:45.574,0.93225,0.93233,1.09,1.00
2014.08.22 06:13:47.058,0.93225,0.93233,1.18,1.32
2014.08.22 06:13:47.209,0.93222,0.93231,4.47,1.25
2014.08.22 06:13:47.749,0.93222,0.9323,1.40,1.00
2014.08.22 06:13:48.264,0.93222,0.9323,1.40,1.00
2014.08.22 06:13:50.550,0.93222,0.9323,1.15,1.25
2014.08.22 06:13:51.066,0.93221,0.9323,1.84,1.25
2014.08.22 06:13:54.661,0.93222,0.9323,1.65,1.25
2014.08.22 06:13:57.771,0.93226,0.9323,1.00,1.00
2014.08.22 06:13:57.872,0.93228,0.93232,1.00,1.00
2014.08.22 06:13:58.177,0.93229,0.93236,1.34,2.25
2014.08.22 06:13:58.379,0.93229,0.93237,1.00,1.09
2014.08.22 06:13:58.891,0.93227,0.93236,1.77,1.65
2014.08.22 06:13:59.431,0.93227,0.93234,1.77,1.00
2014.08.22 06:13:59.952,0.93227,0.93236,1.02,1.84
2014.08.22 06:14:00.921,0.93227,0.93236,1.09,1.77
2014.08.22 06:14:01.430,0.93227,0.93236,1.84,1.50
2014.08.22 06:14:05.704,0.93227,0.93236,1.09,1.77
2014.08.22 06:14:06.289,0.93227,0.93236,1.40,1.69
2014.08.22 06:14:06.794,0.93229,0.93237,1.02,1.10
2014.08.22 06:14:07.304,0.93229,0.93237,1.25,1.18
2014.08.22 06:14:07.823,0.93229,0.93238,1.77,2.03
2014.08.22 06:14:15.442,0.93229,0.93238,1.10,1.65
2014.08.22 06:14:15.594,0.93227,0.93233,2.40,1.00
2014.08.22 06:14:15.898,0.93224,0.93231,1.08,2.07
2014.08.22 06:14:15.949,0.93224,0.93231,1.10,2.07
2014.08.22 06:14:16.877,0.93221,0.93231,1.40,2.82
2014.08.22 06:14:17.931,0.93221,0.93231,2.22,1.69
2014.08.22 06:14:20.302,0.9322,0.93229,2.70,1.50
2014.08.22 06:14:20.403,0.93219,0.93228,1.33,1.02
2014.08.22 06:14:20.504,0.93219,0.93228,1.02,1.47
2014.08.22 06:14:21.010,0.93219,0.93228,1.09,2.14
2014.08.22 06:14:24.114,0.93219,0.93228,1.40,2.07
2014.08.22 06:14:24.678,0.93219,0.93228,1.40,1.25
2014.08.22 06:14:25.298,0.93219,0.93228,5.89,1.00
2014.08.22 06:14:25.823,0.9322,0.93229,1.47,1.25
2014.08.22 06:14:26.346,0.9322,0.93229,1.47,1.00
2014.08.22 06:14:29.151,0.93223,0.9323,1.50,1.77
2014.08.22 06:14:31.624,0.93221,0.9323,1.34,1.10
2014.08.22 06:14:33.879,0.93221,0.9323,1.47,1.00
2014.08.22 06:14:34.382,0.93221,0.9323,1.47,1.10
2014.08.22 06:14:44.797,0.9322,0.93226,1.15,1.00
2014.08.22 06:14:44.949,0.93219,0.93225,1.50,1.28
2014.08.22 06:14:45.455,0.93219,0.93224,1.00,1.39
2014.08.22 06:14:46.461,0.93219,0.93225,1.18,1.00
2014.08.22 06:14:47.471,0.93219,0.93226,1.18,1.50
2014.08.22 06:14:50.095,0.93219,0.93228,1.28,1.29
2014.08.22 06:14:50.448,0.9322,0.93229,1.09,1.39
2014.08.22 06:14:50.952,0.93221,0.93229,1.02,1.48
2014.08.22 06:14:55.288,0.93222,0.93229,1.00,1.55
2014.08.22 06:14:55.439,0.93223,0.9323,1.10,1.13
2014.08.22 06:14:55.490,0.93223,0.9323,1.08,1.13
2014.08.22 06:14:57.432,0.93223,0.9323,1.09,1.13
2014.08.22 06:15:00.343,0.93223,0.93229,1.18,1.00
2014.08.22 06:15:00.393,0.9322,0.93229,1.50,1.15
2014.08.22 06:15:00.495,0.9322,0.93229,1.84,1.25
2014.08.22 06:15:00.949,0.93223,0.9323,2.59,1.00
2014.08.22 06:15:01.454,0.93224,0.9323,1.10,1.00
2014.08.22 06:15:02.060,0.93224,0.9323,1.18,1.00
2014.08.22 06:15:03.569,0.93224,0.9323,1.10,1.00
2014.08.22 06:15:06.381,0.93224,0.9323,1.18,1.00
2014.08.22 06:15:06.950,0.93224,0.9323,1.20,1.00
2014.08.22 06:15:07.455,0.93222,0.9323,1.40,1.00
2014.08.22 06:15:07.982,0.93224,0.9323,1.10,1.00
2014.08.22 06:15:09.929,0.93221,0.93227,1.77,1.00
2014.08.22 06:15:10.082,0.93221,0.93229,1.50,1.18
2014.08.22 06:15:10.587,0.93221,0.9323,1.10,1.18
2014.08.22 06:15:11.098,0.93221,0.9323,1.28,1.10
2014.08.22 06:15:12.011,0.93221,0.9323,1.18,1.00
2014.08.22 06:15:12.552,0.93221,0.9323,1.18,1.10
2014.08.22 06:15:17.233,0.9322,0.9323,1.18,1.18
2014.08.22 06:15:19.103,0.93221,0.9323,1.15,1.00
2014.08.22 06:15:22.825,0.93221,0.9323,1.34,1.38
2014.08.22 06:15:23.128,0.93224,0.93231,1.00,2.14
2014.08.22 06:15:23.342,0.9322,0.93231,1.47,1.84
2014.08.22 06:15:26.072,0.93224,0.93231,1.00,1.09
2014.08.22 06:15:26.375,0.93224,0.9323,1.00,1.48
2014.08.22 06:15:27.592,0.93224,0.9323,1.00,1.28
2014.08.22 06:15:27.693,0.9322,0.93229,1.00,1.55
2014.08.22 06:15:30.593,0.93224,0.93228,1.00,1.10
2014.08.22 06:15:32.223,0.93219,0.93228,1.58,1.55
2014.08.22 06:15:32.736,0.93219,0.93228,1.65,1.48
2014.08.22 06:15:33.454,0.93219,0.93228,1.58,1.47
2014.08.22 06:15:35.081,0.93221,0.93228,1.00,1.47
2014.08.22 06:15:35.183,0.93225,0.93229,1.00,1.00
2014.08.22 06:15:35.688,0.93221,0.93229,1.00,1.55
2014.08.22 06:15:36.641,0.93219,0.93229,1.65,1.47
2014.08.22 06:15:36.743,0.9322,0.93228,1.00,1.53
2014.08.22 06:15:39.578,0.93219,0.93228,1.10,1.47
2014.08.22 06:15:39.780,0.93221,0.93229,1.00,1.47
2014.08.22 06:15:40.380,0.93221,0.93228,1.00,1.48
2014.08.22 06:15:41.118,0.93221,0.93229,1.00,1.74
2014.08.22 06:15:41.644,0.9322,0.93227,1.00,1.48
2014.08.22 06:15:42.148,0.93219,0.93225,1.18,1.00
2014.08.22 06:15:42.879,0.93217,0.93225,3.45,1.00
2014.08.22 06:15:44.415,0.93217,0.93225,1.53,1.00
2014.08.22 06:15:45.002,0.93218,0.93225,1.28,1.00
2014.08.22 06:15:45.954,0.93218,0.93225,1.28,1.00
2014.08.22 06:15:47.796,0.93218,0.93225,1.28,1.00
2014.08.22 06:15:49.185,0.93218,0.93225,1.28,1.00
2014.08.22 06:15:49.387,0.9322,0.93228,1.08,1.57
2014.08.22 06:15:49.907,0.9322,0.93228,1.10,1.67
2014.08.22 06:15:50.205,0.93225,0.9323,1.00,1.33
2014.08.22 06:15:51.265,0.93221,0.9323,1.50,1.78
2014.08.22 06:15:51.719,0.9322,0.93229,1.00,1.78
2014.08.22 06:15:54.558,0.93221,0.93229,1.00,1.74
2014.08.22 06:15:55.062,0.93221,0.93231,1.00,2.22
2014.08.22 06:15:58.742,0.93221,0.93231,1.00,4.39
2014.08.22 06:15:59.620,0.9322,0.9323,2.25,2.22
2014.08.22 06:16:01.956,0.9322,0.93228,1.00,1.78
2014.08.22 06:16:02.309,0.9322,0.93226,1.00,1.48
2014.08.22 06:16:02.360,0.93217,0.93226,1.58,1.55
2014.08.22 06:16:02.411,0.93217,0.93223,1.50,1.57
2014.08.22 06:16:02.727,0.93216,0.9322,1.00,1.00
2014.08.22 06:16:02.829,0.93211,0.9322,1.65,1.00
2014.08.22 06:16:03.587,0.93215,0.93222,1.00,3.64
2014.08.22 06:16:04.093,0.93215,0.93222,1.10,1.25
2014.08.22 06:16:04.607,0.93215,0.93224,1.18,2.89
2014.08.22 06:16:05.313,0.93215,0.93224,1.10,2.22
2014.08.22 06:16:07.177,0.93215,0.93224,1.00,4.47
2014.08.22 06:16:07.709,0.93215,0.93222,1.00,1.02
2014.08.22 06:16:08.012,0.93211,0.9322,1.65,1.00
2014.08.22 06:16:08.554,0.93211,0.9322,1.15,1.00
2014.08.22 06:16:09.123,0.93211,0.9322,1.15,1.25
2014.08.22 06:16:10.817,0.93215,0.93221,1.00,2.14
2014.08.22 06:16:11.323,0.93215,0.93222,1.00,1.78
2014.08.22 06:16:12.267,0.93213,0.93222,1.00,3.64
2014.08.22 06:16:12.368,0.9321,0.9322,2.89,1.15
2014.08.22 06:16:13.818,0.93213,0.9322,1.00,1.18
2014.08.22 06:16:14.121,0.93215,0.93221,1.00,1.47
2014.08.22 06:16:14.273,0.9321,0.9322,2.59,1.20
2014.08.22 06:16:15.321,0.9321,0.9322,2.40,1.33
2014.08.22 06:16:15.825,0.9321,0.9322,2.40,1.09
2014.08.22 06:16:17.481,0.9321,0.9322,1.65,1.84
2014.08.22 06:16:21.968,0.9321,0.9322,1.58,2.59
2014.08.22 06:16:22.946,0.9321,0.9322,1.65,2.59
2014.08.22 06:16:23.560,0.9321,0.9322,1.58,2.59
2014.08.22 06:16:30.721,0.9321,0.9322,1.50,2.97
2014.08.22 06:16:31.888,0.9321,0.93218,1.00,1.28
2014.08.22 06:16:32.458,0.9321,0.93215,1.00,1.48
2014.08.22 06:16:32.610,0.93207,0.93215,1.10,2.78
2014.08.22 06:16:32.675,0.93207,0.93215,1.00,3.72
2014.08.22 06:16:32.978,0.93203,0.9321,1.18,1.00
2014.08.22 06:16:34.354,0.93207,0.93212,1.00,1.02
2014.08.22 06:16:34.961,0.93207,0.93214,1.00,2.22
2014.08.22 06:16:36.081,0.93207,0.93214,1.00,2.22
2014.08.22 06:16:36.595,0.93207,0.93214,1.10,1.63
2014.08.22 06:16:36.982,0.93208,0.93216,3.00,1.00
2014.08.22 06:16:37.487,0.9321,0.93217,1.15,1.00
2014.08.22 06:16:38.682,0.9321,0.9322,2.40,1.38
2014.08.22 06:16:38.834,0.9321,0.9322,2.40,1.55
2014.08.22 06:16:39.339,0.9321,0.9322,2.40,1.48
2014.08.22 06:16:42.746,0.9321,0.9322,2.52,2.03
2014.08.22 06:16:43.346,0.9321,0.9322,2.33,2.22
2014.08.22 06:16:44.318,0.9321,0.93214,2.52,1.00
2014.08.22 06:16:47.067,0.9321,0.93218,2.33,1.48
2014.08.22 06:16:47.572,0.9321,0.9322,2.40,2.22
2014.08.22 06:16:48.107,0.9321,0.9322,2.33,1.78
2014.08.22 06:16:48.646,0.9321,0.9322,2.40,1.47
2014.08.22 06:16:49.192,0.9321,0.9322,2.33,1.78
2014.08.22 06:16:49.762,0.9321,0.9322,2.40,1.47
2014.08.22 06:16:50.409,0.9321,0.9322,2.40,1.47
2014.08.22 06:16:57.357,0.93215,0.93221,1.00,1.84
2014.08.22 06:16:57.711,0.93211,0.9322,1.10,2.03
2014.08.22 06:17:00.117,0.9321,0.9322,1.84,2.03
2014.08.22 06:17:00.687,0.93215,0.93222,1.00,5.97
2014.08.22 06:17:02.113,0.9321,0.9322,3.34,2.03
2014.08.22 06:17:05.081,0.93215,0.93221,1.00,1.84
2014.08.22 06:17:06.573,0.93215,0.93222,1.00,2.03
2014.08.22 06:17:06.683,0.93211,0.9322,1.29,2.03
2014.08.22 06:17:07.202,0.9321,0.9322,2.59,2.03
2014.08.22 06:17:08.670,0.9321,0.9322,1.84,2.03
2014.08.22 06:17:09.191,0.9321,0.9322,1.84,2.03
2014.08.22 06:17:09.641,0.93214,0.9322,1.50,1.55
2014.08.22 06:17:10.154,0.93215,0.93222,1.00,2.03
2014.08.22 06:17:11.107,0.93211,0.9322,1.29,1.55
2014.08.22 06:17:11.613,0.9321,0.9322,1.84,1.55
2014.08.22 06:17:14.022,0.93211,0.9322,1.29,1.55
2014.08.22 06:17:14.073,0.93214,0.9322,1.00,1.55
2014.08.22 06:17:14.477,0.9321,0.9322,3.34,1.48
2014.08.22 06:17:14.982,0.9321,0.9322,1.84,1.55
2014.08.22 06:17:15.184,0.9321,0.9322,1.84,1.10
2014.08.22 06:17:22.546,0.93213,0.93221,1.00,1.18
2014.08.22 06:17:22.748,0.93214,0.93224,1.58,1.72
2014.08.22 06:17:23.515,0.93214,0.93225,2.40,3.72
2014.08.22 06:17:25.473,0.93214,0.93225,2.33,2.97
2014.08.22 06:17:26.456,0.93214,0.93225,2.40,2.97
2014.08.22 06:17:27.005,0.93214,0.93225,2.33,2.97
2014.08.22 06:17:27.518,0.93214,0.93225,2.40,2.97
2014.08.22 06:17:28.052,0.93214,0.93225,2.33,7.47
2014.08.22 06:17:46.626,0.93213,0.93221,1.18,1.00
2014.08.22 06:17:47.266,0.93213,0.93221,1.10,1.10
2014.08.22 06:17:56.320,0.93213,0.93221,1.18,1.00
2014.08.22 06:17:56.837,0.93213,0.93221,1.10,1.10
2014.08.22 06:17:57.344,0.93213,0.93221,1.18,1.00
2014.08.22 06:17:58.074,0.93213,0.93221,1.10,1.10
2014.08.22 06:18:04.558,0.93212,0.93221,1.15,1.00
2014.08.22 06:18:05.092,0.93213,0.93221,1.15,1.00
2014.08.22 06:18:05.505,0.93216,0.93225,3.00,1.88
2014.08.22 06:18:05.556,0.93221,0.93225,1.10,1.50
2014.08.22 06:18:05.657,0.93221,0.93227,1.15,1.50
2014.08.22 06:18:06.313,0.93222,0.93226,1.10,1.00
2014.08.22 06:18:06.827,0.93221,0.93225,1.10,1.00
2014.08.22 06:18:07.466,0.93222,0.93226,1.00,1.00
2014.08.22 06:18:07.975,0.93221,0.93225,1.10,1.00
2014.08.22 06:18:11.478,0.9322,0.93226,1.15,1.00
2014.08.22 06:18:12.036,0.9322,0.93225,1.18,1.00
2014.08.22 06:18:14.605,0.9322,0.93226,1.15,1.00
2014.08.22 06:18:15.118,0.9322,0.93225,1.18,1.00
2014.08.22 06:18:15.627,0.9322,0.93226,1.15,1.00
2014.08.22 06:18:16.271,0.9322,0.93226,1.15,1.00
2014.08.22 06:18:17.328,0.93221,0.93226,1.20,1.00
2014.08.22 06:18:17.854,0.93221,0.93226,1.18,1.00
2014.08.22 06:18:22.496,0.93218,0.93224,3.49,1.00
2014.08.22 06:18:22.749,0.93221,0.93226,1.18,1.50
2014.08.22 06:18:27.343,0.93222,0.9323,1.28,1.69
2014.08.22 06:18:27.900,0.93222,0.93226,1.20,1.00
2014.08.22 06:18:28.455,0.9322,0.93226,1.18,1.00
2014.08.22 06:18:28.975,0.93221,0.93226,1.48,1.00
2014.08.22 06:18:42.857,0.93222,0.93229,1.10,1.00
2014.08.22 06:18:42.907,0.93222,0.93231,1.08,1.02
2014.08.22 06:18:50.675,0.93224,0.93233,1.58,1.18
2014.08.22 06:19:03.887,0.93224,0.93234,1.00,3.72
2014.08.22 06:19:14.876,0.93222,0.93231,1.18,1.10
2014.08.22 06:19:23.688,0.93224,0.93233,1.00,1.47
2014.08.22 06:19:30.014,0.93224,0.93234,1.18,4.09
2014.08.22 06:19:30.526,0.93224,0.93234,1.10,4.09
2014.08.22 06:19:39.721,0.93224,0.93234,1.28,2.59
2014.08.22 06:19:40.503,0.93224,0.93234,1.95,1.84
2014.08.22 06:19:47.425,0.93224,0.93234,2.03,1.09
2014.08.22 06:19:47.937,0.93224,0.93234,1.95,1.40
2014.08.22 06:19:48.100,0.93229,0.93236,1.00,5.14
2014.08.22 06:19:48.201,0.93229,0.93237,1.00,2.03
2014.08.22 06:19:48.302,0.93229,0.93237,1.65,1.00
2014.08.22 06:19:48.827,0.9323,0.93237,1.18,1.00
2014.08.22 06:19:49.350,0.9323,0.93237,1.58,1.00
2014.08.22 06:19:53.756,0.9323,0.93237,1.77,1.00
2014.08.22 06:20:00.062,0.9323,0.93234,1.10,1.00
2014.08.22 06:20:02.043,0.9323,0.93235,1.65,1.00
2014.08.22 06:20:02.607,0.9323,0.93235,1.10,1.00
2014.08.22 06:20:03.120,0.9323,0.93235,1.18,1.00
2014.08.22 06:20:04.600,0.9323,0.93236,1.18,1.00
2014.08.22 06:20:05.014,0.9323,0.9324,1.18,2.22
2014.08.22 06:20:08.627,0.9323,0.93238,1.18,1.00
2014.08.22 06:20:08.780,0.93229,0.93237,1.50,1.40
2014.08.22 06:20:09.083,0.93227,0.93236,1.00,2.22
2014.08.22 06:20:09.234,0.93224,0.93234,2.52,2.78
2014.08.22 06:20:09.740,0.93224,0.93234,1.50,2.97
2014.08.22 06:20:23.371,0.93221,0.93231,2.97,1.10
2014.08.22 06:20:28.930,0.93221,0.93231,1.15,2.14
2014.08.22 06:20:29.739,0.93221,0.93231,1.65,2.14
2014.08.22 06:20:30.247,0.93221,0.93231,1.18,2.97
2014.08.22 06:20:30.788,0.93221,0.93231,1.65,2.14
2014.08.22 06:20:32.303,0.93221,0.93231,1.84,1.20
2014.08.22 06:20:34.275,0.93221,0.93231,2.22,1.20
2014.08.22 06:20:36.112,0.93221,0.93231,2.22,1.58
2014.08.22 06:20:41.378,0.93221,0.9323,1.10,3.15
2014.08.22 06:20:51.114,0.9322,0.93231,2.03,5.22
2014.08.22 06:20:51.652,0.9322,0.93231,2.22,5.22
2014.08.22 06:20:53.092,0.9322,0.93231,2.22,3.72
2014.08.22 06:20:53.596,0.9322,0.9323,1.25,1.28
2014.08.22 06:20:55.049,0.9322,0.9323,1.10,1.47
2014.08.22 06:21:03.162,0.9322,0.9323,1.00,2.22
2014.08.22 06:21:03.264,0.9322,0.9323,1.18,2.22
2014.08.22 06:21:05.195,0.9322,0.9323,1.10,2.22
2014.08.22 06:21:05.878,0.9322,0.9323,1.18,2.22
2014.08.22 06:21:08.744,0.9322,0.93229,1.10,1.08
2014.08.22 06:21:09.293,0.9322,0.93229,1.10,1.18
2014.08.22 06:21:10.060,0.9322,0.93229,1.08,1.09
2014.08.22 06:21:10.822,0.9322,0.9323,1.15,1.39
2014.08.22 06:21:11.361,0.9322,0.9323,1.15,1.39
2014.08.22 06:21:11.903,0.9322,0.9323,1.18,2.22
2014.08.22 06:21:12.419,0.9322,0.9323,1.10,2.22
2014.08.22 06:21:17.283,0.9322,0.9323,1.18,2.22
2014.08.22 06:21:17.842,0.9322,0.9323,1.10,2.22
2014.08.22 06:21:18.910,0.9322,0.9323,1.18,2.22
2014.08.22 06:21:19.656,0.9322,0.9323,1.10,2.22
2014.08.22 06:21:26.982,0.93221,0.93229,1.00,1.28
2014.08.22 06:21:27.234,0.93221,0.9323,1.18,1.39
2014.08.22 06:21:28.029,0.93221,0.9323,1.10,1.47
2014.08.22 06:21:28.840,0.93221,0.9323,1.08,2.22
2014.08.22 06:21:29.348,0.93221,0.9323,1.10,2.22
2014.08.22 06:21:30.328,0.93221,0.9323,1.08,2.22
2014.08.22 06:21:30.855,0.93221,0.9323,1.10,2.22
2014.08.22 06:21:33.589,0.93221,0.9323,1.08,2.97
2014.08.22 06:21:34.257,0.93221,0.9323,1.20,1.08
2014.08.22 06:21:37.516,0.93221,0.9323,1.28,1.10
2014.08.22 06:21:38.410,0.93221,0.9323,1.10,1.18
2014.08.22 06:21:39.162,0.93221,0.9323,1.18,1.58
2014.08.22 06:21:39.667,0.93221,0.9323,1.10,2.40
2014.08.22 06:21:40.196,0.93221,0.9323,1.18,2.33
2014.08.22 06:21:41.548,0.93221,0.9323,1.20,2.52
2014.08.22 06:21:42.053,0.93221,0.9323,1.18,2.52
2014.08.22 06:21:43.160,0.93221,0.9323,1.20,2.52
2014.08.22 06:21:43.678,0.93221,0.9323,1.18,2.33
2014.08.22 06:21:44.339,0.93221,0.9323,1.20,2.52
2014.08.22 06:21:45.213,0.93221,0.9323,1.08,2.59
2014.08.22 06:21:46.179,0.93221,0.9323,1.20,1.58
2014.08.22 06:21:47.479,0.93221,0.9323,1.18,1.58
2014.08.22 06:21:48.062,0.93221,0.9323,1.10,1.65
2014.08.22 06:21:49.998,0.93221,0.9323,1.18,2.33
2014.08.22 06:21:50.513,0.93221,0.9323,1.10,2.40
2014.08.22 06:21:51.061,0.93221,0.9323,1.18,2.33
2014.08.22 06:21:52.378,0.93221,0.9323,1.10,1.84
2014.08.22 06:21:53.483,0.93221,0.9323,1.18,1.02
2014.08.22 06:21:53.989,0.93221,0.9323,1.10,1.65
2014.08.22 06:21:59.869,0.93221,0.9323,1.08,1.84
2014.08.22 06:22:00.383,0.93221,0.9323,1.10,1.09
2014.08.22 06:22:13.616,0.93221,0.9323,1.18,1.39
2014.08.22 06:22:14.226,0.93221,0.9323,1.10,1.28
2014.08.22 06:22:15.004,0.93221,0.9323,1.18,1.20
2014.08.22 06:22:15.558,0.93221,0.9323,1.10,1.28
2014.08.22 06:22:17.182,0.93221,0.9323,1.18,1.10
2014.08.22 06:22:17.850,0.93221,0.9323,1.10,1.18
2014.08.22 06:22:18.418,0.93221,0.9323,1.18,1.10
2014.08.22 06:22:19.617,0.93221,0.9323,1.20,1.58
2014.08.22 06:22:20.125,0.93221,0.9323,1.18,1.58
2014.08.22 06:22:20.731,0.93221,0.9323,1.10,1.65
2014.08.22 06:22:24.820,0.93221,0.9323,1.18,2.52
2014.08.22 06:22:25.352,0.93221,0.9323,1.20,2.89
2014.08.22 06:22:25.859,0.93221,0.9323,1.18,2.89
2014.08.22 06:22:27.232,0.93221,0.9323,1.20,2.89
2014.08.22 06:22:27.803,0.93221,0.9323,1.18,2.89
2014.08.22 06:22:28.462,0.93221,0.9323,1.10,2.22
2014.08.22 06:22:29.068,0.93221,0.9323,1.18,2.14
2014.08.22 06:22:29.576,0.93221,0.9323,1.10,2.22
2014.08.22 06:22:30.102,0.93221,0.9323,1.18,2.14
2014.08.22 06:22:30.949,0.93221,0.9323,1.10,1.84
2014.08.22 06:22:33.224,0.9322,0.9323,1.28,1.09
2014.08.22 06:22:33.731,0.9322,0.9323,1.47,1.18
2014.08.22 06:22:34.411,0.9322,0.9323,1.47,1.10
2014.08.22 06:22:34.942,0.9322,0.9323,1.47,1.18
2014.08.22 06:22:35.455,0.9322,0.9323,1.47,1.10
2014.08.22 06:22:36.007,0.9322,0.9323,1.47,1.08
2014.08.22 06:22:36.538,0.9322,0.9323,1.78,1.10
2014.08.22 06:22:37.049,0.9322,0.9323,1.47,1.18
2014.08.22 06:22:37.657,0.9322,0.9323,1.47,1.20
2014.08.22 06:22:38.427,0.9322,0.9323,1.47,1.08
2014.08.22 06:22:44.244,0.9322,0.9323,1.47,1.20
2014.08.22 06:22:44.815,0.9322,0.9323,1.47,1.18
2014.08.22 06:22:45.319,0.9322,0.9323,1.28,1.02
2014.08.22 06:22:49.272,0.9322,0.9323,1.47,1.18
2014.08.22 06:22:49.861,0.9322,0.9323,1.28,1.02
2014.08.22 06:22:55.882,0.93219,0.9323,1.78,1.84
2014.08.22 06:23:04.471,0.93221,0.93229,1.08,1.00
2014.08.22 06:23:04.980,0.93221,0.93229,1.10,1.10
2014.08.22 06:23:09.150,0.93221,0.93229,1.18,1.00
2014.08.22 06:23:10.097,0.93221,0.9323,1.18,2.89
2014.08.22 06:23:10.708,0.93221,0.9323,1.10,2.97
2014.08.22 06:23:16.921,0.93221,0.9323,1.28,1.10
2014.08.22 06:23:17.438,0.93221,0.9323,1.20,1.18
2014.08.22 06:23:17.984,0.93221,0.9323,1.20,1.20
2014.08.22 06:23:18.590,0.93221,0.9323,1.20,1.18
2014.08.22 06:23:19.539,0.93221,0.9323,1.00,1.15
2014.08.22 06:23:20.402,0.93221,0.93229,1.00,1.15
2014.08.22 06:23:22.956,0.93221,0.9323,1.00,2.97
2014.08.22 06:23:24.551,0.93221,0.9323,1.10,2.78
2014.08.22 06:23:25.482,0.93221,0.9323,1.18,2.89
2014.08.22 06:23:26.325,0.93221,0.9323,1.20,2.70
2014.08.22 06:23:27.441,0.93221,0.9323,1.18,2.33
2014.08.22 06:23:27.978,0.93221,0.9323,1.10,2.40
2014.08.22 06:23:28.636,0.93221,0.9323,1.08,1.84
2014.08.22 06:23:29.195,0.93221,0.9323,1.10,1.84
2014.08.22 06:23:29.745,0.93221,0.9323,1.18,1.77
2014.08.22 06:23:30.286,0.93221,0.9323,1.10,1.84
2014.08.22 06:23:32.625,0.93221,0.9323,1.08,1.84
2014.08.22 06:23:33.130,0.93221,0.9323,1.10,1.84
2014.08.22 06:23:36.229,0.93221,0.9323,1.18,1.02
2014.08.22 06:23:36.747,0.93221,0.9323,1.10,1.18
2014.08.22 06:23:37.351,0.93221,0.9323,1.18,1.10
2014.08.22 06:23:38.109,0.93221,0.9323,1.10,1.18
2014.08.22 06:23:38.907,0.93221,0.9323,1.18,1.10
2014.08.22 06:23:39.429,0.93221,0.9323,1.15,1.00
2014.08.22 06:23:39.943,0.93221,0.9323,1.18,1.58
2014.08.22 06:23:40.448,0.93221,0.9323,1.15,1.50
2014.08.22 06:23:41.052,0.93221,0.9323,1.10,1.65
2014.08.22 06:23:50.077,0.93223,0.9323,1.00,1.65
2014.08.22 06:23:59.269,0.93223,0.9323,1.10,1.00
2014.08.22 06:24:15.649,0.93223,0.9323,1.00,1.58
2014.08.22 06:24:20.883,0.93223,0.9323,1.00,3.15
2014.08.22 06:24:21.388,0.93223,0.9323,1.00,3.15
2014.08.22 06:24:29.904,0.93223,0.9323,1.00,2.40
2014.08.22 06:24:30.573,0.93223,0.9323,1.00,2.78
2014.08.22 06:24:35.341,0.93223,0.9323,1.00,2.78
2014.08.22 06:24:36.202,0.93223,0.9323,1.00,3.53
2014.08.22 06:24:36.972,0.93223,0.9323,1.00,3.53
2014.08.22 06:24:37.830,0.93223,0.9323,1.00,3.53
2014.08.22 06:24:41.037,0.93223,0.93229,1.00,1.65
2014.08.22 06:24:47.084,0.9322,0.93229,1.02,1.65
2014.08.22 06:24:47.589,0.9322,0.93229,1.25,1.65
2014.08.22 06:24:48.970,0.93221,0.93229,1.00,1.65
2014.08.22 06:24:51.172,0.93221,0.93229,1.00,1.65
2014.08.22 06:24:51.786,0.93219,0.93225,2.22,1.00
2014.08.22 06:24:59.752,0.93218,0.93225,2.22,1.00
2014.08.22 06:25:00.359,0.93219,0.93225,1.47,1.00
2014.08.22 06:25:00.827,0.9322,0.93227,1.18,1.00
2014.08.22 06:25:00.927,0.9322,0.9323,1.28,7.84
2014.08.22 06:25:01.331,0.93221,0.9323,2.22,1.50
2014.08.22 06:25:01.981,0.93221,0.9323,2.22,1.58
2014.08.22 06:25:02.618,0.93221,0.9323,2.22,1.50
2014.08.22 06:25:04.700,0.93221,0.9323,2.22,1.58
2014.08.22 06:25:05.226,0.93221,0.9323,2.97,1.50
2014.08.22 06:25:06.181,0.93222,0.9323,1.09,1.58
2014.08.22 06:25:06.693,0.93222,0.9323,1.09,1.50
2014.08.22 06:25:07.470,0.93222,0.9323,1.02,1.58
2014.08.22 06:25:08.067,0.93222,0.9323,1.09,1.50
2014.08.22 06:25:08.574,0.93222,0.9323,1.84,1.50
2014.08.22 06:25:10.311,0.93222,0.9323,1.37,1.58
2014.08.22 06:25:19.382,0.93224,0.9323,1.50,1.50
2014.08.22 06:25:19.890,0.93221,0.9323,2.97,1.50
2014.08.22 06:25:39.881,0.93222,0.9323,1.15,1.50
2014.08.22 06:25:51.632,0.93222,0.9323,1.10,1.58
2014.08.22 06:25:52.279,0.93222,0.9323,1.18,1.50
2014.08.22 06:26:01.047,0.93222,0.93231,1.18,1.10
2014.08.22 06:26:01.816,0.93222,0.93231,1.02,1.18
2014.08.22 06:26:02.325,0.93222,0.93231,1.09,1.10
2014.08.22 06:26:03.677,0.93222,0.93231,1.10,1.18
2014.08.22 06:26:04.349,0.93222,0.93231,1.18,1.10
2014.08.22 06:26:04.984,0.93222,0.93231,1.10,1.18
2014.08.22 06:26:05.608,0.93222,0.93231,1.18,1.10
2014.08.22 06:26:13.463,0.93222,0.93231,1.20,1.08
2014.08.22 06:26:14.018,0.93221,0.9323,2.22,1.00
2014.08.22 06:26:19.916,0.93222,0.93231,1.18,1.10
2014.08.22 06:26:23.730,0.93221,0.9323,2.22,1.00
2014.08.22 06:26:24.613,0.93222,0.93231,1.18,1.10
2014.08.22 06:26:32.228,0.93222,0.93231,1.10,1.18
2014.08.22 06:26:32.807,0.93221,0.9323,1.40,1.00
2014.08.22 06:26:33.398,0.93222,0.93231,1.18,1.10
2014.08.22 06:26:38.577,0.93221,0.9323,1.15,1.00
2014.08.22 06:26:38.678,0.9322,0.93229,1.77,1.18
2014.08.22 06:26:39.418,0.9322,0.93229,1.08,1.20
2014.08.22 06:26:41.886,0.9322,0.93224,1.10,1.00
2014.08.22 06:26:41.937,0.93219,0.93224,1.50,1.10
2014.08.22 06:26:42.442,0.93219,0.93225,1.08,1.00
2014.08.22 06:26:42.953,0.93219,0.93225,1.10,1.00
2014.08.22 06:26:45.596,0.93219,0.93225,1.08,1.00
2014.08.22 06:26:46.100,0.93219,0.93225,1.10,1.00
2014.08.22 06:26:49.318,0.93219,0.93225,1.18,1.00
2014.08.22 06:26:50.026,0.93219,0.93225,1.10,1.00
2014.08.22 06:26:50.579,0.93217,0.93224,1.47,1.00
2014.08.22 06:26:50.630,0.93216,0.9322,2.33,1.00
2014.08.22 06:26:50.834,0.93215,0.9322,1.00,1.00
2014.08.22 06:26:51.036,0.93211,0.9322,3.15,1.50
2014.08.22 06:26:51.391,0.93216,0.93222,1.00,1.53
2014.08.22 06:26:51.696,0.93211,0.9322,1.65,2.33
2014.08.22 06:26:53.152,0.93216,0.93221,1.00,1.18
2014.08.22 06:26:53.253,0.93216,0.93223,1.00,2.14
2014.08.22 06:26:53.785,0.93215,0.93223,1.10,1.77
2014.08.22 06:26:55.892,0.93213,0.9322,1.40,1.00
2014.08.22 06:26:56.044,0.93213,0.9322,1.20,1.00
2014.08.22 06:26:56.582,0.93213,0.9322,1.18,1.00
2014.08.22 06:27:09.946,0.93212,0.9322,1.00,1.15
2014.08.22 06:27:10.462,0.93212,0.9322,1.00,1.18
2014.08.22 06:27:33.669,0.93211,0.9322,1.39,2.40
2014.08.22 06:27:34.216,0.93211,0.93219,1.25,1.18
2014.08.22 06:27:35.094,0.9321,0.93219,3.64,1.18
2014.08.22 06:27:43.111,0.9321,0.93219,3.64,1.18
2014.08.22 06:27:47.890,0.9321,0.93219,3.72,1.10
2014.08.22 06:27:49.206,0.9321,0.93219,4.39,1.18
2014.08.22 06:27:49.766,0.9321,0.93219,4.47,1.10
2014.08.22 06:27:50.272,0.9321,0.93219,4.47,1.00
2014.08.22 06:28:00.206,0.93211,0.9322,2.97,1.50
2014.08.22 06:28:05.875,0.93212,0.9322,1.28,1.50
2014.08.22 06:28:06.473,0.93212,0.9322,1.28,1.50
2014.08.22 06:28:14.906,0.93212,0.9322,1.28,1.50
2014.08.22 06:28:15.413,0.93212,0.9322,1.28,1.50
2014.08.22 06:28:16.053,0.93212,0.9322,1.28,1.50
2014.08.22 06:28:16.582,0.93212,0.9322,1.28,1.50
2014.08.22 06:28:17.481,0.93212,0.9322,1.28,1.50
2014.08.22 06:28:18.267,0.93212,0.9322,1.28,1.50
2014.08.22 06:28:21.592,0.93212,0.9322,1.28,1.50
2014.08.22 06:28:22.360,0.93212,0.9322,1.28,1.50
2014.08.22 06:28:45.848,0.93212,0.93218,1.10,1.10
2014.08.22 06:28:46.186,0.93208,0.93215,1.08,2.25
2014.08.22 06:28:46.388,0.93212,0.93217,1.00,1.10
2014.08.22 06:28:46.799,0.93212,0.93219,1.00,1.02
2014.08.22 06:28:46.900,0.93211,0.93215,1.58,1.00
2014.08.22 06:29:00.452,0.93207,0.93215,3.72,1.00
2014.08.22 06:29:01.741,0.93207,0.93215,3.72,1.00
2014.08.22 06:29:07.809,0.93207,0.93212,1.58,1.00
2014.08.22 06:29:07.961,0.93207,0.93214,1.50,1.20
2014.08.22 06:29:08.113,0.93205,0.9321,1.63,1.00
2014.08.22 06:29:08.249,0.93202,0.9321,10.77,1.00
2014.08.22 06:29:08.351,0.93206,0.93213,1.48,1.00
2014.08.22 06:29:08.605,0.93211,0.93216,1.00,1.00
2014.08.22 06:29:08.656,0.93208,0.93215,2.59,1.00
2014.08.22 06:29:09.463,0.93207,0.93215,2.97,1.00
2014.08.22 06:29:09.968,0.93208,0.93215,1.53,1.00
2014.08.22 06:29:10.321,0.93211,0.93217,1.00,1.50
2014.08.22 06:29:10.473,0.93211,0.93219,2.33,1.09
2014.08.22 06:29:10.984,0.93211,0.93219,2.40,1.00
2014.08.22 06:29:11.489,0.93212,0.9322,1.58,1.58
2014.08.22 06:29:12.486,0.93212,0.93218,1.58,1.00
2014.08.22 06:29:12.994,0.93212,0.9322,1.58,1.58
2014.08.22 06:29:18.756,0.93212,0.9322,1.58,1.50
2014.08.22 06:29:19.331,0.93212,0.9322,1.65,1.50
2014.08.22 06:30:00.840,0.93212,0.9322,1.50,1.18
2014.08.22 06:30:02.844,0.93213,0.93221,1.00,1.65
2014.08.22 06:30:30.499,0.93212,0.93221,1.58,1.65
2014.08.22 06:30:31.830,0.93212,0.9322,1.00,1.18
2014.08.22 06:30:32.382,0.93212,0.9322,1.10,1.10
2014.08.22 06:30:33.076,0.93212,0.9322,1.00,1.18
2014.08.22 06:30:34.122,0.93212,0.9322,1.10,1.10
2014.08.22 06:30:35.189,0.93212,0.9322,1.00,1.18
2014.08.22 06:30:35.920,0.93212,0.9322,1.10,1.20
2014.08.22 06:30:56.892,0.93212,0.93221,1.28,1.58
2014.08.22 06:31:27.040,0.93213,0.93221,1.18,1.00
2014.08.22 06:31:27.605,0.93213,0.93221,1.10,1.10
2014.08.22 06:31:28.337,0.93213,0.93221,1.18,1.00
2014.08.22 06:31:30.397,0.93213,0.93221,1.10,1.10
2014.08.22 06:31:30.960,0.93213,0.93221,1.18,1.00
2014.08.22 06:32:06.466,0.93215,0.93221,1.00,1.10
2014.08.22 06:32:09.281,0.93215,0.93223,1.00,1.65
2014.08.22 06:32:10.126,0.93215,0.93223,1.10,1.65
2014.08.22 06:32:10.715,0.93215,0.93223,1.00,1.65
2014.08.22 06:32:20.556,0.93217,0.93223,1.00,1.18
2014.08.22 06:32:20.808,0.9322,0.93226,1.10,1.00
2014.08.22 06:32:21.312,0.93219,0.93226,1.10,1.00
2014.08.22 06:32:21.816,0.93219,0.93226,1.08,1.00
2014.08.22 06:32:28.508,0.93219,0.93226,1.10,1.00
2014.08.22 06:32:29.010,0.93219,0.93226,1.18,1.00
2014.08.22 06:32:35.263,0.93219,0.93226,1.18,1.00
2014.08.22 06:32:37.289,0.93219,0.93226,1.15,1.00
2014.08.22 06:32:37.870,0.93219,0.93226,1.15,1.00
2014.08.22 06:32:43.266,0.93219,0.93226,1.18,1.00
2014.08.22 06:32:44.449,0.93218,0.93226,1.18,1.00
2014.08.22 06:32:45.004,0.93218,0.93226,1.10,1.10
2014.08.22 06:32:46.152,0.93217,0.93225,3.15,1.00
2014.08.22 06:32:46.203,0.93217,0.93223,1.18,1.00
2014.08.22 06:32:46.708,0.93217,0.93222,1.00,1.10
2014.08.22 06:32:48.610,0.93215,0.93222,1.10,1.00
2014.08.22 06:32:55.668,0.93215,0.93224,1.65,1.58
2014.08.22 06:32:55.971,0.93217,0.93225,1.15,1.00
2014.08.22 06:32:56.476,0.93218,0.93226,1.18,1.00
2014.08.22 06:32:58.915,0.93219,0.93226,1.28,1.00
2014.08.22 06:32:59.117,0.9322,0.93229,1.58,1.18
2014.08.22 06:32:59.269,0.93221,0.9323,1.08,1.58
2014.08.22 06:32:59.773,0.93222,0.9323,1.10,1.10
2014.08.22 06:33:00.286,0.93222,0.9323,1.18,1.00
2014.08.22 06:33:00.794,0.93222,0.9323,1.10,1.10
2014.08.22 06:33:02.093,0.93222,0.93227,1.10,1.00
2014.08.22 06:33:02.245,0.9322,0.93227,1.20,1.00
2014.08.22 06:33:02.755,0.9322,0.93227,1.28,1.50
2014.08.22 06:33:03.261,0.9322,0.93227,1.28,1.50
2014.08.22 06:33:03.767,0.93221,0.93229,1.00,1.08
2014.08.22 06:33:04.278,0.93221,0.93229,1.10,1.10
2014.08.22 06:33:06.097,0.93221,0.93228,1.20,1.00
2014.08.22 06:33:06.602,0.93221,0.93227,1.10,1.00
2014.08.22 06:33:06.653,0.93221,0.93229,1.10,1.02
2014.08.22 06:33:07.166,0.93222,0.9323,1.00,1.37
2014.08.22 06:33:07.814,0.93222,0.9323,1.10,1.10
2014.08.22 06:33:08.338,0.93222,0.9323,1.28,1.00
2014.08.22 06:33:09.773,0.93224,0.9323,1.00,1.00
2014.08.22 06:33:20.916,0.93224,0.93231,1.00,1.10
2014.08.22 06:33:34.132,0.93223,0.93231,1.10,1.10
2014.08.22 06:33:56.972,0.93223,0.93231,1.00,1.18
2014.08.22 06:33:57.488,0.93222,0.93231,1.20,1.65
2014.08.22 06:34:00.827,0.93222,0.93231,1.18,1.58
2014.08.22 06:34:01.553,0.93222,0.93231,1.20,1.65
2014.08.22 06:34:02.288,0.93222,0.93231,1.20,1.65
2014.08.22 06:34:02.873,0.93222,0.93231,1.20,1.65
2014.08.22 06:34:04.953,0.93222,0.93231,1.28,1.58
2014.08.22 06:34:05.512,0.93222,0.93231,1.20,1.65
2014.08.22 06:34:08.455,0.93223,0.93231,1.50,1.08
2014.08.22 06:34:08.964,0.93223,0.93231,1.58,1.10
2014.08.22 06:34:24.397,0.93225,0.93231,1.00,1.58
2014.08.22 06:34:29.911,0.93224,0.93231,1.00,1.58
2014.08.22 06:34:38.430,0.93224,0.93233,3.83,1.47
2014.08.22 06:34:45.670,0.93224,0.93233,1.65,1.77
2014.08.22 06:34:46.175,0.93224,0.93233,1.65,1.50
2014.08.22 06:34:46.733,0.93224,0.93233,1.65,1.58
2014.08.22 06:34:47.238,0.93224,0.93233,1.65,1.50
2014.08.22 06:34:47.821,0.93224,0.93233,1.18,1.58
2014.08.22 06:34:48.919,0.93226,0.93233,1.10,1.00
2014.08.22 06:34:49.323,0.93228,0.93236,1.10,1.58
2014.08.22 06:34:49.667,0.93231,0.93236,1.65,1.00
2014.08.22 06:34:50.374,0.93231,0.93238,1.65,1.00
2014.08.22 06:34:50.626,0.93231,0.9324,1.65,1.58
2014.08.22 06:34:51.133,0.93231,0.9324,1.10,1.84
2014.08.22 06:34:57.832,0.93231,0.9324,2.03,1.50
2014.08.22 06:35:01.646,0.93232,0.9324,1.10,1.58
2014.08.22 06:35:02.151,0.93232,0.9324,1.00,1.84
2014.08.22 06:35:02.682,0.93231,0.9324,1.10,1.84
2014.08.22 06:35:04.661,0.93231,0.9324,1.08,1.84
2014.08.22 06:35:05.166,0.93232,0.9324,1.18,1.00
2014.08.22 06:35:05.687,0.93232,0.9324,1.10,1.10
2014.08.22 06:35:07.375,0.93232,0.93241,1.65,1.58
2014.08.22 06:35:07.881,0.93232,0.93241,1.58,1.65
2014.08.22 06:35:08.484,0.93232,0.93241,2.40,1.58
2014.08.22 06:35:10.667,0.93232,0.93241,2.78,1.50
2014.08.22 06:35:11.178,0.93232,0.93241,2.78,1.58
2014.08.22 06:35:12.154,0.93232,0.93241,2.78,1.50
2014.08.22 06:35:12.658,0.93235,0.93243,1.00,1.09
2014.08.22 06:35:20.465,0.93237,0.93243,1.00,1.28
2014.08.22 06:35:20.975,0.93237,0.93243,1.00,1.13
2014.08.22 06:35:24.411,0.93235,0.93243,1.10,1.20
2014.08.22 06:35:24.563,0.93235,0.93243,1.00,1.28
2014.08.22 06:35:26.432,0.93235,0.93243,1.00,1.28
2014.08.22 06:35:27.084,0.93235,0.93243,1.00,1.28
2014.08.22 06:35:28.239,0.93235,0.93243,1.00,1.47
2014.08.22 06:35:28.790,0.93235,0.93243,1.00,1.47
2014.08.22 06:35:29.300,0.93235,0.93243,1.00,1.47
2014.08.22 06:35:29.808,0.93235,0.93243,1.00,1.28
2014.08.22 06:35:30.932,0.93235,0.93243,1.00,1.47
2014.08.22 06:35:31.661,0.93235,0.93243,1.00,1.47
2014.08.22 06:35:33.859,0.93235,0.93243,1.00,1.47
2014.08.22 06:35:34.590,0.93235,0.93243,1.00,1.47
2014.08.22 06:35:37.809,0.93235,0.93243,1.00,1.47
2014.08.22 06:35:38.333,0.93235,0.93243,1.00,1.47
2014.08.22 06:35:38.921,0.93235,0.93243,1.00,1.47
2014.08.22 06:35:39.492,0.93235,0.93243,1.00,1.47
2014.08.22 06:35:41.507,0.93235,0.93243,1.00,1.47
2014.08.22 06:35:42.153,0.93235,0.93243,1.00,1.47
2014.08.22 06:35:45.422,0.93235,0.93243,1.00,1.47
2014.08.22 06:35:45.928,0.93235,0.93243,1.00,1.47
2014.08.22 06:35:49.035,0.93235,0.93243,1.00,1.47
2014.08.22 06:35:49.710,0.93235,0.93243,1.00,1.47
2014.08.22 06:35:58.520,0.93234,0.93243,2.25,1.47
2014.08.22 06:36:10.431,0.93234,0.93243,2.33,1.28
2014.08.22 06:36:10.982,0.93235,0.93244,1.00,3.72
2014.08.22 06:36:11.970,0.93234,0.93242,1.58,1.10
2014.08.22 06:36:24.177,0.93234,0.93241,1.00,1.08
2014.08.22 06:36:24.742,0.93234,0.93241,1.00,1.10
2014.08.22 06:36:58.550,0.93233,0.93242,1.10,1.18
2014.08.22 06:37:06.364,0.93234,0.93242,1.00,1.18
2014.08.22 06:37:07.558,0.93234,0.93242,1.10,1.02
2014.08.22 06:37:08.657,0.93234,0.93242,1.00,1.18
2014.08.22 06:37:09.293,0.93234,0.93242,1.10,1.10
2014.08.22 06:37:09.831,0.93234,0.93242,1.00,1.18
2014.08.22 06:37:12.240,0.93234,0.93241,1.00,1.15
2014.08.22 06:37:12.771,0.93234,0.93241,1.00,1.15
2014.08.22 06:37:15.818,0.93234,0.93241,1.00,1.15
2014.08.22 06:37:16.413,0.93234,0.93242,1.00,1.47
2014.08.22 06:37:17.201,0.93234,0.93242,1.00,1.28
2014.08.22 06:37:18.081,0.93234,0.93242,1.00,1.28
2014.08.22 06:37:18.632,0.93234,0.93242,1.00,1.28
2014.08.22 06:37:22.317,0.93234,0.93242,1.00,1.28
2014.08.22 06:37:22.916,0.93234,0.93242,1.00,1.28
2014.08.22 06:37:24.245,0.93234,0.93241,1.00,1.15
2014.08.22 06:37:25.024,0.93234,0.93241,1.00,1.18
2014.08.22 06:37:25.656,0.93234,0.93241,1.00,1.15
2014.08.22 06:37:26.161,0.93234,0.93241,1.00,1.18
2014.08.22 06:37:26.719,0.93234,0.93241,1.00,1.15
2014.08.22 06:37:30.981,0.93234,0.93241,1.00,1.18
2014.08.22 06:37:31.599,0.93234,0.93241,1.00,1.15
2014.08.22 06:37:32.488,0.93234,0.93241,1.00,1.18
2014.08.22 06:37:33.250,0.93234,0.93241,1.00,1.15
2014.08.22 06:37:33.812,0.93234,0.93241,1.00,1.18
2014.08.22 06:37:34.316,0.93234,0.93241,1.00,1.10
2014.08.22 06:37:36.092,0.93234,0.93241,1.00,1.18
2014.08.22 06:37:39.591,0.93234,0.93242,1.00,1.18
2014.08.22 06:37:40.101,0.93234,0.93241,1.00,1.18
2014.08.22 06:37:42.542,0.93234,0.93242,1.00,1.18
2014.08.22 06:37:43.968,0.93234,0.93242,1.00,1.15
2014.08.22 06:37:54.066,0.93234,0.93241,1.00,1.10
2014.08.22 06:37:56.465,0.93234,0.93242,1.00,1.65
2014.08.22 06:37:56.974,0.93234,0.93242,1.00,1.65
2014.08.22 06:38:00.036,0.93234,0.93242,1.00,1.65
2014.08.22 06:38:00.545,0.93234,0.93242,1.00,1.65
2014.08.22 06:38:06.091,0.93234,0.93242,1.00,1.84
2014.08.22 06:38:06.495,0.93234,0.93242,1.10,1.02
2014.08.22 06:38:08.496,0.93234,0.93242,1.00,1.18
2014.08.22 06:38:18.659,0.93234,0.93242,1.10,1.20
2014.08.22 06:38:18.849,0.93234,0.93242,1.15,1.00
2014.08.22 06:38:19.153,0.93239,0.93246,1.10,1.29
2014.08.22 06:38:19.255,0.93241,0.93247,1.08,1.00
2014.08.22 06:38:19.761,0.93239,0.93246,1.15,1.00
2014.08.22 06:38:20.120,0.93238,0.93246,1.18,1.58
2014.08.22 06:38:20.221,0.93238,0.93246,1.10,1.58
2014.08.22 06:38:20.743,0.93238,0.93245,1.10,1.00
2014.08.22 06:38:21.280,0.93238,0.93245,1.65,1.00
2014.08.22 06:38:21.779,0.93237,0.93245,1.10,1.10
2014.08.22 06:38:22.314,0.93237,0.93245,1.18,1.00
2014.08.22 06:38:24.154,0.93239,0.93246,1.58,1.10
2014.08.22 06:38:24.975,0.9324,0.93248,1.00,1.40
2014.08.22 06:38:25.430,0.93241,0.93248,1.10,1.10
2014.08.22 06:38:28.873,0.9324,0.93248,1.10,1.10
2014.08.22 06:38:28.974,0.9324,0.93249,1.78,1.50
2014.08.22 06:38:29.277,0.93246,0.93252,1.15,1.00
2014.08.22 06:38:29.732,0.93244,0.93252,1.40,1.00
2014.08.22 06:38:30.388,0.93244,0.93252,1.18,1.10
2014.08.22 06:38:30.893,0.93244,0.93251,1.10,1.00
2014.08.22 06:38:41.059,0.93246,0.93251,1.00,1.10
2014.08.22 06:38:41.248,0.93244,0.93251,1.00,1.10
2014.08.22 06:38:49.836,0.93246,0.93254,1.00,2.03
2014.08.22 06:38:50.139,0.93248,0.93253,1.00,1.10
2014.08.22 06:38:50.443,0.93242,0.93248,1.00,1.10
2014.08.22 06:38:51.152,0.93242,0.93249,1.00,2.33
2014.08.22 06:38:56.977,0.93241,0.93249,1.20,1.10
2014.08.22 06:39:07.505,0.93241,0.93249,1.20,1.00
2014.08.22 06:39:07.606,0.93244,0.93249,1.00,1.00
2014.08.22 06:39:08.208,0.93244,0.9325,1.00,1.58
2014.08.22 06:39:10.138,0.93243,0.9325,1.00,1.58
2014.08.22 06:39:10.542,0.93244,0.93252,1.10,1.77
2014.08.22 06:39:12.554,0.93244,0.93252,1.00,1.58
2014.08.22 06:39:20.031,0.93246,0.93252,1.00,1.84
2014.08.22 06:39:24.050,0.93246,0.93252,1.00,1.65
2014.08.22 06:39:26.911,0.93246,0.93252,1.18,1.00
2014.08.22 06:39:27.417,0.93246,0.93252,1.10,1.00
2014.08.22 06:39:28.592,0.93246,0.93252,1.18,1.00
2014.08.22 06:39:29.197,0.93246,0.93252,1.10,1.00
2014.08.22 06:39:29.856,0.93246,0.93252,1.18,1.00
2014.08.22 06:39:29.908,0.93246,0.93254,1.15,2.25
2014.08.22 06:39:30.412,0.93246,0.93254,1.15,2.25
2014.08.22 06:39:30.931,0.93246,0.93254,3.08,2.25
2014.08.22 06:39:31.083,0.93246,0.93252,1.08,1.50
2014.08.22 06:39:31.184,0.93246,0.93252,1.00,1.50
2014.08.22 06:39:31.290,0.93243,0.93249,1.40,1.00
2014.08.22 06:39:31.837,0.93243,0.93249,1.15,1.00
2014.08.22 06:39:31.990,0.93243,0.93251,1.28,1.00
2014.08.22 06:39:32.141,0.93244,0.93252,3.08,1.00
2014.08.22 06:39:32.646,0.93243,0.93251,3.45,1.00
2014.08.22 06:39:33.109,0.93246,0.93253,1.18,1.69
2014.08.22 06:39:33.613,0.93246,0.93253,1.15,1.00
2014.08.22 06:39:37.997,0.93246,0.93253,1.15,1.00
2014.08.22 06:39:40.865,0.93249,0.93255,1.00,1.10
2014.08.22 06:39:41.320,0.93244,0.93253,1.40,1.50
2014.08.22 06:39:41.490,0.93244,0.93251,1.00,1.10
2014.08.22 06:39:41.994,0.93244,0.93253,1.58,1.65
2014.08.22 06:39:42.499,0.93245,0.93253,1.00,1.65
2014.08.22 06:39:43.050,0.93245,0.93253,1.00,1.65
2014.08.22 06:39:44.839,0.93245,0.9325,1.00,1.00
2014.08.22 06:39:45.970,0.93244,0.9325,1.02,1.00
2014.08.22 06:39:50.442,0.93244,0.9325,1.77,1.00
2014.08.22 06:40:00.124,0.93244,0.93251,1.84,1.00
2014.08.22 06:40:06.815,0.93244,0.93252,1.84,1.50
2014.08.22 06:40:20.103,0.93245,0.93252,1.77,1.00
2014.08.22 06:40:22.408,0.93245,0.93252,1.77,1.00
2014.08.22 06:40:29.740,0.93245,0.93252,1.77,1.00
2014.08.22 06:40:31.755,0.93245,0.93252,1.02,1.00
2014.08.22 06:40:32.259,0.93245,0.93252,1.09,1.00
2014.08.22 06:40:33.000,0.93245,0.93253,1.84,1.00
2014.08.22 06:40:45.366,0.93246,0.93255,3.94,1.58
2014.08.22 06:40:45.670,0.93249,0.93258,4.02,1.00
2014.08.22 06:40:45.924,0.93252,0.93258,1.15,1.00
2014.08.22 06:40:46.429,0.93252,0.93259,1.40,1.00
2014.08.22 06:40:47.351,0.93253,0.93259,1.18,1.00
2014.08.22 06:40:49.495,0.93253,0.93259,1.15,1.00
2014.08.22 06:40:50.013,0.93253,0.9326,1.15,1.00
2014.08.22 06:40:50.518,0.93253,0.93259,1.40,1.00
2014.08.22 06:40:51.030,0.93253,0.9326,1.40,1.00
2014.08.22 06:40:51.538,0.93253,0.93259,1.84,1.00
2014.08.22 06:40:52.345,0.93253,0.93259,1.84,1.00
2014.08.22 06:40:54.962,0.93253,0.93259,1.40,1.00
2014.08.22 06:40:55.473,0.93253,0.93259,1.09,1.00
2014.08.22 06:40:58.091,0.93252,0.93259,1.84,1.00
2014.08.22 06:41:00.169,0.93252,0.93259,1.84,1.00
2014.08.22 06:41:01.557,0.93252,0.93259,1.40,1.00
2014.08.22 06:41:02.209,0.93252,0.93259,1.02,1.00
2014.08.22 06:41:02.735,0.93252,0.93259,1.09,1.00
2014.08.22 06:41:07.754,0.93252,0.9326,1.84,1.50
2014.08.22 06:41:08.264,0.93254,0.9326,1.00,1.50
2014.08.22 06:41:08.894,0.93253,0.9326,1.10,1.00
2014.08.22 06:41:13.635,0.93253,0.9326,2.52,1.00
2014.08.22 06:41:14.205,0.93253,0.9326,2.52,1.00
2014.08.22 06:41:15.937,0.93253,0.9326,1.84,1.00
2014.08.22 06:41:16.447,0.93253,0.9326,2.52,1.00
2014.08.22 06:41:23.833,0.93253,0.9326,1.65,1.00
2014.08.22 06:41:24.352,0.93253,0.9326,1.58,1.00
2014.08.22 06:41:25.299,0.93253,0.9326,1.58,1.00
2014.08.22 06:41:25.841,0.93253,0.9326,1.84,1.00
2014.08.22 06:41:27.369,0.93253,0.9326,1.77,1.00
2014.08.22 06:41:29.307,0.93253,0.9326,1.84,1.00
2014.08.22 06:41:30.518,0.93253,0.9326,1.84,1.00
2014.08.22 06:41:31.687,0.93253,0.9326,1.84,1.00
2014.08.22 06:41:32.337,0.93253,0.9326,1.77,1.00
2014.08.22 06:41:33.680,0.93253,0.9326,1.77,1.00
2014.08.22 06:41:34.796,0.93252,0.9326,1.84,1.00
2014.08.22 06:41:35.768,0.93252,0.9326,1.84,1.00
2014.08.22 06:41:36.740,0.93253,0.9326,1.18,1.00
2014.08.22 06:41:37.299,0.93252,0.9326,1.09,1.00
2014.08.22 06:41:38.047,0.93253,0.9326,1.18,1.00
2014.08.22 06:41:38.565,0.93253,0.9326,1.10,1.00
2014.08.22 06:41:39.074,0.93253,0.9326,1.18,1.00
2014.08.22 06:41:41.758,0.93252,0.9326,1.84,1.00
2014.08.22 06:41:43.391,0.93252,0.9326,1.40,1.00
2014.08.22 06:41:43.896,0.93253,0.9326,1.15,1.00
2014.08.22 06:41:44.337,0.93257,0.93261,1.10,1.00
2014.08.22 06:41:44.641,0.93254,0.9326,1.09,1.00
2014.08.22 06:41:44.843,0.93254,0.93262,1.84,1.00
2014.08.22 06:41:44.944,0.93258,0.93263,1.00,1.08
2014.08.22 06:41:45.096,0.93258,0.93265,1.25,1.10
2014.08.22 06:41:46.574,0.93261,0.93265,1.00,1.10
2014.08.22 06:41:47.080,0.93259,0.93265,1.69,1.00
2014.08.22 06:41:47.232,0.93256,0.93263,1.15,1.00
2014.08.22 06:41:47.537,0.93256,0.9326,1.00,1.00
2014.08.22 06:41:48.041,0.93253,0.9326,1.10,1.00
2014.08.22 06:41:48.562,0.93252,0.9326,1.40,1.00
2014.08.22 06:41:48.865,0.93256,0.93261,1.00,1.10
2014.08.22 06:41:52.848,0.93255,0.93262,1.00,1.08
2014.08.22 06:41:53.365,0.93255,0.93262,1.00,1.58
2014.08.22 06:42:02.321,0.93255,0.93262,1.00,1.65
2014.08.22 06:42:02.826,0.93255,0.93262,1.00,1.58
2014.08.22 06:42:04.008,0.93255,0.93262,1.00,1.65
2014.08.22 06:42:04.519,0.93255,0.93262,1.00,1.58
2014.08.22 06:42:05.356,0.9326,0.93264,1.00,1.00
2014.08.22 06:42:05.436,0.9326,0.93264,1.00,1.10
2014.08.22 06:42:05.588,0.93256,0.93264,1.29,1.10
2014.08.22 06:42:05.741,0.93255,0.93263,1.84,1.20
2014.08.22 06:42:06.094,0.93255,0.93262,1.00,1.18
2014.08.22 06:42:06.846,0.93255,0.93263,1.10,1.95
2014.08.22 06:42:10.549,0.93255,0.93263,1.10,2.03
2014.08.22 06:42:11.379,0.93255,0.93263,1.00,1.95
2014.08.22 06:42:11.883,0.93255,0.93263,1.10,1.95
2014.08.22 06:42:12.802,0.93255,0.93263,1.00,2.03
2014.08.22 06:42:16.581,0.93254,0.93261,1.02,1.00
2014.08.22 06:42:17.087,0.93253,0.9326,1.09,1.00
2014.08.22 06:42:17.696,0.93253,0.9326,1.15,1.00
2014.08.22 06:42:18.489,0.93254,0.93262,1.65,1.00
2014.08.22 06:42:18.993,0.93254,0.93262,1.58,1.10
2014.08.22 06:42:25.605,0.93254,0.93262,1.84,1.00
2014.08.22 06:42:29.334,0.93253,0.93261,1.40,1.00
2014.08.22 06:42:29.883,0.93253,0.9326,1.40,1.00
2014.08.22 06:42:33.636,0.93254,0.9326,1.18,1.00
2014.08.22 06:42:33.838,0.93254,0.93263,1.84,1.88
2014.08.22 06:42:34.398,0.93254,0.93262,1.18,1.00
2014.08.22 06:42:34.946,0.93256,0.93264,1.58,1.10
2014.08.22 06:42:35.451,0.93255,0.93264,1.09,1.50
2014.08.22 06:42:35.501,0.93255,0.93264,1.09,1.58
2014.08.22 06:42:35.603,0.93256,0.93264,1.08,1.00
2014.08.22 06:42:36.259,0.93258,0.93264,1.08,1.00
2014.08.22 06:42:38.431,0.93258,0.93264,1.15,1.00
2014.08.22 06:42:38.947,0.93258,0.93264,1.18,1.00
2014.08.22 06:42:39.494,0.93258,0.93264,1.18,1.00
2014.08.22 06:42:40.050,0.93258,0.93265,1.15,1.50
2014.08.22 06:42:47.557,0.93257,0.93263,1.84,1.00
2014.08.22 06:42:47.708,0.93256,0.93261,1.00,1.00
2014.08.22 06:42:48.012,0.93253,0.93261,1.18,1.00
2014.08.22 06:42:48.974,0.93253,0.9326,1.18,1.00
2014.08.22 06:42:49.378,0.93251,0.9326,2.59,1.10
2014.08.22 06:42:49.911,0.93253,0.9326,1.00,1.10
2014.08.22 06:42:56.219,0.93253,0.93259,1.10,1.00
2014.08.22 06:42:56.320,0.9325,0.93259,1.18,2.14
2014.08.22 06:42:56.421,0.93249,0.93254,1.00,1.13
2014.08.22 06:42:56.522,0.93249,0.93254,1.00,1.25
2014.08.22 06:43:00.342,0.93243,0.93251,1.15,1.50
2014.08.22 06:43:01.208,0.93243,0.93251,2.55,1.50
2014.08.22 06:43:02.492,0.93243,0.93256,1.80,2.18
2014.08.22 06:43:03.052,0.93249,0.93257,1.00,4.05
2014.08.22 06:43:03.796,0.93243,0.93255,2.03,2.44
2014.08.22 06:43:03.847,0.93243,0.93251,2.03,1.00
2014.08.22 06:43:04.049,0.93242,0.93251,1.15,1.00
2014.08.22 06:43:04.552,0.93243,0.93252,1.18,1.32
2014.08.22 06:43:05.096,0.93248,0.93254,1.00,2.25
2014.08.22 06:43:06.546,0.93245,0.93251,1.00,1.00
2014.08.22 06:43:07.055,0.93245,0.93252,1.10,1.32
2014.08.22 06:43:08.818,0.93249,0.93253,1.00,2.93
2014.08.22 06:43:09.071,0.93246,0.93254,1.00,1.15
2014.08.22 06:43:09.676,0.93245,0.93253,1.00,1.84
2014.08.22 06:43:10.188,0.93241,0.93251,4.09,1.10
2014.08.22 06:43:11.644,0.93244,0.93252,1.10,1.10
2014.08.22 06:43:12.158,0.93244,0.93252,1.00,1.18
2014.08.22 06:43:12.423,0.93241,0.9325,2.40,1.20
2014.08.22 06:43:12.726,0.93239,0.93245,1.20,1.15
2014.08.22 06:43:13.029,0.93237,0.93241,1.20,1.00
2014.08.22 06:43:24.472,0.93239,0.93246,1.35,1.50
2014.08.22 06:43:24.977,0.93239,0.93247,2.18,1.00
2014.08.22 06:43:28.584,0.93239,0.93245,1.43,1.00
2014.08.22 06:43:28.887,0.93239,0.93244,1.20,1.18
2014.08.22 06:43:29.466,0.93239,0.93244,1.20,1.10
2014.08.22 06:43:29.971,0.93239,0.93244,1.20,1.08
2014.08.22 06:43:30.511,0.93239,0.93244,1.20,1.10
2014.08.22 06:43:33.988,0.93238,0.93243,1.00,1.18
2014.08.22 06:43:34.140,0.93232,0.93241,4.47,1.00
2014.08.22 06:43:34.645,0.93232,0.9324,2.97,1.00
2014.08.22 06:43:35.395,0.93233,0.93241,1.18,2.25
2014.08.22 06:43:46.241,0.93233,0.93242,1.18,2.52
2014.08.22 06:43:47.986,0.93233,0.93241,1.18,1.00
2014.08.22 06:43:51.048,0.93236,0.93242,1.00,1.77
2014.08.22 06:43:53.350,0.9324,0.93247,1.50,4.58
2014.08.22 06:43:53.401,0.93241,0.93247,1.00,1.65
2014.08.22 06:43:53.503,0.93241,0.93247,1.00,1.10
2014.08.22 06:43:53.654,0.93239,0.93247,1.65,1.58
2014.08.22 06:43:53.966,0.93239,0.93245,1.20,1.08
2014.08.22 06:43:54.498,0.93239,0.93245,1.20,1.65
2014.08.22 06:43:56.119,0.93237,0.93245,2.03,1.84
2014.08.22 06:43:56.424,0.93239,0.93245,1.00,1.84
2014.08.22 06:43:56.883,0.93241,0.93246,1.00,1.27
2014.08.22 06:43:57.035,0.93241,0.93248,1.00,2.22
2014.08.22 06:43:57.136,0.93239,0.93247,1.50,1.84
2014.08.22 06:43:57.641,0.93239,0.93247,1.58,1.58
2014.08.22 06:43:58.155,0.9324,0.93247,1.00,1.58
2014.08.22 06:43:58.662,0.93239,0.93247,1.10,1.58
2014.08.22 06:43:58.835,0.93239,0.93245,1.10,1.00
2014.08.22 06:43:59.375,0.93239,0.93246,1.10,1.00
2014.08.22 06:43:59.953,0.93238,0.93246,1.20,1.10
2014.08.22 06:44:00.256,0.93236,0.93244,1.65,1.00
2014.08.22 06:44:01.684,0.93236,0.93245,1.65,1.10
2014.08.22 06:44:02.226,0.93236,0.93245,1.58,1.18
2014.08.22 06:44:06.184,0.93238,0.93246,1.00,1.78
2014.08.22 06:44:06.235,0.93238,0.93246,1.10,1.10
2014.08.22 06:44:06.538,0.93239,0.93244,1.10,1.00
2014.08.22 06:44:07.894,0.93242,0.93249,1.00,1.47
2014.08.22 06:44:08.402,0.93241,0.93249,1.50,1.18
2014.08.22 06:44:16.584,0.93242,0.9325,1.00,2.03
2014.08.22 06:44:24.113,0.93242,0.93251,1.15,2.07
2014.08.22 06:44:26.177,0.93242,0.93251,1.18,1.58
2014.08.22 06:44:37.237,0.93242,0.93248,1.18,1.00
2014.08.22 06:44:37.911,0.93242,0.93249,1.18,1.00
2014.08.22 06:44:38.467,0.93242,0.9325,1.18,1.00
2014.08.22 06:44:42.572,0.93242,0.93251,1.18,2.89
2014.08.22 06:44:51.104,0.93243,0.93251,1.18,2.07
2014.08.22 06:44:51.632,0.93242,0.93251,1.18,2.52
2014.08.22 06:44:55.312,0.93243,0.93249,1.10,1.00
2014.08.22 06:44:55.413,0.93239,0.93248,1.18,1.58
2014.08.22 06:44:55.514,0.93239,0.93248,1.10,2.33
2014.08.22 06:44:56.019,0.93238,0.93246,1.65,1.00
2014.08.22 06:44:58.070,0.9324,0.93245,1.00,1.00
2014.08.22 06:44:58.272,0.93238,0.93246,1.00,1.15
2014.08.22 06:44:58.838,0.93235,0.93241,3.90,1.00
2014.08.22 06:44:59.343,0.93237,0.93241,1.00,1.10
2014.08.22 06:45:00.682,0.93238,0.93242,1.00,1.58
2014.08.22 06:45:00.985,0.93238,0.93242,1.00,1.10
2014.08.22 06:45:01.493,0.9324,0.93244,1.00,1.00
2014.08.22 06:45:02.007,0.93238,0.93243,1.10,1.50
2014.08.22 06:45:02.517,0.93239,0.93243,1.10,1.00
2014.08.22 06:45:07.378,0.9324,0.93246,1.00,1.38
2014.08.22 06:45:08.479,0.9324,0.93244,1.00,1.00
2014.08.22 06:45:08.983,0.93239,0.93244,1.10,1.00
2014.08.22 06:45:11.464,0.93236,0.93242,1.15,1.00
2014.08.22 06:45:13.878,0.93238,0.93244,1.18,1.00
2014.08.22 06:45:16.024,0.93239,0.93246,1.10,1.88
2014.08.22 06:45:16.533,0.9324,0.93246,1.00,1.00
2014.08.22 06:45:17.056,0.93239,0.93246,1.02,1.00
2014.08.22 06:45:24.530,0.9324,0.93246,1.00,1.00
2014.08.22 06:45:29.929,0.93239,0.93246,1.02,1.00
2014.08.22 06:45:31.361,0.93241,0.93246,1.50,1.00
2014.08.22 06:45:31.715,0.93243,0.93251,1.00,1.47
2014.08.22 06:45:42.202,0.93243,0.93252,1.18,1.77
2014.08.22 06:45:42.505,0.93249,0.93254,1.10,1.00
2014.08.22 06:45:43.029,0.9325,0.93256,1.20,1.10
2014.08.22 06:45:43.538,0.93251,0.93256,1.10,1.10
2014.08.22 06:45:46.333,0.9325,0.93256,1.28,1.10
2014.08.22 06:45:46.837,0.93254,0.93261,1.00,1.47
2014.08.22 06:45:47.342,0.93252,0.93261,4.47,1.02
2014.08.22 06:45:47.919,0.93252,0.93256,1.77,1.10
2014.08.22 06:46:06.176,0.93252,0.93259,1.58,1.25
2014.08.22 06:46:08.259,0.93252,0.9326,2.33,1.33
2014.08.22 06:46:08.566,0.93257,0.93262,1.00,1.39
2014.08.22 06:46:08.869,0.93257,0.93263,1.00,1.39
2014.08.22 06:46:09.373,0.93257,0.93264,1.18,1.32
2014.08.22 06:46:09.892,0.93257,0.93264,1.10,1.32
2014.08.22 06:46:11.230,0.93257,0.93264,1.00,1.47
2014.08.22 06:46:11.744,0.93257,0.93264,1.00,1.47
2014.08.22 06:46:13.003,0.93257,0.93264,1.00,1.47
2014.08.22 06:46:13.554,0.93257,0.93264,1.00,1.74
2014.08.22 06:46:14.058,0.93257,0.93263,1.00,1.47
2014.08.22 06:46:14.673,0.93257,0.93264,1.00,1.74
2014.08.22 06:46:15.248,0.93257,0.93263,1.00,1.47
2014.08.22 06:46:18.790,0.93257,0.93264,1.00,2.22
2014.08.22 06:46:19.323,0.93257,0.93264,1.00,2.22
2014.08.22 06:46:21.956,0.93257,0.93264,1.00,2.22
2014.08.22 06:46:22.745,0.93257,0.93264,1.00,2.22
2014.08.22 06:46:23.249,0.93256,0.93263,1.00,1.39
2014.08.22 06:46:23.866,0.93256,0.93263,1.00,1.47
2014.08.22 06:46:24.381,0.93256,0.93263,1.00,1.39
2014.08.22 06:46:27.216,0.93256,0.93264,1.00,2.22
2014.08.22 06:46:30.960,0.93256,0.93264,1.00,2.22
2014.08.22 06:46:31.465,0.93256,0.93264,1.00,2.22
2014.08.22 06:46:32.313,0.93256,0.93264,1.00,2.22
2014.08.22 06:46:33.153,0.93256,0.93264,1.00,2.22
2014.08.22 06:46:39.353,0.93256,0.93264,1.00,2.22
2014.08.22 06:46:40.280,0.93256,0.93264,1.00,2.22
2014.08.22 06:46:40.834,0.93256,0.93264,1.00,2.22
2014.08.22 06:46:41.370,0.93256,0.93264,1.00,2.22
2014.08.22 06:46:43.346,0.93255,0.93262,1.00,1.02
2014.08.22 06:46:43.850,0.93254,0.93262,1.20,1.77
2014.08.22 06:46:44.614,0.93254,0.93262,1.20,2.52
2014.08.22 06:46:45.616,0.93253,0.93262,1.55,3.27
2014.08.22 06:46:46.232,0.93254,0.93262,1.20,3.19
2014.08.22 06:46:46.760,0.93254,0.93262,1.20,3.27
2014.08.22 06:46:50.130,0.93253,0.93261,1.55,1.25
2014.08.22 06:46:51.333,0.93253,0.93261,1.55,1.19
2014.08.22 06:46:52.573,0.93254,0.93261,1.20,1.25
2014.08.22 06:46:53.111,0.93254,0.93261,1.28,1.25
2014.08.22 06:46:53.615,0.93254,0.93261,1.28,1.25
2014.08.22 06:46:56.171,0.93253,0.93261,1.55,1.25
2014.08.22 06:46:56.690,0.93253,0.93261,1.55,1.25
2014.08.22 06:46:58.162,0.93253,0.93261,1.55,1.19
2014.08.22 06:47:00.682,0.93254,0.93261,1.28,1.19
2014.08.22 06:47:01.300,0.93254,0.93261,1.20,1.19
2014.08.22 06:47:01.921,0.93254,0.93261,1.20,1.25
2014.08.22 06:47:04.493,0.93254,0.93261,1.20,1.19
2014.08.22 06:47:05.044,0.93254,0.93261,1.20,1.19
2014.08.22 06:47:05.558,0.93254,0.93261,1.20,1.25
2014.08.22 06:47:06.470,0.93254,0.93261,1.20,1.25
2014.08.22 06:47:07.589,0.93255,0.93261,1.18,1.00
2014.08.22 06:47:09.620,0.93254,0.93261,1.28,1.00
2014.08.22 06:47:24.194,0.93253,0.93261,1.53,1.25
2014.08.22 06:47:24.699,0.93254,0.93261,1.20,1.00
2014.08.22 06:47:25.229,0.93254,0.93261,1.20,1.00
2014.08.22 06:47:25.734,0.93254,0.93261,1.28,1.00
2014.08.22 06:47:26.287,0.93254,0.93261,1.20,1.00
2014.08.22 06:47:31.349,0.93254,0.93262,1.20,1.77
2014.08.22 06:47:32.065,0.93256,0.93262,1.00,1.02
2014.08.22 06:47:32.570,0.93256,0.93264,1.00,1.84
2014.08.22 06:47:38.337,0.93255,0.93262,2.70,1.25
2014.08.22 06:47:38.862,0.93254,0.93262,1.20,1.02
2014.08.22 06:47:39.479,0.93254,0.93262,1.20,1.29
2014.08.22 06:47:42.736,0.93254,0.93262,1.20,1.02
2014.08.22 06:47:43.764,0.93254,0.93262,1.20,1.29
2014.08.22 06:47:45.841,0.93254,0.93262,1.20,1.02
2014.08.22 06:47:47.685,0.93254,0.93262,1.20,1.77
2014.08.22 06:48:05.991,0.93254,0.93262,1.20,1.19
2014.08.22 06:48:06.536,0.93256,0.93262,1.10,1.19
2014.08.22 06:48:16.615,0.93256,0.93262,1.00,1.02
2014.08.22 06:48:17.668,0.93256,0.93262,1.00,1.29
2014.08.22 06:48:19.378,0.93256,0.93262,1.00,1.02
2014.08.22 06:48:21.475,0.93256,0.93262,1.00,1.77
2014.08.22 06:48:24.394,0.93253,0.93262,2.03,1.69
2014.08.22 06:48:25.207,0.93253,0.93262,2.03,1.29
2014.08.22 06:48:25.765,0.93254,0.93262,1.28,1.19
2014.08.22 06:48:32.698,0.93253,0.93262,2.03,1.29
2014.08.22 06:48:34.748,0.93254,0.93263,1.28,4.02
2014.08.22 06:48:35.828,0.93253,0.93262,2.03,1.29
2014.08.22 06:48:36.931,0.93254,0.93263,1.28,4.02
2014.08.22 06:48:39.114,0.93253,0.93262,2.03,1.29
2014.08.22 06:48:39.628,0.93253,0.93262,1.88,1.34
2014.08.22 06:48:41.110,0.93253,0.93262,1.95,1.37
2014.08.22 06:48:57.553,0.93254,0.93263,1.39,2.59
2014.08.22 06:48:57.755,0.93256,0.93264,1.77,1.10
2014.08.22 06:48:58.260,0.93257,0.93266,1.02,1.84
2014.08.22 06:49:00.522,0.93258,0.93266,1.10,1.09
2014.08.22 06:49:01.539,0.93258,0.93267,1.18,1.77
2014.08.22 06:49:02.062,0.93258,0.93267,1.10,1.84
2014.08.22 06:49:05.401,0.93259,0.93267,1.00,1.37
2014.08.22 06:49:05.906,0.9326,0.93267,1.00,1.29
2014.08.22 06:49:06.410,0.93259,0.93267,1.20,1.02
2014.08.22 06:49:07.410,0.9326,0.93267,1.10,1.25
2014.08.22 06:49:08.178,0.9326,0.93268,1.10,3.27
2014.08.22 06:49:09.354,0.93256,0.93265,1.95,1.58
2014.08.22 06:49:09.405,0.93256,0.93264,1.00,1.18
2014.08.22 06:49:09.946,0.93255,0.93263,1.13,1.37
2014.08.22 06:49:26.855,0.93254,0.93263,1.48,1.84
2014.08.22 06:49:35.772,0.93254,0.93263,1.45,1.84
2014.08.22 06:49:36.582,0.93254,0.93263,1.00,1.34
2014.08.22 06:49:37.453,0.93254,0.93263,1.10,1.37
2014.08.22 06:49:37.987,0.93253,0.93262,1.65,1.29
2014.08.22 06:49:46.920,0.93253,0.93262,1.58,1.37
2014.08.22 06:49:47.499,0.93253,0.93262,1.65,1.29
2014.08.22 06:49:48.004,0.93253,0.93262,1.84,1.02
2014.08.22 06:49:48.544,0.93253,0.93262,1.02,1.09
2014.08.22 06:49:49.067,0.93253,0.93262,1.09,1.02
2014.08.22 06:49:50.048,0.93254,0.93263,1.00,2.59
2014.08.22 06:49:50.589,0.93253,0.93262,1.02,1.09
2014.08.22 06:49:52.395,0.93252,0.93261,3.15,1.29
2014.08.22 06:49:52.898,0.93252,0.93261,3.15,1.19
2014.08.22 06:49:53.608,0.93252,0.93261,3.34,1.25
2014.08.22 06:49:54.427,0.93252,0.93261,3.34,1.02
2014.08.22 06:49:58.099,0.93252,0.93261,3.34,1.25
2014.08.22 06:49:59.172,0.93252,0.93261,3.15,1.19
2014.08.22 06:50:00.417,0.93252,0.93261,3.34,1.25
2014.08.22 06:50:01.140,0.93253,0.93262,1.15,1.69
2014.08.22 06:50:01.754,0.93256,0.93262,1.00,1.19
2014.08.22 06:50:02.109,0.93255,0.93263,1.15,1.00
2014.08.22 06:50:02.614,0.93257,0.93264,1.15,2.44
2014.08.22 06:50:02.766,0.93254,0.93263,1.09,1.77
2014.08.22 06:50:03.301,0.93253,0.93262,1.84,1.02
2014.08.22 06:50:04.764,0.93253,0.93262,1.84,1.25
2014.08.22 06:50:05.268,0.93253,0.93262,1.84,1.02
2014.08.22 06:50:05.793,0.93253,0.93262,1.18,1.77
2014.08.22 06:50:10.802,0.93254,0.93263,1.10,3.72
2014.08.22 06:50:12.631,0.93254,0.93262,1.10,1.29
2014.08.22 06:50:15.612,0.93254,0.93262,1.10,1.77
2014.08.22 06:50:24.072,0.93254,0.93262,1.10,1.77
2014.08.22 06:50:25.311,0.93253,0.93263,1.00,3.72
2014.08.22 06:50:30.400,0.93253,0.93262,1.38,1.84
2014.08.22 06:50:30.948,0.93254,0.93263,1.20,2.59
2014.08.22 06:50:31.550,0.93254,0.93263,1.28,2.52
2014.08.22 06:50:35.101,0.93254,0.93263,1.28,2.52
2014.08.22 06:50:35.624,0.93254,0.93263,1.20,2.59
2014.08.22 06:50:35.675,0.93254,0.93263,1.28,1.77
2014.08.22 06:50:35.748,0.93254,0.93263,1.28,2.52
2014.08.22 06:50:36.596,0.93254,0.93263,1.28,2.52
2014.08.22 06:50:37.837,0.93254,0.93263,1.20,2.59
2014.08.22 06:50:38.594,0.93254,0.93263,1.28,2.52
2014.08.22 06:50:42.343,0.93254,0.93263,1.53,2.44
2014.08.22 06:50:42.854,0.93254,0.93263,1.55,1.77
2014.08.22 06:50:46.022,0.93254,0.93263,1.55,1.77
2014.08.22 06:50:46.571,0.93254,0.93263,1.55,2.52
2014.08.22 06:50:49.411,0.93254,0.93263,1.55,2.52
2014.08.22 06:50:53.600,0.93254,0.93262,1.55,1.69
2014.08.22 06:50:55.492,0.93254,0.93262,1.28,1.19
2014.08.22 06:51:00.649,0.93255,0.93262,1.20,1.25
2014.08.22 06:51:01.307,0.93255,0.93262,1.28,1.25
2014.08.22 06:51:01.867,0.93255,0.93262,1.28,1.19
2014.08.22 06:51:05.600,0.93254,0.93261,1.28,1.25
2014.08.22 06:51:06.853,0.93254,0.93262,1.28,1.69
2014.08.22 06:51:07.669,0.93255,0.93262,1.28,1.69
2014.08.22 06:51:08.240,0.93255,0.93262,1.20,1.69
2014.08.22 06:51:08.756,0.93255,0.93262,1.28,1.69
2014.08.22 06:51:09.425,0.93255,0.93262,1.20,1.25
2014.08.22 06:51:10.714,0.93253,0.93262,1.47,1.77
2014.08.22 06:51:11.218,0.93253,0.93262,1.47,2.44
2014.08.22 06:51:11.747,0.93253,0.93262,1.53,3.19
2014.08.22 06:51:13.212,0.93253,0.93262,1.55,2.52
2014.08.22 06:51:13.765,0.93253,0.93262,1.53,2.44
2014.08.22 06:51:15.719,0.93253,0.93262,1.55,2.52
2014.08.22 06:51:16.237,0.93253,0.93262,1.53,2.44
2014.08.22 06:51:16.746,0.93253,0.93262,1.53,1.77
2014.08.22 06:51:19.772,0.93253,0.93261,1.53,1.25
2014.08.22 06:51:20.485,0.93252,0.93261,1.78,1.69
2014.08.22 06:51:21.028,0.93252,0.93261,1.53,1.69
2014.08.22 06:51:21.866,0.93253,0.93261,1.55,1.25
2014.08.22 06:51:23.388,0.93252,0.9326,1.47,1.00
2014.08.22 06:51:25.207,0.93252,0.9326,1.55,1.25
2014.08.22 06:51:28.147,0.93252,0.9326,1.53,1.25
2014.08.22 06:51:28.658,0.93252,0.9326,1.55,1.25
2014.08.22 06:51:31.479,0.93252,0.9326,1.55,1.19
2014.08.22 06:51:32.477,0.93252,0.9326,1.53,1.25
2014.08.22 06:51:33.001,0.93253,0.9326,1.28,1.25
2014.08.22 06:51:33.537,0.93253,0.93261,1.53,1.19
2014.08.22 06:51:36.468,0.93253,0.93261,1.53,1.50
2014.08.22 06:51:36.987,0.93255,0.93262,1.28,1.25
2014.08.22 06:51:38.663,0.93255,0.93262,1.28,1.25
2014.08.22 06:51:42.077,0.93255,0.93263,1.20,3.27
2014.08.22 06:51:42.632,0.93255,0.93263,1.20,2.44
2014.08.22 06:51:43.379,0.93255,0.93263,1.28,1.69
2014.08.22 06:51:43.949,0.93255,0.93263,1.28,2.52
2014.08.22 06:51:45.768,0.93255,0.93263,1.28,1.69
2014.08.22 06:51:46.627,0.93255,0.93263,1.20,1.77
2014.08.22 06:51:47.140,0.93255,0.93263,1.20,1.58
2014.08.22 06:51:47.648,0.93255,0.93263,1.28,1.69
2014.08.22 06:51:48.157,0.93255,0.93263,1.20,1.77
2014.08.22 06:51:50.077,0.93257,0.93263,1.88,1.29
2014.08.22 06:51:50.381,0.93261,0.93265,1.10,1.00
2014.08.22 06:51:50.431,0.93261,0.93267,1.10,1.00
2014.08.22 06:51:50.835,0.93261,0.9327,1.58,1.84
2014.08.22 06:51:51.336,0.93262,0.93271,1.10,3.34
2014.08.22 06:51:52.839,0.93259,0.93265,1.00,1.08
2014.08.22 06:51:53.194,0.93261,0.93269,1.00,2.59
2014.08.22 06:51:53.295,0.93261,0.93269,1.58,1.29
2014.08.22 06:51:53.808,0.93261,0.9327,1.65,1.77
2014.08.22 06:51:54.524,0.93261,0.9327,1.65,1.29
2014.08.22 06:51:55.046,0.9326,0.93271,1.84,4.47
2014.08.22 06:51:55.148,0.9326,0.93266,1.53,1.00
2014.08.22 06:51:55.249,0.93259,0.93267,1.38,1.15
2014.08.22 06:51:55.755,0.93258,0.93267,2.03,1.77
2014.08.22 06:51:57.684,0.93259,0.93267,1.20,1.69
2014.08.22 06:51:58.088,0.93256,0.93263,3.53,1.00
2014.08.22 06:51:58.542,0.93259,0.93267,1.13,1.84
2014.08.22 06:51:59.197,0.9326,0.93267,1.00,1.77
2014.08.22 06:51:59.701,0.9326,0.93267,1.10,1.69
2014.08.22 06:52:01.287,0.9326,0.93267,1.28,1.25
2014.08.22 06:52:01.506,0.93259,0.93267,1.13,1.84
2014.08.22 06:52:01.809,0.93256,0.93262,1.55,1.00
2014.08.22 06:52:02.112,0.93258,0.93266,1.38,1.84
2014.08.22 06:52:02.163,0.93257,0.93266,1.10,2.59
2014.08.22 06:52:02.264,0.93257,0.93266,1.18,1.58
2014.08.22 06:52:02.668,0.9326,0.93267,1.00,1.40
2014.08.22 06:52:02.719,0.9326,0.93267,1.00,1.02
2014.08.22 06:52:03.740,0.9326,0.93268,1.10,1.77
2014.08.22 06:52:04.324,0.93259,0.93265,1.84,1.00
2014.08.22 06:52:05.576,0.93256,0.93265,2.70,1.50
2014.08.22 06:52:05.677,0.93255,0.9326,1.18,1.00
2014.08.22 06:52:06.232,0.93255,0.9326,1.10,1.00
2014.08.22 06:52:06.636,0.93255,0.93262,1.18,1.69
2014.08.22 06:52:07.933,0.93256,0.93264,1.00,1.18
2014.08.22 06:52:07.984,0.93258,0.93265,1.00,1.18
2014.08.22 06:52:08.288,0.93259,0.93267,1.18,1.19
2014.08.22 06:52:10.140,0.93259,0.93267,1.18,1.69
2014.08.22 06:52:10.544,0.93258,0.93267,1.02,2.59
2014.08.22 06:52:11.049,0.93256,0.93265,3.34,1.10
2014.08.22 06:52:11.597,0.93256,0.93265,3.34,1.00
2014.08.22 06:52:17.003,0.93256,0.93264,1.84,1.00
2014.08.22 06:52:17.901,0.93256,0.93265,2.59,1.25
2014.08.22 06:52:21.445,0.93256,0.93264,1.84,1.00
2014.08.22 06:52:22.831,0.93256,0.93264,1.84,1.00
2014.08.22 06:52:23.711,0.93256,0.93264,1.84,1.00
2014.08.22 06:52:24.232,0.93256,0.93264,1.84,1.00
2014.08.22 06:52:32.475,0.93257,0.93266,1.33,1.77
2014.08.22 06:52:32.980,0.93258,0.93266,1.40,1.00
2014.08.22 06:52:34.532,0.93258,0.93266,1.40,1.00
2014.08.22 06:52:35.203,0.93258,0.93266,1.40,1.00
2014.08.22 06:52:35.936,0.93256,0.93266,2.97,1.69
2014.08.22 06:52:36.088,0.93256,0.93264,1.77,1.10
2014.08.22 06:52:46.629,0.93256,0.93264,1.00,1.09
2014.08.22 06:52:51.707,0.93256,0.93262,1.00,1.00
2014.08.22 06:52:57.534,0.93256,0.93261,1.00,1.00
2014.08.22 06:52:57.635,0.93253,0.93259,1.15,1.00
2014.08.22 06:53:02.576,0.93256,0.9326,1.00,1.00
2014.08.22 06:53:04.115,0.93252,0.93259,1.84,1.00
2014.08.22 06:53:05.920,0.93256,0.93261,1.00,1.77
2014.08.22 06:53:06.676,0.93256,0.93261,1.00,1.77
2014.08.22 06:53:12.662,0.93252,0.93261,1.84,2.52
2014.08.22 06:53:17.513,0.93251,0.9326,1.47,1.00
2014.08.22 06:53:17.664,0.93251,0.9326,1.02,1.09
2014.08.22 06:53:21.657,0.9325,0.93259,2.22,1.33
2014.08.22 06:53:22.161,0.9325,0.93259,2.22,1.02
2014.08.22 06:53:24.347,0.9325,0.93259,1.39,1.09
2014.08.22 06:53:24.868,0.9325,0.93259,1.47,1.02
2014.08.22 06:53:28.455,0.93252,0.9326,1.18,1.25
2014.08.22 06:53:28.988,0.93252,0.93261,1.40,2.44
2014.08.22 06:53:56.696,0.93253,0.93261,1.02,1.58
2014.08.22 06:53:58.328,0.93253,0.93261,1.18,1.25
2014.08.22 06:54:04.807,0.93255,0.93261,1.00,1.25
2014.08.22 06:54:38.376,0.93255,0.93262,1.00,1.39
2014.08.22 06:54:40.644,0.93255,0.93262,1.00,1.39
2014.08.22 06:54:41.417,0.93255,0.93262,1.00,1.47
2014.08.22 06:54:41.871,0.93259,0.93264,1.00,1.18
2014.08.22 06:54:41.972,0.9326,0.93265,1.00,1.10
2014.08.22 06:54:42.478,0.93261,0.93265,1.00,1.00
2014.08.22 06:54:43.002,0.9326,0.93265,1.00,1.00
2014.08.22 06:54:44.157,0.93259,0.93265,1.00,1.58
2014.08.22 06:54:44.662,0.93258,0.93265,1.00,1.10
2014.08.22 06:54:45.177,0.93258,0.93265,1.00,1.29
2014.08.22 06:54:46.503,0.93257,0.93265,1.10,1.29
2014.08.22 06:54:47.378,0.93256,0.93265,1.18,1.58
2014.08.22 06:54:47.881,0.93256,0.93265,1.18,1.77
2014.08.22 06:54:53.959,0.93255,0.93264,1.77,1.84
2014.08.22 06:54:59.853,0.93255,0.93264,1.25,1.84
2014.08.22 06:55:00.358,0.93254,0.93263,3.72,1.50
2014.08.22 06:55:00.409,0.93254,0.93261,2.33,1.10
2014.08.22 06:55:00.712,0.93254,0.93261,1.00,1.77
2014.08.22 06:55:01.787,0.93252,0.9326,1.50,1.09
2014.08.22 06:55:03.015,0.93251,0.9326,1.00,1.84
2014.08.22 06:55:03.532,0.93251,0.9326,1.10,2.59
2014.08.22 06:55:04.662,0.9325,0.93255,2.40,1.00
2014.08.22 06:55:04.965,0.93245,0.93251,1.15,1.50
2014.08.22 06:55:05.470,0.93242,0.9325,1.18,1.25
2014.08.22 06:55:06.090,0.93242,0.9325,1.18,1.25
2014.08.22 06:55:06.631,0.93242,0.9325,1.18,1.19
2014.08.22 06:55:07.132,0.93242,0.9325,1.10,1.29
2014.08.22 06:55:08.188,0.93242,0.9325,1.18,1.32
2014.08.22 06:55:09.940,0.93242,0.9325,1.18,1.32
2014.08.22 06:55:10.398,0.93242,0.9325,1.18,1.32
2014.08.22 06:55:11.182,0.93242,0.9325,1.18,1.32
2014.08.22 06:55:12.807,0.93242,0.9325,1.18,1.19
2014.08.22 06:55:15.090,0.93242,0.9325,1.18,1.25
2014.08.22 06:55:16.755,0.93243,0.9325,1.10,1.19
2014.08.22 06:55:17.514,0.93243,0.9325,1.18,1.19
2014.08.22 06:55:18.019,0.93243,0.9325,1.10,1.00
2014.08.22 06:55:28.788,0.93242,0.9325,1.10,1.02
2014.08.22 06:55:29.301,0.93242,0.9325,1.18,1.25
2014.08.22 06:55:29.534,0.93241,0.9325,1.02,1.84
2014.08.22 06:55:30.192,0.93241,0.9325,1.18,1.77
2014.08.22 06:55:34.483,0.93241,0.9325,1.10,1.84
2014.08.22 06:55:34.998,0.93242,0.9325,1.00,1.09
2014.08.22 06:55:35.503,0.93241,0.9325,1.25,2.22
2014.08.22 06:55:37.345,0.9324,0.93249,1.10,2.22
2014.08.22 06:55:39.844,0.9324,0.93249,1.10,3.72
2014.08.22 06:55:40.131,0.93236,0.93245,2.22,1.00
2014.08.22 06:55:40.434,0.93236,0.93245,1.00,1.84
2014.08.22 06:55:40.942,0.93237,0.93245,1.00,1.34
2014.08.22 06:55:42.587,0.93237,0.93245,1.00,1.84
2014.08.22 06:55:43.447,0.93237,0.93245,1.00,2.22
2014.08.22 06:55:44.007,0.93237,0.93245,1.00,2.22
2014.08.22 06:55:44.544,0.93237,0.93245,1.00,2.22
2014.08.22 06:55:45.712,0.93237,0.93245,1.00,1.47
2014.08.22 06:55:46.252,0.93237,0.93245,1.00,1.47
2014.08.22 06:55:46.797,0.93237,0.93245,1.00,2.22
2014.08.22 06:55:47.904,0.93237,0.93245,1.00,2.22
2014.08.22 06:55:48.640,0.93236,0.93245,1.00,2.22
2014.08.22 06:55:50.560,0.93236,0.93245,1.18,2.89
2014.08.22 06:55:51.641,0.93236,0.93245,1.18,1.77
2014.08.22 06:55:52.507,0.93236,0.93245,1.20,1.77
2014.08.22 06:55:53.096,0.93237,0.93245,1.00,1.37
2014.08.22 06:55:59.132,0.93237,0.93245,1.10,1.02
2014.08.22 06:55:59.650,0.93237,0.93245,1.00,1.09
2014.08.22 06:56:00.211,0.93237,0.93245,1.10,1.02
2014.08.22 06:56:01.464,0.93237,0.93245,1.10,1.29
2014.08.22 06:56:02.005,0.93237,0.93245,1.18,1.19
2014.08.22 06:56:02.580,0.93237,0.93245,1.18,1.25
2014.08.22 06:56:05.576,0.93237,0.93244,1.18,1.19
2014.08.22 06:56:05.778,0.93234,0.93241,1.65,1.00
2014.08.22 06:56:06.284,0.93234,0.93241,1.65,1.50
2014.08.22 06:56:07.824,0.93235,0.93243,1.18,1.32
2014.08.22 06:56:07.925,0.93238,0.93243,1.00,1.25
2014.08.22 06:56:08.229,0.93239,0.93246,1.15,1.50
2014.08.22 06:56:08.812,0.93239,0.93246,1.15,1.00
2014.08.22 06:56:09.277,0.93236,0.93245,1.37,1.08
2014.08.22 06:56:09.328,0.93236,0.93245,1.29,1.18
2014.08.22 06:56:09.867,0.93234,0.93243,5.59,1.10
2014.08.22 06:56:10.377,0.93234,0.93243,4.84,1.02
2014.08.22 06:56:11.003,0.93234,0.93243,3.94,1.84
2014.08.22 06:56:11.508,0.93234,0.9324,1.10,1.00
2014.08.22 06:56:14.311,0.93234,0.93241,1.10,1.69
2014.08.22 06:56:14.815,0.93234,0.93242,1.58,1.02
2014.08.22 06:56:17.814,0.93235,0.93243,1.00,2.22
2014.08.22 06:56:18.355,0.93234,0.93243,1.77,2.22
2014.08.22 06:56:19.584,0.93234,0.93241,1.02,1.50
2014.08.22 06:56:20.089,0.93231,0.9324,1.40,1.25
2014.08.22 06:56:20.605,0.93231,0.9324,1.40,1.25
2014.08.22 06:56:26.912,0.93231,0.9324,1.15,1.19
2014.08.22 06:56:34.847,0.93231,0.9324,1.40,1.69
2014.08.22 06:56:37.430,0.93231,0.9324,1.15,1.69
2014.08.22 06:56:39.932,0.93231,0.9324,1.40,1.69
2014.08.22 06:56:42.407,0.93231,0.9324,1.40,1.77
2014.08.22 06:56:42.927,0.93231,0.9324,1.40,1.69
2014.08.22 06:56:43.437,0.93231,0.9324,1.09,1.77
2014.08.22 06:56:44.233,0.93231,0.9324,1.40,1.69
2014.08.22 06:56:46.617,0.93231,0.9324,1.40,1.77
2014.08.22 06:56:47.044,0.93232,0.9324,1.18,1.25
2014.08.22 06:56:47.347,0.93239,0.93243,2.14,1.00
2014.08.22 06:56:47.449,0.93239,0.93243,2.14,1.00
2014.08.22 06:56:47.955,0.93239,0.93246,1.47,1.00
2014.08.22 06:56:48.504,0.93239,0.93243,1.39,1.00
2014.08.22 06:56:51.699,0.93239,0.93246,1.47,1.00
2014.08.22 06:56:56.322,0.93239,0.93246,1.47,1.00
2014.08.22 06:57:10.206,0.93239,0.93247,1.47,1.50
2014.08.22 06:57:47.837,0.93238,0.93245,1.72,1.00
2014.08.22 06:57:47.988,0.93237,0.93245,1.00,1.28
2014.08.22 06:57:49.051,0.93237,0.93244,2.25,1.02
2014.08.22 06:57:49.583,0.93237,0.93244,2.25,1.09
2014.08.22 06:57:50.141,0.93237,0.93244,2.25,1.09
2014.08.22 06:57:50.646,0.93237,0.93244,2.25,1.09
2014.08.22 06:57:51.091,0.93239,0.93245,1.00,1.47
2014.08.22 06:57:51.344,0.93241,0.93248,2.25,1.09
2014.08.22 06:57:55.418,0.93242,0.9325,1.50,2.97
2014.08.22 06:57:55.887,0.93246,0.9325,1.00,1.77
2014.08.22 06:57:56.156,0.93243,0.9325,1.50,1.10
2014.08.22 06:57:56.669,0.93242,0.9325,1.25,1.18
2014.08.22 06:57:58.039,0.93242,0.93246,1.00,1.00
2014.08.22 06:57:58.342,0.93246,0.93252,1.00,1.37
2014.08.22 06:57:58.594,0.93246,0.93251,1.00,1.02
2014.08.22 06:58:01.378,0.9325,0.93255,1.00,1.02
2014.08.22 06:58:01.682,0.93246,0.93254,1.08,2.07
2014.08.22 06:58:02.136,0.93246,0.93253,1.00,1.20
2014.08.22 06:58:04.837,0.93248,0.93253,1.00,1.18
2014.08.22 06:58:05.141,0.93251,0.93257,1.00,2.97
2014.08.22 06:58:05.350,0.93248,0.93256,2.25,1.47
2014.08.22 06:58:05.452,0.93246,0.93255,1.10,2.22
2014.08.22 06:58:06.168,0.93246,0.93253,1.10,1.00
2014.08.22 06:58:10.109,0.93246,0.93253,1.10,1.33
2014.08.22 06:58:10.626,0.93246,0.93253,1.00,1.40
2014.08.22 06:58:11.444,0.93246,0.93253,1.00,1.09
2014.08.22 06:58:15.448,0.93246,0.93253,1.00,1.40
2014.08.22 06:58:17.068,0.93247,0.93253,1.00,1.08
2014.08.22 06:58:17.120,0.93247,0.93255,1.50,2.89
2014.08.22 06:58:17.171,0.93248,0.93256,1.00,2.33
2014.08.22 06:58:17.272,0.93251,0.93256,2.25,1.58
2014.08.22 06:58:17.423,0.93248,0.93256,1.84,1.58
2014.08.22 06:58:17.941,0.93247,0.93256,1.09,2.52
2014.08.22 06:58:18.593,0.93246,0.93255,3.34,1.00
2014.08.22 06:58:18.896,0.93246,0.93255,3.27,1.84
2014.08.22 06:58:19.414,0.93246,0.93255,3.34,1.77
2014.08.22 06:58:21.299,0.93246,0.93254,2.59,1.00
2014.08.22 06:58:21.755,0.93244,0.93253,4.02,1.08
2014.08.22 06:58:22.280,0.93244,0.93253,3.19,1.15
2014.08.22 06:58:22.909,0.93244,0.93253,2.44,1.40
2014.08.22 06:58:23.502,0.93244,0.93253,2.52,1.09
2014.08.22 06:58:23.909,0.93244,0.93252,1.69,1.08
2014.08.22 06:58:24.415,0.93243,0.93249,1.00,1.00
2014.08.22 06:58:27.103,0.93243,0.93251,1.58,1.29
2014.08.22 06:58:27.205,0.93243,0.93252,2.52,1.09
2014.08.22 06:58:27.711,0.93243,0.93252,2.52,1.09
2014.08.22 06:58:28.667,0.93243,0.93249,1.02,1.00
2014.08.22 06:58:31.599,0.93243,0.93251,1.77,1.10
2014.08.22 06:58:32.334,0.93243,0.93252,2.59,1.02
2014.08.22 06:58:32.874,0.93243,0.93252,2.52,1.09
2014.08.22 06:58:33.177,0.93243,0.93249,1.02,1.00
2014.08.22 06:58:33.690,0.93243,0.93249,1.18,1.00
2014.08.22 06:58:34.602,0.93243,0.93249,1.20,1.00
2014.08.22 06:58:35.110,0.93243,0.93249,1.18,1.00
2014.08.22 06:58:36.120,0.93243,0.93252,2.59,1.39
2014.08.22 06:58:36.780,0.93243,0.93252,2.52,1.09
2014.08.22 06:58:37.569,0.93243,0.93249,1.77,1.00
2014.08.22 06:58:38.399,0.93243,0.93249,1.18,1.00
2014.08.22 06:58:38.922,0.93243,0.93249,1.10,1.00
2014.08.22 06:58:39.629,0.93243,0.93252,2.52,1.47
2014.08.22 06:58:45.590,0.93243,0.93249,1.02,1.00
2014.08.22 06:58:48.655,0.93244,0.93252,1.50,1.34
2014.08.22 06:58:49.174,0.93243,0.93252,2.33,1.37
2014.08.22 06:58:53.631,0.93243,0.93249,1.10,1.00
2014.08.22 06:58:56.575,0.93243,0.9325,1.50,1.58
2014.08.22 06:58:57.835,0.93243,0.93252,2.52,1.09
2014.08.22 06:59:06.131,0.93246,0.93251,1.00,1.02
2014.08.22 06:59:06.232,0.93244,0.93251,1.00,1.02
2014.08.22 06:59:06.900,0.93243,0.93251,1.58,1.02
2014.08.22 06:59:21.123,0.93245,0.93252,1.00,1.09
2014.08.22 06:59:21.330,0.93243,0.93251,1.10,1.39
2014.08.22 06:59:21.482,0.93242,0.9325,1.25,1.18
2014.08.22 06:59:22.000,0.93242,0.93251,1.77,3.34
2014.08.22 06:59:22.508,0.93242,0.9325,1.00,1.09
2014.08.22 06:59:24.290,0.93245,0.93249,1.00,1.10
2014.08.22 06:59:24.543,0.93245,0.93251,1.00,1.25
2014.08.22 06:59:26.128,0.93245,0.93252,1.10,1.25
2014.08.22 06:59:28.062,0.93245,0.93251,1.10,1.00
2014.08.22 06:59:29.392,0.93242,0.93251,2.59,3.08
2014.08.22 06:59:29.443,0.93242,0.93249,1.40,1.00
2014.08.22 06:59:29.545,0.93242,0.93249,1.02,1.00
2014.08.22 06:59:30.099,0.93242,0.93249,1.09,1.00
2014.08.22 06:59:30.621,0.93242,0.93249,1.10,1.00
2014.08.22 06:59:31.165,0.93242,0.93249,1.18,1.00
2014.08.22 06:59:32.353,0.93242,0.9325,1.18,1.25
2014.08.22 06:59:32.454,0.93245,0.9325,1.10,1.00
2014.08.22 06:59:37.160,0.93245,0.93251,1.00,1.25
2014.08.22 06:59:37.486,0.93241,0.93249,2.22,1.00
2014.08.22 06:59:37.537,0.93241,0.93249,1.09,1.00
2014.08.22 06:59:38.054,0.93241,0.93249,1.40,1.00
2014.08.22 06:59:40.350,0.93245,0.93249,1.00,1.00
2014.08.22 06:59:40.502,0.93245,0.93251,1.10,1.25
2014.08.22 06:59:41.052,0.93244,0.93251,1.10,1.25
2014.08.22 06:59:46.080,0.93244,0.9325,1.10,1.00
2014.08.22 06:59:46.585,0.93244,0.93251,1.00,1.10
2014.08.22 06:59:49.077,0.93244,0.9325,1.00,1.00
2014.08.22 06:59:50.882,0.93244,0.93251,1.00,1.02
2014.08.22 06:59:52.585,0.93242,0.9325,1.47,1.00
2014.08.22 06:59:52.838,0.93241,0.93248,2.22,1.00
2014.08.22 06:59:53.141,0.93241,0.93245,1.20,1.00
2014.08.22 06:59:55.637,0.93241,0.93248,1.28,1.50
2014.08.22 06:59:56.736,0.93241,0.93245,1.28,1.00
2014.08.22 06:59:58.977,0.93241,0.93248,1.13,1.58
2014.08.22 06:59:59.529,0.93241,0.93248,1.28,1.00
