2014.11.17 19:00:00.336,0.87135,0.8714,1.00,1.50
2014.11.17 19:00:00.639,0.87137,0.87142,1.00,1.00
2014.11.17 19:00:00.842,0.87135,0.87143,1.50,1.10
2014.11.17 19:00:01.196,0.87134,0.87139,1.00,1.00
2014.11.17 19:00:01.701,0.87133,0.87139,1.00,1.00
2014.11.17 19:00:02.325,0.87133,0.87137,1.00,1.50
2014.11.17 19:00:02.478,0.87124,0.87134,1.01,1.10
2014.11.17 19:00:02.529,0.87123,0.87132,2.14,1.00
2014.11.17 19:00:03.525,0.87123,0.87132,1.84,1.00
2014.11.17 19:00:04.443,0.87122,0.87132,1.20,2.25
2014.11.17 19:00:04.494,0.87121,0.87127,1.15,1.00
2014.11.17 19:00:04.949,0.87121,0.87125,1.00,1.00
2014.11.17 19:00:06.506,0.87123,0.87132,1.37,1.10
2014.11.17 19:00:06.658,0.87125,0.87133,1.27,1.00
2014.11.17 19:00:06.760,0.87129,0.87135,1.00,1.00
2014.11.17 19:00:07.265,0.87129,0.87136,1.10,1.00
2014.11.17 19:00:09.888,0.87129,0.87133,1.10,1.00
2014.11.17 19:00:10.073,0.87124,0.87133,2.02,1.00
2014.11.17 19:00:12.899,0.87124,0.87133,1.57,1.69
2014.11.17 19:00:13.051,0.87121,0.87132,1.09,1.69
2014.11.17 19:00:13.101,0.87121,0.8713,1.46,1.00
2014.11.17 19:00:13.606,0.8712,0.87129,2.96,1.00
2014.11.17 19:00:14.971,0.8712,0.87127,2.02,1.00
2014.11.17 19:00:15.275,0.87113,0.87122,1.46,1.00
2014.11.17 19:00:15.793,0.87113,0.87122,1.39,1.00
2014.11.17 19:00:16.559,0.87113,0.87122,1.46,1.00
2014.11.17 19:00:16.763,0.87113,0.87122,1.39,1.00
2014.11.17 19:00:17.270,0.87113,0.87122,1.40,1.00
2014.11.17 19:00:18.078,0.87116,0.87122,1.00,1.50
2014.11.17 19:00:18.280,0.87115,0.87124,2.02,1.50
2014.11.17 19:00:18.382,0.87115,0.87124,4.95,1.00
2014.11.17 19:00:18.432,0.87115,0.87126,4.95,1.50
2014.11.17 19:00:23.365,0.87116,0.87126,1.46,1.50
2014.11.17 19:00:23.757,0.87118,0.87126,1.07,1.50
2014.11.17 19:00:34.296,0.87118,0.87126,1.40,1.50
2014.11.17 19:00:38.790,0.87118,0.87126,1.20,1.50
2014.11.17 19:00:39.299,0.87118,0.87126,1.55,1.50
2014.11.17 19:00:39.964,0.8712,0.87125,1.00,1.00
2014.11.17 19:00:54.133,0.87118,0.87126,1.50,1.00
2014.11.17 19:00:54.285,0.87118,0.87124,1.00,1.00
2014.11.17 19:00:54.789,0.87119,0.87123,1.00,1.00
2014.11.17 19:00:55.007,0.87119,0.87125,1.00,1.50
2014.11.17 19:01:12.171,0.8712,0.87126,1.00,1.50
2014.11.17 19:01:17.245,0.8712,0.87125,1.50,1.00
2014.11.17 19:01:31.094,0.87122,0.87126,1.00,1.00
2014.11.17 19:01:31.299,0.87122,0.87129,1.00,1.00
2014.11.17 19:01:31.856,0.87122,0.8713,1.00,1.25
2014.11.17 19:01:34.069,0.87121,0.8713,1.00,1.50
2014.11.17 19:01:34.170,0.8712,0.87125,1.50,1.00
2014.11.17 19:01:52.205,0.87117,0.87126,1.55,1.00
2014.11.17 19:01:57.725,0.87117,0.87126,2.14,1.00
2014.11.17 19:01:58.272,0.87117,0.87126,2.14,1.00
2014.11.17 19:02:04.528,0.87117,0.87126,1.45,1.00
2014.11.17 19:02:07.544,0.87117,0.87126,3.64,1.00
2014.11.17 19:02:08.050,0.87117,0.87126,2.21,1.00
2014.11.17 19:02:32.032,0.87118,0.87126,1.39,1.00
2014.11.17 19:02:45.954,0.87117,0.87126,2.21,1.00
2014.11.17 19:02:47.320,0.87118,0.87125,2.14,1.00
2014.11.17 19:02:48.529,0.87119,0.87128,1.76,1.00
2014.11.17 19:02:48.672,0.87123,0.87131,1.00,1.00
2014.11.17 19:02:48.773,0.87126,0.87131,1.00,1.00
2014.11.17 19:02:49.279,0.87127,0.87131,1.00,1.00
2014.11.17 19:02:49.531,0.87127,0.87134,1.00,1.57
2014.11.17 19:02:50.036,0.87127,0.87134,1.00,1.50
2014.11.17 19:02:50.238,0.87128,0.87136,1.50,1.57
2014.11.17 19:03:09.056,0.87128,0.87136,2.02,1.50
2014.11.17 19:03:12.870,0.87128,0.87136,1.95,1.50
2014.11.17 19:03:13.122,0.8713,0.87136,1.50,1.50
2014.11.17 19:03:13.813,0.87133,0.8714,1.00,1.25
2014.11.17 19:03:14.116,0.87134,0.87139,1.00,1.00
2014.11.17 19:03:14.371,0.87134,0.87139,1.00,1.00
2014.11.17 19:03:14.848,0.87132,0.87138,1.00,1.50
2014.11.17 19:03:19.895,0.87132,0.87138,1.37,1.50
2014.11.17 19:03:20.046,0.87132,0.87142,1.76,1.00
2014.11.17 19:03:20.097,0.87138,0.87142,1.00,1.00
2014.11.17 19:03:20.602,0.87138,0.87143,1.00,1.00
2014.11.17 19:03:25.560,0.87138,0.87145,1.00,1.00
2014.11.17 19:03:26.098,0.87139,0.87146,1.50,1.57
2014.11.17 19:03:38.893,0.87142,0.87146,1.00,1.50
2014.11.17 19:03:38.946,0.87142,0.8715,1.00,1.15
2014.11.17 19:03:39.530,0.87143,0.8715,1.50,1.65
2014.11.17 19:03:42.052,0.87141,0.87148,1.00,1.57
2014.11.17 19:03:56.762,0.87141,0.87146,1.00,1.00
2014.11.17 19:04:02.197,0.87141,0.87147,1.00,1.00
2014.11.17 19:04:07.890,0.8714,0.87146,1.50,1.50
2014.11.17 19:04:12.867,0.87141,0.87147,1.00,1.10
2014.11.17 19:04:36.187,0.87139,0.87148,1.00,1.84
2014.11.17 19:04:41.216,0.87139,0.87148,1.00,2.02
2014.11.17 19:04:41.521,0.87139,0.87148,1.00,5.14
2014.11.17 19:04:41.774,0.87137,0.87145,2.25,1.57
2014.11.17 19:04:42.890,0.87137,0.87145,1.50,2.21
2014.11.17 19:04:42.991,0.87134,0.8714,1.00,1.00
2014.11.17 19:04:43.295,0.87132,0.87141,2.25,1.65
2014.11.17 19:04:43.345,0.87137,0.87141,1.00,1.57
2014.11.17 19:04:43.548,0.87137,0.87143,1.00,1.65
2014.11.17 19:04:44.058,0.87137,0.87143,1.00,1.65
2014.11.17 19:04:45.680,0.87134,0.87141,1.00,1.27
2014.11.17 19:04:45.735,0.87132,0.87141,1.00,1.27
2014.11.17 19:04:45.786,0.87132,0.87141,1.00,1.52
2014.11.17 19:04:46.310,0.87131,0.87138,1.00,1.17
2014.11.17 19:05:03.698,0.87131,0.87138,1.00,1.00
2014.11.17 19:05:25.427,0.87133,0.87139,1.00,1.10
2014.11.17 19:05:25.730,0.87136,0.8714,1.00,1.50
2014.11.17 19:05:25.781,0.87136,0.87142,1.50,1.00
2014.11.17 19:05:43.364,0.87134,0.87143,2.25,1.15
2014.11.17 19:05:45.726,0.87134,0.87143,1.50,1.07
2014.11.17 19:05:46.047,0.87137,0.87143,1.00,1.00
2014.11.17 19:05:49.347,0.87137,0.87143,1.00,1.07
2014.11.17 19:05:49.853,0.87137,0.87143,1.00,1.10
2014.11.17 19:05:52.482,0.87137,0.87143,1.00,1.07
2014.11.17 19:05:52.987,0.87137,0.87143,1.00,1.00
2014.11.17 19:06:01.959,0.87135,0.87143,1.50,1.57
2014.11.17 19:06:21.249,0.87136,0.87142,1.00,1.00
2014.11.17 19:06:52.475,0.87136,0.87142,1.07,1.00
2014.11.17 19:06:52.989,0.87136,0.87142,1.00,1.00
2014.11.17 19:06:55.254,0.87136,0.87142,1.32,1.00
2014.11.17 19:06:55.771,0.87135,0.87144,1.27,1.00
2014.11.17 19:06:55.872,0.87135,0.87144,1.20,1.00
2014.11.17 19:06:55.973,0.87135,0.87144,1.27,1.00
2014.11.17 19:06:56.481,0.87135,0.87144,1.27,1.00
2014.11.17 19:07:09.080,0.87135,0.87144,2.96,1.50
2014.11.17 19:07:29.452,0.87136,0.87144,1.34,1.50
2014.11.17 19:07:38.141,0.87136,0.87145,3.71,1.00
2014.11.17 19:07:50.160,0.87139,0.87145,1.07,1.00
2014.11.17 19:07:50.462,0.87137,0.87145,2.59,1.50
2014.11.17 19:07:52.551,0.87137,0.87145,1.84,1.50
2014.11.17 19:07:53.088,0.87137,0.87145,1.84,1.50
2014.11.17 19:07:53.598,0.87137,0.87145,1.84,1.50
2014.11.17 19:07:54.108,0.87137,0.87145,1.65,1.50
2014.11.17 19:07:54.159,0.87137,0.87145,1.65,1.50
2014.11.17 19:07:54.360,0.87137,0.87145,1.65,1.50
2014.11.17 19:07:55.272,0.87137,0.87145,2.59,1.50
2014.11.17 19:08:03.762,0.87137,0.87145,1.84,1.50
2014.11.17 19:08:04.440,0.87137,0.87145,2.59,1.50
2014.11.17 19:08:04.963,0.87137,0.87145,2.59,1.50
2014.11.17 19:08:08.065,0.87137,0.87145,2.59,1.50
2014.11.17 19:08:08.566,0.87137,0.87145,2.59,1.50
2014.11.17 19:08:10.209,0.87137,0.87145,2.59,1.50
2014.11.17 19:08:10.754,0.87137,0.87145,1.65,1.50
2014.11.17 19:08:11.604,0.87137,0.87145,1.65,1.50
2014.11.17 19:08:13.094,0.87137,0.87145,1.65,1.50
2014.11.17 19:08:13.602,0.87137,0.87145,1.84,1.50
2014.11.17 19:08:13.703,0.87137,0.87145,1.84,1.50
2014.11.17 19:08:14.207,0.87137,0.87145,1.84,1.50
2014.11.17 19:08:14.754,0.87137,0.87145,1.84,1.50
2014.11.17 19:08:15.385,0.87137,0.87145,1.84,1.50
2014.11.17 19:08:16.299,0.87137,0.87145,1.84,1.50
2014.11.17 19:08:17.103,0.87137,0.87145,1.84,1.50
2014.11.17 19:08:18.846,0.87137,0.87145,1.84,1.50
2014.11.17 19:08:23.875,0.87137,0.87145,2.59,1.50
2014.11.17 19:08:25.719,0.87137,0.87145,1.65,1.50
2014.11.17 19:08:26.278,0.87137,0.87145,1.65,1.50
2014.11.17 19:08:33.132,0.87138,0.87144,1.09,1.00
2014.11.17 19:08:35.022,0.87138,0.87144,1.01,1.00
2014.11.17 19:08:35.123,0.87142,0.87146,1.00,1.00
2014.11.17 19:08:35.276,0.87142,0.87147,1.00,1.00
2014.11.17 19:08:35.478,0.87142,0.8715,1.00,1.50
2014.11.17 19:08:37.135,0.87142,0.8715,1.27,1.50
2014.11.17 19:08:37.237,0.87143,0.87152,1.17,1.00
2014.11.17 19:08:37.541,0.87145,0.87154,1.00,2.44
2014.11.17 19:08:38.097,0.87146,0.87154,1.00,1.00
2014.11.17 19:08:38.198,0.87146,0.87154,1.07,1.00
2014.11.17 19:08:38.350,0.87146,0.87156,1.15,1.50
2014.11.17 19:08:38.855,0.87149,0.87157,2.70,1.00
2014.11.17 19:08:39.368,0.87149,0.87158,1.95,1.00
2014.11.17 19:08:40.126,0.8715,0.87158,1.50,1.00
2014.11.17 19:08:40.531,0.87151,0.87158,1.46,1.00
2014.11.17 19:08:40.682,0.87153,0.87161,1.95,1.50
2014.11.17 19:08:41.088,0.87154,0.87163,1.57,1.50
2014.11.17 19:08:41.391,0.87152,0.87162,2.40,1.12
2014.11.17 19:08:41.442,0.87152,0.87162,2.25,2.70
2014.11.17 19:08:41.845,0.87152,0.8716,1.50,1.50
2014.11.17 19:08:43.061,0.87152,0.8716,1.65,1.00
2014.11.17 19:08:43.314,0.87152,0.87161,2.40,1.50
2014.11.17 19:08:43.818,0.87152,0.87161,1.15,1.00
2014.11.17 19:08:45.133,0.87152,0.87161,1.65,1.50
2014.11.17 19:08:46.394,0.87152,0.87161,2.59,1.00
2014.11.17 19:08:46.596,0.87152,0.87161,2.59,1.00
2014.11.17 19:08:47.101,0.87152,0.87161,1.40,1.00
2014.11.17 19:08:47.980,0.87152,0.87161,3.71,1.00
2014.11.17 19:08:48.526,0.87152,0.87161,3.71,1.00
2014.11.17 19:08:52.521,0.87152,0.87161,1.50,1.00
2014.11.17 19:08:53.293,0.87152,0.87161,1.07,1.00
2014.11.17 19:08:54.953,0.87152,0.87161,1.10,1.00
2014.11.17 19:08:56.731,0.87152,0.87161,2.14,1.00
2014.11.17 19:08:56.832,0.87156,0.87162,1.00,1.00
2014.11.17 19:08:57.645,0.87156,0.87162,1.00,1.07
2014.11.17 19:08:58.420,0.87156,0.87162,1.00,1.20
2014.11.17 19:09:03.906,0.87156,0.87162,1.00,2.89
2014.11.17 19:09:04.058,0.87154,0.87162,1.00,2.14
2014.11.17 19:09:04.109,0.87152,0.87162,1.50,2.89
2014.11.17 19:09:04.311,0.87153,0.87157,1.00,1.00
2014.11.17 19:09:04.412,0.87151,0.87157,1.00,1.00
2014.11.17 19:09:04.513,0.87148,0.87154,1.00,1.00
2014.11.17 19:09:05.650,0.87149,0.87154,1.00,1.00
2014.11.17 19:09:05.953,0.87151,0.87155,1.00,1.00
2014.11.17 19:09:06.054,0.87151,0.87157,1.00,1.00
2014.11.17 19:09:24.736,0.8715,0.87157,1.50,1.00
2014.11.17 19:09:38.996,0.8715,0.87157,1.00,1.77
2014.11.17 19:09:39.148,0.87148,0.87153,1.00,1.01
2014.11.17 19:09:39.249,0.87143,0.87149,1.00,1.00
2014.11.17 19:09:39.401,0.8714,0.87148,1.00,1.25
2014.11.17 19:09:39.502,0.87138,0.87146,1.20,1.50
2014.11.17 19:09:40.007,0.87138,0.87146,1.17,1.50
2014.11.17 19:09:40.315,0.87138,0.87144,1.10,1.00
2014.11.17 19:09:40.878,0.87138,0.87145,1.10,1.00
2014.11.17 19:09:41.385,0.87138,0.87145,1.17,1.00
2014.11.17 19:09:41.898,0.87138,0.87145,1.20,1.00
2014.11.17 19:09:42.800,0.87138,0.87145,1.17,1.00
2014.11.17 19:09:47.035,0.87137,0.87145,2.02,1.00
2014.11.17 19:09:47.136,0.87137,0.87145,2.02,1.00
2014.11.17 19:09:53.549,0.87137,0.87145,1.65,1.00
2014.11.17 19:09:54.164,0.87137,0.87145,1.65,1.00
2014.11.17 19:09:55.821,0.87137,0.87145,1.65,1.00
2014.11.17 19:09:56.395,0.87137,0.87145,1.65,1.00
2014.11.17 19:10:01.377,0.87137,0.87145,1.84,1.00
2014.11.17 19:10:01.894,0.87137,0.87145,1.00,1.00
2014.11.17 19:10:02.468,0.87137,0.87145,1.17,1.00
2014.11.17 19:10:02.721,0.87133,0.87142,1.50,1.55
2014.11.17 19:10:02.822,0.87134,0.87139,1.00,1.00
2014.11.17 19:10:03.076,0.8713,0.8714,1.00,1.65
2014.11.17 19:10:03.177,0.87131,0.87136,1.00,1.00
2014.11.17 19:10:11.683,0.87131,0.87138,1.07,1.00
2014.11.17 19:10:11.993,0.87131,0.87137,2.92,1.00
2014.11.17 19:10:12.195,0.87132,0.8714,3.26,1.50
2014.11.17 19:10:12.297,0.87135,0.87143,1.17,1.50
2014.11.17 19:10:13.528,0.87136,0.87144,1.84,1.00
2014.11.17 19:10:17.586,0.87136,0.87144,2.21,1.00
2014.11.17 19:10:22.693,0.87137,0.87144,1.84,1.00
2014.11.17 19:10:29.325,0.87137,0.87144,1.57,1.00
2014.11.17 19:10:29.829,0.87136,0.87143,1.65,1.00
2014.11.17 19:10:34.866,0.87136,0.87143,1.17,1.00
2014.11.17 19:10:36.569,0.87136,0.87143,1.15,1.00
2014.11.17 19:10:40.253,0.87136,0.87144,4.01,1.00
2014.11.17 19:10:40.464,0.87136,0.87143,1.84,1.00
2014.11.17 19:10:40.991,0.87137,0.87144,1.09,1.00
2014.11.17 19:10:44.691,0.87137,0.87144,1.17,1.00
2014.11.17 19:10:45.393,0.87137,0.87144,1.17,1.00
2014.11.17 19:10:45.495,0.87137,0.87144,1.15,1.00
2014.11.17 19:10:46.013,0.87137,0.87144,1.65,1.00
2014.11.17 19:10:46.569,0.87137,0.87144,1.65,1.00
2014.11.17 19:10:47.303,0.87137,0.87144,3.15,1.00
2014.11.17 19:10:47.897,0.87137,0.87144,1.65,1.00
2014.11.17 19:10:48.099,0.87137,0.87144,1.65,1.00
2014.11.17 19:10:48.801,0.87137,0.87144,1.65,1.00
2014.11.17 19:10:50.685,0.87137,0.87144,1.00,1.00
2014.11.17 19:10:51.442,0.87137,0.87142,1.00,1.00
2014.11.17 19:10:53.772,0.87135,0.87143,1.00,1.00
2014.11.17 19:10:54.682,0.87135,0.87143,1.17,1.00
2014.11.17 19:10:54.985,0.87136,0.87144,2.96,1.50
2014.11.17 19:10:55.292,0.87141,0.87146,1.00,1.00
2014.11.17 19:11:09.463,0.87142,0.87146,1.00,1.00
2014.11.17 19:11:09.514,0.87143,0.87149,1.00,1.50
2014.11.17 19:11:25.627,0.87143,0.8715,1.00,1.00
2014.11.17 19:11:36.367,0.87143,0.8715,1.00,1.07
2014.11.17 19:11:36.770,0.8714,0.87148,1.50,1.50
2014.11.17 19:11:45.807,0.8714,0.87148,1.65,1.50
2014.11.17 19:11:47.701,0.8714,0.87148,1.65,1.50
2014.11.17 19:11:48.229,0.8714,0.87148,1.65,1.50
2014.11.17 19:11:48.330,0.8714,0.87148,1.65,1.50
2014.11.17 19:11:48.438,0.8714,0.87148,1.65,1.50
2014.11.17 19:11:49.100,0.8714,0.87148,1.57,1.50
2014.11.17 19:11:49.201,0.8714,0.87148,1.65,1.50
2014.11.17 19:11:50.923,0.8714,0.87148,1.65,1.50
2014.11.17 19:11:51.429,0.8714,0.87148,1.65,1.50
2014.11.17 19:11:52.223,0.8714,0.87148,1.65,1.50
2014.11.17 19:11:52.274,0.87142,0.8715,1.07,1.00
2014.11.17 19:11:52.526,0.87143,0.87152,1.50,1.20
2014.11.17 19:11:52.627,0.87145,0.87152,1.00,1.20
2014.11.17 19:11:53.385,0.87144,0.87152,1.00,1.50
2014.11.17 19:11:53.798,0.87146,0.87153,1.50,1.50
2014.11.17 19:11:54.213,0.87147,0.87154,1.17,1.00
2014.11.17 19:11:54.717,0.87149,0.87155,1.00,1.00
2014.11.17 19:12:00.856,0.87149,0.87155,1.07,1.00
2014.11.17 19:12:01.538,0.87149,0.87155,1.00,1.00
2014.11.17 19:12:02.041,0.87149,0.87155,1.07,1.00
2014.11.17 19:12:08.246,0.87149,0.87155,1.00,1.00
2014.11.17 19:12:08.750,0.87149,0.87155,1.07,1.00
2014.11.17 19:12:09.771,0.87152,0.87159,1.00,1.00
2014.11.17 19:12:12.727,0.87152,0.87157,1.00,1.00
2014.11.17 19:12:12.778,0.8715,0.87157,1.57,1.50
2014.11.17 19:12:16.934,0.87149,0.87156,1.10,1.00
2014.11.17 19:12:17.596,0.87149,0.87156,1.07,1.00
2014.11.17 19:12:18.126,0.87149,0.87156,1.20,1.00
2014.11.17 19:12:18.676,0.87149,0.87156,1.17,1.00
2014.11.17 19:12:19.233,0.87149,0.87156,1.10,1.00
2014.11.17 19:13:06.666,0.8715,0.87157,1.00,1.00
2014.11.17 19:13:06.767,0.8715,0.87159,1.00,1.00
2014.11.17 19:13:06.818,0.87152,0.87159,1.00,1.00
2014.11.17 19:13:09.675,0.87151,0.87155,1.00,1.00
2014.11.17 19:13:11.401,0.8715,0.87157,1.00,1.00
2014.11.17 19:13:11.452,0.8715,0.8716,1.00,2.81
2014.11.17 19:13:11.954,0.8715,0.8716,1.00,1.50
2014.11.17 19:13:13.417,0.8715,0.8716,1.00,1.57
2014.11.17 19:13:14.118,0.8715,0.8716,1.00,1.50
2014.11.17 19:13:14.503,0.87151,0.87155,1.00,1.00
2014.11.17 19:13:51.901,0.8715,0.87155,1.00,1.00
2014.11.17 19:14:18.385,0.87148,0.87156,1.00,1.00
2014.11.17 19:14:18.882,0.87147,0.87156,1.50,2.06
2014.11.17 19:14:19.186,0.87145,0.87152,1.50,2.96
2014.11.17 19:14:19.690,0.87145,0.87151,1.00,1.09
2014.11.17 19:14:20.061,0.87145,0.87151,1.00,1.15
2014.11.17 19:14:23.742,0.87144,0.87151,1.00,2.21
2014.11.17 19:14:24.250,0.87145,0.87151,1.00,2.21
2014.11.17 19:14:45.774,0.87141,0.87148,1.00,1.00
2014.11.17 19:15:06.686,0.87141,0.87148,1.00,1.17
2014.11.17 19:15:07.211,0.87141,0.87148,1.00,1.84
2014.11.17 19:15:07.727,0.87141,0.87148,1.00,1.84
2014.11.17 19:15:08.592,0.87141,0.87148,1.00,2.14
2014.11.17 19:15:08.798,0.87141,0.87148,1.00,2.21
2014.11.17 19:15:09.312,0.87141,0.87148,1.00,1.46
2014.11.17 19:15:09.828,0.87141,0.87148,1.00,1.46
2014.11.17 19:15:09.981,0.87138,0.87148,1.00,1.46
2014.11.17 19:15:10.500,0.87138,0.87148,1.00,1.32
2014.11.17 19:15:18.104,0.87138,0.87148,1.00,1.10
2014.11.17 19:15:20.337,0.87138,0.87148,1.00,1.17
2014.11.17 19:15:21.946,0.87138,0.87148,1.00,1.20
2014.11.17 19:15:25.013,0.87138,0.87148,1.00,1.17
2014.11.17 19:15:25.565,0.87138,0.87148,1.00,1.10
2014.11.17 19:15:26.149,0.87138,0.87148,1.00,1.76
2014.11.17 19:15:26.672,0.87138,0.87148,1.00,1.84
2014.11.17 19:15:27.176,0.87138,0.87148,1.00,2.21
2014.11.17 19:15:31.576,0.87137,0.87147,1.00,1.27
2014.11.17 19:15:43.690,0.87137,0.87147,1.00,1.46
2014.11.17 19:15:44.282,0.87137,0.87147,1.00,2.21
2014.11.17 19:15:53.564,0.87137,0.87147,1.10,1.20
2014.11.17 19:15:57.685,0.87137,0.87147,1.07,1.00
2014.11.17 19:15:58.189,0.87137,0.87147,1.10,1.50
2014.11.17 19:16:02.323,0.87137,0.87147,1.17,2.06
2014.11.17 19:16:02.828,0.87137,0.87147,1.00,2.06
2014.11.17 19:16:04.076,0.87137,0.87147,1.07,1.87
2014.11.17 19:16:04.580,0.87137,0.87147,1.10,1.87
2014.11.17 19:16:06.024,0.87137,0.87147,1.07,1.87
2014.11.17 19:16:07.180,0.87137,0.87147,1.10,1.95
2014.11.17 19:16:07.707,0.87137,0.87147,1.07,1.87
2014.11.17 19:16:08.321,0.87137,0.87147,1.01,1.95
2014.11.17 19:16:19.846,0.87137,0.87147,1.07,1.50
2014.11.17 19:16:20.357,0.87137,0.87147,1.10,1.50
2014.11.17 19:16:21.806,0.87137,0.87147,1.07,1.50
2014.11.17 19:16:24.948,0.87137,0.87147,1.00,1.50
2014.11.17 19:16:25.457,0.87137,0.87147,1.07,1.50
2014.11.17 19:16:25.999,0.87137,0.87147,1.10,1.57
2014.11.17 19:16:26.823,0.87138,0.87146,1.00,1.00
2014.11.17 19:16:28.757,0.8714,0.87146,1.00,1.00
2014.11.17 19:16:28.807,0.87141,0.87148,1.00,1.50
2014.11.17 19:16:29.061,0.87142,0.87149,1.17,1.00
2014.11.17 19:16:29.364,0.87145,0.87151,1.00,1.07
2014.11.17 19:16:29.893,0.87145,0.87152,1.00,1.27
2014.11.17 19:16:30.409,0.87145,0.87151,1.00,1.17
2014.11.17 19:16:31.230,0.87145,0.87151,1.00,1.20
2014.11.17 19:16:44.637,0.87145,0.87151,1.00,2.14
2014.11.17 19:16:45.766,0.87145,0.87151,1.00,1.46
2014.11.17 19:16:46.414,0.87145,0.87151,1.00,1.46
2014.11.17 19:16:49.242,0.87145,0.87151,1.00,2.21
2014.11.17 19:16:49.747,0.87145,0.87151,1.00,2.21
2014.11.17 19:16:50.795,0.87145,0.8715,1.00,1.57
2014.11.17 19:16:50.896,0.87142,0.87149,1.50,1.37
2014.11.17 19:16:50.997,0.8714,0.87148,1.00,1.20
2014.11.17 19:16:51.048,0.8714,0.87148,1.00,2.14
2014.11.17 19:16:51.200,0.87138,0.87147,1.50,1.15
2014.11.17 19:16:54.896,0.87138,0.87145,1.50,1.47
2014.11.17 19:16:54.998,0.87138,0.87144,1.00,2.62
2014.11.17 19:16:55.200,0.87129,0.87139,1.00,1.46
2014.11.17 19:16:55.302,0.8713,0.87134,1.00,1.00
2014.11.17 19:16:55.403,0.87127,0.87135,1.00,1.07
2014.11.17 19:16:55.605,0.87125,0.87135,2.25,1.57
2014.11.17 19:16:55.706,0.87125,0.87134,1.50,2.25
2014.11.17 19:16:55.857,0.87121,0.87131,2.25,1.15
2014.11.17 19:16:56.228,0.87121,0.87128,1.00,1.00
2014.11.17 19:16:56.379,0.87119,0.87127,1.57,1.50
2014.11.17 19:16:56.431,0.87119,0.87125,1.57,1.00
2014.11.17 19:16:58.713,0.8712,0.87125,1.00,1.50
2014.11.17 19:17:06.209,0.87119,0.87127,1.10,1.00
2014.11.17 19:17:06.734,0.87119,0.87128,1.65,1.50
2014.11.17 19:17:09.199,0.87119,0.87126,1.01,1.00
2014.11.17 19:17:09.300,0.87117,0.87126,2.51,1.50
2014.11.17 19:17:09.805,0.87117,0.87126,2.59,1.50
2014.11.17 19:17:20.305,0.87118,0.87123,1.10,1.00
2014.11.17 19:17:27.460,0.87117,0.87124,1.57,1.00
2014.11.17 19:17:28.046,0.87117,0.87125,1.10,1.00
2014.11.17 19:17:31.050,0.87117,0.87125,1.07,1.00
2014.11.17 19:17:31.554,0.87117,0.87125,1.10,1.00
2014.11.17 19:17:32.058,0.87117,0.87125,1.07,1.00
2014.11.17 19:17:32.559,0.87117,0.87125,1.00,1.00
2014.11.17 19:17:33.108,0.87117,0.87125,1.17,1.00
2014.11.17 19:17:33.663,0.87117,0.87125,1.10,1.00
2014.11.17 19:17:35.541,0.87117,0.87125,1.07,1.00
2014.11.17 19:17:36.047,0.87117,0.87125,1.00,1.00
2014.11.17 19:17:37.266,0.87117,0.87125,1.07,1.00
2014.11.17 19:17:37.775,0.87117,0.87125,1.10,1.00
2014.11.17 19:17:38.742,0.87117,0.87125,1.32,1.00
2014.11.17 19:17:39.284,0.87117,0.87125,1.01,1.00
2014.11.17 19:17:39.787,0.87117,0.87125,1.09,1.00
2014.11.17 19:17:41.840,0.87117,0.87125,1.01,1.00
2014.11.17 19:17:42.655,0.87117,0.87125,1.32,1.00
2014.11.17 19:17:43.841,0.87117,0.87125,1.25,1.00
2014.11.17 19:17:44.353,0.87117,0.87125,1.07,1.00
2014.11.17 19:17:45.172,0.87117,0.87125,1.10,1.00
2014.11.17 19:17:47.356,0.87117,0.87125,1.32,1.00
2014.11.17 19:17:48.287,0.87117,0.87125,1.00,1.00
2014.11.17 19:17:49.145,0.87117,0.87125,1.07,1.00
2014.11.17 19:17:49.666,0.87117,0.87125,1.00,1.00
2014.11.17 19:17:50.680,0.87117,0.87125,1.17,1.00
2014.11.17 19:17:51.183,0.87117,0.87125,1.10,1.00
2014.11.17 19:17:52.183,0.87117,0.87125,1.17,1.00
2014.11.17 19:17:52.696,0.87117,0.87125,1.00,1.00
2014.11.17 19:17:56.089,0.87117,0.87125,1.07,1.00
2014.11.17 19:17:56.601,0.87117,0.87125,1.10,1.00
2014.11.17 19:17:57.664,0.87117,0.87125,1.00,3.37
2014.11.17 19:17:57.917,0.87112,0.87121,1.15,1.50
2014.11.17 19:17:58.019,0.87109,0.87117,1.10,1.00
2014.11.17 19:17:58.372,0.87111,0.87121,1.00,2.32
2014.11.17 19:17:58.524,0.87111,0.87117,1.50,1.00
2014.11.17 19:17:59.048,0.8711,0.87116,1.10,1.00
2014.11.17 19:17:59.588,0.8711,0.87116,1.07,1.00
2014.11.17 19:17:59.900,0.87112,0.87119,1.17,1.00
2014.11.17 19:18:00.002,0.87115,0.87123,1.07,1.00
2014.11.17 19:18:02.217,0.87116,0.87123,1.65,1.50
2014.11.17 19:18:02.419,0.87116,0.87123,1.65,1.50
2014.11.17 19:18:02.521,0.87116,0.87126,1.15,1.00
2014.11.17 19:18:03.050,0.87118,0.87126,1.00,1.00
2014.11.17 19:18:03.820,0.87118,0.87126,1.07,1.00
2014.11.17 19:18:04.325,0.87118,0.87126,1.20,1.00
2014.11.17 19:18:04.376,0.87118,0.87126,1.09,1.00
2014.11.17 19:18:04.528,0.87119,0.8713,1.17,1.50
2014.11.17 19:18:05.033,0.8712,0.8713,1.50,2.25
2014.11.17 19:18:07.408,0.8712,0.87128,1.00,1.00
2014.11.17 19:18:07.912,0.87118,0.87127,1.27,1.00
2014.11.17 19:18:09.257,0.87118,0.8713,3.64,3.64
2014.11.17 19:18:09.358,0.87121,0.87129,1.00,1.10
2014.11.17 19:18:10.402,0.87121,0.87129,1.00,1.07
2014.11.17 19:18:10.957,0.87121,0.87129,1.00,1.00
2014.11.17 19:18:12.267,0.87121,0.87127,1.00,1.00
2014.11.17 19:18:12.318,0.87119,0.87126,1.00,1.00
2014.11.17 19:18:13.196,0.87118,0.87126,1.10,1.00
2014.11.17 19:18:13.715,0.87117,0.87126,1.10,1.50
2014.11.17 19:18:15.408,0.87119,0.87125,1.00,1.00
2014.11.17 19:18:19.821,0.87118,0.8713,2.21,2.77
2014.11.17 19:18:19.923,0.8712,0.8713,1.00,2.77
2014.11.17 19:18:21.097,0.87121,0.8713,1.00,2.40
2014.11.17 19:18:29.135,0.87121,0.8713,1.00,2.40
2014.11.17 19:18:29.236,0.87121,0.8713,1.00,2.32
2014.11.17 19:18:30.361,0.87121,0.8713,1.00,2.32
2014.11.17 19:18:32.027,0.87121,0.8713,1.00,2.25
2014.11.17 19:18:33.521,0.87121,0.8713,1.00,2.32
2014.11.17 19:18:35.059,0.87121,0.8713,1.00,1.65
2014.11.17 19:18:35.932,0.87121,0.8713,1.00,1.65
2014.11.17 19:18:36.466,0.87121,0.8713,1.00,1.57
2014.11.17 19:18:37.638,0.87121,0.8713,1.00,1.57
2014.11.17 19:18:40.773,0.87121,0.8713,1.00,1.50
2014.11.17 19:18:54.276,0.87121,0.8713,1.00,1.65
2014.11.17 19:18:54.804,0.87121,0.8713,1.00,1.50
2014.11.17 19:19:04.609,0.87121,0.8713,1.00,1.57
2014.11.17 19:19:05.145,0.87121,0.8713,1.00,1.57
2014.11.17 19:19:06.684,0.87121,0.8713,1.00,1.65
2014.11.17 19:19:07.299,0.87121,0.8713,1.00,1.57
2014.11.17 19:19:09.557,0.87124,0.8713,1.00,1.57
2014.11.17 19:19:10.078,0.87124,0.8713,1.00,1.57
2014.11.17 19:19:12.385,0.87124,0.8713,1.00,1.50
2014.11.17 19:19:16.051,0.87123,0.8713,1.50,1.25
2014.11.17 19:19:18.615,0.87123,0.8713,1.50,1.07
2014.11.17 19:19:19.143,0.87123,0.8713,1.50,1.00
2014.11.17 19:19:20.202,0.87123,0.8713,1.50,1.07
2014.11.17 19:19:20.715,0.87123,0.8713,1.50,1.10
2014.11.17 19:19:21.220,0.87123,0.8713,1.50,1.07
2014.11.17 19:19:21.896,0.87123,0.8713,1.50,1.20
2014.11.17 19:19:43.505,0.87123,0.87131,1.50,1.76
2014.11.17 19:19:44.516,0.87123,0.8713,1.50,1.00
2014.11.17 19:19:46.575,0.87123,0.8713,1.50,1.07
2014.11.17 19:19:47.152,0.87123,0.8713,1.50,1.10
2014.11.17 19:19:50.478,0.87123,0.8713,1.50,1.15
2014.11.17 19:19:53.192,0.87123,0.8713,1.50,1.10
2014.11.17 19:19:53.714,0.87123,0.8713,1.50,1.17
2014.11.17 19:19:54.247,0.87123,0.8713,1.50,1.01
2014.11.17 19:19:54.552,0.87123,0.8713,1.50,1.09
2014.11.17 19:19:55.084,0.87123,0.8713,1.50,1.09
2014.11.17 19:19:56.585,0.87123,0.8713,1.50,1.10
2014.11.17 19:19:56.920,0.87123,0.8713,1.50,1.17
2014.11.17 19:19:57.468,0.87123,0.8713,1.50,1.17
2014.11.17 19:20:01.692,0.87123,0.8713,1.50,1.17
2014.11.17 19:20:02.895,0.87123,0.8713,1.50,1.17
2014.11.17 19:20:06.556,0.87123,0.8713,1.00,1.15
2014.11.17 19:20:11.595,0.87123,0.8713,1.00,1.15
2014.11.17 19:20:12.302,0.87123,0.8713,1.00,1.09
2014.11.17 19:20:12.852,0.87123,0.8713,1.00,1.32
2014.11.17 19:20:13.610,0.87123,0.8713,1.00,1.01
2014.11.17 19:20:14.213,0.87123,0.8713,1.00,1.32
2014.11.17 19:20:14.809,0.87123,0.8713,1.00,1.09
2014.11.17 19:20:15.112,0.87123,0.8713,1.00,1.09
2014.11.17 19:20:15.807,0.87123,0.8713,1.00,1.09
2014.11.17 19:20:16.518,0.87123,0.8713,1.00,1.09
2014.11.17 19:20:18.745,0.87123,0.87131,1.50,1.10
2014.11.17 19:20:19.048,0.87125,0.87133,1.50,1.57
2014.11.17 19:20:20.320,0.87125,0.87133,1.50,2.59
2014.11.17 19:20:20.852,0.87125,0.87133,1.50,2.59
2014.11.17 19:20:21.657,0.87125,0.87133,1.50,2.40
2014.11.17 19:20:21.758,0.87125,0.87133,1.50,2.40
2014.11.17 19:20:22.377,0.87125,0.87133,1.50,3.34
2014.11.17 19:20:23.067,0.87125,0.87133,1.50,3.34
2014.11.17 19:20:23.117,0.87125,0.87133,1.50,3.34
2014.11.17 19:20:23.622,0.87125,0.87133,1.50,3.34
2014.11.17 19:20:24.760,0.87125,0.87133,1.50,3.34
2014.11.17 19:20:26.051,0.87125,0.87133,1.50,2.40
2014.11.17 19:20:26.556,0.87125,0.87133,1.57,1.50
2014.11.17 19:20:30.056,0.87125,0.87133,1.65,1.50
2014.11.17 19:20:30.259,0.87126,0.87135,1.15,1.00
2014.11.17 19:20:32.098,0.87126,0.87135,1.84,1.00
2014.11.17 19:20:32.653,0.87126,0.87135,1.84,1.00
2014.11.17 19:20:33.881,0.87126,0.87135,1.84,1.00
2014.11.17 19:20:34.984,0.87126,0.87135,1.84,1.00
2014.11.17 19:20:38.365,0.87126,0.87135,1.84,1.00
2014.11.17 19:20:59.714,0.87126,0.87135,1.10,1.00
2014.11.17 19:21:00.236,0.87125,0.87135,1.50,1.00
2014.11.17 19:21:00.286,0.87125,0.87135,1.50,1.84
2014.11.17 19:21:07.633,0.87125,0.87134,1.00,2.21
2014.11.17 19:21:08.145,0.87124,0.87131,1.50,1.65
2014.11.17 19:21:08.837,0.87124,0.87131,1.50,1.65
2014.11.17 19:21:09.823,0.87124,0.87131,1.50,2.59
2014.11.17 19:21:11.041,0.87124,0.87131,1.50,1.57
2014.11.17 19:21:14.459,0.87124,0.8713,1.00,1.15
2014.11.17 19:21:15.053,0.87123,0.8713,1.00,1.10
2014.11.17 19:21:21.928,0.87123,0.8713,1.00,1.07
2014.11.17 19:21:23.444,0.87123,0.8713,1.00,1.20
2014.11.17 19:21:23.965,0.87123,0.8713,1.00,1.17
2014.11.17 19:21:24.567,0.87123,0.8713,1.00,1.10
2014.11.17 19:21:25.106,0.87123,0.8713,1.00,1.17
2014.11.17 19:21:25.613,0.87123,0.8713,1.00,1.10
2014.11.17 19:21:51.896,0.87121,0.87128,1.50,1.50
2014.11.17 19:21:52.400,0.8712,0.87127,1.00,1.00
2014.11.17 19:21:52.704,0.87118,0.87126,1.00,1.00
2014.11.17 19:21:53.208,0.87118,0.87125,1.00,1.50
2014.11.17 19:21:53.715,0.87117,0.87125,1.50,1.57
2014.11.17 19:21:54.386,0.87116,0.87125,1.50,1.00
2014.11.17 19:21:54.789,0.87116,0.87125,1.00,1.15
2014.11.17 19:21:55.092,0.87113,0.8712,1.50,1.00
2014.11.17 19:21:55.396,0.87112,0.87118,1.15,1.00
2014.11.17 19:21:55.497,0.87116,0.87123,2.32,1.50
2014.11.17 19:21:55.800,0.87118,0.87123,1.00,1.50
2014.11.17 19:21:56.309,0.87118,0.87124,1.00,1.50
2014.11.17 19:22:00.006,0.87118,0.87124,1.07,1.50
2014.11.17 19:22:15.499,0.87118,0.87124,1.00,1.50
2014.11.17 19:22:15.802,0.87113,0.87119,1.00,1.00
2014.11.17 19:22:16.109,0.87111,0.87117,1.00,1.00
2014.11.17 19:22:17.539,0.8711,0.87117,1.50,1.00
2014.11.17 19:22:34.275,0.8711,0.87115,1.00,1.00
2014.11.17 19:22:44.514,0.8711,0.87114,1.00,1.00
2014.11.17 19:22:58.155,0.87108,0.87114,1.00,1.00
2014.11.17 19:22:59.395,0.87108,0.87114,1.17,1.00
2014.11.17 19:22:59.597,0.87108,0.87116,1.69,1.50
2014.11.17 19:22:59.698,0.87111,0.87119,1.00,1.10
2014.11.17 19:23:02.762,0.87111,0.87115,1.00,1.00
2014.11.17 19:23:04.301,0.87114,0.87118,1.00,1.00
2014.11.17 19:23:04.404,0.87118,0.87124,1.20,1.50
2014.11.17 19:23:04.506,0.87118,0.87124,1.65,1.50
2014.11.17 19:23:04.760,0.8712,0.87126,1.10,1.00
2014.11.17 19:23:05.265,0.8712,0.87126,1.07,1.00
2014.11.17 19:23:05.770,0.8712,0.87127,1.57,1.50
2014.11.17 19:23:05.972,0.87121,0.87129,1.10,1.00
2014.11.17 19:23:06.376,0.87123,0.87129,1.00,1.00
2014.11.17 19:23:08.906,0.8712,0.8713,1.84,1.50
2014.11.17 19:23:10.442,0.87123,0.87129,1.00,1.00
2014.11.17 19:23:13.442,0.87121,0.87129,1.10,1.00
2014.11.17 19:23:14.866,0.8712,0.87128,1.17,1.00
2014.11.17 19:23:14.967,0.8712,0.8713,1.65,1.50
2014.11.17 19:23:15.068,0.87123,0.87129,1.00,1.00
2014.11.17 19:23:17.922,0.87121,0.87129,1.10,1.00
2014.11.17 19:23:19.460,0.87123,0.87129,1.00,1.00
2014.11.17 19:23:22.434,0.87121,0.87127,1.00,1.00
2014.11.17 19:23:45.977,0.8712,0.87129,1.57,1.00
2014.11.17 19:23:48.612,0.87123,0.87129,1.00,1.50
2014.11.17 19:23:48.941,0.8712,0.87127,1.10,1.00
2014.11.17 19:23:57.743,0.87121,0.87129,1.00,1.50
2014.11.17 19:24:00.750,0.8712,0.87127,1.00,1.00
2014.11.17 19:24:10.611,0.8712,0.87127,1.07,1.50
2014.11.17 19:24:11.126,0.8712,0.87127,1.10,1.50
2014.11.17 19:24:11.723,0.8712,0.87127,1.07,1.50
2014.11.17 19:24:26.456,0.8712,0.87127,1.00,1.50
2014.11.17 19:24:26.973,0.8712,0.87127,1.07,1.50
2014.11.17 19:24:27.841,0.8712,0.87127,1.10,1.50
2014.11.17 19:24:49.868,0.8712,0.87127,1.07,1.50
2014.11.17 19:24:50.370,0.8712,0.87127,1.00,1.50
2014.11.17 19:24:52.809,0.87119,0.87127,1.57,1.50
2014.11.17 19:24:55.751,0.8712,0.87126,1.00,1.00
2014.11.17 19:25:43.958,0.87118,0.87127,1.00,1.00
2014.11.17 19:25:44.160,0.87118,0.87124,1.00,1.00
2014.11.17 19:25:58.270,0.87117,0.87126,1.09,1.50
2014.11.17 19:26:03.107,0.87117,0.87126,1.76,1.00
2014.11.17 19:26:06.427,0.87117,0.87126,1.10,1.00
2014.11.17 19:26:12.992,0.87117,0.87126,1.07,1.00
2014.11.17 19:26:17.302,0.87117,0.87126,1.10,1.00
2014.11.17 19:26:19.329,0.87117,0.87126,1.07,1.00
2014.11.17 19:26:19.834,0.87117,0.87126,1.00,1.00
2014.11.17 19:26:30.369,0.87117,0.87126,1.17,1.00
2014.11.17 19:26:33.966,0.87117,0.87126,1.17,1.00
2014.11.17 19:26:34.473,0.87117,0.87126,1.07,1.00
2014.11.17 19:26:37.662,0.87117,0.87126,1.17,1.00
2014.11.17 19:26:37.868,0.87117,0.87126,1.20,1.00
2014.11.17 19:26:43.355,0.87117,0.87126,1.17,1.00
2014.11.17 19:26:43.868,0.87117,0.87126,1.10,1.00
2014.11.17 19:26:59.504,0.87117,0.87126,1.57,1.50
2014.11.17 19:27:04.711,0.87117,0.87126,2.14,1.50
2014.11.17 19:27:05.727,0.87117,0.87126,1.95,1.50
2014.11.17 19:27:06.240,0.87117,0.87126,2.02,1.50
2014.11.17 19:27:06.748,0.87117,0.87126,2.02,1.50
2014.11.17 19:27:07.482,0.87117,0.87126,1.95,1.50
2014.11.17 19:27:18.376,0.87117,0.87126,2.21,1.50
2014.11.17 19:27:25.586,0.87117,0.87126,2.02,1.50
2014.11.17 19:27:26.652,0.87117,0.87126,2.02,1.50
2014.11.17 19:27:27.006,0.8712,0.87128,1.00,1.00
2014.11.17 19:27:27.666,0.87121,0.87129,1.00,1.57
2014.11.17 19:27:29.829,0.87121,0.87127,1.00,1.00
2014.11.17 19:27:30.081,0.87119,0.87127,1.50,1.50
2014.11.17 19:27:51.578,0.87119,0.87127,2.14,1.00
2014.11.17 19:27:51.883,0.87121,0.8713,2.96,1.00
2014.11.17 19:27:51.934,0.87126,0.8713,1.00,1.00
2014.11.17 19:27:51.985,0.87126,0.87132,1.57,2.25
2014.11.17 19:27:52.087,0.87128,0.87134,1.00,1.50
2014.11.17 19:28:21.165,0.87128,0.87135,1.10,1.00
2014.11.17 19:29:25.729,0.87127,0.87135,1.00,1.00
2014.11.17 19:29:42.289,0.87128,0.87135,1.00,1.50
2014.11.17 19:29:46.658,0.87128,0.87135,1.00,1.87
2014.11.17 19:29:46.961,0.87123,0.87129,1.50,1.37
2014.11.17 19:29:47.063,0.8712,0.87126,1.00,1.00
2014.11.17 19:29:47.416,0.87118,0.87126,1.10,1.50
2014.11.17 19:29:47.953,0.87117,0.87126,1.10,1.50
2014.11.17 19:29:50.974,0.87117,0.87126,1.07,1.50
2014.11.17 19:29:51.586,0.87117,0.87126,1.00,1.50
2014.11.17 19:29:53.705,0.87117,0.87126,1.07,1.50
2014.11.17 19:29:54.237,0.87117,0.87126,1.00,1.50
2014.11.17 19:30:00.951,0.87118,0.87123,1.00,1.00
2014.11.17 19:30:06.714,0.87118,0.87123,1.00,1.37
2014.11.17 19:30:06.866,0.87114,0.87123,1.50,4.39
2014.11.17 19:30:07.380,0.87113,0.8712,1.00,1.20
2014.11.17 19:30:17.789,0.87112,0.8712,1.50,1.07
2014.11.17 19:30:18.877,0.87111,0.87117,1.00,1.00
2014.11.17 19:30:18.927,0.87109,0.87117,1.10,1.00
2014.11.17 19:30:19.281,0.87107,0.87117,1.10,1.00
2014.11.17 19:30:19.432,0.87107,0.87115,1.00,1.00
2014.11.17 19:30:30.361,0.87107,0.87115,1.07,1.00
2014.11.17 19:30:31.340,0.87107,0.87115,1.25,1.00
2014.11.17 19:30:34.385,0.87107,0.87115,1.07,1.00
2014.11.17 19:30:34.890,0.87107,0.87115,1.00,1.00
2014.11.17 19:30:36.764,0.87107,0.87115,1.07,1.00
2014.11.17 19:30:37.653,0.87107,0.87115,1.00,1.00
2014.11.17 19:30:59.877,0.87107,0.87115,1.07,1.00
2014.11.17 19:31:03.790,0.87107,0.87115,1.01,1.00
2014.11.17 19:31:03.891,0.87107,0.87115,1.40,1.00
2014.11.17 19:31:04.011,0.87107,0.87115,1.09,1.00
2014.11.17 19:31:05.414,0.87107,0.87115,1.09,1.00
2014.11.17 19:31:06.146,0.87107,0.87115,1.40,1.00
2014.11.17 19:31:06.247,0.87107,0.87115,1.01,1.00
2014.11.17 19:31:07.098,0.87107,0.87115,1.07,1.00
2014.11.17 19:31:07.989,0.87107,0.87115,1.15,1.00
2014.11.17 19:31:08.699,0.87107,0.87115,1.17,1.00
2014.11.17 19:31:08.801,0.87107,0.87115,1.20,1.00
2014.11.17 19:31:18.437,0.87107,0.87115,1.17,1.00
2014.11.17 19:31:18.640,0.87107,0.87115,1.20,1.00
2014.11.17 19:31:45.995,0.87107,0.87115,1.07,1.00
2014.11.17 19:31:46.750,0.87107,0.87115,1.00,1.00
2014.11.17 19:31:51.193,0.87107,0.87115,1.07,1.00
2014.11.17 19:31:55.189,0.87107,0.87115,1.00,1.00
2014.11.17 19:31:58.006,0.87108,0.87112,1.00,1.00
2014.11.17 19:31:58.308,0.87107,0.87114,1.10,1.00
2014.11.17 19:32:00.421,0.87107,0.87114,1.07,1.00
2014.11.17 19:32:00.981,0.87107,0.87114,1.10,1.00
2014.11.17 19:32:02.522,0.87107,0.87114,1.32,1.00
2014.11.17 19:32:03.387,0.87107,0.87114,1.25,1.00
2014.11.17 19:32:04.817,0.87107,0.87114,1.07,1.00
2014.11.17 19:32:09.473,0.87108,0.87113,1.10,1.00
2014.11.17 19:32:10.012,0.87108,0.87113,1.15,1.00
2014.11.17 19:32:24.129,0.87108,0.87113,1.00,1.00
2014.11.17 19:32:29.072,0.87108,0.87113,1.10,1.00
2014.11.17 19:32:29.173,0.87111,0.87116,1.00,1.00
2014.11.17 19:32:29.681,0.87111,0.87115,1.00,1.00
2014.11.17 19:32:32.074,0.8711,0.87115,1.00,1.00
2014.11.17 19:32:32.480,0.87108,0.87113,1.27,1.00
2014.11.17 19:32:34.967,0.87107,0.87116,2.02,1.50
2014.11.17 19:32:35.372,0.87111,0.87116,1.10,1.50
2014.11.17 19:32:38.074,0.87107,0.87117,2.59,1.50
2014.11.17 19:32:38.376,0.87107,0.87115,2.59,1.50
2014.11.17 19:33:00.872,0.87111,0.87115,1.00,1.50
2014.11.17 19:33:01.276,0.87111,0.87117,1.00,1.00
2014.11.17 19:33:02.125,0.87111,0.8712,2.59,1.00
2014.11.17 19:33:02.478,0.87115,0.87122,1.25,1.00
2014.11.17 19:33:02.630,0.87115,0.87123,2.59,1.00
2014.11.17 19:33:04.440,0.87116,0.87123,1.10,1.00
2014.11.17 19:33:05.256,0.87116,0.87123,1.09,1.00
2014.11.17 19:33:09.728,0.87117,0.87123,1.65,1.00
2014.11.17 19:33:10.256,0.87117,0.87123,1.65,1.00
2014.11.17 19:33:12.979,0.87117,0.87125,1.84,1.00
2014.11.17 19:33:13.486,0.87117,0.87123,1.84,1.00
2014.11.17 19:33:13.992,0.87116,0.87123,3.71,1.00
2014.11.17 19:33:30.959,0.87117,0.87123,1.34,1.00
2014.11.17 19:33:32.202,0.87117,0.87125,1.40,1.00
2014.11.17 19:33:32.710,0.87117,0.87123,1.09,1.00
2014.11.17 19:33:33.373,0.87117,0.87123,1.40,1.00
2014.11.17 19:33:37.207,0.87117,0.87123,1.34,1.00
2014.11.17 19:33:37.722,0.87117,0.87123,1.36,1.00
2014.11.17 19:33:38.613,0.87116,0.87123,2.21,1.00
2014.11.17 19:33:39.155,0.87116,0.87123,2.21,1.00
2014.11.17 19:33:41.120,0.87117,0.87125,1.34,1.00
2014.11.17 19:33:41.640,0.87117,0.87123,1.36,1.00
2014.11.17 19:33:45.613,0.87117,0.87125,1.40,1.00
2014.11.17 19:33:45.685,0.87117,0.87123,1.40,1.00
2014.11.17 19:33:46.194,0.87117,0.87123,1.40,1.00
2014.11.17 19:33:47.006,0.87117,0.87123,1.40,1.00
2014.11.17 19:33:47.422,0.87117,0.87125,1.40,1.00
2014.11.17 19:33:47.989,0.87117,0.87123,1.40,1.00
2014.11.17 19:33:48.516,0.87117,0.87123,1.09,1.00
2014.11.17 19:33:49.710,0.87116,0.87125,4.39,1.00
2014.11.17 19:33:49.812,0.87116,0.87123,2.21,1.00
2014.11.17 19:33:49.913,0.87116,0.87125,4.39,1.00
2014.11.17 19:33:50.014,0.87119,0.87126,1.07,1.00
2014.11.17 19:33:50.600,0.87119,0.87126,1.10,1.00
2014.11.17 19:33:53.049,0.87119,0.87126,1.07,1.00
2014.11.17 19:33:53.687,0.87119,0.87126,1.10,1.00
2014.11.17 19:33:54.528,0.87119,0.87126,1.17,1.00
2014.11.17 19:33:57.424,0.87119,0.87126,1.00,1.00
2014.11.17 19:33:58.562,0.87119,0.87126,1.07,1.00
2014.11.17 19:33:59.967,0.87119,0.87126,1.00,1.00
2014.11.17 19:34:01.680,0.87119,0.87126,1.07,1.00
2014.11.17 19:34:02.183,0.87119,0.87126,1.10,1.00
2014.11.17 19:34:05.846,0.87119,0.87126,1.17,1.00
2014.11.17 19:34:06.351,0.87119,0.87126,1.10,1.00
2014.11.17 19:34:06.958,0.87119,0.87126,1.07,1.00
2014.11.17 19:34:07.668,0.87119,0.87126,1.10,1.00
2014.11.17 19:34:08.286,0.87118,0.87123,1.10,1.00
2014.11.17 19:34:11.238,0.87115,0.87124,1.00,1.00
2014.11.17 19:34:11.693,0.87116,0.87123,1.07,1.00
2014.11.17 19:34:12.198,0.87116,0.87123,1.17,1.00
2014.11.17 19:34:19.168,0.87116,0.87123,1.84,1.00
2014.11.17 19:34:19.678,0.87116,0.87123,2.21,1.00
2014.11.17 19:34:21.183,0.87116,0.87123,1.46,1.00
2014.11.17 19:34:21.688,0.87116,0.87123,1.46,1.00
2014.11.17 19:34:28.498,0.87116,0.87123,1.46,1.00
2014.11.17 19:34:29.004,0.87116,0.87123,1.46,1.00
2014.11.17 19:34:30.011,0.87117,0.87123,1.09,1.00
2014.11.17 19:34:30.518,0.87117,0.87123,1.09,1.00
2014.11.17 19:34:31.430,0.87116,0.87123,1.46,1.00
2014.11.17 19:34:31.995,0.87116,0.87123,1.46,1.00
2014.11.17 19:34:32.711,0.87116,0.87123,1.46,1.00
2014.11.17 19:34:33.215,0.87116,0.87123,1.46,1.00
2014.11.17 19:34:33.923,0.87116,0.87123,1.46,1.00
2014.11.17 19:34:34.460,0.87116,0.87123,1.46,1.00
2014.11.17 19:34:34.992,0.87116,0.87123,1.46,1.00
2014.11.17 19:34:38.816,0.87116,0.87123,1.46,1.00
2014.11.17 19:34:39.351,0.87116,0.87123,1.46,1.00
2014.11.17 19:34:44.164,0.87116,0.87123,1.46,1.00
2014.11.17 19:34:44.215,0.87116,0.87123,1.46,1.00
2014.11.17 19:34:45.866,0.87117,0.87123,1.32,1.00
2014.11.17 19:34:46.701,0.87117,0.87123,1.01,1.00
2014.11.17 19:34:47.054,0.87116,0.87123,1.46,1.00
2014.11.17 19:34:47.559,0.87116,0.87123,1.46,1.00
2014.11.17 19:34:51.341,0.87116,0.87123,1.17,1.00
2014.11.17 19:34:51.846,0.87116,0.87123,1.12,1.00
2014.11.17 19:34:52.149,0.87116,0.87123,1.46,1.00
2014.11.17 19:34:53.272,0.87116,0.87123,2.21,1.00
2014.11.17 19:34:53.802,0.87116,0.87123,2.21,1.00
2014.11.17 19:35:03.840,0.87117,0.87124,1.46,1.50
2014.11.17 19:35:09.706,0.87117,0.87124,1.46,1.50
2014.11.17 19:35:22.688,0.87117,0.87124,1.09,1.50
2014.11.17 19:35:24.566,0.8712,0.87124,1.00,1.50
2014.11.17 19:35:25.071,0.87121,0.87125,1.00,1.00
2014.11.17 19:35:26.841,0.87117,0.87124,1.76,1.50
2014.11.17 19:35:29.117,0.87117,0.87124,1.65,1.50
2014.11.17 19:35:31.232,0.87117,0.87124,1.57,1.50
2014.11.17 19:35:32.618,0.87117,0.87124,2.59,1.50
2014.11.17 19:35:34.308,0.87117,0.87124,2.59,1.50
2014.11.17 19:35:38.739,0.87117,0.87124,1.57,1.50
2014.11.17 19:35:39.447,0.87117,0.87124,1.57,1.50
2014.11.17 19:35:41.936,0.87117,0.87124,1.76,1.50
2014.11.17 19:35:42.037,0.87117,0.87124,1.84,1.50
2014.11.17 19:35:42.241,0.87117,0.87124,1.76,1.50
2014.11.17 19:35:43.553,0.87117,0.87124,1.57,1.50
2014.11.17 19:35:43.856,0.87117,0.87124,1.65,1.50
2014.11.17 19:35:44.361,0.87117,0.87124,1.84,1.50
2014.11.17 19:35:44.910,0.87117,0.87124,1.84,1.50
2014.11.17 19:35:45.419,0.87117,0.87124,1.76,1.50
2014.11.17 19:35:46.134,0.87117,0.87124,1.84,1.50
2014.11.17 19:35:47.137,0.87117,0.87124,1.84,1.50
2014.11.17 19:35:47.646,0.87117,0.87124,1.84,1.50
2014.11.17 19:35:47.848,0.87117,0.87124,1.84,1.50
2014.11.17 19:35:47.949,0.87117,0.87124,1.76,1.50
2014.11.17 19:35:48.525,0.87117,0.87124,1.84,1.50
2014.11.17 19:35:49.170,0.87117,0.87124,1.84,1.50
2014.11.17 19:35:49.271,0.87117,0.87124,1.84,1.50
2014.11.17 19:35:49.775,0.87117,0.87124,1.84,1.50
2014.11.17 19:35:50.180,0.87117,0.87124,1.76,1.50
2014.11.17 19:35:50.230,0.87117,0.87124,1.84,1.50
2014.11.17 19:35:50.332,0.87117,0.87124,1.84,1.50
2014.11.17 19:35:50.898,0.87117,0.87124,1.76,1.50
2014.11.17 19:35:53.335,0.87117,0.87124,1.65,1.50
2014.11.17 19:35:53.436,0.87117,0.87124,1.57,1.50
2014.11.17 19:35:53.841,0.87117,0.87124,1.65,1.50
2014.11.17 19:35:54.349,0.87117,0.87124,1.65,1.50
2014.11.17 19:35:55.866,0.87117,0.87124,1.84,1.50
2014.11.17 19:35:56.270,0.87117,0.87124,1.84,1.50
2014.11.17 19:35:56.838,0.87117,0.87124,1.76,1.50
2014.11.17 19:35:57.881,0.87117,0.87124,1.84,1.50
2014.11.17 19:35:58.087,0.87117,0.87124,1.76,1.50
2014.11.17 19:35:58.618,0.87117,0.87124,1.84,1.50
2014.11.17 19:35:59.991,0.87117,0.87124,1.84,1.50
2014.11.17 19:36:01.577,0.87117,0.87124,1.65,1.50
2014.11.17 19:36:02.120,0.87117,0.87124,1.65,1.50
2014.11.17 19:36:03.878,0.87117,0.87124,1.65,1.50
2014.11.17 19:36:04.401,0.87117,0.87124,1.65,1.50
2014.11.17 19:36:04.905,0.87117,0.87124,1.65,1.50
2014.11.17 19:36:05.423,0.87117,0.87124,1.50,1.50
2014.11.17 19:36:26.527,0.87117,0.87124,1.07,1.00
2014.11.17 19:36:27.035,0.87117,0.87124,1.00,1.00
2014.11.17 19:36:34.397,0.87117,0.87124,1.07,1.00
2014.11.17 19:36:35.097,0.87117,0.87124,1.10,1.00
2014.11.17 19:36:36.714,0.87117,0.87124,1.07,1.00
2014.11.17 19:36:37.220,0.87117,0.87124,1.10,1.00
2014.11.17 19:36:40.397,0.87117,0.87124,1.07,1.00
2014.11.17 19:36:41.040,0.87117,0.87124,1.10,1.00
2014.11.17 19:36:42.944,0.87117,0.87124,1.84,1.00
2014.11.17 19:36:43.836,0.87117,0.87124,1.84,1.00
2014.11.17 19:36:43.901,0.87117,0.87124,1.84,1.00
2014.11.17 19:36:44.809,0.87117,0.87124,1.07,1.00
2014.11.17 19:36:46.136,0.87117,0.87124,1.09,1.00
2014.11.17 19:36:47.939,0.87117,0.87124,1.15,1.00
2014.11.17 19:36:48.846,0.87117,0.87124,1.15,1.00
2014.11.17 19:36:49.149,0.87117,0.87124,1.10,1.00
2014.11.17 19:36:49.654,0.87117,0.87124,1.15,1.00
2014.11.17 19:36:50.164,0.87117,0.87124,1.17,1.00
2014.11.17 19:36:50.366,0.87117,0.87124,1.10,1.00
2014.11.17 19:36:50.830,0.87117,0.87124,1.15,1.00
2014.11.17 19:36:51.237,0.87117,0.87124,1.20,1.00
2014.11.17 19:36:51.846,0.87117,0.87124,1.84,1.00
2014.11.17 19:36:52.049,0.87117,0.87124,1.84,1.00
2014.11.17 19:36:52.150,0.87117,0.87124,1.84,1.00
2014.11.17 19:36:52.358,0.87117,0.87124,1.84,1.00
2014.11.17 19:36:52.944,0.87117,0.87124,1.84,1.00
2014.11.17 19:36:53.659,0.87117,0.87124,1.09,1.00
2014.11.17 19:36:54.219,0.87117,0.87124,1.32,1.00
2014.11.17 19:36:55.662,0.87117,0.87124,1.09,1.00
2014.11.17 19:36:55.965,0.87117,0.87124,1.09,1.00
2014.11.17 19:36:57.452,0.87117,0.87124,1.76,1.00
2014.11.17 19:36:58.277,0.87117,0.87124,1.84,1.00
2014.11.17 19:36:58.671,0.87117,0.87124,1.76,1.00
2014.11.17 19:36:59.580,0.87117,0.87124,1.76,1.00
2014.11.17 19:37:00.713,0.87117,0.87124,1.76,1.00
2014.11.17 19:37:01.519,0.87117,0.87124,1.84,1.00
2014.11.17 19:37:02.078,0.87117,0.87124,1.76,1.00
2014.11.17 19:37:02.606,0.87117,0.87124,1.84,1.00
2014.11.17 19:37:03.144,0.87117,0.87124,1.76,1.00
2014.11.17 19:37:04.258,0.87117,0.87124,1.76,1.00
2014.11.17 19:37:04.763,0.87117,0.87124,1.84,1.00
2014.11.17 19:37:06.802,0.87117,0.87124,1.15,1.00
2014.11.17 19:37:06.903,0.87117,0.87124,1.10,1.00
2014.11.17 19:37:07.715,0.87117,0.87124,1.17,1.00
2014.11.17 19:37:08.678,0.87117,0.87124,1.10,1.00
2014.11.17 19:37:09.186,0.87117,0.87125,1.57,1.50
2014.11.17 19:37:09.724,0.87117,0.87125,1.65,1.50
2014.11.17 19:37:10.399,0.87117,0.87125,1.65,1.50
2014.11.17 19:37:11.010,0.87117,0.87125,1.65,1.50
2014.11.17 19:37:11.465,0.87117,0.87125,1.65,1.50
2014.11.17 19:37:11.982,0.87117,0.87125,1.65,1.50
2014.11.17 19:37:13.095,0.87117,0.87125,1.84,1.50
2014.11.17 19:37:13.599,0.87117,0.87125,1.84,1.50
2014.11.17 19:37:14.914,0.87117,0.87125,2.59,1.50
2014.11.17 19:37:15.470,0.87117,0.87125,2.59,1.50
2014.11.17 19:37:17.804,0.87117,0.87125,1.84,1.50
2014.11.17 19:37:18.109,0.87121,0.87125,1.00,1.50
2014.11.17 19:37:18.620,0.87121,0.87126,1.50,1.00
2014.11.17 19:37:21.055,0.87117,0.87127,1.46,1.00
2014.11.17 19:37:21.358,0.87118,0.87124,1.17,1.00
2014.11.17 19:37:22.014,0.87118,0.87124,1.15,1.00
2014.11.17 19:37:22.303,0.87118,0.87124,1.10,1.00
2014.11.17 19:37:22.707,0.87118,0.87124,1.15,1.00
2014.11.17 19:37:23.214,0.87118,0.87124,1.17,1.00
2014.11.17 19:37:24.293,0.87118,0.87124,1.17,1.00
2014.11.17 19:37:26.731,0.87118,0.87124,1.07,1.00
2014.11.17 19:37:31.154,0.87118,0.87124,1.10,1.00
2014.11.17 19:37:31.743,0.87118,0.87124,1.17,1.00
2014.11.17 19:37:32.416,0.87118,0.87124,1.10,1.00
2014.11.17 19:37:32.925,0.87118,0.87124,1.17,1.00
2014.11.17 19:37:33.445,0.87118,0.87124,1.10,1.00
2014.11.17 19:37:33.904,0.87118,0.87124,1.17,1.00
2014.11.17 19:37:35.603,0.87118,0.87124,1.20,1.00
2014.11.17 19:37:35.705,0.87118,0.87124,1.15,1.00
2014.11.17 19:37:36.159,0.87118,0.87124,1.10,1.00
2014.11.17 19:37:36.666,0.87118,0.87124,1.15,1.00
2014.11.17 19:37:38.140,0.87118,0.87124,1.10,1.00
2014.11.17 19:37:38.241,0.87118,0.87124,1.15,1.00
2014.11.17 19:37:38.342,0.87118,0.87124,1.10,1.00
2014.11.17 19:37:38.860,0.87118,0.87124,1.17,1.00
2014.11.17 19:37:39.388,0.87118,0.87124,1.20,1.00
2014.11.17 19:37:39.751,0.87118,0.87124,1.17,1.00
2014.11.17 19:37:39.852,0.87118,0.87124,1.10,1.00
2014.11.17 19:37:40.379,0.87118,0.87124,1.15,1.00
2014.11.17 19:37:41.039,0.87118,0.87124,1.17,1.00
2014.11.17 19:37:41.241,0.87118,0.87124,1.10,1.00
2014.11.17 19:37:41.764,0.87118,0.87124,1.17,1.00
2014.11.17 19:37:43.046,0.87118,0.87124,1.07,1.00
2014.11.17 19:37:43.350,0.87118,0.87124,1.20,1.00
2014.11.17 19:37:43.451,0.87118,0.87124,1.07,1.00
2014.11.17 19:37:43.752,0.87118,0.87124,1.20,1.00
2014.11.17 19:37:44.253,0.87118,0.87124,1.15,1.00
2014.11.17 19:37:44.758,0.87118,0.87124,1.10,1.00
2014.11.17 19:37:45.272,0.87118,0.87124,1.40,1.00
2014.11.17 19:37:45.785,0.87118,0.87124,1.01,1.00
2014.11.17 19:37:46.041,0.87118,0.87124,1.40,1.00
2014.11.17 19:37:46.912,0.87122,0.87127,1.00,1.00
2014.11.17 19:37:47.013,0.87122,0.87126,1.00,1.00
2014.11.17 19:37:49.849,0.87119,0.87126,1.10,1.00
2014.11.17 19:37:50.353,0.87118,0.87126,1.09,1.00
2014.11.17 19:37:51.067,0.87117,0.87126,1.46,1.00
2014.11.17 19:37:51.590,0.87117,0.87126,1.40,1.00
2014.11.17 19:37:51.842,0.87117,0.87124,1.84,1.00
2014.11.17 19:37:52.348,0.87118,0.87123,1.17,1.00
2014.11.17 19:37:54.356,0.87118,0.87123,1.09,1.00
2014.11.17 19:37:54.862,0.87118,0.87123,1.09,1.00
2014.11.17 19:37:55.013,0.87117,0.87125,2.96,1.50
2014.11.17 19:38:00.037,0.87117,0.87125,2.21,1.50
2014.11.17 19:38:00.239,0.87117,0.87125,2.21,1.50
2014.11.17 19:38:00.744,0.87117,0.87125,2.21,1.50
2014.11.17 19:38:20.412,0.87117,0.87125,2.21,1.50
2014.11.17 19:38:21.399,0.87117,0.87125,2.96,1.50
2014.11.17 19:38:21.900,0.87117,0.87125,2.96,1.50
2014.11.17 19:38:23.795,0.87117,0.87125,2.89,1.50
2014.11.17 19:38:24.370,0.87117,0.87125,2.89,1.50
2014.11.17 19:38:25.322,0.87117,0.87125,1.95,1.50
2014.11.17 19:38:25.909,0.87117,0.87125,1.95,1.50
2014.11.17 19:38:26.423,0.87117,0.87125,1.95,1.50
2014.11.17 19:38:26.928,0.87117,0.87125,1.95,1.50
2014.11.17 19:38:27.653,0.87117,0.87125,1.65,1.50
2014.11.17 19:38:28.158,0.87117,0.87125,1.65,1.50
2014.11.17 19:38:28.663,0.87117,0.87125,1.65,1.50
2014.11.17 19:38:28.970,0.87117,0.87125,1.65,1.50
2014.11.17 19:38:29.021,0.87117,0.87125,1.65,1.50
2014.11.17 19:38:29.532,0.87117,0.87125,1.65,1.50
2014.11.17 19:38:30.294,0.87117,0.87125,1.65,1.50
2014.11.17 19:38:30.799,0.87117,0.87125,2.59,1.50
2014.11.17 19:38:31.303,0.87117,0.87125,2.59,1.50
2014.11.17 19:38:31.808,0.87117,0.87125,1.57,1.50
2014.11.17 19:38:42.908,0.87117,0.87125,1.57,1.50
2014.11.17 19:38:43.009,0.87117,0.87125,1.65,1.50
2014.11.17 19:38:43.803,0.87117,0.87125,1.65,1.50
2014.11.17 19:38:44.409,0.87117,0.87125,1.65,1.50
2014.11.17 19:38:45.014,0.87117,0.87125,1.07,1.00
2014.11.17 19:38:45.519,0.87118,0.87124,1.10,1.00
2014.11.17 19:38:50.106,0.87117,0.87125,1.65,1.50
2014.11.17 19:38:53.212,0.87117,0.87125,1.57,1.50
2014.11.17 19:38:54.515,0.87117,0.87125,1.65,1.50
2014.11.17 19:39:12.067,0.87117,0.87125,2.59,1.50
2014.11.17 19:39:13.205,0.87117,0.87125,1.65,1.50
2014.11.17 19:39:13.544,0.87117,0.87125,1.65,1.50
2014.11.17 19:39:17.067,0.87117,0.87125,2.02,1.50
2014.11.17 19:39:17.370,0.87117,0.87123,2.02,1.50
2014.11.17 19:39:17.918,0.87117,0.87124,1.27,1.00
2014.11.17 19:39:25.472,0.87118,0.87124,1.65,1.00
2014.11.17 19:39:54.028,0.87117,0.87124,1.27,1.00
2014.11.17 19:39:55.105,0.87117,0.87124,1.27,1.00
2014.11.17 19:39:55.407,0.87117,0.87124,1.27,1.00
2014.11.17 19:39:55.710,0.87117,0.87124,2.21,1.00
2014.11.17 19:39:56.858,0.87117,0.87124,1.46,1.00
2014.11.17 19:39:57.156,0.87117,0.87124,1.46,1.00
2014.11.17 19:39:58.515,0.87117,0.87124,2.21,1.00
2014.11.17 19:40:00.349,0.87117,0.87124,2.21,1.00
2014.11.17 19:40:01.259,0.87117,0.87124,1.27,1.00
2014.11.17 19:40:03.358,0.87117,0.87124,2.21,1.00
2014.11.17 19:40:03.865,0.87117,0.87124,2.21,1.00
2014.11.17 19:40:04.397,0.87117,0.87124,1.27,1.00
2014.11.17 19:40:04.729,0.87117,0.87124,1.27,1.00
2014.11.17 19:40:05.245,0.87117,0.87124,1.27,1.00
2014.11.17 19:40:06.548,0.87117,0.87124,1.27,1.00
2014.11.17 19:40:07.254,0.87117,0.87124,1.27,1.00
2014.11.17 19:40:11.072,0.87117,0.87124,2.21,1.00
2014.11.17 19:40:11.407,0.87117,0.87124,2.21,1.00
2014.11.17 19:40:14.241,0.87117,0.87124,1.46,1.00
2014.11.17 19:40:20.297,0.87117,0.87124,1.40,1.00
2014.11.17 19:40:20.804,0.87117,0.87124,1.40,1.00
2014.11.17 19:40:26.491,0.87118,0.87124,1.15,1.00
2014.11.17 19:40:34.084,0.87118,0.87124,1.15,1.00
2014.11.17 19:40:34.641,0.87118,0.87124,1.27,1.00
2014.11.17 19:40:35.466,0.87118,0.87125,1.46,1.50
2014.11.17 19:40:35.716,0.87117,0.87125,1.65,1.87
2014.11.17 19:40:35.868,0.87114,0.87123,1.50,1.95
2014.11.17 19:40:35.920,0.87114,0.87123,1.50,1.95
2014.11.17 19:40:36.424,0.87112,0.87123,1.07,1.95
2014.11.17 19:40:46.599,0.87112,0.87122,1.10,1.56
2014.11.17 19:40:47.106,0.87112,0.87122,1.07,1.31
2014.11.17 19:40:47.811,0.87112,0.87123,1.07,2.89
2014.11.17 19:40:48.324,0.87112,0.87123,1.07,2.89
2014.11.17 19:40:49.936,0.87112,0.87123,1.00,2.96
2014.11.17 19:40:50.239,0.87117,0.87122,1.00,1.00
2014.11.17 19:40:50.744,0.87117,0.87123,1.00,1.00
2014.11.17 19:40:51.248,0.87117,0.87123,1.17,1.00
2014.11.17 19:40:51.981,0.87117,0.87124,1.07,1.00
2014.11.17 19:40:52.486,0.87117,0.87124,1.00,1.00
2014.11.17 19:40:54.634,0.87117,0.87124,1.07,1.00
2014.11.17 19:40:55.142,0.87117,0.87124,1.00,1.00
2014.11.17 19:40:58.109,0.87117,0.87124,1.76,1.00
2014.11.17 19:40:59.146,0.87117,0.87124,1.76,1.00
2014.11.17 19:40:59.658,0.87117,0.87124,1.84,1.00
2014.11.17 19:41:13.379,0.87117,0.87124,1.10,1.00
2014.11.17 19:41:15.391,0.87117,0.87123,1.00,1.00
2014.11.17 19:41:20.147,0.87118,0.87123,1.00,1.00
2014.11.17 19:41:37.973,0.87118,0.87123,1.07,1.00
2014.11.17 19:41:38.074,0.87117,0.87125,2.40,1.50
2014.11.17 19:41:38.599,0.87117,0.87125,2.32,1.50
2014.11.17 19:41:43.680,0.87117,0.87125,2.25,1.50
2014.11.17 19:41:43.951,0.87117,0.87125,2.40,1.50
2014.11.17 19:41:44.498,0.87117,0.87125,2.40,1.50
2014.11.17 19:41:45.003,0.87117,0.87125,2.40,1.50
2014.11.17 19:41:45.205,0.87117,0.87125,2.32,1.50
2014.11.17 19:41:45.744,0.87117,0.87125,2.40,1.50
2014.11.17 19:41:49.645,0.87117,0.87125,2.40,1.50
2014.11.17 19:41:50.404,0.87117,0.87125,1.65,1.50
2014.11.17 19:41:53.007,0.87117,0.87125,1.57,1.50
2014.11.17 19:41:54.119,0.87117,0.87125,1.57,1.50
2014.11.17 19:41:55.128,0.87117,0.87125,1.57,1.50
2014.11.17 19:41:55.433,0.87117,0.87125,1.65,1.50
2014.11.17 19:41:57.117,0.87117,0.87125,1.65,1.50
2014.11.17 19:41:57.823,0.87117,0.87125,1.84,1.50
2014.11.17 19:41:57.925,0.87117,0.87125,1.76,1.50
2014.11.17 19:41:58.026,0.87117,0.87125,1.84,1.50
2014.11.17 19:41:58.555,0.87117,0.87125,1.65,1.50
2014.11.17 19:41:59.078,0.87117,0.87125,1.65,1.50
2014.11.17 19:41:59.624,0.87117,0.87123,1.57,1.50
2014.11.17 19:42:00.154,0.87117,0.87124,1.10,1.00
2014.11.17 19:42:00.825,0.87117,0.87124,1.17,1.00
2014.11.17 19:42:01.331,0.87117,0.87124,1.20,1.00
2014.11.17 19:42:02.046,0.87117,0.87124,1.17,1.00
2014.11.17 19:42:03.746,0.87117,0.87124,1.20,1.00
2014.11.17 19:42:04.329,0.87117,0.87124,1.15,1.00
2014.11.17 19:42:04.989,0.87117,0.87124,1.10,1.00
2014.11.17 19:42:05.291,0.87117,0.87124,1.17,1.00
2014.11.17 19:42:15.338,0.87118,0.87123,1.07,1.00
2014.11.17 19:42:17.314,0.87117,0.87125,2.96,2.25
2014.11.17 19:42:26.595,0.87117,0.87125,2.21,2.25
2014.11.17 19:42:34.298,0.87117,0.87125,1.57,2.25
2014.11.17 19:43:00.438,0.87117,0.87123,1.00,1.00
2014.11.17 19:43:02.883,0.87118,0.87123,1.00,1.00
2014.11.17 19:43:10.491,0.87117,0.87124,1.00,1.00
2014.11.17 19:43:11.864,0.87117,0.87124,1.07,1.00
2014.11.17 19:43:12.470,0.87118,0.87126,1.10,1.00
2014.11.17 19:43:13.013,0.87119,0.87126,1.00,1.00
2014.11.17 19:43:14.728,0.87117,0.87126,1.27,1.50
2014.11.17 19:43:14.778,0.87117,0.87124,1.95,1.50
2014.11.17 19:43:15.283,0.87117,0.87124,2.02,1.50
2014.11.17 19:43:15.964,0.87117,0.87124,2.02,1.50
2014.11.17 19:43:42.746,0.87117,0.87124,1.50,1.87
2014.11.17 19:43:43.262,0.87116,0.87123,1.00,2.21
2014.11.17 19:43:49.271,0.87116,0.87122,1.00,1.39
2014.11.17 19:43:49.573,0.87115,0.87119,1.00,1.00
2014.11.17 19:44:00.708,0.87112,0.8712,1.00,1.00
2014.11.17 19:44:01.213,0.87112,0.87119,1.00,1.00
2014.11.17 19:44:01.913,0.87111,0.87118,1.57,1.50
2014.11.17 19:44:07.427,0.87111,0.87118,1.95,1.50
2014.11.17 19:44:07.730,0.87116,0.87123,1.50,1.00
2014.11.17 19:44:08.279,0.87117,0.87124,1.00,1.00
2014.11.17 19:44:17.747,0.87115,0.87124,1.00,1.27
2014.11.17 19:44:17.949,0.87115,0.87124,1.00,2.02
2014.11.17 19:44:18.455,0.87115,0.8712,1.00,1.00
2014.11.17 19:44:51.199,0.87113,0.87121,1.50,2.89
2014.11.17 19:44:52.123,0.87113,0.87121,1.50,2.89
2014.11.17 19:44:52.678,0.87113,0.87121,1.50,1.87
2014.11.17 19:44:55.909,0.87113,0.87121,1.50,1.95
2014.11.17 19:45:00.181,0.87113,0.87121,1.50,1.87
2014.11.17 19:45:00.484,0.87112,0.87118,1.00,1.00
2014.11.17 19:45:00.787,0.8711,0.87121,1.20,1.12
2014.11.17 19:45:06.414,0.87112,0.87121,1.00,2.06
2014.11.17 19:45:31.586,0.87112,0.87121,1.50,2.44
2014.11.17 19:45:36.323,0.87112,0.87121,1.50,1.69
2014.11.17 19:45:40.666,0.87112,0.87121,1.50,3.71
2014.11.17 19:45:40.969,0.87111,0.87118,1.50,1.50
2014.11.17 19:45:45.029,0.8711,0.87118,1.10,1.50
2014.11.17 19:45:50.313,0.87109,0.87118,1.00,2.51
2014.11.17 19:45:50.515,0.87104,0.8711,1.00,1.50
2014.11.17 19:45:51.045,0.87103,0.87109,1.00,1.00
2014.11.17 19:45:52.486,0.87101,0.87106,1.00,1.00
2014.11.17 19:46:00.721,0.87101,0.87109,1.00,1.00
2014.11.17 19:46:00.973,0.87101,0.87106,1.00,1.00
2014.11.17 19:46:01.491,0.871,0.87106,1.50,1.50
2014.11.17 19:46:03.252,0.87099,0.87106,1.10,1.50
2014.11.17 19:46:21.500,0.87099,0.87106,1.17,1.50
2014.11.17 19:46:37.913,0.87101,0.87106,1.00,1.50
2014.11.17 19:46:45.282,0.87099,0.87106,1.20,1.50
2014.11.17 19:46:45.383,0.87099,0.87105,1.00,1.31
2014.11.17 19:46:45.484,0.87094,0.87103,1.57,1.87
2014.11.17 19:46:45.988,0.87093,0.87103,1.10,1.95
2014.11.17 19:46:46.341,0.87093,0.87102,1.00,1.39
2014.11.17 19:46:46.745,0.87093,0.87101,1.00,1.70
2014.11.17 19:46:46.795,0.87091,0.871,1.00,1.74
2014.11.17 19:46:52.570,0.87091,0.87099,1.07,1.00
2014.11.17 19:46:52.975,0.87093,0.87102,1.00,1.17
2014.11.17 19:46:53.076,0.87091,0.87103,2.32,1.46
2014.11.17 19:46:59.145,0.87091,0.87101,1.50,1.29
2014.11.17 19:47:19.852,0.87093,0.871,1.00,1.50
2014.11.17 19:47:27.291,0.87092,0.87099,1.00,1.00
2014.11.17 19:47:54.822,0.87091,0.871,1.10,1.00
2014.11.17 19:48:22.399,0.87092,0.87099,1.00,1.00
2014.11.17 19:48:23.873,0.87092,0.87099,1.57,1.00
2014.11.17 19:48:24.076,0.87094,0.87102,1.32,1.50
2014.11.17 19:48:24.178,0.87097,0.87102,1.00,1.00
2014.11.17 19:48:24.716,0.87098,0.87103,1.10,1.00
2014.11.17 19:48:29.701,0.87098,0.87104,1.17,1.00
2014.11.17 19:48:29.802,0.871,0.87105,1.00,1.00
2014.11.17 19:48:30.004,0.87098,0.87103,1.10,1.00
2014.11.17 19:48:30.206,0.87098,0.87105,1.65,1.00
2014.11.17 19:48:30.559,0.87098,0.87103,1.57,1.00
2014.11.17 19:48:31.013,0.87098,0.87106,1.10,1.00
2014.11.17 19:48:31.316,0.87098,0.87104,1.00,1.00
2014.11.17 19:48:31.823,0.87098,0.87103,1.50,1.00
2014.11.17 19:48:31.974,0.87098,0.87105,1.57,1.00
2014.11.17 19:48:32.479,0.87098,0.87104,1.10,1.00
2014.11.17 19:48:32.530,0.87098,0.87106,1.10,1.50
2014.11.17 19:48:38.446,0.871,0.87106,1.00,1.00
2014.11.17 19:48:38.497,0.871,0.8711,1.50,1.07
2014.11.17 19:48:38.750,0.871,0.87106,2.25,1.00
2014.11.17 19:48:39.290,0.87101,0.87105,1.00,1.00
2014.11.17 19:48:40.577,0.871,0.87106,1.00,1.00
2014.11.17 19:48:41.737,0.87099,0.87106,1.10,1.00
2014.11.17 19:48:48.023,0.87099,0.87106,1.65,1.00
2014.11.17 19:48:48.276,0.871,0.87109,1.20,1.00
2014.11.17 19:48:48.327,0.87102,0.87109,1.10,1.00
2014.11.17 19:48:48.580,0.87106,0.87114,1.10,1.00
2014.11.17 19:48:48.731,0.87106,0.87115,1.15,1.00
2014.11.17 19:48:49.236,0.87106,0.87115,1.65,1.00
2014.11.17 19:48:49.760,0.87106,0.87115,2.96,1.00
2014.11.17 19:48:56.495,0.87109,0.87114,1.10,1.00
2014.11.17 19:48:57.108,0.87107,0.87115,2.21,1.50
2014.11.17 19:49:01.295,0.87107,0.87115,2.96,1.50
2014.11.17 19:49:02.289,0.87107,0.87115,2.96,1.50
2014.11.17 19:49:03.199,0.87107,0.87115,2.14,1.50
2014.11.17 19:49:04.979,0.87107,0.87115,2.21,1.50
2014.11.17 19:49:06.485,0.87107,0.87115,1.65,1.50
2014.11.17 19:49:06.691,0.87107,0.87115,1.65,1.50
2014.11.17 19:49:10.617,0.87107,0.87115,1.57,1.50
2014.11.17 19:49:11.118,0.87107,0.87115,1.65,1.50
2014.11.17 19:49:13.399,0.87107,0.87115,1.57,1.50
2014.11.17 19:49:13.936,0.87107,0.87115,1.65,1.50
2014.11.17 19:49:15.027,0.87107,0.87115,1.65,1.50
2014.11.17 19:49:15.543,0.87107,0.87115,1.65,1.50
2014.11.17 19:49:16.936,0.87109,0.87115,2.06,1.50
2014.11.17 19:49:17.089,0.87111,0.87117,1.00,1.00
2014.11.17 19:49:17.291,0.87111,0.87119,1.00,1.00
2014.11.17 19:49:17.555,0.87113,0.87119,1.00,1.00
2014.11.17 19:49:20.033,0.8711,0.87117,1.65,1.50
2014.11.17 19:49:20.544,0.8711,0.87116,1.10,1.00
2014.11.17 19:49:21.507,0.87109,0.8712,1.65,1.00
2014.11.17 19:49:24.520,0.87109,0.8712,1.10,1.00
2014.11.17 19:49:24.571,0.87109,0.87116,1.10,1.00
2014.11.17 19:49:25.148,0.87109,0.87116,1.17,1.00
2014.11.17 19:49:26.002,0.8711,0.87119,1.10,1.00
2014.11.17 19:49:26.106,0.87112,0.87119,1.00,1.00
2014.11.17 19:49:28.941,0.87113,0.87119,1.07,1.00
2014.11.17 19:49:29.093,0.87113,0.87121,1.07,1.00
2014.11.17 19:49:29.297,0.87115,0.87123,1.50,1.50
2014.11.17 19:49:29.968,0.87115,0.87123,1.50,2.02
2014.11.17 19:49:30.170,0.87115,0.8712,1.00,1.00
2014.11.17 19:49:43.720,0.87115,0.87122,1.00,1.10
2014.11.17 19:49:43.821,0.87117,0.87122,1.00,1.10
2014.11.17 19:49:46.350,0.87115,0.87123,1.00,2.14
2014.11.17 19:49:46.964,0.87115,0.87122,1.00,1.00
2014.11.17 19:49:56.586,0.87116,0.87123,1.00,1.00
2014.11.17 19:49:58.107,0.87116,0.87123,1.00,1.32
2014.11.17 19:49:58.613,0.87115,0.87123,1.50,3.71
2014.11.17 19:49:58.664,0.87113,0.87123,1.00,2.96
2014.11.17 19:50:00.186,0.87113,0.87122,1.00,1.40
2014.11.17 19:50:00.703,0.87113,0.87123,1.00,2.96
2014.11.17 19:50:00.882,0.87113,0.87123,1.00,2.96
2014.11.17 19:50:01.432,0.87113,0.87122,1.00,1.46
2014.11.17 19:50:05.296,0.87113,0.87122,1.10,2.06
2014.11.17 19:50:07.607,0.87113,0.87123,1.00,1.77
2014.11.17 19:50:08.116,0.87113,0.87123,1.00,1.77
2014.11.17 19:50:09.381,0.87113,0.87122,1.00,1.46
2014.11.17 19:50:09.986,0.87114,0.87119,1.00,1.00
2014.11.17 19:50:10.638,0.87113,0.87121,1.50,3.64
2014.11.17 19:50:12.229,0.87113,0.8712,1.00,3.64
2014.11.17 19:50:15.125,0.87113,0.8712,1.00,3.64
2014.11.17 19:50:21.197,0.87113,0.8712,1.00,2.14
2014.11.17 19:50:22.108,0.87113,0.8712,1.00,2.14
2014.11.17 19:50:36.421,0.87113,0.8712,1.00,2.81
2014.11.17 19:50:37.945,0.8711,0.8712,1.00,2.06
2014.11.17 19:50:41.148,0.8711,0.8712,1.00,2.06
2014.11.17 19:50:43.846,0.8711,0.8712,1.00,1.69
2014.11.17 19:50:46.129,0.8711,0.8712,1.00,1.25
2014.11.17 19:50:48.382,0.8711,0.87119,1.00,1.25
2014.11.17 19:50:51.756,0.8711,0.8712,1.00,2.06
2014.11.17 19:50:53.283,0.8711,0.87119,1.00,1.19
2014.11.17 19:50:54.291,0.8711,0.87119,1.00,1.25
2014.11.17 19:50:56.261,0.8711,0.87121,1.00,3.64
2014.11.17 19:51:01.899,0.8711,0.87119,1.00,1.37
2014.11.17 19:51:02.203,0.87107,0.87115,1.00,1.12
2014.11.17 19:51:02.522,0.87107,0.87112,1.00,1.00
2014.11.17 19:51:06.542,0.87105,0.87113,1.00,1.95
2014.11.17 19:51:08.775,0.87105,0.87113,1.20,1.00
2014.11.17 19:51:08.826,0.87105,0.87113,2.02,1.00
2014.11.17 19:51:09.331,0.87107,0.87114,1.10,1.00
2014.11.17 19:51:09.865,0.87107,0.87114,1.17,1.00
2014.11.17 19:51:20.837,0.87107,0.87114,1.17,1.00
2014.11.17 19:51:41.679,0.87107,0.87114,1.07,1.00
2014.11.17 19:51:42.188,0.87107,0.87114,1.15,1.00
2014.11.17 19:51:42.541,0.87107,0.87116,1.15,1.00
2014.11.17 19:51:45.767,0.87107,0.87116,1.20,1.00
2014.11.17 19:51:46.071,0.87107,0.87116,1.15,1.00
2014.11.17 19:51:46.741,0.87107,0.87116,1.15,1.00
2014.11.17 19:51:47.976,0.87107,0.87116,1.10,1.00
2014.11.17 19:51:48.501,0.87107,0.87116,1.17,1.00
2014.11.17 19:51:55.052,0.8711,0.87115,1.00,1.00
2014.11.17 19:52:00.947,0.87107,0.87116,1.10,1.00
2014.11.17 19:52:02.572,0.87108,0.87113,1.00,1.00
2014.11.17 19:52:05.907,0.87108,0.87112,1.00,1.00
2014.11.17 19:52:06.009,0.87103,0.87112,1.00,1.57
2014.11.17 19:52:06.111,0.87105,0.8711,1.00,1.00
2014.11.17 19:52:06.213,0.87097,0.87107,1.00,1.84
2014.11.17 19:52:06.264,0.87095,0.87107,1.76,2.59
2014.11.17 19:52:06.416,0.87096,0.87104,1.57,1.00
2014.11.17 19:52:06.719,0.871,0.87106,3.00,1.50
2014.11.17 19:52:06.871,0.87102,0.87111,1.50,1.76
2014.11.17 19:52:07.023,0.87105,0.87111,1.50,1.50
2014.11.17 19:52:07.327,0.87107,0.87112,1.00,1.00
2014.11.17 19:52:07.630,0.87109,0.87113,1.00,1.00
2014.11.17 19:52:07.781,0.87109,0.87115,1.00,1.00
2014.11.17 19:52:08.287,0.87109,0.87116,1.50,1.00
2014.11.17 19:52:17.359,0.87109,0.87116,1.00,1.00
2014.11.17 19:52:18.987,0.87112,0.87119,1.00,1.00
2014.11.17 19:52:21.706,0.87111,0.87117,1.10,1.00
2014.11.17 19:52:22.010,0.87111,0.87115,1.10,1.00
2014.11.17 19:52:26.464,0.87111,0.87119,1.57,1.00
2014.11.17 19:52:26.565,0.87115,0.8712,1.00,1.00
2014.11.17 19:52:26.819,0.87117,0.87123,1.00,1.00
2014.11.17 19:52:26.920,0.87115,0.87123,2.25,1.10
2014.11.17 19:52:27.425,0.87115,0.87123,1.50,1.07
2014.11.17 19:52:27.528,0.87115,0.87123,1.00,1.84
2014.11.17 19:52:28.032,0.87114,0.87123,1.50,3.34
2014.11.17 19:52:29.536,0.87113,0.87118,1.00,1.00
2014.11.17 19:52:29.738,0.87111,0.87119,1.00,1.00
2014.11.17 19:52:35.911,0.87112,0.87119,1.12,1.00
2014.11.17 19:52:36.013,0.87113,0.87121,2.25,1.50
2014.11.17 19:52:36.063,0.87115,0.87121,1.00,1.50
2014.11.17 19:52:36.367,0.87115,0.87123,1.50,1.00
2014.11.17 19:52:36.904,0.87116,0.87123,1.00,1.00
2014.11.17 19:52:38.769,0.87117,0.87123,1.00,1.10
2014.11.17 19:52:39.022,0.87115,0.87123,1.50,1.00
2014.11.17 19:52:39.325,0.87112,0.87121,1.00,1.00
2014.11.17 19:52:39.436,0.87112,0.87119,1.00,1.00
2014.11.17 19:52:39.740,0.87116,0.8712,1.00,1.00
2014.11.17 19:52:39.791,0.87117,0.87123,1.00,1.50
2014.11.17 19:52:41.052,0.87117,0.87123,2.32,1.50
2014.11.17 19:52:45.062,0.87117,0.87123,1.57,1.50
2014.11.17 19:52:45.264,0.87115,0.87122,1.00,1.15
2014.11.17 19:52:45.813,0.87114,0.87121,1.50,1.50
2014.11.17 19:52:52.425,0.87115,0.87121,1.00,1.00
2014.11.17 19:52:54.740,0.87113,0.87121,1.00,1.00
2014.11.17 19:52:55.295,0.87113,0.87119,1.00,1.00
2014.11.17 19:52:57.577,0.87112,0.87121,2.32,1.50
2014.11.17 19:52:58.031,0.87116,0.87122,1.00,1.00
2014.11.17 19:52:58.697,0.87117,0.87123,1.00,1.00
2014.11.17 19:52:59.219,0.87117,0.87122,1.00,1.00
2014.11.17 19:53:00.242,0.87115,0.87122,1.00,1.00
2014.11.17 19:53:01.416,0.87114,0.87121,1.00,1.00
2014.11.17 19:53:07.288,0.87112,0.87121,1.50,1.50
2014.11.17 19:53:07.389,0.87113,0.87118,1.00,1.00
2014.11.17 19:53:07.693,0.87114,0.8712,1.15,1.00
2014.11.17 19:53:07.794,0.87115,0.87123,2.40,1.50
2014.11.17 19:53:08.298,0.87115,0.87123,2.62,1.50
2014.11.17 19:53:08.450,0.87117,0.87123,1.00,1.50
2014.11.17 19:53:10.222,0.87117,0.87123,1.65,1.50
2014.11.17 19:53:20.806,0.87116,0.87123,1.00,1.00
2014.11.17 19:53:21.310,0.87117,0.87124,2.25,1.50
2014.11.17 19:53:21.815,0.87118,0.87124,1.20,1.50
2014.11.17 19:53:23.424,0.87118,0.87124,1.07,1.50
2014.11.17 19:53:28.314,0.87118,0.87124,1.00,1.50
2014.11.17 19:53:30.918,0.87118,0.87124,1.17,1.50
2014.11.17 19:53:32.365,0.87118,0.87124,1.00,1.50
2014.11.17 19:53:35.128,0.87118,0.87124,1.07,1.50
2014.11.17 19:54:10.814,0.87117,0.87124,2.14,1.50
2014.11.17 19:54:12.963,0.87117,0.87123,1.57,1.00
2014.11.17 19:54:16.872,0.87117,0.87124,1.32,1.00
2014.11.17 19:54:35.350,0.87117,0.87124,1.00,1.00
2014.11.17 19:54:36.318,0.87116,0.87124,1.20,1.00
2014.11.17 19:54:36.940,0.87116,0.87124,1.57,1.00
2014.11.17 19:54:38.002,0.87116,0.87124,2.96,1.00
2014.11.17 19:54:38.053,0.87116,0.87124,5.14,1.00
2014.11.17 19:54:38.356,0.8712,0.87126,1.20,1.00
2014.11.17 19:54:40.999,0.87122,0.87127,1.12,1.00
2014.11.17 19:54:41.101,0.87124,0.8713,1.00,1.00
2014.11.17 19:54:41.202,0.87125,0.87133,1.10,1.00
2014.11.17 19:54:41.253,0.87127,0.87133,1.00,1.00
2014.11.17 19:54:41.405,0.87124,0.87133,1.87,1.00
2014.11.17 19:54:41.910,0.87124,0.87132,1.00,1.00
2014.11.17 19:54:43.830,0.87124,0.87132,1.00,1.07
2014.11.17 19:54:43.931,0.87124,0.87132,1.00,1.17
2014.11.17 19:54:44.437,0.87124,0.87132,1.00,2.59
2014.11.17 19:54:49.745,0.87124,0.87132,1.00,1.84
2014.11.17 19:54:53.159,0.87124,0.87132,1.00,1.76
2014.11.17 19:54:53.684,0.87124,0.87132,1.00,1.84
2014.11.17 19:54:54.222,0.87124,0.87132,1.00,1.84
2014.11.17 19:54:54.876,0.87124,0.87132,1.00,1.84
2014.11.17 19:54:55.283,0.87124,0.87132,1.00,1.76
2014.11.17 19:54:59.179,0.87124,0.87132,1.00,1.76
2014.11.17 19:55:00.273,0.87124,0.87132,1.00,2.51
2014.11.17 19:55:00.779,0.87124,0.87132,1.00,2.51
2014.11.17 19:55:02.310,0.87124,0.87131,1.00,1.07
2014.11.17 19:55:02.820,0.87124,0.87131,1.00,1.00
2014.11.17 19:55:05.757,0.87124,0.87129,1.00,1.00
2014.11.17 19:55:10.698,0.87122,0.8713,1.12,2.25
2014.11.17 19:55:14.829,0.87122,0.87128,1.00,1.00
2014.11.17 19:55:15.132,0.87122,0.87126,1.00,1.00
2014.11.17 19:55:15.336,0.8712,0.87126,1.12,1.00
2014.11.17 19:55:28.512,0.87118,0.87127,1.47,1.00
2014.11.17 19:55:39.738,0.87121,0.87127,1.00,1.00
2014.11.17 19:55:42.039,0.87119,0.87126,1.37,1.50
2014.11.17 19:55:42.629,0.87119,0.87126,1.00,1.50
2014.11.17 19:55:44.751,0.87119,0.87126,1.07,1.50
2014.11.17 19:55:45.259,0.87119,0.87126,1.00,1.50
2014.11.17 19:55:52.847,0.87119,0.87127,1.10,1.00
2014.11.17 19:55:53.049,0.87122,0.87129,1.00,1.50
2014.11.17 19:55:55.476,0.87122,0.87126,1.00,1.00
2014.11.17 19:55:55.897,0.8712,0.87127,1.00,1.00
2014.11.17 19:56:01.286,0.87119,0.87127,1.50,1.50
2014.11.17 19:56:10.997,0.87117,0.87127,1.10,1.10
2014.11.17 19:56:11.530,0.87117,0.87127,1.17,1.00
2014.11.17 19:56:12.055,0.87117,0.87127,1.10,1.00
2014.11.17 19:56:30.567,0.87118,0.87124,1.00,1.00
2014.11.17 19:56:51.508,0.87118,0.87124,1.10,1.31
2014.11.17 19:56:51.559,0.87111,0.8712,2.25,1.00
2014.11.17 19:56:52.063,0.87111,0.87118,1.00,1.00
2014.11.17 19:56:52.366,0.8711,0.87116,1.00,1.00
2014.11.17 19:56:52.575,0.87107,0.87116,2.62,1.50
2014.11.17 19:57:01.020,0.87107,0.87114,1.84,1.00
2014.11.17 19:57:01.676,0.87107,0.87114,1.65,1.00
2014.11.17 19:57:01.778,0.87107,0.87118,2.40,1.50
2014.11.17 19:57:02.034,0.8711,0.87117,1.00,1.00
2014.11.17 19:57:05.874,0.87108,0.87118,1.10,2.14
2014.11.17 19:57:05.975,0.87108,0.87114,1.00,1.00
2014.11.17 19:57:11.873,0.87108,0.87112,1.00,1.12
2014.11.17 19:57:12.036,0.87105,0.8711,1.00,1.00
2014.11.17 19:57:12.238,0.87103,0.87111,1.00,1.57
2014.11.17 19:57:12.743,0.87103,0.87111,1.00,1.65
2014.11.17 19:57:13.919,0.87103,0.87111,1.00,1.65
2014.11.17 19:57:15.495,0.87103,0.87111,1.87,1.00
2014.11.17 19:57:15.748,0.87106,0.87112,1.00,1.50
2014.11.17 19:57:19.512,0.87106,0.87112,1.65,1.00
2014.11.17 19:57:25.537,0.87106,0.87114,1.07,1.50
2014.11.17 19:57:29.565,0.87106,0.87114,1.00,1.50
2014.11.17 19:57:31.623,0.87106,0.87114,1.07,1.50
2014.11.17 19:57:32.080,0.8711,0.87114,1.00,1.00
2014.11.17 19:57:39.465,0.87109,0.87115,1.00,1.50
2014.11.17 19:57:39.516,0.87107,0.87115,3.26,1.50
2014.11.17 19:57:50.579,0.87107,0.87115,2.59,1.50
2014.11.17 19:57:51.081,0.87107,0.87115,2.59,1.50
2014.11.17 19:57:52.229,0.87107,0.87113,1.50,1.00
2014.11.17 19:57:52.532,0.87105,0.87113,1.00,1.27
2014.11.17 19:57:54.481,0.87105,0.87113,1.00,1.00
2014.11.17 19:58:01.668,0.87107,0.87113,1.00,1.00
2014.11.17 19:58:01.971,0.87107,0.87116,1.15,1.00
2014.11.17 19:58:02.122,0.87107,0.87116,1.10,1.00
2014.11.17 19:58:18.646,0.87107,0.87116,1.32,1.00
2014.11.17 19:58:19.455,0.87107,0.87116,1.10,1.00
2014.11.17 19:58:19.708,0.87106,0.87114,2.25,1.00
2014.11.17 19:58:26.243,0.87106,0.87114,2.25,1.55
2014.11.17 19:58:26.395,0.87101,0.8711,1.00,1.12
2014.11.17 19:58:26.446,0.871,0.87108,1.50,1.00
2014.11.17 19:58:27.955,0.871,0.87106,1.00,1.00
2014.11.17 19:58:28.493,0.87099,0.87106,1.57,1.00
2014.11.17 19:58:31.808,0.87101,0.87106,1.00,1.00
2014.11.17 19:58:31.960,0.87101,0.87109,1.50,1.00
2014.11.17 19:58:32.212,0.87104,0.8711,1.00,1.00
2014.11.17 19:58:32.464,0.87104,0.87112,1.00,1.10
2014.11.17 19:58:32.969,0.87105,0.87112,1.00,1.00
2014.11.17 19:58:33.477,0.87105,0.87113,1.50,1.00
2014.11.17 19:58:35.014,0.87105,0.87113,1.00,1.57
2014.11.17 19:58:35.471,0.87103,0.87108,1.00,1.00
2014.11.17 19:58:35.984,0.87102,0.87108,1.00,1.00
2014.11.17 19:58:44.128,0.871,0.87107,1.00,1.00
2014.11.17 19:58:44.279,0.871,0.87105,1.00,1.00
2014.11.17 19:58:44.790,0.87099,0.87105,1.00,1.00
2014.11.17 19:58:47.454,0.87098,0.87105,1.10,1.00
2014.11.17 19:58:48.997,0.87098,0.87105,1.07,1.00
2014.11.17 19:58:52.983,0.87098,0.87105,1.20,1.00
2014.11.17 19:58:59.423,0.87098,0.87105,1.17,1.00
2014.11.17 19:59:00.230,0.87098,0.87105,1.00,1.00
2014.11.17 19:59:03.385,0.87095,0.87104,1.57,1.00
2014.11.17 19:59:03.436,0.87095,0.87104,1.00,1.00
2014.11.17 19:59:03.487,0.87095,0.87101,1.00,1.00
2014.11.17 19:59:03.705,0.87095,0.87103,1.50,1.00
2014.11.17 19:59:04.215,0.87096,0.87103,1.00,1.00
2014.11.17 19:59:04.721,0.87096,0.87103,1.65,1.00
2014.11.17 19:59:05.225,0.87096,0.87104,2.14,1.50
2014.11.17 19:59:06.840,0.87096,0.87104,2.21,1.50
2014.11.17 19:59:07.220,0.87096,0.87104,2.21,1.50
2014.11.17 19:59:08.203,0.87096,0.87104,2.02,1.50
2014.11.17 19:59:08.708,0.87096,0.87104,2.02,1.50
2014.11.17 19:59:08.909,0.87096,0.87104,1.95,1.50
2014.11.17 19:59:09.414,0.87096,0.87104,2.02,1.50
2014.11.17 19:59:09.918,0.87096,0.87104,1.50,1.50
2014.11.17 19:59:10.712,0.87096,0.87104,1.00,1.57
2014.11.17 19:59:11.217,0.87095,0.87103,1.00,1.10
2014.11.17 19:59:12.185,0.87096,0.87103,1.00,1.01
2014.11.17 19:59:12.639,0.87095,0.87102,1.00,1.46
2014.11.17 19:59:12.856,0.87093,0.87102,1.50,1.46
2014.11.17 19:59:14.189,0.87092,0.871,1.50,1.00
2014.11.17 19:59:14.371,0.87092,0.871,1.50,1.84
2014.11.17 19:59:14.725,0.8709,0.87095,1.00,1.00
2014.11.17 19:59:14.777,0.87087,0.87095,1.69,1.50
2014.11.17 19:59:17.624,0.87087,0.87095,1.50,1.65
2014.11.17 19:59:17.775,0.87084,0.87093,2.25,1.10
2014.11.17 19:59:17.826,0.87084,0.87089,1.00,1.00
2014.11.17 19:59:17.978,0.87086,0.87093,1.00,1.10
2014.11.17 19:59:18.129,0.87086,0.87095,1.07,1.50
2014.11.17 19:59:18.634,0.87086,0.87095,1.00,1.50
2014.11.17 19:59:23.719,0.87085,0.87095,1.50,2.25
2014.11.17 19:59:24.222,0.87085,0.87091,1.00,1.00
2014.11.17 19:59:24.274,0.87082,0.87091,2.06,1.00
2014.11.17 19:59:25.448,0.87082,0.87091,2.02,1.50
2014.11.17 19:59:25.953,0.87082,0.87091,1.57,1.00
2014.11.17 19:59:27.179,0.87082,0.87089,1.00,1.00
2014.11.17 19:59:27.484,0.87092,0.87097,1.00,1.00
2014.11.17 19:59:27.535,0.87092,0.87097,1.00,1.00
2014.11.17 19:59:27.838,0.87088,0.87097,1.01,1.00
2014.11.17 19:59:28.343,0.87087,0.87096,2.59,1.00
2014.11.17 19:59:31.180,0.87087,0.87096,1.10,1.07
2014.11.17 19:59:31.331,0.87084,0.87093,1.25,1.00
2014.11.17 19:59:31.432,0.87086,0.87094,1.00,1.10
2014.11.17 19:59:31.685,0.87087,0.87096,1.12,1.00
2014.11.17 19:59:32.191,0.87087,0.87097,1.87,1.50
2014.11.17 19:59:32.493,0.87087,0.87097,2.25,1.84
2014.11.17 19:59:32.796,0.87088,0.87092,1.00,1.00
2014.11.17 19:59:34.643,0.87087,0.87094,1.50,1.50
2014.11.17 19:59:35.198,0.87087,0.87095,1.57,1.50
2014.11.17 19:59:35.854,0.87087,0.87095,1.50,1.84
2014.11.17 19:59:36.056,0.87083,0.87093,1.00,1.50
2014.11.17 19:59:36.157,0.87082,0.87091,2.89,1.00
2014.11.17 19:59:36.692,0.87083,0.87091,1.00,1.00
2014.11.17 19:59:38.371,0.87083,0.87089,1.00,1.00
2014.11.17 19:59:42.361,0.87083,0.8709,1.00,1.50
2014.11.17 19:59:44.212,0.87084,0.8709,1.00,1.00
2014.11.17 19:59:44.717,0.87083,0.87091,1.00,1.00
2014.11.17 19:59:45.070,0.87083,0.87089,1.00,1.00
2014.11.17 19:59:45.374,0.87088,0.87094,1.00,1.00
2014.11.17 19:59:45.526,0.87091,0.87097,1.50,1.50
2014.11.17 19:59:45.627,0.87091,0.871,1.00,1.65
2014.11.17 19:59:45.829,0.8709,0.87098,2.44,1.00
2014.11.17 19:59:46.082,0.87088,0.87098,1.65,1.50
2014.11.17 19:59:46.592,0.87089,0.87098,1.00,1.50
2014.11.17 19:59:48.029,0.87088,0.87098,1.10,1.50
2014.11.17 19:59:48.483,0.87089,0.87096,1.25,1.00
2014.11.17 19:59:49.204,0.87088,0.87096,1.00,1.00
2014.11.17 19:59:49.735,0.87088,0.87096,1.07,1.00
2014.11.17 19:59:53.437,0.87088,0.87096,1.00,1.10
2014.11.17 19:59:53.740,0.87088,0.87092,1.00,1.00
2014.11.17 19:59:55.417,0.87087,0.87095,1.57,1.00
2014.11.17 19:59:55.973,0.87086,0.87095,1.00,1.57
2014.11.17 19:59:58.289,0.87087,0.87095,1.00,1.00
2014.11.17 19:59:58.390,0.87086,0.87093,1.01,1.00
2014.11.17 19:59:58.491,0.87084,0.87093,1.10,1.00
2014.11.17 19:59:58.592,0.87085,0.87091,1.00,1.00
