2014.11.07 18:00:00.218,0.86247,0.86256,1.69,1.10
2014.11.07 18:00:00.370,0.86247,0.86256,3.26,1.00
2014.11.07 18:00:00.572,0.86252,0.86259,1.00,1.10
2014.11.07 18:00:00.673,0.8625,0.8626,1.50,1.15
2014.11.07 18:00:00.724,0.86253,0.86259,1.00,1.20
2014.11.07 18:00:00.978,0.8625,0.8626,1.00,1.65
2014.11.07 18:00:01.230,0.86251,0.86258,1.69,1.00
2014.11.07 18:00:01.382,0.86251,0.8626,1.69,1.57
2014.11.07 18:00:01.888,0.86252,0.86261,1.25,1.00
2014.11.07 18:00:02.147,0.86254,0.86261,1.25,1.00
2014.11.07 18:00:02.461,0.86257,0.86263,1.50,1.50
2014.11.07 18:00:02.976,0.86257,0.86264,1.00,1.00
2014.11.07 18:00:04.269,0.86257,0.86265,1.00,1.00
2014.11.07 18:00:08.675,0.86257,0.86264,1.00,1.00
2014.11.07 18:00:08.978,0.86256,0.86262,1.00,1.20
2014.11.07 18:00:09.079,0.86254,0.86262,1.50,1.27
2014.11.07 18:00:09.180,0.86253,0.86257,1.00,1.00
2014.11.07 18:00:09.231,0.86251,0.86257,1.10,1.00
2014.11.07 18:00:09.738,0.8625,0.86258,1.17,1.50
2014.11.07 18:00:10.294,0.86251,0.86259,2.77,1.00
2014.11.07 18:00:10.496,0.86254,0.8626,1.00,1.00
2014.11.07 18:00:12.163,0.86253,0.86259,1.50,1.00
2014.11.07 18:00:12.730,0.86252,0.86259,1.00,1.00
2014.11.07 18:00:13.239,0.86251,0.86259,1.10,1.00
2014.11.07 18:00:15.283,0.86251,0.86259,1.17,1.00
2014.11.07 18:00:15.805,0.86251,0.86259,1.10,1.00
2014.11.07 18:00:16.492,0.86251,0.86259,3.71,1.00
2014.11.07 18:00:16.820,0.86254,0.86261,1.00,1.00
2014.11.07 18:00:22.514,0.86253,0.86261,1.00,1.57
2014.11.07 18:00:22.817,0.86252,0.86259,1.50,1.00
2014.11.07 18:00:23.413,0.86251,0.86258,1.10,1.00
2014.11.07 18:00:24.511,0.8625,0.86259,1.00,1.65
2014.11.07 18:00:24.937,0.86249,0.86256,1.50,1.00
2014.11.07 18:00:30.203,0.86249,0.86256,1.87,1.50
2014.11.07 18:00:30.355,0.86249,0.86259,5.14,1.50
2014.11.07 18:00:30.725,0.86249,0.86259,3.82,1.50
2014.11.07 18:00:31.080,0.86249,0.86257,1.87,1.00
2014.11.07 18:00:32.240,0.86247,0.86257,1.00,1.00
2014.11.07 18:00:36.144,0.86247,0.86257,2.21,1.10
2014.11.07 18:00:36.599,0.86247,0.86258,1.52,1.00
2014.11.07 18:00:37.104,0.86247,0.86258,2.77,1.00
2014.11.07 18:00:39.240,0.86251,0.86258,1.25,1.00
2014.11.07 18:00:39.745,0.86251,0.86259,2.14,1.50
2014.11.07 18:00:42.244,0.86251,0.86259,1.10,1.50
2014.11.07 18:00:42.547,0.8625,0.86257,1.50,1.50
2014.11.07 18:00:42.951,0.86248,0.86255,2.62,1.00
2014.11.07 18:00:45.237,0.86249,0.86255,1.00,1.00
2014.11.07 18:00:56.456,0.86248,0.86255,1.10,1.00
2014.11.07 18:00:56.962,0.86248,0.86255,1.37,1.00
2014.11.07 18:00:57.115,0.8625,0.86258,1.10,1.00
2014.11.07 18:00:57.771,0.86248,0.86258,1.39,1.00
2014.11.07 18:00:58.074,0.86247,0.86255,3.45,1.50
2014.11.07 18:00:58.427,0.86249,0.86255,1.50,1.57
2014.11.07 18:00:58.529,0.86245,0.86255,2.32,1.00
2014.11.07 18:00:59.036,0.86246,0.86255,1.12,1.00
2014.11.07 18:01:05.864,0.86246,0.86255,1.87,1.00
2014.11.07 18:01:05.966,0.86249,0.86255,1.00,1.00
2014.11.07 18:01:29.067,0.86247,0.86252,1.00,1.00
2014.11.07 18:01:29.219,0.86247,0.86252,1.00,1.00
2014.11.07 18:01:29.724,0.86246,0.86252,1.50,1.00
2014.11.07 18:01:43.276,0.86242,0.86252,1.65,1.50
2014.11.07 18:01:43.378,0.86243,0.86248,1.00,1.00
2014.11.07 18:01:48.903,0.86244,0.86248,1.50,1.00
2014.11.07 18:01:49.005,0.86242,0.86248,1.57,1.00
2014.11.07 18:01:49.511,0.86243,0.86247,1.50,1.00
2014.11.07 18:01:49.664,0.86243,0.86249,1.50,1.00
2014.11.07 18:01:49.917,0.86244,0.86249,3.26,1.00
2014.11.07 18:01:50.018,0.86245,0.86252,2.44,1.00
2014.11.07 18:01:50.524,0.86245,0.86251,2.25,1.00
2014.11.07 18:01:50.878,0.86246,0.86253,2.25,1.50
2014.11.07 18:01:51.384,0.86246,0.86254,1.76,1.00
2014.11.07 18:01:51.892,0.86246,0.86254,1.84,1.00
2014.11.07 18:01:54.154,0.86246,0.86254,2.96,1.00
2014.11.07 18:01:55.081,0.86248,0.86254,1.57,1.00
2014.11.07 18:01:55.285,0.86253,0.86257,1.50,1.00
2014.11.07 18:01:55.387,0.86255,0.86259,1.50,1.00
2014.11.07 18:01:55.490,0.86255,0.8626,1.50,1.00
2014.11.07 18:01:55.996,0.86256,0.8626,1.00,1.00
2014.11.07 18:01:56.684,0.86255,0.8626,3.00,1.00
2014.11.07 18:01:57.345,0.86255,0.86261,1.50,1.00
2014.11.07 18:01:57.446,0.86255,0.86263,1.50,1.00
2014.11.07 18:01:58.080,0.86254,0.86263,1.50,1.00
2014.11.07 18:01:58.232,0.86256,0.86263,1.00,1.00
2014.11.07 18:02:00.872,0.86256,0.86264,1.50,2.25
2014.11.07 18:02:01.378,0.86255,0.86263,1.00,1.00
2014.11.07 18:02:01.682,0.86257,0.86263,1.00,1.00
2014.11.07 18:02:01.784,0.86255,0.86263,1.50,1.50
2014.11.07 18:02:02.326,0.86254,0.86263,1.25,1.00
2014.11.07 18:02:03.911,0.86254,0.86263,1.69,1.00
2014.11.07 18:02:04.062,0.86257,0.86263,1.00,1.00
2014.11.07 18:02:04.214,0.86255,0.86263,2.44,1.10
2014.11.07 18:02:04.836,0.86254,0.86263,1.50,1.00
2014.11.07 18:02:12.803,0.86254,0.86263,1.00,2.14
2014.11.07 18:02:12.904,0.86253,0.86257,1.00,1.25
2014.11.07 18:02:13.006,0.86245,0.86254,1.50,1.10
2014.11.07 18:02:13.107,0.86246,0.86251,1.00,1.00
2014.11.07 18:02:13.615,0.86246,0.86252,1.00,1.00
2014.11.07 18:02:15.193,0.86245,0.86253,1.00,1.00
2014.11.07 18:02:15.496,0.86245,0.86251,1.00,1.50
2014.11.07 18:02:20.031,0.86245,0.86251,1.50,1.37
2014.11.07 18:02:20.183,0.86241,0.86247,1.00,1.00
2014.11.07 18:02:20.234,0.86235,0.86244,1.17,1.00
2014.11.07 18:02:20.336,0.86236,0.8624,1.00,1.00
2014.11.07 18:02:20.848,0.86236,0.86241,1.00,1.00
2014.11.07 18:02:27.814,0.86236,0.86241,1.57,1.00
2014.11.07 18:02:27.865,0.86237,0.86243,1.84,1.00
2014.11.07 18:02:27.966,0.86239,0.86245,1.50,1.50
2014.11.07 18:02:28.067,0.86237,0.86247,1.09,1.00
2014.11.07 18:02:28.169,0.86237,0.86247,1.00,2.21
2014.11.07 18:02:28.472,0.86236,0.86243,1.00,1.00
2014.11.07 18:02:29.230,0.86237,0.86243,1.50,1.00
2014.11.07 18:02:29.636,0.86235,0.86242,1.50,1.50
2014.11.07 18:02:30.180,0.86235,0.86242,1.65,1.50
2014.11.07 18:02:31.242,0.86235,0.86242,1.57,1.50
2014.11.07 18:02:41.486,0.86235,0.86242,1.57,1.50
2014.11.07 18:02:42.030,0.86234,0.86242,2.40,1.50
2014.11.07 18:02:42.554,0.86234,0.86242,2.25,1.50
2014.11.07 18:02:47.209,0.86234,0.86242,2.32,1.50
2014.11.07 18:02:48.076,0.86234,0.86243,1.65,1.00
2014.11.07 18:02:49.493,0.86238,0.86244,1.10,1.00
2014.11.07 18:02:49.948,0.86235,0.86245,1.00,1.07
2014.11.07 18:02:50.453,0.86235,0.86243,1.10,1.00
2014.11.07 18:02:58.431,0.86236,0.8624,1.00,1.00
2014.11.07 18:02:59.430,0.86236,0.86242,1.00,1.00
2014.11.07 18:03:01.513,0.86234,0.86244,2.40,1.50
2014.11.07 18:03:13.644,0.86234,0.86244,2.40,1.50
2014.11.07 18:03:14.882,0.86234,0.86244,2.59,1.50
2014.11.07 18:03:16.254,0.86234,0.86244,2.59,1.50
2014.11.07 18:03:16.456,0.86234,0.86244,2.59,1.50
2014.11.07 18:03:20.089,0.86234,0.86244,2.59,1.50
2014.11.07 18:03:21.978,0.86235,0.86241,1.10,1.50
2014.11.07 18:03:22.080,0.86235,0.86243,1.10,1.50
2014.11.07 18:03:22.632,0.86237,0.86243,1.50,1.50
2014.11.07 18:03:23.400,0.86239,0.86243,1.00,1.50
2014.11.07 18:03:23.653,0.86238,0.86245,1.00,1.10
2014.11.07 18:03:23.755,0.86236,0.86243,1.50,1.00
2014.11.07 18:03:25.078,0.86236,0.86241,1.00,1.00
2014.11.07 18:03:25.180,0.86235,0.86243,1.50,1.00
2014.11.07 18:03:27.832,0.86235,0.86242,1.00,1.00
2014.11.07 18:03:50.135,0.86236,0.86242,1.00,1.00
2014.11.07 18:03:58.885,0.86236,0.8624,1.00,1.00
2014.11.07 18:04:02.260,0.86235,0.8624,1.00,1.00
2014.11.07 18:04:02.361,0.86232,0.86241,1.50,1.95
2014.11.07 18:04:02.412,0.86232,0.86238,1.00,1.00
2014.11.07 18:04:02.716,0.86234,0.86238,1.00,1.50
2014.11.07 18:04:02.817,0.86234,0.8624,1.00,1.00
2014.11.07 18:04:03.322,0.86234,0.86241,2.25,1.50
2014.11.07 18:04:04.233,0.86234,0.86241,2.32,1.50
2014.11.07 18:04:08.822,0.86236,0.86241,1.00,1.00
2014.11.07 18:04:09.327,0.86236,0.86242,1.00,1.50
2014.11.07 18:04:12.167,0.86235,0.86242,1.10,1.50
2014.11.07 18:04:21.329,0.86235,0.8624,1.00,1.00
2014.11.07 18:04:34.665,0.86234,0.8624,1.00,1.00
2014.11.07 18:04:35.170,0.86234,0.86241,2.25,1.50
2014.11.07 18:04:35.692,0.86235,0.86241,1.10,1.50
2014.11.07 18:04:43.849,0.86237,0.86241,1.00,1.50
2014.11.07 18:04:55.179,0.86237,0.86242,1.00,1.00
2014.11.07 18:04:57.097,0.86235,0.86239,1.00,1.00
2014.11.07 18:04:58.071,0.86234,0.8624,1.57,1.50
2014.11.07 18:04:58.605,0.86237,0.86241,1.00,1.00
2014.11.07 18:05:01.118,0.86235,0.86241,1.50,1.00
2014.11.07 18:05:01.320,0.86235,0.86243,1.00,1.69
2014.11.07 18:05:01.725,0.86235,0.86241,1.00,1.00
2014.11.07 18:05:02.245,0.86235,0.86242,1.00,1.50
2014.11.07 18:05:18.631,0.86234,0.86242,2.25,1.50
2014.11.07 18:05:19.136,0.86234,0.8624,1.00,1.00
2014.11.07 18:05:19.686,0.86235,0.8624,1.00,1.00
2014.11.07 18:05:35.384,0.86235,0.86241,1.57,1.00
2014.11.07 18:05:37.136,0.86234,0.8624,1.57,1.00
2014.11.07 18:05:39.252,0.86234,0.8624,1.57,1.00
2014.11.07 18:05:39.847,0.86234,0.8624,1.65,1.00
2014.11.07 18:05:47.873,0.86234,0.8624,1.07,1.00
2014.11.07 18:05:55.861,0.86234,0.8624,2.25,1.50
2014.11.07 18:05:57.097,0.86236,0.8624,1.00,1.50
2014.11.07 18:05:57.350,0.86236,0.86242,1.00,1.00
2014.11.07 18:05:57.451,0.86234,0.86242,1.65,1.00
2014.11.07 18:06:00.413,0.86235,0.86242,1.00,1.00
2014.11.07 18:06:00.465,0.86235,0.86242,1.65,1.00
2014.11.07 18:06:00.768,0.8624,0.86247,1.57,1.00
2014.11.07 18:06:00.970,0.8624,0.86245,1.00,1.01
2014.11.07 18:06:01.072,0.86235,0.86244,2.32,1.00
2014.11.07 18:06:01.122,0.86236,0.86242,1.00,1.00
2014.11.07 18:06:01.629,0.86235,0.86243,1.00,1.00
2014.11.07 18:06:04.450,0.86234,0.86243,1.57,1.00
2014.11.07 18:06:09.922,0.86234,0.86243,1.57,1.87
2014.11.07 18:06:12.972,0.86233,0.86241,1.07,1.31
2014.11.07 18:06:13.277,0.86231,0.86238,1.00,1.00
2014.11.07 18:06:13.783,0.8623,0.86238,2.25,1.50
2014.11.07 18:06:14.288,0.8623,0.86238,2.40,1.50
2014.11.07 18:06:14.540,0.86232,0.8624,1.00,1.31
2014.11.07 18:06:14.793,0.86231,0.86238,1.65,1.00
2014.11.07 18:06:15.097,0.86234,0.8624,1.00,1.00
2014.11.07 18:06:26.516,0.86232,0.86239,1.00,1.00
2014.11.07 18:06:29.070,0.86232,0.8624,1.00,1.50
2014.11.07 18:06:39.461,0.86232,0.8624,1.07,1.00
2014.11.07 18:06:40.197,0.86232,0.8624,1.10,1.00
2014.11.07 18:06:40.747,0.86232,0.8624,1.07,1.00
2014.11.07 18:06:43.701,0.86232,0.8624,1.10,1.00
2014.11.07 18:06:44.574,0.86232,0.8624,1.07,1.00
2014.11.07 18:06:45.117,0.86232,0.8624,1.10,1.00
2014.11.07 18:06:47.498,0.86233,0.8624,1.00,1.00
2014.11.07 18:06:51.728,0.86233,0.86237,1.00,1.00
2014.11.07 18:06:52.745,0.86233,0.86238,1.00,1.00
2014.11.07 18:06:53.256,0.86233,0.86239,1.00,1.00
2014.11.07 18:07:16.390,0.86231,0.8624,1.50,4.39
2014.11.07 18:07:17.878,0.86231,0.8624,1.50,4.01
2014.11.07 18:07:19.295,0.86231,0.8624,1.50,3.34
2014.11.07 18:07:20.885,0.86231,0.8624,1.50,2.32
2014.11.07 18:07:23.035,0.86231,0.86239,1.50,1.00
2014.11.07 18:07:33.038,0.86231,0.8624,1.50,1.50
2014.11.07 18:07:33.190,0.86234,0.86239,1.00,1.00
2014.11.07 18:07:33.696,0.86234,0.8624,1.00,1.00
2014.11.07 18:07:35.453,0.86234,0.8624,1.00,1.65
2014.11.07 18:07:35.972,0.86234,0.8624,1.00,1.50
2014.11.07 18:07:36.938,0.86234,0.8624,1.00,2.44
2014.11.07 18:07:37.610,0.86234,0.8624,1.00,1.50
2014.11.07 18:07:43.330,0.86232,0.8624,1.50,1.25
2014.11.07 18:07:44.172,0.86232,0.86241,1.57,1.50
2014.11.07 18:07:44.677,0.86232,0.86241,1.50,2.96
2014.11.07 18:07:45.081,0.86232,0.86237,1.00,1.00
2014.11.07 18:07:48.297,0.86232,0.86239,1.00,1.76
2014.11.07 18:07:54.613,0.86233,0.86239,1.00,1.00
2014.11.07 18:07:55.128,0.86233,0.8624,1.50,1.50
2014.11.07 18:08:16.328,0.86233,0.86241,1.69,1.50
2014.11.07 18:08:49.755,0.86234,0.8624,1.00,1.00
2014.11.07 18:09:00.448,0.86234,0.86241,2.44,1.00
2014.11.07 18:09:00.499,0.86236,0.86241,1.01,1.00
2014.11.07 18:09:00.651,0.86239,0.86246,1.01,1.00
2014.11.07 18:09:00.752,0.86243,0.86248,1.00,1.57
2014.11.07 18:09:00.803,0.86243,0.86248,1.00,1.50
2014.11.07 18:09:00.854,0.86241,0.86248,1.50,1.50
2014.11.07 18:09:01.005,0.8624,0.86245,1.00,1.00
2014.11.07 18:09:01.107,0.86238,0.86245,1.50,1.00
2014.11.07 18:09:01.612,0.86237,0.86244,1.50,1.50
2014.11.07 18:09:17.466,0.86237,0.86244,1.57,1.50
2014.11.07 18:09:17.981,0.86237,0.86244,1.57,1.50
2014.11.07 18:09:18.234,0.86239,0.86244,1.00,1.00
2014.11.07 18:09:18.335,0.8624,0.86246,1.01,1.50
2014.11.07 18:09:18.487,0.86243,0.86247,1.00,1.00
2014.11.07 18:09:18.589,0.86242,0.86249,1.00,1.50
2014.11.07 18:09:19.347,0.86242,0.8625,1.10,1.50
2014.11.07 18:09:23.583,0.86243,0.8625,1.12,1.50
2014.11.07 18:09:23.970,0.86246,0.86251,1.00,1.00
2014.11.07 18:09:28.692,0.86245,0.86253,1.12,1.50
2014.11.07 18:09:28.793,0.86245,0.86253,2.21,1.50
2014.11.07 18:09:28.996,0.86249,0.86257,1.57,1.00
2014.11.07 18:09:29.097,0.86251,0.86258,1.57,1.00
2014.11.07 18:09:29.300,0.86255,0.86263,1.50,1.50
2014.11.07 18:09:33.645,0.86257,0.86263,1.00,1.50
2014.11.07 18:09:35.132,0.86257,0.86264,1.00,1.00
2014.11.07 18:09:54.709,0.86257,0.86265,1.50,1.50
2014.11.07 18:09:55.749,0.86257,0.86265,1.50,1.65
2014.11.07 18:09:56.266,0.86257,0.86265,1.50,1.50
2014.11.07 18:09:57.740,0.86257,0.86265,1.50,1.57
2014.11.07 18:09:58.839,0.86257,0.86265,1.50,1.50
2014.11.07 18:10:02.524,0.86257,0.86265,2.02,1.50
2014.11.07 18:10:02.827,0.8626,0.8627,4.39,1.00
2014.11.07 18:10:02.878,0.8626,0.8627,4.39,1.50
2014.11.07 18:10:02.979,0.86264,0.86273,1.57,1.50
2014.11.07 18:10:04.073,0.86264,0.86271,1.50,1.00
2014.11.07 18:10:04.326,0.8626,0.86269,1.00,1.76
2014.11.07 18:10:04.377,0.86259,0.86266,1.57,1.00
2014.11.07 18:10:04.681,0.86257,0.86264,1.07,1.00
2014.11.07 18:10:05.198,0.86257,0.86264,1.10,1.00
2014.11.07 18:10:05.860,0.86257,0.86264,1.07,1.00
2014.11.07 18:10:06.467,0.86257,0.86265,1.07,1.50
2014.11.07 18:10:06.969,0.86257,0.86265,1.15,1.00
2014.11.07 18:10:07.273,0.86264,0.86268,1.00,1.00
2014.11.07 18:10:07.778,0.86264,0.86269,1.00,1.00
2014.11.07 18:10:08.789,0.86262,0.86268,1.00,1.00
2014.11.07 18:10:08.840,0.8626,0.86268,1.00,1.00
2014.11.07 18:10:09.043,0.86258,0.86267,1.10,1.00
2014.11.07 18:10:09.093,0.86258,0.86264,1.10,1.00
2014.11.07 18:10:40.897,0.86257,0.86263,1.50,3.19
2014.11.07 18:10:41.150,0.86251,0.8626,1.00,1.17
2014.11.07 18:10:41.201,0.8625,0.86257,1.00,1.00
2014.11.07 18:10:41.507,0.86248,0.86254,1.50,1.00
2014.11.07 18:10:42.012,0.86247,0.86256,1.10,1.50
2014.11.07 18:10:42.113,0.86249,0.86255,1.00,1.00
2014.11.07 18:10:42.637,0.8625,0.86256,1.00,1.00
2014.11.07 18:10:43.180,0.8625,0.86255,1.00,1.00
2014.11.07 18:10:45.618,0.86248,0.86255,1.50,1.57
2014.11.07 18:10:45.720,0.86246,0.86253,1.00,1.00
2014.11.07 18:10:45.770,0.86243,0.86253,1.17,1.00
2014.11.07 18:10:45.973,0.86242,0.86252,1.50,1.87
2014.11.07 18:10:46.276,0.86238,0.86243,1.00,1.00
2014.11.07 18:10:46.327,0.86238,0.86243,1.00,1.00
2014.11.07 18:10:54.997,0.86236,0.86244,1.00,1.00
2014.11.07 18:10:59.693,0.86236,0.86244,1.00,2.06
2014.11.07 18:10:59.795,0.86236,0.86243,1.00,1.52
2014.11.07 18:10:59.946,0.86234,0.86243,1.00,2.96
2014.11.07 18:11:00.199,0.86233,0.86239,1.50,1.15
2014.11.07 18:11:00.301,0.86231,0.86239,1.00,1.65
2014.11.07 18:11:00.806,0.8623,0.86236,1.10,1.00
2014.11.07 18:11:00.908,0.86231,0.86238,1.56,1.00
2014.11.07 18:11:00.958,0.86231,0.86239,2.06,1.00
2014.11.07 18:11:01.009,0.86231,0.86239,2.21,1.00
2014.11.07 18:11:01.060,0.86234,0.86241,1.87,1.00
2014.11.07 18:11:01.262,0.86237,0.86242,1.00,1.50
2014.11.07 18:11:01.768,0.86237,0.86243,1.50,1.50
2014.11.07 18:11:02.912,0.86238,0.86243,1.00,1.50
2014.11.07 18:11:03.571,0.86237,0.86245,1.27,1.00
2014.11.07 18:11:04.076,0.86237,0.86246,1.87,1.50
2014.11.07 18:11:04.987,0.86241,0.86245,1.00,1.00
2014.11.07 18:11:05.240,0.8624,0.86249,1.95,1.00
2014.11.07 18:11:05.341,0.86243,0.86248,1.00,1.00
2014.11.07 18:11:05.594,0.8624,0.86249,1.50,1.50
2014.11.07 18:11:05.897,0.86239,0.86247,1.50,1.50
2014.11.07 18:11:09.491,0.86239,0.86247,1.95,1.50
2014.11.07 18:11:11.017,0.86239,0.86247,2.21,1.50
2014.11.07 18:11:11.557,0.8624,0.86247,1.25,1.50
2014.11.07 18:11:12.068,0.8624,0.86247,2.81,1.00
2014.11.07 18:11:12.270,0.86243,0.8625,1.00,1.00
2014.11.07 18:11:13.034,0.8624,0.8625,2.25,1.57
2014.11.07 18:11:18.054,0.86241,0.8625,1.25,1.50
2014.11.07 18:11:19.327,0.86244,0.8625,1.50,1.50
2014.11.07 18:11:39.757,0.86244,0.8625,1.50,1.57
2014.11.07 18:11:40.100,0.86241,0.86246,1.00,1.00
2014.11.07 18:11:44.270,0.86241,0.86249,1.00,1.10
2014.11.07 18:11:44.547,0.86242,0.86249,1.32,1.00
2014.11.07 18:11:44.699,0.86243,0.86251,1.57,1.50
2014.11.07 18:11:56.753,0.86244,0.86251,1.00,1.00
2014.11.07 18:11:56.804,0.86247,0.86252,1.00,1.00
2014.11.07 18:11:57.056,0.86247,0.86258,2.51,1.00
2014.11.07 18:11:57.208,0.86249,0.86256,1.50,1.00
2014.11.07 18:11:57.511,0.8625,0.86256,1.65,1.00
2014.11.07 18:11:57.613,0.8625,0.86258,2.59,1.00
2014.11.07 18:11:57.815,0.86254,0.86258,1.00,1.00
2014.11.07 18:11:58.118,0.8625,0.86259,2.59,1.50
2014.11.07 18:11:58.655,0.8625,0.86259,1.57,1.50
2014.11.07 18:11:58.807,0.86249,0.86257,1.84,1.00
2014.11.07 18:11:59.110,0.86249,0.86257,2.59,1.00
2014.11.07 18:11:59.363,0.8625,0.86259,2.96,1.00
2014.11.07 18:11:59.902,0.86253,0.86258,1.00,1.00
2014.11.07 18:12:00.004,0.8625,0.86259,2.51,1.50
2014.11.07 18:12:00.614,0.86251,0.86259,1.25,1.50
2014.11.07 18:12:00.917,0.86251,0.86259,1.32,1.50
2014.11.07 18:12:01.119,0.8625,0.86259,1.65,1.50
2014.11.07 18:12:01.523,0.8625,0.86257,1.00,1.00
2014.11.07 18:12:01.777,0.86248,0.86256,1.10,1.00
2014.11.07 18:12:01.828,0.86248,0.86254,1.10,1.00
2014.11.07 18:12:02.366,0.86248,0.86253,1.10,1.00
2014.11.07 18:12:10.570,0.86248,0.86253,1.17,1.00
2014.11.07 18:12:10.671,0.86247,0.86256,2.21,1.00
2014.11.07 18:12:11.370,0.8625,0.86257,1.00,1.00
2014.11.07 18:12:12.906,0.8625,0.86258,1.20,1.50
2014.11.07 18:12:12.956,0.8625,0.86258,1.27,1.00
2014.11.07 18:12:13.462,0.86252,0.86261,2.44,1.50
2014.11.07 18:12:17.335,0.86252,0.86261,2.14,1.50
2014.11.07 18:12:17.437,0.86256,0.86262,1.00,1.00
2014.11.07 18:12:17.891,0.86257,0.86264,1.50,1.50
2014.11.07 18:12:18.397,0.86258,0.86264,1.00,1.00
2014.11.07 18:12:43.615,0.86261,0.86269,1.27,1.00
2014.11.07 18:12:43.716,0.86264,0.86268,1.00,1.00
2014.11.07 18:12:43.969,0.86259,0.86269,1.15,1.50
2014.11.07 18:12:44.071,0.86259,0.86266,1.57,1.50
2014.11.07 18:12:44.375,0.86257,0.86264,1.10,1.00
2014.11.07 18:12:59.499,0.86257,0.86263,1.00,1.00
2014.11.07 18:13:07.433,0.86257,0.86263,1.07,1.00
2014.11.07 18:13:07.736,0.8626,0.86265,1.01,1.00
2014.11.07 18:13:07.989,0.86263,0.8627,1.36,1.00
2014.11.07 18:13:08.191,0.86265,0.8627,1.57,1.00
2014.11.07 18:13:08.293,0.86267,0.86273,1.76,1.00
2014.11.07 18:13:10.365,0.86268,0.86273,1.57,1.00
2014.11.07 18:13:10.700,0.86272,0.8628,1.50,2.25
2014.11.07 18:13:11.054,0.8627,0.86276,1.50,1.50
2014.11.07 18:13:11.602,0.86267,0.86275,3.07,1.00
2014.11.07 18:13:11.856,0.86267,0.86275,1.15,1.00
2014.11.07 18:13:12.369,0.86267,0.86275,1.15,1.00
2014.11.07 18:13:12.622,0.86267,0.86275,1.52,1.00
2014.11.07 18:13:12.925,0.86271,0.86277,1.52,1.00
2014.11.07 18:13:13.178,0.86272,0.86279,2.59,1.00
2014.11.07 18:13:13.229,0.86273,0.86281,2.02,1.50
2014.11.07 18:13:13.734,0.86276,0.86282,1.00,1.00
2014.11.07 18:13:14.038,0.86275,0.86279,1.10,1.00
2014.11.07 18:13:14.240,0.86275,0.86282,1.20,1.00
2014.11.07 18:13:14.835,0.86275,0.86282,1.09,1.00
2014.11.07 18:13:17.985,0.86275,0.86282,1.76,1.00
2014.11.07 18:13:18.506,0.86276,0.86284,1.46,1.00
2014.11.07 18:13:19.328,0.8628,0.86285,3.30,1.00
2014.11.07 18:13:19.531,0.86283,0.86289,1.15,1.00
2014.11.07 18:13:19.632,0.86283,0.8629,1.15,1.00
2014.11.07 18:13:19.784,0.86282,0.86291,4.39,1.00
2014.11.07 18:13:20.290,0.86282,0.86291,2.21,1.00
2014.11.07 18:13:23.825,0.86282,0.86291,1.20,1.00
2014.11.07 18:13:24.028,0.86283,0.86288,1.00,1.00
2014.11.07 18:13:24.533,0.86279,0.86289,1.10,1.31
2014.11.07 18:13:24.584,0.86279,0.86286,1.10,1.00
2014.11.07 18:13:24.736,0.86279,0.86288,1.65,1.50
2014.11.07 18:13:25.141,0.8628,0.86285,1.00,1.00
2014.11.07 18:13:25.990,0.86279,0.86285,1.10,1.00
2014.11.07 18:13:26.496,0.86277,0.86284,1.07,1.00
2014.11.07 18:13:27.004,0.86277,0.86284,1.10,1.00
2014.11.07 18:13:27.459,0.86277,0.86284,1.00,1.52
2014.11.07 18:13:27.561,0.86273,0.86284,1.00,2.21
2014.11.07 18:13:27.763,0.86272,0.86278,1.50,1.00
2014.11.07 18:13:27.915,0.8627,0.86278,2.44,1.50
2014.11.07 18:13:27.966,0.86271,0.86278,1.15,1.00
2014.11.07 18:13:28.118,0.86272,0.8628,1.20,1.00
2014.11.07 18:13:28.219,0.86272,0.86283,1.10,1.27
2014.11.07 18:13:28.421,0.86275,0.86282,1.00,1.10
2014.11.07 18:13:29.433,0.86273,0.86283,1.69,1.17
2014.11.07 18:13:29.535,0.86276,0.86282,1.00,1.00
2014.11.07 18:13:31.494,0.86276,0.86284,1.57,1.00
2014.11.07 18:13:31.544,0.86277,0.86285,1.84,1.00
2014.11.07 18:13:32.049,0.86276,0.86284,1.65,1.50
2014.11.07 18:13:32.251,0.86276,0.86284,1.50,1.50
2014.11.07 18:13:32.896,0.86276,0.86284,1.57,1.50
2014.11.07 18:13:33.446,0.86276,0.86284,1.50,1.50
2014.11.07 18:13:33.951,0.86276,0.86284,1.65,1.50
2014.11.07 18:13:36.278,0.86276,0.86284,1.50,1.50
2014.11.07 18:13:36.798,0.86276,0.86284,1.65,1.50
2014.11.07 18:13:37.311,0.86276,0.86284,1.50,1.50
2014.11.07 18:13:37.840,0.86276,0.86284,1.65,1.50
2014.11.07 18:13:41.021,0.86276,0.86284,1.50,1.50
2014.11.07 18:13:42.780,0.86276,0.86284,1.50,1.95
2014.11.07 18:13:42.982,0.86275,0.86281,1.00,1.00
2014.11.07 18:13:43.293,0.86271,0.86277,1.00,1.00
2014.11.07 18:13:43.399,0.86268,0.86278,1.57,1.87
2014.11.07 18:13:43.501,0.86268,0.86273,1.57,1.00
2014.11.07 18:13:44.209,0.86268,0.86273,1.00,1.00
2014.11.07 18:13:44.715,0.86267,0.86276,1.65,1.00
2014.11.07 18:13:45.170,0.8627,0.86278,1.00,1.00
2014.11.07 18:13:45.271,0.86272,0.86278,1.00,1.00
2014.11.07 18:13:45.777,0.86271,0.86278,1.00,1.00
2014.11.07 18:13:46.080,0.86274,0.86279,1.00,1.00
2014.11.07 18:13:46.598,0.86275,0.86281,1.50,1.50
2014.11.07 18:13:47.261,0.86276,0.86282,1.00,1.00
2014.11.07 18:13:48.817,0.86273,0.8628,1.00,1.00
2014.11.07 18:13:49.111,0.8627,0.86278,1.50,1.50
2014.11.07 18:13:49.638,0.8627,0.86277,1.10,1.00
2014.11.07 18:13:50.151,0.8627,0.86277,1.15,1.00
2014.11.07 18:13:50.668,0.8627,0.86277,1.00,1.00
2014.11.07 18:13:51.842,0.8627,0.86277,1.17,1.00
2014.11.07 18:13:54.178,0.86268,0.86277,2.02,1.00
2014.11.07 18:13:54.281,0.86268,0.86275,1.00,1.00
2014.11.07 18:13:54.792,0.86267,0.86274,1.10,1.00
2014.11.07 18:14:05.212,0.86267,0.86274,2.59,1.00
2014.11.07 18:14:05.740,0.86268,0.86275,1.00,1.50
2014.11.07 18:14:06.046,0.86268,0.86275,4.46,1.00
2014.11.07 18:14:06.097,0.86269,0.86277,1.64,1.00
2014.11.07 18:14:06.249,0.8627,0.86277,1.17,1.00
2014.11.07 18:14:06.350,0.86268,0.86277,1.84,1.00
2014.11.07 18:14:06.402,0.86268,0.86277,1.25,1.00
2014.11.07 18:14:06.929,0.86267,0.86276,1.57,1.00
2014.11.07 18:14:07.035,0.86268,0.86273,1.00,1.00
2014.11.07 18:14:09.577,0.86267,0.86275,2.21,1.50
2014.11.07 18:14:10.973,0.86269,0.86275,1.00,1.50
2014.11.07 18:14:11.277,0.86269,0.86277,1.00,1.00
2014.11.07 18:14:13.168,0.8627,0.86277,1.25,1.00
2014.11.07 18:14:13.221,0.8627,0.86277,1.09,1.00
2014.11.07 18:14:13.727,0.86272,0.86278,1.27,1.00
2014.11.07 18:14:13.778,0.86272,0.8628,2.02,1.00
2014.11.07 18:14:13.930,0.86275,0.8628,1.46,1.00
2014.11.07 18:14:14.082,0.86276,0.86283,1.00,1.00
2014.11.07 18:14:15.939,0.86276,0.86283,1.20,1.00
2014.11.07 18:14:16.460,0.86276,0.86284,1.27,1.00
2014.11.07 18:14:18.487,0.86277,0.86284,1.39,1.00
2014.11.07 18:14:21.293,0.86276,0.86284,1.27,1.00
2014.11.07 18:14:23.763,0.86276,0.86284,2.21,1.00
2014.11.07 18:14:24.316,0.86276,0.86284,2.21,1.00
2014.11.07 18:14:31.438,0.86276,0.86284,1.15,1.00
2014.11.07 18:14:31.943,0.86276,0.86284,1.17,1.00
2014.11.07 18:14:34.981,0.86279,0.86284,1.00,1.00
2014.11.07 18:14:35.543,0.8628,0.86284,1.00,1.00
2014.11.07 18:14:36.424,0.8628,0.86285,1.37,1.00
2014.11.07 18:14:36.728,0.86282,0.86287,2.21,1.00
2014.11.07 18:14:36.779,0.86282,0.86288,2.21,1.00
2014.11.07 18:14:36.881,0.86284,0.86291,1.00,1.50
2014.11.07 18:14:37.339,0.86285,0.86293,1.50,1.50
2014.11.07 18:14:37.491,0.86287,0.86293,1.00,1.50
2014.11.07 18:14:37.997,0.86287,0.86294,1.00,1.00
2014.11.07 18:14:38.540,0.86286,0.86294,1.57,1.50
2014.11.07 18:14:39.146,0.86286,0.86294,1.57,1.50
2014.11.07 18:14:42.579,0.86289,0.86294,1.00,1.50
2014.11.07 18:14:42.731,0.86292,0.86298,1.20,1.00
2014.11.07 18:14:43.246,0.86293,0.86298,1.00,1.00
2014.11.07 18:14:44.409,0.86293,0.86298,1.17,1.00
2014.11.07 18:14:44.461,0.86294,0.86303,1.10,1.00
2014.11.07 18:14:44.512,0.86294,0.86303,1.84,1.00
2014.11.07 18:14:44.614,0.86294,0.86303,1.76,1.00
2014.11.07 18:14:44.665,0.86297,0.86303,1.00,1.00
2014.11.07 18:14:44.817,0.86294,0.86303,1.50,1.57
2014.11.07 18:14:45.322,0.86297,0.86302,1.00,1.00
2014.11.07 18:14:45.424,0.86295,0.86303,1.50,1.00
2014.11.07 18:14:46.668,0.86297,0.86303,1.00,1.00
2014.11.07 18:14:47.691,0.86297,0.86303,1.17,1.00
2014.11.07 18:14:47.792,0.86297,0.86305,1.20,1.00
2014.11.07 18:14:47.995,0.86295,0.86302,1.00,1.00
2014.11.07 18:14:48.547,0.86296,0.86302,1.10,1.00
2014.11.07 18:14:48.750,0.86295,0.86304,1.46,1.50
2014.11.07 18:14:49.264,0.86295,0.86304,2.21,1.00
2014.11.07 18:14:50.040,0.86298,0.86304,1.25,1.00
2014.11.07 18:14:50.345,0.86301,0.86306,1.00,1.00
2014.11.07 18:14:50.548,0.86303,0.86313,2.21,1.50
2014.11.07 18:14:50.750,0.86306,0.86312,1.00,1.00
2014.11.07 18:14:50.953,0.86304,0.86313,1.00,1.10
2014.11.07 18:14:51.105,0.86303,0.86313,1.50,1.57
2014.11.07 18:14:51.733,0.86303,0.86309,1.00,1.00
2014.11.07 18:14:52.252,0.86303,0.86308,1.00,1.00
2014.11.07 18:14:52.505,0.863,0.86306,1.00,1.00
2014.11.07 18:14:52.707,0.863,0.86307,1.09,1.00
2014.11.07 18:14:53.011,0.86305,0.8631,1.00,1.00
2014.11.07 18:14:53.062,0.86305,0.86312,1.00,1.00
2014.11.07 18:14:53.213,0.86305,0.86312,1.17,1.00
2014.11.07 18:14:53.718,0.86306,0.86313,1.57,1.50
2014.11.07 18:14:54.856,0.86306,0.86313,2.59,1.50
2014.11.07 18:14:55.361,0.86307,0.86314,1.20,1.00
2014.11.07 18:15:01.318,0.86307,0.86314,1.07,1.00
2014.11.07 18:15:01.857,0.86307,0.86312,1.00,1.00
2014.11.07 18:15:03.550,0.86307,0.86312,1.00,2.62
2014.11.07 18:15:03.752,0.86301,0.86307,1.00,1.50
2014.11.07 18:15:03.853,0.86299,0.86307,1.50,1.50
2014.11.07 18:15:04.258,0.86297,0.86308,1.50,3.07
2014.11.07 18:15:04.410,0.86297,0.86306,1.00,1.00
2014.11.07 18:15:04.915,0.86297,0.86305,1.00,1.00
2014.11.07 18:15:05.219,0.86298,0.86302,1.00,1.00
2014.11.07 18:15:12.197,0.86298,0.86304,1.47,1.00
2014.11.07 18:15:12.300,0.86299,0.86305,1.10,1.00
2014.11.07 18:15:12.453,0.86299,0.86308,1.76,1.00
2014.11.07 18:15:12.555,0.86301,0.86311,1.00,1.76
2014.11.07 18:15:13.062,0.86302,0.86306,1.00,1.00
2014.11.07 18:15:15.259,0.863,0.86306,1.00,1.00
2014.11.07 18:15:15.310,0.86298,0.86306,1.10,1.00
2014.11.07 18:15:15.835,0.86297,0.86305,1.15,1.00
2014.11.07 18:15:16.675,0.86297,0.86305,1.07,1.00
2014.11.07 18:15:17.225,0.86297,0.86305,1.00,1.00
2014.11.07 18:15:20.628,0.86298,0.86305,1.00,1.00
2014.11.07 18:15:20.779,0.86302,0.86309,1.00,1.00
2014.11.07 18:15:21.409,0.86302,0.86309,1.00,1.17
2014.11.07 18:15:21.914,0.86302,0.86309,1.00,1.10
2014.11.07 18:15:22.458,0.86303,0.8631,1.00,1.17
2014.11.07 18:15:22.978,0.86303,0.86313,1.50,1.07
2014.11.07 18:15:23.029,0.86303,0.86313,2.25,1.00
2014.11.07 18:15:23.080,0.86307,0.86312,1.00,1.00
2014.11.07 18:15:24.057,0.86306,0.86313,1.00,1.50
2014.11.07 18:15:24.108,0.86304,0.86313,1.00,1.27
2014.11.07 18:15:24.159,0.86305,0.86309,1.00,1.00
2014.11.07 18:15:24.665,0.86304,0.86309,1.00,1.00
2014.11.07 18:15:27.123,0.86302,0.86309,1.00,2.40
2014.11.07 18:15:27.225,0.86302,0.8631,1.50,2.02
2014.11.07 18:15:27.377,0.86298,0.86308,2.25,2.21
2014.11.07 18:15:27.478,0.86297,0.86305,1.10,1.00
2014.11.07 18:15:36.162,0.86302,0.86307,1.00,1.20
2014.11.07 18:15:36.465,0.86302,0.86309,1.00,2.32
2014.11.07 18:15:36.668,0.86303,0.86309,1.00,1.65
2014.11.07 18:15:38.072,0.86304,0.86311,1.00,4.57
2014.11.07 18:15:38.174,0.86304,0.86309,1.10,1.50
2014.11.07 18:15:38.225,0.86306,0.86312,1.25,1.00
2014.11.07 18:15:38.276,0.86306,0.86317,1.31,2.40
2014.11.07 18:15:38.427,0.86306,0.86313,1.50,1.25
2014.11.07 18:15:38.731,0.86305,0.86311,1.00,1.62
2014.11.07 18:15:38.782,0.86303,0.86311,1.00,1.70
2014.11.07 18:15:39.286,0.86302,0.86309,1.00,1.84
2014.11.07 18:15:42.187,0.86302,0.86308,1.00,1.50
2014.11.07 18:15:42.440,0.863,0.86306,1.50,1.50
2014.11.07 18:15:42.945,0.86299,0.86306,1.00,1.00
2014.11.07 18:15:45.732,0.86297,0.86306,1.65,1.00
2014.11.07 18:15:46.035,0.86297,0.86304,1.17,1.00
2014.11.07 18:15:46.552,0.86298,0.86305,1.00,1.00
2014.11.07 18:15:56.720,0.86297,0.86304,1.50,1.00
2014.11.07 18:15:57.024,0.86295,0.86303,1.00,2.70
2014.11.07 18:15:57.125,0.86293,0.86301,1.00,2.06
2014.11.07 18:15:57.177,0.86292,0.86296,1.00,1.00
2014.11.07 18:15:57.278,0.86288,0.86293,1.65,1.00
2014.11.07 18:15:57.532,0.86289,0.86296,1.00,1.00
2014.11.07 18:15:57.986,0.86289,0.86298,1.17,1.00
2014.11.07 18:15:58.557,0.86289,0.86298,1.20,1.00
2014.11.07 18:15:58.861,0.86289,0.86298,2.02,1.00
2014.11.07 18:15:58.963,0.86292,0.86301,1.27,1.50
2014.11.07 18:15:59.480,0.86295,0.863,1.00,1.00
2014.11.07 18:15:59.682,0.86294,0.86302,1.20,1.00
2014.11.07 18:16:00.198,0.86294,0.86303,1.20,1.00
2014.11.07 18:16:00.811,0.86294,0.86301,1.20,1.00
2014.11.07 18:16:02.548,0.86294,0.863,1.65,1.00
2014.11.07 18:16:02.801,0.86292,0.86301,1.57,1.00
2014.11.07 18:16:03.516,0.86292,0.86301,1.00,2.06
2014.11.07 18:16:04.020,0.86292,0.86301,1.00,1.69
2014.11.07 18:16:04.983,0.86292,0.863,1.00,1.25
2014.11.07 18:16:05.742,0.86292,0.86298,1.00,1.00
2014.11.07 18:16:06.247,0.86292,0.86298,1.57,1.50
2014.11.07 18:16:07.163,0.86292,0.86298,1.50,1.50
2014.11.07 18:16:07.568,0.8629,0.86298,1.00,1.00
2014.11.07 18:16:07.770,0.86288,0.86297,1.00,1.00
2014.11.07 18:16:08.302,0.86287,0.86296,1.10,1.00
2014.11.07 18:16:14.182,0.86287,0.86296,2.02,1.00
2014.11.07 18:16:14.485,0.86291,0.86298,1.50,1.50
2014.11.07 18:16:17.425,0.86291,0.86297,1.00,1.00
2014.11.07 18:16:17.476,0.86288,0.86297,1.10,1.00
2014.11.07 18:16:17.527,0.86288,0.86295,1.10,1.00
2014.11.07 18:16:18.285,0.86288,0.86292,1.00,1.00
2014.11.07 18:16:20.694,0.86289,0.86294,2.06,1.00
2014.11.07 18:16:20.897,0.8629,0.86295,1.47,1.00
2014.11.07 18:16:21.200,0.86293,0.86297,1.00,1.00
2014.11.07 18:16:21.692,0.86291,0.86297,1.50,1.00
2014.11.07 18:16:23.028,0.8629,0.86299,1.10,1.10
2014.11.07 18:16:23.079,0.8629,0.863,1.17,1.00
2014.11.07 18:16:23.231,0.8629,0.863,1.10,1.00
2014.11.07 18:16:25.162,0.8629,0.863,1.00,1.62
2014.11.07 18:16:25.213,0.86289,0.86296,1.00,1.00
2014.11.07 18:16:25.758,0.86288,0.86296,1.00,1.00
2014.11.07 18:16:26.061,0.86288,0.86296,1.37,1.00
2014.11.07 18:16:26.314,0.86293,0.863,1.17,1.00
2014.11.07 18:16:26.837,0.86295,0.86301,1.00,1.00
2014.11.07 18:16:27.859,0.86293,0.86301,1.17,1.12
2014.11.07 18:16:27.961,0.86293,0.86299,1.00,1.00
2014.11.07 18:16:28.012,0.86291,0.86299,1.00,1.50
2014.11.07 18:16:28.063,0.86291,0.86297,1.00,1.00
2014.11.07 18:16:28.114,0.86288,0.86297,1.07,2.32
2014.11.07 18:16:28.164,0.86288,0.86297,1.07,2.70
2014.11.07 18:16:28.215,0.86287,0.86294,1.00,1.00
2014.11.07 18:16:28.266,0.86285,0.86294,1.65,1.00
2014.11.07 18:16:28.418,0.86285,0.86291,1.50,1.00
2014.11.07 18:16:28.922,0.86284,0.86291,1.50,1.50
2014.11.07 18:16:29.226,0.86278,0.86283,1.00,1.00
2014.11.07 18:16:29.530,0.86279,0.86285,1.00,1.00
2014.11.07 18:16:29.732,0.8628,0.86287,1.00,1.50
2014.11.07 18:16:29.884,0.8628,0.86287,1.45,1.00
2014.11.07 18:16:30.262,0.86286,0.8629,1.00,1.00
2014.11.07 18:16:30.313,0.86285,0.86292,1.50,1.50
2014.11.07 18:16:30.818,0.86285,0.86291,1.00,1.00
2014.11.07 18:16:32.900,0.86285,0.86291,1.00,1.07
2014.11.07 18:16:33.051,0.86284,0.86288,1.00,1.25
2014.11.07 18:16:33.102,0.86279,0.86288,1.50,1.32
2014.11.07 18:16:33.305,0.86275,0.86285,1.50,3.56
2014.11.07 18:16:33.355,0.86275,0.86283,1.50,1.00
2014.11.07 18:16:34.396,0.86275,0.86283,1.00,2.81
2014.11.07 18:16:34.699,0.86272,0.86279,1.10,1.00
2014.11.07 18:16:36.246,0.86272,0.8628,1.10,1.50
2014.11.07 18:16:38.623,0.86272,0.8628,1.17,1.00
2014.11.07 18:16:39.179,0.86272,0.86278,1.50,1.00
2014.11.07 18:16:40.609,0.86272,0.86279,1.20,1.00
2014.11.07 18:16:41.065,0.8627,0.86278,1.57,1.00
2014.11.07 18:16:41.216,0.86267,0.86278,1.10,1.00
2014.11.07 18:16:41.318,0.86267,0.86275,1.00,1.00
2014.11.07 18:16:41.824,0.86268,0.86272,1.00,1.00
2014.11.07 18:16:42.178,0.86267,0.86274,1.00,1.00
2014.11.07 18:16:42.683,0.86267,0.86275,1.00,1.00
2014.11.07 18:16:43.440,0.86267,0.86275,1.07,1.00
2014.11.07 18:16:44.248,0.8627,0.86275,1.00,1.50
2014.11.07 18:16:44.350,0.86269,0.86275,1.50,2.89
2014.11.07 18:16:44.502,0.86266,0.86272,1.00,1.00
2014.11.07 18:16:45.910,0.86265,0.86272,1.00,1.00
2014.11.07 18:16:52.206,0.86265,0.8627,1.00,1.00
2014.11.07 18:16:52.357,0.86262,0.86273,2.59,1.50
2014.11.07 18:16:52.863,0.86262,0.86273,2.40,1.50
2014.11.07 18:16:52.913,0.86262,0.86273,2.40,1.50
2014.11.07 18:16:53.317,0.86262,0.86273,2.40,1.50
2014.11.07 18:16:56.012,0.86262,0.86271,2.40,1.25
2014.11.07 18:16:56.315,0.8626,0.86268,1.57,1.50
2014.11.07 18:16:58.171,0.8626,0.86268,1.57,1.50
2014.11.07 18:17:01.778,0.86261,0.86266,1.00,1.00
2014.11.07 18:17:02.183,0.86259,0.86267,1.10,1.25
2014.11.07 18:17:02.622,0.86258,0.86264,1.10,1.00
2014.11.07 18:17:03.582,0.86258,0.86264,1.07,1.00
2014.11.07 18:17:03.632,0.86257,0.86266,2.40,1.50
2014.11.07 18:17:03.683,0.8626,0.86266,1.07,1.00
2014.11.07 18:17:03.835,0.8626,0.86268,2.59,1.50
2014.11.07 18:17:03.936,0.8626,0.8627,1.84,1.00
2014.11.07 18:17:04.189,0.86259,0.8627,1.10,1.10
2014.11.07 18:17:04.239,0.86259,0.86268,1.50,1.00
2014.11.07 18:17:04.593,0.86258,0.86265,1.10,1.00
2014.11.07 18:17:05.157,0.86258,0.86266,1.10,1.00
2014.11.07 18:17:06.130,0.86258,0.86266,2.02,1.00
2014.11.07 18:17:06.433,0.86261,0.86267,3.64,1.00
2014.11.07 18:17:06.585,0.86261,0.8627,3.64,1.50
2014.11.07 18:17:07.090,0.86264,0.86271,1.50,1.50
2014.11.07 18:17:13.070,0.86264,0.86272,2.44,1.50
2014.11.07 18:17:13.634,0.86264,0.86272,2.59,1.50
2014.11.07 18:17:13.735,0.86267,0.86272,1.09,1.50
2014.11.07 18:17:13.837,0.86266,0.86276,3.71,1.50
2014.11.07 18:17:13.939,0.86271,0.8628,1.55,1.00
2014.11.07 18:17:14.143,0.86273,0.86282,1.10,1.50
2014.11.07 18:17:14.244,0.86273,0.8628,1.10,1.00
2014.11.07 18:17:14.750,0.86271,0.86279,1.00,1.10
2014.11.07 18:17:14.852,0.86271,0.86276,1.00,1.00
2014.11.07 18:17:14.953,0.86267,0.86277,1.20,1.00
2014.11.07 18:17:15.055,0.86267,0.86275,1.20,1.00
2014.11.07 18:17:16.863,0.86267,0.86275,1.15,1.00
2014.11.07 18:17:17.290,0.86267,0.86276,1.20,1.00
2014.11.07 18:17:17.810,0.86267,0.86276,1.15,1.00
2014.11.07 18:17:18.273,0.86267,0.86276,1.40,1.00
2014.11.07 18:17:18.476,0.8627,0.86278,1.10,1.00
2014.11.07 18:17:18.527,0.8627,0.86278,1.17,1.00
2014.11.07 18:17:18.680,0.86273,0.8628,1.00,1.50
2014.11.07 18:17:18.832,0.86274,0.86281,1.17,1.00
2014.11.07 18:17:18.933,0.86276,0.86283,1.50,1.50
2014.11.07 18:17:19.439,0.86276,0.86282,1.10,1.00
2014.11.07 18:17:19.994,0.86274,0.86281,1.50,1.50
2014.11.07 18:17:20.196,0.86273,0.86278,1.00,1.00
2014.11.07 18:17:20.247,0.8627,0.86277,1.10,1.00
2014.11.07 18:17:20.551,0.86267,0.86276,1.65,1.00
2014.11.07 18:17:20.652,0.86267,0.86276,1.15,1.00
2014.11.07 18:17:21.158,0.86267,0.86277,1.65,1.00
2014.11.07 18:17:21.779,0.86267,0.86277,2.21,1.00
2014.11.07 18:17:22.313,0.86267,0.86277,2.21,1.00
2014.11.07 18:17:22.823,0.86267,0.86277,2.21,1.00
2014.11.07 18:17:23.127,0.86267,0.86275,1.76,1.50
2014.11.07 18:17:27.719,0.86268,0.86275,1.27,1.50
2014.11.07 18:17:28.073,0.86268,0.86276,2.02,1.00
2014.11.07 18:17:28.608,0.86268,0.86277,2.02,1.00
2014.11.07 18:17:29.114,0.86268,0.86276,1.27,1.50
2014.11.07 18:17:29.873,0.86268,0.86276,1.20,1.50
2014.11.07 18:17:30.998,0.86268,0.86273,1.57,1.00
2014.11.07 18:17:32.216,0.86265,0.86274,1.00,1.07
2014.11.07 18:17:32.317,0.86266,0.86271,1.00,1.00
2014.11.07 18:17:32.570,0.86264,0.86272,1.00,1.00
2014.11.07 18:17:33.573,0.86264,0.86272,1.00,1.07
2014.11.07 18:17:34.078,0.86263,0.86272,1.00,1.10
2014.11.07 18:17:38.008,0.86264,0.86272,1.00,1.00
2014.11.07 18:17:38.059,0.86266,0.86271,1.00,1.00
2014.11.07 18:17:40.375,0.86264,0.86272,1.00,1.00
2014.11.07 18:17:40.779,0.86267,0.86272,1.00,1.00
2014.11.07 18:17:42.564,0.86266,0.86274,1.65,1.50
2014.11.07 18:17:42.665,0.86271,0.86277,1.00,1.00
2014.11.07 18:17:43.424,0.8627,0.86275,1.00,1.00
2014.11.07 18:17:43.979,0.86269,0.86278,1.50,1.57
2014.11.07 18:17:44.081,0.86272,0.86277,1.00,1.00
2014.11.07 18:17:44.333,0.8627,0.86278,1.00,1.10
2014.11.07 18:17:48.802,0.8627,0.86278,1.37,1.10
2014.11.07 18:17:49.005,0.86273,0.86278,2.62,1.00
2014.11.07 18:17:49.157,0.86275,0.8628,1.00,1.00
2014.11.07 18:17:49.259,0.86272,0.86281,2.02,1.00
2014.11.07 18:17:49.360,0.86272,0.86279,1.95,1.00
2014.11.07 18:17:49.814,0.86269,0.86277,1.50,1.50
2014.11.07 18:17:50.016,0.86269,0.86275,1.00,1.00
2014.11.07 18:17:50.346,0.86268,0.86273,1.00,1.00
2014.11.07 18:17:57.727,0.86267,0.86275,1.50,1.50
2014.11.07 18:18:22.073,0.86265,0.86275,1.00,1.10
2014.11.07 18:18:22.477,0.86271,0.86275,1.00,1.00
2014.11.07 18:18:36.749,0.86272,0.86281,1.00,1.00
2014.11.07 18:18:36.800,0.86272,0.86279,1.00,1.00
2014.11.07 18:18:37.104,0.8627,0.86277,1.50,1.50
2014.11.07 18:18:37.408,0.86268,0.86275,1.00,1.00
2014.11.07 18:18:37.915,0.86267,0.86275,1.00,1.00
2014.11.07 18:18:44.809,0.86267,0.86275,1.95,1.00
2014.11.07 18:18:45.112,0.86271,0.86277,1.07,1.00
2014.11.07 18:18:46.119,0.86271,0.86277,1.10,1.00
2014.11.07 18:18:46.272,0.86269,0.86278,1.76,1.00
2014.11.07 18:18:46.576,0.86267,0.86276,1.57,1.00
2014.11.07 18:18:46.910,0.86268,0.86274,1.10,1.00
2014.11.07 18:18:56.077,0.86268,0.86274,1.07,1.00
2014.11.07 18:18:56.762,0.86268,0.86274,1.00,1.00
2014.11.07 18:19:01.519,0.86269,0.86274,1.00,1.00
2014.11.07 18:19:01.823,0.86272,0.86277,1.46,1.00
2014.11.07 18:19:01.874,0.86274,0.8628,1.00,1.00
2014.11.07 18:19:02.329,0.86276,0.8628,1.00,1.00
2014.11.07 18:19:06.817,0.86274,0.8628,1.50,1.00
2014.11.07 18:19:16.928,0.86274,0.86282,2.81,1.00
2014.11.07 18:19:17.181,0.86276,0.86283,1.25,1.00
2014.11.07 18:19:17.484,0.86279,0.86285,1.50,1.57
2014.11.07 18:19:31.006,0.86279,0.86286,1.00,1.00
2014.11.07 18:19:31.259,0.86279,0.86288,1.00,1.00
2014.11.07 18:19:31.460,0.86282,0.86287,1.00,1.00
2014.11.07 18:19:32.430,0.86282,0.86289,1.95,1.00
2014.11.07 18:19:32.784,0.86285,0.86291,1.10,1.50
2014.11.07 18:19:32.986,0.86282,0.86291,1.10,1.20
2014.11.07 18:19:33.088,0.86282,0.86289,1.00,1.00
2014.11.07 18:19:33.341,0.8628,0.86289,2.25,1.50
2014.11.07 18:19:33.645,0.8628,0.86286,1.00,1.00
2014.11.07 18:19:33.746,0.86278,0.86286,1.57,1.00
2014.11.07 18:19:34.251,0.86277,0.86285,1.09,1.00
2014.11.07 18:19:34.770,0.86277,0.86285,1.07,1.00
2014.11.07 18:19:38.652,0.86277,0.86285,1.15,1.00
2014.11.07 18:19:39.056,0.8628,0.86287,1.00,1.00
2014.11.07 18:19:39.721,0.86281,0.86288,1.00,1.00
2014.11.07 18:19:46.308,0.86281,0.86288,2.06,1.00
2014.11.07 18:19:46.409,0.86284,0.86288,1.25,1.00
2014.11.07 18:19:46.511,0.86285,0.86292,2.32,1.00
2014.11.07 18:19:46.965,0.86285,0.8629,1.00,1.00
2014.11.07 18:19:47.073,0.86283,0.86291,1.00,1.50
2014.11.07 18:19:47.276,0.86283,0.86289,1.50,1.50
2014.11.07 18:19:47.528,0.86281,0.86288,1.10,1.00
2014.11.07 18:19:48.034,0.86281,0.86287,1.00,1.00
2014.11.07 18:19:48.085,0.86279,0.86287,2.25,1.50
2014.11.07 18:19:48.389,0.86282,0.86287,1.00,1.00
2014.11.07 18:20:11.601,0.86285,0.86289,1.00,1.00
2014.11.07 18:20:11.702,0.86285,0.8629,1.69,1.50
2014.11.07 18:20:11.854,0.86286,0.86292,1.10,1.00
2014.11.07 18:20:12.278,0.86288,0.86292,1.00,1.00
2014.11.07 18:20:26.562,0.86288,0.86293,1.00,1.00
2014.11.07 18:20:30.280,0.8629,0.86294,1.20,1.00
2014.11.07 18:20:30.433,0.86293,0.86298,1.00,1.00
2014.11.07 18:20:30.484,0.86291,0.86298,1.01,1.00
2014.11.07 18:20:30.768,0.86294,0.86301,1.76,1.00
2014.11.07 18:20:31.073,0.86296,0.86303,1.00,1.00
2014.11.07 18:20:37.568,0.86297,0.86303,1.25,1.00
2014.11.07 18:20:38.085,0.86297,0.86304,1.25,1.00
2014.11.07 18:20:38.340,0.86299,0.86305,1.00,1.00
2014.11.07 18:20:38.795,0.86297,0.86305,1.00,1.00
2014.11.07 18:20:39.410,0.86297,0.86303,1.50,1.00
2014.11.07 18:20:39.927,0.86298,0.86302,1.00,1.00
2014.11.07 18:20:40.542,0.86298,0.86304,1.00,1.00
2014.11.07 18:20:42.689,0.86298,0.86303,1.00,1.00
2014.11.07 18:20:42.891,0.86294,0.86303,1.50,1.07
2014.11.07 18:20:43.296,0.86293,0.863,1.00,1.00
2014.11.07 18:20:44.275,0.86293,0.86299,1.00,1.00
2014.11.07 18:20:44.731,0.86292,0.86301,2.51,1.50
2014.11.07 18:20:47.197,0.86293,0.86301,1.00,1.50
2014.11.07 18:20:47.490,0.86296,0.86302,1.00,1.00
2014.11.07 18:20:47.846,0.86298,0.86302,1.00,1.00
2014.11.07 18:20:49.817,0.86297,0.86302,1.00,1.07
2014.11.07 18:20:49.919,0.86296,0.86302,1.00,1.65
2014.11.07 18:20:50.021,0.86294,0.86302,1.00,2.02
2014.11.07 18:20:50.453,0.86292,0.863,1.00,1.10
2014.11.07 18:20:51.381,0.86293,0.863,1.00,1.00
2014.11.07 18:20:51.584,0.86294,0.86303,1.50,1.50
2014.11.07 18:20:51.837,0.86296,0.86303,1.00,1.50
2014.11.07 18:20:52.898,0.86297,0.86303,1.00,1.00
2014.11.07 18:20:55.644,0.86297,0.86304,1.00,1.00
2014.11.07 18:20:56.184,0.86297,0.86304,1.69,1.00
2014.11.07 18:20:57.988,0.86297,0.86304,1.00,1.00
2014.11.07 18:20:58.949,0.86297,0.86304,1.69,1.00
2014.11.07 18:21:00.963,0.86297,0.86304,1.00,1.00
2014.11.07 18:21:13.658,0.86297,0.86304,1.00,1.37
2014.11.07 18:21:13.962,0.86295,0.863,1.00,1.10
2014.11.07 18:21:14.113,0.86292,0.863,1.00,1.17
2014.11.07 18:21:14.620,0.86292,0.863,1.00,2.40
2014.11.07 18:21:15.176,0.86292,0.86301,1.00,1.00
2014.11.07 18:21:15.429,0.86294,0.86302,1.00,1.00
2014.11.07 18:21:15.958,0.86294,0.86303,1.50,1.50
2014.11.07 18:21:16.414,0.86296,0.86303,1.50,2.25
2014.11.07 18:21:21.922,0.86296,0.86303,1.50,2.02
2014.11.07 18:21:22.225,0.86294,0.863,1.00,1.57
2014.11.07 18:21:22.276,0.86292,0.86299,1.00,1.00
2014.11.07 18:21:24.614,0.86292,0.86297,1.00,1.00
2014.11.07 18:21:24.717,0.86292,0.86299,1.00,3.37
2014.11.07 18:21:25.243,0.86291,0.86299,1.00,1.10
2014.11.07 18:21:25.561,0.86294,0.86299,1.00,1.10
2014.11.07 18:21:26.755,0.86292,0.86298,1.00,1.00
2014.11.07 18:21:31.936,0.86291,0.86297,1.00,1.10
2014.11.07 18:21:32.239,0.8629,0.86295,1.00,1.00
2014.11.07 18:21:32.543,0.86288,0.86292,1.00,1.00
2014.11.07 18:21:33.052,0.86287,0.86292,1.00,1.00
2014.11.07 18:21:33.356,0.86283,0.86287,1.00,1.00
2014.11.07 18:21:33.558,0.86281,0.86287,1.50,1.00
2014.11.07 18:21:34.322,0.86281,0.86288,1.50,1.50
2014.11.07 18:21:39.658,0.86281,0.86288,1.50,1.65
2014.11.07 18:21:40.163,0.8628,0.86286,1.50,1.50
2014.11.07 18:21:40.702,0.8628,0.86285,1.00,1.00
2014.11.07 18:21:43.215,0.8628,0.86285,1.47,1.00
2014.11.07 18:21:43.266,0.86282,0.86288,1.00,1.00
2014.11.07 18:21:43.469,0.86285,0.8629,1.00,1.00
2014.11.07 18:21:44.451,0.86282,0.86291,1.50,2.32
2014.11.07 18:21:44.552,0.86282,0.86289,1.50,1.50
2014.11.07 18:21:45.078,0.86283,0.86288,1.00,1.00
2014.11.07 18:21:46.025,0.86285,0.86293,1.00,1.00
2014.11.07 18:21:50.421,0.86287,0.86293,1.00,1.00
2014.11.07 18:21:50.724,0.86288,0.86294,1.87,1.00
2014.11.07 18:21:50.876,0.86289,0.86297,1.46,1.00
2014.11.07 18:21:50.977,0.86292,0.86297,1.00,1.00
2014.11.07 18:21:51.180,0.86287,0.86296,1.76,1.00
2014.11.07 18:21:51.281,0.86288,0.86293,1.00,1.00
2014.11.07 18:21:55.998,0.86288,0.86295,1.00,1.00
2014.11.07 18:21:56.554,0.86287,0.86294,1.50,1.50
2014.11.07 18:21:58.527,0.86287,0.86296,1.12,1.50
2014.11.07 18:22:02.709,0.86289,0.86296,1.00,1.00
2014.11.07 18:22:02.961,0.8629,0.86298,1.50,1.20
2014.11.07 18:22:03.943,0.8629,0.86297,1.50,1.50
2014.11.07 18:22:04.448,0.8629,0.86296,1.00,1.00
2014.11.07 18:22:04.499,0.86287,0.86297,1.50,1.57
2014.11.07 18:22:05.019,0.86287,0.86296,1.00,1.00
2014.11.07 18:22:05.070,0.86288,0.86294,1.00,1.00
2014.11.07 18:22:06.041,0.86288,0.86295,1.00,1.00
2014.11.07 18:22:06.702,0.8629,0.86296,1.00,1.00
2014.11.07 18:22:07.308,0.8629,0.86295,1.00,1.00
2014.11.07 18:22:09.842,0.86287,0.86296,1.50,1.00
2014.11.07 18:22:10.649,0.86287,0.86296,1.57,1.00
2014.11.07 18:22:11.154,0.86287,0.86296,1.57,1.00
2014.11.07 18:22:11.733,0.8629,0.86296,1.00,1.50
2014.11.07 18:22:14.980,0.86289,0.86296,1.00,1.00
2014.11.07 18:22:24.237,0.86288,0.86295,1.00,1.00
2014.11.07 18:22:24.742,0.86288,0.86294,1.00,1.00
2014.11.07 18:22:25.269,0.86287,0.86294,2.25,1.50
2014.11.07 18:22:26.861,0.86287,0.86295,2.25,1.50
2014.11.07 18:22:27.366,0.86287,0.86296,2.32,1.50
2014.11.07 18:22:27.670,0.86287,0.86294,1.65,1.00
2014.11.07 18:22:28.007,0.86289,0.86296,1.00,1.00
2014.11.07 18:22:31.772,0.8629,0.86296,1.00,1.00
2014.11.07 18:22:31.823,0.8629,0.86298,1.50,1.50
2014.11.07 18:22:38.102,0.86294,0.86298,1.00,1.50
2014.11.07 18:22:38.305,0.86295,0.86303,1.00,1.00
2014.11.07 18:22:38.916,0.86296,0.86303,1.00,1.50
2014.11.07 18:22:39.427,0.86297,0.86302,1.00,1.57
2014.11.07 18:22:39.528,0.86295,0.86302,1.00,1.10
2014.11.07 18:22:39.781,0.86294,0.86301,1.00,2.40
2014.11.07 18:22:39.883,0.8629,0.863,2.25,1.34
2014.11.07 18:22:40.085,0.8629,0.86295,1.00,1.00
2014.11.07 18:22:40.186,0.86287,0.86295,1.50,1.00
2014.11.07 18:22:43.537,0.86289,0.86295,1.56,1.00
2014.11.07 18:22:43.840,0.86296,0.86302,1.00,1.00
2014.11.07 18:22:50.545,0.86294,0.86301,1.00,1.00
2014.11.07 18:22:54.221,0.86294,0.86301,1.00,1.15
2014.11.07 18:22:54.373,0.86292,0.86301,1.00,1.65
2014.11.07 18:22:54.475,0.86293,0.86297,1.00,1.00
2014.11.07 18:22:54.576,0.86291,0.86298,1.50,1.50
2014.11.07 18:22:54.728,0.86291,0.86298,1.50,1.65
2014.11.07 18:22:55.264,0.86291,0.86297,1.00,1.00
2014.11.07 18:22:55.568,0.86289,0.86296,1.50,1.50
2014.11.07 18:22:55.820,0.86287,0.86296,1.50,1.50
2014.11.07 18:23:07.071,0.86287,0.86296,1.50,1.57
2014.11.07 18:23:07.375,0.86287,0.86293,1.00,1.00
2014.11.07 18:23:15.291,0.86286,0.86293,1.00,1.50
2014.11.07 18:23:15.645,0.86286,0.86293,1.00,1.57
2014.11.07 18:23:15.848,0.86284,0.86291,1.50,1.20
2014.11.07 18:23:16.354,0.86284,0.8629,1.00,1.10
2014.11.07 18:23:20.881,0.86284,0.8629,1.00,1.65
2014.11.07 18:23:21.901,0.86283,0.86289,1.00,1.10
2014.11.07 18:23:24.516,0.86281,0.86286,1.00,1.00
2014.11.07 18:23:24.617,0.86283,0.86289,1.00,1.10
2014.11.07 18:23:24.785,0.86281,0.86289,1.00,3.82
2014.11.07 18:23:24.836,0.8628,0.86289,1.00,5.14
2014.11.07 18:23:25.374,0.86279,0.86286,1.00,1.10
2014.11.07 18:23:28.166,0.86279,0.86286,1.37,1.00
2014.11.07 18:23:28.521,0.86284,0.86289,1.00,1.50
2014.11.07 18:23:28.723,0.86283,0.86291,1.00,1.00
2014.11.07 18:23:29.026,0.8628,0.86289,1.40,1.00
2014.11.07 18:23:29.530,0.8628,0.86289,1.00,1.00
2014.11.07 18:23:30.718,0.86279,0.86288,3.15,1.00
2014.11.07 18:23:32.843,0.86281,0.86288,1.00,1.00
2014.11.07 18:23:33.348,0.86281,0.86289,1.01,1.00
2014.11.07 18:23:33.601,0.86279,0.86289,2.14,1.00
2014.11.07 18:23:34.104,0.86278,0.86286,1.10,1.00
2014.11.07 18:23:34.427,0.86277,0.86286,2.21,1.50
2014.11.07 18:23:34.528,0.86277,0.86288,1.46,1.50
2014.11.07 18:23:35.033,0.86281,0.86287,1.00,1.00
2014.11.07 18:23:35.538,0.86281,0.86288,1.20,1.00
2014.11.07 18:23:38.620,0.86281,0.8629,1.27,1.50
2014.11.07 18:23:38.721,0.86284,0.8629,1.00,1.00
2014.11.07 18:23:40.263,0.86284,0.86288,1.00,1.00
2014.11.07 18:23:40.466,0.86281,0.86288,1.00,1.00
2014.11.07 18:23:40.567,0.86281,0.86286,1.00,1.00
2014.11.07 18:23:40.719,0.86279,0.86285,1.50,1.50
2014.11.07 18:23:41.023,0.86277,0.86285,1.20,1.00
2014.11.07 18:23:42.413,0.8628,0.86285,1.00,1.00
2014.11.07 18:23:42.966,0.8628,0.86286,1.50,2.25
2014.11.07 18:23:50.057,0.86277,0.86286,1.00,1.50
2014.11.07 18:23:52.192,0.86282,0.8629,2.69,1.57
2014.11.07 18:23:52.395,0.86289,0.86296,1.19,1.50
2014.11.07 18:23:52.446,0.86295,0.863,1.00,1.00
2014.11.07 18:23:52.547,0.86295,0.86302,1.50,1.10
2014.11.07 18:23:53.709,0.86296,0.86302,1.00,1.57
2014.11.07 18:23:54.568,0.86295,0.86302,1.50,1.10
2014.11.07 18:23:55.425,0.86295,0.86302,1.50,1.07
2014.11.07 18:23:56.040,0.86295,0.86303,1.50,1.20
2014.11.07 18:23:56.092,0.86295,0.86301,1.00,1.00
2014.11.07 18:24:01.954,0.86295,0.86301,1.00,1.57
2014.11.07 18:24:02.258,0.86291,0.863,1.00,3.26
2014.11.07 18:24:02.359,0.86291,0.86299,1.00,1.15
2014.11.07 18:24:02.461,0.86291,0.86298,1.00,1.07
2014.11.07 18:24:02.966,0.8629,0.86298,1.50,1.65
2014.11.07 18:24:12.085,0.8629,0.86298,1.50,1.57
2014.11.07 18:24:12.489,0.86292,0.86298,1.31,1.50
2014.11.07 18:24:12.792,0.86297,0.86302,1.00,1.00
2014.11.07 18:24:13.500,0.86296,0.86304,1.25,1.00
2014.11.07 18:24:31.625,0.86296,0.86304,1.00,1.07
2014.11.07 18:24:32.132,0.86296,0.86304,1.00,1.17
2014.11.07 18:24:32.656,0.86296,0.86304,1.00,1.15
2014.11.07 18:24:35.805,0.86296,0.86304,1.00,1.40
2014.11.07 18:24:36.461,0.86294,0.863,1.00,1.00
2014.11.07 18:24:36.512,0.86294,0.863,1.00,1.07
2014.11.07 18:24:36.815,0.86292,0.86297,1.00,1.00
2014.11.07 18:24:37.018,0.8629,0.86298,1.00,1.95
2014.11.07 18:24:37.119,0.86288,0.86298,1.00,2.14
2014.11.07 18:24:37.220,0.86288,0.86297,1.00,1.27
2014.11.07 18:24:37.726,0.86287,0.86296,1.00,1.65
2014.11.07 18:24:51.255,0.86287,0.86296,1.00,2.02
2014.11.07 18:24:51.559,0.86296,0.863,6.75,1.00
2014.11.07 18:24:51.610,0.86296,0.86303,5.51,1.00
2014.11.07 18:24:51.661,0.86299,0.86308,1.10,1.00
2014.11.07 18:24:51.712,0.86299,0.86308,1.10,1.07
2014.11.07 18:24:51.965,0.86303,0.86311,1.00,1.10
2014.11.07 18:24:52.016,0.86303,0.86309,1.00,1.25
2014.11.07 18:24:52.219,0.86299,0.86307,1.00,1.09
2014.11.07 18:24:52.269,0.86299,0.86306,1.00,1.07
2014.11.07 18:24:52.320,0.86297,0.86305,1.00,1.10
2014.11.07 18:24:53.334,0.86297,0.86304,1.00,1.25
2014.11.07 18:24:53.486,0.86297,0.86302,1.00,1.00
2014.11.07 18:24:53.537,0.86294,0.86302,1.50,1.50
2014.11.07 18:24:55.360,0.86294,0.86299,1.50,1.87
2014.11.07 18:24:55.513,0.86288,0.86294,1.00,1.00
2014.11.07 18:24:56.093,0.86287,0.86293,1.00,1.00
2014.11.07 18:25:18.482,0.86285,0.86293,1.50,1.57
2014.11.07 18:25:18.990,0.86284,0.86292,1.50,1.00
2014.11.07 18:25:20.048,0.86284,0.86291,1.00,1.00
2014.11.07 18:25:25.356,0.86287,0.86291,1.50,1.00
2014.11.07 18:25:25.458,0.86292,0.86301,1.20,1.00
2014.11.07 18:25:25.559,0.86294,0.86302,1.00,1.10
2014.11.07 18:25:25.863,0.86296,0.86302,1.50,1.50
2014.11.07 18:25:26.384,0.86296,0.86301,1.00,1.00
2014.11.07 18:25:34.785,0.86292,0.86302,1.00,2.44
2014.11.07 18:25:34.987,0.86293,0.86298,1.00,1.00
2014.11.07 18:25:36.214,0.8629,0.86299,1.00,1.00
2014.11.07 18:25:37.485,0.86292,0.86299,1.00,1.00
2014.11.07 18:25:37.789,0.86307,0.86314,1.50,1.57
2014.11.07 18:25:38.317,0.86308,0.86314,1.00,1.00
2014.11.07 18:25:42.033,0.86309,0.86314,1.07,1.00
2014.11.07 18:25:42.185,0.86313,0.86318,1.10,1.00
2014.11.07 18:25:42.438,0.8631,0.86318,1.00,1.00
2014.11.07 18:25:42.791,0.86308,0.86316,1.00,1.00
2014.11.07 18:25:48.114,0.86308,0.86314,1.00,1.00
2014.11.07 18:26:43.555,0.86307,0.86315,1.00,1.20
2014.11.07 18:27:20.051,0.86307,0.86313,1.00,1.00
2014.11.07 18:27:32.802,0.86308,0.86312,1.00,1.00
2014.11.07 18:27:55.908,0.86308,0.86314,1.37,1.10
2014.11.07 18:27:56.161,0.86309,0.86318,1.76,1.00
2014.11.07 18:27:56.668,0.86311,0.86318,1.00,1.20
2014.11.07 18:27:56.769,0.86311,0.86315,1.00,1.00
2014.11.07 18:27:57.022,0.86307,0.86316,1.50,1.50
2014.11.07 18:27:57.426,0.86308,0.86316,2.14,1.50
2014.11.07 18:27:57.729,0.86311,0.86318,1.50,1.00
2014.11.07 18:27:58.236,0.86312,0.86317,1.00,1.00
2014.11.07 18:27:58.746,0.86312,0.86317,1.00,1.07
2014.11.07 18:27:58.797,0.8631,0.86317,1.00,1.17
2014.11.07 18:27:58.999,0.86307,0.86315,1.00,1.10
2014.11.07 18:28:32.727,0.86307,0.86314,1.00,1.00
2014.11.07 18:28:32.778,0.86308,0.86312,1.00,1.00
2014.11.07 18:28:54.007,0.86307,0.86313,1.50,1.50
2014.11.07 18:29:02.252,0.86307,0.86313,1.50,1.65
2014.11.07 18:29:04.324,0.86305,0.86311,1.00,1.37
2014.11.07 18:29:04.627,0.863,0.86304,1.00,1.00
2014.11.07 18:29:04.678,0.863,0.86308,1.00,1.09
2014.11.07 18:29:04.729,0.86296,0.86307,1.17,1.00
2014.11.07 18:29:04.830,0.86296,0.86306,1.20,1.00
2014.11.07 18:29:04.881,0.86297,0.86304,1.10,1.00
2014.11.07 18:29:04.982,0.86299,0.86309,1.00,1.57
2014.11.07 18:29:05.235,0.86302,0.8631,1.00,1.57
2014.11.07 18:29:05.740,0.86304,0.8631,1.00,1.00
2014.11.07 18:29:05.993,0.86304,0.86312,1.00,1.10
2014.11.07 18:29:08.418,0.86304,0.86311,1.00,1.00
2014.11.07 18:29:08.671,0.86302,0.8631,1.00,1.00
2014.11.07 18:29:09.216,0.86301,0.8631,1.50,2.25
2014.11.07 18:29:10.400,0.86301,0.86308,1.00,1.10
2014.11.07 18:29:10.501,0.86299,0.86308,1.00,1.00
2014.11.07 18:29:10.652,0.86301,0.86308,1.00,1.00
2014.11.07 18:29:11.056,0.86299,0.86306,1.00,1.00
2014.11.07 18:29:12.568,0.86299,0.86305,1.00,1.00
2014.11.07 18:29:12.872,0.86297,0.86304,1.00,1.00
2014.11.07 18:29:13.413,0.86296,0.86303,1.00,1.00
2014.11.07 18:29:15.814,0.86296,0.86306,1.76,1.50
2014.11.07 18:29:15.915,0.86296,0.86306,2.21,1.50
2014.11.07 18:29:16.219,0.86298,0.86308,1.10,1.00
2014.11.07 18:29:16.269,0.863,0.86308,1.00,1.00
2014.11.07 18:29:16.645,0.86302,0.86307,1.00,1.00
2014.11.07 18:29:17.974,0.863,0.86305,1.00,1.00
2014.11.07 18:29:18.025,0.863,0.86304,1.00,1.00
2014.11.07 18:29:18.126,0.86297,0.86305,1.00,1.50
2014.11.07 18:29:18.631,0.86297,0.86306,1.76,1.00
2014.11.07 18:29:18.682,0.863,0.86306,1.00,1.00
2014.11.07 18:29:18.956,0.863,0.86308,1.50,1.50
2014.11.07 18:29:20.628,0.863,0.86308,1.87,1.50
2014.11.07 18:29:20.881,0.86308,0.86319,1.52,1.00
2014.11.07 18:29:20.932,0.86311,0.86319,1.56,1.00
2014.11.07 18:29:21.084,0.86314,0.86323,1.50,3.26
2014.11.07 18:29:21.609,0.86314,0.86323,1.50,2.25
2014.11.07 18:29:22.968,0.86314,0.86323,1.50,2.70
2014.11.07 18:29:23.170,0.86308,0.86315,1.10,1.50
2014.11.07 18:29:23.695,0.86307,0.86314,1.00,1.00
2014.11.07 18:29:37.889,0.86307,0.86314,1.20,1.00
2014.11.07 18:29:38.042,0.86311,0.86319,1.71,1.00
2014.11.07 18:29:38.314,0.86316,0.8632,1.00,1.50
2014.11.07 18:29:38.821,0.86316,0.86321,1.00,1.00
2014.11.07 18:29:38.922,0.86315,0.86324,1.10,1.00
2014.11.07 18:29:56.787,0.86319,0.86324,2.17,1.00
2014.11.07 18:29:57.040,0.86324,0.8633,2.25,1.07
2014.11.07 18:29:57.141,0.86321,0.86326,1.00,1.00
2014.11.07 18:29:57.495,0.86317,0.86326,1.10,1.50
2014.11.07 18:29:57.596,0.86318,0.86324,1.32,1.00
2014.11.07 18:29:57.697,0.86321,0.86327,1.32,1.50
2014.11.07 18:29:57.849,0.86323,0.8633,1.10,1.00
2014.11.07 18:29:58.051,0.86323,0.86332,2.32,1.00
2014.11.07 18:29:58.570,0.86324,0.86333,1.00,1.10
2014.11.07 18:29:58.948,0.86324,0.8633,1.00,1.00
2014.11.07 18:29:59.252,0.86324,0.86332,1.00,1.10
2014.11.07 18:29:59.764,0.86324,0.86331,1.00,1.00
2014.11.07 18:30:00.219,0.86323,0.86333,1.69,1.00
2014.11.07 18:30:00.978,0.86325,0.86333,1.00,1.10
2014.11.07 18:30:03.237,0.86328,0.86332,1.00,1.00
2014.11.07 18:30:03.338,0.86324,0.86333,2.59,1.50
2014.11.07 18:30:03.843,0.86324,0.86333,3.26,1.50
2014.11.07 18:30:04.349,0.86326,0.86333,1.50,1.50
2014.11.07 18:30:41.405,0.86326,0.86333,2.96,1.50
2014.11.07 18:30:41.507,0.86328,0.86339,1.66,1.00
2014.11.07 18:30:41.811,0.86331,0.86335,1.00,1.00
2014.11.07 18:30:42.064,0.86327,0.86334,1.00,1.00
2014.11.07 18:30:59.518,0.86325,0.86334,1.10,1.00
2014.11.07 18:31:00.037,0.86325,0.86334,1.65,1.00
2014.11.07 18:31:06.654,0.86325,0.86334,3.71,1.00
2014.11.07 18:31:06.957,0.86331,0.86336,2.21,1.00
2014.11.07 18:31:07.009,0.86333,0.86342,1.00,1.50
2014.11.07 18:31:07.463,0.86333,0.8634,1.57,1.00
2014.11.07 18:31:07.970,0.86334,0.86339,1.00,1.00
2014.11.07 18:31:08.324,0.8633,0.8634,1.10,1.10
2014.11.07 18:31:08.425,0.8633,0.8634,1.65,1.00
2014.11.07 18:31:08.931,0.86333,0.86341,1.50,1.50
2014.11.07 18:31:12.606,0.86333,0.8634,1.00,1.00
2014.11.07 18:31:12.908,0.86333,0.86337,1.00,1.00
2014.11.07 18:31:13.262,0.86332,0.8634,1.00,1.00
2014.11.07 18:31:20.772,0.86334,0.8634,1.00,1.50
2014.11.07 18:31:21.277,0.86335,0.86339,1.00,1.00
2014.11.07 18:31:21.681,0.86332,0.8634,1.00,1.00
2014.11.07 18:31:22.758,0.86332,0.86341,1.00,1.00
2014.11.07 18:31:24.791,0.86332,0.86341,1.00,1.27
2014.11.07 18:31:25.142,0.8633,0.86335,1.00,1.00
2014.11.07 18:31:42.760,0.8633,0.86335,1.37,1.00
2014.11.07 18:31:43.013,0.86335,0.86342,1.10,1.00
2014.11.07 18:31:43.165,0.86336,0.86342,1.07,1.00
2014.11.07 18:31:43.670,0.86336,0.86342,1.00,1.00
2014.11.07 18:32:24.047,0.86336,0.86342,1.07,1.00
2014.11.07 18:32:24.647,0.86336,0.86342,1.00,1.00
2014.11.07 18:32:26.120,0.86335,0.86344,1.69,1.50
2014.11.07 18:32:28.975,0.86335,0.86344,2.44,1.50
2014.11.07 18:32:35.805,0.86336,0.86344,2.14,1.50
2014.11.07 18:32:35.959,0.86338,0.86345,1.40,1.00
2014.11.07 18:32:36.162,0.86343,0.86349,1.00,1.50
2014.11.07 18:32:37.037,0.86343,0.86349,1.00,1.07
2014.11.07 18:32:37.342,0.86341,0.86347,1.00,1.10
2014.11.07 18:32:37.445,0.86339,0.86345,1.50,1.07
2014.11.07 18:32:37.967,0.86338,0.86345,1.00,1.57
2014.11.07 18:32:38.687,0.86338,0.86345,1.00,1.50
2014.11.07 18:32:39.548,0.86338,0.86346,1.50,1.50
2014.11.07 18:32:39.851,0.8634,0.86346,1.00,1.00
2014.11.07 18:32:40.003,0.8634,0.8635,1.47,1.00
2014.11.07 18:32:40.104,0.86343,0.86349,1.00,1.00
2014.11.07 18:32:40.306,0.86342,0.86353,4.01,2.77
2014.11.07 18:32:40.408,0.86344,0.86353,1.50,2.77
2014.11.07 18:32:40.984,0.86345,0.86349,1.00,1.00
2014.11.07 18:32:41.085,0.86343,0.8635,1.50,1.50
2014.11.07 18:32:45.099,0.86343,0.8635,1.50,1.57
2014.11.07 18:32:45.337,0.86342,0.86349,1.00,1.15
2014.11.07 18:32:45.388,0.8634,0.86349,1.50,1.17
2014.11.07 18:32:45.590,0.86338,0.86346,1.50,1.50
2014.11.07 18:32:46.850,0.86338,0.86346,2.51,1.50
2014.11.07 18:32:47.053,0.86341,0.8635,1.25,2.32
2014.11.07 18:32:47.815,0.86343,0.86351,1.00,1.65
2014.11.07 18:32:48.987,0.86342,0.86349,1.00,1.00
2014.11.07 18:32:49.505,0.86341,0.86349,1.50,1.50
2014.11.07 18:32:50.016,0.86341,0.86349,2.77,1.50
2014.11.07 18:32:50.319,0.86343,0.86351,1.57,1.50
2014.11.07 18:32:55.167,0.86343,0.86351,1.50,2.40
2014.11.07 18:32:55.371,0.86341,0.86348,1.50,1.50
2014.11.07 18:33:04.123,0.86341,0.86348,1.57,1.50
2014.11.07 18:33:04.629,0.86341,0.86348,1.50,1.50
2014.11.07 18:33:07.208,0.86343,0.86348,1.19,1.50
2014.11.07 18:33:07.359,0.86347,0.86356,2.14,1.00
2014.11.07 18:33:07.511,0.8635,0.86355,1.00,1.00
2014.11.07 18:33:16.493,0.8635,0.86356,1.10,1.00
2014.11.07 18:33:16.998,0.86351,0.86356,1.00,1.00
2014.11.07 18:33:17.443,0.86349,0.86356,1.50,1.00
2014.11.07 18:33:25.114,0.8635,0.86354,1.00,1.00
2014.11.07 18:33:40.508,0.86349,0.86356,1.00,2.25
2014.11.07 18:33:43.786,0.86349,0.86356,1.62,1.00
2014.11.07 18:33:43.988,0.86354,0.86359,1.00,1.50
2014.11.07 18:33:44.291,0.86355,0.86363,1.00,1.00
2014.11.07 18:33:44.544,0.86358,0.86362,1.00,1.00
2014.11.07 18:33:48.057,0.86355,0.86359,1.00,1.00
2014.11.07 18:33:48.158,0.86353,0.86358,1.00,1.00
2014.11.07 18:33:48.924,0.86355,0.86361,1.00,1.17
2014.11.07 18:33:49.428,0.86354,0.86361,1.00,1.17
2014.11.07 18:33:50.342,0.86354,0.86361,1.00,1.07
2014.11.07 18:33:50.394,0.86359,0.86364,1.87,1.10
2014.11.07 18:33:50.581,0.86361,0.86366,3.75,1.17
2014.11.07 18:33:50.633,0.86371,0.86379,1.00,1.09
2014.11.07 18:33:50.684,0.8637,0.86374,1.00,1.00
2014.11.07 18:33:50.835,0.86365,0.86373,1.50,2.25
2014.11.07 18:33:50.937,0.86365,0.8637,1.00,1.00
2014.11.07 18:33:51.240,0.86362,0.86367,1.50,1.00
2014.11.07 18:33:51.594,0.86359,0.86367,1.00,2.59
2014.11.07 18:33:51.695,0.86358,0.86363,1.00,1.00
2014.11.07 18:33:52.201,0.86357,0.86363,1.00,1.00
2014.11.07 18:34:33.133,0.86357,0.86363,1.00,1.37
2014.11.07 18:34:33.285,0.86354,0.86359,1.00,1.09
2014.11.07 18:34:33.386,0.86351,0.86355,1.00,1.00
2014.11.07 18:34:33.487,0.86347,0.86354,1.57,1.00
2014.11.07 18:34:34.000,0.86347,0.86354,1.50,1.00
2014.11.07 18:34:34.506,0.86347,0.86355,1.65,1.00
2014.11.07 18:34:37.354,0.86347,0.86355,1.57,1.00
2014.11.07 18:34:37.909,0.86349,0.86356,1.00,1.50
2014.11.07 18:34:37.960,0.86351,0.86356,1.00,1.50
2014.11.07 18:34:38.264,0.86354,0.86359,1.00,1.00
2014.11.07 18:34:38.315,0.86354,0.86363,1.00,1.00
2014.11.07 18:34:38.467,0.86356,0.86363,1.00,1.00
2014.11.07 18:34:39.873,0.86356,0.86363,1.00,1.37
2014.11.07 18:34:40.177,0.86352,0.8636,1.50,1.46
2014.11.07 18:34:40.713,0.86351,0.86357,1.00,1.00
2014.11.07 18:34:41.373,0.86351,0.86357,2.21,1.00
2014.11.07 18:34:41.758,0.86355,0.86362,1.00,1.00
2014.11.07 18:34:44.849,0.86356,0.86363,1.00,1.50
2014.11.07 18:34:48.797,0.86356,0.86368,3.00,1.40
2014.11.07 18:34:49.000,0.86362,0.86369,1.50,1.50
2014.11.07 18:34:49.253,0.86363,0.86371,1.00,1.00
2014.11.07 18:34:49.758,0.86363,0.86373,1.50,2.02
2014.11.07 18:34:49.910,0.86363,0.86368,1.00,1.00
2014.11.07 18:34:50.414,0.86362,0.86367,1.00,1.00
2014.11.07 18:34:50.920,0.86361,0.86368,1.00,1.50
2014.11.07 18:34:51.223,0.8636,0.86364,1.00,1.00
2014.11.07 18:34:51.324,0.86358,0.86364,1.00,1.00
2014.11.07 18:34:51.830,0.86359,0.86365,1.00,1.00
2014.11.07 18:34:51.931,0.86359,0.86367,1.00,1.00
2014.11.07 18:34:52.189,0.86361,0.86368,1.00,1.00
2014.11.07 18:34:52.291,0.86361,0.8637,1.50,1.10
2014.11.07 18:34:52.976,0.86361,0.8637,1.50,1.17
2014.11.07 18:34:53.178,0.86361,0.86365,1.50,1.00
2014.11.07 18:34:53.700,0.8636,0.86365,1.00,1.00
2014.11.07 18:34:54.427,0.86359,0.86366,1.00,1.50
2014.11.07 18:34:54.478,0.86357,0.86366,1.57,1.50
2014.11.07 18:34:54.730,0.86357,0.86364,1.57,1.00
2014.11.07 18:34:55.840,0.86358,0.86364,1.00,1.00
2014.11.07 18:34:56.143,0.86359,0.86366,1.00,1.50
2014.11.07 18:34:56.396,0.86361,0.86366,1.00,1.00
2014.11.07 18:34:56.901,0.86361,0.86367,1.00,1.00
2014.11.07 18:34:59.309,0.86363,0.86367,1.12,1.00
2014.11.07 18:34:59.564,0.86367,0.86372,1.00,1.00
2014.11.07 18:35:11.913,0.86366,0.86374,2.14,1.50
2014.11.07 18:35:13.138,0.86366,0.86374,2.51,1.50
2014.11.07 18:35:20.946,0.86366,0.86374,2.32,1.50
2014.11.07 18:35:21.450,0.86366,0.86374,3.19,1.50
2014.11.07 18:35:32.222,0.86366,0.86374,2.44,1.50
2014.11.07 18:35:32.778,0.8637,0.86375,1.00,1.00
2014.11.07 18:35:35.226,0.86368,0.86374,1.00,1.00
2014.11.07 18:35:35.737,0.86367,0.86374,1.50,1.50
2014.11.07 18:35:36.983,0.86367,0.86374,1.50,2.32
2014.11.07 18:35:37.505,0.86367,0.86374,1.50,2.32
2014.11.07 18:35:38.265,0.86366,0.86374,1.00,1.76
2014.11.07 18:35:38.468,0.86366,0.86371,1.00,1.00
2014.11.07 18:35:38.721,0.86364,0.8637,1.00,1.00
2014.11.07 18:35:40.470,0.86363,0.8637,1.00,1.00
2014.11.07 18:35:42.108,0.86363,0.86368,1.00,1.00
2014.11.07 18:35:42.411,0.86369,0.86376,1.10,1.00
2014.11.07 18:35:42.614,0.86371,0.86378,1.00,1.00
2014.11.07 18:35:51.599,0.86371,0.86377,1.00,1.00
2014.11.07 18:35:51.905,0.86369,0.86376,1.00,2.96
2014.11.07 18:35:52.208,0.86367,0.86372,1.00,1.00
2014.11.07 18:35:54.108,0.86367,0.86372,1.00,1.57
2014.11.07 18:35:54.411,0.86364,0.86368,1.00,1.10
2014.11.07 18:35:54.715,0.8636,0.86367,1.50,2.40
2014.11.07 18:35:55.225,0.86359,0.86365,1.50,1.10
2014.11.07 18:36:02.477,0.86358,0.86365,1.00,1.10
2014.11.07 18:36:03.026,0.86357,0.86364,1.00,1.57
2014.11.07 18:36:04.249,0.86357,0.86364,2.06,1.50
2014.11.07 18:36:04.350,0.86359,0.86365,1.07,1.00
2014.11.07 18:36:04.502,0.86356,0.86364,1.00,1.00
2014.11.07 18:36:04.705,0.86358,0.86364,1.00,1.10
2014.11.07 18:36:05.210,0.86358,0.86365,1.00,1.00
2014.11.07 18:36:06.249,0.86358,0.86364,1.00,1.00
2014.11.07 18:36:06.804,0.86358,0.86362,1.50,1.00
2014.11.07 18:36:07.007,0.86353,0.86362,1.25,1.57
2014.11.07 18:36:07.259,0.86352,0.86357,1.00,1.00
2014.11.07 18:36:07.562,0.8635,0.86356,1.50,1.00
2014.11.07 18:36:10.691,0.8635,0.86357,1.00,1.00
2014.11.07 18:36:10.792,0.8635,0.86359,1.52,1.69
2014.11.07 18:36:10.944,0.86353,0.86361,1.10,1.00
2014.11.07 18:36:11.096,0.86353,0.86362,1.76,1.00
2014.11.07 18:36:11.197,0.86356,0.86364,1.00,1.10
2014.11.07 18:36:11.605,0.86358,0.86365,1.57,1.50
2014.11.07 18:36:11.860,0.86362,0.86369,2.51,1.00
2014.11.07 18:36:12.011,0.86365,0.86369,1.00,1.00
2014.11.07 18:36:12.062,0.86365,0.86372,1.00,1.00
2014.11.07 18:36:12.164,0.86367,0.86372,1.00,1.00
2014.11.07 18:36:12.316,0.86365,0.86372,1.00,1.00
2014.11.07 18:36:12.923,0.86362,0.86369,1.00,1.00
2014.11.07 18:36:15.852,0.86362,0.8637,1.10,1.50
2014.11.07 18:36:17.080,0.86362,0.86369,1.10,1.00
2014.11.07 18:36:17.383,0.86358,0.86363,1.00,1.00
2014.11.07 18:36:35.660,0.86356,0.86364,1.50,1.00
2014.11.07 18:36:36.165,0.86356,0.86363,1.50,1.12
2014.11.07 18:36:36.973,0.86356,0.86362,1.00,1.00
2014.11.07 18:36:37.075,0.86354,0.86361,1.00,1.00
2014.11.07 18:36:37.592,0.86353,0.86361,1.50,1.00
2014.11.07 18:36:42.585,0.86353,0.86364,3.34,2.25
2014.11.07 18:36:43.091,0.86356,0.86364,1.00,1.50
2014.11.07 18:36:46.566,0.86356,0.86362,1.00,1.00
2014.11.07 18:36:47.071,0.86355,0.86362,1.50,1.00
2014.11.07 18:36:51.378,0.86355,0.86364,1.65,1.50
2014.11.07 18:36:52.818,0.86355,0.86364,1.65,1.50
2014.11.07 18:36:53.323,0.86357,0.86364,1.50,1.50
2014.11.07 18:36:54.684,0.86357,0.86365,1.00,1.00
2014.11.07 18:37:06.946,0.86357,0.86365,5.62,1.00
2014.11.07 18:37:06.997,0.86357,0.86367,5.62,1.00
2014.11.07 18:37:07.098,0.8636,0.86369,1.40,1.50
2014.11.07 18:37:07.201,0.86364,0.8637,1.00,1.00
2014.11.07 18:37:07.251,0.86364,0.86372,1.10,1.50
2014.11.07 18:37:07.556,0.86366,0.86372,1.00,1.50
2014.11.07 18:37:08.427,0.86366,0.86372,1.00,1.87
2014.11.07 18:37:08.528,0.86364,0.86372,1.00,1.45
2014.11.07 18:37:08.680,0.86364,0.86369,1.00,1.10
2014.11.07 18:37:09.084,0.86362,0.86369,1.00,1.00
2014.11.07 18:37:09.585,0.86363,0.8637,1.00,1.00
2014.11.07 18:37:10.094,0.86363,0.86371,1.00,1.10
2014.11.07 18:37:10.449,0.86362,0.86369,1.00,1.00
2014.11.07 18:37:10.970,0.86362,0.8637,1.10,1.00
2014.11.07 18:37:11.531,0.86362,0.86371,1.10,1.00
2014.11.07 18:37:11.836,0.86364,0.86372,1.00,1.00
2014.11.07 18:37:15.502,0.86364,0.86373,1.00,1.50
2014.11.07 18:37:16.606,0.86364,0.86373,1.20,1.00
2014.11.07 18:37:17.111,0.86367,0.86372,1.00,1.00
2014.11.07 18:37:23.820,0.86364,0.86373,1.00,1.00
2014.11.07 18:37:23.921,0.86364,0.86371,1.00,1.00
2014.11.07 18:37:24.932,0.86364,0.86373,1.20,1.00
2014.11.07 18:37:28.590,0.86364,0.86373,2.21,1.00
2014.11.07 18:37:32.645,0.86364,0.86373,2.21,1.00
2014.11.07 18:37:39.573,0.86364,0.86373,1.39,1.00
2014.11.07 18:37:40.392,0.86364,0.86373,1.39,1.00
2014.11.07 18:37:41.704,0.86364,0.86373,2.21,1.00
2014.11.07 18:37:42.263,0.86364,0.86373,2.21,1.00
2014.11.07 18:37:44.414,0.86364,0.86373,2.06,1.07
2014.11.07 18:37:47.461,0.86364,0.86373,2.81,1.07
2014.11.07 18:37:48.683,0.86366,0.86373,1.00,1.07
2014.11.07 18:37:49.191,0.86367,0.86373,1.00,1.07
2014.11.07 18:37:55.612,0.86367,0.86373,1.00,1.00
2014.11.07 18:37:56.120,0.86368,0.86373,1.00,1.00
2014.11.07 18:37:56.979,0.8637,0.86377,1.00,1.17
2014.11.07 18:37:57.961,0.8637,0.86377,1.00,1.20
2014.11.07 18:37:58.668,0.8637,0.86377,1.00,1.07
2014.11.07 18:38:01.283,0.86367,0.86375,1.69,1.00
2014.11.07 18:38:02.365,0.86367,0.86375,1.00,1.07
2014.11.07 18:38:03.056,0.86367,0.86375,1.00,1.10
2014.11.07 18:38:08.795,0.86368,0.86375,1.00,1.00
2014.11.07 18:38:09.038,0.86372,0.86378,1.29,1.07
2014.11.07 18:38:09.140,0.86378,0.86385,1.25,1.00
2014.11.07 18:38:09.293,0.8638,0.86388,1.00,1.07
2014.11.07 18:38:09.649,0.86383,0.86387,1.00,1.10
2014.11.07 18:38:10.507,0.8638,0.86388,1.50,1.65
2014.11.07 18:38:11.824,0.8638,0.86388,1.50,1.65
2014.11.07 18:38:15.946,0.8638,0.86387,1.00,1.10
2014.11.07 18:38:19.115,0.86379,0.86385,1.00,1.00
2014.11.07 18:38:19.317,0.86377,0.86385,1.50,1.50
2014.11.07 18:38:19.570,0.86377,0.86383,1.50,1.00
2014.11.07 18:38:19.885,0.86373,0.86378,1.00,1.10
2014.11.07 18:38:20.087,0.86369,0.86377,1.00,1.20
2014.11.07 18:38:24.186,0.86369,0.86376,1.00,1.00
2014.11.07 18:38:24.239,0.86368,0.86374,1.00,1.00
2014.11.07 18:38:24.694,0.86367,0.86372,1.00,1.10
2014.11.07 18:38:25.415,0.86367,0.86372,1.00,1.37
2014.11.07 18:38:25.567,0.86362,0.86369,1.50,1.17
2014.11.07 18:38:25.821,0.86359,0.86366,1.00,1.00
2014.11.07 18:38:26.023,0.86357,0.86366,1.00,1.00
2014.11.07 18:38:26.395,0.86357,0.86366,1.62,1.00
2014.11.07 18:38:26.597,0.8636,0.86369,1.69,1.50
2014.11.07 18:38:26.699,0.86362,0.86369,1.25,1.50
2014.11.07 18:38:26.851,0.86363,0.86373,2.59,1.00
2014.11.07 18:38:27.378,0.86365,0.86373,1.00,1.00
2014.11.07 18:38:28.841,0.86365,0.86372,1.00,1.00
2014.11.07 18:38:28.942,0.86365,0.8637,1.00,1.12
2014.11.07 18:38:29.195,0.86359,0.86367,1.00,1.00
2014.11.07 18:38:33.448,0.8636,0.86367,1.00,1.50
2014.11.07 18:38:33.499,0.86362,0.86367,1.00,1.50
2014.11.07 18:38:33.802,0.86364,0.86369,1.00,1.57
2014.11.07 18:38:34.318,0.86364,0.86371,1.00,1.46
2014.11.07 18:38:34.521,0.86363,0.86368,1.00,1.00
2014.11.07 18:38:34.622,0.86364,0.86371,1.00,2.40
2014.11.07 18:38:34.724,0.86365,0.86369,1.00,1.10
2014.11.07 18:38:35.230,0.86364,0.86369,1.00,1.00
2014.11.07 18:38:38.940,0.86362,0.86369,1.00,1.65
2014.11.07 18:38:39.092,0.86362,0.86368,1.50,1.32
2014.11.07 18:38:39.243,0.86359,0.86368,1.50,1.76
2014.11.07 18:38:39.445,0.8636,0.86364,1.00,1.00
2014.11.07 18:38:44.043,0.86357,0.86365,1.50,2.02
2014.11.07 18:38:44.195,0.86357,0.86362,1.00,1.00
2014.11.07 18:38:47.180,0.86357,0.86362,1.00,1.70
2014.11.07 18:38:47.383,0.86354,0.86362,1.50,1.32
2014.11.07 18:38:47.484,0.86354,0.86362,1.00,2.14
2014.11.07 18:38:47.586,0.86354,0.86362,1.00,1.65
2014.11.07 18:38:47.687,0.86354,0.86362,1.00,1.57
2014.11.07 18:38:48.193,0.86355,0.86363,1.01,1.00
2014.11.07 18:38:57.519,0.86356,0.86363,1.25,1.00
2014.11.07 18:38:59.135,0.86356,0.86364,1.25,1.50
2014.11.07 18:39:02.155,0.86355,0.86364,3.71,1.50
2014.11.07 18:39:02.460,0.86355,0.86364,3.71,1.50
2014.11.07 18:39:04.730,0.86356,0.86364,1.01,1.50
2014.11.07 18:39:05.253,0.86356,0.86364,1.26,1.50
2014.11.07 18:39:06.570,0.86355,0.86364,2.89,1.50
2014.11.07 18:39:07.235,0.86355,0.86364,2.96,1.50
2014.11.07 18:39:08.839,0.86355,0.86364,2.96,1.50
2014.11.07 18:39:09.884,0.86355,0.86364,2.89,1.50
2014.11.07 18:39:10.194,0.86355,0.86364,2.96,1.50
2014.11.07 18:39:10.812,0.86356,0.86364,1.09,1.50
2014.11.07 18:39:13.352,0.86356,0.86364,1.32,1.50
2014.11.07 18:39:13.862,0.86356,0.86364,1.25,1.50
2014.11.07 18:39:13.963,0.86356,0.86364,3.56,1.50
2014.11.07 18:39:14.267,0.86365,0.86373,1.00,1.17
2014.11.07 18:39:14.773,0.86365,0.86373,1.00,1.50
2014.11.07 18:39:15.343,0.86366,0.86373,1.00,1.00
2014.11.07 18:39:18.326,0.86367,0.86373,1.25,1.00
2014.11.07 18:39:18.428,0.86368,0.86374,2.14,1.00
2014.11.07 18:39:18.630,0.86373,0.86378,1.00,1.00
2014.11.07 18:39:18.732,0.86375,0.8638,1.00,1.00
2014.11.07 18:39:19.238,0.86374,0.86382,1.00,2.40
2014.11.07 18:39:19.390,0.86372,0.86378,1.00,1.00
2014.11.07 18:39:19.492,0.8637,0.86376,1.00,1.00
2014.11.07 18:39:19.795,0.86367,0.86375,1.10,1.00
2014.11.07 18:39:21.349,0.86367,0.86375,2.14,1.00
2014.11.07 18:39:21.450,0.86368,0.86375,1.84,1.00
2014.11.07 18:39:21.704,0.86369,0.86377,1.84,1.00
2014.11.07 18:39:21.755,0.86371,0.86377,1.07,1.00
2014.11.07 18:39:22.008,0.86375,0.8638,1.00,1.00
2014.11.07 18:39:22.210,0.86374,0.86383,2.44,1.00
2014.11.07 18:39:22.550,0.86375,0.86383,1.19,1.00
2014.11.07 18:39:22.854,0.86377,0.86382,1.07,1.00
2014.11.07 18:39:23.158,0.8638,0.86389,1.32,1.50
2014.11.07 18:39:23.360,0.86382,0.86389,2.51,1.00
2014.11.07 18:39:23.815,0.86381,0.86389,1.76,1.00
2014.11.07 18:39:24.018,0.86382,0.86391,1.20,1.00
2014.11.07 18:39:24.069,0.86384,0.86391,1.19,1.00
2014.11.07 18:39:24.372,0.86385,0.86393,1.25,1.00
2014.11.07 18:39:24.524,0.86387,0.86393,1.50,1.00
2014.11.07 18:39:25.031,0.86388,0.86392,1.10,1.00
2014.11.07 18:39:26.749,0.8639,0.86394,1.50,1.00
2014.11.07 18:39:26.901,0.86392,0.86401,1.46,1.00
2014.11.07 18:39:27.406,0.86393,0.86402,1.25,1.00
2014.11.07 18:39:28.031,0.86392,0.86402,1.76,1.00
2014.11.07 18:39:28.386,0.86392,0.86402,1.84,1.00
2014.11.07 18:39:28.791,0.86392,0.86402,1.07,1.00
2014.11.07 18:39:28.842,0.86392,0.864,1.07,1.12
2014.11.07 18:39:28.943,0.86391,0.86399,1.00,1.12
2014.11.07 18:39:28.994,0.86388,0.86399,1.50,2.02
2014.11.07 18:39:29.045,0.86388,0.86395,1.50,1.00
2014.11.07 18:39:29.550,0.86388,0.86394,1.00,1.00
2014.11.07 18:39:29.601,0.86386,0.86394,1.20,1.00
2014.11.07 18:39:30.106,0.86386,0.86395,1.00,1.00
2014.11.07 18:39:30.510,0.86384,0.8639,1.00,1.00
2014.11.07 18:39:30.763,0.86382,0.8639,1.00,1.00
2014.11.07 18:39:30.814,0.86382,0.86388,1.00,1.00
2014.11.07 18:39:31.066,0.86382,0.86391,1.10,1.00
2014.11.07 18:39:32.110,0.86382,0.86391,1.00,1.20
2014.11.07 18:39:32.716,0.86382,0.8639,1.00,1.17
2014.11.07 18:39:33.120,0.86383,0.86393,1.50,2.59
2014.11.07 18:39:33.622,0.86384,0.86393,1.00,1.15
2014.11.07 18:39:34.000,0.86384,0.86393,1.00,1.00
2014.11.07 18:39:34.371,0.86387,0.86392,1.00,1.00
2014.11.07 18:39:34.473,0.86386,0.86396,4.01,1.00
2014.11.07 18:39:34.828,0.86388,0.86398,1.10,1.10
2014.11.07 18:39:34.880,0.86391,0.86398,1.00,1.10
2014.11.07 18:39:35.393,0.86392,0.86398,1.00,1.10
2014.11.07 18:39:35.494,0.86388,0.86398,1.10,1.10
2014.11.07 18:39:35.696,0.8639,0.86398,1.25,1.00
2014.11.07 18:39:36.202,0.86391,0.86399,1.10,1.00
2014.11.07 18:39:36.759,0.8639,0.86397,1.00,1.00
2014.11.07 18:39:37.213,0.86388,0.86393,1.00,1.00
2014.11.07 18:39:38.504,0.86388,0.86394,1.25,1.00
2014.11.07 18:39:38.555,0.86388,0.86396,1.25,1.50
2014.11.07 18:39:41.462,0.86387,0.86396,1.50,1.57
2014.11.07 18:39:41.515,0.86388,0.86393,1.00,1.00
2014.11.07 18:39:44.469,0.86387,0.86393,1.00,1.00
2014.11.07 18:39:45.438,0.86386,0.86391,1.00,1.00
2014.11.07 18:39:45.539,0.86384,0.86391,1.50,1.00
2014.11.07 18:39:46.056,0.86384,0.8639,1.00,1.15
2014.11.07 18:39:46.107,0.86382,0.86391,1.00,2.21
2014.11.07 18:39:46.461,0.86381,0.86391,2.14,1.50
2014.11.07 18:39:46.562,0.86384,0.86391,1.00,1.00
2014.11.07 18:39:46.714,0.86382,0.86391,1.00,1.12
2014.11.07 18:39:47.219,0.86383,0.86392,1.00,1.12
2014.11.07 18:39:47.523,0.86382,0.86389,1.00,1.00
2014.11.07 18:39:48.643,0.86382,0.86386,1.00,1.00
2014.11.07 18:39:48.795,0.86372,0.86384,1.27,1.25
2014.11.07 18:39:48.846,0.86373,0.86381,1.27,1.00
2014.11.07 18:39:49.160,0.86377,0.86383,1.09,1.50
2014.11.07 18:39:49.312,0.8638,0.86386,1.00,1.00
2014.11.07 18:39:49.564,0.8638,0.86388,2.44,1.50
2014.11.07 18:39:49.615,0.86382,0.86388,1.00,1.50
2014.11.07 18:39:49.767,0.86383,0.86392,1.00,1.10
2014.11.07 18:39:49.969,0.86386,0.86392,1.00,1.00
2014.11.07 18:39:50.273,0.86388,0.86392,1.00,1.00
2014.11.07 18:39:53.589,0.86387,0.86393,1.50,1.00
2014.11.07 18:39:54.112,0.86387,0.86394,1.50,1.50
2014.11.07 18:40:01.498,0.86387,0.86393,1.00,1.00
2014.11.07 18:40:01.549,0.86385,0.86393,1.00,1.00
2014.11.07 18:40:01.599,0.86385,0.86391,1.00,1.00
2014.11.07 18:40:02.946,0.86383,0.86392,1.00,1.87
2014.11.07 18:40:03.098,0.86382,0.8639,1.50,2.21
2014.11.07 18:40:03.402,0.86381,0.86386,1.00,1.00
2014.11.07 18:40:03.503,0.86378,0.86387,1.27,1.50
2014.11.07 18:40:03.705,0.86377,0.86387,1.50,1.50
2014.11.07 18:40:04.728,0.86377,0.86385,1.50,1.50
2014.11.07 18:40:05.234,0.86378,0.86383,1.00,1.00
2014.11.07 18:40:12.759,0.86377,0.86385,1.50,1.50
2014.11.07 18:40:17.174,0.86377,0.86384,1.50,1.00
2014.11.07 18:40:17.275,0.86375,0.86384,1.00,2.06
2014.11.07 18:40:17.427,0.86375,0.86383,1.00,1.47
2014.11.07 18:40:17.972,0.86375,0.86383,1.00,1.12
2014.11.07 18:40:19.723,0.86375,0.86383,1.07,1.00
2014.11.07 18:40:20.273,0.86375,0.86383,1.69,1.00
2014.11.07 18:40:23.827,0.86375,0.86383,1.57,1.00
2014.11.07 18:40:29.555,0.86375,0.86382,1.00,1.00
2014.11.07 18:40:30.991,0.86375,0.86381,1.50,1.00
2014.11.07 18:40:32.317,0.86375,0.8638,1.00,1.00
2014.11.07 18:40:32.419,0.86373,0.8638,1.00,1.57
2014.11.07 18:40:32.925,0.86372,0.8638,1.50,2.32
2014.11.07 18:40:33.866,0.86372,0.8638,1.50,1.57
2014.11.07 18:40:34.409,0.86372,0.86381,1.50,1.87
2014.11.07 18:40:37.393,0.86375,0.8638,1.00,1.00
2014.11.07 18:40:44.505,0.86374,0.8638,1.50,1.00
2014.11.07 18:40:53.836,0.86374,0.8638,1.00,2.02
2014.11.07 18:40:53.988,0.86371,0.86378,1.00,2.89
2014.11.07 18:40:54.039,0.86367,0.86378,1.00,2.59
2014.11.07 18:40:54.090,0.86368,0.86374,1.00,1.00
2014.11.07 18:40:58.454,0.86368,0.86374,1.37,1.00
2014.11.07 18:40:58.505,0.86369,0.86377,1.12,1.00
2014.11.07 18:40:58.708,0.86371,0.86376,1.00,1.00
2014.11.07 18:40:59.213,0.86371,0.86377,1.10,1.00
2014.11.07 18:41:00.865,0.86371,0.86377,1.00,1.37
2014.11.07 18:41:00.967,0.86367,0.86377,1.50,1.74
2014.11.07 18:41:01.490,0.86367,0.86374,1.00,1.00
2014.11.07 18:41:03.004,0.86366,0.86372,1.00,1.00
2014.11.07 18:41:03.308,0.86364,0.86372,1.50,1.00
2014.11.07 18:41:03.662,0.86363,0.86368,1.50,1.00
2014.11.07 18:41:04.066,0.86363,0.8637,1.00,1.00
2014.11.07 18:41:04.370,0.86363,0.8637,1.00,1.07
2014.11.07 18:41:04.673,0.86362,0.8637,1.00,1.10
2014.11.07 18:41:05.662,0.86364,0.8637,1.00,1.10
2014.11.07 18:41:05.813,0.86362,0.86371,1.50,1.50
2014.11.07 18:41:05.965,0.86364,0.86371,1.00,1.00
2014.11.07 18:41:06.168,0.86365,0.86373,1.00,1.50
2014.11.07 18:41:06.673,0.86366,0.86373,1.00,1.17
2014.11.07 18:41:06.825,0.86362,0.86372,2.14,1.10
2014.11.07 18:41:06.876,0.86362,0.86369,1.76,1.00
2014.11.07 18:41:07.380,0.86362,0.8637,1.95,1.00
2014.11.07 18:41:07.482,0.86362,0.86373,2.96,1.50
2014.11.07 18:41:07.532,0.86366,0.86372,1.00,1.00
2014.11.07 18:41:07.836,0.86368,0.86372,1.00,1.00
2014.11.07 18:41:19.704,0.86366,0.86373,2.25,1.00
2014.11.07 18:41:19.958,0.86366,0.86371,1.00,1.00
2014.11.07 18:41:20.466,0.86365,0.86371,1.00,1.50
2014.11.07 18:41:20.784,0.86367,0.86371,1.00,1.50
2014.11.07 18:41:21.290,0.86368,0.86372,1.00,1.00
2014.11.07 18:41:30.068,0.86367,0.86373,1.50,1.50
2014.11.07 18:41:30.271,0.86365,0.86373,1.00,1.55
2014.11.07 18:41:30.473,0.86363,0.86371,1.50,1.27
2014.11.07 18:41:35.984,0.86363,0.86369,1.50,1.50
2014.11.07 18:41:36.287,0.86365,0.86369,1.00,1.00
2014.11.07 18:41:36.591,0.86367,0.86372,1.00,1.00
2014.11.07 18:41:36.642,0.86367,0.86372,1.50,1.50
2014.11.07 18:41:36.693,0.86369,0.86375,1.00,1.57
2014.11.07 18:41:37.866,0.86367,0.86372,1.50,1.00
2014.11.07 18:41:38.371,0.86367,0.86373,1.00,1.10
2014.11.07 18:41:38.421,0.86364,0.8637,1.00,1.00
2014.11.07 18:41:38.926,0.86367,0.86371,1.00,1.00
2014.11.07 18:41:39.436,0.86366,0.86371,1.00,1.00
2014.11.07 18:41:40.420,0.86366,0.86372,1.00,1.50
2014.11.07 18:41:40.723,0.86369,0.86374,1.00,1.00
2014.11.07 18:41:48.873,0.86367,0.86372,1.00,1.00
2014.11.07 18:41:49.176,0.86366,0.8637,1.00,1.00
2014.11.07 18:41:49.688,0.86365,0.8637,1.00,1.00
2014.11.07 18:41:53.279,0.86363,0.8637,1.50,1.00
2014.11.07 18:41:57.655,0.86364,0.8637,1.00,1.00
2014.11.07 18:42:01.839,0.86363,0.8637,1.00,1.32
2014.11.07 18:42:01.940,0.86363,0.86367,1.00,1.00
2014.11.07 18:42:02.243,0.86365,0.8637,1.00,1.50
2014.11.07 18:42:02.793,0.86364,0.86371,1.10,1.00
2014.11.07 18:42:03.248,0.86364,0.86373,5.21,1.50
2014.11.07 18:42:03.298,0.86367,0.86373,1.00,1.50
2014.11.07 18:42:03.804,0.86369,0.86373,1.50,1.00
2014.11.07 18:42:03.906,0.86371,0.8638,2.77,1.00
2014.11.07 18:42:04.113,0.86375,0.8638,1.00,1.00
2014.11.07 18:42:04.427,0.86372,0.86379,1.57,1.25
2014.11.07 18:42:04.478,0.86372,0.86376,1.00,1.00
2014.11.07 18:42:04.579,0.8637,0.86376,1.00,1.50
2014.11.07 18:42:04.731,0.86369,0.86374,1.00,1.00
2014.11.07 18:42:04.782,0.86367,0.86374,1.00,1.00
2014.11.07 18:42:11.874,0.86367,0.86373,1.00,1.00
2014.11.07 18:42:11.976,0.86365,0.86371,1.10,1.00
2014.11.07 18:42:12.228,0.86364,0.86373,1.65,1.50
2014.11.07 18:42:12.750,0.86366,0.86373,1.50,1.50
2014.11.07 18:42:15.833,0.86366,0.86372,1.50,1.37
2014.11.07 18:42:15.985,0.86361,0.86368,1.00,1.00
2014.11.07 18:42:17.488,0.8636,0.86368,1.50,1.00
2014.11.07 18:42:19.593,0.86361,0.86368,1.15,1.50
2014.11.07 18:42:19.745,0.86365,0.86372,1.00,1.00
2014.11.07 18:42:35.086,0.86365,0.86372,1.00,1.37
2014.11.07 18:42:35.188,0.86362,0.8637,1.50,1.87
2014.11.07 18:42:35.693,0.86362,0.86369,1.00,1.20
2014.11.07 18:42:36.397,0.86362,0.86369,1.07,1.00
2014.11.07 18:42:36.498,0.86364,0.86371,1.00,1.00
2014.11.07 18:42:37.173,0.86363,0.8637,1.50,1.00
2014.11.07 18:42:37.376,0.86361,0.86368,1.50,1.00
2014.11.07 18:42:37.693,0.86359,0.86366,1.00,1.00
2014.11.07 18:42:40.783,0.86359,0.86367,1.00,1.00
2014.11.07 18:42:41.137,0.86362,0.86367,1.10,1.00
2014.11.07 18:42:41.238,0.86362,0.86371,3.26,1.00
2014.11.07 18:42:41.339,0.86365,0.86372,1.10,1.50
2014.11.07 18:42:43.729,0.86365,0.8637,1.00,1.00
2014.11.07 18:42:44.184,0.86363,0.86367,1.00,1.00
2014.11.07 18:42:46.523,0.86363,0.86369,1.20,1.50
2014.11.07 18:42:46.725,0.86363,0.86371,2.06,1.00
2014.11.07 18:42:46.940,0.86365,0.86373,1.50,1.00
2014.11.07 18:42:47.194,0.86361,0.86366,1.07,1.00
2014.11.07 18:42:47.245,0.86361,0.86366,1.00,1.00
2014.11.07 18:42:47.346,0.86359,0.86367,1.00,1.00
2014.11.07 18:42:47.397,0.86357,0.86367,1.20,1.00
2014.11.07 18:42:47.448,0.86357,0.86365,1.65,1.00
2014.11.07 18:42:47.992,0.86358,0.86364,1.00,1.00
2014.11.07 18:42:59.923,0.86357,0.86362,1.00,1.00
2014.11.07 18:42:59.974,0.86355,0.86362,1.00,1.00
2014.11.07 18:43:01.386,0.86356,0.86362,1.00,1.00
2014.11.07 18:43:12.981,0.86356,0.86362,1.07,1.00
2014.11.07 18:43:13.486,0.86356,0.86362,1.00,1.00
2014.11.07 18:43:20.277,0.86355,0.86363,2.96,1.00
2014.11.07 18:43:20.378,0.86355,0.86365,2.96,1.00
2014.11.07 18:43:20.429,0.86356,0.86365,1.47,1.00
2014.11.07 18:43:20.681,0.86361,0.86368,1.10,1.00
2014.11.07 18:43:21.188,0.86362,0.86369,1.00,1.00
2014.11.07 18:43:21.468,0.86365,0.86369,1.00,1.00
2014.11.07 18:43:21.519,0.86365,0.86372,1.00,1.00
2014.11.07 18:43:21.721,0.86367,0.86372,1.00,1.00
2014.11.07 18:43:48.568,0.86367,0.86372,1.00,1.95
2014.11.07 18:43:48.721,0.8636,0.86368,1.00,2.02
2014.11.07 18:43:48.772,0.8636,0.86368,1.00,4.39
2014.11.07 18:43:48.823,0.86357,0.86365,1.00,1.27
2014.11.07 18:43:48.873,0.86357,0.86363,1.00,1.36
2014.11.07 18:43:49.025,0.86354,0.86362,1.50,2.59
2014.11.07 18:43:49.279,0.86349,0.8636,1.00,3.82
2014.11.07 18:43:49.380,0.86351,0.8636,1.00,2.32
2014.11.07 18:43:49.482,0.86351,0.86361,1.00,1.40
2014.11.07 18:43:49.583,0.86354,0.8636,1.00,1.10
2014.11.07 18:43:49.887,0.86354,0.8636,1.00,1.15
2014.11.07 18:43:50.291,0.86354,0.8636,1.00,1.20
2014.11.07 18:43:50.719,0.86354,0.8636,1.00,3.00
2014.11.07 18:43:50.871,0.86352,0.86359,1.50,1.27
2014.11.07 18:43:51.393,0.86353,0.86357,1.00,1.00
2014.11.07 18:43:52.176,0.86353,0.86357,1.00,1.10
2014.11.07 18:43:52.277,0.86354,0.86361,1.00,1.65
2014.11.07 18:43:52.480,0.86354,0.86361,1.50,1.65
2014.11.07 18:43:52.982,0.86354,0.86361,1.50,2.77
2014.11.07 18:43:53.487,0.86353,0.86361,1.50,3.71
2014.11.07 18:43:55.570,0.86353,0.86359,1.50,1.40
2014.11.07 18:43:56.081,0.86348,0.86359,1.25,1.40
2014.11.07 18:43:56.901,0.86353,0.86361,1.50,3.71
2014.11.07 18:43:57.205,0.86353,0.86361,1.50,1.57
2014.11.07 18:43:57.256,0.86355,0.86363,1.50,1.65
2014.11.07 18:44:00.280,0.86355,0.86363,1.50,2.59
2014.11.07 18:44:00.583,0.86352,0.86357,1.00,1.00
2014.11.07 18:44:00.786,0.86351,0.86361,1.50,2.59
2014.11.07 18:44:01.415,0.86353,0.8636,1.00,1.27
2014.11.07 18:44:01.787,0.86353,0.8636,1.00,2.21
2014.11.07 18:44:01.888,0.86353,0.8636,1.00,2.21
2014.11.07 18:44:02.394,0.86353,0.8636,1.00,1.15
2014.11.07 18:44:02.496,0.86353,0.8636,1.00,1.10
2014.11.07 18:44:05.439,0.86353,0.8636,1.00,1.09
2014.11.07 18:44:05.490,0.86353,0.8636,1.00,1.46
2014.11.07 18:44:05.743,0.86351,0.86358,1.00,1.07
2014.11.07 18:44:05.946,0.86348,0.86355,1.00,1.00
2014.11.07 18:44:06.453,0.86347,0.86354,1.00,2.14
2014.11.07 18:44:23.246,0.86348,0.86356,1.00,1.00
2014.11.07 18:44:23.549,0.86351,0.86358,1.00,1.00
2014.11.07 18:44:23.852,0.86354,0.8636,1.00,1.00
2014.11.07 18:44:24.358,0.86354,0.8636,1.00,1.07
2014.11.07 18:44:24.876,0.86354,0.8636,1.00,1.09
2014.11.07 18:44:26.252,0.86354,0.8636,1.00,1.07
2014.11.07 18:44:26.757,0.86354,0.8636,1.00,1.00
2014.11.07 18:44:27.633,0.86354,0.8636,1.00,1.07
2014.11.07 18:44:27.936,0.86352,0.86358,1.50,1.50
2014.11.07 18:44:31.720,0.8635,0.86358,1.00,1.76
2014.11.07 18:44:32.432,0.8635,0.86358,1.00,4.39
2014.11.07 18:44:32.483,0.86348,0.86356,1.00,1.09
2014.11.07 18:44:32.995,0.86348,0.86354,1.00,1.10
2014.11.07 18:44:52.228,0.86348,0.86354,1.37,1.00
2014.11.07 18:44:52.380,0.8635,0.86356,1.10,1.00
2014.11.07 18:44:52.481,0.86351,0.86358,1.50,1.50
2014.11.07 18:44:52.999,0.86351,0.86359,1.87,1.00
2014.11.07 18:44:53.539,0.86351,0.86358,1.00,1.69
2014.11.07 18:44:53.590,0.86347,0.86357,2.70,1.69
2014.11.07 18:44:53.792,0.86349,0.86357,1.00,1.50
2014.11.07 18:44:54.095,0.86351,0.86357,1.00,1.00
2014.11.07 18:44:55.193,0.86349,0.86358,1.00,1.00
2014.11.07 18:44:55.723,0.86348,0.86358,1.00,1.69
2014.11.07 18:44:55.975,0.86348,0.86355,1.50,1.00
2014.11.07 18:44:56.488,0.86348,0.86355,1.65,1.00
2014.11.07 18:44:57.170,0.86348,0.86356,1.95,1.00
2014.11.07 18:44:57.372,0.8635,0.86358,1.00,1.00
2014.11.07 18:44:57.878,0.86351,0.86357,1.00,1.00
2014.11.07 18:44:59.598,0.86349,0.86358,1.50,1.50
2014.11.07 18:45:00.424,0.8635,0.86358,1.00,1.50
2014.11.07 18:45:02.915,0.86349,0.86358,1.50,1.50
2014.11.07 18:45:03.371,0.86351,0.86358,1.00,1.50
2014.11.07 18:45:03.523,0.86349,0.86358,1.50,1.57
2014.11.07 18:45:04.028,0.86348,0.86357,1.57,1.00
2014.11.07 18:45:04.598,0.86348,0.86357,1.57,1.00
2014.11.07 18:45:05.106,0.86348,0.86357,1.57,1.00
2014.11.07 18:45:05.612,0.86347,0.86356,2.25,1.50
2014.11.07 18:45:11.416,0.86347,0.86356,2.25,1.57
2014.11.07 18:45:20.736,0.86347,0.86356,2.32,1.95
2014.11.07 18:46:00.547,0.86348,0.86355,1.00,1.00
2014.11.07 18:46:04.506,0.86348,0.86355,1.45,1.00
2014.11.07 18:46:04.708,0.86352,0.86359,1.20,1.00
2014.11.07 18:46:05.214,0.86353,0.86359,1.00,1.00
2014.11.07 18:46:11.181,0.86352,0.86362,1.95,1.10
2014.11.07 18:46:12.088,0.86352,0.86362,2.89,1.10
2014.11.07 18:46:21.432,0.86353,0.86362,2.44,1.00
2014.11.07 18:46:21.634,0.8636,0.86368,1.00,1.50
2014.11.07 18:46:21.685,0.86362,0.86368,1.00,1.00
2014.11.07 18:46:21.736,0.86363,0.86372,1.00,1.17
2014.11.07 18:46:21.888,0.86364,0.86373,1.50,1.65
2014.11.07 18:46:21.989,0.86364,0.86371,1.00,1.00
2014.11.07 18:46:22.292,0.86361,0.86369,1.65,1.00
2014.11.07 18:46:22.842,0.86361,0.86368,1.65,1.00
2014.11.07 18:46:24.933,0.8636,0.86369,1.95,1.00
2014.11.07 18:46:25.084,0.86363,0.8637,1.00,1.00
2014.11.07 18:46:26.402,0.8636,0.8637,1.57,1.50
2014.11.07 18:46:26.503,0.86361,0.86367,1.10,1.00
2014.11.07 18:46:29.478,0.86363,0.8637,1.50,1.50
2014.11.07 18:46:30.240,0.86364,0.86372,1.00,1.07
2014.11.07 18:46:30.442,0.86366,0.86372,1.00,1.00
2014.11.07 18:46:31.250,0.86367,0.86373,1.00,1.00
2014.11.07 18:46:34.616,0.86366,0.86373,1.00,1.25
2014.11.07 18:46:34.667,0.86364,0.86373,1.50,1.84
2014.11.07 18:46:34.768,0.86364,0.86371,1.50,1.50
2014.11.07 18:46:36.866,0.86362,0.86371,1.87,1.00
2014.11.07 18:46:37.702,0.86362,0.86372,1.50,1.00
2014.11.07 18:46:37.854,0.86366,0.86372,1.00,1.00
2014.11.07 18:46:39.271,0.86365,0.86371,1.50,1.00
2014.11.07 18:46:39.575,0.86363,0.86371,1.00,2.44
2014.11.07 18:46:39.677,0.86363,0.86367,1.00,1.00
2014.11.07 18:46:40.489,0.86362,0.86368,1.00,1.50
2014.11.07 18:46:40.540,0.8636,0.86368,1.00,1.00
2014.11.07 18:46:42.029,0.86361,0.86368,1.00,1.00
2014.11.07 18:46:42.232,0.86364,0.86369,1.00,1.00
2014.11.07 18:46:42.434,0.86365,0.86371,1.00,1.00
2014.11.07 18:46:42.972,0.86365,0.86373,1.50,1.65
2014.11.07 18:46:43.517,0.86365,0.86373,1.50,1.50
2014.11.07 18:46:44.111,0.86367,0.86373,1.00,1.50
2014.11.07 18:46:54.310,0.86368,0.86373,1.00,1.00
2014.11.07 18:47:00.804,0.86368,0.86375,1.62,1.00
2014.11.07 18:47:01.008,0.86374,0.86383,1.37,2.32
2014.11.07 18:47:01.514,0.86374,0.86383,1.00,1.25
2014.11.07 18:47:03.803,0.86376,0.86383,1.00,1.00
2014.11.07 18:47:04.309,0.86377,0.86385,1.00,1.10
2014.11.07 18:47:04.360,0.86379,0.86386,1.00,1.65
2014.11.07 18:47:04.682,0.86382,0.86386,1.00,1.00
2014.11.07 18:47:04.733,0.86382,0.86389,1.00,1.50
2014.11.07 18:47:04.783,0.86384,0.86389,1.00,1.00
2014.11.07 18:47:04.834,0.86384,0.86393,1.00,1.10
2014.11.07 18:47:05.239,0.86386,0.86393,1.00,1.10
2014.11.07 18:47:23.077,0.86386,0.86393,1.37,1.00
2014.11.07 18:47:23.330,0.86388,0.86397,1.65,1.50
2014.11.07 18:47:23.381,0.86388,0.86395,2.02,1.00
2014.11.07 18:47:23.533,0.8639,0.86397,1.25,1.00
2014.11.07 18:47:24.040,0.86391,0.86398,1.50,1.00
2014.11.07 18:47:24.900,0.8639,0.86394,1.50,1.00
2014.11.07 18:47:26.216,0.8639,0.86395,1.12,1.00
2014.11.07 18:47:26.317,0.8639,0.86397,2.14,1.00
2014.11.07 18:47:26.823,0.86392,0.86398,1.50,1.50
2014.11.07 18:47:27.533,0.86394,0.86398,1.50,1.50
2014.11.07 18:47:27.737,0.86392,0.86398,2.62,1.00
2014.11.07 18:47:28.740,0.86392,0.86398,1.39,1.00
2014.11.07 18:47:29.259,0.86392,0.86398,1.39,1.00
2014.11.07 18:47:31.344,0.86392,0.86398,2.21,1.00
2014.11.07 18:47:32.575,0.86392,0.86398,1.46,1.00
2014.11.07 18:47:33.156,0.86393,0.86398,2.25,1.00
2014.11.07 18:47:33.207,0.86393,0.86399,3.37,1.00
2014.11.07 18:47:33.410,0.86396,0.86402,1.50,1.00
2014.11.07 18:47:33.461,0.86394,0.86406,1.29,1.10
2014.11.07 18:47:33.715,0.86394,0.86402,1.01,1.00
2014.11.07 18:47:34.222,0.86392,0.86401,1.84,1.50
2014.11.07 18:47:34.981,0.86393,0.86401,1.76,1.50
2014.11.07 18:47:35.234,0.86396,0.86406,1.00,1.57
2014.11.07 18:47:35.285,0.86396,0.86406,2.32,1.00
2014.11.07 18:47:35.588,0.86399,0.86408,1.84,1.00
2014.11.07 18:47:35.993,0.86401,0.86407,2.40,1.00
2014.11.07 18:47:36.044,0.86403,0.8641,1.39,1.00
2014.11.07 18:47:36.549,0.86402,0.8641,4.09,1.50
2014.11.07 18:47:37.054,0.86403,0.8641,1.29,1.50
2014.11.07 18:47:38.010,0.86403,0.86411,2.44,1.50
2014.11.07 18:47:39.534,0.86402,0.86411,2.44,1.50
2014.11.07 18:47:39.889,0.864,0.86411,1.00,1.12
2014.11.07 18:47:40.041,0.864,0.86409,1.69,1.00
2014.11.07 18:47:40.345,0.86403,0.86408,1.69,1.00
2014.11.07 18:47:40.396,0.86403,0.86412,1.19,1.50
2014.11.07 18:47:41.305,0.86406,0.86412,1.00,1.00
2014.11.07 18:47:41.407,0.86406,0.86414,1.00,1.50
2014.11.07 18:47:41.862,0.86404,0.86412,1.00,1.00
2014.11.07 18:47:42.165,0.86403,0.8641,1.00,1.00
2014.11.07 18:47:42.686,0.86404,0.8641,1.00,1.00
2014.11.07 18:47:43.889,0.86404,0.86409,1.00,1.00
2014.11.07 18:47:43.939,0.86402,0.86408,1.00,1.00
2014.11.07 18:47:44.041,0.86399,0.86406,1.00,1.00
2014.11.07 18:47:44.142,0.86397,0.86406,1.50,1.50
2014.11.07 18:47:44.243,0.86397,0.86404,1.00,1.00
2014.11.07 18:47:45.001,0.86397,0.86404,1.65,1.50
2014.11.07 18:47:46.720,0.86397,0.86404,2.21,1.50
2014.11.07 18:47:47.023,0.86402,0.86411,1.15,1.00
2014.11.07 18:47:47.528,0.86403,0.8641,1.00,1.10
2014.11.07 18:47:48.498,0.86403,0.8641,1.07,1.00
2014.11.07 18:47:49.041,0.86405,0.86411,1.00,1.00
2014.11.07 18:47:50.307,0.86404,0.8641,1.00,1.00
2014.11.07 18:47:50.815,0.86405,0.8641,1.00,1.00
2014.11.07 18:47:51.422,0.86405,0.86409,1.00,1.00
2014.11.07 18:47:51.472,0.864,0.86406,1.10,1.00
2014.11.07 18:47:51.523,0.864,0.86406,1.50,1.50
2014.11.07 18:47:51.624,0.86397,0.86405,1.69,1.00
2014.11.07 18:47:51.726,0.86397,0.86403,1.01,1.00
2014.11.07 18:47:55.324,0.86397,0.86403,1.07,1.00
2014.11.07 18:47:56.031,0.86397,0.86403,1.20,1.00
2014.11.07 18:47:56.656,0.86397,0.86403,1.15,1.00
2014.11.07 18:47:57.822,0.86397,0.86403,1.00,1.00
2014.11.07 18:47:58.754,0.86397,0.86403,1.17,1.00
2014.11.07 18:47:59.272,0.86397,0.86403,1.00,1.00
2014.11.07 18:48:03.359,0.86395,0.864,1.00,1.00
2014.11.07 18:48:03.410,0.86393,0.86399,1.00,1.50
2014.11.07 18:48:03.612,0.86392,0.86397,1.00,1.00
2014.11.07 18:48:03.764,0.8639,0.86398,1.10,1.00
2014.11.07 18:48:04.068,0.86387,0.86395,1.00,1.00
2014.11.07 18:48:08.352,0.86387,0.86394,1.00,1.50
2014.11.07 18:48:11.433,0.86387,0.86394,1.00,1.87
2014.11.07 18:48:11.636,0.86383,0.86391,3.00,2.21
2014.11.07 18:48:11.788,0.86381,0.86387,1.00,1.00
2014.11.07 18:48:12.338,0.86381,0.86388,1.07,1.50
2014.11.07 18:48:12.541,0.86384,0.86391,1.00,1.50
2014.11.07 18:48:13.046,0.86384,0.86392,1.00,1.20
2014.11.07 18:48:13.306,0.86384,0.86389,1.00,1.00
2014.11.07 18:48:13.407,0.86381,0.86388,1.00,1.50
2014.11.07 18:48:13.509,0.86378,0.86386,1.00,1.00
2014.11.07 18:48:13.611,0.86377,0.86384,1.00,1.00
2014.11.07 18:48:13.965,0.86375,0.86383,1.57,1.50
2014.11.07 18:48:14.067,0.86376,0.86381,1.00,1.00
2014.11.07 18:48:21.540,0.86376,0.86383,1.20,1.00
2014.11.07 18:48:21.742,0.86378,0.86383,1.00,1.00
2014.11.07 18:48:22.248,0.86379,0.86384,1.00,1.00
2014.11.07 18:48:22.551,0.86381,0.86387,1.00,1.00
2014.11.07 18:48:22.753,0.86379,0.86385,1.50,1.50
2014.11.07 18:48:25.198,0.86379,0.86386,1.00,1.00
2014.11.07 18:48:25.708,0.86378,0.86385,1.00,1.00
2014.11.07 18:48:26.845,0.86378,0.86385,1.45,1.00
2014.11.07 18:48:27.047,0.86382,0.8639,2.25,1.50
2014.11.07 18:48:27.502,0.8638,0.8639,1.65,1.00
2014.11.07 18:48:27.603,0.8638,0.86388,1.20,1.00
2014.11.07 18:48:27.906,0.86377,0.86385,1.69,1.50
2014.11.07 18:48:28.361,0.86376,0.86382,1.00,1.00
2014.11.07 18:48:28.867,0.86376,0.86383,1.07,1.00
2014.11.07 18:48:29.372,0.86376,0.86383,1.10,1.00
2014.11.07 18:48:31.032,0.86376,0.86383,1.76,1.00
2014.11.07 18:48:32.273,0.86376,0.86383,1.00,1.00
2014.11.07 18:48:32.802,0.86375,0.86382,2.44,1.50
2014.11.07 18:48:33.516,0.86375,0.86381,1.00,1.00
2014.11.07 18:48:33.668,0.86372,0.8638,1.00,1.00
2014.11.07 18:48:33.871,0.86373,0.86379,1.07,1.00
2014.11.07 18:48:33.972,0.86375,0.86384,1.09,1.00
2014.11.07 18:48:34.073,0.86378,0.86384,1.00,1.00
2014.11.07 18:48:34.326,0.86376,0.86385,1.00,1.00
2014.11.07 18:48:34.832,0.86376,0.86384,1.00,1.00
2014.11.07 18:48:39.790,0.86374,0.86382,1.00,1.00
2014.11.07 18:48:40.255,0.86375,0.86379,1.00,1.00
2014.11.07 18:48:40.357,0.86373,0.86379,1.10,1.00
2014.11.07 18:48:40.660,0.86373,0.8638,1.47,1.00
2014.11.07 18:48:40.913,0.86373,0.86381,1.87,1.00
2014.11.07 18:48:41.317,0.86373,0.86381,1.57,1.00
2014.11.07 18:48:41.469,0.86373,0.86383,3.34,1.00
2014.11.07 18:48:41.975,0.86376,0.86382,1.00,1.00
2014.11.07 18:48:42.480,0.86376,0.86382,2.02,1.00
2014.11.07 18:48:42.581,0.86376,0.86384,1.27,1.50
2014.11.07 18:48:43.095,0.8638,0.86384,1.00,1.00
2014.11.07 18:48:43.426,0.86383,0.86388,1.29,1.00
2014.11.07 18:48:43.578,0.86385,0.86393,1.00,1.00
2014.11.07 18:48:43.881,0.86388,0.86392,1.00,1.00
2014.11.07 18:48:45.220,0.86384,0.86393,1.50,1.57
2014.11.07 18:48:45.321,0.86384,0.86391,1.00,1.00
2014.11.07 18:48:45.877,0.86385,0.86391,1.25,1.00
2014.11.07 18:48:45.978,0.86385,0.86394,2.21,1.00
2014.11.07 18:48:46.079,0.86389,0.86395,1.50,1.50
2014.11.07 18:48:46.292,0.8639,0.86399,1.10,2.32
2014.11.07 18:48:46.349,0.86391,0.86399,1.40,1.00
2014.11.07 18:48:46.552,0.86395,0.86403,1.50,1.50
2014.11.07 18:48:46.855,0.86397,0.86403,1.50,1.50
2014.11.07 18:48:47.259,0.86399,0.8641,1.39,1.07
2014.11.07 18:48:47.309,0.86399,0.86405,1.46,1.00
2014.11.07 18:48:47.412,0.86401,0.86407,1.00,1.00
2014.11.07 18:48:47.513,0.86402,0.86409,1.00,1.00
2014.11.07 18:48:48.018,0.86402,0.8641,1.00,1.17
2014.11.07 18:48:48.525,0.86402,0.8641,1.00,1.07
2014.11.07 18:48:48.677,0.86406,0.86411,1.00,1.00
2014.11.07 18:48:48.727,0.86406,0.86414,1.00,1.00
2014.11.07 18:48:48.829,0.86406,0.86411,1.00,1.00
2014.11.07 18:48:49.031,0.86405,0.86413,1.00,1.00
2014.11.07 18:48:55.394,0.86405,0.86413,1.00,1.46
2014.11.07 18:48:55.495,0.86405,0.8641,1.00,1.25
2014.11.07 18:48:55.647,0.864,0.86408,1.00,1.00
2014.11.07 18:48:56.153,0.86399,0.86408,1.10,1.00
2014.11.07 18:48:56.305,0.86398,0.86406,1.25,1.50
2014.11.07 18:48:56.658,0.86398,0.86402,1.00,1.00
2014.11.07 18:48:56.760,0.86398,0.86405,1.00,1.00
2014.11.07 18:48:57.265,0.86397,0.86404,1.57,1.50
2014.11.07 18:48:59.831,0.86396,0.86404,1.00,1.00
2014.11.07 18:49:02.102,0.86396,0.86404,1.00,1.07
2014.11.07 18:49:02.355,0.86396,0.86401,1.00,1.00
2014.11.07 18:49:02.405,0.86394,0.86401,1.50,1.57
2014.11.07 18:49:02.607,0.86393,0.86401,1.50,2.51
2014.11.07 18:49:02.709,0.86391,0.86401,1.50,2.59
2014.11.07 18:49:04.304,0.86391,0.86401,1.57,1.50
2014.11.07 18:49:04.808,0.86391,0.86401,2.89,1.50
2014.11.07 18:49:06.078,0.86392,0.86402,1.01,1.10
2014.11.07 18:49:06.280,0.86394,0.86402,1.00,1.00
2014.11.07 18:49:08.115,0.86396,0.86403,1.00,1.00
2014.11.07 18:49:09.622,0.86394,0.86403,1.25,1.20
2014.11.07 18:49:10.974,0.86394,0.86403,1.84,1.00
2014.11.07 18:49:11.126,0.86397,0.86403,1.00,1.00
2014.11.07 18:49:12.847,0.86396,0.86402,1.50,1.00
2014.11.07 18:49:14.081,0.86394,0.86403,1.50,1.10
2014.11.07 18:49:15.859,0.86394,0.86401,1.00,1.32
2014.11.07 18:49:16.011,0.86392,0.86401,1.50,1.09
2014.11.07 18:49:16.062,0.86392,0.86401,1.50,3.26
2014.11.07 18:49:16.214,0.8639,0.86398,1.00,1.07
2014.11.07 18:49:17.562,0.8639,0.86398,1.12,1.00
2014.11.07 18:49:17.764,0.8639,0.864,1.00,1.09
2014.11.07 18:49:18.018,0.8639,0.86401,1.70,1.57
2014.11.07 18:49:18.322,0.86395,0.86401,1.00,1.00
2014.11.07 18:49:18.858,0.86394,0.86401,1.12,1.00
2014.11.07 18:49:19.448,0.86394,0.86402,1.50,1.10
2014.11.07 18:49:19.751,0.86396,0.86403,1.50,1.50
2014.11.07 18:49:22.117,0.86396,0.86403,1.95,1.50
2014.11.07 18:49:22.269,0.86401,0.86407,1.10,1.00
2014.11.07 18:49:25.683,0.864,0.86408,1.50,1.57
2014.11.07 18:49:26.202,0.864,0.86408,1.50,1.57
2014.11.07 18:49:29.419,0.864,0.86408,1.50,1.65
2014.11.07 18:49:30.528,0.864,0.86408,1.50,1.57
2014.11.07 18:49:31.237,0.864,0.86408,1.95,1.50
2014.11.07 18:49:31.542,0.86406,0.86413,1.50,1.50
2014.11.07 18:49:35.438,0.86409,0.86413,1.00,1.00
2014.11.07 18:49:35.540,0.86408,0.86415,1.50,1.00
2014.11.07 18:49:35.641,0.86411,0.86415,1.00,1.00
2014.11.07 18:49:35.945,0.86409,0.86417,1.54,1.00
2014.11.07 18:49:36.452,0.8641,0.86416,1.00,1.00
2014.11.07 18:49:37.069,0.86407,0.86415,1.87,1.00
2014.11.07 18:49:37.272,0.86408,0.86415,1.17,1.50
2014.11.07 18:49:37.727,0.86412,0.86416,1.00,1.00
2014.11.07 18:49:37.828,0.86413,0.86418,1.00,1.00
2014.11.07 18:49:38.283,0.86413,0.8642,1.00,1.50
2014.11.07 18:49:38.385,0.86413,0.86417,1.00,1.00
2014.11.07 18:49:39.043,0.86412,0.86418,1.00,1.57
2014.11.07 18:49:39.348,0.8641,0.86415,1.00,1.00
2014.11.07 18:49:39.550,0.86407,0.86416,1.50,1.00
2014.11.07 18:49:41.355,0.86407,0.86416,1.00,1.07
2014.11.07 18:49:41.879,0.86407,0.86414,1.00,1.00
2014.11.07 18:49:42.393,0.86408,0.86414,1.00,1.00
2014.11.07 18:49:48.588,0.86408,0.86414,1.37,1.00
2014.11.07 18:49:48.793,0.86408,0.86416,2.70,1.00
2014.11.07 18:49:49.046,0.86412,0.8642,1.57,1.50
2014.11.07 18:49:49.557,0.86412,0.86421,1.10,1.00
2014.11.07 18:49:52.051,0.86413,0.86421,1.25,1.00
2014.11.07 18:49:54.153,0.86412,0.86421,1.01,1.00
2014.11.07 18:49:55.855,0.86414,0.86421,1.69,1.50
2014.11.07 18:49:57.630,0.86414,0.86424,1.76,1.50
2014.11.07 18:49:57.731,0.86416,0.86425,1.12,1.00
2014.11.07 18:49:58.035,0.86416,0.86425,2.21,1.00
2014.11.07 18:49:58.085,0.86416,0.86425,2.21,1.00
2014.11.07 18:49:58.187,0.86419,0.86424,1.00,1.00
2014.11.07 18:50:00.333,0.86418,0.86424,1.00,1.00
2014.11.07 18:50:00.823,0.86417,0.86426,2.21,1.00
2014.11.07 18:50:02.206,0.86418,0.86426,1.19,1.00
2014.11.07 18:50:02.257,0.8642,0.86426,1.37,1.00
2014.11.07 18:50:02.459,0.86422,0.86431,1.52,1.00
2014.11.07 18:50:02.510,0.86422,0.86431,3.45,1.00
2014.11.07 18:50:02.712,0.86424,0.86432,1.09,1.00
2014.11.07 18:50:02.764,0.86426,0.86431,1.00,1.00
2014.11.07 18:50:03.876,0.86425,0.86433,1.10,1.00
2014.11.07 18:50:04.426,0.86425,0.86433,1.47,1.00
2014.11.07 18:50:05.759,0.86425,0.86433,1.01,1.00
2014.11.07 18:50:06.530,0.86425,0.86433,1.40,1.00
2014.11.07 18:50:06.733,0.86428,0.86435,1.00,1.00
2014.11.07 18:50:07.278,0.86428,0.86436,1.00,1.00
2014.11.07 18:50:07.531,0.86428,0.86438,1.50,1.50
2014.11.07 18:50:08.363,0.8643,0.86438,1.00,1.50
2014.11.07 18:50:08.868,0.8643,0.86437,1.00,1.00
2014.11.07 18:50:11.895,0.8643,0.86437,1.00,2.06
2014.11.07 18:50:11.996,0.86428,0.86435,1.00,1.00
2014.11.07 18:50:12.148,0.86428,0.86432,1.00,1.00
2014.11.07 18:50:12.249,0.86427,0.86434,1.17,1.00
2014.11.07 18:50:12.775,0.86427,0.86434,1.00,1.00
2014.11.07 18:50:13.584,0.86427,0.86432,1.00,1.37
2014.11.07 18:50:13.787,0.86422,0.86428,1.50,1.50
2014.11.07 18:50:13.989,0.8642,0.86427,1.00,1.25
2014.11.07 18:50:14.090,0.86417,0.86426,1.87,1.00
2014.11.07 18:50:14.343,0.86417,0.86423,1.50,1.00
2014.11.07 18:50:14.982,0.86417,0.86423,1.65,1.00
2014.11.07 18:50:17.173,0.86417,0.86423,1.50,1.00
2014.11.07 18:50:18.197,0.86417,0.86425,1.50,1.00
2014.11.07 18:50:19.195,0.86418,0.86425,1.00,1.00
2014.11.07 18:50:19.397,0.86418,0.86425,1.95,1.00
2014.11.07 18:50:19.700,0.86421,0.86427,1.76,1.00
2014.11.07 18:50:19.922,0.86423,0.86429,1.17,1.00
2014.11.07 18:50:20.428,0.86423,0.86429,1.00,1.00
2014.11.07 18:50:20.984,0.86423,0.86429,1.17,1.00
2014.11.07 18:50:21.086,0.86421,0.86428,1.15,1.00
2014.11.07 18:50:21.238,0.86423,0.8643,1.00,1.00
2014.11.07 18:50:21.491,0.86421,0.86426,1.00,1.00
2014.11.07 18:50:21.794,0.86419,0.8643,5.25,1.00
2014.11.07 18:50:21.895,0.86421,0.8643,1.10,1.00
2014.11.07 18:50:22.249,0.8642,0.86427,1.50,3.00
2014.11.07 18:50:23.779,0.86418,0.86426,1.07,1.00
2014.11.07 18:50:24.285,0.86417,0.86425,1.65,1.50
2014.11.07 18:50:24.789,0.8642,0.86426,1.00,1.00
2014.11.07 18:50:25.294,0.8642,0.86427,1.50,1.50
2014.11.07 18:50:25.799,0.86419,0.86427,1.10,1.00
2014.11.07 18:50:26.121,0.86421,0.86427,1.00,1.00
2014.11.07 18:50:28.549,0.8642,0.86426,1.00,1.25
2014.11.07 18:50:28.701,0.86417,0.86425,1.57,1.69
2014.11.07 18:50:30.716,0.86417,0.86425,1.50,4.31
2014.11.07 18:50:32.528,0.86417,0.86425,1.57,1.50
2014.11.07 18:50:33.145,0.86417,0.86424,1.50,1.50
2014.11.07 18:50:33.625,0.86413,0.86419,1.65,1.50
2014.11.07 18:50:33.676,0.86414,0.8642,1.00,2.25
2014.11.07 18:50:33.878,0.86414,0.86418,1.00,1.50
2014.11.07 18:50:34.131,0.86414,0.8642,1.00,2.44
2014.11.07 18:50:34.334,0.86413,0.86418,1.00,1.50
2014.11.07 18:50:34.537,0.86413,0.8642,1.00,1.69
2014.11.07 18:50:35.045,0.86413,0.86419,1.00,1.00
2014.11.07 18:50:35.348,0.8641,0.86419,1.00,1.37
2014.11.07 18:50:35.805,0.86411,0.86419,1.07,1.00
2014.11.07 18:50:36.108,0.86413,0.86419,2.21,1.00
2014.11.07 18:50:36.209,0.86413,0.86421,1.40,1.50
2014.11.07 18:50:36.361,0.86416,0.86423,1.00,1.50
2014.11.07 18:50:36.665,0.86417,0.86425,2.32,2.25
2014.11.07 18:50:36.867,0.86419,0.86425,1.10,1.00
2014.11.07 18:50:37.019,0.8642,0.86427,1.00,1.00
2014.11.07 18:50:37.171,0.86421,0.8643,1.00,1.57
2014.11.07 18:50:37.323,0.86421,0.86427,1.17,1.00
2014.11.07 18:50:37.526,0.86422,0.86431,1.20,1.00
2014.11.07 18:50:37.678,0.86425,0.8643,1.00,1.00
2014.11.07 18:50:37.882,0.86422,0.8643,1.00,1.10
2014.11.07 18:50:37.983,0.86421,0.86428,1.00,1.00
2014.11.07 18:50:38.337,0.86423,0.8643,1.00,1.00
2014.11.07 18:50:38.767,0.86425,0.86429,1.00,1.00
2014.11.07 18:50:39.323,0.86424,0.86433,2.59,1.00
2014.11.07 18:50:39.526,0.86427,0.86432,1.00,1.00
2014.11.07 18:50:40.536,0.86427,0.86432,1.17,1.00
2014.11.07 18:50:41.041,0.86427,0.86432,1.00,1.00
2014.11.07 18:50:42.831,0.86426,0.86434,1.65,1.50
2014.11.07 18:50:42.982,0.86431,0.86439,1.10,1.00
2014.11.07 18:50:43.033,0.86431,0.86439,1.10,1.50
2014.11.07 18:50:43.084,0.86431,0.86439,1.17,1.00
2014.11.07 18:50:43.589,0.86433,0.86438,1.17,1.00
2014.11.07 18:50:43.690,0.86432,0.8644,3.15,1.50
2014.11.07 18:50:44.236,0.86434,0.86441,1.10,1.00
2014.11.07 18:50:44.945,0.86433,0.86441,1.84,1.00
2014.11.07 18:50:44.996,0.86433,0.86441,1.84,1.00
2014.11.07 18:50:45.097,0.86433,0.86441,1.76,1.00
2014.11.07 18:50:45.602,0.86434,0.86442,2.32,1.00
2014.11.07 18:50:45.704,0.86433,0.86443,2.59,1.00
2014.11.07 18:50:46.210,0.86433,0.86443,2.59,1.00
2014.11.07 18:50:46.361,0.86433,0.86443,2.59,1.00
2014.11.07 18:50:46.866,0.86435,0.86443,2.51,1.50
2014.11.07 18:50:47.069,0.86436,0.86447,1.84,1.50
2014.11.07 18:50:47.424,0.86437,0.86445,1.15,1.00
2014.11.07 18:50:47.938,0.86437,0.86445,1.00,1.00
2014.11.07 18:50:49.965,0.86436,0.86445,1.00,1.10
2014.11.07 18:50:50.471,0.86436,0.86444,1.10,1.00
2014.11.07 18:50:50.775,0.86431,0.8644,1.84,1.00
2014.11.07 18:50:51.027,0.8643,0.86439,1.17,1.00
2014.11.07 18:50:51.078,0.8643,0.86436,1.17,1.50
2014.11.07 18:50:51.129,0.86429,0.86436,1.50,1.50
2014.11.07 18:50:51.281,0.86427,0.86433,1.10,1.00
2014.11.07 18:50:51.584,0.86429,0.86437,1.40,1.50
2014.11.07 18:50:51.635,0.86429,0.86436,1.32,1.00
2014.11.07 18:50:52.148,0.86431,0.86437,1.00,1.00
2014.11.07 18:50:52.855,0.8643,0.86437,1.20,1.00
2014.11.07 18:50:54.272,0.86427,0.86435,1.57,1.50
2014.11.07 18:50:55.029,0.86427,0.86435,1.65,3.00
2014.11.07 18:50:56.465,0.86427,0.86435,4.39,1.50
2014.11.07 18:50:56.566,0.86427,0.86437,5.89,1.50
2014.11.07 18:50:56.668,0.8643,0.86438,2.70,1.50
2014.11.07 18:50:57.023,0.8643,0.86436,1.15,1.00
2014.11.07 18:50:57.074,0.8643,0.86436,1.17,1.00
2014.11.07 18:50:57.582,0.86428,0.86436,6.19,1.00
2014.11.07 18:50:57.786,0.86432,0.86438,1.27,1.00
2014.11.07 18:50:57.837,0.86432,0.8644,1.27,1.00
2014.11.07 18:50:57.989,0.86433,0.86441,2.32,1.50
2014.11.07 18:50:58.497,0.86432,0.86441,5.70,1.50
2014.11.07 18:50:58.750,0.86432,0.86441,1.65,1.69
2014.11.07 18:50:58.801,0.86433,0.86438,1.10,1.00
2014.11.07 18:50:59.559,0.8643,0.86437,2.59,1.50
2014.11.07 18:51:00.215,0.86433,0.8644,1.10,1.00
2014.11.07 18:51:00.266,0.86433,0.8644,1.15,1.00
2014.11.07 18:51:00.520,0.86437,0.86443,1.50,1.50
2014.11.07 18:51:02.898,0.86437,0.86443,2.40,1.50
2014.11.07 18:51:02.949,0.86437,0.86445,2.40,1.50
2014.11.07 18:51:03.681,0.86437,0.86445,2.96,1.50
2014.11.07 18:51:03.833,0.86441,0.86449,1.46,1.00
2014.11.07 18:51:03.884,0.86441,0.86449,4.39,1.00
2014.11.07 18:51:04.399,0.86444,0.86448,1.00,1.00
2014.11.07 18:51:04.925,0.86442,0.86448,1.09,1.00
2014.11.07 18:51:05.329,0.86442,0.8645,1.09,1.00
2014.11.07 18:51:05.481,0.86444,0.8645,1.17,1.00
2014.11.07 18:51:05.582,0.86443,0.86452,1.84,1.00
2014.11.07 18:51:05.936,0.86447,0.86453,1.00,1.50
2014.11.07 18:51:10.962,0.86445,0.86453,1.00,1.00
2014.11.07 18:51:11.466,0.86445,0.86452,1.00,1.50
2014.11.07 18:51:11.871,0.86443,0.86449,1.00,1.00
2014.11.07 18:51:13.414,0.86442,0.86448,1.00,1.00
2014.11.07 18:51:13.717,0.86443,0.8645,1.00,1.10
2014.11.07 18:51:14.223,0.86444,0.8645,1.00,1.00
2014.11.07 18:51:16.919,0.86442,0.86451,1.20,1.00
2014.11.07 18:51:17.322,0.86443,0.86451,1.19,1.00
2014.11.07 18:51:17.626,0.86446,0.86452,1.00,1.00
2014.11.07 18:51:18.114,0.86448,0.86452,1.00,1.00
2014.11.07 18:51:18.878,0.86448,0.86457,3.37,1.07
2014.11.07 18:51:19.131,0.8645,0.86457,1.32,1.00
2014.11.07 18:51:19.284,0.86451,0.86457,1.07,1.00
2014.11.07 18:51:19.638,0.86452,0.86459,1.00,1.50
2014.11.07 18:51:19.791,0.86451,0.86457,1.00,1.00
2014.11.07 18:51:20.095,0.86448,0.86454,1.00,1.00
2014.11.07 18:51:20.399,0.86449,0.86456,1.17,1.00
2014.11.07 18:51:20.717,0.86451,0.86458,2.40,2.25
2014.11.07 18:51:21.174,0.86454,0.86463,1.10,1.00
2014.11.07 18:51:21.225,0.86456,0.86463,1.00,1.00
2014.11.07 18:51:21.732,0.86456,0.86462,1.00,1.00
2014.11.07 18:51:21.783,0.86454,0.86461,1.00,1.00
2014.11.07 18:51:22.037,0.86451,0.8646,1.84,1.00
2014.11.07 18:51:22.088,0.86451,0.86459,1.09,1.00
2014.11.07 18:51:22.442,0.86454,0.86461,1.17,1.00
2014.11.07 18:51:22.847,0.86454,0.86463,1.84,1.00
2014.11.07 18:51:22.948,0.86456,0.86464,2.25,1.00
2014.11.07 18:51:23.202,0.86461,0.86469,3.26,1.50
2014.11.07 18:51:23.707,0.86463,0.86471,1.09,1.49
2014.11.07 18:51:24.984,0.86463,0.8647,1.09,1.00
2014.11.07 18:51:25.548,0.86464,0.86472,1.01,1.00
2014.11.07 18:51:26.375,0.86463,0.86472,1.84,1.00
2014.11.07 18:51:26.882,0.86463,0.86472,1.84,1.00
2014.11.07 18:51:27.691,0.86463,0.86472,1.36,1.00
2014.11.07 18:51:28.196,0.86464,0.86472,2.44,1.00
2014.11.07 18:51:28.904,0.86464,0.86472,1.40,1.00
2014.11.07 18:51:29.409,0.86466,0.86473,1.17,1.00
2014.11.07 18:51:29.560,0.86463,0.86474,2.32,1.00
2014.11.07 18:51:29.611,0.86462,0.86473,3.07,1.07
2014.11.07 18:51:29.662,0.86462,0.86473,1.10,1.07
2014.11.07 18:51:29.713,0.86462,0.86469,2.51,1.50
2014.11.07 18:51:30.016,0.86465,0.86472,1.76,1.00
2014.11.07 18:51:30.320,0.86468,0.86474,1.36,1.00
2014.11.07 18:51:30.531,0.86468,0.86478,1.36,1.00
2014.11.07 18:51:30.582,0.86469,0.86476,1.32,1.00
2014.11.07 18:51:30.886,0.86472,0.86478,1.00,1.57
2014.11.07 18:51:30.987,0.86472,0.8648,1.00,1.10
2014.11.07 18:51:31.139,0.86474,0.86479,1.00,1.00
2014.11.07 18:51:31.594,0.86475,0.8648,1.07,1.00
2014.11.07 18:51:31.645,0.86474,0.86482,1.84,1.00
2014.11.07 18:51:31.746,0.86474,0.86482,1.76,1.00
2014.11.07 18:51:31.797,0.86478,0.86484,1.19,1.00
2014.11.07 18:51:32.100,0.86495,0.86503,1.32,1.00
2014.11.07 18:51:32.202,0.86498,0.86503,1.00,1.50
2014.11.07 18:51:32.505,0.86497,0.86505,1.00,1.00
2014.11.07 18:51:32.606,0.86498,0.86506,3.75,1.00
2014.11.07 18:51:32.758,0.86502,0.86513,1.00,1.65
2014.11.07 18:51:32.860,0.86504,0.86513,1.00,1.50
2014.11.07 18:51:33.163,0.865,0.86508,1.00,3.19
2014.11.07 18:51:33.315,0.86497,0.86506,1.00,1.00
2014.11.07 18:51:33.618,0.86501,0.86506,1.25,1.00
2014.11.07 18:51:33.770,0.86503,0.8651,2.25,1.50
2014.11.07 18:51:33.821,0.86504,0.8651,1.19,1.50
2014.11.07 18:51:33.871,0.86504,0.86513,1.69,1.00
2014.11.07 18:51:34.074,0.86507,0.86512,1.50,1.50
2014.11.07 18:51:34.175,0.865,0.86511,1.00,1.00
2014.11.07 18:51:34.428,0.86501,0.86507,1.00,1.00
2014.11.07 18:51:34.832,0.865,0.86505,1.00,1.00
2014.11.07 18:51:35.186,0.86499,0.86507,1.84,1.00
2014.11.07 18:51:35.397,0.86502,0.86509,1.50,1.57
2014.11.07 18:51:35.550,0.86499,0.86506,1.00,1.10
2014.11.07 18:51:35.753,0.86498,0.86502,1.50,1.50
2014.11.07 18:51:36.056,0.8649,0.86497,1.50,1.50
2014.11.07 18:51:36.208,0.86486,0.86496,1.50,1.50
2014.11.07 18:51:36.259,0.86487,0.86492,1.00,1.00
2014.11.07 18:51:36.562,0.86483,0.86488,1.00,1.19
2014.11.07 18:51:36.614,0.86483,0.86488,1.00,1.29
2014.11.07 18:51:36.665,0.86481,0.86485,1.00,1.00
2014.11.07 18:51:36.715,0.86472,0.86483,1.65,1.50
2014.11.07 18:51:36.766,0.86472,0.86482,1.65,1.19
2014.11.07 18:51:37.070,0.86475,0.86482,1.65,1.50
2014.11.07 18:51:37.223,0.86481,0.86489,3.00,1.00
2014.11.07 18:51:37.274,0.86484,0.86493,1.09,1.00
2014.11.07 18:51:37.375,0.86488,0.86493,1.00,1.00
2014.11.07 18:51:37.527,0.86487,0.86495,1.15,1.00
2014.11.07 18:51:38.060,0.86487,0.86495,1.00,1.00
2014.11.07 18:51:38.363,0.86484,0.86493,1.50,3.75
2014.11.07 18:51:38.414,0.86484,0.86492,1.50,1.15
2014.11.07 18:51:38.516,0.86483,0.86488,1.00,1.17
2014.11.07 18:51:38.718,0.86483,0.8649,1.10,1.00
2014.11.07 18:51:38.921,0.86484,0.86491,1.65,1.50
2014.11.07 18:51:39.426,0.86484,0.86497,4.01,1.25
2014.11.07 18:51:39.679,0.86487,0.86493,1.17,1.00
2014.11.07 18:51:39.932,0.86487,0.86495,1.10,1.00
2014.11.07 18:51:41.363,0.86487,0.86495,1.00,1.17
2014.11.07 18:51:41.667,0.86487,0.86495,1.00,1.00
2014.11.07 18:51:41.919,0.86487,0.86495,1.00,1.76
2014.11.07 18:51:42.122,0.86484,0.86493,1.50,3.15
2014.11.07 18:51:42.223,0.86485,0.8649,1.00,1.00
2014.11.07 18:51:42.729,0.86484,0.86492,2.25,1.57
2014.11.07 18:51:42.830,0.86487,0.86492,1.17,1.50
2014.11.07 18:51:42.881,0.8649,0.86496,2.44,1.00
2014.11.07 18:51:42.932,0.86493,0.86498,1.00,1.00
2014.11.07 18:51:42.983,0.86495,0.86505,1.25,1.17
2014.11.07 18:51:43.034,0.86495,0.86507,1.69,1.36
2014.11.07 18:51:43.085,0.86497,0.86508,1.00,1.84
2014.11.07 18:51:43.398,0.86497,0.86503,1.50,1.50
2014.11.07 18:51:44.560,0.86497,0.86503,1.50,1.65
2014.11.07 18:51:44.863,0.86491,0.86498,1.00,1.65
2014.11.07 18:51:45.065,0.86491,0.86497,1.50,1.65
2014.11.07 18:51:45.217,0.86487,0.86494,1.50,1.65
2014.11.07 18:51:45.318,0.86488,0.86492,1.00,1.00
2014.11.07 18:51:46.270,0.86486,0.86492,1.00,1.17
2014.11.07 18:51:46.509,0.86485,0.86491,1.00,1.84
2014.11.07 18:51:47.041,0.86484,0.86491,1.50,1.50
2014.11.07 18:51:47.193,0.86486,0.86491,1.50,1.50
2014.11.07 18:51:47.496,0.86488,0.86493,1.50,1.00
2014.11.07 18:51:47.952,0.86487,0.86495,1.65,1.00
2014.11.07 18:51:48.053,0.86493,0.86497,1.50,1.00
2014.11.07 18:51:48.155,0.86494,0.86501,1.50,1.00
2014.11.07 18:51:48.559,0.86493,0.86499,1.50,1.25
2014.11.07 18:51:48.862,0.86491,0.86497,1.50,1.00
2014.11.07 18:51:48.964,0.86492,0.86501,1.57,1.69
2014.11.07 18:51:49.166,0.86494,0.86501,1.50,1.57
2014.11.07 18:51:49.587,0.86492,0.86501,1.50,1.50
2014.11.07 18:51:49.941,0.86492,0.86498,1.00,1.00
2014.11.07 18:51:50.458,0.86492,0.86499,1.50,1.50
2014.11.07 18:51:51.024,0.86492,0.865,1.00,1.57
2014.11.07 18:51:51.327,0.8649,0.86497,1.50,1.57
2014.11.07 18:51:51.832,0.8649,0.86496,1.00,2.25
2014.11.07 18:51:52.140,0.86487,0.86496,1.00,1.50
2014.11.07 18:51:52.241,0.8649,0.86496,1.00,1.50
2014.11.07 18:51:52.443,0.8649,0.86498,1.00,1.20
2014.11.07 18:51:52.757,0.86492,0.86499,1.00,1.65
2014.11.07 18:51:53.223,0.86489,0.86497,1.00,1.57
2014.11.07 18:51:53.760,0.86489,0.86496,1.00,1.20
2014.11.07 18:51:55.988,0.86488,0.86495,1.00,1.00
2014.11.07 18:51:56.090,0.86488,0.86492,1.00,1.00
2014.11.07 18:51:56.191,0.86487,0.86494,1.57,1.50
2014.11.07 18:51:56.595,0.86486,0.86493,1.00,1.46
2014.11.07 18:51:56.899,0.86483,0.86488,1.00,1.50
2014.11.07 18:51:56.949,0.86483,0.86488,1.50,1.50
2014.11.07 18:51:57.001,0.86483,0.8649,1.00,2.25
2014.11.07 18:51:57.457,0.86483,0.86493,1.25,2.40
2014.11.07 18:51:57.507,0.86486,0.86492,1.00,1.00
2014.11.07 18:51:57.609,0.86484,0.86493,1.10,2.25
2014.11.07 18:51:57.862,0.86487,0.86492,1.00,1.00
2014.11.07 18:51:59.017,0.86487,0.86491,1.00,1.50
2014.11.07 18:51:59.169,0.86484,0.86493,1.50,3.15
2014.11.07 18:51:59.604,0.86487,0.86492,1.00,1.00
2014.11.07 18:52:00.110,0.86486,0.86492,1.00,1.00
2014.11.07 18:52:01.548,0.86486,0.8649,1.00,1.50
2014.11.07 18:52:01.902,0.86483,0.86489,1.50,1.50
2014.11.07 18:52:02.256,0.86483,0.86487,1.00,1.00
2014.11.07 18:52:02.762,0.86483,0.86488,1.00,1.00
2014.11.07 18:52:02.813,0.86484,0.86492,1.00,1.50
2014.11.07 18:52:03.130,0.86487,0.86493,1.50,3.15
2014.11.07 18:52:03.614,0.86487,0.86492,1.50,1.65
2014.11.07 18:52:03.665,0.86485,0.86493,1.00,1.15
2014.11.07 18:52:03.716,0.86485,0.86493,1.00,1.00
2014.11.07 18:52:04.071,0.86485,0.86491,1.00,1.50
2014.11.07 18:52:04.376,0.86483,0.86489,1.50,1.76
2014.11.07 18:52:04.578,0.86479,0.86486,1.00,1.50
2014.11.07 18:52:05.083,0.86479,0.86487,1.00,2.32
2014.11.07 18:52:05.279,0.86479,0.86486,1.00,1.65
2014.11.07 18:52:05.331,0.86477,0.86485,1.00,1.17
2014.11.07 18:52:05.382,0.86477,0.86485,1.00,1.15
2014.11.07 18:52:05.534,0.86477,0.86486,1.50,3.34
2014.11.07 18:52:05.635,0.86479,0.86485,1.00,1.57
2014.11.07 18:52:05.939,0.86477,0.86483,1.00,1.65
2014.11.07 18:52:06.445,0.86477,0.86484,1.00,2.40
2014.11.07 18:52:06.699,0.86477,0.86484,1.10,1.00
2014.11.07 18:52:06.852,0.86479,0.86486,1.00,1.10
2014.11.07 18:52:07.156,0.86482,0.86489,1.00,1.65
2014.11.07 18:52:07.207,0.86483,0.86489,1.50,1.50
2014.11.07 18:52:07.513,0.86483,0.86491,1.50,1.50
2014.11.07 18:52:08.017,0.86483,0.8649,1.50,1.01
2014.11.07 18:52:08.068,0.86483,0.86488,1.50,1.50
2014.11.07 18:52:08.372,0.8648,0.86485,1.00,1.00
2014.11.07 18:52:08.726,0.8648,0.86485,1.00,1.00
2014.11.07 18:52:08.878,0.86473,0.86482,1.00,2.40
2014.11.07 18:52:08.929,0.86473,0.86482,1.00,2.32
2014.11.07 18:52:09.081,0.86475,0.86481,1.50,3.00
2014.11.07 18:52:09.384,0.86467,0.86477,1.17,1.50
2014.11.07 18:52:09.536,0.86467,0.86475,1.50,1.50
2014.11.07 18:52:09.637,0.86467,0.86475,1.50,3.15
2014.11.07 18:52:09.789,0.86467,0.86475,3.19,1.57
2014.11.07 18:52:10.042,0.86472,0.86478,1.00,1.65
2014.11.07 18:52:10.386,0.8647,0.86475,1.00,1.57
2014.11.07 18:52:10.904,0.8647,0.86476,1.00,1.50
2014.11.07 18:52:11.915,0.8647,0.86475,1.00,1.00
2014.11.07 18:52:12.067,0.86466,0.86473,1.00,1.57
2014.11.07 18:52:12.169,0.86466,0.86471,1.00,1.00
2014.11.07 18:52:13.534,0.86464,0.86468,1.00,1.50
2014.11.07 18:52:13.685,0.86461,0.86468,1.00,1.57
2014.11.07 18:52:14.000,0.8646,0.86466,1.50,1.00
2014.11.07 18:52:14.815,0.8646,0.86466,1.17,1.00
2014.11.07 18:52:14.916,0.86463,0.86469,1.00,1.00
2014.11.07 18:52:15.018,0.86465,0.8647,1.00,2.25
2014.11.07 18:52:15.221,0.86465,0.86472,1.00,2.25
2014.11.07 18:52:15.322,0.86467,0.86472,1.00,2.25
2014.11.07 18:52:16.905,0.86467,0.86472,1.00,1.00
2014.11.07 18:52:17.007,0.86475,0.86481,1.00,1.50
2014.11.07 18:52:17.109,0.86477,0.86481,1.00,1.50
2014.11.07 18:52:17.261,0.86474,0.86483,1.00,1.65
2014.11.07 18:52:17.798,0.86475,0.8648,1.00,1.00
2014.11.07 18:52:18.303,0.86477,0.86482,1.00,1.17
2014.11.07 18:52:18.809,0.86477,0.86482,1.00,1.20
2014.11.07 18:52:19.489,0.86476,0.86484,1.50,3.07
2014.11.07 18:52:20.825,0.86476,0.86483,1.50,1.57
2014.11.07 18:52:21.129,0.86473,0.86477,1.00,1.10
2014.11.07 18:52:21.180,0.86471,0.86478,1.00,1.15
2014.11.07 18:52:21.281,0.86469,0.86476,1.00,1.10
2014.11.07 18:52:21.736,0.86468,0.86474,1.00,1.00
2014.11.07 18:52:22.241,0.86467,0.86474,1.50,1.57
2014.11.07 18:52:22.852,0.86469,0.86474,1.00,1.50
2014.11.07 18:52:23.055,0.86475,0.86482,1.65,1.00
2014.11.07 18:52:23.258,0.86477,0.86483,1.00,2.59
2014.11.07 18:52:23.763,0.86476,0.86483,1.00,1.15
2014.11.07 18:52:24.219,0.86476,0.8648,1.00,1.00
2014.11.07 18:52:24.270,0.86474,0.8648,1.50,1.20
2014.11.07 18:52:24.372,0.86472,0.86479,1.00,3.34
2014.11.07 18:52:24.574,0.8647,0.86477,1.00,1.10
2014.11.07 18:52:24.625,0.86467,0.86476,1.69,1.00
2014.11.07 18:52:24.676,0.86467,0.86475,1.76,1.00
2014.11.07 18:52:24.828,0.86472,0.86477,1.00,1.00
2014.11.07 18:52:24.980,0.86474,0.86484,1.00,1.15
2014.11.07 18:52:25.031,0.86475,0.86483,1.00,1.20
2014.11.07 18:52:25.133,0.86477,0.86482,1.00,1.00
2014.11.07 18:52:25.790,0.86479,0.86485,1.00,1.50
2014.11.07 18:52:26.308,0.8648,0.86484,1.00,1.00
2014.11.07 18:52:26.661,0.86477,0.86485,2.25,1.50
2014.11.07 18:52:27.428,0.86476,0.86485,1.50,1.50
2014.11.07 18:52:27.966,0.86476,0.86485,1.50,1.65
2014.11.07 18:52:28.477,0.86476,0.86485,1.50,2.51
2014.11.07 18:52:29.006,0.86476,0.86485,1.65,2.44
2014.11.07 18:52:29.108,0.86479,0.86484,1.00,1.00
2014.11.07 18:52:29.411,0.86483,0.86487,1.00,1.00
2014.11.07 18:52:29.512,0.86484,0.8649,1.84,1.00
2014.11.07 18:52:29.614,0.86486,0.86494,1.00,1.00
2014.11.07 18:52:29.766,0.86484,0.86492,1.50,1.25
2014.11.07 18:52:30.069,0.86486,0.86493,1.50,1.50
2014.11.07 18:52:30.373,0.86485,0.86492,1.00,1.65
2014.11.07 18:52:30.690,0.86484,0.86493,1.00,1.07
2014.11.07 18:52:30.893,0.86485,0.86493,1.15,1.00
2014.11.07 18:52:30.943,0.86488,0.86497,1.00,1.10
2014.11.07 18:52:31.297,0.86488,0.86495,1.00,1.00
2014.11.07 18:52:31.802,0.86488,0.86496,1.50,1.57
2014.11.07 18:52:32.056,0.86491,0.86501,1.00,1.50
2014.11.07 18:52:32.158,0.86497,0.86503,1.00,1.00
2014.11.07 18:52:32.613,0.86497,0.86505,1.50,1.57
2014.11.07 18:52:32.714,0.86501,0.86505,1.00,1.00
2014.11.07 18:52:32.816,0.86501,0.8651,1.00,1.50
2014.11.07 18:52:32.917,0.86505,0.86512,1.00,1.10
2014.11.07 18:52:33.877,0.86506,0.86512,1.07,1.00
2014.11.07 18:52:33.928,0.86506,0.86517,1.07,1.10
2014.11.07 18:52:33.979,0.86508,0.86517,4.50,1.00
2014.11.07 18:52:34.030,0.86512,0.86521,1.20,1.00
2014.11.07 18:52:34.081,0.86514,0.86522,4.50,1.00
2014.11.07 18:52:34.132,0.86516,0.86526,1.65,1.00
2014.11.07 18:52:34.233,0.86517,0.86528,1.76,1.50
2014.11.07 18:52:34.486,0.86517,0.86526,1.00,1.00
2014.11.07 18:52:34.826,0.86522,0.86532,2.25,1.65
2014.11.07 18:52:34.928,0.86523,0.86529,1.50,1.50
2014.11.07 18:52:35.333,0.86525,0.86532,1.00,1.00
2014.11.07 18:52:35.687,0.86528,0.86535,1.50,1.00
2014.11.07 18:52:36.194,0.86528,0.86534,2.25,1.00
2014.11.07 18:52:36.649,0.86522,0.86527,1.00,1.00
2014.11.07 18:52:36.700,0.86522,0.86527,1.00,1.00
2014.11.07 18:52:36.801,0.86521,0.86529,1.50,1.00
2014.11.07 18:52:36.903,0.86523,0.8653,1.00,1.00
2014.11.07 18:52:37.005,0.86522,0.86533,3.00,1.50
2014.11.07 18:52:37.106,0.86526,0.86533,1.50,1.50
2014.11.07 18:52:37.310,0.86526,0.86535,1.50,1.50
2014.11.07 18:52:37.664,0.86528,0.86535,1.50,1.00
2014.11.07 18:52:37.968,0.8653,0.86538,2.25,1.00
2014.11.07 18:52:38.313,0.8653,0.86536,1.00,1.19
2014.11.07 18:52:38.515,0.86523,0.86531,1.00,1.00
2014.11.07 18:52:38.970,0.86525,0.86533,1.50,1.57
2014.11.07 18:52:39.223,0.86528,0.86537,1.69,1.00
2014.11.07 18:52:39.324,0.8653,0.86537,1.00,1.00
2014.11.07 18:52:40.336,0.86533,0.86537,1.50,1.00
2014.11.07 18:52:40.438,0.86537,0.86543,1.50,1.50
2014.11.07 18:52:40.998,0.86538,0.86543,1.50,1.00
2014.11.07 18:52:41.920,0.86539,0.86543,1.25,1.00
2014.11.07 18:52:41.970,0.86543,0.86547,1.50,1.00
2014.11.07 18:52:42.072,0.86543,0.86549,2.25,1.00
2014.11.07 18:52:42.173,0.86543,0.86552,2.32,1.00
2014.11.07 18:52:42.527,0.86545,0.86552,1.25,1.00
2014.11.07 18:52:42.830,0.86549,0.86554,1.57,1.00
2014.11.07 18:52:42.932,0.86546,0.86555,1.69,1.20
2014.11.07 18:52:43.437,0.86547,0.86556,1.57,1.00
2014.11.07 18:52:43.488,0.86549,0.86556,1.00,1.00
2014.11.07 18:52:43.690,0.86551,0.86559,1.00,1.00
2014.11.07 18:52:46.124,0.8655,0.86559,1.50,1.00
2014.11.07 18:52:47.230,0.86552,0.86559,1.50,1.00
2014.11.07 18:52:47.432,0.86556,0.86568,1.00,1.00
2014.11.07 18:52:47.534,0.86558,0.86568,1.00,1.69
2014.11.07 18:52:47.837,0.8656,0.86568,1.50,1.00
2014.11.07 18:52:47.989,0.86559,0.8657,1.00,1.50
2014.11.07 18:52:48.697,0.8656,0.8657,1.50,1.00
2014.11.07 18:52:48.849,0.86563,0.8657,1.00,1.00
2014.11.07 18:52:48.900,0.86563,0.86572,1.00,1.50
2014.11.07 18:52:48.951,0.86566,0.86572,1.00,1.50
2014.11.07 18:52:49.001,0.86567,0.86574,1.00,1.00
2014.11.07 18:52:49.658,0.86568,0.86577,1.00,1.00
2014.11.07 18:52:49.759,0.8657,0.86578,1.50,1.00
2014.11.07 18:52:50.063,0.86563,0.86568,1.00,1.00
2014.11.07 18:52:50.315,0.8656,0.86567,1.00,1.50
2014.11.07 18:52:50.417,0.8656,0.86565,1.00,1.00
2014.11.07 18:52:50.922,0.86559,0.86565,1.00,1.00
2014.11.07 18:52:51.074,0.8656,0.8657,1.00,1.25
2014.11.07 18:52:51.276,0.8656,0.86566,1.00,1.00
2014.11.07 18:52:51.327,0.86558,0.86566,1.50,1.50
2014.11.07 18:52:51.428,0.86558,0.86564,1.50,1.00
2014.11.07 18:52:51.933,0.86563,0.86571,1.00,1.00
2014.11.07 18:52:51.985,0.86563,0.86569,1.00,1.00
2014.11.07 18:52:52.086,0.86565,0.86569,1.50,1.00
2014.11.07 18:52:52.289,0.86567,0.86572,1.00,1.00
2014.11.07 18:52:52.818,0.86567,0.86573,1.00,1.00
2014.11.07 18:52:54.314,0.86564,0.86571,1.25,3.75
2014.11.07 18:52:54.467,0.86544,0.86551,3.07,1.00
2014.11.07 18:52:54.568,0.86538,0.86545,1.00,1.76
2014.11.07 18:52:54.619,0.86528,0.8654,1.00,1.50
2014.11.07 18:52:54.721,0.8653,0.8654,1.00,1.00
2014.11.07 18:52:54.823,0.86526,0.86538,1.10,1.69
2014.11.07 18:52:54.924,0.86528,0.86532,1.00,1.00
2014.11.07 18:52:55.025,0.86527,0.86538,1.50,1.50
2014.11.07 18:52:55.127,0.86529,0.86538,1.00,1.50
2014.11.07 18:52:55.432,0.86528,0.86535,1.00,1.00
2014.11.07 18:52:55.786,0.86527,0.86533,1.00,1.00
2014.11.07 18:52:56.090,0.86526,0.86531,1.00,1.00
2014.11.07 18:52:56.586,0.86528,0.86536,1.50,1.50
2014.11.07 18:52:57.660,0.86524,0.86536,1.50,1.00
2014.11.07 18:52:57.761,0.86524,0.86533,2.25,1.00
2014.11.07 18:52:58.316,0.86524,0.86531,1.50,1.00
2014.11.07 18:52:59.350,0.86524,0.86531,1.87,1.00
2014.11.07 18:52:59.787,0.86524,0.86533,1.87,1.00
2014.11.07 18:53:00.343,0.86524,0.86533,1.69,1.00
2014.11.07 18:53:00.445,0.86527,0.86532,1.00,1.00
2014.11.07 18:53:01.102,0.86527,0.86535,1.00,1.00
2014.11.07 18:53:01.760,0.86527,0.86532,1.00,1.00
2014.11.07 18:53:01.862,0.86519,0.86528,1.50,1.10
2014.11.07 18:53:01.964,0.86514,0.86528,1.50,1.00
2014.11.07 18:53:02.015,0.86514,0.86525,1.50,1.19
2014.11.07 18:53:02.318,0.86513,0.86518,1.00,1.00
2014.11.07 18:53:02.521,0.86512,0.86521,1.50,1.00
2014.11.07 18:53:02.976,0.86515,0.8652,1.00,1.00
2014.11.07 18:53:03.077,0.86515,0.86522,1.00,1.00
2014.11.07 18:53:04.037,0.86516,0.86523,1.50,1.50
2014.11.07 18:53:04.391,0.86515,0.8652,1.00,1.00
2014.11.07 18:53:05.789,0.86516,0.86523,1.00,1.00
2014.11.07 18:53:06.041,0.8652,0.86527,1.00,1.69
2014.11.07 18:53:06.244,0.86517,0.86524,1.50,1.50
2014.11.07 18:53:06.497,0.86517,0.86521,1.00,1.00
2014.11.07 18:53:06.800,0.86515,0.86526,1.50,1.25
2014.11.07 18:53:06.901,0.86517,0.86526,1.00,1.25
2014.11.07 18:53:07.204,0.86518,0.86522,1.00,1.00
2014.11.07 18:53:07.710,0.86517,0.86522,1.00,1.00
2014.11.07 18:53:08.215,0.86517,0.86523,1.00,1.00
2014.11.07 18:53:08.519,0.86516,0.86521,1.00,1.57
2014.11.07 18:53:08.569,0.8651,0.86521,1.00,1.29
2014.11.07 18:53:08.620,0.8651,0.86516,1.00,1.19
2014.11.07 18:53:08.671,0.86507,0.86516,1.00,1.19
2014.11.07 18:53:08.772,0.86506,0.86511,1.00,1.00
2014.11.07 18:53:08.925,0.86502,0.86513,1.00,1.00
2014.11.07 18:53:09.026,0.86503,0.86509,1.00,1.00
2014.11.07 18:53:09.229,0.86505,0.86516,1.00,1.25
2014.11.07 18:53:09.532,0.86506,0.86513,1.00,1.00
2014.11.07 18:53:09.684,0.86503,0.86513,1.00,1.00
2014.11.07 18:53:09.785,0.86504,0.86509,1.00,1.00
2014.11.07 18:53:10.442,0.86503,0.86509,1.00,1.00
2014.11.07 18:53:10.646,0.86504,0.86511,2.25,1.50
2014.11.07 18:53:11.252,0.86504,0.86511,1.57,1.50
2014.11.07 18:53:11.711,0.86507,0.86514,1.00,1.00
2014.11.07 18:53:12.065,0.86509,0.86514,1.00,1.00
2014.11.07 18:53:12.570,0.86509,0.86515,1.50,1.50
2014.11.07 18:53:12.924,0.86509,0.86523,1.65,1.25
2014.11.07 18:53:13.076,0.86512,0.86519,1.01,1.00
2014.11.07 18:53:13.127,0.86512,0.86519,1.40,1.00
2014.11.07 18:53:13.279,0.86515,0.86523,1.17,1.00
2014.11.07 18:53:13.792,0.86515,0.86523,1.00,1.00
2014.11.07 18:53:13.944,0.86518,0.86523,1.69,1.00
2014.11.07 18:53:14.096,0.86522,0.86528,1.25,1.00
2014.11.07 18:53:14.300,0.86525,0.8653,1.00,1.00
2014.11.07 18:53:14.401,0.86524,0.86533,2.25,1.50
2014.11.07 18:53:14.553,0.86525,0.86533,1.17,1.50
2014.11.07 18:53:14.857,0.86524,0.86531,1.00,1.00
2014.11.07 18:53:15.161,0.86517,0.86524,1.00,1.17
2014.11.07 18:53:15.415,0.86512,0.86521,1.50,1.34
2014.11.07 18:53:15.768,0.86512,0.8652,1.50,1.34
2014.11.07 18:53:15.819,0.86509,0.86517,1.00,1.00
2014.11.07 18:53:16.279,0.86508,0.86513,1.57,1.00
2014.11.07 18:53:16.584,0.86508,0.86514,1.65,1.00
2014.11.07 18:53:17.092,0.86508,0.86514,1.65,1.00
2014.11.07 18:53:17.942,0.86508,0.86516,1.65,1.00
2014.11.07 18:53:18.472,0.8651,0.86515,1.17,1.00
2014.11.07 18:53:18.674,0.86503,0.86509,1.50,1.19
2014.11.07 18:53:18.775,0.86497,0.86504,1.00,1.00
2014.11.07 18:53:18.826,0.86497,0.86504,1.00,1.00
2014.11.07 18:53:18.928,0.86491,0.86504,1.15,1.20
2014.11.07 18:53:18.979,0.86492,0.86504,1.15,1.10
2014.11.07 18:53:19.282,0.86494,0.86505,1.15,1.00
2014.11.07 18:53:19.739,0.86494,0.86505,3.07,1.00
2014.11.07 18:53:20.244,0.86495,0.86504,1.15,1.00
2014.11.07 18:53:20.547,0.86495,0.86504,1.20,1.00
2014.11.07 18:53:21.417,0.86496,0.86504,1.00,1.00
2014.11.07 18:53:21.569,0.86498,0.86505,1.00,1.00
2014.11.07 18:53:21.987,0.86501,0.86506,2.17,1.00
2014.11.07 18:53:22.088,0.86508,0.86512,1.10,1.00
2014.11.07 18:53:22.240,0.86508,0.86516,1.65,1.50
2014.11.07 18:53:22.291,0.8651,0.86516,1.17,1.00
2014.11.07 18:53:22.342,0.86511,0.8652,1.07,1.00
2014.11.07 18:53:22.544,0.86509,0.86517,1.65,1.00
2014.11.07 18:53:23.304,0.86512,0.86516,1.10,1.00
2014.11.07 18:53:23.631,0.8651,0.86516,1.10,1.00
2014.11.07 18:53:23.732,0.86508,0.86513,1.17,1.00
2014.11.07 18:53:24.238,0.86508,0.86513,1.00,1.00
2014.11.07 18:53:24.391,0.86506,0.86514,1.20,1.00
2014.11.07 18:53:25.377,0.86506,0.86513,1.00,1.00
2014.11.07 18:53:25.631,0.86503,0.86514,1.50,2.21
2014.11.07 18:53:25.733,0.86503,0.8651,1.00,1.00
2014.11.07 18:53:26.037,0.86502,0.86508,1.50,1.50
2014.11.07 18:53:26.391,0.865,0.86508,1.00,1.00
2014.11.07 18:53:26.694,0.86499,0.86508,1.15,1.00
2014.11.07 18:53:26.948,0.86504,0.86512,1.00,1.00
2014.11.07 18:53:26.999,0.86504,0.86512,1.15,1.00
2014.11.07 18:53:27.302,0.86506,0.86514,1.15,1.00
2014.11.07 18:53:27.504,0.86506,0.86512,1.07,1.00
2014.11.07 18:53:27.606,0.86506,0.86514,1.15,1.00
2014.11.07 18:53:28.266,0.86506,0.86514,1.15,1.50
2014.11.07 18:53:28.784,0.86506,0.86514,1.17,1.50
2014.11.07 18:53:29.518,0.86507,0.86514,1.15,1.50
2014.11.07 18:53:29.569,0.86511,0.86517,1.00,1.00
2014.11.07 18:53:29.823,0.86509,0.86518,1.00,1.10
2014.11.07 18:53:30.025,0.86508,0.86514,1.00,1.00
2014.11.07 18:53:30.329,0.86505,0.86515,1.00,1.55
2014.11.07 18:53:30.431,0.86505,0.86511,1.00,1.00
2014.11.07 18:53:30.787,0.86503,0.8651,1.00,1.10
2014.11.07 18:53:32.413,0.86503,0.86508,1.00,1.00
2014.11.07 18:53:32.464,0.865,0.86507,1.10,1.00
2014.11.07 18:53:32.980,0.86502,0.86507,1.00,1.50
2014.11.07 18:53:33.233,0.86501,0.86509,1.57,1.00
2014.11.07 18:53:33.284,0.86501,0.86513,2.51,1.07
2014.11.07 18:53:33.334,0.86504,0.86513,1.00,1.07
2014.11.07 18:53:33.840,0.86504,0.86513,1.50,1.10
2014.11.07 18:53:34.346,0.86504,0.86512,1.00,1.20
2014.11.07 18:53:34.598,0.86502,0.86513,1.50,3.34
2014.11.07 18:53:34.800,0.86502,0.8651,1.00,1.07
2014.11.07 18:53:35.375,0.86501,0.8651,1.00,1.32
2014.11.07 18:53:35.907,0.86501,0.8651,1.00,1.09
2014.11.07 18:53:36.416,0.86501,0.8651,1.00,1.09
2014.11.07 18:53:36.731,0.86499,0.86506,1.50,1.50
2014.11.07 18:53:37.964,0.865,0.86506,1.00,1.00
2014.11.07 18:53:38.485,0.865,0.86507,1.00,1.00
2014.11.07 18:53:40.993,0.865,0.86506,1.00,1.50
2014.11.07 18:53:41.246,0.86489,0.86497,2.40,1.50
2014.11.07 18:53:41.449,0.86487,0.86495,1.65,1.50
2014.11.07 18:53:41.550,0.86486,0.86495,1.00,1.37
2014.11.07 18:53:41.702,0.86483,0.86495,1.50,1.65
2014.11.07 18:53:41.803,0.86483,0.86492,1.50,1.26
2014.11.07 18:53:42.006,0.86481,0.86491,1.00,1.32
2014.11.07 18:53:42.395,0.86481,0.86488,1.00,1.00
2014.11.07 18:53:42.901,0.86483,0.86488,1.00,1.00
2014.11.07 18:53:43.002,0.86486,0.86497,1.10,1.07
2014.11.07 18:53:43.053,0.86486,0.86497,1.20,1.00
2014.11.07 18:53:43.104,0.86486,0.86495,1.65,1.00
2014.11.07 18:53:43.407,0.86486,0.86492,1.00,1.10
2014.11.07 18:53:43.458,0.86483,0.8649,1.00,1.00
2014.11.07 18:53:43.762,0.86483,0.86488,1.00,1.10
2014.11.07 18:53:44.536,0.86482,0.8649,1.50,1.50
2014.11.07 18:53:45.041,0.86481,0.8649,1.00,1.10
2014.11.07 18:53:45.547,0.86481,0.8649,1.00,1.69
2014.11.07 18:53:45.648,0.8648,0.86484,1.10,1.00
2014.11.07 18:53:45.750,0.86473,0.86484,1.84,1.00
2014.11.07 18:53:45.851,0.86473,0.8648,1.36,1.00
2014.11.07 18:53:46.003,0.86473,0.8648,1.10,1.00
2014.11.07 18:53:47.181,0.86474,0.86481,1.00,1.00
2014.11.07 18:53:47.384,0.86475,0.86483,1.00,1.00
2014.11.07 18:53:48.004,0.86475,0.86483,1.27,1.00
2014.11.07 18:53:48.578,0.86477,0.86484,1.15,1.00
2014.11.07 18:53:49.083,0.8648,0.86485,1.20,1.00
2014.11.07 18:53:49.285,0.86481,0.86488,1.00,1.00
2014.11.07 18:53:49.792,0.86477,0.86486,1.65,1.00
2014.11.07 18:53:49.995,0.86478,0.86485,1.00,1.00
2014.11.07 18:53:50.500,0.86478,0.86485,1.17,1.00
2014.11.07 18:53:51.005,0.86478,0.86485,1.00,1.50
2014.11.07 18:53:51.813,0.86477,0.86486,1.27,1.00
2014.11.07 18:53:52.015,0.8648,0.86487,1.00,1.00
2014.11.07 18:53:52.573,0.8648,0.86488,1.00,1.00
2014.11.07 18:53:53.206,0.8648,0.86485,1.00,1.00
2014.11.07 18:53:55.126,0.86479,0.86487,1.00,1.00
2014.11.07 18:53:55.227,0.86482,0.86487,1.00,1.00
2014.11.07 18:53:56.514,0.8648,0.86488,1.00,1.00
2014.11.07 18:53:56.721,0.8648,0.86486,1.00,1.00
2014.11.07 18:53:57.241,0.86479,0.86486,1.65,1.50
2014.11.07 18:53:59.741,0.86478,0.86485,1.00,1.00
2014.11.07 18:54:00.044,0.86482,0.86489,1.69,1.00
2014.11.07 18:54:00.549,0.86483,0.86491,1.00,1.00
2014.11.07 18:54:00.701,0.86482,0.86487,1.10,1.00
2014.11.07 18:54:00.913,0.86481,0.86489,1.07,1.00
2014.11.07 18:54:01.419,0.86481,0.8649,1.07,1.00
2014.11.07 18:54:04.530,0.86481,0.8649,1.50,1.00
2014.11.07 18:54:04.834,0.86481,0.8649,1.15,1.00
2014.11.07 18:54:05.138,0.86481,0.86486,1.57,1.00
2014.11.07 18:54:05.657,0.86481,0.86487,1.10,1.00
2014.11.07 18:54:06.011,0.8648,0.86485,1.57,1.00
2014.11.07 18:54:07.671,0.86478,0.86485,1.50,1.00
2014.11.07 18:54:09.278,0.86479,0.86485,1.00,1.00
2014.11.07 18:54:09.730,0.86476,0.86486,2.44,1.00
2014.11.07 18:54:09.932,0.86476,0.86483,1.76,1.00
2014.11.07 18:54:10.240,0.8648,0.86484,1.00,1.00
2014.11.07 18:54:10.342,0.86479,0.86486,1.10,1.00
2014.11.07 18:54:12.054,0.86479,0.86485,1.00,1.00
2014.11.07 18:54:12.256,0.86476,0.86482,1.50,1.00
2014.11.07 18:54:13.457,0.86475,0.86479,1.00,1.00
2014.11.07 18:54:13.559,0.86471,0.8648,1.50,1.20
2014.11.07 18:54:14.570,0.86471,0.8648,1.50,1.65
2014.11.07 18:54:14.974,0.86469,0.86476,1.00,1.07
2014.11.07 18:54:15.076,0.86464,0.86475,1.00,4.50
2014.11.07 18:54:15.126,0.86464,0.8647,1.00,1.19
2014.11.07 18:54:15.412,0.86459,0.86465,1.00,1.31
2014.11.07 18:54:15.514,0.86457,0.86465,1.00,2.89
2014.11.07 18:54:15.565,0.86456,0.86464,1.00,2.51
2014.11.07 18:54:15.666,0.86452,0.86458,1.00,1.19
2014.11.07 18:54:15.717,0.86451,0.86455,1.00,1.00
2014.11.07 18:54:15.768,0.86447,0.86455,1.00,1.10
2014.11.07 18:54:15.819,0.86447,0.86453,1.00,1.00
2014.11.07 18:54:16.191,0.86445,0.86453,1.50,1.65
2014.11.07 18:54:16.241,0.8644,0.86452,1.57,3.19
2014.11.07 18:54:16.292,0.86442,0.8645,1.00,1.15
2014.11.07 18:54:16.393,0.8644,0.86449,1.00,1.34
2014.11.07 18:54:16.496,0.86439,0.86445,1.50,1.00
2014.11.07 18:54:16.647,0.86439,0.86449,1.00,1.39
2014.11.07 18:54:16.849,0.8644,0.86447,1.19,1.50
2014.11.07 18:54:16.951,0.86441,0.86449,1.25,1.50
2014.11.07 18:54:17.001,0.86444,0.86449,1.00,1.50
2014.11.07 18:54:17.103,0.86442,0.86449,1.00,1.00
2014.11.07 18:54:17.305,0.86444,0.86451,1.00,1.00
2014.11.07 18:54:17.507,0.86445,0.86453,1.50,1.50
2014.11.07 18:54:17.810,0.86447,0.86453,1.00,1.50
2014.11.07 18:54:18.114,0.86449,0.86456,2.59,1.00
2014.11.07 18:54:18.164,0.86454,0.86461,1.00,1.00
2014.11.07 18:54:18.266,0.86456,0.86463,1.00,1.00
2014.11.07 18:54:18.620,0.86456,0.86465,2.51,1.50
2014.11.07 18:54:18.722,0.86459,0.86466,1.25,1.50
2014.11.07 18:54:18.823,0.8646,0.86469,1.10,1.00
2014.11.07 18:54:18.874,0.86462,0.86469,1.10,1.00
2014.11.07 18:54:18.975,0.86459,0.86469,2.89,1.00
2014.11.07 18:54:19.026,0.86462,0.8647,1.00,1.50
2014.11.07 18:54:19.329,0.86466,0.86472,1.50,1.00
2014.11.07 18:54:19.380,0.86467,0.86475,1.00,1.00
2014.11.07 18:54:19.482,0.8647,0.86474,1.00,1.00
2014.11.07 18:54:19.583,0.86469,0.8648,1.00,1.00
2014.11.07 18:54:19.685,0.86469,0.86478,1.00,1.00
2014.11.07 18:54:19.988,0.86469,0.86476,1.50,1.50
2014.11.07 18:54:20.291,0.86467,0.86474,1.00,1.00
2014.11.07 18:54:20.611,0.86469,0.86474,1.00,1.00
2014.11.07 18:54:20.813,0.86473,0.86479,1.12,1.00
2014.11.07 18:54:20.915,0.86474,0.8648,1.37,1.00
2014.11.07 18:54:21.016,0.86476,0.86483,1.50,1.00
2014.11.07 18:54:21.370,0.86476,0.86485,2.25,1.50
2014.11.07 18:54:21.471,0.8648,0.86484,1.00,1.00
2014.11.07 18:54:25.683,0.86478,0.86483,1.00,1.00
2014.11.07 18:54:25.784,0.86472,0.8648,1.50,1.50
2014.11.07 18:54:25.835,0.86472,0.86478,1.50,1.00
2014.11.07 18:54:25.987,0.86468,0.86477,1.00,1.00
2014.11.07 18:54:26.088,0.86468,0.86475,1.00,1.00
2014.11.07 18:54:28.135,0.86468,0.86475,1.37,1.00
2014.11.07 18:54:28.388,0.86467,0.86477,1.00,1.00
2014.11.07 18:54:28.489,0.86467,0.86475,1.00,1.00
2014.11.07 18:54:28.792,0.8647,0.86476,1.00,1.00
2014.11.07 18:54:29.095,0.86468,0.86474,1.00,1.00
2014.11.07 18:54:29.600,0.86463,0.86475,1.50,4.46
2014.11.07 18:54:29.702,0.86464,0.86469,1.00,1.00
2014.11.07 18:54:29.803,0.86462,0.8647,1.50,1.00
2014.11.07 18:54:30.258,0.8646,0.86465,1.00,1.00
2014.11.07 18:54:30.813,0.86459,0.86468,2.25,1.50
2014.11.07 18:54:30.965,0.86461,0.86469,1.00,1.00
2014.11.07 18:54:31.269,0.86462,0.86472,1.00,1.19
2014.11.07 18:54:31.370,0.8646,0.86471,1.50,1.19
2014.11.07 18:54:31.471,0.8646,0.86468,1.50,1.50
2014.11.07 18:54:31.774,0.86463,0.86468,1.00,1.50
2014.11.07 18:54:31.927,0.86464,0.86471,1.00,1.50
2014.11.07 18:54:32.028,0.86467,0.86472,1.00,1.00
2014.11.07 18:54:32.231,0.86455,0.86467,1.10,1.01
2014.11.07 18:54:32.432,0.8646,0.86467,1.00,1.07
2014.11.07 18:54:32.736,0.86463,0.86469,1.57,1.00
2014.11.07 18:54:32.787,0.86464,0.86471,1.50,1.50
2014.11.07 18:54:32.888,0.86466,0.8647,1.00,1.00
2014.11.07 18:54:33.199,0.86465,0.86473,1.57,1.50
2014.11.07 18:54:33.603,0.86465,0.86473,1.65,1.50
2014.11.07 18:54:34.109,0.86466,0.86473,1.40,1.50
2014.11.07 18:54:34.715,0.86466,0.86473,1.17,1.50
2014.11.07 18:54:35.638,0.86466,0.86473,1.15,1.50
2014.11.07 18:54:35.842,0.86466,0.86473,1.15,1.50
2014.11.07 18:54:36.146,0.86465,0.86473,1.50,1.50
2014.11.07 18:54:36.651,0.86465,0.86472,1.00,1.00
2014.11.07 18:54:37.005,0.86464,0.8647,1.00,1.00
2014.11.07 18:54:37.561,0.86465,0.86472,1.00,1.00
2014.11.07 18:54:40.236,0.86465,0.86472,1.00,1.27
2014.11.07 18:54:40.388,0.86463,0.8647,1.00,1.29
2014.11.07 18:54:40.640,0.86459,0.86467,1.65,1.50
2014.11.07 18:54:40.843,0.86462,0.8647,1.57,1.50
2014.11.07 18:54:41.298,0.86462,0.86473,1.10,1.00
2014.11.07 18:54:41.500,0.86464,0.86473,1.00,1.00
2014.11.07 18:54:41.803,0.86462,0.8647,1.50,1.50
2014.11.07 18:54:42.217,0.86462,0.8647,1.57,1.50
2014.11.07 18:54:42.470,0.86465,0.86472,1.00,1.00
2014.11.07 18:54:43.111,0.86465,0.86472,1.00,1.07
2014.11.07 18:54:43.264,0.86462,0.86469,1.00,1.00
2014.11.07 18:54:45.774,0.86463,0.86471,1.00,1.47
2014.11.07 18:54:46.331,0.86464,0.86471,1.00,1.00
2014.11.07 18:54:47.040,0.86462,0.8647,1.00,1.20
2014.11.07 18:54:47.551,0.86462,0.8647,1.00,1.20
2014.11.07 18:54:47.905,0.86462,0.86471,1.50,1.50
2014.11.07 18:54:48.510,0.86462,0.86469,1.00,1.00
2014.11.07 18:54:49.016,0.86461,0.86468,1.00,1.00
2014.11.07 18:54:49.976,0.86461,0.86471,1.50,1.50
2014.11.07 18:54:50.178,0.86463,0.86471,1.00,1.00
2014.11.07 18:54:50.799,0.86463,0.86471,1.00,1.20
2014.11.07 18:54:51.310,0.86462,0.86471,1.00,1.27
2014.11.07 18:54:51.714,0.86463,0.86472,1.00,1.00
2014.11.07 18:54:51.816,0.86465,0.86472,1.00,1.00
2014.11.07 18:54:52.522,0.86464,0.86472,1.00,1.00
2014.11.07 18:54:52.928,0.86463,0.86469,1.00,1.00
2014.11.07 18:54:53.434,0.86463,0.86469,1.17,1.00
2014.11.07 18:54:53.484,0.86464,0.86473,1.10,1.00
2014.11.07 18:54:54.352,0.86463,0.86473,1.17,1.37
2014.11.07 18:54:54.504,0.86462,0.86472,1.00,1.12
2014.11.07 18:54:55.019,0.86462,0.86472,1.07,1.00
2014.11.07 18:54:55.525,0.86464,0.86473,1.10,1.00
2014.11.07 18:54:55.980,0.86464,0.86473,1.07,1.10
2014.11.07 18:54:56.082,0.86464,0.86473,1.00,1.20
2014.11.07 18:54:56.589,0.86463,0.86472,1.00,1.00
2014.11.07 18:54:56.893,0.86463,0.86472,1.00,1.45
2014.11.07 18:54:57.197,0.86462,0.86468,1.00,1.00
2014.11.07 18:54:57.248,0.8646,0.86467,1.00,1.00
2014.11.07 18:54:57.399,0.8646,0.86467,1.45,1.00
2014.11.07 18:54:57.551,0.86461,0.8647,3.71,1.50
2014.11.07 18:54:57.804,0.86465,0.86472,1.00,1.00
2014.11.07 18:55:01.270,0.86465,0.86472,1.65,1.00
2014.11.07 18:55:01.776,0.86466,0.86473,1.00,1.00
2014.11.07 18:55:03.663,0.86466,0.86473,1.00,1.07
2014.11.07 18:55:03.815,0.86464,0.86473,1.50,2.40
2014.11.07 18:55:04.270,0.86466,0.86473,1.50,1.50
2014.11.07 18:55:10.311,0.86466,0.86473,1.50,1.57
2014.11.07 18:55:10.564,0.86468,0.86477,1.00,1.10
2014.11.07 18:55:10.766,0.86467,0.86475,1.00,1.00
2014.11.07 18:55:15.224,0.86467,0.86475,1.07,1.00
2014.11.07 18:55:15.990,0.86467,0.86475,2.02,1.00
2014.11.07 18:55:16.691,0.8647,0.86476,1.00,1.00
2014.11.07 18:55:18.075,0.86469,0.86476,1.00,1.57
2014.11.07 18:55:18.227,0.86462,0.8647,1.50,1.50
2014.11.07 18:55:18.581,0.86464,0.86471,1.00,1.00
2014.11.07 18:55:19.096,0.86463,0.86471,1.50,1.65
2014.11.07 18:55:19.607,0.86463,0.86471,1.50,1.65
2014.11.07 18:55:19.910,0.86463,0.86468,1.10,1.50
2014.11.07 18:55:20.012,0.86466,0.86472,1.10,1.00
2014.11.07 18:55:20.215,0.86468,0.86472,1.00,1.00
2014.11.07 18:55:20.995,0.86465,0.86473,1.00,1.00
2014.11.07 18:55:21.963,0.86468,0.86473,1.50,1.00
2014.11.07 18:55:22.268,0.86473,0.86479,1.15,1.00
2014.11.07 18:55:22.319,0.86473,0.86479,1.10,1.00
2014.11.07 18:55:22.521,0.86473,0.86477,1.00,1.00
2014.11.07 18:55:22.774,0.86471,0.86477,1.00,1.00
2014.11.07 18:55:23.280,0.86468,0.86477,1.15,1.00
2014.11.07 18:55:23.432,0.86467,0.86476,1.57,1.00
2014.11.07 18:55:25.031,0.86467,0.86476,2.40,1.50
2014.11.07 18:55:25.334,0.86472,0.86477,1.50,1.00
2014.11.07 18:55:25.941,0.86471,0.86477,1.00,1.00
2014.11.07 18:55:26.446,0.8647,0.86477,1.00,1.00
2014.11.07 18:55:26.598,0.86467,0.86476,1.10,1.00
2014.11.07 18:55:26.790,0.86469,0.86476,1.12,1.00
2014.11.07 18:55:27.093,0.86472,0.86479,1.17,1.00
2014.11.07 18:55:27.617,0.8647,0.86479,1.50,1.00
2014.11.07 18:55:27.920,0.8647,0.86477,1.00,1.00
2014.11.07 18:55:28.426,0.86469,0.86476,1.00,1.00
2014.11.07 18:55:28.986,0.86468,0.86475,1.00,1.00
2014.11.07 18:55:30.798,0.8647,0.86475,1.00,1.00
2014.11.07 18:55:31.102,0.86473,0.8648,1.17,1.00
2014.11.07 18:55:31.153,0.86473,0.8648,1.10,1.00
2014.11.07 18:55:32.334,0.86474,0.8648,1.15,1.00
2014.11.07 18:55:32.637,0.86477,0.86482,1.00,1.00
2014.11.07 18:55:33.849,0.86475,0.86483,1.00,1.20
2014.11.07 18:55:34.051,0.86472,0.86482,2.25,1.50
2014.11.07 18:55:34.152,0.86473,0.86482,1.07,1.50
2014.11.07 18:55:34.455,0.86476,0.86481,1.00,1.00
2014.11.07 18:55:35.217,0.86475,0.86481,1.00,1.00
2014.11.07 18:55:37.749,0.86477,0.86482,1.00,1.50
2014.11.07 18:55:37.901,0.86475,0.86483,1.00,1.00
2014.11.07 18:55:38.516,0.86474,0.8648,1.50,1.00
2014.11.07 18:55:38.820,0.8647,0.86479,1.10,1.12
2014.11.07 18:55:39.357,0.86468,0.86478,1.27,1.00
2014.11.07 18:55:39.761,0.86468,0.86478,1.20,1.00
2014.11.07 18:55:39.862,0.86468,0.86475,1.57,1.00
2014.11.07 18:55:40.479,0.8647,0.86475,1.00,1.00
2014.11.07 18:55:40.632,0.8647,0.86477,1.00,1.00
2014.11.07 18:55:40.733,0.8647,0.86479,1.50,1.00
2014.11.07 18:55:41.289,0.8647,0.86479,1.00,1.07
2014.11.07 18:55:41.642,0.8647,0.86479,1.37,1.17
2014.11.07 18:55:41.896,0.86473,0.86482,1.15,1.00
2014.11.07 18:55:41.947,0.86476,0.86482,1.00,1.00
2014.11.07 18:55:42.200,0.86472,0.86479,1.00,1.10
2014.11.07 18:55:42.302,0.86468,0.86478,1.00,1.32
2014.11.07 18:55:42.855,0.86467,0.86475,1.00,1.00
2014.11.07 18:55:43.378,0.86467,0.86474,1.10,1.00
2014.11.07 18:55:46.770,0.86467,0.86475,1.00,1.00
2014.11.07 18:55:47.074,0.86472,0.86477,1.00,1.00
2014.11.07 18:55:47.581,0.86472,0.86478,1.00,1.00
2014.11.07 18:55:50.982,0.86472,0.86476,1.00,1.00
2014.11.07 18:55:51.083,0.8647,0.86477,1.50,1.00
2014.11.07 18:55:51.496,0.86468,0.86474,1.00,1.00
2014.11.07 18:55:52.025,0.86467,0.86474,1.00,1.00
2014.11.07 18:55:58.994,0.86466,0.86474,1.50,1.00
2014.11.07 18:56:01.636,0.86466,0.86474,1.50,1.65
2014.11.07 18:56:01.939,0.86464,0.86469,1.00,1.07
2014.11.07 18:56:02.196,0.86462,0.86469,1.00,1.07
2014.11.07 18:56:02.247,0.8646,0.86469,1.00,1.07
2014.11.07 18:56:02.298,0.86461,0.86466,1.00,1.00
2014.11.07 18:56:02.702,0.86458,0.86466,1.00,3.07
2014.11.07 18:56:02.753,0.86455,0.86466,1.00,4.01
2014.11.07 18:56:02.804,0.86455,0.86466,1.00,1.84
2014.11.07 18:56:02.956,0.86457,0.86465,1.00,1.65
2014.11.07 18:56:07.853,0.86457,0.86465,1.00,1.00
2014.11.07 18:56:09.057,0.86457,0.86465,1.00,1.07
2014.11.07 18:56:09.410,0.86457,0.86465,1.00,1.65
2014.11.07 18:56:09.663,0.86456,0.86465,1.50,2.32
2014.11.07 18:56:10.168,0.86456,0.86465,1.50,1.65
2014.11.07 18:56:10.433,0.86456,0.86465,1.50,2.02
2014.11.07 18:56:10.737,0.86455,0.86459,1.00,1.25
2014.11.07 18:56:10.838,0.86447,0.86458,2.32,3.34
2014.11.07 18:56:10.990,0.86447,0.86455,1.57,1.00
2014.11.07 18:56:11.243,0.86455,0.86464,1.00,1.10
2014.11.07 18:56:11.748,0.86455,0.86465,1.10,1.10
2014.11.07 18:56:12.283,0.86455,0.86465,1.00,1.17
2014.11.07 18:56:12.897,0.86455,0.86465,1.00,1.10
2014.11.07 18:56:16.487,0.86455,0.86465,1.00,1.07
2014.11.07 18:56:16.690,0.86455,0.86462,1.00,1.45
2014.11.07 18:56:16.842,0.8645,0.86459,1.50,2.14
2014.11.07 18:56:16.893,0.8645,0.86459,1.50,4.39
2014.11.07 18:56:17.147,0.86448,0.86455,1.00,1.57
2014.11.07 18:56:17.692,0.86447,0.86454,1.00,1.00
2014.11.07 18:56:27.201,0.86446,0.86452,1.00,1.15
2014.11.07 18:56:27.404,0.86444,0.8645,1.00,1.20
2014.11.07 18:56:27.911,0.86443,0.86448,1.00,1.00
2014.11.07 18:56:28.467,0.86443,0.86449,1.00,1.00
2014.11.07 18:56:29.124,0.86442,0.86449,1.00,1.00
2014.11.07 18:56:31.121,0.8644,0.86449,1.00,3.07
2014.11.07 18:56:31.626,0.86442,0.86449,1.10,1.00
2014.11.07 18:56:31.829,0.86445,0.86449,1.00,1.00
2014.11.07 18:56:31.930,0.86442,0.86451,2.62,1.00
2014.11.07 18:56:31.981,0.86447,0.86452,1.00,1.50
2014.11.07 18:56:32.488,0.86446,0.86454,2.62,1.00
2014.11.07 18:56:32.841,0.86447,0.86454,1.00,1.15
2014.11.07 18:56:32.943,0.86447,0.86454,1.00,1.10
2014.11.07 18:56:33.095,0.86445,0.86452,1.00,1.00
2014.11.07 18:56:33.600,0.86444,0.86451,1.00,1.00
2014.11.07 18:56:40.160,0.86444,0.86449,1.00,1.20
2014.11.07 18:56:40.463,0.86442,0.86449,1.50,2.02
2014.11.07 18:56:40.775,0.8644,0.86445,1.00,1.07
2014.11.07 18:56:41.028,0.86437,0.86446,1.00,1.17
2014.11.07 18:56:50.912,0.86437,0.86444,1.00,1.52
2014.11.07 18:56:51.114,0.8643,0.8644,1.50,4.39
2014.11.07 18:56:51.266,0.86428,0.86434,1.00,1.00
2014.11.07 18:56:51.570,0.86428,0.86432,1.00,1.00
2014.11.07 18:56:51.671,0.86426,0.86433,1.50,1.50
2014.11.07 18:56:51.823,0.86425,0.86431,1.00,1.00
2014.11.07 18:56:52.025,0.86422,0.86431,1.50,1.50
2014.11.07 18:56:52.530,0.86422,0.86431,4.39,1.50
2014.11.07 18:56:52.733,0.86425,0.86432,1.00,1.00
2014.11.07 18:56:53.238,0.86426,0.86433,1.00,1.00
2014.11.07 18:56:55.010,0.86424,0.86433,1.50,1.50
2014.11.07 18:56:55.162,0.86426,0.86433,1.00,1.10
2014.11.07 18:56:55.485,0.86428,0.86432,1.00,1.00
2014.11.07 18:56:58.177,0.86427,0.86433,1.00,1.00
2014.11.07 18:56:58.834,0.86428,0.86433,1.00,1.00
2014.11.07 18:57:06.571,0.86428,0.86435,1.37,1.00
2014.11.07 18:57:06.825,0.86432,0.86439,1.57,1.00
2014.11.07 18:57:07.330,0.8643,0.8644,1.15,1.00
2014.11.07 18:57:07.862,0.8643,0.86439,1.15,1.00
2014.11.07 18:57:08.166,0.8643,0.86439,1.00,1.00
2014.11.07 18:57:08.216,0.8643,0.86437,1.00,1.00
2014.11.07 18:57:08.520,0.86428,0.86436,1.20,1.00
2014.11.07 18:57:09.404,0.86427,0.86434,1.15,1.00
2014.11.07 18:57:10.650,0.86427,0.86434,1.50,1.50
2014.11.07 18:57:19.579,0.86427,0.86434,1.00,1.17
2014.11.07 18:57:20.111,0.86426,0.86433,1.00,1.00
2014.11.07 18:57:20.970,0.86426,0.86433,1.00,1.45
2014.11.07 18:57:21.274,0.86419,0.86424,1.00,1.07
2014.11.07 18:57:21.324,0.86414,0.86423,1.00,1.00
2014.11.07 18:57:21.835,0.86414,0.86422,1.00,1.00
2014.11.07 18:57:22.290,0.86417,0.86422,1.00,1.00
2014.11.07 18:57:31.186,0.86415,0.86422,1.50,1.25
2014.11.07 18:57:31.237,0.86415,0.86422,1.00,2.21
2014.11.07 18:57:31.338,0.86411,0.86417,1.00,1.00
2014.11.07 18:57:31.844,0.86411,0.86418,1.20,1.00
2014.11.07 18:57:31.997,0.86413,0.86418,1.00,1.00
2014.11.07 18:57:32.503,0.86414,0.86419,1.00,1.00
2014.11.07 18:57:33.019,0.86414,0.8642,1.50,1.50
2014.11.07 18:57:33.533,0.86415,0.8642,1.00,1.00
2014.11.07 18:57:33.836,0.86416,0.86422,1.00,1.00
2014.11.07 18:57:36.371,0.86418,0.86424,1.00,1.00
2014.11.07 18:57:36.473,0.86417,0.86426,1.65,1.50
2014.11.07 18:57:37.347,0.86419,0.86431,4.57,1.00
2014.11.07 18:57:37.708,0.86423,0.86429,1.10,1.50
2014.11.07 18:57:38.062,0.86421,0.86429,1.65,1.00
2014.11.07 18:57:38.164,0.8642,0.86429,3.15,1.00
2014.11.07 18:57:38.565,0.8642,0.86429,3.15,1.00
2014.11.07 18:57:38.818,0.8642,0.86427,1.65,1.00
2014.11.07 18:57:39.121,0.8642,0.86425,1.00,1.20
2014.11.07 18:57:39.223,0.86418,0.86425,1.00,1.20
2014.11.07 18:57:39.678,0.86418,0.86423,1.00,1.00
2014.11.07 18:57:40.386,0.86418,0.86425,1.17,1.00
2014.11.07 18:57:40.538,0.86417,0.86425,1.37,1.00
2014.11.07 18:57:40.589,0.86417,0.86427,2.77,1.50
2014.11.07 18:57:42.678,0.86417,0.86427,1.50,1.65
2014.11.07 18:57:42.950,0.86418,0.86424,1.00,1.00
2014.11.07 18:57:50.608,0.86416,0.86421,1.00,1.12
2014.11.07 18:57:50.811,0.8641,0.86416,1.50,1.50
2014.11.07 18:57:51.014,0.86408,0.86415,1.00,1.00
2014.11.07 18:57:54.990,0.86408,0.86415,1.07,1.00
2014.11.07 18:57:55.520,0.86408,0.86415,1.20,1.00
2014.11.07 18:58:00.774,0.86408,0.86413,1.10,1.00
2014.11.07 18:58:04.235,0.86406,0.86413,1.00,1.37
2014.11.07 18:58:04.437,0.864,0.86405,1.00,1.00
2014.11.07 18:58:04.538,0.86398,0.86404,1.10,1.00
2014.11.07 18:58:04.741,0.86392,0.86403,1.15,1.00
2014.11.07 18:58:04.792,0.86392,0.86401,1.65,1.00
2014.11.07 18:58:05.095,0.86393,0.86398,1.00,1.00
2014.11.07 18:58:05.639,0.86392,0.86399,1.15,1.50
2014.11.07 18:58:05.943,0.86394,0.86408,3.45,1.76
2014.11.07 18:58:06.044,0.86398,0.86404,1.10,1.00
2014.11.07 18:58:06.454,0.86399,0.86411,1.52,1.69
2014.11.07 18:58:06.504,0.86399,0.8641,1.52,1.00
2014.11.07 18:58:06.555,0.86404,0.8641,1.00,1.50
2014.11.07 18:58:06.707,0.86404,0.86413,1.07,1.00
2014.11.07 18:58:07.733,0.86406,0.86413,1.65,1.50
2014.11.07 18:58:08.244,0.86406,0.86413,1.65,1.50
2014.11.07 18:58:08.547,0.86403,0.86411,1.65,1.00
2014.11.07 18:58:08.850,0.86403,0.86409,1.07,1.00
2014.11.07 18:58:09.388,0.86403,0.86409,1.00,1.00
2014.11.07 18:58:10.935,0.86403,0.86409,1.15,1.00
2014.11.07 18:58:11.037,0.86403,0.86413,1.27,1.00
2014.11.07 18:58:11.239,0.86406,0.86413,1.17,1.00
2014.11.07 18:58:11.848,0.86406,0.86413,1.17,1.00
2014.11.07 18:58:12.869,0.86406,0.86413,1.27,1.00
2014.11.07 18:58:13.885,0.86406,0.86413,1.00,1.37
2014.11.07 18:58:14.037,0.86402,0.86411,1.10,1.07
2014.11.07 18:58:14.189,0.86402,0.86407,1.00,1.00
2014.11.07 18:58:14.341,0.864,0.86408,1.00,1.00
2014.11.07 18:58:16.196,0.86399,0.86406,1.50,1.00
2014.11.07 18:58:16.500,0.86403,0.86411,1.27,1.00
2014.11.07 18:58:16.550,0.86403,0.86413,1.27,1.00
2014.11.07 18:58:16.854,0.86406,0.86412,1.00,1.00
2014.11.07 18:58:19.177,0.86406,0.86412,1.00,1.37
2014.11.07 18:58:19.278,0.86404,0.86413,1.00,2.21
2014.11.07 18:58:19.481,0.86403,0.86407,1.00,1.00
2014.11.07 18:58:19.768,0.864,0.86406,1.00,1.00
2014.11.07 18:58:20.172,0.864,0.8641,1.00,1.12
2014.11.07 18:58:20.274,0.86402,0.8641,1.00,1.12
2014.11.07 18:58:20.808,0.86402,0.8641,1.00,1.37
2014.11.07 18:58:21.010,0.86402,0.86411,1.17,1.50
2014.11.07 18:58:21.162,0.86402,0.86412,4.39,1.50
2014.11.07 18:58:21.684,0.86407,0.86413,1.50,1.50
2014.11.07 18:58:23.217,0.86402,0.86413,1.00,2.70
2014.11.07 18:58:23.268,0.86402,0.86411,1.00,1.71
2014.11.07 18:58:23.318,0.86401,0.86408,1.00,1.00
2014.11.07 18:58:23.824,0.864,0.86407,1.00,1.00
2014.11.07 18:58:24.351,0.864,0.86407,1.20,1.00
2014.11.07 18:58:24.857,0.86402,0.86408,1.00,1.00
2014.11.07 18:58:26.086,0.86402,0.86408,1.20,1.00
2014.11.07 18:58:26.717,0.86402,0.86408,1.20,1.00
2014.11.07 18:58:27.223,0.86401,0.86408,1.00,1.00
2014.11.07 18:58:27.684,0.86402,0.8641,1.20,1.00
2014.11.07 18:58:27.735,0.86406,0.8641,1.00,1.00
2014.11.07 18:58:27.836,0.86406,0.86412,1.00,1.50
2014.11.07 18:58:29.918,0.86406,0.86412,1.27,1.00
2014.11.07 18:58:31.888,0.86406,0.86412,1.46,1.00
2014.11.07 18:58:31.939,0.8641,0.86414,1.50,1.00
2014.11.07 18:58:32.040,0.8641,0.86416,3.71,1.00
2014.11.07 18:58:32.091,0.86412,0.8642,1.77,1.00
2014.11.07 18:58:32.193,0.86414,0.8642,1.17,1.00
2014.11.07 18:58:32.698,0.86415,0.8642,1.00,1.00
2014.11.07 18:58:32.900,0.86413,0.8642,1.50,1.00
2014.11.07 18:58:34.010,0.86413,0.8642,2.02,1.00
2014.11.07 18:58:34.316,0.86415,0.86421,1.17,1.00
2014.11.07 18:58:34.672,0.86418,0.86423,1.00,1.00
2014.11.07 18:58:34.723,0.86418,0.86425,1.00,1.00
2014.11.07 18:58:35.027,0.86419,0.86427,1.00,1.00
2014.11.07 18:58:35.532,0.86419,0.86426,1.00,1.00
2014.11.07 18:58:36.012,0.86419,0.86426,1.37,1.00
2014.11.07 18:58:36.265,0.86424,0.86437,2.59,1.32
2014.11.07 18:58:36.568,0.86425,0.86433,1.76,1.00
2014.11.07 18:58:37.225,0.86425,0.86433,1.84,1.50
2014.11.07 18:58:37.427,0.86425,0.86433,1.57,1.50
2014.11.07 18:58:37.731,0.86425,0.8643,1.20,1.00
2014.11.07 18:58:37.984,0.86423,0.86431,1.17,1.50
2014.11.07 18:58:38.035,0.86423,0.86431,1.00,1.00
2014.11.07 18:58:38.187,0.86422,0.86428,1.10,1.00
2014.11.07 18:58:38.696,0.86421,0.86427,1.10,1.00
2014.11.07 18:58:39.302,0.86421,0.86427,1.15,1.00
2014.11.07 18:58:39.807,0.86421,0.86428,1.17,1.00
2014.11.07 18:58:40.413,0.86421,0.86428,1.00,1.00
2014.11.07 18:58:40.716,0.86417,0.86424,1.65,1.50
2014.11.07 18:58:44.822,0.86419,0.86431,2.32,1.69
2014.11.07 18:58:45.329,0.86418,0.86425,1.55,1.00
2014.11.07 18:58:45.733,0.86418,0.86425,1.57,1.00
2014.11.07 18:58:45.885,0.86418,0.86423,1.27,1.00
2014.11.07 18:58:46.389,0.86418,0.86424,1.57,1.00
2014.11.07 18:58:46.895,0.86418,0.86424,1.57,1.00
2014.11.07 18:58:47.198,0.86417,0.86426,3.82,1.00
2014.11.07 18:58:47.400,0.86417,0.86425,2.02,1.00
2014.11.07 18:58:47.653,0.86419,0.86427,2.70,1.00
2014.11.07 18:58:48.168,0.86419,0.86427,2.02,1.00
2014.11.07 18:58:48.219,0.86419,0.86427,2.02,1.00
2014.11.07 18:58:48.320,0.86417,0.86427,3.52,1.00
2014.11.07 18:58:48.421,0.86417,0.86427,1.47,1.00
2014.11.07 18:58:48.725,0.86418,0.86424,1.37,1.00
2014.11.07 18:58:49.271,0.86418,0.86425,1.84,1.00
2014.11.07 18:58:49.776,0.86418,0.86425,1.00,1.00
2014.11.07 18:58:50.828,0.86417,0.86424,1.37,1.00
2014.11.07 18:58:51.442,0.86417,0.86424,1.50,1.50
2014.11.07 18:58:58.004,0.86417,0.86423,1.00,1.00
2014.11.07 18:58:58.054,0.86415,0.86423,1.50,1.50
2014.11.07 18:58:58.206,0.86413,0.86423,1.50,1.00
2014.11.07 18:58:58.408,0.86412,0.86419,1.00,1.00
2014.11.07 18:58:58.761,0.86412,0.86421,1.10,1.00
2014.11.07 18:58:59.537,0.86412,0.86421,1.00,1.07
2014.11.07 18:58:59.992,0.86411,0.86418,1.00,1.00
2014.11.07 18:59:00.514,0.8641,0.86421,1.46,1.00
2014.11.07 18:59:00.565,0.86413,0.86421,1.00,1.50
2014.11.07 18:59:01.076,0.86414,0.8642,1.00,1.00
2014.11.07 18:59:01.379,0.86412,0.8642,1.00,1.07
2014.11.07 18:59:02.503,0.86411,0.86418,1.00,1.00
2014.11.07 18:59:02.806,0.86407,0.86415,1.57,1.50
2014.11.07 18:59:04.305,0.86408,0.86415,1.00,1.00
2014.11.07 18:59:04.356,0.8641,0.86414,1.00,1.00
2014.11.07 18:59:07.232,0.86408,0.86414,1.00,1.00
2014.11.07 18:59:14.556,0.86408,0.86414,1.00,1.37
2014.11.07 18:59:14.607,0.86406,0.86414,1.10,1.45
2014.11.07 18:59:14.910,0.864,0.86409,1.12,1.00
2014.11.07 18:59:15.012,0.86401,0.86407,1.00,1.00
2014.11.07 18:59:15.471,0.864,0.8641,1.12,1.46
2014.11.07 18:59:16.620,0.864,0.86411,1.87,2.40
2014.11.07 18:59:16.968,0.86405,0.86411,1.12,1.00
2014.11.07 18:59:17.373,0.86403,0.86409,1.00,1.00
2014.11.07 18:59:17.575,0.86401,0.86409,1.00,1.65
2014.11.07 18:59:17.626,0.86401,0.86407,1.00,1.19
2014.11.07 18:59:17.676,0.86398,0.86407,1.50,1.36
2014.11.07 18:59:17.727,0.86398,0.86404,1.00,1.00
2014.11.07 18:59:17.778,0.86393,0.86402,1.17,1.00
2014.11.07 18:59:18.326,0.86392,0.86401,2.02,1.50
2014.11.07 18:59:19.141,0.86392,0.86401,1.57,1.87
2014.11.07 18:59:19.192,0.86393,0.86397,1.00,1.00
2014.11.07 18:59:19.699,0.86391,0.86397,1.47,1.00
2014.11.07 18:59:20.002,0.86391,0.86399,1.52,1.00
2014.11.07 18:59:20.711,0.86393,0.86401,1.15,1.00
2014.11.07 18:59:20.762,0.86394,0.864,1.15,1.00
2014.11.07 18:59:20.863,0.86395,0.86401,1.57,1.00
2014.11.07 18:59:21.065,0.86398,0.86406,1.65,1.50
2014.11.07 18:59:21.959,0.86398,0.86406,2.02,1.50
2014.11.07 18:59:22.263,0.864,0.86408,2.70,1.00
2014.11.07 18:59:22.314,0.864,0.86408,3.45,1.50
2014.11.07 18:59:22.416,0.864,0.86411,5.14,1.00
2014.11.07 18:59:22.519,0.86407,0.86412,1.00,1.00
2014.11.07 18:59:23.300,0.86407,0.86413,1.10,1.00
2014.11.07 18:59:27.579,0.86404,0.86414,1.00,1.52
2014.11.07 18:59:27.882,0.86403,0.86411,1.00,1.37
2014.11.07 18:59:28.136,0.86401,0.86409,1.00,1.50
2014.11.07 18:59:28.340,0.864,0.86406,1.50,1.50
2014.11.07 18:59:29.520,0.864,0.86406,1.17,1.00
2014.11.07 18:59:29.570,0.864,0.8641,1.15,1.00
2014.11.07 18:59:29.722,0.86402,0.8641,1.57,1.00
2014.11.07 18:59:29.975,0.86404,0.86413,1.15,1.00
2014.11.07 18:59:30.481,0.86406,0.86413,1.00,1.00
2014.11.07 18:59:32.983,0.86406,0.86413,1.17,1.00
2014.11.07 18:59:33.555,0.86406,0.86413,1.10,1.00
2014.11.07 18:59:33.606,0.86406,0.86413,1.17,1.00
2014.11.07 18:59:34.422,0.86406,0.86413,1.65,1.00
2014.11.07 18:59:34.983,0.86406,0.86413,1.65,1.00
2014.11.07 18:59:35.407,0.86406,0.86413,1.65,1.00
2014.11.07 18:59:37.721,0.86406,0.86413,1.65,1.00
2014.11.07 18:59:39.717,0.86406,0.86413,1.65,1.00
2014.11.07 18:59:40.340,0.86406,0.86413,1.57,1.00
2014.11.07 18:59:42.334,0.86406,0.86413,1.57,1.00
2014.11.07 18:59:42.871,0.86406,0.86413,1.95,1.00
2014.11.07 18:59:45.225,0.86406,0.86413,2.02,1.00
2014.11.07 18:59:45.746,0.86406,0.86413,2.02,1.00
2014.11.07 18:59:47.384,0.86406,0.86413,2.02,1.00
2014.11.07 18:59:47.944,0.86406,0.86413,2.02,1.00
2014.11.07 18:59:48.813,0.86406,0.86413,2.02,1.00
2014.11.07 18:59:49.661,0.86406,0.86413,2.02,1.00
2014.11.07 18:59:50.135,0.86406,0.86413,2.02,1.00
2014.11.07 18:59:50.681,0.86406,0.86413,2.02,1.00
2014.11.07 18:59:51.223,0.86406,0.86413,2.02,1.00
2014.11.07 18:59:53.956,0.86406,0.86413,2.02,1.00
2014.11.07 18:59:54.481,0.86406,0.86413,2.02,1.00
2014.11.07 18:59:56.192,0.86406,0.86413,2.02,1.00
2014.11.07 18:59:57.475,0.8641,0.86414,2.17,1.00
2014.11.07 18:59:57.627,0.86412,0.86416,1.00,1.00
2014.11.07 18:59:57.829,0.86414,0.86419,1.10,1.50
2014.11.07 18:59:58.335,0.86414,0.8642,1.10,1.00
2014.11.07 18:59:58.881,0.86414,0.86421,2.32,1.50
