2014.11.12 13:00:00.152,0.87071,0.87077,1.19,1.00
2014.11.12 13:00:00.405,0.87075,0.87082,1.39,1.00
2014.11.12 13:00:00.456,0.87078,0.87082,1.00,1.00
2014.11.12 13:00:00.609,0.87077,0.87084,1.00,1.00
2014.11.12 13:00:01.114,0.87077,0.87083,1.00,1.50
2014.11.12 13:00:01.620,0.87077,0.87084,1.84,1.50
2014.11.12 13:00:02.895,0.87077,0.87084,1.65,1.50
2014.11.12 13:00:03.472,0.87077,0.87084,1.84,1.50
2014.11.12 13:00:06.113,0.87078,0.87084,1.39,1.00
2014.11.12 13:00:08.337,0.87078,0.87084,1.32,1.00
2014.11.12 13:00:10.712,0.87078,0.87082,1.00,1.00
2014.11.12 13:00:11.216,0.87078,0.87083,1.07,1.00
2014.11.12 13:00:11.721,0.87078,0.87083,1.20,1.00
2014.11.12 13:00:18.562,0.87078,0.87082,1.00,1.00
2014.11.12 13:00:19.067,0.87077,0.87083,1.00,1.00
2014.11.12 13:00:27.064,0.87077,0.87083,1.19,1.00
2014.11.12 13:00:28.071,0.87077,0.87083,1.25,1.00
2014.11.12 13:00:30.034,0.87077,0.87083,1.19,1.00
2014.11.12 13:00:31.515,0.87076,0.87085,6.71,1.50
2014.11.12 13:00:33.021,0.87076,0.87085,1.69,1.65
2014.11.12 13:00:33.072,0.87076,0.87085,1.25,1.65
2014.11.12 13:00:33.577,0.87076,0.87083,1.69,1.50
2014.11.12 13:00:33.628,0.87076,0.87085,1.25,1.50
2014.11.12 13:00:36.868,0.87076,0.87085,1.25,1.65
2014.11.12 13:00:37.426,0.87076,0.87085,1.00,1.57
2014.11.12 13:00:38.039,0.87076,0.87085,1.12,1.57
2014.11.12 13:00:38.546,0.87076,0.87085,1.19,1.57
2014.11.12 13:00:39.392,0.87076,0.87085,1.31,1.50
2014.11.12 13:00:43.753,0.87076,0.87083,1.00,1.00
2014.11.12 13:00:44.057,0.87076,0.87082,1.00,1.19
2014.11.12 13:00:44.158,0.87074,0.87081,1.00,2.44
2014.11.12 13:00:44.779,0.87074,0.87081,1.00,2.59
2014.11.12 13:00:46.274,0.87074,0.87081,1.00,1.69
2014.11.12 13:00:52.748,0.87074,0.87082,1.00,2.25
2014.11.12 13:00:54.216,0.87074,0.87082,1.29,1.00
2014.11.12 13:00:55.226,0.87074,0.87082,1.10,1.00
2014.11.12 13:00:56.033,0.87074,0.87082,1.29,1.00
2014.11.12 13:00:56.186,0.87078,0.87083,1.00,1.00
2014.11.12 13:00:57.168,0.87078,0.87084,1.00,1.00
2014.11.12 13:00:58.229,0.87078,0.87084,1.17,1.00
2014.11.12 13:00:59.375,0.87077,0.87086,4.46,2.25
2014.11.12 13:01:00.525,0.87077,0.87084,3.90,1.00
2014.11.12 13:01:00.677,0.87077,0.87086,1.40,1.00
2014.11.12 13:01:00.879,0.87077,0.87086,1.40,1.37
2014.11.12 13:01:00.930,0.87077,0.87083,1.20,1.00
2014.11.12 13:01:01.435,0.87078,0.87082,1.00,1.00
2014.11.12 13:01:01.896,0.87075,0.87082,1.50,1.17
2014.11.12 13:01:02.148,0.8707,0.8708,1.12,1.17
2014.11.12 13:01:02.300,0.87072,0.87078,1.00,1.10
2014.11.12 13:01:07.187,0.87073,0.87077,1.00,1.00
2014.11.12 13:01:20.695,0.87072,0.8708,1.15,1.00
2014.11.12 13:01:20.746,0.87072,0.8708,5.62,1.00
2014.11.12 13:01:20.948,0.87073,0.87082,5.81,1.00
2014.11.12 13:01:21.454,0.87077,0.87083,1.00,1.00
2014.11.12 13:01:21.988,0.87077,0.87084,1.65,1.50
2014.11.12 13:01:23.581,0.87077,0.87084,1.65,1.50
2014.11.12 13:01:24.087,0.87079,0.87085,1.10,1.00
2014.11.12 13:01:24.655,0.8708,0.87085,1.00,1.00
2014.11.12 13:01:24.907,0.87079,0.87087,1.01,1.00
2014.11.12 13:01:25.109,0.87082,0.87087,1.00,1.00
2014.11.12 13:01:37.903,0.87083,0.87089,1.15,1.00
2014.11.12 13:01:38.004,0.87087,0.87092,1.55,1.00
2014.11.12 13:01:38.055,0.87087,0.87096,2.21,1.25
2014.11.12 13:01:38.107,0.87089,0.87098,1.65,2.44
2014.11.12 13:01:38.158,0.87089,0.87098,1.65,1.50
2014.11.12 13:01:38.684,0.87091,0.87098,1.00,1.50
2014.11.12 13:01:39.189,0.87092,0.87098,1.00,1.00
2014.11.12 13:01:39.694,0.87091,0.87098,1.00,1.00
2014.11.12 13:01:41.060,0.8709,0.87098,1.50,1.00
2014.11.12 13:01:41.514,0.87089,0.87097,1.00,1.46
2014.11.12 13:01:42.029,0.87088,0.87096,1.00,1.69
2014.11.12 13:01:42.333,0.87087,0.87093,1.57,1.00
2014.11.12 13:01:42.687,0.87085,0.87091,1.00,1.00
2014.11.12 13:01:43.041,0.87083,0.87088,1.00,1.00
2014.11.12 13:02:35.544,0.87084,0.87091,1.66,1.00
2014.11.12 13:02:35.747,0.87085,0.87091,1.39,1.00
2014.11.12 13:02:36.252,0.87087,0.87091,1.00,1.00
2014.11.12 13:02:36.706,0.87087,0.87093,1.50,1.00
2014.11.12 13:02:37.208,0.87087,0.87094,1.00,1.50
2014.11.12 13:02:37.713,0.87087,0.87094,1.40,1.50
2014.11.12 13:02:38.218,0.87087,0.87094,1.01,1.50
2014.11.12 13:02:47.577,0.87086,0.87094,1.25,1.50
2014.11.12 13:02:48.608,0.87085,0.87094,1.69,1.50
2014.11.12 13:02:49.482,0.87085,0.87094,1.50,1.76
2014.11.12 13:02:51.428,0.87085,0.87093,1.50,1.39
2014.11.12 13:02:51.944,0.87085,0.87093,1.50,1.40
2014.11.12 13:02:56.194,0.87085,0.87093,1.50,1.07
2014.11.12 13:02:56.915,0.87085,0.87093,1.50,1.17
2014.11.12 13:02:58.325,0.87085,0.87093,1.69,1.20
2014.11.12 13:02:58.426,0.87085,0.87093,1.69,1.17
2014.11.12 13:02:58.988,0.87085,0.87093,1.69,1.10
2014.11.12 13:02:59.500,0.87085,0.87093,1.50,1.17
2014.11.12 13:03:00.319,0.87085,0.87093,1.50,1.20
2014.11.12 13:03:00.625,0.87085,0.87092,1.50,1.46
2014.11.12 13:03:01.163,0.87084,0.87092,1.00,2.21
2014.11.12 13:03:01.903,0.87084,0.87092,1.00,3.71
2014.11.12 13:03:02.004,0.87084,0.87092,1.00,3.71
2014.11.12 13:03:02.307,0.87084,0.87091,1.00,1.40
2014.11.12 13:03:03.615,0.87084,0.8709,1.00,1.00
2014.11.12 13:03:05.221,0.87084,0.87091,1.00,1.01
2014.11.12 13:03:05.929,0.87084,0.87091,1.00,1.29
2014.11.12 13:03:07.462,0.87084,0.87091,1.00,1.10
2014.11.12 13:03:07.993,0.87084,0.87091,1.00,1.76
2014.11.12 13:03:10.903,0.87084,0.87091,1.00,1.76
2014.11.12 13:03:11.864,0.87084,0.87091,1.00,1.01
2014.11.12 13:03:13.046,0.87084,0.87091,1.00,1.09
2014.11.12 13:03:13.563,0.87084,0.87091,1.00,1.09
2014.11.12 13:03:14.909,0.87084,0.87091,1.00,1.39
2014.11.12 13:03:15.902,0.87084,0.87091,1.00,1.09
2014.11.12 13:03:17.984,0.87082,0.87091,1.00,1.09
2014.11.12 13:03:18.685,0.87082,0.87091,1.00,1.09
2014.11.12 13:03:20.257,0.87082,0.87091,1.00,1.32
2014.11.12 13:03:20.358,0.87082,0.87091,1.00,1.01
2014.11.12 13:03:21.317,0.87082,0.87092,1.25,1.10
2014.11.12 13:03:21.418,0.87084,0.87094,1.50,4.46
2014.11.12 13:03:21.935,0.87084,0.87094,1.50,3.71
2014.11.12 13:03:22.238,0.87084,0.87092,1.00,1.55
2014.11.12 13:03:23.320,0.87084,0.87092,1.00,2.21
2014.11.12 13:03:24.087,0.87084,0.87092,1.00,2.14
2014.11.12 13:03:24.597,0.87084,0.87092,1.00,2.14
2014.11.12 13:03:28.303,0.87084,0.87092,1.00,1.74
2014.11.12 13:03:31.329,0.87084,0.87091,1.00,1.31
2014.11.12 13:03:32.533,0.87083,0.87091,1.00,1.31
2014.11.12 13:03:35.367,0.87083,0.87092,1.00,2.21
2014.11.12 13:03:36.380,0.87083,0.87091,1.00,1.31
2014.11.12 13:03:37.383,0.87083,0.87091,1.00,1.39
2014.11.12 13:03:38.369,0.87083,0.87092,1.00,2.21
2014.11.12 13:03:39.341,0.87083,0.87091,1.10,1.31
2014.11.12 13:03:44.496,0.87083,0.87092,1.00,2.14
2014.11.12 13:03:45.493,0.87083,0.87091,1.00,1.31
2014.11.12 13:03:46.000,0.87083,0.87088,1.00,1.37
2014.11.12 13:03:46.102,0.87078,0.87088,1.00,1.40
2014.11.12 13:03:46.153,0.87078,0.87087,1.50,1.00
2014.11.12 13:03:46.255,0.8708,0.87084,1.00,1.00
2014.11.12 13:03:46.356,0.87078,0.87083,1.00,1.00
2014.11.12 13:03:47.012,0.87077,0.87085,1.69,1.50
2014.11.12 13:03:48.425,0.87079,0.87085,1.00,1.50
2014.11.12 13:03:48.930,0.8708,0.87085,1.00,1.00
2014.11.12 13:03:57.490,0.87081,0.87085,1.00,1.00
2014.11.12 13:03:57.559,0.87081,0.87088,1.50,1.50
2014.11.12 13:03:58.906,0.87081,0.87089,1.00,1.25
2014.11.12 13:04:03.401,0.87082,0.8709,2.32,1.00
2014.11.12 13:04:03.502,0.87084,0.87093,1.84,1.00
2014.11.12 13:04:04.017,0.87086,0.87093,1.01,1.00
2014.11.12 13:04:04.389,0.87086,0.87093,1.76,1.00
2014.11.12 13:04:05.170,0.87088,0.87093,1.76,1.00
2014.11.12 13:04:06.402,0.87087,0.87095,4.46,1.50
2014.11.12 13:04:07.164,0.87088,0.87095,1.46,1.50
2014.11.12 13:04:08.028,0.87089,0.87095,2.21,1.50
2014.11.12 13:04:08.129,0.87089,0.87097,2.21,1.50
2014.11.12 13:04:08.584,0.87093,0.87098,1.00,1.00
2014.11.12 13:04:08.786,0.87092,0.871,1.50,1.50
2014.11.12 13:04:09.519,0.87092,0.871,1.65,1.50
2014.11.12 13:04:09.570,0.87092,0.87098,1.65,1.00
2014.11.12 13:04:11.315,0.87092,0.87098,1.50,1.50
2014.11.12 13:04:11.821,0.87092,0.87099,1.00,1.00
2014.11.12 13:04:15.328,0.87092,0.87099,1.52,1.00
2014.11.12 13:04:15.531,0.87098,0.87105,1.50,1.50
2014.11.12 13:04:16.036,0.87097,0.87105,1.76,1.00
2014.11.12 13:04:16.650,0.87097,0.87105,3.64,1.00
2014.11.12 13:04:17.161,0.871,0.87105,1.50,1.00
2014.11.12 13:04:17.262,0.871,0.87108,1.00,1.50
2014.11.12 13:04:18.614,0.87102,0.87107,1.00,1.00
2014.11.12 13:04:18.715,0.871,0.87108,2.25,1.50
2014.11.12 13:04:24.845,0.871,0.87107,1.87,1.15
2014.11.12 13:04:25.049,0.871,0.87107,1.50,1.70
2014.11.12 13:04:25.150,0.87097,0.87107,2.25,1.40
2014.11.12 13:04:25.302,0.87098,0.87103,1.00,1.00
2014.11.12 13:04:25.403,0.87096,0.87103,1.00,1.00
2014.11.12 13:04:25.555,0.87096,0.87103,1.00,1.46
2014.11.12 13:04:25.757,0.87092,0.87099,1.50,1.50
2014.11.12 13:04:25.960,0.87094,0.87098,1.00,1.00
2014.11.12 13:04:26.465,0.87093,0.87098,1.00,1.00
2014.11.12 13:04:32.250,0.87091,0.87096,1.00,1.00
2014.11.12 13:04:32.553,0.87089,0.87097,1.65,1.50
2014.11.12 13:04:33.392,0.87089,0.87097,1.50,1.65
2014.11.12 13:04:33.645,0.87089,0.87095,1.00,1.57
2014.11.12 13:04:33.796,0.87085,0.87092,1.00,1.50
2014.11.12 13:04:33.898,0.87083,0.87092,1.50,1.00
2014.11.12 13:04:34.878,0.87083,0.87092,1.50,1.65
2014.11.12 13:04:35.384,0.87083,0.87091,1.00,1.29
2014.11.12 13:04:35.902,0.87082,0.8709,1.00,1.25
2014.11.12 13:04:36.408,0.87082,0.8709,1.07,1.00
2014.11.12 13:04:36.964,0.87082,0.8709,1.00,1.00
2014.11.12 13:04:37.468,0.87082,0.8709,1.00,1.19
2014.11.12 13:04:38.380,0.87082,0.8709,1.00,1.25
2014.11.12 13:04:41.463,0.87082,0.87089,1.00,1.00
2014.11.12 13:04:41.514,0.87082,0.87088,1.00,2.96
2014.11.12 13:04:41.615,0.8708,0.87086,1.00,1.36
2014.11.12 13:04:41.716,0.87077,0.87085,1.50,4.46
2014.11.12 13:04:41.919,0.87075,0.87082,1.00,1.31
2014.11.12 13:04:42.423,0.87074,0.87081,1.00,1.00
2014.11.12 13:04:43.000,0.87073,0.87081,1.00,1.19
2014.11.12 13:04:47.050,0.87073,0.87081,1.00,4.46
2014.11.12 13:04:47.619,0.87073,0.87081,1.00,4.46
2014.11.12 13:04:51.857,0.87073,0.87081,1.00,2.21
2014.11.12 13:04:54.858,0.87073,0.87081,1.00,2.21
2014.11.12 13:04:57.901,0.87073,0.87081,1.00,1.10
2014.11.12 13:05:03.962,0.87073,0.87081,1.00,1.19
2014.11.12 13:05:04.063,0.87071,0.87079,1.00,1.31
2014.11.12 13:05:04.165,0.8707,0.87079,1.00,1.00
2014.11.12 13:05:04.266,0.87072,0.8708,1.00,2.06
2014.11.12 13:05:04.771,0.87071,0.87078,1.57,1.50
2014.11.12 13:05:08.012,0.87071,0.87078,4.76,1.50
2014.11.12 13:05:08.473,0.87072,0.8708,2.89,1.00
2014.11.12 13:05:08.524,0.87072,0.8708,3.64,1.00
2014.11.12 13:05:08.575,0.87074,0.87082,1.69,1.00
2014.11.12 13:05:08.676,0.87075,0.8708,1.25,1.00
2014.11.12 13:05:08.777,0.87074,0.87083,1.19,1.00
2014.11.12 13:05:09.281,0.87076,0.87082,1.00,1.25
2014.11.12 13:05:10.189,0.87077,0.87083,1.00,1.00
2014.11.12 13:05:10.776,0.87077,0.87085,1.69,1.00
2014.11.12 13:05:11.281,0.87078,0.87085,1.10,1.00
2014.11.12 13:05:11.794,0.87078,0.87086,1.01,1.00
2014.11.12 13:05:13.499,0.87078,0.87086,3.71,1.00
2014.11.12 13:05:14.032,0.87078,0.87086,4.46,1.00
2014.11.12 13:05:14.638,0.87079,0.87086,2.89,1.00
2014.11.12 13:05:15.606,0.87079,0.87086,3.56,1.00
2014.11.12 13:05:17.637,0.87079,0.87086,4.31,1.00
2014.11.12 13:05:19.647,0.87079,0.87086,1.31,1.00
2014.11.12 13:05:20.728,0.87078,0.87086,1.69,1.00
2014.11.12 13:05:20.779,0.87078,0.87084,1.69,1.00
2014.11.12 13:05:21.486,0.87078,0.87084,1.00,1.27
2014.11.12 13:05:21.790,0.87076,0.87081,1.00,1.00
2014.11.12 13:05:22.321,0.87075,0.87081,1.00,1.00
2014.11.12 13:05:26.080,0.87075,0.87083,1.00,1.27
2014.11.12 13:05:26.484,0.87073,0.87083,1.50,2.21
2014.11.12 13:05:27.040,0.87073,0.87083,1.50,2.14
2014.11.12 13:05:27.562,0.87073,0.87082,1.50,1.46
2014.11.12 13:05:29.278,0.87073,0.87083,1.69,2.96
2014.11.12 13:05:31.280,0.87073,0.87083,1.50,2.96
2014.11.12 13:05:31.854,0.87073,0.87083,1.50,2.96
2014.11.12 13:05:34.099,0.87072,0.87083,1.00,2.96
2014.11.12 13:05:39.796,0.87074,0.87083,1.00,2.21
2014.11.12 13:05:40.764,0.87074,0.87082,1.00,1.40
2014.11.12 13:05:41.269,0.87073,0.87082,1.50,1.40
2014.11.12 13:05:42.034,0.87073,0.87082,1.50,1.40
2014.11.12 13:05:42.391,0.87076,0.87083,1.00,1.00
2014.11.12 13:05:42.895,0.87075,0.87082,1.10,1.00
2014.11.12 13:05:43.047,0.87076,0.87084,1.00,1.00
2014.11.12 13:05:43.551,0.87077,0.87084,1.00,1.10
2014.11.12 13:05:44.653,0.87077,0.87084,1.00,1.20
2014.11.12 13:05:45.058,0.87075,0.87083,1.00,1.55
2014.11.12 13:05:45.684,0.87075,0.87083,1.00,2.21
2014.11.12 13:05:47.562,0.87075,0.87082,1.00,1.10
2014.11.12 13:05:47.714,0.87076,0.87084,1.00,1.25
2014.11.12 13:05:48.220,0.87077,0.87084,2.44,1.00
2014.11.12 13:05:48.398,0.87079,0.87085,1.25,1.00
2014.11.12 13:05:48.600,0.87079,0.87087,3.34,1.50
2014.11.12 13:05:49.105,0.8708,0.87087,1.87,1.50
2014.11.12 13:05:49.615,0.8708,0.87087,2.06,1.50
2014.11.12 13:06:00.147,0.87081,0.87087,2.51,1.00
2014.11.12 13:06:00.652,0.87081,0.87087,2.32,1.00
2014.11.12 13:06:01.167,0.87081,0.87087,2.51,1.00
2014.11.12 13:06:03.877,0.87083,0.87089,1.00,1.00
2014.11.12 13:06:04.029,0.87084,0.87091,1.10,1.00
2014.11.12 13:06:04.080,0.87086,0.87091,1.00,1.00
2014.11.12 13:06:04.384,0.87089,0.87094,1.00,1.00
2014.11.12 13:06:04.889,0.8709,0.87095,1.00,1.50
2014.11.12 13:06:24.130,0.8709,0.87095,3.56,1.00
2014.11.12 13:06:24.282,0.87092,0.871,1.36,1.00
2014.11.12 13:06:24.333,0.87095,0.87102,1.00,1.12
2014.11.12 13:06:24.485,0.87097,0.87103,1.50,1.50
2014.11.12 13:06:24.586,0.87095,0.87103,1.50,1.50
2014.11.12 13:06:25.209,0.87095,0.87102,1.50,1.00
2014.11.12 13:06:25.461,0.87092,0.87103,1.95,1.50
2014.11.12 13:06:25.865,0.87092,0.871,1.00,1.00
2014.11.12 13:06:27.601,0.87094,0.871,1.00,1.50
2014.11.12 13:06:30.262,0.87096,0.871,1.00,1.00
2014.11.12 13:06:32.668,0.87097,0.87102,1.00,1.00
2014.11.12 13:06:33.194,0.87097,0.87101,1.00,1.50
2014.11.12 13:06:33.699,0.87096,0.871,1.00,1.00
2014.11.12 13:06:46.376,0.87096,0.87101,1.00,2.44
2014.11.12 13:06:49.960,0.87098,0.87103,1.00,1.57
2014.11.12 13:06:50.011,0.87098,0.87103,1.00,1.00
2014.11.12 13:06:50.516,0.87098,0.87102,1.50,1.00
2014.11.12 13:06:53.302,0.87096,0.87103,1.00,1.76
2014.11.12 13:06:53.605,0.87095,0.87103,1.00,2.21
2014.11.12 13:06:58.228,0.87095,0.87103,1.00,3.71
2014.11.12 13:06:59.429,0.87095,0.87103,1.00,3.71
2014.11.12 13:06:59.935,0.87095,0.87102,1.00,1.29
2014.11.12 13:07:00.728,0.87095,0.87102,1.00,2.59
2014.11.12 13:07:01.031,0.87094,0.87101,1.00,1.46
2014.11.12 13:07:01.537,0.87091,0.87096,1.00,1.00
2014.11.12 13:07:02.052,0.87091,0.87097,1.00,1.57
2014.11.12 13:07:02.557,0.87091,0.87095,1.00,1.00
2014.11.12 13:07:04.780,0.87089,0.87095,1.50,1.00
2014.11.12 13:07:05.033,0.87087,0.87095,3.56,1.50
2014.11.12 13:07:06.352,0.87087,0.87095,3.00,1.57
2014.11.12 13:07:06.455,0.87087,0.87095,2.25,1.84
2014.11.12 13:07:06.557,0.87084,0.87093,1.87,1.17
2014.11.12 13:07:06.608,0.87088,0.87092,1.00,1.10
2014.11.12 13:07:06.761,0.87085,0.87093,1.00,1.84
2014.11.12 13:07:07.301,0.87084,0.87091,1.00,1.07
2014.11.12 13:07:08.338,0.87084,0.87091,1.00,1.25
2014.11.12 13:07:08.851,0.87084,0.87091,1.00,1.07
2014.11.12 13:07:15.441,0.87084,0.87091,1.00,1.07
2014.11.12 13:07:15.542,0.87082,0.87089,1.50,1.57
2014.11.12 13:07:16.065,0.87082,0.87089,1.50,1.57
2014.11.12 13:07:16.583,0.87082,0.8709,2.25,1.10
2014.11.12 13:07:16.684,0.87084,0.8709,1.00,1.50
2014.11.12 13:07:16.735,0.87085,0.87093,1.00,1.27
2014.11.12 13:07:16.937,0.87084,0.8709,1.00,1.00
2014.11.12 13:07:17.493,0.87084,0.87092,1.39,1.10
2014.11.12 13:07:17.594,0.87086,0.87093,1.69,1.00
2014.11.12 13:07:17.948,0.87088,0.87097,1.09,1.00
2014.11.12 13:07:18.874,0.87088,0.87097,1.76,1.00
2014.11.12 13:07:19.384,0.8709,0.87098,2.25,1.69
2014.11.12 13:07:24.592,0.8709,0.87098,2.32,1.50
2014.11.12 13:07:25.111,0.87092,0.87098,1.00,1.00
2014.11.12 13:07:41.872,0.87094,0.87098,1.00,1.00
2014.11.12 13:07:42.175,0.87092,0.87098,1.25,1.00
2014.11.12 13:07:42.692,0.87096,0.871,1.00,1.50
2014.11.12 13:07:43.399,0.87096,0.871,1.10,1.50
2014.11.12 13:07:43.449,0.87097,0.87103,1.00,1.00
2014.11.12 13:07:43.500,0.87099,0.87103,1.00,1.00
2014.11.12 13:07:43.652,0.87099,0.87105,1.25,1.50
2014.11.12 13:07:43.904,0.87099,0.87105,1.00,2.02
2014.11.12 13:07:43.955,0.87097,0.87103,1.50,1.20
2014.11.12 13:07:44.107,0.87096,0.87102,1.00,1.07
2014.11.12 13:07:44.611,0.87096,0.871,1.00,1.00
2014.11.12 13:07:49.919,0.87096,0.87101,1.00,1.00
2014.11.12 13:07:55.360,0.87096,0.87101,1.00,1.19
2014.11.12 13:07:58.365,0.87096,0.87101,1.00,1.00
2014.11.12 13:07:58.569,0.87094,0.87101,1.50,1.00
2014.11.12 13:07:58.620,0.87094,0.87101,1.65,1.00
2014.11.12 13:07:59.126,0.87095,0.87102,1.00,1.69
2014.11.12 13:07:59.429,0.87095,0.87099,1.00,1.00
2014.11.12 13:08:03.464,0.87093,0.871,1.50,1.00
2014.11.12 13:08:09.216,0.87092,0.87099,1.00,1.00
2014.11.12 13:09:04.384,0.87091,0.871,1.50,2.25
2014.11.12 13:09:21.720,0.87091,0.871,2.44,2.25
2014.11.12 13:09:22.711,0.87091,0.871,2.44,2.25
2014.11.12 13:09:44.623,0.87091,0.871,1.57,1.50
2014.11.12 13:09:45.135,0.87091,0.871,1.50,1.50
2014.11.12 13:09:48.391,0.87091,0.871,1.50,2.14
2014.11.12 13:09:48.543,0.87089,0.87098,1.00,1.27
2014.11.12 13:09:48.745,0.87089,0.87095,1.00,2.40
2014.11.12 13:09:48.796,0.87087,0.87095,1.50,3.15
2014.11.12 13:09:48.897,0.87085,0.87093,1.00,1.01
2014.11.12 13:09:49.250,0.87085,0.87091,1.00,1.00
2014.11.12 13:09:49.553,0.87083,0.87089,1.00,1.00
2014.11.12 13:09:55.241,0.87084,0.87089,1.31,1.00
2014.11.12 13:09:55.343,0.87084,0.87091,2.06,1.50
2014.11.12 13:09:55.394,0.87087,0.87091,1.00,1.50
2014.11.12 13:09:55.848,0.87087,0.87094,2.89,1.50
2014.11.12 13:09:56.516,0.87087,0.87095,2.89,1.50
2014.11.12 13:09:57.497,0.87089,0.87095,1.00,1.00
2014.11.12 13:10:00.256,0.87089,0.87096,1.25,1.00
2014.11.12 13:10:00.796,0.8709,0.87097,1.50,1.00
2014.11.12 13:10:01.697,0.87091,0.87098,1.00,1.10
2014.11.12 13:10:12.610,0.8709,0.87098,2.25,1.20
2014.11.12 13:10:16.097,0.87089,0.87098,1.50,1.95
2014.11.12 13:10:16.299,0.87089,0.87093,1.00,1.00
2014.11.12 13:10:16.501,0.87085,0.87091,1.00,1.50
2014.11.12 13:10:16.653,0.87083,0.8709,2.25,1.00
2014.11.12 13:10:19.362,0.87083,0.87089,1.50,1.00
2014.11.12 13:10:19.868,0.87083,0.8709,1.50,1.50
2014.11.12 13:10:21.686,0.87083,0.87089,1.00,1.00
2014.11.12 13:10:21.737,0.87083,0.87087,1.00,1.00
2014.11.12 13:10:22.277,0.87082,0.87088,1.00,1.57
2014.11.12 13:10:22.897,0.8708,0.87088,1.50,1.57
2014.11.12 13:10:24.758,0.87081,0.87088,1.00,1.69
2014.11.12 13:10:25.994,0.87081,0.87088,1.00,1.69
2014.11.12 13:10:26.405,0.87079,0.87086,1.00,1.95
2014.11.12 13:10:26.709,0.87074,0.87078,1.00,1.00
2014.11.12 13:10:27.214,0.87073,0.87078,1.00,1.00
2014.11.12 13:10:27.848,0.87073,0.87078,1.27,1.00
2014.11.12 13:10:27.900,0.87074,0.8708,1.74,1.00
2014.11.12 13:10:27.951,0.87077,0.87082,1.00,1.50
2014.11.12 13:10:28.080,0.87078,0.87084,1.00,1.00
2014.11.12 13:10:28.232,0.87077,0.87082,1.00,1.00
2014.11.12 13:10:28.536,0.87079,0.87084,1.00,1.50
2014.11.12 13:10:29.163,0.87079,0.87085,1.00,1.00
2014.11.12 13:10:29.264,0.87076,0.87085,2.89,1.00
2014.11.12 13:10:29.819,0.87077,0.87085,1.09,1.50
2014.11.12 13:10:31.470,0.87077,0.87085,1.00,1.07
2014.11.12 13:10:31.522,0.87077,0.87082,1.00,1.00
2014.11.12 13:10:31.977,0.87075,0.87079,1.50,1.00
2014.11.12 13:10:32.231,0.87072,0.8708,1.50,1.00
2014.11.12 13:10:32.382,0.87074,0.8708,1.00,1.00
2014.11.12 13:10:44.964,0.87074,0.87079,1.00,1.00
2014.11.12 13:10:46.116,0.87073,0.87079,1.00,1.10
2014.11.12 13:10:46.637,0.87072,0.87079,1.50,1.27
2014.11.12 13:10:51.256,0.87069,0.87077,1.00,3.26
2014.11.12 13:10:51.408,0.87066,0.87073,1.37,1.00
2014.11.12 13:10:51.459,0.87065,0.87071,1.00,1.00
2014.11.12 13:10:51.509,0.87064,0.87071,1.12,1.00
2014.11.12 13:10:51.712,0.87063,0.8707,1.50,1.20
2014.11.12 13:10:51.813,0.87059,0.87068,1.31,1.50
2014.11.12 13:10:51.965,0.87058,0.87068,1.25,2.02
2014.11.12 13:10:52.469,0.87058,0.87068,1.25,1.65
2014.11.12 13:10:52.974,0.87058,0.87067,1.25,1.09
2014.11.12 13:10:53.485,0.87058,0.87067,1.00,1.31
2014.11.12 13:10:53.637,0.87058,0.87064,1.00,1.00
2014.11.12 13:10:55.946,0.87058,0.87064,1.00,1.07
2014.11.12 13:10:56.656,0.87058,0.87064,1.00,1.15
2014.11.12 13:10:57.161,0.87057,0.87063,1.00,1.00
2014.11.12 13:10:57.662,0.87058,0.87063,1.00,1.10
2014.11.12 13:10:57.763,0.87057,0.87065,1.69,1.57
2014.11.12 13:10:58.275,0.87058,0.87065,1.00,1.50
2014.11.12 13:10:58.780,0.87058,0.87065,1.00,1.15
2014.11.12 13:10:59.290,0.87058,0.87063,1.00,1.00
2014.11.12 13:11:04.759,0.87057,0.87064,1.50,1.00
2014.11.12 13:11:05.280,0.87057,0.87066,1.00,1.17
2014.11.12 13:11:07.626,0.87057,0.87066,1.69,1.17
2014.11.12 13:11:08.618,0.87057,0.87066,1.25,1.17
2014.11.12 13:11:09.080,0.87057,0.87063,1.25,1.00
2014.11.12 13:11:09.383,0.87056,0.8706,1.00,1.00
2014.11.12 13:11:09.636,0.87055,0.87063,1.25,1.50
2014.11.12 13:11:09.687,0.87058,0.87062,1.00,1.00
2014.11.12 13:11:10.222,0.87058,0.87063,1.00,1.00
2014.11.12 13:11:10.526,0.87056,0.87061,1.50,1.00
2014.11.12 13:11:10.627,0.87056,0.87063,1.00,1.10
2014.11.12 13:11:11.031,0.87057,0.87065,1.00,2.32
2014.11.12 13:11:12.368,0.8706,0.87065,1.00,2.25
2014.11.12 13:11:14.689,0.87061,0.87065,1.00,1.00
2014.11.12 13:11:15.199,0.87061,0.87066,1.00,1.50
2014.11.12 13:11:15.707,0.8706,0.87066,1.50,1.50
2014.11.12 13:11:17.169,0.87062,0.87067,1.00,1.00
2014.11.12 13:11:18.503,0.87062,0.87068,1.00,1.57
2014.11.12 13:11:19.019,0.87062,0.87068,1.00,1.07
2014.11.12 13:11:19.580,0.87063,0.87068,1.00,1.07
2014.11.12 13:11:19.833,0.87069,0.87074,1.00,1.00
2014.11.12 13:11:20.336,0.8707,0.87076,1.00,1.50
2014.11.12 13:11:20.841,0.87069,0.87075,2.25,1.50
2014.11.12 13:11:26.204,0.87066,0.87075,1.19,1.57
2014.11.12 13:11:26.356,0.87066,0.87073,2.25,1.07
2014.11.12 13:11:26.720,0.87068,0.87074,1.00,1.00
2014.11.12 13:11:27.851,0.87068,0.87074,1.69,1.00
2014.11.12 13:11:31.361,0.87068,0.87074,2.25,1.00
2014.11.12 13:11:31.867,0.87067,0.87074,1.00,1.65
2014.11.12 13:11:32.221,0.87065,0.8707,1.00,1.10
2014.11.12 13:11:32.423,0.87069,0.87075,1.00,1.00
2014.11.12 13:11:32.524,0.8707,0.87079,1.50,1.01
2014.11.12 13:11:33.028,0.8707,0.87078,1.50,1.00
2014.11.12 13:11:33.230,0.87072,0.87078,1.00,1.00
2014.11.12 13:11:33.533,0.87072,0.87078,1.50,1.15
2014.11.12 13:11:36.732,0.87072,0.87078,1.50,1.20
2014.11.12 13:11:37.237,0.87072,0.87078,1.50,1.17
2014.11.12 13:11:37.741,0.87072,0.87079,1.50,1.15
2014.11.12 13:11:38.044,0.87072,0.87079,1.50,1.15
2014.11.12 13:11:38.247,0.87072,0.87079,1.50,1.17
2014.11.12 13:11:38.752,0.87072,0.87079,1.50,1.15
2014.11.12 13:11:40.882,0.87072,0.87079,1.50,1.15
2014.11.12 13:11:41.436,0.87072,0.87079,1.50,1.15
2014.11.12 13:11:41.971,0.87072,0.87079,1.50,1.15
2014.11.12 13:11:43.735,0.87072,0.87077,1.50,1.25
2014.11.12 13:11:43.836,0.87068,0.87076,1.00,1.19
2014.11.12 13:11:43.988,0.87065,0.87074,1.01,1.50
2014.11.12 13:11:44.191,0.87065,0.87071,1.00,1.10
2014.11.12 13:11:44.394,0.87064,0.87073,1.57,1.50
2014.11.12 13:11:44.445,0.87064,0.8707,1.76,1.00
2014.11.12 13:11:44.647,0.87065,0.87072,1.00,1.50
2014.11.12 13:11:44.850,0.87067,0.87072,1.25,1.00
2014.11.12 13:11:44.900,0.87067,0.87074,1.25,1.00
2014.11.12 13:11:45.002,0.87071,0.87077,1.00,2.96
2014.11.12 13:11:45.153,0.87069,0.87078,1.00,2.89
2014.11.12 13:11:45.675,0.8707,0.87077,1.00,1.39
2014.11.12 13:11:47.286,0.87068,0.87077,1.50,1.50
2014.11.12 13:11:47.337,0.87067,0.87075,1.00,2.62
2014.11.12 13:11:47.620,0.87063,0.8707,1.50,1.50
2014.11.12 13:11:48.226,0.87064,0.8707,1.47,1.50
2014.11.12 13:11:48.428,0.87067,0.87074,1.00,1.50
2014.11.12 13:11:48.934,0.87071,0.87075,1.00,1.00
2014.11.12 13:11:49.338,0.87069,0.87075,1.00,1.07
2014.11.12 13:11:49.490,0.87067,0.87072,1.00,1.00
2014.11.12 13:11:49.692,0.87064,0.87072,1.50,1.57
2014.11.12 13:11:49.844,0.87067,0.87072,1.00,1.10
2014.11.12 13:11:50.046,0.87064,0.87071,1.50,1.00
2014.11.12 13:11:52.106,0.87064,0.87071,4.01,1.50
2014.11.12 13:11:52.257,0.87067,0.87072,1.00,1.00
2014.11.12 13:11:52.763,0.87066,0.87072,1.00,1.00
2014.11.12 13:11:53.445,0.87065,0.87072,1.00,1.00
2014.11.12 13:11:53.798,0.87067,0.87073,1.00,1.00
2014.11.12 13:11:54.001,0.87067,0.87075,1.00,1.00
2014.11.12 13:11:56.414,0.87067,0.87075,1.00,1.55
2014.11.12 13:11:56.718,0.87066,0.8707,1.00,1.00
2014.11.12 13:11:57.223,0.87065,0.8707,1.00,1.00
2014.11.12 13:12:00.068,0.87064,0.87073,1.00,2.25
2014.11.12 13:12:00.119,0.87064,0.87073,1.95,1.00
2014.11.12 13:12:00.503,0.87068,0.87074,1.00,1.00
2014.11.12 13:12:08.660,0.87067,0.87076,2.25,1.57
2014.11.12 13:12:09.222,0.87068,0.87076,1.00,1.57
2014.11.12 13:12:19.214,0.87068,0.87077,1.25,1.10
2014.11.12 13:12:23.455,0.87068,0.87077,1.19,1.57
2014.11.12 13:12:24.492,0.87068,0.87077,1.25,1.57
2014.11.12 13:12:29.390,0.87068,0.87077,1.19,1.65
2014.11.12 13:12:30.297,0.87068,0.87077,1.19,1.57
2014.11.12 13:12:30.831,0.87068,0.87075,1.00,1.00
2014.11.12 13:12:33.187,0.87068,0.87076,1.00,2.25
2014.11.12 13:12:33.692,0.87068,0.87076,1.19,1.57
2014.11.12 13:12:35.215,0.87068,0.87076,1.25,1.50
2014.11.12 13:12:38.259,0.87068,0.87076,1.19,1.50
2014.11.12 13:12:41.286,0.87068,0.87076,1.25,1.50
2014.11.12 13:12:42.241,0.87068,0.87076,1.19,1.50
2014.11.12 13:12:45.252,0.87068,0.87076,1.25,1.50
2014.11.12 13:12:46.304,0.87068,0.87076,1.19,1.50
2014.11.12 13:12:50.293,0.87068,0.87076,1.25,1.50
2014.11.12 13:12:54.310,0.87068,0.87076,1.19,1.50
2014.11.12 13:12:55.342,0.87068,0.87076,1.25,1.50
2014.11.12 13:12:58.347,0.87068,0.87076,1.19,1.50
2014.11.12 13:12:59.336,0.87068,0.87076,1.25,1.50
2014.11.12 13:13:03.322,0.87068,0.87076,1.19,1.50
2014.11.12 13:13:08.326,0.87068,0.87076,1.25,1.50
2014.11.12 13:13:09.296,0.87067,0.87076,1.69,1.50
2014.11.12 13:13:10.374,0.87067,0.87076,2.44,1.50
2014.11.12 13:13:11.094,0.87067,0.87076,1.50,2.21
2014.11.12 13:13:11.398,0.87064,0.87072,1.00,2.21
2014.11.12 13:13:11.904,0.87063,0.87069,1.00,1.00
2014.11.12 13:13:15.599,0.87065,0.87069,1.10,1.00
2014.11.12 13:13:15.802,0.87067,0.87073,1.57,1.00
2014.11.12 13:13:16.306,0.87067,0.87074,2.32,1.50
2014.11.12 13:13:16.861,0.87067,0.87075,2.14,1.00
2014.11.12 13:13:17.506,0.87067,0.87075,2.96,1.00
2014.11.12 13:13:18.036,0.87067,0.87075,3.71,1.00
2014.11.12 13:13:19.768,0.87067,0.87075,2.96,1.00
2014.11.12 13:13:23.819,0.87067,0.87075,2.89,1.00
2014.11.12 13:13:28.811,0.87067,0.87075,2.89,1.00
2014.11.12 13:13:29.822,0.87067,0.87075,2.89,1.00
2014.11.12 13:13:29.923,0.87067,0.87075,3.64,1.00
2014.11.12 13:13:30.809,0.87067,0.87075,2.96,1.00
2014.11.12 13:13:34.916,0.87067,0.87075,2.21,1.00
2014.11.12 13:13:35.221,0.87067,0.87075,1.69,1.50
2014.11.12 13:13:35.756,0.87066,0.87074,1.00,2.51
2014.11.12 13:13:36.262,0.87064,0.87073,1.00,2.14
2014.11.12 13:13:36.312,0.87064,0.87073,1.00,3.21
2014.11.12 13:13:36.642,0.87063,0.8707,1.00,1.69
2014.11.12 13:13:36.692,0.87061,0.8707,1.00,3.44
2014.11.12 13:13:38.946,0.87063,0.87067,1.00,1.00
2014.11.12 13:13:38.997,0.87063,0.8707,1.50,2.25
2014.11.12 13:13:39.199,0.87065,0.87072,1.00,1.00
2014.11.12 13:13:39.502,0.87068,0.87075,1.10,1.00
2014.11.12 13:13:39.855,0.87068,0.87075,1.17,1.00
2014.11.12 13:13:40.360,0.87068,0.87076,2.40,1.50
2014.11.12 13:13:41.879,0.87068,0.87076,4.09,1.50
2014.11.12 13:13:44.591,0.87068,0.87074,1.50,1.00
2014.11.12 13:13:44.794,0.87066,0.87073,1.50,1.00
2014.11.12 13:13:45.149,0.87067,0.87073,1.57,1.00
2014.11.12 13:13:45.352,0.87069,0.87075,1.07,1.50
2014.11.12 13:13:45.806,0.87068,0.87075,1.01,1.87
2014.11.12 13:13:45.907,0.87065,0.87075,3.94,1.57
2014.11.12 13:13:46.009,0.87066,0.87073,1.00,1.00
2014.11.12 13:13:46.110,0.87067,0.87075,1.50,1.50
2014.11.12 13:13:46.614,0.87068,0.87075,1.00,1.50
2014.11.12 13:13:47.600,0.87068,0.87075,1.32,1.50
2014.11.12 13:13:48.116,0.87068,0.87073,1.25,1.50
2014.11.12 13:13:48.692,0.87068,0.87074,1.10,1.00
2014.11.12 13:13:49.468,0.87068,0.87074,1.15,1.00
2014.11.12 13:13:50.739,0.87068,0.87076,1.46,1.00
2014.11.12 13:13:51.265,0.87068,0.87076,2.21,1.00
2014.11.12 13:13:51.773,0.87068,0.87076,2.14,1.00
2014.11.12 13:14:00.839,0.8707,0.87076,1.25,1.00
2014.11.12 13:14:15.057,0.8707,0.87074,1.00,1.50
2014.11.12 13:14:15.891,0.87068,0.87074,1.00,1.50
2014.11.12 13:14:16.295,0.87065,0.87074,2.44,1.69
2014.11.12 13:14:16.719,0.87065,0.87074,2.44,1.84
2014.11.12 13:14:17.225,0.87064,0.87071,1.00,1.00
2014.11.12 13:14:17.528,0.87062,0.87068,1.00,1.50
2014.11.12 13:14:19.090,0.87064,0.87068,1.00,1.50
2014.11.12 13:14:19.242,0.87064,0.8707,1.00,1.00
2014.11.12 13:14:19.766,0.87065,0.8707,1.00,1.00
2014.11.12 13:14:20.125,0.87065,0.87072,1.00,1.00
2014.11.12 13:14:21.831,0.87064,0.87072,1.00,1.20
2014.11.12 13:14:21.983,0.87065,0.87069,1.00,1.00
2014.11.12 13:14:22.084,0.87063,0.8707,1.50,1.50
2014.11.12 13:14:22.286,0.87062,0.87068,1.00,1.50
2014.11.12 13:14:22.795,0.87061,0.87068,1.00,1.00
2014.11.12 13:14:26.414,0.87063,0.87068,1.00,1.00
2014.11.12 13:14:26.464,0.87063,0.8707,2.25,1.50
2014.11.12 13:14:26.919,0.87065,0.87071,1.00,1.00
2014.11.12 13:14:27.424,0.87064,0.8707,1.00,1.00
2014.11.12 13:14:29.256,0.87062,0.87071,1.50,1.09
2014.11.12 13:14:31.841,0.87062,0.87071,1.95,1.10
2014.11.12 13:14:32.145,0.87068,0.87073,1.00,1.00
2014.11.12 13:14:32.651,0.87068,0.87074,1.25,1.00
2014.11.12 13:14:34.175,0.87069,0.87074,1.00,1.00
2014.11.12 13:14:36.324,0.87069,0.87075,1.10,1.00
2014.11.12 13:14:37.240,0.87069,0.87075,1.29,1.00
2014.11.12 13:14:38.241,0.87069,0.87075,1.10,1.00
2014.11.12 13:14:44.317,0.87068,0.87074,1.00,1.00
2014.11.12 13:14:44.822,0.87067,0.87074,1.00,1.50
2014.11.12 13:14:45.229,0.87067,0.87073,1.00,1.07
2014.11.12 13:14:45.442,0.87064,0.87071,1.00,1.00
2014.11.12 13:14:45.947,0.87063,0.8707,1.50,1.00
2014.11.12 13:14:48.182,0.87064,0.8707,1.00,1.00
2014.11.12 13:14:48.759,0.87064,0.8707,1.69,1.00
2014.11.12 13:14:48.911,0.87067,0.87071,1.10,1.00
2014.11.12 13:14:48.962,0.87068,0.87074,1.00,1.00
2014.11.12 13:14:51.972,0.87068,0.87074,1.19,1.00
2014.11.12 13:14:52.671,0.87068,0.87074,1.12,1.00
2014.11.12 13:14:53.174,0.87068,0.87074,1.31,1.00
2014.11.12 13:14:55.966,0.87068,0.87074,1.31,1.00
2014.11.12 13:14:57.508,0.8707,0.87074,1.00,1.00
2014.11.12 13:14:58.072,0.8707,0.87075,1.25,1.00
2014.11.12 13:15:00.293,0.8707,0.87077,1.69,1.00
2014.11.12 13:15:00.620,0.87079,0.87083,1.00,1.00
2014.11.12 13:15:00.722,0.8708,0.87087,1.00,1.37
2014.11.12 13:15:01.227,0.8708,0.87087,1.00,1.00
2014.11.12 13:15:02.292,0.87081,0.87088,1.00,1.20
2014.11.12 13:15:02.797,0.8708,0.87088,1.50,1.50
2014.11.12 13:15:04.438,0.8708,0.87086,1.50,1.00
2014.11.12 13:15:04.690,0.87077,0.87086,2.14,1.00
2014.11.12 13:15:05.631,0.87077,0.87086,1.25,1.09
2014.11.12 13:15:05.956,0.87077,0.87083,1.00,2.06
2014.11.12 13:15:06.108,0.87074,0.87082,1.00,2.89
2014.11.12 13:15:06.259,0.87073,0.8708,1.00,2.59
2014.11.12 13:15:06.462,0.87069,0.87077,1.69,1.00
2014.11.12 13:15:07.968,0.87071,0.87078,1.50,1.57
2014.11.12 13:15:08.889,0.87072,0.8708,1.00,1.65
2014.11.12 13:15:09.411,0.87071,0.87077,1.00,1.10
2014.11.12 13:15:10.951,0.87071,0.87077,1.00,1.07
2014.11.12 13:15:12.137,0.87071,0.87077,1.00,1.20
2014.11.12 13:15:12.602,0.87069,0.87077,1.50,1.00
2014.11.12 13:15:15.793,0.87071,0.87077,1.00,1.20
2014.11.12 13:15:21.111,0.87069,0.87077,1.50,1.25
2014.11.12 13:15:21.364,0.87069,0.87075,1.50,1.00
2014.11.12 13:15:21.415,0.87067,0.87074,1.00,1.00
2014.11.12 13:15:21.920,0.87067,0.87074,1.50,2.81
2014.11.12 13:15:22.021,0.87067,0.87072,1.00,2.06
2014.11.12 13:15:22.073,0.87065,0.87072,1.00,2.14
2014.11.12 13:15:22.527,0.87062,0.8707,1.00,1.09
2014.11.12 13:15:22.729,0.87061,0.87067,1.00,1.00
2014.11.12 13:15:24.285,0.87061,0.87069,1.50,1.36
2014.11.12 13:15:25.425,0.87062,0.87069,1.00,1.17
2014.11.12 13:15:25.526,0.87063,0.87071,1.69,1.50
2014.11.12 13:15:25.678,0.87065,0.87073,1.00,3.71
2014.11.12 13:15:25.981,0.87064,0.87071,1.00,1.09
2014.11.12 13:15:26.486,0.87064,0.87071,1.00,1.01
2014.11.12 13:15:27.395,0.87064,0.87072,1.00,1.10
2014.11.12 13:15:27.800,0.87062,0.87072,1.50,1.09
2014.11.12 13:15:28.586,0.87062,0.87072,1.00,3.34
2014.11.12 13:15:32.617,0.87062,0.87071,1.00,1.76
2014.11.12 13:15:35.269,0.87062,0.87067,1.00,1.50
2014.11.12 13:15:35.774,0.8706,0.87066,1.76,1.00
2014.11.12 13:15:38.742,0.87061,0.87066,3.34,1.00
2014.11.12 13:15:38.902,0.87063,0.8707,2.89,1.00
2014.11.12 13:15:39.004,0.87065,0.87072,1.39,1.00
2014.11.12 13:15:39.207,0.87067,0.87072,1.00,1.00
2014.11.12 13:15:39.361,0.87067,0.87074,1.87,1.00
2014.11.12 13:15:40.017,0.87067,0.87074,1.07,1.00
2014.11.12 13:15:40.523,0.87069,0.87074,1.57,1.00
2014.11.12 13:15:40.978,0.87068,0.87076,2.96,1.50
2014.11.12 13:15:41.231,0.87068,0.87076,2.89,1.50
2014.11.12 13:15:43.971,0.8707,0.87075,1.00,1.00
2014.11.12 13:15:44.224,0.87068,0.87075,2.14,1.00
2014.11.12 13:15:44.837,0.87068,0.87075,2.06,1.00
2014.11.12 13:15:45.749,0.87069,0.87075,2.21,1.00
2014.11.12 13:15:46.355,0.87068,0.87077,3.71,1.00
2014.11.12 13:15:47.263,0.87068,0.87077,2.14,1.00
2014.11.12 13:15:47.783,0.87068,0.87077,2.21,1.00
2014.11.12 13:15:48.645,0.87068,0.87077,3.71,1.00
2014.11.12 13:15:49.928,0.87068,0.87077,2.81,1.00
2014.11.12 13:15:50.444,0.87068,0.87078,2.06,1.57
2014.11.12 13:15:50.545,0.87068,0.87076,1.56,1.00
2014.11.12 13:15:51.079,0.87067,0.87077,4.31,1.50
2014.11.12 13:15:51.903,0.87068,0.87077,1.56,1.50
2014.11.12 13:15:53.917,0.87067,0.87077,5.81,1.50
2014.11.12 13:15:55.246,0.87067,0.87077,5.81,1.50
2014.11.12 13:15:58.924,0.87069,0.87077,1.39,1.50
2014.11.12 13:16:04.616,0.87069,0.87077,1.09,1.50
2014.11.12 13:16:05.994,0.87067,0.87077,5.21,1.50
2014.11.12 13:16:08.022,0.87067,0.87077,5.21,1.50
2014.11.12 13:16:08.921,0.87067,0.87077,4.46,1.50
2014.11.12 13:16:09.485,0.87072,0.87077,1.87,1.50
2014.11.12 13:16:09.637,0.87075,0.87082,1.00,1.50
2014.11.12 13:16:09.688,0.87077,0.87082,1.00,1.50
2014.11.12 13:16:09.940,0.87078,0.87084,1.50,1.50
2014.11.12 13:16:10.524,0.87082,0.87092,1.34,1.00
2014.11.12 13:16:10.626,0.87084,0.87091,1.29,1.00
2014.11.12 13:16:10.679,0.87087,0.87091,1.50,1.00
2014.11.12 13:16:10.730,0.87088,0.87094,1.00,1.00
2014.11.12 13:16:10.781,0.8709,0.87094,1.00,1.00
2014.11.12 13:16:11.084,0.87088,0.87092,1.50,1.00
2014.11.12 13:16:11.388,0.87087,0.87093,1.00,1.84
2014.11.12 13:16:11.692,0.87083,0.87088,1.50,1.00
2014.11.12 13:16:17.513,0.87085,0.87089,1.00,1.57
2014.11.12 13:16:17.818,0.8709,0.87097,1.00,1.17
2014.11.12 13:16:17.919,0.8709,0.87096,1.00,1.00
2014.11.12 13:16:18.424,0.87094,0.87099,1.00,1.00
2014.11.12 13:16:18.526,0.87095,0.87101,1.00,1.77
2014.11.12 13:16:18.627,0.87092,0.87101,1.50,1.77
2014.11.12 13:16:18.930,0.87091,0.87096,1.00,1.00
2014.11.12 13:16:19.435,0.8709,0.87095,1.50,1.00
2014.11.12 13:16:19.875,0.87087,0.87092,1.19,2.25
2014.11.12 13:16:20.178,0.87086,0.8709,1.00,2.25
2014.11.12 13:16:20.229,0.87083,0.8709,1.50,2.44
2014.11.12 13:16:20.280,0.87083,0.87087,1.50,1.00
2014.11.12 13:16:21.187,0.87082,0.87087,1.50,1.00
2014.11.12 13:16:21.692,0.87081,0.87087,1.00,1.50
2014.11.12 13:16:22.197,0.87082,0.87087,1.00,1.00
2014.11.12 13:16:22.702,0.87081,0.87088,1.00,1.10
2014.11.12 13:16:34.110,0.87082,0.87088,1.00,1.50
2014.11.12 13:16:34.616,0.87081,0.87088,1.50,1.00
2014.11.12 13:16:49.342,0.87082,0.87088,1.00,1.00
2014.11.12 13:16:49.545,0.87083,0.8709,1.00,2.25
2014.11.12 13:16:53.013,0.87083,0.8709,1.31,1.50
2014.11.12 13:16:53.114,0.87085,0.8709,2.06,1.50
2014.11.12 13:16:53.236,0.87088,0.87093,1.00,1.00
2014.11.12 13:16:54.889,0.8709,0.87094,1.00,1.00
2014.11.12 13:16:55.041,0.8709,0.87098,1.50,1.00
2014.11.12 13:16:55.565,0.87091,0.87098,1.00,1.00
2014.11.12 13:16:58.589,0.8709,0.87098,1.00,1.00
2014.11.12 13:16:58.792,0.87088,0.87095,1.50,1.50
2014.11.12 13:16:59.296,0.87089,0.87095,2.25,1.50
2014.11.12 13:16:59.904,0.87089,0.87094,1.00,1.00
2014.11.12 13:17:00.158,0.87087,0.87094,1.00,1.00
2014.11.12 13:17:00.209,0.87086,0.87092,1.00,1.50
2014.11.12 13:17:00.715,0.87086,0.87091,1.00,1.00
2014.11.12 13:17:01.119,0.87089,0.87093,1.00,1.00
2014.11.12 13:17:01.625,0.87089,0.87093,1.00,1.00
2014.11.12 13:17:02.454,0.87088,0.87093,1.00,1.00
2014.11.12 13:17:02.858,0.87087,0.87091,1.00,1.00
2014.11.12 13:17:02.960,0.87087,0.87093,1.00,1.50
2014.11.12 13:17:03.516,0.87087,0.87093,1.69,1.00
2014.11.12 13:17:03.718,0.87089,0.87096,1.00,1.00
2014.11.12 13:17:03.971,0.8709,0.87098,1.00,1.50
2014.11.12 13:17:04.728,0.8709,0.87096,1.00,1.50
2014.11.12 13:17:06.433,0.87089,0.87096,2.44,1.50
2014.11.12 13:17:06.948,0.87089,0.87097,1.69,1.00
2014.11.12 13:17:07.910,0.87089,0.87097,2.44,1.00
2014.11.12 13:17:08.214,0.87097,0.87104,1.00,1.10
2014.11.12 13:17:08.265,0.87097,0.87102,1.50,1.00
2014.11.12 13:17:08.366,0.87097,0.87105,1.00,1.57
2014.11.12 13:17:08.770,0.87096,0.87104,1.50,1.52
2014.11.12 13:17:08.922,0.87094,0.87102,1.50,1.15
2014.11.12 13:17:09.175,0.87092,0.87099,1.50,1.00
2014.11.12 13:17:09.730,0.87093,0.87099,1.00,1.00
2014.11.12 13:17:09.882,0.87095,0.87102,1.00,1.00
2014.11.12 13:17:10.034,0.87093,0.871,1.10,1.00
2014.11.12 13:17:14.237,0.87094,0.871,1.00,1.50
2014.11.12 13:17:14.898,0.87092,0.87098,1.69,1.00
2014.11.12 13:17:22.289,0.87092,0.87098,1.65,1.50
2014.11.12 13:17:22.541,0.87097,0.87106,1.00,1.40
2014.11.12 13:17:22.693,0.87095,0.87103,1.00,1.46
2014.11.12 13:17:22.945,0.87093,0.87099,1.00,1.00
2014.11.12 13:17:23.454,0.87091,0.87099,1.95,1.00
2014.11.12 13:17:23.959,0.87091,0.87099,1.00,2.32
2014.11.12 13:17:24.262,0.87089,0.87094,1.00,1.50
2014.11.12 13:17:24.565,0.87088,0.87092,1.50,1.00
2014.11.12 13:17:24.718,0.87087,0.87096,1.50,1.87
2014.11.12 13:17:24.819,0.8709,0.87095,1.00,1.00
2014.11.12 13:17:24.970,0.87087,0.87094,2.25,1.69
2014.11.12 13:17:25.021,0.87087,0.87093,1.50,1.37
2014.11.12 13:17:25.324,0.87085,0.8709,1.00,1.00
2014.11.12 13:17:25.453,0.87083,0.87089,1.00,1.00
2014.11.12 13:17:25.957,0.87082,0.8709,1.57,1.50
2014.11.12 13:17:26.260,0.87082,0.87088,1.50,1.00
2014.11.12 13:17:37.792,0.87082,0.87088,1.29,1.00
2014.11.12 13:17:37.944,0.87087,0.87094,1.01,1.12
2014.11.12 13:17:38.197,0.8709,0.87094,1.00,1.00
2014.11.12 13:17:38.702,0.8709,0.87095,1.00,1.00
2014.11.12 13:17:47.203,0.87089,0.87095,1.00,1.00
2014.11.12 13:17:48.891,0.87087,0.87095,1.00,1.20
2014.11.12 13:17:48.993,0.87086,0.87093,1.50,1.09
2014.11.12 13:17:49.197,0.87084,0.87093,1.50,3.71
2014.11.12 13:17:49.450,0.87082,0.87088,2.25,1.00
2014.11.12 13:18:00.993,0.87082,0.87087,1.00,1.00
2014.11.12 13:18:19.438,0.87082,0.87088,1.65,1.00
2014.11.12 13:18:19.590,0.87085,0.87092,2.02,1.00
2014.11.12 13:18:19.692,0.87087,0.87094,1.15,1.50
2014.11.12 13:18:19.793,0.8709,0.87094,1.00,1.00
2014.11.12 13:18:20.298,0.8709,0.87095,1.00,1.00
2014.11.12 13:18:20.349,0.87088,0.87096,1.65,1.50
2014.11.12 13:18:20.754,0.87088,0.87096,1.50,1.84
2014.11.12 13:18:20.906,0.87085,0.87094,1.25,1.01
2014.11.12 13:18:20.958,0.87085,0.87092,1.25,1.00
2014.11.12 13:18:21.463,0.87084,0.87091,1.76,1.00
2014.11.12 13:18:21.818,0.87086,0.87096,1.29,1.10
2014.11.12 13:18:21.970,0.87087,0.87094,1.00,1.00
2014.11.12 13:18:22.273,0.87087,0.87092,1.01,1.00
2014.11.12 13:18:22.577,0.87089,0.87095,1.00,1.00
2014.11.12 13:18:22.779,0.87089,0.87098,1.00,1.57
2014.11.12 13:18:24.472,0.87091,0.87098,1.00,1.50
2014.11.12 13:18:24.977,0.87092,0.87097,1.00,1.00
2014.11.12 13:18:34.157,0.87091,0.87097,1.00,1.07
2014.11.12 13:18:34.359,0.87084,0.8709,2.25,1.00
2014.11.12 13:18:34.865,0.87083,0.87089,1.00,1.00
2014.11.12 13:18:39.210,0.87081,0.87089,1.50,1.37
2014.11.12 13:18:39.514,0.87074,0.87082,1.50,3.45
2014.11.12 13:18:39.716,0.87072,0.87079,1.00,1.40
2014.11.12 13:18:39.868,0.87071,0.87078,1.50,1.65
2014.11.12 13:18:40.373,0.87071,0.87077,1.00,1.00
2014.11.12 13:18:40.626,0.87068,0.87077,1.50,1.09
2014.11.12 13:18:40.828,0.87067,0.87074,1.76,1.00
2014.11.12 13:18:41.131,0.8707,0.87076,1.00,1.50
2014.11.12 13:18:41.283,0.8707,0.87078,1.00,1.20
2014.11.12 13:18:43.066,0.87071,0.87078,1.00,1.65
2014.11.12 13:18:43.571,0.87072,0.87077,1.00,1.00
2014.11.12 13:18:54.110,0.8707,0.87078,1.00,1.76
2014.11.12 13:18:54.211,0.8707,0.87078,1.00,2.89
2014.11.12 13:18:54.364,0.87068,0.87076,1.00,1.20
2014.11.12 13:18:54.517,0.87068,0.87074,1.00,1.00
2014.11.12 13:18:55.577,0.87068,0.87074,1.00,1.20
2014.11.12 13:18:55.779,0.87066,0.87071,1.00,1.95
2014.11.12 13:18:55.880,0.87064,0.87071,1.50,1.20
2014.11.12 13:18:56.385,0.87063,0.8707,1.50,1.50
2014.11.12 13:18:56.891,0.87063,0.8707,1.50,1.84
2014.11.12 13:19:03.512,0.87063,0.8707,1.50,1.65
2014.11.12 13:19:07.223,0.87062,0.8707,1.57,1.50
2014.11.12 13:19:07.274,0.87062,0.8707,1.07,1.00
2014.11.12 13:19:08.716,0.87065,0.8707,1.00,1.00
2014.11.12 13:19:08.969,0.87067,0.87073,1.57,1.00
2014.11.12 13:19:09.121,0.87067,0.87073,2.51,1.00
2014.11.12 13:19:09.323,0.87069,0.87075,1.31,1.00
2014.11.12 13:19:09.638,0.87071,0.87076,1.00,1.00
2014.11.12 13:19:09.739,0.87071,0.87078,1.00,1.00
2014.11.12 13:19:12.783,0.8707,0.87078,1.00,1.10
2014.11.12 13:19:13.287,0.87069,0.87078,2.89,1.00
2014.11.12 13:19:13.439,0.87069,0.87078,3.64,1.00
2014.11.12 13:19:14.095,0.87069,0.87076,4.39,1.00
2014.11.12 13:19:14.599,0.87069,0.87077,2.14,1.00
2014.11.12 13:19:16.466,0.87069,0.87077,1.01,1.00
2014.11.12 13:19:17.450,0.87069,0.87077,2.51,1.00
2014.11.12 13:19:18.477,0.87069,0.87077,1.76,1.00
2014.11.12 13:19:19.511,0.87069,0.87077,4.01,1.00
2014.11.12 13:19:20.490,0.87069,0.87077,1.50,1.00
2014.11.12 13:19:20.592,0.87069,0.87077,1.00,3.37
2014.11.12 13:19:20.744,0.87067,0.87073,1.00,1.27
2014.11.12 13:19:20.794,0.87064,0.8707,1.00,1.00
2014.11.12 13:19:20.950,0.87064,0.8707,1.00,1.00
2014.11.12 13:19:25.872,0.87065,0.8707,1.00,1.50
2014.11.12 13:19:26.125,0.87064,0.87072,1.10,1.00
2014.11.12 13:19:26.226,0.87066,0.87072,1.00,1.00
2014.11.12 13:19:26.529,0.87068,0.87074,1.10,1.00
2014.11.12 13:19:27.034,0.87068,0.87076,1.20,1.00
2014.11.12 13:19:27.539,0.87068,0.87076,1.17,1.00
2014.11.12 13:19:29.347,0.87069,0.87076,3.26,1.00
2014.11.12 13:19:30.313,0.87069,0.87077,1.84,1.00
2014.11.12 13:19:30.845,0.87069,0.87077,1.84,1.00
2014.11.12 13:19:31.351,0.87069,0.87077,1.84,1.00
2014.11.12 13:19:35.414,0.87069,0.87077,1.69,1.00
2014.11.12 13:19:37.100,0.8707,0.87077,1.00,1.00
2014.11.12 13:19:37.151,0.8707,0.87077,1.07,1.00
2014.11.12 13:19:37.353,0.87073,0.87082,1.20,1.00
2014.11.12 13:19:37.455,0.87076,0.87082,1.00,1.32
2014.11.12 13:19:37.556,0.87073,0.87082,1.25,1.76
2014.11.12 13:19:37.811,0.87074,0.87079,1.00,1.00
2014.11.12 13:19:38.320,0.87073,0.87079,1.00,1.00
2014.11.12 13:19:38.472,0.87077,0.87084,1.00,1.00
2014.11.12 13:19:38.524,0.87079,0.87084,1.00,1.00
2014.11.12 13:19:38.777,0.87079,0.87086,1.00,1.50
2014.11.12 13:19:43.915,0.87079,0.87086,1.66,1.50
2014.11.12 13:19:44.319,0.8708,0.87089,2.96,1.00
2014.11.12 13:19:44.874,0.8708,0.87089,1.69,1.07
2014.11.12 13:19:45.228,0.8708,0.87086,1.50,1.00
2014.11.12 13:19:45.745,0.8708,0.87085,1.00,1.00
2014.11.12 13:19:45.846,0.8708,0.87087,1.00,1.00
2014.11.12 13:19:46.251,0.87082,0.87087,1.00,1.00
2014.11.12 13:19:46.756,0.87081,0.87087,1.00,1.00
2014.11.12 13:19:46.857,0.87079,0.87088,1.01,1.00
2014.11.12 13:19:47.110,0.87081,0.87088,1.00,1.00
2014.11.12 13:19:47.550,0.87079,0.87088,2.44,1.57
2014.11.12 13:19:49.108,0.8708,0.87088,1.00,1.50
2014.11.12 13:19:49.616,0.87079,0.87088,2.44,1.57
2014.11.12 13:19:50.287,0.87079,0.87088,2.51,1.50
2014.11.12 13:19:53.541,0.87079,0.87087,1.36,1.00
2014.11.12 13:19:54.200,0.87079,0.87087,1.00,1.00
2014.11.12 13:19:54.504,0.87073,0.8708,1.57,1.00
2014.11.12 13:19:55.036,0.87072,0.8708,1.50,2.25
2014.11.12 13:19:55.452,0.87072,0.87077,1.00,1.00
2014.11.12 13:19:55.502,0.87069,0.87077,2.62,1.50
2014.11.12 13:19:55.604,0.87071,0.87077,1.19,1.50
2014.11.12 13:19:55.856,0.87071,0.8708,1.00,1.00
2014.11.12 13:19:56.311,0.87071,0.87077,1.00,1.00
2014.11.12 13:19:56.614,0.87071,0.8708,1.01,2.44
2014.11.12 13:19:57.120,0.87071,0.87079,1.01,1.00
2014.11.12 13:19:57.373,0.87071,0.87076,1.01,1.00
2014.11.12 13:19:57.827,0.8707,0.87078,1.00,1.50
2014.11.12 13:19:58.433,0.87071,0.87078,1.00,1.00
2014.11.12 13:19:58.685,0.87076,0.87082,1.00,1.20
2014.11.12 13:19:58.837,0.87076,0.87081,1.25,1.00
2014.11.12 13:19:58.888,0.87078,0.87082,1.00,1.00
2014.11.12 13:19:59.040,0.87078,0.87084,1.00,1.50
2014.11.12 13:19:59.343,0.8708,0.87085,1.00,1.00
2014.11.12 13:19:59.596,0.8708,0.87088,1.00,1.29
2014.11.12 13:19:59.949,0.8708,0.87085,1.00,1.00
2014.11.12 13:20:00.454,0.8708,0.87084,1.50,1.00
2014.11.12 13:20:00.693,0.87075,0.8708,1.00,1.00
2014.11.12 13:20:00.795,0.87073,0.87079,1.00,1.00
2014.11.12 13:20:01.301,0.87072,0.87078,1.00,1.00
2014.11.12 13:20:05.426,0.87076,0.8708,1.00,1.00
2014.11.12 13:20:05.527,0.87076,0.87081,1.00,1.00
2014.11.12 13:20:05.730,0.87077,0.87083,1.07,1.00
2014.11.12 13:20:06.246,0.87078,0.87084,1.10,1.00
2014.11.12 13:20:06.298,0.87079,0.87086,1.00,1.69
2014.11.12 13:20:06.500,0.87079,0.87088,1.00,1.00
2014.11.12 13:20:07.019,0.87079,0.87087,1.57,1.00
2014.11.12 13:20:07.069,0.8708,0.87085,1.10,1.00
2014.11.12 13:20:07.643,0.87078,0.87086,1.31,1.00
2014.11.12 13:20:08.160,0.87078,0.87086,1.46,1.00
2014.11.12 13:20:08.564,0.87078,0.87086,1.00,1.00
2014.11.12 13:20:08.665,0.87078,0.87086,1.17,1.00
2014.11.12 13:20:08.766,0.87078,0.87086,1.10,1.00
2014.11.12 13:20:09.336,0.87078,0.87086,1.29,1.00
2014.11.12 13:20:11.528,0.87078,0.87086,1.01,1.00
2014.11.12 13:20:11.629,0.87078,0.87084,1.76,1.00
2014.11.12 13:20:12.146,0.87078,0.87084,1.84,1.50
2014.11.12 13:20:12.709,0.87078,0.87084,1.57,1.50
2014.11.12 13:20:13.012,0.87075,0.87084,1.50,2.70
2014.11.12 13:20:13.113,0.87075,0.87083,1.50,1.45
2014.11.12 13:20:13.426,0.87073,0.87078,1.00,1.00
2014.11.12 13:20:14.750,0.87072,0.87076,1.50,1.00
2014.11.12 13:20:17.480,0.87072,0.87078,1.87,1.00
2014.11.12 13:20:17.531,0.87072,0.87078,3.26,1.00
2014.11.12 13:20:17.632,0.87074,0.87081,1.34,1.00
2014.11.12 13:20:17.733,0.87078,0.87082,1.00,1.00
2014.11.12 13:20:23.568,0.87077,0.87085,1.20,1.00
2014.11.12 13:20:23.720,0.8708,0.87085,1.00,1.00
2014.11.12 13:20:24.023,0.87081,0.87087,1.00,1.00
2014.11.12 13:20:26.449,0.87081,0.87086,1.00,1.00
2014.11.12 13:20:26.977,0.8708,0.87085,1.00,1.00
2014.11.12 13:20:31.285,0.8708,0.87087,1.00,1.00
2014.11.12 13:20:31.587,0.87082,0.87087,1.00,1.00
2014.11.12 13:20:32.107,0.87082,0.87089,1.00,1.15
2014.11.12 13:20:32.614,0.87082,0.87089,1.00,1.00
2014.11.12 13:20:33.704,0.87082,0.87088,1.00,1.00
2014.11.12 13:20:34.008,0.87082,0.87086,1.00,1.00
2014.11.12 13:20:34.262,0.87082,0.87089,1.00,1.10
2014.11.12 13:20:35.506,0.87082,0.87088,1.50,1.00
2014.11.12 13:20:36.112,0.87081,0.87088,1.50,1.50
2014.11.12 13:20:36.617,0.87082,0.87089,1.00,1.10
2014.11.12 13:20:37.677,0.87081,0.87087,1.00,1.00
2014.11.12 13:20:38.181,0.8708,0.87087,1.50,1.50
2014.11.12 13:20:39.001,0.87079,0.87086,1.00,1.00
2014.11.12 13:20:39.860,0.8708,0.87086,1.00,1.00
2014.11.12 13:20:40.371,0.87081,0.87086,1.00,1.00
2014.11.12 13:20:40.725,0.87082,0.87089,1.00,1.65
2014.11.12 13:20:41.247,0.87083,0.8709,1.50,1.27
2014.11.12 13:20:41.773,0.87082,0.87089,1.50,1.00
2014.11.12 13:20:41.975,0.87084,0.87089,1.00,1.00
2014.11.12 13:20:43.329,0.87084,0.87088,1.00,1.00
2014.11.12 13:20:43.481,0.87082,0.87087,1.00,1.00
2014.11.12 13:20:43.532,0.8708,0.87087,1.50,1.50
2014.11.12 13:20:44.047,0.87081,0.87088,1.00,1.00
2014.11.12 13:20:44.503,0.87079,0.87089,1.50,3.19
2014.11.12 13:20:44.805,0.87079,0.87087,1.50,1.50
2014.11.12 13:20:50.258,0.87079,0.87086,1.50,1.00
2014.11.12 13:20:52.415,0.87082,0.87087,1.00,1.09
2014.11.12 13:20:52.937,0.8708,0.87087,1.00,1.17
2014.11.12 13:20:53.513,0.87079,0.87087,1.00,1.17
2014.11.12 13:20:55.149,0.8708,0.87085,1.00,1.00
2014.11.12 13:20:55.503,0.87082,0.87087,1.00,1.17
2014.11.12 13:20:55.705,0.8708,0.87087,1.00,1.57
2014.11.12 13:20:55.807,0.8708,0.87085,1.00,1.00
2014.11.12 13:20:56.465,0.87081,0.87088,1.50,1.65
2014.11.12 13:20:56.919,0.87079,0.87086,1.50,1.00
2014.11.12 13:20:58.704,0.8708,0.87085,1.00,1.00
2014.11.12 13:21:00.448,0.87081,0.87088,1.50,1.57
2014.11.12 13:21:00.967,0.87081,0.87087,1.00,1.20
2014.11.12 13:21:01.018,0.87079,0.87087,1.25,1.20
2014.11.12 13:21:01.537,0.87079,0.87087,1.00,1.07
2014.11.12 13:21:01.638,0.87082,0.87087,1.00,1.10
2014.11.12 13:21:02.144,0.87082,0.87086,1.00,1.00
2014.11.12 13:21:02.194,0.87079,0.87086,1.50,1.00
2014.11.12 13:21:02.722,0.87079,0.87088,1.50,1.84
2014.11.12 13:21:02.773,0.87081,0.87088,1.00,1.09
2014.11.12 13:21:03.177,0.87079,0.87087,1.00,1.10
2014.11.12 13:21:03.687,0.87079,0.87088,1.69,1.25
2014.11.12 13:21:03.737,0.87083,0.87087,1.00,1.00
2014.11.12 13:21:03.990,0.87082,0.87091,1.50,2.96
2014.11.12 13:21:04.344,0.87082,0.87091,1.95,1.57
2014.11.12 13:21:04.395,0.87086,0.87093,1.00,1.00
2014.11.12 13:21:04.496,0.87088,0.87093,1.00,1.00
2014.11.12 13:21:04.598,0.87087,0.87095,1.25,1.50
2014.11.12 13:21:05.104,0.87087,0.87095,1.39,1.00
2014.11.12 13:21:05.725,0.87087,0.87095,2.96,1.00
2014.11.12 13:21:06.635,0.8709,0.87095,1.00,1.00
2014.11.12 13:21:06.845,0.87092,0.87097,1.00,1.00
2014.11.12 13:21:07.148,0.8709,0.87098,1.00,1.50
2014.11.12 13:21:10.623,0.87089,0.87098,1.69,2.25
2014.11.12 13:21:11.700,0.87089,0.87098,1.50,2.44
2014.11.12 13:21:13.691,0.87089,0.87098,1.69,2.44
2014.11.12 13:21:15.159,0.8709,0.87095,1.00,1.00
2014.11.12 13:21:15.463,0.87084,0.8709,1.00,1.20
2014.11.12 13:21:15.565,0.87082,0.8709,1.00,1.27
2014.11.12 13:21:16.070,0.87083,0.87091,1.00,1.40
2014.11.12 13:21:16.273,0.87084,0.87094,1.69,1.00
2014.11.12 13:21:16.475,0.87088,0.87094,1.00,1.00
2014.11.12 13:21:17.031,0.87087,0.87095,1.50,1.00
2014.11.12 13:21:17.536,0.87087,0.87096,1.00,1.00
2014.11.12 13:21:22.531,0.87088,0.87097,1.00,2.25
2014.11.12 13:21:23.036,0.87088,0.87098,3.19,1.09
2014.11.12 13:21:23.188,0.87088,0.87098,3.19,1.01
2014.11.12 13:21:23.718,0.87088,0.87098,2.44,1.10
2014.11.12 13:21:24.082,0.8709,0.87099,1.50,1.09
2014.11.12 13:21:24.488,0.87094,0.87102,1.00,1.84
2014.11.12 13:21:24.995,0.87096,0.87102,1.00,1.50
2014.11.12 13:21:25.301,0.87097,0.87104,1.07,1.00
2014.11.12 13:21:25.402,0.87097,0.87106,1.84,1.50
2014.11.12 13:21:26.433,0.87097,0.87106,1.76,1.50
2014.11.12 13:21:27.002,0.87097,0.87106,1.69,1.65
2014.11.12 13:21:27.867,0.87097,0.87105,1.50,2.89
2014.11.12 13:21:28.171,0.87091,0.87099,1.00,3.52
2014.11.12 13:21:28.222,0.87089,0.87097,1.50,1.10
2014.11.12 13:21:28.525,0.87089,0.87097,1.00,1.65
2014.11.12 13:21:28.828,0.87086,0.87095,1.25,3.26
2014.11.12 13:21:29.170,0.87088,0.87094,1.00,1.17
2014.11.12 13:21:29.530,0.87087,0.87092,1.00,1.20
2014.11.12 13:21:29.631,0.87086,0.87091,1.25,1.17
2014.11.12 13:21:29.934,0.87083,0.87091,1.00,2.89
2014.11.12 13:21:30.439,0.87083,0.87089,1.00,1.00
2014.11.12 13:21:31.247,0.87085,0.87092,1.07,1.57
2014.11.12 13:21:31.551,0.87088,0.87094,1.10,1.00
2014.11.12 13:21:31.601,0.87087,0.87096,2.40,1.50
2014.11.12 13:21:32.358,0.87088,0.87097,1.27,1.00
2014.11.12 13:21:32.459,0.8709,0.87097,1.45,1.00
2014.11.12 13:21:32.611,0.87093,0.87102,1.27,1.50
2014.11.12 13:21:32.712,0.87097,0.87102,1.00,1.00
2014.11.12 13:21:33.222,0.87098,0.87103,1.00,1.00
2014.11.12 13:21:34.572,0.87098,0.87105,1.57,1.00
2014.11.12 13:21:35.254,0.87098,0.87105,1.19,1.00
2014.11.12 13:21:35.759,0.87098,0.87105,1.00,1.00
2014.11.12 13:21:41.611,0.87098,0.87105,1.00,1.87
2014.11.12 13:21:41.713,0.87098,0.87104,1.00,2.89
2014.11.12 13:21:41.814,0.87094,0.871,1.00,1.00
2014.11.12 13:21:42.268,0.87094,0.87098,1.00,1.00
2014.11.12 13:21:42.369,0.87092,0.87099,1.50,2.40
2014.11.12 13:21:42.672,0.87091,0.87098,1.00,1.65
2014.11.12 13:21:43.177,0.87091,0.87099,1.00,2.59
2014.11.12 13:21:50.214,0.87091,0.87098,1.00,1.00
2014.11.12 13:21:50.518,0.87094,0.87099,1.00,1.10
2014.11.12 13:21:50.720,0.87091,0.871,2.25,1.84
2014.11.12 13:21:50.973,0.87091,0.87097,1.00,1.00
2014.11.12 13:21:51.477,0.87091,0.87098,1.00,1.00
2014.11.12 13:21:51.982,0.87091,0.87099,1.50,1.09
2014.11.12 13:21:52.309,0.87089,0.87097,1.50,1.00
2014.11.12 13:21:53.854,0.87089,0.87097,1.57,1.00
2014.11.12 13:21:59.335,0.87092,0.87097,1.00,1.00
2014.11.12 13:21:59.561,0.87093,0.871,1.00,1.10
2014.11.12 13:22:02.898,0.87093,0.871,1.00,2.21
2014.11.12 13:22:03.050,0.8709,0.87097,1.69,1.10
2014.11.12 13:22:03.720,0.87088,0.87095,1.00,1.00
2014.11.12 13:22:04.024,0.87088,0.87092,1.00,1.00
2014.11.12 13:22:04.176,0.87083,0.87092,1.00,1.46
2014.11.12 13:22:04.379,0.87083,0.87088,1.00,1.00
2014.11.12 13:22:04.481,0.8708,0.87086,1.00,1.00
2014.11.12 13:22:04.835,0.87077,0.87087,2.59,1.00
2014.11.12 13:22:06.125,0.87077,0.87087,2.51,1.00
2014.11.12 13:22:06.383,0.87079,0.87087,1.00,1.00
2014.11.12 13:22:08.528,0.87077,0.87087,3.26,1.25
2014.11.12 13:22:09.040,0.87077,0.87087,3.34,1.25
2014.11.12 13:22:09.805,0.87077,0.87087,3.26,1.25
2014.11.12 13:22:12.346,0.87078,0.87087,1.09,1.00
2014.11.12 13:22:12.871,0.87078,0.87087,1.25,1.00
2014.11.12 13:22:16.241,0.87078,0.87087,1.07,1.00
2014.11.12 13:22:16.799,0.87078,0.87087,1.10,1.00
2014.11.12 13:22:20.560,0.87078,0.87087,1.29,1.00
2014.11.12 13:22:21.275,0.87078,0.87086,1.29,1.00
2014.11.12 13:22:21.780,0.87078,0.87085,1.01,1.00
2014.11.12 13:22:22.588,0.87078,0.87085,1.17,1.00
2014.11.12 13:22:23.105,0.87078,0.87085,1.00,1.00
2014.11.12 13:22:25.432,0.87077,0.87085,2.51,1.12
2014.11.12 13:22:25.736,0.87072,0.87081,1.00,1.55
2014.11.12 13:22:26.039,0.87072,0.87079,1.00,1.15
2014.11.12 13:22:26.292,0.87069,0.87077,1.50,1.17
2014.11.12 13:22:26.831,0.87068,0.87077,1.00,1.50
2014.11.12 13:22:27.425,0.87068,0.87077,1.00,1.57
2014.11.12 13:22:28.380,0.87068,0.87077,1.00,1.50
2014.11.12 13:22:29.557,0.87068,0.87077,1.00,2.06
2014.11.12 13:22:29.607,0.87067,0.87077,2.25,2.96
2014.11.12 13:22:29.910,0.87063,0.87071,1.00,1.09
2014.11.12 13:22:30.012,0.87063,0.87067,1.50,1.00
2014.11.12 13:22:30.214,0.87063,0.87069,1.50,1.00
2014.11.12 13:22:30.265,0.87066,0.87071,1.00,1.00
2014.11.12 13:22:30.467,0.87066,0.87072,1.25,1.00
2014.11.12 13:22:30.973,0.87068,0.87073,1.00,1.00
2014.11.12 13:22:31.277,0.8707,0.87074,1.00,1.10
2014.11.12 13:22:31.329,0.87067,0.87075,1.00,1.46
2014.11.12 13:22:31.532,0.87065,0.87075,1.50,2.51
2014.11.12 13:22:31.583,0.87065,0.87074,1.50,3.45
2014.11.12 13:22:32.106,0.87063,0.8707,1.00,1.10
2014.11.12 13:22:32.620,0.87063,0.8707,1.00,1.57
2014.11.12 13:22:32.773,0.87061,0.87069,1.50,1.17
2014.11.12 13:22:33.289,0.8706,0.87068,1.69,1.50
2014.11.12 13:22:33.835,0.87061,0.87068,1.50,1.00
2014.11.12 13:22:34.089,0.87062,0.8707,1.00,2.70
2014.11.12 13:22:34.594,0.87063,0.8707,1.00,2.70
2014.11.12 13:22:35.048,0.87062,0.87066,1.00,1.00
2014.11.12 13:22:36.375,0.87061,0.87066,1.00,1.00
2014.11.12 13:22:36.477,0.87059,0.87065,1.50,1.00
2014.11.12 13:22:36.579,0.87059,0.87065,1.00,1.15
2014.11.12 13:22:36.630,0.87054,0.87064,1.00,1.84
2014.11.12 13:22:36.933,0.87054,0.87062,1.50,1.19
2014.11.12 13:22:37.489,0.87053,0.87062,1.00,1.26
2014.11.12 13:22:37.893,0.87053,0.87064,1.84,2.62
2014.11.12 13:22:38.095,0.87055,0.87065,1.17,1.62
2014.11.12 13:22:38.549,0.87057,0.87064,1.00,1.84
2014.11.12 13:22:38.701,0.87054,0.87063,1.00,1.84
2014.11.12 13:22:38.903,0.87052,0.87063,2.25,2.59
2014.11.12 13:22:39.004,0.87053,0.87059,1.00,1.00
2014.11.12 13:22:39.408,0.87052,0.8706,1.84,1.00
2014.11.12 13:22:39.580,0.87056,0.87062,1.25,1.00
2014.11.12 13:22:40.085,0.87056,0.87063,1.69,1.00
2014.11.12 13:22:41.983,0.87055,0.87063,1.00,1.39
2014.11.12 13:22:42.236,0.87054,0.87063,2.44,2.21
2014.11.12 13:22:42.740,0.87053,0.87062,1.00,1.39
2014.11.12 13:22:43.043,0.87053,0.87059,1.00,1.00
2014.11.12 13:22:43.548,0.87052,0.87059,1.00,1.20
2014.11.12 13:22:47.702,0.87052,0.87059,1.00,1.00
2014.11.12 13:22:52.166,0.87052,0.87059,1.20,1.25
2014.11.12 13:22:52.470,0.87055,0.87061,1.00,1.69
2014.11.12 13:22:52.781,0.87061,0.87065,1.50,1.00
2014.11.12 13:22:52.984,0.87062,0.87067,1.00,1.00
2014.11.12 13:22:53.287,0.87062,0.87069,1.50,1.00
2014.11.12 13:22:53.908,0.87064,0.87069,1.00,1.00
2014.11.12 13:22:54.363,0.87061,0.87067,1.00,1.15
2014.11.12 13:22:54.515,0.87056,0.87065,1.69,1.46
2014.11.12 13:22:55.045,0.87057,0.87065,3.37,1.00
2014.11.12 13:22:55.247,0.8706,0.87066,1.00,1.00
2014.11.12 13:22:55.298,0.8706,0.87068,1.50,1.87
2014.11.12 13:22:57.919,0.8706,0.87067,1.00,1.00
2014.11.12 13:22:58.125,0.8706,0.87067,1.00,1.69
2014.11.12 13:22:58.276,0.87054,0.87065,1.09,2.14
2014.11.12 13:22:58.327,0.87057,0.87065,1.00,2.14
2014.11.12 13:22:58.634,0.87055,0.87062,1.10,1.12
2014.11.12 13:22:58.887,0.87053,0.87062,1.50,2.02
2014.11.12 13:23:00.070,0.87052,0.87061,1.57,1.25
2014.11.12 13:23:01.485,0.87052,0.87062,1.20,1.57
2014.11.12 13:23:01.537,0.87052,0.8706,1.95,1.50
2014.11.12 13:23:01.840,0.87057,0.87064,1.57,1.50
2014.11.12 13:23:02.345,0.87059,0.87065,1.57,1.00
2014.11.12 13:23:02.959,0.87059,0.87065,1.65,1.00
2014.11.12 13:23:03.982,0.87061,0.87065,1.00,1.00
2014.11.12 13:23:04.286,0.87059,0.87067,1.00,1.00
2014.11.12 13:23:04.740,0.8706,0.87064,1.00,1.00
2014.11.12 13:23:05.720,0.87059,0.87065,1.00,1.50
2014.11.12 13:23:09.037,0.87058,0.87065,1.25,1.00
2014.11.12 13:23:10.564,0.87058,0.87065,4.39,1.00
2014.11.12 13:23:10.766,0.87062,0.87068,1.00,1.00
2014.11.12 13:23:10.817,0.87062,0.8707,1.50,1.50
2014.11.12 13:23:11.170,0.87064,0.8707,1.00,1.00
2014.11.12 13:23:12.278,0.87064,0.8707,1.00,1.07
2014.11.12 13:23:12.581,0.87059,0.87066,1.57,1.50
2014.11.12 13:23:14.976,0.87061,0.87065,1.00,1.00
2014.11.12 13:23:15.279,0.8706,0.87067,1.10,1.00
2014.11.12 13:23:15.783,0.87059,0.87068,1.00,1.00
2014.11.12 13:23:16.188,0.87059,0.87068,1.15,1.00
2014.11.12 13:23:16.592,0.87062,0.8707,1.01,1.50
2014.11.12 13:23:16.845,0.87063,0.87067,1.00,1.00
2014.11.12 13:23:17.350,0.8706,0.87067,2.96,1.00
2014.11.12 13:23:17.401,0.8706,0.87067,2.96,1.00
2014.11.12 13:23:18.057,0.87059,0.87066,1.00,1.00
2014.11.12 13:23:18.461,0.87057,0.87066,2.89,1.00
2014.11.12 13:23:18.865,0.8706,0.87066,1.50,1.00
2014.11.12 13:23:19.167,0.87064,0.8707,1.56,1.00
2014.11.12 13:23:19.269,0.87067,0.87072,1.25,1.00
2014.11.12 13:23:19.320,0.8707,0.87074,1.00,1.00
2014.11.12 13:23:19.835,0.8707,0.87074,1.00,1.00
2014.11.12 13:23:20.053,0.8707,0.87076,1.00,1.50
2014.11.12 13:23:20.104,0.87072,0.87076,1.00,1.50
2014.11.12 13:23:20.306,0.8707,0.87077,1.50,1.00
2014.11.12 13:23:20.457,0.8707,0.87075,1.50,1.00
2014.11.12 13:23:20.985,0.8707,0.87076,1.10,1.50
2014.11.12 13:23:21.799,0.87071,0.87075,1.00,1.00
2014.11.12 13:23:22.052,0.87072,0.87078,1.00,1.00
2014.11.12 13:23:22.831,0.8707,0.87078,1.00,1.00
2014.11.12 13:23:22.933,0.8707,0.87077,1.00,1.27
2014.11.12 13:23:23.034,0.87068,0.87074,1.00,1.10
2014.11.12 13:23:23.389,0.8707,0.87074,1.00,1.00
2014.11.12 13:23:23.793,0.87072,0.87076,1.00,1.00
2014.11.12 13:23:24.147,0.8707,0.87077,1.50,1.00
2014.11.12 13:23:24.652,0.8707,0.87076,1.10,1.50
2014.11.12 13:23:25.170,0.8707,0.87077,1.57,1.00
2014.11.12 13:23:29.267,0.8707,0.87077,1.65,1.00
2014.11.12 13:23:29.419,0.8707,0.87077,1.00,1.37
2014.11.12 13:23:29.520,0.87067,0.87076,1.00,1.12
2014.11.12 13:23:29.571,0.8707,0.87075,1.00,1.25
2014.11.12 13:23:29.723,0.87067,0.87073,1.76,1.50
2014.11.12 13:23:29.773,0.87069,0.87073,1.00,1.50
2014.11.12 13:23:30.077,0.87074,0.87079,1.00,1.00
2014.11.12 13:23:30.279,0.87075,0.8708,1.00,1.25
2014.11.12 13:23:34.180,0.87074,0.8708,1.00,1.00
2014.11.12 13:23:34.281,0.87071,0.87077,1.65,1.00
2014.11.12 13:23:34.332,0.87071,0.87077,1.50,1.10
2014.11.12 13:23:34.534,0.8707,0.87074,1.00,1.00
2014.11.12 13:23:34.585,0.87066,0.87074,1.20,1.00
2014.11.12 13:23:34.889,0.87063,0.87072,5.21,1.00
2014.11.12 13:23:34.990,0.87063,0.87072,2.25,1.12
2014.11.12 13:23:35.092,0.87062,0.8707,1.57,1.25
2014.11.12 13:23:35.395,0.8706,0.87067,1.46,1.00
2014.11.12 13:23:41.659,0.8706,0.87067,1.20,1.00
2014.11.12 13:23:42.172,0.8706,0.87068,1.20,1.00
2014.11.12 13:23:42.676,0.8706,0.87067,1.10,1.00
2014.11.12 13:23:45.701,0.87061,0.87067,1.07,1.00
2014.11.12 13:23:46.865,0.87059,0.87067,1.40,1.00
2014.11.12 13:23:47.777,0.87059,0.87067,1.34,1.00
2014.11.12 13:23:48.300,0.87059,0.87067,1.09,1.00
2014.11.12 13:23:49.044,0.87059,0.87067,1.40,1.00
2014.11.12 13:23:49.548,0.87059,0.87067,1.40,1.00
2014.11.12 13:23:52.772,0.87058,0.87067,1.84,1.00
2014.11.12 13:23:53.793,0.87058,0.87067,1.76,1.00
2014.11.12 13:23:59.897,0.87059,0.87067,1.19,1.00
2014.11.12 13:24:00.201,0.87061,0.87069,1.69,1.00
2014.11.12 13:24:00.555,0.87059,0.87069,1.31,1.50
2014.11.12 13:24:00.605,0.87059,0.87067,1.12,1.00
2014.11.12 13:24:02.442,0.87061,0.87067,1.00,1.00
2014.11.12 13:24:02.745,0.87066,0.87074,1.00,1.17
2014.11.12 13:24:03.049,0.87069,0.87075,1.00,1.00
2014.11.12 13:24:03.453,0.87072,0.87077,1.00,1.50
2014.11.12 13:24:03.973,0.87071,0.87077,1.00,1.00
2014.11.12 13:24:04.025,0.87069,0.87078,1.57,1.00
2014.11.12 13:24:05.914,0.87069,0.87078,2.32,1.50
2014.11.12 13:24:06.618,0.87069,0.87076,1.50,1.00
2014.11.12 13:24:07.163,0.8707,0.87075,1.00,1.00
2014.11.12 13:24:07.215,0.87068,0.87076,1.10,1.50
2014.11.12 13:24:07.568,0.87067,0.87076,1.57,2.70
2014.11.12 13:24:07.821,0.87063,0.8707,1.50,1.00
2014.11.12 13:24:08.326,0.87062,0.87069,1.50,2.25
2014.11.12 13:24:13.930,0.87062,0.87071,1.50,3.71
2014.11.12 13:24:14.459,0.87062,0.87071,1.50,3.71
2014.11.12 13:24:15.228,0.87062,0.8707,1.50,1.36
2014.11.12 13:24:16.361,0.87062,0.87071,1.50,3.71
2014.11.12 13:24:16.866,0.87062,0.87071,1.50,3.52
2014.11.12 13:24:17.170,0.87064,0.87074,3.19,1.00
2014.11.12 13:24:17.221,0.87068,0.87073,1.00,1.00
2014.11.12 13:24:20.055,0.87067,0.87074,1.69,1.00
2014.11.12 13:24:20.570,0.87067,0.87075,1.25,1.00
2014.11.12 13:24:23.633,0.87067,0.87075,1.25,1.57
2014.11.12 13:24:23.937,0.87065,0.87072,1.00,1.84
2014.11.12 13:24:24.240,0.87063,0.87072,1.00,2.96
2014.11.12 13:24:24.543,0.87066,0.87072,1.00,1.39
2014.11.12 13:24:24.948,0.87064,0.87071,1.00,1.46
2014.11.12 13:24:25.472,0.87062,0.87069,1.00,1.65
2014.11.12 13:24:25.573,0.87061,0.87066,1.00,1.00
2014.11.12 13:24:26.955,0.87061,0.87066,1.00,1.07
2014.11.12 13:24:27.208,0.87057,0.87067,1.69,2.02
2014.11.12 13:24:28.873,0.87057,0.87067,1.69,1.84
2014.11.12 13:24:29.126,0.87057,0.87067,1.69,4.01
2014.11.12 13:24:29.429,0.87057,0.87067,1.69,2.21
2014.11.12 13:24:29.953,0.87057,0.87067,1.50,2.21
2014.11.12 13:24:30.105,0.87057,0.87067,1.50,4.39
2014.11.12 13:24:30.711,0.87057,0.87067,1.50,2.21
2014.11.12 13:24:31.224,0.87057,0.87067,1.69,2.21
2014.11.12 13:24:31.728,0.87057,0.87064,1.00,1.65
2014.11.12 13:24:31.980,0.87055,0.87064,1.25,1.20
2014.11.12 13:24:32.384,0.87055,0.87064,1.00,1.76
2014.11.12 13:24:32.586,0.87052,0.8706,1.00,1.39
2014.11.12 13:24:32.738,0.8705,0.87058,1.50,1.00
2014.11.12 13:24:33.403,0.8705,0.87058,1.50,1.65
2014.11.12 13:24:34.217,0.8705,0.87058,1.50,2.02
2014.11.12 13:24:36.304,0.8705,0.87055,1.00,1.00
2014.11.12 13:24:36.405,0.87048,0.87055,1.69,1.00
2014.11.12 13:24:36.938,0.87048,0.87057,1.25,1.09
2014.11.12 13:24:37.726,0.87048,0.87057,1.00,1.09
2014.11.12 13:24:38.231,0.87048,0.87054,1.00,1.00
2014.11.12 13:25:00.658,0.87047,0.87056,3.64,1.00
2014.11.12 13:25:08.876,0.87047,0.87056,2.06,1.50
2014.11.12 13:25:09.386,0.87047,0.87056,2.06,1.57
2014.11.12 13:25:10.159,0.8705,0.87056,1.00,1.00
2014.11.12 13:25:10.678,0.8705,0.87058,2.25,2.40
2014.11.12 13:25:12.733,0.8705,0.87058,1.25,2.40
2014.11.12 13:25:13.247,0.8705,0.87058,1.00,2.32
2014.11.12 13:25:14.340,0.8705,0.87058,1.00,2.40
2014.11.12 13:25:14.642,0.87048,0.87057,1.31,1.10
2014.11.12 13:25:15.198,0.87048,0.87055,1.31,1.00
2014.11.12 13:25:20.201,0.87048,0.87054,1.00,1.10
2014.11.12 13:25:20.419,0.87045,0.87052,2.25,1.25
2014.11.12 13:25:21.030,0.87045,0.87052,1.50,1.31
2014.11.12 13:25:21.232,0.87045,0.87049,1.00,1.00
2014.11.12 13:25:21.334,0.87043,0.87049,1.00,1.00
2014.11.12 13:25:28.201,0.87042,0.8705,1.57,1.25
2014.11.12 13:25:28.303,0.87044,0.8705,1.50,1.25
2014.11.12 13:25:28.607,0.87047,0.87054,1.65,1.50
2014.11.12 13:25:29.774,0.87047,0.87054,1.50,1.50
2014.11.12 13:25:30.279,0.87047,0.87054,1.65,1.50
2014.11.12 13:25:31.458,0.87047,0.87054,1.69,1.50
2014.11.12 13:25:40.520,0.87046,0.87054,1.69,1.50
2014.11.12 13:25:44.553,0.87046,0.87052,1.00,1.00
2014.11.12 13:25:45.068,0.87046,0.87053,1.00,1.00
2014.11.12 13:25:47.735,0.87047,0.87054,1.00,1.00
2014.11.12 13:25:48.243,0.87048,0.87055,1.50,1.00
2014.11.12 13:25:52.252,0.87047,0.87055,2.59,1.00
2014.11.12 13:25:54.888,0.87047,0.87055,1.19,1.00
2014.11.12 13:25:55.893,0.87047,0.87055,1.00,1.50
2014.11.12 13:25:56.626,0.87047,0.87054,1.00,1.00
2014.11.12 13:25:56.929,0.87046,0.87052,1.50,1.09
2014.11.12 13:25:57.232,0.87043,0.87051,1.50,1.27
2014.11.12 13:25:57.779,0.87042,0.87048,1.00,1.00
2014.11.12 13:26:01.324,0.87042,0.87049,1.00,1.00
2014.11.12 13:26:01.425,0.87044,0.87052,1.00,1.10
2014.11.12 13:26:01.526,0.87048,0.87052,1.00,1.00
2014.11.12 13:26:02.183,0.87047,0.87054,1.00,1.00
2014.11.12 13:26:07.603,0.87047,0.87054,1.00,1.31
2014.11.12 13:26:07.907,0.87046,0.87051,1.00,1.00
2014.11.12 13:26:08.109,0.87044,0.87051,1.00,4.01
2014.11.12 13:26:08.622,0.87043,0.87049,1.00,1.50
2014.11.12 13:26:09.286,0.87043,0.87049,1.00,1.69
2014.11.12 13:26:09.592,0.87043,0.87049,1.00,2.44
2014.11.12 13:26:10.198,0.87042,0.87048,1.50,1.00
2014.11.12 13:26:13.104,0.87042,0.87048,1.00,1.07
2014.11.12 13:26:13.206,0.87039,0.87047,1.50,3.26
2014.11.12 13:26:13.256,0.87036,0.87043,1.17,1.00
2014.11.12 13:26:13.358,0.87036,0.87046,1.69,2.51
2014.11.12 13:26:13.409,0.87039,0.87046,1.50,1.01
2014.11.12 13:26:13.762,0.87039,0.87048,1.50,1.50
2014.11.12 13:26:16.186,0.87038,0.87048,1.76,1.87
2014.11.12 13:26:16.237,0.87038,0.87045,2.51,1.00
2014.11.12 13:26:16.541,0.87041,0.87048,1.50,2.62
2014.11.12 13:26:17.578,0.8704,0.87048,1.00,2.02
2014.11.12 13:26:20.330,0.8704,0.87047,1.00,2.06
2014.11.12 13:26:20.637,0.87038,0.87043,1.50,1.00
2014.11.12 13:26:20.738,0.87038,0.87048,1.25,2.96
2014.11.12 13:26:20.889,0.8704,0.87048,1.00,2.96
2014.11.12 13:26:21.193,0.87039,0.87045,1.00,1.00
2014.11.12 13:26:22.761,0.87037,0.87045,1.69,1.00
2014.11.12 13:26:22.963,0.8704,0.87047,1.00,1.29
2014.11.12 13:26:23.688,0.8704,0.87047,1.00,1.10
2014.11.12 13:26:27.668,0.87041,0.87047,1.00,1.00
2014.11.12 13:26:30.418,0.8704,0.87047,1.50,1.00
2014.11.12 13:26:31.401,0.87039,0.87045,1.00,1.00
2014.11.12 13:26:31.655,0.8704,0.87047,1.50,1.20
2014.11.12 13:26:35.049,0.87042,0.87047,1.00,1.10
2014.11.12 13:26:37.168,0.8704,0.87047,1.00,1.10
2014.11.12 13:26:53.138,0.87041,0.87047,1.00,1.00
2014.11.12 13:26:58.629,0.8704,0.87047,1.00,1.00
2014.11.12 13:26:59.148,0.8704,0.87046,1.00,1.00
2014.11.12 13:26:59.670,0.8704,0.87047,1.00,1.50
2014.11.12 13:27:02.688,0.87041,0.87047,1.00,1.25
2014.11.12 13:27:13.237,0.87041,0.87048,1.50,1.10
2014.11.12 13:27:15.766,0.87042,0.87048,1.00,1.25
2014.11.12 13:27:16.312,0.87042,0.87048,1.50,2.44
2014.11.12 13:27:17.921,0.87041,0.87048,2.25,2.44
2014.11.12 13:27:18.445,0.87041,0.87048,2.25,1.69
2014.11.12 13:27:19.148,0.87041,0.87047,1.50,1.19
2014.11.12 13:27:21.118,0.87041,0.87048,1.50,1.69
2014.11.12 13:27:24.581,0.87042,0.87048,1.00,1.50
2014.11.12 13:27:24.682,0.87047,0.87052,1.00,1.50
2014.11.12 13:27:24.733,0.87048,0.87052,1.50,1.00
2014.11.12 13:27:24.784,0.87048,0.87056,1.50,1.00
2014.11.12 13:27:24.891,0.8705,0.87056,1.00,1.00
2014.11.12 13:27:25.398,0.8705,0.87057,1.00,1.25
2014.11.12 13:27:36.198,0.8705,0.87056,1.00,1.00
2014.11.12 13:27:36.552,0.8705,0.87058,1.50,1.76
2014.11.12 13:27:40.773,0.87051,0.87058,1.00,1.00
2014.11.12 13:27:41.329,0.8705,0.87058,1.57,1.00
2014.11.12 13:27:42.857,0.87051,0.87058,1.00,1.25
2014.11.12 13:27:53.853,0.87052,0.87058,1.00,1.00
2014.11.12 13:27:58.114,0.87052,0.87058,1.00,1.07
2014.11.12 13:27:58.620,0.87052,0.87058,1.00,1.00
2014.11.12 13:28:00.921,0.87051,0.87058,1.00,1.00
2014.11.12 13:28:04.885,0.8705,0.87058,1.00,1.31
2014.11.12 13:28:08.466,0.8705,0.87058,1.00,1.32
2014.11.12 13:28:09.247,0.8705,0.87058,1.00,1.00
2014.11.12 13:28:19.407,0.87051,0.87058,1.00,1.00
2014.11.12 13:28:19.912,0.87052,0.87057,1.00,1.00
2014.11.12 13:28:21.055,0.87053,0.87057,1.00,1.00
2014.11.12 13:28:21.709,0.87054,0.87059,1.00,1.57
2014.11.12 13:28:29.069,0.87054,0.87062,1.69,2.25
2014.11.12 13:28:29.170,0.87058,0.87062,1.00,1.00
2014.11.12 13:28:29.221,0.87058,0.87064,1.00,1.00
2014.11.12 13:28:29.730,0.87058,0.87065,2.51,1.00
2014.11.12 13:28:30.235,0.87058,0.87066,1.46,1.00
2014.11.12 13:28:31.224,0.87058,0.87066,2.96,1.00
2014.11.12 13:28:31.759,0.87058,0.87066,3.64,1.00
2014.11.12 13:28:33.571,0.87058,0.87066,1.01,1.00
2014.11.12 13:28:35.570,0.87058,0.87066,1.29,1.00
2014.11.12 13:28:37.341,0.87058,0.87066,1.10,1.00
2014.11.12 13:28:37.442,0.87058,0.87064,1.00,1.25
2014.11.12 13:28:37.493,0.87056,0.87064,1.00,1.25
2014.11.12 13:28:37.997,0.87055,0.87063,1.25,1.50
2014.11.12 13:28:39.236,0.87055,0.87062,1.25,1.00
2014.11.12 13:28:40.259,0.87055,0.87062,1.19,1.00
2014.11.12 13:28:40.773,0.87055,0.87063,1.19,1.00
2014.11.12 13:28:41.278,0.87055,0.87063,1.00,1.20
2014.11.12 13:28:41.480,0.87055,0.87063,1.00,2.02
2014.11.12 13:28:41.632,0.87055,0.87064,1.00,1.57
2014.11.12 13:28:41.986,0.87053,0.87063,1.25,1.20
2014.11.12 13:28:42.289,0.87054,0.87063,1.00,3.34
2014.11.12 13:28:42.845,0.87052,0.87063,1.25,2.59
2014.11.12 13:28:43.047,0.87052,0.87061,1.50,1.40
2014.11.12 13:28:43.553,0.87053,0.8706,1.00,1.00
2014.11.12 13:28:45.046,0.87053,0.8706,1.00,1.57
2014.11.12 13:28:45.553,0.87052,0.87058,1.00,1.00
2014.11.12 13:28:47.265,0.87053,0.87059,1.00,1.25
2014.11.12 13:28:49.234,0.8705,0.8706,2.81,2.44
2014.11.12 13:28:49.789,0.87053,0.8706,1.00,1.50
2014.11.12 13:28:49.891,0.87053,0.87062,1.69,1.25
2014.11.12 13:28:50.194,0.87054,0.8706,1.50,1.00
2014.11.12 13:28:50.547,0.87053,0.87063,1.69,1.65
2014.11.12 13:28:51.053,0.87054,0.87063,1.19,1.57
2014.11.12 13:28:52.664,0.87054,0.87063,1.25,1.57
2014.11.12 13:28:53.168,0.87054,0.87063,1.19,1.57
2014.11.12 13:28:54.097,0.87054,0.87063,1.19,1.65
2014.11.12 13:28:54.665,0.87055,0.87063,1.19,1.57
2014.11.12 13:28:55.398,0.87054,0.87063,1.31,1.57
2014.11.12 13:28:57.169,0.87054,0.87063,1.31,1.65
2014.11.12 13:28:57.693,0.87054,0.87063,1.31,1.65
2014.11.12 13:28:59.078,0.87054,0.87063,1.00,1.84
2014.11.12 13:28:59.230,0.87054,0.8706,1.00,1.00
2014.11.12 13:28:59.554,0.87053,0.87058,1.00,1.00
2014.11.12 13:29:00.811,0.87054,0.87062,1.00,1.00
2014.11.12 13:29:01.013,0.87056,0.87063,1.00,1.00
2014.11.12 13:29:01.518,0.87055,0.87064,1.00,2.96
2014.11.12 13:29:01.619,0.87053,0.87062,1.50,1.10
2014.11.12 13:29:02.526,0.87053,0.87062,1.31,1.50
2014.11.12 13:29:03.063,0.87054,0.87062,1.19,1.00
2014.11.12 13:29:03.840,0.87053,0.87062,1.69,1.00
2014.11.12 13:29:04.345,0.87053,0.87061,2.44,1.00
2014.11.12 13:29:04.850,0.87053,0.87063,3.94,1.00
2014.11.12 13:29:07.084,0.87054,0.87064,1.19,1.07
2014.11.12 13:29:07.607,0.87055,0.87064,1.50,1.15
2014.11.12 13:29:08.643,0.87055,0.87064,1.50,2.14
2014.11.12 13:29:08.795,0.87055,0.87062,1.50,3.45
2014.11.12 13:29:09.249,0.87053,0.8706,1.50,2.59
2014.11.12 13:29:09.757,0.87052,0.8706,1.00,1.40
2014.11.12 13:29:10.355,0.87052,0.8706,1.00,1.01
2014.11.12 13:29:11.031,0.87052,0.8706,1.00,1.29
2014.11.12 13:29:12.726,0.87052,0.87057,1.00,1.00
2014.11.12 13:29:12.777,0.87049,0.87057,1.50,1.50
2014.11.12 13:29:14.007,0.87048,0.87057,2.14,1.00
2014.11.12 13:29:14.510,0.87048,0.87057,2.21,1.00
2014.11.12 13:29:15.381,0.87048,0.87057,2.14,1.00
2014.11.12 13:29:15.885,0.87048,0.87057,2.14,1.00
2014.11.12 13:29:16.390,0.87048,0.87058,1.39,1.50
2014.11.12 13:29:16.693,0.87048,0.87058,2.14,1.50
2014.11.12 13:29:17.199,0.87048,0.87058,1.39,1.50
2014.11.12 13:29:17.603,0.87051,0.87058,1.50,1.50
2014.11.12 13:29:18.108,0.87052,0.87057,1.00,1.00
2014.11.12 13:29:18.417,0.87054,0.87059,1.00,1.00
2014.11.12 13:29:24.337,0.87054,0.8706,1.69,1.00
2014.11.12 13:29:24.388,0.87054,0.87063,1.69,1.00
2014.11.12 13:29:26.911,0.87055,0.87065,1.00,2.21
2014.11.12 13:29:27.012,0.87055,0.87065,1.00,2.21
2014.11.12 13:29:27.284,0.87055,0.87065,1.00,2.21
2014.11.12 13:29:27.918,0.87055,0.87065,1.00,2.21
2014.11.12 13:29:28.789,0.87055,0.87065,1.00,2.21
2014.11.12 13:29:31.127,0.87056,0.87065,1.00,2.81
2014.11.12 13:29:31.633,0.87057,0.87064,1.00,1.00
2014.11.12 13:29:31.937,0.87059,0.87066,1.00,1.01
2014.11.12 13:29:32.241,0.87059,0.87068,1.00,1.00
2014.11.12 13:29:32.443,0.87061,0.87067,1.00,1.00
2014.11.12 13:29:33.002,0.87062,0.87067,1.50,1.00
2014.11.12 13:29:33.205,0.87064,0.87071,3.15,1.00
2014.11.12 13:29:33.256,0.87065,0.87073,1.50,1.50
2014.11.12 13:29:34.106,0.87065,0.87074,3.19,1.84
2014.11.12 13:29:34.308,0.87066,0.87072,1.00,1.00
2014.11.12 13:29:34.814,0.87065,0.87071,1.00,1.10
2014.11.12 13:29:35.320,0.87064,0.8707,1.00,1.50
2014.11.12 13:29:35.774,0.87065,0.87072,1.25,1.00
2014.11.12 13:29:36.280,0.87066,0.87073,1.50,1.00
2014.11.12 13:29:37.308,0.87068,0.87073,1.00,1.00
2014.11.12 13:29:37.611,0.87069,0.87075,1.87,1.50
2014.11.12 13:29:37.927,0.87075,0.8708,2.44,1.00
2014.11.12 13:29:38.079,0.87075,0.87082,3.00,1.00
2014.11.12 13:29:38.369,0.87076,0.87083,1.19,1.50
2014.11.12 13:29:38.825,0.87075,0.87079,1.00,1.00
2014.11.12 13:29:38.875,0.87072,0.87079,1.50,1.50
2014.11.12 13:29:40.017,0.87072,0.87079,2.02,1.00
2014.11.12 13:29:40.320,0.87079,0.87083,1.00,1.00
2014.11.12 13:29:40.472,0.87079,0.87085,1.00,1.00
2014.11.12 13:29:40.624,0.87077,0.87085,1.57,1.00
2014.11.12 13:29:40.725,0.87077,0.87083,1.50,1.00
2014.11.12 13:29:41.028,0.87075,0.87082,1.00,1.00
2014.11.12 13:29:41.180,0.87077,0.87083,1.00,1.15
2014.11.12 13:29:41.281,0.87077,0.87084,1.50,1.50
2014.11.12 13:29:41.837,0.87078,0.87084,1.00,1.00
2014.11.12 13:29:43.431,0.87078,0.87084,1.07,1.00
2014.11.12 13:29:43.938,0.87078,0.87084,1.00,1.00
2014.11.12 13:29:44.443,0.87077,0.87084,1.00,1.00
2014.11.12 13:29:44.544,0.87077,0.87083,1.00,1.56
2014.11.12 13:29:44.797,0.87074,0.87082,1.00,1.29
2014.11.12 13:29:45.050,0.87076,0.87084,1.00,1.10
2014.11.12 13:29:45.455,0.87078,0.87084,1.00,1.00
2014.11.12 13:29:46.821,0.87079,0.87084,1.00,1.00
2014.11.12 13:29:47.124,0.87083,0.87087,1.00,1.00
2014.11.12 13:29:47.552,0.87083,0.87087,1.00,1.00
2014.11.12 13:29:49.800,0.87082,0.87087,1.00,1.00
2014.11.12 13:29:49.851,0.87081,0.87087,1.00,1.00
2014.11.12 13:29:49.952,0.87085,0.8709,1.00,1.00
2014.11.12 13:29:50.003,0.87086,0.87093,1.07,1.07
2014.11.12 13:29:50.054,0.87086,0.87096,1.07,1.00
2014.11.12 13:29:50.257,0.87088,0.87094,1.00,1.00
2014.11.12 13:29:50.561,0.8709,0.87094,1.00,1.00
2014.11.12 13:29:50.865,0.87092,0.87097,1.00,1.00
2014.11.12 13:29:51.067,0.87094,0.87099,1.00,1.00
2014.11.12 13:29:51.219,0.87092,0.87099,1.50,1.00
2014.11.12 13:29:51.981,0.87092,0.87098,1.50,1.00
2014.11.12 13:29:52.111,0.87092,0.87096,1.50,1.00
2014.11.12 13:29:52.617,0.87091,0.87095,1.00,1.50
2014.11.12 13:29:53.273,0.87091,0.87098,1.00,1.69
2014.11.12 13:29:53.817,0.87092,0.87099,1.00,1.76
2014.11.12 13:29:53.918,0.87092,0.87098,1.00,1.76
2014.11.12 13:29:54.120,0.87089,0.87099,1.00,1.74
2014.11.12 13:29:54.171,0.87086,0.87097,1.76,1.39
2014.11.12 13:29:54.222,0.87088,0.87093,1.00,1.00
2014.11.12 13:29:54.727,0.87088,0.87094,1.00,1.00
2014.11.12 13:29:55.131,0.87088,0.87094,1.10,1.07
2014.11.12 13:29:55.333,0.87084,0.87092,1.00,1.39
2014.11.12 13:29:55.788,0.87082,0.8709,1.00,1.50
2014.11.12 13:29:56.091,0.87082,0.8709,1.00,2.59
2014.11.12 13:29:56.394,0.87078,0.87086,1.00,1.19
2014.11.12 13:29:56.445,0.87079,0.87088,1.00,1.10
2014.11.12 13:29:56.495,0.87079,0.87086,1.00,1.00
2014.11.12 13:29:56.546,0.87077,0.87086,2.44,1.50
2014.11.12 13:29:57.101,0.87077,0.87086,1.84,1.50
2014.11.12 13:29:57.656,0.87077,0.87086,1.95,1.50
2014.11.12 13:29:58.218,0.8708,0.87086,1.00,1.00
2014.11.12 13:29:59.318,0.87081,0.87087,1.00,1.00
2014.11.12 13:29:59.980,0.8708,0.87085,1.20,1.00
2014.11.12 13:30:00.283,0.87079,0.87087,1.15,1.00
2014.11.12 13:30:00.739,0.8708,0.8709,2.40,1.25
2014.11.12 13:30:00.789,0.8708,0.8709,3.52,1.00
2014.11.12 13:30:01.093,0.87086,0.87092,2.96,1.00
2014.11.12 13:30:01.605,0.87086,0.87093,2.96,1.00
2014.11.12 13:30:02.546,0.87087,0.87093,1.71,1.00
2014.11.12 13:30:03.051,0.87087,0.87093,1.71,1.00
2014.11.12 13:30:03.507,0.87086,0.87093,1.00,1.00
2014.11.12 13:30:04.013,0.87086,0.87093,1.15,1.00
2014.11.12 13:30:04.720,0.87086,0.87093,1.19,1.00
2014.11.12 13:30:05.023,0.87084,0.87093,1.00,1.39
2014.11.12 13:30:05.556,0.87084,0.87092,1.00,2.21
2014.11.12 13:30:06.213,0.87083,0.87091,1.00,2.96
2014.11.12 13:30:06.762,0.87082,0.87091,1.00,2.96
2014.11.12 13:30:07.267,0.87082,0.87092,2.25,1.46
2014.11.12 13:30:07.936,0.87082,0.87092,2.25,1.46
2014.11.12 13:30:08.442,0.87083,0.87089,1.00,1.00
2014.11.12 13:30:08.948,0.87083,0.8709,1.50,1.50
2014.11.12 13:30:10.179,0.87083,0.87087,1.00,1.00
2014.11.12 13:30:10.533,0.87082,0.8709,1.00,1.84
2014.11.12 13:30:11.880,0.87082,0.87088,1.00,1.00
2014.11.12 13:30:11.930,0.8708,0.87087,1.00,1.00
2014.11.12 13:30:12.537,0.8708,0.87087,1.00,1.17
2014.11.12 13:30:13.045,0.8708,0.87087,1.00,1.10
2014.11.12 13:30:13.859,0.8708,0.87086,1.00,1.25
2014.11.12 13:30:13.909,0.87079,0.87086,1.00,1.32
2014.11.12 13:30:14.062,0.87073,0.8708,1.50,1.25
2014.11.12 13:30:14.466,0.87072,0.87078,1.00,1.00
2014.11.12 13:30:15.274,0.87073,0.87079,1.00,1.10
2014.11.12 13:30:16.216,0.87073,0.87079,1.00,1.20
2014.11.12 13:30:16.368,0.87065,0.87074,1.37,1.10
2014.11.12 13:30:16.418,0.87065,0.8707,1.37,1.00
2014.11.12 13:30:16.570,0.87063,0.87069,1.87,1.00
2014.11.12 13:30:16.772,0.87063,0.87067,1.00,1.50
2014.11.12 13:30:16.924,0.87056,0.87065,1.50,3.26
2014.11.12 13:30:17.025,0.87056,0.87062,1.00,1.00
2014.11.12 13:30:17.126,0.87055,0.87064,1.69,1.57
2014.11.12 13:30:17.681,0.87055,0.87064,1.57,1.50
2014.11.12 13:30:17.883,0.87055,0.87064,1.50,2.44
2014.11.12 13:30:18.236,0.87054,0.8706,1.00,1.00
2014.11.12 13:30:18.569,0.87056,0.87061,1.17,1.00
2014.11.12 13:30:18.620,0.87056,0.87064,1.09,1.50
2014.11.12 13:30:19.130,0.87058,0.87064,1.00,1.00
2014.11.12 13:30:20.428,0.87058,0.87064,1.00,1.39
2014.11.12 13:30:20.529,0.87056,0.87064,1.50,1.45
2014.11.12 13:30:20.630,0.87054,0.8706,1.00,1.20
2014.11.12 13:30:20.731,0.87052,0.8706,1.00,1.20
2014.11.12 13:30:21.741,0.87053,0.8706,1.29,1.00
2014.11.12 13:30:22.045,0.87055,0.87062,1.00,1.00
2014.11.12 13:30:22.550,0.87059,0.87065,1.00,1.31
2014.11.12 13:30:22.702,0.87059,0.87064,1.00,1.50
2014.11.12 13:30:22.956,0.87059,0.87066,1.76,1.50
2014.11.12 13:30:23.502,0.87058,0.87066,1.32,1.50
2014.11.12 13:30:24.194,0.87057,0.87064,1.09,1.00
2014.11.12 13:30:24.245,0.87057,0.87064,1.01,1.00
2014.11.12 13:30:25.254,0.87057,0.87064,1.00,1.65
2014.11.12 13:30:25.356,0.87055,0.87063,1.00,1.52
2014.11.12 13:30:25.862,0.87055,0.8706,1.00,1.01
2014.11.12 13:30:26.014,0.87052,0.87057,1.50,1.00
2014.11.12 13:30:27.999,0.87052,0.87059,2.81,1.10
2014.11.12 13:30:28.050,0.87052,0.87059,2.89,1.50
2014.11.12 13:30:28.152,0.87057,0.87061,1.00,1.00
2014.11.12 13:30:28.254,0.87057,0.87065,1.25,1.50
2014.11.12 13:30:28.305,0.87059,0.87065,1.00,1.00
2014.11.12 13:30:28.811,0.87058,0.87066,1.50,1.50
2014.11.12 13:30:29.316,0.87057,0.87066,2.96,1.50
2014.11.12 13:30:29.634,0.87058,0.87066,1.39,1.50
2014.11.12 13:30:30.940,0.87061,0.87066,1.37,1.00
2014.11.12 13:30:31.091,0.87064,0.87071,1.29,1.00
2014.11.12 13:30:31.142,0.87064,0.87073,2.14,1.00
2014.11.12 13:30:31.193,0.87068,0.87073,1.00,1.50
2014.11.12 13:30:31.496,0.87069,0.87076,1.00,2.44
2014.11.12 13:30:31.749,0.87069,0.87077,1.00,1.00
2014.11.12 13:30:31.900,0.87069,0.87075,1.10,1.00
2014.11.12 13:30:32.203,0.87069,0.87077,1.27,1.00
2014.11.12 13:30:32.708,0.87069,0.87077,1.20,1.00
2014.11.12 13:30:33.212,0.87069,0.87076,1.10,1.00
2014.11.12 13:30:35.183,0.87069,0.87074,1.10,1.00
2014.11.12 13:30:35.536,0.87065,0.8707,1.00,1.00
2014.11.12 13:30:35.688,0.87065,0.87069,1.00,1.00
2014.11.12 13:30:36.041,0.87063,0.87069,1.50,1.00
2014.11.12 13:30:37.377,0.87063,0.87068,1.00,1.00
2014.11.12 13:30:37.881,0.87062,0.87068,1.50,1.00
2014.11.12 13:30:39.133,0.87062,0.87069,1.50,1.10
2014.11.12 13:30:39.709,0.87062,0.87068,1.00,1.00
2014.11.12 13:30:42.145,0.87062,0.87071,1.47,1.50
2014.11.12 13:30:42.398,0.87065,0.87073,1.00,1.00
2014.11.12 13:30:42.705,0.87065,0.87074,3.64,1.50
2014.11.12 13:30:43.237,0.87066,0.87074,1.66,1.00
2014.11.12 13:30:43.769,0.87066,0.87075,1.66,1.50
2014.11.12 13:30:45.182,0.87071,0.87075,1.00,1.50
2014.11.12 13:30:46.466,0.87071,0.87076,1.00,1.50
2014.11.12 13:30:51.733,0.87069,0.87074,1.50,1.00
2014.11.12 13:30:51.987,0.87073,0.87077,1.00,1.50
2014.11.12 13:30:52.139,0.87071,0.87077,1.50,1.00
2014.11.12 13:30:52.544,0.87071,0.87076,2.92,1.00
2014.11.12 13:30:52.645,0.87075,0.87081,3.37,1.00
2014.11.12 13:30:52.697,0.87079,0.87087,1.00,1.72
2014.11.12 13:30:52.748,0.87081,0.87086,1.00,1.50
2014.11.12 13:30:54.118,0.87079,0.87086,1.76,1.00
2014.11.12 13:30:54.270,0.87085,0.8709,1.00,1.50
2014.11.12 13:30:54.876,0.87084,0.8709,1.00,1.00
2014.11.12 13:30:55.066,0.87084,0.8709,1.07,1.00
2014.11.12 13:30:55.370,0.87082,0.8709,2.21,1.00
2014.11.12 13:30:55.421,0.87085,0.87091,1.00,1.50
2014.11.12 13:30:55.675,0.87082,0.87091,1.00,1.20
2014.11.12 13:30:55.725,0.87082,0.87088,1.00,1.00
2014.11.12 13:30:56.029,0.87085,0.8709,1.00,1.50
2014.11.12 13:30:56.079,0.87082,0.8709,1.00,1.50
2014.11.12 13:30:56.332,0.87084,0.8709,1.00,1.57
2014.11.12 13:30:56.636,0.87083,0.8709,1.12,1.57
2014.11.12 13:30:56.838,0.87086,0.87092,1.10,1.00
2014.11.12 13:30:57.293,0.87089,0.87094,1.57,1.00
2014.11.12 13:30:57.546,0.87087,0.87094,1.00,1.69
2014.11.12 13:30:57.647,0.87087,0.87093,1.00,1.19
2014.11.12 13:30:57.698,0.87086,0.8709,1.00,1.00
2014.11.12 13:30:58.292,0.87085,0.8709,1.00,1.00
2014.11.12 13:30:58.495,0.87088,0.87092,1.10,1.00
2014.11.12 13:30:58.697,0.87089,0.87094,1.10,1.50
2014.11.12 13:30:58.748,0.87091,0.87098,1.00,1.31
2014.11.12 13:30:59.203,0.87092,0.87097,2.32,1.00
2014.11.12 13:30:59.254,0.87092,0.87098,2.40,1.00
2014.11.12 13:30:59.304,0.87095,0.87099,1.69,1.00
2014.11.12 13:30:59.355,0.87097,0.87103,1.00,1.00
2014.11.12 13:30:59.406,0.871,0.87105,1.00,1.00
2014.11.12 13:30:59.727,0.87109,0.87115,1.00,2.44
2014.11.12 13:31:00.030,0.87111,0.87116,1.00,1.00
2014.11.12 13:31:00.233,0.87108,0.87115,1.50,1.00
2014.11.12 13:31:00.335,0.8711,0.87115,2.25,1.00
2014.11.12 13:31:00.588,0.87108,0.87115,1.00,1.00
2014.11.12 13:31:00.791,0.87106,0.8711,1.00,1.00
2014.11.12 13:31:00.893,0.87107,0.87112,1.00,1.00
2014.11.12 13:31:01.045,0.87105,0.87112,1.00,1.00
2014.11.12 13:31:01.146,0.87108,0.87112,1.00,1.00
2014.11.12 13:31:01.450,0.87106,0.87113,1.00,1.00
2014.11.12 13:31:01.703,0.87107,0.87114,3.75,1.50
2014.11.12 13:31:01.905,0.87105,0.87114,1.00,1.69
2014.11.12 13:31:02.007,0.87105,0.8711,1.50,1.00
2014.11.12 13:31:02.259,0.87101,0.87108,1.00,1.50
2014.11.12 13:31:02.361,0.87103,0.87108,1.00,1.50
2014.11.12 13:31:02.462,0.87103,0.8711,1.00,1.00
2014.11.12 13:31:02.563,0.87101,0.8711,1.00,1.00
2014.11.12 13:31:02.765,0.87101,0.87108,1.00,1.00
2014.11.12 13:31:03.371,0.87103,0.87108,1.00,1.00
2014.11.12 13:31:03.915,0.87101,0.87108,2.25,1.50
2014.11.12 13:31:04.219,0.87101,0.87107,1.00,1.17
2014.11.12 13:31:04.879,0.87099,0.87107,1.00,1.17
2014.11.12 13:31:05.031,0.87099,0.87107,1.37,1.17
2014.11.12 13:31:05.133,0.87102,0.87107,1.69,1.00
2014.11.12 13:31:05.184,0.87108,0.87115,1.00,2.25
2014.11.12 13:31:05.235,0.87111,0.87116,1.00,1.07
2014.11.12 13:31:05.438,0.87113,0.87117,1.00,1.10
2014.11.12 13:31:05.640,0.87111,0.87115,1.00,1.00
2014.11.12 13:31:06.146,0.87112,0.8712,1.00,1.34
2014.11.12 13:31:06.499,0.87112,0.87118,1.00,1.00
2014.11.12 13:31:06.650,0.8711,0.87118,1.50,1.19
2014.11.12 13:31:06.752,0.8711,0.87115,1.50,1.00
2014.11.12 13:31:07.308,0.87109,0.87115,1.00,1.10
2014.11.12 13:31:07.611,0.87107,0.87112,1.00,1.00
2014.11.12 13:31:07.712,0.8711,0.87114,1.00,1.00
2014.11.12 13:31:08.216,0.8711,0.87115,1.00,1.00
2014.11.12 13:31:08.621,0.87112,0.87116,1.00,1.10
2014.11.12 13:31:09.140,0.87111,0.87116,1.00,1.10
2014.11.12 13:31:09.646,0.8711,0.87116,1.00,1.00
2014.11.12 13:31:10.252,0.8711,0.87115,1.00,1.00
2014.11.12 13:31:11.514,0.87108,0.87115,1.50,1.10
2014.11.12 13:31:11.565,0.87108,0.87113,1.00,1.50
2014.11.12 13:31:11.868,0.87106,0.87113,1.00,1.15
2014.11.12 13:31:12.373,0.87106,0.8711,1.00,1.00
2014.11.12 13:31:13.166,0.87107,0.87112,1.00,1.00
2014.11.12 13:31:13.218,0.87107,0.87112,1.00,1.00
2014.11.12 13:31:13.270,0.87109,0.87113,1.00,1.00
2014.11.12 13:31:13.574,0.87109,0.87114,1.00,1.00
2014.11.12 13:31:14.332,0.87107,0.87115,1.50,1.50
2014.11.12 13:31:14.534,0.87105,0.87115,1.00,3.71
2014.11.12 13:31:14.837,0.87103,0.87109,1.10,1.00
2014.11.12 13:31:14.888,0.87103,0.87111,1.10,1.00
2014.11.12 13:31:14.940,0.87103,0.87111,2.32,1.00
2014.11.12 13:31:15.091,0.87107,0.87114,2.25,1.50
2014.11.12 13:31:15.583,0.8711,0.87115,1.00,1.00
2014.11.12 13:31:16.107,0.8711,0.87116,1.57,1.00
2014.11.12 13:31:16.561,0.87114,0.87123,1.00,1.84
2014.11.12 13:31:17.083,0.87114,0.87119,1.00,1.00
2014.11.12 13:31:17.133,0.87119,0.87127,1.00,3.07
2014.11.12 13:31:17.184,0.87116,0.87122,1.19,1.00
2014.11.12 13:31:17.285,0.87121,0.87126,1.50,1.00
2014.11.12 13:31:17.336,0.87123,0.87127,1.00,1.00
2014.11.12 13:31:17.387,0.87123,0.87129,1.00,1.50
2014.11.12 13:31:17.589,0.87123,0.87131,1.10,1.00
2014.11.12 13:31:18.128,0.87122,0.87131,1.50,1.17
2014.11.12 13:31:18.634,0.87122,0.87131,1.50,1.00
2014.11.12 13:31:19.039,0.87122,0.87131,1.87,1.00
2014.11.12 13:31:19.293,0.87131,0.87138,1.00,1.00
2014.11.12 13:31:19.801,0.87134,0.8714,1.50,1.00
2014.11.12 13:31:20.256,0.87135,0.8714,3.19,1.00
2014.11.12 13:31:20.357,0.87137,0.87144,1.15,1.50
2014.11.12 13:31:20.559,0.87143,0.87148,1.57,1.00
2014.11.12 13:31:20.610,0.87143,0.87147,2.25,1.00
2014.11.12 13:31:20.762,0.87145,0.87152,1.50,1.50
2014.11.12 13:31:21.231,0.87146,0.87154,1.50,1.50
2014.11.12 13:31:21.383,0.87144,0.8715,1.00,1.00
2014.11.12 13:31:21.484,0.87146,0.87153,1.10,1.00
2014.11.12 13:31:21.788,0.87144,0.8715,1.57,1.50
2014.11.12 13:31:22.065,0.87142,0.8715,1.65,1.50
2014.11.12 13:31:22.570,0.87142,0.87151,1.10,1.00
2014.11.12 13:31:22.672,0.87143,0.87148,1.00,1.00
2014.11.12 13:31:22.773,0.87143,0.87151,1.00,1.00
2014.11.12 13:31:23.279,0.87142,0.87151,2.25,1.00
2014.11.12 13:31:23.785,0.87142,0.87151,1.00,1.07
2014.11.12 13:31:24.088,0.87145,0.87152,1.00,1.00
2014.11.12 13:31:24.593,0.87144,0.87152,1.00,1.17
2014.11.12 13:31:24.897,0.87144,0.87148,1.00,1.00
2014.11.12 13:31:25.099,0.87144,0.87151,1.00,1.50
2014.11.12 13:31:25.150,0.87144,0.87154,1.00,2.40
2014.11.12 13:31:25.201,0.87142,0.87154,1.20,1.65
2014.11.12 13:31:25.252,0.87141,0.87152,1.57,1.50
2014.11.12 13:31:25.555,0.87144,0.8715,1.00,1.00
2014.11.12 13:31:26.313,0.87142,0.87148,1.00,1.10
2014.11.12 13:31:26.603,0.87142,0.87153,1.00,2.59
2014.11.12 13:31:26.654,0.87145,0.87152,1.00,1.07
2014.11.12 13:31:26.958,0.87145,0.8715,1.00,1.10
2014.11.12 13:31:27.059,0.87143,0.8715,1.50,1.17
2014.11.12 13:31:27.981,0.87143,0.8715,1.00,1.10
2014.11.12 13:31:28.487,0.87142,0.8715,1.00,1.00
2014.11.12 13:31:29.297,0.87142,0.8715,1.00,1.15
2014.11.12 13:31:32.410,0.87142,0.8715,1.00,2.51
2014.11.12 13:31:32.916,0.87142,0.8715,1.00,2.59
2014.11.12 13:31:33.422,0.87142,0.8715,1.00,1.10
2014.11.12 13:31:33.929,0.87142,0.8715,1.00,1.07
2014.11.12 13:31:34.435,0.87142,0.8715,1.00,2.40
2014.11.12 13:31:35.852,0.87142,0.8715,1.57,1.07
2014.11.12 13:31:36.055,0.87146,0.87155,1.00,1.69
2014.11.12 13:31:36.105,0.87146,0.87151,1.00,1.00
2014.11.12 13:31:36.611,0.87145,0.87152,2.25,1.50
2014.11.12 13:31:37.981,0.87145,0.87152,1.50,1.57
2014.11.12 13:31:38.436,0.87143,0.87152,1.00,2.59
2014.11.12 13:31:38.964,0.87142,0.87152,1.00,2.59
2014.11.12 13:31:39.506,0.87142,0.87152,1.00,3.34
2014.11.12 13:31:39.608,0.87142,0.87151,1.00,1.65
2014.11.12 13:31:39.912,0.87142,0.87149,1.00,1.65
2014.11.12 13:31:41.273,0.87142,0.87148,1.00,1.57
2014.11.12 13:31:41.476,0.87142,0.87149,1.00,1.84
2014.11.12 13:31:41.990,0.87142,0.8715,1.00,1.84
2014.11.12 13:31:42.502,0.87142,0.87151,1.00,2.59
2014.11.12 13:31:43.910,0.87142,0.87152,1.00,1.07
2014.11.12 13:31:44.415,0.87142,0.87152,1.25,1.09
2014.11.12 13:31:45.788,0.87142,0.87152,1.12,1.84
2014.11.12 13:31:46.313,0.87142,0.87152,1.12,1.10
2014.11.12 13:31:46.821,0.87142,0.87152,1.20,1.69
2014.11.12 13:31:47.815,0.87142,0.87152,1.00,1.09
2014.11.12 13:31:48.230,0.87142,0.87152,1.00,1.09
2014.11.12 13:31:48.780,0.87142,0.87152,1.00,1.32
2014.11.12 13:31:49.643,0.87142,0.87152,1.00,1.01
2014.11.12 13:31:50.155,0.87142,0.87152,1.00,1.20
2014.11.12 13:31:50.680,0.87142,0.87152,1.20,2.62
2014.11.12 13:31:51.134,0.87142,0.87151,1.00,1.62
2014.11.12 13:31:51.387,0.87139,0.87148,1.50,1.57
2014.11.12 13:31:51.438,0.87137,0.87145,1.00,1.57
2014.11.12 13:31:51.640,0.87133,0.87144,1.00,1.40
2014.11.12 13:31:51.742,0.87133,0.87144,1.00,4.76
2014.11.12 13:31:52.046,0.87133,0.87144,1.00,2.59
2014.11.12 13:31:52.753,0.87133,0.87143,1.37,2.40
2014.11.12 13:31:53.057,0.87136,0.87144,1.00,1.84
2014.11.12 13:31:53.309,0.87136,0.87145,1.57,2.06
2014.11.12 13:31:53.864,0.87137,0.87145,1.00,1.76
2014.11.12 13:31:54.374,0.87136,0.87145,1.50,1.57
2014.11.12 13:31:54.527,0.87136,0.87143,1.50,1.12
2014.11.12 13:31:54.830,0.87133,0.87143,1.12,1.36
2014.11.12 13:31:55.335,0.87133,0.87144,1.12,2.14
2014.11.12 13:31:55.841,0.87133,0.87144,1.31,2.14
2014.11.12 13:31:56.346,0.87133,0.87144,1.25,2.21
2014.11.12 13:31:57.053,0.87133,0.87141,1.00,1.50
2014.11.12 13:31:57.168,0.87133,0.87141,1.00,1.57
2014.11.12 13:31:57.421,0.87135,0.87144,1.10,1.00
2014.11.12 13:31:57.522,0.87137,0.87144,1.00,1.00
2014.11.12 13:31:57.825,0.87136,0.87143,1.00,1.84
2014.11.12 13:31:57.926,0.87134,0.87143,1.00,2.59
2014.11.12 13:31:58.431,0.87135,0.87141,1.00,1.10
2014.11.12 13:31:58.935,0.87134,0.87143,1.50,3.34
2014.11.12 13:31:59.494,0.87133,0.87143,1.50,3.34
2014.11.12 13:32:00.136,0.87133,0.8714,1.50,1.50
2014.11.12 13:32:00.289,0.87134,0.87139,1.00,1.17
2014.11.12 13:32:00.592,0.87132,0.87137,1.50,1.00
2014.11.12 13:32:01.098,0.87131,0.8714,1.00,2.96
2014.11.12 13:32:02.619,0.87131,0.8714,1.00,2.96
2014.11.12 13:32:02.821,0.87131,0.87138,1.00,1.65
2014.11.12 13:32:02.872,0.87129,0.87138,1.50,3.90
2014.11.12 13:32:03.024,0.87128,0.87132,1.00,1.50
2014.11.12 13:32:03.126,0.87126,0.87132,1.00,3.19
2014.11.12 13:32:03.279,0.87124,0.87131,1.50,1.32
2014.11.12 13:32:03.633,0.87124,0.8713,1.00,1.65
2014.11.12 13:32:03.936,0.87123,0.8713,1.00,1.65
2014.11.12 13:32:04.088,0.87123,0.87128,1.00,1.50
2014.11.12 13:32:04.341,0.87123,0.8713,1.00,1.65
2014.11.12 13:32:04.846,0.87123,0.87131,1.00,1.69
2014.11.12 13:32:06.852,0.87123,0.87131,1.00,1.07
2014.11.12 13:32:07.357,0.87123,0.87131,1.00,1.00
2014.11.12 13:32:07.918,0.87123,0.87131,1.46,1.00
2014.11.12 13:32:08.019,0.87126,0.87131,1.00,1.00
2014.11.12 13:32:08.221,0.87124,0.87132,1.50,1.00
2014.11.12 13:32:08.323,0.87124,0.8713,1.50,1.00
2014.11.12 13:32:09.224,0.87125,0.87131,1.00,1.00
2014.11.12 13:32:09.326,0.87126,0.87133,1.00,1.50
2014.11.12 13:32:09.831,0.87125,0.87133,1.25,1.00
2014.11.12 13:32:09.983,0.87128,0.87132,1.00,1.00
2014.11.12 13:32:10.538,0.87127,0.87132,1.00,1.00
2014.11.12 13:32:10.740,0.87125,0.87132,1.50,1.50
2014.11.12 13:32:11.245,0.87124,0.87133,1.00,1.10
2014.11.12 13:32:11.548,0.87126,0.87136,1.00,1.84
2014.11.12 13:32:11.649,0.87128,0.87136,1.00,1.00
2014.11.12 13:32:12.177,0.87128,0.87134,1.09,1.50
2014.11.12 13:32:12.480,0.87128,0.87136,1.46,1.00
2014.11.12 13:32:12.631,0.87128,0.87134,1.27,1.00
2014.11.12 13:32:13.288,0.87126,0.87134,1.87,1.01
2014.11.12 13:32:13.742,0.87126,0.87132,1.00,1.25
2014.11.12 13:32:13.893,0.87124,0.87132,1.50,1.01
2014.11.12 13:32:13.944,0.87125,0.8713,1.00,1.00
2014.11.12 13:32:14.701,0.87124,0.87132,2.21,1.50
2014.11.12 13:32:15.003,0.87126,0.87132,1.07,1.50
2014.11.12 13:32:15.206,0.87129,0.87136,1.00,1.50
2014.11.12 13:32:15.307,0.87127,0.87136,1.84,1.50
2014.11.12 13:32:15.358,0.87127,0.87134,1.76,1.00
2014.11.12 13:32:15.877,0.87127,0.87134,1.84,1.50
2014.11.12 13:32:16.180,0.87127,0.87134,4.39,1.50
2014.11.12 13:32:16.698,0.87127,0.87135,2.06,1.00
2014.11.12 13:32:17.712,0.87128,0.87135,2.14,1.00
2014.11.12 13:32:18.067,0.87131,0.87137,1.00,1.50
2014.11.12 13:32:18.604,0.87131,0.87136,1.57,1.00
2014.11.12 13:32:18.908,0.87131,0.87139,1.10,1.00
2014.11.12 13:32:19.580,0.87131,0.87139,1.07,1.00
2014.11.12 13:32:19.681,0.87135,0.87139,1.00,1.00
2014.11.12 13:32:19.783,0.87132,0.8714,1.29,1.00
2014.11.12 13:32:19.884,0.87135,0.8714,1.00,1.00
2014.11.12 13:32:19.985,0.87135,0.87142,1.57,1.00
2014.11.12 13:32:20.289,0.87135,0.87142,1.00,1.65
2014.11.12 13:32:20.339,0.87133,0.87142,1.00,1.17
2014.11.12 13:32:20.844,0.87132,0.87142,1.00,1.84
2014.11.12 13:32:21.755,0.87132,0.87142,1.37,1.84
2014.11.12 13:32:21.806,0.87132,0.87143,1.47,1.07
2014.11.12 13:32:21.857,0.87138,0.87143,1.00,1.00
2014.11.12 13:32:22.008,0.87137,0.87145,1.00,1.50
2014.11.12 13:32:22.059,0.87137,0.87145,1.50,1.07
2014.11.12 13:32:22.362,0.87134,0.87142,1.00,1.40
2014.11.12 13:32:22.665,0.87133,0.8714,1.00,1.84
2014.11.12 13:32:22.817,0.87132,0.8714,1.00,1.69
2014.11.12 13:32:23.956,0.87132,0.8714,1.00,2.44
2014.11.12 13:32:24.512,0.87132,0.8714,1.00,1.84
2014.11.12 13:32:26.035,0.87132,0.8714,1.00,1.01
2014.11.12 13:32:26.491,0.87135,0.8714,1.00,1.00
2014.11.12 13:32:26.592,0.87136,0.87142,1.50,1.50
2014.11.12 13:32:27.147,0.87138,0.87142,1.10,1.00
2014.11.12 13:32:27.249,0.87138,0.87147,1.10,1.25
2014.11.12 13:32:27.501,0.8714,0.87148,1.00,2.51
2014.11.12 13:32:28.006,0.8714,0.87148,1.00,1.25
2014.11.12 13:32:29.428,0.8714,0.87148,1.00,1.76
2014.11.12 13:32:29.932,0.87139,0.87146,1.00,1.00
2014.11.12 13:32:30.437,0.87138,0.87146,1.00,1.00
2014.11.12 13:32:31.779,0.87137,0.87146,1.57,1.00
2014.11.12 13:32:32.284,0.87137,0.87146,2.02,1.00
2014.11.12 13:32:33.645,0.87138,0.87146,1.09,1.00
2014.11.12 13:32:34.467,0.87138,0.87146,2.21,1.00
2014.11.12 13:32:34.971,0.87138,0.87146,3.71,1.00
2014.11.12 13:32:35.500,0.87139,0.87146,1.95,1.00
2014.11.12 13:32:35.551,0.87139,0.87148,1.95,1.50
2014.11.12 13:32:35.753,0.8714,0.87149,2.40,1.00
2014.11.12 13:32:35.929,0.87147,0.87153,1.00,1.07
2014.11.12 13:32:35.980,0.87149,0.87153,1.50,1.00
2014.11.12 13:32:36.284,0.87151,0.87155,1.50,1.00
2014.11.12 13:32:36.437,0.8715,0.87157,1.12,1.25
2014.11.12 13:32:36.690,0.87151,0.8716,1.00,1.07
2014.11.12 13:32:37.195,0.87151,0.8716,1.00,1.57
2014.11.12 13:32:38.154,0.87151,0.8716,1.07,1.00
2014.11.12 13:32:38.357,0.87153,0.8716,1.07,1.00
2014.11.12 13:32:38.509,0.87157,0.87164,2.25,1.12
2014.11.12 13:32:39.015,0.87157,0.87165,2.40,1.00
2014.11.12 13:32:40.029,0.87157,0.87165,1.84,1.00
2014.11.12 13:32:40.484,0.87157,0.87165,1.84,1.00
2014.11.12 13:32:41.027,0.87158,0.87165,1.00,1.00
2014.11.12 13:32:41.178,0.8716,0.87166,1.00,1.00
2014.11.12 13:32:41.684,0.87161,0.87167,1.00,1.00
2014.11.12 13:32:42.300,0.87161,0.87167,1.07,1.00
2014.11.12 13:32:42.805,0.87161,0.87168,1.20,1.00
2014.11.12 13:32:43.058,0.87165,0.87173,1.12,1.00
2014.11.12 13:32:43.160,0.87168,0.87173,1.10,1.00
2014.11.12 13:32:43.262,0.87168,0.87175,1.50,1.50
2014.11.12 13:32:43.312,0.8717,0.87175,1.00,1.50
2014.11.12 13:32:43.666,0.87167,0.87176,1.00,1.69
2014.11.12 13:32:43.920,0.87169,0.87175,1.00,1.00
2014.11.12 13:32:44.425,0.87169,0.87175,1.00,1.19
2014.11.12 13:32:44.678,0.87163,0.87171,1.69,1.65
2014.11.12 13:32:44.779,0.87163,0.87171,1.50,1.57
2014.11.12 13:32:45.284,0.87163,0.8717,1.00,1.26
2014.11.12 13:32:45.810,0.87164,0.87169,1.00,1.29
2014.11.12 13:32:46.114,0.87158,0.87169,1.50,1.29
2014.11.12 13:32:46.216,0.87158,0.87168,1.50,1.09
2014.11.12 13:32:46.721,0.87158,0.87167,1.57,1.69
2014.11.12 13:32:47.226,0.87158,0.87167,1.65,1.69
2014.11.12 13:32:47.730,0.87158,0.87167,1.57,1.69
2014.11.12 13:32:48.033,0.8716,0.87167,1.00,1.25
2014.11.12 13:32:48.640,0.8716,0.87168,1.10,1.00
2014.11.12 13:32:48.993,0.87161,0.8717,1.84,1.00
2014.11.12 13:32:49.296,0.8716,0.87172,4.01,1.19
2014.11.12 13:32:49.398,0.8716,0.87172,1.76,1.26
2014.11.12 13:32:49.903,0.87162,0.87173,1.25,1.84
2014.11.12 13:32:50.495,0.87162,0.87173,1.25,1.84
2014.11.12 13:32:51.018,0.87162,0.8717,1.50,1.50
2014.11.12 13:32:52.582,0.87162,0.8717,1.57,1.50
2014.11.12 13:32:53.087,0.87162,0.87171,1.69,1.00
2014.11.12 13:32:53.500,0.87163,0.87171,1.19,1.00
2014.11.12 13:32:53.905,0.87162,0.87171,1.69,1.00
2014.11.12 13:32:54.158,0.87163,0.87167,1.00,1.00
2014.11.12 13:32:54.511,0.8716,0.87165,1.00,1.00
2014.11.12 13:32:58.563,0.8716,0.87167,1.00,1.50
2014.11.12 13:32:59.457,0.8716,0.87167,1.00,2.59
2014.11.12 13:32:59.559,0.87158,0.87165,1.00,1.10
2014.11.12 13:32:59.660,0.87156,0.87164,1.00,1.25
2014.11.12 13:32:59.762,0.87156,0.87163,1.00,1.36
2014.11.12 13:33:00.014,0.87154,0.87163,1.50,2.59
2014.11.12 13:33:00.216,0.87153,0.8716,1.00,1.00
2014.11.12 13:33:00.736,0.87153,0.87161,1.00,1.00
2014.11.12 13:33:01.659,0.87153,0.87161,1.00,1.76
2014.11.12 13:33:01.761,0.87151,0.87158,1.00,1.00
2014.11.12 13:33:01.862,0.87151,0.87158,1.00,1.32
2014.11.12 13:33:01.963,0.87149,0.87156,1.00,1.17
2014.11.12 13:33:02.151,0.87149,0.87153,1.00,1.12
2014.11.12 13:33:02.201,0.87144,0.8715,1.50,1.50
2014.11.12 13:33:02.454,0.87141,0.87145,1.00,1.00
2014.11.12 13:33:02.505,0.87138,0.87144,1.00,1.36
2014.11.12 13:33:02.656,0.87134,0.87141,1.00,1.00
2014.11.12 13:33:02.858,0.87134,0.87139,1.00,1.00
2014.11.12 13:33:02.960,0.87132,0.87138,1.00,1.00
2014.11.12 13:33:03.062,0.87129,0.87138,1.20,1.00
2014.11.12 13:33:03.314,0.87129,0.87136,1.57,1.69
2014.11.12 13:33:04.072,0.87128,0.87136,1.00,1.25
2014.11.12 13:33:04.376,0.87126,0.87134,1.00,2.96
2014.11.12 13:33:04.730,0.87125,0.8713,1.00,1.00
2014.11.12 13:33:04.831,0.87124,0.87132,1.20,1.00
2014.11.12 13:33:04.882,0.87124,0.87132,2.59,1.00
2014.11.12 13:33:05.034,0.87127,0.87138,1.84,1.69
2014.11.12 13:33:05.185,0.87132,0.87138,1.00,1.00
2014.11.12 13:33:05.691,0.87129,0.87139,3.34,1.00
2014.11.12 13:33:06.164,0.87132,0.87139,1.25,1.50
2014.11.12 13:33:06.366,0.87132,0.87143,1.29,1.00
2014.11.12 13:33:06.467,0.87135,0.87144,1.76,1.00
2014.11.12 13:33:06.835,0.8714,0.87148,1.10,1.00
2014.11.12 13:33:07.348,0.8714,0.87148,2.32,1.00
2014.11.12 13:33:07.651,0.87144,0.8715,1.00,1.00
2014.11.12 13:33:07.956,0.87146,0.8715,1.00,1.00
2014.11.12 13:33:08.361,0.87143,0.87152,1.00,1.84
2014.11.12 13:33:10.099,0.87141,0.87146,1.50,1.50
2014.11.12 13:33:10.352,0.87137,0.87141,1.00,1.00
2014.11.12 13:33:10.403,0.87135,0.87141,1.00,1.00
2014.11.12 13:33:10.454,0.87133,0.87138,1.00,1.00
2014.11.12 13:33:10.757,0.87133,0.87143,2.59,1.00
2014.11.12 13:33:10.858,0.87136,0.87144,1.65,1.50
2014.11.12 13:33:10.959,0.87136,0.87144,1.65,1.50
2014.11.12 13:33:11.465,0.87136,0.87145,1.17,1.00
2014.11.12 13:33:11.997,0.87136,0.87145,1.00,1.00
2014.11.12 13:33:12.402,0.87136,0.87142,1.00,1.00
2014.11.12 13:33:12.907,0.87136,0.87143,1.00,1.25
2014.11.12 13:33:13.210,0.87135,0.87141,1.00,1.00
2014.11.12 13:33:13.715,0.87135,0.8714,1.00,1.00
2014.11.12 13:33:16.802,0.87137,0.87142,1.00,1.00
2014.11.12 13:33:16.853,0.87138,0.87145,1.69,1.00
2014.11.12 13:33:16.954,0.87138,0.87147,3.56,1.00
2014.11.12 13:33:17.459,0.8714,0.87147,1.00,1.00
2014.11.12 13:33:17.993,0.8714,0.87148,1.00,1.00
2014.11.12 13:33:22.928,0.8714,0.87148,1.07,1.00
2014.11.12 13:33:23.433,0.8714,0.87148,1.10,1.00
2014.11.12 13:33:23.736,0.87142,0.87149,1.00,1.00
2014.11.12 13:33:25.183,0.87142,0.8715,1.00,1.50
2014.11.12 13:33:25.486,0.87144,0.8715,1.17,1.00
2014.11.12 13:33:25.537,0.87145,0.87153,1.50,1.50
2014.11.12 13:33:25.638,0.87147,0.87153,1.00,1.00
2014.11.12 13:33:25.740,0.87145,0.87153,1.00,1.00
2014.11.12 13:33:25.943,0.87147,0.87153,1.07,1.00
2014.11.12 13:33:26.299,0.87146,0.87153,2.25,1.00
2014.11.12 13:33:26.804,0.87146,0.87154,2.44,1.50
2014.11.12 13:33:27.309,0.87147,0.87154,2.25,1.00
2014.11.12 13:33:27.511,0.87146,0.87154,1.69,1.65
2014.11.12 13:33:27.814,0.87145,0.87154,1.40,1.25
2014.11.12 13:33:28.066,0.87148,0.87156,1.20,1.00
2014.11.12 13:33:28.722,0.87147,0.87156,1.65,1.00
2014.11.12 13:33:29.228,0.87151,0.87156,1.00,1.00
2014.11.12 13:33:29.733,0.87149,0.87157,1.15,1.50
2014.11.12 13:33:30.353,0.8715,0.87157,1.65,1.50
2014.11.12 13:33:30.656,0.87161,0.87167,1.00,2.17
2014.11.12 13:33:30.808,0.87161,0.87165,1.00,1.00
2014.11.12 13:33:30.959,0.87161,0.87167,1.00,1.50
2014.11.12 13:33:31.262,0.87162,0.8717,1.57,1.50
2014.11.12 13:33:31.465,0.87164,0.87171,1.10,1.50
2014.11.12 13:33:31.970,0.87165,0.87171,1.00,1.00
2014.11.12 13:33:32.929,0.87166,0.87171,1.00,1.00
2014.11.12 13:33:33.438,0.87165,0.87171,1.57,1.00
2014.11.12 13:33:33.741,0.87167,0.87171,1.00,1.00
2014.11.12 13:33:35.559,0.87166,0.87172,1.00,1.69
2014.11.12 13:33:35.660,0.87164,0.87172,1.50,1.31
2014.11.12 13:33:36.166,0.87163,0.87172,1.50,2.81
2014.11.12 13:33:36.693,0.87162,0.8717,1.50,1.25
2014.11.12 13:33:37.198,0.87163,0.87173,1.00,2.21
2014.11.12 13:33:39.097,0.87163,0.87172,1.00,1.39
2014.11.12 13:33:41.096,0.87163,0.87172,1.00,1.31
2014.11.12 13:33:41.605,0.87162,0.87172,1.50,1.39
2014.11.12 13:33:41.909,0.87157,0.87164,1.37,1.19
2014.11.12 13:33:41.959,0.87156,0.87161,1.00,1.10
2014.11.12 13:33:42.061,0.87154,0.8716,1.00,1.00
2014.11.12 13:33:42.414,0.87153,0.87157,1.00,1.00
2014.11.12 13:33:43.160,0.87152,0.87158,2.25,1.00
2014.11.12 13:33:43.262,0.87152,0.87161,2.25,2.14
2014.11.12 13:33:43.514,0.87152,0.87158,2.25,1.00
2014.11.12 13:33:45.982,0.87152,0.8716,2.25,1.50
2014.11.12 13:33:47.800,0.87152,0.87159,2.25,1.00
2014.11.12 13:33:47.902,0.87151,0.87155,1.00,1.00
2014.11.12 13:33:48.105,0.87145,0.87155,1.50,1.46
2014.11.12 13:33:48.206,0.87148,0.87154,1.00,1.00
2014.11.12 13:33:48.509,0.87148,0.87152,1.00,1.00
2014.11.12 13:33:48.560,0.87146,0.87152,1.50,1.00
2014.11.12 13:33:49.104,0.87147,0.87153,1.00,2.51
2014.11.12 13:33:49.660,0.87146,0.87153,1.00,1.09
2014.11.12 13:33:50.185,0.87145,0.87153,2.25,1.84
2014.11.12 13:33:50.690,0.87145,0.87152,1.50,1.46
2014.11.12 13:33:51.195,0.87145,0.87152,1.00,1.39
2014.11.12 13:33:51.498,0.87145,0.87152,1.00,1.46
2014.11.12 13:33:51.750,0.87143,0.87149,1.50,1.00
2014.11.12 13:33:52.256,0.87142,0.87151,2.25,2.89
2014.11.12 13:33:52.609,0.87142,0.87152,2.25,1.46
2014.11.12 13:33:53.146,0.87142,0.87152,2.25,1.46
2014.11.12 13:33:54.327,0.87142,0.8715,2.25,1.29
2014.11.12 13:33:54.832,0.87142,0.87148,1.00,1.00
2014.11.12 13:33:55.359,0.87142,0.8715,1.00,1.39
2014.11.12 13:33:55.864,0.87142,0.87151,1.57,2.06
2014.11.12 13:33:56.392,0.87143,0.87152,1.00,1.46
2014.11.12 13:33:58.851,0.87143,0.87153,1.00,2.06
2014.11.12 13:33:59.860,0.87143,0.87152,1.00,1.39
2014.11.12 13:34:00.883,0.87143,0.87152,1.00,1.46
2014.11.12 13:34:01.188,0.87142,0.87152,1.00,1.74
2014.11.12 13:34:01.491,0.87143,0.87147,1.00,1.00
2014.11.12 13:34:01.845,0.87141,0.87148,1.50,1.69
2014.11.12 13:34:01.895,0.87141,0.87148,1.50,2.44
2014.11.12 13:34:02.047,0.87139,0.87146,1.00,1.84
2014.11.12 13:34:02.148,0.87134,0.87144,1.50,1.46
2014.11.12 13:34:02.199,0.87133,0.87141,1.00,1.00
2014.11.12 13:34:02.704,0.87133,0.8714,1.00,1.00
2014.11.12 13:34:03.008,0.87133,0.87137,1.00,1.00
2014.11.12 13:34:03.513,0.87132,0.87137,1.00,1.00
2014.11.12 13:34:07.763,0.87132,0.87139,1.20,1.00
2014.11.12 13:34:07.966,0.87132,0.87139,1.65,1.00
2014.11.12 13:34:08.017,0.87133,0.87142,2.40,1.00
2014.11.12 13:34:08.068,0.87136,0.87142,1.50,1.00
2014.11.12 13:34:08.522,0.87136,0.87142,1.15,1.00
2014.11.12 13:34:08.725,0.87136,0.87142,1.20,1.00
2014.11.12 13:34:08.927,0.87138,0.87142,1.10,1.00
2014.11.12 13:34:09.434,0.87138,0.87143,1.00,1.00
2014.11.12 13:34:11.688,0.87136,0.87143,2.59,1.00
2014.11.12 13:34:12.344,0.87138,0.87143,1.00,1.00
2014.11.12 13:34:13.315,0.87136,0.87143,1.65,1.00
2014.11.12 13:34:13.720,0.87136,0.87143,1.00,2.14
2014.11.12 13:34:13.871,0.87134,0.87142,1.50,1.46
2014.11.12 13:34:14.427,0.87133,0.87137,1.50,1.00
2014.11.12 13:34:14.780,0.87131,0.87137,1.50,1.00
2014.11.12 13:34:15.290,0.8713,0.87136,1.00,1.50
2014.11.12 13:34:16.263,0.8713,0.87136,1.00,1.87
2014.11.12 13:34:16.364,0.87128,0.87136,1.00,3.45
2014.11.12 13:34:16.516,0.87124,0.87132,1.69,1.12
2014.11.12 13:34:16.567,0.87124,0.87132,1.00,1.39
2014.11.12 13:34:17.092,0.87124,0.87133,1.00,1.74
2014.11.12 13:34:17.631,0.87125,0.87133,1.00,1.77
2014.11.12 13:34:18.137,0.87124,0.87131,1.00,1.10
2014.11.12 13:34:18.187,0.87125,0.87129,1.00,1.00
2014.11.12 13:34:18.490,0.87126,0.87132,1.00,1.00
2014.11.12 13:34:18.895,0.87125,0.87132,1.00,2.59
2014.11.12 13:34:19.399,0.87124,0.87129,1.00,1.10
2014.11.12 13:34:19.804,0.87122,0.87128,1.00,2.59
2014.11.12 13:34:19.855,0.87122,0.87128,1.00,2.59
2014.11.12 13:34:19.956,0.87118,0.87122,1.00,1.00
2014.11.12 13:34:20.057,0.87116,0.87123,1.50,1.00
2014.11.12 13:34:20.159,0.87117,0.87125,1.00,1.10
2014.11.12 13:34:20.260,0.8712,0.87124,1.00,1.00
2014.11.12 13:34:20.513,0.87115,0.87124,1.00,1.29
2014.11.12 13:34:20.715,0.87115,0.8712,1.00,1.00
2014.11.12 13:34:20.816,0.87112,0.87121,1.00,1.50
2014.11.12 13:34:20.918,0.87109,0.87118,1.84,1.00
2014.11.12 13:34:21.423,0.87109,0.87118,2.21,1.00
2014.11.12 13:34:22.233,0.87111,0.87117,1.00,1.00
2014.11.12 13:34:22.586,0.8711,0.8712,3.71,1.00
2014.11.12 13:34:22.688,0.87115,0.87119,1.00,1.00
2014.11.12 13:34:22.790,0.87114,0.87122,1.10,1.00
2014.11.12 13:34:22.941,0.87115,0.87122,2.96,1.00
2014.11.12 13:34:23.245,0.8712,0.87126,1.10,1.00
2014.11.12 13:34:23.448,0.8712,0.87128,1.57,1.50
2014.11.12 13:34:23.550,0.87122,0.87128,1.00,1.50
2014.11.12 13:34:24.061,0.87121,0.87128,1.50,1.00
2014.11.12 13:34:24.567,0.8712,0.87128,1.10,1.00
2014.11.12 13:34:25.022,0.8712,0.87125,1.10,1.00
2014.11.12 13:34:25.981,0.87121,0.87128,1.50,1.50
2014.11.12 13:34:26.744,0.8712,0.87128,1.57,1.50
2014.11.12 13:34:27.198,0.87123,0.87127,1.00,1.00
2014.11.12 13:34:27.299,0.87123,0.87129,1.10,1.50
2014.11.12 13:34:27.818,0.87123,0.87128,1.00,1.00
2014.11.12 13:34:28.323,0.87122,0.87128,1.50,1.50
2014.11.12 13:34:28.846,0.87121,0.87127,1.00,1.00
2014.11.12 13:34:29.048,0.87119,0.87127,1.95,1.50
2014.11.12 13:34:29.160,0.87119,0.87127,1.95,1.50
2014.11.12 13:34:29.362,0.87119,0.87127,3.45,1.50
2014.11.12 13:34:29.835,0.87121,0.87128,1.50,1.50
2014.11.12 13:34:34.121,0.87122,0.87128,1.00,1.00
2014.11.12 13:34:34.425,0.87125,0.8713,1.10,1.00
2014.11.12 13:34:34.476,0.87125,0.87133,1.65,1.00
2014.11.12 13:34:34.577,0.87127,0.87133,2.02,1.00
2014.11.12 13:34:34.779,0.87127,0.87135,2.77,1.50
2014.11.12 13:34:35.284,0.87128,0.87135,3.64,1.00
2014.11.12 13:34:35.436,0.87128,0.87137,2.89,1.00
2014.11.12 13:34:35.688,0.87131,0.87139,1.25,1.10
2014.11.12 13:34:36.194,0.87132,0.8714,1.50,1.95
2014.11.12 13:34:36.810,0.87132,0.8714,1.50,1.87
2014.11.12 13:34:37.369,0.87132,0.8714,1.50,2.14
2014.11.12 13:34:37.420,0.87128,0.87137,1.10,1.07
2014.11.12 13:34:37.622,0.87126,0.87133,1.37,1.29
2014.11.12 13:34:37.875,0.87123,0.87133,1.50,3.34
2014.11.12 13:34:38.379,0.87123,0.8713,1.50,1.50
2014.11.12 13:34:38.704,0.87124,0.87131,1.87,1.50
2014.11.12 13:34:38.855,0.87127,0.87135,1.10,1.00
2014.11.12 13:34:39.158,0.87127,0.87135,3.34,1.00
2014.11.12 13:34:39.411,0.8713,0.87138,1.57,1.50
2014.11.12 13:34:39.926,0.8713,0.87138,2.59,1.50
2014.11.12 13:34:40.847,0.8713,0.87138,1.10,2.25
2014.11.12 13:34:41.351,0.87129,0.87138,2.40,1.50
2014.11.12 13:34:41.503,0.87132,0.87137,1.00,1.00
2014.11.12 13:34:41.705,0.87132,0.87139,1.10,1.00
2014.11.12 13:34:46.748,0.87133,0.87139,1.00,1.00
2014.11.12 13:34:47.254,0.87134,0.87139,1.00,1.00
2014.11.12 13:34:47.557,0.87135,0.8714,1.76,1.00
2014.11.12 13:34:47.659,0.87137,0.87142,1.00,1.00
2014.11.12 13:34:47.962,0.87138,0.87145,1.00,1.00
2014.11.12 13:34:55.680,0.87137,0.87141,1.00,1.00
2014.11.12 13:34:55.833,0.87135,0.87141,1.00,1.00
2014.11.12 13:34:56.338,0.87135,0.87142,1.00,1.00
2014.11.12 13:34:56.641,0.87135,0.87142,1.00,1.07
2014.11.12 13:34:56.944,0.87134,0.87142,1.00,5.51
2014.11.12 13:34:57.449,0.87133,0.87141,1.00,1.09
2014.11.12 13:34:57.953,0.87132,0.87141,1.00,2.21
2014.11.12 13:34:58.458,0.87131,0.87137,1.50,1.10
2014.11.12 13:34:58.863,0.87132,0.8714,1.00,1.47
2014.11.12 13:34:59.368,0.87132,0.8714,1.00,1.00
2014.11.12 13:35:00.428,0.87132,0.87139,1.00,1.00
2014.11.12 13:35:03.523,0.87133,0.87139,1.00,1.00
2014.11.12 13:35:04.038,0.87134,0.8714,1.50,1.50
2014.11.12 13:35:04.139,0.87134,0.87143,1.50,1.20
2014.11.12 13:35:04.645,0.87133,0.87143,2.25,1.76
2014.11.12 13:35:05.150,0.87133,0.87143,1.57,2.51
2014.11.12 13:35:05.252,0.87133,0.87143,1.57,2.89
2014.11.12 13:35:05.758,0.87134,0.87143,1.25,2.14
2014.11.12 13:35:05.960,0.87135,0.87143,3.26,1.00
2014.11.12 13:35:06.061,0.87135,0.87143,3.34,1.00
2014.11.12 13:35:06.263,0.87137,0.87143,1.00,1.00
2014.11.12 13:35:06.769,0.87138,0.87142,1.50,1.00
2014.11.12 13:35:07.304,0.87138,0.87143,3.00,1.00
2014.11.12 13:35:08.172,0.87139,0.87143,2.25,1.00
2014.11.12 13:35:09.148,0.87138,0.87143,3.19,1.00
2014.11.12 13:35:09.698,0.87139,0.87144,1.00,1.00
2014.11.12 13:35:10.555,0.87138,0.87144,1.25,1.00
2014.11.12 13:35:11.061,0.87138,0.87143,1.50,1.00
2014.11.12 13:35:11.718,0.87138,0.87143,1.00,1.57
2014.11.12 13:35:11.871,0.87135,0.87142,1.00,1.65
2014.11.12 13:35:11.972,0.87132,0.8714,1.00,1.10
2014.11.12 13:35:12.023,0.87134,0.8714,1.00,1.84
2014.11.12 13:35:12.125,0.87132,0.87138,1.00,1.10
2014.11.12 13:35:12.631,0.8713,0.87139,1.39,1.50
2014.11.12 13:35:13.145,0.8713,0.87139,1.10,1.69
2014.11.12 13:35:13.297,0.87129,0.87137,1.20,1.50
2014.11.12 13:35:13.853,0.87127,0.87137,1.65,2.06
2014.11.12 13:35:14.005,0.87127,0.87133,1.50,1.50
2014.11.12 13:35:14.930,0.87127,0.87135,1.65,1.00
2014.11.12 13:35:15.436,0.87127,0.87135,3.82,1.00
2014.11.12 13:35:15.941,0.87127,0.87135,1.84,1.00
2014.11.12 13:35:16.851,0.87129,0.87135,1.01,1.00
2014.11.12 13:35:17.256,0.8713,0.87136,1.57,1.00
2014.11.12 13:35:18.267,0.8713,0.87136,1.17,1.00
2014.11.12 13:35:19.974,0.8713,0.87136,1.17,1.00
2014.11.12 13:35:20.479,0.8713,0.87137,1.15,1.00
2014.11.12 13:35:20.934,0.8713,0.87136,1.17,1.00
2014.11.12 13:35:21.439,0.8713,0.87136,1.40,1.00
2014.11.12 13:35:21.959,0.8713,0.87136,1.40,1.00
2014.11.12 13:35:22.478,0.8713,0.87136,1.10,1.00
2014.11.12 13:35:22.985,0.8713,0.87136,1.17,1.00
2014.11.12 13:35:23.288,0.87132,0.87138,1.10,1.00
2014.11.12 13:35:23.466,0.87132,0.87138,1.07,1.00
2014.11.12 13:35:25.277,0.87132,0.87138,1.20,1.00
2014.11.12 13:35:26.653,0.87132,0.87138,2.81,1.00
2014.11.12 13:35:26.704,0.87136,0.87142,1.00,1.00
2014.11.12 13:35:27.058,0.87133,0.87143,1.50,1.64
2014.11.12 13:35:27.109,0.87133,0.87142,1.00,1.46
2014.11.12 13:35:27.412,0.87133,0.87142,1.00,2.21
2014.11.12 13:35:27.513,0.87133,0.87142,1.00,2.96
2014.11.12 13:35:28.018,0.87133,0.87139,1.00,1.00
2014.11.12 13:35:28.473,0.8713,0.87137,1.57,1.50
2014.11.12 13:35:28.676,0.8713,0.8714,1.10,1.31
2014.11.12 13:35:29.180,0.87131,0.87141,1.00,3.56
2014.11.12 13:35:29.685,0.87131,0.87141,1.00,2.81
2014.11.12 13:35:30.199,0.87131,0.87141,1.62,2.32
2014.11.12 13:35:30.502,0.87137,0.87144,2.14,1.00
2014.11.12 13:35:32.438,0.87136,0.87144,1.39,1.00
2014.11.12 13:35:33.044,0.87136,0.87144,1.00,1.55
2014.11.12 13:35:33.348,0.87135,0.87142,1.00,1.46
2014.11.12 13:35:33.854,0.87134,0.87141,1.00,1.00
2014.11.12 13:35:34.366,0.87134,0.87141,1.00,1.19
2014.11.12 13:35:35.136,0.87134,0.87141,1.12,1.00
2014.11.12 13:35:35.238,0.87139,0.87146,1.07,1.50
2014.11.12 13:35:35.289,0.87139,0.8715,1.17,1.10
2014.11.12 13:35:35.390,0.87142,0.87149,1.00,1.00
2014.11.12 13:35:35.542,0.87145,0.87153,1.50,1.00
2014.11.12 13:35:35.593,0.87147,0.87155,1.50,1.76
2014.11.12 13:35:35.897,0.87149,0.87155,1.00,1.00
2014.11.12 13:35:36.424,0.8715,0.87156,1.00,1.00
2014.11.12 13:35:36.475,0.87151,0.87159,1.00,1.69
2014.11.12 13:35:36.829,0.87153,0.8716,1.00,2.14
2014.11.12 13:35:38.711,0.87152,0.8716,1.50,1.39
2014.11.12 13:35:39.620,0.87152,0.87162,1.50,3.71
2014.11.12 13:35:40.628,0.87152,0.87161,1.50,2.06
2014.11.12 13:35:41.335,0.87155,0.87161,1.00,2.06
2014.11.12 13:35:41.638,0.87155,0.87162,1.00,2.89
2014.11.12 13:35:41.740,0.87154,0.87159,1.00,1.19
2014.11.12 13:35:41.892,0.87153,0.87159,1.00,1.19
2014.11.12 13:35:42.429,0.87152,0.87159,1.00,1.19
2014.11.12 13:35:42.732,0.87152,0.87161,1.57,1.00
2014.11.12 13:35:43.237,0.87152,0.87161,1.50,1.69
2014.11.12 13:35:44.049,0.87152,0.87159,1.50,1.19
2014.11.12 13:35:44.099,0.8715,0.87158,2.25,1.69
2014.11.12 13:35:44.605,0.8715,0.87157,1.50,1.00
2014.11.12 13:35:46.185,0.8715,0.87156,1.50,1.00
2014.11.12 13:35:46.697,0.8715,0.87155,1.50,1.00
2014.11.12 13:35:48.357,0.8715,0.87156,1.50,1.00
2014.11.12 13:35:53.253,0.8715,0.87156,1.26,1.00
2014.11.12 13:35:53.557,0.87156,0.87162,1.57,1.37
2014.11.12 13:35:53.608,0.87156,0.87162,1.57,1.00
2014.11.12 13:35:53.811,0.87157,0.87162,2.32,1.00
2014.11.12 13:35:53.863,0.87156,0.87164,1.20,1.50
2014.11.12 13:35:54.440,0.87156,0.87163,1.00,1.62
2014.11.12 13:35:54.643,0.87154,0.87161,1.50,1.20
2014.11.12 13:35:55.199,0.87154,0.8716,1.50,1.00
2014.11.12 13:35:56.280,0.87154,0.87161,1.10,1.12
2014.11.12 13:35:56.381,0.87156,0.87161,1.10,1.12
2014.11.12 13:35:56.432,0.87156,0.87164,1.10,1.87
2014.11.12 13:35:56.938,0.87156,0.87163,1.00,1.00
2014.11.12 13:35:57.443,0.87156,0.87162,1.00,1.00
2014.11.12 13:35:57.544,0.87156,0.87164,1.00,1.00
2014.11.12 13:36:00.384,0.87156,0.87164,1.46,1.00
2014.11.12 13:36:00.786,0.87159,0.87165,1.00,1.00
2014.11.12 13:36:01.696,0.8716,0.87165,1.00,1.00
2014.11.12 13:36:02.201,0.8716,0.87166,1.00,1.00
2014.11.12 13:36:02.506,0.87163,0.87167,1.00,1.00
2014.11.12 13:36:02.556,0.8716,0.87168,1.00,1.50
2014.11.12 13:36:03.061,0.87159,0.87168,3.07,2.25
2014.11.12 13:36:03.717,0.87159,0.87167,1.00,1.00
2014.11.12 13:36:04.222,0.87159,0.87166,1.00,1.00
2014.11.12 13:36:05.188,0.8716,0.87166,1.00,1.00
2014.11.12 13:36:05.290,0.87161,0.87168,1.50,1.69
2014.11.12 13:36:05.744,0.87159,0.87167,1.50,2.25
2014.11.12 13:36:07.231,0.8716,0.87167,1.00,1.00
2014.11.12 13:36:07.737,0.87159,0.87167,1.50,1.40
2014.11.12 13:36:08.242,0.87159,0.87166,1.57,1.50
2014.11.12 13:36:08.545,0.87158,0.87163,1.00,1.00
2014.11.12 13:36:09.051,0.87159,0.87164,1.00,2.06
2014.11.12 13:36:09.253,0.87157,0.87163,1.00,1.25
2014.11.12 13:36:09.506,0.87157,0.87165,4.09,1.00
2014.11.12 13:36:09.910,0.87158,0.87167,1.32,1.69
2014.11.12 13:36:10.450,0.8716,0.87167,1.00,1.25
2014.11.12 13:36:12.444,0.8716,0.87167,1.17,1.00
2014.11.12 13:36:13.019,0.87159,0.87167,1.00,1.10
2014.11.12 13:36:13.322,0.87159,0.87166,1.00,1.37
2014.11.12 13:36:13.828,0.87158,0.87165,1.00,1.00
2014.11.12 13:36:14.031,0.87155,0.87164,1.50,1.25
2014.11.12 13:36:14.233,0.87156,0.87165,2.59,1.50
2014.11.12 13:36:14.637,0.87159,0.87165,1.00,1.00
2014.11.12 13:36:14.789,0.8716,0.87168,1.00,1.00
2014.11.12 13:36:15.293,0.87159,0.87168,1.10,1.00
2014.11.12 13:36:15.849,0.87159,0.87168,1.09,1.00
2014.11.12 13:36:16.365,0.87159,0.87168,1.25,1.00
2014.11.12 13:36:16.885,0.87159,0.87168,1.07,1.00
2014.11.12 13:36:17.962,0.87158,0.87168,1.76,1.00
2014.11.12 13:36:18.493,0.87158,0.87168,1.09,1.50
2014.11.12 13:36:19.675,0.87158,0.87168,1.09,1.50
2014.11.12 13:36:20.699,0.87158,0.87168,1.39,1.50
2014.11.12 13:36:20.952,0.87161,0.87168,1.00,1.50
2014.11.12 13:36:21.988,0.87159,0.87168,1.76,1.00
2014.11.12 13:36:23.673,0.87159,0.87168,1.84,1.00
2014.11.12 13:36:24.080,0.87159,0.87168,2.59,1.00
2014.11.12 13:36:24.543,0.87159,0.87168,2.59,1.00
2014.11.12 13:36:25.052,0.87159,0.87168,2.59,1.00
2014.11.12 13:36:27.093,0.87159,0.87168,1.69,1.00
2014.11.12 13:36:27.642,0.87159,0.87168,2.44,1.00
2014.11.12 13:36:28.516,0.87159,0.87168,1.69,1.00
2014.11.12 13:36:30.302,0.87159,0.87168,1.84,1.00
2014.11.12 13:36:34.484,0.87162,0.87168,1.15,1.00
2014.11.12 13:36:34.687,0.87163,0.87173,3.26,1.50
2014.11.12 13:36:35.208,0.87168,0.87173,1.00,1.50
2014.11.12 13:36:36.167,0.87167,0.87173,1.50,1.50
2014.11.12 13:36:36.470,0.87167,0.87172,1.00,1.07
2014.11.12 13:36:36.672,0.87165,0.87173,1.50,1.57
2014.11.12 13:36:36.773,0.87167,0.87173,1.00,1.15
2014.11.12 13:36:36.874,0.87164,0.87173,1.00,1.84
2014.11.12 13:36:37.430,0.87164,0.87173,1.00,2.02
2014.11.12 13:36:37.480,0.87167,0.87173,1.00,1.50
2014.11.12 13:36:37.632,0.87167,0.87175,1.00,1.00
2014.11.12 13:36:37.834,0.87167,0.87173,1.00,1.00
2014.11.12 13:36:38.356,0.87165,0.87173,1.50,1.50
2014.11.12 13:36:38.709,0.87165,0.87173,1.50,2.40
2014.11.12 13:36:38.911,0.87164,0.87172,1.00,1.00
2014.11.12 13:36:39.063,0.87166,0.87172,1.00,1.00
2014.11.12 13:36:40.307,0.87166,0.87173,2.25,1.50
2014.11.12 13:36:40.855,0.87165,0.87173,1.50,2.96
2014.11.12 13:36:40.956,0.87163,0.87173,1.50,1.46
2014.11.12 13:36:41.209,0.87165,0.87173,1.00,1.84
2014.11.12 13:36:41.512,0.87163,0.87172,1.50,1.20
2014.11.12 13:36:42.016,0.87163,0.87172,1.50,1.84
2014.11.12 13:36:42.522,0.87164,0.87172,1.00,1.69
2014.11.12 13:36:42.831,0.87165,0.87173,1.27,1.00
2014.11.12 13:36:43.336,0.87167,0.87173,1.57,1.00
2014.11.12 13:36:43.863,0.87168,0.87173,1.50,1.00
2014.11.12 13:36:46.532,0.87168,0.87173,1.57,1.00
2014.11.12 13:36:47.078,0.87168,0.87173,1.50,1.00
2014.11.12 13:36:48.771,0.87168,0.87174,1.50,1.00
2014.11.12 13:36:49.289,0.87168,0.87174,2.06,1.00
2014.11.12 13:36:50.929,0.87168,0.87174,2.14,1.00
2014.11.12 13:36:53.040,0.87168,0.87174,2.70,1.00
2014.11.12 13:36:53.343,0.87168,0.87175,2.02,1.00
2014.11.12 13:36:59.845,0.87168,0.87174,2.21,1.00
2014.11.12 13:37:02.659,0.87171,0.87175,1.00,1.00
2014.11.12 13:37:03.165,0.87169,0.87176,1.46,1.00
2014.11.12 13:37:03.938,0.87169,0.87176,1.46,1.00
2014.11.12 13:37:04.544,0.8717,0.87176,1.84,1.00
2014.11.12 13:37:05.099,0.87171,0.87176,1.00,1.00
2014.11.12 13:37:05.958,0.87169,0.87176,1.71,1.00
2014.11.12 13:37:06.463,0.87169,0.87176,2.21,1.00
2014.11.12 13:37:07.010,0.87169,0.87176,2.21,1.00
2014.11.12 13:37:07.470,0.87171,0.87177,1.57,1.00
2014.11.12 13:37:07.521,0.87172,0.8718,1.07,1.00
2014.11.12 13:37:07.622,0.87173,0.87182,1.84,1.12
2014.11.12 13:37:07.673,0.87174,0.87182,1.26,1.00
2014.11.12 13:37:07.724,0.87178,0.87186,1.00,1.57
2014.11.12 13:37:08.013,0.87181,0.87188,1.50,1.50
2014.11.12 13:37:08.317,0.87192,0.87196,1.00,1.00
2014.11.12 13:37:08.722,0.8719,0.87196,1.00,1.00
2014.11.12 13:37:08.925,0.87187,0.87195,2.32,1.50
2014.11.12 13:37:09.027,0.87187,0.87194,1.00,1.19
2014.11.12 13:37:09.533,0.87187,0.87192,1.76,1.00
2014.11.12 13:37:09.836,0.87203,0.87207,1.10,1.00
2014.11.12 13:37:09.938,0.87206,0.87214,1.20,1.00
2014.11.12 13:37:10.039,0.87209,0.87217,1.00,1.01
2014.11.12 13:37:10.342,0.87212,0.87223,1.34,2.25
2014.11.12 13:37:10.696,0.87217,0.87223,1.75,1.00
2014.11.12 13:37:10.797,0.87217,0.87226,2.51,1.50
2014.11.12 13:37:10.848,0.87219,0.87226,1.19,1.50
2014.11.12 13:37:11.151,0.87223,0.87232,1.26,1.00
2014.11.12 13:37:11.303,0.87223,0.87232,1.76,1.00
2014.11.12 13:37:11.354,0.87223,0.87228,1.10,1.00
2014.11.12 13:37:11.455,0.87226,0.87233,1.00,1.00
2014.11.12 13:37:11.657,0.87224,0.87233,1.69,1.00
2014.11.12 13:37:11.708,0.87227,0.87236,1.50,2.25
2014.11.12 13:37:11.910,0.87222,0.87233,1.50,1.25
2014.11.12 13:37:11.961,0.87222,0.87232,1.69,1.19
2014.11.12 13:37:12.291,0.87221,0.87226,1.00,1.00
2014.11.12 13:37:12.442,0.87217,0.87227,1.69,1.50
2014.11.12 13:37:12.544,0.87217,0.87225,1.69,1.00
2014.11.12 13:37:13.249,0.87217,0.87225,1.00,1.62
2014.11.12 13:37:13.351,0.87214,0.87224,1.00,2.06
2014.11.12 13:37:13.452,0.87213,0.8722,1.00,1.00
2014.11.12 13:37:13.654,0.87209,0.87221,2.51,1.50
2014.11.12 13:37:13.756,0.87208,0.87217,1.07,1.00
2014.11.12 13:37:14.420,0.87208,0.87217,1.25,1.00
2014.11.12 13:37:14.926,0.87207,0.87216,1.10,1.25
2014.11.12 13:37:15.229,0.87205,0.87216,1.50,3.19
2014.11.12 13:37:15.330,0.87206,0.87213,1.00,1.00
2014.11.12 13:37:15.634,0.87205,0.8721,1.00,1.00
2014.11.12 13:37:15.735,0.87204,0.87212,1.00,1.69
2014.11.12 13:37:15.887,0.87204,0.8721,1.00,1.00
2014.11.12 13:37:15.988,0.87202,0.8721,1.00,1.00
2014.11.12 13:37:16.544,0.87203,0.87211,1.00,1.00
2014.11.12 13:37:16.645,0.87206,0.87211,1.00,1.00
2014.11.12 13:37:17.847,0.87205,0.87211,1.00,1.69
2014.11.12 13:37:17.948,0.87202,0.87211,1.00,1.19
2014.11.12 13:37:18.655,0.87202,0.87209,1.50,2.44
2014.11.12 13:37:18.756,0.872,0.87209,2.25,2.44
2014.11.12 13:37:19.059,0.872,0.87207,1.00,1.19
2014.11.12 13:37:19.463,0.872,0.87206,1.00,1.69
2014.11.12 13:37:19.716,0.87197,0.87206,1.50,1.19
2014.11.12 13:37:20.069,0.87199,0.87207,1.50,1.69
2014.11.12 13:37:20.271,0.87199,0.8721,1.50,1.76
2014.11.12 13:37:20.322,0.87199,0.8721,1.65,1.69
2014.11.12 13:37:20.624,0.87204,0.8721,1.50,1.69
2014.11.12 13:37:21.144,0.87203,0.87209,1.00,1.25
2014.11.12 13:37:21.497,0.87203,0.87209,1.07,1.00
2014.11.12 13:37:21.699,0.87208,0.87214,1.00,1.00
2014.11.12 13:37:21.901,0.87207,0.87216,1.17,1.25
2014.11.12 13:37:22.406,0.87208,0.87216,1.09,1.00
2014.11.12 13:37:22.510,0.87208,0.87216,1.40,1.00
2014.11.12 13:37:22.560,0.87213,0.87223,1.00,2.59
2014.11.12 13:37:22.662,0.87216,0.87223,1.00,1.69
2014.11.12 13:37:22.965,0.87219,0.87223,1.00,1.00
2014.11.12 13:37:23.016,0.87219,0.87225,1.07,1.25
2014.11.12 13:37:23.218,0.87221,0.87227,1.10,1.50
2014.11.12 13:37:23.877,0.8722,0.87228,1.65,1.00
2014.11.12 13:37:23.978,0.8722,0.87231,1.65,1.69
2014.11.12 13:37:24.029,0.87223,0.8723,1.00,1.01
2014.11.12 13:37:25.242,0.87222,0.87233,1.00,1.01
2014.11.12 13:37:25.546,0.87222,0.87233,1.70,1.00
2014.11.12 13:37:25.849,0.87226,0.87233,2.59,1.50
2014.11.12 13:37:26.354,0.87226,0.87234,4.84,1.00
2014.11.12 13:37:26.859,0.87226,0.87234,4.84,1.00
2014.11.12 13:37:27.416,0.87226,0.87234,4.57,1.00
2014.11.12 13:37:28.781,0.87226,0.87233,1.00,1.50
2014.11.12 13:37:29.085,0.87224,0.87232,1.50,1.69
2014.11.12 13:37:29.287,0.87221,0.8723,1.00,1.25
2014.11.12 13:37:29.388,0.8722,0.87227,1.50,1.00
2014.11.12 13:37:29.741,0.87217,0.87225,2.32,1.00
2014.11.12 13:37:30.044,0.87217,0.87228,3.07,3.26
2014.11.12 13:37:30.398,0.87221,0.87228,1.00,1.69
2014.11.12 13:37:30.904,0.87222,0.87228,1.00,1.00
2014.11.12 13:37:30.954,0.8722,0.87229,1.00,1.25
2014.11.12 13:37:31.459,0.8722,0.87229,1.07,1.00
2014.11.12 13:37:32.533,0.87222,0.87229,1.00,1.00
2014.11.12 13:37:32.586,0.87225,0.87234,4.49,1.00
2014.11.12 13:37:32.687,0.87219,0.87229,2.59,1.00
2014.11.12 13:37:33.800,0.87222,0.87232,1.84,1.50
2014.11.12 13:37:33.901,0.87225,0.87233,1.20,1.00
2014.11.12 13:37:34.255,0.87225,0.87231,1.00,1.50
2014.11.12 13:37:34.559,0.87224,0.8723,1.00,1.65
2014.11.12 13:37:34.661,0.8722,0.87225,1.00,1.00
2014.11.12 13:37:35.168,0.87219,0.87224,1.00,1.00
2014.11.12 13:37:35.673,0.87218,0.87224,1.00,1.00
2014.11.12 13:37:36.532,0.87218,0.87225,1.00,1.50
2014.11.12 13:37:36.634,0.8722,0.87225,1.00,1.57
2014.11.12 13:37:37.140,0.87219,0.87227,1.00,1.27
2014.11.12 13:37:37.293,0.87219,0.87227,1.00,1.27
2014.11.12 13:37:37.395,0.87219,0.87227,1.00,2.77
2014.11.12 13:37:37.899,0.87219,0.87227,1.00,5.51
2014.11.12 13:37:38.058,0.87217,0.87224,1.00,1.17
2014.11.12 13:37:38.211,0.87216,0.87222,1.00,1.31
2014.11.12 13:37:38.515,0.87212,0.87218,1.00,1.39
2014.11.12 13:37:38.768,0.87205,0.87211,1.57,1.50
2014.11.12 13:37:38.870,0.87202,0.8721,1.50,1.25
2014.11.12 13:37:39.072,0.87208,0.87215,1.50,2.32
2014.11.12 13:37:39.124,0.87209,0.87216,1.50,1.10
2014.11.12 13:37:39.276,0.87211,0.87216,1.00,1.00
2014.11.12 13:37:39.530,0.87208,0.87214,1.00,1.57
2014.11.12 13:37:39.631,0.87208,0.87212,1.00,1.00
2014.11.12 13:37:39.935,0.872,0.87206,1.00,1.40
2014.11.12 13:37:40.087,0.87196,0.87203,1.00,1.50
2014.11.12 13:37:40.138,0.87194,0.87203,2.25,1.76
2014.11.12 13:37:40.189,0.87196,0.87202,1.00,1.00
2014.11.12 13:37:40.391,0.87191,0.87199,1.00,1.25
2014.11.12 13:37:40.593,0.87191,0.87197,1.00,1.00
2014.11.12 13:37:40.745,0.87189,0.87197,1.00,1.00
2014.11.12 13:37:42.017,0.87189,0.87196,1.00,1.00
2014.11.12 13:37:42.169,0.87188,0.87195,1.00,2.89
2014.11.12 13:37:42.271,0.87186,0.87191,1.50,1.07
2014.11.12 13:37:42.473,0.87184,0.87191,1.00,1.39
2014.11.12 13:37:42.754,0.87182,0.87189,1.00,1.50
2014.11.12 13:37:43.259,0.87185,0.87192,1.00,1.00
2014.11.12 13:37:43.765,0.87186,0.87192,1.25,1.00
2014.11.12 13:37:43.815,0.87185,0.87194,1.84,1.00
2014.11.12 13:37:43.917,0.87189,0.87194,1.00,1.00
2014.11.12 13:37:44.322,0.8719,0.87195,1.87,1.00
2014.11.12 13:37:44.575,0.87195,0.87202,1.50,1.00
2014.11.12 13:37:45.029,0.87194,0.872,1.00,1.00
2014.11.12 13:37:46.244,0.87193,0.87197,1.00,1.00
2014.11.12 13:37:46.447,0.87192,0.87199,1.50,1.00
2014.11.12 13:37:46.752,0.87192,0.87197,1.00,1.00
2014.11.12 13:37:47.208,0.87188,0.87195,1.20,1.00
2014.11.12 13:37:47.259,0.87188,0.87195,1.17,1.00
2014.11.12 13:37:47.461,0.87191,0.872,1.50,3.26
2014.11.12 13:37:47.748,0.87195,0.87202,1.00,1.10
2014.11.12 13:37:48.003,0.87199,0.87208,1.00,2.51
2014.11.12 13:37:48.864,0.87199,0.87208,1.00,1.69
2014.11.12 13:37:49.218,0.87201,0.87208,1.00,1.69
2014.11.12 13:37:57.949,0.87201,0.87209,1.50,1.27
2014.11.12 13:37:58.909,0.87201,0.87209,1.50,1.46
2014.11.12 13:37:59.590,0.87201,0.87209,1.50,1.39
2014.11.12 13:37:59.904,0.87203,0.87209,1.00,1.20
2014.11.12 13:38:00.539,0.87203,0.87209,1.00,1.17
2014.11.12 13:38:01.425,0.87203,0.87209,1.00,1.20
2014.11.12 13:38:05.047,0.87201,0.87209,1.00,1.32
2014.11.12 13:38:05.554,0.87201,0.87209,1.00,1.20
2014.11.12 13:38:06.121,0.87201,0.87208,1.00,1.00
2014.11.12 13:38:06.223,0.87201,0.87208,1.00,1.69
2014.11.12 13:38:06.377,0.87197,0.87205,1.00,1.76
2014.11.12 13:38:06.428,0.87197,0.87203,1.00,1.64
2014.11.12 13:38:06.478,0.87195,0.872,1.50,1.00
2014.11.12 13:38:06.680,0.87193,0.87201,2.25,2.02
2014.11.12 13:38:06.882,0.87193,0.87198,1.50,1.00
2014.11.12 13:38:07.135,0.87191,0.87197,1.00,1.10
2014.11.12 13:38:07.641,0.87191,0.87199,1.00,2.02
2014.11.12 13:38:08.146,0.87191,0.87198,1.00,1.17
2014.11.12 13:38:08.348,0.87189,0.87196,1.50,1.07
2014.11.12 13:38:08.601,0.87181,0.87188,1.00,1.00
2014.11.12 13:38:12.860,0.87181,0.87189,1.00,1.00
2014.11.12 13:38:13.163,0.87183,0.87189,1.00,1.50
2014.11.12 13:38:13.264,0.87181,0.87189,1.50,1.00
2014.11.12 13:38:13.850,0.87181,0.8719,1.50,2.25
2014.11.12 13:38:14.369,0.87181,0.87189,1.57,1.00
2014.11.12 13:38:16.062,0.87181,0.87189,1.50,1.07
2014.11.12 13:38:17.345,0.87181,0.87189,1.50,1.00
2014.11.12 13:38:18.685,0.87181,0.87189,1.50,1.07
2014.11.12 13:38:21.460,0.87175,0.87188,1.34,1.37
2014.11.12 13:38:21.662,0.87175,0.87181,1.00,1.00
2014.11.12 13:38:21.764,0.87173,0.87181,1.50,1.00
2014.11.12 13:38:24.982,0.87173,0.87182,2.62,1.76
2014.11.12 13:38:25.083,0.87175,0.87182,1.62,1.00
2014.11.12 13:38:25.285,0.8718,0.87187,1.10,1.00
2014.11.12 13:38:25.815,0.87181,0.87188,1.00,1.50
2014.11.12 13:38:32.742,0.87181,0.87185,1.00,1.00
2014.11.12 13:38:32.994,0.87177,0.87184,1.00,1.29
2014.11.12 13:38:33.095,0.87175,0.8718,1.00,1.07
2014.11.12 13:38:33.349,0.87172,0.87176,1.00,1.00
2014.11.12 13:38:33.400,0.8717,0.87176,1.00,1.00
2014.11.12 13:38:33.950,0.87171,0.87176,1.00,1.00
2014.11.12 13:38:35.401,0.87171,0.87176,1.00,1.07
2014.11.12 13:38:35.503,0.87169,0.87176,1.00,1.10
2014.11.12 13:38:35.706,0.87168,0.87174,1.00,1.00
2014.11.12 13:38:36.464,0.87168,0.87173,1.00,1.00
2014.11.12 13:38:36.767,0.87167,0.87171,1.00,1.00
2014.11.12 13:38:37.290,0.87165,0.87173,1.01,2.25
2014.11.12 13:38:37.392,0.87169,0.87173,1.00,1.50
2014.11.12 13:38:37.848,0.87167,0.87173,1.50,1.00
2014.11.12 13:38:38.051,0.87165,0.87173,1.01,1.00
2014.11.12 13:38:38.152,0.87168,0.87173,1.00,1.00
2014.11.12 13:38:38.910,0.87171,0.87175,1.00,1.50
2014.11.12 13:38:39.063,0.87169,0.87174,1.00,1.00
2014.11.12 13:38:39.582,0.87168,0.87174,1.00,1.00
2014.11.12 13:38:41.016,0.87167,0.87173,1.50,1.00
2014.11.12 13:38:41.565,0.87167,0.87172,1.00,1.00
2014.11.12 13:38:43.031,0.87167,0.87171,1.00,1.00
2014.11.12 13:38:43.132,0.87164,0.87168,1.00,1.00
2014.11.12 13:38:43.234,0.87164,0.87168,1.00,1.00
2014.11.12 13:38:43.537,0.87162,0.87167,1.00,1.00
2014.11.12 13:38:43.941,0.8716,0.87166,1.00,1.00
2014.11.12 13:38:44.962,0.87163,0.87168,1.00,1.20
2014.11.12 13:38:45.266,0.87162,0.87166,1.00,1.00
2014.11.12 13:38:45.367,0.87161,0.87166,1.00,1.00
2014.11.12 13:38:45.954,0.87162,0.87168,1.00,1.00
2014.11.12 13:38:46.989,0.87162,0.87167,1.00,1.00
2014.11.12 13:38:54.446,0.87161,0.87165,1.00,1.00
2014.11.12 13:38:54.852,0.87161,0.87165,1.00,1.00
2014.11.12 13:38:55.003,0.87152,0.8716,1.32,1.00
2014.11.12 13:38:55.206,0.87152,0.87157,1.25,1.00
2014.11.12 13:38:55.458,0.8715,0.87158,1.25,1.00
2014.11.12 13:38:55.963,0.8715,0.87157,1.25,1.00
2014.11.12 13:38:56.467,0.87149,0.87157,1.57,1.00
2014.11.12 13:38:58.446,0.87149,0.87157,1.69,1.00
2014.11.12 13:39:00.442,0.87149,0.87157,1.69,1.00
2014.11.12 13:39:02.096,0.8715,0.87157,1.00,1.00
2014.11.12 13:39:02.619,0.8715,0.87156,1.00,1.00
2014.11.12 13:39:04.472,0.8715,0.87157,2.51,1.00
2014.11.12 13:39:04.524,0.87151,0.87157,3.11,1.00
2014.11.12 13:39:04.575,0.87153,0.87159,1.65,1.00
2014.11.12 13:39:04.677,0.87156,0.87163,1.76,1.50
2014.11.12 13:39:04.780,0.87156,0.87165,1.76,1.50
2014.11.12 13:39:05.185,0.87156,0.87161,1.76,1.00
2014.11.12 13:39:05.691,0.87157,0.87161,1.00,1.00
2014.11.12 13:39:06.096,0.87157,0.87163,1.00,1.00
2014.11.12 13:39:08.761,0.87154,0.8716,2.14,1.00
2014.11.12 13:39:09.316,0.87154,0.87158,1.00,1.10
2014.11.12 13:39:09.417,0.8715,0.87158,1.00,1.57
2014.11.12 13:39:09.987,0.8715,0.87157,1.00,1.00
2014.11.12 13:39:10.494,0.8715,0.87156,1.00,1.00
2014.11.12 13:39:12.496,0.8715,0.87155,1.00,1.00
2014.11.12 13:39:12.597,0.87145,0.87154,1.12,1.00
2014.11.12 13:39:12.799,0.8715,0.87154,1.00,1.00
2014.11.12 13:39:12.900,0.87147,0.87155,1.00,1.25
2014.11.12 13:39:13.052,0.87147,0.87152,1.00,1.00
2014.11.12 13:39:13.153,0.87147,0.87154,1.00,1.50
2014.11.12 13:39:13.254,0.8715,0.87155,1.00,1.00
2014.11.12 13:39:18.296,0.8715,0.87156,1.25,1.00
2014.11.12 13:39:23.260,0.87149,0.87157,1.31,1.00
2014.11.12 13:39:23.771,0.87149,0.87157,1.31,1.00
2014.11.12 13:39:27.442,0.87149,0.87156,1.00,1.00
2014.11.12 13:39:27.745,0.87147,0.87153,1.00,1.00
2014.11.12 13:39:28.249,0.87148,0.87154,1.00,1.00
2014.11.12 13:39:28.654,0.8715,0.87155,1.00,1.50
2014.11.12 13:39:40.851,0.8715,0.87154,1.00,1.00
2014.11.12 13:39:40.952,0.87147,0.87154,2.21,1.00
2014.11.12 13:39:41.357,0.87147,0.87154,2.21,1.00
2014.11.12 13:39:42.840,0.87148,0.87156,1.27,2.25
2014.11.12 13:39:47.432,0.87148,0.87156,1.10,2.25
2014.11.12 13:39:47.937,0.87147,0.87155,1.57,1.00
2014.11.12 13:39:47.988,0.87148,0.87153,1.00,1.00
2014.11.12 13:39:49.319,0.87146,0.87151,1.20,1.00
2014.11.12 13:39:49.422,0.87144,0.87151,1.37,2.25
2014.11.12 13:39:49.473,0.87144,0.87149,1.00,1.00
2014.11.12 13:39:49.524,0.87144,0.87149,1.00,1.00
2014.11.12 13:39:49.575,0.87143,0.87147,1.00,1.00
2014.11.12 13:39:49.677,0.87142,0.87147,1.00,1.00
2014.11.12 13:39:49.778,0.87141,0.87145,1.00,1.00
2014.11.12 13:39:50.288,0.87143,0.87148,1.00,1.00
2014.11.12 13:39:50.642,0.8714,0.87145,1.50,1.00
2014.11.12 13:39:51.417,0.87139,0.87143,1.00,1.00
2014.11.12 13:39:51.934,0.87139,0.87143,1.10,1.00
2014.11.12 13:39:52.400,0.87139,0.87146,1.10,1.00
2014.11.12 13:39:52.502,0.87139,0.87143,1.00,1.00
2014.11.12 13:39:52.553,0.87134,0.87142,2.70,1.25
2014.11.12 13:39:52.654,0.87136,0.87141,1.87,1.69
2014.11.12 13:39:52.957,0.87134,0.87138,1.00,1.00
2014.11.12 13:39:53.058,0.87133,0.87138,1.00,1.50
2014.11.12 13:39:53.210,0.87132,0.87139,1.15,1.00
2014.11.12 13:39:53.513,0.87137,0.87141,1.00,1.00
2014.11.12 13:39:53.867,0.87135,0.87141,1.00,1.32
2014.11.12 13:39:54.069,0.87133,0.87137,1.00,1.00
2014.11.12 13:39:54.614,0.87131,0.87136,1.00,1.00
2014.11.12 13:39:57.675,0.87132,0.87136,1.00,1.00
2014.11.12 13:39:57.826,0.8713,0.87134,1.00,1.00
2014.11.12 13:39:58.029,0.8713,0.87137,1.00,1.25
2014.11.12 13:40:00.335,0.87128,0.87132,1.00,1.10
2014.11.12 13:40:00.387,0.87126,0.8713,1.00,2.17
2014.11.12 13:40:00.438,0.8712,0.87127,1.30,1.10
2014.11.12 13:40:00.540,0.87121,0.87128,1.00,1.65
2014.11.12 13:40:00.641,0.8712,0.87126,1.50,1.17
2014.11.12 13:40:00.793,0.87118,0.87122,1.00,1.00
2014.11.12 13:40:00.895,0.87116,0.87123,1.76,1.00
2014.11.12 13:40:01.299,0.87119,0.87123,1.00,1.00
2014.11.12 13:40:02.317,0.87119,0.87126,1.00,1.69
2014.11.12 13:40:02.419,0.87119,0.87123,1.00,1.00
2014.11.12 13:40:02.520,0.87116,0.87122,1.00,1.00
2014.11.12 13:40:02.874,0.87116,0.87124,1.00,1.50
2014.11.12 13:40:03.379,0.87116,0.87124,1.19,1.50
2014.11.12 13:40:03.884,0.87116,0.87124,1.00,1.50
2014.11.12 13:40:05.228,0.87116,0.87124,1.46,1.50
2014.11.12 13:40:06.126,0.87116,0.87124,1.46,1.50
2014.11.12 13:40:06.668,0.87116,0.87123,1.10,1.00
2014.11.12 13:40:06.921,0.87116,0.87121,1.00,1.00
2014.11.12 13:40:07.426,0.87115,0.8712,1.00,1.84
2014.11.12 13:40:07.830,0.87112,0.87118,1.50,1.00
2014.11.12 13:40:08.335,0.87112,0.87119,1.50,1.00
2014.11.12 13:40:08.840,0.87113,0.87118,1.00,1.00
2014.11.12 13:40:08.941,0.87111,0.87118,1.00,1.00
2014.11.12 13:40:09.143,0.87116,0.8712,1.00,1.00
2014.11.12 13:40:09.244,0.87116,0.87122,1.00,1.25
2014.11.12 13:40:09.346,0.87114,0.87119,1.00,1.00
2014.11.12 13:40:09.850,0.87114,0.87119,1.00,1.19
2014.11.12 13:40:10.002,0.8711,0.87114,1.50,1.00
2014.11.12 13:40:10.558,0.8711,0.87115,1.50,1.00
2014.11.12 13:40:10.659,0.8711,0.87119,1.50,1.27
2014.11.12 13:40:10.710,0.87113,0.87119,1.00,1.15
2014.11.12 13:40:10.761,0.87113,0.87119,1.00,1.00
2014.11.12 13:40:10.811,0.87115,0.87119,1.00,1.00
2014.11.12 13:40:11.213,0.87113,0.87117,1.00,1.00
2014.11.12 13:40:11.265,0.87113,0.87117,1.50,1.00
2014.11.12 13:40:11.871,0.87113,0.87118,1.00,1.69
2014.11.12 13:40:11.973,0.8711,0.87115,1.00,1.00
2014.11.12 13:40:12.326,0.87109,0.87117,1.00,4.39
2014.11.12 13:40:12.478,0.8711,0.87118,1.00,1.34
2014.11.12 13:40:12.681,0.87113,0.87118,1.00,1.34
2014.11.12 13:40:12.885,0.87113,0.87121,2.06,1.00
2014.11.12 13:40:12.987,0.87117,0.87122,1.00,1.00
2014.11.12 13:40:13.291,0.87115,0.87122,1.00,2.59
2014.11.12 13:40:13.796,0.87115,0.87121,1.00,1.19
2014.11.12 13:40:15.502,0.87115,0.87122,1.00,1.69
2014.11.12 13:40:16.007,0.87116,0.87123,1.00,1.00
2014.11.12 13:40:16.512,0.87116,0.87124,1.50,1.57
2014.11.12 13:40:16.888,0.87119,0.87124,1.00,1.50
2014.11.12 13:40:17.395,0.8712,0.87125,1.00,1.00
2014.11.12 13:40:20.576,0.8712,0.87125,1.00,1.07
2014.11.12 13:40:21.894,0.8712,0.87125,1.50,1.10
2014.11.12 13:40:22.566,0.8712,0.87127,1.00,1.65
2014.11.12 13:40:23.109,0.8712,0.87127,1.00,1.65
2014.11.12 13:40:33.645,0.87119,0.87127,1.69,1.50
2014.11.12 13:40:33.948,0.8712,0.87124,1.00,1.00
2014.11.12 13:40:34.657,0.87118,0.87124,1.50,1.00
2014.11.12 13:40:35.366,0.8712,0.87125,1.00,1.00
2014.11.12 13:40:35.467,0.8712,0.87127,1.00,1.50
2014.11.12 13:40:35.972,0.87117,0.87125,2.96,1.50
2014.11.12 13:40:36.752,0.87118,0.87126,1.69,1.00
2014.11.12 13:40:39.614,0.87118,0.87126,1.76,1.00
2014.11.12 13:40:40.021,0.87121,0.87126,1.50,1.00
2014.11.12 13:40:40.689,0.87119,0.87126,1.84,1.00
2014.11.12 13:40:42.395,0.87119,0.87126,2.59,1.00
2014.11.12 13:40:44.330,0.87121,0.87125,1.01,1.00
2014.11.12 13:40:44.583,0.87123,0.87131,1.50,1.00
2014.11.12 13:40:44.684,0.87124,0.87133,1.50,1.50
2014.11.12 13:40:45.045,0.87124,0.87133,3.34,1.50
2014.11.12 13:40:45.956,0.87126,0.87133,2.59,1.00
2014.11.12 13:40:46.209,0.87127,0.87136,2.21,1.50
2014.11.12 13:40:46.733,0.87129,0.87136,1.50,1.50
2014.11.12 13:40:47.561,0.87129,0.87136,1.65,1.50
2014.11.12 13:40:47.974,0.87129,0.87134,1.65,1.50
2014.11.12 13:40:48.480,0.87129,0.87135,1.84,1.00
2014.11.12 13:40:50.143,0.87129,0.87135,2.14,1.00
2014.11.12 13:40:52.131,0.87125,0.87132,1.00,1.57
2014.11.12 13:40:52.233,0.87125,0.8713,1.00,1.00
2014.11.12 13:40:52.587,0.87123,0.87131,1.00,1.15
2014.11.12 13:40:52.688,0.87121,0.87125,1.69,1.00
2014.11.12 13:40:53.143,0.87118,0.87126,1.00,1.10
2014.11.12 13:40:53.446,0.87117,0.87124,1.50,1.57
2014.11.12 13:40:53.598,0.87113,0.87123,1.00,2.51
2014.11.12 13:40:53.749,0.87113,0.87121,1.00,1.07
2014.11.12 13:40:54.154,0.87113,0.8712,1.50,1.50
2014.11.12 13:40:54.255,0.87115,0.87123,1.50,2.59
2014.11.12 13:40:54.659,0.87115,0.87121,1.00,1.15
2014.11.12 13:40:54.710,0.87112,0.87118,1.50,1.50
2014.11.12 13:40:55.215,0.87112,0.87117,1.00,1.00
2014.11.12 13:40:57.014,0.87112,0.8712,1.00,2.02
2014.11.12 13:40:57.520,0.87111,0.8712,1.50,2.02
2014.11.12 13:40:58.691,0.87111,0.8712,1.50,2.21
2014.11.12 13:41:00.666,0.87111,0.8712,1.50,2.21
2014.11.12 13:41:01.173,0.87111,0.8712,1.50,2.21
2014.11.12 13:41:01.678,0.87111,0.8712,1.50,2.21
2014.11.12 13:41:02.296,0.87111,0.87119,1.50,2.89
2014.11.12 13:41:02.979,0.87111,0.8712,1.50,2.21
2014.11.12 13:41:03.502,0.87111,0.8712,1.50,7.31
2014.11.12 13:41:06.419,0.87111,0.8712,1.50,2.96
2014.11.12 13:41:06.958,0.87111,0.8712,1.50,2.21
2014.11.12 13:41:08.422,0.87111,0.8712,1.00,2.21
2014.11.12 13:41:08.953,0.87111,0.8712,1.00,2.96
2014.11.12 13:41:09.458,0.87111,0.8712,1.00,2.96
2014.11.12 13:41:10.418,0.87108,0.87115,1.00,1.00
2014.11.12 13:41:16.042,0.87108,0.87115,1.84,1.00
2014.11.12 13:41:17.847,0.87108,0.87115,1.69,1.00
2014.11.12 13:41:18.200,0.8711,0.87116,1.00,1.50
2014.11.12 13:41:21.401,0.8711,0.87115,1.25,1.00
2014.11.12 13:41:22.955,0.87107,0.87116,2.25,1.76
2014.11.12 13:41:23.158,0.87107,0.87116,1.50,1.84
2014.11.12 13:41:23.461,0.87106,0.87113,1.00,1.15
2014.11.12 13:41:23.613,0.87106,0.87111,1.00,1.84
2014.11.12 13:41:23.764,0.87105,0.8711,1.00,1.32
2014.11.12 13:41:24.168,0.87103,0.87111,1.00,4.09
2014.11.12 13:41:25.289,0.87102,0.87108,1.00,1.00
2014.11.12 13:41:26.365,0.87101,0.87107,1.50,1.00
2014.11.12 13:41:26.870,0.87101,0.87108,1.00,1.00
2014.11.12 13:41:31.920,0.87101,0.87108,1.00,1.84
2014.11.12 13:41:32.437,0.87099,0.87108,1.50,1.84
2014.11.12 13:41:32.953,0.87099,0.87108,1.50,1.84
2014.11.12 13:41:33.465,0.87099,0.87108,1.50,1.84
2014.11.12 13:41:35.239,0.87099,0.87108,1.50,1.84
2014.11.12 13:41:35.786,0.87099,0.87108,1.50,1.76
2014.11.12 13:41:36.873,0.87099,0.87107,1.50,1.19
2014.11.12 13:41:38.933,0.87099,0.87107,1.50,1.25
2014.11.12 13:41:39.762,0.87099,0.87105,1.50,1.00
2014.11.12 13:41:39.863,0.87099,0.87107,1.50,1.25
2014.11.12 13:41:39.914,0.87103,0.87107,1.00,1.31
2014.11.12 13:41:40.224,0.871,0.87107,1.50,1.00
2014.11.12 13:41:41.313,0.871,0.87108,1.50,1.25
2014.11.12 13:41:41.625,0.871,0.87106,1.50,1.00
2014.11.12 13:41:42.130,0.87099,0.87106,1.00,1.00
2014.11.12 13:41:42.835,0.87099,0.87108,1.00,1.84
2014.11.12 13:41:43.138,0.87103,0.87107,1.00,1.25
2014.11.12 13:41:43.189,0.871,0.87107,1.50,1.25
2014.11.12 13:41:43.997,0.87101,0.87106,1.00,1.25
2014.11.12 13:41:44.856,0.87101,0.87107,1.00,1.10
2014.11.12 13:41:44.957,0.87104,0.8711,1.00,1.07
2014.11.12 13:41:45.058,0.87105,0.87113,1.00,1.25
2014.11.12 13:41:45.563,0.87105,0.87115,1.69,3.94
2014.11.12 13:41:46.419,0.87105,0.87115,3.26,3.19
2014.11.12 13:41:46.923,0.87106,0.87115,1.76,3.19
2014.11.12 13:41:47.428,0.87105,0.87115,3.64,2.25
2014.11.12 13:41:51.867,0.87106,0.87115,2.06,1.10
2014.11.12 13:41:52.391,0.87105,0.87115,2.89,1.10
2014.11.12 13:41:53.133,0.87105,0.87115,2.51,1.76
2014.11.12 13:41:53.993,0.87105,0.87115,1.29,2.14
2014.11.12 13:41:54.044,0.87105,0.87115,1.00,1.64
2014.11.12 13:41:54.398,0.87105,0.87114,1.00,1.57
2014.11.12 13:41:55.230,0.87105,0.87114,1.19,1.10
2014.11.12 13:42:00.156,0.87105,0.87115,1.46,1.69
2014.11.12 13:42:00.784,0.87105,0.87115,3.71,1.50
2014.11.12 13:42:01.294,0.87105,0.87115,2.96,1.50
2014.11.12 13:42:01.395,0.87105,0.87115,3.71,1.50
2014.11.12 13:42:01.900,0.87108,0.87115,1.50,1.00
2014.11.12 13:42:02.429,0.87105,0.87115,3.71,1.00
2014.11.12 13:42:03.806,0.87106,0.87115,1.19,1.00
2014.11.12 13:42:06.613,0.87106,0.87115,1.69,1.00
2014.11.12 13:42:06.663,0.8711,0.87116,1.57,1.50
2014.11.12 13:42:06.765,0.87112,0.87118,1.09,1.00
2014.11.12 13:42:06.866,0.87112,0.87121,1.36,3.75
2014.11.12 13:42:06.917,0.87114,0.87121,1.31,1.00
2014.11.12 13:42:07.169,0.87117,0.87125,1.00,1.10
2014.11.12 13:42:07.423,0.87119,0.87126,1.50,2.25
2014.11.12 13:42:07.726,0.87121,0.87128,1.00,2.32
2014.11.12 13:42:08.231,0.8712,0.87126,1.50,1.00
2014.11.12 13:42:08.941,0.87119,0.87125,1.00,1.00
2014.11.12 13:42:17.737,0.87116,0.87123,1.25,1.00
2014.11.12 13:42:18.394,0.87116,0.87122,1.00,1.10
2014.11.12 13:42:18.496,0.87113,0.87121,1.00,1.17
2014.11.12 13:42:18.698,0.87113,0.87117,1.00,1.00
2014.11.12 13:42:18.950,0.87111,0.87117,1.00,1.00
2014.11.12 13:42:19.462,0.8711,0.87116,1.00,1.00
2014.11.12 13:42:19.731,0.8711,0.87114,1.00,1.00
2014.11.12 13:42:19.832,0.87107,0.87114,1.76,1.50
2014.11.12 13:42:20.518,0.87107,0.87114,1.50,1.65
2014.11.12 13:42:20.824,0.87105,0.87109,1.00,1.00
2014.11.12 13:42:21.481,0.87107,0.87113,1.00,1.00
2014.11.12 13:42:21.582,0.87106,0.87111,1.50,1.00
2014.11.12 13:42:21.784,0.87106,0.87114,1.84,2.25
2014.11.12 13:42:21.936,0.87108,0.87114,1.57,1.50
2014.11.12 13:42:22.464,0.87109,0.87114,1.00,1.00
2014.11.12 13:42:23.030,0.8711,0.87115,1.00,1.50
2014.11.12 13:42:24.803,0.8711,0.87119,1.50,2.51
2014.11.12 13:42:24.905,0.87113,0.87119,1.00,1.00
2014.11.12 13:42:25.107,0.87115,0.87122,1.50,1.00
2014.11.12 13:42:26.271,0.87115,0.87122,1.50,1.69
2014.11.12 13:42:26.423,0.87112,0.87118,1.00,1.00
2014.11.12 13:42:27.201,0.87111,0.87118,1.00,1.25
2014.11.12 13:42:27.720,0.8711,0.87117,1.57,1.50
2014.11.12 13:42:28.432,0.8711,0.87116,1.50,1.50
2014.11.12 13:42:29.720,0.87109,0.87116,1.50,1.69
2014.11.12 13:42:35.066,0.87108,0.87116,1.00,1.95
2014.11.12 13:42:35.218,0.87104,0.87109,1.00,1.00
2014.11.12 13:42:35.875,0.87102,0.87107,1.50,1.00
2014.11.12 13:43:01.070,0.87102,0.87107,1.00,1.07
2014.11.12 13:43:01.665,0.87102,0.87107,1.00,1.00
2014.11.12 13:43:05.413,0.87101,0.87107,1.00,1.69
2014.11.12 13:43:05.615,0.87095,0.87103,1.50,1.32
2014.11.12 13:43:05.717,0.87097,0.87102,1.00,1.00
2014.11.12 13:43:06.020,0.87095,0.87104,1.00,1.17
2014.11.12 13:43:06.324,0.87095,0.87101,2.25,1.25
2014.11.12 13:43:06.677,0.87095,0.87099,1.00,1.00
2014.11.12 13:43:07.200,0.87095,0.87099,1.00,1.00
2014.11.12 13:43:07.251,0.87094,0.87099,1.50,1.10
2014.11.12 13:43:07.353,0.87094,0.87099,1.00,1.17
2014.11.12 13:43:07.454,0.87092,0.87099,1.00,1.50
2014.11.12 13:43:08.009,0.87092,0.87098,1.00,1.00
2014.11.12 13:43:08.465,0.8709,0.87099,1.10,1.87
2014.11.12 13:43:08.980,0.8709,0.87098,1.50,1.10
2014.11.12 13:43:10.661,0.87089,0.87098,1.69,1.10
2014.11.12 13:43:11.750,0.8709,0.87095,1.00,1.00
2014.11.12 13:43:12.206,0.87087,0.87096,1.17,1.50
2014.11.12 13:43:12.710,0.87087,0.87096,1.00,2.81
2014.11.12 13:43:13.364,0.87087,0.87096,1.25,1.69
2014.11.12 13:43:17.133,0.87087,0.87094,1.50,1.10
2014.11.12 13:43:17.436,0.87085,0.8709,1.00,1.00
2014.11.12 13:43:17.688,0.87084,0.87092,1.69,1.00
2014.11.12 13:43:17.790,0.87087,0.87093,1.50,2.44
2014.11.12 13:43:18.244,0.87089,0.87096,1.57,1.00
2014.11.12 13:43:18.446,0.87087,0.87093,1.17,1.00
2014.11.12 13:43:18.902,0.87091,0.87095,1.00,1.00
2014.11.12 13:43:19.004,0.8709,0.87098,1.00,1.50
2014.11.12 13:43:19.359,0.87091,0.87098,1.65,1.50
2014.11.12 13:43:19.561,0.87096,0.87103,1.50,1.00
2014.11.12 13:43:19.844,0.87096,0.871,1.00,1.00
2014.11.12 13:43:20.098,0.87096,0.87102,1.00,1.10
2014.11.12 13:43:20.604,0.87096,0.87101,1.00,1.00
2014.11.12 13:43:20.655,0.87094,0.87099,1.00,1.00
2014.11.12 13:43:21.009,0.87091,0.87097,2.25,1.00
2014.11.12 13:43:21.412,0.87089,0.87096,2.32,1.00
2014.11.12 13:43:23.256,0.87089,0.87096,1.00,1.76
2014.11.12 13:43:23.307,0.87087,0.87094,1.00,1.00
2014.11.12 13:43:24.167,0.87088,0.87094,1.00,1.00
2014.11.12 13:43:30.207,0.87088,0.87093,1.00,1.00
2014.11.12 13:43:30.712,0.87088,0.87092,1.00,1.00
2014.11.12 13:43:31.552,0.87087,0.87094,1.00,1.10
2014.11.12 13:43:32.139,0.87087,0.87093,1.00,1.00
2014.11.12 13:43:32.392,0.87085,0.87091,1.00,1.17
2014.11.12 13:43:32.897,0.87085,0.87089,1.00,1.00
2014.11.12 13:43:32.998,0.87082,0.87089,1.00,1.07
2014.11.12 13:43:33.504,0.87083,0.87088,1.00,1.00
2014.11.12 13:43:33.756,0.8708,0.87089,1.19,1.57
2014.11.12 13:43:34.262,0.8708,0.87088,1.00,1.17
2014.11.12 13:43:34.717,0.8708,0.87087,1.50,1.57
2014.11.12 13:43:34.818,0.87079,0.87087,1.50,1.65
2014.11.12 13:43:35.325,0.87079,0.87087,1.50,1.57
2014.11.12 13:43:35.840,0.87079,0.87087,1.50,1.50
2014.11.12 13:43:36.714,0.87079,0.87085,1.50,1.50
2014.11.12 13:43:44.909,0.87079,0.87085,1.50,1.57
2014.11.12 13:43:45.094,0.87076,0.87082,1.50,1.50
2014.11.12 13:43:45.196,0.87074,0.8708,1.50,1.00
2014.11.12 13:43:45.499,0.8707,0.87074,1.00,1.00
2014.11.12 13:43:45.550,0.8707,0.87074,1.50,1.25
2014.11.12 13:43:45.600,0.87066,0.87072,1.87,1.00
2014.11.12 13:43:45.904,0.87062,0.87066,1.00,1.50
2014.11.12 13:43:46.106,0.87054,0.8706,1.00,1.00
2014.11.12 13:43:46.157,0.87054,0.87063,1.00,3.07
2014.11.12 13:43:46.208,0.87056,0.87063,1.00,3.07
2014.11.12 13:43:46.510,0.87056,0.8706,1.00,1.10
2014.11.12 13:43:46.713,0.87054,0.87059,1.00,1.00
2014.11.12 13:43:46.814,0.87052,0.87056,1.00,1.00
2014.11.12 13:43:46.919,0.87051,0.87056,1.00,1.50
2014.11.12 13:43:47.071,0.87049,0.87056,1.00,1.00
2014.11.12 13:43:48.081,0.87049,0.87057,1.50,2.25
2014.11.12 13:43:48.233,0.87054,0.87064,1.50,1.07
2014.11.12 13:43:48.284,0.87054,0.8706,1.50,1.00
2014.11.12 13:43:48.385,0.87053,0.87064,2.44,2.25
2014.11.12 13:43:48.486,0.87057,0.87063,1.00,1.00
2014.11.12 13:43:48.790,0.87056,0.8706,1.00,1.00
2014.11.12 13:43:49.059,0.87055,0.87062,1.00,1.10
2014.11.12 13:43:49.566,0.87055,0.87062,1.00,1.32
2014.11.12 13:43:50.022,0.87055,0.87065,2.59,1.00
2014.11.12 13:43:50.527,0.87057,0.87066,1.10,1.50
2014.11.12 13:43:50.679,0.8706,0.87066,1.50,1.50
2014.11.12 13:43:51.184,0.87061,0.87067,1.00,1.00
2014.11.12 13:43:52.245,0.87061,0.87069,1.00,1.57
2014.11.12 13:43:52.783,0.87062,0.8707,1.00,1.95
2014.11.12 13:43:52.885,0.87062,0.87068,1.00,1.00
2014.11.12 13:43:53.238,0.87059,0.87068,1.50,1.00
2014.11.12 13:43:53.340,0.87061,0.87068,1.50,1.00
2014.11.12 13:43:53.643,0.8706,0.87066,1.00,1.00
2014.11.12 13:43:54.187,0.87059,0.87066,1.50,2.25
2014.11.12 13:43:59.189,0.87059,0.87066,3.07,1.50
2014.11.12 13:43:59.391,0.87062,0.8707,1.66,1.00
2014.11.12 13:43:59.562,0.87064,0.87072,1.19,1.10
2014.11.12 13:43:59.815,0.87065,0.87074,4.01,1.50
2014.11.12 13:43:59.866,0.87066,0.87074,1.19,1.50
2014.11.12 13:44:00.876,0.87066,0.87074,1.84,1.50
2014.11.12 13:44:02.028,0.87066,0.87075,2.59,1.50
2014.11.12 13:44:02.331,0.87067,0.87075,1.29,1.50
2014.11.12 13:44:02.913,0.87066,0.87075,1.31,1.50
2014.11.12 13:44:03.425,0.87066,0.87075,2.89,1.50
2014.11.12 13:44:08.360,0.87065,0.87075,2.51,1.57
2014.11.12 13:44:08.865,0.87065,0.87075,2.44,1.65
2014.11.12 13:44:09.407,0.87065,0.87075,1.69,1.57
2014.11.12 13:44:09.945,0.87065,0.87075,1.69,1.65
2014.11.12 13:44:10.451,0.87067,0.87075,1.25,1.50
2014.11.12 13:44:10.502,0.8707,0.87074,1.00,1.00
2014.11.12 13:44:14.472,0.87068,0.87074,1.00,1.00
2014.11.12 13:44:15.382,0.87068,0.87074,2.51,1.00
2014.11.12 13:44:16.391,0.87068,0.87074,2.44,1.00
2014.11.12 13:44:17.804,0.87066,0.87074,1.00,1.29
2014.11.12 13:44:18.320,0.87064,0.87074,1.25,1.57
2014.11.12 13:44:18.523,0.87066,0.87076,1.00,1.65
2014.11.12 13:44:18.826,0.87069,0.87076,1.00,1.01
2014.11.12 13:44:22.707,0.87069,0.87075,1.00,1.00
2014.11.12 13:44:22.859,0.87067,0.87074,1.00,1.00
2014.11.12 13:44:23.742,0.87068,0.87074,1.00,1.00
2014.11.12 13:44:29.208,0.87068,0.87073,1.00,1.00
2014.11.12 13:44:29.410,0.87067,0.87073,1.00,2.14
2014.11.12 13:44:29.563,0.87066,0.87073,1.00,2.21
2014.11.12 13:44:29.765,0.87065,0.87069,1.00,1.10
2014.11.12 13:44:30.421,0.87063,0.87069,1.00,1.17
2014.11.12 13:44:30.927,0.87063,0.87069,1.00,1.15
2014.11.12 13:44:31.772,0.87062,0.87069,1.00,1.52
2014.11.12 13:44:32.076,0.87061,0.87066,1.00,1.10
2014.11.12 13:44:32.127,0.87059,0.87063,1.50,1.00
2014.11.12 13:44:32.279,0.87057,0.87063,1.00,1.27
2014.11.12 13:44:32.331,0.87057,0.87063,1.00,1.71
2014.11.12 13:44:32.432,0.87057,0.87061,1.00,1.10
2014.11.12 13:44:32.584,0.87057,0.87063,1.00,1.00
2014.11.12 13:44:33.089,0.87056,0.87065,1.00,1.10
2014.11.12 13:44:33.191,0.8706,0.87066,1.00,1.07
2014.11.12 13:44:37.119,0.8706,0.87066,1.00,1.00
2014.11.12 13:44:37.423,0.87062,0.87067,1.00,1.00
2014.11.12 13:44:40.426,0.87061,0.87069,1.25,1.50
2014.11.12 13:44:40.477,0.87061,0.87069,2.21,1.50
2014.11.12 13:44:40.781,0.87065,0.87072,1.17,1.00
2014.11.12 13:44:41.286,0.87065,0.87073,1.17,1.00
2014.11.12 13:44:41.796,0.87065,0.87073,1.25,1.00
2014.11.12 13:44:42.401,0.87066,0.87073,1.26,1.00
2014.11.12 13:44:42.909,0.87066,0.87074,1.29,1.00
2014.11.12 13:44:42.960,0.87066,0.87076,1.29,1.25
2014.11.12 13:44:43.232,0.87067,0.87076,2.81,1.00
2014.11.12 13:44:44.196,0.87067,0.87076,2.96,1.00
2014.11.12 13:44:46.211,0.87068,0.87076,1.39,1.00
2014.11.12 13:44:47.202,0.87068,0.87076,1.39,1.00
2014.11.12 13:44:51.288,0.87065,0.87076,2.14,1.00
2014.11.12 13:44:51.390,0.87067,0.87076,1.31,1.00
2014.11.12 13:44:52.296,0.87067,0.87076,1.19,1.00
2014.11.12 13:44:52.802,0.87066,0.87076,1.31,1.00
2014.11.12 13:44:53.307,0.87065,0.87076,2.51,1.50
2014.11.12 13:44:53.611,0.87066,0.87073,1.00,1.40
2014.11.12 13:44:54.318,0.87064,0.87071,1.00,1.00
2014.11.12 13:44:54.671,0.87064,0.87069,1.00,1.00
2014.11.12 13:44:55.176,0.87063,0.87068,1.00,1.00
2014.11.12 13:44:55.530,0.8706,0.87067,1.50,1.50
2014.11.12 13:44:56.467,0.8706,0.87066,1.50,1.00
2014.11.12 13:44:56.972,0.87059,0.87065,1.00,1.00
2014.11.12 13:44:57.476,0.87058,0.87064,1.00,1.00
2014.11.12 13:45:01.215,0.8706,0.87066,1.00,1.50
2014.11.12 13:45:01.720,0.8706,0.87067,1.25,1.00
2014.11.12 13:45:02.227,0.87061,0.87067,1.50,1.00
2014.11.12 13:45:02.884,0.87063,0.87067,1.00,1.00
2014.11.12 13:45:02.986,0.87064,0.87069,1.00,1.00
2014.11.12 13:45:03.188,0.87061,0.8707,2.25,3.34
2014.11.12 13:45:03.643,0.87061,0.8707,2.25,3.34
2014.11.12 13:45:03.744,0.87061,0.8707,2.25,3.71
2014.11.12 13:45:04.475,0.87061,0.87068,1.00,1.00
2014.11.12 13:45:06.413,0.87061,0.87066,1.00,1.00
2014.11.12 13:45:08.930,0.87061,0.87067,1.00,1.50
2014.11.12 13:45:11.241,0.87061,0.87068,1.00,1.00
2014.11.12 13:45:11.784,0.87061,0.87069,1.19,1.00
2014.11.12 13:45:12.809,0.87061,0.8707,2.14,1.00
2014.11.12 13:45:13.113,0.87066,0.87073,1.50,1.50
2014.11.12 13:45:13.466,0.87068,0.87078,1.07,1.00
2014.11.12 13:45:15.996,0.87068,0.87076,1.65,1.50
2014.11.12 13:45:18.871,0.87071,0.87076,1.00,1.00
2014.11.12 13:45:18.972,0.87071,0.87078,1.00,1.50
2014.11.12 13:45:20.424,0.8707,0.87078,1.57,1.50
2014.11.12 13:45:22.500,0.87069,0.87076,1.17,1.00
2014.11.12 13:45:23.005,0.87069,0.87076,1.10,1.00
2014.11.12 13:45:23.604,0.87071,0.87078,1.76,1.00
2014.11.12 13:45:23.707,0.87078,0.87084,1.10,1.00
2014.11.12 13:45:24.214,0.87079,0.87086,1.26,1.00
2014.11.12 13:45:24.303,0.8708,0.87089,1.29,1.00
2014.11.12 13:45:24.710,0.87079,0.87091,3.26,1.10
2014.11.12 13:45:25.227,0.87082,0.87091,1.00,1.17
2014.11.12 13:45:27.920,0.87082,0.87091,1.00,1.36
2014.11.12 13:45:28.633,0.87082,0.87091,1.00,1.09
2014.11.12 13:45:28.885,0.87083,0.87091,1.07,1.10
2014.11.12 13:45:29.038,0.8709,0.87098,1.00,2.59
2014.11.12 13:45:29.542,0.87089,0.87096,1.50,1.50
2014.11.12 13:45:30.653,0.87088,0.87096,1.50,1.57
2014.11.12 13:45:30.704,0.87088,0.87093,1.50,1.65
2014.11.12 13:45:30.806,0.87086,0.87093,1.00,3.34
2014.11.12 13:45:30.933,0.87083,0.87093,1.87,5.59
2014.11.12 13:45:31.136,0.87083,0.87091,1.50,1.40
2014.11.12 13:45:31.489,0.87081,0.8709,1.00,1.19
2014.11.12 13:45:32.297,0.87081,0.87089,1.00,2.21
2014.11.12 13:45:32.549,0.87081,0.87088,1.50,2.59
2014.11.12 13:45:32.650,0.87081,0.87088,1.50,2.59
2014.11.12 13:45:32.853,0.87081,0.87089,2.25,1.65
2014.11.12 13:45:32.954,0.87086,0.87091,1.00,1.00
2014.11.12 13:45:33.005,0.87086,0.87095,1.00,1.09
2014.11.12 13:45:33.056,0.87084,0.87094,1.01,1.10
2014.11.12 13:45:33.107,0.87084,0.87092,1.10,1.00
2014.11.12 13:45:33.410,0.87083,0.87088,1.00,1.00
2014.11.12 13:45:33.461,0.8708,0.87088,2.25,1.00
2014.11.12 13:45:33.965,0.87081,0.87089,1.50,1.84
2014.11.12 13:45:36.698,0.87081,0.8709,1.50,2.21
2014.11.12 13:45:37.455,0.87081,0.87091,1.50,1.46
2014.11.12 13:45:37.758,0.87084,0.87093,1.39,1.50
2014.11.12 13:45:38.062,0.87086,0.87092,1.76,1.00
2014.11.12 13:45:38.365,0.87089,0.87094,1.00,1.00
2014.11.12 13:45:39.880,0.87089,0.87094,1.00,1.57
2014.11.12 13:45:40.082,0.87086,0.87095,1.25,2.51
2014.11.12 13:45:42.583,0.8709,0.87095,1.00,1.00
2014.11.12 13:45:42.840,0.8709,0.87098,1.00,2.25
2014.11.12 13:45:42.943,0.87092,0.871,1.00,1.76
2014.11.12 13:45:44.142,0.87092,0.87097,1.00,1.00
2014.11.12 13:45:44.495,0.87089,0.87098,1.00,1.00
2014.11.12 13:45:46.067,0.87091,0.87098,1.00,1.00
2014.11.12 13:45:46.371,0.87099,0.87105,1.57,1.00
2014.11.12 13:45:46.875,0.87099,0.87106,1.69,1.50
2014.11.12 13:45:48.655,0.87101,0.87107,1.00,1.00
2014.11.12 13:45:48.857,0.87103,0.8711,1.00,1.00
2014.11.12 13:45:49.371,0.87102,0.8711,1.00,1.10
2014.11.12 13:45:50.071,0.87102,0.8711,1.46,1.00
2014.11.12 13:45:50.223,0.87105,0.8711,1.00,1.00
2014.11.12 13:45:50.526,0.87106,0.87112,1.50,1.50
2014.11.12 13:45:50.627,0.87108,0.87112,1.00,1.50
2014.11.12 13:45:50.728,0.87108,0.87118,1.00,1.17
2014.11.12 13:45:50.880,0.8711,0.87117,1.00,1.10
2014.11.12 13:45:52.753,0.87111,0.8712,1.00,1.57
2014.11.12 13:45:53.258,0.8711,0.8712,1.87,1.57
2014.11.12 13:45:53.511,0.87112,0.8712,1.00,1.95
2014.11.12 13:45:54.047,0.87111,0.87121,1.25,1.84
2014.11.12 13:45:54.655,0.87111,0.87121,1.19,1.84
2014.11.12 13:45:55.023,0.87111,0.87121,1.19,1.84
2014.11.12 13:45:55.795,0.87111,0.87121,1.00,1.76
2014.11.12 13:45:56.520,0.87111,0.87121,1.00,2.14
2014.11.12 13:45:56.874,0.87111,0.87121,1.00,2.21
2014.11.12 13:45:57.378,0.87111,0.87121,1.00,2.96
2014.11.12 13:45:57.933,0.87111,0.87118,1.00,1.10
2014.11.12 13:45:58.236,0.87111,0.8712,1.00,1.09
2014.11.12 13:45:59.652,0.87111,0.8712,1.00,1.39
2014.11.12 13:45:59.803,0.87111,0.87117,1.00,1.12
2014.11.12 13:46:00.106,0.87105,0.87112,1.00,1.20
2014.11.12 13:46:00.309,0.87103,0.87109,1.00,1.00
2014.11.12 13:46:01.219,0.87103,0.8711,1.00,1.00
2014.11.12 13:46:07.523,0.87103,0.8711,3.71,1.00
2014.11.12 13:46:07.574,0.87103,0.87112,2.96,1.00
2014.11.12 13:46:07.776,0.87107,0.87112,1.00,1.00
2014.11.12 13:46:07.993,0.87106,0.87115,1.00,1.50
2014.11.12 13:46:08.245,0.87106,0.87115,1.00,1.76
2014.11.12 13:46:08.549,0.87105,0.87113,1.00,1.40
2014.11.12 13:46:08.979,0.87105,0.87113,1.00,1.46
2014.11.12 13:46:09.239,0.87105,0.87113,1.00,3.64
2014.11.12 13:46:10.109,0.87103,0.8711,1.00,1.07
2014.11.12 13:46:10.463,0.871,0.8711,1.50,1.65
2014.11.12 13:46:10.968,0.871,0.8711,1.50,1.76
2014.11.12 13:46:11.019,0.871,0.8711,1.50,2.59
2014.11.12 13:46:11.373,0.871,0.8711,1.50,2.14
2014.11.12 13:46:11.896,0.871,0.8711,1.50,2.21
2014.11.12 13:46:12.400,0.871,0.8711,1.50,2.21
2014.11.12 13:46:17.716,0.871,0.8711,1.50,2.02
2014.11.12 13:46:22.666,0.87101,0.8711,1.25,1.20
2014.11.12 13:46:22.818,0.87103,0.87113,1.00,2.81
2014.11.12 13:46:23.122,0.87105,0.87109,1.00,1.00
2014.11.12 13:46:23.426,0.87105,0.8711,1.10,1.00
2014.11.12 13:46:23.629,0.87106,0.87113,2.59,1.00
2014.11.12 13:46:23.730,0.87106,0.87115,1.84,1.50
2014.11.12 13:46:24.033,0.87107,0.87114,1.00,1.00
2014.11.12 13:46:24.185,0.87105,0.87114,1.00,1.69
2014.11.12 13:46:24.691,0.87105,0.87114,1.00,2.14
2014.11.12 13:46:25.585,0.87105,0.87114,1.00,2.14
2014.11.12 13:46:25.888,0.87105,0.87114,1.00,2.89
2014.11.12 13:46:29.244,0.87105,0.87114,1.00,2.89
2014.11.12 13:46:29.809,0.87105,0.87114,1.00,2.89
2014.11.12 13:46:30.711,0.87105,0.87112,1.00,1.56
2014.11.12 13:46:30.915,0.87105,0.87112,1.00,2.06
2014.11.12 13:46:34.867,0.87103,0.87111,1.50,2.14
2014.11.12 13:46:35.387,0.87102,0.87111,1.57,2.06
2014.11.12 13:46:37.810,0.87102,0.87111,1.57,1.87
2014.11.12 13:46:39.676,0.87102,0.8711,1.10,1.00
2014.11.12 13:46:46.206,0.87103,0.87111,1.00,1.31
2014.11.12 13:46:46.878,0.87103,0.87111,1.00,1.12
2014.11.12 13:46:48.002,0.87103,0.87111,1.00,1.39
2014.11.12 13:46:49.691,0.87103,0.87111,1.00,1.25
2014.11.12 13:46:51.869,0.87103,0.87111,4.46,1.00
2014.11.12 13:46:52.021,0.87106,0.87112,2.62,1.00
2014.11.12 13:46:52.223,0.87106,0.87115,3.71,1.50
2014.11.12 13:46:52.751,0.87108,0.87115,1.65,1.50
2014.11.12 13:46:53.570,0.8711,0.87115,1.50,1.50
2014.11.12 13:46:54.083,0.8711,0.87114,2.25,1.00
2014.11.12 13:46:54.770,0.8711,0.87115,1.10,1.00
2014.11.12 13:46:54.871,0.8711,0.87116,1.09,1.00
2014.11.12 13:46:55.073,0.87112,0.87118,1.10,1.50
2014.11.12 13:46:55.327,0.87111,0.87121,4.39,1.00
2014.11.12 13:46:55.378,0.87111,0.87121,4.39,1.00
2014.11.12 13:46:55.530,0.87114,0.87123,2.96,1.00
2014.11.12 13:46:55.581,0.87116,0.87123,1.37,1.00
2014.11.12 13:46:55.885,0.87117,0.87123,1.84,1.00
2014.11.12 13:46:55.987,0.87118,0.87127,1.17,1.00
2014.11.12 13:46:56.089,0.87121,0.87128,1.00,1.00
2014.11.12 13:46:56.292,0.87118,0.87128,1.15,1.00
2014.11.12 13:46:56.797,0.87118,0.87128,1.20,1.00
2014.11.12 13:46:57.403,0.87118,0.87128,1.09,1.00
2014.11.12 13:46:58.273,0.87118,0.87128,1.25,1.00
2014.11.12 13:46:58.528,0.87118,0.87125,1.25,1.00
2014.11.12 13:46:58.831,0.87116,0.87123,1.00,2.14
2014.11.12 13:46:59.590,0.87116,0.87122,1.15,1.00
2014.11.12 13:46:59.944,0.87117,0.87124,1.76,1.50
2014.11.12 13:47:01.104,0.87117,0.87124,1.50,2.81
2014.11.12 13:47:01.357,0.87115,0.87122,1.00,1.46
2014.11.12 13:47:01.610,0.87114,0.87122,1.00,5.14
2014.11.12 13:47:02.115,0.87113,0.8712,1.00,1.17
2014.11.12 13:47:05.296,0.87113,0.8712,1.00,1.00
2014.11.12 13:47:09.833,0.87113,0.8712,1.27,1.00
2014.11.12 13:47:10.087,0.87117,0.87122,1.00,1.00
2014.11.12 13:47:15.238,0.87117,0.87123,1.07,1.00
2014.11.12 13:47:16.046,0.87117,0.87124,1.46,1.00
2014.11.12 13:47:16.349,0.87117,0.87123,1.46,1.00
2014.11.12 13:47:17.055,0.87117,0.87123,1.39,1.00
2014.11.12 13:47:17.762,0.87116,0.87125,1.74,1.00
2014.11.12 13:47:18.317,0.87116,0.87125,1.10,1.00
2014.11.12 13:47:19.849,0.87116,0.87125,1.00,1.09
2014.11.12 13:47:20.153,0.87116,0.87122,1.00,1.46
2014.11.12 13:47:20.405,0.87114,0.87122,1.00,2.96
2014.11.12 13:47:20.910,0.87113,0.87121,1.00,1.32
2014.11.12 13:47:21.434,0.87113,0.87121,1.00,1.01
2014.11.12 13:47:23.950,0.87113,0.87121,1.00,1.09
2014.11.12 13:47:24.461,0.87113,0.87121,1.00,1.31
2014.11.12 13:47:28.274,0.87113,0.87121,1.00,2.06
2014.11.12 13:47:30.326,0.87113,0.8712,1.00,1.00
2014.11.12 13:47:34.192,0.87113,0.8712,1.00,1.69
2014.11.12 13:47:34.697,0.87111,0.87118,1.00,1.00
2014.11.12 13:47:35.202,0.87112,0.87119,1.00,1.25
2014.11.12 13:47:36.464,0.87112,0.87119,1.00,2.51
2014.11.12 13:47:36.969,0.87112,0.87119,1.00,2.44
2014.11.12 13:47:39.155,0.87112,0.87118,1.00,1.00
2014.11.12 13:47:39.660,0.87112,0.87119,1.00,1.25
2014.11.12 13:47:40.216,0.87112,0.87118,1.00,1.00
2014.11.12 13:47:41.925,0.8711,0.87118,1.00,2.06
2014.11.12 13:47:42.077,0.87108,0.87114,1.00,1.25
2014.11.12 13:47:42.582,0.87108,0.87115,1.10,1.25
2014.11.12 13:47:42.735,0.87107,0.87117,2.21,1.00
2014.11.12 13:47:42.786,0.8711,0.87118,1.10,1.69
2014.11.12 13:47:44.815,0.87109,0.87118,1.50,1.69
2014.11.12 13:47:45.355,0.87109,0.87118,1.95,1.50
2014.11.12 13:47:45.887,0.87111,0.87118,1.50,1.50
2014.11.12 13:47:50.339,0.8711,0.87118,1.10,1.00
2014.11.12 13:47:50.643,0.87109,0.87115,1.50,1.87
2014.11.12 13:47:50.946,0.87103,0.87112,1.00,3.34
2014.11.12 13:47:51.047,0.87104,0.87112,1.00,2.59
2014.11.12 13:47:51.401,0.87104,0.8711,1.00,1.76
2014.11.12 13:47:51.926,0.87104,0.8711,1.00,1.76
2014.11.12 13:47:52.791,0.87104,0.87111,1.00,1.46
2014.11.12 13:47:53.326,0.87104,0.87112,1.00,3.71
2014.11.12 13:47:54.336,0.87104,0.87109,1.00,1.32
2014.11.12 13:47:54.847,0.87104,0.87109,1.00,1.10
2014.11.12 13:47:55.153,0.87097,0.87103,1.00,1.00
2014.11.12 13:47:55.204,0.87095,0.871,1.50,1.00
2014.11.12 13:47:55.722,0.87095,0.87099,1.00,1.00
2014.11.12 13:47:56.077,0.87093,0.87098,1.00,1.00
2014.11.12 13:47:56.582,0.87093,0.87098,1.00,1.00
2014.11.12 13:47:57.485,0.87095,0.871,1.00,1.00
2014.11.12 13:47:57.687,0.87095,0.87102,2.62,1.00
2014.11.12 13:47:57.738,0.87096,0.87103,1.17,1.50
2014.11.12 13:47:58.243,0.87096,0.87104,1.40,1.50
2014.11.12 13:47:58.748,0.87096,0.87104,1.10,1.50
2014.11.12 13:47:59.052,0.87096,0.871,1.00,1.00
2014.11.12 13:48:01.016,0.87096,0.87101,1.00,1.00
2014.11.12 13:48:01.470,0.87097,0.87103,1.57,1.00
2014.11.12 13:48:01.986,0.87097,0.87104,1.57,2.25
2014.11.12 13:48:02.491,0.87097,0.87104,3.71,2.25
2014.11.12 13:48:02.793,0.87097,0.87102,2.21,1.00
2014.11.12 13:48:03.296,0.87097,0.87101,1.69,1.00
2014.11.12 13:48:03.801,0.87097,0.87101,1.57,1.00
2014.11.12 13:48:04.104,0.87097,0.87104,1.57,2.25
2014.11.12 13:48:07.076,0.87098,0.87104,1.00,1.50
2014.11.12 13:48:11.682,0.87098,0.87102,1.00,1.00
2014.11.12 13:48:11.935,0.87095,0.87102,1.00,1.09
2014.11.12 13:48:12.037,0.87095,0.871,1.00,1.19
2014.11.12 13:48:12.289,0.87093,0.87098,1.00,1.00
2014.11.12 13:48:12.794,0.87093,0.87099,1.00,1.25
2014.11.12 13:48:13.450,0.87093,0.87098,1.50,1.00
2014.11.12 13:48:13.962,0.87093,0.87099,1.50,1.00
2014.11.12 13:48:14.466,0.87092,0.87099,1.00,1.50
2014.11.12 13:48:15.447,0.87093,0.871,1.00,3.07
2014.11.12 13:48:16.168,0.87093,0.871,1.00,2.40
2014.11.12 13:48:16.320,0.87092,0.87096,1.00,1.00
2014.11.12 13:48:16.453,0.8709,0.87094,1.00,1.00
2014.11.12 13:48:16.554,0.87088,0.87094,1.00,1.00
2014.11.12 13:48:16.706,0.87086,0.87094,1.00,1.00
2014.11.12 13:48:16.756,0.87087,0.87094,1.00,1.87
2014.11.12 13:48:17.059,0.87084,0.87089,1.25,1.20
2014.11.12 13:48:17.514,0.87082,0.87087,1.00,1.00
2014.11.12 13:48:17.819,0.87076,0.87081,1.50,1.19
2014.11.12 13:48:18.022,0.8707,0.87077,1.50,1.00
2014.11.12 13:48:18.124,0.87072,0.87077,1.00,1.00
2014.11.12 13:48:18.469,0.87074,0.87081,1.50,1.50
2014.11.12 13:48:18.621,0.87074,0.87079,1.50,1.00
2014.11.12 13:48:18.722,0.87074,0.87081,1.50,1.00
2014.11.12 13:48:18.823,0.87076,0.87082,1.00,1.00
2014.11.12 13:48:19.176,0.87079,0.87083,1.00,1.50
2014.11.12 13:48:19.682,0.87079,0.87084,1.50,1.00
2014.11.12 13:48:20.223,0.87079,0.87085,1.69,1.00
2014.11.12 13:48:20.747,0.87079,0.87085,1.84,1.00
2014.11.12 13:48:22.906,0.87079,0.87085,1.57,1.00
2014.11.12 13:48:23.612,0.87077,0.87085,1.27,1.00
2014.11.12 13:48:23.663,0.87077,0.87083,1.20,1.00
2014.11.12 13:48:23.966,0.87075,0.87081,1.00,1.00
2014.11.12 13:48:24.472,0.87075,0.87083,1.32,1.50
2014.11.12 13:48:25.080,0.87075,0.87083,1.46,1.50
2014.11.12 13:48:25.598,0.87075,0.87083,2.21,1.50
2014.11.12 13:48:26.644,0.87076,0.87083,1.27,1.00
2014.11.12 13:48:27.166,0.87076,0.87083,1.46,1.00
2014.11.12 13:48:27.986,0.87075,0.87083,3.71,1.00
2014.11.12 13:48:28.657,0.87077,0.87083,1.56,1.00
2014.11.12 13:48:29.177,0.87076,0.87083,3.71,1.00
2014.11.12 13:48:31.681,0.87077,0.87083,1.56,1.00
2014.11.12 13:48:32.659,0.87076,0.87083,3.71,1.00
2014.11.12 13:48:34.235,0.87076,0.87084,3.71,1.00
2014.11.12 13:48:34.741,0.87078,0.87084,2.96,1.00
2014.11.12 13:48:36.305,0.87079,0.87087,1.95,1.50
2014.11.12 13:48:36.457,0.87081,0.87087,1.31,1.50
2014.11.12 13:48:36.507,0.87081,0.87087,2.14,1.00
2014.11.12 13:48:36.710,0.87084,0.87091,1.45,1.00
2014.11.12 13:48:36.761,0.87087,0.87093,2.06,1.50
2014.11.12 13:48:36.963,0.87087,0.87096,1.74,1.50
2014.11.12 13:48:37.469,0.87092,0.87097,1.00,1.00
2014.11.12 13:48:37.975,0.87091,0.87097,1.00,1.00
2014.11.12 13:48:43.310,0.87093,0.87097,1.00,1.00
2014.11.12 13:48:44.168,0.87092,0.87097,1.00,1.00
2014.11.12 13:48:44.685,0.87091,0.87097,1.10,1.00
2014.11.12 13:48:45.190,0.87091,0.87099,1.15,1.50
2014.11.12 13:48:45.399,0.8709,0.87097,2.02,1.50
2014.11.12 13:48:45.652,0.8709,0.871,2.02,1.50
2014.11.12 13:48:47.516,0.87091,0.871,1.52,1.50
2014.11.12 13:48:47.819,0.871,0.87109,1.50,3.64
2014.11.12 13:48:48.957,0.87101,0.87109,1.34,2.25
2014.11.12 13:48:49.058,0.87101,0.87109,1.20,1.50
2014.11.12 13:48:49.159,0.87102,0.87111,1.19,1.50
2014.11.12 13:48:49.311,0.87104,0.87113,1.01,1.00
2014.11.12 13:48:49.665,0.87104,0.87113,2.59,1.00
2014.11.12 13:48:50.169,0.87107,0.87114,1.50,1.00
2014.11.12 13:48:50.714,0.87106,0.87114,1.00,1.07
2014.11.12 13:48:51.219,0.87105,0.87114,1.00,1.15
2014.11.12 13:48:51.785,0.87106,0.8711,1.00,1.00
2014.11.12 13:48:52.144,0.87104,0.87111,1.50,1.57
2014.11.12 13:48:54.440,0.87104,0.87111,1.50,1.57
2014.11.12 13:48:54.541,0.87102,0.87109,1.50,1.50
2014.11.12 13:48:54.996,0.871,0.87109,1.50,1.65
2014.11.12 13:48:55.047,0.871,0.87105,1.50,1.00
2014.11.12 13:48:55.199,0.87098,0.87106,1.50,1.00
2014.11.12 13:48:56.398,0.871,0.87106,1.00,1.10
2014.11.12 13:48:57.071,0.871,0.87106,1.00,2.21
2014.11.12 13:48:57.172,0.87096,0.87103,1.50,1.55
2014.11.12 13:48:57.324,0.87095,0.87101,1.00,1.27
2014.11.12 13:48:57.375,0.87092,0.871,1.00,1.15
2014.11.12 13:49:02.088,0.87092,0.871,1.50,2.40
2014.11.12 13:49:04.282,0.87092,0.871,1.50,3.34
2014.11.12 13:49:05.093,0.87092,0.87099,1.00,1.09
2014.11.12 13:49:05.345,0.87088,0.87098,1.87,3.26
2014.11.12 13:49:05.547,0.87087,0.87094,1.00,1.10
2014.11.12 13:49:06.053,0.87088,0.87095,1.50,1.65
2014.11.12 13:49:07.816,0.87088,0.87094,1.50,1.09
2014.11.12 13:49:08.321,0.87089,0.87094,1.00,1.01
2014.11.12 13:49:08.831,0.87088,0.87095,1.00,1.36
2014.11.12 13:49:09.336,0.87087,0.87095,1.50,2.59
2014.11.12 13:49:09.952,0.87087,0.87095,1.50,2.51
2014.11.12 13:49:10.475,0.87087,0.87095,1.50,2.51
2014.11.12 13:49:12.268,0.87087,0.87095,1.50,2.32
2014.11.12 13:49:12.572,0.87087,0.87093,1.00,1.00
2014.11.12 13:49:12.876,0.87086,0.87092,1.50,1.32
2014.11.12 13:49:13.382,0.87085,0.87092,1.50,1.09
2014.11.12 13:49:14.662,0.87084,0.8709,1.00,1.00
2014.11.12 13:49:15.863,0.87084,0.87091,1.00,1.50
2014.11.12 13:49:16.167,0.87086,0.87091,1.00,1.00
2014.11.12 13:49:16.521,0.87085,0.87093,2.21,1.00
2014.11.12 13:49:16.976,0.87089,0.87095,1.00,1.00
2014.11.12 13:49:17.493,0.87089,0.87096,1.50,1.50
2014.11.12 13:49:18.250,0.87092,0.87096,1.00,1.00
2014.11.12 13:49:18.301,0.87092,0.87098,1.00,1.00
2014.11.12 13:49:18.655,0.8709,0.87098,1.20,1.00
2014.11.12 13:49:21.463,0.87091,0.87099,1.00,1.50
2014.11.12 13:49:21.968,0.87092,0.871,1.50,2.51
2014.11.12 13:49:22.473,0.87092,0.87099,1.00,1.25
2014.11.12 13:49:24.764,0.87092,0.87096,1.00,1.00
2014.11.12 13:49:24.966,0.8709,0.87097,1.50,1.00
2014.11.12 13:49:25.522,0.8709,0.87098,1.50,1.50
2014.11.12 13:49:25.976,0.87093,0.87099,1.00,1.00
2014.11.12 13:49:26.844,0.87092,0.871,1.00,2.51
2014.11.12 13:49:27.154,0.87091,0.871,1.00,1.84
2014.11.12 13:49:27.703,0.87091,0.87097,1.00,1.00
2014.11.12 13:49:28.346,0.87091,0.87098,1.00,1.10
2014.11.12 13:49:29.735,0.87089,0.87098,1.50,1.57
2014.11.12 13:49:30.693,0.87089,0.87098,2.96,1.50
2014.11.12 13:49:30.788,0.8709,0.87098,1.76,1.50
2014.11.12 13:49:31.097,0.87098,0.87102,1.00,1.00
2014.11.12 13:49:31.148,0.87096,0.87102,1.00,1.00
2014.11.12 13:49:31.249,0.87098,0.87102,1.00,1.00
2014.11.12 13:49:31.451,0.87096,0.87102,1.00,1.00
2014.11.12 13:49:31.956,0.87097,0.87102,1.00,1.00
2014.11.12 13:49:32.007,0.87096,0.871,1.25,1.00
2014.11.12 13:49:32.109,0.87097,0.87101,2.59,1.00
2014.11.12 13:49:32.160,0.871,0.87104,1.00,1.00
2014.11.12 13:49:32.261,0.871,0.87106,2.25,1.50
2014.11.12 13:49:32.564,0.87102,0.87106,1.00,1.50
2014.11.12 13:49:33.019,0.87102,0.8711,1.50,1.10
2014.11.12 13:49:33.222,0.87104,0.8711,1.00,1.00
2014.11.12 13:49:33.373,0.87104,0.87113,1.57,2.25
2014.11.12 13:49:33.475,0.87106,0.87113,1.00,1.00
2014.11.12 13:49:33.778,0.87107,0.87115,1.46,1.00
2014.11.12 13:49:34.233,0.87109,0.87117,1.00,1.00
2014.11.12 13:49:34.334,0.87112,0.87117,1.00,1.00
2014.11.12 13:49:34.436,0.8711,0.87116,1.00,1.00
2014.11.12 13:49:34.789,0.87109,0.87118,1.50,1.00
2014.11.12 13:49:35.092,0.87112,0.87117,1.00,1.00
2014.11.12 13:49:35.600,0.87111,0.87117,1.00,1.00
2014.11.12 13:49:36.422,0.8711,0.87115,1.00,1.00
2014.11.12 13:49:36.950,0.87108,0.87116,3.71,1.00
2014.11.12 13:49:37.255,0.87111,0.87117,1.00,1.00
2014.11.12 13:49:37.508,0.8711,0.87119,1.50,1.00
2014.11.12 13:49:38.020,0.8711,0.8712,1.87,1.01
2014.11.12 13:49:39.112,0.8711,0.8712,3.64,1.00
2014.11.12 13:49:39.643,0.8711,0.8712,2.06,1.00
2014.11.12 13:49:41.061,0.8711,0.8712,2.21,1.25
2014.11.12 13:49:41.572,0.8711,0.8712,2.21,1.19
2014.11.12 13:49:45.098,0.8711,0.8712,2.02,1.25
2014.11.12 13:49:46.778,0.87111,0.8712,1.00,1.25
2014.11.12 13:49:47.282,0.87111,0.8712,1.00,1.19
2014.11.12 13:49:50.079,0.87111,0.8712,1.00,1.00
2014.11.12 13:49:51.275,0.87112,0.8712,1.00,1.00
2014.11.12 13:49:51.780,0.87113,0.87119,1.00,1.00
2014.11.12 13:49:59.305,0.87111,0.87119,1.50,1.25
2014.11.12 13:49:59.507,0.8711,0.87115,1.50,1.00
2014.11.12 13:50:00.288,0.87108,0.87115,1.50,1.00
2014.11.12 13:50:01.355,0.87108,0.87115,1.09,1.00
2014.11.12 13:50:04.362,0.87107,0.87117,2.21,1.69
2014.11.12 13:50:05.337,0.87107,0.87117,2.89,1.25
2014.11.12 13:50:07.776,0.87107,0.87114,2.14,1.00
2014.11.12 13:50:13.235,0.87108,0.87113,1.00,1.00
2014.11.12 13:50:13.543,0.87106,0.87112,1.00,1.17
2014.11.12 13:50:13.848,0.87103,0.87112,1.50,2.59
2014.11.12 13:50:14.354,0.87103,0.8711,1.50,1.50
2014.11.12 13:50:16.673,0.87102,0.8711,1.50,2.59
2014.11.12 13:50:16.976,0.87101,0.87105,1.00,1.00
2014.11.12 13:50:17.481,0.871,0.87105,1.00,1.00
2014.11.12 13:50:19.225,0.87098,0.87106,1.00,1.00
2014.11.12 13:50:19.427,0.87098,0.87106,1.00,2.81
2014.11.12 13:50:19.680,0.87096,0.87105,1.50,2.14
2014.11.12 13:50:19.782,0.87094,0.87103,2.89,1.69
2014.11.12 13:50:20.329,0.87094,0.87102,1.10,1.00
2014.11.12 13:50:20.382,0.87093,0.87099,1.00,1.00
2014.11.12 13:50:20.888,0.87092,0.871,1.00,1.25
2014.11.12 13:50:21.242,0.8709,0.871,1.50,1.69
2014.11.12 13:50:21.948,0.87093,0.87101,1.00,1.27
2014.11.12 13:50:22.252,0.87095,0.87103,3.37,2.51
2014.11.12 13:50:22.555,0.87097,0.87104,1.09,1.00
2014.11.12 13:50:22.859,0.87099,0.87106,2.25,1.50
2014.11.12 13:50:23.363,0.871,0.87107,1.00,1.00
2014.11.12 13:50:24.171,0.871,0.87107,1.00,1.62
2014.11.12 13:50:24.475,0.87099,0.87103,1.00,1.00
2014.11.12 13:50:24.980,0.87099,0.87104,1.00,1.50
2014.11.12 13:50:25.283,0.87102,0.87107,1.00,1.00
2014.11.12 13:50:25.795,0.87101,0.87107,1.00,1.00
2014.11.12 13:50:28.745,0.871,0.87107,1.00,1.00
2014.11.12 13:50:29.694,0.871,0.87107,1.95,1.00
2014.11.12 13:50:30.207,0.87102,0.87108,1.00,1.00
2014.11.12 13:50:47.587,0.87102,0.87108,1.17,1.00
2014.11.12 13:50:47.841,0.87108,0.87115,1.10,1.12
2014.11.12 13:50:47.942,0.87108,0.87116,1.15,1.00
2014.11.12 13:50:48.548,0.87108,0.87116,3.15,1.00
2014.11.12 13:50:49.099,0.87108,0.87116,3.71,1.00
2014.11.12 13:50:50.231,0.87109,0.87116,2.02,1.00
2014.11.12 13:50:50.635,0.87112,0.87118,1.10,1.00
2014.11.12 13:50:52.427,0.8711,0.87118,1.57,1.00
2014.11.12 13:50:54.394,0.87111,0.87118,1.17,1.00
2014.11.12 13:51:03.971,0.87111,0.87118,1.27,1.00
2014.11.12 13:51:05.956,0.87112,0.87119,2.96,1.00
2014.11.12 13:51:06.057,0.87113,0.87122,1.46,1.00
2014.11.12 13:51:06.260,0.87116,0.87124,4.09,1.00
2014.11.12 13:51:06.513,0.87121,0.87127,1.10,1.00
2014.11.12 13:51:07.135,0.8712,0.87124,1.10,1.00
2014.11.12 13:51:07.641,0.8712,0.87125,2.02,1.00
2014.11.12 13:51:07.692,0.8712,0.87128,1.27,1.50
2014.11.12 13:51:07.894,0.8712,0.87126,1.27,1.00
2014.11.12 13:51:08.449,0.8712,0.87127,1.27,1.00
2014.11.12 13:51:09.885,0.87119,0.87125,1.52,1.00
2014.11.12 13:51:10.239,0.8712,0.87127,2.02,1.00
2014.11.12 13:51:11.528,0.87122,0.87127,1.07,1.00
2014.11.12 13:51:11.732,0.87124,0.87131,2.14,1.00
2014.11.12 13:51:11.834,0.87125,0.87132,1.34,1.50
2014.11.12 13:51:12.139,0.87127,0.87135,5.21,1.50
2014.11.12 13:51:12.644,0.87127,0.87135,7.39,1.50
2014.11.12 13:51:15.287,0.87128,0.87135,2.96,1.50
2014.11.12 13:51:16.480,0.87127,0.87135,2.21,1.50
2014.11.12 13:51:16.988,0.87126,0.87134,2.14,1.00
2014.11.12 13:51:17.397,0.87128,0.87134,1.37,1.00
2014.11.12 13:51:17.701,0.87128,0.87135,3.71,1.00
2014.11.12 13:51:26.963,0.87133,0.87139,1.00,1.25
2014.11.12 13:51:27.064,0.87133,0.87137,1.00,1.00
2014.11.12 13:51:31.467,0.87131,0.87137,1.00,1.00
2014.11.12 13:51:38.471,0.87131,0.87135,1.00,1.00
2014.11.12 13:51:48.947,0.87129,0.87135,1.57,1.00
2014.11.12 13:51:49.149,0.87126,0.87133,2.25,2.51
2014.11.12 13:51:49.503,0.87125,0.87129,1.50,1.00
2014.11.12 13:51:49.756,0.87123,0.87129,1.00,1.00
2014.11.12 13:51:56.392,0.87122,0.87128,1.00,1.00
2014.11.12 13:51:56.904,0.87122,0.87129,1.50,1.10
2014.11.12 13:51:57.953,0.87122,0.8713,1.50,2.25
2014.11.12 13:51:58.457,0.87123,0.8713,1.00,1.00
2014.11.12 13:51:59.949,0.87123,0.87131,1.50,1.00
2014.11.12 13:52:00.000,0.87124,0.87131,1.07,1.00
2014.11.12 13:52:00.505,0.87126,0.87132,1.10,1.00
2014.11.12 13:52:01.578,0.87125,0.87132,1.00,1.69
2014.11.12 13:52:04.997,0.87123,0.87132,1.50,1.69
2014.11.12 13:52:06.029,0.87123,0.87132,1.50,1.69
2014.11.12 13:52:07.516,0.87123,0.87132,1.50,1.19
2014.11.12 13:52:08.095,0.87123,0.87132,1.69,1.25
2014.11.12 13:52:08.347,0.87125,0.87133,1.00,1.00
2014.11.12 13:52:08.852,0.87126,0.87132,1.57,1.00
2014.11.12 13:52:10.558,0.87126,0.87132,3.94,1.00
2014.11.12 13:52:10.710,0.87127,0.87134,2.14,1.50
2014.11.12 13:52:11.215,0.87127,0.87133,1.00,1.00
2014.11.12 13:52:11.720,0.87126,0.87132,1.00,1.00
2014.11.12 13:52:12.225,0.87126,0.87133,1.10,1.00
2014.11.12 13:52:18.727,0.87126,0.87132,1.50,1.00
2014.11.12 13:52:19.442,0.87126,0.87132,1.00,1.39
2014.11.12 13:52:19.947,0.87125,0.87131,1.00,1.09
2014.11.12 13:52:21.456,0.87125,0.87131,1.00,1.01
2014.11.12 13:52:21.865,0.87124,0.87128,1.00,1.00
2014.11.12 13:52:22.118,0.87122,0.87131,1.50,3.56
2014.11.12 13:52:22.825,0.87122,0.87131,1.50,2.21
2014.11.12 13:52:23.348,0.87122,0.87131,1.50,2.21
2014.11.12 13:52:25.477,0.87122,0.87128,1.50,1.00
2014.11.12 13:52:25.981,0.87122,0.87127,1.50,1.00
2014.11.12 13:52:29.290,0.87124,0.87132,1.00,1.19
2014.11.12 13:52:29.794,0.87123,0.87127,1.50,1.00
2014.11.12 13:52:33.487,0.87124,0.87129,1.00,1.00
2014.11.12 13:52:33.791,0.87122,0.87127,1.50,1.00
2014.11.12 13:52:39.913,0.87122,0.8713,1.50,3.56
2014.11.12 13:52:40.216,0.87123,0.87132,1.00,1.65
2014.11.12 13:52:40.317,0.87125,0.87133,1.00,1.69
2014.11.12 13:52:40.823,0.87125,0.87133,1.00,1.84
2014.11.12 13:52:41.803,0.87125,0.87133,1.00,2.44
2014.11.12 13:52:44.937,0.87125,0.87133,1.00,1.57
2014.11.12 13:52:49.132,0.87124,0.87132,1.50,1.01
2014.11.12 13:52:49.647,0.87124,0.87132,1.00,1.09
2014.11.12 13:52:50.156,0.87123,0.8713,1.50,1.50
2014.11.12 13:52:54.901,0.87123,0.8713,1.65,1.50
2014.11.12 13:52:55.406,0.87125,0.8713,1.00,1.00
2014.11.12 13:52:56.001,0.87125,0.8713,1.65,1.00
2014.11.12 13:52:56.154,0.87127,0.87133,1.00,1.00
2014.11.12 13:52:56.659,0.87126,0.87132,1.00,1.00
2014.11.12 13:52:57.164,0.87125,0.87132,1.00,1.19
2014.11.12 13:52:58.934,0.87125,0.87132,1.00,1.25
2014.11.12 13:53:03.415,0.87125,0.87132,1.76,1.00
2014.11.12 13:53:03.618,0.87125,0.87132,1.84,1.00
2014.11.12 13:53:04.123,0.87126,0.87132,1.07,1.00
2014.11.12 13:53:04.628,0.87126,0.87132,1.00,1.00
2014.11.12 13:53:04.830,0.87128,0.87133,1.00,1.50
2014.11.12 13:53:05.134,0.8713,0.87135,1.00,1.00
2014.11.12 13:53:05.740,0.87128,0.87135,3.00,1.07
2014.11.12 13:53:05.942,0.87127,0.87132,1.00,1.00
2014.11.12 13:53:06.094,0.87125,0.87132,1.00,1.19
2014.11.12 13:53:06.392,0.87124,0.87129,1.00,1.00
2014.11.12 13:53:06.494,0.87122,0.87129,1.00,1.00
2014.11.12 13:53:08.816,0.87122,0.87128,1.00,1.00
2014.11.12 13:53:09.018,0.8712,0.87126,1.50,1.00
2014.11.12 13:53:09.371,0.8712,0.87125,1.00,1.07
2014.11.12 13:53:09.473,0.87119,0.87126,1.50,1.20
2014.11.12 13:53:12.448,0.87119,0.87127,1.07,1.00
2014.11.12 13:53:12.751,0.87123,0.87129,1.00,1.19
2014.11.12 13:53:13.003,0.87122,0.87131,1.25,1.57
2014.11.12 13:53:13.277,0.87126,0.8713,1.00,1.00
2014.11.12 13:53:13.802,0.87125,0.8713,1.00,1.00
2014.11.12 13:53:14.054,0.87122,0.87131,1.00,1.10
2014.11.12 13:53:15.861,0.87122,0.87131,1.25,1.07
2014.11.12 13:53:16.945,0.87122,0.87131,1.00,1.25
2014.11.12 13:53:21.604,0.87122,0.87129,1.00,1.00
2014.11.12 13:53:22.704,0.87123,0.87129,1.00,1.50
2014.11.12 13:53:31.641,0.87124,0.87129,1.00,1.00
2014.11.12 13:53:32.046,0.87126,0.8713,1.00,1.00
2014.11.12 13:53:32.249,0.87126,0.87132,1.00,1.00
2014.11.12 13:53:32.602,0.87127,0.87134,1.76,1.50
2014.11.12 13:53:33.259,0.87128,0.87134,1.50,1.50
2014.11.12 13:53:33.818,0.87127,0.87134,1.76,1.50
2014.11.12 13:53:39.810,0.87125,0.87134,3.34,1.50
2014.11.12 13:53:39.911,0.87125,0.87134,3.34,1.50
2014.11.12 13:53:40.681,0.87125,0.87134,1.69,1.50
2014.11.12 13:53:43.442,0.87125,0.87134,2.59,1.50
2014.11.12 13:53:44.020,0.87126,0.87135,2.06,1.00
2014.11.12 13:53:44.526,0.87126,0.87135,2.81,1.00
2014.11.12 13:53:46.448,0.87126,0.87135,1.69,1.00
2014.11.12 13:53:46.953,0.87125,0.87134,2.81,2.25
2014.11.12 13:53:47.527,0.87125,0.87134,2.81,2.25
2014.11.12 13:53:48.113,0.87125,0.87134,2.96,2.25
2014.11.12 13:53:51.574,0.87125,0.87134,2.59,2.25
2014.11.12 13:53:52.092,0.87125,0.87134,2.59,2.25
2014.11.12 13:53:52.344,0.87125,0.87134,2.59,2.25
2014.11.12 13:53:52.446,0.87125,0.87134,2.59,2.25
2014.11.12 13:53:52.961,0.87125,0.87134,2.40,2.25
2014.11.12 13:53:54.128,0.87125,0.87135,2.21,1.00
2014.11.12 13:53:55.118,0.87125,0.87133,1.84,1.00
2014.11.12 13:53:55.901,0.87125,0.87133,1.84,1.50
2014.11.12 13:54:02.066,0.87126,0.87135,1.46,1.50
2014.11.12 13:54:02.697,0.87125,0.87135,2.06,1.50
2014.11.12 13:54:03.353,0.87125,0.87135,2.14,1.50
2014.11.12 13:54:05.881,0.87125,0.87135,2.14,1.50
2014.11.12 13:54:07.620,0.87125,0.87135,1.95,2.51
2014.11.12 13:54:07.721,0.87125,0.87134,1.87,1.36
2014.11.12 13:54:08.025,0.87127,0.87132,1.00,1.19
2014.11.12 13:54:08.554,0.87127,0.87132,1.00,1.76
2014.11.12 13:54:11.768,0.87127,0.87133,1.00,1.19
2014.11.12 13:54:12.290,0.87127,0.87131,1.00,1.10
2014.11.12 13:54:12.341,0.87125,0.87131,1.50,2.59
2014.11.12 13:54:12.645,0.87123,0.87131,1.00,3.71
2014.11.12 13:54:13.180,0.87122,0.87131,1.00,2.89
2014.11.12 13:54:16.255,0.87122,0.8713,1.00,3.26
2014.11.12 13:54:17.226,0.87122,0.8713,1.00,1.57
2014.11.12 13:54:20.358,0.87122,0.87131,1.00,2.14
2014.11.12 13:54:22.652,0.87122,0.87131,1.00,2.14
2014.11.12 13:54:24.367,0.87122,0.87131,1.00,2.14
2014.11.12 13:54:27.371,0.87122,0.87131,1.00,1.39
2014.11.12 13:54:29.106,0.87122,0.87131,1.00,1.46
2014.11.12 13:54:30.317,0.87122,0.87128,1.00,1.00
2014.11.12 13:54:30.836,0.87122,0.87127,1.00,1.00
2014.11.12 13:54:31.044,0.87122,0.87129,1.00,2.06
2014.11.12 13:54:31.558,0.87122,0.87129,1.00,2.06
2014.11.12 13:54:33.266,0.87122,0.87129,1.00,1.50
2014.11.12 13:54:33.569,0.87124,0.8713,1.00,1.57
2014.11.12 13:54:33.872,0.87122,0.8713,1.00,3.82
2014.11.12 13:54:34.024,0.87124,0.8713,1.00,1.65
2014.11.12 13:54:34.075,0.87122,0.8713,1.50,1.65
2014.11.12 13:54:34.226,0.87122,0.8713,1.00,1.65
2014.11.12 13:54:37.133,0.87125,0.8713,1.00,1.20
2014.11.12 13:54:37.234,0.87125,0.87132,1.00,1.50
2014.11.12 13:54:37.336,0.87125,0.87135,1.50,1.31
2014.11.12 13:54:37.387,0.87127,0.87133,1.50,1.00
2014.11.12 13:54:37.539,0.87124,0.87131,1.00,1.31
2014.11.12 13:54:38.704,0.87125,0.87133,1.20,1.00
2014.11.12 13:54:38.755,0.87125,0.87135,1.20,1.57
2014.11.12 13:54:38.806,0.87128,0.87132,1.00,1.00
2014.11.12 13:54:38.958,0.87126,0.87131,1.00,1.31
2014.11.12 13:54:39.059,0.87124,0.8713,1.00,1.00
2014.11.12 13:54:39.564,0.87123,0.8713,1.00,1.87
2014.11.12 13:54:40.151,0.87123,0.87132,1.19,1.10
2014.11.12 13:54:40.201,0.87123,0.87133,3.64,1.50
2014.11.12 13:54:40.505,0.87125,0.8713,1.50,1.00
2014.11.12 13:54:40.606,0.87122,0.8713,1.00,1.19
2014.11.12 13:54:41.147,0.87122,0.8713,1.00,1.46
2014.11.12 13:54:41.689,0.87122,0.87127,1.00,1.00
2014.11.12 13:54:42.194,0.87122,0.87131,1.00,2.96
2014.11.12 13:54:42.713,0.87122,0.87131,1.00,2.96
2014.11.12 13:54:49.149,0.87122,0.8713,1.00,1.20
2014.11.12 13:54:50.171,0.87122,0.8713,1.00,1.39
2014.11.12 13:54:51.913,0.87122,0.87128,1.00,1.00
2014.11.12 13:54:53.837,0.87122,0.87127,1.00,1.56
2014.11.12 13:54:53.888,0.87118,0.87124,1.65,1.00
2014.11.12 13:54:54.293,0.87119,0.87127,1.65,1.00
2014.11.12 13:54:54.445,0.87121,0.87129,1.00,1.25
2014.11.12 13:54:54.648,0.87124,0.87129,1.00,1.00
2014.11.12 13:54:55.001,0.87126,0.87132,1.00,2.51
2014.11.12 13:54:55.506,0.87126,0.87132,1.00,1.00
2014.11.12 13:54:57.089,0.87125,0.87135,2.06,1.50
2014.11.12 13:54:57.141,0.87127,0.87135,2.06,1.50
2014.11.12 13:54:57.464,0.8713,0.87136,2.44,1.50
2014.11.12 13:54:58.172,0.87133,0.8714,1.00,1.69
2014.11.12 13:54:58.683,0.87133,0.87137,1.00,1.00
2014.11.12 13:54:59.557,0.87133,0.87137,2.44,1.00
2014.11.12 13:54:59.607,0.87135,0.87143,2.25,1.37
2014.11.12 13:54:59.658,0.87138,0.87143,1.00,1.00
2014.11.12 13:54:59.860,0.87141,0.87147,1.00,1.37
2014.11.12 13:54:59.911,0.87141,0.87147,1.00,1.37
2014.11.12 13:54:59.962,0.87144,0.87149,1.00,2.62
2014.11.12 13:55:00.164,0.87142,0.87147,1.25,1.00
2014.11.12 13:55:00.215,0.87144,0.87149,1.50,1.00
2014.11.12 13:55:00.286,0.87147,0.87152,1.00,1.00
2014.11.12 13:55:00.389,0.87147,0.87156,3.00,1.50
2014.11.12 13:55:00.592,0.87151,0.87156,1.00,1.00
2014.11.12 13:55:00.920,0.87153,0.87157,1.00,1.00
2014.11.12 13:55:01.122,0.8715,0.87157,1.50,1.69
2014.11.12 13:55:01.223,0.8715,0.87155,1.50,1.00
2014.11.12 13:55:01.274,0.87148,0.87154,1.00,1.00
2014.11.12 13:55:01.375,0.87146,0.87153,1.00,1.50
2014.11.12 13:55:01.882,0.87147,0.87153,1.25,1.00
2014.11.12 13:55:03.075,0.87147,0.87153,1.19,1.00
2014.11.12 13:55:03.328,0.8715,0.87154,1.00,1.00
2014.11.12 13:55:03.682,0.8715,0.87156,1.00,1.00
2014.11.12 13:55:05.010,0.8715,0.87154,1.50,1.00
2014.11.12 13:55:05.869,0.87148,0.87152,1.50,1.00
2014.11.12 13:55:06.374,0.87147,0.87152,1.00,1.50
2014.11.12 13:55:07.545,0.87146,0.87152,1.00,1.50
2014.11.12 13:55:10.896,0.87146,0.8715,1.00,1.00
2014.11.12 13:55:11.048,0.87143,0.8715,1.00,1.00
2014.11.12 13:55:11.150,0.87142,0.87147,1.00,1.50
2014.11.12 13:55:11.201,0.8714,0.87147,1.12,1.50
2014.11.12 13:55:11.715,0.87139,0.87146,1.50,1.50
2014.11.12 13:55:12.238,0.87139,0.87147,1.50,2.25
2014.11.12 13:55:12.692,0.87141,0.87147,1.00,1.50
2014.11.12 13:55:16.459,0.87141,0.8715,1.00,1.00
2014.11.12 13:55:16.560,0.87144,0.8715,1.50,1.50
2014.11.12 13:55:17.065,0.87145,0.8715,1.00,1.00
2014.11.12 13:55:20.055,0.87144,0.87151,1.50,1.00
2014.11.12 13:55:20.358,0.87146,0.87152,1.00,1.00
2014.11.12 13:55:20.863,0.87147,0.87153,1.00,1.00
2014.11.12 13:55:21.317,0.87147,0.87153,1.62,1.00
2014.11.12 13:55:21.418,0.8715,0.87156,2.06,1.00
2014.11.12 13:55:21.520,0.87153,0.8716,1.00,1.00
2014.11.12 13:55:21.722,0.87153,0.87163,2.06,1.50
2014.11.12 13:55:21.823,0.87153,0.87163,1.31,1.50
2014.11.12 13:55:22.252,0.87153,0.87165,1.87,1.50
2014.11.12 13:55:22.354,0.87156,0.87165,1.00,1.00
2014.11.12 13:55:22.657,0.8716,0.87166,1.50,1.50
2014.11.12 13:55:22.708,0.8716,0.87168,1.00,1.69
2014.11.12 13:55:23.214,0.87161,0.87168,1.00,1.25
2014.11.12 13:55:23.720,0.8716,0.87168,1.00,1.25
2014.11.12 13:55:24.228,0.8716,0.87171,1.31,1.25
2014.11.12 13:55:24.379,0.87163,0.8717,1.00,1.00
2014.11.12 13:55:25.035,0.87164,0.87173,1.50,2.44
2014.11.12 13:55:25.957,0.87164,0.87173,1.50,2.44
2014.11.12 13:55:26.462,0.87163,0.87171,1.00,1.69
2014.11.12 13:55:26.967,0.87163,0.87171,1.00,1.31
2014.11.12 13:55:27.270,0.87161,0.87167,1.00,1.19
2014.11.12 13:55:27.371,0.87159,0.87167,1.50,1.69
2014.11.12 13:55:27.675,0.87161,0.87168,1.00,2.44
2014.11.12 13:55:28.482,0.87161,0.87168,1.00,1.69
2014.11.12 13:55:28.685,0.87158,0.87168,1.50,2.44
2014.11.12 13:55:28.841,0.87159,0.87165,1.00,1.00
2014.11.12 13:55:28.994,0.87158,0.87167,1.00,1.00
2014.11.12 13:55:29.197,0.87162,0.87167,1.00,1.00
2014.11.12 13:55:30.005,0.87162,0.87169,1.00,1.00
2014.11.12 13:55:30.311,0.87161,0.87172,1.50,2.96
2014.11.12 13:55:30.816,0.87161,0.87172,1.50,2.96
2014.11.12 13:55:30.967,0.87163,0.87172,1.00,3.71
2014.11.12 13:55:31.473,0.87162,0.87172,1.50,3.71
2014.11.12 13:55:31.777,0.87159,0.87168,1.50,2.59
2014.11.12 13:55:32.080,0.8716,0.87164,1.00,1.00
2014.11.12 13:55:32.332,0.87157,0.87165,1.00,1.84
2014.11.12 13:55:32.534,0.87157,0.87162,1.00,1.76
2014.11.12 13:55:32.686,0.87157,0.87164,1.00,1.00
2014.11.12 13:55:32.737,0.87155,0.87164,1.50,1.00
2014.11.12 13:55:32.838,0.87155,0.87163,1.50,1.17
2014.11.12 13:55:33.040,0.87156,0.87165,1.00,1.40
2014.11.12 13:55:33.090,0.87158,0.87164,1.00,1.20
2014.11.12 13:55:33.759,0.87158,0.87164,1.50,1.32
2014.11.12 13:55:33.860,0.87156,0.87165,1.50,2.59
2014.11.12 13:55:34.632,0.87156,0.87165,1.50,2.59
2014.11.12 13:55:35.063,0.87156,0.87165,1.87,1.50
2014.11.12 13:55:35.164,0.87158,0.87165,1.50,1.50
2014.11.12 13:55:35.491,0.87158,0.87165,1.50,2.44
2014.11.12 13:55:35.643,0.87156,0.87165,1.00,1.84
2014.11.12 13:55:36.468,0.87157,0.87164,1.00,1.17
2014.11.12 13:55:36.721,0.87157,0.87166,1.69,1.84
2014.11.12 13:55:36.923,0.87161,0.87165,1.00,1.00
2014.11.12 13:55:37.075,0.8716,0.87169,1.00,1.26
2014.11.12 13:55:37.227,0.8716,0.87167,1.50,1.32
2014.11.12 13:55:37.380,0.87158,0.87167,1.00,1.09
2014.11.12 13:55:37.884,0.87158,0.87167,1.10,1.69
2014.11.12 13:55:38.036,0.87157,0.87164,1.00,1.00
2014.11.12 13:55:38.338,0.87157,0.87163,1.00,1.17
2014.11.12 13:55:38.692,0.87156,0.8716,1.00,1.00
2014.11.12 13:55:39.201,0.87155,0.8716,1.00,1.10
2014.11.12 13:55:39.504,0.87153,0.87157,1.00,1.00
2014.11.12 13:55:39.806,0.8715,0.87158,1.19,1.00
2014.11.12 13:55:40.346,0.8715,0.87158,1.00,1.00
2014.11.12 13:55:42.504,0.87153,0.87158,1.00,1.00
2014.11.12 13:55:43.008,0.87154,0.87159,1.00,1.00
2014.11.12 13:55:57.356,0.87154,0.87159,1.00,1.69
2014.11.12 13:55:57.508,0.8715,0.87159,1.00,2.51
2014.11.12 13:55:57.609,0.8715,0.87157,1.00,1.69
2014.11.12 13:55:57.962,0.87147,0.87157,1.76,1.69
2014.11.12 13:55:58.114,0.87147,0.87157,1.50,1.45
2014.11.12 13:55:58.266,0.87144,0.87151,1.00,1.25
2014.11.12 13:55:58.518,0.87142,0.8715,1.00,1.00
2014.11.12 13:55:58.823,0.87145,0.87151,1.00,1.76
2014.11.12 13:55:59.378,0.87146,0.87151,1.00,1.69
2014.11.12 13:56:04.540,0.87145,0.87152,1.00,1.00
2014.11.12 13:56:04.894,0.87145,0.87152,1.00,1.17
2014.11.12 13:56:05.197,0.87143,0.87151,1.00,1.20
2014.11.12 13:56:05.550,0.87143,0.87148,1.00,1.00
2014.11.12 13:56:05.929,0.87141,0.87148,1.00,1.84
2014.11.12 13:56:05.979,0.8714,0.87147,1.00,1.32
2014.11.12 13:56:06.232,0.8714,0.87149,1.00,1.74
2014.11.12 13:56:06.939,0.8714,0.87149,1.00,1.26
2014.11.12 13:56:07.913,0.8714,0.87149,1.00,1.26
2014.11.12 13:56:08.065,0.87142,0.87149,1.00,1.26
2014.11.12 13:56:08.624,0.87142,0.8715,1.50,1.31
2014.11.12 13:56:11.294,0.87142,0.87152,1.50,2.14
2014.11.12 13:56:11.345,0.87145,0.87152,1.00,1.69
2014.11.12 13:56:11.649,0.87145,0.87153,1.50,1.50
2014.11.12 13:56:17.838,0.87145,0.87153,1.84,1.50
2014.11.12 13:56:18.353,0.87145,0.87153,1.76,1.50
2014.11.12 13:56:18.867,0.87145,0.87153,1.50,1.69
2014.11.12 13:56:19.845,0.87145,0.87153,1.50,1.76
2014.11.12 13:56:20.097,0.87146,0.87153,1.00,1.10
2014.11.12 13:56:20.501,0.87149,0.87153,1.00,1.00
2014.11.12 13:56:21.259,0.87147,0.87154,1.07,1.76
2014.11.12 13:56:21.563,0.87147,0.87154,1.15,1.00
2014.11.12 13:56:22.482,0.87147,0.87154,1.15,1.00
2014.11.12 13:56:22.987,0.8715,0.87154,1.00,1.00
2014.11.12 13:56:23.239,0.87146,0.87153,1.00,1.07
2014.11.12 13:56:23.744,0.87145,0.87153,1.00,1.50
2014.11.12 13:56:24.248,0.87145,0.87153,1.00,2.44
2014.11.12 13:56:25.020,0.87146,0.87153,1.00,1.69
2014.11.12 13:56:25.072,0.87147,0.87153,1.65,1.00
2014.11.12 13:56:25.173,0.87147,0.87155,2.59,1.50
2014.11.12 13:56:25.426,0.87149,0.87158,1.20,1.00
2014.11.12 13:56:26.305,0.87151,0.87158,1.50,1.50
2014.11.12 13:56:30.100,0.87151,0.87157,1.50,1.00
2014.11.12 13:56:30.302,0.87149,0.87157,1.65,1.00
2014.11.12 13:56:30.872,0.87149,0.87158,1.65,1.50
2014.11.12 13:56:30.973,0.87149,0.87158,1.65,1.50
2014.11.12 13:56:31.076,0.87149,0.87158,1.65,1.50
2014.11.12 13:56:31.482,0.87153,0.87158,1.00,1.00
2014.11.12 13:56:35.015,0.8715,0.87159,1.46,1.00
2014.11.12 13:56:35.671,0.8715,0.87159,1.10,1.37
2014.11.12 13:56:36.125,0.87148,0.87156,1.50,1.00
2014.11.12 13:56:36.478,0.87148,0.87156,1.65,1.00
2014.11.12 13:56:37.198,0.87148,0.87156,1.95,1.00
2014.11.12 13:56:37.710,0.87148,0.87156,2.21,1.00
2014.11.12 13:56:38.165,0.87149,0.87158,1.29,1.00
2014.11.12 13:56:38.669,0.87151,0.87157,1.00,1.00
2014.11.12 13:56:44.185,0.87151,0.87156,1.00,1.00
2014.11.12 13:56:44.693,0.87151,0.87157,1.00,1.00
2014.11.12 13:56:44.975,0.8715,0.87155,1.50,1.00
2014.11.12 13:56:51.712,0.87152,0.87157,1.00,1.50
2014.11.12 13:56:52.217,0.87151,0.87158,1.00,2.06
2014.11.12 13:56:53.025,0.87151,0.87158,1.00,1.39
2014.11.12 13:56:58.627,0.87151,0.87157,1.00,1.00
2014.11.12 13:56:59.146,0.8715,0.87154,1.00,1.00
2014.11.12 13:56:59.349,0.87148,0.87153,1.50,1.00
2014.11.12 13:56:59.703,0.87146,0.87151,1.00,1.00
2014.11.12 13:57:00.007,0.87142,0.87151,1.39,1.00
2014.11.12 13:57:00.513,0.87142,0.8715,1.00,2.25
2014.11.12 13:57:01.039,0.87142,0.87148,1.00,1.00
2014.11.12 13:57:01.695,0.87144,0.87148,1.00,1.00
2014.11.12 13:57:01.796,0.87142,0.87149,1.00,1.69
2014.11.12 13:57:02.807,0.87142,0.87151,1.87,1.57
2014.11.12 13:57:03.311,0.87142,0.87152,2.14,1.10
2014.11.12 13:57:03.413,0.87145,0.87152,1.00,1.57
2014.11.12 13:57:03.926,0.87146,0.87152,1.00,1.10
2014.11.12 13:57:04.742,0.87146,0.87152,1.00,2.32
2014.11.12 13:57:04.996,0.87142,0.8715,1.00,1.50
2014.11.12 13:57:05.501,0.87142,0.87149,1.00,1.25
2014.11.12 13:57:24.469,0.87142,0.8715,1.01,1.50
2014.11.12 13:57:24.973,0.87143,0.87151,1.10,1.00
2014.11.12 13:57:25.226,0.87145,0.87152,1.50,2.25
2014.11.12 13:57:25.680,0.87146,0.87155,3.34,2.25
2014.11.12 13:57:25.983,0.8715,0.87155,1.50,1.00
2014.11.12 13:57:42.490,0.8715,0.87156,1.50,1.00
2014.11.12 13:57:43.046,0.87149,0.87156,1.00,1.00
2014.11.12 13:57:43.551,0.87149,0.87157,1.00,1.50
2014.11.12 13:57:44.031,0.87151,0.87156,1.00,1.00
2014.11.12 13:57:55.837,0.87151,0.87156,1.69,1.00
2014.11.12 13:57:55.939,0.87151,0.87161,1.84,1.00
2014.11.12 13:57:56.040,0.87155,0.87161,1.00,1.00
2014.11.12 13:57:56.546,0.87155,0.87162,1.50,2.14
2014.11.12 13:57:56.851,0.87153,0.87157,1.00,1.00
2014.11.12 13:57:57.104,0.87151,0.87158,1.00,1.57
2014.11.12 13:57:57.357,0.87149,0.87158,1.00,1.76
2014.11.12 13:57:58.666,0.87149,0.87156,1.00,1.00
2014.11.12 13:57:58.868,0.87149,0.87158,1.00,1.76
2014.11.12 13:58:01.670,0.87149,0.87158,1.17,1.69
2014.11.12 13:58:02.175,0.87149,0.87158,1.10,1.69
2014.11.12 13:58:03.225,0.87149,0.87158,1.10,2.44
2014.11.12 13:58:05.084,0.87149,0.87157,1.07,1.25
2014.11.12 13:58:05.186,0.8715,0.87155,1.10,1.00
2014.11.12 13:58:06.793,0.8715,0.87155,1.07,1.00
2014.11.12 13:58:07.298,0.8715,0.87156,1.00,1.00
2014.11.12 13:58:20.415,0.87151,0.87156,1.00,1.00
2014.11.12 13:58:20.465,0.87151,0.87158,1.50,2.25
2014.11.12 13:58:22.109,0.87151,0.87157,1.50,1.19
2014.11.12 13:58:22.615,0.8715,0.87156,1.00,1.25
2014.11.12 13:58:22.918,0.8715,0.87154,1.00,1.00
2014.11.12 13:58:23.466,0.8715,0.87155,1.00,1.00
2014.11.12 13:58:24.778,0.87149,0.87158,1.00,1.69
2014.11.12 13:58:24.829,0.87151,0.87157,1.00,1.00
2014.11.12 13:58:25.355,0.8715,0.87157,1.00,1.25
2014.11.12 13:58:27.241,0.8715,0.87155,1.00,1.00
2014.11.12 13:58:27.762,0.8715,0.87154,1.10,1.00
2014.11.12 13:58:27.964,0.87149,0.87158,1.07,1.69
2014.11.12 13:58:36.298,0.87151,0.87157,1.00,1.00
2014.11.12 13:58:36.349,0.87152,0.8716,1.00,1.57
2014.11.12 13:58:36.450,0.87152,0.8716,2.89,1.00
2014.11.12 13:58:36.652,0.87154,0.87163,1.95,1.00
2014.11.12 13:58:36.754,0.87157,0.87161,1.00,1.00
2014.11.12 13:58:37.258,0.87156,0.87161,1.00,1.00
2014.11.12 13:58:37.511,0.87155,0.87164,1.65,1.69
2014.11.12 13:58:37.764,0.87157,0.87164,1.00,1.25
2014.11.12 13:58:38.744,0.87156,0.87164,1.00,1.25
2014.11.12 13:58:40.486,0.87159,0.87164,1.00,1.00
2014.11.12 13:58:42.172,0.87159,0.87164,1.00,2.51
2014.11.12 13:58:42.273,0.87156,0.87162,1.00,1.00
2014.11.12 13:58:42.792,0.87156,0.87164,1.50,2.06
2014.11.12 13:58:43.301,0.87156,0.87164,1.50,1.00
2014.11.12 13:58:43.864,0.87156,0.87162,1.50,1.00
2014.11.12 13:58:44.369,0.87156,0.87163,1.50,2.51
2014.11.12 13:58:45.516,0.87156,0.87161,1.50,1.00
2014.11.12 13:58:45.718,0.87156,0.87163,1.50,2.51
2014.11.12 13:58:46.938,0.87156,0.87162,1.50,1.00
2014.11.12 13:58:47.442,0.87156,0.87163,1.50,2.51
2014.11.12 13:58:53.682,0.87157,0.87165,1.00,1.25
2014.11.12 13:58:53.986,0.87157,0.87163,1.00,1.00
2014.11.12 13:58:54.138,0.87154,0.87162,1.50,1.46
2014.11.12 13:58:54.656,0.87153,0.87161,1.00,1.39
2014.11.12 13:58:55.325,0.87153,0.87162,1.00,1.69
2014.11.12 13:58:57.498,0.87153,0.87162,1.00,2.21
2014.11.12 13:58:59.506,0.87153,0.87162,1.00,2.44
2014.11.12 13:58:59.861,0.87155,0.87162,1.00,1.76
2014.11.12 13:59:00.395,0.87154,0.87161,1.50,1.69
2014.11.12 13:59:00.908,0.87154,0.87161,1.50,2.44
2014.11.12 13:59:01.413,0.87153,0.87161,1.00,1.69
2014.11.12 13:59:02.022,0.87153,0.87161,1.12,1.00
2014.11.12 13:59:02.623,0.87153,0.87163,1.00,2.81
2014.11.12 13:59:02.926,0.87153,0.87162,1.00,1.39
2014.11.12 13:59:03.938,0.87153,0.87162,1.00,1.29
2014.11.12 13:59:04.960,0.87153,0.87162,1.00,1.29
2014.11.12 13:59:05.363,0.87155,0.87162,1.00,1.19
2014.11.12 13:59:05.969,0.87155,0.87163,1.00,2.89
2014.11.12 13:59:06.952,0.87155,0.87163,1.00,2.96
2014.11.12 13:59:07.588,0.87153,0.87163,1.87,3.19
2014.11.12 13:59:07.892,0.87153,0.87159,1.00,1.00
2014.11.12 13:59:10.728,0.87154,0.87159,1.10,1.00
2014.11.12 13:59:10.779,0.87155,0.87161,1.00,1.00
2014.11.12 13:59:11.286,0.87154,0.87161,1.00,1.00
2014.11.12 13:59:11.539,0.87152,0.8716,1.00,1.69
2014.11.12 13:59:15.342,0.87152,0.8716,1.00,1.69
2014.11.12 13:59:17.335,0.87152,0.87161,1.00,1.10
2014.11.12 13:59:17.537,0.87152,0.87161,1.00,1.84
2014.11.12 13:59:18.060,0.87152,0.87158,1.00,1.00
2014.11.12 13:59:18.877,0.87152,0.8716,1.00,1.31
2014.11.12 13:59:19.382,0.87153,0.8716,1.00,1.25
2014.11.12 13:59:19.920,0.87152,0.8716,1.50,2.44
2014.11.12 13:59:21.932,0.87152,0.87159,1.50,1.00
2014.11.12 13:59:22.538,0.87153,0.8716,1.00,2.21
2014.11.12 13:59:23.063,0.87153,0.8716,1.00,1.57
2014.11.12 13:59:23.744,0.87153,0.87162,1.10,3.64
2014.11.12 13:59:24.249,0.87153,0.87162,1.10,2.81
2014.11.12 13:59:24.351,0.87153,0.87161,3.52,1.00
2014.11.12 13:59:24.453,0.87153,0.87162,2.77,1.25
2014.11.12 13:59:24.554,0.87155,0.87164,1.40,1.50
2014.11.12 13:59:24.857,0.87161,0.87167,2.40,1.00
2014.11.12 13:59:25.059,0.87162,0.8717,1.65,3.19
2014.11.12 13:59:25.564,0.87163,0.8717,1.65,2.25
2014.11.12 13:59:26.588,0.87161,0.8717,2.02,2.25
2014.11.12 13:59:27.093,0.87162,0.8717,1.65,2.25
2014.11.12 13:59:28.580,0.8716,0.8717,3.34,2.25
2014.11.12 13:59:28.689,0.8716,0.8717,3.34,2.25
2014.11.12 13:59:30.699,0.8716,0.8717,3.26,2.25
2014.11.12 13:59:31.002,0.8716,0.87167,1.57,1.00
2014.11.12 13:59:31.507,0.8716,0.87166,1.57,1.50
2014.11.12 13:59:32.909,0.8716,0.87166,1.50,1.50
2014.11.12 13:59:33.112,0.87157,0.87165,1.50,2.21
2014.11.12 13:59:33.162,0.87157,0.87163,1.00,1.19
2014.11.12 13:59:33.213,0.87154,0.87162,1.00,1.25
2014.11.12 13:59:33.315,0.87154,0.8716,1.00,1.00
2014.11.12 13:59:33.820,0.87156,0.8716,1.00,1.00
2014.11.12 13:59:33.871,0.87157,0.87162,1.00,2.25
2014.11.12 13:59:33.922,0.87157,0.87162,1.00,1.57
2014.11.12 13:59:34.074,0.87154,0.87159,1.00,1.50
2014.11.12 13:59:34.125,0.87152,0.87157,1.00,1.00
2014.11.12 13:59:34.428,0.87152,0.87157,1.00,1.00
2014.11.12 13:59:35.263,0.87151,0.87155,1.50,1.00
2014.11.12 13:59:35.566,0.87149,0.87154,1.19,1.00
2014.11.12 13:59:35.617,0.87146,0.87154,1.00,1.69
2014.11.12 13:59:35.719,0.87146,0.87151,1.87,1.00
2014.11.12 13:59:36.186,0.87145,0.87154,1.17,1.25
2014.11.12 13:59:36.720,0.87148,0.87154,1.00,1.25
2014.11.12 13:59:37.231,0.87148,0.87153,1.00,1.00
2014.11.12 13:59:37.332,0.87147,0.87151,1.50,1.00
2014.11.12 13:59:37.636,0.87144,0.87148,1.00,1.00
2014.11.12 13:59:37.889,0.87137,0.87146,1.77,1.00
2014.11.12 13:59:37.990,0.8714,0.87146,1.25,1.00
2014.11.12 13:59:40.291,0.8714,0.87147,1.00,1.00
2014.11.12 13:59:40.494,0.87143,0.87148,1.50,1.00
2014.11.12 13:59:41.067,0.87145,0.87149,1.00,1.00
2014.11.12 13:59:41.371,0.87144,0.87149,1.00,1.17
2014.11.12 13:59:41.735,0.87144,0.87148,1.00,1.10
2014.11.12 13:59:43.220,0.87144,0.87149,1.00,1.00
2014.11.12 13:59:44.686,0.87146,0.87152,1.00,2.81
2014.11.12 13:59:44.939,0.87146,0.87151,1.00,1.50
2014.11.12 13:59:46.818,0.87146,0.8715,1.00,1.00
2014.11.12 13:59:46.919,0.87146,0.87152,1.00,1.00
2014.11.12 13:59:47.020,0.87146,0.8715,1.00,1.00
2014.11.12 13:59:48.544,0.87146,0.87152,1.00,1.10
2014.11.12 13:59:49.304,0.87146,0.8715,1.00,1.00
2014.11.12 13:59:49.607,0.87144,0.87148,1.00,1.00
2014.11.12 13:59:50.134,0.87145,0.87149,1.00,1.00
2014.11.12 13:59:50.841,0.87142,0.87146,1.00,1.00
2014.11.12 13:59:50.993,0.87143,0.87148,1.00,1.07
2014.11.12 13:59:51.500,0.87143,0.87148,1.00,1.15
2014.11.12 13:59:53.722,0.87143,0.87148,1.00,1.57
2014.11.12 13:59:53.823,0.87145,0.87149,1.00,1.00
2014.11.12 13:59:58.447,0.87144,0.87148,1.00,1.00
2014.11.12 13:59:58.952,0.87144,0.87148,1.00,1.50
2014.11.12 13:59:59.457,0.87143,0.87147,1.00,1.00
