2010.02.08 05:00:01.161,0.86614,0.86629,1.60,1.10
2010.02.08 05:00:01.712,0.86611,0.86629,1.60,1.60
2010.02.08 05:00:02.637,0.86616,0.86632,1.10,2.00
2010.02.08 05:00:06.454,0.86614,0.86629,0.81,0.74
2010.02.08 05:00:06.729,0.86611,0.86629,1.50,0.75
2010.02.08 05:00:15.448,0.8661,0.86624,1.20,0.79
2010.02.08 05:00:15.853,0.86606,0.86624,0.92,1.50
2010.02.08 05:00:28.301,0.86605,0.86619,1.50,1.00
2010.02.08 05:00:28.625,0.86603,0.86619,0.65,0.91
2010.02.08 05:00:28.896,0.86601,0.86619,0.97,1.60
2010.02.08 05:00:30.506,0.86606,0.8662,0.53,1.10
2010.02.08 05:00:54.386,0.86596,0.86614,1.00,0.95
2010.02.08 05:00:55.180,0.86598,0.86614,1.20,0.76
2010.02.08 05:00:55.408,0.86601,0.86619,1.00,0.71
2010.02.08 05:00:55.675,0.86598,0.86614,1.30,1.10
2010.02.08 05:00:55.795,0.86596,0.86614,0.84,1.00
2010.02.08 05:00:58.274,0.86591,0.86609,2.10,1.40
2010.02.08 05:00:58.926,0.86583,0.86599,1.30,2.80
2010.02.08 05:00:59.934,0.86586,0.86604,1.40,0.93
2010.02.08 05:01:05.166,0.86589,0.86604,0.82,1.50
2010.02.08 05:01:05.825,0.86591,0.86609,1.60,0.94
2010.02.08 05:01:06.783,0.86596,0.86611,0.75,1.10
2010.02.08 05:01:28.117,0.86601,0.86615,1.30,0.93
2010.02.08 05:01:28.536,0.86606,0.86623,0.82,0.83
2010.02.08 05:01:33.154,0.86601,0.86619,1.10,1.90
2010.02.08 05:01:34.699,0.86596,0.86614,1.30,1.80
2010.02.08 05:01:56.930,0.86601,0.86617,1.10,2.30
2010.02.08 05:02:02.290,0.86598,0.86614,1.10,2.70
2010.02.08 05:02:02.535,0.86597,0.86614,0.67,1.70
2010.02.08 05:02:02.838,0.86601,0.86617,0.85,0.82
2010.02.08 05:02:18.352,0.86596,0.86614,1.00,1.10
2010.02.08 05:02:56.208,0.86598,0.86614,1.10,0.94
2010.02.08 05:02:56.726,0.86601,0.86619,1.30,1.10
2010.02.08 05:03:10.174,0.86606,0.8662,1.10,2.00
2010.02.08 05:03:11.528,0.86611,0.86626,1.20,1.30
2010.02.08 05:03:12.399,0.86612,0.86629,1.10,0.59
2010.02.08 05:03:12.860,0.86616,0.8663,1.50,1.10
2010.02.08 05:03:19.320,0.86621,0.86634,1.40,0.68
2010.02.08 05:03:25.360,0.86626,0.8664,0.70,1.10
2010.02.08 05:03:26.206,0.86631,0.86646,2.00,1.30
2010.02.08 05:03:31.861,0.86632,0.86649,1.10,1.30
2010.02.08 05:03:34.146,0.86631,0.86649,0.87,1.20
2010.02.08 05:03:37.220,0.86634,0.86649,0.97,0.94
2010.02.08 05:03:37.345,0.86636,0.86654,1.90,1.70
2010.02.08 05:03:37.694,0.86634,0.86649,1.60,1.30
2010.02.08 05:03:37.812,0.86631,0.86649,1.30,1.10
2010.02.08 05:03:38.003,0.8663,0.86644,1.00,0.88
2010.02.08 05:03:38.394,0.86626,0.86644,1.60,3.20
2010.02.08 05:03:38.651,0.86629,0.86644,1.70,0.85
2010.02.08 05:03:38.859,0.86631,0.86647,2.00,0.97
2010.02.08 05:03:39.068,0.86626,0.86644,1.00,1.60
2010.02.08 05:03:42.825,0.86631,0.86646,0.70,1.90
2010.02.08 05:03:43.161,0.86636,0.86648,1.50,0.92
2010.02.08 05:03:43.347,0.86632,0.86644,1.00,1.40
2010.02.08 05:03:43.508,0.86628,0.86644,0.93,1.50
2010.02.08 05:03:43.623,0.86626,0.86644,1.50,1.20
2010.02.08 05:03:43.968,0.86631,0.86646,1.00,1.70
2010.02.08 05:03:44.768,0.86626,0.86644,0.74,1.10
2010.02.08 05:03:54.380,0.86624,0.86639,2.20,0.68
2010.02.08 05:03:54.824,0.86621,0.86639,1.30,1.80
2010.02.08 05:04:12.047,0.86616,0.86634,1.10,0.70
2010.02.08 05:04:23.175,0.86608,0.86624,0.80,1.20
2010.02.08 05:04:23.763,0.86606,0.86624,1.80,1.20
2010.02.08 05:04:27.409,0.86611,0.86628,1.20,1.40
2010.02.08 05:06:23.359,0.86614,0.86629,1.00,0.78
2010.02.08 05:06:23.874,0.86616,0.86633,1.20,1.30
2010.02.08 05:06:26.165,0.86611,0.86629,0.86,0.75
2010.02.08 05:06:26.584,0.8661,0.86624,0.88,0.86
2010.02.08 05:06:26.682,0.86606,0.86624,3.20,2.00
2010.02.08 05:06:44.169,0.86597,0.86614,0.83,1.30
2010.02.08 05:06:44.495,0.86596,0.86614,1.70,1.30
2010.02.08 05:06:44.564,0.86592,0.86609,1.80,1.30
2010.02.08 05:06:44.959,0.86591,0.86608,1.40,1.00
2010.02.08 05:06:56.160,0.86596,0.86611,1.20,1.30
2010.02.08 05:07:25.114,0.86589,0.86604,2.20,1.10
2010.02.08 05:07:25.344,0.86586,0.86603,2.00,0.80
2010.02.08 05:07:25.670,0.86591,0.86603,1.10,0.81
2010.02.08 05:07:26.600,0.86586,0.86603,1.10,2.40
2010.02.08 05:09:00.023,0.86583,0.86596,0.81,1.10
2010.02.08 05:09:00.630,0.86581,0.86596,0.97,1.00
2010.02.08 05:09:00.861,0.86576,0.86594,1.40,2.30
2010.02.08 05:09:01.382,0.86571,0.86589,0.87,1.30
2010.02.08 05:09:17.345,0.86574,0.86589,0.69,1.00
2010.02.08 05:09:17.950,0.86576,0.86594,1.20,1.30
2010.02.08 05:09:18.145,0.86574,0.86589,0.75,2.40
2010.02.08 05:09:18.736,0.86571,0.86589,0.76,1.60
2010.02.08 05:09:21.988,0.86566,0.86584,1.20,1.00
2010.02.08 05:09:25.625,0.86571,0.86586,0.96,0.71
2010.02.08 05:10:09.332,0.86574,0.86589,0.91,1.90
2010.02.08 05:10:09.756,0.86576,0.86591,1.40,1.30
2010.02.08 05:10:17.121,0.86581,0.86596,1.60,1.50
2010.02.08 05:11:39.366,0.86571,0.86589,1.60,2.30
2010.02.08 05:11:40.000,0.86566,0.86582,1.90,0.67
2010.02.08 05:11:40.495,0.86558,0.86574,1.00,0.53
2010.02.08 05:11:40.840,0.86556,0.86574,1.40,0.61
2010.02.08 05:11:42.428,0.86547,0.86564,0.62,1.50
2010.02.08 05:11:42.838,0.86546,0.86564,1.50,0.82
2010.02.08 05:11:44.177,0.86547,0.86564,0.97,1.00
2010.02.08 05:11:48.332,0.86549,0.86564,0.74,1.00
2010.02.08 05:11:48.973,0.86551,0.86569,1.20,0.60
2010.02.08 05:11:49.243,0.86552,0.86569,1.40,0.72
2010.02.08 05:11:49.510,0.86556,0.86574,1.30,0.83
2010.02.08 05:11:53.370,0.86561,0.86575,2.10,1.40
2010.02.08 05:11:53.884,0.86566,0.8658,3.70,1.80
2010.02.08 05:12:01.074,0.86558,0.86574,1.30,1.40
2010.02.08 05:12:01.185,0.86567,0.86574,0.93,1.10
2010.02.08 05:12:01.337,0.86571,0.86576,1.30,0.73
2010.02.08 05:12:01.507,0.86567,0.86584,0.65,1.00
2010.02.08 05:12:01.752,0.86566,0.86584,1.80,1.40
2010.02.08 05:12:01.861,0.86569,0.86584,1.10,1.60
2010.02.08 05:12:02.144,0.86566,0.86584,2.40,0.79
2010.02.08 05:12:02.488,0.86567,0.86584,1.20,1.20
2010.02.08 05:12:02.791,0.86571,0.86588,0.66,1.00
2010.02.08 05:12:04.406,0.86559,0.86574,0.84,0.97
2010.02.08 05:12:04.976,0.86556,0.86574,2.30,1.90
2010.02.08 05:12:05.431,0.86561,0.86576,0.90,1.00
2010.02.08 05:12:05.740,0.86566,0.86576,0.52,1.80
2010.02.08 05:12:09.300,0.86563,0.86579,0.72,1.40
2010.02.08 05:12:09.978,0.86561,0.86579,0.97,0.84
2010.02.08 05:12:29.185,0.86562,0.86579,1.80,0.69
2010.02.08 05:12:29.856,0.86566,0.86584,0.97,1.20
2010.02.08 05:12:56.470,0.86571,0.86586,1.20,1.80
2010.02.08 05:12:56.945,0.86576,0.8659,0.88,1.00
2010.02.08 05:13:12.148,0.86577,0.86594,2.20,1.10
2010.02.08 05:13:12.637,0.86581,0.86599,1.40,1.60
2010.02.08 05:13:16.228,0.86578,0.86594,1.80,1.30
2010.02.08 05:13:16.642,0.86576,0.86594,0.57,1.00
2010.02.08 05:13:20.573,0.86571,0.86589,1.10,1.20
2010.02.08 05:13:21.966,0.86566,0.86584,2.20,1.00
2010.02.08 05:13:40.313,0.86567,0.86584,1.00,0.93
2010.02.08 05:13:40.749,0.86571,0.86589,0.63,0.61
2010.02.08 05:13:46.199,0.86567,0.86584,0.74,1.80
2010.02.08 05:13:46.626,0.86566,0.86584,0.57,0.78
2010.02.08 05:13:49.089,0.86573,0.86584,0.75,1.20
2010.02.08 05:13:49.436,0.86576,0.86592,1.50,0.97
2010.02.08 05:13:49.699,0.86571,0.86589,1.10,0.89
2010.02.08 05:13:50.362,0.86568,0.86584,1.00,1.40
2010.02.08 05:13:50.997,0.86566,0.86584,1.60,1.40
2010.02.08 05:14:00.007,0.86563,0.86574,0.68,1.20
2010.02.08 05:14:00.185,0.86559,0.86574,1.00,1.10
2010.02.08 05:14:00.291,0.86562,0.86574,1.10,0.67
2010.02.08 05:14:00.461,0.86571,0.86576,1.50,1.10
2010.02.08 05:14:00.560,0.86567,0.86584,1.70,1.00
2010.02.08 05:14:00.731,0.86566,0.86584,1.50,0.61
2010.02.08 05:14:00.809,0.86567,0.86584,1.20,1.60
2010.02.08 05:14:00.916,0.86571,0.86585,2.50,0.95
2010.02.08 05:14:01.028,0.86567,0.86584,0.62,1.30
2010.02.08 05:14:01.587,0.86566,0.86584,2.10,1.10
2010.02.08 05:14:08.954,0.86567,0.86584,0.56,1.50
2010.02.08 05:14:09.597,0.86566,0.86584,1.10,1.30
2010.02.08 05:14:11.344,0.86567,0.86584,1.80,1.30
2010.02.08 05:14:11.738,0.86571,0.86585,0.99,0.99
2010.02.08 05:14:16.680,0.86567,0.86583,1.60,0.84
2010.02.08 05:14:17.033,0.86569,0.86584,0.77,0.95
2010.02.08 05:14:17.270,0.86576,0.86591,1.90,1.10
2010.02.08 05:14:17.726,0.86573,0.86589,0.92,0.71
2010.02.08 05:14:17.772,0.86571,0.86589,1.50,1.40
2010.02.08 05:14:18.024,0.86576,0.8659,1.40,1.40
2010.02.08 05:14:18.726,0.86573,0.86584,1.20,0.61
2010.02.08 05:14:19.373,0.86567,0.86584,1.70,1.20
2010.02.08 05:14:19.921,0.86571,0.86586,0.95,1.00
2010.02.08 05:14:24.259,0.86573,0.86589,1.10,1.10
2010.02.08 05:14:24.644,0.86576,0.86594,0.74,1.30
2010.02.08 05:14:26.039,0.86577,0.86594,1.00,0.71
2010.02.08 05:14:26.762,0.86581,0.86596,1.10,1.00
2010.02.08 05:14:28.065,0.86586,0.86601,1.20,0.95
2010.02.08 05:14:29.419,0.86584,0.86599,1.40,1.70
2010.02.08 05:14:29.896,0.86581,0.86599,1.20,2.70
2010.02.08 05:14:56.938,0.86576,0.86594,0.84,1.60
2010.02.08 05:15:01.904,0.86581,0.86598,1.50,1.50
2010.02.08 05:15:05.021,0.86586,0.866,1.20,1.30
2010.02.08 05:15:07.245,0.86582,0.86599,1.30,1.10
2010.02.08 05:15:07.333,0.86581,0.86599,1.00,0.81
2010.02.08 05:15:07.645,0.86578,0.86594,0.71,1.60
2010.02.08 05:15:07.764,0.86576,0.86594,0.97,1.80
2010.02.08 05:15:15.345,0.86577,0.86594,1.20,2.10
2010.02.08 05:15:15.577,0.86581,0.86599,0.40,1.30
2010.02.08 05:15:46.025,0.86576,0.86594,1.10,2.30
2010.02.08 05:15:48.386,0.86581,0.86595,0.99,0.89
2010.02.08 05:15:58.151,0.86583,0.86599,1.90,0.80
2010.02.08 05:15:58.586,0.86586,0.86602,3.10,1.30
2010.02.08 05:16:01.014,0.86591,0.86608,1.40,1.20
2010.02.08 05:16:05.904,0.86586,0.86604,0.97,0.97
2010.02.08 05:16:22.265,0.86576,0.86593,1.50,2.00
2010.02.08 05:16:23.124,0.86573,0.86589,0.96,1.80
2010.02.08 05:16:23.424,0.86571,0.86589,1.20,0.94
2010.02.08 05:16:23.712,0.86568,0.86584,0.55,1.00
2010.02.08 05:16:23.998,0.86566,0.86584,0.99,0.91
2010.02.08 05:16:24.061,0.86556,0.86574,0.58,2.50
2010.02.08 05:16:24.218,0.86564,0.86574,0.74,0.87
2010.02.08 05:16:24.589,0.86561,0.86578,0.78,2.10
2010.02.08 05:16:24.692,0.86557,0.86574,1.10,1.20
2010.02.08 05:16:24.918,0.86556,0.86574,0.99,1.30
2010.02.08 05:16:26.066,0.86558,0.86574,1.80,1.10
2010.02.08 05:16:26.975,0.86561,0.86579,3.30,1.60
2010.02.08 05:16:42.600,0.86566,0.8658,1.40,0.71
2010.02.08 05:16:45.258,0.86576,0.86585,3.00,1.70
2010.02.08 05:16:46.644,0.86571,0.86589,0.75,1.60
2010.02.08 05:16:48.140,0.86576,0.8659,0.57,1.10
2010.02.08 05:16:48.354,0.86573,0.86584,1.90,1.00
2010.02.08 05:16:48.778,0.86567,0.86584,0.90,1.00
2010.02.08 05:16:49.120,0.86566,0.86584,1.30,1.50
2010.02.08 05:16:49.343,0.86571,0.86585,1.80,1.30
2010.02.08 05:16:49.731,0.86566,0.86583,1.50,0.66
2010.02.08 05:16:55.160,0.86571,0.86585,0.94,1.20
2010.02.08 05:16:57.336,0.86576,0.86592,2.00,1.20
2010.02.08 05:17:02.935,0.86571,0.86589,1.60,1.30
2010.02.08 05:17:43.246,0.86574,0.86589,0.96,1.20
2010.02.08 05:17:43.739,0.86576,0.86594,1.20,1.00
2010.02.08 05:17:45.141,0.86571,0.86589,1.30,1.90
2010.02.08 05:18:27.537,0.86576,0.86592,1.10,1.50
2010.02.08 05:18:30.165,0.86571,0.86589,1.40,0.88
2010.02.08 05:18:33.913,0.86576,0.86592,1.20,1.30
2010.02.08 05:18:36.705,0.86571,0.86589,1.50,1.40
2010.02.08 05:19:19.114,0.86576,0.86592,1.00,1.10
2010.02.08 05:19:25.051,0.86574,0.86589,0.54,1.60
2010.02.08 05:19:25.865,0.86571,0.86589,0.85,1.30
2010.02.08 05:19:26.250,0.8657,0.86584,1.70,0.51
2010.02.08 05:19:26.709,0.86566,0.86584,1.80,2.00
2010.02.08 05:19:29.029,0.86564,0.86574,0.86,2.10
2010.02.08 05:19:29.222,0.86559,0.86574,0.63,0.44
2010.02.08 05:19:29.350,0.86561,0.86579,0.93,1.40
2010.02.08 05:19:29.551,0.86564,0.86579,1.10,1.80
2010.02.08 05:19:29.597,0.86559,0.86574,1.10,1.00
2010.02.08 05:19:29.850,0.86561,0.86578,1.50,0.97
2010.02.08 05:19:29.941,0.86564,0.86579,1.20,1.50
2010.02.08 05:19:30.052,0.86566,0.86583,1.20,2.70
2010.02.08 05:19:30.270,0.86567,0.86584,1.00,1.90
2010.02.08 05:19:30.540,0.86568,0.86584,0.88,1.60
2010.02.08 05:19:30.850,0.86564,0.86579,0.98,0.90
2010.02.08 05:19:34.471,0.86561,0.86579,1.10,0.94
2010.02.08 05:19:39.273,0.86564,0.86579,1.90,1.10
2010.02.08 05:19:39.595,0.86566,0.86581,1.50,1.30
2010.02.08 05:19:41.448,0.86567,0.86584,1.10,0.60
2010.02.08 05:19:43.290,0.86566,0.86584,1.90,1.00
2010.02.08 05:19:47.907,0.86567,0.86584,1.90,0.73
2010.02.08 05:19:48.907,0.86566,0.86584,0.51,0.66
2010.02.08 05:19:51.614,0.86567,0.86584,0.54,1.40
2010.02.08 05:19:57.650,0.86566,0.86584,0.70,1.00
2010.02.08 05:20:01.182,0.86567,0.86584,1.80,1.10
2010.02.08 05:20:02.227,0.86573,0.86584,0.98,0.75
2010.02.08 05:20:02.391,0.86579,0.86584,0.92,2.00
2010.02.08 05:20:02.666,0.86588,0.86584,0.90,0.79
2010.02.08 05:20:02.916,0.86596,0.86599,0.93,1.30
2010.02.08 05:20:03.204,0.86591,0.86599,1.60,0.90
2010.02.08 05:20:03.436,0.86594,0.86599,1.40,1.00
2010.02.08 05:20:03.535,0.86591,0.86606,1.50,1.30
2010.02.08 05:20:03.846,0.86586,0.86604,1.20,1.70
2010.02.08 05:20:07.495,0.86581,0.86599,1.00,1.00
2010.02.08 05:20:16.153,0.86586,0.86603,1.20,0.88
2010.02.08 05:20:16.373,0.86581,0.86599,1.10,0.78
2010.02.08 05:20:16.673,0.86582,0.86599,1.20,1.60
2010.02.08 05:20:20.292,0.86584,0.86599,1.40,1.50
2010.02.08 05:20:20.662,0.86586,0.86604,1.70,1.20
2010.02.08 05:20:20.695,0.86587,0.86604,1.10,2.30
2010.02.08 05:20:24.324,0.86596,0.86609,1.50,0.59
2010.02.08 05:20:24.609,0.86597,0.86614,2.30,1.90
2010.02.08 05:20:26.430,0.86596,0.86612,0.63,0.87
2010.02.08 05:20:26.900,0.86591,0.86609,1.20,0.66
2010.02.08 05:20:27.038,0.86593,0.86609,0.82,0.71
2010.02.08 05:20:27.280,0.86596,0.86614,1.80,2.00
2010.02.08 05:20:27.396,0.86591,0.86609,1.20,1.90
2010.02.08 05:20:27.500,0.8659,0.86604,0.95,0.90
2010.02.08 05:20:27.781,0.86588,0.86604,0.76,0.81
2010.02.08 05:20:27.914,0.86586,0.86604,1.00,0.97
2010.02.08 05:20:30.258,0.86585,0.86599,1.50,1.30
2010.02.08 05:20:30.957,0.86581,0.86599,1.30,1.20
2010.02.08 05:20:36.143,0.86583,0.86599,0.74,1.20
2010.02.08 05:20:36.215,0.86585,0.86599,0.89,0.47
2010.02.08 05:20:36.461,0.86589,0.86599,1.00,1.40
2010.02.08 05:20:36.702,0.86593,0.86599,1.20,1.20
2010.02.08 05:20:36.957,0.86596,0.86614,1.40,1.50
2010.02.08 05:20:37.495,0.86591,0.86609,1.10,1.30
2010.02.08 05:20:38.129,0.8659,0.86604,1.00,0.85
2010.02.08 05:20:38.363,0.86588,0.86604,0.82,0.89
2010.02.08 05:20:38.679,0.86587,0.86604,2.30,2.50
2010.02.08 05:20:38.921,0.86586,0.86604,1.80,1.90
2010.02.08 05:20:39.286,0.86588,0.86604,0.56,1.10
2010.02.08 05:20:40.092,0.86586,0.86604,0.93,0.71
2010.02.08 05:20:40.452,0.8659,0.86604,1.00,1.90
2010.02.08 05:20:40.995,0.86591,0.86609,1.20,1.30
2010.02.08 05:20:43.430,0.86596,0.86612,1.30,0.89
2010.02.08 05:20:43.573,0.86597,0.86614,1.40,2.20
2010.02.08 05:20:44.235,0.86599,0.86614,1.70,1.00
2010.02.08 05:20:44.935,0.86601,0.86619,0.94,1.20
2010.02.08 05:20:47.185,0.86605,0.86619,2.00,1.00
2010.02.08 05:20:47.689,0.86606,0.86624,1.40,1.50
2010.02.08 05:21:17.094,0.86609,0.86624,1.20,1.20
2010.02.08 05:21:17.285,0.8661,0.86624,1.50,1.70
2010.02.08 05:21:17.433,0.86611,0.86629,1.10,2.20
2010.02.08 05:21:17.745,0.86614,0.86629,1.30,1.40
2010.02.08 05:21:17.862,0.86616,0.86634,2.10,0.92
2010.02.08 05:21:18.133,0.86615,0.86624,1.40,1.10
2010.02.08 05:21:18.284,0.86607,0.86624,1.80,1.30
2010.02.08 05:21:18.427,0.86611,0.86626,1.50,1.80
2010.02.08 05:21:18.763,0.86614,0.86629,1.30,2.00
2010.02.08 05:21:18.826,0.86616,0.86634,0.87,1.30
2010.02.08 05:21:20.213,0.86611,0.86629,0.82,1.00
2010.02.08 05:21:20.588,0.86614,0.86629,1.90,1.20
2010.02.08 05:21:20.746,0.86616,0.86634,1.00,1.30
2010.02.08 05:21:24.118,0.86614,0.86629,1.40,0.64
2010.02.08 05:21:24.653,0.86611,0.86629,0.89,0.98
2010.02.08 05:21:30.481,0.86613,0.86629,1.00,1.40
2010.02.08 05:21:30.513,0.86616,0.86634,1.60,1.60
2010.02.08 05:21:31.135,0.86607,0.86624,1.10,2.30
2010.02.08 05:21:31.286,0.86606,0.86624,1.40,2.40
2010.02.08 05:21:31.656,0.86604,0.86619,1.40,1.30
2010.02.08 05:21:31.942,0.86601,0.86619,1.10,0.83
2010.02.08 05:21:56.087,0.86603,0.86619,0.96,0.97
2010.02.08 05:21:56.364,0.86604,0.86619,0.88,2.20
2010.02.08 05:21:56.557,0.86606,0.86619,1.20,1.10
2010.02.08 05:21:56.809,0.86611,0.86626,1.00,0.73
2010.02.08 05:22:01.624,0.86616,0.86631,0.86,0.78
2010.02.08 05:22:07.004,0.86619,0.86634,0.78,1.50
2010.02.08 05:22:07.419,0.8662,0.86634,1.30,0.80
2010.02.08 05:22:07.689,0.86621,0.86639,1.30,1.20
2010.02.08 05:22:07.821,0.86626,0.86641,1.00,0.68
2010.02.08 05:22:08.460,0.86618,0.86634,0.98,0.75
2010.02.08 05:22:08.688,0.86616,0.86634,2.50,1.10
2010.02.08 05:22:22.345,0.86613,0.86629,1.40,2.00
2010.02.08 05:22:22.568,0.86611,0.86629,1.20,1.80
2010.02.08 05:22:29.815,0.86607,0.86624,2.20,1.90
2010.02.08 05:22:32.185,0.86601,0.86619,0.90,0.81
2010.02.08 05:22:32.591,0.86602,0.86619,1.40,0.87
2010.02.08 05:22:32.854,0.86606,0.86619,1.10,0.96
2010.02.08 05:22:39.126,0.86616,0.86626,0.76,1.30
2010.02.08 05:22:40.417,0.86611,0.86629,0.87,0.95
2010.02.08 05:23:27.027,0.86612,0.86629,0.72,2.00
2010.02.08 05:23:27.410,0.86623,0.86629,1.80,0.75
2010.02.08 05:23:27.835,0.86626,0.86642,1.20,1.90
2010.02.08 05:23:33.644,0.86628,0.86644,1.20,1.60
2010.02.08 05:23:34.270,0.86626,0.86644,1.90,1.20
2010.02.08 05:23:35.076,0.86621,0.86639,1.10,1.10
2010.02.08 05:23:40.052,0.86626,0.86639,0.55,1.30
2010.02.08 05:23:40.412,0.86631,0.86642,1.30,0.52
2010.02.08 05:23:40.733,0.86634,0.86649,1.90,0.79
2010.02.08 05:23:40.966,0.86636,0.86654,1.30,1.00
2010.02.08 05:23:47.024,0.86634,0.86649,1.00,0.96
2010.02.08 05:23:47.113,0.86633,0.86649,1.10,2.90
2010.02.08 05:23:47.266,0.86631,0.86649,1.10,1.10
2010.02.08 05:23:47.359,0.8663,0.86644,0.89,1.00
2010.02.08 05:23:47.445,0.86627,0.86644,1.40,1.30
2010.02.08 05:23:47.622,0.8663,0.86644,0.39,2.10
2010.02.08 05:23:47.774,0.86626,0.86644,1.10,1.10
2010.02.08 05:23:47.817,0.8663,0.86644,0.89,1.70
2010.02.08 05:23:47.925,0.86626,0.86644,0.89,3.10
2010.02.08 05:23:48.756,0.86621,0.86639,2.60,0.97
2010.02.08 05:23:49.982,0.86623,0.86639,0.81,1.20
2010.02.08 05:23:52.061,0.86625,0.86639,0.56,1.00
2010.02.08 05:23:52.254,0.86626,0.86644,0.92,1.10
2010.02.08 05:23:52.515,0.86627,0.86644,0.78,0.90
2010.02.08 05:23:52.627,0.86626,0.86644,1.10,1.00
2010.02.08 05:23:52.889,0.8663,0.86644,1.60,0.74
2010.02.08 05:23:57.091,0.86627,0.86644,0.93,1.60
2010.02.08 05:23:57.653,0.8663,0.86644,2.10,1.20
2010.02.08 05:23:57.695,0.86631,0.86649,0.99,0.67
2010.02.08 05:24:02.244,0.8663,0.86644,1.60,1.40
2010.02.08 05:24:02.755,0.86627,0.86644,1.40,1.10
2010.02.08 05:24:08.304,0.86626,0.86644,1.60,1.20
2010.02.08 05:24:10.157,0.8663,0.86644,0.79,1.30
2010.02.08 05:24:10.258,0.86631,0.86646,1.10,0.81
2010.02.08 05:24:10.557,0.86633,0.86649,1.30,0.95
2010.02.08 05:24:10.662,0.86635,0.86649,3.10,1.40
2010.02.08 05:24:10.966,0.86636,0.86652,1.70,1.30
2010.02.08 05:24:12.376,0.86639,0.86654,1.00,1.10
2010.02.08 05:24:12.991,0.86641,0.86659,1.90,2.80
2010.02.08 05:24:14.151,0.86646,0.86661,1.40,1.50
2010.02.08 05:24:14.275,0.86645,0.86659,1.20,1.00
2010.02.08 05:24:14.648,0.86643,0.86659,1.10,1.30
2010.02.08 05:24:14.827,0.86641,0.86659,0.91,1.40
2010.02.08 05:24:16.475,0.86637,0.86654,0.68,1.60
2010.02.08 05:24:20.162,0.86636,0.86648,1.80,1.40
2010.02.08 05:24:20.267,0.86628,0.86644,1.70,0.76
2010.02.08 05:24:20.599,0.86626,0.86644,0.45,1.20
2010.02.08 05:24:20.938,0.86631,0.86648,1.70,2.50
2010.02.08 05:24:21.370,0.86636,0.86652,0.80,0.86
2010.02.08 05:24:21.795,0.86637,0.86654,0.52,1.10
2010.02.08 05:24:24.412,0.86636,0.86654,1.00,1.90
2010.02.08 05:24:30.105,0.86631,0.86649,0.87,1.30
2010.02.08 05:24:34.066,0.86626,0.86644,1.40,1.30
2010.02.08 05:24:34.554,0.86624,0.86639,1.50,1.00
2010.02.08 05:24:34.708,0.86623,0.86639,1.30,1.30
2010.02.08 05:24:37.340,0.86624,0.86639,1.70,0.77
2010.02.08 05:24:37.876,0.86626,0.86644,2.00,1.00
2010.02.08 05:24:39.278,0.86631,0.86646,1.20,0.99
2010.02.08 05:24:41.478,0.86622,0.86639,0.85,1.70
2010.02.08 05:24:45.076,0.86625,0.86639,1.60,1.30
2010.02.08 05:24:45.426,0.86627,0.86639,0.58,1.30
2010.02.08 05:24:45.966,0.86631,0.86649,0.99,1.50
2010.02.08 05:24:59.429,0.86632,0.86649,0.61,1.70
2010.02.08 05:25:04.830,0.86631,0.86649,0.88,1.50
2010.02.08 05:25:24.501,0.86632,0.86649,0.88,1.20
2010.02.08 05:26:02.004,0.86628,0.86649,1.70,1.90
2010.02.08 05:26:02.999,0.8663,0.86644,2.00,1.80
2010.02.08 05:26:03.104,0.86636,0.86652,1.20,0.29
2010.02.08 05:26:03.623,0.86631,0.86649,2.60,1.30
2010.02.08 05:26:03.964,0.86632,0.86649,0.84,1.60
2010.02.08 05:26:12.106,0.86635,0.86649,1.60,1.40
2010.02.08 05:26:12.644,0.86639,0.86649,1.30,1.40
2010.02.08 05:26:12.894,0.86641,0.86659,1.50,0.93
2010.02.08 05:26:13.469,0.86639,0.86649,1.00,1.40
2010.02.08 05:26:13.850,0.86633,0.86649,0.96,1.50
2010.02.08 05:26:14.692,0.86632,0.86649,0.87,1.20
2010.02.08 05:26:16.294,0.86634,0.86649,0.55,1.50
2010.02.08 05:26:16.619,0.86636,0.86654,1.10,0.80
2010.02.08 05:26:18.204,0.86634,0.86649,1.30,3.00
2010.02.08 05:26:18.530,0.86632,0.86649,1.30,0.60
2010.02.08 05:26:20.391,0.86634,0.86649,1.50,0.99
2010.02.08 05:26:20.960,0.86636,0.86654,1.20,0.65
2010.02.08 05:26:21.237,0.86641,0.86656,1.10,1.20
2010.02.08 05:26:25.005,0.86638,0.86654,0.98,1.30
2010.02.08 05:26:25.743,0.86636,0.86654,1.60,0.78
2010.02.08 05:26:34.160,0.86639,0.86654,1.10,1.00
2010.02.08 05:26:34.592,0.8664,0.86654,2.50,1.10
2010.02.08 05:26:34.801,0.86641,0.86659,1.40,0.62
2010.02.08 05:26:36.757,0.86646,0.86662,1.30,1.30
2010.02.08 05:26:37.213,0.86641,0.86659,1.20,0.98
2010.02.08 05:26:37.401,0.86643,0.86659,1.30,1.00
2010.02.08 05:26:37.878,0.86633,0.86649,1.50,2.40
2010.02.08 05:26:38.361,0.86632,0.86649,1.90,0.76
2010.02.08 05:26:39.081,0.86631,0.86649,0.95,1.40
2010.02.08 05:26:39.215,0.8663,0.86644,2.80,2.30
2010.02.08 05:26:39.333,0.86628,0.86644,0.77,1.00
2010.02.08 05:26:39.445,0.86632,0.86644,1.70,1.40
2010.02.08 05:26:39.504,0.86634,0.86649,1.10,0.84
2010.02.08 05:26:39.699,0.86636,0.86654,0.90,1.50
2010.02.08 05:26:39.797,0.86634,0.86649,1.40,1.40
2010.02.08 05:26:39.931,0.86632,0.86649,2.40,1.60
2010.02.08 05:26:58.415,0.86627,0.86642,1.10,1.10
2010.02.08 05:26:59.081,0.86631,0.86647,1.00,1.00
2010.02.08 05:26:59.497,0.86632,0.86649,0.99,0.85
2010.02.08 05:26:59.585,0.86631,0.86649,1.60,1.70
2010.02.08 05:26:59.765,0.86627,0.86642,1.40,0.86
2010.02.08 05:27:05.082,0.86632,0.86644,1.80,1.30
2010.02.08 05:27:07.093,0.86631,0.86649,1.20,1.30
2010.02.08 05:27:07.547,0.86627,0.86644,0.99,3.10
2010.02.08 05:27:17.031,0.86631,0.86649,1.50,1.20
2010.02.08 05:27:17.270,0.86632,0.86649,1.10,1.60
2010.02.08 05:27:17.546,0.86636,0.86654,1.20,0.39
2010.02.08 05:27:17.697,0.86634,0.86649,1.30,1.40
2010.02.08 05:27:17.868,0.86632,0.86649,0.86,1.30
2010.02.08 05:27:25.183,0.86627,0.86644,2.40,1.60
2010.02.08 05:27:25.412,0.86631,0.86649,1.80,1.30
2010.02.08 05:27:25.719,0.86632,0.86649,0.88,2.40
2010.02.08 05:27:33.796,0.86627,0.86644,0.67,0.73
2010.02.08 05:27:34.043,0.86632,0.86644,0.83,0.93
2010.02.08 05:27:40.380,0.86636,0.86654,1.50,1.20
2010.02.08 05:27:41.019,0.86634,0.86649,0.83,1.70
2010.02.08 05:27:41.696,0.86632,0.86649,1.20,0.90
2010.02.08 05:27:45.256,0.86634,0.86649,1.40,0.98
2010.02.08 05:27:45.687,0.86636,0.86654,1.50,1.30
2010.02.08 05:27:54.432,0.86634,0.86649,1.80,3.30
2010.02.08 05:27:54.824,0.86632,0.86649,0.62,1.40
2010.02.08 05:28:04.205,0.86631,0.86649,0.91,1.00
2010.02.08 05:28:04.730,0.86627,0.86644,1.20,0.77
2010.02.08 05:28:08.066,0.86631,0.86649,0.94,1.20
2010.02.08 05:28:08.401,0.8663,0.86644,1.00,2.10
2010.02.08 05:28:08.745,0.86627,0.86644,1.00,2.40
2010.02.08 05:28:10.921,0.86631,0.86649,1.50,0.54
2010.02.08 05:28:11.242,0.86632,0.86649,2.30,1.30
2010.02.08 05:28:13.013,0.86631,0.86649,1.10,0.94
2010.02.08 05:28:13.375,0.86627,0.86644,1.00,1.70
2010.02.08 05:28:13.726,0.8663,0.86644,1.70,1.10
2010.02.08 05:28:13.853,0.86631,0.86644,1.40,1.00
2010.02.08 05:28:14.152,0.86634,0.86649,1.40,1.70
2010.02.08 05:28:14.804,0.86633,0.86649,0.85,1.30
2010.02.08 05:28:15.309,0.86632,0.86649,1.30,1.40
2010.02.08 05:28:15.481,0.86634,0.86649,1.40,1.10
2010.02.08 05:28:15.820,0.86636,0.86654,1.70,0.73
2010.02.08 05:28:16.421,0.86634,0.86649,1.20,1.40
2010.02.08 05:28:16.587,0.86632,0.86649,0.53,1.20
2010.02.08 05:28:17.202,0.86627,0.86644,2.00,1.30
2010.02.08 05:28:27.266,0.86626,0.86644,1.20,1.00
2010.02.08 05:28:27.513,0.86625,0.86639,1.60,0.58
2010.02.08 05:28:27.918,0.86621,0.86639,1.10,0.87
2010.02.08 05:28:47.103,0.8662,0.86634,1.70,0.93
2010.02.08 05:28:47.666,0.86616,0.86634,0.81,1.50
2010.02.08 05:28:54.063,0.86619,0.86634,0.81,0.79
2010.02.08 05:28:54.595,0.86621,0.86639,0.66,1.10
2010.02.08 05:28:58.202,0.86619,0.86634,1.50,0.82
2010.02.08 05:28:58.657,0.86616,0.86634,1.50,1.50
2010.02.08 05:29:00.185,0.86621,0.86636,1.10,0.72
2010.02.08 05:29:19.232,0.86616,0.86634,0.56,1.10
2010.02.08 05:29:50.404,0.86613,0.86629,0.74,1.40
2010.02.08 05:29:50.627,0.86611,0.86629,0.50,1.60
2010.02.08 05:29:51.148,0.86608,0.86624,0.76,0.75
2010.02.08 05:29:51.972,0.86611,0.86629,1.60,1.30
2010.02.08 05:29:54.218,0.86606,0.86624,1.10,1.90
2010.02.08 05:29:54.338,0.86608,0.86624,1.30,1.70
2010.02.08 05:29:54.678,0.86611,0.86629,0.79,0.64
2010.02.08 05:30:11.207,0.86606,0.86624,0.89,1.20
2010.02.08 05:30:11.893,0.86607,0.86624,1.20,0.53
2010.02.08 05:30:12.250,0.86606,0.86624,1.40,0.60
2010.02.08 05:30:12.618,0.86609,0.86624,1.90,0.89
2010.02.08 05:30:12.700,0.86611,0.86629,1.40,0.95
2010.02.08 05:31:05.011,0.86614,0.86629,1.10,0.90
2010.02.08 05:31:05.821,0.86616,0.86634,1.20,1.60
2010.02.08 05:31:06.321,0.86614,0.86629,1.20,1.30
2010.02.08 05:31:06.789,0.86611,0.86629,1.10,1.60
2010.02.08 05:31:20.364,0.86616,0.86631,0.66,1.20
2010.02.08 05:31:22.024,0.86613,0.86629,0.84,1.00
2010.02.08 05:31:22.276,0.86611,0.86629,0.98,1.10
2010.02.08 05:31:22.645,0.86606,0.86624,1.10,1.40
2010.02.08 05:31:22.893,0.86611,0.86626,0.74,1.90
2010.02.08 05:31:31.705,0.86606,0.86624,1.50,0.96
2010.02.08 05:31:40.348,0.86604,0.86619,0.70,1.30
2010.02.08 05:31:40.653,0.86601,0.86619,1.20,1.50
2010.02.08 05:31:41.309,0.86599,0.86614,0.85,1.90
2010.02.08 05:31:41.518,0.866,0.86614,1.10,0.76
2010.02.08 05:31:41.856,0.86601,0.86619,0.53,1.40
2010.02.08 05:31:43.001,0.86599,0.86614,0.65,1.40
2010.02.08 05:31:43.773,0.86601,0.86619,1.00,0.90
2010.02.08 05:31:45.291,0.86599,0.86614,0.95,1.10
2010.02.08 05:31:45.671,0.86601,0.86614,0.80,0.96
2010.02.08 05:31:47.157,0.86606,0.86623,1.30,0.75
2010.02.08 05:31:48.439,0.86604,0.86619,1.10,2.00
2010.02.08 05:31:48.767,0.86601,0.86619,1.00,0.96
2010.02.08 05:31:53.975,0.86607,0.86619,0.81,1.80
2010.02.08 05:31:57.169,0.86606,0.86623,0.96,1.40
2010.02.08 05:31:57.487,0.86601,0.86619,0.88,1.40
2010.02.08 05:31:57.653,0.86605,0.86619,1.50,1.10
2010.02.08 05:31:57.803,0.86606,0.86624,1.30,1.20
2010.02.08 05:32:02.153,0.86607,0.86624,1.30,1.10
2010.02.08 05:32:03.406,0.86606,0.86624,2.60,1.40
2010.02.08 05:32:03.846,0.86611,0.86628,1.00,1.30
2010.02.08 05:32:04.325,0.86608,0.86624,0.99,2.30
2010.02.08 05:32:04.773,0.86606,0.86624,0.95,0.62
2010.02.08 05:32:07.077,0.86609,0.86624,2.00,1.30
2010.02.08 05:32:07.964,0.86611,0.86629,1.00,0.83
2010.02.08 05:32:14.363,0.86609,0.86624,0.57,1.40
2010.02.08 05:32:14.953,0.86606,0.86624,1.10,1.00
2010.02.08 05:32:15.343,0.86609,0.86624,0.82,1.40
2010.02.08 05:32:15.546,0.86611,0.86629,1.40,1.70
2010.02.08 05:33:28.236,0.86605,0.86614,0.82,0.67
2010.02.08 05:33:28.451,0.86599,0.86614,1.30,1.20
2010.02.08 05:33:28.992,0.86601,0.86614,1.40,1.60
2010.02.08 05:33:32.194,0.86606,0.86619,0.66,0.99
2010.02.08 05:33:32.585,0.86601,0.86619,1.20,0.62
2010.02.08 05:33:33.332,0.86606,0.86623,1.60,0.85
2010.02.08 05:33:47.294,0.86607,0.86624,0.99,1.10
2010.02.08 05:33:47.393,0.86606,0.86624,0.63,0.42
2010.02.08 05:33:47.890,0.86593,0.86604,0.93,1.50
2010.02.08 05:33:48.174,0.86596,0.86614,0.73,2.20
2010.02.08 05:33:48.799,0.86593,0.86609,1.10,0.97
2010.02.08 05:33:54.379,0.86591,0.86609,0.96,0.74
2010.02.08 05:33:54.944,0.8659,0.86604,0.80,0.84
2010.02.08 05:33:56.357,0.86591,0.86609,1.10,0.92
2010.02.08 05:33:56.692,0.86593,0.86609,0.86,1.30
2010.02.08 05:34:02.165,0.86591,0.86609,1.50,1.30
2010.02.08 05:34:07.787,0.86593,0.86609,1.30,1.20
2010.02.08 05:34:18.438,0.8659,0.86604,1.80,0.87
2010.02.08 05:34:27.056,0.86586,0.86604,0.66,1.10
2010.02.08 05:34:27.560,0.86576,0.86594,1.40,0.78
2010.02.08 05:34:27.924,0.86574,0.86589,0.80,1.10
2010.02.08 05:34:28.127,0.8657,0.86579,1.40,0.85
2010.02.08 05:34:28.460,0.86565,0.86579,0.89,1.10
2010.02.08 05:34:28.889,0.86561,0.86579,1.30,1.30
2010.02.08 05:34:29.147,0.86556,0.86574,1.60,1.40
2010.02.08 05:34:29.534,0.86554,0.86569,1.30,1.60
2010.02.08 05:34:29.796,0.86551,0.86569,1.00,0.62
2010.02.08 05:34:30.806,0.86553,0.86569,1.70,1.50
2010.02.08 05:34:32.948,0.86548,0.86564,1.60,1.00
2010.02.08 05:34:33.045,0.8655,0.86564,1.20,2.10
2010.02.08 05:34:33.764,0.86551,0.86569,1.20,0.76
2010.02.08 05:34:37.362,0.86556,0.86572,0.89,1.10
2010.02.08 05:34:41.128,0.86558,0.86574,0.63,0.70
2010.02.08 05:34:41.572,0.86566,0.86576,1.50,1.30
2010.02.08 05:34:41.808,0.86561,0.86576,1.50,0.88
2010.02.08 05:34:42.340,0.86564,0.86579,0.97,1.30
2010.02.08 05:34:42.537,0.86561,0.86579,1.40,0.59
2010.02.08 05:34:43.251,0.86562,0.86579,1.60,1.40
2010.02.08 05:34:44.119,0.86567,0.86579,0.80,2.20
2010.02.08 05:34:44.619,0.86571,0.86589,1.00,0.84
2010.02.08 05:34:44.703,0.86572,0.86589,1.90,0.86
2010.02.08 05:34:45.234,0.86576,0.86594,1.10,0.92
2010.02.08 05:34:45.488,0.86577,0.86594,1.30,1.80
2010.02.08 05:34:45.682,0.86576,0.86594,1.50,1.90
2010.02.08 05:34:46.968,0.86571,0.86589,0.99,1.20
2010.02.08 05:35:00.411,0.86576,0.86591,2.30,1.20
2010.02.08 05:35:04.412,0.86581,0.86595,1.50,1.30
2010.02.08 05:35:15.085,0.86586,0.866,1.90,0.97
2010.02.08 05:35:35.229,0.86583,0.86594,0.77,0.93
2010.02.08 05:35:35.513,0.86578,0.86594,1.20,0.88
2010.02.08 05:35:35.954,0.86576,0.86594,1.20,1.60
2010.02.08 05:35:47.100,0.86573,0.86589,1.50,1.50
2010.02.08 05:35:47.240,0.86571,0.86589,0.66,1.30
2010.02.08 05:35:47.334,0.86568,0.86584,0.87,1.60
2010.02.08 05:35:47.618,0.86566,0.86584,0.79,1.40
2010.02.08 05:35:47.805,0.86564,0.86579,1.30,1.70
2010.02.08 05:35:47.909,0.86561,0.86579,1.00,1.90
2010.02.08 05:35:48.155,0.86558,0.86574,1.80,1.80
2010.02.08 05:35:48.897,0.86556,0.86574,1.90,1.20
2010.02.08 05:36:09.119,0.86558,0.86574,0.99,1.70
2010.02.08 05:36:09.644,0.86561,0.86579,1.10,2.30
2010.02.08 05:36:09.849,0.86566,0.8658,2.50,0.97
2010.02.08 05:36:43.407,0.86561,0.86579,1.50,1.90
2010.02.08 05:36:44.096,0.86556,0.86574,0.73,1.00
2010.02.08 05:37:15.070,0.86553,0.86569,1.20,0.38
2010.02.08 05:37:15.226,0.86551,0.86569,0.52,1.10
2010.02.08 05:37:15.551,0.86548,0.86564,1.30,1.60
2010.02.08 05:37:15.622,0.86546,0.86564,1.30,2.30
2010.02.08 05:37:15.826,0.86541,0.86559,0.65,1.20
2010.02.08 05:37:25.056,0.86546,0.86563,1.80,1.00
2010.02.08 05:37:25.192,0.86547,0.86564,1.60,1.70
2010.02.08 05:37:25.424,0.86548,0.86564,0.71,1.20
2010.02.08 05:37:25.531,0.86553,0.86564,0.91,0.91
2010.02.08 05:37:25.643,0.86556,0.86574,1.20,1.20
2010.02.08 05:37:25.717,0.86553,0.86569,1.20,0.78
2010.02.08 05:37:25.906,0.86551,0.86569,2.70,2.10
2010.02.08 05:37:26.168,0.86556,0.86573,1.10,0.64
2010.02.08 05:37:26.945,0.86561,0.86574,0.90,2.20
2010.02.08 05:37:27.097,0.86556,0.86574,1.20,1.20
2010.02.08 05:37:43.396,0.86558,0.86574,1.50,0.68
2010.02.08 05:37:43.532,0.86561,0.86579,1.50,1.20
2010.02.08 05:37:49.505,0.86566,0.8658,1.20,1.20
2010.02.08 05:37:51.570,0.86561,0.86579,1.00,0.91
2010.02.08 05:38:19.068,0.86562,0.86579,1.30,0.84
2010.02.08 05:38:19.289,0.86563,0.86579,1.50,1.70
2010.02.08 05:38:19.627,0.86566,0.86584,1.90,2.30
2010.02.08 05:38:19.870,0.86571,0.86585,1.80,1.20
2010.02.08 05:38:28.403,0.86568,0.86584,0.93,0.69
2010.02.08 05:38:28.697,0.86566,0.86584,1.00,1.00
2010.02.08 05:38:41.328,0.86564,0.86579,1.20,1.10
2010.02.08 05:38:41.991,0.86561,0.86579,2.30,2.20
2010.02.08 05:38:53.022,0.86564,0.86579,2.90,0.92
2010.02.08 05:38:53.503,0.86566,0.86584,0.96,1.70
2010.02.08 05:39:15.060,0.86564,0.86574,0.96,1.20
2010.02.08 05:39:15.464,0.86559,0.86574,1.10,1.50
2010.02.08 05:39:15.749,0.86556,0.86574,1.20,1.90
2010.02.08 05:39:16.147,0.86554,0.86569,2.30,1.40
2010.02.08 05:39:16.321,0.86551,0.86569,1.60,1.40
2010.02.08 05:39:16.370,0.8655,0.86564,1.20,0.97
2010.02.08 05:39:16.547,0.86546,0.86564,0.85,1.20
2010.02.08 05:39:16.745,0.86542,0.86559,2.30,1.10
2010.02.08 05:39:16.957,0.86541,0.86559,0.97,1.10
2010.02.08 05:39:17.444,0.86542,0.86559,0.99,1.50
2010.02.08 05:39:18.673,0.86541,0.86559,1.20,1.40
2010.02.08 05:39:19.252,0.86542,0.86559,1.20,1.40
2010.02.08 05:39:20.326,0.86541,0.86559,1.10,0.61
2010.02.08 05:39:20.825,0.86542,0.86559,2.40,1.10
2010.02.08 05:39:30.379,0.86541,0.86559,1.10,1.50
2010.02.08 05:39:31.875,0.86544,0.86559,1.60,0.87
2010.02.08 05:39:32.231,0.86541,0.86559,0.69,0.93
2010.02.08 05:39:32.538,0.86546,0.86561,1.70,1.10
2010.02.08 05:39:33.363,0.86544,0.86559,1.90,1.50
2010.02.08 05:39:33.880,0.86542,0.86559,1.50,2.10
2010.02.08 05:39:36.752,0.86547,0.86559,0.77,1.10
2010.02.08 05:39:39.438,0.8655,0.86564,1.40,1.20
2010.02.08 05:39:39.539,0.86551,0.86569,1.20,0.73
2010.02.08 05:39:40.804,0.86556,0.86572,0.96,1.70
2010.02.08 05:39:46.172,0.86547,0.86564,1.60,0.73
2010.02.08 05:39:46.208,0.86551,0.86564,1.00,0.83
2010.02.08 05:39:46.461,0.86556,0.8657,0.91,2.50
2010.02.08 05:39:46.619,0.86561,0.86571,1.20,0.75
2010.02.08 05:39:46.909,0.86556,0.86574,1.30,1.20
2010.02.08 05:39:48.032,0.86559,0.86574,0.97,2.10
2010.02.08 05:39:48.905,0.86561,0.86579,1.50,2.10
2010.02.08 05:40:01.981,0.86566,0.86581,1.30,0.73
2010.02.08 05:40:08.905,0.86571,0.86586,0.82,1.30
2010.02.08 05:40:17.455,0.86569,0.86584,1.70,1.40
2010.02.08 05:40:17.728,0.86566,0.86584,1.30,0.76
2010.02.08 05:40:21.490,0.86559,0.86574,0.89,1.40
2010.02.08 05:40:21.653,0.86556,0.86574,1.00,1.10
2010.02.08 05:40:22.121,0.86554,0.86569,1.70,1.30
2010.02.08 05:40:22.267,0.86552,0.86569,2.50,1.10
2010.02.08 05:40:22.662,0.8655,0.86564,1.40,1.50
2010.02.08 05:40:22.921,0.86548,0.86564,0.71,1.30
2010.02.08 05:40:28.103,0.86546,0.86564,1.40,1.50
2010.02.08 05:40:28.521,0.86542,0.86559,1.40,1.40
2010.02.08 05:40:28.757,0.86541,0.86559,2.90,0.85
2010.02.08 05:40:29.822,0.86551,0.86561,0.86,0.89
2010.02.08 05:40:37.077,0.86554,0.86569,1.30,1.10
2010.02.08 05:40:37.421,0.86556,0.86574,0.78,1.30
2010.02.08 05:40:37.733,0.86559,0.86574,0.66,1.10
2010.02.08 05:40:37.841,0.86561,0.86579,0.93,1.40
2010.02.08 05:40:42.445,0.86562,0.86579,1.50,0.88
2010.02.08 05:40:44.486,0.86564,0.86579,1.30,1.10
2010.02.08 05:40:44.750,0.86566,0.86584,1.50,1.00
2010.02.08 05:40:57.216,0.86569,0.86584,1.30,1.30
2010.02.08 05:40:57.328,0.86576,0.86591,1.30,1.10
2010.02.08 05:40:57.697,0.86574,0.86589,1.10,1.30
2010.02.08 05:40:57.782,0.86571,0.86589,1.50,0.51
2010.02.08 05:41:19.864,0.86568,0.86584,1.20,0.89
2010.02.08 05:41:22.664,0.86571,0.86589,1.40,0.75
2010.02.08 05:42:08.153,0.86572,0.86589,1.40,2.00
2010.02.08 05:42:22.424,0.86571,0.86589,1.80,1.90
2010.02.08 05:43:51.113,0.86576,0.86591,0.78,1.70
2010.02.08 05:44:23.742,0.86577,0.86594,1.30,0.36
2010.02.08 05:44:27.590,0.86576,0.86594,2.00,0.89
2010.02.08 05:44:28.057,0.86571,0.86589,0.95,1.50
2010.02.08 05:44:28.636,0.8657,0.86579,0.73,1.30
2010.02.08 05:44:28.938,0.86564,0.86579,1.00,1.30
2010.02.08 05:44:29.215,0.86561,0.86574,0.72,1.30
2010.02.08 05:44:29.292,0.86555,0.86569,0.78,1.20
2010.02.08 05:44:29.591,0.86554,0.86569,1.50,2.20
2010.02.08 05:44:29.967,0.8655,0.86564,0.91,1.40
2010.02.08 05:44:30.081,0.86546,0.86564,1.50,0.59
2010.02.08 05:44:30.302,0.86545,0.86559,1.50,0.86
2010.02.08 05:44:30.502,0.86541,0.86559,1.80,0.73
2010.02.08 05:44:30.934,0.8654,0.86554,1.40,1.10
2010.02.08 05:44:31.011,0.86541,0.86559,1.20,0.61
2010.02.08 05:44:31.257,0.86544,0.86559,0.73,1.10
2010.02.08 05:44:31.381,0.86548,0.86559,0.81,1.20
2010.02.08 05:44:31.511,0.8655,0.86559,1.80,0.80
2010.02.08 05:44:31.650,0.86556,0.86566,1.60,2.50
2010.02.08 05:44:31.772,0.86551,0.86569,0.54,0.98
2010.02.08 05:44:31.937,0.86556,0.86571,1.70,2.20
2010.02.08 05:44:32.649,0.86561,0.86576,0.80,2.10
2010.02.08 05:44:33.385,0.86558,0.86574,0.82,1.70
2010.02.08 05:44:34.314,0.86556,0.86574,1.20,1.20
2010.02.08 05:44:34.450,0.86554,0.86569,0.90,1.10
2010.02.08 05:44:34.693,0.86552,0.86569,0.95,1.00
2010.02.08 05:44:35.140,0.86551,0.86569,1.20,0.70
2010.02.08 05:44:35.353,0.86559,0.86569,1.90,1.80
2010.02.08 05:44:35.533,0.86566,0.86572,0.99,1.20
2010.02.08 05:44:35.959,0.86571,0.86586,1.10,0.90
2010.02.08 05:44:37.102,0.86566,0.86584,1.50,0.98
2010.02.08 05:44:40.735,0.86571,0.86586,2.00,0.86
2010.02.08 05:44:49.187,0.86574,0.86589,1.80,1.10
2010.02.08 05:44:49.315,0.86576,0.86594,1.50,0.77
2010.02.08 05:44:49.453,0.8657,0.86584,1.50,1.10
2010.02.08 05:44:49.651,0.86566,0.86584,0.80,1.50
2010.02.08 05:44:49.955,0.86571,0.86583,0.93,1.60
2010.02.08 05:44:51.468,0.86566,0.86583,1.20,1.10
2010.02.08 05:44:52.347,0.86571,0.86583,0.39,1.20
2010.02.08 05:44:58.750,0.86566,0.86583,1.80,1.80
2010.02.08 05:45:05.057,0.86576,0.86586,2.50,1.70
2010.02.08 05:45:05.341,0.86568,0.86584,1.20,1.20
2010.02.08 05:45:05.577,0.86573,0.86584,0.70,0.72
2010.02.08 05:45:05.671,0.86568,0.86584,1.10,2.10
2010.02.08 05:45:05.866,0.86566,0.86582,1.30,0.91
2010.02.08 05:45:09.852,0.86561,0.86579,1.40,1.10
2010.02.08 05:45:16.239,0.86558,0.86574,2.70,0.89
2010.02.08 05:45:16.579,0.86556,0.86574,1.60,1.40
2010.02.08 05:45:31.850,0.86548,0.86564,1.00,0.94
2010.02.08 05:45:32.326,0.86546,0.86564,0.69,1.00
2010.02.08 05:45:35.550,0.86541,0.86559,1.60,0.94
2010.02.08 05:45:54.146,0.86542,0.86559,1.90,1.20
2010.02.08 05:45:54.877,0.86546,0.86562,1.10,1.00
2010.02.08 05:45:57.531,0.86541,0.86559,2.30,0.75
2010.02.08 05:46:14.485,0.86539,0.86554,2.00,0.89
2010.02.08 05:46:14.961,0.86536,0.86554,0.63,0.84
2010.02.08 05:46:15.227,0.86537,0.86554,1.80,0.98
2010.02.08 05:46:23.083,0.86536,0.86554,1.20,0.74
2010.02.08 05:46:23.611,0.86537,0.86554,0.92,1.50
2010.02.08 05:46:23.852,0.86531,0.86549,2.40,1.50
2010.02.08 05:46:24.348,0.86532,0.86549,0.75,1.40
2010.02.08 05:46:24.925,0.86531,0.86549,0.63,1.10
2010.02.08 05:46:55.097,0.86534,0.86549,1.30,0.92
2010.02.08 05:46:55.663,0.86536,0.86554,1.50,0.67
2010.02.08 05:46:57.448,0.86541,0.86556,1.00,1.10
2010.02.08 05:47:00.016,0.86544,0.86559,1.30,1.50
2010.02.08 05:47:00.986,0.86546,0.86564,0.83,2.00
2010.02.08 05:47:03.253,0.86544,0.86559,1.50,0.65
2010.02.08 05:47:03.780,0.86541,0.86559,0.85,1.30
2010.02.08 05:47:04.532,0.86546,0.86562,1.40,0.71
2010.02.08 05:47:30.118,0.86551,0.86563,1.50,0.78
2010.02.08 05:47:33.299,0.86554,0.86569,1.50,0.98
2010.02.08 05:47:33.819,0.86556,0.86573,1.20,0.58
2010.02.08 05:47:43.530,0.86551,0.86569,1.20,0.78
2010.02.08 05:47:45.251,0.86547,0.86564,0.86,1.00
2010.02.08 05:47:45.918,0.8655,0.86564,0.96,1.00
2010.02.08 05:47:46.123,0.86547,0.86564,0.88,1.10
2010.02.08 05:47:46.691,0.86551,0.86566,1.40,1.10
2010.02.08 05:47:59.000,0.86554,0.86569,1.40,0.72
2010.02.08 05:47:59.853,0.86556,0.86574,1.30,1.40
2010.02.08 05:48:17.343,0.86558,0.86574,0.70,0.76
2010.02.08 05:48:17.527,0.86561,0.86579,1.50,0.97
2010.02.08 05:48:43.134,0.86556,0.86574,0.92,1.30
2010.02.08 05:48:43.241,0.86554,0.86564,1.00,2.00
2010.02.08 05:48:43.303,0.86549,0.86564,0.63,2.40
2010.02.08 05:48:43.484,0.86546,0.86564,0.74,0.87
2010.02.08 05:48:43.643,0.86544,0.86554,0.97,1.30
2010.02.08 05:48:43.729,0.8654,0.86554,0.84,2.80
2010.02.08 05:48:43.891,0.86538,0.86554,0.75,0.75
2010.02.08 05:48:44.424,0.86536,0.86554,0.96,1.30
2010.02.08 05:48:47.165,0.8654,0.86554,0.83,2.00
2010.02.08 05:48:47.630,0.86546,0.86556,1.10,1.10
2010.02.08 05:48:48.152,0.86551,0.86564,1.20,1.60
2010.02.08 05:48:48.438,0.86549,0.86564,0.87,1.60
2010.02.08 05:48:48.669,0.86546,0.86564,0.93,1.00
2010.02.08 05:48:52.314,0.86551,0.86568,0.97,0.92
2010.02.08 05:48:52.879,0.86556,0.86571,0.92,1.10
2010.02.08 05:48:56.294,0.86554,0.86569,0.63,1.50
2010.02.08 05:48:56.571,0.86551,0.86569,0.97,1.20
2010.02.08 05:48:58.476,0.86554,0.86569,0.62,1.10
2010.02.08 05:48:58.850,0.86556,0.86574,0.90,0.64
2010.02.08 05:48:59.361,0.86559,0.86574,1.50,0.55
2010.02.08 05:48:59.655,0.86561,0.86579,0.62,0.80
2010.02.08 05:49:00.309,0.86564,0.86579,1.30,2.10
2010.02.08 05:49:00.562,0.86566,0.86584,1.00,0.92
2010.02.08 05:49:00.848,0.86561,0.86579,1.80,0.77
2010.02.08 05:49:09.117,0.86556,0.86574,0.76,1.20
2010.02.08 05:49:16.253,0.86558,0.86574,1.10,1.80
2010.02.08 05:49:16.588,0.86564,0.86574,1.30,1.60
2010.02.08 05:49:16.874,0.86566,0.86584,1.10,1.30
2010.02.08 05:49:17.119,0.86564,0.86579,0.71,1.10
2010.02.08 05:49:17.433,0.86563,0.86579,1.60,0.99
2010.02.08 05:49:17.802,0.86561,0.86579,0.61,1.00
2010.02.08 05:49:22.264,0.86562,0.86579,1.40,1.10
2010.02.08 05:49:22.685,0.86566,0.86582,1.30,0.80
2010.02.08 05:49:23.142,0.86562,0.86579,1.60,0.91
2010.02.08 05:49:23.627,0.86565,0.86579,0.81,2.20
2010.02.08 05:49:23.731,0.86566,0.86584,1.50,0.87
2010.02.08 05:49:25.137,0.86569,0.86584,0.93,1.70
2010.02.08 05:49:25.961,0.86571,0.86589,0.98,1.20
2010.02.08 05:49:29.134,0.86566,0.86584,1.70,1.80
2010.02.08 05:49:30.274,0.86569,0.86584,1.20,1.50
2010.02.08 05:49:30.424,0.86574,0.86584,0.50,0.88
2010.02.08 05:49:30.735,0.86576,0.86592,1.20,1.30
2010.02.08 05:49:32.042,0.86574,0.86589,1.30,1.60
2010.02.08 05:49:32.839,0.86571,0.86589,1.10,1.10
2010.02.08 05:49:37.222,0.86566,0.86584,1.20,0.90
2010.02.08 05:49:44.266,0.86571,0.86588,1.40,1.10
2010.02.08 05:49:44.357,0.86575,0.86589,0.97,0.80
2010.02.08 05:49:44.859,0.86576,0.86592,0.67,1.60
2010.02.08 05:49:45.114,0.86581,0.86597,0.95,1.30
2010.02.08 05:49:47.156,0.86578,0.86594,1.50,0.84
2010.02.08 05:49:47.608,0.86576,0.86594,1.20,1.10
2010.02.08 05:49:48.287,0.86571,0.86589,1.10,2.40
2010.02.08 05:49:48.858,0.86576,0.86593,1.30,1.80
2010.02.08 05:49:50.134,0.86579,0.86594,1.20,1.40
2010.02.08 05:49:50.374,0.86586,0.86598,1.30,1.20
2010.02.08 05:49:50.598,0.86584,0.86599,0.84,0.91
2010.02.08 05:49:50.829,0.86581,0.86599,1.70,1.80
2010.02.08 05:49:51.032,0.8658,0.86594,0.83,0.71
2010.02.08 05:49:51.558,0.86578,0.86594,1.10,2.00
2010.02.08 05:49:51.702,0.86576,0.86594,0.88,2.80
2010.02.08 05:49:52.158,0.86575,0.86589,0.86,0.63
2010.02.08 05:49:52.414,0.86571,0.86589,1.30,1.20
2010.02.08 05:49:52.588,0.86575,0.86589,1.20,1.10
2010.02.08 05:49:52.870,0.86576,0.86594,1.10,1.20
2010.02.08 05:49:53.013,0.86579,0.86594,0.84,1.90
2010.02.08 05:49:53.336,0.86585,0.86594,0.88,1.80
2010.02.08 05:49:53.890,0.86591,0.86596,1.10,1.70
2010.02.08 05:49:54.020,0.86596,0.86611,0.84,1.50
2010.02.08 05:49:54.834,0.86597,0.86614,1.10,0.90
2010.02.08 05:49:56.179,0.86599,0.86614,0.90,1.30
2010.02.08 05:50:03.957,0.86596,0.86614,1.10,1.10
2010.02.08 05:50:08.576,0.86601,0.86618,1.10,0.75
2010.02.08 05:50:18.031,0.86606,0.8662,1.20,0.82
2010.02.08 05:50:18.857,0.86601,0.86619,1.30,0.74
2010.02.08 05:50:23.361,0.86606,0.86619,1.10,1.40
2010.02.08 05:50:23.943,0.86611,0.86622,1.10,1.10
2010.02.08 05:50:24.187,0.86613,0.86629,0.65,1.40
2010.02.08 05:50:24.572,0.86616,0.86634,1.90,1.70
2010.02.08 05:50:25.423,0.86618,0.86634,0.91,0.97
2010.02.08 05:50:26.175,0.86616,0.86634,0.59,1.40
2010.02.08 05:50:32.897,0.86621,0.86635,1.30,1.10
2010.02.08 05:50:33.020,0.86622,0.86639,2.20,1.60
2010.02.08 05:50:33.542,0.86621,0.86639,1.30,1.10
2010.02.08 05:50:33.839,0.86626,0.86639,1.40,1.30
2010.02.08 05:50:34.233,0.86628,0.86644,0.74,1.90
2010.02.08 05:50:34.584,0.86636,0.8665,1.50,1.30
2010.02.08 05:50:34.810,0.86633,0.86649,0.59,0.98
2010.02.08 05:50:39.598,0.86631,0.86649,0.92,0.77
2010.02.08 05:50:47.129,0.86626,0.86644,1.20,1.40
2010.02.08 05:50:47.543,0.86631,0.86643,0.93,0.81
2010.02.08 05:50:55.073,0.86626,0.86644,2.00,1.10
2010.02.08 05:50:56.185,0.86621,0.86639,0.54,0.83
2010.02.08 05:50:57.240,0.86625,0.86639,0.97,1.70
2010.02.08 05:50:57.972,0.86631,0.86645,1.30,0.63
2010.02.08 05:51:04.103,0.86629,0.86644,1.30,2.40
2010.02.08 05:51:04.318,0.86627,0.86644,0.57,1.10
2010.02.08 05:51:04.516,0.86626,0.86644,1.30,0.89
2010.02.08 05:51:04.971,0.86631,0.86645,2.40,0.83
2010.02.08 05:51:10.572,0.86626,0.86644,0.70,1.40
2010.02.08 05:51:14.003,0.86631,0.86647,0.80,2.30
2010.02.08 05:51:27.585,0.86626,0.86644,1.30,0.84
2010.02.08 05:51:28.131,0.86621,0.86639,1.60,2.20
2010.02.08 05:51:30.823,0.86626,0.86642,1.30,1.20
2010.02.08 05:51:31.425,0.86623,0.86639,0.85,1.00
2010.02.08 05:51:31.979,0.86621,0.86639,1.10,0.70
2010.02.08 05:51:34.176,0.86626,0.86642,1.30,1.10
2010.02.08 05:51:35.297,0.86618,0.86634,1.70,1.20
2010.02.08 05:51:35.646,0.8662,0.86634,1.90,1.00
2010.02.08 05:51:35.932,0.86626,0.86635,1.20,1.60
2010.02.08 05:51:39.818,0.86621,0.86639,1.40,1.10
2010.02.08 05:51:40.277,0.86626,0.86642,1.30,1.10
2010.02.08 05:52:02.030,0.86621,0.86639,0.73,1.90
2010.02.08 05:52:02.318,0.86622,0.86639,1.50,1.20
2010.02.08 05:52:02.742,0.86626,0.8664,1.00,2.50
2010.02.08 05:52:02.962,0.86631,0.86647,1.30,1.30
2010.02.08 05:52:05.326,0.86636,0.86653,0.84,1.60
2010.02.08 05:52:06.079,0.86622,0.86634,1.20,1.70
2010.02.08 05:52:06.993,0.86618,0.86634,0.81,1.50
2010.02.08 05:52:07.147,0.86621,0.86634,0.60,0.77
2010.02.08 05:52:07.513,0.86626,0.86639,1.80,1.50
2010.02.08 05:52:07.680,0.86621,0.86639,0.90,0.80
2010.02.08 05:52:47.073,0.8662,0.86634,0.98,1.40
2010.02.08 05:52:47.589,0.86621,0.86635,0.83,0.72
2010.02.08 05:52:56.474,0.8662,0.86634,1.50,0.84
2010.02.08 05:53:02.405,0.86621,0.86639,1.70,0.80
2010.02.08 05:53:40.454,0.8662,0.86634,1.80,1.10
2010.02.08 05:53:55.721,0.86616,0.86634,2.00,0.84
2010.02.08 05:53:57.046,0.86613,0.86629,1.90,1.00
2010.02.08 05:53:57.519,0.86612,0.86629,0.81,0.95
2010.02.08 05:53:57.842,0.86611,0.86629,0.75,1.10
2010.02.08 05:53:59.702,0.86616,0.8663,1.70,1.20
2010.02.08 05:54:07.135,0.8662,0.86634,1.00,2.40
2010.02.08 05:54:07.806,0.86621,0.86639,0.70,0.92
2010.02.08 05:54:14.126,0.86618,0.86634,0.66,1.10
2010.02.08 05:54:14.281,0.86617,0.86634,0.67,1.80
2010.02.08 05:54:14.643,0.86616,0.86634,0.86,1.40
2010.02.08 05:54:14.797,0.86623,0.86634,1.10,1.20
2010.02.08 05:54:20.038,0.86621,0.86639,1.20,1.20
2010.02.08 05:54:20.742,0.86616,0.86634,1.50,1.20
2010.02.08 05:54:26.415,0.86621,0.86635,1.30,1.30
2010.02.08 05:54:30.156,0.86625,0.86639,1.00,1.50
2010.02.08 05:54:30.254,0.86627,0.86639,1.30,1.60
2010.02.08 05:54:30.559,0.86628,0.86639,1.20,0.39
2010.02.08 05:54:30.738,0.86635,0.86639,3.20,1.20
2010.02.08 05:54:30.897,0.86636,0.86649,1.70,1.30
2010.02.08 05:54:32.978,0.86631,0.86648,1.00,0.99
2010.02.08 05:54:33.085,0.86626,0.86644,1.90,1.90
2010.02.08 05:54:34.159,0.86623,0.86639,0.82,0.81
2010.02.08 05:54:34.990,0.86621,0.86639,0.96,1.10
2010.02.08 05:55:04.300,0.86619,0.86634,1.20,1.10
2010.02.08 05:55:04.820,0.86616,0.86634,1.20,0.81
2010.02.08 05:55:07.163,0.86613,0.86629,1.40,1.10
2010.02.08 05:55:07.445,0.86612,0.86629,1.20,1.50
2010.02.08 05:55:07.689,0.86611,0.86629,0.95,1.20
2010.02.08 05:55:14.286,0.86606,0.86624,1.50,1.00
2010.02.08 05:55:21.376,0.86609,0.86624,1.20,1.10
2010.02.08 05:55:21.525,0.86611,0.86629,0.88,1.40
2010.02.08 05:55:22.188,0.86613,0.86629,1.00,1.20
2010.02.08 05:55:22.979,0.86616,0.8663,0.72,1.60
2010.02.08 05:55:42.196,0.86617,0.86634,0.99,1.20
2010.02.08 05:55:42.866,0.86621,0.86639,2.00,1.20
2010.02.08 05:55:49.629,0.86616,0.86634,0.69,1.00
2010.02.08 05:55:57.131,0.86613,0.86629,1.20,1.60
2010.02.08 05:55:57.904,0.86611,0.86629,1.30,1.10
2010.02.08 05:56:12.146,0.86613,0.86629,1.40,1.60
2010.02.08 05:56:12.414,0.86614,0.86629,1.50,1.60
2010.02.08 05:56:12.513,0.86616,0.86634,1.90,1.20
2010.02.08 05:56:12.985,0.86611,0.86629,0.87,1.10
2010.02.08 05:56:21.420,0.86614,0.86629,1.00,1.40
2010.02.08 05:56:21.674,0.86616,0.8663,1.20,1.40
2010.02.08 05:56:41.204,0.86621,0.86635,0.96,1.40
2010.02.08 05:56:44.078,0.86623,0.86639,2.10,1.10
2010.02.08 05:56:44.165,0.86626,0.86643,2.40,0.99
2010.02.08 05:56:44.346,0.86618,0.86634,2.00,0.88
2010.02.08 05:56:44.488,0.86616,0.86634,1.20,2.90
2010.02.08 05:56:44.699,0.86621,0.86634,1.90,0.88
2010.02.08 05:56:44.714,0.86625,0.86634,0.71,2.20
2010.02.08 05:56:44.899,0.86626,0.8664,1.30,0.82
2010.02.08 05:56:45.330,0.86631,0.8664,0.96,1.60
2010.02.08 05:56:45.416,0.86628,0.86644,1.40,1.30
2010.02.08 05:56:45.771,0.86626,0.86644,1.80,1.10
2010.02.08 05:57:05.435,0.86621,0.86639,1.90,1.30
2010.02.08 05:57:07.230,0.86623,0.86639,1.10,0.75
2010.02.08 05:57:07.981,0.86626,0.8664,1.80,0.99
2010.02.08 05:57:15.198,0.86621,0.86639,1.30,1.90
2010.02.08 05:57:54.691,0.86626,0.86642,0.82,0.98
2010.02.08 05:58:01.924,0.86631,0.86647,0.83,0.80
2010.02.08 05:58:46.733,0.86626,0.86644,0.81,1.30
2010.02.08 05:58:47.781,0.86631,0.86646,1.40,1.30
2010.02.08 05:58:56.757,0.86636,0.86648,0.83,1.40
2010.02.08 05:58:59.006,0.86639,0.86654,1.10,1.10
2010.02.08 05:58:59.368,0.86641,0.86659,1.10,1.50
2010.02.08 05:58:59.646,0.86642,0.86659,1.10,1.50
2010.02.08 05:58:59.986,0.86641,0.86659,0.74,1.10
2010.02.08 05:59:09.055,0.86646,0.86662,1.20,0.99
2010.02.08 05:59:12.029,0.86651,0.86665,1.10,0.46
2010.02.08 05:59:29.957,0.86646,0.86664,2.30,1.30
2010.02.08 05:59:30.181,0.86648,0.86664,1.50,1.20
2010.02.08 05:59:30.828,0.86651,0.86669,1.60,1.20
2010.02.08 05:59:36.887,0.86636,0.86654,2.40,0.91
2010.02.08 05:59:46.005,0.86633,0.86644,1.90,1.70
2010.02.08 05:59:46.329,0.86627,0.86644,1.10,1.80
2010.02.08 05:59:46.568,0.86626,0.86644,1.80,0.82
2010.02.08 05:59:46.777,0.86623,0.86639,0.92,1.00
2010.02.08 05:59:46.989,0.86621,0.86639,1.60,1.50
2010.02.08 05:59:48.677,0.86626,0.8664,1.00,1.50
2010.02.08 05:59:50.347,0.86628,0.86644,1.60,0.96
2010.02.08 05:59:50.512,0.86631,0.86649,1.10,1.20
2010.02.08 05:59:53.658,0.86636,0.86653,1.30,0.97
2010.02.08 05:59:57.508,0.86641,0.86655,1.30,1.50
2010.02.08 05:59:59.243,0.86644,0.86659,1.40,1.10
2010.02.08 05:59:59.571,0.86651,0.8666,1.30,1.60
