2018.05.21 18:00:02.281,0.75685,0.75694,1.37,1.12
2018.05.21 18:00:02.439,0.75686,0.75696,1.12,3.00
2018.05.21 18:00:02.982,0.75685,0.75695,3.45,2.25
2018.05.21 18:00:03.339,0.75685,0.75695,4.50,1.50
2018.05.21 18:00:03.771,0.75685,0.75695,1.87,1.12
2018.05.21 18:00:04.595,0.75688,0.75698,1.00,4.12
2018.05.21 18:00:04.959,0.75688,0.75696,1.00,2.25
2018.05.21 18:00:05.011,0.75686,0.75696,2.70,1.87
2018.05.21 18:00:07.768,0.75686,0.75695,1.00,1.00
2018.05.21 18:00:08.312,0.75685,0.75696,1.87,7.12
2018.05.21 18:00:13.434,0.75684,0.75694,2.70,2.25
2018.05.21 18:00:13.985,0.75684,0.75693,1.50,1.12
2018.05.21 18:00:21.239,0.75683,0.75693,1.95,1.12
2018.05.21 18:00:21.547,0.75683,0.75691,1.12,1.00
2018.05.21 18:00:21.600,0.75683,0.75693,1.12,3.00
2018.05.21 18:00:22.124,0.75684,0.75694,1.12,1.00
2018.05.21 18:00:25.202,0.75683,0.75694,2.70,1.00
2018.05.21 18:00:25.733,0.75684,0.75694,1.50,1.00
2018.05.21 18:00:31.977,0.75683,0.75694,6.82,2.25
2018.05.21 18:00:35.949,0.75683,0.75691,1.00,1.00
2018.05.21 18:00:36.115,0.75681,0.75691,1.87,1.50
2018.05.21 18:00:36.650,0.75681,0.75691,3.37,1.12
2018.05.21 18:00:37.887,0.75681,0.75692,2.25,4.87
2018.05.21 18:00:43.188,0.75681,0.75691,1.50,2.62
2018.05.21 18:00:44.418,0.75682,0.75691,1.00,1.87
2018.05.21 18:00:50.499,0.75682,0.75691,1.00,2.62
2018.05.21 18:00:51.146,0.75682,0.75691,1.00,1.87
2018.05.21 18:00:52.705,0.75682,0.75691,1.00,1.87
2018.05.21 18:00:59.906,0.75682,0.75691,1.50,1.50
2018.05.21 18:01:00.994,0.75682,0.75691,1.00,2.62
2018.05.21 18:01:07.188,0.75681,0.75691,1.12,1.87
2018.05.21 18:01:07.634,0.75681,0.75686,1.00,1.00
2018.05.21 18:01:07.686,0.75677,0.75685,1.00,1.00
2018.05.21 18:01:07.792,0.75674,0.75684,1.95,1.00
2018.05.21 18:01:08.672,0.75674,0.75683,1.37,1.00
2018.05.21 18:01:14.206,0.75673,0.75683,3.37,1.10
2018.05.21 18:01:14.740,0.75673,0.75683,1.12,1.57
2018.05.21 18:01:15.274,0.75673,0.75683,1.50,1.57
2018.05.21 18:01:17.920,0.75673,0.75683,1.00,1.57
2018.05.21 18:01:18.439,0.75673,0.75683,1.50,1.57
2018.05.21 18:01:20.551,0.75673,0.75683,1.00,2.32
2018.05.21 18:01:21.795,0.75673,0.75682,1.00,1.10
2018.05.21 18:01:23.249,0.75674,0.75683,1.00,1.20
2018.05.21 18:01:23.836,0.75674,0.75684,1.50,2.70
2018.05.21 18:01:24.364,0.75674,0.75684,1.00,2.32
2018.05.21 18:01:24.960,0.75674,0.75684,1.50,1.95
2018.05.21 18:01:25.343,0.75676,0.75685,1.00,2.70
2018.05.21 18:01:25.643,0.75675,0.75685,2.62,1.95
2018.05.21 18:01:26.334,0.75676,0.75685,1.00,2.70
2018.05.21 18:01:26.947,0.75675,0.75685,2.62,1.95
2018.05.21 18:01:27.680,0.75676,0.75685,1.00,2.70
2018.05.21 18:01:28.227,0.75676,0.75685,1.12,1.57
2018.05.21 18:01:28.382,0.75678,0.75686,1.50,1.10
2018.05.21 18:01:28.689,0.7568,0.75688,1.37,1.00
2018.05.21 18:01:29.231,0.7568,0.7569,1.50,3.07
2018.05.21 18:01:29.780,0.7568,0.75691,1.50,4.57
2018.05.21 18:01:30.318,0.7568,0.7569,1.50,1.20
2018.05.21 18:01:30.868,0.7568,0.75691,1.50,4.57
2018.05.21 18:01:31.395,0.7568,0.7569,2.25,1.57
2018.05.21 18:01:31.903,0.7568,0.75689,1.50,1.07
2018.05.21 18:01:33.446,0.75679,0.75687,1.12,1.00
2018.05.21 18:01:33.607,0.75677,0.75686,2.62,1.12
2018.05.21 18:01:33.763,0.75677,0.75686,1.12,1.57
2018.05.21 18:01:33.970,0.75675,0.75684,1.87,1.10
2018.05.21 18:01:35.039,0.75676,0.75685,1.00,2.32
2018.05.21 18:01:35.807,0.75675,0.75685,1.00,5.32
2018.05.21 18:01:36.351,0.75674,0.75685,4.12,4.20
2018.05.21 18:01:37.734,0.75674,0.75684,3.37,1.57
2018.05.21 18:01:38.706,0.75674,0.75684,3.37,1.57
2018.05.21 18:01:39.036,0.75674,0.75684,3.37,1.57
2018.05.21 18:01:39.249,0.75674,0.75684,3.37,1.57
2018.05.21 18:01:40.663,0.75677,0.75687,1.00,2.70
2018.05.21 18:01:41.180,0.75675,0.75686,2.62,2.32
2018.05.21 18:01:41.881,0.75676,0.75686,1.00,3.82
2018.05.21 18:01:43.657,0.75675,0.75686,2.25,3.45
2018.05.21 18:01:44.419,0.75676,0.75686,1.00,3.82
2018.05.21 18:01:45.004,0.75675,0.75686,1.50,3.82
2018.05.21 18:01:45.535,0.75675,0.75684,1.50,1.45
2018.05.21 18:01:46.389,0.75676,0.75684,1.00,1.45
2018.05.21 18:01:46.933,0.75675,0.75684,1.50,1.45
2018.05.21 18:01:47.517,0.75676,0.75684,1.00,1.45
2018.05.21 18:01:48.782,0.75675,0.75684,1.50,1.45
2018.05.21 18:01:52.012,0.75676,0.75684,1.00,1.45
2018.05.21 18:01:53.157,0.75675,0.75684,1.50,1.10
2018.05.21 18:01:53.899,0.75676,0.75684,1.00,1.20
2018.05.21 18:01:54.417,0.75675,0.75684,1.50,1.10
2018.05.21 18:01:57.587,0.75675,0.75685,3.00,1.95
2018.05.21 18:01:58.230,0.75678,0.75686,1.00,1.45
2018.05.21 18:01:58.531,0.75676,0.75685,1.50,1.00
2018.05.21 18:01:59.151,0.75676,0.75685,1.00,1.45
2018.05.21 18:01:59.797,0.75675,0.75685,1.50,1.45
2018.05.21 18:02:00.403,0.75676,0.75685,1.00,2.70
2018.05.21 18:02:01.119,0.75676,0.75685,1.00,2.70
2018.05.21 18:02:02.856,0.75676,0.75685,1.00,3.45
2018.05.21 18:02:03.011,0.75674,0.75685,3.37,4.01
2018.05.21 18:02:03.063,0.75674,0.75684,1.87,1.45
2018.05.21 18:02:03.334,0.75674,0.75684,1.87,1.20
2018.05.21 18:02:03.642,0.75674,0.75684,2.62,1.45
2018.05.21 18:02:04.291,0.75674,0.75685,1.87,3.45
2018.05.21 18:02:04.804,0.75674,0.75685,1.87,4.20
2018.05.21 18:02:05.306,0.75674,0.75685,2.25,5.32
2018.05.21 18:02:06.432,0.75674,0.75683,1.50,1.95
2018.05.21 18:02:07.058,0.75673,0.75683,1.00,1.57
2018.05.21 18:02:08.059,0.75672,0.75682,1.87,1.57
2018.05.21 18:02:08.560,0.75672,0.75682,1.87,1.57
2018.05.21 18:02:08.974,0.75672,0.75682,1.12,2.89
2018.05.21 18:02:14.752,0.75672,0.7568,1.00,3.07
2018.05.21 18:02:15.281,0.7567,0.7568,3.37,2.32
2018.05.21 18:02:16.137,0.7567,0.7568,2.25,1.45
2018.05.21 18:02:17.110,0.75671,0.7568,1.12,1.20
2018.05.21 18:02:27.195,0.75671,0.75678,1.00,1.37
2018.05.21 18:02:27.248,0.75667,0.75676,1.07,1.37
2018.05.21 18:02:27.302,0.75666,0.75675,1.00,1.50
2018.05.21 18:02:27.408,0.75664,0.75675,1.57,4.12
2018.05.21 18:02:27.560,0.75664,0.75674,1.87,1.87
2018.05.21 18:02:38.071,0.75664,0.75673,1.12,1.00
2018.05.21 18:02:38.893,0.75664,0.75672,1.00,1.12
2018.05.21 18:02:41.810,0.75662,0.75673,1.00,3.75
2018.05.21 18:02:42.445,0.75662,0.75671,1.00,1.12
2018.05.21 18:02:44.077,0.75661,0.75671,1.12,1.87
2018.05.21 18:02:44.619,0.75661,0.75671,1.12,1.37
2018.05.21 18:02:46.576,0.75662,0.7567,1.00,1.12
2018.05.21 18:02:47.089,0.75662,0.75669,1.00,1.00
2018.05.21 18:02:47.598,0.75661,0.7567,1.12,1.12
2018.05.21 18:02:47.701,0.7566,0.75668,1.50,1.00
2018.05.21 18:02:47.803,0.7566,0.75671,2.25,2.32
2018.05.21 18:02:48.344,0.75661,0.75671,1.00,2.32
2018.05.21 18:02:49.119,0.75661,0.75671,1.00,2.32
2018.05.21 18:02:49.670,0.75661,0.7567,1.00,1.00
2018.05.21 18:02:50.303,0.75661,0.75671,1.00,2.25
2018.05.21 18:02:50.983,0.7566,0.75671,1.95,3.00
2018.05.21 18:02:51.484,0.7566,0.7567,2.62,1.00
2018.05.21 18:02:53.113,0.7566,0.75671,1.87,2.32
2018.05.21 18:02:53.649,0.7566,0.7567,2.62,1.00
2018.05.21 18:02:54.347,0.7566,0.75671,1.87,2.32
2018.05.21 18:02:54.856,0.7566,0.75671,2.25,2.32
2018.05.21 18:02:58.279,0.7566,0.75672,3.75,4.87
2018.05.21 18:02:59.179,0.75661,0.75672,1.50,2.62
2018.05.21 18:03:03.110,0.75661,0.7567,1.50,1.00
2018.05.21 18:03:03.633,0.75661,0.75671,1.50,1.12
2018.05.21 18:03:04.179,0.75661,0.7567,1.87,1.00
2018.05.21 18:03:04.689,0.75661,0.75671,1.87,1.50
2018.05.21 18:03:08.807,0.75661,0.75672,2.62,4.20
2018.05.21 18:03:09.959,0.75661,0.75671,1.87,1.57
2018.05.21 18:03:10.850,0.75661,0.7567,1.87,1.00
2018.05.21 18:03:16.422,0.75661,0.75671,1.37,2.32
2018.05.21 18:03:18.496,0.75661,0.75669,1.37,1.00
2018.05.21 18:03:18.702,0.75661,0.75671,1.37,2.32
2018.05.21 18:03:22.543,0.75661,0.75671,1.37,2.25
2018.05.21 18:03:23.845,0.75661,0.75671,1.37,2.25
2018.05.21 18:03:24.614,0.75661,0.7567,1.37,1.00
2018.05.21 18:03:30.461,0.75657,0.75665,1.00,1.12
2018.05.21 18:03:30.775,0.75655,0.75665,3.00,1.00
2018.05.21 18:03:31.705,0.75654,0.75665,3.19,1.87
2018.05.21 18:03:31.914,0.75655,0.75664,1.12,1.12
2018.05.21 18:03:31.967,0.75654,0.75664,3.75,1.12
2018.05.21 18:03:35.237,0.75654,0.75665,3.75,4.12
2018.05.21 18:03:35.740,0.75654,0.75664,3.75,1.00
2018.05.21 18:03:39.717,0.75655,0.75665,1.50,1.87
2018.05.21 18:03:40.240,0.75654,0.75664,2.25,1.00
2018.05.21 18:03:41.981,0.75654,0.75665,3.75,3.37
2018.05.21 18:03:42.491,0.75655,0.75665,1.50,3.37
2018.05.21 18:03:42.997,0.75655,0.75664,1.87,1.00
2018.05.21 18:03:43.540,0.75655,0.75665,1.87,3.75
2018.05.21 18:03:44.118,0.75655,0.75664,2.62,1.00
2018.05.21 18:03:45.906,0.75655,0.75665,3.37,2.25
2018.05.21 18:03:46.801,0.75659,0.75666,1.12,1.57
2018.05.21 18:03:46.905,0.7566,0.7567,1.37,1.12
2018.05.21 18:03:59.993,0.75661,0.7567,1.37,1.12
2018.05.21 18:04:00.537,0.75662,0.75671,1.12,1.00
2018.05.21 18:04:01.756,0.75662,0.7567,5.25,1.00
2018.05.21 18:04:02.285,0.75662,0.75671,1.50,1.00
2018.05.21 18:04:02.818,0.75662,0.7567,3.00,1.00
2018.05.21 18:04:03.766,0.75662,0.75671,3.75,1.00
2018.05.21 18:04:04.394,0.75663,0.7567,1.00,1.00
2018.05.21 18:04:05.080,0.75662,0.7567,2.62,1.00
2018.05.21 18:04:05.943,0.75662,0.75671,1.87,1.00
2018.05.21 18:04:06.492,0.75662,0.7567,2.62,1.00
2018.05.21 18:04:07.221,0.75662,0.75671,1.95,1.00
2018.05.21 18:04:07.734,0.75662,0.7567,2.70,1.00
2018.05.21 18:04:08.534,0.75662,0.75671,1.95,1.00
2018.05.21 18:04:11.138,0.75662,0.7567,2.70,1.00
2018.05.21 18:04:11.964,0.75662,0.75671,1.95,1.00
2018.05.21 18:04:13.310,0.75662,0.7567,2.70,1.00
2018.05.21 18:04:14.061,0.75662,0.75671,1.95,1.00
2018.05.21 18:04:15.758,0.75662,0.7567,4.20,1.00
2018.05.21 18:04:15.813,0.75662,0.75673,4.95,2.25
2018.05.21 18:04:15.918,0.75663,0.75673,2.62,1.50
2018.05.21 18:04:16.454,0.75663,0.75673,1.00,1.12
2018.05.21 18:04:17.677,0.75663,0.75673,1.00,1.37
2018.05.21 18:04:24.916,0.75663,0.75673,1.87,1.12
2018.05.21 18:04:30.785,0.75662,0.75673,1.12,5.44
2018.05.21 18:04:31.358,0.75662,0.75672,1.12,1.00
2018.05.21 18:04:32.385,0.75662,0.75672,1.12,1.87
2018.05.21 18:04:37.763,0.75662,0.75672,1.12,1.12
2018.05.21 18:04:46.881,0.75661,0.7567,3.00,1.00
2018.05.21 18:04:47.212,0.75655,0.75664,1.45,1.00
2018.05.21 18:04:54.703,0.75656,0.75666,1.87,2.25
2018.05.21 18:04:54.756,0.75657,0.75667,2.25,1.95
2018.05.21 18:04:54.809,0.75659,0.75668,1.87,2.32
2018.05.21 18:04:55.351,0.7566,0.7567,1.87,2.62
2018.05.21 18:04:56.148,0.7566,0.7567,1.12,1.50
2018.05.21 18:05:01.658,0.7566,0.75669,1.12,1.00
2018.05.21 18:05:01.919,0.75655,0.75665,1.87,1.00
2018.05.21 18:05:02.216,0.75657,0.75665,1.00,1.00
2018.05.21 18:05:02.532,0.75658,0.75668,2.25,1.12
2018.05.21 18:05:02.637,0.75655,0.75666,1.37,1.87
2018.05.21 18:05:02.969,0.75655,0.75664,1.37,1.00
2018.05.21 18:05:03.178,0.75656,0.75666,2.62,1.87
2018.05.21 18:05:03.283,0.75658,0.75668,1.50,2.70
2018.05.21 18:05:03.335,0.75658,0.75668,1.50,1.57
2018.05.21 18:05:03.853,0.75658,0.75667,1.87,1.00
2018.05.21 18:05:04.531,0.75658,0.75667,1.12,1.00
2018.05.21 18:05:04.637,0.75655,0.75665,2.25,1.00
2018.05.21 18:05:05.143,0.75655,0.75664,1.00,1.12
2018.05.21 18:05:05.676,0.75654,0.75664,3.75,1.12
2018.05.21 18:05:12.377,0.75654,0.75663,2.25,1.00
2018.05.21 18:05:12.915,0.75654,0.75664,2.25,1.00
2018.05.21 18:05:13.719,0.75654,0.75663,1.50,1.00
2018.05.21 18:05:14.468,0.75654,0.75664,1.50,1.00
2018.05.21 18:05:16.131,0.75653,0.75664,4.87,1.10
2018.05.21 18:05:17.530,0.75654,0.75664,1.00,1.00
2018.05.21 18:05:18.649,0.75655,0.75664,1.00,1.00
2018.05.21 18:05:19.178,0.75654,0.75664,1.12,1.12
2018.05.21 18:05:19.688,0.75655,0.75664,1.00,1.87
2018.05.21 18:05:21.536,0.75654,0.75664,1.12,1.87
2018.05.21 18:05:23.130,0.75655,0.75664,1.00,1.00
2018.05.21 18:05:23.676,0.75654,0.75664,1.00,1.00
2018.05.21 18:05:24.200,0.75654,0.75664,1.00,1.37
2018.05.21 18:05:24.735,0.75655,0.75663,1.00,1.12
2018.05.21 18:05:25.437,0.75654,0.75663,1.00,1.12
2018.05.21 18:05:26.859,0.75655,0.75663,1.00,1.12
2018.05.21 18:05:26.911,0.75653,0.75663,1.00,1.12
2018.05.21 18:05:28.661,0.75652,0.75663,1.50,1.50
2018.05.21 18:05:30.216,0.75653,0.75663,4.50,1.00
2018.05.21 18:05:41.482,0.75654,0.75664,1.12,1.12
2018.05.21 18:05:42.021,0.75656,0.75664,1.00,1.00
2018.05.21 18:05:43.896,0.75655,0.75664,1.00,1.00
2018.05.21 18:05:44.385,0.75655,0.75666,1.00,4.12
2018.05.21 18:05:46.080,0.75656,0.75666,1.00,6.37
2018.05.21 18:05:47.604,0.75655,0.75666,1.00,4.12
2018.05.21 18:05:49.028,0.75656,0.75666,1.00,8.14
2018.05.21 18:05:49.583,0.75655,0.75665,1.00,1.00
2018.05.21 18:05:50.210,0.75655,0.75664,1.00,1.00
2018.05.21 18:05:52.213,0.75656,0.75664,1.00,1.00
2018.05.21 18:05:53.232,0.75654,0.75664,1.10,1.12
2018.05.21 18:05:54.004,0.75656,0.75664,1.00,1.12
2018.05.21 18:05:54.519,0.75655,0.75666,1.12,2.70
2018.05.21 18:05:55.072,0.75656,0.75666,1.00,4.95
2018.05.21 18:05:55.609,0.75655,0.75666,1.00,2.62
2018.05.21 18:05:56.150,0.75656,0.75666,1.00,5.62
2018.05.21 18:05:57.048,0.75655,0.75666,1.00,2.62
2018.05.21 18:05:57.801,0.75656,0.75666,1.00,4.87
2018.05.21 18:05:58.320,0.75654,0.75665,1.87,1.12
2018.05.21 18:05:59.179,0.75654,0.75665,1.50,1.87
2018.05.21 18:06:05.885,0.75654,0.75664,2.25,1.00
2018.05.21 18:06:07.627,0.75654,0.75663,1.00,1.00
2018.05.21 18:06:08.194,0.75654,0.75664,1.00,1.50
2018.05.21 18:06:10.335,0.75655,0.75664,1.00,1.00
2018.05.21 18:06:11.649,0.75654,0.75664,1.87,1.00
2018.05.21 18:06:12.174,0.75655,0.75664,1.00,1.00
2018.05.21 18:06:12.702,0.75654,0.75664,1.50,1.00
2018.05.21 18:06:13.316,0.75655,0.75664,1.00,1.00
2018.05.21 18:06:13.843,0.75654,0.75664,1.50,1.00
2018.05.21 18:06:14.384,0.75655,0.75664,1.00,1.00
2018.05.21 18:06:14.928,0.75654,0.75664,1.50,1.00
2018.05.21 18:06:15.645,0.75655,0.75664,1.00,2.62
2018.05.21 18:06:16.172,0.75654,0.75664,1.50,3.00
2018.05.21 18:06:23.219,0.75653,0.75664,3.37,3.00
2018.05.21 18:06:24.152,0.75654,0.75664,1.00,2.62
2018.05.21 18:06:27.123,0.75654,0.75664,1.50,2.62
2018.05.21 18:06:27.642,0.75653,0.75664,2.70,2.62
2018.05.21 18:06:28.413,0.75653,0.75664,1.95,2.25
2018.05.21 18:06:29.790,0.75653,0.75663,1.87,1.00
2018.05.21 18:06:30.320,0.75653,0.75664,1.87,2.25
2018.05.21 18:06:33.967,0.75654,0.75664,1.37,2.25
2018.05.21 18:06:38.043,0.75653,0.75663,2.32,1.12
2018.05.21 18:06:43.456,0.75655,0.75664,2.25,1.10
2018.05.21 18:06:43.766,0.75657,0.75665,1.12,1.00
2018.05.21 18:06:45.604,0.75659,0.75669,1.75,3.07
2018.05.21 18:06:45.773,0.75661,0.7567,1.37,1.00
2018.05.21 18:07:06.804,0.75661,0.75671,1.37,2.25
2018.05.21 18:07:07.379,0.75661,0.7567,1.37,1.00
2018.05.21 18:07:09.074,0.75661,0.75671,1.37,2.25
2018.05.21 18:07:09.928,0.75661,0.7567,1.37,1.00
2018.05.21 18:07:10.707,0.75661,0.75671,1.37,2.25
2018.05.21 18:07:11.265,0.75661,0.7567,1.37,1.00
2018.05.21 18:07:12.583,0.75661,0.75671,1.37,2.25
2018.05.21 18:07:13.131,0.75661,0.7567,1.37,1.00
2018.05.21 18:07:13.660,0.75661,0.75671,1.37,2.25
2018.05.21 18:07:14.211,0.75661,0.7567,1.37,1.00
2018.05.21 18:07:14.824,0.75661,0.75671,1.37,2.25
2018.05.21 18:07:15.766,0.75661,0.7567,1.37,1.00
2018.05.21 18:07:16.346,0.75661,0.75671,1.37,2.25
2018.05.21 18:07:17.158,0.75661,0.7567,1.37,1.00
2018.05.21 18:07:17.677,0.75661,0.75671,1.37,2.25
2018.05.21 18:07:21.265,0.7566,0.75671,1.12,3.00
2018.05.21 18:07:21.886,0.7566,0.7567,1.00,3.00
2018.05.21 18:07:22.528,0.7566,0.7567,1.50,2.62
2018.05.21 18:07:25.152,0.7566,0.7567,1.00,2.25
2018.05.21 18:07:26.394,0.75659,0.7567,2.25,1.12
2018.05.21 18:07:51.221,0.75659,0.75669,1.87,1.00
2018.05.21 18:07:55.116,0.7566,0.75671,1.12,2.25
2018.05.21 18:07:55.777,0.75661,0.75671,1.00,3.75
2018.05.21 18:07:56.290,0.7566,0.75671,1.87,2.25
2018.05.21 18:07:56.883,0.75661,0.75671,1.00,3.00
2018.05.21 18:07:58.348,0.7566,0.75671,1.12,2.25
2018.05.21 18:07:58.555,0.7566,0.7567,1.12,1.50
2018.05.21 18:07:59.097,0.7566,0.75671,1.87,4.50
2018.05.21 18:08:06.656,0.7566,0.75671,1.87,3.75
2018.05.21 18:08:11.768,0.7566,0.75671,1.87,3.82
2018.05.21 18:08:34.420,0.7566,0.7567,1.87,2.25
2018.05.21 18:08:40.779,0.75659,0.7567,2.25,1.87
2018.05.21 18:08:41.642,0.75661,0.75669,1.00,1.12
2018.05.21 18:08:42.161,0.7566,0.75669,1.12,1.00
2018.05.21 18:08:42.777,0.75659,0.7567,3.75,1.50
2018.05.21 18:08:44.162,0.75659,0.7567,5.25,1.37
2018.05.21 18:08:47.850,0.75659,0.75669,5.70,1.00
2018.05.21 18:08:48.456,0.7566,0.7567,1.00,1.47
2018.05.21 18:09:10.410,0.75661,0.7567,1.00,1.47
2018.05.21 18:09:11.132,0.7566,0.7567,1.00,1.47
2018.05.21 18:09:47.105,0.75659,0.7567,7.12,1.37
2018.05.21 18:09:47.765,0.75662,0.75671,1.00,1.87
2018.05.21 18:09:48.409,0.75663,0.75671,1.12,1.00
2018.05.21 18:09:48.912,0.75664,0.75671,1.00,1.00
2018.05.21 18:09:49.430,0.75663,0.75671,1.12,1.00
2018.05.21 18:09:51.430,0.75664,0.75671,1.00,1.00
2018.05.21 18:09:52.508,0.75663,0.75671,1.12,1.00
2018.05.21 18:09:53.085,0.75664,0.75671,1.00,1.00
2018.05.21 18:09:53.657,0.75663,0.75671,1.12,1.00
2018.05.21 18:09:55.239,0.75664,0.75671,1.00,1.00
2018.05.21 18:09:56.229,0.75663,0.75671,1.12,1.00
2018.05.21 18:09:57.186,0.75664,0.75671,1.00,1.00
2018.05.21 18:09:59.014,0.75663,0.75671,1.12,1.00
2018.05.21 18:10:00.182,0.75662,0.75671,1.50,1.00
2018.05.21 18:10:00.579,0.75661,0.75671,1.12,2.62
2018.05.21 18:10:15.820,0.75661,0.75671,1.87,2.32
2018.05.21 18:10:16.833,0.75661,0.75671,1.87,2.32
2018.05.21 18:10:23.230,0.75661,0.75671,2.25,1.00
2018.05.21 18:10:23.736,0.75662,0.75673,1.50,2.25
2018.05.21 18:10:24.770,0.75663,0.75673,1.00,3.00
2018.05.21 18:10:25.320,0.75662,0.75673,1.87,3.07
2018.05.21 18:10:29.282,0.75663,0.75673,1.00,2.70
2018.05.21 18:10:29.387,0.75663,0.75673,2.62,1.12
2018.05.21 18:10:29.992,0.75665,0.75674,1.12,1.00
2018.05.21 18:10:30.514,0.75664,0.75673,1.00,1.00
2018.05.21 18:10:32.040,0.75662,0.75673,1.87,1.87
2018.05.21 18:10:34.823,0.75662,0.75673,1.50,3.37
2018.05.21 18:10:35.193,0.75664,0.75673,1.00,1.00
2018.05.21 18:10:35.805,0.75663,0.75673,1.87,1.00
2018.05.21 18:10:42.084,0.75663,0.75672,1.50,1.00
2018.05.21 18:10:42.598,0.75662,0.75672,2.25,1.00
2018.05.21 18:10:54.082,0.75662,0.75672,2.25,1.47
2018.05.21 18:10:55.397,0.75662,0.75672,1.50,1.12
2018.05.21 18:10:56.522,0.75663,0.75672,1.00,1.12
2018.05.21 18:10:57.118,0.75663,0.75673,1.87,1.50
2018.05.21 18:10:57.625,0.75665,0.75674,1.12,1.50
2018.05.21 18:10:58.240,0.75664,0.75674,1.12,2.25
2018.05.21 18:11:01.318,0.75665,0.75674,1.00,1.87
2018.05.21 18:11:02.941,0.75664,0.75674,2.25,1.12
2018.05.21 18:11:03.830,0.75665,0.75674,1.00,1.87
2018.05.21 18:11:04.440,0.75664,0.75675,3.37,2.32
2018.05.21 18:11:05.496,0.75664,0.75675,3.37,2.70
2018.05.21 18:11:07.604,0.75663,0.75674,3.75,3.00
2018.05.21 18:11:07.911,0.75662,0.75672,2.25,1.00
2018.05.21 18:11:11.632,0.75664,0.75673,1.00,2.25
2018.05.21 18:11:12.465,0.75664,0.75672,1.00,1.00
2018.05.21 18:11:13.908,0.75664,0.75673,1.00,1.50
2018.05.21 18:11:44.237,0.75662,0.75673,1.50,2.25
2018.05.21 18:11:44.474,0.75662,0.75671,1.87,1.00
2018.05.21 18:11:48.825,0.75662,0.75673,3.75,1.10
2018.05.21 18:11:48.878,0.75664,0.75674,1.50,1.95
2018.05.21 18:11:49.300,0.75665,0.75674,1.50,1.00
2018.05.21 18:11:49.353,0.75665,0.75677,3.75,4.95
2018.05.21 18:11:49.677,0.75668,0.75677,1.87,1.10
2018.05.21 18:11:50.228,0.75669,0.7568,3.00,3.82
2018.05.21 18:11:50.816,0.75669,0.75679,1.50,1.57
2018.05.21 18:11:53.952,0.7567,0.7568,1.00,2.70
2018.05.21 18:11:57.783,0.7567,0.7568,1.50,2.62
2018.05.21 18:11:58.333,0.7567,0.75679,1.50,1.00
2018.05.21 18:11:59.324,0.7567,0.7568,1.50,4.12
2018.05.21 18:12:00.102,0.75671,0.7568,1.00,1.87
2018.05.21 18:12:00.671,0.7567,0.7568,2.62,1.12
2018.05.21 18:12:21.565,0.7567,0.75681,1.50,3.37
2018.05.21 18:12:22.237,0.75671,0.75681,1.00,1.87
2018.05.21 18:12:22.757,0.7567,0.75681,3.75,1.87
2018.05.21 18:12:24.814,0.7567,0.7568,1.50,1.00
2018.05.21 18:12:28.877,0.7567,0.75679,1.00,1.00
2018.05.21 18:12:32.102,0.7567,0.7568,1.00,1.87
2018.05.21 18:12:32.801,0.7567,0.75679,1.00,1.00
2018.05.21 18:12:36.129,0.7567,0.7568,1.00,1.87
2018.05.21 18:12:36.501,0.75668,0.75677,2.25,1.00
2018.05.21 18:12:36.712,0.75665,0.75675,1.50,2.62
2018.05.21 18:12:38.828,0.75665,0.75675,1.00,2.70
2018.05.21 18:12:39.252,0.75663,0.75672,1.12,1.00
2018.05.21 18:12:40.384,0.75662,0.75671,1.50,1.00
2018.05.21 18:12:43.018,0.75661,0.75671,1.57,1.50
2018.05.21 18:12:47.753,0.75662,0.75671,1.00,1.00
2018.05.21 18:12:48.128,0.75663,0.75673,1.00,1.50
2018.05.21 18:12:48.283,0.75665,0.75674,1.00,2.62
2018.05.21 18:12:48.797,0.75664,0.75674,1.00,1.95
2018.05.21 18:12:49.375,0.75665,0.75674,1.00,2.62
2018.05.21 18:12:50.034,0.75664,0.75674,1.00,1.87
2018.05.21 18:12:51.405,0.75662,0.75673,4.57,1.12
2018.05.21 18:12:52.353,0.75664,0.75673,1.00,1.00
2018.05.21 18:12:52.960,0.75663,0.75673,1.50,1.00
2018.05.21 18:12:53.533,0.75663,0.75672,1.50,1.00
2018.05.21 18:12:55.859,0.75663,0.75673,1.10,1.00
2018.05.21 18:12:56.826,0.75663,0.75673,1.10,1.87
2018.05.21 18:12:57.729,0.75666,0.75675,3.37,1.00
2018.05.21 18:12:57.937,0.75667,0.75677,1.00,1.50
2018.05.21 18:12:58.454,0.75668,0.75678,1.00,2.25
2018.05.21 18:13:00.279,0.75667,0.75678,1.12,2.32
2018.05.21 18:13:00.847,0.75667,0.75678,1.50,2.32
2018.05.21 18:13:01.349,0.75668,0.75678,1.00,2.32
2018.05.21 18:13:03.789,0.75665,0.75675,2.32,1.00
2018.05.21 18:13:04.556,0.75664,0.75674,1.00,1.12
2018.05.21 18:13:08.407,0.75664,0.75673,1.00,1.00
2018.05.21 18:13:08.972,0.75664,0.75674,1.00,1.12
2018.05.21 18:13:09.783,0.75664,0.75674,1.00,1.50
2018.05.21 18:13:18.163,0.75664,0.75673,1.00,1.87
2018.05.21 18:13:18.214,0.75662,0.75672,2.70,1.12
2018.05.21 18:13:27.799,0.75662,0.75672,5.25,1.00
2018.05.21 18:13:28.338,0.75663,0.75673,2.25,1.00
2018.05.21 18:13:29.132,0.75665,0.75673,1.00,1.00
2018.05.21 18:13:29.288,0.75663,0.75673,1.50,1.50
2018.05.21 18:13:29.767,0.75661,0.75672,1.87,2.44
2018.05.21 18:13:31.097,0.75662,0.75672,1.00,3.00
2018.05.21 18:13:31.649,0.75661,0.75672,1.12,3.00
2018.05.21 18:13:32.189,0.75661,0.75672,1.20,3.19
2018.05.21 18:13:32.517,0.75664,0.75673,1.00,1.12
2018.05.21 18:13:37.028,0.75662,0.75673,1.50,3.75
2018.05.21 18:13:37.374,0.7566,0.7567,3.45,1.12
2018.05.21 18:13:38.746,0.75662,0.75671,1.00,1.12
2018.05.21 18:13:39.113,0.7566,0.75672,1.50,3.37
2018.05.21 18:13:41.934,0.7566,0.75672,2.32,2.89
2018.05.21 18:13:42.656,0.7566,0.7567,1.50,1.87
2018.05.21 18:13:43.198,0.7566,0.7567,1.50,1.12
2018.05.21 18:14:00.945,0.7566,0.7567,6.82,1.00
2018.05.21 18:14:06.034,0.7566,0.7567,3.37,1.00
2018.05.21 18:14:06.650,0.7566,0.7567,3.45,1.00
2018.05.21 18:14:08.808,0.7566,0.7567,5.32,1.00
2018.05.21 18:14:37.748,0.75659,0.7567,8.25,1.12
2018.05.21 18:14:43.932,0.7566,0.7567,1.12,1.75
2018.05.21 18:14:44.035,0.7566,0.7567,2.25,2.62
2018.05.21 18:14:47.776,0.7566,0.75669,1.00,1.00
2018.05.21 18:14:48.323,0.7566,0.7567,1.00,1.12
2018.05.21 18:14:52.310,0.75659,0.75667,1.00,1.00
2018.05.21 18:14:52.466,0.75654,0.75665,1.00,3.37
2018.05.21 18:14:53.742,0.75654,0.75665,1.37,2.62
2018.05.21 18:14:54.447,0.75653,0.75664,1.95,1.00
2018.05.21 18:14:54.849,0.75653,0.75664,1.57,1.12
2018.05.21 18:14:55.652,0.75653,0.75664,1.95,1.37
2018.05.21 18:14:56.172,0.75654,0.75663,1.00,2.62
2018.05.21 18:14:57.800,0.75653,0.75663,1.87,2.62
2018.05.21 18:14:58.315,0.75653,0.75663,1.87,2.25
2018.05.21 18:14:58.525,0.75651,0.75662,1.00,1.50
2018.05.21 18:14:59.592,0.75651,0.75662,1.37,3.00
2018.05.21 18:15:02.134,0.75651,0.75662,1.00,3.75
2018.05.21 18:15:02.784,0.75651,0.75661,1.87,1.00
2018.05.21 18:15:03.311,0.75651,0.75662,1.87,3.00
2018.05.21 18:15:03.890,0.75651,0.75661,1.87,1.00
2018.05.21 18:15:04.416,0.75651,0.75662,1.87,3.00
2018.05.21 18:15:05.371,0.75651,0.75661,1.87,1.00
2018.05.21 18:15:06.305,0.75651,0.75662,1.87,3.00
2018.05.21 18:15:06.952,0.75651,0.75661,1.87,1.00
2018.05.21 18:15:07.504,0.75651,0.75662,1.87,3.00
2018.05.21 18:15:08.032,0.75651,0.75661,1.37,1.00
2018.05.21 18:15:08.487,0.7565,0.75661,3.07,2.25
2018.05.21 18:15:09.138,0.7565,0.7566,2.25,2.62
2018.05.21 18:15:09.689,0.75651,0.75661,1.00,1.50
2018.05.21 18:15:15.215,0.75651,0.75661,1.00,1.50
2018.05.21 18:15:16.680,0.75651,0.75661,1.00,1.50
2018.05.21 18:15:18.287,0.75652,0.75661,1.00,1.50
2018.05.21 18:15:18.893,0.75651,0.75661,1.00,1.50
2018.05.21 18:15:19.406,0.75652,0.75661,1.00,1.50
2018.05.21 18:15:19.908,0.75651,0.75661,1.12,1.57
2018.05.21 18:15:28.186,0.7565,0.75661,1.87,1.50
2018.05.21 18:15:28.730,0.7565,0.7566,2.62,1.50
2018.05.21 18:15:29.248,0.75651,0.75661,1.00,1.57
2018.05.21 18:15:30.433,0.75651,0.75661,1.00,1.20
2018.05.21 18:15:31.163,0.75651,0.75661,1.00,1.57
2018.05.21 18:15:40.050,0.75651,0.75661,1.00,3.75
2018.05.21 18:15:43.303,0.75651,0.7566,1.00,1.00
2018.05.21 18:15:43.806,0.75649,0.7566,6.75,1.00
2018.05.21 18:15:47.239,0.7565,0.75659,1.12,1.00
2018.05.21 18:15:47.381,0.75648,0.75655,1.50,1.00
2018.05.21 18:15:47.484,0.75647,0.75657,1.87,1.00
2018.05.21 18:15:47.739,0.75647,0.75657,1.00,3.37
2018.05.21 18:15:48.259,0.75646,0.75657,2.81,2.25
2018.05.21 18:15:48.311,0.75648,0.75657,1.00,1.50
2018.05.21 18:15:48.364,0.75649,0.75658,1.00,1.20
2018.05.21 18:15:48.675,0.75647,0.75657,2.25,1.37
2018.05.21 18:15:49.213,0.75648,0.75658,1.50,2.70
2018.05.21 18:15:49.630,0.75649,0.75659,1.37,3.07
2018.05.21 18:15:51.247,0.75648,0.75658,2.32,1.00
2018.05.21 18:15:51.402,0.75647,0.75658,2.25,1.87
2018.05.21 18:15:51.937,0.75647,0.75656,1.12,1.50
2018.05.21 18:15:52.251,0.75649,0.75658,1.00,1.00
2018.05.21 18:15:52.633,0.75647,0.75656,4.95,1.00
2018.05.21 18:15:53.174,0.75647,0.75656,1.12,1.00
2018.05.21 18:15:53.969,0.75649,0.75658,1.12,2.62
2018.05.21 18:15:54.599,0.75648,0.75657,7.20,1.00
2018.05.21 18:15:55.138,0.75649,0.75658,1.00,1.00
2018.05.21 18:15:56.815,0.75649,0.75657,1.50,1.00
2018.05.21 18:15:57.335,0.75649,0.75658,1.00,1.00
2018.05.21 18:15:57.891,0.75649,0.75657,1.50,1.00
2018.05.21 18:15:59.018,0.75649,0.75658,1.50,1.00
2018.05.21 18:15:59.991,0.75649,0.7566,1.50,2.62
2018.05.21 18:16:00.745,0.75649,0.75659,1.57,1.00
2018.05.21 18:16:01.282,0.75649,0.7566,1.57,3.37
2018.05.21 18:16:01.692,0.75652,0.7566,1.00,1.87
2018.05.21 18:16:01.744,0.7565,0.7566,1.20,1.50
2018.05.21 18:16:02.896,0.75651,0.7566,3.00,1.00
2018.05.21 18:16:10.033,0.7565,0.7566,4.57,1.00
2018.05.21 18:16:10.664,0.7565,0.7566,2.32,1.00
2018.05.21 18:16:11.464,0.7565,0.7566,2.32,1.00
2018.05.21 18:16:11.622,0.75652,0.7566,2.25,1.00
2018.05.21 18:16:11.674,0.7565,0.7566,2.32,1.00
2018.05.21 18:16:12.201,0.7565,0.75661,4.57,1.87
2018.05.21 18:16:12.726,0.75651,0.75661,1.87,1.50
2018.05.21 18:16:15.078,0.75652,0.75661,1.00,1.87
2018.05.21 18:16:15.630,0.7565,0.75661,4.20,1.87
2018.05.21 18:16:16.705,0.75652,0.75661,1.00,1.87
2018.05.21 18:16:18.126,0.75651,0.75661,1.12,1.87
2018.05.21 18:16:22.064,0.75652,0.75661,1.00,1.87
2018.05.21 18:16:22.729,0.75651,0.75661,1.87,1.12
2018.05.21 18:16:27.506,0.75652,0.75661,1.00,1.12
2018.05.21 18:16:33.888,0.75656,0.75661,1.00,1.00
2018.05.21 18:16:33.940,0.75654,0.75661,1.00,1.00
2018.05.21 18:16:33.993,0.75655,0.75663,1.00,1.87
2018.05.21 18:16:34.496,0.75654,0.75663,1.87,1.87
2018.05.21 18:16:35.847,0.75656,0.75663,1.00,1.87
2018.05.21 18:16:38.267,0.75654,0.75663,1.12,1.87
2018.05.21 18:16:41.646,0.75655,0.75663,1.00,1.87
2018.05.21 18:16:42.166,0.75654,0.75663,1.87,1.87
2018.05.21 18:16:42.900,0.75656,0.75663,1.00,1.87
2018.05.21 18:16:44.552,0.75655,0.75663,1.00,1.87
2018.05.21 18:16:47.617,0.75653,0.75663,1.87,3.75
2018.05.21 18:16:48.083,0.75653,0.75661,1.00,1.00
2018.05.21 18:16:48.626,0.75653,0.75662,1.00,4.12
2018.05.21 18:16:48.983,0.75653,0.7566,1.00,1.00
2018.05.21 18:16:49.794,0.75651,0.7566,1.00,2.25
2018.05.21 18:16:50.318,0.75651,0.75659,1.00,1.00
2018.05.21 18:16:50.847,0.75651,0.7566,1.00,1.87
2018.05.21 18:16:51.478,0.75651,0.7566,1.00,1.87
2018.05.21 18:17:01.224,0.75651,0.75658,1.00,1.50
2018.05.21 18:17:01.766,0.75651,0.75659,1.00,1.12
2018.05.21 18:17:09.132,0.75652,0.75659,1.00,1.12
2018.05.21 18:17:10.399,0.75652,0.75661,1.00,1.50
2018.05.21 18:17:10.950,0.75651,0.75661,1.00,1.50
2018.05.21 18:17:13.040,0.75653,0.75661,1.00,1.50
2018.05.21 18:17:14.319,0.75651,0.75661,1.12,1.00
2018.05.21 18:17:15.801,0.75652,0.75661,3.00,1.00
2018.05.21 18:17:16.371,0.75652,0.75662,1.00,4.50
2018.05.21 18:17:16.823,0.75654,0.75662,1.00,1.87
2018.05.21 18:17:16.876,0.75652,0.75662,1.00,1.87
2018.05.21 18:17:17.396,0.75653,0.75663,1.57,1.50
2018.05.21 18:17:24.093,0.75652,0.75663,2.25,2.62
2018.05.21 18:17:24.628,0.75653,0.75663,1.00,2.62
2018.05.21 18:17:25.242,0.75652,0.75663,3.00,2.62
2018.05.21 18:17:25.988,0.75653,0.75663,1.00,2.62
2018.05.21 18:17:26.525,0.75653,0.75663,1.00,2.62
2018.05.21 18:17:27.130,0.75652,0.75663,2.62,2.62
2018.05.21 18:17:27.663,0.75653,0.75663,1.00,2.62
2018.05.21 18:17:28.221,0.75652,0.75663,1.57,2.62
2018.05.21 18:17:29.902,0.75652,0.75662,1.50,1.00
2018.05.21 18:17:30.411,0.75651,0.75661,1.50,1.87
2018.05.21 18:17:31.024,0.75651,0.7566,1.50,1.00
2018.05.21 18:17:32.297,0.75651,0.75661,1.50,1.87
2018.05.21 18:17:32.682,0.75653,0.75661,1.00,1.87
2018.05.21 18:17:33.224,0.75652,0.75661,1.00,1.87
2018.05.21 18:17:35.166,0.75652,0.75661,1.00,1.37
2018.05.21 18:17:36.374,0.75652,0.75661,1.00,1.87
2018.05.21 18:17:39.686,0.75652,0.7566,1.00,1.00
2018.05.21 18:17:40.225,0.75652,0.75661,1.00,1.87
2018.05.21 18:17:45.803,0.75652,0.7566,1.00,1.00
2018.05.21 18:17:46.571,0.75652,0.75661,1.00,1.12
2018.05.21 18:17:50.596,0.75651,0.75661,2.25,1.12
2018.05.21 18:17:57.426,0.75651,0.7566,1.50,1.00
2018.05.21 18:17:57.745,0.75651,0.7566,1.00,2.25
2018.05.21 18:17:58.722,0.75651,0.75659,1.00,1.00
2018.05.21 18:17:59.238,0.7565,0.75659,1.00,1.00
2018.05.21 18:18:00.210,0.7565,0.75661,2.32,3.75
2018.05.21 18:18:02.405,0.7565,0.75661,3.07,3.00
2018.05.21 18:18:03.401,0.75651,0.75662,1.10,3.00
2018.05.21 18:18:03.927,0.75652,0.75661,1.00,1.12
2018.05.21 18:18:04.470,0.7565,0.75661,5.32,1.12
2018.05.21 18:18:07.192,0.7565,0.7566,1.20,1.87
2018.05.21 18:18:09.051,0.75651,0.7566,1.00,1.12
2018.05.21 18:18:11.190,0.75652,0.7566,2.25,1.12
2018.05.21 18:18:12.978,0.75652,0.75661,1.50,1.50
2018.05.21 18:18:16.990,0.75652,0.7566,1.00,1.00
2018.05.21 18:18:17.551,0.75652,0.75661,1.00,3.75
2018.05.21 18:18:20.237,0.75651,0.75661,1.50,2.25
2018.05.21 18:18:21.002,0.75651,0.75661,1.00,3.00
2018.05.21 18:18:23.104,0.7565,0.75661,1.57,3.00
2018.05.21 18:18:25.494,0.75652,0.75661,1.00,3.00
2018.05.21 18:18:25.678,0.7565,0.7566,2.25,1.12
2018.05.21 18:18:25.942,0.75652,0.7566,1.00,1.12
2018.05.21 18:18:26.045,0.7565,0.75661,2.25,2.25
2018.05.21 18:18:26.583,0.75651,0.7566,1.00,1.12
2018.05.21 18:18:27.154,0.7565,0.75661,2.25,2.25
2018.05.21 18:18:27.697,0.75651,0.75661,1.00,2.25
2018.05.21 18:18:32.347,0.7565,0.75659,1.20,1.12
2018.05.21 18:18:32.682,0.75651,0.75661,1.00,2.25
2018.05.21 18:18:33.230,0.7565,0.7566,1.12,1.50
2018.05.21 18:18:34.531,0.75651,0.75661,4.87,2.25
2018.05.21 18:18:34.848,0.75655,0.75663,1.00,1.37
2018.05.21 18:18:34.900,0.75655,0.75664,1.00,3.00
2018.05.21 18:18:36.078,0.75654,0.75665,2.62,2.25
2018.05.21 18:18:44.109,0.75652,0.75663,3.82,1.12
2018.05.21 18:18:44.738,0.75652,0.75662,1.00,1.00
2018.05.21 18:18:45.286,0.75652,0.75663,1.10,2.62
2018.05.21 18:18:45.635,0.75651,0.7566,1.50,1.12
2018.05.21 18:18:45.949,0.75649,0.75659,2.25,1.87
2018.05.21 18:18:46.452,0.7565,0.75659,1.00,1.12
2018.05.21 18:18:50.210,0.75649,0.75658,1.00,1.87
2018.05.21 18:18:50.759,0.7565,0.75659,1.00,3.00
2018.05.21 18:18:52.176,0.75648,0.75657,3.37,1.00
2018.05.21 18:18:52.279,0.75646,0.75655,3.45,1.12
2018.05.21 18:18:52.485,0.75649,0.75658,1.12,1.95
2018.05.21 18:18:53.013,0.75648,0.75658,1.50,1.50
2018.05.21 18:18:53.323,0.7565,0.75659,1.00,1.00
2018.05.21 18:18:53.839,0.7565,0.75658,1.00,1.00
2018.05.21 18:18:54.361,0.7565,0.75657,1.00,1.00
2018.05.21 18:18:58.945,0.7565,0.75659,1.12,1.12
2018.05.21 18:18:59.132,0.7565,0.75657,1.12,1.00
2018.05.21 18:18:59.290,0.75647,0.75656,1.00,2.25
2018.05.21 18:18:59.603,0.75647,0.75654,1.12,1.00
2018.05.21 18:19:00.042,0.75648,0.75657,1.00,1.00
2018.05.21 18:19:01.136,0.75649,0.75657,1.00,1.00
2018.05.21 18:19:01.413,0.7565,0.75659,1.00,2.62
2018.05.21 18:19:03.794,0.7565,0.75658,1.12,1.00
2018.05.21 18:19:04.535,0.7565,0.75658,1.87,1.00
2018.05.21 18:19:05.136,0.7565,0.75659,1.87,1.00
2018.05.21 18:19:05.644,0.7565,0.7566,3.37,1.87
2018.05.21 18:19:19.433,0.75651,0.75659,1.00,1.00
2018.05.21 18:19:20.147,0.75651,0.7566,1.00,1.00
2018.05.21 18:19:20.863,0.75652,0.7566,1.50,1.00
2018.05.21 18:19:21.977,0.75652,0.75659,1.00,1.00
2018.05.21 18:19:22.143,0.75652,0.75661,1.00,1.00
2018.05.21 18:19:23.069,0.75652,0.7566,1.00,1.00
2018.05.21 18:19:23.734,0.75652,0.75661,1.00,1.00
2018.05.21 18:19:25.062,0.75652,0.7566,1.00,1.00
2018.05.21 18:19:25.580,0.75651,0.75659,2.25,1.00
2018.05.21 18:19:26.874,0.75651,0.7566,1.50,1.50
2018.05.21 18:19:27.425,0.75651,0.75659,1.50,1.00
2018.05.21 18:19:28.090,0.75651,0.7566,1.50,1.50
2018.05.21 18:19:28.819,0.75651,0.75659,1.50,1.00
2018.05.21 18:19:30.750,0.75651,0.7566,1.50,1.00
2018.05.21 18:19:54.426,0.75652,0.7566,1.00,1.00
2018.05.21 18:19:54.969,0.75651,0.7566,1.00,1.00
2018.05.21 18:19:55.955,0.75652,0.7566,1.00,1.00
2018.05.21 18:20:00.331,0.75651,0.7566,1.00,1.00
2018.05.21 18:20:02.799,0.75652,0.7566,1.00,1.00
2018.05.21 18:20:02.902,0.75652,0.75662,2.25,4.50
2018.05.21 18:20:03.006,0.75654,0.75663,3.00,1.00
2018.05.21 18:20:03.527,0.75655,0.75663,1.00,1.00
2018.05.21 18:20:04.978,0.75654,0.75663,2.25,1.00
2018.05.21 18:20:05.500,0.75655,0.75663,1.00,1.00
2018.05.21 18:20:07.337,0.75654,0.75663,1.50,1.00
2018.05.21 18:20:08.524,0.75654,0.75662,1.00,1.00
2018.05.21 18:20:15.803,0.75654,0.75664,1.12,1.50
2018.05.21 18:20:16.515,0.75654,0.75664,1.87,2.25
2018.05.21 18:20:17.480,0.75656,0.75665,1.50,1.25
2018.05.21 18:20:18.022,0.75656,0.75666,1.50,3.00
2018.05.21 18:20:18.901,0.75656,0.75666,1.50,2.25
2018.05.21 18:20:19.903,0.75656,0.75666,1.00,3.37
2018.05.21 18:20:21.236,0.75655,0.75665,1.50,1.50
2018.05.21 18:20:22.247,0.75657,0.75664,1.00,1.00
2018.05.21 18:20:23.420,0.75658,0.75666,1.00,1.00
2018.05.21 18:20:23.524,0.75658,0.75668,2.25,1.87
2018.05.21 18:20:23.629,0.75656,0.75665,2.70,1.12
2018.05.21 18:20:24.130,0.75656,0.75665,1.12,1.12
2018.05.21 18:20:26.751,0.75654,0.75665,1.50,6.19
2018.05.21 18:20:27.269,0.75653,0.75663,1.50,1.50
2018.05.21 18:20:29.401,0.75653,0.75663,1.50,1.57
2018.05.21 18:20:30.587,0.75653,0.75663,1.50,1.57
2018.05.21 18:20:30.989,0.75651,0.75661,2.25,1.12
2018.05.21 18:20:31.919,0.75651,0.7566,1.50,1.00
2018.05.21 18:20:32.943,0.75651,0.75661,1.50,2.70
2018.05.21 18:20:33.522,0.75651,0.7566,1.50,1.00
2018.05.21 18:20:34.042,0.75651,0.75661,1.50,2.25
2018.05.21 18:20:34.733,0.75651,0.7566,1.50,1.00
2018.05.21 18:20:35.759,0.75651,0.75661,1.50,2.25
2018.05.21 18:20:36.317,0.7565,0.7566,3.37,1.00
2018.05.21 18:20:36.369,0.7565,0.7566,1.87,1.50
2018.05.21 18:20:36.571,0.7565,0.7566,1.12,3.07
2018.05.21 18:20:37.741,0.75651,0.7566,1.00,3.07
2018.05.21 18:20:37.795,0.75651,0.7566,1.00,2.70
2018.05.21 18:20:38.461,0.75651,0.75659,1.00,1.00
2018.05.21 18:20:39.068,0.75651,0.7566,1.00,1.95
2018.05.21 18:20:39.618,0.75652,0.7566,1.00,1.00
2018.05.21 18:20:40.111,0.75651,0.75662,1.87,3.45
2018.05.21 18:20:40.630,0.75651,0.75662,1.87,4.95
2018.05.21 18:20:40.804,0.75651,0.75662,1.87,4.95
2018.05.21 18:20:40.957,0.75652,0.75662,1.00,4.95
2018.05.21 18:20:41.482,0.75652,0.75662,1.00,4.20
2018.05.21 18:20:42.007,0.75651,0.75661,2.62,1.00
2018.05.21 18:20:42.522,0.75651,0.75661,1.87,1.20
2018.05.21 18:20:43.965,0.75651,0.75662,1.87,3.45
2018.05.21 18:20:44.487,0.75651,0.75662,1.87,3.45
2018.05.21 18:20:49.151,0.75651,0.75661,1.87,1.47
2018.05.21 18:21:07.571,0.75652,0.75662,1.87,2.32
2018.05.21 18:21:08.100,0.75653,0.75663,2.25,1.87
2018.05.21 18:21:15.506,0.75652,0.75661,3.00,1.00
2018.05.21 18:21:16.216,0.75652,0.7566,1.87,1.00
2018.05.21 18:21:16.880,0.75652,0.75661,1.87,1.00
2018.05.21 18:21:19.604,0.75652,0.7566,1.87,1.00
2018.05.21 18:21:20.697,0.75652,0.75661,1.87,1.10
2018.05.21 18:21:21.746,0.75652,0.7566,1.87,1.00
2018.05.21 18:21:22.498,0.75652,0.75661,1.87,1.00
2018.05.21 18:21:23.033,0.75652,0.7566,1.87,1.00
2018.05.21 18:21:23.567,0.75651,0.7566,1.87,1.10
2018.05.21 18:21:24.197,0.75651,0.75661,1.87,1.95
2018.05.21 18:21:49.202,0.75653,0.75662,1.12,1.87
2018.05.21 18:21:55.993,0.75654,0.75662,1.12,1.12
2018.05.21 18:21:56.257,0.75657,0.75666,1.12,1.00
2018.05.21 18:21:56.439,0.75658,0.75668,1.00,1.00
2018.05.21 18:21:56.597,0.75656,0.75667,1.87,6.00
2018.05.21 18:21:56.911,0.75654,0.75665,2.62,2.70
2018.05.21 18:21:57.496,0.75655,0.75665,1.00,6.82
2018.05.21 18:21:58.139,0.75654,0.75665,1.00,3.82
2018.05.21 18:21:58.701,0.75653,0.75664,1.87,3.82
2018.05.21 18:22:39.016,0.75655,0.75664,1.50,1.20
2018.05.21 18:22:39.499,0.75656,0.75665,1.00,3.37
2018.05.21 18:22:41.758,0.75658,0.75666,1.12,1.00
2018.05.21 18:22:41.966,0.75663,0.75673,2.62,1.10
2018.05.21 18:22:42.121,0.75663,0.75675,1.50,4.95
2018.05.21 18:22:42.173,0.75663,0.75673,1.12,1.00
2018.05.21 18:22:42.984,0.75663,0.75673,1.37,1.10
2018.05.21 18:22:43.087,0.75662,0.75672,1.50,1.00
2018.05.21 18:22:43.610,0.75662,0.75673,1.37,2.25
2018.05.21 18:22:47.566,0.75662,0.75673,1.87,1.95
2018.05.21 18:22:47.728,0.75661,0.75671,2.25,1.50
2018.05.21 18:22:51.326,0.75659,0.75668,1.57,3.00
2018.05.21 18:22:51.429,0.75657,0.75666,1.20,1.00
2018.05.21 18:22:51.533,0.75659,0.7567,2.25,1.95
2018.05.21 18:22:51.743,0.75659,0.75671,5.25,7.20
2018.05.21 18:22:52.722,0.75661,0.7567,1.12,1.87
2018.05.21 18:22:55.874,0.75658,0.75667,1.00,2.25
2018.05.21 18:22:56.197,0.75659,0.75669,1.87,1.37
2018.05.21 18:22:56.304,0.75656,0.75667,2.32,7.12
2018.05.21 18:22:56.822,0.75656,0.75665,1.12,1.50
2018.05.21 18:22:57.421,0.75656,0.75666,1.12,3.45
2018.05.21 18:22:57.978,0.75656,0.75665,1.00,1.00
2018.05.21 18:22:58.546,0.75656,0.75666,1.00,3.45
2018.05.21 18:22:58.995,0.75656,0.75664,1.00,1.00
2018.05.21 18:22:59.570,0.75656,0.75665,1.50,1.00
2018.05.21 18:23:01.614,0.75656,0.75666,1.00,1.57
2018.05.21 18:23:02.147,0.75656,0.75666,1.00,1.87
2018.05.21 18:23:03.906,0.75656,0.75665,1.00,1.57
2018.05.21 18:23:04.425,0.75654,0.75665,2.62,3.07
2018.05.21 18:23:07.262,0.75655,0.75665,1.12,2.70
2018.05.21 18:23:07.772,0.75654,0.75665,2.62,3.07
2018.05.21 18:23:08.292,0.75654,0.75665,2.62,2.70
2018.05.21 18:23:09.490,0.75657,0.75665,1.00,1.10
2018.05.21 18:23:09.833,0.75659,0.75666,1.00,1.00
2018.05.21 18:23:09.888,0.75661,0.75669,1.00,1.20
2018.05.21 18:23:10.408,0.75661,0.7567,1.37,1.00
2018.05.21 18:23:10.912,0.75661,0.75671,1.37,2.32
2018.05.21 18:23:11.513,0.75665,0.75671,1.00,1.10
2018.05.21 18:23:11.648,0.75662,0.75671,2.25,1.00
2018.05.21 18:23:12.158,0.75662,0.7567,1.00,1.00
2018.05.21 18:23:12.661,0.75662,0.75671,1.00,1.00
2018.05.21 18:23:13.174,0.75661,0.75671,2.62,1.87
2018.05.21 18:23:13.853,0.75661,0.7567,2.62,1.00
2018.05.21 18:23:14.398,0.75661,0.75671,2.62,1.87
2018.05.21 18:23:15.226,0.75661,0.7567,2.62,1.00
2018.05.21 18:23:15.738,0.75661,0.75671,2.62,1.87
2018.05.21 18:23:16.276,0.75661,0.7567,2.62,1.00
2018.05.21 18:23:16.824,0.75661,0.75671,2.62,1.95
2018.05.21 18:23:18.390,0.75661,0.7567,2.62,1.00
2018.05.21 18:23:21.481,0.75659,0.75667,1.12,1.50
2018.05.21 18:23:21.587,0.75657,0.75667,1.50,3.37
2018.05.21 18:23:21.695,0.75656,0.75665,1.00,1.00
2018.05.21 18:23:22.244,0.75655,0.75664,2.62,1.00
2018.05.21 18:23:23.401,0.75658,0.75666,2.62,1.57
2018.05.21 18:23:23.622,0.75659,0.75668,1.37,1.10
2018.05.21 18:23:23.901,0.75659,0.75666,1.37,1.00
2018.05.21 18:23:23.953,0.75659,0.75669,1.37,1.57
2018.05.21 18:23:24.490,0.75659,0.75669,3.00,1.00
2018.05.21 18:23:25.298,0.75659,0.7567,3.75,3.00
2018.05.21 18:23:30.585,0.75661,0.7567,1.50,1.00
2018.05.21 18:23:31.797,0.75661,0.75671,1.87,3.45
2018.05.21 18:23:32.320,0.75661,0.7567,1.87,1.00
2018.05.21 18:23:33.189,0.75661,0.75671,1.87,2.70
2018.05.21 18:23:34.822,0.75661,0.7567,2.62,1.00
2018.05.21 18:23:35.328,0.75661,0.75671,2.62,1.20
2018.05.21 18:23:36.318,0.75661,0.7567,2.62,1.00
2018.05.21 18:23:36.869,0.75661,0.75671,2.25,1.57
2018.05.21 18:23:40.033,0.75663,0.75671,1.00,1.12
2018.05.21 18:23:40.186,0.75661,0.75671,1.50,1.50
2018.05.21 18:23:40.729,0.75661,0.7567,2.25,1.00
2018.05.21 18:23:41.084,0.75661,0.75667,1.00,1.00
2018.05.21 18:23:41.136,0.75658,0.75667,1.50,1.87
2018.05.21 18:23:42.205,0.75658,0.75666,1.00,1.00
2018.05.21 18:23:44.771,0.75657,0.75667,2.62,1.57
2018.05.21 18:23:45.286,0.75657,0.75667,1.87,4.20
2018.05.21 18:23:46.085,0.75657,0.75667,1.37,3.00
2018.05.21 18:23:46.823,0.75657,0.75665,1.00,1.00
2018.05.21 18:23:47.341,0.75655,0.75665,1.87,3.45
2018.05.21 18:23:47.930,0.75655,0.75665,2.25,4.20
2018.05.21 18:23:48.539,0.75655,0.75665,2.25,4.20
2018.05.21 18:23:49.108,0.75655,0.75665,2.25,4.20
2018.05.21 18:23:49.655,0.75655,0.75665,2.25,5.25
2018.05.21 18:23:50.479,0.75655,0.75665,2.25,5.70
2018.05.21 18:23:50.989,0.75655,0.75665,1.50,3.75
2018.05.21 18:23:52.181,0.75654,0.75665,2.62,4.20
2018.05.21 18:23:52.688,0.75654,0.75665,2.62,4.57
2018.05.21 18:23:53.662,0.75654,0.75665,2.62,3.82
2018.05.21 18:23:54.847,0.75654,0.75665,1.00,4.57
2018.05.21 18:23:59.390,0.75656,0.75664,1.00,1.00
2018.05.21 18:23:59.718,0.75656,0.75666,1.00,2.70
2018.05.21 18:23:59.771,0.75654,0.75664,3.07,1.00
2018.05.21 18:24:00.299,0.75654,0.75664,1.12,4.12
2018.05.21 18:24:04.953,0.75655,0.75664,1.00,1.00
2018.05.21 18:24:05.528,0.75655,0.75665,1.00,1.12
2018.05.21 18:24:08.280,0.75654,0.75665,3.00,1.12
2018.05.21 18:24:09.240,0.75655,0.75665,1.00,1.87
2018.05.21 18:24:11.108,0.75654,0.75665,2.25,1.87
2018.05.21 18:24:12.879,0.75654,0.75665,1.00,3.82
2018.05.21 18:24:15.754,0.75654,0.75663,1.50,1.10
2018.05.21 18:24:16.062,0.75656,0.75664,1.00,1.10
2018.05.21 18:24:16.582,0.75656,0.75664,1.00,1.57
2018.05.21 18:24:19.438,0.75656,0.75665,1.00,3.82
2018.05.21 18:24:19.978,0.75656,0.75665,1.00,4.20
2018.05.21 18:24:21.047,0.75656,0.75664,1.00,1.87
2018.05.21 18:24:26.529,0.75655,0.75664,2.25,1.00
2018.05.21 18:24:28.527,0.75656,0.75664,1.00,1.00
2018.05.21 18:24:29.105,0.75655,0.75664,2.25,1.00
2018.05.21 18:24:30.222,0.75656,0.75664,1.00,1.00
2018.05.21 18:24:30.828,0.75657,0.75664,1.00,1.00
2018.05.21 18:24:33.426,0.75657,0.75665,1.00,1.57
2018.05.21 18:24:34.104,0.75659,0.75667,1.50,1.20
2018.05.21 18:24:34.316,0.75662,0.75672,1.87,1.95
2018.05.21 18:24:34.866,0.75662,0.75672,1.37,1.10
2018.05.21 18:24:35.664,0.75664,0.75673,1.00,2.32
2018.05.21 18:24:36.977,0.75663,0.75673,1.50,3.45
2018.05.21 18:24:37.514,0.75663,0.75673,1.50,1.57
2018.05.21 18:24:38.024,0.75663,0.75673,1.50,1.95
2018.05.21 18:24:38.656,0.75663,0.75673,1.50,1.57
2018.05.21 18:24:39.165,0.75663,0.75673,1.50,1.12
2018.05.21 18:24:40.022,0.75663,0.75673,1.50,1.57
2018.05.21 18:24:40.546,0.75663,0.75673,1.50,2.70
2018.05.21 18:24:51.872,0.75663,0.75673,1.50,2.70
2018.05.21 18:24:52.384,0.75663,0.75673,1.50,2.32
2018.05.21 18:24:52.907,0.75665,0.75673,1.00,1.95
2018.05.21 18:24:55.171,0.75665,0.75673,1.00,1.20
2018.05.21 18:24:55.804,0.75665,0.75674,2.62,1.12
2018.05.21 18:24:56.310,0.75666,0.75674,1.12,1.20
2018.05.21 18:24:57.536,0.75665,0.75674,1.12,1.10
2018.05.21 18:24:58.056,0.75665,0.75674,1.12,1.07
2018.05.21 18:24:58.623,0.75665,0.75674,1.12,1.10
2018.05.21 18:24:59.179,0.75666,0.75675,1.00,2.32
2018.05.21 18:24:59.710,0.75665,0.75675,1.50,4.20
2018.05.21 18:25:01.238,0.75665,0.75675,1.00,3.45
2018.05.21 18:25:09.157,0.75666,0.75674,1.00,1.47
2018.05.21 18:25:10.458,0.75664,0.75675,1.12,3.45
2018.05.21 18:25:12.377,0.75666,0.75675,1.00,4.95
2018.05.21 18:25:12.479,0.75664,0.75674,1.12,1.45
2018.05.21 18:25:13.884,0.75665,0.75674,1.00,1.95
2018.05.21 18:25:31.177,0.75666,0.75674,1.00,1.47
2018.05.21 18:25:31.686,0.75665,0.75674,1.00,2.32
2018.05.21 18:25:38.335,0.75665,0.75674,1.87,1.10
2018.05.21 18:25:41.801,0.75667,0.75674,1.00,1.10
2018.05.21 18:25:47.106,0.75667,0.75674,1.00,1.07
2018.05.21 18:25:47.636,0.75667,0.75674,1.00,1.12
2018.05.21 18:25:53.055,0.75665,0.75674,1.87,1.12
2018.05.21 18:25:53.556,0.75666,0.75674,1.00,3.07
2018.05.21 18:25:54.077,0.75664,0.75674,2.62,2.32
2018.05.21 18:25:54.833,0.75664,0.75674,2.25,2.70
2018.05.21 18:25:55.371,0.75664,0.75674,2.25,2.70
2018.05.21 18:25:55.899,0.75665,0.75674,1.12,3.45
2018.05.21 18:25:57.500,0.75666,0.75674,1.00,1.57
2018.05.21 18:26:01.984,0.75665,0.75674,1.12,1.12
2018.05.21 18:26:12.098,0.75665,0.75674,1.12,1.95
2018.05.21 18:26:12.608,0.75665,0.75674,1.12,3.00
2018.05.21 18:26:18.956,0.75664,0.75674,4.50,1.95
2018.05.21 18:26:19.497,0.75664,0.75674,4.50,1.95
2018.05.21 18:26:20.993,0.75665,0.75674,1.12,2.70
2018.05.21 18:26:21.580,0.75664,0.75674,4.50,1.57
2018.05.21 18:26:28.901,0.75664,0.75674,4.50,2.70
2018.05.21 18:26:29.418,0.75664,0.75674,3.75,1.50
2018.05.21 18:26:30.409,0.75664,0.75674,3.75,1.95
2018.05.21 18:26:30.924,0.75664,0.75674,4.50,1.50
2018.05.21 18:26:33.319,0.75664,0.75674,3.00,1.95
2018.05.21 18:26:35.152,0.75665,0.75674,1.00,1.57
2018.05.21 18:26:39.331,0.75664,0.75674,2.25,1.10
2018.05.21 18:26:42.055,0.75666,0.75674,1.00,1.00
2018.05.21 18:26:43.985,0.75665,0.75674,1.00,1.10
2018.05.21 18:26:55.707,0.75665,0.75674,1.00,1.07
2018.05.21 18:26:56.238,0.75665,0.75675,1.00,3.45
2018.05.21 18:26:57.299,0.75664,0.75675,1.12,2.32
2018.05.21 18:27:05.350,0.75665,0.75675,1.00,2.32
2018.05.21 18:27:05.885,0.75664,0.75675,2.62,1.57
2018.05.21 18:27:06.999,0.75665,0.75675,1.00,1.95
2018.05.21 18:27:15.176,0.75665,0.75675,2.25,1.87
2018.05.21 18:27:15.718,0.75665,0.75675,2.25,2.32
2018.05.21 18:27:17.273,0.75665,0.75672,2.25,1.00
2018.05.21 18:27:39.640,0.75662,0.75667,1.50,1.00
2018.05.21 18:27:39.851,0.75656,0.75662,1.12,1.00
2018.05.21 18:27:40.420,0.75655,0.75661,3.00,1.00
2018.05.21 18:27:41.897,0.75656,0.75661,1.00,1.00
2018.05.21 18:27:42.678,0.75655,0.75661,2.25,1.00
2018.05.21 18:27:43.863,0.75656,0.75661,1.00,1.00
2018.05.21 18:27:44.845,0.75655,0.75661,2.25,1.00
2018.05.21 18:27:45.259,0.75658,0.75666,2.62,1.00
2018.05.21 18:27:45.417,0.75659,0.75668,1.00,1.57
2018.05.21 18:27:47.119,0.75659,0.75667,1.00,1.00
2018.05.21 18:27:48.313,0.75657,0.75663,1.12,1.00
2018.05.21 18:27:48.626,0.75656,0.75661,1.12,1.00
2018.05.21 18:27:51.131,0.75654,0.75661,1.50,1.00
2018.05.21 18:28:00.441,0.75653,0.75661,1.87,1.00
2018.05.21 18:28:02.187,0.75654,0.75661,1.00,1.50
2018.05.21 18:28:05.181,0.75655,0.75661,1.00,1.50
2018.05.21 18:28:13.086,0.75655,0.75662,1.00,1.50
2018.05.21 18:28:13.973,0.75656,0.75662,1.00,1.00
2018.05.21 18:28:20.287,0.75656,0.75663,1.00,1.00
2018.05.21 18:28:20.389,0.75656,0.75665,1.00,1.87
2018.05.21 18:28:21.125,0.75656,0.75664,1.00,1.00
2018.05.21 18:28:21.308,0.75654,0.75664,1.12,1.20
2018.05.21 18:28:21.812,0.75654,0.75664,1.12,1.10
2018.05.21 18:28:23.389,0.75653,0.75663,4.50,1.00
2018.05.21 18:28:23.921,0.75654,0.75664,1.50,1.20
2018.05.21 18:28:26.795,0.75654,0.75664,1.50,1.57
2018.05.21 18:28:31.478,0.75654,0.75664,1.12,1.10
2018.05.21 18:28:31.981,0.75655,0.75664,1.00,1.57
2018.05.21 18:28:40.200,0.75655,0.75664,1.00,2.70
2018.05.21 18:28:40.819,0.75655,0.75664,1.00,2.32
2018.05.21 18:28:41.419,0.75655,0.75664,1.00,2.70
2018.05.21 18:28:42.018,0.75655,0.75664,1.00,2.32
2018.05.21 18:28:45.066,0.75656,0.75664,1.00,2.62
2018.05.21 18:28:45.847,0.75656,0.75664,1.00,3.07
2018.05.21 18:28:46.744,0.75656,0.75664,1.00,2.62
2018.05.21 18:28:49.374,0.75655,0.75664,1.87,1.20
2018.05.21 18:28:50.092,0.75656,0.75664,1.00,1.00
2018.05.21 18:28:50.608,0.75655,0.75664,1.50,1.10
2018.05.21 18:28:54.822,0.75656,0.75664,1.00,1.00
2018.05.21 18:28:55.356,0.75655,0.75664,1.00,1.20
2018.05.21 18:28:55.968,0.75655,0.75664,1.00,1.10
2018.05.21 18:28:57.337,0.75656,0.75664,1.00,1.57
2018.05.21 18:28:57.842,0.75655,0.75664,1.00,1.20
2018.05.21 18:28:58.377,0.75654,0.75664,2.25,1.10
2018.05.21 18:28:59.012,0.75654,0.75663,2.25,1.20
2018.05.21 18:28:59.865,0.75654,0.75663,1.50,1.20
2018.05.21 18:29:01.616,0.75654,0.75663,1.50,1.20
2018.05.21 18:29:02.854,0.75653,0.75663,3.00,2.32
2018.05.21 18:29:04.570,0.75653,0.75663,2.25,2.32
2018.05.21 18:29:05.114,0.75653,0.75663,1.87,1.50
2018.05.21 18:29:05.610,0.75655,0.75663,1.00,1.95
2018.05.21 18:29:06.145,0.75653,0.75663,1.12,1.57
2018.05.21 18:29:06.336,0.75652,0.75663,1.12,3.82
2018.05.21 18:29:07.076,0.75652,0.75663,1.12,2.32
2018.05.21 18:29:07.867,0.75652,0.75663,1.12,2.32
2018.05.21 18:29:08.386,0.75652,0.75662,1.50,1.50
2018.05.21 18:29:09.460,0.75652,0.75663,1.12,3.07
2018.05.21 18:29:10.025,0.75652,0.75662,1.12,1.00
2018.05.21 18:29:10.868,0.75652,0.75661,1.00,1.10
2018.05.21 18:29:14.936,0.75651,0.75662,2.62,1.20
2018.05.21 18:29:19.515,0.75653,0.75663,1.12,1.57
2018.05.21 18:29:20.038,0.75652,0.75663,6.00,2.32
2018.05.21 18:29:21.340,0.75652,0.75663,3.75,1.57
2018.05.21 18:29:22.847,0.75652,0.75663,5.25,2.32
2018.05.21 18:29:30.246,0.75652,0.75663,3.75,1.07
2018.05.21 18:29:30.855,0.75652,0.75663,7.50,1.10
2018.05.21 18:29:32.965,0.75654,0.75663,1.50,1.12
2018.05.21 18:29:34.790,0.75656,0.75663,1.12,1.00
2018.05.21 18:29:34.894,0.75657,0.75665,1.00,1.00
2018.05.21 18:29:35.440,0.75657,0.75667,1.00,4.95
2018.05.21 18:29:35.970,0.75657,0.75663,1.00,1.00
2018.05.21 18:29:36.487,0.75657,0.75665,1.00,6.45
2018.05.21 18:29:37.028,0.75657,0.75664,1.00,2.32
2018.05.21 18:29:37.625,0.75656,0.75664,1.00,2.32
2018.05.21 18:29:38.275,0.75657,0.75664,1.00,2.32
2018.05.21 18:29:38.789,0.75656,0.75664,1.00,2.32
2018.05.21 18:29:39.383,0.75657,0.75664,1.00,2.32
2018.05.21 18:29:40.105,0.75657,0.75664,1.00,1.12
2018.05.21 18:29:45.673,0.75657,0.75664,1.00,2.32
2018.05.21 18:29:49.246,0.75656,0.75663,1.00,1.20
2018.05.21 18:29:53.291,0.75654,0.75663,3.37,1.10
2018.05.21 18:29:55.748,0.75656,0.75663,1.00,1.10
2018.05.21 18:29:56.352,0.75655,0.75663,1.12,1.10
2018.05.21 18:30:00.126,0.75655,0.75664,1.87,1.20
2018.05.21 18:30:00.777,0.75655,0.75664,1.12,3.07
2018.05.21 18:30:02.382,0.75655,0.75664,1.00,1.87
2018.05.21 18:30:03.426,0.75655,0.75663,1.00,1.00
2018.05.21 18:30:03.936,0.75655,0.75664,1.12,1.95
2018.05.21 18:30:04.640,0.75655,0.75664,1.12,2.32
2018.05.21 18:30:08.929,0.75655,0.75664,1.50,2.32
2018.05.21 18:30:10.651,0.75656,0.75664,1.00,1.87
2018.05.21 18:30:11.369,0.7566,0.75666,1.00,1.50
2018.05.21 18:30:11.478,0.75661,0.75669,1.00,1.10
2018.05.21 18:30:11.997,0.75659,0.75667,1.50,1.12
2018.05.21 18:30:12.299,0.75661,0.7567,1.50,1.00
2018.05.21 18:30:12.910,0.75661,0.75671,1.50,3.07
2018.05.21 18:30:13.526,0.75663,0.75672,1.00,1.00
2018.05.21 18:30:13.853,0.75666,0.75675,1.00,3.45
2018.05.21 18:30:16.049,0.75665,0.75675,1.87,2.70
2018.05.21 18:30:26.116,0.75664,0.75675,1.00,4.57
2018.05.21 18:30:26.634,0.75664,0.75674,1.00,1.07
2018.05.21 18:30:27.238,0.75665,0.75673,1.00,1.10
2018.05.21 18:30:28.042,0.75663,0.75673,3.37,1.57
2018.05.21 18:30:28.588,0.75663,0.75672,1.87,1.00
2018.05.21 18:30:28.794,0.75664,0.75674,1.00,1.95
2018.05.21 18:30:29.368,0.75663,0.75674,1.12,1.95
2018.05.21 18:30:29.968,0.75665,0.75674,1.00,2.32
2018.05.21 18:30:30.270,0.75663,0.75673,1.50,1.95
2018.05.21 18:30:30.787,0.75663,0.75673,1.50,1.10
2018.05.21 18:30:31.338,0.75664,0.75674,1.00,1.95
2018.05.21 18:30:31.852,0.75664,0.75673,1.00,1.00
2018.05.21 18:30:32.450,0.75664,0.75673,1.00,1.20
2018.05.21 18:30:33.028,0.75664,0.75673,1.00,1.00
2018.05.21 18:30:33.769,0.75664,0.75672,1.00,1.00
2018.05.21 18:30:34.487,0.75664,0.75673,1.00,1.50
2018.05.21 18:30:34.645,0.75662,0.75671,1.00,1.50
2018.05.21 18:30:35.194,0.7566,0.7567,4.12,1.50
2018.05.21 18:30:37.907,0.75662,0.7567,1.00,1.10
2018.05.21 18:30:38.428,0.7566,0.7567,3.00,1.00
2018.05.21 18:30:40.988,0.7566,0.75668,1.87,1.00
2018.05.21 18:30:41.092,0.75659,0.75669,1.12,1.87
2018.05.21 18:30:41.145,0.75658,0.75668,1.12,5.62
2018.05.21 18:30:43.822,0.75657,0.75666,1.12,1.00
2018.05.21 18:30:44.834,0.75656,0.75665,2.62,1.00
2018.05.21 18:30:45.354,0.75656,0.75665,1.50,1.10
2018.05.21 18:30:47.124,0.75655,0.75664,2.62,1.00
2018.05.21 18:30:47.635,0.75655,0.75665,2.25,3.82
2018.05.21 18:30:48.165,0.75655,0.75665,1.00,1.95
2018.05.21 18:30:49.449,0.75655,0.75664,1.00,1.10
2018.05.21 18:30:50.427,0.75654,0.75664,2.25,1.10
2018.05.21 18:30:51.263,0.75653,0.75664,1.37,3.45
2018.05.21 18:30:51.923,0.75654,0.75664,1.12,1.95
2018.05.21 18:30:52.671,0.75654,0.75664,1.12,2.70
2018.05.21 18:30:53.210,0.75654,0.75664,1.12,1.57
2018.05.21 18:30:54.665,0.75656,0.75664,1.00,3.07
2018.05.21 18:30:55.210,0.75656,0.75664,1.00,3.45
2018.05.21 18:30:55.748,0.75655,0.75664,1.12,1.95
2018.05.21 18:30:56.452,0.75654,0.75664,1.50,1.95
2018.05.21 18:30:57.924,0.75655,0.75664,1.00,1.95
2018.05.21 18:30:59.270,0.75654,0.75664,1.87,1.95
2018.05.21 18:30:59.851,0.75656,0.75664,1.00,3.45
2018.05.21 18:31:00.007,0.75654,0.75664,1.87,2.32
2018.05.21 18:31:00.059,0.75656,0.75664,1.00,3.07
2018.05.21 18:31:02.125,0.75659,0.7567,4.12,2.32
2018.05.21 18:31:02.176,0.75659,0.7567,4.12,2.70
2018.05.21 18:31:05.507,0.75658,0.75665,1.87,1.00
2018.05.21 18:31:05.573,0.75655,0.75666,4.20,1.87
2018.05.21 18:31:05.677,0.75655,0.75664,1.00,1.00
2018.05.21 18:31:06.622,0.75654,0.75664,1.87,1.57
2018.05.21 18:31:07.036,0.75656,0.75665,1.12,1.20
2018.05.21 18:31:07.547,0.75656,0.75663,1.12,1.00
2018.05.21 18:31:08.091,0.75656,0.75664,1.12,1.87
2018.05.21 18:31:09.699,0.75655,0.75664,1.12,2.32
2018.05.21 18:31:10.259,0.75656,0.75664,1.00,1.95
2018.05.21 18:31:11.826,0.75657,0.75664,1.00,1.10
2018.05.21 18:31:11.929,0.75657,0.75666,1.00,2.25
2018.05.21 18:31:12.822,0.75656,0.75664,1.50,1.00
2018.05.21 18:31:15.510,0.75657,0.75665,1.00,1.87
2018.05.21 18:31:16.109,0.75656,0.75665,1.87,1.87
2018.05.21 18:31:16.413,0.75658,0.75667,1.12,1.10
2018.05.21 18:31:16.725,0.75655,0.75665,3.00,1.00
2018.05.21 18:31:17.187,0.7566,0.75667,2.62,1.10
2018.05.21 18:31:17.242,0.7566,0.75669,2.62,1.57
2018.05.21 18:31:18.139,0.75659,0.75668,1.00,2.25
2018.05.21 18:31:18.191,0.75658,0.75666,1.00,1.00
2018.05.21 18:31:18.243,0.75656,0.75665,1.12,1.00
2018.05.21 18:31:18.772,0.75657,0.75665,1.00,1.00
2018.05.21 18:31:19.837,0.75657,0.75666,1.00,1.00
2018.05.21 18:31:20.376,0.75659,0.75667,1.00,1.10
2018.05.21 18:31:20.982,0.75657,0.75667,3.00,1.95
2018.05.21 18:31:21.676,0.75657,0.75667,1.50,2.32
2018.05.21 18:31:22.332,0.75657,0.75667,1.50,2.32
2018.05.21 18:31:23.494,0.75657,0.75666,1.87,1.07
2018.05.21 18:31:24.024,0.75657,0.75666,1.12,1.00
2018.05.21 18:31:29.440,0.75657,0.75667,1.50,1.87
2018.05.21 18:31:29.977,0.75658,0.75667,1.00,1.57
2018.05.21 18:31:30.531,0.75656,0.75667,3.37,2.32
2018.05.21 18:31:31.397,0.75661,0.75668,1.00,1.45
2018.05.21 18:31:31.500,0.75661,0.7567,1.00,1.20
2018.05.21 18:31:32.050,0.75662,0.7567,1.00,1.10
2018.05.21 18:31:32.595,0.75661,0.7567,1.00,1.10
2018.05.21 18:31:33.812,0.7566,0.7567,1.00,1.57
2018.05.21 18:31:34.318,0.7566,0.75669,1.50,1.00
2018.05.21 18:31:34.892,0.7566,0.75668,1.50,1.00
2018.05.21 18:31:35.404,0.7566,0.75669,1.50,2.32
2018.05.21 18:31:35.948,0.7566,0.75668,1.50,1.00
2018.05.21 18:31:36.465,0.7566,0.75669,1.50,1.10
2018.05.21 18:31:37.999,0.75659,0.75668,1.00,1.00
2018.05.21 18:31:38.103,0.75656,0.75666,1.00,3.82
2018.05.21 18:31:38.318,0.75655,0.75664,1.00,1.00
2018.05.21 18:31:38.831,0.75654,0.75664,2.62,1.10
2018.05.21 18:31:40.976,0.75654,0.75664,3.00,1.20
2018.05.21 18:31:41.508,0.75655,0.75664,1.00,1.10
2018.05.21 18:31:42.035,0.75654,0.75664,3.75,1.10
2018.05.21 18:31:42.550,0.75655,0.75664,1.00,1.10
2018.05.21 18:31:45.166,0.75654,0.75664,3.75,1.10
2018.05.21 18:31:46.173,0.75655,0.75664,1.00,2.32
2018.05.21 18:31:46.716,0.75654,0.75664,3.00,1.57
2018.05.21 18:31:47.325,0.75655,0.75664,1.00,3.82
2018.05.21 18:31:47.966,0.75654,0.75664,2.62,1.95
2018.05.21 18:31:51.237,0.75655,0.75664,1.00,1.57
2018.05.21 18:31:51.998,0.75654,0.75664,1.87,1.95
2018.05.21 18:31:52.627,0.75655,0.75664,1.00,1.95
2018.05.21 18:31:53.144,0.75654,0.75664,1.87,1.95
2018.05.21 18:31:53.668,0.75655,0.75664,1.00,1.95
2018.05.21 18:31:55.631,0.75654,0.75664,1.50,1.57
2018.05.21 18:31:57.946,0.75654,0.75664,1.50,1.95
2018.05.21 18:31:58.520,0.75654,0.75664,2.25,1.57
2018.05.21 18:31:59.287,0.75654,0.75664,1.50,1.95
2018.05.21 18:31:59.822,0.75654,0.75664,1.50,1.57
2018.05.21 18:32:00.379,0.75654,0.75664,1.12,3.07
2018.05.21 18:32:01.123,0.75653,0.75664,4.50,2.70
2018.05.21 18:32:03.014,0.75654,0.75664,1.12,3.07
2018.05.21 18:32:03.548,0.75654,0.75664,1.12,3.45
2018.05.21 18:32:05.108,0.75653,0.75664,4.50,3.07
2018.05.21 18:32:05.654,0.75653,0.75664,4.50,3.07
2018.05.21 18:32:06.171,0.75652,0.75663,1.87,1.20
2018.05.21 18:32:06.968,0.75652,0.75663,1.87,3.07
2018.05.21 18:32:08.110,0.75652,0.75663,1.87,2.70
2018.05.21 18:32:08.623,0.75652,0.75662,1.87,1.10
2018.05.21 18:32:09.991,0.75652,0.75662,2.25,1.20
2018.05.21 18:32:10.840,0.75652,0.75662,1.87,1.10
2018.05.21 18:32:11.968,0.75653,0.75662,1.37,1.20
2018.05.21 18:32:12.213,0.75652,0.75663,1.87,3.07
2018.05.21 18:32:12.912,0.75652,0.75663,1.87,3.07
2018.05.21 18:32:13.409,0.75652,0.75663,1.00,3.45
2018.05.21 18:32:16.600,0.75652,0.75663,1.12,3.82
2018.05.21 18:32:18.945,0.75652,0.75662,1.00,3.07
2018.05.21 18:32:19.796,0.75652,0.75661,1.00,2.32
2018.05.21 18:32:20.681,0.75652,0.7566,1.00,1.00
2018.05.21 18:32:21.496,0.75652,0.75661,1.00,2.32
2018.05.21 18:32:22.269,0.75652,0.7566,1.00,1.00
2018.05.21 18:32:22.877,0.75652,0.75661,1.00,2.32
2018.05.21 18:32:26.398,0.75652,0.75661,1.00,1.95
2018.05.21 18:32:29.761,0.75652,0.75661,1.00,1.95
2018.05.21 18:32:32.202,0.75651,0.75661,1.87,1.20
2018.05.21 18:32:35.526,0.75655,0.75663,1.00,3.07
2018.05.21 18:32:35.584,0.75653,0.75663,1.50,1.95
2018.05.21 18:32:36.093,0.75654,0.75664,1.87,1.57
2018.05.21 18:32:37.889,0.75654,0.75664,1.37,1.57
2018.05.21 18:32:38.451,0.75654,0.75664,1.87,1.57
2018.05.21 18:32:42.056,0.75654,0.75664,1.87,1.57
2018.05.21 18:32:42.569,0.75655,0.75664,1.12,1.57
2018.05.21 18:32:44.360,0.75655,0.75664,1.12,1.57
2018.05.21 18:32:44.870,0.75655,0.75664,1.12,1.20
2018.05.21 18:32:47.238,0.75655,0.75664,1.12,1.57
2018.05.21 18:32:47.746,0.75655,0.75664,1.12,1.12
2018.05.21 18:32:48.317,0.75655,0.75664,1.12,1.57
2018.05.21 18:32:49.700,0.75655,0.75664,1.87,1.95
2018.05.21 18:32:50.477,0.75655,0.75664,1.12,1.57
2018.05.21 18:32:52.871,0.75655,0.75664,1.00,1.57
2018.05.21 18:32:55.991,0.75654,0.75664,1.87,1.20
2018.05.21 18:32:56.516,0.75654,0.75664,1.87,1.20
2018.05.21 18:32:57.520,0.75654,0.75665,3.37,1.57
2018.05.21 18:32:58.031,0.75655,0.75665,1.37,1.20
2018.05.21 18:33:00.362,0.75655,0.75665,1.37,1.57
2018.05.21 18:33:00.892,0.75655,0.75665,1.37,1.20
2018.05.21 18:33:01.407,0.75655,0.75665,1.37,1.57
2018.05.21 18:33:01.918,0.75655,0.75665,2.62,1.57
2018.05.21 18:33:02.645,0.75655,0.75665,2.62,1.57
2018.05.21 18:33:05.671,0.75656,0.75665,1.00,1.12
2018.05.21 18:33:09.959,0.75657,0.75666,1.00,3.45
2018.05.21 18:33:11.567,0.75656,0.75666,1.50,1.95
2018.05.21 18:33:13.144,0.75657,0.75666,1.00,3.82
2018.05.21 18:33:13.731,0.75656,0.75666,1.50,2.32
2018.05.21 18:33:14.338,0.75656,0.75664,1.50,1.00
2018.05.21 18:33:14.954,0.75657,0.75664,1.00,1.10
2018.05.21 18:33:15.614,0.75656,0.75664,1.00,1.00
2018.05.21 18:33:16.615,0.75657,0.75664,1.00,1.00
2018.05.21 18:33:17.144,0.75656,0.75664,1.50,1.57
2018.05.21 18:33:19.694,0.75657,0.75664,1.00,1.57
2018.05.21 18:33:24.022,0.75655,0.75666,2.62,3.75
2018.05.21 18:33:25.356,0.75655,0.75665,1.50,2.32
2018.05.21 18:33:26.771,0.75655,0.75664,1.00,1.50
2018.05.21 18:33:27.918,0.75655,0.75665,1.87,1.50
2018.05.21 18:33:28.451,0.75656,0.75665,1.00,1.10
2018.05.21 18:33:28.987,0.75656,0.75664,1.00,1.37
2018.05.21 18:33:29.515,0.75655,0.75664,1.87,1.37
2018.05.21 18:33:33.408,0.75656,0.75665,1.12,1.12
2018.05.21 18:33:33.710,0.7566,0.75668,1.00,1.57
2018.05.21 18:33:34.259,0.75657,0.75668,3.37,1.95
2018.05.21 18:33:35.501,0.7566,0.7567,1.37,2.32
2018.05.21 18:33:35.625,0.7566,0.7567,1.37,1.95
2018.05.21 18:33:36.145,0.7566,0.75669,2.62,1.00
2018.05.21 18:33:36.939,0.75662,0.7567,1.00,1.12
2018.05.21 18:33:38.787,0.75661,0.7567,1.12,1.07
2018.05.21 18:33:39.327,0.75661,0.7567,1.12,1.12
2018.05.21 18:33:39.838,0.75661,0.7567,1.00,1.07
2018.05.21 18:33:40.374,0.75661,0.7567,1.00,1.20
2018.05.21 18:33:40.966,0.7566,0.75667,1.00,1.50
2018.05.21 18:33:41.070,0.75657,0.75666,1.00,1.12
2018.05.21 18:33:41.607,0.75657,0.75666,1.00,1.57
2018.05.21 18:33:42.115,0.75655,0.75665,1.87,1.50
2018.05.21 18:33:43.051,0.75655,0.75665,1.37,2.70
2018.05.21 18:33:44.792,0.75654,0.75664,3.00,1.12
2018.05.21 18:33:45.162,0.75656,0.75665,1.12,1.95
2018.05.21 18:33:45.696,0.75655,0.75664,1.50,1.12
2018.05.21 18:33:48.935,0.75655,0.75664,1.12,2.32
2018.05.21 18:34:01.369,0.75654,0.75664,1.87,2.62
2018.05.21 18:34:11.789,0.75654,0.75663,3.00,1.20
2018.05.21 18:34:14.165,0.75654,0.75663,1.50,1.20
2018.05.21 18:34:14.271,0.75657,0.75663,1.00,1.12
2018.05.21 18:34:14.429,0.75657,0.75665,1.00,1.20
2018.05.21 18:34:15.395,0.75656,0.75665,2.25,1.12
2018.05.21 18:34:15.938,0.75655,0.75665,1.50,3.07
2018.05.21 18:34:26.512,0.75657,0.75665,1.00,3.45
2018.05.21 18:34:27.096,0.75659,0.75665,1.00,2.62
2018.05.21 18:34:27.253,0.75656,0.75665,5.25,1.00
2018.05.21 18:34:27.408,0.75657,0.75667,1.00,1.50
2018.05.21 18:34:27.461,0.75658,0.75665,1.00,1.00
2018.05.21 18:34:27.587,0.75656,0.75665,4.87,1.00
2018.05.21 18:34:28.105,0.75655,0.75664,6.00,1.00
2018.05.21 18:34:28.850,0.75656,0.75664,1.00,1.00
2018.05.21 18:34:29.457,0.75655,0.75664,3.37,1.00
2018.05.21 18:34:30.015,0.75656,0.75664,1.00,1.00
2018.05.21 18:34:30.609,0.75655,0.75664,3.37,1.00
2018.05.21 18:34:31.631,0.75656,0.75664,1.12,1.00
2018.05.21 18:34:32.692,0.75659,0.75667,1.00,1.07
2018.05.21 18:34:32.744,0.75659,0.75668,1.12,1.00
2018.05.21 18:34:33.002,0.75662,0.7567,1.00,1.87
2018.05.21 18:34:34.398,0.75662,0.7567,1.00,1.50
2018.05.21 18:34:49.871,0.75664,0.75673,1.00,3.45
2018.05.21 18:34:50.207,0.75666,0.75674,1.00,1.95
2018.05.21 18:35:01.293,0.75668,0.75674,1.00,1.12
2018.05.21 18:35:02.168,0.75666,0.75674,1.00,1.12
2018.05.21 18:35:11.212,0.75665,0.75674,2.25,1.87
2018.05.21 18:35:16.535,0.75665,0.75674,1.50,1.12
2018.05.21 18:35:21.344,0.75665,0.75673,1.12,1.00
2018.05.21 18:35:45.117,0.75664,0.75673,1.50,1.00
2018.05.21 18:35:48.878,0.75664,0.75674,1.00,2.32
2018.05.21 18:35:51.773,0.75665,0.75674,1.00,2.32
2018.05.21 18:35:52.318,0.75664,0.75674,1.00,1.57
2018.05.21 18:35:53.241,0.75665,0.75674,1.00,1.57
2018.05.21 18:35:53.745,0.75664,0.75674,1.50,2.32
2018.05.21 18:36:06.625,0.75665,0.75674,1.00,1.12
2018.05.21 18:36:07.185,0.75664,0.75674,1.50,1.12
2018.05.21 18:36:08.496,0.75665,0.75674,1.00,1.12
2018.05.21 18:36:24.933,0.75666,0.75676,1.00,2.70
2018.05.21 18:36:25.691,0.75667,0.75676,1.00,1.87
2018.05.21 18:36:26.349,0.75666,0.75676,1.00,1.12
2018.05.21 18:36:33.747,0.75665,0.75676,3.37,1.20
2018.05.21 18:36:34.361,0.75666,0.75676,1.00,2.62
2018.05.21 18:36:35.753,0.75666,0.75675,1.00,1.00
2018.05.21 18:36:36.287,0.75666,0.75676,1.00,1.87
2018.05.21 18:36:36.989,0.75666,0.75675,1.00,1.00
2018.05.21 18:36:37.539,0.75666,0.75676,1.00,1.95
2018.05.21 18:36:38.764,0.75666,0.75675,1.00,1.00
2018.05.21 18:36:39.281,0.75665,0.75676,1.00,2.70
2018.05.21 18:36:39.814,0.75665,0.75675,1.00,1.10
2018.05.21 18:36:41.522,0.75665,0.75675,1.37,1.00
2018.05.21 18:36:42.048,0.75665,0.75676,1.37,3.37
2018.05.21 18:36:42.551,0.75664,0.75676,2.25,3.82
2018.05.21 18:36:43.058,0.75664,0.75676,2.25,4.20
2018.05.21 18:36:43.735,0.75664,0.75676,2.25,3.82
2018.05.21 18:36:44.397,0.75664,0.75675,4.50,1.50
2018.05.21 18:36:44.925,0.75664,0.75676,2.25,3.82
2018.05.21 18:36:46.755,0.75664,0.75675,4.50,1.50
2018.05.21 18:36:47.744,0.75665,0.75676,1.12,3.07
2018.05.21 18:36:48.689,0.75666,0.75676,1.00,4.57
2018.05.21 18:36:50.121,0.75666,0.75675,1.00,1.50
2018.05.21 18:36:52.980,0.75666,0.75676,1.00,1.87
2018.05.21 18:36:54.233,0.75666,0.75675,1.00,1.00
2018.05.21 18:36:54.740,0.75665,0.75676,1.12,1.87
2018.05.21 18:36:55.294,0.75665,0.75675,1.00,1.00
2018.05.21 18:36:58.110,0.75665,0.75676,1.00,3.45
2018.05.21 18:36:59.039,0.75665,0.75675,1.50,1.00
2018.05.21 18:36:59.634,0.75666,0.75676,1.00,3.45
2018.05.21 18:37:02.880,0.75665,0.75676,1.87,5.70
2018.05.21 18:37:03.468,0.75665,0.75676,1.12,3.82
2018.05.21 18:37:19.949,0.75665,0.75675,1.50,1.57
2018.05.21 18:37:23.890,0.75665,0.75675,1.50,1.57
2018.05.21 18:37:30.026,0.75665,0.75675,3.00,2.32
2018.05.21 18:37:44.121,0.75666,0.75675,1.00,1.50
2018.05.21 18:38:04.605,0.75667,0.75675,1.00,1.50
2018.05.21 18:38:05.158,0.75666,0.75676,1.12,2.62
2018.05.21 18:38:10.069,0.75665,0.75675,1.20,2.25
2018.05.21 18:38:14.950,0.75665,0.75675,1.00,1.00
2018.05.21 18:38:16.129,0.75666,0.75675,1.00,1.00
2018.05.21 18:38:24.927,0.75667,0.75675,1.00,1.00
2018.05.21 18:38:27.193,0.75665,0.75674,2.62,1.00
2018.05.21 18:38:28.763,0.75665,0.75674,2.32,1.00
2018.05.21 18:38:29.432,0.75669,0.75676,1.12,1.00
2018.05.21 18:38:29.485,0.75671,0.75678,3.00,1.00
2018.05.21 18:38:29.538,0.75673,0.7568,1.00,1.00
2018.05.21 18:38:29.594,0.75673,0.75684,1.50,4.95
2018.05.21 18:38:29.855,0.75675,0.75684,1.00,1.50
2018.05.21 18:38:30.379,0.75674,0.75684,1.50,1.50
2018.05.21 18:38:30.928,0.75675,0.75684,1.00,1.50
2018.05.21 18:38:31.478,0.75674,0.75684,1.50,1.00
2018.05.21 18:38:34.836,0.75675,0.75684,1.00,1.00
2018.05.21 18:38:36.267,0.75674,0.75684,1.50,1.00
2018.05.21 18:38:36.857,0.75675,0.75684,1.00,1.00
2018.05.21 18:38:37.387,0.75674,0.75684,1.00,1.00
2018.05.21 18:38:38.949,0.75674,0.75685,1.87,4.12
2018.05.21 18:38:41.342,0.75677,0.75685,1.12,1.00
2018.05.21 18:38:48.381,0.75675,0.75685,1.87,1.87
2018.05.21 18:39:02.544,0.75678,0.75686,1.00,1.00
2018.05.21 18:39:02.709,0.7568,0.7569,3.00,3.00
2018.05.21 18:39:03.232,0.75682,0.7569,1.00,1.00
2018.05.21 18:39:03.749,0.75681,0.75691,1.57,1.00
2018.05.21 18:39:04.556,0.75681,0.7569,1.57,1.00
2018.05.21 18:39:04.709,0.75681,0.75693,1.57,3.75
2018.05.21 18:39:05.863,0.75681,0.75692,1.95,1.75
2018.05.21 18:39:05.915,0.75681,0.75692,1.95,1.69
2018.05.21 18:39:08.016,0.7568,0.7569,1.00,6.45
2018.05.21 18:39:08.119,0.75678,0.75688,1.87,1.50
2018.05.21 18:39:08.848,0.75678,0.75688,1.00,1.50
2018.05.21 18:39:09.761,0.7568,0.75689,1.12,1.10
2018.05.21 18:39:10.304,0.7568,0.7569,1.12,1.50
2018.05.21 18:39:11.378,0.75677,0.75687,3.45,3.00
2018.05.21 18:39:11.431,0.75677,0.75686,1.00,1.87
2018.05.21 18:39:12.148,0.75675,0.75685,3.75,1.00
2018.05.21 18:39:13.972,0.75675,0.75685,3.00,1.00
2018.05.21 18:39:19.368,0.75675,0.75685,3.00,1.00
2018.05.21 18:39:21.354,0.75675,0.75685,2.62,1.00
2018.05.21 18:39:30.457,0.75675,0.75685,1.12,2.25
2018.05.21 18:39:31.111,0.75675,0.75685,1.00,3.07
2018.05.21 18:39:31.819,0.75675,0.75684,1.50,1.00
2018.05.21 18:39:33.087,0.75675,0.75685,1.00,3.07
2018.05.21 18:39:34.286,0.75676,0.75685,1.00,2.32
2018.05.21 18:39:34.702,0.75676,0.75685,1.00,2.32
2018.05.21 18:39:34.753,0.75674,0.75685,1.87,2.32
2018.05.21 18:39:34.936,0.75674,0.75685,2.25,2.32
2018.05.21 18:39:35.521,0.75675,0.75685,1.00,3.75
2018.05.21 18:39:41.288,0.75674,0.75685,1.87,2.25
2018.05.21 18:39:56.418,0.75675,0.75685,1.00,4.57
2018.05.21 18:40:03.360,0.75675,0.75685,1.50,4.57
2018.05.21 18:40:17.929,0.75674,0.75684,2.25,1.87
2018.05.21 18:40:19.364,0.75674,0.75684,1.50,3.75
2018.05.21 18:40:19.907,0.75673,0.75683,1.87,2.62
2018.05.21 18:40:20.524,0.75673,0.75683,1.00,1.95
2018.05.21 18:40:21.292,0.75672,0.75682,1.50,1.87
2018.05.21 18:40:28.907,0.75672,0.75683,1.12,4.87
2018.05.21 18:40:29.434,0.75672,0.75682,1.12,1.00
2018.05.21 18:40:32.078,0.75671,0.75681,3.82,1.00
2018.05.21 18:40:33.240,0.75672,0.75682,1.12,1.00
2018.05.21 18:40:33.796,0.75672,0.75681,1.87,1.00
2018.05.21 18:40:34.822,0.75674,0.75683,1.00,1.20
2018.05.21 18:40:35.132,0.75676,0.75684,1.00,1.50
2018.05.21 18:40:39.567,0.75674,0.75684,2.25,1.50
2018.05.21 18:40:40.722,0.75676,0.75684,1.50,1.50
2018.05.21 18:40:47.319,0.75676,0.75684,2.62,1.00
2018.05.21 18:40:52.561,0.75676,0.75685,2.62,1.12
2018.05.21 18:40:59.789,0.75676,0.75684,1.87,1.00
2018.05.21 18:41:00.340,0.75676,0.75684,1.00,1.00
2018.05.21 18:41:02.971,0.75679,0.75684,1.00,1.12
2018.05.21 18:41:03.024,0.75677,0.75688,4.12,1.50
2018.05.21 18:41:03.077,0.75678,0.75689,3.37,1.50
2018.05.21 18:41:03.286,0.75678,0.75689,4.50,1.37
2018.05.21 18:41:05.125,0.75678,0.75687,1.87,1.50
2018.05.21 18:41:05.177,0.75676,0.75685,2.70,1.00
2018.05.21 18:41:06.363,0.75676,0.75685,1.12,1.87
2018.05.21 18:41:18.121,0.75675,0.75685,1.12,2.62
2018.05.21 18:41:19.700,0.75674,0.75685,3.37,1.95
2018.05.21 18:41:21.638,0.75676,0.75685,1.00,1.95
2018.05.21 18:41:23.376,0.75677,0.75686,3.37,1.00
2018.05.21 18:41:23.709,0.75679,0.75687,1.50,1.00
2018.05.21 18:41:24.016,0.75679,0.75689,1.50,1.87
2018.05.21 18:41:27.302,0.75681,0.7569,1.87,1.00
2018.05.21 18:41:27.765,0.75683,0.75691,1.00,1.00
2018.05.21 18:41:28.283,0.75683,0.75692,1.12,1.50
2018.05.21 18:41:29.856,0.75682,0.75692,1.87,1.50
2018.05.21 18:41:32.867,0.75682,0.75691,1.12,1.00
2018.05.21 18:41:33.468,0.75682,0.75692,1.12,1.87
2018.05.21 18:41:34.295,0.75681,0.75691,3.45,1.00
2018.05.21 18:41:34.941,0.75681,0.75692,3.45,1.87
2018.05.21 18:41:35.858,0.75681,0.75691,3.45,1.00
2018.05.21 18:41:36.419,0.75681,0.75692,3.45,1.87
2018.05.21 18:41:36.957,0.75681,0.75691,3.07,1.12
2018.05.21 18:41:37.539,0.75682,0.75692,1.37,3.37
2018.05.21 18:41:38.338,0.75682,0.75691,1.37,1.00
2018.05.21 18:41:38.882,0.75682,0.75692,1.37,3.37
2018.05.21 18:41:39.407,0.75682,0.75692,1.87,3.37
2018.05.21 18:41:42.075,0.75682,0.75692,1.87,1.00
2018.05.21 18:41:46.027,0.75678,0.75688,3.82,1.00
2018.05.21 18:41:46.549,0.75679,0.75687,1.37,1.00
2018.05.21 18:41:47.226,0.75678,0.75688,1.50,1.12
2018.05.21 18:41:48.635,0.75679,0.75689,1.12,2.25
2018.05.21 18:41:49.218,0.7568,0.75691,1.50,3.37
2018.05.21 18:41:49.804,0.7568,0.7569,1.00,1.37
2018.05.21 18:41:50.321,0.75679,0.7569,1.75,1.50
2018.05.21 18:41:52.832,0.7568,0.7569,1.87,1.12
2018.05.21 18:41:53.636,0.75679,0.75687,1.00,1.12
2018.05.21 18:41:53.943,0.7568,0.7569,1.00,1.20
2018.05.21 18:41:54.595,0.7568,0.7569,1.50,1.50
2018.05.21 18:41:55.641,0.7568,0.7569,2.25,1.95
2018.05.21 18:41:56.052,0.75679,0.75686,1.12,1.00
2018.05.21 18:41:56.105,0.75679,0.75688,1.00,1.12
2018.05.21 18:41:56.573,0.75679,0.75685,1.37,1.00
2018.05.21 18:41:56.626,0.75676,0.75685,2.70,1.00
2018.05.21 18:41:57.150,0.75674,0.75686,6.00,1.50
2018.05.21 18:41:58.124,0.75675,0.75685,1.12,1.00
2018.05.21 18:42:07.779,0.75674,0.75682,2.62,1.00
2018.05.21 18:42:07.882,0.75674,0.75684,2.25,1.50
2018.05.21 18:42:09.426,0.75674,0.75683,2.62,1.00
2018.05.21 18:42:10.041,0.75674,0.75684,1.87,1.50
2018.05.21 18:42:16.901,0.75674,0.75684,1.12,2.25
2018.05.21 18:42:17.448,0.75673,0.75683,1.00,2.70
2018.05.21 18:42:18.028,0.75673,0.75682,1.00,1.50
2018.05.21 18:42:19.867,0.75671,0.75681,2.25,1.12
2018.05.21 18:42:20.389,0.75671,0.75681,1.50,2.32
2018.05.21 18:42:21.736,0.75671,0.75681,1.37,1.50
2018.05.21 18:42:22.278,0.75671,0.7568,1.37,1.00
2018.05.21 18:42:22.829,0.75671,0.75681,1.37,1.50
2018.05.21 18:42:23.397,0.75671,0.7568,1.37,1.00
2018.05.21 18:42:24.090,0.75671,0.75681,1.37,1.50
2018.05.21 18:42:24.608,0.75671,0.7568,1.37,1.00
2018.05.21 18:42:25.821,0.7567,0.75679,1.95,1.00
2018.05.21 18:42:26.350,0.7567,0.7568,2.32,1.12
2018.05.21 18:42:28.180,0.75671,0.75681,1.37,1.20
2018.05.21 18:42:32.659,0.75672,0.75682,1.37,2.32
2018.05.21 18:42:33.017,0.75674,0.75683,1.37,1.00
2018.05.21 18:42:38.779,0.75673,0.75683,2.32,1.12
2018.05.21 18:42:45.619,0.75674,0.75683,1.00,1.12
2018.05.21 18:42:46.143,0.75673,0.75683,2.32,1.12
2018.05.21 18:42:46.798,0.75674,0.75683,1.00,1.12
2018.05.21 18:42:47.816,0.75673,0.75683,2.25,1.12
2018.05.21 18:42:48.626,0.75674,0.75683,1.00,1.12
2018.05.21 18:42:50.163,0.75673,0.75683,3.75,1.12
2018.05.21 18:42:50.718,0.75674,0.75683,1.00,1.12
2018.05.21 18:42:51.418,0.75673,0.75684,3.75,1.87
2018.05.21 18:42:51.526,0.75674,0.75684,1.37,1.12
2018.05.21 18:42:59.940,0.75675,0.75685,1.50,4.20
2018.05.21 18:43:00.494,0.75675,0.75685,2.25,2.32
2018.05.21 18:43:06.841,0.75675,0.75685,2.25,1.87
2018.05.21 18:43:34.841,0.75676,0.75685,1.00,1.37
2018.05.21 18:43:36.386,0.75675,0.75686,4.12,3.82
2018.05.21 18:43:45.029,0.75676,0.75685,1.00,1.37
2018.05.21 18:43:45.581,0.75675,0.75685,1.50,1.37
2018.05.21 18:43:52.352,0.75674,0.75684,1.20,1.12
2018.05.21 18:43:52.989,0.75674,0.75682,1.50,1.00
2018.05.21 18:43:53.042,0.75674,0.75684,1.12,1.12
2018.05.21 18:43:55.949,0.75675,0.75684,1.00,1.12
2018.05.21 18:43:56.506,0.75676,0.75684,1.00,1.20
2018.05.21 18:43:56.887,0.75674,0.75684,1.50,1.20
2018.05.21 18:43:57.618,0.75675,0.75684,1.00,1.00
2018.05.21 18:43:58.777,0.75674,0.75684,2.70,1.00
2018.05.21 18:43:59.346,0.75674,0.75684,2.32,1.87
2018.05.21 18:44:00.046,0.75675,0.75684,1.00,1.87
2018.05.21 18:44:01.973,0.75674,0.75684,1.87,1.87
2018.05.21 18:44:02.667,0.75675,0.75684,1.00,2.62
2018.05.21 18:44:03.212,0.75674,0.75684,1.87,1.87
2018.05.21 18:44:09.316,0.75674,0.75684,2.25,2.62
2018.05.21 18:44:13.142,0.75675,0.75684,1.00,1.12
2018.05.21 18:44:13.341,0.75677,0.75686,1.00,2.70
2018.05.21 18:44:13.859,0.75676,0.75686,1.12,1.50
2018.05.21 18:44:14.019,0.75679,0.7569,1.87,1.12
2018.05.21 18:44:15.281,0.7568,0.75691,1.87,2.32
2018.05.21 18:44:16.100,0.75683,0.75691,1.37,1.12
2018.05.21 18:44:16.634,0.75682,0.75692,1.87,2.25
2018.05.21 18:44:17.550,0.75682,0.75692,1.37,1.87
2018.05.21 18:44:20.794,0.75682,0.75692,1.87,3.07
2018.05.21 18:44:21.336,0.75682,0.75692,1.87,2.32
2018.05.21 18:44:22.808,0.75682,0.75692,1.37,1.57
2018.05.21 18:44:23.406,0.75682,0.75692,1.37,1.10
2018.05.21 18:44:24.138,0.75682,0.75692,1.37,1.20
2018.05.21 18:44:42.124,0.75682,0.75692,1.50,1.00
2018.05.21 18:44:46.057,0.75682,0.75692,1.50,1.20
2018.05.21 18:44:53.238,0.75682,0.75692,1.50,1.00
2018.05.21 18:44:54.498,0.75682,0.75692,1.50,1.20
2018.05.21 18:44:57.942,0.75682,0.75692,2.25,1.20
2018.05.21 18:45:01.259,0.75683,0.75693,1.50,1.57
2018.05.21 18:45:14.238,0.75685,0.75695,1.00,4.57
2018.05.21 18:45:14.585,0.7569,0.757,1.87,1.20
2018.05.21 18:45:14.847,0.75687,0.75697,1.10,3.37
2018.05.21 18:45:14.901,0.75687,0.75695,1.50,1.00
2018.05.21 18:45:15.434,0.75686,0.75695,1.00,1.47
2018.05.21 18:45:16.871,0.75687,0.75694,1.00,1.10
2018.05.21 18:45:17.502,0.75686,0.75694,1.00,1.10
2018.05.21 18:45:18.336,0.75687,0.75694,1.00,1.00
2018.05.21 18:45:18.859,0.75686,0.75695,1.00,1.20
2018.05.21 18:45:19.475,0.75684,0.75695,3.37,1.10
2018.05.21 18:45:20.029,0.75687,0.75696,1.50,2.70
2018.05.21 18:45:20.622,0.75687,0.75697,1.87,1.20
2018.05.21 18:45:21.141,0.75688,0.75698,1.12,1.57
2018.05.21 18:45:21.688,0.75688,0.75697,1.12,2.70
2018.05.21 18:45:22.285,0.7569,0.75698,1.00,1.57
2018.05.21 18:45:22.339,0.7569,0.757,1.00,3.45
2018.05.21 18:45:26.715,0.75689,0.75699,3.00,1.87
2018.05.21 18:45:29.444,0.75685,0.75695,4.87,1.00
2018.05.21 18:45:30.436,0.75685,0.75695,1.12,1.57
2018.05.21 18:45:32.435,0.75685,0.75695,1.00,1.95
2018.05.21 18:45:43.483,0.75685,0.75694,1.00,1.07
2018.05.21 18:45:46.702,0.75685,0.75693,1.00,1.57
2018.05.21 18:45:47.287,0.75685,0.75693,1.00,1.20
2018.05.21 18:45:48.743,0.75683,0.75693,1.87,1.95
2018.05.21 18:45:49.248,0.75684,0.75693,1.00,1.12
2018.05.21 18:45:52.647,0.75684,0.75693,1.00,1.57
2018.05.21 18:45:54.736,0.75683,0.75693,2.62,1.57
2018.05.21 18:45:55.308,0.75683,0.75693,1.87,2.32
2018.05.21 18:45:56.150,0.75683,0.75692,1.12,1.00
2018.05.21 18:45:58.254,0.75683,0.75693,1.50,2.32
2018.05.21 18:45:58.367,0.75685,0.75694,1.00,1.45
2018.05.21 18:45:58.925,0.75685,0.75694,1.00,1.20
2018.05.21 18:46:00.392,0.75686,0.75694,1.00,1.10
2018.05.21 18:46:00.946,0.75685,0.75694,1.50,1.10
2018.05.21 18:46:01.490,0.75685,0.75694,1.00,1.20
2018.05.21 18:46:05.151,0.75685,0.75694,1.50,1.00
2018.05.21 18:46:05.633,0.75687,0.75696,1.00,7.39
2018.05.21 18:46:06.257,0.75686,0.75696,1.00,5.89
2018.05.21 18:46:06.876,0.75687,0.75696,1.00,6.64
2018.05.21 18:46:07.429,0.75686,0.75696,1.00,5.89
2018.05.21 18:46:08.335,0.75687,0.75696,1.00,6.45
2018.05.21 18:46:10.244,0.75685,0.75695,1.12,1.00
2018.05.21 18:46:10.815,0.75684,0.75694,2.25,1.10
2018.05.21 18:46:11.506,0.75684,0.75694,1.87,1.10
2018.05.21 18:46:12.995,0.75685,0.75695,1.00,1.20
2018.05.21 18:46:16.548,0.75684,0.75695,2.25,1.45
2018.05.21 18:46:16.651,0.75684,0.75695,2.25,1.20
2018.05.21 18:46:16.714,0.75684,0.75695,2.25,1.45
2018.05.21 18:46:17.253,0.75685,0.75695,1.12,1.45
2018.05.21 18:46:19.546,0.75684,0.75696,2.25,5.51
2018.05.21 18:46:19.877,0.75686,0.75695,1.12,1.10
2018.05.21 18:46:20.144,0.75689,0.75699,1.00,2.32
2018.05.21 18:46:20.686,0.75689,0.75699,1.00,2.70
2018.05.21 18:46:23.496,0.75687,0.75696,1.87,1.00
2018.05.21 18:46:23.808,0.75686,0.75696,1.00,3.82
2018.05.21 18:46:24.341,0.75685,0.75695,1.00,1.37
2018.05.21 18:46:24.887,0.75684,0.75695,3.00,1.12
2018.05.21 18:46:26.354,0.75684,0.75695,2.32,1.57
2018.05.21 18:46:31.861,0.75684,0.75695,1.50,1.00
2018.05.21 18:46:32.808,0.75684,0.75694,1.50,1.00
2018.05.21 18:46:33.328,0.75683,0.75694,1.95,3.07
2018.05.21 18:46:37.389,0.75683,0.75693,1.50,1.50
2018.05.21 18:46:38.591,0.75683,0.75693,1.50,3.82
2018.05.21 18:46:39.125,0.75683,0.75692,1.50,1.00
2018.05.21 18:46:48.457,0.75683,0.75693,1.50,3.75
2018.05.21 18:46:48.964,0.75683,0.75692,1.50,1.00
2018.05.21 18:46:49.478,0.75683,0.75693,1.50,3.82
2018.05.21 18:46:50.314,0.75683,0.75692,1.50,1.00
2018.05.21 18:46:50.824,0.75683,0.75693,1.50,3.75
2018.05.21 18:46:51.434,0.75683,0.75692,1.00,1.00
2018.05.21 18:46:52.001,0.75683,0.75691,1.00,1.00
2018.05.21 18:46:55.994,0.75683,0.75693,1.00,4.76
2018.05.21 18:46:56.836,0.75682,0.75692,1.12,1.12
2018.05.21 18:46:57.148,0.75683,0.75693,2.25,1.50
2018.05.21 18:46:59.849,0.75684,0.75695,2.62,3.82
2018.05.21 18:47:04.738,0.75685,0.75695,1.50,2.32
2018.05.21 18:47:10.434,0.75685,0.75695,1.50,2.70
2018.05.21 18:47:10.988,0.75685,0.75694,1.00,1.00
2018.05.21 18:47:22.689,0.75685,0.75694,1.00,1.87
2018.05.21 18:47:24.080,0.75685,0.75694,1.00,1.00
2018.05.21 18:47:27.666,0.75685,0.75695,1.50,3.82
2018.05.21 18:47:28.219,0.75685,0.75695,1.12,2.32
2018.05.21 18:47:52.348,0.75684,0.75694,1.50,1.50
2018.05.21 18:47:53.455,0.75684,0.75694,1.87,1.12
2018.05.21 18:47:54.394,0.75685,0.75696,1.00,2.70
2018.05.21 18:47:54.927,0.75684,0.75695,3.00,1.50
2018.05.21 18:47:55.187,0.75686,0.75696,1.50,1.87
2018.05.21 18:47:55.696,0.75687,0.75698,1.12,2.25
2018.05.21 18:47:56.241,0.7569,0.75698,1.37,1.37
2018.05.21 18:47:56.719,0.7569,0.75699,1.12,1.00
2018.05.21 18:47:56.927,0.75692,0.75701,1.00,3.26
2018.05.21 18:48:01.026,0.75692,0.75702,1.12,1.87
2018.05.21 18:48:03.935,0.75692,0.75702,1.87,1.87
2018.05.21 18:48:04.718,0.75692,0.75701,1.87,1.00
2018.05.21 18:48:05.318,0.75692,0.75702,1.87,3.07
2018.05.21 18:48:07.276,0.75692,0.75701,1.87,1.00
2018.05.21 18:48:07.855,0.75692,0.75702,1.87,2.25
2018.05.21 18:48:08.389,0.75692,0.75701,1.87,1.00
2018.05.21 18:48:08.924,0.75692,0.75702,1.87,2.25
2018.05.21 18:48:09.808,0.75692,0.75701,1.87,1.00
2018.05.21 18:48:10.595,0.75692,0.75702,1.87,2.25
2018.05.21 18:48:12.072,0.75692,0.75701,1.87,1.00
2018.05.21 18:48:13.129,0.75692,0.75702,1.87,2.25
2018.05.21 18:48:13.995,0.75692,0.75701,1.87,1.00
2018.05.21 18:48:15.861,0.75692,0.75702,1.87,2.25
2018.05.21 18:48:16.388,0.75692,0.75701,1.87,1.00
2018.05.21 18:48:17.013,0.75692,0.75702,1.87,2.25
2018.05.21 18:48:17.590,0.75692,0.75701,1.87,1.00
2018.05.21 18:48:17.960,0.75691,0.75699,1.10,1.37
2018.05.21 18:48:18.118,0.75688,0.75697,1.57,1.12
2018.05.21 18:48:18.418,0.7569,0.75698,1.00,1.00
2018.05.21 18:48:19.145,0.7569,0.75699,1.00,1.00
2018.05.21 18:48:19.839,0.7569,0.757,1.00,2.25
2018.05.21 18:48:21.628,0.7569,0.75699,1.00,1.00
2018.05.21 18:48:23.282,0.7569,0.75698,1.00,1.00
2018.05.21 18:48:23.808,0.75689,0.75698,1.00,1.87
2018.05.21 18:48:24.339,0.75688,0.75697,1.37,1.00
2018.05.21 18:48:25.343,0.75688,0.75698,1.37,2.25
2018.05.21 18:48:26.026,0.75688,0.75698,1.37,2.25
2018.05.21 18:48:27.407,0.75688,0.75696,1.37,1.00
2018.05.21 18:48:33.526,0.75689,0.75698,1.87,1.12
2018.05.21 18:48:33.631,0.7569,0.75699,1.50,1.50
2018.05.21 18:48:34.225,0.7569,0.757,1.50,1.87
2018.05.21 18:48:34.841,0.7569,0.75699,1.87,1.00
2018.05.21 18:48:35.357,0.7569,0.757,1.37,1.87
2018.05.21 18:48:42.173,0.7569,0.75699,1.37,1.00
2018.05.21 18:48:44.169,0.7569,0.757,1.37,1.87
2018.05.21 18:48:44.482,0.75688,0.75698,1.37,1.50
2018.05.21 18:48:49.578,0.75689,0.757,1.12,2.70
2018.05.21 18:48:50.114,0.75689,0.757,1.12,1.87
2018.05.21 18:48:53.860,0.75689,0.757,1.50,4.50
2018.05.21 18:48:54.206,0.75687,0.75695,1.12,1.00
2018.05.21 18:48:54.418,0.75683,0.75693,2.25,1.00
2018.05.21 18:48:55.238,0.75683,0.75693,1.50,1.00
2018.05.21 18:48:55.290,0.75683,0.75691,1.12,1.00
2018.05.21 18:48:55.827,0.75682,0.75692,1.50,1.12
2018.05.21 18:48:57.386,0.75683,0.75694,1.00,3.82
2018.05.21 18:48:58.815,0.75683,0.75694,1.00,5.32
2018.05.21 18:49:00.070,0.75683,0.75694,1.12,3.82
2018.05.21 18:49:05.148,0.75683,0.75694,1.50,4.57
2018.05.21 18:49:05.691,0.75683,0.75694,1.50,2.32
2018.05.21 18:49:06.546,0.75683,0.75694,1.50,2.32
2018.05.21 18:49:07.400,0.75683,0.75694,1.50,2.32
2018.05.21 18:49:07.950,0.75683,0.75694,1.50,4.57
2018.05.21 18:49:08.451,0.75683,0.75694,1.50,2.25
2018.05.21 18:49:09.933,0.75683,0.75693,1.50,1.50
2018.05.21 18:49:10.489,0.75683,0.75694,1.50,2.32
2018.05.21 18:49:11.625,0.75683,0.75693,1.50,1.00
2018.05.21 18:49:12.771,0.75683,0.75694,1.50,3.07
2018.05.21 18:49:13.340,0.75683,0.75693,1.50,1.00
2018.05.21 18:49:14.767,0.75683,0.75694,1.50,3.00
2018.05.21 18:49:15.411,0.75683,0.75693,1.50,1.00
2018.05.21 18:49:20.276,0.75683,0.75692,1.12,1.00
2018.05.21 18:49:33.461,0.75682,0.75693,1.50,3.07
2018.05.21 18:49:39.706,0.75682,0.75693,2.25,1.50
2018.05.21 18:49:46.471,0.75682,0.75693,1.50,2.62
2018.05.21 18:49:53.094,0.75682,0.75692,1.12,1.37
2018.05.21 18:49:55.811,0.75682,0.75691,1.87,1.12
2018.05.21 18:50:02.245,0.75684,0.75693,1.12,1.12
2018.05.21 18:50:27.725,0.75687,0.75695,1.50,1.57
2018.05.21 18:50:27.994,0.75685,0.75695,1.12,1.50
2018.05.21 18:50:29.775,0.75684,0.75695,1.87,4.50
2018.05.21 18:50:30.710,0.75684,0.75694,1.87,1.00
2018.05.21 18:50:31.979,0.75684,0.75694,1.00,1.00
2018.05.21 18:50:32.032,0.75684,0.75693,1.00,1.50
2018.05.21 18:50:32.295,0.75682,0.75692,1.00,1.12
2018.05.21 18:50:32.827,0.75682,0.75692,1.37,1.12
2018.05.21 18:50:42.162,0.75684,0.75693,1.00,1.37
2018.05.21 18:50:45.332,0.75683,0.75692,1.00,1.12
2018.05.21 18:50:49.332,0.75683,0.75694,2.25,2.70
2018.05.21 18:50:49.870,0.75684,0.75694,1.00,1.12
2018.05.21 18:50:52.682,0.75683,0.75693,3.75,1.00
2018.05.21 18:50:53.323,0.75683,0.75694,2.32,2.62
2018.05.21 18:50:54.995,0.75683,0.75694,3.00,1.87
2018.05.21 18:50:57.632,0.75683,0.75693,1.50,1.00
2018.05.21 18:50:58.181,0.75683,0.75692,1.50,1.00
2018.05.21 18:50:58.790,0.75683,0.75691,1.50,1.00
2018.05.21 18:50:59.567,0.75683,0.75692,1.00,1.00
2018.05.21 18:51:00.130,0.75682,0.75691,1.95,1.00
2018.05.21 18:51:00.696,0.75682,0.75691,1.20,1.00
2018.05.21 18:51:01.215,0.75681,0.75692,2.32,1.50
2018.05.21 18:51:02.155,0.75681,0.75691,3.00,1.00
2018.05.21 18:51:03.012,0.75681,0.75692,2.32,1.50
2018.05.21 18:51:04.480,0.75681,0.75691,2.25,1.00
2018.05.21 18:51:05.051,0.75681,0.75692,2.32,3.00
2018.05.21 18:51:05.589,0.75681,0.75691,3.07,1.00
2018.05.21 18:51:06.750,0.75681,0.75692,2.32,3.00
2018.05.21 18:51:07.301,0.75681,0.75691,2.25,1.00
2018.05.21 18:51:08.279,0.75681,0.75692,2.62,3.00
2018.05.21 18:51:09.249,0.75681,0.75691,3.37,1.00
2018.05.21 18:51:09.886,0.75681,0.75692,2.62,3.00
2018.05.21 18:51:10.796,0.75681,0.75691,3.45,1.00
2018.05.21 18:51:11.300,0.75681,0.75692,2.70,3.00
2018.05.21 18:51:11.859,0.75681,0.75691,3.45,1.00
2018.05.21 18:51:12.641,0.75681,0.75692,2.32,3.00
2018.05.21 18:51:13.117,0.75681,0.7569,1.37,1.00
2018.05.21 18:51:13.628,0.75681,0.7569,1.00,1.00
2018.05.21 18:51:14.152,0.75681,0.75691,1.00,1.00
2018.05.21 18:51:14.939,0.75681,0.7569,1.00,1.00
2018.05.21 18:51:15.569,0.75681,0.75691,1.00,1.00
2018.05.21 18:51:16.758,0.75681,0.7569,1.00,1.00
2018.05.21 18:51:17.261,0.75681,0.75691,1.00,1.00
2018.05.21 18:51:17.863,0.75681,0.7569,1.00,1.00
2018.05.21 18:51:18.472,0.7568,0.7569,6.26,1.00
2018.05.21 18:51:19.044,0.7568,0.75691,4.76,1.00
2018.05.21 18:51:19.574,0.75681,0.7569,1.50,1.00
2018.05.21 18:51:20.528,0.75681,0.75691,1.00,1.00
2018.05.21 18:51:21.227,0.75681,0.7569,1.00,1.00
2018.05.21 18:51:21.885,0.75681,0.75691,1.00,1.00
2018.05.21 18:51:22.447,0.7568,0.7569,9.07,1.00
2018.05.21 18:51:23.008,0.7568,0.75691,6.07,1.00
2018.05.21 18:51:23.532,0.7568,0.75692,4.57,2.62
2018.05.21 18:51:25.651,0.75681,0.75691,1.00,1.00
2018.05.21 18:51:26.498,0.75681,0.75692,1.00,2.25
2018.05.21 18:51:27.340,0.75681,0.75691,1.50,1.00
2018.05.21 18:51:27.860,0.75681,0.75692,1.00,2.25
2018.05.21 18:51:28.575,0.75681,0.75691,1.00,1.00
2018.05.21 18:51:29.138,0.75681,0.75692,1.00,2.25
2018.05.21 18:51:30.679,0.75681,0.75691,1.00,1.00
2018.05.21 18:51:31.261,0.75681,0.75692,1.00,2.25
2018.05.21 18:51:31.568,0.75684,0.75694,2.25,1.87
2018.05.21 18:51:32.129,0.75685,0.75694,1.00,1.00
2018.05.21 18:51:34.414,0.75685,0.75695,1.00,2.25
2018.05.21 18:51:40.676,0.75684,0.75695,1.50,1.50
2018.05.21 18:51:41.435,0.75684,0.75693,1.00,1.00
2018.05.21 18:51:45.929,0.75684,0.75695,1.00,1.50
2018.05.21 18:51:51.956,0.75685,0.75695,1.00,1.50
2018.05.21 18:51:52.304,0.75689,0.75698,1.00,1.12
2018.05.21 18:51:52.416,0.75686,0.75697,1.10,1.87
2018.05.21 18:51:52.572,0.75687,0.75698,2.25,4.20
2018.05.21 18:51:52.782,0.75689,0.757,1.00,3.45
2018.05.21 18:51:55.049,0.75688,0.75697,1.95,1.87
2018.05.21 18:51:55.472,0.75688,0.75698,1.12,1.12
2018.05.21 18:51:58.421,0.7569,0.757,1.00,5.32
2018.05.21 18:51:58.963,0.75689,0.757,1.00,1.95
2018.05.21 18:51:59.574,0.75689,0.75699,1.37,1.00
2018.05.21 18:52:00.698,0.75689,0.75695,1.10,1.00
2018.05.21 18:52:00.751,0.75686,0.75695,3.82,1.00
2018.05.21 18:52:00.803,0.75687,0.75697,1.87,1.00
2018.05.21 18:52:01.391,0.75689,0.75698,1.00,1.87
2018.05.21 18:52:01.699,0.75687,0.75696,1.00,3.37
2018.05.21 18:52:01.801,0.75688,0.75698,1.37,1.50
2018.05.21 18:52:02.331,0.75688,0.75697,1.37,1.12
2018.05.21 18:52:03.626,0.75687,0.75696,1.50,4.12
2018.05.21 18:52:04.164,0.75685,0.75695,2.62,1.00
2018.05.21 18:52:04.682,0.75685,0.75695,1.12,1.50
2018.05.21 18:52:05.236,0.75684,0.75695,5.32,1.12
2018.05.21 18:52:11.727,0.75684,0.75694,2.32,1.00
2018.05.21 18:52:12.243,0.75684,0.75694,1.87,1.37
2018.05.21 18:52:12.901,0.75682,0.75694,2.32,2.25
2018.05.21 18:52:13.772,0.75682,0.75693,3.37,1.00
2018.05.21 18:52:14.392,0.75682,0.75694,3.82,5.25
2018.05.21 18:52:14.942,0.75684,0.75694,1.20,1.12
2018.05.21 18:52:15.474,0.75684,0.75696,4.87,3.37
2018.05.21 18:52:16.253,0.75684,0.75694,2.25,1.37
2018.05.21 18:52:25.120,0.75689,0.75698,1.12,1.95
2018.05.21 18:52:25.223,0.75689,0.757,2.25,1.57
2018.05.21 18:52:25.779,0.7569,0.75699,1.12,1.00
2018.05.21 18:52:26.444,0.7569,0.757,1.12,1.50
2018.05.21 18:52:26.969,0.75691,0.757,1.00,2.25
2018.05.21 18:52:27.191,0.75689,0.75698,1.57,1.12
2018.05.21 18:52:27.500,0.75686,0.75696,1.12,2.25
2018.05.21 18:52:28.133,0.75687,0.75697,1.00,2.25
2018.05.21 18:52:28.288,0.75689,0.75698,1.12,1.50
2018.05.21 18:52:28.648,0.75685,0.75697,6.07,5.44
2018.05.21 18:52:29.256,0.75685,0.75695,1.87,1.00
2018.05.21 18:52:32.879,0.75686,0.75695,1.00,1.00
2018.05.21 18:52:33.418,0.75685,0.75695,2.25,1.50
2018.05.21 18:52:34.039,0.75685,0.75694,1.00,1.00
2018.05.21 18:52:35.593,0.75685,0.75695,1.00,2.81
2018.05.21 18:52:36.140,0.75684,0.75695,3.00,3.37
2018.05.21 18:52:40.087,0.75686,0.75695,1.00,1.00
2018.05.21 18:52:40.405,0.75686,0.75697,4.87,2.25
2018.05.21 18:52:40.975,0.75687,0.75697,1.00,1.00
2018.05.21 18:52:41.522,0.75688,0.75697,1.12,1.00
2018.05.21 18:52:41.698,0.75687,0.75695,1.10,1.12
2018.05.21 18:52:42.309,0.75686,0.75695,1.00,1.12
2018.05.21 18:52:45.202,0.75685,0.75695,1.87,1.12
2018.05.21 18:52:46.038,0.75686,0.75695,1.00,1.12
2018.05.21 18:52:49.321,0.75685,0.75695,1.87,1.12
2018.05.21 18:52:50.220,0.75686,0.75695,1.00,1.12
2018.05.21 18:52:50.882,0.75685,0.75695,1.87,1.12
2018.05.21 18:52:51.541,0.75686,0.75695,1.00,1.12
2018.05.21 18:52:52.636,0.75685,0.75695,1.12,1.12
2018.05.21 18:52:57.820,0.75686,0.75695,1.00,1.12
2018.05.21 18:52:58.151,0.7569,0.75698,1.50,1.00
2018.05.21 18:52:58.255,0.7569,0.75701,2.62,1.95
2018.05.21 18:52:58.973,0.75691,0.757,1.12,1.00
2018.05.21 18:52:59.516,0.7569,0.757,2.62,1.12
2018.05.21 18:53:02.955,0.7569,0.75699,1.00,2.44
2018.05.21 18:53:03.112,0.7569,0.75697,1.00,1.00
2018.05.21 18:53:04.075,0.7569,0.75698,1.00,1.12
2018.05.21 18:53:04.664,0.7569,0.75697,1.00,1.00
2018.05.21 18:53:05.176,0.7569,0.75698,1.00,1.12
2018.05.21 18:53:05.710,0.7569,0.75697,1.00,1.00
2018.05.21 18:53:06.443,0.7569,0.75698,1.00,1.12
2018.05.21 18:53:08.807,0.75688,0.75696,1.00,1.50
2018.05.21 18:53:08.965,0.75685,0.75694,1.12,1.00
2018.05.21 18:53:24.716,0.75688,0.75697,1.87,1.95
2018.05.21 18:53:27.868,0.75689,0.75698,1.50,1.50
2018.05.21 18:53:28.094,0.75687,0.75697,2.62,1.87
2018.05.21 18:53:28.730,0.75687,0.75696,1.12,1.00
2018.05.21 18:53:30.152,0.75689,0.75696,1.00,1.00
2018.05.21 18:53:30.203,0.75687,0.75697,2.25,1.12
2018.05.21 18:53:30.360,0.7569,0.75698,1.00,1.87
2018.05.21 18:53:30.877,0.75689,0.75697,1.00,1.12
2018.05.21 18:53:31.343,0.75689,0.75699,1.00,1.95
2018.05.21 18:53:31.863,0.75689,0.75698,2.25,1.00
2018.05.21 18:53:32.174,0.7569,0.757,1.50,4.50
2018.05.21 18:53:32.385,0.75691,0.75701,1.12,1.12
2018.05.21 18:53:33.446,0.75693,0.75702,1.00,1.00
2018.05.21 18:53:33.964,0.75694,0.75702,1.12,1.00
2018.05.21 18:53:36.395,0.75693,0.75702,1.00,1.00
2018.05.21 18:54:08.099,0.75691,0.75702,2.25,2.62
2018.05.21 18:54:08.769,0.75691,0.757,1.37,1.12
2018.05.21 18:54:17.630,0.7569,0.75701,1.87,2.70
2018.05.21 18:54:29.289,0.75689,0.75697,1.00,1.00
2018.05.21 18:54:29.395,0.75689,0.75699,1.00,1.87
2018.05.21 18:54:29.998,0.75689,0.75699,1.95,1.00
2018.05.21 18:54:30.549,0.7569,0.757,2.25,2.25
2018.05.21 18:54:38.139,0.75691,0.75701,1.87,2.62
2018.05.21 18:54:43.668,0.75692,0.75702,2.25,1.00
2018.05.21 18:54:45.942,0.75693,0.75703,2.62,1.12
2018.05.21 18:54:46.594,0.75694,0.75704,2.62,1.12
2018.05.21 18:54:51.279,0.75694,0.75703,1.87,1.00
2018.05.21 18:54:51.893,0.75693,0.75702,1.95,1.00
2018.05.21 18:54:52.821,0.75694,0.75704,1.50,1.12
2018.05.21 18:54:54.210,0.75693,0.75704,5.70,1.50
2018.05.21 18:54:55.454,0.75694,0.75704,1.37,1.50
2018.05.21 18:54:58.807,0.75694,0.75703,1.37,1.00
2018.05.21 18:55:01.865,0.75693,0.75702,1.87,1.00
2018.05.21 18:55:36.334,0.75692,0.75702,3.00,1.50
2018.05.21 18:55:36.872,0.75692,0.75701,3.00,1.00
2018.05.21 18:55:37.209,0.75691,0.757,2.62,1.00
2018.05.21 18:55:38.098,0.75691,0.757,1.37,1.00
2018.05.21 18:55:42.219,0.75692,0.75701,1.87,1.00
2018.05.21 18:55:43.817,0.75691,0.75701,6.00,1.50
2018.05.21 18:55:46.099,0.75691,0.75701,3.94,1.00
2018.05.21 18:55:51.663,0.75691,0.75701,8.70,1.50
2018.05.21 18:55:52.854,0.75692,0.75701,1.00,1.00
2018.05.21 18:56:01.422,0.75693,0.75701,1.00,1.50
2018.05.21 18:56:01.952,0.75692,0.75701,4.50,1.00
2018.05.21 18:56:02.505,0.75693,0.75701,1.50,1.50
2018.05.21 18:56:06.675,0.75693,0.757,1.00,1.00
2018.05.21 18:56:07.787,0.75695,0.75701,1.00,1.00
2018.05.21 18:56:07.890,0.75698,0.75705,1.00,1.50
2018.05.21 18:56:09.726,0.75698,0.75707,1.87,1.00
2018.05.21 18:56:10.305,0.75699,0.75704,1.00,1.00
2018.05.21 18:56:10.359,0.75696,0.75704,1.07,1.50
2018.05.21 18:56:10.413,0.75694,0.75703,3.07,1.00
2018.05.21 18:56:10.679,0.75696,0.75703,1.12,1.00
2018.05.21 18:56:11.144,0.75694,0.75703,1.50,1.00
2018.05.21 18:56:11.805,0.75695,0.75703,1.00,1.50
2018.05.21 18:56:12.717,0.75694,0.75703,1.50,1.00
2018.05.21 18:56:13.264,0.75695,0.75703,1.00,1.50
2018.05.21 18:56:13.693,0.75692,0.75702,1.37,1.00
2018.05.21 18:56:13.745,0.75692,0.757,1.37,1.00
2018.05.21 18:56:18.739,0.75692,0.75702,1.87,1.00
2018.05.21 18:56:19.316,0.75693,0.75702,1.50,1.00
2018.05.21 18:56:20.568,0.75693,0.75702,1.50,1.00
2018.05.21 18:56:22.102,0.75694,0.75702,1.37,1.00
2018.05.21 18:56:29.795,0.75694,0.75703,2.25,1.00
2018.05.21 18:56:46.101,0.75694,0.75701,1.37,1.00
2018.05.21 18:56:48.284,0.75694,0.75701,1.00,1.00
2018.05.21 18:56:52.720,0.75695,0.75701,1.00,1.00
2018.05.21 18:56:53.356,0.75693,0.75701,2.25,1.00
2018.05.21 18:57:20.273,0.75695,0.75701,1.50,1.00
2018.05.21 18:57:20.774,0.75694,0.75701,2.25,1.00
2018.05.21 18:57:41.793,0.75694,0.75703,1.12,1.12
2018.05.21 18:57:42.304,0.75694,0.75704,1.50,1.50
2018.05.21 18:57:50.316,0.75694,0.75705,2.70,3.07
2018.05.21 18:57:58.100,0.75694,0.75705,2.62,4.12
2018.05.21 18:57:58.685,0.75695,0.75705,1.50,4.12
2018.05.21 18:58:00.039,0.75694,0.75705,3.45,5.06
2018.05.21 18:58:00.681,0.75694,0.75705,2.32,4.87
2018.05.21 18:58:02.104,0.75694,0.75705,2.70,3.75
2018.05.21 18:58:06.104,0.75694,0.75705,4.12,2.62
2018.05.21 18:58:07.616,0.75695,0.75705,1.12,1.87
2018.05.21 18:58:11.445,0.75695,0.75705,1.12,1.50
2018.05.21 18:58:12.135,0.75695,0.75704,1.12,1.00
2018.05.21 18:58:12.818,0.75695,0.75705,1.12,1.50
2018.05.21 18:58:13.434,0.75695,0.75705,1.12,4.12
2018.05.21 18:58:19.469,0.75695,0.75705,1.50,1.87
2018.05.21 18:58:20.614,0.75695,0.75705,1.12,3.37
2018.05.21 18:58:22.105,0.75695,0.75705,1.12,1.00
2018.05.21 18:58:28.855,0.75695,0.75705,1.12,1.37
2018.05.21 18:58:41.644,0.75695,0.75705,1.12,1.87
2018.05.21 18:58:42.907,0.75692,0.75702,3.37,4.12
2018.05.21 18:58:43.425,0.75692,0.75703,2.70,1.50
2018.05.21 18:58:44.047,0.75692,0.75703,3.64,1.50
2018.05.21 18:58:44.601,0.75693,0.75704,3.07,2.25
2018.05.21 18:58:45.390,0.75693,0.75704,1.57,1.87
2018.05.21 18:58:48.310,0.75694,0.75704,1.00,1.87
2018.05.21 18:58:48.813,0.75693,0.75704,1.57,1.87
2018.05.21 18:58:49.477,0.75693,0.75704,3.07,1.12
2018.05.21 18:58:50.058,0.75695,0.75704,1.00,1.12
2018.05.21 18:59:18.966,0.75696,0.75704,1.00,1.00
2018.05.21 18:59:21.509,0.75694,0.75704,1.12,1.00
2018.05.21 18:59:21.738,0.75692,0.75703,2.62,2.25
2018.05.21 18:59:22.887,0.75692,0.75702,1.87,3.37
2018.05.21 18:59:28.887,0.75692,0.75701,1.00,1.37
2018.05.21 18:59:29.146,0.75692,0.75702,1.00,2.89
2018.05.21 18:59:29.712,0.75692,0.75701,1.00,1.00
2018.05.21 18:59:30.233,0.75692,0.75703,1.37,3.07
2018.05.21 18:59:32.077,0.75695,0.75703,1.00,1.20
2018.05.21 18:59:32.602,0.75695,0.75704,1.00,1.50
2018.05.21 18:59:34.085,0.75696,0.75704,1.00,1.00
2018.05.21 18:59:34.138,0.75694,0.75704,3.00,1.00
2018.05.21 18:59:34.686,0.75695,0.75704,1.00,1.12
2018.05.21 18:59:36.130,0.75695,0.75705,2.62,1.20
2018.05.21 18:59:36.181,0.75699,0.75706,1.00,1.95
2018.05.21 18:59:36.283,0.75696,0.75706,1.00,3.82
2018.05.21 18:59:36.958,0.75695,0.75706,1.50,2.32
2018.05.21 18:59:38.100,0.75699,0.75707,1.12,1.57
2018.05.21 18:59:38.204,0.75699,0.75708,1.50,1.12
2018.05.21 18:59:38.412,0.757,0.7571,1.50,1.12
2018.05.21 18:59:39.174,0.75699,0.7571,2.62,1.12
2018.05.21 18:59:39.716,0.75699,0.7571,1.87,3.07
2018.05.21 18:59:40.260,0.757,0.7571,1.10,1.00
2018.05.21 18:59:40.960,0.757,0.75711,1.10,4.20
2018.05.21 18:59:41.497,0.757,0.7571,2.25,1.50
2018.05.21 18:59:42.104,0.757,0.75711,1.50,1.87
2018.05.21 18:59:42.469,0.75702,0.75711,2.25,2.62
2018.05.21 18:59:44.704,0.75701,0.7571,1.00,1.50
2018.05.21 18:59:45.221,0.757,0.7571,1.50,1.12
2018.05.21 18:59:45.971,0.757,0.75709,1.50,1.00
2018.05.21 18:59:46.490,0.757,0.7571,1.95,2.25
2018.05.21 18:59:46.597,0.75695,0.75705,1.20,1.00
2018.05.21 18:59:46.650,0.75693,0.75704,3.82,1.37
2018.05.21 18:59:46.796,0.75693,0.75703,2.32,1.12
2018.05.21 18:59:47.775,0.75693,0.75703,1.07,1.12
2018.05.21 18:59:47.828,0.75692,0.75702,1.95,1.50
2018.05.21 18:59:47.929,0.75692,0.75702,1.57,1.50
2018.05.21 18:59:49.241,0.75693,0.75703,1.00,1.50
2018.05.21 18:59:50.018,0.75693,0.75703,3.07,1.00
2018.05.21 18:59:50.530,0.75693,0.75703,1.95,1.00
2018.05.21 18:59:51.073,0.75693,0.75703,1.57,1.12
2018.05.21 18:59:53.218,0.75693,0.75703,1.20,1.00
2018.05.21 18:59:54.049,0.75693,0.75703,1.20,1.00
2018.05.21 18:59:55.759,0.75693,0.75703,1.20,1.00
2018.05.21 18:59:56.535,0.75693,0.75703,2.70,1.00
2018.05.21 18:59:58.129,0.75693,0.75703,1.20,1.87
2018.05.21 18:59:58.648,0.75694,0.75703,1.00,1.87
2018.05.21 18:59:59.498,0.75692,0.75703,1.95,1.12
