2008.10.22 22:00:01.864,0.671,0.67155,1.80,0.54
2008.10.22 22:01:38.351,0.671,0.67155,0.74,0.59
2008.10.22 22:01:38.471,0.671,0.67145,1.70,3.60
2008.10.22 22:01:44.769,0.671,0.67135,0.64,0.40
2008.10.22 22:01:46.759,0.671,0.6714,1.80,1.50
2008.10.22 22:01:46.929,0.671,0.67145,1.10,2.40
2008.10.22 22:02:06.504,0.671,0.67145,0.55,0.59
2008.10.22 22:02:34.127,0.6711,0.67155,0.82,0.66
2008.10.22 22:02:45.594,0.67105,0.67165,1.10,0.86
2008.10.22 22:02:45.714,0.67105,0.67165,1.80,4.10
2008.10.22 22:02:45.825,0.67125,0.6718,1.40,0.25
2008.10.22 22:02:45.994,0.67125,0.67195,0.93,2.40
2008.10.22 22:02:46.284,0.6713,0.672,1.20,0.64
2008.10.22 22:02:48.544,0.6712,0.6719,1.30,1.40
2008.10.22 22:02:48.774,0.6713,0.672,0.53,0.67
2008.10.22 22:02:54.292,0.6712,0.6719,1.00,2.30
2008.10.22 22:02:54.582,0.6712,0.6719,0.90,1.40
2008.10.22 22:02:56.652,0.6713,0.672,0.84,1.50
2008.10.22 22:03:01.261,0.6714,0.672,1.40,1.50
2008.10.22 22:03:01.311,0.6715,0.672,1.80,0.69
2008.10.22 22:03:04.260,0.6714,0.672,1.80,1.30
2008.10.22 22:03:04.320,0.6714,0.672,0.88,0.45
2008.10.22 22:03:05.180,0.67155,0.672,1.00,2.20
2008.10.22 22:03:05.410,0.67153,0.67208,0.67,0.22
2008.10.22 22:03:05.640,0.67146,0.67221,2.00,1.80
2008.10.22 22:03:09.619,0.67161,0.67211,2.00,2.70
2008.10.22 22:03:09.959,0.67169,0.67209,1.20,0.85
2008.10.22 22:03:10.308,0.67169,0.67214,0.71,0.51
2008.10.22 22:03:10.469,0.6719,0.67225,1.40,1.20
2008.10.22 22:03:10.638,0.67155,0.67225,0.82,1.50
2008.10.22 22:03:10.689,0.6714,0.6722,1.30,0.83
2008.10.22 22:03:11.208,0.67135,0.6722,1.10,7.00
2008.10.22 22:03:11.538,0.67145,0.67225,0.89,0.83
2008.10.22 22:03:11.598,0.67145,0.6723,1.50,0.66
2008.10.22 22:03:14.487,0.67165,0.6723,1.70,1.10
2008.10.22 22:03:14.648,0.67185,0.67245,1.20,1.60
2008.10.22 22:03:14.938,0.67185,0.67245,1.60,0.29
2008.10.22 22:03:15.117,0.6719,0.67245,0.70,0.23
2008.10.22 22:03:16.907,0.6719,0.67245,2.70,1.80
2008.10.22 22:03:17.257,0.6719,0.67235,0.25,0.62
2008.10.22 22:03:29.494,0.672,0.6725,0.35,0.65
2008.10.22 22:03:33.203,0.67205,0.6724,0.81,1.40
2008.10.22 22:03:33.953,0.672,0.6724,0.78,0.90
2008.10.22 22:03:34.113,0.672,0.67235,0.90,3.30
2008.10.22 22:03:35.022,0.672,0.67255,0.39,1.20
2008.10.22 22:03:35.413,0.672,0.67255,0.43,0.72
2008.10.22 22:03:35.463,0.6721,0.6726,2.00,0.86
2008.10.22 22:03:36.542,0.67205,0.6726,1.20,0.32
2008.10.22 22:03:36.822,0.6721,0.67255,0.47,1.20
2008.10.22 22:03:37.462,0.67215,0.6726,0.87,0.47
2008.10.22 22:03:38.402,0.672,0.67255,0.83,2.10
2008.10.22 22:03:38.572,0.672,0.67255,0.46,0.83
2008.10.22 22:03:52.328,0.672,0.67245,0.74,1.50
2008.10.22 22:03:58.907,0.672,0.67235,0.64,0.44
2008.10.22 22:04:00.996,0.672,0.67245,1.00,0.64
2008.10.22 22:04:08.454,0.6719,0.67245,1.50,1.50
2008.10.22 22:04:08.624,0.6718,0.67245,1.10,0.62
2008.10.22 22:04:08.905,0.67162,0.67257,1.20,1.70
2008.10.22 22:04:09.514,0.67159,0.67254,0.86,0.60
2008.10.22 22:04:09.684,0.67159,0.67249,1.00,1.20
2008.10.22 22:04:09.864,0.67154,0.67249,1.00,0.28
2008.10.22 22:04:10.144,0.67164,0.67234,0.78,0.87
2008.10.22 22:04:11.364,0.67145,0.6722,1.10,1.80
2008.10.22 22:04:13.733,0.67145,0.6722,1.90,0.86
2008.10.22 22:04:14.033,0.67155,0.6723,1.50,1.20
2008.10.22 22:04:19.072,0.6715,0.67225,0.69,0.81
2008.10.22 22:04:19.492,0.6715,0.67225,0.57,1.60
2008.10.22 22:04:26.120,0.6716,0.67225,0.84,1.70
2008.10.22 22:04:26.240,0.67165,0.67225,1.20,1.30
2008.10.22 22:04:26.930,0.67165,0.67235,1.60,0.92
2008.10.22 22:04:28.200,0.67175,0.67235,0.64,0.83
2008.10.22 22:04:29.629,0.67175,0.67225,1.40,0.50
2008.10.22 22:04:36.908,0.67195,0.6724,0.69,0.79
2008.10.22 22:05:00.892,0.672,0.67255,0.78,1.60
2008.10.22 22:05:15.618,0.67205,0.67255,0.86,0.56
2008.10.22 22:05:22.837,0.6721,0.6726,1.30,1.30
2008.10.22 22:05:26.076,0.67215,0.67255,0.69,0.58
2008.10.22 22:05:26.306,0.67215,0.6726,1.30,0.68
2008.10.22 22:05:26.426,0.6722,0.6726,0.69,1.70
2008.10.22 22:05:47.091,0.67203,0.67283,0.48,0.99
2008.10.22 22:05:47.321,0.67206,0.67286,0.82,0.24
2008.10.22 22:05:51.510,0.67206,0.67291,0.64,0.87
2008.10.22 22:05:52.139,0.67211,0.67291,1.60,1.40
2008.10.22 22:05:52.320,0.67206,0.67301,0.81,0.89
2008.10.22 22:05:55.609,0.67235,0.67305,1.90,1.20
2008.10.22 22:05:59.798,0.67225,0.67295,1.40,0.74
2008.10.22 22:06:00.158,0.67225,0.67295,0.59,0.91
2008.10.22 22:06:06.616,0.6724,0.67295,1.30,1.30
2008.10.22 22:06:06.846,0.6724,0.67305,0.93,1.20
2008.10.22 22:06:16.054,0.6724,0.67305,1.60,1.20
2008.10.22 22:06:16.634,0.67245,0.67305,1.10,1.70
2008.10.22 22:06:48.116,0.6724,0.673,1.40,1.30
2008.10.22 22:06:48.286,0.6725,0.6729,0.60,1.40
2008.10.22 22:07:00.953,0.6725,0.673,0.65,1.80
2008.10.22 22:07:01.063,0.6725,0.67305,0.68,0.80
2008.10.22 22:07:07.581,0.67265,0.6731,0.74,0.94
2008.10.22 22:07:08.971,0.6725,0.67305,0.90,0.72
2008.10.22 22:07:09.311,0.6725,0.67305,1.60,1.70
2008.10.22 22:07:38.554,0.6725,0.67295,0.64,1.60
2008.10.22 22:07:40.893,0.6725,0.67305,1.40,1.90
2008.10.22 22:07:41.013,0.6725,0.67305,0.82,0.53
2008.10.22 22:07:47.652,0.67245,0.6731,2.00,0.68
2008.10.22 22:07:47.882,0.67255,0.6733,1.50,2.00
2008.10.22 22:07:58.769,0.6726,0.6733,0.46,1.20
2008.10.22 22:07:58.889,0.67275,0.6733,1.20,1.30
2008.10.22 22:07:59.169,0.67275,0.67345,0.95,1.40
2008.10.22 22:07:59.749,0.6728,0.67345,1.10,1.40
2008.10.22 22:08:03.608,0.67295,0.67345,1.90,1.40
2008.10.22 22:08:04.128,0.67295,0.6734,0.92,1.30
2008.10.22 22:08:13.915,0.673,0.6735,0.78,0.75
2008.10.22 22:08:14.145,0.673,0.6737,1.10,2.50
2008.10.22 22:08:14.555,0.673,0.67365,2.70,0.95
2008.10.22 22:08:14.675,0.673,0.6735,2.70,1.60
2008.10.22 22:08:14.835,0.673,0.6735,0.99,0.81
2008.10.22 22:08:15.295,0.673,0.6735,2.70,0.89
2008.10.22 22:08:22.993,0.6729,0.6734,1.50,0.77
2008.10.22 22:08:23.113,0.6729,0.67325,0.96,0.82
2008.10.22 22:08:23.403,0.6726,0.6735,0.85,1.30
2008.10.22 22:08:35.130,0.67267,0.67337,0.89,0.79
2008.10.22 22:08:45.298,0.67272,0.67327,0.63,0.57
2008.10.22 22:09:20.689,0.67277,0.67317,1.30,1.40
2008.10.22 22:09:32.246,0.67274,0.67314,1.40,0.41
2008.10.22 22:09:32.466,0.67264,0.67319,1.70,0.79
2008.10.22 22:09:40.125,0.67261,0.67316,0.53,1.10
2008.10.22 22:09:40.294,0.67256,0.67316,1.00,1.10
2008.10.22 22:09:40.574,0.67253,0.67313,2.00,1.70
2008.10.22 22:09:40.694,0.67245,0.6733,0.94,0.60
2008.10.22 22:09:41.264,0.6724,0.67325,0.57,0.35
2008.10.22 22:09:41.434,0.6724,0.6732,1.00,1.40
2008.10.22 22:09:41.544,0.6723,0.67305,0.33,0.44
2008.10.22 22:09:45.533,0.6723,0.673,0.92,1.20
2008.10.22 22:10:42.140,0.6723,0.67295,0.66,0.95
2008.10.22 22:10:44.569,0.6723,0.6728,0.75,0.73
2008.10.22 22:10:52.547,0.6723,0.6726,2.50,0.94
2008.10.22 22:10:53.767,0.6723,0.6728,0.79,1.40
2008.10.22 22:11:48.534,0.6723,0.67265,0.86,0.69
2008.10.22 22:11:48.954,0.6723,0.6728,0.92,1.10
2008.10.22 22:11:49.293,0.6723,0.67285,0.67,1.90
2008.10.22 22:11:52.583,0.6723,0.6729,0.84,1.60
2008.10.22 22:11:52.633,0.6723,0.6729,0.37,0.68
2008.10.22 22:11:53.272,0.6723,0.6729,2.00,0.48
2008.10.22 22:11:56.542,0.6723,0.6729,1.60,0.85
2008.10.22 22:11:56.762,0.6723,0.67285,1.60,0.40
2008.10.22 22:11:59.531,0.67235,0.67285,0.75,2.10
2008.10.22 22:12:03.760,0.6723,0.67275,2.80,1.30
2008.10.22 22:12:04.000,0.6723,0.6727,1.20,1.90
2008.10.22 22:12:04.280,0.6723,0.67275,1.10,1.00
2008.10.22 22:12:05.369,0.6723,0.6727,5.50,0.78
2008.10.22 22:12:09.409,0.6723,0.67275,1.60,0.76
2008.10.22 22:12:10.088,0.6723,0.67275,0.95,1.90
2008.10.22 22:12:43.580,0.6723,0.6728,1.40,0.45
2008.10.22 22:12:43.630,0.6723,0.67285,1.10,0.71
2008.10.22 22:13:25.260,0.6723,0.67275,0.75,3.30
2008.10.22 22:13:57.173,0.6723,0.67285,2.20,0.87
2008.10.22 22:14:40.212,0.6723,0.67275,1.10,1.20
2008.10.22 22:14:40.392,0.6723,0.67265,0.75,3.40
2008.10.22 22:14:43.771,0.6723,0.67265,0.91,1.30
2008.10.22 22:14:50.640,0.6723,0.67265,0.43,0.87
2008.10.22 22:14:59.228,0.6723,0.67265,1.60,1.30
2008.10.22 22:15:00.308,0.67195,0.67265,1.50,0.46
2008.10.22 22:15:00.477,0.67195,0.67255,1.10,1.00
2008.10.22 22:15:05.126,0.672,0.67255,2.20,0.58
2008.10.22 22:15:07.576,0.67205,0.67255,1.00,1.10
2008.10.22 22:15:36.429,0.672,0.67255,0.44,3.40
2008.10.22 22:15:36.538,0.6721,0.6725,0.72,3.20
2008.10.22 22:16:26.047,0.672,0.67245,1.60,0.46
2008.10.22 22:16:35.884,0.67183,0.67258,1.40,2.30
2008.10.22 22:16:41.893,0.6717,0.6724,1.50,1.00
2008.10.22 22:17:00.609,0.67185,0.6724,1.30,0.72
2008.10.22 22:17:00.898,0.67185,0.67245,1.50,1.10
2008.10.22 22:17:04.407,0.67185,0.67245,0.72,0.53
2008.10.22 22:17:04.527,0.67195,0.67245,1.20,0.48
2008.10.22 22:17:04.977,0.67195,0.6724,1.50,0.91
2008.10.22 22:17:12.945,0.67195,0.67235,0.85,1.50
2008.10.22 22:17:13.115,0.67185,0.6723,0.56,0.96
2008.10.22 22:17:13.345,0.67185,0.6723,1.10,1.10
2008.10.22 22:17:13.505,0.67185,0.6723,0.99,1.80
2008.10.22 22:17:13.615,0.67185,0.6723,0.25,1.30
2008.10.22 22:17:15.305,0.67185,0.6721,0.94,0.62
2008.10.22 22:17:15.654,0.67185,0.67245,0.25,0.83
2008.10.22 22:17:15.764,0.67185,0.6725,0.96,1.40
2008.10.22 22:17:16.185,0.67185,0.6726,0.57,1.10
2008.10.22 22:17:16.295,0.67185,0.6726,0.86,1.30
2008.10.22 22:17:18.394,0.67185,0.6725,1.20,1.10
2008.10.22 22:17:21.183,0.67195,0.6725,1.10,1.40
2008.10.22 22:17:21.353,0.67205,0.6725,0.52,1.10
2008.10.22 22:17:31.741,0.67192,0.67257,0.76,2.10
2008.10.22 22:17:32.031,0.67175,0.67245,2.20,0.78
2008.10.22 22:17:52.936,0.6718,0.67245,2.00,1.20
2008.10.22 22:17:53.116,0.67185,0.6725,0.77,1.30
2008.10.22 22:18:02.174,0.67185,0.6725,0.54,1.50
2008.10.22 22:18:02.523,0.67185,0.6725,0.95,0.41
2008.10.22 22:18:02.634,0.67195,0.6725,1.40,0.86
2008.10.22 22:18:07.202,0.6719,0.6725,0.86,0.33
2008.10.22 22:18:09.722,0.6718,0.6725,0.58,0.61
2008.10.22 22:18:09.841,0.6718,0.6725,1.80,0.33
2008.10.22 22:18:09.961,0.67175,0.6725,1.50,1.50
2008.10.22 22:18:10.081,0.67175,0.6725,0.79,0.93
2008.10.22 22:18:10.291,0.67165,0.6724,0.69,1.40
2008.10.22 22:18:12.212,0.67165,0.67235,1.80,2.70
2008.10.22 22:18:12.331,0.67165,0.6722,0.31,1.70
2008.10.22 22:18:12.441,0.6716,0.67215,1.70,2.70
2008.10.22 22:18:12.831,0.6716,0.6721,0.97,0.90
2008.10.22 22:18:13.691,0.6716,0.6722,4.60,1.30
2008.10.22 22:18:13.860,0.67165,0.6722,0.73,1.10
2008.10.22 22:18:15.850,0.6717,0.67205,1.40,0.52
2008.10.22 22:18:46.463,0.67165,0.672,2.60,0.97
2008.10.22 22:18:57.880,0.6717,0.672,0.70,3.20
2008.10.22 22:19:04.058,0.6717,0.672,0.84,1.80
2008.10.22 22:19:04.219,0.67175,0.672,0.71,1.50
2008.10.22 22:19:05.758,0.6715,0.6723,1.10,1.60
2008.10.22 22:19:08.118,0.67165,0.6722,1.80,0.57
2008.10.22 22:19:08.597,0.67165,0.67225,0.82,1.60
2008.10.22 22:19:11.406,0.6717,0.67225,0.93,0.65
2008.10.22 22:19:12.217,0.67168,0.67232,0.97,0.83
2008.10.22 22:19:12.327,0.6717,0.67235,0.67,2.30
2008.10.22 22:19:12.666,0.67185,0.67255,0.82,1.20
2008.10.22 22:19:15.846,0.67185,0.67255,0.61,2.00
2008.10.22 22:19:16.006,0.6719,0.6726,1.10,1.20
2008.10.22 22:19:21.944,0.6719,0.67255,2.60,0.79
2008.10.22 22:19:22.064,0.6718,0.67245,0.54,0.78
2008.10.22 22:19:22.764,0.67185,0.67245,4.30,0.95
2008.10.22 22:19:23.114,0.6719,0.6726,1.80,1.30
2008.10.22 22:19:23.464,0.6719,0.6724,0.58,0.77
2008.10.22 22:19:23.804,0.6717,0.67235,1.00,0.79
2008.10.22 22:19:24.274,0.67165,0.6723,1.00,0.89
2008.10.22 22:19:24.544,0.67175,0.6723,1.10,0.54
2008.10.22 22:19:24.894,0.6718,0.6725,2.10,2.00
2008.10.22 22:19:25.233,0.6718,0.67245,3.20,0.95
2008.10.22 22:19:25.624,0.6717,0.67235,1.70,0.73
2008.10.22 22:19:27.833,0.6718,0.67235,4.10,0.61
2008.10.22 22:19:28.133,0.6718,0.67255,1.00,0.80
2008.10.22 22:19:33.331,0.6718,0.67255,0.68,0.97
2008.10.22 22:19:55.096,0.6719,0.6726,1.60,0.35
2008.10.22 22:20:49.133,0.6718,0.67255,2.40,0.38
2008.10.22 22:20:53.972,0.6718,0.6724,1.70,1.00
2008.10.22 22:20:54.412,0.67175,0.67235,1.20,0.34
2008.10.22 22:20:54.652,0.6716,0.67235,0.77,0.83
2008.10.22 22:21:02.390,0.6716,0.67225,1.10,0.87
2008.10.22 22:21:02.610,0.6716,0.6722,1.40,0.93
2008.10.22 22:21:02.720,0.67165,0.6722,1.10,1.40
2008.10.22 22:21:37.931,0.67175,0.6722,0.84,0.96
2008.10.22 22:21:49.099,0.6717,0.6722,1.70,0.91
2008.10.22 22:21:58.126,0.6716,0.6722,1.90,0.41
2008.10.22 22:21:58.247,0.6716,0.6722,1.10,0.63
2008.10.22 22:22:43.396,0.67165,0.6722,2.20,1.30
2008.10.22 22:23:13.908,0.6716,0.672,1.20,0.22
2008.10.22 22:23:19.817,0.6715,0.6719,1.70,0.47
2008.10.22 22:23:19.937,0.67158,0.67202,3.20,3.70
2008.10.22 22:23:23.116,0.67155,0.67205,0.61,2.00
2008.10.22 22:23:29.844,0.67158,0.67202,1.20,0.82
2008.10.22 22:24:04.296,0.67165,0.6721,0.66,3.20
2008.10.22 22:24:04.416,0.67165,0.672,3.00,0.92
2008.10.22 22:24:04.596,0.67155,0.672,0.56,1.40
2008.10.22 22:24:04.826,0.67155,0.672,0.53,1.10
2008.10.22 22:24:04.946,0.67155,0.6722,0.84,0.78
2008.10.22 22:24:06.795,0.67155,0.6722,0.80,1.10
2008.10.22 22:24:06.975,0.67165,0.6722,1.10,1.40
2008.10.22 22:24:10.275,0.67155,0.672,1.90,1.50
2008.10.22 22:24:10.445,0.67155,0.672,1.60,1.30
2008.10.22 22:24:11.894,0.67155,0.67195,0.70,1.50
2008.10.22 22:24:12.014,0.6715,0.67185,1.40,0.56
2008.10.22 22:24:14.144,0.67135,0.67185,0.30,0.80
2008.10.22 22:24:14.444,0.6712,0.67175,0.96,0.59
2008.10.22 22:24:16.723,0.6712,0.6717,1.70,0.48
2008.10.22 22:24:16.893,0.67125,0.6717,0.57,1.60
2008.10.22 22:24:20.572,0.6712,0.6717,2.20,0.91
2008.10.22 22:24:23.242,0.67125,0.6717,1.20,1.00
2008.10.22 22:24:23.662,0.6713,0.6717,0.58,1.70
2008.10.22 22:24:23.781,0.67112,0.67192,1.50,0.64
2008.10.22 22:24:30.960,0.6712,0.6719,1.40,2.30
2008.10.22 22:24:33.409,0.6712,0.67195,2.00,0.67
2008.10.22 22:24:43.497,0.67125,0.67195,1.20,1.90
2008.10.22 22:24:43.617,0.6713,0.67195,1.00,1.50
2008.10.22 22:24:46.466,0.67133,0.67198,1.30,1.60
2008.10.22 22:24:50.545,0.67138,0.67198,0.89,0.73
2008.10.22 22:25:00.452,0.6716,0.67205,2.80,0.87
2008.10.22 22:25:00.723,0.67155,0.67185,0.80,2.00
2008.10.22 22:25:00.902,0.67137,0.67197,0.95,0.67
2008.10.22 22:25:08.360,0.6713,0.6717,1.60,1.80
2008.10.22 22:25:08.590,0.6712,0.6715,1.50,0.59
2008.10.22 22:25:23.397,0.6713,0.6715,1.70,1.80
2008.10.22 22:25:23.517,0.6713,0.67185,1.50,1.90
2008.10.22 22:25:23.577,0.67135,0.672,0.99,1.50
2008.10.22 22:25:23.747,0.67135,0.67215,1.10,1.30
2008.10.22 22:25:39.353,0.67145,0.672,0.47,0.87
2008.10.22 22:26:16.574,0.6715,0.6719,0.37,0.43
2008.10.22 22:26:26.722,0.67147,0.67187,0.21,0.94
2008.10.22 22:26:26.782,0.67144,0.67184,0.83,2.00
2008.10.22 22:26:30.271,0.67141,0.67181,0.50,2.00
2008.10.22 22:26:30.321,0.67141,0.67176,0.77,0.86
2008.10.22 22:26:30.441,0.67138,0.67173,0.60,0.31
2008.10.22 22:26:34.780,0.6713,0.67175,0.93,0.82
2008.10.22 22:26:34.890,0.6713,0.6717,0.76,1.40
2008.10.22 22:26:35.010,0.67117,0.67177,1.20,1.10
2008.10.22 22:26:35.240,0.67114,0.67174,0.77,0.98
2008.10.22 22:26:35.300,0.67111,0.67171,0.75,0.87
2008.10.22 22:26:35.420,0.67111,0.67166,0.53,1.50
2008.10.22 22:26:36.489,0.67108,0.67163,1.60,0.60
2008.10.22 22:26:36.659,0.6711,0.67155,2.10,0.66
2008.10.22 22:26:48.936,0.671,0.6716,0.79,1.40
2008.10.22 22:26:49.056,0.671,0.67155,1.80,1.20
2008.10.22 22:26:50.146,0.671,0.6715,2.40,1.00
2008.10.22 22:26:50.386,0.671,0.67145,1.60,0.82
2008.10.22 22:26:50.786,0.67097,0.67142,1.70,2.10
2008.10.22 22:26:52.146,0.67099,0.67134,1.60,0.31
2008.10.22 22:26:52.425,0.67096,0.67131,0.59,0.82
2008.10.22 22:26:54.335,0.67073,0.67148,1.50,0.93
2008.10.22 22:26:55.415,0.67075,0.67141,0.95,0.27
2008.10.22 22:27:00.303,0.67083,0.67128,0.85,0.89
2008.10.22 22:27:01.003,0.6706,0.6712,2.00,0.94
2008.10.22 22:27:01.233,0.6706,0.6712,0.29,0.54
2008.10.22 22:27:03.883,0.6706,0.6712,1.60,0.65
2008.10.22 22:27:03.993,0.67065,0.6712,1.90,0.99
2008.10.22 22:27:08.502,0.67075,0.6712,1.60,0.49
2008.10.22 22:27:11.281,0.67075,0.67155,2.10,0.56
2008.10.22 22:27:12.361,0.67075,0.6715,1.90,0.31
2008.10.22 22:27:33.236,0.67075,0.6715,0.54,2.30
2008.10.22 22:27:33.416,0.6708,0.67135,2.60,0.25
2008.10.22 22:27:33.866,0.6708,0.6713,1.50,1.30
2008.10.22 22:27:43.463,0.6708,0.67115,0.67,1.40
2008.10.22 22:27:43.643,0.6708,0.67105,1.10,1.80
2008.10.22 22:27:52.611,0.67073,0.67107,1.10,0.65
2008.10.22 22:27:56.230,0.67068,0.67107,0.84,1.10
2008.10.22 22:27:57.430,0.67068,0.67102,0.62,0.48
2008.10.22 22:28:00.629,0.67062,0.67102,1.00,1.40
2008.10.22 22:28:01.029,0.67062,0.67097,0.56,1.40
2008.10.22 22:28:07.387,0.6705,0.6708,1.80,0.70
2008.10.22 22:28:07.797,0.6705,0.671,2.50,1.00
2008.10.22 22:28:07.967,0.6705,0.671,1.00,0.43
2008.10.22 22:28:09.517,0.6704,0.671,0.81,0.86
2008.10.22 22:28:11.776,0.6703,0.671,0.48,0.78
2008.10.22 22:28:11.886,0.6703,0.671,1.00,1.20
2008.10.22 22:28:14.276,0.6703,0.67095,0.84,2.40
2008.10.22 22:28:14.446,0.6703,0.6709,1.00,1.20
2008.10.22 22:28:14.506,0.6703,0.67075,0.40,2.10
2008.10.22 22:28:14.906,0.6703,0.6707,0.67,0.87
2008.10.22 22:28:20.005,0.6703,0.6707,1.20,1.00
2008.10.22 22:28:20.245,0.6702,0.6705,1.30,1.20
2008.10.22 22:28:25.013,0.67015,0.6705,1.50,1.50
2008.10.22 22:28:25.283,0.67015,0.6706,1.70,1.80
2008.10.22 22:28:25.343,0.6702,0.67075,2.30,0.34
2008.10.22 22:28:25.583,0.6702,0.6709,1.30,0.68
2008.10.22 22:28:25.743,0.6702,0.67095,1.90,5.50
2008.10.22 22:28:29.932,0.6702,0.67095,0.44,0.73
2008.10.22 22:28:30.102,0.6702,0.6709,2.70,0.17
2008.10.22 22:28:30.212,0.6702,0.67075,0.71,0.44
2008.10.22 22:28:30.552,0.6702,0.6707,1.30,1.10
2008.10.22 22:28:33.861,0.6702,0.67065,0.72,0.41
2008.10.22 22:28:40.300,0.6702,0.6706,1.90,1.80
2008.10.22 22:28:51.057,0.6701,0.6705,2.10,0.35
2008.10.22 22:29:04.074,0.67015,0.6706,0.77,1.20
2008.10.22 22:29:05.243,0.6701,0.6706,0.46,2.40
2008.10.22 22:29:05.543,0.6701,0.6705,1.10,0.59
2008.10.22 22:29:05.603,0.67005,0.6705,2.90,1.40
2008.10.22 22:29:05.653,0.67005,0.6705,0.56,0.61
2008.10.22 22:29:06.114,0.67005,0.6705,1.90,1.30
2008.10.22 22:29:06.993,0.6699,0.6705,1.90,2.60
2008.10.22 22:29:07.113,0.6699,0.6703,1.00,0.91
2008.10.22 22:29:09.643,0.6699,0.67025,0.98,0.94
2008.10.22 22:29:12.842,0.66985,0.67025,1.70,1.00
2008.10.22 22:29:13.081,0.66985,0.6702,0.72,1.90
2008.10.22 22:29:13.312,0.6698,0.6702,0.75,0.99
2008.10.22 22:29:15.851,0.6698,0.67015,0.90,1.50
2008.10.22 22:29:29.258,0.6698,0.6701,1.80,0.42
2008.10.22 22:29:30.247,0.66945,0.6701,0.83,0.64
2008.10.22 22:29:30.427,0.6694,0.6701,1.50,1.50
2008.10.22 22:29:32.297,0.6695,0.6701,0.70,1.40
2008.10.22 22:29:33.337,0.6694,0.6699,1.60,0.58
2008.10.22 22:29:33.907,0.66925,0.6698,1.70,0.84
2008.10.22 22:29:36.796,0.6694,0.67,0.67,1.30
2008.10.22 22:29:37.206,0.6694,0.67005,1.50,0.60
2008.10.22 22:29:37.616,0.6694,0.67005,1.30,0.67
2008.10.22 22:29:40.205,0.66945,0.67005,0.74,2.60
2008.10.22 22:29:40.585,0.66945,0.67,2.00,1.10
2008.10.22 22:29:40.865,0.6695,0.67,0.62,2.40
2008.10.22 22:29:44.274,0.66955,0.67,0.62,0.87
2008.10.22 22:30:05.779,0.6695,0.67,1.70,1.00
2008.10.22 22:30:15.847,0.6695,0.6701,0.58,1.10
2008.10.22 22:30:16.126,0.6695,0.6702,0.77,2.40
2008.10.22 22:30:16.716,0.66965,0.6702,1.30,0.70
2008.10.22 22:30:17.066,0.66975,0.6702,1.20,0.41
2008.10.22 22:30:17.406,0.6698,0.6702,1.20,2.20
2008.10.22 22:30:20.525,0.66995,0.67035,0.63,1.20
2008.10.22 22:30:21.215,0.66995,0.6705,1.70,0.85
2008.10.22 22:30:21.555,0.66995,0.67045,2.40,0.65
2008.10.22 22:30:22.075,0.66995,0.6705,0.29,1.70
2008.10.22 22:30:28.004,0.66995,0.6704,1.30,0.45
2008.10.22 22:30:28.234,0.6698,0.6704,0.87,1.90
2008.10.22 22:30:28.353,0.66965,0.6704,0.38,0.80
2008.10.22 22:30:30.823,0.66965,0.6704,1.40,0.97
2008.10.22 22:30:31.103,0.6698,0.6705,1.50,1.10
2008.10.22 22:30:31.453,0.6698,0.6705,1.80,1.60
2008.10.22 22:30:31.912,0.6698,0.6704,1.50,0.73
2008.10.22 22:30:32.082,0.6698,0.6704,2.70,0.90
2008.10.22 22:30:32.472,0.6698,0.6704,1.60,0.80
2008.10.22 22:30:34.412,0.6698,0.6704,0.36,0.33
2008.10.22 22:30:40.030,0.6698,0.6704,0.47,2.60
2008.10.22 22:30:40.550,0.66985,0.6704,0.98,1.40
2008.10.22 22:30:41.300,0.6699,0.6704,1.10,0.82
2008.10.22 22:30:45.739,0.6698,0.6703,0.85,0.74
2008.10.22 22:30:45.859,0.6698,0.6703,2.70,1.20
2008.10.22 22:30:47.839,0.6698,0.67035,1.10,1.20
2008.10.22 22:30:52.198,0.66965,0.67035,1.00,2.90
2008.10.22 22:30:56.247,0.6698,0.6704,0.42,1.10
2008.10.22 22:30:56.487,0.6698,0.6704,2.10,1.40
2008.10.22 22:30:56.837,0.6698,0.6704,2.00,3.80
2008.10.22 22:30:57.706,0.6698,0.6705,1.40,1.90
2008.10.22 22:30:57.986,0.6698,0.6705,1.10,0.53
2008.10.22 22:31:02.985,0.6698,0.6705,0.31,0.35
2008.10.22 22:31:03.095,0.6698,0.6705,0.62,0.46
2008.10.22 22:31:03.315,0.6699,0.6705,0.87,2.50
2008.10.22 22:31:03.425,0.6699,0.6705,0.86,0.43
2008.10.22 22:31:03.545,0.6699,0.67045,0.70,1.60
2008.10.22 22:31:11.073,0.6699,0.6705,2.20,0.85
2008.10.22 22:31:13.752,0.66985,0.6705,1.30,1.10
2008.10.22 22:31:13.932,0.6698,0.6705,1.30,0.90
2008.10.22 22:31:14.053,0.6698,0.6705,1.70,2.00
2008.10.22 22:31:17.601,0.6698,0.6704,0.66,0.79
2008.10.22 22:31:17.662,0.6698,0.67035,0.91,1.30
2008.10.22 22:31:19.081,0.6698,0.6704,2.70,1.80
2008.10.22 22:31:19.362,0.6698,0.67035,1.00,1.00
2008.10.22 22:31:24.550,0.6698,0.6704,0.84,0.65
2008.10.22 22:31:24.720,0.6698,0.67035,0.47,1.20
2008.10.22 22:31:25.230,0.6698,0.67035,1.50,1.90
2008.10.22 22:31:25.350,0.6698,0.6703,1.70,1.30
2008.10.22 22:31:30.838,0.6698,0.6703,1.20,0.49
2008.10.22 22:31:33.118,0.6698,0.6703,1.30,1.60
2008.10.22 22:31:42.606,0.6698,0.6703,1.30,0.74
2008.10.22 22:31:43.115,0.66985,0.6703,0.89,1.90
2008.10.22 22:31:46.404,0.6699,0.6704,1.60,1.00
2008.10.22 22:32:45.750,0.67,0.6704,1.70,0.46
2008.10.22 22:32:53.368,0.67,0.6703,0.66,1.00
2008.10.22 22:32:53.998,0.67,0.6704,1.50,1.20
2008.10.22 22:32:54.108,0.67,0.6704,1.20,1.10
2008.10.22 22:32:56.488,0.67,0.6704,0.83,1.10
2008.10.22 22:32:56.597,0.67,0.6703,0.65,0.77
2008.10.22 22:32:58.647,0.67,0.6704,1.10,0.56
2008.10.22 22:33:00.937,0.67,0.6705,1.70,1.30
2008.10.22 22:33:01.117,0.67,0.6705,0.56,0.78
2008.10.22 22:33:11.004,0.67,0.67045,0.94,1.70
2008.10.22 22:33:15.203,0.67,0.67035,0.93,0.58
2008.10.22 22:33:22.521,0.67,0.6703,2.80,0.38
2008.10.22 22:33:26.521,0.67,0.6702,0.42,1.50
2008.10.22 22:33:29.080,0.67,0.67015,0.87,0.34
2008.10.22 22:33:33.419,0.67,0.67015,2.20,1.10
2008.10.22 22:33:34.448,0.67,0.67015,7.80,3.60
2008.10.22 22:33:34.848,0.6698,0.67005,0.94,0.69
2008.10.22 22:33:43.156,0.6698,0.67,0.82,0.91
2008.10.22 22:33:58.123,0.6698,0.66995,1.10,0.62
2008.10.22 22:34:02.402,0.6698,0.67,0.82,0.48
2008.10.22 22:34:02.732,0.6698,0.67,0.55,0.84
2008.10.22 22:34:18.758,0.6698,0.67,1.50,1.30
2008.10.22 22:34:19.028,0.6698,0.67,1.30,0.97
2008.10.22 22:34:19.198,0.6698,0.67,0.97,1.70
2008.10.22 22:34:19.727,0.6698,0.67,1.60,0.48
2008.10.22 22:34:21.327,0.66962,0.67012,0.72,1.00
2008.10.22 22:34:21.497,0.66959,0.67009,0.73,0.21
2008.10.22 22:34:21.777,0.66956,0.67006,0.45,0.34
2008.10.22 22:34:21.997,0.6694,0.6699,1.00,2.20
2008.10.22 22:34:22.107,0.6694,0.6699,1.40,1.20
2008.10.22 22:34:22.457,0.6695,0.6699,0.87,2.00
2008.10.22 22:34:24.637,0.6695,0.66985,0.89,2.10
2008.10.22 22:34:24.696,0.6695,0.66985,2.50,1.30
2008.10.22 22:34:27.476,0.6695,0.66985,0.95,1.40
2008.10.22 22:34:40.463,0.6695,0.66975,0.38,0.55
2008.10.22 22:34:45.121,0.6695,0.6697,0.49,1.70
2008.10.22 22:34:45.232,0.6695,0.6697,1.60,0.88
2008.10.22 22:34:48.061,0.6695,0.6697,1.10,0.92
2008.10.22 22:34:48.281,0.6695,0.6697,1.10,1.30
2008.10.22 22:34:50.531,0.6695,0.66965,1.70,0.98
2008.10.22 22:34:52.280,0.6695,0.66965,0.54,1.30
2008.10.22 22:34:52.500,0.6695,0.66965,0.92,1.30
2008.10.22 22:34:57.669,0.6692,0.6699,1.70,0.60
2008.10.22 22:34:57.888,0.6692,0.66985,1.20,0.91
2008.10.22 22:34:58.748,0.6692,0.6698,0.34,1.30
2008.10.22 22:34:58.968,0.66912,0.66982,0.40,0.48
2008.10.22 22:35:01.438,0.66917,0.66972,0.55,1.70
2008.10.22 22:35:01.558,0.66912,0.66972,0.56,2.20
2008.10.22 22:35:02.137,0.66909,0.66969,0.95,0.76
2008.10.22 22:35:03.067,0.66906,0.66966,0.81,0.62
2008.10.22 22:35:03.347,0.6689,0.6695,0.52,1.80
2008.10.22 22:35:03.587,0.6689,0.66945,0.92,1.10
2008.10.22 22:35:09.406,0.6689,0.6694,0.84,0.95
2008.10.22 22:35:10.995,0.6689,0.6694,0.88,0.84
2008.10.22 22:35:11.105,0.66875,0.6695,1.10,0.74
2008.10.22 22:35:12.995,0.66875,0.6693,1.60,1.40
2008.10.22 22:35:13.355,0.66885,0.6694,0.57,0.53
2008.10.22 22:35:13.815,0.6689,0.6694,2.60,0.79
2008.10.22 22:35:14.684,0.6688,0.6694,0.66,1.70
2008.10.22 22:35:15.794,0.6688,0.66925,1.20,1.70
2008.10.22 22:35:16.194,0.6688,0.6692,0.95,2.00
2008.10.22 22:35:17.004,0.6688,0.6692,2.50,0.72
2008.10.22 22:35:17.124,0.66863,0.66933,2.70,0.72
2008.10.22 22:35:17.294,0.6686,0.6693,0.82,1.30
2008.10.22 22:35:18.363,0.6685,0.6691,1.60,0.52
2008.10.22 22:35:18.654,0.66855,0.66905,2.20,1.20
2008.10.22 22:35:21.283,0.6686,0.669,1.70,0.49
2008.10.22 22:35:22.123,0.66865,0.669,0.83,0.46
2008.10.22 22:35:24.162,0.6687,0.66895,0.45,1.40
2008.10.22 22:35:24.852,0.66865,0.66895,0.70,0.98
2008.10.22 22:35:26.202,0.6686,0.6689,0.84,0.49
2008.10.22 22:35:27.461,0.6685,0.6689,1.10,0.59
2008.10.22 22:35:28.311,0.6685,0.669,0.40,1.30
2008.10.22 22:35:29.921,0.66855,0.669,2.00,1.10
2008.10.22 22:35:30.191,0.66855,0.66915,3.50,1.00
2008.10.22 22:35:30.431,0.6686,0.6693,0.77,1.30
2008.10.22 22:35:30.671,0.6686,0.66935,1.70,0.61
2008.10.22 22:35:34.450,0.6686,0.6693,4.50,0.99
2008.10.22 22:35:34.620,0.6686,0.66935,1.00,0.43
2008.10.22 22:35:34.900,0.66865,0.66935,2.20,1.40
2008.10.22 22:35:36.459,0.66865,0.6694,1.40,0.67
2008.10.22 22:35:39.978,0.6687,0.66935,1.90,0.93
2008.10.22 22:35:52.735,0.6687,0.66935,0.84,0.37
2008.10.22 22:36:06.662,0.6687,0.6693,0.71,1.70
2008.10.22 22:36:07.522,0.6687,0.6692,0.80,0.50
2008.10.22 22:36:07.642,0.6687,0.6692,0.62,0.99
2008.10.22 22:36:08.252,0.6687,0.6692,1.30,0.58
2008.10.22 22:36:08.531,0.6687,0.66915,1.10,0.30
2008.10.22 22:36:08.751,0.6685,0.6691,1.00,1.20
2008.10.22 22:36:10.341,0.6685,0.6691,1.20,0.73
2008.10.22 22:36:11.091,0.6685,0.66905,1.30,0.54
2008.10.22 22:36:11.151,0.6683,0.669,1.10,3.30
2008.10.22 22:36:13.861,0.6683,0.66895,0.19,0.58
2008.10.22 22:36:15.350,0.6683,0.66895,1.30,1.40
2008.10.22 22:36:17.809,0.6684,0.66895,1.30,0.17
2008.10.22 22:36:17.929,0.6684,0.669,0.76,1.10
2008.10.22 22:36:27.557,0.6684,0.669,0.52,4.10
2008.10.22 22:36:28.017,0.66845,0.669,1.70,0.36
2008.10.22 22:36:37.595,0.6685,0.669,1.10,0.54
2008.10.22 22:36:37.705,0.6685,0.66895,0.82,1.90
2008.10.22 22:36:41.214,0.6685,0.6689,1.40,1.10
2008.10.22 22:36:41.793,0.6684,0.66885,1.10,1.70
2008.10.22 22:36:44.433,0.6684,0.66885,2.90,1.80
2008.10.22 22:36:44.493,0.6684,0.6688,0.59,0.87
2008.10.22 22:36:45.183,0.6682,0.66875,0.35,0.50
2008.10.22 22:36:45.543,0.6682,0.66875,0.73,1.20
2008.10.22 22:36:45.832,0.66835,0.66875,0.83,0.90
2008.10.22 22:36:46.122,0.66825,0.66875,1.70,2.90
2008.10.22 22:36:46.292,0.66825,0.66875,0.26,0.44
2008.10.22 22:36:46.462,0.6682,0.66875,1.80,0.63
2008.10.22 22:36:47.722,0.6682,0.6686,0.77,1.80
2008.10.22 22:36:48.292,0.6681,0.66855,0.88,2.20
2008.10.22 22:36:48.582,0.668,0.66855,0.57,0.83
2008.10.22 22:36:48.972,0.66815,0.6686,0.72,0.42
2008.10.22 22:36:49.272,0.66815,0.6686,1.30,1.40
2008.10.22 22:36:51.561,0.66825,0.6687,1.40,1.30
2008.10.22 22:37:00.159,0.6682,0.6687,1.10,2.50
2008.10.22 22:37:00.859,0.6682,0.6688,1.40,0.82
2008.10.22 22:37:01.019,0.6682,0.6688,0.67,1.60
2008.10.22 22:37:04.978,0.6682,0.6688,0.17,1.00
2008.10.22 22:37:05.028,0.66825,0.6688,1.50,0.56
2008.10.22 22:37:17.055,0.6683,0.6689,2.00,1.40
2008.10.22 22:37:17.275,0.6683,0.669,3.20,0.50
2008.10.22 22:37:36.730,0.6683,0.669,1.10,0.30
2008.10.22 22:37:36.840,0.6684,0.669,1.10,0.76
2008.10.22 22:37:37.290,0.66845,0.669,1.00,1.50
2008.10.22 22:37:51.207,0.66855,0.669,0.68,1.10
2008.10.22 22:37:55.805,0.6686,0.669,1.20,1.30
2008.10.22 22:38:18.770,0.6686,0.669,0.82,0.97
2008.10.22 22:38:18.990,0.6684,0.6689,2.30,0.73
2008.10.22 22:38:24.109,0.66845,0.6689,1.00,1.00
2008.10.22 22:38:26.278,0.6685,0.6689,1.00,1.70
2008.10.22 22:38:32.936,0.6687,0.6689,1.60,1.40
2008.10.22 22:38:33.176,0.6687,0.669,0.48,1.30
2008.10.22 22:38:37.016,0.6685,0.66925,0.93,1.40
2008.10.22 22:38:40.045,0.6686,0.66935,0.46,1.20
2008.10.22 22:38:46.273,0.6686,0.6693,0.98,1.00
2008.10.22 22:38:53.882,0.6689,0.66905,0.64,2.30
2008.10.22 22:38:54.901,0.66893,0.66908,1.80,5.70
2008.10.22 22:38:55.132,0.66896,0.66911,1.00,1.00
2008.10.22 22:38:58.290,0.66899,0.66914,0.72,1.00
2008.10.22 22:39:02.140,0.66899,0.66919,1.40,1.50
2008.10.22 22:39:02.479,0.66902,0.66922,2.30,1.70
2008.10.22 22:39:03.150,0.66905,0.66924,0.99,1.10
2008.10.22 22:39:07.588,0.66907,0.66927,2.00,1.30
2008.10.22 22:39:07.828,0.6691,0.6693,0.37,1.20
2008.10.22 22:39:07.878,0.6693,0.66945,0.64,0.84
2008.10.22 22:39:15.186,0.6693,0.66945,3.10,0.27
2008.10.22 22:39:15.297,0.6691,0.66945,1.60,0.47
2008.10.22 22:39:15.876,0.6691,0.6694,0.64,0.95
2008.10.22 22:39:16.116,0.669,0.66935,2.50,0.66
2008.10.22 22:39:16.346,0.669,0.6694,0.77,1.90
2008.10.22 22:39:22.035,0.6689,0.6694,0.57,0.64
2008.10.22 22:39:23.664,0.6689,0.6693,0.83,0.81
2008.10.22 22:39:40.320,0.66915,0.66935,0.98,1.40
2008.10.22 22:39:42.160,0.66892,0.66953,0.92,0.90
2008.10.22 22:39:42.330,0.6689,0.6695,1.80,2.60
2008.10.22 22:39:42.720,0.66865,0.66945,2.80,0.84
2008.10.22 22:39:42.900,0.66865,0.66945,1.40,1.80
2008.10.22 22:39:43.479,0.6688,0.66945,0.95,3.10
2008.10.22 22:39:44.089,0.66895,0.66945,0.53,0.88
2008.10.22 22:39:44.550,0.66895,0.6695,0.54,2.10
2008.10.22 22:39:44.949,0.66895,0.6695,1.70,2.20
2008.10.22 22:39:46.299,0.669,0.6695,0.87,1.30
2008.10.22 22:39:46.469,0.669,0.66945,1.10,1.20
2008.10.22 22:39:47.578,0.669,0.6693,1.00,0.29
2008.10.22 22:39:48.668,0.6688,0.6693,1.50,0.42
2008.10.22 22:39:48.788,0.6688,0.6693,0.93,1.50
2008.10.22 22:39:54.187,0.6688,0.66925,0.51,1.10
2008.10.22 22:40:01.445,0.66863,0.66917,0.37,1.30
2008.10.22 22:40:01.745,0.66856,0.66926,1.10,1.20
2008.10.22 22:40:01.915,0.66871,0.66906,1.80,0.67
2008.10.22 22:40:02.775,0.66864,0.66899,1.70,0.51
2008.10.22 22:40:04.794,0.66869,0.66904,1.80,0.92
2008.10.22 22:40:05.394,0.66868,0.66918,2.00,1.40
2008.10.22 22:40:05.624,0.66865,0.66925,2.10,0.35
2008.10.22 22:40:09.393,0.66866,0.66926,0.82,0.54
2008.10.22 22:40:09.683,0.66877,0.66917,1.20,0.63
2008.10.22 22:40:10.073,0.66884,0.66914,0.87,2.20
2008.10.22 22:40:12.952,0.66889,0.66909,1.40,0.14
2008.10.22 22:40:15.412,0.66881,0.66906,0.68,0.40
2008.10.22 22:40:15.472,0.66873,0.66903,0.82,0.82
2008.10.22 22:40:15.592,0.66874,0.66904,0.61,0.60
2008.10.22 22:40:22.730,0.6687,0.6691,0.87,2.00
2008.10.22 22:40:49.834,0.66871,0.66906,1.00,0.62
2008.10.22 22:40:54.272,0.66878,0.66903,1.10,0.97
2008.10.22 22:40:54.502,0.66871,0.66911,1.40,1.10
2008.10.22 22:40:54.802,0.66874,0.66904,0.97,0.37
2008.10.22 22:40:55.732,0.66877,0.66902,1.60,1.60
2008.10.22 22:40:56.172,0.66873,0.66903,1.50,0.96
2008.10.22 22:40:58.271,0.66855,0.66885,3.40,1.20
2008.10.22 22:41:23.555,0.66858,0.66887,1.70,0.41
2008.10.22 22:41:24.395,0.6686,0.6689,1.50,0.61
2008.10.22 22:41:24.565,0.66863,0.66892,1.40,2.70
2008.10.22 22:41:25.325,0.66865,0.66895,1.50,0.52
2008.10.22 22:41:25.545,0.66873,0.66893,2.20,1.70
2008.10.22 22:41:25.715,0.66876,0.66896,0.81,1.30
2008.10.22 22:41:26.125,0.66874,0.66904,1.20,2.00
2008.10.22 22:41:26.475,0.6689,0.6692,0.76,0.54
2008.10.22 22:41:28.384,0.669,0.6692,1.20,0.29
2008.10.22 22:41:28.664,0.669,0.6692,1.50,1.40
2008.10.22 22:41:30.554,0.669,0.6693,0.55,0.90
2008.10.22 22:41:32.304,0.669,0.6694,0.41,0.61
2008.10.22 22:41:54.208,0.669,0.66935,0.31,0.77
2008.10.22 22:42:11.504,0.669,0.6694,0.75,1.50
2008.10.22 22:42:11.624,0.669,0.6693,0.21,1.10
2008.10.22 22:42:29.140,0.669,0.6694,1.60,2.20
2008.10.22 22:43:50.600,0.669,0.6694,1.70,1.20
2008.10.22 22:44:13.184,0.669,0.6694,0.89,0.84
2008.10.22 22:44:13.534,0.669,0.6695,1.40,0.86
2008.10.22 22:44:13.654,0.6691,0.6695,1.60,2.20
2008.10.22 22:44:13.834,0.6691,0.66955,1.00,2.40
2008.10.22 22:44:14.005,0.6692,0.66955,0.49,1.90
2008.10.22 22:44:14.225,0.6692,0.66955,0.71,0.68
2008.10.22 22:44:14.984,0.6694,0.66955,2.50,1.90
2008.10.22 22:44:16.204,0.66925,0.66955,1.20,1.70
2008.10.22 22:44:16.914,0.6694,0.66955,0.77,3.70
2008.10.22 22:44:17.753,0.6694,0.6697,0.92,0.68
2008.10.22 22:44:18.334,0.6694,0.6698,0.63,3.30
2008.10.22 22:44:18.513,0.6694,0.6698,1.20,2.90
2008.10.22 22:44:23.352,0.6694,0.66975,2.60,0.57
2008.10.22 22:44:23.852,0.6694,0.6697,1.80,1.10
2008.10.22 22:44:24.312,0.6694,0.6698,1.10,1.20
2008.10.22 22:44:34.989,0.6694,0.66975,0.60,1.10
2008.10.22 22:44:39.718,0.6694,0.6698,0.66,1.60
2008.10.22 22:44:40.828,0.6694,0.6698,0.76,0.94
2008.10.22 22:44:41.068,0.6693,0.6697,0.55,1.10
2008.10.22 22:44:41.348,0.6693,0.6697,0.96,0.54
2008.10.22 22:44:41.948,0.6694,0.6697,0.41,0.97
2008.10.22 22:44:42.178,0.6694,0.6697,0.73,2.50
2008.10.22 22:44:45.896,0.6694,0.6697,1.50,0.12
2008.10.22 22:44:49.606,0.6694,0.6697,5.60,0.91
2008.10.22 22:44:49.716,0.6693,0.6696,0.73,1.20
2008.10.22 22:44:50.516,0.6694,0.6697,0.48,1.70
2008.10.22 22:44:50.636,0.6694,0.66975,0.60,2.90
2008.10.22 22:44:50.756,0.6694,0.66975,1.20,2.40
2008.10.22 22:44:50.976,0.6694,0.6697,1.80,2.80
2008.10.22 22:44:54.075,0.66935,0.6697,0.98,0.77
2008.10.22 22:44:54.185,0.6695,0.6697,1.30,1.00
2008.10.22 22:44:54.654,0.6695,0.6697,3.90,0.72
2008.10.22 22:44:55.505,0.6695,0.6697,0.96,1.50
2008.10.22 22:44:55.674,0.6694,0.6697,2.20,1.40
2008.10.22 22:45:02.642,0.6695,0.6698,2.20,0.47
2008.10.22 22:46:01.548,0.6695,0.6697,0.86,0.61
2008.10.22 22:46:31.981,0.6695,0.6697,2.80,1.10
2008.10.22 22:46:32.161,0.6694,0.6697,0.66,1.20
2008.10.22 22:46:32.271,0.6694,0.66965,1.10,1.90
2008.10.22 22:46:33.111,0.6695,0.66965,1.20,0.63
2008.10.22 22:46:33.281,0.6695,0.66965,2.70,0.48
2008.10.22 22:46:34.310,0.6695,0.66965,0.98,0.30
2008.10.22 22:46:34.480,0.6694,0.66965,0.94,1.70
2008.10.22 22:46:34.770,0.6694,0.66965,0.10,0.79
2008.10.22 22:46:35.230,0.6694,0.66965,0.37,0.40
2008.10.22 22:46:35.520,0.6695,0.66965,1.80,0.88
2008.10.22 22:46:35.750,0.6695,0.66965,0.86,1.30
2008.10.22 22:46:36.680,0.6695,0.6697,1.90,1.30
2008.10.22 22:46:37.570,0.6694,0.6697,1.10,1.10
2008.10.22 22:46:38.539,0.6695,0.6697,1.50,1.70
2008.10.22 22:46:38.990,0.6695,0.6697,0.83,0.82
2008.10.22 22:46:39.219,0.6694,0.6697,1.10,1.70
2008.10.22 22:46:40.139,0.6695,0.6697,4.00,2.30
2008.10.22 22:46:40.319,0.6695,0.6697,0.66,1.00
2008.10.22 22:46:43.668,0.6694,0.6697,2.20,0.60
2008.10.22 22:46:44.088,0.6694,0.6697,1.00,1.10
2008.10.22 22:46:56.145,0.6695,0.6698,0.98,0.63
2008.10.22 22:47:09.612,0.6695,0.66985,1.40,0.88
2008.10.22 22:47:13.381,0.6695,0.6698,2.30,1.40
2008.10.22 22:47:58.510,0.6694,0.6698,1.10,1.80
2008.10.22 22:47:58.620,0.6694,0.6697,2.00,1.40
2008.10.22 22:48:02.419,0.66935,0.6697,1.30,0.91
2008.10.22 22:48:05.259,0.6693,0.6696,0.36,1.20
2008.10.22 22:48:05.369,0.66912,0.66972,1.30,2.00
2008.10.22 22:48:05.608,0.66907,0.66972,0.90,0.88
2008.10.22 22:48:05.718,0.66907,0.66967,1.20,0.79
2008.10.22 22:48:05.879,0.66902,0.66967,1.50,0.96
2008.10.22 22:48:06.058,0.66897,0.66967,1.00,0.50
2008.10.22 22:48:06.109,0.66902,0.66957,2.20,1.40
2008.10.22 22:48:06.438,0.66899,0.66954,1.50,1.90
2008.10.22 22:48:40.030,0.66889,0.66959,0.43,0.50
2008.10.22 22:48:40.200,0.66889,0.66954,1.30,0.24
2008.10.22 22:48:40.370,0.66884,0.66954,0.73,0.85
2008.10.22 22:48:40.540,0.66884,0.66949,1.40,1.40
2008.10.22 22:48:48.608,0.66884,0.66944,0.47,2.00
2008.10.22 22:48:48.838,0.66879,0.66944,0.78,0.83
2008.10.22 22:48:54.417,0.66874,0.66944,0.71,1.10
2008.10.22 22:48:57.486,0.66871,0.66941,2.00,0.47
2008.10.22 22:48:57.726,0.66866,0.66941,1.00,0.98
2008.10.22 22:49:06.534,0.66863,0.66939,0.96,4.10
2008.10.22 22:49:06.644,0.66861,0.66936,1.40,2.10
2008.10.22 22:49:18.981,0.66866,0.66926,0.29,0.83
2008.10.22 22:49:19.141,0.66866,0.66921,0.44,1.20
2008.10.22 22:49:24.000,0.6685,0.6692,2.40,2.60
2008.10.22 22:49:28.188,0.6685,0.6692,1.80,1.40
2008.10.22 22:49:28.289,0.6685,0.66915,1.80,0.90
2008.10.22 22:49:30.288,0.6685,0.66905,1.30,1.70
2008.10.22 22:49:34.787,0.6685,0.6691,0.85,1.20
2008.10.22 22:49:38.986,0.66865,0.6691,0.64,1.00
2008.10.22 22:49:39.106,0.6688,0.6691,0.76,2.00
2008.10.22 22:49:39.226,0.6688,0.66915,1.30,1.10
2008.10.22 22:49:39.456,0.6688,0.66925,0.52,1.50
2008.10.22 22:49:40.266,0.6688,0.66925,2.00,0.40
2008.10.22 22:49:40.786,0.66865,0.66925,0.54,1.50
2008.10.22 22:49:41.025,0.66865,0.66925,1.60,0.89
2008.10.22 22:49:41.485,0.6686,0.66925,0.86,0.61
2008.10.22 22:49:41.705,0.6686,0.6692,2.50,1.10
2008.10.22 22:49:45.235,0.6686,0.66915,1.00,0.83
2008.10.22 22:49:45.474,0.6686,0.66915,0.57,1.40
2008.10.22 22:50:01.181,0.6686,0.66915,1.10,0.31
2008.10.22 22:50:01.291,0.6686,0.6692,2.90,1.10
2008.10.22 22:50:06.579,0.6686,0.66915,2.30,3.20
2008.10.22 22:50:06.749,0.6686,0.66915,0.89,0.40
2008.10.22 22:50:09.999,0.6686,0.6691,1.90,2.00
2008.10.22 22:50:10.178,0.6686,0.66905,2.20,2.40
2008.10.22 22:50:14.497,0.6686,0.6691,2.10,0.85
2008.10.22 22:50:14.617,0.6686,0.6691,0.59,1.20
2008.10.22 22:50:14.897,0.6686,0.66915,2.70,1.10
2008.10.22 22:50:15.117,0.6686,0.66925,1.40,0.47
2008.10.22 22:50:17.427,0.6686,0.66925,1.00,1.10
2008.10.22 22:50:17.876,0.6686,0.6692,0.96,0.57
2008.10.22 22:50:23.355,0.6686,0.66915,2.40,2.60
2008.10.22 22:50:32.473,0.6686,0.66915,1.90,2.40
2008.10.22 22:50:32.703,0.6686,0.6692,0.35,1.30
2008.10.22 22:50:33.453,0.6686,0.6692,0.51,0.66
2008.10.22 22:50:33.503,0.6686,0.66925,1.70,0.44
2008.10.22 22:50:37.722,0.6686,0.6692,0.81,0.94
2008.10.22 22:50:37.832,0.6686,0.66915,1.10,0.88
2008.10.22 22:50:41.871,0.6686,0.66915,1.30,1.40
2008.10.22 22:50:42.041,0.66875,0.66915,0.62,0.34
2008.10.22 22:50:42.101,0.66875,0.6692,0.53,1.30
2008.10.22 22:50:46.870,0.6689,0.6692,2.10,1.00
2008.10.22 22:50:47.090,0.6689,0.66915,0.75,2.60
2008.10.22 22:50:48.129,0.6688,0.66915,2.00,0.86
2008.10.22 22:50:48.529,0.6687,0.66915,3.50,0.44
2008.10.22 22:50:50.449,0.6687,0.6692,2.00,0.87
2008.10.22 22:50:51.239,0.6686,0.6692,0.74,2.20
2008.10.22 22:50:51.299,0.6686,0.66905,1.40,1.70
2008.10.22 22:50:51.759,0.66855,0.66905,1.10,1.20
2008.10.22 22:50:51.929,0.6684,0.66905,0.73,2.80
2008.10.22 22:50:51.988,0.6684,0.66905,1.60,1.60
2008.10.22 22:50:53.158,0.6684,0.66905,2.20,2.00
2008.10.22 22:50:54.488,0.6684,0.66905,0.68,2.60
2008.10.22 22:51:05.445,0.6684,0.66895,0.84,1.50
2008.10.22 22:51:20.182,0.66845,0.66895,1.60,0.40
2008.10.22 22:51:20.462,0.66845,0.66915,1.60,0.94
2008.10.22 22:51:22.491,0.6686,0.66915,0.59,0.83
2008.10.22 22:51:22.721,0.6686,0.6693,0.24,0.30
2008.10.22 22:51:23.111,0.6686,0.6693,0.61,2.30
2008.10.22 22:51:23.761,0.6687,0.6693,1.10,2.50
2008.10.22 22:51:23.921,0.66865,0.6693,1.90,2.60
2008.10.22 22:51:24.201,0.66865,0.6693,1.20,0.78
2008.10.22 22:51:26.290,0.6686,0.6693,0.66,1.50
2008.10.22 22:51:26.350,0.6686,0.6693,0.37,1.50
2008.10.22 22:51:26.570,0.6686,0.6693,1.80,1.10
2008.10.22 22:51:27.620,0.6686,0.6693,1.00,1.10
2008.10.22 22:51:27.800,0.6686,0.66925,1.60,0.65
2008.10.22 22:51:28.030,0.66865,0.66925,0.83,1.10
2008.10.22 22:51:28.210,0.66865,0.66925,0.89,3.00
2008.10.22 22:51:40.747,0.66865,0.6692,1.60,1.10
2008.10.22 22:51:40.977,0.6687,0.6691,1.40,1.60
2008.10.22 22:51:52.294,0.6687,0.669,0.89,0.62
2008.10.22 22:51:52.804,0.66875,0.6692,1.70,0.98
2008.10.22 22:51:57.193,0.6688,0.6692,0.99,1.40
2008.10.22 22:52:01.162,0.6688,0.6691,2.70,1.80
2008.10.22 22:52:08.670,0.6687,0.669,2.40,0.61
2008.10.22 22:52:31.834,0.6686,0.669,1.50,0.79
2008.10.22 22:52:32.174,0.6684,0.669,0.79,0.84
2008.10.22 22:52:32.354,0.6684,0.669,0.49,1.60
2008.10.22 22:52:38.123,0.6684,0.669,1.20,2.00
2008.10.22 22:52:38.233,0.6684,0.66895,1.80,3.20
2008.10.22 22:52:38.923,0.6683,0.66895,0.60,0.63
2008.10.22 22:52:44.561,0.66845,0.6689,3.20,0.57
2008.10.22 22:52:48.151,0.66845,0.6688,1.60,1.30
2008.10.22 22:52:48.271,0.66835,0.6687,1.20,0.77
2008.10.22 22:52:48.620,0.6683,0.6689,0.34,1.20
2008.10.22 22:53:03.317,0.6683,0.6689,0.74,1.30
2008.10.22 22:53:03.377,0.66835,0.6689,2.30,2.40
2008.10.22 22:53:06.576,0.66835,0.6688,0.79,1.10
2008.10.22 22:53:06.676,0.66835,0.6688,1.20,1.90
2008.10.22 22:53:06.796,0.6683,0.6686,0.30,1.50
2008.10.22 22:53:07.036,0.66825,0.6686,1.30,0.85
2008.10.22 22:53:07.216,0.66825,0.6687,1.10,1.20
2008.10.22 22:53:07.546,0.6681,0.6689,0.67,1.00
2008.10.22 22:53:10.795,0.6683,0.66885,1.00,0.84
2008.10.22 22:53:18.723,0.6683,0.6687,0.72,0.54
2008.10.22 22:53:20.503,0.6683,0.66865,0.75,0.72
2008.10.22 22:53:20.793,0.6682,0.66865,0.92,0.72
2008.10.22 22:53:20.963,0.6681,0.66865,0.97,2.10
2008.10.22 22:53:28.001,0.6681,0.66865,0.61,2.10
2008.10.22 22:53:28.171,0.6681,0.66845,1.40,0.48
2008.10.22 22:53:31.270,0.668,0.66835,1.70,1.80
2008.10.22 22:53:35.289,0.6679,0.6683,1.40,1.80
2008.10.22 22:53:35.409,0.6678,0.6683,0.80,0.75
2008.10.22 22:53:36.419,0.6678,0.66825,1.40,1.10
2008.10.22 22:53:36.469,0.6678,0.66815,1.10,1.00
2008.10.22 22:53:38.988,0.6677,0.66805,2.10,0.42
2008.10.22 22:53:39.208,0.6676,0.66805,0.32,0.44
2008.10.22 22:53:43.437,0.6678,0.66805,1.60,0.78
2008.10.22 22:53:43.657,0.6678,0.6684,1.10,1.50
2008.10.22 22:53:43.937,0.66765,0.6684,0.35,0.71
2008.10.22 22:53:44.327,0.6678,0.6684,0.58,1.40
2008.10.22 22:53:46.107,0.668,0.66835,1.20,0.54
2008.10.22 22:53:55.334,0.6681,0.66835,1.40,1.80
2008.10.22 22:53:55.564,0.6681,0.6685,1.00,2.30
2008.10.22 22:53:57.784,0.66795,0.6685,1.20,1.60
2008.10.22 22:54:18.199,0.668,0.6684,0.82,0.24
2008.10.22 22:54:31.725,0.668,0.6682,1.90,0.89
2008.10.22 22:54:31.905,0.668,0.6682,0.58,2.20
2008.10.22 22:54:38.054,0.668,0.6682,1.10,0.41
2008.10.22 22:54:38.174,0.668,0.66825,1.70,2.30
2008.10.22 22:54:39.963,0.668,0.6683,0.52,0.98
2008.10.22 22:54:57.379,0.668,0.6683,0.80,0.95
2008.10.22 22:54:57.549,0.668,0.6683,0.27,0.59
2008.10.22 22:55:01.558,0.66795,0.6683,1.80,1.10
2008.10.22 22:55:01.798,0.66795,0.66825,1.10,1.20
2008.10.22 22:55:02.748,0.66785,0.6683,0.99,0.99
2008.10.22 22:55:17.974,0.6678,0.6683,3.00,2.20
2008.10.22 22:55:27.052,0.66772,0.66832,0.74,1.20
2008.10.22 22:55:27.462,0.66755,0.66815,2.20,1.60
2008.10.22 22:55:28.962,0.66763,0.66808,1.20,0.91
2008.10.22 22:55:38.259,0.66758,0.66813,0.93,0.57
2008.10.22 22:55:38.439,0.66758,0.66813,1.20,1.30
2008.10.22 22:55:50.166,0.6676,0.6681,1.00,2.60
2008.10.22 22:55:53.536,0.66761,0.66811,0.66,0.56
2008.10.22 22:55:55.455,0.66769,0.66804,0.35,1.40
2008.10.22 22:55:55.565,0.66763,0.66808,0.86,0.30
2008.10.22 22:55:55.725,0.6676,0.6682,0.92,0.97
2008.10.22 22:56:10.602,0.66768,0.66817,1.50,0.54
2008.10.22 22:56:10.721,0.6677,0.6682,0.45,1.60
2008.10.22 22:56:16.400,0.66775,0.6682,0.17,0.87
2008.10.22 22:56:16.620,0.6678,0.6682,1.10,1.40
2008.10.22 22:56:19.060,0.66778,0.66827,4.80,1.20
2008.10.22 22:56:19.569,0.66775,0.66835,1.70,1.70
2008.10.22 22:56:19.679,0.66778,0.66838,1.60,3.40
2008.10.22 22:56:20.189,0.66781,0.66841,1.40,1.20
2008.10.22 22:56:20.309,0.668,0.66855,0.79,1.00
2008.10.22 22:56:20.539,0.668,0.6685,1.10,0.82
2008.10.22 22:56:53.171,0.668,0.66855,1.70,0.94
2008.10.22 22:57:48.118,0.668,0.6684,0.98,0.34
2008.10.22 22:57:55.356,0.668,0.66835,2.40,1.10
2008.10.22 22:57:55.467,0.668,0.6683,1.50,0.32
2008.10.22 22:58:24.389,0.668,0.66825,0.63,0.50
2008.10.22 22:58:29.978,0.668,0.6682,0.47,1.40
2008.10.22 22:58:42.495,0.668,0.6682,1.00,0.54
2008.10.22 22:58:44.625,0.668,0.6682,0.83,1.60
2008.10.22 22:58:47.334,0.668,0.6682,0.62,0.47
2008.10.22 22:58:51.273,0.668,0.6682,0.21,0.84
2008.10.22 22:58:51.383,0.668,0.6682,2.20,1.00
2008.10.22 22:58:52.982,0.668,0.6682,1.30,1.60
2008.10.22 22:58:53.102,0.66773,0.66843,1.80,1.20
2008.10.22 22:58:53.212,0.66765,0.66845,3.70,1.00
2008.10.22 22:58:53.322,0.66762,0.66842,0.62,1.10
2008.10.22 22:58:53.382,0.66757,0.66842,2.40,0.42
2008.10.22 22:58:53.612,0.66754,0.66839,1.40,0.82
2008.10.22 22:58:55.462,0.66756,0.66831,0.75,3.10
2008.10.22 22:59:00.351,0.66761,0.66821,1.00,2.80
2008.10.22 22:59:00.710,0.66763,0.66814,1.40,1.10
2008.10.22 22:59:00.951,0.66745,0.668,2.00,0.45
2008.10.22 22:59:06.759,0.6674,0.668,0.60,0.59
2008.10.22 22:59:08.089,0.6674,0.668,0.71,2.00
2008.10.22 22:59:08.259,0.6674,0.66795,1.00,2.20
2008.10.22 22:59:11.248,0.66745,0.66795,2.80,1.20
2008.10.22 22:59:14.717,0.66735,0.6679,0.96,1.30
2008.10.22 22:59:15.477,0.6673,0.6679,1.10,1.30
2008.10.22 22:59:17.417,0.66745,0.6679,0.45,1.10
2008.10.22 22:59:21.206,0.6675,0.6679,0.83,0.83
2008.10.22 22:59:24.875,0.66745,0.6679,2.60,1.40
2008.10.22 22:59:25.105,0.6675,0.6679,3.00,1.10
2008.10.22 22:59:32.303,0.6673,0.6679,1.40,1.40
2008.10.22 22:59:32.413,0.6673,0.6679,1.10,0.59
2008.10.22 22:59:36.932,0.6673,0.66785,4.90,2.20
2008.10.22 22:59:41.191,0.66718,0.66803,3.20,0.50
2008.10.22 22:59:42.580,0.6674,0.66805,2.40,1.30
2008.10.22 22:59:42.870,0.66735,0.6679,0.50,1.90
2008.10.22 22:59:43.160,0.6673,0.6679,0.54,0.98
2008.10.22 22:59:46.239,0.6673,0.66785,0.72,1.30
2008.10.22 22:59:50.849,0.66715,0.6677,1.30,1.20
2008.10.22 22:59:51.208,0.66715,0.6677,0.51,1.20
2008.10.22 22:59:52.608,0.6671,0.6677,1.50,0.83
2008.10.22 22:59:52.838,0.6671,0.6677,1.10,3.00
2008.10.22 22:59:58.217,0.6671,0.6677,3.10,0.37
2008.10.22 22:59:58.786,0.6673,0.6677,0.89,0.60
